Workbook

Sheet 29.07 Kisaasi-Ntinda
B1: Consultancy services for Preparation of Expressway Development Master Plan (EDMP) for Uganda
B2: MANUAL CLASSIFIED COUNT (MCC)
B3: ROAD NAME: | C3: MCC - C1 - STN33 - NTINDA ROAD
C5: Date | D5: 29.07.19 | F5: Location | G5: Ndere Center | J5: Surveyor | K5: Omaset Jerome& Jonathan
C6: Dir. From | D6: Kisaasi | F6: Dir. To | G6: Ntinda | J6: Supervisor | K6: Steven
B8: Time / Veh Type | R8: SUMMARY TRAFFIC VOLUMES
C9: 1. Car | D9: 2. Station Wagon | E9: 3. Pickups | F9: 4. Minibus, matatu | G9: 5. Medium bus | H9: 6. Large Bus | I9: 7. Light Truck | J9: 8. Medium Truck | K9: 9. Heavy truck | L9: 10. Truck Trailer | M9: 11. Motor cycles | N9: 12. Tractors | O9: Total Excl M/Cycles | P9: Total All | R9: Time | S9: 1. Car | T9: 2. Station Wagon | U9: 3. Pickups | V9: 4. Minibus, matatu | W9: 5. Medium bus | X9: 6. Large Bus | Y9: 7. Light Truck | Z9: 8. Medium Truck | AA9: 9. Heavy truck | AB9: 10. Truck Trailer | AC9: 11. Motorcycles | AD9: 12. Tractors, Graders | AE9: Total Excl M/ Cycles | AF9: Total All
B10: 07.00 - 07.15 | C10: 140 | D10: 80 | E10: 16 | F10: 26 | G10: 0 | H10: 0 | I10: 2 | J10: 1 | K10: 0 | L10: 2 | M10: 100 | N10: 0 | O10: =SUM(C10:L10,N10) -> 267 | P10: =SUM(C10:N10) -> 367 | R10: 0700-0800 | S10: =SUM(C10:C13) -> 580 | T10: =SUM(D10:D13) -> 248 | U10: =SUM(E10:E13) -> 48 | V10: =SUM(F10:F13) -> 83 | W10: =SUM(G10:G13) -> 0 | X10: =SUM(H10:H13) -> 0 | Y10: =SUM(I10:I13) -> 12 | Z10: =SUM(J10:J13) -> 1 | ... AF10: =SUM(P10:P13) -> 1338
B11: 07.15 - 07.30 | C11: 145 | D11: 60 | E11: 7 | F11: 23 | G11: 0 | H11: 0 | I11: 4 | J11: 0 | K11: 0 | L11: 0 | M11: 95 | N11: 0 | O11: =SUM(C11:L11,N11) -> 239 | P11: =SUM(C11:N11) -> 334 | R11: 0800-0900 | S11: =SUM(C14:C17) -> 273 | T11: =SUM(D14:D17) -> 163 | U11: =SUM(E14:E17) -> 40 | V11: =SUM(F14:F17) -> 60 | W11: =SUM(G14:G17) -> 3 | X11: =SUM(H14:H17) -> 0 | Y11: =SUM(I14:I17) -> 10 | Z11: =SUM(J14:J17) -> 4 | ... AF11: =SUM(P14:P17) -> 1409
B12: 07.30 - 07.45 | C12: 160 | D12: 60 | E12: 7 | F12: 23 | G12: 0 | H12: 0 | I12: 4 | J12: 0 | K12: 0 | L12: 0 | M12: 105 | N12: 0 | O12: =SUM(C12:L12,N12) -> 254 | P12: =SUM(C12:N12) -> 359 | R12: 0900-1000 | S12: =SUM(C18:C21) -> 211 | T12: =SUM(D18:D21) -> 112 | U12: =SUM(E18:E21) -> 34 | V12: =SUM(F18:F21) -> 46 | W12: =SUM(G18:G21) -> 0 | X12: =SUM(H18:H21) -> 0 | Y12: =SUM(I18:I21) -> 9 | Z12: =SUM(J18:J21) -> 2 | ... AF12: =SUM(P18:P21) -> 1035
B13: 07.45 - 08.00 | C13: 135 | D13: 48 | E13: 18 | F13: 11 | G13: 0 | H13: 0 | I13: 2 | J13: 0 | K13: 0 | L13: 0 | M13: 64 | N13: 0 | O13: =SUM(C13:L13,N13) -> 214 | P13: =SUM(C13:N13) -> 278 | R13: 1000-1100 | S13: =SUM(C22:C25) -> 192 | T13: =SUM(D22:D25) -> 74 | U13: =SUM(E22:E25) -> 26 | V13: =SUM(F22:F25) -> 40 | W13: =SUM(G22:G25) -> 0 | X13: =SUM(H22:H25) -> 0 | Y13: =SUM(I22:I25) -> 11 | Z13: =SUM(J22:J25) -> 7 | ... AF13: =SUM(P22:P25) -> 665
B14: 08.00 - 08.15 | C14: 80 | D14: 52 | E14: 10 | F14: 19 | G14: 1 | H14: 0 | I14: 3 | J14: 2 | K14: 1 | L14: 2 | M14: 185 | N14: 0 | O14: =SUM(C14:L14,N14) -> 170 | P14: =SUM(C14:N14) -> 355 | R14: 1100-1200 | S14: =SUM(C26:C29) -> 170 | T14: =SUM(D26:D29) -> 78 | U14: =SUM(E26:E29) -> 16 | V14: =SUM(F26:F29) -> 35 | W14: =SUM(G26:G29) -> 0 | X14: =SUM(H26:H29) -> 0 | Y14: =SUM(I26:I29) -> 8 | Z14: =SUM(J26:J29) -> 8 | ... AF14: =SUM(P26:P29) -> 773
B15: 08.15 - 08.30 | C15: 81 | D15: 49 | E15: 10 | F15: 15 | G15: 2 | H15: 0 | I15: 1 | J15: 1 | K15: 0 | L15: 0 | M15: 220 | N15: 0 | O15: =SUM(C15:L15,N15) -> 159 | P15: =SUM(C15:N15) -> 379 | R15: 1200-1300 | S15: =SUM(C30:C33) -> 169 | T15: =SUM(D30:D33) -> 65 | U15: =SUM(E30:E33) -> 19 | V15: =SUM(F30:F33) -> 30 | W15: =SUM(G30:G33) -> 0 | X15: =SUM(H30:H33) -> 0 | Y15: =SUM(I30:I33) -> 13 | Z15: =SUM(J30:J33) -> 8 | ... AF15: =SUM(P30:P33) -> 687
B16: 08.30 - 08.45 | C16: 60 | D16: 31 | E16: 13 | F16: 12 | G16: 0 | H16: 0 | I16: 3 | J16: 0 | K16: 0 | L16: 0 | M16: 255 | N16: 0 | O16: =SUM(C16:L16,N16) -> 119 | P16: =SUM(C16:N16) -> 374 | R16: 1300-1400 | S16: =SUM(C34:C37) -> 96 | T16: =SUM(D34:D37) -> 43 | U16: =SUM(E34:E37) -> 25 | V16: =SUM(F34:F37) -> 29 | W16: =SUM(G34:G37) -> 0 | X16: =SUM(H34:H37) -> 0 | Y16: =SUM(I34:I37) -> 10 | Z16: =SUM(J34:J37) -> 10 | ... AF16: =SUM(P34:P37) -> 562
B17: 08.45 - 9.00 | C17: 52 | D17: 31 | E17: 7 | F17: 14 | G17: 0 | H17: 0 | I17: 3 | J17: 1 | K17: 0 | L17: 2 | M17: 191 | N17: 0 | O17: =SUM(C17:L17,N17) -> 110 | P17: =SUM(C17:N17) -> 301 | R17: 1400-1500 | S17: =SUM(C38:C41) -> 149 | T17: =SUM(D38:D41) -> 65 | U17: =SUM(E38:E41) -> 27 | V17: =SUM(F38:F41) -> 38 | W17: =SUM(G38:G41) -> 1 | X17: =SUM(H38:H41) -> 0 | Y17: =SUM(I38:I41) -> 13 | Z17: =SUM(J38:J41) -> 12 | ... AF17: =SUM(P38:P41) -> 664
B18: 09.00 - 09.15 | C18: 52 | D18: 32 | E18: 7 | F18: 11 | G18: 0 | H18: 0 | I18: 4 | J18: 0 | K18: 0 | L18: 3 | M18: 182 | N18: 0 | O18: =SUM(C18:L18,N18) -> 109 | P18: =SUM(C18:N18) -> 291 | R18: 1500-1600 | S18: =SUM(C42:C45) -> 169 | T18: =SUM(D42:D45) -> 61 | U18: =SUM(E42:E45) -> 18 | V18: =SUM(F42:F45) -> 30 | W18: =SUM(G42:G45) -> 1 | X18: =SUM(H42:H45) -> 0 | Y18: =SUM(I42:I45) -> 11 | Z18: =SUM(J42:J45) -> 8 | ... AF18: =SUM(P42:P45) -> 683
B19: 09.15 - 09.30 | C19: 57 | D19: 33 | E19: 12 | F19: 12 | G19: 0 | H19: 0 | I19: 3 | J19: 1 | K19: 0 | L19: 0 | M19: 148 | N19: 0 | O19: =SUM(C19:L19,N19) -> 118 | P19: =SUM(C19:N19) -> 266 | R19: 1600-1700 | S19: =SUM(C46:C49) -> 196 | T19: =SUM(D46:D49) -> 86 | U19: =SUM(E46:E49) -> 17 | V19: =SUM(F46:F49) -> 36 | W19: =SUM(G46:G49) -> 0 | X19: =SUM(H46:H49) -> 0 | Y19: =SUM(I46:I49) -> 8 | Z19: =SUM(J46:J49) -> 5 | ... AF19: =SUM(P46:P49) -> 762
B20: 09.30 - 09.45 | C20: 48 | D20: 24 | E20: 6 | F20: 10 | G20: 0 | H20: 0 | I20: 1 | J20: 0 | K20: 0 | L20: 1 | M20: 154 | N20: 0 | O20: =SUM(C20:L20,N20) -> 90 | P20: =SUM(C20:N20) -> 244 | R20: 1700-1800 | S20: =SUM(C50:C53) -> 199 | T20: =SUM(D50:D53) -> 69 | U20: =SUM(E50:E53) -> 12 | V20: =SUM(F50:F53) -> 37 | W20: =SUM(G50:G53) -> 1 | X20: =SUM(H50:H53) -> 0 | Y20: =SUM(I50:I53) -> 6 | Z20: =SUM(J50:J53) -> 4 | ... AF20: =SUM(P50:P53) -> 706
B21: 09.45 - 10.00 | C21: 54 | D21: 23 | E21: 9 | F21: 13 | G21: 0 | H21: 0 | I21: 1 | J21: 1 | K21: 0 | L21: 0 | M21: 133 | N21: 0 | O21: =SUM(C21:L21,N21) -> 101 | P21: =SUM(C21:N21) -> 234 | R21: 1800-1900 | S21: =SUM(C54:C57) -> 130 | T21: =SUM(D54:D57) -> 67 | U21: =SUM(E54:E57) -> 17 | V21: =SUM(F54:F57) -> 40 | W21: =SUM(G54:G57) -> 1 | X21: =SUM(H54:H57) -> 0 | Y21: =SUM(I54:I57) -> 4 | Z21: =SUM(J54:J57) -> 2 | ... AF21: =SUM(P54:P57) -> 642
B22: 10.00 - 10.15 | C22: 46 | D22: 11 | E22: 5 | F22: 11 | G22: 0 | H22: 0 | I22: 1 | J22: 2 | K22: 2 | L22: 2 | M22: 45 | N22: 0 | O22: =SUM(C22:L22,N22) -> 80 | P22: =SUM(C22:N22) -> 125 | R22: AM Peak Hr | S22: =MAX(S10:S12) -> 580 | T22: =MAX(T10:T12) -> 248 | U22: =MAX(U10:U12) -> 48 | V22: =MAX(V10:V12) -> 83 | W22: =MAX(W10:W12) -> 3 | X22: =MAX(X10:X12) -> 0 | Y22: =MAX(Y10:Y12) -> 12 | Z22: =MAX(Z10:Z12) -> 4 | ... AF22: =MAX(AF10:AF12) -> 1409
B23: 10.15 - 10.30 | C23: 37 | D23: 20 | E23: 9 | F23: 8 | G23: 0 | H23: 0 | I23: 4 | J23: 2 | K23: 0 | L23: 1 | M23: 110 | N23: 0 | O23: =SUM(C23:L23,N23) -> 81 | P23: =SUM(C23:N23) -> 191 | R23: IP Peak Hr | S23: =MAX(S13:S18) -> 192 | T23: =MAX(T13:T18) -> 78 | U23: =MAX(U13:U18) -> 27 | V23: =MAX(V13:V18) -> 40 | W23: =MAX(W13:W18) -> 1 | X23: =MAX(X13:X18) -> 0 | Y23: =MAX(Y13:Y18) -> 13 | Z23: =MAX(Z13:Z18) -> 12 | ... AF23: =MAX(AF13:AF18) -> 773
B24: 10.30 - 10.45 | C24: 65 | D24: 25 | E24: 7 | F24: 11 | G24: 0 | H24: 0 | I24: 3 | J24: 2 | K24: 0 | L24: 1 | M24: 82 | N24: 0 | O24: =SUM(C24:L24,N24) -> 114 | P24: =SUM(C24:N24) -> 196 | R24: PM Peak Hr | S24: =MAX(S19:S21) -> 199 | T24: =MAX(T19:T21) -> 86 | U24: =MAX(U19:U21) -> 17 | V24: =MAX(V19:V21) -> 40 | W24: =MAX(W19:W21) -> 1 | X24: =MAX(X19:X21) -> 0 | Y24: =MAX(Y19:Y21) -> 8 | Z24: =MAX(Z19:Z21) -> 5 | ... AF24: =MAX(AF19:AF21) -> 762
B25: 10.45 - 11.00 | C25: 44 | D25: 18 | E25: 5 | F25: 10 | G25: 0 | H25: 0 | I25: 3 | J25: 1 | K25: 1 | L25: 0 | M25: 71 | N25: 0 | O25: =SUM(C25:L25,N25) -> 82 | P25: =SUM(C25:N25) -> 153 | R25: AM Period | S25: =SUM(S10:S12) -> 1064 | T25: =SUM(T10:T12) -> 523 | U25: =SUM(U10:U12) -> 122 | V25: =SUM(V10:V12) -> 189 | W25: =SUM(W10:W12) -> 3 | X25: =SUM(X10:X12) -> 0 | Y25: =SUM(Y10:Y12) -> 31 | Z25: =SUM(Z10:Z12) -> 7 | ... AF25: =SUM(AF10:AF12) -> 3782
B26: 11.00 - 11.15 | C26: 38 | D26: 20 | E26: 5 | F26: 9 | G26: 0 | H26: 0 | I26: 1 | J26: 0 | K26: 0 | L26: 0 | M26: 121 | N26: 0 | O26: =SUM(C26:L26,N26) -> 73 | P26: =SUM(C26:N26) -> 194 | R26: IP Period | S26: =SUM(S13:S18) -> 945 | T26: =SUM(T13:T18) -> 386 | U26: =SUM(U13:U18) -> 131 | V26: =SUM(V13:V18) -> 202 | W26: =SUM(W13:W18) -> 2 | X26: =SUM(X13:X18) -> 0 | Y26: =SUM(Y13:Y18) -> 66 | Z26: =SUM(Z13:Z18) -> 53 | ... AF26: =SUM(AF13:AF18) -> 4034
B27: 11.15 - 11.30 | C27: 60 | D27: 22 | E27: 3 | F27: 6 | G27: 0 | H27: 0 | I27: 1 | J27: 1 | K27: 1 | L27: 0 | M27: 113 | N27: 0 | O27: =SUM(C27:L27,N27) -> 94 | P27: =SUM(C27:N27) -> 207 | R27: PM Period | S27: =SUM(S19:S21) -> 525 | T27: =SUM(T19:T21) -> 222 | U27: =SUM(U19:U21) -> 46 | V27: =SUM(V19:V21) -> 113 | W27: =SUM(W19:W21) -> 2 | X27: =SUM(X19:X21) -> 0 | Y27: =SUM(Y19:Y21) -> 18 | Z27: =SUM(Z19:Z21) -> 11 | ... AF27: =SUM(AF19:AF21) -> 2110
B28: 11.30 - 11.45 | C28: 34 | D28: 15 | E28: 5 | F28: 10 | G28: 0 | H28: 0 | I28: 1 | J28: 1 | K28: 0 | L28: 0 | M28: 111 | N28: 0 | O28: =SUM(C28:L28,N28) -> 66 | P28: =SUM(C28:N28) -> 177 | R28: 12 Hours | S28: =SUM(S10:S21) -> 2534 | T28: =SUM(T10:T21) -> 1131 | U28: =SUM(U10:U21) -> 299 | V28: =SUM(V10:V21) -> 504 | W28: =SUM(W10:W21) -> 7 | X28: =SUM(X10:X21) -> 0 | Y28: =SUM(Y10:Y21) -> 115 | Z28: =SUM(Z10:Z21) -> 71 | ... AF28: =SUM(AF10:AF21) -> 9926
B29: 11.45 - 12.00 | C29: 38 | D29: 21 | E29: 3 | F29: 10 | G29: 0 | H29: 0 | I29: 5 | J29: 6 | K29: 0 | L29: 1 | M29: 111 | N29: 0 | O29: =SUM(C29:L29,N29) -> 84 | P29: =SUM(C29:N29) -> 195
B30: 12.00 - 12.15 | C30: 39 | D30: 21 | E30: 7 | F30: 8 | G30: 0 | H30: 0 | I30: 0 | J30: 0 | K30: 1 | L30: 2 | M30: 85 | N30: 0 | O30: =SUM(C30:L30,N30) -> 78 | P30: =SUM(C30:N30) -> 163
B31: 12.15 - 12.30 | C31: 33 | D31: 20 | E31: 5 | F31: 5 | G31: 0 | H31: 0 | I31: 3 | J31: 2 | K31: 0 | L31: 4 | M31: 60 | N31: 0 | O31: =SUM(C31:L31,N31) -> 72 | P31: =SUM(C31:N31) -> 132
B32: 12.30 - 12.45 | C32: 52 | D32: 12 | E32: 2 | F32: 7 | G32: 0 | H32: 0 | I32: 8 | J32: 5 | K32: 1 | L32: 2 | M32: 106 | N32: 0 | O32: =SUM(C32:L32,N32) -> 89 | P32: =SUM(C32:N32) -> 195
B33: 12.45 - 13.00 | C33: 45 | D33: 12 | E33: 5 | F33: 10 | G33: 0 | H33: 0 | I33: 2 | J33: 1 | K33: 2 | L33: 5 | M33: 115 | N33: 0 | O33: =SUM(C33:L33,N33) -> 82 | P33: =SUM(C33:N33) -> 197
B34: 13.00 - 13.15 | C34: 22 | D34: 8 | E34: 3 | F34: 3 | G34: 0 | H34: 0 | I34: 1 | J34: 0 | K34: 1 | L34: 1 | M34: 86 | N34: 0 | O34: =SUM(C34:L34,N34) -> 39 | P34: =SUM(C34:N34) -> 125
B35: 13.15 - 13.30 | C35: 28 | D35: 13 | E35: 9 | F35: 8 | G35: 0 | H35: 0 | I35: 3 | J35: 5 | K35: 1 | L35: 0 | M35: 90 | N35: 0 | O35: =SUM(C35:L35,N35) -> 67 | P35: =SUM(C35:N35) -> 157
B36: 13.30 - 13.45 | C36: 26 | D36: 11 | E36: 4 | F36: 8 | G36: 0 | H36: 0 | I36: 3 | J36: 2 | K36: 0 | L36: 1 | M36: 84 | N36: 0 | O36: =SUM(C36:L36,N36) -> 55 | P36: =SUM(C36:N36) -> 139
B37: 13.45 - 14.00 | C37: 20 | D37: 11 | E37: 9 | F37: 10 | G37: 0 | H37: 0 | I37: 3 | J37: 3 | K37: 1 | L37: 1 | M37: 83 | N37: 0 | O37: =SUM(C37:L37,N37) -> 58 | P37: =SUM(C37:N37) -> 141
B38: 14.00 - 14.15 | C38: 33 | D38: 17 | E38: 13 | F38: 10 | G38: 0 | H38: 0 | I38: 5 | J38: 4 | K38: 0 | L38: 2 | M38: 75 | N38: 0 | O38: =SUM(C38:L38,N38) -> 84 | P38: =SUM(C38:N38) -> 159
B39: 14.15 - 14.30 | C39: 46 | D39: 19 | E39: 5 | F39: 11 | G39: 1 | H39: 0 | I39: 1 | J39: 1 | K39: 2 | L39: 4 | M39: 65 | N39: 0 | O39: =SUM(C39:L39,N39) -> 90 | P39: =SUM(C39:N39) -> 155
B40: 14.30 - 14.45 | C40: 33 | D40: 15 | E40: 5 | F40: 8 | G40: 0 | H40: 0 | I40: 5 | J40: 5 | K40: 0 | L40: 0 | M40: 98 | N40: 0 | O40: =SUM(C40:L40,N40) -> 71 | P40: =SUM(C40:N40) -> 169
... B57: 18.45 - 19.00 | C57: 21 | D57: 20 | E57: 2 | F57: 10 | G57: 1 | H57: 0 | I57: 0 | J57: 0 | K57: 0 | L57: 0 | M57: 0 | N57: 0 | O57: =SUM(C57:L57,N57) -> 54 | P57: =SUM(C57:N57) -> 54
B58: Totals | C58: =SUM(C10:C57) -> 2534 | D58: =SUM(D10:D57) -> 1131 | E58: =SUM(E10:E57) -> 299 | F58: =SUM(F10:F57) -> 504 | G58: =SUM(G10:G57) -> 7 | H58: =SUM(H10:H57) -> 0 | I58: =SUM(I10:I57) -> 115 | J58: =SUM(J10:J57) -> 71 | ... P58: =SUM(P10:P57) -> 9926
B59: %ges + MCs | C59: =C58/$P$58 -> 0.25528914 | D59: =D58/$P$58 -> 0.11394318 | E59: =E58/$P$58 -> 0.03012291 | F59: =F58/$P$58 -> 0.05077574 | G59: =G58/$P$58 -> 0.00070521862 | H59: =H58/$P$58 -> 0 | I59: =I58/$P$58 -> 0.011585734 | J59: =J58/$P$58 -> 0.0071529317 | ... N59: =N58/$P$58 -> 0
B60: %ges w/o MCs | C60: =C58/$O$58 -> 0.53302482 | D60: =D58/$O$58 -> 0.23790492 | E60: =E58/$O$58 -> 0.062894405 | F60: =F58/$O$58 -> 0.10601599 | G60: =G58/$O$58 -> 0.0014724443 | H60: =H58/$O$58 -> 0 | I60: =I58/$O$58 -> 0.024190156 | J60: =J58/$O$58 -> 0.014934792 | ... L60: =L58/$O$58 -> 0.013041649 | N60: =N58/$O$58 -> 0

Sheet 29.07 Ntinda-Kisaasi
B1: Consultancy services for Preparation of Expressway Development Master Plan (EDMP) for Uganda
B2: MANUAL CLASSIFIED COUNT (MCC)
B3: ROAD NAME: | C3: ='29.07 Kisaasi-Ntinda'!C3:G3 -> MCC - C1 - STN33 - NTINDA ROAD
C5: Date | D5: ='29.07 Kisaasi-Ntinda'!D5 -> 29.07.19 | F5: Location | G5: ='29.07 Kisaasi-Ntinda'!G5:H5 -> Ndere Center | J5: Surveyor | K5: Okello Peter
C6: Dir. From | D6: Ntinda | F6: Dir. To | G6: Kisaasi | J6: Supervisor | K6: ='29.07 Kisaasi-Ntinda'!K6:L6 -> Steven
B8: Time / Veh Type | R8: SUMMARY TRAFFIC VOLUMES
C9: 1. Car | D9: 2. Station Wagon | E9: 3. Pickups | F9: 4. Minibus, matatu | G9: 5. Medium bus | H9: 6. Large Bus | I9: 7. Light Truck | J9: 8. Medium Truck | K9: 9. Heavy truck | L9: 10. Truck Trailer | M9: 11. Motor cycles | N9: 12. Tractors | O9: Total Excl M/Cycles | P9: Total All | R9: Time | S9: 1. Car | T9: 2. Station Wagon | U9: 3. Pickups | V9: 4. Minibus, matatu | W9: 5. Medium bus | X9: 6. Large Bus | Y9: 7. Light Truck | Z9: 8. Medium Truck | AA9: 9. Heavy truck | AB9: 10. Truck Trailer | AC9: 11. Motorcycles | AD9: 12. Tractors, Graders | AE9: Total Excl M/ Cycles | AF9: Total All
B10: 07.00 - 07.15 | C10: 68 | D10: 31 | E10: 9 | F10: 24 | G10: 0 | H10: 0 | I10: 2 | J10: 0 | K10: 2 | L10: 0 | M10: 96 | N10: 0 | O10: =SUM(C10:L10,N10) -> 136 | P10: =SUM(C10:N10) -> 232 | R10: 0700-0800 | S10: =SUM(C10:C13) -> 172 | T10: =SUM(D10:D13) -> 75 | U10: =SUM(E10:E13) -> 25 | V10: =SUM(F10:F13) -> 91 | W10: =SUM(G10:G13) -> 1 | X10: =SUM(H10:H13) -> 0 | Y10: =SUM(I10:I13) -> 8 | Z10: =SUM(J10:J13) -> 2 | ... AF10: =SUM(P10:P13) -> 744
B11: 07.15 - 07.30 | C11: 45 | D11: 17 | E11: 7 | F11: 26 | G11: 1 | H11: 0 | I11: 4 | J11: 0 | K11: 4 | L11: 0 | M11: 71 | N11: 0 | O11: =SUM(C11:L11,N11) -> 104 | P11: =SUM(C11:N11) -> 175 | R11: 0800-0900 | S11: =SUM(C14:C17) -> 103 | T11: =SUM(D14:D17) -> 58 | U11: =SUM(E14:E17) -> 8 | V11: =SUM(F14:F17) -> 135 | W11: =SUM(G14:G17) -> 0 | X11: =SUM(H14:H17) -> 0 | Y11: =SUM(I14:I17) -> 7 | Z11: =SUM(J14:J17) -> 5 | ... AF11: =SUM(P14:P17) -> 931
B12: 07.30 - 07.45 | C12: 26 | D12: 12 | E12: 4 | F12: 19 | G12: 0 | H12: 0 | I12: 2 | J12: 0 | K12: 0 | L12: 0 | M12: 74 | N12: 0 | O12: =SUM(C12:L12,N12) -> 63 | P12: =SUM(C12:N12) -> 137 | R12: 0900-1000 | S12: =SUM(C18:C21) -> 135 | T12: =SUM(D18:D21) -> 53 | U12: =SUM(E18:E21) -> 27 | V12: =SUM(F18:F21) -> 102 | W12: =SUM(G18:G21) -> 0 | X12: =SUM(H18:H21) -> 5 | Y12: =SUM(I18:I21) -> 16 | Z12: =SUM(J18:J21) -> 6 | ... AF12: =SUM(P18:P21) -> 910
B13: 07.45 - 08.00 | C13: 33 | D13: 15 | E13: 5 | F13: 22 | G13: 0 | H13: 0 | I13: 0 | J13: 2 | K13: 4 | L13: 1 | M13: 118 | N13: 0 | O13: =SUM(C13:L13,N13) -> 82 | P13: =SUM(C13:N13) -> 200 | R13: 1000-1100 | S13: =SUM(C22:C25) -> 109 | T13: =SUM(D22:D25) -> 61 | U13: =SUM(E22:E25) -> 32 | V13: =SUM(F22:F25) -> 94 | W13: =SUM(G22:G25) -> 0 | X13: =SUM(H22:H25) -> 0 | Y13: =SUM(I22:I25) -> 18 | Z13: =SUM(J22:J25) -> 6 | ... AF13: =SUM(P22:P25) -> 751
B14: 08.00 - 08.15 | C14: 31 | D14: 19 | E14: 2 | F14: 36 | G14: 0 | H14: 0 | I14: 1 | J14: 0 | K14: 1 | L14: 0 | M14: 139 | N14: 0 | O14: =SUM(C14:L14,N14) -> 90 | P14: =SUM(C14:N14) -> 229 | R14: 1100-1200 | S14: =SUM(C26:C29) -> 148 | T14: =SUM(D26:D29) -> 48 | U14: =SUM(E26:E29) -> 21 | V14: =SUM(F26:F29) -> 67 | W14: =SUM(G26:G29) -> 1 | X14: =SUM(H26:H29) -> 0 | Y14: =SUM(I26:I29) -> 27 | Z14: =SUM(J26:J29) -> 12 | ... AF14: =SUM(P26:P29) -> 636
B15: 08.15 - 08.30 | C15: 19 | D15: 9 | E15: 1 | F15: 28 | G15: 0 | H15: 0 | I15: 3 | J15: 3 | K15: 0 | L15: 0 | M15: 158 | N15: 0 | O15: =SUM(C15:L15,N15) -> 63 | P15: =SUM(C15:N15) -> 221 | R15: 1200-1300 | S15: =SUM(C30:C33) -> 155 | T15: =SUM(D30:D33) -> 81 | U15: =SUM(E30:E33) -> 29 | V15: =SUM(F30:F33) -> 57 | W15: =SUM(G30:G33) -> 0 | X15: =SUM(H30:H33) -> 0 | Y15: =SUM(I30:I33) -> 32 | Z15: =SUM(J30:J33) -> 8 | ... AF15: =SUM(P30:P33) -> 666
B16: 08.30 - 08.45 | C16: 25 | D16: 16 | E16: 3 | F16: 45 | G16: 0 | H16: 0 | I16: 1 | J16: 1 | K16: 0 | L16: 0 | M16: 160 | N16: 0 | O16: =SUM(C16:L16,N16) -> 91 | P16: =SUM(C16:N16) -> 251 | R16: 1300-1400 | S16: =SUM(C34:C37) -> 133 | T16: =SUM(D34:D37) -> 75 | U16: =SUM(E34:E37) -> 35 | V16: =SUM(F34:F37) -> 65 | W16: =SUM(G34:G37) -> 0 | X16: =SUM(H34:H37) -> 1 | Y16: =SUM(I34:I37) -> 25 | Z16: =SUM(J34:J37) -> 6 | ... AF16: =SUM(P34:P37) -> 604
B17: 08.45 - 9.00 | C17: 28 | D17: 14 | E17: 2 | F17: 26 | G17: 0 | H17: 0 | I17: 2 | J17: 1 | K17: 0 | L17: 0 | M17: 157 | N17: 0 | O17: =SUM(C17:L17,N17) -> 73 | P17: =SUM(C17:N17) -> 230 | R17: 1400-1500 | S17: =SUM(C38:C41) -> 137 | T17: =SUM(D38:D41) -> 80 | U17: =SUM(E38:E41) -> 28 | V17: =SUM(F38:F41) -> 60 | W17: =SUM(G38:G41) -> 2 | X17: =SUM(H38:H41) -> 0 | Y17: =SUM(I38:I41) -> 19 | Z17: =SUM(J38:J41) -> 14 | ... AF17: =SUM(P38:P41) -> 551
B18: 09.00 - 09.15 | C18: 36 | D18: 16 | E18: 7 | F18: 27 | G18: 0 | H18: 0 | I18: 9 | J18: 3 | K18: 1 | L18: 0 | M18: 146 | N18: 0 | O18: =SUM(C18:L18,N18) -> 99 | P18: =SUM(C18:N18) -> 245 | R18: 1500-1600 | S18: =SUM(C42:C45) -> 154 | T18: =SUM(D42:D45) -> 77 | U18: =SUM(E42:E45) -> 30 | V18: =SUM(F42:F45) -> 51 | W18: =SUM(G42:G45) -> 2 | X18: =SUM(H42:H45) -> 1 | Y18: =SUM(I42:I45) -> 12 | Z18: =SUM(J42:J45) -> 5 | ... AF18: =SUM(P42:P45) -> 508
B19: 09.15 - 09.30 | C19: 28 | D19: 15 | E19: 3 | F19: 28 | G19: 0 | H19: 5 | I19: 1 | J19: 0 | K19: 0 | L19: 1 | M19: 112 | N19: 0 | O19: =SUM(C19:L19,N19) -> 81 | P19: =SUM(C19:N19) -> 193 | R19: 1600-1700 | S19: =SUM(C46:C49) -> 260 | T19: =SUM(D46:D49) -> 128 | U19: =SUM(E46:E49) -> 33 | V19: =SUM(F46:F49) -> 62 | W19: =SUM(G46:G49) -> 2 | X19: =SUM(H46:H49) -> 0 | Y19: =SUM(I46:I49) -> 14 | Z19: =SUM(J46:J49) -> 9 | ... AF19: =SUM(P46:P49) -> 697
B20: 09.30 - 09.45 | C20: 33 | D20: 7 | E20: 11 | F20: 24 | G20: 0 | H20: 0 | I20: 4 | J20: 1 | K20: 0 | L20: 1 | M20: 167 | N20: 0 | O20: =SUM(C20:L20,N20) -> 81 | P20: =SUM(C20:N20) -> 248 | R20: 1700-1800 | S20: =SUM(C50:C53) -> 315 | T20: =SUM(D50:D53) -> 139 | U20: =SUM(E50:E53) -> 36 | V20: =SUM(F50:F53) -> 50 | W20: =SUM(G50:G53) -> 4 | X20: =SUM(H50:H53) -> 0 | Y20: =SUM(I50:I53) -> 23 | Z20: =SUM(J50:J53) -> 3 | ... AF20: =SUM(P50:P53) -> 812
B21: 09.45 - 10.00 | C21: 38 | D21: 15 | E21: 6 | F21: 23 | G21: 0 | H21: 0 | I21: 2 | J21: 2 | K21: 1 | L21: 0 | M21: 137 | N21: 0 | O21: =SUM(C21:L21,N21) -> 87 | P21: =SUM(C21:N21) -> 224 | R21: 1800-1900 | S21: =SUM(C54:C57) -> 245 | T21: =SUM(D54:D57) -> 92 | U21: =SUM(E54:E57) -> 20 | V21: =SUM(F54:F57) -> 50 | W21: =SUM(G54:G57) -> 0 | X21: =SUM(H54:H57) -> 0 | Y21: =SUM(I54:I57) -> 10 | Z21: =SUM(J54:J57) -> 4 | ... AF21: =SUM(P54:P57) -> 706
B22: 10.00 - 10.15 | C22: 33 | D22: 19 | E22: 11 | F22: 24 | G22: 0 | H22: 0 | I22: 5 | J22: 2 | K22: 0 | L22: 1 | M22: 100 | N22: 0 | O22: =SUM(C22:L22,N22) -> 95 | P22: =SUM(C22:N22) -> 195 | R22: AM Peak Hr | S22: =MAX(S10:S12) -> 172 | T22: =MAX(T10:T12) -> 75 | U22: =MAX(U10:U12) -> 27 | V22: =MAX(V10:V12) -> 135 | W22: =MAX(W10:W12) -> 1 | X22: =MAX(X10:X12) -> 5 | Y22: =MAX(Y10:Y12) -> 16 | Z22: =MAX(Z10:Z12) -> 6 | ... AF22: =MAX(AF10:AF12) -> 931
B23: 10.15 - 10.30 | C23: 28 | D23: 12 | E23: 7 | F23: 19 | G23: 0 | H23: 0 | I23: 8 | J23: 2 | K23: 1 | L23: 0 | M23: 105 | N23: 0 | O23: =SUM(C23:L23,N23) -> 77 | P23: =SUM(C23:N23) -> 182 | R23: IP Peak Hr | S23: =MAX(S13:S18) -> 155 | T23: =MAX(T13:T18) -> 81 | U23: =MAX(U13:U18) -> 35 | V23: =MAX(V13:V18) -> 94 | W23: =MAX(W13:W18) -> 2 | X23: =MAX(X13:X18) -> 1 | Y23: =MAX(Y13:Y18) -> 32 | Z23: =MAX(Z13:Z18) -> 14 | ... AF23: =MAX(AF13:AF18) -> 751
B24: 10.30 - 10.45 | C24: 26 | D24: 21 | E24: 8 | F24: 30 | G24: 0 | H24: 0 | I24: 3 | J24: 2 | K24: 0 | L24: 2 | M24: 106 | N24: 0 | O24: =SUM(C24:L24,N24) -> 92 | P24: =SUM(C24:N24) -> 198 | R24: PM Peak Hr | S24: =MAX(S19:S21) -> 315 | T24: =MAX(T19:T21) -> 139 | U24: =MAX(U19:U21) -> 36 | V24: =MAX(V19:V21) -> 62 | W24: =MAX(W19:W21) -> 4 | X24: =MAX(X19:X21) -> 0 | Y24: =MAX(Y19:Y21) -> 23 | Z24: =MAX(Z19:Z21) -> 9 | ... AF24: =MAX(AF19:AF21) -> 812
B25: 10.45 - 11.00 | C25: 22 | D25: 9 | E25: 6 | F25: 21 | G25: 0 | H25: 0 | I25: 2 | J25: 0 | K25: 1 | L25: 0 | M25: 115 | N25: 0 | O25: =SUM(C25:L25,N25) -> 61 | P25: =SUM(C25:N25) -> 176 | R25: AM Period | S25: =SUM(S10:S12) -> 410 | T25: =SUM(T10:T12) -> 186 | U25: =SUM(U10:U12) -> 60 | V25: =SUM(V10:V12) -> 328 | W25: =SUM(W10:W12) -> 1 | X25: =SUM(X10:X12) -> 5 | Y25: =SUM(Y10:Y12) -> 31 | Z25: =SUM(Z10:Z12) -> 13 | ... AF25: =SUM(AF10:AF12) -> 2585
B26: 11.00 - 11.15 | C26: 36 | D26: 9 | E26: 7 | F26: 8 | G26: 0 | H26: 0 | I26: 4 | J26: 3 | K26: 1 | L26: 2 | M26: 79 | N26: 0 | O26: =SUM(C26:L26,N26) -> 70 | P26: =SUM(C26:N26) -> 149 | R26: IP Period | S26: =SUM(S13:S18) -> 836 | T26: =SUM(T13:T18) -> 422 | U26: =SUM(U13:U18) -> 175 | V26: =SUM(V13:V18) -> 394 | W26: =SUM(W13:W18) -> 5 | X26: =SUM(X13:X18) -> 2 | Y26: =SUM(Y13:Y18) -> 133 | Z26: =SUM(Z13:Z18) -> 51 | ... AF26: =SUM(AF13:AF18) -> 3716
B27: 11.15 - 11.30 | C27: 31 | D27: 15 | E27: 3 | F27: 28 | G27: 0 | H27: 0 | I27: 5 | J27: 3 | K27: 0 | L27: 3 | M27: 50 | N27: 0 | O27: =SUM(C27:L27,N27) -> 88 | P27: =SUM(C27:N27) -> 138 | R27: PM Period | S27: =SUM(S19:S21) -> 820 | T27: =SUM(T19:T21) -> 359 | U27: =SUM(U19:U21) -> 89 | V27: =SUM(V19:V21) -> 162 | W27: =SUM(W19:W21) -> 6 | X27: =SUM(X19:X21) -> 0 | Y27: =SUM(Y19:Y21) -> 47 | Z27: =SUM(Z19:Z21) -> 16 | ... AF27: =SUM(AF19:AF21) -> 2215
B28: 11.30 - 11.45 | C28: 34 | D28: 12 | E28: 5 | F28: 17 | G28: 0 | H28: 0 | I28: 11 | J28: 3 | K28: 0 | L28: 5 | M28: 69 | N28: 0 | O28: =SUM(C28:L28,N28) -> 87 | P28: =SUM(C28:N28) -> 156 | R28: 12 Hours | S28: =SUM(S10:S21) -> 2066 | T28: =SUM(T10:T21) -> 967 | U28: =SUM(U10:U21) -> 324 | V28: =SUM(V10:V21) -> 884 | W28: =SUM(W10:W21) -> 12 | X28: =SUM(X10:X21) -> 7 | Y28: =SUM(Y10:Y21) -> 211 | Z28: =SUM(Z10:Z21) -> 80 | ... AF28: =SUM(AF10:AF21) -> 8516
B29: 11.45 - 12.00 | C29: 47 | D29: 12 | E29: 6 | F29: 14 | G29: 1 | H29: 0 | I29: 7 | J29: 3 | K29: 0 | L29: 3 | M29: 100 | N29: 0 | O29: =SUM(C29:L29,N29) -> 93 | P29: =SUM(C29:N29) -> 193
B30: 12.00 - 12.15 | C30: 36 | D30: 19 | E30: 6 | F30: 12 | G30: 0 | H30: 0 | I30: 2 | J30: 0 | K30: 0 | L30: 4 | M30: 80 | N30: 0 | O30: =SUM(C30:L30,N30) -> 79 | P30: =SUM(C30:N30) -> 159
B31: 12.15 - 12.30 | C31: 37 | D31: 20 | E31: 3 | F31: 12 | G31: 0 | H31: 0 | I31: 5 | J31: 5 | K31: 2 | L31: 2 | M31: 45 | N31: 0 | O31: =SUM(C31:L31,N31) -> 86 | P31: =SUM(C31:N31) -> 131
B32: 12.30 - 12.45 | C32: 35 | D32: 18 | E32: 7 | F32: 15 | G32: 0 | H32: 0 | I32: 10 | J32: 3 | K32: 1 | L32: 1 | M32: 83 | N32: 0 | O32: =SUM(C32:L32,N32) -> 90 | P32: =SUM(C32:N32) -> 173
B33: 12.45 - 13.00 | C33: 47 | D33: 24 | E33: 13 | F33: 18 | G33: 0 | H33: 0 | I33: 15 | J33: 0 | K33: 0 | L33: 5 | M33: 81 | N33: 0 | O33: =SUM(C33:L33,N33) -> 122 | P33: =SUM(C33:N33) -> 203
B34: 13.00 - 13.15 | C34: 32 | D34: 13 | E34: 10 | F34: 27 | G34: 0 | H34: 1 | I34: 6 | J34: 1 | K34: 0 | L34: 0 | M34: 53 | N34: 0 | O34: =SUM(C34:L34,N34) -> 90 | P34: =SUM(C34:N34) -> 143
B35: 13.15 - 13.30 | C35: 34 | D35: 19 | E35: 8 | F35: 15 | G35: 0 | H35: 0 | I35: 6 | J35: 2 | K35: 1 | L35: 0 | M35: 67 | N35: 0 | O35: =SUM(C35:L35,N35) -> 85 | P35: =SUM(C35:N35) -> 152
B36: 13.30 - 13.45 | C36: 38 | D36: 17 | E36: 13 | F36: 12 | G36: 0 | H36: 0 | I36: 10 | J36: 0 | K36: 1 | L36: 1 | M36: 66 | N36: 0 | O36: =SUM(C36:L36,N36) -> 92 | P36: =SUM(C36:N36) -> 158
B37: 13.45 - 14.00 | C37: 29 | D37: 26 | E37: 4 | F37: 11 | G37: 0 | H37: 0 | I37: 3 | J37: 3 | K37: 1 | L37: 1 | M37: 73 | N37: 0 | O37: =SUM(C37:L37,N37) -> 78 | P37: =SUM(C37:N37) -> 151
B38: 14.00 - 14.15 | C38: 35 | D38: 20 | E38: 7 | F38: 13 | G38: 1 | H38: 0 | I38: 6 | J38: 4 | K38: 0 | L38: 2 | M38: 40 | N38: 0 | O38: =SUM(C38:L38,N38) -> 88 | P38: =SUM(C38:N38) -> 128
B39: 14.15 - 14.30 | C39: 36 | D39: 20 | E39: 7 | F39: 19 | G39: 1 | H39: 0 | I39: 1 | J39: 4 | K39: 2 | L39: 2 | M39: 64 | N39: 0 | O39: =SUM(C39:L39,N39) -> 92 | P39: =SUM(C39:N39) -> 156
B40: 14.30 - 14.45 | C40: 33 | D40: 15 | E40: 10 | F40: 16 | G40: 0 | H40: 0 | I40: 7 | J40: 0 | K40: 1 | L40: 3 | M40: 35 | N40: 0 | O40: =SUM(C40:L40,N40) -> 85 | P40: =SUM(C40:N40) -> 120
... B57: 18.45 - 19.00 | C57: 71 | D57: 17 | E57: 2 | F57: 11 | G57: 0 | H57: 0 | I57: 2 | J57: 1 | K57: 0 | L57: 9 | M57: 55 | N57: 0 | O57: =SUM(C57:L57,N57) -> 113 | P57: =SUM(C57:N57) -> 168
B58: Totals | C58: =SUM(C10:C57) -> 2066 | D58: =SUM(D10:D57) -> 967 | E58: =SUM(E10:E57) -> 324 | F58: =SUM(F10:F57) -> 884 | G58: =SUM(G10:G57) -> 12 | H58: =SUM(H10:H57) -> 7 | I58: =SUM(I10:I57) -> 211 | J58: =SUM(J10:J57) -> 80 | ... P58: =SUM(P10:P57) -> 8516
B59: %ges + MCs | C59: =C58/$P$58 -> 0.24260216 | D59: =D58/$P$58 -> 0.11355096 | E59: =E58/$P$58 -> 0.038046031 | F59: =F58/$P$58 -> 0.1038046 | G59: =G58/$P$58 -> 0.0014091123 | H59: =H58/$P$58 -> 0.00082198215 | I59: =I58/$P$58 -> 0.024776891 | J59: =J58/$P$58 -> 0.0093940817 | ... N59: =N58/$P$58 -> 0
B60: %ges w/o MCs | C60: =C58/$O$58 -> 0.44088775 | D60: =D58/$O$58 -> 0.20635937 | E60: =E58/$O$58 -> 0.069142125 | F60: =F58/$O$58 -> 0.18864703 | G60: =G58/$O$58 -> 0.0025608195 | H60: =H58/$O$58 -> 0.0014938114 | I60: =I58/$O$58 -> 0.045027742 | J60: =J58/$O$58 -> 0.01707213 | ... L60: =L58/$O$58 -> 0.020699957 | N60: =N58/$O$58 -> 0

Sheet 30.07 Kisaasi-Ntinda
B1: Consultancy services for Preparation of Expressway Development Master Plan (EDMP) for Uganda
B2: MANUAL CLASSIFIED COUNT (MCC)
B3: ROAD NAME: | C3: ='29.07 Kisaasi-Ntinda'!C3:G3 -> MCC - C1 - STN33 - NTINDA ROAD
C5: Date | D5: 30.07.19 | F5: Location | G5: ='29.07 Kisaasi-Ntinda'!G5:H5 -> Ndere Center | J5: Surveyor | K5: Jonathan &Omuset Jerome
C6: Dir. From | D6: ='29.07 Kisaasi-Ntinda'!D6:E6 -> Kisaasi | F6: Dir. To | G6: ='29.07 Kisaasi-Ntinda'!G6:H6 -> Ntinda | J6: Supervisor | K6: ='29.07 Kisaasi-Ntinda'!K6:L6 -> Steven
B8: Time / Veh Type | R8: SUMMARY TRAFFIC VOLUMES
C9: 1. Car | D9: 2. Station Wagon | E9: 3. Pickups | F9: 4. Minibus, matatu | G9: 5. Medium bus | H9: 6. Large Bus | I9: 7. Light Truck | J9: 8. Medium Truck | K9: 9. Heavy truck | L9: 10. Truck Trailer | M9: 11. Motor cycles | N9: 12. Tractors | O9: Total Excl M/Cycles | P9: Total All | R9: Time | S9: 1. Car | T9: 2. Station Wagon | U9: 3. Pickups | V9: 4. Minibus, matatu | W9: 5. Medium bus | X9: 6. Large Bus | Y9: 7. Light Truck | Z9: 8. Medium Truck | AA9: 9. Heavy truck | AB9: 10. Truck Trailer | AC9: 11. Motorcycles | AD9: 12. Tractors, Graders | AE9: Total Excl M/ Cycles | AF9: Total All
B10: 07.00 - 07.15 | C10: 69 | D10: 58 | E10: 5 | F10: 10 | G10: 0 | H10: 0 | I10: 5 | J10: 3 | K10: 4 | L10: 1 | M10: 70 | N10: 0 | O10: =SUM(C10:L10,N10) -> 155 | P10: =SUM(C10:N10) -> 225 | R10: 0700-0800 | S10: =SUM(C10:C13) -> 331 | T10: =SUM(D10:D13) -> 190 | U10: =SUM(E10:E13) -> 41 | V10: =SUM(F10:F13) -> 55 | W10: =SUM(G10:G13) -> 1 | X10: =SUM(H10:H13) -> 0 | Y10: =SUM(I10:I13) -> 19 | Z10: =SUM(J10:J13) -> 5 | ... AF10: =SUM(P10:P13) -> 1235
B11: 07.15 - 07.30 | C11: 90 | D11: 68 | E11: 8 | F11: 24 | G11: 1 | H11: 0 | I11: 3 | J11: 0 | K11: 0 | L11: 1 | M11: 142 | N11: 0 | O11: =SUM(C11:L11,N11) -> 195 | P11: =SUM(C11:N11) -> 337 | R11: 0800-0900 | S11: =SUM(C14:C17) -> 287 | T11: =SUM(D14:D17) -> 157 | U11: =SUM(E14:E17) -> 30 | V11: =SUM(F14:F17) -> 52 | W11: =SUM(G14:G17) -> 3 | X11: =SUM(H14:H17) -> 0 | Y11: =SUM(I14:I17) -> 21 | Z11: =SUM(J14:J17) -> 9 | ... AF11: =SUM(P14:P17) -> 1283
B12: 07.30 - 07.45 | C12: 81 | D12: 30 | E12: 18 | F12: 7 | G12: 0 | H12: 0 | I12: 5 | J12: 1 | K12: 1 | L12: 2 | M12: 170 | N12: 0 | O12: =SUM(C12:L12,N12) -> 145 | P12: =SUM(C12:N12) -> 315 | R12: 0900-1000 | S12: =SUM(C18:C21) -> 227 | T12: =SUM(D18:D21) -> 106 | U12: =SUM(E18:E21) -> 26 | V12: =SUM(F18:F21) -> 56 | W12: =SUM(G18:G21) -> 0 | X12: =SUM(H18:H21) -> 0 | Y12: =SUM(I18:I21) -> 22 | Z12: =SUM(J18:J21) -> 9 | ... AF12: =SUM(P18:P21) -> 934
B13: 07.45 - 08.00 | C13: 91 | D13: 34 | E13: 10 | F13: 14 | G13: 0 | H13: 0 | I13: 6 | J13: 1 | K13: 1 | L13: 1 | M13: 200 | N13: 0 | O13: =SUM(C13:L13,N13) -> 158 | P13: =SUM(C13:N13) -> 358 | R13: 1000-1100 | S13: =SUM(C22:C25) -> 161 | T13: =SUM(D22:D25) -> 86 | U13: =SUM(E22:E25) -> 20 | V13: =SUM(F22:F25) -> 29 | W13: =SUM(G22:G25) -> 0 | X13: =SUM(H22:H25) -> 0 | Y13: =SUM(I22:I25) -> 16 | Z13: =SUM(J22:J25) -> 12 | ... AF13: =SUM(P22:P25) -> 751
B14: 08.00 - 08.15 | C14: 95 | D14: 51 | E14: 9 | F14: 15 | G14: 3 | H14: 0 | I14: 7 | J14: 3 | K14: 1 | L14: 3 | M14: 185 | N14: 0 | O14: =SUM(C14:L14,N14) -> 187 | P14: =SUM(C14:N14) -> 372 | R14: 1100-1200 | S14: =SUM(C26:C29) -> 153 | T14: =SUM(D26:D29) -> 67 | U14: =SUM(E26:E29) -> 18 | V14: =SUM(F26:F29) -> 32 | W14: =SUM(G26:G29) -> 0 | X14: =SUM(H26:H29) -> 0 | Y14: =SUM(I26:I29) -> 8 | Z14: =SUM(J26:J29) -> 11 | ... AF14: =SUM(P26:P29) -> 642
B15: 08.15 - 08.30 | C15: 96 | D15: 40 | E15: 11 | F15: 17 | G15: 0 | H15: 0 | I15: 6 | J15: 2 | K15: 0 | L15: 0 | M15: 190 | N15: 0 | O15: =SUM(C15:L15,N15) -> 172 | P15: =SUM(C15:N15) -> 362 | R15: 1200-1300 | S15: =SUM(C30:C33) -> 148 | T15: =SUM(D30:D33) -> 59 | U15: =SUM(E30:E33) -> 19 | V15: =SUM(F30:F33) -> 28 | W15: =SUM(G30:G33) -> 2 | X15: =SUM(H30:H33) -> 0 | Y15: =SUM(I30:I33) -> 12 | Z15: =SUM(J30:J33) -> 10 | ... AF15: =SUM(P30:P33) -> 686
B16: 08.30 - 08.45 | C16: 60 | D16: 31 | E16: 7 | F16: 12 | G16: 0 | H16: 0 | I16: 5 | J16: 2 | K16: 0 | L16: 0 | M16: 230 | N16: 0 | O16: =SUM(C16:L16,N16) -> 117 | P16: =SUM(C16:N16) -> 347 | R16: 1300-1400 | S16: =SUM(C34:C37) -> 123 | T16: =SUM(D34:D37) -> 42 | U16: =SUM(E34:E37) -> 17 | V16: =SUM(F34:F37) -> 28 | W16: =SUM(G34:G37) -> 0 | X16: =SUM(H34:H37) -> 0 | Y16: =SUM(I34:I37) -> 9 | Z16: =SUM(J34:J37) -> 7 | ... AF16: =SUM(P34:P37) -> 676
B17: 08.45 - 9.00 | C17: 36 | D17: 35 | E17: 3 | F17: 8 | G17: 0 | H17: 0 | I17: 3 | J17: 2 | K17: 0 | L17: 0 | M17: 115 | N17: 0 | O17: =SUM(C17:L17,N17) -> 87 | P17: =SUM(C17:N17) -> 202 | R17: 1400-1500 | S17: =SUM(C38:C41) -> 150 | T17: =SUM(D38:D41) -> 50 | U17: =SUM(E38:E41) -> 16 | V17: =SUM(F38:F41) -> 30 | W17: =SUM(G38:G41) -> 2 | X17: =SUM(H38:H41) -> 0 | Y17: =SUM(I38:I41) -> 12 | Z17: =SUM(J38:J41) -> 11 | ... AF17: =SUM(P38:P41) -> 625
B18: 09.00 - 09.15 | C18: 48 | D18: 28 | E18: 6 | F18: 11 | G18: 0 | H18: 0 | I18: 6 | J18: 3 | K18: 0 | L18: 1 | M18: 105 | N18: 0 | O18: =SUM(C18:L18,N18) -> 103 | P18: =SUM(C18:N18) -> 208 | R18: 1500-1600 | S18: =SUM(C42:C45) -> 134 | T18: =SUM(D42:D45) -> 53 | U18: =SUM(E42:E45) -> 21 | V18: =SUM(F42:F45) -> 26 | W18: =SUM(G42:G45) -> 0 | X18: =SUM(H42:H45) -> 0 | Y18: =SUM(I42:I45) -> 13 | Z18: =SUM(J42:J45) -> 12 | ... AF18: =SUM(P42:P45) -> 613
B19: 09.15 - 09.30 | C19: 63 | D19: 30 | E19: 6 | F19: 15 | G19: 0 | H19: 0 | I19: 7 | J19: 2 | K19: 0 | L19: 0 | M19: 115 | N19: 0 | O19: =SUM(C19:L19,N19) -> 123 | P19: =SUM(C19:N19) -> 238 | R19: 1600-1700 | S19: =SUM(C46:C49) -> 179 | T19: =SUM(D46:D49) -> 69 | U19: =SUM(E46:E49) -> 23 | V19: =SUM(F46:F49) -> 31 | W19: =SUM(G46:G49) -> 0 | X19: =SUM(H46:H49) -> 0 | Y19: =SUM(I46:I49) -> 13 | Z19: =SUM(J46:J49) -> 6 | ... AF19: =SUM(P46:P49) -> 787
B20: 09.30 - 09.45 | C20: 61 | D20: 25 | E20: 8 | F20: 14 | G20: 0 | H20: 0 | I20: 7 | J20: 2 | K20: 0 | L20: 0 | M20: 160 | N20: 0 | O20: =SUM(C20:L20,N20) -> 117 | P20: =SUM(C20:N20) -> 277 | R20: 1700-1800 | S20: =SUM(C50:C53) -> 178 | T20: =SUM(D50:D53) -> 66 | U20: =SUM(E50:E53) -> 25 | V20: =SUM(F50:F53) -> 24 | W20: =SUM(G50:G53) -> 1 | X20: =SUM(H50:H53) -> 0 | Y20: =SUM(I50:I53) -> 10 | Z20: =SUM(J50:J53) -> 10 | ... AF20: =SUM(P50:P53) -> 739
B21: 09.45 - 10.00 | C21: 55 | D21: 23 | E21: 6 | F21: 16 | G21: 0 | H21: 0 | I21: 2 | J21: 2 | K21: 1 | L21: 1 | M21: 105 | N21: 0 | O21: =SUM(C21:L21,N21) -> 106 | P21: =SUM(C21:N21) -> 211 | R21: 1800-1900 | S21: =SUM(C54:C57) -> 141 | T21: =SUM(D54:D57) -> 54 | U21: =SUM(E54:E57) -> 23 | V21: =SUM(F54:F57) -> 40 | W21: =SUM(G54:G57) -> 2 | X21: =SUM(H54:H57) -> 0 | Y21: =SUM(I54:I57) -> 2 | Z21: =SUM(J54:J57) -> 3 | ... AF21: =SUM(P54:P57) -> 699
B22: 10.00 - 10.15 | C22: 47 | D22: 14 | E22: 9 | F22: 6 | G22: 0 | H22: 0 | I22: 5 | J22: 2 | K22: 2 | L22: 3 | M22: 128 | N22: 0 | O22: =SUM(C22:L22,N22) -> 88 | P22: =SUM(C22:N22) -> 216 | R22: AM Peak Hr | S22: =MAX(S10:S12) -> 331 | T22: =MAX(T10:T12) -> 190 | U22: =MAX(U10:U12) -> 41 | V22: =MAX(V10:V12) -> 56 | W22: =MAX(W10:W12) -> 3 | X22: =MAX(X10:X12) -> 0 | Y22: =MAX(Y10:Y12) -> 22 | Z22: =MAX(Z10:Z12) -> 9 | ... AF22: =MAX(AF10:AF12) -> 1283
B23: 10.15 - 10.30 | C23: 51 | D23: 27 | E23: 5 | F23: 9 | G23: 0 | H23: 0 | I23: 3 | J23: 2 | K23: 0 | L23: 2 | M23: 110 | N23: 0 | O23: =SUM(C23:L23,N23) -> 99 | P23: =SUM(C23:N23) -> 209 | R23: IP Peak Hr | S23: =MAX(S13:S18) -> 161 | T23: =MAX(T13:T18) -> 86 | U23: =MAX(U13:U18) -> 21 | V23: =MAX(V13:V18) -> 32 | W23: =MAX(W13:W18) -> 2 | X23: =MAX(X13:X18) -> 0 | Y23: =MAX(Y13:Y18) -> 16 | Z23: =MAX(Z13:Z18) -> 12 | ... AF23: =MAX(AF13:AF18) -> 751
B24: 10.30 - 10.45 | C24: 40 | D24: 22 | E24: 5 | F24: 8 | G24: 0 | H24: 0 | I24: 4 | J24: 5 | K24: 1 | L24: 1 | M24: 80 | N24: 0 | O24: =SUM(C24:L24,N24) -> 86 | P24: =SUM(C24:N24) -> 166 | R24: PM Peak Hr | S24: =MAX(S19:S21) -> 179 | T24: =MAX(T19:T21) -> 69 | U24: =MAX(U19:U21) -> 25 | V24: =MAX(V19:V21) -> 40 | W24: =MAX(W19:W21) -> 2 | X24: =MAX(X19:X21) -> 0 | Y24: =MAX(Y19:Y21) -> 13 | Z24: =MAX(Z19:Z21) -> 10 | ... AF24: =MAX(AF19:AF21) -> 787
B25: 10.45 - 11.00 | C25: 23 | D25: 23 | E25: 1 | F25: 6 | G25: 0 | H25: 0 | I25: 4 | J25: 3 | K25: 1 | L25: 2 | M25: 97 | N25: 0 | O25: =SUM(C25:L25,N25) -> 63 | P25: =SUM(C25:N25) -> 160 | R25: AM Period | S25: =SUM(S10:S12) -> 845 | T25: =SUM(T10:T12) -> 453 | U25: =SUM(U10:U12) -> 97 | V25: =SUM(V10:V12) -> 163 | W25: =SUM(W10:W12) -> 4 | X25: =SUM(X10:X12) -> 0 | Y25: =SUM(Y10:Y12) -> 62 | Z25: =SUM(Z10:Z12) -> 23 | ... AF25: =SUM(AF10:AF12) -> 3452
B26: 11.00 - 11.15 | C26: 34 | D26: 17 | E26: 3 | F26: 6 | G26: 0 | H26: 0 | I26: 3 | J26: 3 | K26: 0 | L26: 2 | M26: 100 | N26: 0 | O26: =SUM(C26:L26,N26) -> 68 | P26: =SUM(C26:N26) -> 168 | R26: IP Period | S26: =SUM(S13:S18) -> 869 | T26: =SUM(T13:T18) -> 357 | U26: =SUM(U13:U18) -> 111 | V26: =SUM(V13:V18) -> 173 | W26: =SUM(W13:W18) -> 4 | X26: =SUM(X13:X18) -> 0 | Y26: =SUM(Y13:Y18) -> 70 | Z26: =SUM(Z13:Z18) -> 63 | ... AF26: =SUM(AF13:AF18) -> 3993
B27: 11.15 - 11.30 | C27: 49 | D27: 13 | E27: 4 | F27: 9 | G27: 0 | H27: 0 | I27: 1 | J27: 2 | K27: 0 | L27: 1 | M27: 77 | N27: 0 | O27: =SUM(C27:L27,N27) -> 79 | P27: =SUM(C27:N27) -> 156 | R27: PM Period | S27: =SUM(S19:S21) -> 498 | T27: =SUM(T19:T21) -> 189 | U27: =SUM(U19:U21) -> 71 | V27: =SUM(V19:V21) -> 95 | W27: =SUM(W19:W21) -> 3 | X27: =SUM(X19:X21) -> 0 | Y27: =SUM(Y19:Y21) -> 25 | Z27: =SUM(Z19:Z21) -> 19 | ... AF27: =SUM(AF19:AF21) -> 2225
B28: 11.30 - 11.45 | C28: 35 | D28: 23 | E28: 4 | F28: 9 | G28: 0 | H28: 0 | I28: 0 | J28: 2 | K28: 3 | L28: 4 | M28: 98 | N28: 0 | O28: =SUM(C28:L28,N28) -> 80 | P28: =SUM(C28:N28) -> 178 | R28: 12 Hours | S28: =SUM(S10:S21) -> 2212 | T28: =SUM(T10:T21) -> 999 | U28: =SUM(U10:U21) -> 279 | V28: =SUM(V10:V21) -> 431 | W28: =SUM(W10:W21) -> 11 | X28: =SUM(X10:X21) -> 0 | Y28: =SUM(Y10:Y21) -> 157 | Z28: =SUM(Z10:Z21) -> 105 | ... AF28: =SUM(AF10:AF21) -> 9670
B29: 11.45 - 12.00 | C29: 35 | D29: 14 | E29: 7 | F29: 8 | G29: 0 | H29: 0 | I29: 4 | J29: 4 | K29: 0 | L29: 3 | M29: 65 | N29: 0 | O29: =SUM(C29:L29,N29) -> 75 | P29: =SUM(C29:N29) -> 140
B30: 12.00 - 12.15 | C30: 45 | D30: 13 | E30: 5 | F30: 8 | G30: 1 | H30: 0 | I30: 4 | J30: 1 | K30: 1 | L30: 6 | M30: 70 | N30: 0 | O30: =SUM(C30:L30,N30) -> 84 | P30: =SUM(C30:N30) -> 154
B31: 12.15 - 12.30 | C31: 36 | D31: 13 | E31: 4 | F31: 7 | G31: 1 | H31: 0 | I31: 3 | J31: 1 | K31: 1 | L31: 0 | M31: 102 | N31: 1 | O31: =SUM(C31:L31,N31) -> 67 | P31: =SUM(C31:N31) -> 169
B32: 12.30 - 12.45 | C32: 36 | D32: 17 | E32: 6 | F32: 7 | G32: 0 | H32: 0 | I32: 3 | J32: 4 | K32: 1 | L32: 5 | M32: 95 | N32: 0 | O32: =SUM(C32:L32,N32) -> 79 | P32: =SUM(C32:N32) -> 174
B33: 12.45 - 13.00 | C33: 31 | D33: 16 | E33: 4 | F33: 6 | G33: 0 | H33: 0 | I33: 2 | J33: 4 | K33: 0 | L33: 1 | M33: 125 | N33: 0 | O33: =SUM(C33:L33,N33) -> 64 | P33: =SUM(C33:N33) -> 189
B34: 13.00 - 13.15 | C34: 44 | D34: 13 | E34: 5 | F34: 7 | G34: 0 | H34: 0 | I34: 3 | J34: 3 | K34: 0 | L34: 1 | M34: 107 | N34: 0 | O34: =SUM(C34:L34,N34) -> 76 | P34: =SUM(C34:N34) -> 183
B35: 13.15 - 13.30 | C35: 32 | D35: 6 | E35: 4 | F35: 6 | G35: 0 | H35: 0 | I35: 4 | J35: 2 | K35: 0 | L35: 2 | M35: 115 | N35: 0 | O35: =SUM(C35:L35,N35) -> 56 | P35: =SUM(C35:N35) -> 171
B36: 13.30 - 13.45 | C36: 24 | D36: 11 | E36: 3 | F36: 7 | G36: 0 | H36: 0 | I36: 1 | J36: 1 | K36: 1 | L36: 2 | M36: 125 | N36: 0 | O36: =SUM(C36:L36,N36) -> 50 | P36: =SUM(C36:N36) -> 175
B37: 13.45 - 14.00 | C37: 23 | D37: 12 | E37: 5 | F37: 8 | G37: 0 | H37: 0 | I37: 1 | J37: 1 | K37: 1 | L37: 6 | M37: 90 | N37: 0 | O37: =SUM(C37:L37,N37) -> 57 | P37: =SUM(C37:N37) -> 147
B38: 14.00 - 14.15 | C38: 34 | D38: 11 | E38: 9 | F38: 11 | G38: 0 | H38: 0 | I38: 3 | J38: 3 | K38: 2 | L38: 3 | M38: 80 | N38: 0 | O38: =SUM(C38:L38,N38) -> 76 | P38: =SUM(C38:N38) -> 156
B39: 14.15 - 14.30 | C39: 32 | D39: 8 | E39: 2 | F39: 6 | G39: 1 | H39: 0 | I39: 3 | J39: 3 | K39: 3 | L39: 2 | M39: 110 | N39: 0 | O39: =SUM(C39:L39,N39) -> 60 | P39: =SUM(C39:N39) -> 170
B40: 14.30 - 14.45 | C40: 46 | D40: 19 | E40: 1 | F40: 7 | G40: 1 | H40: 0 | I40: 1 | J40: 2 | K40: 1 | L40: 2 | M40: 81 | N40: 0 | O40: =SUM(C40:L40,N40) -> 80 | P40: =SUM(C40:N40) -> 161
... B57: 18.45 - 19.00 | C57: 34 | D57: 18 | E57: 4 | F57: 8 | G57: 1 | H57: 0 | I57: 1 | J57: 2 | K57: 1 | L57: 1 | M57: 85 | N57: 0 | O57: =SUM(C57:L57,N57) -> 70 | P57: =SUM(C57:N57) -> 155
B58: Totals | C58: =SUM(C10:C57) -> 2212 | D58: =SUM(D10:D57) -> 999 | E58: =SUM(E10:E57) -> 279 | F58: =SUM(F10:F57) -> 431 | G58: =SUM(G10:G57) -> 11 | H58: =SUM(H10:H57) -> 0 | I58: =SUM(I10:I57) -> 157 | J58: =SUM(J10:J57) -> 105 | ... P58: =SUM(P10:P57) -> 9670
B59: %ges + MCs | C59: =C58/$P$58 -> 0.22874871 | D59: =D58/$P$58 -> 0.1033092 | E59: =E58/$P$58 -> 0.02885212 | F59: =F58/$P$58 -> 0.044570838 | G59: =G58/$P$58 -> 0.0011375388 | H59: =H58/$P$58 -> 0 | I59: =I58/$P$58 -> 0.016235781 | J59: =J58/$P$58 -> 0.010858325 | ... N59: =N58/$P$58 -> 0.00020682523
B60: %ges w/o MCs | C60: =C58/$O$58 -> 0.51120869 | D60: =D58/$O$58 -> 0.2308759 | E60: =E58/$O$58 -> 0.064478854 | F60: =F58/$O$58 -> 0.099607118 | G60: =G58/$O$58 -> 0.002542177 | H60: =H58/$O$58 -> 0 | I60: =I58/$O$58 -> 0.036283799 | J60: =J58/$O$58 -> 0.024266235 | ... L60: =L58/$O$58 -> 0.019644095 | N60: =N58/$O$58 -> 0.00046221401

Sheet 30.07 Ntinda-Kisaasi
B1: Consultancy services for Preparation of Expressway Development Master Plan (EDMP) for Uganda
B2: MANUAL CLASSIFIED COUNT (MCC)
B3: ROAD NAME: | C3: ='29.07 Ntinda-Kisaasi'!C3:G3 -> MCC - C1 - STN33 - NTINDA ROAD
C5: Date | D5: ='30.07 Kisaasi-Ntinda'!D5 -> 30.07.19 | F5: Location | G5: ='29.07 Kisaasi-Ntinda'!G5:H5 -> Ndere Center | J5: Surveyor | K5: Okello Peter
C6: Dir. From | D6: ='29.07 Ntinda-Kisaasi'!D6:E6 -> Ntinda | F6: Dir. To | G6: ='29.07 Ntinda-Kisaasi'!G6:H6 -> Kisaasi | J6: Supervisor | K6: ='29.07 Kisaasi-Ntinda'!K6:L6 -> Steven
B8: Time / Veh Type | R8: SUMMARY TRAFFIC VOLUMES
C9: 1. Car | D9: 2. Station Wagon | E9: 3. Pickups | F9: 4. Minibus, matatu | G9: 5. Medium bus | H9: 6. Large Bus | I9: 7. Light Truck | J9: 8. Medium Truck | K9: 9. Heavy truck | L9: 10. Truck Trailer | M9: 11. Motor cycles | N9: 12. Tractors | O9: Total Excl M/Cycles | P9: Total All | R9: Time | S9: 1. Car | T9: 2. Station Wagon | U9: 3. Pickups | V9: 4. Minibus, matatu | W9: 5. Medium bus | X9: 6. Large Bus | Y9: 7. Light Truck | Z9: 8. Medium Truck | AA9: 9. Heavy truck | AB9: 10. Truck Trailer | AC9: 11. Motorcycles | AD9: 12. Tractors, Graders | AE9: Total Excl M/ Cycles | AF9: Total All
B10: 07.00 - 07.15 | C10: 22 | D10: 10 | E10: 5 | F10: 10 | G10: 0 | H10: 0 | I10: 10 | J10: 0 | K10: 0 | L10: 0 | M10: 50 | N10: 0 | O10: =SUM(C10:L10,N10) -> 57 | P10: =SUM(C10:N10) -> 107 | R10: 0700-0800 | S10: =SUM(C10:C13) -> 107 | T10: =SUM(D10:D13) -> 57 | U10: =SUM(E10:E13) -> 25 | V10: =SUM(F10:F13) -> 73 | W10: =SUM(G10:G13) -> 2 | X10: =SUM(H10:H13) -> 0 | Y10: =SUM(I10:I13) -> 16 | Z10: =SUM(J10:J13) -> 2 | ... AF10: =SUM(P10:P13) -> 539
B11: 07.15 - 07.30 | C11: 33 | D11: 16 | E11: 7 | F11: 9 | G11: 1 | H11: 0 | I11: 1 | J11: 1 | K11: 1 | L11: 1 | M11: 54 | N11: 0 | O11: =SUM(C11:L11,N11) -> 70 | P11: =SUM(C11:N11) -> 124 | R11: 0800-0900 | S11: =SUM(C14:C17) -> 94 | T11: =SUM(D14:D17) -> 38 | U11: =SUM(E14:E17) -> 14 | V11: =SUM(F14:F17) -> 86 | W11: =SUM(G14:G17) -> 1 | X11: =SUM(H14:H17) -> 0 | Y11: =SUM(I14:I17) -> 7 | Z11: =SUM(J14:J17) -> 5 | ... AF11: =SUM(P14:P17) -> 519
B12: 07.30 - 07.45 | C12: 26 | D12: 21 | E12: 10 | F12: 26 | G12: 1 | H12: 0 | I12: 4 | J12: 0 | K12: 0 | L12: 0 | M12: 71 | N12: 0 | O12: =SUM(C12:L12,N12) -> 88 | P12: =SUM(C12:N12) -> 159 | R12: 0900-1000 | S12: =SUM(C18:C21) -> 141 | T12: =SUM(D18:D21) -> 59 | U12: =SUM(E18:E21) -> 32 | V12: =SUM(F18:F21) -> 111 | W12: =SUM(G18:G21) -> 3 | X12: =SUM(H18:H21) -> 0 | Y12: =SUM(I18:I21) -> 13 | Z12: =SUM(J18:J21) -> 7 | ... AF12: =SUM(P18:P21) -> 720
B13: 07.45 - 08.00 | C13: 26 | D13: 10 | E13: 3 | F13: 28 | G13: 0 | H13: 0 | I13: 1 | J13: 1 | K13: 0 | L13: 0 | M13: 80 | N13: 0 | O13: =SUM(C13:L13,N13) -> 69 | P13: =SUM(C13:N13) -> 149 | R13: 1000-1100 | S13: =SUM(C22:C25) -> 131 | T13: =SUM(D22:D25) -> 58 | U13: =SUM(E22:E25) -> 38 | V13: =SUM(F22:F25) -> 92 | W13: =SUM(G22:G25) -> 3 | X13: =SUM(H22:H25) -> 0 | Y13: =SUM(I22:I25) -> 19 | Z13: =SUM(J22:J25) -> 5 | ... AF13: =SUM(P22:P25) -> 657
B14: 08.00 - 08.15 | C14: 23 | D14: 13 | E14: 8 | F14: 28 | G14: 1 | H14: 0 | I14: 0 | J14: 1 | K14: 2 | L14: 0 | M14: 85 | N14: 0 | O14: =SUM(C14:L14,N14) -> 76 | P14: =SUM(C14:N14) -> 161 | R14: 1100-1200 | S14: =SUM(C26:C29) -> 143 | T14: =SUM(D26:D29) -> 60 | U14: =SUM(E26:E29) -> 45 | V14: =SUM(F26:F29) -> 77 | W14: =SUM(G26:G29) -> 0 | X14: =SUM(H26:H29) -> 0 | Y14: =SUM(I26:I29) -> 26 | Z14: =SUM(J26:J29) -> 8 | ... AF14: =SUM(P26:P29) -> 667
B15: 08.15 - 08.30 | C15: 25 | D15: 7 | E15: 2 | F15: 32 | G15: 0 | H15: 0 | I15: 1 | J15: 1 | K15: 0 | L15: 1 | M15: 95 | N15: 0 | O15: =SUM(C15:L15,N15) -> 69 | P15: =SUM(C15:N15) -> 164 | R15: 1200-1300 | S15: =SUM(C30:C33) -> 144 | T15: =SUM(D30:D33) -> 72 | U15: =SUM(E30:E33) -> 41 | V15: =SUM(F30:F33) -> 80 | W15: =SUM(G30:G33) -> 0 | X15: =SUM(H30:H33) -> 0 | Y15: =SUM(I30:I33) -> 17 | Z15: =SUM(J30:J33) -> 14 | ... AF15: =SUM(P30:P33) -> 689
B16: 08.30 - 08.45 | C16: 32 | D16: 16 | E16: 3 | F16: 15 | G16: 0 | H16: 0 | I16: 5 | J16: 2 | K16: 0 | L16: 0 | M16: 55 | N16: 0 | O16: =SUM(C16:L16,N16) -> 73 | P16: =SUM(C16:N16) -> 128 | R16: 1300-1400 | S16: =SUM(C34:C37) -> 138 | T16: =SUM(D34:D37) -> 51 | U16: =SUM(E34:E37) -> 26 | V16: =SUM(F34:F37) -> 58 | W16: =SUM(G34:G37) -> 1 | X16: =SUM(H34:H37) -> 0 | Y16: =SUM(I34:I37) -> 18 | Z16: =SUM(J34:J37) -> 17 | ... AF16: =SUM(P34:P37) -> 641
B17: 08.45 - 9.00 | C17: 14 | D17: 2 | E17: 1 | F17: 11 | G17: 0 | H17: 0 | I17: 1 | J17: 1 | K17: 0 | L17: 1 | M17: 35 | N17: 0 | O17: =SUM(C17:L17,N17) -> 31 | P17: =SUM(C17:N17) -> 66 | R17: 1400-1500 | S17: =SUM(C38:C41) -> 138 | T17: =SUM(D38:D41) -> 71 | U17: =SUM(E38:E41) -> 18 | V17: =SUM(F38:F41) -> 56 | W17: =SUM(G38:G41) -> 4 | X17: =SUM(H38:H41) -> 0 | Y17: =SUM(I38:I41) -> 18 | Z17: =SUM(J38:J41) -> 9 | ... AF17: =SUM(P38:P41) -> 635
B18: 09.00 - 09.15 | C18: 31 | D18: 8 | E18: 6 | F18: 28 | G18: 2 | H18: 0 | I18: 4 | J18: 2 | K18: 0 | L18: 2 | M18: 100 | N18: 0 | O18: =SUM(C18:L18,N18) -> 83 | P18: =SUM(C18:N18) -> 183 | R18: 1500-1600 | S18: =SUM(C42:C45) -> 119 | T18: =SUM(D42:D45) -> 65 | U18: =SUM(E42:E45) -> 32 | V18: =SUM(F42:F45) -> 60 | W18: =SUM(G42:G45) -> 3 | X18: =SUM(H42:H45) -> 0 | Y18: =SUM(I42:I45) -> 7 | Z18: =SUM(J42:J45) -> 8 | ... AF18: =SUM(P42:P45) -> 542
B19: 09.15 - 09.30 | C19: 37 | D19: 12 | E19: 9 | F19: 32 | G19: 1 | H19: 0 | I19: 4 | J19: 3 | K19: 0 | L19: 0 | M19: 85 | N19: 0 | O19: =SUM(C19:L19,N19) -> 98 | P19: =SUM(C19:N19) -> 183 | R19: 1600-1700 | S19: =SUM(C46:C49) -> 222 | T19: =SUM(D46:D49) -> 137 | U19: =SUM(E46:E49) -> 33 | V19: =SUM(F46:F49) -> 50 | W19: =SUM(G46:G49) -> 2 | X19: =SUM(H46:H49) -> 0 | Y19: =SUM(I46:I49) -> 26 | Z19: =SUM(J46:J49) -> 10 | ... AF19: =SUM(P46:P49) -> 851
B20: 09.30 - 09.45 | C20: 47 | D20: 23 | E20: 10 | F20: 29 | G20: 0 | H20: 0 | I20: 2 | J20: 1 | K20: 0 | L20: 0 | M20: 91 | N20: 0 | O20: =SUM(C20:L20,N20) -> 112 | P20: =SUM(C20:N20) -> 203 | R20: 1700-1800 | S20: =SUM(C50:C53) -> 338 | T20: =SUM(D50:D53) -> 133 | U20: =SUM(E50:E53) -> 40 | V20: =SUM(F50:F53) -> 48 | W20: =SUM(G50:G53) -> 4 | X20: =SUM(H50:H53) -> 0 | Y20: =SUM(I50:I53) -> 8 | Z20: =SUM(J50:J53) -> 9 | ... AF20: =SUM(P50:P53) -> 1118
B21: 09.45 - 10.00 | C21: 26 | D21: 16 | E21: 7 | F21: 22 | G21: 0 | H21: 0 | I21: 3 | J21: 1 | K21: 0 | L21: 1 | M21: 75 | N21: 0 | O21: =SUM(C21:L21,N21) -> 76 | P21: =SUM(C21:N21) -> 151 | R21: 1800-1900 | S21: =SUM(C54:C57) -> 274 | T21: =SUM(D54:D57) -> 145 | U21: =SUM(E54:E57) -> 40 | V21: =SUM(F54:F57) -> 67 | W21: =SUM(G54:G57) -> 1 | X21: =SUM(H54:H57) -> 0 | Y21: =SUM(I54:I57) -> 11 | Z21: =SUM(J54:J57) -> 7 | ... AF21: =SUM(P54:P57) -> 886
B22: 10.00 - 10.15 | C22: 25 | D22: 9 | E22: 8 | F22: 22 | G22: 1 | H22: 0 | I22: 5 | J22: 2 | K22: 0 | L22: 5 | M22: 77 | N22: 0 | O22: =SUM(C22:L22,N22) -> 77 | P22: =SUM(C22:N22) -> 154 | R22: AM Peak Hr | S22: =MAX(S10:S12) -> 141 | T22: =MAX(T10:T12) -> 59 | U22: =MAX(U10:U12) -> 32 | V22: =MAX(V10:V12) -> 111 | W22: =MAX(W10:W12) -> 3 | X22: =MAX(X10:X12) -> 0 | Y22: =MAX(Y10:Y12) -> 16 | Z22: =MAX(Z10:Z12) -> 7 | ... AF22: =MAX(AF10:AF12) -> 720
B23: 10.15 - 10.30 | C23: 56 | D23: 17 | E23: 19 | F23: 34 | G23: 0 | H23: 0 | I23: 7 | J23: 1 | K23: 0 | L23: 0 | M23: 110 | N23: 0 | O23: =SUM(C23:L23,N23) -> 134 | P23: =SUM(C23:N23) -> 244 | R23: IP Peak Hr | S23: =MAX(S13:S18) -> 144 | T23: =MAX(T13:T18) -> 72 | U23: =MAX(U13:U18) -> 45 | V23: =MAX(V13:V18) -> 92 | W23: =MAX(W13:W18) -> 4 | X23: =MAX(X13:X18) -> 0 | Y23: =MAX(Y13:Y18) -> 26 | Z23: =MAX(Z13:Z18) -> 17 | ... AF23: =MAX(AF13:AF18) -> 689
B24: 10.30 - 10.45 | C24: 21 | D24: 15 | E24: 8 | F24: 16 | G24: 1 | H24: 0 | I24: 3 | J24: 1 | K24: 1 | L24: 1 | M24: 35 | N24: 0 | O24: =SUM(C24:L24,N24) -> 67 | P24: =SUM(C24:N24) -> 102 | R24: PM Peak Hr | S24: =MAX(S19:S21) -> 338 | T24: =MAX(T19:T21) -> 145 | U24: =MAX(U19:U21) -> 40 | V24: =MAX(V19:V21) -> 67 | W24: =MAX(W19:W21) -> 4 | X24: =MAX(X19:X21) -> 0 | Y24: =MAX(Y19:Y21) -> 26 | Z24: =MAX(Z19:Z21) -> 10 | ... AF24: =MAX(AF19:AF21) -> 1118
B25: 10.45 - 11.00 | C25: 29 | D25: 17 | E25: 3 | F25: 20 | G25: 1 | H25: 0 | I25: 4 | J25: 1 | K25: 0 | L25: 5 | M25: 77 | N25: 0 | O25: =SUM(C25:L25,N25) -> 80 | P25: =SUM(C25:N25) -> 157 | R25: AM Period | S25: =SUM(S10:S12) -> 342 | T25: =SUM(T10:T12) -> 154 | U25: =SUM(U10:U12) -> 71 | V25: =SUM(V10:V12) -> 270 | W25: =SUM(W10:W12) -> 6 | X25: =SUM(X10:X12) -> 0 | Y25: =SUM(Y10:Y12) -> 36 | Z25: =SUM(Z10:Z12) -> 14 | ... AF25: =SUM(AF10:AF12) -> 1778
B26: 11.00 - 11.15 | C26: 45 | D26: 15 | E26: 13 | F26: 23 | G26: 0 | H26: 0 | I26: 10 | J26: 3 | K26: 0 | L26: 5 | M26: 95 | N26: 0 | O26: =SUM(C26:L26,N26) -> 114 | P26: =SUM(C26:N26) -> 209 | R26: IP Period | S26: =SUM(S13:S18) -> 813 | T26: =SUM(T13:T18) -> 377 | U26: =SUM(U13:U18) -> 200 | V26: =SUM(V13:V18) -> 423 | W26: =SUM(W13:W18) -> 11 | X26: =SUM(X13:X18) -> 0 | Y26: =SUM(Y13:Y18) -> 105 | Z26: =SUM(Z13:Z18) -> 61 | ... AF26: =SUM(AF13:AF18) -> 3831
B27: 11.15 - 11.30 | C27: 60 | D27: 14 | E27: 13 | F27: 16 | G27: 0 | H27: 0 | I27: 3 | J27: 2 | K27: 0 | L27: 7 | M27: 77 | N27: 0 | O27: =SUM(C27:L27,N27) -> 115 | P27: =SUM(C27:N27) -> 192 | R27: PM Period | S27: =SUM(S19:S21) -> 834 | T27: =SUM(T19:T21) -> 415 | U27: =SUM(U19:U21) -> 113 | V27: =SUM(V19:V21) -> 165 | W27: =SUM(W19:W21) -> 7 | X27: =SUM(X19:X21) -> 0 | Y27: =SUM(Y19:Y21) -> 45 | Z27: =SUM(Z19:Z21) -> 26 | ... AF27: =SUM(AF19:AF21) -> 2855
B28: 11.30 - 11.45 | C28: 23 | D28: 16 | E28: 12 | F28: 29 | G28: 0 | H28: 0 | I28: 6 | J28: 2 | K28: 1 | L28: 3 | M28: 71 | N28: 0 | O28: =SUM(C28:L28,N28) -> 92 | P28: =SUM(C28:N28) -> 163 | R28: 12 Hours | S28: =SUM(S10:S21) -> 1989 | T28: =SUM(T10:T21) -> 946 | U28: =SUM(U10:U21) -> 384 | V28: =SUM(V10:V21) -> 858 | W28: =SUM(W10:W21) -> 24 | X28: =SUM(X10:X21) -> 0 | Y28: =SUM(Y10:Y21) -> 186 | Z28: =SUM(Z10:Z21) -> 101 | ... AF28: =SUM(AF10:AF21) -> 8464
B29: 11.45 - 12.00 | C29: 15 | D29: 15 | E29: 7 | F29: 9 | G29: 0 | H29: 0 | I29: 7 | J29: 1 | K29: 1 | L29: 3 | M29: 45 | N29: 0 | O29: =SUM(C29:L29,N29) -> 58 | P29: =SUM(C29:N29) -> 103
B30: 12.00 - 12.15 | C30: 40 | D30: 16 | E30: 12 | F30: 21 | G30: 0 | H30: 0 | I30: 6 | J30: 6 | K30: 0 | L30: 7 | M30: 80 | N30: 0 | O30: =SUM(C30:L30,N30) -> 108 | P30: =SUM(C30:N30) -> 188
B31: 12.15 - 12.30 | C31: 27 | D31: 10 | E31: 11 | F31: 24 | G31: 0 | H31: 0 | I31: 1 | J31: 1 | K31: 0 | L31: 1 | M31: 70 | N31: 0 | O31: =SUM(C31:L31,N31) -> 75 | P31: =SUM(C31:N31) -> 145
B32: 12.30 - 12.45 | C32: 38 | D32: 24 | E32: 8 | F32: 17 | G32: 0 | H32: 0 | I32: 4 | J32: 4 | K32: 1 | L32: 5 | M32: 72 | N32: 0 | O32: =SUM(C32:L32,N32) -> 101 | P32: =SUM(C32:N32) -> 173
B33: 12.45 - 13.00 | C33: 39 | D33: 22 | E33: 10 | F33: 18 | G33: 0 | H33: 0 | I33: 6 | J33: 3 | K33: 1 | L33: 3 | M33: 81 | N33: 0 | O33: =SUM(C33:L33,N33) -> 102 | P33: =SUM(C33:N33) -> 183
B34: 13.00 - 13.15 | C34: 39 | D34: 17 | E34: 3 | F34: 20 | G34: 1 | H34: 0 | I34: 9 | J34: 7 | K34: 2 | L34: 2 | M34: 88 | N34: 0 | O34: =SUM(C34:L34,N34) -> 100 | P34: =SUM(C34:N34) -> 188
B35: 13.15 - 13.30 | C35: 31 | D35: 15 | E35: 6 | F35: 16 | G35: 0 | H35: 0 | I35: 1 | J35: 4 | K35: 2 | L35: 3 | M35: 100 | N35: 0 | O35: =SUM(C35:L35,N35) -> 78 | P35: =SUM(C35:N35) -> 178
B36: 13.30 - 13.45 | C36: 28 | D36: 11 | E36: 6 | F36: 7 | G36: 0 | H36: 0 | I36: 5 | J36: 2 | K36: 0 | L36: 3 | M36: 45 | N36: 0 | O36: =SUM(C36:L36,N36) -> 62 | P36: =SUM(C36:N36) -> 107
B37: 13.45 - 14.00 | C37: 40 | D37: 8 | E37: 11 | F37: 15 | G37: 0 | H37: 0 | I37: 3 | J37: 4 | K37: 0 | L37: 0 | M37: 87 | N37: 0 | O37: =SUM(C37:L37,N37) -> 81 | P37: =SUM(C37:N37) -> 168
B38: 14.00 - 14.15 | C38: 40 | D38: 17 | E38: 5 | F38: 15 | G38: 0 | H38: 0 | I38: 4 | J38: 3 | K38: 0 | L38: 1 | M38: 78 | N38: 0 | O38: =SUM(C38:L38,N38) -> 85 | P38: =SUM(C38:N38) -> 163
B39: 14.15 - 14.30 | C39: 34 | D39: 13 | E39: 7 | F39: 11 | G39: 0 | H39: 0 | I39: 3 | J39: 1 | K39: 0 | L39: 2 | M39: 80 | N39: 0 | O39: =SUM(C39:L39,N39) -> 71 | P39: =SUM(C39:N39) -> 151
B40: 14.30 - 14.45 | C40: 39 | D40: 24 | E40: 2 | F40: 16 | G40: 4 | H40: 0 | I40: 7 | J40: 2 | K40: 0 | L40: 2 | M40: 91 | N40: 0 | O40: =SUM(C40:L40,N40) -> 96 | P40: =SUM(C40:N40) -> 187
... B57: 18.45 - 19.00 | C57: 66 | D57: 32 | E57: 6 | F57: 11 | G57: 1 | H57: 0 | I57: 2 | J57: 0 | K57: 0 | L57: 1 | M57: 75 | N57: 0 | O57: =SUM(C57:L57,N57) -> 119 | P57: =SUM(C57:N57) -> 194
B58: Totals | C58: =SUM(C10:C57) -> 1989 | D58: =SUM(D10:D57) -> 946 | E58: =SUM(E10:E57) -> 384 | F58: =SUM(F10:F57) -> 858 | G58: =SUM(G10:G57) -> 24 | H58: =SUM(H10:H57) -> 0 | I58: =SUM(I10:I57) -> 186 | J58: =SUM(J10:J57) -> 101 | ... P58: =SUM(P10:P57) -> 8464
B59: %ges + MCs | C59: =C58/$P$58 -> 0.23499527 | D59: =D58/$P$58 -> 0.11176749 | E59: =E58/$P$58 -> 0.04536862 | F59: =F58/$P$58 -> 0.10137051 | G59: =G58/$P$58 -> 0.0028355388 | H59: =H58/$P$58 -> 0 | I59: =I58/$P$58 -> 0.021975425 | J59: =J58/$P$58 -> 0.011932892 | ... N59: =N58/$P$58 -> 0
B60: %ges w/o MCs | C60: =C58/$O$58 -> 0.43107932 | D60: =D58/$O$58 -> 0.20502818 | E60: =E58/$O$58 -> 0.083224967 | F60: =F58/$O$58 -> 0.18595579 | G60: =G58/$O$58 -> 0.0052015605 | H60: =H58/$O$58 -> 0 | I60: =I58/$O$58 -> 0.040312094 | J60: =J58/$O$58 -> 0.0218899 | ... L60: =L58/$O$58 -> 0.022973559 | N60: =N58/$O$58 -> 0

Sheet 31.07 Kisaasi-Ntinda
B1: Consultancy services for Preparation of Expressway Development Master Plan (EDMP) for Uganda
B2: MANUAL CLASSIFIED COUNT (MCC)
B3: ROAD NAME: | C3: ='29.07 Kisaasi-Ntinda'!C3:G3 -> MCC - C1 - STN33 - NTINDA ROAD
C5: Date | D5: 31.07.19 | F5: Location | G5: ='29.07 Kisaasi-Ntinda'!G5:H5 -> Ndere Center | J5: Surveyor | K5: Jonathan & Omaset Jerome
C6: Dir. From | D6: ='29.07 Kisaasi-Ntinda'!D6:E6 -> Kisaasi | F6: Dir. To | G6: ='29.07 Kisaasi-Ntinda'!G6:H6 -> Ntinda | J6: Supervisor | K6: ='29.07 Kisaasi-Ntinda'!K6:L6 -> Steven
B8: Time / Veh Type | R8: SUMMARY TRAFFIC VOLUMES
C9: 1. Car | D9: 2. Station Wagon | E9: 3. Pickups | F9: 4. Minibus, matatu | G9: 5. Medium bus | H9: 6. Large Bus | I9: 7. Light Truck | J9: 8. Medium Truck | K9: 9. Heavy truck | L9: 10. Truck Trailer | M9: 11. Motor cycles | N9: 12. Tractors | O9: Total Excl M/Cycles | P9: Total All | R9: Time | S9: 1. Car | T9: 2. Station Wagon | U9: 3. Pickups | V9: 4. Minibus, matatu | W9: 5. Medium bus | X9: 6. Large Bus | Y9: 7. Light Truck | Z9: 8. Medium Truck | AA9: 9. Heavy truck | AB9: 10. Truck Trailer | AC9: 11. Motorcycles | AD9: 12. Tractors, Graders | AE9: Total Excl M/ Cycles | AF9: Total All
B10: 07.00 - 07.15 | C10: 103 | D10: 51 | E10: 14 | F10: 19 | G10: 0 | H10: 0 | I10: 1 | J10: 1 | K10: 0 | L10: 0 | M10: 105 | N10: 0 | O10: =SUM(C10:L10,N10) -> 189 | P10: =SUM(C10:N10) -> 294 | R10: 0700-0800 | S10: =SUM(C10:C13) -> 459 | T10: =SUM(D10:D13) -> 256 | U10: =SUM(E10:E13) -> 59 | V10: =SUM(F10:F13) -> 70 | W10: =SUM(G10:G13) -> 2 | X10: =SUM(H10:H13) -> 0 | Y10: =SUM(I10:I13) -> 14 | Z10: =SUM(J10:J13) -> 6 | ... AF10: =SUM(P10:P13) -> 1487
B11: 07.15 - 07.30 | C11: 112 | D11: 62 | E11: 16 | F11: 14 | G11: 0 | H11: 0 | I11: 5 | J11: 1 | K11: 0 | L11: 1 | M11: 135 | N11: 0 | O11: =SUM(C11:L11,N11) -> 211 | P11: =SUM(C11:N11) -> 346 | R11: 0800-0900 | S11: =SUM(C14:C17) -> 330 | T11: =SUM(D14:D17) -> 135 | U11: =SUM(E14:E17) -> 32 | V11: =SUM(F14:F17) -> 63 | W11: =SUM(G14:G17) -> 3 | X11: =SUM(H14:H17) -> 0 | Y11: =SUM(I14:I17) -> 14 | Z11: =SUM(J14:J17) -> 7 | ... AF11: =SUM(P14:P17) -> 1213
B12: 07.30 - 07.45 | C12: 130 | D12: 68 | E12: 14 | F12: 22 | G12: 1 | H12: 0 | I12: 4 | J12: 2 | K12: 0 | L12: 1 | M12: 195 | N12: 0 | O12: =SUM(C12:L12,N12) -> 242 | P12: =SUM(C12:N12) -> 437 | R12: 0900-1000 | S12: =SUM(C18:C21) -> 234 | T12: =SUM(D18:D21) -> 130 | U12: =SUM(E18:E21) -> 21 | V12: =SUM(F18:F21) -> 45 | W12: =SUM(G18:G21) -> 0 | X12: =SUM(H18:H21) -> 0 | Y12: =SUM(I18:I21) -> 21 | Z12: =SUM(J18:J21) -> 14 | ... AF12: =SUM(P18:P21) -> 1042
B13: 07.45 - 08.00 | C13: 114 | D13: 75 | E13: 15 | F13: 15 | G13: 1 | H13: 0 | I13: 4 | J13: 2 | K13: 1 | L13: 2 | M13: 181 | N13: 0 | O13: =SUM(C13:L13,N13) -> 229 | P13: =SUM(C13:N13) -> 410 | R13: 1000-1100 | S13: =SUM(C22:C25) -> 165 | T13: =SUM(D22:D25) -> 58 | U13: =SUM(E22:E25) -> 14 | V13: =SUM(F22:F25) -> 31 | W13: =SUM(G22:G25) -> 0 | X13: =SUM(H22:H25) -> 0 | Y13: =SUM(I22:I25) -> 18 | Z13: =SUM(J22:J25) -> 7 | ... AF13: =SUM(P22:P25) -> 665
B14: 08.00 - 08.15 | C14: 120 | D14: 52 | E14: 12 | F14: 21 | G14: 0 | H14: 0 | I14: 4 | J14: 2 | K14: 1 | L14: 0 | M14: 150 | N14: 0 | O14: =SUM(C14:L14,N14) -> 212 | P14: =SUM(C14:N14) -> 362 | R14: 1100-1200 | S14: =SUM(C26:C29) -> 129 | T14: =SUM(D26:D29) -> 45 | U14: =SUM(E26:E29) -> 19 | V14: =SUM(F26:F29) -> 27 | W14: =SUM(G26:G29) -> 0 | X14: =SUM(H26:H29) -> 0 | Y14: =SUM(I26:I29) -> 16 | Z14: =SUM(J26:J29) -> 11 | ... AF14: =SUM(P26:P29) -> 595
B15: 08.15 - 08.30 | C15: 92 | D15: 35 | E15: 10 | F15: 17 | G15: 1 | H15: 0 | I15: 2 | J15: 3 | K15: 0 | L15: 1 | M15: 180 | N15: 0 | O15: =SUM(C15:L15,N15) -> 161 | P15: =SUM(C15:N15) -> 341 | R15: 1200-1300 | S15: =SUM(C30:C33) -> 156 | T15: =SUM(D30:D33) -> 64 | U15: =SUM(E30:E33) -> 15 | V15: =SUM(F30:F33) -> 30 | W15: =SUM(G30:G33) -> 1 | X15: =SUM(H30:H33) -> 0 | Y15: =SUM(I30:I33) -> 13 | Z15: =SUM(J30:J33) -> 11 | ... AF15: =SUM(P30:P33) -> 662
B16: 08.30 - 08.45 | C16: 59 | D16: 28 | E16: 2 | F16: 13 | G16: 0 | H16: 0 | I16: 4 | J16: 1 | K16: 1 | L16: 4 | M16: 140 | N16: 0 | O16: =SUM(C16:L16,N16) -> 112 | P16: =SUM(C16:N16) -> 252 | R16: 1300-1400 | S16: =SUM(C34:C37) -> 130 | T16: =SUM(D34:D37) -> 65 | U16: =SUM(E34:E37) -> 29 | V16: =SUM(F34:F37) -> 36 | W16: =SUM(G34:G37) -> 0 | X16: =SUM(H34:H37) -> 0 | Y16: =SUM(I34:I37) -> 13 | Z16: =SUM(J34:J37) -> 8 | ... AF16: =SUM(P34:P37) -> 690
B17: 08.45 - 9.00 | C17: 59 | D17: 20 | E17: 8 | F17: 12 | G17: 2 | H17: 0 | I17: 4 | J17: 1 | K17: 0 | L17: 2 | M17: 150 | N17: 0 | O17: =SUM(C17:L17,N17) -> 108 | P17: =SUM(C17:N17) -> 258 | R17: 1400-1500 | S17: =SUM(C38:C41) -> 169 | T17: =SUM(D38:D41) -> 59 | U17: =SUM(E38:E41) -> 19 | V17: =SUM(F38:F41) -> 31 | W17: =SUM(G38:G41) -> 10 | X17: =SUM(H38:H41) -> 0 | Y17: =SUM(I38:I41) -> 16 | Z17: =SUM(J38:J41) -> 7 | ... AF17: =SUM(P38:P41) -> 700
B18: 09.00 - 09.15 | C18: 62 | D18: 48 | E18: 6 | F18: 10 | G18: 0 | H18: 0 | I18: 6 | J18: 4 | K18: 0 | L18: 1 | M18: 153 | N18: 0 | O18: =SUM(C18:L18,N18) -> 137 | P18: =SUM(C18:N18) -> 290 | R18: 1500-1600 | S18: =SUM(C42:C45) -> 175 | T18: =SUM(D42:D45) -> 58 | U18: =SUM(E42:E45) -> 29 | V18: =SUM(F42:F45) -> 34 | W18: =SUM(G42:G45) -> 0 | X18: =SUM(H42:H45) -> 0 | Y18: =SUM(I42:I45) -> 20 | Z18: =SUM(J42:J45) -> 9 | ... AF18: =SUM(P42:P45) -> 679
B19: 09.15 - 09.30 | C19: 56 | D19: 17 | E19: 3 | F19: 11 | G19: 0 | H19: 0 | I19: 4 | J19: 3 | K19: 1 | L19: 1 | M19: 141 | N19: 0 | O19: =SUM(C19:L19,N19) -> 96 | P19: =SUM(C19:N19) -> 237 | R19: 1600-1700 | S19: =SUM(C46:C49) -> 203 | T19: =SUM(D46:D49) -> 76 | U19: =SUM(E46:E49) -> 16 | V19: =SUM(F46:F49) -> 36 | W19: =SUM(G46:G49) -> 1 | X19: =SUM(H46:H49) -> 0 | Y19: =SUM(I46:I49) -> 17 | Z19: =SUM(J46:J49) -> 8 | ... AF19: =SUM(P46:P49) -> 803
B20: 09.30 - 09.45 | C20: 66 | D20: 30 | E20: 7 | F20: 11 | G20: 0 | H20: 0 | I20: 6 | J20: 3 | K20: 1 | L20: 1 | M20: 160 | N20: 0 | O20: =SUM(C20:L20,N20) -> 125 | P20: =SUM(C20:N20) -> 285 | R20: 1700-1800 | S20: =SUM(C50:C53) -> 225 | T20: =SUM(D50:D53) -> 69 | U20: =SUM(E50:E53) -> 15 | V20: =SUM(F50:F53) -> 48 | W20: =SUM(G50:G53) -> 2 | X20: =SUM(H50:H53) -> 0 | Y20: =SUM(I50:I53) -> 20 | Z20: =SUM(J50:J53) -> 7 | ... AF20: =SUM(P50:P53) -> 843
B21: 09.45 - 10.00 | C21: 50 | D21: 35 | E21: 5 | F21: 13 | G21: 0 | H21: 0 | I21: 5 | J21: 4 | K21: 0 | L21: 0 | M21: 118 | N21: 0 | O21: =SUM(C21:L21,N21) -> 112 | P21: =SUM(C21:N21) -> 230 | R21: 1800-1900 | S21: =SUM(C54:C57) -> 151 | T21: =SUM(D54:D57) -> 52 | U21: =SUM(E54:E57) -> 17 | V21: =SUM(F54:F57) -> 38 | W21: =SUM(G54:G57) -> 0 | X21: =SUM(H54:H57) -> 0 | Y21: =SUM(I54:I57) -> 12 | Z21: =SUM(J54:J57) -> 5 | ... AF21: =SUM(P54:P57) -> 663
B22: 10.00 - 10.15 | C22: 30 | D22: 7 | E22: 1 | F22: 3 | G22: 0 | H22: 0 | I22: 4 | J22: 2 | K22: 0 | L22: 0 | M22: 90 | N22: 0 | O22: =SUM(C22:L22,N22) -> 47 | P22: =SUM(C22:N22) -> 137 | R22: AM Peak Hr | S22: =MAX(S10:S12) -> 459 | T22: =MAX(T10:T12) -> 256 | U22: =MAX(U10:U12) -> 59 | V22: =MAX(V10:V12) -> 70 | W22: =MAX(W10:W12) -> 3 | X22: =MAX(X10:X12) -> 0 | Y22: =MAX(Y10:Y12) -> 21 | Z22: =MAX(Z10:Z12) -> 14 | ... AF22: =MAX(AF10:AF12) -> 1487
B23: 10.15 - 10.30 | C23: 55 | D23: 21 | E23: 3 | F23: 8 | G23: 0 | H23: 0 | I23: 3 | J23: 1 | K23: 0 | L23: 1 | M23: 100 | N23: 0 | O23: =SUM(C23:L23,N23) -> 92 | P23: =SUM(C23:N23) -> 192 | R23: IP Peak Hr | S23: =MAX(S13:S18) -> 175 | T23: =MAX(T13:T18) -> 65 | U23: =MAX(U13:U18) -> 29 | V23: =MAX(V13:V18) -> 36 | W23: =MAX(W13:W18) -> 10 | X23: =MAX(X13:X18) -> 0 | Y23: =MAX(Y13:Y18) -> 20 | Z23: =MAX(Z13:Z18) -> 11 | ... AF23: =MAX(AF13:AF18) -> 700
B24: 10.30 - 10.45 | C24: 52 | D24: 24 | E24: 5 | F24: 8 | G24: 0 | H24: 0 | I24: 3 | J24: 1 | K24: 0 | L24: 3 | M24: 81 | N24: 0 | O24: =SUM(C24:L24,N24) -> 96 | P24: =SUM(C24:N24) -> 177 | R24: PM Peak Hr | S24: =MAX(S19:S21) -> 225 | T24: =MAX(T19:T21) -> 76 | U24: =MAX(U19:U21) -> 17 | V24: =MAX(V19:V21) -> 48 | W24: =MAX(W19:W21) -> 2 | X24: =MAX(X19:X21) -> 0 | Y24: =MAX(Y19:Y21) -> 20 | Z24: =MAX(Z19:Z21) -> 8 | ... AF24: =MAX(AF19:AF21) -> 843
B25: 10.45 - 11.00 | C25: 28 | D25: 6 | E25: 5 | F25: 12 | G25: 0 | H25: 0 | I25: 8 | J25: 3 | K25: 0 | L25: 0 | M25: 97 | N25: 0 | O25: =SUM(C25:L25,N25) -> 62 | P25: =SUM(C25:N25) -> 159 | R25: AM Period | S25: =SUM(S10:S12) -> 1023 | T25: =SUM(T10:T12) -> 521 | U25: =SUM(U10:U12) -> 112 | V25: =SUM(V10:V12) -> 178 | W25: =SUM(W10:W12) -> 5 | X25: =SUM(X10:X12) -> 0 | Y25: =SUM(Y10:Y12) -> 49 | Z25: =SUM(Z10:Z12) -> 27 | ... AF25: =SUM(AF10:AF12) -> 3742
B26: 11.00 - 11.15 | C26: 34 | D26: 12 | E26: 7 | F26: 6 | G26: 0 | H26: 0 | I26: 2 | J26: 1 | K26: 0 | L26: 1 | M26: 90 | N26: 0 | O26: =SUM(C26:L26,N26) -> 63 | P26: =SUM(C26:N26) -> 153 | R26: IP Period | S26: =SUM(S13:S18) -> 924 | T26: =SUM(T13:T18) -> 349 | U26: =SUM(U13:U18) -> 125 | V26: =SUM(V13:V18) -> 189 | W26: =SUM(W13:W18) -> 11 | X26: =SUM(X13:X18) -> 0 | Y26: =SUM(Y13:Y18) -> 96 | Z26: =SUM(Z13:Z18) -> 53 | ... AF26: =SUM(AF13:AF18) -> 3991
B27: 11.15 - 11.30 | C27: 31 | D27: 14 | E27: 6 | F27: 9 | G27: 0 | H27: 0 | I27: 5 | J27: 2 | K27: 0 | L27: 1 | M27: 76 | N27: 0 | O27: =SUM(C27:L27,N27) -> 68 | P27: =SUM(C27:N27) -> 144 | R27: PM Period | S27: =SUM(S19:S21) -> 579 | T27: =SUM(T19:T21) -> 197 | U27: =SUM(U19:U21) -> 48 | V27: =SUM(V19:V21) -> 122 | W27: =SUM(W19:W21) -> 3 | X27: =SUM(X19:X21) -> 0 | Y27: =SUM(Y19:Y21) -> 49 | Z27: =SUM(Z19:Z21) -> 20 | ... AF27: =SUM(AF19:AF21) -> 2309
B28: 11.30 - 11.45 | C28: 39 | D28: 10 | E28: 3 | F28: 8 | G28: 0 | H28: 0 | I28: 5 | J28: 3 | K28: 1 | L28: 2 | M28: 80 | N28: 0 | O28: =SUM(C28:L28,N28) -> 71 | P28: =SUM(C28:N28) -> 151 | R28: 12 Hours | S28: =SUM(S10:S21) -> 2526 | T28: =SUM(T10:T21) -> 1067 | U28: =SUM(U10:U21) -> 285 | V28: =SUM(V10:V21) -> 489 | W28: =SUM(W10:W21) -> 19 | X28: =SUM(X10:X21) -> 0 | Y28: =SUM(Y10:Y21) -> 194 | Z28: =SUM(Z10:Z21) -> 100 | ... AF28: =SUM(AF10:AF21) -> 10042
B29: 11.45 - 12.00 | C29: 25 | D29: 9 | E29: 3 | F29: 4 | G29: 0 | H29: 0 | I29: 4 | J29: 5 | K29: 1 | L29: 1 | M29: 95 | N29: 0 | O29: =SUM(C29:L29,N29) -> 52 | P29: =SUM(C29:N29) -> 147
B30: 12.00 - 12.15 | C30: 39 | D30: 20 | E30: 5 | F30: 9 | G30: 0 | H30: 0 | I30: 5 | J30: 3 | K30: 0 | L30: 0 | M30: 85 | N30: 0 | O30: =SUM(C30:L30,N30) -> 81 | P30: =SUM(C30:N30) -> 166
B31: 12.15 - 12.30 | C31: 31 | D31: 6 | E31: 2 | F31: 5 | G31: 0 | H31: 0 | I31: 1 | J31: 4 | K31: 2 | L31: 1 | M31: 95 | N31: 0 | O31: =SUM(C31:L31,N31) -> 52 | P31: =SUM(C31:N31) -> 147
B32: 12.30 - 12.45 | C32: 40 | D32: 20 | E32: 6 | F32: 7 | G32: 1 | H32: 0 | I32: 4 | J32: 2 | K32: 1 | L32: 2 | M32: 95 | N32: 0 | O32: =SUM(C32:L32,N32) -> 83 | P32: =SUM(C32:N32) -> 178
B33: 12.45 - 13.00 | C33: 46 | D33: 18 | E33: 2 | F33: 9 | G33: 0 | H33: 0 | I33: 3 | J33: 2 | K33: 0 | L33: 1 | M33: 90 | N33: 0 | O33: =SUM(C33:L33,N33) -> 81 | P33: =SUM(C33:N33) -> 171
B34: 13.00 - 13.15 | C34: 45 | D34: 14 | E34: 8 | F34: 9 | G34: 0 | H34: 0 | I34: 3 | J34: 2 | K34: 2 | L34: 3 | M34: 120 | N34: 0 | O34: =SUM(C34:L34,N34) -> 86 | P34: =SUM(C34:N34) -> 206
B35: 13.15 - 13.30 | C35: 24 | D35: 21 | E35: 5 | F35: 9 | G35: 0 | H35: 0 | I35: 3 | J35: 1 | K35: 1 | L35: 0 | M35: 95 | N35: 0 | O35: =SUM(C35:L35,N35) -> 64 | P35: =SUM(C35:N35) -> 159
B36: 13.30 - 13.45 | C36: 29 | D36: 14 | E36: 4 | F36: 8 | G36: 0 | H36: 0 | I36: 7 | J36: 3 | K36: 1 | L36: 7 | M36: 105 | N36: 0 | O36: =SUM(C36:L36,N36) -> 73 | P36: =SUM(C36:N36) -> 178
B37: 13.45 - 14.00 | C37: 32 | D37: 16 | E37: 12 | F37: 10 | G37: 0 | H37: 0 | I37: 0 | J37: 2 | K37: 0 | L37: 2 | M37: 73 | N37: 0 | O37: =SUM(C37:L37,N37) -> 74 | P37: =SUM(C37:N37) -> 147
B38: 14.00 - 14.15 | C38: 45 | D38: 16 | E38: 2 | F38: 9 | G38: 0 | H38: 0 | I38: 6 | J38: 2 | K38: 0 | L38: 1 | M38: 80 | N38: 0 | O38: =SUM(C38:L38,N38) -> 81 | P38: =SUM(C38:N38) -> 161
B39: 14.15 - 14.30 | C39: 45 | D39: 20 | E39: 6 | F39: 5 | G39: 4 | H39: 0 | I39: 3 | J39: 1 | K39: 2 | L39: 1 | M39: 102 | N39: 0 | O39: =SUM(C39:L39,N39) -> 87 | P39: =SUM(C39:N39) -> 189
B40: 14.30 - 14.45 | C40: 43 | D40: 6 | E40: 6 | F40: 8 | G40: 4 | H40: 0 | I40: 4 | J40: 3 | K40: 0 | L40: 4 | M40: 105 | N40: 0 | O40: =SUM(C40:L40,N40) -> 78 | P40: =SUM(C40:N40) -> 183
... B57: 18.45 - 19.00 | C57: 33 | D57: 9 | E57: 4 | F57: 6 | G57: 0 | H57: 0 | I57: 1 | J57: 1 | K57: 1 | L57: 0 | M57: 75 | N57: 0 | O57: =SUM(C57:L57,N57) -> 55 | P57: =SUM(C57:N57) -> 130
B58: Totals | C58: =SUM(C10:C57) -> 2526 | D58: =SUM(D10:D57) -> 1067 | E58: =SUM(E10:E57) -> 285 | F58: =SUM(F10:F57) -> 489 | G58: =SUM(G10:G57) -> 19 | H58: =SUM(H10:H57) -> 0 | I58: =SUM(I10:I57) -> 194 | J58: =SUM(J10:J57) -> 100 | ... P58: =SUM(P10:P57) -> 10042
B59: %ges + MCs | C59: =C58/$P$58 -> 0.25154352 | D59: =D58/$P$58 -> 0.10625373 | E59: =E58/$P$58 -> 0.028380801 | F59: =F58/$P$58 -> 0.048695479 | G59: =G58/$P$58 -> 0.0018920534 | H59: =H58/$P$58 -> 0 | I59: =I58/$P$58 -> 0.019318861 | J59: =J58/$P$58 -> 0.0099581757 | ... N59: =N58/$P$58 -> 0.00019916351
B60: %ges w/o MCs | C60: =C58/$O$58 -> 0.52834135 | D60: =D58/$O$58 -> 0.22317507 | E60: =E58/$O$58 -> 0.05961096 | F60: =F58/$O$58 -> 0.10227986 | G60: =G58/$O$58 -> 0.003974064 | H60: =H58/$O$58 -> 0 | I60: =I58/$O$58 -> 0.040577285 | J60: =J58/$O$58 -> 0.020916126 | ... L60: =L58/$O$58 -> 0.014013805 | N60: =N58/$O$58 -> 0.00041832253

Sheet 31.07 Ntinda-Kisaasi
B1: Consultancy services for Preparation of Expressway Development Master Plan (EDMP) for Uganda
B2: MANUAL CLASSIFIED COUNT (MCC)
B3: ROAD NAME: | C3: ='29.07 Ntinda-Kisaasi'!C3:G3 -> MCC - C1 - STN33 - NTINDA ROAD
C5: Date | D5: ='31.07 Kisaasi-Ntinda'!D5 -> 31.07.19 | F5: Location | G5: ='29.07 Kisaasi-Ntinda'!G5:H5 -> Ndere Center | J5: Surveyor | K5: Okello Peter
C6: Dir. From | D6: ='29.07 Ntinda-Kisaasi'!D6:E6 -> Ntinda | F6: Dir. To | G6: ='29.07 Ntinda-Kisaasi'!G6:H6 -> Kisaasi | J6: Supervisor | K6: ='29.07 Kisaasi-Ntinda'!K6:L6 -> Steven
B8: Time / Veh Type | R8: SUMMARY TRAFFIC VOLUMES
C9: 1. Car | D9: 2. Station Wagon | E9: 3. Pickups | F9: 4. Minibus, matatu | G9: 5. Medium bus | H9: 6. Large Bus | I9: 7. Light Truck | J9: 8. Medium Truck | K9: 9. Heavy truck | L9: 10. Truck Trailer | M9: 11. Motor cycles | N9: 12. Tractors | O9: Total Excl M/Cycles | P9: Total All | R9: Time | S9: 1. Car | T9: 2. Station Wagon | U9: 3. Pickups | V9: 4. Minibus, matatu | W9: 5. Medium bus | X9: 6. Large Bus | Y9: 7. Light Truck | Z9: 8. Medium Truck | AA9: 9. Heavy truck | AB9: 10. Truck Trailer | AC9: 11. Motorcycles | AD9: 12. Tractors, Graders | AE9: Total Excl M/ Cycles | AF9: Total All
B10: 07.00 - 07.15 | C10: 31 | D10: 11 | E10: 9 | F10: 10 | G10: 0 | H10: 0 | I10: 1 | J10: 0 | K10: 0 | L10: 0 | M10: 35 | N10: 0 | O10: =SUM(C10:L10,N10) -> 62 | P10: =SUM(C10:N10) -> 97 | R10: 0700-0800 | S10: =SUM(C10:C13) -> 135 | T10: =SUM(D10:D13) -> 59 | U10: =SUM(E10:E13) -> 20 | V10: =SUM(F10:F13) -> 95 | W10: =SUM(G10:G13) -> 1 | X10: =SUM(H10:H13) -> 0 | Y10: =SUM(I10:I13) -> 6 | Z10: =SUM(J10:J13) -> 3 | ... AF10: =SUM(P10:P13) -> 628
B11: 07.15 - 07.30 | C11: 40 | D11: 21 | E11: 6 | F11: 42 | G11: 1 | H11: 0 | I11: 2 | J11: 0 | K11: 2 | L11: 2 | M11: 75 | N11: 0 | O11: =SUM(C11:L11,N11) -> 116 | P11: =SUM(C11:N11) -> 191 | R11: 0800-0900 | S11: =SUM(C14:C17) -> 99 | T11: =SUM(D14:D17) -> 49 | U11: =SUM(E14:E17) -> 16 | V11: =SUM(F14:F17) -> 149 | W11: =SUM(G14:G17) -> 0 | X11: =SUM(H14:H17) -> 0 | Y11: =SUM(I14:I17) -> 16 | Z11: =SUM(J14:J17) -> 0 | ... AF11: =SUM(P14:P17) -> 831
B12: 07.30 - 07.45 | C12: 27 | D12: 7 | E12: 3 | F12: 22 | G12: 0 | H12: 0 | I12: 2 | J12: 0 | K12: 0 | L12: 1 | M12: 80 | N12: 0 | O12: =SUM(C12:L12,N12) -> 62 | P12: =SUM(C12:N12) -> 142 | R12: 0900-1000 | S12: =SUM(C18:C21) -> 109 | T12: =SUM(D18:D21) -> 54 | U12: =SUM(E18:E21) -> 19 | V12: =SUM(F18:F21) -> 80 | W12: =SUM(G18:G21) -> 0 | X12: =SUM(H18:H21) -> 0 | Y12: =SUM(I18:I21) -> 18 | Z12: =SUM(J18:J21) -> 4 | ... AF12: =SUM(P18:P21) -> 639
B13: 07.45 - 08.00 | C13: 37 | D13: 20 | E13: 2 | F13: 21 | G13: 0 | H13: 0 | I13: 1 | J13: 3 | K13: 2 | L13: 0 | M13: 112 | N13: 0 | O13: =SUM(C13:L13,N13) -> 86 | P13: =SUM(C13:N13) -> 198 | R13: 1000-1100 | S13: =SUM(C22:C25) -> 132 | T13: =SUM(D22:D25) -> 61 | U13: =SUM(E22:E25) -> 32 | V13: =SUM(F22:F25) -> 67 | W13: =SUM(G22:G25) -> 1 | X13: =SUM(H22:H25) -> 0 | Y13: =SUM(I22:I25) -> 24 | Z13: =SUM(J22:J25) -> 5 | ... AF13: =SUM(P22:P25) -> 604
B14: 08.00 - 08.15 | C14: 21 | D14: 19 | E14: 3 | F14: 42 | G14: 0 | H14: 0 | I14: 3 | J14: 0 | K14: 0 | L14: 1 | M14: 132 | N14: 0 | O14: =SUM(C14:L14,N14) -> 89 | P14: =SUM(C14:N14) -> 221 | R14: 1100-1200 | S14: =SUM(C26:C29) -> 118 | T14: =SUM(D26:D29) -> 52 | U14: =SUM(E26:E29) -> 36 | V14: =SUM(F26:F29) -> 64 | W14: =SUM(G26:G29) -> 1 | X14: =SUM(H26:H29) -> 0 | Y14: =SUM(I26:I29) -> 28 | Z14: =SUM(J26:J29) -> 4 | ... AF14: =SUM(P26:P29) -> 629
B15: 08.15 - 08.30 | C15: 23 | D15: 8 | E15: 4 | F15: 30 | G15: 0 | H15: 0 | I15: 4 | J15: 0 | K15: 0 | L15: 2 | M15: 135 | N15: 0 | O15: =SUM(C15:L15,N15) -> 71 | P15: =SUM(C15:N15) -> 206 | R15: 1200-1300 | S15: =SUM(C30:C33) -> 135 | T15: =SUM(D30:D33) -> 57 | U15: =SUM(E30:E33) -> 21 | V15: =SUM(F30:F33) -> 152 | W15: =SUM(G30:G33) -> 0 | X15: =SUM(H30:H33) -> 0 | Y15: =SUM(I30:I33) -> 15 | Z15: =SUM(J30:J33) -> 8 | ... AF15: =SUM(P30:P33) -> 662
B16: 08.30 - 08.45 | C16: 29 | D16: 9 | E16: 4 | F16: 43 | G16: 0 | H16: 0 | I16: 6 | J16: 0 | K16: 0 | L16: 0 | M16: 130 | N16: 0 | O16: =SUM(C16:L16,N16) -> 91 | P16: =SUM(C16:N16) -> 221 | R16: 1300-1400 | S16: =SUM(C34:C37) -> 130 | T16: =SUM(D34:D37) -> 68 | U16: =SUM(E34:E37) -> 37 | V16: =SUM(F34:F37) -> 44 | W16: =SUM(G34:G37) -> 1 | X16: =SUM(H34:H37) -> 0 | Y16: =SUM(I34:I37) -> 14 | Z16: =SUM(J34:J37) -> 3 | ... AF16: =SUM(P34:P37) -> 505
B17: 08.45 - 9.00 | C17: 26 | D17: 13 | E17: 5 | F17: 34 | G17: 0 | H17: 0 | I17: 3 | J17: 0 | K17: 0 | L17: 1 | M17: 101 | N17: 0 | O17: =SUM(C17:L17,N17) -> 82 | P17: =SUM(C17:N17) -> 183 | R17: 1400-1500 | S17: =SUM(C38:C41) -> 152 | T17: =SUM(D38:D41) -> 90 | U17: =SUM(E38:E41) -> 28 | V17: =SUM(F38:F41) -> 53 | W17: =SUM(G38:G41) -> 0 | X17: =SUM(H38:H41) -> 0 | Y17: =SUM(I38:I41) -> 28 | Z17: =SUM(J38:J41) -> 4 | ... AF17: =SUM(P38:P41) -> 566
B18: 09.00 - 09.15 | C18: 18 | D18: 14 | E18: 1 | F18: 21 | G18: 0 | H18: 0 | I18: 3 | J18: 1 | K18: 0 | L18: 1 | M18: 87 | N18: 0 | O18: =SUM(C18:L18,N18) -> 59 | P18: =SUM(C18:N18) -> 146 | R18: 1500-1600 | S18: =SUM(C42:C45) -> 167 | T18: =SUM(D42:D45) -> 80 | U18: =SUM(E42:E45) -> 25 | V18: =SUM(F42:F45) -> 59 | W18: =SUM(G42:G45) -> 3 | X18: =SUM(H42:H45) -> 0 | Y18: =SUM(I42:I45) -> 15 | Z18: =SUM(J42:J45) -> 5 | ... AF18: =SUM(P42:P45) -> 641
B19: 09.15 - 09.30 | C19: 37 | D19: 16 | E19: 5 | F19: 16 | G19: 0 | H19: 0 | I19: 4 | J19: 1 | K19: 1 | L19: 3 | M19: 104 | N19: 0 | O19: =SUM(C19:L19,N19) -> 83 | P19: =SUM(C19:N19) -> 187 | R19: 1600-1700 | S19: =SUM(C46:C49) -> 243 | T19: =SUM(D46:D49) -> 97 | U19: =SUM(E46:E49) -> 31 | V19: =SUM(F46:F49) -> 68 | W19: =SUM(G46:G49) -> 3 | X19: =SUM(H46:H49) -> 1 | Y19: =SUM(I46:I49) -> 17 | Z19: =SUM(J46:J49) -> 9 | ... AF19: =SUM(P46:P49) -> 735
B20: 09.30 - 09.45 | C20: 26 | D20: 12 | E20: 6 | F20: 23 | G20: 0 | H20: 0 | I20: 5 | J20: 2 | K20: 0 | L20: 3 | M20: 103 | N20: 0 | O20: =SUM(C20:L20,N20) -> 77 | P20: =SUM(C20:N20) -> 180 | R20: 1700-1800 | S20: =SUM(C50:C53) -> 350 | T20: =SUM(D50:D53) -> 97 | U20: =SUM(E50:E53) -> 47 | V20: =SUM(F50:F53) -> 74 | W20: =SUM(G50:G53) -> 4 | X20: =SUM(H50:H53) -> 0 | Y20: =SUM(I50:I53) -> 15 | Z20: =SUM(J50:J53) -> 9 | ... AF20: =SUM(P50:P53) -> 927
B21: 09.45 - 10.00 | C21: 28 | D21: 12 | E21: 7 | F21: 20 | G21: 0 | H21: 0 | I21: 6 | J21: 0 | K21: 0 | L21: 3 | M21: 50 | N21: 0 | O21: =SUM(C21:L21,N21) -> 76 | P21: =SUM(C21:N21) -> 126 | R21: 1800-1900 | S21: =SUM(C54:C57) -> 339 | T21: =SUM(D54:D57) -> 118 | U21: =SUM(E54:E57) -> 40 | V21: =SUM(F54:F57) -> 72 | W21: =SUM(G54:G57) -> 0 | X21: =SUM(H54:H57) -> 0 | Y21: =SUM(I54:I57) -> 10 | Z21: =SUM(J54:J57) -> 15 | ... AF21: =SUM(P54:P57) -> 1001
B22: 10.00 - 10.15 | C22: 16 | D22: 11 | E22: 10 | F22: 15 | G22: 0 | H22: 0 | I22: 2 | J22: 0 | K22: 0 | L22: 2 | M22: 35 | N22: 0 | O22: =SUM(C22:L22,N22) -> 56 | P22: =SUM(C22:N22) -> 91 | R22: AM Peak Hr | S22: =MAX(S10:S12) -> 135 | T22: =MAX(T10:T12) -> 59 | U22: =MAX(U10:U12) -> 20 | V22: =MAX(V10:V12) -> 149 | W22: =MAX(W10:W12) -> 1 | X22: =MAX(X10:X12) -> 0 | Y22: =MAX(Y10:Y12) -> 18 | Z22: =MAX(Z10:Z12) -> 4 | ... AF22: =MAX(AF10:AF12) -> 831
B23: 10.15 - 10.30 | C23: 61 | D23: 17 | E23: 7 | F23: 28 | G23: 0 | H23: 0 | I23: 9 | J23: 4 | K23: 1 | L23: 8 | M23: 90 | N23: 0 | O23: =SUM(C23:L23,N23) -> 135 | P23: =SUM(C23:N23) -> 225 | R23: IP Peak Hr | S23: =MAX(S13:S18) -> 167 | T23: =MAX(T13:T18) -> 90 | U23: =MAX(U13:U18) -> 37 | V23: =MAX(V13:V18) -> 152 | W23: =MAX(W13:W18) -> 3 | X23: =MAX(X13:X18) -> 0 | Y23: =MAX(Y13:Y18) -> 28 | Z23: =MAX(Z13:Z18) -> 8 | ... AF23: =MAX(AF13:AF18) -> 662
B24: 10.30 - 10.45 | C24: 29 | D24: 12 | E24: 5 | F24: 12 | G24: 1 | H24: 0 | I24: 4 | J24: 1 | K24: 0 | L24: 2 | M24: 40 | N24: 0 | O24: =SUM(C24:L24,N24) -> 66 | P24: =SUM(C24:N24) -> 106 | R24: PM Peak Hr | S24: =MAX(S19:S21) -> 350 | T24: =MAX(T19:T21) -> 118 | U24: =MAX(U19:U21) -> 47 | V24: =MAX(V19:V21) -> 74 | W24: =MAX(W19:W21) -> 4 | X24: =MAX(X19:X21) -> 1 | Y24: =MAX(Y19:Y21) -> 17 | Z24: =MAX(Z19:Z21) -> 15 | ... AF24: =MAX(AF19:AF21) -> 1001
B25: 10.45 - 11.00 | C25: 26 | D25: 21 | E25: 10 | F25: 12 | G25: 0 | H25: 0 | I25: 9 | J25: 0 | K25: 1 | L25: 1 | M25: 102 | N25: 0 | O25: =SUM(C25:L25,N25) -> 80 | P25: =SUM(C25:N25) -> 182 | R25: AM Period | S25: =SUM(S10:S12) -> 343 | T25: =SUM(T10:T12) -> 162 | U25: =SUM(U10:U12) -> 55 | V25: =SUM(V10:V12) -> 324 | W25: =SUM(W10:W12) -> 1 | X25: =SUM(X10:X12) -> 0 | Y25: =SUM(Y10:Y12) -> 40 | Z25: =SUM(Z10:Z12) -> 7 | ... AF25: =SUM(AF10:AF12) -> 2098
B26: 11.00 - 11.15 | C26: 34 | D26: 13 | E26: 5 | F26: 17 | G26: 0 | H26: 0 | I26: 7 | J26: 0 | K26: 0 | L26: 1 | M26: 75 | N26: 0 | O26: =SUM(C26:L26,N26) -> 77 | P26: =SUM(C26:N26) -> 152 | R26: IP Period | S26: =SUM(S13:S18) -> 834 | T26: =SUM(T13:T18) -> 408 | U26: =SUM(U13:U18) -> 179 | V26: =SUM(V13:V18) -> 439 | W26: =SUM(W13:W18) -> 6 | X26: =SUM(X13:X18) -> 0 | Y26: =SUM(Y13:Y18) -> 124 | Z26: =SUM(Z13:Z18) -> 29 | ... AF26: =SUM(AF13:AF18) -> 3607
B27: 11.15 - 11.30 | C27: 31 | D27: 12 | E27: 6 | F27: 13 | G27: 1 | H27: 0 | I27: 3 | J27: 1 | K27: 0 | L27: 3 | M27: 50 | N27: 0 | O27: =SUM(C27:L27,N27) -> 70 | P27: =SUM(C27:N27) -> 120 | R27: PM Period | S27: =SUM(S19:S21) -> 932 | T27: =SUM(T19:T21) -> 312 | U27: =SUM(U19:U21) -> 118 | V27: =SUM(V19:V21) -> 214 | W27: =SUM(W19:W21) -> 7 | X27: =SUM(X19:X21) -> 1 | Y27: =SUM(Y19:Y21) -> 42 | Z27: =SUM(Z19:Z21) -> 33 | ... AF27: =SUM(AF19:AF21) -> 2663
B28: 11.30 - 11.45 | C28: 21 | D28: 10 | E28: 13 | F28: 13 | G28: 0 | H28: 0 | I28: 8 | J28: 2 | K28: 4 | L28: 12 | M28: 95 | N28: 0 | O28: =SUM(C28:L28,N28) -> 83 | P28: =SUM(C28:N28) -> 178 | R28: 12 Hours | S28: =SUM(S10:S21) -> 2109 | T28: =SUM(T10:T21) -> 882 | U28: =SUM(U10:U21) -> 352 | V28: =SUM(V10:V21) -> 977 | W28: =SUM(W10:W21) -> 14 | X28: =SUM(X10:X21) -> 1 | Y28: =SUM(Y10:Y21) -> 206 | Z28: =SUM(Z10:Z21) -> 69 | ... AF28: =SUM(AF10:AF21) -> 8368
B29: 11.45 - 12.00 | C29: 32 | D29: 17 | E29: 12 | F29: 21 | G29: 0 | H29: 0 | I29: 10 | J29: 1 | K29: 1 | L29: 7 | M29: 78 | N29: 0 | O29: =SUM(C29:L29,N29) -> 101 | P29: =SUM(C29:N29) -> 179
B30: 12.00 - 12.15 | C30: 34 | D30: 17 | E30: 8 | F30: 13 | G30: 0 | H30: 0 | I30: 3 | J30: 2 | K30: 0 | L30: 1 | M30: 65 | N30: 0 | O30: =SUM(C30:L30,N30) -> 78 | P30: =SUM(C30:N30) -> 143
B31: 12.15 - 12.30 | C31: 36 | D31: 16 | E31: 6 | F31: 16 | G31: 0 | H31: 0 | I31: 3 | J31: 3 | K31: 2 | L31: 1 | M31: 50 | N31: 0 | O31: =SUM(C31:L31,N31) -> 83 | P31: =SUM(C31:N31) -> 133
B32: 12.30 - 12.45 | C32: 32 | D32: 13 | E32: 6 | F32: 110 | G32: 0 | H32: 0 | I32: 6 | J32: 2 | K32: 1 | L32: 1 | M32: 85 | N32: 0 | O32: =SUM(C32:L32,N32) -> 171 | P32: =SUM(C32:N32) -> 256
B33: 12.45 - 13.00 | C33: 33 | D33: 11 | E33: 1 | F33: 13 | G33: 0 | H33: 0 | I33: 3 | J33: 1 | K33: 0 | L33: 3 | M33: 65 | N33: 0 | O33: =SUM(C33:L33,N33) -> 65 | P33: =SUM(C33:N33) -> 130
B34: 13.00 - 13.15 | C34: 25 | D34: 20 | E34: 21 | F34: 12 | G34: 0 | H34: 0 | I34: 8 | J34: 0 | K34: 0 | L34: 1 | M34: 40 | N34: 0 | O34: =SUM(C34:L34,N34) -> 87 | P34: =SUM(C34:N34) -> 127
B35: 13.15 - 13.30 | C35: 35 | D35: 7 | E35: 1 | F35: 5 | G35: 0 | H35: 0 | I35: 0 | J35: 1 | K35: 0 | L35: 2 | M35: 65 | N35: 0 | O35: =SUM(C35:L35,N35) -> 51 | P35: =SUM(C35:N35) -> 116
B36: 13.30 - 13.45 | C36: 30 | D36: 20 | E36: 7 | F36: 11 | G36: 0 | H36: 0 | I36: 3 | J36: 0 | K36: 0 | L36: 3 | M36: 53 | N36: 0 | O36: =SUM(C36:L36,N36) -> 74 | P36: =SUM(C36:N36) -> 127
B37: 13.45 - 14.00 | C37: 40 | D37: 21 | E37: 8 | F37: 16 | G37: 1 | H37: 0 | I37: 3 | J37: 2 | K37: 2 | L37: 2 | M37: 40 | N37: 0 | O37: =SUM(C37:L37,N37) -> 95 | P37: =SUM(C37:N37) -> 135
B38: 14.00 - 14.15 | C38: 41 | D38: 24 | E38: 6 | F38: 7 | G38: 0 | H38: 0 | I38: 5 | J38: 1 | K38: 2 | L38: 0 | M38: 60 | N38: 0 | O38: =SUM(C38:L38,N38) -> 86 | P38: =SUM(C38:N38) -> 146
B39: 14.15 - 14.30 | C39: 34 | D39: 20 | E39: 10 | F39: 20 | G39: 0 | H39: 0 | I39: 6 | J39: 1 | K39: 0 | L39: 4 | M39: 50 | N39: 0 | O39: =SUM(C39:L39,N39) -> 95 | P39: =SUM(C39:N39) -> 145
B40: 14.30 - 14.45 | C40: 34 | D40: 18 | E40: 6 | F40: 15 | G40: 0 | H40: 0 | I40: 11 | J40: 1 | K40: 1 | L40: 0 | M40: 51 | N40: 0 | O40: =SUM(C40:L40,N40) -> 86 | P40: =SUM(C40:N40) -> 137
... B57: 18.45 - 19.00 | C57: 53 | D57: 12 | E57: 9 | F57: 13 | G57: 0 | H57: 0 | I57: 0 | J57: 4 | K57: 0 | L57: 1 | M57: 65 | N57: 0 | O57: =SUM(C57:L57,N57) -> 92 | P57: =SUM(C57:N57) -> 157
B58: Totals | C58: =SUM(C10:C57) -> 2109 | D58: =SUM(D10:D57) -> 882 | E58: =SUM(E10:E57) -> 352 | F58: =SUM(F10:F57) -> 977 | G58: =SUM(G10:G57) -> 14 | H58: =SUM(H10:H57) -> 1 | I58: =SUM(I10:I57) -> 206 | J58: =SUM(J10:J57) -> 69 | ... P58: =SUM(P10:P57) -> 8368
B59: %ges + MCs | C59: =C58/$P$58 -> 0.25203155 | D59: =D58/$P$58 -> 0.10540153 | E59: =E58/$P$58 -> 0.04206501 | F59: =F58/$P$58 -> 0.1167543 | G59: =G58/$P$58 -> 0.0016730402 | H59: =H58/$P$58 -> 0.00011950287 | I59: =I58/$P$58 -> 0.024617591 | J59: =J58/$P$58 -> 0.0082456979 | ... N59: =N58/$P$58 -> 0.00011950287
B60: %ges w/o MCs | C60: =C58/$O$58 -> 0.44446786 | D60: =D58/$O$58 -> 0.18587987 | E60: =E58/$O$58 -> 0.074183351 | F60: =F58/$O$58 -> 0.20590095 | G60: =G58/$O$58 -> 0.0029504742 | H60: =H58/$O$58 -> 0.00021074816 | I60: =I58/$O$58 -> 0.04341412 | J60: =J58/$O$58 -> 0.014541623 | ... L60: =L58/$O$58 -> 0.021917808 | N60: =N58/$O$58 -> 0.00021074816

Sheet 01.08 Kisaasi-Ntinda-24h
B1: Consultancy services for Preparation of Expressway Development Master Plan (EDMP) for Uganda
B2: MANUAL CLASSIFIED COUNT (MCC)
B3: ROAD NAME: | C3: ='29.07 Kisaasi-Ntinda'!C3:G3 -> MCC - C1 - STN33 - NTINDA ROAD
C5: Date | D5: 01.08.19 | F5: Location | G5: ='02.08 Ntinda-Kisaasi'!G5:H5 -> Ndere Center | J5: Surveyor | K5: Faridah & Omaset Jerome
C6: Dir. From | D6: ='29.07 Kisaasi-Ntinda'!D6:E6 -> Kisaasi | F6: Dir. To | G6: ='29.07 Kisaasi-Ntinda'!G6:H6 -> Ntinda | J6: Supervisor | K6: Denis
B8: Time / Veh Type | R8: SUMMARY TRAFFIC VOLUMES
C9: 1. Car | D9: 2. Station Wagon | E9: 3. Pickups | F9: 4. Minibus, matatu | G9: 5. Medium bus | H9: 6. Large Bus | I9: 7. Light Truck | J9: 8. Medium Truck | K9: 9. Heavy truck | L9: 10. Truck Trailer | M9: 11. Motor cycles | N9: 12. Tractors | O9: Total Excl M/Cycles | P9: Total All | R9: Time | S9: 1. Car | T9: 2. Station Wagon | U9: 3. Pickups | V9: 4. Minibus, matatu | W9: 5. Medium bus | X9: 6. Large Bus | Y9: 7. Light Truck | Z9: 8. Medium Truck | AA9: 9. Heavy truck | AB9: 10. Truck Trailer | AC9: 11. Motorcycles | AD9: 12. Tractors, Graders | AE9: Total Excl M/ Cycles | AF9: Total All
B10: 07.00 - 07.15 | C10: 61 | D10: 36 | E10: 33 | F10: 11 | G10: 0 | H10: 0 | I10: 3 | J10: 1 | K10: 1 | L10: 2 | M10: 70 | N10: 0 | O10: =SUM(C10:L10,N10) -> 148 | P10: =SUM(C10:N10) -> 218 | R10: 0700-0800 | S10: =SUM(C10:C13) -> 406 | T10: =SUM(D10:D13) -> 214 | U10: =SUM(E10:E13) -> 67 | V10: =SUM(F10:F13) -> 68 | W10: =SUM(G10:G13) -> 2 | X10: =SUM(H10:H13) -> 0 | Y10: =SUM(I10:I13) -> 13 | Z10: =SUM(J10:J13) -> 6 | ... AF10: =SUM(P10:P13) -> 1324
B11: 07.15 - 07.30 | C11: 125 | D11: 60 | E11: 15 | F11: 13 | G11: 0 | H11: 0 | I11: 6 | J11: 0 | K11: 0 | L11: 0 | M11: 130 | N11: 0 | O11: =SUM(C11:L11,N11) -> 219 | P11: =SUM(C11:N11) -> 349 | R11: 0800-0900 | S11: =SUM(C14:C17) -> 200 | T11: =SUM(D14:D17) -> 175 | U11: =SUM(E14:E17) -> 28 | V11: =SUM(F14:F17) -> 41 | W11: =SUM(G14:G17) -> 3 | X11: =SUM(H14:H17) -> 0 | Y11: =SUM(I14:I17) -> 18 | Z11: =SUM(J14:J17) -> 10 | ... AF11: =SUM(P14:P17) -> 1078
B12: 07.30 - 07.45 | C12: 118 | D12: 51 | E12: 11 | F12: 21 | G12: 1 | H12: 0 | I12: 3 | J12: 4 | K12: 0 | L12: 0 | M12: 170 | N12: 0 | O12: =SUM(C12:L12,N12) -> 209 | P12: =SUM(C12:N12) -> 379 | R12: 0900-1000 | S12: =SUM(C18:C21) -> 110 | T12: =SUM(D18:D21) -> 54 | U12: =SUM(E18:E21) -> 45 | V12: =SUM(F18:F21) -> 29 | W12: =SUM(G18:G21) -> 1 | X12: =SUM(H18:H21) -> 0 | Y12: =SUM(I18:I21) -> 11 | Z12: =SUM(J18:J21) -> 8 | ... AF12: =SUM(P18:P21) -> 818
B13: 07.45 - 08.00 | C13: 102 | D13: 67 | E13: 8 | F13: 23 | G13: 1 | H13: 0 | I13: 1 | J13: 1 | K13: 0 | L13: 0 | M13: 175 | N13: 0 | O13: =SUM(C13:L13,N13) -> 203 | P13: =SUM(C13:N13) -> 378 | R13: 1000-1100 | S13: =SUM(C22:C25) -> 100 | T13: =SUM(D22:D25) -> 88 | U13: =SUM(E22:E25) -> 18 | V13: =SUM(F22:F25) -> 29 | W13: =SUM(G22:G25) -> 0 | X13: =SUM(H22:H25) -> 1 | Y13: =SUM(I22:I25) -> 20 | Z13: =SUM(J22:J25) -> 10 | ... AF13: =SUM(P22:P25) -> 691
B14: 08.00 - 08.15 | C14: 75 | D14: 50 | E14: 10 | F14: 11 | G14: 2 | H14: 0 | I14: 5 | J14: 3 | K14: 0 | L14: 1 | M14: 170 | N14: 0 | O14: =SUM(C14:L14,N14) -> 157 | P14: =SUM(C14:N14) -> 327 | R14: 1100-1200 | S14: =SUM(C26:C29) -> 90 | T14: =SUM(D26:D29) -> 81 | U14: =SUM(E26:E29) -> 27 | V14: =SUM(F26:F29) -> 23 | W14: =SUM(G26:G29) -> 3 | X14: =SUM(H26:H29) -> 0 | Y14: =SUM(I26:I29) -> 15 | Z14: =SUM(J26:J29) -> 6 | ... AF14: =SUM(P26:P29) -> 637
B15: 08.15 - 08.30 | C15: 40 | D15: 50 | E15: 5 | F15: 17 | G15: 1 | H15: 0 | I15: 8 | J15: 3 | K15: 0 | L15: 2 | M15: 147 | N15: 0 | O15: =SUM(C15:L15,N15) -> 126 | P15: =SUM(C15:N15) -> 273 | R15: 1200-1300 | S15: =SUM(C30:C33) -> 127 | T15: =SUM(D30:D33) -> 95 | U15: =SUM(E30:E33) -> 15 | V15: =SUM(F30:F33) -> 35 | W15: =SUM(G30:G33) -> 1 | X15: =SUM(H30:H33) -> 0 | Y15: =SUM(I30:I33) -> 23 | Z15: =SUM(J30:J33) -> 6 | ... AF15: =SUM(P30:P33) -> 753
B16: 08.30 - 08.45 | C16: 35 | D16: 35 | E16: 8 | F16: 10 | G16: 0 | H16: 0 | I16: 2 | J16: 4 | K16: 0 | L16: 6 | M16: 125 | N16: 0 | O16: =SUM(C16:L16,N16) -> 100 | P16: =SUM(C16:N16) -> 225 | R16: 1300-1400 | S16: =SUM(C34:C37) -> 80 | T16: =SUM(D34:D37) -> 68 | U16: =SUM(E34:E37) -> 10 | V16: =SUM(F34:F37) -> 23 | W16: =SUM(G34:G37) -> 1 | X16: =SUM(H34:H37) -> 0 | Y16: =SUM(I34:I37) -> 19 | Z16: =SUM(J34:J37) -> 10 | ... AF16: =SUM(P34:P37) -> 534
B17: 08.45 - 9.00 | C17: 50 | D17: 40 | E17: 5 | F17: 3 | G17: 0 | H17: 0 | I17: 3 | J17: 0 | K17: 0 | L17: 2 | M17: 150 | N17: 0 | O17: =SUM(C17:L17,N17) -> 103 | P17: =SUM(C17:N17) -> 253 | R17: 1400-1500 | S17: =SUM(C38:C41) -> 88 | T17: =SUM(D38:D41) -> 72 | U17: =SUM(E38:E41) -> 23 | V17: =SUM(F38:F41) -> 33 | W17: =SUM(G38:G41) -> 3 | X17: =SUM(H38:H41) -> 0 | Y17: =SUM(I38:I41) -> 15 | Z17: =SUM(J38:J41) -> 10 | ... AF17: =SUM(P38:P41) -> 616
B18: 09.00 - 09.15 | C18: 20 | D18: 17 | E18: 5 | F18: 5 | G18: 1 | H18: 0 | I18: 3 | J18: 2 | K18: 0 | L18: 2 | M18: 150 | N18: 0 | O18: =SUM(C18:L18,N18) -> 55 | P18: =SUM(C18:N18) -> 205 | R18: 1500-1600 | S18: =SUM(C42:C45) -> 124 | T18: =SUM(D42:D45) -> 112 | U18: =SUM(E42:E45) -> 28 | V18: =SUM(F42:F45) -> 22 | W18: =SUM(G42:G45) -> 0 | X18: =SUM(H42:H45) -> 0 | Y18: =SUM(I42:I45) -> 15 | Z18: =SUM(J42:J45) -> 8 | ... AF18: =SUM(P42:P45) -> 658
B19: 09.15 - 09.30 | C19: 30 | D19: 20 | E19: 15 | F19: 6 | G19: 0 | H19: 0 | I19: 2 | J19: 0 | K19: 0 | L19: 0 | M19: 125 | N19: 0 | O19: =SUM(C19:L19,N19) -> 73 | P19: =SUM(C19:N19) -> 198 | R19: 1600-1700 | S19: =SUM(C46:C49) -> 117 | T19: =SUM(D46:D49) -> 116 | U19: =SUM(E46:E49) -> 20 | V19: =SUM(F46:F49) -> 33 | W19: =SUM(G46:G49) -> 0 | X19: =SUM(H46:H49) -> 0 | Y19: =SUM(I46:I49) -> 18 | Z19: =SUM(J46:J49) -> 9 | ... AF19: =SUM(P46:P49) -> 711
B20: 09.30 - 09.45 | C20: 30 | D20: 2 | E20: 15 | F20: 11 | G20: 0 | H20: 0 | I20: 6 | J20: 6 | K20: 0 | L20: 2 | M20: 145 | N20: 0 | O20: =SUM(C20:L20,N20) -> 72 | P20: =SUM(C20:N20) -> 217 | R20: 1700-1800 | S20: =SUM(C50:C53) -> 141 | T20: =SUM(D50:D53) -> 120 | U20: =SUM(E50:E53) -> 29 | V20: =SUM(F50:F53) -> 43 | W20: =SUM(G50:G53) -> 2 | X20: =SUM(H50:H53) -> 0 | Y20: =SUM(I50:I53) -> 12 | Z20: =SUM(J50:J53) -> 4 | ... AF20: =SUM(P50:P53) -> 918
B21: 09.45 - 10.00 | C21: 30 | D21: 15 | E21: 10 | F21: 7 | G21: 0 | H21: 0 | I21: 0 | J21: 0 | K21: 0 | L21: 1 | M21: 135 | N21: 0 | O21: =SUM(C21:L21,N21) -> 63 | P21: =SUM(C21:N21) -> 198 | R21: 1800-1900 | S21: =SUM(C54:C57) -> 125 | T21: =SUM(D54:D57) -> 106 | U21: =SUM(E54:E57) -> 34 | V21: =SUM(F54:F57) -> 44 | W21: =SUM(G54:G57) -> 1 | X21: =SUM(H54:H57) -> 0 | Y21: =SUM(I54:I57) -> 9 | Z21: =SUM(J54:J57) -> 8 | ... AF21: =SUM(P54:P57) -> 797
B22: 10.00 - 10.15 | C22: 22 | D22: 20 | E22: 7 | F22: 8 | G22: 0 | H22: 0 | I22: 4 | J22: 4 | K22: 0 | L22: 0 | M22: 100 | N22: 0 | O22: =SUM(C22:L22,N22) -> 65 | P22: =SUM(C22:N22) -> 165 | R22: 1900-2000 | S22: =SUM(C58:C61) -> 80 | T22: =SUM(D58:D61) -> 57 | U22: =SUM(E58:E61) -> 8 | V22: =SUM(F58:F61) -> 30 | W22: =SUM(G58:G61) -> 0 | X22: =SUM(H58:H61) -> 0 | Y22: =SUM(I58:I61) -> 8 | Z22: =SUM(J58:J61) -> 7 | ... AF22: =SUM(P58:P61) -> 582
B23: 10.15 - 10.30 | C23: 40 | D23: 35 | E23: 4 | F23: 10 | G23: 0 | H23: 0 | I23: 6 | J23: 1 | K23: 1 | L23: 1 | M23: 125 | N23: 0 | O23: =SUM(C23:L23,N23) -> 98 | P23: =SUM(C23:N23) -> 223 | R23: 2000-2100 | S23: =SUM(C62:C65) -> 101 | T23: =SUM(D62:D65) -> 37 | U23: =SUM(E62:E65) -> 14 | V23: =SUM(F62:F65) -> 48 | W23: =SUM(G62:G65) -> 0 | X23: =SUM(H62:H65) -> 0 | Y23: =SUM(I62:I65) -> 10 | Z23: =SUM(J62:J65) -> 2 | ... AF23: =SUM(P62:P65) -> 686
B24: 10.30 - 10.45 | C24: 25 | D24: 25 | E24: 3 | F24: 3 | G24: 0 | H24: 1 | I24: 3 | J24: 1 | K24: 0 | L24: 0 | M24: 110 | N24: 0 | O24: =SUM(C24:L24,N24) -> 61 | P24: =SUM(C24:N24) -> 171 | R24: 2100-2200 | S24: =SUM(C66:C69) -> 82 | T24: =SUM(D66:D69) -> 28 | U24: =SUM(E66:E69) -> 9 | V24: =SUM(F66:F69) -> 23 | W24: =SUM(G66:G69) -> 0 | X24: =SUM(H66:H69) -> 0 | Y24: =SUM(I66:I69) -> 7 | Z24: =SUM(J66:J69) -> 4 | ... AF24: =SUM(P66:P69) -> 508
B25: 10.45 - 11.00 | C25: 13 | D25: 8 | E25: 4 | F25: 8 | G25: 0 | H25: 0 | I25: 7 | J25: 4 | K25: 1 | L25: 2 | M25: 85 | N25: 0 | O25: =SUM(C25:L25,N25) -> 47 | P25: =SUM(C25:N25) -> 132 | R25: 2200-2300 | S25: =SUM(C70:C73) -> 52 | T25: =SUM(D70:D73) -> 32 | U25: =SUM(E70:E73) -> 7 | V25: =SUM(F70:F73) -> 12 | W25: =SUM(G70:G73) -> 1 | X25: =SUM(H70:H73) -> 0 | Y25: =SUM(I70:I73) -> 4 | Z25: =SUM(J70:J73) -> 2 | ... AF25: =SUM(P70:P73) -> 440
B26: 11.00 - 11.15 | C26: 25 | D26: 26 | E26: 19 | F26: 7 | G26: 3 | H26: 0 | I26: 4 | J26: 2 | K26: 0 | L26: 3 | M26: 115 | N26: 0 | O26: =SUM(C26:L26,N26) -> 89 | P26: =SUM(C26:N26) -> 204 | R26: 2300-0000 | S26: =SUM(C74:C77) -> 56 | T26: =SUM(D74:D77) -> 26 | U26: =SUM(E74:E77) -> 3 | V26: =SUM(F74:F77) -> 4 | W26: =SUM(G74:G77) -> 0 | X26: =SUM(H74:H77) -> 0 | Y26: =SUM(I74:I77) -> 9 | Z26: =SUM(J74:J77) -> 3 | ... AF26: =SUM(P74:P77) -> 338
B27: 11.15 - 11.30 | C27: 13 | D27: 10 | E27: 3 | F27: 3 | G27: 0 | H27: 0 | I27: 1 | J27: 1 | K27: 2 | L27: 2 | M27: 75 | N27: 0 | O27: =SUM(C27:L27,N27) -> 35 | P27: =SUM(C27:N27) -> 110 | R27: 0000-0100 | S27: =SUM(C78:C81) -> 15 | T27: =SUM(D78:D81) -> 10 | U27: =SUM(E78:E81) -> 5 | V27: =SUM(F78:F81) -> 0 | W27: =SUM(G78:G81) -> 0 | X27: =SUM(H78:H81) -> 0 | Y27: =SUM(I78:I81) -> 5 | Z27: =SUM(J78:J81) -> 2 | ... AF27: =SUM(P78:P81) -> 208
B28: 11.30 - 11.45 | C28: 30 | D28: 30 | E28: 0 | F28: 8 | G28: 0 | H28: 0 | I28: 2 | J28: 1 | K28: 0 | L28: 2 | M28: 90 | N28: 0 | O28: =SUM(C28:L28,N28) -> 73 | P28: =SUM(C28:N28) -> 163 | R28: 0100-0200 | S28: =SUM(C82:C85) -> 24 | T28: =SUM(D82:D85) -> 2 | U28: =SUM(E82:E85) -> 1 | V28: =SUM(F82:F85) -> 1 | W28: =SUM(G82:G85) -> 0 | X28: =SUM(H82:H85) -> 0 | Y28: =SUM(I82:I85) -> 2 | Z28: =SUM(J82:J85) -> 4 | ... AF28: =SUM(P82:P85) -> 114
B29: 11.45 - 12.00 | C29: 22 | D29: 15 | E29: 5 | F29: 5 | G29: 0 | H29: 0 | I29: 8 | J29: 2 | K29: 0 | L29: 3 | M29: 100 | N29: 0 | O29: =SUM(C29:L29,N29) -> 60 | P29: =SUM(C29:N29) -> 160 | R29: 0200-0300 | S29: =SUM(C86:C89) -> 8 | T29: =SUM(D86:D89) -> 0 | U29: =SUM(E86:E89) -> 3 | V29: =SUM(F86:F89) -> 0 | W29: =SUM(G86:G89) -> 0 | X29: =SUM(H86:H89) -> 0 | Y29: =SUM(I86:I89) -> 5 | Z29: =SUM(J86:J89) -> 3 | ... AF29: =SUM(P86:P89) -> 102
B30: 12.00 - 12.15 | C30: 30 | D30: 20 | E30: 3 | F30: 10 | G30: 0 | H30: 0 | I30: 3 | J30: 2 | K30: 0 | L30: 1 | M30: 105 | N30: 0 | O30: =SUM(C30:L30,N30) -> 69 | P30: =SUM(C30:N30) -> 174 | R30: 0300-0400 | S30: =SUM(C90:C93) -> 10 | T30: =SUM(D90:D93) -> 0 | U30: =SUM(E90:E93) -> 1 | V30: =SUM(F90:F93) -> 0 | W30: =SUM(G90:G93) -> 0 | X30: =SUM(H90:H93) -> 0 | Y30: =SUM(I90:I93) -> 1 | Z30: =SUM(J90:J93) -> 6 | ... AF30: =SUM(P90:P93) -> 78
B31: 12.15 - 12.30 | C31: 30 | D31: 33 | E31: 3 | F31: 7 | G31: 0 | H31: 0 | I31: 5 | J31: 2 | K31: 0 | L31: 2 | M31: 125 | N31: 0 | O31: =SUM(C31:L31,N31) -> 82 | P31: =SUM(C31:N31) -> 207 | R31: 0400-0500 | S31: =SUM(C94:C97) -> 11 | T31: =SUM(D94:D97) -> 4 | U31: =SUM(E94:E97) -> 4 | V31: =SUM(F94:F97) -> 6 | W31: =SUM(G94:G97) -> 0 | X31: =SUM(H94:H97) -> 0 | Y31: =SUM(I94:I97) -> 0 | Z31: =SUM(J94:J97) -> 2 | ... AF31: =SUM(P94:P97) -> 65
B32: 12.30 - 12.45 | C32: 40 | D32: 21 | E32: 7 | F32: 13 | G32: 1 | H32: 0 | I32: 9 | J32: 1 | K32: 1 | L32: 23 | M32: 95 | N32: 0 | O32: =SUM(C32:L32,N32) -> 116 | P32: =SUM(C32:N32) -> 211 | R32: 0500-0600 | S32: =SUM(C98:C101) -> 26 | T32: =SUM(D98:D101) -> 21 | U32: =SUM(E98:E101) -> 3 | V32: =SUM(F98:F101) -> 18 | W32: =SUM(G98:G101) -> 2 | X32: =SUM(H98:H101) -> 0 | Y32: =SUM(I98:I101) -> 4 | Z32: =SUM(J98:J101) -> 4 | ... AF32: =SUM(P98:P101) -> 140
B33: 12.45 - 13.00 | C33: 27 | D33: 21 | E33: 2 | F33: 5 | G33: 0 | H33: 0 | I33: 6 | J33: 1 | K33: 0 | L33: 0 | M33: 99 | N33: 0 | O33: =SUM(C33:L33,N33) -> 62 | P33: =SUM(C33:N33) -> 161 | R33: 0600-0700 | S33: =SUM(C102:C105) -> 253 | T33: =SUM(D102:D105) -> 98 | U33: =SUM(E102:E105) -> 21 | V33: =SUM(F102:F105) -> 52 | W33: =SUM(G102:G105) -> 1 | X33: =SUM(H102:H105) -> 0 | Y33: =SUM(I102:I105) -> 1 | Z33: =SUM(J102:J105) -> 6 | ... AF33: =SUM(P102:P105) -> 592
B34: 13.00 - 13.15 | C34: 40 | D34: 30 | E34: 0 | F34: 7 | G34: 1 | H34: 0 | I34: 4 | J34: 1 | K34: 1 | L34: 2 | M34: 60 | N34: 0 | O34: =SUM(C34:L34,N34) -> 86 | P34: =SUM(C34:N34) -> 146 | R34: AM Peak Hr | S34: =MAX(S10:S12) -> 406 | T34: =MAX(T10:T12) -> 214 | U34: =MAX(U10:U12) -> 67 | V34: =MAX(V10:V12) -> 68 | W34: =MAX(W10:W12) -> 3 | X34: =MAX(X10:X12) -> 0 | Y34: =MAX(Y10:Y12) -> 18 | Z34: =MAX(Z10:Z12) -> 10 | ... AF34: =MAX(AF10:AF12) -> 1324
B35: 13.15 - 13.30 | C35: 17 | D35: 10 | E35: 1 | F35: 6 | G35: 0 | H35: 0 | I35: 5 | J35: 4 | K35: 2 | L35: 3 | M35: 80 | N35: 0 | O35: =SUM(C35:L35,N35) -> 48 | P35: =SUM(C35:N35) -> 128 | R35: IP Peak Hr | S35: =MAX(S13:S18) -> 127 | T35: =MAX(T13:T18) -> 112 | U35: =MAX(U13:U18) -> 28 | V35: =MAX(V13:V18) -> 35 | W35: =MAX(W13:W18) -> 3 | X35: =MAX(X13:X18) -> 1 | Y35: =MAX(Y13:Y18) -> 23 | Z35: =MAX(Z13:Z18) -> 10 | ... AF35: =MAX(AF13:AF18) -> 753
B36: 13.30 - 13.45 | C36: 13 | D36: 13 | E36: 3 | F36: 7 | G36: 0 | H36: 0 | I36: 4 | J36: 4 | K36: 2 | L36: 1 | M36: 81 | N36: 0 | O36: =SUM(C36:L36,N36) -> 47 | P36: =SUM(C36:N36) -> 128 | R36: PM Peak Hr | S36: =MAX(S19:S21) -> 141 | T36: =MAX(T19:T21) -> 120 | U36: =MAX(U19:U21) -> 34 | V36: =MAX(V19:V21) -> 44 | W36: =MAX(W19:W21) -> 2 | X36: =MAX(X19:X21) -> 0 | Y36: =MAX(Y19:Y21) -> 18 | Z36: =MAX(Z19:Z21) -> 9 | ... AF36: =MAX(AF19:AF21) -> 918
B37: 13.45 - 14.00 | C37: 10 | D37: 15 | E37: 6 | F37: 3 | G37: 0 | H37: 0 | I37: 6 | J37: 1 | K37: 1 | L37: 3 | M37: 87 | N37: 0 | O37: =SUM(C37:L37,N37) -> 45 | P37: =SUM(C37:N37) -> 132 | R37: AM Period | S37: =SUM(S10:S12) -> 716 | T37: =SUM(T10:T12) -> 443 | U37: =SUM(U10:U12) -> 140 | V37: =SUM(V10:V12) -> 138 | W37: =SUM(W10:W12) -> 6 | X37: =SUM(X10:X12) -> 0 | Y37: =SUM(Y10:Y12) -> 42 | Z37: =SUM(Z10:Z12) -> 24 | ... AF37: =SUM(AF10:AF12) -> 3220
B38: 14.00 - 14.15 | C38: 32 | D38: 31 | E38: 7 | F38: 10 | G38: 0 | H38: 0 | I38: 6 | J38: 2 | K38: 0 | L38: 1 | M38: 90 | N38: 0 | O38: =SUM(C38:L38,N38) -> 89 | P38: =SUM(C38:N38) -> 179 | R38: IP Period | S38: =SUM(S13:S18) -> 609 | T38: =SUM(T13:T18) -> 516 | U38: =SUM(U13:U18) -> 121 | V38: =SUM(V13:V18) -> 165 | W38: =SUM(W13:W18) -> 8 | X38: =SUM(X13:X18) -> 1 | Y38: =SUM(Y13:Y18) -> 107 | Z38: =SUM(Z13:Z18) -> 50 | ... AF38: =SUM(AF13:AF18) -> 3889
B39: 14.15 - 14.30 | C39: 13 | D39: 8 | E39: 3 | F39: 7 | G39: 2 | H39: 0 | I39: 4 | J39: 3 | K39: 0 | L39: 0 | M39: 95 | N39: 0 | O39: =SUM(C39:L39,N39) -> 40 | P39: =SUM(C39:N39) -> 135 | R39: PM Period | S39: =SUM(S19:S21) -> 383 | T39: =SUM(T19:T21) -> 342 | U39: =SUM(U19:U21) -> 83 | V39: =SUM(V19:V21) -> 120 | W39: =SUM(W19:W21) -> 3 | X39: =SUM(X19:X21) -> 0 | Y39: =SUM(Y19:Y21) -> 39 | Z39: =SUM(Z19:Z21) -> 21 | ... AF39: =SUM(AF19:AF21) -> 2426
B40: 14.30 - 14.45 | C40: 18 | D40: 18 | E40: 6 | F40: 8 | G40: 0 | H40: 0 | I40: 2 | J40: 4 | K40: 1 | L40: 4 | M40: 115 | N40: 0 | O40: =SUM(C40:L40,N40) -> 61 | P40: =SUM(C40:N40) -> 176 | R40: 12 Hours | S40: =SUM(S10:S21) -> 1708 | T40: =SUM(T10:T21) -> 1301 | U40: =SUM(U10:U21) -> 344 | V40: =SUM(V10:V21) -> 423 | W40: =SUM(W10:W21) -> 17 | X40: =SUM(X10:X21) -> 1 | Y40: =SUM(Y10:Y21) -> 188 | Z40: =SUM(Z10:Z21) -> 95 | ... AF40: =SUM(AF10:AF21) -> 9535
B41: 14.45 - 15.00 | C41: 25 | D41: 15 | E41: 7 | F41: 8 | G41: 1 | H41: 0 | I41: 3 | J41: 1 | K41: 0 | L41: 1 | M41: 65 | N41: 0 | O41: =SUM(C41:L41,N41) -> 61 | P41: =SUM(C41:N41) -> 126 | R41: 24 Hrs/ADT | S41: =SUM(S10:S33) -> 2426 | T41: =SUM(T10:T33) -> 1616 | U41: =SUM(U10:U33) -> 423 | V41: =SUM(V10:V33) -> 617 | W41: =SUM(W10:W33) -> 21 | X41: =SUM(X10:X33) -> 1 | Y41: =SUM(Y10:Y33) -> 244 | Z41: =SUM(Z10:Z33) -> 140 | ... AF41: =SUM(AF10:AF33) -> 13388
B42: 15.00 - 15.15 | C42: 32 | D42: 30 | E42: 5 | F42: 6 | G42: 0 | H42: 0 | I42: 3 | J42: 3 | K42: 3 | L42: 1 | M42: 65 | N42: 0 | O42: =SUM(C42:L42,N42) -> 83 | P42: =SUM(C42:N42) -> 148 | R42: NEF | S42: =S41/S40 -> 1.4203747 | T42: =T41/T40 -> 1.2421214 | U42: =U41/U40 -> 1.2296512 | V42: =V41/V40 -> 1.4586288 | W42: =W41/W40 -> 1.2352941 | X42: =X41/X40 -> 1 | Y42: =Y41/Y40 -> 1.2978723 | Z42: =Z41/Z40 -> 1.4736842 | ... AF42: =AF41/AF40 -> 1.4040902
B43: 15.15 - 15.30 | C43: 31 | D43: 33 | E43: 8 | F43: 5 | G43: 0 | H43: 0 | I43: 2 | J43: 1 | K43: 0 | L43: 1 | M43: 90 | N43: 0 | O43: =SUM(C43:L43,N43) -> 81 | P43: =SUM(C43:N43) -> 171
B44: 15.30 - 15.45 | C44: 36 | D44: 30 | E44: 10 | F44: 6 | G44: 0 | H44: 0 | I44: 4 | J44: 1 | K44: 1 | L44: 0 | M44: 100 | N44: 0 | O44: =SUM(C44:L44,N44) -> 88 | P44: =SUM(C44:N44) -> 188
B45: 15.45 - 16.00 | C45: 25 | D45: 19 | E45: 5 | F45: 5 | G45: 0 | H45: 0 | I45: 6 | J45: 3 | K45: 0 | L45: 0 | M45: 87 | N45: 1 | O45: =SUM(C45:L45,N45) -> 64 | P45: =SUM(C45:N45) -> 151
B46: 16.00 - 16.15 | C46: 30 | D46: 33 | E46: 5 | F46: 12 | G46: 0 | H46: 0 | I46: 12 | J46: 2 | K46: 1 | L46: 3 | M46: 91 | N46: 0 | O46: =SUM(C46:L46,N46) -> 98 | P46: =SUM(C46:N46) -> 189
B47: 16.15 -16.30 | C47: 30 | D47: 35 | E47: 1 | F47: 6 | G47: 0 | H47: 0 | I47: 2 | J47: 1 | K47: 1 | L47: 2 | M47: 90 | N47: 0 | O47: =SUM(C47:L47,N47) -> 78 | P47: =SUM(C47:N47) -> 168
B48: 16.30 -16.45 | C48: 35 | D48: 25 | E48: 10 | F48: 5 | G48: 0 | H48: 0 | I48: 1 | J48: 2 | K48: 1 | L48: 1 | M48: 115 | N48: 0 | O48: =SUM(C48:L48,N48) -> 80 | P48: =SUM(C48:N48) -> 195
B49: 16.45 -17.00 | C49: 22 | D49: 23 | E49: 4 | F49: 10 | G49: 0 | H49: 0 | I49: 3 | J49: 4 | K49: 0 | L49: 1 | M49: 92 | N49: 0 | O49: =SUM(C49:L49,N49) -> 67 | P49: =SUM(C49:N49) -> 159
B50: 17.00 -17.15 | C50: 41 | D50: 25 | E50: 5 | F50: 6 | G50: 0 | H50: 0 | I50: 3 | J50: 2 | K50: 1 | L50: 3 | M50: 115 | N50: 0 | O50: =SUM(C50:L50,N50) -> 86 | P50: =SUM(C50:N50) -> 201
B51: 17.15 -17.30 | C51: 27 | D51: 25 | E51: 7 | F51: 10 | G51: 1 | H51: 0 | I51: 1 | J51: 0 | K51: 3 | L51: 1 | M51: 150 | N51: 0 | O51: =SUM(C51:L51,N51) -> 75 | P51: =SUM(C51:N51) -> 225
B52: 17.30 -17.45 | C52: 45 | D52: 40 | E52: 10 | F52: 15 | G52: 1 | H52: 0 | I52: 4 | J52: 1 | K52: 0 | L52: 3 | M52: 150 | N52: 0 | O52: =SUM(C52:L52,N52) -> 119 | P52: =SUM(C52:N52) -> 269
B53: 17.45 -18.00 | C53: 28 | D53: 30 | E53: 7 | F53: 12 | G53: 0 | H53: 0 | I53: 4 | J53: 1 | K53: 0 | L53: 0 | M53: 141 | N53: 0 | O53: =SUM(C53:L53,N53) -> 82 | P53: =SUM(C53:N53) -> 223
B54: 18.00 - 18.15 | C54: 30 | D54: 25 | E54: 5 | F54: 15 | G54: 0 | H54: 0 | I54: 3 | J54: 1 | K54: 7 | L54: 2 | M54: 150 | N54: 0 | O54: =SUM(C54:L54,N54) -> 88 | P54: =SUM(C54:N54) -> 238
... B105: 06.45 - 07.00 | C105: 96 | D105: 44 | E105: 10 | F105: 19 | G105: 0 | H105: 0 | I105: 1 | J105: 2 | K105: 0 | L105: 2 | M105: 48 | N105: 0 | O105: =SUM(C105:L105,N105) -> 174 | P105: =SUM(C105:N105) -> 222
B106: Totals | C106: =SUM(C10:C105) -> 2426 | D106: =SUM(D10:D105) -> 1616 | E106: =SUM(E10:E105) -> 423 | F106: =SUM(F10:F105) -> 617 | G106: =SUM(G10:G105) -> 21 | H106: =SUM(H10:H105) -> 1 | I106: =SUM(I10:I105) -> 244 | J106: =SUM(J10:J105) -> 140 | ... P106: =SUM(P10:P105) -> 13388
B107: %ges + MCs | C107: =C106/$P$106 -> 0.18120705 | D107: =D106/$P$106 -> 0.12070511 | E107: =E106/$P$106 -> 0.031595459 | F107: =F106/$P$106 -> 0.046086047 | G107: =G106/$P$106 -> 0.0015685689 | H107: =H106/$P$106 -> 7.4693756e-05 | I107: =I106/$P$106 -> 0.018225276 | J107: =J106/$P$106 -> 0.010457126 | ... N107: =N106/$P$106 -> 7.4693756e-05
B108: %ges w/o MCs | C108: =C106/$O$106 -> 0.42756433 | D108: =D106/$O$106 -> 0.2848079 | E108: =E106/$O$106 -> 0.074550582 | F108: =F106/$O$106 -> 0.10874163 | G108: =G106/$O$106 -> 0.0037010927 | H108: =H106/$O$106 -> 0.00017624251 | I108: =I106/$O$106 -> 0.043003172 | J108: =J106/$O$106 -> 0.024673951 | ... L108: =L106/$O$106 -> 0.021854071 | N108: =N106/$O$106 -> 0.00017624251

Sheet 01.08 Ntinda-Kisaasi-24h
B1: Consultancy services for Preparation of Expressway Development Master Plan (EDMP) for Uganda
B2: MANUAL CLASSIFIED COUNT (MCC)
B3: ROAD NAME: | C3: ='29.07 Kisaasi-Ntinda'!C3:G3 -> MCC - C1 - STN33 - NTINDA ROAD
C5: Date | D5: ='01.08 Kisaasi-Ntinda-24h'!D5 -> 01.08.19 | F5: Location | G5: ='01.08 Kisaasi-Ntinda-24h'!G5:H5 -> Ndere Center | J5: Surveyor | K5: Okello Peter
C6: Dir. From | D6: ='29.07 Ntinda-Kisaasi'!D6:E6 -> Ntinda | F6: Dir. To | G6: ='30.07 Ntinda-Kisaasi'!G6:H6 -> Kisaasi | J6: Supervisor | K6: ='01.08 Kisaasi-Ntinda-24h'!K6:L6 -> Denis
B8: Time / Veh Type | R8: SUMMARY TRAFFIC VOLUMES
C9: 1. Car | D9: 2. Station Wagon | E9: 3. Pickups | F9: 4. Minibus, matatu | G9: 5. Medium bus | H9: 6. Large Bus | I9: 7. Light Truck | J9: 8. Medium Truck | K9: 9. Heavy truck | L9: 10. Truck Trailer | M9: 11. Motor cycles | N9: 12. Tractors | O9: Total Excl M/Cycles | P9: Total All | R9: Time | S9: 1. Car | T9: 2. Station Wagon | U9: 3. Pickups | V9: 4. Minibus, matatu | W9: 5. Medium bus | X9: 6. Large Bus | Y9: 7. Light Truck | Z9: 8. Medium Truck | AA9: 9. Heavy truck | AB9: 10. Truck Trailer | AC9: 11. Motorcycles | AD9: 12. Tractors, Graders | AE9: Total Excl M/ Cycles | AF9: Total All
B10: 07.00 - 07.15 | C10: 30 | D10: 2 | E10: 5 | F10: 11 | G10: 0 | H10: 0 | I10: 3 | J10: 0 | K10: 0 | L10: 0 | M10: 50 | N10: 0 | O10: =SUM(C10:L10,N10) -> 51 | P10: =SUM(C10:N10) -> 101 | R10: 0700-0800 | S10: =SUM(C10:C13) -> 145 | T10: =SUM(D10:D13) -> 57 | U10: =SUM(E10:E13) -> 15 | V10: =SUM(F10:F13) -> 80 | W10: =SUM(G10:G13) -> 1 | X10: =SUM(H10:H13) -> 0 | Y10: =SUM(I10:I13) -> 8 | Z10: =SUM(J10:J13) -> 2 | ... AF10: =SUM(P10:P13) -> 665
B11: 07.15 - 07.30 | C11: 37 | D11: 14 | E11: 3 | F11: 16 | G11: 1 | H11: 0 | I11: 1 | J11: 0 | K11: 4 | L11: 2 | M11: 66 | N11: 0 | O11: =SUM(C11:L11,N11) -> 78 | P11: =SUM(C11:N11) -> 144 | R11: 0800-0900 | S11: =SUM(C14:C17) -> 110 | T11: =SUM(D14:D17) -> 44 | U11: =SUM(E14:E17) -> 16 | V11: =SUM(F14:F17) -> 118 | W11: =SUM(G14:G17) -> 1 | X11: =SUM(H14:H17) -> 0 | Y11: =SUM(I14:I17) -> 8 | Z11: =SUM(J14:J17) -> 1 | ... AF11: =SUM(P14:P17) -> 825
B12: 07.30 - 07.45 | C12: 45 | D12: 15 | E12: 3 | F12: 33 | G12: 0 | H12: 0 | I12: 1 | J12: 2 | K12: 1 | L12: 1 | M12: 118 | N12: 0 | O12: =SUM(C12:L12,N12) -> 101 | P12: =SUM(C12:N12) -> 219 | R12: 0900-1000 | S12: =SUM(C18:C21) -> 116 | T12: =SUM(D18:D21) -> 76 | U12: =SUM(E18:E21) -> 21 | V12: =SUM(F18:F21) -> 103 | W12: =SUM(G18:G21) -> 1 | X12: =SUM(H18:H21) -> 0 | Y12: =SUM(I18:I21) -> 12 | Z12: =SUM(J18:J21) -> 6 | ... AF12: =SUM(P18:P21) -> 831
B13: 07.45 - 08.00 | C13: 33 | D13: 26 | E13: 4 | F13: 20 | G13: 0 | H13: 0 | I13: 3 | J13: 0 | K13: 0 | L13: 0 | M13: 115 | N13: 0 | O13: =SUM(C13:L13,N13) -> 86 | P13: =SUM(C13:N13) -> 201 | R13: 1000-1100 | S13: =SUM(C22:C25) -> 129 | T13: =SUM(D22:D25) -> 67 | U13: =SUM(E22:E25) -> 28 | V13: =SUM(F22:F25) -> 64 | W13: =SUM(G22:G25) -> 0 | X13: =SUM(H22:H25) -> 0 | Y13: =SUM(I22:I25) -> 24 | Z13: =SUM(J22:J25) -> 5 | ... AF13: =SUM(P22:P25) -> 876
B14: 08.00 - 08.15 | C14: 28 | D14: 17 | E14: 0 | F14: 39 | G14: 0 | H14: 0 | I14: 0 | J14: 0 | K14: 0 | L14: 0 | M14: 119 | N14: 0 | O14: =SUM(C14:L14,N14) -> 84 | P14: =SUM(C14:N14) -> 203 | R14: 1100-1200 | S14: =SUM(C26:C29) -> 140 | T14: =SUM(D26:D29) -> 69 | U14: =SUM(E26:E29) -> 43 | V14: =SUM(F26:F29) -> 71 | W14: =SUM(G26:G29) -> 0 | X14: =SUM(H26:H29) -> 0 | Y14: =SUM(I26:I29) -> 20 | Z14: =SUM(J26:J29) -> 7 | ... AF14: =SUM(P26:P29) -> 774
B15: 08.15 - 08.30 | C15: 33 | D15: 5 | E15: 6 | F15: 30 | G15: 0 | H15: 0 | I15: 3 | J15: 1 | K15: 0 | L15: 0 | M15: 105 | N15: 0 | O15: =SUM(C15:L15,N15) -> 78 | P15: =SUM(C15:N15) -> 183 | R15: 1200-1300 | S15: =SUM(C30:C33) -> 140 | T15: =SUM(D30:D33) -> 83 | U15: =SUM(E30:E33) -> 38 | V15: =SUM(F30:F33) -> 63 | W15: =SUM(G30:G33) -> 2 | X15: =SUM(H30:H33) -> 0 | Y15: =SUM(I30:I33) -> 30 | Z15: =SUM(J30:J33) -> 3 | ... AF15: =SUM(P30:P33) -> 897
B16: 08.30 - 08.45 | C16: 31 | D16: 10 | E16: 3 | F16: 24 | G16: 0 | H16: 0 | I16: 2 | J16: 0 | K16: 0 | L16: 0 | M16: 140 | N16: 0 | O16: =SUM(C16:L16,N16) -> 70 | P16: =SUM(C16:N16) -> 210 | R16: 1300-1400 | S16: =SUM(C34:C37) -> 179 | T16: =SUM(D34:D37) -> 70 | U16: =SUM(E34:E37) -> 22 | V16: =SUM(F34:F37) -> 63 | W16: =SUM(G34:G37) -> 3 | X16: =SUM(H34:H37) -> 0 | Y16: =SUM(I34:I37) -> 24 | Z16: =SUM(J34:J37) -> 2 | ... AF16: =SUM(P34:P37) -> 871
B17: 08.45 - 9.00 | C17: 18 | D17: 12 | E17: 7 | F17: 25 | G17: 1 | H17: 0 | I17: 3 | J17: 0 | K17: 0 | L17: 3 | M17: 160 | N17: 0 | O17: =SUM(C17:L17,N17) -> 69 | P17: =SUM(C17:N17) -> 229 | R17: 1400-1500 | S17: =SUM(C38:C41) -> 146 | T17: =SUM(D38:D41) -> 61 | U17: =SUM(E38:E41) -> 30 | V17: =SUM(F38:F41) -> 55 | W17: =SUM(G38:G41) -> 2 | X17: =SUM(H38:H41) -> 0 | Y17: =SUM(I38:I41) -> 14 | Z17: =SUM(J38:J41) -> 10 | ... AF17: =SUM(P38:P41) -> 789
B18: 09.00 - 09.15 | C18: 38 | D18: 23 | E18: 9 | F18: 41 | G18: 0 | H18: 0 | I18: 1 | J18: 1 | K18: 1 | L18: 1 | M18: 173 | N18: 0 | O18: =SUM(C18:L18,N18) -> 115 | P18: =SUM(C18:N18) -> 288 | R18: 1500-1600 | S18: =SUM(C42:C45) -> 185 | T18: =SUM(D42:D45) -> 61 | U18: =SUM(E42:E45) -> 16 | V18: =SUM(F42:F45) -> 49 | W18: =SUM(G42:G45) -> 4 | X18: =SUM(H42:H45) -> 0 | Y18: =SUM(I42:I45) -> 25 | Z18: =SUM(J42:J45) -> 3 | ... AF18: =SUM(P42:P45) -> 751
B19: 09.15 - 09.30 | C19: 40 | D19: 16 | E19: 0 | F19: 22 | G19: 0 | H19: 0 | I19: 4 | J19: 2 | K19: 1 | L19: 0 | M19: 80 | N19: 0 | O19: =SUM(C19:L19,N19) -> 85 | P19: =SUM(C19:N19) -> 165 | R19: 1600-1700 | S19: =SUM(C46:C49) -> 253 | T19: =SUM(D46:D49) -> 96 | U19: =SUM(E46:E49) -> 32 | V19: =SUM(F46:F49) -> 66 | W19: =SUM(G46:G49) -> 0 | X19: =SUM(H46:H49) -> 0 | Y19: =SUM(I46:I49) -> 16 | Z19: =SUM(J46:J49) -> 8 | ... AF19: =SUM(P46:P49) -> 980
B20: 09.30 - 09.45 | C20: 23 | D20: 21 | E20: 3 | F20: 23 | G20: 0 | H20: 0 | I20: 3 | J20: 1 | K20: 1 | L20: 4 | M20: 120 | N20: 0 | O20: =SUM(C20:L20,N20) -> 79 | P20: =SUM(C20:N20) -> 199 | R20: 1700-1800 | S20: =SUM(C50:C53) -> 371 | T20: =SUM(D50:D53) -> 141 | U20: =SUM(E50:E53) -> 46 | V20: =SUM(F50:F53) -> 53 | W20: =SUM(G50:G53) -> 4 | X20: =SUM(H50:H53) -> 0 | Y20: =SUM(I50:I53) -> 26 | Z20: =SUM(J50:J53) -> 5 | ... AF20: =SUM(P50:P53) -> 1056
B21: 09.45 - 10.00 | C21: 15 | D21: 16 | E21: 9 | F21: 17 | G21: 1 | H21: 0 | I21: 4 | J21: 2 | K21: 0 | L21: 2 | M21: 113 | N21: 0 | O21: =SUM(C21:L21,N21) -> 66 | P21: =SUM(C21:N21) -> 179 | R21: 1800-1900 | S21: =SUM(C54:C57) -> 281 | T21: =SUM(D54:D57) -> 100 | U21: =SUM(E54:E57) -> 49 | V21: =SUM(F54:F57) -> 82 | W21: =SUM(G54:G57) -> 0 | X21: =SUM(H54:H57) -> 0 | Y21: =SUM(I54:I57) -> 13 | Z21: =SUM(J54:J57) -> 8 | ... AF21: =SUM(P54:P57) -> 800
B22: 10.00 - 10.15 | C22: 34 | D22: 16 | E22: 8 | F22: 20 | G22: 0 | H22: 0 | I22: 4 | J22: 2 | K22: 0 | L22: 3 | M22: 126 | N22: 0 | O22: =SUM(C22:L22,N22) -> 87 | P22: =SUM(C22:N22) -> 213 | R22: 1900-2000 | S22: =SUM(C58:C61) -> 213 | T22: =SUM(D58:D61) -> 73 | U22: =SUM(E58:E61) -> 34 | V22: =SUM(F58:F61) -> 86 | W22: =SUM(G58:G61) -> 0 | X22: =SUM(H58:H61) -> 0 | Y22: =SUM(I58:I61) -> 2 | Z22: =SUM(J58:J61) -> 17 | ... AF22: =SUM(P58:P61) -> 671
B23: 10.15 - 10.30 | C23: 28 | D23: 15 | E23: 6 | F23: 13 | G23: 0 | H23: 0 | I23: 9 | J23: 1 | K23: 0 | L23: 3 | M23: 150 | N23: 0 | O23: =SUM(C23:L23,N23) -> 75 | P23: =SUM(C23:N23) -> 225 | R23: 2000-2100 | S23: =SUM(C62:C65) -> 235 | T23: =SUM(D62:D65) -> 127 | U23: =SUM(E62:E65) -> 17 | V23: =SUM(F62:F65) -> 62 | W23: =SUM(G62:G65) -> 0 | X23: =SUM(H62:H65) -> 0 | Y23: =SUM(I62:I65) -> 4 | Z23: =SUM(J62:J65) -> 1 | ... AF23: =SUM(P62:P65) -> 739
B24: 10.30 - 10.45 | C24: 31 | D24: 22 | E24: 6 | F24: 12 | G24: 0 | H24: 0 | I24: 7 | J24: 0 | K24: 1 | L24: 2 | M24: 125 | N24: 0 | O24: =SUM(C24:L24,N24) -> 81 | P24: =SUM(C24:N24) -> 206 | R24: 2100-2200 | S24: =SUM(C66:C69) -> 118 | T24: =SUM(D66:D69) -> 68 | U24: =SUM(E66:E69) -> 14 | V24: =SUM(F66:F69) -> 30 | W24: =SUM(G66:G69) -> 0 | X24: =SUM(H66:H69) -> 0 | Y24: =SUM(I66:I69) -> 8 | Z24: =SUM(J66:J69) -> 1 | ... AF24: =SUM(P66:P69) -> 380
B25: 10.45 - 11.00 | C25: 36 | D25: 14 | E25: 8 | F25: 19 | G25: 0 | H25: 0 | I25: 4 | J25: 2 | K25: 1 | L25: 3 | M25: 145 | N25: 0 | O25: =SUM(C25:L25,N25) -> 87 | P25: =SUM(C25:N25) -> 232 | R25: 2200-2300 | S25: =SUM(C70:C73) -> 137 | T25: =SUM(D70:D73) -> 47 | U25: =SUM(E70:E73) -> 14 | V25: =SUM(F70:F73) -> 28 | W25: =SUM(G70:G73) -> 1 | X25: =SUM(H70:H73) -> 0 | Y25: =SUM(I70:I73) -> 1 | Z25: =SUM(J70:J73) -> 0 | ... AF25: =SUM(P70:P73) -> 417
B26: 11.00 - 11.15 | C26: 35 | D26: 15 | E26: 16 | F26: 22 | G26: 0 | H26: 0 | I26: 6 | J26: 3 | K26: 1 | L26: 3 | M26: 120 | N26: 0 | O26: =SUM(C26:L26,N26) -> 101 | P26: =SUM(C26:N26) -> 221 | R26: 2300-0000 | S26: =SUM(C74:C77) -> 128 | T26: =SUM(D74:D77) -> 48 | U26: =SUM(E74:E77) -> 12 | V26: =SUM(F74:F77) -> 29 | W26: =SUM(G74:G77) -> 1 | X26: =SUM(H74:H77) -> 0 | Y26: =SUM(I74:I77) -> 3 | Z26: =SUM(J74:J77) -> 1 | ... AF26: =SUM(P74:P77) -> 339
B27: 11.15 - 11.30 | C27: 42 | D27: 20 | E27: 6 | F27: 17 | G27: 0 | H27: 0 | I27: 3 | J27: 0 | K27: 0 | L27: 2 | M27: 75 | N27: 0 | O27: =SUM(C27:L27,N27) -> 90 | P27: =SUM(C27:N27) -> 165 | R27: 0000-0100 | S27: =SUM(C78:C81) -> 84 | T27: =SUM(D78:D81) -> 17 | U27: =SUM(E78:E81) -> 6 | V27: =SUM(F78:F81) -> 8 | W27: =SUM(G78:G81) -> 0 | X27: =SUM(H78:H81) -> 0 | Y27: =SUM(I78:I81) -> 0 | Z27: =SUM(J78:J81) -> 0 | ... AF27: =SUM(P78:P81) -> 195
B28: 11.30 - 11.45 | C28: 40 | D28: 24 | E28: 11 | F28: 16 | G28: 0 | H28: 0 | I28: 6 | J28: 3 | K28: 1 | L28: 0 | M28: 130 | N28: 0 | O28: =SUM(C28:L28,N28) -> 101 | P28: =SUM(C28:N28) -> 231 | R28: 0100-0200 | S28: =SUM(C82:C85) -> 45 | T28: =SUM(D82:D85) -> 6 | U28: =SUM(E82:E85) -> 2 | V28: =SUM(F82:F85) -> 6 | W28: =SUM(G82:G85) -> 0 | X28: =SUM(H82:H85) -> 0 | Y28: =SUM(I82:I85) -> 0 | Z28: =SUM(J82:J85) -> 0 | ... AF28: =SUM(P82:P85) -> 89
B29: 11.45 - 12.00 | C29: 23 | D29: 10 | E29: 10 | F29: 16 | G29: 0 | H29: 0 | I29: 5 | J29: 1 | K29: 0 | L29: 2 | M29: 90 | N29: 0 | O29: =SUM(C29:L29,N29) -> 67 | P29: =SUM(C29:N29) -> 157 | R29: 0200-0300 | S29: =SUM(C86:C89) -> 29 | T29: =SUM(D86:D89) -> 2 | U29: =SUM(E86:E89) -> 11 | V29: =SUM(F86:F89) -> 2 | W29: =SUM(G86:G89) -> 0 | X29: =SUM(H86:H89) -> 0 | Y29: =SUM(I86:I89) -> 0 | Z29: =SUM(J86:J89) -> 0 | ... AF29: =SUM(P86:P89) -> 72
B30: 12.00 - 12.15 | C30: 55 | D30: 27 | E30: 11 | F30: 25 | G30: 0 | H30: 0 | I30: 7 | J30: 1 | K30: 2 | L30: 2 | M30: 127 | N30: 0 | O30: =SUM(C30:L30,N30) -> 130 | P30: =SUM(C30:N30) -> 257 | R30: 0300-0400 | S30: =SUM(C90:C93) -> 20 | T30: =SUM(D90:D93) -> 6 | U30: =SUM(E90:E93) -> 2 | V30: =SUM(F90:F93) -> 1 | W30: =SUM(G90:G93) -> 0 | X30: =SUM(H90:H93) -> 0 | Y30: =SUM(I90:I93) -> 3 | Z30: =SUM(J90:J93) -> 1 | ... AF30: =SUM(P90:P93) -> 55
B31: 12.15 - 12.30 | C31: 32 | D31: 13 | E31: 5 | F31: 18 | G31: 2 | H31: 0 | I31: 8 | J31: 1 | K31: 3 | L31: 5 | M31: 125 | N31: 0 | O31: =SUM(C31:L31,N31) -> 87 | P31: =SUM(C31:N31) -> 212 | R31: 0400-0500 | S31: =SUM(C94:C97) -> 42 | T31: =SUM(D94:D97) -> 6 | U31: =SUM(E94:E97) -> 17 | V31: =SUM(F94:F97) -> 6 | W31: =SUM(G94:G97) -> 0 | X31: =SUM(H94:H97) -> 0 | Y31: =SUM(I94:I97) -> 1 | Z31: =SUM(J94:J97) -> 1 | ... AF31: =SUM(P94:P97) -> 100
B32: 12.30 - 12.45 | C32: 34 | D32: 25 | E32: 10 | F32: 11 | G32: 0 | H32: 0 | I32: 9 | J32: 0 | K32: 0 | L32: 5 | M32: 150 | N32: 0 | O32: =SUM(C32:L32,N32) -> 94 | P32: =SUM(C32:N32) -> 244 | R32: 0500-0600 | S32: =SUM(C98:C101) -> 41 | T32: =SUM(D98:D101) -> 8 | U32: =SUM(E98:E101) -> 6 | V32: =SUM(F98:F101) -> 20 | W32: =SUM(G98:G101) -> 1 | X32: =SUM(H98:H101) -> 0 | Y32: =SUM(I98:I101) -> 1 | Z32: =SUM(J98:J101) -> 4 | ... AF32: =SUM(P98:P101) -> 135
B33: 12.45 - 13.00 | C33: 19 | D33: 18 | E33: 12 | F33: 9 | G33: 0 | H33: 0 | I33: 6 | J33: 1 | K33: 0 | L33: 4 | M33: 115 | N33: 0 | O33: =SUM(C33:L33,N33) -> 69 | P33: =SUM(C33:N33) -> 184 | R33: 0600-0700 | S33: =SUM(C102:C105) -> 111 | T33: =SUM(D102:D105) -> 52 | U33: =SUM(E102:E105) -> 21 | V33: =SUM(F102:F105) -> 49 | W33: =SUM(G102:G105) -> 1 | X33: =SUM(H102:H105) -> 0 | Y33: =SUM(I102:I105) -> 7 | Z33: =SUM(J102:J105) -> 1 | ... AF33: =SUM(P102:P105) -> 400
B34: 13.00 - 13.15 | C34: 50 | D34: 17 | E34: 5 | F34: 18 | G34: 2 | H34: 0 | I34: 5 | J34: 0 | K34: 2 | L34: 0 | M34: 125 | N34: 0 | O34: =SUM(C34:L34,N34) -> 99 | P34: =SUM(C34:N34) -> 224 | R34: AM Peak Hr | S34: =MAX(S10:S12) -> 145 | T34: =MAX(T10:T12) -> 76 | U34: =MAX(U10:U12) -> 21 | V34: =MAX(V10:V12) -> 118 | W34: =MAX(W10:W12) -> 1 | X34: =MAX(X10:X12) -> 0 | Y34: =MAX(Y10:Y12) -> 12 | Z34: =MAX(Z10:Z12) -> 6 | ... AF34: =MAX(AF10:AF12) -> 831
B35: 13.15 - 13.30 | C35: 32 | D35: 20 | E35: 5 | F35: 15 | G35: 0 | H35: 0 | I35: 6 | J35: 0 | K35: 0 | L35: 1 | M35: 130 | N35: 0 | O35: =SUM(C35:L35,N35) -> 79 | P35: =SUM(C35:N35) -> 209 | R35: IP Peak Hr | S35: =MAX(S13:S18) -> 185 | T35: =MAX(T13:T18) -> 83 | U35: =MAX(U13:U18) -> 43 | V35: =MAX(V13:V18) -> 71 | W35: =MAX(W13:W18) -> 4 | X35: =MAX(X13:X18) -> 0 | Y35: =MAX(Y13:Y18) -> 30 | Z35: =MAX(Z13:Z18) -> 10 | ... AF35: =MAX(AF13:AF18) -> 897
B36: 13.30 - 13.45 | C36: 34 | D36: 14 | E36: 7 | F36: 17 | G36: 0 | H36: 0 | I36: 3 | J36: 1 | K36: 2 | L36: 2 | M36: 110 | N36: 0 | O36: =SUM(C36:L36,N36) -> 80 | P36: =SUM(C36:N36) -> 190 | R36: PM Peak Hr | S36: =MAX(S19:S21) -> 371 | T36: =MAX(T19:T21) -> 141 | U36: =MAX(U19:U21) -> 49 | V36: =MAX(V19:V21) -> 82 | W36: =MAX(W19:W21) -> 4 | X36: =MAX(X19:X21) -> 0 | Y36: =MAX(Y19:Y21) -> 26 | Z36: =MAX(Z19:Z21) -> 8 | ... AF36: =MAX(AF19:AF21) -> 1056
B37: 13.45 - 14.00 | C37: 63 | D37: 19 | E37: 5 | F37: 13 | G37: 1 | H37: 0 | I37: 10 | J37: 1 | K37: 0 | L37: 4 | M37: 132 | N37: 0 | O37: =SUM(C37:L37,N37) -> 116 | P37: =SUM(C37:N37) -> 248 | R37: AM Period | S37: =SUM(S10:S12) -> 371 | T37: =SUM(T10:T12) -> 177 | U37: =SUM(U10:U12) -> 52 | V37: =SUM(V10:V12) -> 301 | W37: =SUM(W10:W12) -> 3 | X37: =SUM(X10:X12) -> 0 | Y37: =SUM(Y10:Y12) -> 28 | Z37: =SUM(Z10:Z12) -> 9 | ... AF37: =SUM(AF10:AF12) -> 2321
B38: 14.00 - 14.15 | C38: 21 | D38: 15 | E38: 5 | F38: 10 | G38: 0 | H38: 0 | I38: 2 | J38: 1 | K38: 0 | L38: 0 | M38: 85 | N38: 0 | O38: =SUM(C38:L38,N38) -> 54 | P38: =SUM(C38:N38) -> 139 | R38: IP Period | S38: =SUM(S13:S18) -> 919 | T38: =SUM(T13:T18) -> 411 | U38: =SUM(U13:U18) -> 177 | V38: =SUM(V13:V18) -> 365 | W38: =SUM(W13:W18) -> 11 | X38: =SUM(X13:X18) -> 0 | Y38: =SUM(Y13:Y18) -> 137 | Z38: =SUM(Z13:Z18) -> 30 | ... AF38: =SUM(AF13:AF18) -> 4958
B39: 14.15 - 14.30 | C39: 28 | D39: 18 | E39: 7 | F39: 14 | G39: 0 | H39: 0 | I39: 1 | J39: 4 | K39: 1 | L39: 0 | M39: 115 | N39: 0 | O39: =SUM(C39:L39,N39) -> 73 | P39: =SUM(C39:N39) -> 188 | R39: PM Period | S39: =SUM(S19:S21) -> 905 | T39: =SUM(T19:T21) -> 337 | U39: =SUM(U19:U21) -> 127 | V39: =SUM(V19:V21) -> 201 | W39: =SUM(W19:W21) -> 4 | X39: =SUM(X19:X21) -> 0 | Y39: =SUM(Y19:Y21) -> 55 | Z39: =SUM(Z19:Z21) -> 21 | ... AF39: =SUM(AF19:AF21) -> 2836
B40: 14.30 - 14.45 | C40: 45 | D40: 12 | E40: 9 | F40: 9 | G40: 0 | H40: 0 | I40: 3 | J40: 1 | K40: 0 | L40: 2 | M40: 125 | N40: 0 | O40: =SUM(C40:L40,N40) -> 81 | P40: =SUM(C40:N40) -> 206 | R40: 12 Hours | S40: =SUM(S10:S21) -> 2195 | T40: =SUM(T10:T21) -> 925 | U40: =SUM(U10:U21) -> 356 | V40: =SUM(V10:V21) -> 867 | W40: =SUM(W10:W21) -> 18 | X40: =SUM(X10:X21) -> 0 | Y40: =SUM(Y10:Y21) -> 220 | Z40: =SUM(Z10:Z21) -> 60 | ... AF40: =SUM(AF10:AF21) -> 10115
B41: 14.45 - 15.00 | C41: 52 | D41: 16 | E41: 9 | F41: 22 | G41: 2 | H41: 0 | I41: 8 | J41: 4 | K41: 1 | L41: 2 | M41: 140 | N41: 0 | O41: =SUM(C41:L41,N41) -> 116 | P41: =SUM(C41:N41) -> 256 | R41: 24 Hrs/ADT | S41: =SUM(S10:S33) -> 3398 | T41: =SUM(T10:T33) -> 1385 | U41: =SUM(U10:U33) -> 512 | V41: =SUM(V10:V33) -> 1194 | W41: =SUM(W10:W33) -> 22 | X41: =SUM(X10:X33) -> 0 | Y41: =SUM(Y10:Y33) -> 250 | Z41: =SUM(Z10:Z33) -> 87 | ... AF41: =SUM(AF10:AF33) -> 13707
B42: 15.00 - 15.15 | C42: 64 | D42: 12 | E42: 5 | F42: 11 | G42: 0 | H42: 0 | I42: 6 | J42: 1 | K42: 0 | L42: 1 | M42: 100 | N42: 0 | O42: =SUM(C42:L42,N42) -> 100 | P42: =SUM(C42:N42) -> 200 | R42: NEF | S42: =S41/S40 -> 1.5480638 | T42: =T41/T40 -> 1.4972973 | U42: =U41/U40 -> 1.4382022 | V42: =V41/V40 -> 1.3771626 | W42: =W41/W40 -> 1.2222222 | X42: =X41/X40 -> #DIV/0! | Y42: =Y41/Y40 -> 1.1363636 | Z42: =Z41/Z40 -> 1.45 | ... AF42: =AF41/AF40 -> 1.3551162
B43: 15.15 - 15.30 | C43: 31 | D43: 11 | E43: 1 | F43: 11 | G43: 0 | H43: 0 | I43: 6 | J43: 1 | K43: 0 | L43: 0 | M43: 75 | N43: 0 | O43: =SUM(C43:L43,N43) -> 61 | P43: =SUM(C43:N43) -> 136
B44: 15.30 - 15.45 | C44: 38 | D44: 20 | E44: 9 | F44: 12 | G44: 3 | H44: 0 | I44: 9 | J44: 1 | K44: 1 | L44: 0 | M44: 125 | N44: 0 | O44: =SUM(C44:L44,N44) -> 93 | P44: =SUM(C44:N44) -> 218
B45: 15.45 - 16.00 | C45: 52 | D45: 18 | E45: 1 | F45: 15 | G45: 1 | H45: 0 | I45: 4 | J45: 0 | K45: 1 | L45: 0 | M45: 105 | N45: 0 | O45: =SUM(C45:L45,N45) -> 92 | P45: =SUM(C45:N45) -> 197
B46: 16.00 - 16.15 | C46: 75 | D46: 22 | E46: 3 | F46: 26 | G46: 0 | H46: 0 | I46: 2 | J46: 2 | K46: 1 | L46: 1 | M46: 135 | N46: 0 | O46: =SUM(C46:L46,N46) -> 132 | P46: =SUM(C46:N46) -> 267
B47: 16.15 -16.30 | C47: 56 | D47: 26 | E47: 12 | F47: 13 | G47: 0 | H47: 0 | I47: 6 | J47: 1 | K47: 1 | L47: 3 | M47: 110 | N47: 0 | O47: =SUM(C47:L47,N47) -> 118 | P47: =SUM(C47:N47) -> 228
B48: 16.30 -16.45 | C48: 50 | D48: 29 | E48: 8 | F48: 15 | G48: 0 | H48: 0 | I48: 2 | J48: 1 | K48: 0 | L48: 2 | M48: 100 | N48: 0 | O48: =SUM(C48:L48,N48) -> 107 | P48: =SUM(C48:N48) -> 207
B49: 16.45 -17.00 | C49: 72 | D49: 19 | E49: 9 | F49: 12 | G49: 0 | H49: 0 | I49: 6 | J49: 4 | K49: 1 | L49: 5 | M49: 150 | N49: 0 | O49: =SUM(C49:L49,N49) -> 128 | P49: =SUM(C49:N49) -> 278
B50: 17.00 -17.15 | C50: 95 | D50: 35 | E50: 10 | F50: 15 | G50: 1 | H50: 0 | I50: 8 | J50: 0 | K50: 1 | L50: 4 | M50: 130 | N50: 0 | O50: =SUM(C50:L50,N50) -> 169 | P50: =SUM(C50:N50) -> 299
B51: 17.15 -17.30 | C51: 95 | D51: 40 | E51: 10 | F51: 9 | G51: 0 | H51: 0 | I51: 6 | J51: 0 | K51: 1 | L51: 4 | M51: 127 | N51: 0 | O51: =SUM(C51:L51,N51) -> 165 | P51: =SUM(C51:N51) -> 292
B52: 17.30 -17.45 | C52: 91 | D52: 28 | E52: 14 | F52: 16 | G52: 1 | H52: 0 | I52: 7 | J52: 3 | K52: 2 | L52: 4 | M52: 80 | N52: 0 | O52: =SUM(C52:L52,N52) -> 166 | P52: =SUM(C52:N52) -> 246
B53: 17.45 -18.00 | C53: 90 | D53: 38 | E53: 12 | F53: 13 | G53: 2 | H53: 0 | I53: 5 | J53: 2 | K53: 0 | L53: 2 | M53: 55 | N53: 0 | O53: =SUM(C53:L53,N53) -> 164 | P53: =SUM(C53:N53) -> 219
B54: 18.00 - 18.15 | C54: 110 | D54: 31 | E54: 10 | F54: 16 | G54: 0 | H54: 0 | I54: 4 | J54: 2 | K54: 3 | L54: 5 | M54: 60 | N54: 0 | O54: =SUM(C54:L54,N54) -> 181 | P54: =SUM(C54:N54) -> 241
... B105: 06.45 - 07.00 | C105: 45 | D105: 17 | E105: 6 | F105: 14 | G105: 0 | H105: 0 | I105: 3 | J105: 1 | K105: 0 | L105: 0 | M105: 80 | N105: 0 | O105: =SUM(C105:L105,N105) -> 86 | P105: =SUM(C105:N105) -> 166
B106: Totals | C106: =SUM(C10:C105) -> 3398 | D106: =SUM(D10:D105) -> 1385 | E106: =SUM(E10:E105) -> 512 | F106: =SUM(F10:F105) -> 1194 | G106: =SUM(G10:G105) -> 22 | H106: =SUM(H10:H105) -> 0 | I106: =SUM(I10:I105) -> 250 | J106: =SUM(J10:J105) -> 87 | ... P106: =SUM(P10:P105) -> 13707
B107: %ges + MCs | C107: =C106/$P$106 -> 0.24790253 | D107: =D106/$P$106 -> 0.10104326 | E107: =E106/$P$106 -> 0.037353177 | F107: =F106/$P$106 -> 0.087108777 | G107: =G106/$P$106 -> 0.0016050193 | H107: =H106/$P$106 -> 0 | I107: =I106/$P$106 -> 0.018238856 | J107: =J106/$P$106 -> 0.0063471219 | ... N107: =N106/$P$106 -> 0
B108: %ges w/o MCs | C108: =C106/$O$106 -> 0.4856367 | D108: =D106/$O$106 -> 0.19794198 | E108: =E106/$O$106 -> 0.073174218 | F108: =F106/$O$106 -> 0.17064456 | G108: =G106/$O$106 -> 0.0031442047 | H108: =H106/$O$106 -> 0 | I108: =I106/$O$106 -> 0.035729598 | J108: =J106/$O$106 -> 0.0124339 | ... L108: =L106/$O$106 -> 0.014863513 | N108: =N106/$O$106 -> 0

Sheet 02.08 Kisaasi-Ntinda
B1: Consultancy services for Preparation of Expressway Development Master Plan (EDMP) for Uganda
B2: MANUAL CLASSIFIED COUNT (MCC)
B3: ROAD NAME: | C3: ='29.07 Kisaasi-Ntinda'!C3:G3 -> MCC - C1 - STN33 - NTINDA ROAD
C5: Date | D5: 02.08.19 | F5: Location | G5: ='31.07 Ntinda-Kisaasi'!G5:H5 -> Ndere Center | J5: Surveyor | K5: Omuset Jerome & Faridah
C6: Dir. From | D6: ='29.07 Kisaasi-Ntinda'!D6:E6 -> Kisaasi | F6: Dir. To | G6: ='29.07 Kisaasi-Ntinda'!G6:H6 -> Ntinda | J6: Supervisor | K6: Denis
B8: Time / Veh Type | R8: SUMMARY TRAFFIC VOLUMES
C9: 1. Car | D9: 2. Station Wagon | E9: 3. Pickups | F9: 4. Minibus, matatu | G9: 5. Medium bus | H9: 6. Large Bus | I9: 7. Light Truck | J9: 8. Medium Truck | K9: 9. Heavy truck | L9: 10. Truck Trailer | M9: 11. Motor cycles | N9: 12. Tractors | O9: Total Excl M/Cycles | P9: Total All | R9: Time | S9: 1. Car | T9: 2. Station Wagon | U9: 3. Pickups | V9: 4. Minibus, matatu | W9: 5. Medium bus | X9: 6. Large Bus | Y9: 7. Light Truck | Z9: 8. Medium Truck | AA9: 9. Heavy truck | AB9: 10. Truck Trailer | AC9: 11. Motorcycles | AD9: 12. Tractors, Graders | AE9: Total Excl M/ Cycles | AF9: Total All
B10: 07.00 - 07.15 | C10: 60 | D10: 60 | E10: 19 | F10: 25 | G10: 0 | H10: 0 | I10: 1 | J10: 2 | K10: 0 | L10: 1 | M10: 80 | N10: 0 | O10: =SUM(C10:L10,N10) -> 168 | P10: =SUM(C10:N10) -> 248 | R10: 0700-0800 | S10: =SUM(C10:C13) -> 256 | T10: =SUM(D10:D13) -> 265 | U10: =SUM(E10:E13) -> 79 | V10: =SUM(F10:F13) -> 63 | W10: =SUM(G10:G13) -> 2 | X10: =SUM(H10:H13) -> 0 | Y10: =SUM(I10:I13) -> 17 | Z10: =SUM(J10:J13) -> 5 | ... AF10: =SUM(P10:P13) -> 1123
B11: 07.15 - 07.30 | C11: 76 | D11: 70 | E11: 0 | F11: 0 | G11: 0 | H11: 0 | I11: 6 | J11: 1 | K11: 0 | L11: 3 | M11: 120 | N11: 0 | O11: =SUM(C11:L11,N11) -> 156 | P11: =SUM(C11:N11) -> 276 | R11: 0800-0900 | S11: =SUM(C14:C17) -> 180 | T11: =SUM(D14:D17) -> 153 | U11: =SUM(E14:E17) -> 80 | V11: =SUM(F14:F17) -> 76 | W11: =SUM(G14:G17) -> 2 | X11: =SUM(H14:H17) -> 0 | Y11: =SUM(I14:I17) -> 24 | Z11: =SUM(J14:J17) -> 10 | ... AF11: =SUM(P14:P17) -> 978
B12: 07.30 - 07.45 | C12: 70 | D12: 75 | E12: 30 | F12: 15 | G12: 1 | H12: 0 | I12: 6 | J12: 1 | K12: 1 | L12: 3 | M12: 105 | N12: 0 | O12: =SUM(C12:L12,N12) -> 202 | P12: =SUM(C12:N12) -> 307 | R12: 0900-1000 | S12: =SUM(C18:C21) -> 137 | T12: =SUM(D18:D21) -> 137 | U12: =SUM(E18:E21) -> 35 | V12: =SUM(F18:F21) -> 51 | W12: =SUM(G18:G21) -> 0 | X12: =SUM(H18:H21) -> 0 | Y12: =SUM(I18:I21) -> 7 | Z12: =SUM(J18:J21) -> 4 | ... AF12: =SUM(P18:P21) -> 752
B13: 07.45 - 08.00 | C13: 50 | D13: 60 | E13: 30 | F13: 23 | G13: 1 | H13: 0 | I13: 4 | J13: 1 | K13: 1 | L13: 2 | M13: 120 | N13: 0 | O13: =SUM(C13:L13,N13) -> 172 | P13: =SUM(C13:N13) -> 292 | R13: 1000-1100 | S13: =SUM(C22:C25) -> 96 | T13: =SUM(D22:D25) -> 78 | U13: =SUM(E22:E25) -> 41 | V13: =SUM(F22:F25) -> 52 | W13: =SUM(G22:G25) -> 0 | X13: =SUM(H22:H25) -> 0 | Y13: =SUM(I22:I25) -> 24 | Z13: =SUM(J22:J25) -> 4 | ... AF13: =SUM(P22:P25) -> 670
B14: 08.00 - 08.15 | C14: 45 | D14: 35 | E14: 30 | F14: 20 | G14: 0 | H14: 0 | I14: 19 | J14: 6 | K14: 0 | L14: 2 | M14: 140 | N14: 0 | O14: =SUM(C14:L14,N14) -> 157 | P14: =SUM(C14:N14) -> 297 | R14: 1100-1200 | S14: =SUM(C26:C29) -> 101 | T14: =SUM(D26:D29) -> 50 | U14: =SUM(E26:E29) -> 26 | V14: =SUM(F26:F29) -> 38 | W14: =SUM(G26:G29) -> 0 | X14: =SUM(H26:H29) -> 0 | Y14: =SUM(I26:I29) -> 15 | Z14: =SUM(J26:J29) -> 8 | ... AF14: =SUM(P26:P29) -> 662
B15: 08.15 - 08.30 | C15: 60 | D15: 63 | E15: 30 | F15: 31 | G15: 1 | H15: 0 | I15: 1 | J15: 1 | K15: 0 | L15: 1 | M15: 60 | N15: 0 | O15: =SUM(C15:L15,N15) -> 188 | P15: =SUM(C15:N15) -> 248 | R15: 1200-1300 | S15: =SUM(C30:C33) -> 100 | T15: =SUM(D30:D33) -> 107 | U15: =SUM(E30:E33) -> 60 | V15: =SUM(F30:F33) -> 65 | W15: =SUM(G30:G33) -> 1 | X15: =SUM(H30:H33) -> 0 | Y15: =SUM(I30:I33) -> 24 | Z15: =SUM(J30:J33) -> 11 | ... AF15: =SUM(P30:P33) -> 820
B16: 08.30 - 08.45 | C16: 45 | D16: 40 | E16: 15 | F16: 12 | G16: 0 | H16: 0 | I16: 2 | J16: 0 | K16: 0 | L16: 0 | M16: 115 | N16: 0 | O16: =SUM(C16:L16,N16) -> 114 | P16: =SUM(C16:N16) -> 229 | R16: 1300-1400 | S16: =SUM(C34:C37) -> 97 | T16: =SUM(D34:D37) -> 81 | U16: =SUM(E34:E37) -> 35 | V16: =SUM(F34:F37) -> 29 | W16: =SUM(G34:G37) -> 0 | X16: =SUM(H34:H37) -> 0 | Y16: =SUM(I34:I37) -> 11 | Z16: =SUM(J34:J37) -> 7 | ... AF16: =SUM(P34:P37) -> 615
B17: 08.45 - 9.00 | C17: 30 | D17: 15 | E17: 5 | F17: 13 | G17: 1 | H17: 0 | I17: 2 | J17: 3 | K17: 0 | L17: 0 | M17: 135 | N17: 0 | O17: =SUM(C17:L17,N17) -> 69 | P17: =SUM(C17:N17) -> 204 | R17: 1400-1500 | S17: =SUM(C38:C41) -> 93 | T17: =SUM(D38:D41) -> 72 | U17: =SUM(E38:E41) -> 51 | V17: =SUM(F38:F41) -> 48 | W17: =SUM(G38:G41) -> 0 | X17: =SUM(H38:H41) -> 0 | Y17: =SUM(I38:I41) -> 21 | Z17: =SUM(J38:J41) -> 7 | ... AF17: =SUM(P38:P41) -> 623
B18: 09.00 - 09.15 | C18: 40 | D18: 45 | E18: 9 | F18: 8 | G18: 0 | H18: 0 | I18: 1 | J18: 0 | K18: 0 | L18: 2 | M18: 85 | N18: 0 | O18: =SUM(C18:L18,N18) -> 105 | P18: =SUM(C18:N18) -> 190 | R18: 1500-1600 | S18: =SUM(C42:C45) -> 137 | T18: =SUM(D42:D45) -> 111 | U18: =SUM(E42:E45) -> 46 | V18: =SUM(F42:F45) -> 33 | W18: =SUM(G42:G45) -> 1 | X18: =SUM(H42:H45) -> 0 | Y18: =SUM(I42:I45) -> 15 | Z18: =SUM(J42:J45) -> 8 | ... AF18: =SUM(P42:P45) -> 754
B19: 09.15 - 09.30 | C19: 35 | D19: 40 | E19: 12 | F19: 13 | G19: 0 | H19: 0 | I19: 4 | J19: 0 | K19: 1 | L19: 0 | M19: 90 | N19: 0 | O19: =SUM(C19:L19,N19) -> 105 | P19: =SUM(C19:N19) -> 195 | R19: 1600-1700 | S19: =SUM(C46:C49) -> 150 | T19: =SUM(D46:D49) -> 133 | U19: =SUM(E46:E49) -> 66 | V19: =SUM(F46:F49) -> 66 | W19: =SUM(G46:G49) -> 3 | X19: =SUM(H46:H49) -> 0 | Y19: =SUM(I46:I49) -> 16 | Z19: =SUM(J46:J49) -> 9 | ... AF19: =SUM(P46:P49) -> 806
B20: 09.30 - 09.45 | C20: 32 | D20: 30 | E20: 8 | F20: 20 | G20: 0 | H20: 0 | I20: 2 | J20: 2 | K20: 1 | L20: 0 | M20: 125 | N20: 0 | O20: =SUM(C20:L20,N20) -> 95 | P20: =SUM(C20:N20) -> 220 | R20: 1700-1800 | S20: =SUM(C50:C53) -> 120 | T20: =SUM(D50:D53) -> 123 | U20: =SUM(E50:E53) -> 55 | V20: =SUM(F50:F53) -> 82 | W20: =SUM(G50:G53) -> 2 | X20: =SUM(H50:H53) -> 0 | Y20: =SUM(I50:I53) -> 13 | Z20: =SUM(J50:J53) -> 12 | ... AF20: =SUM(P50:P53) -> 777
B21: 09.45 - 10.00 | C21: 30 | D21: 22 | E21: 6 | F21: 10 | G21: 0 | H21: 0 | I21: 0 | J21: 2 | K21: 0 | L21: 2 | M21: 75 | N21: 0 | O21: =SUM(C21:L21,N21) -> 72 | P21: =SUM(C21:N21) -> 147 | R21: 1800-1900 | S21: =SUM(C54:C57) -> 107 | T21: =SUM(D54:D57) -> 96 | U21: =SUM(E54:E57) -> 39 | V21: =SUM(F54:F57) -> 72 | W21: =SUM(G54:G57) -> 0 | X21: =SUM(H54:H57) -> 0 | Y21: =SUM(I54:I57) -> 8 | Z21: =SUM(J54:J57) -> 7 | ... AF21: =SUM(P54:P57) -> 679
B22: 10.00 - 10.15 | C22: 28 | D22: 18 | E22: 21 | F22: 10 | G22: 0 | H22: 0 | I22: 3 | J22: 2 | K22: 0 | L22: 2 | M22: 90 | N22: 0 | O22: =SUM(C22:L22,N22) -> 84 | P22: =SUM(C22:N22) -> 174 | R22: AM Peak Hr | S22: =MAX(S10:S12) -> 256 | T22: =MAX(T10:T12) -> 265 | U22: =MAX(U10:U12) -> 80 | V22: =MAX(V10:V12) -> 76 | W22: =MAX(W10:W12) -> 2 | X22: =MAX(X10:X12) -> 0 | Y22: =MAX(Y10:Y12) -> 24 | Z22: =MAX(Z10:Z12) -> 10 | ... AF22: =MAX(AF10:AF12) -> 1123
B23: 10.15 - 10.30 | C23: 25 | D23: 30 | E23: 12 | F23: 11 | G23: 0 | H23: 0 | I23: 4 | J23: 0 | K23: 1 | L23: 3 | M23: 85 | N23: 0 | O23: =SUM(C23:L23,N23) -> 86 | P23: =SUM(C23:N23) -> 171 | R23: IP Peak Hr | S23: =MAX(S13:S18) -> 137 | T23: =MAX(T13:T18) -> 111 | U23: =MAX(U13:U18) -> 60 | V23: =MAX(V13:V18) -> 65 | W23: =MAX(W13:W18) -> 1 | X23: =MAX(X13:X18) -> 0 | Y23: =MAX(Y13:Y18) -> 24 | Z23: =MAX(Z13:Z18) -> 11 | ... AF23: =MAX(AF13:AF18) -> 820
B24: 10.30 - 10.45 | C24: 20 | D24: 15 | E24: 2 | F24: 16 | G24: 0 | H24: 0 | I24: 6 | J24: 1 | K24: 0 | L24: 1 | M24: 100 | N24: 0 | O24: =SUM(C24:L24,N24) -> 61 | P24: =SUM(C24:N24) -> 161 | R24: PM Peak Hr | S24: =MAX(S19:S21) -> 150 | T24: =MAX(T19:T21) -> 133 | U24: =MAX(U19:U21) -> 66 | V24: =MAX(V19:V21) -> 82 | W24: =MAX(W19:W21) -> 3 | X24: =MAX(X19:X21) -> 0 | Y24: =MAX(Y19:Y21) -> 16 | Z24: =MAX(Z19:Z21) -> 12 | ... AF24: =MAX(AF19:AF21) -> 806
B25: 10.45 - 11.00 | C25: 23 | D25: 15 | E25: 6 | F25: 15 | G25: 0 | H25: 0 | I25: 11 | J25: 1 | K25: 1 | L25: 2 | M25: 90 | N25: 0 | O25: =SUM(C25:L25,N25) -> 74 | P25: =SUM(C25:N25) -> 164 | R25: AM Period | S25: =SUM(S10:S12) -> 573 | T25: =SUM(T10:T12) -> 555 | U25: =SUM(U10:U12) -> 194 | V25: =SUM(V10:V12) -> 190 | W25: =SUM(W10:W12) -> 4 | X25: =SUM(X10:X12) -> 0 | Y25: =SUM(Y10:Y12) -> 48 | Z25: =SUM(Z10:Z12) -> 19 | ... AF25: =SUM(AF10:AF12) -> 2853
B26: 11.00 - 11.15 | C26: 5 | D26: 11 | E26: 5 | F26: 8 | G26: 0 | H26: 0 | I26: 3 | J26: 1 | K26: 1 | L26: 4 | M26: 92 | N26: 0 | O26: =SUM(C26:L26,N26) -> 38 | P26: =SUM(C26:N26) -> 130 | R26: IP Period | S26: =SUM(S13:S18) -> 624 | T26: =SUM(T13:T18) -> 499 | U26: =SUM(U13:U18) -> 259 | V26: =SUM(V13:V18) -> 265 | W26: =SUM(W13:W18) -> 2 | X26: =SUM(X13:X18) -> 0 | Y26: =SUM(Y13:Y18) -> 110 | Z26: =SUM(Z13:Z18) -> 45 | ... AF26: =SUM(AF13:AF18) -> 4144
B27: 11.15 - 11.30 | C27: 41 | D27: 9 | E27: 4 | F27: 10 | G27: 0 | H27: 0 | I27: 3 | J27: 1 | K27: 1 | L27: 2 | M27: 105 | N27: 0 | O27: =SUM(C27:L27,N27) -> 71 | P27: =SUM(C27:N27) -> 176 | R27: PM Period | S27: =SUM(S19:S21) -> 377 | T27: =SUM(T19:T21) -> 352 | U27: =SUM(U19:U21) -> 160 | V27: =SUM(V19:V21) -> 220 | W27: =SUM(W19:W21) -> 5 | X27: =SUM(X19:X21) -> 0 | Y27: =SUM(Y19:Y21) -> 37 | Z27: =SUM(Z19:Z21) -> 28 | ... AF27: =SUM(AF19:AF21) -> 2262
B28: 11.30 - 11.45 | C28: 30 | D28: 15 | E28: 7 | F28: 10 | G28: 0 | H28: 0 | I28: 6 | J28: 4 | K28: 1 | L28: 1 | M28: 110 | N28: 0 | O28: =SUM(C28:L28,N28) -> 74 | P28: =SUM(C28:N28) -> 184 | R28: 12 Hours | S28: =SUM(S10:S21) -> 1574 | T28: =SUM(T10:T21) -> 1406 | U28: =SUM(U10:U21) -> 613 | V28: =SUM(V10:V21) -> 675 | W28: =SUM(W10:W21) -> 11 | X28: =SUM(X10:X21) -> 0 | Y28: =SUM(Y10:Y21) -> 195 | Z28: =SUM(Z10:Z21) -> 92 | ... AF28: =SUM(AF10:AF21) -> 9259
B29: 11.45 - 12.00 | C29: 25 | D29: 15 | E29: 10 | F29: 10 | G29: 0 | H29: 0 | I29: 3 | J29: 2 | K29: 0 | L29: 0 | M29: 107 | N29: 0 | O29: =SUM(C29:L29,N29) -> 65 | P29: =SUM(C29:N29) -> 172
B30: 12.00 - 12.15 | C30: 25 | D30: 30 | E30: 15 | F30: 15 | G30: 1 | H30: 0 | I30: 4 | J30: 1 | K30: 4 | L30: 2 | M30: 100 | N30: 0 | O30: =SUM(C30:L30,N30) -> 97 | P30: =SUM(C30:N30) -> 197
B31: 12.15 - 12.30 | C31: 20 | D31: 15 | E31: 12 | F31: 20 | G31: 0 | H31: 0 | I31: 6 | J31: 5 | K31: 0 | L31: 0 | M31: 135 | N31: 1 | O31: =SUM(C31:L31,N31) -> 79 | P31: =SUM(C31:N31) -> 214
B32: 12.30 - 12.45 | C32: 25 | D32: 30 | E32: 5 | F32: 15 | G32: 0 | H32: 0 | I32: 6 | J32: 2 | K32: 1 | L32: 0 | M32: 85 | N32: 0 | O32: =SUM(C32:L32,N32) -> 84 | P32: =SUM(C32:N32) -> 169
B33: 12.45 - 13.00 | C33: 30 | D33: 32 | E33: 28 | F33: 15 | G33: 0 | H33: 0 | I33: 8 | J33: 3 | K33: 1 | L33: 3 | M33: 120 | N33: 0 | O33: =SUM(C33:L33,N33) -> 120 | P33: =SUM(C33:N33) -> 240
B34: 13.00 - 13.15 | C34: 20 | D34: 15 | E34: 8 | F34: 6 | G34: 0 | H34: 0 | I34: 3 | J34: 2 | K34: 1 | L34: 3 | M34: 130 | N34: 0 | O34: =SUM(C34:L34,N34) -> 58 | P34: =SUM(C34:N34) -> 188
B35: 13.15 - 13.30 | C35: 10 | D35: 11 | E35: 7 | F35: 10 | G35: 0 | H35: 0 | I35: 2 | J35: 1 | K35: 1 | L35: 1 | M35: 75 | N35: 0 | O35: =SUM(C35:L35,N35) -> 43 | P35: =SUM(C35:N35) -> 118
B36: 13.30 - 13.45 | C36: 32 | D36: 30 | E36: 10 | F36: 7 | G36: 0 | H36: 0 | I36: 3 | J36: 2 | K36: 2 | L36: 1 | M36: 80 | N36: 0 | O36: =SUM(C36:L36,N36) -> 87 | P36: =SUM(C36:N36) -> 167
B37: 13.45 - 14.00 | C37: 35 | D37: 25 | E37: 10 | F37: 6 | G37: 0 | H37: 0 | I37: 3 | J37: 2 | K37: 1 | L37: 0 | M37: 60 | N37: 0 | O37: =SUM(C37:L37,N37) -> 82 | P37: =SUM(C37:N37) -> 142
B38: 14.00 - 14.15 | C38: 30 | D38: 25 | E38: 9 | F38: 15 | G38: 0 | H38: 0 | I38: 5 | J38: 3 | K38: 0 | L38: 1 | M38: 100 | N38: 0 | O38: =SUM(C38:L38,N38) -> 88 | P38: =SUM(C38:N38) -> 188
B39: 14.15 - 14.30 | C39: 25 | D39: 12 | E39: 7 | F39: 13 | G39: 0 | H39: 0 | I39: 7 | J39: 2 | K39: 0 | L39: 0 | M39: 75 | N39: 0 | O39: =SUM(C39:L39,N39) -> 66 | P39: =SUM(C39:N39) -> 141
B40: 14.30 - 14.45 | C40: 13 | D40: 10 | E40: 5 | F40: 10 | G40: 0 | H40: 0 | I40: 4 | J40: 0 | K40: 0 | L40: 1 | M40: 80 | N40: 0 | O40: =SUM(C40:L40,N40) -> 43 | P40: =SUM(C40:N40) -> 123
... B57: 18.45 - 19.00 | C57: 22 | D57: 10 | E57: 10 | F57: 19 | G57: 0 | H57: 0 | I57: 1 | J57: 1 | K57: 1 | L57: 0 | M57: 100 | N57: 0 | O57: =SUM(C57:L57,N57) -> 64 | P57: =SUM(C57:N57) -> 164
B58: Totals | C58: =SUM(C10:C57) -> 1574 | D58: =SUM(D10:D57) -> 1406 | E58: =SUM(E10:E57) -> 613 | F58: =SUM(F10:F57) -> 675 | G58: =SUM(G10:G57) -> 11 | H58: =SUM(H10:H57) -> 0 | I58: =SUM(I10:I57) -> 195 | J58: =SUM(J10:J57) -> 92 | ... P58: =SUM(P10:P57) -> 9259
B59: %ges + MCs | C59: =C58/$P$58 -> 0.16999676 | D59: =D58/$P$58 -> 0.15185225 | E59: =E58/$P$58 -> 0.066205854 | F59: =F58/$P$58 -> 0.072902041 | G59: =G58/$P$58 -> 0.0011880333 | H59: =H58/$P$58 -> 0 | I59: =I58/$P$58 -> 0.02106059 | J59: =J58/$P$58 -> 0.0099362782 | ... N59: =N58/$P$58 -> 0.00010800302
B60: %ges w/o MCs | C60: =C58/$O$58 -> 0.33791327 | D60: =D58/$O$58 -> 0.30184629 | E60: =E58/$O$58 -> 0.13160155 | F60: =F58/$O$58 -> 0.14491198 | G60: =G58/$O$58 -> 0.0023615286 | H60: =H58/$O$58 -> 0 | I60: =I58/$O$58 -> 0.041863461 | J60: =J58/$O$58 -> 0.019750966 | ... L60: =L58/$O$58 -> 0.013095749 | N60: =N58/$O$58 -> 0.00021468441

Sheet 02.08 Ntinda-Kisaasi
B1: Consultancy services for Preparation of Expressway Development Master Plan (EDMP) for Uganda
B2: MANUAL CLASSIFIED COUNT (MCC)
B3: ROAD NAME: | C3: ='29.07 Ntinda-Kisaasi'!C3:G3 -> MCC - C1 - STN33 - NTINDA ROAD
C5: Date | D5: ='02.08 Kisaasi-Ntinda'!D5 -> 02.08.19 | F5: Location | G5: ='02.08 Kisaasi-Ntinda'!G5:H5 -> Ndere Center | J5: Surveyor | K5: Okello Peter
C6: Dir. From | D6: ='29.07 Ntinda-Kisaasi'!D6:E6 -> Ntinda | F6: Dir. To | G6: ='29.07 Ntinda-Kisaasi'!G6:H6 -> Kisaasi | J6: Supervisor | K6: ='02.08 Kisaasi-Ntinda'!K6:L6 -> Denis
B8: Time / Veh Type | R8: SUMMARY TRAFFIC VOLUMES
C9: 1. Car | D9: 2. Station Wagon | E9: 3. Pickups | F9: 4. Minibus, matatu | G9: 5. Medium bus | H9: 6. Large Bus | I9: 7. Light Truck | J9: 8. Medium Truck | K9: 9. Heavy truck | L9: 10. Truck Trailer | M9: 11. Motor cycles | N9: 12. Tractors | O9: Total Excl M/Cycles | P9: Total All | R9: Time | S9: 1. Car | T9: 2. Station Wagon | U9: 3. Pickups | V9: 4. Minibus, matatu | W9: 5. Medium bus | X9: 6. Large Bus | Y9: 7. Light Truck | Z9: 8. Medium Truck | AA9: 9. Heavy truck | AB9: 10. Truck Trailer | AC9: 11. Motorcycles | AD9: 12. Tractors, Graders | AE9: Total Excl M/ Cycles | AF9: Total All
B10: 07.00 - 07.15 | C10: 30 | D10: 9 | E10: 2 | F10: 13 | G10: 0 | H10: 0 | I10: 3 | J10: 0 | K10: 0 | L10: 1 | M10: 60 | N10: 0 | O10: =SUM(C10:L10,N10) -> 58 | P10: =SUM(C10:N10) -> 118 | R10: 0700-0800 | S10: =SUM(C10:C13) -> 150 | T10: =SUM(D10:D13) -> 51 | U10: =SUM(E10:E13) -> 20 | V10: =SUM(F10:F13) -> 88 | W10: =SUM(G10:G13) -> 2 | X10: =SUM(H10:H13) -> 0 | Y10: =SUM(I10:I13) -> 7 | Z10: =SUM(J10:J13) -> 4 | ... AF10: =SUM(P10:P13) -> 781
B11: 07.15 - 07.30 | C11: 53 | D11: 22 | E11: 12 | F11: 20 | G11: 2 | H11: 0 | I11: 2 | J11: 3 | K11: 3 | L11: 0 | M11: 125 | N11: 0 | O11: =SUM(C11:L11,N11) -> 117 | P11: =SUM(C11:N11) -> 242 | R11: 0800-0900 | S11: =SUM(C14:C17) -> 108 | T11: =SUM(D14:D17) -> 51 | U11: =SUM(E14:E17) -> 22 | V11: =SUM(F14:F17) -> 119 | W11: =SUM(G14:G17) -> 1 | X11: =SUM(H14:H17) -> 0 | Y11: =SUM(I14:I17) -> 14 | Z11: =SUM(J14:J17) -> 1 | ... AF11: =SUM(P14:P17) -> 794
B12: 07.30 - 07.45 | C12: 43 | D12: 12 | E12: 2 | F12: 30 | G12: 0 | H12: 0 | I12: 1 | J12: 1 | K12: 0 | L12: 0 | M12: 130 | N12: 0 | O12: =SUM(C12:L12,N12) -> 89 | P12: =SUM(C12:N12) -> 219 | R12: 0900-1000 | S12: =SUM(C18:C21) -> 116 | T12: =SUM(D18:D21) -> 49 | U12: =SUM(E18:E21) -> 33 | V12: =SUM(F18:F21) -> 85 | W12: =SUM(G18:G21) -> 0 | X12: =SUM(H18:H21) -> 0 | Y12: =SUM(I18:I21) -> 20 | Z12: =SUM(J18:J21) -> 2 | ... AF12: =SUM(P18:P21) -> 737
B13: 07.45 - 08.00 | C13: 24 | D13: 8 | E13: 4 | F13: 25 | G13: 0 | H13: 0 | I13: 1 | J13: 0 | K13: 0 | L13: 0 | M13: 140 | N13: 0 | O13: =SUM(C13:L13,N13) -> 62 | P13: =SUM(C13:N13) -> 202 | R13: 1000-1100 | S13: =SUM(C22:C25) -> 148 | T13: =SUM(D22:D25) -> 89 | U13: =SUM(E22:E25) -> 25 | V13: =SUM(F22:F25) -> 65 | W13: =SUM(G22:G25) -> 0 | X13: =SUM(H22:H25) -> 0 | Y13: =SUM(I22:I25) -> 10 | Z13: =SUM(J22:J25) -> 8 | ... AF13: =SUM(P22:P25) -> 734
B14: 08.00 - 08.15 | C14: 33 | D14: 14 | E14: 7 | F14: 37 | G14: 0 | H14: 0 | I14: 5 | J14: 0 | K14: 0 | L14: 1 | M14: 120 | N14: 0 | O14: =SUM(C14:L14,N14) -> 97 | P14: =SUM(C14:N14) -> 217 | R14: 1100-1200 | S14: =SUM(C26:C29) -> 142 | T14: =SUM(D26:D29) -> 81 | U14: =SUM(E26:E29) -> 23 | V14: =SUM(F26:F29) -> 68 | W14: =SUM(G26:G29) -> 1 | X14: =SUM(H26:H29) -> 0 | Y14: =SUM(I26:I29) -> 22 | Z14: =SUM(J26:J29) -> 8 | ... AF14: =SUM(P26:P29) -> 625
B15: 08.15 - 08.30 | C15: 20 | D15: 17 | E15: 4 | F15: 20 | G15: 0 | H15: 0 | I15: 0 | J15: 0 | K15: 0 | L15: 1 | M15: 110 | N15: 0 | O15: =SUM(C15:L15,N15) -> 62 | P15: =SUM(C15:N15) -> 172 | R15: 1200-1300 | S15: =SUM(C30:C33) -> 137 | T15: =SUM(D30:D33) -> 74 | U15: =SUM(E30:E33) -> 19 | V15: =SUM(F30:F33) -> 70 | W15: =SUM(G30:G33) -> 0 | X15: =SUM(H30:H33) -> 0 | Y15: =SUM(I30:I33) -> 15 | Z15: =SUM(J30:J33) -> 9 | ... AF15: =SUM(P30:P33) -> 553
B16: 08.30 - 08.45 | C16: 25 | D16: 7 | E16: 4 | F16: 27 | G16: 0 | H16: 0 | I16: 5 | J16: 1 | K16: 0 | L16: 0 | M16: 105 | N16: 0 | O16: =SUM(C16:L16,N16) -> 69 | P16: =SUM(C16:N16) -> 174 | R16: 1300-1400 | S16: =SUM(C34:C37) -> 90 | T16: =SUM(D34:D37) -> 75 | U16: =SUM(E34:E37) -> 35 | V16: =SUM(F34:F37) -> 74 | W16: =SUM(G34:G37) -> 3 | X16: =SUM(H34:H37) -> 0 | Y16: =SUM(I34:I37) -> 14 | Z16: =SUM(J34:J37) -> 13 | ... AF16: =SUM(P34:P37) -> 611
B17: 08.45 - 9.00 | C17: 30 | D17: 13 | E17: 7 | F17: 35 | G17: 1 | H17: 0 | I17: 4 | J17: 0 | K17: 0 | L17: 1 | M17: 140 | N17: 0 | O17: =SUM(C17:L17,N17) -> 91 | P17: =SUM(C17:N17) -> 231 | R17: 1400-1500 | S17: =SUM(C38:C41) -> 142 | T17: =SUM(D38:D41) -> 83 | U17: =SUM(E38:E41) -> 21 | V17: =SUM(F38:F41) -> 69 | W17: =SUM(G38:G41) -> 4 | X17: =SUM(H38:H41) -> 0 | Y17: =SUM(I38:I41) -> 23 | Z17: =SUM(J38:J41) -> 9 | ... AF17: =SUM(P38:P41) -> 713
B18: 09.00 - 09.15 | C18: 28 | D18: 12 | E18: 2 | F18: 24 | G18: 0 | H18: 0 | I18: 3 | J18: 0 | K18: 0 | L18: 3 | M18: 80 | N18: 0 | O18: =SUM(C18:L18,N18) -> 72 | P18: =SUM(C18:N18) -> 152 | R18: 1500-1600 | S18: =SUM(C42:C45) -> 149 | T18: =SUM(D42:D45) -> 70 | U18: =SUM(E42:E45) -> 31 | V18: =SUM(F42:F45) -> 56 | W18: =SUM(G42:G45) -> 0 | X18: =SUM(H42:H45) -> 1 | Y18: =SUM(I42:I45) -> 23 | Z18: =SUM(J42:J45) -> 6 | ... AF18: =SUM(P42:P45) -> 705
B19: 09.15 - 09.30 | C19: 17 | D19: 11 | E19: 12 | F19: 15 | G19: 0 | H19: 0 | I19: 4 | J19: 1 | K19: 0 | L19: 0 | M19: 100 | N19: 0 | O19: =SUM(C19:L19,N19) -> 60 | P19: =SUM(C19:N19) -> 160 | R19: 1600-1700 | S19: =SUM(C46:C49) -> 205 | T19: =SUM(D46:D49) -> 51 | U19: =SUM(E46:E49) -> 34 | V19: =SUM(F46:F49) -> 58 | W19: =SUM(G46:G49) -> 0 | X19: =SUM(H46:H49) -> 0 | Y19: =SUM(I46:I49) -> 10 | Z19: =SUM(J46:J49) -> 6 | ... AF19: =SUM(P46:P49) -> 717
B20: 09.30 - 09.45 | C20: 36 | D20: 14 | E20: 9 | F20: 32 | G20: 0 | H20: 0 | I20: 6 | J20: 1 | K20: 0 | L20: 0 | M20: 120 | N20: 0 | O20: =SUM(C20:L20,N20) -> 98 | P20: =SUM(C20:N20) -> 218 | R20: 1700-1800 | S20: =SUM(C50:C53) -> 212 | T20: =SUM(D50:D53) -> 101 | U20: =SUM(E50:E53) -> 26 | V20: =SUM(F50:F53) -> 49 | W20: =SUM(G50:G53) -> 2 | X20: =SUM(H50:H53) -> 0 | Y20: =SUM(I50:I53) -> 14 | Z20: =SUM(J50:J53) -> 2 | ... AF20: =SUM(P50:P53) -> 688
B21: 09.45 - 10.00 | C21: 35 | D21: 12 | E21: 10 | F21: 14 | G21: 0 | H21: 0 | I21: 7 | J21: 0 | K21: 0 | L21: 4 | M21: 125 | N21: 0 | O21: =SUM(C21:L21,N21) -> 82 | P21: =SUM(C21:N21) -> 207 | R21: 1800-1900 | S21: =SUM(C54:C57) -> 208 | T21: =SUM(D54:D57) -> 91 | U21: =SUM(E54:E57) -> 20 | V21: =SUM(F54:F57) -> 52 | W21: =SUM(G54:G57) -> 2 | X21: =SUM(H54:H57) -> 0 | Y21: =SUM(I54:I57) -> 16 | Z21: =SUM(J54:J57) -> 8 | ... AF21: =SUM(P54:P57) -> 688
B22: 10.00 - 10.15 | C22: 24 | D22: 12 | E22: 6 | F22: 13 | G22: 0 | H22: 0 | I22: 1 | J22: 2 | K22: 0 | L22: 2 | M22: 120 | N22: 0 | O22: =SUM(C22:L22,N22) -> 60 | P22: =SUM(C22:N22) -> 180 | R22: AM Peak Hr | S22: =MAX(S10:S12) -> 150 | T22: =MAX(T10:T12) -> 51 | U22: =MAX(U10:U12) -> 33 | V22: =MAX(V10:V12) -> 119 | W22: =MAX(W10:W12) -> 2 | X22: =MAX(X10:X12) -> 0 | Y22: =MAX(Y10:Y12) -> 20 | Z22: =MAX(Z10:Z12) -> 4 | ... AF22: =MAX(AF10:AF12) -> 794
B23: 10.15 - 10.30 | C23: 62 | D23: 41 | E23: 7 | F23: 25 | G23: 0 | H23: 0 | I23: 1 | J23: 0 | K23: 1 | L23: 1 | M23: 75 | N23: 0 | O23: =SUM(C23:L23,N23) -> 138 | P23: =SUM(C23:N23) -> 213 | R23: IP Peak Hr | S23: =MAX(S13:S18) -> 149 | T23: =MAX(T13:T18) -> 89 | U23: =MAX(U13:U18) -> 35 | V23: =MAX(V13:V18) -> 74 | W23: =MAX(W13:W18) -> 4 | X23: =MAX(X13:X18) -> 1 | Y23: =MAX(Y13:Y18) -> 23 | Z23: =MAX(Z13:Z18) -> 13 | ... AF23: =MAX(AF13:AF18) -> 734
B24: 10.30 - 10.45 | C24: 32 | D24: 16 | E24: 6 | F24: 17 | G24: 0 | H24: 0 | I24: 5 | J24: 2 | K24: 0 | L24: 1 | M24: 90 | N24: 0 | O24: =SUM(C24:L24,N24) -> 79 | P24: =SUM(C24:N24) -> 169 | R24: PM Peak Hr | S24: =MAX(S19:S21) -> 212 | T24: =MAX(T19:T21) -> 101 | U24: =MAX(U19:U21) -> 34 | V24: =MAX(V19:V21) -> 58 | W24: =MAX(W19:W21) -> 2 | X24: =MAX(X19:X21) -> 0 | Y24: =MAX(Y19:Y21) -> 16 | Z24: =MAX(Z19:Z21) -> 8 | ... AF24: =MAX(AF19:AF21) -> 717
B25: 10.45 - 11.00 | C25: 30 | D25: 20 | E25: 6 | F25: 10 | G25: 0 | H25: 0 | I25: 3 | J25: 4 | K25: 0 | L25: 1 | M25: 98 | N25: 0 | O25: =SUM(C25:L25,N25) -> 74 | P25: =SUM(C25:N25) -> 172 | R25: AM Period | S25: =SUM(S10:S12) -> 374 | T25: =SUM(T10:T12) -> 151 | U25: =SUM(U10:U12) -> 75 | V25: =SUM(V10:V12) -> 292 | W25: =SUM(W10:W12) -> 3 | X25: =SUM(X10:X12) -> 0 | Y25: =SUM(Y10:Y12) -> 41 | Z25: =SUM(Z10:Z12) -> 7 | ... AF25: =SUM(AF10:AF12) -> 2312
B26: 11.00 - 11.15 | C26: 40 | D26: 9 | E26: 0 | F26: 6 | G26: 0 | H26: 0 | I26: 7 | J26: 2 | K26: 0 | L26: 1 | M26: 45 | N26: 0 | O26: =SUM(C26:L26,N26) -> 65 | P26: =SUM(C26:N26) -> 110 | R26: IP Period | S26: =SUM(S13:S18) -> 808 | T26: =SUM(T13:T18) -> 472 | U26: =SUM(U13:U18) -> 154 | V26: =SUM(V13:V18) -> 402 | W26: =SUM(W13:W18) -> 8 | X26: =SUM(X13:X18) -> 1 | Y26: =SUM(Y13:Y18) -> 107 | Z26: =SUM(Z13:Z18) -> 53 | ... AF26: =SUM(AF13:AF18) -> 3941
B27: 11.15 - 11.30 | C27: 35 | D27: 17 | E27: 9 | F27: 21 | G27: 1 | H27: 0 | I27: 7 | J27: 1 | K27: 5 | L27: 3 | M27: 80 | N27: 0 | O27: =SUM(C27:L27,N27) -> 99 | P27: =SUM(C27:N27) -> 179 | R27: PM Period | S27: =SUM(S19:S21) -> 625 | T27: =SUM(T19:T21) -> 243 | U27: =SUM(U19:U21) -> 80 | V27: =SUM(V19:V21) -> 159 | W27: =SUM(W19:W21) -> 4 | X27: =SUM(X19:X21) -> 0 | Y27: =SUM(Y19:Y21) -> 40 | Z27: =SUM(Z19:Z21) -> 16 | ... AF27: =SUM(AF19:AF21) -> 2093
B28: 11.30 - 11.45 | C28: 36 | D28: 23 | E28: 5 | F28: 20 | G28: 0 | H28: 0 | I28: 2 | J28: 2 | K28: 1 | L28: 2 | M28: 90 | N28: 0 | O28: =SUM(C28:L28,N28) -> 91 | P28: =SUM(C28:N28) -> 181 | R28: 12 Hours | S28: =SUM(S10:S21) -> 1807 | T28: =SUM(T10:T21) -> 866 | U28: =SUM(U10:U21) -> 309 | V28: =SUM(V10:V21) -> 853 | W28: =SUM(W10:W21) -> 15 | X28: =SUM(X10:X21) -> 1 | Y28: =SUM(Y10:Y21) -> 188 | Z28: =SUM(Z10:Z21) -> 76 | ... AF28: =SUM(AF10:AF21) -> 8346
B29: 11.45 - 12.00 | C29: 31 | D29: 32 | E29: 9 | F29: 21 | G29: 0 | H29: 0 | I29: 6 | J29: 3 | K29: 1 | L29: 2 | M29: 50 | N29: 0 | O29: =SUM(C29:L29,N29) -> 105 | P29: =SUM(C29:N29) -> 155
B30: 12.00 - 12.15 | C30: 60 | D30: 18 | E30: 5 | F30: 10 | G30: 0 | H30: 0 | I30: 4 | J30: 1 | K30: 2 | L30: 1 | M30: 35 | N30: 0 | O30: =SUM(C30:L30,N30) -> 101 | P30: =SUM(C30:N30) -> 136
B31: 12.15 - 12.30 | C31: 35 | D31: 20 | E31: 7 | F31: 28 | G31: 0 | H31: 0 | I31: 3 | J31: 1 | K31: 0 | L31: 2 | M31: 75 | N31: 0 | O31: =SUM(C31:L31,N31) -> 96 | P31: =SUM(C31:N31) -> 171
B32: 12.30 - 12.45 | C32: 17 | D32: 18 | E32: 4 | F32: 17 | G32: 0 | H32: 0 | I32: 3 | J32: 3 | K32: 0 | L32: 2 | M32: 70 | N32: 0 | O32: =SUM(C32:L32,N32) -> 64 | P32: =SUM(C32:N32) -> 134
B33: 12.45 - 13.00 | C33: 25 | D33: 18 | E33: 3 | F33: 15 | G33: 0 | H33: 0 | I33: 5 | J33: 4 | K33: 1 | L33: 1 | M33: 40 | N33: 0 | O33: =SUM(C33:L33,N33) -> 72 | P33: =SUM(C33:N33) -> 112
B34: 13.00 - 13.15 | C34: 31 | D34: 24 | E34: 7 | F34: 12 | G34: 1 | H34: 0 | I34: 5 | J34: 4 | K34: 1 | L34: 2 | M34: 65 | N34: 1 | O34: =SUM(C34:L34,N34) -> 88 | P34: =SUM(C34:N34) -> 153
B35: 13.15 - 13.30 | C35: 19 | D35: 6 | E35: 6 | F35: 4 | G35: 0 | H35: 0 | I35: 5 | J35: 5 | K35: 1 | L35: 1 | M35: 70 | N35: 1 | O35: =SUM(C35:L35,N35) -> 48 | P35: =SUM(C35:N35) -> 118
B36: 13.30 - 13.45 | C36: 1 | D36: 5 | E36: 4 | F36: 25 | G36: 0 | H36: 0 | I36: 1 | J36: 2 | K36: 3 | L36: 0 | M36: 75 | N36: 0 | O36: =SUM(C36:L36,N36) -> 41 | P36: =SUM(C36:N36) -> 116
B37: 13.45 - 14.00 | C37: 39 | D37: 40 | E37: 18 | F37: 33 | G37: 2 | H37: 0 | I37: 3 | J37: 2 | K37: 0 | L37: 2 | M37: 85 | N37: 0 | O37: =SUM(C37:L37,N37) -> 139 | P37: =SUM(C37:N37) -> 224
B38: 14.00 - 14.15 | C38: 24 | D38: 15 | E38: 5 | F38: 26 | G38: 1 | H38: 0 | I38: 8 | J38: 0 | K38: 1 | L38: 1 | M38: 110 | N38: 0 | O38: =SUM(C38:L38,N38) -> 81 | P38: =SUM(C38:N38) -> 191
B39: 14.15 - 14.30 | C39: 45 | D39: 23 | E39: 10 | F39: 18 | G39: 2 | H39: 0 | I39: 11 | J39: 4 | K39: 1 | L39: 0 | M39: 75 | N39: 0 | O39: =SUM(C39:L39,N39) -> 114 | P39: =SUM(C39:N39) -> 189
B40: 14.30 - 14.45 | C40: 32 | D40: 20 | E40: 3 | F40: 18 | G40: 1 | H40: 0 | I40: 1 | J40: 2 | K40: 3 | L40: 4 | M40: 86 | N40: 0 | O40: =SUM(C40:L40,N40) -> 84 | P40: =SUM(C40:N40) -> 170
... B57: 18.45 - 19.00 | C57: 45 | D57: 22 | E57: 5 | F57: 13 | G57: 0 | H57: 0 | I57: 6 | J57: 3 | K57: 1 | L57: 0 | M57: 75 | N57: 0 | O57: =SUM(C57:L57,N57) -> 95 | P57: =SUM(C57:N57) -> 170
B58: Totals | C58: =SUM(C10:C57) -> 1807 | D58: =SUM(D10:D57) -> 866 | E58: =SUM(E10:E57) -> 309 | F58: =SUM(F10:F57) -> 853 | G58: =SUM(G10:G57) -> 15 | H58: =SUM(H10:H57) -> 1 | I58: =SUM(I10:I57) -> 188 | J58: =SUM(J10:J57) -> 76 | ... P58: =SUM(P10:P57) -> 8346
B59: %ges + MCs | C59: =C58/$P$58 -> 0.2165109 | D59: =D58/$P$58 -> 0.10376228 | E59: =E58/$P$58 -> 0.037023724 | F59: =F58/$P$58 -> 0.10220465 | G59: =G58/$P$58 -> 0.0017972682 | H59: =H58/$P$58 -> 0.00011981788 | I59: =I58/$P$58 -> 0.022525761 | J59: =J58/$P$58 -> 0.0091061586 | ... N59: =N58/$P$58 -> 0.00023963575
B60: %ges w/o MCs | C60: =C58/$O$58 -> 0.42840209 | D60: =D58/$O$58 -> 0.20531057 | E60: =E58/$O$58 -> 0.073257468 | F60: =F58/$O$58 -> 0.20222854 | G60: =G58/$O$58 -> 0.0035561878 | H60: =H58/$O$58 -> 0.00023707918 | I60: =I58/$O$58 -> 0.044570887 | J60: =J58/$O$58 -> 0.018018018 | ... L60: =L58/$O$58 -> 0.016121385 | N60: =N58/$O$58 -> 0.00047415837

Sheet 03.08 Kisaasi-Ntinda-24h
B1: Consultancy services for Preparation of Expressway Development Master Plan (EDMP) for Uganda
B2: MANUAL CLASSIFIED COUNT (MCC)
B3: ROAD NAME: | C3: ='29.07 Kisaasi-Ntinda'!C3:G3 -> MCC - C1 - STN33 - NTINDA ROAD
C5: Date | D5: 03.08.19 | F5: Location | G5: ='01.08 Ntinda-Kisaasi-24h'!G5:H5 -> Ndere Center | J5: Surveyor | K5: Ashaba Kuraiba & Faridah
C6: Dir. From | D6: ='29.07 Kisaasi-Ntinda'!D6:E6 -> Kisaasi | F6: Dir. To | G6: ='29.07 Kisaasi-Ntinda'!G6:H6 -> Ntinda | J6: Supervisor | K6: ='01.08 Ntinda-Kisaasi-24h'!K6:L6 -> Denis
B8: Time / Veh Type | R8: SUMMARY TRAFFIC VOLUMES
C9: 1. Car | D9: 2. Station Wagon | E9: 3. Pickups | F9: 4. Minibus, matatu | G9: 5. Medium bus | H9: 6. Large Bus | I9: 7. Light Truck | J9: 8. Medium Truck | K9: 9. Heavy truck | L9: 10. Truck Trailer | M9: 11. Motor cycles | N9: 12. Tractors | O9: Total Excl M/Cycles | P9: Total All | R9: Time | S9: 1. Car | T9: 2. Station Wagon | U9: 3. Pickups | V9: 4. Minibus, matatu | W9: 5. Medium bus | X9: 6. Large Bus | Y9: 7. Light Truck | Z9: 8. Medium Truck | AA9: 9. Heavy truck | AB9: 10. Truck Trailer | AC9: 11. Motorcycles | AD9: 12. Tractors, Graders | AE9: Total Excl M/ Cycles | AF9: Total All
B10: 07.00 - 07.15 | C10: 15 | D10: 15 | E10: 2 | F10: 9 | G10: 6 | H10: 0 | I10: 5 | J10: 3 | K10: 1 | L10: 0 | M10: 78 | N10: 0 | O10: =SUM(C10:L10,N10) -> 56 | P10: =SUM(C10:N10) -> 134 | R10: 0700-0800 | S10: =SUM(C10:C13) -> 77 | T10: =SUM(D10:D13) -> 77 | U10: =SUM(E10:E13) -> 20 | V10: =SUM(F10:F13) -> 37 | W10: =SUM(G10:G13) -> 7 | X10: =SUM(H10:H13) -> 0 | Y10: =SUM(I10:I13) -> 16 | Z10: =SUM(J10:J13) -> 10 | ... AF10: =SUM(P10:P13) -> 534
B11: 07.15 - 07.30 | C11: 15 | D11: 15 | E11: 5 | F11: 12 | G11: 1 | H11: 0 | I11: 1 | J11: 2 | K11: 0 | L11: 0 | M11: 74 | N11: 0 | O11: =SUM(C11:L11,N11) -> 51 | P11: =SUM(C11:N11) -> 125 | R11: 0800-0900 | S11: =SUM(C14:C17) -> 101 | T11: =SUM(D14:D17) -> 82 | U11: =SUM(E14:E17) -> 36 | V11: =SUM(F14:F17) -> 32 | W11: =SUM(G14:G17) -> 0 | X11: =SUM(H14:H17) -> 0 | Y11: =SUM(I14:I17) -> 6 | Z11: =SUM(J14:J17) -> 4 | ... AF11: =SUM(P14:P17) -> 678
B12: 07.30 - 07.45 | C12: 25 | D12: 30 | E12: 3 | F12: 5 | G12: 0 | H12: 0 | I12: 3 | J12: 5 | K12: 0 | L12: 0 | M12: 63 | N12: 0 | O12: =SUM(C12:L12,N12) -> 71 | P12: =SUM(C12:N12) -> 134 | R12: 0900-1000 | S12: =SUM(C18:C21) -> 126 | T12: =SUM(D18:D21) -> 113 | U12: =SUM(E18:E21) -> 67 | V12: =SUM(F18:F21) -> 68 | W12: =SUM(G18:G21) -> 0 | X12: =SUM(H18:H21) -> 0 | Y12: =SUM(I18:I21) -> 34 | Z12: =SUM(J18:J21) -> 11 | ... AF12: =SUM(P18:P21) -> 916
B13: 07.45 - 08.00 | C13: 22 | D13: 17 | E13: 10 | F13: 11 | G13: 0 | H13: 0 | I13: 7 | J13: 0 | K13: 2 | L13: 0 | M13: 72 | N13: 0 | O13: =SUM(C13:L13,N13) -> 69 | P13: =SUM(C13:N13) -> 141 | R13: 1000-1100 | S13: =SUM(C22:C25) -> 155 | T13: =SUM(D22:D25) -> 125 | U13: =SUM(E22:E25) -> 88 | V13: =SUM(F22:F25) -> 82 | W13: =SUM(G22:G25) -> 0 | X13: =SUM(H22:H25) -> 0 | Y13: =SUM(I22:I25) -> 15 | Z13: =SUM(J22:J25) -> 8 | ... AF13: =SUM(P22:P25) -> 1001
B14: 08.00 - 08.15 | C14: 15 | D14: 17 | E14: 2 | F14: 7 | G14: 0 | H14: 0 | I14: 0 | J14: 4 | K14: 1 | L14: 0 | M14: 96 | N14: 0 | O14: =SUM(C14:L14,N14) -> 46 | P14: =SUM(C14:N14) -> 142 | R14: 1100-1200 | S14: =SUM(C26:C29) -> 203 | T14: =SUM(D26:D29) -> 199 | U14: =SUM(E26:E29) -> 77 | V14: =SUM(F26:F29) -> 74 | W14: =SUM(G26:G29) -> 0 | X14: =SUM(H26:H29) -> 0 | Y14: =SUM(I26:I29) -> 17 | Z14: =SUM(J26:J29) -> 9 | ... AF14: =SUM(P26:P29) -> 1022
B15: 08.15 - 08.30 | C15: 25 | D15: 23 | E15: 11 | F15: 7 | G15: 0 | H15: 0 | I15: 2 | J15: 0 | K15: 0 | L15: 1 | M15: 104 | N15: 0 | O15: =SUM(C15:L15,N15) -> 69 | P15: =SUM(C15:N15) -> 173 | R15: 1200-1300 | S15: =SUM(C30:C33) -> 140 | T15: =SUM(D30:D33) -> 135 | U15: =SUM(E30:E33) -> 78 | V15: =SUM(F30:F33) -> 75 | W15: =SUM(G30:G33) -> 0 | X15: =SUM(H30:H33) -> 0 | Y15: =SUM(I30:I33) -> 8 | Z15: =SUM(J30:J33) -> 10 | ... AF15: =SUM(P30:P33) -> 852
B16: 08.30 - 08.45 | C16: 30 | D16: 15 | E16: 15 | F16: 6 | G16: 0 | H16: 0 | I16: 1 | J16: 0 | K16: 0 | L16: 0 | M16: 98 | N16: 0 | O16: =SUM(C16:L16,N16) -> 67 | P16: =SUM(C16:N16) -> 165 | R16: 1300-1400 | S16: =SUM(C34:C37) -> 115 | T16: =SUM(D34:D37) -> 94 | U16: =SUM(E34:E37) -> 78 | V16: =SUM(F34:F37) -> 54 | W16: =SUM(G34:G37) -> 0 | X16: =SUM(H34:H37) -> 0 | Y16: =SUM(I34:I37) -> 19 | Z16: =SUM(J34:J37) -> 15 | ... AF16: =SUM(P34:P37) -> 749
B17: 08.45 - 9.00 | C17: 31 | D17: 27 | E17: 8 | F17: 12 | G17: 0 | H17: 0 | I17: 3 | J17: 0 | K17: 1 | L17: 1 | M17: 115 | N17: 0 | O17: =SUM(C17:L17,N17) -> 83 | P17: =SUM(C17:N17) -> 198 | R17: 1400-1500 | S17: =SUM(C38:C41) -> 158 | T17: =SUM(D38:D41) -> 106 | U17: =SUM(E38:E41) -> 76 | V17: =SUM(F38:F41) -> 68 | W17: =SUM(G38:G41) -> 0 | X17: =SUM(H38:H41) -> 0 | Y17: =SUM(I38:I41) -> 8 | Z17: =SUM(J38:J41) -> 14 | ... AF17: =SUM(P38:P41) -> 751
B18: 09.00 - 09.15 | C18: 31 | D18: 30 | E18: 10 | F18: 15 | G18: 0 | H18: 0 | I18: 14 | J18: 4 | K18: 2 | L18: 0 | M18: 107 | N18: 0 | O18: =SUM(C18:L18,N18) -> 106 | P18: =SUM(C18:N18) -> 213 | R18: 1500-1600 | S18: =SUM(C42:C45) -> 201 | T18: =SUM(D42:D45) -> 95 | U18: =SUM(E42:E45) -> 57 | V18: =SUM(F42:F45) -> 54 | W18: =SUM(G42:G45) -> 0 | X18: =SUM(H42:H45) -> 0 | Y18: =SUM(I42:I45) -> 4 | Z18: =SUM(J42:J45) -> 10 | ... AF18: =SUM(P42:P45) -> 741
B19: 09.15 - 09.30 | C19: 30 | D19: 20 | E19: 12 | F19: 16 | G19: 0 | H19: 0 | I19: 8 | J19: 3 | K19: 1 | L19: 0 | M19: 140 | N19: 0 | O19: =SUM(C19:L19,N19) -> 90 | P19: =SUM(C19:N19) -> 230 | R19: 1600-1700 | S19: =SUM(C46:C49) -> 160 | T19: =SUM(D46:D49) -> 143 | U19: =SUM(E46:E49) -> 102 | V19: =SUM(F46:F49) -> 103 | W19: =SUM(G46:G49) -> 1 | X19: =SUM(H46:H49) -> 0 | Y19: =SUM(I46:I49) -> 9 | Z19: =SUM(J46:J49) -> 12 | ... AF19: =SUM(P46:P49) -> 833
B20: 09.30 - 09.45 | C20: 30 | D20: 33 | E20: 15 | F20: 14 | G20: 0 | H20: 0 | I20: 8 | J20: 3 | K20: 0 | L20: 2 | M20: 135 | N20: 0 | O20: =SUM(C20:L20,N20) -> 105 | P20: =SUM(C20:N20) -> 240 | R20: 1700-1800 | S20: =SUM(C50:C53) -> 157 | T20: =SUM(D50:D53) -> 145 | U20: =SUM(E50:E53) -> 110 | V20: =SUM(F50:F53) -> 77 | W20: =SUM(G50:G53) -> 0 | X20: =SUM(H50:H53) -> 0 | Y20: =SUM(I50:I53) -> 12 | Z20: =SUM(J50:J53) -> 17 | ... AF20: =SUM(P50:P53) -> 847
B21: 09.45 - 10.00 | C21: 35 | D21: 30 | E21: 30 | F21: 23 | G21: 0 | H21: 0 | I21: 4 | J21: 1 | K21: 0 | L21: 0 | M21: 110 | N21: 0 | O21: =SUM(C21:L21,N21) -> 123 | P21: =SUM(C21:N21) -> 233 | R21: 1800-1900 | S21: =SUM(C54:C57) -> 132 | T21: =SUM(D54:D57) -> 135 | U21: =SUM(E54:E57) -> 118 | V21: =SUM(F54:F57) -> 80 | W21: =SUM(G54:G57) -> 0 | X21: =SUM(H54:H57) -> 0 | Y21: =SUM(I54:I57) -> 9 | Z21: =SUM(J54:J57) -> 9 | ... AF21: =SUM(P54:P57) -> 845
B22: 10.00 - 10.15 | C22: 25 | D22: 15 | E22: 12 | F22: 10 | G22: 0 | H22: 0 | I22: 1 | J22: 0 | K22: 0 | L22: 1 | M22: 123 | N22: 0 | O22: =SUM(C22:L22,N22) -> 64 | P22: =SUM(C22:N22) -> 187 | R22: 1900-2000 | S22: =SUM(C58:C61) -> 130 | T22: =SUM(D58:D61) -> 68 | U22: =SUM(E58:E61) -> 21 | V22: =SUM(F58:F61) -> 43 | W22: =SUM(G58:G61) -> 1 | X22: =SUM(H58:H61) -> 0 | Y22: =SUM(I58:I61) -> 12 | Z22: =SUM(J58:J61) -> 1 | ... AF22: =SUM(P58:P61) -> 560
B23: 10.15 - 10.30 | C23: 45 | D23: 40 | E23: 16 | F23: 12 | G23: 0 | H23: 0 | I23: 3 | J23: 3 | K23: 1 | L23: 0 | M23: 141 | N23: 0 | O23: =SUM(C23:L23,N23) -> 120 | P23: =SUM(C23:N23) -> 261 | R23: 2000-2100 | S23: =SUM(C62:C65) -> 207 | T23: =SUM(D62:D65) -> 65 | U23: =SUM(E62:E65) -> 19 | V23: =SUM(F62:F65) -> 45 | W23: =SUM(G62:G65) -> 0 | X23: =SUM(H62:H65) -> 0 | Y23: =SUM(I62:I65) -> 6 | Z23: =SUM(J62:J65) -> 1 | ... AF23: =SUM(P62:P65) -> 569
B24: 10.30 - 10.45 | C24: 40 | D24: 35 | E24: 20 | F24: 30 | G24: 0 | H24: 0 | I24: 5 | J24: 0 | K24: 1 | L24: 4 | M24: 144 | N24: 0 | O24: =SUM(C24:L24,N24) -> 135 | P24: =SUM(C24:N24) -> 279 | R24: 2100-2200 | S24: =SUM(C66:C69) -> 205 | T24: =SUM(D66:D69) -> 68 | U24: =SUM(E66:E69) -> 16 | V24: =SUM(F66:F69) -> 30 | W24: =SUM(G66:G69) -> 0 | X24: =SUM(H66:H69) -> 0 | Y24: =SUM(I66:I69) -> 8 | Z24: =SUM(J66:J69) -> 6 | ... AF24: =SUM(P66:P69) -> 558
B25: 10.45 - 11.00 | C25: 45 | D25: 35 | E25: 40 | F25: 30 | G25: 0 | H25: 0 | I25: 6 | J25: 5 | K25: 0 | L25: 0 | M25: 113 | N25: 0 | O25: =SUM(C25:L25,N25) -> 161 | P25: =SUM(C25:N25) -> 274 | R25: 2200-2300 | S25: =SUM(C70:C73) -> 235 | T25: =SUM(D70:D73) -> 79 | U25: =SUM(E70:E73) -> 10 | V25: =SUM(F70:F73) -> 23 | W25: =SUM(G70:G73) -> 1 | X25: =SUM(H70:H73) -> 0 | Y25: =SUM(I70:I73) -> 8 | Z25: =SUM(J70:J73) -> 6 | ... AF25: =SUM(P70:P73) -> 654
B26: 11.00 - 11.15 | C26: 48 | D26: 45 | E26: 12 | F26: 13 | G26: 0 | H26: 0 | I26: 5 | J26: 2 | K26: 0 | L26: 4 | M26: 93 | N26: 0 | O26: =SUM(C26:L26,N26) -> 129 | P26: =SUM(C26:N26) -> 222 | R26: 2300-0000 | S26: =SUM(C74:C77) -> 123 | T26: =SUM(D74:D77) -> 64 | U26: =SUM(E74:E77) -> 12 | V26: =SUM(F74:F77) -> 19 | W26: =SUM(G74:G77) -> 0 | X26: =SUM(H74:H77) -> 0 | Y26: =SUM(I74:I77) -> 3 | Z26: =SUM(J74:J77) -> 3 | ... AF26: =SUM(P74:P77) -> 410
B27: 11.15 - 11.30 | C27: 60 | D27: 47 | E27: 13 | F27: 16 | G27: 0 | H27: 0 | I27: 3 | J27: 4 | K27: 1 | L27: 0 | M27: 95 | N27: 0 | O27: =SUM(C27:L27,N27) -> 144 | P27: =SUM(C27:N27) -> 239 | R27: 0000-0100 | S27: =SUM(C78:C81) -> 92 | T27: =SUM(D78:D81) -> 29 | U27: =SUM(E78:E81) -> 10 | V27: =SUM(F78:F81) -> 5 | W27: =SUM(G78:G81) -> 0 | X27: =SUM(H78:H81) -> 0 | Y27: =SUM(I78:I81) -> 3 | Z27: =SUM(J78:J81) -> 4 | ... AF27: =SUM(P78:P81) -> 231
B28: 11.30 - 11.45 | C28: 50 | D28: 65 | E28: 25 | F28: 20 | G28: 0 | H28: 0 | I28: 3 | J28: 0 | K28: 0 | L28: 7 | M28: 120 | N28: 0 | O28: =SUM(C28:L28,N28) -> 170 | P28: =SUM(C28:N28) -> 290 | R28: 0100-0200 | S28: =SUM(C82:C85) -> 66 | T28: =SUM(D82:D85) -> 14 | U28: =SUM(E82:E85) -> 2 | V28: =SUM(F82:F85) -> 2 | W28: =SUM(G82:G85) -> 0 | X28: =SUM(H82:H85) -> 0 | Y28: =SUM(I82:I85) -> 1 | Z28: =SUM(J82:J85) -> 2 | ... AF28: =SUM(P82:P85) -> 183
B29: 11.45 - 12.00 | C29: 45 | D29: 42 | E29: 27 | F29: 25 | G29: 0 | H29: 0 | I29: 6 | J29: 3 | K29: 0 | L29: 2 | M29: 121 | N29: 0 | O29: =SUM(C29:L29,N29) -> 150 | P29: =SUM(C29:N29) -> 271 | R29: 0200-0300 | S29: =SUM(C86:C89) -> 56 | T29: =SUM(D86:D89) -> 16 | U29: =SUM(E86:E89) -> 2 | V29: =SUM(F86:F89) -> 1 | W29: =SUM(G86:G89) -> 0 | X29: =SUM(H86:H89) -> 0 | Y29: =SUM(I86:I89) -> 1 | Z29: =SUM(J86:J89) -> 5 | ... AF29: =SUM(P86:P89) -> 159
B30: 12.00 - 12.15 | C30: 35 | D30: 30 | E30: 15 | F30: 20 | G30: 0 | H30: 0 | I30: 2 | J30: 2 | K30: 0 | L30: 0 | M30: 97 | N30: 0 | O30: =SUM(C30:L30,N30) -> 104 | P30: =SUM(C30:N30) -> 201 | R30: 0300-0400 | S30: =SUM(C90:C93) -> 34 | T30: =SUM(D90:D93) -> 7 | U30: =SUM(E90:E93) -> 2 | V30: =SUM(F90:F93) -> 2 | W30: =SUM(G90:G93) -> 1 | X30: =SUM(H90:H93) -> 0 | Y30: =SUM(I90:I93) -> 1 | Z30: =SUM(J90:J93) -> 3 | ... AF30: =SUM(P90:P93) -> 117
B31: 12.15 - 12.30 | C31: 30 | D31: 30 | E31: 18 | F31: 10 | G31: 0 | H31: 0 | I31: 1 | J31: 2 | K31: 1 | L31: 2 | M31: 81 | N31: 0 | O31: =SUM(C31:L31,N31) -> 94 | P31: =SUM(C31:N31) -> 175 | R31: 0400-0500 | S31: =SUM(C94:C97) -> 18 | T31: =SUM(D94:D97) -> 10 | U31: =SUM(E94:E97) -> 0 | V31: =SUM(F94:F97) -> 3 | W31: =SUM(G94:G97) -> 0 | X31: =SUM(H94:H97) -> 0 | Y31: =SUM(I94:I97) -> 6 | Z31: =SUM(J94:J97) -> 0 | ... AF31: =SUM(P94:P97) -> 90
B32: 12.30 - 12.45 | C32: 42 | D32: 45 | E32: 30 | F32: 30 | G32: 0 | H32: 0 | I32: 4 | J32: 2 | K32: 2 | L32: 0 | M32: 121 | N32: 0 | O32: =SUM(C32:L32,N32) -> 155 | P32: =SUM(C32:N32) -> 276 | R32: 0500-0600 | S32: =SUM(C98:C101) -> 25 | T32: =SUM(D98:D101) -> 8 | U32: =SUM(E98:E101) -> 2 | V32: =SUM(F98:F101) -> 6 | W32: =SUM(G98:G101) -> 0 | X32: =SUM(H98:H101) -> 0 | Y32: =SUM(I98:I101) -> 5 | Z32: =SUM(J98:J101) -> 1 | ... AF32: =SUM(P98:P101) -> 107
B33: 12.45 - 13.00 | C33: 33 | D33: 30 | E33: 15 | F33: 15 | G33: 0 | H33: 0 | I33: 1 | J33: 4 | K33: 0 | L33: 2 | M33: 100 | N33: 0 | O33: =SUM(C33:L33,N33) -> 100 | P33: =SUM(C33:N33) -> 200 | R33: 0600-0700 | S33: =SUM(C102:C105) -> 31 | T33: =SUM(D102:D105) -> 12 | U33: =SUM(E102:E105) -> 6 | V33: =SUM(F102:F105) -> 23 | W33: =SUM(G102:G105) -> 0 | X33: =SUM(H102:H105) -> 0 | Y33: =SUM(I102:I105) -> 1 | Z33: =SUM(J102:J105) -> 3 | ... AF33: =SUM(P102:P105) -> 134
B34: 13.00 - 13.15 | C34: 30 | D34: 15 | E34: 13 | F34: 11 | G34: 0 | H34: 0 | I34: 4 | J34: 2 | K34: 0 | L34: 1 | M34: 83 | N34: 0 | O34: =SUM(C34:L34,N34) -> 76 | P34: =SUM(C34:N34) -> 159 | R34: AM Peak Hr | S34: =MAX(S10:S12) -> 126 | T34: =MAX(T10:T12) -> 113 | U34: =MAX(U10:U12) -> 67 | V34: =MAX(V10:V12) -> 68 | W34: =MAX(W10:W12) -> 7 | X34: =MAX(X10:X12) -> 0 | Y34: =MAX(Y10:Y12) -> 34 | Z34: =MAX(Z10:Z12) -> 11 | ... AF34: =MAX(AF10:AF12) -> 916
B35: 13.15 - 13.30 | C35: 35 | D35: 38 | E35: 25 | F35: 15 | G35: 0 | H35: 0 | I35: 4 | J35: 0 | K35: 1 | L35: 1 | M35: 85 | N35: 0 | O35: =SUM(C35:L35,N35) -> 119 | P35: =SUM(C35:N35) -> 204 | R35: IP Peak Hr | S35: =MAX(S13:S18) -> 203 | T35: =MAX(T13:T18) -> 199 | U35: =MAX(U13:U18) -> 88 | V35: =MAX(V13:V18) -> 82 | W35: =MAX(W13:W18) -> 0 | X35: =MAX(X13:X18) -> 0 | Y35: =MAX(Y13:Y18) -> 19 | Z35: =MAX(Z13:Z18) -> 15 | ... AF35: =MAX(AF13:AF18) -> 1022
B36: 13.30 - 13.45 | C36: 30 | D36: 25 | E36: 20 | F36: 18 | G36: 0 | H36: 0 | I36: 6 | J36: 7 | K36: 2 | L36: 1 | M36: 111 | N36: 0 | O36: =SUM(C36:L36,N36) -> 109 | P36: =SUM(C36:N36) -> 220 | R36: PM Peak Hr | S36: =MAX(S19:S21) -> 160 | T36: =MAX(T19:T21) -> 145 | U36: =MAX(U19:U21) -> 118 | V36: =MAX(V19:V21) -> 103 | W36: =MAX(W19:W21) -> 1 | X36: =MAX(X19:X21) -> 0 | Y36: =MAX(Y19:Y21) -> 12 | Z36: =MAX(Z19:Z21) -> 17 | ... AF36: =MAX(AF19:AF21) -> 847
B37: 13.45 - 14.00 | C37: 20 | D37: 16 | E37: 20 | F37: 10 | G37: 0 | H37: 0 | I37: 5 | J37: 6 | K37: 0 | L37: 2 | M37: 87 | N37: 0 | O37: =SUM(C37:L37,N37) -> 79 | P37: =SUM(C37:N37) -> 166 | R37: AM Period | S37: =SUM(S10:S12) -> 304 | T37: =SUM(T10:T12) -> 272 | U37: =SUM(U10:U12) -> 123 | V37: =SUM(V10:V12) -> 137 | W37: =SUM(W10:W12) -> 7 | X37: =SUM(X10:X12) -> 0 | Y37: =SUM(Y10:Y12) -> 56 | Z37: =SUM(Z10:Z12) -> 25 | ... AF37: =SUM(AF10:AF12) -> 2128
B38: 14.00 - 14.15 | C38: 40 | D38: 30 | E38: 18 | F38: 25 | G38: 0 | H38: 0 | I38: 2 | J38: 10 | K38: 4 | L38: 1 | M38: 100 | N38: 0 | O38: =SUM(C38:L38,N38) -> 130 | P38: =SUM(C38:N38) -> 230 | R38: IP Period | S38: =SUM(S13:S18) -> 972 | T38: =SUM(T13:T18) -> 754 | U38: =SUM(U13:U18) -> 454 | V38: =SUM(V13:V18) -> 407 | W38: =SUM(W13:W18) -> 0 | X38: =SUM(X13:X18) -> 0 | Y38: =SUM(Y13:Y18) -> 71 | Z38: =SUM(Z13:Z18) -> 66 | ... AF38: =SUM(AF13:AF18) -> 5116
B39: 14.15 - 14.30 | C39: 33 | D39: 25 | E39: 25 | F39: 25 | G39: 0 | H39: 0 | I39: 4 | J39: 4 | K39: 1 | L39: 1 | M39: 73 | N39: 0 | O39: =SUM(C39:L39,N39) -> 118 | P39: =SUM(C39:N39) -> 191 | R39: PM Period | S39: =SUM(S19:S21) -> 449 | T39: =SUM(T19:T21) -> 423 | U39: =SUM(U19:U21) -> 330 | V39: =SUM(V19:V21) -> 260 | W39: =SUM(W19:W21) -> 1 | X39: =SUM(X19:X21) -> 0 | Y39: =SUM(Y19:Y21) -> 30 | Z39: =SUM(Z19:Z21) -> 38 | ... AF39: =SUM(AF19:AF21) -> 2525
B40: 14.30 - 14.45 | C40: 53 | D40: 44 | E40: 30 | F40: 15 | G40: 0 | H40: 0 | I40: 2 | J40: 0 | K40: 2 | L40: 1 | M40: 67 | N40: 0 | O40: =SUM(C40:L40,N40) -> 147 | P40: =SUM(C40:N40) -> 214 | R40: 12 Hours | S40: =SUM(S10:S21) -> 1725 | T40: =SUM(T10:T21) -> 1449 | U40: =SUM(U10:U21) -> 907 | V40: =SUM(V10:V21) -> 804 | W40: =SUM(W10:W21) -> 8 | X40: =SUM(X10:X21) -> 0 | Y40: =SUM(Y10:Y21) -> 157 | Z40: =SUM(Z10:Z21) -> 129 | ... AF40: =SUM(AF10:AF21) -> 9769
B41: 14.45 - 15.00 | C41: 32 | D41: 7 | E41: 3 | F41: 3 | G41: 0 | H41: 0 | I41: 0 | J41: 0 | K41: 0 | L41: 1 | M41: 70 | N41: 0 | O41: =SUM(C41:L41,N41) -> 46 | P41: =SUM(C41:N41) -> 116 | R41: 24 Hrs/ADT | S41: =SUM(S10:S33) -> 2947 | T41: =SUM(T10:T33) -> 1889 | U41: =SUM(U10:U33) -> 1009 | V41: =SUM(V10:V33) -> 1006 | W41: =SUM(W10:W33) -> 11 | X41: =SUM(X10:X33) -> 0 | Y41: =SUM(Y10:Y33) -> 212 | Z41: =SUM(Z10:Z33) -> 164 | ... AF41: =SUM(AF10:AF33) -> 13541
B42: 15.00 - 15.15 | C42: 55 | D42: 12 | E42: 4 | F42: 10 | G42: 0 | H42: 0 | I42: 1 | J42: 1 | K42: 0 | L42: 2 | M42: 120 | N42: 0 | O42: =SUM(C42:L42,N42) -> 85 | P42: =SUM(C42:N42) -> 205 | R42: NEF | S42: =S41/S40 -> 1.7084058 | T42: =T41/T40 -> 1.3036577 | U42: =U41/U40 -> 1.1124587 | V42: =V41/V40 -> 1.2512438 | W42: =W41/W40 -> 1.375 | X42: =X41/X40 -> #DIV/0! | Y42: =Y41/Y40 -> 1.3503185 | Z42: =Z41/Z40 -> 1.2713178 | ... AF42: =AF41/AF40 -> 1.3861194
B43: 15.15 - 15.30 | C43: 46 | D43: 13 | E43: 6 | F43: 4 | G43: 0 | H43: 0 | I43: 1 | J43: 0 | K43: 0 | L43: 0 | M43: 83 | N43: 0 | O43: =SUM(C43:L43,N43) -> 70 | P43: =SUM(C43:N43) -> 153
B44: 15.30 - 15.45 | C44: 65 | D44: 35 | E44: 15 | F44: 15 | G44: 0 | H44: 0 | I44: 1 | J44: 5 | K44: 2 | L44: 0 | M44: 63 | N44: 0 | O44: =SUM(C44:L44,N44) -> 138 | P44: =SUM(C44:N44) -> 201
B45: 15.45 - 16.00 | C45: 35 | D45: 35 | E45: 32 | F45: 25 | G45: 0 | H45: 0 | I45: 1 | J45: 4 | K45: 2 | L45: 1 | M45: 47 | N45: 0 | O45: =SUM(C45:L45,N45) -> 135 | P45: =SUM(C45:N45) -> 182
B46: 16.00 - 16.15 | C46: 50 | D46: 45 | E46: 30 | F46: 32 | G46: 0 | H46: 0 | I46: 4 | J46: 2 | K46: 3 | L46: 3 | M46: 102 | N46: 0 | O46: =SUM(C46:L46,N46) -> 169 | P46: =SUM(C46:N46) -> 271
B47: 16.15 -16.30 | C47: 35 | D47: 33 | E47: 20 | F47: 15 | G47: 0 | H47: 0 | I47: 0 | J47: 1 | K47: 1 | L47: 1 | M47: 61 | N47: 0 | O47: =SUM(C47:L47,N47) -> 106 | P47: =SUM(C47:N47) -> 167
B48: 16.30 -16.45 | C48: 40 | D48: 35 | E48: 20 | F48: 30 | G48: 0 | H48: 0 | I48: 3 | J48: 6 | K48: 0 | L48: 1 | M48: 70 | N48: 0 | O48: =SUM(C48:L48,N48) -> 135 | P48: =SUM(C48:N48) -> 205
B49: 16.45 -17.00 | C49: 35 | D49: 30 | E49: 32 | F49: 26 | G49: 1 | H49: 0 | I49: 2 | J49: 3 | K49: 1 | L49: 0 | M49: 60 | N49: 0 | O49: =SUM(C49:L49,N49) -> 130 | P49: =SUM(C49:N49) -> 190
B50: 17.00 -17.15 | C50: 40 | D50: 30 | E50: 10 | F50: 15 | G50: 0 | H50: 0 | I50: 1 | J50: 3 | K50: 0 | L50: 3 | M50: 55 | N50: 0 | O50: =SUM(C50:L50,N50) -> 102 | P50: =SUM(C50:N50) -> 157
B51: 17.15 -17.30 | C51: 45 | D51: 45 | E51: 45 | F51: 25 | G51: 0 | H51: 0 | I51: 1 | J51: 3 | K51: 0 | L51: 0 | M51: 66 | N51: 0 | O51: =SUM(C51:L51,N51) -> 164 | P51: =SUM(C51:N51) -> 230
B52: 17.30 -17.45 | C52: 40 | D52: 35 | E52: 30 | F52: 35 | G52: 0 | H52: 0 | I52: 1 | J52: 6 | K52: 2 | L52: 1 | M52: 115 | N52: 0 | O52: =SUM(C52:L52,N52) -> 150 | P52: =SUM(C52:N52) -> 265
B53: 17.45 -18.00 | C53: 32 | D53: 35 | E53: 25 | F53: 2 | G53: 0 | H53: 0 | I53: 9 | J53: 5 | K53: 0 | L53: 1 | M53: 86 | N53: 0 | O53: =SUM(C53:L53,N53) -> 109 | P53: =SUM(C53:N53) -> 195
B54: 18.00 - 18.15 | C54: 35 | D54: 40 | E54: 18 | F54: 20 | G54: 0 | H54: 0 | I54: 2 | J54: 2 | K54: 2 | L54: 0 | M54: 90 | N54: 0 | O54: =SUM(C54:L54,N54) -> 119 | P54: =SUM(C54:N54) -> 209
... B105: 06.45 - 07.00 | C105: 5 | D105: 4 | E105: 1 | F105: 8 | G105: 0 | H105: 0 | I105: 0 | J105: 1 | K105: 0 | L105: 1 | M105: 14 | N105: 0 | O105: =SUM(C105:L105,N105) -> 20 | P105: =SUM(C105:N105) -> 34
B106: Totals | C106: =SUM(C10:C105) -> 2947 | D106: =SUM(D10:D105) -> 1889 | E106: =SUM(E10:E105) -> 1009 | F106: =SUM(F10:F105) -> 1006 | G106: =SUM(G10:G105) -> 11 | H106: =SUM(H10:H105) -> 0 | I106: =SUM(I10:I105) -> 212 | J106: =SUM(J10:J105) -> 164 | ... P106: =SUM(P10:P105) -> 13541
B107: %ges + MCs | C107: =C106/$P$106 -> 0.21763533 | D107: =D106/$P$106 -> 0.13950225 | E107: =E106/$P$106 -> 0.074514438 | F107: =F106/$P$106 -> 0.074292888 | G107: =G106/$P$106 -> 0.00081234768 | H107: =H106/$P$106 -> 0 | I107: =I106/$P$106 -> 0.015656155 | J107: =J106/$P$106 -> 0.012111365 | ... N107: =N106/$P$106 -> 0
B108: %ges w/o MCs | C108: =C106/$O$106 -> 0.40089784 | D108: =D106/$O$106 -> 0.25697184 | E108: =E106/$O$106 -> 0.13726024 | F108: =F106/$O$106 -> 0.13685213 | G108: =G106/$O$106 -> 0.001496395 | H108: =H106/$O$106 -> 0 | I108: =I106/$O$106 -> 0.028839614 | J108: =J106/$O$106 -> 0.02230989 | ... L108: =L106/$O$106 -> 0.0081621548 | N108: =N106/$O$106 -> 0

Sheet 03.08 Ntinda-Kisaasi-24h
B1: Consultancy services for Preparation of Expressway Development Master Plan (EDMP) for Uganda
B2: MANUAL CLASSIFIED COUNT (MCC)
B3: ROAD NAME: | C3: ='29.07 Kisaasi-Ntinda'!C3:G3 -> MCC - C1 - STN33 - NTINDA ROAD
C5: Date | D5: ='03.08 Kisaasi-Ntinda-24h'!D5 -> 03.08.19 | F5: Location | G5: ='03.08 Kisaasi-Ntinda-24h'!G5:H5 -> Ndere Center | J5: Surveyor | K5: Okello peter & Gerald
C6: Dir. From | D6: ='29.07 Ntinda-Kisaasi'!D6:E6 -> Ntinda | F6: Dir. To | G6: ='29.07 Ntinda-Kisaasi'!G6:H6 -> Kisaasi | J6: Supervisor | K6: ='03.08 Kisaasi-Ntinda-24h'!K6:L6 -> Denis
B8: Time / Veh Type | R8: SUMMARY TRAFFIC VOLUMES
C9: 1. Car | D9: 2. Station Wagon | E9: 3. Pickups | F9: 4. Minibus, matatu | G9: 5. Medium bus | H9: 6. Large Bus | I9: 7. Light Truck | J9: 8. Medium Truck | K9: 9. Heavy truck | L9: 10. Truck Trailer | M9: 11. Motor cycles | N9: 12. Tractors | O9: Total Excl M/Cycles | P9: Total All | R9: Time | S9: 1. Car | T9: 2. Station Wagon | U9: 3. Pickups | V9: 4. Minibus, matatu | W9: 5. Medium bus | X9: 6. Large Bus | Y9: 7. Light Truck | Z9: 8. Medium Truck | AA9: 9. Heavy truck | AB9: 10. Truck Trailer | AC9: 11. Motorcycles | AD9: 12. Tractors, Graders | AE9: Total Excl M/ Cycles | AF9: Total All
B10: 07.00 - 07.15 | C10: 30 | D10: 10 | E10: 10 | F10: 15 | G10: 0 | H10: 0 | I10: 3 | J10: 1 | K10: 0 | L10: 0 | M10: 50 | N10: 0 | O10: =SUM(C10:L10,N10) -> 69 | P10: =SUM(C10:N10) -> 119 | R10: 0700-0800 | S10: =SUM(C10:C13) -> 125 | T10: =SUM(D10:D13) -> 56 | U10: =SUM(E10:E13) -> 28 | V10: =SUM(F10:F13) -> 38 | W10: =SUM(G10:G13) -> 0 | X10: =SUM(H10:H13) -> 0 | Y10: =SUM(I10:I13) -> 4 | Z10: =SUM(J10:J13) -> 1 | ... AF10: =SUM(P10:P13) -> 466
B11: 07.15 - 07.30 | C11: 35 | D11: 11 | E11: 10 | F11: 9 | G11: 0 | H11: 0 | I11: 0 | J11: 0 | K11: 0 | L11: 0 | M11: 45 | N11: 0 | O11: =SUM(C11:L11,N11) -> 65 | P11: =SUM(C11:N11) -> 110 | R11: 0800-0900 | S11: =SUM(C14:C17) -> 61 | T11: =SUM(D14:D17) -> 53 | U11: =SUM(E14:E17) -> 18 | V11: =SUM(F14:F17) -> 52 | W11: =SUM(G14:G17) -> 0 | X11: =SUM(H14:H17) -> 0 | Y11: =SUM(I14:I17) -> 6 | Z11: =SUM(J14:J17) -> 1 | ... AF11: =SUM(P14:P17) -> 407
B12: 07.30 - 07.45 | C12: 40 | D12: 15 | E12: 4 | F12: 7 | G12: 0 | H12: 0 | I12: 0 | J12: 0 | K12: 2 | L12: 0 | M12: 65 | N12: 0 | O12: =SUM(C12:L12,N12) -> 68 | P12: =SUM(C12:N12) -> 133 | R12: 0900-1000 | S12: =SUM(C18:C21) -> 77 | T12: =SUM(D18:D21) -> 48 | U12: =SUM(E18:E21) -> 32 | V12: =SUM(F18:F21) -> 75 | W12: =SUM(G18:G21) -> 0 | X12: =SUM(H18:H21) -> 0 | Y12: =SUM(I18:I21) -> 17 | Z12: =SUM(J18:J21) -> 3 | ... AF12: =SUM(P18:P21) -> 524
B13: 07.45 - 08.00 | C13: 20 | D13: 20 | E13: 4 | F13: 7 | G13: 0 | H13: 0 | I13: 1 | J13: 0 | K13: 0 | L13: 0 | M13: 52 | N13: 0 | O13: =SUM(C13:L13,N13) -> 52 | P13: =SUM(C13:N13) -> 104 | R13: 1000-1100 | S13: =SUM(C22:C25) -> 109 | T13: =SUM(D22:D25) -> 58 | U13: =SUM(E22:E25) -> 24 | V13: =SUM(F22:F25) -> 53 | W13: =SUM(G22:G25) -> 1 | X13: =SUM(H22:H25) -> 0 | Y13: =SUM(I22:I25) -> 13 | Z13: =SUM(J22:J25) -> 6 | ... AF13: =SUM(P22:P25) -> 578
B14: 08.00 - 08.15 | C14: 14 | D14: 19 | E14: 8 | F14: 19 | G14: 0 | H14: 0 | I14: 0 | J14: 0 | K14: 0 | L14: 0 | M14: 70 | N14: 0 | O14: =SUM(C14:L14,N14) -> 60 | P14: =SUM(C14:N14) -> 130 | R14: 1100-1200 | S14: =SUM(C26:C29) -> 96 | T14: =SUM(D26:D29) -> 75 | U14: =SUM(E26:E29) -> 12 | V14: =SUM(F26:F29) -> 36 | W14: =SUM(G26:G29) -> 0 | X14: =SUM(H26:H29) -> 0 | Y14: =SUM(I26:I29) -> 10 | Z14: =SUM(J26:J29) -> 0 | ... AF14: =SUM(P26:P29) -> 469
B15: 08.15 - 08.30 | C15: 10 | D15: 11 | E15: 1 | F15: 6 | G15: 0 | H15: 0 | I15: 2 | J15: 1 | K15: 0 | L15: 0 | M15: 55 | N15: 0 | O15: =SUM(C15:L15,N15) -> 31 | P15: =SUM(C15:N15) -> 86 | R15: 1200-1300 | S15: =SUM(C30:C33) -> 165 | T15: =SUM(D30:D33) -> 89 | U15: =SUM(E30:E33) -> 27 | V15: =SUM(F30:F33) -> 43 | W15: =SUM(G30:G33) -> 0 | X15: =SUM(H30:H33) -> 0 | Y15: =SUM(I30:I33) -> 14 | Z15: =SUM(J30:J33) -> 0 | ... AF15: =SUM(P30:P33) -> 661
B16: 08.30 - 08.45 | C16: 17 | D16: 12 | E16: 4 | F16: 8 | G16: 0 | H16: 0 | I16: 1 | J16: 0 | K16: 1 | L16: 0 | M16: 45 | N16: 0 | O16: =SUM(C16:L16,N16) -> 43 | P16: =SUM(C16:N16) -> 88 | R16: 1300-1400 | S16: =SUM(C34:C37) -> 180 | T16: =SUM(D34:D37) -> 127 | U16: =SUM(E34:E37) -> 19 | V16: =SUM(F34:F37) -> 36 | W16: =SUM(G34:G37) -> 2 | X16: =SUM(H34:H37) -> 0 | Y16: =SUM(I34:I37) -> 21 | Z16: =SUM(J34:J37) -> 6 | ... AF16: =SUM(P34:P37) -> 740
B17: 08.45 - 9.00 | C17: 20 | D17: 11 | E17: 5 | F17: 19 | G17: 0 | H17: 0 | I17: 3 | J17: 0 | K17: 0 | L17: 0 | M17: 45 | N17: 0 | O17: =SUM(C17:L17,N17) -> 58 | P17: =SUM(C17:N17) -> 103 | R17: 1400-1500 | S17: =SUM(C38:C41) -> 199 | T17: =SUM(D38:D41) -> 131 | U17: =SUM(E38:E41) -> 29 | V17: =SUM(F38:F41) -> 59 | W17: =SUM(G38:G41) -> 0 | X17: =SUM(H38:H41) -> 1 | Y17: =SUM(I38:I41) -> 11 | Z17: =SUM(J38:J41) -> 6 | ... AF17: =SUM(P38:P41) -> 780
B18: 09.00 - 09.15 | C18: 22 | D18: 14 | E18: 10 | F18: 18 | G18: 0 | H18: 0 | I18: 8 | J18: 2 | K18: 0 | L18: 0 | M18: 70 | N18: 0 | O18: =SUM(C18:L18,N18) -> 74 | P18: =SUM(C18:N18) -> 144 | R18: 1500-1600 | S18: =SUM(C42:C45) -> 167 | T18: =SUM(D42:D45) -> 101 | U18: =SUM(E42:E45) -> 33 | V18: =SUM(F42:F45) -> 36 | W18: =SUM(G42:G45) -> 2 | X18: =SUM(H42:H45) -> 0 | Y18: =SUM(I42:I45) -> 10 | Z18: =SUM(J42:J45) -> 4 | ... AF18: =SUM(P42:P45) -> 697
B19: 09.15 - 09.30 | C19: 16 | D19: 11 | E19: 6 | F19: 20 | G19: 0 | H19: 0 | I19: 5 | J19: 0 | K19: 0 | L19: 1 | M19: 60 | N19: 0 | O19: =SUM(C19:L19,N19) -> 59 | P19: =SUM(C19:N19) -> 119 | R19: 1600-1700 | S19: =SUM(C46:C49) -> 189 | T19: =SUM(D46:D49) -> 79 | U19: =SUM(E46:E49) -> 26 | V19: =SUM(F46:F49) -> 44 | W19: =SUM(G46:G49) -> 0 | X19: =SUM(H46:H49) -> 0 | Y19: =SUM(I46:I49) -> 13 | Z19: =SUM(J46:J49) -> 5 | ... AF19: =SUM(P46:P49) -> 671
B20: 09.30 - 09.45 | C20: 25 | D20: 11 | E20: 11 | F20: 17 | G20: 0 | H20: 0 | I20: 3 | J20: 1 | K20: 0 | L20: 3 | M20: 55 | N20: 0 | O20: =SUM(C20:L20,N20) -> 71 | P20: =SUM(C20:N20) -> 126 | R20: 1700-1800 | S20: =SUM(C50:C53) -> 163 | T20: =SUM(D50:D53) -> 93 | U20: =SUM(E50:E53) -> 20 | V20: =SUM(F50:F53) -> 52 | W20: =SUM(G50:G53) -> 1 | X20: =SUM(H50:H53) -> 0 | Y20: =SUM(I50:I53) -> 13 | Z20: =SUM(J50:J53) -> 3 | ... AF20: =SUM(P50:P53) -> 639
B21: 09.45 - 10.00 | C21: 14 | D21: 12 | E21: 5 | F21: 20 | G21: 0 | H21: 0 | I21: 1 | J21: 0 | K21: 0 | L21: 0 | M21: 83 | N21: 0 | O21: =SUM(C21:L21,N21) -> 52 | P21: =SUM(C21:N21) -> 135 | R21: 1800-1900 | S21: =SUM(C54:C57) -> 130 | T21: =SUM(D54:D57) -> 60 | U21: =SUM(E54:E57) -> 13 | V21: =SUM(F54:F57) -> 24 | W21: =SUM(G54:G57) -> 0 | X21: =SUM(H54:H57) -> 0 | Y21: =SUM(I54:I57) -> 7 | Z21: =SUM(J54:J57) -> 1 | ... AF21: =SUM(P54:P57) -> 655
B22: 10.00 - 10.15 | C22: 25 | D22: 12 | E22: 5 | F22: 13 | G22: 0 | H22: 0 | I22: 1 | J22: 2 | K22: 0 | L22: 1 | M22: 53 | N22: 0 | O22: =SUM(C22:L22,N22) -> 59 | P22: =SUM(C22:N22) -> 112 | R22: 1900-2000 | S22: =SUM(C58:C61) -> 159 | T22: =SUM(D58:D61) -> 110 | U22: =SUM(E58:E61) -> 20 | V22: =SUM(F58:F61) -> 36 | W22: =SUM(G58:G61) -> 0 | X22: =SUM(H58:H61) -> 0 | Y22: =SUM(I58:I61) -> 21 | Z22: =SUM(J58:J61) -> 4 | ... AF22: =SUM(P58:P61) -> 755
B23: 10.15 - 10.30 | C23: 29 | D23: 14 | E23: 4 | F23: 21 | G23: 0 | H23: 0 | I23: 6 | J23: 3 | K23: 1 | L23: 2 | M23: 65 | N23: 0 | O23: =SUM(C23:L23,N23) -> 80 | P23: =SUM(C23:N23) -> 145 | R23: 2000-2100 | S23: =SUM(C62:C65) -> 82 | T23: =SUM(D62:D65) -> 58 | U23: =SUM(E62:E65) -> 8 | V23: =SUM(F62:F65) -> 48 | W23: =SUM(G62:G65) -> 0 | X23: =SUM(H62:H65) -> 0 | Y23: =SUM(I62:I65) -> 6 | Z23: =SUM(J62:J65) -> 0 | ... AF23: =SUM(P62:P65) -> 467
B24: 10.30 - 10.45 | C24: 33 | D24: 18 | E24: 7 | F24: 15 | G24: 1 | H24: 0 | I24: 5 | J24: 1 | K24: 0 | L24: 4 | M24: 110 | N24: 0 | O24: =SUM(C24:L24,N24) -> 84 | P24: =SUM(C24:N24) -> 194 | R24: 2100-2200 | S24: =SUM(C66:C69) -> 117 | T24: =SUM(D66:D69) -> 65 | U24: =SUM(E66:E69) -> 17 | V24: =SUM(F66:F69) -> 42 | W24: =SUM(G66:G69) -> 0 | X24: =SUM(H66:H69) -> 0 | Y24: =SUM(I66:I69) -> 7 | Z24: =SUM(J66:J69) -> 0 | ... AF24: =SUM(P66:P69) -> 446
B25: 10.45 - 11.00 | C25: 22 | D25: 14 | E25: 8 | F25: 4 | G25: 0 | H25: 0 | I25: 1 | J25: 0 | K25: 1 | L25: 2 | M25: 75 | N25: 0 | O25: =SUM(C25:L25,N25) -> 52 | P25: =SUM(C25:N25) -> 127 | R25: 2200-2300 | S25: =SUM(C70:C73) -> 142 | T25: =SUM(D70:D73) -> 100 | U25: =SUM(E70:E73) -> 15 | V25: =SUM(F70:F73) -> 40 | W25: =SUM(G70:G73) -> 0 | X25: =SUM(H70:H73) -> 0 | Y25: =SUM(I70:I73) -> 9 | Z25: =SUM(J70:J73) -> 1 | ... AF25: =SUM(P70:P73) -> 628
B26: 11.00 - 11.15 | C26: 20 | D26: 23 | E26: 4 | F26: 11 | G26: 0 | H26: 0 | I26: 4 | J26: 0 | K26: 1 | L26: 0 | M26: 50 | N26: 0 | O26: =SUM(C26:L26,N26) -> 63 | P26: =SUM(C26:N26) -> 113 | R26: 2300-0000 | S26: =SUM(C74:C77) -> 123 | T26: =SUM(D74:D77) -> 73 | U26: =SUM(E74:E77) -> 9 | V26: =SUM(F74:F77) -> 19 | W26: =SUM(G74:G77) -> 0 | X26: =SUM(H74:H77) -> 1 | Y26: =SUM(I74:I77) -> 4 | Z26: =SUM(J74:J77) -> 1 | ... AF26: =SUM(P74:P77) -> 497
B27: 11.15 - 11.30 | C27: 24 | D27: 13 | E27: 1 | F27: 5 | G27: 0 | H27: 0 | I27: 2 | J27: 0 | K27: 0 | L27: 4 | M27: 70 | N27: 0 | O27: =SUM(C27:L27,N27) -> 49 | P27: =SUM(C27:N27) -> 119 | R27: 0000-0100 | S27: =SUM(C78:C81) -> 108 | T27: =SUM(D78:D81) -> 46 | U27: =SUM(E78:E81) -> 10 | V27: =SUM(F78:F81) -> 17 | W27: =SUM(G78:G81) -> 0 | X27: =SUM(H78:H81) -> 0 | Y27: =SUM(I78:I81) -> 5 | Z27: =SUM(J78:J81) -> 3 | ... AF27: =SUM(P78:P81) -> 338
B28: 11.30 - 11.45 | C28: 30 | D28: 23 | E28: 3 | F28: 14 | G28: 0 | H28: 0 | I28: 2 | J28: 0 | K28: 1 | L28: 2 | M28: 51 | N28: 0 | O28: =SUM(C28:L28,N28) -> 75 | P28: =SUM(C28:N28) -> 126 | R28: 0100-0200 | S28: =SUM(C82:C85) -> 126 | T28: =SUM(D82:D85) -> 30 | U28: =SUM(E82:E85) -> 5 | V28: =SUM(F82:F85) -> 1 | W28: =SUM(G82:G85) -> 0 | X28: =SUM(H82:H85) -> 0 | Y28: =SUM(I82:I85) -> 2 | Z28: =SUM(J82:J85) -> 2 | ... AF28: =SUM(P82:P85) -> 294
B29: 11.45 - 12.00 | C29: 22 | D29: 16 | E29: 4 | F29: 6 | G29: 0 | H29: 0 | I29: 2 | J29: 0 | K29: 0 | L29: 1 | M29: 60 | N29: 0 | O29: =SUM(C29:L29,N29) -> 51 | P29: =SUM(C29:N29) -> 111 | R29: 0200-0300 | S29: =SUM(C86:C89) -> 67 | T29: =SUM(D86:D89) -> 20 | U29: =SUM(E86:E89) -> 4 | V29: =SUM(F86:F89) -> 0 | W29: =SUM(G86:G89) -> 0 | X29: =SUM(H86:H89) -> 0 | Y29: =SUM(I86:I89) -> 0 | Z29: =SUM(J86:J89) -> 1 | ... AF29: =SUM(P86:P89) -> 191
B30: 12.00 - 12.15 | C30: 42 | D30: 27 | E30: 8 | F30: 21 | G30: 0 | H30: 0 | I30: 6 | J30: 0 | K30: 4 | L30: 1 | M30: 75 | N30: 0 | O30: =SUM(C30:L30,N30) -> 109 | P30: =SUM(C30:N30) -> 184 | R30: 0300-0400 | S30: =SUM(C90:C93) -> 69 | T30: =SUM(D90:D93) -> 26 | U30: =SUM(E90:E93) -> 4 | V30: =SUM(F90:F93) -> 0 | W30: =SUM(G90:G93) -> 0 | X30: =SUM(H90:H93) -> 0 | Y30: =SUM(I90:I93) -> 3 | Z30: =SUM(J90:J93) -> 0 | ... AF30: =SUM(P90:P93) -> 175
B31: 12.15 - 12.30 | C31: 41 | D31: 22 | E31: 7 | F31: 2 | G31: 0 | H31: 0 | I31: 5 | J31: 0 | K31: 0 | L31: 1 | M31: 60 | N31: 0 | O31: =SUM(C31:L31,N31) -> 78 | P31: =SUM(C31:N31) -> 138 | R31: 0400-0500 | S31: =SUM(C94:C97) -> 33 | T31: =SUM(D94:D97) -> 25 | U31: =SUM(E94:E97) -> 1 | V31: =SUM(F94:F97) -> 0 | W31: =SUM(G94:G97) -> 0 | X31: =SUM(H94:H97) -> 0 | Y31: =SUM(I94:I97) -> 3 | Z31: =SUM(J94:J97) -> 0 | ... AF31: =SUM(P94:P97) -> 125
B32: 12.30 - 12.45 | C32: 47 | D32: 20 | E32: 10 | F32: 15 | G32: 0 | H32: 0 | I32: 0 | J32: 0 | K32: 0 | L32: 0 | M32: 105 | N32: 0 | O32: =SUM(C32:L32,N32) -> 92 | P32: =SUM(C32:N32) -> 197 | R32: 0500-0600 | S32: =SUM(C98:C101) -> 53 | T32: =SUM(D98:D101) -> 17 | U32: =SUM(E98:E101) -> 1 | V32: =SUM(F98:F101) -> 5 | W32: =SUM(G98:G101) -> 0 | X32: =SUM(H98:H101) -> 0 | Y32: =SUM(I98:I101) -> 2 | Z32: =SUM(J98:J101) -> 0 | ... AF32: =SUM(P98:P101) -> 158
B33: 12.45 - 13.00 | C33: 35 | D33: 20 | E33: 2 | F33: 5 | G33: 0 | H33: 0 | I33: 3 | J33: 0 | K33: 0 | L33: 2 | M33: 75 | N33: 0 | O33: =SUM(C33:L33,N33) -> 67 | P33: =SUM(C33:N33) -> 142 | R33: 0600-0700 | S33: =SUM(C102:C105) -> 31 | T33: =SUM(D102:D105) -> 16 | U33: =SUM(E102:E105) -> 2 | V33: =SUM(F102:F105) -> 12 | W33: =SUM(G102:G105) -> 0 | X33: =SUM(H102:H105) -> 0 | Y33: =SUM(I102:I105) -> 4 | Z33: =SUM(J102:J105) -> 1 | ... AF33: =SUM(P102:P105) -> 169
B34: 13.00 - 13.15 | C34: 44 | D34: 24 | E34: 4 | F34: 9 | G34: 0 | H34: 0 | I34: 4 | J34: 2 | K34: 0 | L34: 7 | M34: 115 | N34: 0 | O34: =SUM(C34:L34,N34) -> 94 | P34: =SUM(C34:N34) -> 209 | R34: AM Peak Hr | S34: =MAX(S10:S12) -> 125 | T34: =MAX(T10:T12) -> 56 | U34: =MAX(U10:U12) -> 32 | V34: =MAX(V10:V12) -> 75 | W34: =MAX(W10:W12) -> 0 | X34: =MAX(X10:X12) -> 0 | Y34: =MAX(Y10:Y12) -> 17 | Z34: =MAX(Z10:Z12) -> 3 | ... AF34: =MAX(AF10:AF12) -> 524
B35: 13.15 - 13.30 | C35: 55 | D35: 37 | E35: 6 | F35: 9 | G35: 1 | H35: 0 | I35: 7 | J35: 2 | K35: 0 | L35: 1 | M35: 95 | N35: 0 | O35: =SUM(C35:L35,N35) -> 118 | P35: =SUM(C35:N35) -> 213 | R35: IP Peak Hr | S35: =MAX(S13:S18) -> 199 | T35: =MAX(T13:T18) -> 131 | U35: =MAX(U13:U18) -> 33 | V35: =MAX(V13:V18) -> 59 | W35: =MAX(W13:W18) -> 2 | X35: =MAX(X13:X18) -> 1 | Y35: =MAX(Y13:Y18) -> 21 | Z35: =MAX(Z13:Z18) -> 6 | ... AF35: =MAX(AF13:AF18) -> 780
B36: 13.30 - 13.45 | C36: 40 | D36: 33 | E36: 3 | F36: 12 | G36: 1 | H36: 0 | I36: 6 | J36: 1 | K36: 0 | L36: 1 | M36: 55 | N36: 0 | O36: =SUM(C36:L36,N36) -> 97 | P36: =SUM(C36:N36) -> 152 | R36: PM Peak Hr | S36: =MAX(S19:S21) -> 189 | T36: =MAX(T19:T21) -> 93 | U36: =MAX(U19:U21) -> 26 | V36: =MAX(V19:V21) -> 52 | W36: =MAX(W19:W21) -> 1 | X36: =MAX(X19:X21) -> 0 | Y36: =MAX(Y19:Y21) -> 13 | Z36: =MAX(Z19:Z21) -> 5 | ... AF36: =MAX(AF19:AF21) -> 671
B37: 13.45 - 14.00 | C37: 41 | D37: 33 | E37: 6 | F37: 6 | G37: 0 | H37: 0 | I37: 4 | J37: 1 | K37: 0 | L37: 0 | M37: 75 | N37: 0 | O37: =SUM(C37:L37,N37) -> 91 | P37: =SUM(C37:N37) -> 166 | R37: AM Period | S37: =SUM(S10:S12) -> 263 | T37: =SUM(T10:T12) -> 157 | U37: =SUM(U10:U12) -> 78 | V37: =SUM(V10:V12) -> 165 | W37: =SUM(W10:W12) -> 0 | X37: =SUM(X10:X12) -> 0 | Y37: =SUM(Y10:Y12) -> 27 | Z37: =SUM(Z10:Z12) -> 5 | ... AF37: =SUM(AF10:AF12) -> 1397
B38: 14.00 - 14.15 | C38: 37 | D38: 27 | E38: 5 | F38: 10 | G38: 0 | H38: 1 | I38: 1 | J38: 2 | K38: 0 | L38: 2 | M38: 90 | N38: 0 | O38: =SUM(C38:L38,N38) -> 85 | P38: =SUM(C38:N38) -> 175 | R38: IP Period | S38: =SUM(S13:S18) -> 916 | T38: =SUM(T13:T18) -> 581 | U38: =SUM(U13:U18) -> 144 | V38: =SUM(V13:V18) -> 263 | W38: =SUM(W13:W18) -> 5 | X38: =SUM(X13:X18) -> 1 | Y38: =SUM(Y13:Y18) -> 79 | Z38: =SUM(Z13:Z18) -> 22 | ... AF38: =SUM(AF13:AF18) -> 3925
B39: 14.15 - 14.30 | C39: 45 | D39: 37 | E39: 9 | F39: 15 | G39: 0 | H39: 0 | I39: 4 | J39: 0 | K39: 1 | L39: 0 | M39: 80 | N39: 0 | O39: =SUM(C39:L39,N39) -> 111 | P39: =SUM(C39:N39) -> 191 | R39: PM Period | S39: =SUM(S19:S21) -> 482 | T39: =SUM(T19:T21) -> 232 | U39: =SUM(U19:U21) -> 59 | V39: =SUM(V19:V21) -> 120 | W39: =SUM(W19:W21) -> 1 | X39: =SUM(X19:X21) -> 0 | Y39: =SUM(Y19:Y21) -> 33 | Z39: =SUM(Z19:Z21) -> 9 | ... AF39: =SUM(AF19:AF21) -> 1965
B40: 14.30 - 14.45 | C40: 67 | D40: 44 | E40: 9 | F40: 14 | G40: 0 | H40: 0 | I40: 3 | J40: 3 | K40: 1 | L40: 3 | M40: 85 | N40: 0 | O40: =SUM(C40:L40,N40) -> 144 | P40: =SUM(C40:N40) -> 229 | R40: 12 Hours | S40: =SUM(S10:S21) -> 1661 | T40: =SUM(T10:T21) -> 970 | U40: =SUM(U10:U21) -> 281 | V40: =SUM(V10:V21) -> 548 | W40: =SUM(W10:W21) -> 6 | X40: =SUM(X10:X21) -> 1 | Y40: =SUM(Y10:Y21) -> 139 | Z40: =SUM(Z10:Z21) -> 36 | ... AF40: =SUM(AF10:AF21) -> 7287
B41: 14.45 - 15.00 | C41: 50 | D41: 23 | E41: 6 | F41: 20 | G41: 0 | H41: 0 | I41: 3 | J41: 1 | K41: 0 | L41: 2 | M41: 80 | N41: 0 | O41: =SUM(C41:L41,N41) -> 105 | P41: =SUM(C41:N41) -> 185 | R41: 24 Hrs/ADT | S41: =SUM(S10:S33) -> 2771 | T41: =SUM(T10:T33) -> 1556 | U41: =SUM(U10:U33) -> 377 | V41: =SUM(V10:V33) -> 768 | W41: =SUM(W10:W33) -> 6 | X41: =SUM(X10:X33) -> 2 | Y41: =SUM(Y10:Y33) -> 205 | Z41: =SUM(Z10:Z33) -> 49 | ... AF41: =SUM(AF10:AF33) -> 11530
B42: 15.00 - 15.15 | C42: 37 | D42: 12 | E42: 6 | F42: 11 | G42: 1 | H42: 0 | I42: 4 | J42: 1 | K42: 1 | L42: 3 | M42: 61 | N42: 0 | O42: =SUM(C42:L42,N42) -> 76 | P42: =SUM(C42:N42) -> 137 | R42: NEF | S42: =S41/S40 -> 1.6682721 | T42: =T41/T40 -> 1.6041237 | U42: =U41/U40 -> 1.341637 | V42: =V41/V40 -> 1.4014599 | W42: =W41/W40 -> 1 | X42: =X41/X40 -> 2 | Y42: =Y41/Y40 -> 1.4748201 | Z42: =Z41/Z40 -> 1.3611111 | ... AF42: =AF41/AF40 -> 1.5822698
B43: 15.15 - 15.30 | C43: 62 | D43: 22 | E43: 9 | F43: 12 | G43: 1 | H43: 0 | I43: 3 | J43: 2 | K43: 2 | L43: 0 | M43: 115 | N43: 0 | O43: =SUM(C43:L43,N43) -> 113 | P43: =SUM(C43:N43) -> 228
B44: 15.30 - 15.45 | C44: 45 | D44: 48 | E44: 13 | F44: 9 | G44: 0 | H44: 0 | I44: 1 | J44: 1 | K44: 0 | L44: 1 | M44: 60 | N44: 0 | O44: =SUM(C44:L44,N44) -> 118 | P44: =SUM(C44:N44) -> 178
B45: 15.45 - 16.00 | C45: 23 | D45: 19 | E45: 5 | F45: 4 | G45: 0 | H45: 0 | I45: 2 | J45: 0 | K45: 0 | L45: 3 | M45: 98 | N45: 0 | O45: =SUM(C45:L45,N45) -> 56 | P45: =SUM(C45:N45) -> 154
B46: 16.00 - 16.15 | C46: 51 | D46: 30 | E46: 8 | F46: 12 | G46: 0 | H46: 0 | I46: 4 | J46: 0 | K46: 3 | L46: 2 | M46: 85 | N46: 0 | O46: =SUM(C46:L46,N46) -> 110 | P46: =SUM(C46:N46) -> 195
B47: 16.15 -16.30 | C47: 49 | D47: 13 | E47: 8 | F47: 14 | G47: 0 | H47: 0 | I47: 4 | J47: 2 | K47: 1 | L47: 1 | M47: 90 | N47: 0 | O47: =SUM(C47:L47,N47) -> 92 | P47: =SUM(C47:N47) -> 182
B48: 16.30 -16.45 | C48: 41 | D48: 25 | E48: 3 | F48: 11 | G48: 0 | H48: 0 | I48: 3 | J48: 3 | K48: 0 | L48: 1 | M48: 60 | N48: 0 | O48: =SUM(C48:L48,N48) -> 87 | P48: =SUM(C48:N48) -> 147
B49: 16.45 -17.00 | C49: 48 | D49: 11 | E49: 7 | F49: 7 | G49: 0 | H49: 0 | I49: 2 | J49: 0 | K49: 0 | L49: 2 | M49: 70 | N49: 0 | O49: =SUM(C49:L49,N49) -> 77 | P49: =SUM(C49:N49) -> 147
B50: 17.00 -17.15 | C50: 41 | D50: 26 | E50: 3 | F50: 9 | G50: 0 | H50: 0 | I50: 3 | J50: 0 | K50: 1 | L50: 0 | M50: 50 | N50: 0 | O50: =SUM(C50:L50,N50) -> 83 | P50: =SUM(C50:N50) -> 133
B51: 17.15 -17.30 | C51: 45 | D51: 25 | E51: 8 | F51: 5 | G51: 0 | H51: 0 | I51: 1 | J51: 1 | K51: 0 | L51: 1 | M51: 60 | N51: 0 | O51: =SUM(C51:L51,N51) -> 86 | P51: =SUM(C51:N51) -> 146
B52: 17.30 -17.45 | C52: 44 | D52: 24 | E52: 5 | F52: 23 | G52: 0 | H52: 0 | I52: 7 | J52: 1 | K52: 0 | L52: 5 | M52: 85 | N52: 0 | O52: =SUM(C52:L52,N52) -> 109 | P52: =SUM(C52:N52) -> 194
B53: 17.45 -18.00 | C53: 33 | D53: 18 | E53: 4 | F53: 15 | G53: 1 | H53: 0 | I53: 2 | J53: 1 | K53: 0 | L53: 2 | M53: 90 | N53: 0 | O53: =SUM(C53:L53,N53) -> 76 | P53: =SUM(C53:N53) -> 166
B54: 18.00 - 18.15 | C54: 20 | D54: 11 | E54: 1 | F54: 3 | G54: 0 | H54: 0 | I54: 3 | J54: 0 | K54: 0 | L54: 0 | M54: 110 | N54: 0 | O54: =SUM(C54:L54,N54) -> 38 | P54: =SUM(C54:N54) -> 148
... B105: 06.45 - 07.00 | C105: 9 | D105: 4 | E105: 1 | F105: 3 | G105: 0 | H105: 0 | I105: 0 | J105: 0 | K105: 0 | L105: 2 | M105: 25 | N105: 0 | O105: =SUM(C105:L105,N105) -> 19 | P105: =SUM(C105:N105) -> 44
B106: Totals | C106: =SUM(C10:C105) -> 2771 | D106: =SUM(D10:D105) -> 1556 | E106: =SUM(E10:E105) -> 377 | F106: =SUM(F10:F105) -> 768 | G106: =SUM(G10:G105) -> 6 | H106: =SUM(H10:H105) -> 2 | I106: =SUM(I10:I105) -> 205 | J106: =SUM(J10:J105) -> 49 | ... P106: =SUM(P10:P105) -> 11530
B107: %ges + MCs | C107: =C106/$P$106 -> 0.24032958 | D107: =D106/$P$106 -> 0.1349523 | E107: =E106/$P$106 -> 0.032697311 | F107: =F106/$P$106 -> 0.066608846 | G107: =G106/$P$106 -> 0.00052038161 | H107: =H106/$P$106 -> 0.00017346054 | I107: =I106/$P$106 -> 0.017779705 | J107: =J106/$P$106 -> 0.0042497832 | ... N107: =N106/$P$106 -> 0
B108: %ges w/o MCs | C108: =C106/$O$106 -> 0.47513717 | D108: =D106/$O$106 -> 0.26680384 | E108: =E106/$O$106 -> 0.064643347 | F108: =F106/$O$106 -> 0.13168724 | G108: =G106/$O$106 -> 0.0010288066 | H108: =H106/$O$106 -> 0.00034293553 | I108: =I106/$O$106 -> 0.035150892 | J108: =J106/$O$106 -> 0.0084019204 | ... L108: =L106/$O$106 -> 0.012174211 | N108: =N106/$O$106 -> 0

Sheet 04.08 Kisaasi-Ntinda
B1: Consultancy services for Preparation of Expressway Development Master Plan (EDMP) for Uganda
B2: MANUAL CLASSIFIED COUNT (MCC)
B3: ROAD NAME: | C3: ='29.07 Kisaasi-Ntinda'!C3:G3 -> MCC - C1 - STN33 - NTINDA ROAD
C5: Date | D5: 04.08.19 | F5: Location | G5: ='03.08 Ntinda-Kisaasi-24h'!G5:H5 -> Ndere Center | J5: Surveyor | K5: Faridah & Ashaba Kuraiba
C6: Dir. From | D6: ='29.07 Kisaasi-Ntinda'!D6:E6 -> Kisaasi | F6: Dir. To | G6: ='29.07 Kisaasi-Ntinda'!G6:H6 -> Ntinda | J6: Supervisor | K6: ='03.08 Ntinda-Kisaasi-24h'!K6:L6 -> Denis
B8: Time / Veh Type | R8: SUMMARY TRAFFIC VOLUMES
C9: 1. Car | D9: 2. Station Wagon | E9: 3. Pickups | F9: 4. Minibus, matatu | G9: 5. Medium bus | H9: 6. Large Bus | I9: 7. Light Truck | J9: 8. Medium Truck | K9: 9. Heavy truck | L9: 10. Truck Trailer | M9: 11. Motor cycles | N9: 12. Tractors | O9: Total Excl M/Cycles | P9: Total All | R9: Time | S9: 1. Car | T9: 2. Station Wagon | U9: 3. Pickups | V9: 4. Minibus, matatu | W9: 5. Medium bus | X9: 6. Large Bus | Y9: 7. Light Truck | Z9: 8. Medium Truck | AA9: 9. Heavy truck | AB9: 10. Truck Trailer | AC9: 11. Motorcycles | AD9: 12. Tractors, Graders | AE9: Total Excl M/ Cycles | AF9: Total All
B10: 07.00 - 07.15 | C10: 13 | D10: 13 | E10: 4 | F10: 8 | G10: 0 | H10: 0 | I10: 0 | J10: 0 | K10: 1 | L10: 0 | M10: 42 | N10: 0 | O10: =SUM(C10:L10,N10) -> 39 | P10: =SUM(C10:N10) -> 81 | R10: 0700-0800 | S10: =SUM(C10:C13) -> 91 | T10: =SUM(D10:D13) -> 79 | U10: =SUM(E10:E13) -> 22 | V10: =SUM(F10:F13) -> 40 | W10: =SUM(G10:G13) -> 0 | X10: =SUM(H10:H13) -> 0 | Y10: =SUM(I10:I13) -> 5 | Z10: =SUM(J10:J13) -> 4 | ... AF10: =SUM(P10:P13) -> 569
B11: 07.15 - 07.30 | C11: 25 | D11: 17 | E11: 10 | F11: 11 | G11: 0 | H11: 0 | I11: 1 | J11: 0 | K11: 0 | L11: 0 | M11: 75 | N11: 0 | O11: =SUM(C11:L11,N11) -> 64 | P11: =SUM(C11:N11) -> 139 | R11: 0800-0900 | S11: =SUM(C14:C17) -> 76 | T11: =SUM(D14:D17) -> 66 | U11: =SUM(E14:E17) -> 27 | V11: =SUM(F14:F17) -> 56 | W11: =SUM(G14:G17) -> 1 | X11: =SUM(H14:H17) -> 0 | Y11: =SUM(I14:I17) -> 6 | Z11: =SUM(J14:J17) -> 6 | ... AF11: =SUM(P14:P17) -> 574
B12: 07.30 - 07.45 | C12: 23 | D12: 18 | E12: 3 | F12: 8 | G12: 0 | H12: 0 | I12: 3 | J12: 4 | K12: 0 | L12: 0 | M12: 100 | N12: 0 | O12: =SUM(C12:L12,N12) -> 59 | P12: =SUM(C12:N12) -> 159 | R12: 0900-1000 | S12: =SUM(C18:C21) -> 131 | T12: =SUM(D18:D21) -> 153 | U12: =SUM(E18:E21) -> 31 | V12: =SUM(F18:F21) -> 63 | W12: =SUM(G18:G21) -> 0 | X12: =SUM(H18:H21) -> 0 | Y12: =SUM(I18:I21) -> 10 | Z12: =SUM(J18:J21) -> 12 | ... AF12: =SUM(P18:P21) -> 825
B13: 07.45 - 08.00 | C13: 30 | D13: 31 | E13: 5 | F13: 13 | G13: 0 | H13: 0 | I13: 1 | J13: 0 | K13: 0 | L13: 0 | M13: 110 | N13: 0 | O13: =SUM(C13:L13,N13) -> 80 | P13: =SUM(C13:N13) -> 190 | R13: 1000-1100 | S13: =SUM(C22:C25) -> 155 | T13: =SUM(D22:D25) -> 155 | U13: =SUM(E22:E25) -> 83 | V13: =SUM(F22:F25) -> 84 | W13: =SUM(G22:G25) -> 0 | X13: =SUM(H22:H25) -> 0 | Y13: =SUM(I22:I25) -> 4 | Z13: =SUM(J22:J25) -> 1 | ... AF13: =SUM(P22:P25) -> 833
B14: 08.00 - 08.15 | C14: 21 | D14: 22 | E14: 5 | F14: 18 | G14: 1 | H14: 0 | I14: 0 | J14: 3 | K14: 0 | L14: 0 | M14: 98 | N14: 0 | O14: =SUM(C14:L14,N14) -> 70 | P14: =SUM(C14:N14) -> 168 | R14: 1100-1200 | S14: =SUM(C26:C29) -> 192 | T14: =SUM(D26:D29) -> 218 | U14: =SUM(E26:E29) -> 47 | V14: =SUM(F26:F29) -> 56 | W14: =SUM(G26:G29) -> 0 | X14: =SUM(H26:H29) -> 0 | Y14: =SUM(I26:I29) -> 8 | Z14: =SUM(J26:J29) -> 4 | ... AF14: =SUM(P26:P29) -> 927
B15: 08.15 - 08.30 | C15: 20 | D15: 15 | E15: 10 | F15: 15 | G15: 0 | H15: 0 | I15: 3 | J15: 0 | K15: 1 | L15: 0 | M15: 92 | N15: 0 | O15: =SUM(C15:L15,N15) -> 64 | P15: =SUM(C15:N15) -> 156 | R15: 1200-1300 | S15: =SUM(C30:C33) -> 199 | T15: =SUM(D30:D33) -> 200 | U15: =SUM(E30:E33) -> 63 | V15: =SUM(F30:F33) -> 99 | W15: =SUM(G30:G33) -> 0 | X15: =SUM(H30:H33) -> 0 | Y15: =SUM(I30:I33) -> 10 | Z15: =SUM(J30:J33) -> 11 | ... AF15: =SUM(P30:P33) -> 1022
B16: 08.30 - 08.45 | C16: 18 | D16: 16 | E16: 6 | F16: 9 | G16: 0 | H16: 0 | I16: 2 | J16: 3 | K16: 0 | L16: 0 | M16: 75 | N16: 0 | O16: =SUM(C16:L16,N16) -> 54 | P16: =SUM(C16:N16) -> 129 | R16: 1300-1400 | S16: =SUM(C34:C37) -> 107 | T16: =SUM(D34:D37) -> 91 | U16: =SUM(E34:E37) -> 21 | V16: =SUM(F34:F37) -> 42 | W16: =SUM(G34:G37) -> 0 | X16: =SUM(H34:H37) -> 0 | Y16: =SUM(I34:I37) -> 14 | Z16: =SUM(J34:J37) -> 15 | ... AF16: =SUM(P34:P37) -> 648
B17: 08.45 - 9.00 | C17: 17 | D17: 13 | E17: 6 | F17: 14 | G17: 0 | H17: 0 | I17: 1 | J17: 0 | K17: 0 | L17: 0 | M17: 70 | N17: 0 | O17: =SUM(C17:L17,N17) -> 51 | P17: =SUM(C17:N17) -> 121 | R17: 1400-1500 | S17: =SUM(C38:C41) -> 146 | T17: =SUM(D38:D41) -> 134 | U17: =SUM(E38:E41) -> 38 | V17: =SUM(F38:F41) -> 50 | W17: =SUM(G38:G41) -> 0 | X17: =SUM(H38:H41) -> 0 | Y17: =SUM(I38:I41) -> 10 | Z17: =SUM(J38:J41) -> 11 | ... AF17: =SUM(P38:P41) -> 679
B18: 09.00 - 09.15 | C18: 33 | D18: 38 | E18: 8 | F18: 15 | G18: 0 | H18: 0 | I18: 4 | J18: 4 | K18: 0 | L18: 0 | M18: 141 | N18: 0 | O18: =SUM(C18:L18,N18) -> 102 | P18: =SUM(C18:N18) -> 243 | R18: 1500-1600 | S18: =SUM(C42:C45) -> 122 | T18: =SUM(D42:D45) -> 104 | U18: =SUM(E42:E45) -> 38 | V18: =SUM(F42:F45) -> 42 | W18: =SUM(G42:G45) -> 0 | X18: =SUM(H42:H45) -> 0 | Y18: =SUM(I42:I45) -> 13 | Z18: =SUM(J42:J45) -> 10 | ... AF18: =SUM(P42:P45) -> 595
B19: 09.15 - 09.30 | C19: 23 | D19: 20 | E19: 4 | F19: 12 | G19: 0 | H19: 0 | I19: 1 | J19: 1 | K19: 0 | L19: 1 | M19: 83 | N19: 0 | O19: =SUM(C19:L19,N19) -> 62 | P19: =SUM(C19:N19) -> 145 | R19: 1600-1700 | S19: =SUM(C46:C49) -> 108 | T19: =SUM(D46:D49) -> 115 | U19: =SUM(E46:E49) -> 47 | V19: =SUM(F46:F49) -> 44 | W19: =SUM(G46:G49) -> 0 | X19: =SUM(H46:H49) -> 0 | Y19: =SUM(I46:I49) -> 4 | Z19: =SUM(J46:J49) -> 4 | ... AF19: =SUM(P46:P49) -> 589
B20: 09.30 - 09.45 | C20: 40 | D20: 50 | E20: 8 | F20: 18 | G20: 0 | H20: 0 | I20: 3 | J20: 3 | K20: 1 | L20: 0 | M20: 96 | N20: 1 | O20: =SUM(C20:L20,N20) -> 124 | P20: =SUM(C20:N20) -> 220 | R20: 1700-1800 | S20: =SUM(C50:C53) -> 115 | T20: =SUM(D50:D53) -> 124 | U20: =SUM(E50:E53) -> 65 | V20: =SUM(F50:F53) -> 67 | W20: =SUM(G50:G53) -> 0 | X20: =SUM(H50:H53) -> 0 | Y20: =SUM(I50:I53) -> 7 | Z20: =SUM(J50:J53) -> 6 | ... AF20: =SUM(P50:P53) -> 668
B21: 09.45 - 10.00 | C21: 35 | D21: 45 | E21: 11 | F21: 18 | G21: 0 | H21: 0 | I21: 2 | J21: 4 | K21: 2 | L21: 0 | M21: 100 | N21: 0 | O21: =SUM(C21:L21,N21) -> 117 | P21: =SUM(C21:N21) -> 217 | R21: 1800-1900 | S21: =SUM(C54:C57) -> 98 | T21: =SUM(D54:D57) -> 88 | U21: =SUM(E54:E57) -> 40 | V21: =SUM(F54:F57) -> 46 | W21: =SUM(G54:G57) -> 0 | X21: =SUM(H54:H57) -> 0 | Y21: =SUM(I54:I57) -> 16 | Z21: =SUM(J54:J57) -> 8 | ... AF21: =SUM(P54:P57) -> 544
B22: 10.00 - 10.15 | C22: 40 | D22: 60 | E22: 28 | F22: 15 | G22: 0 | H22: 0 | I22: 0 | J22: 1 | K22: 0 | L22: 0 | M22: 110 | N22: 0 | O22: =SUM(C22:L22,N22) -> 144 | P22: =SUM(C22:N22) -> 254 | R22: AM Peak Hr | S22: =MAX(S10:S12) -> 131 | T22: =MAX(T10:T12) -> 153 | U22: =MAX(U10:U12) -> 31 | V22: =MAX(V10:V12) -> 63 | W22: =MAX(W10:W12) -> 1 | X22: =MAX(X10:X12) -> 0 | Y22: =MAX(Y10:Y12) -> 10 | Z22: =MAX(Z10:Z12) -> 12 | ... AF22: =MAX(AF10:AF12) -> 825
B23: 10.15 - 10.30 | C23: 45 | D23: 30 | E23: 20 | F23: 17 | G23: 0 | H23: 0 | I23: 1 | J23: 0 | K23: 0 | L23: 0 | M23: 82 | N23: 0 | O23: =SUM(C23:L23,N23) -> 113 | P23: =SUM(C23:N23) -> 195 | R23: IP Peak Hr | S23: =MAX(S13:S18) -> 199 | T23: =MAX(T13:T18) -> 218 | U23: =MAX(U13:U18) -> 83 | V23: =MAX(V13:V18) -> 99 | W23: =MAX(W13:W18) -> 0 | X23: =MAX(X13:X18) -> 0 | Y23: =MAX(Y13:Y18) -> 14 | Z23: =MAX(Z13:Z18) -> 15 | ... AF23: =MAX(AF13:AF18) -> 1022
B24: 10.30 - 10.45 | C24: 30 | D24: 35 | E24: 17 | F24: 25 | G24: 0 | H24: 0 | I24: 1 | J24: 0 | K24: 0 | L24: 1 | M24: 74 | N24: 0 | O24: =SUM(C24:L24,N24) -> 109 | P24: =SUM(C24:N24) -> 183 | R24: PM Peak Hr | S24: =MAX(S19:S21) -> 115 | T24: =MAX(T19:T21) -> 124 | U24: =MAX(U19:U21) -> 65 | V24: =MAX(V19:V21) -> 67 | W24: =MAX(W19:W21) -> 0 | X24: =MAX(X19:X21) -> 0 | Y24: =MAX(Y19:Y21) -> 16 | Z24: =MAX(Z19:Z21) -> 8 | ... AF24: =MAX(AF19:AF21) -> 668
B25: 10.45 - 11.00 | C25: 40 | D25: 30 | E25: 18 | F25: 27 | G25: 0 | H25: 0 | I25: 2 | J25: 0 | K25: 1 | L25: 0 | M25: 83 | N25: 0 | O25: =SUM(C25:L25,N25) -> 118 | P25: =SUM(C25:N25) -> 201 | R25: AM Period | S25: =SUM(S10:S12) -> 298 | T25: =SUM(T10:T12) -> 298 | U25: =SUM(U10:U12) -> 80 | V25: =SUM(V10:V12) -> 159 | W25: =SUM(W10:W12) -> 1 | X25: =SUM(X10:X12) -> 0 | Y25: =SUM(Y10:Y12) -> 21 | Z25: =SUM(Z10:Z12) -> 22 | ... AF25: =SUM(AF10:AF12) -> 1968
B26: 11.00 - 11.15 | C26: 52 | D26: 60 | E26: 10 | F26: 11 | G26: 0 | H26: 0 | I26: 1 | J26: 1 | K26: 0 | L26: 1 | M26: 98 | N26: 0 | O26: =SUM(C26:L26,N26) -> 136 | P26: =SUM(C26:N26) -> 234 | R26: IP Period | S26: =SUM(S13:S18) -> 921 | T26: =SUM(T13:T18) -> 902 | U26: =SUM(U13:U18) -> 290 | V26: =SUM(V13:V18) -> 373 | W26: =SUM(W13:W18) -> 0 | X26: =SUM(X13:X18) -> 0 | Y26: =SUM(Y13:Y18) -> 59 | Z26: =SUM(Z13:Z18) -> 52 | ... AF26: =SUM(AF13:AF18) -> 4704
B27: 11.15 - 11.30 | C27: 35 | D27: 55 | E27: 13 | F27: 10 | G27: 0 | H27: 0 | I27: 3 | J27: 1 | K27: 2 | L27: 1 | M27: 87 | N27: 0 | O27: =SUM(C27:L27,N27) -> 120 | P27: =SUM(C27:N27) -> 207 | R27: PM Period | S27: =SUM(S19:S21) -> 321 | T27: =SUM(T19:T21) -> 327 | U27: =SUM(U19:U21) -> 152 | V27: =SUM(V19:V21) -> 157 | W27: =SUM(W19:W21) -> 0 | X27: =SUM(X19:X21) -> 0 | Y27: =SUM(Y19:Y21) -> 27 | Z27: =SUM(Z19:Z21) -> 18 | ... AF27: =SUM(AF19:AF21) -> 1801
B28: 11.30 - 11.45 | C28: 55 | D28: 48 | E28: 11 | F28: 16 | G28: 0 | H28: 0 | I28: 2 | J28: 0 | K28: 0 | L28: 0 | M28: 90 | N28: 0 | O28: =SUM(C28:L28,N28) -> 132 | P28: =SUM(C28:N28) -> 222 | R28: 12 Hours | S28: =SUM(S10:S21) -> 1540 | T28: =SUM(T10:T21) -> 1527 | U28: =SUM(U10:U21) -> 522 | V28: =SUM(V10:V21) -> 689 | W28: =SUM(W10:W21) -> 1 | X28: =SUM(X10:X21) -> 0 | Y28: =SUM(Y10:Y21) -> 107 | Z28: =SUM(Z10:Z21) -> 92 | ... AF28: =SUM(AF10:AF21) -> 8473
B29: 11.45 - 12.00 | C29: 50 | D29: 55 | E29: 13 | F29: 19 | G29: 0 | H29: 0 | I29: 2 | J29: 2 | K29: 0 | L29: 0 | M29: 123 | N29: 0 | O29: =SUM(C29:L29,N29) -> 141 | P29: =SUM(C29:N29) -> 264
B30: 12.00 - 12.15 | C30: 60 | D30: 63 | E30: 23 | F30: 22 | G30: 0 | H30: 0 | I30: 3 | J30: 1 | K30: 0 | L30: 2 | M30: 133 | N30: 0 | O30: =SUM(C30:L30,N30) -> 174 | P30: =SUM(C30:N30) -> 307
B31: 12.15 - 12.30 | C31: 63 | D31: 60 | E31: 17 | F31: 23 | G31: 0 | H31: 0 | I31: 2 | J31: 2 | K31: 0 | L31: 0 | M31: 140 | N31: 0 | O31: =SUM(C31:L31,N31) -> 167 | P31: =SUM(C31:N31) -> 307
B32: 12.30 - 12.45 | C32: 45 | D32: 42 | E32: 8 | F32: 24 | G32: 0 | H32: 0 | I32: 2 | J32: 5 | K32: 0 | L32: 1 | M32: 105 | N32: 0 | O32: =SUM(C32:L32,N32) -> 127 | P32: =SUM(C32:N32) -> 232
B33: 12.45 - 13.00 | C33: 31 | D33: 35 | E33: 15 | F33: 30 | G33: 0 | H33: 0 | I33: 3 | J33: 3 | K33: 1 | L33: 0 | M33: 58 | N33: 0 | O33: =SUM(C33:L33,N33) -> 118 | P33: =SUM(C33:N33) -> 176
B34: 13.00 - 13.15 | C34: 26 | D34: 25 | E34: 5 | F34: 10 | G34: 0 | H34: 0 | I34: 7 | J34: 5 | K34: 0 | L34: 0 | M34: 110 | N34: 0 | O34: =SUM(C34:L34,N34) -> 78 | P34: =SUM(C34:N34) -> 188
B35: 13.15 - 13.30 | C35: 35 | D35: 30 | E35: 6 | F35: 11 | G35: 0 | H35: 0 | I35: 4 | J35: 6 | K35: 0 | L35: 2 | M35: 98 | N35: 0 | O35: =SUM(C35:L35,N35) -> 94 | P35: =SUM(C35:N35) -> 192
B36: 13.30 - 13.45 | C36: 25 | D36: 16 | E36: 6 | F36: 13 | G36: 0 | H36: 0 | I36: 3 | J36: 1 | K36: 0 | L36: 1 | M36: 76 | N36: 0 | O36: =SUM(C36:L36,N36) -> 65 | P36: =SUM(C36:N36) -> 141
B37: 13.45 - 14.00 | C37: 21 | D37: 20 | E37: 4 | F37: 8 | G37: 0 | H37: 0 | I37: 0 | J37: 3 | K37: 0 | L37: 1 | M37: 70 | N37: 0 | O37: =SUM(C37:L37,N37) -> 57 | P37: =SUM(C37:N37) -> 127
B38: 14.00 - 14.15 | C38: 21 | D38: 20 | E38: 8 | F38: 15 | G38: 0 | H38: 0 | J38: 3 | K38: 1 | L38: 0 | M38: 85 | N38: 0 | O38: =SUM(C38:L38,N38) -> 68 | P38: =SUM(C38:N38) -> 153
B39: 14.15 - 14.30 | C39: 25 | D39: 30 | E39: 12 | F39: 13 | G39: 0 | H39: 0 | I39: 4 | J39: 6 | K39: 1 | L39: 1 | M39: 67 | N39: 0 | O39: =SUM(C39:L39,N39) -> 92 | P39: =SUM(C39:N39) -> 159
B40: 14.30 - 14.45 | C40: 55 | D40: 39 | E40: 13 | F40: 10 | G40: 0 | H40: 0 | I40: 2 | J40: 1 | K40: 0 | L40: 0 | M40: 58 | N40: 0 | O40: =SUM(C40:L40,N40) -> 120 | P40: =SUM(C40:N40) -> 178
B41: 14.45 - 15.00 | C41: 45 | D41: 45 | E41: 5 | F41: 12 | G41: 0 | H41: 0 | I41: 4 | J41: 1 | K41: 1 | L41: 1 | M41: 75 | N41: 0 | O41: =SUM(C41:L41,N41) -> 114 | P41: =SUM(C41:N41) -> 189
B42: 15.00 - 15.15 | C42: 33 | D42: 32 | E42: 10 | F42: 12 | G42: 0 | H42: 0 | I42: 7 | J42: 2 | K42: 0 | L42: 0 | M42: 66 | N42: 0 | O42: =SUM(C42:L42,N42) -> 96 | P42: =SUM(C42:N42) -> 162
B43: 15.15 - 15.30 | C43: 28 | D43: 25 | E43: 9 | F43: 10 | G43: 0 | H43: 0 | I43: 3 | J43: 6 | K43: 0 | L43: 0 | M43: 81 | N43: 0 | O43: =SUM(C43:L43,N43) -> 81 | P43: =SUM(C43:N43) -> 162
B44: 15.30 - 15.45 | C44: 30 | D44: 22 | E44: 8 | F44: 13 | G44: 0 | H44: 0 | I44: 1 | J44: 1 | K44: 0 | L44: 1 | M44: 56 | N44: 0 | O44: =SUM(C44:L44,N44) -> 76 | P44: =SUM(C44:N44) -> 132
B45: 15.45 - 16.00 | C45: 31 | D45: 25 | E45: 11 | F45: 7 | G45: 0 | H45: 0 | I45: 2 | J45: 1 | K45: 0 | L45: 0 | M45: 62 | N45: 0 | O45: =SUM(C45:L45,N45) -> 77 | P45: =SUM(C45:N45) -> 139
B46: 16.00 - 16.15 | C46: 35 | D46: 30 | E46: 21 | F46: 8 | G46: 0 | H46: 0 | I46: 2 | J46: 0 | K46: 0 | L46: 0 | M46: 57 | N46: 0 | O46: =SUM(C46:L46,N46) -> 96 | P46: =SUM(C46:N46) -> 153
B47: 16.15 -16.30 | C47: 22 | D47: 30 | E47: 7 | F47: 7 | G47: 0 | H47: 0 | I47: 0 | J47: 1 | K47: 0 | L47: 0 | M47: 81 | N47: 0 | O47: =SUM(C47:L47,N47) -> 67 | P47: =SUM(C47:N47) -> 148
B48: 16.30 -16.45 | C48: 25 | D48: 30 | E48: 8 | F48: 14 | G48: 0 | H48: 0 | I48: 1 | J48: 0 | K48: 0 | L48: 3 | M48: 65 | N48: 0 | O48: =SUM(C48:L48,N48) -> 81 | P48: =SUM(C48:N48) -> 146
B49: 16.45 -17.00 | C49: 26 | D49: 25 | E49: 11 | F49: 15 | G49: 0 | H49: 0 | I49: 1 | J49: 3 | K49: 0 | L49: 0 | M49: 61 | N49: 0 | O49: =SUM(C49:L49,N49) -> 81 | P49: =SUM(C49:N49) -> 142
B50: 17.00 -17.15 | C50: 35 | D50: 30 | E50: 5 | F50: 12 | G50: 0 | H50: 0 | I50: 1 | J50: 0 | K50: 1 | L50: 0 | M50: 78 | N50: 0 | O50: =SUM(C50:L50,N50) -> 84 | P50: =SUM(C50:N50) -> 162
... B57: 18.45 - 19.00 | C57: 27 | D57: 13 | E57: 7 | F57: 16 | G57: 0 | H57: 0 | I57: 3 | J57: 1 | K57: 1 | L57: 0 | M57: 73 | N57: 0 | O57: =SUM(C57:L57,N57) -> 68 | P57: =SUM(C57:N57) -> 141
B58: Totals | C58: =SUM(C10:C57) -> 1540 | D58: =SUM(D10:D57) -> 1527 | E58: =SUM(E10:E57) -> 522 | F58: =SUM(F10:F57) -> 689 | G58: =SUM(G10:G57) -> 1 | H58: =SUM(H10:H57) -> 0 | I58: =SUM(I10:I57) -> 107 | J58: =SUM(J10:J57) -> 92 | ... P58: =SUM(P10:P57) -> 8473
