Workbook
Name Veh_Type: Soroti!$H$8:$H$153
Name zones: #REF!
Name Zones_Ndeke: #REF!

Sheet Soroti
C1: Consultancy services for Preparation of Expressway Development Master Plan (EDMP) for Uganda
C2: Stated Preferance Survey
D4: Town | E4: SOROTI | I4: Interviewer: | J4: ROBINAH | N4: Supervisor: | O4: DENIS | R4: Coded By: | S4: RUTH | W4: Chkd By: | X4: Deo B. M
B6: Date | C6: Time (24-h format) | D6: Veh_Reg_No. | E6: Driver or Passenger? D/P | F6: Mode No. | G6: Mode Description | H6: Veh_Type | I6: Veh_Type Desc | J6: Gender (M/F) | K6: Age Bracket No. | L6: Age Bracket Desc. | M6: Origin_Address | P6: Origin_Purpose | Q6: Origin-Purpose Desc | R6: Destination_Address | U6: Destination_Purpose | V6: Destination_Purpose Desc | W6: Journey_Purpose | X6: Cost of Trip (UGX) | Y6: Journey Dist (Km) | Z6: Journey Time (Hrs) | AA6: Profession No. | AB6: Profession Desc. | AC6: Monthly Income No. | AD6: Monthly Income | AE6: Rank of Issues NOT OK with Journey | AJ6: Would You Use Xpressways? Y/N | AK6: Pay How Much? (UGX) | AL6: Origin_Zone | AM6: Dest_Zone
M7: Village or Town | N7: District | O7: Country | R7: Village or Town | S7: District | T7: Country | AE7: Journey Time | AF7: Cost of Journey | AG7: Comfort | AH7: Safety | AI7: Reliability
B8: 43696 | C8: 0.375 | E8: D | F8: 2 | G8: =VLOOKUP(F8,Key!$A$17:$B$21,2,FALSE) -> Road Vehicle | H8: 1 | I8: =VLOOKUP(H8,Key!$A$2:$B$13,2,FALSE) -> Car | J8: F | K8: 1 | L8: =VLOOKUP(K8,Key!$A$24:$B$29,2,FALSE) -> 20-29 | M8: KOBIL | N8: KOBIL | O8: UGA | P8: 1 | Q8: =VLOOKUP(P8,Key!$E$2:$F$9,2,FALSE) -> Home | R8: SOROTI | S8: SOROTI | T8: UGA | U8: 2 | V8: =VLOOKUP(U8,Key!$E$2:$F$9,2,FALSE) -> Work | W8: =Q8&"-"&V8 -> Home-Work | X8: 40000 | Y8: 10 | Z8: 0.5 | AA8: 4 | AB8: =VLOOKUP(AA8,Key!$C$20:$D$29,2,FALSE) -> Office Worker | AC8: 4 | AD8: =VLOOKUP(AC8,Key!$E$20:$F$24,2,FALSE) -> 750,000-1,000,000 | AE8: 3 | AF8: 1 | AG8: 2 | AH8: 4 | AI8: 5 | AJ8: Y | AK8: 4000
B9: 43695 | C9: 0.3875 | E9: P | F9: 2 | G9: =VLOOKUP(F9,Key!$A$17:$B$21,2,FALSE) -> Road Vehicle | H9: 1 | I9: =VLOOKUP(H9,Key!$A$2:$B$13,2,FALSE) -> Car | J9: F | K9: 1 | L9: =VLOOKUP(K9,Key!$A$24:$B$29,2,FALSE) -> 20-29 | M9: SOROTI | N9: SOROTI | O9: UGA | P9: 1 | Q9: =VLOOKUP(P9,Key!$E$2:$F$9,2,FALSE) -> Home | R9: KATAKWI | S9: KATAKWI | T9: UGA | U9: 2 | V9: =VLOOKUP(U9,Key!$E$2:$F$9,2,FALSE) -> Work | W9: =Q9&"-"&V9 -> Home-Work | X9: 10000 | Y9: 70 | Z9: 2 | AA9: 6 | AB9: =VLOOKUP(AA9,Key!$C$20:$D$29,2,FALSE) -> Businessman | AC9: 2 | AD9: =VLOOKUP(AC9,Key!$E$20:$F$24,2,FALSE) -> 300,000-500,000 | AE9: 3 | AF9: 1 | AG9: 4 | AH9: 2 | AI9: 5 | AJ9: Y
B10: 43695 | C10: 0.54166667 | E10: D | F10: 2 | G10: =VLOOKUP(F10,Key!$A$17:$B$21,2,FALSE) -> Road Vehicle | H10: 1 | I10: =VLOOKUP(H10,Key!$A$2:$B$13,2,FALSE) -> Car | J10: M | K10: 1 | L10: =VLOOKUP(K10,Key!$A$24:$B$29,2,FALSE) -> 20-29 | M10: SOROTI | N10: SOROTI | O10: UGA | P10: 2 | Q10: =VLOOKUP(P10,Key!$E$2:$F$9,2,FALSE) -> Work | R10: AMURA | S10: AMURA | T10: UGA | U10: 4 | V10: =VLOOKUP(U10,Key!$E$2:$F$9,2,FALSE) -> Commercial | W10: =Q10&"-"&V10 -> Work-Commercial | X10: 75000 | Y10: 10 | Z10: 0.8 | AA10: 10 | AB10: =VLOOKUP(AA10,Key!$C$20:$D$29,2,FALSE) -> Other | AC10: 2 | AD10: =VLOOKUP(AC10,Key!$E$20:$F$24,2,FALSE) -> 300,000-500,000 | AE10: 1 | AF10: 2 | AG10: 3 | AH10: 5 | AI10: 4 | AJ10: Y
B11: 43695 | C11: 0.625 | E11: D | F11: 2 | G11: =VLOOKUP(F11,Key!$A$17:$B$21,2,FALSE) -> Road Vehicle | H11: 1 | I11: =VLOOKUP(H11,Key!$A$2:$B$13,2,FALSE) -> Car | J11: M | K11: 1 | L11: =VLOOKUP(K11,Key!$A$24:$B$29,2,FALSE) -> 20-29 | M11: SOROTI | N11: SOROTI | O11: UGA | P11: 1 | Q11: =VLOOKUP(P11,Key!$E$2:$F$9,2,FALSE) -> Home | R11: MBALE | S11: MBALE | T11: UGA | U11: 2 | V11: =VLOOKUP(U11,Key!$E$2:$F$9,2,FALSE) -> Work | W11: =Q11&"-"&V11 -> Home-Work | X11: 70000 | Z11: 3 | AA11: 10 | AB11: =VLOOKUP(AA11,Key!$C$20:$D$29,2,FALSE) -> Other | AC11: 2 | AD11: =VLOOKUP(AC11,Key!$E$20:$F$24,2,FALSE) -> 300,000-500,000 | AE11: 1 | AF11: 2 | AG11: 4 | AH11: 3 | AI11: 5 | AJ11: Y
B12: 43695 | C12: 0.76458333 | E12: D | F12: 2 | G12: =VLOOKUP(F12,Key!$A$17:$B$21,2,FALSE) -> Road Vehicle | H12: 1 | I12: =VLOOKUP(H12,Key!$A$2:$B$13,2,FALSE) -> Car | J12: M | K12: 1 | L12: =VLOOKUP(K12,Key!$A$24:$B$29,2,FALSE) -> 20-29 | M12: LIRA | N12: LIRA | O12: UGA | P12: 2 | Q12: =VLOOKUP(P12,Key!$E$2:$F$9,2,FALSE) -> Work | R12: SOROTI | S12: SOROTI | T12: UGA | U12: 4 | V12: =VLOOKUP(U12,Key!$E$2:$F$9,2,FALSE) -> Commercial | W12: =Q12&"-"&V12 -> Work-Commercial | X12: 120000 | Y12: 110 | Z12: 1.5 | AA12: 6 | AB12: =VLOOKUP(AA12,Key!$C$20:$D$29,2,FALSE) -> Businessman | AC12: 2 | AD12: =VLOOKUP(AC12,Key!$E$20:$F$24,2,FALSE) -> 300,000-500,000 | AE12: 2 | AF12: 1 | AG12: 4 | AH12: 3 | AI12: 5 | AJ12: Y | AK12: 500
B13: 43695 | C13: 0.76458333 | E13: D | F13: 2 | G13: =VLOOKUP(F13,Key!$A$17:$B$21,2,FALSE) -> Road Vehicle | H13: 1 | I13: =VLOOKUP(H13,Key!$A$2:$B$13,2,FALSE) -> Car | J13: M | K13: 1 | L13: =VLOOKUP(K13,Key!$A$24:$B$29,2,FALSE) -> 20-29 | M13: AMURA | N13: AMURA | O13: UGA | P13: 1 | Q13: =VLOOKUP(P13,Key!$E$2:$F$9,2,FALSE) -> Home | R13: SOROTI | S13: SOROTI | T13: UGA | U13: 2 | V13: =VLOOKUP(U13,Key!$E$2:$F$9,2,FALSE) -> Work | W13: =Q13&"-"&V13 -> Home-Work | X13: 20000 | Z13: 0.7 | AA13: 3 | AB13: =VLOOKUP(AA13,Key!$C$20:$D$29,2,FALSE) -> Artisan/Domestic | AC13: 1 | AD13: =VLOOKUP(AC13,Key!$E$20:$F$24,2,FALSE) -> <300,000 | AE13: 7 | AF13: 2 | AG13: 3 | AH13: 4 | AI13: 5 | AJ13: Y
B14: 43697 | C14: 0.58333333 | E14: P | F14: 2 | G14: =VLOOKUP(F14,Key!$A$17:$B$21,2,FALSE) -> Road Vehicle | H14: 1 | I14: =VLOOKUP(H14,Key!$A$2:$B$13,2,FALSE) -> Car | J14: F | K14: 2 | L14: =VLOOKUP(K14,Key!$A$24:$B$29,2,FALSE) -> 30-39 | M14: SOROTI | N14: SOROTI | O14: UGA | P14: 1 | Q14: =VLOOKUP(P14,Key!$E$2:$F$9,2,FALSE) -> Home | R14: TORORO | S14: TORORO | T14: UGA | U14: 4 | V14: =VLOOKUP(U14,Key!$E$2:$F$9,2,FALSE) -> Commercial | W14: =Q14&"-"&V14 -> Home-Commercial | X14: 100000 | Y14: 40 | Z14: 2 | AA14: 6 | AB14: =VLOOKUP(AA14,Key!$C$20:$D$29,2,FALSE) -> Businessman | AC14: 1 | AD14: =VLOOKUP(AC14,Key!$E$20:$F$24,2,FALSE) -> <300,000 | AE14: 5 | AF14: 1 | AG14: 2 | AH14: 5 | AI14: 1 | AJ14: Y | AK14: 5000
B15: 43695 | C15: 0.59166667 | E15: D | F15: 2 | G15: =VLOOKUP(F15,Key!$A$17:$B$21,2,FALSE) -> Road Vehicle | H15: 1 | I15: =VLOOKUP(H15,Key!$A$2:$B$13,2,FALSE) -> Car | J15: M | K15: 2 | L15: =VLOOKUP(K15,Key!$A$24:$B$29,2,FALSE) -> 30-39 | M15: SOROTI | N15: SOROTI | O15: UGA | P15: 2 | Q15: =VLOOKUP(P15,Key!$E$2:$F$9,2,FALSE) -> Work | R15: LIRA | S15: LIRA | T15: UGA | U15: 1 | V15: =VLOOKUP(U15,Key!$E$2:$F$9,2,FALSE) -> Home | W15: =Q15&"-"&V15 -> Work-Home | X15: 50000 | Z15: 1 | AA15: 10 | AB15: =VLOOKUP(AA15,Key!$C$20:$D$29,2,FALSE) -> Other | AC15: 1 | AD15: =VLOOKUP(AC15,Key!$E$20:$F$24,2,FALSE) -> <300,000 | AE15: 2 | AF15: 1 | AG15: 3 | AH15: 5 | AI15: 4 | AJ15: Y | AK15: 1000
B16: 43695 | C16: 0.68402778 | D16: UBB 721D | E16: D | F16: 2 | G16: =VLOOKUP(F16,Key!$A$17:$B$21,2,FALSE) -> Road Vehicle | H16: 1 | I16: =VLOOKUP(H16,Key!$A$2:$B$13,2,FALSE) -> Car | J16: M | K16: 2 | L16: =VLOOKUP(K16,Key!$A$24:$B$29,2,FALSE) -> 30-39 | M16: SOROTI | N16: SOROTI | O16: UGA | P16: 2 | Q16: =VLOOKUP(P16,Key!$E$2:$F$9,2,FALSE) -> Work | R16: ATIRIRI | S16: SOROTI | T16: UGA | U16: 1 | V16: =VLOOKUP(U16,Key!$E$2:$F$9,2,FALSE) -> Home | W16: =Q16&"-"&V16 -> Work-Home | X16: 50000 | Y16: 5 | Z16: 0.7 | AA16: 10 | AB16: =VLOOKUP(AA16,Key!$C$20:$D$29,2,FALSE) -> Other | AC16: 1 | AD16: =VLOOKUP(AC16,Key!$E$20:$F$24,2,FALSE) -> <300,000 | AE16: 2 | AF16: 4 | AG16: 4 | AH16: 4 | AI16: 2 | AJ16: Y | AK16: 1000
B17: 43695 | C17: 0.64791667 | D17: UAT272T | E17: D | F17: 2 | G17: =VLOOKUP(F17,Key!$A$17:$B$21,2,FALSE) -> Road Vehicle | H17: 1 | I17: =VLOOKUP(H17,Key!$A$2:$B$13,2,FALSE) -> Car | J17: M | K17: 2 | L17: =VLOOKUP(K17,Key!$A$24:$B$29,2,FALSE) -> 30-39 | M17: SOROTI | N17: SOROTI | O17: UGA | P17: 2 | Q17: =VLOOKUP(P17,Key!$E$2:$F$9,2,FALSE) -> Work | R17: KAPELEBYONG | S17: KAPRLEBYONG | T17: UGA | U17: 8 | V17: =VLOOKUP(U17,Key!$E$2:$F$9,2,FALSE) -> Others | W17: =Q17&"-"&V17 -> Work-Others | X17: 70000 | Y17: 50 | Z17: 2 | AA17: 10 | AB17: =VLOOKUP(AA17,Key!$C$20:$D$29,2,FALSE) -> Other | AC17: 1 | AD17: =VLOOKUP(AC17,Key!$E$20:$F$24,2,FALSE) -> <300,000 | AE17: 5 | AF17: 2 | AG17: 2 | AH17: 5 | AI17: 2 | AJ17: Y
B18: 43695 | C18: 0.60069444 | D18: UAZ 618T | E18: D | F18: 2 | G18: =VLOOKUP(F18,Key!$A$17:$B$21,2,FALSE) -> Road Vehicle | H18: 1 | I18: =VLOOKUP(H18,Key!$A$2:$B$13,2,FALSE) -> Car | J18: M | K18: 2 | L18: =VLOOKUP(K18,Key!$A$24:$B$29,2,FALSE) -> 30-39 | M18: ABIM | N18: ABIM | O18: UGA | P18: 2 | Q18: =VLOOKUP(P18,Key!$E$2:$F$9,2,FALSE) -> Work | R18: SOROTI | S18: SOROTI | T18: UGA | U18: 2 | V18: =VLOOKUP(U18,Key!$E$2:$F$9,2,FALSE) -> Work | W18: =Q18&"-"&V18 -> Work-Work | X18: 80000 | Y18: 53 | Z18: 2 | AA18: 10 | AB18: =VLOOKUP(AA18,Key!$C$20:$D$29,2,FALSE) -> Other | AC18: 2 | AD18: =VLOOKUP(AC18,Key!$E$20:$F$24,2,FALSE) -> 300,000-500,000 | AE18: 5 | AF18: 2 | AG18: 3 | AH18: 5 | AI18: 3 | AJ18: Y | AK18: 2000
B19: 43696 | C19: 0.74930556 | D19: UAU 680B | E19: D | F19: 2 | G19: =VLOOKUP(F19,Key!$A$17:$B$21,2,FALSE) -> Road Vehicle | H19: 1 | I19: =VLOOKUP(H19,Key!$A$2:$B$13,2,FALSE) -> Car | J19: M | K19: 2 | L19: =VLOOKUP(K19,Key!$A$24:$B$29,2,FALSE) -> 30-39 | M19: SOROTI | N19: SOROTI | O19: UGA | P19: 2 | Q19: =VLOOKUP(P19,Key!$E$2:$F$9,2,FALSE) -> Work | R19: OCAPA | S19: SERERE | T19: UGA | U19: 2 | V19: =VLOOKUP(U19,Key!$E$2:$F$9,2,FALSE) -> Work | W19: =Q19&"-"&V19 -> Work-Work | X19: 60000 | Y19: 20 | Z19: 0.8 | AA19: 10 | AB19: =VLOOKUP(AA19,Key!$C$20:$D$29,2,FALSE) -> Other | AC19: 1 | AD19: =VLOOKUP(AC19,Key!$E$20:$F$24,2,FALSE) -> <300,000 | AE19: 5 | AF19: 2 | AG19: 3 | AH19: 5 | AI19: 2 | AJ19: Y | AK19: 1000
B20: 43697 | C20: 0.59930556 | E20: D | F20: 2 | G20: =VLOOKUP(F20,Key!$A$17:$B$21,2,FALSE) -> Road Vehicle | H20: 1 | I20: =VLOOKUP(H20,Key!$A$2:$B$13,2,FALSE) -> Car | J20: M | K20: 2 | L20: =VLOOKUP(K20,Key!$A$24:$B$29,2,FALSE) -> 30-39 | M20: SOROTI | N20: SOROTI | O20: UGA | P20: 2 | Q20: =VLOOKUP(P20,Key!$E$2:$F$9,2,FALSE) -> Work | R20: KUMI | S20: KUMI | T20: UGA | U20: 1 | V20: =VLOOKUP(U20,Key!$E$2:$F$9,2,FALSE) -> Home | W20: =Q20&"-"&V20 -> Work-Home | X20: 20000 | Y20: 30 | Z20: 0.8 | AA20: 6 | AB20: =VLOOKUP(AA20,Key!$C$20:$D$29,2,FALSE) -> Businessman | AC20: 2 | AD20: =VLOOKUP(AC20,Key!$E$20:$F$24,2,FALSE) -> 300,000-500,000 | AE20: 1 | AF20: 1 | AG20: 5 | AH20: 5 | AI20: 5 | AJ20: Y | AK20: 1000
B21: 43697 | C21: 0.59513889 | E21: D | F21: 2 | G21: =VLOOKUP(F21,Key!$A$17:$B$21,2,FALSE) -> Road Vehicle | H21: 1 | I21: =VLOOKUP(H21,Key!$A$2:$B$13,2,FALSE) -> Car | J21: M | K21: 2 | L21: =VLOOKUP(K21,Key!$A$24:$B$29,2,FALSE) -> 30-39 | M21: SOROTI | N21: SOROTI | O21: UGA | P21: 2 | Q21: =VLOOKUP(P21,Key!$E$2:$F$9,2,FALSE) -> Work | R21: MAGRORO | S21: MAGRORO | T21: UGA | U21: 1 | V21: =VLOOKUP(U21,Key!$E$2:$F$9,2,FALSE) -> Home | W21: =Q21&"-"&V21 -> Work-Home | X21: 30000 | Y21: 32 | Z21: 2 | AA21: 6 | AB21: =VLOOKUP(AA21,Key!$C$20:$D$29,2,FALSE) -> Businessman | AC21: 2 | AD21: =VLOOKUP(AC21,Key!$E$20:$F$24,2,FALSE) -> 300,000-500,000 | AE21: 5 | AF21: 1 | AG21: 5 | AH21: 5 | AI21: 1 | AJ21: Y | AK21: 2000
B22: 43697 | C22: 0.62986111 | E22: D | F22: 2 | G22: =VLOOKUP(F22,Key!$A$17:$B$21,2,FALSE) -> Road Vehicle | H22: 1 | I22: =VLOOKUP(H22,Key!$A$2:$B$13,2,FALSE) -> Car | J22: M | K22: 2 | L22: =VLOOKUP(K22,Key!$A$24:$B$29,2,FALSE) -> 30-39 | M22: SOROTI | N22: SOROTI | O22: UGA | P22: 1 | Q22: =VLOOKUP(P22,Key!$E$2:$F$9,2,FALSE) -> Home | R22: ORUMGO | S22: AMURIA | T22: UGA | U22: 4 | V22: =VLOOKUP(U22,Key!$E$2:$F$9,2,FALSE) -> Commercial | W22: =Q22&"-"&V22 -> Home-Commercial | X22: 20000 | Y22: 32 | Z22: 2 | AA22: 10 | AB22: =VLOOKUP(AA22,Key!$C$20:$D$29,2,FALSE) -> Other | AC22: 2 | AD22: =VLOOKUP(AC22,Key!$E$20:$F$24,2,FALSE) -> 300,000-500,000 | AE22: 5 | AF22: 1 | AG22: 5 | AH22: 3 | AI22: 5 | AJ22: Y
B23: 43696 | C23: 0.43055556 | E23: P | F23: 2 | G23: =VLOOKUP(F23,Key!$A$17:$B$21,2,FALSE) -> Road Vehicle | H23: 1 | I23: =VLOOKUP(H23,Key!$A$2:$B$13,2,FALSE) -> Car | J23: M | K23: 3 | L23: =VLOOKUP(K23,Key!$A$24:$B$29,2,FALSE) -> 40-49 | M23: SOROTI | N23: SOROTI | O23: UGA | P23: 2 | Q23: =VLOOKUP(P23,Key!$E$2:$F$9,2,FALSE) -> Work | R23: MOROTO | S23: MOROTO | T23: UGA | U23: 2 | V23: =VLOOKUP(U23,Key!$E$2:$F$9,2,FALSE) -> Work | W23: =Q23&"-"&V23 -> Work-Work | X23: 20000 | Z23: 2 | AA23: 6 | AB23: =VLOOKUP(AA23,Key!$C$20:$D$29,2,FALSE) -> Businessman | AC23: 2 | AD23: =VLOOKUP(AC23,Key!$E$20:$F$24,2,FALSE) -> 300,000-500,000 | AE23: 2 | AF23: 1 | AG23: 4 | AH23: 3 | AI23: 5 | AJ23: Y
B24: 43695 | C24: 0.67291667 | D24: UAW 979W | E24: D | F24: 2 | G24: =VLOOKUP(F24,Key!$A$17:$B$21,2,FALSE) -> Road Vehicle | H24: 1 | I24: =VLOOKUP(H24,Key!$A$2:$B$13,2,FALSE) -> Car | J24: M | K24: 3 | L24: =VLOOKUP(K24,Key!$A$24:$B$29,2,FALSE) -> 40-49 | M24: KAPELEBYONG | N24: KAPELEBYONG | O24: UGA | P24: 1 | Q24: =VLOOKUP(P24,Key!$E$2:$F$9,2,FALSE) -> Home | R24: SOROTI | S24: SOROTI | T24: UGA | U24: 6 | V24: =VLOOKUP(U24,Key!$E$2:$F$9,2,FALSE) -> Leisure/Social | W24: =Q24&"-"&V24 -> Home-Leisure/Social | X24: 60000 | Y24: 40 | Z24: 2 | AA24: 10 | AB24: =VLOOKUP(AA24,Key!$C$20:$D$29,2,FALSE) -> Other | AC24: 1 | AD24: =VLOOKUP(AC24,Key!$E$20:$F$24,2,FALSE) -> <300,000 | AE24: 2 | AF24: 2 | AG24: 4 | AH24: 4 | AI24: 2 | AJ24: Y | AK24: 1000
B25: 43695 | C25: 0.61458333 | D25: UAU 095V | E25: D | F25: 2 | G25: =VLOOKUP(F25,Key!$A$17:$B$21,2,FALSE) -> Road Vehicle | H25: 1 | I25: =VLOOKUP(H25,Key!$A$2:$B$13,2,FALSE) -> Car | J25: M | K25: 3 | L25: =VLOOKUP(K25,Key!$A$24:$B$29,2,FALSE) -> 40-49 | M25: AMURIA | N25: AMURIA | O25: UGA | P25: 2 | Q25: =VLOOKUP(P25,Key!$E$2:$F$9,2,FALSE) -> Work | R25: SOROTI | S25: SOROTI | T25: UGA | U25: 2 | V25: =VLOOKUP(U25,Key!$E$2:$F$9,2,FALSE) -> Work | W25: =Q25&"-"&V25 -> Work-Work | X25: 70000 | Y25: 35 | Z25: 1 | AA25: 10 | AB25: =VLOOKUP(AA25,Key!$C$20:$D$29,2,FALSE) -> Other | AC25: 1 | AD25: =VLOOKUP(AC25,Key!$E$20:$F$24,2,FALSE) -> <300,000 | AE25: 2 | AF25: 2 | AG25: 3 | AH25: 3 | AI25: 2 | AJ25: Y | AK25: 1000
B26: 43696 | C26: 0.73611111 | D26: UBA 376V | E26: D | F26: 2 | G26: =VLOOKUP(F26,Key!$A$17:$B$21,2,FALSE) -> Road Vehicle | H26: 1 | I26: =VLOOKUP(H26,Key!$A$2:$B$13,2,FALSE) -> Car | J26: M | K26: 3 | L26: =VLOOKUP(K26,Key!$A$24:$B$29,2,FALSE) -> 40-49 | M26: OLILIM | N26: KATAKWI | O26: UGA | P26: 2 | Q26: =VLOOKUP(P26,Key!$E$2:$F$9,2,FALSE) -> Work | R26: SOROTI | S26: SOROTI | T26: UGA | U26: 1 | V26: =VLOOKUP(U26,Key!$E$2:$F$9,2,FALSE) -> Home | W26: =Q26&"-"&V26 -> Work-Home | X26: 60000 | Y26: 85 | Z26: 2 | AA26: 10 | AB26: =VLOOKUP(AA26,Key!$C$20:$D$29,2,FALSE) -> Other | AC26: 1 | AD26: =VLOOKUP(AC26,Key!$E$20:$F$24,2,FALSE) -> <300,000 | AE26: 5 | AF26: 5 | AG26: 5 | AH26: 5 | AI26: 5 | AJ26: Y
B27: 43696 | C27: 0.76041667 | D27: UAX 363N | E27: D | F27: 2 | G27: =VLOOKUP(F27,Key!$A$17:$B$21,2,FALSE) -> Road Vehicle | H27: 1 | I27: =VLOOKUP(H27,Key!$A$2:$B$13,2,FALSE) -> Car | J27: M | K27: 3 | L27: =VLOOKUP(K27,Key!$A$24:$B$29,2,FALSE) -> 40-49 | M27: SERERE | N27: SERERE | O27: UGA | P27: 2 | Q27: =VLOOKUP(P27,Key!$E$2:$F$9,2,FALSE) -> Work | R27: SOROTI | S27: SOROTI | T27: UGA | U27: 1 | V27: =VLOOKUP(U27,Key!$E$2:$F$9,2,FALSE) -> Home | W27: =Q27&"-"&V27 -> Work-Home | X27: 80000 | Y27: 45 | Z27: 2 | AA27: 10 | AB27: =VLOOKUP(AA27,Key!$C$20:$D$29,2,FALSE) -> Other | AC27: 1 | AD27: =VLOOKUP(AC27,Key!$E$20:$F$24,2,FALSE) -> <300,000 | AE27: 5 | AF27: 2 | AG27: 3 | AH27: 5 | AI27: 2 | AJ27: Y
B28: 43696 | C28: 0.74097222 | E28: D | F28: 2 | G28: =VLOOKUP(F28,Key!$A$17:$B$21,2,FALSE) -> Road Vehicle | H28: 1 | I28: =VLOOKUP(H28,Key!$A$2:$B$13,2,FALSE) -> Car | J28: M | K28: 3 | L28: =VLOOKUP(K28,Key!$A$24:$B$29,2,FALSE) -> 40-49 | M28: SOROTI | N28: SOROTI | O28: UGA | P28: 2 | Q28: =VLOOKUP(P28,Key!$E$2:$F$9,2,FALSE) -> Work | R28: SOROTI | S28: SOROTI | T28: UGA | U28: 2 | V28: =VLOOKUP(U28,Key!$E$2:$F$9,2,FALSE) -> Work | W28: =Q28&"-"&V28 -> Work-Work | X28: 70000 | Y28: 30 | Z28: 0.7 | AA28: 10 | AB28: =VLOOKUP(AA28,Key!$C$20:$D$29,2,FALSE) -> Other | AC28: 1 | AD28: =VLOOKUP(AC28,Key!$E$20:$F$24,2,FALSE) -> <300,000 | AE28: 5 | AF28: 5 | AG28: 5 | AH28: 5 | AI28: 5 | AJ28: Y
B29: 43696 | C29: 0.72430556 | D29: UAV 814S | E29: D | F29: 2 | G29: =VLOOKUP(F29,Key!$A$17:$B$21,2,FALSE) -> Road Vehicle | H29: 1 | I29: =VLOOKUP(H29,Key!$A$2:$B$13,2,FALSE) -> Car | J29: M | K29: 3 | L29: =VLOOKUP(K29,Key!$A$24:$B$29,2,FALSE) -> 40-49 | M29: SOROTI | N29: SOROTI | O29: UGA | P29: 2 | Q29: =VLOOKUP(P29,Key!$E$2:$F$9,2,FALSE) -> Work | R29: OLILIM | S29: KATAKWI | T29: UGA | U29: 2 | V29: =VLOOKUP(U29,Key!$E$2:$F$9,2,FALSE) -> Work | W29: =Q29&"-"&V29 -> Work-Work | X29: 70000 | Y29: 85 | Z29: 2 | AA29: 10 | AB29: =VLOOKUP(AA29,Key!$C$20:$D$29,2,FALSE) -> Other | AC29: 2 | AD29: =VLOOKUP(AC29,Key!$E$20:$F$24,2,FALSE) -> 300,000-500,000 | AE29: 5 | AF29: 5 | AG29: 5 | AH29: 5 | AI29: 5 | AJ29: Y
B30: 43696 | C30: 0.69305556 | D30: UBE 301G | E30: D | F30: 2 | G30: =VLOOKUP(F30,Key!$A$17:$B$21,2,FALSE) -> Road Vehicle | H30: 9 | I30: =VLOOKUP(H30,Key!$A$2:$B$13,2,FALSE) -> Heavy truck | J30: M | K30: 2 | L30: =VLOOKUP(K30,Key!$A$24:$B$29,2,FALSE) -> 30-39 | M30: SOROTI | N30: SOROTI | O30: UGA | P30: 2 | Q30: =VLOOKUP(P30,Key!$E$2:$F$9,2,FALSE) -> Work | R30: ABIM | S30: ABIM | T30: UGA | U30: 2 | V30: =VLOOKUP(U30,Key!$E$2:$F$9,2,FALSE) -> Work | W30: =Q30&"-"&V30 -> Work-Work | X30: 70000 | Y30: 50 | Z30: 1.5 | AA30: 10 | AB30: =VLOOKUP(AA30,Key!$C$20:$D$29,2,FALSE) -> Other | AC30: 2 | AD30: =VLOOKUP(AC30,Key!$E$20:$F$24,2,FALSE) -> 300,000-500,000 | AE30: 5 | AF30: 5 | AG30: 5 | AH30: 5 | AI30: 5 | AJ30: Y | AK30: 1000
B31: 43695 | C31: 0.48263889 | D31: UBA 700G | E31: D | F31: 2 | G31: =VLOOKUP(F31,Key!$A$17:$B$21,2,FALSE) -> Road Vehicle | H31: 9 | I31: =VLOOKUP(H31,Key!$A$2:$B$13,2,FALSE) -> Heavy truck | J31: M | K31: 3 | L31: =VLOOKUP(K31,Key!$A$24:$B$29,2,FALSE) -> 40-49 | M31: SOROTI | N31: SOROTI | O31: UGA | P31: 2 | Q31: =VLOOKUP(P31,Key!$E$2:$F$9,2,FALSE) -> Work | R31: KAMPALA | S31: KAMPALA | T31: UGA | U31: 2 | V31: =VLOOKUP(U31,Key!$E$2:$F$9,2,FALSE) -> Work | W31: =Q31&"-"&V31 -> Work-Work | X31: 100000 | Y31: 380 | Z31: 6.5 | AA31: 10 | AB31: =VLOOKUP(AA31,Key!$C$20:$D$29,2,FALSE) -> Other | AC31: 2 | AD31: =VLOOKUP(AC31,Key!$E$20:$F$24,2,FALSE) -> 300,000-500,000 | AE31: 5 | AF31: 5 | AG31: 5 | AH31: 5 | AI31: 5 | AJ31: Y | AK31: 1000
B32: 43695 | C32: 0.39513889 | E32: P | F32: 2 | G32: =VLOOKUP(F32,Key!$A$17:$B$21,2,FALSE) -> Road Vehicle | H32: 6 | I32: =VLOOKUP(H32,Key!$A$2:$B$13,2,FALSE) -> Large Bus | J32: F | K32: 1 | L32: =VLOOKUP(K32,Key!$A$24:$B$29,2,FALSE) -> 20-29 | M32: SOROTI | N32: SOROTI | O32: UGA | P32: 1 | Q32: =VLOOKUP(P32,Key!$E$2:$F$9,2,FALSE) -> Home | R32: BUSIA | S32: BUSIA | T32: UGA | U32: 2 | V32: =VLOOKUP(U32,Key!$E$2:$F$9,2,FALSE) -> Work | W32: =Q32&"-"&V32 -> Home-Work | X32: 17000 | Y32: 140 | Z32: 4 | AA32: 6 | AB32: =VLOOKUP(AA32,Key!$C$20:$D$29,2,FALSE) -> Businessman | AC32: 1 | AD32: =VLOOKUP(AC32,Key!$E$20:$F$24,2,FALSE) -> <300,000 | AE32: 5 | AF32: 1 | AG32: 2 | AH32: 5 | AI32: 2 | AJ32: Y
B33: 43696 | C33: 0.4375 | E33: P | F33: 2 | G33: =VLOOKUP(F33,Key!$A$17:$B$21,2,FALSE) -> Road Vehicle | H33: 6 | I33: =VLOOKUP(H33,Key!$A$2:$B$13,2,FALSE) -> Large Bus | J33: F | K33: 1 | L33: =VLOOKUP(K33,Key!$A$24:$B$29,2,FALSE) -> 20-29 | M33: SOROTI | N33: SOROTI | O33: UGA | P33: 1 | Q33: =VLOOKUP(P33,Key!$E$2:$F$9,2,FALSE) -> Home | R33: KABONG | S33: KABONG | T33: UGA | U33: 8 | V33: =VLOOKUP(U33,Key!$E$2:$F$9,2,FALSE) -> Others | W33: =Q33&"-"&V33 -> Home-Others | X33: 30000 | Y33: 230 | Z33: 8.2 | AA33: 6 | AB33: =VLOOKUP(AA33,Key!$C$20:$D$29,2,FALSE) -> Businessman | AC33: 1 | AD33: =VLOOKUP(AC33,Key!$E$20:$F$24,2,FALSE) -> <300,000 | AE33: 5 | AF33: 4 | AG33: 3 | AH33: 5 | AI33: 2 | AJ33: Y
B34: 43696 | C34: 0.38541667 | E34: P | F34: 2 | G34: =VLOOKUP(F34,Key!$A$17:$B$21,2,FALSE) -> Road Vehicle | H34: 6 | I34: =VLOOKUP(H34,Key!$A$2:$B$13,2,FALSE) -> Large Bus | J34: F | K34: 1 | L34: =VLOOKUP(K34,Key!$A$24:$B$29,2,FALSE) -> 20-29 | M34: BUSIA | N34: BUSIA | O34: UGA | P34: 1 | Q34: =VLOOKUP(P34,Key!$E$2:$F$9,2,FALSE) -> Home | R34: GULU | S34: GULU | T34: UGA | U34: 2 | V34: =VLOOKUP(U34,Key!$E$2:$F$9,2,FALSE) -> Work | W34: =Q34&"-"&V34 -> Home-Work | X34: 30000 | Y34: 300 | Z34: 4 | AA34: 6 | AB34: =VLOOKUP(AA34,Key!$C$20:$D$29,2,FALSE) -> Businessman | AC34: 1 | AD34: =VLOOKUP(AC34,Key!$E$20:$F$24,2,FALSE) -> <300,000 | AE34: 5 | AF34: 2 | AG34: 4 | AH34: 5 | AI34: 3 | AJ34: Y
B35: 43696 | C35: 0.38055556 | E35: P | F35: 2 | G35: =VLOOKUP(F35,Key!$A$17:$B$21,2,FALSE) -> Road Vehicle | H35: 6 | I35: =VLOOKUP(H35,Key!$A$2:$B$13,2,FALSE) -> Large Bus | J35: F | K35: 1 | L35: =VLOOKUP(K35,Key!$A$24:$B$29,2,FALSE) -> 20-29 | M35: SOROTI | N35: SOROTI | O35: UGA | P35: 1 | Q35: =VLOOKUP(P35,Key!$E$2:$F$9,2,FALSE) -> Home | R35: LIRA | S35: LIRA | T35: UGA | U35: 2 | V35: =VLOOKUP(U35,Key!$E$2:$F$9,2,FALSE) -> Work | W35: =Q35&"-"&V35 -> Home-Work | X35: 12000 | Y35: 130 | Z35: 3.5 | AA35: 6 | AB35: =VLOOKUP(AA35,Key!$C$20:$D$29,2,FALSE) -> Businessman | AC35: 1 | AD35: =VLOOKUP(AC35,Key!$E$20:$F$24,2,FALSE) -> <300,000 | AE35: 2 | AF35: 4 | AG35: 3 | AH35: 3 | AI35: 2 | AJ35: Y
B36: 43696 | C36: 0.33888889 | E36: P | F36: 2 | G36: =VLOOKUP(F36,Key!$A$17:$B$21,2,FALSE) -> Road Vehicle | H36: 6 | I36: =VLOOKUP(H36,Key!$A$2:$B$13,2,FALSE) -> Large Bus | J36: F | K36: 1 | L36: =VLOOKUP(K36,Key!$A$24:$B$29,2,FALSE) -> 20-29 | M36: SOROTI | N36: SOROTI | O36: UGA | P36: 1 | Q36: =VLOOKUP(P36,Key!$E$2:$F$9,2,FALSE) -> Home | R36: NAMUTUMBA | S36: IGANGA | T36: UGA | U36: 2 | V36: =VLOOKUP(U36,Key!$E$2:$F$9,2,FALSE) -> Work | W36: =Q36&"-"&V36 -> Home-Work | X36: 18000 | Y36: 200 | Z36: 5 | AA36: 6 | AB36: =VLOOKUP(AA36,Key!$C$20:$D$29,2,FALSE) -> Businessman | AC36: 1 | AD36: =VLOOKUP(AC36,Key!$E$20:$F$24,2,FALSE) -> <300,000 | AE36: 2 | AF36: 4 | AG36: 3 | AH36: 5 | AI36: 2 | AJ36: Y
B37: 43695 | C37: 0.45833333 | E37: P | F37: 2 | G37: =VLOOKUP(F37,Key!$A$17:$B$21,2,FALSE) -> Road Vehicle | H37: 6 | I37: =VLOOKUP(H37,Key!$A$2:$B$13,2,FALSE) -> Large Bus | J37: M | K37: 1 | L37: =VLOOKUP(K37,Key!$A$24:$B$29,2,FALSE) -> 20-29 | M37: SOROTI | N37: SOROTI | O37: UGA | P37: 2 | Q37: =VLOOKUP(P37,Key!$E$2:$F$9,2,FALSE) -> Work | R37: KOTIDO | S37: KOTIDO | T37: UGA | U37: 4 | V37: =VLOOKUP(U37,Key!$E$2:$F$9,2,FALSE) -> Commercial | W37: =Q37&"-"&V37 -> Work-Commercial | X37: 25000 | Z37: 2.5 | AA37: 6 | AB37: =VLOOKUP(AA37,Key!$C$20:$D$29,2,FALSE) -> Businessman | AC37: 3 | AD37: =VLOOKUP(AC37,Key!$E$20:$F$24,2,FALSE) -> 500,000-750,000 | AJ37: Y | AK37: 1000
B38: 43695 | C38: 0.3875 | E38: P | F38: 2 | G38: =VLOOKUP(F38,Key!$A$17:$B$21,2,FALSE) -> Road Vehicle | H38: 6 | I38: =VLOOKUP(H38,Key!$A$2:$B$13,2,FALSE) -> Large Bus | J38: M | K38: 1 | L38: =VLOOKUP(K38,Key!$A$24:$B$29,2,FALSE) -> 20-29 | M38: KITGUM | N38: KITGUM | O38: UGA | P38: 1 | Q38: =VLOOKUP(P38,Key!$E$2:$F$9,2,FALSE) -> Home | R38: GULU | S38: GULU | T38: UGA | U38: 2 | V38: =VLOOKUP(U38,Key!$E$2:$F$9,2,FALSE) -> Work | W38: =Q38&"-"&V38 -> Home-Work | AA38: 6 | AB38: =VLOOKUP(AA38,Key!$C$20:$D$29,2,FALSE) -> Businessman | AC38: 1 | AD38: =VLOOKUP(AC38,Key!$E$20:$F$24,2,FALSE) -> <300,000 | AE38: 5 | AF38: 5 | AG38: 5 | AH38: 5 | AI38: 5 | AJ38: Y
B39: 43695 | C39: 0.37152778 | E39: P | F39: 2 | G39: =VLOOKUP(F39,Key!$A$17:$B$21,2,FALSE) -> Road Vehicle | H39: 6 | I39: =VLOOKUP(H39,Key!$A$2:$B$13,2,FALSE) -> Large Bus | J39: M | K39: 1 | L39: =VLOOKUP(K39,Key!$A$24:$B$29,2,FALSE) -> 20-29 | M39: KAMPALA | N39: KAMPALA | O39: UGA | P39: 1 | Q39: =VLOOKUP(P39,Key!$E$2:$F$9,2,FALSE) -> Home | R39: KABONG | S39: KABONG | T39: UGA | U39: 2 | V39: =VLOOKUP(U39,Key!$E$2:$F$9,2,FALSE) -> Work | W39: =Q39&"-"&V39 -> Home-Work | X39: 60000 | Y39: 600 | Z39: 12 | AA39: 6 | AB39: =VLOOKUP(AA39,Key!$C$20:$D$29,2,FALSE) -> Businessman | AC39: 1 | AD39: =VLOOKUP(AC39,Key!$E$20:$F$24,2,FALSE) -> <300,000 | AE39: 5 | AF39: 5 | AG39: 5 | AH39: 5 | AI39: 5 | AJ39: Y
B40: 43696 | C40: 0.36805556 | E40: P | F40: 2 | G40: =VLOOKUP(F40,Key!$A$17:$B$21,2,FALSE) -> Road Vehicle | H40: 6 | I40: =VLOOKUP(H40,Key!$A$2:$B$13,2,FALSE) -> Large Bus | J40: M | K40: 1 | L40: =VLOOKUP(K40,Key!$A$24:$B$29,2,FALSE) -> 20-29 | M40: SOROTI | N40: SOROTI | O40: UGA | P40: 1 | Q40: =VLOOKUP(P40,Key!$E$2:$F$9,2,FALSE) -> Home | R40: KAMPALA | S40: KAMPALA | T40: UGA | U40: 2 | V40: =VLOOKUP(U40,Key!$E$2:$F$9,2,FALSE) -> Work | W40: =Q40&"-"&V40 -> Home-Work | X40: 30000 | Y40: 385 | Z40: 6.5 | AA40: 10 | AB40: =VLOOKUP(AA40,Key!$C$20:$D$29,2,FALSE) -> Other | AC40: 2 | AD40: =VLOOKUP(AC40,Key!$E$20:$F$24,2,FALSE) -> 300,000-500,000 | AE40: 5 | AF40: 2 | AG40: 2 | AH40: 4 | AI40: 2 | AJ40: Y
B41: 43695 | C41: 0.38194444 | E41: P | F41: 2 | G41: =VLOOKUP(F41,Key!$A$17:$B$21,2,FALSE) -> Road Vehicle | H41: 6 | I41: =VLOOKUP(H41,Key!$A$2:$B$13,2,FALSE) -> Large Bus | J41: F | K41: 2 | L41: =VLOOKUP(K41,Key!$A$24:$B$29,2,FALSE) -> 30-39 | M41: SOROTI | N41: SOROTI | O41: UGA | P41: 1 | Q41: =VLOOKUP(P41,Key!$E$2:$F$9,2,FALSE) -> Home | R41: KABONG | S41: KABONG | T41: UGA | U41: 2 | V41: =VLOOKUP(U41,Key!$E$2:$F$9,2,FALSE) -> Work | W41: =Q41&"-"&V41 -> Home-Work | X41: 30000 | Y41: 205 | Z41: 8 | AA41: 6 | AB41: =VLOOKUP(AA41,Key!$C$20:$D$29,2,FALSE) -> Businessman | AC41: 1 | AD41: =VLOOKUP(AC41,Key!$E$20:$F$24,2,FALSE) -> <300,000 | AE41: 2 | AF41: 2 | AG41: 2 | AH41: 3 | AI41: 2 | AJ41: Y
B42: 43695 | C42: 0.36111111 | E42: P | F42: 2 | G42: =VLOOKUP(F42,Key!$A$17:$B$21,2,FALSE) -> Road Vehicle | H42: 6 | I42: =VLOOKUP(H42,Key!$A$2:$B$13,2,FALSE) -> Large Bus | J42: F | K42: 2 | L42: =VLOOKUP(K42,Key!$A$24:$B$29,2,FALSE) -> 30-39 | M42: KAMPALA | N42: KAMPALA | O42: UGA | P42: 1 | Q42: =VLOOKUP(P42,Key!$E$2:$F$9,2,FALSE) -> Home | R42: MOROTO | S42: MOROTO | T42: UGA | U42: 6 | V42: =VLOOKUP(U42,Key!$E$2:$F$9,2,FALSE) -> Leisure/Social | W42: =Q42&"-"&V42 -> Home-Leisure/Social | X42: 45000 | Y42: 400 | Z42: 7 | AA42: 6 | AB42: =VLOOKUP(AA42,Key!$C$20:$D$29,2,FALSE) -> Businessman | AC42: 1 | AD42: =VLOOKUP(AC42,Key!$E$20:$F$24,2,FALSE) -> <300,000 | AE42: 5 | AF42: 1 | AG42: 2 | AH42: 5 | AI42: 2 | AJ42: Y
B43: 43695 | C43: 0.41666667 | E43: P | F43: 2 | G43: =VLOOKUP(F43,Key!$A$17:$B$21,2,FALSE) -> Road Vehicle | H43: 6 | I43: =VLOOKUP(H43,Key!$A$2:$B$13,2,FALSE) -> Large Bus | J43: F | K43: 2 | L43: =VLOOKUP(K43,Key!$A$24:$B$29,2,FALSE) -> 30-39 | M43: BUSIA | N43: BUSIA | O43: UGA | P43: 1 | Q43: =VLOOKUP(P43,Key!$E$2:$F$9,2,FALSE) -> Home | R43: GULU | S43: GULU | T43: UGA | U43: 2 | V43: =VLOOKUP(U43,Key!$E$2:$F$9,2,FALSE) -> Work | W43: =Q43&"-"&V43 -> Home-Work | X43: 30000 | Y43: 300 | Z43: 4.5 | AA43: 6 | AB43: =VLOOKUP(AA43,Key!$C$20:$D$29,2,FALSE) -> Businessman | AC43: 1 | AD43: =VLOOKUP(AC43,Key!$E$20:$F$24,2,FALSE) -> <300,000 | AE43: 1 | AF43: 2 | AG43: 2 | AH43: 3 | AI43: 2 | AJ43: Y
B44: 43695 | C44: 0.30555556 | D44: UAS 159P | E44: P | F44: 2 | G44: =VLOOKUP(F44,Key!$A$17:$B$21,2,FALSE) -> Road Vehicle | H44: 6 | I44: =VLOOKUP(H44,Key!$A$2:$B$13,2,FALSE) -> Large Bus | J44: F | K44: 2 | L44: =VLOOKUP(K44,Key!$A$24:$B$29,2,FALSE) -> 30-39 | M44: KAMPALA | N44: KAMPALA | O44: UGA | P44: 1 | Q44: =VLOOKUP(P44,Key!$E$2:$F$9,2,FALSE) -> Home | R44: KOTIDO | S44: KOTIDO | T44: UGA | U44: 2 | V44: =VLOOKUP(U44,Key!$E$2:$F$9,2,FALSE) -> Work | W44: =Q44&"-"&V44 -> Home-Work | X44: 60000 | Y44: 550 | Z44: 12 | AA44: 6 | AB44: =VLOOKUP(AA44,Key!$C$20:$D$29,2,FALSE) -> Businessman | AC44: 1 | AD44: =VLOOKUP(AC44,Key!$E$20:$F$24,2,FALSE) -> <300,000 | AE44: 2 | AF44: 1 | AG44: 1 | AH44: 3 | AI44: 2 | AJ44: Y
B45: 43696 | C45: 0.43055556 | E45: P | F45: 2 | G45: =VLOOKUP(F45,Key!$A$17:$B$21,2,FALSE) -> Road Vehicle | H45: 6 | I45: =VLOOKUP(H45,Key!$A$2:$B$13,2,FALSE) -> Large Bus | J45: F | K45: 2 | L45: =VLOOKUP(K45,Key!$A$24:$B$29,2,FALSE) -> 30-39 | M45: SOROTI | N45: SOROTI | O45: UGA | P45: 1 | Q45: =VLOOKUP(P45,Key!$E$2:$F$9,2,FALSE) -> Home | R45: IGANGA | S45: IGANGA | T45: UGA | U45: 2 | V45: =VLOOKUP(U45,Key!$E$2:$F$9,2,FALSE) -> Work | W45: =Q45&"-"&V45 -> Home-Work | X45: 17000 | Y45: 200 | Z45: 4 | AA45: 6 | AB45: =VLOOKUP(AA45,Key!$C$20:$D$29,2,FALSE) -> Businessman | AC45: 1 | AD45: =VLOOKUP(AC45,Key!$E$20:$F$24,2,FALSE) -> <300,000 | AE45: 3 | AF45: 4 | AG45: 2 | AH45: 3 | AI45: 2 | AJ45: Y
B46: 43696 | C46: 0.41666667 | E46: P | F46: 2 | G46: =VLOOKUP(F46,Key!$A$17:$B$21,2,FALSE) -> Road Vehicle | H46: 6 | I46: =VLOOKUP(H46,Key!$A$2:$B$13,2,FALSE) -> Large Bus | J46: F | K46: 2 | L46: =VLOOKUP(K46,Key!$A$24:$B$29,2,FALSE) -> 30-39 | M46: BUSIA | N46: BUSIA | O46: UGA | P46: 1 | Q46: =VLOOKUP(P46,Key!$E$2:$F$9,2,FALSE) -> Home | R46: SOROTI | S46: SOROTI | T46: UGA | U46: 2 | V46: =VLOOKUP(U46,Key!$E$2:$F$9,2,FALSE) -> Work | W46: =Q46&"-"&V46 -> Home-Work | X46: 17000 | Y46: 145 | Z46: 4 | AA46: 6 | AB46: =VLOOKUP(AA46,Key!$C$20:$D$29,2,FALSE) -> Businessman | AC46: 1 | AD46: =VLOOKUP(AC46,Key!$E$20:$F$24,2,FALSE) -> <300,000 | AE46: 3 | AF46: 3 | AG46: 2 | AH46: 3 | AI46: 2 | AJ46: Y
B47: 43696 | C47: 0.5 | D47: UAS 159P | E47: P | F47: 2 | G47: =VLOOKUP(F47,Key!$A$17:$B$21,2,FALSE) -> Road Vehicle | H47: 6 | I47: =VLOOKUP(H47,Key!$A$2:$B$13,2,FALSE) -> Large Bus | J47: F | K47: 2 | L47: =VLOOKUP(K47,Key!$A$24:$B$29,2,FALSE) -> 30-39 | M47: SOROTI | N47: SOROTI | O47: UGA | P47: 1 | Q47: =VLOOKUP(P47,Key!$E$2:$F$9,2,FALSE) -> Home | R47: JINJA | S47: JINJA | T47: UGA | U47: 2 | V47: =VLOOKUP(U47,Key!$E$2:$F$9,2,FALSE) -> Work | W47: =Q47&"-"&V47 -> Home-Work | X47: 20000 | Y47: 300 | Z47: 4 | AA47: 6 | AB47: =VLOOKUP(AA47,Key!$C$20:$D$29,2,FALSE) -> Businessman | AC47: 1 | AD47: =VLOOKUP(AC47,Key!$E$20:$F$24,2,FALSE) -> <300,000 | AE47: 2 | AF47: 3 | AG47: 2 | AH47: 3 | AI47: 1 | AJ47: Y
B48: 43697 | C48: 0.47916667 | E48: P | F48: 2 | G48: =VLOOKUP(F48,Key!$A$17:$B$21,2,FALSE) -> Road Vehicle | H48: 6 | I48: =VLOOKUP(H48,Key!$A$2:$B$13,2,FALSE) -> Large Bus | J48: F | K48: 2 | L48: =VLOOKUP(K48,Key!$A$24:$B$29,2,FALSE) -> 30-39 | M48: SOROTI | N48: SOROTI | O48: UGA | P48: 1 | Q48: =VLOOKUP(P48,Key!$E$2:$F$9,2,FALSE) -> Home | R48: KAMPALA | S48: KAMPALA | T48: UGA | U48: 2 | V48: =VLOOKUP(U48,Key!$E$2:$F$9,2,FALSE) -> Work | W48: =Q48&"-"&V48 -> Home-Work | X48: 25000 | Y48: 360 | Z48: 6 | AA48: 6 | AB48: =VLOOKUP(AA48,Key!$C$20:$D$29,2,FALSE) -> Businessman | AC48: 1 | AD48: =VLOOKUP(AC48,Key!$E$20:$F$24,2,FALSE) -> <300,000 | AE48: 5 | AF48: 1 | AG48: 2 | AH48: 2 | AI48: 1 | AJ48: Y
B49: 43695 | C49: 0.29722222 | D49: UAV 724C | E49: D | F49: 2 | G49: =VLOOKUP(F49,Key!$A$17:$B$21,2,FALSE) -> Road Vehicle | H49: 6 | I49: =VLOOKUP(H49,Key!$A$2:$B$13,2,FALSE) -> Large Bus | J49: M | K49: 2 | L49: =VLOOKUP(K49,Key!$A$24:$B$29,2,FALSE) -> 30-39 | M49: SOROTI | N49: SOROTI | O49: UGA | P49: 2 | Q49: =VLOOKUP(P49,Key!$E$2:$F$9,2,FALSE) -> Work | R49: KAMPALA | S49: KAMPALA | T49: UGA | U49: 2 | V49: =VLOOKUP(U49,Key!$E$2:$F$9,2,FALSE) -> Work | W49: =Q49&"-"&V49 -> Work-Work | X49: 200000 | Y49: 400 | Z49: 6.5 | AA49: 5 | AB49: =VLOOKUP(AA49,Key!$C$20:$D$29,2,FALSE) -> Professional | AC49: 2 | AD49: =VLOOKUP(AC49,Key!$E$20:$F$24,2,FALSE) -> 300,000-500,000 | AE49: 5 | AF49: 5 | AG49: 5 | AH49: 5 | AI49: 5 | AJ49: Y | AK49: 1000
B50: 43695 | C50: 0.41319444 | D50: UBB 483P | E50: D | F50: 2 | G50: =VLOOKUP(F50,Key!$A$17:$B$21,2,FALSE) -> Road Vehicle | H50: 6 | I50: =VLOOKUP(H50,Key!$A$2:$B$13,2,FALSE) -> Large Bus | J50: M | K50: 2 | L50: =VLOOKUP(K50,Key!$A$24:$B$29,2,FALSE) -> 30-39 | M50: KAMPALA | N50: KAMPALA | O50: UGA | P50: 2 | Q50: =VLOOKUP(P50,Key!$E$2:$F$9,2,FALSE) -> Work | R50: KOTIDO | S50: KOTIDO | T50: UGA | U50: 2 | V50: =VLOOKUP(U50,Key!$E$2:$F$9,2,FALSE) -> Work | W50: =Q50&"-"&V50 -> Work-Work | X50: 300000 | Y50: 600 | Z50: 12.5 | AA50: 5 | AB50: =VLOOKUP(AA50,Key!$C$20:$D$29,2,FALSE) -> Professional | AC50: 2 | AD50: =VLOOKUP(AC50,Key!$E$20:$F$24,2,FALSE) -> 300,000-500,000 | AE50: 5 | AF50: 5 | AG50: 5 | AH50: 5 | AI50: 5 | AJ50: Y
B51: 43696 | C51: 0.34722222 | E51: P | F51: 2 | G51: =VLOOKUP(F51,Key!$A$17:$B$21,2,FALSE) -> Road Vehicle | H51: 6 | I51: =VLOOKUP(H51,Key!$A$2:$B$13,2,FALSE) -> Large Bus | J51: M | K51: 2 | L51: =VLOOKUP(K51,Key!$A$24:$B$29,2,FALSE) -> 30-39 | M51: SOROTI | N51: SOROTI | O51: UGA | P51: 1 | Q51: =VLOOKUP(P51,Key!$E$2:$F$9,2,FALSE) -> Home | R51: KAMPALA | S51: KAMPALA | T51: UGA | U51: 2 | V51: =VLOOKUP(U51,Key!$E$2:$F$9,2,FALSE) -> Work | W51: =Q51&"-"&V51 -> Home-Work | X51: 250000 | Y51: 380 | Z51: 6 | AA51: 10 | AB51: =VLOOKUP(AA51,Key!$C$20:$D$29,2,FALSE) -> Other | AC51: 1 | AD51: =VLOOKUP(AC51,Key!$E$20:$F$24,2,FALSE) -> <300,000 | AE51: 5 | AF51: 3 | AG51: 4 | AH51: 5 | AI51: 3 | AJ51: Y
B52: 43696 | C52: 0.4 | D52: UAX 715F | E52: D | F52: 2 | G52: =VLOOKUP(F52,Key!$A$17:$B$21,2,FALSE) -> Road Vehicle | H52: 6 | I52: =VLOOKUP(H52,Key!$A$2:$B$13,2,FALSE) -> Large Bus | J52: M | K52: 2 | L52: =VLOOKUP(K52,Key!$A$24:$B$29,2,FALSE) -> 30-39 | M52: SOROTI | N52: SOROTI | O52: UGA | P52: 2 | Q52: =VLOOKUP(P52,Key!$E$2:$F$9,2,FALSE) -> Work | R52: IGANGA | S52: IGANGA | T52: UGA | U52: 2 | V52: =VLOOKUP(U52,Key!$E$2:$F$9,2,FALSE) -> Work | W52: =Q52&"-"&V52 -> Work-Work | X52: 100000 | Y52: 200 | Z52: 5 | AA52: 10 | AB52: =VLOOKUP(AA52,Key!$C$20:$D$29,2,FALSE) -> Other | AC52: 2 | AD52: =VLOOKUP(AC52,Key!$E$20:$F$24,2,FALSE) -> 300,000-500,000 | AE52: 5 | AF52: 5 | AG52: 5 | AH52: 5 | AI52: 5 | AJ52: Y | AK52: 1000
B53: 43696 | C53: 0.38888889 | D53: UAY 535Y | E53: D | F53: 2 | G53: =VLOOKUP(F53,Key!$A$17:$B$21,2,FALSE) -> Road Vehicle | H53: 6 | I53: =VLOOKUP(H53,Key!$A$2:$B$13,2,FALSE) -> Large Bus | J53: M | K53: 2 | L53: =VLOOKUP(K53,Key!$A$24:$B$29,2,FALSE) -> 30-39 | M53: SOROTI | N53: SOROTI | O53: UGA | P53: 2 | Q53: =VLOOKUP(P53,Key!$E$2:$F$9,2,FALSE) -> Work | R53: LIRA | S53: LIRA | T53: UGA | U53: 2 | V53: =VLOOKUP(U53,Key!$E$2:$F$9,2,FALSE) -> Work | W53: =Q53&"-"&V53 -> Work-Work | X53: 100000 | Y53: 120 | Z53: 3.5 | AA53: 10 | AB53: =VLOOKUP(AA53,Key!$C$20:$D$29,2,FALSE) -> Other | AC53: 2 | AD53: =VLOOKUP(AC53,Key!$E$20:$F$24,2,FALSE) -> 300,000-500,000 | AE53: 5 | AF53: 5 | AG53: 5 | AH53: 5 | AI53: 5 | AJ53: Y
B54: 43697 | C54: 0.48611111 | E54: P | F54: 2 | G54: =VLOOKUP(F54,Key!$A$17:$B$21,2,FALSE) -> Road Vehicle | H54: 6 | I54: =VLOOKUP(H54,Key!$A$2:$B$13,2,FALSE) -> Large Bus | J54: M | K54: 2 | L54: =VLOOKUP(K54,Key!$A$24:$B$29,2,FALSE) -> 30-39 | M54: SOROTI | N54: SOROTI | O54: UGA | P54: 1 | Q54: =VLOOKUP(P54,Key!$E$2:$F$9,2,FALSE) -> Home | R54: BUSIA | S54: BUSIA | T54: UGA | U54: 2 | V54: =VLOOKUP(U54,Key!$E$2:$F$9,2,FALSE) -> Work | W54: =Q54&"-"&V54 -> Home-Work | X54: 20000 | Y54: 172 | Z54: 4.5 | AA54: 6 | AB54: =VLOOKUP(AA54,Key!$C$20:$D$29,2,FALSE) -> Businessman | AC54: 1 | AD54: =VLOOKUP(AC54,Key!$E$20:$F$24,2,FALSE) -> <300,000 | AE54: 5 | AF54: 1 | AG54: 2 | AH54: 3 | AI54: 1 | AJ54: Y
B55: 43696 | C55: 0.33333333 | D55: UAH 848F | E55: D | F55: 2 | G55: =VLOOKUP(F55,Key!$A$17:$B$21,2,FALSE) -> Road Vehicle | H55: 6 | I55: =VLOOKUP(H55,Key!$A$2:$B$13,2,FALSE) -> Large Bus | J55: F | K55: 3 | L55: =VLOOKUP(K55,Key!$A$24:$B$29,2,FALSE) -> 40-49 | M55: SOROTI | N55: SOROTI | O55: UGA | P55: 2 | Q55: =VLOOKUP(P55,Key!$E$2:$F$9,2,FALSE) -> Work | R55: KAMPALA | S55: KAMPALA | T55: UGA | U55: 2 | V55: =VLOOKUP(U55,Key!$E$2:$F$9,2,FALSE) -> Work | W55: =Q55&"-"&V55 -> Work-Work | X55: 200000 | Y55: 390 | Z55: 6.5 | AA55: 10 | AB55: =VLOOKUP(AA55,Key!$C$20:$D$29,2,FALSE) -> Other | AC55: 2 | AD55: =VLOOKUP(AC55,Key!$E$20:$F$24,2,FALSE) -> 300,000-500,000 | AE55: 5 | AF55: 5 | AG55: 5 | AH55: 5 | AI55: 5 | AJ55: Y | AK55: 1000
B56: 43695 | C56: 0.29166667 | D56: UAL 350F | E56: D | F56: 2 | G56: =VLOOKUP(F56,Key!$A$17:$B$21,2,FALSE) -> Road Vehicle | H56: 6 | I56: =VLOOKUP(H56,Key!$A$2:$B$13,2,FALSE) -> Large Bus | J56: M | K56: 3 | L56: =VLOOKUP(K56,Key!$A$24:$B$29,2,FALSE) -> 40-49 | M56: SOROTI | N56: SOROTI | O56: UGA | P56: 2 | Q56: =VLOOKUP(P56,Key!$E$2:$F$9,2,FALSE) -> Work | R56: KAMPALA | S56: KAMPALA | T56: UGA | U56: 2 | V56: =VLOOKUP(U56,Key!$E$2:$F$9,2,FALSE) -> Work | W56: =Q56&"-"&V56 -> Work-Work | X56: 150000 | Y56: 370 | Z56: 6 | AA56: 5 | AB56: =VLOOKUP(AA56,Key!$C$20:$D$29,2,FALSE) -> Professional | AC56: 2 | AD56: =VLOOKUP(AC56,Key!$E$20:$F$24,2,FALSE) -> 300,000-500,000 | AE56: 5 | AF56: 2 | AG56: 2 | AH56: 5 | AI56: 2 | AJ56: Y | AK56: 1000
B57: 43695 | C57: 0.47569444 | D57: UAX 042A | E57: D | F57: 2 | G57: =VLOOKUP(F57,Key!$A$17:$B$21,2,FALSE) -> Road Vehicle | H57: 6 | I57: =VLOOKUP(H57,Key!$A$2:$B$13,2,FALSE) -> Large Bus | J57: M | K57: 3 | L57: =VLOOKUP(K57,Key!$A$24:$B$29,2,FALSE) -> 40-49 | M57: SOROTI | N57: SOROTI | O57: UGA | P57: 2 | Q57: =VLOOKUP(P57,Key!$E$2:$F$9,2,FALSE) -> Work | R57: MOROTO | S57: MOROTO | T57: UGA | U57: 2 | V57: =VLOOKUP(U57,Key!$E$2:$F$9,2,FALSE) -> Work | W57: =Q57&"-"&V57 -> Work-Work | X57: 150000 | Y57: 110 | Z57: 3.5 | AA57: 10 | AB57: =VLOOKUP(AA57,Key!$C$20:$D$29,2,FALSE) -> Other | AC57: 2 | AD57: =VLOOKUP(AC57,Key!$E$20:$F$24,2,FALSE) -> 300,000-500,000 | AE57: 5 | AF57: 5 | AG57: 5 | AH57: 5 | AI57: 5 | AJ57: Y | AK57: 1000
B58: 43695 | C58: 0.48958333 | D58: UAZ 533L | E58: D | F58: 2 | G58: =VLOOKUP(F58,Key!$A$17:$B$21,2,FALSE) -> Road Vehicle | H58: 6 | I58: =VLOOKUP(H58,Key!$A$2:$B$13,2,FALSE) -> Large Bus | J58: M | K58: 3 | L58: =VLOOKUP(K58,Key!$A$24:$B$29,2,FALSE) -> 40-49 | M58: SOROTI | N58: SOROTI | O58: UGA | P58: 2 | Q58: =VLOOKUP(P58,Key!$E$2:$F$9,2,FALSE) -> Work | R58: MOROTO | S58: MOROTO | T58: UGA | U58: 2 | V58: =VLOOKUP(U58,Key!$E$2:$F$9,2,FALSE) -> Work | W58: =Q58&"-"&V58 -> Work-Work | X58: 100000 | Y58: 105 | Z58: 3 | AA58: 10 | AB58: =VLOOKUP(AA58,Key!$C$20:$D$29,2,FALSE) -> Other | AC58: 2 | AD58: =VLOOKUP(AC58,Key!$E$20:$F$24,2,FALSE) -> 300,000-500,000 | AE58: 5 | AF58: 5 | AG58: 5 | AH58: 5 | AI58: 5 | AJ58: Y | AK58: 1000
B59: 43695 | C59: 0.30208333 | D59: UAX 715F | E59: D | F59: 2 | G59: =VLOOKUP(F59,Key!$A$17:$B$21,2,FALSE) -> Road Vehicle | H59: 6 | I59: =VLOOKUP(H59,Key!$A$2:$B$13,2,FALSE) -> Large Bus | J59: M | K59: 3 | L59: =VLOOKUP(K59,Key!$A$24:$B$29,2,FALSE) -> 40-49 | M59: SOROTI | N59: SOROTI | O59: UGA | P59: 2 | Q59: =VLOOKUP(P59,Key!$E$2:$F$9,2,FALSE) -> Work | R59: KAMPALA | S59: KAMPALA | T59: UGA | U59: 2 | V59: =VLOOKUP(U59,Key!$E$2:$F$9,2,FALSE) -> Work | W59: =Q59&"-"&V59 -> Work-Work | X59: 200000 | Y59: 380 | Z59: 6 | AA59: 10 | AB59: =VLOOKUP(AA59,Key!$C$20:$D$29,2,FALSE) -> Other | AC59: 2 | AD59: =VLOOKUP(AC59,Key!$E$20:$F$24,2,FALSE) -> 300,000-500,000 | AE59: 5 | AF59: 5 | AG59: 5 | AH59: 5 | AI59: 5 | AJ59: Y | AK59: 1000
B60: 43695 | C60: 0.46527778 | D60: UAH 848F | E60: D | F60: 2 | G60: =VLOOKUP(F60,Key!$A$17:$B$21,2,FALSE) -> Road Vehicle | H60: 6 | I60: =VLOOKUP(H60,Key!$A$2:$B$13,2,FALSE) -> Large Bus | J60: M | K60: 3 | L60: =VLOOKUP(K60,Key!$A$24:$B$29,2,FALSE) -> 40-49 | M60: SOROTI | N60: SOROTI | O60: UGA | P60: 2 | Q60: =VLOOKUP(P60,Key!$E$2:$F$9,2,FALSE) -> Work | R60: BUSIA | S60: BUSIA | T60: UGA | U60: 2 | V60: =VLOOKUP(U60,Key!$E$2:$F$9,2,FALSE) -> Work | W60: =Q60&"-"&V60 -> Work-Work | X60: 150000 | Y60: 150 | Z60: 4 | AA60: 5 | AB60: =VLOOKUP(AA60,Key!$C$20:$D$29,2,FALSE) -> Professional | AC60: 2 | AD60: =VLOOKUP(AC60,Key!$E$20:$F$24,2,FALSE) -> 300,000-500,000 | AE60: 5 | AF60: 5 | AG60: 5 | AH60: 5 | AI60: 5 | AJ60: Y | AK60: 1000
B61: 43695 | C61: 0.45833333 | D61: UBB 935S | E61: D | F61: 2 | G61: =VLOOKUP(F61,Key!$A$17:$B$21,2,FALSE) -> Road Vehicle | H61: 6 | I61: =VLOOKUP(H61,Key!$A$2:$B$13,2,FALSE) -> Large Bus | J61: M | K61: 3 | L61: =VLOOKUP(K61,Key!$A$24:$B$29,2,FALSE) -> 40-49 | M61: SOROTI | N61: SOROTI | O61: UGA | P61: 2 | Q61: =VLOOKUP(P61,Key!$E$2:$F$9,2,FALSE) -> Work | R61: KABONG | S61: KABONG | T61: UGA | U61: 2 | V61: =VLOOKUP(U61,Key!$E$2:$F$9,2,FALSE) -> Work | W61: =Q61&"-"&V61 -> Work-Work | X61: 200000 | Y61: 300 | Z61: 8 | AA61: 5 | AB61: =VLOOKUP(AA61,Key!$C$20:$D$29,2,FALSE) -> Professional | AC61: 2 | AD61: =VLOOKUP(AC61,Key!$E$20:$F$24,2,FALSE) -> 300,000-500,000 | AE61: 5 | AF61: 5 | AG61: 5 | AH61: 5 | AI61: 5 | AJ61: Y | AK61: 1000
B62: 43695 | C62: 0.47222222 | D62: UBF 838F | E62: D | F62: 2 | G62: =VLOOKUP(F62,Key!$A$17:$B$21,2,FALSE) -> Road Vehicle | H62: 6 | I62: =VLOOKUP(H62,Key!$A$2:$B$13,2,FALSE) -> Large Bus | J62: M | K62: 3 | L62: =VLOOKUP(K62,Key!$A$24:$B$29,2,FALSE) -> 40-49 | M62: KITGUM | N62: KITGUM | O62: UGA | P62: 2 | Q62: =VLOOKUP(P62,Key!$E$2:$F$9,2,FALSE) -> Work | R62: GULU | S62: GULU | T62: UGA | U62: 2 | V62: =VLOOKUP(U62,Key!$E$2:$F$9,2,FALSE) -> Work | W62: =Q62&"-"&V62 -> Work-Work | AA62: 10 | AB62: =VLOOKUP(AA62,Key!$C$20:$D$29,2,FALSE) -> Other | AC62: 2 | AD62: =VLOOKUP(AC62,Key!$E$20:$F$24,2,FALSE) -> 300,000-500,000 | AE62: 5 | AF62: 5 | AG62: 5 | AH62: 5 | AI62: 5 | AJ62: Y
B63: 43695 | C63: 0.44791667 | D63: UAK 695T | E63: D | F63: 2 | G63: =VLOOKUP(F63,Key!$A$17:$B$21,2,FALSE) -> Road Vehicle | H63: 6 | I63: =VLOOKUP(H63,Key!$A$2:$B$13,2,FALSE) -> Large Bus | J63: M | K63: 3 | L63: =VLOOKUP(K63,Key!$A$24:$B$29,2,FALSE) -> 40-49 | M63: KAMPALA | N63: KAMPALA | O63: UGA | P63: 2 | Q63: =VLOOKUP(P63,Key!$E$2:$F$9,2,FALSE) -> Work | R63: KABONG | S63: KABONG | T63: UGA | U63: 2 | V63: =VLOOKUP(U63,Key!$E$2:$F$9,2,FALSE) -> Work | W63: =Q63&"-"&V63 -> Work-Work | X63: 250000 | Y63: 650 | Z63: 12.5 | AA63: 5 | AB63: =VLOOKUP(AA63,Key!$C$20:$D$29,2,FALSE) -> Professional | AC63: 3 | AD63: =VLOOKUP(AC63,Key!$E$20:$F$24,2,FALSE) -> 500,000-750,000 | AE63: 5 | AF63: 5 | AG63: 5 | AH63: 5 | AI63: 5 | AJ63: Y | AK63: 1000
B64: 43695 | C64: 0.45486111 | D64: UAH 734W | E64: D | F64: 2 | G64: =VLOOKUP(F64,Key!$A$17:$B$21,2,FALSE) -> Road Vehicle | H64: 6 | I64: =VLOOKUP(H64,Key!$A$2:$B$13,2,FALSE) -> Large Bus | J64: M | K64: 3 | L64: =VLOOKUP(K64,Key!$A$24:$B$29,2,FALSE) -> 40-49 | M64: KAMPALA | N64: KAMPALA | O64: UGA | P64: 2 | Q64: =VLOOKUP(P64,Key!$E$2:$F$9,2,FALSE) -> Work | R64: MOROTO | S64: MOROTO | T64: UGA | U64: 2 | V64: =VLOOKUP(U64,Key!$E$2:$F$9,2,FALSE) -> Work | W64: =Q64&"-"&V64 -> Work-Work | X64: 200000 | Y64: 420 | Z64: 7 | AA64: 10 | AB64: =VLOOKUP(AA64,Key!$C$20:$D$29,2,FALSE) -> Other | AC64: 2 | AD64: =VLOOKUP(AC64,Key!$E$20:$F$24,2,FALSE) -> 300,000-500,000 | AE64: 5 | AF64: 5 | AG64: 5 | AH64: 5 | AI64: 5 | AJ64: Y
B65: 43695 | C65: 0.42222222 | D65: UAY 529T | E65: D | F65: 2 | G65: =VLOOKUP(F65,Key!$A$17:$B$21,2,FALSE) -> Road Vehicle | H65: 6 | I65: =VLOOKUP(H65,Key!$A$2:$B$13,2,FALSE) -> Large Bus | J65: M | K65: 3 | L65: =VLOOKUP(K65,Key!$A$24:$B$29,2,FALSE) -> 40-49 | M65: BUSIA | N65: BUSIA | O65: UGA | P65: 2 | Q65: =VLOOKUP(P65,Key!$E$2:$F$9,2,FALSE) -> Work | R65: GULU | S65: GULU | T65: UGA | U65: 2 | V65: =VLOOKUP(U65,Key!$E$2:$F$9,2,FALSE) -> Work | W65: =Q65&"-"&V65 -> Work-Work | X65: 200000 | Y65: 320 | Z65: 4.5 | AA65: 10 | AB65: =VLOOKUP(AA65,Key!$C$20:$D$29,2,FALSE) -> Other | AC65: 2 | AD65: =VLOOKUP(AC65,Key!$E$20:$F$24,2,FALSE) -> 300,000-500,000 | AE65: 5 | AF65: 5 | AG65: 5 | AH65: 5 | AI65: 5 | AJ65: Y | AK65: 1000
B66: 43695 | C66: 0.4375 | D66: UAD 226U | E66: D | F66: 2 | G66: =VLOOKUP(F66,Key!$A$17:$B$21,2,FALSE) -> Road Vehicle | H66: 6 | I66: =VLOOKUP(H66,Key!$A$2:$B$13,2,FALSE) -> Large Bus | J66: M | K66: 3 | L66: =VLOOKUP(K66,Key!$A$24:$B$29,2,FALSE) -> 40-49 | M66: KAMPALA | N66: KAMPALA | O66: UGA | P66: 2 | Q66: =VLOOKUP(P66,Key!$E$2:$F$9,2,FALSE) -> Work | R66: MOROTO | S66: MOROTO | T66: UGA | U66: 2 | V66: =VLOOKUP(U66,Key!$E$2:$F$9,2,FALSE) -> Work | W66: =Q66&"-"&V66 -> Work-Work | X66: 250000 | Y66: 410 | Z66: 7 | AA66: 10 | AB66: =VLOOKUP(AA66,Key!$C$20:$D$29,2,FALSE) -> Other | AC66: 2 | AD66: =VLOOKUP(AC66,Key!$E$20:$F$24,2,FALSE) -> 300,000-500,000 | AE66: 5 | AF66: 5 | AG66: 5 | AH66: 5 | AI66: 5 | AJ66: Y
B67: 43695 | C67: 0.34027778 | E67: P | F67: 2 | G67: =VLOOKUP(F67,Key!$A$17:$B$21,2,FALSE) -> Road Vehicle | H67: 6 | I67: =VLOOKUP(H67,Key!$A$2:$B$13,2,FALSE) -> Large Bus | J67: M | K67: 3 | L67: =VLOOKUP(K67,Key!$A$24:$B$29,2,FALSE) -> 40-49 | M67: BUSIA | N67: BUSIA | O67: UGA | P67: 1 | Q67: =VLOOKUP(P67,Key!$E$2:$F$9,2,FALSE) -> Home | R67: BUSIA | S67: BUSIA | T67: UGA | U67: 2 | V67: =VLOOKUP(U67,Key!$E$2:$F$9,2,FALSE) -> Work | W67: =Q67&"-"&V67 -> Home-Work | X67: 30000 | Y67: 300 | Z67: 6 | AA67: 6 | AB67: =VLOOKUP(AA67,Key!$C$20:$D$29,2,FALSE) -> Businessman | AC67: 1 | AD67: =VLOOKUP(AC67,Key!$E$20:$F$24,2,FALSE) -> <300,000 | AE67: 5 | AF67: 1 | AG67: 2 | AH67: 3 | AI67: 2 | AJ67: Y
B68: 43696 | C68: 0.42361111 | D68: UAH 743Y | E68: D | F68: 2 | G68: =VLOOKUP(F68,Key!$A$17:$B$21,2,FALSE) -> Road Vehicle | H68: 6 | I68: =VLOOKUP(H68,Key!$A$2:$B$13,2,FALSE) -> Large Bus | J68: M | K68: 3 | L68: =VLOOKUP(K68,Key!$A$24:$B$29,2,FALSE) -> 40-49 | M68: TORORO | N68: TORORO | O68: UGA | P68: 2 | Q68: =VLOOKUP(P68,Key!$E$2:$F$9,2,FALSE) -> Work | R68: MBALE | S68: MBALE | T68: UGA | U68: 2 | V68: =VLOOKUP(U68,Key!$E$2:$F$9,2,FALSE) -> Work | W68: =Q68&"-"&V68 -> Work-Work | X68: 100000 | Y68: 130 | Z68: 4 | AA68: 10 | AB68: =VLOOKUP(AA68,Key!$C$20:$D$29,2,FALSE) -> Other | AC68: 2 | AD68: =VLOOKUP(AC68,Key!$E$20:$F$24,2,FALSE) -> 300,000-500,000 | AE68: 5 | AF68: 5 | AG68: 5 | AH68: 5 | AI68: 5 | AJ68: Y | AK68: 1000
B69: 43696 | C69: 0.36111111 | D69: UAM 899C | E69: D | F69: 2 | G69: =VLOOKUP(F69,Key!$A$17:$B$21,2,FALSE) -> Road Vehicle | H69: 6 | I69: =VLOOKUP(H69,Key!$A$2:$B$13,2,FALSE) -> Large Bus | J69: M | K69: 3 | L69: =VLOOKUP(K69,Key!$A$24:$B$29,2,FALSE) -> 40-49 | M69: SOROTI | N69: SOROTI | O69: UGA | P69: 2 | Q69: =VLOOKUP(P69,Key!$E$2:$F$9,2,FALSE) -> Work | R69: KAMPALA | S69: KAMPALA | T69: UGA | U69: 2 | V69: =VLOOKUP(U69,Key!$E$2:$F$9,2,FALSE) -> Work | W69: =Q69&"-"&V69 -> Work-Work | X69: 150000 | Y69: 378 | Z69: 6 | AA69: 10 | AB69: =VLOOKUP(AA69,Key!$C$20:$D$29,2,FALSE) -> Other | AC69: 2 | AD69: =VLOOKUP(AC69,Key!$E$20:$F$24,2,FALSE) -> 300,000-500,000 | AE69: 5 | AF69: 5 | AG69: 5 | AH69: 5 | AI69: 5 | AJ69: Y | AK69: 1000
B70: 43696 | C70: 0.34652778 | D70: UAL 350F | E70: D | F70: 2 | G70: =VLOOKUP(F70,Key!$A$17:$B$21,2,FALSE) -> Road Vehicle | H70: 6 | I70: =VLOOKUP(H70,Key!$A$2:$B$13,2,FALSE) -> Large Bus | J70: M | K70: 3 | L70: =VLOOKUP(K70,Key!$A$24:$B$29,2,FALSE) -> 40-49 | M70: SOROTI | N70: SOROTI | O70: UGA | P70: 2 | Q70: =VLOOKUP(P70,Key!$E$2:$F$9,2,FALSE) -> Work | R70: KAMPALA | S70: KAMPALA | T70: UGA | U70: 2 | V70: =VLOOKUP(U70,Key!$E$2:$F$9,2,FALSE) -> Work | W70: =Q70&"-"&V70 -> Work-Work | X70: 150000 | Y70: 385 | Z70: 6 | AA70: 10 | AB70: =VLOOKUP(AA70,Key!$C$20:$D$29,2,FALSE) -> Other | AC70: 2 | AD70: =VLOOKUP(AC70,Key!$E$20:$F$24,2,FALSE) -> 300,000-500,000 | AE70: 5 | AF70: 5 | AG70: 5 | AH70: 5 | AI70: 5 | AJ70: Y | AK70: 1000
B71: 43696 | C71: 0.35416667 | D71: UAZ 221W | E71: D | F71: 2 | G71: =VLOOKUP(F71,Key!$A$17:$B$21,2,FALSE) -> Road Vehicle | H71: 6 | I71: =VLOOKUP(H71,Key!$A$2:$B$13,2,FALSE) -> Large Bus | J71: M | K71: 3 | L71: =VLOOKUP(K71,Key!$A$24:$B$29,2,FALSE) -> 40-49 | M71: SOROTI | N71: SOROTI | O71: UGA | P71: 2 | Q71: =VLOOKUP(P71,Key!$E$2:$F$9,2,FALSE) -> Work | R71: NAMUTUMBA | S71: IGANGA | T71: UGA | U71: 2 | V71: =VLOOKUP(U71,Key!$E$2:$F$9,2,FALSE) -> Work | W71: =Q71&"-"&V71 -> Work-Work | X71: 150000 | Y71: 200 | Z71: 5 | AA71: 10 | AB71: =VLOOKUP(AA71,Key!$C$20:$D$29,2,FALSE) -> Other | AC71: 2 | AD71: =VLOOKUP(AC71,Key!$E$20:$F$24,2,FALSE) -> 300,000-500,000 | AE71: 5 | AF71: 5 | AG71: 5 | AH71: 5 | AI71: 5 | AJ71: Y | AK71: 1000
B72: 43696 | C72: 0.375 | D72: UBF 802F | E72: D | F72: 2 | G72: =VLOOKUP(F72,Key!$A$17:$B$21,2,FALSE) -> Road Vehicle | H72: 6 | I72: =VLOOKUP(H72,Key!$A$2:$B$13,2,FALSE) -> Large Bus | J72: M | K72: 3 | L72: =VLOOKUP(K72,Key!$A$24:$B$29,2,FALSE) -> 40-49 | M72: BUSIA | N72: BUSIA | O72: UGA | P72: 2 | Q72: =VLOOKUP(P72,Key!$E$2:$F$9,2,FALSE) -> Work | R72: GULU | S72: GULU | T72: UGA | U72: 2 | V72: =VLOOKUP(U72,Key!$E$2:$F$9,2,FALSE) -> Work | W72: =Q72&"-"&V72 -> Work-Work | X72: 150000 | Y72: 320 | Z72: 4.5 | AA72: 10 | AB72: =VLOOKUP(AA72,Key!$C$20:$D$29,2,FALSE) -> Other | AC72: 2 | AD72: =VLOOKUP(AC72,Key!$E$20:$F$24,2,FALSE) -> 300,000-500,000 | AE72: 5 | AF72: 2 | AG72: 4 | AH72: 5 | AI72: 3 | AJ72: Y | AK72: 1000
B73: 43696 | C73: 0.50694444 | D73: UAS 159P | E73: D | F73: 2 | G73: =VLOOKUP(F73,Key!$A$17:$B$21,2,FALSE) -> Road Vehicle | H73: 6 | I73: =VLOOKUP(H73,Key!$A$2:$B$13,2,FALSE) -> Large Bus | J73: M | K73: 3 | L73: =VLOOKUP(K73,Key!$A$24:$B$29,2,FALSE) -> 40-49 | M73: SOROTI | N73: SOROTI | O73: UGA | P73: 2 | Q73: =VLOOKUP(P73,Key!$E$2:$F$9,2,FALSE) -> Work | R73: JINJA | S73: JINJA | T73: UGA | U73: 2 | V73: =VLOOKUP(U73,Key!$E$2:$F$9,2,FALSE) -> Work | W73: =Q73&"-"&V73 -> Work-Work | X73: 100000 | Y73: 310 | Z73: 4 | AA73: 10 | AB73: =VLOOKUP(AA73,Key!$C$20:$D$29,2,FALSE) -> Other | AC73: 2 | AD73: =VLOOKUP(AC73,Key!$E$20:$F$24,2,FALSE) -> 300,000-500,000 | AE73: 5 | AF73: 4 | AG73: 3 | AH73: 3 | AI73: 2 | AJ73: Y | AK73: 1000
B74: 43697 | C74: 0.48541667 | D74: UBE 683J | E74: D | F74: 2 | G74: =VLOOKUP(F74,Key!$A$17:$B$21,2,FALSE) -> Road Vehicle | H74: 6 | I74: =VLOOKUP(H74,Key!$A$2:$B$13,2,FALSE) -> Large Bus | J74: M | K74: 3 | L74: =VLOOKUP(K74,Key!$A$24:$B$29,2,FALSE) -> 40-49 | M74: SOROTI | N74: SOROTI | O74: UGA | P74: 2 | Q74: =VLOOKUP(P74,Key!$E$2:$F$9,2,FALSE) -> Work | R74: KAMPALA | S74: KAMPALA | T74: UGA | U74: 2 | V74: =VLOOKUP(U74,Key!$E$2:$F$9,2,FALSE) -> Work | W74: =Q74&"-"&V74 -> Work-Work | X74: 150000 | Y74: 360 | Z74: 6 | AA74: 10 | AB74: =VLOOKUP(AA74,Key!$C$20:$D$29,2,FALSE) -> Other | AC74: 2 | AD74: =VLOOKUP(AC74,Key!$E$20:$F$24,2,FALSE) -> 300,000-500,000 | AE74: 5 | AF74: 5 | AG74: 5 | AH74: 5 | AI74: 5 | AJ74: Y | AK74: 1000
B75: 43697 | C75: 0.48125 | D75: UAX 842T | E75: D | F75: 2 | G75: =VLOOKUP(F75,Key!$A$17:$B$21,2,FALSE) -> Road Vehicle | H75: 6 | I75: =VLOOKUP(H75,Key!$A$2:$B$13,2,FALSE) -> Large Bus | J75: M | K75: 3 | L75: =VLOOKUP(K75,Key!$A$24:$B$29,2,FALSE) -> 40-49 | M75: SOROTI | N75: SOROTI | O75: UGA | P75: 2 | Q75: =VLOOKUP(P75,Key!$E$2:$F$9,2,FALSE) -> Work | R75: BUSIA | S75: BUSIA | T75: UGA | U75: 2 | V75: =VLOOKUP(U75,Key!$E$2:$F$9,2,FALSE) -> Work | W75: =Q75&"-"&V75 -> Work-Work | X75: 150000 | Y75: 172 | Z75: 4.5 | AA75: 10 | AB75: =VLOOKUP(AA75,Key!$C$20:$D$29,2,FALSE) -> Other | AC75: 2 | AD75: =VLOOKUP(AC75,Key!$E$20:$F$24,2,FALSE) -> 300,000-500,000 | AE75: 5 | AF75: 5 | AG75: 5 | AH75: 5 | AI75: 5 | AJ75: Y | AK75: 1000
B76: 43695 | C76: 0.375 | D76: UAT 262W | E76: D | F76: 2 | G76: =VLOOKUP(F76,Key!$A$17:$B$21,2,FALSE) -> Road Vehicle | H76: 6 | I76: =VLOOKUP(H76,Key!$A$2:$B$13,2,FALSE) -> Large Bus | J76: M | K76: 4 | L76: =VLOOKUP(K76,Key!$A$24:$B$29,2,FALSE) -> 50-59 | M76: SOROTI | N76: SOROTI | O76: UGA | P76: 2 | Q76: =VLOOKUP(P76,Key!$E$2:$F$9,2,FALSE) -> Work | R76: KABONG | S76: KABONG | T76: UGA | U76: 2 | V76: =VLOOKUP(U76,Key!$E$2:$F$9,2,FALSE) -> Work | W76: =Q76&"-"&V76 -> Work-Work | X76: 200000 | Y76: 200 | Z76: 8 | AA76: 5 | AB76: =VLOOKUP(AA76,Key!$C$20:$D$29,2,FALSE) -> Professional | AC76: 2 | AD76: =VLOOKUP(AC76,Key!$E$20:$F$24,2,FALSE) -> 300,000-500,000 | AE76: 5 | AF76: 5 | AG76: 5 | AH76: 5 | AI76: 5 | AJ76: Y | AK76: 1000
B77: 43695 | C77: 0.40625 | D77: UAZ 220M | E77: D | F77: 2 | G77: =VLOOKUP(F77,Key!$A$17:$B$21,2,FALSE) -> Road Vehicle | H77: 6 | I77: =VLOOKUP(H77,Key!$A$2:$B$13,2,FALSE) -> Large Bus | J77: M | K77: 4 | L77: =VLOOKUP(K77,Key!$A$24:$B$29,2,FALSE) -> 50-59 | M77: BUSIA | N77: BUSIA | O77: UGA | P77: 2 | Q77: =VLOOKUP(P77,Key!$E$2:$F$9,2,FALSE) -> Work | R77: MOROTO | S77: MOROTO | T77: UGA | U77: 2 | V77: =VLOOKUP(U77,Key!$E$2:$F$9,2,FALSE) -> Work | W77: =Q77&"-"&V77 -> Work-Work | X77: 200000 | Y77: 310 | Z77: 6 | AA77: 5 | AB77: =VLOOKUP(AA77,Key!$C$20:$D$29,2,FALSE) -> Professional | AC77: 2 | AD77: =VLOOKUP(AC77,Key!$E$20:$F$24,2,FALSE) -> 300,000-500,000 | AE77: 5 | AF77: 5 | AG77: 5 | AH77: 5 | AI77: 5 | AJ77: Y | AK77: 1000
B78: 43696 | C78: 0.29722222 | D78: UAZ 051D | E78: D | F78: 2 | G78: =VLOOKUP(F78,Key!$A$17:$B$21,2,FALSE) -> Road Vehicle | H78: 7 | I78: =VLOOKUP(H78,Key!$A$2:$B$13,2,FALSE) -> Light Truck | J78: M | K78: 2 | L78: =VLOOKUP(K78,Key!$A$24:$B$29,2,FALSE) -> 30-39 | M78: ABIM | N78: ABIM | O78: UGA | P78: 2 | Q78: =VLOOKUP(P78,Key!$E$2:$F$9,2,FALSE) -> Work | R78: SOROTI | S78: SOROTI | T78: UGA | U78: 2 | V78: =VLOOKUP(U78,Key!$E$2:$F$9,2,FALSE) -> Work | W78: =Q78&"-"&V78 -> Work-Work | X78: 60000 | Y78: 55 | Z78: 1.5 | AA78: 10 | AB78: =VLOOKUP(AA78,Key!$C$20:$D$29,2,FALSE) -> Other | AC78: 2 | AD78: =VLOOKUP(AC78,Key!$E$20:$F$24,2,FALSE) -> 300,000-500,000 | AE78: 5 | AF78: 2 | AG78: 3 | AH78: 5 | AI78: 2 | AJ78: Y | AK78: 1000
B79: 43696 | C79: 0.83333333 | D79: UAX 210H | E79: D | F79: 2 | G79: =VLOOKUP(F79,Key!$A$17:$B$21,2,FALSE) -> Road Vehicle | H79: 8 | I79: =VLOOKUP(H79,Key!$A$2:$B$13,2,FALSE) -> Medium Truck | J79: M | K79: 2 | L79: =VLOOKUP(K79,Key!$A$24:$B$29,2,FALSE) -> 30-39 | M79: SOROTI | N79: SOROTI | O79: UGA | P79: 2 | Q79: =VLOOKUP(P79,Key!$E$2:$F$9,2,FALSE) -> Work | R79: ATIRIRI | S79: KATAKWI | T79: UGA | U79: 2 | V79: =VLOOKUP(U79,Key!$E$2:$F$9,2,FALSE) -> Work | W79: =Q79&"-"&V79 -> Work-Work | X79: 50000 | Y79: 5 | Z79: 0.7 | AA79: 10 | AB79: =VLOOKUP(AA79,Key!$C$20:$D$29,2,FALSE) -> Other | AC79: 2 | AD79: =VLOOKUP(AC79,Key!$E$20:$F$24,2,FALSE) -> 300,000-500,000 | AE79: 5 | AF79: 5 | AG79: 5 | AH79: 5 | AI79: 5 | AJ79: Y | AK79: 1000
... B83: 43696 | C83: 0.30486111 | D83: UBA 309C | E83: D | F83: 2 | G83: =VLOOKUP(F83,Key!$A$17:$B$21,2,FALSE) -> Road Vehicle | H83: 8 | I83: =VLOOKUP(H83,Key!$A$2:$B$13,2,FALSE) -> Medium Truck | J83: M | K83: 4 | L83: =VLOOKUP(K83,Key!$A$24:$B$29,2,FALSE) -> 50-59 | M83: MBALE | N83: MBALE | O83: UGA | P83: 2 | Q83: =VLOOKUP(P83,Key!$E$2:$F$9,2,FALSE) -> Work | R83: SOROTI | S83: SOROTI | T83: UGA | U83: 2 | V83: =VLOOKUP(U83,Key!$E$2:$F$9,2,FALSE) -> Work | W83: =Q83&"-"&V83 -> Work-Work | X83: 100000 | Y83: 65 | Z83: 2 | AA83: 10 | AB83: =VLOOKUP(AA83,Key!$C$20:$D$29,2,FALSE) -> Other | AC83: 1 | AD83: =VLOOKUP(AC83,Key!$E$20:$F$24,2,FALSE) -> <300,000 | AE83: 5 | AF83: 5 | AG83: 5 | AH83: 5 | AI83: 5 | AJ83: Y | AK83: 1000
B84: 43696 | C84: 0.625 | D84: UBE 249A | E84: P | F84: 2 | G84: =VLOOKUP(F84,Key!$A$17:$B$21,2,FALSE) -> Road Vehicle | H84: 4 | I84: =VLOOKUP(H84,Key!$A$2:$B$13,2,FALSE) -> Minibus | J84: F | K84: 1 | L84: =VLOOKUP(K84,Key!$A$24:$B$29,2,FALSE) -> 20-29 | M84: SOROTI | N84: SOROTI | O84: UGA | P84: 1 | Q84: =VLOOKUP(P84,Key!$E$2:$F$9,2,FALSE) -> Home | R84: KATAKWI | S84: KATAKWI | T84: UGA | U84: 2 | V84: =VLOOKUP(U84,Key!$E$2:$F$9,2,FALSE) -> Work | W84: =Q84&"-"&V84 -> Home-Work | X84: 10000 | Y84: 32 | Z84: 0.7 | AA84: 6 | AB84: =VLOOKUP(AA84,Key!$C$20:$D$29,2,FALSE) -> Businessman | AC84: 1 | AD84: =VLOOKUP(AC84,Key!$E$20:$F$24,2,FALSE) -> <300,000 | AE84: 2 | AF84: 2 | AG84: 3 | AH84: 3 | AI84: 2 | AJ84: Y
B85: 43696 | C85: 0.31111111 | E85: P | F85: 2 | G85: =VLOOKUP(F85,Key!$A$17:$B$21,2,FALSE) -> Road Vehicle | H85: 4 | I85: =VLOOKUP(H85,Key!$A$2:$B$13,2,FALSE) -> Minibus | J85: F | K85: 1 | L85: =VLOOKUP(K85,Key!$A$24:$B$29,2,FALSE) -> 20-29 | M85: SOROTI | N85: SOROTI | O85: UGA | P85: 1 | Q85: =VLOOKUP(P85,Key!$E$2:$F$9,2,FALSE) -> Home | R85: OBALANGA | S85: OBALANGA | T85: UGA | U85: 2 | V85: =VLOOKUP(U85,Key!$E$2:$F$9,2,FALSE) -> Work | W85: =Q85&"-"&V85 -> Home-Work | X85: 7000 | Y85: 40 | Z85: 1.5 | AA85: 6 | AB85: =VLOOKUP(AA85,Key!$C$20:$D$29,2,FALSE) -> Businessman | AC85: 1 | AD85: =VLOOKUP(AC85,Key!$E$20:$F$24,2,FALSE) -> <300,000 | AE85: 2 | AF85: 1 | AG85: 2 | AH85: 3 | AI85: 2 | AJ85: Y
B86: 43696 | C86: 0.46388889 | D86: UBA 856U | E86: P | F86: 2 | G86: =VLOOKUP(F86,Key!$A$17:$B$21,2,FALSE) -> Road Vehicle | H86: 4 | I86: =VLOOKUP(H86,Key!$A$2:$B$13,2,FALSE) -> Minibus | J86: F | K86: 1 | L86: =VLOOKUP(K86,Key!$A$24:$B$29,2,FALSE) -> 20-29 | M86: SOROTI | N86: SOROTI | O86: UGA | P86: 1 | Q86: =VLOOKUP(P86,Key!$E$2:$F$9,2,FALSE) -> Home | R86: SERERE | S86: SERERE | T86: UGA | U86: 2 | V86: =VLOOKUP(U86,Key!$E$2:$F$9,2,FALSE) -> Work | W86: =Q86&"-"&V86 -> Home-Work | X86: 7000 | Y86: 40 | Z86: 2 | AA86: 6 | AB86: =VLOOKUP(AA86,Key!$C$20:$D$29,2,FALSE) -> Businessman | AC86: 1 | AD86: =VLOOKUP(AC86,Key!$E$20:$F$24,2,FALSE) -> <300,000 | AE86: 5 | AF86: 2 | AG86: 3 | AH86: 3 | AI86: 2 | AJ86: Y
B87: 43696 | C87: 0.52638889 | D87: UAW 787Q | E87: P | F87: 2 | G87: =VLOOKUP(F87,Key!$A$17:$B$21,2,FALSE) -> Road Vehicle | H87: 4 | I87: =VLOOKUP(H87,Key!$A$2:$B$13,2,FALSE) -> Minibus | J87: F | K87: 1 | L87: =VLOOKUP(K87,Key!$A$24:$B$29,2,FALSE) -> 20-29 | M87: SOROTI | N87: SOROTI | O87: UGA | P87: 2 | Q87: =VLOOKUP(P87,Key!$E$2:$F$9,2,FALSE) -> Work | R87: OCAPA | S87: SERERE | T87: UGA | U87: 2 | V87: =VLOOKUP(U87,Key!$E$2:$F$9,2,FALSE) -> Work | W87: =Q87&"-"&V87 -> Work-Work | X87: 5000 | Y87: 20 | Z87: 0.8 | AA87: 6 | AB87: =VLOOKUP(AA87,Key!$C$20:$D$29,2,FALSE) -> Businessman | AC87: 1 | AD87: =VLOOKUP(AC87,Key!$E$20:$F$24,2,FALSE) -> <300,000 | AE87: 2 | AF87: 3 | AG87: 3 | AH87: 3 | AI87: 2 | AJ87: Y
B88: 43697 | C88: 0.41319444 | E88: P | F88: 2 | G88: =VLOOKUP(F88,Key!$A$17:$B$21,2,FALSE) -> Road Vehicle | H88: 4 | I88: =VLOOKUP(H88,Key!$A$2:$B$13,2,FALSE) -> Minibus | J88: F | K88: 1 | L88: =VLOOKUP(K88,Key!$A$24:$B$29,2,FALSE) -> 20-29 | M88: SOROTI | N88: SOROTI | O88: UGA | P88: 1 | Q88: =VLOOKUP(P88,Key!$E$2:$F$9,2,FALSE) -> Home | R88: USUK | S88: KATAKWI | T88: UGA | U88: 2 | V88: =VLOOKUP(U88,Key!$E$2:$F$9,2,FALSE) -> Work | W88: =Q88&"-"&V88 -> Home-Work | X88: 10000 | Y88: 70 | Z88: 1.5 | AA88: 6 | AB88: =VLOOKUP(AA88,Key!$C$20:$D$29,2,FALSE) -> Businessman | AC88: 1 | AD88: =VLOOKUP(AC88,Key!$E$20:$F$24,2,FALSE) -> <300,000 | AE88: 2 | AF88: 4 | AG88: 1 | AH88: 2 | AI88: 1 | AJ88: Y
B89: 43697 | C89: 0.33888889 | E89: P | F89: 2 | G89: =VLOOKUP(F89,Key!$A$17:$B$21,2,FALSE) -> Road Vehicle | H89: 4 | I89: =VLOOKUP(H89,Key!$A$2:$B$13,2,FALSE) -> Minibus | J89: F | K89: 1 | L89: =VLOOKUP(K89,Key!$A$24:$B$29,2,FALSE) -> 20-29 | M89: APETULIM | N89: KAPELEBYONG | O89: UGA | P89: 1 | Q89: =VLOOKUP(P89,Key!$E$2:$F$9,2,FALSE) -> Home | R89: SOROTI | S89: SOROTI | T89: UGA | U89: 2 | V89: =VLOOKUP(U89,Key!$E$2:$F$9,2,FALSE) -> Work | W89: =Q89&"-"&V89 -> Home-Work | X89: 10000 | Y89: 80 | Z89: 2 | AA89: 6 | AB89: =VLOOKUP(AA89,Key!$C$20:$D$29,2,FALSE) -> Businessman | AC89: 2 | AD89: =VLOOKUP(AC89,Key!$E$20:$F$24,2,FALSE) -> 300,000-500,000 | AE89: 5 | AF89: 2 | AG89: 3 | AH89: 5 | AI89: 2 | AJ89: Y
B90: 43697 | C90: 0.44652778 | E90: P | F90: 2 | G90: =VLOOKUP(F90,Key!$A$17:$B$21,2,FALSE) -> Road Vehicle | H90: 4 | I90: =VLOOKUP(H90,Key!$A$2:$B$13,2,FALSE) -> Minibus | J90: F | K90: 1 | L90: =VLOOKUP(K90,Key!$A$24:$B$29,2,FALSE) -> 20-29 | M90: SOROTI | N90: SOROTI | O90: UGA | P90: 1 | Q90: =VLOOKUP(P90,Key!$E$2:$F$9,2,FALSE) -> Home | R90: OBALANGA | S90: AMURIA | T90: UGA | U90: 2 | V90: =VLOOKUP(U90,Key!$E$2:$F$9,2,FALSE) -> Work | W90: =Q90&"-"&V90 -> Home-Work | X90: 7000 | Y90: 68 | Z90: 1 | AA90: 6 | AB90: =VLOOKUP(AA90,Key!$C$20:$D$29,2,FALSE) -> Businessman | AC90: 1 | AD90: =VLOOKUP(AC90,Key!$E$20:$F$24,2,FALSE) -> <300,000 | AE90: 2 | AF90: 1 | AG90: 1 | AH90: 2 | AI90: 2 | AJ90: Y
B91: 43697 | C91: 0.39583333 | E91: P | F91: 2 | G91: =VLOOKUP(F91,Key!$A$17:$B$21,2,FALSE) -> Road Vehicle | H91: 4 | I91: =VLOOKUP(H91,Key!$A$2:$B$13,2,FALSE) -> Minibus | J91: F | K91: 1 | L91: =VLOOKUP(K91,Key!$A$24:$B$29,2,FALSE) -> 20-29 | M91: SOROTI | N91: SOROTI | O91: UGA | P91: 1 | Q91: =VLOOKUP(P91,Key!$E$2:$F$9,2,FALSE) -> Home | R91: AMURIA | S91: AMURIA | T91: UGA | U91: 2 | V91: =VLOOKUP(U91,Key!$E$2:$F$9,2,FALSE) -> Work | W91: =Q91&"-"&V91 -> Home-Work | X91: 70000 | Y91: 35 | Z91: 1 | AA91: 8 | AB91: =VLOOKUP(AA91,Key!$C$20:$D$29,2,FALSE) -> Student | AC91: 1 | AD91: =VLOOKUP(AC91,Key!$E$20:$F$24,2,FALSE) -> <300,000 | AE91: 2 | AF91: 4 | AG91: 1 | AH91: 2 | AI91: 1 | AJ91: Y
B92: 43695 | C92: 0.055555556 | E92: P | F92: 2 | G92: =VLOOKUP(F92,Key!$A$17:$B$21,2,FALSE) -> Road Vehicle | H92: 4 | I92: =VLOOKUP(H92,Key!$A$2:$B$13,2,FALSE) -> Minibus | J92: M | K92: 1 | L92: =VLOOKUP(K92,Key!$A$24:$B$29,2,FALSE) -> 20-29 | M92: SOROTI | N92: SOROTI | O92: UGA | P92: 2 | Q92: =VLOOKUP(P92,Key!$E$2:$F$9,2,FALSE) -> Work | R92: AMURA | S92: AMURA | T92: UGA | U92: 1 | V92: =VLOOKUP(U92,Key!$E$2:$F$9,2,FALSE) -> Home | W92: =Q92&"-"&V92 -> Work-Home | X92: 7000 | Z92: 0.8 | AA92: 6 | AB92: =VLOOKUP(AA92,Key!$C$20:$D$29,2,FALSE) -> Businessman | AC92: 1 | AD92: =VLOOKUP(AC92,Key!$E$20:$F$24,2,FALSE) -> <300,000 | AE92: 1 | AF92: 4 | AG92: 3 | AH92: 2 | AI92: 5 | AJ92: Y | AK92: 500
B93: 43695 | C93: 0.54166667 | E93: P | F93: 2 | G93: =VLOOKUP(F93,Key!$A$17:$B$21,2,FALSE) -> Road Vehicle | H93: 4 | I93: =VLOOKUP(H93,Key!$A$2:$B$13,2,FALSE) -> Minibus | J93: M | K93: 1 | L93: =VLOOKUP(K93,Key!$A$24:$B$29,2,FALSE) -> 20-29 | M93: SOROTI | N93: SOROTI | O93: UGA | P93: 1 | Q93: =VLOOKUP(P93,Key!$E$2:$F$9,2,FALSE) -> Home | R93: KAPELEBYONG | S93: KAPRLEBYONG | T93: UGA | U93: 8 | V93: =VLOOKUP(U93,Key!$E$2:$F$9,2,FALSE) -> Others | W93: =Q93&"-"&V93 -> Home-Others | X93: 10000 | Y93: 40 | Z93: 2 | AA93: 8 | AB93: =VLOOKUP(AA93,Key!$C$20:$D$29,2,FALSE) -> Student | AC93: 1 | AD93: =VLOOKUP(AC93,Key!$E$20:$F$24,2,FALSE) -> <300,000 | AE93: 2 | AF93: 1 | AG93: 2 | AH93: 3 | AI93: 1 | AJ93: Y
B94: 43695 | C94: 0.55416667 | D94: UBB 259N | E94: P | F94: 2 | G94: =VLOOKUP(F94,Key!$A$17:$B$21,2,FALSE) -> Road Vehicle | H94: 4 | I94: =VLOOKUP(H94,Key!$A$2:$B$13,2,FALSE) -> Minibus | J94: M | K94: 1 | L94: =VLOOKUP(K94,Key!$A$24:$B$29,2,FALSE) -> 20-29 | M94: SOROTI | N94: SOROTI | O94: UGA | P94: 1 | Q94: =VLOOKUP(P94,Key!$E$2:$F$9,2,FALSE) -> Home | R94: ABIM | S94: ABIM | T94: UGA | U94: 7 | V94: =VLOOKUP(U94,Key!$E$2:$F$9,2,FALSE) -> Hospital | W94: =Q94&"-"&V94 -> Home-Hospital | X94: 15000 | Y94: 55 | Z94: 1.5 | AA94: 6 | AB94: =VLOOKUP(AA94,Key!$C$20:$D$29,2,FALSE) -> Businessman | AC94: 1 | AD94: =VLOOKUP(AC94,Key!$E$20:$F$24,2,FALSE) -> <300,000 | AE94: 5 | AF94: 2 | AG94: 3 | AH94: 5 | AI94: 2 | AJ94: Y
B95: 43697 | C95: 0.35416667 | E95: P | F95: 2 | G95: =VLOOKUP(F95,Key!$A$17:$B$21,2,FALSE) -> Road Vehicle | H95: 4 | I95: =VLOOKUP(H95,Key!$A$2:$B$13,2,FALSE) -> Minibus | J95: M | K95: 1 | L95: =VLOOKUP(K95,Key!$A$24:$B$29,2,FALSE) -> 20-29 | M95: SOROTI | N95: SOROTI | O95: UGA | P95: 1 | Q95: =VLOOKUP(P95,Key!$E$2:$F$9,2,FALSE) -> Home | R95: ACOWA | S95: KAPRLEBYONG | T95: UGA | U95: 2 | V95: =VLOOKUP(U95,Key!$E$2:$F$9,2,FALSE) -> Work | W95: =Q95&"-"&V95 -> Home-Work | X95: 10000 | Y95: 65 | Z95: 1 | AA95: 6 | AB95: =VLOOKUP(AA95,Key!$C$20:$D$29,2,FALSE) -> Businessman | AC95: 1 | AD95: =VLOOKUP(AC95,Key!$E$20:$F$24,2,FALSE) -> <300,000 | AE95: 5 | AF95: 3 | AG95: 2 | AH95: 5 | AI95: 2 | AJ95: Y
B96: 43697 | C96: 0.43402778 | E96: P | F96: 2 | G96: =VLOOKUP(F96,Key!$A$17:$B$21,2,FALSE) -> Road Vehicle | H96: 4 | I96: =VLOOKUP(H96,Key!$A$2:$B$13,2,FALSE) -> Minibus | J96: M | K96: 1 | L96: =VLOOKUP(K96,Key!$A$24:$B$29,2,FALSE) -> 20-29 | M96: SOROTI | N96: SOROTI | O96: UGA | P96: 1 | Q96: =VLOOKUP(P96,Key!$E$2:$F$9,2,FALSE) -> Home | R96: ORUNGO | S96: AMURIA | T96: UGA | U96: 8 | V96: =VLOOKUP(U96,Key!$E$2:$F$9,2,FALSE) -> Others | W96: =Q96&"-"&V96 -> Home-Others | X96: 8000 | Y96: 40 | Z96: 0.8 | AA96: 6 | AB96: =VLOOKUP(AA96,Key!$C$20:$D$29,2,FALSE) -> Businessman | AC96: 1 | AD96: =VLOOKUP(AC96,Key!$E$20:$F$24,2,FALSE) -> <300,000 | AJ96: Y
B97: 43697 | C97: 0.51736111 | E97: P | F97: 2 | G97: =VLOOKUP(F97,Key!$A$17:$B$21,2,FALSE) -> Road Vehicle | H97: 4 | I97: =VLOOKUP(H97,Key!$A$2:$B$13,2,FALSE) -> Minibus | J97: M | K97: 1 | L97: =VLOOKUP(K97,Key!$A$24:$B$29,2,FALSE) -> 20-29 | M97: SOROTI | N97: SOROTI | O97: UGA | P97: 1 | Q97: =VLOOKUP(P97,Key!$E$2:$F$9,2,FALSE) -> Home | R97: OCAPA | S97: SERERE | T97: UGA | U97: 2 | V97: =VLOOKUP(U97,Key!$E$2:$F$9,2,FALSE) -> Work | W97: =Q97&"-"&V97 -> Home-Work | X97: 8000 | Y97: 68 | Z97: 1 | AA97: 6 | AB97: =VLOOKUP(AA97,Key!$C$20:$D$29,2,FALSE) -> Businessman | AC97: 1 | AD97: =VLOOKUP(AC97,Key!$E$20:$F$24,2,FALSE) -> <300,000 | AE97: 5 | AF97: 4 | AG97: 2 | AH97: 5 | AI97: 2 | AJ97: Y
B98: 43697 | C98: 0.50555556 | E98: P | F98: 2 | G98: =VLOOKUP(F98,Key!$A$17:$B$21,2,FALSE) -> Road Vehicle | H98: 4 | I98: =VLOOKUP(H98,Key!$A$2:$B$13,2,FALSE) -> Minibus | J98: M | K98: 1 | L98: =VLOOKUP(K98,Key!$A$24:$B$29,2,FALSE) -> 20-29 | M98: SOROTI | N98: SOROTI | O98: UGA | P98: 1 | Q98: =VLOOKUP(P98,Key!$E$2:$F$9,2,FALSE) -> Home | R98: TORORO | S98: TORORO | T98: UGA | U98: 8 | V98: =VLOOKUP(U98,Key!$E$2:$F$9,2,FALSE) -> Others | W98: =Q98&"-"&V98 -> Home-Others | X98: 25000 | Y98: 145 | Z98: 3 | AA98: 6 | AB98: =VLOOKUP(AA98,Key!$C$20:$D$29,2,FALSE) -> Businessman | AC98: 1 | AD98: =VLOOKUP(AC98,Key!$E$20:$F$24,2,FALSE) -> <300,000 | AE98: 2 | AF98: 2 | AG98: 1 | AH98: 3 | AI98: 2 | AJ98: Y
B99: 43697 | C99: 0.42222222 | E99: P | F99: 2 | G99: =VLOOKUP(F99,Key!$A$17:$B$21,2,FALSE) -> Road Vehicle | H99: 4 | I99: =VLOOKUP(H99,Key!$A$2:$B$13,2,FALSE) -> Minibus | J99: M | K99: 1 | L99: =VLOOKUP(K99,Key!$A$24:$B$29,2,FALSE) -> 20-29 | M99: SOROTI | N99: SOROTI | O99: UGA | P99: 1 | Q99: =VLOOKUP(P99,Key!$E$2:$F$9,2,FALSE) -> Home | R99: MAGORO | S99: KATAKWI | T99: UGA | U99: 2 | V99: =VLOOKUP(U99,Key!$E$2:$F$9,2,FALSE) -> Work | W99: =Q99&"-"&V99 -> Home-Work | X99: 10000 | Y99: 60 | Z99: 1.5 | AA99: 6 | AB99: =VLOOKUP(AA99,Key!$C$20:$D$29,2,FALSE) -> Businessman | AC99: 1 | AD99: =VLOOKUP(AC99,Key!$E$20:$F$24,2,FALSE) -> <300,000 | AE99: 5 | AF99: 2 | AG99: 2 | AH99: 5 | AI99: 1 | AJ99: Y
B100: 43695 | C100: 0.5625 | E100: P | F100: 2 | G100: =VLOOKUP(F100,Key!$A$17:$B$21,2,FALSE) -> Road Vehicle | H100: 4 | I100: =VLOOKUP(H100,Key!$A$2:$B$13,2,FALSE) -> Minibus | J100: F | K100: 2 | L100: =VLOOKUP(K100,Key!$A$24:$B$29,2,FALSE) -> 30-39 | M100: SOROTI | N100: SOROTI | O100: UGA | P100: 1 | Q100: =VLOOKUP(P100,Key!$E$2:$F$9,2,FALSE) -> Home | R100: KAPELEBYONG | S100: KAPRLEBYONG | T100: UGA | U100: 8 | V100: =VLOOKUP(U100,Key!$E$2:$F$9,2,FALSE) -> Others | W100: =Q100&"-"&V100 -> Home-Others | X100: 10000 | Y100: 55 | Z100: 2 | AA100: 6 | AB100: =VLOOKUP(AA100,Key!$C$20:$D$29,2,FALSE) -> Businessman | AC100: 1 | AD100: =VLOOKUP(AC100,Key!$E$20:$F$24,2,FALSE) -> <300,000 | AE100: 2 | AF100: 1 | AG100: 3 | AH100: 5 | AI100: 2 | AJ100: Y
B101: 43695 | C101: 0.63194444 | E101: P | F101: 2 | G101: =VLOOKUP(F101,Key!$A$17:$B$21,2,FALSE) -> Road Vehicle | H101: 4 | I101: =VLOOKUP(H101,Key!$A$2:$B$13,2,FALSE) -> Minibus | J101: F | K101: 2 | L101: =VLOOKUP(K101,Key!$A$24:$B$29,2,FALSE) -> 30-39 | M101: SOROTI | N101: SOROTI | O101: UGA | P101: 1 | Q101: =VLOOKUP(P101,Key!$E$2:$F$9,2,FALSE) -> Home | R101: ATIRIRI | S101: ATIRIRI | T101: UGA | U101: 1 | V101: =VLOOKUP(U101,Key!$E$2:$F$9,2,FALSE) -> Home | W101: =Q101&"-"&V101 -> Home-Home | X101: 2000 | Y101: 7 | Z101: 0.8 | AA101: 10 | AB101: =VLOOKUP(AA101,Key!$C$20:$D$29,2,FALSE) -> Other | AC101: 1 | AD101: =VLOOKUP(AC101,Key!$E$20:$F$24,2,FALSE) -> <300,000 | AE101: 2 | AF101: 1 | AG101: 2 | AH101: 3 | AI101: 2 | AJ101: Y
B102: 43695 | C102: 0.53819444 | E102: P | F102: 2 | G102: =VLOOKUP(F102,Key!$A$17:$B$21,2,FALSE) -> Road Vehicle | H102: 4 | I102: =VLOOKUP(H102,Key!$A$2:$B$13,2,FALSE) -> Minibus | J102: F | K102: 2 | L102: =VLOOKUP(K102,Key!$A$24:$B$29,2,FALSE) -> 30-39 | M102: SOROTI | N102: SOROTI | O102: UGA | P102: 1 | Q102: =VLOOKUP(P102,Key!$E$2:$F$9,2,FALSE) -> Home | R102: SOROTI | S102: SOROTI | T102: UGA | U102: 2 | V102: =VLOOKUP(U102,Key!$E$2:$F$9,2,FALSE) -> Work | W102: =Q102&"-"&V102 -> Home-Work | X102: 8000 | Y102: 38 | Z102: 1.5 | AA102: 6 | AB102: =VLOOKUP(AA102,Key!$C$20:$D$29,2,FALSE) -> Businessman | AC102: 1 | AD102: =VLOOKUP(AC102,Key!$E$20:$F$24,2,FALSE) -> <300,000 | AE102: 1 | AF102: 2 | AG102: 2 | AH102: 3 | AI102: 2 | AJ102: Y
B103: 43696 | C103: 0.59722222 | D103: UAV 889G | E103: P | F103: 2 | G103: =VLOOKUP(F103,Key!$A$17:$B$21,2,FALSE) -> Road Vehicle | H103: 4 | I103: =VLOOKUP(H103,Key!$A$2:$B$13,2,FALSE) -> Minibus | J103: F | K103: 2 | L103: =VLOOKUP(K103,Key!$A$24:$B$29,2,FALSE) -> 30-39 | M103: SOROTI | N103: SOROTI | O103: UGA | P103: 1 | Q103: =VLOOKUP(P103,Key!$E$2:$F$9,2,FALSE) -> Home | R103: OLILILM | S103: KATAKWI | T103: UGA | U103: 2 | V103: =VLOOKUP(U103,Key!$E$2:$F$9,2,FALSE) -> Work | W103: =Q103&"-"&V103 -> Home-Work | X103: 10000 | Y103: 87 | Z103: 2 | AA103: 6 | AB103: =VLOOKUP(AA103,Key!$C$20:$D$29,2,FALSE) -> Businessman | AC103: 1 | AD103: =VLOOKUP(AC103,Key!$E$20:$F$24,2,FALSE) -> <300,000 | AE103: 2 | AF103: 2 | AG103: 4 | AH103: 3 | AI103: 2 | AJ103: Y
B104: 43696 | C104: 0.32638889 | E104: P | F104: 2 | G104: =VLOOKUP(F104,Key!$A$17:$B$21,2,FALSE) -> Road Vehicle | H104: 4 | I104: =VLOOKUP(H104,Key!$A$2:$B$13,2,FALSE) -> Minibus | J104: F | K104: 2 | L104: =VLOOKUP(K104,Key!$A$24:$B$29,2,FALSE) -> 30-39 | M104: SOROTI | N104: SOROTI | O104: UGA | P104: 1 | Q104: =VLOOKUP(P104,Key!$E$2:$F$9,2,FALSE) -> Home | R104: ATIRIRI | S104: KATAKWI | T104: UGA | U104: 8 | V104: =VLOOKUP(U104,Key!$E$2:$F$9,2,FALSE) -> Others | W104: =Q104&"-"&V104 -> Home-Others | X104: 2000 | Y104: 4 | Z104: 0.7 | AA104: 4 | AB104: =VLOOKUP(AA104,Key!$C$20:$D$29,2,FALSE) -> Office Worker | AC104: 1 | AD104: =VLOOKUP(AC104,Key!$E$20:$F$24,2,FALSE) -> <300,000 | AE104: 5 | AF104: 2 | AG104: 4 | AH104: 5 | AI104: 3 | AJ104: Y
B105: 43696 | C105: 0.45486111 | D105: UAU 006Z | E105: P | F105: 2 | G105: =VLOOKUP(F105,Key!$A$17:$B$21,2,FALSE) -> Road Vehicle | H105: 4 | I105: =VLOOKUP(H105,Key!$A$2:$B$13,2,FALSE) -> Minibus | J105: F | K105: 2 | L105: =VLOOKUP(K105,Key!$A$24:$B$29,2,FALSE) -> 30-39 | M105: SOROTI | N105: SOROTI | O105: UGA | P105: 1 | Q105: =VLOOKUP(P105,Key!$E$2:$F$9,2,FALSE) -> Home | R105: AGWARA | S105: SERERE | T105: UGA | U105: 6 | V105: =VLOOKUP(U105,Key!$E$2:$F$9,2,FALSE) -> Leisure/Social | W105: =Q105&"-"&V105 -> Home-Leisure/Social | X105: 8000 | Y105: 40 | Z105: 2.3 | AA105: 6 | AB105: =VLOOKUP(AA105,Key!$C$20:$D$29,2,FALSE) -> Businessman | AC105: 1 | AD105: =VLOOKUP(AC105,Key!$E$20:$F$24,2,FALSE) -> <300,000 | AE105: 2 | AF105: 4 | AG105: 3 | AH105: 3 | AI105: 2 | AJ105: Y
...

Sheet RSI FORM
B1: Feasibility Study and Detailed Design of Kampala - Jinja Highway
B2: Roadside OD Interview Survey
B4: Date: | C4: 40465 | D4: Interviewer: | G4: Survey Station: | H4: Bweyogerere | J4: Direction: | K4: Bweyogerere-Kireka | L4: Coded By: | N4: Chkd By:
B7: Time Period | C7: Veh_Type | D7: Veh_Other | E7: Occupancy | F7: Origin_Address | H7: Origin_Purpose | I7: Origin_other | J7: Destination_Address | L7: Destination_Purpose | M7: Destination_Other | N7: Origin_Zone | O7: Dest_Zone | P7: WTP
F8: Village/Town | G8: City/Country | J8: Village/Town | K8: City/Country
B9: AM | C9: 3 | E9: 2 | F9: Entebbe | G9: Kla, Ug | H9: 1 | J9: Kla | K9: Kla, Ug | L9: 2 | N9: Blank | O9: Blank | P9: Yes | Q9: 3000
B10: AM | C10: 1 | E10: 1 | F10: Kiwanga | G10: Kla, Ug | H10: 1 | J10: Kla | K10: Kla, Ug | L10: 2 | N10: Blank | O10: Blank | P10: Yes | Q10: 2000
B11: AM | E11: 1 | F11: Bukoto | G11: Kla, Ug | H11: 3 | J11: Kla | K11: Kla, Ug | L11: 1 | N11: Blank | O11: Blank
B12: AM
B13: AM
B14: AM
B15: AM
B16: AM
B17: AM
B18: AM
B19: AM
B20: AM
B21: AM
B22: AM
B23: AM
... B53: AM

Sheet Key
B1: Vehicle Type | D1: Establishment Type | F1: Origin / Destination Purpose | H1: Trip Frequency | J1: Goods Type
A2: 1 | B2: Car | C2: 1 | D2: Residential | E2: 1 | F2: Home | G2: 1 | H2: more than 2 times every day | I2: 1 | J2: Food crop (Maize,rice,wheat etc)
A3: 2 | B3: Station Wagon | C3: 2 | D3: Office | E3: 2 | F3: Work | G3: 2 | H3: Daily (Up and Down) | I3: 2 | J3: Cash Crops (coffee,tea etc)
A4: 3 | B4: Pickups | C4: 3 | D4: Factory | E4: 3 | F4: Study | G4: 3 | H4: 2/3 times a week | I4: 3 | J4: Perishable (fish,milk,tea etc)
A5: 4 | B5: Minibus | C5: 4 | D5: Educational Facility | E5: 4 | F5: Commercial | G5: 4 | H5: Once a week | I5: 4 | J5: Construction Material (cement, gravel,stones,gravel,pipes)
A6: 5 | B6: Medium bus | C6: 5 | D6: Hospital | E6: 5 | F6: Tourism | G6: 5 | H6: Once a month | I6: 5 | J6: Metal/machinery
A7: 6 | B7: Large Bus | C7: 6 | D7: Bus / Taxi Park | E7: 6 | F7: Leisure/Social | G7: 6 | H7: Once in a while | I7: 6 | J7: Forestry products (timber & charcoal)
A8: 7 | B8: Light Truck | C8: 7 | D8: Wholesale shopping | E8: 7 | F8: Hospital | I8: 7 | J8: Fuels (any petroleum products)
A9: 8 | B9: Medium Truck | C9: 8 | D9: Boda boda stage | E9: 8 | F9: Others | I9: 8 | J9: Chemical Products (fertilizer,paints)
A10: 9 | B10: Heavy truck | C10: 9 | D10: Farm | I10: 9 | J10: Livestock (cows,goats,camel etc)
A11: 10 | B11: Truck Trailer | C11: 10 | D11: Construction Site | I11: 10 | J11: Household retail products (beverage,oil,sugar,salt,flour)
A12: 11 | B12: Motor cycles | C12: 11 | D12: Retail Shop/Market | I12: 11 | J12: Empty
A13: 12 | B13: Tractors | C13: 12 | D13: Warehouse | I13: 12 | J13: Others (Pl specify)
C14: 13 | D14: Harbour
C15: 14 | D15: Timber Centre
B16: Mode Number | C16: 15 | D16: Quarry
A17: 1 | B17: Walking/Cycling | C17: 16 | D17: Others (to be specified)
A18: 2 | B18: Road Vehicle
A19: 3 | B19: Rail | D19: Profession | F19: Monthly Income
A20: 4 | B20: Water/Ferry | C20: 1 | D20: Unemployed | E20: 1 | F20: <300,000
A21: 5 | B21: Air | C21: 2 | D21: Manual Labour | E21: 2 | F21: 300,000-500,000
C22: 3 | D22: Artisan/Domestic | E22: 3 | F22: 500,000-750,000
B23: Age Bracket No. | C23: 4 | D23: Office Worker | E23: 4 | F23: 750,000-1,000,000
A24: 1 | B24: 20-29 | C24: 5 | D24: Professional | E24: 5 | F24: >1,000,000
A25: 2 | B25: 30-39 | C25: 6 | D25: Businessman
A26: 3 | B26: 40-49 | C26: 7 | D26: Farmer
A27: 4 | B27: 50-59 | C27: 8 | D27: Student
A28: 5 | B28: 60-69 | C28: 9 | D28: Retired
A29: 6 | B29: 70- | C29: 10 | D29: Other
