Workbook

Sheet 22.07 KALERWE-GAYAZA
B1: Consultancy services for Preparation of Expressway Development Master Plan (EDMP) for Uganda
B2: MANUAL CLASSIFIED COUNT (MCC)
B3: ROAD NAME: | C3: MCC - C1 - STN26 - Gayaza Road Kanyanya
C5: Date | D5: 22.07.19 | F5: Location | G5: DELTA KYEBANDO | J5: Surveyor | K5: NALUBEGA JOSEPHINE
C6: Dir. From | D6: KALERWE | F6: Dir. To | G6: GAYAZA | J6: Supervisor | K6: WALAKIRA
B8: Time / Veh Type | R8: SUMMARY TRAFFIC VOLUMES
C9: 1. Car | D9: 2. Station Wagon | E9: 3. Pickups | F9: 4. Minibus, matatu | G9: 5. Medium bus | H9: 6. Large Bus | I9: 7. Light Truck | J9: 8. Medium Truck | K9: 9. Heavy truck | L9: 10. Truck Trailer | M9: 11. Motor cycles | N9: 12. Tractors | O9: Total Excl M/Cycles | P9: Total All | R9: Time | S9: 1. Car | T9: 2. Station Wagon | U9: 3. Pickups | V9: 4. Minibus, matatu | W9: 5. Medium bus | X9: 6. Large Bus | Y9: 7. Light Truck | Z9: 8. Medium Truck | AA9: 9. Heavy truck | AB9: 10. Truck Trailer | AC9: 11. Motorcycles | AD9: 12. Tractors, Graders | AE9: Total Excl M/ Cycles | AF9: Total All
B10: 07.00 - 07.15 | C10: 27 | D10: 8 | E10: 2 | F10: 44 | G10: 0 | H10: 5 | I10: 6 | J10: 0 | K10: 1 | L10: 1 | M10: 215 | N10: 0 | O10: =SUM(C10:L10,N10) -> 94 | P10: =SUM(C10:N10) -> 309 | R10: 0700-0800 | S10: =SUM(C10:C13) -> 91 | T10: =SUM(D10:D13) -> 31 | U10: =SUM(E10:E13) -> 9 | V10: =SUM(F10:F13) -> 205 | W10: =SUM(G10:G13) -> 4 | X10: =SUM(H10:H13) -> 6 | Y10: =SUM(I10:I13) -> 19 | Z10: =SUM(J10:J13) -> 10 | ... AF10: =SUM(P10:P13) -> 1470
B11: 07.15 - 07.30 | C11: 16 | D11: 2 | E11: 0 | F11: 27 | G11: 3 | H11: 0 | I11: 1 | J11: 2 | K11: 0 | L11: 1 | M11: 155 | N11: 0 | O11: =SUM(C11:L11,N11) -> 52 | P11: =SUM(C11:N11) -> 207 | R11: 0800-0900 | S11: =SUM(C14:C17) -> 69 | T11: =SUM(D14:D17) -> 46 | U11: =SUM(E14:E17) -> 10 | V11: =SUM(F14:F17) -> 206 | W11: =SUM(G14:G17) -> 3 | X11: =SUM(H14:H17) -> 3 | Y11: =SUM(I14:I17) -> 23 | Z11: =SUM(J14:J17) -> 13 | ... AF11: =SUM(P14:P17) -> 1663
B12: 07.30 - 07.45 | C12: 35 | D12: 11 | E12: 5 | F12: 82 | G12: 1 | H12: 1 | I12: 10 | J12: 6 | K12: 1 | L12: 2 | M12: 550 | N12: 0 | O12: =SUM(C12:L12,N12) -> 154 | P12: =SUM(C12:N12) -> 704 | R12: 0900-1000 | S12: =SUM(C18:C21) -> 67 | T12: =SUM(D18:D21) -> 42 | U12: =SUM(E18:E21) -> 20 | V12: =SUM(F18:F21) -> 264 | W12: =SUM(G18:G21) -> 1 | X12: =SUM(H18:H21) -> 1 | Y12: =SUM(I18:I21) -> 30 | Z12: =SUM(J18:J21) -> 17 | ... AF12: =SUM(P18:P21) -> 723
B13: 07.45 - 08.00 | C13: 13 | D13: 10 | E13: 2 | F13: 52 | G13: 0 | H13: 0 | I13: 2 | J13: 2 | K13: 0 | L13: 0 | M13: 169 | N13: 0 | O13: =SUM(C13:L13,N13) -> 81 | P13: =SUM(C13:N13) -> 250 | R13: 1000-1100 | S13: =SUM(C22:C25) -> 165 | T13: =SUM(D22:D25) -> 108 | U13: =SUM(E22:E25) -> 53 | V13: =SUM(F22:F25) -> 324 | W13: =SUM(G22:G25) -> 4 | X13: =SUM(H22:H25) -> 1 | Y13: =SUM(I22:I25) -> 45 | Z13: =SUM(J22:J25) -> 18 | ... AF13: =SUM(P22:P25) -> 1492
B14: 08.00 - 08.15 | C14: 18 | D14: 8 | E14: 3 | F14: 53 | G14: 1 | H14: 2 | I14: 5 | J14: 4 | K14: 1 | L14: 1 | M14: 299 | N14: 0 | O14: =SUM(C14:L14,N14) -> 96 | P14: =SUM(C14:N14) -> 395 | R14: 1100-1200 | S14: =SUM(C26:C29) -> 159 | T14: =SUM(D26:D29) -> 53 | U14: =SUM(E26:E29) -> 30 | V14: =SUM(F26:F29) -> 206 | W14: =SUM(G26:G29) -> 2 | X14: =SUM(H26:H29) -> 3 | Y14: =SUM(I26:I29) -> 59 | Z14: =SUM(J26:J29) -> 21 | ... AF14: =SUM(P26:P29) -> 1423
B15: 08.15 - 08.30 | C15: 7 | D15: 2 | E15: 1 | F15: 13 | G15: 0 | H15: 0 | I15: 0 | J15: 0 | K15: 0 | L15: 0 | M15: 285 | N15: 0 | O15: =SUM(C15:L15,N15) -> 23 | P15: =SUM(C15:N15) -> 308 | R15: 1200-1300 | S15: =SUM(C30:C33) -> 197 | T15: =SUM(D30:D33) -> 49 | U15: =SUM(E30:E33) -> 39 | V15: =SUM(F30:F33) -> 203 | W15: =SUM(G30:G33) -> 2 | X15: =SUM(H30:H33) -> 3 | Y15: =SUM(I30:I33) -> 38 | Z15: =SUM(J30:J33) -> 15 | ... AF15: =SUM(P30:P33) -> 1364
B16: 08.30 - 08.45 | C16: 26 | D16: 19 | E16: 1 | F16: 60 | G16: 1 | H16: 0 | I16: 9 | J16: 4 | K16: 0 | L16: 2 | M16: 342 | N16: 0 | O16: =SUM(C16:L16,N16) -> 122 | P16: =SUM(C16:N16) -> 464 | R16: 1300-1400 | S16: =SUM(C34:C37) -> 141 | T16: =SUM(D34:D37) -> 47 | U16: =SUM(E34:E37) -> 32 | V16: =SUM(F34:F37) -> 221 | W16: =SUM(G34:G37) -> 5 | X16: =SUM(H34:H37) -> 0 | Y16: =SUM(I34:I37) -> 51 | Z16: =SUM(J34:J37) -> 13 | ... AF16: =SUM(P34:P37) -> 1282
B17: 08.45 - 9.00 | C17: 18 | D17: 17 | E17: 5 | F17: 80 | G17: 1 | H17: 1 | I17: 9 | J17: 5 | K17: 4 | L17: 6 | M17: 350 | N17: 0 | O17: =SUM(C17:L17,N17) -> 146 | P17: =SUM(C17:N17) -> 496 | R17: 1400-1500 | S17: =SUM(C38:C41) -> 217 | T17: =SUM(D38:D41) -> 43 | U17: =SUM(E38:E41) -> 34 | V17: =SUM(F38:F41) -> 210 | W17: =SUM(G38:G41) -> 3 | X17: =SUM(H38:H41) -> 5 | Y17: =SUM(I38:I41) -> 81 | Z17: =SUM(J38:J41) -> 16 | ... AF17: =SUM(P38:P41) -> 1138
B18: 09.00 - 09.15 | C18: 13 | D18: 13 | E18: 3 | F18: 47 | G18: 1 | H18: 0 | I18: 11 | J18: 4 | K18: 2 | L18: 1 | M18: 45 | N18: 0 | O18: =SUM(C18:L18,N18) -> 95 | P18: =SUM(C18:N18) -> 140 | R18: 1500-1600 | S18: =SUM(C42:C45) -> 198 | T18: =SUM(D42:D45) -> 37 | U18: =SUM(E42:E45) -> 24 | V18: =SUM(F42:F45) -> 142 | W18: =SUM(G42:G45) -> 1 | X18: =SUM(H42:H45) -> 3 | Y18: =SUM(I42:I45) -> 61 | Z18: =SUM(J42:J45) -> 5 | ... AF18: =SUM(P42:P45) -> 635
B19: 09.15 - 09.30 | C19: 16 | D19: 8 | E19: 4 | F19: 60 | G19: 0 | H19: 1 | I19: 6 | J19: 6 | K19: 3 | L19: 0 | M19: 90 | N19: 0 | O19: =SUM(C19:L19,N19) -> 104 | P19: =SUM(C19:N19) -> 194 | R19: 1600-1700 | S19: =SUM(C46:C49) -> 238 | T19: =SUM(D46:D49) -> 83 | U19: =SUM(E46:E49) -> 33 | V19: =SUM(F46:F49) -> 210 | W19: =SUM(G46:G49) -> 2 | X19: =SUM(H46:H49) -> 7 | Y19: =SUM(I46:I49) -> 62 | Z19: =SUM(J46:J49) -> 3 | ... AF19: =SUM(P46:P49) -> 1482
B20: 09.30 - 09.45 | C20: 18 | D20: 11 | E20: 8 | F20: 62 | G20: 0 | H20: 0 | I20: 7 | J20: 4 | K20: 1 | L20: 1 | M20: 135 | N20: 0 | O20: =SUM(C20:L20,N20) -> 112 | P20: =SUM(C20:N20) -> 247 | R20: 1700-1800 | S20: =SUM(C50:C53) -> 296 | T20: =SUM(D50:D53) -> 75 | U20: =SUM(E50:E53) -> 35 | V20: =SUM(F50:F53) -> 200 | W20: =SUM(G50:G53) -> 3 | X20: =SUM(H50:H53) -> 2 | Y20: =SUM(I50:I53) -> 74 | Z20: =SUM(J50:J53) -> 4 | ... AF20: =SUM(P50:P53) -> 1710
B21: 09.45 - 10.00 | C21: 20 | D21: 10 | E21: 5 | F21: 95 | G21: 0 | H21: 0 | I21: 6 | J21: 3 | K21: 3 | L21: 0 | M21: 0 | N21: 0 | O21: =SUM(C21:L21,N21) -> 142 | P21: =SUM(C21:N21) -> 142 | R21: 1800-1900 | S21: =SUM(C54:C57) -> 370 | T21: =SUM(D54:D57) -> 99 | U21: =SUM(E54:E57) -> 31 | V21: =SUM(F54:F57) -> 258 | W21: =SUM(G54:G57) -> 11 | X21: =SUM(H54:H57) -> 7 | Y21: =SUM(I54:I57) -> 59 | Z21: =SUM(J54:J57) -> 2 | ... AF21: =SUM(P54:P57) -> 2079
B22: 10.00 - 10.15 | C22: 39 | D22: 25 | E22: 19 | F22: 135 | G22: 1 | H22: 1 | I22: 1 | J22: 2 | K22: 4 | L22: 1 | M22: 130 | N22: 0 | O22: =SUM(C22:L22,N22) -> 228 | P22: =SUM(C22:N22) -> 358 | R22: AM Peak Hr | S22: =MAX(S10:S12) -> 91 | T22: =MAX(T10:T12) -> 46 | U22: =MAX(U10:U12) -> 20 | V22: =MAX(V10:V12) -> 264 | W22: =MAX(W10:W12) -> 4 | X22: =MAX(X10:X12) -> 6 | Y22: =MAX(Y10:Y12) -> 30 | Z22: =MAX(Z10:Z12) -> 17 | ... AF22: =MAX(AF10:AF12) -> 1663
B23: 10.15 - 10.30 | C23: 41 | D23: 36 | E23: 10 | F23: 75 | G23: 1 | H23: 0 | I23: 11 | J23: 9 | K23: 5 | L23: 0 | M23: 230 | N23: 0 | O23: =SUM(C23:L23,N23) -> 188 | P23: =SUM(C23:N23) -> 418 | R23: IP Peak Hr | S23: =MAX(S13:S18) -> 217 | T23: =MAX(T13:T18) -> 108 | U23: =MAX(U13:U18) -> 53 | V23: =MAX(V13:V18) -> 324 | W23: =MAX(W13:W18) -> 5 | X23: =MAX(X13:X18) -> 5 | Y23: =MAX(Y13:Y18) -> 81 | Z23: =MAX(Z13:Z18) -> 21 | ... AF23: =MAX(AF13:AF18) -> 1492
B24: 10.30 - 10.45 | C24: 44 | D24: 26 | E24: 3 | F24: 61 | G24: 0 | H24: 0 | I24: 6 | J24: 3 | K24: 0 | L24: 0 | M24: 182 | N24: 0 | O24: =SUM(C24:L24,N24) -> 143 | P24: =SUM(C24:N24) -> 325 | R24: PM Peak Hr | S24: =MAX(S19:S21) -> 370 | T24: =MAX(T19:T21) -> 99 | U24: =MAX(U19:U21) -> 35 | V24: =MAX(V19:V21) -> 258 | W24: =MAX(W19:W21) -> 11 | X24: =MAX(X19:X21) -> 7 | Y24: =MAX(Y19:Y21) -> 74 | Z24: =MAX(Z19:Z21) -> 4 | ... AF24: =MAX(AF19:AF21) -> 2079
B25: 10.45 - 11.00 | C25: 41 | D25: 21 | E25: 21 | F25: 53 | G25: 2 | H25: 0 | I25: 27 | J25: 4 | K25: 2 | L25: 0 | M25: 220 | N25: 0 | O25: =SUM(C25:L25,N25) -> 171 | P25: =SUM(C25:N25) -> 391 | R25: AM Period | S25: =SUM(S10:S12) -> 227 | T25: =SUM(T10:T12) -> 119 | U25: =SUM(U10:U12) -> 39 | V25: =SUM(V10:V12) -> 675 | W25: =SUM(W10:W12) -> 8 | X25: =SUM(X10:X12) -> 10 | Y25: =SUM(Y10:Y12) -> 72 | Z25: =SUM(Z10:Z12) -> 40 | ... AF25: =SUM(AF10:AF12) -> 3856
B26: 11.00 - 11.15 | C26: 24 | D26: 11 | E26: 8 | F26: 58 | G26: 0 | H26: 0 | I26: 25 | J26: 3 | K26: 0 | L26: 0 | M26: 155 | N26: 0 | O26: =SUM(C26:L26,N26) -> 129 | P26: =SUM(C26:N26) -> 284 | R26: IP Period | S26: =SUM(S13:S18) -> 1077 | T26: =SUM(T13:T18) -> 337 | U26: =SUM(U13:U18) -> 212 | V26: =SUM(V13:V18) -> 1306 | W26: =SUM(W13:W18) -> 17 | X26: =SUM(X13:X18) -> 15 | Y26: =SUM(Y13:Y18) -> 335 | Z26: =SUM(Z13:Z18) -> 88 | ... AF26: =SUM(AF13:AF18) -> 7334
B27: 11.15 - 11.30 | C27: 46 | D27: 11 | E27: 10 | F27: 43 | G27: 0 | H27: 0 | I27: 6 | J27: 4 | K27: 0 | L27: 0 | M27: 223 | N27: 0 | O27: =SUM(C27:L27,N27) -> 120 | P27: =SUM(C27:N27) -> 343 | R27: PM Period | S27: =SUM(S19:S21) -> 904 | T27: =SUM(T19:T21) -> 257 | U27: =SUM(U19:U21) -> 99 | V27: =SUM(V19:V21) -> 668 | W27: =SUM(W19:W21) -> 16 | X27: =SUM(X19:X21) -> 16 | Y27: =SUM(Y19:Y21) -> 195 | Z27: =SUM(Z19:Z21) -> 9 | ... AF27: =SUM(AF19:AF21) -> 5271
B28: 11.30 - 11.45 | C28: 45 | D28: 24 | E28: 8 | F28: 54 | G28: 1 | H28: 1 | I28: 8 | J28: 7 | K28: 1 | L28: 0 | M28: 260 | N28: 0 | O28: =SUM(C28:L28,N28) -> 149 | P28: =SUM(C28:N28) -> 409 | R28: 12 Hours | S28: =SUM(S10:S21) -> 2208 | T28: =SUM(T10:T21) -> 713 | U28: =SUM(U10:U21) -> 350 | V28: =SUM(V10:V21) -> 2649 | W28: =SUM(W10:W21) -> 41 | X28: =SUM(X10:X21) -> 41 | Y28: =SUM(Y10:Y21) -> 602 | Z28: =SUM(Z10:Z21) -> 137 | ... AF28: =SUM(AF10:AF21) -> 16461
B29: 11.45 - 12.00 | C29: 44 | D29: 7 | E29: 4 | F29: 51 | G29: 1 | H29: 2 | I29: 20 | J29: 7 | K29: 2 | L29: 0 | M29: 249 | N29: 0 | O29: =SUM(C29:L29,N29) -> 138 | P29: =SUM(C29:N29) -> 387
B30: 12.00 - 12.15 | C30: 47 | D30: 10 | E30: 11 | F30: 49 | G30: 0 | H30: 0 | I30: 12 | J30: 6 | K30: 2 | L30: 2 | M30: 195 | N30: 0 | O30: =SUM(C30:L30,N30) -> 139 | P30: =SUM(C30:N30) -> 334
B31: 12.15 - 12.30 | C31: 39 | D31: 11 | E31: 13 | F31: 51 | G31: 0 | H31: 2 | I31: 11 | J31: 3 | K31: 1 | L31: 0 | M31: 225 | N31: 0 | O31: =SUM(C31:L31,N31) -> 131 | P31: =SUM(C31:N31) -> 356
B32: 12.30 - 12.45 | C32: 53 | D32: 17 | E32: 7 | F32: 52 | G32: 0 | H32: 1 | I32: 6 | J32: 4 | K32: 2 | L32: 0 | M32: 200 | N32: 0 | O32: =SUM(C32:L32,N32) -> 142 | P32: =SUM(C32:N32) -> 342
B33: 12.45 - 13.00 | C33: 58 | D33: 11 | E33: 8 | F33: 51 | G33: 2 | H33: 0 | I33: 9 | J33: 2 | K33: 1 | L33: 0 | M33: 190 | N33: 0 | O33: =SUM(C33:L33,N33) -> 142 | P33: =SUM(C33:N33) -> 332
B34: 13.00 - 13.15 | C34: 43 | D34: 13 | E34: 5 | F34: 65 | G34: 1 | H34: 0 | I34: 15 | J34: 2 | K34: 0 | L34: 0 | M34: 215 | N34: 0 | O34: =SUM(C34:L34,N34) -> 144 | P34: =SUM(C34:N34) -> 359
B35: 13.15 - 13.30 | C35: 53 | D35: 8 | E35: 12 | F35: 52 | G35: 2 | H35: 0 | I35: 12 | J35: 1 | K35: 1 | L35: 0 | M35: 220 | N35: 0 | O35: =SUM(C35:L35,N35) -> 141 | P35: =SUM(C35:N35) -> 361
B36: 13.30 - 13.45 | C36: 29 | D36: 11 | E36: 6 | F36: 53 | G36: 2 | H36: 0 | I36: 16 | J36: 2 | K36: 1 | L36: 0 | M36: 204 | N36: 0 | O36: =SUM(C36:L36,N36) -> 120 | P36: =SUM(C36:N36) -> 324
B37: 13.45 - 14.00 | C37: 16 | D37: 15 | E37: 9 | F37: 51 | G37: 0 | H37: 0 | I37: 8 | J37: 8 | K37: 1 | L37: 0 | M37: 130 | N37: 0 | O37: =SUM(C37:L37,N37) -> 108 | P37: =SUM(C37:N37) -> 238
B38: 14.00 - 14.15 | C38: 40 | D38: 7 | E38: 6 | F38: 35 | G38: 0 | H38: 1 | I38: 19 | J38: 4 | K38: 3 | L38: 0 | M38: 95 | N38: 0 | O38: =SUM(C38:L38,N38) -> 115 | P38: =SUM(C38:N38) -> 210
B39: 14.15 - 14.30 | C39: 67 | D39: 9 | E39: 17 | F39: 70 | G39: 1 | H39: 2 | I39: 25 | J39: 5 | K39: 3 | L39: 0 | M39: 148 | N39: 0 | O39: =SUM(C39:L39,N39) -> 199 | P39: =SUM(C39:N39) -> 347
B40: 14.30 - 14.45 | C40: 53 | D40: 15 | E40: 4 | F40: 50 | G40: 2 | H40: 1 | I40: 16 | J40: 1 | K40: 0 | L40: 0 | M40: 170 | N40: 0 | O40: =SUM(C40:L40,N40) -> 142 | P40: =SUM(C40:N40) -> 312
... B57: 18.45 - 19.00 | C57: 94 | D57: 37 | E57: 13 | F57: 75 | G57: 2 | H57: 0 | I57: 17 | J57: 2 | K57: 2 | L57: 0 | M57: 245 | N57: 0 | O57: =SUM(C57:L57,N57) -> 242 | P57: =SUM(C57:N57) -> 487
B58: Totals | C58: =SUM(C10:C57) -> 2208 | D58: =SUM(D10:D57) -> 713 | E58: =SUM(E10:E57) -> 350 | F58: =SUM(F10:F57) -> 2649 | G58: =SUM(G10:G57) -> 41 | H58: =SUM(H10:H57) -> 41 | I58: =SUM(I10:I57) -> 602 | J58: =SUM(J10:J57) -> 137 | ... P58: =SUM(P10:P57) -> 16461
B59: %ges + MCs | C59: =C58/$P$58 -> 0.13413523 | D59: =D58/$P$58 -> 0.043314501 | E59: =E58/$P$58 -> 0.021262378 | F59: =F58/$P$58 -> 0.16092582 | G59: =G58/$P$58 -> 0.0024907357 | H59: =H58/$P$58 -> 0.0024907357 | I59: =I58/$P$58 -> 0.03657129 | J59: =J58/$P$58 -> 0.0083227021 | ... N59: =N58/$P$58 -> 0
B60: %ges w/o MCs | C60: =C58/$O$58 -> 0.32365875 | D60: =D58/$O$58 -> 0.10451481 | E60: =E58/$O$58 -> 0.051304603 | F60: =F58/$O$58 -> 0.38830255 | G60: =G58/$O$58 -> 0.0060099678 | H60: =H58/$O$58 -> 0.0060099678 | I60: =I58/$O$58 -> 0.088243917 | J60: =J58/$O$58 -> 0.020082087 | ... L60: =L58/$O$58 -> 0.0030782762 | N60: =N58/$O$58 -> 0

Sheet 22.07 GAYAZA-KALERWE
B1: Consultancy services for Preparation of Expressway Development Master Plan (EDMP) for Uganda
B2: MANUAL CLASSIFIED COUNT (MCC)
B3: ROAD NAME: | C3: ='22.07 KALERWE-GAYAZA'!C3:G3 -> MCC - C1 - STN26 - Gayaza Road Kanyanya
C5: Date | D5: ='22.07 KALERWE-GAYAZA'!D5 -> 22.07.19 | F5: Location | G5: ='22.07 KALERWE-GAYAZA'!G5:H5 -> DELTA KYEBANDO | J5: Surveyor | K5: MORREEN
C6: Dir. From | D6: GAYAZA | F6: Dir. To | G6: KALERWE | J6: Supervisor | K6: LAWRENCE
B8: Time / Veh Type | R8: SUMMARY TRAFFIC VOLUMES
C9: 1. Car | D9: 2. Station Wagon | E9: 3. Pickups | F9: 4. Minibus, matatu | G9: 5. Medium bus | H9: 6. Large Bus | I9: 7. Light Truck | J9: 8. Medium Truck | K9: 9. Heavy truck | L9: 10. Truck Trailer | M9: 11. Motor cycles | N9: 12. Tractors | O9: Total Excl M/Cycles | P9: Total All | R9: Time | S9: 1. Car | T9: 2. Station Wagon | U9: 3. Pickups | V9: 4. Minibus, matatu | W9: 5. Medium bus | X9: 6. Large Bus | Y9: 7. Light Truck | Z9: 8. Medium Truck | AA9: 9. Heavy truck | AB9: 10. Truck Trailer | AC9: 11. Motorcycles | AD9: 12. Tractors, Graders | AE9: Total Excl M/ Cycles | AF9: Total All
B10: 07.00 - 07.15 | C10: 50 | D10: 20 | E10: 18 | F10: 36 | G10: 0 | H10: 0 | I10: 1 | J10: 5 | K10: 0 | L10: 0 | M10: 131 | N10: 0 | O10: =SUM(C10:L10,N10) -> 130 | P10: =SUM(C10:N10) -> 261 | R10: 0700-0800 | S10: =SUM(C10:C13) -> 222 | T10: =SUM(D10:D13) -> 61 | U10: =SUM(E10:E13) -> 27 | V10: =SUM(F10:F13) -> 138 | W10: =SUM(G10:G13) -> 0 | X10: =SUM(H10:H13) -> 3 | Y10: =SUM(I10:I13) -> 17 | Z10: =SUM(J10:J13) -> 12 | ... AF10: =SUM(P10:P13) -> 921
B11: 07.15 - 07.30 | C11: 60 | D11: 15 | E11: 5 | F11: 29 | G11: 0 | H11: 1 | I11: 6 | J11: 3 | K11: 0 | L11: 0 | M11: 110 | N11: 0 | O11: =SUM(C11:L11,N11) -> 119 | P11: =SUM(C11:N11) -> 229 | R11: 0800-0900 | S11: =SUM(C14:C17) -> 234 | T11: =SUM(D14:D17) -> 22 | U11: =SUM(E14:E17) -> 8 | V11: =SUM(F14:F17) -> 175 | W11: =SUM(G14:G17) -> 6 | X11: =SUM(H14:H17) -> 4 | Y11: =SUM(I14:I17) -> 15 | Z11: =SUM(J14:J17) -> 18 | ... AF11: =SUM(P14:P17) -> 982
B12: 07.30 - 07.45 | C12: 45 | D12: 14 | E12: 2 | F12: 30 | G12: 0 | H12: 1 | I12: 5 | J12: 0 | K12: 0 | L12: 0 | M12: 95 | N12: 0 | O12: =SUM(C12:L12,N12) -> 97 | P12: =SUM(C12:N12) -> 192 | R12: 0900-1000 | S12: =SUM(C18:C21) -> 269 | T12: =SUM(D18:D21) -> 30 | U12: =SUM(E18:E21) -> 31 | V12: =SUM(F18:F21) -> 155 | W12: =SUM(G18:G21) -> 4 | X12: =SUM(H18:H21) -> 3 | Y12: =SUM(I18:I21) -> 19 | Z12: =SUM(J18:J21) -> 28 | ... AF12: =SUM(P18:P21) -> 1050
B13: 07.45 - 08.00 | C13: 67 | D13: 12 | E13: 2 | F13: 43 | G13: 0 | H13: 1 | I13: 5 | J13: 4 | K13: 0 | L13: 0 | M13: 105 | N13: 0 | O13: =SUM(C13:L13,N13) -> 134 | P13: =SUM(C13:N13) -> 239 | R13: 1000-1100 | S13: =SUM(C22:C25) -> 227 | T13: =SUM(D22:D25) -> 22 | U13: =SUM(E22:E25) -> 21 | V13: =SUM(F22:F25) -> 203 | W13: =SUM(G22:G25) -> 4 | X13: =SUM(H22:H25) -> 1 | Y13: =SUM(I22:I25) -> 46 | Z13: =SUM(J22:J25) -> 34 | ... AF13: =SUM(P22:P25) -> 1011
B14: 08.00 - 08.15 | C14: 75 | D14: 6 | E14: 2 | F14: 50 | G14: 0 | H14: 1 | I14: 5 | J14: 7 | K14: 0 | L14: 0 | M14: 115 | N14: 0 | O14: =SUM(C14:L14,N14) -> 146 | P14: =SUM(C14:N14) -> 261 | R14: 1100-1200 | S14: =SUM(C26:C29) -> 224 | T14: =SUM(D26:D29) -> 30 | U14: =SUM(E26:E29) -> 26 | V14: =SUM(F26:F29) -> 169 | W14: =SUM(G26:G29) -> 1 | X14: =SUM(H26:H29) -> 4 | Y14: =SUM(I26:I29) -> 52 | Z14: =SUM(J26:J29) -> 33 | ... AF14: =SUM(P26:P29) -> 865
B15: 08.15 - 08.30 | C15: 39 | D15: 1 | E15: 1 | F15: 17 | G15: 2 | H15: 0 | I15: 4 | J15: 0 | K15: 0 | L15: 0 | M15: 135 | N15: 0 | O15: =SUM(C15:L15,N15) -> 64 | P15: =SUM(C15:N15) -> 199 | R15: 1200-1300 | S15: =SUM(C30:C33) -> 133 | T15: =SUM(D30:D33) -> 30 | U15: =SUM(E30:E33) -> 24 | V15: =SUM(F30:F33) -> 131 | W15: =SUM(G30:G33) -> 3 | X15: =SUM(H30:H33) -> 1 | Y15: =SUM(I30:I33) -> 50 | Z15: =SUM(J30:J33) -> 25 | ... AF15: =SUM(P30:P33) -> 694
B16: 08.30 - 08.45 | C16: 50 | D16: 9 | E16: 2 | F16: 51 | G16: 2 | H16: 2 | I16: 2 | J16: 5 | K16: 1 | L16: 0 | M16: 133 | N16: 0 | O16: =SUM(C16:L16,N16) -> 124 | P16: =SUM(C16:N16) -> 257 | R16: 1300-1400 | S16: =SUM(C34:C37) -> 145 | T16: =SUM(D34:D37) -> 29 | U16: =SUM(E34:E37) -> 27 | V16: =SUM(F34:F37) -> 144 | W16: =SUM(G34:G37) -> 1 | X16: =SUM(H34:H37) -> 1 | Y16: =SUM(I34:I37) -> 68 | Z16: =SUM(J34:J37) -> 32 | ... AF16: =SUM(P34:P37) -> 736
B17: 08.45 - 9.00 | C17: 70 | D17: 6 | E17: 3 | F17: 57 | G17: 2 | H17: 1 | I17: 4 | J17: 6 | K17: 1 | L17: 0 | M17: 115 | N17: 0 | O17: =SUM(C17:L17,N17) -> 150 | P17: =SUM(C17:N17) -> 265 | R17: 1400-1500 | S17: =SUM(C38:C41) -> 166 | T17: =SUM(D38:D41) -> 19 | U17: =SUM(E38:E41) -> 29 | V17: =SUM(F38:F41) -> 146 | W17: =SUM(G38:G41) -> 2 | X17: =SUM(H38:H41) -> 3 | Y17: =SUM(I38:I41) -> 59 | Z17: =SUM(J38:J41) -> 30 | ... AF17: =SUM(P38:P41) -> 824
B18: 09.00 - 09.15 | C18: 63 | D18: 12 | E18: 21 | F18: 42 | G18: 3 | H18: 1 | I18: 1 | J18: 11 | K18: 2 | L18: 0 | M18: 145 | N18: 0 | O18: =SUM(C18:L18,N18) -> 156 | P18: =SUM(C18:N18) -> 301 | R18: 1500-1600 | S18: =SUM(C42:C45) -> 151 | T18: =SUM(D42:D45) -> 13 | U18: =SUM(E42:E45) -> 11 | V18: =SUM(F42:F45) -> 111 | W18: =SUM(G42:G45) -> 5 | X18: =SUM(H42:H45) -> 1 | Y18: =SUM(I42:I45) -> 48 | Z18: =SUM(J42:J45) -> 26 | ... AF18: =SUM(P42:P45) -> 473
B19: 09.15 - 09.30 | C19: 55 | D19: 7 | E19: 6 | F19: 47 | G19: 1 | H19: 1 | I19: 5 | J19: 5 | K19: 2 | L19: 1 | M19: 130 | N19: 0 | O19: =SUM(C19:L19,N19) -> 130 | P19: =SUM(C19:N19) -> 260 | R19: 1600-1700 | S19: =SUM(C46:C49) -> 122 | T19: =SUM(D46:D49) -> 25 | U19: =SUM(E46:E49) -> 22 | V19: =SUM(F46:F49) -> 135 | W19: =SUM(G46:G49) -> 2 | X19: =SUM(H46:H49) -> 1 | Y19: =SUM(I46:I49) -> 63 | Z19: =SUM(J46:J49) -> 35 | ... AF19: =SUM(P46:P49) -> 892
B20: 09.30 - 09.45 | C20: 70 | D20: 4 | E20: 1 | F20: 38 | G20: 0 | H20: 1 | I20: 9 | J20: 5 | K20: 1 | L20: 0 | M20: 110 | N20: 0 | O20: =SUM(C20:L20,N20) -> 129 | P20: =SUM(C20:N20) -> 239 | R20: 1700-1800 | S20: =SUM(C50:C53) -> 182 | T20: =SUM(D50:D53) -> 27 | U20: =SUM(E50:E53) -> 9 | V20: =SUM(F50:F53) -> 228 | W20: =SUM(G50:G53) -> 6 | X20: =SUM(H50:H53) -> 1 | Y20: =SUM(I50:I53) -> 69 | Z20: =SUM(J50:J53) -> 31 | ... AF20: =SUM(P50:P53) -> 1192
B21: 09.45 - 10.00 | C21: 81 | D21: 7 | E21: 3 | F21: 28 | G21: 0 | H21: 0 | I21: 4 | J21: 7 | K21: 2 | L21: 0 | M21: 118 | N21: 0 | O21: =SUM(C21:L21,N21) -> 132 | P21: =SUM(C21:N21) -> 250 | R21: 1800-1900 | S21: =SUM(C54:C57) -> 162 | T21: =SUM(D54:D57) -> 18 | U21: =SUM(E54:E57) -> 17 | V21: =SUM(F54:F57) -> 246 | W21: =SUM(G54:G57) -> 10 | X21: =SUM(H54:H57) -> 6 | Y21: =SUM(I54:I57) -> 56 | Z21: =SUM(J54:J57) -> 45 | ... AF21: =SUM(P54:P57) -> 1273
B22: 10.00 - 10.15 | C22: 60 | D22: 3 | E22: 5 | F22: 60 | G22: 2 | H22: 0 | I22: 9 | J22: 4 | K22: 1 | L22: 0 | M22: 130 | N22: 0 | O22: =SUM(C22:L22,N22) -> 144 | P22: =SUM(C22:N22) -> 274 | R22: AM Peak Hr | S22: =MAX(S10:S12) -> 269 | T22: =MAX(T10:T12) -> 61 | U22: =MAX(U10:U12) -> 31 | V22: =MAX(V10:V12) -> 175 | W22: =MAX(W10:W12) -> 6 | X22: =MAX(X10:X12) -> 4 | Y22: =MAX(Y10:Y12) -> 19 | Z22: =MAX(Z10:Z12) -> 28 | ... AF22: =MAX(AF10:AF12) -> 1050
B23: 10.15 - 10.30 | C23: 51 | D23: 3 | E23: 3 | F23: 39 | G23: 1 | H23: 0 | I23: 12 | J23: 10 | K23: 3 | L23: 0 | M23: 115 | N23: 0 | O23: =SUM(C23:L23,N23) -> 122 | P23: =SUM(C23:N23) -> 237 | R23: IP Peak Hr | S23: =MAX(S13:S18) -> 227 | T23: =MAX(T13:T18) -> 30 | U23: =MAX(U13:U18) -> 29 | V23: =MAX(V13:V18) -> 203 | W23: =MAX(W13:W18) -> 5 | X23: =MAX(X13:X18) -> 4 | Y23: =MAX(Y13:Y18) -> 68 | Z23: =MAX(Z13:Z18) -> 34 | ... AF23: =MAX(AF13:AF18) -> 1011
B24: 10.30 - 10.45 | C24: 66 | D24: 12 | E24: 4 | F24: 58 | G24: 1 | H24: 1 | I24: 13 | J24: 8 | K24: 1 | L24: 0 | M24: 110 | N24: 0 | O24: =SUM(C24:L24,N24) -> 164 | P24: =SUM(C24:N24) -> 274 | R24: PM Peak Hr | S24: =MAX(S19:S21) -> 182 | T24: =MAX(T19:T21) -> 27 | U24: =MAX(U19:U21) -> 22 | V24: =MAX(V19:V21) -> 246 | W24: =MAX(W19:W21) -> 10 | X24: =MAX(X19:X21) -> 6 | Y24: =MAX(Y19:Y21) -> 69 | Z24: =MAX(Z19:Z21) -> 45 | ... AF24: =MAX(AF19:AF21) -> 1273
B25: 10.45 - 11.00 | C25: 50 | D25: 4 | E25: 9 | F25: 46 | G25: 0 | H25: 0 | I25: 12 | J25: 12 | K25: 3 | L25: 0 | M25: 90 | N25: 0 | O25: =SUM(C25:L25,N25) -> 136 | P25: =SUM(C25:N25) -> 226 | R25: AM Period | S25: =SUM(S10:S12) -> 725 | T25: =SUM(T10:T12) -> 113 | U25: =SUM(U10:U12) -> 66 | V25: =SUM(V10:V12) -> 468 | W25: =SUM(W10:W12) -> 10 | X25: =SUM(X10:X12) -> 10 | Y25: =SUM(Y10:Y12) -> 51 | Z25: =SUM(Z10:Z12) -> 58 | ... AF25: =SUM(AF10:AF12) -> 2953
B26: 11.00 - 11.15 | C26: 50 | D26: 10 | E26: 11 | F26: 44 | G26: 0 | H26: 1 | I26: 15 | J26: 8 | K26: 2 | L26: 0 | M26: 45 | N26: 0 | O26: =SUM(C26:L26,N26) -> 141 | P26: =SUM(C26:N26) -> 186 | R26: IP Period | S26: =SUM(S13:S18) -> 1046 | T26: =SUM(T13:T18) -> 143 | U26: =SUM(U13:U18) -> 138 | V26: =SUM(V13:V18) -> 904 | W26: =SUM(W13:W18) -> 16 | X26: =SUM(X13:X18) -> 11 | Y26: =SUM(Y13:Y18) -> 323 | Z26: =SUM(Z13:Z18) -> 180 | ... AF26: =SUM(AF13:AF18) -> 4603
B27: 11.15 - 11.30 | C27: 57 | D27: 7 | E27: 6 | F27: 48 | G27: 1 | H27: 1 | I27: 13 | J27: 9 | K27: 0 | L27: 0 | M27: 85 | N27: 0 | O27: =SUM(C27:L27,N27) -> 142 | P27: =SUM(C27:N27) -> 227 | R27: PM Period | S27: =SUM(S19:S21) -> 466 | T27: =SUM(T19:T21) -> 70 | U27: =SUM(U19:U21) -> 48 | V27: =SUM(V19:V21) -> 609 | W27: =SUM(W19:W21) -> 18 | X27: =SUM(X19:X21) -> 8 | Y27: =SUM(Y19:Y21) -> 188 | Z27: =SUM(Z19:Z21) -> 111 | ... AF27: =SUM(AF19:AF21) -> 3357
B28: 11.30 - 11.45 | C28: 70 | D28: 6 | E28: 4 | F28: 37 | G28: 0 | H28: 2 | I28: 12 | J28: 8 | K28: 2 | L28: 0 | M28: 80 | N28: 0 | O28: =SUM(C28:L28,N28) -> 141 | P28: =SUM(C28:N28) -> 221 | R28: 12 Hours | S28: =SUM(S10:S21) -> 2237 | T28: =SUM(T10:T21) -> 326 | U28: =SUM(U10:U21) -> 252 | V28: =SUM(V10:V21) -> 1981 | W28: =SUM(W10:W21) -> 44 | X28: =SUM(X10:X21) -> 29 | Y28: =SUM(Y10:Y21) -> 562 | Z28: =SUM(Z10:Z21) -> 349 | ... AF28: =SUM(AF10:AF21) -> 10913
B29: 11.45 - 12.00 | C29: 47 | D29: 7 | E29: 5 | F29: 40 | G29: 0 | H29: 0 | I29: 12 | J29: 8 | K29: 1 | L29: 0 | M29: 111 | N29: 0 | O29: =SUM(C29:L29,N29) -> 120 | P29: =SUM(C29:N29) -> 231
B30: 12.00 - 12.15 | C30: 50 | D30: 12 | E30: 13 | F30: 49 | G30: 3 | H30: 0 | I30: 17 | J30: 9 | K30: 1 | L30: 0 | M30: 114 | N30: 0 | O30: =SUM(C30:L30,N30) -> 154 | P30: =SUM(C30:N30) -> 268
B31: 12.15 - 12.30 | C31: 25 | D31: 8 | E31: 3 | F31: 13 | G31: 0 | H31: 0 | I31: 4 | J31: 2 | K31: 1 | L31: 0 | M31: 83 | N31: 0 | O31: =SUM(C31:L31,N31) -> 56 | P31: =SUM(C31:N31) -> 139
B32: 12.30 - 12.45 | C32: 44 | D32: 8 | E32: 6 | F32: 49 | G32: 0 | H32: 1 | I32: 21 | J32: 10 | K32: 1 | L32: 0 | M32: 66 | N32: 0 | O32: =SUM(C32:L32,N32) -> 140 | P32: =SUM(C32:N32) -> 206
B33: 12.45 - 13.00 | C33: 14 | D33: 2 | E33: 2 | F33: 20 | G33: 0 | H33: 0 | I33: 8 | J33: 4 | K33: 1 | L33: 0 | M33: 30 | N33: 0 | O33: =SUM(C33:L33,N33) -> 51 | P33: =SUM(C33:N33) -> 81
B34: 13.00 - 13.15 | C34: 40 | D34: 10 | E34: 6 | F34: 35 | G34: 0 | H34: 1 | I34: 21 | J34: 7 | K34: 0 | L34: 0 | M34: 71 | N34: 0 | O34: =SUM(C34:L34,N34) -> 120 | P34: =SUM(C34:N34) -> 191
B35: 13.15 - 13.30 | C35: 29 | D35: 4 | E35: 4 | F35: 25 | G35: 1 | H35: 0 | I35: 16 | J35: 5 | K35: 0 | L35: 0 | M35: 69 | N35: 0 | O35: =SUM(C35:L35,N35) -> 84 | P35: =SUM(C35:N35) -> 153
B36: 13.30 - 13.45 | C36: 37 | D36: 8 | E36: 13 | F36: 46 | G36: 0 | H36: 0 | I36: 13 | J36: 6 | K36: 0 | L36: 0 | M36: 78 | N36: 0 | O36: =SUM(C36:L36,N36) -> 123 | P36: =SUM(C36:N36) -> 201
B37: 13.45 - 14.00 | C37: 39 | D37: 7 | E37: 4 | F37: 38 | G37: 0 | H37: 0 | I37: 18 | J37: 14 | K37: 2 | L37: 0 | M37: 69 | N37: 0 | O37: =SUM(C37:L37,N37) -> 122 | P37: =SUM(C37:N37) -> 191
B38: 14.00 - 14.15 | C38: 37 | D38: 5 | E38: 8 | F38: 36 | G38: 0 | H38: 1 | I38: 16 | J38: 7 | K38: 0 | L38: 0 | M38: 97 | N38: 0 | O38: =SUM(C38:L38,N38) -> 110 | P38: =SUM(C38:N38) -> 207
B39: 14.15 - 14.30 | C39: 50 | D39: 6 | E39: 4 | F39: 40 | G39: 0 | H39: 1 | I39: 12 | J39: 10 | K39: 1 | L39: 1 | M39: 110 | N39: 0 | O39: =SUM(C39:L39,N39) -> 125 | P39: =SUM(C39:N39) -> 235
B40: 14.30 - 14.45 | C40: 42 | D40: 3 | E40: 4 | F40: 47 | G40: 0 | H40: 0 | I40: 16 | J40: 9 | K40: 1 | L40: 0 | M40: 86 | N40: 0 | O40: =SUM(C40:L40,N40) -> 122 | P40: =SUM(C40:N40) -> 208
... B57: 18.45 - 19.00 | C57: 38 | D57: 7 | E57: 9 | F57: 79 | G57: 4 | H57: 1 | I57: 10 | J57: 12 | K57: 0 | L57: 0 | M57: 213 | N57: 0 | O57: =SUM(C57:L57,N57) -> 160 | P57: =SUM(C57:N57) -> 373
B58: Totals | C58: =SUM(C10:C57) -> 2237 | D58: =SUM(D10:D57) -> 326 | E58: =SUM(E10:E57) -> 252 | F58: =SUM(F10:F57) -> 1981 | G58: =SUM(G10:G57) -> 44 | H58: =SUM(H10:H57) -> 29 | I58: =SUM(I10:I57) -> 562 | J58: =SUM(J10:J57) -> 349 | ... P58: =SUM(P10:P57) -> 10913
B59: %ges + MCs | C59: =C58/$P$58 -> 0.20498488 | D59: =D58/$P$58 -> 0.029872629 | E59: =E58/$P$58 -> 0.023091725 | F59: =F58/$P$58 -> 0.18152662 | G59: =G58/$P$58 -> 0.0040318886 | H59: =H58/$P$58 -> 0.0026573811 | I59: =I58/$P$58 -> 0.051498213 | J59: =J58/$P$58 -> 0.031980207 | ... N59: =N58/$P$58 -> 0
B60: %ges w/o MCs | C60: =C58/$O$58 -> 0.38416624 | D60: =D58/$O$58 -> 0.055984888 | E60: =E58/$O$58 -> 0.043276662 | F60: =F58/$O$58 -> 0.34020264 | G60: =G58/$O$58 -> 0.0075562425 | H60: =H58/$O$58 -> 0.0049802507 | I60: =I58/$O$58 -> 0.096513824 | J60: =J58/$O$58 -> 0.059934742 | ... L60: =L58/$O$58 -> 0.00034346557 | N60: =N58/$O$58 -> 0

Sheet 23.07 KALERWE-GAYAZA
B1: Consultancy services for Preparation of Expressway Development Master Plan (EDMP) for Uganda
B2: MANUAL CLASSIFIED COUNT (MCC)
B3: ROAD NAME: | C3: ='22.07 KALERWE-GAYAZA'!C3:G3 -> MCC - C1 - STN26 - Gayaza Road Kanyanya
C5: Date | D5: 23.07.19 | F5: Location | G5: ='22.07 KALERWE-GAYAZA'!G5:H5 -> DELTA KYEBANDO | J5: Surveyor | K5: ='22.07 KALERWE-GAYAZA'!K5:L5 -> NALUBEGA JOSEPHINE
C6: Dir. From | D6: ='22.07 KALERWE-GAYAZA'!D6:E6 -> KALERWE | F6: Dir. To | G6: ='22.07 KALERWE-GAYAZA'!G6:H6 -> GAYAZA | J6: Supervisor | K6: WALAKILA
B8: Time / Veh Type | R8: SUMMARY TRAFFIC VOLUMES
C9: 1. Car | D9: 2. Station Wagon | E9: 3. Pickups | F9: 4. Minibus, matatu | G9: 5. Medium bus | H9: 6. Large Bus | I9: 7. Light Truck | J9: 8. Medium Truck | K9: 9. Heavy truck | L9: 10. Truck Trailer | M9: 11. Motor cycles | N9: 12. Tractors | O9: Total Excl M/Cycles | P9: Total All | R9: Time | S9: 1. Car | T9: 2. Station Wagon | U9: 3. Pickups | V9: 4. Minibus, matatu | W9: 5. Medium bus | X9: 6. Large Bus | Y9: 7. Light Truck | Z9: 8. Medium Truck | AA9: 9. Heavy truck | AB9: 10. Truck Trailer | AC9: 11. Motorcycles | AD9: 12. Tractors, Graders | AE9: Total Excl M/ Cycles | AF9: Total All
B10: 07.00 - 07.15 | C10: 31 | D10: 9 | E10: 6 | F10: 75 | G10: 4 | H10: 1 | I10: 9 | J10: 2 | K10: 1 | L10: 1 | M10: 150 | N10: 0 | O10: =SUM(C10:L10,N10) -> 139 | P10: =SUM(C10:N10) -> 289 | R10: 0700-0800 | S10: =SUM(C10:C13) -> 113 | T10: =SUM(D10:D13) -> 31 | U10: =SUM(E10:E13) -> 16 | V10: =SUM(F10:F13) -> 250 | W10: =SUM(G10:G13) -> 7 | X10: =SUM(H10:H13) -> 4 | Y10: =SUM(I10:I13) -> 22 | Z10: =SUM(J10:J13) -> 8 | ... AF10: =SUM(P10:P13) -> 1204
B11: 07.15 - 07.30 | C11: 27 | D11: 4 | E11: 2 | F11: 55 | G11: 3 | H11: 1 | I11: 2 | J11: 1 | K11: 1 | L11: 0 | M11: 161 | N11: 0 | O11: =SUM(C11:L11,N11) -> 96 | P11: =SUM(C11:N11) -> 257 | R11: 0800-0900 | S11: =SUM(C14:C17) -> 137 | T11: =SUM(D14:D17) -> 28 | U11: =SUM(E14:E17) -> 30 | V11: =SUM(F14:F17) -> 325 | W11: =SUM(G14:G17) -> 1 | X11: =SUM(H14:H17) -> 1 | Y11: =SUM(I14:I17) -> 29 | Z11: =SUM(J14:J17) -> 2 | ... AF11: =SUM(P14:P17) -> 1694
B12: 07.30 - 07.45 | C12: 35 | D12: 7 | E12: 2 | F12: 53 | G12: 0 | H12: 2 | I12: 10 | J12: 1 | K12: 0 | L12: 0 | M12: 235 | N12: 0 | O12: =SUM(C12:L12,N12) -> 110 | P12: =SUM(C12:N12) -> 345 | R12: 0900-1000 | S12: =SUM(C18:C21) -> 102 | T12: =SUM(D18:D21) -> 54 | U12: =SUM(E18:E21) -> 20 | V12: =SUM(F18:F21) -> 244 | W12: =SUM(G18:G21) -> 3 | X12: =SUM(H18:H21) -> 3 | Y12: =SUM(I18:I21) -> 39 | Z12: =SUM(J18:J21) -> 11 | ... AF12: =SUM(P18:P21) -> 1462
B13: 07.45 - 08.00 | C13: 20 | D13: 11 | E13: 6 | F13: 67 | G13: 0 | H13: 0 | I13: 1 | J13: 4 | K13: 2 | L13: 0 | M13: 202 | N13: 0 | O13: =SUM(C13:L13,N13) -> 111 | P13: =SUM(C13:N13) -> 313 | R13: 1000-1100 | S13: =SUM(C22:C25) -> 192 | T13: =SUM(D22:D25) -> 50 | U13: =SUM(E22:E25) -> 40 | V13: =SUM(F22:F25) -> 284 | W13: =SUM(G22:G25) -> 2 | X13: =SUM(H22:H25) -> 3 | Y13: =SUM(I22:I25) -> 60 | Z13: =SUM(J22:J25) -> 7 | ... AF13: =SUM(P22:P25) -> 1643
B14: 08.00 - 08.15 | C14: 43 | D14: 8 | E14: 6 | F14: 96 | G14: 1 | H14: 0 | I14: 3 | J14: 1 | K14: 0 | L14: 0 | M14: 269 | N14: 0 | O14: =SUM(C14:L14,N14) -> 158 | P14: =SUM(C14:N14) -> 427 | R14: 1100-1200 | S14: =SUM(C26:C29) -> 155 | T14: =SUM(D26:D29) -> 21 | U14: =SUM(E26:E29) -> 22 | V14: =SUM(F26:F29) -> 182 | W14: =SUM(G26:G29) -> 2 | X14: =SUM(H26:H29) -> 5 | Y14: =SUM(I26:I29) -> 43 | Z14: =SUM(J26:J29) -> 14 | ... AF14: =SUM(P26:P29) -> 1120
B15: 08.15 - 08.30 | C15: 30 | D15: 5 | E15: 7 | F15: 63 | G15: 0 | H15: 1 | I15: 11 | J15: 1 | K15: 1 | L15: 0 | M15: 352 | N15: 0 | O15: =SUM(C15:L15,N15) -> 119 | P15: =SUM(C15:N15) -> 471 | R15: 1200-1300 | S15: =SUM(C30:C33) -> 174 | T15: =SUM(D30:D33) -> 36 | U15: =SUM(E30:E33) -> 26 | V15: =SUM(F30:F33) -> 329 | W15: =SUM(G30:G33) -> 1 | X15: =SUM(H30:H33) -> 0 | Y15: =SUM(I30:I33) -> 35 | Z15: =SUM(J30:J33) -> 18 | ... AF15: =SUM(P30:P33) -> 1339
B16: 08.30 - 08.45 | C16: 32 | D16: 8 | E16: 11 | F16: 73 | G16: 0 | H16: 0 | I16: 7 | J16: 0 | K16: 1 | L16: 0 | M16: 207 | N16: 0 | O16: =SUM(C16:L16,N16) -> 132 | P16: =SUM(C16:N16) -> 339 | R16: 1300-1400 | S16: =SUM(C34:C37) -> 156 | T16: =SUM(D34:D37) -> 61 | U16: =SUM(E34:E37) -> 32 | V16: =SUM(F34:F37) -> 186 | W16: =SUM(G34:G37) -> 2 | X16: =SUM(H34:H37) -> 1 | Y16: =SUM(I34:I37) -> 54 | Z16: =SUM(J34:J37) -> 24 | ... AF16: =SUM(P34:P37) -> 1249
B17: 08.45 - 9.00 | C17: 32 | D17: 7 | E17: 6 | F17: 93 | G17: 0 | H17: 0 | I17: 8 | J17: 0 | K17: 0 | L17: 0 | M17: 311 | N17: 0 | O17: =SUM(C17:L17,N17) -> 146 | P17: =SUM(C17:N17) -> 457 | R17: 1400-1500 | S17: =SUM(C38:C41) -> 138 | T17: =SUM(D38:D41) -> 63 | U17: =SUM(E38:E41) -> 41 | V17: =SUM(F38:F41) -> 199 | W17: =SUM(G38:G41) -> 1 | X17: =SUM(H38:H41) -> 4 | Y17: =SUM(I38:I41) -> 72 | Z17: =SUM(J38:J41) -> 5 | ... AF17: =SUM(P38:P41) -> 1202
B18: 09.00 - 09.15 | C18: 24 | D18: 11 | E18: 8 | F18: 58 | G18: 0 | H18: 2 | I18: 7 | J18: 3 | K18: 1 | L18: 4 | M18: 295 | N18: 0 | O18: =SUM(C18:L18,N18) -> 118 | P18: =SUM(C18:N18) -> 413 | R18: 1500-1600 | S18: =SUM(C42:C45) -> 185 | T18: =SUM(D42:D45) -> 61 | U18: =SUM(E42:E45) -> 49 | V18: =SUM(F42:F45) -> 214 | W18: =SUM(G42:G45) -> 1 | X18: =SUM(H42:H45) -> 4 | Y18: =SUM(I42:I45) -> 53 | Z18: =SUM(J42:J45) -> 15 | ... AF18: =SUM(P42:P45) -> 1279
B19: 09.15 - 09.30 | C19: 23 | D19: 19 | E19: 7 | F19: 57 | G19: 0 | H19: 0 | I19: 8 | J19: 5 | K19: 0 | L19: 0 | M19: 225 | N19: 0 | O19: =SUM(C19:L19,N19) -> 119 | P19: =SUM(C19:N19) -> 344 | R19: 1600-1700 | S19: =SUM(C46:C49) -> 240 | T19: =SUM(D46:D49) -> 63 | U19: =SUM(E46:E49) -> 49 | V19: =SUM(F46:F49) -> 188 | W19: =SUM(G46:G49) -> 6 | X19: =SUM(H46:H49) -> 5 | Y19: =SUM(I46:I49) -> 39 | Z19: =SUM(J46:J49) -> 11 | ... AF19: =SUM(P46:P49) -> 1237
B20: 09.30 - 09.45 | C20: 22 | D20: 13 | E20: 2 | F20: 69 | G20: 0 | H20: 0 | I20: 13 | J20: 0 | K20: 0 | L20: 0 | M20: 160 | N20: 0 | O20: =SUM(C20:L20,N20) -> 119 | P20: =SUM(C20:N20) -> 279 | R20: 1700-1800 | S20: =SUM(C50:C53) -> 306 | T20: =SUM(D50:D53) -> 85 | U20: =SUM(E50:E53) -> 35 | V20: =SUM(F50:F53) -> 205 | W20: =SUM(G50:G53) -> 6 | X20: =SUM(H50:H53) -> 6 | Y20: =SUM(I50:I53) -> 28 | Z20: =SUM(J50:J53) -> 11 | ... AF20: =SUM(P50:P53) -> 1476
B21: 09.45 - 10.00 | C21: 33 | D21: 11 | E21: 3 | F21: 60 | G21: 3 | H21: 1 | I21: 11 | J21: 3 | K21: 1 | L21: 0 | M21: 300 | N21: 0 | O21: =SUM(C21:L21,N21) -> 126 | P21: =SUM(C21:N21) -> 426 | R21: 1800-1900 | S21: =SUM(C54:C57) -> 322 | T21: =SUM(D54:D57) -> 93 | U21: =SUM(E54:E57) -> 46 | V21: =SUM(F54:F57) -> 201 | W21: =SUM(G54:G57) -> 8 | X21: =SUM(H54:H57) -> 4 | Y21: =SUM(I54:I57) -> 45 | Z21: =SUM(J54:J57) -> 7 | ... AF21: =SUM(P54:P57) -> 2001
B22: 10.00 - 10.15 | C22: 32 | D22: 13 | E22: 9 | F22: 57 | G22: 0 | H22: 2 | I22: 15 | J22: 0 | K22: 3 | L22: 0 | M22: 300 | N22: 1 | O22: =SUM(C22:L22,N22) -> 132 | P22: =SUM(C22:N22) -> 432 | R22: AM Peak Hr | S22: =MAX(S10:S12) -> 137 | T22: =MAX(T10:T12) -> 54 | U22: =MAX(U10:U12) -> 30 | V22: =MAX(V10:V12) -> 325 | W22: =MAX(W10:W12) -> 7 | X22: =MAX(X10:X12) -> 4 | Y22: =MAX(Y10:Y12) -> 39 | Z22: =MAX(Z10:Z12) -> 11 | ... AF22: =MAX(AF10:AF12) -> 1694
B23: 10.15 - 10.30 | C23: 56 | D23: 18 | E23: 15 | F23: 61 | G23: 0 | H23: 1 | I23: 13 | J23: 2 | K23: 0 | L23: 1 | M23: 205 | N23: 0 | O23: =SUM(C23:L23,N23) -> 167 | P23: =SUM(C23:N23) -> 372 | R23: IP Peak Hr | S23: =MAX(S13:S18) -> 192 | T23: =MAX(T13:T18) -> 63 | U23: =MAX(U13:U18) -> 49 | V23: =MAX(V13:V18) -> 329 | W23: =MAX(W13:W18) -> 2 | X23: =MAX(X13:X18) -> 5 | Y23: =MAX(Y13:Y18) -> 72 | Z23: =MAX(Z13:Z18) -> 24 | ... AF23: =MAX(AF13:AF18) -> 1643
B24: 10.30 - 10.45 | C24: 55 | D24: 8 | E24: 11 | F24: 105 | G24: 1 | H24: 0 | I24: 22 | J24: 2 | K24: 4 | L24: 0 | M24: 330 | N24: 0 | O24: =SUM(C24:L24,N24) -> 208 | P24: =SUM(C24:N24) -> 538 | R24: PM Peak Hr | S24: =MAX(S19:S21) -> 322 | T24: =MAX(T19:T21) -> 93 | U24: =MAX(U19:U21) -> 49 | V24: =MAX(V19:V21) -> 205 | W24: =MAX(W19:W21) -> 8 | X24: =MAX(X19:X21) -> 6 | Y24: =MAX(Y19:Y21) -> 45 | Z24: =MAX(Z19:Z21) -> 11 | ... AF24: =MAX(AF19:AF21) -> 2001
B25: 10.45 - 11.00 | C25: 49 | D25: 11 | E25: 5 | F25: 61 | G25: 1 | H25: 0 | I25: 10 | J25: 3 | K25: 0 | L25: 0 | M25: 161 | N25: 0 | O25: =SUM(C25:L25,N25) -> 140 | P25: =SUM(C25:N25) -> 301 | R25: AM Period | S25: =SUM(S10:S12) -> 352 | T25: =SUM(T10:T12) -> 113 | U25: =SUM(U10:U12) -> 66 | V25: =SUM(V10:V12) -> 819 | W25: =SUM(W10:W12) -> 11 | X25: =SUM(X10:X12) -> 8 | Y25: =SUM(Y10:Y12) -> 90 | Z25: =SUM(Z10:Z12) -> 21 | ... AF25: =SUM(AF10:AF12) -> 4360
B26: 11.00 - 11.15 | C26: 39 | D26: 5 | E26: 6 | F26: 18 | G26: 0 | H26: 3 | I26: 19 | J26: 2 | K26: 0 | L26: 0 | M26: 205 | N26: 0 | O26: =SUM(C26:L26,N26) -> 92 | P26: =SUM(C26:N26) -> 297 | R26: IP Period | S26: =SUM(S13:S18) -> 1000 | T26: =SUM(T13:T18) -> 292 | U26: =SUM(U13:U18) -> 210 | V26: =SUM(V13:V18) -> 1394 | W26: =SUM(W13:W18) -> 9 | X26: =SUM(X13:X18) -> 17 | Y26: =SUM(Y13:Y18) -> 317 | Z26: =SUM(Z13:Z18) -> 83 | ... AF26: =SUM(AF13:AF18) -> 7832
B27: 11.15 - 11.30 | C27: 27 | D27: 9 | E27: 5 | F27: 32 | G27: 1 | H27: 1 | I27: 7 | J27: 4 | K27: 0 | L27: 0 | M27: 195 | N27: 0 | O27: =SUM(C27:L27,N27) -> 86 | P27: =SUM(C27:N27) -> 281 | R27: PM Period | S27: =SUM(S19:S21) -> 868 | T27: =SUM(T19:T21) -> 241 | U27: =SUM(U19:U21) -> 130 | V27: =SUM(V19:V21) -> 594 | W27: =SUM(W19:W21) -> 20 | X27: =SUM(X19:X21) -> 15 | Y27: =SUM(Y19:Y21) -> 112 | Z27: =SUM(Z19:Z21) -> 29 | ... AF27: =SUM(AF19:AF21) -> 4714
B28: 11.30 - 11.45 | C28: 43 | D28: 5 | E28: 5 | F28: 57 | G28: 0 | H28: 0 | I28: 9 | J28: 5 | K28: 2 | L28: 1 | M28: 145 | N28: 0 | O28: =SUM(C28:L28,N28) -> 127 | P28: =SUM(C28:N28) -> 272 | R28: 12 Hours | S28: =SUM(S10:S21) -> 2220 | T28: =SUM(T10:T21) -> 646 | U28: =SUM(U10:U21) -> 406 | V28: =SUM(V10:V21) -> 2807 | W28: =SUM(W10:W21) -> 40 | X28: =SUM(X10:X21) -> 40 | Y28: =SUM(Y10:Y21) -> 519 | Z28: =SUM(Z10:Z21) -> 133 | ... AF28: =SUM(AF10:AF21) -> 16906
B29: 11.45 - 12.00 | C29: 46 | D29: 2 | E29: 6 | F29: 75 | G29: 1 | H29: 1 | I29: 8 | J29: 3 | K29: 1 | L29: 2 | M29: 125 | N29: 0 | O29: =SUM(C29:L29,N29) -> 145 | P29: =SUM(C29:N29) -> 270
B30: 12.00 - 12.15 | C30: 25 | D30: 3 | E30: 4 | F30: 104 | G30: 1 | H30: 0 | I30: 5 | J30: 2 | K30: 2 | L30: 0 | M30: 190 | N30: 0 | O30: =SUM(C30:L30,N30) -> 146 | P30: =SUM(C30:N30) -> 336
B31: 12.15 - 12.30 | C31: 65 | D31: 12 | E31: 9 | F31: 60 | G31: 0 | H31: 0 | I31: 10 | J31: 3 | K31: 2 | L31: 1 | M31: 180 | N31: 0 | O31: =SUM(C31:L31,N31) -> 162 | P31: =SUM(C31:N31) -> 342
B32: 12.30 - 12.45 | C32: 54 | D32: 14 | E32: 8 | F32: 90 | G32: 0 | H32: 0 | I32: 10 | J32: 4 | K32: 0 | L32: 0 | M32: 200 | N32: 0 | O32: =SUM(C32:L32,N32) -> 180 | P32: =SUM(C32:N32) -> 380
B33: 12.45 - 13.00 | C33: 30 | D33: 7 | E33: 5 | F33: 75 | G33: 0 | H33: 0 | I33: 10 | J33: 9 | K33: 2 | L33: 3 | M33: 140 | N33: 0 | O33: =SUM(C33:L33,N33) -> 141 | P33: =SUM(C33:N33) -> 281
B34: 13.00 - 13.15 | C34: 30 | D34: 20 | E34: 8 | F34: 38 | G34: 0 | H34: 0 | I34: 13 | J34: 16 | K34: 0 | L34: 0 | M34: 155 | N34: 0 | O34: =SUM(C34:L34,N34) -> 125 | P34: =SUM(C34:N34) -> 280
B35: 13.15 - 13.30 | C35: 41 | D35: 16 | E35: 4 | F35: 37 | G35: 0 | H35: 1 | I35: 10 | J35: 6 | K35: 0 | L35: 2 | M35: 160 | N35: 0 | O35: =SUM(C35:L35,N35) -> 117 | P35: =SUM(C35:N35) -> 277
B36: 13.30 - 13.45 | C36: 32 | D36: 16 | E36: 11 | F36: 54 | G36: 2 | H36: 0 | I36: 12 | J36: 1 | K36: 2 | L36: 0 | M36: 230 | N36: 0 | O36: =SUM(C36:L36,N36) -> 130 | P36: =SUM(C36:N36) -> 360
B37: 13.45 - 14.00 | C37: 53 | D37: 9 | E37: 9 | F37: 57 | G37: 0 | H37: 0 | I37: 19 | J37: 1 | K37: 1 | L37: 0 | M37: 183 | N37: 0 | O37: =SUM(C37:L37,N37) -> 149 | P37: =SUM(C37:N37) -> 332
B38: 14.00 - 14.15 | C38: 31 | D38: 12 | E38: 9 | F38: 48 | G38: 1 | H38: 0 | I38: 22 | J38: 4 | K38: 0 | L38: 2 | M38: 105 | N38: 0 | O38: =SUM(C38:L38,N38) -> 129 | P38: =SUM(C38:N38) -> 234
B39: 14.15 - 14.30 | C39: 37 | D39: 16 | E39: 4 | F39: 52 | G39: 0 | H39: 2 | I39: 15 | J39: 0 | K39: 4 | L39: 0 | M39: 172 | N39: 0 | O39: =SUM(C39:L39,N39) -> 130 | P39: =SUM(C39:N39) -> 302
B40: 14.30 - 14.45 | C40: 45 | D40: 15 | E40: 14 | F40: 55 | G40: 0 | H40: 2 | I40: 20 | J40: 0 | K40: 9 | L40: 0 | M40: 165 | N40: 0 | O40: =SUM(C40:L40,N40) -> 160 | P40: =SUM(C40:N40) -> 325
... B57: 18.45 - 19.00 | C57: 65 | D57: 17 | E57: 2 | F57: 55 | G57: 2 | H57: 1 | I57: 5 | J57: 0 | K57: 0 | L57: 0 | M57: 265 | N57: 0 | O57: =SUM(C57:L57,N57) -> 147 | P57: =SUM(C57:N57) -> 412
B58: Totals | C58: =SUM(C10:C57) -> 2220 | D58: =SUM(D10:D57) -> 646 | E58: =SUM(E10:E57) -> 406 | F58: =SUM(F10:F57) -> 2807 | G58: =SUM(G10:G57) -> 40 | H58: =SUM(H10:H57) -> 40 | I58: =SUM(I10:I57) -> 519 | J58: =SUM(J10:J57) -> 133 | ... P58: =SUM(P10:P57) -> 16906
B59: %ges + MCs | C59: =C58/$P$58 -> 0.13131433 | D59: =D58/$P$58 -> 0.038211286 | E59: =E58/$P$58 -> 0.024015143 | F59: =F58/$P$58 -> 0.16603573 | G59: =G58/$P$58 -> 0.0023660239 | H59: =H58/$P$58 -> 0.0023660239 | I59: =I58/$P$58 -> 0.03069916 | J59: =J58/$P$58 -> 0.0078670295 | ... N59: =N58/$P$58 -> 5.9150597e-05
B60: %ges w/o MCs | C60: =C58/$O$58 -> 0.32192575 | D60: =D58/$O$58 -> 0.093677494 | E60: =E58/$O$58 -> 0.05887471 | F60: =F58/$O$58 -> 0.40704756 | G60: =G58/$O$58 -> 0.005800464 | H60: =H58/$O$58 -> 0.005800464 | I60: =I58/$O$58 -> 0.075261021 | J60: =J58/$O$58 -> 0.019286543 | ... L60: =L58/$O$58 -> 0.0033352668 | N60: =N58/$O$58 -> 0.0001450116

Sheet 23.07 GAYAZA-KALERWE
B1: Consultancy services for Preparation of Expressway Development Master Plan (EDMP) for Uganda
B2: MANUAL CLASSIFIED COUNT (MCC)
B3: ROAD NAME: | C3: ='22.07 GAYAZA-KALERWE'!C3:G3 -> MCC - C1 - STN26 - Gayaza Road Kanyanya
C5: Date | D5: ='23.07 KALERWE-GAYAZA'!D5 -> 23.07.19 | F5: Location | G5: ='22.07 KALERWE-GAYAZA'!G5:H5 -> DELTA KYEBANDO | J5: Surveyor | K5: MORREEN
C6: Dir. From | D6: ='22.07 GAYAZA-KALERWE'!D6:E6 -> GAYAZA | F6: Dir. To | G6: ='22.07 GAYAZA-KALERWE'!G6:H6 -> KALERWE | J6: Supervisor | K6: LAWRENCE
B8: Time / Veh Type | R8: SUMMARY TRAFFIC VOLUMES
C9: 1. Car | D9: 2. Station Wagon | E9: 3. Pickups | F9: 4. Minibus, matatu | G9: 5. Medium bus | H9: 6. Large Bus | I9: 7. Light Truck | J9: 8. Medium Truck | K9: 9. Heavy truck | L9: 10. Truck Trailer | M9: 11. Motor cycles | N9: 12. Tractors | O9: Total Excl M/Cycles | P9: Total All | R9: Time | S9: 1. Car | T9: 2. Station Wagon | U9: 3. Pickups | V9: 4. Minibus, matatu | W9: 5. Medium bus | X9: 6. Large Bus | Y9: 7. Light Truck | Z9: 8. Medium Truck | AA9: 9. Heavy truck | AB9: 10. Truck Trailer | AC9: 11. Motorcycles | AD9: 12. Tractors, Graders | AE9: Total Excl M/ Cycles | AF9: Total All
B10: 07.00 - 07.15 | C10: 70 | D10: 11 | E10: 8 | F10: 58 | G10: 1 | H10: 2 | I10: 7 | J10: 1 | K10: 0 | L10: 0 | M10: 335 | N10: 0 | O10: =SUM(C10:L10,N10) -> 158 | P10: =SUM(C10:N10) -> 493 | R10: 0700-0800 | S10: =SUM(C10:C13) -> 499 | T10: =SUM(D10:D13) -> 44 | U10: =SUM(E10:E13) -> 22 | V10: =SUM(F10:F13) -> 178 | W10: =SUM(G10:G13) -> 3 | X10: =SUM(H10:H13) -> 3 | Y10: =SUM(I10:I13) -> 17 | Z10: =SUM(J10:J13) -> 9 | ... AF10: =SUM(P10:P13) -> 1815
B11: 07.15 - 07.30 | C11: 50 | D11: 12 | E11: 3 | F11: 42 | G11: 2 | H11: 0 | I11: 2 | J11: 1 | K11: 0 | L11: 0 | M11: 200 | N11: 0 | O11: =SUM(C11:L11,N11) -> 112 | P11: =SUM(C11:N11) -> 312 | R11: 0800-0900 | S11: =SUM(C14:C17) -> 188 | T11: =SUM(D14:D17) -> 33 | U11: =SUM(E14:E17) -> 25 | V11: =SUM(F14:F17) -> 172 | W11: =SUM(G14:G17) -> 7 | X11: =SUM(H14:H17) -> 2 | Y11: =SUM(I14:I17) -> 31 | Z11: =SUM(J14:J17) -> 10 | ... AF11: =SUM(P14:P17) -> 1489
B12: 07.30 - 07.45 | C12: 332 | D12: 13 | E12: 5 | F12: 32 | G12: 0 | H12: 1 | I12: 4 | J12: 5 | K12: 0 | L12: 0 | M12: 255 | N12: 0 | O12: =SUM(C12:L12,N12) -> 392 | P12: =SUM(C12:N12) -> 647 | R12: 0900-1000 | S12: =SUM(C18:C21) -> 212 | T12: =SUM(D18:D21) -> 44 | U12: =SUM(E18:E21) -> 26 | V12: =SUM(F18:F21) -> 205 | W12: =SUM(G18:G21) -> 2 | X12: =SUM(H18:H21) -> 4 | Y12: =SUM(I18:I21) -> 54 | Z12: =SUM(J18:J21) -> 13 | ... AF12: =SUM(P18:P21) -> 1357
B13: 07.45 - 08.00 | C13: 47 | D13: 8 | E13: 6 | F13: 46 | G13: 0 | H13: 0 | I13: 4 | J13: 2 | K13: 0 | L13: 0 | M13: 250 | N13: 0 | O13: =SUM(C13:L13,N13) -> 113 | P13: =SUM(C13:N13) -> 363 | R13: 1000-1100 | S13: =SUM(C22:C25) -> 289 | T13: =SUM(D22:D25) -> 55 | U13: =SUM(E22:E25) -> 22 | V13: =SUM(F22:F25) -> 238 | W13: =SUM(G22:G25) -> 3 | X13: =SUM(H22:H25) -> 1 | Y13: =SUM(I22:I25) -> 40 | Z13: =SUM(J22:J25) -> 34 | ... AF13: =SUM(P22:P25) -> 1690
B14: 08.00 - 08.15 | C14: 30 | D14: 11 | E14: 7 | F14: 40 | G14: 2 | H14: 0 | I14: 5 | J14: 0 | K14: 1 | L14: 0 | M14: 240 | N14: 0 | O14: =SUM(C14:L14,N14) -> 96 | P14: =SUM(C14:N14) -> 336 | R14: 1100-1200 | S14: =SUM(C26:C29) -> 263 | T14: =SUM(D26:D29) -> 34 | U14: =SUM(E26:E29) -> 28 | V14: =SUM(F26:F29) -> 260 | W14: =SUM(G26:G29) -> 1 | X14: =SUM(H26:H29) -> 1 | Y14: =SUM(I26:I29) -> 25 | Z14: =SUM(J26:J29) -> 15 | ... AF14: =SUM(P26:P29) -> 1320
B15: 08.15 - 08.30 | C15: 50 | D15: 6 | E15: 4 | F15: 32 | G15: 1 | H15: 1 | I15: 11 | J15: 4 | K15: 3 | L15: 0 | M15: 225 | N15: 0 | O15: =SUM(C15:L15,N15) -> 112 | P15: =SUM(C15:N15) -> 337 | R15: 1200-1300 | S15: =SUM(C30:C33) -> 367 | T15: =SUM(D30:D33) -> 61 | U15: =SUM(E30:E33) -> 38 | V15: =SUM(F30:F33) -> 261 | W15: =SUM(G30:G33) -> 1 | X15: =SUM(H30:H33) -> 3 | Y15: =SUM(I30:I33) -> 39 | Z15: =SUM(J30:J33) -> 44 | ... AF15: =SUM(P30:P33) -> 1325
B16: 08.30 - 08.45 | C16: 59 | D16: 7 | E16: 5 | F16: 47 | G16: 2 | H16: 0 | I16: 9 | J16: 3 | K16: 0 | L16: 0 | M16: 295 | N16: 0 | O16: =SUM(C16:L16,N16) -> 132 | P16: =SUM(C16:N16) -> 427 | R16: 1300-1400 | S16: =SUM(C34:C37) -> 178 | T16: =SUM(D34:D37) -> 45 | U16: =SUM(E34:E37) -> 20 | V16: =SUM(F34:F37) -> 162 | W16: =SUM(G34:G37) -> 3 | X16: =SUM(H34:H37) -> 2 | Y16: =SUM(I34:I37) -> 38 | Z16: =SUM(J34:J37) -> 23 | ... AF16: =SUM(P34:P37) -> 899
B17: 08.45 - 9.00 | C17: 49 | D17: 9 | E17: 9 | F17: 53 | G17: 2 | H17: 1 | I17: 6 | J17: 3 | K17: 1 | L17: 1 | M17: 255 | N17: 0 | O17: =SUM(C17:L17,N17) -> 134 | P17: =SUM(C17:N17) -> 389 | R17: 1400-1500 | S17: =SUM(C38:C41) -> 148 | T17: =SUM(D38:D41) -> 45 | U17: =SUM(E38:E41) -> 32 | V17: =SUM(F38:F41) -> 133 | W17: =SUM(G38:G41) -> 4 | X17: =SUM(H38:H41) -> 0 | Y17: =SUM(I38:I41) -> 32 | Z17: =SUM(J38:J41) -> 35 | ... AF17: =SUM(P38:P41) -> 734
B18: 09.00 - 09.15 | C18: 47 | D18: 12 | E18: 11 | F18: 60 | G18: 2 | H18: 1 | I18: 11 | J18: 2 | K18: 0 | L18: 0 | M18: 150 | N18: 0 | O18: =SUM(C18:L18,N18) -> 146 | P18: =SUM(C18:N18) -> 296 | R18: 1500-1600 | S18: =SUM(C42:C45) -> 185 | T18: =SUM(D42:D45) -> 57 | U18: =SUM(E42:E45) -> 28 | V18: =SUM(F42:F45) -> 166 | W18: =SUM(G42:G45) -> 1 | X18: =SUM(H42:H45) -> 2 | Y18: =SUM(I42:I45) -> 56 | Z18: =SUM(J42:J45) -> 39 | ... AF18: =SUM(P42:P45) -> 1110
B19: 09.15 - 09.30 | C19: 54 | D19: 14 | E19: 6 | F19: 36 | G19: 0 | H19: 2 | I19: 13 | J19: 6 | K19: 1 | L19: 0 | M19: 235 | N19: 0 | O19: =SUM(C19:L19,N19) -> 132 | P19: =SUM(C19:N19) -> 367 | R19: 1600-1700 | S19: =SUM(C46:C49) -> 253 | T19: =SUM(D46:D49) -> 44 | U19: =SUM(E46:E49) -> 26 | V19: =SUM(F46:F49) -> 245 | W19: =SUM(G46:G49) -> 1 | X19: =SUM(H46:H49) -> 3 | Y19: =SUM(I46:I49) -> 48 | Z19: =SUM(J46:J49) -> 34 | ... AF19: =SUM(P46:P49) -> 1213
B20: 09.30 - 09.45 | C20: 50 | D20: 6 | E20: 5 | F20: 53 | G20: 0 | H20: 0 | I20: 11 | J20: 3 | K20: 0 | L20: 0 | M20: 140 | N20: 0 | O20: =SUM(C20:L20,N20) -> 128 | P20: =SUM(C20:N20) -> 268 | R20: 1700-1800 | S20: =SUM(C50:C53) -> 119 | T20: =SUM(D50:D53) -> 30 | U20: =SUM(E50:E53) -> 17 | V20: =SUM(F50:F53) -> 167 | W20: =SUM(G50:G53) -> 4 | X20: =SUM(H50:H53) -> 3 | Y20: =SUM(I50:I53) -> 34 | Z20: =SUM(J50:J53) -> 30 | ... AF20: =SUM(P50:P53) -> 1147
B21: 09.45 - 10.00 | C21: 61 | D21: 12 | E21: 4 | F21: 56 | G21: 0 | H21: 1 | I21: 19 | J21: 2 | K21: 3 | L21: 1 | M21: 267 | N21: 0 | O21: =SUM(C21:L21,N21) -> 159 | P21: =SUM(C21:N21) -> 426 | R21: 1800-1900 | S21: =SUM(C54:C57) -> 282 | T21: =SUM(D54:D57) -> 36 | U21: =SUM(E54:E57) -> 27 | V21: =SUM(F54:F57) -> 505 | W21: =SUM(G54:G57) -> 3 | X21: =SUM(H54:H57) -> 9 | Y21: =SUM(I54:I57) -> 46 | Z21: =SUM(J54:J57) -> 24 | ... AF21: =SUM(P54:P57) -> 1906
B22: 10.00 - 10.15 | C22: 83 | D22: 15 | E22: 6 | F22: 55 | G22: 0 | H22: 0 | I22: 10 | J22: 8 | K22: 1 | L22: 0 | M22: 160 | N22: 0 | O22: =SUM(C22:L22,N22) -> 178 | P22: =SUM(C22:N22) -> 338 | R22: AM Peak Hr | S22: =MAX(S10:S12) -> 499 | T22: =MAX(T10:T12) -> 44 | U22: =MAX(U10:U12) -> 26 | V22: =MAX(V10:V12) -> 205 | W22: =MAX(W10:W12) -> 7 | X22: =MAX(X10:X12) -> 4 | Y22: =MAX(Y10:Y12) -> 54 | Z22: =MAX(Z10:Z12) -> 13 | ... AF22: =MAX(AF10:AF12) -> 1815
B23: 10.15 - 10.30 | C23: 61 | D23: 17 | E23: 4 | F23: 61 | G23: 2 | H23: 1 | I23: 3 | J23: 6 | K23: 6 | L23: 0 | M23: 288 | N23: 0 | O23: =SUM(C23:L23,N23) -> 161 | P23: =SUM(C23:N23) -> 449 | R23: IP Peak Hr | S23: =MAX(S13:S18) -> 367 | T23: =MAX(T13:T18) -> 61 | U23: =MAX(U13:U18) -> 38 | V23: =MAX(V13:V18) -> 261 | W23: =MAX(W13:W18) -> 4 | X23: =MAX(X13:X18) -> 3 | Y23: =MAX(Y13:Y18) -> 56 | Z23: =MAX(Z13:Z18) -> 44 | ... AF23: =MAX(AF13:AF18) -> 1690
B24: 10.30 - 10.45 | C24: 85 | D24: 9 | E24: 6 | F24: 68 | G24: 0 | H24: 0 | I24: 13 | J24: 6 | K24: 5 | L24: 1 | M24: 340 | N24: 0 | O24: =SUM(C24:L24,N24) -> 193 | P24: =SUM(C24:N24) -> 533 | R24: PM Peak Hr | S24: =MAX(S19:S21) -> 282 | T24: =MAX(T19:T21) -> 44 | U24: =MAX(U19:U21) -> 27 | V24: =MAX(V19:V21) -> 505 | W24: =MAX(W19:W21) -> 4 | X24: =MAX(X19:X21) -> 9 | Y24: =MAX(Y19:Y21) -> 48 | Z24: =MAX(Z19:Z21) -> 34 | ... AF24: =MAX(AF19:AF21) -> 1906
B25: 10.45 - 11.00 | C25: 60 | D25: 14 | E25: 6 | F25: 54 | G25: 1 | H25: 0 | I25: 14 | J25: 14 | K25: 6 | L25: 1 | M25: 200 | N25: 0 | O25: =SUM(C25:L25,N25) -> 170 | P25: =SUM(C25:N25) -> 370 | R25: AM Period | S25: =SUM(S10:S12) -> 899 | T25: =SUM(T10:T12) -> 121 | U25: =SUM(U10:U12) -> 73 | V25: =SUM(V10:V12) -> 555 | W25: =SUM(W10:W12) -> 12 | X25: =SUM(X10:X12) -> 9 | Y25: =SUM(Y10:Y12) -> 102 | Z25: =SUM(Z10:Z12) -> 32 | ... AF25: =SUM(AF10:AF12) -> 4661
B26: 11.00 - 11.15 | C26: 44 | D26: 12 | E26: 8 | F26: 43 | G26: 0 | H26: 1 | I26: 8 | J26: 7 | K26: 3 | L26: 1 | M26: 185 | N26: 0 | O26: =SUM(C26:L26,N26) -> 127 | P26: =SUM(C26:N26) -> 312 | R26: IP Period | S26: =SUM(S13:S18) -> 1430 | T26: =SUM(T13:T18) -> 297 | U26: =SUM(U13:U18) -> 168 | V26: =SUM(V13:V18) -> 1220 | W26: =SUM(W13:W18) -> 13 | X26: =SUM(X13:X18) -> 9 | Y26: =SUM(Y13:Y18) -> 230 | Z26: =SUM(Z13:Z18) -> 190 | ... AF26: =SUM(AF13:AF18) -> 7078
B27: 11.15 - 11.30 | C27: 64 | D27: 9 | E27: 8 | F27: 75 | G27: 0 | H27: 0 | I27: 5 | J27: 3 | K27: 3 | L27: 0 | M27: 159 | N27: 0 | O27: =SUM(C27:L27,N27) -> 167 | P27: =SUM(C27:N27) -> 326 | R27: PM Period | S27: =SUM(S19:S21) -> 654 | T27: =SUM(T19:T21) -> 110 | U27: =SUM(U19:U21) -> 70 | V27: =SUM(V19:V21) -> 917 | W27: =SUM(W19:W21) -> 8 | X27: =SUM(X19:X21) -> 15 | Y27: =SUM(Y19:Y21) -> 128 | Z27: =SUM(Z19:Z21) -> 88 | ... AF27: =SUM(AF19:AF21) -> 4266
B28: 11.30 - 11.45 | C28: 65 | D28: 6 | E28: 4 | F28: 57 | G28: 1 | H28: 0 | I28: 6 | J28: 2 | K28: 3 | L28: 2 | M28: 165 | N28: 0 | O28: =SUM(C28:L28,N28) -> 146 | P28: =SUM(C28:N28) -> 311 | R28: 12 Hours | S28: =SUM(S10:S21) -> 2983 | T28: =SUM(T10:T21) -> 528 | U28: =SUM(U10:U21) -> 311 | V28: =SUM(V10:V21) -> 2692 | W28: =SUM(W10:W21) -> 33 | X28: =SUM(X10:X21) -> 33 | Y28: =SUM(Y10:Y21) -> 460 | Z28: =SUM(Z10:Z21) -> 310 | ... AF28: =SUM(AF10:AF21) -> 16005
B29: 11.45 - 12.00 | C29: 90 | D29: 7 | E29: 8 | F29: 85 | G29: 0 | H29: 0 | I29: 6 | J29: 3 | K29: 2 | L29: 0 | M29: 170 | N29: 0 | O29: =SUM(C29:L29,N29) -> 201 | P29: =SUM(C29:N29) -> 371
B30: 12.00 - 12.15 | C30: 100 | D30: 21 | E30: 15 | F30: 80 | G30: 1 | H30: 1 | I30: 12 | J30: 17 | K30: 6 | L30: 0 | M30: 156 | N30: 0 | O30: =SUM(C30:L30,N30) -> 253 | P30: =SUM(C30:N30) -> 409
B31: 12.15 - 12.30 | C31: 116 | D31: 18 | E31: 10 | F31: 76 | G31: 0 | H31: 0 | I31: 11 | J31: 12 | K31: 5 | L31: 0 | M31: 140 | N31: 0 | O31: =SUM(C31:L31,N31) -> 248 | P31: =SUM(C31:N31) -> 388
B32: 12.30 - 12.45 | C32: 81 | D32: 7 | E32: 5 | F32: 30 | G32: 0 | H32: 1 | I32: 8 | J32: 10 | K32: 5 | L32: 1 | M32: 45 | N32: 0 | O32: =SUM(C32:L32,N32) -> 148 | P32: =SUM(C32:N32) -> 193
B33: 12.45 - 13.00 | C33: 70 | D33: 15 | E33: 8 | F33: 75 | G33: 0 | H33: 1 | I33: 8 | J33: 5 | K33: 3 | L33: 0 | M33: 150 | N33: 0 | O33: =SUM(C33:L33,N33) -> 185 | P33: =SUM(C33:N33) -> 335
B34: 13.00 - 13.15 | C34: 75 | D34: 9 | E34: 3 | F34: 34 | G34: 3 | H34: 0 | I34: 5 | J34: 0 | K34: 3 | L34: 2 | M34: 118 | N34: 0 | O34: =SUM(C34:L34,N34) -> 134 | P34: =SUM(C34:N34) -> 252
B35: 13.15 - 13.30 | C35: 33 | D35: 10 | E35: 8 | F35: 45 | G35: 0 | H35: 0 | I35: 9 | J35: 9 | K35: 2 | L35: 0 | M35: 85 | N35: 0 | O35: =SUM(C35:L35,N35) -> 116 | P35: =SUM(C35:N35) -> 201
B36: 13.30 - 13.45 | C36: 38 | D36: 11 | E36: 4 | F36: 47 | G36: 0 | H36: 1 | I36: 10 | J36: 6 | K36: 1 | L36: 2 | M36: 100 | N36: 0 | O36: =SUM(C36:L36,N36) -> 120 | P36: =SUM(C36:N36) -> 220
B37: 13.45 - 14.00 | C37: 32 | D37: 15 | E37: 5 | F37: 36 | G37: 0 | H37: 1 | I37: 14 | J37: 8 | K37: 5 | L37: 0 | M37: 110 | N37: 0 | O37: =SUM(C37:L37,N37) -> 116 | P37: =SUM(C37:N37) -> 226
B38: 14.00 - 14.15 | C38: 38 | D38: 14 | E38: 12 | F38: 38 | G38: 3 | H38: 0 | I38: 8 | J38: 6 | K38: 3 | L38: 0 | M38: 80 | N38: 0 | O38: =SUM(C38:L38,N38) -> 122 | P38: =SUM(C38:N38) -> 202
B39: 14.15 - 14.30 | C39: 34 | D39: 14 | E39: 4 | F39: 43 | G39: 0 | H39: 0 | I39: 7 | J39: 12 | K39: 5 | L39: 0 | M39: 96 | N39: 0 | O39: =SUM(C39:L39,N39) -> 119 | P39: =SUM(C39:N39) -> 215
B40: 14.30 - 14.45 | C40: 39 | D40: 14 | E40: 9 | F40: 28 | G40: 1 | H40: 0 | I40: 9 | J40: 11 | K40: 10 | L40: 1 | M40: 61 | N40: 0 | O40: =SUM(C40:L40,N40) -> 122 | P40: =SUM(C40:N40) -> 183
... B57: 18.45 - 19.00 | C57: 49 | D57: 10 | E57: 6 | F57: 135 | G57: 0 | H57: 0 | I57: 8 | J57: 8 | K57: 1 | L57: 0 | M57: 193 | N57: 0 | O57: =SUM(C57:L57,N57) -> 217 | P57: =SUM(C57:N57) -> 410
B58: Totals | C58: =SUM(C10:C57) -> 2983 | D58: =SUM(D10:D57) -> 528 | E58: =SUM(E10:E57) -> 311 | F58: =SUM(F10:F57) -> 2692 | G58: =SUM(G10:G57) -> 33 | H58: =SUM(H10:H57) -> 33 | I58: =SUM(I10:I57) -> 460 | J58: =SUM(J10:J57) -> 310 | ... P58: =SUM(P10:P57) -> 16005
B59: %ges + MCs | C59: =C58/$P$58 -> 0.18637926 | D59: =D58/$P$58 -> 0.032989691 | E59: =E58/$P$58 -> 0.019431428 | F59: =F58/$P$58 -> 0.16819744 | G59: =G58/$P$58 -> 0.0020618557 | H59: =H58/$P$58 -> 0.0020618557 | I59: =I58/$P$58 -> 0.028741018 | J59: =J58/$P$58 -> 0.019368947 | ... N59: =N58/$P$58 -> 0
B60: %ges w/o MCs | C60: =C58/$O$58 -> 0.39730954 | D60: =D58/$O$58 -> 0.070324987 | E60: =E58/$O$58 -> 0.041422483 | F60: =F58/$O$58 -> 0.35855088 | G60: =G58/$O$58 -> 0.0043953117 | H60: =H58/$O$58 -> 0.0043953117 | I60: =I58/$O$58 -> 0.061267981 | J60: =J58/$O$58 -> 0.041289291 | ... L60: =L58/$O$58 -> 0.0027970165 | N60: =N58/$O$58 -> 0

Sheet 24.07 KALERWE-GAYAZA
B1: Consultancy services for Preparation of Expressway Development Master Plan (EDMP) for Uganda
B2: MANUAL CLASSIFIED COUNT (MCC)
B3: ROAD NAME: | C3: ='22.07 KALERWE-GAYAZA'!C3:G3 -> MCC - C1 - STN26 - Gayaza Road Kanyanya
C5: Date | D5: 24.07.19 | F5: Location | G5: ='22.07 KALERWE-GAYAZA'!G5:H5 -> DELTA KYEBANDO | J5: Surveyor | K5: NALUBEGA JOSEPHINE AND NANDUTU SANDRAH
C6: Dir. From | D6: ='22.07 KALERWE-GAYAZA'!D6:E6 -> KALERWE | F6: Dir. To | G6: ='22.07 KALERWE-GAYAZA'!G6:H6 -> GAYAZA | J6: Supervisor | K6: ='22.07 KALERWE-GAYAZA'!K6:L6 -> WALAKIRA
B8: Time / Veh Type | R8: SUMMARY TRAFFIC VOLUMES
C9: 1. Car | D9: 2. Station Wagon | E9: 3. Pickups | F9: 4. Minibus, matatu | G9: 5. Medium bus | H9: 6. Large Bus | I9: 7. Light Truck | J9: 8. Medium Truck | K9: 9. Heavy truck | L9: 10. Truck Trailer | M9: 11. Motor cycles | N9: 12. Tractors | O9: Total Excl M/Cycles | P9: Total All | R9: Time | S9: 1. Car | T9: 2. Station Wagon | U9: 3. Pickups | V9: 4. Minibus, matatu | W9: 5. Medium bus | X9: 6. Large Bus | Y9: 7. Light Truck | Z9: 8. Medium Truck | AA9: 9. Heavy truck | AB9: 10. Truck Trailer | AC9: 11. Motorcycles | AD9: 12. Tractors, Graders | AE9: Total Excl M/ Cycles | AF9: Total All
B10: 07.00 - 07.15 | C10: 21 | D10: 6 | E10: 4 | F10: 60 | G10: 2 | H10: 1 | I10: 8 | J10: 3 | K10: 0 | L10: 0 | M10: 385 | N10: 0 | O10: =SUM(C10:L10,N10) -> 105 | P10: =SUM(C10:N10) -> 490 | R10: 0700-0800 | S10: =SUM(C10:C13) -> 76 | T10: =SUM(D10:D13) -> 17 | U10: =SUM(E10:E13) -> 18 | V10: =SUM(F10:F13) -> 196 | W10: =SUM(G10:G13) -> 8 | X10: =SUM(H10:H13) -> 3 | Y10: =SUM(I10:I13) -> 34 | Z10: =SUM(J10:J13) -> 10 | ... AF10: =SUM(P10:P13) -> 1882
B11: 07.15 - 07.30 | C11: 16 | D11: 8 | E11: 1 | F11: 47 | G11: 2 | H11: 0 | I11: 8 | J11: 1 | K11: 0 | L11: 1 | M11: 400 | N11: 0 | O11: =SUM(C11:L11,N11) -> 84 | P11: =SUM(C11:N11) -> 484 | R11: 0800-0900 | S11: =SUM(C14:C17) -> 89 | T11: =SUM(D14:D17) -> 25 | U11: =SUM(E14:E17) -> 25 | V11: =SUM(F14:F17) -> 234 | W11: =SUM(G14:G17) -> 2 | X11: =SUM(H14:H17) -> 1 | Y11: =SUM(I14:I17) -> 21 | Z11: =SUM(J14:J17) -> 7 | ... AF11: =SUM(P14:P17) -> 1851
B12: 07.30 - 07.45 | C12: 18 | D12: 1 | E12: 9 | F12: 49 | G12: 1 | H12: 2 | I12: 10 | J12: 6 | K12: 0 | L12: 1 | M12: 325 | N12: 0 | O12: =SUM(C12:L12,N12) -> 97 | P12: =SUM(C12:N12) -> 422 | R12: 0900-1000 | S12: =SUM(C18:C21) -> 149 | T12: =SUM(D18:D21) -> 32 | U12: =SUM(E18:E21) -> 34 | V12: =SUM(F18:F21) -> 216 | W12: =SUM(G18:G21) -> 1 | X12: =SUM(H18:H21) -> 1 | Y12: =SUM(I18:I21) -> 31 | Z12: =SUM(J18:J21) -> 8 | ... AF12: =SUM(P18:P21) -> 1780
B13: 07.45 - 08.00 | C13: 21 | D13: 2 | E13: 4 | F13: 40 | G13: 3 | H13: 0 | I13: 8 | J13: 0 | K13: 0 | L13: 3 | M13: 405 | N13: 0 | O13: =SUM(C13:L13,N13) -> 81 | P13: =SUM(C13:N13) -> 486 | R13: 1000-1100 | S13: =SUM(C22:C25) -> 169 | T13: =SUM(D22:D25) -> 40 | U13: =SUM(E22:E25) -> 29 | V13: =SUM(F22:F25) -> 175 | W13: =SUM(G22:G25) -> 1 | X13: =SUM(H22:H25) -> 2 | Y13: =SUM(I22:I25) -> 49 | Z13: =SUM(J22:J25) -> 15 | ... AF13: =SUM(P22:P25) -> 1514
B14: 08.00 - 08.15 | C14: 19 | D14: 7 | E14: 6 | F14: 60 | G14: 1 | H14: 0 | I14: 8 | J14: 3 | K14: 0 | L14: 0 | M14: 394 | N14: 0 | O14: =SUM(C14:L14,N14) -> 104 | P14: =SUM(C14:N14) -> 498 | R14: 1100-1200 | S14: =SUM(C26:C29) -> 146 | T14: =SUM(D26:D29) -> 42 | U14: =SUM(E26:E29) -> 32 | V14: =SUM(F26:F29) -> 186 | W14: =SUM(G26:G29) -> 0 | X14: =SUM(H26:H29) -> 1 | Y14: =SUM(I26:I29) -> 63 | Z14: =SUM(J26:J29) -> 7 | ... AF14: =SUM(P26:P29) -> 1437
B15: 08.15 - 08.30 | C15: 19 | D15: 4 | E15: 6 | F15: 45 | G15: 0 | H15: 1 | I15: 5 | J15: 1 | K15: 0 | L15: 0 | M15: 280 | N15: 0 | O15: =SUM(C15:L15,N15) -> 81 | P15: =SUM(C15:N15) -> 361 | R15: 1200-1300 | S15: =SUM(C30:C33) -> 164 | T15: =SUM(D30:D33) -> 23 | U15: =SUM(E30:E33) -> 45 | V15: =SUM(F30:F33) -> 171 | W15: =SUM(G30:G33) -> 8 | X15: =SUM(H30:H33) -> 1 | Y15: =SUM(I30:I33) -> 48 | Z15: =SUM(J30:J33) -> 14 | ... AF15: =SUM(P30:P33) -> 1208
B16: 08.30 - 08.45 | C16: 24 | D16: 7 | E16: 5 | F16: 76 | G16: 1 | H16: 0 | I16: 1 | J16: 1 | K16: 0 | L16: 2 | M16: 335 | N16: 0 | O16: =SUM(C16:L16,N16) -> 117 | P16: =SUM(C16:N16) -> 452 | R16: 1300-1400 | S16: =SUM(C34:C37) -> 160 | T16: =SUM(D34:D37) -> 33 | U16: =SUM(E34:E37) -> 39 | V16: =SUM(F34:F37) -> 156 | W16: =SUM(G34:G37) -> 0 | X16: =SUM(H34:H37) -> 4 | Y16: =SUM(I34:I37) -> 44 | Z16: =SUM(J34:J37) -> 16 | ... AF16: =SUM(P34:P37) -> 1245
B17: 08.45 - 9.00 | C17: 27 | D17: 7 | E17: 8 | F17: 53 | G17: 0 | H17: 0 | I17: 7 | J17: 2 | K17: 0 | L17: 1 | M17: 435 | N17: 0 | O17: =SUM(C17:L17,N17) -> 105 | P17: =SUM(C17:N17) -> 540 | R17: 1400-1500 | S17: =SUM(C38:C41) -> 187 | T17: =SUM(D38:D41) -> 36 | U17: =SUM(E38:E41) -> 34 | V17: =SUM(F38:F41) -> 179 | W17: =SUM(G38:G41) -> 1 | X17: =SUM(H38:H41) -> 3 | Y17: =SUM(I38:I41) -> 48 | Z17: =SUM(J38:J41) -> 18 | ... AF17: =SUM(P38:P41) -> 1696
B18: 09.00 - 09.15 | C18: 21 | D18: 7 | E18: 8 | F18: 58 | G18: 0 | H18: 0 | I18: 5 | J18: 1 | K18: 0 | L18: 0 | M18: 331 | N18: 0 | O18: =SUM(C18:L18,N18) -> 100 | P18: =SUM(C18:N18) -> 431 | R18: 1500-1600 | S18: =SUM(C42:C45) -> 242 | T18: =SUM(D42:D45) -> 54 | U18: =SUM(E42:E45) -> 52 | V18: =SUM(F42:F45) -> 215 | W18: =SUM(G42:G45) -> 0 | X18: =SUM(H42:H45) -> 3 | Y18: =SUM(I42:I45) -> 45 | Z18: =SUM(J42:J45) -> 13 | ... AF18: =SUM(P42:P45) -> 1750
B19: 09.15 - 09.30 | C19: 32 | D19: 9 | E19: 7 | F19: 53 | G19: 1 | H19: 0 | I19: 8 | J19: 1 | K19: 0 | L19: 1 | M19: 336 | N19: 0 | O19: =SUM(C19:L19,N19) -> 112 | P19: =SUM(C19:N19) -> 448 | R19: 1600-1700 | S19: =SUM(C46:C49) -> 230 | T19: =SUM(D46:D49) -> 78 | U19: =SUM(E46:E49) -> 37 | V19: =SUM(F46:F49) -> 185 | W19: =SUM(G46:G49) -> 3 | X19: =SUM(H46:H49) -> 8 | Y19: =SUM(I46:I49) -> 44 | Z19: =SUM(J46:J49) -> 13 | ... AF19: =SUM(P46:P49) -> 1747
B20: 09.30 - 09.45 | C20: 39 | D20: 7 | E20: 8 | F20: 58 | G20: 0 | H20: 1 | I20: 10 | J20: 6 | K20: 0 | L20: 1 | M20: 327 | N20: 0 | O20: =SUM(C20:L20,N20) -> 130 | P20: =SUM(C20:N20) -> 457 | R20: 1700-1800 | S20: =SUM(C50:C53) -> 285 | T20: =SUM(D50:D53) -> 79 | U20: =SUM(E50:E53) -> 50 | V20: =SUM(F50:F53) -> 171 | W20: =SUM(G50:G53) -> 8 | X20: =SUM(H50:H53) -> 2 | Y20: =SUM(I50:I53) -> 37 | Z20: =SUM(J50:J53) -> 10 | ... AF20: =SUM(P50:P53) -> 1794
B21: 09.45 - 10.00 | C21: 57 | D21: 9 | E21: 11 | F21: 47 | G21: 0 | H21: 0 | I21: 8 | J21: 0 | K21: 0 | L21: 3 | M21: 309 | N21: 0 | O21: =SUM(C21:L21,N21) -> 135 | P21: =SUM(C21:N21) -> 444 | R21: 1800-1900 | S21: =SUM(C54:C57) -> 264 | T21: =SUM(D54:D57) -> 78 | U21: =SUM(E54:E57) -> 51 | V21: =SUM(F54:F57) -> 177 | W21: =SUM(G54:G57) -> 4 | X21: =SUM(H54:H57) -> 7 | Y21: =SUM(I54:I57) -> 17 | Z21: =SUM(J54:J57) -> 9 | ... AF21: =SUM(P54:P57) -> 1892
B22: 10.00 - 10.15 | C22: 41 | D22: 19 | E22: 5 | F22: 42 | G22: 0 | H22: 0 | I22: 5 | J22: 1 | K22: 0 | L22: 4 | M22: 250 | N22: 0 | O22: =SUM(C22:L22,N22) -> 117 | P22: =SUM(C22:N22) -> 367 | R22: AM Peak Hr | S22: =MAX(S10:S12) -> 149 | T22: =MAX(T10:T12) -> 32 | U22: =MAX(U10:U12) -> 34 | V22: =MAX(V10:V12) -> 234 | W22: =MAX(W10:W12) -> 8 | X22: =MAX(X10:X12) -> 3 | Y22: =MAX(Y10:Y12) -> 34 | Z22: =MAX(Z10:Z12) -> 10 | ... AF22: =MAX(AF10:AF12) -> 1882
B23: 10.15 - 10.30 | C23: 32 | D23: 4 | E23: 4 | F23: 36 | G23: 0 | H23: 1 | I23: 9 | J23: 9 | K23: 0 | L23: 2 | M23: 265 | N23: 0 | O23: =SUM(C23:L23,N23) -> 97 | P23: =SUM(C23:N23) -> 362 | R23: IP Peak Hr | S23: =MAX(S13:S18) -> 242 | T23: =MAX(T13:T18) -> 54 | U23: =MAX(U13:U18) -> 52 | V23: =MAX(V13:V18) -> 215 | W23: =MAX(W13:W18) -> 8 | X23: =MAX(X13:X18) -> 4 | Y23: =MAX(Y13:Y18) -> 63 | Z23: =MAX(Z13:Z18) -> 18 | ... AF23: =MAX(AF13:AF18) -> 1750
B24: 10.30 - 10.45 | C24: 50 | D24: 8 | E24: 15 | F24: 47 | G24: 1 | H24: 0 | I24: 18 | J24: 2 | K24: 0 | L24: 1 | M24: 260 | N24: 0 | O24: =SUM(C24:L24,N24) -> 142 | P24: =SUM(C24:N24) -> 402 | R24: PM Peak Hr | S24: =MAX(S19:S21) -> 285 | T24: =MAX(T19:T21) -> 79 | U24: =MAX(U19:U21) -> 51 | V24: =MAX(V19:V21) -> 185 | W24: =MAX(W19:W21) -> 8 | X24: =MAX(X19:X21) -> 8 | Y24: =MAX(Y19:Y21) -> 44 | Z24: =MAX(Z19:Z21) -> 13 | ... AF24: =MAX(AF19:AF21) -> 1892
B25: 10.45 - 11.00 | C25: 46 | D25: 9 | E25: 5 | F25: 50 | G25: 0 | H25: 1 | I25: 17 | J25: 3 | K25: 0 | L25: 1 | M25: 251 | N25: 0 | O25: =SUM(C25:L25,N25) -> 132 | P25: =SUM(C25:N25) -> 383 | R25: AM Period | S25: =SUM(S10:S12) -> 314 | T25: =SUM(T10:T12) -> 74 | U25: =SUM(U10:U12) -> 77 | V25: =SUM(V10:V12) -> 646 | W25: =SUM(W10:W12) -> 11 | X25: =SUM(X10:X12) -> 5 | Y25: =SUM(Y10:Y12) -> 86 | Z25: =SUM(Z10:Z12) -> 25 | ... AF25: =SUM(AF10:AF12) -> 5513
B26: 11.00 - 11.15 | C26: 42 | D26: 6 | E26: 9 | F26: 49 | G26: 0 | H26: 1 | I26: 17 | J26: 4 | K26: 0 | L26: 4 | M26: 230 | N26: 0 | O26: =SUM(C26:L26,N26) -> 132 | P26: =SUM(C26:N26) -> 362 | R26: IP Period | S26: =SUM(S13:S18) -> 1068 | T26: =SUM(T13:T18) -> 228 | U26: =SUM(U13:U18) -> 231 | V26: =SUM(V13:V18) -> 1082 | W26: =SUM(W13:W18) -> 10 | X26: =SUM(X13:X18) -> 14 | Y26: =SUM(Y13:Y18) -> 297 | Z26: =SUM(Z13:Z18) -> 83 | ... AF26: =SUM(AF13:AF18) -> 8850
B27: 11.15 - 11.30 | C27: 36 | D27: 16 | E27: 6 | F27: 58 | G27: 0 | H27: 0 | I27: 1 | J27: 0 | K27: 0 | L27: 0 | M27: 262 | N27: 0 | O27: =SUM(C27:L27,N27) -> 117 | P27: =SUM(C27:N27) -> 379 | R27: PM Period | S27: =SUM(S19:S21) -> 779 | T27: =SUM(T19:T21) -> 235 | U27: =SUM(U19:U21) -> 138 | V27: =SUM(V19:V21) -> 533 | W27: =SUM(W19:W21) -> 15 | X27: =SUM(X19:X21) -> 17 | Y27: =SUM(Y19:Y21) -> 98 | Z27: =SUM(Z19:Z21) -> 32 | ... AF27: =SUM(AF19:AF21) -> 5433
B28: 11.30 - 11.45 | C28: 39 | D28: 9 | E28: 11 | F28: 38 | G28: 0 | H28: 0 | I28: 13 | J28: 1 | K28: 0 | L28: 0 | M28: 221 | N28: 0 | O28: =SUM(C28:L28,N28) -> 111 | P28: =SUM(C28:N28) -> 332 | R28: 12 Hours | S28: =SUM(S10:S21) -> 2161 | T28: =SUM(T10:T21) -> 537 | U28: =SUM(U10:U21) -> 446 | V28: =SUM(V10:V21) -> 2261 | W28: =SUM(W10:W21) -> 36 | X28: =SUM(X10:X21) -> 36 | Y28: =SUM(Y10:Y21) -> 481 | Z28: =SUM(Z10:Z21) -> 140 | ... AF28: =SUM(AF10:AF21) -> 19796
B29: 11.45 - 12.00 | C29: 29 | D29: 11 | E29: 6 | F29: 41 | G29: 0 | H29: 0 | I29: 32 | J29: 2 | K29: 0 | L29: 0 | M29: 243 | N29: 0 | O29: =SUM(C29:L29,N29) -> 121 | P29: =SUM(C29:N29) -> 364
B30: 12.00 - 12.15 | C30: 46 | D30: 7 | E30: 15 | F30: 38 | G30: 1 | H30: 1 | I30: 17 | J30: 3 | K30: 0 | L30: 3 | M30: 205 | N30: 0 | O30: =SUM(C30:L30,N30) -> 131 | P30: =SUM(C30:N30) -> 336
B31: 12.15 - 12.30 | C31: 42 | D31: 4 | E31: 6 | F31: 51 | G31: 2 | H31: 0 | I31: 6 | J31: 4 | K31: 2 | L31: 0 | M31: 186 | N31: 0 | O31: =SUM(C31:L31,N31) -> 117 | P31: =SUM(C31:N31) -> 303
B32: 12.30 - 12.45 | C32: 35 | D32: 5 | E32: 8 | F32: 37 | G32: 0 | H32: 0 | I32: 17 | J32: 3 | K32: 0 | L32: 1 | M32: 178 | N32: 0 | O32: =SUM(C32:L32,N32) -> 106 | P32: =SUM(C32:N32) -> 284
B33: 12.45 - 13.00 | C33: 41 | D33: 7 | E33: 16 | F33: 45 | G33: 5 | H33: 0 | I33: 8 | J33: 4 | K33: 2 | L33: 2 | M33: 155 | N33: 0 | O33: =SUM(C33:L33,N33) -> 130 | P33: =SUM(C33:N33) -> 285
B34: 13.00 - 13.15 | C34: 38 | D34: 9 | E34: 5 | F34: 34 | G34: 0 | H34: 1 | I34: 12 | J34: 1 | K34: 0 | L34: 0 | M34: 165 | N34: 0 | O34: =SUM(C34:L34,N34) -> 100 | P34: =SUM(C34:N34) -> 265
B35: 13.15 - 13.30 | C35: 41 | D35: 5 | E35: 11 | F35: 33 | G35: 0 | H35: 2 | I35: 11 | J35: 7 | K35: 5 | L35: 3 | M35: 185 | N35: 0 | O35: =SUM(C35:L35,N35) -> 118 | P35: =SUM(C35:N35) -> 303
B36: 13.30 - 13.45 | C36: 40 | D36: 7 | E36: 13 | F36: 38 | G36: 0 | H36: 0 | I36: 10 | J36: 3 | K36: 3 | L36: 0 | M36: 225 | N36: 0 | O36: =SUM(C36:L36,N36) -> 114 | P36: =SUM(C36:N36) -> 339
B37: 13.45 - 14.00 | C37: 41 | D37: 12 | E37: 10 | F37: 51 | G37: 0 | H37: 1 | I37: 11 | J37: 5 | K37: 0 | L37: 2 | M37: 205 | N37: 0 | O37: =SUM(C37:L37,N37) -> 133 | P37: =SUM(C37:N37) -> 338
B38: 14.00 - 14.15 | C38: 65 | D38: 9 | E38: 4 | F38: 60 | G38: 0 | H38: 0 | I38: 7 | J38: 6 | K38: 2 | L38: 1 | M38: 280 | N38: 0 | O38: =SUM(C38:L38,N38) -> 154 | P38: =SUM(C38:N38) -> 434
B39: 14.15 - 14.30 | C39: 39 | D39: 10 | E39: 14 | F39: 36 | G39: 1 | H39: 1 | I39: 10 | J39: 5 | K39: 2 | L39: 3 | M39: 298 | N39: 0 | O39: =SUM(C39:L39,N39) -> 121 | P39: =SUM(C39:N39) -> 419
B40: 14.30 - 14.45 | C40: 32 | D40: 5 | E40: 9 | F40: 38 | G40: 0 | H40: 2 | I40: 14 | J40: 2 | K40: 1 | L40: 1 | M40: 303 | N40: 0 | O40: =SUM(C40:L40,N40) -> 104 | P40: =SUM(C40:N40) -> 407
... B57: 18.45 - 19.00 | C57: 61 | D57: 13 | E57: 6 | F57: 47 | G57: 1 | H57: 1 | I57: 5 | J57: 1 | K57: 0 | L57: 1 | M57: 320 | N57: 0 | O57: =SUM(C57:L57,N57) -> 136 | P57: =SUM(C57:N57) -> 456
B58: Totals | C58: =SUM(C10:C57) -> 2161 | D58: =SUM(D10:D57) -> 537 | E58: =SUM(E10:E57) -> 446 | F58: =SUM(F10:F57) -> 2261 | G58: =SUM(G10:G57) -> 36 | H58: =SUM(H10:H57) -> 36 | I58: =SUM(I10:I57) -> 481 | J58: =SUM(J10:J57) -> 140 | ... P58: =SUM(P10:P57) -> 19796
B59: %ges + MCs | C59: =C58/$P$58 -> 0.10916347 | D59: =D58/$P$58 -> 0.027126692 | E59: =E58/$P$58 -> 0.022529804 | F59: =F58/$P$58 -> 0.11421499 | G59: =G58/$P$58 -> 0.0018185492 | H59: =H58/$P$58 -> 0.0018185492 | I59: =I58/$P$58 -> 0.024297838 | J59: =J58/$P$58 -> 0.0070721358 | ... N59: =N58/$P$58 -> 0
B60: %ges w/o MCs | C60: =C58/$O$58 -> 0.34967638 | D60: =D58/$O$58 -> 0.086893204 | E60: =E58/$O$58 -> 0.072168285 | F60: =F58/$O$58 -> 0.36585761 | G60: =G58/$O$58 -> 0.0058252427 | H60: =H58/$O$58 -> 0.0058252427 | I60: =I58/$O$58 -> 0.077831715 | J60: =J58/$O$58 -> 0.022653722 | ... L60: =L58/$O$58 -> 0.0082524272 | N60: =N58/$O$58 -> 0

Sheet 24.07 GAYAZA-KALERWE
B1: Consultancy services for Preparation of Expressway Development Master Plan (EDMP) for Uganda
B2: MANUAL CLASSIFIED COUNT (MCC)
B3: ROAD NAME: | C3: ='22.07 GAYAZA-KALERWE'!C3:G3 -> MCC - C1 - STN26 - Gayaza Road Kanyanya
C5: Date | D5: ='24.07 KALERWE-GAYAZA'!D5 -> 24.07.19 | F5: Location | G5: ='22.07 KALERWE-GAYAZA'!G5:H5 -> DELTA KYEBANDO | J5: Surveyor | K5: MORREEN AND BABIRYE
C6: Dir. From | D6: ='22.07 GAYAZA-KALERWE'!D6:E6 -> GAYAZA | F6: Dir. To | G6: ='22.07 GAYAZA-KALERWE'!G6:H6 -> KALERWE | J6: Supervisor | K6: LAWRENCE
B8: Time / Veh Type | R8: SUMMARY TRAFFIC VOLUMES
C9: 1. Car | D9: 2. Station Wagon | E9: 3. Pickups | F9: 4. Minibus, matatu | G9: 5. Medium bus | H9: 6. Large Bus | I9: 7. Light Truck | J9: 8. Medium Truck | K9: 9. Heavy truck | L9: 10. Truck Trailer | M9: 11. Motor cycles | N9: 12. Tractors | O9: Total Excl M/Cycles | P9: Total All | R9: Time | S9: 1. Car | T9: 2. Station Wagon | U9: 3. Pickups | V9: 4. Minibus, matatu | W9: 5. Medium bus | X9: 6. Large Bus | Y9: 7. Light Truck | Z9: 8. Medium Truck | AA9: 9. Heavy truck | AB9: 10. Truck Trailer | AC9: 11. Motorcycles | AD9: 12. Tractors, Graders | AE9: Total Excl M/ Cycles | AF9: Total All
B10: 07.00 - 07.15 | C10: 33 | D10: 5 | E10: 0 | F10: 28 | G10: 11 | H10: 0 | I10: 19 | J10: 12 | K10: 3 | L10: 2 | M10: 200 | N10: 0 | O10: =SUM(C10:L10,N10) -> 113 | P10: =SUM(C10:N10) -> 313 | R10: 0700-0800 | S10: =SUM(C10:C13) -> 91 | T10: =SUM(D10:D13) -> 102 | U10: =SUM(E10:E13) -> 71 | V10: =SUM(F10:F13) -> 78 | W10: =SUM(G10:G13) -> 53 | X10: =SUM(H10:H13) -> 2 | Y10: =SUM(I10:I13) -> 39 | Z10: =SUM(J10:J13) -> 16 | ... AF10: =SUM(P10:P13) -> 1710
B11: 07.15 - 07.30 | C11: 53 | D11: 6 | E11: 4 | F11: 47 | G11: 3 | H11: 0 | I11: 6 | J11: 4 | K11: 2 | L11: 392 | M11: 0 | N11: 0 | O11: =SUM(C11:L11,N11) -> 517 | P11: =SUM(C11:N11) -> 517 | R11: 0800-0900 | S11: =SUM(C14:C17) -> 221 | T11: =SUM(D14:D17) -> 29 | U11: =SUM(E14:E17) -> 24 | V11: =SUM(F14:F17) -> 200 | W11: =SUM(G14:G17) -> 3 | X11: =SUM(H14:H17) -> 3 | Y11: =SUM(I14:I17) -> 41 | Z11: =SUM(J14:J17) -> 22 | ... AF11: =SUM(P14:P17) -> 2306
B12: 07.30 - 07.45 | C12: 0 | D12: 85 | E12: 8 | F12: 2 | G12: 39 | H12: 2 | I12: 4 | J12: 0 | K12: 3 | L12: 1 | M12: 170 | N12: 0 | O12: =SUM(C12:L12,N12) -> 144 | P12: =SUM(C12:N12) -> 314 | R12: 0900-1000 | S12: =SUM(C18:C21) -> 239 | T12: =SUM(D18:D21) -> 33 | U12: =SUM(E18:E21) -> 28 | V12: =SUM(F18:F21) -> 241 | W12: =SUM(G18:G21) -> 4 | X12: =SUM(H18:H21) -> 3 | Y12: =SUM(I18:I21) -> 39 | Z12: =SUM(J18:J21) -> 16 | ... AF12: =SUM(P18:P21) -> 2009
B13: 07.45 - 08.00 | C13: 5 | D13: 6 | E13: 59 | F13: 1 | G13: 0 | H13: 0 | I13: 10 | J13: 0 | K13: 0 | L13: 0 | M13: 485 | N13: 0 | O13: =SUM(C13:L13,N13) -> 81 | P13: =SUM(C13:N13) -> 566 | R13: 1000-1100 | S13: =SUM(C22:C25) -> 295 | T13: =SUM(D22:D25) -> 41 | U13: =SUM(E22:E25) -> 39 | V13: =SUM(F22:F25) -> 308 | W13: =SUM(G22:G25) -> 4 | X13: =SUM(H22:H25) -> 2 | Y13: =SUM(I22:I25) -> 18 | Z13: =SUM(J22:J25) -> 24 | ... AF13: =SUM(P22:P25) -> 1757
B14: 08.00 - 08.15 | C14: 35 | D14: 5 | E14: 2 | F14: 55 | G14: 0 | H14: 1 | I14: 25 | J14: 12 | K14: 7 | L14: 1 | M14: 520 | N14: 0 | O14: =SUM(C14:L14,N14) -> 143 | P14: =SUM(C14:N14) -> 663 | R14: 1100-1200 | S14: =SUM(C26:C29) -> 279 | T14: =SUM(D26:D29) -> 41 | U14: =SUM(E26:E29) -> 27 | V14: =SUM(F26:F29) -> 218 | W14: =SUM(G26:G29) -> 0 | X14: =SUM(H26:H29) -> 4 | Y14: =SUM(I26:I29) -> 18 | Z14: =SUM(J26:J29) -> 24 | ... AF14: =SUM(P26:P29) -> 1446
B15: 08.15 - 08.30 | C15: 70 | D15: 9 | E15: 8 | F15: 56 | G15: 2 | H15: 1 | I15: 5 | J15: 4 | K15: 2 | L15: 3 | M15: 392 | N15: 0 | O15: =SUM(C15:L15,N15) -> 160 | P15: =SUM(C15:N15) -> 552 | R15: 1200-1300 | S15: =SUM(C30:C33) -> 295 | T15: =SUM(D30:D33) -> 41 | U15: =SUM(E30:E33) -> 26 | V15: =SUM(F30:F33) -> 287 | W15: =SUM(G30:G33) -> 0 | X15: =SUM(H30:H33) -> 1 | Y15: =SUM(I30:I33) -> 31 | Z15: =SUM(J30:J33) -> 30 | ... AF15: =SUM(P30:P33) -> 1647
B16: 08.30 - 08.45 | C16: 72 | D16: 7 | E16: 8 | F16: 41 | G16: 1 | H16: 1 | I16: 1 | J16: 3 | K16: 0 | L16: 0 | M16: 442 | N16: 0 | O16: =SUM(C16:L16,N16) -> 134 | P16: =SUM(C16:N16) -> 576 | R16: 1300-1400 | S16: =SUM(C34:C37) -> 185 | T16: =SUM(D34:D37) -> 30 | U16: =SUM(E34:E37) -> 31 | V16: =SUM(F34:F37) -> 209 | W16: =SUM(G34:G37) -> 4 | X16: =SUM(H34:H37) -> 1 | Y16: =SUM(I34:I37) -> 38 | Z16: =SUM(J34:J37) -> 20 | ... AF16: =SUM(P34:P37) -> 1264
B17: 08.45 - 9.00 | C17: 44 | D17: 8 | E17: 6 | F17: 48 | G17: 0 | H17: 0 | I17: 10 | J17: 3 | K17: 1 | L17: 0 | M17: 395 | N17: 0 | O17: =SUM(C17:L17,N17) -> 120 | P17: =SUM(C17:N17) -> 515 | R17: 1400-1500 | S17: =SUM(C38:C41) -> 216 | T17: =SUM(D38:D41) -> 28 | U17: =SUM(E38:E41) -> 27 | V17: =SUM(F38:F41) -> 175 | W17: =SUM(G38:G41) -> 3 | X17: =SUM(H38:H41) -> 4 | Y17: =SUM(I38:I41) -> 59 | Z17: =SUM(J38:J41) -> 33 | ... AF17: =SUM(P38:P41) -> 1310
B18: 09.00 - 09.15 | C18: 69 | D18: 5 | E18: 7 | F18: 67 | G18: 0 | H18: 1 | I18: 12 | J18: 2 | K18: 1 | L18: 0 | M18: 523 | N18: 0 | O18: =SUM(C18:L18,N18) -> 164 | P18: =SUM(C18:N18) -> 687 | R18: 1500-1600 | S18: =SUM(C42:C45) -> 289 | T18: =SUM(D42:D45) -> 29 | U18: =SUM(E42:E45) -> 38 | V18: =SUM(F42:F45) -> 199 | W18: =SUM(G42:G45) -> 2 | X18: =SUM(H42:H45) -> 2 | Y18: =SUM(I42:I45) -> 42 | Z18: =SUM(J42:J45) -> 23 | ... AF18: =SUM(P42:P45) -> 1828
B19: 09.15 - 09.30 | C19: 50 | D19: 15 | E19: 8 | F19: 56 | G19: 1 | H19: 0 | I19: 7 | J19: 4 | K19: 4 | L19: 2 | M19: 335 | N19: 0 | O19: =SUM(C19:L19,N19) -> 147 | P19: =SUM(C19:N19) -> 482 | R19: 1600-1700 | S19: =SUM(C46:C49) -> 204 | T19: =SUM(D46:D49) -> 44 | U19: =SUM(E46:E49) -> 46 | V19: =SUM(F46:F49) -> 220 | W19: =SUM(G46:G49) -> 2 | X19: =SUM(H46:H49) -> 3 | Y19: =SUM(I46:I49) -> 29 | Z19: =SUM(J46:J49) -> 24 | ... AF19: =SUM(P46:P49) -> 1760
B20: 09.30 - 09.45 | C20: 67 | D20: 10 | E20: 1 | F20: 69 | G20: 1 | H20: 0 | I20: 12 | J20: 3 | K20: 6 | L20: 1 | M20: 262 | N20: 0 | O20: =SUM(C20:L20,N20) -> 170 | P20: =SUM(C20:N20) -> 432 | R20: 1700-1800 | S20: =SUM(C50:C53) -> 246 | T20: =SUM(D50:D53) -> 38 | U20: =SUM(E50:E53) -> 32 | V20: =SUM(F50:F53) -> 194 | W20: =SUM(G50:G53) -> 2 | X20: =SUM(H50:H53) -> 2 | Y20: =SUM(I50:I53) -> 46 | Z20: =SUM(J50:J53) -> 26 | ... AF20: =SUM(P50:P53) -> 1664
B21: 09.45 - 10.00 | C21: 53 | D21: 3 | E21: 12 | F21: 49 | G21: 2 | H21: 2 | I21: 8 | J21: 7 | K21: 4 | L21: 0 | M21: 268 | N21: 0 | O21: =SUM(C21:L21,N21) -> 140 | P21: =SUM(C21:N21) -> 408 | R21: 1800-1900 | S21: =SUM(C54:C57) -> 190 | T21: =SUM(D54:D57) -> 28 | U21: =SUM(E54:E57) -> 25 | V21: =SUM(F54:F57) -> 214 | W21: =SUM(G54:G57) -> 9 | X21: =SUM(H54:H57) -> 6 | Y21: =SUM(I54:I57) -> 31 | Z21: =SUM(J54:J57) -> 21 | ... AF21: =SUM(P54:P57) -> 1542
B22: 10.00 - 10.15 | C22: 50 | D22: 9 | E22: 10 | F22: 66 | G22: 3 | H22: 2 | I22: 6 | J22: 9 | K22: 1 | L22: 1 | M22: 236 | N22: 0 | O22: =SUM(C22:L22,N22) -> 157 | P22: =SUM(C22:N22) -> 393 | R22: AM Peak Hr | S22: =MAX(S10:S12) -> 239 | T22: =MAX(T10:T12) -> 102 | U22: =MAX(U10:U12) -> 71 | V22: =MAX(V10:V12) -> 241 | W22: =MAX(W10:W12) -> 53 | X22: =MAX(X10:X12) -> 3 | Y22: =MAX(Y10:Y12) -> 41 | Z22: =MAX(Z10:Z12) -> 22 | ... AF22: =MAX(AF10:AF12) -> 2306
B23: 10.15 - 10.30 | C23: 59 | D23: 8 | E23: 12 | F23: 63 | G23: 0 | H23: 0 | I23: 5 | J23: 8 | K23: 7 | L23: 2 | M23: 350 | N23: 0 | O23: =SUM(C23:L23,N23) -> 164 | P23: =SUM(C23:N23) -> 514 | R23: IP Peak Hr | S23: =MAX(S13:S18) -> 295 | T23: =MAX(T13:T18) -> 41 | U23: =MAX(U13:U18) -> 39 | V23: =MAX(V13:V18) -> 308 | W23: =MAX(W13:W18) -> 4 | X23: =MAX(X13:X18) -> 4 | Y23: =MAX(Y13:Y18) -> 59 | Z23: =MAX(Z13:Z18) -> 33 | ... AF23: =MAX(AF13:AF18) -> 1828
B24: 10.30 - 10.45 | C24: 85 | D24: 12 | E24: 9 | F24: 84 | G24: 1 | H24: 0 | I24: 3 | J24: 2 | K24: 3 | L24: 2 | M24: 215 | N24: 0 | O24: =SUM(C24:L24,N24) -> 201 | P24: =SUM(C24:N24) -> 416 | R24: PM Peak Hr | S24: =MAX(S19:S21) -> 246 | T24: =MAX(T19:T21) -> 44 | U24: =MAX(U19:U21) -> 46 | V24: =MAX(V19:V21) -> 220 | W24: =MAX(W19:W21) -> 9 | X24: =MAX(X19:X21) -> 6 | Y24: =MAX(Y19:Y21) -> 46 | Z24: =MAX(Z19:Z21) -> 26 | ... AF24: =MAX(AF19:AF21) -> 1760
B25: 10.45 - 11.00 | C25: 101 | D25: 12 | E25: 8 | F25: 95 | G25: 0 | H25: 0 | I25: 4 | J25: 5 | K25: 7 | L25: 5 | M25: 197 | N25: 0 | O25: =SUM(C25:L25,N25) -> 237 | P25: =SUM(C25:N25) -> 434 | R25: AM Period | S25: =SUM(S10:S12) -> 551 | T25: =SUM(T10:T12) -> 164 | U25: =SUM(U10:U12) -> 123 | V25: =SUM(V10:V12) -> 519 | W25: =SUM(W10:W12) -> 60 | X25: =SUM(X10:X12) -> 8 | Y25: =SUM(Y10:Y12) -> 119 | Z25: =SUM(Z10:Z12) -> 54 | ... AF25: =SUM(AF10:AF12) -> 6025
B26: 11.00 - 11.15 | C26: 56 | D26: 8 | E26: 5 | F26: 75 | G26: 0 | H26: 1 | I26: 2 | J26: 3 | K26: 4 | L26: 0 | M26: 258 | N26: 0 | O26: =SUM(C26:L26,N26) -> 154 | P26: =SUM(C26:N26) -> 412 | R26: IP Period | S26: =SUM(S13:S18) -> 1559 | T26: =SUM(T13:T18) -> 210 | U26: =SUM(U13:U18) -> 188 | V26: =SUM(V13:V18) -> 1396 | W26: =SUM(W13:W18) -> 13 | X26: =SUM(X13:X18) -> 14 | Y26: =SUM(Y13:Y18) -> 206 | Z26: =SUM(Z13:Z18) -> 154 | ... AF26: =SUM(AF13:AF18) -> 9252
B27: 11.15 - 11.30 | C27: 63 | D27: 17 | E27: 7 | F27: 44 | G27: 0 | H27: 1 | I27: 7 | J27: 6 | K27: 6 | L27: 2 | M27: 120 | N27: 0 | O27: =SUM(C27:L27,N27) -> 153 | P27: =SUM(C27:N27) -> 273 | R27: PM Period | S27: =SUM(S19:S21) -> 640 | T27: =SUM(T19:T21) -> 110 | U27: =SUM(U19:U21) -> 103 | V27: =SUM(V19:V21) -> 628 | W27: =SUM(W19:W21) -> 13 | X27: =SUM(X19:X21) -> 11 | Y27: =SUM(Y19:Y21) -> 106 | Z27: =SUM(Z19:Z21) -> 71 | ... AF27: =SUM(AF19:AF21) -> 4966
B28: 11.30 - 11.45 | C28: 85 | D28: 8 | E28: 10 | F28: 48 | G28: 0 | H28: 1 | I28: 4 | J28: 7 | K28: 7 | L28: 1 | M28: 257 | N28: 0 | O28: =SUM(C28:L28,N28) -> 171 | P28: =SUM(C28:N28) -> 428 | R28: 12 Hours | S28: =SUM(S10:S21) -> 2750 | T28: =SUM(T10:T21) -> 484 | U28: =SUM(U10:U21) -> 414 | V28: =SUM(V10:V21) -> 2543 | W28: =SUM(W10:W21) -> 86 | X28: =SUM(X10:X21) -> 33 | Y28: =SUM(Y10:Y21) -> 431 | Z28: =SUM(Z10:Z21) -> 279 | ... AF28: =SUM(AF10:AF21) -> 20243
B29: 11.45 - 12.00 | C29: 75 | D29: 8 | E29: 5 | F29: 51 | G29: 0 | H29: 1 | I29: 5 | J29: 8 | K29: 4 | L29: 1 | M29: 175 | N29: 0 | O29: =SUM(C29:L29,N29) -> 158 | P29: =SUM(C29:N29) -> 333
B30: 12.00 - 12.15 | C30: 100 | D30: 11 | E30: 6 | F30: 100 | G30: 0 | H30: 0 | I30: 4 | J30: 5 | K30: 2 | L30: 4 | M30: 214 | N30: 0 | O30: =SUM(C30:L30,N30) -> 232 | P30: =SUM(C30:N30) -> 446
B31: 12.15 - 12.30 | C31: 75 | D31: 6 | E31: 6 | F31: 66 | G31: 0 | H31: 0 | I31: 4 | J31: 3 | K31: 1 | L31: 1 | M31: 213 | N31: 0 | O31: =SUM(C31:L31,N31) -> 162 | P31: =SUM(C31:N31) -> 375
B32: 12.30 - 12.45 | C32: 56 | D32: 16 | E32: 7 | F32: 59 | G32: 0 | H32: 0 | I32: 12 | J32: 9 | K32: 7 | L32: 4 | M32: 245 | N32: 0 | O32: =SUM(C32:L32,N32) -> 170 | P32: =SUM(C32:N32) -> 415
B33: 12.45 - 13.00 | C33: 64 | D33: 8 | E33: 7 | F33: 62 | G33: 0 | H33: 1 | I33: 11 | J33: 13 | K33: 3 | L33: 2 | M33: 240 | N33: 0 | O33: =SUM(C33:L33,N33) -> 171 | P33: =SUM(C33:N33) -> 411
B34: 13.00 - 13.15 | C34: 42 | D34: 6 | E34: 9 | F34: 45 | G34: 1 | H34: 0 | I34: 3 | J34: 6 | K34: 7 | L34: 1 | M34: 240 | N34: 0 | O34: =SUM(C34:L34,N34) -> 120 | P34: =SUM(C34:N34) -> 360
B35: 13.15 - 13.30 | C35: 62 | D35: 13 | E35: 8 | F35: 73 | G35: 1 | H35: 0 | I35: 10 | J35: 4 | K35: 0 | L35: 1 | M35: 170 | N35: 0 | O35: =SUM(C35:L35,N35) -> 172 | P35: =SUM(C35:N35) -> 342
B36: 13.30 - 13.45 | C36: 52 | D36: 4 | E36: 8 | F36: 41 | G36: 2 | H36: 1 | I36: 14 | J36: 4 | K36: 5 | L36: 2 | M36: 152 | N36: 0 | O36: =SUM(C36:L36,N36) -> 133 | P36: =SUM(C36:N36) -> 285
B37: 13.45 - 14.00 | C37: 29 | D37: 7 | E37: 6 | F37: 50 | G37: 0 | H37: 0 | I37: 11 | J37: 6 | K37: 2 | L37: 1 | M37: 165 | N37: 0 | O37: =SUM(C37:L37,N37) -> 112 | P37: =SUM(C37:N37) -> 277
B38: 14.00 - 14.15 | C38: 55 | D38: 3 | E38: 6 | F38: 32 | G38: 2 | H38: 1 | I38: 36 | J38: 18 | K38: 5 | L38: 6 | M38: 310 | N38: 0 | O38: =SUM(C38:L38,N38) -> 164 | P38: =SUM(C38:N38) -> 474
B39: 14.15 - 14.30 | C39: 54 | D39: 9 | E39: 6 | F39: 31 | G39: 0 | H39: 1 | I39: 8 | J39: 8 | K39: 0 | L39: 1 | M39: 115 | N39: 0 | O39: =SUM(C39:L39,N39) -> 118 | P39: =SUM(C39:N39) -> 233
B40: 14.30 - 14.45 | C40: 56 | D40: 7 | E40: 5 | F40: 47 | G40: 0 | H40: 0 | I40: 9 | J40: 3 | K40: 0 | L40: 0 | M40: 190 | N40: 0 | O40: =SUM(C40:L40,N40) -> 127 | P40: =SUM(C40:N40) -> 317
... B57: 18.45 - 19.00 | C57: 42 | D57: 1 | E57: 4 | F57: 27 | G57: 2 | H57: 0 | I57: 6 | J57: 5 | K57: 0 | L57: 0 | M57: 160 | N57: 0 | O57: =SUM(C57:L57,N57) -> 87 | P57: =SUM(C57:N57) -> 247
B58: Totals | C58: =SUM(C10:C57) -> 2750 | D58: =SUM(D10:D57) -> 484 | E58: =SUM(E10:E57) -> 414 | F58: =SUM(F10:F57) -> 2543 | G58: =SUM(G10:G57) -> 86 | H58: =SUM(H10:H57) -> 33 | I58: =SUM(I10:I57) -> 431 | J58: =SUM(J10:J57) -> 279 | ... P58: =SUM(P10:P57) -> 20243
B59: %ges + MCs | C59: =C58/$P$58 -> 0.13584943 | D59: =D58/$P$58 -> 0.0239095 | E59: =E58/$P$58 -> 0.020451514 | F59: =F58/$P$58 -> 0.12562367 | G59: =G58/$P$58 -> 0.0042483822 | H59: =H58/$P$58 -> 0.0016301932 | I59: =I58/$P$58 -> 0.021291311 | J59: =J58/$P$58 -> 0.013782542 | ... N59: =N58/$P$58 -> 0
B60: %ges w/o MCs | C60: =C58/$O$58 -> 0.3617945 | D60: =D58/$O$58 -> 0.063675832 | E60: =E58/$O$58 -> 0.054466518 | F60: =F58/$O$58 -> 0.33456124 | G60: =G58/$O$58 -> 0.011314301 | H60: =H58/$O$58 -> 0.004341534 | I60: =I58/$O$58 -> 0.056703065 | J60: =J58/$O$58 -> 0.036705697 | ... L60: =L58/$O$58 -> 0.058544928 | N60: =N58/$O$58 -> 0

Sheet 25.07 KALERWE-GAYAZA
B1: Consultancy services for Preparation of Expressway Development Master Plan (EDMP) for Uganda
B2: MANUAL CLASSIFIED COUNT (MCC)
B3: ROAD NAME: | C3: ='22.07 KALERWE-GAYAZA'!C3:G3 -> MCC - C1 - STN26 - Gayaza Road Kanyanya
C5: Date | D5: 25.07.19 | F5: Location | G5: ='24.07 GAYAZA-KALERWE'!G5:H5 -> DELTA KYEBANDO | J5: Surveyor | K5: NALUBEGA JOSEPHINE AND NANDUTU SANDRAH
C6: Dir. From | D6: ='22.07 KALERWE-GAYAZA'!D6:E6 -> KALERWE | F6: Dir. To | G6: ='22.07 KALERWE-GAYAZA'!G6:H6 -> GAYAZA | J6: Supervisor | K6: ='24.07 GAYAZA-KALERWE'!K6:L6 -> LAWRENCE
B8: Time / Veh Type | R8: SUMMARY TRAFFIC VOLUMES
C9: 1. Car | D9: 2. Station Wagon | E9: 3. Pickups | F9: 4. Minibus, matatu | G9: 5. Medium bus | H9: 6. Large Bus | I9: 7. Light Truck | J9: 8. Medium Truck | K9: 9. Heavy truck | L9: 10. Truck Trailer | M9: 11. Motor cycles | N9: 12. Tractors | O9: Total Excl M/Cycles | P9: Total All | R9: Time | S9: 1. Car | T9: 2. Station Wagon | U9: 3. Pickups | V9: 4. Minibus, matatu | W9: 5. Medium bus | X9: 6. Large Bus | Y9: 7. Light Truck | Z9: 8. Medium Truck | AA9: 9. Heavy truck | AB9: 10. Truck Trailer | AC9: 11. Motorcycles | AD9: 12. Tractors, Graders | AE9: Total Excl M/ Cycles | AF9: Total All
B10: 07.00 - 07.15 | C10: 45 | D10: 13 | E10: 12 | F10: 64 | G10: 3 | H10: 1 | I10: 4 | J10: 3 | K10: 2 | L10: 3 | M10: 260 | N10: 0 | O10: =SUM(C10:L10,N10) -> 150 | P10: =SUM(C10:N10) -> 410 | R10: 0700-0800 | S10: =SUM(C10:C13) -> 102 | T10: =SUM(D10:D13) -> 32 | U10: =SUM(E10:E13) -> 28 | V10: =SUM(F10:F13) -> 186 | W10: =SUM(G10:G13) -> 5 | X10: =SUM(H10:H13) -> 3 | Y10: =SUM(I10:I13) -> 14 | Z10: =SUM(J10:J13) -> 10 | ... AF10: =SUM(P10:P13) -> 2074
B11: 07.15 - 07.30 | C11: 18 | D11: 3 | E11: 3 | F11: 42 | G11: 1 | H11: 0 | I11: 2 | J11: 3 | K11: 0 | L11: 0 | M11: 420 | N11: 0 | O11: =SUM(C11:L11,N11) -> 72 | P11: =SUM(C11:N11) -> 492 | R11: 0800-0900 | S11: =SUM(C14:C17) -> 93 | T11: =SUM(D14:D17) -> 17 | U11: =SUM(E14:E17) -> 22 | V11: =SUM(F14:F17) -> 193 | W11: =SUM(G14:G17) -> 5 | X11: =SUM(H14:H17) -> 3 | Y11: =SUM(I14:I17) -> 29 | Z11: =SUM(J14:J17) -> 1 | ... AF11: =SUM(P14:P17) -> 2663
B12: 07.30 - 07.45 | C12: 18 | D12: 9 | E12: 8 | F12: 28 | G12: 0 | H12: 2 | I12: 5 | J12: 3 | K12: 2 | L12: 0 | M12: 470 | N12: 0 | O12: =SUM(C12:L12,N12) -> 75 | P12: =SUM(C12:N12) -> 545 | R12: 0900-1000 | S12: =SUM(C18:C21) -> 92 | T12: =SUM(D18:D21) -> 28 | U12: =SUM(E18:E21) -> 35 | V12: =SUM(F18:F21) -> 260 | W12: =SUM(G18:G21) -> 3 | X12: =SUM(H18:H21) -> 1 | Y12: =SUM(I18:I21) -> 41 | Z12: =SUM(J18:J21) -> 4 | ... AF12: =SUM(P18:P21) -> 2512
B13: 07.45 - 08.00 | C13: 21 | D13: 7 | E13: 5 | F13: 52 | G13: 1 | H13: 0 | I13: 3 | J13: 1 | K13: 0 | L13: 2 | M13: 535 | N13: 0 | O13: =SUM(C13:L13,N13) -> 92 | P13: =SUM(C13:N13) -> 627 | R13: 1000-1100 | S13: =SUM(C22:C25) -> 148 | T13: =SUM(D22:D25) -> 34 | U13: =SUM(E22:E25) -> 34 | V13: =SUM(F22:F25) -> 239 | W13: =SUM(G22:G25) -> 2 | X13: =SUM(H22:H25) -> 3 | Y13: =SUM(I22:I25) -> 34 | Z13: =SUM(J22:J25) -> 2 | ... AF13: =SUM(P22:P25) -> 2492
B14: 08.00 - 08.15 | C14: 22 | D14: 4 | E14: 7 | F14: 49 | G14: 3 | H14: 1 | I14: 5 | J14: 1 | K14: 0 | L14: 1 | M14: 590 | N14: 0 | O14: =SUM(C14:L14,N14) -> 93 | P14: =SUM(C14:N14) -> 683 | R14: 1100-1200 | S14: =SUM(C26:C29) -> 186 | T14: =SUM(D26:D29) -> 55 | U14: =SUM(E26:E29) -> 39 | V14: =SUM(F26:F29) -> 200 | W14: =SUM(G26:G29) -> 7 | X14: =SUM(H26:H29) -> 2 | Y14: =SUM(I26:I29) -> 60 | Z14: =SUM(J26:J29) -> 7 | ... AF14: =SUM(P26:P29) -> 2357
B15: 08.15 - 08.30 | C15: 20 | D15: 6 | E15: 5 | F15: 51 | G15: 1 | H15: 1 | I15: 4 | J15: 0 | K15: 0 | L15: 0 | M15: 570 | N15: 0 | O15: =SUM(C15:L15,N15) -> 88 | P15: =SUM(C15:N15) -> 658 | R15: 1200-1300 | S15: =SUM(C30:C33) -> 220 | T15: =SUM(D30:D33) -> 46 | U15: =SUM(E30:E33) -> 40 | V15: =SUM(F30:F33) -> 196 | W15: =SUM(G30:G33) -> 3 | X15: =SUM(H30:H33) -> 2 | Y15: =SUM(I30:I33) -> 37 | Z15: =SUM(J30:J33) -> 17 | ... AF15: =SUM(P30:P33) -> 2502
B16: 08.30 - 08.45 | C16: 20 | D16: 3 | E16: 2 | F16: 31 | G16: 1 | H16: 0 | I16: 6 | J16: 0 | K16: 1 | L16: 1 | M16: 610 | N16: 0 | O16: =SUM(C16:L16,N16) -> 65 | P16: =SUM(C16:N16) -> 675 | R16: 1300-1400 | S16: =SUM(C34:C37) -> 198 | T16: =SUM(D34:D37) -> 53 | U16: =SUM(E34:E37) -> 43 | V16: =SUM(F34:F37) -> 197 | W16: =SUM(G34:G37) -> 1 | X16: =SUM(H34:H37) -> 3 | Y16: =SUM(I34:I37) -> 32 | Z16: =SUM(J34:J37) -> 9 | ... AF16: =SUM(P34:P37) -> 2108
B17: 08.45 - 9.00 | C17: 31 | D17: 4 | E17: 8 | F17: 62 | G17: 0 | H17: 1 | I17: 14 | J17: 0 | K17: 0 | L17: 2 | M17: 525 | N17: 0 | O17: =SUM(C17:L17,N17) -> 122 | P17: =SUM(C17:N17) -> 647 | R17: 1400-1500 | S17: =SUM(C38:C41) -> 218 | T17: =SUM(D38:D41) -> 76 | U17: =SUM(E38:E41) -> 48 | V17: =SUM(F38:F41) -> 238 | W17: =SUM(G38:G41) -> 4 | X17: =SUM(H38:H41) -> 0 | Y17: =SUM(I38:I41) -> 26 | Z17: =SUM(J38:J41) -> 18 | ... AF17: =SUM(P38:P41) -> 2201
B18: 09.00 - 09.15 | C18: 10 | D18: 7 | E18: 7 | F18: 74 | G18: 0 | H18: 0 | I18: 14 | J18: 2 | K18: 0 | L18: 1 | M18: 550 | N18: 0 | O18: =SUM(C18:L18,N18) -> 115 | P18: =SUM(C18:N18) -> 665 | R18: 1500-1600 | S18: =SUM(C42:C45) -> 287 | T18: =SUM(D42:D45) -> 85 | U18: =SUM(E42:E45) -> 50 | V18: =SUM(F42:F45) -> 276 | W18: =SUM(G42:G45) -> 2 | X18: =SUM(H42:H45) -> 3 | Y18: =SUM(I42:I45) -> 24 | Z18: =SUM(J42:J45) -> 19 | ... AF18: =SUM(P42:P45) -> 1588
B19: 09.15 - 09.30 | C19: 19 | D19: 8 | E19: 8 | F19: 63 | G19: 2 | H19: 0 | I19: 10 | J19: 0 | K19: 0 | L19: 1 | M19: 290 | N19: 0 | O19: =SUM(C19:L19,N19) -> 111 | P19: =SUM(C19:N19) -> 401 | R19: 1600-1700 | S19: =SUM(C46:C49) -> 373 | T19: =SUM(D46:D49) -> 120 | U19: =SUM(E46:E49) -> 54 | V19: =SUM(F46:F49) -> 307 | W19: =SUM(G46:G49) -> 1 | X19: =SUM(H46:H49) -> 7 | Y19: =SUM(I46:I49) -> 37 | Z19: =SUM(J46:J49) -> 13 | ... AF19: =SUM(P46:P49) -> 1557
B20: 09.30 - 09.45 | C20: 40 | D20: 9 | E20: 9 | F20: 79 | G20: 1 | H20: 0 | I20: 9 | J20: 1 | K20: 0 | L20: 1 | M20: 565 | N20: 0 | O20: =SUM(C20:L20,N20) -> 149 | P20: =SUM(C20:N20) -> 714 | R20: 1700-1800 | S20: =SUM(C50:C53) -> 514 | T20: =SUM(D50:D53) -> 157 | U20: =SUM(E50:E53) -> 83 | V20: =SUM(F50:F53) -> 306 | W20: =SUM(G50:G53) -> 6 | X20: =SUM(H50:H53) -> 6 | Y20: =SUM(I50:I53) -> 13 | Z20: =SUM(J50:J53) -> 9 | ... AF20: =SUM(P50:P53) -> 1875
B21: 09.45 - 10.00 | C21: 23 | D21: 4 | E21: 11 | F21: 44 | G21: 0 | H21: 1 | I21: 8 | J21: 1 | K21: 0 | L21: 0 | M21: 640 | N21: 0 | O21: =SUM(C21:L21,N21) -> 92 | P21: =SUM(C21:N21) -> 732 | R21: 1800-1900 | S21: =SUM(C54:C57) -> 231 | T21: =SUM(D54:D57) -> 84 | U21: =SUM(E54:E57) -> 54 | V21: =SUM(F54:F57) -> 198 | W21: =SUM(G54:G57) -> 9 | X21: =SUM(H54:H57) -> 6 | Y21: =SUM(I54:I57) -> 7 | Z21: =SUM(J54:J57) -> 3 | ... AF21: =SUM(P54:P57) -> 1264
B22: 10.00 - 10.15 | C22: 44 | D22: 9 | E22: 12 | F22: 83 | G22: 0 | H22: 1 | I22: 3 | J22: 0 | K22: 0 | L22: 2 | M22: 480 | N22: 0 | O22: =SUM(C22:L22,N22) -> 154 | P22: =SUM(C22:N22) -> 634 | R22: AM Peak Hr | S22: =MAX(S10:S12) -> 102 | T22: =MAX(T10:T12) -> 32 | U22: =MAX(U10:U12) -> 35 | V22: =MAX(V10:V12) -> 260 | W22: =MAX(W10:W12) -> 5 | X22: =MAX(X10:X12) -> 3 | Y22: =MAX(Y10:Y12) -> 41 | Z22: =MAX(Z10:Z12) -> 10 | ... AF22: =MAX(AF10:AF12) -> 2663
B23: 10.15 - 10.30 | C23: 31 | D23: 6 | E23: 7 | F23: 53 | G23: 2 | H23: 1 | I23: 13 | J23: 0 | K23: 0 | L23: 2 | M23: 535 | N23: 0 | O23: =SUM(C23:L23,N23) -> 115 | P23: =SUM(C23:N23) -> 650 | R23: IP Peak Hr | S23: =MAX(S13:S18) -> 287 | T23: =MAX(T13:T18) -> 85 | U23: =MAX(U13:U18) -> 50 | V23: =MAX(V13:V18) -> 276 | W23: =MAX(W13:W18) -> 7 | X23: =MAX(X13:X18) -> 3 | Y23: =MAX(Y13:Y18) -> 60 | Z23: =MAX(Z13:Z18) -> 19 | ... AF23: =MAX(AF13:AF18) -> 2502
B24: 10.30 - 10.45 | C24: 41 | D24: 12 | E24: 14 | F24: 49 | G24: 0 | H24: 1 | I24: 9 | J24: 2 | K24: 1 | L24: 3 | M24: 495 | N24: 0 | O24: =SUM(C24:L24,N24) -> 132 | P24: =SUM(C24:N24) -> 627 | R24: PM Peak Hr | S24: =MAX(S19:S21) -> 514 | T24: =MAX(T19:T21) -> 157 | U24: =MAX(U19:U21) -> 83 | V24: =MAX(V19:V21) -> 307 | W24: =MAX(W19:W21) -> 9 | X24: =MAX(X19:X21) -> 7 | Y24: =MAX(Y19:Y21) -> 37 | Z24: =MAX(Z19:Z21) -> 13 | ... AF24: =MAX(AF19:AF21) -> 1875
B25: 10.45 - 11.00 | C25: 32 | D25: 7 | E25: 1 | F25: 54 | G25: 0 | H25: 0 | I25: 9 | J25: 0 | K25: 0 | L25: 3 | M25: 475 | N25: 0 | O25: =SUM(C25:L25,N25) -> 106 | P25: =SUM(C25:N25) -> 581 | R25: AM Period | S25: =SUM(S10:S12) -> 287 | T25: =SUM(T10:T12) -> 77 | U25: =SUM(U10:U12) -> 85 | V25: =SUM(V10:V12) -> 639 | W25: =SUM(W10:W12) -> 13 | X25: =SUM(X10:X12) -> 7 | Y25: =SUM(Y10:Y12) -> 84 | Z25: =SUM(Z10:Z12) -> 15 | ... AF25: =SUM(AF10:AF12) -> 7249
B26: 11.00 - 11.15 | C26: 40 | D26: 6 | E26: 7 | F26: 59 | G26: 6 | H26: 2 | I26: 14 | J26: 2 | K26: 1 | L26: 3 | M26: 536 | N26: 0 | O26: =SUM(C26:L26,N26) -> 140 | P26: =SUM(C26:N26) -> 676 | R26: IP Period | S26: =SUM(S13:S18) -> 1257 | T26: =SUM(T13:T18) -> 349 | U26: =SUM(U13:U18) -> 254 | V26: =SUM(V13:V18) -> 1346 | W26: =SUM(W13:W18) -> 19 | X26: =SUM(X13:X18) -> 13 | Y26: =SUM(Y13:Y18) -> 213 | Z26: =SUM(Z13:Z18) -> 72 | ... AF26: =SUM(AF13:AF18) -> 13248
B27: 11.15 - 11.30 | C27: 42 | D27: 21 | E27: 8 | F27: 44 | G27: 0 | H27: 0 | I27: 13 | J27: 3 | K27: 0 | L27: 3 | M27: 435 | N27: 0 | O27: =SUM(C27:L27,N27) -> 134 | P27: =SUM(C27:N27) -> 569 | R27: PM Period | S27: =SUM(S19:S21) -> 1118 | T27: =SUM(T19:T21) -> 361 | U27: =SUM(U19:U21) -> 191 | V27: =SUM(V19:V21) -> 811 | W27: =SUM(W19:W21) -> 16 | X27: =SUM(X19:X21) -> 19 | Y27: =SUM(Y19:Y21) -> 57 | Z27: =SUM(Z19:Z21) -> 25 | ... AF27: =SUM(AF19:AF21) -> 4696
B28: 11.30 - 11.45 | C28: 66 | D28: 15 | E28: 13 | F28: 57 | G28: 1 | H28: 0 | I28: 15 | J28: 1 | K28: 0 | L28: 0 | M28: 470 | N28: 0 | O28: =SUM(C28:L28,N28) -> 168 | P28: =SUM(C28:N28) -> 638 | R28: 12 Hours | S28: =SUM(S10:S21) -> 2662 | T28: =SUM(T10:T21) -> 787 | U28: =SUM(U10:U21) -> 530 | V28: =SUM(V10:V21) -> 2796 | W28: =SUM(W10:W21) -> 48 | X28: =SUM(X10:X21) -> 39 | Y28: =SUM(Y10:Y21) -> 354 | Z28: =SUM(Z10:Z21) -> 112 | ... AF28: =SUM(AF10:AF21) -> 25193
B29: 11.45 - 12.00 | C29: 38 | D29: 13 | E29: 11 | F29: 40 | G29: 0 | H29: 0 | I29: 18 | J29: 1 | K29: 1 | L29: 2 | M29: 350 | N29: 0 | O29: =SUM(C29:L29,N29) -> 124 | P29: =SUM(C29:N29) -> 474
B30: 12.00 - 12.15 | C30: 81 | D30: 16 | E30: 9 | F30: 55 | G30: 1 | H30: 1 | I30: 10 | J30: 4 | K30: 2 | L30: 3 | M30: 570 | N30: 0 | O30: =SUM(C30:L30,N30) -> 182 | P30: =SUM(C30:N30) -> 752
B31: 12.15 - 12.30 | C31: 53 | D31: 7 | E31: 9 | F31: 40 | G31: 1 | H31: 0 | I31: 7 | J31: 6 | K31: 0 | L31: 2 | M31: 424 | N31: 0 | O31: =SUM(C31:L31,N31) -> 125 | P31: =SUM(C31:N31) -> 549
B32: 12.30 - 12.45 | C32: 51 | D32: 11 | E32: 15 | F32: 52 | G32: 0 | H32: 0 | I32: 7 | J32: 4 | K32: 0 | L32: 3 | M32: 450 | N32: 0 | O32: =SUM(C32:L32,N32) -> 143 | P32: =SUM(C32:N32) -> 593
B33: 12.45 - 13.00 | C33: 35 | D33: 12 | E33: 7 | F33: 49 | G33: 1 | H33: 1 | I33: 13 | J33: 3 | K33: 0 | L33: 2 | M33: 485 | N33: 0 | O33: =SUM(C33:L33,N33) -> 123 | P33: =SUM(C33:N33) -> 608
B34: 13.00 - 13.15 | C34: 54 | D34: 14 | E34: 11 | F34: 38 | G34: 0 | H34: 0 | I34: 9 | J34: 3 | K34: 0 | L34: 1 | M34: 335 | N34: 0 | O34: =SUM(C34:L34,N34) -> 130 | P34: =SUM(C34:N34) -> 465
B35: 13.15 - 13.30 | C35: 44 | D35: 11 | E35: 14 | F35: 55 | G35: 0 | H35: 1 | I35: 4 | J35: 2 | K35: 0 | L35: 1 | M35: 250 | N35: 0 | O35: =SUM(C35:L35,N35) -> 132 | P35: =SUM(C35:N35) -> 382
B36: 13.30 - 13.45 | C36: 51 | D36: 6 | E36: 8 | F36: 50 | G36: 0 | H36: 0 | I36: 10 | J36: 2 | K36: 1 | L36: 1 | M36: 447 | N36: 0 | O36: =SUM(C36:L36,N36) -> 129 | P36: =SUM(C36:N36) -> 576
B37: 13.45 - 14.00 | C37: 49 | D37: 22 | E37: 10 | F37: 54 | G37: 1 | H37: 2 | I37: 9 | J37: 2 | K37: 0 | L37: 6 | M37: 530 | N37: 0 | O37: =SUM(C37:L37,N37) -> 155 | P37: =SUM(C37:N37) -> 685
B38: 14.00 - 14.15 | C38: 44 | D38: 16 | E38: 11 | F38: 39 | G38: 1 | H38: 0 | I38: 8 | J38: 5 | K38: 0 | L38: 1 | M38: 590 | N38: 0 | O38: =SUM(C38:L38,N38) -> 125 | P38: =SUM(C38:N38) -> 715
B39: 14.15 - 14.30 | C39: 51 | D39: 19 | E39: 11 | F39: 69 | G39: 1 | H39: 0 | I39: 7 | J39: 1 | K39: 0 | L39: 2 | M39: 345 | N39: 0 | O39: =SUM(C39:L39,N39) -> 161 | P39: =SUM(C39:N39) -> 506
B40: 14.30 - 14.45 | C40: 53 | D40: 20 | E40: 14 | F40: 55 | G40: 1 | H40: 0 | I40: 3 | J40: 3 | K40: 0 | L40: 2 | M40: 300 | N40: 0 | O40: =SUM(C40:L40,N40) -> 151 | P40: =SUM(C40:N40) -> 451
... B57: 18.45 - 19.00 | C57: 45 | D57: 14 | E57: 15 | F57: 41 | G57: 2 | H57: 3 | I57: 3 | J57: 0 | K57: 0 | L57: 1 | M57: 180 | N57: 0 | O57: =SUM(C57:L57,N57) -> 124 | P57: =SUM(C57:N57) -> 304
B58: Totals | C58: =SUM(C10:C57) -> 2662 | D58: =SUM(D10:D57) -> 787 | E58: =SUM(E10:E57) -> 530 | F58: =SUM(F10:F57) -> 2796 | G58: =SUM(G10:G57) -> 48 | H58: =SUM(H10:H57) -> 39 | I58: =SUM(I10:I57) -> 354 | J58: =SUM(J10:J57) -> 112 | ... P58: =SUM(P10:P57) -> 25193
B59: %ges + MCs | C59: =C58/$P$58 -> 0.10566427 | D59: =D58/$P$58 -> 0.031238836 | E59: =E58/$P$58 -> 0.02103759 | F59: =F58/$P$58 -> 0.11098321 | G59: =G58/$P$58 -> 0.0019052912 | H59: =H58/$P$58 -> 0.0015480491 | I59: =I58/$P$58 -> 0.014051522 | J59: =J58/$P$58 -> 0.0044456794 | ... N59: =N58/$P$58 -> 0
B60: %ges w/o MCs | C60: =C58/$O$58 -> 0.35813265 | D60: =D58/$O$58 -> 0.10587919 | E60: =E58/$O$58 -> 0.071303646 | F60: =F58/$O$58 -> 0.37616037 | G60: =G58/$O$58 -> 0.0064576887 | H60: =H58/$O$58 -> 0.0052468721 | I60: =I58/$O$58 -> 0.047625454 | J60: =J58/$O$58 -> 0.01506794 | ... L60: =L58/$O$58 -> 0.011704561 | N60: =N58/$O$58 -> 0

Sheet 25.07 GAYAZA-KALERWE
B1: Consultancy services for Preparation of Expressway Development Master Plan (EDMP) for Uganda
B2: MANUAL CLASSIFIED COUNT (MCC)
B3: ROAD NAME: | C3: ='22.07 GAYAZA-KALERWE'!C3:G3 -> MCC - C1 - STN26 - Gayaza Road Kanyanya
C5: Date | D5: ='25.07 KALERWE-GAYAZA'!D5 -> 25.07.19 | F5: Location | G5: ='25.07 KALERWE-GAYAZA'!G5:H5 -> DELTA KYEBANDO | J5: Surveyor | K5: MORREEN AND BABIRYE
C6: Dir. From | D6: ='22.07 GAYAZA-KALERWE'!D6:E6 -> GAYAZA | F6: Dir. To | G6: ='22.07 GAYAZA-KALERWE'!G6:H6 -> KALERWE | J6: Supervisor | K6: ='25.07 KALERWE-GAYAZA'!K6:L6 -> LAWRENCE
B8: Time / Veh Type | R8: SUMMARY TRAFFIC VOLUMES
C9: 1. Car | D9: 2. Station Wagon | E9: 3. Pickups | F9: 4. Minibus, matatu | G9: 5. Medium bus | H9: 6. Large Bus | I9: 7. Light Truck | J9: 8. Medium Truck | K9: 9. Heavy truck | L9: 10. Truck Trailer | M9: 11. Motor cycles | N9: 12. Tractors | O9: Total Excl M/Cycles | P9: Total All | R9: Time | S9: 1. Car | T9: 2. Station Wagon | U9: 3. Pickups | V9: 4. Minibus, matatu | W9: 5. Medium bus | X9: 6. Large Bus | Y9: 7. Light Truck | Z9: 8. Medium Truck | AA9: 9. Heavy truck | AB9: 10. Truck Trailer | AC9: 11. Motorcycles | AD9: 12. Tractors, Graders | AE9: Total Excl M/ Cycles | AF9: Total All
B10: 07.00 - 07.15 | C10: 70 | D10: 2 | E10: 5 | F10: 52 | G10: 0 | H10: 0 | I10: 1 | J10: 0 | K10: 1 | L10: 0 | M10: 270 | N10: 0 | O10: =SUM(C10:L10,N10) -> 131 | P10: =SUM(C10:N10) -> 401 | R10: 0700-0800 | S10: =SUM(C10:C13) -> 260 | T10: =SUM(D10:D13) -> 12 | U10: =SUM(E10:E13) -> 17 | V10: =SUM(F10:F13) -> 167 | W10: =SUM(G10:G13) -> 2 | X10: =SUM(H10:H13) -> 2 | Y10: =SUM(I10:I13) -> 8 | Z10: =SUM(J10:J13) -> 8 | ... AF10: =SUM(P10:P13) -> 1688
B11: 07.15 - 07.30 | C11: 59 | D11: 4 | E11: 4 | F11: 30 | G11: 2 | H11: 1 | I11: 2 | J11: 2 | K11: 0 | L11: 0 | M11: 290 | N11: 0 | O11: =SUM(C11:L11,N11) -> 104 | P11: =SUM(C11:N11) -> 394 | R11: 0800-0900 | S11: =SUM(C14:C17) -> 217 | T11: =SUM(D14:D17) -> 27 | U11: =SUM(E14:E17) -> 31 | V11: =SUM(F14:F17) -> 201 | W11: =SUM(G14:G17) -> 4 | X11: =SUM(H14:H17) -> 3 | Y11: =SUM(I14:I17) -> 28 | Z11: =SUM(J14:J17) -> 13 | ... AF11: =SUM(P14:P17) -> 1818
B12: 07.30 - 07.45 | C12: 56 | D12: 1 | E12: 5 | F12: 33 | G12: 0 | H12: 1 | I12: 4 | J12: 3 | K12: 0 | L12: 0 | M12: 270 | N12: 0 | O12: =SUM(C12:L12,N12) -> 103 | P12: =SUM(C12:N12) -> 373 | R12: 0900-1000 | S12: =SUM(C18:C21) -> 227 | T12: =SUM(D18:D21) -> 34 | U12: =SUM(E18:E21) -> 28 | V12: =SUM(F18:F21) -> 212 | W12: =SUM(G18:G21) -> 4 | X12: =SUM(H18:H21) -> 4 | Y12: =SUM(I18:I21) -> 23 | Z12: =SUM(J18:J21) -> 17 | ... AF12: =SUM(P18:P21) -> 1739
B13: 07.45 - 08.00 | C13: 75 | D13: 5 | E13: 3 | F13: 52 | G13: 0 | H13: 0 | I13: 1 | J13: 3 | K13: 1 | L13: 0 | M13: 380 | N13: 0 | O13: =SUM(C13:L13,N13) -> 140 | P13: =SUM(C13:N13) -> 520 | R13: 1000-1100 | S13: =SUM(C22:C25) -> 280 | T13: =SUM(D22:D25) -> 38 | U13: =SUM(E22:E25) -> 35 | V13: =SUM(F22:F25) -> 230 | W13: =SUM(G22:G25) -> 2 | X13: =SUM(H22:H25) -> 1 | Y13: =SUM(I22:I25) -> 33 | Z13: =SUM(J22:J25) -> 26 | ... AF13: =SUM(P22:P25) -> 1872
B14: 08.00 - 08.15 | C14: 51 | D14: 8 | E14: 7 | F14: 39 | G14: 3 | H14: 0 | I14: 5 | J14: 3 | K14: 2 | L14: 2 | M14: 320 | N14: 0 | O14: =SUM(C14:L14,N14) -> 120 | P14: =SUM(C14:N14) -> 440 | R14: 1100-1200 | S14: =SUM(C26:C29) -> 252 | T14: =SUM(D26:D29) -> 37 | U14: =SUM(E26:E29) -> 35 | V14: =SUM(F26:F29) -> 219 | W14: =SUM(G26:G29) -> 7 | X14: =SUM(H26:H29) -> 1 | Y14: =SUM(I26:I29) -> 31 | Z14: =SUM(J26:J29) -> 26 | ... AF14: =SUM(P26:P29) -> 1465
B15: 08.15 - 08.30 | C15: 59 | D15: 4 | E15: 5 | F15: 46 | G15: 0 | H15: 2 | I15: 7 | J15: 2 | K15: 2 | L15: 0 | M15: 315 | N15: 0 | O15: =SUM(C15:L15,N15) -> 127 | P15: =SUM(C15:N15) -> 442 | R15: 1200-1300 | S15: =SUM(C30:C33) -> 241 | T15: =SUM(D30:D33) -> 31 | U15: =SUM(E30:E33) -> 27 | V15: =SUM(F30:F33) -> 181 | W15: =SUM(G30:G33) -> 1 | X15: =SUM(H30:H33) -> 3 | Y15: =SUM(I30:I33) -> 32 | Z15: =SUM(J30:J33) -> 24 | ... AF15: =SUM(P30:P33) -> 1343
B16: 08.30 - 08.45 | C16: 43 | D16: 6 | E16: 11 | F16: 55 | G16: 0 | H16: 0 | I16: 8 | J16: 2 | K16: 1 | L16: 0 | M16: 325 | N16: 0 | O16: =SUM(C16:L16,N16) -> 126 | P16: =SUM(C16:N16) -> 451 | R16: 1300-1400 | S16: =SUM(C34:C37) -> 248 | T16: =SUM(D34:D37) -> 32 | U16: =SUM(E34:E37) -> 25 | V16: =SUM(F34:F37) -> 164 | W16: =SUM(G34:G37) -> 4 | X16: =SUM(H34:H37) -> 2 | Y16: =SUM(I34:I37) -> 33 | Z16: =SUM(J34:J37) -> 29 | ... AF16: =SUM(P34:P37) -> 1322
B17: 08.45 - 9.00 | C17: 64 | D17: 9 | E17: 8 | F17: 61 | G17: 1 | H17: 1 | I17: 8 | J17: 6 | K17: 2 | L17: 5 | M17: 320 | N17: 0 | O17: =SUM(C17:L17,N17) -> 165 | P17: =SUM(C17:N17) -> 485 | R17: 1400-1500 | S17: =SUM(C38:C41) -> 216 | T17: =SUM(D38:D41) -> 23 | U17: =SUM(E38:E41) -> 35 | V17: =SUM(F38:F41) -> 129 | W17: =SUM(G38:G41) -> 1 | X17: =SUM(H38:H41) -> 1 | Y17: =SUM(I38:I41) -> 38 | Z17: =SUM(J38:J41) -> 30 | ... AF17: =SUM(P38:P41) -> 1091
B18: 09.00 - 09.15 | C18: 47 | D18: 9 | E18: 8 | F18: 41 | G18: 1 | H18: 1 | I18: 7 | J18: 7 | K18: 1 | L18: 2 | M18: 322 | N18: 0 | O18: =SUM(C18:L18,N18) -> 124 | P18: =SUM(C18:N18) -> 446 | R18: 1500-1600 | S18: =SUM(C42:C45) -> 228 | T18: =SUM(D42:D45) -> 19 | U18: =SUM(E42:E45) -> 39 | V18: =SUM(F42:F45) -> 185 | W18: =SUM(G42:G45) -> 2 | X18: =SUM(H42:H45) -> 4 | Y18: =SUM(I42:I45) -> 37 | Z18: =SUM(J42:J45) -> 36 | ... AF18: =SUM(P42:P45) -> 1213
B19: 09.15 - 09.30 | C19: 49 | D19: 4 | E19: 7 | F19: 57 | G19: 0 | H19: 0 | I19: 3 | J19: 4 | K19: 6 | L19: 0 | M19: 300 | N19: 0 | O19: =SUM(C19:L19,N19) -> 130 | P19: =SUM(C19:N19) -> 430 | R19: 1600-1700 | S19: =SUM(C46:C49) -> 189 | T19: =SUM(D46:D49) -> 27 | U19: =SUM(E46:E49) -> 47 | V19: =SUM(F46:F49) -> 183 | W19: =SUM(G46:G49) -> 1 | X19: =SUM(H46:H49) -> 0 | Y19: =SUM(I46:I49) -> 54 | Z19: =SUM(J46:J49) -> 31 | ... AF19: =SUM(P46:P49) -> 1354
B20: 09.30 - 09.45 | C20: 61 | D20: 9 | E20: 10 | F20: 64 | G20: 0 | H20: 3 | I20: 4 | J20: 0 | K20: 2 | L20: 1 | M20: 275 | N20: 0 | O20: =SUM(C20:L20,N20) -> 154 | P20: =SUM(C20:N20) -> 429 | R20: 1700-1800 | S20: =SUM(C50:C53) -> 228 | T20: =SUM(D50:D53) -> 24 | U20: =SUM(E50:E53) -> 47 | V20: =SUM(F50:F53) -> 232 | W20: =SUM(G50:G53) -> 3 | X20: =SUM(H50:H53) -> 5 | Y20: =SUM(I50:I53) -> 25 | Z20: =SUM(J50:J53) -> 20 | ... AF20: =SUM(P50:P53) -> 1453
B21: 09.45 - 10.00 | C21: 70 | D21: 12 | E21: 3 | F21: 50 | G21: 3 | H21: 0 | I21: 9 | J21: 6 | K21: 1 | L21: 0 | M21: 280 | N21: 0 | O21: =SUM(C21:L21,N21) -> 154 | P21: =SUM(C21:N21) -> 434 | R21: 1800-1900 | S21: =SUM(C54:C57) -> 241 | T21: =SUM(D54:D57) -> 14 | U21: =SUM(E54:E57) -> 31 | V21: =SUM(F54:F57) -> 239 | W21: =SUM(G54:G57) -> 7 | X21: =SUM(H54:H57) -> 1 | Y21: =SUM(I54:I57) -> 16 | Z21: =SUM(J54:J57) -> 13 | ... AF21: =SUM(P54:P57) -> 1373
B22: 10.00 - 10.15 | C22: 49 | D22: 6 | E22: 10 | F22: 70 | G22: 0 | H22: 0 | I22: 12 | J22: 5 | K22: 2 | L22: 1 | M22: 275 | N22: 0 | O22: =SUM(C22:L22,N22) -> 155 | P22: =SUM(C22:N22) -> 430 | R22: AM Peak Hr | S22: =MAX(S10:S12) -> 260 | T22: =MAX(T10:T12) -> 34 | U22: =MAX(U10:U12) -> 31 | V22: =MAX(V10:V12) -> 212 | W22: =MAX(W10:W12) -> 4 | X22: =MAX(X10:X12) -> 4 | Y22: =MAX(Y10:Y12) -> 28 | Z22: =MAX(Z10:Z12) -> 17 | ... AF22: =MAX(AF10:AF12) -> 1818
B23: 10.15 - 10.30 | C23: 75 | D23: 15 | E23: 12 | F23: 53 | G23: 1 | H23: 0 | I23: 7 | J23: 8 | K23: 1 | L23: 0 | M23: 330 | N23: 0 | O23: =SUM(C23:L23,N23) -> 172 | P23: =SUM(C23:N23) -> 502 | R23: IP Peak Hr | S23: =MAX(S13:S18) -> 280 | T23: =MAX(T13:T18) -> 38 | U23: =MAX(U13:U18) -> 39 | V23: =MAX(V13:V18) -> 230 | W23: =MAX(W13:W18) -> 7 | X23: =MAX(X13:X18) -> 4 | Y23: =MAX(Y13:Y18) -> 38 | Z23: =MAX(Z13:Z18) -> 36 | ... AF23: =MAX(AF13:AF18) -> 1872
B24: 10.30 - 10.45 | C24: 87 | D24: 10 | E24: 7 | F24: 49 | G24: 1 | H24: 1 | I24: 9 | J24: 7 | K24: 2 | L24: 3 | M24: 330 | N24: 0 | O24: =SUM(C24:L24,N24) -> 176 | P24: =SUM(C24:N24) -> 506 | R24: PM Peak Hr | S24: =MAX(S19:S21) -> 241 | T24: =MAX(T19:T21) -> 27 | U24: =MAX(U19:U21) -> 47 | V24: =MAX(V19:V21) -> 239 | W24: =MAX(W19:W21) -> 7 | X24: =MAX(X19:X21) -> 5 | Y24: =MAX(Y19:Y21) -> 54 | Z24: =MAX(Z19:Z21) -> 31 | ... AF24: =MAX(AF19:AF21) -> 1453
B25: 10.45 - 11.00 | C25: 69 | D25: 7 | E25: 6 | F25: 58 | G25: 0 | H25: 0 | I25: 5 | J25: 6 | K25: 2 | L25: 1 | M25: 280 | N25: 0 | O25: =SUM(C25:L25,N25) -> 154 | P25: =SUM(C25:N25) -> 434 | R25: AM Period | S25: =SUM(S10:S12) -> 704 | T25: =SUM(T10:T12) -> 73 | U25: =SUM(U10:U12) -> 76 | V25: =SUM(V10:V12) -> 580 | W25: =SUM(W10:W12) -> 10 | X25: =SUM(X10:X12) -> 9 | Y25: =SUM(Y10:Y12) -> 59 | Z25: =SUM(Z10:Z12) -> 38 | ... AF25: =SUM(AF10:AF12) -> 5245
B26: 11.00 - 11.15 | C26: 83 | D26: 5 | E26: 13 | F26: 75 | G26: 0 | H26: 0 | I26: 7 | J26: 6 | K26: 4 | L26: 4 | M26: 265 | N26: 0 | O26: =SUM(C26:L26,N26) -> 197 | P26: =SUM(C26:N26) -> 462 | R26: IP Period | S26: =SUM(S13:S18) -> 1465 | T26: =SUM(T13:T18) -> 180 | U26: =SUM(U13:U18) -> 196 | V26: =SUM(V13:V18) -> 1108 | W26: =SUM(W13:W18) -> 17 | X26: =SUM(X13:X18) -> 12 | Y26: =SUM(Y13:Y18) -> 204 | Z26: =SUM(Z13:Z18) -> 171 | ... AF26: =SUM(AF13:AF18) -> 8306
B27: 11.15 - 11.30 | C27: 52 | D27: 5 | E27: 7 | F27: 47 | G27: 1 | H27: 0 | I27: 2 | J27: 7 | K27: 4 | L27: 6 | M27: 230 | N27: 0 | O27: =SUM(C27:L27,N27) -> 131 | P27: =SUM(C27:N27) -> 361 | R27: PM Period | S27: =SUM(S19:S21) -> 658 | T27: =SUM(T19:T21) -> 65 | U27: =SUM(U19:U21) -> 125 | V27: =SUM(V19:V21) -> 654 | W27: =SUM(W19:W21) -> 11 | X27: =SUM(X19:X21) -> 6 | Y27: =SUM(Y19:Y21) -> 95 | Z27: =SUM(Z19:Z21) -> 64 | ... AF27: =SUM(AF19:AF21) -> 4180
B28: 11.30 - 11.45 | C28: 61 | D28: 19 | E28: 7 | F28: 55 | G28: 3 | H28: 0 | I28: 11 | J28: 4 | K28: 2 | L28: 3 | M28: 140 | N28: 0 | O28: =SUM(C28:L28,N28) -> 165 | P28: =SUM(C28:N28) -> 305 | R28: 12 Hours | S28: =SUM(S10:S21) -> 2827 | T28: =SUM(T10:T21) -> 318 | U28: =SUM(U10:U21) -> 397 | V28: =SUM(V10:V21) -> 2342 | W28: =SUM(W10:W21) -> 38 | X28: =SUM(X10:X21) -> 27 | Y28: =SUM(Y10:Y21) -> 358 | Z28: =SUM(Z10:Z21) -> 273 | ... AF28: =SUM(AF10:AF21) -> 17731
B29: 11.45 - 12.00 | C29: 56 | D29: 8 | E29: 8 | F29: 42 | G29: 3 | H29: 1 | I29: 11 | J29: 9 | K29: 2 | L29: 2 | M29: 195 | N29: 0 | O29: =SUM(C29:L29,N29) -> 142 | P29: =SUM(C29:N29) -> 337
B30: 12.00 - 12.15 | C30: 67 | D30: 10 | E30: 7 | F30: 53 | G30: 0 | H30: 1 | I30: 6 | J30: 7 | K30: 3 | L30: 1 | M30: 155 | N30: 0 | O30: =SUM(C30:L30,N30) -> 155 | P30: =SUM(C30:N30) -> 310
B31: 12.15 - 12.30 | C31: 54 | D31: 5 | E31: 8 | F31: 47 | G31: 0 | H31: 1 | I31: 12 | J31: 8 | K31: 2 | L31: 1 | M31: 275 | N31: 0 | O31: =SUM(C31:L31,N31) -> 138 | P31: =SUM(C31:N31) -> 413
B32: 12.30 - 12.45 | C32: 52 | D32: 5 | E32: 7 | F32: 38 | G32: 1 | H32: 1 | I32: 6 | J32: 2 | K32: 1 | L32: 1 | M32: 190 | N32: 0 | O32: =SUM(C32:L32,N32) -> 114 | P32: =SUM(C32:N32) -> 304
B33: 12.45 - 13.00 | C33: 68 | D33: 11 | E33: 5 | F33: 43 | G33: 0 | H33: 0 | I33: 8 | J33: 7 | K33: 5 | L33: 4 | M33: 165 | N33: 0 | O33: =SUM(C33:L33,N33) -> 151 | P33: =SUM(C33:N33) -> 316
B34: 13.00 - 13.15 | C34: 70 | D34: 2 | E34: 2 | F34: 48 | G34: 1 | H34: 0 | I34: 5 | J34: 6 | K34: 4 | L34: 3 | M34: 190 | N34: 0 | O34: =SUM(C34:L34,N34) -> 141 | P34: =SUM(C34:N34) -> 331
B35: 13.15 - 13.30 | C35: 60 | D35: 15 | E35: 9 | F35: 31 | G35: 0 | H35: 1 | I35: 5 | J35: 7 | K35: 3 | L35: 1 | M35: 190 | N35: 0 | O35: =SUM(C35:L35,N35) -> 132 | P35: =SUM(C35:N35) -> 322
B36: 13.30 - 13.45 | C36: 58 | D36: 9 | E36: 9 | F36: 44 | G36: 3 | H36: 1 | I36: 12 | J36: 8 | K36: 6 | L36: 2 | M36: 170 | N36: 0 | O36: =SUM(C36:L36,N36) -> 152 | P36: =SUM(C36:N36) -> 322
B37: 13.45 - 14.00 | C37: 60 | D37: 6 | E37: 5 | F37: 41 | G37: 0 | H37: 0 | I37: 11 | J37: 8 | K37: 1 | L37: 3 | M37: 212 | N37: 0 | O37: =SUM(C37:L37,N37) -> 135 | P37: =SUM(C37:N37) -> 347
B38: 14.00 - 14.15 | C38: 64 | D38: 5 | E38: 10 | F38: 27 | G38: 0 | H38: 0 | I38: 6 | J38: 8 | K38: 3 | L38: 2 | M38: 155 | N38: 0 | O38: =SUM(C38:L38,N38) -> 125 | P38: =SUM(C38:N38) -> 280
B39: 14.15 - 14.30 | C39: 55 | D39: 5 | E39: 8 | F39: 29 | G39: 0 | H39: 1 | I39: 10 | J39: 9 | K39: 3 | L39: 0 | M39: 142 | N39: 0 | O39: =SUM(C39:L39,N39) -> 120 | P39: =SUM(C39:N39) -> 262
B40: 14.30 - 14.45 | C40: 65 | D40: 8 | E40: 13 | F40: 47 | G40: 1 | H40: 0 | I40: 13 | J40: 7 | K40: 2 | L40: 2 | M40: 175 | N40: 0 | O40: =SUM(C40:L40,N40) -> 158 | P40: =SUM(C40:N40) -> 333
... B57: 18.45 - 19.00 | C57: 64 | D57: 5 | E57: 8 | F57: 64 | G57: 1 | H57: 0 | I57: 5 | J57: 3 | K57: 1 | L57: 1 | M57: 184 | N57: 0 | O57: =SUM(C57:L57,N57) -> 152 | P57: =SUM(C57:N57) -> 336
B58: Totals | C58: =SUM(C10:C57) -> 2827 | D58: =SUM(D10:D57) -> 318 | E58: =SUM(E10:E57) -> 397 | F58: =SUM(F10:F57) -> 2342 | G58: =SUM(G10:G57) -> 38 | H58: =SUM(H10:H57) -> 27 | I58: =SUM(I10:I57) -> 358 | J58: =SUM(J10:J57) -> 273 | ... P58: =SUM(P10:P57) -> 17731
B59: %ges + MCs | C59: =C58/$P$58 -> 0.15943827 | D59: =D58/$P$58 -> 0.017934691 | E59: =E58/$P$58 -> 0.022390164 | F59: =F58/$P$58 -> 0.13208505 | G59: =G58/$P$58 -> 0.0021431391 | H59: =H58/$P$58 -> 0.0015227568 | I59: =I58/$P$58 -> 0.020190627 | J59: =J58/$P$58 -> 0.015396763 | ... N59: =N58/$P$58 -> 0
B60: %ges w/o MCs | C60: =C58/$O$58 -> 0.41622497 | D60: =D58/$O$58 -> 0.046819788 | E60: =E58/$O$58 -> 0.058451119 | F60: =F58/$O$58 -> 0.34481743 | G60: =G58/$O$58 -> 0.0055948174 | H60: =H58/$O$58 -> 0.003975265 | I60: =I58/$O$58 -> 0.052709069 | J60: =J58/$O$58 -> 0.040194346 | ... L60: =L58/$O$58 -> 0.011778563 | N60: =N58/$O$58 -> 0

Sheet 26.07 KALERWE-GAYAZA-24h
B1: Consultancy services for Preparation of Expressway Development Master Plan (EDMP) for Uganda
B2: MANUAL CLASSIFIED COUNT (MCC)
B3: ROAD NAME: | C3: ='22.07 KALERWE-GAYAZA'!C3:G3 -> MCC - C1 - STN26 - Gayaza Road Kanyanya
C5: Date | D5: 26.07.19 | F5: Location | G5: ='25.07 GAYAZA-KALERWE'!G5:H5 -> DELTA KYEBANDO | J5: Surveyor | K5: NANDUTU SANDRAH AND NALUBEGA JOSEPHINE
C6: Dir. From | D6: ='22.07 KALERWE-GAYAZA'!D6:E6 -> KALERWE | F6: Dir. To | G6: ='22.07 KALERWE-GAYAZA'!G6:H6 -> GAYAZA | J6: Supervisor | K6: WALAKILA AND LAWRENCE
B8: Time / Veh Type | R8: SUMMARY TRAFFIC VOLUMES
C9: 1. Car | D9: 2. Station Wagon | E9: 3. Pickups | F9: 4. Minibus, matatu | G9: 5. Medium bus | H9: 6. Large Bus | I9: 7. Light Truck | J9: 8. Medium Truck | K9: 9. Heavy truck | L9: 10. Truck Trailer | M9: 11. Motor cycles | N9: 12. Tractors | O9: Total Excl M/Cycles | P9: Total All | R9: Time | S9: 1. Car | T9: 2. Station Wagon | U9: 3. Pickups | V9: 4. Minibus, matatu | W9: 5. Medium bus | X9: 6. Large Bus | Y9: 7. Light Truck | Z9: 8. Medium Truck | AA9: 9. Heavy truck | AB9: 10. Truck Trailer | AC9: 11. Motorcycles | AD9: 12. Tractors, Graders | AE9: Total Excl M/ Cycles | AF9: Total All
B10: 07.00 - 07.15 | C10: 27 | D10: 18 | E10: 8 | F10: 49 | G10: 1 | H10: 0 | I10: 5 | J10: 1 | K10: 0 | L10: 5 | M10: 185 | N10: 0 | O10: =SUM(C10:L10,N10) -> 114 | P10: =SUM(C10:N10) -> 299 | R10: 0700-0800 | S10: =SUM(C10:C13) -> 93 | T10: =SUM(D10:D13) -> 37 | U10: =SUM(E10:E13) -> 26 | V10: =SUM(F10:F13) -> 214 | W10: =SUM(G10:G13) -> 10 | X10: =SUM(H10:H13) -> 4 | Y10: =SUM(I10:I13) -> 12 | Z10: =SUM(J10:J13) -> 12 | ... AF10: =SUM(P10:P13) -> 1447
B11: 07.15 - 07.30 | C11: 26 | D11: 8 | E11: 7 | F11: 50 | G11: 6 | H11: 2 | I11: 4 | J11: 5 | K11: 0 | L11: 2 | M11: 239 | N11: 0 | O11: =SUM(C11:L11,N11) -> 110 | P11: =SUM(C11:N11) -> 349 | R11: 0800-0900 | S11: =SUM(C14:C17) -> 121 | T11: =SUM(D14:D17) -> 28 | U11: =SUM(E14:E17) -> 31 | V11: =SUM(F14:F17) -> 276 | W11: =SUM(G14:G17) -> 8 | X11: =SUM(H14:H17) -> 2 | Y11: =SUM(I14:I17) -> 12 | Z11: =SUM(J14:J17) -> 12 | ... AF11: =SUM(P14:P17) -> 1627
B12: 07.30 - 07.45 | C12: 29 | D12: 4 | E12: 7 | F12: 59 | G12: 1 | H12: 1 | I12: 1 | J12: 4 | K12: 0 | L12: 1 | M12: 363 | N12: 0 | O12: =SUM(C12:L12,N12) -> 107 | P12: =SUM(C12:N12) -> 470 | R12: 0900-1000 | S12: =SUM(C18:C21) -> 114 | T12: =SUM(D18:D21) -> 30 | U12: =SUM(E18:E21) -> 19 | V12: =SUM(F18:F21) -> 269 | W12: =SUM(G18:G21) -> 3 | X12: =SUM(H18:H21) -> 2 | Y12: =SUM(I18:I21) -> 29 | Z12: =SUM(J18:J21) -> 17 | ... AF12: =SUM(P18:P21) -> 1504
B13: 07.45 - 08.00 | C13: 11 | D13: 7 | E13: 4 | F13: 56 | G13: 2 | H13: 1 | I13: 2 | J13: 2 | K13: 0 | L13: 2 | M13: 242 | N13: 0 | O13: =SUM(C13:L13,N13) -> 87 | P13: =SUM(C13:N13) -> 329 | R13: 1000-1100 | S13: =SUM(C22:C25) -> 225 | T13: =SUM(D22:D25) -> 59 | U13: =SUM(E22:E25) -> 35 | V13: =SUM(F22:F25) -> 265 | W13: =SUM(G22:G25) -> 0 | X13: =SUM(H22:H25) -> 4 | Y13: =SUM(I22:I25) -> 28 | Z13: =SUM(J22:J25) -> 29 | ... AF13: =SUM(P22:P25) -> 1908
B14: 08.00 - 08.15 | C14: 36 | D14: 9 | E14: 3 | F14: 50 | G14: 2 | H14: 1 | I14: 4 | J14: 3 | K14: 0 | L14: 0 | M14: 327 | N14: 0 | O14: =SUM(C14:L14,N14) -> 108 | P14: =SUM(C14:N14) -> 435 | R14: 1100-1200 | S14: =SUM(C26:C29) -> 97 | T14: =SUM(D26:D29) -> 50 | U14: =SUM(E26:E29) -> 33 | V14: =SUM(F26:F29) -> 180 | W14: =SUM(G26:G29) -> 1 | X14: =SUM(H26:H29) -> 0 | Y14: =SUM(I26:I29) -> 19 | Z14: =SUM(J26:J29) -> 20 | ... AF14: =SUM(P26:P29) -> 2125
B15: 08.15 - 08.30 | C15: 23 | D15: 5 | E15: 6 | F15: 58 | G15: 3 | H15: 1 | I15: 5 | J15: 3 | K15: 0 | L15: 4 | M15: 289 | N15: 0 | O15: =SUM(C15:L15,N15) -> 108 | P15: =SUM(C15:N15) -> 397 | R15: 1200-1300 | S15: =SUM(C30:C33) -> 94 | T15: =SUM(D30:D33) -> 48 | U15: =SUM(E30:E33) -> 75 | V15: =SUM(F30:F33) -> 163 | W15: =SUM(G30:G33) -> 1 | X15: =SUM(H30:H33) -> 2 | Y15: =SUM(I30:I33) -> 11 | Z15: =SUM(J30:J33) -> 20 | ... AF15: =SUM(P30:P33) -> 1355
B16: 08.30 - 08.45 | C16: 32 | D16: 5 | E16: 6 | F16: 78 | G16: 1 | H16: 0 | I16: 3 | J16: 2 | K16: 0 | L16: 0 | M16: 330 | N16: 0 | O16: =SUM(C16:L16,N16) -> 127 | P16: =SUM(C16:N16) -> 457 | R16: 1300-1400 | S16: =SUM(C34:C37) -> 122 | T16: =SUM(D34:D37) -> 58 | U16: =SUM(E34:E37) -> 38 | V16: =SUM(F34:F37) -> 192 | W16: =SUM(G34:G37) -> 3 | X16: =SUM(H34:H37) -> 1 | Y16: =SUM(I34:I37) -> 33 | Z16: =SUM(J34:J37) -> 22 | ... AF16: =SUM(P34:P37) -> 1413
B17: 08.45 - 9.00 | C17: 30 | D17: 9 | E17: 16 | F17: 90 | G17: 2 | H17: 0 | I17: 0 | J17: 4 | K17: 1 | L17: 1 | M17: 185 | N17: 0 | O17: =SUM(C17:L17,N17) -> 153 | P17: =SUM(C17:N17) -> 338 | R17: 1400-1500 | S17: =SUM(C38:C41) -> 224 | T17: =SUM(D38:D41) -> 62 | U17: =SUM(E38:E41) -> 58 | V17: =SUM(F38:F41) -> 223 | W17: =SUM(G38:G41) -> 2 | X17: =SUM(H38:H41) -> 0 | Y17: =SUM(I38:I41) -> 26 | Z17: =SUM(J38:J41) -> 23 | ... AF17: =SUM(P38:P41) -> 1658
B18: 09.00 - 09.15 | C18: 29 | D18: 6 | E18: 7 | F18: 60 | G18: 2 | H18: 1 | I18: 6 | J18: 6 | K18: 0 | L18: 0 | M18: 300 | N18: 0 | O18: =SUM(C18:L18,N18) -> 117 | P18: =SUM(C18:N18) -> 417 | R18: 1500-1600 | S18: =SUM(C42:C45) -> 213 | T18: =SUM(D42:D45) -> 78 | U18: =SUM(E42:E45) -> 77 | V18: =SUM(F42:F45) -> 211 | W18: =SUM(G42:G45) -> 1 | X18: =SUM(H42:H45) -> 2 | Y18: =SUM(I42:I45) -> 33 | Z18: =SUM(J42:J45) -> 21 | ... AF18: =SUM(P42:P45) -> 1902
B19: 09.15 - 09.30 | C19: 34 | D19: 7 | E19: 3 | F19: 78 | G19: 1 | H19: 0 | I19: 6 | J19: 2 | K19: 0 | L19: 1 | M19: 260 | N19: 0 | O19: =SUM(C19:L19,N19) -> 132 | P19: =SUM(C19:N19) -> 392 | R19: 1600-1700 | S19: =SUM(C46:C49) -> 415 | T19: =SUM(D46:D49) -> 155 | U19: =SUM(E46:E49) -> 104 | V19: =SUM(F46:F49) -> 401 | W19: =SUM(G46:G49) -> 4 | X19: =SUM(H46:H49) -> 7 | Y19: =SUM(I46:I49) -> 20 | Z19: =SUM(J46:J49) -> 24 | ... AF19: =SUM(P46:P49) -> 2296
B20: 09.30 - 09.45 | C20: 35 | D20: 8 | E20: 7 | F20: 92 | G20: 0 | H20: 1 | I20: 11 | J20: 7 | K20: 0 | L20: 0 | M20: 319 | N20: 0 | O20: =SUM(C20:L20,N20) -> 161 | P20: =SUM(C20:N20) -> 480 | R20: 1700-1800 | S20: =SUM(C50:C53) -> 240 | T20: =SUM(D50:D53) -> 126 | U20: =SUM(E50:E53) -> 82 | V20: =SUM(F50:F53) -> 261 | W20: =SUM(G50:G53) -> 4 | X20: =SUM(H50:H53) -> 6 | Y20: =SUM(I50:I53) -> 16 | Z20: =SUM(J50:J53) -> 14 | ... AF20: =SUM(P50:P53) -> 2607
B21: 09.45 - 10.00 | C21: 16 | D21: 9 | E21: 2 | F21: 39 | G21: 0 | H21: 0 | I21: 6 | J21: 2 | K21: 0 | L21: 2 | M21: 139 | N21: 0 | O21: =SUM(C21:L21,N21) -> 76 | P21: =SUM(C21:N21) -> 215 | R21: 1800-1900 | S21: =SUM(C54:C57) -> 323 | T21: =SUM(D54:D57) -> 98 | U21: =SUM(E54:E57) -> 56 | V21: =SUM(F54:F57) -> 234 | W21: =SUM(G54:G57) -> 13 | X21: =SUM(H54:H57) -> 2 | Y21: =SUM(I54:I57) -> 15 | Z21: =SUM(J54:J57) -> 10 | ... AF21: =SUM(P54:P57) -> 2455
B22: 10.00 - 10.15 | C22: 30 | D22: 14 | E22: 6 | F22: 48 | G22: 0 | H22: 2 | I22: 8 | J22: 4 | K22: 1 | L22: 0 | M22: 302 | N22: 0 | O22: =SUM(C22:L22,N22) -> 113 | P22: =SUM(C22:N22) -> 415 | R22: 1900-2000 | S22: =SUM(C58:C61) -> 333 | T22: =SUM(D58:D61) -> 93 | U22: =SUM(E58:E61) -> 50 | V22: =SUM(F58:F61) -> 167 | W22: =SUM(G58:G61) -> 8 | X22: =SUM(H58:H61) -> 5 | Y22: =SUM(I58:I61) -> 11 | Z22: =SUM(J58:J61) -> 12 | ... AF22: =SUM(P58:P61) -> 2706
B23: 10.15 - 10.30 | C23: 54 | D23: 18 | E23: 12 | F23: 75 | G23: 0 | H23: 1 | I23: 4 | J23: 8 | K23: 0 | L23: 1 | M23: 220 | N23: 0 | O23: =SUM(C23:L23,N23) -> 173 | P23: =SUM(C23:N23) -> 393 | R23: 2000-2100 | S23: =SUM(C62:C65) -> 333 | T23: =SUM(D62:D65) -> 91 | U23: =SUM(E62:E65) -> 65 | V23: =SUM(F62:F65) -> 214 | W23: =SUM(G62:G65) -> 4 | X23: =SUM(H62:H65) -> 1 | Y23: =SUM(I62:I65) -> 16 | Z23: =SUM(J62:J65) -> 13 | ... AF23: =SUM(P62:P65) -> 3430
B24: 10.30 - 10.45 | C24: 31 | D24: 8 | E24: 11 | F24: 63 | G24: 0 | H24: 0 | I24: 6 | J24: 7 | K24: 0 | L24: 4 | M24: 280 | N24: 0 | O24: =SUM(C24:L24,N24) -> 130 | P24: =SUM(C24:N24) -> 410 | R24: 2100-2200 | S24: =SUM(C66:C69) -> 288 | T24: =SUM(D66:D69) -> 121 | U24: =SUM(E66:E69) -> 51 | V24: =SUM(F66:F69) -> 201 | W24: =SUM(G66:G69) -> 7 | X24: =SUM(H66:H69) -> 6 | Y24: =SUM(I66:I69) -> 3 | Z24: =SUM(J66:J69) -> 7 | ... AF24: =SUM(P66:P69) -> 2517
B25: 10.45 - 11.00 | C25: 110 | D25: 19 | E25: 6 | F25: 79 | G25: 0 | H25: 1 | I25: 10 | J25: 10 | K25: 0 | L25: 5 | M25: 450 | N25: 0 | O25: =SUM(C25:L25,N25) -> 240 | P25: =SUM(C25:N25) -> 690 | R25: 2200-2300 | S25: =SUM(C70:C73) -> 229 | T25: =SUM(D70:D73) -> 78 | U25: =SUM(E70:E73) -> 44 | V25: =SUM(F70:F73) -> 187 | W25: =SUM(G70:G73) -> 2 | X25: =SUM(H70:H73) -> 1 | Y25: =SUM(I70:I73) -> 9 | Z25: =SUM(J70:J73) -> 16 | ... AF25: =SUM(P70:P73) -> 2395
B26: 11.00 - 11.15 | C26: 25 | D26: 17 | E26: 10 | F26: 60 | G26: 0 | H26: 0 | I26: 4 | J26: 3 | K26: 1 | L26: 3 | M26: 504 | N26: 0 | O26: =SUM(C26:L26,N26) -> 123 | P26: =SUM(C26:N26) -> 627 | R26: 2300-0000 | S26: =SUM(C74:C77) -> 252 | T26: =SUM(D74:D77) -> 62 | U26: =SUM(E74:E77) -> 36 | V26: =SUM(F74:F77) -> 155 | W26: =SUM(G74:G77) -> 1 | X26: =SUM(H74:H77) -> 0 | Y26: =SUM(I74:I77) -> 6 | Z26: =SUM(J74:J77) -> 5 | ... AF26: =SUM(P74:P77) -> 1489
B27: 11.15 - 11.30 | C27: 40 | D27: 8 | E27: 6 | F27: 59 | G27: 0 | H27: 0 | I27: 2 | J27: 6 | K27: 0 | L27: 0 | M27: 460 | N27: 0 | O27: =SUM(C27:L27,N27) -> 121 | P27: =SUM(C27:N27) -> 581 | R27: 0000-0100 | S27: =SUM(C78:C81) -> 192 | T27: =SUM(D78:D81) -> 114 | U27: =SUM(E78:E81) -> 34 | V27: =SUM(F78:F81) -> 73 | W27: =SUM(G78:G81) -> 2 | X27: =SUM(H78:H81) -> 0 | Y27: =SUM(I78:I81) -> 4 | Z27: =SUM(J78:J81) -> 13 | ... AF27: =SUM(P78:P81) -> 817
B28: 11.30 - 11.45 | C28: 20 | D28: 16 | E28: 4 | F28: 44 | G28: 1 | H28: 0 | I28: 11 | J28: 8 | K28: 2 | L28: 3 | M28: 495 | N28: 0 | O28: =SUM(C28:L28,N28) -> 109 | P28: =SUM(C28:N28) -> 604 | R28: 0100-0200 | S28: =SUM(C82:C85) -> 60 | T28: =SUM(D82:D85) -> 17 | U28: =SUM(E82:E85) -> 8 | V28: =SUM(F82:F85) -> 10 | W28: =SUM(G82:G85) -> 1 | X28: =SUM(H82:H85) -> 3 | Y28: =SUM(I82:I85) -> 5 | Z28: =SUM(J82:J85) -> 5 | ... AF28: =SUM(P82:P85) -> 288
B29: 11.45 - 12.00 | C29: 12 | D29: 9 | E29: 13 | F29: 17 | G29: 0 | H29: 0 | I29: 2 | J29: 3 | K29: 0 | L29: 2 | M29: 255 | N29: 0 | O29: =SUM(C29:L29,N29) -> 58 | P29: =SUM(C29:N29) -> 313 | R29: 0200-0300 | S29: =SUM(C86:C89) -> 34 | T29: =SUM(D86:D89) -> 11 | U29: =SUM(E86:E89) -> 1 | V29: =SUM(F86:F89) -> 4 | W29: =SUM(G86:G89) -> 0 | X29: =SUM(H86:H89) -> 0 | Y29: =SUM(I86:I89) -> 8 | Z29: =SUM(J86:J89) -> 4 | ... AF29: =SUM(P86:P89) -> 238
B30: 12.00 - 12.15 | C30: 23 | D30: 15 | E30: 10 | F30: 41 | G30: 0 | H30: 0 | I30: 7 | J30: 13 | K30: 1 | L30: 4 | M30: 350 | N30: 0 | O30: =SUM(C30:L30,N30) -> 114 | P30: =SUM(C30:N30) -> 464 | R30: 0300-0400 | S30: =SUM(C90:C93) -> 50 | T30: =SUM(D90:D93) -> 4 | U30: =SUM(E90:E93) -> 8 | V30: =SUM(F90:F93) -> 19 | W30: =SUM(G90:G93) -> 0 | X30: =SUM(H90:H93) -> 0 | Y30: =SUM(I90:I93) -> 15 | Z30: =SUM(J90:J93) -> 6 | ... AF30: =SUM(P90:P93) -> 264
B31: 12.15 - 12.30 | C31: 19 | D31: 5 | E31: 21 | F31: 39 | G31: 0 | H31: 1 | I31: 2 | J31: 2 | K31: 0 | L31: 4 | M31: 265 | N31: 0 | O31: =SUM(C31:L31,N31) -> 93 | P31: =SUM(C31:N31) -> 358 | R31: 0400-0500 | S31: =SUM(C94:C97) -> 81 | T31: =SUM(D94:D97) -> 5 | U31: =SUM(E94:E97) -> 2 | V31: =SUM(F94:F97) -> 34 | W31: =SUM(G94:G97) -> 0 | X31: =SUM(H94:H97) -> 1 | Y31: =SUM(I94:I97) -> 8 | Z31: =SUM(J94:J97) -> 12 | ... AF31: =SUM(P94:P97) -> 363
B32: 12.30 - 12.45 | C32: 22 | D32: 9 | E32: 30 | F32: 40 | G32: 1 | H32: 0 | I32: 1 | J32: 3 | K32: 0 | L32: 1 | M32: 195 | N32: 0 | O32: =SUM(C32:L32,N32) -> 107 | P32: =SUM(C32:N32) -> 302 | R32: 0500-0600 | S32: =SUM(C98:C101) -> 84 | T32: =SUM(D98:D101) -> 10 | U32: =SUM(E98:E101) -> 15 | V32: =SUM(F98:F101) -> 87 | W32: =SUM(G98:G101) -> 0 | X32: =SUM(H98:H101) -> 1 | Y32: =SUM(I98:I101) -> 5 | Z32: =SUM(J98:J101) -> 11 | ... AF32: =SUM(P98:P101) -> 458
B33: 12.45 - 13.00 | C33: 30 | D33: 19 | E33: 14 | F33: 43 | G33: 0 | H33: 1 | I33: 1 | J33: 2 | K33: 0 | L33: 1 | M33: 120 | N33: 0 | O33: =SUM(C33:L33,N33) -> 111 | P33: =SUM(C33:N33) -> 231 | R33: 0600-0700 | S33: =SUM(C102:C105) -> 78 | T33: =SUM(D102:D105) -> 27 | U33: =SUM(E102:E105) -> 27 | V33: =SUM(F102:F105) -> 119 | W33: =SUM(G102:G105) -> 3 | X33: =SUM(H102:H105) -> 2 | Y33: =SUM(I102:I105) -> 13 | Z33: =SUM(J102:J105) -> 21 | ... AF33: =SUM(P102:P105) -> 707
B34: 13.00 - 13.15 | C34: 17 | D34: 16 | E34: 13 | F34: 40 | G34: 0 | H34: 0 | I34: 8 | J34: 6 | K34: 0 | L34: 5 | M34: 305 | N34: 1 | O34: =SUM(C34:L34,N34) -> 106 | P34: =SUM(C34:N34) -> 411 | R34: AM Peak Hr | S34: =MAX(S10:S12) -> 121 | T34: =MAX(T10:T12) -> 37 | U34: =MAX(U10:U12) -> 31 | V34: =MAX(V10:V12) -> 276 | W34: =MAX(W10:W12) -> 10 | X34: =MAX(X10:X12) -> 4 | Y34: =MAX(Y10:Y12) -> 29 | Z34: =MAX(Z10:Z12) -> 17 | ... AF34: =MAX(AF10:AF12) -> 1627
B35: 13.15 - 13.30 | C35: 40 | D35: 16 | E35: 10 | F35: 61 | G35: 2 | H35: 1 | I35: 3 | J35: 7 | K35: 0 | L35: 3 | M35: 270 | N35: 0 | O35: =SUM(C35:L35,N35) -> 143 | P35: =SUM(C35:N35) -> 413 | R35: IP Peak Hr | S35: =MAX(S13:S18) -> 225 | T35: =MAX(T13:T18) -> 78 | U35: =MAX(U13:U18) -> 77 | V35: =MAX(V13:V18) -> 265 | W35: =MAX(W13:W18) -> 3 | X35: =MAX(X13:X18) -> 4 | Y35: =MAX(Y13:Y18) -> 33 | Z35: =MAX(Z13:Z18) -> 29 | ... AF35: =MAX(AF13:AF18) -> 2125
B36: 13.30 - 13.45 | C36: 32 | D36: 9 | E36: 8 | F36: 46 | G36: 1 | H36: 0 | I36: 10 | J36: 5 | K36: 1 | L36: 2 | M36: 164 | N36: 0 | O36: =SUM(C36:L36,N36) -> 114 | P36: =SUM(C36:N36) -> 278 | R36: PM Peak Hr | S36: =MAX(S19:S21) -> 415 | T36: =MAX(T19:T21) -> 155 | U36: =MAX(U19:U21) -> 104 | V36: =MAX(V19:V21) -> 401 | W36: =MAX(W19:W21) -> 13 | X36: =MAX(X19:X21) -> 7 | Y36: =MAX(Y19:Y21) -> 20 | Z36: =MAX(Z19:Z21) -> 24 | ... AF36: =MAX(AF19:AF21) -> 2607
B37: 13.45 - 14.00 | C37: 33 | D37: 17 | E37: 7 | F37: 45 | G37: 0 | H37: 0 | I37: 12 | J37: 4 | K37: 0 | L37: 3 | M37: 190 | N37: 0 | O37: =SUM(C37:L37,N37) -> 121 | P37: =SUM(C37:N37) -> 311 | R37: AM Period | S37: =SUM(S10:S12) -> 328 | T37: =SUM(T10:T12) -> 95 | U37: =SUM(U10:U12) -> 76 | V37: =SUM(V10:V12) -> 759 | W37: =SUM(W10:W12) -> 21 | X37: =SUM(X10:X12) -> 8 | Y37: =SUM(Y10:Y12) -> 53 | Z37: =SUM(Z10:Z12) -> 41 | ... AF37: =SUM(AF10:AF12) -> 4578
B38: 14.00 - 14.15 | C38: 48 | D38: 8 | E38: 12 | F38: 34 | G38: 1 | H38: 0 | I38: 2 | J38: 8 | K38: 0 | L38: 4 | M38: 250 | N38: 0 | O38: =SUM(C38:L38,N38) -> 117 | P38: =SUM(C38:N38) -> 367 | R38: IP Period | S38: =SUM(S13:S18) -> 975 | T38: =SUM(T13:T18) -> 355 | U38: =SUM(U13:U18) -> 316 | V38: =SUM(V13:V18) -> 1234 | W38: =SUM(W13:W18) -> 8 | X38: =SUM(X13:X18) -> 9 | Y38: =SUM(Y13:Y18) -> 150 | Z38: =SUM(Z13:Z18) -> 135 | ... AF38: =SUM(AF13:AF18) -> 10361
B39: 14.15 - 14.30 | C39: 62 | D39: 23 | E39: 15 | F39: 70 | G39: 0 | H39: 0 | I39: 11 | J39: 1 | K39: 0 | L39: 4 | M39: 232 | N39: 0 | O39: =SUM(C39:L39,N39) -> 186 | P39: =SUM(C39:N39) -> 418 | R39: PM Period | S39: =SUM(S19:S21) -> 978 | T39: =SUM(T19:T21) -> 379 | U39: =SUM(U19:U21) -> 242 | V39: =SUM(V19:V21) -> 896 | W39: =SUM(W19:W21) -> 21 | X39: =SUM(X19:X21) -> 15 | Y39: =SUM(Y19:Y21) -> 51 | Z39: =SUM(Z19:Z21) -> 48 | ... AF39: =SUM(AF19:AF21) -> 7358
B40: 14.30 - 14.45 | C40: 60 | D40: 8 | E40: 12 | F40: 50 | G40: 0 | H40: 0 | I40: 2 | J40: 3 | K40: 1 | L40: 6 | M40: 260 | N40: 0 | O40: =SUM(C40:L40,N40) -> 142 | P40: =SUM(C40:N40) -> 402 | R40: 12 Hours | S40: =SUM(S10:S21) -> 2281 | T40: =SUM(T10:T21) -> 829 | U40: =SUM(U10:U21) -> 634 | V40: =SUM(V10:V21) -> 2889 | W40: =SUM(W10:W21) -> 50 | X40: =SUM(X10:X21) -> 32 | Y40: =SUM(Y10:Y21) -> 254 | Z40: =SUM(Z10:Z21) -> 224 | ... AF40: =SUM(AF10:AF21) -> 22297
B41: 14.45 - 15.00 | C41: 54 | D41: 23 | E41: 19 | F41: 69 | G41: 1 | H41: 0 | I41: 11 | J41: 11 | K41: 1 | L41: 2 | M41: 280 | N41: 0 | O41: =SUM(C41:L41,N41) -> 191 | P41: =SUM(C41:N41) -> 471 | R41: 24 Hrs/ADT | S41: =SUM(S10:S33) -> 4295 | T41: =SUM(T10:T33) -> 1462 | U41: =SUM(U10:U33) -> 975 | V41: =SUM(V10:V33) -> 4159 | W41: =SUM(W10:W33) -> 78 | X41: =SUM(X10:X33) -> 52 | Y41: =SUM(Y10:Y33) -> 357 | Z41: =SUM(Z10:Z33) -> 349 | ... AF41: =SUM(AF10:AF33) -> 37969
B42: 15.00 - 15.15 | C42: 50 | D42: 16 | E42: 21 | F42: 69 | G42: 1 | H42: 0 | I42: 9 | J42: 2 | K42: 1 | L42: 2 | M42: 488 | N42: 0 | O42: =SUM(C42:L42,N42) -> 171 | P42: =SUM(C42:N42) -> 659 | R42: NEF | S42: =S41/S40 -> 1.8829461 | T42: =T41/T40 -> 1.7635706 | U42: =U41/U40 -> 1.5378549 | V42: =V41/V40 -> 1.4395985 | W42: =W41/W40 -> 1.56 | X42: =X41/X40 -> 1.625 | Y42: =Y41/Y40 -> 1.4055118 | Z42: =Z41/Z40 -> 1.5580357 | ... AF42: =AF41/AF40 -> 1.7028748
B43: 15.15 - 15.30 | C43: 67 | D43: 22 | E43: 22 | F43: 45 | G43: 0 | H43: 1 | I43: 9 | J43: 5 | K43: 0 | L43: 3 | M43: 240 | N43: 0 | O43: =SUM(C43:L43,N43) -> 174 | P43: =SUM(C43:N43) -> 414
B44: 15.30 - 15.45 | C44: 43 | D44: 15 | E44: 12 | F44: 33 | G44: 0 | H44: 1 | I44: 6 | J44: 12 | K44: 0 | L44: 4 | M44: 271 | N44: 0 | O44: =SUM(C44:L44,N44) -> 126 | P44: =SUM(C44:N44) -> 397
B45: 15.45 - 16.00 | C45: 53 | D45: 25 | E45: 22 | F45: 64 | G45: 0 | H45: 0 | I45: 9 | J45: 2 | K45: 0 | L45: 7 | M45: 250 | N45: 0 | O45: =SUM(C45:L45,N45) -> 182 | P45: =SUM(C45:N45) -> 432
B46: 16.00 - 16.15 | C46: 80 | D46: 24 | E46: 29 | F46: 63 | G46: 0 | H46: 0 | I46: 3 | J46: 1 | K46: 0 | L46: 0 | M46: 320 | N46: 0 | O46: =SUM(C46:L46,N46) -> 200 | P46: =SUM(C46:N46) -> 520
B47: 16.15 -16.30 | C47: 70 | D47: 37 | E47: 21 | F47: 53 | G47: 1 | H47: 3 | I47: 6 | J47: 8 | K47: 0 | L47: 3 | M47: 290 | N47: 0 | O47: =SUM(C47:L47,N47) -> 202 | P47: =SUM(C47:N47) -> 492
B48: 16.30 -16.45 | C48: 175 | D48: 50 | E48: 18 | F48: 130 | G48: 1 | H48: 3 | I48: 8 | J48: 10 | K48: 1 | L48: 3 | M48: 297 | N48: 0 | O48: =SUM(C48:L48,N48) -> 399 | P48: =SUM(C48:N48) -> 696
B49: 16.45 -17.00 | C49: 90 | D49: 44 | E49: 36 | F49: 155 | G49: 2 | H49: 1 | I49: 3 | J49: 5 | K49: 0 | L49: 2 | M49: 250 | N49: 0 | O49: =SUM(C49:L49,N49) -> 338 | P49: =SUM(C49:N49) -> 588
B50: 17.00 -17.15 | C50: 45 | D50: 43 | E50: 23 | F50: 115 | G50: 1 | H50: 2 | I50: 6 | J50: 2 | K50: 0 | L50: 2 | M50: 240 | N50: 0 | O50: =SUM(C50:L50,N50) -> 239 | P50: =SUM(C50:N50) -> 479
B51: 17.15 -17.30 | C51: 85 | D51: 31 | E51: 21 | F51: 60 | G51: 2 | H51: 2 | I51: 3 | J51: 6 | K51: 0 | L51: 1 | M51: 415 | N51: 0 | O51: =SUM(C51:L51,N51) -> 211 | P51: =SUM(C51:N51) -> 626
B52: 17.30 -17.45 | C52: 58 | D52: 34 | E52: 23 | F52: 48 | G52: 0 | H52: 0 | I52: 4 | J52: 0 | K52: 0 | L52: 4 | M52: 505 | N52: 0 | O52: =SUM(C52:L52,N52) -> 171 | P52: =SUM(C52:N52) -> 676
B53: 17.45 -18.00 | C53: 52 | D53: 18 | E53: 15 | F53: 38 | G53: 1 | H53: 2 | I53: 3 | J53: 6 | K53: 1 | L53: 0 | M53: 690 | N53: 0 | O53: =SUM(C53:L53,N53) -> 136 | P53: =SUM(C53:N53) -> 826
B54: 18.00 - 18.15 | C54: 133 | D54: 13 | E54: 18 | F54: 70 | G54: 3 | H54: 0 | I54: 6 | J54: 2 | K54: 1 | L54: 1 | M54: 345 | N54: 0 | O54: =SUM(C54:L54,N54) -> 247 | P54: =SUM(C54:N54) -> 592
... B105: 06.45 - 07.00 | C105: 29 | D105: 11 | E105: 13 | F105: 34 | G105: 1 | H105: 1 | I105: 2 | J105: 6 | K105: 0 | L105: 8 | M105: 145 | N105: 0 | O105: =SUM(C105:L105,N105) -> 105 | P105: =SUM(C105:N105) -> 250
B106: Totals | C106: =SUM(C10:C105) -> 4295 | D106: =SUM(D10:D105) -> 1462 | E106: =SUM(E10:E105) -> 975 | F106: =SUM(F10:F105) -> 4159 | G106: =SUM(G10:G105) -> 78 | H106: =SUM(H10:H105) -> 52 | I106: =SUM(I10:I105) -> 357 | J106: =SUM(J10:J105) -> 349 | ... P106: =SUM(P10:P105) -> 37969
B107: %ges + MCs | C107: =C106/$P$106 -> 0.1131186 | D107: =D106/$P$106 -> 0.038505096 | E107: =E106/$P$106 -> 0.025678843 | F107: =F106/$P$106 -> 0.10953673 | G107: =G106/$P$106 -> 0.0020543075 | H107: =H106/$P$106 -> 0.0013695383 | I107: =I106/$P$106 -> 0.0094024072 | J107: =J106/$P$106 -> 0.009191709 | ... N107: =N106/$P$106 -> 2.6337275e-05
B108: %ges w/o MCs | C108: =C106/$O$106 -> 0.3604095 | D108: =D106/$O$106 -> 0.12268188 | E108: =E106/$O$106 -> 0.081815893 | F108: =F106/$O$106 -> 0.34899723 | G108: =G106/$O$106 -> 0.0065452715 | H108: =H106/$O$106 -> 0.0043635143 | I108: =I106/$O$106 -> 0.029957204 | J108: =J106/$O$106 -> 0.029285894 | ... L108: =L106/$O$106 -> 0.014517076 | N108: =N106/$O$106 -> 8.3913737e-05

Sheet 26.07 GAYAZA-KALERWE-24h
B1: Consultancy services for Preparation of Expressway Development Master Plan (EDMP) for Uganda
B2: MANUAL CLASSIFIED COUNT (MCC)
B3: ROAD NAME: | C3: ='22.07 KALERWE-GAYAZA'!C3:G3 -> MCC - C1 - STN26 - Gayaza Road Kanyanya
C5: Date | D5: ='26.07 KALERWE-GAYAZA-24h'!D5 -> 26.07.19 | F5: Location | G5: ='26.07 KALERWE-GAYAZA-24h'!G5:H5 -> DELTA KYEBANDO | J5: Surveyor | K5: BABIRYE AND MORREEN
C6: Dir. From | D6: ='22.07 GAYAZA-KALERWE'!D6:E6 -> GAYAZA | F6: Dir. To | G6: ='23.07 GAYAZA-KALERWE'!G6:H6 -> KALERWE | J6: Supervisor | K6: LAWRENCE
B8: Time / Veh Type | R8: SUMMARY TRAFFIC VOLUMES
C9: 1. Car | D9: 2. Station Wagon | E9: 3. Pickups | F9: 4. Minibus, matatu | G9: 5. Medium bus | H9: 6. Large Bus | I9: 7. Light Truck | J9: 8. Medium Truck | K9: 9. Heavy truck | L9: 10. Truck Trailer | M9: 11. Motor cycles | N9: 12. Tractors | O9: Total Excl M/Cycles | P9: Total All | R9: Time | S9: 1. Car | T9: 2. Station Wagon | U9: 3. Pickups | V9: 4. Minibus, matatu | W9: 5. Medium bus | X9: 6. Large Bus | Y9: 7. Light Truck | Z9: 8. Medium Truck | AA9: 9. Heavy truck | AB9: 10. Truck Trailer | AC9: 11. Motorcycles | AD9: 12. Tractors, Graders | AE9: Total Excl M/ Cycles | AF9: Total All
B10: 07.00 - 07.15 | C10: 71 | D10: 4 | E10: 8 | F10: 15 | G10: 5 | H10: 2 | I10: 3 | J10: 2 | K10: 1 | L10: 0 | M10: 242 | N10: 0 | O10: =SUM(C10:L10,N10) -> 111 | P10: =SUM(C10:N10) -> 353 | R10: 0700-0800 | S10: =SUM(C10:C13) -> 211 | T10: =SUM(D10:D13) -> 23 | U10: =SUM(E10:E13) -> 24 | V10: =SUM(F10:F13) -> 132 | W10: =SUM(G10:G13) -> 8 | X10: =SUM(H10:H13) -> 6 | Y10: =SUM(I10:I13) -> 22 | Z10: =SUM(J10:J13) -> 13 | ... AF10: =SUM(P10:P13) -> 1583
B11: 07.15 - 07.30 | C11: 56 | D11: 6 | E11: 3 | F11: 43 | G11: 1 | H11: 1 | I11: 7 | J11: 3 | K11: 2 | L11: 0 | M11: 261 | N11: 0 | O11: =SUM(C11:L11,N11) -> 122 | P11: =SUM(C11:N11) -> 383 | R11: 0800-0900 | S11: =SUM(C14:C17) -> 221 | T11: =SUM(D14:D17) -> 19 | U11: =SUM(E14:E17) -> 22 | V11: =SUM(F14:F17) -> 216 | W11: =SUM(G14:G17) -> 3 | X11: =SUM(H14:H17) -> 2 | Y11: =SUM(I14:I17) -> 27 | Z11: =SUM(J14:J17) -> 19 | ... AF11: =SUM(P14:P17) -> 1409
B12: 07.30 - 07.45 | C12: 32 | D12: 5 | E12: 4 | F12: 36 | G12: 0 | H12: 2 | I12: 7 | J12: 3 | K12: 1 | L12: 1 | M12: 326 | N12: 0 | O12: =SUM(C12:L12,N12) -> 91 | P12: =SUM(C12:N12) -> 417 | R12: 0900-1000 | S12: =SUM(C18:C21) -> 301 | T12: =SUM(D18:D21) -> 22 | U12: =SUM(E18:E21) -> 36 | V12: =SUM(F18:F21) -> 312 | W12: =SUM(G18:G21) -> 4 | X12: =SUM(H18:H21) -> 5 | Y12: =SUM(I18:I21) -> 34 | Z12: =SUM(J18:J21) -> 16 | ... AF12: =SUM(P18:P21) -> 1424
B13: 07.45 - 08.00 | C13: 52 | D13: 8 | E13: 9 | F13: 38 | G13: 2 | H13: 1 | I13: 5 | J13: 5 | K13: 0 | L13: 3 | M13: 307 | N13: 0 | O13: =SUM(C13:L13,N13) -> 123 | P13: =SUM(C13:N13) -> 430 | R13: 1000-1100 | S13: =SUM(C22:C25) -> 320 | T13: =SUM(D22:D25) -> 39 | U13: =SUM(E22:E25) -> 40 | V13: =SUM(F22:F25) -> 230 | W13: =SUM(G22:G25) -> 4 | X13: =SUM(H22:H25) -> 2 | Y13: =SUM(I22:I25) -> 29 | Z13: =SUM(J22:J25) -> 18 | ... AF13: =SUM(P22:P25) -> 1411
B14: 08.00 - 08.15 | C14: 30 | D14: 2 | E14: 4 | F14: 52 | G14: 0 | H14: 0 | I14: 7 | J14: 5 | K14: 0 | L14: 1 | M14: 187 | N14: 0 | O14: =SUM(C14:L14,N14) -> 101 | P14: =SUM(C14:N14) -> 288 | R14: 1100-1200 | S14: =SUM(C26:C29) -> 191 | T14: =SUM(D26:D29) -> 29 | U14: =SUM(E26:E29) -> 41 | V14: =SUM(F26:F29) -> 168 | W14: =SUM(G26:G29) -> 1 | X14: =SUM(H26:H29) -> 5 | Y14: =SUM(I26:I29) -> 21 | Z14: =SUM(J26:J29) -> 18 | ... AF14: =SUM(P26:P29) -> 1111
B15: 08.15 - 08.30 | C15: 58 | D15: 5 | E15: 4 | F15: 48 | G15: 1 | H15: 1 | I15: 5 | J15: 1 | K15: 0 | L15: 1 | M15: 255 | N15: 0 | O15: =SUM(C15:L15,N15) -> 124 | P15: =SUM(C15:N15) -> 379 | R15: 1200-1300 | S15: =SUM(C30:C33) -> 270 | T15: =SUM(D30:D33) -> 10 | U15: =SUM(E30:E33) -> 31 | V15: =SUM(F30:F33) -> 208 | W15: =SUM(G30:G33) -> 2 | X15: =SUM(H30:H33) -> 1 | Y15: =SUM(I30:I33) -> 38 | Z15: =SUM(J30:J33) -> 16 | ... AF15: =SUM(P30:P33) -> 1178
B16: 08.30 - 08.45 | C16: 68 | D16: 5 | E16: 4 | F16: 48 | G16: 1 | H16: 1 | I16: 9 | J16: 7 | K16: 4 | L16: 4 | M16: 245 | N16: 0 | O16: =SUM(C16:L16,N16) -> 151 | P16: =SUM(C16:N16) -> 396 | R16: 1300-1400 | S16: =SUM(C34:C37) -> 204 | T16: =SUM(D34:D37) -> 12 | U16: =SUM(E34:E37) -> 40 | V16: =SUM(F34:F37) -> 144 | W16: =SUM(G34:G37) -> 2 | X16: =SUM(H34:H37) -> 2 | Y16: =SUM(I34:I37) -> 30 | Z16: =SUM(J34:J37) -> 23 | ... AF16: =SUM(P34:P37) -> 961
B17: 08.45 - 9.00 | C17: 65 | D17: 7 | E17: 10 | F17: 68 | G17: 1 | H17: 0 | I17: 6 | J17: 6 | K17: 0 | L17: 3 | M17: 180 | N17: 0 | O17: =SUM(C17:L17,N17) -> 166 | P17: =SUM(C17:N17) -> 346 | R17: 1400-1500 | S17: =SUM(C38:C41) -> 205 | T17: =SUM(D38:D41) -> 14 | U17: =SUM(E38:E41) -> 36 | V17: =SUM(F38:F41) -> 114 | W17: =SUM(G38:G41) -> 0 | X17: =SUM(H38:H41) -> 3 | Y17: =SUM(I38:I41) -> 38 | Z17: =SUM(J38:J41) -> 19 | ... AF17: =SUM(P38:P41) -> 955
B18: 09.00 - 09.15 | C18: 42 | D18: 5 | E18: 5 | F18: 64 | G18: 3 | H18: 3 | I18: 7 | J18: 5 | K18: 0 | L18: 1 | M18: 186 | N18: 0 | O18: =SUM(C18:L18,N18) -> 135 | P18: =SUM(C18:N18) -> 321 | R18: 1500-1600 | S18: =SUM(C42:C45) -> 243 | T18: =SUM(D42:D45) -> 13 | U18: =SUM(E42:E45) -> 31 | V18: =SUM(F42:F45) -> 195 | W18: =SUM(G42:G45) -> 3 | X18: =SUM(H42:H45) -> 1 | Y18: =SUM(I42:I45) -> 34 | Z18: =SUM(J42:J45) -> 28 | ... AF18: =SUM(P42:P45) -> 1254
B19: 09.15 - 09.30 | C19: 70 | D19: 8 | E19: 11 | F19: 77 | G19: 0 | H19: 1 | I19: 11 | J19: 2 | K19: 1 | L19: 1 | M19: 168 | N19: 0 | O19: =SUM(C19:L19,N19) -> 182 | P19: =SUM(C19:N19) -> 350 | R19: 1600-1700 | S19: =SUM(C46:C49) -> 210 | T19: =SUM(D46:D49) -> 32 | U19: =SUM(E46:E49) -> 33 | V19: =SUM(F46:F49) -> 149 | W19: =SUM(G46:G49) -> 5 | X19: =SUM(H46:H49) -> 1 | Y19: =SUM(I46:I49) -> 35 | Z19: =SUM(J46:J49) -> 21 | ... AF19: =SUM(P46:P49) -> 1131
B20: 09.30 - 09.45 | C20: 95 | D20: 3 | E20: 11 | F20: 88 | G20: 1 | H20: 1 | I20: 7 | J20: 4 | K20: 2 | L20: 0 | M20: 187 | N20: 0 | O20: =SUM(C20:L20,N20) -> 212 | P20: =SUM(C20:N20) -> 399 | R20: 1700-1800 | S20: =SUM(C50:C53) -> 198 | T20: =SUM(D50:D53) -> 14 | U20: =SUM(E50:E53) -> 35 | V20: =SUM(F50:F53) -> 280 | W20: =SUM(G50:G53) -> 3 | X20: =SUM(H50:H53) -> 1 | Y20: =SUM(I50:I53) -> 55 | Z20: =SUM(J50:J53) -> 25 | ... AF20: =SUM(P50:P53) -> 1367
B21: 09.45 - 10.00 | C21: 94 | D21: 6 | E21: 9 | F21: 83 | G21: 0 | H21: 0 | I21: 9 | J21: 5 | K21: 3 | L21: 0 | M21: 145 | N21: 0 | O21: =SUM(C21:L21,N21) -> 209 | P21: =SUM(C21:N21) -> 354 | R21: 1800-1900 | S21: =SUM(C54:C57) -> 237 | T21: =SUM(D54:D57) -> 19 | U21: =SUM(E54:E57) -> 24 | V21: =SUM(F54:F57) -> 289 | W21: =SUM(G54:G57) -> 8 | X21: =SUM(H54:H57) -> 7 | Y21: =SUM(I54:I57) -> 30 | Z21: =SUM(J54:J57) -> 16 | ... AF21: =SUM(P54:P57) -> 1321
B22: 10.00 - 10.15 | C22: 88 | D22: 8 | E22: 11 | F22: 74 | G22: 2 | H22: 1 | I22: 5 | J22: 6 | K22: 1 | L22: 2 | M22: 225 | N22: 0 | O22: =SUM(C22:L22,N22) -> 198 | P22: =SUM(C22:N22) -> 423 | R22: 1900-2000 | S22: =SUM(C58:C61) -> 151 | T22: =SUM(D58:D61) -> 13 | U22: =SUM(E58:E61) -> 18 | V22: =SUM(F58:F61) -> 176 | W22: =SUM(G58:G61) -> 7 | X22: =SUM(H58:H61) -> 7 | Y22: =SUM(I58:I61) -> 26 | Z22: =SUM(J58:J61) -> 21 | ... AF22: =SUM(P58:P61) -> 1085
B23: 10.15 - 10.30 | C23: 105 | D23: 12 | E23: 8 | F23: 42 | G23: 0 | H23: 0 | I23: 2 | J23: 1 | K23: 0 | L23: 0 | M23: 148 | N23: 0 | O23: =SUM(C23:L23,N23) -> 170 | P23: =SUM(C23:N23) -> 318 | R23: 2000-2100 | S23: =SUM(C62:C65) -> 73 | T23: =SUM(D62:D65) -> 13 | U23: =SUM(E62:E65) -> 17 | V23: =SUM(F62:F65) -> 100 | W23: =SUM(G62:G65) -> 3 | X23: =SUM(H62:H65) -> 5 | Y23: =SUM(I62:I65) -> 21 | Z23: =SUM(J62:J65) -> 19 | ... AF23: =SUM(P62:P65) -> 1054
B24: 10.30 - 10.45 | C24: 66 | D24: 11 | E24: 16 | F24: 58 | G24: 0 | H24: 0 | I24: 15 | J24: 9 | K24: 3 | L24: 2 | M24: 170 | N24: 0 | O24: =SUM(C24:L24,N24) -> 180 | P24: =SUM(C24:N24) -> 350 | R24: 2100-2200 | S24: =SUM(C66:C69) -> 114 | T24: =SUM(D66:D69) -> 7 | U24: =SUM(E66:E69) -> 19 | V24: =SUM(F66:F69) -> 90 | W24: =SUM(G66:G69) -> 8 | X24: =SUM(H66:H69) -> 0 | Y24: =SUM(I66:I69) -> 16 | Z24: =SUM(J66:J69) -> 7 | ... AF24: =SUM(P66:P69) -> 790
B25: 10.45 - 11.00 | C25: 61 | D25: 8 | E25: 5 | F25: 56 | G25: 2 | H25: 1 | I25: 7 | J25: 2 | K25: 1 | L25: 0 | M25: 177 | N25: 0 | O25: =SUM(C25:L25,N25) -> 143 | P25: =SUM(C25:N25) -> 320 | R25: 2200-2300 | S25: =SUM(C70:C73) -> 90 | T25: =SUM(D70:D73) -> 4 | U25: =SUM(E70:E73) -> 18 | V25: =SUM(F70:F73) -> 52 | W25: =SUM(G70:G73) -> 1 | X25: =SUM(H70:H73) -> 0 | Y25: =SUM(I70:I73) -> 29 | Z25: =SUM(J70:J73) -> 19 | ... AF25: =SUM(P70:P73) -> 728
B26: 11.00 - 11.15 | C26: 53 | D26: 13 | E26: 18 | F26: 65 | G26: 0 | H26: 1 | I26: 5 | J26: 3 | K26: 2 | L26: 0 | M26: 175 | N26: 0 | O26: =SUM(C26:L26,N26) -> 160 | P26: =SUM(C26:N26) -> 335 | R26: 2300-0000 | S26: =SUM(C74:C77) -> 81 | T26: =SUM(D74:D77) -> 13 | U26: =SUM(E74:E77) -> 15 | V26: =SUM(F74:F77) -> 28 | W26: =SUM(G74:G77) -> 0 | X26: =SUM(H74:H77) -> 0 | Y26: =SUM(I74:I77) -> 17 | Z26: =SUM(J74:J77) -> 12 | ... AF26: =SUM(P74:P77) -> 516
B27: 11.15 - 11.30 | C27: 48 | D27: 5 | E27: 8 | F27: 37 | G27: 0 | H27: 3 | I27: 2 | J27: 6 | K27: 3 | L27: 2 | M27: 132 | N27: 0 | O27: =SUM(C27:L27,N27) -> 114 | P27: =SUM(C27:N27) -> 246 | R27: 0000-0100 | S27: =SUM(C78:C81) -> 0 | T27: =SUM(D78:D81) -> 0 | U27: =SUM(E78:E81) -> 0 | V27: =SUM(F78:F81) -> 0 | W27: =SUM(G78:G81) -> 0 | X27: =SUM(H78:H81) -> 0 | Y27: =SUM(I78:I81) -> 6 | Z27: =SUM(J78:J81) -> 5 | ... AF27: =SUM(P78:P81) -> 147
B28: 11.30 - 11.45 | C28: 52 | D28: 1 | E28: 6 | F28: 40 | G28: 0 | H28: 0 | I28: 5 | J28: 4 | K28: 1 | L28: 1 | M28: 181 | N28: 0 | O28: =SUM(C28:L28,N28) -> 110 | P28: =SUM(C28:N28) -> 291 | R28: 0100-0200 | S28: =SUM(C82:C85) -> 25 | T28: =SUM(D82:D85) -> 1 | U28: =SUM(E82:E85) -> 5 | V28: =SUM(F82:F85) -> 12 | W28: =SUM(G82:G85) -> 1 | X28: =SUM(H82:H85) -> 0 | Y28: =SUM(I82:I85) -> 2 | Z28: =SUM(J82:J85) -> 0 | ... AF28: =SUM(P82:P85) -> 185
B29: 11.45 - 12.00 | C29: 38 | D29: 10 | E29: 9 | F29: 26 | G29: 1 | H29: 1 | I29: 9 | J29: 5 | K29: 1 | L29: 1 | M29: 138 | N29: 0 | O29: =SUM(C29:L29,N29) -> 101 | P29: =SUM(C29:N29) -> 239 | R29: 0200-0300 | S29: =SUM(C86:C89) -> 37 | T29: =SUM(D86:D89) -> 5 | U29: =SUM(E86:E89) -> 10 | V29: =SUM(F86:F89) -> 6 | W29: =SUM(G86:G89) -> 0 | X29: =SUM(H86:H89) -> 0 | Y29: =SUM(I86:I89) -> 8 | Z29: =SUM(J86:J89) -> 3 | ... AF29: =SUM(P86:P89) -> 203
B30: 12.00 - 12.15 | C30: 82 | D30: 5 | E30: 5 | F30: 45 | G30: 0 | H30: 1 | I30: 8 | J30: 5 | K30: 2 | L30: 2 | M30: 190 | N30: 0 | O30: =SUM(C30:L30,N30) -> 155 | P30: =SUM(C30:N30) -> 345 | R30: 0300-0400 | S30: =SUM(C90:C93) -> 21 | T30: =SUM(D90:D93) -> 12 | U30: =SUM(E90:E93) -> 2 | V30: =SUM(F90:F93) -> 9 | W30: =SUM(G90:G93) -> 0 | X30: =SUM(H90:H93) -> 0 | Y30: =SUM(I90:I93) -> 10 | Z30: =SUM(J90:J93) -> 1 | ... AF30: =SUM(P90:P93) -> 170
B31: 12.15 - 12.30 | C31: 65 | D31: 0 | E31: 5 | F31: 74 | G31: 0 | H31: 0 | I31: 17 | J31: 5 | K31: 6 | L31: 2 | M31: 122 | N31: 0 | O31: =SUM(C31:L31,N31) -> 174 | P31: =SUM(C31:N31) -> 296 | R31: 0400-0500 | S31: =SUM(C94:C97) -> 53 | T31: =SUM(D94:D97) -> 4 | U31: =SUM(E94:E97) -> 6 | V31: =SUM(F94:F97) -> 24 | W31: =SUM(G94:G97) -> 0 | X31: =SUM(H94:H97) -> 1 | Y31: =SUM(I94:I97) -> 82 | Z31: =SUM(J94:J97) -> 18 | ... AF31: =SUM(P94:P97) -> 320
B32: 12.30 - 12.45 | C32: 75 | D32: 2 | E32: 13 | F32: 61 | G32: 1 | H32: 0 | I32: 6 | J32: 2 | K32: 1 | L32: 0 | M32: 141 | N32: 0 | O32: =SUM(C32:L32,N32) -> 161 | P32: =SUM(C32:N32) -> 302 | R32: 0500-0600 | S32: =SUM(C98:C101) -> 30 | T32: =SUM(D98:D101) -> 6 | U32: =SUM(E98:E101) -> 5 | V32: =SUM(F98:F101) -> 73 | W32: =SUM(G98:G101) -> 1 | X32: =SUM(H98:H101) -> 0 | Y32: =SUM(I98:I101) -> 5 | Z32: =SUM(J98:J101) -> 6 | ... AF32: =SUM(P98:P101) -> 661
B33: 12.45 - 13.00 | C33: 48 | D33: 3 | E33: 8 | F33: 28 | G33: 1 | H33: 0 | I33: 7 | J33: 4 | K33: 3 | L33: 3 | M33: 130 | N33: 0 | O33: =SUM(C33:L33,N33) -> 105 | P33: =SUM(C33:N33) -> 235 | R33: 0600-0700 | S33: =SUM(C102:C105) -> 112 | T33: =SUM(D102:D105) -> 19 | U33: =SUM(E102:E105) -> 23 | V33: =SUM(F102:F105) -> 191 | W33: =SUM(G102:G105) -> 3 | X33: =SUM(H102:H105) -> 1 | Y33: =SUM(I102:I105) -> 29 | Z33: =SUM(J102:J105) -> 16 | ... AF33: =SUM(P102:P105) -> 1425
B34: 13.00 - 13.15 | C34: 33 | D34: 3 | E34: 12 | F34: 37 | G34: 0 | H34: 1 | I34: 17 | J34: 4 | K34: 4 | L34: 1 | M34: 135 | N34: 0 | O34: =SUM(C34:L34,N34) -> 112 | P34: =SUM(C34:N34) -> 247 | R34: AM Peak Hr | S34: =MAX(S10:S12) -> 301 | T34: =MAX(T10:T12) -> 23 | U34: =MAX(U10:U12) -> 36 | V34: =MAX(V10:V12) -> 312 | W34: =MAX(W10:W12) -> 8 | X34: =MAX(X10:X12) -> 6 | Y34: =MAX(Y10:Y12) -> 34 | Z34: =MAX(Z10:Z12) -> 19 | ... AF34: =MAX(AF10:AF12) -> 1583
B35: 13.15 - 13.30 | C35: 44 | D35: 3 | E35: 7 | F35: 36 | G35: 1 | H35: 1 | I35: 4 | J35: 8 | K35: 3 | L35: 2 | M35: 135 | N35: 0 | O35: =SUM(C35:L35,N35) -> 109 | P35: =SUM(C35:N35) -> 244 | R35: IP Peak Hr | S35: =MAX(S13:S18) -> 320 | T35: =MAX(T13:T18) -> 39 | U35: =MAX(U13:U18) -> 41 | V35: =MAX(V13:V18) -> 230 | W35: =MAX(W13:W18) -> 4 | X35: =MAX(X13:X18) -> 5 | Y35: =MAX(Y13:Y18) -> 38 | Z35: =MAX(Z13:Z18) -> 28 | ... AF35: =MAX(AF13:AF18) -> 1411
B36: 13.30 - 13.45 | C36: 69 | D36: 1 | E36: 9 | F36: 45 | G36: 1 | H36: 0 | I36: 6 | J36: 7 | K36: 4 | L36: 1 | M36: 118 | N36: 0 | O36: =SUM(C36:L36,N36) -> 143 | P36: =SUM(C36:N36) -> 261 | R36: PM Peak Hr | S36: =MAX(S19:S21) -> 237 | T36: =MAX(T19:T21) -> 32 | U36: =MAX(U19:U21) -> 35 | V36: =MAX(V19:V21) -> 289 | W36: =MAX(W19:W21) -> 8 | X36: =MAX(X19:X21) -> 7 | Y36: =MAX(Y19:Y21) -> 55 | Z36: =MAX(Z19:Z21) -> 25 | ... AF36: =MAX(AF19:AF21) -> 1367
B37: 13.45 - 14.00 | C37: 58 | D37: 5 | E37: 12 | F37: 26 | G37: 0 | H37: 0 | I37: 3 | J37: 4 | K37: 1 | L37: 0 | M37: 100 | N37: 0 | O37: =SUM(C37:L37,N37) -> 109 | P37: =SUM(C37:N37) -> 209 | R37: AM Period | S37: =SUM(S10:S12) -> 733 | T37: =SUM(T10:T12) -> 64 | U37: =SUM(U10:U12) -> 82 | V37: =SUM(V10:V12) -> 660 | W37: =SUM(W10:W12) -> 15 | X37: =SUM(X10:X12) -> 13 | Y37: =SUM(Y10:Y12) -> 83 | Z37: =SUM(Z10:Z12) -> 48 | ... AF37: =SUM(AF10:AF12) -> 4416
B38: 14.00 - 14.15 | C38: 45 | D38: 7 | E38: 5 | F38: 40 | G38: 0 | H38: 1 | I38: 8 | J38: 3 | K38: 0 | L38: 0 | M38: 112 | N38: 1 | O38: =SUM(C38:L38,N38) -> 110 | P38: =SUM(C38:N38) -> 222 | R38: IP Period | S38: =SUM(S13:S18) -> 1433 | T38: =SUM(T13:T18) -> 117 | U38: =SUM(U13:U18) -> 219 | V38: =SUM(V13:V18) -> 1059 | W38: =SUM(W13:W18) -> 12 | X38: =SUM(X13:X18) -> 14 | Y38: =SUM(Y13:Y18) -> 190 | Z38: =SUM(Z13:Z18) -> 122 | ... AF38: =SUM(AF13:AF18) -> 6870
B39: 14.15 - 14.30 | C39: 42 | D39: 3 | E39: 5 | F39: 15 | G39: 0 | H39: 1 | I39: 9 | J39: 4 | K39: 2 | L39: 5 | M39: 120 | N39: 0 | O39: =SUM(C39:L39,N39) -> 86 | P39: =SUM(C39:N39) -> 206 | R39: PM Period | S39: =SUM(S19:S21) -> 645 | T39: =SUM(T19:T21) -> 65 | U39: =SUM(U19:U21) -> 92 | V39: =SUM(V19:V21) -> 718 | W39: =SUM(W19:W21) -> 16 | X39: =SUM(X19:X21) -> 9 | Y39: =SUM(Y19:Y21) -> 120 | Z39: =SUM(Z19:Z21) -> 62 | ... AF39: =SUM(AF19:AF21) -> 3819
B40: 14.30 - 14.45 | C40: 64 | D40: 2 | E40: 12 | F40: 26 | G40: 0 | H40: 0 | I40: 8 | J40: 5 | K40: 0 | L40: 1 | M40: 173 | N40: 0 | O40: =SUM(C40:L40,N40) -> 118 | P40: =SUM(C40:N40) -> 291 | R40: 12 Hours | S40: =SUM(S10:S21) -> 2811 | T40: =SUM(T10:T21) -> 246 | U40: =SUM(U10:U21) -> 393 | V40: =SUM(V10:V21) -> 2437 | W40: =SUM(W10:W21) -> 43 | X40: =SUM(X10:X21) -> 36 | Y40: =SUM(Y10:Y21) -> 393 | Z40: =SUM(Z10:Z21) -> 232 | ... AF40: =SUM(AF10:AF21) -> 15105
B41: 14.45 - 15.00 | C41: 54 | D41: 2 | E41: 14 | F41: 33 | G41: 0 | H41: 1 | I41: 13 | J41: 7 | K41: 0 | L41: 1 | M41: 111 | N41: 0 | O41: =SUM(C41:L41,N41) -> 125 | P41: =SUM(C41:N41) -> 236 | R41: 24 Hrs/ADT | S41: =SUM(S10:S33) -> 3598 | T41: =SUM(T10:T33) -> 343 | U41: =SUM(U10:U33) -> 531 | V41: =SUM(V10:V33) -> 3198 | W41: =SUM(W10:W33) -> 67 | X41: =SUM(X10:X33) -> 50 | Y41: =SUM(Y10:Y33) -> 644 | Z41: =SUM(Z10:Z33) -> 359 | ... AF41: =SUM(AF10:AF33) -> 22389
B42: 15.00 - 15.15 | C42: 63 | D42: 3 | E42: 12 | F42: 55 | G42: 2 | H42: 0 | I42: 10 | J42: 5 | K42: 1 | L42: 0 | M42: 148 | N42: 0 | O42: =SUM(C42:L42,N42) -> 151 | P42: =SUM(C42:N42) -> 299 | R42: NEF | S42: =S41/S40 -> 1.2799715 | T42: =T41/T40 -> 1.3943089 | U42: =U41/U40 -> 1.351145 | V42: =V41/V40 -> 1.3122692 | W42: =W41/W40 -> 1.5581395 | X42: =X41/X40 -> 1.3888889 | Y42: =Y41/Y40 -> 1.6386768 | Z42: =Z41/Z40 -> 1.5474138 | ... AF42: =AF41/AF40 -> 1.4822244
B43: 15.15 - 15.30 | C43: 62 | D43: 6 | E43: 12 | F43: 65 | G43: 1 | H43: 0 | I43: 9 | J43: 11 | K43: 0 | L43: 1 | M43: 175 | N43: 0 | O43: =SUM(C43:L43,N43) -> 167 | P43: =SUM(C43:N43) -> 342
B44: 15.30 - 15.45 | C44: 78 | D44: 1 | E44: 2 | F44: 50 | G44: 0 | H44: 1 | I44: 5 | J44: 7 | K44: 2 | L44: 1 | M44: 180 | N44: 0 | O44: =SUM(C44:L44,N44) -> 147 | P44: =SUM(C44:N44) -> 327
B45: 15.45 - 16.00 | C45: 40 | D45: 3 | E45: 5 | F45: 25 | G45: 0 | H45: 0 | I45: 10 | J45: 5 | K45: 3 | L45: 0 | M45: 195 | N45: 0 | O45: =SUM(C45:L45,N45) -> 91 | P45: =SUM(C45:N45) -> 286
B46: 16.00 - 16.15 | C46: 45 | D46: 6 | E46: 7 | F46: 23 | G46: 2 | H46: 1 | I46: 6 | J46: 3 | K46: 2 | L46: 1 | M46: 195 | N46: 0 | O46: =SUM(C46:L46,N46) -> 96 | P46: =SUM(C46:N46) -> 291
B47: 16.15 -16.30 | C47: 60 | D47: 11 | E47: 9 | F47: 46 | G47: 3 | H47: 0 | I47: 10 | J47: 7 | K47: 3 | L47: 2 | M47: 127 | N47: 0 | O47: =SUM(C47:L47,N47) -> 151 | P47: =SUM(C47:N47) -> 278
B48: 16.30 -16.45 | C48: 40 | D48: 4 | E48: 7 | F48: 27 | G48: 0 | H48: 0 | I48: 7 | J48: 6 | K48: 1 | L48: 0 | M48: 135 | N48: 0 | O48: =SUM(C48:L48,N48) -> 92 | P48: =SUM(C48:N48) -> 227
B49: 16.45 -17.00 | C49: 65 | D49: 11 | E49: 10 | F49: 53 | G49: 0 | H49: 0 | I49: 12 | J49: 5 | K49: 6 | L49: 1 | M49: 172 | N49: 0 | O49: =SUM(C49:L49,N49) -> 163 | P49: =SUM(C49:N49) -> 335
B50: 17.00 -17.15 | C50: 54 | D50: 4 | E50: 13 | F50: 49 | G50: 0 | H50: 0 | I50: 23 | J50: 12 | K50: 2 | L50: 1 | M50: 197 | N50: 0 | O50: =SUM(C50:L50,N50) -> 158 | P50: =SUM(C50:N50) -> 355
B51: 17.15 -17.30 | C51: 29 | D51: 1 | E51: 9 | F51: 65 | G51: 1 | H51: 0 | I51: 9 | J51: 3 | K51: 2 | L51: 0 | M51: 191 | N51: 0 | O51: =SUM(C51:L51,N51) -> 119 | P51: =SUM(C51:N51) -> 310
B52: 17.30 -17.45 | C52: 40 | D52: 2 | E52: 5 | F52: 82 | G52: 0 | H52: 0 | I52: 8 | J52: 7 | K52: 2 | L52: 0 | M52: 175 | N52: 0 | O52: =SUM(C52:L52,N52) -> 146 | P52: =SUM(C52:N52) -> 321
B53: 17.45 -18.00 | C53: 75 | D53: 7 | E53: 8 | F53: 84 | G53: 2 | H53: 1 | I53: 15 | J53: 3 | K53: 4 | L53: 3 | M53: 179 | N53: 0 | O53: =SUM(C53:L53,N53) -> 202 | P53: =SUM(C53:N53) -> 381
B54: 18.00 - 18.15 | C54: 85 | D54: 6 | E54: 11 | F54: 87 | G54: 2 | H54: 2 | I54: 10 | J54: 7 | K54: 0 | L54: 2 | M54: 215 | N54: 0 | O54: =SUM(C54:L54,N54) -> 212 | P54: =SUM(C54:N54) -> 427
... B105: 06.45 - 07.00 | C105: 36 | D105: 4 | E105: 4 | F105: 50 | G105: 1 | H105: 1 | I105: 11 | J105: 4 | K105: 0 | L105: 0 | M105: 332 | N105: 0 | O105: =SUM(C105:L105,N105) -> 111 | P105: =SUM(C105:N105) -> 443
B106: Totals | C106: =SUM(C10:C105) -> 3598 | D106: =SUM(D10:D105) -> 343 | E106: =SUM(E10:E105) -> 531 | F106: =SUM(F10:F105) -> 3198 | G106: =SUM(G10:G105) -> 67 | H106: =SUM(H10:H105) -> 50 | I106: =SUM(I10:I105) -> 644 | J106: =SUM(J10:J105) -> 359 | ... P106: =SUM(P10:P105) -> 22389
B107: %ges + MCs | C107: =C106/$P$106 -> 0.16070392 | D107: =D106/$P$106 -> 0.015320023 | E107: =E106/$P$106 -> 0.023717004 | F107: =F106/$P$106 -> 0.142838 | G107: =G106/$P$106 -> 0.002992541 | H107: =H106/$P$106 -> 0.0022332395 | I107: =I106/$P$106 -> 0.028764125 | J107: =J106/$P$106 -> 0.01603466 | ... N107: =N106/$P$106 -> 4.4664791e-05
B108: %ges w/o MCs | C108: =C106/$O$106 -> 0.3998222 | D108: =D106/$O$106 -> 0.038115346 | E108: =E106/$O$106 -> 0.059006556 | F108: =F106/$O$106 -> 0.35537282 | G108: =G106/$O$106 -> 0.0074452717 | H108: =H106/$O$106 -> 0.0055561729 | I108: =I106/$O$106 -> 0.071563507 | J108: =J106/$O$106 -> 0.039893321 | ... L108: =L106/$O$106 -> 0.0088898767 | N108: =N106/$O$106 -> 0.00011112346

Sheet 27.07 KALERWE-GAYAZA-24h
B1: Consultancy services for Preparation of Expressway Development Master Plan (EDMP) for Uganda
B2: MANUAL CLASSIFIED COUNT (MCC)
B3: ROAD NAME: | C3: ='22.07 KALERWE-GAYAZA'!C3:G3 -> MCC - C1 - STN26 - Gayaza Road Kanyanya
C5: Date | D5: 27.07.19 | F5: Location | G5: ='26.07 GAYAZA-KALERWE-24h'!G5:H5 -> DELTA KYEBANDO | J5: Surveyor | K5: NALUBEGA JOSEPHINE AND NANDUTU SANDRAH
C6: Dir. From | D6: ='22.07 KALERWE-GAYAZA'!D6:E6 -> KALERWE | F6: Dir. To | G6: ='22.07 KALERWE-GAYAZA'!G6:H6 -> GAYAZA | J6: Supervisor | K6: LAWRENCE AND WALAKILA
B8: Time / Veh Type | R8: SUMMARY TRAFFIC VOLUMES
C9: 1. Car | D9: 2. Station Wagon | E9: 3. Pickups | F9: 4. Minibus, matatu | G9: 5. Medium bus | H9: 6. Large Bus | I9: 7. Light Truck | J9: 8. Medium Truck | K9: 9. Heavy truck | L9: 10. Truck Trailer | M9: 11. Motor cycles | N9: 12. Tractors | O9: Total Excl M/Cycles | P9: Total All | R9: Time | S9: 1. Car | T9: 2. Station Wagon | U9: 3. Pickups | V9: 4. Minibus, matatu | W9: 5. Medium bus | X9: 6. Large Bus | Y9: 7. Light Truck | Z9: 8. Medium Truck | AA9: 9. Heavy truck | AB9: 10. Truck Trailer | AC9: 11. Motorcycles | AD9: 12. Tractors, Graders | AE9: Total Excl M/ Cycles | AF9: Total All
B10: 07.00 - 07.15 | C10: 50 | D10: 20 | E10: 15 | F10: 45 | G10: 1 | H10: 1 | I10: 1 | J10: 1 | K10: 1 | L10: 2 | M10: 195 | N10: 0 | O10: =SUM(C10:L10,N10) -> 137 | P10: =SUM(C10:N10) -> 332 | R10: 0700-0800 | S10: =SUM(C10:C13) -> 153 | T10: =SUM(D10:D13) -> 72 | U10: =SUM(E10:E13) -> 49 | V10: =SUM(F10:F13) -> 163 | W10: =SUM(G10:G13) -> 4 | X10: =SUM(H10:H13) -> 3 | Y10: =SUM(I10:I13) -> 10 | Z10: =SUM(J10:J13) -> 9 | ... AF10: =SUM(P10:P13) -> 1480
B11: 07.15 - 07.30 | C11: 35 | D11: 13 | E11: 10 | F11: 40 | G11: 2 | H11: 1 | I11: 4 | J11: 0 | K11: 0 | L11: 1 | M11: 300 | N11: 0 | O11: =SUM(C11:L11,N11) -> 106 | P11: =SUM(C11:N11) -> 406 | R11: 0800-0900 | S11: =SUM(C14:C17) -> 231 | T11: =SUM(D14:D17) -> 155 | U11: =SUM(E14:E17) -> 96 | V11: =SUM(F14:F17) -> 309 | W11: =SUM(G14:G17) -> 8 | X11: =SUM(H14:H17) -> 3 | Y11: =SUM(I14:I17) -> 14 | Z11: =SUM(J14:J17) -> 17 | ... AF11: =SUM(P14:P17) -> 2331
B12: 07.30 - 07.45 | C12: 28 | D12: 22 | E12: 16 | F12: 35 | G12: 0 | H12: 1 | I12: 1 | J12: 1 | K12: 1 | L12: 0 | M12: 245 | N12: 0 | O12: =SUM(C12:L12,N12) -> 105 | P12: =SUM(C12:N12) -> 350 | R12: 0900-1000 | S12: =SUM(C18:C21) -> 224 | T12: =SUM(D18:D21) -> 154 | U12: =SUM(E18:E21) -> 95 | V12: =SUM(F18:F21) -> 246 | W12: =SUM(G18:G21) -> 3 | X12: =SUM(H18:H21) -> 3 | Y12: =SUM(I18:I21) -> 13 | Z12: =SUM(J18:J21) -> 20 | ... AF12: =SUM(P18:P21) -> 2143
B13: 07.45 - 08.00 | C13: 40 | D13: 17 | E13: 8 | F13: 43 | G13: 1 | H13: 0 | I13: 4 | J13: 7 | K13: 1 | L13: 6 | M13: 265 | N13: 0 | O13: =SUM(C13:L13,N13) -> 127 | P13: =SUM(C13:N13) -> 392 | R13: 1000-1100 | S13: =SUM(C22:C25) -> 304 | T13: =SUM(D22:D25) -> 131 | U13: =SUM(E22:E25) -> 141 | V13: =SUM(F22:F25) -> 223 | W13: =SUM(G22:G25) -> 4 | X13: =SUM(H22:H25) -> 1 | Y13: =SUM(I22:I25) -> 14 | Z13: =SUM(J22:J25) -> 17 | ... AF13: =SUM(P22:P25) -> 1954
B14: 08.00 - 08.15 | C14: 80 | D14: 40 | E14: 13 | F14: 79 | G14: 1 | H14: 0 | I14: 3 | J14: 3 | K14: 1 | L14: 0 | M14: 310 | N14: 0 | O14: =SUM(C14:L14,N14) -> 220 | P14: =SUM(C14:N14) -> 530 | R14: 1100-1200 | S14: =SUM(C26:C29) -> 301 | T14: =SUM(D26:D29) -> 245 | U14: =SUM(E26:E29) -> 151 | V14: =SUM(F26:F29) -> 344 | W14: =SUM(G26:G29) -> 6 | X14: =SUM(H26:H29) -> 1 | Y14: =SUM(I26:I29) -> 39 | Z14: =SUM(J26:J29) -> 39 | ... AF14: =SUM(P26:P29) -> 2484
B15: 08.15 - 08.30 | C15: 42 | D15: 55 | E15: 30 | F15: 73 | G15: 3 | H15: 1 | I15: 2 | J15: 4 | K15: 1 | L15: 1 | M15: 445 | N15: 0 | O15: =SUM(C15:L15,N15) -> 212 | P15: =SUM(C15:N15) -> 657 | R15: 1200-1300 | S15: =SUM(C30:C33) -> 215 | T15: =SUM(D30:D33) -> 128 | U15: =SUM(E30:E33) -> 91 | V15: =SUM(F30:F33) -> 241 | W15: =SUM(G30:G33) -> 5 | X15: =SUM(H30:H33) -> 4 | Y15: =SUM(I30:I33) -> 34 | Z15: =SUM(J30:J33) -> 35 | ... AF15: =SUM(P30:P33) -> 2041
B16: 08.30 - 08.45 | C16: 55 | D16: 38 | E16: 28 | F16: 75 | G16: 2 | H16: 0 | I16: 3 | J16: 1 | K16: 3 | L16: 0 | M16: 370 | N16: 0 | O16: =SUM(C16:L16,N16) -> 205 | P16: =SUM(C16:N16) -> 575 | R16: 1300-1400 | S16: =SUM(C34:C37) -> 240 | T16: =SUM(D34:D37) -> 96 | U16: =SUM(E34:E37) -> 35 | V16: =SUM(F34:F37) -> 138 | W16: =SUM(G34:G37) -> 5 | X16: =SUM(H34:H37) -> 4 | Y16: =SUM(I34:I37) -> 36 | Z16: =SUM(J34:J37) -> 34 | ... AF16: =SUM(P34:P37) -> 1597
B17: 08.45 - 9.00 | C17: 54 | D17: 22 | E17: 25 | F17: 82 | G17: 2 | H17: 2 | I17: 6 | J17: 9 | K17: 7 | L17: 0 | M17: 360 | N17: 0 | O17: =SUM(C17:L17,N17) -> 209 | P17: =SUM(C17:N17) -> 569 | R17: 1400-1500 | S17: =SUM(C38:C41) -> 202 | T17: =SUM(D38:D41) -> 72 | U17: =SUM(E38:E41) -> 15 | V17: =SUM(F38:F41) -> 53 | W17: =SUM(G38:G41) -> 6 | X17: =SUM(H38:H41) -> 3 | Y17: =SUM(I38:I41) -> 35 | Z17: =SUM(J38:J41) -> 34 | ... AF17: =SUM(P38:P41) -> 1484
B18: 09.00 - 09.15 | C18: 57 | D18: 35 | E18: 12 | F18: 59 | G18: 1 | H18: 2 | I18: 3 | J18: 7 | K18: 0 | L18: 0 | M18: 225 | N18: 0 | O18: =SUM(C18:L18,N18) -> 176 | P18: =SUM(C18:N18) -> 401 | R18: 1500-1600 | S18: =SUM(C42:C45) -> 177 | T18: =SUM(D42:D45) -> 106 | U18: =SUM(E42:E45) -> 37 | V18: =SUM(F42:F45) -> 108 | W18: =SUM(G42:G45) -> 1 | X18: =SUM(H42:H45) -> 5 | Y18: =SUM(I42:I45) -> 41 | Z18: =SUM(J42:J45) -> 11 | ... AF18: =SUM(P42:P45) -> 2068
B19: 09.15 - 09.30 | C19: 60 | D19: 57 | E19: 30 | F19: 65 | G19: 1 | H19: 0 | I19: 2 | J19: 3 | K19: 1 | L19: 4 | M19: 375 | N19: 0 | O19: =SUM(C19:L19,N19) -> 223 | P19: =SUM(C19:N19) -> 598 | R19: 1600-1700 | S19: =SUM(C46:C49) -> 287 | T19: =SUM(D46:D49) -> 59 | U19: =SUM(E46:E49) -> 53 | V19: =SUM(F46:F49) -> 137 | W19: =SUM(G46:G49) -> 2 | X19: =SUM(H46:H49) -> 4 | Y19: =SUM(I46:I49) -> 26 | Z19: =SUM(J46:J49) -> 10 | ... AF19: =SUM(P46:P49) -> 2605
B20: 09.30 - 09.45 | C20: 52 | D20: 24 | E20: 25 | F20: 50 | G20: 0 | H20: 0 | I20: 6 | J20: 8 | K20: 5 | L20: 2 | M20: 420 | N20: 0 | O20: =SUM(C20:L20,N20) -> 172 | P20: =SUM(C20:N20) -> 592 | R20: 1700-1800 | S20: =SUM(C50:C53) -> 203 | T20: =SUM(D50:D53) -> 56 | U20: =SUM(E50:E53) -> 32 | V20: =SUM(F50:F53) -> 183 | W20: =SUM(G50:G53) -> 4 | X20: =SUM(H50:H53) -> 3 | Y20: =SUM(I50:I53) -> 23 | Z20: =SUM(J50:J53) -> 10 | ... AF20: =SUM(P50:P53) -> 2646
B21: 09.45 - 10.00 | C21: 55 | D21: 38 | E21: 28 | F21: 72 | G21: 1 | H21: 1 | I21: 2 | J21: 2 | K21: 1 | L21: 2 | M21: 350 | N21: 0 | O21: =SUM(C21:L21,N21) -> 202 | P21: =SUM(C21:N21) -> 552 | R21: 1800-1900 | S21: =SUM(C54:C57) -> 227 | T21: =SUM(D54:D57) -> 75 | U21: =SUM(E54:E57) -> 47 | V21: =SUM(F54:F57) -> 140 | W21: =SUM(G54:G57) -> 11 | X21: =SUM(H54:H57) -> 6 | Y21: =SUM(I54:I57) -> 16 | Z21: =SUM(J54:J57) -> 8 | ... AF21: =SUM(P54:P57) -> 2749
B22: 10.00 - 10.15 | C22: 59 | D22: 34 | E22: 38 | F22: 82 | G22: 0 | H22: 0 | I22: 3 | J22: 3 | K22: 1 | L22: 0 | M22: 270 | N22: 0 | O22: =SUM(C22:L22,N22) -> 220 | P22: =SUM(C22:N22) -> 490 | R22: 1900-2000 | S22: =SUM(C58:C61) -> 151 | T22: =SUM(D58:D61) -> 71 | U22: =SUM(E58:E61) -> 28 | V22: =SUM(F58:F61) -> 90 | W22: =SUM(G58:G61) -> 3 | X22: =SUM(H58:H61) -> 1 | Y22: =SUM(I58:I61) -> 80 | Z22: =SUM(J58:J61) -> 9 | ... AF22: =SUM(P58:P61) -> 1593
B23: 10.15 - 10.30 | C23: 58 | D23: 36 | E23: 38 | F23: 50 | G23: 2 | H23: 0 | I23: 2 | J23: 4 | K23: 1 | L23: 1 | M23: 310 | N23: 0 | O23: =SUM(C23:L23,N23) -> 192 | P23: =SUM(C23:N23) -> 502 | R23: 2000-2100 | S23: =SUM(C62:C65) -> 99 | T23: =SUM(D62:D65) -> 33 | U23: =SUM(E62:E65) -> 17 | V23: =SUM(F62:F65) -> 48 | W23: =SUM(G62:G65) -> 3 | X23: =SUM(H62:H65) -> 0 | Y23: =SUM(I62:I65) -> 26 | Z23: =SUM(J62:J65) -> 13 | ... AF23: =SUM(P62:P65) -> 1716
B24: 10.30 - 10.45 | C24: 89 | D24: 25 | E24: 39 | F24: 48 | G24: 2 | H24: 1 | I24: 3 | J24: 1 | K24: 3 | L24: 1 | M24: 260 | N24: 0 | O24: =SUM(C24:L24,N24) -> 212 | P24: =SUM(C24:N24) -> 472 | R24: 2100-2200 | S24: =SUM(C66:C69) -> 132 | T24: =SUM(D66:D69) -> 61 | U24: =SUM(E66:E69) -> 32 | V24: =SUM(F66:F69) -> 195 | W24: =SUM(G66:G69) -> 4 | X24: =SUM(H66:H69) -> 6 | Y24: =SUM(I66:I69) -> 19 | Z24: =SUM(J66:J69) -> 11 | ... AF24: =SUM(P66:P69) -> 1510
B25: 10.45 - 11.00 | C25: 98 | D25: 36 | E25: 26 | F25: 43 | G25: 0 | H25: 0 | I25: 6 | J25: 9 | K25: 7 | L25: 0 | M25: 265 | N25: 0 | O25: =SUM(C25:L25,N25) -> 225 | P25: =SUM(C25:N25) -> 490 | R25: 2200-2300 | S25: =SUM(C70:C73) -> 168 | T25: =SUM(D70:D73) -> 94 | U25: =SUM(E70:E73) -> 14 | V25: =SUM(F70:F73) -> 103 | W25: =SUM(G70:G73) -> 3 | X25: =SUM(H70:H73) -> 2 | Y25: =SUM(I70:I73) -> 10 | Z25: =SUM(J70:J73) -> 19 | ... AF25: =SUM(P70:P73) -> 1156
B26: 11.00 - 11.15 | C26: 65 | D26: 71 | E26: 38 | F26: 120 | G26: 2 | H26: 0 | I26: 4 | J26: 5 | K26: 4 | L26: 0 | M26: 335 | N26: 0 | O26: =SUM(C26:L26,N26) -> 309 | P26: =SUM(C26:N26) -> 644 | R26: 2300-0000 | S26: =SUM(C74:C77) -> 169 | T26: =SUM(D74:D77) -> 95 | U26: =SUM(E74:E77) -> 24 | V26: =SUM(F74:F77) -> 177 | W26: =SUM(G74:G77) -> 1 | X26: =SUM(H74:H77) -> 1 | Y26: =SUM(I74:I77) -> 21 | Z26: =SUM(J74:J77) -> 17 | ... AF26: =SUM(P74:P77) -> 1126
B27: 11.15 - 11.30 | C27: 81 | D27: 101 | E27: 49 | F27: 105 | G27: 0 | H27: 1 | I27: 9 | J27: 8 | K27: 1 | L27: 0 | M27: 345 | N27: 0 | O27: =SUM(C27:L27,N27) -> 355 | P27: =SUM(C27:N27) -> 700 | R27: 0000-0100 | S27: =SUM(C78:C81) -> 127 | T27: =SUM(D78:D81) -> 64 | U27: =SUM(E78:E81) -> 13 | V27: =SUM(F78:F81) -> 252 | W27: =SUM(G78:G81) -> 0 | X27: =SUM(H78:H81) -> 0 | Y27: =SUM(I78:I81) -> 2 | Z27: =SUM(J78:J81) -> 12 | ... AF27: =SUM(P78:P81) -> 857
B28: 11.30 - 11.45 | C28: 80 | D28: 40 | E28: 39 | F28: 59 | G28: 1 | H28: 0 | I28: 5 | J28: 3 | K28: 11 | L28: 0 | M28: 310 | N28: 0 | O28: =SUM(C28:L28,N28) -> 238 | P28: =SUM(C28:N28) -> 548 | R28: 0100-0200 | S28: =SUM(C82:C85) -> 27 | T28: =SUM(D82:D85) -> 10 | U28: =SUM(E82:E85) -> 5 | V28: =SUM(F82:F85) -> 17 | W28: =SUM(G82:G85) -> 0 | X28: =SUM(H82:H85) -> 0 | Y28: =SUM(I82:I85) -> 5 | Z28: =SUM(J82:J85) -> 19 | ... AF28: =SUM(P82:P85) -> 290
B29: 11.45 - 12.00 | C29: 75 | D29: 33 | E29: 25 | F29: 60 | G29: 3 | H29: 0 | I29: 21 | J29: 23 | K29: 1 | L29: 1 | M29: 350 | N29: 0 | O29: =SUM(C29:L29,N29) -> 242 | P29: =SUM(C29:N29) -> 592 | R29: 0200-0300 | S29: =SUM(C86:C89) -> 19 | T29: =SUM(D86:D89) -> 9 | U29: =SUM(E86:E89) -> 2 | V29: =SUM(F86:F89) -> 4 | W29: =SUM(G86:G89) -> 0 | X29: =SUM(H86:H89) -> 0 | Y29: =SUM(I86:I89) -> 2 | Z29: =SUM(J86:J89) -> 12 | ... AF29: =SUM(P86:P89) -> 164
B30: 12.00 - 12.15 | C30: 52 | D30: 35 | E30: 32 | F30: 50 | G30: 0 | H30: 1 | I30: 4 | J30: 5 | K30: 4 | L30: 0 | M30: 315 | N30: 0 | O30: =SUM(C30:L30,N30) -> 183 | P30: =SUM(C30:N30) -> 498 | R30: 0300-0400 | S30: =SUM(C90:C93) -> 19 | T30: =SUM(D90:D93) -> 3 | U30: =SUM(E90:E93) -> 2 | V30: =SUM(F90:F93) -> 3 | W30: =SUM(G90:G93) -> 1 | X30: =SUM(H90:H93) -> 0 | Y30: =SUM(I90:I93) -> 2 | Z30: =SUM(J90:J93) -> 5 | ... AF30: =SUM(P90:P93) -> 159
B31: 12.15 - 12.30 | C31: 55 | D31: 30 | E31: 26 | F31: 64 | G31: 2 | H31: 0 | I31: 9 | J31: 8 | K31: 1 | L31: 0 | M31: 275 | N31: 0 | O31: =SUM(C31:L31,N31) -> 195 | P31: =SUM(C31:N31) -> 470 | R31: 0400-0500 | S31: =SUM(C94:C97) -> 29 | T31: =SUM(D94:D97) -> 7 | U31: =SUM(E94:E97) -> 2 | V31: =SUM(F94:F97) -> 6 | W31: =SUM(G94:G97) -> 0 | X31: =SUM(H94:H97) -> 1 | Y31: =SUM(I94:I97) -> 2 | Z31: =SUM(J94:J97) -> 8 | ... AF31: =SUM(P94:P97) -> 148
B32: 12.30 - 12.45 | C32: 48 | D32: 30 | E32: 13 | F32: 72 | G32: 3 | H32: 0 | I32: 5 | J32: 3 | K32: 1 | L32: 0 | M32: 350 | N32: 0 | O32: =SUM(C32:L32,N32) -> 175 | P32: =SUM(C32:N32) -> 525 | R32: 0500-0600 | S32: =SUM(C98:C101) -> 28 | T32: =SUM(D98:D101) -> 9 | U32: =SUM(E98:E101) -> 3 | V32: =SUM(F98:F101) -> 18 | W32: =SUM(G98:G101) -> 0 | X32: =SUM(H98:H101) -> 0 | Y32: =SUM(I98:I101) -> 4 | Z32: =SUM(J98:J101) -> 9 | ... AF32: =SUM(P98:P101) -> 247
B33: 12.45 - 13.00 | C33: 60 | D33: 33 | E33: 20 | F33: 55 | G33: 0 | H33: 3 | I33: 16 | J33: 19 | K33: 11 | L33: 1 | M33: 330 | N33: 0 | O33: =SUM(C33:L33,N33) -> 218 | P33: =SUM(C33:N33) -> 548 | R33: 0600-0700 | S33: =SUM(C102:C105) -> 43 | T33: =SUM(D102:D105) -> 12 | U33: =SUM(E102:E105) -> 9 | V33: =SUM(F102:F105) -> 35 | W33: =SUM(G102:G105) -> 0 | X33: =SUM(H102:H105) -> 1 | Y33: =SUM(I102:I105) -> 1 | Z33: =SUM(J102:J105) -> 12 | ... AF33: =SUM(P102:P105) -> 382
B34: 13.00 - 13.15 | C34: 60 | D34: 36 | E34: 21 | F34: 73 | G34: 2 | H34: 0 | I34: 14 | J34: 13 | K34: 6 | L34: 4 | M34: 250 | N34: 0 | O34: =SUM(C34:L34,N34) -> 229 | P34: =SUM(C34:N34) -> 479 | R34: AM Peak Hr | S34: =MAX(S10:S12) -> 231 | T34: =MAX(T10:T12) -> 155 | U34: =MAX(U10:U12) -> 96 | V34: =MAX(V10:V12) -> 309 | W34: =MAX(W10:W12) -> 8 | X34: =MAX(X10:X12) -> 3 | Y34: =MAX(Y10:Y12) -> 14 | Z34: =MAX(Z10:Z12) -> 20 | ... AF34: =MAX(AF10:AF12) -> 2331
B35: 13.15 - 13.30 | C35: 45 | D35: 60 | E35: 14 | F35: 65 | G35: 3 | H35: 0 | I35: 6 | J35: 12 | K35: 6 | L35: 1 | M35: 275 | N35: 0 | O35: =SUM(C35:L35,N35) -> 212 | P35: =SUM(C35:N35) -> 487 | R35: IP Peak Hr | S35: =MAX(S13:S18) -> 304 | T35: =MAX(T13:T18) -> 245 | U35: =MAX(U13:U18) -> 151 | V35: =MAX(V13:V18) -> 344 | W35: =MAX(W13:W18) -> 6 | X35: =MAX(X13:X18) -> 5 | Y35: =MAX(Y13:Y18) -> 41 | Z35: =MAX(Z13:Z18) -> 39 | ... AF35: =MAX(AF13:AF18) -> 2484
B36: 13.30 - 13.45 | C36: 71 | D36: 0 | E36: 0 | F36: 0 | G36: 0 | H36: 4 | I36: 7 | J36: 4 | K36: 6 | L36: 1 | M36: 230 | N36: 0 | O36: =SUM(C36:L36,N36) -> 93 | P36: =SUM(C36:N36) -> 323 | R36: PM Peak Hr | S36: =MAX(S19:S21) -> 287 | T36: =MAX(T19:T21) -> 75 | U36: =MAX(U19:U21) -> 53 | V36: =MAX(V19:V21) -> 183 | W36: =MAX(W19:W21) -> 11 | X36: =MAX(X19:X21) -> 6 | Y36: =MAX(Y19:Y21) -> 26 | Z36: =MAX(Z19:Z21) -> 10 | ... AF36: =MAX(AF19:AF21) -> 2749
B37: 13.45 - 14.00 | C37: 64 | D37: 0 | E37: 0 | F37: 0 | G37: 0 | H37: 0 | I37: 9 | J37: 5 | K37: 2 | L37: 3 | M37: 225 | N37: 0 | O37: =SUM(C37:L37,N37) -> 83 | P37: =SUM(C37:N37) -> 308 | R37: AM Period | S37: =SUM(S10:S12) -> 608 | T37: =SUM(T10:T12) -> 381 | U37: =SUM(U10:U12) -> 240 | V37: =SUM(V10:V12) -> 718 | W37: =SUM(W10:W12) -> 15 | X37: =SUM(X10:X12) -> 9 | Y37: =SUM(Y10:Y12) -> 37 | Z37: =SUM(Z10:Z12) -> 46 | ... AF37: =SUM(AF10:AF12) -> 5954
B38: 14.00 - 14.15 | C38: 63 | D38: 15 | E38: 6 | F38: 33 | G38: 2 | H38: 0 | I38: 14 | J38: 13 | K38: 6 | L38: 4 | M38: 300 | N38: 0 | O38: =SUM(C38:L38,N38) -> 156 | P38: =SUM(C38:N38) -> 456 | R38: IP Period | S38: =SUM(S13:S18) -> 1439 | T38: =SUM(T13:T18) -> 778 | U38: =SUM(U13:U18) -> 470 | V38: =SUM(V13:V18) -> 1107 | W38: =SUM(W13:W18) -> 27 | X38: =SUM(X13:X18) -> 18 | Y38: =SUM(Y13:Y18) -> 199 | Z38: =SUM(Z13:Z18) -> 170 | ... AF38: =SUM(AF13:AF18) -> 11628
B39: 14.15 - 14.30 | C39: 0 | D39: 12 | E39: 9 | F39: 20 | G39: 0 | H39: 1 | I39: 6 | J39: 12 | K39: 6 | L39: 0 | M39: 290 | N39: 0 | O39: =SUM(C39:L39,N39) -> 66 | P39: =SUM(C39:N39) -> 356 | R39: PM Period | S39: =SUM(S19:S21) -> 717 | T39: =SUM(T19:T21) -> 190 | U39: =SUM(U19:U21) -> 132 | V39: =SUM(V19:V21) -> 460 | W39: =SUM(W19:W21) -> 17 | X39: =SUM(X19:X21) -> 13 | Y39: =SUM(Y19:Y21) -> 65 | Z39: =SUM(Z19:Z21) -> 28 | ... AF39: =SUM(AF19:AF21) -> 8000
B40: 14.30 - 14.45 | C40: 74 | D40: 24 | E40: 0 | F40: 0 | G40: 2 | H40: 2 | I40: 6 | J40: 4 | K40: 7 | L40: 1 | M40: 105 | N40: 0 | O40: =SUM(C40:L40,N40) -> 120 | P40: =SUM(C40:N40) -> 225 | R40: 12 Hours | S40: =SUM(S10:S21) -> 2764 | T40: =SUM(T10:T21) -> 1349 | U40: =SUM(U10:U21) -> 842 | V40: =SUM(V10:V21) -> 2285 | W40: =SUM(W10:W21) -> 59 | X40: =SUM(X10:X21) -> 40 | Y40: =SUM(Y10:Y21) -> 301 | Z40: =SUM(Z10:Z21) -> 244 | ... AF40: =SUM(AF10:AF21) -> 25582
B41: 14.45 - 15.00 | C41: 65 | D41: 21 | E41: 0 | F41: 0 | G41: 2 | H41: 0 | I41: 9 | J41: 5 | K41: 2 | L41: 3 | M41: 340 | N41: 0 | O41: =SUM(C41:L41,N41) -> 107 | P41: =SUM(C41:N41) -> 447 | R41: 24 Hrs/ADT | S41: =SUM(S10:S33) -> 3775 | T41: =SUM(T10:T33) -> 1817 | U41: =SUM(U10:U33) -> 993 | V41: =SUM(V10:V33) -> 3233 | W41: =SUM(W10:W33) -> 74 | X41: =SUM(X10:X33) -> 52 | Y41: =SUM(Y10:Y33) -> 475 | Z41: =SUM(Z10:Z33) -> 390 | ... AF41: =SUM(AF10:AF33) -> 34930
B42: 15.00 - 15.15 | C42: 30 | D42: 30 | E42: 6 | F42: 42 | G42: 0 | H42: 0 | I42: 11 | J42: 0 | K42: 2 | L42: 0 | M42: 350 | N42: 0 | O42: =SUM(C42:L42,N42) -> 121 | P42: =SUM(C42:N42) -> 471 | R42: NEF | S42: =S41/S40 -> 1.3657742 | T42: =T41/T40 -> 1.3469236 | U42: =U41/U40 -> 1.1793349 | V42: =V41/V40 -> 1.4148796 | W42: =W41/W40 -> 1.2542373 | X42: =X41/X40 -> 1.3 | Y42: =Y41/Y40 -> 1.5780731 | Z42: =Z41/Z40 -> 1.5983607 | ... AF42: =AF41/AF40 -> 1.3654132
B43: 15.15 - 15.30 | C43: 61 | D43: 44 | E43: 11 | F43: 5 | G43: 0 | H43: 0 | I43: 8 | J43: 2 | K43: 3 | L43: 0 | M43: 270 | N43: 0 | O43: =SUM(C43:L43,N43) -> 134 | P43: =SUM(C43:N43) -> 404
B44: 15.30 - 15.45 | C44: 45 | D44: 17 | E44: 14 | F44: 37 | G44: 1 | H44: 5 | I44: 11 | J44: 6 | K44: 3 | L44: 0 | M44: 520 | N44: 0 | O44: =SUM(C44:L44,N44) -> 139 | P44: =SUM(C44:N44) -> 659
B45: 15.45 - 16.00 | C45: 41 | D45: 15 | E45: 6 | F45: 24 | G45: 0 | H45: 0 | I45: 11 | J45: 3 | K45: 4 | L45: 0 | M45: 430 | N45: 0 | O45: =SUM(C45:L45,N45) -> 104 | P45: =SUM(C45:N45) -> 534
B46: 16.00 - 16.15 | C46: 81 | D46: 20 | E46: 11 | F46: 45 | G46: 2 | H46: 1 | I46: 9 | J46: 5 | K46: 0 | L46: 0 | M46: 560 | N46: 0 | O46: =SUM(C46:L46,N46) -> 174 | P46: =SUM(C46:N46) -> 734
B47: 16.15 -16.30 | C47: 70 | D47: 15 | E47: 17 | F47: 30 | G47: 0 | H47: 0 | I47: 10 | J47: 2 | K47: 7 | L47: 1 | M47: 505 | N47: 0 | O47: =SUM(C47:L47,N47) -> 152 | P47: =SUM(C47:N47) -> 657
B48: 16.30 -16.45 | C48: 59 | D48: 15 | E48: 13 | F48: 34 | G48: 0 | H48: 1 | I48: 4 | J48: 2 | K48: 2 | L48: 0 | M48: 590 | N48: 0 | O48: =SUM(C48:L48,N48) -> 130 | P48: =SUM(C48:N48) -> 720
B49: 16.45 -17.00 | C49: 77 | D49: 9 | E49: 12 | F49: 28 | G49: 0 | H49: 2 | I49: 3 | J49: 1 | K49: 2 | L49: 0 | M49: 360 | N49: 0 | O49: =SUM(C49:L49,N49) -> 134 | P49: =SUM(C49:N49) -> 494
B50: 17.00 -17.15 | C50: 63 | D50: 7 | E50: 3 | F50: 60 | G50: 0 | H50: 0 | I50: 3 | J50: 0 | K50: 0 | L50: 1 | M50: 415 | N50: 0 | O50: =SUM(C50:L50,N50) -> 137 | P50: =SUM(C50:N50) -> 552
B51: 17.15 -17.30 | C51: 36 | D51: 20 | E51: 9 | F51: 41 | G51: 1 | H51: 2 | I51: 6 | J51: 6 | K51: 0 | L51: 0 | M51: 715 | N51: 0 | O51: =SUM(C51:L51,N51) -> 121 | P51: =SUM(C51:N51) -> 836
B52: 17.30 -17.45 | C52: 53 | D52: 16 | E52: 9 | F52: 42 | G52: 3 | H52: 1 | I52: 8 | J52: 2 | K52: 0 | L52: 0 | M52: 680 | N52: 0 | O52: =SUM(C52:L52,N52) -> 134 | P52: =SUM(C52:N52) -> 814
B53: 17.45 -18.00 | C53: 51 | D53: 13 | E53: 11 | F53: 40 | G53: 0 | H53: 0 | I53: 6 | J53: 2 | K53: 1 | L53: 0 | M53: 320 | N53: 0 | O53: =SUM(C53:L53,N53) -> 124 | P53: =SUM(C53:N53) -> 444
B54: 18.00 - 18.15 | C54: 50 | D54: 19 | E54: 13 | F54: 36 | G54: 3 | H54: 1 | I54: 6 | J54: 1 | K54: 0 | L54: 0 | M54: 570 | N54: 0 | O54: =SUM(C54:L54,N54) -> 129 | P54: =SUM(C54:N54) -> 699
... B105: 06.45 - 07.00 | C105: 7 | D105: 4 | E105: 2 | F105: 15 | G105: 0 | H105: 0 | I105: 0 | J105: 2 | K105: 1 | L105: 0 | M105: 50 | N105: 0 | O105: =SUM(C105:L105,N105) -> 31 | P105: =SUM(C105:N105) -> 81
B106: Totals | C106: =SUM(C10:C105) -> 3775 | D106: =SUM(D10:D105) -> 1817 | E106: =SUM(E10:E105) -> 993 | F106: =SUM(F10:F105) -> 3233 | G106: =SUM(G10:G105) -> 74 | H106: =SUM(H10:H105) -> 52 | I106: =SUM(I10:I105) -> 475 | J106: =SUM(J10:J105) -> 390 | ... P106: =SUM(P10:P105) -> 34930
B107: %ges + MCs | C107: =C106/$P$106 -> 0.10807329 | D107: =D106/$P$106 -> 0.052018322 | E107: =E106/$P$106 -> 0.028428285 | F107: =F106/$P$106 -> 0.092556542 | G107: =G106/$P$106 -> 0.0021185228 | H107: =H106/$P$106 -> 0.0014886917 | I107: =I106/$P$106 -> 0.013598626 | J107: =J106/$P$106 -> 0.011165188 | ... N107: =N106/$P$106 -> 0
B108: %ges w/o MCs | C108: =C106/$O$106 -> 0.34116584 | D108: =D106/$O$106 -> 0.16421148 | E108: =E106/$O$106 -> 0.089742431 | F108: =F106/$O$106 -> 0.29218256 | G108: =G106/$O$106 -> 0.0066877542 | H108: =H106/$O$106 -> 0.0046995029 | I108: =I106/$O$106 -> 0.042928152 | J108: =J106/$O$106 -> 0.035246272 | ... L108: =L106/$O$106 -> 0.0052417533 | N108: =N106/$O$106 -> 0

Sheet 27.07 GAYAZA-KALERWE-24h
B1: Consultancy services for Preparation of Expressway Development Master Plan (EDMP) for Uganda
B2: MANUAL CLASSIFIED COUNT (MCC)
B3: ROAD NAME: | C3: ='22.07 KALERWE-GAYAZA'!C3:G3 -> MCC - C1 - STN26 - Gayaza Road Kanyanya
C5: Date | D5: ='27.07 KALERWE-GAYAZA-24h'!D5 -> 27.07.19 | F5: Location | G5: ='27.07 KALERWE-GAYAZA-24h'!G5:H5 -> DELTA KYEBANDO | J5: Surveyor | K5: ='27.07 KALERWE-GAYAZA-24h'!K5:L5 -> NALUBEGA JOSEPHINE AND NANDUTU SANDRAH
C6: Dir. From | D6: ='22.07 GAYAZA-KALERWE'!D6:E6 -> GAYAZA | F6: Dir. To | G6: ='22.07 GAYAZA-KALERWE'!G6:H6 -> KALERWE | J6: Supervisor | K6: ='27.07 KALERWE-GAYAZA-24h'!K6:L6 -> LAWRENCE AND WALAKILA
B8: Time / Veh Type | R8: SUMMARY TRAFFIC VOLUMES
C9: 1. Car | D9: 2. Station Wagon | E9: 3. Pickups | F9: 4. Minibus, matatu | G9: 5. Medium bus | H9: 6. Large Bus | I9: 7. Light Truck | J9: 8. Medium Truck | K9: 9. Heavy truck | L9: 10. Truck Trailer | M9: 11. Motor cycles | N9: 12. Tractors | O9: Total Excl M/Cycles | P9: Total All | R9: Time | S9: 1. Car | T9: 2. Station Wagon | U9: 3. Pickups | V9: 4. Minibus, matatu | W9: 5. Medium bus | X9: 6. Large Bus | Y9: 7. Light Truck | Z9: 8. Medium Truck | AA9: 9. Heavy truck | AB9: 10. Truck Trailer | AC9: 11. Motorcycles | AD9: 12. Tractors, Graders | AE9: Total Excl M/ Cycles | AF9: Total All
B10: 07.00 - 07.15 | C10: 56 | D10: 4 | E10: 10 | F10: 40 | G10: 6 | H10: 4 | I10: 7 | J10: 7 | K10: 2 | L10: 2 | M10: 225 | N10: 0 | O10: =SUM(C10:L10,N10) -> 138 | P10: =SUM(C10:N10) -> 363 | R10: 0700-0800 | S10: =SUM(C10:C13) -> 197 | T10: =SUM(D10:D13) -> 22 | U10: =SUM(E10:E13) -> 26 | V10: =SUM(F10:F13) -> 209 | W10: =SUM(G10:G13) -> 9 | X10: =SUM(H10:H13) -> 4 | Y10: =SUM(I10:I13) -> 16 | Z10: =SUM(J10:J13) -> 13 | ... AF10: =SUM(P10:P13) -> 1335
B11: 07.15 - 07.30 | C11: 41 | D11: 4 | E11: 5 | F11: 63 | G11: 0 | H11: 0 | I11: 3 | J11: 3 | K11: 2 | L11: 3 | M11: 195 | N11: 0 | O11: =SUM(C11:L11,N11) -> 124 | P11: =SUM(C11:N11) -> 319 | R11: 0800-0900 | S11: =SUM(C14:C17) -> 214 | T11: =SUM(D14:D17) -> 34 | U11: =SUM(E14:E17) -> 19 | V11: =SUM(F14:F17) -> 237 | W11: =SUM(G14:G17) -> 6 | X11: =SUM(H14:H17) -> 3 | Y11: =SUM(I14:I17) -> 15 | Z11: =SUM(J14:J17) -> 14 | ... AF11: =SUM(P14:P17) -> 1232
B12: 07.30 - 07.45 | C12: 55 | D12: 10 | E12: 1 | F12: 51 | G12: 3 | H12: 0 | I12: 4 | J12: 2 | K12: 0 | L12: 3 | M12: 187 | N12: 0 | O12: =SUM(C12:L12,N12) -> 129 | P12: =SUM(C12:N12) -> 316 | R12: 0900-1000 | S12: =SUM(C18:C21) -> 229 | T12: =SUM(D18:D21) -> 32 | U12: =SUM(E18:E21) -> 39 | V12: =SUM(F18:F21) -> 253 | W12: =SUM(G18:G21) -> 8 | X12: =SUM(H18:H21) -> 6 | Y12: =SUM(I18:I21) -> 13 | Z12: =SUM(J18:J21) -> 13 | ... AF12: =SUM(P18:P21) -> 1339
B13: 07.45 - 08.00 | C13: 45 | D13: 4 | E13: 10 | F13: 55 | G13: 0 | H13: 0 | I13: 2 | J13: 1 | K13: 3 | L13: 2 | M13: 215 | N13: 0 | O13: =SUM(C13:L13,N13) -> 122 | P13: =SUM(C13:N13) -> 337 | R13: 1000-1100 | S13: =SUM(C22:C25) -> 236 | T13: =SUM(D22:D25) -> 18 | U13: =SUM(E22:E25) -> 21 | V13: =SUM(F22:F25) -> 192 | W13: =SUM(G22:G25) -> 3 | X13: =SUM(H22:H25) -> 3 | Y13: =SUM(I22:I25) -> 20 | Z13: =SUM(J22:J25) -> 14 | ... AF13: =SUM(P22:P25) -> 890
B14: 08.00 - 08.15 | C14: 48 | D14: 7 | E14: 1 | F14: 75 | G14: 0 | H14: 1 | I14: 5 | J14: 3 | K14: 2 | L14: 0 | M14: 180 | N14: 0 | O14: =SUM(C14:L14,N14) -> 142 | P14: =SUM(C14:N14) -> 322 | R14: 1100-1200 | S14: =SUM(C26:C29) -> 269 | T14: =SUM(D26:D29) -> 83 | U14: =SUM(E26:E29) -> 47 | V14: =SUM(F26:F29) -> 170 | W14: =SUM(G26:G29) -> 3 | X14: =SUM(H26:H29) -> 2 | Y14: =SUM(I26:I29) -> 24 | Z14: =SUM(J26:J29) -> 7 | ... AF14: =SUM(P26:P29) -> 1046
B15: 08.15 - 08.30 | C15: 70 | D15: 6 | E15: 4 | F15: 57 | G15: 2 | H15: 0 | I15: 3 | J15: 6 | K15: 4 | L15: 2 | M15: 157 | N15: 0 | O15: =SUM(C15:L15,N15) -> 154 | P15: =SUM(C15:N15) -> 311 | R15: 1200-1300 | S15: =SUM(C30:C33) -> 173 | T15: =SUM(D30:D33) -> 34 | U15: =SUM(E30:E33) -> 45 | V15: =SUM(F30:F33) -> 315 | W15: =SUM(G30:G33) -> 2 | X15: =SUM(H30:H33) -> 5 | Y15: =SUM(I30:I33) -> 14 | Z15: =SUM(J30:J33) -> 6 | ... AF15: =SUM(P30:P33) -> 1009
B16: 08.30 - 08.45 | C16: 55 | D16: 15 | E16: 7 | F16: 62 | G16: 1 | H16: 2 | I16: 4 | J16: 3 | K16: 0 | L16: 3 | M16: 153 | N16: 0 | O16: =SUM(C16:L16,N16) -> 152 | P16: =SUM(C16:N16) -> 305 | R16: 1300-1400 | S16: =SUM(C34:C37) -> 184 | T16: =SUM(D34:D37) -> 19 | U16: =SUM(E34:E37) -> 70 | V16: =SUM(F34:F37) -> 149 | W16: =SUM(G34:G37) -> 2 | X16: =SUM(H34:H37) -> 0 | Y16: =SUM(I34:I37) -> 16 | Z16: =SUM(J34:J37) -> 11 | ... AF16: =SUM(P34:P37) -> 805
B17: 08.45 - 9.00 | C17: 41 | D17: 6 | E17: 7 | F17: 43 | G17: 3 | H17: 0 | I17: 3 | J17: 2 | K17: 1 | L17: 3 | M17: 185 | N17: 0 | O17: =SUM(C17:L17,N17) -> 109 | P17: =SUM(C17:N17) -> 294 | R17: 1400-1500 | S17: =SUM(C38:C41) -> 181 | T17: =SUM(D38:D41) -> 22 | U17: =SUM(E38:E41) -> 42 | V17: =SUM(F38:F41) -> 97 | W17: =SUM(G38:G41) -> 0 | X17: =SUM(H38:H41) -> 1 | Y17: =SUM(I38:I41) -> 30 | Z17: =SUM(J38:J41) -> 12 | ... AF17: =SUM(P38:P41) -> 932
B18: 09.00 - 09.15 | C18: 35 | D18: 8 | E18: 9 | F18: 57 | G18: 0 | H18: 0 | I18: 5 | J18: 2 | K18: 1 | L18: 0 | M18: 175 | N18: 0 | O18: =SUM(C18:L18,N18) -> 117 | P18: =SUM(C18:N18) -> 292 | R18: 1500-1600 | S18: =SUM(C42:C45) -> 222 | T18: =SUM(D42:D45) -> 26 | U18: =SUM(E42:E45) -> 48 | V18: =SUM(F42:F45) -> 151 | W18: =SUM(G42:G45) -> 6 | X18: =SUM(H42:H45) -> 0 | Y18: =SUM(I42:I45) -> 21 | Z18: =SUM(J42:J45) -> 7 | ... AF18: =SUM(P42:P45) -> 1206
B19: 09.15 - 09.30 | C19: 30 | D19: 2 | E19: 7 | F19: 58 | G19: 1 | H19: 1 | I19: 3 | J19: 3 | K19: 0 | L19: 0 | M19: 192 | N19: 0 | O19: =SUM(C19:L19,N19) -> 105 | P19: =SUM(C19:N19) -> 297 | R19: 1600-1700 | S19: =SUM(C46:C49) -> 276 | T19: =SUM(D46:D49) -> 25 | U19: =SUM(E46:E49) -> 37 | V19: =SUM(F46:F49) -> 163 | W19: =SUM(G46:G49) -> 4 | X19: =SUM(H46:H49) -> 1 | Y19: =SUM(I46:I49) -> 20 | Z19: =SUM(J46:J49) -> 5 | ... AF19: =SUM(P46:P49) -> 1131
B20: 09.30 - 09.45 | C20: 84 | D20: 11 | E20: 15 | F20: 88 | G20: 4 | H20: 1 | I20: 4 | J20: 5 | K20: 2 | L20: 3 | M20: 194 | N20: 0 | O20: =SUM(C20:L20,N20) -> 217 | P20: =SUM(C20:N20) -> 411 | R20: 1700-1800 | S20: =SUM(C50:C53) -> 306 | T20: =SUM(D50:D53) -> 33 | U20: =SUM(E50:E53) -> 40 | V20: =SUM(F50:F53) -> 347 | W20: =SUM(G50:G53) -> 5 | X20: =SUM(H50:H53) -> 2 | Y20: =SUM(I50:I53) -> 15 | Z20: =SUM(J50:J53) -> 7 | ... AF20: =SUM(P50:P53) -> 1417
B21: 09.45 - 10.00 | C21: 80 | D21: 11 | E21: 8 | F21: 50 | G21: 3 | H21: 4 | I21: 1 | J21: 3 | K21: 6 | L21: 1 | M21: 172 | N21: 0 | O21: =SUM(C21:L21,N21) -> 167 | P21: =SUM(C21:N21) -> 339 | R21: 1800-1900 | S21: =SUM(C54:C57) -> 255 | T21: =SUM(D54:D57) -> 31 | U21: =SUM(E54:E57) -> 29 | V21: =SUM(F54:F57) -> 246 | W21: =SUM(G54:G57) -> 6 | X21: =SUM(H54:H57) -> 2 | Y21: =SUM(I54:I57) -> 20 | Z21: =SUM(J54:J57) -> 12 | ... AF21: =SUM(P54:P57) -> 1215
B22: 10.00 - 10.15 | C22: 71 | D22: 2 | E22: 7 | F22: 55 | G22: 0 | H22: 0 | I22: 4 | J22: 2 | K22: 0 | L22: 0 | M22: 115 | N22: 0 | O22: =SUM(C22:L22,N22) -> 141 | P22: =SUM(C22:N22) -> 256 | R22: 1900-2000 | S22: =SUM(C58:C61) -> 244 | T22: =SUM(D58:D61) -> 153 | U22: =SUM(E58:E61) -> 80 | V22: =SUM(F58:F61) -> 94 | W22: =SUM(G58:G61) -> 16 | X22: =SUM(H58:H61) -> 3 | Y22: =SUM(I58:I61) -> 9 | Z22: =SUM(J58:J61) -> 17 | ... AF22: =SUM(P58:P61) -> 2014
B23: 10.15 - 10.30 | C23: 55 | D23: 6 | E23: 5 | F23: 60 | G23: 2 | H23: 3 | I23: 3 | J23: 3 | K23: 1 | L23: 2 | M23: 92 | N23: 0 | O23: =SUM(C23:L23,N23) -> 140 | P23: =SUM(C23:N23) -> 232 | R23: 2000-2100 | S23: =SUM(C62:C65) -> 238 | T23: =SUM(D62:D65) -> 117 | U23: =SUM(E62:E65) -> 29 | V23: =SUM(F62:F65) -> 189 | W23: =SUM(G62:G65) -> 8 | X23: =SUM(H62:H65) -> 2 | Y23: =SUM(I62:I65) -> 10 | Z23: =SUM(J62:J65) -> 11 | ... AF23: =SUM(P62:P65) -> 1880
B24: 10.30 - 10.45 | C24: 60 | D24: 8 | E24: 5 | F24: 7 | G24: 0 | H24: 0 | I24: 5 | J24: 4 | K24: 3 | L24: 5 | M24: 85 | N24: 0 | O24: =SUM(C24:L24,N24) -> 97 | P24: =SUM(C24:N24) -> 182 | R24: 2100-2200 | S24: =SUM(C66:C69) -> 207 | T24: =SUM(D66:D69) -> 50 | U24: =SUM(E66:E69) -> 21 | V24: =SUM(F66:F69) -> 180 | W24: =SUM(G66:G69) -> 3 | X24: =SUM(H66:H69) -> 0 | Y24: =SUM(I66:I69) -> 9 | Z24: =SUM(J66:J69) -> 14 | ... AF24: =SUM(P66:P69) -> 1485
B25: 10.45 - 11.00 | C25: 50 | D25: 2 | E25: 4 | F25: 70 | G25: 1 | H25: 0 | I25: 8 | J25: 5 | K25: 2 | L25: 1 | M25: 77 | N25: 0 | O25: =SUM(C25:L25,N25) -> 143 | P25: =SUM(C25:N25) -> 220 | R25: 2200-2300 | S25: =SUM(C70:C73) -> 190 | T25: =SUM(D70:D73) -> 58 | U25: =SUM(E70:E73) -> 16 | V25: =SUM(F70:F73) -> 167 | W25: =SUM(G70:G73) -> 3 | X25: =SUM(H70:H73) -> 3 | Y25: =SUM(I70:I73) -> 19 | Z25: =SUM(J70:J73) -> 11 | ... AF25: =SUM(P70:P73) -> 1270
B26: 11.00 - 11.15 | C26: 70 | D26: 29 | E26: 15 | F26: 60 | G26: 1 | H26: 1 | I26: 7 | J26: 4 | K26: 3 | L26: 0 | M26: 120 | N26: 0 | O26: =SUM(C26:L26,N26) -> 190 | P26: =SUM(C26:N26) -> 310 | R26: 2300-0000 | S26: =SUM(C74:C77) -> 184 | T26: =SUM(D74:D77) -> 26 | U26: =SUM(E74:E77) -> 15 | V26: =SUM(F74:F77) -> 80 | W26: =SUM(G74:G77) -> 2 | X26: =SUM(H74:H77) -> 0 | Y26: =SUM(I74:I77) -> 15 | Z26: =SUM(J74:J77) -> 18 | ... AF26: =SUM(P74:P77) -> 828
B27: 11.15 - 11.30 | C27: 64 | D27: 30 | E27: 10 | F27: 20 | G27: 0 | H27: 1 | I27: 3 | J27: 0 | K27: 2 | L27: 2 | M27: 97 | N27: 0 | O27: =SUM(C27:L27,N27) -> 132 | P27: =SUM(C27:N27) -> 229 | R27: 0000-0100 | S27: =SUM(C78:C81) -> 69 | T27: =SUM(D78:D81) -> 15 | U27: =SUM(E78:E81) -> 11 | V27: =SUM(F78:F81) -> 42 | W27: =SUM(G78:G81) -> 1 | X27: =SUM(H78:H81) -> 0 | Y27: =SUM(I78:I81) -> 7 | Z27: =SUM(J78:J81) -> 6 | ... AF27: =SUM(P78:P81) -> 468
B28: 11.30 - 11.45 | C28: 65 | D28: 10 | E28: 5 | F28: 55 | G28: 2 | H28: 0 | I28: 10 | J28: 3 | K28: 1 | L28: 0 | M28: 130 | N28: 0 | O28: =SUM(C28:L28,N28) -> 151 | P28: =SUM(C28:N28) -> 281 | R28: 0100-0200 | S28: =SUM(C82:C85) -> 39 | T28: =SUM(D82:D85) -> 13 | U28: =SUM(E82:E85) -> 6 | V28: =SUM(F82:F85) -> 10 | W28: =SUM(G82:G85) -> 0 | X28: =SUM(H82:H85) -> 0 | Y28: =SUM(I82:I85) -> 2 | Z28: =SUM(J82:J85) -> 11 | ... AF28: =SUM(P82:P85) -> 279
B29: 11.45 - 12.00 | C29: 70 | D29: 14 | E29: 17 | F29: 35 | G29: 0 | H29: 0 | I29: 4 | J29: 0 | K29: 5 | L29: 3 | M29: 78 | N29: 0 | O29: =SUM(C29:L29,N29) -> 148 | P29: =SUM(C29:N29) -> 226 | R29: 0200-0300 | S29: =SUM(C86:C89) -> 34 | T29: =SUM(D86:D89) -> 6 | U29: =SUM(E86:E89) -> 2 | V29: =SUM(F86:F89) -> 6 | W29: =SUM(G86:G89) -> 0 | X29: =SUM(H86:H89) -> 0 | Y29: =SUM(I86:I89) -> 8 | Z29: =SUM(J86:J89) -> 7 | ... AF29: =SUM(P86:P89) -> 232
B30: 12.00 - 12.15 | C30: 34 | D30: 15 | E30: 11 | F30: 80 | G30: 1 | H30: 2 | I30: 5 | J30: 3 | K30: 3 | L30: 0 | M30: 107 | N30: 0 | O30: =SUM(C30:L30,N30) -> 154 | P30: =SUM(C30:N30) -> 261 | R30: 0300-0400 | S30: =SUM(C90:C93) -> 24 | T30: =SUM(D90:D93) -> 8 | U30: =SUM(E90:E93) -> 2 | V30: =SUM(F90:F93) -> 11 | W30: =SUM(G90:G93) -> 0 | X30: =SUM(H90:H93) -> 0 | Y30: =SUM(I90:I93) -> 11 | Z30: =SUM(J90:J93) -> 5 | ... AF30: =SUM(P90:P93) -> 252
B31: 12.15 - 12.30 | C31: 50 | D31: 4 | E31: 7 | F31: 100 | G31: 0 | H31: 0 | I31: 4 | J31: 2 | K31: 4 | L31: 3 | M31: 120 | N31: 0 | O31: =SUM(C31:L31,N31) -> 174 | P31: =SUM(C31:N31) -> 294 | R31: 0400-0500 | S31: =SUM(C94:C97) -> 33 | T31: =SUM(D94:D97) -> 11 | U31: =SUM(E94:E97) -> 8 | V31: =SUM(F94:F97) -> 29 | W31: =SUM(G94:G97) -> 0 | X31: =SUM(H94:H97) -> 1 | Y31: =SUM(I94:I97) -> 3 | Z31: =SUM(J94:J97) -> 7 | ... AF31: =SUM(P94:P97) -> 396
B32: 12.30 - 12.45 | C32: 44 | D32: 6 | E32: 13 | F32: 80 | G32: 0 | H32: 1 | I32: 2 | J32: 1 | K32: 2 | L32: 0 | M32: 78 | N32: 0 | O32: =SUM(C32:L32,N32) -> 149 | P32: =SUM(C32:N32) -> 227 | R32: 0500-0600 | S32: =SUM(C98:C101) -> 62 | T32: =SUM(D98:D101) -> 14 | U32: =SUM(E98:E101) -> 6 | V32: =SUM(F98:F101) -> 76 | W32: =SUM(G98:G101) -> 0 | X32: =SUM(H98:H101) -> 0 | Y32: =SUM(I98:I101) -> 10 | Z32: =SUM(J98:J101) -> 9 | ... AF32: =SUM(P98:P101) -> 431
B33: 12.45 - 13.00 | C33: 45 | D33: 9 | E33: 14 | F33: 55 | G33: 1 | H33: 2 | I33: 3 | J33: 0 | K33: 2 | L33: 2 | M33: 94 | N33: 0 | O33: =SUM(C33:L33,N33) -> 133 | P33: =SUM(C33:N33) -> 227 | R33: 0600-0700 | S33: =SUM(C102:C105) -> 80 | T33: =SUM(D102:D105) -> 21 | U33: =SUM(E102:E105) -> 9 | V33: =SUM(F102:F105) -> 160 | W33: =SUM(G102:G105) -> 0 | X33: =SUM(H102:H105) -> 0 | Y33: =SUM(I102:I105) -> 10 | Z33: =SUM(J102:J105) -> 9 | ... AF33: =SUM(P102:P105) -> 809
B34: 13.00 - 13.15 | C34: 60 | D34: 5 | E34: 3 | F34: 46 | G34: 0 | H34: 0 | I34: 2 | J34: 3 | K34: 1 | L34: 0 | M34: 68 | N34: 0 | O34: =SUM(C34:L34,N34) -> 120 | P34: =SUM(C34:N34) -> 188 | R34: AM Peak Hr | S34: =MAX(S10:S12) -> 229 | T34: =MAX(T10:T12) -> 34 | U34: =MAX(U10:U12) -> 39 | V34: =MAX(V10:V12) -> 253 | W34: =MAX(W10:W12) -> 9 | X34: =MAX(X10:X12) -> 6 | Y34: =MAX(Y10:Y12) -> 16 | Z34: =MAX(Z10:Z12) -> 14 | ... AF34: =MAX(AF10:AF12) -> 1339
B35: 13.15 - 13.30 | C35: 45 | D35: 9 | E35: 55 | F35: 42 | G35: 0 | H35: 0 | I35: 2 | J35: 2 | K35: 3 | L35: 2 | M35: 80 | N35: 0 | O35: =SUM(C35:L35,N35) -> 160 | P35: =SUM(C35:N35) -> 240 | R35: IP Peak Hr | S35: =MAX(S13:S18) -> 269 | T35: =MAX(T13:T18) -> 83 | U35: =MAX(U13:U18) -> 70 | V35: =MAX(V13:V18) -> 315 | W35: =MAX(W13:W18) -> 6 | X35: =MAX(X13:X18) -> 5 | Y35: =MAX(Y13:Y18) -> 30 | Z35: =MAX(Z13:Z18) -> 14 | ... AF35: =MAX(AF13:AF18) -> 1206
B36: 13.30 - 13.45 | C36: 45 | D36: 4 | E36: 9 | F36: 31 | G36: 2 | H36: 0 | I36: 5 | J36: 3 | K36: 2 | L36: 0 | M36: 92 | N36: 0 | O36: =SUM(C36:L36,N36) -> 101 | P36: =SUM(C36:N36) -> 193 | R36: PM Peak Hr | S36: =MAX(S19:S21) -> 306 | T36: =MAX(T19:T21) -> 33 | U36: =MAX(U19:U21) -> 40 | V36: =MAX(V19:V21) -> 347 | W36: =MAX(W19:W21) -> 6 | X36: =MAX(X19:X21) -> 2 | Y36: =MAX(Y19:Y21) -> 20 | Z36: =MAX(Z19:Z21) -> 12 | ... AF36: =MAX(AF19:AF21) -> 1417
B37: 13.45 - 14.00 | C37: 34 | D37: 1 | E37: 3 | F37: 30 | G37: 0 | H37: 0 | I37: 7 | J37: 3 | K37: 0 | L37: 4 | M37: 102 | N37: 0 | O37: =SUM(C37:L37,N37) -> 82 | P37: =SUM(C37:N37) -> 184 | R37: AM Period | S37: =SUM(S10:S12) -> 640 | T37: =SUM(T10:T12) -> 88 | U37: =SUM(U10:U12) -> 84 | V37: =SUM(V10:V12) -> 699 | W37: =SUM(W10:W12) -> 23 | X37: =SUM(X10:X12) -> 13 | Y37: =SUM(Y10:Y12) -> 44 | Z37: =SUM(Z10:Z12) -> 40 | ... AF37: =SUM(AF10:AF12) -> 3906
B38: 14.00 - 14.15 | C38: 45 | D38: 3 | E38: 16 | F38: 40 | G38: 0 | H38: 0 | I38: 3 | J38: 4 | K38: 2 | L38: 1 | M38: 191 | N38: 0 | O38: =SUM(C38:L38,N38) -> 114 | P38: =SUM(C38:N38) -> 305 | R38: IP Period | S38: =SUM(S13:S18) -> 1265 | T38: =SUM(T13:T18) -> 202 | U38: =SUM(U13:U18) -> 273 | V38: =SUM(V13:V18) -> 1074 | W38: =SUM(W13:W18) -> 16 | X38: =SUM(X13:X18) -> 11 | Y38: =SUM(Y13:Y18) -> 125 | Z38: =SUM(Z13:Z18) -> 57 | ... AF38: =SUM(AF13:AF18) -> 5888
B39: 14.15 - 14.30 | C39: 32 | D39: 10 | E39: 7 | F39: 22 | G39: 0 | H39: 0 | I39: 8 | J39: 4 | K39: 6 | L39: 3 | M39: 102 | N39: 0 | O39: =SUM(C39:L39,N39) -> 92 | P39: =SUM(C39:N39) -> 194 | R39: PM Period | S39: =SUM(S19:S21) -> 837 | T39: =SUM(T19:T21) -> 89 | U39: =SUM(U19:U21) -> 106 | V39: =SUM(V19:V21) -> 756 | W39: =SUM(W19:W21) -> 15 | X39: =SUM(X19:X21) -> 5 | Y39: =SUM(Y19:Y21) -> 55 | Z39: =SUM(Z19:Z21) -> 24 | ... AF39: =SUM(AF19:AF21) -> 3763
B40: 14.30 - 14.45 | C40: 47 | D40: 7 | E40: 9 | F40: 16 | G40: 0 | H40: 1 | I40: 14 | J40: 2 | K40: 0 | L40: 0 | M40: 119 | N40: 0 | O40: =SUM(C40:L40,N40) -> 96 | P40: =SUM(C40:N40) -> 215 | R40: 12 Hours | S40: =SUM(S10:S21) -> 2742 | T40: =SUM(T10:T21) -> 379 | U40: =SUM(U10:U21) -> 463 | V40: =SUM(V10:V21) -> 2529 | W40: =SUM(W10:W21) -> 54 | X40: =SUM(X10:X21) -> 29 | Y40: =SUM(Y10:Y21) -> 224 | Z40: =SUM(Z10:Z21) -> 121 | ... AF40: =SUM(AF10:AF21) -> 13557
B41: 14.45 - 15.00 | C41: 57 | D41: 2 | E41: 10 | F41: 19 | G41: 0 | H41: 0 | I41: 5 | J41: 2 | K41: 1 | L41: 0 | M41: 122 | N41: 0 | O41: =SUM(C41:L41,N41) -> 96 | P41: =SUM(C41:N41) -> 218 | R41: 24 Hrs/ADT | S41: =SUM(S10:S33) -> 4146 | T41: =SUM(T10:T33) -> 871 | U41: =SUM(U10:U33) -> 668 | V41: =SUM(V10:V33) -> 3573 | W41: =SUM(W10:W33) -> 87 | X41: =SUM(X10:X33) -> 38 | Y41: =SUM(Y10:Y33) -> 337 | Z41: =SUM(Z10:Z33) -> 246 | ... AF41: =SUM(AF10:AF33) -> 23901
B42: 15.00 - 15.15 | C42: 46 | D42: 7 | E42: 6 | F42: 28 | G42: 2 | H42: 0 | I42: 9 | J42: 2 | K42: 2 | L42: 0 | M42: 195 | N42: 0 | O42: =SUM(C42:L42,N42) -> 102 | P42: =SUM(C42:N42) -> 297 | R42: NEF | S42: =S41/S40 -> 1.512035 | T42: =T41/T40 -> 2.298153 | U42: =U41/U40 -> 1.4427646 | V42: =V41/V40 -> 1.4128114 | W42: =W41/W40 -> 1.6111111 | X42: =X41/X40 -> 1.3103448 | Y42: =Y41/Y40 -> 1.5044643 | Z42: =Z41/Z40 -> 2.0330579 | ... AF42: =AF41/AF40 -> 1.7630007
B43: 15.15 - 15.30 | C43: 48 | D43: 10 | E43: 7 | F43: 25 | G43: 0 | H43: 0 | I43: 4 | J43: 1 | K43: 2 | L43: 0 | M43: 192 | N43: 0 | O43: =SUM(C43:L43,N43) -> 97 | P43: =SUM(C43:N43) -> 289
B44: 15.30 - 15.45 | C44: 68 | D44: 4 | E44: 10 | F44: 50 | G44: 2 | H44: 0 | I44: 5 | J44: 2 | K44: 3 | L44: 2 | M44: 185 | N44: 0 | O44: =SUM(C44:L44,N44) -> 146 | P44: =SUM(C44:N44) -> 331
B45: 15.45 - 16.00 | C45: 60 | D45: 5 | E45: 25 | F45: 48 | G45: 2 | H45: 0 | I45: 3 | J45: 2 | K45: 0 | L45: 2 | M45: 142 | N45: 0 | O45: =SUM(C45:L45,N45) -> 147 | P45: =SUM(C45:N45) -> 289
B46: 16.00 - 16.15 | C46: 85 | D46: 14 | E46: 11 | F46: 36 | G46: 0 | H46: 1 | I46: 4 | J46: 1 | K46: 0 | L46: 3 | M46: 175 | N46: 0 | O46: =SUM(C46:L46,N46) -> 155 | P46: =SUM(C46:N46) -> 330
B47: 16.15 -16.30 | C47: 60 | D47: 1 | E47: 11 | F47: 40 | G47: 0 | H47: 0 | I47: 5 | J47: 3 | K47: 6 | L47: 1 | M47: 140 | N47: 0 | O47: =SUM(C47:L47,N47) -> 127 | P47: =SUM(C47:N47) -> 267
B48: 16.30 -16.45 | C48: 66 | D48: 4 | E48: 13 | F48: 17 | G48: 4 | H48: 0 | I48: 8 | J48: 0 | K48: 2 | L48: 2 | M48: 115 | N48: 0 | O48: =SUM(C48:L48,N48) -> 116 | P48: =SUM(C48:N48) -> 231
B49: 16.45 -17.00 | C49: 65 | D49: 6 | E49: 2 | F49: 70 | G49: 0 | H49: 0 | I49: 3 | J49: 1 | K49: 1 | L49: 0 | M49: 155 | N49: 0 | O49: =SUM(C49:L49,N49) -> 148 | P49: =SUM(C49:N49) -> 303
B50: 17.00 -17.15 | C50: 80 | D50: 8 | E50: 20 | F50: 80 | G50: 1 | H50: 1 | I50: 2 | J50: 3 | K50: 0 | L50: 1 | M50: 150 | N50: 0 | O50: =SUM(C50:L50,N50) -> 196 | P50: =SUM(C50:N50) -> 346
B51: 17.15 -17.30 | C51: 90 | D51: 8 | E51: 7 | F51: 82 | G51: 3 | H51: 0 | I51: 3 | J51: 2 | K51: 0 | L51: 2 | M51: 163 | N51: 0 | O51: =SUM(C51:L51,N51) -> 197 | P51: =SUM(C51:N51) -> 360
B52: 17.30 -17.45 | C52: 61 | D52: 10 | E52: 6 | F52: 100 | G52: 1 | H52: 0 | I52: 4 | J52: 0 | K52: 3 | L52: 0 | M52: 153 | N52: 0 | O52: =SUM(C52:L52,N52) -> 185 | P52: =SUM(C52:N52) -> 338
B53: 17.45 -18.00 | C53: 75 | D53: 7 | E53: 7 | F53: 85 | G53: 0 | H53: 1 | I53: 6 | J53: 2 | K53: 5 | L53: 3 | M53: 182 | N53: 0 | O53: =SUM(C53:L53,N53) -> 191 | P53: =SUM(C53:N53) -> 373
B54: 18.00 - 18.15 | C54: 66 | D54: 16 | E54: 12 | F54: 51 | G54: 4 | H54: 1 | I54: 3 | J54: 1 | K54: 0 | L54: 0 | M54: 190 | N54: 0 | O54: =SUM(C54:L54,N54) -> 154 | P54: =SUM(C54:N54) -> 344
... B105: 06.45 - 07.00 | C105: 18 | D105: 4 | E105: 2 | F105: 30 | G105: 0 | H105: 0 | I105: 3 | J105: 2 | K105: 0 | L105: 0 | M105: 172 | N105: 0 | O105: =SUM(C105:L105,N105) -> 59 | P105: =SUM(C105:N105) -> 231
B106: Totals | C106: =SUM(C10:C105) -> 4146 | D106: =SUM(D10:D105) -> 871 | E106: =SUM(E10:E105) -> 668 | F106: =SUM(F10:F105) -> 3573 | G106: =SUM(G10:G105) -> 87 | H106: =SUM(H10:H105) -> 38 | I106: =SUM(I10:I105) -> 337 | J106: =SUM(J10:J105) -> 246 | ... P106: =SUM(P10:P105) -> 23901
B107: %ges + MCs | C107: =C106/$P$106 -> 0.17346555 | D107: =D106/$P$106 -> 0.03644199 | E107: =E106/$P$106 -> 0.027948621 | F107: =F106/$P$106 -> 0.14949165 | G107: =G106/$P$106 -> 0.0036400151 | H107: =H106/$P$106 -> 0.0015898916 | I107: =I106/$P$106 -> 0.014099828 | J107: =J106/$P$106 -> 0.010292456 | ... N107: =N106/$P$106 -> 0
B108: %ges w/o MCs | C108: =C106/$O$106 -> 0.40643074 | D108: =D106/$O$106 -> 0.085383786 | E108: =E106/$O$106 -> 0.065483776 | F108: =F106/$O$106 -> 0.35025978 | G108: =G106/$O$106 -> 0.0085285756 | H108: =H106/$O$106 -> 0.003725125 | I108: =I106/$O$106 -> 0.033035977 | J108: =J106/$O$106 -> 0.024115283 | ... L108: =L106/$O$106 -> 0.0093128125 | N108: =N106/$O$106 -> 0

Sheet 28.07 KALERWE-GAYAZA
B1: Consultancy services for Preparation of Expressway Development Master Plan (EDMP) for Uganda
B2: MANUAL CLASSIFIED COUNT (MCC)
B3: ROAD NAME: | C3: ='22.07 KALERWE-GAYAZA'!C3:G3 -> MCC - C1 - STN26 - Gayaza Road Kanyanya
C5: Date | D5: 28.07.19 | F5: Location | G5: ='27.07 GAYAZA-KALERWE-24h'!G5:H5 -> DELTA KYEBANDO | J5: Surveyor | K5: ='27.07 GAYAZA-KALERWE-24h'!K5:L5 -> NALUBEGA JOSEPHINE AND NANDUTU SANDRAH
C6: Dir. From | D6: ='22.07 KALERWE-GAYAZA'!D6:E6 -> KALERWE | F6: Dir. To | G6: ='22.07 KALERWE-GAYAZA'!G6:H6 -> GAYAZA | J6: Supervisor | K6: ='27.07 GAYAZA-KALERWE-24h'!K6:L6 -> LAWRENCE AND WALAKILA
B8: Time / Veh Type | R8: SUMMARY TRAFFIC VOLUMES
C9: 1. Car | D9: 2. Station Wagon | E9: 3. Pickups | F9: 4. Minibus, matatu | G9: 5. Medium bus | H9: 6. Large Bus | I9: 7. Light Truck | J9: 8. Medium Truck | K9: 9. Heavy truck | L9: 10. Truck Trailer | M9: 11. Motor cycles | N9: 12. Tractors | O9: Total Excl M/Cycles | P9: Total All | R9: Time | S9: 1. Car | T9: 2. Station Wagon | U9: 3. Pickups | V9: 4. Minibus, matatu | W9: 5. Medium bus | X9: 6. Large Bus | Y9: 7. Light Truck | Z9: 8. Medium Truck | AA9: 9. Heavy truck | AB9: 10. Truck Trailer | AC9: 11. Motorcycles | AD9: 12. Tractors, Graders | AE9: Total Excl M/ Cycles | AF9: Total All
B10: 07.00 - 07.15 | C10: 36 | D10: 17 | E10: 7 | F10: 25 | G10: 0 | H10: 0 | I10: 3 | J10: 1 | K10: 1 | L10: 0 | M10: 140 | N10: 0 | O10: =SUM(C10:L10,N10) -> 90 | P10: =SUM(C10:N10) -> 230 | R10: 0700-0800 | S10: =SUM(C10:C13) -> 169 | T10: =SUM(D10:D13) -> 77 | U10: =SUM(E10:E13) -> 54 | V10: =SUM(F10:F13) -> 268 | W10: =SUM(G10:G13) -> 8 | X10: =SUM(H10:H13) -> 5 | Y10: =SUM(I10:I13) -> 18 | Z10: =SUM(J10:J13) -> 10 | ... AF10: =SUM(P10:P13) -> 1296
B11: 07.15 - 07.30 | C11: 45 | D11: 15 | E11: 10 | F11: 56 | G11: 1 | H11: 2 | I11: 8 | J11: 3 | K11: 2 | L11: 0 | M11: 180 | N11: 0 | O11: =SUM(C11:L11,N11) -> 142 | P11: =SUM(C11:N11) -> 322 | R11: 0800-0900 | S11: =SUM(C14:C17) -> 145 | T11: =SUM(D14:D17) -> 55 | U11: =SUM(E14:E17) -> 50 | V11: =SUM(F14:F17) -> 209 | W11: =SUM(G14:G17) -> 5 | X11: =SUM(H14:H17) -> 5 | Y11: =SUM(I14:I17) -> 14 | Z11: =SUM(J14:J17) -> 13 | ... AF11: =SUM(P14:P17) -> 1432
B12: 07.30 - 07.45 | C12: 56 | D12: 14 | E12: 24 | F12: 104 | G12: 2 | H12: 0 | I12: 3 | J12: 1 | K12: 2 | L12: 0 | M12: 160 | N12: 0 | O12: =SUM(C12:L12,N12) -> 206 | P12: =SUM(C12:N12) -> 366 | R12: 0900-1000 | S12: =SUM(C18:C21) -> 204 | T12: =SUM(D18:D21) -> 48 | U12: =SUM(E18:E21) -> 59 | V12: =SUM(F18:F21) -> 240 | W12: =SUM(G18:G21) -> 5 | X12: =SUM(H18:H21) -> 2 | Y12: =SUM(I18:I21) -> 9 | Z12: =SUM(J18:J21) -> 10 | ... AF12: =SUM(P18:P21) -> 1504
B13: 07.45 - 08.00 | C13: 32 | D13: 31 | E13: 13 | F13: 83 | G13: 5 | H13: 3 | I13: 4 | J13: 5 | K13: 2 | L13: 0 | M13: 200 | N13: 0 | O13: =SUM(C13:L13,N13) -> 178 | P13: =SUM(C13:N13) -> 378 | R13: 1000-1100 | S13: =SUM(C22:C25) -> 280 | T13: =SUM(D22:D25) -> 61 | U13: =SUM(E22:E25) -> 45 | V13: =SUM(F22:F25) -> 193 | W13: =SUM(G22:G25) -> 8 | X13: =SUM(H22:H25) -> 1 | Y13: =SUM(I22:I25) -> 13 | Z13: =SUM(J22:J25) -> 8 | ... AF13: =SUM(P22:P25) -> 1435
B14: 08.00 - 08.15 | C14: 15 | D14: 7 | E14: 9 | F14: 45 | G14: 1 | H14: 3 | I14: 2 | J14: 5 | K14: 3 | L14: 0 | M14: 195 | N14: 0 | O14: =SUM(C14:L14,N14) -> 90 | P14: =SUM(C14:N14) -> 285 | R14: 1100-1200 | S14: =SUM(C26:C29) -> 198 | T14: =SUM(D26:D29) -> 33 | U14: =SUM(E26:E29) -> 42 | V14: =SUM(F26:F29) -> 161 | W14: =SUM(G26:G29) -> 1 | X14: =SUM(H26:H29) -> 0 | Y14: =SUM(I26:I29) -> 7 | Z14: =SUM(J26:J29) -> 9 | ... AF14: =SUM(P26:P29) -> 1197
B15: 08.15 - 08.30 | C15: 35 | D15: 8 | E15: 11 | F15: 43 | G15: 0 | H15: 2 | I15: 7 | J15: 5 | K15: 0 | L15: 2 | M15: 223 | N15: 0 | O15: =SUM(C15:L15,N15) -> 113 | P15: =SUM(C15:N15) -> 336 | R15: 1200-1300 | S15: =SUM(C30:C33) -> 434 | T15: =SUM(D30:D33) -> 77 | U15: =SUM(E30:E33) -> 47 | V15: =SUM(F30:F33) -> 217 | W15: =SUM(G30:G33) -> 3 | X15: =SUM(H30:H33) -> 1 | Y15: =SUM(I30:I33) -> 12 | Z15: =SUM(J30:J33) -> 9 | ... AF15: =SUM(P30:P33) -> 1788
B16: 08.30 - 08.45 | C16: 41 | D16: 17 | E16: 14 | F16: 53 | G16: 0 | H16: 0 | I16: 1 | J16: 3 | K16: 1 | L16: 1 | M16: 272 | N16: 0 | O16: =SUM(C16:L16,N16) -> 131 | P16: =SUM(C16:N16) -> 403 | R16: 1300-1400 | S16: =SUM(C34:C37) -> 497 | T16: =SUM(D34:D37) -> 87 | U16: =SUM(E34:E37) -> 55 | V16: =SUM(F34:F37) -> 253 | W16: =SUM(G34:G37) -> 1 | X16: =SUM(H34:H37) -> 2 | Y16: =SUM(I34:I37) -> 20 | Z16: =SUM(J34:J37) -> 11 | ... AF16: =SUM(P34:P37) -> 1930
B17: 08.45 - 9.00 | C17: 54 | D17: 23 | E17: 16 | F17: 68 | G17: 4 | H17: 0 | I17: 4 | J17: 0 | K17: 4 | L17: 1 | M17: 234 | N17: 0 | O17: =SUM(C17:L17,N17) -> 174 | P17: =SUM(C17:N17) -> 408 | R17: 1400-1500 | S17: =SUM(C38:C41) -> 478 | T17: =SUM(D38:D41) -> 74 | U17: =SUM(E38:E41) -> 46 | V17: =SUM(F38:F41) -> 203 | W17: =SUM(G38:G41) -> 1 | X17: =SUM(H38:H41) -> 3 | Y17: =SUM(I38:I41) -> 12 | Z17: =SUM(J38:J41) -> 14 | ... AF17: =SUM(P38:P41) -> 1799
B18: 09.00 - 09.15 | C18: 57 | D18: 9 | E18: 22 | F18: 78 | G18: 1 | H18: 1 | I18: 1 | J18: 2 | K18: 0 | L18: 0 | M18: 215 | N18: 0 | O18: =SUM(C18:L18,N18) -> 171 | P18: =SUM(C18:N18) -> 386 | R18: 1500-1600 | S18: =SUM(C42:C45) -> 371 | T18: =SUM(D42:D45) -> 55 | U18: =SUM(E42:E45) -> 43 | V18: =SUM(F42:F45) -> 190 | W18: =SUM(G42:G45) -> 2 | X18: =SUM(H42:H45) -> 0 | Y18: =SUM(I42:I45) -> 11 | Z18: =SUM(J42:J45) -> 17 | ... AF18: =SUM(P42:P45) -> 1659
B19: 09.15 - 09.30 | C19: 34 | D19: 12 | E19: 12 | F19: 56 | G19: 0 | H19: 0 | I19: 3 | J19: 4 | K19: 0 | L19: 1 | M19: 260 | N19: 0 | O19: =SUM(C19:L19,N19) -> 122 | P19: =SUM(C19:N19) -> 382 | R19: 1600-1700 | S19: =SUM(C46:C49) -> 270 | T19: =SUM(D46:D49) -> 68 | U19: =SUM(E46:E49) -> 38 | V19: =SUM(F46:F49) -> 182 | W19: =SUM(G46:G49) -> 6 | X19: =SUM(H46:H49) -> 4 | Y19: =SUM(I46:I49) -> 13 | Z19: =SUM(J46:J49) -> 8 | ... AF19: =SUM(P46:P49) -> 1607
B20: 09.30 - 09.45 | C20: 58 | D20: 11 | E20: 10 | F20: 58 | G20: 1 | H20: 0 | I20: 2 | J20: 3 | K20: 3 | L20: 1 | M20: 220 | N20: 0 | O20: =SUM(C20:L20,N20) -> 147 | P20: =SUM(C20:N20) -> 367 | R20: 1700-1800 | S20: =SUM(C50:C53) -> 334 | T20: =SUM(D50:D53) -> 65 | U20: =SUM(E50:E53) -> 42 | V20: =SUM(F50:F53) -> 208 | W20: =SUM(G50:G53) -> 5 | X20: =SUM(H50:H53) -> 2 | Y20: =SUM(I50:I53) -> 15 | Z20: =SUM(J50:J53) -> 6 | ... AF20: =SUM(P50:P53) -> 1503
B21: 09.45 - 10.00 | C21: 55 | D21: 16 | E21: 15 | F21: 48 | G21: 3 | H21: 1 | I21: 3 | J21: 1 | K21: 2 | L21: 0 | M21: 225 | N21: 0 | O21: =SUM(C21:L21,N21) -> 144 | P21: =SUM(C21:N21) -> 369 | R21: 1800-1900 | S21: =SUM(C54:C57) -> 299 | T21: =SUM(D54:D57) -> 71 | U21: =SUM(E54:E57) -> 31 | V21: =SUM(F54:F57) -> 180 | W21: =SUM(G54:G57) -> 4 | X21: =SUM(H54:H57) -> 4 | Y21: =SUM(I54:I57) -> 29 | Z21: =SUM(J54:J57) -> 12 | ... AF21: =SUM(P54:P57) -> 1478
B22: 10.00 - 10.15 | C22: 65 | D22: 11 | E22: 9 | F22: 41 | G22: 1 | H22: 0 | I22: 4 | J22: 3 | K22: 2 | L22: 0 | M22: 238 | N22: 0 | O22: =SUM(C22:L22,N22) -> 136 | P22: =SUM(C22:N22) -> 374 | R22: AM Peak Hr | S22: =MAX(S10:S12) -> 204 | T22: =MAX(T10:T12) -> 77 | U22: =MAX(U10:U12) -> 59 | V22: =MAX(V10:V12) -> 268 | W22: =MAX(W10:W12) -> 8 | X22: =MAX(X10:X12) -> 5 | Y22: =MAX(Y10:Y12) -> 18 | Z22: =MAX(Z10:Z12) -> 13 | ... AF22: =MAX(AF10:AF12) -> 1504
B23: 10.15 - 10.30 | C23: 75 | D23: 21 | E23: 18 | F23: 45 | G23: 2 | H23: 0 | I23: 1 | J23: 1 | K23: 0 | L23: 0 | M23: 205 | N23: 0 | O23: =SUM(C23:L23,N23) -> 163 | P23: =SUM(C23:N23) -> 368 | R23: IP Peak Hr | S23: =MAX(S13:S18) -> 497 | T23: =MAX(T13:T18) -> 87 | U23: =MAX(U13:U18) -> 55 | V23: =MAX(V13:V18) -> 253 | W23: =MAX(W13:W18) -> 8 | X23: =MAX(X13:X18) -> 3 | Y23: =MAX(Y13:Y18) -> 20 | Z23: =MAX(Z13:Z18) -> 17 | ... AF23: =MAX(AF13:AF18) -> 1930
B24: 10.30 - 10.45 | C24: 67 | D24: 15 | E24: 6 | F24: 49 | G24: 2 | H24: 0 | I24: 2 | J24: 3 | K24: 0 | L24: 0 | M24: 230 | N24: 0 | O24: =SUM(C24:L24,N24) -> 144 | P24: =SUM(C24:N24) -> 374 | R24: PM Peak Hr | S24: =MAX(S19:S21) -> 334 | T24: =MAX(T19:T21) -> 71 | U24: =MAX(U19:U21) -> 42 | V24: =MAX(V19:V21) -> 208 | W24: =MAX(W19:W21) -> 6 | X24: =MAX(X19:X21) -> 4 | Y24: =MAX(Y19:Y21) -> 29 | Z24: =MAX(Z19:Z21) -> 12 | ... AF24: =MAX(AF19:AF21) -> 1607
B25: 10.45 - 11.00 | C25: 73 | D25: 14 | E25: 12 | F25: 58 | G25: 3 | H25: 1 | I25: 6 | J25: 1 | K25: 0 | L25: 1 | M25: 150 | N25: 0 | O25: =SUM(C25:L25,N25) -> 169 | P25: =SUM(C25:N25) -> 319 | R25: AM Period | S25: =SUM(S10:S12) -> 518 | T25: =SUM(T10:T12) -> 180 | U25: =SUM(U10:U12) -> 163 | V25: =SUM(V10:V12) -> 717 | W25: =SUM(W10:W12) -> 18 | X25: =SUM(X10:X12) -> 12 | Y25: =SUM(Y10:Y12) -> 41 | Z25: =SUM(Z10:Z12) -> 33 | ... AF25: =SUM(AF10:AF12) -> 4232
B26: 11.00 - 11.15 | C26: 69 | D26: 12 | E26: 13 | F26: 53 | G26: 0 | H26: 0 | I26: 0 | J26: 4 | K26: 0 | L26: 0 | M26: 165 | N26: 0 | O26: =SUM(C26:L26,N26) -> 151 | P26: =SUM(C26:N26) -> 316 | R26: IP Period | S26: =SUM(S13:S18) -> 2258 | T26: =SUM(T13:T18) -> 387 | U26: =SUM(U13:U18) -> 278 | V26: =SUM(V13:V18) -> 1217 | W26: =SUM(W13:W18) -> 16 | X26: =SUM(X13:X18) -> 7 | Y26: =SUM(Y13:Y18) -> 75 | Z26: =SUM(Z13:Z18) -> 68 | ... AF26: =SUM(AF13:AF18) -> 9808
B27: 11.15 - 11.30 | C27: 55 | D27: 10 | E27: 11 | F27: 51 | G27: 0 | H27: 0 | I27: 2 | J27: 2 | K27: 0 | L27: 0 | M27: 160 | N27: 0 | O27: =SUM(C27:L27,N27) -> 131 | P27: =SUM(C27:N27) -> 291 | R27: PM Period | S27: =SUM(S19:S21) -> 903 | T27: =SUM(T19:T21) -> 204 | U27: =SUM(U19:U21) -> 111 | V27: =SUM(V19:V21) -> 570 | W27: =SUM(W19:W21) -> 15 | X27: =SUM(X19:X21) -> 10 | Y27: =SUM(Y19:Y21) -> 57 | Z27: =SUM(Z19:Z21) -> 26 | ... AF27: =SUM(AF19:AF21) -> 4588
B28: 11.30 - 11.45 | C28: 14 | D28: 5 | E28: 5 | F28: 30 | G28: 1 | H28: 0 | I28: 2 | J28: 3 | K28: 1 | L28: 0 | M28: 200 | N28: 0 | O28: =SUM(C28:L28,N28) -> 61 | P28: =SUM(C28:N28) -> 261 | R28: 12 Hours | S28: =SUM(S10:S21) -> 3679 | T28: =SUM(T10:T21) -> 771 | U28: =SUM(U10:U21) -> 552 | V28: =SUM(V10:V21) -> 2504 | W28: =SUM(W10:W21) -> 49 | X28: =SUM(X10:X21) -> 29 | Y28: =SUM(Y10:Y21) -> 173 | Z28: =SUM(Z10:Z21) -> 127 | ... AF28: =SUM(AF10:AF21) -> 18628
B29: 11.45 - 12.00 | C29: 60 | D29: 6 | E29: 13 | F29: 27 | G29: 0 | H29: 0 | I29: 3 | J29: 0 | K29: 0 | L29: 0 | M29: 220 | N29: 0 | O29: =SUM(C29:L29,N29) -> 109 | P29: =SUM(C29:N29) -> 329
B30: 12.00 - 12.15 | C30: 104 | D30: 17 | E30: 6 | F30: 53 | G30: 1 | H30: 0 | I30: 4 | J30: 3 | K30: 1 | L30: 0 | M30: 195 | N30: 0 | O30: =SUM(C30:L30,N30) -> 189 | P30: =SUM(C30:N30) -> 384
B31: 12.15 - 12.30 | C31: 85 | D31: 13 | E31: 10 | F31: 75 | G31: 1 | H31: 0 | I31: 3 | J31: 2 | K31: 1 | L31: 0 | M31: 300 | N31: 0 | O31: =SUM(C31:L31,N31) -> 190 | P31: =SUM(C31:N31) -> 490
B32: 12.30 - 12.45 | C32: 105 | D32: 18 | E32: 19 | F32: 42 | G32: 1 | H32: 0 | I32: 2 | J32: 2 | K32: 0 | L32: 0 | M32: 255 | N32: 0 | O32: =SUM(C32:L32,N32) -> 189 | P32: =SUM(C32:N32) -> 444
B33: 12.45 - 13.00 | C33: 140 | D33: 29 | E33: 12 | F33: 47 | G33: 0 | H33: 1 | I33: 3 | J33: 2 | K33: 1 | L33: 0 | M33: 235 | N33: 0 | O33: =SUM(C33:L33,N33) -> 235 | P33: =SUM(C33:N33) -> 470
B34: 13.00 - 13.15 | C34: 122 | D34: 22 | E34: 18 | F34: 71 | G34: 1 | H34: 1 | I34: 3 | J34: 1 | K34: 1 | L34: 0 | M34: 229 | N34: 0 | O34: =SUM(C34:L34,N34) -> 240 | P34: =SUM(C34:N34) -> 469
B35: 13.15 - 13.30 | C35: 85 | D35: 16 | E35: 10 | F35: 50 | G35: 0 | H35: 1 | I35: 9 | J35: 8 | K35: 2 | L35: 0 | M35: 200 | N35: 0 | O35: =SUM(C35:L35,N35) -> 181 | P35: =SUM(C35:N35) -> 381
B36: 13.30 - 13.45 | C36: 133 | D36: 9 | E36: 17 | F36: 62 | G36: 0 | H36: 0 | I36: 5 | J36: 1 | K36: 1 | L36: 0 | M36: 280 | N36: 0 | O36: =SUM(C36:L36,N36) -> 228 | P36: =SUM(C36:N36) -> 508
B37: 13.45 - 14.00 | C37: 157 | D37: 40 | E37: 10 | F37: 70 | G37: 0 | H37: 0 | I37: 3 | J37: 1 | K37: 1 | L37: 0 | M37: 290 | N37: 0 | O37: =SUM(C37:L37,N37) -> 282 | P37: =SUM(C37:N37) -> 572
B38: 14.00 - 14.15 | C38: 105 | D38: 23 | E38: 14 | F38: 55 | G38: 0 | H38: 1 | I38: 4 | J38: 6 | K38: 0 | L38: 0 | M38: 285 | N38: 0 | O38: =SUM(C38:L38,N38) -> 208 | P38: =SUM(C38:N38) -> 493
B39: 14.15 - 14.30 | C39: 144 | D39: 20 | E39: 9 | F39: 55 | G39: 0 | H39: 2 | I39: 3 | J39: 3 | K39: 0 | L39: 0 | M39: 235 | N39: 0 | O39: =SUM(C39:L39,N39) -> 236 | P39: =SUM(C39:N39) -> 471
B40: 14.30 - 14.45 | C40: 117 | D40: 19 | E40: 10 | F40: 42 | G40: 0 | H40: 0 | I40: 5 | J40: 3 | K40: 3 | L40: 0 | M40: 190 | N40: 0 | O40: =SUM(C40:L40,N40) -> 199 | P40: =SUM(C40:N40) -> 389
... B57: 18.45 - 19.00 | C57: 76 | D57: 15 | E57: 9 | F57: 38 | G57: 1 | H57: 0 | I57: 3 | J57: 4 | K57: 0 | L57: 0 | M57: 250 | N57: 0 | O57: =SUM(C57:L57,N57) -> 146 | P57: =SUM(C57:N57) -> 396
B58: Totals | C58: =SUM(C10:C57) -> 3679 | D58: =SUM(D10:D57) -> 771 | E58: =SUM(E10:E57) -> 552 | F58: =SUM(F10:F57) -> 2504 | G58: =SUM(G10:G57) -> 49 | H58: =SUM(H10:H57) -> 29 | I58: =SUM(I10:I57) -> 173 | J58: =SUM(J10:J57) -> 127 | ... P58: =SUM(P10:P57) -> 18628
