Workbook

Sheet 29.07 Kyebando-Mulago
B1: Consultancy services for Preparation of Expressway Development Master Plan (EDMP) for Uganda
B2: MANUAL CLASSIFIED COUNT (MCC)
B3: ROAD NAME: | C3: ='02.08 Kyebando-Mulago'!C3:G3 -> MCC - C1 - STN28 - KISINGIRI ROAD
C5: Date | D5: 29.07.19 | F5: Location | G5: ='02.08 Kyebando-Mulago'!G5:H5 -> Kisingiri Street | J5: Surveyor | K5: Rashida
C6: Dir. From | D6: ='02.08 Kyebando-Mulago'!D6:E6 -> Kyebando | F6: Dir. To | G6: ='02.08 Kyebando-Mulago'!G6:H6 -> Mulago | J6: Supervisor | K6: Steven
B8: Time / Veh Type | R8: SUMMARY TRAFFIC VOLUMES
C9: 1. Car | D9: 2. Station Wagon | E9: 3. Pickups | F9: 4. Minibus, matatu | G9: 5. Medium bus | H9: 6. Large Bus | I9: 7. Light Truck | J9: 8. Medium Truck | K9: 9. Heavy truck | L9: 10. Truck Trailer | M9: 11. Motor cycles | N9: 12. Tractors | O9: Total Excl M/Cycles | P9: Total All | R9: Time | S9: 1. Car | T9: 2. Station Wagon | U9: 3. Pickups | V9: 4. Minibus, matatu | W9: 5. Medium bus | X9: 6. Large Bus | Y9: 7. Light Truck | Z9: 8. Medium Truck | AA9: 9. Heavy truck | AB9: 10. Truck Trailer | AC9: 11. Motorcycles | AD9: 12. Tractors, Graders | AE9: Total Excl M/ Cycles | AF9: Total All
B10: 07.00 - 07.15 | C10: 0 | D10: 0 | E10: 0 | F10: 0 | G10: 0 | H10: 0 | I10: 0 | J10: 0 | K10: 0 | L10: 0 | M10: 0 | N10: 0 | O10: =SUM(C10:L10,N10) -> 0 | P10: =SUM(C10:N10) -> 0 | R10: 0700-0800 | S10: =SUM(C10:C13) -> 0 | T10: =SUM(D10:D13) -> 0 | U10: =SUM(E10:E13) -> 0 | V10: =SUM(F10:F13) -> 0 | W10: =SUM(G10:G13) -> 0 | X10: =SUM(H10:H13) -> 0 | Y10: =SUM(I10:I13) -> 0 | Z10: =SUM(J10:J13) -> 0 | ... AF10: =SUM(P10:P13) -> 0
B11: 07.15 - 07.30 | C11: 0 | D11: 0 | E11: 0 | F11: 0 | G11: 0 | H11: 0 | I11: 0 | J11: 0 | K11: 0 | L11: 0 | M11: 0 | N11: 0 | O11: =SUM(C11:L11,N11) -> 0 | P11: =SUM(C11:N11) -> 0 | R11: 0800-0900 | S11: =SUM(C14:C17) -> 292 | T11: =SUM(D14:D17) -> 45 | U11: =SUM(E14:E17) -> 32 | V11: =SUM(F14:F17) -> 108 | W11: =SUM(G14:G17) -> 2 | X11: =SUM(H14:H17) -> 1 | Y11: =SUM(I14:I17) -> 11 | Z11: =SUM(J14:J17) -> 3 | ... AF11: =SUM(P14:P17) -> 970
B12: 07.30 - 07.45 | C12: 0 | D12: 0 | E12: 0 | F12: 0 | G12: 0 | H12: 0 | I12: 0 | J12: 0 | K12: 0 | L12: 0 | M12: 0 | N12: 0 | O12: =SUM(C12:L12,N12) -> 0 | P12: =SUM(C12:N12) -> 0 | R12: 0900-1000 | S12: =SUM(C18:C21) -> 376 | T12: =SUM(D18:D21) -> 56 | U12: =SUM(E18:E21) -> 40 | V12: =SUM(F18:F21) -> 100 | W12: =SUM(G18:G21) -> 2 | X12: =SUM(H18:H21) -> 0 | Y12: =SUM(I18:I21) -> 8 | Z12: =SUM(J18:J21) -> 3 | ... AF12: =SUM(P18:P21) -> 1113
B13: 07.45 - 08.00 | C13: 0 | D13: 0 | E13: 0 | F13: 0 | G13: 0 | H13: 0 | I13: 0 | J13: 0 | K13: 0 | L13: 0 | M13: 0 | N13: 0 | O13: =SUM(C13:L13,N13) -> 0 | P13: =SUM(C13:N13) -> 0 | R13: 1000-1100 | S13: =SUM(C22:C25) -> 288 | T13: =SUM(D22:D25) -> 48 | U13: =SUM(E22:E25) -> 28 | V13: =SUM(F22:F25) -> 62 | W13: =SUM(G22:G25) -> 0 | X13: =SUM(H22:H25) -> 0 | Y13: =SUM(I22:I25) -> 19 | Z13: =SUM(J22:J25) -> 1 | ... AF13: =SUM(P22:P25) -> 765
B14: 08.00 - 08.15 | C14: 25 | D14: 8 | E14: 0 | F14: 7 | G14: 0 | H14: 0 | I14: 0 | J14: 0 | K14: 0 | L14: 0 | M14: 25 | N14: 0 | O14: =SUM(C14:L14,N14) -> 40 | P14: =SUM(C14:N14) -> 65 | R14: 1100-1200 | S14: =SUM(C26:C29) -> 256 | T14: =SUM(D26:D29) -> 59 | U14: =SUM(E26:E29) -> 28 | V14: =SUM(F26:F29) -> 41 | W14: =SUM(G26:G29) -> 0 | X14: =SUM(H26:H29) -> 2 | Y14: =SUM(I26:I29) -> 23 | Z14: =SUM(J26:J29) -> 1 | ... AF14: =SUM(P26:P29) -> 737
B15: 08.15 - 08.30 | C15: 95 | D15: 19 | E15: 17 | F15: 40 | G15: 0 | H15: 0 | I15: 1 | J15: 1 | K15: 0 | L15: 0 | M15: 105 | N15: 0 | O15: =SUM(C15:L15,N15) -> 173 | P15: =SUM(C15:N15) -> 278 | R15: 1200-1300 | S15: =SUM(C30:C33) -> 195 | T15: =SUM(D30:D33) -> 36 | U15: =SUM(E30:E33) -> 24 | V15: =SUM(F30:F33) -> 44 | W15: =SUM(G30:G33) -> 0 | X15: =SUM(H30:H33) -> 0 | Y15: =SUM(I30:I33) -> 20 | Z15: =SUM(J30:J33) -> 6 | ... AF15: =SUM(P30:P33) -> 652
B16: 08.30 - 08.45 | C16: 92 | D16: 6 | E16: 5 | F16: 36 | G16: 0 | H16: 1 | I16: 5 | J16: 2 | K16: 0 | L16: 0 | M16: 166 | N16: 0 | O16: =SUM(C16:L16,N16) -> 147 | P16: =SUM(C16:N16) -> 313 | R16: 1300-1400 | S16: =SUM(C34:C37) -> 171 | T16: =SUM(D34:D37) -> 32 | U16: =SUM(E34:E37) -> 16 | V16: =SUM(F34:F37) -> 43 | W16: =SUM(G34:G37) -> 0 | X16: =SUM(H34:H37) -> 0 | Y16: =SUM(I34:I37) -> 17 | Z16: =SUM(J34:J37) -> 5 | ... AF16: =SUM(P34:P37) -> 554
B17: 08.45 - 9.00 | C17: 80 | D17: 12 | E17: 10 | F17: 25 | G17: 2 | H17: 0 | I17: 5 | J17: 0 | K17: 0 | L17: 0 | M17: 180 | N17: 0 | O17: =SUM(C17:L17,N17) -> 134 | P17: =SUM(C17:N17) -> 314 | R17: 1400-1500 | S17: =SUM(C38:C41) -> 151 | T17: =SUM(D38:D41) -> 30 | U17: =SUM(E38:E41) -> 20 | V17: =SUM(F38:F41) -> 28 | W17: =SUM(G38:G41) -> 0 | X17: =SUM(H38:H41) -> 0 | Y17: =SUM(I38:I41) -> 10 | Z17: =SUM(J38:J41) -> 7 | ... AF17: =SUM(P38:P41) -> 566
B18: 09.00 - 09.15 | C18: 78 | D18: 15 | E18: 9 | F18: 23 | G18: 1 | H18: 0 | I18: 0 | J18: 2 | K18: 0 | L18: 0 | M18: 117 | N18: 0 | O18: =SUM(C18:L18,N18) -> 128 | P18: =SUM(C18:N18) -> 245 | R18: 1500-1600 | S18: =SUM(C42:C45) -> 177 | T18: =SUM(D42:D45) -> 25 | U18: =SUM(E42:E45) -> 18 | V18: =SUM(F42:F45) -> 44 | W18: =SUM(G42:G45) -> 2 | X18: =SUM(H42:H45) -> 1 | Y18: =SUM(I42:I45) -> 22 | Z18: =SUM(J42:J45) -> 0 | ... AF18: =SUM(P42:P45) -> 605
B19: 09.15 - 09.30 | C19: 105 | D19: 17 | E19: 7 | F19: 25 | G19: 0 | H19: 0 | I19: 1 | J19: 1 | K19: 0 | L19: 0 | M19: 146 | N19: 0 | O19: =SUM(C19:L19,N19) -> 156 | P19: =SUM(C19:N19) -> 302 | R19: 1600-1700 | S19: =SUM(C46:C49) -> 163 | T19: =SUM(D46:D49) -> 38 | U19: =SUM(E46:E49) -> 25 | V19: =SUM(F46:F49) -> 47 | W19: =SUM(G46:G49) -> 0 | X19: =SUM(H46:H49) -> 1 | Y19: =SUM(I46:I49) -> 8 | Z19: =SUM(J46:J49) -> 5 | ... AF19: =SUM(P46:P49) -> 685
B20: 09.30 - 09.45 | C20: 111 | D20: 11 | E20: 8 | F20: 30 | G20: 1 | H20: 0 | I20: 5 | J20: 0 | K20: 0 | L20: 0 | M20: 145 | N20: 0 | O20: =SUM(C20:L20,N20) -> 166 | P20: =SUM(C20:N20) -> 311 | R20: 1700-1800 | S20: =SUM(C50:C53) -> 174 | T20: =SUM(D50:D53) -> 38 | U20: =SUM(E50:E53) -> 32 | V20: =SUM(F50:F53) -> 45 | W20: =SUM(G50:G53) -> 2 | X20: =SUM(H50:H53) -> 0 | Y20: =SUM(I50:I53) -> 12 | Z20: =SUM(J50:J53) -> 4 | ... AF20: =SUM(P50:P53) -> 912
B21: 09.45 - 10.00 | C21: 82 | D21: 13 | E21: 16 | F21: 22 | G21: 0 | H21: 0 | I21: 2 | J21: 0 | K21: 0 | L21: 0 | M21: 120 | N21: 0 | O21: =SUM(C21:L21,N21) -> 135 | P21: =SUM(C21:N21) -> 255 | R21: 1800-1900 | S21: =SUM(C54:C57) -> 120 | T21: =SUM(D54:D57) -> 29 | U21: =SUM(E54:E57) -> 16 | V21: =SUM(F54:F57) -> 27 | W21: =SUM(G54:G57) -> 0 | X21: =SUM(H54:H57) -> 1 | Y21: =SUM(I54:I57) -> 8 | Z21: =SUM(J54:J57) -> 1 | ... AF21: =SUM(P54:P57) -> 662
B22: 10.00 - 10.15 | C22: 77 | D22: 21 | E22: 5 | F22: 24 | G22: 0 | H22: 0 | I22: 2 | J22: 0 | K22: 0 | L22: 0 | M22: 103 | N22: 0 | O22: =SUM(C22:L22,N22) -> 129 | P22: =SUM(C22:N22) -> 232 | R22: AM Peak Hr | S22: =MAX(S10:S12) -> 376 | T22: =MAX(T10:T12) -> 56 | U22: =MAX(U10:U12) -> 40 | V22: =MAX(V10:V12) -> 108 | W22: =MAX(W10:W12) -> 2 | X22: =MAX(X10:X12) -> 1 | Y22: =MAX(Y10:Y12) -> 11 | Z22: =MAX(Z10:Z12) -> 3 | ... AF22: =MAX(AF10:AF12) -> 1113
B23: 10.15 - 10.30 | C23: 59 | D23: 9 | E23: 8 | F23: 9 | G23: 0 | H23: 0 | I23: 8 | J23: 0 | K23: 0 | L23: 0 | M23: 72 | N23: 0 | O23: =SUM(C23:L23,N23) -> 93 | P23: =SUM(C23:N23) -> 165 | R23: IP Peak Hr | S23: =MAX(S13:S18) -> 288 | T23: =MAX(T13:T18) -> 59 | U23: =MAX(U13:U18) -> 28 | V23: =MAX(V13:V18) -> 62 | W23: =MAX(W13:W18) -> 2 | X23: =MAX(X13:X18) -> 2 | Y23: =MAX(Y13:Y18) -> 23 | Z23: =MAX(Z13:Z18) -> 7 | ... AF23: =MAX(AF13:AF18) -> 765
B24: 10.30 - 10.45 | C24: 72 | D24: 13 | E24: 11 | F24: 17 | G24: 0 | H24: 0 | I24: 3 | J24: 1 | K24: 0 | L24: 0 | M24: 55 | N24: 0 | O24: =SUM(C24:L24,N24) -> 117 | P24: =SUM(C24:N24) -> 172 | R24: PM Peak Hr | S24: =MAX(S19:S21) -> 174 | T24: =MAX(T19:T21) -> 38 | U24: =MAX(U19:U21) -> 32 | V24: =MAX(V19:V21) -> 47 | W24: =MAX(W19:W21) -> 2 | X24: =MAX(X19:X21) -> 1 | Y24: =MAX(Y19:Y21) -> 12 | Z24: =MAX(Z19:Z21) -> 5 | ... AF24: =MAX(AF19:AF21) -> 912
B25: 10.45 - 11.00 | C25: 80 | D25: 5 | E25: 4 | F25: 12 | G25: 0 | H25: 0 | I25: 6 | J25: 0 | K25: 0 | L25: 0 | M25: 89 | N25: 0 | O25: =SUM(C25:L25,N25) -> 107 | P25: =SUM(C25:N25) -> 196 | R25: AM Period | S25: =SUM(S10:S12) -> 668 | T25: =SUM(T10:T12) -> 101 | U25: =SUM(U10:U12) -> 72 | V25: =SUM(V10:V12) -> 208 | W25: =SUM(W10:W12) -> 4 | X25: =SUM(X10:X12) -> 1 | Y25: =SUM(Y10:Y12) -> 19 | Z25: =SUM(Z10:Z12) -> 6 | ... AF25: =SUM(AF10:AF12) -> 2083
B26: 11.00 - 11.15 | C26: 75 | D26: 20 | E26: 9 | F26: 13 | G26: 0 | H26: 1 | I26: 7 | J26: 0 | K26: 0 | L26: 0 | M26: 97 | N26: 0 | O26: =SUM(C26:L26,N26) -> 125 | P26: =SUM(C26:N26) -> 222 | R26: IP Period | S26: =SUM(S13:S18) -> 1238 | T26: =SUM(T13:T18) -> 230 | U26: =SUM(U13:U18) -> 134 | V26: =SUM(V13:V18) -> 262 | W26: =SUM(W13:W18) -> 2 | X26: =SUM(X13:X18) -> 3 | Y26: =SUM(Y13:Y18) -> 111 | Z26: =SUM(Z13:Z18) -> 20 | ... AF26: =SUM(AF13:AF18) -> 3879
B27: 11.15 - 11.30 | C27: 77 | D27: 14 | E27: 9 | F27: 7 | G27: 0 | H27: 1 | I27: 5 | J27: 1 | K27: 0 | L27: 0 | M27: 95 | N27: 0 | O27: =SUM(C27:L27,N27) -> 114 | P27: =SUM(C27:N27) -> 209 | R27: PM Period | S27: =SUM(S19:S21) -> 457 | T27: =SUM(T19:T21) -> 105 | U27: =SUM(U19:U21) -> 73 | V27: =SUM(V19:V21) -> 119 | W27: =SUM(W19:W21) -> 2 | X27: =SUM(X19:X21) -> 2 | Y27: =SUM(Y19:Y21) -> 28 | Z27: =SUM(Z19:Z21) -> 10 | ... AF27: =SUM(AF19:AF21) -> 2259
B28: 11.30 - 11.45 | C28: 63 | D28: 13 | E28: 7 | F28: 12 | G28: 0 | H28: 0 | I28: 5 | J28: 0 | K28: 0 | L28: 0 | M28: 81 | N28: 0 | O28: =SUM(C28:L28,N28) -> 100 | P28: =SUM(C28:N28) -> 181 | R28: 12 Hours | S28: =SUM(S10:S21) -> 2363 | T28: =SUM(T10:T21) -> 436 | U28: =SUM(U10:U21) -> 279 | V28: =SUM(V10:V21) -> 589 | W28: =SUM(W10:W21) -> 8 | X28: =SUM(X10:X21) -> 6 | Y28: =SUM(Y10:Y21) -> 158 | Z28: =SUM(Z10:Z21) -> 36 | ... AF28: =SUM(AF10:AF21) -> 8221
B29: 11.45 - 12.00 | C29: 41 | D29: 12 | E29: 3 | F29: 9 | G29: 0 | H29: 0 | I29: 6 | J29: 0 | K29: 0 | L29: 0 | M29: 54 | N29: 0 | O29: =SUM(C29:L29,N29) -> 71 | P29: =SUM(C29:N29) -> 125
B30: 12.00 - 12.15 | C30: 66 | D30: 11 | E30: 5 | F30: 12 | G30: 0 | H30: 0 | I30: 8 | J30: 3 | K30: 0 | L30: 0 | M30: 87 | N30: 0 | O30: =SUM(C30:L30,N30) -> 105 | P30: =SUM(C30:N30) -> 192
B31: 12.15 - 12.30 | C31: 49 | D31: 9 | E31: 4 | F31: 10 | G31: 0 | H31: 0 | I31: 5 | J31: 0 | K31: 0 | L31: 0 | M31: 74 | N31: 0 | O31: =SUM(C31:L31,N31) -> 77 | P31: =SUM(C31:N31) -> 151
B32: 12.30 - 12.45 | C32: 37 | D32: 6 | E32: 10 | F32: 15 | G32: 0 | H32: 0 | I32: 5 | J32: 2 | K32: 0 | L32: 0 | M32: 100 | N32: 0 | O32: =SUM(C32:L32,N32) -> 75 | P32: =SUM(C32:N32) -> 175
B33: 12.45 - 13.00 | C33: 43 | D33: 10 | E33: 5 | F33: 7 | G33: 0 | H33: 0 | I33: 2 | J33: 1 | K33: 0 | L33: 0 | M33: 66 | N33: 0 | O33: =SUM(C33:L33,N33) -> 68 | P33: =SUM(C33:N33) -> 134
B34: 13.00 - 13.15 | C34: 48 | D34: 8 | E34: 6 | F34: 7 | G34: 0 | H34: 0 | I34: 5 | J34: 2 | K34: 0 | L34: 0 | M34: 72 | N34: 0 | O34: =SUM(C34:L34,N34) -> 76 | P34: =SUM(C34:N34) -> 148
B35: 13.15 - 13.30 | C35: 41 | D35: 11 | E35: 5 | F35: 7 | G35: 0 | H35: 0 | I35: 3 | J35: 0 | K35: 0 | L35: 0 | M35: 65 | N35: 0 | O35: =SUM(C35:L35,N35) -> 67 | P35: =SUM(C35:N35) -> 132
B36: 13.30 - 13.45 | C36: 42 | D36: 8 | E36: 3 | F36: 14 | G36: 0 | H36: 0 | I36: 5 | J36: 2 | K36: 0 | L36: 0 | M36: 63 | N36: 0 | O36: =SUM(C36:L36,N36) -> 74 | P36: =SUM(C36:N36) -> 137
B37: 13.45 - 14.00 | C37: 40 | D37: 5 | E37: 2 | F37: 15 | G37: 0 | H37: 0 | I37: 4 | J37: 1 | K37: 0 | L37: 0 | M37: 70 | N37: 0 | O37: =SUM(C37:L37,N37) -> 67 | P37: =SUM(C37:N37) -> 137
B38: 14.00 - 14.15 | C38: 32 | D38: 6 | E38: 3 | F38: 6 | G38: 0 | H38: 0 | I38: 1 | J38: 1 | K38: 0 | L38: 0 | M38: 75 | N38: 0 | O38: =SUM(C38:L38,N38) -> 49 | P38: =SUM(C38:N38) -> 124
B39: 14.15 - 14.30 | C39: 41 | D39: 6 | E39: 3 | F39: 8 | G39: 0 | H39: 0 | I39: 3 | J39: 3 | K39: 0 | L39: 0 | M39: 79 | N39: 0 | O39: =SUM(C39:L39,N39) -> 64 | P39: =SUM(C39:N39) -> 143
B40: 14.30 - 14.45 | C40: 40 | D40: 8 | E40: 4 | F40: 7 | G40: 0 | H40: 0 | I40: 4 | J40: 3 | K40: 0 | L40: 0 | M40: 86 | N40: 0 | O40: =SUM(C40:L40,N40) -> 66 | P40: =SUM(C40:N40) -> 152
... B57: 18.45 - 19.00 | C57: 22 | D57: 5 | E57: 7 | F57: 5 | G57: 0 | H57: 0 | I57: 2 | J57: 0 | K57: 0 | L57: 0 | M57: 175 | N57: 0 | O57: =SUM(C57:L57,N57) -> 41 | P57: =SUM(C57:N57) -> 216
B58: Totals | C58: =SUM(C10:C57) -> 2363 | D58: =SUM(D10:D57) -> 436 | E58: =SUM(E10:E57) -> 279 | F58: =SUM(F10:F57) -> 589 | G58: =SUM(G10:G57) -> 8 | H58: =SUM(H10:H57) -> 6 | I58: =SUM(I10:I57) -> 158 | J58: =SUM(J10:J57) -> 36 | ... P58: =SUM(P10:P57) -> 8221
B59: %ges + MCs | C59: =C58/$P$58 -> 0.28743462 | D59: =D58/$P$58 -> 0.053034911 | E59: =E58/$P$58 -> 0.033937477 | F59: =F58/$P$58 -> 0.071645785 | G59: =G58/$P$58 -> 0.00097311763 | H59: =H58/$P$58 -> 0.00072983822 | I59: =I58/$P$58 -> 0.019219073 | J59: =J58/$P$58 -> 0.0043790293 | ... N59: =N58/$P$58 -> 0
B60: %ges w/o MCs | C60: =C58/$O$58 -> 0.60980645 | D60: =D58/$O$58 -> 0.11251613 | E60: =E58/$O$58 -> 0.072 | F60: =F58/$O$58 -> 0.152 | G60: =G58/$O$58 -> 0.0020645161 | H60: =H58/$O$58 -> 0.0015483871 | I60: =I58/$O$58 -> 0.040774194 | J60: =J58/$O$58 -> 0.0092903226 | ... L60: =L58/$O$58 -> 0 | N60: =N58/$O$58 -> 0

Sheet 29.07 Mulago-Kyebando
B1: Consultancy services for Preparation of Expressway Development Master Plan (EDMP) for Uganda
B2: MANUAL CLASSIFIED COUNT (MCC)
B3: ROAD NAME: | C3: ='02.08 Mulago-Kyebando'!C3:G3 -> MCC - C1 - STN28 - KISINGIRI ROAD
C5: Date | D5: ='29.07 Kyebando-Mulago'!D5 -> 29.07.19 | F5: Location | G5: ='02.08 Kyebando-Mulago'!G5:H5 -> Kisingiri Street | J5: Surveyor | K5: Frank
C6: Dir. From | D6: ='02.08 Mulago-Kyebando'!D6:E6 -> Mulago | F6: Dir. To | G6: ='02.08 Mulago-Kyebando'!G6:H6 -> Kyebando | J6: Supervisor | K6: Steven
B8: Time / Veh Type | R8: SUMMARY TRAFFIC VOLUMES
C9: 1. Car | D9: 2. Station Wagon | E9: 3. Pickups | F9: 4. Minibus, matatu | G9: 5. Medium bus | H9: 6. Large Bus | I9: 7. Light Truck | J9: 8. Medium Truck | K9: 9. Heavy truck | L9: 10. Truck Trailer | M9: 11. Motor cycles | N9: 12. Tractors | O9: Total Excl M/Cycles | P9: Total All | R9: Time | S9: 1. Car | T9: 2. Station Wagon | U9: 3. Pickups | V9: 4. Minibus, matatu | W9: 5. Medium bus | X9: 6. Large Bus | Y9: 7. Light Truck | Z9: 8. Medium Truck | AA9: 9. Heavy truck | AB9: 10. Truck Trailer | AC9: 11. Motorcycles | AD9: 12. Tractors, Graders | AE9: Total Excl M/ Cycles | AF9: Total All
B10: 07.00 - 07.15 | C10: 0 | D10: 0 | E10: 0 | F10: 0 | G10: 0 | H10: 0 | I10: 0 | J10: 0 | K10: 0 | L10: 0 | M10: 0 | N10: 0 | O10: =SUM(C10:L10,N10) -> 0 | P10: =SUM(C10:N10) -> 0 | R10: 0700-0800 | S10: =SUM(C10:C13) -> 0 | T10: =SUM(D10:D13) -> 0 | U10: =SUM(E10:E13) -> 0 | V10: =SUM(F10:F13) -> 0 | W10: =SUM(G10:G13) -> 0 | X10: =SUM(H10:H13) -> 0 | Y10: =SUM(I10:I13) -> 0 | Z10: =SUM(J10:J13) -> 0 | ... AF10: =SUM(P10:P13) -> 0
B11: 07.15 - 07.30 | C11: 0 | D11: 0 | E11: 0 | F11: 0 | G11: 0 | H11: 0 | I11: 0 | J11: 0 | K11: 0 | L11: 0 | M11: 0 | N11: 0 | O11: =SUM(C11:L11,N11) -> 0 | P11: =SUM(C11:N11) -> 0 | R11: 0800-0900 | S11: =SUM(C14:C17) -> 93 | T11: =SUM(D14:D17) -> 16 | U11: =SUM(E14:E17) -> 7 | V11: =SUM(F14:F17) -> 31 | W11: =SUM(G14:G17) -> 0 | X11: =SUM(H14:H17) -> 0 | Y11: =SUM(I14:I17) -> 12 | Z11: =SUM(J14:J17) -> 0 | ... AF11: =SUM(P14:P17) -> 1054
B12: 07.30 - 07.45 | C12: 0 | D12: 0 | E12: 0 | F12: 0 | G12: 0 | H12: 0 | I12: 0 | J12: 0 | K12: 0 | L12: 0 | M12: 0 | N12: 0 | O12: =SUM(C12:L12,N12) -> 0 | P12: =SUM(C12:N12) -> 0 | R12: 0900-1000 | S12: =SUM(C18:C21) -> 116 | T12: =SUM(D18:D21) -> 15 | U12: =SUM(E18:E21) -> 18 | V12: =SUM(F18:F21) -> 64 | W12: =SUM(G18:G21) -> 2 | X12: =SUM(H18:H21) -> 0 | Y12: =SUM(I18:I21) -> 31 | Z12: =SUM(J18:J21) -> 0 | ... AF12: =SUM(P18:P21) -> 1126
B13: 07.45 - 08.00 | C13: 0 | D13: 0 | E13: 0 | F13: 0 | G13: 0 | H13: 0 | I13: 0 | J13: 0 | K13: 0 | L13: 0 | M13: 0 | N13: 0 | O13: =SUM(C13:L13,N13) -> 0 | P13: =SUM(C13:N13) -> 0 | R13: 1000-1100 | S13: =SUM(C22:C25) -> 151 | T13: =SUM(D22:D25) -> 27 | U13: =SUM(E22:E25) -> 30 | V13: =SUM(F22:F25) -> 69 | W13: =SUM(G22:G25) -> 1 | X13: =SUM(H22:H25) -> 0 | Y13: =SUM(I22:I25) -> 19 | Z13: =SUM(J22:J25) -> 3 | ... AF13: =SUM(P22:P25) -> 914
B14: 08.00 - 08.15 | C14: 15 | D14: 2 | E14: 0 | F14: 1 | G14: 0 | H14: 0 | I14: 1 | J14: 0 | K14: 0 | L14: 0 | M14: 30 | N14: 0 | O14: =SUM(C14:L14,N14) -> 19 | P14: =SUM(C14:N14) -> 49 | R14: 1100-1200 | S14: =SUM(C26:C29) -> 178 | T14: =SUM(D26:D29) -> 22 | U14: =SUM(E26:E29) -> 45 | V14: =SUM(F26:F29) -> 50 | W14: =SUM(G26:G29) -> 1 | X14: =SUM(H26:H29) -> 0 | Y14: =SUM(I26:I29) -> 24 | Z14: =SUM(J26:J29) -> 3 | ... AF14: =SUM(P26:P29) -> 815
B15: 08.15 - 08.30 | C15: 18 | D15: 4 | E15: 1 | F15: 8 | G15: 0 | H15: 0 | I15: 1 | J15: 0 | K15: 0 | L15: 0 | M15: 350 | N15: 0 | O15: =SUM(C15:L15,N15) -> 32 | P15: =SUM(C15:N15) -> 382 | R15: 1200-1300 | S15: =SUM(C30:C33) -> 180 | T15: =SUM(D30:D33) -> 35 | U15: =SUM(E30:E33) -> 31 | V15: =SUM(F30:F33) -> 55 | W15: =SUM(G30:G33) -> 1 | X15: =SUM(H30:H33) -> 0 | Y15: =SUM(I30:I33) -> 14 | Z15: =SUM(J30:J33) -> 8 | ... AF15: =SUM(P30:P33) -> 668
B16: 08.30 - 08.45 | C16: 28 | D16: 3 | E16: 4 | F16: 11 | G16: 0 | H16: 0 | I16: 3 | J16: 0 | K16: 0 | L16: 0 | M16: 345 | N16: 0 | O16: =SUM(C16:L16,N16) -> 49 | P16: =SUM(C16:N16) -> 394 | R16: 1300-1400 | S16: =SUM(C34:C37) -> 237 | T16: =SUM(D34:D37) -> 24 | U16: =SUM(E34:E37) -> 33 | V16: =SUM(F34:F37) -> 53 | W16: =SUM(G34:G37) -> 2 | X16: =SUM(H34:H37) -> 0 | Y16: =SUM(I34:I37) -> 26 | Z16: =SUM(J34:J37) -> 1 | ... AF16: =SUM(P34:P37) -> 760
B17: 08.45 - 9.00 | C17: 32 | D17: 7 | E17: 2 | F17: 11 | G17: 0 | H17: 0 | I17: 7 | J17: 0 | K17: 0 | L17: 0 | M17: 170 | N17: 0 | O17: =SUM(C17:L17,N17) -> 59 | P17: =SUM(C17:N17) -> 229 | R17: 1400-1500 | S17: =SUM(C38:C41) -> 230 | T17: =SUM(D38:D41) -> 20 | U17: =SUM(E38:E41) -> 40 | V17: =SUM(F38:F41) -> 37 | W17: =SUM(G38:G41) -> 4 | X17: =SUM(H38:H41) -> 0 | Y17: =SUM(I38:I41) -> 21 | Z17: =SUM(J38:J41) -> 2 | ... AF17: =SUM(P38:P41) -> 771
B18: 09.00 - 09.15 | C18: 16 | D18: 3 | E18: 2 | F18: 12 | G18: 0 | H18: 0 | I18: 5 | J18: 0 | K18: 0 | L18: 0 | M18: 195 | N18: 0 | O18: =SUM(C18:L18,N18) -> 38 | P18: =SUM(C18:N18) -> 233 | R18: 1500-1600 | S18: =SUM(C42:C45) -> 286 | T18: =SUM(D42:D45) -> 45 | U18: =SUM(E42:E45) -> 57 | V18: =SUM(F42:F45) -> 60 | W18: =SUM(G42:G45) -> 1 | X18: =SUM(H42:H45) -> 1 | Y18: =SUM(I42:I45) -> 22 | Z18: =SUM(J42:J45) -> 3 | ... AF18: =SUM(P42:P45) -> 964
B19: 09.15 - 09.30 | C19: 30 | D19: 3 | E19: 2 | F19: 12 | G19: 1 | H19: 0 | I19: 7 | J19: 0 | K19: 0 | L19: 0 | M19: 270 | N19: 0 | O19: =SUM(C19:L19,N19) -> 55 | P19: =SUM(C19:N19) -> 325 | R19: 1600-1700 | S19: =SUM(C46:C49) -> 494 | T19: =SUM(D46:D49) -> 64 | U19: =SUM(E46:E49) -> 62 | V19: =SUM(F46:F49) -> 87 | W19: =SUM(G46:G49) -> 3 | X19: =SUM(H46:H49) -> 0 | Y19: =SUM(I46:I49) -> 17 | Z19: =SUM(J46:J49) -> 8 | ... AF19: =SUM(P46:P49) -> 1275
B20: 09.30 - 09.45 | C20: 34 | D20: 3 | E20: 4 | F20: 18 | G20: 1 | H20: 0 | I20: 8 | J20: 0 | K20: 0 | L20: 0 | M20: 260 | N20: 0 | O20: =SUM(C20:L20,N20) -> 68 | P20: =SUM(C20:N20) -> 328 | R20: 1700-1800 | S20: =SUM(C50:C53) -> 638 | T20: =SUM(D50:D53) -> 67 | U20: =SUM(E50:E53) -> 50 | V20: =SUM(F50:F53) -> 78 | W20: =SUM(G50:G53) -> 1 | X20: =SUM(H50:H53) -> 1 | Y20: =SUM(I50:I53) -> 16 | Z20: =SUM(J50:J53) -> 4 | ... AF20: =SUM(P50:P53) -> 1495
B21: 09.45 - 10.00 | C21: 36 | D21: 6 | E21: 10 | F21: 22 | G21: 0 | H21: 0 | I21: 11 | J21: 0 | K21: 0 | L21: 0 | M21: 155 | N21: 0 | O21: =SUM(C21:L21,N21) -> 85 | P21: =SUM(C21:N21) -> 240 | R21: 1800-1900 | S21: =SUM(C54:C57) -> 314 | T21: =SUM(D54:D57) -> 34 | U21: =SUM(E54:E57) -> 25 | V21: =SUM(F54:F57) -> 55 | W21: =SUM(G54:G57) -> 4 | X21: =SUM(H54:H57) -> 0 | Y21: =SUM(I54:I57) -> 5 | Z21: =SUM(J54:J57) -> 0 | ... AF21: =SUM(P54:P57) -> 1122
B22: 10.00 - 10.15 | C22: 30 | D22: 7 | E22: 2 | F22: 14 | G22: 0 | H22: 0 | I22: 7 | J22: 0 | K22: 0 | L22: 0 | M22: 145 | N22: 0 | O22: =SUM(C22:L22,N22) -> 60 | P22: =SUM(C22:N22) -> 205 | R22: AM Peak Hr | S22: =MAX(S10:S12) -> 116 | T22: =MAX(T10:T12) -> 16 | U22: =MAX(U10:U12) -> 18 | V22: =MAX(V10:V12) -> 64 | W22: =MAX(W10:W12) -> 2 | X22: =MAX(X10:X12) -> 0 | Y22: =MAX(Y10:Y12) -> 31 | Z22: =MAX(Z10:Z12) -> 0 | ... AF22: =MAX(AF10:AF12) -> 1126
B23: 10.15 - 10.30 | C23: 38 | D23: 5 | E23: 8 | F23: 15 | G23: 1 | H23: 0 | I23: 7 | J23: 2 | K23: 0 | L23: 0 | M23: 132 | N23: 0 | O23: =SUM(C23:L23,N23) -> 76 | P23: =SUM(C23:N23) -> 208 | R23: IP Peak Hr | S23: =MAX(S13:S18) -> 286 | T23: =MAX(T13:T18) -> 45 | U23: =MAX(U13:U18) -> 57 | V23: =MAX(V13:V18) -> 69 | W23: =MAX(W13:W18) -> 4 | X23: =MAX(X13:X18) -> 1 | Y23: =MAX(Y13:Y18) -> 26 | Z23: =MAX(Z13:Z18) -> 8 | ... AF23: =MAX(AF13:AF18) -> 964
B24: 10.30 - 10.45 | C24: 41 | D24: 12 | E24: 14 | F24: 26 | G24: 0 | H24: 0 | I24: 4 | J24: 1 | K24: 0 | L24: 0 | M24: 215 | N24: 0 | O24: =SUM(C24:L24,N24) -> 98 | P24: =SUM(C24:N24) -> 313 | R24: PM Peak Hr | S24: =MAX(S19:S21) -> 638 | T24: =MAX(T19:T21) -> 67 | U24: =MAX(U19:U21) -> 62 | V24: =MAX(V19:V21) -> 87 | W24: =MAX(W19:W21) -> 4 | X24: =MAX(X19:X21) -> 1 | Y24: =MAX(Y19:Y21) -> 17 | Z24: =MAX(Z19:Z21) -> 8 | ... AF24: =MAX(AF19:AF21) -> 1495
B25: 10.45 - 11.00 | C25: 42 | D25: 3 | E25: 6 | F25: 14 | G25: 0 | H25: 0 | I25: 1 | J25: 0 | K25: 0 | L25: 0 | M25: 122 | N25: 0 | O25: =SUM(C25:L25,N25) -> 66 | P25: =SUM(C25:N25) -> 188 | R25: AM Period | S25: =SUM(S10:S12) -> 209 | T25: =SUM(T10:T12) -> 31 | U25: =SUM(U10:U12) -> 25 | V25: =SUM(V10:V12) -> 95 | W25: =SUM(W10:W12) -> 2 | X25: =SUM(X10:X12) -> 0 | Y25: =SUM(Y10:Y12) -> 43 | Z25: =SUM(Z10:Z12) -> 0 | ... AF25: =SUM(AF10:AF12) -> 2180
B26: 11.00 - 11.15 | C26: 40 | D26: 4 | E26: 11 | F26: 14 | G26: 0 | H26: 0 | I26: 5 | J26: 1 | K26: 0 | L26: 0 | M26: 141 | N26: 0 | O26: =SUM(C26:L26,N26) -> 75 | P26: =SUM(C26:N26) -> 216 | R26: IP Period | S26: =SUM(S13:S18) -> 1262 | T26: =SUM(T13:T18) -> 173 | U26: =SUM(U13:U18) -> 236 | V26: =SUM(V13:V18) -> 324 | W26: =SUM(W13:W18) -> 10 | X26: =SUM(X13:X18) -> 1 | Y26: =SUM(Y13:Y18) -> 126 | Z26: =SUM(Z13:Z18) -> 20 | ... AF26: =SUM(AF13:AF18) -> 4892
B27: 11.15 - 11.30 | C27: 53 | D27: 9 | E27: 10 | F27: 18 | G27: 0 | H27: 0 | I27: 12 | J27: 1 | K27: 0 | L27: 0 | M27: 120 | N27: 0 | O27: =SUM(C27:L27,N27) -> 103 | P27: =SUM(C27:N27) -> 223 | R27: PM Period | S27: =SUM(S19:S21) -> 1446 | T27: =SUM(T19:T21) -> 165 | U27: =SUM(U19:U21) -> 137 | V27: =SUM(V19:V21) -> 220 | W27: =SUM(W19:W21) -> 8 | X27: =SUM(X19:X21) -> 1 | Y27: =SUM(Y19:Y21) -> 38 | Z27: =SUM(Z19:Z21) -> 12 | ... AF27: =SUM(AF19:AF21) -> 3892
B28: 11.30 - 11.45 | C28: 47 | D28: 2 | E28: 12 | F28: 12 | G28: 1 | H28: 0 | I28: 4 | J28: 0 | K28: 0 | L28: 0 | M28: 100 | N28: 0 | O28: =SUM(C28:L28,N28) -> 78 | P28: =SUM(C28:N28) -> 178 | R28: 12 Hours | S28: =SUM(S10:S21) -> 2917 | T28: =SUM(T10:T21) -> 369 | U28: =SUM(U10:U21) -> 398 | V28: =SUM(V10:V21) -> 639 | W28: =SUM(W10:W21) -> 20 | X28: =SUM(X10:X21) -> 2 | Y28: =SUM(Y10:Y21) -> 207 | Z28: =SUM(Z10:Z21) -> 32 | ... AF28: =SUM(AF10:AF21) -> 10964
B29: 11.45 - 12.00 | C29: 38 | D29: 7 | E29: 12 | F29: 6 | G29: 0 | H29: 0 | I29: 3 | J29: 1 | K29: 0 | L29: 0 | M29: 131 | N29: 0 | O29: =SUM(C29:L29,N29) -> 67 | P29: =SUM(C29:N29) -> 198
B30: 12.00 - 12.15 | C30: 29 | D30: 6 | E30: 3 | F30: 10 | G30: 0 | H30: 0 | I30: 8 | J30: 3 | K30: 0 | L30: 0 | M30: 65 | N30: 0 | O30: =SUM(C30:L30,N30) -> 59 | P30: =SUM(C30:N30) -> 124
B31: 12.15 - 12.30 | C31: 47 | D31: 5 | E31: 12 | F31: 17 | G31: 0 | H31: 0 | I31: 0 | J31: 1 | K31: 0 | L31: 0 | M31: 70 | N31: 0 | O31: =SUM(C31:L31,N31) -> 82 | P31: =SUM(C31:N31) -> 152
B32: 12.30 - 12.45 | C32: 48 | D32: 11 | E32: 9 | F32: 12 | G32: 1 | H32: 0 | I32: 3 | J32: 1 | K32: 0 | L32: 0 | M32: 115 | N32: 0 | O32: =SUM(C32:L32,N32) -> 85 | P32: =SUM(C32:N32) -> 200
B33: 12.45 - 13.00 | C33: 56 | D33: 13 | E33: 7 | F33: 16 | G33: 0 | H33: 0 | I33: 3 | J33: 3 | K33: 0 | L33: 0 | M33: 94 | N33: 0 | O33: =SUM(C33:L33,N33) -> 98 | P33: =SUM(C33:N33) -> 192
B34: 13.00 - 13.15 | C34: 57 | D34: 7 | E34: 3 | F34: 9 | G34: 2 | H34: 0 | I34: 3 | J34: 0 | K34: 0 | L34: 0 | M34: 97 | N34: 0 | O34: =SUM(C34:L34,N34) -> 81 | P34: =SUM(C34:N34) -> 178
B35: 13.15 - 13.30 | C35: 64 | D35: 6 | E35: 11 | F35: 20 | G35: 0 | H35: 0 | I35: 6 | J35: 1 | K35: 0 | L35: 0 | M35: 122 | N35: 0 | O35: =SUM(C35:L35,N35) -> 108 | P35: =SUM(C35:N35) -> 230
B36: 13.30 - 13.45 | C36: 75 | D36: 6 | E36: 13 | F36: 10 | G36: 0 | H36: 0 | I36: 14 | J36: 0 | K36: 0 | L36: 0 | M36: 90 | N36: 0 | O36: =SUM(C36:L36,N36) -> 118 | P36: =SUM(C36:N36) -> 208
B37: 13.45 - 14.00 | C37: 41 | D37: 5 | E37: 6 | F37: 14 | G37: 0 | H37: 0 | I37: 3 | J37: 0 | K37: 0 | L37: 0 | M37: 75 | N37: 0 | O37: =SUM(C37:L37,N37) -> 69 | P37: =SUM(C37:N37) -> 144
B38: 14.00 - 14.15 | C38: 60 | D38: 8 | E38: 13 | F38: 7 | G38: 1 | H38: 0 | I38: 7 | J38: 1 | K38: 1 | L38: 0 | M38: 120 | N38: 0 | O38: =SUM(C38:L38,N38) -> 98 | P38: =SUM(C38:N38) -> 218
B39: 14.15 - 14.30 | C39: 41 | D39: 4 | E39: 6 | F39: 12 | G39: 2 | H39: 0 | I39: 2 | J39: 0 | K39: 0 | L39: 0 | M39: 110 | N39: 0 | O39: =SUM(C39:L39,N39) -> 67 | P39: =SUM(C39:N39) -> 177
B40: 14.30 - 14.45 | C40: 76 | D40: 5 | E40: 14 | F40: 7 | G40: 1 | H40: 0 | I40: 10 | J40: 1 | K40: 1 | L40: 0 | M40: 115 | N40: 0 | O40: =SUM(C40:L40,N40) -> 115 | P40: =SUM(C40:N40) -> 230
... B57: 18.45 - 19.00 | C57: 65 | D57: 4 | E57: 0 | F57: 8 | G57: 1 | H57: 0 | I57: 0 | J57: 0 | K57: 0 | L57: 0 | M57: 125 | N57: 0 | O57: =SUM(C57:L57,N57) -> 78 | P57: =SUM(C57:N57) -> 203
B58: Totals | C58: =SUM(C10:C57) -> 2917 | D58: =SUM(D10:D57) -> 369 | E58: =SUM(E10:E57) -> 398 | F58: =SUM(F10:F57) -> 639 | G58: =SUM(G10:G57) -> 20 | H58: =SUM(H10:H57) -> 2 | I58: =SUM(I10:I57) -> 207 | J58: =SUM(J10:J57) -> 32 | ... P58: =SUM(P10:P57) -> 10964
B59: %ges + MCs | C59: =C58/$P$58 -> 0.26605254 | D59: =D58/$P$58 -> 0.0336556 | E59: =E58/$P$58 -> 0.03630062 | F59: =F58/$P$58 -> 0.058281649 | G59: =G58/$P$58 -> 0.0018241518 | H59: =H58/$P$58 -> 0.00018241518 | I59: =I58/$P$58 -> 0.018879971 | J59: =J58/$P$58 -> 0.0029186428 | ... N59: =N58/$P$58 -> 0
B60: %ges w/o MCs | C60: =C58/$O$58 -> 0.63565047 | D60: =D58/$O$58 -> 0.080409675 | E60: =E58/$O$58 -> 0.086729135 | F60: =F58/$O$58 -> 0.13924602 | G60: =G58/$O$58 -> 0.004358248 | H60: =H58/$O$58 -> 0.0004358248 | I60: =I58/$O$58 -> 0.045107867 | J60: =J58/$O$58 -> 0.0069731968 | ... L60: =L58/$O$58 -> 0 | N60: =N58/$O$58 -> 0

Sheet 30.07 -Kyebando-Mulago
B1: Consultancy services for Preparation of Expressway Development Master Plan (EDMP) for Uganda
B2: MANUAL CLASSIFIED COUNT (MCC)
B3: ROAD NAME: | C3: ='02.08 Kyebando-Mulago'!C3:G3 -> MCC - C1 - STN28 - KISINGIRI ROAD
C5: Date | D5: 30.07.19 | F5: Location | G5: ='02.08 Kyebando-Mulago'!G5:H5 -> Kisingiri Street | J5: Surveyor | K5: ='02.08 Kyebando-Mulago'!K5:L5 -> Nabayunga Rashida
C6: Dir. From | D6: ='02.08 Kyebando-Mulago'!D6:E6 -> Kyebando | F6: Dir. To | G6: ='02.08 Kyebando-Mulago'!G6:H6 -> Mulago | J6: Supervisor | K6: Steven
B8: Time / Veh Type | R8: SUMMARY TRAFFIC VOLUMES
C9: 1. Car | D9: 2. Station Wagon | E9: 3. Pickups | F9: 4. Minibus, matatu | G9: 5. Medium bus | H9: 6. Large Bus | I9: 7. Light Truck | J9: 8. Medium Truck | K9: 9. Heavy truck | L9: 10. Truck Trailer | M9: 11. Motor cycles | N9: 12. Tractors | O9: Total Excl M/Cycles | P9: Total All | R9: Time | S9: 1. Car | T9: 2. Station Wagon | U9: 3. Pickups | V9: 4. Minibus, matatu | W9: 5. Medium bus | X9: 6. Large Bus | Y9: 7. Light Truck | Z9: 8. Medium Truck | AA9: 9. Heavy truck | AB9: 10. Truck Trailer | AC9: 11. Motorcycles | AD9: 12. Tractors, Graders | AE9: Total Excl M/ Cycles | AF9: Total All
B10: 07.00 - 07.15 | C10: 215 | D10: 26 | E10: 21 | F10: 69 | G10: 0 | H10: 0 | I10: 4 | J10: 1 | K10: 0 | L10: 0 | M10: 100 | N10: 0 | O10: =SUM(C10:L10,N10) -> 336 | P10: =SUM(C10:N10) -> 436 | R10: 0700-0800 | S10: =SUM(C10:C13) -> 831 | T10: =SUM(D10:D13) -> 81 | U10: =SUM(E10:E13) -> 59 | V10: =SUM(F10:F13) -> 249 | W10: =SUM(G10:G13) -> 1 | X10: =SUM(H10:H13) -> 0 | Y10: =SUM(I10:I13) -> 7 | Z10: =SUM(J10:J13) -> 1 | ... AF10: =SUM(P10:P13) -> 1868
B11: 07.15 - 07.30 | C11: 235 | D11: 18 | E11: 11 | F11: 66 | G11: 1 | H11: 0 | I11: 1 | J11: 0 | K11: 0 | L11: 0 | M11: 115 | N11: 0 | O11: =SUM(C11:L11,N11) -> 332 | P11: =SUM(C11:N11) -> 447 | R11: 0800-0900 | S11: =SUM(C14:C17) -> 516 | T11: =SUM(D14:D17) -> 74 | U11: =SUM(E14:E17) -> 50 | V11: =SUM(F14:F17) -> 198 | W11: =SUM(G14:G17) -> 0 | X11: =SUM(H14:H17) -> 0 | Y11: =SUM(I14:I17) -> 15 | Z11: =SUM(J14:J17) -> 4 | ... AF11: =SUM(P14:P17) -> 1684
B12: 07.30 - 07.45 | C12: 251 | D12: 22 | E12: 17 | F12: 81 | G12: 0 | H12: 0 | I12: 0 | J12: 0 | K12: 0 | L12: 0 | M12: 285 | N12: 0 | O12: =SUM(C12:L12,N12) -> 371 | P12: =SUM(C12:N12) -> 656 | R12: 0900-1000 | S12: =SUM(C18:C21) -> 378 | T12: =SUM(D18:D21) -> 70 | U12: =SUM(E18:E21) -> 46 | V12: =SUM(F18:F21) -> 92 | W12: =SUM(G18:G21) -> 0 | X12: =SUM(H18:H21) -> 0 | Y12: =SUM(I18:I21) -> 22 | Z12: =SUM(J18:J21) -> 3 | ... AF12: =SUM(P18:P21) -> 1272
B13: 07.45 - 08.00 | C13: 130 | D13: 15 | E13: 10 | F13: 33 | G13: 0 | H13: 0 | I13: 2 | J13: 0 | K13: 0 | L13: 0 | M13: 139 | N13: 0 | O13: =SUM(C13:L13,N13) -> 190 | P13: =SUM(C13:N13) -> 329 | R13: 1000-1100 | S13: =SUM(C22:C25) -> 316 | T13: =SUM(D22:D25) -> 73 | U13: =SUM(E22:E25) -> 44 | V13: =SUM(F22:F25) -> 61 | W13: =SUM(G22:G25) -> 1 | X13: =SUM(H22:H25) -> 0 | Y13: =SUM(I22:I25) -> 14 | Z13: =SUM(J22:J25) -> 5 | ... AF13: =SUM(P22:P25) -> 1010
B14: 08.00 - 08.15 | C14: 172 | D14: 30 | E14: 21 | F14: 58 | G14: 0 | H14: 0 | I14: 4 | J14: 0 | K14: 0 | L14: 0 | M14: 170 | N14: 0 | O14: =SUM(C14:L14,N14) -> 285 | P14: =SUM(C14:N14) -> 455 | R14: 1100-1200 | S14: =SUM(C26:C29) -> 215 | T14: =SUM(D26:D29) -> 47 | U14: =SUM(E26:E29) -> 15 | V14: =SUM(F26:F29) -> 44 | W14: =SUM(G26:G29) -> 0 | X14: =SUM(H26:H29) -> 0 | Y14: =SUM(I26:I29) -> 17 | Z14: =SUM(J26:J29) -> 3 | ... AF14: =SUM(P26:P29) -> 706
B15: 08.15 - 08.30 | C15: 111 | D15: 21 | E15: 4 | F15: 61 | G15: 0 | H15: 0 | I15: 2 | J15: 1 | K15: 0 | L15: 0 | M15: 240 | N15: 0 | O15: =SUM(C15:L15,N15) -> 200 | P15: =SUM(C15:N15) -> 440 | R15: 1200-1300 | S15: =SUM(C30:C33) -> 203 | T15: =SUM(D30:D33) -> 42 | U15: =SUM(E30:E33) -> 33 | V15: =SUM(F30:F33) -> 32 | W15: =SUM(G30:G33) -> 0 | X15: =SUM(H30:H33) -> 0 | Y15: =SUM(I30:I33) -> 11 | Z15: =SUM(J30:J33) -> 7 | ... AF15: =SUM(P30:P33) -> 651
B16: 08.30 - 08.45 | C16: 130 | D16: 5 | E16: 9 | F16: 52 | G16: 0 | H16: 0 | I16: 6 | J16: 1 | K16: 0 | L16: 0 | M16: 242 | N16: 0 | O16: =SUM(C16:L16,N16) -> 203 | P16: =SUM(C16:N16) -> 445 | R16: 1300-1400 | S16: =SUM(C34:C37) -> 188 | T16: =SUM(D34:D37) -> 32 | U16: =SUM(E34:E37) -> 25 | V16: =SUM(F34:F37) -> 38 | W16: =SUM(G34:G37) -> 0 | X16: =SUM(H34:H37) -> 0 | Y16: =SUM(I34:I37) -> 14 | Z16: =SUM(J34:J37) -> 6 | ... AF16: =SUM(P34:P37) -> 555
B17: 08.45 - 9.00 | C17: 103 | D17: 18 | E17: 16 | F17: 27 | G17: 0 | H17: 0 | I17: 3 | J17: 2 | K17: 0 | L17: 0 | M17: 175 | N17: 0 | O17: =SUM(C17:L17,N17) -> 169 | P17: =SUM(C17:N17) -> 344 | R17: 1400-1500 | S17: =SUM(C38:C41) -> 137 | T17: =SUM(D38:D41) -> 22 | U17: =SUM(E38:E41) -> 17 | V17: =SUM(F38:F41) -> 38 | W17: =SUM(G38:G41) -> 1 | X17: =SUM(H38:H41) -> 0 | Y17: =SUM(I38:I41) -> 10 | Z17: =SUM(J38:J41) -> 3 | ... AF17: =SUM(P38:P41) -> 559
B18: 09.00 - 09.15 | C18: 121 | D18: 19 | E18: 11 | F18: 32 | G18: 0 | H18: 0 | I18: 4 | J18: 2 | K18: 0 | L18: 0 | M18: 205 | N18: 0 | O18: =SUM(C18:L18,N18) -> 189 | P18: =SUM(C18:N18) -> 394 | R18: 1500-1600 | S18: =SUM(C42:C45) -> 157 | T18: =SUM(D42:D45) -> 31 | U18: =SUM(E42:E45) -> 30 | V18: =SUM(F42:F45) -> 41 | W18: =SUM(G42:G45) -> 1 | X18: =SUM(H42:H45) -> 0 | Y18: =SUM(I42:I45) -> 13 | Z18: =SUM(J42:J45) -> 1 | ... AF18: =SUM(P42:P45) -> 598
B19: 09.15 - 09.30 | C19: 74 | D19: 25 | E19: 12 | F19: 21 | G19: 0 | H19: 0 | I19: 7 | J19: 0 | K19: 0 | L19: 0 | M19: 126 | N19: 0 | O19: =SUM(C19:L19,N19) -> 139 | P19: =SUM(C19:N19) -> 265 | R19: 1600-1700 | S19: =SUM(C46:C49) -> 182 | T19: =SUM(D46:D49) -> 43 | U19: =SUM(E46:E49) -> 26 | V19: =SUM(F46:F49) -> 33 | W19: =SUM(G46:G49) -> 1 | X19: =SUM(H46:H49) -> 0 | Y19: =SUM(I46:I49) -> 10 | Z19: =SUM(J46:J49) -> 0 | ... AF19: =SUM(P46:P49) -> 640
B20: 09.30 - 09.45 | C20: 108 | D20: 19 | E20: 11 | F20: 21 | G20: 0 | H20: 0 | I20: 5 | J20: 1 | K20: 0 | L20: 0 | M20: 175 | N20: 0 | O20: =SUM(C20:L20,N20) -> 165 | P20: =SUM(C20:N20) -> 340 | R20: 1700-1800 | S20: =SUM(C50:C53) -> 156 | T20: =SUM(D50:D53) -> 29 | U20: =SUM(E50:E53) -> 26 | V20: =SUM(F50:F53) -> 37 | W20: =SUM(G50:G53) -> 2 | X20: =SUM(H50:H53) -> 0 | Y20: =SUM(I50:I53) -> 17 | Z20: =SUM(J50:J53) -> 1 | ... AF20: =SUM(P50:P53) -> 747
B21: 09.45 - 10.00 | C21: 75 | D21: 7 | E21: 12 | F21: 18 | G21: 0 | H21: 0 | I21: 6 | J21: 0 | K21: 0 | L21: 0 | M21: 155 | N21: 0 | O21: =SUM(C21:L21,N21) -> 118 | P21: =SUM(C21:N21) -> 273 | R21: 1800-1900 | S21: =SUM(C54:C57) -> 151 | T21: =SUM(D54:D57) -> 32 | U21: =SUM(E54:E57) -> 27 | V21: =SUM(F54:F57) -> 29 | W21: =SUM(G54:G57) -> 1 | X21: =SUM(H54:H57) -> 0 | Y21: =SUM(I54:I57) -> 9 | Z21: =SUM(J54:J57) -> 0 | ... AF21: =SUM(P54:P57) -> 644
B22: 10.00 - 10.15 | C22: 93 | D22: 21 | E22: 8 | F22: 22 | G22: 1 | H22: 0 | I22: 3 | J22: 2 | K22: 0 | L22: 0 | M22: 147 | N22: 0 | O22: =SUM(C22:L22,N22) -> 150 | P22: =SUM(C22:N22) -> 297 | R22: AM Peak Hr | S22: =MAX(S10:S12) -> 831 | T22: =MAX(T10:T12) -> 81 | U22: =MAX(U10:U12) -> 59 | V22: =MAX(V10:V12) -> 249 | W22: =MAX(W10:W12) -> 1 | X22: =MAX(X10:X12) -> 0 | Y22: =MAX(Y10:Y12) -> 22 | Z22: =MAX(Z10:Z12) -> 4 | ... AF22: =MAX(AF10:AF12) -> 1868
B23: 10.15 - 10.30 | C23: 75 | D23: 20 | E23: 10 | F23: 15 | G23: 0 | H23: 0 | I23: 1 | J23: 2 | K23: 0 | L23: 0 | M23: 111 | N23: 0 | O23: =SUM(C23:L23,N23) -> 123 | P23: =SUM(C23:N23) -> 234 | R23: IP Peak Hr | S23: =MAX(S13:S18) -> 316 | T23: =MAX(T13:T18) -> 73 | U23: =MAX(U13:U18) -> 44 | V23: =MAX(V13:V18) -> 61 | W23: =MAX(W13:W18) -> 1 | X23: =MAX(X13:X18) -> 0 | Y23: =MAX(Y13:Y18) -> 17 | Z23: =MAX(Z13:Z18) -> 7 | ... AF23: =MAX(AF13:AF18) -> 1010
B24: 10.30 - 10.45 | C24: 83 | D24: 17 | E24: 11 | F24: 15 | G24: 0 | H24: 0 | I24: 9 | J24: 1 | K24: 0 | L24: 0 | M24: 137 | N24: 0 | O24: =SUM(C24:L24,N24) -> 136 | P24: =SUM(C24:N24) -> 273 | R24: PM Peak Hr | S24: =MAX(S19:S21) -> 182 | T24: =MAX(T19:T21) -> 43 | U24: =MAX(U19:U21) -> 27 | V24: =MAX(V19:V21) -> 37 | W24: =MAX(W19:W21) -> 2 | X24: =MAX(X19:X21) -> 0 | Y24: =MAX(Y19:Y21) -> 17 | Z24: =MAX(Z19:Z21) -> 1 | ... AF24: =MAX(AF19:AF21) -> 747
B25: 10.45 - 11.00 | C25: 65 | D25: 15 | E25: 15 | F25: 9 | G25: 0 | H25: 0 | I25: 1 | J25: 0 | K25: 0 | L25: 0 | M25: 101 | N25: 0 | O25: =SUM(C25:L25,N25) -> 105 | P25: =SUM(C25:N25) -> 206 | R25: AM Period | S25: =SUM(S10:S12) -> 1725 | T25: =SUM(T10:T12) -> 225 | U25: =SUM(U10:U12) -> 155 | V25: =SUM(V10:V12) -> 539 | W25: =SUM(W10:W12) -> 1 | X25: =SUM(X10:X12) -> 0 | Y25: =SUM(Y10:Y12) -> 44 | Z25: =SUM(Z10:Z12) -> 8 | ... AF25: =SUM(AF10:AF12) -> 4824
B26: 11.00 - 11.15 | C26: 69 | D26: 13 | E26: 4 | F26: 12 | G26: 0 | H26: 0 | I26: 4 | J26: 1 | K26: 0 | L26: 0 | M26: 97 | N26: 0 | O26: =SUM(C26:L26,N26) -> 103 | P26: =SUM(C26:N26) -> 200 | R26: IP Period | S26: =SUM(S13:S18) -> 1216 | T26: =SUM(T13:T18) -> 247 | U26: =SUM(U13:U18) -> 164 | V26: =SUM(V13:V18) -> 254 | W26: =SUM(W13:W18) -> 3 | X26: =SUM(X13:X18) -> 0 | Y26: =SUM(Y13:Y18) -> 79 | Z26: =SUM(Z13:Z18) -> 25 | ... AF26: =SUM(AF13:AF18) -> 4079
B27: 11.15 - 11.30 | C27: 52 | D27: 14 | E27: 1 | F27: 14 | G27: 0 | H27: 0 | I27: 8 | J27: 2 | K27: 0 | L27: 0 | M27: 115 | N27: 0 | O27: =SUM(C27:L27,N27) -> 91 | P27: =SUM(C27:N27) -> 206 | R27: PM Period | S27: =SUM(S19:S21) -> 489 | T27: =SUM(T19:T21) -> 104 | U27: =SUM(U19:U21) -> 79 | V27: =SUM(V19:V21) -> 99 | W27: =SUM(W19:W21) -> 4 | X27: =SUM(X19:X21) -> 0 | Y27: =SUM(Y19:Y21) -> 36 | Z27: =SUM(Z19:Z21) -> 1 | ... AF27: =SUM(AF19:AF21) -> 2031
B28: 11.30 - 11.45 | C28: 59 | D28: 11 | E28: 7 | F28: 12 | G28: 0 | H28: 0 | I28: 3 | J28: 0 | K28: 0 | L28: 0 | M28: 98 | N28: 0 | O28: =SUM(C28:L28,N28) -> 92 | P28: =SUM(C28:N28) -> 190 | R28: 12 Hours | S28: =SUM(S10:S21) -> 3430 | T28: =SUM(T10:T21) -> 576 | U28: =SUM(U10:U21) -> 398 | V28: =SUM(V10:V21) -> 892 | W28: =SUM(W10:W21) -> 8 | X28: =SUM(X10:X21) -> 0 | Y28: =SUM(Y10:Y21) -> 159 | Z28: =SUM(Z10:Z21) -> 34 | ... AF28: =SUM(AF10:AF21) -> 10934
B29: 11.45 - 12.00 | C29: 35 | D29: 9 | E29: 3 | F29: 6 | G29: 0 | H29: 0 | I29: 2 | J29: 0 | K29: 0 | L29: 0 | M29: 55 | N29: 0 | O29: =SUM(C29:L29,N29) -> 55 | P29: =SUM(C29:N29) -> 110
B30: 12.00 - 12.15 | C30: 55 | D30: 13 | E30: 13 | F30: 6 | G30: 0 | H30: 0 | I30: 6 | J30: 2 | K30: 0 | L30: 0 | M30: 72 | N30: 0 | O30: =SUM(C30:L30,N30) -> 95 | P30: =SUM(C30:N30) -> 167
B31: 12.15 - 12.30 | C31: 56 | D31: 12 | E31: 6 | F31: 8 | G31: 0 | H31: 0 | I31: 1 | J31: 0 | K31: 0 | L31: 0 | M31: 79 | N31: 0 | O31: =SUM(C31:L31,N31) -> 83 | P31: =SUM(C31:N31) -> 162
B32: 12.30 - 12.45 | C32: 37 | D32: 10 | E32: 10 | F32: 10 | G32: 0 | H32: 0 | I32: 2 | J32: 2 | K32: 0 | L32: 0 | M32: 70 | N32: 0 | O32: =SUM(C32:L32,N32) -> 71 | P32: =SUM(C32:N32) -> 141
B33: 12.45 - 13.00 | C33: 55 | D33: 7 | E33: 4 | F33: 8 | G33: 0 | H33: 0 | I33: 2 | J33: 3 | K33: 0 | L33: 0 | M33: 102 | N33: 0 | O33: =SUM(C33:L33,N33) -> 79 | P33: =SUM(C33:N33) -> 181
B34: 13.00 - 13.15 | C34: 47 | D34: 10 | E34: 6 | F34: 10 | G34: 0 | H34: 0 | I34: 7 | J34: 1 | K34: 0 | L34: 0 | M34: 65 | N34: 0 | O34: =SUM(C34:L34,N34) -> 81 | P34: =SUM(C34:N34) -> 146
B35: 13.15 - 13.30 | C35: 51 | D35: 6 | E35: 6 | F35: 13 | G35: 0 | H35: 0 | I35: 1 | J35: 2 | K35: 0 | L35: 0 | M35: 56 | N35: 0 | O35: =SUM(C35:L35,N35) -> 79 | P35: =SUM(C35:N35) -> 135
B36: 13.30 - 13.45 | C36: 33 | D36: 10 | E36: 6 | F36: 8 | G36: 0 | H36: 0 | I36: 2 | J36: 3 | K36: 1 | L36: 0 | M36: 80 | N36: 0 | O36: =SUM(C36:L36,N36) -> 63 | P36: =SUM(C36:N36) -> 143
B37: 13.45 - 14.00 | C37: 57 | D37: 6 | E37: 7 | F37: 7 | G37: 0 | H37: 0 | I37: 4 | J37: 0 | K37: 0 | L37: 0 | M37: 50 | N37: 0 | O37: =SUM(C37:L37,N37) -> 81 | P37: =SUM(C37:N37) -> 131
B38: 14.00 - 14.15 | C38: 22 | D38: 6 | E38: 3 | F38: 8 | G38: 0 | H38: 0 | I38: 4 | J38: 2 | K38: 0 | L38: 0 | M38: 80 | N38: 0 | O38: =SUM(C38:L38,N38) -> 45 | P38: =SUM(C38:N38) -> 125
B39: 14.15 - 14.30 | C39: 40 | D39: 6 | E39: 5 | F39: 11 | G39: 0 | H39: 0 | I39: 1 | J39: 1 | K39: 0 | L39: 0 | M39: 90 | N39: 0 | O39: =SUM(C39:L39,N39) -> 64 | P39: =SUM(C39:N39) -> 154
B40: 14.30 - 14.45 | C40: 40 | D40: 3 | E40: 4 | F40: 9 | G40: 0 | H40: 0 | I40: 2 | J40: 0 | K40: 0 | L40: 0 | M40: 91 | N40: 0 | O40: =SUM(C40:L40,N40) -> 58 | P40: =SUM(C40:N40) -> 149
... B57: 18.45 - 19.00 | C57: 41 | D57: 6 | E57: 8 | F57: 10 | G57: 0 | H57: 0 | I57: 5 | J57: 0 | K57: 0 | L57: 0 | M57: 60 | N57: 0 | O57: =SUM(C57:L57,N57) -> 70 | P57: =SUM(C57:N57) -> 130
B58: Totals | C58: =SUM(C10:C57) -> 3430 | D58: =SUM(D10:D57) -> 576 | E58: =SUM(E10:E57) -> 398 | F58: =SUM(F10:F57) -> 892 | G58: =SUM(G10:G57) -> 8 | H58: =SUM(H10:H57) -> 0 | I58: =SUM(I10:I57) -> 159 | J58: =SUM(J10:J57) -> 34 | ... P58: =SUM(P10:P57) -> 10934
B59: %ges + MCs | C59: =C58/$P$58 -> 0.31370038 | D59: =D58/$P$58 -> 0.052679715 | E59: =E58/$P$58 -> 0.036400219 | F59: =F58/$P$58 -> 0.081580391 | G59: =G58/$P$58 -> 0.0007316627 | H59: =H58/$P$58 -> 0 | I59: =I58/$P$58 -> 0.014541796 | J59: =J58/$P$58 -> 0.0031095665 | ... N59: =N58/$P$58 -> 0
B60: %ges w/o MCs | C60: =C58/$O$58 -> 0.62386322 | D60: =D58/$O$58 -> 0.10476537 | E60: =E58/$O$58 -> 0.07238996 | F60: =F58/$O$58 -> 0.16224081 | G60: =G58/$O$58 -> 0.0014550746 | H60: =H58/$O$58 -> 0 | I60: =I58/$O$58 -> 0.028919607 | J60: =J58/$O$58 -> 0.0061840669 | ... L60: =L58/$O$58 -> 0 | N60: =N58/$O$58 -> 0

Sheet 30.07 Mulago-Kyebando
B1: Consultancy services for Preparation of Expressway Development Master Plan (EDMP) for Uganda
B2: MANUAL CLASSIFIED COUNT (MCC)
B3: ROAD NAME: | C3: ='02.08 Mulago-Kyebando'!C3:G3 -> MCC - C1 - STN28 - KISINGIRI ROAD
C5: Date | D5: ='30.07 -Kyebando-Mulago'!D5 -> 30.07.19 | F5: Location | G5: ='02.08 Kyebando-Mulago'!G5:H5 -> Kisingiri Street | J5: Surveyor | K5: Frank
C6: Dir. From | D6: ='02.08 Mulago-Kyebando'!D6:E6 -> Mulago | F6: Dir. To | G6: ='02.08 Mulago-Kyebando'!G6:H6 -> Kyebando | J6: Supervisor | K6: Steven
B8: Time / Veh Type | R8: SUMMARY TRAFFIC VOLUMES
C9: 1. Car | D9: 2. Station Wagon | E9: 3. Pickups | F9: 4. Minibus, matatu | G9: 5. Medium bus | H9: 6. Large Bus | I9: 7. Light Truck | J9: 8. Medium Truck | K9: 9. Heavy truck | L9: 10. Truck Trailer | M9: 11. Motor cycles | N9: 12. Tractors | O9: Total Excl M/Cycles | P9: Total All | R9: Time | S9: 1. Car | T9: 2. Station Wagon | U9: 3. Pickups | V9: 4. Minibus, matatu | W9: 5. Medium bus | X9: 6. Large Bus | Y9: 7. Light Truck | Z9: 8. Medium Truck | AA9: 9. Heavy truck | AB9: 10. Truck Trailer | AC9: 11. Motorcycles | AD9: 12. Tractors, Graders | AE9: Total Excl M/ Cycles | AF9: Total All
B10: 07.00 - 07.15 | C10: 31 | D10: 4 | E10: 3 | F10: 12 | G10: 1 | H10: 0 | I10: 5 | J10: 0 | K10: 0 | L10: 0 | M10: 135 | N10: 0 | O10: =SUM(C10:L10,N10) -> 56 | P10: =SUM(C10:N10) -> 191 | R10: 0700-0800 | S10: =SUM(C10:C13) -> 102 | T10: =SUM(D10:D13) -> 10 | U10: =SUM(E10:E13) -> 15 | V10: =SUM(F10:F13) -> 50 | W10: =SUM(G10:G13) -> 4 | X10: =SUM(H10:H13) -> 0 | Y10: =SUM(I10:I13) -> 7 | Z10: =SUM(J10:J13) -> 0 | ... AF10: =SUM(P10:P13) -> 843
B11: 07.15 - 07.30 | C11: 22 | D11: 3 | E11: 5 | F11: 14 | G11: 2 | H11: 0 | I11: 0 | J11: 0 | K11: 0 | L11: 0 | M11: 125 | N11: 0 | O11: =SUM(C11:L11,N11) -> 46 | P11: =SUM(C11:N11) -> 171 | R11: 0800-0900 | S11: =SUM(C14:C17) -> 113 | T11: =SUM(D14:D17) -> 14 | U11: =SUM(E14:E17) -> 8 | V11: =SUM(F14:F17) -> 39 | W11: =SUM(G14:G17) -> 1 | X11: =SUM(H14:H17) -> 0 | Y11: =SUM(I14:I17) -> 8 | Z11: =SUM(J14:J17) -> 2 | ... AF11: =SUM(P14:P17) -> 912
B12: 07.30 - 07.45 | C12: 34 | D12: 2 | E12: 6 | F12: 19 | G12: 1 | H12: 0 | I12: 2 | J12: 0 | K12: 0 | L12: 0 | M12: 260 | N12: 0 | O12: =SUM(C12:L12,N12) -> 64 | P12: =SUM(C12:N12) -> 324 | R12: 0900-1000 | S12: =SUM(C18:C21) -> 131 | T12: =SUM(D18:D21) -> 12 | U12: =SUM(E18:E21) -> 23 | V12: =SUM(F18:F21) -> 57 | W12: =SUM(G18:G21) -> 2 | X12: =SUM(H18:H21) -> 0 | Y12: =SUM(I18:I21) -> 11 | Z12: =SUM(J18:J21) -> 4 | ... AF12: =SUM(P18:P21) -> 941
B13: 07.45 - 08.00 | C13: 15 | D13: 1 | E13: 1 | F13: 5 | G13: 0 | H13: 0 | I13: 0 | J13: 0 | K13: 0 | L13: 0 | M13: 135 | N13: 0 | O13: =SUM(C13:L13,N13) -> 22 | P13: =SUM(C13:N13) -> 157 | R13: 1000-1100 | S13: =SUM(C22:C25) -> 137 | T13: =SUM(D22:D25) -> 29 | U13: =SUM(E22:E25) -> 29 | V13: =SUM(F22:F25) -> 49 | W13: =SUM(G22:G25) -> 1 | X13: =SUM(H22:H25) -> 0 | Y13: =SUM(I22:I25) -> 16 | Z13: =SUM(J22:J25) -> 0 | ... AF13: =SUM(P22:P25) -> 859
B14: 08.00 - 08.15 | C14: 32 | D14: 2 | E14: 0 | F14: 3 | G14: 1 | H14: 0 | I14: 2 | J14: 0 | K14: 0 | L14: 0 | M14: 181 | N14: 0 | O14: =SUM(C14:L14,N14) -> 40 | P14: =SUM(C14:N14) -> 221 | R14: 1100-1200 | S14: =SUM(C26:C29) -> 133 | T14: =SUM(D26:D29) -> 21 | U14: =SUM(E26:E29) -> 29 | V14: =SUM(F26:F29) -> 48 | W14: =SUM(G26:G29) -> 1 | X14: =SUM(H26:H29) -> 0 | Y14: =SUM(I26:I29) -> 26 | Z14: =SUM(J26:J29) -> 3 | ... AF14: =SUM(P26:P29) -> 590
B15: 08.15 - 08.30 | C15: 29 | D15: 4 | E15: 3 | F15: 15 | G15: 0 | H15: 0 | I15: 2 | J15: 1 | K15: 0 | L15: 0 | M15: 160 | N15: 0 | O15: =SUM(C15:L15,N15) -> 54 | P15: =SUM(C15:N15) -> 214 | R15: 1200-1300 | S15: =SUM(C30:C33) -> 148 | T15: =SUM(D30:D33) -> 11 | U15: =SUM(E30:E33) -> 31 | V15: =SUM(F30:F33) -> 36 | W15: =SUM(G30:G33) -> 1 | X15: =SUM(H30:H33) -> 1 | Y15: =SUM(I30:I33) -> 28 | Z15: =SUM(J30:J33) -> 5 | ... AF15: =SUM(P30:P33) -> 578
B16: 08.30 - 08.45 | C16: 29 | D16: 3 | E16: 3 | F16: 11 | G16: 0 | H16: 0 | I16: 2 | J16: 1 | K16: 0 | L16: 0 | M16: 215 | N16: 0 | O16: =SUM(C16:L16,N16) -> 49 | P16: =SUM(C16:N16) -> 264 | R16: 1300-1400 | S16: =SUM(C34:C37) -> 169 | T16: =SUM(D34:D37) -> 23 | U16: =SUM(E34:E37) -> 31 | V16: =SUM(F34:F37) -> 46 | W16: =SUM(G34:G37) -> 1 | X16: =SUM(H34:H37) -> 0 | Y16: =SUM(I34:I37) -> 19 | Z16: =SUM(J34:J37) -> 4 | ... AF16: =SUM(P34:P37) -> 594
B17: 08.45 - 9.00 | C17: 23 | D17: 5 | E17: 2 | F17: 10 | G17: 0 | H17: 0 | I17: 2 | J17: 0 | K17: 0 | L17: 0 | M17: 171 | N17: 0 | O17: =SUM(C17:L17,N17) -> 42 | P17: =SUM(C17:N17) -> 213 | R17: 1400-1500 | S17: =SUM(C38:C41) -> 184 | T17: =SUM(D38:D41) -> 27 | U17: =SUM(E38:E41) -> 21 | V17: =SUM(F38:F41) -> 29 | W17: =SUM(G38:G41) -> 1 | X17: =SUM(H38:H41) -> 1 | Y17: =SUM(I38:I41) -> 18 | Z17: =SUM(J38:J41) -> 4 | ... AF17: =SUM(P38:P41) -> 601
B18: 09.00 - 09.15 | C18: 36 | D18: 4 | E18: 3 | F18: 2 | G18: 0 | H18: 0 | I18: 2 | J18: 0 | K18: 0 | L18: 0 | M18: 235 | N18: 0 | O18: =SUM(C18:L18,N18) -> 47 | P18: =SUM(C18:N18) -> 282 | R18: 1500-1600 | S18: =SUM(C42:C45) -> 233 | T18: =SUM(D42:D45) -> 32 | U18: =SUM(E42:E45) -> 45 | V18: =SUM(F42:F45) -> 41 | W18: =SUM(G42:G45) -> 0 | X18: =SUM(H42:H45) -> 1 | Y18: =SUM(I42:I45) -> 18 | Z18: =SUM(J42:J45) -> 4 | ... AF18: =SUM(P42:P45) -> 692
B19: 09.15 - 09.30 | C19: 34 | D19: 1 | E19: 4 | F19: 16 | G19: 1 | H19: 0 | I19: 5 | J19: 0 | K19: 0 | L19: 0 | M19: 175 | N19: 0 | O19: =SUM(C19:L19,N19) -> 61 | P19: =SUM(C19:N19) -> 236 | R19: 1600-1700 | S19: =SUM(C46:C49) -> 371 | T19: =SUM(D46:D49) -> 47 | U19: =SUM(E46:E49) -> 32 | V19: =SUM(F46:F49) -> 47 | W19: =SUM(G46:G49) -> 2 | X19: =SUM(H46:H49) -> 0 | Y19: =SUM(I46:I49) -> 16 | Z19: =SUM(J46:J49) -> 2 | ... AF19: =SUM(P46:P49) -> 852
B20: 09.30 - 09.45 | C20: 38 | D20: 3 | E20: 5 | F20: 31 | G20: 1 | H20: 0 | I20: 2 | J20: 3 | K20: 0 | L20: 0 | M20: 180 | N20: 0 | O20: =SUM(C20:L20,N20) -> 83 | P20: =SUM(C20:N20) -> 263 | R20: 1700-1800 | S20: =SUM(C50:C53) -> 635 | T20: =SUM(D50:D53) -> 57 | U20: =SUM(E50:E53) -> 43 | V20: =SUM(F50:F53) -> 53 | W20: =SUM(G50:G53) -> 2 | X20: =SUM(H50:H53) -> 1 | Y20: =SUM(I50:I53) -> 19 | Z20: =SUM(J50:J53) -> 3 | ... AF20: =SUM(P50:P53) -> 1200
B21: 09.45 - 10.00 | C21: 23 | D21: 4 | E21: 11 | F21: 8 | G21: 0 | H21: 0 | I21: 2 | J21: 1 | K21: 0 | L21: 0 | M21: 111 | N21: 0 | O21: =SUM(C21:L21,N21) -> 49 | P21: =SUM(C21:N21) -> 160 | R21: 1800-1900 | S21: =SUM(C54:C57) -> 535 | T21: =SUM(D54:D57) -> 23 | U21: =SUM(E54:E57) -> 25 | V21: =SUM(F54:F57) -> 70 | W21: =SUM(G54:G57) -> 2 | X21: =SUM(H54:H57) -> 0 | Y21: =SUM(I54:I57) -> 14 | Z21: =SUM(J54:J57) -> 0 | ... AF21: =SUM(P54:P57) -> 949
B22: 10.00 - 10.15 | C22: 20 | D22: 6 | E22: 5 | F22: 6 | G22: 0 | H22: 0 | I22: 3 | J22: 0 | K22: 0 | L22: 0 | M22: 137 | N22: 0 | O22: =SUM(C22:L22,N22) -> 40 | P22: =SUM(C22:N22) -> 177 | R22: AM Peak Hr | S22: =MAX(S10:S12) -> 131 | T22: =MAX(T10:T12) -> 14 | U22: =MAX(U10:U12) -> 23 | V22: =MAX(V10:V12) -> 57 | W22: =MAX(W10:W12) -> 4 | X22: =MAX(X10:X12) -> 0 | Y22: =MAX(Y10:Y12) -> 11 | Z22: =MAX(Z10:Z12) -> 4 | ... AF22: =MAX(AF10:AF12) -> 941
B23: 10.15 - 10.30 | C23: 46 | D23: 10 | E23: 7 | F23: 17 | G23: 0 | H23: 0 | I23: 3 | J23: 0 | K23: 0 | L23: 0 | M23: 160 | N23: 0 | O23: =SUM(C23:L23,N23) -> 83 | P23: =SUM(C23:N23) -> 243 | R23: IP Peak Hr | S23: =MAX(S13:S18) -> 233 | T23: =MAX(T13:T18) -> 32 | U23: =MAX(U13:U18) -> 45 | V23: =MAX(V13:V18) -> 49 | W23: =MAX(W13:W18) -> 1 | X23: =MAX(X13:X18) -> 1 | Y23: =MAX(Y13:Y18) -> 28 | Z23: =MAX(Z13:Z18) -> 5 | ... AF23: =MAX(AF13:AF18) -> 859
B24: 10.30 - 10.45 | C24: 25 | D24: 7 | E24: 9 | F24: 12 | G24: 0 | H24: 0 | I24: 3 | J24: 0 | K24: 1 | L24: 0 | M24: 140 | N24: 0 | O24: =SUM(C24:L24,N24) -> 57 | P24: =SUM(C24:N24) -> 197 | R24: PM Peak Hr | S24: =MAX(S19:S21) -> 635 | T24: =MAX(T19:T21) -> 57 | U24: =MAX(U19:U21) -> 43 | V24: =MAX(V19:V21) -> 70 | W24: =MAX(W19:W21) -> 2 | X24: =MAX(X19:X21) -> 1 | Y24: =MAX(Y19:Y21) -> 19 | Z24: =MAX(Z19:Z21) -> 3 | ... AF24: =MAX(AF19:AF21) -> 1200
B25: 10.45 - 11.00 | C25: 46 | D25: 6 | E25: 8 | F25: 14 | G25: 1 | H25: 0 | I25: 7 | J25: 0 | K25: 0 | L25: 0 | M25: 160 | N25: 0 | O25: =SUM(C25:L25,N25) -> 82 | P25: =SUM(C25:N25) -> 242 | R25: AM Period | S25: =SUM(S10:S12) -> 346 | T25: =SUM(T10:T12) -> 36 | U25: =SUM(U10:U12) -> 46 | V25: =SUM(V10:V12) -> 146 | W25: =SUM(W10:W12) -> 7 | X25: =SUM(X10:X12) -> 0 | Y25: =SUM(Y10:Y12) -> 26 | Z25: =SUM(Z10:Z12) -> 6 | ... AF25: =SUM(AF10:AF12) -> 2696
B26: 11.00 - 11.15 | C26: 50 | D26: 8 | E26: 9 | F26: 16 | G26: 1 | H26: 0 | I26: 12 | J26: 0 | K26: 0 | L26: 0 | M26: 120 | N26: 0 | O26: =SUM(C26:L26,N26) -> 96 | P26: =SUM(C26:N26) -> 216 | R26: IP Period | S26: =SUM(S13:S18) -> 1004 | T26: =SUM(T13:T18) -> 143 | U26: =SUM(U13:U18) -> 186 | V26: =SUM(V13:V18) -> 249 | W26: =SUM(W13:W18) -> 5 | X26: =SUM(X13:X18) -> 3 | Y26: =SUM(Y13:Y18) -> 125 | Z26: =SUM(Z13:Z18) -> 20 | ... AF26: =SUM(AF13:AF18) -> 3914
B27: 11.15 - 11.30 | C27: 22 | D27: 2 | E27: 11 | F27: 13 | G27: 0 | H27: 0 | I27: 4 | J27: 1 | K27: 0 | L27: 0 | M27: 90 | N27: 0 | O27: =SUM(C27:L27,N27) -> 53 | P27: =SUM(C27:N27) -> 143 | R27: PM Period | S27: =SUM(S19:S21) -> 1541 | T27: =SUM(T19:T21) -> 127 | U27: =SUM(U19:U21) -> 100 | V27: =SUM(V19:V21) -> 170 | W27: =SUM(W19:W21) -> 6 | X27: =SUM(X19:X21) -> 1 | Y27: =SUM(Y19:Y21) -> 49 | Z27: =SUM(Z19:Z21) -> 5 | ... AF27: =SUM(AF19:AF21) -> 3001
B28: 11.30 - 11.45 | C28: 27 | D28: 5 | E28: 2 | F28: 7 | G28: 0 | H28: 0 | I28: 2 | J28: 1 | K28: 0 | L28: 0 | M28: 69 | N28: 0 | O28: =SUM(C28:L28,N28) -> 44 | P28: =SUM(C28:N28) -> 113 | R28: 12 Hours | S28: =SUM(S10:S21) -> 2891 | T28: =SUM(T10:T21) -> 306 | U28: =SUM(U10:U21) -> 332 | V28: =SUM(V10:V21) -> 565 | W28: =SUM(W10:W21) -> 18 | X28: =SUM(X10:X21) -> 4 | Y28: =SUM(Y10:Y21) -> 200 | Z28: =SUM(Z10:Z21) -> 31 | ... AF28: =SUM(AF10:AF21) -> 9611
B29: 11.45 - 12.00 | C29: 34 | D29: 6 | E29: 7 | F29: 12 | G29: 0 | H29: 0 | I29: 8 | J29: 1 | K29: 0 | L29: 0 | M29: 50 | N29: 0 | O29: =SUM(C29:L29,N29) -> 68 | P29: =SUM(C29:N29) -> 118
B30: 12.00 - 12.15 | C30: 36 | D30: 3 | E30: 4 | F30: 11 | G30: 0 | H30: 0 | I30: 9 | J30: 0 | K30: 0 | L30: 0 | M30: 71 | N30: 0 | O30: =SUM(C30:L30,N30) -> 63 | P30: =SUM(C30:N30) -> 134
B31: 12.15 - 12.30 | C31: 37 | D31: 6 | E31: 8 | F31: 10 | G31: 0 | H31: 0 | I31: 9 | J31: 1 | K31: 1 | L31: 0 | M31: 70 | N31: 0 | O31: =SUM(C31:L31,N31) -> 72 | P31: =SUM(C31:N31) -> 142
B32: 12.30 - 12.45 | C32: 35 | D32: 0 | E32: 8 | F32: 8 | G32: 0 | H32: 0 | I32: 7 | J32: 1 | K32: 0 | L32: 0 | M32: 95 | N32: 0 | O32: =SUM(C32:L32,N32) -> 59 | P32: =SUM(C32:N32) -> 154
B33: 12.45 - 13.00 | C33: 40 | D33: 2 | E33: 11 | F33: 7 | G33: 1 | H33: 1 | I33: 3 | J33: 3 | K33: 0 | L33: 0 | M33: 80 | N33: 0 | O33: =SUM(C33:L33,N33) -> 68 | P33: =SUM(C33:N33) -> 148
B34: 13.00 - 13.15 | C34: 65 | D34: 7 | E34: 9 | F34: 24 | G34: 0 | H34: 0 | I34: 9 | J34: 1 | K34: 0 | L34: 0 | M34: 95 | N34: 0 | O34: =SUM(C34:L34,N34) -> 115 | P34: =SUM(C34:N34) -> 210
B35: 13.15 - 13.30 | C35: 45 | D35: 5 | E35: 8 | F35: 13 | G35: 1 | H35: 0 | I35: 4 | J35: 0 | K35: 0 | L35: 0 | M35: 90 | N35: 0 | O35: =SUM(C35:L35,N35) -> 76 | P35: =SUM(C35:N35) -> 166
B36: 13.30 - 13.45 | C36: 32 | D36: 3 | E36: 7 | F36: 3 | G36: 0 | H36: 0 | I36: 1 | J36: 1 | K36: 0 | L36: 0 | M36: 65 | N36: 0 | O36: =SUM(C36:L36,N36) -> 47 | P36: =SUM(C36:N36) -> 112
B37: 13.45 - 14.00 | C37: 27 | D37: 8 | E37: 7 | F37: 6 | G37: 0 | H37: 0 | I37: 5 | J37: 2 | K37: 0 | L37: 0 | M37: 51 | N37: 0 | O37: =SUM(C37:L37,N37) -> 55 | P37: =SUM(C37:N37) -> 106
B38: 14.00 - 14.15 | C38: 43 | D38: 9 | E38: 7 | F38: 10 | G38: 1 | H38: 0 | I38: 4 | J38: 1 | K38: 0 | L38: 0 | M38: 105 | N38: 0 | O38: =SUM(C38:L38,N38) -> 75 | P38: =SUM(C38:N38) -> 180
B39: 14.15 - 14.30 | C39: 59 | D39: 6 | E39: 7 | F39: 10 | G39: 0 | H39: 1 | I39: 2 | J39: 1 | K39: 1 | L39: 0 | M39: 65 | N39: 0 | O39: =SUM(C39:L39,N39) -> 87 | P39: =SUM(C39:N39) -> 152
B40: 14.30 - 14.45 | C40: 46 | D40: 2 | E40: 4 | F40: 2 | G40: 0 | H40: 0 | I40: 3 | J40: 0 | K40: 0 | L40: 0 | M40: 80 | N40: 0 | O40: =SUM(C40:L40,N40) -> 57 | P40: =SUM(C40:N40) -> 137
... B57: 18.45 - 19.00 | C57: 130 | D57: 4 | E57: 5 | F57: 10 | G57: 0 | H57: 0 | I57: 3 | J57: 0 | K57: 0 | L57: 0 | M57: 75 | N57: 0 | O57: =SUM(C57:L57,N57) -> 152 | P57: =SUM(C57:N57) -> 227
B58: Totals | C58: =SUM(C10:C57) -> 2891 | D58: =SUM(D10:D57) -> 306 | E58: =SUM(E10:E57) -> 332 | F58: =SUM(F10:F57) -> 565 | G58: =SUM(G10:G57) -> 18 | H58: =SUM(H10:H57) -> 4 | I58: =SUM(I10:I57) -> 200 | J58: =SUM(J10:J57) -> 31 | ... P58: =SUM(P10:P57) -> 9611
B59: %ges + MCs | C59: =C58/$P$58 -> 0.30080117 | D59: =D58/$P$58 -> 0.031838518 | E59: =E58/$P$58 -> 0.034543752 | F59: =F58/$P$58 -> 0.058786807 | G59: =G58/$P$58 -> 0.001872854 | H59: =H58/$P$58 -> 0.00041618978 | I59: =I58/$P$58 -> 0.020809489 | J59: =J58/$P$58 -> 0.0032254708 | ... N59: =N58/$P$58 -> 0
B60: %ges w/o MCs | C60: =C58/$O$58 -> 0.66444496 | D60: =D58/$O$58 -> 0.07032866 | E60: =E58/$O$58 -> 0.076304298 | F60: =F58/$O$58 -> 0.12985521 | G60: =G58/$O$58 -> 0.00413698 | H60: =H58/$O$58 -> 0.00091932889 | I60: =I58/$O$58 -> 0.045966444 | J60: =J58/$O$58 -> 0.0071247989 | ... L60: =L58/$O$58 -> 0 | N60: =N58/$O$58 -> 0

Sheet 31.07 Kyebando-Mulago
B1: Consultancy services for Preparation of Expressway Development Master Plan (EDMP) for Uganda
B2: MANUAL CLASSIFIED COUNT (MCC)
B3: ROAD NAME: | C3: ='02.08 Kyebando-Mulago'!C3:G3 -> MCC - C1 - STN28 - KISINGIRI ROAD
C5: Date | D5: 31.07.19 | F5: Location | G5: ='30.07 Mulago-Kyebando'!G5:H5 -> Kisingiri Street | J5: Surveyor | K5: Rashida
C6: Dir. From | D6: ='02.08 Kyebando-Mulago'!D6:E6 -> Kyebando | F6: Dir. To | G6: ='02.08 Kyebando-Mulago'!G6:H6 -> Mulago | J6: Supervisor | K6: Steven
B8: Time / Veh Type | R8: SUMMARY TRAFFIC VOLUMES
C9: 1. Car | D9: 2. Station Wagon | E9: 3. Pickups | F9: 4. Minibus, matatu | G9: 5. Medium bus | H9: 6. Large Bus | I9: 7. Light Truck | J9: 8. Medium Truck | K9: 9. Heavy truck | L9: 10. Truck Trailer | M9: 11. Motor cycles | N9: 12. Tractors | O9: Total Excl M/Cycles | P9: Total All | R9: Time | S9: 1. Car | T9: 2. Station Wagon | U9: 3. Pickups | V9: 4. Minibus, matatu | W9: 5. Medium bus | X9: 6. Large Bus | Y9: 7. Light Truck | Z9: 8. Medium Truck | AA9: 9. Heavy truck | AB9: 10. Truck Trailer | AC9: 11. Motorcycles | AD9: 12. Tractors, Graders | AE9: Total Excl M/ Cycles | AF9: Total All
B10: 07.00 - 07.15 | C10: 258 | D10: 33 | E10: 12 | F10: 75 | G10: 0 | H10: 0 | I10: 4 | J10: 0 | K10: 0 | L10: 0 | M10: 93 | N10: 0 | O10: =SUM(C10:L10,N10) -> 382 | P10: =SUM(C10:N10) -> 475 | R10: 0700-0800 | S10: =SUM(C10:C13) -> 868 | T10: =SUM(D10:D13) -> 124 | U10: =SUM(E10:E13) -> 49 | V10: =SUM(F10:F13) -> 318 | W10: =SUM(G10:G13) -> 3 | X10: =SUM(H10:H13) -> 0 | Y10: =SUM(I10:I13) -> 14 | Z10: =SUM(J10:J13) -> 4 | ... AF10: =SUM(P10:P13) -> 2088
B11: 07.15 - 07.30 | C11: 220 | D11: 30 | E11: 14 | F11: 80 | G11: 1 | H11: 0 | I11: 3 | J11: 1 | K11: 0 | L11: 0 | M11: 160 | N11: 0 | O11: =SUM(C11:L11,N11) -> 349 | P11: =SUM(C11:N11) -> 509 | R11: 0800-0900 | S11: =SUM(C14:C17) -> 550 | T11: =SUM(D14:D17) -> 79 | U11: =SUM(E14:E17) -> 50 | V11: =SUM(F14:F17) -> 218 | W11: =SUM(G14:G17) -> 0 | X11: =SUM(H14:H17) -> 2 | Y11: =SUM(I14:I17) -> 12 | Z11: =SUM(J14:J17) -> 11 | ... AF11: =SUM(P14:P17) -> 1797
B12: 07.30 - 07.45 | C12: 245 | D12: 25 | E12: 10 | F12: 93 | G12: 1 | H12: 0 | I12: 3 | J12: 0 | K12: 0 | L12: 0 | M12: 270 | N12: 0 | O12: =SUM(C12:L12,N12) -> 377 | P12: =SUM(C12:N12) -> 647 | R12: 0900-1000 | S12: =SUM(C18:C21) -> 298 | T12: =SUM(D18:D21) -> 49 | U12: =SUM(E18:E21) -> 31 | V12: =SUM(F18:F21) -> 89 | W12: =SUM(G18:G21) -> 0 | X12: =SUM(H18:H21) -> 0 | Y12: =SUM(I18:I21) -> 9 | Z12: =SUM(J18:J21) -> 0 | ... AF12: =SUM(P18:P21) -> 998
B13: 07.45 - 08.00 | C13: 145 | D13: 36 | E13: 13 | F13: 70 | G13: 1 | H13: 0 | I13: 4 | J13: 3 | K13: 0 | L13: 0 | M13: 185 | N13: 0 | O13: =SUM(C13:L13,N13) -> 272 | P13: =SUM(C13:N13) -> 457 | R13: 1000-1100 | S13: =SUM(C22:C25) -> 283 | T13: =SUM(D22:D25) -> 51 | U13: =SUM(E22:E25) -> 29 | V13: =SUM(F22:F25) -> 62 | W13: =SUM(G22:G25) -> 1 | X13: =SUM(H22:H25) -> 0 | Y13: =SUM(I22:I25) -> 17 | Z13: =SUM(J22:J25) -> 1 | ... AF13: =SUM(P22:P25) -> 860
B14: 08.00 - 08.15 | C14: 155 | D14: 31 | E14: 16 | F14: 81 | G14: 0 | H14: 0 | I14: 4 | J14: 0 | K14: 0 | L14: 0 | M14: 225 | N14: 0 | O14: =SUM(C14:L14,N14) -> 287 | P14: =SUM(C14:N14) -> 512 | R14: 1100-1200 | S14: =SUM(C26:C29) -> 203 | T14: =SUM(D26:D29) -> 38 | U14: =SUM(E26:E29) -> 35 | V14: =SUM(F26:F29) -> 37 | W14: =SUM(G26:G29) -> 0 | X14: =SUM(H26:H29) -> 0 | Y14: =SUM(I26:I29) -> 18 | Z14: =SUM(J26:J29) -> 1 | ... AF14: =SUM(P26:P29) -> 664
B15: 08.15 - 08.30 | C15: 139 | D15: 8 | E15: 13 | F15: 55 | G15: 0 | H15: 0 | I15: 1 | J15: 0 | K15: 0 | L15: 0 | M15: 242 | N15: 0 | O15: =SUM(C15:L15,N15) -> 216 | P15: =SUM(C15:N15) -> 458 | R15: 1200-1300 | S15: =SUM(C30:C33) -> 148 | T15: =SUM(D30:D33) -> 45 | U15: =SUM(E30:E33) -> 19 | V15: =SUM(F30:F33) -> 44 | W15: =SUM(G30:G33) -> 1 | X15: =SUM(H30:H33) -> 0 | Y15: =SUM(I30:I33) -> 12 | Z15: =SUM(J30:J33) -> 3 | ... AF15: =SUM(P30:P33) -> 575
B16: 08.30 - 08.45 | C16: 136 | D16: 18 | E16: 10 | F16: 50 | G16: 0 | H16: 2 | I16: 5 | J16: 0 | K16: 0 | L16: 0 | M16: 220 | N16: 0 | O16: =SUM(C16:L16,N16) -> 221 | P16: =SUM(C16:N16) -> 441 | R16: 1300-1400 | S16: =SUM(C34:C37) -> 136 | T16: =SUM(D34:D37) -> 23 | U16: =SUM(E34:E37) -> 28 | V16: =SUM(F34:F37) -> 40 | W16: =SUM(G34:G37) -> 1 | X16: =SUM(H34:H37) -> 0 | Y16: =SUM(I34:I37) -> 13 | Z16: =SUM(J34:J37) -> 2 | ... AF16: =SUM(P34:P37) -> 540
B17: 08.45 - 9.00 | C17: 120 | D17: 22 | E17: 11 | F17: 32 | G17: 0 | H17: 0 | I17: 2 | J17: 11 | K17: 0 | L17: 0 | M17: 188 | N17: 0 | O17: =SUM(C17:L17,N17) -> 198 | P17: =SUM(C17:N17) -> 386 | R17: 1400-1500 | S17: =SUM(C38:C41) -> 222 | T17: =SUM(D38:D41) -> 33 | U17: =SUM(E38:E41) -> 35 | V17: =SUM(F38:F41) -> 25 | W17: =SUM(G38:G41) -> 1 | X17: =SUM(H38:H41) -> 0 | Y17: =SUM(I38:I41) -> 8 | Z17: =SUM(J38:J41) -> 2 | ... AF17: =SUM(P38:P41) -> 606
B18: 09.00 - 09.15 | C18: 61 | D18: 13 | E18: 11 | F18: 29 | G18: 0 | H18: 0 | I18: 0 | J18: 0 | K18: 0 | L18: 0 | M18: 117 | N18: 0 | O18: =SUM(C18:L18,N18) -> 114 | P18: =SUM(C18:N18) -> 231 | R18: 1500-1600 | S18: =SUM(C42:C45) -> 144 | T18: =SUM(D42:D45) -> 37 | U18: =SUM(E42:E45) -> 22 | V18: =SUM(F42:F45) -> 34 | W18: =SUM(G42:G45) -> 1 | X18: =SUM(H42:H45) -> 0 | Y18: =SUM(I42:I45) -> 17 | Z18: =SUM(J42:J45) -> 0 | ... AF18: =SUM(P42:P45) -> 549
B19: 09.15 - 09.30 | C19: 50 | D19: 10 | E19: 5 | F19: 21 | G19: 0 | H19: 0 | I19: 3 | J19: 0 | K19: 0 | L19: 0 | M19: 120 | N19: 0 | O19: =SUM(C19:L19,N19) -> 89 | P19: =SUM(C19:N19) -> 209 | R19: 1600-1700 | S19: =SUM(C46:C49) -> 175 | T19: =SUM(D46:D49) -> 32 | U19: =SUM(E46:E49) -> 20 | V19: =SUM(F46:F49) -> 50 | W19: =SUM(G46:G49) -> 1 | X19: =SUM(H46:H49) -> 0 | Y19: =SUM(I46:I49) -> 14 | Z19: =SUM(J46:J49) -> 6 | ... AF19: =SUM(P46:P49) -> 702
B20: 09.30 - 09.45 | C20: 70 | D20: 14 | E20: 7 | F20: 26 | G20: 0 | H20: 0 | I20: 3 | J20: 0 | K20: 0 | L20: 0 | M20: 120 | N20: 0 | O20: =SUM(C20:L20,N20) -> 120 | P20: =SUM(C20:N20) -> 240 | R20: 1700-1800 | S20: =SUM(C50:C53) -> 197 | T20: =SUM(D50:D53) -> 41 | U20: =SUM(E50:E53) -> 22 | V20: =SUM(F50:F53) -> 26 | W20: =SUM(G50:G53) -> 1 | X20: =SUM(H50:H53) -> 0 | Y20: =SUM(I50:I53) -> 19 | Z20: =SUM(J50:J53) -> 1 | ... AF20: =SUM(P50:P53) -> 722
B21: 09.45 - 10.00 | C21: 117 | D21: 12 | E21: 8 | F21: 13 | G21: 0 | H21: 0 | I21: 3 | J21: 0 | K21: 0 | L21: 0 | M21: 165 | N21: 0 | O21: =SUM(C21:L21,N21) -> 153 | P21: =SUM(C21:N21) -> 318 | R21: 1800-1900 | S21: =SUM(C54:C57) -> 130 | T21: =SUM(D54:D57) -> 34 | U21: =SUM(E54:E57) -> 11 | V21: =SUM(F54:F57) -> 31 | W21: =SUM(G54:G57) -> 1 | X21: =SUM(H54:H57) -> 0 | Y21: =SUM(I54:I57) -> 14 | Z21: =SUM(J54:J57) -> 3 | ... AF21: =SUM(P54:P57) -> 535
B22: 10.00 - 10.15 | C22: 68 | D22: 17 | E22: 9 | F22: 13 | G22: 0 | H22: 0 | I22: 2 | J22: 0 | K22: 0 | L22: 0 | M22: 115 | N22: 0 | O22: =SUM(C22:L22,N22) -> 109 | P22: =SUM(C22:N22) -> 224 | R22: AM Peak Hr | S22: =MAX(S10:S12) -> 868 | T22: =MAX(T10:T12) -> 124 | U22: =MAX(U10:U12) -> 50 | V22: =MAX(V10:V12) -> 318 | W22: =MAX(W10:W12) -> 3 | X22: =MAX(X10:X12) -> 2 | Y22: =MAX(Y10:Y12) -> 14 | Z22: =MAX(Z10:Z12) -> 11 | ... AF22: =MAX(AF10:AF12) -> 2088
B23: 10.15 - 10.30 | C23: 63 | D23: 11 | E23: 7 | F23: 7 | G23: 1 | H23: 0 | I23: 5 | J23: 0 | K23: 0 | L23: 0 | M23: 96 | N23: 0 | O23: =SUM(C23:L23,N23) -> 94 | P23: =SUM(C23:N23) -> 190 | R23: IP Peak Hr | S23: =MAX(S13:S18) -> 283 | T23: =MAX(T13:T18) -> 51 | U23: =MAX(U13:U18) -> 35 | V23: =MAX(V13:V18) -> 62 | W23: =MAX(W13:W18) -> 1 | X23: =MAX(X13:X18) -> 0 | Y23: =MAX(Y13:Y18) -> 18 | Z23: =MAX(Z13:Z18) -> 3 | ... AF23: =MAX(AF13:AF18) -> 860
B24: 10.30 - 10.45 | C24: 84 | D24: 15 | E24: 6 | F24: 25 | G24: 0 | H24: 0 | I24: 6 | J24: 1 | K24: 0 | L24: 0 | M24: 110 | N24: 0 | O24: =SUM(C24:L24,N24) -> 137 | P24: =SUM(C24:N24) -> 247 | R24: PM Peak Hr | S24: =MAX(S19:S21) -> 197 | T24: =MAX(T19:T21) -> 41 | U24: =MAX(U19:U21) -> 22 | V24: =MAX(V19:V21) -> 50 | W24: =MAX(W19:W21) -> 1 | X24: =MAX(X19:X21) -> 0 | Y24: =MAX(Y19:Y21) -> 19 | Z24: =MAX(Z19:Z21) -> 6 | ... AF24: =MAX(AF19:AF21) -> 722
B25: 10.45 - 11.00 | C25: 68 | D25: 8 | E25: 7 | F25: 17 | G25: 0 | H25: 0 | I25: 4 | J25: 0 | K25: 0 | L25: 0 | M25: 95 | N25: 0 | O25: =SUM(C25:L25,N25) -> 104 | P25: =SUM(C25:N25) -> 199 | R25: AM Period | S25: =SUM(S10:S12) -> 1716 | T25: =SUM(T10:T12) -> 252 | U25: =SUM(U10:U12) -> 130 | V25: =SUM(V10:V12) -> 625 | W25: =SUM(W10:W12) -> 3 | X25: =SUM(X10:X12) -> 2 | Y25: =SUM(Y10:Y12) -> 35 | Z25: =SUM(Z10:Z12) -> 15 | ... AF25: =SUM(AF10:AF12) -> 4883
B26: 11.00 - 11.15 | C26: 76 | D26: 15 | E26: 11 | F26: 9 | G26: 0 | H26: 0 | I26: 5 | J26: 0 | K26: 0 | L26: 0 | M26: 100 | N26: 0 | O26: =SUM(C26:L26,N26) -> 116 | P26: =SUM(C26:N26) -> 216 | R26: IP Period | S26: =SUM(S13:S18) -> 1136 | T26: =SUM(T13:T18) -> 227 | U26: =SUM(U13:U18) -> 168 | V26: =SUM(V13:V18) -> 242 | W26: =SUM(W13:W18) -> 5 | X26: =SUM(X13:X18) -> 0 | Y26: =SUM(Y13:Y18) -> 85 | Z26: =SUM(Z13:Z18) -> 9 | ... AF26: =SUM(AF13:AF18) -> 3794
B27: 11.15 - 11.30 | C27: 35 | D27: 6 | E27: 9 | F27: 12 | G27: 0 | H27: 0 | I27: 4 | J27: 0 | K27: 0 | L27: 0 | M27: 61 | N27: 0 | O27: =SUM(C27:L27,N27) -> 66 | P27: =SUM(C27:N27) -> 127 | R27: PM Period | S27: =SUM(S19:S21) -> 502 | T27: =SUM(T19:T21) -> 107 | U27: =SUM(U19:U21) -> 53 | V27: =SUM(V19:V21) -> 107 | W27: =SUM(W19:W21) -> 3 | X27: =SUM(X19:X21) -> 0 | Y27: =SUM(Y19:Y21) -> 47 | Z27: =SUM(Z19:Z21) -> 10 | ... AF27: =SUM(AF19:AF21) -> 1959
B28: 11.30 - 11.45 | C28: 64 | D28: 14 | E28: 8 | F28: 10 | G28: 0 | H28: 0 | I28: 6 | J28: 1 | K28: 0 | L28: 0 | M28: 80 | N28: 0 | O28: =SUM(C28:L28,N28) -> 103 | P28: =SUM(C28:N28) -> 183 | R28: 12 Hours | S28: =SUM(S10:S21) -> 3354 | T28: =SUM(T10:T21) -> 586 | U28: =SUM(U10:U21) -> 351 | V28: =SUM(V10:V21) -> 974 | W28: =SUM(W10:W21) -> 11 | X28: =SUM(X10:X21) -> 2 | Y28: =SUM(Y10:Y21) -> 167 | Z28: =SUM(Z10:Z21) -> 34 | ... AF28: =SUM(AF10:AF21) -> 10636
B29: 11.45 - 12.00 | C29: 28 | D29: 3 | E29: 7 | F29: 6 | G29: 0 | H29: 0 | I29: 3 | J29: 0 | K29: 0 | L29: 0 | M29: 91 | N29: 0 | O29: =SUM(C29:L29,N29) -> 47 | P29: =SUM(C29:N29) -> 138
B30: 12.00 - 12.15 | C30: 41 | D30: 15 | E30: 7 | F30: 8 | G30: 0 | H30: 0 | I30: 3 | J30: 0 | K30: 0 | L30: 0 | M30: 72 | N30: 0 | O30: =SUM(C30:L30,N30) -> 74 | P30: =SUM(C30:N30) -> 146
B31: 12.15 - 12.30 | C31: 43 | D31: 10 | E31: 5 | F31: 13 | G31: 1 | H31: 0 | I31: 2 | J31: 1 | K31: 0 | L31: 0 | M31: 64 | N31: 0 | O31: =SUM(C31:L31,N31) -> 75 | P31: =SUM(C31:N31) -> 139
B32: 12.30 - 12.45 | C32: 24 | D32: 12 | E32: 5 | F32: 11 | G32: 0 | H32: 0 | I32: 4 | J32: 1 | K32: 0 | L32: 0 | M32: 80 | N32: 0 | O32: =SUM(C32:L32,N32) -> 57 | P32: =SUM(C32:N32) -> 137
B33: 12.45 - 13.00 | C33: 40 | D33: 8 | E33: 2 | F33: 12 | G33: 0 | H33: 0 | I33: 3 | J33: 1 | K33: 0 | L33: 0 | M33: 87 | N33: 0 | O33: =SUM(C33:L33,N33) -> 66 | P33: =SUM(C33:N33) -> 153
B34: 13.00 - 13.15 | C34: 38 | D34: 5 | E34: 7 | F34: 5 | G34: 0 | H34: 0 | I34: 2 | J34: 1 | K34: 0 | L34: 0 | M34: 100 | N34: 0 | O34: =SUM(C34:L34,N34) -> 58 | P34: =SUM(C34:N34) -> 158
B35: 13.15 - 13.30 | C35: 29 | D35: 6 | E35: 6 | F35: 5 | G35: 0 | H35: 0 | I35: 2 | J35: 0 | K35: 0 | L35: 0 | M35: 60 | N35: 0 | O35: =SUM(C35:L35,N35) -> 48 | P35: =SUM(C35:N35) -> 108
B36: 13.30 - 13.45 | C36: 37 | D36: 4 | E36: 7 | F36: 15 | G36: 0 | H36: 0 | I36: 5 | J36: 0 | K36: 0 | L36: 0 | M36: 80 | N36: 0 | O36: =SUM(C36:L36,N36) -> 68 | P36: =SUM(C36:N36) -> 148
B37: 13.45 - 14.00 | C37: 32 | D37: 8 | E37: 8 | F37: 15 | G37: 1 | H37: 0 | I37: 4 | J37: 1 | K37: 0 | L37: 0 | M37: 57 | N37: 0 | O37: =SUM(C37:L37,N37) -> 69 | P37: =SUM(C37:N37) -> 126
B38: 14.00 - 14.15 | C38: 48 | D38: 8 | E38: 9 | F38: 3 | G38: 1 | H38: 0 | I38: 5 | J38: 0 | K38: 0 | L38: 0 | M38: 62 | N38: 0 | O38: =SUM(C38:L38,N38) -> 74 | P38: =SUM(C38:N38) -> 136
B39: 14.15 - 14.30 | C39: 50 | D39: 8 | E39: 6 | F39: 11 | G39: 0 | H39: 0 | I39: 2 | J39: 0 | K39: 0 | L39: 0 | M39: 56 | N39: 0 | O39: =SUM(C39:L39,N39) -> 77 | P39: =SUM(C39:N39) -> 133
B40: 14.30 - 14.45 | C40: 91 | D40: 11 | E40: 14 | F40: 5 | G40: 0 | H40: 0 | I40: 0 | J40: 0 | K40: 0 | L40: 0 | M40: 90 | N40: 0 | O40: =SUM(C40:L40,N40) -> 121 | P40: =SUM(C40:N40) -> 211
... B57: 18.45 - 19.00 | C57: 45 | D57: 8 | E57: 5 | F57: 12 | G57: 0 | H57: 0 | I57: 3 | J57: 2 | K57: 0 | L57: 0 | M57: 105 | N57: 0 | O57: =SUM(C57:L57,N57) -> 75 | P57: =SUM(C57:N57) -> 180
B58: Totals | C58: =SUM(C10:C57) -> 3354 | D58: =SUM(D10:D57) -> 586 | E58: =SUM(E10:E57) -> 351 | F58: =SUM(F10:F57) -> 974 | G58: =SUM(G10:G57) -> 11 | H58: =SUM(H10:H57) -> 2 | I58: =SUM(I10:I57) -> 167 | J58: =SUM(J10:J57) -> 34 | ... P58: =SUM(P10:P57) -> 10636
B59: %ges + MCs | C59: =C58/$P$58 -> 0.31534411 | D59: =D58/$P$58 -> 0.055095901 | E59: =E58/$P$58 -> 0.033001128 | F59: =F58/$P$58 -> 0.09157578 | G59: =G58/$P$58 -> 0.0010342234 | H59: =H58/$P$58 -> 0.00018804062 | I59: =I58/$P$58 -> 0.015701392 | J59: =J58/$P$58 -> 0.0031966905 | ... N59: =N58/$P$58 -> 0
B60: %ges w/o MCs | C60: =C58/$O$58 -> 0.6121555 | D60: =D58/$O$58 -> 0.10695382 | E60: =E58/$O$58 -> 0.064062785 | F60: =F58/$O$58 -> 0.17776967 | G60: =G58/$O$58 -> 0.0020076656 | H60: =H58/$O$58 -> 0.00036503011 | I60: =I58/$O$58 -> 0.030480015 | J60: =J58/$O$58 -> 0.006205512 | ... L60: =L58/$O$58 -> 0 | N60: =N58/$O$58 -> 0

Sheet 31.07 Mulago-Kyebando
B1: Consultancy services for Preparation of Expressway Development Master Plan (EDMP) for Uganda
B2: MANUAL CLASSIFIED COUNT (MCC)
B3: ROAD NAME: | C3: ='02.08 Mulago-Kyebando'!C3:G3 -> MCC - C1 - STN28 - KISINGIRI ROAD
C5: Date | D5: ='31.07 Kyebando-Mulago'!D5 -> 31.07.19 | F5: Location | G5: ='31.07 Kyebando-Mulago'!G5:H5 -> Kisingiri Street | J5: Surveyor | K5: Frank
C6: Dir. From | D6: ='02.08 Mulago-Kyebando'!D6:E6 -> Mulago | F6: Dir. To | G6: ='02.08 Mulago-Kyebando'!G6:H6 -> Kyebando | J6: Supervisor | K6: ='31.07 Kyebando-Mulago'!K6:L6 -> Steven
B8: Time / Veh Type | R8: SUMMARY TRAFFIC VOLUMES
C9: 1. Car | D9: 2. Station Wagon | E9: 3. Pickups | F9: 4. Minibus, matatu | G9: 5. Medium bus | H9: 6. Large Bus | I9: 7. Light Truck | J9: 8. Medium Truck | K9: 9. Heavy truck | L9: 10. Truck Trailer | M9: 11. Motor cycles | N9: 12. Tractors | O9: Total Excl M/Cycles | P9: Total All | R9: Time | S9: 1. Car | T9: 2. Station Wagon | U9: 3. Pickups | V9: 4. Minibus, matatu | W9: 5. Medium bus | X9: 6. Large Bus | Y9: 7. Light Truck | Z9: 8. Medium Truck | AA9: 9. Heavy truck | AB9: 10. Truck Trailer | AC9: 11. Motorcycles | AD9: 12. Tractors, Graders | AE9: Total Excl M/ Cycles | AF9: Total All
B10: 07.00 - 07.15 | C10: 35 | D10: 9 | E10: 6 | F10: 12 | G10: 3 | H10: 0 | I10: 0 | J10: 0 | K10: 0 | L10: 0 | M10: 120 | N10: 0 | O10: =SUM(C10:L10,N10) -> 65 | P10: =SUM(C10:N10) -> 185 | R10: 0700-0800 | S10: =SUM(C10:C13) -> 130 | T10: =SUM(D10:D13) -> 17 | U10: =SUM(E10:E13) -> 13 | V10: =SUM(F10:F13) -> 50 | W10: =SUM(G10:G13) -> 5 | X10: =SUM(H10:H13) -> 0 | Y10: =SUM(I10:I13) -> 6 | Z10: =SUM(J10:J13) -> 0 | ... AF10: =SUM(P10:P13) -> 828
B11: 07.15 - 07.30 | C11: 25 | D11: 4 | E11: 1 | F11: 14 | G11: 0 | H11: 0 | I11: 2 | J11: 0 | K11: 0 | L11: 0 | M11: 130 | N11: 0 | O11: =SUM(C11:L11,N11) -> 46 | P11: =SUM(C11:N11) -> 176 | R11: 0800-0900 | S11: =SUM(C14:C17) -> 124 | T11: =SUM(D14:D17) -> 10 | U11: =SUM(E14:E17) -> 18 | V11: =SUM(F14:F17) -> 51 | W11: =SUM(G14:G17) -> 5 | X11: =SUM(H14:H17) -> 0 | Y11: =SUM(I14:I17) -> 7 | Z11: =SUM(J14:J17) -> 2 | ... AF11: =SUM(P14:P17) -> 1133
B12: 07.30 - 07.45 | C12: 42 | D12: 1 | E12: 4 | F12: 12 | G12: 1 | H12: 0 | I12: 2 | J12: 0 | K12: 0 | L12: 0 | M12: 207 | N12: 0 | O12: =SUM(C12:L12,N12) -> 62 | P12: =SUM(C12:N12) -> 269 | R12: 0900-1000 | S12: =SUM(C18:C21) -> 100 | T12: =SUM(D18:D21) -> 23 | U12: =SUM(E18:E21) -> 32 | V12: =SUM(F18:F21) -> 49 | W12: =SUM(G18:G21) -> 1 | X12: =SUM(H18:H21) -> 0 | Y12: =SUM(I18:I21) -> 21 | Z12: =SUM(J18:J21) -> 5 | ... AF12: =SUM(P18:P21) -> 990
B13: 07.45 - 08.00 | C13: 28 | D13: 3 | E13: 2 | F13: 12 | G13: 1 | H13: 0 | I13: 2 | J13: 0 | K13: 0 | L13: 0 | M13: 150 | N13: 0 | O13: =SUM(C13:L13,N13) -> 48 | P13: =SUM(C13:N13) -> 198 | R13: 1000-1100 | S13: =SUM(C22:C25) -> 137 | T13: =SUM(D22:D25) -> 12 | U13: =SUM(E22:E25) -> 38 | V13: =SUM(F22:F25) -> 65 | W13: =SUM(G22:G25) -> 2 | X13: =SUM(H22:H25) -> 0 | Y13: =SUM(I22:I25) -> 21 | Z13: =SUM(J22:J25) -> 3 | ... AF13: =SUM(P22:P25) -> 938
B14: 08.00 - 08.15 | C14: 32 | D14: 4 | E14: 5 | F14: 12 | G14: 1 | H14: 0 | I14: 2 | J14: 0 | K14: 1 | L14: 0 | M14: 205 | N14: 0 | O14: =SUM(C14:L14,N14) -> 57 | P14: =SUM(C14:N14) -> 262 | R14: 1100-1200 | S14: =SUM(C26:C29) -> 130 | T14: =SUM(D26:D29) -> 19 | U14: =SUM(E26:E29) -> 23 | V14: =SUM(F26:F29) -> 42 | W14: =SUM(G26:G29) -> 2 | X14: =SUM(H26:H29) -> 0 | Y14: =SUM(I26:I29) -> 19 | Z14: =SUM(J26:J29) -> 4 | ... AF14: =SUM(P26:P29) -> 751
B15: 08.15 - 08.30 | C15: 38 | D15: 0 | E15: 4 | F15: 21 | G15: 0 | H15: 0 | I15: 5 | J15: 1 | K15: 0 | L15: 0 | M15: 200 | N15: 0 | O15: =SUM(C15:L15,N15) -> 69 | P15: =SUM(C15:N15) -> 269 | R15: 1200-1300 | S15: =SUM(C30:C33) -> 140 | T15: =SUM(D30:D33) -> 20 | U15: =SUM(E30:E33) -> 32 | V15: =SUM(F30:F33) -> 43 | W15: =SUM(G30:G33) -> 5 | X15: =SUM(H30:H33) -> 0 | Y15: =SUM(I30:I33) -> 19 | Z15: =SUM(J30:J33) -> 3 | ... AF15: =SUM(P30:P33) -> 683
B16: 08.30 - 08.45 | C16: 29 | D16: 3 | E16: 3 | F16: 7 | G16: 1 | H16: 0 | I16: 0 | J16: 1 | K16: 0 | L16: 0 | M16: 210 | N16: 0 | O16: =SUM(C16:L16,N16) -> 44 | P16: =SUM(C16:N16) -> 254 | R16: 1300-1400 | S16: =SUM(C34:C37) -> 151 | T16: =SUM(D34:D37) -> 25 | U16: =SUM(E34:E37) -> 27 | V16: =SUM(F34:F37) -> 47 | W16: =SUM(G34:G37) -> 3 | X16: =SUM(H34:H37) -> 0 | Y16: =SUM(I34:I37) -> 21 | Z16: =SUM(J34:J37) -> 1 | ... AF16: =SUM(P34:P37) -> 562
B17: 08.45 - 9.00 | C17: 25 | D17: 3 | E17: 6 | F17: 11 | G17: 3 | H17: 0 | I17: 0 | J17: 0 | K17: 0 | L17: 0 | M17: 300 | N17: 0 | O17: =SUM(C17:L17,N17) -> 48 | P17: =SUM(C17:N17) -> 348 | R17: 1400-1500 | S17: =SUM(C38:C41) -> 200 | T17: =SUM(D38:D41) -> 38 | U17: =SUM(E38:E41) -> 37 | V17: =SUM(F38:F41) -> 38 | W17: =SUM(G38:G41) -> 2 | X17: =SUM(H38:H41) -> 0 | Y17: =SUM(I38:I41) -> 29 | Z17: =SUM(J38:J41) -> 3 | ... AF17: =SUM(P38:P41) -> 799
B18: 09.00 - 09.15 | C18: 17 | D18: 6 | E18: 5 | F18: 15 | G18: 1 | H18: 0 | I18: 2 | J18: 1 | K18: 0 | L18: 0 | M18: 210 | N18: 0 | O18: =SUM(C18:L18,N18) -> 47 | P18: =SUM(C18:N18) -> 257 | R18: 1500-1600 | S18: =SUM(C42:C45) -> 221 | T18: =SUM(D42:D45) -> 44 | U18: =SUM(E42:E45) -> 36 | V18: =SUM(F42:F45) -> 42 | W18: =SUM(G42:G45) -> 0 | X18: =SUM(H42:H45) -> 0 | Y18: =SUM(I42:I45) -> 31 | Z18: =SUM(J42:J45) -> 2 | ... AF18: =SUM(P42:P45) -> 805
B19: 09.15 - 09.30 | C19: 25 | D19: 6 | E19: 8 | F19: 15 | G19: 0 | H19: 0 | I19: 8 | J19: 2 | K19: 1 | L19: 0 | M19: 173 | N19: 0 | O19: =SUM(C19:L19,N19) -> 65 | P19: =SUM(C19:N19) -> 238 | R19: 1600-1700 | S19: =SUM(C46:C49) -> 453 | T19: =SUM(D46:D49) -> 47 | U19: =SUM(E46:E49) -> 52 | V19: =SUM(F46:F49) -> 53 | W19: =SUM(G46:G49) -> 3 | X19: =SUM(H46:H49) -> 0 | Y19: =SUM(I46:I49) -> 13 | Z19: =SUM(J46:J49) -> 5 | ... AF19: =SUM(P46:P49) -> 1008
B20: 09.30 - 09.45 | C20: 28 | D20: 7 | E20: 14 | F20: 12 | G20: 0 | H20: 0 | I20: 8 | J20: 0 | K20: 0 | L20: 0 | M20: 200 | N20: 0 | O20: =SUM(C20:L20,N20) -> 69 | P20: =SUM(C20:N20) -> 269 | R20: 1700-1800 | S20: =SUM(C50:C53) -> 640 | T20: =SUM(D50:D53) -> 63 | U20: =SUM(E50:E53) -> 48 | V20: =SUM(F50:F53) -> 62 | W20: =SUM(G50:G53) -> 2 | X20: =SUM(H50:H53) -> 1 | Y20: =SUM(I50:I53) -> 16 | Z20: =SUM(J50:J53) -> 4 | ... AF20: =SUM(P50:P53) -> 1203
B21: 09.45 - 10.00 | C21: 30 | D21: 4 | E21: 5 | F21: 7 | G21: 0 | H21: 0 | I21: 3 | J21: 2 | K21: 0 | L21: 0 | M21: 175 | N21: 0 | O21: =SUM(C21:L21,N21) -> 51 | P21: =SUM(C21:N21) -> 226 | R21: 1800-1900 | S21: =SUM(C54:C57) -> 540 | T21: =SUM(D54:D57) -> 56 | U21: =SUM(E54:E57) -> 24 | V21: =SUM(F54:F57) -> 108 | W21: =SUM(G54:G57) -> 5 | X21: =SUM(H54:H57) -> 1 | Y21: =SUM(I54:I57) -> 12 | Z21: =SUM(J54:J57) -> 0 | ... AF21: =SUM(P54:P57) -> 1091
B22: 10.00 - 10.15 | C22: 39 | D22: 1 | E22: 10 | F22: 24 | G22: 0 | H22: 0 | I22: 4 | J22: 0 | K22: 0 | L22: 0 | M22: 200 | N22: 0 | O22: =SUM(C22:L22,N22) -> 78 | P22: =SUM(C22:N22) -> 278 | R22: AM Peak Hr | S22: =MAX(S10:S12) -> 130 | T22: =MAX(T10:T12) -> 23 | U22: =MAX(U10:U12) -> 32 | V22: =MAX(V10:V12) -> 51 | W22: =MAX(W10:W12) -> 5 | X22: =MAX(X10:X12) -> 0 | Y22: =MAX(Y10:Y12) -> 21 | Z22: =MAX(Z10:Z12) -> 5 | ... AF22: =MAX(AF10:AF12) -> 1133
B23: 10.15 - 10.30 | C23: 36 | D23: 7 | E23: 8 | F23: 11 | G23: 0 | H23: 0 | I23: 7 | J23: 0 | K23: 0 | L23: 0 | M23: 180 | N23: 0 | O23: =SUM(C23:L23,N23) -> 69 | P23: =SUM(C23:N23) -> 249 | R23: IP Peak Hr | S23: =MAX(S13:S18) -> 221 | T23: =MAX(T13:T18) -> 44 | U23: =MAX(U13:U18) -> 38 | V23: =MAX(V13:V18) -> 65 | W23: =MAX(W13:W18) -> 5 | X23: =MAX(X13:X18) -> 0 | Y23: =MAX(Y13:Y18) -> 31 | Z23: =MAX(Z13:Z18) -> 4 | ... AF23: =MAX(AF13:AF18) -> 938
B24: 10.30 - 10.45 | C24: 28 | D24: 3 | E24: 12 | F24: 15 | G24: 1 | H24: 0 | I24: 4 | J24: 3 | K24: 0 | L24: 0 | M24: 165 | N24: 0 | O24: =SUM(C24:L24,N24) -> 66 | P24: =SUM(C24:N24) -> 231 | R24: PM Peak Hr | S24: =MAX(S19:S21) -> 640 | T24: =MAX(T19:T21) -> 63 | U24: =MAX(U19:U21) -> 52 | V24: =MAX(V19:V21) -> 108 | W24: =MAX(W19:W21) -> 5 | X24: =MAX(X19:X21) -> 1 | Y24: =MAX(Y19:Y21) -> 16 | Z24: =MAX(Z19:Z21) -> 5 | ... AF24: =MAX(AF19:AF21) -> 1203
B25: 10.45 - 11.00 | C25: 34 | D25: 1 | E25: 8 | F25: 15 | G25: 1 | H25: 0 | I25: 6 | J25: 0 | K25: 0 | L25: 0 | M25: 115 | N25: 0 | O25: =SUM(C25:L25,N25) -> 65 | P25: =SUM(C25:N25) -> 180 | R25: AM Period | S25: =SUM(S10:S12) -> 354 | T25: =SUM(T10:T12) -> 50 | U25: =SUM(U10:U12) -> 63 | V25: =SUM(V10:V12) -> 150 | W25: =SUM(W10:W12) -> 11 | X25: =SUM(X10:X12) -> 0 | Y25: =SUM(Y10:Y12) -> 34 | Z25: =SUM(Z10:Z12) -> 7 | ... AF25: =SUM(AF10:AF12) -> 2951
B26: 11.00 - 11.15 | C26: 45 | D26: 5 | E26: 6 | F26: 15 | G26: 0 | H26: 0 | I26: 11 | J26: 2 | K26: 0 | L26: 0 | M26: 180 | N26: 0 | O26: =SUM(C26:L26,N26) -> 84 | P26: =SUM(C26:N26) -> 264 | R26: IP Period | S26: =SUM(S13:S18) -> 979 | T26: =SUM(T13:T18) -> 158 | U26: =SUM(U13:U18) -> 193 | V26: =SUM(V13:V18) -> 277 | W26: =SUM(W13:W18) -> 14 | X26: =SUM(X13:X18) -> 0 | Y26: =SUM(Y13:Y18) -> 140 | Z26: =SUM(Z13:Z18) -> 16 | ... AF26: =SUM(AF13:AF18) -> 4538
B27: 11.15 - 11.30 | C27: 30 | D27: 3 | E27: 8 | F27: 11 | G27: 2 | H27: 0 | I27: 5 | J27: 0 | K27: 0 | L27: 0 | M27: 122 | N27: 0 | O27: =SUM(C27:L27,N27) -> 59 | P27: =SUM(C27:N27) -> 181 | R27: PM Period | S27: =SUM(S19:S21) -> 1633 | T27: =SUM(T19:T21) -> 166 | U27: =SUM(U19:U21) -> 124 | V27: =SUM(V19:V21) -> 223 | W27: =SUM(W19:W21) -> 10 | X27: =SUM(X19:X21) -> 2 | Y27: =SUM(Y19:Y21) -> 41 | Z27: =SUM(Z19:Z21) -> 9 | ... AF27: =SUM(AF19:AF21) -> 3302
B28: 11.30 - 11.45 | C28: 22 | D28: 4 | E28: 2 | F28: 8 | G28: 0 | H28: 0 | I28: 2 | J28: 0 | K28: 0 | L28: 0 | M28: 85 | N28: 0 | O28: =SUM(C28:L28,N28) -> 38 | P28: =SUM(C28:N28) -> 123 | R28: 12 Hours | S28: =SUM(S10:S21) -> 2966 | T28: =SUM(T10:T21) -> 374 | U28: =SUM(U10:U21) -> 380 | V28: =SUM(V10:V21) -> 650 | W28: =SUM(W10:W21) -> 35 | X28: =SUM(X10:X21) -> 2 | Y28: =SUM(Y10:Y21) -> 215 | Z28: =SUM(Z10:Z21) -> 32 | ... AF28: =SUM(AF10:AF21) -> 10791
B29: 11.45 - 12.00 | C29: 33 | D29: 7 | E29: 7 | F29: 8 | G29: 0 | H29: 0 | I29: 1 | J29: 2 | K29: 0 | L29: 0 | M29: 125 | N29: 0 | O29: =SUM(C29:L29,N29) -> 58 | P29: =SUM(C29:N29) -> 183
B30: 12.00 - 12.15 | C30: 30 | D30: 5 | E30: 7 | F30: 16 | G30: 3 | H30: 0 | I30: 5 | J30: 1 | K30: 0 | L30: 0 | M30: 108 | N30: 0 | O30: =SUM(C30:L30,N30) -> 67 | P30: =SUM(C30:N30) -> 175
B31: 12.15 - 12.30 | C31: 26 | D31: 1 | E31: 7 | F31: 7 | G31: 0 | H31: 0 | I31: 5 | J31: 2 | K31: 1 | L31: 0 | M31: 105 | N31: 0 | O31: =SUM(C31:L31,N31) -> 49 | P31: =SUM(C31:N31) -> 154
B32: 12.30 - 12.45 | C32: 44 | D32: 9 | E32: 7 | F32: 10 | G32: 0 | H32: 0 | I32: 3 | J32: 0 | K32: 0 | L32: 0 | M32: 122 | N32: 0 | O32: =SUM(C32:L32,N32) -> 73 | P32: =SUM(C32:N32) -> 195
B33: 12.45 - 13.00 | C33: 40 | D33: 5 | E33: 11 | F33: 10 | G33: 2 | H33: 0 | I33: 6 | J33: 0 | K33: 0 | L33: 0 | M33: 85 | N33: 0 | O33: =SUM(C33:L33,N33) -> 74 | P33: =SUM(C33:N33) -> 159
B34: 13.00 - 13.15 | C34: 38 | D34: 9 | E34: 8 | F34: 24 | G34: 3 | H34: 0 | I34: 5 | J34: 1 | K34: 0 | L34: 0 | M34: 14 | N34: 0 | O34: =SUM(C34:L34,N34) -> 88 | P34: =SUM(C34:N34) -> 102
B35: 13.15 - 13.30 | C35: 43 | D35: 5 | E35: 9 | F35: 12 | G35: 0 | H35: 0 | I35: 4 | J35: 0 | K35: 0 | L35: 0 | M35: 85 | N35: 0 | O35: =SUM(C35:L35,N35) -> 73 | P35: =SUM(C35:N35) -> 158
B36: 13.30 - 13.45 | C36: 41 | D36: 4 | E36: 8 | F36: 7 | G36: 0 | H36: 0 | I36: 9 | J36: 0 | K36: 0 | L36: 0 | M36: 115 | N36: 0 | O36: =SUM(C36:L36,N36) -> 69 | P36: =SUM(C36:N36) -> 184
B37: 13.45 - 14.00 | C37: 29 | D37: 7 | E37: 2 | F37: 4 | G37: 0 | H37: 0 | I37: 3 | J37: 0 | K37: 0 | L37: 0 | M37: 73 | N37: 0 | O37: =SUM(C37:L37,N37) -> 45 | P37: =SUM(C37:N37) -> 118
B38: 14.00 - 14.15 | C38: 39 | D38: 9 | E38: 8 | F38: 10 | G38: 1 | H38: 0 | I38: 4 | J38: 1 | K38: 0 | L38: 0 | M38: 100 | N38: 0 | O38: =SUM(C38:L38,N38) -> 72 | P38: =SUM(C38:N38) -> 172
B39: 14.15 - 14.30 | C39: 48 | D39: 8 | E39: 10 | F39: 9 | G39: 1 | H39: 0 | I39: 9 | J39: 0 | K39: 0 | L39: 0 | M39: 110 | N39: 0 | O39: =SUM(C39:L39,N39) -> 85 | P39: =SUM(C39:N39) -> 195
B40: 14.30 - 14.45 | C40: 56 | D40: 14 | E40: 8 | F40: 10 | G40: 0 | H40: 0 | I40: 9 | J40: 2 | K40: 0 | L40: 0 | M40: 115 | N40: 0 | O40: =SUM(C40:L40,N40) -> 99 | P40: =SUM(C40:N40) -> 214
... B57: 18.45 - 19.00 | C57: 135 | D57: 15 | E57: 5 | F57: 45 | G57: 2 | H57: 0 | I57: 1 | J57: 0 | K57: 0 | L57: 0 | M57: 75 | N57: 0 | O57: =SUM(C57:L57,N57) -> 203 | P57: =SUM(C57:N57) -> 278
B58: Totals | C58: =SUM(C10:C57) -> 2966 | D58: =SUM(D10:D57) -> 374 | E58: =SUM(E10:E57) -> 380 | F58: =SUM(F10:F57) -> 650 | G58: =SUM(G10:G57) -> 35 | H58: =SUM(H10:H57) -> 2 | I58: =SUM(I10:I57) -> 215 | J58: =SUM(J10:J57) -> 32 | ... P58: =SUM(P10:P57) -> 10791
B59: %ges + MCs | C59: =C58/$P$58 -> 0.27485868 | D59: =D58/$P$58 -> 0.034658512 | E59: =E58/$P$58 -> 0.035214531 | F59: =F58/$P$58 -> 0.060235381 | G59: =G58/$P$58 -> 0.0032434436 | H59: =H58/$P$58 -> 0.00018533963 | I59: =I58/$P$58 -> 0.019924011 | J59: =J58/$P$58 -> 0.0029654342 | ... N59: =N58/$P$58 -> 0
B60: %ges w/o MCs | C60: =C58/$O$58 -> 0.63675397 | D60: =D58/$O$58 -> 0.080291971 | E60: =E58/$O$58 -> 0.081580077 | F60: =F58/$O$58 -> 0.13954487 | G60: =G58/$O$58 -> 0.0075139545 | H60: =H58/$O$58 -> 0.00042936883 | I60: =I58/$O$58 -> 0.046157149 | J60: =J58/$O$58 -> 0.0068699012 | ... L60: =L58/$O$58 -> 0 | N60: =N58/$O$58 -> 0

Sheet 01.08 Kyebando-Mulago-24h
B1: Consultancy services for Preparation of Expressway Development Master Plan (EDMP) for Uganda
B2: MANUAL CLASSIFIED COUNT (MCC)
B3: ROAD NAME: | C3: ='02.08 Kyebando-Mulago'!C3:G3 -> MCC - C1 - STN28 - KISINGIRI ROAD
C5: Date | D5: 01.08.19 | F5: Location | G5: ='31.07 Mulago-Kyebando'!G5:H5 -> Kisingiri Street | J5: Surveyor | K5: Rashida & Conny
C6: Dir. From | D6: ='02.08 Kyebando-Mulago'!D6:E6 -> Kyebando | F6: Dir. To | G6: ='02.08 Kyebando-Mulago'!G6:H6 -> Mulago | J6: Supervisor | K6: Steven
B8: Time / Veh Type | R8: SUMMARY TRAFFIC VOLUMES
C9: 1. Car | D9: 2. Station Wagon | E9: 3. Pickups | F9: 4. Minibus, matatu | G9: 5. Medium bus | H9: 6. Large Bus | I9: 7. Light Truck | J9: 8. Medium Truck | K9: 9. Heavy truck | L9: 10. Truck Trailer | M9: 11. Motor cycles | N9: 12. Tractors | O9: Total Excl M/Cycles | P9: Total All | R9: Time | S9: 1. Car | T9: 2. Station Wagon | U9: 3. Pickups | V9: 4. Minibus, matatu | W9: 5. Medium bus | X9: 6. Large Bus | Y9: 7. Light Truck | Z9: 8. Medium Truck | AA9: 9. Heavy truck | AB9: 10. Truck Trailer | AC9: 11. Motorcycles | AD9: 12. Tractors, Graders | AE9: Total Excl M/ Cycles | AF9: Total All
B10: 07.00 - 07.15 | C10: 197 | D10: 24 | E10: 17 | F10: 51 | G10: 1 | H10: 0 | I10: 6 | J10: 0 | K10: 0 | L10: 0 | M10: 125 | N10: 0 | O10: =SUM(C10:L10,N10) -> 296 | P10: =SUM(C10:N10) -> 421 | R10: 0700-0800 | S10: =SUM(C10:C13) -> 750 | T10: =SUM(D10:D13) -> 86 | U10: =SUM(E10:E13) -> 63 | V10: =SUM(F10:F13) -> 201 | W10: =SUM(G10:G13) -> 1 | X10: =SUM(H10:H13) -> 0 | Y10: =SUM(I10:I13) -> 23 | Z10: =SUM(J10:J13) -> 2 | ... AF10: =SUM(P10:P13) -> 1866
B11: 07.15 - 07.30 | C11: 200 | D11: 16 | E11: 16 | F11: 58 | G11: 0 | H11: 0 | I11: 7 | J11: 0 | K11: 0 | L11: 0 | M11: 180 | N11: 0 | O11: =SUM(C11:L11,N11) -> 297 | P11: =SUM(C11:N11) -> 477 | R11: 0800-0900 | S11: =SUM(C14:C17) -> 620 | T11: =SUM(D14:D17) -> 61 | U11: =SUM(E14:E17) -> 41 | V11: =SUM(F14:F17) -> 193 | W11: =SUM(G14:G17) -> 3 | X11: =SUM(H14:H17) -> 0 | Y11: =SUM(I14:I17) -> 19 | Z11: =SUM(J14:J17) -> 2 | ... AF11: =SUM(P14:P17) -> 1630
B12: 07.30 - 07.45 | C12: 211 | D12: 30 | E12: 19 | F12: 50 | G12: 0 | H12: 0 | I12: 4 | J12: 1 | K12: 0 | L12: 0 | M12: 210 | N12: 0 | O12: =SUM(C12:L12,N12) -> 315 | P12: =SUM(C12:N12) -> 525 | R12: 0900-1000 | S12: =SUM(C18:C21) -> 382 | T12: =SUM(D18:D21) -> 65 | U12: =SUM(E18:E21) -> 39 | V12: =SUM(F18:F21) -> 77 | W12: =SUM(G18:G21) -> 0 | X12: =SUM(H18:H21) -> 0 | Y12: =SUM(I18:I21) -> 19 | Z12: =SUM(J18:J21) -> 0 | ... AF12: =SUM(P18:P21) -> 1042
B13: 07.45 - 08.00 | C13: 142 | D13: 16 | E13: 11 | F13: 42 | G13: 0 | H13: 0 | I13: 6 | J13: 1 | K13: 0 | L13: 0 | M13: 225 | N13: 0 | O13: =SUM(C13:L13,N13) -> 218 | P13: =SUM(C13:N13) -> 443 | R13: 1000-1100 | S13: =SUM(C22:C25) -> 263 | T13: =SUM(D22:D25) -> 36 | U13: =SUM(E22:E25) -> 30 | V13: =SUM(F22:F25) -> 51 | W13: =SUM(G22:G25) -> 1 | X13: =SUM(H22:H25) -> 1 | Y13: =SUM(I22:I25) -> 10 | Z13: =SUM(J22:J25) -> 2 | ... AF13: =SUM(P22:P25) -> 748
B14: 08.00 - 08.15 | C14: 150 | D14: 18 | E14: 8 | F14: 55 | G14: 2 | H14: 0 | I14: 5 | J14: 1 | K14: 0 | L14: 0 | M14: 230 | N14: 0 | O14: =SUM(C14:L14,N14) -> 239 | P14: =SUM(C14:N14) -> 469 | R14: 1100-1200 | S14: =SUM(C26:C29) -> 197 | T14: =SUM(D26:D29) -> 47 | U14: =SUM(E26:E29) -> 27 | V14: =SUM(F26:F29) -> 34 | W14: =SUM(G26:G29) -> 0 | X14: =SUM(H26:H29) -> 0 | Y14: =SUM(I26:I29) -> 8 | Z14: =SUM(J26:J29) -> 5 | ... AF14: =SUM(P26:P29) -> 659
B15: 08.15 - 08.30 | C15: 150 | D15: 14 | E15: 13 | F15: 51 | G15: 0 | H15: 0 | I15: 4 | J15: 0 | K15: 0 | L15: 0 | M15: 200 | N15: 0 | O15: =SUM(C15:L15,N15) -> 232 | P15: =SUM(C15:N15) -> 432 | R15: 1200-1300 | S15: =SUM(C30:C33) -> 170 | T15: =SUM(D30:D33) -> 36 | U15: =SUM(E30:E33) -> 26 | V15: =SUM(F30:F33) -> 40 | W15: =SUM(G30:G33) -> 1 | X15: =SUM(H30:H33) -> 0 | Y15: =SUM(I30:I33) -> 10 | Z15: =SUM(J30:J33) -> 2 | ... AF15: =SUM(P30:P33) -> 526
B16: 08.30 - 08.45 | C16: 205 | D16: 13 | E16: 9 | F16: 57 | G16: 1 | H16: 0 | I16: 7 | J16: 0 | K16: 0 | L16: 0 | M16: 121 | N16: 0 | O16: =SUM(C16:L16,N16) -> 292 | P16: =SUM(C16:N16) -> 413 | R16: 1300-1400 | S16: =SUM(C34:C37) -> 178 | T16: =SUM(D34:D37) -> 32 | U16: =SUM(E34:E37) -> 29 | V16: =SUM(F34:F37) -> 34 | W16: =SUM(G34:G37) -> 0 | X16: =SUM(H34:H37) -> 0 | Y16: =SUM(I34:I37) -> 7 | Z16: =SUM(J34:J37) -> 2 | ... AF16: =SUM(P34:P37) -> 543
B17: 08.45 - 9.00 | C17: 115 | D17: 16 | E17: 11 | F17: 30 | G17: 0 | H17: 0 | I17: 3 | J17: 1 | K17: 0 | L17: 0 | M17: 140 | N17: 0 | O17: =SUM(C17:L17,N17) -> 176 | P17: =SUM(C17:N17) -> 316 | R17: 1400-1500 | S17: =SUM(C38:C41) -> 154 | T17: =SUM(D38:D41) -> 24 | U17: =SUM(E38:E41) -> 23 | V17: =SUM(F38:F41) -> 30 | W17: =SUM(G38:G41) -> 0 | X17: =SUM(H38:H41) -> 0 | Y17: =SUM(I38:I41) -> 19 | Z17: =SUM(J38:J41) -> 0 | ... AF17: =SUM(P38:P41) -> 499
B18: 09.00 - 09.15 | C18: 118 | D18: 12 | E18: 16 | F18: 21 | G18: 0 | H18: 0 | I18: 7 | J18: 0 | K18: 0 | L18: 0 | M18: 135 | N18: 0 | O18: =SUM(C18:L18,N18) -> 174 | P18: =SUM(C18:N18) -> 309 | R18: 1500-1600 | S18: =SUM(C42:C45) -> 141 | T18: =SUM(D42:D45) -> 31 | U18: =SUM(E42:E45) -> 24 | V18: =SUM(F42:F45) -> 33 | W18: =SUM(G42:G45) -> 1 | X18: =SUM(H42:H45) -> 0 | Y18: =SUM(I42:I45) -> 13 | Z18: =SUM(J42:J45) -> 2 | ... AF18: =SUM(P42:P45) -> 492
B19: 09.15 - 09.30 | C19: 111 | D19: 16 | E19: 7 | F19: 20 | G19: 0 | H19: 0 | I19: 9 | J19: 0 | K19: 0 | L19: 0 | M19: 150 | N19: 0 | O19: =SUM(C19:L19,N19) -> 163 | P19: =SUM(C19:N19) -> 313 | R19: 1600-1700 | S19: =SUM(C46:C49) -> 139 | T19: =SUM(D46:D49) -> 29 | U19: =SUM(E46:E49) -> 16 | V19: =SUM(F46:F49) -> 39 | W19: =SUM(G46:G49) -> 1 | X19: =SUM(H46:H49) -> 0 | Y19: =SUM(I46:I49) -> 9 | Z19: =SUM(J46:J49) -> 2 | ... AF19: =SUM(P46:P49) -> 558
B20: 09.30 - 09.45 | C20: 90 | D20: 23 | E20: 9 | F20: 22 | G20: 0 | H20: 0 | I20: 3 | J20: 0 | K20: 0 | L20: 0 | M20: 100 | N20: 0 | O20: =SUM(C20:L20,N20) -> 147 | P20: =SUM(C20:N20) -> 247 | R20: 1700-1800 | S20: =SUM(C50:C53) -> 163 | T20: =SUM(D50:D53) -> 40 | U20: =SUM(E50:E53) -> 35 | V20: =SUM(F50:F53) -> 38 | W20: =SUM(G50:G53) -> 3 | X20: =SUM(H50:H53) -> 0 | Y20: =SUM(I50:I53) -> 15 | Z20: =SUM(J50:J53) -> 0 | ... AF20: =SUM(P50:P53) -> 636
B21: 09.45 - 10.00 | C21: 63 | D21: 14 | E21: 7 | F21: 14 | G21: 0 | H21: 0 | I21: 0 | J21: 0 | K21: 0 | L21: 0 | M21: 75 | N21: 0 | O21: =SUM(C21:L21,N21) -> 98 | P21: =SUM(C21:N21) -> 173 | R21: 1800-1900 | S21: =SUM(C54:C57) -> 141 | T21: =SUM(D54:D57) -> 22 | U21: =SUM(E54:E57) -> 20 | V21: =SUM(F54:F57) -> 34 | W21: =SUM(G54:G57) -> 2 | X21: =SUM(H54:H57) -> 0 | Y21: =SUM(I54:I57) -> 6 | Z21: =SUM(J54:J57) -> 4 | ... AF21: =SUM(P54:P57) -> 567
B22: 10.00 - 10.15 | C22: 65 | D22: 9 | E22: 10 | F22: 17 | G22: 1 | H22: 0 | I22: 3 | J22: 0 | K22: 0 | L22: 0 | M22: 85 | N22: 0 | O22: =SUM(C22:L22,N22) -> 105 | P22: =SUM(C22:N22) -> 190 | R22: 1900-2000 | S22: =SUM(C58:C61) -> 88 | T22: =SUM(D58:D61) -> 9 | U22: =SUM(E58:E61) -> 33 | V22: =SUM(F58:F61) -> 51 | W22: =SUM(G58:G61) -> 1 | X22: =SUM(H58:H61) -> 0 | Y22: =SUM(I58:I61) -> 4 | Z22: =SUM(J58:J61) -> 1 | ... AF22: =SUM(P58:P61) -> 592
B23: 10.15 - 10.30 | C23: 58 | D23: 7 | E23: 5 | F23: 6 | G23: 0 | H23: 1 | I23: 1 | J23: 0 | K23: 0 | L23: 0 | M23: 92 | N23: 0 | O23: =SUM(C23:L23,N23) -> 78 | P23: =SUM(C23:N23) -> 170 | R23: 2000-2100 | S23: =SUM(C62:C65) -> 98 | T23: =SUM(D62:D65) -> 13 | U23: =SUM(E62:E65) -> 43 | V23: =SUM(F62:F65) -> 49 | W23: =SUM(G62:G65) -> 0 | X23: =SUM(H62:H65) -> 1 | Y23: =SUM(I62:I65) -> 6 | Z23: =SUM(J62:J65) -> 1 | ... AF23: =SUM(P62:P65) -> 620
B24: 10.30 - 10.45 | C24: 70 | D24: 8 | E24: 10 | F24: 13 | G24: 0 | H24: 0 | I24: 5 | J24: 2 | K24: 0 | L24: 0 | M24: 105 | N24: 0 | O24: =SUM(C24:L24,N24) -> 108 | P24: =SUM(C24:N24) -> 213 | R24: 2100-2200 | S24: =SUM(C66:C69) -> 87 | T24: =SUM(D66:D69) -> 12 | U24: =SUM(E66:E69) -> 41 | V24: =SUM(F66:F69) -> 21 | W24: =SUM(G66:G69) -> 0 | X24: =SUM(H66:H69) -> 0 | Y24: =SUM(I66:I69) -> 9 | Z24: =SUM(J66:J69) -> 2 | ... AF24: =SUM(P66:P69) -> 506
B25: 10.45 - 11.00 | C25: 70 | D25: 12 | E25: 5 | F25: 15 | G25: 0 | H25: 0 | I25: 1 | J25: 0 | K25: 0 | L25: 0 | M25: 72 | N25: 0 | O25: =SUM(C25:L25,N25) -> 103 | P25: =SUM(C25:N25) -> 175 | R25: 2200-2300 | S25: =SUM(C70:C73) -> 42 | T25: =SUM(D70:D73) -> 8 | U25: =SUM(E70:E73) -> 17 | V25: =SUM(F70:F73) -> 9 | W25: =SUM(G70:G73) -> 0 | X25: =SUM(H70:H73) -> 0 | Y25: =SUM(I70:I73) -> 1 | Z25: =SUM(J70:J73) -> 0 | ... AF25: =SUM(P70:P73) -> 293
B26: 11.00 - 11.15 | C26: 61 | D26: 17 | E26: 7 | F26: 7 | G26: 0 | H26: 0 | I26: 2 | J26: 1 | K26: 0 | L26: 0 | M26: 72 | N26: 0 | O26: =SUM(C26:L26,N26) -> 95 | P26: =SUM(C26:N26) -> 167 | R26: 2300-0000 | S26: =SUM(C74:C77) -> 39 | T26: =SUM(D74:D77) -> 4 | U26: =SUM(E74:E77) -> 12 | V26: =SUM(F74:F77) -> 9 | W26: =SUM(G74:G77) -> 0 | X26: =SUM(H74:H77) -> 0 | Y26: =SUM(I74:I77) -> 2 | Z26: =SUM(J74:J77) -> 0 | ... AF26: =SUM(P74:P77) -> 206
B27: 11.15 - 11.30 | C27: 51 | D27: 13 | E27: 4 | F27: 15 | G27: 0 | H27: 0 | I27: 2 | J27: 2 | K27: 0 | L27: 0 | M27: 75 | N27: 0 | O27: =SUM(C27:L27,N27) -> 87 | P27: =SUM(C27:N27) -> 162 | R27: 0000-0100 | S27: =SUM(C78:C81) -> 15 | T27: =SUM(D78:D81) -> 2 | U27: =SUM(E78:E81) -> 4 | V27: =SUM(F78:F81) -> 0 | W27: =SUM(G78:G81) -> 0 | X27: =SUM(H78:H81) -> 0 | Y27: =SUM(I78:I81) -> 0 | Z27: =SUM(J78:J81) -> 0 | ... AF27: =SUM(P78:P81) -> 83
B28: 11.30 - 11.45 | C28: 43 | D28: 11 | E28: 8 | F28: 6 | G28: 0 | H28: 0 | I28: 1 | J28: 1 | K28: 0 | L28: 0 | M28: 90 | N28: 0 | O28: =SUM(C28:L28,N28) -> 70 | P28: =SUM(C28:N28) -> 160 | R28: 0100-0200 | S28: =SUM(C82:C85) -> 15 | T28: =SUM(D82:D85) -> 0 | U28: =SUM(E82:E85) -> 1 | V28: =SUM(F82:F85) -> 0 | W28: =SUM(G82:G85) -> 0 | X28: =SUM(H82:H85) -> 0 | Y28: =SUM(I82:I85) -> 2 | Z28: =SUM(J82:J85) -> 0 | ... AF28: =SUM(P82:P85) -> 49
B29: 11.45 - 12.00 | C29: 42 | D29: 6 | E29: 8 | F29: 6 | G29: 0 | H29: 0 | I29: 3 | J29: 1 | K29: 0 | L29: 0 | M29: 104 | N29: 0 | O29: =SUM(C29:L29,N29) -> 66 | P29: =SUM(C29:N29) -> 170 | R29: 0200-0300 | S29: =SUM(C86:C89) -> 6 | T29: =SUM(D86:D89) -> 0 | U29: =SUM(E86:E89) -> 1 | V29: =SUM(F86:F89) -> 1 | W29: =SUM(G86:G89) -> 0 | X29: =SUM(H86:H89) -> 0 | Y29: =SUM(I86:I89) -> 0 | Z29: =SUM(J86:J89) -> 0 | ... AF29: =SUM(P86:P89) -> 27
B30: 12.00 - 12.15 | C30: 55 | D30: 13 | E30: 12 | F30: 15 | G30: 1 | H30: 0 | I30: 3 | J30: 1 | K30: 0 | L30: 0 | M30: 68 | N30: 0 | O30: =SUM(C30:L30,N30) -> 100 | P30: =SUM(C30:N30) -> 168 | R30: 0300-0400 | S30: =SUM(C90:C93) -> 3 | T30: =SUM(D90:D93) -> 0 | U30: =SUM(E90:E93) -> 0 | V30: =SUM(F90:F93) -> 0 | W30: =SUM(G90:G93) -> 0 | X30: =SUM(H90:H93) -> 0 | Y30: =SUM(I90:I93) -> 0 | Z30: =SUM(J90:J93) -> 0 | ... AF30: =SUM(P90:P93) -> 19
B31: 12.15 - 12.30 | C31: 42 | D31: 10 | E31: 7 | F31: 13 | G31: 0 | H31: 0 | I31: 3 | J31: 0 | K31: 0 | L31: 0 | M31: 62 | N31: 0 | O31: =SUM(C31:L31,N31) -> 75 | P31: =SUM(C31:N31) -> 137 | R31: 0400-0500 | S31: =SUM(C94:C97) -> 7 | T31: =SUM(D94:D97) -> 0 | U31: =SUM(E94:E97) -> 2 | V31: =SUM(F94:F97) -> 1 | W31: =SUM(G94:G97) -> 0 | X31: =SUM(H94:H97) -> 0 | Y31: =SUM(I94:I97) -> 2 | Z31: =SUM(J94:J97) -> 0 | ... AF31: =SUM(P94:P97) -> 39
B32: 12.30 - 12.45 | C32: 22 | D32: 6 | E32: 2 | F32: 5 | G32: 0 | H32: 0 | I32: 1 | J32: 1 | K32: 0 | L32: 0 | M32: 35 | N32: 0 | O32: =SUM(C32:L32,N32) -> 37 | P32: =SUM(C32:N32) -> 72 | R32: 0500-0600 | S32: =SUM(C98:C101) -> 59 | T32: =SUM(D98:D101) -> 3 | U32: =SUM(E98:E101) -> 14 | V32: =SUM(F98:F101) -> 23 | W32: =SUM(G98:G101) -> 0 | X32: =SUM(H98:H101) -> 0 | Y32: =SUM(I98:I101) -> 1 | Z32: =SUM(J98:J101) -> 1 | ... AF32: =SUM(P98:P101) -> 182
B33: 12.45 - 13.00 | C33: 51 | D33: 7 | E33: 5 | F33: 7 | G33: 0 | H33: 0 | I33: 3 | J33: 0 | K33: 0 | L33: 0 | M33: 75 | N33: 1 | O33: =SUM(C33:L33,N33) -> 74 | P33: =SUM(C33:N33) -> 149 | R33: 0600-0700 | S33: =SUM(C102:C105) -> 776 | T33: =SUM(D102:D105) -> 37 | U33: =SUM(E102:E105) -> 49 | V33: =SUM(F102:F105) -> 127 | W33: =SUM(G102:G105) -> 1 | X33: =SUM(H102:H105) -> 0 | Y33: =SUM(I102:I105) -> 13 | Z33: =SUM(J102:J105) -> 2 | ... AF33: =SUM(P102:P105) -> 1185
B34: 13.00 - 13.15 | C34: 51 | D34: 8 | E34: 14 | F34: 12 | G34: 0 | H34: 0 | I34: 2 | J34: 2 | K34: 0 | L34: 0 | M34: 80 | N34: 0 | O34: =SUM(C34:L34,N34) -> 89 | P34: =SUM(C34:N34) -> 169 | R34: AM Peak Hr | S34: =MAX(S10:S12) -> 750 | T34: =MAX(T10:T12) -> 86 | U34: =MAX(U10:U12) -> 63 | V34: =MAX(V10:V12) -> 201 | W34: =MAX(W10:W12) -> 3 | X34: =MAX(X10:X12) -> 0 | Y34: =MAX(Y10:Y12) -> 23 | Z34: =MAX(Z10:Z12) -> 2 | ... AF34: =MAX(AF10:AF12) -> 1866
B35: 13.15 - 13.30 | C35: 40 | D35: 6 | E35: 7 | F35: 8 | G35: 0 | H35: 0 | I35: 3 | J35: 0 | K35: 0 | L35: 0 | M35: 55 | N35: 0 | O35: =SUM(C35:L35,N35) -> 64 | P35: =SUM(C35:N35) -> 119 | R35: IP Peak Hr | S35: =MAX(S13:S18) -> 263 | T35: =MAX(T13:T18) -> 47 | U35: =MAX(U13:U18) -> 30 | V35: =MAX(V13:V18) -> 51 | W35: =MAX(W13:W18) -> 1 | X35: =MAX(X13:X18) -> 1 | Y35: =MAX(Y13:Y18) -> 19 | Z35: =MAX(Z13:Z18) -> 5 | ... AF35: =MAX(AF13:AF18) -> 748
B36: 13.30 - 13.45 | C36: 47 | D36: 11 | E36: 5 | F36: 6 | G36: 0 | H36: 0 | I36: 1 | J36: 0 | K36: 0 | L36: 0 | M36: 71 | N36: 0 | O36: =SUM(C36:L36,N36) -> 70 | P36: =SUM(C36:N36) -> 141 | R36: PM Peak Hr | S36: =MAX(S19:S21) -> 163 | T36: =MAX(T19:T21) -> 40 | U36: =MAX(U19:U21) -> 35 | V36: =MAX(V19:V21) -> 39 | W36: =MAX(W19:W21) -> 3 | X36: =MAX(X19:X21) -> 0 | Y36: =MAX(Y19:Y21) -> 15 | Z36: =MAX(Z19:Z21) -> 4 | ... AF36: =MAX(AF19:AF21) -> 636
B37: 13.45 - 14.00 | C37: 40 | D37: 7 | E37: 3 | F37: 8 | G37: 0 | H37: 0 | I37: 1 | J37: 0 | K37: 0 | L37: 0 | M37: 55 | N37: 0 | O37: =SUM(C37:L37,N37) -> 59 | P37: =SUM(C37:N37) -> 114 | R37: AM Period | S37: =SUM(S10:S12) -> 1752 | T37: =SUM(T10:T12) -> 212 | U37: =SUM(U10:U12) -> 143 | V37: =SUM(V10:V12) -> 471 | W37: =SUM(W10:W12) -> 4 | X37: =SUM(X10:X12) -> 0 | Y37: =SUM(Y10:Y12) -> 61 | Z37: =SUM(Z10:Z12) -> 4 | ... AF37: =SUM(AF10:AF12) -> 4538
B38: 14.00 - 14.15 | C38: 37 | D38: 11 | E38: 7 | F38: 10 | G38: 0 | H38: 0 | I38: 6 | J38: 0 | K38: 0 | L38: 0 | M38: 67 | N38: 0 | O38: =SUM(C38:L38,N38) -> 71 | P38: =SUM(C38:N38) -> 138 | R38: IP Period | S38: =SUM(S13:S18) -> 1103 | T38: =SUM(T13:T18) -> 206 | U38: =SUM(U13:U18) -> 159 | V38: =SUM(V13:V18) -> 222 | W38: =SUM(W13:W18) -> 3 | X38: =SUM(X13:X18) -> 1 | Y38: =SUM(Y13:Y18) -> 67 | Z38: =SUM(Z13:Z18) -> 13 | ... AF38: =SUM(AF13:AF18) -> 3467
B39: 14.15 - 14.30 | C39: 34 | D39: 6 | E39: 4 | F39: 5 | G39: 0 | H39: 0 | I39: 5 | J39: 0 | K39: 0 | L39: 0 | M39: 57 | N39: 0 | O39: =SUM(C39:L39,N39) -> 54 | P39: =SUM(C39:N39) -> 111 | R39: PM Period | S39: =SUM(S19:S21) -> 443 | T39: =SUM(T19:T21) -> 91 | U39: =SUM(U19:U21) -> 71 | V39: =SUM(V19:V21) -> 111 | W39: =SUM(W19:W21) -> 6 | X39: =SUM(X19:X21) -> 0 | Y39: =SUM(Y19:Y21) -> 30 | Z39: =SUM(Z19:Z21) -> 6 | ... AF39: =SUM(AF19:AF21) -> 1761
B40: 14.30 - 14.45 | C40: 48 | D40: 4 | E40: 2 | F40: 8 | G40: 0 | H40: 0 | I40: 2 | J40: 0 | K40: 0 | L40: 0 | M40: 70 | N40: 0 | O40: =SUM(C40:L40,N40) -> 64 | P40: =SUM(C40:N40) -> 134 | R40: 12 Hours | S40: =SUM(S10:S21) -> 3298 | T40: =SUM(T10:T21) -> 509 | U40: =SUM(U10:U21) -> 373 | V40: =SUM(V10:V21) -> 804 | W40: =SUM(W10:W21) -> 13 | X40: =SUM(X10:X21) -> 1 | Y40: =SUM(Y10:Y21) -> 158 | Z40: =SUM(Z10:Z21) -> 23 | ... AF40: =SUM(AF10:AF21) -> 9766
B41: 14.45 - 15.00 | C41: 35 | D41: 3 | E41: 10 | F41: 7 | G41: 0 | H41: 0 | I41: 6 | J41: 0 | K41: 0 | L41: 0 | M41: 55 | N41: 0 | O41: =SUM(C41:L41,N41) -> 61 | P41: =SUM(C41:N41) -> 116 | R41: 24 Hrs/ADT | S41: =SUM(S10:S33) -> 4533 | T41: =SUM(T10:T33) -> 597 | U41: =SUM(U10:U33) -> 590 | V41: =SUM(V10:V33) -> 1095 | W41: =SUM(W10:W33) -> 15 | X41: =SUM(X10:X33) -> 2 | Y41: =SUM(Y10:Y33) -> 198 | Z41: =SUM(Z10:Z33) -> 30 | ... AF41: =SUM(AF10:AF33) -> 13567
B42: 15.00 - 15.15 | C42: 26 | D42: 11 | E42: 5 | F42: 10 | G42: 1 | H42: 0 | I42: 0 | J42: 0 | K42: 0 | L42: 0 | M42: 55 | N42: 0 | O42: =SUM(C42:L42,N42) -> 53 | P42: =SUM(C42:N42) -> 108 | R42: NEF | S42: =S41/S40 -> 1.3744694 | T42: =T41/T40 -> 1.172888 | U42: =U41/U40 -> 1.5817694 | V42: =V41/V40 -> 1.3619403 | W42: =W41/W40 -> 1.1538462 | X42: =X41/X40 -> 2 | Y42: =Y41/Y40 -> 1.2531646 | Z42: =Z41/Z40 -> 1.3043478 | ... AF42: =AF41/AF40 -> 1.3892075
B43: 15.15 - 15.30 | C43: 31 | D43: 5 | E43: 4 | F43: 5 | G43: 0 | H43: 0 | I43: 5 | J43: 1 | K43: 0 | L43: 0 | M43: 67 | N43: 0 | O43: =SUM(C43:L43,N43) -> 51 | P43: =SUM(C43:N43) -> 118
B44: 15.30 - 15.45 | C44: 39 | D44: 8 | E44: 10 | F44: 10 | G44: 0 | H44: 0 | I44: 3 | J44: 0 | K44: 0 | L44: 0 | M44: 70 | N44: 0 | O44: =SUM(C44:L44,N44) -> 70 | P44: =SUM(C44:N44) -> 140
B45: 15.45 - 16.00 | C45: 45 | D45: 7 | E45: 5 | F45: 8 | G45: 0 | H45: 0 | I45: 5 | J45: 1 | K45: 0 | L45: 0 | M45: 55 | N45: 0 | O45: =SUM(C45:L45,N45) -> 71 | P45: =SUM(C45:N45) -> 126
B46: 16.00 - 16.15 | C46: 33 | D46: 5 | E46: 2 | F46: 10 | G46: 1 | H46: 0 | I46: 2 | J46: 0 | K46: 0 | L46: 0 | M46: 70 | N46: 0 | O46: =SUM(C46:L46,N46) -> 53 | P46: =SUM(C46:N46) -> 123
B47: 16.15 -16.30 | C47: 30 | D47: 4 | E47: 4 | F47: 13 | G47: 0 | H47: 0 | I47: 1 | J47: 1 | K47: 0 | L47: 0 | M47: 75 | N47: 0 | O47: =SUM(C47:L47,N47) -> 53 | P47: =SUM(C47:N47) -> 128
B48: 16.30 -16.45 | C48: 37 | D48: 13 | E48: 7 | F48: 8 | G48: 0 | H48: 0 | I48: 4 | J48: 0 | K48: 0 | L48: 0 | M48: 85 | N48: 0 | O48: =SUM(C48:L48,N48) -> 69 | P48: =SUM(C48:N48) -> 154
B49: 16.45 -17.00 | C49: 39 | D49: 7 | E49: 3 | F49: 8 | G49: 0 | H49: 0 | I49: 2 | J49: 1 | K49: 0 | L49: 0 | M49: 93 | N49: 0 | O49: =SUM(C49:L49,N49) -> 60 | P49: =SUM(C49:N49) -> 153
B50: 17.00 -17.15 | C50: 29 | D50: 10 | E50: 5 | F50: 8 | G50: 0 | H50: 0 | I50: 5 | J50: 0 | K50: 0 | L50: 0 | M50: 60 | N50: 0 | O50: =SUM(C50:L50,N50) -> 57 | P50: =SUM(C50:N50) -> 117
B51: 17.15 -17.30 | C51: 44 | D51: 8 | E51: 10 | F51: 6 | G51: 0 | H51: 0 | I51: 3 | J51: 0 | K51: 1 | L51: 0 | M51: 95 | N51: 0 | O51: =SUM(C51:L51,N51) -> 72 | P51: =SUM(C51:N51) -> 167
B52: 17.30 -17.45 | C52: 45 | D52: 13 | E52: 12 | F52: 13 | G52: 2 | H52: 0 | I52: 3 | J52: 0 | K52: 0 | L52: 0 | M52: 110 | N52: 0 | O52: =SUM(C52:L52,N52) -> 88 | P52: =SUM(C52:N52) -> 198
B53: 17.45 -18.00 | C53: 45 | D53: 9 | E53: 8 | F53: 11 | G53: 1 | H53: 0 | I53: 4 | J53: 0 | K53: 0 | L53: 0 | M53: 76 | N53: 0 | O53: =SUM(C53:L53,N53) -> 78 | P53: =SUM(C53:N53) -> 154
B54: 18.00 - 18.15 | C54: 42 | D54: 6 | E54: 5 | F54: 7 | G54: 0 | H54: 0 | I54: 1 | J54: 2 | K54: 0 | L54: 0 | M54: 90 | N54: 0 | O54: =SUM(C54:L54,N54) -> 63 | P54: =SUM(C54:N54) -> 153
... B105: 06.45 - 07.00 | C105: 233 | D105: 8 | E105: 16 | F105: 61 | G105: 0 | H105: 0 | I105: 0 | J105: 0 | K105: 0 | L105: 0 | M105: 48 | N105: 0 | O105: =SUM(C105:L105,N105) -> 318 | P105: =SUM(C105:N105) -> 366
B106: Totals | C106: =SUM(C10:C105) -> 4533 | D106: =SUM(D10:D105) -> 597 | E106: =SUM(E10:E105) -> 590 | F106: =SUM(F10:F105) -> 1095 | G106: =SUM(G10:G105) -> 15 | H106: =SUM(H10:H105) -> 2 | I106: =SUM(I10:I105) -> 198 | J106: =SUM(J10:J105) -> 30 | ... P106: =SUM(P10:P105) -> 13567
B107: %ges + MCs | C107: =C106/$P$106 -> 0.33411955 | D107: =D106/$P$106 -> 0.044003833 | E107: =E106/$P$106 -> 0.043487875 | F107: =F106/$P$106 -> 0.080710548 | G107: =G106/$P$106 -> 0.0011056239 | H107: =H106/$P$106 -> 0.00014741653 | I107: =I106/$P$106 -> 0.014594236 | J107: =J106/$P$106 -> 0.0022112479 | ... N107: =N106/$P$106 -> 7.3708263e-05
B108: %ges w/o MCs | C108: =C106/$O$106 -> 0.64161359 | D108: =D106/$O$106 -> 0.084501062 | E108: =E106/$O$106 -> 0.083510262 | F108: =F106/$O$106 -> 0.15498938 | G108: =G106/$O$106 -> 0.0021231423 | H108: =H106/$O$106 -> 0.00028308563 | I108: =I106/$O$106 -> 0.028025478 | J108: =J106/$O$106 -> 0.0042462845 | ... L108: =L106/$O$106 -> 0 | N108: =N106/$O$106 -> 0.00014154282

Sheet 01.08 Mulago-Kyebando-24h
B1: Consultancy services for Preparation of Expressway Development Master Plan (EDMP) for Uganda
B2: MANUAL CLASSIFIED COUNT (MCC)
B3: ROAD NAME: | C3: ='02.08 Kyebando-Mulago'!C3:G3 -> MCC - C1 - STN28 - KISINGIRI ROAD
C5: Date | D5: ='01.08 Kyebando-Mulago-24h'!D5 -> 01.08.19 | F5: Location | G5: ='01.08 Kyebando-Mulago-24h'!G5:H5 -> Kisingiri Street | J5: Surveyor | K5: Frank
C6: Dir. From | D6: ='02.08 Mulago-Kyebando'!D6:E6 -> Mulago | F6: Dir. To | G6: ='29.07 Mulago-Kyebando'!G6:H6 -> Kyebando | J6: Supervisor | K6: Steven
B8: Time / Veh Type | R8: SUMMARY TRAFFIC VOLUMES
C9: 1. Car | D9: 2. Station Wagon | E9: 3. Pickups | F9: 4. Minibus, matatu | G9: 5. Medium bus | H9: 6. Large Bus | I9: 7. Light Truck | J9: 8. Medium Truck | K9: 9. Heavy truck | L9: 10. Truck Trailer | M9: 11. Motor cycles | N9: 12. Tractors | O9: Total Excl M/Cycles | P9: Total All | R9: Time | S9: 1. Car | T9: 2. Station Wagon | U9: 3. Pickups | V9: 4. Minibus, matatu | W9: 5. Medium bus | X9: 6. Large Bus | Y9: 7. Light Truck | Z9: 8. Medium Truck | AA9: 9. Heavy truck | AB9: 10. Truck Trailer | AC9: 11. Motorcycles | AD9: 12. Tractors, Graders | AE9: Total Excl M/ Cycles | AF9: Total All
B10: 07.00 - 07.15 | C10: 32 | D10: 2 | E10: 7 | F10: 17 | G10: 3 | H10: 0 | I10: 1 | J10: 0 | K10: 0 | L10: 0 | M10: 150 | N10: 0 | O10: =SUM(C10:L10,N10) -> 62 | P10: =SUM(C10:N10) -> 212 | R10: 0700-0800 | S10: =SUM(C10:C13) -> 83 | T10: =SUM(D10:D13) -> 19 | U10: =SUM(E10:E13) -> 18 | V10: =SUM(F10:F13) -> 50 | W10: =SUM(G10:G13) -> 6 | X10: =SUM(H10:H13) -> 0 | Y10: =SUM(I10:I13) -> 6 | Z10: =SUM(J10:J13) -> 1 | ... AF10: =SUM(P10:P13) -> 794
B11: 07.15 - 07.30 | C11: 23 | D11: 9 | E11: 4 | F11: 11 | G11: 0 | H11: 0 | I11: 2 | J11: 0 | K11: 0 | L11: 0 | M11: 161 | N11: 0 | O11: =SUM(C11:L11,N11) -> 49 | P11: =SUM(C11:N11) -> 210 | R11: 0800-0900 | S11: =SUM(C14:C17) -> 102 | T11: =SUM(D14:D17) -> 11 | U11: =SUM(E14:E17) -> 20 | V11: =SUM(F14:F17) -> 39 | W11: =SUM(G14:G17) -> 1 | X11: =SUM(H14:H17) -> 0 | Y11: =SUM(I14:I17) -> 9 | Z11: =SUM(J14:J17) -> 3 | ... AF11: =SUM(P14:P17) -> 985
B12: 07.30 - 07.45 | C12: 20 | D12: 4 | E12: 5 | F12: 13 | G12: 2 | H12: 0 | I12: 2 | J12: 0 | K12: 0 | L12: 0 | M12: 170 | N12: 0 | O12: =SUM(C12:L12,N12) -> 46 | P12: =SUM(C12:N12) -> 216 | R12: 0900-1000 | S12: =SUM(C18:C21) -> 111 | T12: =SUM(D18:D21) -> 14 | U12: =SUM(E18:E21) -> 17 | V12: =SUM(F18:F21) -> 74 | W12: =SUM(G18:G21) -> 0 | X12: =SUM(H18:H21) -> 0 | Y12: =SUM(I18:I21) -> 10 | Z12: =SUM(J18:J21) -> 1 | ... AF12: =SUM(P18:P21) -> 1004
B13: 07.45 - 08.00 | C13: 8 | D13: 4 | E13: 2 | F13: 9 | G13: 1 | H13: 0 | I13: 1 | J13: 1 | K13: 0 | L13: 0 | M13: 130 | N13: 0 | O13: =SUM(C13:L13,N13) -> 26 | P13: =SUM(C13:N13) -> 156 | R13: 1000-1100 | S13: =SUM(C22:C25) -> 139 | T13: =SUM(D22:D25) -> 28 | U13: =SUM(E22:E25) -> 43 | V13: =SUM(F22:F25) -> 67 | W13: =SUM(G22:G25) -> 3 | X13: =SUM(H22:H25) -> 0 | Y13: =SUM(I22:I25) -> 15 | Z13: =SUM(J22:J25) -> 3 | ... AF13: =SUM(P22:P25) -> 867
B14: 08.00 - 08.15 | C14: 26 | D14: 0 | E14: 2 | F14: 9 | G14: 1 | H14: 0 | I14: 2 | J14: 1 | K14: 0 | L14: 0 | M14: 175 | N14: 0 | O14: =SUM(C14:L14,N14) -> 41 | P14: =SUM(C14:N14) -> 216 | R14: 1100-1200 | S14: =SUM(C26:C29) -> 179 | T14: =SUM(D26:D29) -> 34 | U14: =SUM(E26:E29) -> 38 | V14: =SUM(F26:F29) -> 56 | W14: =SUM(G26:G29) -> 1 | X14: =SUM(H26:H29) -> 0 | Y14: =SUM(I26:I29) -> 23 | Z14: =SUM(J26:J29) -> 3 | ... AF14: =SUM(P26:P29) -> 772
B15: 08.15 - 08.30 | C15: 30 | D15: 5 | E15: 3 | F15: 12 | G15: 0 | H15: 0 | I15: 4 | J15: 1 | K15: 1 | L15: 0 | M15: 229 | N15: 0 | O15: =SUM(C15:L15,N15) -> 56 | P15: =SUM(C15:N15) -> 285 | R15: 1200-1300 | S15: =SUM(C30:C33) -> 161 | T15: =SUM(D30:D33) -> 27 | U15: =SUM(E30:E33) -> 20 | V15: =SUM(F30:F33) -> 44 | W15: =SUM(G30:G33) -> 0 | X15: =SUM(H30:H33) -> 0 | Y15: =SUM(I30:I33) -> 13 | Z15: =SUM(J30:J33) -> 7 | ... AF15: =SUM(P30:P33) -> 707
B16: 08.30 - 08.45 | C16: 18 | D16: 3 | E16: 7 | F16: 8 | G16: 0 | H16: 0 | I16: 3 | J16: 1 | K16: 0 | L16: 0 | M16: 180 | N16: 0 | O16: =SUM(C16:L16,N16) -> 40 | P16: =SUM(C16:N16) -> 220 | R16: 1300-1400 | S16: =SUM(C34:C37) -> 223 | T16: =SUM(D34:D37) -> 26 | U16: =SUM(E34:E37) -> 40 | V16: =SUM(F34:F37) -> 56 | W16: =SUM(G34:G37) -> 2 | X16: =SUM(H34:H37) -> 0 | Y16: =SUM(I34:I37) -> 26 | Z16: =SUM(J34:J37) -> 1 | ... AF16: =SUM(P34:P37) -> 839
B17: 08.45 - 9.00 | C17: 28 | D17: 3 | E17: 8 | F17: 10 | G17: 0 | H17: 0 | I17: 0 | J17: 0 | K17: 0 | L17: 0 | M17: 215 | N17: 0 | O17: =SUM(C17:L17,N17) -> 49 | P17: =SUM(C17:N17) -> 264 | R17: 1400-1500 | S17: =SUM(C38:C41) -> 189 | T17: =SUM(D38:D41) -> 28 | U17: =SUM(E38:E41) -> 25 | V17: =SUM(F38:F41) -> 43 | W17: =SUM(G38:G41) -> 0 | X17: =SUM(H38:H41) -> 0 | Y17: =SUM(I38:I41) -> 23 | Z17: =SUM(J38:J41) -> 4 | ... AF17: =SUM(P38:P41) -> 731
B18: 09.00 - 09.15 | C18: 13 | D18: 3 | E18: 5 | F18: 19 | G18: 0 | H18: 0 | I18: 4 | J18: 0 | K18: 0 | L18: 0 | M18: 225 | N18: 0 | O18: =SUM(C18:L18,N18) -> 44 | P18: =SUM(C18:N18) -> 269 | R18: 1500-1600 | S18: =SUM(C42:C45) -> 291 | T18: =SUM(D42:D45) -> 49 | U18: =SUM(E42:E45) -> 39 | V18: =SUM(F42:F45) -> 40 | W18: =SUM(G42:G45) -> 1 | X18: =SUM(H42:H45) -> 0 | Y18: =SUM(I42:I45) -> 27 | Z18: =SUM(J42:J45) -> 4 | ... AF18: =SUM(P42:P45) -> 898
B19: 09.15 - 09.30 | C19: 21 | D19: 0 | E19: 0 | F19: 4 | G19: 0 | H19: 0 | I19: 0 | J19: 1 | K19: 0 | L19: 0 | M19: 230 | N19: 0 | O19: =SUM(C19:L19,N19) -> 26 | P19: =SUM(C19:N19) -> 256 | R19: 1600-1700 | S19: =SUM(C46:C49) -> 325 | T19: =SUM(D46:D49) -> 48 | U19: =SUM(E46:E49) -> 35 | V19: =SUM(F46:F49) -> 48 | W19: =SUM(G46:G49) -> 2 | X19: =SUM(H46:H49) -> 0 | Y19: =SUM(I46:I49) -> 8 | Z19: =SUM(J46:J49) -> 2 | ... AF19: =SUM(P46:P49) -> 795
B20: 09.30 - 09.45 | C20: 37 | D20: 6 | E20: 6 | F20: 29 | G20: 0 | H20: 0 | I20: 5 | J20: 0 | K20: 0 | L20: 0 | M20: 190 | N20: 0 | O20: =SUM(C20:L20,N20) -> 83 | P20: =SUM(C20:N20) -> 273 | R20: 1700-1800 | S20: =SUM(C50:C53) -> 494 | T20: =SUM(D50:D53) -> 83 | U20: =SUM(E50:E53) -> 58 | V20: =SUM(F50:F53) -> 64 | W20: =SUM(G50:G53) -> 3 | X20: =SUM(H50:H53) -> 0 | Y20: =SUM(I50:I53) -> 23 | Z20: =SUM(J50:J53) -> 0 | ... AF20: =SUM(P50:P53) -> 1135
B21: 09.45 - 10.00 | C21: 40 | D21: 5 | E21: 6 | F21: 22 | G21: 0 | H21: 0 | I21: 1 | J21: 0 | K21: 0 | L21: 0 | M21: 132 | N21: 0 | O21: =SUM(C21:L21,N21) -> 74 | P21: =SUM(C21:N21) -> 206 | R21: 1800-1900 | S21: =SUM(C54:C57) -> 541 | T21: =SUM(D54:D57) -> 60 | U21: =SUM(E54:E57) -> 48 | V21: =SUM(F54:F57) -> 75 | W21: =SUM(G54:G57) -> 2 | X21: =SUM(H54:H57) -> 2 | Y21: =SUM(I54:I57) -> 21 | Z21: =SUM(J54:J57) -> 4 | ... AF21: =SUM(P54:P57) -> 1192
B22: 10.00 - 10.15 | C22: 35 | D22: 7 | E22: 11 | F22: 20 | G22: 0 | H22: 0 | I22: 5 | J22: 1 | K22: 0 | L22: 0 | M22: 170 | N22: 0 | O22: =SUM(C22:L22,N22) -> 79 | P22: =SUM(C22:N22) -> 249 | R22: 1900-2000 | S22: =SUM(C58:C61) -> 432 | T22: =SUM(D58:D61) -> 40 | U22: =SUM(E58:E61) -> 40 | V22: =SUM(F58:F61) -> 147 | W22: =SUM(G58:G61) -> 4 | X22: =SUM(H58:H61) -> 2 | Y22: =SUM(I58:I61) -> 10 | Z22: =SUM(J58:J61) -> 5 | ... AF22: =SUM(P58:P61) -> 1225
B23: 10.15 - 10.30 | C23: 39 | D23: 3 | E23: 16 | F23: 18 | G23: 1 | H23: 0 | I23: 3 | J23: 0 | K23: 0 | L23: 0 | M23: 142 | N23: 0 | O23: =SUM(C23:L23,N23) -> 80 | P23: =SUM(C23:N23) -> 222 | R23: 2000-2100 | S23: =SUM(C62:C65) -> 480 | T23: =SUM(D62:D65) -> 36 | U23: =SUM(E62:E65) -> 39 | V23: =SUM(F62:F65) -> 192 | W23: =SUM(G62:G65) -> 7 | X23: =SUM(H62:H65) -> 4 | Y23: =SUM(I62:I65) -> 27 | Z23: =SUM(J62:J65) -> 1 | ... AF23: =SUM(P62:P65) -> 1391
B24: 10.30 - 10.45 | C24: 20 | D24: 6 | E24: 6 | F24: 12 | G24: 1 | H24: 0 | I24: 5 | J24: 1 | K24: 0 | L24: 0 | M24: 135 | N24: 0 | O24: =SUM(C24:L24,N24) -> 51 | P24: =SUM(C24:N24) -> 186 | R24: 2100-2200 | S24: =SUM(C66:C69) -> 336 | T24: =SUM(D66:D69) -> 45 | U24: =SUM(E66:E69) -> 24 | V24: =SUM(F66:F69) -> 110 | W24: =SUM(G66:G69) -> 1 | X24: =SUM(H66:H69) -> 2 | Y24: =SUM(I66:I69) -> 10 | Z24: =SUM(J66:J69) -> 1 | ... AF24: =SUM(P66:P69) -> 975
B25: 10.45 - 11.00 | C25: 45 | D25: 12 | E25: 10 | F25: 17 | G25: 1 | H25: 0 | I25: 2 | J25: 1 | K25: 0 | L25: 0 | M25: 122 | N25: 0 | O25: =SUM(C25:L25,N25) -> 88 | P25: =SUM(C25:N25) -> 210 | R25: 2200-2300 | S25: =SUM(C70:C73) -> 256 | T25: =SUM(D70:D73) -> 29 | U25: =SUM(E70:E73) -> 18 | V25: =SUM(F70:F73) -> 42 | W25: =SUM(G70:G73) -> 1 | X25: =SUM(H70:H73) -> 0 | Y25: =SUM(I70:I73) -> 4 | Z25: =SUM(J70:J73) -> 0 | ... AF25: =SUM(P70:P73) -> 851
B26: 11.00 - 11.15 | C26: 41 | D26: 12 | E26: 11 | F26: 14 | G26: 0 | H26: 0 | I26: 11 | J26: 0 | K26: 0 | L26: 0 | M26: 155 | N26: 0 | O26: =SUM(C26:L26,N26) -> 89 | P26: =SUM(C26:N26) -> 244 | R26: 2300-0000 | S26: =SUM(C74:C77) -> 140 | T26: =SUM(D74:D77) -> 13 | U26: =SUM(E74:E77) -> 5 | V26: =SUM(F74:F77) -> 7 | W26: =SUM(G74:G77) -> 0 | X26: =SUM(H74:H77) -> 0 | Y26: =SUM(I74:I77) -> 1 | Z26: =SUM(J74:J77) -> 2 | ... AF26: =SUM(P74:P77) -> 431
B27: 11.15 - 11.30 | C27: 41 | D27: 12 | E27: 5 | F27: 13 | G27: 1 | H27: 0 | I27: 4 | J27: 1 | K27: 0 | L27: 0 | M27: 130\ | N27: 0 | O27: =SUM(C27:L27,N27) -> 77 | P27: =SUM(C27:N27) -> 77 | R27: 0000-0100 | S27: =SUM(C78:C81) -> 65 | T27: =SUM(D78:D81) -> 3 | U27: =SUM(E78:E81) -> 1 | V27: =SUM(F78:F81) -> 11 | W27: =SUM(G78:G81) -> 0 | X27: =SUM(H78:H81) -> 0 | Y27: =SUM(I78:I81) -> 2 | Z27: =SUM(J78:J81) -> 0 | ... AF27: =SUM(P78:P81) -> 198
B28: 11.30 - 11.45 | C28: 42 | D28: 7 | E28: 9 | F28: 15 | G28: 0 | H28: 0 | I28: 7 | J28: 2 | K28: 0 | L28: 0 | M28: 150 | N28: 0 | O28: =SUM(C28:L28,N28) -> 82 | P28: =SUM(C28:N28) -> 232 | R28: 0100-0200 | S28: =SUM(C82:C85) -> 21 | T28: =SUM(D82:D85) -> 0 | U28: =SUM(E82:E85) -> 3 | V28: =SUM(F82:F85) -> 3 | W28: =SUM(G82:G85) -> 0 | X28: =SUM(H82:H85) -> 0 | Y28: =SUM(I82:I85) -> 4 | Z28: =SUM(J82:J85) -> 0 | ... AF28: =SUM(P82:P85) -> 46
B29: 11.45 - 12.00 | C29: 55 | D29: 3 | E29: 13 | F29: 14 | G29: 0 | H29: 0 | I29: 1 | J29: 0 | K29: 0 | L29: 0 | M29: 133 | N29: 0 | O29: =SUM(C29:L29,N29) -> 86 | P29: =SUM(C29:N29) -> 219 | R29: 0200-0300 | S29: =SUM(C86:C89) -> 19 | T29: =SUM(D86:D89) -> 2 | U29: =SUM(E86:E89) -> 7 | V29: =SUM(F86:F89) -> 0 | W29: =SUM(G86:G89) -> 0 | X29: =SUM(H86:H89) -> 0 | Y29: =SUM(I86:I89) -> 0 | Z29: =SUM(J86:J89) -> 0 | ... AF29: =SUM(P86:P89) -> 43
B30: 12.00 - 12.15 | C30: 57 | D30: 6 | E30: 8 | F30: 13 | G30: 0 | H30: 0 | I30: 4 | J30: 0 | K30: 0 | L30: 0 | M30: 142 | N30: 0 | O30: =SUM(C30:L30,N30) -> 88 | P30: =SUM(C30:N30) -> 230 | R30: 0300-0400 | S30: =SUM(C90:C93) -> 9 | T30: =SUM(D90:D93) -> 1 | U30: =SUM(E90:E93) -> 1 | V30: =SUM(F90:F93) -> 0 | W30: =SUM(G90:G93) -> 0 | X30: =SUM(H90:H93) -> 0 | Y30: =SUM(I90:I93) -> 0 | Z30: =SUM(J90:J93) -> 0 | ... AF30: =SUM(P90:P93) -> 33
B31: 12.15 - 12.30 | C31: 29 | D31: 4 | E31: 3 | F31: 6 | G31: 0 | H31: 0 | I31: 0 | J31: 1 | K31: 0 | L31: 0 | M31: 100 | N31: 0 | O31: =SUM(C31:L31,N31) -> 43 | P31: =SUM(C31:N31) -> 143 | R31: 0400-0500 | S31: =SUM(C94:C97) -> 8 | T31: =SUM(D94:D97) -> 1 | U31: =SUM(E94:E97) -> 0 | V31: =SUM(F94:F97) -> 0 | W31: =SUM(G94:G97) -> 0 | X31: =SUM(H94:H97) -> 0 | Y31: =SUM(I94:I97) -> 1 | Z31: =SUM(J94:J97) -> 1 | ... AF31: =SUM(P94:P97) -> 30
B32: 12.30 - 12.45 | C32: 35 | D32: 12 | E32: 6 | F32: 12 | G32: 0 | H32: 0 | I32: 5 | J32: 6 | K32: 0 | L32: 0 | M32: 88 | N32: 0 | O32: =SUM(C32:L32,N32) -> 76 | P32: =SUM(C32:N32) -> 164 | R32: 0500-0600 | S32: =SUM(C98:C101) -> 45 | T32: =SUM(D98:D101) -> 0 | U32: =SUM(E98:E101) -> 0 | V32: =SUM(F98:F101) -> 1 | W32: =SUM(G98:G101) -> 0 | X32: =SUM(H98:H101) -> 0 | Y32: =SUM(I98:I101) -> 0 | Z32: =SUM(J98:J101) -> 0 | ... AF32: =SUM(P98:P101) -> 107
B33: 12.45 - 13.00 | C33: 40 | D33: 5 | E33: 3 | F33: 13 | G33: 0 | H33: 0 | I33: 4 | J33: 0 | K33: 0 | L33: 0 | M33: 105 | N33: 0 | O33: =SUM(C33:L33,N33) -> 65 | P33: =SUM(C33:N33) -> 170 | R33: 0600-0700 | S33: =SUM(C102:C105) -> 64 | T33: =SUM(D102:D105) -> 10 | U33: =SUM(E102:E105) -> 5 | V33: =SUM(F102:F105) -> 15 | W33: =SUM(G102:G105) -> 2 | X33: =SUM(H102:H105) -> 0 | Y33: =SUM(I102:I105) -> 5 | Z33: =SUM(J102:J105) -> 0 | ... AF33: =SUM(P102:P105) -> 245
B34: 13.00 - 13.15 | C34: 60 | D34: 5 | E34: 9 | F34: 23 | G34: 2 | H34: 0 | I34: 10 | J34: 1 | K34: 0 | L34: 0 | M34: 130 | N34: 0 | O34: =SUM(C34:L34,N34) -> 110 | P34: =SUM(C34:N34) -> 240 | R34: AM Peak Hr | S34: =MAX(S10:S12) -> 111 | T34: =MAX(T10:T12) -> 19 | U34: =MAX(U10:U12) -> 20 | V34: =MAX(V10:V12) -> 74 | W34: =MAX(W10:W12) -> 6 | X34: =MAX(X10:X12) -> 0 | Y34: =MAX(Y10:Y12) -> 10 | Z34: =MAX(Z10:Z12) -> 3 | ... AF34: =MAX(AF10:AF12) -> 1004
B35: 13.15 - 13.30 | C35: 55 | D35: 10 | E35: 14 | F35: 13 | G35: 0 | H35: 0 | I35: 6 | J35: 0 | K35: 0 | L35: 0 | M35: 145 | N35: 0 | O35: =SUM(C35:L35,N35) -> 98 | P35: =SUM(C35:N35) -> 243 | R35: IP Peak Hr | S35: =MAX(S13:S18) -> 291 | T35: =MAX(T13:T18) -> 49 | U35: =MAX(U13:U18) -> 43 | V35: =MAX(V13:V18) -> 67 | W35: =MAX(W13:W18) -> 3 | X35: =MAX(X13:X18) -> 0 | Y35: =MAX(Y13:Y18) -> 27 | Z35: =MAX(Z13:Z18) -> 7 | ... AF35: =MAX(AF13:AF18) -> 898
B36: 13.30 - 13.45 | C36: 66 | D36: 8 | E36: 11 | F36: 14 | G36: 0 | H36: 0 | I36: 5 | J36: 0 | K36: 0 | L36: 0 | M36: 125 | N36: 0 | O36: =SUM(C36:L36,N36) -> 104 | P36: =SUM(C36:N36) -> 229 | R36: PM Peak Hr | S36: =MAX(S19:S21) -> 541 | T36: =MAX(T19:T21) -> 83 | U36: =MAX(U19:U21) -> 58 | V36: =MAX(V19:V21) -> 75 | W36: =MAX(W19:W21) -> 3 | X36: =MAX(X19:X21) -> 2 | Y36: =MAX(Y19:Y21) -> 23 | Z36: =MAX(Z19:Z21) -> 4 | ... AF36: =MAX(AF19:AF21) -> 1192
B37: 13.45 - 14.00 | C37: 42 | D37: 3 | E37: 6 | F37: 6 | G37: 0 | H37: 0 | I37: 5 | J37: 0 | K37: 0 | L37: 0 | M37: 65 | N37: 0 | O37: =SUM(C37:L37,N37) -> 62 | P37: =SUM(C37:N37) -> 127 | R37: AM Period | S37: =SUM(S10:S12) -> 296 | T37: =SUM(T10:T12) -> 44 | U37: =SUM(U10:U12) -> 55 | V37: =SUM(V10:V12) -> 163 | W37: =SUM(W10:W12) -> 7 | X37: =SUM(X10:X12) -> 0 | Y37: =SUM(Y10:Y12) -> 25 | Z37: =SUM(Z10:Z12) -> 5 | ... AF37: =SUM(AF10:AF12) -> 2783
B38: 14.00 - 14.15 | C38: 57 | D38: 11 | E38: 8 | F38: 15 | G38: 0 | H38: 0 | I38: 6 | J38: 3 | K38: 0 | L38: 0 | M38: 125 | N38: 0 | O38: =SUM(C38:L38,N38) -> 100 | P38: =SUM(C38:N38) -> 225 | R38: IP Period | S38: =SUM(S13:S18) -> 1182 | T38: =SUM(T13:T18) -> 192 | U38: =SUM(U13:U18) -> 205 | V38: =SUM(V13:V18) -> 306 | W38: =SUM(W13:W18) -> 7 | X38: =SUM(X13:X18) -> 0 | Y38: =SUM(Y13:Y18) -> 127 | Z38: =SUM(Z13:Z18) -> 22 | ... AF38: =SUM(AF13:AF18) -> 4814
B39: 14.15 - 14.30 | C39: 51 | D39: 9 | E39: 9 | F39: 17 | G39: 0 | H39: 0 | I39: 6 | J39: 1 | K39: 1 | L39: 0 | M39: 110 | N39: 0 | O39: =SUM(C39:L39,N39) -> 94 | P39: =SUM(C39:N39) -> 204 | R39: PM Period | S39: =SUM(S19:S21) -> 1360 | T39: =SUM(T19:T21) -> 191 | U39: =SUM(U19:U21) -> 141 | V39: =SUM(V19:V21) -> 187 | W39: =SUM(W19:W21) -> 7 | X39: =SUM(X19:X21) -> 2 | Y39: =SUM(Y19:Y21) -> 52 | Z39: =SUM(Z19:Z21) -> 6 | ... AF39: =SUM(AF19:AF21) -> 3122
B40: 14.30 - 14.45 | C40: 61 | D40: 7 | E40: 6 | F40: 8 | G40: 0 | H40: 0 | I40: 10 | J40: 0 | K40: 0 | L40: 0 | M40: 113 | N40: 0 | O40: =SUM(C40:L40,N40) -> 92 | P40: =SUM(C40:N40) -> 205 | R40: 12 Hours | S40: =SUM(S10:S21) -> 2838 | T40: =SUM(T10:T21) -> 427 | U40: =SUM(U10:U21) -> 401 | V40: =SUM(V10:V21) -> 656 | W40: =SUM(W10:W21) -> 21 | X40: =SUM(X10:X21) -> 2 | Y40: =SUM(Y10:Y21) -> 204 | Z40: =SUM(Z10:Z21) -> 33 | ... AF40: =SUM(AF10:AF21) -> 10719
B41: 14.45 - 15.00 | C41: 20 | D41: 1 | E41: 2 | F41: 3 | G41: 0 | H41: 0 | I41: 1 | J41: 0 | K41: 0 | L41: 0 | M41: 70 | N41: 0 | O41: =SUM(C41:L41,N41) -> 27 | P41: =SUM(C41:N41) -> 97 | R41: 24 Hrs/ADT | S41: =SUM(S10:S33) -> 4713 | T41: =SUM(T10:T33) -> 607 | U41: =SUM(U10:U33) -> 544 | V41: =SUM(V10:V33) -> 1184 | W41: =SUM(W10:W33) -> 36 | X41: =SUM(X10:X33) -> 10 | Y41: =SUM(Y10:Y33) -> 268 | Z41: =SUM(Z10:Z33) -> 43 | ... AF41: =SUM(AF10:AF33) -> 16294
B42: 15.00 - 15.15 | C42: 71 | D42: 13 | E42: 15 | F42: 9 | G42: 0 | H42: 0 | I42: 6 | J42: 0 | K42: 0 | L42: 0 | M42: 101 | N42: 0 | O42: =SUM(C42:L42,N42) -> 114 | P42: =SUM(C42:N42) -> 215 | R42: NEF | S42: =S41/S40 -> 1.6606765 | T42: =T41/T40 -> 1.4215457 | U42: =U41/U40 -> 1.3566085 | V42: =V41/V40 -> 1.804878 | W42: =W41/W40 -> 1.7142857 | X42: =X41/X40 -> 5 | Y42: =Y41/Y40 -> 1.3137255 | Z42: =Z41/Z40 -> 1.3030303 | ... AF42: =AF41/AF40 -> 1.5201045
B43: 15.15 - 15.30 | C43: 63 | D43: 8 | E43: 7 | F43: 13 | G43: 0 | H43: 0 | I43: 6 | J43: 1 | K43: 0 | L43: 0 | M43: 101 | N43: 0 | O43: =SUM(C43:L43,N43) -> 98 | P43: =SUM(C43:N43) -> 199
B44: 15.30 - 15.45 | C44: 76 | D44: 15 | E44: 6 | F44: 7 | G44: 0 | H44: 0 | I44: 5 | J44: 0 | K44: 0 | L44: 0 | M44: 145 | N44: 0 | O44: =SUM(C44:L44,N44) -> 109 | P44: =SUM(C44:N44) -> 254
B45: 15.45 - 16.00 | C45: 81 | D45: 13 | E45: 11 | F45: 11 | G45: 1 | H45: 0 | I45: 10 | J45: 3 | K45: 0 | L45: 0 | M45: 100 | N45: 0 | O45: =SUM(C45:L45,N45) -> 130 | P45: =SUM(C45:N45) -> 230
B46: 16.00 - 16.15 | C46: 74 | D46: 10 | E46: 12 | F46: 17 | G46: 0 | H46: 0 | I46: 3 | J46: 1 | K46: 0 | L46: 0 | M46: 85 | N46: 0 | O46: =SUM(C46:L46,N46) -> 117 | P46: =SUM(C46:N46) -> 202
B47: 16.15 -16.30 | C47: 71 | D47: 17 | E47: 7 | F47: 10 | G47: 1 | H47: 0 | I47: 1 | J47: 0 | K47: 0 | L47: 0 | M47: 82 | N47: 0 | O47: =SUM(C47:L47,N47) -> 107 | P47: =SUM(C47:N47) -> 189
B48: 16.30 -16.45 | C48: 90 | D48: 4 | E48: 6 | F48: 8 | G48: 1 | H48: 0 | I48: 3 | J48: 0 | K48: 0 | L48: 0 | M48: 75 | N48: 0 | O48: =SUM(C48:L48,N48) -> 112 | P48: =SUM(C48:N48) -> 187
B49: 16.45 -17.00 | C49: 90 | D49: 17 | E49: 10 | F49: 13 | G49: 0 | H49: 0 | I49: 1 | J49: 1 | K49: 0 | L49: 0 | M49: 85 | N49: 0 | O49: =SUM(C49:L49,N49) -> 132 | P49: =SUM(C49:N49) -> 217
B50: 17.00 -17.15 | C50: 120 | D50: 20 | E50: 14 | F50: 17 | G50: 2 | H50: 0 | I50: 11 | J50: 0 | K50: 0 | L50: 0 | M50: 55 | N50: 0 | O50: =SUM(C50:L50,N50) -> 184 | P50: =SUM(C50:N50) -> 239
B51: 17.15 -17.30 | C51: 130 | D51: 20 | E51: 13 | F51: 15 | G51: 0 | H51: 0 | I51: 5 | J51: 0 | K51: 0 | L51: 0 | M51: 75 | N51: 0 | O51: =SUM(C51:L51,N51) -> 183 | P51: =SUM(C51:N51) -> 258
B52: 17.30 -17.45 | C52: 125 | D52: 32 | E52: 15 | F52: 16 | G52: 0 | H52: 0 | I52: 5 | J52: 0 | K52: 0 | L52: 0 | M52: 155 | N52: 0 | O52: =SUM(C52:L52,N52) -> 193 | P52: =SUM(C52:N52) -> 348
B53: 17.45 -18.00 | C53: 119 | D53: 11 | E53: 16 | F53: 16 | G53: 1 | H53: 0 | I53: 2 | J53: 0 | K53: 0 | L53: 0 | M53: 125 | N53: 0 | O53: =SUM(C53:L53,N53) -> 165 | P53: =SUM(C53:N53) -> 290
B54: 18.00 - 18.15 | C54: 120 | D54: 12 | E54: 10 | F54: 10 | G54: 1 | H54: 0 | I54: 6 | J54: 3 | K54: 0 | L54: 0 | M54: 130 | N54: 0 | O54: =SUM(C54:L54,N54) -> 162 | P54: =SUM(C54:N54) -> 292
... B105: 06.45 - 07.00 | C105: 30 | D105: 4 | E105: 3 | F105: 3 | G105: 0 | H105: 0 | I105: 1 | J105: 0 | K105: 0 | L105: 0 | M105: 70 | N105: 0 | O105: =SUM(C105:L105,N105) -> 41 | P105: =SUM(C105:N105) -> 111
B106: Totals | C106: =SUM(C10:C105) -> 4713 | D106: =SUM(D10:D105) -> 607 | E106: =SUM(E10:E105) -> 544 | F106: =SUM(F10:F105) -> 1184 | G106: =SUM(G10:G105) -> 36 | H106: =SUM(H10:H105) -> 10 | I106: =SUM(I10:I105) -> 268 | J106: =SUM(J10:J105) -> 43 | ... P106: =SUM(P10:P105) -> 16294
B107: %ges + MCs | C107: =C106/$P$106 -> 0.28924758 | D107: =D106/$P$106 -> 0.037252977 | E107: =E106/$P$106 -> 0.033386523 | F107: =F106/$P$106 -> 0.072664785 | G107: =G106/$P$106 -> 0.0022094022 | H107: =H106/$P$106 -> 0.00061372284 | I107: =I106/$P$106 -> 0.016447772 | J107: =J106/$P$106 -> 0.0026390082 | ... N107: =N106/$P$106 -> 0
B108: %ges w/o MCs | C108: =C106/$O$106 -> 0.63629 | D108: =D106/$O$106 -> 0.081949507 | E108: =E106/$O$106 -> 0.073444039 | F108: =F106/$O$106 -> 0.15984879 | G108: =G106/$O$106 -> 0.0048602673 | H108: =H106/$O$106 -> 0.0013500743 | I108: =I106/$O$106 -> 0.03618199 | J108: =J106/$O$106 -> 0.0058053193 | ... L108: =L106/$O$106 -> 0 | N108: =N106/$O$106 -> 0

Sheet 02.08 Kyebando-Mulago
B1: Consultancy services for Preparation of Expressway Development Master Plan (EDMP) for Uganda
B2: MANUAL CLASSIFIED COUNT (MCC)
B3: ROAD NAME: | C3: MCC - C1 - STN28 - KISINGIRI ROAD
C5: Date | D5: 02.08.19 | F5: Location | G5: Kisingiri Street | J5: Surveyor | K5: Nabayunga Rashida
C6: Dir. From | D6: Kyebando | F6: Dir. To | G6: Mulago | J6: Supervisor | K6: Emma
B8: Time / Veh Type | R8: SUMMARY TRAFFIC VOLUMES
C9: 1. Car | D9: 2. Station Wagon | E9: 3. Pickups | F9: 4. Minibus, matatu | G9: 5. Medium bus | H9: 6. Large Bus | I9: 7. Light Truck | J9: 8. Medium Truck | K9: 9. Heavy truck | L9: 10. Truck Trailer | M9: 11. Motor cycles | N9: 12. Tractors | O9: Total Excl M/Cycles | P9: Total All | R9: Time | S9: 1. Car | T9: 2. Station Wagon | U9: 3. Pickups | V9: 4. Minibus, matatu | W9: 5. Medium bus | X9: 6. Large Bus | Y9: 7. Light Truck | Z9: 8. Medium Truck | AA9: 9. Heavy truck | AB9: 10. Truck Trailer | AC9: 11. Motorcycles | AD9: 12. Tractors, Graders | AE9: Total Excl M/ Cycles | AF9: Total All
B10: 07.00 - 07.15 | C10: 177 | D10: 38 | E10: 20 | F10: 52 | G10: 0 | H10: 0 | I10: 0 | J10: 0 | K10: 0 | L10: 0 | M10: 110 | N10: 0 | O10: =SUM(C10:L10,N10) -> 287 | P10: =SUM(C10:N10) -> 397 | R10: 0700-0800 | S10: =SUM(C10:C13) -> 692 | T10: =SUM(D10:D13) -> 108 | U10: =SUM(E10:E13) -> 64 | V10: =SUM(F10:F13) -> 176 | W10: =SUM(G10:G13) -> 2 | X10: =SUM(H10:H13) -> 0 | Y10: =SUM(I10:I13) -> 9 | Z10: =SUM(J10:J13) -> 0 | ... AF10: =SUM(P10:P13) -> 1646
B11: 07.15 - 07.30 | C11: 165 | D11: 21 | E11: 14 | F11: 28 | G11: 1 | H11: 0 | I11: 2 | J11: 0 | K11: 0 | L11: 0 | M11: 95 | N11: 0 | O11: =SUM(C11:L11,N11) -> 231 | P11: =SUM(C11:N11) -> 326 | R11: 0800-0900 | S11: =SUM(C14:C17) -> 435 | T11: =SUM(D14:D17) -> 66 | U11: =SUM(E14:E17) -> 55 | V11: =SUM(F14:F17) -> 141 | W11: =SUM(G14:G17) -> 0 | X11: =SUM(H14:H17) -> 0 | Y11: =SUM(I14:I17) -> 16 | Z11: =SUM(J14:J17) -> 2 | ... AF11: =SUM(P14:P17) -> 1380
B12: 07.30 - 07.45 | C12: 173 | D12: 18 | E12: 16 | F12: 48 | G12: 0 | H12: 0 | I12: 2 | J12: 0 | K12: 0 | L12: 0 | M12: 180 | N12: 0 | O12: =SUM(C12:L12,N12) -> 257 | P12: =SUM(C12:N12) -> 437 | R12: 0900-1000 | S12: =SUM(C18:C21) -> 361 | T12: =SUM(D18:D21) -> 75 | U12: =SUM(E18:E21) -> 49 | V12: =SUM(F18:F21) -> 126 | W12: =SUM(G18:G21) -> 8 | X12: =SUM(H18:H21) -> 0 | Y12: =SUM(I18:I21) -> 12 | Z12: =SUM(J18:J21) -> 4 | ... AF12: =SUM(P18:P21) -> 1286
B13: 07.45 - 08.00 | C13: 177 | D13: 31 | E13: 14 | F13: 48 | G13: 1 | H13: 0 | I13: 5 | J13: 0 | K13: 0 | L13: 0 | M13: 210 | N13: 0 | O13: =SUM(C13:L13,N13) -> 276 | P13: =SUM(C13:N13) -> 486 | R13: 1000-1100 | S13: =SUM(C22:C25) -> 257 | T13: =SUM(D22:D25) -> 58 | U13: =SUM(E22:E25) -> 42 | V13: =SUM(F22:F25) -> 63 | W13: =SUM(G22:G25) -> 1 | X13: =SUM(H22:H25) -> 0 | Y13: =SUM(I22:I25) -> 18 | Z13: =SUM(J22:J25) -> 0 | ... AF13: =SUM(P22:P25) -> 780
B14: 08.00 - 08.15 | C14: 105 | D14: 15 | E14: 15 | F14: 46 | G14: 0 | H14: 0 | I14: 3 | J14: 0 | K14: 0 | L14: 0 | M14: 195 | N14: 0 | O14: =SUM(C14:L14,N14) -> 184 | P14: =SUM(C14:N14) -> 379 | R14: 1100-1200 | S14: =SUM(C26:C29) -> 179 | T14: =SUM(D26:D29) -> 63 | U14: =SUM(E26:E29) -> 34 | V14: =SUM(F26:F29) -> 46 | W14: =SUM(G26:G29) -> 0 | X14: =SUM(H26:H29) -> 0 | Y14: =SUM(I26:I29) -> 7 | Z14: =SUM(J26:J29) -> 3 | ... AF14: =SUM(P26:P29) -> 682
B15: 08.15 - 08.30 | C15: 110 | D15: 14 | E15: 14 | F15: 30 | G15: 0 | H15: 0 | I15: 4 | J15: 1 | K15: 0 | L15: 0 | M15: 160 | N15: 0 | O15: =SUM(C15:L15,N15) -> 173 | P15: =SUM(C15:N15) -> 333 | R15: 1200-1300 | S15: =SUM(C30:C33) -> 166 | T15: =SUM(D30:D33) -> 32 | U15: =SUM(E30:E33) -> 20 | V15: =SUM(F30:F33) -> 29 | W15: =SUM(G30:G33) -> 0 | X15: =SUM(H30:H33) -> 0 | Y15: =SUM(I30:I33) -> 13 | Z15: =SUM(J30:J33) -> 0 | ... AF15: =SUM(P30:P33) -> 547
B16: 08.30 - 08.45 | C16: 125 | D16: 18 | E16: 16 | F16: 35 | G16: 0 | H16: 0 | I16: 4 | J16: 1 | K16: 0 | L16: 0 | M16: 160 | N16: 0 | O16: =SUM(C16:L16,N16) -> 199 | P16: =SUM(C16:N16) -> 359 | R16: 1300-1400 | S16: =SUM(C34:C37) -> 174 | T16: =SUM(D34:D37) -> 41 | U16: =SUM(E34:E37) -> 23 | V16: =SUM(F34:F37) -> 35 | W16: =SUM(G34:G37) -> 1 | X16: =SUM(H34:H37) -> 0 | Y16: =SUM(I34:I37) -> 12 | Z16: =SUM(J34:J37) -> 1 | ... AF16: =SUM(P34:P37) -> 651
B17: 08.45 - 9.00 | C17: 95 | D17: 19 | E17: 10 | F17: 30 | G17: 0 | H17: 0 | I17: 5 | J17: 0 | K17: 0 | L17: 0 | M17: 150 | N17: 0 | O17: =SUM(C17:L17,N17) -> 159 | P17: =SUM(C17:N17) -> 309 | R17: 1400-1500 | S17: =SUM(C38:C41) -> 173 | T17: =SUM(D38:D41) -> 39 | U17: =SUM(E38:E41) -> 31 | V17: =SUM(F38:F41) -> 28 | W17: =SUM(G38:G41) -> 0 | X17: =SUM(H38:H41) -> 0 | Y17: =SUM(I38:I41) -> 10 | Z17: =SUM(J38:J41) -> 3 | ... AF17: =SUM(P38:P41) -> 626
B18: 09.00 - 09.15 | C18: 105 | D18: 18 | E18: 10 | F18: 46 | G18: 4 | H18: 0 | I18: 5 | J18: 1 | K18: 0 | L18: 0 | M18: 155 | N18: 0 | O18: =SUM(C18:L18,N18) -> 189 | P18: =SUM(C18:N18) -> 344 | R18: 1500-1600 | S18: =SUM(C42:C45) -> 165 | T18: =SUM(D42:D45) -> 30 | U18: =SUM(E42:E45) -> 32 | V18: =SUM(F42:F45) -> 38 | W18: =SUM(G42:G45) -> 2 | X18: =SUM(H42:H45) -> 0 | Y18: =SUM(I42:I45) -> 14 | Z18: =SUM(J42:J45) -> 1 | ... AF18: =SUM(P42:P45) -> 635
B19: 09.15 - 09.30 | C19: 80 | D19: 17 | E19: 16 | F19: 23 | G19: 0 | H19: 0 | I19: 3 | J19: 1 | K19: 0 | L19: 0 | M19: 165 | N19: 0 | O19: =SUM(C19:L19,N19) -> 140 | P19: =SUM(C19:N19) -> 305 | R19: 1600-1700 | S19: =SUM(C46:C49) -> 213 | T19: =SUM(D46:D49) -> 45 | U19: =SUM(E46:E49) -> 29 | V19: =SUM(F46:F49) -> 36 | W19: =SUM(G46:G49) -> 2 | X19: =SUM(H46:H49) -> 0 | Y19: =SUM(I46:I49) -> 15 | Z19: =SUM(J46:J49) -> 1 | ... AF19: =SUM(P46:P49) -> 709
B20: 09.30 - 09.45 | C20: 86 | D20: 24 | E20: 14 | F20: 38 | G20: 3 | H20: 0 | I20: 2 | J20: 2 | K20: 1 | L20: 0 | M20: 185 | N20: 0 | O20: =SUM(C20:L20,N20) -> 170 | P20: =SUM(C20:N20) -> 355 | R20: 1700-1800 | S20: =SUM(C50:C53) -> 182 | T20: =SUM(D50:D53) -> 42 | U20: =SUM(E50:E53) -> 23 | V20: =SUM(F50:F53) -> 44 | W20: =SUM(G50:G53) -> 3 | X20: =SUM(H50:H53) -> 0 | Y20: =SUM(I50:I53) -> 13 | Z20: =SUM(J50:J53) -> 3 | ... AF20: =SUM(P50:P53) -> 735
B21: 09.45 - 10.00 | C21: 90 | D21: 16 | E21: 9 | F21: 19 | G21: 1 | H21: 0 | I21: 2 | J21: 0 | K21: 0 | L21: 0 | M21: 145 | N21: 0 | O21: =SUM(C21:L21,N21) -> 137 | P21: =SUM(C21:N21) -> 282 | R21: 1800-1900 | S21: =SUM(C54:C57) -> 157 | T21: =SUM(D54:D57) -> 36 | U21: =SUM(E54:E57) -> 23 | V21: =SUM(F54:F57) -> 35 | W21: =SUM(G54:G57) -> 2 | X21: =SUM(H54:H57) -> 1 | Y21: =SUM(I54:I57) -> 8 | Z21: =SUM(J54:J57) -> 3 | ... AF21: =SUM(P54:P57) -> 775
B22: 10.00 - 10.15 | C22: 78 | D22: 17 | E22: 10 | F22: 17 | G22: 0 | H22: 0 | I22: 5 | J22: 0 | K22: 0 | L22: 0 | M22: 116 | N22: 0 | O22: =SUM(C22:L22,N22) -> 127 | P22: =SUM(C22:N22) -> 243 | R22: AM Peak Hr | S22: =MAX(S10:S12) -> 692 | T22: =MAX(T10:T12) -> 108 | U22: =MAX(U10:U12) -> 64 | V22: =MAX(V10:V12) -> 176 | W22: =MAX(W10:W12) -> 8 | X22: =MAX(X10:X12) -> 0 | Y22: =MAX(Y10:Y12) -> 16 | Z22: =MAX(Z10:Z12) -> 4 | ... AF22: =MAX(AF10:AF12) -> 1646
B23: 10.15 - 10.30 | C23: 76 | D23: 21 | E23: 12 | F23: 10 | G23: 0 | H23: 0 | I23: 2 | J23: 0 | K23: 0 | L23: 0 | M23: 75 | N23: 0 | O23: =SUM(C23:L23,N23) -> 121 | P23: =SUM(C23:N23) -> 196 | R23: IP Peak Hr | S23: =MAX(S13:S18) -> 257 | T23: =MAX(T13:T18) -> 63 | U23: =MAX(U13:U18) -> 42 | V23: =MAX(V13:V18) -> 63 | W23: =MAX(W13:W18) -> 2 | X23: =MAX(X13:X18) -> 0 | Y23: =MAX(Y13:Y18) -> 18 | Z23: =MAX(Z13:Z18) -> 3 | ... AF23: =MAX(AF13:AF18) -> 780
B24: 10.30 - 10.45 | C24: 57 | D24: 12 | E24: 8 | F24: 20 | G24: 1 | H24: 0 | I24: 5 | J24: 0 | K24: 0 | L24: 0 | M24: 70 | N24: 0 | O24: =SUM(C24:L24,N24) -> 103 | P24: =SUM(C24:N24) -> 173 | R24: PM Peak Hr | S24: =MAX(S19:S21) -> 213 | T24: =MAX(T19:T21) -> 45 | U24: =MAX(U19:U21) -> 29 | V24: =MAX(V19:V21) -> 44 | W24: =MAX(W19:W21) -> 3 | X24: =MAX(X19:X21) -> 1 | Y24: =MAX(Y19:Y21) -> 15 | Z24: =MAX(Z19:Z21) -> 3 | ... AF24: =MAX(AF19:AF21) -> 775
B25: 10.45 - 11.00 | C25: 46 | D25: 8 | E25: 12 | F25: 16 | G25: 0 | H25: 0 | I25: 6 | J25: 0 | K25: 0 | L25: 0 | M25: 80 | N25: 0 | O25: =SUM(C25:L25,N25) -> 88 | P25: =SUM(C25:N25) -> 168 | R25: AM Period | S25: =SUM(S10:S12) -> 1488 | T25: =SUM(T10:T12) -> 249 | U25: =SUM(U10:U12) -> 168 | V25: =SUM(V10:V12) -> 443 | W25: =SUM(W10:W12) -> 10 | X25: =SUM(X10:X12) -> 0 | Y25: =SUM(Y10:Y12) -> 37 | Z25: =SUM(Z10:Z12) -> 6 | ... AF25: =SUM(AF10:AF12) -> 4312
B26: 11.00 - 11.15 | C26: 50 | D26: 23 | E26: 7 | F26: 13 | G26: 0 | H26: 0 | I26: 1 | J26: 1 | K26: 0 | L26: 0 | M26: 100 | N26: 0 | O26: =SUM(C26:L26,N26) -> 95 | P26: =SUM(C26:N26) -> 195 | R26: IP Period | S26: =SUM(S13:S18) -> 1114 | T26: =SUM(T13:T18) -> 263 | U26: =SUM(U13:U18) -> 182 | V26: =SUM(V13:V18) -> 239 | W26: =SUM(W13:W18) -> 4 | X26: =SUM(X13:X18) -> 0 | Y26: =SUM(Y13:Y18) -> 74 | Z26: =SUM(Z13:Z18) -> 8 | ... AF26: =SUM(AF13:AF18) -> 3921
B27: 11.15 - 11.30 | C27: 59 | D27: 15 | E27: 9 | F27: 11 | G27: 0 | H27: 0 | I27: 4 | J27: 0 | K27: 0 | L27: 0 | M27: 115 | N27: 0 | O27: =SUM(C27:L27,N27) -> 98 | P27: =SUM(C27:N27) -> 213 | R27: PM Period | S27: =SUM(S19:S21) -> 552 | T27: =SUM(T19:T21) -> 123 | U27: =SUM(U19:U21) -> 75 | V27: =SUM(V19:V21) -> 115 | W27: =SUM(W19:W21) -> 7 | X27: =SUM(X19:X21) -> 1 | Y27: =SUM(Y19:Y21) -> 36 | Z27: =SUM(Z19:Z21) -> 7 | ... AF27: =SUM(AF19:AF21) -> 2219
B28: 11.30 - 11.45 | C28: 30 | D28: 10 | E28: 11 | F28: 11 | G28: 0 | H28: 0 | I28: 0 | J28: 1 | K28: 0 | L28: 0 | M28: 70 | N28: 0 | O28: =SUM(C28:L28,N28) -> 63 | P28: =SUM(C28:N28) -> 133 | R28: 12 Hours | S28: =SUM(S10:S21) -> 3154 | T28: =SUM(T10:T21) -> 635 | U28: =SUM(U10:U21) -> 425 | V28: =SUM(V10:V21) -> 797 | W28: =SUM(W10:W21) -> 21 | X28: =SUM(X10:X21) -> 1 | Y28: =SUM(Y10:Y21) -> 147 | Z28: =SUM(Z10:Z21) -> 21 | ... AF28: =SUM(AF10:AF21) -> 10452
B29: 11.45 - 12.00 | C29: 40 | D29: 15 | E29: 7 | F29: 11 | G29: 0 | H29: 0 | I29: 2 | J29: 1 | K29: 0 | L29: 0 | M29: 65 | N29: 0 | O29: =SUM(C29:L29,N29) -> 76 | P29: =SUM(C29:N29) -> 141
B30: 12.00 - 12.15 | C30: 26 | D30: 8 | E30: 4 | F30: 7 | G30: 0 | H30: 0 | I30: 1 | J30: 0 | K30: 0 | L30: 0 | M30: 50 | N30: 0 | O30: =SUM(C30:L30,N30) -> 46 | P30: =SUM(C30:N30) -> 96
B31: 12.15 - 12.30 | C31: 43 | D31: 12 | E31: 7 | F31: 10 | G31: 0 | H31: 0 | I31: 3 | J31: 0 | K31: 0 | L31: 0 | M31: 55 | N31: 0 | O31: =SUM(C31:L31,N31) -> 75 | P31: =SUM(C31:N31) -> 130
B32: 12.30 - 12.45 | C32: 52 | D32: 3 | E32: 4 | F32: 5 | G32: 0 | H32: 0 | I32: 4 | J32: 0 | K32: 0 | L32: 0 | M32: 85 | N32: 0 | O32: =SUM(C32:L32,N32) -> 68 | P32: =SUM(C32:N32) -> 153
B33: 12.45 - 13.00 | C33: 45 | D33: 9 | E33: 5 | F33: 7 | G33: 0 | H33: 0 | I33: 5 | J33: 0 | K33: 0 | L33: 0 | M33: 97 | N33: 0 | O33: =SUM(C33:L33,N33) -> 71 | P33: =SUM(C33:N33) -> 168
B34: 13.00 - 13.15 | C34: 38 | D34: 12 | E34: 8 | F34: 10 | G34: 1 | H34: 0 | I34: 2 | J34: 1 | K34: 0 | L34: 0 | M34: 70 | N34: 0 | O34: =SUM(C34:L34,N34) -> 72 | P34: =SUM(C34:N34) -> 142
B35: 13.15 - 13.30 | C35: 41 | D35: 8 | E35: 8 | F35: 9 | G35: 0 | H35: 0 | I35: 2 | J35: 0 | K35: 0 | L35: 0 | M35: 82 | N35: 0 | O35: =SUM(C35:L35,N35) -> 68 | P35: =SUM(C35:N35) -> 150
B36: 13.30 - 13.45 | C36: 50 | D36: 12 | E36: 4 | F36: 10 | G36: 0 | H36: 0 | I36: 7 | J36: 0 | K36: 0 | L36: 0 | M36: 120 | N36: 0 | O36: =SUM(C36:L36,N36) -> 83 | P36: =SUM(C36:N36) -> 203
B37: 13.45 - 14.00 | C37: 45 | D37: 9 | E37: 3 | F37: 6 | G37: 0 | H37: 0 | I37: 1 | J37: 0 | K37: 0 | L37: 0 | M37: 92 | N37: 0 | O37: =SUM(C37:L37,N37) -> 64 | P37: =SUM(C37:N37) -> 156
B38: 14.00 - 14.15 | C38: 47 | D38: 12 | E38: 2 | F38: 11 | G38: 0 | H38: 0 | I38: 4 | J38: 2 | K38: 0 | L38: 0 | M38: 100 | N38: 0 | O38: =SUM(C38:L38,N38) -> 78 | P38: =SUM(C38:N38) -> 178
B39: 14.15 - 14.30 | C39: 35 | D39: 9 | E39: 5 | F39: 3 | G39: 0 | H39: 0 | I39: 2 | J39: 0 | K39: 0 | L39: 0 | M39: 70 | N39: 0 | O39: =SUM(C39:L39,N39) -> 54 | P39: =SUM(C39:N39) -> 124
B40: 14.30 - 14.45 | C40: 45 | D40: 8 | E40: 10 | F40: 7 | G40: 0 | H40: 0 | I40: 2 | J40: 1 | K40: 0 | L40: 0 | M40: 80 | N40: 0 | O40: =SUM(C40:L40,N40) -> 73 | P40: =SUM(C40:N40) -> 153
... B57: 18.45 - 19.00 | C57: 30 | D57: 7 | E57: 8 | F57: 10 | G57: 2 | H57: 0 | I57: 2 | J57: 1 | K57: 0 | L57: 0 | M57: 145 | N57: 0 | O57: =SUM(C57:L57,N57) -> 60 | P57: =SUM(C57:N57) -> 205
B58: Totals | C58: =SUM(C10:C57) -> 3154 | D58: =SUM(D10:D57) -> 635 | E58: =SUM(E10:E57) -> 425 | F58: =SUM(F10:F57) -> 797 | G58: =SUM(G10:G57) -> 21 | H58: =SUM(H10:H57) -> 1 | I58: =SUM(I10:I57) -> 147 | J58: =SUM(J10:J57) -> 21 | ... P58: =SUM(P10:P57) -> 10452
B59: %ges + MCs | C59: =C58/$P$58 -> 0.30176043 | D59: =D58/$P$58 -> 0.060753923 | E59: =E58/$P$58 -> 0.040662074 | F59: =F58/$P$58 -> 0.076253349 | G59: =G58/$P$58 -> 0.0020091848 | H59: =H58/$P$58 -> 9.5675469e-05 | I59: =I58/$P$58 -> 0.014064294 | J59: =J58/$P$58 -> 0.0020091848 | ... N59: =N58/$P$58 -> 0
B60: %ges w/o MCs | C60: =C58/$O$58 -> 0.60630527 | D60: =D58/$O$58 -> 0.12206844 | E60: =E58/$O$58 -> 0.081699346 | F60: =F58/$O$58 -> 0.1532103 | G60: =G58/$O$58 -> 0.0040369089 | H60: =H58/$O$58 -> 0.00019223376 | I60: =I58/$O$58 -> 0.028258362 | J60: =J58/$O$58 -> 0.0040369089 | ... L60: =L58/$O$58 -> 0 | N60: =N58/$O$58 -> 0

Sheet 02.08 Mulago-Kyebando
B1: Consultancy services for Preparation of Expressway Development Master Plan (EDMP) for Uganda
B2: MANUAL CLASSIFIED COUNT (MCC)
B3: ROAD NAME: | C3: ='02.08 Kyebando-Mulago'!C3:G3 -> MCC - C1 - STN28 - KISINGIRI ROAD
C5: Date | D5: ='02.08 Kyebando-Mulago'!D5 -> 02.08.19 | F5: Location | G5: ='02.08 Kyebando-Mulago'!G5:H5 -> Kisingiri Street | J5: Surveyor | K5: Frank
C6: Dir. From | D6: Mulago | F6: Dir. To | G6: Kyebando | J6: Supervisor | K6: ='02.08 Kyebando-Mulago'!K6:L6 -> Emma
B8: Time / Veh Type | R8: SUMMARY TRAFFIC VOLUMES
C9: 1. Car | D9: 2. Station Wagon | E9: 3. Pickups | F9: 4. Minibus, matatu | G9: 5. Medium bus | H9: 6. Large Bus | I9: 7. Light Truck | J9: 8. Medium Truck | K9: 9. Heavy truck | L9: 10. Truck Trailer | M9: 11. Motor cycles | N9: 12. Tractors | O9: Total Excl M/Cycles | P9: Total All | R9: Time | S9: 1. Car | T9: 2. Station Wagon | U9: 3. Pickups | V9: 4. Minibus, matatu | W9: 5. Medium bus | X9: 6. Large Bus | Y9: 7. Light Truck | Z9: 8. Medium Truck | AA9: 9. Heavy truck | AB9: 10. Truck Trailer | AC9: 11. Motorcycles | AD9: 12. Tractors, Graders | AE9: Total Excl M/ Cycles | AF9: Total All
B10: 07.00 - 07.15 | C10: 16 | D10: 5 | E10: 2 | F10: 14 | G10: 0 | H10: 0 | I10: 6 | J10: 0 | K10: 0 | L10: 0 | M10: 89 | N10: 0 | O10: =SUM(C10:L10,N10) -> 43 | P10: =SUM(C10:N10) -> 132 | R10: 0700-0800 | S10: =SUM(C10:C13) -> 77 | T10: =SUM(D10:D13) -> 9 | U10: =SUM(E10:E13) -> 7 | V10: =SUM(F10:F13) -> 43 | W10: =SUM(G10:G13) -> 1 | X10: =SUM(H10:H13) -> 0 | Y10: =SUM(I10:I13) -> 11 | Z10: =SUM(J10:J13) -> 2 | ... AF10: =SUM(P10:P13) -> 584
B11: 07.15 - 07.30 | C11: 23 | D11: 3 | E11: 3 | F11: 16 | G11: 1 | H11: 0 | I11: 3 | J11: 1 | K11: 0 | L11: 0 | M11: 120 | N11: 0 | O11: =SUM(C11:L11,N11) -> 50 | P11: =SUM(C11:N11) -> 170 | R11: 0800-0900 | S11: =SUM(C14:C17) -> 66 | T11: =SUM(D14:D17) -> 18 | U11: =SUM(E14:E17) -> 11 | V11: =SUM(F14:F17) -> 37 | W11: =SUM(G14:G17) -> 2 | X11: =SUM(H14:H17) -> 0 | Y11: =SUM(I14:I17) -> 4 | Z11: =SUM(J14:J17) -> 2 | ... AF11: =SUM(P14:P17) -> 760
B12: 07.30 - 07.45 | C12: 18 | D12: 1 | E12: 2 | F12: 9 | G12: 0 | H12: 0 | I12: 1 | J12: 0 | K12: 0 | L12: 0 | M12: 120 | N12: 0 | O12: =SUM(C12:L12,N12) -> 31 | P12: =SUM(C12:N12) -> 151 | R12: 0900-1000 | S12: =SUM(C18:C21) -> 115 | T12: =SUM(D18:D21) -> 14 | U12: =SUM(E18:E21) -> 29 | V12: =SUM(F18:F21) -> 43 | W12: =SUM(G18:G21) -> 0 | X12: =SUM(H18:H21) -> 0 | Y12: =SUM(I18:I21) -> 9 | Z12: =SUM(J18:J21) -> 2 | ... AF12: =SUM(P18:P21) -> 768
B13: 07.45 - 08.00 | C13: 20 | D13: 0 | E13: 0 | F13: 4 | G13: 0 | H13: 0 | I13: 1 | J13: 1 | K13: 0 | L13: 0 | M13: 105 | N13: 0 | O13: =SUM(C13:L13,N13) -> 26 | P13: =SUM(C13:N13) -> 131 | R13: 1000-1100 | S13: =SUM(C22:C25) -> 119 | T13: =SUM(D22:D25) -> 31 | U13: =SUM(E22:E25) -> 43 | V13: =SUM(F22:F25) -> 81 | W13: =SUM(G22:G25) -> 3 | X13: =SUM(H22:H25) -> 0 | Y13: =SUM(I22:I25) -> 20 | Z13: =SUM(J22:J25) -> 5 | ... AF13: =SUM(P22:P25) -> 772
B14: 08.00 - 08.15 | C14: 14 | D14: 3 | E14: 4 | F14: 8 | G14: 0 | H14: 0 | I14: 1 | J14: 1 | K14: 0 | L14: 0 | M14: 150 | N14: 0 | O14: =SUM(C14:L14,N14) -> 31 | P14: =SUM(C14:N14) -> 181 | R14: 1100-1200 | S14: =SUM(C26:C29) -> 108 | T14: =SUM(D26:D29) -> 41 | U14: =SUM(E26:E29) -> 40 | V14: =SUM(F26:F29) -> 58 | W14: =SUM(G26:G29) -> 0 | X14: =SUM(H26:H29) -> 0 | Y14: =SUM(I26:I29) -> 23 | Z14: =SUM(J26:J29) -> 7 | ... AF14: =SUM(P26:P29) -> 677
B15: 08.15 - 08.30 | C15: 27 | D15: 6 | E15: 2 | F15: 13 | G15: 2 | H15: 0 | I15: 1 | J15: 0 | K15: 0 | L15: 0 | M15: 165 | N15: 0 | O15: =SUM(C15:L15,N15) -> 51 | P15: =SUM(C15:N15) -> 216 | R15: 1200-1300 | S15: =SUM(C30:C33) -> 119 | T15: =SUM(D30:D33) -> 20 | U15: =SUM(E30:E33) -> 27 | V15: =SUM(F30:F33) -> 41 | W15: =SUM(G30:G33) -> 2 | X15: =SUM(H30:H33) -> 0 | Y15: =SUM(I30:I33) -> 15 | Z15: =SUM(J30:J33) -> 3 | ... AF15: =SUM(P30:P33) -> 566
B16: 08.30 - 08.45 | C16: 13 | D16: 8 | E16: 3 | F16: 12 | G16: 0 | H16: 0 | I16: 2 | J16: 1 | K16: 0 | L16: 0 | M16: 165 | N16: 0 | O16: =SUM(C16:L16,N16) -> 39 | P16: =SUM(C16:N16) -> 204 | R16: 1300-1400 | S16: =SUM(C34:C37) -> 167 | T16: =SUM(D34:D37) -> 33 | U16: =SUM(E34:E37) -> 29 | V16: =SUM(F34:F37) -> 45 | W16: =SUM(G34:G37) -> 0 | X16: =SUM(H34:H37) -> 1 | Y16: =SUM(I34:I37) -> 16 | Z16: =SUM(J34:J37) -> 6 | ... AF16: =SUM(P34:P37) -> 717
B17: 08.45 - 9.00 | C17: 12 | D17: 1 | E17: 2 | F17: 4 | G17: 0 | H17: 0 | I17: 0 | J17: 0 | K17: 0 | L17: 0 | M17: 140 | N17: 0 | O17: =SUM(C17:L17,N17) -> 19 | P17: =SUM(C17:N17) -> 159 | R17: 1400-1500 | S17: =SUM(C38:C41) -> 175 | T17: =SUM(D38:D41) -> 199 | U17: =SUM(E38:E41) -> 32 | V17: =SUM(F38:F41) -> 46 | W17: =SUM(G38:G41) -> 0 | X17: =SUM(H38:H41) -> 0 | Y17: =SUM(I38:I41) -> 17 | Z17: =SUM(J38:J41) -> 5 | ... AF17: =SUM(P38:P41) -> 814
B18: 09.00 - 09.15 | C18: 24 | D18: 1 | E18: 1 | F18: 12 | G18: 0 | H18: 0 | I18: 0 | J18: 0 | K18: 0 | L18: 0 | M18: 135 | N18: 0 | O18: =SUM(C18:L18,N18) -> 38 | P18: =SUM(C18:N18) -> 173 | R18: 1500-1600 | S18: =SUM(C42:C45) -> 231 | T18: =SUM(D42:D45) -> 36 | U18: =SUM(E42:E45) -> 58 | V18: =SUM(F42:F45) -> 45 | W18: =SUM(G42:G45) -> 0 | X18: =SUM(H42:H45) -> 0 | Y18: =SUM(I42:I45) -> 30 | Z18: =SUM(J42:J45) -> 3 | ... AF18: =SUM(P42:P45) -> 857
B19: 09.15 - 09.30 | C19: 32 | D19: 3 | E19: 12 | F19: 14 | G19: 0 | H19: 0 | I19: 4 | J19: 1 | K19: 0 | L19: 0 | M19: 150 | N19: 0 | O19: =SUM(C19:L19,N19) -> 66 | P19: =SUM(C19:N19) -> 216 | R19: 1600-1700 | S19: =SUM(C46:C49) -> 347 | T19: =SUM(D46:D49) -> 52 | U19: =SUM(E46:E49) -> 52 | V19: =SUM(F46:F49) -> 58 | W19: =SUM(G46:G49) -> 1 | X19: =SUM(H46:H49) -> 0 | Y19: =SUM(I46:I49) -> 16 | Z19: =SUM(J46:J49) -> 3 | ... AF19: =SUM(P46:P49) -> 999
B20: 09.30 - 09.45 | C20: 29 | D20: 6 | E20: 11 | F20: 12 | G20: 0 | H20: 0 | I20: 1 | J20: 0 | K20: 0 | L20: 0 | M20: 160 | N20: 0 | O20: =SUM(C20:L20,N20) -> 59 | P20: =SUM(C20:N20) -> 219 | R20: 1700-1800 | S20: =SUM(C50:C53) -> 435 | T20: =SUM(D50:D53) -> 84 | U20: =SUM(E50:E53) -> 43 | V20: =SUM(F50:F53) -> 62 | W20: =SUM(G50:G53) -> 4 | X20: =SUM(H50:H53) -> 1 | Y20: =SUM(I50:I53) -> 14 | Z20: =SUM(J50:J53) -> 4 | ... AF20: =SUM(P50:P53) -> 1112
B21: 09.45 - 10.00 | C21: 30 | D21: 4 | E21: 5 | F21: 5 | G21: 0 | H21: 0 | I21: 4 | J21: 1 | K21: 0 | L21: 0 | M21: 111 | N21: 0 | O21: =SUM(C21:L21,N21) -> 49 | P21: =SUM(C21:N21) -> 160 | R21: 1800-1900 | S21: =SUM(C54:C57) -> 285 | T21: =SUM(D54:D57) -> 63 | U21: =SUM(E54:E57) -> 34 | V21: =SUM(F54:F57) -> 90 | W21: =SUM(G54:G57) -> 2 | X21: =SUM(H54:H57) -> 0 | Y21: =SUM(I54:I57) -> 16 | Z21: =SUM(J54:J57) -> 5 | ... AF21: =SUM(P54:P57) -> 997
B22: 10.00 - 10.15 | C22: 40 | D22: 9 | E22: 11 | F22: 23 | G22: 1 | H22: 0 | I22: 8 | J22: 4 | K22: 0 | L22: 0 | M22: 135 | N22: 0 | O22: =SUM(C22:L22,N22) -> 96 | P22: =SUM(C22:N22) -> 231 | R22: AM Peak Hr | S22: =MAX(S10:S12) -> 115 | T22: =MAX(T10:T12) -> 18 | U22: =MAX(U10:U12) -> 29 | V22: =MAX(V10:V12) -> 43 | W22: =MAX(W10:W12) -> 2 | X22: =MAX(X10:X12) -> 0 | Y22: =MAX(Y10:Y12) -> 11 | Z22: =MAX(Z10:Z12) -> 2 | ... AF22: =MAX(AF10:AF12) -> 768
B23: 10.15 - 10.30 | C23: 31 | D23: 9 | E23: 14 | F23: 23 | G23: 2 | H23: 0 | I23: 2 | J23: 0 | K23: 1 | L23: 0 | M23: 123 | N23: 0 | O23: =SUM(C23:L23,N23) -> 82 | P23: =SUM(C23:N23) -> 205 | R23: IP Peak Hr | S23: =MAX(S13:S18) -> 231 | T23: =MAX(T13:T18) -> 199 | U23: =MAX(U13:U18) -> 58 | V23: =MAX(V13:V18) -> 81 | W23: =MAX(W13:W18) -> 3 | X23: =MAX(X13:X18) -> 1 | Y23: =MAX(Y13:Y18) -> 30 | Z23: =MAX(Z13:Z18) -> 7 | ... AF23: =MAX(AF13:AF18) -> 857
B24: 10.30 - 10.45 | C24: 16 | D24: 8 | E24: 10 | F24: 17 | G24: 0 | H24: 0 | I24: 6 | J24: 0 | K24: 0 | L24: 0 | M24: 121 | N24: 0 | O24: =SUM(C24:L24,N24) -> 57 | P24: =SUM(C24:N24) -> 178 | R24: PM Peak Hr | S24: =MAX(S19:S21) -> 435 | T24: =MAX(T19:T21) -> 84 | U24: =MAX(U19:U21) -> 52 | V24: =MAX(V19:V21) -> 90 | W24: =MAX(W19:W21) -> 4 | X24: =MAX(X19:X21) -> 1 | Y24: =MAX(Y19:Y21) -> 16 | Z24: =MAX(Z19:Z21) -> 5 | ... AF24: =MAX(AF19:AF21) -> 1112
B25: 10.45 - 11.00 | C25: 32 | D25: 5 | E25: 8 | F25: 18 | G25: 0 | H25: 0 | I25: 4 | J25: 1 | K25: 0 | L25: 0 | M25: 90 | N25: 0 | O25: =SUM(C25:L25,N25) -> 68 | P25: =SUM(C25:N25) -> 158 | R25: AM Period | S25: =SUM(S10:S12) -> 258 | T25: =SUM(T10:T12) -> 41 | U25: =SUM(U10:U12) -> 47 | V25: =SUM(V10:V12) -> 123 | W25: =SUM(W10:W12) -> 3 | X25: =SUM(X10:X12) -> 0 | Y25: =SUM(Y10:Y12) -> 24 | Z25: =SUM(Z10:Z12) -> 6 | ... AF25: =SUM(AF10:AF12) -> 2112
B26: 11.00 - 11.15 | C26: 25 | D26: 10 | E26: 11 | F26: 12 | G26: 0 | H26: 0 | I26: 3 | J26: 1 | K26: 0 | L26: 0 | M26: 120 | N26: 0 | O26: =SUM(C26:L26,N26) -> 62 | P26: =SUM(C26:N26) -> 182 | R26: IP Period | S26: =SUM(S13:S18) -> 919 | T26: =SUM(T13:T18) -> 360 | U26: =SUM(U13:U18) -> 229 | V26: =SUM(V13:V18) -> 316 | W26: =SUM(W13:W18) -> 5 | X26: =SUM(X13:X18) -> 1 | Y26: =SUM(Y13:Y18) -> 121 | Z26: =SUM(Z13:Z18) -> 29 | ... AF26: =SUM(AF13:AF18) -> 4403
B27: 11.15 - 11.30 | C27: 32 | D27: 13 | E27: 8 | F27: 12 | G27: 0 | H27: 0 | I27: 6 | J27: 3 | K27: 0 | L27: 0 | M27: 92 | N27: 0 | O27: =SUM(C27:L27,N27) -> 74 | P27: =SUM(C27:N27) -> 166 | R27: PM Period | S27: =SUM(S19:S21) -> 1067 | T27: =SUM(T19:T21) -> 199 | U27: =SUM(U19:U21) -> 129 | V27: =SUM(V19:V21) -> 210 | W27: =SUM(W19:W21) -> 7 | X27: =SUM(X19:X21) -> 1 | Y27: =SUM(Y19:Y21) -> 46 | Z27: =SUM(Z19:Z21) -> 12 | ... AF27: =SUM(AF19:AF21) -> 3108
B28: 11.30 - 11.45 | C28: 26 | D28: 11 | E28: 14 | F28: 19 | G28: 0 | H28: 0 | I28: 9 | J28: 2 | K28: 0 | L28: 0 | M28: 93 | N28: 0 | O28: =SUM(C28:L28,N28) -> 81 | P28: =SUM(C28:N28) -> 174 | R28: 12 Hours | S28: =SUM(S10:S21) -> 2244 | T28: =SUM(T10:T21) -> 600 | U28: =SUM(U10:U21) -> 405 | V28: =SUM(V10:V21) -> 649 | W28: =SUM(W10:W21) -> 15 | X28: =SUM(X10:X21) -> 2 | Y28: =SUM(Y10:Y21) -> 191 | Z28: =SUM(Z10:Z21) -> 47 | ... AF28: =SUM(AF10:AF21) -> 9623
B29: 11.45 - 12.00 | C29: 25 | D29: 7 | E29: 7 | F29: 15 | G29: 0 | H29: 0 | I29: 5 | J29: 1 | K29: 0 | L29: 0 | M29: 95 | N29: 0 | O29: =SUM(C29:L29,N29) -> 60 | P29: =SUM(C29:N29) -> 155
B30: 12.00 - 12.15 | C30: 28 | D30: 7 | E30: 6 | F30: 10 | G30: 0 | H30: 0 | I30: 5 | J30: 1 | K30: 0 | L30: 0 | M30: 87 | N30: 0 | O30: =SUM(C30:L30,N30) -> 57 | P30: =SUM(C30:N30) -> 144
B31: 12.15 - 12.30 | C31: 35 | D31: 5 | E31: 10 | F31: 13 | G31: 0 | H31: 0 | I31: 2 | J31: 1 | K31: 0 | L31: 0 | M31: 72 | N31: 0 | O31: =SUM(C31:L31,N31) -> 66 | P31: =SUM(C31:N31) -> 138
B32: 12.30 - 12.45 | C32: 33 | D32: 6 | E32: 3 | F32: 7 | G32: 0 | H32: 0 | I32: 5 | J32: 1 | K32: 0 | L32: 0 | M32: 95 | N32: 0 | O32: =SUM(C32:L32,N32) -> 55 | P32: =SUM(C32:N32) -> 150
B33: 12.45 - 13.00 | C33: 23 | D33: 2 | E33: 8 | F33: 11 | G33: 2 | H33: 0 | I33: 3 | J33: 0 | K33: 0 | L33: 0 | M33: 85 | N33: 0 | O33: =SUM(C33:L33,N33) -> 49 | P33: =SUM(C33:N33) -> 134
B34: 13.00 - 13.15 | C34: 32 | D34: 10 | E34: 6 | F34: 11 | G34: 0 | H34: 0 | I34: 3 | J34: 2 | K34: 1 | L34: 0 | M34: 110 | N34: 0 | O34: =SUM(C34:L34,N34) -> 65 | P34: =SUM(C34:N34) -> 175
B35: 13.15 - 13.30 | C35: 46 | D35: 8 | E35: 5 | F35: 9 | G35: 0 | H35: 1 | I35: 3 | J35: 0 | K35: 0 | L35: 0 | M35: 125 | N35: 0 | O35: =SUM(C35:L35,N35) -> 72 | P35: =SUM(C35:N35) -> 197
B36: 13.30 - 13.45 | C36: 45 | D36: 5 | E36: 11 | F36: 20 | G36: 0 | H36: 0 | I36: 6 | J36: 4 | K36: 0 | L36: 0 | M36: 132 | N36: 0 | O36: =SUM(C36:L36,N36) -> 91 | P36: =SUM(C36:N36) -> 223
B37: 13.45 - 14.00 | C37: 44 | D37: 10 | E37: 7 | F37: 5 | G37: 0 | H37: 0 | I37: 4 | J37: 0 | K37: 0 | L37: 0 | M37: 52 | N37: 0 | O37: =SUM(C37:L37,N37) -> 70 | P37: =SUM(C37:N37) -> 122
B38: 14.00 - 14.15 | C38: 50 | D38: 12 | E38: 9 | F38: 28 | G38: 0 | H38: 0 | I38: 5 | J38: 0 | K38: 0 | L38: 0 | M38: 105 | N38: 0 | O38: =SUM(C38:L38,N38) -> 104 | P38: =SUM(C38:N38) -> 209
B39: 14.15 - 14.30 | C39: 30 | D39: 5 | E39: 7 | F39: 4 | G39: 0 | H39: 0 | I39: 3 | J39: 1 | K39: 0 | L39: 0 | M39: 70 | N39: 0 | O39: =SUM(C39:L39,N39) -> 50 | P39: =SUM(C39:N39) -> 120
B40: 14.30 - 14.45 | C40: 70 | D40: 181 | E40: 12 | F40: 13 | G40: 0 | H40: 0 | I40: 6 | J40: 4 | K40: 0 | L40: 0 | M40: 100 | N40: 0 | O40: =SUM(C40:L40,N40) -> 286 | P40: =SUM(C40:N40) -> 386
... B57: 18.45 - 19.00 | C57: 75 | D57: 20 | E57: 9 | F57: 31 | G57: 1 | H57: 0 | I57: 7 | J57: 1 | K57: 0 | L57: 0 | M57: 135 | N57: 0 | O57: =SUM(C57:L57,N57) -> 144 | P57: =SUM(C57:N57) -> 279
B58: Totals | C58: =SUM(C10:C57) -> 2244 | D58: =SUM(D10:D57) -> 600 | E58: =SUM(E10:E57) -> 405 | F58: =SUM(F10:F57) -> 649 | G58: =SUM(G10:G57) -> 15 | H58: =SUM(H10:H57) -> 2 | I58: =SUM(I10:I57) -> 191 | J58: =SUM(J10:J57) -> 47 | ... P58: =SUM(P10:P57) -> 9623
B59: %ges + MCs | C59: =C58/$P$58 -> 0.23319131 | D59: =D58/$P$58 -> 0.062350618 | E59: =E58/$P$58 -> 0.042086667 | F59: =F58/$P$58 -> 0.067442585 | G59: =G58/$P$58 -> 0.0015587655 | H59: =H58/$P$58 -> 0.00020783539 | I59: =I58/$P$58 -> 0.01984828 | J59: =J58/$P$58 -> 0.0048841318 | ... N59: =N58/$P$58 -> 0
B60: %ges w/o MCs | C60: =C58/$O$58 -> 0.53981236 | D60: =D58/$O$58 -> 0.14433486 | E60: =E58/$O$58 -> 0.097426028 | F60: =F58/$O$58 -> 0.1561222 | G60: =G58/$O$58 -> 0.0036083714 | H60: =H58/$O$58 -> 0.00048111619 | I60: =I58/$O$58 -> 0.045946596 | J60: =J58/$O$58 -> 0.01130623 | ... L60: =L58/$O$58 -> 0 | N60: =N58/$O$58 -> 0

Sheet 03.08 Kyebando-Mulago-24h
B1: Consultancy services for Preparation of Expressway Development Master Plan (EDMP) for Uganda
B2: MANUAL CLASSIFIED COUNT (MCC)
B3: ROAD NAME: | C3: ='02.08 Kyebando-Mulago'!C3:G3 -> MCC - C1 - STN28 - KISINGIRI ROAD
C5: Date | D5: 03.08.19 | F5: Location | G5: ='01.08 Mulago-Kyebando-24h'!G5:H5 -> Kisingiri Street | J5: Surveyor | K5: Rashida & Agnes
C6: Dir. From | D6: ='02.08 Kyebando-Mulago'!D6:E6 -> Kyebando | F6: Dir. To | G6: ='02.08 Kyebando-Mulago'!G6:H6 -> Mulago | J6: Supervisor | K6: ='01.08 Mulago-Kyebando-24h'!K6:L6 -> Steven
B8: Time / Veh Type | R8: SUMMARY TRAFFIC VOLUMES
C9: 1. Car | D9: 2. Station Wagon | E9: 3. Pickups | F9: 4. Minibus, matatu | G9: 5. Medium bus | H9: 6. Large Bus | I9: 7. Light Truck | J9: 8. Medium Truck | K9: 9. Heavy truck | L9: 10. Truck Trailer | M9: 11. Motor cycles | N9: 12. Tractors | O9: Total Excl M/Cycles | P9: Total All | R9: Time | S9: 1. Car | T9: 2. Station Wagon | U9: 3. Pickups | V9: 4. Minibus, matatu | W9: 5. Medium bus | X9: 6. Large Bus | Y9: 7. Light Truck | Z9: 8. Medium Truck | AA9: 9. Heavy truck | AB9: 10. Truck Trailer | AC9: 11. Motorcycles | AD9: 12. Tractors, Graders | AE9: Total Excl M/ Cycles | AF9: Total All
B10: 07.00 - 07.15 | C10: 51 | D10: 7 | E10: 5 | F10: 23 | G10: 0 | H10: 0 | I10: 7 | J10: 0 | K10: 0 | L10: 0 | M10: 55 | N10: 0 | O10: =SUM(C10:L10,N10) -> 93 | P10: =SUM(C10:N10) -> 148 | R10: 0700-0800 | S10: =SUM(C10:C13) -> 235 | T10: =SUM(D10:D13) -> 34 | U10: =SUM(E10:E13) -> 25 | V10: =SUM(F10:F13) -> 112 | W10: =SUM(G10:G13) -> 0 | X10: =SUM(H10:H13) -> 0 | Y10: =SUM(I10:I13) -> 19 | Z10: =SUM(J10:J13) -> 1 | ... AF10: =SUM(P10:P13) -> 720
B11: 07.15 - 07.30 | C11: 40 | D11: 6 | E11: 3 | F11: 23 | G11: 0 | H11: 0 | I11: 8 | J11: 0 | K11: 0 | L11: 0 | M11: 40 | N11: 0 | O11: =SUM(C11:L11,N11) -> 80 | P11: =SUM(C11:N11) -> 120 | R11: 0800-0900 | S11: =SUM(C14:C17) -> 379 | T11: =SUM(D14:D17) -> 38 | U11: =SUM(E14:E17) -> 40 | V11: =SUM(F14:F17) -> 122 | W11: =SUM(G14:G17) -> 0 | X11: =SUM(H14:H17) -> 1 | Y11: =SUM(I14:I17) -> 16 | Z11: =SUM(J14:J17) -> 1 | ... AF11: =SUM(P14:P17) -> 1248
B12: 07.30 - 07.45 | C12: 73 | D12: 15 | E12: 10 | F12: 31 | G12: 0 | H12: 0 | I12: 2 | J12: 1 | K12: 0 | L12: 0 | M12: 88 | N12: 0 | O12: =SUM(C12:L12,N12) -> 132 | P12: =SUM(C12:N12) -> 220 | R12: 0900-1000 | S12: =SUM(C18:C21) -> 287 | T12: =SUM(D18:D21) -> 67 | U12: =SUM(E18:E21) -> 44 | V12: =SUM(F18:F21) -> 110 | W12: =SUM(G18:G21) -> 1 | X12: =SUM(H18:H21) -> 0 | Y12: =SUM(I18:I21) -> 18 | Z12: =SUM(J18:J21) -> 0 | ... AF12: =SUM(P18:P21) -> 1012
B13: 07.45 - 08.00 | C13: 71 | D13: 6 | E13: 7 | F13: 35 | G13: 0 | H13: 0 | I13: 2 | J13: 0 | K13: 0 | L13: 0 | M13: 111 | N13: 0 | O13: =SUM(C13:L13,N13) -> 121 | P13: =SUM(C13:N13) -> 232 | R13: 1000-1100 | S13: =SUM(C22:C25) -> 462 | T13: =SUM(D22:D25) -> 81 | U13: =SUM(E22:E25) -> 48 | V13: =SUM(F22:F25) -> 66 | W13: =SUM(G22:G25) -> 0 | X13: =SUM(H22:H25) -> 0 | Y13: =SUM(I22:I25) -> 32 | Z13: =SUM(J22:J25) -> 1 | ... AF13: =SUM(P22:P25) -> 1155
B14: 08.00 - 08.15 | C14: 100 | D14: 6 | E14: 10 | F14: 35 | G14: 0 | H14: 0 | I14: 8 | J14: 1 | K14: 0 | L14: 0 | M14: 140 | N14: 0 | O14: =SUM(C14:L14,N14) -> 160 | P14: =SUM(C14:N14) -> 300 | R14: 1100-1200 | S14: =SUM(C26:C29) -> 383 | T14: =SUM(D26:D29) -> 64 | U14: =SUM(E26:E29) -> 39 | V14: =SUM(F26:F29) -> 60 | W14: =SUM(G26:G29) -> 0 | X14: =SUM(H26:H29) -> 0 | Y14: =SUM(I26:I29) -> 17 | Z14: =SUM(J26:J29) -> 1 | ... AF14: =SUM(P26:P29) -> 989
B15: 08.15 - 08.30 | C15: 104 | D15: 9 | E15: 9 | F15: 34 | G15: 0 | H15: 0 | I15: 2 | J15: 0 | K15: 0 | L15: 0 | M15: 200 | N15: 0 | O15: =SUM(C15:L15,N15) -> 158 | P15: =SUM(C15:N15) -> 358 | R15: 1200-1300 | S15: =SUM(C30:C33) -> 348 | T15: =SUM(D30:D33) -> 61 | U15: =SUM(E30:E33) -> 36 | V15: =SUM(F30:F33) -> 66 | W15: =SUM(G30:G33) -> 1 | X15: =SUM(H30:H33) -> 1 | Y15: =SUM(I30:I33) -> 39 | Z15: =SUM(J30:J33) -> 1 | ... AF15: =SUM(P30:P33) -> 987
B16: 08.30 - 08.45 | C16: 110 | D16: 12 | E16: 12 | F16: 36 | G16: 0 | H16: 1 | I16: 4 | J16: 0 | K16: 0 | L16: 0 | M16: 211 | N16: 0 | O16: =SUM(C16:L16,N16) -> 175 | P16: =SUM(C16:N16) -> 386 | R16: 1300-1400 | S16: =SUM(C34:C37) -> 284 | T16: =SUM(D34:D37) -> 40 | U16: =SUM(E34:E37) -> 33 | V16: =SUM(F34:F37) -> 38 | W16: =SUM(G34:G37) -> 0 | X16: =SUM(H34:H37) -> 0 | Y16: =SUM(I34:I37) -> 34 | Z16: =SUM(J34:J37) -> 1 | ... AF16: =SUM(P34:P37) -> 903
B17: 08.45 - 9.00 | C17: 65 | D17: 11 | E17: 9 | F17: 17 | G17: 0 | H17: 0 | I17: 2 | J17: 0 | K17: 0 | L17: 0 | M17: 100 | N17: 0 | O17: =SUM(C17:L17,N17) -> 104 | P17: =SUM(C17:N17) -> 204 | R17: 1400-1500 | S17: =SUM(C38:C41) -> 246 | T17: =SUM(D38:D41) -> 45 | U17: =SUM(E38:E41) -> 27 | V17: =SUM(F38:F41) -> 36 | W17: =SUM(G38:G41) -> 0 | X17: =SUM(H38:H41) -> 0 | Y17: =SUM(I38:I41) -> 17 | Z17: =SUM(J38:J41) -> 1 | ... AF17: =SUM(P38:P41) -> 848
B18: 09.00 - 09.15 | C18: 81 | D18: 23 | E18: 14 | F18: 37 | G18: 0 | H18: 0 | I18: 5 | J18: 0 | K18: 0 | L18: 0 | M18: 130 | N18: 0 | O18: =SUM(C18:L18,N18) -> 160 | P18: =SUM(C18:N18) -> 290 | R18: 1500-1600 | S18: =SUM(C42:C45) -> 203 | T18: =SUM(D42:D45) -> 34 | U18: =SUM(E42:E45) -> 33 | V18: =SUM(F42:F45) -> 30 | W18: =SUM(G42:G45) -> 0 | X18: =SUM(H42:H45) -> 0 | Y18: =SUM(I42:I45) -> 9 | Z18: =SUM(J42:J45) -> 3 | ... AF18: =SUM(P42:P45) -> 705
B19: 09.15 - 09.30 | C19: 61 | D19: 19 | E19: 8 | F19: 26 | G19: 0 | H19: 0 | I19: 9 | J19: 0 | K19: 0 | L19: 0 | M19: 115 | N19: 0 | O19: =SUM(C19:L19,N19) -> 123 | P19: =SUM(C19:N19) -> 238 | R19: 1600-1700 | S19: =SUM(C46:C49) -> 210 | T19: =SUM(D46:D49) -> 33 | U19: =SUM(E46:E49) -> 27 | V19: =SUM(F46:F49) -> 38 | W19: =SUM(G46:G49) -> 0 | X19: =SUM(H46:H49) -> 0 | Y19: =SUM(I46:I49) -> 14 | Z19: =SUM(J46:J49) -> 0 | ... AF19: =SUM(P46:P49) -> 717
B20: 09.30 - 09.45 | C20: 75 | D20: 13 | E20: 9 | F20: 20 | G20: 1 | H20: 0 | I20: 2 | J20: 0 | K20: 0 | L20: 0 | M20: 115 | N20: 0 | O20: =SUM(C20:L20,N20) -> 120 | P20: =SUM(C20:N20) -> 235 | R20: 1700-1800 | S20: =SUM(C50:C53) -> 184 | T20: =SUM(D50:D53) -> 31 | U20: =SUM(E50:E53) -> 25 | V20: =SUM(F50:F53) -> 42 | W20: =SUM(G50:G53) -> 0 | X20: =SUM(H50:H53) -> 0 | Y20: =SUM(I50:I53) -> 15 | Z20: =SUM(J50:J53) -> 2 | ... AF20: =SUM(P50:P53) -> 642
B21: 09.45 - 10.00 | C21: 70 | D21: 12 | E21: 13 | F21: 27 | G21: 0 | H21: 0 | I21: 2 | J21: 0 | K21: 0 | L21: 0 | M21: 125 | N21: 0 | O21: =SUM(C21:L21,N21) -> 124 | P21: =SUM(C21:N21) -> 249 | R21: 1800-1900 | S21: =SUM(C54:C57) -> 182 | T21: =SUM(D54:D57) -> 40 | U21: =SUM(E54:E57) -> 21 | V21: =SUM(F54:F57) -> 40 | W21: =SUM(G54:G57) -> 0 | X21: =SUM(H54:H57) -> 0 | Y21: =SUM(I54:I57) -> 22 | Z21: =SUM(J54:J57) -> 3 | ... AF21: =SUM(P54:P57) -> 689
B22: 10.00 - 10.15 | C22: 85 | D22: 16 | E22: 11 | F22: 21 | G22: 0 | H22: 0 | I22: 5 | J22: 0 | K22: 0 | L22: 0 | M22: 105 | N22: 0 | O22: =SUM(C22:L22,N22) -> 138 | P22: =SUM(C22:N22) -> 243 | R22: 1900-2000 | S22: =SUM(C58:C61) -> 347 | T22: =SUM(D58:D61) -> 23 | U22: =SUM(E58:E61) -> 24 | V22: =SUM(F58:F61) -> 52 | W22: =SUM(G58:G61) -> 1 | X22: =SUM(H58:H61) -> 4 | Y22: =SUM(I58:I61) -> 8 | Z22: =SUM(J58:J61) -> 8 | ... AF22: =SUM(P58:P61) -> 945
B23: 10.15 - 10.30 | C23: 130 | D23: 14 | E23: 12 | F23: 14 | G23: 0 | H23: 0 | I23: 7 | J23: 0 | K23: 0 | L23: 0 | M23: 135 | N23: 0 | O23: =SUM(C23:L23,N23) -> 177 | P23: =SUM(C23:N23) -> 312 | R23: 2000-2100 | S23: =SUM(C62:C65) -> 289 | T23: =SUM(D62:D65) -> 16 | U23: =SUM(E62:E65) -> 26 | V23: =SUM(F62:F65) -> 40 | W23: =SUM(G62:G65) -> 1 | X23: =SUM(H62:H65) -> 0 | Y23: =SUM(I62:I65) -> 11 | Z23: =SUM(J62:J65) -> 1 | ... AF23: =SUM(P62:P65) -> 773
B24: 10.30 - 10.45 | C24: 135 | D24: 21 | E24: 10 | F24: 16 | G24: 0 | H24: 0 | I24: 12 | J24: 1 | K24: 0 | L24: 0 | M24: 150 | N24: 0 | O24: =SUM(C24:L24,N24) -> 195 | P24: =SUM(C24:N24) -> 345 | R24: 2100-2200 | S24: =SUM(C66:C69) -> 237 | T24: =SUM(D66:D69) -> 12 | U24: =SUM(E66:E69) -> 24 | V24: =SUM(F66:F69) -> 23 | W24: =SUM(G66:G69) -> 0 | X24: =SUM(H66:H69) -> 0 | Y24: =SUM(I66:I69) -> 2 | Z24: =SUM(J66:J69) -> 2 | ... AF24: =SUM(P66:P69) -> 662
B25: 10.45 - 11.00 | C25: 112 | D25: 30 | E25: 15 | F25: 15 | G25: 0 | H25: 0 | I25: 8 | J25: 0 | K25: 0 | L25: 0 | M25: 75 | N25: 0 | O25: =SUM(C25:L25,N25) -> 180 | P25: =SUM(C25:N25) -> 255 | R25: 2200-2300 | S25: =SUM(C70:C73) -> 157 | T25: =SUM(D70:D73) -> 6 | U25: =SUM(E70:E73) -> 13 | V25: =SUM(F70:F73) -> 9 | W25: =SUM(G70:G73) -> 0 | X25: =SUM(H70:H73) -> 0 | Y25: =SUM(I70:I73) -> 4 | Z25: =SUM(J70:J73) -> 0 | ... AF25: =SUM(P70:P73) -> 419
B26: 11.00 - 11.15 | C26: 92 | D26: 15 | E26: 6 | F26: 13 | G26: 0 | H26: 0 | I26: 4 | J26: 1 | K26: 0 | L26: 0 | M26: 115 | N26: 0 | O26: =SUM(C26:L26,N26) -> 131 | P26: =SUM(C26:N26) -> 246 | R26: 2300-0000 | S26: =SUM(C74:C77) -> 80 | T26: =SUM(D74:D77) -> 3 | U26: =SUM(E74:E77) -> 10 | V26: =SUM(F74:F77) -> 3 | W26: =SUM(G74:G77) -> 0 | X26: =SUM(H74:H77) -> 0 | Y26: =SUM(I74:I77) -> 1 | Z26: =SUM(J74:J77) -> 0 | ... AF26: =SUM(P74:P77) -> 240
B27: 11.15 - 11.30 | C27: 105 | D27: 14 | E27: 12 | F27: 17 | G27: 0 | H27: 0 | I27: 1 | J27: 0 | K27: 0 | L27: 0 | M27: 117 | N27: 0 | O27: =SUM(C27:L27,N27) -> 149 | P27: =SUM(C27:N27) -> 266 | R27: 0000-0100 | S27: =SUM(C78:C81) -> 77 | T27: =SUM(D78:D81) -> 4 | U27: =SUM(E78:E81) -> 5 | V27: =SUM(F78:F81) -> 0 | W27: =SUM(G78:G81) -> 0 | X27: =SUM(H78:H81) -> 0 | Y27: =SUM(I78:I81) -> 1 | Z27: =SUM(J78:J81) -> 0 | ... AF27: =SUM(P78:P81) -> 183
B28: 11.30 - 11.45 | C28: 71 | D28: 20 | E28: 12 | F28: 18 | G28: 0 | H28: 0 | I28: 9 | J28: 0 | K28: 0 | L28: 0 | M28: 83 | N28: 0 | O28: =SUM(C28:L28,N28) -> 130 | P28: =SUM(C28:N28) -> 213 | R28: 0100-0200 | S28: =SUM(C82:C85) -> 56 | T28: =SUM(D82:D85) -> 2 | U28: =SUM(E82:E85) -> 2 | V28: =SUM(F82:F85) -> 0 | W28: =SUM(G82:G85) -> 0 | X28: =SUM(H82:H85) -> 1 | Y28: =SUM(I82:I85) -> 4 | Z28: =SUM(J82:J85) -> 0 | ... AF28: =SUM(P82:P85) -> 131
B29: 11.45 - 12.00 | C29: 115 | D29: 15 | E29: 9 | F29: 12 | G29: 0 | H29: 0 | I29: 3 | J29: 0 | K29: 0 | L29: 0 | M29: 110 | N29: 0 | O29: =SUM(C29:L29,N29) -> 154 | P29: =SUM(C29:N29) -> 264 | R29: 0200-0300 | S29: =SUM(C86:C89) -> 46 | T29: =SUM(D86:D89) -> 1 | U29: =SUM(E86:E89) -> 5 | V29: =SUM(F86:F89) -> 1 | W29: =SUM(G86:G89) -> 0 | X29: =SUM(H86:H89) -> 0 | Y29: =SUM(I86:I89) -> 0 | Z29: =SUM(J86:J89) -> 0 | ... AF29: =SUM(P86:P89) -> 113
B30: 12.00 - 12.15 | C30: 78 | D30: 22 | E30: 10 | F30: 31 | G30: 0 | H30: 0 | I30: 9 | J30: 1 | K30: 0 | L30: 0 | M30: 110 | N30: 0 | O30: =SUM(C30:L30,N30) -> 151 | P30: =SUM(C30:N30) -> 261 | R30: 0300-0400 | S30: =SUM(C90:C93) -> 13 | T30: =SUM(D90:D93) -> 0 | U30: =SUM(E90:E93) -> 0 | V30: =SUM(F90:F93) -> 0 | W30: =SUM(G90:G93) -> 0 | X30: =SUM(H90:H93) -> 0 | Y30: =SUM(I90:I93) -> 0 | Z30: =SUM(J90:J93) -> 0 | ... AF30: =SUM(P90:P93) -> 43
B31: 12.15 - 12.30 | C31: 80 | D31: 11 | E31: 7 | F31: 15 | G31: 0 | H31: 0 | I31: 10 | J31: 0 | K31: 0 | L31: 0 | M31: 81 | N31: 0 | O31: =SUM(C31:L31,N31) -> 123 | P31: =SUM(C31:N31) -> 204 | R31: 0400-0500 | S31: =SUM(C94:C97) -> 16 | T31: =SUM(D94:D97) -> 1 | U31: =SUM(E94:E97) -> 1 | V31: =SUM(F94:F97) -> 0 | W31: =SUM(G94:G97) -> 0 | X31: =SUM(H94:H97) -> 0 | Y31: =SUM(I94:I97) -> 0 | Z31: =SUM(J94:J97) -> 0 | ... AF31: =SUM(P94:P97) -> 43
B32: 12.30 - 12.45 | C32: 110 | D32: 13 | E32: 10 | F32: 7 | G32: 1 | H32: 0 | I32: 12 | J32: 0 | K32: 0 | L32: 0 | M32: 122 | N32: 0 | O32: =SUM(C32:L32,N32) -> 153 | P32: =SUM(C32:N32) -> 275 | R32: 0500-0600 | S32: =SUM(C98:C101) -> 17 | T32: =SUM(D98:D101) -> 0 | U32: =SUM(E98:E101) -> 1 | V32: =SUM(F98:F101) -> 9 | W32: =SUM(G98:G101) -> 0 | X32: =SUM(H98:H101) -> 0 | Y32: =SUM(I98:I101) -> 0 | Z32: =SUM(J98:J101) -> 0 | ... AF32: =SUM(P98:P101) -> 106
B33: 12.45 - 13.00 | C33: 80 | D33: 15 | E33: 9 | F33: 13 | G33: 0 | H33: 1 | I33: 8 | J33: 0 | K33: 0 | L33: 0 | M33: 121 | N33: 0 | O33: =SUM(C33:L33,N33) -> 126 | P33: =SUM(C33:N33) -> 247 | R33: 0600-0700 | S33: =SUM(C102:C105) -> 61 | T33: =SUM(D102:D105) -> 0 | U33: =SUM(E102:E105) -> 6 | V33: =SUM(F102:F105) -> 23 | W33: =SUM(G102:G105) -> 0 | X33: =SUM(H102:H105) -> 0 | Y33: =SUM(I102:I105) -> 2 | Z33: =SUM(J102:J105) -> 0 | ... AF33: =SUM(P102:P105) -> 183
B34: 13.00 - 13.15 | C34: 87 | D34: 12 | E34: 6 | F34: 10 | G34: 0 | H34: 0 | I34: 10 | J34: 1 | K34: 0 | L34: 0 | M34: 86 | N34: 0 | O34: =SUM(C34:L34,N34) -> 126 | P34: =SUM(C34:N34) -> 212 | R34: AM Peak Hr | S34: =MAX(S10:S12) -> 379 | T34: =MAX(T10:T12) -> 67 | U34: =MAX(U10:U12) -> 44 | V34: =MAX(V10:V12) -> 122 | W34: =MAX(W10:W12) -> 1 | X34: =MAX(X10:X12) -> 1 | Y34: =MAX(Y10:Y12) -> 19 | Z34: =MAX(Z10:Z12) -> 1 | ... AF34: =MAX(AF10:AF12) -> 1248
B35: 13.15 - 13.30 | C35: 81 | D35: 11 | E35: 7 | F35: 9 | G35: 0 | H35: 0 | I35: 7 | J35: 0 | K35: 0 | L35: 0 | M35: 135 | N35: 0 | O35: =SUM(C35:L35,N35) -> 115 | P35: =SUM(C35:N35) -> 250 | R35: IP Peak Hr | S35: =MAX(S13:S18) -> 462 | T35: =MAX(T13:T18) -> 81 | U35: =MAX(U13:U18) -> 48 | V35: =MAX(V13:V18) -> 66 | W35: =MAX(W13:W18) -> 1 | X35: =MAX(X13:X18) -> 1 | Y35: =MAX(Y13:Y18) -> 39 | Z35: =MAX(Z13:Z18) -> 3 | ... AF35: =MAX(AF13:AF18) -> 1155
B36: 13.30 - 13.45 | C36: 61 | D36: 5 | E36: 12 | F36: 7 | G36: 0 | H36: 0 | I36: 11 | J36: 0 | K36: 0 | L36: 0 | M36: 137 | N36: 0 | O36: =SUM(C36:L36,N36) -> 96 | P36: =SUM(C36:N36) -> 233 | R36: PM Peak Hr | S36: =MAX(S19:S21) -> 210 | T36: =MAX(T19:T21) -> 40 | U36: =MAX(U19:U21) -> 27 | V36: =MAX(V19:V21) -> 42 | W36: =MAX(W19:W21) -> 0 | X36: =MAX(X19:X21) -> 0 | Y36: =MAX(Y19:Y21) -> 22 | Z36: =MAX(Z19:Z21) -> 3 | ... AF36: =MAX(AF19:AF21) -> 717
B37: 13.45 - 14.00 | C37: 55 | D37: 12 | E37: 8 | F37: 12 | G37: 0 | H37: 0 | I37: 6 | J37: 0 | K37: 0 | L37: 0 | M37: 115 | N37: 0 | O37: =SUM(C37:L37,N37) -> 93 | P37: =SUM(C37:N37) -> 208 | R37: AM Period | S37: =SUM(S10:S12) -> 901 | T37: =SUM(T10:T12) -> 139 | U37: =SUM(U10:U12) -> 109 | V37: =SUM(V10:V12) -> 344 | W37: =SUM(W10:W12) -> 1 | X37: =SUM(X10:X12) -> 1 | Y37: =SUM(Y10:Y12) -> 53 | Z37: =SUM(Z10:Z12) -> 2 | ... AF37: =SUM(AF10:AF12) -> 2980
B38: 14.00 - 14.15 | C38: 75 | D38: 13 | E38: 9 | F38: 7 | G38: 0 | H38: 0 | I38: 2 | J38: 1 | K38: 0 | L38: 0 | M38: 113 | N38: 0 | O38: =SUM(C38:L38,N38) -> 107 | P38: =SUM(C38:N38) -> 220 | R38: IP Period | S38: =SUM(S13:S18) -> 1926 | T38: =SUM(T13:T18) -> 325 | U38: =SUM(U13:U18) -> 216 | V38: =SUM(V13:V18) -> 296 | W38: =SUM(W13:W18) -> 1 | X38: =SUM(X13:X18) -> 1 | Y38: =SUM(Y13:Y18) -> 148 | Z38: =SUM(Z13:Z18) -> 8 | ... AF38: =SUM(AF13:AF18) -> 5587
B39: 14.15 - 14.30 | C39: 64 | D39: 10 | E39: 6 | F39: 7 | G39: 0 | H39: 0 | I39: 4 | J39: 0 | K39: 0 | L39: 0 | M39: 120 | N39: 0 | O39: =SUM(C39:L39,N39) -> 91 | P39: =SUM(C39:N39) -> 211 | R39: PM Period | S39: =SUM(S19:S21) -> 576 | T39: =SUM(T19:T21) -> 104 | U39: =SUM(U19:U21) -> 73 | V39: =SUM(V19:V21) -> 120 | W39: =SUM(W19:W21) -> 0 | X39: =SUM(X19:X21) -> 0 | Y39: =SUM(Y19:Y21) -> 51 | Z39: =SUM(Z19:Z21) -> 5 | ... AF39: =SUM(AF19:AF21) -> 2048
B40: 14.30 - 14.45 | C40: 52 | D40: 13 | E40: 8 | F40: 14 | G40: 0 | H40: 0 | I40: 5 | J40: 0 | K40: 0 | L40: 0 | M40: 123 | N40: 0 | O40: =SUM(C40:L40,N40) -> 92 | P40: =SUM(C40:N40) -> 215 | R40: 12 Hours | S40: =SUM(S10:S21) -> 3403 | T40: =SUM(T10:T21) -> 568 | U40: =SUM(U10:U21) -> 398 | V40: =SUM(V10:V21) -> 760 | W40: =SUM(W10:W21) -> 2 | X40: =SUM(X10:X21) -> 2 | Y40: =SUM(Y10:Y21) -> 252 | Z40: =SUM(Z10:Z21) -> 15 | ... AF40: =SUM(AF10:AF21) -> 10615
B41: 14.45 - 15.00 | C41: 55 | D41: 9 | E41: 4 | F41: 8 | G41: 0 | H41: 0 | I41: 6 | J41: 0 | K41: 0 | L41: 0 | M41: 120 | N41: 0 | O41: =SUM(C41:L41,N41) -> 82 | P41: =SUM(C41:N41) -> 202 | R41: 24 Hrs/ADT | S41: =SUM(S10:S33) -> 4799 | T41: =SUM(T10:T33) -> 636 | U41: =SUM(U10:U33) -> 515 | V41: =SUM(V10:V33) -> 920 | W41: =SUM(W10:W33) -> 4 | X41: =SUM(X10:X33) -> 7 | Y41: =SUM(Y10:Y33) -> 285 | Z41: =SUM(Z10:Z33) -> 26 | ... AF41: =SUM(AF10:AF33) -> 14456
B42: 15.00 - 15.15 | C42: 52 | D42: 10 | E42: 13 | F42: 9 | G42: 0 | H42: 0 | I42: 3 | J42: 0 | K42: 0 | L42: 0 | M42: 100 | N42: 0 | O42: =SUM(C42:L42,N42) -> 87 | P42: =SUM(C42:N42) -> 187 | R42: NEF | S42: =S41/S40 -> 1.4102263 | T42: =T41/T40 -> 1.1197183 | U42: =U41/U40 -> 1.2939698 | V42: =V41/V40 -> 1.2105263 | W42: =W41/W40 -> 2 | X42: =X41/X40 -> 3.5 | Y42: =Y41/Y40 -> 1.1309524 | Z42: =Z41/Z40 -> 1.7333333 | ... AF42: =AF41/AF40 -> 1.3618464
B43: 15.15 - 15.30 | C43: 35 | D43: 5 | E43: 6 | F43: 5 | G43: 0 | H43: 0 | I43: 0 | J43: 0 | K43: 0 | L43: 0 | M43: 105 | N43: 0 | O43: =SUM(C43:L43,N43) -> 51 | P43: =SUM(C43:N43) -> 156
B44: 15.30 - 15.45 | C44: 57 | D44: 9 | E44: 7 | F44: 5 | G44: 0 | H44: 0 | I44: 5 | J44: 3 | K44: 0 | L44: 0 | M44: 88 | N44: 0 | O44: =SUM(C44:L44,N44) -> 86 | P44: =SUM(C44:N44) -> 174
B45: 15.45 - 16.00 | C45: 59 | D45: 10 | E45: 7 | F45: 11 | G45: 0 | H45: 0 | I45: 1 | J45: 0 | K45: 0 | L45: 0 | M45: 100 | N45: 0 | O45: =SUM(C45:L45,N45) -> 88 | P45: =SUM(C45:N45) -> 188
B46: 16.00 - 16.15 | C46: 48 | D46: 6 | E46: 4 | F46: 9 | G46: 0 | H46: 0 | I46: 3 | J46: 0 | K46: 0 | L46: 0 | M46: 95 | N46: 0 | O46: =SUM(C46:L46,N46) -> 70 | P46: =SUM(C46:N46) -> 165
B47: 16.15 -16.30 | C47: 59 | D47: 10 | E47: 7 | F47: 13 | G47: 0 | H47: 0 | I47: 3 | J47: 0 | K47: 0 | L47: 0 | M47: 81 | N47: 0 | O47: =SUM(C47:L47,N47) -> 92 | P47: =SUM(C47:N47) -> 173
B48: 16.30 -16.45 | C48: 60 | D48: 9 | E48: 6 | F48: 8 | G48: 0 | H48: 0 | I48: 6 | J48: 0 | K48: 0 | L48: 0 | M48: 125 | N48: 0 | O48: =SUM(C48:L48,N48) -> 89 | P48: =SUM(C48:N48) -> 214
B49: 16.45 -17.00 | C49: 43 | D49: 8 | E49: 10 | F49: 8 | G49: 0 | H49: 0 | I49: 2 | J49: 0 | K49: 0 | L49: 0 | M49: 94 | N49: 0 | O49: =SUM(C49:L49,N49) -> 71 | P49: =SUM(C49:N49) -> 165
B50: 17.00 -17.15 | C50: 36 | D50: 6 | E50: 5 | F50: 7 | G50: 0 | H50: 0 | I50: 4 | J50: 2 | K50: 0 | L50: 0 | M50: 85 | N50: 0 | O50: =SUM(C50:L50,N50) -> 60 | P50: =SUM(C50:N50) -> 145
B51: 17.15 -17.30 | C51: 41 | D51: 7 | E51: 4 | F51: 9 | G51: 0 | H51: 0 | I51: 3 | J51: 0 | K51: 0 | L51: 0 | M51: 96 | N51: 0 | O51: =SUM(C51:L51,N51) -> 64 | P51: =SUM(C51:N51) -> 160
B52: 17.30 -17.45 | C52: 54 | D52: 5 | E52: 12 | F52: 15 | G52: 0 | H52: 0 | I52: 3 | J52: 0 | K52: 0 | L52: 0 | M52: 80 | N52: 0 | O52: =SUM(C52:L52,N52) -> 89 | P52: =SUM(C52:N52) -> 169
B53: 17.45 -18.00 | C53: 53 | D53: 13 | E53: 4 | F53: 11 | G53: 0 | H53: 0 | I53: 5 | J53: 0 | K53: 1 | L53: 0 | M53: 81 | N53: 0 | O53: =SUM(C53:L53,N53) -> 87 | P53: =SUM(C53:N53) -> 168
B54: 18.00 - 18.15 | C54: 56 | D54: 12 | E54: 4 | F54: 13 | G54: 0 | H54: 0 | I54: 2 | J54: 3 | K54: 0 | L54: 0 | M54: 110 | N54: 0 | O54: =SUM(C54:L54,N54) -> 90 | P54: =SUM(C54:N54) -> 200
... B105: 06.45 - 07.00 | C105: 23 | D105: 0 | E105: 2 | F105: 8 | G105: 0 | H105: 0 | I105: 1 | J105: 0 | K105: 0 | L105: 0 | M105: 29 | N105: 0 | O105: =SUM(C105:L105,N105) -> 34 | P105: =SUM(C105:N105) -> 63
B106: Totals | C106: =SUM(C10:C105) -> 4799 | D106: =SUM(D10:D105) -> 636 | E106: =SUM(E10:E105) -> 515 | F106: =SUM(F10:F105) -> 920 | G106: =SUM(G10:G105) -> 4 | H106: =SUM(H10:H105) -> 7 | I106: =SUM(I10:I105) -> 285 | J106: =SUM(J10:J105) -> 26 | ... P106: =SUM(P10:P105) -> 14456
B107: %ges + MCs | C107: =C106/$P$106 -> 0.33197288 | D107: =D106/$P$106 -> 0.043995573 | E107: =E106/$P$106 -> 0.035625346 | F107: =F106/$P$106 -> 0.063641395 | G107: =G106/$P$106 -> 0.00027670172 | H107: =H106/$P$106 -> 0.000484228 | I107: =I106/$P$106 -> 0.019714997 | J107: =J106/$P$106 -> 0.0017985612 | ... N107: =N106/$P$106 -> 0
B108: %ges w/o MCs | C108: =C106/$O$106 -> 0.66717642 | D108: =D106/$O$106 -> 0.088419297 | E108: =E106/$O$106 -> 0.071597386 | F108: =F106/$O$106 -> 0.12790213 | G108: =G106/$O$106 -> 0.0005560962 | H108: =H106/$O$106 -> 0.00097316836 | I108: =I106/$O$106 -> 0.039621855 | J108: =J106/$O$106 -> 0.0036146253 | ... L108: =L106/$O$106 -> 0 | N108: =N106/$O$106 -> 0

Sheet 03.08 Mulago-Kyebando-24h
B1: Consultancy services for Preparation of Expressway Development Master Plan (EDMP) for Uganda
B2: MANUAL CLASSIFIED COUNT (MCC)
B3: ROAD NAME: | C3: ='02.08 Kyebando-Mulago'!C3:G3 -> MCC - C1 - STN28 - KISINGIRI ROAD
C5: Date | D5: ='03.08 Kyebando-Mulago-24h'!D5 -> 03.08.19 | F5: Location | G5: ='03.08 Kyebando-Mulago-24h'!G5:H5 -> Kisingiri Street | J5: Surveyor | K5: Frank & Dorah
C6: Dir. From | D6: ='02.08 Mulago-Kyebando'!D6:E6 -> Mulago | F6: Dir. To | G6: ='02.08 Mulago-Kyebando'!G6:H6 -> Kyebando | J6: Supervisor | K6: ='03.08 Kyebando-Mulago-24h'!K6:L6 -> Steven
B8: Time / Veh Type | R8: SUMMARY TRAFFIC VOLUMES
C9: 1. Car | D9: 2. Station Wagon | E9: 3. Pickups | F9: 4. Minibus, matatu | G9: 5. Medium bus | H9: 6. Large Bus | I9: 7. Light Truck | J9: 8. Medium Truck | K9: 9. Heavy truck | L9: 10. Truck Trailer | M9: 11. Motor cycles | N9: 12. Tractors | O9: Total Excl M/Cycles | P9: Total All | R9: Time | S9: 1. Car | T9: 2. Station Wagon | U9: 3. Pickups | V9: 4. Minibus, matatu | W9: 5. Medium bus | X9: 6. Large Bus | Y9: 7. Light Truck | Z9: 8. Medium Truck | AA9: 9. Heavy truck | AB9: 10. Truck Trailer | AC9: 11. Motorcycles | AD9: 12. Tractors, Graders | AE9: Total Excl M/ Cycles | AF9: Total All
B10: 07.00 - 07.15 | C10: 18 | D10: 7 | E10: 7 | F10: 10 | G10: 0 | H10: 0 | I10: 1 | J10: 0 | K10: 0 | L10: 0 | M10: 68 | N10: 0 | O10: =SUM(C10:L10,N10) -> 43 | P10: =SUM(C10:N10) -> 111 | R10: 0700-0800 | S10: =SUM(C10:C13) -> 72 | T10: =SUM(D10:D13) -> 14 | U10: =SUM(E10:E13) -> 11 | V10: =SUM(F10:F13) -> 39 | W10: =SUM(G10:G13) -> 0 | X10: =SUM(H10:H13) -> 0 | Y10: =SUM(I10:I13) -> 6 | Z10: =SUM(J10:J13) -> 0 | ... AF10: =SUM(P10:P13) -> 432
B11: 07.15 - 07.30 | C11: 15 | D11: 2 | E11: 3 | F11: 14 | G11: 0 | H11: 0 | I11: 3 | J11: 0 | K11: 0 | L11: 0 | M11: 66 | N11: 0 | O11: =SUM(C11:L11,N11) -> 37 | P11: =SUM(C11:N11) -> 103 | R11: 0800-0900 | S11: =SUM(C14:C17) -> 83 | T11: =SUM(D14:D17) -> 17 | U11: =SUM(E14:E17) -> 11 | V11: =SUM(F14:F17) -> 46 | W11: =SUM(G14:G17) -> 0 | X11: =SUM(H14:H17) -> 0 | Y11: =SUM(I14:I17) -> 4 | Z11: =SUM(J14:J17) -> 5 | ... AF11: =SUM(P14:P17) -> 543
B12: 07.30 - 07.45 | C12: 17 | D12: 4 | E12: 1 | F12: 9 | G12: 0 | H12: 0 | I12: 1 | J12: 0 | K12: 0 | L12: 0 | M12: 71 | N12: 0 | O12: =SUM(C12:L12,N12) -> 32 | P12: =SUM(C12:N12) -> 103 | R12: 0900-1000 | S12: =SUM(C18:C21) -> 113 | T12: =SUM(D18:D21) -> 24 | U12: =SUM(E18:E21) -> 27 | V12: =SUM(F18:F21) -> 57 | W12: =SUM(G18:G21) -> 0 | X12: =SUM(H18:H21) -> 0 | Y12: =SUM(I18:I21) -> 17 | Z12: =SUM(J18:J21) -> 4 | ... AF12: =SUM(P18:P21) -> 832
B13: 07.45 - 08.00 | C13: 22 | D13: 1 | E13: 0 | F13: 6 | G13: 0 | H13: 0 | I13: 1 | J13: 0 | K13: 0 | L13: 0 | M13: 85 | N13: 0 | O13: =SUM(C13:L13,N13) -> 30 | P13: =SUM(C13:N13) -> 115 | R13: 1000-1100 | S13: =SUM(C22:C25) -> 172 | T13: =SUM(D22:D25) -> 33 | U13: =SUM(E22:E25) -> 25 | V13: =SUM(F22:F25) -> 48 | W13: =SUM(G22:G25) -> 1 | X13: =SUM(H22:H25) -> 0 | Y13: =SUM(I22:I25) -> 29 | Z13: =SUM(J22:J25) -> 4 | ... AF13: =SUM(P22:P25) -> 832
B14: 08.00 - 08.15 | C14: 28 | D14: 10 | E14: 3 | F14: 7 | G14: 0 | H14: 0 | I14: 0 | J14: 1 | K14: 0 | L14: 0 | M14: 93 | N14: 0 | O14: =SUM(C14:L14,N14) -> 49 | P14: =SUM(C14:N14) -> 142 | R14: 1100-1200 | S14: =SUM(C26:C29) -> 241 | T14: =SUM(D26:D29) -> 39 | U14: =SUM(E26:E29) -> 51 | V14: =SUM(F26:F29) -> 71 | W14: =SUM(G26:G29) -> 0 | X14: =SUM(H26:H29) -> 0 | Y14: =SUM(I26:I29) -> 22 | Z14: =SUM(J26:J29) -> 2 | ... AF14: =SUM(P26:P29) -> 921
B15: 08.15 - 08.30 | C15: 17 | D15: 1 | E15: 3 | F15: 11 | G15: 0 | H15: 0 | I15: 1 | J15: 1 | K15: 0 | L15: 0 | M15: 87 | N15: 0 | O15: =SUM(C15:L15,N15) -> 34 | P15: =SUM(C15:N15) -> 121 | R15: 1200-1300 | S15: =SUM(C30:C33) -> 241 | T15: =SUM(D30:D33) -> 35 | U15: =SUM(E30:E33) -> 50 | V15: =SUM(F30:F33) -> 69 | W15: =SUM(G30:G33) -> 1 | X15: =SUM(H30:H33) -> 0 | Y15: =SUM(I30:I33) -> 32 | Z15: =SUM(J30:J33) -> 3 | ... AF15: =SUM(P30:P33) -> 915
B16: 08.30 - 08.45 | C16: 21 | D16: 3 | E16: 3 | F16: 15 | G16: 0 | H16: 0 | I16: 0 | J16: 1 | K16: 0 | L16: 0 | M16: 91 | N16: 0 | O16: =SUM(C16:L16,N16) -> 43 | P16: =SUM(C16:N16) -> 134 | R16: 1300-1400 | S16: =SUM(C34:C37) -> 322 | T16: =SUM(D34:D37) -> 41 | U16: =SUM(E34:E37) -> 46 | V16: =SUM(F34:F37) -> 58 | W16: =SUM(G34:G37) -> 1 | X16: =SUM(H34:H37) -> 0 | Y16: =SUM(I34:I37) -> 29 | Z16: =SUM(J34:J37) -> 1 | ... AF16: =SUM(P34:P37) -> 991
B17: 08.45 - 9.00 | C17: 17 | D17: 3 | E17: 2 | F17: 13 | G17: 0 | H17: 0 | I17: 3 | J17: 2 | K17: 1 | L17: 0 | M17: 105 | N17: 0 | O17: =SUM(C17:L17,N17) -> 41 | P17: =SUM(C17:N17) -> 146 | R17: 1400-1500 | S17: =SUM(C38:C41) -> 271 | T17: =SUM(D38:D41) -> 35 | U17: =SUM(E38:E41) -> 24 | V17: =SUM(F38:F41) -> 56 | W17: =SUM(G38:G41) -> 1 | X17: =SUM(H38:H41) -> 1 | Y17: =SUM(I38:I41) -> 22 | Z17: =SUM(J38:J41) -> 1 | ... AF17: =SUM(P38:P41) -> 801
B18: 09.00 - 09.15 | C18: 26 | D18: 6 | E18: 4 | F18: 16 | G18: 0 | H18: 0 | I18: 4 | J18: 1 | K18: 0 | L18: 0 | M18: 155 | N18: 0 | O18: =SUM(C18:L18,N18) -> 57 | P18: =SUM(C18:N18) -> 212 | R18: 1500-1600 | S18: =SUM(C42:C45) -> 292 | T18: =SUM(D42:D45) -> 52 | U18: =SUM(E42:E45) -> 38 | V18: =SUM(F42:F45) -> 52 | W18: =SUM(G42:G45) -> 2 | X18: =SUM(H42:H45) -> 0 | Y18: =SUM(I42:I45) -> 18 | Z18: =SUM(J42:J45) -> 3 | ... AF18: =SUM(P42:P45) -> 853
B19: 09.15 - 09.30 | C19: 20 | D19: 5 | E19: 4 | F19: 15 | G19: 0 | H19: 0 | I19: 4 | J19: 2 | K19: 0 | L19: 0 | M19: 155 | N19: 0 | O19: =SUM(C19:L19,N19) -> 50 | P19: =SUM(C19:N19) -> 205 | R19: 1600-1700 | S19: =SUM(C46:C49) -> 341 | T19: =SUM(D46:D49) -> 66 | U19: =SUM(E46:E49) -> 54 | V19: =SUM(F46:F49) -> 61 | W19: =SUM(G46:G49) -> 2 | X19: =SUM(H46:H49) -> 0 | Y19: =SUM(I46:I49) -> 24 | Z19: =SUM(J46:J49) -> 6 | ... AF19: =SUM(P46:P49) -> 1011
B20: 09.30 - 09.45 | C20: 48 | D20: 10 | E20: 10 | F20: 10 | G20: 0 | H20: 0 | I20: 7 | J20: 1 | K20: 0 | L20: 0 | M20: 150 | N20: 0 | O20: =SUM(C20:L20,N20) -> 86 | P20: =SUM(C20:N20) -> 236 | R20: 1700-1800 | S20: =SUM(C50:C53) -> 326 | T20: =SUM(D50:D53) -> 42 | U20: =SUM(E50:E53) -> 33 | V20: =SUM(F50:F53) -> 81 | W20: =SUM(G50:G53) -> 2 | X20: =SUM(H50:H53) -> 0 | Y20: =SUM(I50:I53) -> 19 | Z20: =SUM(J50:J53) -> 2 | ... AF20: =SUM(P50:P53) -> 895
B21: 09.45 - 10.00 | C21: 19 | D21: 3 | E21: 9 | F21: 16 | G21: 0 | H21: 0 | I21: 2 | J21: 0 | K21: 0 | L21: 0 | M21: 130 | N21: 0 | O21: =SUM(C21:L21,N21) -> 49 | P21: =SUM(C21:N21) -> 179 | R21: 1800-1900 | S21: =SUM(C54:C57) -> 316 | T21: =SUM(D54:D57) -> 50 | U21: =SUM(E54:E57) -> 34 | V21: =SUM(F54:F57) -> 88 | W21: =SUM(G54:G57) -> 1 | X21: =SUM(H54:H57) -> 0 | Y21: =SUM(I54:I57) -> 21 | Z21: =SUM(J54:J57) -> 2 | ... AF21: =SUM(P54:P57) -> 926
B22: 10.00 - 10.15 | C22: 36 | D22: 7 | E22: 6 | F22: 13 | G22: 0 | H22: 0 | I22: 6 | J22: 0 | K22: 0 | L22: 0 | M22: 125 | N22: 0 | O22: =SUM(C22:L22,N22) -> 68 | P22: =SUM(C22:N22) -> 193 | R22: 1900-2000 | S22: =SUM(C58:C61) -> 469 | T22: =SUM(D58:D61) -> 50 | U22: =SUM(E58:E61) -> 61 | V22: =SUM(F58:F61) -> 151 | W22: =SUM(G58:G61) -> 1 | X22: =SUM(H58:H61) -> 1 | Y22: =SUM(I58:I61) -> 34 | Z22: =SUM(J58:J61) -> 2 | ... AF22: =SUM(P58:P61) -> 1477
B23: 10.15 - 10.30 | C23: 44 | D23: 8 | E23: 8 | F23: 14 | G23: 0 | H23: 0 | I23: 6 | J23: 0 | K23: 0 | L23: 0 | M23: 135 | N23: 0 | O23: =SUM(C23:L23,N23) -> 80 | P23: =SUM(C23:N23) -> 215 | R23: 2000-2100 | S23: =SUM(C62:C65) -> 509 | T23: =SUM(D62:D65) -> 46 | U23: =SUM(E62:E65) -> 34 | V23: =SUM(F62:F65) -> 192 | W23: =SUM(G62:G65) -> 3 | X23: =SUM(H62:H65) -> 2 | Y23: =SUM(I62:I65) -> 24 | Z23: =SUM(J62:J65) -> 2 | ... AF23: =SUM(P62:P65) -> 1492
B24: 10.30 - 10.45 | C24: 42 | D24: 12 | E24: 2 | F24: 9 | G24: 1 | H24: 0 | I24: 9 | J24: 2 | K24: 0 | L24: 0 | M24: 150 | N24: 0 | O24: =SUM(C24:L24,N24) -> 77 | P24: =SUM(C24:N24) -> 227 | R24: 2100-2200 | S24: =SUM(C66:C69) -> 467 | T24: =SUM(D66:D69) -> 39 | U24: =SUM(E66:E69) -> 35 | V24: =SUM(F66:F69) -> 154 | W24: =SUM(G66:G69) -> 7 | X24: =SUM(H66:H69) -> 1 | Y24: =SUM(I66:I69) -> 18 | Z24: =SUM(J66:J69) -> 0 | ... AF24: =SUM(P66:P69) -> 1229
B25: 10.45 - 11.00 | C25: 50 | D25: 6 | E25: 9 | F25: 12 | G25: 0 | H25: 0 | I25: 8 | J25: 2 | K25: 0 | L25: 0 | M25: 110 | N25: 0 | O25: =SUM(C25:L25,N25) -> 87 | P25: =SUM(C25:N25) -> 197 | R25: 2200-2300 | S25: =SUM(C70:C73) -> 274 | T25: =SUM(D70:D73) -> 21 | U25: =SUM(E70:E73) -> 19 | V25: =SUM(F70:F73) -> 48 | W25: =SUM(G70:G73) -> 0 | X25: =SUM(H70:H73) -> 0 | Y25: =SUM(I70:I73) -> 5 | Z25: =SUM(J70:J73) -> 0 | ... AF25: =SUM(P70:P73) -> 619
B26: 11.00 - 11.15 | C26: 48 | D26: 10 | E26: 15 | F26: 27 | G26: 0 | H26: 0 | I26: 6 | J26: 1 | K26: 0 | L26: 0 | M26: 125 | N26: 0 | O26: =SUM(C26:L26,N26) -> 107 | P26: =SUM(C26:N26) -> 232 | R26: 2300-0000 | S26: =SUM(C74:C77) -> 187 | T26: =SUM(D74:D77) -> 14 | U26: =SUM(E74:E77) -> 12 | V26: =SUM(F74:F77) -> 16 | W26: =SUM(G74:G77) -> 0 | X26: =SUM(H74:H77) -> 0 | Y26: =SUM(I74:I77) -> 7 | Z26: =SUM(J74:J77) -> 0 | ... AF26: =SUM(P74:P77) -> 456
B27: 11.15 - 11.30 | C27: 51 | D27: 11 | E27: 10 | F27: 14 | G27: 0 | H27: 0 | I27: 5 | J27: 0 | K27: 0 | L27: 0 | M27: 110 | N27: 0 | O27: =SUM(C27:L27,N27) -> 91 | P27: =SUM(C27:N27) -> 201 | R27: 0000-0100 | S27: =SUM(C78:C81) -> 112 | T27: =SUM(D78:D81) -> 7 | U27: =SUM(E78:E81) -> 4 | V27: =SUM(F78:F81) -> 4 | W27: =SUM(G78:G81) -> 0 | X27: =SUM(H78:H81) -> 0 | Y27: =SUM(I78:I81) -> 1 | Z27: =SUM(J78:J81) -> 0 | ... AF27: =SUM(P78:P81) -> 251
B28: 11.30 - 11.45 | C28: 57 | D28: 8 | E28: 10 | F28: 17 | G28: 0 | H28: 0 | I28: 4 | J28: 0 | K28: 0 | L28: 0 | M28: 170 | N28: 0 | O28: =SUM(C28:L28,N28) -> 96 | P28: =SUM(C28:N28) -> 266 | R28: 0100-0200 | S28: =SUM(C82:C85) -> 114 | T28: =SUM(D82:D85) -> 5 | U28: =SUM(E82:E85) -> 8 | V28: =SUM(F82:F85) -> 0 | W28: =SUM(G82:G85) -> 0 | X28: =SUM(H82:H85) -> 0 | Y28: =SUM(I82:I85) -> 3 | Z28: =SUM(J82:J85) -> 0 | ... AF28: =SUM(P82:P85) -> 263
B29: 11.45 - 12.00 | C29: 85 | D29: 10 | E29: 16 | F29: 13 | G29: 0 | H29: 0 | I29: 7 | J29: 1 | K29: 0 | L29: 0 | M29: 90 | N29: 0 | O29: =SUM(C29:L29,N29) -> 132 | P29: =SUM(C29:N29) -> 222 | R29: 0200-0300 | S29: =SUM(C86:C89) -> 72 | T29: =SUM(D86:D89) -> 3 | U29: =SUM(E86:E89) -> 3 | V29: =SUM(F86:F89) -> 1 | W29: =SUM(G86:G89) -> 0 | X29: =SUM(H86:H89) -> 0 | Y29: =SUM(I86:I89) -> 1 | Z29: =SUM(J86:J89) -> 0 | ... AF29: =SUM(P86:P89) -> 188
B30: 12.00 - 12.15 | C30: 51 | D30: 7 | E30: 11 | F30: 19 | G30: 0 | H30: 0 | I30: 8 | J30: 0 | K30: 0 | L30: 0 | M30: 116 | N30: 0 | O30: =SUM(C30:L30,N30) -> 96 | P30: =SUM(C30:N30) -> 212 | R30: 0300-0400 | S30: =SUM(C90:C93) -> 47 | T30: =SUM(D90:D93) -> 5 | U30: =SUM(E90:E93) -> 3 | V30: =SUM(F90:F93) -> 0 | W30: =SUM(G90:G93) -> 0 | X30: =SUM(H90:H93) -> 0 | Y30: =SUM(I90:I93) -> 1 | Z30: =SUM(J90:J93) -> 1 | ... AF30: =SUM(P90:P93) -> 123
B31: 12.15 - 12.30 | C31: 70 | D31: 8 | E31: 18 | F31: 18 | G31: 1 | H31: 0 | I31: 9 | J31: 0 | K31: 0 | L31: 0 | M31: 130 | N31: 0 | O31: =SUM(C31:L31,N31) -> 124 | P31: =SUM(C31:N31) -> 254 | R31: 0400-0500 | S31: =SUM(C94:C97) -> 38 | T31: =SUM(D94:D97) -> 3 | U31: =SUM(E94:E97) -> 0 | V31: =SUM(F94:F97) -> 0 | W31: =SUM(G94:G97) -> 0 | X31: =SUM(H94:H97) -> 0 | Y31: =SUM(I94:I97) -> 0 | Z31: =SUM(J94:J97) -> 0 | ... AF31: =SUM(P94:P97) -> 84
B32: 12.30 - 12.45 | C32: 52 | D32: 12 | E32: 12 | F32: 21 | G32: 0 | H32: 0 | I32: 5 | J32: 1 | K32: 0 | L32: 0 | M32: 131 | N32: 0 | O32: =SUM(C32:L32,N32) -> 103 | P32: =SUM(C32:N32) -> 234 | R32: 0500-0600 | S32: =SUM(C98:C101) -> 28 | T32: =SUM(D98:D101) -> 0 | U32: =SUM(E98:E101) -> 0 | V32: =SUM(F98:F101) -> 4 | W32: =SUM(G98:G101) -> 0 | X32: =SUM(H98:H101) -> 0 | Y32: =SUM(I98:I101) -> 2 | Z32: =SUM(J98:J101) -> 2 | ... AF32: =SUM(P98:P101) -> 91
B33: 12.45 - 13.00 | C33: 68 | D33: 8 | E33: 9 | F33: 11 | G33: 0 | H33: 0 | I33: 10 | J33: 2 | K33: 0 | L33: 0 | M33: 107 | N33: 0 | O33: =SUM(C33:L33,N33) -> 108 | P33: =SUM(C33:N33) -> 215 | R33: 0600-0700 | S33: =SUM(C102:C105) -> 35 | T33: =SUM(D102:D105) -> 0 | U33: =SUM(E102:E105) -> 1 | V33: =SUM(F102:F105) -> 4 | W33: =SUM(G102:G105) -> 0 | X33: =SUM(H102:H105) -> 0 | Y33: =SUM(I102:I105) -> 4 | Z33: =SUM(J102:J105) -> 1 | ... AF33: =SUM(P102:P105) -> 193
B34: 13.00 - 13.15 | C34: 82 | D34: 5 | E34: 12 | F34: 19 | G34: 0 | H34: 0 | I34: 10 | J34: 0 | K34: 0 | L34: 0 | M34: 129 | N34: 0 | O34: =SUM(C34:L34,N34) -> 128 | P34: =SUM(C34:N34) -> 257 | R34: AM Peak Hr | S34: =MAX(S10:S12) -> 113 | T34: =MAX(T10:T12) -> 24 | U34: =MAX(U10:U12) -> 27 | V34: =MAX(V10:V12) -> 57 | W34: =MAX(W10:W12) -> 0 | X34: =MAX(X10:X12) -> 0 | Y34: =MAX(Y10:Y12) -> 17 | Z34: =MAX(Z10:Z12) -> 5 | ... AF34: =MAX(AF10:AF12) -> 832
B35: 13.15 - 13.30 | C35: 84 | D35: 10 | E35: 7 | F35: 7 | G35: 0 | H35: 0 | I35: 9 | J35: 1 | K35: 0 | L35: 0 | M35: 150 | N35: 0 | O35: =SUM(C35:L35,N35) -> 118 | P35: =SUM(C35:N35) -> 268 | R35: IP Peak Hr | S35: =MAX(S13:S18) -> 322 | T35: =MAX(T13:T18) -> 52 | U35: =MAX(U13:U18) -> 51 | V35: =MAX(V13:V18) -> 71 | W35: =MAX(W13:W18) -> 2 | X35: =MAX(X13:X18) -> 1 | Y35: =MAX(Y13:Y18) -> 32 | Z35: =MAX(Z13:Z18) -> 4 | ... AF35: =MAX(AF13:AF18) -> 991
B36: 13.30 - 13.45 | C36: 68 | D36: 11 | E36: 12 | F36: 20 | G36: 1 | H36: 0 | I36: 5 | J36: 0 | K36: 0 | L36: 0 | M36: 105 | N36: 0 | O36: =SUM(C36:L36,N36) -> 117 | P36: =SUM(C36:N36) -> 222 | R36: PM Peak Hr | S36: =MAX(S19:S21) -> 341 | T36: =MAX(T19:T21) -> 66 | U36: =MAX(U19:U21) -> 54 | V36: =MAX(V19:V21) -> 88 | W36: =MAX(W19:W21) -> 2 | X36: =MAX(X19:X21) -> 0 | Y36: =MAX(Y19:Y21) -> 24 | Z36: =MAX(Z19:Z21) -> 6 | ... AF36: =MAX(AF19:AF21) -> 1011
B37: 13.45 - 14.00 | C37: 88 | D37: 15 | E37: 15 | F37: 12 | G37: 0 | H37: 0 | I37: 5 | J37: 0 | K37: 0 | L37: 0 | M37: 109 | N37: 0 | O37: =SUM(C37:L37,N37) -> 135 | P37: =SUM(C37:N37) -> 244 | R37: AM Period | S37: =SUM(S10:S12) -> 268 | T37: =SUM(T10:T12) -> 55 | U37: =SUM(U10:U12) -> 49 | V37: =SUM(V10:V12) -> 142 | W37: =SUM(W10:W12) -> 0 | X37: =SUM(X10:X12) -> 0 | Y37: =SUM(Y10:Y12) -> 27 | Z37: =SUM(Z10:Z12) -> 9 | ... AF37: =SUM(AF10:AF12) -> 1807
B38: 14.00 - 14.15 | C38: 75 | D38: 8 | E38: 7 | F38: 15 | G38: 1 | H38: 0 | I38: 3 | J38: 0 | K38: 0 | L38: 0 | M38: 120 | N38: 0 | O38: =SUM(C38:L38,N38) -> 109 | P38: =SUM(C38:N38) -> 229 | R38: IP Period | S38: =SUM(S13:S18) -> 1539 | T38: =SUM(T13:T18) -> 235 | U38: =SUM(U13:U18) -> 234 | V38: =SUM(V13:V18) -> 354 | W38: =SUM(W13:W18) -> 6 | X38: =SUM(X13:X18) -> 1 | Y38: =SUM(Y13:Y18) -> 152 | Z38: =SUM(Z13:Z18) -> 14 | ... AF38: =SUM(AF13:AF18) -> 5313
B39: 14.15 - 14.30 | C39: 79 | D39: 6 | E39: 4 | F39: 11 | G39: 0 | H39: 0 | I39: 5 | J39: 0 | K39: 0 | L39: 0 | M39: 88 | N39: 0 | O39: =SUM(C39:L39,N39) -> 105 | P39: =SUM(C39:N39) -> 193 | R39: PM Period | S39: =SUM(S19:S21) -> 983 | T39: =SUM(T19:T21) -> 158 | U39: =SUM(U19:U21) -> 121 | V39: =SUM(V19:V21) -> 230 | W39: =SUM(W19:W21) -> 5 | X39: =SUM(X19:X21) -> 0 | Y39: =SUM(Y19:Y21) -> 64 | Z39: =SUM(Z19:Z21) -> 10 | ... AF39: =SUM(AF19:AF21) -> 2832
B40: 14.30 - 14.45 | C40: 52 | D40: 7 | E40: 6 | F40: 12 | G40: 0 | H40: 1 | I40: 4 | J40: 1 | K40: 0 | L40: 0 | M40: 78 | N40: 0 | O40: =SUM(C40:L40,N40) -> 83 | P40: =SUM(C40:N40) -> 161 | R40: 12 Hours | S40: =SUM(S10:S21) -> 2790 | T40: =SUM(T10:T21) -> 448 | U40: =SUM(U10:U21) -> 404 | V40: =SUM(V10:V21) -> 726 | W40: =SUM(W10:W21) -> 11 | X40: =SUM(X10:X21) -> 1 | Y40: =SUM(Y10:Y21) -> 243 | Z40: =SUM(Z10:Z21) -> 33 | ... AF40: =SUM(AF10:AF21) -> 9952
B41: 14.45 - 15.00 | C41: 65 | D41: 14 | E41: 7 | F41: 18 | G41: 0 | H41: 0 | I41: 10 | J41: 0 | K41: 0 | L41: 0 | M41: 104 | N41: 0 | O41: =SUM(C41:L41,N41) -> 114 | P41: =SUM(C41:N41) -> 218 | R41: 24 Hrs/ADT | S41: =SUM(S10:S33) -> 5142 | T41: =SUM(T10:T33) -> 641 | U41: =SUM(U10:U33) -> 584 | V41: =SUM(V10:V33) -> 1300 | W41: =SUM(W10:W33) -> 22 | X41: =SUM(X10:X33) -> 5 | Y41: =SUM(Y10:Y33) -> 343 | Z41: =SUM(Z10:Z33) -> 41 | ... AF41: =SUM(AF10:AF33) -> 16418
B42: 15.00 - 15.15 | C42: 86 | D42: 13 | E42: 11 | F42: 15 | G42: 2 | H42: 0 | I42: 5 | J42: 0 | K42: 0 | L42: 0 | M42: 135 | N42: 0 | O42: =SUM(C42:L42,N42) -> 132 | P42: =SUM(C42:N42) -> 267 | R42: NEF | S42: =S41/S40 -> 1.8430108 | T42: =T41/T40 -> 1.4308036 | U42: =U41/U40 -> 1.4455446 | V42: =V41/V40 -> 1.7906336 | W42: =W41/W40 -> 2 | X42: =X41/X40 -> 5 | Y42: =Y41/Y40 -> 1.4115226 | Z42: =Z41/Z40 -> 1.2424242 | ... AF42: =AF41/AF40 -> 1.6497186
B43: 15.15 - 15.30 | C43: 56 | D43: 8 | E43: 6 | F43: 11 | G43: 0 | H43: 0 | I43: 3 | J43: 1 | K43: 1 | L43: 0 | M43: 80 | N43: 0 | O43: =SUM(C43:L43,N43) -> 86 | P43: =SUM(C43:N43) -> 166
B44: 15.30 - 15.45 | C44: 75 | D44: 14 | E44: 11 | F44: 17 | G44: 0 | H44: 0 | I44: 5 | J44: 0 | K44: 0 | L44: 0 | M44: 96 | N44: 0 | O44: =SUM(C44:L44,N44) -> 122 | P44: =SUM(C44:N44) -> 218
B45: 15.45 - 16.00 | C45: 75 | D45: 17 | E45: 10 | F45: 9 | G45: 0 | H45: 0 | I45: 5 | J45: 2 | K45: 0 | L45: 0 | M45: 84 | N45: 0 | O45: =SUM(C45:L45,N45) -> 118 | P45: =SUM(C45:N45) -> 202
B46: 16.00 - 16.15 | C46: 90 | D46: 17 | E46: 17 | F46: 13 | G46: 1 | H46: 0 | I46: 6 | J46: 4 | K46: 0 | L46: 0 | M46: 115 | N46: 0 | O46: =SUM(C46:L46,N46) -> 148 | P46: =SUM(C46:N46) -> 263
B47: 16.15 -16.30 | C47: 95 | D47: 19 | E47: 11 | F47: 16 | G47: 1 | H47: 0 | I47: 12 | J47: 0 | K47: 0 | L47: 0 | M47: 100 | N47: 0 | O47: =SUM(C47:L47,N47) -> 154 | P47: =SUM(C47:N47) -> 254
B48: 16.30 -16.45 | C48: 83 | D48: 16 | E48: 16 | F48: 21 | G48: 0 | H48: 0 | I48: 3 | J48: 1 | K48: 0 | L48: 0 | M48: 140 | N48: 0 | O48: =SUM(C48:L48,N48) -> 140 | P48: =SUM(C48:N48) -> 280
B49: 16.45 -17.00 | C49: 73 | D49: 14 | E49: 10 | F49: 11 | G49: 0 | H49: 0 | I49: 3 | J49: 1 | K49: 0 | L49: 0 | M49: 102 | N49: 0 | O49: =SUM(C49:L49,N49) -> 112 | P49: =SUM(C49:N49) -> 214
B50: 17.00 -17.15 | C50: 80 | D50: 10 | E50: 10 | F50: 22 | G50: 0 | H50: 0 | I50: 4 | J50: 0 | K50: 0 | L50: 0 | M50: 95 | N50: 0 | O50: =SUM(C50:L50,N50) -> 126 | P50: =SUM(C50:N50) -> 221
B51: 17.15 -17.30 | C51: 95 | D51: 9 | E51: 8 | F51: 22 | G51: 1 | H51: 0 | I51: 7 | J51: 1 | K51: 0 | L51: 0 | M51: 95 | N51: 0 | O51: =SUM(C51:L51,N51) -> 143 | P51: =SUM(C51:N51) -> 238
B52: 17.30 -17.45 | C52: 66 | D52: 15 | E52: 8 | F52: 24 | G52: 1 | H52: 0 | I52: 3 | J52: 1 | K52: 0 | L52: 0 | M52: 120 | N52: 0 | O52: =SUM(C52:L52,N52) -> 118 | P52: =SUM(C52:N52) -> 238
B53: 17.45 -18.00 | C53: 85 | D53: 8 | E53: 7 | F53: 13 | G53: 0 | H53: 0 | I53: 5 | J53: 0 | K53: 0 | L53: 0 | M53: 80 | N53: 0 | O53: =SUM(C53:L53,N53) -> 118 | P53: =SUM(C53:N53) -> 198
B54: 18.00 - 18.15 | C54: 85 | D54: 22 | E54: 6 | F54: 30 | G54: 0 | H54: 0 | I54: 4 | J54: 1 | K54: 0 | L54: 0 | M54: 100 | N54: 0 | O54: =SUM(C54:L54,N54) -> 148 | P54: =SUM(C54:N54) -> 248
... B105: 06.45 - 07.00 | C105: 12 | D105: 0 | E105: 0 | F105: 3 | G105: 0 | H105: 0 | I105: 1 | J105: 0 | K105: 0 | L105: 0 | M105: 60 | N105: 0 | O105: =SUM(C105:L105,N105) -> 16 | P105: =SUM(C105:N105) -> 76
B106: Totals | C106: =SUM(C10:C105) -> 5142 | D106: =SUM(D10:D105) -> 641 | E106: =SUM(E10:E105) -> 584 | F106: =SUM(F10:F105) -> 1300 | G106: =SUM(G10:G105) -> 22 | H106: =SUM(H10:H105) -> 5 | I106: =SUM(I10:I105) -> 343 | J106: =SUM(J10:J105) -> 41 | ... P106: =SUM(P10:P105) -> 16418
B107: %ges + MCs | C107: =C106/$P$106 -> 0.31319284 | D107: =D106/$P$106 -> 0.039042514 | E107: =E106/$P$106 -> 0.035570715 | F107: =F106/$P$106 -> 0.079181386 | G107: =G106/$P$106 -> 0.0013399927 | H107: =H106/$P$106 -> 0.00030454379 | I107: =I106/$P$106 -> 0.020891704 | J107: =J106/$P$106 -> 0.0024972591 | ... N107: =N106/$P$106 -> 0
B108: %ges w/o MCs | C108: =C106/$O$106 -> 0.63607125 | D108: =D106/$O$106 -> 0.079292429 | E108: =E106/$O$106 -> 0.072241465 | F108: =F106/$O$106 -> 0.16081148 | G108: =G106/$O$106 -> 0.002721425 | H108: =H106/$O$106 -> 0.00061850569 | I108: =I106/$O$106 -> 0.04242949 | J108: =J106/$O$106 -> 0.0050717467 | ... L108: =L106/$O$106 -> 0 | N108: =N106/$O$106 -> 0

Sheet 04.08 Kyebando-Mulago
B1: Consultancy services for Preparation of Expressway Development Master Plan (EDMP) for Uganda
B2: MANUAL CLASSIFIED COUNT (MCC)
B3: ROAD NAME: | C3: ='02.08 Kyebando-Mulago'!C3:G3 -> MCC - C1 - STN28 - KISINGIRI ROAD
C5: Date | D5: 04.08.19 | F5: Location | G5: ='03.08 Mulago-Kyebando-24h'!G5:H5 -> Kisingiri Street | J5: Surveyor | K5: Rashida
C6: Dir. From | D6: ='02.08 Kyebando-Mulago'!D6:E6 -> Kyebando | F6: Dir. To | G6: ='02.08 Kyebando-Mulago'!G6:H6 -> Mulago | J6: Supervisor | K6: ='03.08 Mulago-Kyebando-24h'!K6:L6 -> Steven
B8: Time / Veh Type | R8: SUMMARY TRAFFIC VOLUMES
C9: 1. Car | D9: 2. Station Wagon | E9: 3. Pickups | F9: 4. Minibus, matatu | G9: 5. Medium bus | H9: 6. Large Bus | I9: 7. Light Truck | J9: 8. Medium Truck | K9: 9. Heavy truck | L9: 10. Truck Trailer | M9: 11. Motor cycles | N9: 12. Tractors | O9: Total Excl M/Cycles | P9: Total All | R9: Time | S9: 1. Car | T9: 2. Station Wagon | U9: 3. Pickups | V9: 4. Minibus, matatu | W9: 5. Medium bus | X9: 6. Large Bus | Y9: 7. Light Truck | Z9: 8. Medium Truck | AA9: 9. Heavy truck | AB9: 10. Truck Trailer | AC9: 11. Motorcycles | AD9: 12. Tractors, Graders | AE9: Total Excl M/ Cycles | AF9: Total All
B10: 07.00 - 07.15 | C10: 23 | D10: 6 | E10: 3 | F10: 14 | G10: 0 | H10: 0 | I10: 2 | J10: 0 | K10: 0 | L10: 0 | M10: 55 | N10: 0 | O10: =SUM(C10:L10,N10) -> 48 | P10: =SUM(C10:N10) -> 103 | R10: 0700-0800 | S10: =SUM(C10:C13) -> 154 | T10: =SUM(D10:D13) -> 29 | U10: =SUM(E10:E13) -> 14 | V10: =SUM(F10:F13) -> 43 | W10: =SUM(G10:G13) -> 0 | X10: =SUM(H10:H13) -> 0 | Y10: =SUM(I10:I13) -> 7 | Z10: =SUM(J10:J13) -> 1 | ... AF10: =SUM(P10:P13) -> 500
B11: 07.15 - 07.30 | C11: 22 | D11: 4 | E11: 0 | F11: 10 | G11: 0 | H11: 0 | I11: 0 | J11: 0 | K11: 0 | L11: 0 | M11: 63 | N11: 0 | O11: =SUM(C11:L11,N11) -> 36 | P11: =SUM(C11:N11) -> 99 | R11: 0800-0900 | S11: =SUM(C14:C17) -> 190 | T11: =SUM(D14:D17) -> 24 | U11: =SUM(E14:E17) -> 18 | V11: =SUM(F14:F17) -> 41 | W11: =SUM(G14:G17) -> 0 | X11: =SUM(H14:H17) -> 0 | Y11: =SUM(I14:I17) -> 13 | Z11: =SUM(J14:J17) -> 0 | ... AF11: =SUM(P14:P17) -> 632
B12: 07.30 - 07.45 | C12: 63 | D12: 8 | E12: 7 | F12: 11 | G12: 0 | H12: 0 | I12: 3 | J12: 1 | K12: 0 | L12: 0 | M12: 58 | N12: 0 | O12: =SUM(C12:L12,N12) -> 93 | P12: =SUM(C12:N12) -> 151 | R12: 0900-1000 | S12: =SUM(C18:C21) -> 193 | T12: =SUM(D18:D21) -> 46 | U12: =SUM(E18:E21) -> 26 | V12: =SUM(F18:F21) -> 57 | W12: =SUM(G18:G21) -> 0 | X12: =SUM(H18:H21) -> 0 | Y12: =SUM(I18:I21) -> 10 | Z12: =SUM(J18:J21) -> 3 | ... AF12: =SUM(P18:P21) -> 652
B13: 07.45 - 08.00 | C13: 46 | D13: 11 | E13: 4 | F13: 8 | G13: 0 | H13: 0 | I13: 2 | J13: 0 | K13: 0 | L13: 0 | M13: 76 | N13: 0 | O13: =SUM(C13:L13,N13) -> 71 | P13: =SUM(C13:N13) -> 147 | R13: 1000-1100 | S13: =SUM(C22:C25) -> 319 | T13: =SUM(D22:D25) -> 66 | U13: =SUM(E22:E25) -> 23 | V13: =SUM(F22:F25) -> 39 | W13: =SUM(G22:G25) -> 2 | X13: =SUM(H22:H25) -> 2 | Y13: =SUM(I22:I25) -> 6 | Z13: =SUM(J22:J25) -> 3 | ... AF13: =SUM(P22:P25) -> 921
B14: 08.00 - 08.15 | C14: 39 | D14: 1 | E14: 2 | F14: 6 | G14: 0 | H14: 0 | I14: 6 | J14: 0 | K14: 0 | L14: 0 | M14: 71 | N14: 0 | O14: =SUM(C14:L14,N14) -> 54 | P14: =SUM(C14:N14) -> 125 | R14: 1100-1200 | S14: =SUM(C26:C29) -> 243 | T14: =SUM(D26:D29) -> 64 | U14: =SUM(E26:E29) -> 21 | V14: =SUM(F26:F29) -> 48 | W14: =SUM(G26:G29) -> 0 | X14: =SUM(H26:H29) -> 0 | Y14: =SUM(I26:I29) -> 12 | Z14: =SUM(J26:J29) -> 3 | ... AF14: =SUM(P26:P29) -> 809
B15: 08.15 - 08.30 | C15: 46 | D15: 9 | E15: 7 | F15: 12 | G15: 0 | H15: 0 | I15: 4 | J15: 0 | K15: 0 | L15: 0 | M15: 90 | N15: 0 | O15: =SUM(C15:L15,N15) -> 78 | P15: =SUM(C15:N15) -> 168 | R15: 1200-1300 | S15: =SUM(C30:C33) -> 214 | T15: =SUM(D30:D33) -> 40 | U15: =SUM(E30:E33) -> 17 | V15: =SUM(F30:F33) -> 50 | W15: =SUM(G30:G33) -> 0 | X15: =SUM(H30:H33) -> 0 | Y15: =SUM(I30:I33) -> 11 | Z15: =SUM(J30:J33) -> 5 | ... AF15: =SUM(P30:P33) -> 705
B16: 08.30 - 08.45 | C16: 53 | D16: 6 | E16: 8 | F16: 7 | G16: 0 | H16: 0 | I16: 2 | J16: 0 | K16: 0 | L16: 0 | M16: 80 | N16: 0 | O16: =SUM(C16:L16,N16) -> 76 | P16: =SUM(C16:N16) -> 156 | R16: 1300-1400 | S16: =SUM(C34:C37) -> 170 | T16: =SUM(D34:D37) -> 43 | U16: =SUM(E34:E37) -> 15 | V16: =SUM(F34:F37) -> 31 | W16: =SUM(G34:G37) -> 0 | X16: =SUM(H34:H37) -> 0 | Y16: =SUM(I34:I37) -> 9 | Z16: =SUM(J34:J37) -> 4 | ... AF16: =SUM(P34:P37) -> 633
B17: 08.45 - 9.00 | C17: 52 | D17: 8 | E17: 1 | F17: 16 | G17: 0 | H17: 0 | I17: 1 | J17: 0 | K17: 0 | L17: 0 | M17: 105 | N17: 0 | O17: =SUM(C17:L17,N17) -> 78 | P17: =SUM(C17:N17) -> 183 | R17: 1400-1500 | S17: =SUM(C38:C41) -> 189 | T17: =SUM(D38:D41) -> 24 | U17: =SUM(E38:E41) -> 14 | V17: =SUM(F38:F41) -> 30 | W17: =SUM(G38:G41) -> 0 | X17: =SUM(H38:H41) -> 0 | Y17: =SUM(I38:I41) -> 11 | Z17: =SUM(J38:J41) -> 3 | ... AF17: =SUM(P38:P41) -> 642
B18: 09.00 - 09.15 | C18: 48 | D18: 10 | E18: 6 | F18: 10 | G18: 0 | H18: 0 | I18: 3 | J18: 0 | K18: 0 | L18: 0 | M18: 91 | N18: 0 | O18: =SUM(C18:L18,N18) -> 77 | P18: =SUM(C18:N18) -> 168 | R18: 1500-1600 | S18: =SUM(C42:C45) -> 220 | T18: =SUM(D42:D45) -> 29 | U18: =SUM(E42:E45) -> 14 | V18: =SUM(F42:F45) -> 33 | W18: =SUM(G42:G45) -> 0 | X18: =SUM(H42:H45) -> 0 | Y18: =SUM(I42:I45) -> 7 | Z18: =SUM(J42:J45) -> 4 | ... AF18: =SUM(P42:P45) -> 638
B19: 09.15 - 09.30 | C19: 52 | D19: 10 | E19: 8 | F19: 18 | G19: 0 | H19: 0 | I19: 0 | J19: 1 | K19: 0 | L19: 0 | M19: 85 | N19: 0 | O19: =SUM(C19:L19,N19) -> 89 | P19: =SUM(C19:N19) -> 174 | R19: 1600-1700 | S19: =SUM(C46:C49) -> 234 | T19: =SUM(D46:D49) -> 27 | U19: =SUM(E46:E49) -> 17 | V19: =SUM(F46:F49) -> 31 | W19: =SUM(G46:G49) -> 1 | X19: =SUM(H46:H49) -> 0 | Y19: =SUM(I46:I49) -> 5 | Z19: =SUM(J46:J49) -> 3 | ... AF19: =SUM(P46:P49) -> 675
B20: 09.30 - 09.45 | C20: 38 | D20: 12 | E20: 5 | F20: 20 | G20: 0 | H20: 0 | I20: 5 | J20: 1 | K20: 0 | L20: 0 | M20: 66 | N20: 0 | O20: =SUM(C20:L20,N20) -> 81 | P20: =SUM(C20:N20) -> 147 | R20: 1700-1800 | S20: =SUM(C50:C53) -> 196 | T20: =SUM(D50:D53) -> 43 | U20: =SUM(E50:E53) -> 25 | V20: =SUM(F50:F53) -> 31 | W20: =SUM(G50:G53) -> 0 | X20: =SUM(H50:H53) -> 0 | Y20: =SUM(I50:I53) -> 3 | Z20: =SUM(J50:J53) -> 6 | ... AF20: =SUM(P50:P53) -> 647
B21: 09.45 - 10.00 | C21: 55 | D21: 14 | E21: 7 | F21: 9 | G21: 0 | H21: 0 | I21: 2 | J21: 1 | K21: 0 | L21: 0 | M21: 75 | N21: 0 | O21: =SUM(C21:L21,N21) -> 88 | P21: =SUM(C21:N21) -> 163 | R21: 1800-1900 | S21: =SUM(C54:C57) -> 197 | T21: =SUM(D54:D57) -> 20 | U21: =SUM(E54:E57) -> 11 | V21: =SUM(F54:F57) -> 31 | W21: =SUM(G54:G57) -> 0 | X21: =SUM(H54:H57) -> 0 | Y21: =SUM(I54:I57) -> 3 | Z21: =SUM(J54:J57) -> 5 | ... AF21: =SUM(P54:P57) -> 562
B22: 10.00 - 10.15 | C22: 77 | D22: 26 | E22: 6 | F22: 11 | G22: 0 | H22: 1 | I22: 1 | J22: 1 | K22: 0 | L22: 0 | M22: 115 | N22: 0 | O22: =SUM(C22:L22,N22) -> 123 | P22: =SUM(C22:N22) -> 238 | R22: AM Peak Hr | S22: =MAX(S10:S12) -> 193 | T22: =MAX(T10:T12) -> 46 | U22: =MAX(U10:U12) -> 26 | V22: =MAX(V10:V12) -> 57 | W22: =MAX(W10:W12) -> 0 | X22: =MAX(X10:X12) -> 0 | Y22: =MAX(Y10:Y12) -> 13 | Z22: =MAX(Z10:Z12) -> 3 | ... AF22: =MAX(AF10:AF12) -> 652
B23: 10.15 - 10.30 | C23: 86 | D23: 12 | E23: 6 | F23: 12 | G23: 0 | H23: 1 | I23: 1 | J23: 1 | K23: 0 | L23: 0 | M23: 110 | N23: 0 | O23: =SUM(C23:L23,N23) -> 119 | P23: =SUM(C23:N23) -> 229 | R23: IP Peak Hr | S23: =MAX(S13:S18) -> 319 | T23: =MAX(T13:T18) -> 66 | U23: =MAX(U13:U18) -> 23 | V23: =MAX(V13:V18) -> 50 | W23: =MAX(W13:W18) -> 2 | X23: =MAX(X13:X18) -> 2 | Y23: =MAX(Y13:Y18) -> 12 | Z23: =MAX(Z13:Z18) -> 5 | ... AF23: =MAX(AF13:AF18) -> 921
B24: 10.30 - 10.45 | C24: 76 | D24: 11 | E24: 7 | F24: 8 | G24: 0 | H24: 0 | I24: 3 | J24: 1 | K24: 0 | L24: 0 | M24: 130 | N24: 0 | O24: =SUM(C24:L24,N24) -> 106 | P24: =SUM(C24:N24) -> 236 | R24: PM Peak Hr | S24: =MAX(S19:S21) -> 234 | T24: =MAX(T19:T21) -> 43 | U24: =MAX(U19:U21) -> 25 | V24: =MAX(V19:V21) -> 31 | W24: =MAX(W19:W21) -> 1 | X24: =MAX(X19:X21) -> 0 | Y24: =MAX(Y19:Y21) -> 5 | Z24: =MAX(Z19:Z21) -> 6 | ... AF24: =MAX(AF19:AF21) -> 675
B25: 10.45 - 11.00 | C25: 80 | D25: 17 | E25: 4 | F25: 8 | G25: 2 | H25: 0 | I25: 1 | J25: 0 | K25: 0 | L25: 0 | M25: 106 | N25: 0 | O25: =SUM(C25:L25,N25) -> 112 | P25: =SUM(C25:N25) -> 218 | R25: AM Period | S25: =SUM(S10:S12) -> 537 | T25: =SUM(T10:T12) -> 99 | U25: =SUM(U10:U12) -> 58 | V25: =SUM(V10:V12) -> 141 | W25: =SUM(W10:W12) -> 0 | X25: =SUM(X10:X12) -> 0 | Y25: =SUM(Y10:Y12) -> 30 | Z25: =SUM(Z10:Z12) -> 4 | ... AF25: =SUM(AF10:AF12) -> 1784
B26: 11.00 - 11.15 | C26: 62 | D26: 25 | E26: 7 | F26: 8 | G26: 0 | H26: 0 | I26: 3 | J26: 0 | K26: 0 | L26: 0 | M26: 90 | N26: 0 | O26: =SUM(C26:L26,N26) -> 105 | P26: =SUM(C26:N26) -> 195 | R26: IP Period | S26: =SUM(S13:S18) -> 1355 | T26: =SUM(T13:T18) -> 266 | U26: =SUM(U13:U18) -> 104 | V26: =SUM(V13:V18) -> 231 | W26: =SUM(W13:W18) -> 2 | X26: =SUM(X13:X18) -> 2 | Y26: =SUM(Y13:Y18) -> 56 | Z26: =SUM(Z13:Z18) -> 22 | ... AF26: =SUM(AF13:AF18) -> 4348
B27: 11.15 - 11.30 | C27: 50 | D27: 15 | E27: 5 | F27: 11 | G27: 0 | H27: 0 | I27: 3 | J27: 1 | K27: 0 | L27: 0 | M27: 91 | N27: 0 | O27: =SUM(C27:L27,N27) -> 85 | P27: =SUM(C27:N27) -> 176 | R27: PM Period | S27: =SUM(S19:S21) -> 627 | T27: =SUM(T19:T21) -> 90 | U27: =SUM(U19:U21) -> 53 | V27: =SUM(V19:V21) -> 93 | W27: =SUM(W19:W21) -> 1 | X27: =SUM(X19:X21) -> 0 | Y27: =SUM(Y19:Y21) -> 11 | Z27: =SUM(Z19:Z21) -> 14 | ... AF27: =SUM(AF19:AF21) -> 1884
B28: 11.30 - 11.45 | C28: 56 | D28: 12 | E28: 5 | F28: 16 | G28: 0 | H28: 0 | I28: 3 | J28: 2 | K28: 0 | L28: 0 | M28: 115 | N28: 0 | O28: =SUM(C28:L28,N28) -> 94 | P28: =SUM(C28:N28) -> 209 | R28: 12 Hours | S28: =SUM(S10:S21) -> 2519 | T28: =SUM(T10:T21) -> 455 | U28: =SUM(U10:U21) -> 215 | V28: =SUM(V10:V21) -> 465 | W28: =SUM(W10:W21) -> 3 | X28: =SUM(X10:X21) -> 2 | Y28: =SUM(Y10:Y21) -> 97 | Z28: =SUM(Z10:Z21) -> 40 | ... AF28: =SUM(AF10:AF21) -> 8016
B29: 11.45 - 12.00 | C29: 75 | D29: 12 | E29: 4 | F29: 13 | G29: 0 | H29: 0 | I29: 3 | J29: 0 | K29: 0 | L29: 0 | M29: 122 | N29: 0 | O29: =SUM(C29:L29,N29) -> 107 | P29: =SUM(C29:N29) -> 229
B30: 12.00 - 12.15 | C30: 55 | D30: 13 | E30: 6 | F30: 13 | G30: 0 | H30: 0 | I30: 2 | J30: 2 | K30: 0 | L30: 0 | M30: 120 | N30: 0 | O30: =SUM(C30:L30,N30) -> 91 | P30: =SUM(C30:N30) -> 211
B31: 12.15 - 12.30 | C31: 45 | D31: 9 | E31: 7 | F31: 13 | G31: 0 | H31: 0 | I31: 0 | J31: 0 | K31: 0 | L31: 0 | M31: 86 | N31: 0 | O31: =SUM(C31:L31,N31) -> 74 | P31: =SUM(C31:N31) -> 160
B32: 12.30 - 12.45 | C32: 62 | D32: 8 | E32: 1 | F32: 14 | G32: 0 | H32: 0 | I32: 4 | J32: 1 | K32: 0 | L32: 0 | M32: 83 | N32: 0 | O32: =SUM(C32:L32,N32) -> 90 | P32: =SUM(C32:N32) -> 173
B33: 12.45 - 13.00 | C33: 52 | D33: 10 | E33: 3 | F33: 10 | G33: 0 | H33: 0 | I33: 5 | J33: 2 | K33: 0 | L33: 0 | M33: 79 | N33: 0 | O33: =SUM(C33:L33,N33) -> 82 | P33: =SUM(C33:N33) -> 161
B34: 13.00 - 13.15 | C34: 39 | D34: 12 | E34: 8 | F34: 6 | G34: 0 | H34: 0 | I34: 1 | J34: 1 | K34: 0 | L34: 0 | M34: 90 | N34: 0 | O34: =SUM(C34:L34,N34) -> 67 | P34: =SUM(C34:N34) -> 157
B35: 13.15 - 13.30 | C35: 35 | D35: 11 | E35: 3 | F35: 10 | G35: 0 | H35: 0 | I35: 3 | J35: 0 | K35: 0 | L35: 0 | M35: 86 | N35: 0 | O35: =SUM(C35:L35,N35) -> 62 | P35: =SUM(C35:N35) -> 148
B36: 13.30 - 13.45 | C36: 38 | D36: 13 | E36: 3 | F36: 5 | G36: 0 | H36: 0 | I36: 4 | J36: 2 | K36: 0 | L36: 0 | M36: 75 | N36: 0 | O36: =SUM(C36:L36,N36) -> 65 | P36: =SUM(C36:N36) -> 140
B37: 13.45 - 14.00 | C37: 58 | D37: 7 | E37: 1 | F37: 10 | G37: 0 | H37: 0 | I37: 1 | J37: 1 | K37: 0 | L37: 0 | M37: 110 | N37: 0 | O37: =SUM(C37:L37,N37) -> 78 | P37: =SUM(C37:N37) -> 188
B38: 14.00 - 14.15 | C38: 43 | D38: 9 | E38: 2 | F38: 3 | G38: 0 | H38: 0 | I38: 2 | J38: 0 | K38: 0 | L38: 0 | M38: 100 | N38: 0 | O38: =SUM(C38:L38,N38) -> 59 | P38: =SUM(C38:N38) -> 159
B39: 14.15 - 14.30 | C39: 59 | D39: 4 | E39: 3 | F39: 11 | G39: 0 | H39: 0 | I39: 1 | J39: 0 | K39: 0 | L39: 0 | M39: 93 | N39: 0 | O39: =SUM(C39:L39,N39) -> 78 | P39: =SUM(C39:N39) -> 171
B40: 14.30 - 14.45 | C40: 49 | D40: 6 | E40: 5 | F40: 5 | G40: 0 | H40: 0 | I40: 6 | J40: 2 | K40: 0 | L40: 0 | M40: 95 | N40: 0 | O40: =SUM(C40:L40,N40) -> 73 | P40: =SUM(C40:N40) -> 168
... B57: 18.45 - 19.00 | C57: 30 | D57: 4 | E57: 1 | F57: 6 | G57: 0 | H57: 0 | I57: 0 | J57: 1 | K57: 0 | L57: 0 | M57: 70 | N57: 0 | O57: =SUM(C57:L57,N57) -> 42 | P57: =SUM(C57:N57) -> 112
B58: Totals | C58: =SUM(C10:C57) -> 2519 | D58: =SUM(D10:D57) -> 455 | E58: =SUM(E10:E57) -> 215 | F58: =SUM(F10:F57) -> 465 | G58: =SUM(G10:G57) -> 3 | H58: =SUM(H10:H57) -> 2 | I58: =SUM(I10:I57) -> 97 | J58: =SUM(J10:J57) -> 40 | ... P58: =SUM(P10:P57) -> 8016
B59: %ges + MCs | C59: =C58/$P$58 -> 0.31424651 | D59: =D58/$P$58 -> 0.056761477 | E59: =E58/$P$58 -> 0.026821357 | F59: =F58/$P$58 -> 0.058008982 | G59: =G58/$P$58 -> 0.0003742515 | H59: =H58/$P$58 -> 0.000249501 | I59: =I58/$P$58 -> 0.012100798 | J59: =J58/$P$58 -> 0.00499002 | ... N59: =N58/$P$58 -> 0
B60: %ges w/o MCs | C60: =C58/$O$58 -> 0.66324381 | D60: =D58/$O$58 -> 0.11979989 | E60: =E58/$O$58 -> 0.056608741 | F60: =F58/$O$58 -> 0.12243286 | G60: =G58/$O$58 -> 0.00078988942 | H60: =H58/$O$58 -> 0.00052659294 | I60: =I58/$O$58 -> 0.025539758 | J60: =J58/$O$58 -> 0.010531859 | ... L60: =L58/$O$58 -> 0 | N60: =N58/$O$58 -> 0

Sheet 04.08 Mulago-Kyebando
B1: Consultancy services for Preparation of Expressway Development Master Plan (EDMP) for Uganda
B2: MANUAL CLASSIFIED COUNT (MCC)
B3: ROAD NAME: | C3: ='02.08 Mulago-Kyebando'!C3:G3 -> MCC - C1 - STN28 - KISINGIRI ROAD
C5: Date | D5: ='04.08 Kyebando-Mulago'!D5 -> 04.08.19 | F5: Location | G5: ='04.08 Kyebando-Mulago'!G5:H5 -> Kisingiri Street | J5: Surveyor | K5: Frank
C6: Dir. From | D6: ='02.08 Mulago-Kyebando'!D6:E6 -> Mulago | F6: Dir. To | G6: ='02.08 Mulago-Kyebando'!G6:H6 -> Kyebando | J6: Supervisor | K6: ='04.08 Kyebando-Mulago'!K6:L6 -> Steven
B8: Time / Veh Type | R8: SUMMARY TRAFFIC VOLUMES
C9: 1. Car | D9: 2. Station Wagon | E9: 3. Pickups | F9: 4. Minibus, matatu | G9: 5. Medium bus | H9: 6. Large Bus | I9: 7. Light Truck | J9: 8. Medium Truck | K9: 9. Heavy truck | L9: 10. Truck Trailer | M9: 11. Motor cycles | N9: 12. Tractors | O9: Total Excl M/Cycles | P9: Total All | R9: Time | S9: 1. Car | T9: 2. Station Wagon | U9: 3. Pickups | V9: 4. Minibus, matatu | W9: 5. Medium bus | X9: 6. Large Bus | Y9: 7. Light Truck | Z9: 8. Medium Truck | AA9: 9. Heavy truck | AB9: 10. Truck Trailer | AC9: 11. Motorcycles | AD9: 12. Tractors, Graders | AE9: Total Excl M/ Cycles | AF9: Total All
B10: 07.00 - 07.15 | C10: 4 | D10: 1 | E10: 1 | F10: 2 | G10: 0 | H10: 0 | I10: 1 | J10: 0 | K10: 0 | L10: 0 | M10: 58 | N10: 0 | O10: =SUM(C10:L10,N10) -> 9 | P10: =SUM(C10:N10) -> 67 | R10: 0700-0800 | S10: =SUM(C10:C13) -> 50 | T10: =SUM(D10:D13) -> 6 | U10: =SUM(E10:E13) -> 9 | V10: =SUM(F10:F13) -> 17 | W10: =SUM(G10:G13) -> 0 | X10: =SUM(H10:H13) -> 0 | Y10: =SUM(I10:I13) -> 3 | Z10: =SUM(J10:J13) -> 0 | ... AF10: =SUM(P10:P13) -> 358
