Workbook

Sheet 23.09.19 Gaba -Munyonyo
B1: Consultancy services for Preparation of Expressway Development Master Plan (EDMP) for Uganda
B2: MANUAL CLASSIFIED COUNT (MCC)
B3: ROAD NAME: | C3: MCC-C2-STNO 52-Wavamuno RD
C5: Date | D5: 23.09.19 | F5: Location | G5: Wavamuno | J5: Surveyor | K5: Andrew
C6: Dir. From | D6: GABA | F6: Dir. To | G6: MUNYONYO | J6: Supervisor | K6: Steven
B8: Time / Veh Type | R8: SUMMARY TRAFFIC VOLUMES
C9: 1. Car | D9: 2. Station Wagon | E9: 3. Pickups | F9: 4. Minibus, matatu | G9: 5. Medium bus | H9: 6. Large Bus | I9: 7. Light Truck | J9: 8. Medium Truck | K9: 9. Heavy truck | L9: 10. Truck Trailer | M9: 11. Motor cycles | N9: 12. Tractors | O9: Total Excl M/Cycles | P9: Total All | R9: Time | S9: 1. Car | T9: 2. Station Wagon | U9: 3. Pickups | V9: 4. Minibus, matatu | W9: 5. Medium bus | X9: 6. Large Bus | Y9: 7. Light Truck | Z9: 8. Medium Truck | AA9: 9. Heavy truck | AB9: 10. Truck Trailer | AC9: 11. Motorcycles | AD9: 12. Tractors, Graders | AE9: Total Excl M/ Cycles | AF9: Total All
B10: 07.00 - 07.15 | C10: 15 | D10: 1 | E10: 0 | F10: 10 | G10: 0 | H10: 0 | I10: 0 | J10: 0 | K10: 0 | L10: 0 | M10: 28 | N10: 0 | O10: =SUM(C10:L10,N10) -> 26 | P10: =SUM(C10:N10) -> 54 | R10: 0700-0800 | S10: =SUM(C10:C13) -> 126 | T10: =SUM(D10:D13) -> 36 | U10: =SUM(E10:E13) -> 14 | V10: =SUM(F10:F13) -> 57 | W10: =SUM(G10:G13) -> 2 | X10: =SUM(H10:H13) -> 0 | Y10: =SUM(I10:I13) -> 4 | Z10: =SUM(J10:J13) -> 5 | ... AF10: =SUM(P10:P13) -> 410
B11: 07.15 - 07.30 | C11: 35 | D11: 8 | E11: 1 | F11: 15 | G11: 1 | H11: 0 | I11: 1 | J11: 3 | K11: 1 | L11: 0 | M11: 36 | N11: 0 | O11: =SUM(C11:L11,N11) -> 65 | P11: =SUM(C11:N11) -> 101 | R11: 0800-0900 | S11: =SUM(C14:C17) -> 125 | T11: =SUM(D14:D17) -> 59 | U11: =SUM(E14:E17) -> 31 | V11: =SUM(F14:F17) -> 91 | W11: =SUM(G14:G17) -> 6 | X11: =SUM(H14:H17) -> 1 | Y11: =SUM(I14:I17) -> 8 | Z11: =SUM(J14:J17) -> 6 | ... AF11: =SUM(P14:P17) -> 501
B12: 07.30 - 07.45 | C12: 35 | D12: 16 | E12: 4 | F12: 19 | G12: 1 | H12: 0 | I12: 1 | J12: 0 | K12: 0 | L12: 0 | M12: 45 | N12: 0 | O12: =SUM(C12:L12,N12) -> 76 | P12: =SUM(C12:N12) -> 121 | R12: 0900-1000 | S12: =SUM(C18:C21) -> 94 | T12: =SUM(D18:D21) -> 38 | U12: =SUM(E18:E21) -> 30 | V12: =SUM(F18:F21) -> 42 | W12: =SUM(G18:G21) -> 2 | X12: =SUM(H18:H21) -> 0 | Y12: =SUM(I18:I21) -> 12 | Z12: =SUM(J18:J21) -> 11 | ... AF12: =SUM(P18:P21) -> 383
B13: 07.45 - 08.00 | C13: 41 | D13: 11 | E13: 9 | F13: 13 | G13: 0 | H13: 0 | I13: 2 | J13: 2 | K13: 0 | L13: 0 | M13: 56 | N13: 0 | O13: =SUM(C13:L13,N13) -> 78 | P13: =SUM(C13:N13) -> 134 | R13: 1000-1100 | S13: =SUM(C22:C25) -> 101 | T13: =SUM(D22:D25) -> 33 | U13: =SUM(E22:E25) -> 22 | V13: =SUM(F22:F25) -> 44 | W13: =SUM(G22:G25) -> 5 | X13: =SUM(H22:H25) -> 0 | Y13: =SUM(I22:I25) -> 15 | Z13: =SUM(J22:J25) -> 9 | ... AF13: =SUM(P22:P25) -> 428
B14: 08.00 - 08.15 | C14: 34 | D14: 10 | E14: 6 | F14: 23 | G14: 1 | H14: 0 | I14: 2 | J14: 0 | K14: 0 | L14: 0 | M14: 30 | N14: 0 | O14: =SUM(C14:L14,N14) -> 76 | P14: =SUM(C14:N14) -> 106 | R14: 1100-1200 | S14: =SUM(C26:C29) -> 111 | T14: =SUM(D26:D29) -> 42 | U14: =SUM(E26:E29) -> 26 | V14: =SUM(F26:F29) -> 38 | W14: =SUM(G26:G29) -> 4 | X14: =SUM(H26:H29) -> 0 | Y14: =SUM(I26:I29) -> 9 | Z14: =SUM(J26:J29) -> 4 | ... AF14: =SUM(P26:P29) -> 439
B15: 08.15 - 08.30 | C15: 25 | D15: 20 | E15: 7 | F15: 16 | G15: 1 | H15: 0 | I15: 2 | J15: 1 | K15: 0 | L15: 0 | M15: 40 | N15: 0 | O15: =SUM(C15:L15,N15) -> 72 | P15: =SUM(C15:N15) -> 112 | R15: 1200-1300 | S15: =SUM(C30:C33) -> 132 | T15: =SUM(D30:D33) -> 42 | U15: =SUM(E30:E33) -> 33 | V15: =SUM(F30:F33) -> 40 | W15: =SUM(G30:G33) -> 1 | X15: =SUM(H30:H33) -> 0 | Y15: =SUM(I30:I33) -> 10 | Z15: =SUM(J30:J33) -> 6 | ... AF15: =SUM(P30:P33) -> 436
B16: 08.30 - 08.45 | C16: 30 | D16: 12 | E16: 6 | F16: 19 | G16: 0 | H16: 0 | I16: 3 | J16: 3 | K16: 1 | L16: 0 | M16: 55 | N16: 0 | O16: =SUM(C16:L16,N16) -> 74 | P16: =SUM(C16:N16) -> 129 | R16: 1300-1400 | S16: =SUM(C34:C37) -> 145 | T16: =SUM(D34:D37) -> 42 | U16: =SUM(E34:E37) -> 24 | V16: =SUM(F34:F37) -> 46 | W16: =SUM(G34:G37) -> 5 | X16: =SUM(H34:H37) -> 0 | Y16: =SUM(I34:I37) -> 12 | Z16: =SUM(J34:J37) -> 12 | ... AF16: =SUM(P34:P37) -> 475
B17: 08.45 - 9.00 | C17: 36 | D17: 17 | E17: 12 | F17: 33 | G17: 4 | H17: 1 | I17: 1 | J17: 2 | K17: 0 | L17: 0 | M17: 48 | N17: 0 | O17: =SUM(C17:L17,N17) -> 106 | P17: =SUM(C17:N17) -> 154 | R17: 1400-1500 | S17: =SUM(C38:C41) -> 114 | T17: =SUM(D38:D41) -> 40 | U17: =SUM(E38:E41) -> 19 | V17: =SUM(F38:F41) -> 43 | W17: =SUM(G38:G41) -> 1 | X17: =SUM(H38:H41) -> 0 | Y17: =SUM(I38:I41) -> 5 | Z17: =SUM(J38:J41) -> 3 | ... AF17: =SUM(P38:P41) -> 388
B18: 09.00 - 09.15 | C18: 23 | D18: 6 | E18: 5 | F18: 15 | G18: 0 | H18: 0 | I18: 1 | J18: 5 | K18: 0 | L18: 0 | M18: 36 | N18: 0 | O18: =SUM(C18:L18,N18) -> 55 | P18: =SUM(C18:N18) -> 91 | R18: 1500-1600 | S18: =SUM(C42:C45) -> 145 | T18: =SUM(D42:D45) -> 46 | U18: =SUM(E42:E45) -> 23 | V18: =SUM(F42:F45) -> 42 | W18: =SUM(G42:G45) -> 1 | X18: =SUM(H42:H45) -> 0 | Y18: =SUM(I42:I45) -> 11 | Z18: =SUM(J42:J45) -> 4 | ... AF18: =SUM(P42:P45) -> 387
B19: 09.15 - 09.30 | C19: 26 | D19: 10 | E19: 6 | F19: 6 | G19: 0 | H19: 0 | I19: 3 | J19: 5 | K19: 0 | L19: 0 | M19: 39 | N19: 0 | O19: =SUM(C19:L19,N19) -> 56 | P19: =SUM(C19:N19) -> 95 | R19: 1600-1700 | S19: =SUM(C46:C49) -> 152 | T19: =SUM(D46:D49) -> 38 | U19: =SUM(E46:E49) -> 20 | V19: =SUM(F46:F49) -> 82 | W19: =SUM(G46:G49) -> 2 | X19: =SUM(H46:H49) -> 0 | Y19: =SUM(I46:I49) -> 12 | Z19: =SUM(J46:J49) -> 10 | ... AF19: =SUM(P46:P49) -> 455
B20: 09.30 - 09.45 | C20: 24 | D20: 13 | E20: 6 | F20: 13 | G20: 0 | H20: 0 | I20: 5 | J20: 0 | K20: 1 | L20: 0 | M20: 45 | N20: 0 | O20: =SUM(C20:L20,N20) -> 62 | P20: =SUM(C20:N20) -> 107 | R20: 1700-1800 | S20: =SUM(C50:C53) -> 179 | T20: =SUM(D50:D53) -> 59 | U20: =SUM(E50:E53) -> 18 | V20: =SUM(F50:F53) -> 44 | W20: =SUM(G50:G53) -> 1 | X20: =SUM(H50:H53) -> 0 | Y20: =SUM(I50:I53) -> 9 | Z20: =SUM(J50:J53) -> 8 | ... AF20: =SUM(P50:P53) -> 479
B21: 09.45 - 10.00 | C21: 21 | D21: 9 | E21: 13 | F21: 8 | G21: 2 | H21: 0 | I21: 3 | J21: 1 | K21: 0 | L21: 0 | M21: 33 | N21: 0 | O21: =SUM(C21:L21,N21) -> 57 | P21: =SUM(C21:N21) -> 90 | R21: 1800-1900 | S21: =SUM(C54:C57) -> 191 | T21: =SUM(D54:D57) -> 39 | U21: =SUM(E54:E57) -> 21 | V21: =SUM(F54:F57) -> 53 | W21: =SUM(G54:G57) -> 3 | X21: =SUM(H54:H57) -> 0 | Y21: =SUM(I54:I57) -> 4 | Z21: =SUM(J54:J57) -> 11 | ... AF21: =SUM(P54:P57) -> 502
B22: 10.00 - 10.15 | C22: 23 | D22: 4 | E22: 5 | F22: 10 | G22: 0 | H22: 0 | I22: 3 | J22: 2 | K22: 1 | L22: 0 | M22: 43 | N22: 0 | O22: =SUM(C22:L22,N22) -> 48 | P22: =SUM(C22:N22) -> 91 | R22: AM Peak Hr | S22: =MAX(S10:S12) -> 126 | T22: =MAX(T10:T12) -> 59 | U22: =MAX(U10:U12) -> 31 | V22: =MAX(V10:V12) -> 91 | W22: =MAX(W10:W12) -> 6 | X22: =MAX(X10:X12) -> 1 | Y22: =MAX(Y10:Y12) -> 12 | Z22: =MAX(Z10:Z12) -> 11 | ... AF22: =MAX(AF10:AF12) -> 501
B23: 10.15 - 10.30 | C23: 20 | D23: 10 | E23: 6 | F23: 13 | G23: 0 | H23: 0 | I23: 5 | J23: 2 | K23: 0 | L23: 0 | M23: 50 | N23: 0 | O23: =SUM(C23:L23,N23) -> 56 | P23: =SUM(C23:N23) -> 106 | R23: IP Peak Hr | S23: =MAX(S13:S18) -> 145 | T23: =MAX(T13:T18) -> 46 | U23: =MAX(U13:U18) -> 33 | V23: =MAX(V13:V18) -> 46 | W23: =MAX(W13:W18) -> 5 | X23: =MAX(X13:X18) -> 0 | Y23: =MAX(Y13:Y18) -> 15 | Z23: =MAX(Z13:Z18) -> 12 | ... AF23: =MAX(AF13:AF18) -> 475
B24: 10.30 - 10.45 | C24: 25 | D24: 9 | E24: 4 | F24: 10 | G24: 2 | H24: 0 | I24: 5 | J24: 3 | K24: 0 | L24: 0 | M24: 48 | N24: 0 | O24: =SUM(C24:L24,N24) -> 58 | P24: =SUM(C24:N24) -> 106 | R24: PM Peak Hr | S24: =MAX(S19:S21) -> 191 | T24: =MAX(T19:T21) -> 59 | U24: =MAX(U19:U21) -> 21 | V24: =MAX(V19:V21) -> 82 | W24: =MAX(W19:W21) -> 3 | X24: =MAX(X19:X21) -> 0 | Y24: =MAX(Y19:Y21) -> 12 | Z24: =MAX(Z19:Z21) -> 11 | ... AF24: =MAX(AF19:AF21) -> 502
B25: 10.45 - 11.00 | C25: 33 | D25: 10 | E25: 7 | F25: 11 | G25: 3 | H25: 0 | I25: 2 | J25: 2 | K25: 0 | L25: 0 | M25: 57 | N25: 0 | O25: =SUM(C25:L25,N25) -> 68 | P25: =SUM(C25:N25) -> 125 | R25: AM Period | S25: =SUM(S10:S12) -> 345 | T25: =SUM(T10:T12) -> 133 | U25: =SUM(U10:U12) -> 75 | V25: =SUM(V10:V12) -> 190 | W25: =SUM(W10:W12) -> 10 | X25: =SUM(X10:X12) -> 1 | Y25: =SUM(Y10:Y12) -> 24 | Z25: =SUM(Z10:Z12) -> 22 | ... AF25: =SUM(AF10:AF12) -> 1294
B26: 11.00 - 11.15 | C26: 31 | D26: 8 | E26: 8 | F26: 11 | G26: 0 | H26: 0 | I26: 4 | J26: 0 | K26: 1 | L26: 0 | M26: 47 | N26: 0 | O26: =SUM(C26:L26,N26) -> 63 | P26: =SUM(C26:N26) -> 110 | R26: IP Period | S26: =SUM(S13:S18) -> 748 | T26: =SUM(T13:T18) -> 245 | U26: =SUM(U13:U18) -> 147 | V26: =SUM(V13:V18) -> 253 | W26: =SUM(W13:W18) -> 17 | X26: =SUM(X13:X18) -> 0 | Y26: =SUM(Y13:Y18) -> 62 | Z26: =SUM(Z13:Z18) -> 38 | ... AF26: =SUM(AF13:AF18) -> 2553
B27: 11.15 - 11.30 | C27: 24 | D27: 14 | E27: 6 | F27: 12 | G27: 0 | H27: 0 | I27: 2 | J27: 2 | K27: 1 | L27: 0 | M27: 40 | N27: 0 | O27: =SUM(C27:L27,N27) -> 61 | P27: =SUM(C27:N27) -> 101 | R27: PM Period | S27: =SUM(S19:S21) -> 522 | T27: =SUM(T19:T21) -> 136 | U27: =SUM(U19:U21) -> 59 | V27: =SUM(V19:V21) -> 179 | W27: =SUM(W19:W21) -> 6 | X27: =SUM(X19:X21) -> 0 | Y27: =SUM(Y19:Y21) -> 25 | Z27: =SUM(Z19:Z21) -> 29 | ... AF27: =SUM(AF19:AF21) -> 1436
B28: 11.30 - 11.45 | C28: 26 | D28: 10 | E28: 7 | F28: 2 | G28: 1 | H28: 0 | I28: 1 | J28: 2 | K28: 0 | L28: 0 | M28: 51 | N28: 0 | O28: =SUM(C28:L28,N28) -> 49 | P28: =SUM(C28:N28) -> 100 | R28: 12 Hours | S28: =SUM(S10:S21) -> 1615 | T28: =SUM(T10:T21) -> 514 | U28: =SUM(U10:U21) -> 281 | V28: =SUM(V10:V21) -> 622 | W28: =SUM(W10:W21) -> 33 | X28: =SUM(X10:X21) -> 1 | Y28: =SUM(Y10:Y21) -> 111 | Z28: =SUM(Z10:Z21) -> 89 | ... AF28: =SUM(AF10:AF21) -> 5283
B29: 11.45 - 12.00 | C29: 30 | D29: 10 | E29: 5 | F29: 13 | G29: 3 | H29: 0 | I29: 2 | J29: 0 | K29: 1 | L29: 0 | M29: 64 | N29: 0 | O29: =SUM(C29:L29,N29) -> 64 | P29: =SUM(C29:N29) -> 128
B30: 12.00 - 12.15 | C30: 29 | D30: 10 | E30: 11 | F30: 7 | G30: 0 | H30: 0 | I30: 3 | J30: 1 | K30: 0 | L30: 0 | M30: 40 | N30: 0 | O30: =SUM(C30:L30,N30) -> 61 | P30: =SUM(C30:N30) -> 101
B31: 12.15 - 12.30 | C31: 45 | D31: 16 | E31: 9 | F31: 10 | G31: 0 | H31: 0 | I31: 1 | J31: 2 | K31: 1 | L31: 0 | M31: 49 | N31: 0 | O31: =SUM(C31:L31,N31) -> 84 | P31: =SUM(C31:N31) -> 133
B32: 12.30 - 12.45 | C32: 33 | D32: 6 | E32: 8 | F32: 12 | G32: 1 | H32: 0 | I32: 5 | J32: 2 | K32: 0 | L32: 0 | M32: 41 | N32: 0 | O32: =SUM(C32:L32,N32) -> 67 | P32: =SUM(C32:N32) -> 108
B33: 12.45 - 13.00 | C33: 25 | D33: 10 | E33: 5 | F33: 11 | G33: 0 | H33: 0 | I33: 1 | J33: 1 | K33: 1 | L33: 0 | M33: 40 | N33: 0 | O33: =SUM(C33:L33,N33) -> 54 | P33: =SUM(C33:N33) -> 94
B34: 13.00 - 13.15 | C34: 42 | D34: 20 | E34: 4 | F34: 10 | G34: 1 | H34: 0 | I34: 3 | J34: 3 | K34: 0 | L34: 0 | M34: 39 | N34: 0 | O34: =SUM(C34:L34,N34) -> 83 | P34: =SUM(C34:N34) -> 122
B35: 13.15 - 13.30 | C35: 40 | D35: 11 | E35: 5 | F35: 8 | G35: 3 | H35: 0 | I35: 5 | J35: 3 | K35: 0 | L35: 0 | M35: 40 | N35: 0 | O35: =SUM(C35:L35,N35) -> 75 | P35: =SUM(C35:N35) -> 115
B36: 13.30 - 13.45 | C36: 33 | D36: 5 | E36: 8 | F36: 13 | G36: 1 | H36: 0 | I36: 1 | J36: 1 | K36: 0 | L36: 0 | M36: 38 | N36: 0 | O36: =SUM(C36:L36,N36) -> 62 | P36: =SUM(C36:N36) -> 100
B37: 13.45 - 14.00 | C37: 30 | D37: 6 | E37: 7 | F37: 15 | G37: 0 | H37: 0 | I37: 3 | J37: 5 | K37: 0 | L37: 0 | M37: 72 | N37: 0 | O37: =SUM(C37:L37,N37) -> 66 | P37: =SUM(C37:N37) -> 138
B38: 14.00 - 14.15 | C38: 32 | D38: 4 | E38: 6 | F38: 7 | G38: 1 | H38: 0 | I38: 1 | J38: 2 | K38: 0 | L38: 0 | M38: 44 | N38: 0 | O38: =SUM(C38:L38,N38) -> 53 | P38: =SUM(C38:N38) -> 97
B39: 14.15 - 14.30 | C39: 23 | D39: 18 | E39: 6 | F39: 10 | G39: 0 | H39: 0 | I39: 0 | J39: 1 | K39: 1 | L39: 0 | M39: 37 | N39: 3 | O39: =SUM(C39:L39,N39) -> 62 | P39: =SUM(C39:N39) -> 99
B40: 14.30 - 14.45 | C40: 39 | D40: 11 | E40: 3 | F40: 12 | G40: 0 | H40: 0 | I40: 2 | J40: 0 | K40: 0 | L40: 0 | M40: 45 | N40: 0 | O40: =SUM(C40:L40,N40) -> 67 | P40: =SUM(C40:N40) -> 112
... B57: 18.45 - 19.00 | C57: 40 | D57: 5 | E57: 4 | F57: 11 | G57: 0 | H57: 0 | I57: 1 | J57: 1 | K57: 0 | L57: 0 | M57: 41 | N57: 0 | O57: =SUM(C57:L57,N57) -> 62 | P57: =SUM(C57:N57) -> 103
B58: Totals | C58: =SUM(C10:C57) -> 1615 | D58: =SUM(D10:D57) -> 514 | E58: =SUM(E10:E57) -> 281 | F58: =SUM(F10:F57) -> 622 | G58: =SUM(G10:G57) -> 33 | H58: =SUM(H10:H57) -> 1 | I58: =SUM(I10:I57) -> 111 | J58: =SUM(J10:J57) -> 89 | ... P58: =SUM(P10:P57) -> 5283
B59: %ges + MCs | C59: =C58/$P$58 -> 0.30569752 | D59: =D58/$P$58 -> 0.097293205 | E59: =E58/$P$58 -> 0.053189476 | F59: =F58/$P$58 -> 0.11773613 | G59: =G58/$P$58 -> 0.0062464509 | H59: =H58/$P$58 -> 0.00018928639 | I59: =I58/$P$58 -> 0.021010789 | J59: =J58/$P$58 -> 0.016846489 | ... N59: =N58/$P$58 -> 0.00056785917
B60: %ges w/o MCs | C60: =C58/$O$58 -> 0.49222798 | D60: =D58/$O$58 -> 0.15665956 | E60: =E58/$O$58 -> 0.085644621 | F60: =F58/$O$58 -> 0.18957635 | G60: =G58/$O$58 -> 0.010057909 | H60: =H58/$O$58 -> 0.00030478513 | I60: =I58/$O$58 -> 0.033831149 | J60: =J58/$O$58 -> 0.027125876 | ... L60: =L58/$O$58 -> 0.00030478513 | N60: =N58/$O$58 -> 0.00091435538

Sheet 23.09.19 Munyonyo -Gaba
B1: Consultancy services for Preparation of Expressway Development Master Plan (EDMP) for Uganda
B2: MANUAL CLASSIFIED COUNT (MCC)
B3: ROAD NAME: | C3: ='23.09.19 Gaba -Munyonyo'!C3:G3 -> MCC-C2-STNO 52-Wavamuno RD
C5: Date | D5: ='23.09.19 Gaba -Munyonyo'!D5 -> 23.09.19 | F5: Location | G5: ='23.09.19 Gaba -Munyonyo'!G5:H5 -> Wavamuno | J5: Surveyor | K5: Amanda Emmanuel
C6: Dir. From | D6: MUNYONYO | F6: Dir. To | G6: GABA | J6: Supervisor | K6: ='23.09.19 Gaba -Munyonyo'!K6:L6 -> Steven
B8: Time / Veh Type | R8: SUMMARY TRAFFIC VOLUMES
C9: 1. Car | D9: 2. Station Wagon | E9: 3. Pickups | F9: 4. Minibus, matatu | G9: 5. Medium bus | H9: 6. Large Bus | I9: 7. Light Truck | J9: 8. Medium Truck | K9: 9. Heavy truck | L9: 10. Truck Trailer | M9: 11. Motor cycles | N9: 12. Tractors | O9: Total Excl M/Cycles | P9: Total All | R9: Time | S9: 1. Car | T9: 2. Station Wagon | U9: 3. Pickups | V9: 4. Minibus, matatu | W9: 5. Medium bus | X9: 6. Large Bus | Y9: 7. Light Truck | Z9: 8. Medium Truck | AA9: 9. Heavy truck | AB9: 10. Truck Trailer | AC9: 11. Motorcycles | AD9: 12. Tractors, Graders | AE9: Total Excl M/ Cycles | AF9: Total All
B10: 07.00 - 07.15 | C10: 13 | D10: 10 | E10: 16 | F10: 28 | G10: 0 | H10: 0 | I10: 3 | J10: 0 | K10: 0 | L10: 0 | M10: 21 | N10: 0 | O10: =SUM(C10:L10,N10) -> 70 | P10: =SUM(C10:N10) -> 91 | R10: 0700-0800 | S10: =SUM(C10:C13) -> 47 | T10: =SUM(D10:D13) -> 75 | U10: =SUM(E10:E13) -> 36 | V10: =SUM(F10:F13) -> 75 | W10: =SUM(G10:G13) -> 2 | X10: =SUM(H10:H13) -> 0 | Y10: =SUM(I10:I13) -> 5 | Z10: =SUM(J10:J13) -> 3 | ... AF10: =SUM(P10:P13) -> 370
B11: 07.15 - 07.30 | C11: 11 | D11: 18 | E11: 10 | F11: 23 | G11: 1 | H11: 0 | I11: 1 | J11: 2 | K11: 0 | L11: 0 | M11: 31 | N11: 0 | O11: =SUM(C11:L11,N11) -> 66 | P11: =SUM(C11:N11) -> 97 | R11: 0800-0900 | S11: =SUM(C14:C17) -> 91 | T11: =SUM(D14:D17) -> 78 | U11: =SUM(E14:E17) -> 18 | V11: =SUM(F14:F17) -> 49 | W11: =SUM(G14:G17) -> 1 | X11: =SUM(H14:H17) -> 0 | Y11: =SUM(I14:I17) -> 14 | Z11: =SUM(J14:J17) -> 3 | ... AF11: =SUM(P14:P17) -> 371
B12: 07.30 - 07.45 | C12: 10 | D12: 26 | E12: 7 | F12: 10 | G12: 1 | H12: 0 | I12: 1 | J12: 1 | K12: 0 | L12: 0 | M12: 42 | N12: 0 | O12: =SUM(C12:L12,N12) -> 56 | P12: =SUM(C12:N12) -> 98 | R12: 0900-1000 | S12: =SUM(C18:C21) -> 113 | T12: =SUM(D18:D21) -> 74 | U12: =SUM(E18:E21) -> 31 | V12: =SUM(F18:F21) -> 49 | W12: =SUM(G18:G21) -> 1 | X12: =SUM(H18:H21) -> 0 | Y12: =SUM(I18:I21) -> 11 | Z12: =SUM(J18:J21) -> 4 | ... AF12: =SUM(P18:P21) -> 408
B13: 07.45 - 08.00 | C13: 13 | D13: 21 | E13: 3 | F13: 14 | G13: 0 | H13: 0 | I13: 0 | J13: 0 | K13: 0 | L13: 0 | M13: 33 | N13: 0 | O13: =SUM(C13:L13,N13) -> 51 | P13: =SUM(C13:N13) -> 84 | R13: 1000-1100 | S13: =SUM(C22:C25) -> 84 | T13: =SUM(D22:D25) -> 96 | U13: =SUM(E22:E25) -> 37 | V13: =SUM(F22:F25) -> 72 | W13: =SUM(G22:G25) -> 0 | X13: =SUM(H22:H25) -> 0 | Y13: =SUM(I22:I25) -> 7 | Z13: =SUM(J22:J25) -> 2 | ... AF13: =SUM(P22:P25) -> 442
B14: 08.00 - 08.15 | C14: 21 | D14: 15 | E14: 3 | F14: 11 | G14: 0 | H14: 0 | I14: 2 | J14: 1 | K14: 0 | L14: 0 | M14: 24 | N14: 0 | O14: =SUM(C14:L14,N14) -> 53 | P14: =SUM(C14:N14) -> 77 | R14: 1100-1200 | S14: =SUM(C26:C29) -> 81 | T14: =SUM(D26:D29) -> 88 | U14: =SUM(E26:E29) -> 38 | V14: =SUM(F26:F29) -> 82 | W14: =SUM(G26:G29) -> 0 | X14: =SUM(H26:H29) -> 0 | Y14: =SUM(I26:I29) -> 6 | Z14: =SUM(J26:J29) -> 3 | ... AF14: =SUM(P26:P29) -> 444
B15: 08.15 - 08.30 | C15: 22 | D15: 27 | E15: 11 | F15: 11 | G15: 0 | H15: 0 | I15: 5 | J15: 1 | K15: 0 | L15: 0 | M15: 26 | N15: 0 | O15: =SUM(C15:L15,N15) -> 77 | P15: =SUM(C15:N15) -> 103 | R15: 1200-1300 | S15: =SUM(C30:C33) -> 70 | T15: =SUM(D30:D33) -> 54 | U15: =SUM(E30:E33) -> 15 | V15: =SUM(F30:F33) -> 77 | W15: =SUM(G30:G33) -> 7 | X15: =SUM(H30:H33) -> 0 | Y15: =SUM(I30:I33) -> 10 | Z15: =SUM(J30:J33) -> 4 | ... AF15: =SUM(P30:P33) -> 425
B16: 08.30 - 08.45 | C16: 26 | D16: 19 | E16: 2 | F16: 15 | G16: 0 | H16: 0 | I16: 3 | J16: 0 | K16: 0 | L16: 0 | M16: 32 | N16: 0 | O16: =SUM(C16:L16,N16) -> 65 | P16: =SUM(C16:N16) -> 97 | R16: 1300-1400 | S16: =SUM(C34:C37) -> 43 | T16: =SUM(D34:D37) -> 54 | U16: =SUM(E34:E37) -> 35 | V16: =SUM(F34:F37) -> 119 | W16: =SUM(G34:G37) -> 2 | X16: =SUM(H34:H37) -> 0 | Y16: =SUM(I34:I37) -> 5 | Z16: =SUM(J34:J37) -> 5 | ... AF16: =SUM(P34:P37) -> 375
B17: 08.45 - 9.00 | C17: 22 | D17: 17 | E17: 2 | F17: 12 | G17: 1 | H17: 0 | I17: 4 | J17: 1 | K17: 0 | L17: 0 | M17: 35 | N17: 0 | O17: =SUM(C17:L17,N17) -> 59 | P17: =SUM(C17:N17) -> 94 | R17: 1400-1500 | S17: =SUM(C38:C41) -> 64 | T17: =SUM(D38:D41) -> 45 | U17: =SUM(E38:E41) -> 17 | V17: =SUM(F38:F41) -> 60 | W17: =SUM(G38:G41) -> 0 | X17: =SUM(H38:H41) -> 0 | Y17: =SUM(I38:I41) -> 8 | Z17: =SUM(J38:J41) -> 3 | ... AF17: =SUM(P38:P41) -> 306
B18: 09.00 - 09.15 | C18: 22 | D18: 18 | E18: 3 | F18: 8 | G18: 1 | H18: 0 | I18: 2 | J18: 0 | K18: 0 | L18: 0 | M18: 28 | N18: 0 | O18: =SUM(C18:L18,N18) -> 54 | P18: =SUM(C18:N18) -> 82 | R18: 1500-1600 | S18: =SUM(C42:C45) -> 71 | T18: =SUM(D42:D45) -> 41 | U18: =SUM(E42:E45) -> 25 | V18: =SUM(F42:F45) -> 69 | W18: =SUM(G42:G45) -> 0 | X18: =SUM(H42:H45) -> 1 | Y18: =SUM(I42:I45) -> 12 | Z18: =SUM(J42:J45) -> 8 | ... AF18: =SUM(P42:P45) -> 331
B19: 09.15 - 09.30 | C19: 33 | D19: 18 | E19: 0 | F19: 12 | G19: 0 | H19: 0 | I19: 1 | J19: 0 | K19: 0 | L19: 0 | M19: 30 | N19: 0 | O19: =SUM(C19:L19,N19) -> 64 | P19: =SUM(C19:N19) -> 94 | R19: 1600-1700 | S19: =SUM(C46:C49) -> 49 | T19: =SUM(D46:D49) -> 67 | U19: =SUM(E46:E49) -> 24 | V19: =SUM(F46:F49) -> 69 | W19: =SUM(G46:G49) -> 0 | X19: =SUM(H46:H49) -> 0 | Y19: =SUM(I46:I49) -> 12 | Z19: =SUM(J46:J49) -> 4 | ... AF19: =SUM(P46:P49) -> 340
B20: 09.30 - 09.45 | C20: 36 | D20: 22 | E20: 6 | F20: 10 | G20: 0 | H20: 0 | I20: 2 | J20: 1 | K20: 0 | L20: 0 | M20: 42 | N20: 0 | O20: =SUM(C20:L20,N20) -> 77 | P20: =SUM(C20:N20) -> 119 | R20: 1700-1800 | S20: =SUM(C50:C53) -> 47 | T20: =SUM(D50:D53) -> 61 | U20: =SUM(E50:E53) -> 41 | V20: =SUM(F50:F53) -> 71 | W20: =SUM(G50:G53) -> 0 | X20: =SUM(H50:H53) -> 0 | Y20: =SUM(I50:I53) -> 8 | Z20: =SUM(J50:J53) -> 2 | ... AF20: =SUM(P50:P53) -> 332
B21: 09.45 - 10.00 | C21: 22 | D21: 16 | E21: 22 | F21: 19 | G21: 0 | H21: 0 | I21: 6 | J21: 3 | K21: 0 | L21: 0 | M21: 25 | N21: 0 | O21: =SUM(C21:L21,N21) -> 88 | P21: =SUM(C21:N21) -> 113 | R21: 1800-1900 | S21: =SUM(C54:C57) -> 43 | T21: =SUM(D54:D57) -> 49 | U21: =SUM(E54:E57) -> 16 | V21: =SUM(F54:F57) -> 66 | W21: =SUM(G54:G57) -> 4 | X21: =SUM(H54:H57) -> 2 | Y21: =SUM(I54:I57) -> 10 | Z21: =SUM(J54:J57) -> 3 | ... AF21: =SUM(P54:P57) -> 284
B22: 10.00 - 10.15 | C22: 23 | D22: 23 | E22: 7 | F22: 20 | G22: 0 | H22: 0 | I22: 2 | J22: 0 | K22: 0 | L22: 0 | M22: 27 | N22: 0 | O22: =SUM(C22:L22,N22) -> 75 | P22: =SUM(C22:N22) -> 102 | R22: AM Peak Hr | S22: =MAX(S10:S12) -> 113 | T22: =MAX(T10:T12) -> 78 | U22: =MAX(U10:U12) -> 36 | V22: =MAX(V10:V12) -> 75 | W22: =MAX(W10:W12) -> 2 | X22: =MAX(X10:X12) -> 0 | Y22: =MAX(Y10:Y12) -> 14 | Z22: =MAX(Z10:Z12) -> 4 | ... AF22: =MAX(AF10:AF12) -> 408
B23: 10.15 - 10.30 | C23: 16 | D23: 17 | E23: 11 | F23: 11 | G23: 0 | H23: 0 | I23: 2 | J23: 0 | K23: 0 | L23: 0 | M23: 31 | N23: 0 | O23: =SUM(C23:L23,N23) -> 57 | P23: =SUM(C23:N23) -> 88 | R23: IP Peak Hr | S23: =MAX(S13:S18) -> 84 | T23: =MAX(T13:T18) -> 96 | U23: =MAX(U13:U18) -> 38 | V23: =MAX(V13:V18) -> 119 | W23: =MAX(W13:W18) -> 7 | X23: =MAX(X13:X18) -> 1 | Y23: =MAX(Y13:Y18) -> 12 | Z23: =MAX(Z13:Z18) -> 8 | ... AF23: =MAX(AF13:AF18) -> 444
B24: 10.30 - 10.45 | C24: 21 | D24: 27 | E24: 9 | F24: 16 | G24: 0 | H24: 0 | I24: 1 | J24: 1 | K24: 1 | L24: 0 | M24: 34 | N24: 0 | O24: =SUM(C24:L24,N24) -> 76 | P24: =SUM(C24:N24) -> 110 | R24: PM Peak Hr | S24: =MAX(S19:S21) -> 49 | T24: =MAX(T19:T21) -> 67 | U24: =MAX(U19:U21) -> 41 | V24: =MAX(V19:V21) -> 71 | W24: =MAX(W19:W21) -> 4 | X24: =MAX(X19:X21) -> 2 | Y24: =MAX(Y19:Y21) -> 12 | Z24: =MAX(Z19:Z21) -> 4 | ... AF24: =MAX(AF19:AF21) -> 340
B25: 10.45 - 11.00 | C25: 24 | D25: 29 | E25: 10 | F25: 25 | G25: 0 | H25: 0 | I25: 2 | J25: 1 | K25: 0 | L25: 0 | M25: 51 | N25: 0 | O25: =SUM(C25:L25,N25) -> 91 | P25: =SUM(C25:N25) -> 142 | R25: AM Period | S25: =SUM(S10:S12) -> 251 | T25: =SUM(T10:T12) -> 227 | U25: =SUM(U10:U12) -> 85 | V25: =SUM(V10:V12) -> 173 | W25: =SUM(W10:W12) -> 4 | X25: =SUM(X10:X12) -> 0 | Y25: =SUM(Y10:Y12) -> 30 | Z25: =SUM(Z10:Z12) -> 10 | ... AF25: =SUM(AF10:AF12) -> 1149
B26: 11.00 - 11.15 | C26: 16 | D26: 27 | E26: 8 | F26: 21 | G26: 0 | H26: 0 | I26: 0 | J26: 0 | K26: 0 | L26: 0 | M26: 25 | N26: 0 | O26: =SUM(C26:L26,N26) -> 72 | P26: =SUM(C26:N26) -> 97 | R26: IP Period | S26: =SUM(S13:S18) -> 413 | T26: =SUM(T13:T18) -> 378 | U26: =SUM(U13:U18) -> 167 | V26: =SUM(V13:V18) -> 479 | W26: =SUM(W13:W18) -> 9 | X26: =SUM(X13:X18) -> 1 | Y26: =SUM(Y13:Y18) -> 48 | Z26: =SUM(Z13:Z18) -> 25 | ... AF26: =SUM(AF13:AF18) -> 2323
B27: 11.15 - 11.30 | C27: 19 | D27: 14 | E27: 11 | F27: 22 | G27: 0 | H27: 0 | I27: 2 | J27: 1 | K27: 0 | L27: 0 | M27: 41 | N27: 0 | O27: =SUM(C27:L27,N27) -> 69 | P27: =SUM(C27:N27) -> 110 | R27: PM Period | S27: =SUM(S19:S21) -> 139 | T27: =SUM(T19:T21) -> 177 | U27: =SUM(U19:U21) -> 81 | V27: =SUM(V19:V21) -> 206 | W27: =SUM(W19:W21) -> 4 | X27: =SUM(X19:X21) -> 2 | Y27: =SUM(Y19:Y21) -> 30 | Z27: =SUM(Z19:Z21) -> 9 | ... AF27: =SUM(AF19:AF21) -> 956
B28: 11.30 - 11.45 | C28: 25 | D28: 27 | E28: 7 | F28: 16 | G28: 0 | H28: 0 | I28: 1 | J28: 1 | K28: 0 | L28: 1 | M28: 36 | N28: 0 | O28: =SUM(C28:L28,N28) -> 78 | P28: =SUM(C28:N28) -> 114 | R28: 12 Hours | S28: =SUM(S10:S21) -> 803 | T28: =SUM(T10:T21) -> 782 | U28: =SUM(U10:U21) -> 333 | V28: =SUM(V10:V21) -> 858 | W28: =SUM(W10:W21) -> 17 | X28: =SUM(X10:X21) -> 3 | Y28: =SUM(Y10:Y21) -> 108 | Z28: =SUM(Z10:Z21) -> 44 | ... AF28: =SUM(AF10:AF21) -> 4428
B29: 11.45 - 12.00 | C29: 21 | D29: 20 | E29: 12 | F29: 23 | G29: 0 | H29: 0 | I29: 3 | J29: 1 | K29: 0 | L29: 0 | M29: 43 | N29: 0 | O29: =SUM(C29:L29,N29) -> 80 | P29: =SUM(C29:N29) -> 123
B30: 12.00 - 12.15 | C30: 18 | D30: 18 | E30: 5 | F30: 31 | G30: 7 | H30: 0 | I30: 6 | J30: 0 | K30: 0 | L30: 0 | M30: 49 | N30: 0 | O30: =SUM(C30:L30,N30) -> 85 | P30: =SUM(C30:N30) -> 134
B31: 12.15 - 12.30 | C31: 21 | D31: 11 | E31: 3 | F31: 15 | G31: 0 | H31: 0 | I31: 1 | J31: 0 | K31: 0 | L31: 0 | M31: 58 | N31: 0 | O31: =SUM(C31:L31,N31) -> 51 | P31: =SUM(C31:N31) -> 109
B32: 12.30 - 12.45 | C32: 17 | D32: 15 | E32: 2 | F32: 9 | G32: 0 | H32: 0 | I32: 2 | J32: 1 | K32: 0 | L32: 0 | M32: 52 | N32: 0 | O32: =SUM(C32:L32,N32) -> 46 | P32: =SUM(C32:N32) -> 98
B33: 12.45 - 13.00 | C33: 14 | D33: 10 | E33: 5 | F33: 22 | G33: 0 | H33: 0 | I33: 1 | J33: 3 | K33: 0 | L33: 0 | M33: 29 | N33: 0 | O33: =SUM(C33:L33,N33) -> 55 | P33: =SUM(C33:N33) -> 84
B34: 13.00 - 13.15 | C34: 8 | D34: 12 | E34: 7 | F34: 23 | G34: 2 | H34: 0 | I34: 0 | J34: 1 | K34: 0 | L34: 0 | M34: 24 | N34: 0 | O34: =SUM(C34:L34,N34) -> 53 | P34: =SUM(C34:N34) -> 77
B35: 13.15 - 13.30 | C35: 9 | D35: 11 | E35: 10 | F35: 26 | G35: 0 | H35: 0 | I35: 2 | J35: 0 | K35: 2 | L35: 0 | M35: 32 | N35: 0 | O35: =SUM(C35:L35,N35) -> 60 | P35: =SUM(C35:N35) -> 92
B36: 13.30 - 13.45 | C36: 16 | D36: 16 | E36: 8 | F36: 37 | G36: 0 | H36: 0 | I36: 2 | J36: 4 | K36: 0 | L36: 0 | M36: 21 | N36: 0 | O36: =SUM(C36:L36,N36) -> 83 | P36: =SUM(C36:N36) -> 104
B37: 13.45 - 14.00 | C37: 10 | D37: 15 | E37: 10 | F37: 33 | G37: 0 | H37: 0 | I37: 1 | J37: 0 | K37: 0 | L37: 0 | M37: 33 | N37: 0 | O37: =SUM(C37:L37,N37) -> 69 | P37: =SUM(C37:N37) -> 102
B38: 14.00 - 14.15 | C38: 24 | D38: 11 | E38: 8 | F38: 14 | G38: 0 | H38: 0 | I38: 2 | J38: 2 | K38: 0 | L38: 0 | M38: 31 | N38: 0 | O38: =SUM(C38:L38,N38) -> 61 | P38: =SUM(C38:N38) -> 92
B39: 14.15 - 14.30 | C39: 16 | D39: 18 | E39: 3 | F39: 10 | G39: 0 | H39: 0 | I39: 5 | J39: 0 | K39: 0 | L39: 0 | M39: 37 | N39: 0 | O39: =SUM(C39:L39,N39) -> 52 | P39: =SUM(C39:N39) -> 89
B40: 14.30 - 14.45 | C40: 14 | D40: 10 | E40: 6 | F40: 21 | G40: 0 | H40: 0 | I40: 0 | J40: 0 | K40: 0 | L40: 0 | M40: 24 | N40: 0 | O40: =SUM(C40:L40,N40) -> 51 | P40: =SUM(C40:N40) -> 75
... B57: 18.45 - 19.00 | C57: 10 | D57: 10 | E57: 7 | F57: 11 | G57: 0 | H57: 2 | I57: 2 | J57: 1 | K57: 0 | L57: 0 | M57: 19 | N57: 0 | O57: =SUM(C57:L57,N57) -> 43 | P57: =SUM(C57:N57) -> 62
B58: Totals | C58: =SUM(C10:C57) -> 803 | D58: =SUM(D10:D57) -> 782 | E58: =SUM(E10:E57) -> 333 | F58: =SUM(F10:F57) -> 858 | G58: =SUM(G10:G57) -> 17 | H58: =SUM(H10:H57) -> 3 | I58: =SUM(I10:I57) -> 108 | J58: =SUM(J10:J57) -> 44 | ... P58: =SUM(P10:P57) -> 4428
B59: %ges + MCs | C59: =C58/$P$58 -> 0.18134598 | D59: =D58/$P$58 -> 0.17660343 | E59: =E58/$P$58 -> 0.075203252 | F59: =F58/$P$58 -> 0.19376694 | G59: =G58/$P$58 -> 0.0038392051 | H59: =H58/$P$58 -> 0.00067750678 | I59: =I58/$P$58 -> 0.024390244 | J59: =J58/$P$58 -> 0.009936766 | ... N59: =N58/$P$58 -> 0
B60: %ges w/o MCs | C60: =C58/$O$58 -> 0.27192685 | D60: =D58/$O$58 -> 0.26481544 | E60: =E58/$O$58 -> 0.11276668 | F60: =F58/$O$58 -> 0.29055198 | G60: =G58/$O$58 -> 0.0057568574 | H60: =H58/$O$58 -> 0.001015916 | I60: =I58/$O$58 -> 0.036572977 | J60: =J58/$O$58 -> 0.014900102 | ... L60: =L58/$O$58 -> 0.00067727735 | N60: =N58/$O$58 -> 0

Sheet 24.09 Gaba-Munyonyo
B1: Consultancy services for Preparation of Expressway Development Master Plan (EDMP) for Uganda
B2: MANUAL CLASSIFIED COUNT (MCC)
B3: ROAD NAME: | C3: MCC-C2-STN52-WAVAMUNNO
C5: Date | D5: 24.09.19 | F5: Location | G5: FUSION AUTO SPA | J5: Surveyor | K5: ANDREW
C6: Dir. From | D6: GGABA ROAD | F6: Dir. To | G6: MUNYONYO | J6: Supervisor | K6: STEVEN
B8: Time / Veh Type | R8: SUMMARY TRAFFIC VOLUMES
C9: 1. Car | D9: 2. Station Wagon | E9: 3. Pickups | F9: 4. Minibus, matatu | G9: 5. Medium bus | H9: 6. Large Bus | I9: 7. Light Truck | J9: 8. Medium Truck | K9: 9. Heavy truck | L9: 10. Truck Trailer | M9: 11. Motor cycles | N9: 12. Tractors | O9: Total Excl M/Cycles | P9: Total All | R9: Time | S9: 1. Car | T9: 2. Station Wagon | U9: 3. Pickups | V9: 4. Minibus, matatu | W9: 5. Medium bus | X9: 6. Large Bus | Y9: 7. Light Truck | Z9: 8. Medium Truck | AA9: 9. Heavy truck | AB9: 10. Truck Trailer | AC9: 11. Motorcycles | AD9: 12. Tractors, Graders | AE9: Total Excl M/ Cycles | AF9: Total All
B10: 07.00 - 07.15 | C10: 35 | D10: 6 | E10: 3 | F10: 14 | G10: 1 | H10: 0 | I10: 1 | J10: 1 | K10: 0 | L10: 0 | M10: 28 | N10: 0 | O10: =SUM(C10:L10,N10) -> 61 | P10: =SUM(C10:N10) -> 89 | R10: 0700-0800 | S10: =SUM(C10:C13) -> 135 | T10: =SUM(D10:D13) -> 44 | U10: =SUM(E10:E13) -> 14 | V10: =SUM(F10:F13) -> 59 | W10: =SUM(G10:G13) -> 3 | X10: =SUM(H10:H13) -> 1 | Y10: =SUM(I10:I13) -> 5 | Z10: =SUM(J10:J13) -> 7 | ... AF10: =SUM(P10:P13) -> 394
B11: 07.15 - 07.30 | C11: 21 | D11: 8 | E11: 5 | F11: 15 | G11: 0 | H11: 0 | I11: 2 | J11: 2 | K11: 0 | L11: 0 | M11: 31 | N11: 0 | O11: =SUM(C11:L11,N11) -> 53 | P11: =SUM(C11:N11) -> 84 | R11: 0800-0900 | S11: =SUM(C14:C17) -> 132 | T11: =SUM(D14:D17) -> 46 | U11: =SUM(E14:E17) -> 25 | V11: =SUM(F14:F17) -> 71 | W11: =SUM(G14:G17) -> 5 | X11: =SUM(H14:H17) -> 0 | Y11: =SUM(I14:I17) -> 5 | Z11: =SUM(J14:J17) -> 6 | ... AF11: =SUM(P14:P17) -> 479
B12: 07.30 - 07.45 | C12: 38 | D12: 18 | E12: 2 | F12: 19 | G12: 1 | H12: 0 | I12: 0 | J12: 3 | K12: 0 | L12: 0 | M12: 20 | N12: 0 | O12: =SUM(C12:L12,N12) -> 81 | P12: =SUM(C12:N12) -> 101 | R12: 0900-1000 | S12: =SUM(C18:C21) -> 106 | T12: =SUM(D18:D21) -> 35 | U12: =SUM(E18:E21) -> 26 | V12: =SUM(F18:F21) -> 51 | W12: =SUM(G18:G21) -> 7 | X12: =SUM(H18:H21) -> 0 | Y12: =SUM(I18:I21) -> 16 | Z12: =SUM(J18:J21) -> 4 | ... AF12: =SUM(P18:P21) -> 422
B13: 07.45 - 08.00 | C13: 41 | D13: 12 | E13: 4 | F13: 11 | G13: 1 | H13: 1 | I13: 2 | J13: 1 | K13: 0 | L13: 0 | M13: 47 | N13: 0 | O13: =SUM(C13:L13,N13) -> 73 | P13: =SUM(C13:N13) -> 120 | R13: 1000-1100 | S13: =SUM(C22:C25) -> 133 | T13: =SUM(D22:D25) -> 32 | U13: =SUM(E22:E25) -> 26 | V13: =SUM(F22:F25) -> 46 | W13: =SUM(G22:G25) -> 5 | X13: =SUM(H22:H25) -> 0 | Y13: =SUM(I22:I25) -> 12 | Z13: =SUM(J22:J25) -> 4 | ... AF13: =SUM(P22:P25) -> 424
B14: 08.00 - 08.15 | C14: 43 | D14: 11 | E14: 7 | F14: 21 | G14: 1 | H14: 0 | I14: 0 | J14: 1 | K14: 0 | L14: 0 | M14: 52 | N14: 0 | O14: =SUM(C14:L14,N14) -> 84 | P14: =SUM(C14:N14) -> 136 | R14: 1100-1200 | S14: =SUM(C26:C29) -> 110 | T14: =SUM(D26:D29) -> 44 | U14: =SUM(E26:E29) -> 26 | V14: =SUM(F26:F29) -> 43 | W14: =SUM(G26:G29) -> 1 | X14: =SUM(H26:H29) -> 0 | Y14: =SUM(I26:I29) -> 9 | Z14: =SUM(J26:J29) -> 9 | ... AF14: =SUM(P26:P29) -> 412
B15: 08.15 - 08.30 | C15: 28 | D15: 9 | E15: 5 | F15: 20 | G15: 1 | H15: 0 | I15: 2 | J15: 1 | K15: 0 | L15: 0 | M15: 46 | N15: 0 | O15: =SUM(C15:L15,N15) -> 66 | P15: =SUM(C15:N15) -> 112 | R15: 1200-1300 | S15: =SUM(C30:C33) -> 134 | T15: =SUM(D30:D33) -> 36 | U15: =SUM(E30:E33) -> 20 | V15: =SUM(F30:F33) -> 38 | W15: =SUM(G30:G33) -> 2 | X15: =SUM(H30:H33) -> 1 | Y15: =SUM(I30:I33) -> 12 | Z15: =SUM(J30:J33) -> 5 | ... AF15: =SUM(P30:P33) -> 422
B16: 08.30 - 08.45 | C16: 31 | D16: 15 | E16: 10 | F16: 12 | G16: 2 | H16: 0 | I16: 2 | J16: 1 | K16: 0 | L16: 0 | M16: 48 | N16: 0 | O16: =SUM(C16:L16,N16) -> 73 | P16: =SUM(C16:N16) -> 121 | R16: 1300-1400 | S16: =SUM(C34:C37) -> 140 | T16: =SUM(D34:D37) -> 43 | U16: =SUM(E34:E37) -> 21 | V16: =SUM(F34:F37) -> 33 | W16: =SUM(G34:G37) -> 1 | X16: =SUM(H34:H37) -> 2 | Y16: =SUM(I34:I37) -> 7 | Z16: =SUM(J34:J37) -> 8 | ... AF16: =SUM(P34:P37) -> 409
B17: 08.45 - 9.00 | C17: 30 | D17: 11 | E17: 3 | F17: 18 | G17: 1 | H17: 0 | I17: 1 | J17: 3 | K17: 0 | L17: 0 | M17: 43 | N17: 0 | O17: =SUM(C17:L17,N17) -> 67 | P17: =SUM(C17:N17) -> 110 | R17: 1400-1500 | S17: =SUM(C38:C41) -> 120 | T17: =SUM(D38:D41) -> 34 | U17: =SUM(E38:E41) -> 25 | V17: =SUM(F38:F41) -> 33 | W17: =SUM(G38:G41) -> 2 | X17: =SUM(H38:H41) -> 0 | Y17: =SUM(I38:I41) -> 8 | Z17: =SUM(J38:J41) -> 8 | ... AF17: =SUM(P38:P41) -> 367
B18: 09.00 - 09.15 | C18: 25 | D18: 13 | E18: 5 | F18: 23 | G18: 1 | H18: 0 | I18: 5 | J18: 1 | K18: 0 | L18: 0 | M18: 53 | N18: 0 | O18: =SUM(C18:L18,N18) -> 73 | P18: =SUM(C18:N18) -> 126 | R18: 1500-1600 | S18: =SUM(C42:C45) -> 159 | T18: =SUM(D42:D45) -> 43 | U18: =SUM(E42:E45) -> 17 | V18: =SUM(F42:F45) -> 60 | W18: =SUM(G42:G45) -> 2 | X18: =SUM(H42:H45) -> 0 | Y18: =SUM(I42:I45) -> 10 | Z18: =SUM(J42:J45) -> 8 | ... AF18: =SUM(P42:P45) -> 436
B19: 09.15 - 09.30 | C19: 28 | D19: 12 | E19: 12 | F19: 12 | G19: 2 | H19: 0 | I19: 3 | J19: 1 | K19: 0 | L19: 0 | M19: 48 | N19: 0 | O19: =SUM(C19:L19,N19) -> 70 | P19: =SUM(C19:N19) -> 118 | R19: 1600-1700 | S19: =SUM(C46:C49) -> 143 | T19: =SUM(D46:D49) -> 39 | U19: =SUM(E46:E49) -> 15 | V19: =SUM(F46:F49) -> 53 | W19: =SUM(G46:G49) -> 2 | X19: =SUM(H46:H49) -> 1 | Y19: =SUM(I46:I49) -> 9 | Z19: =SUM(J46:J49) -> 10 | ... AF19: =SUM(P46:P49) -> 428
B20: 09.30 - 09.45 | C20: 30 | D20: 5 | E20: 5 | F20: 8 | G20: 2 | H20: 0 | I20: 5 | J20: 2 | K20: 0 | L20: 1 | M20: 40 | N20: 0 | O20: =SUM(C20:L20,N20) -> 58 | P20: =SUM(C20:N20) -> 98 | R20: 1700-1800 | S20: =SUM(C50:C53) -> 208 | T20: =SUM(D50:D53) -> 65 | U20: =SUM(E50:E53) -> 19 | V20: =SUM(F50:F53) -> 39 | W20: =SUM(G50:G53) -> 3 | X20: =SUM(H50:H53) -> 0 | Y20: =SUM(I50:I53) -> 8 | Z20: =SUM(J50:J53) -> 4 | ... AF20: =SUM(P50:P53) -> 518
B21: 09.45 - 10.00 | C21: 23 | D21: 5 | E21: 4 | F21: 8 | G21: 2 | H21: 0 | I21: 3 | J21: 0 | K21: 0 | L21: 0 | M21: 35 | N21: 0 | O21: =SUM(C21:L21,N21) -> 45 | P21: =SUM(C21:N21) -> 80 | R21: 1800-1900 | S21: =SUM(C54:C57) -> 190 | T21: =SUM(D54:D57) -> 50 | U21: =SUM(E54:E57) -> 30 | V21: =SUM(F54:F57) -> 45 | W21: =SUM(G54:G57) -> 1 | X21: =SUM(H54:H57) -> 0 | Y21: =SUM(I54:I57) -> 10 | Z21: =SUM(J54:J57) -> 4 | ... AF21: =SUM(P54:P57) -> 565
B22: 10.00 - 10.15 | C22: 22 | D22: 9 | E22: 10 | F22: 18 | G22: 2 | H22: 0 | I22: 4 | J22: 1 | K22: 0 | L22: 0 | M22: 40 | N22: 0 | O22: =SUM(C22:L22,N22) -> 66 | P22: =SUM(C22:N22) -> 106 | R22: AM Peak Hr | S22: =MAX(S10:S12) -> 135 | T22: =MAX(T10:T12) -> 46 | U22: =MAX(U10:U12) -> 26 | V22: =MAX(V10:V12) -> 71 | W22: =MAX(W10:W12) -> 7 | X22: =MAX(X10:X12) -> 1 | Y22: =MAX(Y10:Y12) -> 16 | Z22: =MAX(Z10:Z12) -> 7 | ... AF22: =MAX(AF10:AF12) -> 479
B23: 10.15 - 10.30 | C23: 36 | D23: 5 | E23: 6 | F23: 13 | G23: 1 | H23: 0 | I23: 3 | J23: 0 | K23: 0 | L23: 0 | M23: 51 | N23: 0 | O23: =SUM(C23:L23,N23) -> 64 | P23: =SUM(C23:N23) -> 115 | R23: IP Peak Hr | S23: =MAX(S13:S18) -> 159 | T23: =MAX(T13:T18) -> 44 | U23: =MAX(U13:U18) -> 26 | V23: =MAX(V13:V18) -> 60 | W23: =MAX(W13:W18) -> 5 | X23: =MAX(X13:X18) -> 2 | Y23: =MAX(Y13:Y18) -> 12 | Z23: =MAX(Z13:Z18) -> 9 | ... AF23: =MAX(AF13:AF18) -> 436
B24: 10.30 - 10.45 | C24: 36 | D24: 7 | E24: 4 | F24: 6 | G24: 2 | H24: 0 | I24: 1 | J24: 1 | K24: 0 | L24: 0 | M24: 28 | N24: 0 | O24: =SUM(C24:L24,N24) -> 57 | P24: =SUM(C24:N24) -> 85 | R24: PM Peak Hr | S24: =MAX(S19:S21) -> 208 | T24: =MAX(T19:T21) -> 65 | U24: =MAX(U19:U21) -> 30 | V24: =MAX(V19:V21) -> 53 | W24: =MAX(W19:W21) -> 3 | X24: =MAX(X19:X21) -> 1 | Y24: =MAX(Y19:Y21) -> 10 | Z24: =MAX(Z19:Z21) -> 10 | ... AF24: =MAX(AF19:AF21) -> 565
B25: 10.45 - 11.00 | C25: 39 | D25: 11 | E25: 6 | F25: 9 | G25: 0 | H25: 0 | I25: 4 | J25: 2 | K25: 0 | L25: 0 | M25: 47 | N25: 0 | O25: =SUM(C25:L25,N25) -> 71 | P25: =SUM(C25:N25) -> 118 | R25: AM Period | S25: =SUM(S10:S12) -> 373 | T25: =SUM(T10:T12) -> 125 | U25: =SUM(U10:U12) -> 65 | V25: =SUM(V10:V12) -> 181 | W25: =SUM(W10:W12) -> 15 | X25: =SUM(X10:X12) -> 1 | Y25: =SUM(Y10:Y12) -> 26 | Z25: =SUM(Z10:Z12) -> 17 | ... AF25: =SUM(AF10:AF12) -> 1295
B26: 11.00 - 11.15 | C26: 26 | D26: 13 | E26: 3 | F26: 12 | G26: 1 | H26: 0 | I26: 2 | J26: 4 | K26: 0 | L26: 0 | M26: 42 | N26: 0 | O26: =SUM(C26:L26,N26) -> 61 | P26: =SUM(C26:N26) -> 103 | R26: IP Period | S26: =SUM(S13:S18) -> 796 | T26: =SUM(T13:T18) -> 232 | U26: =SUM(U13:U18) -> 135 | V26: =SUM(V13:V18) -> 253 | W26: =SUM(W13:W18) -> 13 | X26: =SUM(X13:X18) -> 3 | Y26: =SUM(Y13:Y18) -> 58 | Z26: =SUM(Z13:Z18) -> 42 | ... AF26: =SUM(AF13:AF18) -> 2470
B27: 11.15 - 11.30 | C27: 21 | D27: 12 | E27: 8 | F27: 7 | G27: 0 | H27: 0 | I27: 1 | J27: 2 | K27: 0 | L27: 0 | M27: 35 | N27: 0 | O27: =SUM(C27:L27,N27) -> 51 | P27: =SUM(C27:N27) -> 86 | R27: PM Period | S27: =SUM(S19:S21) -> 541 | T27: =SUM(T19:T21) -> 154 | U27: =SUM(U19:U21) -> 64 | V27: =SUM(V19:V21) -> 137 | W27: =SUM(W19:W21) -> 6 | X27: =SUM(X19:X21) -> 1 | Y27: =SUM(Y19:Y21) -> 27 | Z27: =SUM(Z19:Z21) -> 18 | ... AF27: =SUM(AF19:AF21) -> 1511
B28: 11.30 - 11.45 | C28: 23 | D28: 8 | E28: 8 | F28: 15 | G28: 0 | H28: 0 | I28: 4 | J28: 0 | K28: 0 | L28: 0 | M28: 35 | N28: 0 | O28: =SUM(C28:L28,N28) -> 58 | P28: =SUM(C28:N28) -> 93 | R28: 12 Hours | S28: =SUM(S10:S21) -> 1710 | T28: =SUM(T10:T21) -> 511 | U28: =SUM(U10:U21) -> 264 | V28: =SUM(V10:V21) -> 571 | W28: =SUM(W10:W21) -> 34 | X28: =SUM(X10:X21) -> 5 | Y28: =SUM(Y10:Y21) -> 111 | Z28: =SUM(Z10:Z21) -> 77 | ... AF28: =SUM(AF10:AF21) -> 5276
B29: 11.45 - 12.00 | C29: 40 | D29: 11 | E29: 7 | F29: 9 | G29: 0 | H29: 0 | I29: 2 | J29: 3 | K29: 0 | L29: 0 | M29: 58 | N29: 0 | O29: =SUM(C29:L29,N29) -> 72 | P29: =SUM(C29:N29) -> 130
B30: 12.00 - 12.15 | C30: 38 | D30: 10 | E30: 8 | F30: 14 | G30: 0 | H30: 0 | I30: 6 | J30: 2 | K30: 0 | L30: 0 | M30: 52 | N30: 0 | O30: =SUM(C30:L30,N30) -> 78 | P30: =SUM(C30:N30) -> 130
B31: 12.15 - 12.30 | C31: 36 | D31: 5 | E31: 5 | F31: 12 | G31: 0 | H31: 0 | I31: 2 | J31: 3 | K31: 0 | L31: 0 | M31: 46 | N31: 0 | O31: =SUM(C31:L31,N31) -> 63 | P31: =SUM(C31:N31) -> 109
B32: 12.30 - 12.45 | C32: 31 | D32: 10 | E32: 3 | F32: 6 | G32: 0 | H32: 0 | I32: 3 | J32: 0 | K32: 1 | L32: 0 | M32: 40 | N32: 0 | O32: =SUM(C32:L32,N32) -> 54 | P32: =SUM(C32:N32) -> 94
B33: 12.45 - 13.00 | C33: 29 | D33: 11 | E33: 4 | F33: 6 | G33: 2 | H33: 1 | I33: 1 | J33: 0 | K33: 0 | L33: 0 | M33: 35 | N33: 0 | O33: =SUM(C33:L33,N33) -> 54 | P33: =SUM(C33:N33) -> 89
B34: 13.00 - 13.15 | C34: 46 | D34: 9 | E34: 2 | F34: 12 | G34: 1 | H34: 0 | I34: 2 | J34: 4 | K34: 1 | L34: 0 | M34: 30 | N34: 0 | O34: =SUM(C34:L34,N34) -> 77 | P34: =SUM(C34:N34) -> 107
B35: 13.15 - 13.30 | C35: 34 | D35: 11 | E35: 5 | F35: 10 | G35: 0 | H35: 1 | I35: 2 | J35: 3 | K35: 0 | L35: 0 | M35: 54 | O35: =SUM(C35:L35,N35) -> 66 | P35: =SUM(C35:N35) -> 120
B36: 13.30 - 13.45 | C36: 35 | D36: 10 | E36: 9 | F36: 7 | G36: 0 | H36: 1 | I36: 2 | J36: 0 | K36: 0 | L36: 0 | M36: 43 | N36: 0 | O36: =SUM(C36:L36,N36) -> 64 | P36: =SUM(C36:N36) -> 107
B37: 13.45 - 14.00 | C37: 25 | D37: 13 | E37: 5 | F37: 4 | G37: 0 | H37: 0 | I37: 1 | J37: 1 | K37: 0 | L37: 0 | M37: 26 | N37: 0 | O37: =SUM(C37:L37,N37) -> 49 | P37: =SUM(C37:N37) -> 75
B38: 14.00 - 14.15 | C38: 27 | D38: 6 | E38: 7 | F38: 9 | G38: 0 | H38: 0 | I38: 1 | J38: 2 | K38: 0 | L38: 1 | M38: 30 | N38: 0 | O38: =SUM(C38:L38,N38) -> 53 | P38: =SUM(C38:N38) -> 83
B39: 14.15 - 14.30 | C39: 28 | D39: 5 | E39: 3 | F39: 5 | G39: 1 | H39: 0 | I39: 3 | J39: 1 | K39: 1 | L39: 0 | M39: 35 | N39: 0 | O39: =SUM(C39:L39,N39) -> 47 | P39: =SUM(C39:N39) -> 82
B40: 14.30 - 14.45 | C40: 33 | D40: 12 | E40: 6 | F40: 10 | G40: 1 | H40: 0 | I40: 1 | J40: 3 | K40: 0 | L40: 0 | M40: 30 | N40: 0 | O40: =SUM(C40:L40,N40) -> 66 | P40: =SUM(C40:N40) -> 96
B41: 14.45 - 15.00 | C41: 32 | D41: 11 | E41: 9 | F41: 9 | G41: 0 | H41: 0 | I41: 3 | J41: 2 | K41: 0 | L41: 0 | M41: 40 | N41: 0 | O41: =SUM(C41:L41,N41) -> 66 | P41: =SUM(C41:N41) -> 106
B42: 15.00 - 15.15 | C42: 35 | D42: 8 | E42: 5 | F42: 13 | G42: 0 | H42: 0 | I42: 2 | J42: 2 | K42: 0 | L42: 0 | M42: 40 | N42: 0 | O42: =SUM(C42:L42,N42) -> 65 | P42: =SUM(C42:N42) -> 105
B43: 15.15 - 15.30 | C43: 38 | D43: 10 | E43: 5 | F43: 18 | G43: 1 | H43: 0 | I43: 1 | J43: 2 | K43: 1 | L43: 0 | M43: 32 | N43: 0 | O43: =SUM(C43:L43,N43) -> 76 | P43: =SUM(C43:N43) -> 108
B44: 15.30 - 15.45 | C44: 44 | D44: 15 | E44: 2 | F44: 9 | G44: 0 | H44: 0 | I44: 5 | J44: 2 | K44: 0 | L44: 0 | M44: 34 | N44: 0 | O44: =SUM(C44:L44,N44) -> 77 | P44: =SUM(C44:N44) -> 111
B45: 15.45 - 16.00 | C45: 42 | D45: 10 | E45: 5 | F45: 20 | G45: 1 | H45: 0 | I45: 2 | J45: 2 | K45: 0 | L45: 0 | M45: 30 | N45: 0 | O45: =SUM(C45:L45,N45) -> 82 | P45: =SUM(C45:N45) -> 112
B46: 16.00 - 16.15 | C46: 33 | D46: 6 | E46: 6 | F46: 13 | G46: 1 | H46: 1 | I46: 2 | J46: 4 | K46: 0 | L46: 0 | M46: 30 | N46: 0 | O46: =SUM(C46:L46,N46) -> 66 | P46: =SUM(C46:N46) -> 96
B47: 16.15 -16.30 | C47: 30 | D47: 7 | E47: 4 | F47: 13 | G47: 1 | H47: 0 | I47: 1 | J47: 3 | K47: 0 | L47: 0 | M47: 45 | N47: 0 | O47: =SUM(C47:L47,N47) -> 59 | P47: =SUM(C47:N47) -> 104
... B57: 18.45 - 19.00 | C57: 45 | D57: 13 | E57: 5 | F57: 10 | G57: 1 | H57: 0 | I57: 3 | J57: 0 | K57: 0 | L57: 0 | M57: 69 | N57: 0 | O57: =SUM(C57:L57,N57) -> 77 | P57: =SUM(C57:N57) -> 146
B58: Totals | C58: =SUM(C10:C57) -> 1710 | D58: =SUM(D10:D57) -> 511 | E58: =SUM(E10:E57) -> 264 | F58: =SUM(F10:F57) -> 571 | G58: =SUM(G10:G57) -> 34 | H58: =SUM(H10:H57) -> 5 | I58: =SUM(I10:I57) -> 111 | J58: =SUM(J10:J57) -> 77 | ... P58: =SUM(P10:P57) -> 5276
B59: %ges + MCs | C59: =C58/$P$58 -> 0.32410917 | D59: =D58/$P$58 -> 0.096853677 | E59: =E58/$P$58 -> 0.050037908 | F59: =F58/$P$58 -> 0.10822593 | G59: =G58/$P$58 -> 0.006444276 | H59: =H58/$P$58 -> 0.00094768764 | I59: =I58/$P$58 -> 0.021038666 | J59: =J58/$P$58 -> 0.01459439 | ... N59: =N58/$P$58 -> 0
B60: %ges w/o MCs | C60: =C58/$O$58 -> 0.51944107 | D60: =D58/$O$58 -> 0.15522479 | E60: =E58/$O$58 -> 0.080194411 | F60: =F58/$O$58 -> 0.17345079 | G60: =G58/$O$58 -> 0.010328068 | H60: =H58/$O$58 -> 0.0015188335 | I60: =I58/$O$58 -> 0.033718104 | J60: =J58/$O$58 -> 0.023390036 | ... L60: =L58/$O$58 -> 0.00060753341 | N60: =N58/$O$58 -> 0

Sheet 24.09 Munyonyo-Gaba
B1: Consultancy services for Preparation of Expressway Development Master Plan (EDMP) for Uganda
B2: MANUAL CLASSIFIED COUNT (MCC)
B3: ROAD NAME: | C3: ='[1]24.09.2019 GGABA RD-MUNYONYO '!C3:G3 -> MCC-C2-STN52-WAVAMUNNO
C5: Date | D5: ='[1]24.09.2019 GGABA RD-MUNYONYO '!D5 -> 24.09.19 | F5: Location | G5: ='[1]24.09.2019 GGABA RD-MUNYONYO '!G5:H5 -> FUSION AUTO SPA | J5: Surveyor | K5: AMANDU EMMANUEL
C6: Dir. From | D6: MUNYONYO | F6: Dir. To | G6: GGABA ROAD | J6: Supervisor | K6: ='[1]24.09.2019 GGABA RD-MUNYONYO '!K6:L6 -> STEVEN
B8: Time / Veh Type | R8: SUMMARY TRAFFIC VOLUMES
C9: 1. Car | D9: 2. Station Wagon | E9: 3. Pickups | F9: 4. Minibus, matatu | G9: 5. Medium bus | H9: 6. Large Bus | I9: 7. Light Truck | J9: 8. Medium Truck | K9: 9. Heavy truck | L9: 10. Truck Trailer | M9: 11. Motor cycles | N9: 12. Tractors | O9: Total Excl M/Cycles | P9: Total All | R9: Time | S9: 1. Car | T9: 2. Station Wagon | U9: 3. Pickups | V9: 4. Minibus, matatu | W9: 5. Medium bus | X9: 6. Large Bus | Y9: 7. Light Truck | Z9: 8. Medium Truck | AA9: 9. Heavy truck | AB9: 10. Truck Trailer | AC9: 11. Motorcycles | AD9: 12. Tractors, Graders | AE9: Total Excl M/ Cycles | AF9: Total All
B10: 07.00 - 07.15 | C10: 37 | D10: 18 | E10: 3 | F10: 11 | G10: 0 | H10: 0 | I10: 0 | J10: 1 | K10: 0 | L10: 0 | M10: 31 | N10: 0 | O10: =SUM(C10:L10,N10) -> 70 | P10: =SUM(C10:N10) -> 101 | R10: 0700-0800 | S10: =SUM(C10:C13) -> 100 | T10: =SUM(D10:D13) -> 71 | U10: =SUM(E10:E13) -> 10 | V10: =SUM(F10:F13) -> 45 | W10: =SUM(G10:G13) -> 1 | X10: =SUM(H10:H13) -> 0 | Y10: =SUM(I10:I13) -> 3 | Z10: =SUM(J10:J13) -> 2 | ... AF10: =SUM(P10:P13) -> 327
B11: 07.15 - 07.30 | C11: 25 | D11: 22 | E11: 6 | F11: 21 | G11: 1 | H11: 0 | I11: 1 | J11: 0 | K11: 0 | L11: 0 | M11: 28 | N11: 0 | O11: =SUM(C11:L11,N11) -> 76 | P11: =SUM(C11:N11) -> 104 | R11: 0800-0900 | S11: =SUM(C14:C17) -> 52 | T11: =SUM(D14:D17) -> 58 | U11: =SUM(E14:E17) -> 18 | V11: =SUM(F14:F17) -> 52 | W11: =SUM(G14:G17) -> 1 | X11: =SUM(H14:H17) -> 0 | Y11: =SUM(I14:I17) -> 6 | Z11: =SUM(J14:J17) -> 2 | ... AF11: =SUM(P14:P17) -> 292
B12: 07.30 - 07.45 | C12: 20 | D12: 20 | E12: 1 | F12: 11 | G12: 0 | H12: 0 | I12: 2 | J12: 0 | K12: 0 | L12: 0 | M12: 12 | N12: 0 | O12: =SUM(C12:L12,N12) -> 54 | P12: =SUM(C12:N12) -> 66 | R12: 0900-1000 | S12: =SUM(C18:C21) -> 39 | T12: =SUM(D18:D21) -> 53 | U12: =SUM(E18:E21) -> 17 | V12: =SUM(F18:F21) -> 57 | W12: =SUM(G18:G21) -> 0 | X12: =SUM(H18:H21) -> 0 | Y12: =SUM(I18:I21) -> 7 | Z12: =SUM(J18:J21) -> 5 | ... AF12: =SUM(P18:P21) -> 268
B13: 07.45 - 08.00 | C13: 18 | D13: 11 | E13: 0 | F13: 2 | G13: 0 | H13: 0 | I13: 0 | J13: 1 | K13: 0 | L13: 0 | M13: 24 | N13: 0 | O13: =SUM(C13:L13,N13) -> 32 | P13: =SUM(C13:N13) -> 56 | R13: 1000-1100 | S13: =SUM(C22:C25) -> 53 | T13: =SUM(D22:D25) -> 57 | U13: =SUM(E22:E25) -> 4 | V13: =SUM(F22:F25) -> 42 | W13: =SUM(G22:G25) -> 2 | X13: =SUM(H22:H25) -> 1 | Y13: =SUM(I22:I25) -> 5 | Z13: =SUM(J22:J25) -> 4 | ... AF13: =SUM(P22:P25) -> 236
B14: 08.00 - 08.15 | C14: 11 | D14: 26 | E14: 3 | F14: 10 | G14: 1 | H14: 0 | I14: 2 | J14: 0 | K14: 0 | L14: 0 | M14: 28 | N14: 0 | O14: =SUM(C14:L14,N14) -> 53 | P14: =SUM(C14:N14) -> 81 | R14: 1100-1200 | S14: =SUM(C26:C29) -> 48 | T14: =SUM(D26:D29) -> 67 | U14: =SUM(E26:E29) -> 4 | V14: =SUM(F26:F29) -> 33 | W14: =SUM(G26:G29) -> 1 | X14: =SUM(H26:H29) -> 0 | Y14: =SUM(I26:I29) -> 8 | Z14: =SUM(J26:J29) -> 1 | ... AF14: =SUM(P26:P29) -> 255
B15: 08.15 - 08.30 | C15: 18 | D15: 11 | E15: 8 | F15: 12 | G15: 0 | H15: 0 | I15: 0 | J15: 2 | K15: 1 | L15: 0 | M15: 25 | N15: 0 | O15: =SUM(C15:L15,N15) -> 52 | P15: =SUM(C15:N15) -> 77 | R15: 1200-1300 | S15: =SUM(C30:C33) -> 44 | T15: =SUM(D30:D33) -> 55 | U15: =SUM(E30:E33) -> 19 | V15: =SUM(F30:F33) -> 52 | W15: =SUM(G30:G33) -> 2 | X15: =SUM(H30:H33) -> 0 | Y15: =SUM(I30:I33) -> 6 | Z15: =SUM(J30:J33) -> 6 | ... AF15: =SUM(P30:P33) -> 276
B16: 08.30 - 08.45 | C16: 13 | D16: 13 | E16: 3 | F16: 10 | G16: 0 | H16: 0 | I16: 3 | J16: 0 | K16: 0 | L16: 0 | M16: 21 | N16: 0 | O16: =SUM(C16:L16,N16) -> 42 | P16: =SUM(C16:N16) -> 63 | R16: 1300-1400 | S16: =SUM(C34:C38) -> 52 | T16: =SUM(D34:D38) -> 49 | U16: =SUM(E34:E38) -> 16 | V16: =SUM(F34:F38) -> 45 | W16: =SUM(G34:G38) -> 3 | X16: =SUM(H34:H38) -> 0 | Y16: =SUM(I34:I38) -> 6 | Z16: =SUM(J34:J38) -> 1 | ... AC16: =SUM(M34:M38) -> 131 | AD16: =SUM(N34:N37) -> 0 | AE16: =SUM(O34:O37) -> 136 | AF16: =SUM(P34:P37) -> 245
B17: 08.45 - 9.00 | C17: 10 | D17: 8 | E17: 4 | F17: 20 | G17: 0 | H17: 0 | I17: 1 | J17: 0 | K17: 0 | L17: 0 | M17: 28 | N17: 0 | O17: =SUM(C17:L17,N17) -> 43 | P17: =SUM(C17:N17) -> 71 | R17: 1400-1500 | S17: =SUM(C39:C42) -> 57 | T17: =SUM(D39:D42) -> 50 | U17: =SUM(E39:E42) -> 11 | V17: =SUM(F39:F42) -> 29 | W17: =SUM(G39:G42) -> 3 | X17: =SUM(H39:H42) -> 0 | Y17: =SUM(I39:I42) -> 11 | Z17: =SUM(J39:J42) -> 4 | ... AC17: =SUM(M39:M42) -> 112 | AD17: =SUM(N38:N41) -> 0 | AE17: =SUM(O38:O41) -> 141 | AF17: =SUM(P38:P41) -> 244
B18: 09.00 - 09.15 | C18: 12 | D18: 17 | E18: 6 | F18: 11 | G18: 0 | H18: 0 | I18: 1 | J18: 0 | K18: 0 | L18: 0 | M18: 31 | N18: 0 | O18: =SUM(C18:L18,N18) -> 47 | P18: =SUM(C18:N18) -> 78 | R18: 1500-1600 | S18: =SUM(C43:C46) -> 42 | T18: =SUM(D43:D46) -> 56 | U18: =SUM(E43:E46) -> 6 | V18: =SUM(F43:F46) -> 49 | W18: =SUM(G43:G46) -> 0 | X18: =SUM(H43:H46) -> 0 | Y18: =SUM(I43:I46) -> 10 | Z18: =SUM(J43:J46) -> 2 | ... AC18: =SUM(M43:M46) -> 98 | AD18: =SUM(N42:N45) -> 0 | AE18: =SUM(O42:O45) -> 175 | AF18: =SUM(P42:P45) -> 280
B19: 09.15 - 09.30 | C19: 9 | D19: 14 | E19: 9 | F19: 22 | G19: 0 | H19: 0 | I19: 4 | J19: 3 | K19: 1 | L19: 0 | M19: 24 | N19: 0 | O19: =SUM(C19:L19,N19) -> 62 | P19: =SUM(C19:N19) -> 86 | R19: 1600-1700 | S19: =SUM(C47:C50) -> 44 | T19: =SUM(D47:D50) -> 57 | U19: =SUM(E47:E50) -> 16 | V19: =SUM(F47:F50) -> 53 | W19: =SUM(G47:G50) -> 0 | X19: =SUM(H47:H50) -> 0 | Y19: =SUM(I47:I50) -> 2 | Z19: =SUM(J47:J50) -> 0 | ... AC19: =SUM(M47:M50) -> 101 | AD19: =SUM(N46:N49) -> 0 | AE19: =SUM(O46:O49) -> 193 | AF19: =SUM(P46:P49) -> 303
B20: 09.30 - 09.45 | C20: 9 | D20: 11 | E20: 2 | F20: 8 | G20: 0 | H20: 0 | I20: 1 | J20: 1 | K20: 0 | L20: 0 | M20: 18 | N20: 0 | O20: =SUM(C20:L20,N20) -> 32 | P20: =SUM(C20:N20) -> 50 | R20: 1700-1800 | S20: =SUM(C51:C53) -> 26 | T20: =SUM(D51:D53) -> 45 | U20: =SUM(E51:E53) -> 4 | V20: =SUM(F51:F53) -> 23 | W20: =SUM(G51:G53) -> 2 | X20: =SUM(H51:H53) -> 0 | Y20: =SUM(I51:I53) -> 4 | Z20: =SUM(J51:J53) -> 2 | ... AC20: =SUM(M51:M53) -> 70 | AD20: =SUM(N50:N53) -> 0 | AE20: =SUM(O50:O53) -> 138 | AF20: =SUM(P50:P53) -> 223
B21: 09.45 - 10.00 | C21: 9 | D21: 11 | E21: 0 | F21: 16 | G21: 0 | H21: 0 | I21: 1 | J21: 1 | K21: 0 | L21: 0 | M21: 16 | N21: 0 | O21: =SUM(C21:L21,N21) -> 38 | P21: =SUM(C21:N21) -> 54 | R21: 1800-1900 | S21: =SUM(C54:C57) -> 44 | T21: =SUM(D54:D57) -> 51 | U21: =SUM(E54:E57) -> 35 | V21: =SUM(F54:F57) -> 73 | W21: =SUM(G54:G57) -> 1 | X21: =SUM(H54:H57) -> 1 | Y21: =SUM(I54:I57) -> 6 | Z21: =SUM(J54:J57) -> 2 | ... AF21: =SUM(P54:P57) -> 343
B22: 10.00 - 10.15 | C22: 11 | D22: 5 | E22: 1 | F22: 16 | G22: 0 | H22: 0 | I22: 1 | J22: 2 | K22: 0 | L22: 0 | M22: 17 | N22: 0 | O22: =SUM(C22:L22,N22) -> 36 | P22: =SUM(C22:N22) -> 53 | R22: AM Peak Hr | S22: =MAX(S10:S12) -> 100 | T22: =MAX(T10:T12) -> 71 | U22: =MAX(U10:U12) -> 18 | V22: =MAX(V10:V12) -> 57 | W22: =MAX(W10:W12) -> 1 | X22: =MAX(X10:X12) -> 0 | Y22: =MAX(Y10:Y12) -> 7 | Z22: =MAX(Z10:Z12) -> 5 | ... AF22: =MAX(AF10:AF12) -> 327
B23: 10.15 - 10.30 | C23: 14 | D23: 15 | E23: 0 | F23: 5 | G23: 2 | H23: 1 | I23: 3 | J23: 1 | K23: 0 | L23: 0 | M23: 14 | N23: 0 | O23: =SUM(C23:L23,N23) -> 41 | P23: =SUM(C23:N23) -> 55 | R23: IP Peak Hr | S23: =MAX(S13:S18) -> 57 | T23: =MAX(T13:T18) -> 67 | U23: =MAX(U13:U18) -> 19 | V23: =MAX(V13:V18) -> 52 | W23: =MAX(W13:W18) -> 3 | X23: =MAX(X13:X18) -> 1 | Y23: =MAX(Y13:Y18) -> 11 | Z23: =MAX(Z13:Z18) -> 6 | ... AF23: =MAX(AF13:AF18) -> 280
B24: 10.30 - 10.45 | C24: 11 | D24: 21 | E24: 3 | F24: 5 | G24: 0 | H24: 0 | I24: 1 | J24: 0 | K24: 0 | L24: 0 | M24: 25 | N24: 0 | O24: =SUM(C24:L24,N24) -> 41 | P24: =SUM(C24:N24) -> 66 | R24: PM Peak Hr | S24: =MAX(S19:S21) -> 44 | T24: =MAX(T19:T21) -> 57 | U24: =MAX(U19:U21) -> 35 | V24: =MAX(V19:V21) -> 73 | W24: =MAX(W19:W21) -> 2 | X24: =MAX(X19:X21) -> 1 | Y24: =MAX(Y19:Y21) -> 6 | Z24: =MAX(Z19:Z21) -> 2 | ... AF24: =MAX(AF19:AF21) -> 343
B25: 10.45 - 11.00 | C25: 17 | D25: 16 | E25: 0 | F25: 16 | G25: 0 | H25: 0 | I25: 0 | J25: 1 | K25: 0 | L25: 0 | M25: 12 | N25: 0 | O25: =SUM(C25:L25,N25) -> 50 | P25: =SUM(C25:N25) -> 62 | R25: AM Period | S25: =SUM(S10:S12) -> 191 | T25: =SUM(T10:T12) -> 182 | U25: =SUM(U10:U12) -> 45 | V25: =SUM(V10:V12) -> 154 | W25: =SUM(W10:W12) -> 2 | X25: =SUM(X10:X12) -> 0 | Y25: =SUM(Y10:Y12) -> 16 | Z25: =SUM(Z10:Z12) -> 9 | ... AF25: =SUM(AF10:AF12) -> 887
B26: 11.00 - 11.15 | C26: 8 | D26: 18 | E26: 1 | F26: 10 | G26: 0 | H26: 0 | I26: 0 | J26: 0 | K26: 0 | L26: 0 | M26: 16 | N26: 0 | O26: =SUM(C26:L26,N26) -> 37 | P26: =SUM(C26:N26) -> 53 | R26: IP Period | S26: =SUM(S13:S18) -> 296 | T26: =SUM(T13:T18) -> 334 | U26: =SUM(U13:U18) -> 60 | V26: =SUM(V13:V18) -> 250 | W26: =SUM(W13:W18) -> 11 | X26: =SUM(X13:X18) -> 1 | Y26: =SUM(Y13:Y18) -> 46 | Z26: =SUM(Z13:Z18) -> 18 | ... AF26: =SUM(AF13:AF18) -> 1536
B27: 11.15 - 11.30 | C27: 14 | D27: 19 | E27: 1 | F27: 7 | G27: 1 | H27: 0 | I27: 2 | J27: 0 | K27: 0 | L27: 1 | M27: 34 | N27: 0 | O27: =SUM(C27:L27,N27) -> 45 | P27: =SUM(C27:N27) -> 79 | R27: PM Period | S27: =SUM(S19:S21) -> 114 | T27: =SUM(T19:T21) -> 153 | U27: =SUM(U19:U21) -> 55 | V27: =SUM(V19:V21) -> 149 | W27: =SUM(W19:W21) -> 3 | X27: =SUM(X19:X21) -> 1 | Y27: =SUM(Y19:Y21) -> 12 | Z27: =SUM(Z19:Z21) -> 4 | ... AF27: =SUM(AF19:AF21) -> 869
B28: 11.30 - 11.45 | C28: 9 | D28: 12 | E28: 2 | F28: 7 | G28: 0 | H28: 0 | I28: 5 | J28: 1 | K28: 0 | L28: 0 | M28: 22 | N28: 0 | O28: =SUM(C28:L28,N28) -> 36 | P28: =SUM(C28:N28) -> 58 | R28: 12 Hours | S28: =SUM(S10:S21) -> 601 | T28: =SUM(T10:T21) -> 669 | U28: =SUM(U10:U21) -> 160 | V28: =SUM(V10:V21) -> 553 | W28: =SUM(W10:W21) -> 16 | X28: =SUM(X10:X21) -> 2 | Y28: =SUM(Y10:Y21) -> 74 | Z28: =SUM(Z10:Z21) -> 31 | ... AF28: =SUM(AF10:AF21) -> 3292
B29: 11.45 - 12.00 | C29: 17 | D29: 18 | E29: 0 | F29: 9 | G29: 0 | H29: 0 | I29: 1 | J29: 0 | K29: 0 | L29: 0 | M29: 20 | N29: 0 | O29: =SUM(C29:L29,N29) -> 45 | P29: =SUM(C29:N29) -> 65
B30: 12.00 - 12.15 | C30: 13 | D30: 16 | E30: 3 | F30: 8 | G30: 0 | H30: 0 | I30: 2 | J30: 2 | K30: 0 | L30: 0 | M30: 28 | N30: 0 | O30: =SUM(C30:L30,N30) -> 44 | P30: =SUM(C30:N30) -> 72
B31: 12.15 - 12.30 | C31: 13 | D31: 21 | E31: 6 | F31: 12 | G31: 0 | H31: 0 | I31: 1 | J31: 2 | K31: 0 | L31: 0 | M31: 27 | N31: 0 | O31: =SUM(C31:L31,N31) -> 55 | P31: =SUM(C31:N31) -> 82
B32: 12.30 - 12.45 | C32: 8 | D32: 7 | E32: 6 | F32: 16 | G32: 2 | H32: 0 | I32: 0 | J32: 0 | K32: 0 | L32: 0 | M32: 21 | N32: 0 | O32: =SUM(C32:L32,N32) -> 39 | P32: =SUM(C32:N32) -> 60
B33: 12.45 - 13.00 | C33: 10 | D33: 11 | E33: 4 | F33: 16 | G33: 0 | H33: 0 | I33: 3 | J33: 2 | K33: 0 | L33: 0 | M33: 16 | N33: 0 | O33: =SUM(C33:L33,N33) -> 46 | P33: =SUM(C33:N33) -> 62
B34: 13.00 - 13.15 | C34: 13 | D34: 6 | E34: 1 | F34: 11 | G34: 3 | H34: 0 | I34: 0 | J34: 0 | K34: 0 | L34: 0 | M34: 16 | N34: 0 | O34: =SUM(C34:L34,N34) -> 34 | P34: =SUM(C34:N34) -> 50
B35: 13.15 - 13.30 | C35: 8 | D35: 13 | E35: 3 | F35: 18 | G35: 0 | H35: 0 | I35: 1 | J35: 1 | K35: 0 | L35: 0 | M35: 28 | N35: 0 | O35: =SUM(C35:L35,N35) -> 44 | P35: =SUM(C35:N35) -> 72
B36: 13.30 - 13.45 | C36: 11 | D36: 8 | E36: 5 | F36: 1 | G36: 0 | H36: 0 | I36: 2 | J36: 0 | K36: 0 | L36: 0 | M36: 36 | N36: 0 | O36: =SUM(C36:L36,N36) -> 27 | P36: =SUM(C36:N36) -> 63
B37: 13.45 - 14.00 | C37: 7 | D37: 13 | E37: 4 | F37: 5 | G37: 0 | H37: 0 | I37: 2 | J37: 0 | K37: 0 | L37: 0 | M37: 29 | N37: 0 | O37: =SUM(C37:L37,N37) -> 31 | P37: =SUM(C37:N37) -> 60
B38: 14.00 - 14.15 | C38: 13 | D38: 9 | E38: 3 | F38: 10 | G38: 0 | H38: 0 | I38: 1 | J38: 0 | K38: 0 | L38: 0 | M38: 22 | N38: 0 | O38: =SUM(C38:L38,N38) -> 36 | P38: =SUM(C38:N38) -> 58
B39: 14.15 - 14.30 | C39: 15 | D39: 9 | E39: 3 | F39: 4 | G39: 2 | H39: 0 | I39: 3 | J39: 2 | K39: 0 | L39: 0 | M39: 26 | N39: 0 | O39: =SUM(C39:L39,N39) -> 38 | P39: =SUM(C39:N39) -> 64
B40: 14.30 - 14.45 | C40: 7 | D40: 14 | E40: 1 | F40: 7 | G40: 0 | H40: 0 | I40: 3 | J40: 0 | K40: 0 | L40: 0 | M40: 23 | N40: 0 | O40: =SUM(C40:L40,N40) -> 32 | P40: =SUM(C40:N40) -> 55
... B57: 18.45 - 19.00 | C57: 11 | D57: 11 | E57: 10 | F57: 13 | G57: 0 | H57: 0 | I57: 2 | J57: 0 | K57: 0 | L57: 0 | M57: 34 | N57: 0 | O57: =SUM(C57:L57,N57) -> 47 | P57: =SUM(C57:N57) -> 81
B58: Totals | C58: =SUM(C10:C57) -> 601 | D58: =SUM(D10:D57) -> 669 | E58: =SUM(E10:E57) -> 160 | F58: =SUM(F10:F57) -> 553 | G58: =SUM(G10:G57) -> 16 | H58: =SUM(H10:H57) -> 2 | I58: =SUM(I10:I57) -> 74 | J58: =SUM(J10:J57) -> 31 | ... N58: =SUM(N10:N57) -> 0 | O58: =SUM(C58:L58,N58) -> 2114 | P58: =SUM(P10:P57) -> 3292
B59: %ges + MCs | C59: =C58/$P$58 -> 0.18256379 | D59: =D58/$P$58 -> 0.20321993 | E59: =E58/$P$58 -> 0.048602673 | F59: =F58/$P$58 -> 0.16798299 | G59: =G58/$P$58 -> 0.0048602673 | H59: =H58/$P$58 -> 0.00060753341 | I59: =I58/$P$58 -> 0.022478736 | J59: =J58/$P$58 -> 0.0094167679 | ... N59: =N58/$P$58 -> 0
B60: %ges w/o MCs | C60: =C58/$O$58 -> 0.28429518 | D60: =D58/$O$58 -> 0.31646168 | E60: =E58/$O$58 -> 0.075685904 | F60: =F58/$O$58 -> 0.2615894 | G60: =G58/$O$58 -> 0.0075685904 | H60: =H58/$O$58 -> 0.00094607379 | I60: =I58/$O$58 -> 0.03500473 | J60: =J58/$O$58 -> 0.014664144 | ... L60: =L58/$O$58 -> 0.0004730369 | N60: =N58/$O$58 -> 0

Sheet 25.09 Gaba-Munyonyo
B1: Consultancy services for Preparation of Expressway Development Master Plan (EDMP) for Uganda
B2: MANUAL CLASSIFIED COUNT (MCC)
B3: ROAD NAME: | C3: ='23.09.19 Gaba -Munyonyo'!C3:G3 -> MCC-C2-STNO 52-Wavamuno RD
C5: Date | D5: 25.09.19 | F5: Location | G5: ='23.09.19 Gaba -Munyonyo'!G5:H5 -> Wavamuno | J5: Surveyor | K5: ='23.09.19 Gaba -Munyonyo'!K5:L5 -> Andrew
C6: Dir. From | D6: ='23.09.19 Gaba -Munyonyo'!D6:E6 -> GABA | F6: Dir. To | G6: ='23.09.19 Gaba -Munyonyo'!G6:H6 -> MUNYONYO | J6: Supervisor | K6: ='23.09.19 Gaba -Munyonyo'!K6:L6 -> Steven
B8: Time / Veh Type | R8: SUMMARY TRAFFIC VOLUMES
C9: 1. Car | D9: 2. Station Wagon | E9: 3. Pickups | F9: 4. Minibus, matatu | G9: 5. Medium bus | H9: 6. Large Bus | I9: 7. Light Truck | J9: 8. Medium Truck | K9: 9. Heavy truck | L9: 10. Truck Trailer | M9: 11. Motor cycles | N9: 12. Tractors | O9: Total Excl M/Cycles | P9: Total All | R9: Time | S9: 1. Car | T9: 2. Station Wagon | U9: 3. Pickups | V9: 4. Minibus, matatu | W9: 5. Medium bus | X9: 6. Large Bus | Y9: 7. Light Truck | Z9: 8. Medium Truck | AA9: 9. Heavy truck | AB9: 10. Truck Trailer | AC9: 11. Motorcycles | AD9: 12. Tractors, Graders | AE9: Total Excl M/ Cycles | AF9: Total All
B10: 07.00 - 07.15 | C10: 29 | D10: 7 | E10: 7 | F10: 11 | G10: 0 | H10: 0 | I10: 1 | J10: 0 | K10: 0 | L10: 0 | M10: 22 | N10: 0 | O10: =SUM(C10:L10,N10) -> 55 | P10: =SUM(C10:N10) -> 77 | R10: 0700-0800 | S10: =SUM(C10:C13) -> 136 | T10: =SUM(D10:D13) -> 36 | U10: =SUM(E10:E13) -> 16 | V10: =SUM(F10:F13) -> 63 | W10: =SUM(G10:G13) -> 2 | X10: =SUM(H10:H13) -> 0 | Y10: =SUM(I10:I13) -> 7 | Z10: =SUM(J10:J13) -> 7 | ... AF10: =SUM(P10:P13) -> 403
B11: 07.15 - 07.30 | C11: 40 | D11: 12 | E11: 1 | F11: 15 | G11: 2 | H11: 0 | I11: 1 | J11: 2 | K11: 0 | L11: 0 | M11: 28 | N11: 0 | O11: =SUM(C11:L11,N11) -> 73 | P11: =SUM(C11:N11) -> 101 | R11: 0800-0900 | S11: =SUM(C14:C17) -> 99 | T11: =SUM(D14:D17) -> 34 | U11: =SUM(E14:E17) -> 21 | V11: =SUM(F14:F17) -> 62 | W11: =SUM(G14:G17) -> 3 | X11: =SUM(H14:H17) -> 0 | Y11: =SUM(I14:I17) -> 4 | Z11: =SUM(J14:J17) -> 9 | ... AF11: =SUM(P14:P17) -> 335
B12: 07.30 - 07.45 | C12: 31 | D12: 6 | E12: 3 | F12: 14 | G12: 0 | H12: 0 | I12: 0 | J12: 2 | K12: 0 | L12: 0 | M12: 36 | N12: 0 | O12: =SUM(C12:L12,N12) -> 56 | P12: =SUM(C12:N12) -> 92 | R12: 0900-1000 | S12: =SUM(C18:C21) -> 101 | T12: =SUM(D18:D21) -> 29 | U12: =SUM(E18:E21) -> 21 | V12: =SUM(F18:F21) -> 43 | W12: =SUM(G18:G21) -> 2 | X12: =SUM(H18:H21) -> 1 | Y12: =SUM(I18:I21) -> 9 | Z12: =SUM(J18:J21) -> 8 | ... AF12: =SUM(P18:P21) -> 397
B13: 07.45 - 08.00 | C13: 36 | D13: 11 | E13: 5 | F13: 23 | G13: 0 | H13: 0 | I13: 5 | J13: 3 | K13: 0 | L13: 0 | M13: 50 | N13: 0 | O13: =SUM(C13:L13,N13) -> 83 | P13: =SUM(C13:N13) -> 133 | R13: 1000-1100 | S13: =SUM(C22:C25) -> 102 | T13: =SUM(D22:D25) -> 28 | U13: =SUM(E22:E25) -> 22 | V13: =SUM(F22:F25) -> 40 | W13: =SUM(G22:G25) -> 7 | X13: =SUM(H22:H25) -> 0 | Y13: =SUM(I22:I25) -> 10 | Z13: =SUM(J22:J25) -> 7 | ... AF13: =SUM(P22:P25) -> 379
B14: 08.00 - 08.15 | C14: 37 | D14: 9 | E14: 8 | F14: 15 | G14: 0 | H14: 0 | I14: 1 | J14: 2 | K14: 0 | L14: 0 | M14: 23 | N14: 0 | O14: =SUM(C14:L14,N14) -> 72 | P14: =SUM(C14:N14) -> 95 | R14: 1100-1200 | S14: =SUM(C26:C29) -> 120 | T14: =SUM(D26:D29) -> 29 | U14: =SUM(E26:E29) -> 15 | V14: =SUM(F26:F29) -> 38 | W14: =SUM(G26:G29) -> 1 | X14: =SUM(H26:H29) -> 0 | Y14: =SUM(I26:I29) -> 14 | Z14: =SUM(J26:J29) -> 6 | ... AF14: =SUM(P26:P29) -> 408
B15: 08.15 - 08.30 | C15: 20 | D15: 8 | E15: 5 | F15: 17 | G15: 2 | H15: 0 | I15: 1 | J15: 3 | K15: 0 | L15: 0 | M15: 27 | N15: 0 | O15: =SUM(C15:L15,N15) -> 56 | P15: =SUM(C15:N15) -> 83 | R15: 1200-1300 | S15: =SUM(C30:C33) -> 129 | T15: =SUM(D30:D33) -> 35 | U15: =SUM(E30:E33) -> 21 | V15: =SUM(F30:F33) -> 44 | W15: =SUM(G30:G33) -> 1 | X15: =SUM(H30:H33) -> 0 | Y15: =SUM(I30:I33) -> 16 | Z15: =SUM(J30:J33) -> 11 | ... AF15: =SUM(P30:P33) -> 459
B16: 08.30 - 08.45 | C16: 23 | D16: 8 | E16: 2 | F16: 13 | G16: 1 | H16: 0 | I16: 1 | J16: 4 | K16: 0 | L16: 0 | M16: 19 | N16: 0 | O16: =SUM(C16:L16,N16) -> 52 | P16: =SUM(C16:N16) -> 71 | R16: 1300-1400 | S16: =SUM(C34:C37) -> 143 | T16: =SUM(D34:D37) -> 38 | U16: =SUM(E34:E37) -> 16 | V16: =SUM(F34:F37) -> 40 | W16: =SUM(G34:G37) -> 0 | X16: =SUM(H34:H37) -> 0 | Y16: =SUM(I34:I37) -> 9 | Z16: =SUM(J34:J37) -> 12 | ... AF16: =SUM(P34:P37) -> 451
B17: 08.45 - 9.00 | C17: 19 | D17: 9 | E17: 6 | F17: 17 | G17: 0 | H17: 0 | I17: 1 | J17: 0 | K17: 0 | L17: 0 | M17: 34 | N17: 0 | O17: =SUM(C17:L17,N17) -> 52 | P17: =SUM(C17:N17) -> 86 | R17: 1400-1500 | S17: =SUM(C38:C41) -> 146 | T17: =SUM(D38:D41) -> 42 | U17: =SUM(E38:E41) -> 20 | V17: =SUM(F38:F41) -> 30 | W17: =SUM(G38:G41) -> 1 | X17: =SUM(H38:H41) -> 0 | Y17: =SUM(I38:I41) -> 7 | Z17: =SUM(J38:J41) -> 11 | ... AF17: =SUM(P38:P41) -> 451
B18: 09.00 - 09.15 | C18: 22 | D18: 8 | E18: 9 | F18: 9 | G18: 1 | H18: 0 | I18: 2 | J18: 5 | K18: 0 | L18: 0 | M18: 45 | N18: 0 | O18: =SUM(C18:L18,N18) -> 56 | P18: =SUM(C18:N18) -> 101 | R18: 1500-1600 | S18: =SUM(C42:C45) -> 183 | T18: =SUM(D42:D45) -> 46 | U18: =SUM(E42:E45) -> 16 | V18: =SUM(F42:F45) -> 39 | W18: =SUM(G42:G45) -> 1 | X18: =SUM(H42:H45) -> 0 | Y18: =SUM(I42:I45) -> 11 | Z18: =SUM(J42:J45) -> 9 | ... AF18: =SUM(P42:P45) -> 492
B19: 09.15 - 09.30 | C19: 27 | D19: 6 | E19: 6 | F19: 21 | G19: 0 | H19: 0 | I19: 4 | J19: 2 | K19: 0 | L19: 0 | M19: 47 | N19: 0 | O19: =SUM(C19:L19,N19) -> 66 | P19: =SUM(C19:N19) -> 113 | R19: 1600-1700 | S19: =SUM(C46:C49) -> 188 | T19: =SUM(D46:D49) -> 55 | U19: =SUM(E46:E49) -> 21 | V19: =SUM(F46:F49) -> 54 | W19: =SUM(G46:G49) -> 2 | X19: =SUM(H46:H49) -> 0 | Y19: =SUM(I46:I49) -> 7 | Z19: =SUM(J46:J49) -> 6 | ... AF19: =SUM(P46:P49) -> 556
B20: 09.30 - 09.45 | C20: 34 | D20: 11 | E20: 2 | F20: 6 | G20: 1 | H20: 1 | I20: 2 | J20: 0 | K20: 0 | L20: 0 | M20: 52 | N20: 0 | O20: =SUM(C20:L20,N20) -> 57 | P20: =SUM(C20:N20) -> 109 | R20: 1700-1800 | S20: =SUM(C50:C53) -> 226 | T20: =SUM(D50:D53) -> 66 | U20: =SUM(E50:E53) -> 11 | V20: =SUM(F50:F53) -> 65 | W20: =SUM(G50:G53) -> 1 | X20: =SUM(H50:H53) -> 0 | Y20: =SUM(I50:I53) -> 12 | Z20: =SUM(J50:J53) -> 10 | ... AF20: =SUM(P50:P53) -> 654
B21: 09.45 - 10.00 | C21: 18 | D21: 4 | E21: 4 | F21: 7 | G21: 0 | H21: 0 | I21: 1 | J21: 1 | K21: 0 | L21: 0 | M21: 39 | N21: 0 | O21: =SUM(C21:L21,N21) -> 35 | P21: =SUM(C21:N21) -> 74 | R21: 1800-1900 | S21: =SUM(C54:C57) -> 204 | T21: =SUM(D54:D57) -> 60 | U21: =SUM(E54:E57) -> 24 | V21: =SUM(F54:F57) -> 38 | W21: =SUM(G54:G57) -> 3 | X21: =SUM(H54:H57) -> 0 | Y21: =SUM(I54:I57) -> 10 | Z21: =SUM(J54:J57) -> 9 | ... AF21: =SUM(P54:P57) -> 598
B22: 10.00 - 10.15 | C22: 26 | D22: 8 | E22: 11 | F22: 13 | G22: 3 | H22: 0 | I22: 1 | J22: 2 | K22: 0 | L22: 1 | M22: 31 | N22: 0 | O22: =SUM(C22:L22,N22) -> 65 | P22: =SUM(C22:N22) -> 96 | R22: AM Peak Hr | S22: =MAX(S10:S12) -> 136 | T22: =MAX(T10:T12) -> 36 | U22: =MAX(U10:U12) -> 21 | V22: =MAX(V10:V12) -> 63 | W22: =MAX(W10:W12) -> 3 | X22: =MAX(X10:X12) -> 1 | Y22: =MAX(Y10:Y12) -> 9 | Z22: =MAX(Z10:Z12) -> 9 | ... AF22: =MAX(AF10:AF12) -> 403
B23: 10.15 - 10.30 | C23: 23 | D23: 7 | E23: 4 | F23: 8 | G23: 1 | H23: 0 | I23: 4 | J23: 3 | K23: 0 | L23: 0 | M23: 40 | N23: 0 | O23: =SUM(C23:L23,N23) -> 50 | P23: =SUM(C23:N23) -> 90 | R23: IP Peak Hr | S23: =MAX(S13:S18) -> 183 | T23: =MAX(T13:T18) -> 46 | U23: =MAX(U13:U18) -> 22 | V23: =MAX(V13:V18) -> 44 | W23: =MAX(W13:W18) -> 7 | X23: =MAX(X13:X18) -> 0 | Y23: =MAX(Y13:Y18) -> 16 | Z23: =MAX(Z13:Z18) -> 12 | ... AF23: =MAX(AF13:AF18) -> 492
B24: 10.30 - 10.45 | C24: 28 | D24: 5 | E24: 1 | F24: 9 | G24: 0 | H24: 0 | I24: 3 | J24: 0 | K24: 0 | L24: 0 | M24: 39 | N24: 0 | O24: =SUM(C24:L24,N24) -> 46 | P24: =SUM(C24:N24) -> 85 | R24: PM Peak Hr | S24: =MAX(S19:S21) -> 226 | T24: =MAX(T19:T21) -> 66 | U24: =MAX(U19:U21) -> 24 | V24: =MAX(V19:V21) -> 65 | W24: =MAX(W19:W21) -> 3 | X24: =MAX(X19:X21) -> 0 | Y24: =MAX(Y19:Y21) -> 12 | Z24: =MAX(Z19:Z21) -> 10 | ... AF24: =MAX(AF19:AF21) -> 654
B25: 10.45 - 11.00 | C25: 25 | D25: 8 | E25: 6 | F25: 10 | G25: 3 | H25: 0 | I25: 2 | J25: 2 | K25: 0 | L25: 0 | M25: 52 | N25: 0 | O25: =SUM(C25:L25,N25) -> 56 | P25: =SUM(C25:N25) -> 108 | R25: AM Period | S25: =SUM(S10:S12) -> 336 | T25: =SUM(T10:T12) -> 99 | U25: =SUM(U10:U12) -> 58 | V25: =SUM(V10:V12) -> 168 | W25: =SUM(W10:W12) -> 7 | X25: =SUM(X10:X12) -> 1 | Y25: =SUM(Y10:Y12) -> 20 | Z25: =SUM(Z10:Z12) -> 24 | ... AF25: =SUM(AF10:AF12) -> 1135
B26: 11.00 - 11.15 | C26: 30 | D26: 5 | E26: 3 | F26: 6 | G26: 0 | H26: 0 | I26: 5 | J26: 4 | K26: 0 | L26: 0 | M26: 41 | N26: 0 | O26: =SUM(C26:L26,N26) -> 53 | P26: =SUM(C26:N26) -> 94 | R26: IP Period | S26: =SUM(S13:S18) -> 823 | T26: =SUM(T13:T18) -> 218 | U26: =SUM(U13:U18) -> 110 | V26: =SUM(V13:V18) -> 231 | W26: =SUM(W13:W18) -> 11 | X26: =SUM(X13:X18) -> 0 | Y26: =SUM(Y13:Y18) -> 67 | Z26: =SUM(Z13:Z18) -> 56 | ... AF26: =SUM(AF13:AF18) -> 2640
B27: 11.15 - 11.30 | C27: 31 | D27: 8 | E27: 2 | F27: 7 | G27: 0 | H27: 0 | I27: 1 | J27: 1 | K27: 0 | L27: 0 | M27: 58 | N27: 0 | O27: =SUM(C27:L27,N27) -> 50 | P27: =SUM(C27:N27) -> 108 | R27: PM Period | S27: =SUM(S19:S21) -> 618 | T27: =SUM(T19:T21) -> 181 | U27: =SUM(U19:U21) -> 56 | V27: =SUM(V19:V21) -> 157 | W27: =SUM(W19:W21) -> 6 | X27: =SUM(X19:X21) -> 0 | Y27: =SUM(Y19:Y21) -> 29 | Z27: =SUM(Z19:Z21) -> 25 | ... AF27: =SUM(AF19:AF21) -> 1808
B28: 11.30 - 11.45 | C28: 32 | D28: 11 | E28: 8 | F28: 12 | G28: 0 | H28: 0 | I28: 3 | J28: 1 | K28: 1 | L28: 0 | M28: 40 | N28: 0 | O28: =SUM(C28:L28,N28) -> 68 | P28: =SUM(C28:N28) -> 108 | R28: 12 Hours | S28: =SUM(S10:S21) -> 1777 | T28: =SUM(T10:T21) -> 498 | U28: =SUM(U10:U21) -> 224 | V28: =SUM(V10:V21) -> 556 | W28: =SUM(W10:W21) -> 24 | X28: =SUM(X10:X21) -> 1 | Y28: =SUM(Y10:Y21) -> 116 | Z28: =SUM(Z10:Z21) -> 105 | ... AF28: =SUM(AF10:AF21) -> 5583
B29: 11.45 - 12.00 | C29: 27 | D29: 5 | E29: 2 | F29: 13 | G29: 1 | H29: 0 | I29: 5 | J29: 0 | K29: 0 | L29: 0 | M29: 45 | N29: 0 | O29: =SUM(C29:L29,N29) -> 53 | P29: =SUM(C29:N29) -> 98
B30: 12.00 - 12.15 | C30: 29 | D30: 13 | E30: 4 | F30: 12 | G30: 0 | H30: 0 | I30: 3 | J30: 4 | K30: 0 | L30: 0 | M30: 27 | N30: 0 | O30: =SUM(C30:L30,N30) -> 65 | P30: =SUM(C30:N30) -> 92
B31: 12.15 - 12.30 | C31: 27 | D31: 3 | E31: 7 | F31: 13 | G31: 0 | H31: 0 | I31: 2 | J31: 3 | K31: 0 | L31: 0 | M31: 54 | N31: 0 | O31: =SUM(C31:L31,N31) -> 55 | P31: =SUM(C31:N31) -> 109
B32: 12.30 - 12.45 | C32: 33 | D32: 9 | E32: 6 | F32: 11 | G32: 0 | H32: 0 | I32: 4 | J32: 1 | K32: 0 | L32: 0 | M32: 75 | N32: 0 | O32: =SUM(C32:L32,N32) -> 64 | P32: =SUM(C32:N32) -> 139
B33: 12.45 - 13.00 | C33: 40 | D33: 10 | E33: 4 | F33: 8 | G33: 1 | H33: 0 | I33: 7 | J33: 3 | K33: 0 | L33: 0 | M33: 46 | N33: 0 | O33: =SUM(C33:L33,N33) -> 73 | P33: =SUM(C33:N33) -> 119
B34: 13.00 - 13.15 | C34: 39 | D34: 9 | E34: 7 | F34: 14 | G34: 0 | H34: 0 | I34: 2 | J34: 4 | K34: 1 | L34: 0 | M34: 51 | N34: 0 | O34: =SUM(C34:L34,N34) -> 76 | P34: =SUM(C34:N34) -> 127
B35: 13.15 - 13.30 | C35: 27 | D35: 12 | E35: 2 | F35: 11 | G35: 0 | H35: 0 | I35: 2 | J35: 1 | K35: 0 | L35: 0 | M35: 50 | N35: 0 | O35: =SUM(C35:L35,N35) -> 55 | P35: =SUM(C35:N35) -> 105
B36: 13.30 - 13.45 | C36: 31 | D36: 9 | E36: 3 | F36: 8 | G36: 0 | H36: 0 | I36: 3 | J36: 2 | K36: 0 | L36: 0 | M36: 43 | N36: 0 | O36: =SUM(C36:L36,N36) -> 56 | P36: =SUM(C36:N36) -> 99
B37: 13.45 - 14.00 | C37: 46 | D37: 8 | E37: 4 | F37: 7 | G37: 0 | H37: 0 | I37: 2 | J37: 5 | K37: 0 | L37: 0 | M37: 48 | N37: 0 | O37: =SUM(C37:L37,N37) -> 72 | P37: =SUM(C37:N37) -> 120
B38: 14.00 - 14.15 | C38: 34 | D38: 16 | E38: 7 | F38: 8 | G38: 0 | H38: 0 | I38: 3 | J38: 5 | K38: 0 | L38: 1 | M38: 60 | N38: 0 | O38: =SUM(C38:L38,N38) -> 74 | P38: =SUM(C38:N38) -> 134
B39: 14.15 - 14.30 | C39: 35 | D39: 5 | E39: 1 | F39: 10 | G39: 1 | H39: 0 | I39: 2 | J39: 4 | K39: 0 | L39: 0 | M39: 40 | N39: 0 | O39: =SUM(C39:L39,N39) -> 58 | P39: =SUM(C39:N39) -> 98
B40: 14.30 - 14.45 | C40: 40 | D40: 8 | E40: 8 | F40: 0 | G40: 0 | H40: 0 | I40: 0 | J40: 0 | K40: 0 | L40: 0 | M40: 50 | N40: 0 | O40: =SUM(C40:L40,N40) -> 56 | P40: =SUM(C40:N40) -> 106
... B43: 15.15 - 15.30 | C43: 49 | D43: 16 | E43: 2 | F43: 6 | G43: 1 | H43: 0 | I43: 1 | J43: 1 | K43: 0 | L43: 0 | M43: 41 | N43: 0 | O43: =SUM(C43:L43,N43) -> 76 | P43: =SUM(C43:N43) -> 117
B44: 15.30 - 15.45 | C44: 50 | D44: 11 | E44: 6 | F44: 18 | G44: 0 | H44: 0 | I44: 3 | J44: 3 | L44: 0 | M44: 50 | N44: 0 | O44: =SUM(C44:L44,N44) -> 91 | P44: =SUM(C44:N44) -> 141
B45: 15.45 - 16.00 | C45: 44 | D45: 11 | E45: 4 | F45: 5 | G45: 0 | H45: 0 | I45: 1 | J45: 5 | K45: 0 | L45: 0 | M45: 49 | N45: 0 | O45: =SUM(C45:L45,N45) -> 70 | P45: =SUM(C45:N45) -> 119
B46: 16.00 - 16.15 | C46: 57 | D46: 15 | E46: 2 | F46: 15 | G46: 0 | H46: 0 | I46: 3 | J46: 2 | K46: 1 | L46: 0 | M46: 46 | N46: 0 | O46: =SUM(C46:L46,N46) -> 95 | P46: =SUM(C46:N46) -> 141
B47: 16.15 -16.30 | C47: 43 | D47: 10 | E47: 7 | F47: 15 | G47: 2 | H47: 0 | I47: 3 | J47: 3 | K47: 0 | L47: 0 | M47: 58 | N47: 0 | O47: =SUM(C47:L47,N47) -> 83 | P47: =SUM(C47:N47) -> 141
B48: 16.30 -16.45 | C48: 45 | D48: 17 | E48: 7 | F48: 13 | G48: 0 | H48: 0 | I48: 0 | J48: 1 | K48: 0 | L48: 0 | M48: 65 | N48: 0 | O48: =SUM(C48:L48,N48) -> 83 | P48: =SUM(C48:N48) -> 148
B49: 16.45 -17.00 | C49: 43 | D49: 13 | E49: 5 | F49: 11 | G49: 0 | H49: 0 | I49: 1 | J49: 0 | K49: 0 | L49: 0 | M49: 53 | N49: 0 | O49: =SUM(C49:L49,N49) -> 73 | P49: =SUM(C49:N49) -> 126
B50: 17.00 -17.15 | C50: 61 | D50: 17 | E50: 2 | F50: 9 | G50: 1 | H50: 0 | I50: 2 | J50: 3 | K50: 1 | L50: 0 | M50: 63 | N50: 0 | O50: =SUM(C50:L50,N50) -> 96 | P50: =SUM(C50:N50) -> 159
B51: 17.15 -17.30 | C51: 40 | D51: 18 | E51: 3 | F51: 14 | G51: 0 | H51: 0 | I51: 3 | J51: 2 | K51: 0 | L51: 0 | M51: 65 | N51: 0 | O51: =SUM(C51:L51,N51) -> 80 | P51: =SUM(C51:N51) -> 145
B52: 17.30 -17.45 | C52: 50 | D52: 13 | E52: 3 | F52: 26 | G52: 0 | H52: 0 | I52: 4 | J52: 3 | K52: 0 | L52: 0 | M52: 75 | N52: 0 | O52: =SUM(C52:L52,N52) -> 99 | P52: =SUM(C52:N52) -> 174
B53: 17.45 -18.00 | C53: 75 | D53: 18 | E53: 3 | F53: 16 | G53: 0 | H53: 0 | I53: 3 | J53: 2 | K53: 0 | L53: 0 | M53: 59 | N53: 0 | O53: =SUM(C53:L53,N53) -> 117 | P53: =SUM(C53:N53) -> 176
B54: 18.00 - 18.15 | C54: 47 | D54: 10 | E54: 3 | F54: 10 | G54: 1 | H54: 0 | I54: 2 | J54: 3 | K54: 0 | L54: 0 | M54: 51 | N54: 0 | O54: =SUM(C54:L54,N54) -> 76 | P54: =SUM(C54:N54) -> 127
B55: 18.15 - 18.30 | C55: 52 | D55: 18 | E55: 3 | F55: 14 | G55: 1 | H55: 0 | I55: 4 | J55: 3 | K55: 0 | L55: 0 | M55: 52 | N55: 0 | O55: =SUM(C55:L55,N55) -> 95 | P55: =SUM(C55:N55) -> 147
B56: 18.30 - 18.45 | C56: 51 | D56: 13 | E56: 8 | F56: 8 | G56: 1 | H56: 0 | I56: 2 | J56: 3 | K56: 1 | L56: 0 | M56: 76 | N56: 0 | O56: =SUM(C56:L56,N56) -> 87 | P56: =SUM(C56:N56) -> 163
B57: 18.45 - 19.00 | C57: 54 | D57: 19 | E57: 10 | F57: 6 | G57: 0 | H57: 0 | I57: 2 | J57: 0 | K57: 0 | L57: 0 | M57: 70 | N57: 0 | O57: =SUM(C57:L57,N57) -> 91 | P57: =SUM(C57:N57) -> 161
B58: Totals | C58: =SUM(C10:C57) -> 1777 | D58: =SUM(D10:D57) -> 498 | E58: =SUM(E10:E57) -> 224 | F58: =SUM(F10:F57) -> 556 | G58: =SUM(G10:G57) -> 24 | H58: =SUM(H10:H57) -> 1 | I58: =SUM(I10:I57) -> 116 | J58: =SUM(J10:J57) -> 105 | ... P58: =SUM(P10:P57) -> 5583
B59: %ges + MCs | C59: =C58/$P$58 -> 0.31828766 | D59: =D58/$P$58 -> 0.089199355 | E59: =E58/$P$58 -> 0.040121798 | F59: =F58/$P$58 -> 0.099588035 | G59: =G58/$P$58 -> 0.0042987641 | H59: =H58/$P$58 -> 0.00017911517 | I59: =I58/$P$58 -> 0.02077736 | J59: =J58/$P$58 -> 0.018807093 | ... N59: =N58/$P$58 -> 0
B60: %ges w/o MCs | C60: =C58/$O$58 -> 0.53718259 | D60: =D58/$O$58 -> 0.15054414 | E60: =E58/$O$58 -> 0.067714631 | F60: =F58/$O$58 -> 0.16807739 | G60: =G58/$O$58 -> 0.0072551391 | H60: =H58/$O$58 -> 0.00030229746 | I60: =I58/$O$58 -> 0.035066505 | J60: =J58/$O$58 -> 0.031741233 | ... L60: =L58/$O$58 -> 0.00060459492 | N60: =N58/$O$58 -> 0

Sheet 25.09 Munyonyo-Gaba
B1: Consultancy services for Preparation of Expressway Development Master Plan (EDMP) for Uganda
B2: MANUAL CLASSIFIED COUNT (MCC)
B3: ROAD NAME: | C3: ='23.09.19 Munyonyo -Gaba'!C3:G3 -> MCC-C2-STNO 52-Wavamuno RD
C5: Date | D5: ='25.09 Gaba-Munyonyo'!D5 -> 25.09.19 | F5: Location | G5: ='23.09.19 Gaba -Munyonyo'!G5:H5 -> Wavamuno | J5: Surveyor | K5: ='23.09.19 Gaba -Munyonyo'!K5:L5 -> Andrew
C6: Dir. From | D6: ='23.09.19 Munyonyo -Gaba'!D6:E6 -> MUNYONYO | F6: Dir. To | G6: ='23.09.19 Munyonyo -Gaba'!G6:H6 -> GABA | J6: Supervisor | K6: ='23.09.19 Gaba -Munyonyo'!K6:L6 -> Steven
B8: Time / Veh Type | R8: SUMMARY TRAFFIC VOLUMES
C9: 1. Car | D9: 2. Station Wagon | E9: 3. Pickups | F9: 4. Minibus, matatu | G9: 5. Medium bus | H9: 6. Large Bus | I9: 7. Light Truck | J9: 8. Medium Truck | K9: 9. Heavy truck | L9: 10. Truck Trailer | M9: 11. Motor cycles | N9: 12. Tractors | O9: Total Excl M/Cycles | P9: Total All | R9: Time | S9: 1. Car | T9: 2. Station Wagon | U9: 3. Pickups | V9: 4. Minibus, matatu | W9: 5. Medium bus | X9: 6. Large Bus | Y9: 7. Light Truck | Z9: 8. Medium Truck | AA9: 9. Heavy truck | AB9: 10. Truck Trailer | AC9: 11. Motorcycles | AD9: 12. Tractors, Graders | AE9: Total Excl M/ Cycles | AF9: Total All
B10: 07.00 - 07.15 | C10: 45 | D10: 15 | E10: 4 | F10: 15 | G10: 0 | H10: 0 | I10: 0 | J10: 0 | K10: 0 | L10: 0 | M10: 39 | N10: 0 | O10: =SUM(C10:L10,N10) -> 79 | P10: =SUM(C10:N10) -> 118 | R10: 0700-0800 | S10: =SUM(C10:C13) -> 99 | T10: =SUM(D10:D13) -> 77 | U10: =SUM(E10:E13) -> 15 | V10: =SUM(F10:F13) -> 75 | W10: =SUM(G10:G13) -> 2 | X10: =SUM(H10:H13) -> 2 | Y10: =SUM(I10:I13) -> 11 | Z10: =SUM(J10:J13) -> 8 | ... AF10: =SUM(P10:P13) -> 431
B11: 07.15 - 07.30 | C11: 21 | D11: 19 | E11: 3 | F11: 24 | G11: 2 | H11: 2 | I11: 1 | J11: 3 | K11: 0 | L11: 0 | M11: 32 | N11: 0 | O11: =SUM(C11:L11,N11) -> 75 | P11: =SUM(C11:N11) -> 107 | R11: 0800-0900 | S11: =SUM(C14:C17) -> 74 | T11: =SUM(D14:D17) -> 85 | U11: =SUM(E14:E17) -> 25 | V11: =SUM(F14:F17) -> 86 | W11: =SUM(G14:G17) -> 5 | X11: =SUM(H14:H17) -> 0 | Y11: =SUM(I14:I17) -> 13 | Z11: =SUM(J14:J17) -> 1 | ... AF11: =SUM(P14:P17) -> 437
B12: 07.30 - 07.45 | C12: 15 | D12: 21 | E12: 5 | F12: 15 | G12: 0 | H12: 0 | I12: 7 | J12: 3 | K12: 0 | L12: 0 | M12: 34 | N12: 0 | O12: =SUM(C12:L12,N12) -> 66 | P12: =SUM(C12:N12) -> 100 | R12: 0900-1000 | S12: =SUM(C18:C21) -> 68 | T12: =SUM(D18:D21) -> 89 | U12: =SUM(E18:E21) -> 30 | V12: =SUM(F18:F21) -> 69 | W12: =SUM(G18:G21) -> 4 | X12: =SUM(H18:H21) -> 0 | Y12: =SUM(I18:I21) -> 12 | Z12: =SUM(J18:J21) -> 5 | ... AF12: =SUM(P18:P21) -> 444
B13: 07.45 - 08.00 | C13: 18 | D13: 22 | E13: 3 | F13: 21 | G13: 0 | H13: 0 | I13: 3 | J13: 2 | K13: 0 | L13: 0 | M13: 37 | N13: 0 | O13: =SUM(C13:L13,N13) -> 69 | P13: =SUM(C13:N13) -> 106 | R13: 1000-1100 | S13: =SUM(C22:C25) -> 53 | T13: =SUM(D22:D25) -> 83 | U13: =SUM(E22:E25) -> 8 | V13: =SUM(F22:F25) -> 44 | W13: =SUM(G22:G25) -> 1 | X13: =SUM(H22:H25) -> 1 | Y13: =SUM(I22:I25) -> 8 | Z13: =SUM(J22:J25) -> 1 | ... AF13: =SUM(P22:P25) -> 345
B14: 08.00 - 08.15 | C14: 15 | D14: 17 | E14: 6 | F14: 23 | G14: 3 | H14: 0 | I14: 6 | J14: 0 | K14: 0 | L14: 0 | M14: 29 | N14: 0 | O14: =SUM(C14:L14,N14) -> 70 | P14: =SUM(C14:N14) -> 99 | R14: 1100-1200 | S14: =SUM(C26:C29) -> 53 | T14: =SUM(D26:D29) -> 55 | U14: =SUM(E26:E29) -> 25 | V14: =SUM(F26:F29) -> 53 | W14: =SUM(G26:G29) -> 0 | X14: =SUM(H26:H29) -> 0 | Y14: =SUM(I26:I29) -> 12 | Z14: =SUM(J26:J29) -> 3 | ... AF14: =SUM(P26:P29) -> 327
B15: 08.15 - 08.30 | C15: 21 | D15: 19 | E15: 12 | F15: 21 | G15: 0 | H15: 0 | I15: 3 | J15: 0 | K15: 0 | L15: 0 | M15: 34 | N15: 0 | O15: =SUM(C15:L15,N15) -> 76 | P15: =SUM(C15:N15) -> 110 | R15: 1200-1300 | S15: =SUM(C30:C33) -> 58 | T15: =SUM(D30:D33) -> 53 | U15: =SUM(E30:E33) -> 21 | V15: =SUM(F30:F33) -> 61 | W15: =SUM(G30:G33) -> 2 | X15: =SUM(H30:H33) -> 0 | Y15: =SUM(I30:I33) -> 5 | Z15: =SUM(J30:J33) -> 2 | ... AF15: =SUM(P30:P33) -> 333
B16: 08.30 - 08.45 | C16: 21 | D16: 24 | E16: 4 | F16: 27 | G16: 2 | H16: 0 | I16: 2 | J16: 0 | K16: 0 | L16: 0 | M16: 47 | N16: 0 | O16: =SUM(C16:L16,N16) -> 80 | P16: =SUM(C16:N16) -> 127 | R16: 1300-1400 | S16: =SUM(C34:C37) -> 40 | T16: =SUM(D34:D37) -> 62 | U16: =SUM(E34:E37) -> 32 | V16: =SUM(F34:F37) -> 32 | W16: =SUM(G34:G37) -> 0 | X16: =SUM(H34:H37) -> 0 | Y16: =SUM(I34:I37) -> 11 | Z16: =SUM(J34:J37) -> 1 | ... AF16: =SUM(P34:P37) -> 288
B17: 08.45 - 9.00 | C17: 17 | D17: 25 | E17: 3 | F17: 15 | G17: 0 | H17: 0 | I17: 2 | J17: 1 | K17: 0 | L17: 0 | M17: 38 | N17: 0 | O17: =SUM(C17:L17,N17) -> 63 | P17: =SUM(C17:N17) -> 101 | R17: 1400-1500 | S17: =SUM(C38:C41) -> 76 | T17: =SUM(D38:D41) -> 48 | U17: =SUM(E38:E41) -> 14 | V17: =SUM(F38:F41) -> 40 | W17: =SUM(G38:G41) -> 0 | X17: =SUM(H38:H41) -> 0 | Y17: =SUM(I38:I41) -> 11 | Z17: =SUM(J38:J41) -> 4 | ... AF17: =SUM(P38:P41) -> 316
B18: 09.00 - 09.15 | C18: 18 | D18: 18 | E18: 8 | F18: 12 | G18: 1 | H18: 0 | I18: 3 | J18: 0 | K18: 0 | L18: 0 | M18: 43 | N18: 0 | O18: =SUM(C18:L18,N18) -> 60 | P18: =SUM(C18:N18) -> 103 | R18: 1500-1600 | S18: =SUM(C42:C45) -> 61 | T18: =SUM(D42:D45) -> 89 | U18: =SUM(E42:E45) -> 12 | V18: =SUM(F42:F45) -> 43 | W18: =SUM(G42:G45) -> 0 | X18: =SUM(H42:H45) -> 0 | Y18: =SUM(I42:I45) -> 6 | Z18: =SUM(J42:J45) -> 6 | ... AF18: =SUM(P42:P45) -> 337
B19: 09.15 - 09.30 | C19: 20 | D19: 31 | E19: 12 | F19: 27 | G19: 3 | H19: 0 | I19: 1 | J19: 4 | K19: 0 | L19: 0 | M19: 38 | N19: 0 | O19: =SUM(C19:L19,N19) -> 98 | P19: =SUM(C19:N19) -> 136 | R19: 1600-1700 | S19: =SUM(C46:C49) -> 64 | T19: =SUM(D46:D49) -> 89 | U19: =SUM(E46:E49) -> 11 | V19: =SUM(F46:F49) -> 58 | W19: =SUM(G46:G49) -> 7 | X19: =SUM(H46:H49) -> 2 | Y19: =SUM(I46:I49) -> 11 | Z19: =SUM(J46:J49) -> 5 | ... AF19: =SUM(P46:P49) -> 395
B20: 09.30 - 09.45 | C20: 19 | D20: 23 | E20: 8 | F20: 18 | G20: 0 | H20: 0 | I20: 6 | J20: 0 | K20: 0 | L20: 0 | M20: 54 | N20: 0 | O20: =SUM(C20:L20,N20) -> 74 | P20: =SUM(C20:N20) -> 128 | R20: 1700-1800 | S20: =SUM(C50:C53) -> 50 | T20: =SUM(D50:D53) -> 85 | U20: =SUM(E50:E53) -> 10 | V20: =SUM(F50:F53) -> 80 | W20: =SUM(G50:G53) -> 6 | X20: =SUM(H50:H53) -> 0 | Y20: =SUM(I50:I53) -> 15 | Z20: =SUM(J50:J53) -> 5 | ... AF20: =SUM(P50:P53) -> 420
B21: 09.45 - 10.00 | C21: 11 | D21: 17 | E21: 2 | F21: 12 | G21: 0 | H21: 0 | I21: 2 | J21: 1 | K21: 0 | L21: 0 | M21: 32 | N21: 0 | O21: =SUM(C21:L21,N21) -> 45 | P21: =SUM(C21:N21) -> 77 | R21: 1800-1900 | S21: =SUM(C54:C57) -> 65 | T21: =SUM(D54:D57) -> 81 | U21: =SUM(E54:E57) -> 25 | V21: =SUM(F54:F57) -> 45 | W21: =SUM(G54:G57) -> 8 | X21: =SUM(H54:H57) -> 0 | Y21: =SUM(I54:I57) -> 3 | Z21: =SUM(J54:J57) -> 1 | ... AF21: =SUM(P54:P57) -> 408
B22: 10.00 - 10.15 | C22: 12 | D22: 16 | E22: 3 | F22: 18 | G22: 0 | H22: 0 | I22: 1 | J22: 1 | K22: 1 | L22: 0 | M22: 27 | N22: 0 | O22: =SUM(C22:L22,N22) -> 52 | P22: =SUM(C22:N22) -> 79 | R22: AM Peak Hr | S22: =MAX(S10:S12) -> 99 | T22: =MAX(T10:T12) -> 89 | U22: =MAX(U10:U12) -> 30 | V22: =MAX(V10:V12) -> 86 | W22: =MAX(W10:W12) -> 5 | X22: =MAX(X10:X12) -> 2 | Y22: =MAX(Y10:Y12) -> 13 | Z22: =MAX(Z10:Z12) -> 8 | ... AF22: =MAX(AF10:AF12) -> 444
B23: 10.15 - 10.30 | C23: 14 | D23: 27 | E23: 0 | F23: 5 | G23: 1 | H23: 1 | I23: 3 | J23: 0 | K23: 1 | L23: 0 | M23: 32 | N23: 0 | O23: =SUM(C23:L23,N23) -> 52 | P23: =SUM(C23:N23) -> 84 | R23: IP Peak Hr | S23: =MAX(S13:S18) -> 76 | T23: =MAX(T13:T18) -> 89 | U23: =MAX(U13:U18) -> 32 | V23: =MAX(V13:V18) -> 61 | W23: =MAX(W13:W18) -> 2 | X23: =MAX(X13:X18) -> 1 | Y23: =MAX(Y13:Y18) -> 12 | Z23: =MAX(Z13:Z18) -> 6 | ... AF23: =MAX(AF13:AF18) -> 345
B24: 10.30 - 10.45 | C24: 16 | D24: 18 | E24: 1 | F24: 11 | G24: 0 | H24: 0 | I24: 3 | J24: 0 | K24: 0 | L24: 0 | M24: 50 | N24: 0 | O24: =SUM(C24:L24,N24) -> 49 | P24: =SUM(C24:N24) -> 99 | R24: PM Peak Hr | S24: =MAX(S19:S21) -> 65 | T24: =MAX(T19:T21) -> 89 | U24: =MAX(U19:U21) -> 25 | V24: =MAX(V19:V21) -> 80 | W24: =MAX(W19:W21) -> 8 | X24: =MAX(X19:X21) -> 2 | Y24: =MAX(Y19:Y21) -> 15 | Z24: =MAX(Z19:Z21) -> 5 | ... AF24: =MAX(AF19:AF21) -> 420
B25: 10.45 - 11.00 | C25: 11 | D25: 22 | E25: 4 | F25: 10 | G25: 0 | H25: 0 | I25: 1 | J25: 0 | K25: 1 | L25: 0 | M25: 34 | N25: 0 | O25: =SUM(C25:L25,N25) -> 49 | P25: =SUM(C25:N25) -> 83 | R25: AM Period | S25: =SUM(S10:S12) -> 241 | T25: =SUM(T10:T12) -> 251 | U25: =SUM(U10:U12) -> 70 | V25: =SUM(V10:V12) -> 230 | W25: =SUM(W10:W12) -> 11 | X25: =SUM(X10:X12) -> 2 | Y25: =SUM(Y10:Y12) -> 36 | Z25: =SUM(Z10:Z12) -> 14 | ... AF25: =SUM(AF10:AF12) -> 1312
B26: 11.00 - 11.15 | C26: 11 | D26: 15 | E26: 6 | F26: 11 | G26: 0 | H26: 0 | I26: 0 | J26: 0 | K26: 0 | L26: 0 | M26: 32 | N26: 0 | O26: =SUM(C26:L26,N26) -> 43 | P26: =SUM(C26:N26) -> 75 | R26: IP Period | S26: =SUM(S13:S18) -> 341 | T26: =SUM(T13:T18) -> 390 | U26: =SUM(U13:U18) -> 112 | V26: =SUM(V13:V18) -> 273 | W26: =SUM(W13:W18) -> 3 | X26: =SUM(X13:X18) -> 1 | Y26: =SUM(Y13:Y18) -> 53 | Z26: =SUM(Z13:Z18) -> 17 | ... AF26: =SUM(AF13:AF18) -> 1946
B27: 11.15 - 11.30 | C27: 11 | D27: 15 | E27: 4 | F27: 4 | G27: 0 | H27: 0 | I27: 4 | J27: 0 | K27: 0 | L27: 0 | M27: 23 | N27: 0 | O27: =SUM(C27:L27,N27) -> 38 | P27: =SUM(C27:N27) -> 61 | R27: PM Period | S27: =SUM(S19:S21) -> 179 | T27: =SUM(T19:T21) -> 255 | U27: =SUM(U19:U21) -> 46 | V27: =SUM(V19:V21) -> 183 | W27: =SUM(W19:W21) -> 21 | X27: =SUM(X19:X21) -> 2 | Y27: =SUM(Y19:Y21) -> 29 | Z27: =SUM(Z19:Z21) -> 11 | ... AF27: =SUM(AF19:AF21) -> 1223
B28: 11.30 - 11.45 | C28: 13 | D28: 14 | E28: 1 | F28: 15 | G28: 0 | H28: 0 | I28: 1 | J28: 3 | K28: 0 | L28: 0 | M28: 37 | N28: 0 | O28: =SUM(C28:L28,N28) -> 47 | P28: =SUM(C28:N28) -> 84 | R28: 12 Hours | S28: =SUM(S10:S21) -> 761 | T28: =SUM(T10:T21) -> 896 | U28: =SUM(U10:U21) -> 228 | V28: =SUM(V10:V21) -> 686 | W28: =SUM(W10:W21) -> 35 | X28: =SUM(X10:X21) -> 5 | Y28: =SUM(Y10:Y21) -> 118 | Z28: =SUM(Z10:Z21) -> 42 | ... AF28: =SUM(AF10:AF21) -> 4481
B29: 11.45 - 12.00 | C29: 18 | D29: 11 | E29: 14 | F29: 23 | G29: 0 | H29: 0 | I29: 7 | J29: 0 | K29: 0 | L29: 0 | M29: 34 | N29: 0 | O29: =SUM(C29:L29,N29) -> 73 | P29: =SUM(C29:N29) -> 107
B30: 12.00 - 12.15 | C30: 10 | D30: 6 | E30: 8 | F30: 19 | G30: 0 | H30: 0 | I30: 2 | J30: 0 | K30: 0 | L30: 0 | M30: 42 | N30: 0 | O30: =SUM(C30:L30,N30) -> 45 | P30: =SUM(C30:N30) -> 87
B31: 12.15 - 12.30 | C31: 17 | D31: 14 | E31: 3 | F31: 21 | G31: 0 | H31: 0 | I31: 2 | J31: 0 | K31: 2 | L31: 0 | M31: 31 | N31: 0 | O31: =SUM(C31:L31,N31) -> 59 | P31: =SUM(C31:N31) -> 90
B32: 12.30 - 12.45 | C32: 20 | D32: 18 | E32: 6 | F32: 12 | G32: 2 | H32: 0 | I32: 0 | J32: 2 | K32: 0 | L32: 0 | M32: 32 | N32: 0 | O32: =SUM(C32:L32,N32) -> 60 | P32: =SUM(C32:N32) -> 92
B33: 12.45 - 13.00 | C33: 11 | D33: 15 | E33: 4 | F33: 9 | G33: 0 | H33: 0 | I33: 1 | J33: 0 | K33: 0 | L33: 0 | M33: 24 | N33: 0 | O33: =SUM(C33:L33,N33) -> 40 | P33: =SUM(C33:N33) -> 64
B34: 13.00 - 13.15 | C34: 10 | D34: 16 | E34: 11 | F34: 8 | G34: 0 | H34: 0 | I34: 3 | J34: 0 | K34: 0 | L34: 0 | M34: 28 | N34: 0 | O34: =SUM(C34:L34,N34) -> 48 | P34: =SUM(C34:N34) -> 76
B35: 13.15 - 13.30 | C35: 9 | D35: 14 | E35: 3 | F35: 5 | G35: 0 | H35: 0 | I35: 4 | J35: 1 | K35: 0 | L35: 0 | M35: 23 | N35: 0 | O35: =SUM(C35:L35,N35) -> 36 | P35: =SUM(C35:N35) -> 59
B36: 13.30 - 13.45 | C36: 11 | D36: 20 | E36: 16 | F36: 6 | G36: 0 | H36: 0 | I36: 2 | J36: 0 | K36: 0 | L36: 0 | M36: 33 | N36: 0 | O36: =SUM(C36:L36,N36) -> 55 | P36: =SUM(C36:N36) -> 88
B37: 13.45 - 14.00 | C37: 10 | D37: 12 | E37: 2 | F37: 13 | G37: 0 | H37: 0 | I37: 2 | J37: 0 | K37: 0 | L37: 0 | M37: 26 | N37: 0 | O37: =SUM(C37:L37,N37) -> 39 | P37: =SUM(C37:N37) -> 65
B38: 14.00 - 14.15 | C38: 13 | D38: 12 | E38: 3 | F38: 8 | G38: 0 | H38: 0 | I38: 6 | J38: 0 | K38: 0 | L38: 0 | M38: 21 | N38: 0 | O38: =SUM(C38:L38,N38) -> 42 | P38: =SUM(C38:N38) -> 63
B39: 14.15 - 14.30 | C39: 25 | D39: 5 | E39: 4 | F39: 9 | G39: 0 | H39: 0 | I39: 1 | J39: 3 | K39: 1 | L39: 0 | M39: 35 | N39: 0 | O39: =SUM(C39:L39,N39) -> 48 | P39: =SUM(C39:N39) -> 83
B40: 14.30 - 14.45 | C40: 24 | D40: 13 | E40: 3 | F40: 12 | G40: 0 | H40: 0 | I40: 2 | J40: 1 | K40: 0 | L40: 0 | M40: 37 | N40: 0 | O40: =SUM(C40:L40,N40) -> 55 | P40: =SUM(C40:N40) -> 92
... B57: 18.45 - 19.00 | C57: 17 | D57: 19 | E57: 8 | F57: 12 | G57: 0 | H57: 0 | I57: 0 | J57: 0 | K57: 0 | L57: 0 | M57: 44 | N57: 0 | O57: =SUM(C57:L57,N57) -> 56 | P57: =SUM(C57:N57) -> 100
B58: Totals | C58: =SUM(C10:C57) -> 761 | D58: =SUM(D10:D57) -> 896 | E58: =SUM(E10:E57) -> 228 | F58: =SUM(F10:F57) -> 686 | G58: =SUM(G10:G57) -> 35 | H58: =SUM(H10:H57) -> 5 | I58: =SUM(I10:I57) -> 118 | J58: =SUM(J10:J57) -> 42 | ... P58: =SUM(P10:P57) -> 4481
B59: %ges + MCs | C59: =C58/$P$58 -> 0.16982816 | D59: =D58/$P$58 -> 0.19995537 | E59: =E58/$P$58 -> 0.0508815 | F59: =F58/$P$58 -> 0.15309083 | G59: =G58/$P$58 -> 0.0078107565 | H59: =H58/$P$58 -> 0.0011158224 | I59: =I58/$P$58 -> 0.026333408 | J59: =J58/$P$58 -> 0.0093729078 | ... N59: =N58/$P$58 -> 0
B60: %ges w/o MCs | C60: =C58/$O$58 -> 0.27403673 | D60: =D58/$O$58 -> 0.32265034 | E60: =E58/$O$58 -> 0.082102989 | F60: =F58/$O$58 -> 0.24702917 | G60: =G58/$O$58 -> 0.012603529 | H60: =H58/$O$58 -> 0.0018005041 | I60: =I58/$O$58 -> 0.042491898 | J60: =J58/$O$58 -> 0.015124235 | ... L60: =L58/$O$58 -> 0 | N60: =N58/$O$58 -> 0

Sheet 26.09 Gaba-Munyonyo-24Hrs
B1: Consultancy services for Preparation of Expressway Development Master Plan (EDMP) for Uganda
B2: MANUAL CLASSIFIED COUNT (MCC)
B3: ROAD NAME: | C3: ='23.09.19 Gaba -Munyonyo'!C3:G3 -> MCC-C2-STNO 52-Wavamuno RD
C5: Date | D5: 26.9.19 | F5: Location | G5: ='27.09 Munyonyo-Gaba'!G5:H5 -> Wavamuno | J5: Surveyor | K5: ='27.09 Munyonyo-Gaba'!K5:L5 -> Andrew
C6: Dir. From | D6: ='23.09.19 Gaba -Munyonyo'!D6:E6 -> GABA | F6: Dir. To | G6: ='23.09.19 Gaba -Munyonyo'!G6:H6 -> MUNYONYO | J6: Supervisor | K6: ='27.09 Munyonyo-Gaba'!K6:L6 -> Steven
B8: Time / Veh Type | R8: SUMMARY TRAFFIC VOLUMES
C9: 1. Car | D9: 2. Station Wagon | E9: 3. Pickups | F9: 4. Minibus, matatu | G9: 5. Medium bus | H9: 6. Large Bus | I9: 7. Light Truck | J9: 8. Medium Truck | K9: 9. Heavy truck | L9: 10. Truck Trailer | M9: 11. Motor cycles | N9: 12. Tractors | O9: Total Excl M/Cycles | P9: Total All | R9: Time | S9: 1. Car | T9: 2. Station Wagon | U9: 3. Pickups | V9: 4. Minibus, matatu | W9: 5. Medium bus | X9: 6. Large Bus | Y9: 7. Light Truck | Z9: 8. Medium Truck | AA9: 9. Heavy truck | AB9: 10. Truck Trailer | AC9: 11. Motorcycles | AD9: 12. Tractors, Graders | AE9: Total Excl M/ Cycles | AF9: Total All
B10: 07.00 - 07.15 | C10: 34 | D10: 5 | E10: 3 | F10: 17 | G10: 2 | H10: 0 | I10: 1 | J10: 1 | K10: 0 | L10: 0 | M10: 23 | N10: 0 | O10: =SUM(C10:L10,N10) -> 63 | P10: =SUM(C10:N10) -> 86 | R10: 0700-0800 | S10: =SUM(C10:C13) -> 146 | T10: =SUM(D10:D13) -> 42 | U10: =SUM(E10:E13) -> 16 | V10: =SUM(F10:F13) -> 60 | W10: =SUM(G10:G13) -> 6 | X10: =SUM(H10:H13) -> 1 | Y10: =SUM(I10:I13) -> 6 | Z10: =SUM(J10:J13) -> 4 | ... AF10: =SUM(P10:P13) -> 407
B11: 07.15 - 07.30 | C11: 42 | D11: 10 | E11: 5 | F11: 13 | G11: 2 | H11: 0 | I11: 1 | J11: 0 | K11: 0 | L11: 0 | M11: 29 | N11: 0 | O11: =SUM(C11:L11,N11) -> 73 | P11: =SUM(C11:N11) -> 102 | R11: 0800-0900 | S11: =SUM(C14:C17) -> 154 | T11: =SUM(D14:D17) -> 71 | U11: =SUM(E14:E17) -> 36 | V11: =SUM(F14:F17) -> 52 | W11: =SUM(G14:G17) -> 6 | X11: =SUM(H14:H17) -> 2 | Y11: =SUM(I14:I17) -> 6 | Z11: =SUM(J14:J17) -> 10 | ... AF11: =SUM(P14:P17) -> 505
B12: 07.30 - 07.45 | C12: 35 | D12: 14 | E12: 3 | F12: 13 | G12: 2 | H12: 1 | I12: 3 | J12: 2 | K12: 0 | L12: 0 | M12: 36 | N12: 0 | O12: =SUM(C12:L12,N12) -> 73 | P12: =SUM(C12:N12) -> 109 | R12: 0900-1000 | S12: =SUM(C18:C21) -> 113 | T12: =SUM(D18:D21) -> 87 | U12: =SUM(E18:E21) -> 28 | V12: =SUM(F18:F21) -> 60 | W12: =SUM(G18:G21) -> 7 | X12: =SUM(H18:H21) -> 2 | Y12: =SUM(I18:I21) -> 4 | Z12: =SUM(J18:J21) -> 3 | ... AF12: =SUM(P18:P21) -> 469
B13: 07.45 - 08.00 | C13: 35 | D13: 13 | E13: 5 | F13: 17 | G13: 0 | H13: 0 | I13: 1 | J13: 1 | K13: 0 | L13: 0 | M13: 38 | N13: 0 | O13: =SUM(C13:L13,N13) -> 72 | P13: =SUM(C13:N13) -> 110 | R13: 1000-1100 | S13: =SUM(C22:C25) -> 116 | T13: =SUM(D22:D25) -> 74 | U13: =SUM(E22:E25) -> 26 | V13: =SUM(F22:F25) -> 44 | W13: =SUM(G22:G25) -> 6 | X13: =SUM(H22:H25) -> 0 | Y13: =SUM(I22:I25) -> 9 | Z13: =SUM(J22:J25) -> 8 | ... AF13: =SUM(P22:P25) -> 461
B14: 08.00 - 08.15 | C14: 39 | D14: 15 | E14: 5 | F14: 20 | G14: 1 | H14: 0 | I14: 2 | J14: 1 | K14: 0 | L14: 0 | M14: 40 | N14: 0 | O14: =SUM(C14:L14,N14) -> 83 | P14: =SUM(C14:N14) -> 123 | R14: 1100-1200 | S14: =SUM(C26:C29) -> 132 | T14: =SUM(D26:D29) -> 37 | U14: =SUM(E26:E29) -> 25 | V14: =SUM(F26:F29) -> 53 | W14: =SUM(G26:G29) -> 1 | X14: =SUM(H26:H29) -> 2 | Y14: =SUM(I26:I29) -> 18 | Z14: =SUM(J26:J29) -> 8 | ... AF14: =SUM(P26:P29) -> 429
B15: 08.15 - 08.30 | C15: 44 | D15: 19 | E15: 8 | F15: 17 | G15: 1 | H15: 1 | I15: 0 | J15: 5 | K15: 0 | L15: 0 | M15: 46 | N15: 0 | O15: =SUM(C15:L15,N15) -> 95 | P15: =SUM(C15:N15) -> 141 | R15: 1200-1300 | S15: =SUM(C30:C33) -> 142 | T15: =SUM(D30:D33) -> 44 | U15: =SUM(E30:E33) -> 18 | V15: =SUM(F30:F33) -> 31 | W15: =SUM(G30:G33) -> 1 | X15: =SUM(H30:H33) -> 0 | Y15: =SUM(I30:I33) -> 3 | Z15: =SUM(J30:J33) -> 4 | ... AF15: =SUM(P30:P33) -> 392
B16: 08.30 - 08.45 | C16: 28 | D16: 18 | E16: 10 | F16: 9 | G16: 1 | H16: 0 | I16: 1 | J16: 3 | K16: 0 | L16: 0 | M16: 41 | N16: 0 | O16: =SUM(C16:L16,N16) -> 70 | P16: =SUM(C16:N16) -> 111 | R16: 1300-1400 | S16: =SUM(C34:C37) -> 141 | T16: =SUM(D34:D37) -> 30 | U16: =SUM(E34:E37) -> 18 | V16: =SUM(F34:F37) -> 34 | W16: =SUM(G34:G37) -> 1 | X16: =SUM(H34:H37) -> 0 | Y16: =SUM(I34:I37) -> 8 | Z16: =SUM(J34:J37) -> 11 | ... AF16: =SUM(P34:P37) -> 387
B17: 08.45 - 9.00 | C17: 43 | D17: 19 | E17: 13 | F17: 6 | G17: 3 | H17: 1 | I17: 3 | J17: 1 | K17: 0 | L17: 0 | M17: 41 | N17: 0 | O17: =SUM(C17:L17,N17) -> 89 | P17: =SUM(C17:N17) -> 130 | R17: 1400-1500 | S17: =SUM(C38:C41) -> 114 | T17: =SUM(D38:D41) -> 42 | U17: =SUM(E38:E41) -> 12 | V17: =SUM(F38:F41) -> 40 | W17: =SUM(G38:G41) -> 2 | X17: =SUM(H38:H41) -> 0 | Y17: =SUM(I38:I41) -> 8 | Z17: =SUM(J38:J41) -> 9 | ... AF17: =SUM(P38:P41) -> 343
B18: 09.00 - 09.15 | C18: 31 | D18: 21 | E18: 10 | F18: 15 | G18: 1 | H18: 0 | I18: 3 | J18: 0 | K18: 0 | L18: 0 | M18: 48 | N18: 0 | O18: =SUM(C18:L18,N18) -> 81 | P18: =SUM(C18:N18) -> 129 | R18: 1500-1600 | S18: =SUM(C42:C45) -> 160 | T18: =SUM(D42:D45) -> 42 | U18: =SUM(E42:E45) -> 10 | V18: =SUM(F42:F45) -> 44 | W18: =SUM(G42:G45) -> 2 | X18: =SUM(H42:H45) -> 0 | Y18: =SUM(I42:I45) -> 9 | Z18: =SUM(J42:J45) -> 9 | ... AF18: =SUM(P42:P45) -> 431
B19: 09.15 - 09.30 | C19: 33 | D19: 23 | E19: 6 | F19: 18 | G19: 0 | H19: 1 | I19: 1 | J19: 0 | K19: 0 | L19: 0 | M19: 36 | N19: 0 | O19: =SUM(C19:L19,N19) -> 82 | P19: =SUM(C19:N19) -> 118 | R19: 1600-1700 | S19: =SUM(C46:C49) -> 144 | T19: =SUM(D46:D49) -> 47 | U19: =SUM(E46:E49) -> 20 | V19: =SUM(F46:F49) -> 49 | W19: =SUM(G46:G49) -> 0 | X19: =SUM(H46:H49) -> 0 | Y19: =SUM(I46:I49) -> 8 | Z19: =SUM(J46:J49) -> 6 | ... AF19: =SUM(P46:P49) -> 433
B20: 09.30 - 09.45 | C20: 27 | D20: 20 | E20: 8 | F20: 10 | G20: 3 | H20: 0 | I20: 0 | J20: 1 | K20: 0 | L20: 0 | M20: 48 | N20: 0 | O20: =SUM(C20:L20,N20) -> 69 | P20: =SUM(C20:N20) -> 117 | R20: 1700-1800 | S20: =SUM(C50:C53) -> 158 | T20: =SUM(D50:D53) -> 76 | U20: =SUM(E50:E53) -> 20 | V20: =SUM(F50:F53) -> 44 | W20: =SUM(G50:G53) -> 5 | X20: =SUM(H50:H53) -> 1 | Y20: =SUM(I50:I53) -> 15 | Z20: =SUM(J50:J53) -> 5 | ... AF20: =SUM(P50:P53) -> 519
B21: 09.45 - 10.00 | C21: 22 | D21: 23 | E21: 4 | F21: 17 | G21: 3 | H21: 1 | I21: 0 | J21: 2 | K21: 0 | L21: 0 | M21: 33 | N21: 0 | O21: =SUM(C21:L21,N21) -> 72 | P21: =SUM(C21:N21) -> 105 | R21: 1800-1900 | S21: =SUM(C54:C57) -> 117 | T21: =SUM(D54:D57) -> 128 | U21: =SUM(E54:E57) -> 26 | V21: =SUM(F54:F57) -> 54 | W21: =SUM(G54:G57) -> 0 | X21: =SUM(H54:H57) -> 0 | Y21: =SUM(I54:I57) -> 9 | Z21: =SUM(J54:J57) -> 5 | ... AF21: =SUM(P54:P57) -> 624
B22: 10.00 - 10.15 | C22: 21 | D22: 24 | E22: 7 | F22: 6 | G22: 2 | H22: 0 | I22: 1 | J22: 2 | K22: 0 | L22: 0 | M22: 46 | N22: 0 | O22: =SUM(C22:L22,N22) -> 63 | P22: =SUM(C22:N22) -> 109 | R22: 1900-2000 | S22: =SUM(C58:C61) -> 72 | T22: =SUM(D58:D61) -> 79 | U22: =SUM(E58:E61) -> 15 | V22: =SUM(F58:F61) -> 36 | W22: =SUM(G58:G61) -> 1 | X22: =SUM(H58:H61) -> 2 | Y22: =SUM(I58:I61) -> 7 | Z22: =SUM(J58:J61) -> 3 | ... AF22: =SUM(P58:P61) -> 438
B23: 10.15 - 10.30 | C23: 16 | D23: 25 | E23: 9 | F23: 10 | G23: 3 | H23: 0 | I23: 1 | J23: 4 | K23: 0 | L23: 0 | M23: 51 | N23: 0 | O23: =SUM(C23:L23,N23) -> 68 | P23: =SUM(C23:N23) -> 119 | R23: 2000-2100 | S23: =SUM(C62:C65) -> 97 | T23: =SUM(D62:D65) -> 70 | U23: =SUM(E62:E65) -> 12 | V23: =SUM(F62:F65) -> 37 | W23: =SUM(G62:G65) -> 1 | X23: =SUM(H62:H65) -> 1 | Y23: =SUM(I62:I65) -> 9 | Z23: =SUM(J62:J65) -> 3 | ... AF23: =SUM(P62:P65) -> 461
B24: 10.30 - 10.45 | C24: 39 | D24: 24 | E24: 5 | F24: 16 | G24: 1 | H24: 0 | I24: 6 | J24: 0 | K24: 0 | L24: 0 | M24: 46 | N24: 0 | O24: =SUM(C24:L24,N24) -> 91 | P24: =SUM(C24:N24) -> 137 | R24: 2100-2200 | S24: =SUM(C66:C69) -> 108 | T24: =SUM(D66:D69) -> 94 | U24: =SUM(E66:E69) -> 17 | V24: =SUM(F66:F69) -> 30 | W24: =SUM(G66:G69) -> 0 | X24: =SUM(H66:H69) -> 0 | Y24: =SUM(I66:I69) -> 8 | Z24: =SUM(J66:J69) -> 2 | ... AF24: =SUM(P66:P69) -> 511
B25: 10.45 - 11.00 | C25: 40 | D25: 1 | E25: 5 | F25: 12 | G25: 0 | H25: 0 | I25: 1 | J25: 2 | K25: 0 | L25: 0 | M25: 35 | N25: 0 | O25: =SUM(C25:L25,N25) -> 61 | P25: =SUM(C25:N25) -> 96 | R25: 2200-2300 | S25: =SUM(C70:C73) -> 62 | T25: =SUM(D70:D73) -> 50 | U25: =SUM(E70:E73) -> 11 | V25: =SUM(F70:F73) -> 17 | W25: =SUM(G70:G73) -> 0 | X25: =SUM(H70:H73) -> 2 | Y25: =SUM(I70:I73) -> 5 | Z25: =SUM(J70:J73) -> 0 | ... AF25: =SUM(P70:P73) -> 323
B26: 11.00 - 11.15 | C26: 34 | D26: 13 | E26: 6 | F26: 12 | G26: 0 | H26: 2 | I26: 8 | J26: 0 | K26: 0 | L26: 0 | M26: 40 | N26: 0 | O26: =SUM(C26:L26,N26) -> 75 | P26: =SUM(C26:N26) -> 115 | R26: 2300-0000 | S26: =SUM(C74:C77) -> 37 | T26: =SUM(D74:D77) -> 40 | U26: =SUM(E74:E77) -> 10 | V26: =SUM(F74:F77) -> 11 | W26: =SUM(G74:G77) -> 1 | X26: =SUM(H74:H77) -> 0 | Y26: =SUM(I74:I77) -> 0 | Z26: =SUM(J74:J77) -> 0 | ... AF26: =SUM(P74:P77) -> 207
B27: 11.15 - 11.30 | C27: 31 | D27: 6 | E27: 7 | F27: 11 | G27: 1 | H27: 0 | I27: 3 | J27: 2 | K27: 0 | L27: 0 | M27: 42 | N27: 0 | O27: =SUM(C27:L27,N27) -> 61 | P27: =SUM(C27:N27) -> 103 | R27: 0000-0100 | S27: =SUM(C78:C81) -> 31 | T27: =SUM(D78:D81) -> 21 | U27: =SUM(E78:E81) -> 1 | V27: =SUM(F78:F81) -> 6 | W27: =SUM(G78:G81) -> 1 | X27: =SUM(H78:H81) -> 0 | Y27: =SUM(I78:I81) -> 1 | Z27: =SUM(J78:J81) -> 0 | ... AF27: =SUM(P78:P81) -> 138
B28: 11.30 - 11.45 | C28: 35 | D28: 13 | E28: 9 | F28: 18 | G28: 0 | H28: 0 | I28: 3 | J28: 2 | K28: 0 | L28: 0 | M28: 45 | N28: 0 | O28: =SUM(C28:L28,N28) -> 80 | P28: =SUM(C28:N28) -> 125 | R28: 0100-0200 | S28: =SUM(C82:C85) -> 39 | T28: =SUM(D82:D85) -> 7 | U28: =SUM(E82:E85) -> 5 | V28: =SUM(F82:F85) -> 2 | W28: =SUM(G82:G85) -> 1 | X28: =SUM(H82:H85) -> 0 | Y28: =SUM(I82:I85) -> 1 | Z28: =SUM(J82:J85) -> 0 | ... AF28: =SUM(P82:P85) -> 120
B29: 11.45 - 12.00 | C29: 32 | D29: 5 | E29: 3 | F29: 12 | G29: 0 | H29: 0 | I29: 4 | J29: 4 | K29: 0 | L29: 1 | M29: 25 | N29: 0 | O29: =SUM(C29:L29,N29) -> 61 | P29: =SUM(C29:N29) -> 86 | R29: 0200-0300 | S29: =SUM(C86:C89) -> 34 | T29: =SUM(D86:D89) -> 4 | U29: =SUM(E86:E89) -> 4 | V29: =SUM(F86:F89) -> 4 | W29: =SUM(G86:G89) -> 0 | X29: =SUM(H86:H89) -> 0 | Y29: =SUM(I86:I89) -> 0 | Z29: =SUM(J86:J89) -> 0 | ... AF29: =SUM(P86:P89) -> 80
B30: 12.00 - 12.15 | C30: 33 | D30: 11 | E30: 1 | F30: 10 | G30: 0 | H30: 0 | I30: 0 | J30: 2 | K30: 0 | L30: 0 | M30: 40 | N30: 0 | O30: =SUM(C30:L30,N30) -> 57 | P30: =SUM(C30:N30) -> 97 | R30: 0300-0400 | S30: =SUM(C90:C93) -> 25 | T30: =SUM(D90:D93) -> 4 | U30: =SUM(E90:E93) -> 1 | V30: =SUM(F90:F93) -> 0 | W30: =SUM(G90:G93) -> 0 | X30: =SUM(H90:H93) -> 0 | Y30: =SUM(I90:I93) -> 0 | Z30: =SUM(J90:J93) -> 0 | ... AF30: =SUM(P90:P93) -> 48
B31: 12.15 - 12.30 | C31: 37 | D31: 12 | E31: 10 | F31: 4 | G31: 0 | H31: 0 | I31: 1 | J31: 0 | K31: 0 | L31: 0 | M31: 32 | N31: 0 | O31: =SUM(C31:L31,N31) -> 64 | P31: =SUM(C31:N31) -> 96 | R31: 0400-0500 | S31: =SUM(C94:C97) -> 18 | T31: =SUM(D94:D97) -> 2 | U31: =SUM(E94:E97) -> 2 | V31: =SUM(F94:F97) -> 2 | W31: =SUM(G94:G97) -> 0 | X31: =SUM(H94:H97) -> 0 | Y31: =SUM(I94:I97) -> 0 | Z31: =SUM(J94:J97) -> 1 | ... AF31: =SUM(P94:P97) -> 41
B32: 12.30 - 12.45 | C32: 45 | D32: 8 | E32: 6 | F32: 6 | G32: 1 | H32: 0 | I32: 0 | J32: 1 | K32: 0 | L32: 0 | M32: 47 | N32: 0 | O32: =SUM(C32:L32,N32) -> 67 | P32: =SUM(C32:N32) -> 114 | R32: 0500-0600 | S32: =SUM(C98:C101) -> 19 | T32: =SUM(D98:D101) -> 7 | U32: =SUM(E98:E101) -> 5 | V32: =SUM(F98:F101) -> 11 | W32: =SUM(G98:G101) -> 0 | X32: =SUM(H98:H101) -> 1 | Y32: =SUM(I98:I101) -> 2 | Z32: =SUM(J98:J101) -> 1 | ... AF32: =SUM(P98:P101) -> 69
B33: 12.45 - 13.00 | C33: 27 | D33: 13 | E33: 1 | F33: 11 | G33: 0 | H33: 0 | I33: 2 | J33: 1 | K33: 0 | L33: 0 | M33: 30 | N33: 0 | O33: =SUM(C33:L33,N33) -> 55 | P33: =SUM(C33:N33) -> 85 | R33: 0600-0700 | S33: =SUM(C102:C105) -> 65 | T33: =SUM(D102:D105) -> 20 | U33: =SUM(E102:E105) -> 7 | V33: =SUM(F102:F105) -> 32 | W33: =SUM(G102:G105) -> 2 | X33: =SUM(H102:H105) -> 0 | Y33: =SUM(I102:I105) -> 5 | Z33: =SUM(J102:J105) -> 0 | ... AF33: =SUM(P102:P105) -> 172
B34: 13.00 - 13.15 | C34: 40 | D34: 4 | E34: 3 | F34: 13 | G34: 0 | H34: 0 | I34: 4 | J34: 4 | K34: 0 | L34: 0 | M34: 39 | N34: 0 | O34: =SUM(C34:L34,N34) -> 68 | P34: =SUM(C34:N34) -> 107 | R34: AM Peak Hr | S34: =MAX(S10:S12) -> 154 | T34: =MAX(T10:T12) -> 87 | U34: =MAX(U10:U12) -> 36 | V34: =MAX(V10:V12) -> 60 | W34: =MAX(W10:W12) -> 7 | X34: =MAX(X10:X12) -> 2 | Y34: =MAX(Y10:Y12) -> 6 | Z34: =MAX(Z10:Z12) -> 10 | ... AF34: =MAX(AF10:AF12) -> 505
B35: 13.15 - 13.30 | C35: 32 | D35: 5 | E35: 6 | F35: 9 | G35: 1 | H35: 0 | I35: 1 | J35: 0 | K35: 0 | L35: 0 | M35: 47 | N35: 0 | O35: =SUM(C35:L35,N35) -> 54 | P35: =SUM(C35:N35) -> 101 | R35: IP Peak Hr | S35: =MAX(S13:S18) -> 160 | T35: =MAX(T13:T18) -> 74 | U35: =MAX(U13:U18) -> 26 | V35: =MAX(V13:V18) -> 53 | W35: =MAX(W13:W18) -> 6 | X35: =MAX(X13:X18) -> 2 | Y35: =MAX(Y13:Y18) -> 18 | Z35: =MAX(Z13:Z18) -> 11 | ... AF35: =MAX(AF13:AF18) -> 461
B36: 13.30 - 13.45 | C36: 47 | D36: 11 | E36: 5 | F36: 6 | G36: 0 | H36: 0 | I36: 1 | J36: 5 | K36: 0 | L36: 0 | M36: 23 | N36: 0 | O36: =SUM(C36:L36,N36) -> 75 | P36: =SUM(C36:N36) -> 98 | R36: PM Peak Hr | S36: =MAX(S19:S21) -> 158 | T36: =MAX(T19:T21) -> 128 | U36: =MAX(U19:U21) -> 26 | V36: =MAX(V19:V21) -> 54 | W36: =MAX(W19:W21) -> 5 | X36: =MAX(X19:X21) -> 1 | Y36: =MAX(Y19:Y21) -> 15 | Z36: =MAX(Z19:Z21) -> 6 | ... AF36: =MAX(AF19:AF21) -> 624
B37: 13.45 - 14.00 | C37: 22 | D37: 10 | E37: 4 | F37: 6 | G37: 0 | H37: 0 | I37: 2 | J37: 2 | K37: 0 | L37: 0 | M37: 35 | N37: 0 | O37: =SUM(C37:L37,N37) -> 46 | P37: =SUM(C37:N37) -> 81 | R37: AM Period | S37: =SUM(S10:S12) -> 413 | T37: =SUM(T10:T12) -> 200 | U37: =SUM(U10:U12) -> 80 | V37: =SUM(V10:V12) -> 172 | W37: =SUM(W10:W12) -> 19 | X37: =SUM(X10:X12) -> 5 | Y37: =SUM(Y10:Y12) -> 16 | Z37: =SUM(Z10:Z12) -> 17 | ... AF37: =SUM(AF10:AF12) -> 1381
B38: 14.00 - 14.15 | C38: 50 | D38: 8 | E38: 4 | F38: 8 | G38: 0 | H38: 0 | I38: 3 | J38: 4 | K38: 0 | L38: 0 | M38: 39 | N38: 0 | O38: =SUM(C38:L38,N38) -> 77 | P38: =SUM(C38:N38) -> 116 | R38: IP Period | S38: =SUM(S13:S18) -> 805 | T38: =SUM(T13:T18) -> 269 | U38: =SUM(U13:U18) -> 109 | V38: =SUM(V13:V18) -> 246 | W38: =SUM(W13:W18) -> 13 | X38: =SUM(X13:X18) -> 2 | Y38: =SUM(Y13:Y18) -> 55 | Z38: =SUM(Z13:Z18) -> 49 | ... AF38: =SUM(AF13:AF18) -> 2443
B39: 14.15 - 14.30 | C39: 3 | D39: 13 | E39: 3 | F39: 11 | G39: 2 | H39: 0 | I39: 2 | J39: 0 | K39: 0 | L39: 0 | M39: 22 | N39: 0 | O39: =SUM(C39:L39,N39) -> 34 | P39: =SUM(C39:N39) -> 56 | R39: PM Period | S39: =SUM(S19:S21) -> 419 | T39: =SUM(T19:T21) -> 251 | U39: =SUM(U19:U21) -> 66 | V39: =SUM(V19:V21) -> 147 | W39: =SUM(W19:W21) -> 5 | X39: =SUM(X19:X21) -> 1 | Y39: =SUM(Y19:Y21) -> 32 | Z39: =SUM(Z19:Z21) -> 16 | ... AF39: =SUM(AF19:AF21) -> 1576
B40: 14.30 - 14.45 | C40: 31 | D40: 12 | E40: 3 | F40: 9 | G40: 0 | H40: 0 | I40: 3 | J40: 2 | K40: 0 | L40: 0 | M40: 23 | N40: 0 | O40: =SUM(C40:L40,N40) -> 60 | P40: =SUM(C40:N40) -> 83 | R40: 12 Hours | S40: =SUM(S10:S21) -> 1637 | T40: =SUM(T10:T21) -> 720 | U40: =SUM(U10:U21) -> 255 | V40: =SUM(V10:V21) -> 565 | W40: =SUM(W10:W21) -> 37 | X40: =SUM(X10:X21) -> 8 | Y40: =SUM(Y10:Y21) -> 103 | Z40: =SUM(Z10:Z21) -> 82 | ... AF40: =SUM(AF10:AF21) -> 5400
B41: 14.45 - 15.00 | C41: 30 | D41: 9 | E41: 2 | F41: 12 | G41: 0 | H41: 0 | I41: 0 | J41: 3 | K41: 0 | L41: 0 | M41: 32 | N41: 0 | O41: =SUM(C41:L41,N41) -> 56 | P41: =SUM(C41:N41) -> 88 | R41: 24 Hrs/ADT | S41: =SUM(S10:S33) -> 2244 | T41: =SUM(T10:T33) -> 1118 | U41: =SUM(U10:U33) -> 345 | V41: =SUM(V10:V33) -> 753 | W41: =SUM(W10:W33) -> 44 | X41: =SUM(X10:X33) -> 14 | Y41: =SUM(Y10:Y33) -> 141 | Z41: =SUM(Z10:Z33) -> 92 | ... AF41: =SUM(AF10:AF33) -> 8008
B42: 15.00 - 15.15 | C42: 30 | D42: 15 | E42: 4 | F42: 12 | G42: 0 | H42: 0 | I42: 2 | J42: 3 | K42: 0 | L42: 0 | M42: 36 | N42: 0 | O42: =SUM(C42:L42,N42) -> 66 | P42: =SUM(C42:N42) -> 102 | R42: NEF | S42: =S41/S40 -> 1.3708002 | T42: =T41/T40 -> 1.5527778 | U42: =U41/U40 -> 1.3529412 | V42: =V41/V40 -> 1.3327434 | W42: =W41/W40 -> 1.1891892 | X42: =X41/X40 -> 1.75 | Y42: =Y41/Y40 -> 1.368932 | Z42: =Z41/Z40 -> 1.1219512 | ... AF42: =AF41/AF40 -> 1.482963
B43: 15.15 - 15.30 | C43: 39 | D43: 8 | E43: 2 | F43: 11 | G43: 0 | H43: 0 | I43: 1 | J43: 1 | K43: 0 | L43: 0 | M43: 35 | N43: 0 | O43: =SUM(C43:L43,N43) -> 62 | P43: =SUM(C43:N43) -> 97
B44: 15.30 - 15.45 | C44: 43 | D44: 12 | E44: 2 | F44: 9 | G44: 2 | H44: 0 | I44: 2 | J44: 4 | K44: 0 | L44: 0 | M44: 41 | N44: 0 | O44: =SUM(C44:L44,N44) -> 74 | P44: =SUM(C44:N44) -> 115
B45: 15.45 - 16.00 | C45: 48 | D45: 7 | E45: 2 | F45: 12 | G45: 0 | H45: 0 | I45: 4 | J45: 1 | K45: 0 | L45: 0 | M45: 43 | N45: 0 | O45: =SUM(C45:L45,N45) -> 74 | P45: =SUM(C45:N45) -> 117
B46: 16.00 - 16.15 | C46: 35 | D46: 13 | E46: 6 | F46: 18 | G46: 0 | H46: 0 | I46: 2 | J46: 2 | K46: 0 | L46: 0 | M46: 33 | N46: 0 | O46: =SUM(C46:L46,N46) -> 76 | P46: =SUM(C46:N46) -> 109
B47: 16.15 -16.30 | C47: 39 | D47: 9 | E47: 7 | F47: 9 | G47: 0 | H47: 0 | I47: 3 | J47: 0 | K47: 0 | L47: 0 | M47: 66 | N47: 0 | O47: =SUM(C47:L47,N47) -> 67 | P47: =SUM(C47:N47) -> 133
B48: 16.30 -16.45 | C48: 32 | D48: 11 | E48: 5 | F48: 10 | G48: 0 | H48: 0 | I48: 1 | J48: 3 | K48: 0 | L48: 0 | M48: 30 | N48: 0 | O48: =SUM(C48:L48,N48) -> 62 | P48: =SUM(C48:N48) -> 92
B49: 16.45 -17.00 | C49: 38 | D49: 14 | E49: 2 | F49: 12 | G49: 0 | H49: 0 | I49: 2 | J49: 1 | K49: 0 | L49: 0 | M49: 30 | N49: 0 | O49: =SUM(C49:L49,N49) -> 69 | P49: =SUM(C49:N49) -> 99
B50: 17.00 -17.15 | C50: 46 | D50: 15 | E50: 5 | F50: 11 | G50: 4 | H50: 0 | I50: 1 | J50: 4 | K50: 0 | L50: 0 | M50: 55 | N50: 0 | O50: =SUM(C50:L50,N50) -> 86 | P50: =SUM(C50:N50) -> 141
B51: 17.15 -17.30 | C51: 41 | D51: 26 | E51: 7 | F51: 8 | G51: 1 | H51: 0 | I51: 3 | J51: 0 | K51: 1 | L51: 0 | M51: 50 | N51: 0 | O51: =SUM(C51:L51,N51) -> 87 | P51: =SUM(C51:N51) -> 137
B52: 17.30 -17.45 | C52: 31 | D52: 23 | E52: 5 | F52: 13 | G52: 0 | H52: 1 | I52: 8 | J52: 0 | K52: 0 | L52: 0 | M52: 14 | N52: 0 | O52: =SUM(C52:L52,N52) -> 81 | P52: =SUM(C52:N52) -> 95
B53: 17.45 -18.00 | C53: 40 | D53: 12 | E53: 3 | F53: 12 | G53: 0 | H53: 0 | I53: 3 | J53: 1 | K53: 0 | L53: 0 | M53: 75 | N53: 0 | O53: =SUM(C53:L53,N53) -> 71 | P53: =SUM(C53:N53) -> 146
B54: 18.00 - 18.15 | C54: 32 | D54: 27 | E54: 7 | F54: 14 | G54: 0 | H54: 0 | I54: 3 | J54: 0 | K54: 0 | L54: 0 | M54: 63 | N54: 0 | O54: =SUM(C54:L54,N54) -> 83 | P54: =SUM(C54:N54) -> 146
... B105: 06.45 - 07.00 | C105: 23 | D105: 6 | E105: 2 | F105: 14 | G105: 1 | H105: 0 | I105: 3 | J105: 0 | K105: 0 | L105: 0 | M105: 22 | N105: 0 | O105: =SUM(C105:L105,N105) -> 49 | P105: =SUM(C105:N105) -> 71
B106: Totals | C106: =SUM(C10:C105) -> 2244 | D106: =SUM(D10:D105) -> 1118 | E106: =SUM(E10:E105) -> 345 | F106: =SUM(F10:F105) -> 753 | G106: =SUM(G10:G105) -> 44 | H106: =SUM(H10:H105) -> 14 | I106: =SUM(I10:I105) -> 141 | J106: =SUM(J10:J105) -> 92 | ... P106: =SUM(P10:P105) -> 8008
B107: %ges + MCs | C107: =C106/$P$106 -> 0.28021978 | D107: =D106/$P$106 -> 0.13961039 | E107: =E106/$P$106 -> 0.043081918 | F107: =F106/$P$106 -> 0.094030969 | G107: =G106/$P$106 -> 0.0054945055 | H107: =H106/$P$106 -> 0.0017482517 | I107: =I106/$P$106 -> 0.017607393 | J107: =J106/$P$106 -> 0.011488511 | ... N107: =N106/$P$106 -> 0
B108: %ges w/o MCs | C108: =C106/$O$106 -> 0.47172588 | D108: =D106/$O$106 -> 0.23502207 | E108: =E106/$O$106 -> 0.0725247 | F108: =F106/$O$106 -> 0.15829304 | G108: =G106/$O$106 -> 0.009249527 | H108: =H106/$O$106 -> 0.0029430313 | I108: =I106/$O$106 -> 0.02964053 | J108: =J106/$O$106 -> 0.01933992 | ... L108: =L106/$O$106 -> 0.00042043305 | N108: =N106/$O$106 -> 0

Sheet 26.09 Munyonyo-Gaba-24Hrs
B1: Consultancy services for Preparation of Expressway Development Master Plan (EDMP) for Uganda
B2: MANUAL CLASSIFIED COUNT (MCC)
B3: ROAD NAME: | C3: ='23.09.19 Gaba -Munyonyo'!C3:G3 -> MCC-C2-STNO 52-Wavamuno RD
C5: Date | D5: ='26.09 Gaba-Munyonyo-24Hrs'!D5 -> 26.9.19 | F5: Location | G5: ='26.09 Gaba-Munyonyo-24Hrs'!G5:H5 -> Wavamuno | J5: Surveyor | K5: ='26.09 Gaba-Munyonyo-24Hrs'!K5:L5 -> Andrew
C6: Dir. From | D6: ='23.09.19 Munyonyo -Gaba'!D6:E6 -> MUNYONYO | F6: Dir. To | G6: ='24.09 Munyonyo-Gaba'!G6:H6 -> GGABA ROAD | J6: Supervisor | K6: ='26.09 Gaba-Munyonyo-24Hrs'!K6:L6 -> Steven
B8: Time / Veh Type | R8: SUMMARY TRAFFIC VOLUMES
C9: 1. Car | D9: 2. Station Wagon | E9: 3. Pickups | F9: 4. Minibus, matatu | G9: 5. Medium bus | H9: 6. Large Bus | I9: 7. Light Truck | J9: 8. Medium Truck | K9: 9. Heavy truck | L9: 10. Truck Trailer | M9: 11. Motor cycles | N9: 12. Tractors | O9: Total Excl M/Cycles | P9: Total All | R9: Time | S9: 1. Car | T9: 2. Station Wagon | U9: 3. Pickups | V9: 4. Minibus, matatu | W9: 5. Medium bus | X9: 6. Large Bus | Y9: 7. Light Truck | Z9: 8. Medium Truck | AA9: 9. Heavy truck | AB9: 10. Truck Trailer | AC9: 11. Motorcycles | AD9: 12. Tractors, Graders | AE9: Total Excl M/ Cycles | AF9: Total All
B10: 07.00 - 07.15 | C10: 40 | D10: 16 | E10: 3 | F10: 10 | G10: 0 | H10: 0 | I10: 1 | J10: 0 | K10: 0 | L10: 0 | M10: 27 | N10: 0 | O10: =SUM(C10:L10,N10) -> 70 | P10: =SUM(C10:N10) -> 97 | R10: 0700-0800 | S10: =SUM(C10:C13) -> 89 | T10: =SUM(D10:D13) -> 54 | U10: =SUM(E10:E13) -> 6 | V10: =SUM(F10:F13) -> 35 | W10: =SUM(G10:G13) -> 1 | X10: =SUM(H10:H13) -> 0 | Y10: =SUM(I10:I13) -> 3 | Z10: =SUM(J10:J13) -> 0 | ... AF10: =SUM(P10:P13) -> 286
B11: 07.15 - 07.30 | C11: 16 | D11: 15 | E11: 2 | F11: 14 | G11: 0 | H11: 0 | I11: 0 | J11: 0 | K11: 0 | L11: 0 | M11: 22 | N11: 0 | O11: =SUM(C11:L11,N11) -> 47 | P11: =SUM(C11:N11) -> 69 | R11: 0800-0900 | S11: =SUM(C14:C17) -> 64 | T11: =SUM(D14:D17) -> 63 | U11: =SUM(E14:E17) -> 18 | V11: =SUM(F14:F17) -> 19 | W11: =SUM(G14:G17) -> 1 | X11: =SUM(H14:H17) -> 0 | Y11: =SUM(I14:I17) -> 5 | Z11: =SUM(J14:J17) -> 0 | ... AF11: =SUM(P14:P17) -> 281
B12: 07.30 - 07.45 | C12: 17 | D12: 7 | E12: 0 | F12: 4 | G12: 1 | H12: 0 | I12: 1 | J12: 0 | K12: 0 | L12: 0 | M12: 31 | N12: 0 | O12: =SUM(C12:L12,N12) -> 30 | P12: =SUM(C12:N12) -> 61 | R12: 0900-1000 | S12: =SUM(C18:C21) -> 55 | T12: =SUM(D18:D21) -> 65 | U12: =SUM(E18:E21) -> 20 | V12: =SUM(F18:F21) -> 26 | W12: =SUM(G18:G21) -> 3 | X12: =SUM(H18:H21) -> 0 | Y12: =SUM(I18:I21) -> 3 | Z12: =SUM(J18:J21) -> 0 | ... AF12: =SUM(P18:P21) -> 283
B13: 07.45 - 08.00 | C13: 16 | D13: 16 | E13: 1 | F13: 7 | G13: 0 | H13: 0 | I13: 1 | J13: 0 | K13: 0 | L13: 0 | M13: 18 | N13: 0 | O13: =SUM(C13:L13,N13) -> 41 | P13: =SUM(C13:N13) -> 59 | R13: 1000-1100 | S13: =SUM(C22:C25) -> 61 | T13: =SUM(D22:D25) -> 59 | U13: =SUM(E22:E25) -> 20 | V13: =SUM(F22:F25) -> 26 | W13: =SUM(G22:G25) -> 4 | X13: =SUM(H22:H25) -> 0 | Y13: =SUM(I22:I25) -> 6 | Z13: =SUM(J22:J25) -> 2 | ... AF13: =SUM(P22:P25) -> 308
B14: 08.00 - 08.15 | C14: 22 | D14: 15 | E14: 7 | F14: 11 | G14: 1 | H14: 0 | I14: 0 | J14: 0 | K14: 0 | L14: 0 | M14: 29 | N14: 0 | O14: =SUM(C14:L14,N14) -> 56 | P14: =SUM(C14:N14) -> 85 | R14: 1100-1200 | S14: =SUM(C26:C29) -> 80 | T14: =SUM(D26:D29) -> 48 | U14: =SUM(E26:E29) -> 13 | V14: =SUM(F26:F29) -> 42 | W14: =SUM(G26:G29) -> 4 | X14: =SUM(H26:H29) -> 0 | Y14: =SUM(I26:I29) -> 5 | Z14: =SUM(J26:J29) -> 0 | ... AF14: =SUM(P26:P29) -> 354
B15: 08.15 - 08.30 | C15: 10 | D15: 11 | E15: 4 | F15: 0 | G15: 0 | H15: 0 | I15: 2 | J15: 0 | K15: 0 | L15: 0 | M15: 16 | N15: 0 | O15: =SUM(C15:L15,N15) -> 27 | P15: =SUM(C15:N15) -> 43 | R15: 1200-1300 | S15: =SUM(C30:C33) -> 68 | T15: =SUM(D30:D33) -> 50 | U15: =SUM(E30:E33) -> 9 | V15: =SUM(F30:F33) -> 29 | W15: =SUM(G30:G33) -> 2 | X15: =SUM(H30:H33) -> 0 | Y15: =SUM(I30:I33) -> 12 | Z15: =SUM(J30:J33) -> 2 | ... AF15: =SUM(P30:P33) -> 292
B16: 08.30 - 08.45 | C16: 22 | D16: 24 | E16: 2 | F16: 6 | G16: 0 | H16: 0 | I16: 2 | J16: 0 | K16: 0 | L16: 0 | M16: 32 | N16: 0 | O16: =SUM(C16:L16,N16) -> 56 | P16: =SUM(C16:N16) -> 88 | R16: 1300-1400 | S16: =SUM(C34:C37) -> 54 | T16: =SUM(D34:D37) -> 70 | U16: =SUM(E34:E37) -> 45 | V16: =SUM(F34:F37) -> 57 | W16: =SUM(G34:G37) -> 3 | X16: =SUM(H34:H37) -> 0 | Y16: =SUM(I34:I37) -> 8 | Z16: =SUM(J34:J37) -> 4 | ... AF16: =SUM(P34:P37) -> 362
B17: 08.45 - 9.00 | C17: 10 | D17: 13 | E17: 5 | F17: 2 | G17: 0 | H17: 0 | I17: 1 | J17: 0 | K17: 0 | L17: 0 | M17: 34 | N17: 0 | O17: =SUM(C17:L17,N17) -> 31 | P17: =SUM(C17:N17) -> 65 | R17: 1400-1500 | S17: =SUM(C38:C41) -> 68 | T17: =SUM(D38:D41) -> 79 | U17: =SUM(E38:E41) -> 20 | V17: =SUM(F38:F41) -> 55 | W17: =SUM(G38:G41) -> 7 | X17: =SUM(H38:H41) -> 2 | Y17: =SUM(I38:I41) -> 7 | Z17: =SUM(J38:J41) -> 1 | ... AF17: =SUM(P38:P41) -> 376
B18: 09.00 - 09.15 | C18: 19 | D18: 23 | E18: 7 | F18: 6 | G18: 1 | H18: 0 | I18: 0 | J18: 0 | K18: 0 | L18: 0 | M18: 33 | N18: 0 | O18: =SUM(C18:L18,N18) -> 56 | P18: =SUM(C18:N18) -> 89 | R18: 1500-1600 | S18: =SUM(C42:C45) -> 97 | T18: =SUM(D42:D45) -> 77 | U18: =SUM(E42:E45) -> 36 | V18: =SUM(F42:F45) -> 27 | W18: =SUM(G42:G45) -> 12 | X18: =SUM(H42:H45) -> 1 | Y18: =SUM(I42:I45) -> 13 | Z18: =SUM(J42:J45) -> 6 | ... AF18: =SUM(P42:P45) -> 413
B19: 09.15 - 09.30 | C19: 10 | D19: 26 | E19: 3 | F19: 8 | G19: 2 | H19: 0 | I19: 1 | J19: 0 | K19: 0 | L19: 0 | M19: 32 | N19: 0 | O19: =SUM(C19:L19,N19) -> 50 | P19: =SUM(C19:N19) -> 82 | R19: 1600-1700 | S19: =SUM(C46:C49) -> 73 | T19: =SUM(D46:D49) -> 103 | U19: =SUM(E46:E49) -> 9 | V19: =SUM(F46:F49) -> 45 | W19: =SUM(G46:G49) -> 3 | X19: =SUM(H46:H49) -> 0 | Y19: =SUM(I46:I49) -> 9 | Z19: =SUM(J46:J49) -> 1 | ... AF19: =SUM(P46:P49) -> 409
B20: 09.30 - 09.45 | C20: 11 | D20: 6 | E20: 5 | F20: 11 | G20: 0 | H20: 0 | I20: 2 | J20: 0 | K20: 2 | L20: 0 | M20: 20 | N20: 0 | O20: =SUM(C20:L20,N20) -> 37 | P20: =SUM(C20:N20) -> 57 | R20: 1700-1800 | S20: =SUM(C50:C53) -> 85 | T20: =SUM(D50:D53) -> 98 | U20: =SUM(E50:E53) -> 14 | V20: =SUM(F50:F53) -> 50 | W20: =SUM(G50:G53) -> 8 | X20: =SUM(H50:H53) -> 0 | Y20: =SUM(I50:I53) -> 9 | Z20: =SUM(J50:J53) -> 0 | ... AF20: =SUM(P50:P53) -> 436
B21: 09.45 - 10.00 | C21: 15 | D21: 10 | E21: 5 | F21: 1 | G21: 0 | H21: 0 | I21: 0 | J21: 0 | K21: 0 | L21: 0 | M21: 24 | N21: 0 | O21: =SUM(C21:L21,N21) -> 31 | P21: =SUM(C21:N21) -> 55 | R21: 1800-1900 | S21: =SUM(C54:C57) -> 90 | T21: =SUM(D54:D57) -> 117 | U21: =SUM(E54:E57) -> 54 | V21: =SUM(F54:F57) -> 56 | W21: =SUM(G54:G57) -> 6 | X21: =SUM(H54:H57) -> 2 | Y21: =SUM(I54:I57) -> 11 | Z21: =SUM(J54:J57) -> 3 | ... AF21: =SUM(P54:P57) -> 518
B22: 10.00 - 10.15 | C22: 9 | D22: 23 | E22: 6 | F22: 11 | G22: 0 | H22: 0 | I22: 0 | J22: 0 | K22: 0 | L22: 0 | M22: 28 | N22: 0 | O22: =SUM(C22:L22,N22) -> 49 | P22: =SUM(C22:N22) -> 77 | R22: 1900-2000 | S22: =SUM(C58:C61) -> 120 | T22: =SUM(D58:D61) -> 80 | U22: =SUM(E58:E61) -> 34 | V22: =SUM(F58:F61) -> 66 | W22: =SUM(G58:G61) -> 1 | X22: =SUM(H58:H61) -> 1 | Y22: =SUM(I58:I61) -> 5 | Z22: =SUM(J58:J61) -> 3 | ... AF22: =SUM(P58:P61) -> 525
B23: 10.15 - 10.30 | C23: 17 | D23: 7 | E23: 3 | F23: 6 | G23: 1 | H23: 0 | I23: 3 | J23: 1 | K23: 0 | L23: 0 | M23: 22 | N23: 0 | O23: =SUM(C23:L23,N23) -> 38 | P23: =SUM(C23:N23) -> 60 | R23: 2000-2100 | S23: =SUM(C62:C65) -> 129 | T23: =SUM(D62:D65) -> 34 | U23: =SUM(E62:E65) -> 9 | V23: =SUM(F62:F65) -> 63 | W23: =SUM(G62:G65) -> 1 | X23: =SUM(H62:H65) -> 3 | Y23: =SUM(I62:I65) -> 12 | Z23: =SUM(J62:J65) -> 6 | ... AF23: =SUM(P62:P65) -> 482
B24: 10.30 - 10.45 | C24: 18 | D24: 24 | E24: 4 | F24: 6 | G24: 3 | H24: 0 | I24: 2 | J24: 0 | K24: 0 | L24: 0 | M24: 34 | N24: 0 | O24: =SUM(C24:L24,N24) -> 57 | P24: =SUM(C24:N24) -> 91 | R24: 2100-2200 | S24: =SUM(C66:C69) -> 102 | T24: =SUM(D66:D69) -> 39 | U24: =SUM(E66:E69) -> 11 | V24: =SUM(F66:F69) -> 42 | W24: =SUM(G66:G69) -> 1 | X24: =SUM(H66:H69) -> 0 | Y24: =SUM(I66:I69) -> 9 | Z24: =SUM(J66:J69) -> 2 | ... AF24: =SUM(P66:P69) -> 389
B25: 10.45 - 11.00 | C25: 17 | D25: 5 | E25: 7 | F25: 3 | G25: 0 | H25: 0 | I25: 1 | J25: 1 | K25: 0 | L25: 0 | M25: 46 | N25: 0 | O25: =SUM(C25:L25,N25) -> 34 | P25: =SUM(C25:N25) -> 80 | R25: 2200-2300 | S25: =SUM(C70:C73) -> 93 | T25: =SUM(D70:D73) -> 18 | U25: =SUM(E70:E73) -> 8 | V25: =SUM(F70:F73) -> 23 | W25: =SUM(G70:G73) -> 0 | X25: =SUM(H70:H73) -> 1 | Y25: =SUM(I70:I73) -> 2 | Z25: =SUM(J70:J73) -> 1 | ... AF25: =SUM(P70:P73) -> 261
B26: 11.00 - 11.15 | C26: 29 | D26: 8 | E26: 1 | F26: 13 | G26: 0 | H26: 0 | I26: 2 | J26: 0 | K26: 0 | L26: 0 | M26: 41 | N26: 0 | O26: =SUM(C26:L26,N26) -> 53 | P26: =SUM(C26:N26) -> 94 | R26: 2300-0000 | S26: =SUM(C74:C77) -> 71 | T26: =SUM(D74:D77) -> 24 | U26: =SUM(E74:E77) -> 9 | V26: =SUM(F74:F77) -> 16 | W26: =SUM(G74:G77) -> 3 | X26: =SUM(H74:H77) -> 1 | Y26: =SUM(I74:I77) -> 0 | Z26: =SUM(J74:J77) -> 1 | ... AF26: =SUM(P74:P77) -> 193
B27: 11.15 - 11.30 | C27: 17 | D27: 9 | E27: 2 | F27: 7 | G27: 3 | H27: 0 | I27: 0 | J27: 0 | K27: 0 | L27: 0 | M27: 33 | N27: 0 | O27: =SUM(C27:L27,N27) -> 38 | P27: =SUM(C27:N27) -> 71 | R27: 0000-0100 | S27: =SUM(C78:C81) -> 62 | T27: =SUM(D78:D81) -> 13 | U27: =SUM(E78:E81) -> 5 | V27: =SUM(F78:F81) -> 6 | W27: =SUM(G78:G81) -> 3 | X27: =SUM(H78:H81) -> 0 | Y27: =SUM(I78:I81) -> 0 | Z27: =SUM(J78:J81) -> 0 | ... AF27: =SUM(P78:P81) -> 156
B28: 11.30 - 11.45 | C28: 23 | D28: 5 | E28: 7 | F28: 14 | G28: 1 | H28: 0 | I28: 1 | J28: 0 | K28: 0 | L28: 0 | M28: 47 | N28: 0 | O28: =SUM(C28:L28,N28) -> 51 | P28: =SUM(C28:N28) -> 98 | R28: 0100-0200 | S28: =SUM(C82:C85) -> 36 | T28: =SUM(D82:D85) -> 3 | U28: =SUM(E82:E85) -> 2 | V28: =SUM(F82:F85) -> 3 | W28: =SUM(G82:G85) -> 0 | X28: =SUM(H82:H85) -> 0 | Y28: =SUM(I82:I85) -> 0 | Z28: =SUM(J82:J85) -> 0 | ... AF28: =SUM(P82:P85) -> 95
B29: 11.45 - 12.00 | C29: 11 | D29: 26 | E29: 3 | F29: 8 | G29: 0 | H29: 0 | I29: 2 | J29: 0 | K29: 0 | L29: 0 | M29: 41 | N29: 0 | O29: =SUM(C29:L29,N29) -> 50 | P29: =SUM(C29:N29) -> 91 | R29: 0200-0300 | S29: =SUM(C86:C89) -> 16 | T29: =SUM(D86:D89) -> 3 | U29: =SUM(E86:E89) -> 2 | V29: =SUM(F86:F89) -> 1 | W29: =SUM(G86:G89) -> 0 | X29: =SUM(H86:H89) -> 0 | Y29: =SUM(I86:I89) -> 0 | Z29: =SUM(J86:J89) -> 1 | ... AF29: =SUM(P86:P89) -> 52
B30: 12.00 - 12.15 | C30: 13 | D30: 12 | E30: 3 | F30: 10 | G30: 0 | H30: 0 | I30: 3 | J30: 1 | K30: 0 | L30: 0 | M30: 33 | N30: 0 | O30: =SUM(C30:L30,N30) -> 42 | P30: =SUM(C30:N30) -> 75 | R30: 0300-0400 | S30: =SUM(C90:C93) -> 15 | T30: =SUM(D90:D93) -> 6 | U30: =SUM(E90:E93) -> 3 | V30: =SUM(F90:F93) -> 0 | W30: =SUM(G90:G93) -> 0 | X30: =SUM(H90:H93) -> 0 | Y30: =SUM(I90:I93) -> 0 | Z30: =SUM(J90:J93) -> 0 | ... AF30: =SUM(P90:P93) -> 45
B31: 12.15 - 12.30 | C31: 25 | D31: 11 | E31: 3 | F31: 6 | G31: 1 | H31: 0 | I31: 3 | J31: 1 | K31: 0 | L31: 0 | M31: 26 | N31: 0 | O31: =SUM(C31:L31,N31) -> 50 | P31: =SUM(C31:N31) -> 76 | R31: 0400-0500 | S31: =SUM(C94:C97) -> 14 | T31: =SUM(D94:D97) -> 3 | U31: =SUM(E94:E97) -> 1 | V31: =SUM(F94:F97) -> 3 | W31: =SUM(G94:G97) -> 0 | X31: =SUM(H94:H97) -> 0 | Y31: =SUM(I94:I97) -> 1 | Z31: =SUM(J94:J97) -> 0 | ... AF31: =SUM(P94:P97) -> 33
B32: 12.30 - 12.45 | C32: 13 | D32: 18 | E32: 1 | F32: 10 | G32: 0 | H32: 0 | I32: 4 | J32: 0 | K32: 0 | L32: 0 | M32: 37 | N32: 0 | O32: =SUM(C32:L32,N32) -> 46 | P32: =SUM(C32:N32) -> 83 | R32: 0500-0600 | S32: =SUM(C98:C101) -> 33 | T32: =SUM(D98:D101) -> 10 | U32: =SUM(E98:E101) -> 2 | V32: =SUM(F98:F101) -> 17 | W32: =SUM(G98:G101) -> 0 | X32: =SUM(H98:H101) -> 0 | Y32: =SUM(I98:I101) -> 2 | Z32: =SUM(J98:J101) -> 0 | ... AF32: =SUM(P98:P101) -> 91
B33: 12.45 - 13.00 | C33: 17 | D33: 9 | E33: 2 | F33: 3 | G33: 1 | H33: 0 | I33: 2 | J33: 0 | K33: 0 | L33: 0 | M33: 24 | N33: 0 | O33: =SUM(C33:L33,N33) -> 34 | P33: =SUM(C33:N33) -> 58 | R33: 0600-0700 | S33: =SUM(C102:C105) -> 224 | T33: =SUM(D102:D105) -> 69 | U33: =SUM(E102:E105) -> 13 | V33: =SUM(F102:F105) -> 43 | W33: =SUM(G102:G105) -> 0 | X33: =SUM(H102:H105) -> 0 | Y33: =SUM(I102:I105) -> 0 | Z33: =SUM(J102:J105) -> 1 | ... AF33: =SUM(P102:P105) -> 412
B34: 13.00 - 13.15 | C34: 16 | D34: 20 | E34: 11 | F34: 7 | G34: 3 | H34: 0 | I34: 3 | J34: 0 | K34: 0 | L34: 0 | M34: 38 | N34: 0 | O34: =SUM(C34:L34,N34) -> 60 | P34: =SUM(C34:N34) -> 98 | R34: AM Peak Hr | S34: =MAX(S10:S12) -> 89 | T34: =MAX(T10:T12) -> 65 | U34: =MAX(U10:U12) -> 20 | V34: =MAX(V10:V12) -> 35 | W34: =MAX(W10:W12) -> 3 | X34: =MAX(X10:X12) -> 0 | Y34: =MAX(Y10:Y12) -> 5 | Z34: =MAX(Z10:Z12) -> 0 | ... AF34: =MAX(AF10:AF12) -> 286
B35: 13.15 - 13.30 | C35: 10 | D35: 12 | E35: 13 | F35: 11 | G35: 0 | H35: 0 | I35: 1 | J35: 1 | K35: 0 | L35: 0 | M35: 29 | N35: 0 | O35: =SUM(C35:L35,N35) -> 48 | P35: =SUM(C35:N35) -> 77 | R35: IP Peak Hr | S35: =MAX(S13:S18) -> 97 | T35: =MAX(T13:T18) -> 79 | U35: =MAX(U13:U18) -> 45 | V35: =MAX(V13:V18) -> 57 | W35: =MAX(W13:W18) -> 12 | X35: =MAX(X13:X18) -> 2 | Y35: =MAX(Y13:Y18) -> 13 | Z35: =MAX(Z13:Z18) -> 6 | ... AF35: =MAX(AF13:AF18) -> 413
B36: 13.30 - 13.45 | C36: 12 | D36: 21 | E36: 12 | F36: 18 | G36: 0 | H36: 0 | I36: 1 | J36: 0 | K36: 0 | L36: 0 | M36: 26 | N36: 0 | O36: =SUM(C36:L36,N36) -> 64 | P36: =SUM(C36:N36) -> 90 | R36: PM Peak Hr | S36: =MAX(S19:S21) -> 90 | T36: =MAX(T19:T21) -> 117 | U36: =MAX(U19:U21) -> 54 | V36: =MAX(V19:V21) -> 56 | W36: =MAX(W19:W21) -> 8 | X36: =MAX(X19:X21) -> 2 | Y36: =MAX(Y19:Y21) -> 11 | Z36: =MAX(Z19:Z21) -> 3 | ... AF36: =MAX(AF19:AF21) -> 518
B37: 13.45 - 14.00 | C37: 16 | D37: 17 | E37: 9 | F37: 21 | G37: 0 | H37: 0 | I37: 3 | J37: 3 | K37: 0 | L37: 0 | M37: 28 | N37: 0 | O37: =SUM(C37:L37,N37) -> 69 | P37: =SUM(C37:N37) -> 97 | R37: AM Period | S37: =SUM(S10:S12) -> 208 | T37: =SUM(T10:T12) -> 182 | U37: =SUM(U10:U12) -> 44 | V37: =SUM(V10:V12) -> 80 | W37: =SUM(W10:W12) -> 5 | X37: =SUM(X10:X12) -> 0 | Y37: =SUM(Y10:Y12) -> 11 | Z37: =SUM(Z10:Z12) -> 0 | ... AF37: =SUM(AF10:AF12) -> 850
B38: 14.00 - 14.15 | C38: 9 | D38: 11 | E38: 4 | F38: 10 | G38: 0 | H38: 1 | I38: 1 | J38: 0 | K38: 0 | L38: 0 | M38: 27 | N38: 0 | O38: =SUM(C38:L38,N38) -> 36 | P38: =SUM(C38:N38) -> 63 | R38: IP Period | S38: =SUM(S13:S18) -> 428 | T38: =SUM(T13:T18) -> 383 | U38: =SUM(U13:U18) -> 143 | V38: =SUM(V13:V18) -> 236 | W38: =SUM(W13:W18) -> 32 | X38: =SUM(X13:X18) -> 3 | Y38: =SUM(Y13:Y18) -> 51 | Z38: =SUM(Z13:Z18) -> 15 | ... AF38: =SUM(AF13:AF18) -> 2105
B39: 14.15 - 14.30 | C39: 13 | D39: 24 | E39: 12 | F39: 17 | G39: 0 | H39: 0 | I39: 4 | J39: 0 | K39: 0 | L39: 0 | M39: 38 | N39: 0 | O39: =SUM(C39:L39,N39) -> 70 | P39: =SUM(C39:N39) -> 108 | R39: PM Period | S39: =SUM(S19:S21) -> 248 | T39: =SUM(T19:T21) -> 318 | U39: =SUM(U19:U21) -> 77 | V39: =SUM(V19:V21) -> 151 | W39: =SUM(W19:W21) -> 17 | X39: =SUM(X19:X21) -> 2 | Y39: =SUM(Y19:Y21) -> 29 | Z39: =SUM(Z19:Z21) -> 4 | ... AF39: =SUM(AF19:AF21) -> 1363
B40: 14.30 - 14.45 | C40: 24 | D40: 24 | E40: 3 | F40: 12 | G40: 5 | H40: 1 | I40: 2 | J40: 0 | K40: 0 | L40: 0 | M40: 37 | N40: 0 | O40: =SUM(C40:L40,N40) -> 71 | P40: =SUM(C40:N40) -> 108 | R40: 12 Hours | S40: =SUM(S10:S21) -> 884 | T40: =SUM(T10:T21) -> 883 | U40: =SUM(U10:U21) -> 264 | V40: =SUM(V10:V21) -> 467 | W40: =SUM(W10:W21) -> 54 | X40: =SUM(X10:X21) -> 5 | Y40: =SUM(Y10:Y21) -> 91 | Z40: =SUM(Z10:Z21) -> 19 | ... AF40: =SUM(AF10:AF21) -> 4318
B41: 14.45 - 15.00 | C41: 22 | D41: 20 | E41: 1 | F41: 16 | G41: 2 | H41: 0 | I41: 0 | J41: 1 | K41: 0 | L41: 0 | M41: 35 | N41: 0 | O41: =SUM(C41:L41,N41) -> 62 | P41: =SUM(C41:N41) -> 97 | R41: 24 Hrs/ADT | S41: =SUM(S10:S33) -> 1799 | T41: =SUM(T10:T33) -> 1185 | U41: =SUM(U10:U33) -> 363 | V41: =SUM(V10:V33) -> 750 | W41: =SUM(W10:W33) -> 63 | X41: =SUM(X10:X33) -> 11 | Y41: =SUM(Y10:Y33) -> 122 | Z41: =SUM(Z10:Z33) -> 34 | ... AF41: =SUM(AF10:AF33) -> 7052
B42: 15.00 - 15.15 | C42: 38 | D42: 20 | E42: 8 | F42: 5 | G42: 2 | H42: 0 | I42: 2 | J42: 1 | K42: 0 | L42: 0 | M42: 36 | N42: 0 | O42: =SUM(C42:L42,N42) -> 76 | P42: =SUM(C42:N42) -> 112 | R42: NEF | S42: =S41/S40 -> 2.0350679 | T42: =T41/T40 -> 1.3420159 | U42: =U41/U40 -> 1.375 | V42: =V41/V40 -> 1.6059957 | W42: =W41/W40 -> 1.1666667 | X42: =X41/X40 -> 2.2 | Y42: =Y41/Y40 -> 1.3406593 | Z42: =Z41/Z40 -> 1.7894737 | ... AF42: =AF41/AF40 -> 1.6331635
B43: 15.15 - 15.30 | C43: 17 | D43: 21 | E43: 2 | F43: 7 | G43: 2 | H43: 0 | I43: 3 | J43: 0 | K43: 0 | L43: 0 | M43: 31 | N43: 0 | O43: =SUM(C43:L43,N43) -> 52 | P43: =SUM(C43:N43) -> 83
B44: 15.30 - 15.45 | C44: 27 | D44: 23 | E44: 6 | F44: 15 | G44: 6 | H44: 1 | I44: 8 | J44: 2 | K44: 0 | L44: 0 | M44: 44 | N44: 0 | O44: =SUM(C44:L44,N44) -> 88 | P44: =SUM(C44:N44) -> 132
B45: 15.45 - 16.00 | C45: 15 | D45: 13 | E45: 20 | F45: 0 | G45: 2 | H45: 0 | I45: 0 | J45: 3 | K45: 0 | L45: 0 | M45: 33 | N45: 0 | O45: =SUM(C45:L45,N45) -> 53 | P45: =SUM(C45:N45) -> 86
B46: 16.00 - 16.15 | C46: 11 | D46: 33 | E46: 2 | F46: 8 | G46: 1 | H46: 0 | I46: 1 | J46: 0 | K46: 0 | L46: 0 | M46: 32 | N46: 0 | O46: =SUM(C46:L46,N46) -> 56 | P46: =SUM(C46:N46) -> 88
B47: 16.15 -16.30 | C47: 17 | D47: 21 | E47: 0 | F47: 15 | G47: 0 | H47: 0 | I47: 3 | J47: 1 | K47: 2 | L47: 0 | M47: 45 | N47: 0 | O47: =SUM(C47:L47,N47) -> 59 | P47: =SUM(C47:N47) -> 104
B48: 16.30 -16.45 | C48: 25 | D48: 24 | E48: 5 | F48: 15 | G48: 2 | H48: 0 | I48: 2 | J48: 0 | K48: 0 | L48: 0 | M48: 51 | N48: 0 | O48: =SUM(C48:L48,N48) -> 73 | P48: =SUM(C48:N48) -> 124
B49: 16.45 -17.00 | C49: 20 | D49: 25 | E49: 2 | F49: 7 | G49: 0 | H49: 0 | I49: 3 | J49: 0 | K49: 0 | L49: 0 | M49: 36 | N49: 0 | O49: =SUM(C49:L49,N49) -> 57 | P49: =SUM(C49:N49) -> 93
B50: 17.00 -17.15 | C50: 23 | D50: 26 | E50: 2 | F50: 11 | G50: 3 | H50: 0 | I50: 6 | J50: 0 | K50: 0 | L50: 0 | M50: 42 | N50: 0 | O50: =SUM(C50:L50,N50) -> 71 | P50: =SUM(C50:N50) -> 113
B51: 17.15 -17.30 | C51: 15 | D51: 20 | E51: 0 | F51: 5 | G51: 0 | H51: 0 | I51: 0 | J51: 0 | K51: 0 | L51: 0 | M51: 36 | N51: 0 | O51: =SUM(C51:L51,N51) -> 40 | P51: =SUM(C51:N51) -> 76
B52: 17.30 -17.45 | C52: 31 | D52: 32 | E52: 9 | F52: 17 | G52: 2 | H52: 0 | I52: 0 | J52: 0 | K52: 0 | L52: 0 | M52: 48 | N52: 0 | O52: =SUM(C52:L52,N52) -> 91 | P52: =SUM(C52:N52) -> 139
B53: 17.45 -18.00 | C53: 16 | D53: 20 | E53: 3 | F53: 17 | G53: 3 | H53: 0 | I53: 3 | J53: 0 | K53: 0 | L53: 0 | M53: 46 | N53: 0 | O53: =SUM(C53:L53,N53) -> 62 | P53: =SUM(C53:N53) -> 108
B54: 18.00 - 18.15 | C54: 26 | D54: 37 | E54: 2 | F54: 16 | G54: 0 | H54: 2 | I54: 2 | J54: 2 | K54: 0 | L54: 0 | M54: 39 | N54: 0 | O54: =SUM(C54:L54,N54) -> 87 | P54: =SUM(C54:N54) -> 126
... B105: 06.45 - 07.00 | C105: 62 | D105: 17 | E105: 2 | F105: 9 | G105: 0 | H105: 0 | I105: 0 | J105: 0 | K105: 0 | L105: 0 | M105: 31 | N105: 0 | O105: =SUM(C105:L105,N105) -> 90 | P105: =SUM(C105:N105) -> 121
B106: Totals | C106: =SUM(C10:C105) -> 1799 | D106: =SUM(D10:D105) -> 1185 | E106: =SUM(E10:E105) -> 363 | F106: =SUM(F10:F105) -> 750 | G106: =SUM(G10:G105) -> 63 | H106: =SUM(H10:H105) -> 11 | I106: =SUM(I10:I105) -> 122 | J106: =SUM(J10:J105) -> 34 | ... P106: =SUM(P10:P105) -> 7052
B107: %ges + MCs | C107: =C106/$P$106 -> 0.25510493 | D107: =D106/$P$106 -> 0.16803744 | E107: =E106/$P$106 -> 0.051474759 | F107: =F106/$P$106 -> 0.10635281 | G107: =G106/$P$106 -> 0.0089336358 | H107: =H106/$P$106 -> 0.0015598412 | I107: =I106/$P$106 -> 0.017300057 | J107: =J106/$P$106 -> 0.0048213273 | ... N107: =N106/$P$106 -> 0
B108: %ges w/o MCs | C108: =C106/$O$106 -> 0.41528163 | D108: =D106/$O$106 -> 0.27354571 | E108: =E106/$O$106 -> 0.083795014 | F108: =F106/$O$106 -> 0.17313019 | G108: =G106/$O$106 -> 0.014542936 | H108: =H106/$O$106 -> 0.0025392428 | I108: =I106/$O$106 -> 0.028162512 | J108: =J106/$O$106 -> 0.0078485688 | ... L108: =L106/$O$106 -> 0 | N108: =N106/$O$106 -> 0

Sheet 27.09 Gaba-Munyonyo
B1: Consultancy services for Preparation of Expressway Development Master Plan (EDMP) for Uganda
B2: MANUAL CLASSIFIED COUNT (MCC)
B3: ROAD NAME: | C3: ='23.09.19 Gaba -Munyonyo'!C3:G3 -> MCC-C2-STNO 52-Wavamuno RD
C5: Date | D5: 27.9.19 | F5: Location | G5: ='25.09 Munyonyo-Gaba'!G5:H5 -> Wavamuno | J5: Surveyor | K5: ='25.09 Munyonyo-Gaba'!K5:L5 -> Andrew
C6: Dir. From | D6: ='23.09.19 Gaba -Munyonyo'!D6:E6 -> GABA | F6: Dir. To | G6: ='23.09.19 Gaba -Munyonyo'!G6:H6 -> MUNYONYO | J6: Supervisor | K6: ='25.09 Munyonyo-Gaba'!K6:L6 -> Steven
B8: Time / Veh Type | R8: SUMMARY TRAFFIC VOLUMES
C9: 1. Car | D9: 2. Station Wagon | E9: 3. Pickups | F9: 4. Minibus, matatu | G9: 5. Medium bus | H9: 6. Large Bus | I9: 7. Light Truck | J9: 8. Medium Truck | K9: 9. Heavy truck | L9: 10. Truck Trailer | M9: 11. Motor cycles | N9: 12. Tractors | O9: Total Excl M/Cycles | P9: Total All | R9: Time | S9: 1. Car | T9: 2. Station Wagon | U9: 3. Pickups | V9: 4. Minibus, matatu | W9: 5. Medium bus | X9: 6. Large Bus | Y9: 7. Light Truck | Z9: 8. Medium Truck | AA9: 9. Heavy truck | AB9: 10. Truck Trailer | AC9: 11. Motorcycles | AD9: 12. Tractors, Graders | AE9: Total Excl M/ Cycles | AF9: Total All
B10: 07.00 - 07.15 | C10: 22 | D10: 9 | E10: 3 | F10: 14 | G10: 0 | H10: 0 | I10: 0 | J10: 2 | K10: 1 | L10: 0 | M10: 26 | N10: 0 | O10: =SUM(C10:L10,N10) -> 51 | P10: =SUM(C10:N10) -> 77 | R10: 0700-0800 | S10: =SUM(C10:C13) -> 123 | T10: =SUM(D10:D13) -> 45 | U10: =SUM(E10:E13) -> 16 | V10: =SUM(F10:F13) -> 54 | W10: =SUM(G10:G13) -> 1 | X10: =SUM(H10:H13) -> 0 | Y10: =SUM(I10:I13) -> 6 | Z10: =SUM(J10:J13) -> 6 | ... AF10: =SUM(P10:P13) -> 368
B11: 07.15 - 07.30 | C11: 37 | D11: 8 | E11: 2 | F11: 8 | G11: 0 | H11: 0 | I11: 2 | J11: 2 | K11: 1 | L11: 0 | M11: 34 | N11: 0 | O11: =SUM(C11:L11,N11) -> 60 | P11: =SUM(C11:N11) -> 94 | R11: 0800-0900 | S11: =SUM(C14:C17) -> 135 | T11: =SUM(D14:D17) -> 68 | U11: =SUM(E14:E17) -> 28 | V11: =SUM(F14:F17) -> 72 | W11: =SUM(G14:G17) -> 6 | X11: =SUM(H14:H17) -> 2 | Y11: =SUM(I14:I17) -> 6 | Z11: =SUM(J14:J17) -> 7 | ... AF11: =SUM(P14:P17) -> 498
B12: 07.30 - 07.45 | C12: 21 | D12: 15 | E12: 4 | F12: 15 | G12: 0 | H12: 0 | I12: 2 | J12: 1 | K12: 1 | L12: 0 | M12: 27 | N12: 0 | O12: =SUM(C12:L12,N12) -> 59 | P12: =SUM(C12:N12) -> 86 | R12: 0900-1000 | S12: =SUM(C18:C21) -> 134 | T12: =SUM(D18:D21) -> 40 | U12: =SUM(E18:E21) -> 42 | V12: =SUM(F18:F21) -> 70 | W12: =SUM(G18:G21) -> 5 | X12: =SUM(H18:H21) -> 1 | Y12: =SUM(I18:I21) -> 10 | Z12: =SUM(J18:J21) -> 6 | ... AF12: =SUM(P18:P21) -> 486
B13: 07.45 - 08.00 | C13: 43 | D13: 13 | E13: 7 | F13: 17 | G13: 1 | H13: 0 | I13: 2 | J13: 1 | K13: 0 | L13: 0 | M13: 27 | N13: 0 | O13: =SUM(C13:L13,N13) -> 84 | P13: =SUM(C13:N13) -> 111 | R13: 1000-1100 | S13: =SUM(C22:C25) -> 106 | T13: =SUM(D22:D25) -> 30 | U13: =SUM(E22:E25) -> 23 | V13: =SUM(F22:F25) -> 38 | W13: =SUM(G22:G25) -> 5 | X13: =SUM(H22:H25) -> 2 | Y13: =SUM(I22:I25) -> 15 | Z13: =SUM(J22:J25) -> 13 | ... AF13: =SUM(P22:P25) -> 445
B14: 08.00 - 08.15 | C14: 44 | D14: 20 | E14: 8 | F14: 20 | G14: 1 | H14: 0 | I14: 3 | J14: 1 | K14: 0 | L14: 0 | M14: 39 | N14: 0 | O14: =SUM(C14:L14,N14) -> 97 | P14: =SUM(C14:N14) -> 136 | R14: 1100-1200 | S14: =SUM(C26:C29) -> 115 | T14: =SUM(D26:D29) -> 59 | U14: =SUM(E26:E29) -> 20 | V14: =SUM(F26:F29) -> 49 | W14: =SUM(G26:G29) -> 3 | X14: =SUM(H26:H29) -> 0 | Y14: =SUM(I26:I29) -> 11 | Z14: =SUM(J26:J29) -> 7 | ... AF14: =SUM(P26:P29) -> 506
B15: 08.15 - 08.30 | C15: 30 | D15: 8 | E15: 2 | F15: 15 | G15: 2 | H15: 0 | I15: 0 | J15: 3 | K15: 0 | L15: 0 | M15: 33 | N15: 0 | O15: =SUM(C15:L15,N15) -> 60 | P15: =SUM(C15:N15) -> 93 | R15: 1200-1300 | S15: =SUM(C30:C33) -> 154 | T15: =SUM(D30:D33) -> 73 | U15: =SUM(E30:E33) -> 19 | V15: =SUM(F30:F33) -> 48 | W15: =SUM(G30:G33) -> 2 | X15: =SUM(H30:H33) -> 0 | Y15: =SUM(I30:I33) -> 11 | Z15: =SUM(J30:J33) -> 14 | ... AF15: =SUM(P30:P33) -> 538
B16: 08.30 - 08.45 | C16: 41 | D16: 19 | E16: 9 | F16: 21 | G16: 1 | H16: 1 | I16: 2 | J16: 1 | K16: 0 | L16: 0 | M16: 52 | N16: 0 | O16: =SUM(C16:L16,N16) -> 95 | P16: =SUM(C16:N16) -> 147 | R16: 1300-1400 | S16: =SUM(C34:C37) -> 156 | T16: =SUM(D34:D37) -> 51 | U16: =SUM(E34:E37) -> 33 | V16: =SUM(F34:F37) -> 37 | W16: =SUM(G34:G37) -> 3 | X16: =SUM(H34:H37) -> 0 | Y16: =SUM(I34:I37) -> 13 | Z16: =SUM(J34:J37) -> 6 | ... AF16: =SUM(P34:P37) -> 462
B17: 08.45 - 9.00 | C17: 20 | D17: 21 | E17: 9 | F17: 16 | G17: 2 | H17: 1 | I17: 1 | J17: 2 | K17: 0 | L17: 0 | M17: 50 | N17: 0 | O17: =SUM(C17:L17,N17) -> 72 | P17: =SUM(C17:N17) -> 122 | R17: 1400-1500 | S17: =SUM(C38:C41) -> 137 | T17: =SUM(D38:D41) -> 32 | U17: =SUM(E38:E41) -> 22 | V17: =SUM(F38:F41) -> 42 | W17: =SUM(G38:G41) -> 1 | X17: =SUM(H38:H41) -> 0 | Y17: =SUM(I38:I41) -> 11 | Z17: =SUM(J38:J41) -> 3 | ... AF17: =SUM(P38:P41) -> 381
B18: 09.00 - 09.15 | C18: 31 | D18: 9 | E18: 16 | F18: 17 | G18: 3 | H18: 0 | I18: 2 | J18: 2 | K18: 0 | L18: 0 | M18: 43 | N18: 0 | O18: =SUM(C18:L18,N18) -> 80 | P18: =SUM(C18:N18) -> 123 | R18: 1500-1600 | S18: =SUM(C42:C45) -> 150 | T18: =SUM(D42:D45) -> 48 | U18: =SUM(E42:E45) -> 20 | V18: =SUM(F42:F45) -> 38 | W18: =SUM(G42:G45) -> 2 | X18: =SUM(H42:H45) -> 0 | Y18: =SUM(I42:I45) -> 8 | Z18: =SUM(J42:J45) -> 8 | ... AF18: =SUM(P42:P45) -> 353
B19: 09.15 - 09.30 | C19: 34 | D19: 8 | E19: 16 | F19: 24 | G19: 0 | H19: 0 | I19: 4 | J19: 0 | K19: 0 | L19: 0 | M19: 56 | N19: 0 | O19: =SUM(C19:L19,N19) -> 86 | P19: =SUM(C19:N19) -> 142 | R19: 1600-1700 | S19: =SUM(C46:C49) -> 187 | T19: =SUM(D46:D49) -> 53 | U19: =SUM(E46:E49) -> 17 | V19: =SUM(F46:F49) -> 50 | W19: =SUM(G46:G49) -> 3 | X19: =SUM(H46:H49) -> 0 | Y19: =SUM(I46:I49) -> 12 | Z19: =SUM(J46:J49) -> 8 | ... AF19: =SUM(P46:P49) -> 434
B20: 09.30 - 09.45 | C20: 39 | D20: 9 | E20: 2 | F20: 15 | G20: 0 | H20: 1 | I20: 1 | J20: 3 | K20: 0 | L20: 0 | M20: 39 | N20: 0 | O20: =SUM(C20:L20,N20) -> 70 | P20: =SUM(C20:N20) -> 109 | R20: 1700-1800 | S20: =SUM(C50:C53) -> 212 | T20: =SUM(D50:D53) -> 42 | U20: =SUM(E50:E53) -> 21 | V20: =SUM(F50:F53) -> 51 | W20: =SUM(G50:G53) -> 1 | X20: =SUM(H50:H53) -> 0 | Y20: =SUM(I50:I53) -> 13 | Z20: =SUM(J50:J53) -> 7 | ... AF20: =SUM(P50:P53) -> 560
B21: 09.45 - 10.00 | C21: 30 | D21: 14 | E21: 8 | F21: 14 | G21: 2 | H21: 0 | I21: 3 | J21: 1 | K21: 0 | L21: 0 | M21: 40 | N21: 0 | O21: =SUM(C21:L21,N21) -> 72 | P21: =SUM(C21:N21) -> 112 | R21: 1800-1900 | S21: =SUM(C54:C57) -> 196 | T21: =SUM(D54:D57) -> 60 | U21: =SUM(E54:E57) -> 19 | V21: =SUM(F54:F57) -> 61 | W21: =SUM(G54:G57) -> 3 | X21: =SUM(H54:H57) -> 1 | Y21: =SUM(I54:I57) -> 9 | Z21: =SUM(J54:J57) -> 8 | ... AF21: =SUM(P54:P57) -> 546
B22: 10.00 - 10.15 | C22: 26 | D22: 3 | E22: 2 | F22: 8 | G22: 0 | H22: 1 | I22: 5 | J22: 1 | K22: 0 | L22: 0 | M22: 50 | N22: 0 | O22: =SUM(C22:L22,N22) -> 46 | P22: =SUM(C22:N22) -> 96 | R22: AM Peak Hr | S22: =MAX(S10:S12) -> 135 | T22: =MAX(T10:T12) -> 68 | U22: =MAX(U10:U12) -> 42 | V22: =MAX(V10:V12) -> 72 | W22: =MAX(W10:W12) -> 6 | X22: =MAX(X10:X12) -> 2 | Y22: =MAX(Y10:Y12) -> 10 | Z22: =MAX(Z10:Z12) -> 7 | ... AF22: =MAX(AF10:AF12) -> 498
B23: 10.15 - 10.30 | C23: 26 | D23: 12 | E23: 12 | F23: 5 | G23: 0 | H23: 0 | I23: 3 | J23: 2 | K23: 0 | L23: 0 | M23: 49 | N23: 0 | O23: =SUM(C23:L23,N23) -> 60 | P23: =SUM(C23:N23) -> 109 | R23: IP Peak Hr | S23: =MAX(S13:S18) -> 156 | T23: =MAX(T13:T18) -> 73 | U23: =MAX(U13:U18) -> 33 | V23: =MAX(V13:V18) -> 49 | W23: =MAX(W13:W18) -> 5 | X23: =MAX(X13:X18) -> 2 | Y23: =MAX(Y13:Y18) -> 15 | Z23: =MAX(Z13:Z18) -> 14 | ... AF23: =MAX(AF13:AF18) -> 538
B24: 10.30 - 10.45 | C24: 27 | D24: 10 | E24: 7 | F24: 12 | G24: 4 | H24: 1 | I24: 1 | J24: 9 | K24: 0 | L24: 0 | M24: 56 | N24: 0 | O24: =SUM(C24:L24,N24) -> 71 | P24: =SUM(C24:N24) -> 127 | R24: PM Peak Hr | S24: =MAX(S19:S21) -> 212 | T24: =MAX(T19:T21) -> 60 | U24: =MAX(U19:U21) -> 21 | V24: =MAX(V19:V21) -> 61 | W24: =MAX(W19:W21) -> 3 | X24: =MAX(X19:X21) -> 1 | Y24: =MAX(Y19:Y21) -> 13 | Z24: =MAX(Z19:Z21) -> 8 | ... AF24: =MAX(AF19:AF21) -> 560
B25: 10.45 - 11.00 | C25: 27 | D25: 5 | E25: 2 | F25: 13 | G25: 1 | H25: 0 | I25: 6 | J25: 1 | K25: 0 | L25: 0 | M25: 58 | N25: 0 | O25: =SUM(C25:L25,N25) -> 55 | P25: =SUM(C25:N25) -> 113 | R25: AM Period | S25: =SUM(S10:S12) -> 392 | T25: =SUM(T10:T12) -> 153 | U25: =SUM(U10:U12) -> 86 | V25: =SUM(V10:V12) -> 196 | W25: =SUM(W10:W12) -> 12 | X25: =SUM(X10:X12) -> 3 | Y25: =SUM(Y10:Y12) -> 22 | Z25: =SUM(Z10:Z12) -> 19 | ... AF25: =SUM(AF10:AF12) -> 1352
B26: 11.00 - 11.15 | C26: 37 | D26: 18 | E26: 8 | F26: 10 | G26: 0 | H26: 0 | I26: 3 | J26: 4 | K26: 1 | L26: 0 | M26: 55 | N26: 0 | O26: =SUM(C26:L26,N26) -> 81 | P26: =SUM(C26:N26) -> 136 | R26: IP Period | S26: =SUM(S13:S18) -> 818 | T26: =SUM(T13:T18) -> 293 | U26: =SUM(U13:U18) -> 137 | V26: =SUM(V13:V18) -> 252 | W26: =SUM(W13:W18) -> 16 | X26: =SUM(X13:X18) -> 2 | Y26: =SUM(Y13:Y18) -> 69 | Z26: =SUM(Z13:Z18) -> 51 | ... AF26: =SUM(AF13:AF18) -> 2685
B27: 11.15 - 11.30 | C27: 29 | D27: 12 | E27: 5 | F27: 14 | G27: 2 | H27: 0 | I27: 1 | J27: 1 | K27: 0 | L27: 0 | M27: 80 | N27: 0 | O27: =SUM(C27:L27,N27) -> 64 | P27: =SUM(C27:N27) -> 144 | R27: PM Period | S27: =SUM(S19:S21) -> 595 | T27: =SUM(T19:T21) -> 155 | U27: =SUM(U19:U21) -> 57 | V27: =SUM(V19:V21) -> 162 | W27: =SUM(W19:W21) -> 7 | X27: =SUM(X19:X21) -> 1 | Y27: =SUM(Y19:Y21) -> 34 | Z27: =SUM(Z19:Z21) -> 23 | ... AF27: =SUM(AF19:AF21) -> 1540
B28: 11.30 - 11.45 | C28: 12 | D28: 15 | E28: 4 | F28: 14 | G28: 0 | H28: 0 | I28: 2 | J28: 0 | K28: 0 | L28: 0 | M28: 61 | N28: 0 | O28: =SUM(C28:L28,N28) -> 47 | P28: =SUM(C28:N28) -> 108 | R28: 12 Hours | S28: =SUM(S10:S21) -> 1805 | T28: =SUM(T10:T21) -> 601 | U28: =SUM(U10:U21) -> 280 | V28: =SUM(V10:V21) -> 610 | W28: =SUM(W10:W21) -> 35 | X28: =SUM(X10:X21) -> 6 | Y28: =SUM(Y10:Y21) -> 125 | Z28: =SUM(Z10:Z21) -> 93 | ... AF28: =SUM(AF10:AF21) -> 5577
B29: 11.45 - 12.00 | C29: 37 | D29: 14 | E29: 3 | F29: 11 | G29: 1 | H29: 0 | I29: 5 | J29: 2 | K29: 0 | L29: 0 | M29: 45 | N29: 0 | O29: =SUM(C29:L29,N29) -> 73 | P29: =SUM(C29:N29) -> 118
B30: 12.00 - 12.15 | C30: 25 | D30: 24 | E30: 7 | F30: 18 | G30: 1 | H30: 0 | I30: 1 | J30: 8 | K30: 0 | L30: 0 | M30: 51 | N30: 0 | O30: =SUM(C30:L30,N30) -> 84 | P30: =SUM(C30:N30) -> 135
B31: 12.15 - 12.30 | C31: 43 | D31: 11 | E31: 4 | F31: 10 | G31: 0 | H31: 0 | I31: 4 | J31: 2 | K31: 0 | L31: 0 | M31: 61 | N31: 0 | O31: =SUM(C31:L31,N31) -> 74 | P31: =SUM(C31:N31) -> 135
B32: 12.30 - 12.45 | C32: 45 | D32: 17 | E32: 3 | F32: 6 | G32: 1 | H32: 0 | I32: 4 | J32: 1 | K32: 0 | L32: 0 | M32: 55 | N32: 0 | O32: =SUM(C32:L32,N32) -> 77 | P32: =SUM(C32:N32) -> 132
B33: 12.45 - 13.00 | C33: 41 | D33: 21 | E33: 5 | F33: 14 | G33: 0 | H33: 0 | I33: 2 | J33: 3 | K33: 0 | L33: 0 | M33: 50 | N33: 0 | O33: =SUM(C33:L33,N33) -> 86 | P33: =SUM(C33:N33) -> 136
B34: 13.00 - 13.15 | C34: 50 | D34: 12 | E34: 12 | F34: 6 | G34: 2 | H34: 0 | I34: 3 | J34: 5 | K34: 0 | L34: 0 | M34: 47 | N34: 0 | O34: =SUM(C34:L34,N34) -> 90 | P34: =SUM(C34:N34) -> 137
B35: 13.15 - 13.30 | C35: 41 | D35: 10 | E35: 7 | F35: 9 | G35: 0 | H35: 0 | I35: 5 | J35: 1 | K35: 0 | L35: 0 | M35: 50 | N35: 0 | O35: =SUM(C35:L35,N35) -> 73 | P35: =SUM(C35:N35) -> 123
B36: 13.30 - 13.45 | C36: 33 | D36: 14 | E36: 10 | F36: 13 | G36: 1 | H36: 0 | I36: 2 | J36: 0 | K36: 1 | L36: 0 | M36: 35 | N36: 0 | O36: =SUM(C36:L36,N36) -> 74 | P36: =SUM(C36:N36) -> 109
B37: 13.45 - 14.00 | C37: 32 | D37: 15 | E37: 4 | F37: 9 | G37: 0 | H37: 0 | I37: 3 | J37: 0 | K37: 0 | L37: 0 | M37: 30 | N37: 0 | O37: =SUM(C37:L37,N37) -> 63 | P37: =SUM(C37:N37) -> 93
B38: 14.00 - 14.15 | C38: 34 | D38: 7 | E38: 5 | F38: 13 | G38: 1 | H38: 0 | I38: 4 | J38: 1 | K38: 0 | L38: 0 | M38: 41 | N38: 0 | O38: =SUM(C38:L38,N38) -> 65 | P38: =SUM(C38:N38) -> 106
B39: 14.15 - 14.30 | C39: 43 | D39: 12 | E39: 8 | F39: 11 | G39: 0 | H39: 0 | I39: 2 | J39: 0 | K39: 0 | L39: 0 | M39: 39 | N39: 0 | O39: =SUM(C39:L39,N39) -> 76 | P39: =SUM(C39:N39) -> 115
B40: 14.30 - 14.45 | C40: 30 | D40: 9 | E40: 3 | F40: 7 | G40: 0 | H40: 0 | I40: 2 | J40: 1 | K40: 0 | L40: 0 | M40: 26 | N40: 0 | O40: =SUM(C40:L40,N40) -> 52 | P40: =SUM(C40:N40) -> 78
... B57: 18.45 - 19.00 | C57: 41 | D57: 14 | E57: 7 | F57: 12 | G57: 2 | H57: 1 | I57: 1 | J57: 4 | K57: 0 | L57: 0 | M57: 41 | N57: 0 | O57: =SUM(C57:L57,N57) -> 82 | P57: =SUM(C57:N57) -> 123
B58: Totals | C58: =SUM(C10:C57) -> 1805 | D58: =SUM(D10:D57) -> 601 | E58: =SUM(E10:E57) -> 280 | F58: =SUM(F10:F57) -> 610 | G58: =SUM(G10:G57) -> 35 | H58: =SUM(H10:H57) -> 6 | I58: =SUM(I10:I57) -> 125 | J58: =SUM(J10:J57) -> 93 | ... P58: =SUM(P10:P57) -> 5577
B59: %ges + MCs | C59: =C58/$P$58 -> 0.32365071 | D59: =D58/$P$58 -> 0.10776403 | E59: =E58/$P$58 -> 0.050206204 | F59: =F58/$P$58 -> 0.1093778 | G59: =G58/$P$58 -> 0.0062757755 | H59: =H58/$P$58 -> 0.0010758472 | I59: =I58/$P$58 -> 0.022413484 | J59: =J58/$P$58 -> 0.016675632 | ... N59: =N58/$P$58 -> 0
B60: %ges w/o MCs | C60: =C58/$O$58 -> 0.50645342 | D60: =D58/$O$58 -> 0.16863075 | E60: =E58/$O$58 -> 0.078563412 | F60: =F58/$O$58 -> 0.171156 | G60: =G58/$O$58 -> 0.0098204265 | H60: =H58/$O$58 -> 0.0016835017 | I60: =I58/$O$58 -> 0.035072952 | J60: =J58/$O$58 -> 0.026094276 | ... L60: =L58/$O$58 -> 0.00056116723 | N60: =N58/$O$58 -> 0

Sheet 27.09 Munyonyo-Gaba
B1: Consultancy services for Preparation of Expressway Development Master Plan (EDMP) for Uganda
B2: MANUAL CLASSIFIED COUNT (MCC)
B3: ROAD NAME: | C3: ='23.09.19 Munyonyo -Gaba'!C3:G3 -> MCC-C2-STNO 52-Wavamuno RD
C5: Date | D5: ='27.09 Gaba-Munyonyo'!D5 -> 27.9.19 | F5: Location | G5: ='27.09 Gaba-Munyonyo'!G5:H5 -> Wavamuno | J5: Surveyor | K5: ='27.09 Gaba-Munyonyo'!K5:L5 -> Andrew
C6: Dir. From | D6: ='23.09.19 Munyonyo -Gaba'!D6:E6 -> MUNYONYO | F6: Dir. To | G6: ='23.09.19 Munyonyo -Gaba'!G6:H6 -> GABA | J6: Supervisor | K6: ='27.09 Gaba-Munyonyo'!K6:L6 -> Steven
B8: Time / Veh Type | R8: SUMMARY TRAFFIC VOLUMES
C9: 1. Car | D9: 2. Station Wagon | E9: 3. Pickups | F9: 4. Minibus, matatu | G9: 5. Medium bus | H9: 6. Large Bus | I9: 7. Light Truck | J9: 8. Medium Truck | K9: 9. Heavy truck | L9: 10. Truck Trailer | M9: 11. Motor cycles | N9: 12. Tractors | O9: Total Excl M/Cycles | P9: Total All | R9: Time | S9: 1. Car | T9: 2. Station Wagon | U9: 3. Pickups | V9: 4. Minibus, matatu | W9: 5. Medium bus | X9: 6. Large Bus | Y9: 7. Light Truck | Z9: 8. Medium Truck | AA9: 9. Heavy truck | AB9: 10. Truck Trailer | AC9: 11. Motorcycles | AD9: 12. Tractors, Graders | AE9: Total Excl M/ Cycles | AF9: Total All
B10: 07.00 - 07.15 | C10: 47 | D10: 16 | E10: 2 | F10: 13 | G10: 0 | H10: 0 | I10: 3 | J10: 1 | K10: 1 | L10: 0 | M10: 32 | N10: 0 | O10: =SUM(C10:L10,N10) -> 83 | P10: =SUM(C10:N10) -> 115 | R10: 0700-0800 | S10: =SUM(C10:C13) -> 114 | T10: =SUM(D10:D13) -> 77 | U10: =SUM(E10:E13) -> 5 | V10: =SUM(F10:F13) -> 43 | W10: =SUM(G10:G13) -> 4 | X10: =SUM(H10:H13) -> 0 | Y10: =SUM(I10:I13) -> 16 | Z10: =SUM(J10:J13) -> 1 | ... AF10: =SUM(P10:P13) -> 402
B11: 07.15 - 07.30 | C11: 38 | D11: 27 | E11: 3 | F11: 12 | G11: 1 | H11: 0 | I11: 0 | J11: 0 | K11: 0 | L11: 0 | M11: 40 | N11: 0 | O11: =SUM(C11:L11,N11) -> 81 | P11: =SUM(C11:N11) -> 121 | R11: 0800-0900 | S11: =SUM(C14:C17) -> 66 | T11: =SUM(D14:D17) -> 91 | U11: =SUM(E14:E17) -> 23 | V11: =SUM(F14:F17) -> 81 | W11: =SUM(G14:G17) -> 1 | X11: =SUM(H14:H17) -> 0 | Y11: =SUM(I14:I17) -> 13 | Z11: =SUM(J14:J17) -> 5 | ... AF11: =SUM(P14:P17) -> 444
B12: 07.30 - 07.45 | C12: 13 | D12: 12 | E12: 0 | F12: 10 | G12: 3 | H12: 0 | I12: 6 | J12: 0 | K12: 0 | L12: 0 | M12: 32 | N12: 0 | O12: =SUM(C12:L12,N12) -> 44 | P12: =SUM(C12:N12) -> 76 | R12: 0900-1000 | S12: =SUM(C18:C21) -> 65 | T12: =SUM(D18:D21) -> 104 | U12: =SUM(E18:E21) -> 21 | V12: =SUM(F18:F21) -> 57 | W12: =SUM(G18:G21) -> 3 | X12: =SUM(H18:H21) -> 0 | Y12: =SUM(I18:I21) -> 9 | Z12: =SUM(J18:J21) -> 0 | ... AF12: =SUM(P18:P21) -> 444
B13: 07.45 - 08.00 | C13: 16 | D13: 22 | E13: 0 | F13: 8 | G13: 0 | H13: 0 | I13: 7 | J13: 0 | K13: 0 | L13: 0 | M13: 37 | N13: 0 | O13: =SUM(C13:L13,N13) -> 53 | P13: =SUM(C13:N13) -> 90 | R13: 1000-1100 | S13: =SUM(C22:C25) -> 74 | T13: =SUM(D22:D25) -> 104 | U13: =SUM(E22:E25) -> 16 | V13: =SUM(F22:F25) -> 51 | W13: =SUM(G22:G25) -> 8 | X13: =SUM(H22:H25) -> 4 | Y13: =SUM(I22:I25) -> 5 | Z13: =SUM(J22:J25) -> 0 | ... AF13: =SUM(P22:P25) -> 433
B14: 08.00 - 08.15 | C14: 13 | D14: 15 | E14: 8 | F14: 21 | G14: 1 | H14: 0 | I14: 6 | J14: 3 | K14: 0 | L14: 0 | M14: 43 | N14: 0 | O14: =SUM(C14:L14,N14) -> 67 | P14: =SUM(C14:N14) -> 110 | R14: 1100-1200 | S14: =SUM(C26:C29) -> 73 | T14: =SUM(D26:D29) -> 94 | U14: =SUM(E26:E29) -> 31 | V14: =SUM(F26:F29) -> 96 | W14: =SUM(G26:G29) -> 0 | X14: =SUM(H26:H29) -> 0 | Y14: =SUM(I26:I29) -> 18 | Z14: =SUM(J26:J29) -> 14 | ... AF14: =SUM(P26:P29) -> 500
B15: 08.15 - 08.30 | C15: 23 | D15: 27 | E15: 3 | F15: 16 | G15: 0 | H15: 0 | I15: 1 | J15: 0 | K15: 0 | L15: 0 | M15: 34 | N15: 0 | O15: =SUM(C15:L15,N15) -> 70 | P15: =SUM(C15:N15) -> 104 | R15: 1200-1300 | S15: =SUM(C30:C33) -> 56 | T15: =SUM(D30:D33) -> 108 | U15: =SUM(E30:E33) -> 8 | V15: =SUM(F30:F33) -> 60 | W15: =SUM(G30:G33) -> 14 | X15: =SUM(H30:H33) -> 0 | Y15: =SUM(I30:I33) -> 11 | Z15: =SUM(J30:J33) -> 2 | ... AF15: =SUM(P30:P33) -> 446
B16: 08.30 - 08.45 | C16: 13 | D16: 26 | E16: 7 | F16: 22 | G16: 0 | H16: 0 | I16: 6 | J16: 2 | K16: 0 | L16: 0 | M16: 41 | N16: 0 | O16: =SUM(C16:L16,N16) -> 76 | P16: =SUM(C16:N16) -> 117 | R16: 1300-1400 | S16: =SUM(C34:C37) -> 54 | T16: =SUM(D34:D37) -> 72 | U16: =SUM(E34:E37) -> 27 | V16: =SUM(F34:F37) -> 38 | W16: =SUM(G34:G37) -> 0 | X16: =SUM(H34:H37) -> 0 | Y16: =SUM(I34:I37) -> 7 | Z16: =SUM(J34:J37) -> 2 | ... AF16: =SUM(P34:P37) -> 359
B17: 08.45 - 9.00 | C17: 17 | D17: 23 | E17: 5 | F17: 22 | G17: 0 | H17: 0 | I17: 0 | J17: 0 | K17: 0 | L17: 0 | M17: 46 | N17: 0 | O17: =SUM(C17:L17,N17) -> 67 | P17: =SUM(C17:N17) -> 113 | R17: 1400-1500 | S17: =SUM(C38:C41) -> 101 | T17: =SUM(D38:D41) -> 54 | U17: =SUM(E38:E41) -> 24 | V17: =SUM(F38:F41) -> 38 | W17: =SUM(G38:G41) -> 4 | X17: =SUM(H38:H41) -> 0 | Y17: =SUM(I38:I41) -> 8 | Z17: =SUM(J38:J41) -> 7 | ... AF17: =SUM(P38:P41) -> 354
B18: 09.00 - 09.15 | C18: 22 | D18: 23 | E18: 3 | F18: 21 | G18: 0 | H18: 0 | I18: 0 | J18: 0 | K18: 0 | L18: 0 | M18: 41 | N18: 0 | O18: =SUM(C18:L18,N18) -> 69 | P18: =SUM(C18:N18) -> 110 | R18: 1500-1600 | S18: =SUM(C42:C45) -> 54 | T18: =SUM(D42:D45) -> 76 | U18: =SUM(E42:E45) -> 15 | V18: =SUM(F42:F45) -> 32 | W18: =SUM(G42:G45) -> 1 | X18: =SUM(H42:H45) -> 0 | Y18: =SUM(I42:I45) -> 12 | Z18: =SUM(J42:J45) -> 3 | ... AF18: =SUM(P42:P45) -> 296
B19: 09.15 - 09.30 | C19: 23 | D19: 32 | E19: 6 | F19: 20 | G19: 3 | H19: 0 | I19: 6 | J19: 0 | K19: 0 | L19: 0 | M19: 52 | N19: 0 | O19: =SUM(C19:L19,N19) -> 90 | P19: =SUM(C19:N19) -> 142 | R19: 1600-1700 | S19: =SUM(C46:C49) -> 59 | T19: =SUM(D46:D49) -> 63 | U19: =SUM(E46:E49) -> 13 | V19: =SUM(F46:F49) -> 74 | W19: =SUM(G46:G49) -> 2 | X19: =SUM(H46:H49) -> 0 | Y19: =SUM(I46:I49) -> 14 | Z19: =SUM(J46:J49) -> 2 | ... AF19: =SUM(P46:P49) -> 387
B20: 09.30 - 09.45 | C20: 7 | D20: 28 | E20: 2 | F20: 6 | G20: 0 | H20: 0 | I20: 3 | J20: 0 | K20: 0 | L20: 0 | M20: 58 | N20: 0 | O20: =SUM(C20:L20,N20) -> 46 | P20: =SUM(C20:N20) -> 104 | R20: 1700-1800 | S20: =SUM(C50:C53) -> 64 | T20: =SUM(D50:D53) -> 72 | U20: =SUM(E50:E53) -> 9 | V20: =SUM(F50:F53) -> 50 | W20: =SUM(G50:G53) -> 5 | X20: =SUM(H50:H53) -> 0 | Y20: =SUM(I50:I53) -> 13 | Z20: =SUM(J50:J53) -> 6 | ... AF20: =SUM(P50:P53) -> 378
B21: 09.45 - 10.00 | C21: 13 | D21: 21 | E21: 10 | F21: 10 | G21: 0 | H21: 0 | I21: 0 | J21: 0 | K21: 0 | L21: 0 | M21: 34 | N21: 0 | O21: =SUM(C21:L21,N21) -> 54 | P21: =SUM(C21:N21) -> 88 | R21: 1800-1900 | S21: =SUM(C54:C57) -> 64 | T21: =SUM(D54:D57) -> 84 | U21: =SUM(E54:E57) -> 22 | V21: =SUM(F54:F57) -> 87 | W21: =SUM(G54:G57) -> 11 | X21: =SUM(H54:H57) -> 3 | Y21: =SUM(I54:I57) -> 11 | Z21: =SUM(J54:J57) -> 3 | ... AF21: =SUM(P54:P57) -> 429
B22: 10.00 - 10.15 | C22: 22 | D22: 32 | E22: 6 | F22: 17 | G22: 6 | H22: 0 | I22: 4 | J22: 0 | K22: 0 | L22: 0 | M22: 50 | N22: 0 | O22: =SUM(C22:L22,N22) -> 87 | P22: =SUM(C22:N22) -> 137 | R22: AM Peak Hr | S22: =MAX(S10:S12) -> 114 | T22: =MAX(T10:T12) -> 104 | U22: =MAX(U10:U12) -> 23 | V22: =MAX(V10:V12) -> 81 | W22: =MAX(W10:W12) -> 4 | X22: =MAX(X10:X12) -> 0 | Y22: =MAX(Y10:Y12) -> 16 | Z22: =MAX(Z10:Z12) -> 5 | ... AF22: =MAX(AF10:AF12) -> 444
B23: 10.15 - 10.30 | C23: 25 | D23: 34 | E23: 7 | F23: 11 | G23: 1 | H23: 0 | I23: 0 | J23: 0 | K23: 1 | L23: 0 | M23: 48 | N23: 0 | O23: =SUM(C23:L23,N23) -> 79 | P23: =SUM(C23:N23) -> 127 | R23: IP Peak Hr | S23: =MAX(S13:S18) -> 101 | T23: =MAX(T13:T18) -> 108 | U23: =MAX(U13:U18) -> 31 | V23: =MAX(V13:V18) -> 96 | W23: =MAX(W13:W18) -> 14 | X23: =MAX(X13:X18) -> 4 | Y23: =MAX(Y13:Y18) -> 18 | Z23: =MAX(Z13:Z18) -> 14 | ... AF23: =MAX(AF13:AF18) -> 500
B24: 10.30 - 10.45 | C24: 11 | D24: 16 | E24: 2 | F24: 12 | G24: 1 | H24: 0 | I24: 1 | J24: 0 | K24: 0 | L24: 0 | M24: 28 | N24: 0 | O24: =SUM(C24:L24,N24) -> 43 | P24: =SUM(C24:N24) -> 71 | R24: PM Peak Hr | S24: =MAX(S19:S21) -> 64 | T24: =MAX(T19:T21) -> 84 | U24: =MAX(U19:U21) -> 22 | V24: =MAX(V19:V21) -> 87 | W24: =MAX(W19:W21) -> 11 | X24: =MAX(X19:X21) -> 3 | Y24: =MAX(Y19:Y21) -> 14 | Z24: =MAX(Z19:Z21) -> 6 | ... AF24: =MAX(AF19:AF21) -> 429
B25: 10.45 - 11.00 | C25: 16 | D25: 22 | E25: 1 | F25: 11 | G25: 0 | H25: 4 | I25: 0 | J25: 0 | K25: 0 | L25: 0 | M25: 44 | N25: 0 | O25: =SUM(C25:L25,N25) -> 54 | P25: =SUM(C25:N25) -> 98 | R25: AM Period | S25: =SUM(S10:S12) -> 245 | T25: =SUM(T10:T12) -> 272 | U25: =SUM(U10:U12) -> 49 | V25: =SUM(V10:V12) -> 181 | W25: =SUM(W10:W12) -> 8 | X25: =SUM(X10:X12) -> 0 | Y25: =SUM(Y10:Y12) -> 38 | Z25: =SUM(Z10:Z12) -> 6 | ... AF25: =SUM(AF10:AF12) -> 1290
B26: 11.00 - 11.15 | C26: 18 | D26: 21 | E26: 7 | F26: 26 | G26: 0 | H26: 0 | I26: 6 | J26: 0 | K26: 0 | L26: 0 | M26: 40 | N26: 0 | O26: =SUM(C26:L26,N26) -> 78 | P26: =SUM(C26:N26) -> 118 | R26: IP Period | S26: =SUM(S13:S18) -> 412 | T26: =SUM(T13:T18) -> 508 | U26: =SUM(U13:U18) -> 121 | V26: =SUM(V13:V18) -> 315 | W26: =SUM(W13:W18) -> 27 | X26: =SUM(X13:X18) -> 4 | Y26: =SUM(Y13:Y18) -> 61 | Z26: =SUM(Z13:Z18) -> 28 | ... AF26: =SUM(AF13:AF18) -> 2388
B27: 11.15 - 11.30 | C27: 21 | D27: 28 | E27: 1 | F27: 16 | G27: 0 | H27: 0 | I27: 6 | J27: 11 | K27: 0 | L27: 0 | M27: 36 | N27: 0 | O27: =SUM(C27:L27,N27) -> 83 | P27: =SUM(C27:N27) -> 119 | R27: PM Period | S27: =SUM(S19:S21) -> 187 | T27: =SUM(T19:T21) -> 219 | U27: =SUM(U19:U21) -> 44 | V27: =SUM(V19:V21) -> 211 | W27: =SUM(W19:W21) -> 18 | X27: =SUM(X19:X21) -> 3 | Y27: =SUM(Y19:Y21) -> 38 | Z27: =SUM(Z19:Z21) -> 11 | ... AF27: =SUM(AF19:AF21) -> 1194
B28: 11.30 - 11.45 | C28: 20 | D28: 30 | E28: 3 | F28: 18 | G28: 0 | H28: 0 | I28: 6 | J28: 3 | K28: 2 | L28: 0 | M28: 42 | N28: 0 | O28: =SUM(C28:L28,N28) -> 82 | P28: =SUM(C28:N28) -> 124 | R28: 12 Hours | S28: =SUM(S10:S21) -> 844 | T28: =SUM(T10:T21) -> 999 | U28: =SUM(U10:U21) -> 214 | V28: =SUM(V10:V21) -> 707 | W28: =SUM(W10:W21) -> 53 | X28: =SUM(X10:X21) -> 7 | Y28: =SUM(Y10:Y21) -> 137 | Z28: =SUM(Z10:Z21) -> 45 | ... AF28: =SUM(AF10:AF21) -> 4872
B29: 11.45 - 12.00 | C29: 14 | D29: 15 | E29: 20 | F29: 36 | G29: 0 | H29: 0 | I29: 0 | J29: 0 | K29: 0 | L29: 0 | M29: 54 | N29: 0 | O29: =SUM(C29:L29,N29) -> 85 | P29: =SUM(C29:N29) -> 139
B30: 12.00 - 12.15 | C30: 11 | D30: 27 | E30: 3 | F30: 10 | G30: 0 | H30: 0 | I30: 3 | J30: 0 | K30: 0 | L30: 0 | M30: 47 | N30: 0 | O30: =SUM(C30:L30,N30) -> 54 | P30: =SUM(C30:N30) -> 101
B31: 12.15 - 12.30 | C31: 18 | D31: 27 | E31: 2 | F31: 16 | G31: 2 | H31: 0 | I31: 3 | J31: 2 | K31: 0 | L31: 0 | M31: 40 | N31: 0 | O31: =SUM(C31:L31,N31) -> 70 | P31: =SUM(C31:N31) -> 110
B32: 12.30 - 12.45 | C32: 16 | D32: 29 | E32: 2 | F32: 23 | G32: 11 | H32: 0 | I32: 5 | J32: 0 | K32: 0 | L32: 0 | M32: 52 | N32: 0 | O32: =SUM(C32:L32,N32) -> 86 | P32: =SUM(C32:N32) -> 138
B33: 12.45 - 13.00 | C33: 11 | D33: 25 | E33: 1 | F33: 11 | G33: 1 | H33: 0 | I33: 0 | J33: 0 | K33: 0 | L33: 0 | M33: 48 | N33: 0 | O33: =SUM(C33:L33,N33) -> 49 | P33: =SUM(C33:N33) -> 97
B34: 13.00 - 13.15 | C34: 21 | D34: 22 | E34: 3 | F34: 18 | G34: 0 | H34: 0 | I34: 4 | J34: 1 | K34: 4 | L34: 0 | M34: 43 | N34: 0 | O34: =SUM(C34:L34,N34) -> 73 | P34: =SUM(C34:N34) -> 116
B35: 13.15 - 13.30 | C35: 6 | D35: 11 | E35: 3 | F35: 10 | G35: 0 | H35: 0 | I35: 0 | J35: 1 | K35: 0 | L35: 0 | M35: 32 | N35: 0 | O35: =SUM(C35:L35,N35) -> 31 | P35: =SUM(C35:N35) -> 63
B36: 13.30 - 13.45 | C36: 9 | D36: 18 | E36: 9 | F36: 0 | G36: 0 | H36: 0 | I36: 3 | J36: 0 | K36: 0 | L36: 0 | M36: 34 | N36: 0 | O36: =SUM(C36:L36,N36) -> 39 | P36: =SUM(C36:N36) -> 73
B37: 13.45 - 14.00 | C37: 18 | D37: 21 | E37: 12 | F37: 10 | G37: 0 | H37: 0 | I37: 0 | J37: 0 | K37: 0 | L37: 0 | M37: 46 | N37: 0 | O37: =SUM(C37:L37,N37) -> 61 | P37: =SUM(C37:N37) -> 107
B38: 14.00 - 14.15 | C38: 38 | D38: 12 | E38: 5 | F38: 9 | G38: 1 | H38: 0 | I38: 5 | J38: 7 | K38: 0 | L38: 0 | M38: 28 | N38: 0 | O38: =SUM(C38:L38,N38) -> 77 | P38: =SUM(C38:N38) -> 105
B39: 14.15 - 14.30 | C39: 31 | D39: 16 | E39: 6 | F39: 11 | G39: 0 | H39: 0 | I39: 2 | J39: 0 | K39: 0 | L39: 0 | M39: 39 | N39: 0 | O39: =SUM(C39:L39,N39) -> 66 | P39: =SUM(C39:N39) -> 105
B40: 14.30 - 14.45 | C40: 21 | D40: 10 | E40: 5 | F40: 6 | G40: 2 | H40: 0 | I40: 0 | J40: 0 | K40: 0 | L40: 0 | M40: 23 | N40: 0 | O40: =SUM(C40:L40,N40) -> 44 | P40: =SUM(C40:N40) -> 67
... B57: 18.45 - 19.00 | C57: 13 | D57: 20 | E57: 3 | F57: 13 | G57: 2 | H57: 0 | I57: 5 | J57: 3 | K57: 0 | L57: 0 | M57: 38 | N57: 0 | O57: =SUM(C57:L57,N57) -> 59 | P57: =SUM(C57:N57) -> 97
B58: Totals | C58: =SUM(C10:C57) -> 844 | D58: =SUM(D10:D57) -> 999 | E58: =SUM(E10:E57) -> 214 | F58: =SUM(F10:F57) -> 707 | G58: =SUM(G10:G57) -> 53 | H58: =SUM(H10:H57) -> 7 | I58: =SUM(I10:I57) -> 137 | J58: =SUM(J10:J57) -> 45 | ... P58: =SUM(P10:P57) -> 4872
B59: %ges + MCs | C59: =C58/$P$58 -> 0.17323481 | D59: =D58/$P$58 -> 0.20504926 | E59: =E58/$P$58 -> 0.043924466 | F59: =F58/$P$58 -> 0.14511494 | G59: =G58/$P$58 -> 0.010878489 | H59: =H58/$P$58 -> 0.0014367816 | I59: =I58/$P$58 -> 0.028119869 | J59: =J58/$P$58 -> 0.0092364532 | ... N59: =N58/$P$58 -> 0
B60: %ges w/o MCs | C60: =C58/$O$58 -> 0.27984085 | D60: =D58/$O$58 -> 0.33123342 | E60: =E58/$O$58 -> 0.070954907 | F60: =F58/$O$58 -> 0.23441645 | G60: =G58/$O$58 -> 0.017572944 | H60: =H58/$O$58 -> 0.0023209549 | I60: =I58/$O$58 -> 0.045424403 | J60: =J58/$O$58 -> 0.014920424 | ... L60: =L58/$O$58 -> 0 | N60: =N58/$O$58 -> 0

Sheet 28.09 Gaba-Munyonyo-24h
B1: Consultancy services for Preparation of Expressway Development Master Plan (EDMP) for Uganda
B2: MANUAL CLASSIFIED COUNT (MCC)
B3: ROAD NAME: | C3: ='[2]23.09.19 Gaba -Munyonyo'!C3:G3 -> MCC-C2-STNO 52-Wavamuno RD
C5: Date | D5: 28.09.19 | F5: Location | G5: ='[2]27.09 Munyonyo-Gaba-24h'!G5:H5 -> Wavamuno | J5: Surveyor | K5: ='[2]27.09 Munyonyo-Gaba-24h'!K5:L5 -> Kasoma John Paul / Akello Rosette
C6: Dir. From | D6: ='[2]23.09.19 Gaba -Munyonyo'!D6:E6 -> GABA | F6: Dir. To | G6: ='[2]23.09.19 Gaba -Munyonyo'!G6:H6 -> MUNYONYO | J6: Supervisor | K6: ='[2]27.09 Munyonyo-Gaba-24h'!K6:L6 -> Steven
B8: Time / Veh Type | R8: SUMMARY TRAFFIC VOLUMES
C9: 1. Car | D9: 2. Station Wagon | E9: 3. Pickups | F9: 4. Minibus, matatu | G9: 5. Medium bus | H9: 6. Large Bus | I9: 7. Light Truck | J9: 8. Medium Truck | K9: 9. Heavy truck | L9: 10. Truck Trailer | M9: 11. Motor cycles | N9: 12. Tractors | O9: Total Excl M/Cycles | P9: Total All | R9: Time | S9: 1. Car | T9: 2. Station Wagon | U9: 3. Pickups | V9: 4. Minibus, matatu | W9: 5. Medium bus | X9: 6. Large Bus | Y9: 7. Light Truck | Z9: 8. Medium Truck | AA9: 9. Heavy truck | AB9: 10. Truck Trailer | AC9: 11. Motorcycles | AD9: 12. Tractors, Graders | AE9: Total Excl M/ Cycles | AF9: Total All
B10: 07.00 - 07.15 | C10: 9 | D10: 4 | E10: 3 | F10: 15 | G10: 0 | H10: 0 | I10: 3 | J10: 0 | K10: 0 | L10: 0 | M10: 23 | N10: 0 | O10: =SUM(C10:L10,N10) -> 34 | P10: =SUM(C10:N10) -> 57 | R10: 0700-0800 | S10: =SUM(C10:C13) -> 92 | T10: =SUM(D10:D13) -> 30 | U10: =SUM(E10:E13) -> 13 | V10: =SUM(F10:F13) -> 60 | W10: =SUM(G10:G13) -> 0 | X10: =SUM(H10:H13) -> 0 | Y10: =SUM(I10:I13) -> 8 | Z10: =SUM(J10:J13) -> 5 | ... AF10: =SUM(P10:P13) -> 337
B11: 07.15 - 07.30 | C11: 30 | D11: 6 | E11: 2 | F11: 15 | G11: 0 | H11: 0 | I11: 3 | J11: 2 | K11: 0 | L11: 0 | M11: 33 | N11: 0 | O11: =SUM(C11:L11,N11) -> 58 | P11: =SUM(C11:N11) -> 91 | R11: 0800-0900 | S11: =SUM(C14:C17) -> 112 | T11: =SUM(D14:D17) -> 48 | U11: =SUM(E14:E17) -> 28 | V11: =SUM(F14:F17) -> 69 | W11: =SUM(G14:G17) -> 3 | X11: =SUM(H14:H17) -> 2 | Y11: =SUM(I14:I17) -> 10 | Z11: =SUM(J14:J17) -> 6 | ... AF11: =SUM(P14:P17) -> 417
B12: 07.30 - 07.45 | C12: 24 | D12: 8 | E12: 2 | F12: 12 | G12: 0 | H12: 0 | I12: 1 | J12: 0 | K12: 0 | L12: 0 | M12: 34 | N12: 0 | O12: =SUM(C12:L12,N12) -> 47 | P12: =SUM(C12:N12) -> 81 | R12: 0900-1000 | S12: =SUM(C18:C21) -> 142 | T12: =SUM(D18:D21) -> 54 | U12: =SUM(E18:E21) -> 28 | V12: =SUM(F18:F21) -> 61 | W12: =SUM(G18:G21) -> 6 | X12: =SUM(H18:H21) -> 0 | Y12: =SUM(I18:I21) -> 12 | Z12: =SUM(J18:J21) -> 6 | ... AF12: =SUM(P18:P21) -> 486
B13: 07.45 - 08.00 | C13: 29 | D13: 12 | E13: 6 | F13: 18 | G13: 0 | H13: 0 | I13: 1 | J13: 3 | K13: 1 | L13: 0 | M13: 38 | N13: 0 | O13: =SUM(C13:L13,N13) -> 70 | P13: =SUM(C13:N13) -> 108 | R13: 1000-1100 | S13: =SUM(C22:C25) -> 127 | T13: =SUM(D22:D25) -> 85 | U13: =SUM(E22:E25) -> 23 | V13: =SUM(F22:F25) -> 72 | W13: =SUM(G22:G25) -> 8 | X13: =SUM(H22:H25) -> 0 | Y13: =SUM(I22:I25) -> 11 | Z13: =SUM(J22:J25) -> 7 | ... AF13: =SUM(P22:P25) -> 542
B14: 08.00 - 08.15 | C14: 26 | D14: 10 | E14: 5 | F14: 16 | G14: 1 | H14: 0 | I14: 4 | J14: 2 | K14: 0 | L14: 0 | M14: 20 | N14: 0 | O14: =SUM(C14:L14,N14) -> 64 | P14: =SUM(C14:N14) -> 84 | R14: 1100-1200 | S14: =SUM(C26:C29) -> 183 | T14: =SUM(D26:D29) -> 83 | U14: =SUM(E26:E29) -> 25 | V14: =SUM(F26:F29) -> 52 | W14: =SUM(G26:G29) -> 3 | X14: =SUM(H26:H29) -> 0 | Y14: =SUM(I26:I29) -> 7 | Z14: =SUM(J26:J29) -> 5 | ... AF14: =SUM(P26:P29) -> 579
B15: 08.15 - 08.30 | C15: 29 | D15: 14 | E15: 10 | F15: 27 | G15: 1 | H15: 2 | I15: 0 | J15: 3 | K15: 0 | L15: 0 | M15: 41 | N15: 0 | O15: =SUM(C15:L15,N15) -> 86 | P15: =SUM(C15:N15) -> 127 | R15: 1200-1300 | S15: =SUM(C30:C33) -> 207 | T15: =SUM(D30:D33) -> 63 | U15: =SUM(E30:E33) -> 28 | V15: =SUM(F30:F33) -> 49 | W15: =SUM(G30:G33) -> 5 | X15: =SUM(H30:H33) -> 0 | Y15: =SUM(I30:I33) -> 18 | Z15: =SUM(J30:J33) -> 14 | ... AF15: =SUM(P30:P33) -> 609
B16: 08.30 - 08.45 | C16: 26 | D16: 6 | E16: 4 | F16: 15 | G16: 0 | H16: 0 | I16: 2 | J16: 1 | K16: 2 | L16: 0 | M16: 40 | N16: 0 | O16: =SUM(C16:L16,N16) -> 56 | P16: =SUM(C16:N16) -> 96 | R16: 1300-1400 | S16: =SUM(C34:C37) -> 185 | T16: =SUM(D34:D37) -> 80 | U16: =SUM(E34:E37) -> 35 | V16: =SUM(F34:F37) -> 36 | W16: =SUM(G34:G37) -> 2 | X16: =SUM(H34:H37) -> 0 | Y16: =SUM(I34:I37) -> 17 | Z16: =SUM(J34:J37) -> 5 | ... AF16: =SUM(P34:P37) -> 593
B17: 08.45 - 9.00 | C17: 31 | D17: 18 | E17: 9 | F17: 11 | G17: 1 | H17: 0 | I17: 4 | J17: 0 | K17: 0 | L17: 0 | M17: 36 | N17: 0 | O17: =SUM(C17:L17,N17) -> 74 | P17: =SUM(C17:N17) -> 110 | R17: 1400-1500 | S17: =SUM(C38:C41) -> 253 | T17: =SUM(D38:D41) -> 95 | U17: =SUM(E38:E41) -> 16 | V17: =SUM(F38:F41) -> 61 | W17: =SUM(G38:G41) -> 8 | X17: =SUM(H38:H41) -> 1 | Y17: =SUM(I38:I41) -> 20 | Z17: =SUM(J38:J41) -> 12 | ... AF17: =SUM(P38:P41) -> 752
B18: 09.00 - 09.15 | C18: 41 | D18: 19 | E18: 11 | F18: 19 | G18: 3 | H18: 0 | I18: 1 | J18: 1 | K18: 0 | L18: 0 | M18: 47 | N18: 0 | O18: =SUM(C18:L18,N18) -> 95 | P18: =SUM(C18:N18) -> 142 | R18: 1500-1600 | S18: =SUM(C42:C45) -> 221 | T18: =SUM(D42:D45) -> 101 | U18: =SUM(E42:E45) -> 22 | V18: =SUM(F42:F45) -> 43 | W18: =SUM(G42:G45) -> 2 | X18: =SUM(H42:H45) -> 0 | Y18: =SUM(I42:I45) -> 16 | Z18: =SUM(J42:J45) -> 9 | ... AF18: =SUM(P42:P45) -> 674
B19: 09.15 - 09.30 | C19: 34 | D19: 14 | E19: 6 | F19: 17 | G19: 3 | H19: 0 | I19: 8 | J19: 1 | K19: 2 | L19: 0 | M19: 55 | N19: 0 | O19: =SUM(C19:L19,N19) -> 85 | P19: =SUM(C19:N19) -> 140 | R19: 1600-1700 | S19: =SUM(C46:C49) -> 180 | T19: =SUM(D46:D49) -> 60 | U19: =SUM(E46:E49) -> 20 | V19: =SUM(F46:F49) -> 51 | W19: =SUM(G46:G49) -> 1 | X19: =SUM(H46:H49) -> 0 | Y19: =SUM(I46:I49) -> 6 | Z19: =SUM(J46:J49) -> 3 | ... AF19: =SUM(P46:P49) -> 508
B20: 09.30 - 09.45 | C20: 38 | D20: 11 | E20: 6 | F20: 15 | G20: 0 | H20: 0 | I20: 1 | J20: 2 | K20: 0 | L20: 0 | M20: 35 | N20: 0 | O20: =SUM(C20:L20,N20) -> 73 | P20: =SUM(C20:N20) -> 108 | R20: 1700-1800 | S20: =SUM(C50:C53) -> 178 | T20: =SUM(D50:D53) -> 101 | U20: =SUM(E50:E53) -> 30 | V20: =SUM(F50:F53) -> 48 | W20: =SUM(G50:G53) -> 0 | X20: =SUM(H50:H53) -> 1 | Y20: =SUM(I50:I53) -> 11 | Z20: =SUM(J50:J53) -> 8 | ... AF20: =SUM(P50:P53) -> 559
B21: 09.45 - 10.00 | C21: 29 | D21: 10 | E21: 5 | F21: 10 | G21: 0 | H21: 0 | I21: 2 | J21: 2 | K21: 0 | L21: 0 | M21: 38 | N21: 0 | O21: =SUM(C21:L21,N21) -> 58 | P21: =SUM(C21:N21) -> 96 | R21: 1800-1900 | S21: =SUM(C54:C57) -> 136 | T21: =SUM(D54:D57) -> 121 | U21: =SUM(E54:E57) -> 28 | V21: =SUM(F54:F57) -> 61 | W21: =SUM(G54:G57) -> 0 | X21: =SUM(H54:H57) -> 0 | Y21: =SUM(I54:I57) -> 6 | Z21: =SUM(J54:J57) -> 8 | ... AF21: =SUM(P54:P57) -> 575
B22: 10.00 - 10.15 | C22: 25 | D22: 12 | E22: 5 | F22: 15 | G22: 4 | H22: 0 | I22: 3 | J22: 3 | K22: 0 | L22: 0 | M22: 41 | N22: 0 | O22: =SUM(C22:L22,N22) -> 67 | P22: =SUM(C22:N22) -> 108 | R22: 1900-2000 | S22: =SUM(C58:C61) -> 137 | T22: =SUM(D58:D61) -> 85 | U22: =SUM(E58:E61) -> 17 | V22: =SUM(F58:F61) -> 38 | W22: =SUM(G58:G61) -> 1 | X22: =SUM(H58:H61) -> 0 | Y22: =SUM(I58:I61) -> 15 | Z22: =SUM(J58:J61) -> 7 | ... AF22: =SUM(P58:P61) -> 598
B23: 10.15 - 10.30 | C23: 30 | D23: 31 | E23: 1 | F23: 21 | G23: 4 | H23: 0 | I23: 0 | J23: 1 | K23: 0 | L23: 0 | M23: 56 | N23: 0 | O23: =SUM(C23:L23,N23) -> 88 | P23: =SUM(C23:N23) -> 144 | R23: 2000-2100 | S23: =SUM(C62:C65) -> 137 | T23: =SUM(D62:D65) -> 80 | U23: =SUM(E62:E65) -> 17 | V23: =SUM(F62:F65) -> 50 | W23: =SUM(G62:G65) -> 1 | X23: =SUM(H62:H65) -> 0 | Y23: =SUM(I62:I65) -> 6 | Z23: =SUM(J62:J65) -> 0 | ... AF23: =SUM(P62:P65) -> 554
B24: 10.30 - 10.45 | C24: 44 | D24: 27 | E24: 7 | F24: 22 | G24: 0 | H24: 0 | I24: 2 | J24: 0 | K24: 0 | L24: 0 | M24: 60 | N24: 0 | O24: =SUM(C24:L24,N24) -> 102 | P24: =SUM(C24:N24) -> 162 | R24: 2100-2200 | S24: =SUM(C66:C69) -> 148 | T24: =SUM(D66:D69) -> 82 | U24: =SUM(E66:E69) -> 13 | V24: =SUM(F66:F69) -> 35 | W24: =SUM(G66:G69) -> 0 | X24: =SUM(H66:H69) -> 0 | Y24: =SUM(I66:I69) -> 11 | Z24: =SUM(J66:J69) -> 3 | ... AF24: =SUM(P66:P69) -> 584
B25: 10.45 - 11.00 | C25: 28 | D25: 15 | E25: 10 | F25: 14 | G25: 0 | H25: 0 | I25: 6 | J25: 3 | K25: 0 | L25: 0 | M25: 52 | N25: 0 | O25: =SUM(C25:L25,N25) -> 76 | P25: =SUM(C25:N25) -> 128 | R25: 2200-2300 | S25: =SUM(C70:C73) -> 134 | T25: =SUM(D70:D73) -> 57 | U25: =SUM(E70:E73) -> 16 | V25: =SUM(F70:F73) -> 44 | W25: =SUM(G70:G73) -> 0 | X25: =SUM(H70:H73) -> 1 | Y25: =SUM(I70:I73) -> 2 | Z25: =SUM(J70:J73) -> 2 | ... AF25: =SUM(P70:P73) -> 464
B26: 11.00 - 11.15 | C26: 44 | D26: 20 | E26: 7 | F26: 10 | G26: 2 | H26: 0 | I26: 3 | J26: 1 | K26: 0 | L26: 0 | M26: 45 | N26: 0 | O26: =SUM(C26:L26,N26) -> 87 | P26: =SUM(C26:N26) -> 132 | R26: 2300-0000 | S26: =SUM(C74:C77) -> 59 | T26: =SUM(D74:D77) -> 32 | U26: =SUM(E74:E77) -> 4 | V26: =SUM(F74:F77) -> 21 | W26: =SUM(G74:G77) -> 1 | X26: =SUM(H74:H77) -> 0 | Y26: =SUM(I74:I77) -> 1 | Z26: =SUM(J74:J77) -> 1 | ... AF26: =SUM(P74:P77) -> 254
B27: 11.15 - 11.30 | C27: 40 | D27: 24 | E27: 3 | F27: 13 | G27: 1 | H27: 0 | I27: 1 | J27: 2 | K27: 1 | L27: 0 | M27: 51 | N27: 0 | O27: =SUM(C27:L27,N27) -> 85 | P27: =SUM(C27:N27) -> 136 | R27: 0000-0100 | S27: =SUM(C78:C81) -> 64 | T27: =SUM(D78:D81) -> 26 | U27: =SUM(E78:E81) -> 7 | V27: =SUM(F78:F81) -> 13 | W27: =SUM(G78:G81) -> 0 | X27: =SUM(H78:H81) -> 0 | Y27: =SUM(I78:I81) -> 4 | Z27: =SUM(J78:J81) -> 0 | ... AF27: =SUM(P78:P81) -> 200
B28: 11.30 - 11.45 | C28: 43 | D28: 14 | E28: 8 | F28: 11 | G28: 0 | H28: 0 | I28: 1 | J28: 1 | K28: 0 | L28: 0 | M28: 65 | N28: 0 | O28: =SUM(C28:L28,N28) -> 78 | P28: =SUM(C28:N28) -> 143 | R28: 0100-0200 | S28: =SUM(C82:C85) -> 83 | T28: =SUM(D82:D85) -> 14 | U28: =SUM(E82:E85) -> 8 | V28: =SUM(F82:F85) -> 4 | W28: =SUM(G82:G85) -> 0 | X28: =SUM(H82:H85) -> 0 | Y28: =SUM(I82:I85) -> 3 | Z28: =SUM(J82:J85) -> 0 | ... AF28: =SUM(P82:P85) -> 152
B29: 11.45 - 12.00 | C29: 56 | D29: 25 | E29: 7 | F29: 18 | G29: 0 | H29: 0 | I29: 2 | J29: 1 | K29: 0 | L29: 0 | M29: 59 | N29: 0 | O29: =SUM(C29:L29,N29) -> 109 | P29: =SUM(C29:N29) -> 168 | R29: 0200-0300 | S29: =SUM(C86:C89) -> 41 | T29: =SUM(D86:D89) -> 19 | U29: =SUM(E86:E89) -> 2 | V29: =SUM(F86:F89) -> 1 | W29: =SUM(G86:G89) -> 0 | X29: =SUM(H86:H89) -> 0 | Y29: =SUM(I86:I89) -> 0 | Z29: =SUM(J86:J89) -> 0 | ... AF29: =SUM(P86:P89) -> 101
B30: 12.00 - 12.15 | C30: 33 | D30: 7 | E30: 7 | F30: 9 | G30: 1 | H30: 0 | I30: 4 | J30: 2 | K30: 0 | L30: 0 | M30: 50 | N30: 0 | O30: =SUM(C30:L30,N30) -> 63 | P30: =SUM(C30:N30) -> 113 | R30: 0300-0400 | S30: =SUM(C90:C93) -> 38 | T30: =SUM(D90:D93) -> 9 | U30: =SUM(E90:E93) -> 2 | V30: =SUM(F90:F93) -> 4 | W30: =SUM(G90:G93) -> 0 | X30: =SUM(H90:H93) -> 0 | Y30: =SUM(I90:I93) -> 0 | Z30: =SUM(J90:J93) -> 1 | ... AF30: =SUM(P90:P93) -> 99
B31: 12.15 - 12.30 | C31: 44 | D31: 18 | E31: 4 | F31: 10 | G31: 1 | H31: 0 | I31: 5 | J31: 4 | K31: 0 | L31: 0 | M31: 67 | N31: 0 | O31: =SUM(C31:L31,N31) -> 86 | P31: =SUM(C31:N31) -> 153 | R31: 0400-0500 | S31: =SUM(C94:C97) -> 49 | T31: =SUM(D94:D97) -> 12 | U31: =SUM(E94:E97) -> 1 | V31: =SUM(F94:F97) -> 2 | W31: =SUM(G94:G97) -> 0 | X31: =SUM(H94:H97) -> 0 | Y31: =SUM(I94:I97) -> 0 | Z31: =SUM(J94:J97) -> 0 | ... AF31: =SUM(P94:P97) -> 93
B32: 12.30 - 12.45 | C32: 50 | D32: 15 | E32: 9 | F32: 16 | G32: 1 | H32: 0 | I32: 2 | J32: 4 | K32: 0 | L32: 0 | M32: 57 | N32: 0 | O32: =SUM(C32:L32,N32) -> 97 | P32: =SUM(C32:N32) -> 154 | R32: 0500-0600 | S32: =SUM(C98:C101) -> 34 | T32: =SUM(D98:D101) -> 5 | U32: =SUM(E98:E101) -> 2 | V32: =SUM(F98:F101) -> 6 | W32: =SUM(G98:G101) -> 0 | X32: =SUM(H98:H101) -> 0 | Y32: =SUM(I98:I101) -> 1 | Z32: =SUM(J98:J101) -> 0 | ... AF32: =SUM(P98:P101) -> 97
B33: 12.45 - 13.00 | C33: 80 | D33: 23 | E33: 8 | F33: 14 | G33: 2 | H33: 0 | I33: 7 | J33: 4 | K33: 1 | L33: 0 | M33: 50 | N33: 0 | O33: =SUM(C33:L33,N33) -> 139 | P33: =SUM(C33:N33) -> 189 | R33: 0600-0700 | S33: =SUM(C102:C105) -> 32 | T33: =SUM(D102:D105) -> 14 | U33: =SUM(E102:E105) -> 10 | V33: =SUM(F102:F105) -> 22 | W33: =SUM(G102:G105) -> 0 | X33: =SUM(H102:H105) -> 1 | Y33: =SUM(I102:I105) -> 7 | Z33: =SUM(J102:J105) -> 0 | ... AF33: =SUM(P102:P105) -> 151
B34: 13.00 - 13.15 | C34: 39 | D34: 23 | E34: 10 | F34: 13 | G34: 0 | H34: 0 | I34: 5 | J34: 2 | K34: 0 | L34: 0 | M34: 49 | N34: 0 | O34: =SUM(C34:L34,N34) -> 92 | P34: =SUM(C34:N34) -> 141 | R34: AM Peak Hr | S34: =MAX(S10:S12) -> 142 | T34: =MAX(T10:T12) -> 54 | U34: =MAX(U10:U12) -> 28 | V34: =MAX(V10:V12) -> 69 | W34: =MAX(W10:W12) -> 6 | X34: =MAX(X10:X12) -> 2 | Y34: =MAX(Y10:Y12) -> 12 | Z34: =MAX(Z10:Z12) -> 6 | ... AF34: =MAX(AF10:AF12) -> 486
B35: 13.15 - 13.30 | C35: 50 | D35: 17 | E35: 9 | F35: 4 | G35: 1 | H35: 0 | I35: 5 | J35: 0 | K35: 1 | L35: 0 | M35: 54 | N35: 0 | O35: =SUM(C35:L35,N35) -> 87 | P35: =SUM(C35:N35) -> 141 | R35: IP Peak Hr | S35: =MAX(S13:S18) -> 253 | T35: =MAX(T13:T18) -> 101 | U35: =MAX(U13:U18) -> 35 | V35: =MAX(V13:V18) -> 72 | W35: =MAX(W13:W18) -> 8 | X35: =MAX(X13:X18) -> 1 | Y35: =MAX(Y13:Y18) -> 20 | Z35: =MAX(Z13:Z18) -> 14 | ... AF35: =MAX(AF13:AF18) -> 752
B36: 13.30 - 13.45 | C36: 53 | D36: 21 | E36: 10 | F36: 10 | G36: 1 | H36: 0 | I36: 3 | J36: 1 | K36: 0 | L36: 0 | M36: 72 | N36: 0 | O36: =SUM(C36:L36,N36) -> 99 | P36: =SUM(C36:N36) -> 171 | R36: PM Peak Hr | S36: =MAX(S19:S21) -> 180 | T36: =MAX(T19:T21) -> 121 | U36: =MAX(U19:U21) -> 30 | V36: =MAX(V19:V21) -> 61 | W36: =MAX(W19:W21) -> 1 | X36: =MAX(X19:X21) -> 1 | Y36: =MAX(Y19:Y21) -> 11 | Z36: =MAX(Z19:Z21) -> 8 | ... AF36: =MAX(AF19:AF21) -> 575
B37: 13.45 - 14.00 | C37: 43 | D37: 19 | E37: 6 | F37: 9 | G37: 0 | H37: 0 | I37: 4 | J37: 2 | K37: 0 | L37: 1 | M37: 56 | N37: 0 | O37: =SUM(C37:L37,N37) -> 84 | P37: =SUM(C37:N37) -> 140 | R37: AM Period | S37: =SUM(S10:S12) -> 346 | T37: =SUM(T10:T12) -> 132 | U37: =SUM(U10:U12) -> 69 | V37: =SUM(V10:V12) -> 190 | W37: =SUM(W10:W12) -> 9 | X37: =SUM(X10:X12) -> 2 | Y37: =SUM(Y10:Y12) -> 30 | Z37: =SUM(Z10:Z12) -> 17 | ... AF37: =SUM(AF10:AF12) -> 1240
B38: 14.00 - 14.15 | C38: 58 | D38: 21 | E38: 4 | F38: 8 | G38: 2 | H38: 0 | I38: 7 | J38: 2 | K38: 0 | L38: 0 | M38: 56 | N38: 0 | O38: =SUM(C38:L38,N38) -> 102 | P38: =SUM(C38:N38) -> 158 | R38: IP Period | S38: =SUM(S13:S18) -> 1176 | T38: =SUM(T13:T18) -> 507 | U38: =SUM(U13:U18) -> 149 | V38: =SUM(V13:V18) -> 313 | W38: =SUM(W13:W18) -> 28 | X38: =SUM(X13:X18) -> 1 | Y38: =SUM(Y13:Y18) -> 89 | Z38: =SUM(Z13:Z18) -> 52 | ... AF38: =SUM(AF13:AF18) -> 3749
B39: 14.15 - 14.30 | C39: 60 | D39: 28 | E39: 3 | F39: 17 | G39: 0 | H39: 0 | I39: 2 | J39: 3 | K39: 0 | L39: 0 | M39: 59 | N39: 0 | O39: =SUM(C39:L39,N39) -> 113 | P39: =SUM(C39:N39) -> 172 | R39: PM Period | S39: =SUM(S19:S21) -> 494 | T39: =SUM(T19:T21) -> 282 | U39: =SUM(U19:U21) -> 78 | V39: =SUM(V19:V21) -> 160 | W39: =SUM(W19:W21) -> 1 | X39: =SUM(X19:X21) -> 1 | Y39: =SUM(Y19:Y21) -> 23 | Z39: =SUM(Z19:Z21) -> 19 | ... AF39: =SUM(AF19:AF21) -> 1642
B40: 14.30 - 14.45 | C40: 62 | D40: 31 | E40: 5 | F40: 19 | G40: 3 | H40: 1 | I40: 7 | J40: 1 | K40: 0 | L40: 0 | M40: 86 | N40: 0 | O40: =SUM(C40:L40,N40) -> 129 | P40: =SUM(C40:N40) -> 215 | R40: 12 Hours | S40: =SUM(S10:S21) -> 2016 | T40: =SUM(T10:T21) -> 921 | U40: =SUM(U10:U21) -> 296 | V40: =SUM(V10:V21) -> 663 | W40: =SUM(W10:W21) -> 38 | X40: =SUM(X10:X21) -> 4 | Y40: =SUM(Y10:Y21) -> 142 | Z40: =SUM(Z10:Z21) -> 88 | ... AF40: =SUM(AF10:AF21) -> 6631
B41: 14.45 - 15.00 | C41: 73 | D41: 15 | E41: 4 | F41: 17 | G41: 3 | H41: 0 | I41: 4 | J41: 6 | K41: 0 | L41: 0 | M41: 85 | N41: 0 | O41: =SUM(C41:L41,N41) -> 122 | P41: =SUM(C41:N41) -> 207 | R41: 24 Hrs/ADT | S41: =SUM(S10:S33) -> 2972 | T41: =SUM(T10:T33) -> 1356 | U41: =SUM(U10:U33) -> 395 | V41: =SUM(V10:V33) -> 903 | W41: =SUM(W10:W33) -> 41 | X41: =SUM(X10:X33) -> 6 | Y41: =SUM(Y10:Y33) -> 192 | Z41: =SUM(Z10:Z33) -> 102 | ... AF41: =SUM(AF10:AF33) -> 9978
B42: 15.00 - 15.15 | C42: 62 | D42: 25 | E42: 4 | F42: 12 | G42: 1 | H42: 0 | I42: 4 | J42: 1 | K42: 0 | L42: 0 | M42: 60 | N42: 0 | O42: =SUM(C42:L42,N42) -> 109 | P42: =SUM(C42:N42) -> 169 | R42: NEF | S42: =S41/S40 -> 1.4742063 | T42: =T41/T40 -> 1.4723127 | U42: =U41/U40 -> 1.3344595 | V42: =V41/V40 -> 1.361991 | W42: =W41/W40 -> 1.0789474 | X42: =X41/X40 -> 1.5 | Y42: =Y41/Y40 -> 1.3521127 | Z42: =Z41/Z40 -> 1.1590909 | ... AF42: =AF41/AF40 -> 1.5047504
B43: 15.15 - 15.30 | C43: 42 | D43: 24 | E43: 5 | F43: 6 | G43: 1 | H43: 0 | I43: 4 | J43: 4 | K43: 0 | L43: 0 | M43: 58 | N43: 0 | O43: =SUM(C43:L43,N43) -> 86 | P43: =SUM(C43:N43) -> 144
B44: 15.30 - 15.45 | C44: 60 | D44: 25 | E44: 5 | F44: 11 | G44: 0 | H44: 0 | I44: 3 | J44: 2 | K44: 1 | L44: 0 | M44: 71 | N44: 0 | O44: =SUM(C44:L44,N44) -> 107 | P44: =SUM(C44:N44) -> 178
B45: 15.45 - 16.00 | C45: 57 | D45: 27 | E45: 8 | F45: 14 | G45: 0 | H45: 0 | I45: 5 | J45: 2 | K45: 0 | L45: 0 | M45: 70 | N45: 0 | O45: =SUM(C45:L45,N45) -> 113 | P45: =SUM(C45:N45) -> 183
B46: 16.00 - 16.15 | C46: 59 | D46: 22 | E46: 8 | F46: 20 | G46: 0 | H46: 0 | I46: 2 | J46: 2 | K46: 0 | L46: 0 | M46: 60 | N46: 0 | O46: =SUM(C46:L46,N46) -> 113 | P46: =SUM(C46:N46) -> 173
B47: 16.15 -16.30 | C47: 47 | D47: 14 | E47: 6 | F47: 13 | G47: 1 | H47: 0 | I47: 1 | J47: 0 | K47: 0 | L47: 0 | M47: 50 | N47: 0 | O47: =SUM(C47:L47,N47) -> 82 | P47: =SUM(C47:N47) -> 132
B48: 16.30 -16.45 | C48: 34 | D48: 8 | E48: 3 | F48: 4 | G48: 0 | H48: 0 | I48: 2 | J48: 0 | K48: 1 | L48: 0 | M48: 26 | N48: 0 | O48: =SUM(C48:L48,N48) -> 52 | P48: =SUM(C48:N48) -> 78
B49: 16.45 -17.00 | C49: 40 | D49: 16 | E49: 3 | F49: 14 | G49: 0 | H49: 0 | I49: 1 | J49: 1 | K49: 0 | L49: 0 | M49: 50 | N49: 0 | O49: =SUM(C49:L49,N49) -> 75 | P49: =SUM(C49:N49) -> 125
B50: 17.00 -17.15 | C50: 51 | D50: 13 | E50: 4 | F50: 8 | G50: 0 | H50: 0 | I50: 2 | J50: 2 | K50: 0 | L50: 0 | M50: 60 | N50: 0 | O50: =SUM(C50:L50,N50) -> 80 | P50: =SUM(C50:N50) -> 140
B51: 17.15 -17.30 | C51: 67 | D51: 19 | E51: 4 | F51: 11 | G51: 0 | H51: 0 | I51: 2 | J51: 1 | K51: 0 | L51: 0 | M51: 40 | N51: 0 | O51: =SUM(C51:L51,N51) -> 104 | P51: =SUM(C51:N51) -> 144
B52: 17.30 -17.45 | C52: 34 | D52: 38 | E52: 16 | F52: 17 | G52: 0 | H52: 1 | I52: 5 | J52: 3 | K52: 0 | L52: 0 | M52: 34 | N52: 0 | O52: =SUM(C52:L52,N52) -> 114 | P52: =SUM(C52:N52) -> 148
B53: 17.45 -18.00 | C53: 26 | D53: 31 | E53: 6 | F53: 12 | G53: 0 | H53: 0 | I53: 2 | J53: 2 | K53: 0 | L53: 0 | M53: 48 | N53: 0 | O53: =SUM(C53:L53,N53) -> 79 | P53: =SUM(C53:N53) -> 127
B54: 18.00 - 18.15 | C54: 30 | D54: 35 | E54: 10 | F54: 13 | G54: 0 | H54: 0 | I54: 2 | J54: 4 | K54: 0 | L54: 0 | M54: 43 | N54: 0 | O54: =SUM(C54:L54,N54) -> 94 | P54: =SUM(C54:N54) -> 137
... B105: 06.45 - 07.00 | C105: 11 | D105: 5 | E105: 2 | F105: 5 | G105: 0 | H105: 0 | I105: 1 | J105: 0 | K105: 0 | L105: 0 | M105: 11 | N105: 0 | O105: =SUM(C105:L105,N105) -> 24 | P105: =SUM(C105:N105) -> 35
B106: Totals | C106: =SUM(C10:C105) -> 2972 | D106: =SUM(D10:D105) -> 1356 | E106: =SUM(E10:E105) -> 395 | F106: =SUM(F10:F105) -> 903 | G106: =SUM(G10:G105) -> 41 | H106: =SUM(H10:H105) -> 6 | I106: =SUM(I10:I105) -> 192 | J106: =SUM(J10:J105) -> 102 | ... P106: =SUM(P10:P105) -> 9978
B107: %ges + MCs | C107: =C106/$P$106 -> 0.29785528 | D107: =D106/$P$106 -> 0.13589898 | E107: =E106/$P$106 -> 0.039587092 | F107: =F106/$P$106 -> 0.090499098 | G107: =G106/$P$106 -> 0.0041090399 | H107: =H106/$P$106 -> 0.00060132291 | I107: =I106/$P$106 -> 0.019242333 | J107: =J106/$P$106 -> 0.010222489 | ... N107: =N106/$P$106 -> 0
B108: %ges w/o MCs | C108: =C106/$O$106 -> 0.49690687 | D108: =D106/$O$106 -> 0.22671794 | E108: =E106/$O$106 -> 0.066042468 | F108: =F106/$O$106 -> 0.1509781 | G108: =G106/$O$106 -> 0.006855041 | H108: =H106/$O$106 -> 0.0010031767 | I108: =I106/$O$106 -> 0.032101655 | J108: =J106/$O$106 -> 0.017054004 | ... L108: =L106/$O$106 -> 0.00033439224 | N108: =N106/$O$106 -> 0

Sheet 28.09 Muynyonyo-Gaba-24h
B1: Consultancy services for Preparation of Expressway Development Master Plan (EDMP) for Uganda
B2: MANUAL CLASSIFIED COUNT (MCC)
B3: ROAD NAME: | C3: ='[2]23.09.19 Gaba -Munyonyo'!C3:G3 -> MCC-C2-STNO 52-Wavamuno RD
C5: Date | D5: ='[2]28.09 Gaba-Munyonyo-24h'!D5 -> 28.09.19 | F5: Location | G5: ='[2]28.09 Gaba-Munyonyo-24h'!G5:H5 -> Wavamuno | J5: Surveyor | K5: ='[2]28.09 Gaba-Munyonyo-24h'!K5:L5 -> Kasoma John Paul / Akello Rosette
C6: Dir. From | D6: ='[2]23.09.19 Munyonyo -Gaba'!D6:E6 -> MUNYONYO | F6: Dir. To | G6: ='[2]23.09.19 Munyonyo -Gaba'!G6:H6 -> GABA | J6: Supervisor | K6: ='[2]28.09 Gaba-Munyonyo-24h'!K6:L6 -> Steven
B8: Time / Veh Type | R8: SUMMARY TRAFFIC VOLUMES
C9: 1. Car | D9: 2. Station Wagon | E9: 3. Pickups | F9: 4. Minibus, matatu | G9: 5. Medium bus | H9: 6. Large Bus | I9: 7. Light Truck | J9: 8. Medium Truck | K9: 9. Heavy truck | L9: 10. Truck Trailer | M9: 11. Motor cycles | N9: 12. Tractors | O9: Total Excl M/Cycles | P9: Total All | R9: Time | S9: 1. Car | T9: 2. Station Wagon | U9: 3. Pickups | V9: 4. Minibus, matatu | W9: 5. Medium bus | X9: 6. Large Bus | Y9: 7. Light Truck | Z9: 8. Medium Truck | AA9: 9. Heavy truck | AB9: 10. Truck Trailer | AC9: 11. Motorcycles | AD9: 12. Tractors, Graders | AE9: Total Excl M/ Cycles | AF9: Total All
B10: 07.00 - 07.15 | C10: 35 | D10: 6 | E10: 6 | F10: 10 | G10: 0 | H10: 0 | I10: 1 | J10: 1 | K10: 0 | L10: 0 | M10: 40 | N10: 0 | O10: =SUM(C10:L10,N10) -> 59 | P10: =SUM(C10:N10) -> 99 | R10: 0700-0800 | S10: =SUM(C10:C13) -> 99 | T10: =SUM(D10:D13) -> 48 | U10: =SUM(E10:E13) -> 16 | V10: =SUM(F10:F13) -> 55 | W10: =SUM(G10:G13) -> 0 | X10: =SUM(H10:H13) -> 0 | Y10: =SUM(I10:I13) -> 3 | Z10: =SUM(J10:J13) -> 2 | ... AF10: =SUM(P10:P13) -> 383
B11: 07.15 - 07.30 | C11: 21 | D11: 7 | E11: 3 | F11: 16 | G11: 0 | H11: 0 | I11: 0 | J11: 0 | K11: 0 | L11: 0 | M11: 42 | N11: 0 | O11: =SUM(C11:L11,N11) -> 47 | P11: =SUM(C11:N11) -> 89 | R11: 0800-0900 | S11: =SUM(C14:C17) -> 108 | T11: =SUM(D14:D17) -> 103 | U11: =SUM(E14:E17) -> 12 | V11: =SUM(F14:F17) -> 88 | W11: =SUM(G14:G17) -> 4 | X11: =SUM(H14:H17) -> 0 | Y11: =SUM(I14:I17) -> 6 | Z11: =SUM(J14:J17) -> 0 | ... AF11: =SUM(P14:P17) -> 464
B12: 07.30 - 07.45 | C12: 22 | D12: 22 | E12: 0 | F12: 22 | G12: 0 | H12: 0 | I12: 1 | J12: 0 | K12: 0 | L12: 0 | M12: 34 | N12: 0 | O12: =SUM(C12:L12,N12) -> 67 | P12: =SUM(C12:N12) -> 101 | R12: 0900-1000 | S12: =SUM(C18:C21) -> 107 | T12: =SUM(D18:D21) -> 142 | U12: =SUM(E18:E21) -> 42 | V12: =SUM(F18:F21) -> 35 | W12: =SUM(G18:G21) -> 10 | X12: =SUM(H18:H21) -> 1 | Y12: =SUM(I18:I21) -> 10 | Z12: =SUM(J18:J21) -> 5 | ... AF12: =SUM(P18:P21) -> 573
B13: 07.45 - 08.00 | C13: 21 | D13: 13 | E13: 7 | F13: 7 | G13: 0 | H13: 0 | I13: 1 | J13: 1 | K13: 0 | L13: 0 | M13: 44 | N13: 0 | O13: =SUM(C13:L13,N13) -> 50 | P13: =SUM(C13:N13) -> 94 | R13: 1000-1100 | S13: =SUM(C22:C25) -> 108 | T13: =SUM(D22:D25) -> 118 | U13: =SUM(E22:E25) -> 38 | V13: =SUM(F22:F25) -> 53 | W13: =SUM(G22:G25) -> 3 | X13: =SUM(H22:H25) -> 0 | Y13: =SUM(I22:I25) -> 14 | Z13: =SUM(J22:J25) -> 1 | ... AF13: =SUM(P22:P25) -> 500
B14: 08.00 - 08.15 | C14: 28 | D14: 36 | E14: 6 | F14: 18 | G14: 0 | H14: 0 | I14: 3 | J14: 0 | K14: 1 | L14: 0 | M14: 33 | N14: 0 | O14: =SUM(C14:L14,N14) -> 92 | P14: =SUM(C14:N14) -> 125 | R14: 1100-1200 | S14: =SUM(C26:C29) -> 109 | T14: =SUM(D26:D29) -> 132 | U14: =SUM(E26:E29) -> 22 | V14: =SUM(F26:F29) -> 84 | W14: =SUM(G26:G29) -> 2 | X14: =SUM(H26:H29) -> 0 | Y14: =SUM(I26:I29) -> 12 | Z14: =SUM(J26:J29) -> 5 | ... AF14: =SUM(P26:P29) -> 537
B15: 08.15 - 08.30 | C15: 27 | D15: 21 | E15: 4 | F15: 19 | G15: 0 | H15: 0 | I15: 2 | J15: 0 | K15: 0 | L15: 0 | M15: 29 | N15: 0 | O15: =SUM(C15:L15,N15) -> 73 | P15: =SUM(C15:N15) -> 102 | R15: 1200-1300 | S15: =SUM(C30:C33) -> 107 | T15: =SUM(D30:D33) -> 127 | U15: =SUM(E30:E33) -> 27 | V15: =SUM(F30:F33) -> 79 | W15: =SUM(G30:G33) -> 29 | X15: =SUM(H30:H33) -> 0 | Y15: =SUM(I30:I33) -> 23 | Z15: =SUM(J30:J33) -> 3 | ... AF15: =SUM(P30:P33) -> 602
B16: 08.30 - 08.45 | C16: 31 | D16: 29 | E16: 1 | F16: 23 | G16: 2 | H16: 0 | I16: 1 | J16: 0 | K16: 0 | L16: 0 | M16: 42 | N16: 0 | O16: =SUM(C16:L16,N16) -> 87 | P16: =SUM(C16:N16) -> 129 | R16: 1300-1400 | S16: =SUM(C34:C37) -> 122 | T16: =SUM(D34:D37) -> 107 | U16: =SUM(E34:E37) -> 22 | V16: =SUM(F34:F37) -> 53 | W16: =SUM(G34:G37) -> 0 | X16: =SUM(H34:H37) -> 0 | Y16: =SUM(I34:I37) -> 10 | Z16: =SUM(J34:J37) -> 2 | ... AF16: =SUM(P34:P37) -> 497
B17: 08.45 - 9.00 | C17: 22 | D17: 17 | E17: 1 | F17: 28 | G17: 2 | H17: 0 | I17: 0 | J17: 0 | K17: 0 | L17: 0 | M17: 38 | N17: 0 | O17: =SUM(C17:L17,N17) -> 70 | P17: =SUM(C17:N17) -> 108 | R17: 1400-1500 | S17: =SUM(C38:C41) -> 104 | T17: =SUM(D38:D41) -> 158 | U17: =SUM(E38:E41) -> 17 | V17: =SUM(F38:F41) -> 60 | W17: =SUM(G38:G41) -> 2 | X17: =SUM(H38:H41) -> 0 | Y17: =SUM(I38:I41) -> 36 | Z17: =SUM(J38:J41) -> 8 | ... AF17: =SUM(P38:P41) -> 563
B18: 09.00 - 09.15 | C18: 12 | D18: 42 | E18: 4 | F18: 6 | G18: 1 | H18: 0 | I18: 1 | J18: 2 | K18: 0 | L18: 1 | M18: 53 | N18: 0 | O18: =SUM(C18:L18,N18) -> 69 | P18: =SUM(C18:N18) -> 122 | R18: 1500-1600 | S18: =SUM(C42:C45) -> 159 | T18: =SUM(D42:D45) -> 93 | U18: =SUM(E42:E45) -> 28 | V18: =SUM(F42:F45) -> 31 | W18: =SUM(G42:G45) -> 2 | X18: =SUM(H42:H45) -> 0 | Y18: =SUM(I42:I45) -> 6 | Z18: =SUM(J42:J45) -> 6 | ... AF18: =SUM(P42:P45) -> 531
B19: 09.15 - 09.30 | C19: 36 | D19: 30 | E19: 6 | F19: 22 | G19: 3 | H19: 0 | I19: 6 | J19: 0 | K19: 0 | L19: 0 | M19: 46 | N19: 0 | O19: =SUM(C19:L19,N19) -> 103 | P19: =SUM(C19:N19) -> 149 | R19: 1600-1700 | S19: =SUM(C46:C49) -> 160 | T19: =SUM(D46:D49) -> 174 | U19: =SUM(E46:E49) -> 29 | V19: =SUM(F46:F49) -> 53 | W19: =SUM(G46:G49) -> 7 | X19: =SUM(H46:H49) -> 0 | Y19: =SUM(I46:I49) -> 15 | Z19: =SUM(J46:J49) -> 2 | ... AF19: =SUM(P46:P49) -> 624
B20: 09.30 - 09.45 | C20: 28 | D20: 25 | E20: 27 | F20: 1 | G20: 6 | H20: 1 | I20: 0 | J20: 0 | K20: 0 | L20: 0 | M20: 64 | N20: 0 | O20: =SUM(C20:L20,N20) -> 88 | P20: =SUM(C20:N20) -> 152 | R20: 1700-1800 | S20: =SUM(C50:C53) -> 90 | T20: =SUM(D50:D53) -> 137 | U20: =SUM(E50:E53) -> 18 | V20: =SUM(F50:F53) -> 26 | W20: =SUM(G50:G53) -> 5 | X20: =SUM(H50:H53) -> 0 | Y20: =SUM(I50:I53) -> 7 | Z20: =SUM(J50:J53) -> 9 | ... AF20: =SUM(P50:P53) -> 467
B21: 09.45 - 10.00 | C21: 31 | D21: 45 | E21: 5 | F21: 6 | G21: 0 | H21: 0 | I21: 3 | J21: 3 | K21: 0 | L21: 0 | M21: 57 | N21: 0 | O21: =SUM(C21:L21,N21) -> 93 | P21: =SUM(C21:N21) -> 150 | R21: 1800-1900 | S21: =SUM(C54:C57) -> 94 | T21: =SUM(D54:D57) -> 99 | U21: =SUM(E54:E57) -> 15 | V21: =SUM(F54:F57) -> 25 | W21: =SUM(G54:G57) -> 4 | X21: =SUM(H54:H57) -> 0 | Y21: =SUM(I54:I57) -> 13 | Z21: =SUM(J54:J57) -> 2 | ... AF21: =SUM(P54:P57) -> 426
B22: 10.00 - 10.15 | C22: 37 | D22: 28 | E22: 3 | F22: 11 | G22: 0 | H22: 0 | I22: 1 | J22: 0 | K22: 0 | L22: 0 | M22: 43 | N22: 0 | O22: =SUM(C22:L22,N22) -> 80 | P22: =SUM(C22:N22) -> 123 | R22: 1900-2000 | S22: =SUM(C58:C61) -> 190 | T22: =SUM(D58:D61) -> 63 | U22: =SUM(E58:E61) -> 22 | V22: =SUM(F58:F61) -> 45 | W22: =SUM(G58:G61) -> 3 | X22: =SUM(H58:H61) -> 0 | Y22: =SUM(I58:I61) -> 16 | Z22: =SUM(J58:J61) -> 0 | ... AF22: =SUM(P58:P61) -> 633
B23: 10.15 - 10.30 | C23: 27 | D23: 41 | E23: 10 | F23: 15 | G23: 3 | H23: 0 | I23: 10 | J23: 1 | K23: 0 | L23: 0 | M23: 32 | N23: 0 | O23: =SUM(C23:L23,N23) -> 107 | P23: =SUM(C23:N23) -> 139 | R23: 2000-2100 | S23: =SUM(C62:C65) -> 176 | T23: =SUM(D62:D65) -> 51 | U23: =SUM(E62:E65) -> 31 | V23: =SUM(F62:F65) -> 44 | W23: =SUM(G62:G65) -> 2 | X23: =SUM(H62:H65) -> 0 | Y23: =SUM(I62:I65) -> 5 | Z23: =SUM(J62:J65) -> 1 | ... AF23: =SUM(P62:P65) -> 542
B24: 10.30 - 10.45 | C24: 20 | D24: 27 | E24: 11 | F24: 6 | G24: 0 | H24: 0 | I24: 0 | J24: 0 | K24: 0 | L24: 0 | M24: 46 | N24: 0 | O24: =SUM(C24:L24,N24) -> 64 | P24: =SUM(C24:N24) -> 110 | R24: 2100-2200 | S24: =SUM(C66:C69) -> 193 | T24: =SUM(D66:D69) -> 53 | U24: =SUM(E66:E69) -> 25 | V24: =SUM(F66:F69) -> 46 | W24: =SUM(G66:G69) -> 2 | X24: =SUM(H66:H69) -> 0 | Y24: =SUM(I66:I69) -> 4 | Z24: =SUM(J66:J69) -> 1 | ... AF24: =SUM(P66:P69) -> 522
B25: 10.45 - 11.00 | C25: 24 | D25: 22 | E25: 14 | F25: 21 | G25: 0 | H25: 0 | I25: 3 | J25: 0 | K25: 0 | L25: 0 | M25: 44 | N25: 0 | O25: =SUM(C25:L25,N25) -> 84 | P25: =SUM(C25:N25) -> 128 | R25: 2200-2300 | S25: =SUM(C70:C73) -> 193 | T25: =SUM(D70:D73) -> 47 | U25: =SUM(E70:E73) -> 20 | V25: =SUM(F70:F73) -> 41 | W25: =SUM(G70:G73) -> 3 | X25: =SUM(H70:H73) -> 0 | Y25: =SUM(I70:I73) -> 2 | Z25: =SUM(J70:J73) -> 0 | ... AF25: =SUM(P70:P73) -> 474
B26: 11.00 - 11.15 | C26: 23 | D26: 21 | E26: 7 | F26: 21 | G26: 1 | H26: 0 | I26: 3 | J26: 0 | K26: 0 | L26: 0 | M26: 49 | N26: 0 | O26: =SUM(C26:L26,N26) -> 76 | P26: =SUM(C26:N26) -> 125 | R26: 2300-0000 | S26: =SUM(C74:C77) -> 161 | T26: =SUM(D74:D77) -> 100 | U26: =SUM(E74:E77) -> 30 | V26: =SUM(F74:F77) -> 23 | W26: =SUM(G74:G77) -> 7 | X26: =SUM(H74:H77) -> 0 | Y26: =SUM(I74:I77) -> 1 | Z26: =SUM(J74:J77) -> 1 | ... AF26: =SUM(P74:P77) -> 391
B27: 11.15 - 11.30 | C27: 17 | D27: 33 | E27: 7 | F27: 15 | G27: 0 | H27: 0 | I27: 2 | J27: 3 | K27: 1 | L27: 0 | M27: 36 | N27: 0 | O27: =SUM(C27:L27,N27) -> 78 | P27: =SUM(C27:N27) -> 114 | R27: 0000-0100 | S27: =SUM(C78:C81) -> 117 | T27: =SUM(D78:D81) -> 67 | U27: =SUM(E78:E81) -> 24 | V27: =SUM(F78:F81) -> 10 | W27: =SUM(G78:G81) -> 3 | X27: =SUM(H78:H81) -> 0 | Y27: =SUM(I78:I81) -> 2 | Z27: =SUM(J78:J81) -> 0 | ... AF27: =SUM(P78:P81) -> 300
B28: 11.30 - 11.45 | C28: 34 | D28: 42 | E28: 2 | F28: 25 | G28: 0 | H28: 0 | I28: 1 | J28: 2 | K28: 0 | L28: 0 | M28: 48 | N28: 0 | O28: =SUM(C28:L28,N28) -> 106 | P28: =SUM(C28:N28) -> 154 | R28: 0100-0200 | S28: =SUM(C82:C85) -> 87 | T28: =SUM(D82:D85) -> 32 | U28: =SUM(E82:E85) -> 9 | V28: =SUM(F82:F85) -> 8 | W28: =SUM(G82:G85) -> 3 | X28: =SUM(H82:H85) -> 0 | Y28: =SUM(I82:I85) -> 3 | Z28: =SUM(J82:J85) -> 0 | ... AF28: =SUM(P82:P85) -> 181
B29: 11.45 - 12.00 | C29: 35 | D29: 36 | E29: 6 | F29: 23 | G29: 1 | H29: 0 | I29: 6 | J29: 0 | K29: 0 | L29: 0 | M29: 37 | N29: 0 | O29: =SUM(C29:L29,N29) -> 107 | P29: =SUM(C29:N29) -> 144 | R29: 0200-0300 | S29: =SUM(C86:C89) -> 58 | T29: =SUM(D86:D89) -> 32 | U29: =SUM(E86:E89) -> 5 | V29: =SUM(F86:F89) -> 1 | W29: =SUM(G86:G89) -> 0 | X29: =SUM(H86:H89) -> 0 | Y29: =SUM(I86:I89) -> 3 | Z29: =SUM(J86:J89) -> 1 | ... AF29: =SUM(P86:P89) -> 133
B30: 12.00 - 12.15 | C30: 18 | D30: 31 | E30: 6 | F30: 25 | G30: 1 | H30: 0 | I30: 5 | J30: 2 | K30: 0 | L30: 0 | M30: 47 | N30: 0 | O30: =SUM(C30:L30,N30) -> 88 | P30: =SUM(C30:N30) -> 135 | R30: 0300-0400 | S30: =SUM(C90:C93) -> 35 | T30: =SUM(D90:D93) -> 10 | U30: =SUM(E90:E93) -> 5 | V30: =SUM(F90:F93) -> 1 | W30: =SUM(G90:G93) -> 1 | X30: =SUM(H90:H93) -> 0 | Y30: =SUM(I90:I93) -> 0 | Z30: =SUM(J90:J93) -> 1 | ... AF30: =SUM(P90:P93) -> 85
B31: 12.15 - 12.30 | C31: 31 | D31: 36 | E31: 9 | F31: 30 | G31: 21 | H31: 0 | I31: 6 | J31: 0 | K31: 0 | L31: 0 | M31: 52 | N31: 0 | O31: =SUM(C31:L31,N31) -> 133 | P31: =SUM(C31:N31) -> 185 | R31: 0400-0500 | S31: =SUM(C94:C97) -> 35 | T31: =SUM(D94:D97) -> 7 | U31: =SUM(E94:E97) -> 1 | V31: =SUM(F94:F97) -> 1 | W31: =SUM(G94:G97) -> 0 | X31: =SUM(H94:H97) -> 0 | Y31: =SUM(I94:I97) -> 0 | Z31: =SUM(J94:J97) -> 0 | ... AF31: =SUM(P94:P97) -> 67
B32: 12.30 - 12.45 | C32: 25 | D32: 28 | E32: 8 | F32: 13 | G32: 7 | H32: 0 | I32: 7 | J32: 1 | K32: 0 | L32: 0 | M32: 46 | N32: 0 | O32: =SUM(C32:L32,N32) -> 89 | P32: =SUM(C32:N32) -> 135 | R32: 0500-0600 | S32: =SUM(C98:C101) -> 21 | T32: =SUM(D98:D101) -> 12 | U32: =SUM(E98:E101) -> 3 | V32: =SUM(F98:F101) -> 5 | W32: =SUM(G98:G101) -> 0 | X32: =SUM(H98:H101) -> 0 | Y32: =SUM(I98:I101) -> 1 | Z32: =SUM(J98:J101) -> 0 | ... AF32: =SUM(P98:P101) -> 71
B33: 12.45 - 13.00 | C33: 33 | D33: 32 | E33: 4 | F33: 11 | G33: 0 | H33: 0 | I33: 5 | J33: 0 | K33: 0 | L33: 0 | M33: 62 | N33: 0 | O33: =SUM(C33:L33,N33) -> 85 | P33: =SUM(C33:N33) -> 147 | R33: 0600-0700 | S33: =SUM(C102:C105) -> 36 | T33: =SUM(D102:D105) -> 9 | U33: =SUM(E102:E105) -> 8 | V33: =SUM(F102:F105) -> 23 | W33: =SUM(G102:G105) -> 0 | X33: =SUM(H102:H105) -> 0 | Y33: =SUM(I102:I105) -> 3 | Z33: =SUM(J102:J105) -> 0 | ... AF33: =SUM(P102:P105) -> 158
B34: 13.00 - 13.15 | C34: 34 | D34: 26 | E34: 3 | F34: 6 | G34: 0 | H34: 0 | I34: 3 | J34: 0 | K34: 0 | L34: 0 | M34: 53 | N34: 0 | O34: =SUM(C34:L34,N34) -> 72 | P34: =SUM(C34:N34) -> 125 | R34: AM Peak Hr | S34: =MAX(S10:S12) -> 108 | T34: =MAX(T10:T12) -> 142 | U34: =MAX(U10:U12) -> 42 | V34: =MAX(V10:V12) -> 88 | W34: =MAX(W10:W12) -> 10 | X34: =MAX(X10:X12) -> 1 | Y34: =MAX(Y10:Y12) -> 10 | Z34: =MAX(Z10:Z12) -> 5 | ... AF34: =MAX(AF10:AF12) -> 573
B35: 13.15 - 13.30 | C35: 36 | D35: 17 | E35: 5 | F35: 13 | G35: 0 | H35: 0 | I35: 2 | J35: 1 | K35: 0 | L35: 0 | M35: 39 | N35: 0 | O35: =SUM(C35:L35,N35) -> 74 | P35: =SUM(C35:N35) -> 113 | R35: IP Peak Hr | S35: =MAX(S13:S18) -> 159 | T35: =MAX(T13:T18) -> 158 | U35: =MAX(U13:U18) -> 38 | V35: =MAX(V13:V18) -> 84 | W35: =MAX(W13:W18) -> 29 | X35: =MAX(X13:X18) -> 0 | Y35: =MAX(Y13:Y18) -> 36 | Z35: =MAX(Z13:Z18) -> 8 | ... AF35: =MAX(AF13:AF18) -> 602
B36: 13.30 - 13.45 | C36: 21 | D36: 25 | E36: 8 | F36: 13 | G36: 0 | H36: 0 | I36: 2 | J36: 0 | K36: 0 | L36: 0 | M36: 40 | N36: 0 | O36: =SUM(C36:L36,N36) -> 69 | P36: =SUM(C36:N36) -> 109 | R36: PM Peak Hr | S36: =MAX(S19:S21) -> 160 | T36: =MAX(T19:T21) -> 174 | U36: =MAX(U19:U21) -> 29 | V36: =MAX(V19:V21) -> 53 | W36: =MAX(W19:W21) -> 7 | X36: =MAX(X19:X21) -> 0 | Y36: =MAX(Y19:Y21) -> 15 | Z36: =MAX(Z19:Z21) -> 9 | ... AF36: =MAX(AF19:AF21) -> 624
B37: 13.45 - 14.00 | C37: 31 | D37: 39 | E37: 6 | F37: 21 | G37: 0 | H37: 0 | I37: 3 | J37: 1 | K37: 0 | L37: 1 | M37: 48 | N37: 0 | O37: =SUM(C37:L37,N37) -> 102 | P37: =SUM(C37:N37) -> 150 | R37: AM Period | S37: =SUM(S10:S12) -> 314 | T37: =SUM(T10:T12) -> 293 | U37: =SUM(U10:U12) -> 70 | V37: =SUM(V10:V12) -> 178 | W37: =SUM(W10:W12) -> 14 | X37: =SUM(X10:X12) -> 1 | Y37: =SUM(Y10:Y12) -> 19 | Z37: =SUM(Z10:Z12) -> 7 | ... AF37: =SUM(AF10:AF12) -> 1420
B38: 14.00 - 14.15 | C38: 24 | D38: 36 | E38: 7 | F38: 12 | G38: 1 | H38: 0 | I38: 8 | J38: 6 | K38: 0 | L38: 0 | M38: 36 | N38: 0 | O38: =SUM(C38:L38,N38) -> 94 | P38: =SUM(C38:N38) -> 130 | R38: IP Period | S38: =SUM(S13:S18) -> 709 | T38: =SUM(T13:T18) -> 735 | U38: =SUM(U13:U18) -> 154 | V38: =SUM(V13:V18) -> 360 | W38: =SUM(W13:W18) -> 38 | X38: =SUM(X13:X18) -> 0 | Y38: =SUM(Y13:Y18) -> 101 | Z38: =SUM(Z13:Z18) -> 25 | ... AF38: =SUM(AF13:AF18) -> 3230
B39: 14.15 - 14.30 | C39: 26 | D39: 48 | E39: 1 | F39: 12 | G39: 1 | H39: 0 | I39: 17 | J39: 1 | K39: 1 | L39: 0 | M39: 52 | N39: 0 | O39: =SUM(C39:L39,N39) -> 107 | P39: =SUM(C39:N39) -> 159 | R39: PM Period | S39: =SUM(S19:S21) -> 344 | T39: =SUM(T19:T21) -> 410 | U39: =SUM(U19:U21) -> 62 | V39: =SUM(V19:V21) -> 104 | W39: =SUM(W19:W21) -> 16 | X39: =SUM(X19:X21) -> 0 | Y39: =SUM(Y19:Y21) -> 35 | Z39: =SUM(Z19:Z21) -> 13 | ... AF39: =SUM(AF19:AF21) -> 1517
B40: 14.30 - 14.45 | C40: 32 | D40: 47 | E40: 3 | F40: 11 | G40: 0 | H40: 0 | I40: 7 | J40: 0 | K40: 0 | L40: 0 | M40: 43 | N40: 0 | O40: =SUM(C40:L40,N40) -> 100 | P40: =SUM(C40:N40) -> 143 | R40: 12 Hours | S40: =SUM(S10:S21) -> 1367 | T40: =SUM(T10:T21) -> 1438 | U40: =SUM(U10:U21) -> 286 | V40: =SUM(V10:V21) -> 642 | W40: =SUM(W10:W21) -> 68 | X40: =SUM(X10:X21) -> 1 | Y40: =SUM(Y10:Y21) -> 155 | Z40: =SUM(Z10:Z21) -> 45 | ... AF40: =SUM(AF10:AF21) -> 6167
B41: 14.45 - 15.00 | C41: 22 | D41: 27 | E41: 6 | F41: 25 | G41: 0 | H41: 0 | I41: 4 | J41: 1 | K41: 0 | L41: 0 | M41: 46 | N41: 0 | O41: =SUM(C41:L41,N41) -> 85 | P41: =SUM(C41:N41) -> 131 | R41: 24 Hrs/ADT | S41: =SUM(S10:S33) -> 2669 | T41: =SUM(T10:T33) -> 1921 | U41: =SUM(U10:U33) -> 469 | V41: =SUM(V10:V33) -> 890 | W41: =SUM(W10:W33) -> 92 | X41: =SUM(X10:X33) -> 1 | Y41: =SUM(Y10:Y33) -> 195 | Z41: =SUM(Z10:Z33) -> 50 | ... AF41: =SUM(AF10:AF33) -> 9724
B42: 15.00 - 15.15 | C42: 53 | D42: 18 | E42: 7 | F42: 11 | G42: 1 | H42: 0 | I42: 2 | J42: 2 | K42: 1 | L42: 0 | M42: 55 | N42: 0 | O42: =SUM(C42:L42,N42) -> 95 | P42: =SUM(C42:N42) -> 150 | R42: NEF | S42: =S41/S40 -> 1.9524506 | T42: =T41/T40 -> 1.3358832 | U42: =U41/U40 -> 1.6398601 | V42: =V41/V40 -> 1.3862928 | W42: =W41/W40 -> 1.3529412 | X42: =X41/X40 -> 1 | Y42: =Y41/Y40 -> 1.2580645 | Z42: =Z41/Z40 -> 1.1111111 | ... AF42: =AF41/AF40 -> 1.5767796
B43: 15.15 - 15.30 | C43: 20 | D43: 8 | E43: 4 | F43: 4 | G43: 1 | H43: 0 | I43: 2 | J43: 3 | K43: 0 | L43: 0 | M43: 42 | N43: 0 | O43: =SUM(C43:L43,N43) -> 42 | P43: =SUM(C43:N43) -> 84
B44: 15.30 - 15.45 | C44: 50 | D44: 37 | E44: 16 | F44: 6 | G44: 0 | H44: 0 | I44: 0 | J44: 1 | K44: 0 | L44: 0 | M44: 56 | N44: 0 | O44: =SUM(C44:L44,N44) -> 110 | P44: =SUM(C44:N44) -> 166
B45: 15.45 - 16.00 | C45: 36 | D45: 30 | E45: 1 | F45: 10 | G45: 0 | H45: 0 | I45: 2 | J45: 0 | K45: 0 | L45: 0 | M45: 52 | N45: 0 | O45: =SUM(C45:L45,N45) -> 79 | P45: =SUM(C45:N45) -> 131
B46: 16.00 - 16.15 | C46: 45 | D46: 58 | E46: 8 | F46: 20 | G46: 1 | H46: 0 | I46: 6 | J46: 0 | K46: 0 | L46: 0 | M46: 67 | N46: 0 | O46: =SUM(C46:L46,N46) -> 138 | P46: =SUM(C46:N46) -> 205
B47: 16.15 -16.30 | C47: 40 | D47: 42 | E47: 8 | F47: 11 | G47: 1 | H47: 0 | I47: 5 | J47: 1 | K47: 0 | L47: 0 | M47: 30 | N47: 0 | O47: =SUM(C47:L47,N47) -> 108 | P47: =SUM(C47:N47) -> 138
B48: 16.30 -16.45 | C48: 43 | D48: 31 | E48: 10 | F48: 10 | G48: 3 | H48: 0 | I48: 3 | J48: 0 | K48: 0 | L48: 0 | M48: 33 | N48: 0 | O48: =SUM(C48:L48,N48) -> 100 | P48: =SUM(C48:N48) -> 133
B49: 16.45 -17.00 | C49: 32 | D49: 43 | E49: 3 | F49: 12 | G49: 2 | H49: 0 | I49: 1 | J49: 1 | K49: 0 | L49: 0 | M49: 54 | N49: 0 | O49: =SUM(C49:L49,N49) -> 94 | P49: =SUM(C49:N49) -> 148
B50: 17.00 -17.15 | C50: 21 | D50: 36 | E50: 6 | F50: 7 | G50: 0 | H50: 0 | I50: 0 | J50: 7 | K50: 0 | L50: 0 | M50: 57 | N50: 0 | O50: =SUM(C50:L50,N50) -> 77 | P50: =SUM(C50:N50) -> 134
B51: 17.15 -17.30 | C51: 41 | D51: 51 | E51: 8 | F51: 15 | G51: 2 | H51: 0 | I51: 6 | J51: 2 | K51: 0 | L51: 0 | M51: 44 | N51: 0 | O51: =SUM(C51:L51,N51) -> 125 | P51: =SUM(C51:N51) -> 169
B52: 17.30 -17.45 | C52: 13 | D52: 30 | E52: 3 | F52: 2 | G52: 2 | H52: 0 | I52: 0 | J52: 0 | K52: 0 | L52: 0 | M52: 38 | N52: 0 | O52: =SUM(C52:L52,N52) -> 50 | P52: =SUM(C52:N52) -> 88
B53: 17.45 -18.00 | C53: 15 | D53: 20 | E53: 1 | F53: 2 | G53: 1 | H53: 0 | I53: 1 | J53: 0 | K53: 0 | L53: 0 | M53: 36 | N53: 0 | O53: =SUM(C53:L53,N53) -> 40 | P53: =SUM(C53:N53) -> 76
B54: 18.00 - 18.15 | C54: 19 | D54: 26 | E54: 0 | F54: 7 | G54: 2 | H54: 0 | I54: 0 | J54: 1 | K54: 0 | L54: 0 | M54: 49 | N54: 0 | O54: =SUM(C54:L54,N54) -> 55 | P54: =SUM(C54:N54) -> 104
... B105: 06.45 - 07.00 | C105: 13 | D105: 2 | E105: 2 | F105: 10 | G105: 0 | H105: 0 | I105: 0 | J105: 0 | K105: 0 | L105: 0 | M105: 31 | N105: 0 | O105: =SUM(C105:L105,N105) -> 27 | P105: =SUM(C105:N105) -> 58
B106: Totals | C106: =SUM(C10:C105) -> 2669 | D106: =SUM(D10:D105) -> 1921 | E106: =SUM(E10:E105) -> 469 | F106: =SUM(F10:F105) -> 890 | G106: =SUM(G10:G105) -> 92 | H106: =SUM(H10:H105) -> 1 | I106: =SUM(I10:I105) -> 195 | J106: =SUM(J10:J105) -> 50 | ... P106: =SUM(P10:P105) -> 9724
B107: %ges + MCs | C107: =C106/$P$106 -> 0.27447552 | D107: =D106/$P$106 -> 0.19755245 | E107: =E106/$P$106 -> 0.048231181 | F107: =F106/$P$106 -> 0.091526121 | G107: =G106/$P$106 -> 0.0094611271 | H107: =H106/$P$106 -> 0.00010283834 | I107: =I106/$P$106 -> 0.020053476 | J107: =J106/$P$106 -> 0.0051419169 | ... N107: =N106/$P$106 -> 0
B108: %ges w/o MCs | C108: =C106/$O$106 -> 0.42398729 | D108: =D106/$O$106 -> 0.30516283 | E108: =E106/$O$106 -> 0.074503574 | F108: =F106/$O$106 -> 0.14138205 | G108: =G106/$O$106 -> 0.014614774 | H108: =H106/$O$106 -> 0.00015885624 | I108: =I106/$O$106 -> 0.030976966 | J108: =J106/$O$106 -> 0.0079428118 | ... L108: =L106/$O$106 -> 0.00031771247 | N108: =N106/$O$106 -> 0

Sheet 29.09 Gaba-Munyonyo
B1: Consultancy services for Preparation of Expressway Development Master Plan (EDMP) for Uganda
B2: MANUAL CLASSIFIED COUNT (MCC)
B3: ROAD NAME: | C3: ='[2]23.09.19 Gaba -Munyonyo'!C3:G3 -> MCC-C2-STNO 52-Wavamuno RD
C5: Date | D5: 29.09.19 | F5: Location | G5: ='[2]28.09 Munyonyo-Gaba-24h'!G5:H5 -> Wavamuno | J5: Surveyor | K5: ='[2]28.09 Munyonyo-Gaba-24h'!K5:L5 -> Kasoma John Paul / Akello Rosette
C6: Dir. From | D6: ='[2]23.09.19 Gaba -Munyonyo'!D6:E6 -> GABA | F6: Dir. To | G6: ='[2]23.09.19 Gaba -Munyonyo'!G6:H6 -> MUNYONYO | J6: Supervisor | K6: ='[2]28.09 Munyonyo-Gaba-24h'!K6:L6 -> Steven
B8: Time / Veh Type | R8: SUMMARY TRAFFIC VOLUMES
C9: 1. Car | D9: 2. Station Wagon | E9: 3. Pickups | F9: 4. Minibus, matatu | G9: 5. Medium bus | H9: 6. Large Bus | I9: 7. Light Truck | J9: 8. Medium Truck | K9: 9. Heavy truck | L9: 10. Truck Trailer | M9: 11. Motor cycles | N9: 12. Tractors | O9: Total Excl M/Cycles | P9: Total All | R9: Time | S9: 1. Car | T9: 2. Station Wagon | U9: 3. Pickups | V9: 4. Minibus, matatu | W9: 5. Medium bus | X9: 6. Large Bus | Y9: 7. Light Truck | Z9: 8. Medium Truck | AA9: 9. Heavy truck | AB9: 10. Truck Trailer | AC9: 11. Motorcycles | AD9: 12. Tractors, Graders | AE9: Total Excl M/ Cycles | AF9: Total All
B10: 07.00 - 07.15 | C10: 11 | D10: 1 | E10: 0 | F10: 9 | G10: 1 | H10: 0 | I10: 4 | J10: 1 | K10: 0 | L10: 0 | M10: 16 | N10: 0 | O10: =SUM(C10:L10,N10) -> 27 | P10: =SUM(C10:N10) -> 43 | R10: 0700-0800 | S10: =SUM(C10:C13) -> 62 | T10: =SUM(D10:D13) -> 24 | U10: =SUM(E10:E13) -> 7 | V10: =SUM(F10:F13) -> 49 | W10: =SUM(G10:G13) -> 2 | X10: =SUM(H10:H13) -> 0 | Y10: =SUM(I10:I13) -> 9 | Z10: =SUM(J10:J13) -> 4 | ... AF10: =SUM(P10:P13) -> 262
B11: 07.15 - 07.30 | C11: 12 | D11: 4 | E11: 3 | F11: 9 | G11: 0 | H11: 0 | I11: 5 | J11: 2 | K11: 0 | L11: 0 | M11: 25 | N11: 0 | O11: =SUM(C11:L11,N11) -> 35 | P11: =SUM(C11:N11) -> 60 | R11: 0800-0900 | S11: =SUM(C14:C17) -> 77 | T11: =SUM(D14:D17) -> 36 | U11: =SUM(E14:E17) -> 16 | V11: =SUM(F14:F17) -> 34 | W11: =SUM(G14:G17) -> 0 | X11: =SUM(H14:H17) -> 0 | Y11: =SUM(I14:I17) -> 4 | Z11: =SUM(J14:J17) -> 9 | ... AF11: =SUM(P14:P17) -> 285
B12: 07.30 - 07.45 | C12: 26 | D12: 8 | E12: 2 | F12: 11 | G12: 1 | H12: 0 | I12: 0 | J12: 1 | K12: 3 | L12: 0 | M12: 28 | N12: 0 | O12: =SUM(C12:L12,N12) -> 52 | P12: =SUM(C12:N12) -> 80 | R12: 0900-1000 | S12: =SUM(C18:C21) -> 87 | T12: =SUM(D18:D21) -> 35 | U12: =SUM(E18:E21) -> 11 | V12: =SUM(F18:F21) -> 33 | W12: =SUM(G18:G21) -> 2 | X12: =SUM(H18:H21) -> 0 | Y12: =SUM(I18:I21) -> 5 | Z12: =SUM(J18:J21) -> 8 | ... AF12: =SUM(P18:P21) -> 310
B13: 07.45 - 08.00 | C13: 13 | D13: 11 | E13: 2 | F13: 20 | G13: 0 | H13: 0 | I13: 0 | J13: 0 | K13: 0 | L13: 0 | M13: 33 | N13: 0 | O13: =SUM(C13:L13,N13) -> 46 | P13: =SUM(C13:N13) -> 79 | R13: 1000-1100 | S13: =SUM(C22:C25) -> 210 | T13: =SUM(D22:D25) -> 73 | U13: =SUM(E22:E25) -> 22 | V13: =SUM(F22:F25) -> 35 | W13: =SUM(G22:G25) -> 3 | X13: =SUM(H22:H25) -> 0 | Y13: =SUM(I22:I25) -> 7 | Z13: =SUM(J22:J25) -> 8 | ... AF13: =SUM(P22:P25) -> 570
B14: 08.00 - 08.15 | C14: 16 | D14: 17 | E14: 3 | F14: 8 | G14: 0 | H14: 0 | I14: 1 | J14: 2 | K14: 0 | L14: 0 | M14: 25 | N14: 0 | O14: =SUM(C14:L14,N14) -> 47 | P14: =SUM(C14:N14) -> 72 | R14: 1100-1200 | S14: =SUM(C26:C29) -> 179 | T14: =SUM(D26:D29) -> 95 | U14: =SUM(E26:E29) -> 17 | V14: =SUM(F26:F29) -> 53 | W14: =SUM(G26:G29) -> 1 | X14: =SUM(H26:H29) -> 0 | Y14: =SUM(I26:I29) -> 4 | Z14: =SUM(J26:J29) -> 9 | ... AF14: =SUM(P26:P29) -> 618
B15: 08.15 - 08.30 | C15: 15 | D15: 5 | E15: 5 | F15: 11 | G15: 0 | H15: 0 | I15: 0 | J15: 3 | K15: 0 | L15: 0 | M15: 26 | N15: 0 | O15: =SUM(C15:L15,N15) -> 39 | P15: =SUM(C15:N15) -> 65 | R15: 1200-1300 | S15: =SUM(C30:C33) -> 209 | T15: =SUM(D30:D33) -> 79 | U15: =SUM(E30:E33) -> 25 | V15: =SUM(F30:F33) -> 59 | W15: =SUM(G30:G33) -> 1 | X15: =SUM(H30:H33) -> 0 | Y15: =SUM(I30:I33) -> 12 | Z15: =SUM(J30:J33) -> 4 | ... AF15: =SUM(P30:P33) -> 473
B16: 08.30 - 08.45 | C16: 16 | D16: 7 | E16: 3 | F16: 8 | G16: 0 | H16: 0 | I16: 0 | J16: 4 | K16: 0 | L16: 0 | M16: 33 | N16: 0 | O16: =SUM(C16:L16,N16) -> 38 | P16: =SUM(C16:N16) -> 71 | R16: 1300-1400 | S16: =SUM(C34:C37) -> 189 | T16: =SUM(D34:D37) -> 63 | U16: =SUM(E34:E37) -> 19 | V16: =SUM(F34:F37) -> 46 | W16: =SUM(G34:G37) -> 1 | X16: =SUM(H34:H37) -> 0 | Y16: =SUM(I34:I37) -> 9 | Z16: =SUM(J34:J37) -> 3 | ... AF16: =SUM(P34:P37) -> 443
B17: 08.45 - 9.00 | C17: 30 | D17: 7 | E17: 5 | F17: 7 | G17: 0 | H17: 0 | I17: 3 | J17: 0 | K17: 0 | L17: 0 | M17: 25 | N17: 0 | O17: =SUM(C17:L17,N17) -> 52 | P17: =SUM(C17:N17) -> 77 | R17: 1400-1500 | S17: =SUM(C38:C41) -> 212 | T17: =SUM(D38:D41) -> 69 | U17: =SUM(E38:E41) -> 17 | V17: =SUM(F38:F41) -> 45 | W17: =SUM(G38:G41) -> 2 | X17: =SUM(H38:H41) -> 0 | Y17: =SUM(I38:I41) -> 9 | Z17: =SUM(J38:J41) -> 10 | ... AF17: =SUM(P38:P41) -> 582
B18: 09.00 - 09.15 | C18: 28 | D18: 9 | E18: 4 | F18: 9 | G18: 1 | H18: 0 | I18: 1 | J18: 2 | K18: 0 | L18: 0 | M18: 37 | N18: 0 | O18: =SUM(C18:L18,N18) -> 54 | P18: =SUM(C18:N18) -> 91 | R18: 1500-1600 | S18: =SUM(C42:C45) -> 261 | T18: =SUM(D42:D45) -> 60 | U18: =SUM(E42:E45) -> 13 | V18: =SUM(F42:F45) -> 46 | W18: =SUM(G42:G45) -> 0 | X18: =SUM(H42:H45) -> 0 | Y18: =SUM(I42:I45) -> 8 | Z18: =SUM(J42:J45) -> 6 | ... AF18: =SUM(P42:P45) -> 620
B19: 09.15 - 09.30 | C19: 14 | D19: 15 | E19: 1 | F19: 11 | G19: 0 | H19: 0 | I19: 1 | J19: 1 | K19: 0 | L19: 0 | M19: 21 | N19: 0 | O19: =SUM(C19:L19,N19) -> 43 | P19: =SUM(C19:N19) -> 64 | R19: 1600-1700 | S19: =SUM(C46:C49) -> 289 | T19: =SUM(D46:D49) -> 48 | U19: =SUM(E46:E49) -> 16 | V19: =SUM(F46:F49) -> 53 | W19: =SUM(G46:G49) -> 0 | X19: =SUM(H46:H49) -> 0 | Y19: =SUM(I46:I49) -> 9 | Z19: =SUM(J46:J49) -> 7 | ... AF19: =SUM(P46:P49) -> 693
B20: 09.30 - 09.45 | C20: 18 | D20: 5 | E20: 6 | F20: 7 | G20: 1 | H20: 0 | I20: 1 | J20: 3 | K20: 0 | L20: 0 | M20: 46 | N20: 0 | O20: =SUM(C20:L20,N20) -> 41 | P20: =SUM(C20:N20) -> 87 | R20: 1700-1800 | S20: =SUM(C50:C53) -> 236 | T20: =SUM(D50:D53) -> 65 | U20: =SUM(E50:E53) -> 26 | V20: =SUM(F50:F53) -> 53 | W20: =SUM(G50:G53) -> 1 | X20: =SUM(H50:H53) -> 0 | Y20: =SUM(I50:I53) -> 8 | Z20: =SUM(J50:J53) -> 6 | ... AF20: =SUM(P50:P53) -> 648
B21: 09.45 - 10.00 | C21: 27 | D21: 6 | E21: 0 | F21: 6 | G21: 0 | H21: 0 | I21: 2 | J21: 2 | K21: 0 | L21: 0 | M21: 25 | N21: 0 | O21: =SUM(C21:L21,N21) -> 43 | P21: =SUM(C21:N21) -> 68 | R21: 1800-1900 | S21: =SUM(C54:C57) -> 202 | T21: =SUM(D54:D57) -> 40 | U21: =SUM(E54:E57) -> 15 | V21: =SUM(F54:F57) -> 55 | W21: =SUM(G54:G57) -> 1 | X21: =SUM(H54:H57) -> 0 | Y21: =SUM(I54:I57) -> 5 | Z21: =SUM(J54:J57) -> 2 | ... AF21: =SUM(P54:P57) -> 617
B22: 10.00 - 10.15 | C22: 47 | D22: 15 | E22: 6 | F22: 8 | G22: 1 | H22: 0 | I22: 2 | J22: 3 | K22: 0 | L22: 0 | M22: 60 | N22: 0 | O22: =SUM(C22:L22,N22) -> 82 | P22: =SUM(C22:N22) -> 142 | R22: AM Peak Hr | S22: =MAX(S10:S12) -> 87 | T22: =MAX(T10:T12) -> 36 | U22: =MAX(U10:U12) -> 16 | V22: =MAX(V10:V12) -> 49 | W22: =MAX(W10:W12) -> 2 | X22: =MAX(X10:X12) -> 0 | Y22: =MAX(Y10:Y12) -> 9 | Z22: =MAX(Z10:Z12) -> 9 | ... AF22: =MAX(AF10:AF12) -> 310
B23: 10.15 - 10.30 | C23: 51 | D23: 9 | E23: 5 | F23: 6 | G23: 1 | H23: 0 | I23: 2 | J23: 1 | K23: 0 | L23: 0 | M23: 50 | N23: 0 | O23: =SUM(C23:L23,N23) -> 75 | P23: =SUM(C23:N23) -> 125 | R23: IP Peak Hr | S23: =MAX(S13:S18) -> 261 | T23: =MAX(T13:T18) -> 95 | U23: =MAX(U13:U18) -> 25 | V23: =MAX(V13:V18) -> 59 | W23: =MAX(W13:W18) -> 3 | X23: =MAX(X13:X18) -> 0 | Y23: =MAX(Y13:Y18) -> 12 | Z23: =MAX(Z13:Z18) -> 10 | ... AF23: =MAX(AF13:AF18) -> 620
B24: 10.30 - 10.45 | C24: 60 | D24: 29 | E24: 3 | F24: 12 | G24: 1 | H24: 0 | I24: 0 | J24: 3 | K24: 0 | L24: 0 | M24: 45 | N24: 0 | O24: =SUM(C24:L24,N24) -> 108 | P24: =SUM(C24:N24) -> 153 | R24: PM Peak Hr | S24: =MAX(S19:S21) -> 289 | T24: =MAX(T19:T21) -> 65 | U24: =MAX(U19:U21) -> 26 | V24: =MAX(V19:V21) -> 55 | W24: =MAX(W19:W21) -> 1 | X24: =MAX(X19:X21) -> 0 | Y24: =MAX(Y19:Y21) -> 9 | Z24: =MAX(Z19:Z21) -> 7 | ... AF24: =MAX(AF19:AF21) -> 693
B25: 10.45 - 11.00 | C25: 52 | D25: 20 | E25: 8 | F25: 9 | G25: 0 | H25: 0 | I25: 3 | J25: 1 | K25: 1 | L25: 0 | M25: 56 | N25: 0 | O25: =SUM(C25:L25,N25) -> 94 | P25: =SUM(C25:N25) -> 150 | R25: AM Period | S25: =SUM(S10:S12) -> 226 | T25: =SUM(T10:T12) -> 95 | U25: =SUM(U10:U12) -> 34 | V25: =SUM(V10:V12) -> 116 | W25: =SUM(W10:W12) -> 4 | X25: =SUM(X10:X12) -> 0 | Y25: =SUM(Y10:Y12) -> 18 | Z25: =SUM(Z10:Z12) -> 21 | ... AF25: =SUM(AF10:AF12) -> 857
B26: 11.00 - 11.15 | C26: 57 | D26: 34 | E26: 7 | F26: 11 | G26: 0 | H26: 0 | I26: 1 | J26: 3 | K26: 0 | L26: 0 | M26: 53 | N26: 0 | O26: =SUM(C26:L26,N26) -> 113 | P26: =SUM(C26:N26) -> 166 | R26: IP Period | S26: =SUM(S13:S18) -> 1260 | T26: =SUM(T13:T18) -> 439 | U26: =SUM(U13:U18) -> 113 | V26: =SUM(V13:V18) -> 284 | W26: =SUM(W13:W18) -> 8 | X26: =SUM(X13:X18) -> 0 | Y26: =SUM(Y13:Y18) -> 49 | Z26: =SUM(Z13:Z18) -> 40 | ... AF26: =SUM(AF13:AF18) -> 3306
B27: 11.15 - 11.30 | C27: 39 | D27: 14 | E27: 1 | F27: 12 | G27: 0 | H27: 0 | I27: 0 | J27: 4 | K27: 1 | L27: 0 | M27: 71 | N27: 0 | O27: =SUM(C27:L27,N27) -> 71 | P27: =SUM(C27:N27) -> 142 | R27: PM Period | S27: =SUM(S19:S21) -> 727 | T27: =SUM(T19:T21) -> 153 | U27: =SUM(U19:U21) -> 57 | V27: =SUM(V19:V21) -> 161 | W27: =SUM(W19:W21) -> 2 | X27: =SUM(X19:X21) -> 0 | Y27: =SUM(Y19:Y21) -> 22 | Z27: =SUM(Z19:Z21) -> 15 | ... AF27: =SUM(AF19:AF21) -> 1958
B28: 11.30 - 11.45 | C28: 33 | D28: 18 | E28: 1 | F28: 14 | G28: 1 | H28: 0 | I28: 2 | J28: 2 | K28: 2 | L28: 0 | M28: 56 | N28: 0 | O28: =SUM(C28:L28,N28) -> 73 | P28: =SUM(C28:N28) -> 129 | R28: 12 Hours | S28: =SUM(S10:S21) -> 2213 | T28: =SUM(T10:T21) -> 687 | U28: =SUM(U10:U21) -> 204 | V28: =SUM(V10:V21) -> 561 | W28: =SUM(W10:W21) -> 14 | X28: =SUM(X10:X21) -> 0 | Y28: =SUM(Y10:Y21) -> 89 | Z28: =SUM(Z10:Z21) -> 76 | ... AF28: =SUM(AF10:AF21) -> 6121
B29: 11.45 - 12.00 | C29: 50 | D29: 29 | E29: 8 | F29: 16 | G29: 0 | H29: 0 | I29: 1 | J29: 0 | K29: 1 | L29: 0 | M29: 76 | N29: 0 | O29: =SUM(C29:L29,N29) -> 105 | P29: =SUM(C29:N29) -> 181
B30: 12.00 - 12.15 | C30: 53 | D30: 18 | E30: 5 | F30: 11 | G30: 0 | H30: 0 | I30: 7 | J30: 2 | K30: 1 | L30: 0 | M30: 20 | N30: 0 | O30: =SUM(C30:L30,N30) -> 97 | P30: =SUM(C30:N30) -> 117
B31: 12.15 - 12.30 | C31: 41 | D31: 22 | E31: 9 | F31: 7 | G31: 1 | H31: 0 | I31: 0 | J31: 0 | K31: 1 | L31: 0 | M31: 15 | N31: 0 | O31: =SUM(C31:L31,N31) -> 81 | P31: =SUM(C31:N31) -> 96
B32: 12.30 - 12.45 | C32: 55 | D32: 20 | E32: 5 | F32: 18 | G32: 0 | H32: 0 | I32: 1 | J32: 0 | K32: 1 | L32: 0 | M32: 21 | N32: 0 | O32: =SUM(C32:L32,N32) -> 100 | P32: =SUM(C32:N32) -> 121
B33: 12.45 - 13.00 | C33: 60 | D33: 19 | E33: 6 | F33: 23 | G33: 0 | H33: 0 | I33: 4 | J33: 2 | K33: 0 | L33: 0 | M33: 25 | N33: 0 | O33: =SUM(C33:L33,N33) -> 114 | P33: =SUM(C33:N33) -> 139
