Workbook

Sheet 22.07 Nateete-Ndeeba
B1: Consultancy services for Preparation of Expressway Development Master Plan (EDMP) for Uganda
B2: MANUAL CLASSIFIED COUNT (MCC)
B3: ROAD NAME: | C3: MCC - C1 - STN07 - MASAKA ROAD
C5: Date | D5: 22/7/2019 | F5: Location | G5: Rhino Funeral Services | J5: Surveyor | K5: Ahimbisibwe Faith
C6: Dir. From | D6: Nateete | F6: Dir. To | G6: Ndeeba | J6: Supervisor | K6: Felix
B8: Time / Veh Type | R8: SUMMARY TRAFFIC VOLUMES
C9: 1. Car | D9: 2. Station Wagon | E9: 3. Pickups | F9: 4. Minibus, matatu | G9: 5. Medium bus | H9: 6. Large Bus | I9: 7. Light Truck | J9: 8. Medium Truck | K9: 9. Heavy truck | L9: 10. Truck Trailer | M9: 11. Motor cycles | N9: 12. Tractors | O9: Total Excl M/Cycles | P9: Total All | R9: Time | S9: 1. Car | T9: 2. Station Wagon | U9: 3. Pickups | V9: 4. Minibus, matatu | W9: 5. Medium bus | X9: 6. Large Bus | Y9: 7. Light Truck | Z9: 8. Medium Truck | AA9: 9. Heavy truck | AB9: 10. Truck Trailer | AC9: 11. Motorcycles | AD9: 12. Tractors, Graders | AE9: Total Excl M/ Cycles | AF9: Total All
B10: 07.00 - 07.15 | C10: 10 | D10: 2 | E10: 3 | F10: 10 | G10: 2 | H10: 5 | I10: 4 | J10: 5 | K10: 1 | L10: 0 | M10: 80 | N10: 0 | O10: =SUM(C10:L10,N10) -> 42 | P10: =SUM(C10:N10) -> 122 | R10: 0700-0800 | S10: =SUM(C10:C13) -> 121 | T10: =SUM(D10:D13) -> 9 | U10: =SUM(E10:E13) -> 11 | V10: =SUM(F10:F13) -> 55 | W10: =SUM(G10:G13) -> 4 | X10: =SUM(H10:H13) -> 8 | Y10: =SUM(I10:I13) -> 40 | Z10: =SUM(J10:J13) -> 22 | ... AF10: =SUM(P10:P13) -> 988
B11: 07.15 - 07.30 | C11: 15 | D11: 4 | E11: 2 | F11: 7 | G11: 0 | H11: 2 | I11: 3 | J11: 2 | K11: 0 | L11: 0 | M11: 100 | N11: 0 | O11: =SUM(C11:L11,N11) -> 35 | P11: =SUM(C11:N11) -> 135 | R11: 0800-0900 | S11: =SUM(C14:C17) -> 211 | T11: =SUM(D14:D17) -> 29 | U11: =SUM(E14:E17) -> 15 | V11: =SUM(F14:F17) -> 130 | W11: =SUM(G14:G17) -> 4 | X11: =SUM(H14:H17) -> 0 | Y11: =SUM(I14:I17) -> 49 | Z11: =SUM(J14:J17) -> 30 | ... AF11: =SUM(P14:P17) -> 1763
B12: 07.30 - 07.45 | C12: 35 | D12: 1 | E12: 1 | F12: 7 | G12: 1 | H12: 1 | I12: 16 | J12: 3 | K12: 0 | L12: 0 | M12: 135 | N12: 0 | O12: =SUM(C12:L12,N12) -> 65 | P12: =SUM(C12:N12) -> 200 | R12: 0900-1000 | S12: =SUM(C18:C21) -> 154 | T12: =SUM(D18:D21) -> 28 | U12: =SUM(E18:E21) -> 17 | V12: =SUM(F18:F21) -> 152 | W12: =SUM(G18:G21) -> 1 | X12: =SUM(H18:H21) -> 0 | Y12: =SUM(I18:I21) -> 50 | Z12: =SUM(J18:J21) -> 56 | ... AF12: =SUM(P18:P21) -> 1528
B13: 07.45 - 08.00 | C13: 61 | D13: 2 | E13: 5 | F13: 31 | G13: 1 | H13: 0 | I13: 17 | J13: 12 | K13: 2 | L13: 0 | M13: 400 | N13: 0 | O13: =SUM(C13:L13,N13) -> 131 | P13: =SUM(C13:N13) -> 531 | R13: 1000-1100 | S13: =SUM(C22:C25) -> 199 | T13: =SUM(D22:D25) -> 25 | U13: =SUM(E22:E25) -> 17 | V13: =SUM(F22:F25) -> 136 | W13: =SUM(G22:G25) -> 0 | X13: =SUM(H22:H25) -> 0 | Y13: =SUM(I22:I25) -> 36 | Z13: =SUM(J22:J25) -> 41 | ... AF13: =SUM(P22:P25) -> 1403
B14: 08.00 - 08.15 | C14: 48 | D14: 8 | E14: 3 | F14: 30 | G14: 1 | H14: 0 | I14: 5 | J14: 9 | K14: 1 | L14: 0 | M14: 295 | N14: 0 | O14: =SUM(C14:L14,N14) -> 105 | P14: =SUM(C14:N14) -> 400 | R14: 1100-1200 | S14: =SUM(C26:C29) -> 150 | T14: =SUM(D26:D29) -> 19 | U14: =SUM(E26:E29) -> 18 | V14: =SUM(F26:F29) -> 94 | W14: =SUM(G26:G29) -> 1 | X14: =SUM(H26:H29) -> 0 | Y14: =SUM(I26:I29) -> 26 | Z14: =SUM(J26:J29) -> 52 | ... AF14: =SUM(P26:P29) -> 1536
B15: 08.15 - 08.30 | C15: 52 | D15: 4 | E15: 3 | F15: 37 | G15: 2 | H15: 0 | I15: 13 | J15: 9 | K15: 5 | L15: 0 | M15: 335 | N15: 0 | O15: =SUM(C15:L15,N15) -> 125 | P15: =SUM(C15:N15) -> 460 | R15: 1200-1300 | S15: =SUM(C30:C33) -> 171 | T15: =SUM(D30:D33) -> 28 | U15: =SUM(E30:E33) -> 22 | V15: =SUM(F30:F33) -> 146 | W15: =SUM(G30:G33) -> 4 | X15: =SUM(H30:H33) -> 0 | Y15: =SUM(I30:I33) -> 34 | Z15: =SUM(J30:J33) -> 58 | ... AF15: =SUM(P30:P33) -> 1572
B16: 08.30 - 08.45 | C16: 47 | D16: 11 | E16: 6 | F16: 27 | G16: 0 | H16: 0 | I16: 19 | J16: 7 | K16: 3 | L16: 0 | M16: 330 | N16: 0 | O16: =SUM(C16:L16,N16) -> 120 | P16: =SUM(C16:N16) -> 450 | R16: 1300-1400 | S16: =SUM(C34:C37) -> 176 | T16: =SUM(D34:D37) -> 24 | U16: =SUM(E34:E37) -> 18 | V16: =SUM(F34:F37) -> 152 | W16: =SUM(G34:G37) -> 1 | X16: =SUM(H34:H37) -> 1 | Y16: =SUM(I34:I37) -> 41 | Z16: =SUM(J34:J37) -> 28 | ... AF16: =SUM(P34:P37) -> 1397
B17: 08.45 - 9.00 | C17: 64 | D17: 6 | E17: 3 | F17: 36 | G17: 1 | H17: 0 | I17: 12 | J17: 5 | K17: 4 | L17: 1 | M17: 321 | N17: 0 | O17: =SUM(C17:L17,N17) -> 132 | P17: =SUM(C17:N17) -> 453 | R17: 1400-1500 | S17: =SUM(C38:C41) -> 172 | T17: =SUM(D38:D41) -> 20 | U17: =SUM(E38:E41) -> 15 | V17: =SUM(F38:F41) -> 137 | W17: =SUM(G38:G41) -> 2 | X17: =SUM(H38:H41) -> 1 | Y17: =SUM(I38:I41) -> 31 | Z17: =SUM(J38:J41) -> 53 | ... AF17: =SUM(P38:P41) -> 1239
B18: 09.00 - 09.15 | C18: 35 | D18: 9 | E18: 4 | F18: 26 | G18: 0 | H18: 0 | I18: 7 | J18: 15 | K18: 3 | L18: 1 | M18: 235 | N18: 0 | O18: =SUM(C18:L18,N18) -> 100 | P18: =SUM(C18:N18) -> 335 | R18: 1500-1600 | S18: =SUM(C42:C45) -> 176 | T18: =SUM(D42:D45) -> 32 | U18: =SUM(E42:E45) -> 25 | V18: =SUM(F42:F45) -> 112 | W18: =SUM(G42:G45) -> 7 | X18: =SUM(H42:H45) -> 2 | Y18: =SUM(I42:I45) -> 56 | Z18: =SUM(J42:J45) -> 50 | ... AF18: =SUM(P42:P45) -> 930
B19: 09.15 - 09.30 | C19: 29 | D19: 4 | E19: 5 | F19: 50 | G19: 0 | H19: 0 | I19: 11 | J19: 9 | K19: 0 | L19: 0 | M19: 179 | N19: 0 | O19: =SUM(C19:L19,N19) -> 108 | P19: =SUM(C19:N19) -> 287 | R19: 1600-1700 | S19: =SUM(C46:C49) -> 182 | T19: =SUM(D46:D49) -> 20 | U19: =SUM(E46:E49) -> 14 | V19: =SUM(F46:F49) -> 132 | W19: =SUM(G46:G49) -> 3 | X19: =SUM(H46:H49) -> 0 | Y19: =SUM(I46:I49) -> 17 | Z19: =SUM(J46:J49) -> 41 | ... AF19: =SUM(P46:P49) -> 1220
B20: 09.30 - 09.45 | C20: 42 | D20: 8 | E20: 5 | F20: 35 | G20: 0 | H20: 0 | I20: 16 | J20: 17 | K20: 3 | L20: 0 | M20: 295 | N20: 0 | O20: =SUM(C20:L20,N20) -> 126 | P20: =SUM(C20:N20) -> 421 | R20: 1700-1800 | S20: =SUM(C50:C53) -> 124 | T20: =SUM(D50:D53) -> 8 | U20: =SUM(E50:E53) -> 19 | V20: =SUM(F50:F53) -> 157 | W20: =SUM(G50:G53) -> 0 | X20: =SUM(H50:H53) -> 0 | Y20: =SUM(I50:I53) -> 27 | Z20: =SUM(J50:J53) -> 32 | ... AF20: =SUM(P50:P53) -> 1202
B21: 09.45 - 10.00 | C21: 48 | D21: 7 | E21: 3 | F21: 41 | G21: 1 | H21: 0 | I21: 16 | J21: 15 | K21: 4 | L21: 0 | M21: 350 | N21: 0 | O21: =SUM(C21:L21,N21) -> 135 | P21: =SUM(C21:N21) -> 485 | R21: 1800-1900 | S21: =SUM(C54:C57) -> 84 | T21: =SUM(D54:D57) -> 24 | U21: =SUM(E54:E57) -> 10 | V21: =SUM(F54:F57) -> 123 | W21: =SUM(G54:G57) -> 5 | X21: =SUM(H54:H57) -> 5 | Y21: =SUM(I54:I57) -> 18 | Z21: =SUM(J54:J57) -> 24 | ... AF21: =SUM(P54:P57) -> 1149
B22: 10.00 - 10.15 | C22: 54 | D22: 4 | E22: 6 | F22: 41 | G22: 0 | H22: 0 | I22: 5 | J22: 8 | K22: 0 | L22: 0 | M22: 150 | N22: 1 | O22: =SUM(C22:L22,N22) -> 119 | P22: =SUM(C22:N22) -> 269 | R22: AM Peak Hr | S22: =MAX(S10:S12) -> 211 | T22: =MAX(T10:T12) -> 29 | U22: =MAX(U10:U12) -> 17 | V22: =MAX(V10:V12) -> 152 | W22: =MAX(W10:W12) -> 4 | X22: =MAX(X10:X12) -> 8 | Y22: =MAX(Y10:Y12) -> 50 | Z22: =MAX(Z10:Z12) -> 56 | ... AF22: =MAX(AF10:AF12) -> 1763
B23: 10.15 - 10.30 | C23: 40 | D23: 10 | E23: 4 | F23: 30 | G23: 0 | H23: 0 | I23: 5 | J23: 4 | K23: 3 | L23: 0 | M23: 285 | N23: 0 | O23: =SUM(C23:L23,N23) -> 96 | P23: =SUM(C23:N23) -> 381 | R23: IP Peak Hr | S23: =MAX(S13:S18) -> 199 | T23: =MAX(T13:T18) -> 32 | U23: =MAX(U13:U18) -> 25 | V23: =MAX(V13:V18) -> 152 | W23: =MAX(W13:W18) -> 7 | X23: =MAX(X13:X18) -> 2 | Y23: =MAX(Y13:Y18) -> 56 | Z23: =MAX(Z13:Z18) -> 58 | ... AF23: =MAX(AF13:AF18) -> 1572
B24: 10.30 - 10.45 | C24: 62 | D24: 7 | E24: 3 | F24: 27 | G24: 0 | H24: 0 | I24: 13 | J24: 18 | K24: 6 | L24: 1 | M24: 249 | N24: 0 | O24: =SUM(C24:L24,N24) -> 137 | P24: =SUM(C24:N24) -> 386 | R24: PM Peak Hr | S24: =MAX(S19:S21) -> 182 | T24: =MAX(T19:T21) -> 24 | U24: =MAX(U19:U21) -> 19 | V24: =MAX(V19:V21) -> 157 | W24: =MAX(W19:W21) -> 5 | X24: =MAX(X19:X21) -> 5 | Y24: =MAX(Y19:Y21) -> 27 | Z24: =MAX(Z19:Z21) -> 41 | ... AF24: =MAX(AF19:AF21) -> 1220
B25: 10.45 - 11.00 | C25: 43 | D25: 4 | E25: 4 | F25: 38 | G25: 0 | H25: 0 | I25: 13 | J25: 11 | K25: 4 | L25: 0 | M25: 250 | N25: 0 | O25: =SUM(C25:L25,N25) -> 117 | P25: =SUM(C25:N25) -> 367 | R25: AM Period | S25: =SUM(S10:S12) -> 486 | T25: =SUM(T10:T12) -> 66 | U25: =SUM(U10:U12) -> 43 | V25: =SUM(V10:V12) -> 337 | W25: =SUM(W10:W12) -> 9 | X25: =SUM(X10:X12) -> 8 | Y25: =SUM(Y10:Y12) -> 139 | Z25: =SUM(Z10:Z12) -> 108 | ... AF25: =SUM(AF10:AF12) -> 4279
B26: 11.00 - 11.15 | C26: 31 | D26: 7 | E26: 4 | F26: 32 | G26: 0 | H26: 0 | I26: 1 | J26: 20 | K26: 4 | L26: 0 | M26: 285 | N26: 0 | O26: =SUM(C26:L26,N26) -> 99 | P26: =SUM(C26:N26) -> 384 | R26: IP Period | S26: =SUM(S13:S18) -> 1044 | T26: =SUM(T13:T18) -> 148 | U26: =SUM(U13:U18) -> 115 | V26: =SUM(V13:V18) -> 777 | W26: =SUM(W13:W18) -> 15 | X26: =SUM(X13:X18) -> 4 | Y26: =SUM(Y13:Y18) -> 224 | Z26: =SUM(Z13:Z18) -> 282 | ... AF26: =SUM(AF13:AF18) -> 8077
B27: 11.15 - 11.30 | C27: 36 | D27: 3 | E27: 4 | F27: 1 | G27: 1 | H27: 0 | I27: 10 | J27: 4 | K27: 3 | L27: 0 | M27: 275 | N27: 0 | O27: =SUM(C27:L27,N27) -> 62 | P27: =SUM(C27:N27) -> 337 | R27: PM Period | S27: =SUM(S19:S21) -> 390 | T27: =SUM(T19:T21) -> 52 | U27: =SUM(U19:U21) -> 43 | V27: =SUM(V19:V21) -> 412 | W27: =SUM(W19:W21) -> 8 | X27: =SUM(X19:X21) -> 5 | Y27: =SUM(Y19:Y21) -> 62 | Z27: =SUM(Z19:Z21) -> 97 | ... AF27: =SUM(AF19:AF21) -> 3571
B28: 11.30 - 11.45 | C28: 34 | D28: 4 | E28: 4 | F28: 26 | G28: 0 | H28: 0 | I28: 11 | J28: 14 | K28: 8 | L28: 0 | M28: 305 | N28: 0 | O28: =SUM(C28:L28,N28) -> 101 | P28: =SUM(C28:N28) -> 406 | R28: 12 Hours | S28: =SUM(S10:S21) -> 1920 | T28: =SUM(T10:T21) -> 266 | U28: =SUM(U10:U21) -> 201 | V28: =SUM(V10:V21) -> 1526 | W28: =SUM(W10:W21) -> 32 | X28: =SUM(X10:X21) -> 17 | Y28: =SUM(Y10:Y21) -> 425 | Z28: =SUM(Z10:Z21) -> 487 | ... AF28: =SUM(AF10:AF21) -> 15927
B29: 11.45 - 12.00 | C29: 49 | D29: 5 | E29: 6 | F29: 35 | G29: 0 | H29: 0 | I29: 4 | J29: 14 | K29: 6 | L29: 0 | M29: 290 | N29: 0 | O29: =SUM(C29:L29,N29) -> 119 | P29: =SUM(C29:N29) -> 409
B30: 12.00 - 12.15 | C30: 56 | D30: 6 | E30: 8 | F30: 36 | G30: 2 | H30: 0 | I30: 10 | J30: 14 | K30: 8 | L30: 0 | M30: 275 | N30: 0 | O30: =SUM(C30:L30,N30) -> 140 | P30: =SUM(C30:N30) -> 415
B31: 12.15 - 12.30 | C31: 35 | D31: 6 | E31: 7 | F31: 34 | G31: 0 | H31: 0 | I31: 8 | J31: 16 | K31: 9 | L31: 0 | M31: 225 | N31: 0 | O31: =SUM(C31:L31,N31) -> 115 | P31: =SUM(C31:N31) -> 340
B32: 12.30 - 12.45 | C32: 36 | D32: 7 | E32: 2 | F32: 31 | G32: 1 | H32: 0 | I32: 4 | J32: 18 | K32: 4 | L32: 0 | M32: 255 | N32: 0 | O32: =SUM(C32:L32,N32) -> 103 | P32: =SUM(C32:N32) -> 358
B33: 12.45 - 13.00 | C33: 44 | D33: 9 | E33: 5 | F33: 45 | G33: 1 | H33: 0 | I33: 12 | J33: 10 | K33: 3 | L33: 0 | M33: 330 | N33: 0 | O33: =SUM(C33:L33,N33) -> 129 | P33: =SUM(C33:N33) -> 459
B34: 13.00 - 13.15 | C34: 83 | D34: 8 | E34: 4 | F34: 58 | G34: 0 | H34: 0 | I34: 9 | J34: 16 | K34: 5 | L34: 0 | M34: 315 | N34: 0 | O34: =SUM(C34:L34,N34) -> 183 | P34: =SUM(C34:N34) -> 498
B35: 13.15 - 13.30 | C35: 16 | D35: 5 | E35: 3 | F35: 26 | G35: 0 | H35: 0 | I35: 10 | J35: 0 | K35: 1 | L35: 0 | M35: 200 | N35: 0 | O35: =SUM(C35:L35,N35) -> 61 | P35: =SUM(C35:N35) -> 261
B36: 13.30 - 13.45 | C36: 28 | D36: 4 | E36: 5 | F36: 38 | G36: 1 | H36: 1 | I36: 12 | J36: 7 | K36: 1 | L36: 0 | M36: 225 | N36: 0 | O36: =SUM(C36:L36,N36) -> 97 | P36: =SUM(C36:N36) -> 322
B37: 13.45 - 14.00 | C37: 49 | D37: 7 | E37: 6 | F37: 30 | G37: 0 | H37: 0 | I37: 10 | J37: 5 | K37: 4 | L37: 0 | M37: 205 | N37: 0 | O37: =SUM(C37:L37,N37) -> 111 | P37: =SUM(C37:N37) -> 316
B38: 14.00 - 14.15 | C38: 40 | D38: 1 | E38: 2 | F38: 42 | G38: 2 | H38: 0 | I38: 10 | J38: 16 | K38: 1 | L38: 0 | M38: 240 | N38: 0 | O38: =SUM(C38:L38,N38) -> 114 | P38: =SUM(C38:N38) -> 354
B39: 14.15 - 14.30 | C39: 55 | D39: 7 | E39: 5 | F39: 32 | G39: 0 | H39: 0 | I39: 8 | J39: 12 | K39: 2 | L39: 1 | M39: 200 | N39: 0 | O39: =SUM(C39:L39,N39) -> 122 | P39: =SUM(C39:N39) -> 322
B40: 14.30 - 14.45 | C40: 34 | D40: 6 | E40: 4 | F40: 33 | G40: 0 | H40: 1 | I40: 10 | J40: 14 | K40: 2 | L40: 0 | M40: 190 | N40: 0 | O40: =SUM(C40:L40,N40) -> 104 | P40: =SUM(C40:N40) -> 294
... B57: 18.45 - 19.00 | C57: 20 | D57: 7 | E57: 3 | F57: 40 | G57: 3 | H57: 3 | I57: 6 | J57: 8 | K57: 2 | L57: 0 | M57: 200 | N57: 0 | O57: =SUM(C57:L57,N57) -> 92 | P57: =SUM(C57:N57) -> 292
B58: Totals | C58: =SUM(C10:C57) -> 1920 | D58: =SUM(D10:D57) -> 266 | E58: =SUM(E10:E57) -> 201 | F58: =SUM(F10:F57) -> 1526 | G58: =SUM(G10:G57) -> 32 | H58: =SUM(H10:H57) -> 17 | I58: =SUM(I10:I57) -> 425 | J58: =SUM(J10:J57) -> 487 | ... P58: =SUM(P10:P57) -> 15927
B59: %ges + MCs | C59: =C58/$P$58 -> 0.12055001 | D59: =D58/$P$58 -> 0.016701199 | E59: =E58/$P$58 -> 0.012620079 | F59: =F58/$P$58 -> 0.095812143 | G59: =G58/$P$58 -> 0.0020091668 | H59: =H58/$P$58 -> 0.0010673699 | I59: =I58/$P$58 -> 0.026684247 | J59: =J58/$P$58 -> 0.030577008 | ... N59: =N58/$P$58 -> 6.2786463e-05
B60: %ges w/o MCs | C60: =C58/$O$58 -> 0.38201353 | D60: =D58/$O$58 -> 0.052924791 | E60: =E58/$O$58 -> 0.039992041 | F60: =F58/$O$58 -> 0.30362117 | G60: =G58/$O$58 -> 0.0063668922 | H60: =H58/$O$58 -> 0.0033824115 | I60: =I58/$O$58 -> 0.084560287 | J60: =J58/$O$58 -> 0.09689614 | ... L60: =L58/$O$58 -> 0.0023875846 | N60: =N58/$O$58 -> 0.00019896538

Sheet 22.07 Ndeeba-Nateete
B1: Consultancy services for Preparation of Expressway Development Master Plan (EDMP) for Uganda
B2: MANUAL CLASSIFIED COUNT (MCC)
B3: ROAD NAME: | C3: ='22.07 Nateete-Ndeeba'!C3:G3 -> MCC - C1 - STN07 - MASAKA ROAD
C5: Date | D5: ='22.07 Nateete-Ndeeba'!D5 -> 22/7/2019 | F5: Location | G5: ='22.07 Nateete-Ndeeba'!G5:H5 -> Rhino Funeral Services | J5: Surveyor | K5: Asibazuyo Jennifer
C6: Dir. From | D6: Ndeeba | F6: Dir. To | G6: Nateete | J6: Supervisor | K6: ='22.07 Nateete-Ndeeba'!K6:L6 -> Felix
B8: Time / Veh Type | R8: SUMMARY TRAFFIC VOLUMES
C9: 1. Car | D9: 2. Station Wagon | E9: 3. Pickups | F9: 4. Minibus, matatu | G9: 5. Medium bus | H9: 6. Large Bus | I9: 7. Light Truck | J9: 8. Medium Truck | K9: 9. Heavy truck | L9: 10. Truck Trailer | M9: 11. Motor cycles | N9: 12. Tractors | O9: Total Excl M/Cycles | P9: Total All | R9: Time | S9: 1. Car | T9: 2. Station Wagon | U9: 3. Pickups | V9: 4. Minibus, matatu | W9: 5. Medium bus | X9: 6. Large Bus | Y9: 7. Light Truck | Z9: 8. Medium Truck | AA9: 9. Heavy truck | AB9: 10. Truck Trailer | AC9: 11. Motorcycles | AD9: 12. Tractors, Graders | AE9: Total Excl M/ Cycles | AF9: Total All
B10: 07.00 - 07.15 | C10: 23 | D10: 4 | E10: 1 | F10: 8 | G10: 2 | H10: 0 | I10: 14 | J10: 0 | K10: 0 | L10: 0 | M10: 123 | N10: 0 | O10: =SUM(C10:L10,N10) -> 52 | P10: =SUM(C10:N10) -> 175 | R10: 0700-0800 | S10: =SUM(C10:C13) -> 76 | T10: =SUM(D10:D13) -> 7 | U10: =SUM(E10:E13) -> 11 | V10: =SUM(F10:F13) -> 89 | W10: =SUM(G10:G13) -> 3 | X10: =SUM(H10:H13) -> 1 | Y10: =SUM(I10:I13) -> 49 | Z10: =SUM(J10:J13) -> 2 | ... AF10: =SUM(P10:P13) -> 708
B11: 07.15 - 07.30 | C11: 15 | D11: 2 | E11: 5 | F11: 32 | G11: 0 | H11: 0 | I11: 24 | J11: 0 | K11: 2 | L11: 0 | M11: 73 | N11: 0 | O11: =SUM(C11:L11,N11) -> 80 | P11: =SUM(C11:N11) -> 153 | R11: 0800-0900 | S11: =SUM(C14:C17) -> 57 | T11: =SUM(D14:D17) -> 28 | U11: =SUM(E14:E17) -> 2 | V11: =SUM(F14:F17) -> 144 | W11: =SUM(G14:G17) -> 2 | X11: =SUM(H14:H17) -> 0 | Y11: =SUM(I14:I17) -> 28 | Z11: =SUM(J14:J17) -> 9 | ... AF11: =SUM(P14:P17) -> 997
B12: 07.30 - 07.45 | C12: 10 | D12: 1 | E12: 2 | F12: 22 | G12: 0 | H12: 1 | I12: 7 | J12: 0 | K12: 0 | L12: 0 | M12: 105 | N12: 0 | O12: =SUM(C12:L12,N12) -> 43 | P12: =SUM(C12:N12) -> 148 | R12: 0900-1000 | S12: =SUM(C18:C21) -> 123 | T12: =SUM(D18:D21) -> 19 | U12: =SUM(E18:E21) -> 3 | V12: =SUM(F18:F21) -> 221 | W12: =SUM(G18:G21) -> 4 | X12: =SUM(H18:H21) -> 3 | Y12: =SUM(I18:I21) -> 37 | Z12: =SUM(J18:J21) -> 12 | ... AF12: =SUM(P18:P21) -> 1292
B13: 07.45 - 08.00 | C13: 28 | D13: 0 | E13: 3 | F13: 27 | G13: 1 | H13: 0 | I13: 4 | J13: 2 | K13: 0 | L13: 1 | M13: 166 | N13: 0 | O13: =SUM(C13:L13,N13) -> 66 | P13: =SUM(C13:N13) -> 232 | R13: 1000-1100 | S13: =SUM(C22:C25) -> 79 | T13: =SUM(D22:D25) -> 19 | U13: =SUM(E22:E25) -> 7 | V13: =SUM(F22:F25) -> 223 | W13: =SUM(G22:G25) -> 4 | X13: =SUM(H22:H25) -> 0 | Y13: =SUM(I22:I25) -> 52 | Z13: =SUM(J22:J25) -> 11 | ... AF13: =SUM(P22:P25) -> 1079
B14: 08.00 - 08.15 | C14: 8 | D14: 3 | E14: 1 | F14: 32 | G14: 0 | H14: 0 | I14: 2 | J14: 4 | K14: 0 | L14: 0 | M14: 165 | N14: 0 | O14: =SUM(C14:L14,N14) -> 50 | P14: =SUM(C14:N14) -> 215 | R14: 1100-1200 | S14: =SUM(C26:C29) -> 73 | T14: =SUM(D26:D29) -> 15 | U14: =SUM(E26:E29) -> 9 | V14: =SUM(F26:F29) -> 87 | W14: =SUM(G26:G29) -> 1 | X14: =SUM(H26:H29) -> 3 | Y14: =SUM(I26:I29) -> 78 | Z14: =SUM(J26:J29) -> 6 | ... AF14: =SUM(P26:P29) -> 819
B15: 08.15 - 08.30 | C15: 11 | D15: 8 | E15: 0 | F15: 37 | G15: 0 | H15: 0 | I15: 6 | J15: 3 | K15: 0 | L15: 1 | M15: 170 | N15: 0 | O15: =SUM(C15:L15,N15) -> 66 | P15: =SUM(C15:N15) -> 236 | R15: 1200-1300 | S15: =SUM(C30:C33) -> 125 | T15: =SUM(D30:D33) -> 14 | U15: =SUM(E30:E33) -> 8 | V15: =SUM(F30:F33) -> 150 | W15: =SUM(G30:G33) -> 4 | X15: =SUM(H30:H33) -> 1 | Y15: =SUM(I30:I33) -> 69 | Z15: =SUM(J30:J33) -> 14 | ... AF15: =SUM(P30:P33) -> 997
B16: 08.30 - 08.45 | C16: 13 | D16: 13 | E16: 1 | F16: 39 | G16: 1 | H16: 0 | I16: 11 | J16: 0 | K16: 11 | L16: 0 | M16: 180 | N16: 0 | O16: =SUM(C16:L16,N16) -> 89 | P16: =SUM(C16:N16) -> 269 | R16: 1300-1400 | S16: =SUM(C34:C37) -> 148 | T16: =SUM(D34:D37) -> 18 | U16: =SUM(E34:E37) -> 9 | V16: =SUM(F34:F37) -> 154 | W16: =SUM(G34:G37) -> 0 | X16: =SUM(H34:H37) -> 0 | Y16: =SUM(I34:I37) -> 92 | Z16: =SUM(J34:J37) -> 15 | ... AF16: =SUM(P34:P37) -> 1166
B17: 08.45 - 9.00 | C17: 25 | D17: 4 | E17: 0 | F17: 36 | G17: 1 | H17: 0 | I17: 9 | J17: 2 | K17: 0 | L17: 0 | M17: 200 | N17: 0 | O17: =SUM(C17:L17,N17) -> 77 | P17: =SUM(C17:N17) -> 277 | R17: 1400-1500 | S17: =SUM(C38:C41) -> 137 | T17: =SUM(D38:D41) -> 36 | U17: =SUM(E38:E41) -> 16 | V17: =SUM(F38:F41) -> 133 | W17: =SUM(G38:G41) -> 7 | X17: =SUM(H38:H41) -> 0 | Y17: =SUM(I38:I41) -> 44 | Z17: =SUM(J38:J41) -> 45 | ... AF17: =SUM(P38:P41) -> 996
B18: 09.00 - 09.15 | C18: 40 | D18: 0 | E18: 0 | F18: 60 | G18: 0 | H18: 0 | I18: 2 | J18: 1 | K18: 0 | L18: 0 | M18: 215 | N18: 0 | O18: =SUM(C18:L18,N18) -> 103 | P18: =SUM(C18:N18) -> 318 | R18: 1500-1600 | S18: =SUM(C42:C45) -> 107 | T18: =SUM(D42:D45) -> 60 | U18: =SUM(E42:E45) -> 4 | V18: =SUM(F42:F45) -> 74 | W18: =SUM(G42:G45) -> 5 | X18: =SUM(H42:H45) -> 1 | Y18: =SUM(I42:I45) -> 24 | Z18: =SUM(J42:J45) -> 13 | ... AF18: =SUM(P42:P45) -> 634
B19: 09.15 - 09.30 | C19: 26 | D19: 2 | E19: 2 | F19: 60 | G19: 3 | H19: 0 | I19: 11 | J19: 5 | K19: 0 | L19: 0 | M19: 190 | N19: 0 | O19: =SUM(C19:L19,N19) -> 109 | P19: =SUM(C19:N19) -> 299 | R19: 1600-1700 | S19: =SUM(C46:C49) -> 104 | T19: =SUM(D46:D49) -> 33 | U19: =SUM(E46:E49) -> 20 | V19: =SUM(F46:F49) -> 130 | W19: =SUM(G46:G49) -> 0 | X19: =SUM(H46:H49) -> 0 | Y19: =SUM(I46:I49) -> 47 | Z19: =SUM(J46:J49) -> 33 | ... AF19: =SUM(P46:P49) -> 931
B20: 09.30 - 09.45 | C20: 9 | D20: 1 | E20: 0 | F20: 32 | G20: 1 | H20: 0 | I20: 9 | J20: 0 | K20: 2 | L20: 0 | M20: 170 | N20: 0 | O20: =SUM(C20:L20,N20) -> 54 | P20: =SUM(C20:N20) -> 224 | R20: 1700-1800 | S20: =SUM(C50:C53) -> 85 | T20: =SUM(D50:D53) -> 103 | U20: =SUM(E50:E53) -> 41 | V20: =SUM(F50:F53) -> 129 | W20: =SUM(G50:G53) -> 1 | X20: =SUM(H50:H53) -> 9 | Y20: =SUM(I50:I53) -> 44 | Z20: =SUM(J50:J53) -> 36 | ... AF20: =SUM(P50:P53) -> 1036
B21: 09.45 - 10.00 | C21: 48 | D21: 16 | E21: 1 | F21: 69 | G21: 0 | H21: 3 | I21: 15 | J21: 6 | K21: 0 | L21: 0 | M21: 293 | N21: 0 | O21: =SUM(C21:L21,N21) -> 158 | P21: =SUM(C21:N21) -> 451 | R21: 1800-1900 | S21: =SUM(C54:C57) -> 127 | T21: =SUM(D54:D57) -> 26 | U21: =SUM(E54:E57) -> 2 | V21: =SUM(F54:F57) -> 510 | W21: =SUM(G54:G57) -> 0 | X21: =SUM(H54:H57) -> 0 | Y21: =SUM(I54:I57) -> 41 | Z21: =SUM(J54:J57) -> 47 | ... AF21: =SUM(P54:P57) -> 1217
B22: 10.00 - 10.15 | C22: 20 | D22: 9 | E22: 2 | F22: 50 | G22: 2 | H22: 0 | I22: 11 | J22: 2 | K22: 0 | L22: 0 | M22: 180 | N22: 0 | O22: =SUM(C22:L22,N22) -> 96 | P22: =SUM(C22:N22) -> 276 | R22: AM Peak Hr | S22: =MAX(S10:S12) -> 123 | T22: =MAX(T10:T12) -> 28 | U22: =MAX(U10:U12) -> 11 | V22: =MAX(V10:V12) -> 221 | W22: =MAX(W10:W12) -> 4 | X22: =MAX(X10:X12) -> 3 | Y22: =MAX(Y10:Y12) -> 49 | Z22: =MAX(Z10:Z12) -> 12 | ... AF22: =MAX(AF10:AF12) -> 1292
B23: 10.15 - 10.30 | C23: 24 | D23: 0 | E23: 1 | F23: 70 | G23: 1 | H23: 0 | I23: 7 | J23: 0 | K23: 1 | L23: 1 | M23: 210 | N23: 0 | O23: =SUM(C23:L23,N23) -> 105 | P23: =SUM(C23:N23) -> 315 | R23: IP Peak Hr | S23: =MAX(S13:S18) -> 148 | T23: =MAX(T13:T18) -> 60 | U23: =MAX(U13:U18) -> 16 | V23: =MAX(V13:V18) -> 223 | W23: =MAX(W13:W18) -> 7 | X23: =MAX(X13:X18) -> 3 | Y23: =MAX(Y13:Y18) -> 92 | Z23: =MAX(Z13:Z18) -> 45 | ... AF23: =MAX(AF13:AF18) -> 1166
B24: 10.30 - 10.45 | C24: 20 | D24: 5 | E24: 4 | F24: 41 | G24: 0 | H24: 0 | I24: 11 | J24: 6 | K24: 4 | L24: 0 | M24: 147 | N24: 0 | O24: =SUM(C24:L24,N24) -> 91 | P24: =SUM(C24:N24) -> 238 | R24: PM Peak Hr | S24: =MAX(S19:S21) -> 127 | T24: =MAX(T19:T21) -> 103 | U24: =MAX(U19:U21) -> 41 | V24: =MAX(V19:V21) -> 510 | W24: =MAX(W19:W21) -> 1 | X24: =MAX(X19:X21) -> 9 | Y24: =MAX(Y19:Y21) -> 47 | Z24: =MAX(Z19:Z21) -> 47 | ... AF24: =MAX(AF19:AF21) -> 1217
B25: 10.45 - 11.00 | C25: 15 | D25: 5 | E25: 0 | F25: 62 | G25: 1 | H25: 0 | I25: 23 | J25: 3 | K25: 1 | L25: 0 | M25: 140 | N25: 0 | O25: =SUM(C25:L25,N25) -> 110 | P25: =SUM(C25:N25) -> 250 | R25: AM Period | S25: =SUM(S10:S12) -> 256 | T25: =SUM(T10:T12) -> 54 | U25: =SUM(U10:U12) -> 16 | V25: =SUM(V10:V12) -> 454 | W25: =SUM(W10:W12) -> 9 | X25: =SUM(X10:X12) -> 4 | Y25: =SUM(Y10:Y12) -> 114 | Z25: =SUM(Z10:Z12) -> 23 | ... AF25: =SUM(AF10:AF12) -> 2997
B26: 11.00 - 11.15 | C26: 15 | D26: 0 | E26: 0 | F26: 4 | G26: 0 | H26: 1 | I26: 18 | J26: 1 | K26: 0 | L26: 0 | M26: 127 | N26: 0 | O26: =SUM(C26:L26,N26) -> 39 | P26: =SUM(C26:N26) -> 166 | R26: IP Period | S26: =SUM(S13:S18) -> 669 | T26: =SUM(T13:T18) -> 162 | U26: =SUM(U13:U18) -> 53 | V26: =SUM(V13:V18) -> 821 | W26: =SUM(W13:W18) -> 21 | X26: =SUM(X13:X18) -> 5 | Y26: =SUM(Y13:Y18) -> 359 | Z26: =SUM(Z13:Z18) -> 104 | ... AF26: =SUM(AF13:AF18) -> 5691
B27: 11.15 - 11.30 | C27: 18 | D27: 9 | E27: 4 | F27: 20 | G27: 0 | H27: 2 | I27: 20 | J27: 0 | K27: 2 | L27: 0 | M27: 129 | N27: 0 | O27: =SUM(C27:L27,N27) -> 75 | P27: =SUM(C27:N27) -> 204 | R27: PM Period | S27: =SUM(S19:S21) -> 316 | T27: =SUM(T19:T21) -> 162 | U27: =SUM(U19:U21) -> 63 | V27: =SUM(V19:V21) -> 769 | W27: =SUM(W19:W21) -> 1 | X27: =SUM(X19:X21) -> 9 | Y27: =SUM(Y19:Y21) -> 132 | Z27: =SUM(Z19:Z21) -> 116 | ... AF27: =SUM(AF19:AF21) -> 3184
B28: 11.30 - 11.45 | C28: 18 | D28: 3 | E28: 2 | F28: 33 | G28: 1 | H28: 0 | I28: 17 | J28: 5 | K28: 2 | L28: 0 | M28: 167 | N28: 0 | O28: =SUM(C28:L28,N28) -> 81 | P28: =SUM(C28:N28) -> 248 | R28: 12 Hours | S28: =SUM(S10:S21) -> 1241 | T28: =SUM(T10:T21) -> 378 | U28: =SUM(U10:U21) -> 132 | V28: =SUM(V10:V21) -> 2044 | W28: =SUM(W10:W21) -> 31 | X28: =SUM(X10:X21) -> 18 | Y28: =SUM(Y10:Y21) -> 605 | Z28: =SUM(Z10:Z21) -> 243 | ... AF28: =SUM(AF10:AF21) -> 11872
B29: 11.45 - 12.00 | C29: 22 | D29: 3 | E29: 3 | F29: 30 | G29: 0 | H29: 0 | I29: 23 | J29: 0 | K29: 0 | L29: 0 | M29: 120 | N29: 0 | O29: =SUM(C29:L29,N29) -> 81 | P29: =SUM(C29:N29) -> 201
B30: 12.00 - 12.15 | C30: 25 | D30: 4 | E30: 3 | F30: 22 | G30: 0 | H30: 1 | I30: 15 | J30: 1 | K30: 0 | L30: 0 | M30: 140 | N30: 1 | O30: =SUM(C30:L30,N30) -> 72 | P30: =SUM(C30:N30) -> 212
B31: 12.15 - 12.30 | C31: 40 | D31: 4 | E31: 3 | F31: 40 | G31: 2 | H31: 0 | I31: 15 | J31: 5 | K31: 3 | L31: 2 | M31: 150 | N31: 0 | O31: =SUM(C31:L31,N31) -> 114 | P31: =SUM(C31:N31) -> 264
B32: 12.30 - 12.45 | C32: 42 | D32: 0 | E32: 2 | F32: 56 | G32: 0 | H32: 0 | I32: 17 | J32: 2 | K32: 3 | L32: 3 | M32: 145 | N32: 0 | O32: =SUM(C32:L32,N32) -> 125 | P32: =SUM(C32:N32) -> 270
B33: 12.45 - 13.00 | C33: 18 | D33: 6 | E33: 0 | F33: 32 | G33: 2 | H33: 0 | I33: 22 | J33: 6 | K33: 5 | L33: 0 | M33: 160 | N33: 0 | O33: =SUM(C33:L33,N33) -> 91 | P33: =SUM(C33:N33) -> 251
B34: 13.00 - 13.15 | C34: 34 | D34: 2 | E34: 2 | F34: 27 | G34: 0 | H34: 0 | I34: 15 | J34: 8 | K34: 0 | L34: 0 | M34: 160 | N34: 0 | O34: =SUM(C34:L34,N34) -> 88 | P34: =SUM(C34:N34) -> 248
B35: 13.15 - 13.30 | C35: 34 | D35: 0 | E35: 0 | F35: 25 | G35: 0 | H35: 0 | I35: 18 | J35: 5 | K35: 0 | L35: 0 | M35: 179 | N35: 0 | O35: =SUM(C35:L35,N35) -> 82 | P35: =SUM(C35:N35) -> 261
B36: 13.30 - 13.45 | C36: 35 | D36: 4 | E36: 3 | F36: 52 | G36: 0 | H36: 0 | I36: 24 | J36: 2 | K36: 0 | L36: 0 | M36: 156 | N36: 0 | O36: =SUM(C36:L36,N36) -> 120 | P36: =SUM(C36:N36) -> 276
B37: 13.45 - 14.00 | C37: 45 | D37: 12 | E37: 4 | F37: 50 | G37: 0 | H37: 0 | I37: 35 | J37: 0 | K37: 0 | L37: 0 | M37: 235 | N37: 0 | O37: =SUM(C37:L37,N37) -> 146 | P37: =SUM(C37:N37) -> 381
B38: 14.00 - 14.15 | C38: 34 | D38: 17 | E38: 0 | F38: 45 | G38: 1 | H38: 0 | I38: 13 | J38: 3 | K38: 0 | L38: 1 | M38: 160 | N38: 0 | O38: =SUM(C38:L38,N38) -> 114 | P38: =SUM(C38:N38) -> 274
B39: 14.15 - 14.30 | C39: 27 | D39: 5 | E39: 0 | F39: 25 | G39: 1 | H39: 0 | I39: 5 | J39: 8 | K39: 5 | L39: 2 | M39: 125 | N39: 0 | O39: =SUM(C39:L39,N39) -> 78 | P39: =SUM(C39:N39) -> 203
B40: 14.30 - 14.45 | C40: 40 | D40: 4 | E40: 0 | F40: 45 | G40: 5 | H40: 0 | I40: 10 | J40: 34 | K40: 0 | L40: 0 | M40: 180 | N40: 0 | O40: =SUM(C40:L40,N40) -> 138 | P40: =SUM(C40:N40) -> 318
... B57: 18.45 - 19.00 | C57: 28 | D57: 13 | E57: 0 | F57: 0 | G57: 0 | H57: 0 | I57: 13 | J57: 9 | K57: 1 | L57: 0 | M57: 118 | N57: 0 | O57: =SUM(C57:L57,N57) -> 64 | P57: =SUM(C57:N57) -> 182
B58: Totals | C58: =SUM(C10:C57) -> 1241 | D58: =SUM(D10:D57) -> 378 | E58: =SUM(E10:E57) -> 132 | F58: =SUM(F10:F57) -> 2044 | G58: =SUM(G10:G57) -> 31 | H58: =SUM(H10:H57) -> 18 | I58: =SUM(I10:I57) -> 605 | J58: =SUM(J10:J57) -> 243 | ... P58: =SUM(P10:P57) -> 11872
B59: %ges + MCs | C59: =C58/$P$58 -> 0.10453167 | D59: =D58/$P$58 -> 0.031839623 | E59: =E58/$P$58 -> 0.011118598 | F59: =F58/$P$58 -> 0.17216981 | G59: =G58/$P$58 -> 0.002611186 | H59: =H58/$P$58 -> 0.0015161725 | I59: =I58/$P$58 -> 0.050960243 | J59: =J58/$P$58 -> 0.020468329 | ... N59: =N58/$P$58 -> 8.4231806e-05
B60: %ges w/o MCs | C60: =C58/$O$58 -> 0.25864944 | D60: =D58/$O$58 -> 0.078782826 | E60: =E58/$O$58 -> 0.027511463 | F60: =F58/$O$58 -> 0.42601084 | G60: =G58/$O$58 -> 0.0064610254 | H60: =H58/$O$58 -> 0.0037515632 | I60: =I58/$O$58 -> 0.12609421 | J60: =J58/$O$58 -> 0.050646103 | ... L60: =L58/$O$58 -> 0.0054189246 | N60: =N58/$O$58 -> 0.00020842018

Sheet 23.07 Nateete-Ndeeba
B1: Consultancy services for Preparation of Expressway Development Master Plan (EDMP) for Uganda
B2: MANUAL CLASSIFIED COUNT (MCC)
B3: ROAD NAME: | C3: MCC-CI-STNO1-MASAKA
C5: Date | D5: 23.07.19 | F5: Location | G5: ='22.07 Nateete-Ndeeba'!G5:H5 -> Rhino Funeral Services | J5: Surveyor | K5: ='22.07 Nateete-Ndeeba'!K5:L5 -> Ahimbisibwe Faith
C6: Dir. From | D6: ='22.07 Nateete-Ndeeba'!D6:E6 -> Nateete | F6: Dir. To | G6: ='22.07 Nateete-Ndeeba'!G6:H6 -> Ndeeba | J6: Supervisor | K6: ='22.07 Nateete-Ndeeba'!K6:L6 -> Felix
B8: Time / Veh Type | R8: SUMMARY TRAFFIC VOLUMES
C9: 1. Car | D9: 2. Station Wagon | E9: 3. Pickups | F9: 4. Minibus, matatu | G9: 5. Medium bus | H9: 6. Large Bus | I9: 7. Light Truck | J9: 8. Medium Truck | K9: 9. Heavy truck | L9: 10. Truck Trailer | M9: 11. Motor cycles | N9: 12. Tractors | O9: Total Excl M/Cycles | P9: Total All | R9: Time | S9: 1. Car | T9: 2. Station Wagon | U9: 3. Pickups | V9: 4. Minibus, matatu | W9: 5. Medium bus | X9: 6. Large Bus | Y9: 7. Light Truck | Z9: 8. Medium Truck | AA9: 9. Heavy truck | AB9: 10. Truck Trailer | AC9: 11. Motorcycles | AD9: 12. Tractors, Graders | AE9: Total Excl M/ Cycles | AF9: Total All
B10: 07.00 - 07.15 | C10: 10 | D10: 0 | E10: 4 | F10: 9 | G10: 0 | H10: 0 | I10: 5 | J10: 0 | K10: 3 | L10: 2 | M10: 25 | N10: 0 | O10: =SUM(C10:L10,N10) -> 33 | P10: =SUM(C10:N10) -> 58 | R10: 0700-0800 | S10: =SUM(C10:C13) -> 49 | T10: =SUM(D10:D13) -> 15 | U10: =SUM(E10:E13) -> 5 | V10: =SUM(F10:F13) -> 84 | W10: =SUM(G10:G13) -> 1 | X10: =SUM(H10:H13) -> 1 | Y10: =SUM(I10:I13) -> 37 | Z10: =SUM(J10:J13) -> 5 | ... AF10: =SUM(P10:P13) -> 797
B11: 07.15 - 07.30 | C11: 11 | D11: 2 | E11: 1 | F11: 24 | G11: 1 | H11: 0 | I11: 3 | J11: 2 | K11: 0 | L11: 1 | M11: 152 | N11: 0 | O11: =SUM(C11:L11,N11) -> 45 | P11: =SUM(C11:N11) -> 197 | R11: 0800-0900 | S11: =SUM(C14:C17) -> 36 | T11: =SUM(D14:D17) -> 63 | U11: =SUM(E14:E17) -> 13 | V11: =SUM(F14:F17) -> 160 | W11: =SUM(G14:G17) -> 4 | X11: =SUM(H14:H17) -> 3 | Y11: =SUM(I14:I17) -> 28 | Z11: =SUM(J14:J17) -> 6 | ... AF11: =SUM(P14:P17) -> 1127
B12: 07.30 - 07.45 | C12: 13 | D12: 3 | E12: 0 | F12: 27 | G12: 0 | H12: 1 | I12: 16 | J12: 3 | K12: 1 | L12: 1 | M12: 185 | N12: 0 | O12: =SUM(C12:L12,N12) -> 65 | P12: =SUM(C12:N12) -> 250 | R12: 0900-1000 | S12: =SUM(C18:C21) -> 59 | T12: =SUM(D18:D21) -> 36 | U12: =SUM(E18:E21) -> 11 | V12: =SUM(F18:F21) -> 215 | W12: =SUM(G18:G21) -> 1 | X12: =SUM(H18:H21) -> 0 | Y12: =SUM(I18:I21) -> 62 | Z12: =SUM(J18:J21) -> 17 | ... AF12: =SUM(P18:P21) -> 1142
B13: 07.45 - 08.00 | C13: 15 | D13: 10 | E13: 0 | F13: 24 | G13: 0 | H13: 0 | I13: 13 | J13: 0 | K13: 0 | L13: 0 | M13: 230 | N13: 0 | O13: =SUM(C13:L13,N13) -> 62 | P13: =SUM(C13:N13) -> 292 | R13: 1000-1100 | S13: =SUM(C22:C25) -> 45 | T13: =SUM(D22:D25) -> 38 | U13: =SUM(E22:E25) -> 25 | V13: =SUM(F22:F25) -> 130 | W13: =SUM(G22:G25) -> 2 | X13: =SUM(H22:H25) -> 0 | Y13: =SUM(I22:I25) -> 44 | Z13: =SUM(J22:J25) -> 36 | ... AF13: =SUM(P22:P25) -> 1153
B14: 08.00 - 08.15 | C14: 20 | D14: 17 | E14: 2 | F14: 30 | G14: 1 | H14: 1 | I14: 9 | J14: 3 | K14: 0 | L14: 0 | M14: 170 | N14: 0 | O14: =SUM(C14:L14,N14) -> 83 | P14: =SUM(C14:N14) -> 253 | R14: 1100-1200 | S14: =SUM(C26:C29) -> 132 | T14: =SUM(D26:D29) -> 82 | U14: =SUM(E26:E29) -> 19 | V14: =SUM(F26:F29) -> 209 | W14: =SUM(G26:G29) -> 5 | X14: =SUM(H26:H29) -> 0 | Y14: =SUM(I26:I29) -> 81 | Z14: =SUM(J26:J29) -> 32 | ... AF14: =SUM(P26:P29) -> 1400
B15: 08.15 - 08.30 | C15: 11 | D15: 20 | E15: 5 | F15: 40 | G15: 0 | H15: 1 | I15: 9 | J15: 1 | K15: 3 | L15: 2 | M15: 188 | N15: 0 | O15: =SUM(C15:L15,N15) -> 92 | P15: =SUM(C15:N15) -> 280 | R15: 1200-1300 | S15: =SUM(C30:C33) -> 129 | T15: =SUM(D30:D33) -> 24 | U15: =SUM(E30:E33) -> 12 | V15: =SUM(F30:F33) -> 100 | W15: =SUM(G30:G33) -> 0 | X15: =SUM(H30:H33) -> 0 | Y15: =SUM(I30:I33) -> 57 | Z15: =SUM(J30:J33) -> 24 | ... AF15: =SUM(P30:P33) -> 973
B16: 08.30 - 08.45 | C16: 3 | D16: 7 | E16: 0 | F16: 20 | G16: 0 | H16: 1 | I16: 5 | J16: 0 | K16: 0 | L16: 0 | M16: 195 | N16: 0 | O16: =SUM(C16:L16,N16) -> 36 | P16: =SUM(C16:N16) -> 231 | R16: 1300-1400 | S16: =SUM(C34:C37) -> 162 | T16: =SUM(D34:D37) -> 29 | U16: =SUM(E34:E37) -> 17 | V16: =SUM(F34:F37) -> 135 | W16: =SUM(G34:G37) -> 2 | X16: =SUM(H34:H37) -> 0 | Y16: =SUM(I34:I37) -> 97 | Z16: =SUM(J34:J37) -> 25 | ... AF16: =SUM(P34:P37) -> 939
B17: 08.45 - 9.00 | C17: 2 | D17: 19 | E17: 6 | F17: 70 | G17: 3 | H17: 0 | I17: 5 | J17: 2 | K17: 0 | L17: 0 | M17: 256 | N17: 0 | O17: =SUM(C17:L17,N17) -> 107 | P17: =SUM(C17:N17) -> 363 | R17: 1400-1500 | S17: =SUM(C38:C41) -> 85 | T17: =SUM(D38:D41) -> 22 | U17: =SUM(E38:E41) -> 24 | V17: =SUM(F38:F41) -> 112 | W17: =SUM(G38:G41) -> 7 | X17: =SUM(H38:H41) -> 0 | Y17: =SUM(I38:I41) -> 57 | Z17: =SUM(J38:J41) -> 22 | ... AF17: =SUM(P38:P41) -> 939
B18: 09.00 - 09.15 | C18: 3 | D18: 9 | E18: 3 | F18: 32 | G18: 1 | H18: 0 | I18: 9 | J18: 3 | K18: 0 | L18: 0 | M18: 170 | N18: 0 | O18: =SUM(C18:L18,N18) -> 60 | P18: =SUM(C18:N18) -> 230 | R18: 1500-1600 | S18: =SUM(C42:C45) -> 95 | T18: =SUM(D42:D45) -> 27 | U18: =SUM(E42:E45) -> 25 | V18: =SUM(F42:F45) -> 108 | W18: =SUM(G42:G45) -> 1 | X18: =SUM(H42:H45) -> 3 | Y18: =SUM(I42:I45) -> 63 | Z18: =SUM(J42:J45) -> 29 | ... AF18: =SUM(P42:P45) -> 990
B19: 09.15 - 09.30 | C19: 10 | D19: 6 | E19: 4 | F19: 60 | G19: 0 | H19: 0 | I19: 5 | J19: 0 | K19: 2 | L19: 1 | M19: 205 | N19: 0 | O19: =SUM(C19:L19,N19) -> 88 | P19: =SUM(C19:N19) -> 293 | R19: 1600-1700 | S19: =SUM(C46:C49) -> 106 | T19: =SUM(D46:D49) -> 23 | U19: =SUM(E46:E49) -> 31 | V19: =SUM(F46:F49) -> 95 | W19: =SUM(G46:G49) -> 0 | X19: =SUM(H46:H49) -> 0 | Y19: =SUM(I46:I49) -> 55 | Z19: =SUM(J46:J49) -> 59 | ... AF19: =SUM(P46:P49) -> 1126
B20: 09.30 - 09.45 | C20: 43 | D20: 13 | E20: 0 | F20: 90 | G20: 0 | H20: 0 | I20: 41 | J20: 5 | K20: 2 | L20: 1 | M20: 170 | N20: 0 | O20: =SUM(C20:L20,N20) -> 195 | P20: =SUM(C20:N20) -> 365 | R20: 1700-1800 | S20: =SUM(C50:C53) -> 84 | T20: =SUM(D50:D53) -> 21 | U20: =SUM(E50:E53) -> 24 | V20: =SUM(F50:F53) -> 121 | W20: =SUM(G50:G53) -> 0 | X20: =SUM(H50:H53) -> 0 | Y20: =SUM(I50:I53) -> 48 | Z20: =SUM(J50:J53) -> 39 | ... AF20: =SUM(P50:P53) -> 1141
B21: 09.45 - 10.00 | C21: 3 | D21: 8 | E21: 4 | F21: 33 | G21: 0 | H21: 0 | I21: 7 | J21: 9 | K21: 2 | L21: 0 | M21: 188 | N21: 0 | O21: =SUM(C21:L21,N21) -> 66 | P21: =SUM(C21:N21) -> 254 | R21: 1800-1900 | S21: =SUM(C54:C57) -> 135 | T21: =SUM(D54:D57) -> 44 | U21: =SUM(E54:E57) -> 25 | V21: =SUM(F54:F57) -> 144 | W21: =SUM(G54:G57) -> 1 | X21: =SUM(H54:H57) -> 1 | Y21: =SUM(I54:I57) -> 58 | Z21: =SUM(J54:J57) -> 45 | ... AF21: =SUM(P54:P57) -> 1356
B22: 10.00 - 10.15 | C22: 7 | D22: 11 | E22: 8 | F22: 31 | G22: 1 | H22: 0 | I22: 8 | J22: 3 | K22: 0 | L22: 0 | M22: 210 | N22: 1 | O22: =SUM(C22:L22,N22) -> 70 | P22: =SUM(C22:N22) -> 280 | R22: AM Peak Hr | S22: =MAX(S10:S12) -> 59 | T22: =MAX(T10:T12) -> 63 | U22: =MAX(U10:U12) -> 13 | V22: =MAX(V10:V12) -> 215 | W22: =MAX(W10:W12) -> 4 | X22: =MAX(X10:X12) -> 3 | Y22: =MAX(Y10:Y12) -> 62 | Z22: =MAX(Z10:Z12) -> 17 | ... AF22: =MAX(AF10:AF12) -> 1142
B23: 10.15 - 10.30 | C23: 9 | D23: 11 | E23: 12 | F23: 17 | G23: 0 | H23: 0 | I23: 14 | J23: 11 | K23: 1 | L23: 6 | M23: 153 | N23: 0 | O23: =SUM(C23:L23,N23) -> 81 | P23: =SUM(C23:N23) -> 234 | R23: IP Peak Hr | S23: =MAX(S13:S18) -> 162 | T23: =MAX(T13:T18) -> 82 | U23: =MAX(U13:U18) -> 25 | V23: =MAX(V13:V18) -> 209 | W23: =MAX(W13:W18) -> 7 | X23: =MAX(X13:X18) -> 3 | Y23: =MAX(Y13:Y18) -> 97 | Z23: =MAX(Z13:Z18) -> 36 | ... AF23: =MAX(AF13:AF18) -> 1400
B24: 10.30 - 10.45 | C24: 11 | D24: 10 | E24: 2 | F24: 33 | G24: 1 | H24: 0 | I24: 10 | J24: 9 | K24: 1 | L24: 5 | M24: 175 | N24: 1 | O24: =SUM(C24:L24,N24) -> 83 | P24: =SUM(C24:N24) -> 258 | R24: PM Peak Hr | S24: =MAX(S19:S21) -> 135 | T24: =MAX(T19:T21) -> 44 | U24: =MAX(U19:U21) -> 31 | V24: =MAX(V19:V21) -> 144 | W24: =MAX(W19:W21) -> 1 | X24: =MAX(X19:X21) -> 1 | Y24: =MAX(Y19:Y21) -> 58 | Z24: =MAX(Z19:Z21) -> 59 | ... AF24: =MAX(AF19:AF21) -> 1356
B25: 10.45 - 11.00 | C25: 18 | D25: 6 | E25: 3 | F25: 49 | G25: 0 | H25: 0 | I25: 12 | J25: 13 | K25: 4 | L25: 1 | M25: 275 | N25: 0 | O25: =SUM(C25:L25,N25) -> 106 | P25: =SUM(C25:N25) -> 381 | R25: AM Period | S25: =SUM(S10:S12) -> 144 | T25: =SUM(T10:T12) -> 114 | U25: =SUM(U10:U12) -> 29 | V25: =SUM(V10:V12) -> 459 | W25: =SUM(W10:W12) -> 6 | X25: =SUM(X10:X12) -> 4 | Y25: =SUM(Y10:Y12) -> 127 | Z25: =SUM(Z10:Z12) -> 28 | ... AF25: =SUM(AF10:AF12) -> 3066
B26: 11.00 - 11.15 | C26: 30 | D26: 45 | E26: 4 | F26: 70 | G26: 2 | H26: 0 | I26: 22 | J26: 5 | K26: 3 | L26: 3 | M26: 220 | N26: 0 | O26: =SUM(C26:L26,N26) -> 184 | P26: =SUM(C26:N26) -> 404 | R26: IP Period | S26: =SUM(S13:S18) -> 648 | T26: =SUM(T13:T18) -> 222 | U26: =SUM(U13:U18) -> 122 | V26: =SUM(V13:V18) -> 794 | W26: =SUM(W13:W18) -> 17 | X26: =SUM(X13:X18) -> 3 | Y26: =SUM(Y13:Y18) -> 399 | Z26: =SUM(Z13:Z18) -> 168 | ... AF26: =SUM(AF13:AF18) -> 6394
B27: 11.15 - 11.30 | C27: 19 | D27: 8 | E27: 4 | F27: 41 | G27: 1 | H27: 0 | I27: 36 | J27: 12 | K27: 2 | L27: 2 | M27: 190 | N27: 0 | O27: =SUM(C27:L27,N27) -> 125 | P27: =SUM(C27:N27) -> 315 | R27: PM Period | S27: =SUM(S19:S21) -> 325 | T27: =SUM(T19:T21) -> 88 | U27: =SUM(U19:U21) -> 80 | V27: =SUM(V19:V21) -> 360 | W27: =SUM(W19:W21) -> 1 | X27: =SUM(X19:X21) -> 1 | Y27: =SUM(Y19:Y21) -> 161 | Z27: =SUM(Z19:Z21) -> 143 | ... AF27: =SUM(AF19:AF21) -> 3623
B28: 11.30 - 11.45 | C28: 42 | D28: 12 | E28: 2 | F28: 50 | G28: 2 | H28: 0 | I28: 13 | J28: 11 | K28: 1 | L28: 2 | M28: 115 | N28: 0 | O28: =SUM(C28:L28,N28) -> 135 | P28: =SUM(C28:N28) -> 250 | R28: 12 Hours | S28: =SUM(S10:S21) -> 1117 | T28: =SUM(T10:T21) -> 424 | U28: =SUM(U10:U21) -> 231 | V28: =SUM(V10:V21) -> 1613 | W28: =SUM(W10:W21) -> 24 | X28: =SUM(X10:X21) -> 8 | Y28: =SUM(Y10:Y21) -> 687 | Z28: =SUM(Z10:Z21) -> 339 | ... AF28: =SUM(AF10:AF21) -> 13083
B29: 11.45 - 12.00 | C29: 41 | D29: 17 | E29: 9 | F29: 48 | G29: 0 | H29: 0 | I29: 10 | J29: 4 | K29: 2 | L29: 5 | M29: 295 | N29: 0 | O29: =SUM(C29:L29,N29) -> 136 | P29: =SUM(C29:N29) -> 431
B30: 12.00 - 12.15 | C30: 4 | D30: 1 | E30: 0 | F30: 23 | G30: 0 | H30: 0 | I30: 16 | J30: 5 | K30: 2 | L30: 3 | M30: 105 | N30: 0 | O30: =SUM(C30:L30,N30) -> 54 | P30: =SUM(C30:N30) -> 159
B31: 12.15 - 12.30 | C31: 16 | D31: 4 | E31: 0 | F31: 15 | G31: 0 | H31: 0 | I31: 9 | J31: 5 | K31: 3 | L31: 3 | M31: 165 | N31: 0 | O31: =SUM(C31:L31,N31) -> 55 | P31: =SUM(C31:N31) -> 220
B32: 12.30 - 12.45 | C32: 96 | D32: 16 | E32: 5 | F32: 37 | G32: 0 | H32: 0 | I32: 24 | J32: 11 | K32: 1 | L32: 3 | M32: 180 | N32: 0 | O32: =SUM(C32:L32,N32) -> 193 | P32: =SUM(C32:N32) -> 373
B33: 12.45 - 13.00 | C33: 13 | D33: 3 | E33: 7 | F33: 25 | G33: 0 | H33: 0 | I33: 8 | J33: 3 | K33: 7 | L33: 8 | M33: 147 | N33: 0 | O33: =SUM(C33:L33,N33) -> 74 | P33: =SUM(C33:N33) -> 221
B34: 13.00 - 13.15 | C34: 29 | D34: 3 | E34: 5 | F34: 49 | G34: 2 | H34: 0 | I34: 37 | J34: 9 | K34: 5 | L34: 4 | M34: 120 | N34: 0 | O34: =SUM(C34:L34,N34) -> 143 | P34: =SUM(C34:N34) -> 263
B35: 13.15 - 13.30 | C35: 28 | D35: 15 | E35: 1 | F35: 15 | G35: 0 | H35: 0 | I35: 13 | J35: 8 | K35: 0 | L35: 2 | M35: 165 | N35: 0 | O35: =SUM(C35:L35,N35) -> 82 | P35: =SUM(C35:N35) -> 247
B36: 13.30 - 13.45 | C36: 85 | D36: 11 | E36: 5 | F36: 53 | G36: 0 | H36: 0 | I36: 24 | J36: 4 | K36: 0 | L36: 4 | M36: 17 | N36: 0 | O36: =SUM(C36:L36,N36) -> 186 | P36: =SUM(C36:N36) -> 203
B37: 13.45 - 14.00 | C37: 20 | D37: 0 | E37: 6 | F37: 18 | G37: 0 | H37: 0 | I37: 23 | J37: 4 | K37: 0 | L37: 0 | M37: 155 | N37: 0 | O37: =SUM(C37:L37,N37) -> 71 | P37: =SUM(C37:N37) -> 226
B38: 14.00 - 14.15 | C38: 18 | D38: 0 | E38: 4 | F38: 20 | G38: 0 | H38: 0 | I38: 14 | J38: 4 | K38: 3 | L38: 2 | M38: 165 | N38: 0 | O38: =SUM(C38:L38,N38) -> 65 | P38: =SUM(C38:N38) -> 230
B39: 14.15 - 14.30 | C39: 40 | D39: 16 | E39: 6 | F39: 23 | G39: 2 | H39: 0 | I39: 24 | J39: 9 | K39: 0 | L39: 0 | M39: 173 | O39: =SUM(C39:L39,N39) -> 120 | P39: =SUM(C39:N39) -> 293
B40: 14.30 - 14.45 | C40: 19 | D40: 2 | E40: 3 | F40: 29 | G40: 5 | H40: 0 | I40: 10 | J40: 8 | K40: 4 | L40: 2 | M40: 135 | N40: 0 | O40: =SUM(C40:L40,N40) -> 82 | P40: =SUM(C40:N40) -> 217
B41: 14.45-15.00 | C41: 8 | D41: 4 | E41: 11 | F41: 40 | G41: 0 | H41: 0 | I41: 9 | J41: 1 | K41: 4 | L41: 2 | M41: 120 | N41: 0 | O41: =SUM(C41:L41,N41) -> 79 | P41: =SUM(C41:N41) -> 199
B42: 15.00 - 15.15 | C42: 20 | D42: 3 | E42: 7 | F42: 28 | G42: 0 | H42: 2 | I42: 4 | J42: 10 | K42: 1 | L42: 4 | M42: 158 | N42: 0 | O42: =SUM(C42:L42,N42) -> 79 | P42: =SUM(C42:N42) -> 237
B43: 15.15 - 15.30 | C43: 17 | D43: 12 | E43: 5 | F43: 23 | G43: 0 | H43: 1 | I43: 18 | J43: 12 | K43: 1 | L43: 2 | M43: 137 | N43: 0 | O43: =SUM(C43:L43,N43) -> 91 | P43: =SUM(C43:N43) -> 228
B44: 15.30 - 15.45 | C44: 26 | D44: 10 | E44: 8 | F44: 37 | G44: 1 | H44: 0 | I44: 25 | J44: 0 | K44: 0 | L44: 2 | M44: 185 | N44: 0 | O44: =SUM(C44:L44,N44) -> 109 | P44: =SUM(C44:N44) -> 294
B45: 15.45 - 16.00 | C45: 32 | D45: 2 | E45: 5 | F45: 20 | G45: 0 | H45: 0 | I45: 16 | J45: 7 | K45: 0 | L45: 6 | M45: 143 | N45: 0 | O45: =SUM(C45:L45,N45) -> 88 | P45: =SUM(C45:N45) -> 231
B46: 16.00 - 16.15 | C46: 29 | D46: 8 | E46: 5 | F46: 30 | G46: 0 | H46: 0 | I46: 25 | J46: 11 | K46: 2 | L46: 0 | M46: 172 | N46: 0 | O46: =SUM(C46:L46,N46) -> 110 | P46: =SUM(C46:N46) -> 282
B47: 16.15 -16.30 | C47: 28 | D47: 9 | E47: 3 | F47: 22 | G47: 0 | H47: 0 | I47: 10 | J47: 20 | K47: 0 | L47: 4 | M47: 178 | N47: 0 | O47: =SUM(C47:L47,N47) -> 96 | P47: =SUM(C47:N47) -> 274
B48: 16.30 -16.45 | C48: 33 | D48: 2 | E48: 12 | F48: 17 | G48: 0 | H48: 0 | I48: 16 | J48: 11 | K48: 1 | L48: 0 | M48: 200 | N48: 0 | O48: =SUM(C48:L48,N48) -> 92 | P48: =SUM(C48:N48) -> 292
B49: 16.45 -17.00 | C49: 16 | D49: 4 | E49: 11 | F49: 26 | G49: 0 | H49: 0 | I49: 4 | J49: 17 | K49: 2 | L49: 0 | M49: 198 | N49: 0 | O49: =SUM(C49:L49,N49) -> 80 | P49: =SUM(C49:N49) -> 278
B50: 17.00 -17.15 | C50: 21 | D50: 3 | E50: 7 | F50: 41 | G50: 0 | H50: 0 | I50: 18 | J50: 17 | K50: 1 | L50: 2 | M50: 160 | N50: 0 | O50: =SUM(C50:L50,N50) -> 110 | P50: =SUM(C50:N50) -> 270
B51: 17.15 -17.30 | C51: 17 | D51: 11 | E51: 4 | F51: 34 | G51: 0 | H51: 0 | I51: 7 | J51: 12 | K51: 0 | L51: 0 | M51: 174 | N51: 0 | O51: =SUM(C51:L51,N51) -> 85 | P51: =SUM(C51:N51) -> 259
... B57: 18.45 - 19.00 | C57: 16 | D57: 12 | E57: 9 | F57: 44 | G57: 0 | H57: 0 | I57: 8 | J57: 4 | K57: 18 | L57: 3 | M57: 265 | N57: 0 | O57: =SUM(C57:L57,N57) -> 114 | P57: =SUM(C57:N57) -> 379
B58: Totals | C58: =SUM(C10:C57) -> 1117 | D58: =SUM(D10:D57) -> 424 | E58: =SUM(E10:E57) -> 231 | F58: =SUM(F10:F57) -> 1613 | G58: =SUM(G10:G57) -> 24 | H58: =SUM(H10:H57) -> 8 | I58: =SUM(I10:I57) -> 687 | J58: =SUM(J10:J57) -> 339 | ... P58: =SUM(P10:P57) -> 13083
B59: %ges + MCs | C59: =C58/$P$58 -> 0.085377971 | D59: =D58/$P$58 -> 0.032408469 | E59: =E58/$P$58 -> 0.017656501 | F59: =F58/$P$58 -> 0.12328977 | G59: =G58/$P$58 -> 0.0018344416 | H59: =H58/$P$58 -> 0.00061148055 | I59: =I58/$P$58 -> 0.052510892 | J59: =J58/$P$58 -> 0.025911488 | ... N59: =N58/$P$58 -> 0.00015287014
B60: %ges w/o MCs | C60: =C58/$O$58 -> 0.24094047 | D60: =D58/$O$58 -> 0.091458154 | E60: =E58/$O$58 -> 0.049827437 | F60: =F58/$O$58 -> 0.34792925 | G60: =G58/$O$58 -> 0.0051768766 | H60: =H58/$O$58 -> 0.0017256255 | I60: =I58/$O$58 -> 0.14818809 | J60: =J58/$O$58 -> 0.073123382 | ... L60: =L58/$O$58 -> 0.021786022 | N60: =N58/$O$58 -> 0.00043140638

Sheet 23.07 Ndeeba-Nateete
B1: Consultancy services for Preparation of Expressway Development Master Plan (EDMP) for Uganda
B2: MANUAL CLASSIFIED COUNT (MCC)
B3: ROAD NAME: | C3: MCC-C1-STNO7-MASAKA ROAD
C5: Date | D5: ='23.07 Nateete-Ndeeba'!D5 -> 23.07.19 | F5: Location | G5: Rhino Funeral Services | J5: Surveyor | K5: Asibazuyo Jennifer
C6: Dir. From | D6: Ndeeba | F6: Dir. To | G6: Nateete | J6: Supervisor | K6: ='22.07 Nateete-Ndeeba'!K6:L6 -> Felix
B8: Time / Veh Type | R8: SUMMARY TRAFFIC VOLUMES
C9: 1. Car | D9: 2. Station Wagon | E9: 3. Pickups | F9: 4. Minibus, matatu | G9: 5. Medium bus | H9: 6. Large Bus | I9: 7. Light Truck | J9: 8. Medium Truck | K9: 9. Heavy truck | L9: 10. Truck Trailer | M9: 11. Motor cycles | N9: 12. Tractors | O9: Total Excl M/Cycles | P9: Total All | R9: Time | S9: 1. Car | T9: 2. Station Wagon | U9: 3. Pickups | V9: 4. Minibus, matatu | W9: 5. Medium bus | X9: 6. Large Bus | Y9: 7. Light Truck | Z9: 8. Medium Truck | AA9: 9. Heavy truck | AB9: 10. Truck Trailer | AC9: 11. Motorcycles | AD9: 12. Tractors, Graders | AE9: Total Excl M/ Cycles | AF9: Total All
B10: 07.00 - 07.15 | C10: 35 | D10: 7 | E10: 5 | F10: 22 | G10: 0 | H10: 0 | I10: 8 | J10: 2 | K10: 1 | L10: 1 | M10: 85 | N10: 0 | O10: =SUM(C10:L10,N10) -> 81 | P10: =SUM(C10:N10) -> 166 | R10: 0700-0800 | S10: =SUM(C10:C13) -> 173 | T10: =SUM(D10:D13) -> 25 | U10: =SUM(E10:E13) -> 15 | V10: =SUM(F10:F13) -> 111 | W10: =SUM(G10:G13) -> 0 | X10: =SUM(H10:H13) -> 0 | Y10: =SUM(I10:I13) -> 28 | Z10: =SUM(J10:J13) -> 34 | ... AF10: =SUM(P10:P13) -> 1416
B11: 07.15 - 07.30 | C11: 41 | D11: 7 | E11: 2 | F11: 23 | G11: 0 | H11: 0 | I11: 10 | J11: 9 | K11: 3 | L11: 0 | M11: 305 | N11: 0 | O11: =SUM(C11:L11,N11) -> 95 | P11: =SUM(C11:N11) -> 400 | R11: 0800-0900 | S11: =SUM(C14:C17) -> 164 | T11: =SUM(D14:D17) -> 17 | U11: =SUM(E14:E17) -> 23 | V11: =SUM(F14:F17) -> 160 | W11: =SUM(G14:G17) -> 1 | X11: =SUM(H14:H17) -> 1 | Y11: =SUM(I14:I17) -> 29 | Z11: =SUM(J14:J17) -> 48 | ... AF11: =SUM(P14:P17) -> 1368
B12: 07.30 - 07.45 | C12: 51 | D12: 7 | E12: 3 | F12: 27 | G12: 0 | H12: 0 | I12: 7 | J12: 16 | K12: 2 | L12: 0 | M12: 285 | N12: 0 | O12: =SUM(C12:L12,N12) -> 113 | P12: =SUM(C12:N12) -> 398 | R12: 0900-1000 | S12: =SUM(C18:C21) -> 153 | T12: =SUM(D18:D21) -> 32 | U12: =SUM(E18:E21) -> 15 | V12: =SUM(F18:F21) -> 160 | W12: =SUM(G18:G21) -> 2 | X12: =SUM(H18:H21) -> 0 | Y12: =SUM(I18:I21) -> 24 | Z12: =SUM(J18:J21) -> 39 | ... AF12: =SUM(P18:P21) -> 1427
B13: 07.45 - 08.00 | C13: 46 | D13: 4 | E13: 5 | F13: 39 | G13: 0 | H13: 0 | I13: 3 | J13: 7 | K13: 2 | L13: 1 | M13: 345 | N13: 0 | O13: =SUM(C13:L13,N13) -> 107 | P13: =SUM(C13:N13) -> 452 | R13: 1000-1100 | S13: =SUM(C22:C25) -> 212 | T13: =SUM(D22:D25) -> 19 | U13: =SUM(E22:E25) -> 22 | V13: =SUM(F22:F25) -> 132 | W13: =SUM(G22:G25) -> 1 | X13: =SUM(H22:H25) -> 0 | Y13: =SUM(I22:I25) -> 26 | Z13: =SUM(J22:J25) -> 37 | ... AF13: =SUM(P22:P25) -> 1374
B14: 08.00 - 08.15 | C14: 55 | D14: 4 | E14: 3 | F14: 40 | G14: 0 | H14: 1 | I14: 10 | J14: 17 | K14: 2 | L14: 0 | M14: 295 | N14: 0 | O14: =SUM(C14:L14,N14) -> 132 | P14: =SUM(C14:N14) -> 427 | R14: 1100-1200 | S14: =SUM(C26:C29) -> 156 | T14: =SUM(D26:D29) -> 24 | U14: =SUM(E26:E29) -> 16 | V14: =SUM(F26:F29) -> 133 | W14: =SUM(G26:G29) -> 4 | X14: =SUM(H26:H29) -> 1 | Y14: =SUM(I26:I29) -> 25 | Z14: =SUM(J26:J29) -> 54 | ... AF14: =SUM(P26:P29) -> 1434
B15: 08.15 - 08.30 | C15: 30 | D15: 1 | E15: 1 | F15: 30 | G15: 0 | H15: 0 | I15: 5 | J15: 4 | K15: 0 | L15: 1 | M15: 190 | N15: 0 | O15: =SUM(C15:L15,N15) -> 72 | P15: =SUM(C15:N15) -> 262 | R15: 1200-1300 | S15: =SUM(C30:C33) -> 177 | T15: =SUM(D30:D33) -> 25 | U15: =SUM(E30:E33) -> 16 | V15: =SUM(F30:F33) -> 138 | W15: =SUM(G30:G33) -> 0 | X15: =SUM(H30:H33) -> 0 | Y15: =SUM(I30:I33) -> 27 | Z15: =SUM(J30:J33) -> 51 | ... AF15: =SUM(P30:P33) -> 1231
B16: 08.30 - 08.45 | C16: 34 | D16: 5 | E16: 7 | F16: 50 | G16: 0 | H16: 0 | I16: 6 | J16: 9 | K16: 0 | L16: 0 | M16: 155 | N16: 0 | O16: =SUM(C16:L16,N16) -> 111 | P16: =SUM(C16:N16) -> 266 | R16: 1300-1400 | S16: =SUM(C34:C37) -> 110 | T16: =SUM(D34:D37) -> 25 | U16: =SUM(E34:E37) -> 10 | V16: =SUM(F34:F37) -> 137 | W16: =SUM(G34:G37) -> 1 | X16: =SUM(H34:H37) -> 0 | Y16: =SUM(I34:I37) -> 41 | Z16: =SUM(J34:J37) -> 31 | ... AF16: =SUM(P34:P37) -> 1154
B17: 08.45 - 9.00 | C17: 45 | D17: 7 | E17: 12 | F17: 40 | G17: 1 | H17: 0 | I17: 8 | J17: 18 | K17: 2 | L17: 0 | M17: 280 | N17: 0 | O17: =SUM(C17:L17,N17) -> 133 | P17: =SUM(C17:N17) -> 413 | R17: 1400-1500 | S17: =SUM(C38:C41) -> 173 | T17: =SUM(D38:D41) -> 22 | U17: =SUM(E38:E41) -> 14 | V17: =SUM(F38:F41) -> 124 | W17: =SUM(G38:G41) -> 1 | X17: =SUM(H38:H41) -> 0 | Y17: =SUM(I38:I41) -> 19 | Z17: =SUM(J38:J41) -> 39 | ... AF17: =SUM(P38:P41) -> 1238
B18: 09.00 - 09.15 | C18: 22 | D18: 3 | E18: 2 | F18: 44 | G18: 2 | H18: 0 | I18: 2 | J18: 4 | K18: 1 | L18: 0 | M18: 315 | N18: 0 | O18: =SUM(C18:L18,N18) -> 80 | P18: =SUM(C18:N18) -> 395 | R18: 1500-1600 | S18: =SUM(C42:C45) -> 185 | T18: =SUM(D42:D45) -> 20 | U18: =SUM(E42:E45) -> 15 | V18: =SUM(F42:F45) -> 127 | W18: =SUM(G42:G45) -> 0 | X18: =SUM(H42:H45) -> 0 | Y18: =SUM(I42:I45) -> 27 | Z18: =SUM(J42:J45) -> 50 | ... AF18: =SUM(P42:P45) -> 1241
B19: 09.15 - 09.30 | C19: 47 | D19: 11 | E19: 3 | F19: 44 | G19: 0 | H19: 0 | I19: 9 | J19: 10 | K19: 0 | L19: 0 | M19: 255 | N19: 0 | O19: =SUM(C19:L19,N19) -> 124 | P19: =SUM(C19:N19) -> 379 | R19: 1600-1700 | S19: =SUM(C46:C49) -> 179 | T19: =SUM(D46:D49) -> 24 | U19: =SUM(E46:E49) -> 17 | V19: =SUM(F46:F49) -> 141 | W19: =SUM(G46:G49) -> 5 | X19: =SUM(H46:H49) -> 0 | Y19: =SUM(I46:I49) -> 23 | Z19: =SUM(J46:J49) -> 48 | ... AF19: =SUM(P46:P49) -> 1087
B20: 09.30 - 09.45 | C20: 41 | D20: 8 | E20: 3 | F20: 36 | G20: 0 | H20: 0 | I20: 7 | J20: 11 | K20: 2 | L20: 0 | M20: 225 | N20: 0 | O20: =SUM(C20:L20,N20) -> 108 | P20: =SUM(C20:N20) -> 333 | R20: 1700-1800 | S20: =SUM(C50:C53) -> 165 | T20: =SUM(D50:D53) -> 19 | U20: =SUM(E50:E53) -> 17 | V20: =SUM(F50:F53) -> 138 | W20: =SUM(G50:G53) -> 4 | X20: =SUM(H50:H53) -> 3 | Y20: =SUM(I50:I53) -> 16 | Z20: =SUM(J50:J53) -> 57 | ... AF20: =SUM(P50:P53) -> 1173
B21: 09.45 - 10.00 | C21: 43 | D21: 10 | E21: 7 | F21: 36 | G21: 0 | H21: 0 | I21: 6 | J21: 14 | K21: 2 | L21: 2 | M21: 200 | N21: 0 | O21: =SUM(C21:L21,N21) -> 120 | P21: =SUM(C21:N21) -> 320 | R21: 1800-1900 | S21: =SUM(C54:C57) -> 111 | T21: =SUM(D54:D57) -> 42 | U21: =SUM(E54:E57) -> 19 | V21: =SUM(F54:F57) -> 98 | W21: =SUM(G54:G57) -> 36 | X21: =SUM(H54:H57) -> 3 | Y21: =SUM(I54:I57) -> 16 | Z21: =SUM(J54:J57) -> 41 | ... AF21: =SUM(P54:P57) -> 1329
B22: 10.00 - 10.15 | C22: 49 | D22: 6 | E22: 7 | F22: 34 | G22: 0 | H22: 0 | I22: 6 | J22: 9 | K22: 2 | L22: 0 | M22: 195 | N22: 0 | O22: =SUM(C22:L22,N22) -> 113 | P22: =SUM(C22:N22) -> 308 | R22: AM Peak Hr | S22: =MAX(S10:S12) -> 173 | T22: =MAX(T10:T12) -> 32 | U22: =MAX(U10:U12) -> 23 | V22: =MAX(V10:V12) -> 160 | W22: =MAX(W10:W12) -> 2 | X22: =MAX(X10:X12) -> 1 | Y22: =MAX(Y10:Y12) -> 29 | Z22: =MAX(Z10:Z12) -> 48 | ... AF22: =MAX(AF10:AF12) -> 1427
B23: 10.15 - 10.30 | C23: 41 | D23: 3 | E23: 0 | F23: 34 | G23: 0 | H23: 0 | I23: 7 | J23: 12 | K23: 0 | L23: 0 | M23: 245 | N23: 0 | O23: =SUM(C23:L23,N23) -> 97 | P23: =SUM(C23:N23) -> 342 | R23: IP Peak Hr | S23: =MAX(S13:S18) -> 212 | T23: =MAX(T13:T18) -> 25 | U23: =MAX(U13:U18) -> 22 | V23: =MAX(V13:V18) -> 138 | W23: =MAX(W13:W18) -> 4 | X23: =MAX(X13:X18) -> 1 | Y23: =MAX(Y13:Y18) -> 41 | Z23: =MAX(Z13:Z18) -> 54 | ... AF23: =MAX(AF13:AF18) -> 1434
B24: 10.30 - 10.45 | C24: 68 | D24: 7 | E24: 9 | F24: 27 | G24: 0 | H24: 0 | I24: 4 | J24: 8 | K24: 1 | L24: 0 | M24: 230 | N24: 0 | O24: =SUM(C24:L24,N24) -> 124 | P24: =SUM(C24:N24) -> 354 | R24: PM Peak Hr | S24: =MAX(S19:S21) -> 179 | T24: =MAX(T19:T21) -> 42 | U24: =MAX(U19:U21) -> 19 | V24: =MAX(V19:V21) -> 141 | W24: =MAX(W19:W21) -> 36 | X24: =MAX(X19:X21) -> 3 | Y24: =MAX(Y19:Y21) -> 23 | Z24: =MAX(Z19:Z21) -> 57 | ... AF24: =MAX(AF19:AF21) -> 1329
B25: 10.45 - 11.00 | C25: 54 | D25: 3 | E25: 6 | F25: 37 | G25: 1 | H25: 0 | I25: 9 | J25: 8 | K25: 7 | L25: 0 | M25: 245 | N25: 0 | O25: =SUM(C25:L25,N25) -> 125 | P25: =SUM(C25:N25) -> 370 | R25: AM Period | S25: =SUM(S10:S12) -> 490 | T25: =SUM(T10:T12) -> 74 | U25: =SUM(U10:U12) -> 53 | V25: =SUM(V10:V12) -> 431 | W25: =SUM(W10:W12) -> 3 | X25: =SUM(X10:X12) -> 1 | Y25: =SUM(Y10:Y12) -> 81 | Z25: =SUM(Z10:Z12) -> 121 | ... AF25: =SUM(AF10:AF12) -> 4211
B26: 11.00 - 11.15 | C26: 20 | D26: 4 | E26: 2 | F26: 28 | G26: 2 | H26: 1 | I26: 4 | J26: 8 | K26: 1 | L26: 0 | M26: 195 | N26: 0 | O26: =SUM(C26:L26,N26) -> 70 | P26: =SUM(C26:N26) -> 265 | R26: IP Period | S26: =SUM(S13:S18) -> 1013 | T26: =SUM(T13:T18) -> 135 | U26: =SUM(U13:U18) -> 93 | V26: =SUM(V13:V18) -> 791 | W26: =SUM(W13:W18) -> 7 | X26: =SUM(X13:X18) -> 1 | Y26: =SUM(Y13:Y18) -> 165 | Z26: =SUM(Z13:Z18) -> 262 | ... AF26: =SUM(AF13:AF18) -> 7672
B27: 11.15 - 11.30 | C27: 55 | D27: 5 | E27: 7 | F27: 29 | G27: 1 | H27: 0 | I27: 9 | J27: 25 | K27: 10 | L27: 0 | M27: 310 | N27: 0 | O27: =SUM(C27:L27,N27) -> 141 | P27: =SUM(C27:N27) -> 451 | R27: PM Period | S27: =SUM(S19:S21) -> 455 | T27: =SUM(T19:T21) -> 85 | U27: =SUM(U19:U21) -> 53 | V27: =SUM(V19:V21) -> 377 | W27: =SUM(W19:W21) -> 45 | X27: =SUM(X19:X21) -> 6 | Y27: =SUM(Y19:Y21) -> 55 | Z27: =SUM(Z19:Z21) -> 146 | ... AF27: =SUM(AF19:AF21) -> 3589
B28: 11.30 - 11.45 | C28: 52 | D28: 12 | E28: 5 | F28: 38 | G28: 1 | H28: 0 | I28: 7 | J28: 16 | K28: 0 | L28: 0 | M28: 250 | N28: 0 | O28: =SUM(C28:L28,N28) -> 131 | P28: =SUM(C28:N28) -> 381 | R28: 12 Hours | S28: =SUM(S10:S21) -> 1958 | T28: =SUM(T10:T21) -> 294 | U28: =SUM(U10:U21) -> 199 | V28: =SUM(V10:V21) -> 1599 | W28: =SUM(W10:W21) -> 55 | X28: =SUM(X10:X21) -> 8 | Y28: =SUM(Y10:Y21) -> 301 | Z28: =SUM(Z10:Z21) -> 529 | ... AF28: =SUM(AF10:AF21) -> 15472
B29: 11.45 - 12.00 | C29: 29 | D29: 3 | E29: 2 | F29: 38 | G29: 0 | H29: 0 | I29: 5 | J29: 5 | K29: 0 | L29: 0 | M29: 255 | N29: 0 | O29: =SUM(C29:L29,N29) -> 82 | P29: =SUM(C29:N29) -> 337
B30: 12.00 - 12.15 | C30: 49 | D30: 8 | E30: 3 | F30: 32 | G30: 0 | H30: 0 | I30: 9 | J30: 13 | K30: 3 | L30: 2 | M30: 165 | N30: 0 | O30: =SUM(C30:L30,N30) -> 119 | P30: =SUM(C30:N30) -> 284
B31: 12.15 - 12.30 | C31: 59 | D31: 5 | E31: 4 | F31: 35 | G31: 0 | H31: 0 | I31: 8 | J31: 13 | K31: 2 | L31: 0 | M31: 235 | N31: 0 | O31: =SUM(C31:L31,N31) -> 126 | P31: =SUM(C31:N31) -> 361
B32: 12.30 - 12.45 | C32: 37 | D32: 8 | E32: 3 | F32: 33 | G32: 0 | H32: 0 | I32: 7 | J32: 13 | K32: 3 | L32: 0 | M32: 235 | N32: 0 | O32: =SUM(C32:L32,N32) -> 104 | P32: =SUM(C32:N32) -> 339
B33: 12.45 - 13.00 | C33: 32 | D33: 4 | E33: 6 | F33: 38 | G33: 0 | H33: 0 | I33: 3 | J33: 12 | K33: 1 | L33: 1 | M33: 150 | N33: 0 | O33: =SUM(C33:L33,N33) -> 97 | P33: =SUM(C33:N33) -> 247
B34: 13.00 - 13.15 | C34: 30 | D34: 6 | E34: 1 | F34: 35 | G34: 1 | H34: 0 | I34: 2 | J34: 5 | K34: 7 | L34: 1 | M34: 225 | N34: 0 | O34: =SUM(C34:L34,N34) -> 88 | P34: =SUM(C34:N34) -> 313
B35: 13.15 - 13.30 | C35: 31 | D35: 6 | E35: 4 | F35: 32 | G35: 0 | H35: 0 | I35: 8 | J35: 10 | K35: 2 | L35: 2 | M35: 220 | N35: 0 | O35: =SUM(C35:L35,N35) -> 95 | P35: =SUM(C35:N35) -> 315
B36: 13.30 - 13.45 | C36: 21 | D36: 8 | E36: 2 | F36: 42 | G36: 0 | H36: 0 | I36: 26 | J36: 8 | K36: 0 | L36: 0 | M36: 220 | N36: 0 | O36: =SUM(C36:L36,N36) -> 107 | P36: =SUM(C36:N36) -> 327
B37: 13.45 - 14.00 | C37: 28 | D37: 5 | E37: 3 | F37: 28 | G37: 0 | H37: 0 | I37: 5 | J37: 8 | K37: 2 | L37: 0 | M37: 120 | N37: 0 | O37: =SUM(C37:L37,N37) -> 79 | P37: =SUM(C37:N37) -> 199
B38: 14.00 - 14.15 | C38: 32 | D38: 1 | E38: 2 | F38: 32 | G38: 0 | H38: 0 | I38: 4 | J38: 9 | K38: 3 | L38: 3 | M38: 170 | N38: 0 | O38: =SUM(C38:L38,N38) -> 86 | P38: =SUM(C38:N38) -> 256
B39: 14.15 - 14.30 | C39: 47 | D39: 7 | E39: 2 | F39: 26 | G39: 0 | H39: 0 | I39: 6 | J39: 12 | K39: 4 | L39: 1 | M39: 245 | N39: 0 | O39: =SUM(C39:L39,N39) -> 105 | P39: =SUM(C39:N39) -> 350
B40: 14.30 - 14.45 | C40: 46 | D40: 4 | E40: 5 | F40: 30 | G40: 1 | H40: 0 | I40: 6 | J40: 6 | K40: 7 | L40: 0 | M40: 200 | N40: 0 | O40: =SUM(C40:L40,N40) -> 105 | P40: =SUM(C40:N40) -> 305
... B57: 18.45 - 19.00 | C57: 0 | D57: 28 | E57: 6 | F57: 3 | G57: 33 | H57: 1 | I57: 3 | J57: 7 | K57: 2 | L57: 0 | M57: 225 | N57: 0 | O57: =SUM(C57:L57,N57) -> 83 | P57: =SUM(C57:N57) -> 308
B58: Totals | C58: =SUM(C10:C57) -> 1958 | D58: =SUM(D10:D57) -> 294 | E58: =SUM(E10:E57) -> 199 | F58: =SUM(F10:F57) -> 1599 | G58: =SUM(G10:G57) -> 55 | H58: =SUM(H10:H57) -> 8 | I58: =SUM(I10:I57) -> 301 | J58: =SUM(J10:J57) -> 529 | ... P58: =SUM(P10:P57) -> 15472
B59: %ges + MCs | C59: =C58/$P$58 -> 0.12655119 | D59: =D58/$P$58 -> 0.019002068 | E59: =E58/$P$58 -> 0.012861944 | F59: =F58/$P$58 -> 0.10334798 | G59: =G58/$P$58 -> 0.0035548087 | H59: =H58/$P$58 -> 0.00051706308 | I59: =I58/$P$58 -> 0.019454498 | J59: =J58/$P$58 -> 0.034190796 | ... N59: =N58/$P$58 -> 0
B60: %ges w/o MCs | C60: =C58/$O$58 -> 0.38566082 | D60: =D58/$O$58 -> 0.057908214 | E60: =E58/$O$58 -> 0.039196376 | F60: =F58/$O$58 -> 0.31494977 | G60: =G58/$O$58 -> 0.010833169 | H60: =H58/$O$58 -> 0.0015757337 | I60: =I58/$O$58 -> 0.059286981 | J60: =J58/$O$58 -> 0.10419539 | ... L60: =L58/$O$58 -> 0.0043332677 | N60: =N58/$O$58 -> 0

Sheet 24.07 Nateete-Ndeeba
B1: Consultancy services for Preparation of Expressway Development Master Plan (EDMP) for Uganda
B2: MANUAL CLASSIFIED COUNT (MCC)
B3: ROAD NAME: | C3: ='22.07 Nateete-Ndeeba'!C3:G3 -> MCC - C1 - STN07 - MASAKA ROAD
C5: Date | D5: 24.07.19 | F5: Location | G5: ='22.07 Nateete-Ndeeba'!G5:H5 -> Rhino Funeral Services | J5: Surveyor | K5: Ahimbisibwe Faith
C6: Dir. From | D6: ='22.07 Nateete-Ndeeba'!D6:E6 -> Nateete | F6: Dir. To | G6: ='22.07 Nateete-Ndeeba'!G6:H6 -> Ndeeba | J6: Supervisor | K6: ='22.07 Nateete-Ndeeba'!K6:L6 -> Felix
B8: Time / Veh Type | R8: SUMMARY TRAFFIC VOLUMES
C9: 1. Car | D9: 2. Station Wagon | E9: 3. Pickups | F9: 4. Minibus, matatu | G9: 5. Medium bus | H9: 6. Large Bus | I9: 7. Light Truck | J9: 8. Medium Truck | K9: 9. Heavy truck | L9: 10. Truck Trailer | M9: 11. Motor cycles | N9: 12. Tractors | O9: Total Excl M/Cycles | P9: Total All | R9: Time | S9: 1. Car | T9: 2. Station Wagon | U9: 3. Pickups | V9: 4. Minibus, matatu | W9: 5. Medium bus | X9: 6. Large Bus | Y9: 7. Light Truck | Z9: 8. Medium Truck | AA9: 9. Heavy truck | AB9: 10. Truck Trailer | AC9: 11. Motorcycles | AD9: 12. Tractors, Graders | AE9: Total Excl M/ Cycles | AF9: Total All
B10: 07.00 - 07.15 | C10: 38 | D10: 3 | E10: 2 | F10: 18 | G10: 0 | H10: 0 | I10: 13 | J10: 2 | K10: 1 | L10: 1 | M10: 65 | N10: 0 | O10: =SUM(C10:L10,N10) -> 78 | P10: =SUM(C10:N10) -> 143 | R10: 0700-0800 | S10: =SUM(C10:C13) -> 186 | T10: =SUM(D10:D13) -> 13 | U10: =SUM(E10:E13) -> 15 | V10: =SUM(F10:F13) -> 117 | W10: =SUM(G10:G13) -> 1 | X10: =SUM(H10:H13) -> 1 | Y10: =SUM(I10:I13) -> 34 | Z10: =SUM(J10:J13) -> 45 | ... AF10: =SUM(P10:P13) -> 835
B11: 07.15 - 07.30 | C11: 56 | D11: 3 | E11: 3 | F11: 31 | G11: 1 | H11: 1 | I11: 10 | J11: 15 | K11: 1 | L11: 2 | M11: 110 | N11: 0 | O11: =SUM(C11:L11,N11) -> 123 | P11: =SUM(C11:N11) -> 233 | R11: 0800-0900 | S11: =SUM(C14:C17) -> 238 | T11: =SUM(D14:D17) -> 15 | U11: =SUM(E14:E17) -> 8 | V11: =SUM(F14:F17) -> 227 | W11: =SUM(G14:G17) -> 4 | X11: =SUM(H14:H17) -> 3 | Y11: =SUM(I14:I17) -> 49 | Z11: =SUM(J14:J17) -> 79 | ... AF11: =SUM(P14:P17) -> 1366
B12: 07.30 - 07.45 | C12: 46 | D12: 5 | E12: 5 | F12: 28 | G12: 0 | H12: 0 | I12: 6 | J12: 13 | K12: 1 | L12: 0 | M12: 135 | N12: 0 | O12: =SUM(C12:L12,N12) -> 104 | P12: =SUM(C12:N12) -> 239 | R12: 0900-1000 | S12: =SUM(C18:C21) -> 197 | T12: =SUM(D18:D21) -> 27 | U12: =SUM(E18:E21) -> 21 | V12: =SUM(F18:F21) -> 139 | W12: =SUM(G18:G21) -> 2 | X12: =SUM(H18:H21) -> 1 | Y12: =SUM(I18:I21) -> 27 | Z12: =SUM(J18:J21) -> 68 | ... AF12: =SUM(P18:P21) -> 1209
B13: 07.45 - 08.00 | C13: 46 | D13: 2 | E13: 5 | F13: 40 | G13: 0 | H13: 0 | I13: 5 | J13: 15 | K13: 0 | L13: 2 | M13: 105 | N13: 0 | O13: =SUM(C13:L13,N13) -> 115 | P13: =SUM(C13:N13) -> 220 | R13: 1000-1100 | S13: =SUM(C22:C25) -> 205 | T13: =SUM(D22:D25) -> 19 | U13: =SUM(E22:E25) -> 22 | V13: =SUM(F22:F25) -> 134 | W13: =SUM(G22:G25) -> 2 | X13: =SUM(H22:H25) -> 2 | Y13: =SUM(I22:I25) -> 28 | Z13: =SUM(J22:J25) -> 67 | ... AF13: =SUM(P22:P25) -> 1269
B14: 08.00 - 08.15 | C14: 62 | D14: 4 | E14: 3 | F14: 27 | G14: 1 | H14: 0 | I14: 9 | J14: 17 | K14: 0 | L14: 3 | M14: 150 | N14: 0 | O14: =SUM(C14:L14,N14) -> 126 | P14: =SUM(C14:N14) -> 276 | R14: 1100-1200 | S14: =SUM(C26:C29) -> 204 | T14: =SUM(D26:D29) -> 25 | U14: =SUM(E26:E29) -> 15 | V14: =SUM(F26:F29) -> 127 | W14: =SUM(G26:G29) -> 3 | X14: =SUM(H26:H29) -> 2 | Y14: =SUM(I26:I29) -> 26 | Z14: =SUM(J26:J29) -> 70 | ... AF14: =SUM(P26:P29) -> 1229
B15: 08.15 - 08.30 | C15: 64 | D15: 1 | E15: 2 | F15: 36 | G15: 1 | H15: 2 | I15: 7 | J15: 15 | K15: 5 | L15: 0 | M15: 200 | N15: 0 | O15: =SUM(C15:L15,N15) -> 133 | P15: =SUM(C15:N15) -> 333 | R15: 1200-1300 | S15: =SUM(C30:C33) -> 220 | T15: =SUM(D30:D33) -> 22 | U15: =SUM(E30:E33) -> 14 | V15: =SUM(F30:F33) -> 147 | W15: =SUM(G30:G33) -> 5 | X15: =SUM(H30:H33) -> 0 | Y15: =SUM(I30:I33) -> 29 | Z15: =SUM(J30:J33) -> 82 | ... AF15: =SUM(P30:P33) -> 1359
B16: 08.30 - 08.45 | C16: 50 | D16: 0 | E16: 1 | F16: 120 | G16: 0 | H16: 1 | I16: 16 | J16: 22 | K16: 0 | L16: 0 | M16: 175 | N16: 0 | O16: =SUM(C16:L16,N16) -> 210 | P16: =SUM(C16:N16) -> 385 | R16: 1300-1400 | S16: =SUM(C34:C37) -> 172 | T16: =SUM(D34:D37) -> 22 | U16: =SUM(E34:E37) -> 15 | V16: =SUM(F34:F37) -> 100 | W16: =SUM(G34:G37) -> 0 | X16: =SUM(H34:H37) -> 0 | Y16: =SUM(I34:I37) -> 25 | Z16: =SUM(J34:J37) -> 57 | ... AF16: =SUM(P34:P37) -> 1164
B17: 08.45 - 9.00 | C17: 62 | D17: 10 | E17: 2 | F17: 44 | G17: 2 | H17: 0 | I17: 17 | J17: 25 | K17: 1 | L17: 23 | M17: 185 | N17: 1 | O17: =SUM(C17:L17,N17) -> 187 | P17: =SUM(C17:N17) -> 372 | R17: 1400-1500 | S17: =SUM(C38:C41) -> 171 | T17: =SUM(D38:D41) -> 21 | U17: =SUM(E38:E41) -> 13 | V17: =SUM(F38:F41) -> 108 | W17: =SUM(G38:G41) -> 2 | X17: =SUM(H38:H41) -> 1 | Y17: =SUM(I38:I41) -> 17 | Z17: =SUM(J38:J41) -> 55 | ... AF17: =SUM(P38:P41) -> 1167
B18: 09.00 - 09.15 | C18: 53 | D18: 7 | E18: 3 | F18: 28 | G18: 1 | H18: 1 | I18: 12 | J18: 20 | K18: 1 | L18: 1 | M18: 155 | N18: 0 | O18: =SUM(C18:L18,N18) -> 127 | P18: =SUM(C18:N18) -> 282 | R18: 1500-1600 | S18: =SUM(C42:C45) -> 163 | T18: =SUM(D42:D45) -> 18 | U18: =SUM(E42:E45) -> 13 | V18: =SUM(F42:F45) -> 122 | W18: =SUM(G42:G45) -> 1 | X18: =SUM(H42:H45) -> 0 | Y18: =SUM(I42:I45) -> 17 | Z18: =SUM(J42:J45) -> 41 | ... AF18: =SUM(P42:P45) -> 1166
B19: 09.15 - 09.30 | C19: 41 | D19: 3 | E19: 3 | F19: 41 | G19: 1 | H19: 0 | I19: 6 | J19: 9 | K19: 0 | L19: 0 | M19: 145 | N19: 0 | O19: =SUM(C19:L19,N19) -> 104 | P19: =SUM(C19:N19) -> 249 | R19: 1600-1700 | S19: =SUM(C46:C49) -> 189 | T19: =SUM(D46:D49) -> 22 | U19: =SUM(E46:E49) -> 24 | V19: =SUM(F46:F49) -> 109 | W19: =SUM(G46:G49) -> 2 | X19: =SUM(H46:H49) -> 0 | Y19: =SUM(I46:I49) -> 13 | Z19: =SUM(J46:J49) -> 58 | ... AF19: =SUM(P46:P49) -> 1136
B20: 09.30 - 09.45 | C20: 50 | D20: 11 | E20: 10 | F20: 36 | G20: 0 | H20: 0 | I20: 7 | J20: 14 | K20: 2 | L20: 0 | M20: 195 | N20: 0 | O20: =SUM(C20:L20,N20) -> 130 | P20: =SUM(C20:N20) -> 325 | R20: 1700-1800 | S20: =SUM(C50:C53) -> 170 | T20: =SUM(D50:D53) -> 12 | U20: =SUM(E50:E53) -> 7 | V20: =SUM(F50:F53) -> 132 | W20: =SUM(G50:G53) -> 0 | X20: =SUM(H50:H53) -> 3 | Y20: =SUM(I50:I53) -> 11 | Z20: =SUM(J50:J53) -> 50 | ... AF20: =SUM(P50:P53) -> 1065
B21: 09.45 - 10.00 | C21: 53 | D21: 6 | E21: 5 | F21: 34 | G21: 0 | H21: 0 | I21: 2 | J21: 25 | K21: 2 | L21: 1 | M21: 225 | N21: 0 | O21: =SUM(C21:L21,N21) -> 128 | P21: =SUM(C21:N21) -> 353 | R21: 1800-1900 | S21: =SUM(C54:C57) -> 156 | T21: =SUM(D54:D57) -> 19 | U21: =SUM(E54:E57) -> 11 | V21: =SUM(F54:F57) -> 168 | W21: =SUM(G54:G57) -> 7 | X21: =SUM(H54:H57) -> 4 | Y21: =SUM(I54:I57) -> 20 | Z21: =SUM(J54:J57) -> 50 | ... AF21: =SUM(P54:P57) -> 1080
B22: 10.00 - 10.15 | C22: 50 | D22: 2 | E22: 9 | F22: 31 | G22: 0 | H22: 0 | I22: 12 | J22: 18 | K22: 5 | L22: 0 | M22: 200 | N22: 0 | O22: =SUM(C22:L22,N22) -> 127 | P22: =SUM(C22:N22) -> 327 | R22: AM Peak Hr | S22: =MAX(S10:S12) -> 238 | T22: =MAX(T10:T12) -> 27 | U22: =MAX(U10:U12) -> 21 | V22: =MAX(V10:V12) -> 227 | W22: =MAX(W10:W12) -> 4 | X22: =MAX(X10:X12) -> 3 | Y22: =MAX(Y10:Y12) -> 49 | Z22: =MAX(Z10:Z12) -> 79 | ... AF22: =MAX(AF10:AF12) -> 1366
B23: 10.15 - 10.30 | C23: 57 | D23: 3 | E23: 6 | F23: 40 | G23: 1 | H23: 1 | I23: 10 | J23: 20 | K23: 2 | L23: 0 | M23: 170 | N23: 0 | O23: =SUM(C23:L23,N23) -> 140 | P23: =SUM(C23:N23) -> 310 | R23: IP Peak Hr | S23: =MAX(S13:S18) -> 220 | T23: =MAX(T13:T18) -> 25 | U23: =MAX(U13:U18) -> 22 | V23: =MAX(V13:V18) -> 147 | W23: =MAX(W13:W18) -> 5 | X23: =MAX(X13:X18) -> 2 | Y23: =MAX(Y13:Y18) -> 29 | Z23: =MAX(Z13:Z18) -> 82 | ... AF23: =MAX(AF13:AF18) -> 1359
B24: 10.30 - 10.45 | C24: 51 | D24: 7 | E24: 5 | F24: 31 | G24: 1 | H24: 0 | I24: 4 | J24: 9 | K24: 2 | L24: 2 | M24: 195 | N24: 0 | O24: =SUM(C24:L24,N24) -> 112 | P24: =SUM(C24:N24) -> 307 | R24: PM Peak Hr | S24: =MAX(S19:S21) -> 189 | T24: =MAX(T19:T21) -> 22 | U24: =MAX(U19:U21) -> 24 | V24: =MAX(V19:V21) -> 168 | W24: =MAX(W19:W21) -> 7 | X24: =MAX(X19:X21) -> 4 | Y24: =MAX(Y19:Y21) -> 20 | Z24: =MAX(Z19:Z21) -> 58 | ... AF24: =MAX(AF19:AF21) -> 1136
B25: 10.45 - 11.00 | C25: 47 | D25: 7 | E25: 2 | F25: 32 | G25: 0 | H25: 1 | I25: 2 | J25: 20 | K25: 1 | L25: 3 | M25: 210 | N25: 0 | O25: =SUM(C25:L25,N25) -> 115 | P25: =SUM(C25:N25) -> 325 | R25: AM Period | S25: =SUM(S10:S12) -> 621 | T25: =SUM(T10:T12) -> 55 | U25: =SUM(U10:U12) -> 44 | V25: =SUM(V10:V12) -> 483 | W25: =SUM(W10:W12) -> 7 | X25: =SUM(X10:X12) -> 5 | Y25: =SUM(Y10:Y12) -> 110 | Z25: =SUM(Z10:Z12) -> 192 | ... AF25: =SUM(AF10:AF12) -> 3410
B26: 11.00 - 11.15 | C26: 53 | D26: 4 | E26: 2 | F26: 33 | G26: 0 | H26: 0 | I26: 8 | J26: 20 | K26: 3 | L26: 4 | M26: 160 | N26: 0 | O26: =SUM(C26:L26,N26) -> 127 | P26: =SUM(C26:N26) -> 287 | R26: IP Period | S26: =SUM(S13:S18) -> 1135 | T26: =SUM(T13:T18) -> 127 | U26: =SUM(U13:U18) -> 92 | V26: =SUM(V13:V18) -> 738 | W26: =SUM(W13:W18) -> 13 | X26: =SUM(X13:X18) -> 5 | Y26: =SUM(Y13:Y18) -> 142 | Z26: =SUM(Z13:Z18) -> 372 | ... AF26: =SUM(AF13:AF18) -> 7354
B27: 11.15 - 11.30 | C27: 51 | D27: 3 | E27: 4 | F27: 36 | G27: 0 | H27: 0 | I27: 4 | J27: 15 | K27: 2 | L27: 1 | M27: 190 | N27: 0 | O27: =SUM(C27:L27,N27) -> 116 | P27: =SUM(C27:N27) -> 306 | R27: PM Period | S27: =SUM(S19:S21) -> 515 | T27: =SUM(T19:T21) -> 53 | U27: =SUM(U19:U21) -> 42 | V27: =SUM(V19:V21) -> 409 | W27: =SUM(W19:W21) -> 9 | X27: =SUM(X19:X21) -> 7 | Y27: =SUM(Y19:Y21) -> 44 | Z27: =SUM(Z19:Z21) -> 158 | ... AF27: =SUM(AF19:AF21) -> 3281
B28: 11.30 - 11.45 | C28: 59 | D28: 14 | E28: 6 | F28: 27 | G28: 0 | H28: 0 | I28: 4 | J28: 18 | K28: 2 | L28: 3 | M28: 175 | N28: 0 | O28: =SUM(C28:L28,N28) -> 133 | P28: =SUM(C28:N28) -> 308 | R28: 12 Hours | S28: =SUM(S10:S21) -> 2271 | T28: =SUM(T10:T21) -> 235 | U28: =SUM(U10:U21) -> 178 | V28: =SUM(V10:V21) -> 1630 | W28: =SUM(W10:W21) -> 29 | X28: =SUM(X10:X21) -> 17 | Y28: =SUM(Y10:Y21) -> 296 | Z28: =SUM(Z10:Z21) -> 722 | ... AF28: =SUM(AF10:AF21) -> 14045
B29: 11.45 - 12.00 | C29: 41 | D29: 4 | E29: 3 | F29: 31 | G29: 3 | H29: 2 | I29: 10 | J29: 17 | K29: 6 | L29: 1 | M29: 210 | N29: 0 | O29: =SUM(C29:L29,N29) -> 118 | P29: =SUM(C29:N29) -> 328
B30: 12.00 - 12.15 | C30: 77 | D30: 9 | E30: 4 | F30: 40 | G30: 0 | H30: 0 | I30: 8 | J30: 21 | K30: 2 | L30: 1 | M30: 225 | N30: 0 | O30: =SUM(C30:L30,N30) -> 162 | P30: =SUM(C30:N30) -> 387
B31: 12.15 - 12.30 | C31: 27 | D31: 3 | E31: 0 | F31: 29 | G31: 0 | H31: 0 | I31: 9 | J31: 24 | K31: 3 | L31: 0 | M31: 160 | N31: 0 | O31: =SUM(C31:L31,N31) -> 95 | P31: =SUM(C31:N31) -> 255
B32: 12.30 - 12.45 | C32: 57 | D32: 3 | E32: 4 | F32: 36 | G32: 1 | H32: 0 | I32: 4 | J32: 18 | K32: 3 | L32: 1 | M32: 260 | N32: 0 | O32: =SUM(C32:L32,N32) -> 127 | P32: =SUM(C32:N32) -> 387
B33: 12.45 - 13.00 | C33: 59 | D33: 7 | E33: 6 | F33: 42 | G33: 4 | H33: 0 | I33: 8 | J33: 19 | K33: 0 | L33: 0 | M33: 185 | N33: 0 | O33: =SUM(C33:L33,N33) -> 145 | P33: =SUM(C33:N33) -> 330
B34: 13.00 - 13.15 | C34: 36 | D34: 4 | E34: 3 | F34: 22 | G34: 0 | H34: 0 | I34: 5 | J34: 12 | K34: 1 | L34: 2 | M34: 200 | N34: 0 | O34: =SUM(C34:L34,N34) -> 85 | P34: =SUM(C34:N34) -> 285
B35: 13.15 - 13.30 | C35: 26 | D35: 5 | E35: 5 | F35: 20 | G35: 0 | H35: 0 | I35: 9 | J35: 15 | K35: 4 | L35: 1 | M35: 210 | N35: 0 | O35: =SUM(C35:L35,N35) -> 85 | P35: =SUM(C35:N35) -> 295
B36: 13.30 - 13.45 | C36: 51 | D36: 3 | E36: 1 | F36: 25 | G36: 0 | H36: 0 | I36: 5 | J36: 8 | K36: 6 | L36: 0 | M36: 170 | N36: 0 | O36: =SUM(C36:L36,N36) -> 99 | P36: =SUM(C36:N36) -> 269
B37: 13.45 - 14.00 | C37: 59 | D37: 10 | E37: 6 | F37: 33 | G37: 0 | H37: 0 | I37: 6 | J37: 22 | K37: 4 | L37: 0 | M37: 175 | N37: 0 | O37: =SUM(C37:L37,N37) -> 140 | P37: =SUM(C37:N37) -> 315
B38: 14.00 - 14.15 | C38: 44 | D38: 8 | E38: 1 | F38: 27 | G38: 1 | H38: 0 | I38: 5 | J38: 16 | K38: 6 | L38: 0 | M38: 185 | N38: 0 | O38: =SUM(C38:L38,N38) -> 108 | P38: =SUM(C38:N38) -> 293
B39: 14.15 - 14.30 | C39: 52 | D39: 5 | E39: 3 | F39: 34 | G39: 1 | H39: 0 | I39: 5 | J39: 15 | K39: 5 | L39: 0 | M39: 220 | N39: 0 | O39: =SUM(C39:L39,N39) -> 120 | P39: =SUM(C39:N39) -> 340
B40: 14.30 - 14.45 | C40: 47 | D40: 5 | E40: 8 | F40: 26 | G40: 0 | H40: 1 | I40: 6 | J40: 13 | K40: 1 | L40: 1 | M40: 200 | N40: 0 | O40: =SUM(C40:L40,N40) -> 108 | P40: =SUM(C40:N40) -> 308
... B57: 18.45 - 19.00 | C57: 44 | D57: 4 | E57: 4 | F57: 42 | G57: 1 | H57: 1 | I57: 5 | J57: 7 | K57: 1 | L57: 0 | M57: 200 | N57: 0 | O57: =SUM(C57:L57,N57) -> 109 | P57: =SUM(C57:N57) -> 309
B58: Totals | C58: =SUM(C10:C57) -> 2271 | D58: =SUM(D10:D57) -> 235 | E58: =SUM(E10:E57) -> 178 | F58: =SUM(F10:F57) -> 1630 | G58: =SUM(G10:G57) -> 29 | H58: =SUM(H10:H57) -> 17 | I58: =SUM(I10:I57) -> 296 | J58: =SUM(J10:J57) -> 722 | ... P58: =SUM(P10:P57) -> 14045
B59: %ges + MCs | C59: =C58/$P$58 -> 0.16169455 | D59: =D58/$P$58 -> 0.016731933 | E59: =E58/$P$58 -> 0.012673549 | F59: =F58/$P$58 -> 0.11605554 | G59: =G58/$P$58 -> 0.0020647917 | H59: =H58/$P$58 -> 0.0012103952 | I59: =I58/$P$58 -> 0.021075116 | J59: =J58/$P$58 -> 0.051406194 | ... N59: =N58/$P$58 -> 7.1199715e-05
B60: %ges w/o MCs | C60: =C58/$O$58 -> 0.40955816 | D60: =D58/$O$58 -> 0.042380523 | E60: =E58/$O$58 -> 0.032100992 | F60: =F58/$O$58 -> 0.29395852 | G60: =G58/$O$58 -> 0.0052299369 | H60: =H58/$O$58 -> 0.0030658251 | I60: =I58/$O$58 -> 0.053381425 | J60: =J58/$O$58 -> 0.13020739 | ... L60: =L58/$O$58 -> 0.010459874 | N60: =N58/$O$58 -> 0.00018034265

Sheet 24.07 Ndeeba-Nateete
B1: Consultancy services for Preparation of Expressway Development Master Plan (EDMP) for Uganda
B2: MANUAL CLASSIFIED COUNT (MCC)
B3: ROAD NAME: | C3: ='22.07 Ndeeba-Nateete'!C3:G3 -> MCC - C1 - STN07 - MASAKA ROAD
C5: Date | D5: ='24.07 Nateete-Ndeeba'!D5 -> 24.07.19 | F5: Location | G5: ='22.07 Nateete-Ndeeba'!G5:H5 -> Rhino Funeral Services | J5: Surveyor | K5: Asibazuyo Jennifer
C6: Dir. From | D6: ='22.07 Ndeeba-Nateete'!D6:E6 -> Ndeeba | F6: Dir. To | G6: ='22.07 Ndeeba-Nateete'!G6:H6 -> Nateete | J6: Supervisor | K6: ='22.07 Nateete-Ndeeba'!K6:L6 -> Felix
B8: Time / Veh Type | R8: SUMMARY TRAFFIC VOLUMES
C9: 1. Car | D9: 2. Station Wagon | E9: 3. Pickups | F9: 4. Minibus, matatu | G9: 5. Medium bus | H9: 6. Large Bus | I9: 7. Light Truck | J9: 8. Medium Truck | K9: 9. Heavy truck | L9: 10. Truck Trailer | M9: 11. Motor cycles | N9: 12. Tractors | O9: Total Excl M/Cycles | P9: Total All | R9: Time | S9: 1. Car | T9: 2. Station Wagon | U9: 3. Pickups | V9: 4. Minibus, matatu | W9: 5. Medium bus | X9: 6. Large Bus | Y9: 7. Light Truck | Z9: 8. Medium Truck | AA9: 9. Heavy truck | AB9: 10. Truck Trailer | AC9: 11. Motorcycles | AD9: 12. Tractors, Graders | AE9: Total Excl M/ Cycles | AF9: Total All
B10: 07.00 - 07.15 | C10: 12 | D10: 3 | E10: 3 | F10: 17 | G10: 1 | H10: 0 | I10: 4 | J10: 2 | K10: 0 | L10: 0 | M10: 82 | N10: 0 | O10: =SUM(C10:L10,N10) -> 42 | P10: =SUM(C10:N10) -> 124 | R10: 0700-0800 | S10: =SUM(C10:C13) -> 49 | T10: =SUM(D10:D13) -> 19 | U10: =SUM(E10:E13) -> 7 | V10: =SUM(F10:F13) -> 80 | W10: =SUM(G10:G13) -> 2 | X10: =SUM(H10:H13) -> 1 | Y10: =SUM(I10:I13) -> 24 | Z10: =SUM(J10:J13) -> 4 | ... AF10: =SUM(P10:P13) -> 664
B11: 07.15 - 07.30 | C11: 4 | D11: 3 | E11: 0 | F11: 17 | G11: 0 | H11: 0 | I11: 1 | J11: 1 | K11: 0 | L11: 0 | M11: 95 | N11: 0 | O11: =SUM(C11:L11,N11) -> 26 | P11: =SUM(C11:N11) -> 121 | R11: 0800-0900 | S11: =SUM(C14:C17) -> 76 | T11: =SUM(D14:D17) -> 24 | U11: =SUM(E14:E17) -> 7 | V11: =SUM(F14:F17) -> 141 | W11: =SUM(G14:G17) -> 6 | X11: =SUM(H14:H17) -> 0 | Y11: =SUM(I14:I17) -> 30 | Z11: =SUM(J14:J17) -> 13 | ... AF11: =SUM(P14:P17) -> 1169
B12: 07.30 - 07.45 | C12: 13 | D12: 5 | E12: 0 | F12: 18 | G12: 0 | H12: 1 | I12: 9 | J12: 0 | K12: 0 | L12: 1 | M12: 89 | N12: 0 | O12: =SUM(C12:L12,N12) -> 47 | P12: =SUM(C12:N12) -> 136 | R12: 0900-1000 | S12: =SUM(C18:C21) -> 140 | T12: =SUM(D18:D21) -> 59 | U12: =SUM(E18:E21) -> 13 | V12: =SUM(F18:F21) -> 268 | W12: =SUM(G18:G21) -> 18 | X12: =SUM(H18:H21) -> 1 | Y12: =SUM(I18:I21) -> 84 | Z12: =SUM(J18:J21) -> 14 | ... AF12: =SUM(P18:P21) -> 1444
B13: 07.45 - 08.00 | C13: 20 | D13: 8 | E13: 4 | F13: 28 | G13: 1 | H13: 0 | I13: 10 | J13: 1 | K13: 0 | L13: 1 | M13: 210 | N13: 0 | O13: =SUM(C13:L13,N13) -> 73 | P13: =SUM(C13:N13) -> 283 | R13: 1000-1100 | S13: =SUM(C22:C25) -> 97 | T13: =SUM(D22:D25) -> 42 | U13: =SUM(E22:E25) -> 21 | V13: =SUM(F22:F25) -> 183 | W13: =SUM(G22:G25) -> 7 | X13: =SUM(H22:H25) -> 6 | Y13: =SUM(I22:I25) -> 61 | Z13: =SUM(J22:J25) -> 26 | ... AF13: =SUM(P22:P25) -> 1197
B14: 08.00 - 08.15 | C14: 11 | D14: 10 | E14: 0 | F14: 36 | G14: 1 | H14: 0 | I14: 8 | J14: 4 | K14: 0 | L14: 0 | M14: 188 | N14: 0 | O14: =SUM(C14:L14,N14) -> 70 | P14: =SUM(C14:N14) -> 258 | R14: 1100-1200 | S14: =SUM(C26:C29) -> 96 | T14: =SUM(D26:D29) -> 32 | U14: =SUM(E26:E29) -> 17 | V14: =SUM(F26:F29) -> 158 | W14: =SUM(G26:G29) -> 1 | X14: =SUM(H26:H29) -> 2 | Y14: =SUM(I26:I29) -> 51 | Z14: =SUM(J26:J29) -> 15 | ... AF14: =SUM(P26:P29) -> 1015
B15: 08.15 - 08.30 | C15: 30 | D15: 6 | E15: 1 | F15: 31 | G15: 4 | H15: 0 | I15: 4 | J15: 3 | K15: 0 | L15: 1 | M15: 195 | N15: 0 | O15: =SUM(C15:L15,N15) -> 80 | P15: =SUM(C15:N15) -> 275 | R15: 1200-1300 | S15: =SUM(C30:C33) -> 115 | T15: =SUM(D30:D33) -> 52 | U15: =SUM(E30:E33) -> 17 | V15: =SUM(F30:F33) -> 155 | W15: =SUM(G30:G33) -> 2 | X15: =SUM(H30:H33) -> 0 | Y15: =SUM(I30:I33) -> 116 | Z15: =SUM(J30:J33) -> 33 | ... AF15: =SUM(P30:P33) -> 1284
B16: 08.30 - 08.45 | C16: 3 | D16: 0 | E16: 2 | F16: 29 | G16: 1 | H16: 0 | I16: 5 | J16: 2 | K16: 0 | L16: 0 | M16: 200 | N16: 0 | O16: =SUM(C16:L16,N16) -> 42 | P16: =SUM(C16:N16) -> 242 | R16: 1300-1400 | S16: =SUM(C34:C37) -> 83 | T16: =SUM(D34:D37) -> 25 | U16: =SUM(E34:E37) -> 19 | V16: =SUM(F34:F37) -> 160 | W16: =SUM(G34:G37) -> 0 | X16: =SUM(H34:H37) -> 0 | Y16: =SUM(I34:I37) -> 47 | Z16: =SUM(J34:J37) -> 20 | ... AF16: =SUM(P34:P37) -> 1019
B17: 08.45 - 9.00 | C17: 32 | D17: 8 | E17: 4 | F17: 45 | G17: 0 | H17: 0 | I17: 13 | J17: 4 | K17: 0 | L17: 0 | M17: 288 | N17: 0 | O17: =SUM(C17:L17,N17) -> 106 | P17: =SUM(C17:N17) -> 394 | R17: 1400-1500 | S17: =SUM(C38:C41) -> 108 | T17: =SUM(D38:D41) -> 36 | U17: =SUM(E38:E41) -> 8 | V17: =SUM(F38:F41) -> 128 | W17: =SUM(G38:G41) -> 2 | X17: =SUM(H38:H41) -> 0 | Y17: =SUM(I38:I41) -> 52 | Z17: =SUM(J38:J41) -> 34 | ... AF17: =SUM(P38:P41) -> 642
B18: 09.00 - 09.15 | C18: 34 | D18: 12 | E18: 6 | F18: 86 | G18: 0 | H18: 0 | I18: 20 | J18: 6 | K18: 0 | L18: 0 | M18: 230 | N18: 0 | O18: =SUM(C18:L18,N18) -> 164 | P18: =SUM(C18:N18) -> 394 | R18: 1500-1600 | S18: =SUM(C42:C45) -> 43 | T18: =SUM(D42:D45) -> 14 | U18: =SUM(E42:E45) -> 10 | V18: =SUM(F42:F45) -> 94 | W18: =SUM(G42:G45) -> 2 | X18: =SUM(H42:H45) -> 0 | Y18: =SUM(I42:I45) -> 42 | Z18: =SUM(J42:J45) -> 66 | ... AF18: =SUM(P42:P45) -> 919
B19: 09.15 - 09.30 | C19: 45 | D19: 11 | E19: 4 | F19: 68 | G19: 15 | H19: 0 | I19: 22 | J19: 2 | K19: 1 | L19: 0 | M19: 190 | N19: 0 | O19: =SUM(C19:L19,N19) -> 168 | P19: =SUM(C19:N19) -> 358 | R19: 1600-1700 | S19: =SUM(C46:C49) -> 126 | T19: =SUM(D46:D49) -> 45 | U19: =SUM(E46:E49) -> 17 | V19: =SUM(F46:F49) -> 132 | W19: =SUM(G46:G49) -> 5 | X19: =SUM(H46:H49) -> 5 | Y19: =SUM(I46:I49) -> 56 | Z19: =SUM(J46:J49) -> 28 | ... AF19: =SUM(P46:P49) -> 1010
B20: 09.30 - 09.45 | C20: 48 | D20: 17 | E20: 1 | F20: 60 | G20: 0 | H20: 1 | I20: 24 | J20: 4 | K20: 0 | L20: 1 | M20: 195 | N20: 0 | O20: =SUM(C20:L20,N20) -> 156 | P20: =SUM(C20:N20) -> 351 | R20: 1700-1800 | S20: =SUM(C50:C53) -> 158 | T20: =SUM(D50:D53) -> 45 | U20: =SUM(E50:E53) -> 18 | V20: =SUM(F50:F53) -> 105 | W20: =SUM(G50:G53) -> 2 | X20: =SUM(H50:H53) -> 1 | Y20: =SUM(I50:I53) -> 60 | Z20: =SUM(J50:J53) -> 39 | ... AF20: =SUM(P50:P53) -> 975
B21: 09.45 - 10.00 | C21: 13 | D21: 19 | E21: 2 | F21: 54 | G21: 3 | H21: 0 | I21: 18 | J21: 2 | K21: 2 | L21: 1 | M21: 227 | N21: 0 | O21: =SUM(C21:L21,N21) -> 114 | P21: =SUM(C21:N21) -> 341 | R21: 1800-1900 | S21: =SUM(C54:C57) -> 156 | T21: =SUM(D54:D57) -> 94 | U21: =SUM(E54:E57) -> 9 | V21: =SUM(F54:F57) -> 97 | W21: =SUM(G54:G57) -> 2 | X21: =SUM(H54:H57) -> 1 | Y21: =SUM(I54:I57) -> 60 | Z21: =SUM(J54:J57) -> 60 | ... AF21: =SUM(P54:P57) -> 1099
B22: 10.00 - 10.15 | C22: 34 | D22: 12 | E22: 21 | F22: 64 | G22: 0 | H22: 3 | I22: 2 | J22: 1 | K22: 1 | L22: 3 | M22: 234 | N22: 0 | O22: =SUM(C22:L22,N22) -> 141 | P22: =SUM(C22:N22) -> 375 | R22: AM Peak Hr | S22: =MAX(S10:S12) -> 140 | T22: =MAX(T10:T12) -> 59 | U22: =MAX(U10:U12) -> 13 | V22: =MAX(V10:V12) -> 268 | W22: =MAX(W10:W12) -> 18 | X22: =MAX(X10:X12) -> 1 | Y22: =MAX(Y10:Y12) -> 84 | Z22: =MAX(Z10:Z12) -> 14 | ... AF22: =MAX(AF10:AF12) -> 1444
B23: 10.15 - 10.30 | C23: 24 | D23: 7 | E23: 0 | F23: 38 | G23: 0 | H23: 0 | I23: 15 | J23: 4 | K23: 0 | L23: 0 | M23: 112 | N23: 0 | O23: =SUM(C23:L23,N23) -> 88 | P23: =SUM(C23:N23) -> 200 | R23: IP Peak Hr | S23: =MAX(S13:S18) -> 115 | T23: =MAX(T13:T18) -> 52 | U23: =MAX(U13:U18) -> 21 | V23: =MAX(V13:V18) -> 183 | W23: =MAX(W13:W18) -> 7 | X23: =MAX(X13:X18) -> 6 | Y23: =MAX(Y13:Y18) -> 116 | Z23: =MAX(Z13:Z18) -> 66 | ... AF23: =MAX(AF13:AF18) -> 1284
B24: 10.30 - 10.45 | C24: 28 | D24: 11 | E24: 0 | F24: 30 | G24: 6 | H24: 3 | I24: 25 | J24: 12 | K24: 3 | L24: 3 | M24: 173 | N24: 0 | O24: =SUM(C24:L24,N24) -> 121 | P24: =SUM(C24:N24) -> 294 | R24: PM Peak Hr | S24: =MAX(S19:S21) -> 158 | T24: =MAX(T19:T21) -> 94 | U24: =MAX(U19:U21) -> 18 | V24: =MAX(V19:V21) -> 132 | W24: =MAX(W19:W21) -> 5 | X24: =MAX(X19:X21) -> 5 | Y24: =MAX(Y19:Y21) -> 60 | Z24: =MAX(Z19:Z21) -> 60 | ... AF24: =MAX(AF19:AF21) -> 1099
B25: 10.45 - 11.00 | C25: 11 | D25: 12 | E25: 0 | F25: 51 | G25: 1 | H25: 0 | I25: 19 | J25: 9 | K25: 2 | L25: 3 | M25: 220 | N25: 0 | O25: =SUM(C25:L25,N25) -> 108 | P25: =SUM(C25:N25) -> 328 | R25: AM Period | S25: =SUM(S10:S12) -> 265 | T25: =SUM(T10:T12) -> 102 | U25: =SUM(U10:U12) -> 27 | V25: =SUM(V10:V12) -> 489 | W25: =SUM(W10:W12) -> 26 | X25: =SUM(X10:X12) -> 2 | Y25: =SUM(Y10:Y12) -> 138 | Z25: =SUM(Z10:Z12) -> 31 | ... AF25: =SUM(AF10:AF12) -> 3277
B26: 11.00 - 11.15 | C26: 23 | D26: 6 | E26: 1 | F26: 42 | G26: 0 | H26: 1 | I26: 19 | J26: 7 | K26: 1 | L26: 5 | M26: 150 | N26: 0 | O26: =SUM(C26:L26,N26) -> 105 | P26: =SUM(C26:N26) -> 255 | R26: IP Period | S26: =SUM(S13:S18) -> 542 | T26: =SUM(T13:T18) -> 201 | U26: =SUM(U13:U18) -> 92 | V26: =SUM(V13:V18) -> 878 | W26: =SUM(W13:W18) -> 14 | X26: =SUM(X13:X18) -> 8 | Y26: =SUM(Y13:Y18) -> 369 | Z26: =SUM(Z13:Z18) -> 194 | ... AF26: =SUM(AF13:AF18) -> 6076
B27: 11.15 - 11.30 | C27: 34 | D27: 12 | E27: 9 | F27: 45 | G27: 0 | H27: 0 | I27: 7 | J27: 2 | K27: 0 | L27: 3 | M27: 135 | N27: 0 | O27: =SUM(C27:L27,N27) -> 112 | P27: =SUM(C27:N27) -> 247 | R27: PM Period | S27: =SUM(S19:S21) -> 440 | T27: =SUM(T19:T21) -> 184 | U27: =SUM(U19:U21) -> 44 | V27: =SUM(V19:V21) -> 334 | W27: =SUM(W19:W21) -> 9 | X27: =SUM(X19:X21) -> 7 | Y27: =SUM(Y19:Y21) -> 176 | Z27: =SUM(Z19:Z21) -> 127 | ... AF27: =SUM(AF19:AF21) -> 3084
B28: 11.30 - 11.45 | C28: 7 | D28: 11 | E28: 2 | F28: 30 | G28: 0 | H28: 1 | I28: 14 | J28: 2 | K28: 8 | L28: 5 | M28: 160 | N28: 0 | O28: =SUM(C28:L28,N28) -> 80 | P28: =SUM(C28:N28) -> 240 | R28: 12 Hours | S28: =SUM(S10:S21) -> 1247 | T28: =SUM(T10:T21) -> 487 | U28: =SUM(U10:U21) -> 163 | V28: =SUM(V10:V21) -> 1701 | W28: =SUM(W10:W21) -> 49 | X28: =SUM(X10:X21) -> 17 | Y28: =SUM(Y10:Y21) -> 683 | Z28: =SUM(Z10:Z21) -> 352 | ... AF28: =SUM(AF10:AF21) -> 12437
B29: 11.45 - 12.00 | C29: 32 | D29: 3 | E29: 5 | F29: 41 | G29: 1 | H29: 0 | I29: 11 | J29: 4 | K29: 1 | L29: 0 | M29: 175 | N29: 0 | O29: =SUM(C29:L29,N29) -> 98 | P29: =SUM(C29:N29) -> 273
B30: 12.00 - 12.15 | C30: 19 | D30: 14 | E30: 5 | F30: 18 | G30: 1 | H30: 0 | I30: 12 | J30: 7 | K30: 2 | L30: 2 | M30: 210 | N30: 0 | O30: =SUM(C30:L30,N30) -> 80 | P30: =SUM(C30:N30) -> 290
B31: 12.15 - 12.30 | C31: 46 | D31: 13 | E31: 3 | F31: 28 | G31: 0 | H31: 0 | I31: 45 | J31: 12 | K31: 3 | L31: 2 | M31: 174 | N31: 0 | O31: =SUM(C31:L31,N31) -> 152 | P31: =SUM(C31:N31) -> 326
B32: 12.30 - 12.45 | C32: 16 | D32: 13 | E32: 6 | F32: 36 | G32: 1 | H32: 0 | I32: 19 | J32: 10 | K32: 4 | L32: 2 | M32: 170 | N32: 0 | O32: =SUM(C32:L32,N32) -> 107 | P32: =SUM(C32:N32) -> 277
B33: 12.45 - 13.00 | C33: 34 | D33: 12 | E33: 3 | F33: 73 | G33: 0 | H33: 0 | I33: 40 | J33: 4 | K33: 0 | L33: 2 | M33: 223 | N33: 0 | O33: =SUM(C33:L33,N33) -> 168 | P33: =SUM(C33:N33) -> 391
B34: 13.00 - 13.15 | C34: 22 | D34: 10 | E34: 5 | F34: 50 | G34: 0 | H34: 0 | I34: 10 | J34: 4 | K34: 2 | L34: 1 | M34: 185 | N34: 0 | O34: =SUM(C34:L34,N34) -> 104 | P34: =SUM(C34:N34) -> 289
B35: 13.15 - 13.30 | C35: 35 | D35: 0 | E35: 1 | F35: 40 | G35: 0 | H35: 0 | I35: 16 | J35: 4 | K35: 3 | L35: 1 | M35: 175 | N35: 0 | O35: =SUM(C35:L35,N35) -> 100 | P35: =SUM(C35:N35) -> 275
B36: 13.30 - 13.45 | C36: 15 | D36: 6 | E36: 4 | F36: 43 | G36: 0 | H36: 0 | I36: 8 | J36: 2 | K36: 0 | L36: 0 | M36: 130 | N36: 0 | O36: =SUM(C36:L36,N36) -> 78 | P36: =SUM(C36:N36) -> 208
B37: 13.45 - 14.00 | C37: 11 | D37: 9 | E37: 9 | F37: 27 | G37: 0 | H37: 0 | I37: 13 | J37: 10 | K37: 6 | L37: 2 | M37: 160 | N37: 0 | O37: =SUM(C37:L37,N37) -> 87 | P37: =SUM(C37:N37) -> 247
B38: 14.00 - 14.15 | C38: 33 | D38: 5 | E38: 2 | F38: 11 | G38: 1 | H38: 0 | I38: 4 | J38: 11 | K38: 5 | L38: 0 | M38: 72 | N38: 0 | O38: =SUM(C38:L38,N38) -> 72 | P38: =SUM(C38:N38) -> 144
B39: 14.15 - 14.30 | C39: 41 | D39: 23 | E39: 0 | F39: 55 | G39: 1 | H39: 0 | I39: 28 | J39: 1 | K39: 0 | L39: 1 | M39: 91 | N39: 0 | O39: =SUM(C39:L39,N39) -> 150 | P39: =SUM(C39:N39) -> 241
B40: 14.30 - 14.45 | C40: 27 | D40: 5 | E40: 3 | F40: 49 | G40: 0 | H40: 0 | I40: 12 | J40: 19 | K40: 3 | L40: 1 | M40: 37 | N40: 0 | O40: =SUM(C40:L40,N40) -> 119 | P40: =SUM(C40:N40) -> 156
... B57: 18.45 - 19.00 | C57: 12 | D57: 18 | E57: 7 | F57: 23 | G57: 0 | H57: 0 | I57: 13 | J57: 9 | K57: 0 | L57: 4 | M57: 88 | N57: 0 | O57: =SUM(C57:L57,N57) -> 86 | P57: =SUM(C57:N57) -> 174
B58: Totals | C58: =SUM(C10:C57) -> 1247 | D58: =SUM(D10:D57) -> 487 | E58: =SUM(E10:E57) -> 163 | F58: =SUM(F10:F57) -> 1701 | G58: =SUM(G10:G57) -> 49 | H58: =SUM(H10:H57) -> 17 | I58: =SUM(I10:I57) -> 683 | J58: =SUM(J10:J57) -> 352 | ... P58: =SUM(P10:P57) -> 12437
B59: %ges + MCs | C59: =C58/$P$58 -> 0.10026534 | D59: =D58/$P$58 -> 0.039157353 | E59: =E58/$P$58 -> 0.013106055 | F59: =F58/$P$58 -> 0.13676932 | G59: =G58/$P$58 -> 0.0039398569 | H59: =H58/$P$58 -> 0.0013668891 | I59: =I58/$P$58 -> 0.054916781 | J59: =J58/$P$58 -> 0.028302645 | ... N59: =N58/$P$58 -> 0
B60: %ges w/o MCs | C60: =C58/$O$58 -> 0.2561627 | D60: =D58/$O$58 -> 0.10004108 | E60: =E58/$O$58 -> 0.033483977 | F60: =F58/$O$58 -> 0.34942482 | G60: =G58/$O$58 -> 0.010065735 | H60: =H58/$O$58 -> 0.0034921939 | I60: =I58/$O$58 -> 0.14030403 | J60: =J58/$O$58 -> 0.072308956 | ... L60: =L58/$O$58 -> 0.014585045 | N60: =N58/$O$58 -> 0

Sheet 25.07 Nateete-Ndeeba
B1: Consultancy services for Preparation of Expressway Development Master Plan (EDMP) for Uganda
B2: MANUAL CLASSIFIED COUNT (MCC)
B3: ROAD NAME: | C3: ='22.07 Nateete-Ndeeba'!C3:G3 -> MCC - C1 - STN07 - MASAKA ROAD
C5: Date | D5: 25.07.19 | F5: Location | G5: ='24.07 Ndeeba-Nateete'!G5:H5 -> Rhino Funeral Services | J5: Surveyor | K5: Ahimbisibwe Faith
C6: Dir. From | D6: ='22.07 Nateete-Ndeeba'!D6:E6 -> Nateete | F6: Dir. To | G6: ='22.07 Nateete-Ndeeba'!G6:H6 -> Ndeeba | J6: Supervisor | K6: ='24.07 Ndeeba-Nateete'!K6:L6 -> Felix
B8: Time / Veh Type | R8: SUMMARY TRAFFIC VOLUMES
C9: 1. Car | D9: 2. Station Wagon | E9: 3. Pickups | F9: 4. Minibus, matatu | G9: 5. Medium bus | H9: 6. Large Bus | I9: 7. Light Truck | J9: 8. Medium Truck | K9: 9. Heavy truck | L9: 10. Truck Trailer | M9: 11. Motor cycles | N9: 12. Tractors | O9: Total Excl M/Cycles | P9: Total All | R9: Time | S9: 1. Car | T9: 2. Station Wagon | U9: 3. Pickups | V9: 4. Minibus, matatu | W9: 5. Medium bus | X9: 6. Large Bus | Y9: 7. Light Truck | Z9: 8. Medium Truck | AA9: 9. Heavy truck | AB9: 10. Truck Trailer | AC9: 11. Motorcycles | AD9: 12. Tractors, Graders | AE9: Total Excl M/ Cycles | AF9: Total All
B10: 07.00 - 07.15 | C10: 60 | D10: 8 | E10: 4 | F10: 27 | G10: 0 | H10: 0 | I10: 16 | J10: 10 | K10: 3 | L10: 0 | M10: 115 | N10: 0 | O10: =SUM(C10:L10,N10) -> 128 | P10: =SUM(C10:N10) -> 243 | R10: 0700-0800 | S10: =SUM(C10:C13) -> 231 | T10: =SUM(D10:D13) -> 26 | U10: =SUM(E10:E13) -> 22 | V10: =SUM(F10:F13) -> 110 | W10: =SUM(G10:G13) -> 2 | X10: =SUM(H10:H13) -> 0 | Y10: =SUM(I10:I13) -> 51 | Z10: =SUM(J10:J13) -> 33 | ... AF10: =SUM(P10:P13) -> 1046
B11: 07.15 - 07.30 | C11: 62 | D11: 7 | E11: 7 | F11: 28 | G11: 0 | H11: 0 | I11: 16 | J11: 3 | K11: 0 | L11: 0 | M11: 95 | N11: 0 | O11: =SUM(C11:L11,N11) -> 123 | P11: =SUM(C11:N11) -> 218 | R11: 0800-0900 | S11: =SUM(C14:C17) -> 164 | T11: =SUM(D14:D17) -> 20 | U11: =SUM(E14:E17) -> 11 | V11: =SUM(F14:F17) -> 95 | W11: =SUM(G14:G17) -> 2 | X11: =SUM(H14:H17) -> 0 | Y11: =SUM(I14:I17) -> 24 | Z11: =SUM(J14:J17) -> 60 | ... AF11: =SUM(P14:P17) -> 1320
B12: 07.30 - 07.45 | C12: 58 | D12: 7 | E12: 7 | F12: 29 | G12: 0 | H12: 0 | I12: 8 | J12: 2 | K12: 1 | L12: 1 | M12: 145 | N12: 0 | O12: =SUM(C12:L12,N12) -> 113 | P12: =SUM(C12:N12) -> 258 | R12: 0900-1000 | S12: =SUM(C18:C21) -> 177 | T12: =SUM(D18:D21) -> 22 | U12: =SUM(E18:E21) -> 20 | V12: =SUM(F18:F21) -> 111 | W12: =SUM(G18:G21) -> 5 | X12: =SUM(H18:H21) -> 1 | Y12: =SUM(I18:I21) -> 23 | Z12: =SUM(J18:J21) -> 60 | ... AF12: =SUM(P18:P21) -> 1287
B13: 07.45 - 08.00 | C13: 51 | D13: 4 | E13: 4 | F13: 26 | G13: 2 | H13: 0 | I13: 11 | J13: 18 | K13: 0 | L13: 1 | M13: 210 | N13: 0 | O13: =SUM(C13:L13,N13) -> 117 | P13: =SUM(C13:N13) -> 327 | R13: 1000-1100 | S13: =SUM(C22:C25) -> 151 | T13: =SUM(D22:D25) -> 9 | U13: =SUM(E22:E25) -> 10 | V13: =SUM(F22:F25) -> 124 | W13: =SUM(G22:G25) -> 3 | X13: =SUM(H22:H25) -> 0 | Y13: =SUM(I22:I25) -> 11 | Z13: =SUM(J22:J25) -> 63 | ... AF13: =SUM(P22:P25) -> 1155
B14: 08.00 - 08.15 | C14: 27 | D14: 0 | E14: 2 | F14: 22 | G14: 1 | H14: 0 | I14: 4 | J14: 8 | K14: 2 | L14: 0 | M14: 210 | N14: 0 | O14: =SUM(C14:L14,N14) -> 66 | P14: =SUM(C14:N14) -> 276 | R14: 1100-1200 | S14: =SUM(C26:C29) -> 153 | T14: =SUM(D26:D29) -> 18 | U14: =SUM(E26:E29) -> 7 | V14: =SUM(F26:F29) -> 92 | W14: =SUM(G26:G29) -> 0 | X14: =SUM(H26:H29) -> 0 | Y14: =SUM(I26:I29) -> 9 | Z14: =SUM(J26:J29) -> 45 | ... AF14: =SUM(P26:P29) -> 1161
B15: 08.15 - 08.30 | C15: 43 | D15: 5 | E15: 1 | F15: 23 | G15: 0 | H15: 0 | I15: 5 | J15: 10 | K15: 0 | L15: 1 | M15: 250 | N15: 0 | O15: =SUM(C15:L15,N15) -> 88 | P15: =SUM(C15:N15) -> 338 | R15: 1200-1300 | S15: =SUM(C30:C33) -> 156 | T15: =SUM(D30:D33) -> 14 | U15: =SUM(E30:E33) -> 9 | V15: =SUM(F30:F33) -> 111 | W15: =SUM(G30:G33) -> 2 | X15: =SUM(H30:H33) -> 2 | Y15: =SUM(I30:I33) -> 12 | Z15: =SUM(J30:J33) -> 40 | ... AF15: =SUM(P30:P33) -> 1102
B16: 08.30 - 08.45 | C16: 50 | D16: 9 | E16: 4 | F16: 35 | G16: 1 | H16: 0 | I16: 8 | J16: 26 | K16: 1 | L16: 3 | M16: 270 | N16: 0 | O16: =SUM(C16:L16,N16) -> 137 | P16: =SUM(C16:N16) -> 407 | R16: 1300-1400 | S16: =SUM(C34:C37) -> 135 | T16: =SUM(D34:D37) -> 23 | U16: =SUM(E34:E37) -> 12 | V16: =SUM(F34:F37) -> 85 | W16: =SUM(G34:G37) -> 20 | X16: =SUM(H34:H37) -> 0 | Y16: =SUM(I34:I37) -> 6 | Z16: =SUM(J34:J37) -> 40 | ... AF16: =SUM(P34:P37) -> 1137
B17: 08.45 - 9.00 | C17: 44 | D17: 6 | E17: 4 | F17: 15 | G17: 0 | H17: 0 | I17: 7 | J17: 16 | K17: 2 | L17: 0 | M17: 205 | N17: 0 | O17: =SUM(C17:L17,N17) -> 94 | P17: =SUM(C17:N17) -> 299 | R17: 1400-1500 | S17: =SUM(C38:C41) -> 155 | T17: =SUM(D38:D41) -> 16 | U17: =SUM(E38:E41) -> 12 | V17: =SUM(F38:F41) -> 89 | W17: =SUM(G38:G41) -> 0 | X17: =SUM(H38:H41) -> 1 | Y17: =SUM(I38:I41) -> 11 | Z17: =SUM(J38:J41) -> 53 | ... AF17: =SUM(P38:P41) -> 1080
B18: 09.00 - 09.15 | C18: 51 | D18: 7 | E18: 4 | F18: 39 | G18: 0 | H18: 0 | I18: 7 | J18: 20 | K18: 1 | L18: 0 | M18: 215 | N18: 0 | O18: =SUM(C18:L18,N18) -> 129 | P18: =SUM(C18:N18) -> 344 | R18: 1500-1600 | S18: =SUM(C42:C45) -> 150 | T18: =SUM(D42:D45) -> 32 | U18: =SUM(E42:E45) -> 21 | V18: =SUM(F42:F45) -> 112 | W18: =SUM(G42:G45) -> 0 | X18: =SUM(H42:H45) -> 0 | Y18: =SUM(I42:I45) -> 13 | Z18: =SUM(J42:J45) -> 60 | ... AF18: =SUM(P42:P45) -> 1259
B19: 09.15 - 09.30 | C19: 30 | D19: 8 | E19: 3 | F19: 24 | G19: 2 | H19: 1 | I19: 7 | J19: 7 | K19: 6 | L19: 0 | M19: 210 | N19: 0 | O19: =SUM(C19:L19,N19) -> 88 | P19: =SUM(C19:N19) -> 298 | R19: 1600-1700 | S19: =SUM(C46:C49) -> 188 | T19: =SUM(D46:D49) -> 29 | U19: =SUM(E46:E49) -> 16 | V19: =SUM(F46:F49) -> 129 | W19: =SUM(G46:G49) -> 2 | X19: =SUM(H46:H49) -> 1 | Y19: =SUM(I46:I49) -> 10 | Z19: =SUM(J46:J49) -> 55 | ... AF19: =SUM(P46:P49) -> 1280
B20: 09.30 - 09.45 | C20: 46 | D20: 3 | E20: 8 | F20: 19 | G20: 1 | H20: 0 | I20: 5 | J20: 13 | K20: 2 | L20: 0 | M20: 220 | N20: 0 | O20: =SUM(C20:L20,N20) -> 97 | P20: =SUM(C20:N20) -> 317 | R20: 1700-1800 | S20: =SUM(C50:C53) -> 189 | T20: =SUM(D50:D53) -> 18 | U20: =SUM(E50:E53) -> 11 | V20: =SUM(F50:F53) -> 123 | W20: =SUM(G50:G53) -> 0 | X20: =SUM(H50:H53) -> 1 | Y20: =SUM(I50:I53) -> 22 | Z20: =SUM(J50:J53) -> 52 | ... AF20: =SUM(P50:P53) -> 1210
B21: 09.45 - 10.00 | C21: 50 | D21: 4 | E21: 5 | F21: 29 | G21: 2 | H21: 0 | I21: 4 | J21: 20 | K21: 4 | L21: 0 | M21: 210 | N21: 0 | O21: =SUM(C21:L21,N21) -> 118 | P21: =SUM(C21:N21) -> 328 | R21: 1800-1900 | S21: =SUM(C54:C57) -> 144 | T21: =SUM(D54:D57) -> 29 | U21: =SUM(E54:E57) -> 16 | V21: =SUM(F54:F57) -> 125 | W21: =SUM(G54:G57) -> 3 | X21: =SUM(H54:H57) -> 1 | Y21: =SUM(I54:I57) -> 15 | Z21: =SUM(J54:J57) -> 44 | ... AF21: =SUM(P54:P57) -> 1109
B22: 10.00 - 10.15 | C22: 29 | D22: 5 | E22: 2 | F22: 41 | G22: 0 | H22: 0 | I22: 2 | J22: 15 | K22: 0 | L22: 0 | M22: 145 | N22: 0 | O22: =SUM(C22:L22,N22) -> 94 | P22: =SUM(C22:N22) -> 239 | R22: AM Peak Hr | S22: =MAX(S10:S12) -> 231 | T22: =MAX(T10:T12) -> 26 | U22: =MAX(U10:U12) -> 22 | V22: =MAX(V10:V12) -> 111 | W22: =MAX(W10:W12) -> 5 | X22: =MAX(X10:X12) -> 1 | Y22: =MAX(Y10:Y12) -> 51 | Z22: =MAX(Z10:Z12) -> 60 | ... AF22: =MAX(AF10:AF12) -> 1320
B23: 10.15 - 10.30 | C23: 45 | D23: 2 | E23: 0 | F23: 26 | G23: 1 | H23: 0 | I23: 3 | J23: 18 | K23: 2 | L23: 0 | M23: 215 | N23: 0 | O23: =SUM(C23:L23,N23) -> 97 | P23: =SUM(C23:N23) -> 312 | R23: IP Peak Hr | S23: =MAX(S13:S18) -> 156 | T23: =MAX(T13:T18) -> 32 | U23: =MAX(U13:U18) -> 21 | V23: =MAX(V13:V18) -> 124 | W23: =MAX(W13:W18) -> 20 | X23: =MAX(X13:X18) -> 2 | Y23: =MAX(Y13:Y18) -> 13 | Z23: =MAX(Z13:Z18) -> 63 | ... AF23: =MAX(AF13:AF18) -> 1259
B24: 10.30 - 10.45 | C24: 42 | D24: 2 | E24: 5 | F24: 31 | G24: 2 | H24: 0 | I24: 3 | J24: 14 | K24: 1 | L24: 0 | M24: 190 | N24: 0 | O24: =SUM(C24:L24,N24) -> 100 | P24: =SUM(C24:N24) -> 290 | R24: PM Peak Hr | S24: =MAX(S19:S21) -> 189 | T24: =MAX(T19:T21) -> 29 | U24: =MAX(U19:U21) -> 16 | V24: =MAX(V19:V21) -> 129 | W24: =MAX(W19:W21) -> 3 | X24: =MAX(X19:X21) -> 1 | Y24: =MAX(Y19:Y21) -> 22 | Z24: =MAX(Z19:Z21) -> 55 | ... AF24: =MAX(AF19:AF21) -> 1280
B25: 10.45 - 11.00 | C25: 35 | D25: 0 | E25: 3 | F25: 26 | G25: 0 | H25: 0 | I25: 3 | J25: 16 | K25: 1 | L25: 0 | M25: 230 | N25: 0 | O25: =SUM(C25:L25,N25) -> 84 | P25: =SUM(C25:N25) -> 314 | R25: AM Period | S25: =SUM(S10:S12) -> 572 | T25: =SUM(T10:T12) -> 68 | U25: =SUM(U10:U12) -> 53 | V25: =SUM(V10:V12) -> 316 | W25: =SUM(W10:W12) -> 9 | X25: =SUM(X10:X12) -> 1 | Y25: =SUM(Y10:Y12) -> 98 | Z25: =SUM(Z10:Z12) -> 153 | ... AF25: =SUM(AF10:AF12) -> 3653
B26: 11.00 - 11.15 | C26: 32 | D26: 6 | E26: 1 | F26: 19 | G26: 0 | H26: 0 | I26: 1 | J26: 13 | K26: 2 | L26: 0 | M26: 240 | N26: 0 | O26: =SUM(C26:L26,N26) -> 74 | P26: =SUM(C26:N26) -> 314 | R26: IP Period | S26: =SUM(S13:S18) -> 900 | T26: =SUM(T13:T18) -> 112 | U26: =SUM(U13:U18) -> 71 | V26: =SUM(V13:V18) -> 613 | W26: =SUM(W13:W18) -> 25 | X26: =SUM(X13:X18) -> 3 | Y26: =SUM(Y13:Y18) -> 62 | Z26: =SUM(Z13:Z18) -> 301 | ... AF26: =SUM(AF13:AF18) -> 6894
B27: 11.15 - 11.30 | C27: 46 | D27: 7 | E27: 2 | F27: 33 | G27: 0 | H27: 0 | I27: 3 | J27: 14 | K27: 3 | L27: 0 | M27: 210 | N27: 0 | O27: =SUM(C27:L27,N27) -> 108 | P27: =SUM(C27:N27) -> 318 | R27: PM Period | S27: =SUM(S19:S21) -> 521 | T27: =SUM(T19:T21) -> 76 | U27: =SUM(U19:U21) -> 43 | V27: =SUM(V19:V21) -> 377 | W27: =SUM(W19:W21) -> 5 | X27: =SUM(X19:X21) -> 3 | Y27: =SUM(Y19:Y21) -> 47 | Z27: =SUM(Z19:Z21) -> 151 | ... AF27: =SUM(AF19:AF21) -> 3599
B28: 11.30 - 11.45 | C28: 37 | D28: 3 | E28: 2 | F28: 16 | G28: 0 | H28: 0 | I28: 5 | J28: 8 | K28: 0 | L28: 0 | M28: 225 | N28: 0 | O28: =SUM(C28:L28,N28) -> 71 | P28: =SUM(C28:N28) -> 296 | R28: 12 Hours | S28: =SUM(S10:S21) -> 1993 | T28: =SUM(T10:T21) -> 256 | U28: =SUM(U10:U21) -> 167 | V28: =SUM(V10:V21) -> 1306 | W28: =SUM(W10:W21) -> 39 | X28: =SUM(X10:X21) -> 7 | Y28: =SUM(Y10:Y21) -> 207 | Z28: =SUM(Z10:Z21) -> 605 | ... AF28: =SUM(AF10:AF21) -> 14146
B29: 11.45 - 12.00 | C29: 38 | D29: 2 | E29: 2 | F29: 24 | G29: 0 | H29: 0 | I29: 0 | J29: 10 | K29: 7 | L29: 0 | M29: 150 | N29: 0 | O29: =SUM(C29:L29,N29) -> 83 | P29: =SUM(C29:N29) -> 233
B30: 12.00 - 12.15 | C30: 42 | D30: 3 | E30: 1 | F30: 20 | G30: 0 | H30: 0 | I30: 0 | J30: 8 | K30: 0 | L30: 0 | M30: 170 | N30: 0 | O30: =SUM(C30:L30,N30) -> 74 | P30: =SUM(C30:N30) -> 244
B31: 12.15 - 12.30 | C31: 32 | D31: 4 | E31: 3 | F31: 21 | G31: 0 | H31: 0 | I31: 9 | J31: 6 | K31: 1 | L31: 0 | M31: 180 | N31: 0 | O31: =SUM(C31:L31,N31) -> 76 | P31: =SUM(C31:N31) -> 256
B32: 12.30 - 12.45 | C32: 45 | D32: 3 | E32: 3 | F32: 37 | G32: 1 | H32: 1 | I32: 1 | J32: 12 | K32: 2 | L32: 0 | M32: 235 | N32: 0 | O32: =SUM(C32:L32,N32) -> 105 | P32: =SUM(C32:N32) -> 340
B33: 12.45 - 13.00 | C33: 37 | D33: 4 | E33: 2 | F33: 33 | G33: 1 | H33: 1 | I33: 2 | J33: 14 | K33: 3 | L33: 0 | M33: 165 | N33: 0 | O33: =SUM(C33:L33,N33) -> 97 | P33: =SUM(C33:N33) -> 262
B34: 13.00 - 13.15 | C34: 24 | D34: 5 | E34: 1 | F34: 16 | G34: 0 | H34: 0 | I34: 3 | J34: 8 | K34: 2 | L34: 0 | M34: 190 | N34: 0 | O34: =SUM(C34:L34,N34) -> 59 | P34: =SUM(C34:N34) -> 249
B35: 13.15 - 13.30 | C35: 37 | D35: 3 | E35: 3 | F35: 30 | G35: 0 | H35: 0 | I35: 2 | J35: 4 | K35: 6 | L35: 0 | M35: 225 | N35: 0 | O35: =SUM(C35:L35,N35) -> 85 | P35: =SUM(C35:N35) -> 310
B36: 13.30 - 13.45 | C36: 33 | D36: 9 | E36: 6 | F36: 19 | G36: 0 | H36: 0 | I36: 0 | J36: 8 | K36: 1 | L36: 1 | M36: 175 | N36: 0 | O36: =SUM(C36:L36,N36) -> 77 | P36: =SUM(C36:N36) -> 252
B37: 13.45 - 14.00 | C37: 41 | D37: 6 | E37: 2 | F37: 20 | G37: 20 | H37: 0 | I37: 1 | J37: 20 | K37: 1 | L37: 2 | M37: 213 | N37: 0 | O37: =SUM(C37:L37,N37) -> 113 | P37: =SUM(C37:N37) -> 326
B38: 14.00 - 14.15 | C38: 45 | D38: 5 | E38: 5 | F38: 23 | G38: 0 | H38: 0 | I38: 7 | J38: 10 | K38: 4 | L38: 0 | M38: 120 | N38: 0 | O38: =SUM(C38:L38,N38) -> 99 | P38: =SUM(C38:N38) -> 219
B39: 14.15 - 14.30 | C39: 32 | D39: 3 | E39: 3 | F39: 21 | G39: 0 | H39: 1 | I39: 2 | J39: 17 | K39: 6 | L39: 1 | M39: 160 | N39: 0 | O39: =SUM(C39:L39,N39) -> 86 | P39: =SUM(C39:N39) -> 246
B40: 14.30 - 14.45 | C40: 44 | D40: 5 | E40: 3 | F40: 20 | G40: 0 | H40: 0 | I40: 1 | J40: 17 | K40: 4 | L40: 0 | M40: 205 | N40: 0 | O40: =SUM(C40:L40,N40) -> 94 | P40: =SUM(C40:N40) -> 299
... B57: 18.45 - 19.00 | C57: 39 | D57: 9 | E57: 2 | F57: 31 | G57: 0 | H57: 0 | I57: 3 | J57: 9 | K57: 3 | L57: 0 | M57: 215 | N57: 0 | O57: =SUM(C57:L57,N57) -> 96 | P57: =SUM(C57:N57) -> 311
B58: Totals | C58: =SUM(C10:C57) -> 1993 | D58: =SUM(D10:D57) -> 256 | E58: =SUM(E10:E57) -> 167 | F58: =SUM(F10:F57) -> 1306 | G58: =SUM(G10:G57) -> 39 | H58: =SUM(H10:H57) -> 7 | I58: =SUM(I10:I57) -> 207 | J58: =SUM(J10:J57) -> 605 | ... P58: =SUM(P10:P57) -> 14146
B59: %ges + MCs | C59: =C58/$P$58 -> 0.14088788 | D59: =D58/$P$58 -> 0.018096989 | E59: =E58/$P$58 -> 0.011805457 | F59: =F58/$P$58 -> 0.092322918 | G59: =G58/$P$58 -> 0.0027569631 | H59: =H58/$P$58 -> 0.00049483953 | I59: =I58/$P$58 -> 0.014633112 | J59: =J58/$P$58 -> 0.042768274 | ... N59: =N58/$P$58 -> 0
B60: %ges w/o MCs | C60: =C58/$O$58 -> 0.42332201 | D60: =D58/$O$58 -> 0.054375531 | E60: =E58/$O$58 -> 0.035471538 | F60: =F58/$O$58 -> 0.27740017 | G60: =G58/$O$58 -> 0.0082837723 | H60: =H58/$O$58 -> 0.0014868309 | I60: =I58/$O$58 -> 0.043967715 | J60: =J58/$O$58 -> 0.12850467 | ... L60: =L58/$O$58 -> 0.0031860663 | N60: =N58/$O$58 -> 0

Sheet 25.07 Ndeeba-Nateete
B1: Consultancy services for Preparation of Expressway Development Master Plan (EDMP) for Uganda
B2: MANUAL CLASSIFIED COUNT (MCC)
B3: ROAD NAME: | C3: ='22.07 Ndeeba-Nateete'!C3:G3 -> MCC - C1 - STN07 - MASAKA ROAD
C5: Date | D5: ='25.07 Nateete-Ndeeba'!D5 -> 25.07.19 | F5: Location | G5: ='25.07 Nateete-Ndeeba'!G5:H5 -> Rhino Funeral Services | J5: Surveyor | K5: Asibazuyo Jennifer
C6: Dir. From | D6: ='22.07 Ndeeba-Nateete'!D6:E6 -> Ndeeba | F6: Dir. To | G6: ='22.07 Ndeeba-Nateete'!G6:H6 -> Nateete | J6: Supervisor | K6: ='25.07 Nateete-Ndeeba'!K6:L6 -> Felix
B8: Time / Veh Type | R8: SUMMARY TRAFFIC VOLUMES
C9: 1. Car | D9: 2. Station Wagon | E9: 3. Pickups | F9: 4. Minibus, matatu | G9: 5. Medium bus | H9: 6. Large Bus | I9: 7. Light Truck | J9: 8. Medium Truck | K9: 9. Heavy truck | L9: 10. Truck Trailer | M9: 11. Motor cycles | N9: 12. Tractors | O9: Total Excl M/Cycles | P9: Total All | R9: Time | S9: 1. Car | T9: 2. Station Wagon | U9: 3. Pickups | V9: 4. Minibus, matatu | W9: 5. Medium bus | X9: 6. Large Bus | Y9: 7. Light Truck | Z9: 8. Medium Truck | AA9: 9. Heavy truck | AB9: 10. Truck Trailer | AC9: 11. Motorcycles | AD9: 12. Tractors, Graders | AE9: Total Excl M/ Cycles | AF9: Total All
B10: 07.00 - 07.15 | C10: 23 | D10: 7 | E10: 12 | F10: 56 | G10: 4 | H10: 2 | I10: 1 | J10: 2 | K10: 4 | L10: 2 | M10: 180 | N10: 0 | O10: =SUM(C10:L10,N10) -> 113 | P10: =SUM(C10:N10) -> 293 | R10: 0700-0800 | S10: =SUM(C10:C13) -> 130 | T10: =SUM(D10:D13) -> 27 | U10: =SUM(E10:E13) -> 32 | V10: =SUM(F10:F13) -> 234 | W10: =SUM(G10:G13) -> 9 | X10: =SUM(H10:H13) -> 4 | Y10: =SUM(I10:I13) -> 8 | Z10: =SUM(J10:J13) -> 18 | ... AF10: =SUM(P10:P13) -> 1325
B11: 07.15 - 07.30 | C11: 44 | D11: 6 | E11: 14 | F11: 66 | G11: 1 | H11: 0 | I11: 2 | J11: 10 | K11: 1 | L11: 4 | M11: 145 | N11: 0 | O11: =SUM(C11:L11,N11) -> 148 | P11: =SUM(C11:N11) -> 293 | R11: 0800-0900 | S11: =SUM(C14:C17) -> 67 | T11: =SUM(D14:D17) -> 30 | U11: =SUM(E14:E17) -> 12 | V11: =SUM(F14:F17) -> 98 | W11: =SUM(G14:G17) -> 8 | X11: =SUM(H14:H17) -> 0 | Y11: =SUM(I14:I17) -> 34 | Z11: =SUM(J14:J17) -> 8 | ... AF11: =SUM(P14:P17) -> 911
B12: 07.30 - 07.45 | C12: 31 | D12: 2 | E12: 4 | F12: 60 | G12: 3 | H12: 2 | I12: 3 | J12: 1 | K12: 3 | L12: 4 | M12: 237 | N12: 0 | O12: =SUM(C12:L12,N12) -> 113 | P12: =SUM(C12:N12) -> 350 | R12: 0900-1000 | S12: =SUM(C18:C21) -> 54 | T12: =SUM(D18:D21) -> 35 | U12: =SUM(E18:E21) -> 8 | V12: =SUM(F18:F21) -> 120 | W12: =SUM(G18:G21) -> 4 | X12: =SUM(H18:H21) -> 0 | Y12: =SUM(I18:I21) -> 48 | Z12: =SUM(J18:J21) -> 20 | ... AF12: =SUM(P18:P21) -> 1055
B13: 07.45 - 08.00 | C13: 32 | D13: 12 | E13: 2 | F13: 52 | G13: 1 | H13: 0 | I13: 2 | J13: 5 | K13: 2 | L13: 1 | M13: 280 | N13: 0 | O13: =SUM(C13:L13,N13) -> 109 | P13: =SUM(C13:N13) -> 389 | R13: 1000-1100 | S13: =SUM(C22:C25) -> 53 | T13: =SUM(D22:D25) -> 27 | U13: =SUM(E22:E25) -> 14 | V13: =SUM(F22:F25) -> 53 | W13: =SUM(G22:G25) -> 7 | X13: =SUM(H22:H25) -> 0 | Y13: =SUM(I22:I25) -> 43 | Z13: =SUM(J22:J25) -> 37 | ... AF13: =SUM(P22:P25) -> 674
B14: 08.00 - 08.15 | C14: 17 | D14: 5 | E14: 8 | F14: 22 | G14: 2 | H14: 0 | I14: 12 | J14: 1 | K14: 0 | L14: 0 | M14: 121 | N14: 0 | O14: =SUM(C14:L14,N14) -> 67 | P14: =SUM(C14:N14) -> 188 | R14: 1100-1200 | S14: =SUM(C26:C29) -> 49 | T14: =SUM(D26:D29) -> 30 | U14: =SUM(E26:E29) -> 7 | V14: =SUM(F26:F29) -> 115 | W14: =SUM(G26:G29) -> 1 | X14: =SUM(H26:H29) -> 0 | Y14: =SUM(I26:I29) -> 30 | Z14: =SUM(J26:J29) -> 8 | ... AF14: =SUM(P26:P29) -> 892
B15: 08.15 - 08.30 | C15: 15 | D15: 7 | E15: 3 | F15: 33 | G15: 0 | H15: 0 | I15: 5 | J15: 5 | K15: 0 | L15: 1 | M15: 165 | N15: 0 | O15: =SUM(C15:L15,N15) -> 69 | P15: =SUM(C15:N15) -> 234 | R15: 1200-1300 | S15: =SUM(C30:C33) -> 54 | T15: =SUM(D30:D33) -> 41 | U15: =SUM(E30:E33) -> 24 | V15: =SUM(F30:F33) -> 105 | W15: =SUM(G30:G33) -> 1 | X15: =SUM(H30:H33) -> 1 | Y15: =SUM(I30:I33) -> 47 | Z15: =SUM(J30:J33) -> 25 | ... AF15: =SUM(P30:P33) -> 854
B16: 08.30 - 08.45 | C16: 6 | D16: 15 | E16: 1 | F16: 36 | G16: 1 | H16: 0 | I16: 5 | J16: 1 | K16: 0 | L16: 0 | M16: 153 | N16: 0 | O16: =SUM(C16:L16,N16) -> 65 | P16: =SUM(C16:N16) -> 218 | R16: 1300-1400 | S16: =SUM(C34:C37) -> 59 | T16: =SUM(D34:D37) -> 29 | U16: =SUM(E34:E37) -> 8 | V16: =SUM(F34:F37) -> 101 | W16: =SUM(G34:G37) -> 2 | X16: =SUM(H34:H37) -> 3 | Y16: =SUM(I34:I37) -> 38 | Z16: =SUM(J34:J37) -> 22 | ... AF16: =SUM(P34:P37) -> 866
B17: 08.45 - 9.00 | C17: 29 | D17: 3 | E17: 0 | F17: 7 | G17: 5 | H17: 0 | I17: 12 | J17: 1 | K17: 0 | L17: 0 | M17: 214 | N17: 0 | O17: =SUM(C17:L17,N17) -> 57 | P17: =SUM(C17:N17) -> 271 | R17: 1400-1500 | S17: =SUM(C38:C41) -> 46 | T17: =SUM(D38:D41) -> 27 | U17: =SUM(E38:E41) -> 20 | V17: =SUM(F38:F41) -> 49 | W17: =SUM(G38:G41) -> 0 | X17: =SUM(H38:H41) -> 0 | Y17: =SUM(I38:I41) -> 58 | Z17: =SUM(J38:J41) -> 27 | ... AF17: =SUM(P38:P41) -> 743
B18: 09.00 - 09.15 | C18: 5 | D18: 13 | E18: 0 | F18: 40 | G18: 0 | H18: 0 | I18: 9 | J18: 3 | K18: 0 | L18: 1 | M18: 211 | N18: 0 | O18: =SUM(C18:L18,N18) -> 71 | P18: =SUM(C18:N18) -> 282 | R18: 1500-1600 | S18: =SUM(C42:C45) -> 52 | T18: =SUM(D42:D45) -> 24 | U18: =SUM(E42:E45) -> 17 | V18: =SUM(F42:F45) -> 62 | W18: =SUM(G42:G45) -> 1 | X18: =SUM(H42:H45) -> 0 | Y18: =SUM(I42:I45) -> 34 | Z18: =SUM(J42:J45) -> 22 | ... AF18: =SUM(P42:P45) -> 568
B19: 09.15 - 09.30 | C19: 20 | D19: 1 | E19: 0 | F19: 22 | G19: 3 | H19: 0 | I19: 14 | J19: 4 | K19: 2 | L19: 0 | M19: 165 | N19: 0 | O19: =SUM(C19:L19,N19) -> 66 | P19: =SUM(C19:N19) -> 231 | R19: 1600-1700 | S19: =SUM(C46:C49) -> 66 | T19: =SUM(D46:D49) -> 32 | U19: =SUM(E46:E49) -> 14 | V19: =SUM(F46:F49) -> 84 | W19: =SUM(G46:G49) -> 2 | X19: =SUM(H46:H49) -> 1 | Y19: =SUM(I46:I49) -> 40 | Z19: =SUM(J46:J49) -> 36 | ... AF19: =SUM(P46:P49) -> 825
B20: 09.30 - 09.45 | C20: 11 | D20: 7 | E20: 8 | F20: 37 | G20: 0 | H20: 0 | I20: 11 | J20: 8 | K20: 0 | L20: 1 | M20: 150 | N20: 0 | O20: =SUM(C20:L20,N20) -> 83 | P20: =SUM(C20:N20) -> 233 | R20: 1700-1800 | S20: =SUM(C50:C53) -> 53 | T20: =SUM(D50:D53) -> 29 | U20: =SUM(E50:E53) -> 12 | V20: =SUM(F50:F53) -> 93 | W20: =SUM(G50:G53) -> 1 | X20: =SUM(H50:H53) -> 3 | Y20: =SUM(I50:I53) -> 33 | Z20: =SUM(J50:J53) -> 18 | ... AF20: =SUM(P50:P53) -> 892
B21: 09.45 - 10.00 | C21: 18 | D21: 14 | E21: 0 | F21: 21 | G21: 1 | H21: 0 | I21: 14 | J21: 5 | K21: 3 | L21: 0 | M21: 233 | N21: 0 | O21: =SUM(C21:L21,N21) -> 76 | P21: =SUM(C21:N21) -> 309 | R21: 1800-1900 | S21: =SUM(C54:C57) -> 111 | T21: =SUM(D54:D57) -> 51 | U21: =SUM(E54:E57) -> 25 | V21: =SUM(F54:F57) -> 113 | W21: =SUM(G54:G57) -> 1 | X21: =SUM(H54:H57) -> 2 | Y21: =SUM(I54:I57) -> 68 | Z21: =SUM(J54:J57) -> 49 | ... AF21: =SUM(P54:P57) -> 1095
B22: 10.00 - 10.15 | C22: 17 | D22: 0 | E22: 5 | F22: 14 | G22: 0 | H22: 0 | I22: 13 | J22: 3 | K22: 1 | L22: 0 | M22: 103 | N22: 0 | O22: =SUM(C22:L22,N22) -> 53 | P22: =SUM(C22:N22) -> 156 | R22: AM Peak Hr | S22: =MAX(S10:S12) -> 130 | T22: =MAX(T10:T12) -> 35 | U22: =MAX(U10:U12) -> 32 | V22: =MAX(V10:V12) -> 234 | W22: =MAX(W10:W12) -> 9 | X22: =MAX(X10:X12) -> 4 | Y22: =MAX(Y10:Y12) -> 48 | Z22: =MAX(Z10:Z12) -> 20 | ... AF22: =MAX(AF10:AF12) -> 1325
B23: 10.15 - 10.30 | C23: 21 | D23: 8 | E23: 3 | F23: 23 | G23: 0 | H23: 0 | I23: 12 | J23: 24 | K23: 0 | L23: 0 | M23: 93 | N23: 0 | O23: =SUM(C23:L23,N23) -> 91 | P23: =SUM(C23:N23) -> 184 | R23: IP Peak Hr | S23: =MAX(S13:S18) -> 59 | T23: =MAX(T13:T18) -> 41 | U23: =MAX(U13:U18) -> 24 | V23: =MAX(V13:V18) -> 115 | W23: =MAX(W13:W18) -> 7 | X23: =MAX(X13:X18) -> 3 | Y23: =MAX(Y13:Y18) -> 58 | Z23: =MAX(Z13:Z18) -> 37 | ... AF23: =MAX(AF13:AF18) -> 892
B24: 10.30 - 10.45 | C24: 11 | D24: 12 | E24: 4 | F24: 9 | G24: 7 | H24: 0 | I24: 11 | J24: 6 | K24: 0 | L24: 2 | M24: 131 | N24: 0 | O24: =SUM(C24:L24,N24) -> 62 | P24: =SUM(C24:N24) -> 193 | R24: PM Peak Hr | S24: =MAX(S19:S21) -> 111 | T24: =MAX(T19:T21) -> 51 | U24: =MAX(U19:U21) -> 25 | V24: =MAX(V19:V21) -> 113 | W24: =MAX(W19:W21) -> 2 | X24: =MAX(X19:X21) -> 3 | Y24: =MAX(Y19:Y21) -> 68 | Z24: =MAX(Z19:Z21) -> 49 | ... AF24: =MAX(AF19:AF21) -> 1095
B25: 10.45 - 11.00 | C25: 4 | D25: 7 | E25: 2 | F25: 7 | G25: 0 | H25: 0 | I25: 7 | J25: 4 | K25: 3 | L25: 0 | M25: 107 | N25: 0 | O25: =SUM(C25:L25,N25) -> 34 | P25: =SUM(C25:N25) -> 141 | R25: AM Period | S25: =SUM(S10:S12) -> 251 | T25: =SUM(T10:T12) -> 92 | U25: =SUM(U10:U12) -> 52 | V25: =SUM(V10:V12) -> 452 | W25: =SUM(W10:W12) -> 21 | X25: =SUM(X10:X12) -> 4 | Y25: =SUM(Y10:Y12) -> 90 | Z25: =SUM(Z10:Z12) -> 46 | ... AF25: =SUM(AF10:AF12) -> 3291
B26: 11.00 - 11.15 | C26: 8 | D26: 6 | E26: 1 | F26: 18 | G26: 1 | H26: 0 | I26: 11 | J26: 6 | K26: 0 | L26: 2 | M26: 186 | N26: 0 | O26: =SUM(C26:L26,N26) -> 53 | P26: =SUM(C26:N26) -> 239 | R26: IP Period | S26: =SUM(S13:S18) -> 313 | T26: =SUM(T13:T18) -> 178 | U26: =SUM(U13:U18) -> 90 | V26: =SUM(V13:V18) -> 485 | W26: =SUM(W13:W18) -> 12 | X26: =SUM(X13:X18) -> 4 | Y26: =SUM(Y13:Y18) -> 250 | Z26: =SUM(Z13:Z18) -> 141 | ... AF26: =SUM(AF13:AF18) -> 4597
B27: 11.15 - 11.30 | C27: 15 | D27: 7 | E27: 2 | F27: 32 | G27: 0 | H27: 0 | I27: 12 | J27: 0 | K27: 2 | L27: 3 | M27: 150 | N27: 0 | O27: =SUM(C27:L27,N27) -> 73 | P27: =SUM(C27:N27) -> 223 | R27: PM Period | S27: =SUM(S19:S21) -> 230 | T27: =SUM(T19:T21) -> 112 | U27: =SUM(U19:U21) -> 51 | V27: =SUM(V19:V21) -> 290 | W27: =SUM(W19:W21) -> 4 | X27: =SUM(X19:X21) -> 6 | Y27: =SUM(Y19:Y21) -> 141 | Z27: =SUM(Z19:Z21) -> 103 | ... AF27: =SUM(AF19:AF21) -> 2812
B28: 11.30 - 11.45 | C28: 10 | D28: 5 | E28: 0 | F28: 35 | G28: 0 | H28: 0 | I28: 4 | J28: 1 | K28: 1 | L28: 1 | M28: 170 | N28: 0 | O28: =SUM(C28:L28,N28) -> 57 | P28: =SUM(C28:N28) -> 227 | R28: 12 Hours | S28: =SUM(S10:S21) -> 794 | T28: =SUM(T10:T21) -> 382 | U28: =SUM(U10:U21) -> 193 | V28: =SUM(V10:V21) -> 1227 | W28: =SUM(W10:W21) -> 37 | X28: =SUM(X10:X21) -> 14 | Y28: =SUM(Y10:Y21) -> 481 | Z28: =SUM(Z10:Z21) -> 290 | ... AF28: =SUM(AF10:AF21) -> 10700
B29: 11.45 - 12.00 | C29: 16 | D29: 12 | E29: 4 | F29: 30 | G29: 0 | H29: 0 | I29: 3 | J29: 1 | K29: 0 | L29: 2 | M29: 135 | N29: 0 | O29: =SUM(C29:L29,N29) -> 68 | P29: =SUM(C29:N29) -> 203
B30: 12.00 - 12.15 | C30: 11 | D30: 7 | E30: 5 | F30: 13 | G30: 0 | H30: 0 | I30: 10 | J30: 7 | K30: 1 | L30: 0 | M30: 120 | N30: 0 | O30: =SUM(C30:L30,N30) -> 54 | P30: =SUM(C30:N30) -> 174
B31: 12.15 - 12.30 | C31: 18 | D31: 11 | E31: 3 | F31: 22 | G31: 0 | H31: 0 | I31: 6 | J31: 4 | K31: 3 | L31: 0 | M31: 132 | N31: 0 | O31: =SUM(C31:L31,N31) -> 67 | P31: =SUM(C31:N31) -> 199
B32: 12.30 - 12.45 | C32: 8 | D32: 15 | E32: 9 | F32: 46 | G32: 0 | H32: 1 | I32: 20 | J32: 6 | K32: 3 | L32: 6 | M32: 145 | N32: 0 | O32: =SUM(C32:L32,N32) -> 114 | P32: =SUM(C32:N32) -> 259
B33: 12.45 - 13.00 | C33: 17 | D33: 8 | E33: 7 | F33: 24 | G33: 1 | H33: 0 | I33: 11 | J33: 8 | K33: 1 | L33: 0 | M33: 145 | N33: 0 | O33: =SUM(C33:L33,N33) -> 77 | P33: =SUM(C33:N33) -> 222
B34: 13.00 - 13.15 | C34: 22 | D34: 5 | E34: 2 | F34: 29 | G34: 1 | H34: 3 | I34: 6 | J34: 9 | K34: 0 | L34: 1 | M34: 82 | N34: 0 | O34: =SUM(C34:L34,N34) -> 78 | P34: =SUM(C34:N34) -> 160
B35: 13.15 - 13.30 | C35: 10 | D35: 7 | E35: 2 | F35: 14 | G35: 1 | H35: 0 | I35: 9 | J35: 7 | K35: 2 | L35: 1 | M35: 210 | N35: 0 | O35: =SUM(C35:L35,N35) -> 53 | P35: =SUM(C35:N35) -> 263
B36: 13.30 - 13.45 | C36: 10 | D36: 8 | E36: 4 | F36: 25 | G36: 0 | H36: 0 | I36: 11 | J36: 4 | K36: 0 | L36: 0 | M36: 135 | N36: 0 | O36: =SUM(C36:L36,N36) -> 62 | P36: =SUM(C36:N36) -> 197
B37: 13.45 - 14.00 | C37: 17 | D37: 9 | E37: 0 | F37: 33 | G37: 0 | H37: 0 | I37: 12 | J37: 2 | K37: 2 | L37: 1 | M37: 170 | N37: 0 | O37: =SUM(C37:L37,N37) -> 76 | P37: =SUM(C37:N37) -> 246
B38: 14.00 - 14.15 | C38: 4 | D38: 5 | E38: 8 | F38: 16 | G38: 0 | H38: 0 | I38: 7 | J38: 8 | K38: 0 | L38: 1 | M38: 125 | N38: 0 | O38: =SUM(C38:L38,N38) -> 49 | P38: =SUM(C38:N38) -> 174
B39: 14.15 - 14.30 | C39: 12 | D39: 4 | E39: 2 | F39: 11 | G39: 0 | H39: 0 | I39: 10 | J39: 3 | K39: 2 | L39: 3 | M39: 120 | N39: 0 | O39: =SUM(C39:L39,N39) -> 47 | P39: =SUM(C39:N39) -> 167
B40: 14.30 - 14.45 | C40: 18 | D40: 12 | E40: 5 | F40: 20 | G40: 0 | H40: 0 | I40: 23 | J40: 8 | K40: 1 | L40: 1 | M40: 116 | N40: 0 | O40: =SUM(C40:L40,N40) -> 88 | P40: =SUM(C40:N40) -> 204
... B57: 18.45 - 19.00 | C57: 25 | D57: 19 | E57: 7 | F57: 33 | G57: 1 | H57: 0 | I57: 13 | J57: 12 | K57: 3 | L57: 1 | M57: 153 | N57: 0 | O57: =SUM(C57:L57,N57) -> 114 | P57: =SUM(C57:N57) -> 267
B58: Totals | C58: =SUM(C10:C57) -> 794 | D58: =SUM(D10:D57) -> 382 | E58: =SUM(E10:E57) -> 193 | F58: =SUM(F10:F57) -> 1227 | G58: =SUM(G10:G57) -> 37 | H58: =SUM(H10:H57) -> 14 | I58: =SUM(I10:I57) -> 481 | J58: =SUM(J10:J57) -> 290 | ... P58: =SUM(P10:P57) -> 10700
B59: %ges + MCs | C59: =C58/$P$58 -> 0.074205607 | D59: =D58/$P$58 -> 0.035700935 | E59: =E58/$P$58 -> 0.018037383 | F59: =F58/$P$58 -> 0.1146729 | G59: =G58/$P$58 -> 0.0034579439 | H59: =H58/$P$58 -> 0.0013084112 | I59: =I58/$P$58 -> 0.044953271 | J59: =J58/$P$58 -> 0.027102804 | ... N59: =N58/$P$58 -> 0
B60: %ges w/o MCs | C60: =C58/$O$58 -> 0.22423044 | D60: =D58/$O$58 -> 0.10787913 | E60: =E58/$O$58 -> 0.054504377 | F60: =F58/$O$58 -> 0.34651228 | G60: =G58/$O$58 -> 0.010449026 | H60: =H58/$O$58 -> 0.0039536854 | I60: =I58/$O$58 -> 0.13583733 | J60: =J58/$O$58 -> 0.081897769 | ... L60: =L58/$O$58 -> 0.014685117 | N60: =N58/$O$58 -> 0

Sheet 26.07 Nateete-Ndeeba-24h
B1: Consultancy services for Preparation of Expressway Development Master Plan (EDMP) for Uganda
B2: MANUAL CLASSIFIED COUNT (MCC)
B3: ROAD NAME: | C3: ='22.07 Nateete-Ndeeba'!C3:G3 -> MCC - C1 - STN07 - MASAKA ROAD
C5: Date | D5: 26.07.19 | F5: Location | G5: ='25.07 Ndeeba-Nateete'!G5:H5 -> Rhino Funeral Services | J5: Surveyor | K5: Ahimbisibwe Faith
C6: Dir. From | D6: ='22.07 Nateete-Ndeeba'!D6:E6 -> Nateete | F6: Dir. To | G6: ='22.07 Nateete-Ndeeba'!G6:H6 -> Ndeeba | J6: Supervisor | K6: ='25.07 Ndeeba-Nateete'!K6:L6 -> Felix
B8: Time / Veh Type | R8: SUMMARY TRAFFIC VOLUMES
C9: 1. Car | D9: 2. Station Wagon | E9: 3. Pickups | F9: 4. Minibus, matatu | G9: 5. Medium bus | H9: 6. Large Bus | I9: 7. Light Truck | J9: 8. Medium Truck | K9: 9. Heavy truck | L9: 10. Truck Trailer | M9: 11. Motor cycles | N9: 12. Tractors | O9: Total Excl M/Cycles | P9: Total All | R9: Time | S9: 1. Car | T9: 2. Station Wagon | U9: 3. Pickups | V9: 4. Minibus, matatu | W9: 5. Medium bus | X9: 6. Large Bus | Y9: 7. Light Truck | Z9: 8. Medium Truck | AA9: 9. Heavy truck | AB9: 10. Truck Trailer | AC9: 11. Motorcycles | AD9: 12. Tractors, Graders | AE9: Total Excl M/ Cycles | AF9: Total All
B10: 07.00 - 07.15 | C10: 30 | D10: 6 | E10: 3 | F10: 20 | G10: 1 | H10: 0 | I10: 4 | J10: 7 | K10: 1 | L10: 0 | M10: 85 | N10: 0 | O10: =SUM(C10:L10,N10) -> 72 | P10: =SUM(C10:N10) -> 157 | R10: 0700-0800 | S10: =SUM(C10:C13) -> 173 | T10: =SUM(D10:D13) -> 13 | U10: =SUM(E10:E13) -> 14 | V10: =SUM(F10:F13) -> 78 | W10: =SUM(G10:G13) -> 2 | X10: =SUM(H10:H13) -> 4 | Y10: =SUM(I10:I13) -> 15 | Z10: =SUM(J10:J13) -> 29 | ... AF10: =SUM(P10:P13) -> 882
B11: 07.15 - 07.30 | C11: 63 | D11: 3 | E11: 2 | F11: 19 | G11: 1 | H11: 2 | I11: 1 | J11: 2 | K11: 0 | L11: 0 | M11: 105 | N11: 0 | O11: =SUM(C11:L11,N11) -> 93 | P11: =SUM(C11:N11) -> 198 | R11: 0800-0900 | S11: =SUM(C14:C17) -> 169 | T11: =SUM(D14:D17) -> 21 | U11: =SUM(E14:E17) -> 15 | V11: =SUM(F14:F17) -> 108 | W11: =SUM(G14:G17) -> 3 | X11: =SUM(H14:H17) -> 2 | Y11: =SUM(I14:I17) -> 26 | Z11: =SUM(J14:J17) -> 54 | ... AF11: =SUM(P14:P17) -> 1240
B12: 07.30 - 07.45 | C12: 44 | D12: 2 | E12: 3 | F12: 12 | G12: 0 | H12: 2 | I12: 7 | J12: 7 | K12: 1 | L12: 0 | M12: 180 | N12: 0 | O12: =SUM(C12:L12,N12) -> 78 | P12: =SUM(C12:N12) -> 258 | R12: 0900-1000 | S12: =SUM(C18:C21) -> 196 | T12: =SUM(D18:D21) -> 16 | U12: =SUM(E18:E21) -> 24 | V12: =SUM(F18:F21) -> 112 | W12: =SUM(G18:G21) -> 1 | X12: =SUM(H18:H21) -> 0 | Y12: =SUM(I18:I21) -> 23 | Z12: =SUM(J18:J21) -> 45 | ... AF12: =SUM(P18:P21) -> 1210
B13: 07.45 - 08.00 | C13: 36 | D13: 2 | E13: 6 | F13: 27 | G13: 0 | H13: 0 | I13: 3 | J13: 13 | K13: 2 | L13: 0 | M13: 180 | N13: 0 | O13: =SUM(C13:L13,N13) -> 89 | P13: =SUM(C13:N13) -> 269 | R13: 1000-1100 | S13: =SUM(C22:C25) -> 160 | T13: =SUM(D22:D25) -> 24 | U13: =SUM(E22:E25) -> 13 | V13: =SUM(F22:F25) -> 105 | W13: =SUM(G22:G25) -> 4 | X13: =SUM(H22:H25) -> 0 | Y13: =SUM(I22:I25) -> 6 | Z13: =SUM(J22:J25) -> 56 | ... AF13: =SUM(P22:P25) -> 1262
B14: 08.00 - 08.15 | C14: 42 | D14: 4 | E14: 5 | F14: 26 | G14: 0 | H14: 0 | I14: 3 | J14: 8 | K14: 2 | L14: 1 | M14: 195 | N14: 0 | O14: =SUM(C14:L14,N14) -> 91 | P14: =SUM(C14:N14) -> 286 | R14: 1100-1200 | S14: =SUM(C26:C29) -> 165 | T14: =SUM(D26:D29) -> 23 | U14: =SUM(E26:E29) -> 10 | V14: =SUM(F26:F29) -> 114 | W14: =SUM(G26:G29) -> 3 | X14: =SUM(H26:H29) -> 1 | Y14: =SUM(I26:I29) -> 28 | Z14: =SUM(J26:J29) -> 56 | ... AF14: =SUM(P26:P29) -> 1303
B15: 08.15 - 08.30 | C15: 33 | D15: 8 | E15: 2 | F15: 21 | G15: 2 | H15: 1 | I15: 7 | J15: 19 | K15: 0 | L15: 0 | M15: 185 | N15: 0 | O15: =SUM(C15:L15,N15) -> 93 | P15: =SUM(C15:N15) -> 278 | R15: 1200-1300 | S15: =SUM(C30:C33) -> 189 | T15: =SUM(D30:D33) -> 30 | U15: =SUM(E30:E33) -> 25 | V15: =SUM(F30:F33) -> 114 | W15: =SUM(G30:G33) -> 1 | X15: =SUM(H30:H33) -> 1 | Y15: =SUM(I30:I33) -> 15 | Z15: =SUM(J30:J33) -> 56 | ... AF15: =SUM(P30:P33) -> 1040
B16: 08.30 - 08.45 | C16: 46 | D16: 2 | E16: 4 | F16: 35 | G16: 1 | H16: 1 | I16: 3 | J16: 16 | K16: 4 | L16: 0 | M16: 200 | N16: 0 | O16: =SUM(C16:L16,N16) -> 112 | P16: =SUM(C16:N16) -> 312 | R16: 1300-1400 | S16: =SUM(C34:C37) -> 155 | T16: =SUM(D34:D37) -> 23 | U16: =SUM(E34:E37) -> 18 | V16: =SUM(F34:F37) -> 113 | W16: =SUM(G34:G37) -> 8 | X16: =SUM(H34:H37) -> 0 | Y16: =SUM(I34:I37) -> 22 | Z16: =SUM(J34:J37) -> 40 | ... AF16: =SUM(P34:P37) -> 1013
B17: 08.45 - 9.00 | C17: 48 | D17: 7 | E17: 4 | F17: 26 | G17: 0 | H17: 0 | I17: 13 | J17: 11 | K17: 0 | L17: 0 | M17: 255 | N17: 0 | O17: =SUM(C17:L17,N17) -> 109 | P17: =SUM(C17:N17) -> 364 | R17: 1400-1500 | S17: =SUM(C38:C41) -> 184 | T17: =SUM(D38:D41) -> 25 | U17: =SUM(E38:E41) -> 16 | V17: =SUM(F38:F41) -> 105 | W17: =SUM(G38:G41) -> 3 | X17: =SUM(H38:H41) -> 6 | Y17: =SUM(I38:I41) -> 26 | Z17: =SUM(J38:J41) -> 52 | ... AF17: =SUM(P38:P41) -> 1089
B18: 09.00 - 09.15 | C18: 57 | D18: 8 | E18: 7 | F18: 31 | G18: 0 | H18: 0 | I18: 8 | J18: 13 | K18: 3 | L18: 2 | M18: 185 | N18: 0 | O18: =SUM(C18:L18,N18) -> 129 | P18: =SUM(C18:N18) -> 314 | R18: 1500-1600 | S18: =SUM(C42:C45) -> 175 | T18: =SUM(D42:D45) -> 19 | U18: =SUM(E42:E45) -> 15 | V18: =SUM(F42:F45) -> 106 | W18: =SUM(G42:G45) -> 3 | X18: =SUM(H42:H45) -> 1 | Y18: =SUM(I42:I45) -> 30 | Z18: =SUM(J42:J45) -> 43 | ... AF18: =SUM(P42:P45) -> 937
B19: 09.15 - 09.30 | C19: 47 | D19: 7 | E19: 5 | F19: 25 | G19: 0 | H19: 0 | I19: 4 | J19: 11 | K19: 3 | L19: 1 | M19: 190 | N19: 0 | O19: =SUM(C19:L19,N19) -> 103 | P19: =SUM(C19:N19) -> 293 | R19: 1600-1700 | S19: =SUM(C46:C49) -> 164 | T19: =SUM(D46:D49) -> 19 | U19: =SUM(E46:E49) -> 9 | V19: =SUM(F46:F49) -> 109 | W19: =SUM(G46:G49) -> 3 | X19: =SUM(H46:H49) -> 1 | Y19: =SUM(I46:I49) -> 25 | Z19: =SUM(J46:J49) -> 36 | ... AF19: =SUM(P46:P49) -> 925
B20: 09.30 - 09.45 | C20: 28 | D20: 1 | E20: 5 | F20: 27 | G20: 1 | H20: 0 | I20: 4 | J20: 10 | K20: 2 | L20: 0 | M20: 215 | N20: 0 | O20: =SUM(C20:L20,N20) -> 78 | P20: =SUM(C20:N20) -> 293 | R20: 1700-1800 | S20: =SUM(C50:C53) -> 163 | T20: =SUM(D50:D53) -> 26 | U20: =SUM(E50:E53) -> 20 | V20: =SUM(F50:F53) -> 134 | W20: =SUM(G50:G53) -> 4 | X20: =SUM(H50:H53) -> 2 | Y20: =SUM(I50:I53) -> 16 | Z20: =SUM(J50:J53) -> 51 | ... AF20: =SUM(P50:P53) -> 1327
B21: 09.45 - 10.00 | C21: 64 | D21: 0 | E21: 7 | F21: 29 | G21: 0 | H21: 0 | I21: 7 | J21: 11 | K21: 2 | L21: 0 | M21: 190 | N21: 0 | O21: =SUM(C21:L21,N21) -> 120 | P21: =SUM(C21:N21) -> 310 | R21: 1800-1900 | S21: =SUM(C54:C57) -> 130 | T21: =SUM(D54:D57) -> 27 | U21: =SUM(E54:E57) -> 14 | V21: =SUM(F54:F57) -> 124 | W21: =SUM(G54:G57) -> 2 | X21: =SUM(H54:H57) -> 3 | Y21: =SUM(I54:I57) -> 20 | Z21: =SUM(J54:J57) -> 33 | ... AF21: =SUM(P54:P57) -> 1074
B22: 10.00 - 10.15 | C22: 60 | D22: 5 | E22: 2 | F22: 35 | G22: 0 | H22: 0 | I22: 1 | J22: 36 | K22: 3 | L22: 0 | M22: 190 | N22: 0 | O22: =SUM(C22:L22,N22) -> 142 | P22: =SUM(C22:N22) -> 332 | R22: 1900-2000 | S22: =SUM(C58:C61) -> 140 | T22: =SUM(D58:D61) -> 17 | U22: =SUM(E58:E61) -> 14 | V22: =SUM(F58:F61) -> 107 | W22: =SUM(G58:G61) -> 2 | X22: =SUM(H58:H61) -> 1 | Y22: =SUM(I58:I61) -> 13 | Z22: =SUM(J58:J61) -> 17 | ... AF22: =SUM(P58:P61) -> 1125
B23: 10.15 - 10.30 | C23: 25 | D23: 7 | E23: 0 | F23: 23 | G23: 1 | H23: 0 | I23: 0 | J23: 2 | K23: 0 | L23: 0 | M23: 205 | N23: 0 | O23: =SUM(C23:L23,N23) -> 58 | P23: =SUM(C23:N23) -> 263 | R23: 2000-2100 | S23: =SUM(C62:C65) -> 107 | T23: =SUM(D62:D65) -> 25 | U23: =SUM(E62:E65) -> 11 | V23: =SUM(F62:F65) -> 110 | W23: =SUM(G62:G65) -> 3 | X23: =SUM(H62:H65) -> 0 | Y23: =SUM(I62:I65) -> 20 | Z23: =SUM(J62:J65) -> 8 | ... AF23: =SUM(P62:P65) -> 1228
B24: 10.30 - 10.45 | C24: 35 | D24: 6 | E24: 3 | F24: 26 | G24: 2 | H24: 0 | I24: 3 | J24: 10 | K24: 3 | L24: 0 | M24: 240 | N24: 0 | O24: =SUM(C24:L24,N24) -> 88 | P24: =SUM(C24:N24) -> 328 | R24: 2100-2200 | S24: =SUM(C66:C69) -> 99 | T24: =SUM(D66:D69) -> 21 | U24: =SUM(E66:E69) -> 22 | V24: =SUM(F66:F69) -> 126 | W24: =SUM(G66:G69) -> 1 | X24: =SUM(H66:H69) -> 0 | Y24: =SUM(I66:I69) -> 14 | Z24: =SUM(J66:J69) -> 16 | ... AF24: =SUM(P66:P69) -> 782
B25: 10.45 - 11.00 | C25: 40 | D25: 6 | E25: 8 | F25: 21 | G25: 1 | H25: 0 | I25: 2 | J25: 8 | K25: 2 | L25: 1 | M25: 250 | N25: 0 | O25: =SUM(C25:L25,N25) -> 89 | P25: =SUM(C25:N25) -> 339 | R25: 2200-2300 | S25: =SUM(C70:C73) -> 135 | T25: =SUM(D70:D73) -> 29 | U25: =SUM(E70:E73) -> 27 | V25: =SUM(F70:F73) -> 112 | W25: =SUM(G70:G73) -> 2 | X25: =SUM(H70:H73) -> 6 | Y25: =SUM(I70:I73) -> 27 | Z25: =SUM(J70:J73) -> 16 | ... AF25: =SUM(P70:P73) -> 702
B26: 11.00 - 11.15 | C26: 32 | D26: 3 | E26: 1 | F26: 26 | G26: 2 | H26: 0 | I26: 4 | J26: 12 | K26: 2 | L26: 1 | M26: 240 | N26: 0 | O26: =SUM(C26:L26,N26) -> 83 | P26: =SUM(C26:N26) -> 323 | R26: 2300-0000 | S26: =SUM(C74:C77) -> 123 | T26: =SUM(D74:D77) -> 21 | U26: =SUM(E74:E77) -> 25 | V26: =SUM(F74:F77) -> 58 | W26: =SUM(G74:G77) -> 0 | X26: =SUM(H74:H77) -> 80 | Y26: =SUM(I74:I77) -> 23 | Z26: =SUM(J74:J77) -> 30 | ... AF26: =SUM(P74:P77) -> 710
B27: 11.15 - 11.30 | C27: 41 | D27: 3 | E27: 2 | F27: 27 | G27: 0 | H27: 0 | I27: 6 | J27: 13 | K27: 2 | L27: 1 | M27: 235 | N27: 0 | O27: =SUM(C27:L27,N27) -> 95 | P27: =SUM(C27:N27) -> 330 | R27: 0000-0100 | S27: =SUM(C78:C81) -> 83 | T27: =SUM(D78:D81) -> 5 | U27: =SUM(E78:E81) -> 11 | V27: =SUM(F78:F81) -> 33 | W27: =SUM(G78:G81) -> 1 | X27: =SUM(H78:H81) -> 1 | Y27: =SUM(I78:I81) -> 25 | Z27: =SUM(J78:J81) -> 52 | ... AF27: =SUM(P78:P81) -> 566
B28: 11.30 - 11.45 | C28: 36 | D28: 8 | E28: 4 | F28: 31 | G28: 1 | H28: 1 | I28: 12 | J28: 17 | K28: 3 | L28: 1 | M28: 210 | N28: 0 | O28: =SUM(C28:L28,N28) -> 114 | P28: =SUM(C28:N28) -> 324 | R28: 0100-0200 | S28: =SUM(C82:C85) -> 54 | T28: =SUM(D82:D85) -> 6 | U28: =SUM(E82:E85) -> 9 | V28: =SUM(F82:F85) -> 22 | W28: =SUM(G82:G85) -> 0 | X28: =SUM(H82:H85) -> 0 | Y28: =SUM(I82:I85) -> 20 | Z28: =SUM(J82:J85) -> 40 | ... AF28: =SUM(P82:P85) -> 471
B29: 11.45 - 12.00 | C29: 56 | D29: 9 | E29: 3 | F29: 30 | G29: 0 | H29: 0 | I29: 6 | J29: 14 | K29: 5 | L29: 3 | M29: 200 | N29: 0 | O29: =SUM(C29:L29,N29) -> 126 | P29: =SUM(C29:N29) -> 326 | R29: 0200-0300 | S29: =SUM(C86:C89) -> 51 | T29: =SUM(D86:D89) -> 7 | U29: =SUM(E86:E89) -> 5 | V29: =SUM(F86:F89) -> 13 | W29: =SUM(G86:G89) -> 0 | X29: =SUM(H86:H89) -> 0 | Y29: =SUM(I86:I89) -> 13 | Z29: =SUM(J86:J89) -> 48 | ... AF29: =SUM(P86:P89) -> 406
B30: 12.00 - 12.15 | C30: 41 | D30: 4 | E30: 3 | F30: 28 | G30: 0 | H30: 1 | I30: 3 | J30: 10 | K30: 3 | L30: 0 | M30: 170 | N30: 0 | O30: =SUM(C30:L30,N30) -> 93 | P30: =SUM(C30:N30) -> 263 | R30: 0300-0400 | S30: =SUM(C90:C93) -> 42 | T30: =SUM(D90:D93) -> 5 | U30: =SUM(E90:E93) -> 2 | V30: =SUM(F90:F93) -> 11 | W30: =SUM(G90:G93) -> 0 | X30: =SUM(H90:H93) -> 1 | Y30: =SUM(I90:I93) -> 12 | Z30: =SUM(J90:J93) -> 51 | ... AF30: =SUM(P90:P93) -> 326
B31: 12.15 - 12.30 | C31: 60 | D31: 15 | E31: 11 | F31: 31 | G31: 0 | H31: 0 | I31: 7 | J31: 21 | K31: 2 | L31: 2 | M31: 150 | N31: 0 | O31: =SUM(C31:L31,N31) -> 149 | P31: =SUM(C31:N31) -> 299 | R31: 0400-0500 | S31: =SUM(C94:C97) -> 22 | T31: =SUM(D94:D97) -> 4 | U31: =SUM(E94:E97) -> 2 | V31: =SUM(F94:F97) -> 7 | W31: =SUM(G94:G97) -> 0 | X31: =SUM(H94:H97) -> 1 | Y31: =SUM(I94:I97) -> 16 | Z31: =SUM(J94:J97) -> 36 | ... AF31: =SUM(P94:P97) -> 212
B32: 12.30 - 12.45 | C32: 46 | D32: 6 | E32: 4 | F32: 32 | G32: 0 | H32: 0 | I32: 3 | J32: 13 | K32: 3 | L32: 1 | M32: 145 | N32: 0 | O32: =SUM(C32:L32,N32) -> 108 | P32: =SUM(C32:N32) -> 253 | R32: 0500-0600 | S32: =SUM(C98:C101) -> 39 | T32: =SUM(D98:D101) -> 5 | U32: =SUM(E98:E101) -> 13 | V32: =SUM(F98:F101) -> 59 | W32: =SUM(G98:G101) -> 7 | X32: =SUM(H98:H101) -> 4 | Y32: =SUM(I98:I101) -> 15 | Z32: =SUM(J98:J101) -> 40 | ... AF32: =SUM(P98:P101) -> 396
B33: 12.45 - 13.00 | C33: 42 | D33: 5 | E33: 7 | F33: 23 | G33: 1 | H33: 0 | I33: 2 | J33: 12 | K33: 3 | L33: 0 | M33: 130 | N33: 0 | O33: =SUM(C33:L33,N33) -> 95 | P33: =SUM(C33:N33) -> 225 | R33: 0600-0700 | S33: =SUM(C102:C105) -> 63 | T33: =SUM(D102:D105) -> 12 | U33: =SUM(E102:E105) -> 22 | V33: =SUM(F102:F105) -> 102 | W33: =SUM(G102:G105) -> 5 | X33: =SUM(H102:H105) -> 1 | Y33: =SUM(I102:I105) -> 25 | Z33: =SUM(J102:J105) -> 48 | ... AF33: =SUM(P102:P105) -> 638
B34: 13.00 - 13.15 | C34: 45 | D34: 7 | E34: 6 | F34: 24 | G34: 4 | H34: 0 | I34: 3 | J34: 13 | K34: 2 | L34: 0 | M34: 150 | N34: 0 | O34: =SUM(C34:L34,N34) -> 104 | P34: =SUM(C34:N34) -> 254 | R34: AM Peak Hr | S34: =MAX(S10:S12) -> 196 | T34: =MAX(T10:T12) -> 21 | U34: =MAX(U10:U12) -> 24 | V34: =MAX(V10:V12) -> 112 | W34: =MAX(W10:W12) -> 3 | X34: =MAX(X10:X12) -> 4 | Y34: =MAX(Y10:Y12) -> 26 | Z34: =MAX(Z10:Z12) -> 54 | ... AF34: =MAX(AF10:AF12) -> 1240
B35: 13.15 - 13.30 | C35: 30 | D35: 6 | E35: 4 | F35: 26 | G35: 4 | H35: 0 | I35: 8 | J35: 5 | K35: 5 | L35: 0 | M35: 170 | N35: 0 | O35: =SUM(C35:L35,N35) -> 88 | P35: =SUM(C35:N35) -> 258 | R35: IP Peak Hr | S35: =MAX(S13:S18) -> 189 | T35: =MAX(T13:T18) -> 30 | U35: =MAX(U13:U18) -> 25 | V35: =MAX(V13:V18) -> 114 | W35: =MAX(W13:W18) -> 8 | X35: =MAX(X13:X18) -> 6 | Y35: =MAX(Y13:Y18) -> 30 | Z35: =MAX(Z13:Z18) -> 56 | ... AF35: =MAX(AF13:AF18) -> 1303
B36: 13.30 - 13.45 | C36: 53 | D36: 5 | E36: 7 | F36: 37 | G36: 0 | H36: 0 | I36: 10 | J36: 17 | K36: 6 | L36: 0 | M36: 140 | N36: 0 | O36: =SUM(C36:L36,N36) -> 135 | P36: =SUM(C36:N36) -> 275 | R36: PM Peak Hr | S36: =MAX(S19:S21) -> 164 | T36: =MAX(T19:T21) -> 27 | U36: =MAX(U19:U21) -> 20 | V36: =MAX(V19:V21) -> 134 | W36: =MAX(W19:W21) -> 4 | X36: =MAX(X19:X21) -> 3 | Y36: =MAX(Y19:Y21) -> 25 | Z36: =MAX(Z19:Z21) -> 51 | ... AF36: =MAX(AF19:AF21) -> 1327
B37: 13.45 - 14.00 | C37: 27 | D37: 5 | E37: 1 | F37: 26 | G37: 0 | H37: 0 | I37: 1 | J37: 5 | K37: 1 | L37: 0 | M37: 160 | N37: 0 | O37: =SUM(C37:L37,N37) -> 66 | P37: =SUM(C37:N37) -> 226 | R37: AM Period | S37: =SUM(S10:S12) -> 538 | T37: =SUM(T10:T12) -> 50 | U37: =SUM(U10:U12) -> 53 | V37: =SUM(V10:V12) -> 298 | W37: =SUM(W10:W12) -> 6 | X37: =SUM(X10:X12) -> 6 | Y37: =SUM(Y10:Y12) -> 64 | Z37: =SUM(Z10:Z12) -> 128 | ... AF37: =SUM(AF10:AF12) -> 3332
B38: 14.00 - 14.15 | C38: 35 | D38: 3 | E38: 0 | F38: 22 | G38: 2 | H38: 0 | I38: 1 | J38: 6 | K38: 5 | L38: 0 | M38: 175 | N38: 0 | O38: =SUM(C38:L38,N38) -> 74 | P38: =SUM(C38:N38) -> 249 | R38: IP Period | S38: =SUM(S13:S18) -> 1028 | T38: =SUM(T13:T18) -> 144 | U38: =SUM(U13:U18) -> 97 | V38: =SUM(V13:V18) -> 657 | W38: =SUM(W13:W18) -> 22 | X38: =SUM(X13:X18) -> 9 | Y38: =SUM(Y13:Y18) -> 127 | Z38: =SUM(Z13:Z18) -> 303 | ... AF38: =SUM(AF13:AF18) -> 6644
B39: 14.15 - 14.30 | C39: 47 | D39: 4 | E39: 4 | F39: 25 | G39: 0 | H39: 0 | I39: 16 | J39: 10 | K39: 2 | L39: 0 | M39: 180 | N39: 0 | O39: =SUM(C39:L39,N39) -> 108 | P39: =SUM(C39:N39) -> 288 | R39: PM Period | S39: =SUM(S19:S21) -> 457 | T39: =SUM(T19:T21) -> 72 | U39: =SUM(U19:U21) -> 43 | V39: =SUM(V19:V21) -> 367 | W39: =SUM(W19:W21) -> 9 | X39: =SUM(X19:X21) -> 6 | Y39: =SUM(Y19:Y21) -> 61 | Z39: =SUM(Z19:Z21) -> 120 | ... AF39: =SUM(AF19:AF21) -> 3326
B40: 14.30 - 14.45 | C40: 56 | D40: 4 | E40: 6 | F40: 32 | G40: 0 | H40: 0 | I40: 6 | J40: 17 | K40: 3 | L40: 0 | M40: 160 | N40: 0 | O40: =SUM(C40:L40,N40) -> 124 | P40: =SUM(C40:N40) -> 284 | R40: 12 Hours | S40: =SUM(S10:S21) -> 2023 | T40: =SUM(T10:T21) -> 266 | U40: =SUM(U10:U21) -> 193 | V40: =SUM(V10:V21) -> 1322 | W40: =SUM(W10:W21) -> 37 | X40: =SUM(X10:X21) -> 21 | Y40: =SUM(Y10:Y21) -> 252 | Z40: =SUM(Z10:Z21) -> 551 | ... AF40: =SUM(AF10:AF21) -> 13302
B41: 14.45 - 15.00 | C41: 46 | D41: 14 | E41: 6 | F41: 26 | G41: 1 | H41: 6 | I41: 3 | J41: 19 | K41: 2 | L41: 0 | M41: 145 | N41: 0 | O41: =SUM(C41:L41,N41) -> 123 | P41: =SUM(C41:N41) -> 268 | R41: 24 Hrs/ADT | S41: =SUM(S10:S33) -> 2981 | T41: =SUM(T10:T33) -> 423 | U41: =SUM(U10:U33) -> 356 | V41: =SUM(V10:V33) -> 2082 | W41: =SUM(W10:W33) -> 58 | X41: =SUM(X10:X33) -> 116 | Y41: =SUM(Y10:Y33) -> 475 | Z41: =SUM(Z10:Z33) -> 953 | ... AF41: =SUM(AF10:AF33) -> 20864
B42: 15.00 - 15.15 | C42: 50 | D42: 5 | E42: 3 | F42: 25 | G42: 2 | H42: 0 | I42: 7 | J42: 9 | K42: 6 | L42: 0 | M42: 195 | N42: 0 | O42: =SUM(C42:L42,N42) -> 107 | P42: =SUM(C42:N42) -> 302 | R42: NEF | S42: =S41/S40 -> 1.4735541 | T42: =T41/T40 -> 1.5902256 | U42: =U41/U40 -> 1.8445596 | V42: =V41/V40 -> 1.5748865 | W42: =W41/W40 -> 1.5675676 | X42: =X41/X40 -> 5.5238095 | Y42: =Y41/Y40 -> 1.8849206 | Z42: =Z41/Z40 -> 1.7295826 | ... AF42: =AF41/AF40 -> 1.5684859
B43: 15.15 - 15.30 | C43: 47 | D43: 3 | E43: 4 | F43: 27 | G43: 1 | H43: 1 | I43: 8 | J43: 13 | K43: 2 | L43: 0 | M43: 150 | N43: 0 | O43: =SUM(C43:L43,N43) -> 106 | P43: =SUM(C43:N43) -> 256
B44: 15.30 - 15.45 | C44: 37 | D44: 7 | E44: 4 | F44: 24 | G44: 0 | H44: 0 | I44: 8 | J44: 12 | K44: 3 | L44: 0 | M44: 180 | N44: 0 | O44: =SUM(C44:L44,N44) -> 95 | P44: =SUM(C44:N44) -> 275
B45: 15.45 - 16.00 | C45: 41 | D45: 4 | E45: 4 | F45: 30 | G45: 0 | H45: 0 | I45: 7 | J45: 9 | K45: 3 | L45: 4 | M45: 1 | N45: 1 | O45: =SUM(C45:L45,N45) -> 103 | P45: =SUM(C45:N45) -> 104
B46: 16.00 - 16.15 | C46: 41 | D46: 2 | E46: 2 | F46: 25 | G46: 0 | H46: 0 | I46: 3 | J46: 4 | K46: 1 | L46: 0 | M46: 85 | N46: 0 | O46: =SUM(C46:L46,N46) -> 78 | P46: =SUM(C46:N46) -> 163
B47: 16.15 -16.30 | C47: 46 | D47: 5 | E47: 2 | F47: 18 | G47: 1 | H47: 0 | I47: 7 | J47: 8 | K47: 0 | L47: 0 | M47: 145 | N47: 0 | O47: =SUM(C47:L47,N47) -> 87 | P47: =SUM(C47:N47) -> 232
B48: 16.30 -16.45 | C48: 48 | D48: 9 | E48: 4 | F48: 41 | G48: 1 | H48: 1 | I48: 8 | J48: 14 | K48: 1 | L48: 0 | M48: 190 | N48: 0 | O48: =SUM(C48:L48,N48) -> 127 | P48: =SUM(C48:N48) -> 317
B49: 16.45 -17.00 | C49: 29 | D49: 3 | E49: 1 | F49: 25 | G49: 1 | H49: 0 | I49: 7 | J49: 10 | K49: 2 | L49: 0 | M49: 135 | N49: 0 | O49: =SUM(C49:L49,N49) -> 78 | P49: =SUM(C49:N49) -> 213
B50: 17.00 -17.15 | C50: 32 | D50: 8 | E50: 8 | F50: 34 | G50: 2 | H50: 1 | I50: 4 | J50: 22 | K50: 3 | L50: 0 | M50: 275 | N50: 0 | O50: =SUM(C50:L50,N50) -> 114 | P50: =SUM(C50:N50) -> 389
B51: 17.15 -17.30 | C51: 39 | D51: 9 | E51: 3 | F51: 28 | G51: 1 | H51: 0 | I51: 4 | J51: 10 | K51: 4 | L51: 0 | M51: 195 | N51: 0 | O51: =SUM(C51:L51,N51) -> 98 | P51: =SUM(C51:N51) -> 293
B52: 17.30 -17.45 | C52: 40 | D52: 6 | E52: 5 | F52: 26 | G52: 0 | H52: 1 | I52: 6 | J52: 11 | K52: 4 | L52: 0 | M52: 250 | N52: 0 | O52: =SUM(C52:L52,N52) -> 99 | P52: =SUM(C52:N52) -> 349
B53: 17.45 -18.00 | C53: 52 | D53: 3 | E53: 4 | F53: 46 | G53: 1 | H53: 0 | I53: 2 | J53: 8 | K53: 0 | L53: 0 | M53: 180 | N53: 0 | O53: =SUM(C53:L53,N53) -> 116 | P53: =SUM(C53:N53) -> 296
B54: 18.00 - 18.15 | C54: 33 | D54: 7 | E54: 5 | F54: 28 | G54: 1 | H54: 0 | I54: 10 | J54: 6 | K54: 1 | L54: 0 | M54: 160 | N54: 0 | O54: =SUM(C54:L54,N54) -> 91 | P54: =SUM(C54:N54) -> 251
... B105: 06.45 - 07.00 | C105: 19 | D105: 6 | E105: 9 | F105: 34 | G105: 0 | H105: 1 | I105: 7 | J105: 14 | K105: 2 | L105: 3 | M105: 105 | N105: 0 | O105: =SUM(C105:L105,N105) -> 95 | P105: =SUM(C105:N105) -> 200
B106: Totals | C106: =SUM(C10:C105) -> 2981 | D106: =SUM(D10:D105) -> 423 | E106: =SUM(E10:E105) -> 356 | F106: =SUM(F10:F105) -> 2082 | G106: =SUM(G10:G105) -> 58 | H106: =SUM(H10:H105) -> 116 | I106: =SUM(I10:I105) -> 475 | J106: =SUM(J10:J105) -> 953 | ... P106: =SUM(P10:P105) -> 20864
B107: %ges + MCs | C107: =C106/$P$106 -> 0.14287768 | D107: =D106/$P$106 -> 0.020274156 | E107: =E106/$P$106 -> 0.017062883 | F107: =F106/$P$106 -> 0.09978911 | G107: =G106/$P$106 -> 0.002779908 | H107: =H106/$P$106 -> 0.005559816 | I107: =I106/$P$106 -> 0.022766488 | J107: =J106/$P$106 -> 0.045676764 | ... N107: =N106/$P$106 -> 9.5858896e-05
B108: %ges w/o MCs | C108: =C106/$O$106 -> 0.38524166 | D108: =D106/$O$106 -> 0.054665288 | E108: =E106/$O$106 -> 0.04600672 | F108: =F106/$O$106 -> 0.26906177 | G108: =G106/$O$106 -> 0.0074954769 | H108: =H106/$O$106 -> 0.014990954 | I108: =I106/$O$106 -> 0.061385371 | J108: =J106/$O$106 -> 0.12315844 | ... L108: =L106/$O$106 -> 0.011243215 | N108: =N106/$O$106 -> 0.00025846472

Sheet 26.07 Ndeeba-Nateete-24h
B1: Consultancy services for Preparation of Expressway Development Master Plan (EDMP) for Uganda
B2: MANUAL CLASSIFIED COUNT (MCC)
B3: ROAD NAME: | C3: ='22.07 Nateete-Ndeeba'!C3:G3 -> MCC - C1 - STN07 - MASAKA ROAD
C5: Date | D5: ='26.07 Nateete-Ndeeba-24h'!D5 -> 26.07.19 | F5: Location | G5: ='26.07 Nateete-Ndeeba-24h'!G5:H5 -> Rhino Funeral Services | J5: Surveyor | K5: Asibazuyo Jennipher& Kyagulanyi Lawrence
C6: Dir. From | D6: ='22.07 Ndeeba-Nateete'!D6:E6 -> Ndeeba | F6: Dir. To | G6: ='23.07 Ndeeba-Nateete'!G6:H6 -> Nateete | J6: Supervisor | K6: ='26.07 Nateete-Ndeeba-24h'!K6:L6 -> Felix
B8: Time / Veh Type | R8: SUMMARY TRAFFIC VOLUMES
C9: 1. Car | D9: 2. Station Wagon | E9: 3. Pickups | F9: 4. Minibus, matatu | G9: 5. Medium bus | H9: 6. Large Bus | I9: 7. Light Truck | J9: 8. Medium Truck | K9: 9. Heavy truck | L9: 10. Truck Trailer | M9: 11. Motor cycles | N9: 12. Tractors | O9: Total Excl M/Cycles | P9: Total All | R9: Time | S9: 1. Car | T9: 2. Station Wagon | U9: 3. Pickups | V9: 4. Minibus, matatu | W9: 5. Medium bus | X9: 6. Large Bus | Y9: 7. Light Truck | Z9: 8. Medium Truck | AA9: 9. Heavy truck | AB9: 10. Truck Trailer | AC9: 11. Motorcycles | AD9: 12. Tractors, Graders | AE9: Total Excl M/ Cycles | AF9: Total All
B10: 07.00 - 07.15 | C10: 27 | D10: 3 | E10: 0 | F10: 17 | G10: 0 | H10: 30 | I10: 3 | J10: 0 | K10: 0 | L10: 0 | M10: 142 | N10: 0 | O10: =SUM(C10:L10,N10) -> 80 | P10: =SUM(C10:N10) -> 222 | R10: 0700-0800 | S10: =SUM(C10:C13) -> 56 | T10: =SUM(D10:D13) -> 27 | U10: =SUM(E10:E13) -> 4 | V10: =SUM(F10:F13) -> 76 | W10: =SUM(G10:G13) -> 1 | X10: =SUM(H10:H13) -> 31 | Y10: =SUM(I10:I13) -> 20 | Z10: =SUM(J10:J13) -> 5 | ... AF10: =SUM(P10:P13) -> 801
B11: 07.15 - 07.30 | C11: 5 | D11: 4 | E11: 0 | F11: 12 | G11: 0 | H11: 0 | I11: 4 | J11: 0 | K11: 0 | L11: 0 | M11: 80 | N11: 0 | O11: =SUM(C11:L11,N11) -> 25 | P11: =SUM(C11:N11) -> 105 | R11: 0800-0900 | S11: =SUM(C14:C17) -> 78 | T11: =SUM(D14:D17) -> 54 | U11: =SUM(E14:E17) -> 14 | V11: =SUM(F14:F17) -> 269 | W11: =SUM(G14:G17) -> 5 | X11: =SUM(H14:H17) -> 0 | Y11: =SUM(I14:I17) -> 45 | Z11: =SUM(J14:J17) -> 12 | ... AF11: =SUM(P14:P17) -> 1425
B12: 07.30 - 07.45 | C12: 18 | D12: 8 | E12: 3 | F12: 27 | G12: 0 | H12: 1 | I12: 6 | J12: 3 | K12: 0 | L12: 0 | M12: 122 | N12: 0 | O12: =SUM(C12:L12,N12) -> 66 | P12: =SUM(C12:N12) -> 188 | R12: 0900-1000 | S12: =SUM(C18:C21) -> 78 | T12: =SUM(D18:D21) -> 77 | U12: =SUM(E18:E21) -> 10 | V12: =SUM(F18:F21) -> 178 | W12: =SUM(G18:G21) -> 8 | X12: =SUM(H18:H21) -> 0 | Y12: =SUM(I18:I21) -> 86 | Z12: =SUM(J18:J21) -> 18 | ... AF12: =SUM(P18:P21) -> 1306
B13: 07.45 - 08.00 | C13: 6 | D13: 12 | E13: 1 | F13: 20 | G13: 1 | H13: 0 | I13: 7 | J13: 2 | K13: 0 | L13: 0 | M13: 237 | N13: 0 | O13: =SUM(C13:L13,N13) -> 49 | P13: =SUM(C13:N13) -> 286 | R13: 1000-1100 | S13: =SUM(C22:C25) -> 80 | T13: =SUM(D22:D25) -> 18 | U13: =SUM(E22:E25) -> 10 | V13: =SUM(F22:F25) -> 113 | W13: =SUM(G22:G25) -> 3 | X13: =SUM(H22:H25) -> 1 | Y13: =SUM(I22:I25) -> 60 | Z13: =SUM(J22:J25) -> 16 | ... AF13: =SUM(P22:P25) -> 857
B14: 08.00 - 08.15 | C14: 17 | D14: 14 | E14: 1 | F14: 37 | G14: 1 | H14: 0 | I14: 6 | J14: 2 | K14: 4 | L14: 1 | M14: 285 | N14: 0 | O14: =SUM(C14:L14,N14) -> 83 | P14: =SUM(C14:N14) -> 368 | R14: 1100-1200 | S14: =SUM(C26:C29) -> 62 | T14: =SUM(D26:D29) -> 46 | U14: =SUM(E26:E29) -> 17 | V14: =SUM(F26:F29) -> 98 | W14: =SUM(G26:G29) -> 4 | X14: =SUM(H26:H29) -> 0 | Y14: =SUM(I26:I29) -> 49 | Z14: =SUM(J26:J29) -> 17 | ... AF14: =SUM(P26:P29) -> 975
B15: 08.15 - 08.30 | C15: 20 | D15: 21 | E15: 4 | F15: 70 | G15: 2 | H15: 0 | I15: 16 | J15: 6 | K15: 1 | L15: 1 | M15: 175 | N15: 0 | O15: =SUM(C15:L15,N15) -> 141 | P15: =SUM(C15:N15) -> 316 | R15: 1200-1300 | S15: =SUM(C30:C33) -> 60 | T15: =SUM(D30:D33) -> 35 | U15: =SUM(E30:E33) -> 6 | V15: =SUM(F30:F33) -> 177 | W15: =SUM(G30:G33) -> 3 | X15: =SUM(H30:H33) -> 0 | Y15: =SUM(I30:I33) -> 35 | Z15: =SUM(J30:J33) -> 14 | ... AF15: =SUM(P30:P33) -> 1019
B16: 08.30 - 08.45 | C16: 19 | D16: 10 | E16: 6 | F16: 50 | G16: 1 | H16: 0 | I16: 11 | J16: 3 | K16: 5 | L16: 0 | M16: 149 | N16: 0 | O16: =SUM(C16:L16,N16) -> 105 | P16: =SUM(C16:N16) -> 254 | R16: 1300-1400 | S16: =SUM(C34:C37) -> 31 | T16: =SUM(D34:D37) -> 20 | U16: =SUM(E34:E37) -> 21 | V16: =SUM(F34:F37) -> 88 | W16: =SUM(G34:G37) -> 1 | X16: =SUM(H34:H37) -> 0 | Y16: =SUM(I34:I37) -> 33 | Z16: =SUM(J34:J37) -> 13 | ... AF16: =SUM(P34:P37) -> 694
B17: 08.45 - 9.00 | C17: 22 | D17: 9 | E17: 3 | F17: 112 | G17: 1 | H17: 0 | I17: 12 | J17: 1 | K17: 0 | L17: 1 | M17: 326 | N17: 0 | O17: =SUM(C17:L17,N17) -> 161 | P17: =SUM(C17:N17) -> 487 | R17: 1400-1500 | S17: =SUM(C38:C41) -> 72 | T17: =SUM(D38:D41) -> 38 | U17: =SUM(E38:E41) -> 15 | V17: =SUM(F38:F41) -> 92 | W17: =SUM(G38:G41) -> 2 | X17: =SUM(H38:H41) -> 0 | Y17: =SUM(I38:I41) -> 50 | Z17: =SUM(J38:J41) -> 20 | ... AF17: =SUM(P38:P41) -> 768
B18: 09.00 - 09.15 | C18: 13 | D18: 24 | E18: 5 | F18: 65 | G18: 0 | H18: 0 | I18: 43 | J18: 3 | K18: 0 | L18: 0 | M18: 291 | N18: 0 | O18: =SUM(C18:L18,N18) -> 153 | P18: =SUM(C18:N18) -> 444 | R18: 1500-1600 | S18: =SUM(C42:C45) -> 44 | T18: =SUM(D42:D45) -> 22 | U18: =SUM(E42:E45) -> 11 | V18: =SUM(F42:F45) -> 57 | W18: =SUM(G42:G45) -> 0 | X18: =SUM(H42:H45) -> 0 | Y18: =SUM(I42:I45) -> 34 | Z18: =SUM(J42:J45) -> 15 | ... AF18: =SUM(P42:P45) -> 440
B19: 09.15 - 09.30 | C19: 25 | D19: 19 | E19: 2 | F19: 42 | G19: 2 | H19: 0 | I19: 18 | J19: 2 | K19: 0 | L19: 0 | M19: 189 | N19: 0 | O19: =SUM(C19:L19,N19) -> 110 | P19: =SUM(C19:N19) -> 299 | R19: 1600-1700 | S19: =SUM(C46:C49) -> 48 | T19: =SUM(D46:D49) -> 23 | U19: =SUM(E46:E49) -> 15 | V19: =SUM(F46:F49) -> 41 | W19: =SUM(G46:G49) -> 2 | X19: =SUM(H46:H49) -> 3 | Y19: =SUM(I46:I49) -> 36 | Z19: =SUM(J46:J49) -> 3 | ... AF19: =SUM(P46:P49) -> 456
B20: 09.30 - 09.45 | C20: 21 | D20: 13 | E20: 3 | F20: 44 | G20: 4 | H20: 0 | I20: 8 | J20: 7 | K20: 0 | L20: 0 | M20: 175 | N20: 0 | O20: =SUM(C20:L20,N20) -> 100 | P20: =SUM(C20:N20) -> 275 | R20: 1700-1800 | S20: =SUM(C50:C53) -> 74 | T20: =SUM(D50:D53) -> 22 | U20: =SUM(E50:E53) -> 13 | V20: =SUM(F50:F53) -> 96 | W20: =SUM(G50:G53) -> 0 | X20: =SUM(H50:H53) -> 3 | Y20: =SUM(I50:I53) -> 75 | Z20: =SUM(J50:J53) -> 4 | ... AF20: =SUM(P50:P53) -> 1035
B21: 09.45 - 10.00 | C21: 19 | D21: 21 | E21: 0 | F21: 27 | G21: 2 | H21: 0 | I21: 17 | J21: 6 | K21: 0 | L21: 1 | M21: 195 | N21: 0 | O21: =SUM(C21:L21,N21) -> 93 | P21: =SUM(C21:N21) -> 288 | R21: 1800-1900 | S21: =SUM(C54:C57) -> 93 | T21: =SUM(D54:D57) -> 26 | U21: =SUM(E54:E57) -> 20 | V21: =SUM(F54:F57) -> 155 | W21: =SUM(G54:G57) -> 5 | X21: =SUM(H54:H57) -> 0 | Y21: =SUM(I54:I57) -> 67 | Z21: =SUM(J54:J57) -> 23 | ... AF21: =SUM(P54:P57) -> 962
B22: 10.00 - 10.15 | C22: 32 | D22: 4 | E22: 3 | F22: 23 | G22: 3 | H22: 0 | I22: 16 | J22: 4 | K22: 7 | L22: 0 | M22: 154 | N22: 0 | O22: =SUM(C22:L22,N22) -> 92 | P22: =SUM(C22:N22) -> 246 | R22: 1900-2000 | S22: =SUM(C58:C61) -> 119 | T22: =SUM(D58:D61) -> 9 | U22: =SUM(E58:E61) -> 10 | V22: =SUM(F58:F61) -> 63 | W22: =SUM(G58:G61) -> 1 | X22: =SUM(H58:H61) -> 0 | Y22: =SUM(I58:I61) -> 28 | Z22: =SUM(J58:J61) -> 20 | ... AF22: =SUM(P58:P61) -> 858
B23: 10.15 - 10.30 | C23: 21 | D23: 6 | E23: 1 | F23: 43 | G23: 0 | H23: 0 | I23: 16 | J23: 8 | K23: 0 | L23: 1 | M23: 122 | N23: 0 | O23: =SUM(C23:L23,N23) -> 96 | P23: =SUM(C23:N23) -> 218 | R23: 2000-2100 | S23: =SUM(C62:C65) -> 100 | T23: =SUM(D62:D65) -> 11 | U23: =SUM(E62:E65) -> 3 | V23: =SUM(F62:F65) -> 65 | W23: =SUM(G62:G65) -> 2 | X23: =SUM(H62:H65) -> 4 | Y23: =SUM(I62:I65) -> 26 | Z23: =SUM(J62:J65) -> 16 | ... AF23: =SUM(P62:P65) -> 789
B24: 10.30 - 10.45 | C24: 13 | D24: 0 | E24: 3 | F24: 18 | G24: 0 | H24: 1 | I24: 8 | J24: 2 | K24: 0 | L24: 0 | M24: 104 | N24: 0 | O24: =SUM(C24:L24,N24) -> 45 | P24: =SUM(C24:N24) -> 149 | R24: 2100-2200 | S24: =SUM(C66:C69) -> 134 | T24: =SUM(D66:D69) -> 21 | U24: =SUM(E66:E69) -> 11 | V24: =SUM(F66:F69) -> 62 | W24: =SUM(G66:G69) -> 3 | X24: =SUM(H66:H69) -> 2 | Y24: =SUM(I66:I69) -> 25 | Z24: =SUM(J66:J69) -> 26 | ... AF24: =SUM(P66:P69) -> 963
B25: 10.45 - 11.00 | C25: 14 | D25: 8 | E25: 3 | F25: 29 | G25: 0 | H25: 0 | I25: 20 | J25: 2 | K25: 0 | L25: 0 | M25: 168 | N25: 0 | O25: =SUM(C25:L25,N25) -> 76 | P25: =SUM(C25:N25) -> 244 | R25: 2200-2300 | S25: =SUM(C70:C73) -> 142 | T25: =SUM(D70:D73) -> 11 | U25: =SUM(E70:E73) -> 10 | V25: =SUM(F70:F73) -> 85 | W25: =SUM(G70:G73) -> 1 | X25: =SUM(H70:H73) -> 0 | Y25: =SUM(I70:I73) -> 19 | Z25: =SUM(J70:J73) -> 16 | ... AF25: =SUM(P70:P73) -> 721
B26: 11.00 - 11.15 | C26: 23 | D26: 15 | E26: 5 | F26: 16 | G26: 0 | H26: 0 | I26: 17 | J26: 3 | K26: 0 | L26: 0 | M26: 149 | N26: 0 | O26: =SUM(C26:L26,N26) -> 79 | P26: =SUM(C26:N26) -> 228 | R26: 2300-0000 | S26: =SUM(C74:C77) -> 152 | T26: =SUM(D74:D77) -> 19 | U26: =SUM(E74:E77) -> 11 | V26: =SUM(F74:F77) -> 86 | W26: =SUM(G74:G77) -> 4 | X26: =SUM(H74:H77) -> 3 | Y26: =SUM(I74:I77) -> 26 | Z26: =SUM(J74:J77) -> 16 | ... AF26: =SUM(P74:P77) -> 806
B27: 11.15 - 11.30 | C27: 9 | D27: 11 | E27: 2 | F27: 17 | G27: 2 | H27: 0 | I27: 13 | J27: 4 | K27: 2 | L27: 0 | M27: 183 | N27: 0 | O27: =SUM(C27:L27,N27) -> 60 | P27: =SUM(C27:N27) -> 243 | R27: 0000-0100 | S27: =SUM(C78:C81) -> 99 | T27: =SUM(D78:D81) -> 14 | U27: =SUM(E78:E81) -> 6 | V27: =SUM(F78:F81) -> 31 | W27: =SUM(G78:G81) -> 1 | X27: =SUM(H78:H81) -> 4 | Y27: =SUM(I78:I81) -> 17 | Z27: =SUM(J78:J81) -> 10 | ... AF27: =SUM(P78:P81) -> 710
B28: 11.30 - 11.45 | C28: 18 | D28: 9 | E28: 8 | F28: 43 | G28: 2 | H28: 0 | I28: 17 | J28: 3 | K28: 2 | L28: 1 | M28: 172 | N28: 0 | O28: =SUM(C28:L28,N28) -> 103 | P28: =SUM(C28:N28) -> 275 | R28: 0100-0200 | S28: =SUM(C82:C85) -> 58 | T28: =SUM(D82:D85) -> 8 | U28: =SUM(E82:E85) -> 4 | V28: =SUM(F82:F85) -> 13 | W28: =SUM(G82:G85) -> 0 | X28: =SUM(H82:H85) -> 0 | Y28: =SUM(I82:I85) -> 9 | Z28: =SUM(J82:J85) -> 6 | ... AF28: =SUM(P82:P85) -> 310
B29: 11.45 - 12.00 | C29: 12 | D29: 11 | E29: 2 | F29: 22 | G29: 0 | H29: 0 | I29: 2 | J29: 7 | K29: 0 | L29: 0 | M29: 173 | N29: 0 | O29: =SUM(C29:L29,N29) -> 56 | P29: =SUM(C29:N29) -> 229 | R29: 0200-0300 | S29: =SUM(C86:C89) -> 48 | T29: =SUM(D86:D89) -> 3 | U29: =SUM(E86:E89) -> 4 | V29: =SUM(F86:F89) -> 10 | W29: =SUM(G86:G89) -> 0 | X29: =SUM(H86:H89) -> 0 | Y29: =SUM(I86:I89) -> 9 | Z29: =SUM(J86:J89) -> 15 | ... AF29: =SUM(P86:P89) -> 361
B30: 12.00 - 12.15 | C30: 17 | D30: 10 | E30: 3 | F30: 31 | G30: 1 | H30: 0 | I30: 8 | J30: 1 | K30: 2 | L30: 3 | M30: 186 | N30: 0 | O30: =SUM(C30:L30,N30) -> 76 | P30: =SUM(C30:N30) -> 262 | R30: 0300-0400 | S30: =SUM(C90:C93) -> 19 | T30: =SUM(D90:D93) -> 2 | U30: =SUM(E90:E93) -> 2 | V30: =SUM(F90:F93) -> 6 | W30: =SUM(G90:G93) -> 0 | X30: =SUM(H90:H93) -> 1 | Y30: =SUM(I90:I93) -> 7 | Z30: =SUM(J90:J93) -> 6 | ... AF30: =SUM(P90:P93) -> 176
B31: 12.15 - 12.30 | C31: 12 | D31: 7 | E31: 3 | F31: 23 | G31: 0 | H31: 0 | I31: 15 | J31: 7 | K31: 0 | L31: 1 | M31: 180 | N31: 0 | O31: =SUM(C31:L31,N31) -> 68 | P31: =SUM(C31:N31) -> 248 | R31: 0400-0500 | S31: =SUM(C94:C97) -> 25 | T31: =SUM(D94:D97) -> 3 | U31: =SUM(E94:E97) -> 2 | V31: =SUM(F94:F97) -> 8 | W31: =SUM(G94:G97) -> 0 | X31: =SUM(H94:H97) -> 0 | Y31: =SUM(I94:I97) -> 9 | Z31: =SUM(J94:J97) -> 4 | ... AF31: =SUM(P94:P97) -> 141
B32: 12.30 - 12.45 | C32: 22 | D32: 13 | E32: 0 | F32: 33 | G32: 2 | H32: 0 | I32: 8 | J32: 3 | K32: 0 | L32: 1 | M32: 162 | N32: 0 | O32: =SUM(C32:L32,N32) -> 82 | P32: =SUM(C32:N32) -> 244 | R32: 0500-0600 | S32: =SUM(C98:C101) -> 45 | T32: =SUM(D98:D101) -> 12 | U32: =SUM(E98:E101) -> 9 | V32: =SUM(F98:F101) -> 57 | W32: =SUM(G98:G101) -> 1 | X32: =SUM(H98:H101) -> 1 | Y32: =SUM(I98:I101) -> 17 | Z32: =SUM(J98:J101) -> 26 | ... AF32: =SUM(P98:P101) -> 433
B33: 12.45 - 13.00 | C33: 9 | D33: 5 | E33: 0 | F33: 90 | G33: 0 | H33: 0 | I33: 4 | J33: 3 | K33: 1 | L33: 0 | M33: 153 | N33: 0 | O33: =SUM(C33:L33,N33) -> 112 | P33: =SUM(C33:N33) -> 265 | R33: 0600-0700 | S33: =SUM(C102:C105) -> 74 | T33: =SUM(D102:D105) -> 14 | U33: =SUM(E102:E105) -> 9 | V33: =SUM(F102:F105) -> 85 | W33: =SUM(G102:G105) -> 3 | X33: =SUM(H102:H105) -> 2 | Y33: =SUM(I102:I105) -> 23 | Z33: =SUM(J102:J105) -> 20 | ... AF33: =SUM(P102:P105) -> 606
B34: 13.00 - 13.15 | C34: 9 | D34: 1 | E34: 5 | F34: 23 | G34: 0 | H34: 0 | I34: 9 | J34: 2 | K34: 0 | L34: 0 | M34: 86 | N34: 0 | O34: =SUM(C34:L34,N34) -> 49 | P34: =SUM(C34:N34) -> 135 | R34: AM Peak Hr | S34: =MAX(S10:S12) -> 78 | T34: =MAX(T10:T12) -> 77 | U34: =MAX(U10:U12) -> 14 | V34: =MAX(V10:V12) -> 269 | W34: =MAX(W10:W12) -> 8 | X34: =MAX(X10:X12) -> 31 | Y34: =MAX(Y10:Y12) -> 86 | Z34: =MAX(Z10:Z12) -> 18 | ... AF34: =MAX(AF10:AF12) -> 1425
B35: 13.15 - 13.30 | C35: 3 | D35: 6 | E35: 9 | F35: 15 | G35: 0 | H35: 0 | I35: 7 | J35: 3 | K35: 0 | L35: 0 | M35: 97 | N35: 0 | O35: =SUM(C35:L35,N35) -> 43 | P35: =SUM(C35:N35) -> 140 | R35: IP Peak Hr | S35: =MAX(S13:S18) -> 80 | T35: =MAX(T13:T18) -> 46 | U35: =MAX(U13:U18) -> 21 | V35: =MAX(V13:V18) -> 177 | W35: =MAX(W13:W18) -> 4 | X35: =MAX(X13:X18) -> 1 | Y35: =MAX(Y13:Y18) -> 60 | Z35: =MAX(Z13:Z18) -> 20 | ... AF35: =MAX(AF13:AF18) -> 1019
B36: 13.30 - 13.45 | C36: 7 | D36: 11 | E36: 7 | F36: 17 | G36: 1 | H36: 0 | I36: 6 | J36: 5 | K36: 1 | L36: 0 | M36: 158 | N36: 0 | O36: =SUM(C36:L36,N36) -> 55 | P36: =SUM(C36:N36) -> 213 | R36: PM Peak Hr | S36: =MAX(S19:S21) -> 93 | T36: =MAX(T19:T21) -> 26 | U36: =MAX(U19:U21) -> 20 | V36: =MAX(V19:V21) -> 155 | W36: =MAX(W19:W21) -> 5 | X36: =MAX(X19:X21) -> 3 | Y36: =MAX(Y19:Y21) -> 75 | Z36: =MAX(Z19:Z21) -> 23 | ... AF36: =MAX(AF19:AF21) -> 1035
B37: 13.45 - 14.00 | C37: 12 | D37: 2 | E37: 0 | F37: 33 | G37: 0 | H37: 0 | I37: 11 | J37: 3 | K37: 1 | L37: 2 | M37: 142 | N37: 0 | O37: =SUM(C37:L37,N37) -> 64 | P37: =SUM(C37:N37) -> 206 | R37: AM Period | S37: =SUM(S10:S12) -> 212 | T37: =SUM(T10:T12) -> 158 | U37: =SUM(U10:U12) -> 28 | V37: =SUM(V10:V12) -> 523 | W37: =SUM(W10:W12) -> 14 | X37: =SUM(X10:X12) -> 31 | Y37: =SUM(Y10:Y12) -> 151 | Z37: =SUM(Z10:Z12) -> 35 | ... AF37: =SUM(AF10:AF12) -> 3532
B38: 14.00 - 14.15 | C38: 17 | D38: 2 | E38: 3 | F38: 23 | G38: 0 | H38: 0 | I38: 13 | J38: 8 | K38: 0 | L38: 0 | M38: 98 | N38: 0 | O38: =SUM(C38:L38,N38) -> 66 | P38: =SUM(C38:N38) -> 164 | R38: IP Period | S38: =SUM(S13:S18) -> 349 | T38: =SUM(T13:T18) -> 179 | U38: =SUM(U13:U18) -> 80 | V38: =SUM(V13:V18) -> 625 | W38: =SUM(W13:W18) -> 13 | X38: =SUM(X13:X18) -> 1 | Y38: =SUM(Y13:Y18) -> 261 | Z38: =SUM(Z13:Z18) -> 95 | ... AF38: =SUM(AF13:AF18) -> 4753
B39: 14.15 - 14.30 | C39: 23 | D39: 16 | E39: 2 | F39: 33 | G39: 0 | H39: 0 | I39: 17 | J39: 2 | K39: 0 | L39: 0 | M39: 105 | N39: 0 | O39: =SUM(C39:L39,N39) -> 93 | P39: =SUM(C39:N39) -> 198 | R39: PM Period | S39: =SUM(S19:S21) -> 215 | T39: =SUM(T19:T21) -> 71 | U39: =SUM(U19:U21) -> 48 | V39: =SUM(V19:V21) -> 292 | W39: =SUM(W19:W21) -> 7 | X39: =SUM(X19:X21) -> 6 | Y39: =SUM(Y19:Y21) -> 178 | Z39: =SUM(Z19:Z21) -> 30 | ... AF39: =SUM(AF19:AF21) -> 2453
B40: 14.30 - 14.45 | C40: 24 | D40: 17 | E40: 8 | F40: 23 | G40: 1 | H40: 0 | I40: 12 | J40: 3 | K40: 0 | L40: 0 | M40: 134 | N40: 0 | O40: =SUM(C40:L40,N40) -> 88 | P40: =SUM(C40:N40) -> 222 | R40: 12 Hours | S40: =SUM(S10:S21) -> 776 | T40: =SUM(T10:T21) -> 408 | U40: =SUM(U10:U21) -> 156 | V40: =SUM(V10:V21) -> 1440 | W40: =SUM(W10:W21) -> 34 | X40: =SUM(X10:X21) -> 38 | Y40: =SUM(Y10:Y21) -> 590 | Z40: =SUM(Z10:Z21) -> 160 | ... AF40: =SUM(AF10:AF21) -> 10738
B41: 14.45 - 15.00 | C41: 8 | D41: 3 | E41: 2 | F41: 13 | G41: 1 | H41: 0 | I41: 8 | J41: 7 | K41: 1 | L41: 0 | M41: 141 | N41: 0 | O41: =SUM(C41:L41,N41) -> 43 | P41: =SUM(C41:N41) -> 184 | R41: 24 Hrs/ADT | S41: =SUM(S10:S33) -> 1791 | T41: =SUM(T10:T33) -> 535 | U41: =SUM(U10:U33) -> 237 | V41: =SUM(V10:V33) -> 2011 | W41: =SUM(W10:W33) -> 50 | X41: =SUM(X10:X33) -> 55 | Y41: =SUM(Y10:Y33) -> 805 | Z41: =SUM(Z10:Z33) -> 341 | ... AF41: =SUM(AF10:AF33) -> 17612
B42: 15.00 - 15.15 | C42: 13 | D42: 7 | E42: 5 | F42: 18 | G42: 0 | H42: 0 | I42: 12 | J42: 9 | K42: 1 | L42: 0 | M42: 97 | N42: 0 | O42: =SUM(C42:L42,N42) -> 65 | P42: =SUM(C42:N42) -> 162 | R42: NEF | S42: =S41/S40 -> 2.3079897 | T42: =T41/T40 -> 1.3112745 | U42: =U41/U40 -> 1.5192308 | V42: =V41/V40 -> 1.3965278 | W42: =W41/W40 -> 1.4705882 | X42: =X41/X40 -> 1.4473684 | Y42: =Y41/Y40 -> 1.3644068 | Z42: =Z41/Z40 -> 2.13125 | ... AF42: =AF41/AF40 -> 1.6401565
B43: 15.15 - 15.30 | C43: 8 | D43: 5 | E43: 1 | F43: 6 | G43: 0 | H43: 0 | I43: 4 | J43: 1 | K43: 0 | L43: 0 | M43: 93 | N43: 0 | O43: =SUM(C43:L43,N43) -> 25 | P43: =SUM(C43:N43) -> 118
B44: 15.30 - 15.45 | C44: 4 | D44: 6 | E44: 4 | F44: 24 | G44: 0 | H44: 0 | I44: 8 | J44: 3 | K44: 1 | L44: 2 | M44: 44 | N44: 0 | O44: =SUM(C44:L44,N44) -> 52 | P44: =SUM(C44:N44) -> 96
B45: 15.45 - 16.00 | C45: 19 | D45: 4 | E45: 1 | F45: 9 | G45: 0 | H45: 0 | I45: 10 | J45: 2 | K45: 0 | L45: 0 | M45: 19 | N45: 0 | O45: =SUM(C45:L45,N45) -> 45 | P45: =SUM(C45:N45) -> 64
B46: 16.00 - 16.15 | C46: 22 | D46: 12 | E46: 3 | F46: 7 | G46: 1 | H46: 0 | I46: 15 | J46: 0 | K46: 0 | L46: 0 | M46: 38 | N46: 0 | O46: =SUM(C46:L46,N46) -> 60 | P46: =SUM(C46:N46) -> 98
B47: 16.15 -16.30 | C47: 5 | D47: 0 | E47: 6 | F47: 10 | G47: 0 | H47: 1 | I47: 7 | J47: 0 | K47: 0 | L47: 0 | M47: 49 | N47: 0 | O47: =SUM(C47:L47,N47) -> 29 | P47: =SUM(C47:N47) -> 78
B48: 16.30 -16.45 | C48: 8 | D48: 9 | E48: 5 | F48: 11 | G48: 1 | H48: 0 | I48: 5 | J48: 1 | K48: 0 | L48: 0 | M48: 114 | N48: 0 | O48: =SUM(C48:L48,N48) -> 40 | P48: =SUM(C48:N48) -> 154
B49: 16.45 -17.00 | C49: 13 | D49: 2 | E49: 1 | F49: 13 | G49: 0 | H49: 2 | I49: 9 | J49: 2 | K49: 0 | L49: 0 | M49: 84 | N49: 0 | O49: =SUM(C49:L49,N49) -> 42 | P49: =SUM(C49:N49) -> 126
B50: 17.00 -17.15 | C50: 23 | D50: 12 | E50: 3 | F50: 28 | G50: 0 | H50: 1 | I50: 17 | J50: 4 | K50: 3 | L50: 1 | M50: 157 | N50: 0 | O50: =SUM(C50:L50,N50) -> 92 | P50: =SUM(C50:N50) -> 249
B51: 17.15 -17.30 | C51: 18 | D51: 1 | E51: 3 | F51: 19 | G51: 0 | H51: 2 | I51: 14 | J51: 0 | K51: 0 | L51: 0 | M51: 163 | N51: 0 | O51: =SUM(C51:L51,N51) -> 57 | P51: =SUM(C51:N51) -> 220
B52: 17.30 -17.45 | C52: 16 | D52: 7 | E52: 4 | F52: 36 | G52: 0 | H52: 0 | I52: 20 | J52: 0 | K52: 3 | L52: 0 | M52: 176 | N52: 0 | O52: =SUM(C52:L52,N52) -> 86 | P52: =SUM(C52:N52) -> 262
B53: 17.45 -18.00 | C53: 17 | D53: 2 | E53: 3 | F53: 13 | G53: 0 | H53: 0 | I53: 24 | J53: 0 | K53: 0 | L53: 0 | M53: 245 | N53: 0 | O53: =SUM(C53:L53,N53) -> 59 | P53: =SUM(C53:N53) -> 304
B54: 18.00 - 18.15 | C54: 18 | D54: 3 | E54: 4 | F54: 23 | G54: 1 | H54: 0 | I54: 17 | J54: 8 | K54: 0 | L54: 0 | M54: 103 | N54: 0 | O54: =SUM(C54:L54,N54) -> 74 | P54: =SUM(C54:N54) -> 177
... B105: 06.45 - 07.00 | C105: 27 | D105: 7 | E105: 2 | F105: 26 | G105: 0 | H105: 1 | I105: 5 | J105: 4 | K105: 1 | L105: 2 | M105: 39 | N105: 0 | O105: =SUM(C105:L105,N105) -> 75 | P105: =SUM(C105:N105) -> 114
B106: Totals | C106: =SUM(C10:C105) -> 1791 | D106: =SUM(D10:D105) -> 535 | E106: =SUM(E10:E105) -> 237 | F106: =SUM(F10:F105) -> 2011 | G106: =SUM(G10:G105) -> 50 | H106: =SUM(H10:H105) -> 55 | I106: =SUM(I10:I105) -> 805 | J106: =SUM(J10:J105) -> 341 | ... P106: =SUM(P10:P105) -> 17612
B107: %ges + MCs | C107: =C106/$P$106 -> 0.10169203 | D107: =D106/$P$106 -> 0.030377016 | E107: =E106/$P$106 -> 0.013456734 | F107: =F106/$P$106 -> 0.11418351 | G107: =G106/$P$106 -> 0.0028389734 | H107: =H106/$P$106 -> 0.0031228708 | I107: =I106/$P$106 -> 0.045707472 | J107: =J106/$P$106 -> 0.019361799 | ... N107: =N106/$P$106 -> 0.0051101522
B108: %ges w/o MCs | C108: =C106/$O$106 -> 0.29544705 | D108: =D106/$O$106 -> 0.088254701 | E108: =E106/$O$106 -> 0.039096008 | F108: =F106/$O$106 -> 0.3317387 | G108: =G106/$O$106 -> 0.0082481029 | H108: =H106/$O$106 -> 0.0090729132 | I108: =I106/$O$106 -> 0.13279446 | J108: =J106/$O$106 -> 0.056252062 | ... L108: =L106/$O$106 -> 0.010887496 | N108: =N106/$O$106 -> 0.014846585

Sheet 27.07 Nateete-Ndeeba-24h
B1: Consultancy services for Preparation of Expressway Development Master Plan (EDMP) for Uganda
B2: MANUAL CLASSIFIED COUNT (MCC)
B3: ROAD NAME: | C3: ='22.07 Nateete-Ndeeba'!C3:G3 -> MCC - C1 - STN07 - MASAKA ROAD
C5: Date | D5: 27.07.19 | F5: Location | G5: ='26.07 Ndeeba-Nateete-24h'!G5:H5 -> Rhino Funeral Services | J5: Surveyor | K5: Ahimbisibwe Faith & Bukozi Nicholas
C6: Dir. From | D6: ='22.07 Nateete-Ndeeba'!D6:E6 -> Nateete | F6: Dir. To | G6: ='22.07 Nateete-Ndeeba'!G6:H6 -> Ndeeba | J6: Supervisor | K6: ='26.07 Ndeeba-Nateete-24h'!K6:L6 -> Felix
B8: Time / Veh Type | R8: SUMMARY TRAFFIC VOLUMES
C9: 1. Car | D9: 2. Station Wagon | E9: 3. Pickups | F9: 4. Minibus, matatu | G9: 5. Medium bus | H9: 6. Large Bus | I9: 7. Light Truck | J9: 8. Medium Truck | K9: 9. Heavy truck | L9: 10. Truck Trailer | M9: 11. Motor cycles | N9: 12. Tractors | O9: Total Excl M/Cycles | P9: Total All | R9: Time | S9: 1. Car | T9: 2. Station Wagon | U9: 3. Pickups | V9: 4. Minibus, matatu | W9: 5. Medium bus | X9: 6. Large Bus | Y9: 7. Light Truck | Z9: 8. Medium Truck | AA9: 9. Heavy truck | AB9: 10. Truck Trailer | AC9: 11. Motorcycles | AD9: 12. Tractors, Graders | AE9: Total Excl M/ Cycles | AF9: Total All
B10: 07.00 - 07.15 | C10: 15 | D10: 0 | E10: 0 | F10: 13 | G10: 0 | H10: 0 | I10: 0 | J10: 11 | K10: 0 | L10: 0 | M10: 90 | N10: 0 | O10: =SUM(C10:L10,N10) -> 39 | P10: =SUM(C10:N10) -> 129 | R10: 0700-0800 | S10: =SUM(C10:C13) -> 120 | T10: =SUM(D10:D13) -> 10 | U10: =SUM(E10:E13) -> 7 | V10: =SUM(F10:F13) -> 101 | W10: =SUM(G10:G13) -> 0 | X10: =SUM(H10:H13) -> 1 | Y10: =SUM(I10:I13) -> 13 | Z10: =SUM(J10:J13) -> 43 | ... AF10: =SUM(P10:P13) -> 730
B11: 07.15 - 07.30 | C11: 28 | D11: 3 | E11: 2 | F11: 26 | G11: 0 | H11: 0 | I11: 5 | J11: 10 | K11: 10 | L11: 0 | M11: 100 | N11: 0 | O11: =SUM(C11:L11,N11) -> 84 | P11: =SUM(C11:N11) -> 184 | R11: 0800-0900 | S11: =SUM(C14:C17) -> 157 | T11: =SUM(D14:D17) -> 21 | U11: =SUM(E14:E17) -> 9 | V11: =SUM(F14:F17) -> 87 | W11: =SUM(G14:G17) -> 0 | X11: =SUM(H14:H17) -> 1 | Y11: =SUM(I14:I17) -> 21 | Z11: =SUM(J14:J17) -> 39 | ... AF11: =SUM(P14:P17) -> 912
B12: 07.30 - 07.45 | C12: 38 | D12: 4 | E12: 3 | F12: 30 | G12: 0 | H12: 1 | I12: 4 | J12: 12 | K12: 0 | L12: 0 | M12: 130 | N12: 0 | O12: =SUM(C12:L12,N12) -> 92 | P12: =SUM(C12:N12) -> 222 | R12: 0900-1000 | S12: =SUM(C18:C21) -> 180 | T12: =SUM(D18:D21) -> 29 | U12: =SUM(E18:E21) -> 15 | V12: =SUM(F18:F21) -> 107 | W12: =SUM(G18:G21) -> 5 | X12: =SUM(H18:H21) -> 5 | Y12: =SUM(I18:I21) -> 20 | Z12: =SUM(J18:J21) -> 55 | ... AF12: =SUM(P18:P21) -> 1200
B13: 07.45 - 08.00 | C13: 39 | D13: 3 | E13: 2 | F13: 32 | G13: 0 | H13: 0 | I13: 4 | J13: 10 | K13: 0 | L13: 0 | M13: 105 | N13: 0 | O13: =SUM(C13:L13,N13) -> 90 | P13: =SUM(C13:N13) -> 195 | R13: 1000-1100 | S13: =SUM(C22:C25) -> 148 | T13: =SUM(D22:D25) -> 16 | U13: =SUM(E22:E25) -> 9 | V13: =SUM(F22:F25) -> 88 | W13: =SUM(G22:G25) -> 0 | X13: =SUM(H22:H25) -> 0 | Y13: =SUM(I22:I25) -> 8 | Z13: =SUM(J22:J25) -> 29 | ... AF13: =SUM(P22:P25) -> 974
B14: 08.00 - 08.15 | C14: 44 | D14: 3 | E14: 1 | F14: 27 | G14: 0 | H14: 0 | I14: 6 | J14: 13 | K14: 3 | L14: 2 | M14: 100 | N14: 0 | O14: =SUM(C14:L14,N14) -> 99 | P14: =SUM(C14:N14) -> 199 | R14: 1100-1200 | S14: =SUM(C26:C29) -> 218 | T14: =SUM(D26:D29) -> 27 | U14: =SUM(E26:E29) -> 17 | V14: =SUM(F26:F29) -> 128 | W14: =SUM(G26:G29) -> 1 | X14: =SUM(H26:H29) -> 1 | Y14: =SUM(I26:I29) -> 14 | Z14: =SUM(J26:J29) -> 44 | ... AF14: =SUM(P26:P29) -> 1175
B15: 08.15 - 08.30 | C15: 38 | D15: 2 | E15: 2 | F15: 23 | G15: 0 | H15: 0 | I15: 7 | J15: 10 | K15: 5 | L15: 0 | M15: 140 | N15: 0 | O15: =SUM(C15:L15,N15) -> 87 | P15: =SUM(C15:N15) -> 227 | R15: 1200-1300 | S15: =SUM(C30:C33) -> 203 | T15: =SUM(D30:D33) -> 27 | U15: =SUM(E30:E33) -> 19 | V15: =SUM(F30:F33) -> 103 | W15: =SUM(G30:G33) -> 3 | X15: =SUM(H30:H33) -> 1 | Y15: =SUM(I30:I33) -> 29 | Z15: =SUM(J30:J33) -> 47 | ... AF15: =SUM(P30:P33) -> 1111
B16: 08.30 - 08.45 | C16: 37 | D16: 7 | E16: 2 | F16: 19 | G16: 0 | H16: 0 | I16: 4 | J16: 11 | K16: 1 | L16: 0 | M16: 160 | N16: 0 | O16: =SUM(C16:L16,N16) -> 81 | P16: =SUM(C16:N16) -> 241 | R16: 1300-1400 | S16: =SUM(C34:C37) -> 186 | T16: =SUM(D34:D37) -> 18 | U16: =SUM(E34:E37) -> 20 | V16: =SUM(F34:F37) -> 104 | W16: =SUM(G34:G37) -> 1 | X16: =SUM(H34:H37) -> 0 | Y16: =SUM(I34:I37) -> 20 | Z16: =SUM(J34:J37) -> 63 | ... AF16: =SUM(P34:P37) -> 1172
B17: 08.45 - 9.00 | C17: 38 | D17: 9 | E17: 4 | F17: 18 | G17: 0 | H17: 1 | I17: 4 | J17: 5 | K17: 1 | L17: 0 | M17: 165 | N17: 0 | O17: =SUM(C17:L17,N17) -> 80 | P17: =SUM(C17:N17) -> 245 | R17: 1400-1500 | S17: =SUM(C38:C41) -> 170 | T17: =SUM(D38:D41) -> 22 | U17: =SUM(E38:E41) -> 27 | V17: =SUM(F38:F41) -> 90 | W17: =SUM(G38:G41) -> 0 | X17: =SUM(H38:H41) -> 0 | Y17: =SUM(I38:I41) -> 17 | Z17: =SUM(J38:J41) -> 50 | ... AF17: =SUM(P38:P41) -> 1091
B18: 09.00 - 09.15 | C18: 29 | D18: 6 | E18: 4 | F18: 21 | G18: 1 | H18: 0 | I18: 6 | J18: 12 | K18: 1 | L18: 0 | M18: 145 | N18: 0 | O18: =SUM(C18:L18,N18) -> 80 | P18: =SUM(C18:N18) -> 225 | R18: 1500-1600 | S18: =SUM(C42:C45) -> 161 | T18: =SUM(D42:D45) -> 17 | U18: =SUM(E42:E45) -> 14 | V18: =SUM(F42:F45) -> 100 | W18: =SUM(G42:G45) -> 0 | X18: =SUM(H42:H45) -> 0 | Y18: =SUM(I42:I45) -> 9 | Z18: =SUM(J42:J45) -> 42 | ... AF18: =SUM(P42:P45) -> 993
B19: 09.15 - 09.30 | C19: 45 | D19: 12 | E19: 5 | F19: 30 | G19: 1 | H19: 1 | I19: 5 | J19: 11 | K19: 3 | L19: 0 | M19: 210 | N19: 0 | O19: =SUM(C19:L19,N19) -> 113 | P19: =SUM(C19:N19) -> 323 | R19: 1600-1700 | S19: =SUM(C46:C49) -> 178 | T19: =SUM(D46:D49) -> 15 | U19: =SUM(E46:E49) -> 16 | V19: =SUM(F46:F49) -> 100 | W19: =SUM(G46:G49) -> 1 | X19: =SUM(H46:H49) -> 0 | Y19: =SUM(I46:I49) -> 21 | Z19: =SUM(J46:J49) -> 46 | ... AF19: =SUM(P46:P49) -> 1037
B20: 09.30 - 09.45 | C20: 50 | D20: 3 | E20: 4 | F20: 24 | G20: 1 | H20: 1 | I20: 1 | J20: 15 | K20: 0 | L20: 0 | M20: 200 | N20: 0 | O20: =SUM(C20:L20,N20) -> 99 | P20: =SUM(C20:N20) -> 299 | R20: 1700-1800 | S20: =SUM(C50:C53) -> 193 | T20: =SUM(D50:D53) -> 23 | U20: =SUM(E50:E53) -> 21 | V20: =SUM(F50:F53) -> 123 | W20: =SUM(G50:G53) -> 2 | X20: =SUM(H50:H53) -> 2 | Y20: =SUM(I50:I53) -> 29 | Z20: =SUM(J50:J53) -> 45 | ... AF20: =SUM(P50:P53) -> 1136
B21: 09.45 - 10.00 | C21: 56 | D21: 8 | E21: 2 | F21: 32 | G21: 2 | H21: 3 | I21: 8 | J21: 17 | K21: 0 | L21: 0 | M21: 225 | N21: 0 | O21: =SUM(C21:L21,N21) -> 128 | P21: =SUM(C21:N21) -> 353 | R21: 1800-1900 | S21: =SUM(C54:C57) -> 155 | T21: =SUM(D54:D57) -> 8 | U21: =SUM(E54:E57) -> 12 | V21: =SUM(F54:F57) -> 111 | W21: =SUM(G54:G57) -> 1 | X21: =SUM(H54:H57) -> 2 | Y21: =SUM(I54:I57) -> 10 | Z21: =SUM(J54:J57) -> 27 | ... AF21: =SUM(P54:P57) -> 834
B22: 10.00 - 10.15 | C22: 37 | D22: 3 | E22: 3 | F22: 24 | G22: 0 | H22: 0 | I22: 3 | J22: 6 | K22: 2 | L22: 0 | M22: 160 | N22: 0 | O22: =SUM(C22:L22,N22) -> 78 | P22: =SUM(C22:N22) -> 238 | R22: 1900-2000 | S22: =SUM(C58:C61) -> 174 | T22: =SUM(D58:D61) -> 33 | U22: =SUM(E58:E61) -> 18 | V22: =SUM(F58:F61) -> 110 | W22: =SUM(G58:G61) -> 1 | X22: =SUM(H58:H61) -> 2 | Y22: =SUM(I58:I61) -> 18 | Z22: =SUM(J58:J61) -> 17 | ... AF22: =SUM(P58:P61) -> 995
B23: 10.15 - 10.30 | C23: 34 | D23: 0 | E23: 1 | F23: 21 | G23: 0 | H23: 0 | I23: 2 | J23: 8 | K23: 1 | L23: 0 | M23: 155 | N23: 0 | O23: =SUM(C23:L23,N23) -> 67 | P23: =SUM(C23:N23) -> 222 | R23: 2000-2100 | S23: =SUM(C62:C65) -> 163 | T23: =SUM(D62:D65) -> 29 | U23: =SUM(E62:E65) -> 10 | V23: =SUM(F62:F65) -> 165 | W23: =SUM(G62:G65) -> 6 | X23: =SUM(H62:H65) -> 1 | Y23: =SUM(I62:I65) -> 18 | Z23: =SUM(J62:J65) -> 12 | ... AF23: =SUM(P62:P65) -> 959
B24: 10.30 - 10.45 | C24: 33 | D24: 4 | E24: 4 | F24: 22 | G24: 0 | H24: 0 | I24: 2 | J24: 7 | K24: 1 | L24: 0 | M24: 170 | N24: 0 | O24: =SUM(C24:L24,N24) -> 73 | P24: =SUM(C24:N24) -> 243 | R24: 2100-2200 | S24: =SUM(C66:C69) -> 148 | T24: =SUM(D66:D69) -> 28 | U24: =SUM(E66:E69) -> 19 | V24: =SUM(F66:F69) -> 128 | W24: =SUM(G66:G69) -> 4 | X24: =SUM(H66:H69) -> 2 | Y24: =SUM(I66:I69) -> 14 | Z24: =SUM(J66:J69) -> 16 | ... AF24: =SUM(P66:P69) -> 786
B25: 10.45 - 11.00 | C25: 44 | D25: 9 | E25: 1 | F25: 21 | G25: 0 | H25: 0 | I25: 1 | J25: 8 | K25: 2 | L25: 0 | M25: 185 | N25: 0 | O25: =SUM(C25:L25,N25) -> 86 | P25: =SUM(C25:N25) -> 271 | R25: 2200-2300 | S25: =SUM(C70:C73) -> 112 | T25: =SUM(D70:D73) -> 11 | U25: =SUM(E70:E73) -> 17 | V25: =SUM(F70:F73) -> 84 | W25: =SUM(G70:G73) -> 2 | X25: =SUM(H70:H73) -> 1 | Y25: =SUM(I70:I73) -> 13 | Z25: =SUM(J70:J73) -> 11 | ... AF25: =SUM(P70:P73) -> 594
B26: 11.00 - 11.15 | C26: 51 | D26: 1 | E26: 1 | F26: 31 | G26: 0 | H26: 1 | I26: 1 | J26: 8 | K26: 2 | L26: 0 | M26: 150 | N26: 0 | O26: =SUM(C26:L26,N26) -> 96 | P26: =SUM(C26:N26) -> 246 | R26: 2300-0000 | S26: =SUM(C74:C77) -> 91 | T26: =SUM(D74:D77) -> 14 | U26: =SUM(E74:E77) -> 12 | V26: =SUM(F74:F77) -> 65 | W26: =SUM(G74:G77) -> 1 | X26: =SUM(H74:H77) -> 1 | Y26: =SUM(I74:I77) -> 3 | Z26: =SUM(J74:J77) -> 19 | ... AF26: =SUM(P74:P77) -> 460
B27: 11.15 - 11.30 | C27: 36 | D27: 3 | E27: 6 | F27: 17 | G27: 0 | H27: 0 | I27: 4 | J27: 12 | K27: 1 | L27: 0 | M27: 190 | N27: 0 | O27: =SUM(C27:L27,N27) -> 79 | P27: =SUM(C27:N27) -> 269 | R27: 0000-0100 | S27: =SUM(C78:C81) -> 70 | T27: =SUM(D78:D81) -> 12 | U27: =SUM(E78:E81) -> 13 | V27: =SUM(F78:F81) -> 46 | W27: =SUM(G78:G81) -> 5 | X27: =SUM(H78:H81) -> 4 | Y27: =SUM(I78:I81) -> 15 | Z27: =SUM(J78:J81) -> 27 | ... AF27: =SUM(P78:P81) -> 483
B28: 11.30 - 11.45 | C28: 60 | D28: 10 | E28: 7 | F28: 36 | G28: 0 | H28: 0 | I28: 6 | J28: 11 | K28: 4 | L28: 0 | M28: 180 | N28: 0 | O28: =SUM(C28:L28,N28) -> 134 | P28: =SUM(C28:N28) -> 314 | R28: 0100-0200 | S28: =SUM(C82:C85) -> 165 | T28: =SUM(D82:D85) -> 13 | U28: =SUM(E82:E85) -> 8 | V28: =SUM(F82:F85) -> 59 | W28: =SUM(G82:G85) -> 2 | X28: =SUM(H82:H85) -> 7 | Y28: =SUM(I82:I85) -> 17 | Z28: =SUM(J82:J85) -> 24 | ... AF28: =SUM(P82:P85) -> 509
B29: 11.45 - 12.00 | C29: 71 | D29: 13 | E29: 3 | F29: 44 | G29: 1 | H29: 0 | I29: 3 | J29: 13 | K29: 3 | L29: 0 | M29: 195 | N29: 0 | O29: =SUM(C29:L29,N29) -> 151 | P29: =SUM(C29:N29) -> 346 | R29: 0200-0300 | S29: =SUM(C86:C89) -> 68 | T29: =SUM(D86:D89) -> 6 | U29: =SUM(E86:E89) -> 11 | V29: =SUM(F86:F89) -> 16 | W29: =SUM(G86:G89) -> 0 | X29: =SUM(H86:H89) -> 3 | Y29: =SUM(I86:I89) -> 15 | Z29: =SUM(J86:J89) -> 33 | ... AF29: =SUM(P86:P89) -> 347
B30: 12.00 - 12.15 | C30: 39 | D30: 7 | E30: 5 | F30: 21 | G30: 1 | H30: 1 | I30: 5 | J30: 7 | K30: 0 | L30: 0 | M30: 160 | N30: 0 | O30: =SUM(C30:L30,N30) -> 86 | P30: =SUM(C30:N30) -> 246 | R30: 0300-0400 | S30: =SUM(C90:C93) -> 74 | T30: =SUM(D90:D93) -> 6 | U30: =SUM(E90:E93) -> 6 | V30: =SUM(F90:F93) -> 10 | W30: =SUM(G90:G93) -> 5 | X30: =SUM(H90:H93) -> 2 | Y30: =SUM(I90:I93) -> 20 | Z30: =SUM(J90:J93) -> 28 | ... AF30: =SUM(P90:P93) -> 335
B31: 12.15 - 12.30 | C31: 57 | D31: 10 | E31: 8 | F31: 30 | G31: 0 | H31: 0 | I31: 13 | J31: 19 | K31: 1 | L31: 0 | M31: 185 | N31: 0 | O31: =SUM(C31:L31,N31) -> 138 | P31: =SUM(C31:N31) -> 323 | R31: 0400-0500 | S31: =SUM(C94:C97) -> 29 | T31: =SUM(D94:D97) -> 0 | U31: =SUM(E94:E97) -> 3 | V31: =SUM(F94:F97) -> 7 | W31: =SUM(G94:G97) -> 1 | X31: =SUM(H94:H97) -> 4 | Y31: =SUM(I94:I97) -> 4 | Z31: =SUM(J94:J97) -> 28 | ... AF31: =SUM(P94:P97) -> 234
B32: 12.30 - 12.45 | C32: 57 | D32: 4 | E32: 4 | F32: 25 | G32: 0 | H32: 0 | I32: 5 | J32: 10 | K32: 2 | L32: 1 | M32: 190 | N32: 0 | O32: =SUM(C32:L32,N32) -> 108 | P32: =SUM(C32:N32) -> 298 | R32: 0500-0600 | S32: =SUM(C98:C101) -> 118 | T32: =SUM(D98:D101) -> 7 | U32: =SUM(E98:E101) -> 6 | V32: =SUM(F98:F101) -> 35 | W32: =SUM(G98:G101) -> 3 | X32: =SUM(H98:H101) -> 7 | Y32: =SUM(I98:I101) -> 7 | Z32: =SUM(J98:J101) -> 25 | ... AF32: =SUM(P98:P101) -> 503
B33: 12.45 - 13.00 | C33: 50 | D33: 6 | E33: 2 | F33: 27 | G33: 2 | H33: 0 | I33: 6 | J33: 11 | K33: 0 | L33: 0 | M33: 140 | N33: 0 | O33: =SUM(C33:L33,N33) -> 104 | P33: =SUM(C33:N33) -> 244 | R33: 0600-0700 | S33: =SUM(C102:C105) -> 55 | T33: =SUM(D102:D105) -> 8 | U33: =SUM(E102:E105) -> 11 | V33: =SUM(F102:F105) -> 59 | W33: =SUM(G102:G105) -> 5 | X33: =SUM(H102:H105) -> 1 | Y33: =SUM(I102:I105) -> 20 | Z33: =SUM(J102:J105) -> 40 | ... AF33: =SUM(P102:P105) -> 617
B34: 13.00 - 13.15 | C34: 44 | D34: 4 | E34: 3 | F34: 26 | G34: 0 | H34: 0 | I34: 10 | J34: 15 | K34: 1 | L34: 0 | M34: 205 | N34: 0 | O34: =SUM(C34:L34,N34) -> 103 | P34: =SUM(C34:N34) -> 308 | R34: AM Peak Hr | S34: =MAX(S10:S12) -> 180 | T34: =MAX(T10:T12) -> 29 | U34: =MAX(U10:U12) -> 15 | V34: =MAX(V10:V12) -> 107 | W34: =MAX(W10:W12) -> 5 | X34: =MAX(X10:X12) -> 5 | Y34: =MAX(Y10:Y12) -> 21 | Z34: =MAX(Z10:Z12) -> 55 | ... AF34: =MAX(AF10:AF12) -> 1200
B35: 13.15 - 13.30 | C35: 51 | D35: 8 | E35: 8 | F35: 30 | G35: 1 | H35: 0 | I35: 5 | J35: 17 | K35: 1 | L35: 2 | M35: 170 | N35: 0 | O35: =SUM(C35:L35,N35) -> 123 | P35: =SUM(C35:N35) -> 293 | R35: IP Peak Hr | S35: =MAX(S13:S18) -> 218 | T35: =MAX(T13:T18) -> 27 | U35: =MAX(U13:U18) -> 27 | V35: =MAX(V13:V18) -> 128 | W35: =MAX(W13:W18) -> 3 | X35: =MAX(X13:X18) -> 1 | Y35: =MAX(Y13:Y18) -> 29 | Z35: =MAX(Z13:Z18) -> 63 | ... AF35: =MAX(AF13:AF18) -> 1175
B36: 13.30 - 13.45 | C36: 53 | D36: 4 | E36: 4 | F36: 21 | G36: 0 | H36: 0 | I36: 4 | J36: 14 | K36: 0 | L36: 0 | M36: 210 | N36: 0 | O36: =SUM(C36:L36,N36) -> 100 | P36: =SUM(C36:N36) -> 310 | R36: PM Peak Hr | S36: =MAX(S19:S21) -> 193 | T36: =MAX(T19:T21) -> 23 | U36: =MAX(U19:U21) -> 21 | V36: =MAX(V19:V21) -> 123 | W36: =MAX(W19:W21) -> 2 | X36: =MAX(X19:X21) -> 2 | Y36: =MAX(Y19:Y21) -> 29 | Z36: =MAX(Z19:Z21) -> 46 | ... AF36: =MAX(AF19:AF21) -> 1136
B37: 13.45 - 14.00 | C37: 38 | D37: 2 | E37: 5 | F37: 27 | G37: 0 | H37: 0 | I37: 1 | J37: 17 | K37: 1 | L37: 0 | M37: 170 | N37: 0 | O37: =SUM(C37:L37,N37) -> 91 | P37: =SUM(C37:N37) -> 261 | R37: AM Period | S37: =SUM(S10:S12) -> 457 | T37: =SUM(T10:T12) -> 60 | U37: =SUM(U10:U12) -> 31 | V37: =SUM(V10:V12) -> 295 | W37: =SUM(W10:W12) -> 5 | X37: =SUM(X10:X12) -> 7 | Y37: =SUM(Y10:Y12) -> 54 | Z37: =SUM(Z10:Z12) -> 137 | ... AF37: =SUM(AF10:AF12) -> 2842
B38: 14.00 - 14.15 | C38: 29 | D38: 3 | E38: 4 | F38: 20 | G38: 0 | H38: 0 | I38: 2 | J38: 11 | K38: 2 | L38: 1 | M38: 170 | N38: 0 | O38: =SUM(C38:L38,N38) -> 72 | P38: =SUM(C38:N38) -> 242 | R38: IP Period | S38: =SUM(S13:S18) -> 1086 | T38: =SUM(T13:T18) -> 127 | U38: =SUM(U13:U18) -> 106 | V38: =SUM(V13:V18) -> 613 | W38: =SUM(W13:W18) -> 5 | X38: =SUM(X13:X18) -> 2 | Y38: =SUM(Y13:Y18) -> 97 | Z38: =SUM(Z13:Z18) -> 275 | ... AF38: =SUM(AF13:AF18) -> 6516
B39: 14.15 - 14.30 | C39: 49 | D39: 4 | E39: 6 | F39: 14 | G39: 0 | H39: 0 | I39: 6 | J39: 7 | K39: 1 | L39: 0 | M39: 185 | N39: 0 | O39: =SUM(C39:L39,N39) -> 87 | P39: =SUM(C39:N39) -> 272 | R39: PM Period | S39: =SUM(S19:S21) -> 526 | T39: =SUM(T19:T21) -> 46 | U39: =SUM(U19:U21) -> 49 | V39: =SUM(V19:V21) -> 334 | W39: =SUM(W19:W21) -> 4 | X39: =SUM(X19:X21) -> 4 | Y39: =SUM(Y19:Y21) -> 60 | Z39: =SUM(Z19:Z21) -> 118 | ... AF39: =SUM(AF19:AF21) -> 3007
B40: 14.30 - 14.45 | C40: 56 | D40: 10 | E40: 9 | F40: 25 | G40: 0 | H40: 0 | I40: 5 | J40: 23 | K40: 0 | L40: 0 | M40: 155 | N40: 0 | O40: =SUM(C40:L40,N40) -> 128 | P40: =SUM(C40:N40) -> 283 | R40: 12 Hours | S40: =SUM(S10:S21) -> 2069 | T40: =SUM(T10:T21) -> 233 | U40: =SUM(U10:U21) -> 186 | V40: =SUM(V10:V21) -> 1242 | W40: =SUM(W10:W21) -> 14 | X40: =SUM(X10:X21) -> 13 | Y40: =SUM(Y10:Y21) -> 211 | Z40: =SUM(Z10:Z21) -> 530 | ... AF40: =SUM(AF10:AF21) -> 12365
B41: 14.45 - 15.00 | C41: 36 | D41: 5 | E41: 8 | F41: 31 | G41: 0 | H41: 0 | I41: 4 | J41: 9 | K41: 1 | L41: 0 | M41: 200 | N41: 0 | O41: =SUM(C41:L41,N41) -> 94 | P41: =SUM(C41:N41) -> 294 | R41: 24 Hrs/ADT | S41: =SUM(S10:S33) -> 3336 | T41: =SUM(T10:T33) -> 400 | U41: =SUM(U10:U33) -> 320 | V41: =SUM(V10:V33) -> 2026 | W41: =SUM(W10:W33) -> 49 | X41: =SUM(X10:X33) -> 48 | Y41: =SUM(Y10:Y33) -> 375 | Z41: =SUM(Z10:Z33) -> 810 | ... AF41: =SUM(AF10:AF33) -> 19187
B42: 15.00 - 15.15 | C42: 45 | D42: 4 | E42: 5 | F42: 27 | G42: 0 | H42: 0 | I42: 5 | J42: 10 | K42: 0 | L42: 1 | M42: 170 | N42: 0 | O42: =SUM(C42:L42,N42) -> 97 | P42: =SUM(C42:N42) -> 267 | R42: NEF | S42: =S41/S40 -> 1.6123731 | T42: =T41/T40 -> 1.7167382 | U42: =U41/U40 -> 1.7204301 | V42: =V41/V40 -> 1.6312399 | W42: =W41/W40 -> 3.5 | X42: =X41/X40 -> 3.6923077 | Y42: =Y41/Y40 -> 1.7772512 | Z42: =Z41/Z40 -> 1.5283019 | ... AF42: =AF41/AF40 -> 1.5517186
B43: 15.15 - 15.30 | C43: 22 | D43: 3 | E43: 1 | F43: 15 | G43: 0 | H43: 0 | I43: 0 | J43: 7 | K43: 0 | L43: 0 | M43: 150 | N43: 0 | O43: =SUM(C43:L43,N43) -> 48 | P43: =SUM(C43:N43) -> 198
B44: 15.30 - 15.45 | C44: 44 | D44: 2 | E44: 4 | F44: 22 | G44: 0 | H44: 0 | I44: 1 | J44: 5 | K44: 2 | L44: 0 | M44: 145 | N44: 0 | O44: =SUM(C44:L44,N44) -> 80 | P44: =SUM(C44:N44) -> 225
B45: 15.45 - 16.00 | C45: 50 | D45: 8 | E45: 4 | F45: 36 | G45: 0 | H45: 0 | I45: 3 | J45: 20 | K45: 0 | L45: 2 | M45: 180 | N45: 0 | O45: =SUM(C45:L45,N45) -> 123 | P45: =SUM(C45:N45) -> 303
B46: 16.00 - 16.15 | C46: 42 | D46: 6 | E46: 4 | F46: 27 | G46: 0 | H46: 0 | I46: 3 | J46: 11 | K46: 0 | L46: 0 | M46: 175 | N46: 0 | O46: =SUM(C46:L46,N46) -> 93 | P46: =SUM(C46:N46) -> 268
B47: 16.15 -16.30 | C47: 43 | D47: 2 | E47: 9 | F47: 24 | G47: 1 | H47: 0 | I47: 2 | J47: 11 | K47: 0 | L47: 0 | M47: 125 | N47: 0 | O47: =SUM(C47:L47,N47) -> 92 | P47: =SUM(C47:N47) -> 217
B48: 16.30 -16.45 | C48: 53 | D48: 6 | E48: 0 | F48: 25 | G48: 0 | H48: 0 | I48: 5 | J48: 9 | K48: 2 | L48: 0 | M48: 180 | N48: 0 | O48: =SUM(C48:L48,N48) -> 100 | P48: =SUM(C48:N48) -> 280
B49: 16.45 -17.00 | C49: 40 | D49: 1 | E49: 3 | F49: 24 | G49: 0 | H49: 0 | I49: 11 | J49: 15 | K49: 0 | L49: 3 | M49: 175 | N49: 0 | O49: =SUM(C49:L49,N49) -> 97 | P49: =SUM(C49:N49) -> 272
B50: 17.00 -17.15 | C50: 37 | D50: 1 | E50: 2 | F50: 37 | G50: 1 | H50: 1 | I50: 6 | J50: 12 | K50: 0 | L50: 0 | M50: 180 | N50: 0 | O50: =SUM(C50:L50,N50) -> 97 | P50: =SUM(C50:N50) -> 277
B51: 17.15 -17.30 | C51: 51 | D51: 9 | E51: 6 | F51: 39 | G51: 1 | H51: 1 | I51: 12 | J51: 11 | K51: 1 | L51: 1 | M51: 195 | N51: 0 | O51: =SUM(C51:L51,N51) -> 132 | P51: =SUM(C51:N51) -> 327
B52: 17.30 -17.45 | C52: 65 | D52: 8 | E52: 5 | F52: 30 | G52: 0 | H52: 0 | I52: 6 | J52: 17 | K52: 6 | L52: 0 | M52: 150 | N52: 0 | O52: =SUM(C52:L52,N52) -> 137 | P52: =SUM(C52:N52) -> 287
B53: 17.45 -18.00 | C53: 40 | D53: 5 | E53: 8 | F53: 17 | G53: 0 | H53: 0 | I53: 5 | J53: 5 | K53: 0 | L53: 0 | M53: 165 | N53: 0 | O53: =SUM(C53:L53,N53) -> 80 | P53: =SUM(C53:N53) -> 245
B54: 18.00 - 18.15 | C54: 29 | D54: 4 | E54: 6 | F54: 29 | G54: 0 | H54: 0 | I54: 5 | J54: 9 | K54: 2 | L54: 0 | M54: 185 | N54: 0 | O54: =SUM(C54:L54,N54) -> 84 | P54: =SUM(C54:N54) -> 269
... B105: 06.45 - 07.00 | C105: 22 | D105: 2 | E105: 3 | F105: 27 | G105: 0 | H105: 0 | I105: 5 | J105: 10 | K105: 2 | L105: 0 | M105: 127 | N105: 0 | O105: =SUM(C105:L105,N105) -> 71 | P105: =SUM(C105:N105) -> 198
B106: Totals | C106: =SUM(C10:C105) -> 3336 | D106: =SUM(D10:D105) -> 400 | E106: =SUM(E10:E105) -> 320 | F106: =SUM(F10:F105) -> 2026 | G106: =SUM(G10:G105) -> 49 | H106: =SUM(H10:H105) -> 48 | I106: =SUM(I10:I105) -> 375 | J106: =SUM(J10:J105) -> 810 | ... P106: =SUM(P10:P105) -> 19187
B107: %ges + MCs | C107: =C106/$P$106 -> 0.17386772 | D107: =D106/$P$106 -> 0.020847449 | E107: =E106/$P$106 -> 0.016677959 | F107: =F106/$P$106 -> 0.10559233 | G107: =G106/$P$106 -> 0.0025538125 | H107: =H106/$P$106 -> 0.0025016939 | I107: =I106/$P$106 -> 0.019544483 | J107: =J106/$P$106 -> 0.042216084 | ... N107: =N106/$P$106 -> 0
B108: %ges w/o MCs | C108: =C106/$O$106 -> 0.43906291 | D108: =D106/$O$106 -> 0.052645433 | E108: =E106/$O$106 -> 0.042116346 | F108: =F106/$O$106 -> 0.26664912 | G108: =G106/$O$106 -> 0.0064490655 | H108: =H106/$O$106 -> 0.006317452 | I108: =I106/$O$106 -> 0.049355093 | J108: =J106/$O$106 -> 0.106607 | ... L108: =L106/$O$106 -> 0.0097394051 | N108: =N106/$O$106 -> 0

Sheet 27.07 Ndeeba-Nateete-24h
B1: Consultancy services for Preparation of Expressway Development Master Plan (EDMP) for Uganda
B2: MANUAL CLASSIFIED COUNT (MCC)
B3: ROAD NAME: | C3: ='22.07 Nateete-Ndeeba'!C3:G3 -> MCC - C1 - STN07 - MASAKA ROAD
C5: Date | D5: ='27.07 Nateete-Ndeeba-24h'!D5 -> 27.07.19 | F5: Location | G5: ='27.07 Nateete-Ndeeba-24h'!G5:H5 -> Rhino Funeral Services | J5: Surveyor | K5: Asibazuyo Jennipher &Kyagulanyi Lawrence
C6: Dir. From | D6: ='22.07 Ndeeba-Nateete'!D6:E6 -> Ndeeba | F6: Dir. To | G6: ='22.07 Ndeeba-Nateete'!G6:H6 -> Nateete | J6: Supervisor | K6: ='27.07 Nateete-Ndeeba-24h'!K6:L6 -> Felix
B8: Time / Veh Type | R8: SUMMARY TRAFFIC VOLUMES
C9: 1. Car | D9: 2. Station Wagon | E9: 3. Pickups | F9: 4. Minibus, matatu | G9: 5. Medium bus | H9: 6. Large Bus | I9: 7. Light Truck | J9: 8. Medium Truck | K9: 9. Heavy truck | L9: 10. Truck Trailer | M9: 11. Motor cycles | N9: 12. Tractors | O9: Total Excl M/Cycles | P9: Total All | R9: Time | S9: 1. Car | T9: 2. Station Wagon | U9: 3. Pickups | V9: 4. Minibus, matatu | W9: 5. Medium bus | X9: 6. Large Bus | Y9: 7. Light Truck | Z9: 8. Medium Truck | AA9: 9. Heavy truck | AB9: 10. Truck Trailer | AC9: 11. Motorcycles | AD9: 12. Tractors, Graders | AE9: Total Excl M/ Cycles | AF9: Total All
B10: 07.00 - 07.15 | C10: 15 | D10: 0 | E10: 0 | F10: 17 | G10: 0 | H10: 1 | I10: 7 | J10: 0 | K10: 0 | L10: 0 | M10: 47 | N10: 0 | O10: =SUM(C10:L10,N10) -> 40 | P10: =SUM(C10:N10) -> 87 | R10: 0700-0800 | S10: =SUM(C10:C13) -> 77 | T10: =SUM(D10:D13) -> 26 | U10: =SUM(E10:E13) -> 9 | V10: =SUM(F10:F13) -> 110 | W10: =SUM(G10:G13) -> 2 | X10: =SUM(H10:H13) -> 1 | Y10: =SUM(I10:I13) -> 36 | Z10: =SUM(J10:J13) -> 14 | ... AF10: =SUM(P10:P13) -> 948
B11: 07.15 - 07.30 | C11: 20 | D11: 7 | E11: 2 | F11: 23 | G11: 1 | H11: 0 | I11: 6 | J11: 2 | K11: 0 | L11: 3 | M11: 175 | N11: 0 | O11: =SUM(C11:L11,N11) -> 64 | P11: =SUM(C11:N11) -> 239 | R11: 0800-0900 | S11: =SUM(C14:C17) -> 68 | T11: =SUM(D14:D17) -> 38 | U11: =SUM(E14:E17) -> 9 | V11: =SUM(F14:F17) -> 141 | W11: =SUM(G14:G17) -> 1 | X11: =SUM(H14:H17) -> 1 | Y11: =SUM(I14:I17) -> 39 | Z11: =SUM(J14:J17) -> 13 | ... AF11: =SUM(P14:P17) -> 1253
B12: 07.30 - 07.45 | C12: 24 | D12: 13 | E12: 5 | F12: 43 | G12: 1 | H12: 0 | I12: 13 | J12: 7 | K12: 2 | L12: 1 | M12: 182 | N12: 0 | O12: =SUM(C12:L12,N12) -> 109 | P12: =SUM(C12:N12) -> 291 | R12: 0900-1000 | S12: =SUM(C18:C21) -> 78 | T12: =SUM(D18:D21) -> 29 | U12: =SUM(E18:E21) -> 10 | V12: =SUM(F18:F21) -> 134 | W12: =SUM(G18:G21) -> 2 | X12: =SUM(H18:H21) -> 0 | Y12: =SUM(I18:I21) -> 55 | Z12: =SUM(J18:J21) -> 15 | ... AF12: =SUM(P18:P21) -> 974
B13: 07.45 - 08.00 | C13: 18 | D13: 6 | E13: 2 | F13: 27 | G13: 0 | H13: 0 | I13: 10 | J13: 5 | K13: 1 | L13: 0 | M13: 262 | N13: 0 | O13: =SUM(C13:L13,N13) -> 69 | P13: =SUM(C13:N13) -> 331 | R13: 1000-1100 | S13: =SUM(C22:C25) -> 47 | T13: =SUM(D22:D25) -> 13 | U13: =SUM(E22:E25) -> 16 | V13: =SUM(F22:F25) -> 108 | W13: =SUM(G22:G25) -> 2 | X13: =SUM(H22:H25) -> 1 | Y13: =SUM(I22:I25) -> 48 | Z13: =SUM(J22:J25) -> 9 | ... AF13: =SUM(P22:P25) -> 830
B14: 08.00 - 08.15 | C14: 16 | D14: 12 | E14: 3 | F14: 44 | G14: 0 | H14: 0 | I14: 3 | J14: 0 | K14: 0 | L14: 0 | M14: 240 | N14: 0 | O14: =SUM(C14:L14,N14) -> 78 | P14: =SUM(C14:N14) -> 318 | R14: 1100-1200 | S14: =SUM(C26:C29) -> 74 | T14: =SUM(D26:D29) -> 47 | U14: =SUM(E26:E29) -> 21 | V14: =SUM(F26:F29) -> 87 | W14: =SUM(G26:G29) -> 6 | X14: =SUM(H26:H29) -> 0 | Y14: =SUM(I26:I29) -> 44 | Z14: =SUM(J26:J29) -> 16 | ... AF14: =SUM(P26:P29) -> 919
B15: 08.15 - 08.30 | C15: 18 | D15: 7 | E15: 1 | F15: 44 | G15: 1 | H15: 1 | I15: 12 | J15: 3 | K15: 0 | L15: 1 | M15: 285 | N15: 0 | O15: =SUM(C15:L15,N15) -> 88 | P15: =SUM(C15:N15) -> 373 | R15: 1200-1300 | S15: =SUM(C30:C33) -> 62 | T15: =SUM(D30:D33) -> 37 | U15: =SUM(E30:E33) -> 14 | V15: =SUM(F30:F33) -> 64 | W15: =SUM(G30:G33) -> 2 | X15: =SUM(H30:H33) -> 1 | Y15: =SUM(I30:I33) -> 49 | Z15: =SUM(J30:J33) -> 24 | ... AF15: =SUM(P30:P33) -> 816
B16: 08.30 - 08.45 | C16: 18 | D16: 13 | E16: 3 | F16: 26 | G16: 0 | H16: 0 | I16: 9 | J16: 5 | K16: 2 | L16: 1 | M16: 290 | N16: 0 | O16: =SUM(C16:L16,N16) -> 77 | P16: =SUM(C16:N16) -> 367 | R16: 1300-1400 | S16: =SUM(C34:C37) -> 60 | T16: =SUM(D34:D37) -> 28 | U16: =SUM(E34:E37) -> 12 | V16: =SUM(F34:F37) -> 65 | W16: =SUM(G34:G37) -> 3 | X16: =SUM(H34:H37) -> 0 | Y16: =SUM(I34:I37) -> 42 | Z16: =SUM(J34:J37) -> 13 | ... AF16: =SUM(P34:P37) -> 719
B17: 08.45 - 9.00 | C17: 16 | D17: 6 | E17: 2 | F17: 27 | G17: 0 | H17: 0 | I17: 15 | J17: 5 | K17: 1 | L17: 0 | M17: 123 | N17: 0 | O17: =SUM(C17:L17,N17) -> 72 | P17: =SUM(C17:N17) -> 195 | R17: 1400-1500 | S17: =SUM(C38:C41) -> 91 | T17: =SUM(D38:D41) -> 40 | U17: =SUM(E38:E41) -> 18 | V17: =SUM(F38:F41) -> 88 | W17: =SUM(G38:G41) -> 0 | X17: =SUM(H38:H41) -> 1 | Y17: =SUM(I38:I41) -> 47 | Z17: =SUM(J38:J41) -> 19 | ... AF17: =SUM(P38:P41) -> 877
B18: 09.00 - 09.15 | C18: 16 | D18: 5 | E18: 1 | F18: 32 | G18: 1 | H18: 0 | I18: 23 | J18: 1 | K18: 0 | L18: 0 | M18: 180 | N18: 0 | O18: =SUM(C18:L18,N18) -> 79 | P18: =SUM(C18:N18) -> 259 | R18: 1500-1600 | S18: =SUM(C42:C45) -> 103 | T18: =SUM(D42:D45) -> 22 | U18: =SUM(E42:E45) -> 18 | V18: =SUM(F42:F45) -> 104 | W18: =SUM(G42:G45) -> 2 | X18: =SUM(H42:H45) -> 0 | Y18: =SUM(I42:I45) -> 59 | Z18: =SUM(J42:J45) -> 10 | ... AF18: =SUM(P42:P45) -> 870
B19: 09.15 - 09.30 | C19: 11 | D19: 3 | E19: 4 | F19: 24 | G19: 0 | H19: 0 | I19: 12 | J19: 3 | K19: 0 | L19: 1 | M19: 133 | N19: 0 | O19: =SUM(C19:L19,N19) -> 58 | P19: =SUM(C19:N19) -> 191 | R19: 1600-1700 | S19: =SUM(C46:C49) -> 85 | T19: =SUM(D46:D49) -> 47 | U19: =SUM(E46:E49) -> 15 | V19: =SUM(F46:F49) -> 122 | W19: =SUM(G46:G49) -> 2 | X19: =SUM(H46:H49) -> 1 | Y19: =SUM(I46:I49) -> 50 | Z19: =SUM(J46:J49) -> 15 | ... AF19: =SUM(P46:P49) -> 882
B20: 09.30 - 09.45 | C20: 31 | D20: 12 | E20: 2 | F20: 52 | G20: 1 | H20: 0 | I20: 16 | J20: 8 | K20: 0 | L20: 2 | M20: 170 | N20: 0 | O20: =SUM(C20:L20,N20) -> 124 | P20: =SUM(C20:N20) -> 294 | R20: 1700-1800 | S20: =SUM(C50:C53) -> 81 | T20: =SUM(D50:D53) -> 39 | U20: =SUM(E50:E53) -> 12 | V20: =SUM(F50:F53) -> 77 | W20: =SUM(G50:G53) -> 4 | X20: =SUM(H50:H53) -> 0 | Y20: =SUM(I50:I53) -> 43 | Z20: =SUM(J50:J53) -> 19 | ... AF20: =SUM(P50:P53) -> 878
B21: 09.45 - 10.00 | C21: 20 | D21: 9 | E21: 3 | F21: 26 | G21: 0 | H21: 0 | I21: 4 | J21: 3 | K21: 0 | L21: 0 | M21: 165 | N21: 0 | O21: =SUM(C21:L21,N21) -> 65 | P21: =SUM(C21:N21) -> 230 | R21: 1800-1900 | S21: =SUM(C54:C57) -> 84 | T21: =SUM(D54:D57) -> 30 | U21: =SUM(E54:E57) -> 6 | V21: =SUM(F54:F57) -> 84 | W21: =SUM(G54:G57) -> 4 | X21: =SUM(H54:H57) -> 2 | Y21: =SUM(I54:I57) -> 43 | Z21: =SUM(J54:J57) -> 12 | ... AF21: =SUM(P54:P57) -> 699
B22: 10.00 - 10.15 | C22: 10 | D22: 2 | E22: 5 | F22: 24 | G22: 0 | H22: 0 | I22: 12 | J22: 4 | K22: 0 | L22: 0 | M22: 141 | N22: 0 | O22: =SUM(C22:L22,N22) -> 57 | P22: =SUM(C22:N22) -> 198 | R22: 1900-2000 | S22: =SUM(C58:C61) -> 160 | T22: =SUM(D58:D61) -> 10 | U22: =SUM(E58:E61) -> 16 | V22: =SUM(F58:F61) -> 84 | W22: =SUM(G58:G61) -> 0 | X22: =SUM(H58:H61) -> 2 | Y22: =SUM(I58:I61) -> 32 | Z22: =SUM(J58:J61) -> 25 | ... AF22: =SUM(P58:P61) -> 346
B23: 10.15 - 10.30 | C23: 17 | D23: 0 | E23: 3 | F23: 32 | G23: 0 | H23: 1 | I23: 15 | J23: 0 | K23: 0 | L23: 0 | M23: 147 | N23: 0 | O23: =SUM(C23:L23,N23) -> 68 | P23: =SUM(C23:N23) -> 215 | R23: 2000-2100 | S23: =SUM(C62:C65) -> 141 | T23: =SUM(D62:D65) -> 10 | U23: =SUM(E62:E65) -> 5 | V23: =SUM(F62:F65) -> 81 | W23: =SUM(G62:G65) -> 0 | X23: =SUM(H62:H65) -> 0 | Y23: =SUM(I62:I65) -> 15 | Z23: =SUM(J62:J65) -> 22 | ... AF23: =SUM(P62:P65) -> 281
B24: 10.30 - 10.45 | C24: 12 | D24: 4 | E24: 0 | F24: 34 | G24: 2 | H24: 0 | I24: 13 | J24: 4 | K24: 0 | L24: 1 | M24: 130 | N24: 0 | O24: =SUM(C24:L24,N24) -> 70 | P24: =SUM(C24:N24) -> 200 | R24: 2100-2200 | S24: =SUM(C66:C69) -> 147 | T24: =SUM(D66:D69) -> 19 | U24: =SUM(E66:E69) -> 8 | V24: =SUM(F66:F69) -> 78 | W24: =SUM(G66:G69) -> 4 | X24: =SUM(H66:H69) -> 0 | Y24: =SUM(I66:I69) -> 14 | Z24: =SUM(J66:J69) -> 12 | ... AF24: =SUM(P66:P69) -> 290
B25: 10.45 - 11.00 | C25: 8 | D25: 7 | E25: 8 | F25: 18 | G25: 0 | H25: 0 | I25: 8 | J25: 1 | K25: 0 | L25: 0 | M25: 167 | N25: 0 | O25: =SUM(C25:L25,N25) -> 50 | P25: =SUM(C25:N25) -> 217 | R25: 2200-2300 | S25: =SUM(C70:C73) -> 202 | T25: =SUM(D70:D73) -> 13 | U25: =SUM(E70:E73) -> 4 | V25: =SUM(F70:F73) -> 159 | W25: =SUM(G70:G73) -> 0 | X25: =SUM(H70:H73) -> 0 | Y25: =SUM(I70:I73) -> 27 | Z25: =SUM(J70:J73) -> 4 | ... AF25: =SUM(P70:P73) -> 417
B26: 11.00 - 11.15 | C26: 18 | D26: 6 | E26: 2 | F26: 28 | G26: 3 | H26: 0 | I26: 14 | J26: 5 | K26: 0 | L26: 0 | M26: 102 | N26: 0 | O26: =SUM(C26:L26,N26) -> 76 | P26: =SUM(C26:N26) -> 178 | R26: 2300-0000 | S26: =SUM(C74:C77) -> 112 | T26: =SUM(D74:D77) -> 20 | U26: =SUM(E74:E77) -> 13 | V26: =SUM(F74:F77) -> 190 | W26: =SUM(G74:G77) -> 0 | X26: =SUM(H74:H77) -> 1 | Y26: =SUM(I74:I77) -> 18 | Z26: =SUM(J74:J77) -> 20 | ... AF26: =SUM(P74:P77) -> 1033
B27: 11.15 - 11.30 | C27: 12 | D27: 8 | E27: 5 | F27: 7 | G27: 3 | H27: 0 | I27: 7 | J27: 3 | K27: 0 | L27: 1 | M27: 159 | N27: 0 | O27: =SUM(C27:L27,N27) -> 46 | P27: =SUM(C27:N27) -> 205 | R27: 0000-0100 | S27: =SUM(C78:C81) -> 179 | T27: =SUM(D78:D81) -> 8 | U27: =SUM(E78:E81) -> 11 | V27: =SUM(F78:F81) -> 136 | W27: =SUM(G78:G81) -> 0 | X27: =SUM(H78:H81) -> 0 | Y27: =SUM(I78:I81) -> 13 | Z27: =SUM(J78:J81) -> 13 | ... AF27: =SUM(P78:P81) -> 795
B28: 11.30 - 11.45 | C28: 13 | D28: 14 | E28: 6 | F28: 14 | G28: 0 | H28: 0 | I28: 10 | J28: 5 | K28: 0 | L28: 3 | M28: 177 | N28: 0 | O28: =SUM(C28:L28,N28) -> 65 | P28: =SUM(C28:N28) -> 242 | R28: 0100-0200 | S28: =SUM(C82:C85) -> 202 | T28: =SUM(D82:D85) -> 12 | U28: =SUM(E82:E85) -> 6 | V28: =SUM(F82:F85) -> 121 | W28: =SUM(G82:G85) -> 1 | X28: =SUM(H82:H85) -> 0 | Y28: =SUM(I82:I85) -> 42 | Z28: =SUM(J82:J85) -> 20 | ... AF28: =SUM(P82:P85) -> 638
B29: 11.45 - 12.00 | C29: 31 | D29: 19 | E29: 8 | F29: 38 | G29: 0 | H29: 0 | I29: 13 | J29: 3 | K29: 0 | L29: 0 | M29: 182 | N29: 0 | O29: =SUM(C29:L29,N29) -> 112 | P29: =SUM(C29:N29) -> 294 | R29: 0200-0300 | S29: =SUM(C86:C89) -> 65 | T29: =SUM(D86:D89) -> 6 | U29: =SUM(E86:E89) -> 3 | V29: =SUM(F86:F89) -> 18 | W29: =SUM(G86:G89) -> 0 | X29: =SUM(H86:H89) -> 3 | Y29: =SUM(I86:I89) -> 11 | Z29: =SUM(J86:J89) -> 14 | ... AF29: =SUM(P86:P89) -> 416
B30: 12.00 - 12.15 | C30: 16 | D30: 15 | E30: 1 | F30: 14 | G30: 0 | H30: 1 | I30: 12 | J30: 7 | K30: 3 | L30: 0 | M30: 152 | N30: 0 | O30: =SUM(C30:L30,N30) -> 69 | P30: =SUM(C30:N30) -> 221 | R30: 0300-0400 | S30: =SUM(C90:C93) -> 112 | T30: =SUM(D90:D93) -> 8 | U30: =SUM(E90:E93) -> 2 | V30: =SUM(F90:F93) -> 22 | W30: =SUM(G90:G93) -> 0 | X30: =SUM(H90:H93) -> 0 | Y30: =SUM(I90:I93) -> 17 | Z30: =SUM(J90:J93) -> 12 | ... AF30: =SUM(P90:P93) -> 479
B31: 12.15 - 12.30 | C31: 18 | D31: 10 | E31: 4 | F31: 12 | G31: 1 | H31: 0 | I31: 17 | J31: 12 | K31: 2 | L31: 2 | M31: 157 | N31: 0 | O31: =SUM(C31:L31,N31) -> 78 | P31: =SUM(C31:N31) -> 235 | R31: 0400-0500 | S31: =SUM(C94:C97) -> 203 | T31: =SUM(D94:D97) -> 10 | U31: =SUM(E94:E97) -> 8 | V31: =SUM(F94:F97) -> 28 | W31: =SUM(G94:G97) -> 1 | X31: =SUM(H94:H97) -> 0 | Y31: =SUM(I94:I97) -> 17 | Z31: =SUM(J94:J97) -> 9 | ... AF31: =SUM(P94:P97) -> 584
B32: 12.30 - 12.45 | C32: 15 | D32: 4 | E32: 2 | F32: 16 | G32: 1 | H32: 0 | I32: 12 | J32: 1 | K32: 0 | L32: 3 | M32: 103 | N32: 0 | O32: =SUM(C32:L32,N32) -> 54 | P32: =SUM(C32:N32) -> 157 | R32: 0500-0600 | S32: =SUM(C98:C101) -> 170 | T32: =SUM(D98:D101) -> 31 | U32: =SUM(E98:E101) -> 10 | V32: =SUM(F98:F101) -> 66 | W32: =SUM(G98:G101) -> 0 | X32: =SUM(H98:H101) -> 0 | Y32: =SUM(I98:I101) -> 32 | Z32: =SUM(J98:J101) -> 25 | ... AF32: =SUM(P98:P101) -> 521
B33: 12.45 - 13.00 | C33: 13 | D33: 8 | E33: 7 | F33: 22 | G33: 0 | H33: 0 | I33: 8 | J33: 4 | K33: 2 | L33: 0 | M33: 139 | N33: 0 | O33: =SUM(C33:L33,N33) -> 64 | P33: =SUM(C33:N33) -> 203 | R33: 0600-0700 | S33: =SUM(C102:C105) -> 98 | T33: =SUM(D102:D105) -> 13 | U33: =SUM(E102:E105) -> 7 | V33: =SUM(F102:F105) -> 98 | W33: =SUM(G102:G105) -> 1 | X33: =SUM(H102:H105) -> 0 | Y33: =SUM(I102:I105) -> 16 | Z33: =SUM(J102:J105) -> 12 | ... AF33: =SUM(P102:P105) -> 805
B34: 13.00 - 13.15 | C34: 17 | D34: 4 | E34: 1 | F34: 23 | G34: 1 | H34: 0 | I34: 9 | J34: 0 | K34: 0 | L34: 0 | M34: 107 | N34: 0 | O34: =SUM(C34:L34,N34) -> 55 | P34: =SUM(C34:N34) -> 162 | R34: AM Peak Hr | S34: =MAX(S10:S12) -> 78 | T34: =MAX(T10:T12) -> 38 | U34: =MAX(U10:U12) -> 10 | V34: =MAX(V10:V12) -> 141 | W34: =MAX(W10:W12) -> 2 | X34: =MAX(X10:X12) -> 1 | Y34: =MAX(Y10:Y12) -> 55 | Z34: =MAX(Z10:Z12) -> 15 | ... AF34: =MAX(AF10:AF12) -> 1253
B35: 13.15 - 13.30 | C35: 21 | D35: 5 | E35: 3 | F35: 19 | G35: 1 | H35: 0 | I35: 18 | J35: 2 | K35: 1 | L35: 1 | M35: 163 | N35: 0 | O35: =SUM(C35:L35,N35) -> 71 | P35: =SUM(C35:N35) -> 234 | R35: IP Peak Hr | S35: =MAX(S13:S18) -> 103 | T35: =MAX(T13:T18) -> 47 | U35: =MAX(U13:U18) -> 21 | V35: =MAX(V13:V18) -> 108 | W35: =MAX(W13:W18) -> 6 | X35: =MAX(X13:X18) -> 1 | Y35: =MAX(Y13:Y18) -> 59 | Z35: =MAX(Z13:Z18) -> 24 | ... AF35: =MAX(AF13:AF18) -> 919
B36: 13.30 - 13.45 | C36: 12 | D36: 8 | E36: 2 | F36: 11 | G36: 1 | H36: 0 | I36: 5 | J36: 3 | K36: 1 | L36: 1 | M36: 71 | N36: 0 | O36: =SUM(C36:L36,N36) -> 44 | P36: =SUM(C36:N36) -> 115 | R36: PM Peak Hr | S36: =MAX(S19:S21) -> 85 | T36: =MAX(T19:T21) -> 47 | U36: =MAX(U19:U21) -> 15 | V36: =MAX(V19:V21) -> 122 | W36: =MAX(W19:W21) -> 4 | X36: =MAX(X19:X21) -> 2 | Y36: =MAX(Y19:Y21) -> 50 | Z36: =MAX(Z19:Z21) -> 19 | ... AF36: =MAX(AF19:AF21) -> 882
B37: 13.45 - 14.00 | C37: 10 | D37: 11 | E37: 6 | F37: 12 | G37: 0 | H37: 0 | I37: 10 | J37: 8 | K37: 0 | L37: 1 | M37: 150 | N37: 0 | O37: =SUM(C37:L37,N37) -> 58 | P37: =SUM(C37:N37) -> 208 | R37: AM Period | S37: =SUM(S10:S12) -> 223 | T37: =SUM(T10:T12) -> 93 | U37: =SUM(U10:U12) -> 28 | V37: =SUM(V10:V12) -> 385 | W37: =SUM(W10:W12) -> 5 | X37: =SUM(X10:X12) -> 2 | Y37: =SUM(Y10:Y12) -> 130 | Z37: =SUM(Z10:Z12) -> 42 | ... AF37: =SUM(AF10:AF12) -> 3175
B38: 14.00 - 14.15 | C38: 17 | D38: 12 | E38: 5 | F38: 29 | G38: 0 | H38: 0 | I38: 11 | J38: 7 | K38: 0 | L38: 0 | M38: 191 | N38: 0 | O38: =SUM(C38:L38,N38) -> 81 | P38: =SUM(C38:N38) -> 272 | R38: IP Period | S38: =SUM(S13:S18) -> 437 | T38: =SUM(T13:T18) -> 187 | U38: =SUM(U13:U18) -> 99 | V38: =SUM(V13:V18) -> 516 | W38: =SUM(W13:W18) -> 15 | X38: =SUM(X13:X18) -> 3 | Y38: =SUM(Y13:Y18) -> 289 | Z38: =SUM(Z13:Z18) -> 91 | ... AF38: =SUM(AF13:AF18) -> 5031
B39: 14.15 - 14.30 | C39: 31 | D39: 9 | E39: 4 | F39: 8 | G39: 0 | H39: 0 | I39: 9 | J39: 6 | K39: 0 | L39: 1 | M39: 105 | N39: 0 | O39: =SUM(C39:L39,N39) -> 68 | P39: =SUM(C39:N39) -> 173 | R39: PM Period | S39: =SUM(S19:S21) -> 250 | T39: =SUM(T19:T21) -> 116 | U39: =SUM(U19:U21) -> 33 | V39: =SUM(V19:V21) -> 283 | W39: =SUM(W19:W21) -> 10 | X39: =SUM(X19:X21) -> 3 | Y39: =SUM(Y19:Y21) -> 136 | Z39: =SUM(Z19:Z21) -> 46 | ... AF39: =SUM(AF19:AF21) -> 2459
B40: 14.30 - 14.45 | C40: 23 | D40: 5 | E40: 4 | F40: 15 | G40: 0 | H40: 0 | I40: 13 | J40: 3 | K40: 0 | L40: 0 | M40: 144 | N40: 0 | O40: =SUM(C40:L40,N40) -> 63 | P40: =SUM(C40:N40) -> 207 | R40: 12 Hours | S40: =SUM(S10:S21) -> 910 | T40: =SUM(T10:T21) -> 396 | U40: =SUM(U10:U21) -> 160 | V40: =SUM(V10:V21) -> 1184 | W40: =SUM(W10:W21) -> 30 | X40: =SUM(X10:X21) -> 8 | Y40: =SUM(Y10:Y21) -> 555 | Z40: =SUM(Z10:Z21) -> 179 | ... AF40: =SUM(AF10:AF21) -> 10665
B41: 14.45 - 15.00 | C41: 20 | D41: 14 | E41: 5 | F41: 36 | G41: 0 | H41: 1 | I41: 14 | J41: 3 | K41: 0 | L41: 1 | M41: 131 | N41: 0 | O41: =SUM(C41:L41,N41) -> 94 | P41: =SUM(C41:N41) -> 225 | R41: 24 Hrs/ADT | S41: =SUM(S10:S33) -> 2701 | T41: =SUM(T10:T33) -> 556 | U41: =SUM(U10:U33) -> 253 | V41: =SUM(V10:V33) -> 2265 | W41: =SUM(W10:W33) -> 37 | X41: =SUM(X10:X33) -> 14 | Y41: =SUM(Y10:Y33) -> 809 | Z41: =SUM(Z10:Z33) -> 367 | ... AF41: =SUM(AF10:AF33) -> 17270
B42: 15.00 - 15.15 | C42: 21 | D42: 7 | E42: 4 | F42: 19 | G42: 1 | H42: 0 | I42: 19 | J42: 0 | K42: 0 | L42: 0 | M42: 145 | N42: 0 | O42: =SUM(C42:L42,N42) -> 71 | P42: =SUM(C42:N42) -> 216 | R42: NEF | S42: =S41/S40 -> 2.9681319 | T42: =T41/T40 -> 1.4040404 | U42: =U41/U40 -> 1.58125 | V42: =V41/V40 -> 1.9130068 | W42: =W41/W40 -> 1.2333333 | X42: =X41/X40 -> 1.75 | Y42: =Y41/Y40 -> 1.4576577 | Z42: =Z41/Z40 -> 2.0502793 | ... AF42: =AF41/AF40 -> 1.6193155
B43: 15.15 - 15.30 | C43: 18 | D43: 4 | E43: 2 | F43: 13 | G43: 0 | H43: 0 | I43: 18 | J43: 0 | K43: 0 | L43: 0 | M43: 104 | N43: 0 | O43: =SUM(C43:L43,N43) -> 55 | P43: =SUM(C43:N43) -> 159
B44: 15.30 - 15.45 | C44: 23 | D44: 0 | E44: 5 | F44: 34 | G44: 0 | H44: 0 | I44: 8 | J44: 3 | K44: 0 | L44: 0 | M44: 145 | N44: 0 | O44: =SUM(C44:L44,N44) -> 73 | P44: =SUM(C44:N44) -> 218
B45: 15.45 - 16.00 | C45: 41 | D45: 11 | E45: 7 | F45: 38 | G45: 1 | H45: 0 | I45: 14 | J45: 7 | K45: 0 | L45: 1 | M45: 157 | N45: 0 | O45: =SUM(C45:L45,N45) -> 120 | P45: =SUM(C45:N45) -> 277
B46: 16.00 - 16.15 | C46: 13 | D46: 18 | E46: 4 | F46: 11 | G46: 0 | H46: 0 | I46: 16 | J46: 3 | K46: 1 | L46: 0 | M46: 122 | N46: 0 | O46: =SUM(C46:L46,N46) -> 66 | P46: =SUM(C46:N46) -> 188
B47: 16.15 -16.30 | C47: 23 | D47: 8 | E47: 3 | F47: 45 | G47: 0 | H47: 0 | I47: 11 | J47: 2 | K47: 3 | L47: 2 | M47: 162 | N47: 0 | O47: =SUM(C47:L47,N47) -> 97 | P47: =SUM(C47:N47) -> 259
B48: 16.30 -16.45 | C48: 22 | D48: 16 | E48: 2 | F48: 48 | G48: 2 | H48: 1 | I48: 15 | J48: 6 | K48: 0 | L48: 1 | M48: 160 | N48: 0 | O48: =SUM(C48:L48,N48) -> 113 | P48: =SUM(C48:N48) -> 273
B49: 16.45 -17.00 | C49: 27 | D49: 5 | E49: 6 | F49: 18 | G49: 0 | H49: 0 | I49: 8 | J49: 4 | K49: 2 | L49: 0 | M49: 92 | N49: 0 | O49: =SUM(C49:L49,N49) -> 70 | P49: =SUM(C49:N49) -> 162
B50: 17.00 -17.15 | C50: 18 | D50: 7 | E50: 4 | F50: 25 | G50: 0 | H50: 0 | I50: 8 | J50: 4 | K50: 1 | L50: 2 | M50: 213 | N50: 0 | O50: =SUM(C50:L50,N50) -> 69 | P50: =SUM(C50:N50) -> 282
B51: 17.15 -17.30 | C51: 24 | D51: 12 | E51: 0 | F51: 20 | G51: 2 | H51: 0 | I51: 18 | J51: 6 | K51: 1 | L51: 0 | M51: 106 | N51: 0 | O51: =SUM(C51:L51,N51) -> 83 | P51: =SUM(C51:N51) -> 189
B52: 17.30 -17.45 | C52: 17 | D52: 12 | E52: 1 | F52: 15 | G52: 1 | H52: 0 | I52: 8 | J52: 5 | K52: 2 | L52: 0 | M52: 151 | N52: 0 | O52: =SUM(C52:L52,N52) -> 61 | P52: =SUM(C52:N52) -> 212
B53: 17.45 -18.00 | C53: 22 | D53: 8 | E53: 7 | F53: 17 | G53: 1 | H53: 0 | I53: 9 | J53: 4 | K53: 0 | L53: 1 | M53: 126 | N53: 0 | O53: =SUM(C53:L53,N53) -> 69 | P53: =SUM(C53:N53) -> 195
B54: 18.00 - 18.15 | C54: 18 | D54: 3 | E54: 3 | F54: 21 | G54: 0 | H54: 0 | I54: 3 | J54: 5 | K54: 1 | L54: 0 | M54: 120 | N54: 0 | O54: =SUM(C54:L54,N54) -> 54 | P54: =SUM(C54:N54) -> 174
... B105: 06.45 - 07.00 | C105: 9 | D105: 0 | E105: 0 | F105: 10 | G105: 0 | H105: 0 | I105: 3 | J105: 2 | K105: 0 | L105: 0 | M105: 115 | N105: 0 | O105: =SUM(C105:L105,N105) -> 24 | P105: =SUM(C105:N105) -> 139
B106: Totals | C106: =SUM(C10:C105) -> 2701 | D106: =SUM(D10:D105) -> 556 | E106: =SUM(E10:E105) -> 253 | F106: =SUM(F10:F105) -> 2265 | G106: =SUM(G10:G105) -> 37 | H106: =SUM(H10:H105) -> 14 | I106: =SUM(I10:I105) -> 809 | J106: =SUM(J10:J105) -> 367 | ... P106: =SUM(P10:P105) -> 17270
B107: %ges + MCs | C107: =C106/$P$106 -> 0.15639838 | D107: =D106/$P$106 -> 0.032194557 | E107: =E106/$P$106 -> 0.014649682 | F107: =F106/$P$106 -> 0.13115229 | G107: =G106/$P$106 -> 0.0021424435 | H107: =H106/$P$106 -> 0.00081065431 | I107: =I106/$P$106 -> 0.046844239 | J107: =J106/$P$106 -> 0.021250724 | ... N107: =N106/$P$106 -> 0
B108: %ges w/o MCs | C108: =C106/$O$106 -> 0.37665598 | D108: =D106/$O$106 -> 0.077534514 | E108: =E106/$O$106 -> 0.035280993 | F108: =F106/$O$106 -> 0.31585553 | G108: =G106/$O$106 -> 0.0051596709 | H108: =H106/$O$106 -> 0.0019523079 | I108: =I106/$O$106 -> 0.11281551 | J108: =J106/$O$106 -> 0.051178357 | ... L108: =L106/$O$106 -> 0.010040441 | N108: =N106/$O$106 -> 0

Sheet 28.07 Nateete-Ndeeba
B1: Consultancy services for Preparation of Expressway Development Master Plan (EDMP) for Uganda
B2: MANUAL CLASSIFIED COUNT (MCC)
B3: ROAD NAME: | C3: ='22.07 Nateete-Ndeeba'!C3:G3 -> MCC - C1 - STN07 - MASAKA ROAD
C5: Date | D5: 28.07.19 | F5: Location | G5: ='27.07 Ndeeba-Nateete-24h'!G5:H5 -> Rhino Funeral Services | J5: Surveyor | K5: ='27.07 Ndeeba-Nateete-24h'!K5:L5 -> Asibazuyo Jennipher &Kyagulanyi Lawrence
C6: Dir. From | D6: ='22.07 Nateete-Ndeeba'!D6:E6 -> Nateete | F6: Dir. To | G6: ='22.07 Nateete-Ndeeba'!G6:H6 -> Ndeeba | J6: Supervisor | K6: ='27.07 Ndeeba-Nateete-24h'!K6:L6 -> Felix
B8: Time / Veh Type | R8: SUMMARY TRAFFIC VOLUMES
C9: 1. Car | D9: 2. Station Wagon | E9: 3. Pickups | F9: 4. Minibus, matatu | G9: 5. Medium bus | H9: 6. Large Bus | I9: 7. Light Truck | J9: 8. Medium Truck | K9: 9. Heavy truck | L9: 10. Truck Trailer | M9: 11. Motor cycles | N9: 12. Tractors | O9: Total Excl M/Cycles | P9: Total All | R9: Time | S9: 1. Car | T9: 2. Station Wagon | U9: 3. Pickups | V9: 4. Minibus, matatu | W9: 5. Medium bus | X9: 6. Large Bus | Y9: 7. Light Truck | Z9: 8. Medium Truck | AA9: 9. Heavy truck | AB9: 10. Truck Trailer | AC9: 11. Motorcycles | AD9: 12. Tractors, Graders | AE9: Total Excl M/ Cycles | AF9: Total All
B10: 07.00 - 07.15 | C10: 45 | D10: 10 | E10: 2 | F10: 36 | G10: 1 | H10: 1 | I10: 3 | J10: 10 | K10: 2 | L10: 0 | M10: 100 | N10: 0 | O10: =SUM(C10:L10,N10) -> 110 | P10: =SUM(C10:N10) -> 210 | R10: 0700-0800 | S10: =SUM(C10:C13) -> 156 | T10: =SUM(D10:D13) -> 37 | U10: =SUM(E10:E13) -> 11 | V10: =SUM(F10:F13) -> 118 | W10: =SUM(G10:G13) -> 7 | X10: =SUM(H10:H13) -> 3 | Y10: =SUM(I10:I13) -> 15 | Z10: =SUM(J10:J13) -> 25 | ... AF10: =SUM(P10:P13) -> 825
B11: 07.15 - 07.30 | C11: 25 | D11: 6 | E11: 1 | F11: 24 | G11: 2 | H11: 0 | I11: 1 | J11: 8 | K11: 1 | L11: 0 | M11: 90 | N11: 0 | O11: =SUM(C11:L11,N11) -> 68 | P11: =SUM(C11:N11) -> 158 | R11: 0800-0900 | S11: =SUM(C14:C17) -> 143 | T11: =SUM(D14:D17) -> 10 | U11: =SUM(E14:E17) -> 12 | V11: =SUM(F14:F17) -> 138 | W11: =SUM(G14:G17) -> 3 | X11: =SUM(H14:H17) -> 0 | Y11: =SUM(I14:I17) -> 18 | Z11: =SUM(J14:J17) -> 56 | ... AF11: =SUM(P14:P17) -> 983
B12: 07.30 - 07.45 | C12: 50 | D12: 8 | E12: 3 | F12: 38 | G12: 3 | H12: 0 | I12: 5 | J12: 5 | K12: 0 | L12: 2 | M12: 130 | N12: 0 | O12: =SUM(C12:L12,N12) -> 114 | P12: =SUM(C12:N12) -> 244 | R12: 0900-1000 | S12: =SUM(C18:C21) -> 197 | T12: =SUM(D18:D21) -> 20 | U12: =SUM(E18:E21) -> 16 | V12: =SUM(F18:F21) -> 140 | W12: =SUM(G18:G21) -> 3 | X12: =SUM(H18:H21) -> 0 | Y12: =SUM(I18:I21) -> 12 | Z12: =SUM(J18:J21) -> 37 | ... AF12: =SUM(P18:P21) -> 1109
B13: 07.45 - 08.00 | C13: 36 | D13: 13 | E13: 5 | F13: 20 | G13: 1 | H13: 2 | I13: 6 | J13: 2 | K13: 3 | L13: 0 | M13: 125 | N13: 0 | O13: =SUM(C13:L13,N13) -> 88 | P13: =SUM(C13:N13) -> 213 | R13: 1000-1100 | S13: =SUM(C22:C25) -> 214 | T13: =SUM(D22:D25) -> 32 | U13: =SUM(E22:E25) -> 9 | V13: =SUM(F22:F25) -> 116 | W13: =SUM(G22:G25) -> 1 | X13: =SUM(H22:H25) -> 0 | Y13: =SUM(I22:I25) -> 23 | Z13: =SUM(J22:J25) -> 32 | ... AF13: =SUM(P22:P25) -> 1169
B14: 08.00 - 08.15 | C14: 30 | D14: 1 | E14: 2 | F14: 32 | G14: 0 | H14: 0 | I14: 2 | J14: 12 | K14: 1 | L14: 0 | M14: 120 | N14: 0 | O14: =SUM(C14:L14,N14) -> 80 | P14: =SUM(C14:N14) -> 200 | R14: 1100-1200 | S14: =SUM(C26:C29) -> 209 | T14: =SUM(D26:D29) -> 21 | U14: =SUM(E26:E29) -> 10 | V14: =SUM(F26:F29) -> 127 | W14: =SUM(G26:G29) -> 1 | X14: =SUM(H26:H29) -> 2 | Y14: =SUM(I26:I29) -> 27 | Z14: =SUM(J26:J29) -> 32 | ... AF14: =SUM(P26:P29) -> 1160
B15: 08.15 - 08.30 | C15: 27 | D15: 3 | E15: 1 | F15: 33 | G15: 0 | H15: 0 | I15: 6 | J15: 17 | K15: 0 | L15: 0 | M15: 150 | N15: 0 | O15: =SUM(C15:L15,N15) -> 87 | P15: =SUM(C15:N15) -> 237 | R15: 1200-1300 | S15: =SUM(C30:C33) -> 193 | T15: =SUM(D30:D33) -> 14 | U15: =SUM(E30:E33) -> 12 | V15: =SUM(F30:F33) -> 131 | W15: =SUM(G30:G33) -> 1 | X15: =SUM(H30:H33) -> 1 | Y15: =SUM(I30:I33) -> 7 | Z15: =SUM(J30:J33) -> 40 | ... AF15: =SUM(P30:P33) -> 1103
B16: 08.30 - 08.45 | C16: 40 | D16: 2 | E16: 4 | F16: 34 | G16: 2 | H16: 0 | I16: 8 | J16: 13 | K16: 0 | L16: 1 | M16: 160 | N16: 0 | O16: =SUM(C16:L16,N16) -> 104 | P16: =SUM(C16:N16) -> 264 | R16: 1300-1400 | S16: =SUM(C34:C37) -> 162 | T16: =SUM(D34:D37) -> 19 | U16: =SUM(E34:E37) -> 14 | V16: =SUM(F34:F37) -> 95 | W16: =SUM(G34:G37) -> 2 | X16: =SUM(H34:H37) -> 0 | Y16: =SUM(I34:I37) -> 12 | Z16: =SUM(J34:J37) -> 36 | ... AF16: =SUM(P34:P37) -> 1109
B17: 08.45 - 9.00 | C17: 46 | D17: 4 | E17: 5 | F17: 39 | G17: 1 | H17: 0 | I17: 2 | J17: 14 | K17: 1 | L17: 0 | M17: 170 | N17: 0 | O17: =SUM(C17:L17,N17) -> 112 | P17: =SUM(C17:N17) -> 282 | R17: 1400-1500 | S17: =SUM(C38:C41) -> 143 | T17: =SUM(D38:D41) -> 22 | U17: =SUM(E38:E41) -> 11 | V17: =SUM(F38:F41) -> 124 | W17: =SUM(G38:G41) -> 3 | X17: =SUM(H38:H41) -> 1 | Y17: =SUM(I38:I41) -> 12 | Z17: =SUM(J38:J41) -> 34 | ... AF17: =SUM(P38:P41) -> 1014
B18: 09.00 - 09.15 | C18: 38 | D18: 2 | E18: 4 | F18: 34 | G18: 0 | H18: 0 | I18: 3 | J18: 3 | K18: 1 | L18: 1 | M18: 160 | N18: 0 | O18: =SUM(C18:L18,N18) -> 86 | P18: =SUM(C18:N18) -> 246 | R18: 1500-1600 | S18: =SUM(C42:C45) -> 234 | T18: =SUM(D42:D45) -> 27 | U18: =SUM(E42:E45) -> 18 | V18: =SUM(F42:F45) -> 130 | W18: =SUM(G42:G45) -> 3 | X18: =SUM(H42:H45) -> 1 | Y18: =SUM(I42:I45) -> 14 | Z18: =SUM(J42:J45) -> 39 | ... AF18: =SUM(P42:P45) -> 1178
B19: 09.15 - 09.30 | C19: 48 | D19: 8 | E19: 2 | F19: 40 | G19: 3 | H19: 0 | I19: 3 | J19: 10 | K19: 1 | L19: 0 | M19: 180 | N19: 0 | O19: =SUM(C19:L19,N19) -> 115 | P19: =SUM(C19:N19) -> 295 | R19: 1600-1700 | S19: =SUM(C46:C49) -> 199 | T19: =SUM(D46:D49) -> 27 | U19: =SUM(E46:E49) -> 15 | V19: =SUM(F46:F49) -> 129 | W19: =SUM(G46:G49) -> 8 | X19: =SUM(H46:H49) -> 1 | Y19: =SUM(I46:I49) -> 11 | Z19: =SUM(J46:J49) -> 30 | ... AF19: =SUM(P46:P49) -> 938
B20: 09.30 - 09.45 | C20: 50 | D20: 5 | E20: 2 | F20: 31 | G20: 0 | H20: 0 | I20: 2 | J20: 7 | K20: 0 | L20: 0 | M20: 175 | N20: 0 | O20: =SUM(C20:L20,N20) -> 97 | P20: =SUM(C20:N20) -> 272 | R20: 1700-1800 | S20: =SUM(C50:C53) -> 256 | T20: =SUM(D50:D53) -> 25 | U20: =SUM(E50:E53) -> 16 | V20: =SUM(F50:F53) -> 149 | W20: =SUM(G50:G53) -> 2 | X20: =SUM(H50:H53) -> 3 | Y20: =SUM(I50:I53) -> 14 | Z20: =SUM(J50:J53) -> 26 | ... AF20: =SUM(P50:P53) -> 1063
B21: 09.45 - 10.00 | C21: 61 | D21: 5 | E21: 8 | F21: 35 | G21: 0 | H21: 0 | I21: 4 | J21: 17 | K21: 0 | L21: 1 | M21: 165 | N21: 0 | O21: =SUM(C21:L21,N21) -> 131 | P21: =SUM(C21:N21) -> 296 | R21: 1800-1900 | S21: =SUM(C54:C57) -> 162 | T21: =SUM(D54:D57) -> 15 | U21: =SUM(E54:E57) -> 12 | V21: =SUM(F54:F57) -> 132 | W21: =SUM(G54:G57) -> 3 | X21: =SUM(H54:H57) -> 5 | Y21: =SUM(I54:I57) -> 16 | Z21: =SUM(J54:J57) -> 32 | ... AF21: =SUM(P54:P57) -> 901
B22: 10.00 - 10.15 | C22: 27 | D22: 1 | E22: 1 | F22: 18 | G22: 0 | H22: 0 | I22: 4 | J22: 3 | K22: 1 | L22: 1 | M22: 170 | N22: 0 | O22: =SUM(C22:L22,N22) -> 56 | P22: =SUM(C22:N22) -> 226 | R22: AM Peak Hr | S22: =MAX(S10:S12) -> 197 | T22: =MAX(T10:T12) -> 37 | U22: =MAX(U10:U12) -> 16 | V22: =MAX(V10:V12) -> 140 | W22: =MAX(W10:W12) -> 7 | X22: =MAX(X10:X12) -> 3 | Y22: =MAX(Y10:Y12) -> 18 | Z22: =MAX(Z10:Z12) -> 56 | ... AF22: =MAX(AF10:AF12) -> 1109
B23: 10.15 - 10.30 | C23: 60 | D23: 7 | E23: 0 | F23: 29 | G23: 0 | H23: 0 | I23: 2 | J23: 6 | K23: 0 | L23: 0 | M23: 200 | N23: 0 | O23: =SUM(C23:L23,N23) -> 104 | P23: =SUM(C23:N23) -> 304 | R23: IP Peak Hr | S23: =MAX(S13:S18) -> 234 | T23: =MAX(T13:T18) -> 32 | U23: =MAX(U13:U18) -> 18 | V23: =MAX(V13:V18) -> 131 | W23: =MAX(W13:W18) -> 3 | X23: =MAX(X13:X18) -> 2 | Y23: =MAX(Y13:Y18) -> 27 | Z23: =MAX(Z13:Z18) -> 40 | ... AF23: =MAX(AF13:AF18) -> 1178
B24: 10.30 - 10.45 | C24: 65 | D24: 9 | E24: 2 | F24: 31 | G24: 1 | H24: 0 | I24: 7 | J24: 12 | K24: 0 | L24: 3 | M24: 185 | N24: 0 | O24: =SUM(C24:L24,N24) -> 130 | P24: =SUM(C24:N24) -> 315 | R24: PM Peak Hr | S24: =MAX(S19:S21) -> 256 | T24: =MAX(T19:T21) -> 27 | U24: =MAX(U19:U21) -> 16 | V24: =MAX(V19:V21) -> 149 | W24: =MAX(W19:W21) -> 8 | X24: =MAX(X19:X21) -> 5 | Y24: =MAX(Y19:Y21) -> 16 | Z24: =MAX(Z19:Z21) -> 32 | ... AF24: =MAX(AF19:AF21) -> 1063
B25: 10.45 - 11.00 | C25: 62 | D25: 15 | E25: 6 | F25: 38 | G25: 0 | H25: 0 | I25: 10 | J25: 11 | K25: 1 | L25: 1 | M25: 180 | N25: 0 | O25: =SUM(C25:L25,N25) -> 144 | P25: =SUM(C25:N25) -> 324 | R25: AM Period | S25: =SUM(S10:S12) -> 496 | T25: =SUM(T10:T12) -> 67 | U25: =SUM(U10:U12) -> 39 | V25: =SUM(V10:V12) -> 396 | W25: =SUM(W10:W12) -> 13 | X25: =SUM(X10:X12) -> 3 | Y25: =SUM(Y10:Y12) -> 45 | Z25: =SUM(Z10:Z12) -> 118 | ... AF25: =SUM(AF10:AF12) -> 2917
B26: 11.00 - 11.15 | C26: 33 | D26: 3 | E26: 4 | F26: 30 | G26: 0 | H26: 1 | I26: 6 | J26: 7 | K26: 0 | L26: 1 | M26: 180 | N26: 0 | O26: =SUM(C26:L26,N26) -> 85 | P26: =SUM(C26:N26) -> 265 | R26: IP Period | S26: =SUM(S13:S18) -> 1155 | T26: =SUM(T13:T18) -> 135 | U26: =SUM(U13:U18) -> 74 | V26: =SUM(V13:V18) -> 723 | W26: =SUM(W13:W18) -> 11 | X26: =SUM(X13:X18) -> 5 | Y26: =SUM(Y13:Y18) -> 95 | Z26: =SUM(Z13:Z18) -> 213 | ... AF26: =SUM(AF13:AF18) -> 6733
B27: 11.15 - 11.30 | C27: 75 | D27: 5 | E27: 5 | F27: 34 | G27: 1 | H27: 0 | I27: 7 | J27: 8 | K27: 0 | L27: 0 | M27: 200 | N27: 0 | O27: =SUM(C27:L27,N27) -> 135 | P27: =SUM(C27:N27) -> 335 | R27: PM Period | S27: =SUM(S19:S21) -> 617 | T27: =SUM(T19:T21) -> 67 | U27: =SUM(U19:U21) -> 43 | V27: =SUM(V19:V21) -> 410 | W27: =SUM(W19:W21) -> 13 | X27: =SUM(X19:X21) -> 9 | Y27: =SUM(Y19:Y21) -> 41 | Z27: =SUM(Z19:Z21) -> 88 | ... AF27: =SUM(AF19:AF21) -> 2902
B28: 11.30 - 11.45 | C28: 48 | D28: 8 | E28: 0 | F28: 30 | G28: 0 | H28: 1 | I28: 11 | J28: 9 | K28: 1 | L28: 2 | M28: 175 | N28: 0 | O28: =SUM(C28:L28,N28) -> 110 | P28: =SUM(C28:N28) -> 285 | R28: 12 Hours | S28: =SUM(S10:S21) -> 2268 | T28: =SUM(T10:T21) -> 269 | U28: =SUM(U10:U21) -> 156 | V28: =SUM(V10:V21) -> 1529 | W28: =SUM(W10:W21) -> 37 | X28: =SUM(X10:X21) -> 17 | Y28: =SUM(Y10:Y21) -> 181 | Z28: =SUM(Z10:Z21) -> 419 | ... AF28: =SUM(AF10:AF21) -> 12552
B29: 11.45 - 12.00 | C29: 53 | D29: 5 | E29: 1 | F29: 33 | G29: 0 | H29: 0 | I29: 3 | J29: 8 | K29: 2 | L29: 0 | M29: 170 | N29: 0 | O29: =SUM(C29:L29,N29) -> 105 | P29: =SUM(C29:N29) -> 275
B30: 12.00 - 12.15 | C30: 54 | D30: 3 | E30: 3 | F30: 46 | G30: 1 | H30: 1 | I30: 1 | J30: 8 | K30: 1 | L30: 1 | M30: 140 | N30: 0 | O30: =SUM(C30:L30,N30) -> 119 | P30: =SUM(C30:N30) -> 259
B31: 12.15 - 12.30 | C31: 40 | D31: 4 | E31: 2 | F31: 30 | G31: 0 | H31: 0 | I31: 1 | J31: 5 | K31: 0 | L31: 0 | M31: 200 | N31: 0 | O31: =SUM(C31:L31,N31) -> 82 | P31: =SUM(C31:N31) -> 282
B32: 12.30 - 12.45 | C32: 56 | D32: 2 | E32: 3 | F32: 23 | G32: 0 | H32: 0 | I32: 2 | J32: 18 | K32: 0 | L32: 0 | M32: 175 | N32: 0 | O32: =SUM(C32:L32,N32) -> 104 | P32: =SUM(C32:N32) -> 279
B33: 12.45 - 13.00 | C33: 43 | D33: 5 | E33: 4 | F33: 32 | G33: 0 | H33: 0 | I33: 3 | J33: 9 | K33: 1 | L33: 1 | M33: 185 | N33: 0 | O33: =SUM(C33:L33,N33) -> 98 | P33: =SUM(C33:N33) -> 283
B34: 13.00 - 13.15 | C34: 59 | D34: 4 | E34: 7 | F34: 33 | G34: 1 | H34: 0 | I34: 1 | J34: 11 | K34: 0 | L34: 1 | M34: 175 | N34: 0 | O34: =SUM(C34:L34,N34) -> 117 | P34: =SUM(C34:N34) -> 292
B35: 13.15 - 13.30 | C35: 49 | D35: 4 | E35: 3 | F35: 21 | G35: 0 | H35: 0 | I35: 3 | J35: 5 | K35: 1 | L35: 0 | M35: 200 | N35: 0 | O35: =SUM(C35:L35,N35) -> 86 | P35: =SUM(C35:N35) -> 286
B36: 13.30 - 13.45 | C36: 22 | D36: 7 | E36: 2 | F36: 19 | G36: 1 | H36: 0 | I36: 4 | J36: 7 | K36: 0 | L36: 0 | M36: 180 | N36: 0 | O36: =SUM(C36:L36,N36) -> 62 | P36: =SUM(C36:N36) -> 242
