Workbook

Sheet 25.10 Kasese-Fort Portal
B1: Consultancy services for Preparation of Expressway Development Master Plan (EDMP) for Uganda
B2: MANUAL CLASSIFIED COUNT (MCC)
B3: ROAD NAME: | C3: MCC - C4 - STN106
C5: Date | D5: 25.10.19 | F5: Location | G5: Kisanga B | J5: Surveyor | K5: Onyuti Betty
C6: Dir. From | D6: Kasese | F6: Dir. To | G6: Fort Portal | J6: Supervisor | K6: Onyuti Betty
B8: Time / Veh Type | R8: SUMMARY TRAFFIC VOLUMES
C9: 1. Car | D9: 2. Station Wagon | E9: 3. Pickups | F9: 4. Minibus, matatu | G9: 5. Medium bus | H9: 6. Large Bus | I9: 7. Light Truck | J9: 8. Medium Truck | K9: 9. Heavy truck | L9: 10. Truck Trailer | M9: 11. Motor cycles | N9: 12. Tractors | O9: Total Excl M/Cycles | P9: Total All | R9: Time | S9: 1. Car | T9: 2. Station Wagon | U9: 3. Pickups | V9: 4. Minibus, matatu | W9: 5. Medium bus | X9: 6. Large Bus | Y9: 7. Light Truck | Z9: 8. Medium Truck | AA9: 9. Heavy truck | AB9: 10. Truck Trailer | AC9: 11. Motorcycles | AD9: 12. Tractors, Graders | AE9: Total Excl M/ Cycles | AF9: Total All
B10: 07.00 - 07.15 | C10: 5 | D10: 2 | E10: 4 | F10: 6 | G10: 1 | H10: 1 | I10: 4 | J10: 0 | K10: 0 | L10: 0 | M10: 102 | N10: 0 | O10: =SUM(C10:L10,N10) -> 23 | P10: =SUM(C10:N10) -> 125 | R10: 0700-0800 | S10: =SUM(C10:C13) -> 37 | T10: =SUM(D10:D13) -> 4 | U10: =SUM(E10:E13) -> 9 | V10: =SUM(F10:F13) -> 27 | W10: =SUM(G10:G13) -> 2 | X10: =SUM(H10:H13) -> 1 | Y10: =SUM(I10:I13) -> 13 | Z10: =SUM(J10:J13) -> 0 | ... AF10: =SUM(P10:P13) -> 530
B11: 07.15 - 07.30 | C11: 14 | D11: 1 | E11: 3 | F11: 8 | G11: 0 | H11: 0 | I11: 3 | J11: 0 | K11: 0 | L11: 1 | M11: 115 | N11: 0 | O11: =SUM(C11:L11,N11) -> 30 | P11: =SUM(C11:N11) -> 145 | R11: 0800-0900 | S11: =SUM(C14:C17) -> 42 | T11: =SUM(D14:D17) -> 15 | U11: =SUM(E14:E17) -> 20 | V11: =SUM(F14:F17) -> 28 | W11: =SUM(G14:G17) -> 1 | X11: =SUM(H14:H17) -> 2 | Y11: =SUM(I14:I17) -> 23 | Z11: =SUM(J14:J17) -> 3 | ... AF11: =SUM(P14:P17) -> 643
B12: 07.30 - 07.45 | C12: 10 | D12: 1 | E12: 0 | F12: 8 | G12: 0 | H12: 0 | I12: 3 | J12: 0 | K12: 0 | L12: 0 | M12: 115 | N12: 0 | O12: =SUM(C12:L12,N12) -> 22 | P12: =SUM(C12:N12) -> 137 | R12: 0900-1000 | S12: =SUM(C18:C21) -> 53 | T12: =SUM(D18:D21) -> 10 | U12: =SUM(E18:E21) -> 16 | V12: =SUM(F18:F21) -> 23 | W12: =SUM(G18:G21) -> 0 | X12: =SUM(H18:H21) -> 2 | Y12: =SUM(I18:I21) -> 16 | Z12: =SUM(J18:J21) -> 3 | ... AF12: =SUM(P18:P21) -> 791
B13: 07.45 - 08.00 | C13: 8 | D13: 0 | E13: 2 | F13: 5 | G13: 1 | H13: 0 | I13: 3 | J13: 0 | K13: 1 | L13: 0 | M13: 103 | N13: 0 | O13: =SUM(C13:L13,N13) -> 20 | P13: =SUM(C13:N13) -> 123 | R13: 1000-1100 | S13: =SUM(C22:C25) -> 48 | T13: =SUM(D22:D25) -> 9 | U13: =SUM(E22:E25) -> 6 | V13: =SUM(F22:F25) -> 25 | W13: =SUM(G22:G25) -> 0 | X13: =SUM(H22:H25) -> 4 | Y13: =SUM(I22:I25) -> 15 | Z13: =SUM(J22:J25) -> 2 | ... AF13: =SUM(P22:P25) -> 592
B14: 08.00 - 08.15 | C14: 13 | D14: 2 | E14: 5 | F14: 6 | G14: 0 | H14: 0 | I14: 2 | J14: 1 | K14: 3 | L14: 0 | M14: 100 | N14: 0 | O14: =SUM(C14:L14,N14) -> 32 | P14: =SUM(C14:N14) -> 132 | R14: 1100-1200 | S14: =SUM(C26:C29) -> 34 | T14: =SUM(D26:D29) -> 12 | U14: =SUM(E26:E29) -> 21 | V14: =SUM(F26:F29) -> 24 | W14: =SUM(G26:G29) -> 0 | X14: =SUM(H26:H29) -> 1 | Y14: =SUM(I26:I29) -> 29 | Z14: =SUM(J26:J29) -> 3 | ... AF14: =SUM(P26:P29) -> 548
B15: 08.15 - 08.30 | C15: 5 | D15: 5 | E15: 3 | F15: 6 | G15: 0 | H15: 2 | I15: 10 | J15: 0 | K15: 0 | L15: 0 | M15: 120 | N15: 0 | O15: =SUM(C15:L15,N15) -> 31 | P15: =SUM(C15:N15) -> 151 | R15: 1200-1300 | S15: =SUM(C30:C33) -> 42 | T15: =SUM(D30:D33) -> 12 | U15: =SUM(E30:E33) -> 16 | V15: =SUM(F30:F33) -> 27 | W15: =SUM(G30:G33) -> 0 | X15: =SUM(H30:H33) -> 1 | Y15: =SUM(I30:I33) -> 17 | Z15: =SUM(J30:J33) -> 3 | ... AF15: =SUM(P30:P33) -> 535
B16: 08.30 - 08.45 | C16: 11 | D16: 3 | E16: 5 | F16: 7 | G16: 0 | H16: 0 | I16: 3 | J16: 2 | K16: 2 | L16: 0 | M16: 136 | N16: 0 | O16: =SUM(C16:L16,N16) -> 33 | P16: =SUM(C16:N16) -> 169 | R16: 1300-1400 | S16: =SUM(C34:C37) -> 46 | T16: =SUM(D34:D37) -> 7 | U16: =SUM(E34:E37) -> 19 | V16: =SUM(F34:F37) -> 19 | W16: =SUM(G34:G37) -> 2 | X16: =SUM(H34:H37) -> 3 | Y16: =SUM(I34:I37) -> 17 | Z16: =SUM(J34:J37) -> 2 | ... AF16: =SUM(P34:P37) -> 521
B17: 08.45 - 9.00 | C17: 13 | D17: 5 | E17: 7 | F17: 9 | G17: 1 | H17: 0 | I17: 8 | J17: 0 | K17: 0 | L17: 0 | M17: 148 | N17: 0 | O17: =SUM(C17:L17,N17) -> 43 | P17: =SUM(C17:N17) -> 191 | R17: 1400-1500 | S17: =SUM(C38:C41) -> 28 | T17: =SUM(D38:D41) -> 7 | U17: =SUM(E38:E41) -> 26 | V17: =SUM(F38:F41) -> 26 | W17: =SUM(G38:G41) -> 0 | X17: =SUM(H38:H41) -> 1 | Y17: =SUM(I38:I41) -> 22 | Z17: =SUM(J38:J41) -> 4 | ... AF17: =SUM(P38:P41) -> 484
B18: 09.00 - 09.15 | C18: 12 | D18: 3 | E18: 3 | F18: 4 | G18: 0 | H18: 1 | I18: 3 | J18: 0 | K18: 1 | L18: 2 | M18: 170 | N18: 0 | O18: =SUM(C18:L18,N18) -> 29 | P18: =SUM(C18:N18) -> 199 | R18: 1500-1600 | S18: =SUM(C42:C45) -> 43 | T18: =SUM(D42:D45) -> 5 | U18: =SUM(E42:E45) -> 23 | V18: =SUM(F42:F45) -> 23 | W18: =SUM(G42:G45) -> 2 | X18: =SUM(H42:H45) -> 2 | Y18: =SUM(I42:I45) -> 21 | Z18: =SUM(J42:J45) -> 4 | ... AF18: =SUM(P42:P45) -> 396
B19: 09.15 - 09.30 | C19: 14 | D19: 3 | E19: 3 | F19: 6 | G19: 0 | H19: 0 | I19: 5 | J19: 0 | K19: 1 | L19: 3 | M19: 175 | N19: 0 | O19: =SUM(C19:L19,N19) -> 35 | P19: =SUM(C19:N19) -> 210 | R19: 1600-1700 | S19: =SUM(C46:C49) -> 39 | T19: =SUM(D46:D49) -> 3 | U19: =SUM(E46:E49) -> 28 | V19: =SUM(F46:F49) -> 28 | W19: =SUM(G46:G49) -> 2 | X19: =SUM(H46:H49) -> 1 | Y19: =SUM(I46:I49) -> 20 | Z19: =SUM(J46:J49) -> 0 | ... AF19: =SUM(P46:P49) -> 648
B20: 09.30 - 09.45 | C20: 15 | D20: 2 | E20: 7 | F20: 5 | G20: 0 | H20: 1 | I20: 5 | J20: 1 | K20: 1 | L20: 1 | M20: 123 | N20: 0 | O20: =SUM(C20:L20,N20) -> 38 | P20: =SUM(C20:N20) -> 161 | R20: 1700-1800 | S20: =SUM(C50:C53) -> 62 | T20: =SUM(D50:D53) -> 8 | U20: =SUM(E50:E53) -> 19 | V20: =SUM(F50:F53) -> 27 | W20: =SUM(G50:G53) -> 0 | X20: =SUM(H50:H53) -> 0 | Y20: =SUM(I50:I53) -> 5 | Z20: =SUM(J50:J53) -> 0 | ... AF20: =SUM(P50:P53) -> 644
B21: 09.45 - 10.00 | C21: 12 | D21: 2 | E21: 3 | F21: 8 | G21: 0 | H21: 0 | I21: 3 | J21: 2 | K21: 0 | L21: 1 | M21: 190 | N21: 0 | O21: =SUM(C21:L21,N21) -> 31 | P21: =SUM(C21:N21) -> 221 | R21: 1800-1900 | S21: =SUM(C54:C57) -> 49 | T21: =SUM(D54:D57) -> 12 | U21: =SUM(E54:E57) -> 15 | V21: =SUM(F54:F57) -> 25 | W21: =SUM(G54:G57) -> 1 | X21: =SUM(H54:H57) -> 0 | Y21: =SUM(I54:I57) -> 0 | Z21: =SUM(J54:J57) -> 0 | ... AF21: =SUM(P54:P57) -> 547
B22: 10.00 - 10.15 | C22: 8 | D22: 3 | E22: 2 | F22: 1 | G22: 0 | H22: 1 | I22: 4 | J22: 1 | K22: 2 | L22: 0 | M22: 132 | N22: 0 | O22: =SUM(C22:L22,N22) -> 22 | P22: =SUM(C22:N22) -> 154 | R22: AM Peak Hr | S22: =MAX(S10:S12) -> 53 | T22: =MAX(T10:T12) -> 15 | U22: =MAX(U10:U12) -> 20 | V22: =MAX(V10:V12) -> 28 | W22: =MAX(W10:W12) -> 2 | X22: =MAX(X10:X12) -> 2 | Y22: =MAX(Y10:Y12) -> 23 | Z22: =MAX(Z10:Z12) -> 3 | ... AF22: =MAX(AF10:AF12) -> 791
B23: 10.15 - 10.30 | C23: 9 | D23: 2 | E23: 1 | F23: 11 | G23: 0 | H23: 0 | I23: 3 | J23: 0 | K23: 1 | L23: 0 | M23: 108 | N23: 0 | O23: =SUM(C23:L23,N23) -> 27 | P23: =SUM(C23:N23) -> 135 | R23: IP Peak Hr | S23: =MAX(S13:S18) -> 48 | T23: =MAX(T13:T18) -> 12 | U23: =MAX(U13:U18) -> 26 | V23: =MAX(V13:V18) -> 27 | W23: =MAX(W13:W18) -> 2 | X23: =MAX(X13:X18) -> 4 | Y23: =MAX(Y13:Y18) -> 29 | Z23: =MAX(Z13:Z18) -> 4 | ... AF23: =MAX(AF13:AF18) -> 592
B24: 10.30 - 10.45 | C24: 12 | D24: 1 | E24: 3 | F24: 6 | G24: 0 | H24: 3 | I24: 1 | J24: 1 | K24: 0 | L24: 0 | M24: 108 | N24: 0 | O24: =SUM(C24:L24,N24) -> 27 | P24: =SUM(C24:N24) -> 135 | R24: PM Peak Hr | S24: =MAX(S19:S21) -> 62 | T24: =MAX(T19:T21) -> 12 | U24: =MAX(U19:U21) -> 28 | V24: =MAX(V19:V21) -> 28 | W24: =MAX(W19:W21) -> 2 | X24: =MAX(X19:X21) -> 1 | Y24: =MAX(Y19:Y21) -> 20 | Z24: =MAX(Z19:Z21) -> 0 | ... AF24: =MAX(AF19:AF21) -> 648
B25: 10.45 - 11.00 | C25: 19 | D25: 3 | E25: 0 | F25: 7 | G25: 0 | H25: 0 | I25: 7 | J25: 0 | K25: 0 | L25: 0 | M25: 132 | N25: 0 | O25: =SUM(C25:L25,N25) -> 36 | P25: =SUM(C25:N25) -> 168 | R25: AM Period | S25: =SUM(S10:S12) -> 132 | T25: =SUM(T10:T12) -> 29 | U25: =SUM(U10:U12) -> 45 | V25: =SUM(V10:V12) -> 78 | W25: =SUM(W10:W12) -> 3 | X25: =SUM(X10:X12) -> 5 | Y25: =SUM(Y10:Y12) -> 52 | Z25: =SUM(Z10:Z12) -> 6 | ... AF25: =SUM(AF10:AF12) -> 1964
B26: 11.00 - 11.15 | C26: 9 | D26: 0 | E26: 6 | F26: 6 | G26: 0 | H26: 0 | I26: 9 | J26: 0 | K26: 1 | L26: 1 | M26: 94 | N26: 0 | O26: =SUM(C26:L26,N26) -> 32 | P26: =SUM(C26:N26) -> 126 | R26: IP Period | S26: =SUM(S13:S18) -> 241 | T26: =SUM(T13:T18) -> 52 | U26: =SUM(U13:U18) -> 111 | V26: =SUM(V13:V18) -> 144 | W26: =SUM(W13:W18) -> 4 | X26: =SUM(X13:X18) -> 12 | Y26: =SUM(Y13:Y18) -> 121 | Z26: =SUM(Z13:Z18) -> 18 | ... AF26: =SUM(AF13:AF18) -> 3076
B27: 11.15 - 11.30 | C27: 9 | D27: 3 | E27: 4 | F27: 7 | G27: 0 | H27: 1 | I27: 8 | J27: 0 | K27: 0 | L27: 0 | M27: 114 | N27: 0 | O27: =SUM(C27:L27,N27) -> 32 | P27: =SUM(C27:N27) -> 146 | R27: PM Period | S27: =SUM(S19:S21) -> 150 | T27: =SUM(T19:T21) -> 23 | U27: =SUM(U19:U21) -> 62 | V27: =SUM(V19:V21) -> 80 | W27: =SUM(W19:W21) -> 3 | X27: =SUM(X19:X21) -> 1 | Y27: =SUM(Y19:Y21) -> 25 | Z27: =SUM(Z19:Z21) -> 0 | ... AF27: =SUM(AF19:AF21) -> 1839
B28: 11.30 - 11.45 | C28: 7 | D28: 5 | E28: 3 | F28: 7 | G28: 0 | H28: 0 | I28: 6 | J28: 1 | K28: 0 | L28: 5 | M28: 112 | N28: 0 | O28: =SUM(C28:L28,N28) -> 34 | P28: =SUM(C28:N28) -> 146 | R28: 12 Hours | S28: =SUM(S10:S21) -> 523 | T28: =SUM(T10:T21) -> 104 | U28: =SUM(U10:U21) -> 218 | V28: =SUM(V10:V21) -> 302 | W28: =SUM(W10:W21) -> 10 | X28: =SUM(X10:X21) -> 18 | Y28: =SUM(Y10:Y21) -> 198 | Z28: =SUM(Z10:Z21) -> 24 | ... AF28: =SUM(AF10:AF21) -> 6879
B29: 11.45 - 12.00 | C29: 9 | D29: 4 | E29: 8 | F29: 4 | G29: 0 | H29: 0 | I29: 6 | J29: 2 | K29: 0 | L29: 1 | M29: 96 | N29: 0 | O29: =SUM(C29:L29,N29) -> 34 | P29: =SUM(C29:N29) -> 130
B30: 12.00 - 12.15 | C30: 15 | D30: 3 | E30: 5 | F30: 9 | G30: 0 | H30: 0 | I30: 6 | J30: 0 | K30: 1 | L30: 0 | M30: 113 | N30: 0 | O30: =SUM(C30:L30,N30) -> 39 | P30: =SUM(C30:N30) -> 152
B31: 12.15 - 12.30 | C31: 10 | D31: 1 | E31: 3 | F31: 2 | G31: 0 | H31: 1 | I31: 1 | J31: 0 | K31: 0 | L31: 0 | M31: 103 | N31: 0 | O31: =SUM(C31:L31,N31) -> 18 | P31: =SUM(C31:N31) -> 121
B32: 12.30 - 12.45 | C32: 8 | D32: 5 | E32: 4 | F32: 8 | G32: 0 | H32: 0 | I32: 5 | J32: 2 | K32: 1 | L32: 0 | M32: 92 | N32: 0 | O32: =SUM(C32:L32,N32) -> 33 | P32: =SUM(C32:N32) -> 125
B33: 12.45 - 13.00 | C33: 9 | D33: 3 | E33: 4 | F33: 8 | G33: 0 | H33: 0 | I33: 5 | J33: 1 | K33: 1 | L33: 0 | M33: 106 | N33: 0 | O33: =SUM(C33:L33,N33) -> 31 | P33: =SUM(C33:N33) -> 137
B34: 13.00 - 13.15 | C34: 12 | D34: 1 | E34: 3 | F34: 3 | G34: 2 | H34: 2 | I34: 4 | J34: 1 | K34: 0 | L34: 0 | M34: 114 | N34: 0 | O34: =SUM(C34:L34,N34) -> 28 | P34: =SUM(C34:N34) -> 142
B35: 13.15 - 13.30 | C35: 12 | D35: 1 | E35: 9 | F35: 9 | G35: 0 | H35: 0 | I35: 8 | J35: 0 | K35: 2 | L35: 0 | M35: 100 | N35: 0 | O35: =SUM(C35:L35,N35) -> 41 | P35: =SUM(C35:N35) -> 141
B36: 13.30 - 13.45 | C36: 15 | D36: 3 | E36: 5 | F36: 5 | G36: 0 | H36: 0 | I36: 3 | J36: 0 | K36: 0 | L36: 1 | M36: 98 | N36: 0 | O36: =SUM(C36:L36,N36) -> 32 | P36: =SUM(C36:N36) -> 130
B37: 13.45 - 14.00 | C37: 7 | D37: 2 | E37: 2 | F37: 2 | G37: 0 | H37: 1 | I37: 2 | J37: 1 | K37: 0 | L37: 2 | M37: 89 | N37: 0 | O37: =SUM(C37:L37,N37) -> 19 | P37: =SUM(C37:N37) -> 108
B38: 14.00 - 14.15 | C38: 4 | D38: 4 | E38: 7 | F38: 7 | G38: 0 | H38: 1 | I38: 7 | J38: 0 | K38: 0 | L38: 1 | M38: 98 | N38: 0 | O38: =SUM(C38:L38,N38) -> 31 | P38: =SUM(C38:N38) -> 129
B39: 14.15 - 14.30 | C39: 9 | D39: 0 | E39: 11 | F39: 11 | G39: 0 | H39: 0 | I39: 5 | J39: 2 | K39: 1 | L39: 0 | M39: 100 | N39: 0 | O39: =SUM(C39:L39,N39) -> 39 | P39: =SUM(C39:N39) -> 139
B40: 14.30 - 14.45 | C40: 5 | D40: 1 | E40: 4 | F40: 4 | G40: 0 | H40: 0 | I40: 8 | J40: 1 | K40: 0 | L40: 1 | M40: 67 | N40: 0 | O40: =SUM(C40:L40,N40) -> 24 | P40: =SUM(C40:N40) -> 91
... B57: 18.45 - 19.00 | C57: 14 | D57: 1 | E57: 1 | F57: 6 | G57: 0 | H57: 0 | I57: 0 | J57: 0 | K57: 1 | L57: 0 | M57: 112 | N57: 1 | O57: =SUM(C57:L57,N57) -> 24 | P57: =SUM(C57:N57) -> 136
B58: Totals | C58: =SUM(C10:C57) -> 523 | D58: =SUM(D10:D57) -> 104 | E58: =SUM(E10:E57) -> 218 | F58: =SUM(F10:F57) -> 302 | G58: =SUM(G10:G57) -> 10 | H58: =SUM(H10:H57) -> 18 | I58: =SUM(I10:I57) -> 198 | J58: =SUM(J10:J57) -> 24 | ... P58: =SUM(P10:P57) -> 6879
B59: %ges + MCs | C59: =C58/$P$58 -> 0.076028493 | D59: =D58/$P$58 -> 0.015118477 | E59: =E58/$P$58 -> 0.031690653 | F59: =F58/$P$58 -> 0.04390173 | G59: =G58/$P$58 -> 0.0014536997 | H59: =H58/$P$58 -> 0.0026166594 | I59: =I58/$P$58 -> 0.028783253 | J59: =J58/$P$58 -> 0.0034888792 | ... N59: =N58/$P$58 -> 0.0023259195
B60: %ges w/o MCs | C60: =C58/$O$58 -> 0.35171486 | D60: =D58/$O$58 -> 0.069939475 | E60: =E58/$O$58 -> 0.1466039 | F60: =F58/$O$58 -> 0.20309348 | G60: =G58/$O$58 -> 0.0067249496 | H60: =H58/$O$58 -> 0.012104909 | I60: =I58/$O$58 -> 0.133154 | J60: =J58/$O$58 -> 0.016139879 | ... L60: =L58/$O$58 -> 0.029589778 | N60: =N58/$O$58 -> 0.010759919

Sheet 25.10 Fort Portal-Kasese
B1: Consultancy services for Preparation of Expressway Development Master Plan (EDMP) for Uganda
B2: MANUAL CLASSIFIED COUNT (MCC)
B3: ROAD NAME: | C3: ='25.10 Kasese-Fort Portal'!C3:G3 -> MCC - C4 - STN106
C5: Date | D5: ='25.10 Kasese-Fort Portal'!D5 -> 25.10.19 | F5: Location | G5: ='25.10 Kasese-Fort Portal'!G5:H5 -> Kisanga B | J5: Surveyor | K5: ='25.10 Kasese-Fort Portal'!K5:L5 -> Onyuti Betty
C6: Dir. From | D6: Fort Portal | F6: Dir. To | G6: Kasese | J6: Supervisor | K6: ='25.10 Kasese-Fort Portal'!K6:L6 -> Onyuti Betty
B8: Time / Veh Type | R8: SUMMARY TRAFFIC VOLUMES
C9: 1. Car | D9: 2. Station Wagon | E9: 3. Pickups | F9: 4. Minibus, matatu | G9: 5. Medium bus | H9: 6. Large Bus | I9: 7. Light Truck | J9: 8. Medium Truck | K9: 9. Heavy truck | L9: 10. Truck Trailer | M9: 11. Motor cycles | N9: 12. Tractors | O9: Total Excl M/Cycles | P9: Total All | R9: Time | S9: 1. Car | T9: 2. Station Wagon | U9: 3. Pickups | V9: 4. Minibus, matatu | W9: 5. Medium bus | X9: 6. Large Bus | Y9: 7. Light Truck | Z9: 8. Medium Truck | AA9: 9. Heavy truck | AB9: 10. Truck Trailer | AC9: 11. Motorcycles | AD9: 12. Tractors, Graders | AE9: Total Excl M/ Cycles | AF9: Total All
B10: 07.00 - 07.15 | C10: 8 | D10: 2 | E10: 0 | F10: 5 | G10: 0 | H10: 0 | I10: 1 | J10: 0 | K10: 0 | L10: 2 | M10: 120 | N10: 0 | O10: =SUM(C10:L10,N10) -> 18 | P10: =SUM(C10:N10) -> 138 | R10: 0700-0800 | S10: =SUM(C10:C13) -> 41 | T10: =SUM(D10:D13) -> 4 | U10: =SUM(E10:E13) -> 8 | V10: =SUM(F10:F13) -> 28 | W10: =SUM(G10:G13) -> 3 | X10: =SUM(H10:H13) -> 2 | Y10: =SUM(I10:I13) -> 6 | Z10: =SUM(J10:J13) -> 4 | ... AF10: =SUM(P10:P13) -> 559
B11: 07.15 - 07.30 | C11: 15 | D11: 1 | E11: 2 | F11: 8 | G11: 2 | H11: 1 | I11: 0 | J11: 1 | K11: 0 | L11: 0 | M11: 123 | N11: 0 | O11: =SUM(C11:L11,N11) -> 30 | P11: =SUM(C11:N11) -> 153 | R11: 0800-0900 | S11: =SUM(C14:C17) -> 47 | T11: =SUM(D14:D17) -> 7 | U11: =SUM(E14:E17) -> 14 | V11: =SUM(F14:F17) -> 26 | W11: =SUM(G14:G17) -> 0 | X11: =SUM(H14:H17) -> 0 | Y11: =SUM(I14:I17) -> 22 | Z11: =SUM(J14:J17) -> 9 | ... AF11: =SUM(P14:P17) -> 552
B12: 07.30 - 07.45 | C12: 8 | D12: 1 | E12: 1 | F12: 8 | G12: 0 | H12: 1 | I12: 4 | J12: 1 | K12: 1 | L12: 2 | M12: 109 | N12: 0 | O12: =SUM(C12:L12,N12) -> 27 | P12: =SUM(C12:N12) -> 136 | R12: 0900-1000 | S12: =SUM(C18:C21) -> 37 | T12: =SUM(D18:D21) -> 21 | U12: =SUM(E18:E21) -> 15 | V12: =SUM(F18:F21) -> 18 | W12: =SUM(G18:G21) -> 3 | X12: =SUM(H18:H21) -> 1 | Y12: =SUM(I18:I21) -> 17 | Z12: =SUM(J18:J21) -> 8 | ... AF12: =SUM(P18:P21) -> 591
B13: 07.45 - 08.00 | C13: 10 | D13: 0 | E13: 5 | F13: 7 | G13: 1 | H13: 0 | I13: 1 | J13: 2 | K13: 0 | L13: 0 | M13: 106 | N13: 0 | O13: =SUM(C13:L13,N13) -> 26 | P13: =SUM(C13:N13) -> 132 | R13: 1000-1100 | S13: =SUM(C22:C25) -> 41 | T13: =SUM(D22:D25) -> 13 | U13: =SUM(E22:E25) -> 15 | V13: =SUM(F22:F25) -> 28 | W13: =SUM(G22:G25) -> 1 | X13: =SUM(H22:H25) -> 0 | Y13: =SUM(I22:I25) -> 19 | Z13: =SUM(J22:J25) -> 7 | ... AF13: =SUM(P22:P25) -> 627
B14: 08.00 - 08.15 | C14: 14 | D14: 2 | E14: 4 | F14: 9 | G14: 0 | H14: 0 | I14: 5 | J14: 3 | K14: 0 | L14: 1 | M14: 115 | N14: 0 | O14: =SUM(C14:L14,N14) -> 38 | P14: =SUM(C14:N14) -> 153 | R14: 1100-1200 | S14: =SUM(C26:C29) -> 35 | T14: =SUM(D26:D29) -> 9 | U14: =SUM(E26:E29) -> 15 | V14: =SUM(F26:F29) -> 27 | W14: =SUM(G26:G29) -> 0 | X14: =SUM(H26:H29) -> 0 | Y14: =SUM(I26:I29) -> 24 | Z14: =SUM(J26:J29) -> 2 | ... AF14: =SUM(P26:P29) -> 616
B15: 08.15 - 08.30 | C15: 15 | D15: 2 | E15: 1 | F15: 5 | G15: 0 | H15: 0 | I15: 5 | J15: 2 | K15: 1 | L15: 2 | M15: 93 | N15: 0 | O15: =SUM(C15:L15,N15) -> 33 | P15: =SUM(C15:N15) -> 126 | R15: 1200-1300 | S15: =SUM(C30:C33) -> 50 | T15: =SUM(D30:D33) -> 14 | U15: =SUM(E30:E33) -> 16 | V15: =SUM(F30:F33) -> 35 | W15: =SUM(G30:G33) -> 1 | X15: =SUM(H30:H33) -> 2 | Y15: =SUM(I30:I33) -> 21 | Z15: =SUM(J30:J33) -> 3 | ... AF15: =SUM(P30:P33) -> 728
B16: 08.30 - 08.45 | C16: 5 | D16: 2 | E16: 3 | F16: 7 | G16: 0 | H16: 0 | I16: 7 | J16: 1 | K16: 0 | L16: 1 | M16: 102 | N16: 0 | O16: =SUM(C16:L16,N16) -> 26 | P16: =SUM(C16:N16) -> 128 | R16: 1300-1400 | S16: =SUM(C34:C37) -> 42 | T16: =SUM(D34:D37) -> 13 | U16: =SUM(E34:E37) -> 11 | V16: =SUM(F34:F37) -> 23 | W16: =SUM(G34:G37) -> 0 | X16: =SUM(H34:H37) -> 2 | Y16: =SUM(I34:I37) -> 15 | Z16: =SUM(J34:J37) -> 1 | ... AF16: =SUM(P34:P37) -> 682
B17: 08.45 - 9.00 | C17: 13 | D17: 1 | E17: 6 | F17: 5 | G17: 0 | H17: 0 | I17: 5 | J17: 3 | K17: 1 | L17: 2 | M17: 109 | N17: 0 | O17: =SUM(C17:L17,N17) -> 36 | P17: =SUM(C17:N17) -> 145 | R17: 1400-1500 | S17: =SUM(C38:C41) -> 36 | T17: =SUM(D38:D41) -> 6 | U17: =SUM(E38:E41) -> 16 | V17: =SUM(F38:F41) -> 25 | W17: =SUM(G38:G41) -> 2 | X17: =SUM(H38:H41) -> 2 | Y17: =SUM(I38:I41) -> 20 | Z17: =SUM(J38:J41) -> 4 | ... AF17: =SUM(P38:P41) -> 575
B18: 09.00 - 09.15 | C18: 13 | D18: 6 | E18: 3 | F18: 6 | G18: 1 | H18: 0 | I18: 8 | J18: 0 | K18: 0 | L18: 2 | M18: 115 | N18: 0 | O18: =SUM(C18:L18,N18) -> 39 | P18: =SUM(C18:N18) -> 154 | R18: 1500-1600 | S18: =SUM(C42:C45) -> 46 | T18: =SUM(D42:D45) -> 9 | U18: =SUM(E42:E45) -> 14 | V18: =SUM(F42:F45) -> 26 | W18: =SUM(G42:G45) -> 1 | X18: =SUM(H42:H45) -> 1 | Y18: =SUM(I42:I45) -> 21 | Z18: =SUM(J42:J45) -> 8 | ... AF18: =SUM(P42:P45) -> 687
B19: 09.15 - 09.30 | C19: 13 | D19: 10 | E19: 4 | F19: 8 | G19: 1 | H19: 1 | I19: 5 | J19: 2 | K19: 1 | L19: 1 | M19: 124 | N19: 0 | O19: =SUM(C19:L19,N19) -> 46 | P19: =SUM(C19:N19) -> 170 | R19: 1600-1700 | S19: =SUM(C46:C49) -> 50 | T19: =SUM(D46:D49) -> 11 | U19: =SUM(E46:E49) -> 16 | V19: =SUM(F46:F49) -> 20 | W19: =SUM(G46:G49) -> 0 | X19: =SUM(H46:H49) -> 0 | Y19: =SUM(I46:I49) -> 14 | Z19: =SUM(J46:J49) -> 6 | ... AF19: =SUM(P46:P49) -> 718
B20: 09.30 - 09.45 | C20: 4 | D20: 1 | E20: 1 | F20: 0 | G20: 1 | H20: 0 | I20: 4 | J20: 1 | K20: 1 | L20: 1 | M20: 110 | N20: 0 | O20: =SUM(C20:L20,N20) -> 14 | P20: =SUM(C20:N20) -> 124 | R20: 1700-1800 | S20: =SUM(C50:C53) -> 68 | T20: =SUM(D50:D53) -> 16 | U20: =SUM(E50:E53) -> 27 | V20: =SUM(F50:F53) -> 18 | W20: =SUM(G50:G53) -> 0 | X20: =SUM(H50:H53) -> 1 | Y20: =SUM(I50:I53) -> 15 | Z20: =SUM(J50:J53) -> 8 | ... AF20: =SUM(P50:P53) -> 679
B21: 09.45 - 10.00 | C21: 7 | D21: 4 | E21: 7 | F21: 4 | G21: 0 | H21: 0 | I21: 0 | J21: 5 | K21: 1 | L21: 1 | M21: 114 | N21: 0 | O21: =SUM(C21:L21,N21) -> 29 | P21: =SUM(C21:N21) -> 143 | R21: 1800-1900 | S21: =SUM(C54:C57) -> 69 | T21: =SUM(D54:D57) -> 11 | U21: =SUM(E54:E57) -> 17 | V21: =SUM(F54:F57) -> 25 | W21: =SUM(G54:G57) -> 2 | X21: =SUM(H54:H57) -> 2 | Y21: =SUM(I54:I57) -> 25 | Z21: =SUM(J54:J57) -> 2 | ... AF21: =SUM(P54:P57) -> 526
B22: 10.00 - 10.15 | C22: 12 | D22: 5 | E22: 5 | F22: 7 | G22: 1 | H22: 0 | I22: 6 | J22: 2 | K22: 0 | L22: 1 | M22: 159 | N22: 0 | O22: =SUM(C22:L22,N22) -> 39 | P22: =SUM(C22:N22) -> 198 | R22: AM Peak Hr | S22: =MAX(S10:S12) -> 47 | T22: =MAX(T10:T12) -> 21 | U22: =MAX(U10:U12) -> 15 | V22: =MAX(V10:V12) -> 28 | W22: =MAX(W10:W12) -> 3 | X22: =MAX(X10:X12) -> 2 | Y22: =MAX(Y10:Y12) -> 22 | Z22: =MAX(Z10:Z12) -> 9 | ... AF22: =MAX(AF10:AF12) -> 591
B23: 10.15 - 10.30 | C23: 6 | D23: 2 | E23: 6 | F23: 6 | G23: 0 | H23: 0 | I23: 3 | J23: 0 | K23: 0 | L23: 1 | M23: 77 | N23: 0 | O23: =SUM(C23:L23,N23) -> 24 | P23: =SUM(C23:N23) -> 101 | R23: IP Peak Hr | S23: =MAX(S13:S18) -> 50 | T23: =MAX(T13:T18) -> 14 | U23: =MAX(U13:U18) -> 16 | V23: =MAX(V13:V18) -> 35 | W23: =MAX(W13:W18) -> 2 | X23: =MAX(X13:X18) -> 2 | Y23: =MAX(Y13:Y18) -> 24 | Z23: =MAX(Z13:Z18) -> 8 | ... AF23: =MAX(AF13:AF18) -> 728
B24: 10.30 - 10.45 | C24: 10 | D24: 5 | E24: 2 | F24: 6 | G24: 0 | H24: 0 | I24: 6 | J24: 3 | K24: 1 | L24: 3 | M24: 119 | N24: 0 | O24: =SUM(C24:L24,N24) -> 36 | P24: =SUM(C24:N24) -> 155 | R24: PM Peak Hr | S24: =MAX(S19:S21) -> 69 | T24: =MAX(T19:T21) -> 16 | U24: =MAX(U19:U21) -> 27 | V24: =MAX(V19:V21) -> 25 | W24: =MAX(W19:W21) -> 2 | X24: =MAX(X19:X21) -> 2 | Y24: =MAX(Y19:Y21) -> 25 | Z24: =MAX(Z19:Z21) -> 8 | ... AF24: =MAX(AF19:AF21) -> 718
B25: 10.45 - 11.00 | C25: 13 | D25: 1 | E25: 2 | F25: 9 | G25: 0 | H25: 0 | I25: 4 | J25: 2 | K25: 1 | L25: 2 | M25: 139 | N25: 0 | O25: =SUM(C25:L25,N25) -> 34 | P25: =SUM(C25:N25) -> 173 | R25: AM Period | S25: =SUM(S10:S12) -> 125 | T25: =SUM(T10:T12) -> 32 | U25: =SUM(U10:U12) -> 37 | V25: =SUM(V10:V12) -> 72 | W25: =SUM(W10:W12) -> 6 | X25: =SUM(X10:X12) -> 3 | Y25: =SUM(Y10:Y12) -> 45 | Z25: =SUM(Z10:Z12) -> 21 | ... AF25: =SUM(AF10:AF12) -> 1702
B26: 11.00 - 11.15 | C26: 15 | D26: 1 | E26: 4 | F26: 3 | G26: 0 | H26: 0 | I26: 6 | J26: 1 | K26: 0 | L26: 1 | M26: 120 | N26: 0 | O26: =SUM(C26:L26,N26) -> 31 | P26: =SUM(C26:N26) -> 151 | R26: IP Period | S26: =SUM(S13:S18) -> 250 | T26: =SUM(T13:T18) -> 64 | U26: =SUM(U13:U18) -> 87 | V26: =SUM(V13:V18) -> 164 | W26: =SUM(W13:W18) -> 5 | X26: =SUM(X13:X18) -> 7 | Y26: =SUM(Y13:Y18) -> 120 | Z26: =SUM(Z13:Z18) -> 25 | ... AF26: =SUM(AF13:AF18) -> 3915
B27: 11.15 - 11.30 | C27: 8 | D27: 2 | E27: 4 | F27: 13 | G27: 0 | H27: 0 | I27: 7 | J27: 0 | K27: 0 | L27: 1 | M27: 137 | N27: 0 | O27: =SUM(C27:L27,N27) -> 35 | P27: =SUM(C27:N27) -> 172 | R27: PM Period | S27: =SUM(S19:S21) -> 187 | T27: =SUM(T19:T21) -> 38 | U27: =SUM(U19:U21) -> 60 | V27: =SUM(V19:V21) -> 63 | W27: =SUM(W19:W21) -> 2 | X27: =SUM(X19:X21) -> 3 | Y27: =SUM(Y19:Y21) -> 54 | Z27: =SUM(Z19:Z21) -> 16 | ... AF27: =SUM(AF19:AF21) -> 1923
B28: 11.30 - 11.45 | C28: 11 | D28: 5 | E28: 6 | F28: 10 | G28: 0 | H28: 0 | I28: 4 | J28: 0 | K28: 1 | L28: 0 | M28: 137 | N28: 0 | O28: =SUM(C28:L28,N28) -> 37 | P28: =SUM(C28:N28) -> 174 | R28: 12 Hours | S28: =SUM(S10:S21) -> 562 | T28: =SUM(T10:T21) -> 134 | U28: =SUM(U10:U21) -> 184 | V28: =SUM(V10:V21) -> 299 | W28: =SUM(W10:W21) -> 13 | X28: =SUM(X10:X21) -> 13 | Y28: =SUM(Y10:Y21) -> 219 | Z28: =SUM(Z10:Z21) -> 62 | ... AF28: =SUM(AF10:AF21) -> 7540
B29: 11.45 - 12.00 | C29: 1 | D29: 1 | E29: 1 | F29: 1 | G29: 0 | H29: 0 | I29: 7 | J29: 1 | K29: 0 | L29: 0 | M29: 107 | N29: 0 | O29: =SUM(C29:L29,N29) -> 12 | P29: =SUM(C29:N29) -> 119
B30: 12.00 - 12.15 | C30: 11 | D30: 4 | E30: 6 | F30: 15 | G30: 0 | H30: 0 | I30: 2 | J30: 1 | K30: 0 | L30: 0 | M30: 156 | N30: 0 | O30: =SUM(C30:L30,N30) -> 39 | P30: =SUM(C30:N30) -> 195
B31: 12.15 - 12.30 | C31: 14 | D31: 3 | E31: 5 | F31: 6 | G31: 0 | H31: 0 | I31: 5 | J31: 0 | K31: 0 | L31: 0 | M31: 136 | N31: 0 | O31: =SUM(C31:L31,N31) -> 33 | P31: =SUM(C31:N31) -> 169
B32: 12.30 - 12.45 | C32: 10 | D32: 5 | E32: 2 | F32: 3 | G32: 1 | H32: 0 | I32: 7 | J32: 1 | K32: 0 | L32: 0 | M32: 141 | N32: 0 | O32: =SUM(C32:L32,N32) -> 29 | P32: =SUM(C32:N32) -> 170
B33: 12.45 - 13.00 | C33: 15 | D33: 2 | E33: 3 | F33: 11 | G33: 0 | H33: 2 | I33: 7 | J33: 1 | K33: 0 | L33: 1 | M33: 152 | N33: 0 | O33: =SUM(C33:L33,N33) -> 42 | P33: =SUM(C33:N33) -> 194
B34: 13.00 - 13.15 | C34: 5 | D34: 3 | E34: 3 | F34: 4 | G34: 0 | H34: 2 | I34: 6 | J34: 0 | K34: 1 | L34: 0 | M34: 135 | N34: 0 | O34: =SUM(C34:L34,N34) -> 24 | P34: =SUM(C34:N34) -> 159
B35: 13.15 - 13.30 | C35: 12 | D35: 3 | E35: 4 | F35: 5 | G35: 0 | H35: 0 | I35: 2 | J35: 0 | K35: 1 | L35: 1 | M35: 147 | N35: 0 | O35: =SUM(C35:L35,N35) -> 28 | P35: =SUM(C35:N35) -> 175
B36: 13.30 - 13.45 | C36: 13 | D36: 3 | E36: 2 | F36: 9 | G36: 0 | H36: 0 | I36: 4 | J36: 1 | K36: 0 | L36: 1 | M36: 124 | N36: 0 | O36: =SUM(C36:L36,N36) -> 33 | P36: =SUM(C36:N36) -> 157
B37: 13.45 - 14.00 | C37: 12 | D37: 4 | E37: 2 | F37: 5 | G37: 0 | H37: 0 | I37: 3 | J37: 0 | K37: 0 | L37: 1 | M37: 164 | N37: 0 | O37: =SUM(C37:L37,N37) -> 27 | P37: =SUM(C37:N37) -> 191
B38: 14.00 - 14.15 | C38: 7 | D38: 0 | E38: 4 | F38: 7 | G38: 0 | H38: 1 | I38: 6 | J38: 0 | K38: 0 | L38: 0 | M38: 110 | N38: 0 | O38: =SUM(C38:L38,N38) -> 25 | P38: =SUM(C38:N38) -> 135
B39: 14.15 - 14.30 | C39: 10 | D39: 1 | E39: 5 | F39: 10 | G39: 1 | H39: 0 | I39: 3 | J39: 1 | K39: 0 | L39: 2 | M39: 133 | N39: 0 | O39: =SUM(C39:L39,N39) -> 33 | P39: =SUM(C39:N39) -> 166
B40: 14.30 - 14.45 | C40: 8 | D40: 1 | E40: 3 | F40: 4 | G40: 1 | H40: 0 | I40: 8 | J40: 2 | K40: 0 | L40: 0 | M40: 88 | N40: 0 | O40: =SUM(C40:L40,N40) -> 27 | P40: =SUM(C40:N40) -> 115
... B55: 18.15 - 18.30 | C55: 15 | D55: 4 | E55: 4 | F55: 8 | G55: 0 | H55: 2 | I55: 7 | J55: 0 | K55: 0 | L55: 1 | M55: 95 | N55: 0 | O55: =SUM(C55:L55,N55) -> 41 | P55: =SUM(C55:N55) -> 136
B56: 18.30 - 18.45 | C56: 14 | D56: 3 | E56: 4 | F56: 7 | G56: 1 | H56: 0 | I56: 3 | J56: 0 | M56: 103 | N56: 0 | O56: =SUM(C56:L56,N56) -> 32 | P56: =SUM(C56:N56) -> 135
B57: 18.45 - 19.00 | C57: 27 | D57: 2 | E57: 5 | F57: 4 | G57: 0 | H57: 0 | I57: 6 | J57: 0 | K57: 0 | L57: 0 | M57: 94 | N57: 0 | O57: =SUM(C57:L57,N57) -> 44 | P57: =SUM(C57:N57) -> 138
B58: Totals | C58: =SUM(C10:C57) -> 562 | D58: =SUM(D10:D57) -> 134 | E58: =SUM(E10:E57) -> 184 | F58: =SUM(F10:F57) -> 299 | G58: =SUM(G10:G57) -> 13 | H58: =SUM(H10:H57) -> 13 | I58: =SUM(I10:I57) -> 219 | J58: =SUM(J10:J57) -> 62 | ... P58: =SUM(P10:P57) -> 7540
B59: %ges + MCs | C59: =C58/$P$58 -> 0.074535809 | D59: =D58/$P$58 -> 0.017771883 | E59: =E58/$P$58 -> 0.024403183 | F59: =F58/$P$58 -> 0.039655172 | G59: =G58/$P$58 -> 0.0017241379 | H59: =H58/$P$58 -> 0.0017241379 | I59: =I58/$P$58 -> 0.029045093 | J59: =J58/$P$58 -> 0.0082228117 | ... N59: =N58/$P$58 -> 0
B60: %ges w/o MCs | C60: =C58/$O$58 -> 0.36564736 | D60: =D58/$O$58 -> 0.087182824 | E60: =E58/$O$58 -> 0.11971373 | F60: =F58/$O$58 -> 0.19453481 | G60: =G58/$O$58 -> 0.0084580351 | H60: =H58/$O$58 -> 0.0084580351 | I60: =I58/$O$58 -> 0.14248536 | J60: =J58/$O$58 -> 0.040338321 | ... L60: =L58/$O$58 -> 0.024723487 | N60: =N58/$O$58 -> 0

Sheet 26.10 Kasese-Fort Portal-24h
B1: Consultancy services for Preparation of Expressway Development Master Plan (EDMP) for Uganda
B2: MANUAL CLASSIFIED COUNT (MCC)
B3: ROAD NAME: | C3: ='25.10 Kasese-Fort Portal'!C3:G3 -> MCC - C4 - STN106
C5: Date | D5: 26.10.19 | F5: Location | G5: ='30.10 Fort Portal-Kasese'!G5:H5 -> Kisanga B | J5: Surveyor | K5: ='30.10 Fort Portal-Kasese'!K5:L5 -> Onyuti Betty
C6: Dir. From | D6: ='25.10 Kasese-Fort Portal'!D6:E6 -> Kasese | F6: Dir. To | G6: ='25.10 Kasese-Fort Portal'!G6:H6 -> Fort Portal | J6: Supervisor | K6: ='30.10 Fort Portal-Kasese'!K6:L6 -> Onyuti Betty
B8: Time / Veh Type | R8: SUMMARY TRAFFIC VOLUMES
C9: 1. Car | D9: 2. Station Wagon | E9: 3. Pickups | F9: 4. Minibus, matatu | G9: 5. Medium bus | H9: 6. Large Bus | I9: 7. Light Truck | J9: 8. Medium Truck | K9: 9. Heavy truck | L9: 10. Truck Trailer | M9: 11. Motor cycles | N9: 12. Tractors | O9: Total Excl M/Cycles | P9: Total All | R9: Time | S9: 1. Car | T9: 2. Station Wagon | U9: 3. Pickups | V9: 4. Minibus, matatu | W9: 5. Medium bus | X9: 6. Large Bus | Y9: 7. Light Truck | Z9: 8. Medium Truck | AA9: 9. Heavy truck | AB9: 10. Truck Trailer | AC9: 11. Motorcycles | AD9: 12. Tractors, Graders | AE9: Total Excl M/ Cycles | AF9: Total All
B10: 07.00 - 07.15 | C10: 6 | D10: 0 | E10: 0 | F10: 5 | G10: 0 | H10: 1 | I10: 0 | J10: 2 | K10: 0 | L10: 1 | M10: 9 | N10: 0 | O10: =SUM(C10:L10,N10) -> 15 | P10: =SUM(C10:N10) -> 24 | R10: 0700-0800 | S10: =SUM(C10:C13) -> 25 | T10: =SUM(D10:D13) -> 0 | U10: =SUM(E10:E13) -> 6 | V10: =SUM(F10:F13) -> 17 | W10: =SUM(G10:G13) -> 0 | X10: =SUM(H10:H13) -> 1 | Y10: =SUM(I10:I13) -> 0 | Z10: =SUM(J10:J13) -> 2 | ... AF10: =SUM(P10:P13) -> 133
B11: 07.15 - 07.30 | C11: 7 | D11: 0 | E11: 2 | F11: 4 | G11: 0 | H11: 0 | I11: 0 | J11: 0 | K11: 0 | L11: 0 | M11: 17 | N11: 0 | O11: =SUM(C11:L11,N11) -> 13 | P11: =SUM(C11:N11) -> 30 | R11: 0800-0900 | S11: =SUM(C14:C17) -> 17 | T11: =SUM(D14:D17) -> 8 | U11: =SUM(E14:E17) -> 5 | V11: =SUM(F14:F17) -> 16 | W11: =SUM(G14:G17) -> 0 | X11: =SUM(H14:H17) -> 1 | Y11: =SUM(I14:I17) -> 4 | Z11: =SUM(J14:J17) -> 2 | ... AF11: =SUM(P14:P17) -> 112
B12: 07.30 - 07.45 | C12: 5 | D12: 0 | E12: 2 | F12: 4 | G12: 0 | H12: 0 | I12: 0 | J12: 0 | K12: 0 | L12: 0 | M12: 23 | N12: 0 | O12: =SUM(C12:L12,N12) -> 11 | P12: =SUM(C12:N12) -> 34 | R12: 0900-1000 | S12: =SUM(C18:C21) -> 15 | T12: =SUM(D18:D21) -> 4 | U12: =SUM(E18:E21) -> 5 | V12: =SUM(F18:F21) -> 13 | W12: =SUM(G18:G21) -> 2 | X12: =SUM(H18:H21) -> 1 | Y12: =SUM(I18:I21) -> 2 | Z12: =SUM(J18:J21) -> 2 | ... AF12: =SUM(P18:P21) -> 135
B13: 07.45 - 08.00 | C13: 7 | D13: 0 | E13: 2 | F13: 4 | G13: 0 | H13: 0 | I13: 0 | J13: 0 | K13: 0 | L13: 0 | M13: 32 | N13: 0 | O13: =SUM(C13:L13,N13) -> 13 | P13: =SUM(C13:N13) -> 45 | R13: 1000-1100 | S13: =SUM(C22:C25) -> 17 | T13: =SUM(D22:D25) -> 2 | U13: =SUM(E22:E25) -> 4 | V13: =SUM(F22:F25) -> 12 | W13: =SUM(G22:G25) -> 1 | X13: =SUM(H22:H25) -> 3 | Y13: =SUM(I22:I25) -> 5 | Z13: =SUM(J22:J25) -> 3 | ... AF13: =SUM(P22:P25) -> 259
B14: 08.00 - 08.15 | C14: 6 | D14: 1 | E14: 1 | F14: 0 | G14: 0 | H14: 0 | I14: 0 | J14: 1 | K14: 0 | L14: 0 | M14: 28 | N14: 0 | O14: =SUM(C14:L14,N14) -> 9 | P14: =SUM(C14:N14) -> 37 | R14: 1100-1200 | S14: =SUM(C26:C29) -> 42 | T14: =SUM(D26:D29) -> 15 | U14: =SUM(E26:E29) -> 8 | V14: =SUM(F26:F29) -> 22 | W14: =SUM(G26:G29) -> 2 | X14: =SUM(H26:H29) -> 2 | Y14: =SUM(I26:I29) -> 8 | Z14: =SUM(J26:J29) -> 5 | ... AF14: =SUM(P26:P29) -> 626
B15: 08.15 - 08.30 | C15: 7 | D15: 4 | E15: 3 | F15: 8 | G15: 0 | H15: 1 | I15: 1 | J15: 0 | K15: 0 | L15: 1 | M15: 13 | N15: 0 | O15: =SUM(C15:L15,N15) -> 25 | P15: =SUM(C15:N15) -> 38 | R15: 1200-1300 | S15: =SUM(C30:C33) -> 34 | T15: =SUM(D30:D33) -> 10 | U15: =SUM(E30:E33) -> 7 | V15: =SUM(F30:F33) -> 32 | W15: =SUM(G30:G33) -> 3 | X15: =SUM(H30:H33) -> 0 | Y15: =SUM(I30:I33) -> 9 | Z15: =SUM(J30:J33) -> 10 | ... AF15: =SUM(P30:P33) -> 661
B16: 08.30 - 08.45 | C16: 1 | D16: 2 | E16: 1 | F16: 4 | G16: 0 | H16: 0 | I16: 0 | J16: 0 | K16: 0 | L16: 0 | M16: 13 | N16: 0 | O16: =SUM(C16:L16,N16) -> 8 | P16: =SUM(C16:N16) -> 21 | R16: 1300-1400 | S16: =SUM(C34:C37) -> 36 | T16: =SUM(D34:D37) -> 9 | U16: =SUM(E34:E37) -> 15 | V16: =SUM(F34:F37) -> 17 | W16: =SUM(G34:G37) -> 0 | X16: =SUM(H34:H37) -> 1 | Y16: =SUM(I34:I37) -> 8 | Z16: =SUM(J34:J37) -> 6 | ... AF16: =SUM(P34:P37) -> 672
B17: 08.45 - 9.00 | C17: 3 | D17: 1 | E17: 0 | F17: 4 | G17: 0 | H17: 0 | I17: 3 | J17: 1 | K17: 0 | L17: 0 | M17: 4 | N17: 0 | O17: =SUM(C17:L17,N17) -> 12 | P17: =SUM(C17:N17) -> 16 | R17: 1400-1500 | S17: =SUM(C38:C41) -> 37 | T17: =SUM(D38:D41) -> 9 | U17: =SUM(E38:E41) -> 7 | V17: =SUM(F38:F41) -> 10 | W17: =SUM(G38:G41) -> 0 | X17: =SUM(H38:H41) -> 2 | Y17: =SUM(I38:I41) -> 5 | Z17: =SUM(J38:J41) -> 4 | ... AF17: =SUM(P38:P41) -> 670
B18: 09.00 - 09.15 | C18: 5 | D18: 1 | E18: 1 | F18: 4 | G18: 1 | H18: 0 | I18: 1 | J18: 1 | K18: 1 | L18: 2 | M18: 19 | N18: 0 | O18: =SUM(C18:L18,N18) -> 17 | P18: =SUM(C18:N18) -> 36 | R18: 1500-1600 | S18: =SUM(C42:C45) -> 33 | T18: =SUM(D42:D45) -> 6 | U18: =SUM(E42:E45) -> 8 | V18: =SUM(F42:F45) -> 24 | W18: =SUM(G42:G45) -> 1 | X18: =SUM(H42:H45) -> 0 | Y18: =SUM(I42:I45) -> 5 | Z18: =SUM(J42:J45) -> 7 | ... AF18: =SUM(P42:P45) -> 393
B19: 09.15 - 09.30 | C19: 2 | D19: 0 | E19: 1 | F19: 1 | G19: 0 | H19: 0 | I19: 0 | J19: 0 | K19: 0 | L19: 0 | M19: 11 | N19: 0 | O19: =SUM(C19:L19,N19) -> 4 | P19: =SUM(C19:N19) -> 15 | R19: 1600-1700 | S19: =SUM(C46:C49) -> 31 | T19: =SUM(D46:D49) -> 8 | U19: =SUM(E46:E49) -> 15 | V19: =SUM(F46:F49) -> 17 | W19: =SUM(G46:G49) -> 1 | X19: =SUM(H46:H49) -> 3 | Y19: =SUM(I46:I49) -> 11 | Z19: =SUM(J46:J49) -> 0 | ... AF19: =SUM(P46:P49) -> 632
B20: 09.30 - 09.45 | C20: 5 | D20: 1 | E20: 2 | F20: 3 | G20: 1 | H20: 0 | I20: 1 | J20: 0 | K20: 0 | L20: 0 | M20: 13 | N20: 0 | O20: =SUM(C20:L20,N20) -> 13 | P20: =SUM(C20:N20) -> 26 | R20: 1700-1800 | S20: =SUM(C50:C53) -> 36 | T20: =SUM(D50:D53) -> 7 | U20: =SUM(E50:E53) -> 12 | V20: =SUM(F50:F53) -> 25 | W20: =SUM(G50:G53) -> 1 | X20: =SUM(H50:H53) -> 1 | Y20: =SUM(I50:I53) -> 17 | Z20: =SUM(J50:J53) -> 2 | ... AF20: =SUM(P50:P53) -> 644
B21: 09.45 - 10.00 | C21: 3 | D21: 2 | E21: 1 | F21: 5 | G21: 0 | H21: 1 | I21: 0 | J21: 1 | K21: 0 | L21: 0 | M21: 45 | N21: 0 | O21: =SUM(C21:L21,N21) -> 13 | P21: =SUM(C21:N21) -> 58 | R21: 1800-1900 | S21: =SUM(C54:C57) -> 37 | T21: =SUM(D54:D57) -> 8 | U21: =SUM(E54:E57) -> 14 | V21: =SUM(F54:F57) -> 16 | W21: =SUM(G54:G57) -> 1 | X21: =SUM(H54:H57) -> 0 | Y21: =SUM(I54:I57) -> 13 | Z21: =SUM(J54:J57) -> 1 | ... AF21: =SUM(P54:P57) -> 647
B22: 10.00 - 10.15 | C22: 6 | D22: 0 | E22: 0 | F22: 0 | G22: 0 | H22: 0 | I22: 0 | J22: 0 | K22: 0 | L22: 0 | M22: 39 | N22: 0 | O22: =SUM(C22:L22,N22) -> 6 | P22: =SUM(C22:N22) -> 45 | R22: 1900-2000 | S22: =SUM(C58:C61) -> 49 | T22: =SUM(D58:D61) -> 3 | U22: =SUM(E58:E61) -> 8 | V22: =SUM(F58:F61) -> 16 | W22: =SUM(G58:G61) -> 0 | X22: =SUM(H58:H61) -> 2 | Y22: =SUM(I58:I61) -> 10 | Z22: =SUM(J58:J61) -> 1 | ... AF22: =SUM(P58:P61) -> 588
B23: 10.15 - 10.30 | C23: 2 | D23: 1 | E23: 1 | F23: 4 | G23: 0 | H23: 1 | I23: 0 | J23: 0 | K23: 0 | L23: 0 | M23: 39 | N23: 0 | O23: =SUM(C23:L23,N23) -> 9 | P23: =SUM(C23:N23) -> 48 | R23: 2000-2100 | S23: =SUM(C62:C65) -> 50 | T23: =SUM(D62:D65) -> 3 | U23: =SUM(E62:E65) -> 7 | V23: =SUM(F62:F65) -> 16 | W23: =SUM(G62:G65) -> 1 | X23: =SUM(H62:H65) -> 1 | Y23: =SUM(I62:I65) -> 6 | Z23: =SUM(J62:J65) -> 3 | ... AF23: =SUM(P62:P65) -> 373
B24: 10.30 - 10.45 | C24: 2 | D24: 1 | E24: 1 | F24: 6 | G24: 0 | H24: 1 | I24: 3 | J24: 1 | K24: 0 | L24: 0 | M24: 60 | N24: 0 | O24: =SUM(C24:L24,N24) -> 15 | P24: =SUM(C24:N24) -> 75 | R24: 2100-2200 | S24: =SUM(C66:C69) -> 36 | T24: =SUM(D66:D69) -> 1 | U24: =SUM(E66:E69) -> 6 | V24: =SUM(F66:F69) -> 14 | W24: =SUM(G66:G69) -> 0 | X24: =SUM(H66:H69) -> 2 | Y24: =SUM(I66:I69) -> 10 | Z24: =SUM(J66:J69) -> 0 | ... AF24: =SUM(P66:P69) -> 275
B25: 10.45 - 11.00 | C25: 7 | D25: 0 | E25: 2 | F25: 2 | G25: 1 | H25: 1 | I25: 2 | J25: 2 | K25: 0 | L25: 0 | M25: 74 | N25: 0 | O25: =SUM(C25:L25,N25) -> 17 | P25: =SUM(C25:N25) -> 91 | R25: 2200-2300 | S25: =SUM(C70:C73) -> 26 | T25: =SUM(D70:D73) -> 2 | U25: =SUM(E70:E73) -> 3 | V25: =SUM(F70:F73) -> 3 | W25: =SUM(G70:G73) -> 0 | X25: =SUM(H70:H73) -> 2 | Y25: =SUM(I70:I73) -> 5 | Z25: =SUM(J70:J73) -> 2 | ... AF25: =SUM(P70:P73) -> 188
B26: 11.00 - 11.15 | C26: 12 | D26: 2 | E26: 4 | F26: 12 | G26: 0 | H26: 0 | I26: 6 | J26: 1 | K26: 2 | L26: 1 | M26: 106 | N26: 0 | O26: =SUM(C26:L26,N26) -> 40 | P26: =SUM(C26:N26) -> 146 | R26: 2300-0000 | S26: =SUM(C74:C77) -> 17 | T26: =SUM(D74:D77) -> 0 | U26: =SUM(E74:E77) -> 1 | V26: =SUM(F74:F77) -> 3 | W26: =SUM(G74:G77) -> 0 | X26: =SUM(H74:H77) -> 0 | Y26: =SUM(I74:I77) -> 2 | Z26: =SUM(J74:J77) -> 0 | ... AF26: =SUM(P74:P77) -> 109
B27: 11.15 - 11.30 | C27: 10 | D27: 5 | E27: 0 | F27: 2 | G27: 0 | H27: 0 | I27: 0 | J27: 1 | K27: 0 | L27: 0 | M27: 111 | N27: 0 | O27: =SUM(C27:L27,N27) -> 18 | P27: =SUM(C27:N27) -> 129 | R27: 0000-0100 | S27: =SUM(C78:C81) -> 4 | T27: =SUM(D78:D81) -> 1 | U27: =SUM(E78:E81) -> 1 | V27: =SUM(F78:F81) -> 0 | W27: =SUM(G78:G81) -> 0 | X27: =SUM(H78:H81) -> 1 | Y27: =SUM(I78:I81) -> 1 | Z27: =SUM(J78:J81) -> 0 | ... AF27: =SUM(P78:P81) -> 69
B28: 11.30 - 11.45 | C28: 5 | D28: 2 | E28: 4 | F28: 3 | G28: 0 | H28: 1 | I28: 0 | J28: 1 | K28: 0 | L28: 1 | M28: 135 | N28: 0 | O28: =SUM(C28:L28,N28) -> 17 | P28: =SUM(C28:N28) -> 152 | R28: 0100-0200 | S28: =SUM(C82:C85) -> 8 | T28: =SUM(D82:D85) -> 0 | U28: =SUM(E82:E85) -> 0 | V28: =SUM(F82:F85) -> 0 | W28: =SUM(G82:G85) -> 0 | X28: =SUM(H82:H85) -> 0 | Y28: =SUM(I82:I85) -> 0 | Z28: =SUM(J82:J85) -> 1 | ... AF28: =SUM(P82:P85) -> 49
B29: 11.45 - 12.00 | C29: 15 | D29: 6 | E29: 0 | F29: 5 | G29: 2 | H29: 1 | I29: 2 | J29: 2 | K29: 0 | L29: 1 | M29: 165 | N29: 0 | O29: =SUM(C29:L29,N29) -> 34 | P29: =SUM(C29:N29) -> 199 | R29: 0200-0300 | S29: =SUM(C86:C89) -> 3 | T29: =SUM(D86:D89) -> 0 | U29: =SUM(E86:E89) -> 1 | V29: =SUM(F86:F89) -> 0 | W29: =SUM(G86:G89) -> 0 | X29: =SUM(H86:H89) -> 0 | Y29: =SUM(I86:I89) -> 1 | Z29: =SUM(J86:J89) -> 0 | ... AF29: =SUM(P86:P89) -> 40
B30: 12.00 - 12.15 | C30: 9 | D30: 4 | E30: 2 | F30: 7 | G30: 1 | H30: 0 | I30: 2 | J30: 4 | K30: 1 | L30: 0 | M30: 210 | N30: 0 | O30: =SUM(C30:L30,N30) -> 30 | P30: =SUM(C30:N30) -> 240 | R30: 0300-0400 | S30: =SUM(C90:C93) -> 4 | T30: =SUM(D90:D93) -> 0 | U30: =SUM(E90:E93) -> 0 | V30: =SUM(F90:F93) -> 2 | W30: =SUM(G90:G93) -> 0 | X30: =SUM(H90:H93) -> 0 | Y30: =SUM(I90:I93) -> 1 | Z30: =SUM(J90:J93) -> 0 | ... AF30: =SUM(P90:P93) -> 39
B31: 12.15 - 12.30 | C31: 5 | D31: 2 | E31: 1 | F31: 9 | G31: 1 | H31: 0 | I31: 2 | J31: 1 | K31: 0 | L31: 0 | M31: 128 | N31: 0 | O31: =SUM(C31:L31,N31) -> 21 | P31: =SUM(C31:N31) -> 149 | R31: 0400-0500 | S31: =SUM(C94:C97) -> 3 | T31: =SUM(D94:D97) -> 1 | U31: =SUM(E94:E97) -> 0 | V31: =SUM(F94:F97) -> 0 | W31: =SUM(G94:G97) -> 0 | X31: =SUM(H94:H97) -> 0 | Y31: =SUM(I94:I97) -> 0 | Z31: =SUM(J94:J97) -> 0 | ... AF31: =SUM(P94:P97) -> 34
B32: 12.30 - 12.45 | C32: 6 | D32: 2 | E32: 1 | F32: 8 | G32: 1 | H32: 0 | I32: 5 | J32: 4 | K32: 0 | L32: 1 | M32: 104 | N32: 0 | O32: =SUM(C32:L32,N32) -> 28 | P32: =SUM(C32:N32) -> 132 | R32: 0500-0600 | S32: =SUM(C98:C101) -> 7 | T32: =SUM(D98:D101) -> 0 | U32: =SUM(E98:E101) -> 0 | V32: =SUM(F98:F101) -> 1 | W32: =SUM(G98:G101) -> 0 | X32: =SUM(H98:H101) -> 1 | Y32: =SUM(I98:I101) -> 0 | Z32: =SUM(J98:J101) -> 0 | ... AF32: =SUM(P98:P101) -> 52
B33: 12.45 - 13.00 | C33: 14 | D33: 2 | E33: 3 | F33: 8 | G33: 0 | H33: 0 | I33: 0 | J33: 1 | K33: 0 | L33: 0 | M33: 112 | N33: 0 | O33: =SUM(C33:L33,N33) -> 28 | P33: =SUM(C33:N33) -> 140 | R33: 0600-0700 | S33: =SUM(C102:C105) -> 9 | T33: =SUM(D102:D105) -> 1 | U33: =SUM(E102:E105) -> 3 | V33: =SUM(F102:F105) -> 3 | W33: =SUM(G102:G105) -> 0 | X33: =SUM(H102:H105) -> 3 | Y33: =SUM(I102:I105) -> 6 | Z33: =SUM(J102:J105) -> 1 | ... AF33: =SUM(P102:P105) -> 108
B34: 13.00 - 13.15 | C34: 9 | D34: 3 | E34: 3 | F34: 8 | G34: 0 | H34: 1 | I34: 1 | J34: 1 | K34: 0 | L34: 0 | M34: 131 | N34: 0 | O34: =SUM(C34:L34,N34) -> 26 | P34: =SUM(C34:N34) -> 157 | R34: AM Peak Hr | S34: =MAX(S10:S12) -> 25 | T34: =MAX(T10:T12) -> 8 | U34: =MAX(U10:U12) -> 6 | V34: =MAX(V10:V12) -> 17 | W34: =MAX(W10:W12) -> 2 | X34: =MAX(X10:X12) -> 1 | Y34: =MAX(Y10:Y12) -> 4 | Z34: =MAX(Z10:Z12) -> 2 | ... AF34: =MAX(AF10:AF12) -> 135
B35: 13.15 - 13.30 | C35: 5 | D35: 4 | E35: 3 | F35: 2 | G35: 0 | H35: 0 | I35: 5 | J35: 1 | K35: 0 | L35: 0 | M35: 130 | N35: 0 | O35: =SUM(C35:L35,N35) -> 20 | P35: =SUM(C35:N35) -> 150 | R35: IP Peak Hr | S35: =MAX(S13:S18) -> 42 | T35: =MAX(T13:T18) -> 15 | U35: =MAX(U13:U18) -> 15 | V35: =MAX(V13:V18) -> 32 | W35: =MAX(W13:W18) -> 3 | X35: =MAX(X13:X18) -> 3 | Y35: =MAX(Y13:Y18) -> 9 | Z35: =MAX(Z13:Z18) -> 10 | ... AF35: =MAX(AF13:AF18) -> 672
B36: 13.30 - 13.45 | C36: 8 | D36: 1 | E36: 4 | F36: 4 | G36: 0 | H36: 0 | I36: 1 | J36: 1 | K36: 0 | L36: 0 | M36: 148 | N36: 0 | O36: =SUM(C36:L36,N36) -> 19 | P36: =SUM(C36:N36) -> 167 | R36: PM Peak Hr | S36: =MAX(S19:S21) -> 37 | T36: =MAX(T19:T21) -> 8 | U36: =MAX(U19:U21) -> 15 | V36: =MAX(V19:V21) -> 25 | W36: =MAX(W19:W21) -> 1 | X36: =MAX(X19:X21) -> 3 | Y36: =MAX(Y19:Y21) -> 17 | Z36: =MAX(Z19:Z21) -> 2 | ... AF36: =MAX(AF19:AF21) -> 647
B37: 13.45 - 14.00 | C37: 14 | D37: 1 | E37: 5 | F37: 3 | G37: 0 | H37: 0 | I37: 1 | J37: 3 | K37: 0 | L37: 1 | M37: 170 | N37: 0 | O37: =SUM(C37:L37,N37) -> 28 | P37: =SUM(C37:N37) -> 198 | R37: AM Period | S37: =SUM(S10:S12) -> 57 | T37: =SUM(T10:T12) -> 12 | U37: =SUM(U10:U12) -> 16 | V37: =SUM(V10:V12) -> 46 | W37: =SUM(W10:W12) -> 2 | X37: =SUM(X10:X12) -> 3 | Y37: =SUM(Y10:Y12) -> 6 | Z37: =SUM(Z10:Z12) -> 6 | ... AF37: =SUM(AF10:AF12) -> 380
B38: 14.00 - 14.15 | C38: 9 | D38: 2 | E38: 0 | F38: 1 | G38: 0 | H38: 0 | I38: 1 | J38: 0 | K38: 0 | L38: 0 | M38: 170 | N38: 0 | O38: =SUM(C38:L38,N38) -> 13 | P38: =SUM(C38:N38) -> 183 | R38: IP Period | S38: =SUM(S13:S18) -> 199 | T38: =SUM(T13:T18) -> 51 | U38: =SUM(U13:U18) -> 49 | V38: =SUM(V13:V18) -> 117 | W38: =SUM(W13:W18) -> 7 | X38: =SUM(X13:X18) -> 8 | Y38: =SUM(Y13:Y18) -> 40 | Z38: =SUM(Z13:Z18) -> 35 | ... AF38: =SUM(AF13:AF18) -> 3281
B39: 14.15 - 14.30 | C39: 12 | D39: 4 | E39: 5 | F39: 4 | G39: 0 | H39: 1 | I39: 2 | J39: 0 | K39: 1 | L39: 0 | M39: 140 | N39: 0 | O39: =SUM(C39:L39,N39) -> 29 | P39: =SUM(C39:N39) -> 169 | R39: PM Period | S39: =SUM(S19:S21) -> 104 | T39: =SUM(T19:T21) -> 23 | U39: =SUM(U19:U21) -> 41 | V39: =SUM(V19:V21) -> 58 | W39: =SUM(W19:W21) -> 3 | X39: =SUM(X19:X21) -> 4 | Y39: =SUM(Y19:Y21) -> 41 | Z39: =SUM(Z19:Z21) -> 3 | ... AF39: =SUM(AF19:AF21) -> 1923
B40: 14.30 - 14.45 | C40: 1 | D40: 2 | E40: 1 | F40: 4 | G40: 0 | H40: 1 | I40: 1 | J40: 2 | K40: 0 | L40: 0 | M40: 145 | N40: 0 | O40: =SUM(C40:L40,N40) -> 12 | P40: =SUM(C40:N40) -> 157 | R40: 12 Hours | S40: =SUM(S10:S21) -> 360 | T40: =SUM(T10:T21) -> 86 | U40: =SUM(U10:U21) -> 106 | V40: =SUM(V10:V21) -> 221 | W40: =SUM(W10:W21) -> 12 | X40: =SUM(X10:X21) -> 15 | Y40: =SUM(Y10:Y21) -> 87 | Z40: =SUM(Z10:Z21) -> 44 | ... AF40: =SUM(AF10:AF21) -> 5584
B41: 14.45 - 15.00 | C41: 15 | D41: 1 | E41: 1 | F41: 1 | G41: 0 | H41: 0 | I41: 1 | J41: 2 | K41: 0 | L41: 0 | M41: 140 | N41: 0 | O41: =SUM(C41:L41,N41) -> 21 | P41: =SUM(C41:N41) -> 161 | R41: 24 Hrs/ADT | S41: =SUM(S10:S33) -> 576 | T41: =SUM(T10:T33) -> 98 | U41: =SUM(U10:U33) -> 136 | V41: =SUM(V10:V33) -> 279 | W41: =SUM(W10:W33) -> 13 | X41: =SUM(X10:X33) -> 27 | Y41: =SUM(Y10:Y33) -> 129 | Z41: =SUM(Z10:Z33) -> 52 | ... AF41: =SUM(AF10:AF33) -> 7508
B42: 15.00 - 15.15 | C42: 11 | D42: 3 | E42: 0 | F42: 8 | G42: 1 | H42: 0 | I42: 0 | J42: 2 | K42: 0 | L42: 0 | M42: 77 | N42: 0 | O42: =SUM(C42:L42,N42) -> 25 | P42: =SUM(C42:N42) -> 102 | R42: NEF | S42: =S41/S40 -> 1.6 | T42: =T41/T40 -> 1.1395349 | U42: =U41/U40 -> 1.2830189 | V42: =V41/V40 -> 1.2624434 | W42: =W41/W40 -> 1.0833333 | X42: =X41/X40 -> 1.8 | Y42: =Y41/Y40 -> 1.4827586 | Z42: =Z41/Z40 -> 1.1818182 | ... AF42: =AF41/AF40 -> 1.3445559
B43: 15.15 - 15.30 | C43: 11 | D43: 0 | E43: 2 | F43: 3 | G43: 0 | H43: 0 | I43: 1 | J43: 2 | K43: 0 | L43: 0 | M43: 85 | N43: 0 | O43: =SUM(C43:L43,N43) -> 19 | P43: =SUM(C43:N43) -> 104
B44: 15.30 - 15.45 | C44: 9 | D44: 0 | E44: 5 | F44: 6 | G44: 0 | H44: 0 | I44: 1 | J44: 1 | K44: 2 | L44: 2 | M44: 59 | N44: 0 | O44: =SUM(C44:L44,N44) -> 26 | P44: =SUM(C44:N44) -> 85
B45: 15.45 - 16.00 | C45: 2 | D45: 3 | E45: 1 | F45: 7 | G45: 0 | H45: 0 | I45: 3 | J45: 2 | K45: 2 | L45: 0 | M45: 82 | N45: 0 | O45: =SUM(C45:L45,N45) -> 20 | P45: =SUM(C45:N45) -> 102
B46: 16.00 - 16.15 | C46: 8 | D46: 2 | E46: 3 | F46: 5 | G46: 0 | H46: 0 | I46: 4 | J46: 0 | K46: 0 | L46: 0 | M46: 135 | N46: 0 | O46: =SUM(C46:L46,N46) -> 22 | P46: =SUM(C46:N46) -> 157
B47: 16.15 -16.30 | C47: 8 | D47: 2 | E47: 3 | F47: 6 | G47: 1 | H47: 3 | I47: 0 | J47: 0 | K47: 0 | L47: 0 | M47: 140 | N47: 0 | O47: =SUM(C47:L47,N47) -> 23 | P47: =SUM(C47:N47) -> 163
B48: 16.30 -16.45 | C48: 8 | D48: 2 | E48: 4 | F48: 2 | G48: 0 | H48: 0 | I48: 4 | J48: 0 | K48: 0 | L48: 2 | M48: 155 | N48: 0 | O48: =SUM(C48:L48,N48) -> 22 | P48: =SUM(C48:N48) -> 177
B49: 16.45 -17.00 | C49: 7 | D49: 2 | E49: 5 | F49: 4 | G49: 0 | H49: 0 | I49: 3 | J49: 0 | K49: 0 | L49: 1 | M49: 113 | N49: 0 | O49: =SUM(C49:L49,N49) -> 22 | P49: =SUM(C49:N49) -> 135
B50: 17.00 -17.15 | C50: 7 | D50: 0 | E50: 4 | F50: 8 | G50: 0 | H50: 0 | I50: 4 | J50: 0 | K50: 2 | L50: 0 | M50: 150 | N50: 0 | O50: =SUM(C50:L50,N50) -> 25 | P50: =SUM(C50:N50) -> 175
B51: 17.15 -17.30 | C51: 12 | D51: 3 | E51: 3 | F51: 4 | G51: 0 | H51: 0 | I51: 6 | J51: 2 | K51: 10 | L51: 1 | M51: 120 | N51: 0 | O51: =SUM(C51:L51,N51) -> 41 | P51: =SUM(C51:N51) -> 161
B52: 17.30 -17.45 | C52: 11 | D52: 2 | E52: 2 | F52: 9 | G52: 0 | H52: 0 | I52: 2 | J52: 0 | K52: 0 | L52: 0 | M52: 120 | N52: 0 | O52: =SUM(C52:L52,N52) -> 26 | P52: =SUM(C52:N52) -> 146
B53: 17.45 -18.00 | C53: 6 | D53: 2 | E53: 3 | F53: 4 | G53: 1 | H53: 1 | I53: 5 | J53: 0 | K53: 0 | L53: 0 | M53: 140 | N53: 0 | O53: =SUM(C53:L53,N53) -> 22 | P53: =SUM(C53:N53) -> 162
B54: 18.00 - 18.15 | C54: 11 | D54: 3 | E54: 4 | F54: 3 | G54: 0 | H54: 0 | I54: 2 | J54: 0 | K54: 0 | L54: 0 | M54: 132 | N54: 0 | O54: =SUM(C54:L54,N54) -> 23 | P54: =SUM(C54:N54) -> 155
... B105: 06.45 - 07.00 | C105: 4 | D105: 1 | E105: 1 | F105: 1 | G105: 0 | H105: 0 | I105: 6 | J105: 1 | K105: 0 | L105: 0 | M105: 43 | N105: 0 | O105: =SUM(C105:L105,N105) -> 14 | P105: =SUM(C105:N105) -> 57
B106: Totals | C106: =SUM(C10:C105) -> 576 | D106: =SUM(D10:D105) -> 98 | E106: =SUM(E10:E105) -> 136 | F106: =SUM(F10:F105) -> 279 | G106: =SUM(G10:G105) -> 13 | H106: =SUM(H10:H105) -> 27 | I106: =SUM(I10:I105) -> 129 | J106: =SUM(J10:J105) -> 52 | ... P106: =SUM(P10:P105) -> 7508
B107: %ges + MCs | C107: =C106/$P$106 -> 0.076718167 | D107: =D106/$P$106 -> 0.013052744 | E107: =E106/$P$106 -> 0.018114012 | F107: =F106/$P$106 -> 0.037160362 | G107: =G106/$P$106 -> 0.0017314864 | H107: =H106/$P$106 -> 0.0035961641 | I107: =I106/$P$106 -> 0.017181673 | J107: =J106/$P$106 -> 0.0069259457 | ... N107: =N106/$P$106 -> 0
B108: %ges w/o MCs | C108: =C106/$O$106 -> 0.42352941 | D108: =D106/$O$106 -> 0.072058824 | E108: =E106/$O$106 -> 0.1 | F108: =F106/$O$106 -> 0.20514706 | G108: =G106/$O$106 -> 0.0095588235 | H108: =H106/$O$106 -> 0.019852941 | I108: =I106/$O$106 -> 0.094852941 | J108: =J106/$O$106 -> 0.038235294 | ... L108: =L106/$O$106 -> 0.020588235 | N108: =N106/$O$106 -> 0

Sheet 26.10 Fort Portal-Kasese-24h
B1: Consultancy services for Preparation of Expressway Development Master Plan (EDMP) for Uganda
B2: MANUAL CLASSIFIED COUNT (MCC)
B3: ROAD NAME: | C3: ='25.10 Kasese-Fort Portal'!C3:G3 -> MCC - C4 - STN106
C5: Date | D5: ='26.10 Kasese-Fort Portal-24h'!D5 -> 26.10.19 | F5: Location | G5: ='26.10 Kasese-Fort Portal-24h'!G5:H5 -> Kisanga B | J5: Surveyor | K5: ='26.10 Kasese-Fort Portal-24h'!K5:L5 -> Onyuti Betty
C6: Dir. From | D6: ='25.10 Fort Portal-Kasese'!D6:E6 -> Fort Portal | F6: Dir. To | G6: ='27.10 Fort Portal-Kasese'!G6:H6 -> Kasese | J6: Supervisor | K6: ='26.10 Kasese-Fort Portal-24h'!K6:L6 -> Onyuti Betty
B8: Time / Veh Type | R8: SUMMARY TRAFFIC VOLUMES
C9: 1. Car | D9: 2. Station Wagon | E9: 3. Pickups | F9: 4. Minibus, matatu | G9: 5. Medium bus | H9: 6. Large Bus | I9: 7. Light Truck | J9: 8. Medium Truck | K9: 9. Heavy truck | L9: 10. Truck Trailer | M9: 11. Motor cycles | N9: 12. Tractors | O9: Total Excl M/Cycles | P9: Total All | R9: Time | S9: 1. Car | T9: 2. Station Wagon | U9: 3. Pickups | V9: 4. Minibus, matatu | W9: 5. Medium bus | X9: 6. Large Bus | Y9: 7. Light Truck | Z9: 8. Medium Truck | AA9: 9. Heavy truck | AB9: 10. Truck Trailer | AC9: 11. Motorcycles | AD9: 12. Tractors, Graders | AE9: Total Excl M/ Cycles | AF9: Total All
B10: 07.00 - 07.15 | C10: 2 | D10: 0 | E10: 0 | F10: 4 | G10: 0 | H10: 0 | I10: 2 | J10: 1 | K10: 0 | L10: 0 | M10: 12 | N10: 0 | O10: =SUM(C10:L10,N10) -> 9 | P10: =SUM(C10:N10) -> 21 | R10: 0700-0800 | S10: =SUM(C10:C13) -> 26 | T10: =SUM(D10:D13) -> 3 | U10: =SUM(E10:E13) -> 4 | V10: =SUM(F10:F13) -> 12 | W10: =SUM(G10:G13) -> 0 | X10: =SUM(H10:H13) -> 0 | Y10: =SUM(I10:I13) -> 12 | Z10: =SUM(J10:J13) -> 3 | ... AF10: =SUM(P10:P13) -> 158
B11: 07.15 - 07.30 | C11: 6 | D11: 0 | E11: 0 | F11: 2 | G11: 0 | H11: 0 | I11: 3 | J11: 2 | K11: 0 | L11: 0 | M11: 24 | N11: 0 | O11: =SUM(C11:L11,N11) -> 13 | P11: =SUM(C11:N11) -> 37 | R11: 0800-0900 | S11: =SUM(C14:C17) -> 29 | T11: =SUM(D14:D17) -> 15 | U11: =SUM(E14:E17) -> 4 | V11: =SUM(F14:F17) -> 19 | W11: =SUM(G14:G17) -> 1 | X11: =SUM(H14:H17) -> 0 | Y11: =SUM(I14:I17) -> 6 | Z11: =SUM(J14:J17) -> 3 | ... AF11: =SUM(P14:P17) -> 143
B12: 07.30 - 07.45 | C12: 7 | D12: 2 | E12: 2 | F12: 3 | G12: 0 | H12: 0 | I12: 4 | J12: 0 | K12: 0 | L12: 1 | M12: 22 | N12: 0 | O12: =SUM(C12:L12,N12) -> 19 | P12: =SUM(C12:N12) -> 41 | R12: 0900-1000 | S12: =SUM(C18:C21) -> 39 | T12: =SUM(D18:D21) -> 16 | U12: =SUM(E18:E21) -> 5 | V12: =SUM(F18:F21) -> 2 | W12: =SUM(G18:G21) -> 1 | X12: =SUM(H18:H21) -> 2 | Y12: =SUM(I18:I21) -> 3 | Z12: =SUM(J18:J21) -> 3 | ... AF12: =SUM(P18:P21) -> 176
B13: 07.45 - 08.00 | C13: 11 | D13: 1 | E13: 2 | F13: 3 | G13: 0 | H13: 0 | I13: 3 | J13: 0 | K13: 0 | L13: 0 | M13: 39 | N13: 0 | O13: =SUM(C13:L13,N13) -> 20 | P13: =SUM(C13:N13) -> 59 | R13: 1000-1100 | S13: =SUM(C22:C25) -> 50 | T13: =SUM(D22:D25) -> 13 | U13: =SUM(E22:E25) -> 10 | V13: =SUM(F22:F25) -> 22 | W13: =SUM(G22:G25) -> 1 | X13: =SUM(H22:H25) -> 0 | Y13: =SUM(I22:I25) -> 10 | Z13: =SUM(J22:J25) -> 0 | ... AF13: =SUM(P22:P25) -> 428
B14: 08.00 - 08.15 | C14: 14 | D14: 4 | E14: 0 | F14: 5 | G14: 1 | H14: 0 | I14: 2 | J14: 2 | K14: 0 | L14: 0 | M14: 31 | N14: 0 | O14: =SUM(C14:L14,N14) -> 28 | P14: =SUM(C14:N14) -> 59 | R14: 1100-1200 | S14: =SUM(C26:C29) -> 57 | T14: =SUM(D26:D29) -> 14 | U14: =SUM(E26:E29) -> 17 | V14: =SUM(F26:F29) -> 27 | W14: =SUM(G26:G29) -> 0 | X14: =SUM(H26:H29) -> 1 | Y14: =SUM(I26:I29) -> 12 | Z14: =SUM(J26:J29) -> 2 | ... AF14: =SUM(P26:P29) -> 708
B15: 08.15 - 08.30 | C15: 7 | D15: 6 | E15: 0 | F15: 2 | G15: 0 | H15: 0 | I15: 1 | J15: 0 | K15: 0 | L15: 0 | M15: 15 | N15: 0 | O15: =SUM(C15:L15,N15) -> 16 | P15: =SUM(C15:N15) -> 31 | R15: 1200-1300 | S15: =SUM(C30:C33) -> 31 | T15: =SUM(D30:D33) -> 17 | U15: =SUM(E30:E33) -> 15 | V15: =SUM(F30:F33) -> 26 | W15: =SUM(G30:G33) -> 1 | X15: =SUM(H30:H33) -> 1 | Y15: =SUM(I30:I33) -> 5 | Z15: =SUM(J30:J33) -> 2 | ... AF15: =SUM(P30:P33) -> 617
B16: 08.30 - 08.45 | C16: 7 | D16: 3 | E16: 2 | F16: 7 | G16: 0 | H16: 0 | I16: 2 | J16: 1 | K16: 0 | L16: 0 | M16: 10 | N16: 0 | O16: =SUM(C16:L16,N16) -> 22 | P16: =SUM(C16:N16) -> 32 | R16: 1300-1400 | S16: =SUM(C34:C37) -> 42 | T16: =SUM(D34:D37) -> 12 | U16: =SUM(E34:E37) -> 10 | V16: =SUM(F34:F37) -> 17 | W16: =SUM(G34:G37) -> 4 | X16: =SUM(H34:H37) -> 1 | Y16: =SUM(I34:I37) -> 11 | Z16: =SUM(J34:J37) -> 3 | ... AF16: =SUM(P34:P37) -> 603
B17: 08.45 - 9.00 | C17: 1 | D17: 2 | E17: 2 | F17: 5 | G17: 0 | H17: 0 | I17: 1 | J17: 0 | K17: 0 | L17: 1 | M17: 9 | N17: 0 | O17: =SUM(C17:L17,N17) -> 12 | P17: =SUM(C17:N17) -> 21 | R17: 1400-1500 | S17: =SUM(C38:C41) -> 26 | T17: =SUM(D38:D41) -> 14 | U17: =SUM(E38:E41) -> 13 | V17: =SUM(F38:F41) -> 9 | W17: =SUM(G38:G41) -> 0 | X17: =SUM(H38:H41) -> 2 | Y17: =SUM(I38:I41) -> 6 | Z17: =SUM(J38:J41) -> 1 | ... AF17: =SUM(P38:P41) -> 575
B18: 09.00 - 09.15 | C18: 7 | D18: 5 | E18: 1 | F18: 1 | G18: 0 | H18: 0 | I18: 1 | J18: 1 | K18: 0 | L18: 1 | M18: 20 | N18: 0 | O18: =SUM(C18:L18,N18) -> 17 | P18: =SUM(C18:N18) -> 37 | R18: 1500-1600 | S18: =SUM(C42:C45) -> 44 | T18: =SUM(D42:D45) -> 7 | U18: =SUM(E42:E45) -> 13 | V18: =SUM(F42:F45) -> 15 | W18: =SUM(G42:G45) -> 1 | X18: =SUM(H42:H45) -> 1 | Y18: =SUM(I42:I45) -> 11 | Z18: =SUM(J42:J45) -> 1 | ... AF18: =SUM(P42:P45) -> 476
B19: 09.15 - 09.30 | C19: 3 | D19: 2 | E19: 0 | F19: 1 | G19: 0 | H19: 0 | I19: 1 | J19: 0 | K19: 0 | L19: 0 | M19: 8 | N19: 0 | O19: =SUM(C19:L19,N19) -> 7 | P19: =SUM(C19:N19) -> 15 | R19: 1600-1700 | S19: =SUM(C46:C49) -> 40 | T19: =SUM(D46:D49) -> 10 | U19: =SUM(E46:E49) -> 15 | V19: =SUM(F46:F49) -> 17 | W19: =SUM(G46:G49) -> 0 | X19: =SUM(H46:H49) -> 1 | Y19: =SUM(I46:I49) -> 10 | Z19: =SUM(J46:J49) -> 2 | ... AF19: =SUM(P46:P49) -> 501
B20: 09.30 - 09.45 | C20: 10 | D20: 7 | E20: 3 | F20: 0 | G20: 1 | H20: 2 | I20: 1 | J20: 1 | K20: 0 | L20: 1 | M20: 29 | N20: 0 | O20: =SUM(C20:L20,N20) -> 26 | P20: =SUM(C20:N20) -> 55 | R20: 1700-1800 | S20: =SUM(C50:C53) -> 50 | T20: =SUM(D50:D53) -> 10 | U20: =SUM(E50:E53) -> 9 | V20: =SUM(F50:F53) -> 21 | W20: =SUM(G50:G53) -> 1 | X20: =SUM(H50:H53) -> 1 | Y20: =SUM(I50:I53) -> 17 | Z20: =SUM(J50:J53) -> 2 | ... AF20: =SUM(P50:P53) -> 617
B21: 09.45 - 10.00 | C21: 19 | D21: 2 | E21: 1 | F21: 0 | G21: 0 | H21: 0 | I21: 0 | J21: 1 | K21: 0 | L21: 0 | M21: 46 | N21: 0 | O21: =SUM(C21:L21,N21) -> 23 | P21: =SUM(C21:N21) -> 69 | R21: 1800-1900 | S21: =SUM(C54:C57) -> 25 | T21: =SUM(D54:D57) -> 10 | U21: =SUM(E54:E57) -> 9 | V21: =SUM(F54:F57) -> 12 | W21: =SUM(G54:G57) -> 3 | X21: =SUM(H54:H57) -> 0 | Y21: =SUM(I54:I57) -> 10 | Z21: =SUM(J54:J57) -> 1 | ... AF21: =SUM(P54:P57) -> 545
B22: 10.00 - 10.15 | C22: 14 | D22: 2 | E22: 2 | F22: 4 | G22: 0 | H22: 0 | I22: 2 | J22: 0 | K22: 1 | L22: 0 | M22: 65 | N22: 0 | O22: =SUM(C22:L22,N22) -> 25 | P22: =SUM(C22:N22) -> 90 | R22: 1900-2000 | S22: =SUM(C58:C61) -> 44 | T22: =SUM(D58:D61) -> 5 | U22: =SUM(E58:E61) -> 11 | V22: =SUM(F58:F61) -> 9 | W22: =SUM(G58:G61) -> 0 | X22: =SUM(H58:H61) -> 0 | Y22: =SUM(I58:I61) -> 9 | Z22: =SUM(J58:J61) -> 1 | ... AF22: =SUM(P58:P61) -> 483
B23: 10.15 - 10.30 | C23: 15 | D23: 4 | E23: 1 | F23: 8 | G23: 0 | H23: 0 | I23: 3 | J23: 0 | K23: 0 | L23: 0 | M23: 50 | N23: 0 | O23: =SUM(C23:L23,N23) -> 31 | P23: =SUM(C23:N23) -> 81 | R23: 2000-2100 | S23: =SUM(C62:C65) -> 34 | T23: =SUM(D62:D65) -> 9 | U23: =SUM(E62:E65) -> 6 | V23: =SUM(F62:F65) -> 11 | W23: =SUM(G62:G65) -> 0 | X23: =SUM(H62:H65) -> 2 | Y23: =SUM(I62:I65) -> 7 | Z23: =SUM(J62:J65) -> 1 | ... AF23: =SUM(P62:P65) -> 317
B24: 10.30 - 10.45 | C24: 8 | D24: 7 | E24: 3 | F24: 4 | G24: 0 | H24: 0 | I24: 2 | J24: 0 | K24: 0 | L24: 2 | M24: 89 | N24: 0 | O24: =SUM(C24:L24,N24) -> 26 | P24: =SUM(C24:N24) -> 115 | R24: 2100-2200 | S24: =SUM(C66:C69) -> 29 | T24: =SUM(D66:D69) -> 1 | U24: =SUM(E66:E69) -> 9 | V24: =SUM(F66:F69) -> 15 | W24: =SUM(G66:G69) -> 0 | X24: =SUM(H66:H69) -> 1 | Y24: =SUM(I66:I69) -> 5 | Z24: =SUM(J66:J69) -> 1 | ... AF24: =SUM(P66:P69) -> 238
B25: 10.45 - 11.00 | C25: 13 | D25: 0 | E25: 4 | F25: 6 | G25: 1 | H25: 0 | I25: 3 | J25: 0 | K25: 1 | L25: 1 | M25: 113 | N25: 0 | O25: =SUM(C25:L25,N25) -> 29 | P25: =SUM(C25:N25) -> 142 | R25: 2200-2300 | S25: =SUM(C70:C73) -> 21 | T25: =SUM(D70:D73) -> 2 | U25: =SUM(E70:E73) -> 5 | V25: =SUM(F70:F73) -> 5 | W25: =SUM(G70:G73) -> 0 | X25: =SUM(H70:H73) -> 2 | Y25: =SUM(I70:I73) -> 3 | Z25: =SUM(J70:J73) -> 1 | ... AF25: =SUM(P70:P73) -> 158
B26: 11.00 - 11.15 | C26: 11 | D26: 5 | E26: 4 | F26: 7 | G26: 0 | H26: 0 | I26: 5 | J26: 1 | K26: 0 | L26: 1 | M26: 145 | N26: 0 | O26: =SUM(C26:L26,N26) -> 34 | P26: =SUM(C26:N26) -> 179 | R26: 2300-0000 | S26: =SUM(C74:C77) -> 15 | T26: =SUM(D74:D77) -> 0 | U26: =SUM(E74:E77) -> 0 | V26: =SUM(F74:F77) -> 2 | W26: =SUM(G74:G77) -> 0 | X26: =SUM(H74:H77) -> 2 | Y26: =SUM(I74:I77) -> 0 | Z26: =SUM(J74:J77) -> 0 | ... AF26: =SUM(P74:P77) -> 88
B27: 11.15 - 11.30 | C27: 18 | D27: 3 | E27: 3 | F27: 5 | G27: 0 | H27: 0 | I27: 4 | J27: 1 | K27: 0 | L27: 0 | M27: 133 | N27: 0 | O27: =SUM(C27:L27,N27) -> 34 | P27: =SUM(C27:N27) -> 167 | R27: 0000-0100 | S27: =SUM(C78:C81) -> 9 | T27: =SUM(D78:D81) -> 1 | U27: =SUM(E78:E81) -> 1 | V27: =SUM(F78:F81) -> 2 | W27: =SUM(G78:G81) -> 0 | X27: =SUM(H78:H81) -> 1 | Y27: =SUM(I78:I81) -> 3 | Z27: =SUM(J78:J81) -> 1 | ... AF27: =SUM(P78:P81) -> 80
B28: 11.30 - 11.45 | C28: 15 | D28: 2 | E28: 4 | F28: 10 | G28: 0 | H28: 1 | I28: 3 | J28: 0 | K28: 0 | L28: 1 | M28: 159 | N28: 0 | O28: =SUM(C28:L28,N28) -> 36 | P28: =SUM(C28:N28) -> 195 | R28: 0100-0200 | S28: =SUM(C82:C85) -> 4 | T28: =SUM(D82:D85) -> 0 | U28: =SUM(E82:E85) -> 0 | V28: =SUM(F82:F85) -> 0 | W28: =SUM(G82:G85) -> 0 | X28: =SUM(H82:H85) -> 0 | Y28: =SUM(I82:I85) -> 0 | Z28: =SUM(J82:J85) -> 0 | ... AF28: =SUM(P82:P85) -> 50
B29: 11.45 - 12.00 | C29: 13 | D29: 4 | E29: 6 | F29: 5 | G29: 0 | H29: 0 | I29: 0 | J29: 0 | K29: 0 | L29: 3 | M29: 136 | N29: 0 | O29: =SUM(C29:L29,N29) -> 31 | P29: =SUM(C29:N29) -> 167 | R29: 0200-0300 | S29: =SUM(C86:C89) -> 2 | T29: =SUM(D86:D89) -> 0 | U29: =SUM(E86:E89) -> 0 | V29: =SUM(F86:F89) -> 2 | W29: =SUM(G86:G89) -> 0 | X29: =SUM(H86:H89) -> 2 | Y29: =SUM(I86:I89) -> 2 | Z29: =SUM(J86:J89) -> 0 | ... AF29: =SUM(P86:P89) -> 40
B30: 12.00 - 12.15 | C30: 5 | D30: 5 | E30: 4 | F30: 6 | G30: 1 | H30: 1 | I30: 0 | J30: 0 | K30: 0 | L30: 1 | M30: 145 | N30: 0 | O30: =SUM(C30:L30,N30) -> 23 | P30: =SUM(C30:N30) -> 168 | R30: 0300-0400 | S30: =SUM(C90:C93) -> 3 | T30: =SUM(D90:D93) -> 0 | U30: =SUM(E90:E93) -> 0 | V30: =SUM(F90:F93) -> 3 | W30: =SUM(G90:G93) -> 0 | X30: =SUM(H90:H93) -> 1 | Y30: =SUM(I90:I93) -> 0 | Z30: =SUM(J90:J93) -> 0 | ... AF30: =SUM(P90:P93) -> 38
B31: 12.15 - 12.30 | C31: 12 | D31: 4 | E31: 4 | F31: 6 | G31: 0 | H31: 0 | I31: 2 | J31: 1 | K31: 0 | L31: 3 | M31: 115 | N31: 0 | O31: =SUM(C31:L31,N31) -> 32 | P31: =SUM(C31:N31) -> 147 | R31: 0400-0500 | S31: =SUM(C94:C97) -> 2 | T31: =SUM(D94:D97) -> 0 | U31: =SUM(E94:E97) -> 0 | V31: =SUM(F94:F97) -> 0 | W31: =SUM(G94:G97) -> 0 | X31: =SUM(H94:H97) -> 1 | Y31: =SUM(I94:I97) -> 1 | Z31: =SUM(J94:J97) -> 0 | ... AF31: =SUM(P94:P97) -> 34
B32: 12.30 - 12.45 | C32: 8 | D32: 4 | E32: 3 | F32: 9 | G32: 0 | H32: 0 | I32: 2 | J32: 1 | K32: 0 | L32: 1 | M32: 141 | N32: 0 | O32: =SUM(C32:L32,N32) -> 28 | P32: =SUM(C32:N32) -> 169 | R32: 0500-0600 | S32: =SUM(C98:C101) -> 5 | T32: =SUM(D98:D101) -> 0 | U32: =SUM(E98:E101) -> 0 | V32: =SUM(F98:F101) -> 1 | W32: =SUM(G98:G101) -> 0 | X32: =SUM(H98:H101) -> 1 | Y32: =SUM(I98:I101) -> 0 | Z32: =SUM(J98:J101) -> 0 | ... AF32: =SUM(P98:P101) -> 52
B33: 12.45 - 13.00 | C33: 6 | D33: 4 | E33: 4 | F33: 5 | G33: 0 | H33: 0 | I33: 1 | J33: 0 | K33: 0 | L33: 3 | M33: 110 | N33: 0 | O33: =SUM(C33:L33,N33) -> 23 | P33: =SUM(C33:N33) -> 133 | R33: 0600-0700 | S33: =SUM(C102:C105) -> 15 | T33: =SUM(D102:D105) -> 0 | U33: =SUM(E102:E105) -> 2 | V33: =SUM(F102:F105) -> 7 | W33: =SUM(G102:G105) -> 0 | X33: =SUM(H102:H105) -> 1 | Y33: =SUM(I102:I105) -> 2 | Z33: =SUM(J102:J105) -> 2 | ... AF33: =SUM(P102:P105) -> 127
B34: 13.00 - 13.15 | C34: 12 | D34: 3 | E34: 4 | F34: 4 | G34: 0 | H34: 0 | I34: 3 | J34: 3 | K34: 0 | L34: 1 | M34: 127 | N34: 0 | O34: =SUM(C34:L34,N34) -> 30 | P34: =SUM(C34:N34) -> 157 | R34: AM Peak Hr | S34: =MAX(S10:S12) -> 39 | T34: =MAX(T10:T12) -> 16 | U34: =MAX(U10:U12) -> 5 | V34: =MAX(V10:V12) -> 19 | W34: =MAX(W10:W12) -> 1 | X34: =MAX(X10:X12) -> 2 | Y34: =MAX(Y10:Y12) -> 12 | Z34: =MAX(Z10:Z12) -> 3 | ... AF34: =MAX(AF10:AF12) -> 176
B35: 13.15 - 13.30 | C35: 9 | D35: 3 | E35: 3 | F35: 8 | G35: 1 | H35: 0 | I35: 1 | J35: 0 | K35: 0 | L35: 3 | M35: 126 | N35: 0 | O35: =SUM(C35:L35,N35) -> 28 | P35: =SUM(C35:N35) -> 154 | R35: IP Peak Hr | S35: =MAX(S13:S18) -> 57 | T35: =MAX(T13:T18) -> 17 | U35: =MAX(U13:U18) -> 17 | V35: =MAX(V13:V18) -> 27 | W35: =MAX(W13:W18) -> 4 | X35: =MAX(X13:X18) -> 2 | Y35: =MAX(Y13:Y18) -> 12 | Z35: =MAX(Z13:Z18) -> 3 | ... AF35: =MAX(AF13:AF18) -> 708
B36: 13.30 - 13.45 | C36: 10 | D36: 1 | E36: 1 | F36: 4 | G36: 1 | H36: 1 | I36: 3 | J36: 0 | K36: 0 | L36: 1 | M36: 119 | N36: 0 | O36: =SUM(C36:L36,N36) -> 22 | P36: =SUM(C36:N36) -> 141 | R36: PM Peak Hr | S36: =MAX(S19:S21) -> 50 | T36: =MAX(T19:T21) -> 10 | U36: =MAX(U19:U21) -> 15 | V36: =MAX(V19:V21) -> 21 | W36: =MAX(W19:W21) -> 3 | X36: =MAX(X19:X21) -> 1 | Y36: =MAX(Y19:Y21) -> 17 | Z36: =MAX(Z19:Z21) -> 2 | ... AF36: =MAX(AF19:AF21) -> 617
B37: 13.45 - 14.00 | C37: 11 | D37: 5 | E37: 2 | F37: 1 | G37: 2 | H37: 0 | I37: 4 | J37: 0 | K37: 0 | L37: 0 | M37: 126 | N37: 0 | O37: =SUM(C37:L37,N37) -> 25 | P37: =SUM(C37:N37) -> 151 | R37: AM Period | S37: =SUM(S10:S12) -> 94 | T37: =SUM(T10:T12) -> 34 | U37: =SUM(U10:U12) -> 13 | V37: =SUM(V10:V12) -> 33 | W37: =SUM(W10:W12) -> 2 | X37: =SUM(X10:X12) -> 2 | Y37: =SUM(Y10:Y12) -> 21 | Z37: =SUM(Z10:Z12) -> 9 | ... AF37: =SUM(AF10:AF12) -> 477
B38: 14.00 - 14.15 | C38: 6 | D38: 4 | E38: 4 | F38: 2 | G38: 0 | H38: 0 | I38: 1 | J38: 0 | K38: 0 | L38: 0 | M38: 98 | N38: 0 | O38: =SUM(C38:L38,N38) -> 17 | P38: =SUM(C38:N38) -> 115 | R38: IP Period | S38: =SUM(S13:S18) -> 250 | T38: =SUM(T13:T18) -> 77 | U38: =SUM(U13:U18) -> 78 | V38: =SUM(V13:V18) -> 116 | W38: =SUM(W13:W18) -> 7 | X38: =SUM(X13:X18) -> 6 | Y38: =SUM(Y13:Y18) -> 55 | Z38: =SUM(Z13:Z18) -> 9 | ... AF38: =SUM(AF13:AF18) -> 3407
B39: 14.15 - 14.30 | C39: 7 | D39: 4 | E39: 2 | F39: 0 | G39: 0 | H39: 0 | I39: 3 | J39: 1 | K39: 0 | L39: 2 | M39: 150 | N39: 0 | O39: =SUM(C39:L39,N39) -> 19 | P39: =SUM(C39:N39) -> 169 | R39: PM Period | S39: =SUM(S19:S21) -> 115 | T39: =SUM(T19:T21) -> 30 | U39: =SUM(U19:U21) -> 33 | V39: =SUM(V19:V21) -> 50 | W39: =SUM(W19:W21) -> 4 | X39: =SUM(X19:X21) -> 2 | Y39: =SUM(Y19:Y21) -> 37 | Z39: =SUM(Z19:Z21) -> 5 | ... AF39: =SUM(AF19:AF21) -> 1663
B40: 14.30 - 14.45 | C40: 6 | D40: 3 | E40: 5 | F40: 4 | G40: 0 | H40: 2 | I40: 1 | J40: 0 | K40: 0 | L40: 0 | M40: 135 | N40: 0 | O40: =SUM(C40:L40,N40) -> 21 | P40: =SUM(C40:N40) -> 156 | R40: 12 Hours | S40: =SUM(S10:S21) -> 459 | T40: =SUM(T10:T21) -> 141 | U40: =SUM(U10:U21) -> 124 | V40: =SUM(V10:V21) -> 199 | W40: =SUM(W10:W21) -> 13 | X40: =SUM(X10:X21) -> 10 | Y40: =SUM(Y10:Y21) -> 113 | Z40: =SUM(Z10:Z21) -> 23 | ... AF40: =SUM(AF10:AF21) -> 5547
B41: 14.45 - 15.00 | C41: 7 | D41: 3 | E41: 2 | F41: 3 | G41: 0 | H41: 0 | I41: 1 | J41: 0 | K41: 0 | L41: 0 | M41: 119 | N41: 0 | O41: =SUM(C41:L41,N41) -> 16 | P41: =SUM(C41:N41) -> 135 | R41: 24 Hrs/ADT | S41: =SUM(S10:S33) -> 642 | T41: =SUM(T10:T33) -> 159 | U41: =SUM(U10:U33) -> 158 | V41: =SUM(V10:V33) -> 256 | W41: =SUM(W10:W33) -> 13 | X41: =SUM(X10:X33) -> 24 | Y41: =SUM(Y10:Y33) -> 145 | Z41: =SUM(Z10:Z33) -> 30 | ... AF41: =SUM(AF10:AF33) -> 7252
B42: 15.00 - 15.15 | C42: 8 | D42: 2 | E42: 5 | F42: 5 | G42: 0 | H42: 0 | I42: 0 | J42: 0 | K42: 0 | L42: 1 | M42: 97 | N42: 0 | O42: =SUM(C42:L42,N42) -> 21 | P42: =SUM(C42:N42) -> 118 | R42: NEF | S42: =S41/S40 -> 1.3986928 | T42: =T41/T40 -> 1.1276596 | U42: =U41/U40 -> 1.2741935 | V42: =V41/V40 -> 1.2864322 | W42: =W41/W40 -> 1 | X42: =X41/X40 -> 2.4 | Y42: =Y41/Y40 -> 1.2831858 | Z42: =Z41/Z40 -> 1.3043478 | ... AF42: =AF41/AF40 -> 1.3073734
B43: 15.15 - 15.30 | C43: 10 | D43: 1 | E43: 4 | F43: 5 | G43: 0 | H43: 0 | I43: 4 | J43: 1 | K43: 0 | L43: 0 | M43: 92 | N43: 0 | O43: =SUM(C43:L43,N43) -> 25 | P43: =SUM(C43:N43) -> 117
B44: 15.30 - 15.45 | C44: 13 | D44: 1 | E44: 3 | F44: 1 | G44: 0 | H44: 0 | I44: 3 | J44: 0 | K44: 0 | L44: 0 | M44: 94 | N44: 0 | O44: =SUM(C44:L44,N44) -> 21 | P44: =SUM(C44:N44) -> 115
B45: 15.45 - 16.00 | C45: 13 | D45: 3 | E45: 1 | F45: 4 | G45: 1 | H45: 1 | I45: 4 | J45: 0 | K45: 0 | L45: 0 | M45: 99 | N45: 0 | O45: =SUM(C45:L45,N45) -> 27 | P45: =SUM(C45:N45) -> 126
B46: 16.00 - 16.15 | C46: 9 | D46: 2 | E46: 7 | F46: 5 | G46: 0 | H46: 0 | I46: 3 | J46: 2 | K46: 1 | L46: 2 | M46: 93 | N46: 0 | O46: =SUM(C46:L46,N46) -> 31 | P46: =SUM(C46:N46) -> 124
B47: 16.15 -16.30 | C47: 11 | D47: 0 | E47: 2 | F47: 4 | G47: 0 | H47: 0 | I47: 1 | J47: 0 | K47: 0 | L47: 0 | M47: 96 | N47: 0 | O47: =SUM(C47:L47,N47) -> 18 | P47: =SUM(C47:N47) -> 114
B48: 16.30 -16.45 | C48: 12 | D48: 6 | E48: 2 | F48: 3 | G48: 0 | H48: 0 | I48: 2 | J48: 0 | K48: 0 | L48: 0 | M48: 104 | N48: 0 | O48: =SUM(C48:L48,N48) -> 25 | P48: =SUM(C48:N48) -> 129
B49: 16.45 -17.00 | C49: 8 | D49: 2 | E49: 4 | F49: 5 | G49: 0 | H49: 1 | I49: 4 | J49: 0 | K49: 0 | L49: 0 | M49: 110 | N49: 0 | O49: =SUM(C49:L49,N49) -> 24 | P49: =SUM(C49:N49) -> 134
B50: 17.00 -17.15 | C50: 8 | D50: 3 | E50: 3 | F50: 7 | G50: 0 | H50: 0 | I50: 2 | J50: 1 | K50: 0 | L50: 1 | M50: 114 | N50: 0 | O50: =SUM(C50:L50,N50) -> 25 | P50: =SUM(C50:N50) -> 139
B51: 17.15 -17.30 | C51: 12 | D51: 2 | E51: 3 | F51: 4 | G51: 0 | H51: 0 | I51: 4 | J51: 0 | K51: 0 | L51: 1 | M51: 132 | N51: 0 | O51: =SUM(C51:L51,N51) -> 26 | P51: =SUM(C51:N51) -> 158
B52: 17.30 -17.45 | C52: 10 | D52: 4 | E52: 3 | F52: 4 | G52: 0 | H52: 1 | I52: 6 | J52: 1 | K52: 0 | L52: 0 | M52: 122 | N52: 0 | O52: =SUM(C52:L52,N52) -> 29 | P52: =SUM(C52:N52) -> 151
B53: 17.45 -18.00 | C53: 20 | D53: 1 | E53: 0 | F53: 6 | G53: 1 | H53: 0 | I53: 5 | J53: 0 | K53: 0 | L53: 1 | M53: 135 | N53: 0 | O53: =SUM(C53:L53,N53) -> 34 | P53: =SUM(C53:N53) -> 169
B54: 18.00 - 18.15 | C54: 2 | D54: 3 | E54: 2 | F54: 6 | G54: 0 | H54: 0 | I54: 2 | J54: 0 | K54: 0 | L54: 1 | M54: 110 | N54: 0 | O54: =SUM(C54:L54,N54) -> 16 | P54: =SUM(C54:N54) -> 126
... B105: 06.45 - 07.00 | C105: 5 | D105: 0 | E105: 0 | F105: 2 | G105: 0 | H105: 0 | I105: 0 | J105: 1 | K105: 0 | L105: 0 | M105: 49 | N105: 0 | O105: =SUM(C105:L105,N105) -> 8 | P105: =SUM(C105:N105) -> 57
B106: Totals | C106: =SUM(C10:C105) -> 642 | D106: =SUM(D10:D105) -> 159 | E106: =SUM(E10:E105) -> 158 | F106: =SUM(F10:F105) -> 256 | G106: =SUM(G10:G105) -> 13 | H106: =SUM(H10:H105) -> 24 | I106: =SUM(I10:I105) -> 145 | J106: =SUM(J10:J105) -> 30 | ... P106: =SUM(P10:P105) -> 7252
B107: %ges + MCs | C107: =C106/$P$106 -> 0.088527303 | D107: =D106/$P$106 -> 0.021924986 | E107: =E106/$P$106 -> 0.021787093 | F107: =F106/$P$106 -> 0.035300607 | G107: =G106/$P$106 -> 0.0017926089 | H107: =H106/$P$106 -> 0.0033094319 | I107: =I106/$P$106 -> 0.019994484 | J107: =J106/$P$106 -> 0.0041367899 | ... N107: =N106/$P$106 -> 0
B108: %ges w/o MCs | C108: =C106/$O$106 -> 0.43378378 | D108: =D106/$O$106 -> 0.10743243 | E108: =E106/$O$106 -> 0.10675676 | F108: =F106/$O$106 -> 0.17297297 | G108: =G106/$O$106 -> 0.0087837838 | H108: =H106/$O$106 -> 0.016216216 | I108: =I106/$O$106 -> 0.097972973 | J108: =J106/$O$106 -> 0.02027027 | ... L108: =L106/$O$106 -> 0.032432432 | N108: =N106/$O$106 -> 0

Sheet 27.10 Kasese-Fort Portal
B1: Consultancy services for Preparation of Expressway Development Master Plan (EDMP) for Uganda
B2: MANUAL CLASSIFIED COUNT (MCC)
B3: ROAD NAME: | C3: ='25.10 Kasese-Fort Portal'!C3:G3 -> MCC - C4 - STN106
C5: Date | D5: 27.10.19 | F5: Location | G5: ='25.10 Kasese-Fort Portal'!G5:H5 -> Kisanga B | J5: Surveyor | K5: ='25.10 Kasese-Fort Portal'!K5:L5 -> Onyuti Betty
C6: Dir. From | D6: ='25.10 Kasese-Fort Portal'!D6:E6 -> Kasese | F6: Dir. To | G6: ='25.10 Kasese-Fort Portal'!G6:H6 -> Fort Portal | J6: Supervisor | K6: ='25.10 Kasese-Fort Portal'!K6:L6 -> Onyuti Betty
B8: Time / Veh Type | R8: SUMMARY TRAFFIC VOLUMES
C9: 1. Car | D9: 2. Station Wagon | E9: 3. Pickups | F9: 4. Minibus, matatu | G9: 5. Medium bus | H9: 6. Large Bus | I9: 7. Light Truck | J9: 8. Medium Truck | K9: 9. Heavy truck | L9: 10. Truck Trailer | M9: 11. Motor cycles | N9: 12. Tractors | O9: Total Excl M/Cycles | P9: Total All | R9: Time | S9: 1. Car | T9: 2. Station Wagon | U9: 3. Pickups | V9: 4. Minibus, matatu | W9: 5. Medium bus | X9: 6. Large Bus | Y9: 7. Light Truck | Z9: 8. Medium Truck | AA9: 9. Heavy truck | AB9: 10. Truck Trailer | AC9: 11. Motorcycles | AD9: 12. Tractors, Graders | AE9: Total Excl M/ Cycles | AF9: Total All
B10: 07.00 - 07.15 | C10: 9 | D10: 0 | E10: 0 | F10: 4 | G10: 0 | H10: 1 | I10: 2 | J10: 0 | K10: 0 | L10: 0 | M10: 55 | N10: 0 | O10: =SUM(C10:L10,N10) -> 16 | P10: =SUM(C10:N10) -> 71 | R10: 0700-0800 | S10: =SUM(C10:C13) -> 29 | T10: =SUM(D10:D13) -> 1 | U10: =SUM(E10:E13) -> 3 | V10: =SUM(F10:F13) -> 18 | W10: =SUM(G10:G13) -> 0 | X10: =SUM(H10:H13) -> 2 | Y10: =SUM(I10:I13) -> 8 | Z10: =SUM(J10:J13) -> 3 | ... AF10: =SUM(P10:P13) -> 382
B11: 07.15 - 07.30 | C11: 8 | D11: 0 | E11: 1 | F11: 5 | G11: 0 | H11: 0 | I11: 2 | J11: 2 | K11: 0 | L11: 1 | M11: 85 | N11: 0 | O11: =SUM(C11:L11,N11) -> 19 | P11: =SUM(C11:N11) -> 104 | R11: 0800-0900 | S11: =SUM(C14:C17) -> 19 | T11: =SUM(D14:D17) -> 4 | U11: =SUM(E14:E17) -> 5 | V11: =SUM(F14:F17) -> 24 | W11: =SUM(G14:G17) -> 1 | X11: =SUM(H14:H17) -> 1 | Y11: =SUM(I14:I17) -> 9 | Z11: =SUM(J14:J17) -> 2 | ... AF11: =SUM(P14:P17) -> 361
B12: 07.30 - 07.45 | C12: 9 | D12: 1 | E12: 0 | F12: 7 | G12: 0 | H12: 0 | I12: 2 | J12: 0 | K12: 0 | L12: 1 | M12: 80 | N12: 0 | O12: =SUM(C12:L12,N12) -> 20 | P12: =SUM(C12:N12) -> 100 | R12: 0900-1000 | S12: =SUM(C18:C21) -> 34 | T12: =SUM(D18:D21) -> 7 | U12: =SUM(E18:E21) -> 16 | V12: =SUM(F18:F21) -> 30 | W12: =SUM(G18:G21) -> 0 | X12: =SUM(H18:H21) -> 1 | Y12: =SUM(I18:I21) -> 11 | Z12: =SUM(J18:J21) -> 4 | ... AF12: =SUM(P18:P21) -> 467
B13: 07.45 - 08.00 | C13: 3 | D13: 0 | E13: 2 | F13: 2 | G13: 0 | H13: 1 | I13: 2 | J13: 1 | K13: 0 | L13: 1 | M13: 95 | N13: 0 | O13: =SUM(C13:L13,N13) -> 12 | P13: =SUM(C13:N13) -> 107 | R13: 1000-1100 | S13: =SUM(C22:C25) -> 33 | T13: =SUM(D22:D25) -> 9 | U13: =SUM(E22:E25) -> 6 | V13: =SUM(F22:F25) -> 28 | W13: =SUM(G22:G25) -> 0 | X13: =SUM(H22:H25) -> 2 | Y13: =SUM(I22:I25) -> 14 | Z13: =SUM(J22:J25) -> 3 | ... AF13: =SUM(P22:P25) -> 451
B14: 08.00 - 08.15 | C14: 7 | D14: 2 | E14: 2 | F14: 6 | G14: 0 | H14: 0 | I14: 1 | J14: 0 | K14: 0 | L14: 0 | M14: 70 | N14: 0 | O14: =SUM(C14:L14,N14) -> 18 | P14: =SUM(C14:N14) -> 88 | R14: 1100-1200 | S14: =SUM(C26:C29) -> 48 | T14: =SUM(D26:D29) -> 11 | U14: =SUM(E26:E29) -> 13 | V14: =SUM(F26:F29) -> 19 | W14: =SUM(G26:G29) -> 0 | X14: =SUM(H26:H29) -> 2 | Y14: =SUM(I26:I29) -> 12 | Z14: =SUM(J26:J29) -> 4 | ... AF14: =SUM(P26:P29) -> 482
B15: 08.15 - 08.30 | C15: 7 | D15: 0 | E15: 1 | F15: 7 | G15: 0 | H15: 0 | I15: 1 | J15: 1 | K15: 1 | L15: 0 | M15: 83 | N15: 0 | O15: =SUM(C15:L15,N15) -> 18 | P15: =SUM(C15:N15) -> 101 | R15: 1200-1300 | S15: =SUM(C30:C33) -> 39 | T15: =SUM(D30:D33) -> 3 | U15: =SUM(E30:E33) -> 8 | V15: =SUM(F30:F33) -> 20 | W15: =SUM(G30:G33) -> 0 | X15: =SUM(H30:H33) -> 0 | Y15: =SUM(I30:I33) -> 13 | Z15: =SUM(J30:J33) -> 4 | ... AF15: =SUM(P30:P33) -> 364
B16: 08.30 - 08.45 | C16: 3 | D16: 1 | E16: 1 | F16: 4 | G16: 0 | H16: 0 | I16: 4 | J16: 1 | K16: 0 | L16: 0 | M16: 74 | N16: 0 | O16: =SUM(C16:L16,N16) -> 14 | P16: =SUM(C16:N16) -> 88 | R16: 1300-1400 | S16: =SUM(C34:C37) -> 60 | T16: =SUM(D34:D37) -> 4 | U16: =SUM(E34:E37) -> 10 | V16: =SUM(F34:F37) -> 14 | W16: =SUM(G34:G37) -> 0 | X16: =SUM(H34:H37) -> 3 | Y16: =SUM(I34:I37) -> 11 | Z16: =SUM(J34:J37) -> 7 | ... AF16: =SUM(P34:P37) -> 475
B17: 08.45 - 9.00 | C17: 2 | D17: 1 | E17: 1 | F17: 7 | G17: 1 | H17: 1 | I17: 3 | J17: 0 | K17: 0 | L17: 0 | M17: 68 | N17: 0 | O17: =SUM(C17:L17,N17) -> 16 | P17: =SUM(C17:N17) -> 84 | R17: 1400-1500 | S17: =SUM(C38:C41) -> 41 | T17: =SUM(D38:D41) -> 5 | U17: =SUM(E38:E41) -> 14 | V17: =SUM(F38:F41) -> 25 | W17: =SUM(G38:G41) -> 0 | X17: =SUM(H38:H41) -> 1 | Y17: =SUM(I38:I41) -> 18 | Z17: =SUM(J38:J41) -> 2 | ... AF17: =SUM(P38:P41) -> 549
B18: 09.00 - 09.15 | C18: 7 | D18: 2 | E18: 2 | F18: 9 | G18: 0 | H18: 1 | I18: 3 | J18: 1 | K18: 0 | L18: 0 | M18: 98 | N18: 0 | O18: =SUM(C18:L18,N18) -> 25 | P18: =SUM(C18:N18) -> 123 | R18: 1500-1600 | S18: =SUM(C42:C45) -> 40 | T18: =SUM(D42:D45) -> 10 | U18: =SUM(E42:E45) -> 23 | V18: =SUM(F42:F45) -> 28 | W18: =SUM(G42:G45) -> 0 | X18: =SUM(H42:H45) -> 3 | Y18: =SUM(I42:I45) -> 13 | Z18: =SUM(J42:J45) -> 2 | ... AF18: =SUM(P42:P45) -> 529
B19: 09.15 - 09.30 | C19: 6 | D19: 2 | E19: 6 | F19: 9 | G19: 0 | H19: 0 | I19: 1 | J19: 0 | K19: 0 | L19: 2 | M19: 91 | N19: 0 | O19: =SUM(C19:L19,N19) -> 26 | P19: =SUM(C19:N19) -> 117 | R19: 1600-1700 | S19: =SUM(C46:C49) -> 53 | T19: =SUM(D46:D49) -> 4 | U19: =SUM(E46:E49) -> 10 | V19: =SUM(F46:F49) -> 23 | W19: =SUM(G46:G49) -> 1 | X19: =SUM(H46:H49) -> 1 | Y19: =SUM(I46:I49) -> 11 | Z19: =SUM(J46:J49) -> 7 | ... AF19: =SUM(P46:P49) -> 379
B20: 09.30 - 09.45 | C20: 12 | D20: 2 | E20: 4 | F20: 7 | G20: 0 | H20: 0 | I20: 3 | J20: 1 | K20: 0 | L20: 2 | M20: 103 | N20: 0 | O20: =SUM(C20:L20,N20) -> 31 | P20: =SUM(C20:N20) -> 134 | R20: 1700-1800 | S20: =SUM(C50:C53) -> 40 | T20: =SUM(D50:D53) -> 7 | U20: =SUM(E50:E53) -> 11 | V20: =SUM(F50:F53) -> 18 | W20: =SUM(G50:G53) -> 0 | X20: =SUM(H50:H53) -> 1 | Y20: =SUM(I50:I53) -> 19 | Z20: =SUM(J50:J53) -> 4 | ... AF20: =SUM(P50:P53) -> 420
B21: 09.45 - 10.00 | C21: 9 | D21: 1 | E21: 4 | F21: 5 | G21: 0 | H21: 0 | I21: 4 | J21: 2 | K21: 1 | L21: 0 | M21: 67 | N21: 0 | O21: =SUM(C21:L21,N21) -> 26 | P21: =SUM(C21:N21) -> 93 | R21: 1800-1900 | S21: =SUM(C54:C57) -> 51 | T21: =SUM(D54:D57) -> 9 | U21: =SUM(E54:E57) -> 12 | V21: =SUM(F54:F57) -> 18 | W21: =SUM(G54:G57) -> 1 | X21: =SUM(H54:H57) -> 0 | Y21: =SUM(I54:I57) -> 12 | Z21: =SUM(J54:J57) -> 5 | ... AF21: =SUM(P54:P57) -> 571
B22: 10.00 - 10.15 | C22: 10 | D22: 1 | E22: 2 | F22: 13 | G22: 0 | H22: 1 | I22: 4 | J22: 2 | K22: 1 | L22: 0 | M22: 92 | N22: 0 | O22: =SUM(C22:L22,N22) -> 34 | P22: =SUM(C22:N22) -> 126 | R22: AM Peak Hr | S22: =MAX(S10:S12) -> 34 | T22: =MAX(T10:T12) -> 7 | U22: =MAX(U10:U12) -> 16 | V22: =MAX(V10:V12) -> 30 | W22: =MAX(W10:W12) -> 1 | X22: =MAX(X10:X12) -> 2 | Y22: =MAX(Y10:Y12) -> 11 | Z22: =MAX(Z10:Z12) -> 4 | ... AF22: =MAX(AF10:AF12) -> 467
B23: 10.15 - 10.30 | C23: 8 | D23: 2 | E23: 3 | F23: 5 | G23: 0 | H23: 0 | I23: 1 | J23: 1 | K23: 0 | L23: 1 | M23: 83 | N23: 0 | O23: =SUM(C23:L23,N23) -> 21 | P23: =SUM(C23:N23) -> 104 | R23: IP Peak Hr | S23: =MAX(S13:S18) -> 60 | T23: =MAX(T13:T18) -> 11 | U23: =MAX(U13:U18) -> 23 | V23: =MAX(V13:V18) -> 28 | W23: =MAX(W13:W18) -> 0 | X23: =MAX(X13:X18) -> 3 | Y23: =MAX(Y13:Y18) -> 18 | Z23: =MAX(Z13:Z18) -> 7 | ... AF23: =MAX(AF13:AF18) -> 549
B24: 10.30 - 10.45 | C24: 8 | D24: 1 | E24: 0 | F24: 6 | G24: 0 | H24: 1 | I24: 6 | J24: 0 | K24: 0 | L24: 1 | M24: 83 | N24: 0 | O24: =SUM(C24:L24,N24) -> 23 | P24: =SUM(C24:N24) -> 106 | R24: PM Peak Hr | S24: =MAX(S19:S21) -> 53 | T24: =MAX(T19:T21) -> 9 | U24: =MAX(U19:U21) -> 12 | V24: =MAX(V19:V21) -> 23 | W24: =MAX(W19:W21) -> 1 | X24: =MAX(X19:X21) -> 1 | Y24: =MAX(Y19:Y21) -> 19 | Z24: =MAX(Z19:Z21) -> 7 | ... AF24: =MAX(AF19:AF21) -> 571
B25: 10.45 - 11.00 | C25: 7 | D25: 5 | E25: 1 | F25: 4 | G25: 0 | H25: 0 | I25: 3 | J25: 0 | K25: 0 | L25: 1 | M25: 94 | N25: 0 | O25: =SUM(C25:L25,N25) -> 21 | P25: =SUM(C25:N25) -> 115 | R25: AM Period | S25: =SUM(S10:S12) -> 82 | T25: =SUM(T10:T12) -> 12 | U25: =SUM(U10:U12) -> 24 | V25: =SUM(V10:V12) -> 72 | W25: =SUM(W10:W12) -> 1 | X25: =SUM(X10:X12) -> 4 | Y25: =SUM(Y10:Y12) -> 28 | Z25: =SUM(Z10:Z12) -> 9 | ... AF25: =SUM(AF10:AF12) -> 1210
B26: 11.00 - 11.15 | C26: 10 | D26: 6 | E26: 5 | F26: 5 | G26: 0 | H26: 1 | I26: 3 | J26: 1 | K26: 1 | L26: 2 | M26: 99 | N26: 0 | O26: =SUM(C26:L26,N26) -> 34 | P26: =SUM(C26:N26) -> 133 | R26: IP Period | S26: =SUM(S13:S18) -> 261 | T26: =SUM(T13:T18) -> 42 | U26: =SUM(U13:U18) -> 74 | V26: =SUM(V13:V18) -> 134 | W26: =SUM(W13:W18) -> 0 | X26: =SUM(X13:X18) -> 11 | Y26: =SUM(Y13:Y18) -> 81 | Z26: =SUM(Z13:Z18) -> 22 | ... AF26: =SUM(AF13:AF18) -> 2850
B27: 11.15 - 11.30 | C27: 7 | D27: 3 | E27: 1 | F27: 4 | G27: 0 | H27: 0 | I27: 1 | J27: 2 | K27: 0 | L27: 0 | M27: 82 | N27: 0 | O27: =SUM(C27:L27,N27) -> 18 | P27: =SUM(C27:N27) -> 100 | R27: PM Period | S27: =SUM(S19:S21) -> 144 | T27: =SUM(T19:T21) -> 20 | U27: =SUM(U19:U21) -> 33 | V27: =SUM(V19:V21) -> 59 | W27: =SUM(W19:W21) -> 2 | X27: =SUM(X19:X21) -> 2 | Y27: =SUM(Y19:Y21) -> 42 | Z27: =SUM(Z19:Z21) -> 16 | ... AF27: =SUM(AF19:AF21) -> 1370
B28: 11.30 - 11.45 | C28: 20 | D28: 1 | E28: 2 | F28: 6 | G28: 0 | H28: 0 | I28: 1 | J28: 0 | K28: 0 | L28: 1 | M28: 80 | N28: 0 | O28: =SUM(C28:L28,N28) -> 31 | P28: =SUM(C28:N28) -> 111 | R28: 12 Hours | S28: =SUM(S10:S21) -> 487 | T28: =SUM(T10:T21) -> 74 | U28: =SUM(U10:U21) -> 131 | V28: =SUM(V10:V21) -> 265 | W28: =SUM(W10:W21) -> 3 | X28: =SUM(X10:X21) -> 17 | Y28: =SUM(Y10:Y21) -> 151 | Z28: =SUM(Z10:Z21) -> 47 | ... AF28: =SUM(AF10:AF21) -> 5430
B29: 11.45 - 12.00 | C29: 11 | D29: 1 | E29: 5 | F29: 4 | G29: 0 | H29: 1 | I29: 7 | J29: 1 | K29: 1 | L29: 0 | M29: 107 | N29: 0 | O29: =SUM(C29:L29,N29) -> 31 | P29: =SUM(C29:N29) -> 138
B30: 12.00 - 12.15 | C30: 13 | D30: 1 | E30: 2 | F30: 2 | G30: 0 | H30: 0 | I30: 4 | J30: 0 | K30: 0 | L30: 0 | M30: 77 | N30: 0 | O30: =SUM(C30:L30,N30) -> 22 | P30: =SUM(C30:N30) -> 99
B31: 12.15 - 12.30 | C31: 7 | D31: 1 | E31: 3 | F31: 7 | G31: 0 | H31: 0 | I31: 2 | J31: 2 | K31: 0 | L31: 1 | M31: 60 | N31: 0 | O31: =SUM(C31:L31,N31) -> 23 | P31: =SUM(C31:N31) -> 83
B32: 12.30 - 12.45 | C32: 8 | D32: 1 | E32: 1 | F32: 6 | G32: 0 | H32: 0 | I32: 4 | J32: 1 | K32: 0 | L32: 2 | M32: 66 | N32: 0 | O32: =SUM(C32:L32,N32) -> 23 | P32: =SUM(C32:N32) -> 89
B33: 12.45 - 13.00 | C33: 11 | D33: 0 | E33: 2 | F33: 5 | G33: 0 | H33: 0 | I33: 3 | J33: 1 | K33: 0 | L33: 2 | M33: 69 | N33: 0 | O33: =SUM(C33:L33,N33) -> 24 | P33: =SUM(C33:N33) -> 93
B34: 13.00 - 13.15 | C34: 24 | D34: 0 | E34: 1 | F34: 4 | G34: 0 | H34: 0 | I34: 3 | J34: 1 | K34: 0 | L34: 2 | M34: 74 | N34: 0 | O34: =SUM(C34:L34,N34) -> 35 | P34: =SUM(C34:N34) -> 109
B35: 13.15 - 13.30 | C35: 9 | D35: 2 | E35: 1 | F35: 2 | G35: 0 | H35: 1 | I35: 1 | J35: 3 | K35: 1 | L35: 4 | M35: 75 | N35: 0 | O35: =SUM(C35:L35,N35) -> 24 | P35: =SUM(C35:N35) -> 99
B36: 13.30 - 13.45 | C36: 14 | D36: 2 | E36: 3 | F36: 3 | G36: 0 | H36: 0 | I36: 5 | J36: 1 | K36: 1 | L36: 6 | M36: 103 | N36: 0 | O36: =SUM(C36:L36,N36) -> 35 | P36: =SUM(C36:N36) -> 138
B37: 13.45 - 14.00 | C37: 13 | D37: 0 | E37: 5 | F37: 5 | G37: 0 | H37: 2 | I37: 2 | J37: 2 | K37: 1 | L37: 0 | M37: 99 | N37: 0 | O37: =SUM(C37:L37,N37) -> 30 | P37: =SUM(C37:N37) -> 129
B38: 14.00 - 14.15 | C38: 10 | D38: 1 | E38: 5 | F38: 4 | G38: 0 | H38: 0 | I38: 6 | J38: 1 | K38: 1 | L38: 0 | M38: 118 | N38: 0 | O38: =SUM(C38:L38,N38) -> 28 | P38: =SUM(C38:N38) -> 146
B39: 14.15 - 14.30 | C39: 10 | D39: 1 | E39: 4 | F39: 5 | G39: 0 | H39: 0 | I39: 6 | J39: 0 | K39: 0 | L39: 0 | M39: 128 | N39: 0 | O39: =SUM(C39:L39,N39) -> 26 | P39: =SUM(C39:N39) -> 154
B40: 14.30 - 14.45 | C40: 12 | D40: 1 | E40: 1 | F40: 8 | G40: 0 | H40: 1 | I40: 4 | J40: 1 | K40: 0 | L40: 1 | M40: 99 | N40: 0 | O40: =SUM(C40:L40,N40) -> 29 | P40: =SUM(C40:N40) -> 128
... B48: 16.30 -16.45 | C48: 16 | D48: 1 | E48: 2 | F48: 8 | G48: 0 | H48: 0 | I48: 3 | J48: 1 | K48: 1 | L48: 0 | M48: 61 | N48: 0 | O48: =SUM(C48:L48,N48) -> 32 | P48: =SUM(C48:N48) -> 93
B49: 16.45 -17.00 | C49: 13 | E49: 0 | F49: 2 | G49: 0 | H49: 0 | I49: 2 | J49: 4 | K49: 0 | L49: 1 | M49: 55 | N49: 0 | O49: =SUM(C49:L49,N49) -> 22 | P49: =SUM(C49:N49) -> 77
B50: 17.00 -17.15 | C50: 12 | D50: 3 | E50: 5 | F50: 8 | G50: 0 | H50: 0 | I50: 6 | J50: 0 | K50: 0 | L50: 1 | M50: 70 | N50: 0 | O50: =SUM(C50:L50,N50) -> 35 | P50: =SUM(C50:N50) -> 105
B51: 17.15 -17.30 | C51: 9 | D51: 1 | E51: 4 | F51: 3 | G51: 0 | H51: 0 | I51: 3 | J51: 1 | K51: 0 | L51: 0 | M51: 88 | N51: 0 | O51: =SUM(C51:L51,N51) -> 21 | P51: =SUM(C51:N51) -> 109
B52: 17.30 -17.45 | C52: 7 | D52: 1 | E52: 1 | F52: 2 | G52: 0 | H52: 1 | I52: 5 | J52: 1 | K52: 0 | L52: 0 | M52: 68 | N52: 0 | O52: =SUM(C52:L52,N52) -> 18 | P52: =SUM(C52:N52) -> 86
B53: 17.45 -18.00 | C53: 12 | D53: 2 | E53: 1 | F53: 5 | G53: 0 | H53: 0 | I53: 5 | J53: 2 | K53: 0 | L53: 2 | M53: 91 | N53: 0 | O53: =SUM(C53:L53,N53) -> 29 | P53: =SUM(C53:N53) -> 120
B54: 18.00 - 18.15 | C54: 13 | D54: 2 | E54: 4 | F54: 2 | G54: 0 | H54: 0 | I54: 1 | J54: 0 | K54: 0 | L54: 0 | M54: 103 | N54: 0 | O54: =SUM(C54:L54,N54) -> 22 | P54: =SUM(C54:N54) -> 125
B55: 18.15 - 18.30 | C55: 14 | D55: 1 | E55: 5 | F55: 9 | G55: 0 | H55: 0 | I55: 4 | J55: 1 | K55: 0 | L55: 2 | M55: 128 | N55: 0 | O55: =SUM(C55:L55,N55) -> 36 | P55: =SUM(C55:N55) -> 164
B56: 18.30 - 18.45 | C56: 14 | D56: 4 | E56: 3 | F56: 6 | G56: 0 | H56: 0 | I56: 6 | J56: 2 | K56: 0 | L56: 0 | M56: 121 | N56: 0 | O56: =SUM(C56:L56,N56) -> 35 | P56: =SUM(C56:N56) -> 156
B57: 18.45 - 19.00 | C57: 10 | D57: 2 | E57: 0 | F57: 1 | G57: 1 | H57: 0 | I57: 1 | J57: 2 | K57: 0 | L57: 2 | M57: 107 | N57: 0 | O57: =SUM(C57:L57,N57) -> 19 | P57: =SUM(C57:N57) -> 126
B58: Totals | C58: =SUM(C10:C57) -> 487 | D58: =SUM(D10:D57) -> 74 | E58: =SUM(E10:E57) -> 131 | F58: =SUM(F10:F57) -> 265 | G58: =SUM(G10:G57) -> 3 | H58: =SUM(H10:H57) -> 17 | I58: =SUM(I10:I57) -> 151 | J58: =SUM(J10:J57) -> 47 | ... P58: =SUM(P10:P57) -> 5430
B59: %ges + MCs | C59: =C58/$P$58 -> 0.089686924 | D59: =D58/$P$58 -> 0.013627993 | E59: =E58/$P$58 -> 0.02412523 | F59: =F58/$P$58 -> 0.048802947 | G59: =G58/$P$58 -> 0.00055248619 | H59: =H58/$P$58 -> 0.0031307551 | I59: =I58/$P$58 -> 0.027808471 | J59: =J58/$P$58 -> 0.0086556169 | ... N59: =N58/$P$58 -> 0
B60: %ges w/o MCs | C60: =C58/$O$58 -> 0.39369442 | D60: =D58/$O$58 -> 0.05982215 | E60: =E58/$O$58 -> 0.10590137 | F60: =F58/$O$58 -> 0.21422797 | G60: =G58/$O$58 -> 0.0024252223 | H60: =H58/$O$58 -> 0.013742926 | I60: =I58/$O$58 -> 0.12206952 | J60: =J58/$O$58 -> 0.03799515 | ... L60: =L58/$O$58 -> 0.040420372 | N60: =N58/$O$58 -> 0

Sheet 27.10 Fort Portal-Kasese
B1: Consultancy services for Preparation of Expressway Development Master Plan (EDMP) for Uganda
B2: MANUAL CLASSIFIED COUNT (MCC)
B3: ROAD NAME: | C3: ='25.10 Fort Portal-Kasese'!C3:G3 -> MCC - C4 - STN106
C5: Date | D5: ='27.10 Kasese-Fort Portal'!D5 -> 27.10.19 | F5: Location | G5: ='25.10 Kasese-Fort Portal'!G5:H5 -> Kisanga B | J5: Surveyor | K5: ='25.10 Kasese-Fort Portal'!K5:L5 -> Onyuti Betty
C6: Dir. From | D6: ='25.10 Fort Portal-Kasese'!D6:E6 -> Fort Portal | F6: Dir. To | G6: ='25.10 Fort Portal-Kasese'!G6:H6 -> Kasese | J6: Supervisor | K6: ='25.10 Kasese-Fort Portal'!K6:L6 -> Onyuti Betty
B8: Time / Veh Type | R8: SUMMARY TRAFFIC VOLUMES
C9: 1. Car | D9: 2. Station Wagon | E9: 3. Pickups | F9: 4. Minibus, matatu | G9: 5. Medium bus | H9: 6. Large Bus | I9: 7. Light Truck | J9: 8. Medium Truck | K9: 9. Heavy truck | L9: 10. Truck Trailer | M9: 11. Motor cycles | N9: 12. Tractors | O9: Total Excl M/Cycles | P9: Total All | R9: Time | S9: 1. Car | T9: 2. Station Wagon | U9: 3. Pickups | V9: 4. Minibus, matatu | W9: 5. Medium bus | X9: 6. Large Bus | Y9: 7. Light Truck | Z9: 8. Medium Truck | AA9: 9. Heavy truck | AB9: 10. Truck Trailer | AC9: 11. Motorcycles | AD9: 12. Tractors, Graders | AE9: Total Excl M/ Cycles | AF9: Total All
B10: 07.00 - 07.15 | C10: 7 | D10: 1 | E10: 0 | F10: 5 | G10: 0 | H10: 0 | I10: 1 | J10: 1 | K10: 0 | L10: 0 | M10: 57 | N10: 0 | O10: =SUM(C10:L10,N10) -> 15 | P10: =SUM(C10:N10) -> 72 | R10: 0700-0800 | S10: =SUM(C10:C13) -> 28 | T10: =SUM(D10:D13) -> 2 | U10: =SUM(E10:E13) -> 2 | V10: =SUM(F10:F13) -> 20 | W10: =SUM(G10:G13) -> 1 | X10: =SUM(H10:H13) -> 0 | Y10: =SUM(I10:I13) -> 10 | Z10: =SUM(J10:J13) -> 6 | ... AF10: =SUM(P10:P13) -> 403
B11: 07.15 - 07.30 | C11: 9 | D11: 0 | E11: 1 | F11: 3 | G11: 1 | H11: 0 | I11: 5 | J11: 0 | K11: 0 | L11: 0 | M11: 82 | N11: 0 | O11: =SUM(C11:L11,N11) -> 19 | P11: =SUM(C11:N11) -> 101 | R11: 0800-0900 | S11: =SUM(C14:C17) -> 33 | T11: =SUM(D14:D17) -> 6 | U11: =SUM(E14:E17) -> 11 | V11: =SUM(F14:F17) -> 19 | W11: =SUM(G14:G17) -> 0 | X11: =SUM(H14:H17) -> 0 | Y11: =SUM(I14:I17) -> 16 | Z11: =SUM(J14:J17) -> 6 | ... AF11: =SUM(P14:P17) -> 470
B12: 07.30 - 07.45 | C12: 8 | D12: 0 | E12: 1 | F12: 6 | G12: 0 | H12: 0 | I12: 2 | J12: 4 | K12: 0 | L12: 0 | M12: 106 | N12: 0 | O12: =SUM(C12:L12,N12) -> 21 | P12: =SUM(C12:N12) -> 127 | R12: 0900-1000 | S12: =SUM(C18:C21) -> 35 | T12: =SUM(D18:D21) -> 15 | U12: =SUM(E18:E21) -> 9 | V12: =SUM(F18:F21) -> 21 | W12: =SUM(G18:G21) -> 0 | X12: =SUM(H18:H21) -> 0 | Y12: =SUM(I18:I21) -> 7 | Z12: =SUM(J18:J21) -> 0 | ... AF12: =SUM(P18:P21) -> 439
B13: 07.45 - 08.00 | C13: 4 | D13: 1 | E13: 0 | F13: 6 | G13: 0 | H13: 0 | I13: 2 | J13: 1 | K13: 0 | L13: 0 | M13: 89 | N13: 0 | O13: =SUM(C13:L13,N13) -> 14 | P13: =SUM(C13:N13) -> 103 | R13: 1000-1100 | S13: =SUM(C22:C25) -> 37 | T13: =SUM(D22:D25) -> 6 | U13: =SUM(E22:E25) -> 10 | V13: =SUM(F22:F25) -> 26 | W13: =SUM(G22:G25) -> 0 | X13: =SUM(H22:H25) -> 0 | Y13: =SUM(I22:I25) -> 16 | Z13: =SUM(J22:J25) -> 1 | ... AF13: =SUM(P22:P25) -> 495
B14: 08.00 - 08.15 | C14: 10 | D14: 1 | E14: 4 | F14: 5 | G14: 0 | H14: 0 | I14: 3 | J14: 2 | K14: 1 | L14: 0 | M14: 100 | N14: 0 | O14: =SUM(C14:L14,N14) -> 26 | P14: =SUM(C14:N14) -> 126 | R14: 1100-1200 | S14: =SUM(C26:C29) -> 32 | T14: =SUM(D26:D29) -> 10 | U14: =SUM(E26:E29) -> 9 | V14: =SUM(F26:F29) -> 22 | W14: =SUM(G26:G29) -> 0 | X14: =SUM(H26:H29) -> 0 | Y14: =SUM(I26:I29) -> 11 | Z14: =SUM(J26:J29) -> 2 | ... AF14: =SUM(P26:P29) -> 483
B15: 08.15 - 08.30 | C15: 7 | D15: 2 | E15: 2 | F15: 5 | G15: 0 | H15: 0 | I15: 2 | J15: 3 | K15: 0 | L15: 0 | M15: 80 | N15: 0 | O15: =SUM(C15:L15,N15) -> 21 | P15: =SUM(C15:N15) -> 101 | R15: 1200-1300 | S15: =SUM(C30:C33) -> 30 | T15: =SUM(D30:D33) -> 4 | U15: =SUM(E30:E33) -> 6 | V15: =SUM(F30:F33) -> 14 | W15: =SUM(G30:G33) -> 0 | X15: =SUM(H30:H33) -> 1 | Y15: =SUM(I30:I33) -> 11 | Z15: =SUM(J30:J33) -> 3 | ... AF15: =SUM(P30:P33) -> 281
B16: 08.30 - 08.45 | C16: 6 | D16: 0 | E16: 2 | F16: 6 | G16: 0 | H16: 0 | I16: 4 | J16: 0 | K16: 0 | L16: 1 | M16: 93 | N16: 0 | O16: =SUM(C16:L16,N16) -> 19 | P16: =SUM(C16:N16) -> 112 | R16: 1300-1400 | S16: =SUM(C34:C37) -> 55 | T16: =SUM(D34:D37) -> 9 | U16: =SUM(E34:E37) -> 16 | V16: =SUM(F34:F37) -> 26 | W16: =SUM(G34:G37) -> 0 | X16: =SUM(H34:H37) -> 1 | Y16: =SUM(I34:I37) -> 9 | Z16: =SUM(J34:J37) -> 1 | ... AF16: =SUM(P34:P37) -> 508
B17: 08.45 - 9.00 | C17: 10 | D17: 3 | E17: 3 | F17: 3 | G17: 0 | H17: 0 | I17: 7 | J17: 1 | K17: 0 | L17: 1 | M17: 103 | N17: 0 | O17: =SUM(C17:L17,N17) -> 28 | P17: =SUM(C17:N17) -> 131 | R17: 1400-1500 | S17: =SUM(C38:C41) -> 50 | T17: =SUM(D38:D41) -> 5 | U17: =SUM(E38:E41) -> 15 | V17: =SUM(F38:F41) -> 29 | W17: =SUM(G38:G41) -> 0 | X17: =SUM(H38:H41) -> 2 | Y17: =SUM(I38:I41) -> 13 | Z17: =SUM(J38:J41) -> 2 | ... AF17: =SUM(P38:P41) -> 545
B18: 09.00 - 09.15 | C18: 8 | D18: 4 | E18: 1 | F18: 6 | G18: 0 | H18: 0 | I18: 2 | J18: 0 | K18: 0 | L18: 2 | M18: 75 | N18: 0 | O18: =SUM(C18:L18,N18) -> 23 | P18: =SUM(C18:N18) -> 98 | R18: 1500-1600 | S18: =SUM(C42:C45) -> 48 | T18: =SUM(D42:D45) -> 4 | U18: =SUM(E42:E45) -> 18 | V18: =SUM(F42:F45) -> 26 | W18: =SUM(G42:G45) -> 1 | X18: =SUM(H42:H45) -> 1 | Y18: =SUM(I42:I45) -> 6 | Z18: =SUM(J42:J45) -> 2 | ... AF18: =SUM(P42:P45) -> 581
B19: 09.15 - 09.30 | C19: 10 | D19: 1 | E19: 2 | F19: 6 | G19: 0 | H19: 0 | I19: 3 | J19: 0 | K19: 0 | L19: 1 | M19: 71 | N19: 0 | O19: =SUM(C19:L19,N19) -> 23 | P19: =SUM(C19:N19) -> 94 | R19: 1600-1700 | S19: =SUM(C46:C49) -> 48 | T19: =SUM(D46:D49) -> 5 | U19: =SUM(E46:E49) -> 13 | V19: =SUM(F46:F49) -> 21 | W19: =SUM(G46:G49) -> 0 | X19: =SUM(H46:H49) -> 1 | Y19: =SUM(I46:I49) -> 18 | Z19: =SUM(J46:J49) -> 5 | ... AF19: =SUM(P46:P49) -> 423
B20: 09.30 - 09.45 | C20: 8 | D20: 7 | E20: 2 | F20: 6 | G20: 0 | H20: 0 | I20: 1 | J20: 0 | K20: 1 | L20: 1 | M20: 115 | N20: 0 | O20: =SUM(C20:L20,N20) -> 26 | P20: =SUM(C20:N20) -> 141 | R20: 1700-1800 | S20: =SUM(C50:C53) -> 60 | T20: =SUM(D50:D53) -> 7 | U20: =SUM(E50:E53) -> 13 | V20: =SUM(F50:F53) -> 12 | W20: =SUM(G50:G53) -> 1 | X20: =SUM(H50:H53) -> 2 | Y20: =SUM(I50:I53) -> 13 | Z20: =SUM(J50:J53) -> 0 | ... AF20: =SUM(P50:P53) -> 517
B21: 09.45 - 10.00 | C21: 9 | D21: 3 | E21: 4 | F21: 3 | G21: 0 | H21: 0 | I21: 1 | J21: 0 | K21: 1 | L21: 1 | M21: 84 | N21: 0 | O21: =SUM(C21:L21,N21) -> 22 | P21: =SUM(C21:N21) -> 106 | R21: 1800-1900 | S21: =SUM(C54:C57) -> 59 | T21: =SUM(D54:D57) -> 7 | U21: =SUM(E54:E57) -> 11 | V21: =SUM(F54:F57) -> 11 | W21: =SUM(G54:G57) -> 0 | X21: =SUM(H54:H57) -> 3 | Y21: =SUM(I54:I57) -> 10 | Z21: =SUM(J54:J57) -> 4 | ... AF21: =SUM(P54:P57) -> 427
B22: 10.00 - 10.15 | C22: 8 | D22: 3 | E22: 2 | F22: 3 | G22: 0 | H22: 0 | I22: 4 | J22: 0 | K22: 12 | L22: 2 | M22: 93 | N22: 0 | O22: =SUM(C22:L22,N22) -> 34 | P22: =SUM(C22:N22) -> 127 | R22: AM Peak Hr | S22: =MAX(S10:S12) -> 35 | T22: =MAX(T10:T12) -> 15 | U22: =MAX(U10:U12) -> 11 | V22: =MAX(V10:V12) -> 21 | W22: =MAX(W10:W12) -> 1 | X22: =MAX(X10:X12) -> 0 | Y22: =MAX(Y10:Y12) -> 16 | Z22: =MAX(Z10:Z12) -> 6 | ... AF22: =MAX(AF10:AF12) -> 470
B23: 10.15 - 10.30 | C23: 7 | D23: 0 | E23: 3 | F23: 9 | G23: 0 | H23: 0 | I23: 3 | J23: 0 | K23: 1 | L23: 0 | M23: 85 | N23: 0 | O23: =SUM(C23:L23,N23) -> 23 | P23: =SUM(C23:N23) -> 108 | R23: IP Peak Hr | S23: =MAX(S13:S18) -> 55 | T23: =MAX(T13:T18) -> 10 | U23: =MAX(U13:U18) -> 18 | V23: =MAX(V13:V18) -> 29 | W23: =MAX(W13:W18) -> 1 | X23: =MAX(X13:X18) -> 2 | Y23: =MAX(Y13:Y18) -> 16 | Z23: =MAX(Z13:Z18) -> 3 | ... AF23: =MAX(AF13:AF18) -> 581
B24: 10.30 - 10.45 | C24: 11 | D24: 0 | E24: 2 | F24: 7 | G24: 0 | H24: 0 | I24: 5 | J24: 1 | K24: 0 | L24: 0 | M24: 131 | N24: 0 | O24: =SUM(C24:L24,N24) -> 26 | P24: =SUM(C24:N24) -> 157 | R24: PM Peak Hr | S24: =MAX(S19:S21) -> 60 | T24: =MAX(T19:T21) -> 7 | U24: =MAX(U19:U21) -> 13 | V24: =MAX(V19:V21) -> 21 | W24: =MAX(W19:W21) -> 1 | X24: =MAX(X19:X21) -> 3 | Y24: =MAX(Y19:Y21) -> 18 | Z24: =MAX(Z19:Z21) -> 5 | ... AF24: =MAX(AF19:AF21) -> 517
B25: 10.45 - 11.00 | C25: 11 | D25: 3 | E25: 3 | F25: 7 | G25: 0 | H25: 0 | I25: 4 | J25: 0 | K25: 0 | L25: 1 | M25: 74 | N25: 0 | O25: =SUM(C25:L25,N25) -> 29 | P25: =SUM(C25:N25) -> 103 | R25: AM Period | S25: =SUM(S10:S12) -> 96 | T25: =SUM(T10:T12) -> 23 | U25: =SUM(U10:U12) -> 22 | V25: =SUM(V10:V12) -> 60 | W25: =SUM(W10:W12) -> 1 | X25: =SUM(X10:X12) -> 0 | Y25: =SUM(Y10:Y12) -> 33 | Z25: =SUM(Z10:Z12) -> 12 | ... AF25: =SUM(AF10:AF12) -> 1312
B26: 11.00 - 11.15 | C26: 11 | D26: 3 | E26: 0 | F26: 4 | G26: 0 | H26: 0 | I26: 2 | J26: 1 | K26: 0 | L26: 0 | M26: 100 | N26: 0 | O26: =SUM(C26:L26,N26) -> 21 | P26: =SUM(C26:N26) -> 121 | R26: IP Period | S26: =SUM(S13:S18) -> 252 | T26: =SUM(T13:T18) -> 38 | U26: =SUM(U13:U18) -> 74 | V26: =SUM(V13:V18) -> 143 | W26: =SUM(W13:W18) -> 1 | X26: =SUM(X13:X18) -> 5 | Y26: =SUM(Y13:Y18) -> 66 | Z26: =SUM(Z13:Z18) -> 11 | ... AF26: =SUM(AF13:AF18) -> 2893
B27: 11.15 - 11.30 | C27: 10 | D27: 2 | E27: 4 | F27: 11 | G27: 0 | H27: 0 | I27: 2 | J27: 1 | K27: 0 | L27: 2 | M27: 105 | N27: 0 | O27: =SUM(C27:L27,N27) -> 32 | P27: =SUM(C27:N27) -> 137 | R27: PM Period | S27: =SUM(S19:S21) -> 167 | T27: =SUM(T19:T21) -> 19 | U27: =SUM(U19:U21) -> 37 | V27: =SUM(V19:V21) -> 44 | W27: =SUM(W19:W21) -> 1 | X27: =SUM(X19:X21) -> 6 | Y27: =SUM(Y19:Y21) -> 41 | Z27: =SUM(Z19:Z21) -> 9 | ... AF27: =SUM(AF19:AF21) -> 1367
B28: 11.30 - 11.45 | C28: 4 | D28: 2 | E28: 3 | F28: 3 | G28: 0 | H28: 0 | I28: 1 | J28: 0 | K28: 0 | L28: 2 | M28: 70 | N28: 0 | O28: =SUM(C28:L28,N28) -> 15 | P28: =SUM(C28:N28) -> 85 | R28: 12 Hours | S28: =SUM(S10:S21) -> 515 | T28: =SUM(T10:T21) -> 80 | U28: =SUM(U10:U21) -> 133 | V28: =SUM(V10:V21) -> 247 | W28: =SUM(W10:W21) -> 3 | X28: =SUM(X10:X21) -> 11 | Y28: =SUM(Y10:Y21) -> 140 | Z28: =SUM(Z10:Z21) -> 32 | ... AF28: =SUM(AF10:AF21) -> 5572
B29: 11.45 - 12.00 | C29: 7 | D29: 3 | E29: 2 | F29: 4 | G29: 0 | H29: 0 | I29: 6 | J29: 0 | K29: 0 | L29: 4 | M29: 114 | N29: 0 | O29: =SUM(C29:L29,N29) -> 26 | P29: =SUM(C29:N29) -> 140
B30: 12.00 - 12.15 | C30: 6 | D30: 0 | E30: 2 | F30: 1 | G30: 0 | H30: 0 | I30: 5 | J30: 1 | K30: 0 | L30: 1 | M30: 54 | N30: 0 | O30: =SUM(C30:L30,N30) -> 16 | P30: =SUM(C30:N30) -> 70
B31: 12.15 - 12.30 | C31: 7 | D31: 2 | E31: 2 | F31: 4 | G31: 0 | H31: 0 | I31: 1 | J31: 1 | K31: 0 | L31: 0 | M31: 45 | N31: 0 | O31: =SUM(C31:L31,N31) -> 17 | P31: =SUM(C31:N31) -> 62
B32: 12.30 - 12.45 | C32: 10 | D32: 1 | E32: 1 | F32: 4 | G32: 0 | H32: 0 | I32: 4 | J32: 0 | K32: 0 | L32: 1 | M32: 71 | N32: 0 | O32: =SUM(C32:L32,N32) -> 21 | P32: =SUM(C32:N32) -> 92
B33: 12.45 - 13.00 | C33: 7 | D33: 1 | E33: 1 | F33: 5 | G33: 0 | H33: 1 | I33: 1 | J33: 1 | K33: 0 | L33: 0 | M33: 40 | N33: 0 | O33: =SUM(C33:L33,N33) -> 17 | P33: =SUM(C33:N33) -> 57
B34: 13.00 - 13.15 | C34: 9 | D34: 3 | E34: 4 | F34: 8 | G34: 0 | H34: 0 | I34: 1 | J34: 0 | K34: 2 | L34: 0 | M34: 80 | N34: 0 | O34: =SUM(C34:L34,N34) -> 27 | P34: =SUM(C34:N34) -> 107
B35: 13.15 - 13.30 | C35: 19 | D35: 1 | E35: 7 | F35: 9 | G35: 0 | H35: 0 | I35: 3 | J35: 0 | K35: 0 | L35: 1 | M35: 108 | N35: 0 | O35: =SUM(C35:L35,N35) -> 40 | P35: =SUM(C35:N35) -> 148
B36: 13.30 - 13.45 | C36: 11 | D36: 1 | E36: 3 | F36: 1 | G36: 0 | H36: 1 | I36: 3 | J36: 1 | K36: 0 | L36: 1 | M36: 107 | N36: 0 | O36: =SUM(C36:L36,N36) -> 22 | P36: =SUM(C36:N36) -> 129
B37: 13.45 - 14.00 | C37: 16 | D37: 4 | E37: 2 | F37: 8 | G37: 0 | H37: 0 | I37: 2 | J37: 0 | K37: 0 | L37: 0 | M37: 92 | N37: 0 | O37: =SUM(C37:L37,N37) -> 32 | P37: =SUM(C37:N37) -> 124
B38: 14.00 - 14.15 | C38: 16 | D38: 0 | E38: 4 | F38: 5 | G38: 0 | H38: 0 | I38: 3 | J38: 2 | K38: 0 | L38: 0 | M38: 122 | N38: 0 | O38: =SUM(C38:L38,N38) -> 30 | P38: =SUM(C38:N38) -> 152
B39: 14.15 - 14.30 | C39: 11 | D39: 1 | E39: 3 | F39: 5 | G39: 0 | H39: 0 | I39: 3 | J39: 0 | K39: 0 | L39: 1 | M39: 119 | N39: 0 | O39: =SUM(C39:L39,N39) -> 24 | P39: =SUM(C39:N39) -> 143
B40: 14.30 - 14.45 | C40: 12 | D40: 3 | E40: 4 | F40: 10 | G40: 0 | H40: 2 | I40: 3 | J40: 0 | K40: 0 | L40: 2 | M40: 85 | N40: 0 | O40: =SUM(C40:L40,N40) -> 36 | P40: =SUM(C40:N40) -> 121
... B57: 18.45 - 19.00 | C57: 16 | D57: 1 | E57: 2 | F57: 2 | G57: 0 | H57: 1 | I57: 4 | J57: 0 | K57: 0 | L57: 2 | M57: 2 | N57: 0 | O57: =SUM(C57:L57,N57) -> 28 | P57: =SUM(C57:N57) -> 30
B58: Totals | C58: =SUM(C10:C57) -> 515 | D58: =SUM(D10:D57) -> 80 | E58: =SUM(E10:E57) -> 133 | F58: =SUM(F10:F57) -> 247 | G58: =SUM(G10:G57) -> 3 | H58: =SUM(H10:H57) -> 11 | I58: =SUM(I10:I57) -> 140 | J58: =SUM(J10:J57) -> 32 | ... P58: =SUM(P10:P57) -> 5572
B59: %ges + MCs | C59: =C58/$P$58 -> 0.092426418 | D59: =D58/$P$58 -> 0.014357502 | E59: =E58/$P$58 -> 0.023869347 | F59: =F58/$P$58 -> 0.044328787 | G59: =G58/$P$58 -> 0.00053840632 | H59: =H58/$P$58 -> 0.0019741565 | I59: =I58/$P$58 -> 0.025125628 | J59: =J58/$P$58 -> 0.0057430007 | ... N59: =N58/$P$58 -> 0
B60: %ges w/o MCs | C60: =C58/$O$58 -> 0.42040816 | D60: =D58/$O$58 -> 0.065306122 | E60: =E58/$O$58 -> 0.10857143 | F60: =F58/$O$58 -> 0.20163265 | G60: =G58/$O$58 -> 0.0024489796 | H60: =H58/$O$58 -> 0.0089795918 | I60: =I58/$O$58 -> 0.11428571 | J60: =J58/$O$58 -> 0.026122449 | ... L60: =L58/$O$58 -> 0.033469388 | N60: =N58/$O$58 -> 0

Sheet 28.10 Kasese-Fort Portal-24h
B1: Consultancy services for Preparation of Expressway Development Master Plan (EDMP) for Uganda
B2: MANUAL CLASSIFIED COUNT (MCC)
B3: ROAD NAME: | C3: ='25.10 Kasese-Fort Portal'!C3:G3 -> MCC - C4 - STN106
C5: Date | D5: 28.10.19 | F5: Location | G5: ='26.10 Fort Portal-Kasese-24h'!G5:H5 -> Kisanga B | J5: Surveyor | K5: ='26.10 Fort Portal-Kasese-24h'!K5:L5 -> Onyuti Betty
C6: Dir. From | D6: ='25.10 Kasese-Fort Portal'!D6:E6 -> Kasese | F6: Dir. To | G6: ='25.10 Kasese-Fort Portal'!G6:H6 -> Fort Portal | J6: Supervisor | K6: ='26.10 Fort Portal-Kasese-24h'!K6:L6 -> Onyuti Betty
B8: Time / Veh Type | R8: SUMMARY TRAFFIC VOLUMES
C9: 1. Car | D9: 2. Station Wagon | E9: 3. Pickups | F9: 4. Minibus, matatu | G9: 5. Medium bus | H9: 6. Large Bus | I9: 7. Light Truck | J9: 8. Medium Truck | K9: 9. Heavy truck | L9: 10. Truck Trailer | M9: 11. Motor cycles | N9: 12. Tractors | O9: Total Excl M/Cycles | P9: Total All | R9: Time | S9: 1. Car | T9: 2. Station Wagon | U9: 3. Pickups | V9: 4. Minibus, matatu | W9: 5. Medium bus | X9: 6. Large Bus | Y9: 7. Light Truck | Z9: 8. Medium Truck | AA9: 9. Heavy truck | AB9: 10. Truck Trailer | AC9: 11. Motorcycles | AD9: 12. Tractors, Graders | AE9: Total Excl M/ Cycles | AF9: Total All
B10: 07.00 - 07.15 | C10: 2 | D10: 0 | E10: 3 | F10: 3 | G10: 0 | H10: 0 | I10: 1 | J10: 0 | K10: 0 | L10: 0 | M10: 125 | N10: 0 | O10: =SUM(C10:L10,N10) -> 9 | P10: =SUM(C10:N10) -> 134 | R10: 0700-0800 | S10: =SUM(C10:C13) -> 29 | T10: =SUM(D10:D13) -> 1 | U10: =SUM(E10:E13) -> 10 | V10: =SUM(F10:F13) -> 18 | W10: =SUM(G10:G13) -> 0 | X10: =SUM(H10:H13) -> 1 | Y10: =SUM(I10:I13) -> 10 | Z10: =SUM(J10:J13) -> 0 | ... AF10: =SUM(P10:P13) -> 682
B11: 07.15 - 07.30 | C11: 7 | D11: 0 | E11: 3 | F11: 5 | G11: 0 | H11: 0 | I11: 3 | J11: 0 | K11: 0 | L11: 0 | M11: 130 | N11: 0 | O11: =SUM(C11:L11,N11) -> 18 | P11: =SUM(C11:N11) -> 148 | R11: 0800-0900 | S11: =SUM(C14:C17) -> 32 | T11: =SUM(D14:D17) -> 16 | U11: =SUM(E14:E17) -> 7 | V11: =SUM(F14:F17) -> 16 | W11: =SUM(G14:G17) -> 0 | X11: =SUM(H14:H17) -> 2 | Y11: =SUM(I14:I17) -> 12 | Z11: =SUM(J14:J17) -> 2 | ... AF11: =SUM(P14:P17) -> 741
B12: 07.30 - 07.45 | C12: 15 | D12: 0 | E12: 2 | F12: 9 | G12: 0 | H12: 1 | I12: 4 | J12: 0 | K12: 1 | L12: 2 | M12: 210 | N12: 0 | O12: =SUM(C12:L12,N12) -> 34 | P12: =SUM(C12:N12) -> 244 | R12: 0900-1000 | S12: =SUM(C18:C21) -> 38 | T12: =SUM(D18:D21) -> 21 | U12: =SUM(E18:E21) -> 15 | V12: =SUM(F18:F21) -> 21 | W12: =SUM(G18:G21) -> 0 | X12: =SUM(H18:H21) -> 1 | Y12: =SUM(I18:I21) -> 21 | Z12: =SUM(J18:J21) -> 2 | ... AF12: =SUM(P18:P21) -> 614
B13: 07.45 - 08.00 | C13: 5 | D13: 1 | E13: 2 | F13: 1 | G13: 0 | H13: 0 | I13: 2 | J13: 0 | K13: 0 | L13: 0 | M13: 145 | N13: 0 | O13: =SUM(C13:L13,N13) -> 11 | P13: =SUM(C13:N13) -> 156 | R13: 1000-1100 | S13: =SUM(C22:C25) -> 22 | T13: =SUM(D22:D25) -> 11 | U13: =SUM(E22:E25) -> 15 | V13: =SUM(F22:F25) -> 12 | W13: =SUM(G22:G25) -> 0 | X13: =SUM(H22:H25) -> 2 | Y13: =SUM(I22:I25) -> 18 | Z13: =SUM(J22:J25) -> 0 | ... AF13: =SUM(P22:P25) -> 574
B14: 08.00 - 08.15 | C14: 2 | D14: 4 | E14: 1 | F14: 3 | G14: 0 | H14: 1 | I14: 2 | J14: 1 | K14: 0 | L14: 0 | M14: 135 | N14: 0 | O14: =SUM(C14:L14,N14) -> 14 | P14: =SUM(C14:N14) -> 149 | R14: 1100-1200 | S14: =SUM(C26:C29) -> 27 | T14: =SUM(D26:D29) -> 11 | U14: =SUM(E26:E29) -> 10 | V14: =SUM(F26:F29) -> 9 | W14: =SUM(G26:G29) -> 1 | X14: =SUM(H26:H29) -> 2 | Y14: =SUM(I26:I29) -> 18 | Z14: =SUM(J26:J29) -> 4 | ... AF14: =SUM(P26:P29) -> 557
B15: 08.15 - 08.30 | C15: 9 | D15: 6 | E15: 0 | F15: 2 | G15: 0 | H15: 0 | I15: 4 | J15: 0 | K15: 0 | L15: 0 | M15: 210 | N15: 0 | O15: =SUM(C15:L15,N15) -> 21 | P15: =SUM(C15:N15) -> 231 | R15: 1200-1300 | S15: =SUM(C30:C33) -> 18 | T15: =SUM(D30:D33) -> 7 | U15: =SUM(E30:E33) -> 11 | V15: =SUM(F30:F33) -> 10 | W15: =SUM(G30:G33) -> 0 | X15: =SUM(H30:H33) -> 1 | Y15: =SUM(I30:I33) -> 4 | Z15: =SUM(J30:J33) -> 4 | ... AF15: =SUM(P30:P33) -> 590
B16: 08.30 - 08.45 | C16: 9 | D16: 3 | E16: 3 | F16: 6 | G16: 0 | H16: 0 | I16: 5 | J16: 1 | K16: 0 | L16: 1 | M16: 176 | N16: 0 | O16: =SUM(C16:L16,N16) -> 28 | P16: =SUM(C16:N16) -> 204 | R16: 1300-1400 | S16: =SUM(C34:C37) -> 28 | T16: =SUM(D34:D37) -> 10 | U16: =SUM(E34:E37) -> 10 | V16: =SUM(F34:F37) -> 10 | W16: =SUM(G34:G37) -> 0 | X16: =SUM(H34:H37) -> 2 | Y16: =SUM(I34:I37) -> 16 | Z16: =SUM(J34:J37) -> 1 | ... AF16: =SUM(P34:P37) -> 540
B17: 08.45 - 9.00 | C17: 12 | D17: 3 | E17: 3 | F17: 5 | G17: 0 | H17: 1 | I17: 1 | J17: 0 | K17: 1 | L17: 1 | M17: 130 | N17: 0 | O17: =SUM(C17:L17,N17) -> 27 | P17: =SUM(C17:N17) -> 157 | R17: 1400-1500 | S17: =SUM(C38:C41) -> 13 | T17: =SUM(D38:D41) -> 5 | U17: =SUM(E38:E41) -> 13 | V17: =SUM(F38:F41) -> 5 | W17: =SUM(G38:G41) -> 0 | X17: =SUM(H38:H41) -> 1 | Y17: =SUM(I38:I41) -> 18 | Z17: =SUM(J38:J41) -> 0 | ... AF17: =SUM(P38:P41) -> 447
B18: 09.00 - 09.15 | C18: 9 | D18: 5 | E18: 2 | F18: 5 | G18: 0 | H18: 0 | I18: 5 | J18: 1 | K18: 2 | L18: 0 | M18: 140 | N18: 0 | O18: =SUM(C18:L18,N18) -> 29 | P18: =SUM(C18:N18) -> 169 | R18: 1500-1600 | S18: =SUM(C42:C45) -> 18 | T18: =SUM(D42:D45) -> 10 | U18: =SUM(E42:E45) -> 7 | V18: =SUM(F42:F45) -> 14 | W18: =SUM(G42:G45) -> 0 | X18: =SUM(H42:H45) -> 1 | Y18: =SUM(I42:I45) -> 13 | Z18: =SUM(J42:J45) -> 0 | ... AF18: =SUM(P42:P45) -> 508
B19: 09.15 - 09.30 | C19: 6 | D19: 2 | E19: 3 | F19: 5 | G19: 0 | H19: 1 | I19: 5 | J19: 1 | K19: 0 | L19: 0 | M19: 125 | N19: 0 | O19: =SUM(C19:L19,N19) -> 23 | P19: =SUM(C19:N19) -> 148 | R19: 1600-1700 | S19: =SUM(C46:C49) -> 13 | T19: =SUM(D46:D49) -> 6 | U19: =SUM(E46:E49) -> 11 | V19: =SUM(F46:F49) -> 17 | W19: =SUM(G46:G49) -> 0 | X19: =SUM(H46:H49) -> 1 | Y19: =SUM(I46:I49) -> 13 | Z19: =SUM(J46:J49) -> 2 | ... AF19: =SUM(P46:P49) -> 562
B20: 09.30 - 09.45 | C20: 12 | D20: 5 | E20: 4 | F20: 9 | G20: 0 | H20: 0 | I20: 4 | J20: 0 | K20: 0 | L20: 0 | M20: 135 | N20: 0 | O20: =SUM(C20:L20,N20) -> 34 | P20: =SUM(C20:N20) -> 169 | R20: 1700-1800 | S20: =SUM(C50:C53) -> 17 | T20: =SUM(D50:D53) -> 3 | U20: =SUM(E50:E53) -> 11 | V20: =SUM(F50:F53) -> 18 | W20: =SUM(G50:G53) -> 1 | X20: =SUM(H50:H53) -> 0 | Y20: =SUM(I50:I53) -> 15 | Z20: =SUM(J50:J53) -> 0 | ... AF20: =SUM(P50:P53) -> 545
B21: 09.45 - 10.00 | C21: 11 | D21: 9 | E21: 6 | F21: 2 | G21: 0 | H21: 0 | I21: 7 | J21: 0 | K21: 0 | L21: 0 | M21: 93 | N21: 0 | O21: =SUM(C21:L21,N21) -> 35 | P21: =SUM(C21:N21) -> 128 | R21: 1800-1900 | S21: =SUM(C54:C57) -> 20 | T21: =SUM(D54:D57) -> 5 | U21: =SUM(E54:E57) -> 8 | V21: =SUM(F54:F57) -> 17 | W21: =SUM(G54:G57) -> 1 | X21: =SUM(H54:H57) -> 1 | Y21: =SUM(I54:I57) -> 17 | Z21: =SUM(J54:J57) -> 2 | ... AF21: =SUM(P54:P57) -> 524
B22: 10.00 - 10.15 | C22: 7 | D22: 4 | E22: 3 | F22: 3 | G22: 0 | H22: 1 | I22: 6 | J22: 0 | K22: 0 | L22: 0 | M22: 106 | N22: 0 | O22: =SUM(C22:L22,N22) -> 24 | P22: =SUM(C22:N22) -> 130 | R22: 1900-2000 | S22: =SUM(C58:C61) -> 27 | T22: =SUM(D58:D61) -> 8 | U22: =SUM(E58:E61) -> 7 | V22: =SUM(F58:F61) -> 14 | W22: =SUM(G58:G61) -> 0 | X22: =SUM(H58:H61) -> 0 | Y22: =SUM(I58:I61) -> 9 | Z22: =SUM(J58:J61) -> 0 | ... AF22: =SUM(P58:P61) -> 446
B23: 10.15 - 10.30 | C23: 9 | D23: 4 | E23: 3 | F23: 4 | G23: 0 | H23: 1 | I23: 4 | J23: 0 | K23: 0 | L23: 1 | M23: 140 | N23: 0 | O23: =SUM(C23:L23,N23) -> 26 | P23: =SUM(C23:N23) -> 166 | R23: 2000-2100 | S23: =SUM(C62:C65) -> 35 | T23: =SUM(D62:D65) -> 7 | U23: =SUM(E62:E65) -> 6 | V23: =SUM(F62:F65) -> 10 | W23: =SUM(G62:G65) -> 1 | X23: =SUM(H62:H65) -> 3 | Y23: =SUM(I62:I65) -> 9 | Z23: =SUM(J62:J65) -> 0 | ... AF23: =SUM(P62:P65) -> 381
B24: 10.30 - 10.45 | C24: 5 | D24: 2 | E24: 5 | F24: 2 | G24: 0 | H24: 0 | I24: 4 | J24: 0 | K24: 0 | L24: 0 | M24: 131 | N24: 0 | O24: =SUM(C24:L24,N24) -> 18 | P24: =SUM(C24:N24) -> 149 | R24: 2100-2200 | S24: =SUM(C66:C69) -> 39 | T24: =SUM(D66:D69) -> 8 | U24: =SUM(E66:E69) -> 6 | V24: =SUM(F66:F69) -> 12 | W24: =SUM(G66:G69) -> 1 | X24: =SUM(H66:H69) -> 2 | Y24: =SUM(I66:I69) -> 4 | Z24: =SUM(J66:J69) -> 2 | ... AF24: =SUM(P66:P69) -> 411
B25: 10.45 - 11.00 | C25: 1 | D25: 1 | E25: 4 | F25: 3 | G25: 0 | H25: 0 | I25: 4 | J25: 0 | K25: 0 | L25: 1 | M25: 115 | N25: 0 | O25: =SUM(C25:L25,N25) -> 14 | P25: =SUM(C25:N25) -> 129 | R25: 2200-2300 | S25: =SUM(C70:C73) -> 15 | T25: =SUM(D70:D73) -> 3 | U25: =SUM(E70:E73) -> 2 | V25: =SUM(F70:F73) -> 3 | W25: =SUM(G70:G73) -> 0 | X25: =SUM(H70:H73) -> 3 | Y25: =SUM(I70:I73) -> 4 | Z25: =SUM(J70:J73) -> 2 | ... AF25: =SUM(P70:P73) -> 113
B26: 11.00 - 11.15 | C26: 5 | D26: 2 | E26: 3 | F26: 4 | G26: 0 | H26: 1 | I26: 5 | J26: 3 | K26: 2 | L26: 0 | M26: 125 | N26: 0 | O26: =SUM(C26:L26,N26) -> 25 | P26: =SUM(C26:N26) -> 150 | R26: 2300-0000 | S26: =SUM(C74:C77) -> 6 | T26: =SUM(D74:D77) -> 1 | U26: =SUM(E74:E77) -> 0 | V26: =SUM(F74:F77) -> 1 | W26: =SUM(G74:G77) -> 0 | X26: =SUM(H74:H77) -> 1 | Y26: =SUM(I74:I77) -> 0 | Z26: =SUM(J74:J77) -> 1 | ... AF26: =SUM(P74:P77) -> 49
B27: 11.15 - 11.30 | C27: 11 | D27: 2 | E27: 2 | F27: 2 | G27: 0 | H27: 0 | I27: 5 | J27: 0 | K27: 1 | L27: 0 | M27: 110 | N27: 0 | O27: =SUM(C27:L27,N27) -> 23 | P27: =SUM(C27:N27) -> 133 | R27: 0000-0100 | S27: =SUM(C78:C81) -> 1 | T27: =SUM(D78:D81) -> 0 | U27: =SUM(E78:E81) -> 0 | V27: =SUM(F78:F81) -> 1 | W27: =SUM(G78:G81) -> 0 | X27: =SUM(H78:H81) -> 2 | Y27: =SUM(I78:I81) -> 1 | Z27: =SUM(J78:J81) -> 0 | ... AF27: =SUM(P78:P81) -> 37
B28: 11.30 - 11.45 | C28: 5 | D28: 6 | E28: 1 | F28: 2 | G28: 0 | H28: 0 | I28: 3 | J28: 0 | K28: 1 | L28: 0 | M28: 125 | N28: 0 | O28: =SUM(C28:L28,N28) -> 18 | P28: =SUM(C28:N28) -> 143 | R28: 0100-0200 | S28: =SUM(C82:C85) -> 1 | T28: =SUM(D82:D85) -> 0 | U28: =SUM(E82:E85) -> 0 | V28: =SUM(F82:F85) -> 0 | W28: =SUM(G82:G85) -> 0 | X28: =SUM(H82:H85) -> 0 | Y28: =SUM(I82:I85) -> 0 | Z28: =SUM(J82:J85) -> 0 | ... AF28: =SUM(P82:P85) -> 7
B29: 11.45 - 12.00 | C29: 6 | D29: 1 | E29: 4 | F29: 1 | G29: 1 | H29: 1 | I29: 5 | J29: 1 | K29: 1 | L29: 0 | M29: 110 | N29: 0 | O29: =SUM(C29:L29,N29) -> 21 | P29: =SUM(C29:N29) -> 131 | R29: 0200-0300 | S29: =SUM(C86:C89) -> 1 | T29: =SUM(D86:D89) -> 0 | U29: =SUM(E86:E89) -> 0 | V29: =SUM(F86:F89) -> 0 | W29: =SUM(G86:G89) -> 0 | X29: =SUM(H86:H89) -> 0 | Y29: =SUM(I86:I89) -> 0 | Z29: =SUM(J86:J89) -> 0 | ... AF29: =SUM(P86:P89) -> 18
B30: 12.00 - 12.15 | C30: 8 | D30: 1 | E30: 1 | F30: 2 | G30: 0 | H30: 0 | I30: 1 | J30: 2 | K30: 1 | L30: 2 | M30: 128 | N30: 0 | O30: =SUM(C30:L30,N30) -> 18 | P30: =SUM(C30:N30) -> 146 | R30: 0300-0400 | S30: =SUM(C90:C93) -> 1 | T30: =SUM(D90:D93) -> 0 | U30: =SUM(E90:E93) -> 1 | V30: =SUM(F90:F93) -> 0 | W30: =SUM(G90:G93) -> 0 | X30: =SUM(H90:H93) -> 1 | Y30: =SUM(I90:I93) -> 0 | Z30: =SUM(J90:J93) -> 0 | ... AF30: =SUM(P90:P93) -> 18
B31: 12.15 - 12.30 | C31: 5 | D31: 4 | E31: 5 | F31: 2 | G31: 0 | H31: 0 | I31: 0 | J31: 0 | K31: 0 | L31: 1 | M31: 125 | N31: 0 | O31: =SUM(C31:L31,N31) -> 17 | P31: =SUM(C31:N31) -> 142 | R31: 0400-0500 | S31: =SUM(C94:C97) -> 2 | T31: =SUM(D94:D97) -> 0 | U31: =SUM(E94:E97) -> 1 | V31: =SUM(F94:F97) -> 2 | W31: =SUM(G94:G97) -> 0 | X31: =SUM(H94:H97) -> 0 | Y31: =SUM(I94:I97) -> 0 | Z31: =SUM(J94:J97) -> 1 | ... AF31: =SUM(P94:P97) -> 16
B32: 12.30 - 12.45 | C32: 2 | D32: 0 | E32: 2 | F32: 2 | G32: 0 | H32: 0 | I32: 3 | J32: 1 | K32: 0 | L32: 1 | M32: 126 | N32: 0 | O32: =SUM(C32:L32,N32) -> 11 | P32: =SUM(C32:N32) -> 137 | R32: 0500-0600 | S32: =SUM(C98:C101) -> 3 | T32: =SUM(D98:D101) -> 0 | U32: =SUM(E98:E101) -> 1 | V32: =SUM(F98:F101) -> 10 | W32: =SUM(G98:G101) -> 1 | X32: =SUM(H98:H101) -> 1 | Y32: =SUM(I98:I101) -> 3 | Z32: =SUM(J98:J101) -> 1 | ... AF32: =SUM(P98:P101) -> 43
B33: 12.45 - 13.00 | C33: 3 | D33: 2 | E33: 3 | F33: 4 | G33: 0 | H33: 1 | I33: 0 | J33: 1 | K33: 0 | L33: 1 | M33: 150 | N33: 0 | O33: =SUM(C33:L33,N33) -> 15 | P33: =SUM(C33:N33) -> 165 | R33: 0600-0700 | S33: =SUM(C102:C105) -> 8 | T33: =SUM(D102:D105) -> 5 | U33: =SUM(E102:E105) -> 0 | V33: =SUM(F102:F105) -> 10 | W33: =SUM(G102:G105) -> 0 | X33: =SUM(H102:H105) -> 1 | Y33: =SUM(I102:I105) -> 10 | Z33: =SUM(J102:J105) -> 1 | ... AF33: =SUM(P102:P105) -> 162
B34: 13.00 - 13.15 | C34: 5 | D34: 1 | E34: 3 | F34: 2 | G34: 0 | H34: 0 | I34: 0 | J34: 1 | K34: 0 | L34: 0 | M34: 131 | N34: 0 | O34: =SUM(C34:L34,N34) -> 12 | P34: =SUM(C34:N34) -> 143 | R34: AM Peak Hr | S34: =MAX(S10:S12) -> 38 | T34: =MAX(T10:T12) -> 21 | U34: =MAX(U10:U12) -> 15 | V34: =MAX(V10:V12) -> 21 | W34: =MAX(W10:W12) -> 0 | X34: =MAX(X10:X12) -> 2 | Y34: =MAX(Y10:Y12) -> 21 | Z34: =MAX(Z10:Z12) -> 2 | ... AF34: =MAX(AF10:AF12) -> 741
B35: 13.15 - 13.30 | C35: 10 | D35: 4 | E35: 3 | F35: 3 | G35: 0 | H35: 1 | I35: 4 | J35: 0 | K35: 0 | L35: 0 | M35: 115 | N35: 0 | O35: =SUM(C35:L35,N35) -> 25 | P35: =SUM(C35:N35) -> 140 | R35: IP Peak Hr | S35: =MAX(S13:S18) -> 28 | T35: =MAX(T13:T18) -> 11 | U35: =MAX(U13:U18) -> 15 | V35: =MAX(V13:V18) -> 14 | W35: =MAX(W13:W18) -> 1 | X35: =MAX(X13:X18) -> 2 | Y35: =MAX(Y13:Y18) -> 18 | Z35: =MAX(Z13:Z18) -> 4 | ... AF35: =MAX(AF13:AF18) -> 590
B36: 13.30 - 13.45 | C36: 5 | D36: 2 | E36: 1 | F36: 2 | G36: 0 | H36: 1 | I36: 5 | J36: 0 | K36: 0 | L36: 2 | M36: 100 | N36: 0 | O36: =SUM(C36:L36,N36) -> 18 | P36: =SUM(C36:N36) -> 118 | R36: PM Peak Hr | S36: =MAX(S19:S21) -> 20 | T36: =MAX(T19:T21) -> 6 | U36: =MAX(U19:U21) -> 11 | V36: =MAX(V19:V21) -> 18 | W36: =MAX(W19:W21) -> 1 | X36: =MAX(X19:X21) -> 1 | Y36: =MAX(Y19:Y21) -> 17 | Z36: =MAX(Z19:Z21) -> 2 | ... AF36: =MAX(AF19:AF21) -> 562
B37: 13.45 - 14.00 | C37: 8 | D37: 3 | E37: 3 | F37: 3 | G37: 0 | H37: 0 | I37: 7 | J37: 0 | K37: 0 | L37: 0 | M37: 115 | N37: 0 | O37: =SUM(C37:L37,N37) -> 24 | P37: =SUM(C37:N37) -> 139 | R37: AM Period | S37: =SUM(S10:S12) -> 99 | T37: =SUM(T10:T12) -> 38 | U37: =SUM(U10:U12) -> 32 | V37: =SUM(V10:V12) -> 55 | W37: =SUM(W10:W12) -> 0 | X37: =SUM(X10:X12) -> 4 | Y37: =SUM(Y10:Y12) -> 43 | Z37: =SUM(Z10:Z12) -> 4 | ... AF37: =SUM(AF10:AF12) -> 2037
B38: 14.00 - 14.15 | C38: 6 | D38: 1 | E38: 3 | F38: 2 | G38: 0 | H38: 1 | I38: 5 | J38: 0 | K38: 0 | L38: 2 | M38: 92 | N38: 0 | O38: =SUM(C38:L38,N38) -> 20 | P38: =SUM(C38:N38) -> 112 | R38: IP Period | S38: =SUM(S13:S18) -> 126 | T38: =SUM(T13:T18) -> 54 | U38: =SUM(U13:U18) -> 66 | V38: =SUM(V13:V18) -> 60 | W38: =SUM(W13:W18) -> 1 | X38: =SUM(X13:X18) -> 9 | Y38: =SUM(Y13:Y18) -> 87 | Z38: =SUM(Z13:Z18) -> 9 | ... AF38: =SUM(AF13:AF18) -> 3216
B39: 14.15 - 14.30 | C39: 5 | D39: 1 | E39: 2 | F39: 2 | G39: 0 | H39: 0 | I39: 5 | J39: 0 | K39: 2 | L39: 0 | M39: 100 | N39: 0 | O39: =SUM(C39:L39,N39) -> 17 | P39: =SUM(C39:N39) -> 117 | R39: PM Period | S39: =SUM(S19:S21) -> 50 | T39: =SUM(T19:T21) -> 14 | U39: =SUM(U19:U21) -> 30 | V39: =SUM(V19:V21) -> 52 | W39: =SUM(W19:W21) -> 2 | X39: =SUM(X19:X21) -> 2 | Y39: =SUM(Y19:Y21) -> 45 | Z39: =SUM(Z19:Z21) -> 4 | ... AF39: =SUM(AF19:AF21) -> 1631
B40: 14.30 - 14.45 | C40: 1 | D40: 2 | E40: 7 | F40: 0 | G40: 0 | H40: 0 | I40: 3 | J40: 0 | K40: 0 | L40: 2 | M40: 90 | N40: 0 | O40: =SUM(C40:L40,N40) -> 15 | P40: =SUM(C40:N40) -> 105 | R40: 12 Hours | S40: =SUM(S10:S21) -> 275 | T40: =SUM(T10:T21) -> 106 | U40: =SUM(U10:U21) -> 128 | V40: =SUM(V10:V21) -> 167 | W40: =SUM(W10:W21) -> 3 | X40: =SUM(X10:X21) -> 15 | Y40: =SUM(Y10:Y21) -> 175 | Z40: =SUM(Z10:Z21) -> 17 | ... AF40: =SUM(AF10:AF21) -> 6884
B41: 14.45 - 15.00 | C41: 1 | D41: 1 | E41: 1 | F41: 1 | G41: 0 | H41: 0 | I41: 5 | J41: 0 | K41: 2 | L41: 2 | M41: 100 | N41: 0 | O41: =SUM(C41:L41,N41) -> 13 | P41: =SUM(C41:N41) -> 113 | R41: 24 Hrs/ADT | S41: =SUM(S10:S33) -> 414 | T41: =SUM(T10:T33) -> 138 | U41: =SUM(U10:U33) -> 152 | V41: =SUM(V10:V33) -> 230 | W41: =SUM(W10:W33) -> 6 | X41: =SUM(X10:X33) -> 29 | Y41: =SUM(Y10:Y33) -> 215 | Z41: =SUM(Z10:Z33) -> 25 | ... AF41: =SUM(AF10:AF33) -> 8585
B42: 15.00 - 15.15 | C42: 3 | D42: 2 | E42: 2 | F42: 1 | G42: 0 | H42: 1 | I42: 1 | J42: 0 | K42: 0 | L42: 1 | M42: 117 | N42: 0 | O42: =SUM(C42:L42,N42) -> 11 | P42: =SUM(C42:N42) -> 128 | R42: NEF | S42: =S41/S40 -> 1.5054545 | T42: =T41/T40 -> 1.3018868 | U42: =U41/U40 -> 1.1875 | V42: =V41/V40 -> 1.3772455 | W42: =W41/W40 -> 2 | X42: =X41/X40 -> 1.9333333 | Y42: =Y41/Y40 -> 1.2285714 | Z42: =Z41/Z40 -> 1.4705882 | ... AF42: =AF41/AF40 -> 1.2470947
B43: 15.15 - 15.30 | C43: 5 | D43: 1 | E43: 1 | F43: 3 | G43: 0 | H43: 0 | I43: 4 | J43: 0 | K43: 0 | L43: 0 | M43: 100 | N43: 0 | O43: =SUM(C43:L43,N43) -> 14 | P43: =SUM(C43:N43) -> 114
B44: 15.30 - 15.45 | C44: 6 | D44: 6 | E44: 2 | F44: 6 | G44: 0 | H44: 0 | I44: 4 | J44: 0 | K44: 0 | L44: 0 | M44: 120 | N44: 0 | O44: =SUM(C44:L44,N44) -> 24 | P44: =SUM(C44:N44) -> 144
B45: 15.45 - 16.00 | C45: 4 | D45: 1 | E45: 2 | F45: 4 | G45: 0 | H45: 0 | I45: 4 | J45: 0 | K45: 2 | L45: 0 | M45: 105 | N45: 0 | O45: =SUM(C45:L45,N45) -> 17 | P45: =SUM(C45:N45) -> 122
B46: 16.00 - 16.15 | C46: 4 | D46: 1 | E46: 2 | F46: 6 | G46: 0 | H46: 0 | I46: 3 | J46: 0 | K46: 0 | L46: 1 | M46: 130 | N46: 0 | O46: =SUM(C46:L46,N46) -> 17 | P46: =SUM(C46:N46) -> 147
B47: 16.15 -16.30 | C47: 3 | D47: 2 | E47: 3 | F47: 2 | G47: 0 | H47: 0 | I47: 4 | J47: 1 | K47: 0 | L47: 1 | M47: 125 | N47: 0 | O47: =SUM(C47:L47,N47) -> 16 | P47: =SUM(C47:N47) -> 141
B48: 16.30 -16.45 | C48: 1 | D48: 0 | E48: 2 | F48: 5 | G48: 0 | H48: 1 | I48: 4 | J48: 1 | K48: 0 | L48: 1 | M48: 120 | N48: 0 | O48: =SUM(C48:L48,N48) -> 15 | P48: =SUM(C48:N48) -> 135
B49: 16.45 -17.00 | C49: 5 | D49: 3 | E49: 4 | F49: 4 | G49: 0 | H49: 0 | I49: 2 | J49: 0 | K49: 0 | L49: 0 | M49: 121 | N49: 0 | O49: =SUM(C49:L49,N49) -> 18 | P49: =SUM(C49:N49) -> 139
B50: 17.00 -17.15 | C50: 1 | D50: 0 | E50: 2 | F50: 5 | G50: 0 | H50: 0 | I50: 3 | J50: 0 | K50: 2 | L50: 2 | M50: 125 | N50: 0 | O50: =SUM(C50:L50,N50) -> 15 | P50: =SUM(C50:N50) -> 140
B51: 17.15 -17.30 | C51: 6 | D51: 0 | E51: 2 | F51: 4 | G51: 0 | H51: 0 | I51: 4 | J51: 0 | K51: 0 | L51: 1 | M51: 125 | N51: 0 | O51: =SUM(C51:L51,N51) -> 17 | P51: =SUM(C51:N51) -> 142
B52: 17.30 -17.45 | C52: 6 | D52: 2 | E52: 4 | F52: 3 | G52: 1 | H52: 0 | I52: 6 | J52: 0 | K52: 0 | L52: 0 | M52: 120 | N52: 0 | O52: =SUM(C52:L52,N52) -> 22 | P52: =SUM(C52:N52) -> 142
B53: 17.45 -18.00 | C53: 4 | D53: 1 | E53: 3 | F53: 6 | G53: 0 | H53: 0 | I53: 2 | J53: 0 | K53: 0 | L53: 0 | M53: 105 | N53: 0 | O53: =SUM(C53:L53,N53) -> 16 | P53: =SUM(C53:N53) -> 121
B54: 18.00 - 18.15 | C54: 7 | D54: 1 | E54: 4 | F54: 3 | G54: 0 | H54: 0 | I54: 4 | J54: 1 | K54: 0 | L54: 0 | M54: 100 | N54: 0 | O54: =SUM(C54:L54,N54) -> 20 | P54: =SUM(C54:N54) -> 120
... B105: 06.45 - 07.00 | C105: 2 | D105: 2 | E105: 0 | F105: 2 | G105: 0 | H105: 1 | I105: 2 | J105: 1 | K105: 0 | L105: 0 | M105: 45 | N105: 0 | O105: =SUM(C105:L105,N105) -> 10 | P105: =SUM(C105:N105) -> 55
B106: Totals | C106: =SUM(C10:C105) -> 414 | D106: =SUM(D10:D105) -> 138 | E106: =SUM(E10:E105) -> 152 | F106: =SUM(F10:F105) -> 230 | G106: =SUM(G10:G105) -> 6 | H106: =SUM(H10:H105) -> 29 | I106: =SUM(I10:I105) -> 215 | J106: =SUM(J10:J105) -> 25 | ... P106: =SUM(P10:P105) -> 8585
B107: %ges + MCs | C107: =C106/$P$106 -> 0.048223646 | D107: =D106/$P$106 -> 0.016074549 | E107: =E106/$P$106 -> 0.0177053 | F107: =F106/$P$106 -> 0.026790914 | G107: =G106/$P$106 -> 0.00069889342 | H107: =H106/$P$106 -> 0.0033779849 | I107: =I106/$P$106 -> 0.025043681 | J107: =J106/$P$106 -> 0.0029120559 | ... N107: =N106/$P$106 -> 0
B108: %ges w/o MCs | C108: =C106/$O$106 -> 0.32675612 | D108: =D106/$O$106 -> 0.10891871 | E108: =E106/$O$106 -> 0.11996843 | F108: =F106/$O$106 -> 0.18153118 | G108: =G106/$O$106 -> 0.0047355959 | H108: =H106/$O$106 -> 0.022888713 | I108: =I106/$O$106 -> 0.16969219 | J108: =J106/$O$106 -> 0.01973165 | ... L108: =L106/$O$106 -> 0.027624309 | N108: =N106/$O$106 -> 0

Sheet 28.10 Fort Portal-Kasese-24h
B1: Consultancy services for Preparation of Expressway Development Master Plan (EDMP) for Uganda
B2: MANUAL CLASSIFIED COUNT (MCC)
B3: ROAD NAME: | C3: ='25.10 Kasese-Fort Portal'!C3:G3 -> MCC - C4 - STN106
C5: Date | D5: ='28.10 Kasese-Fort Portal-24h'!D5 -> 28.10.19 | F5: Location | G5: ='28.10 Kasese-Fort Portal-24h'!G5:H5 -> Kisanga B | J5: Surveyor | K5: ='28.10 Kasese-Fort Portal-24h'!K5:L5 -> Onyuti Betty
C6: Dir. From | D6: ='25.10 Fort Portal-Kasese'!D6:E6 -> Fort Portal | F6: Dir. To | G6: ='25.10 Fort Portal-Kasese'!G6:H6 -> Kasese | J6: Supervisor | K6: ='28.10 Kasese-Fort Portal-24h'!K6:L6 -> Onyuti Betty
B8: Time / Veh Type | R8: SUMMARY TRAFFIC VOLUMES
C9: 1. Car | D9: 2. Station Wagon | E9: 3. Pickups | F9: 4. Minibus, matatu | G9: 5. Medium bus | H9: 6. Large Bus | I9: 7. Light Truck | J9: 8. Medium Truck | K9: 9. Heavy truck | L9: 10. Truck Trailer | M9: 11. Motor cycles | N9: 12. Tractors | O9: Total Excl M/Cycles | P9: Total All | R9: Time | S9: 1. Car | T9: 2. Station Wagon | U9: 3. Pickups | V9: 4. Minibus, matatu | W9: 5. Medium bus | X9: 6. Large Bus | Y9: 7. Light Truck | Z9: 8. Medium Truck | AA9: 9. Heavy truck | AB9: 10. Truck Trailer | AC9: 11. Motorcycles | AD9: 12. Tractors, Graders | AE9: Total Excl M/ Cycles | AF9: Total All
B10: 07.00 - 07.15 | C10: 10 | D10: 3 | E10: 0 | F10: 3 | G10: 0 | H10: 0 | I10: 3 | J10: 1 | K10: 0 | L10: 0 | M10: 82 | N10: 0 | O10: =SUM(C10:L10,N10) -> 20 | P10: =SUM(C10:N10) -> 102 | R10: 0700-0800 | S10: =SUM(C10:C13) -> 54 | T10: =SUM(D10:D13) -> 9 | U10: =SUM(E10:E13) -> 9 | V10: =SUM(F10:F13) -> 16 | W10: =SUM(G10:G13) -> 2 | X10: =SUM(H10:H13) -> 0 | Y10: =SUM(I10:I13) -> 8 | Z10: =SUM(J10:J13) -> 2 | ... AF10: =SUM(P10:P13) -> 601
B11: 07.15 - 07.30 | C11: 17 | D11: 0 | E11: 0 | F11: 3 | G11: 1 | H11: 0 | I11: 3 | J11: 0 | K11: 0 | L11: 1 | M11: 85 | N11: 0 | O11: =SUM(C11:L11,N11) -> 25 | P11: =SUM(C11:N11) -> 110 | R11: 0800-0900 | S11: =SUM(C14:C17) -> 18 | T11: =SUM(D14:D17) -> 9 | U11: =SUM(E14:E17) -> 9 | V11: =SUM(F14:F17) -> 17 | W11: =SUM(G14:G17) -> 1 | X11: =SUM(H14:H17) -> 0 | Y11: =SUM(I14:I17) -> 12 | Z11: =SUM(J14:J17) -> 1 | ... AF11: =SUM(P14:P17) -> 616
B12: 07.30 - 07.45 | C12: 15 | D12: 3 | E12: 4 | F12: 5 | G12: 1 | H12: 0 | I12: 2 | J12: 1 | K12: 0 | L12: 3 | M12: 175 | N12: 0 | O12: =SUM(C12:L12,N12) -> 34 | P12: =SUM(C12:N12) -> 209 | R12: 0900-1000 | S12: =SUM(C18:C21) -> 11 | T12: =SUM(D18:D21) -> 6 | U12: =SUM(E18:E21) -> 13 | V12: =SUM(F18:F21) -> 13 | W12: =SUM(G18:G21) -> 0 | X12: =SUM(H18:H21) -> 0 | Y12: =SUM(I18:I21) -> 13 | Z12: =SUM(J18:J21) -> 2 | ... AF12: =SUM(P18:P21) -> 460
B13: 07.45 - 08.00 | C13: 12 | D13: 3 | E13: 5 | F13: 5 | G13: 0 | H13: 0 | I13: 0 | J13: 0 | K13: 0 | L13: 0 | M13: 155 | N13: 0 | O13: =SUM(C13:L13,N13) -> 25 | P13: =SUM(C13:N13) -> 180 | R13: 1000-1100 | S13: =SUM(C22:C25) -> 25 | T13: =SUM(D22:D25) -> 7 | U13: =SUM(E22:E25) -> 12 | V13: =SUM(F22:F25) -> 9 | W13: =SUM(G22:G25) -> 0 | X13: =SUM(H22:H25) -> 0 | Y13: =SUM(I22:I25) -> 10 | Z13: =SUM(J22:J25) -> 1 | ... AF13: =SUM(P22:P25) -> 492
B14: 08.00 - 08.15 | C14: 5 | D14: 1 | E14: 1 | F14: 7 | G14: 1 | H14: 0 | I14: 0 | J14: 0 | K14: 0 | L14: 0 | M14: 158 | N14: 0 | O14: =SUM(C14:L14,N14) -> 15 | P14: =SUM(C14:N14) -> 173 | R14: 1100-1200 | S14: =SUM(C26:C29) -> 23 | T14: =SUM(D26:D29) -> 13 | U14: =SUM(E26:E29) -> 16 | V14: =SUM(F26:F29) -> 12 | W14: =SUM(G26:G29) -> 1 | X14: =SUM(H26:H29) -> 1 | Y14: =SUM(I26:I29) -> 10 | Z14: =SUM(J26:J29) -> 2 | ... AF14: =SUM(P26:P29) -> 480
B15: 08.15 - 08.30 | C15: 5 | D15: 3 | E15: 3 | F15: 3 | G15: 0 | H15: 0 | I15: 1 | J15: 0 | K15: 1 | L15: 3 | M15: 145 | N15: 0 | O15: =SUM(C15:L15,N15) -> 19 | P15: =SUM(C15:N15) -> 164 | R15: 1200-1300 | S15: =SUM(C30:C33) -> 27 | T15: =SUM(D30:D33) -> 5 | U15: =SUM(E30:E33) -> 12 | V15: =SUM(F30:F33) -> 11 | W15: =SUM(G30:G33) -> 0 | X15: =SUM(H30:H33) -> 0 | Y15: =SUM(I30:I33) -> 11 | Z15: =SUM(J30:J33) -> 2 | ... AF15: =SUM(P30:P33) -> 444
B16: 08.30 - 08.45 | C16: 3 | D16: 2 | E16: 0 | F16: 4 | G16: 0 | H16: 0 | I16: 4 | J16: 0 | K16: 0 | L16: 2 | M16: 89 | N16: 0 | O16: =SUM(C16:L16,N16) -> 15 | P16: =SUM(C16:N16) -> 104 | R16: 1300-1400 | S16: =SUM(C34:C37) -> 37 | T16: =SUM(D34:D37) -> 10 | U16: =SUM(E34:E37) -> 12 | V16: =SUM(F34:F37) -> 9 | W16: =SUM(G34:G37) -> 0 | X16: =SUM(H34:H37) -> 1 | Y16: =SUM(I34:I37) -> 12 | Z16: =SUM(J34:J37) -> 1 | ... AF16: =SUM(P34:P37) -> 460
B17: 08.45 - 9.00 | C17: 5 | D17: 3 | E17: 5 | F17: 3 | G17: 0 | H17: 0 | I17: 7 | J17: 1 | K17: 0 | L17: 3 | M17: 148 | N17: 0 | O17: =SUM(C17:L17,N17) -> 27 | P17: =SUM(C17:N17) -> 175 | R17: 1400-1500 | S17: =SUM(C38:C41) -> 24 | T17: =SUM(D38:D41) -> 4 | U17: =SUM(E38:E41) -> 13 | V17: =SUM(F38:F41) -> 8 | W17: =SUM(G38:G41) -> 0 | X17: =SUM(H38:H41) -> 1 | Y17: =SUM(I38:I41) -> 9 | Z17: =SUM(J38:J41) -> 2 | ... AF17: =SUM(P38:P41) -> 378
B18: 09.00 - 09.15 | C18: 2 | D18: 0 | E18: 2 | F18: 2 | G18: 0 | H18: 0 | I18: 1 | J18: 1 | K18: 1 | L18: 1 | M18: 82 | N18: 0 | O18: =SUM(C18:L18,N18) -> 10 | P18: =SUM(C18:N18) -> 92 | R18: 1500-1600 | S18: =SUM(C42:C45) -> 30 | T18: =SUM(D42:D45) -> 3 | U18: =SUM(E42:E45) -> 8 | V18: =SUM(F42:F45) -> 8 | W18: =SUM(G42:G45) -> 1 | X18: =SUM(H42:H45) -> 2 | Y18: =SUM(I42:I45) -> 14 | Z18: =SUM(J42:J45) -> 1 | ... AF18: =SUM(P42:P45) -> 400
B19: 09.15 - 09.30 | C19: 4 | D19: 1 | E19: 2 | F19: 2 | G19: 0 | H19: 0 | I19: 7 | J19: 0 | K19: 1 | L19: 1 | M19: 115 | N19: 0 | O19: =SUM(C19:L19,N19) -> 18 | P19: =SUM(C19:N19) -> 133 | R19: 1600-1700 | S19: =SUM(C46:C49) -> 22 | T19: =SUM(D46:D49) -> 4 | U19: =SUM(E46:E49) -> 9 | V19: =SUM(F46:F49) -> 11 | W19: =SUM(G46:G49) -> 1 | X19: =SUM(H46:H49) -> 0 | Y19: =SUM(I46:I49) -> 12 | Z19: =SUM(J46:J49) -> 3 | ... AF19: =SUM(P46:P49) -> 455
B20: 09.30 - 09.45 | C20: 3 | D20: 1 | E20: 2 | F20: 3 | G20: 0 | H20: 0 | I20: 1 | J20: 1 | K20: 0 | L20: 1 | M20: 95 | N20: 0 | O20: =SUM(C20:L20,N20) -> 12 | P20: =SUM(C20:N20) -> 107 | R20: 1700-1800 | S20: =SUM(C50:C53) -> 28 | T20: =SUM(D50:D53) -> 6 | U20: =SUM(E50:E53) -> 13 | V20: =SUM(F50:F53) -> 14 | W20: =SUM(G50:G53) -> 0 | X20: =SUM(H50:H53) -> 3 | Y20: =SUM(I50:I53) -> 19 | Z20: =SUM(J50:J53) -> 1 | ... AF20: =SUM(P50:P53) -> 534
B21: 09.45 - 10.00 | C21: 2 | D21: 4 | E21: 7 | F21: 6 | G21: 0 | H21: 0 | I21: 4 | J21: 0 | K21: 0 | L21: 1 | M21: 104 | N21: 0 | O21: =SUM(C21:L21,N21) -> 24 | P21: =SUM(C21:N21) -> 128 | R21: 1800-1900 | S21: =SUM(C54:C57) -> 27 | T21: =SUM(D54:D57) -> 11 | U21: =SUM(E54:E57) -> 19 | V21: =SUM(F54:F57) -> 18 | W21: =SUM(G54:G57) -> 2 | X21: =SUM(H54:H57) -> 1 | Y21: =SUM(I54:I57) -> 21 | Z21: =SUM(J54:J57) -> 0 | ... AF21: =SUM(P54:P57) -> 492
B22: 10.00 - 10.15 | C22: 7 | D22: 3 | E22: 2 | F22: 0 | G22: 0 | H22: 0 | I22: 2 | J22: 0 | K22: 3 | L22: 1 | M22: 100 | N22: 0 | O22: =SUM(C22:L22,N22) -> 18 | P22: =SUM(C22:N22) -> 118 | R22: 1900-2000 | S22: =SUM(C58:C61) -> 39 | T22: =SUM(D58:D61) -> 9 | U22: =SUM(E58:E61) -> 10 | V22: =SUM(F58:F61) -> 26 | W22: =SUM(G58:G61) -> 1 | X22: =SUM(H58:H61) -> 1 | Y22: =SUM(I58:I61) -> 21 | Z22: =SUM(J58:J61) -> 6 | ... AF22: =SUM(P58:P61) -> 406
B23: 10.15 - 10.30 | C23: 9 | D23: 0 | E23: 3 | F23: 4 | G23: 0 | H23: 0 | I23: 4 | J23: 1 | K23: 0 | L23: 1 | M23: 120 | N23: 0 | O23: =SUM(C23:L23,N23) -> 22 | P23: =SUM(C23:N23) -> 142 | R23: 2000-2100 | S23: =SUM(C62:C65) -> 35 | T23: =SUM(D62:D65) -> 4 | U23: =SUM(E62:E65) -> 10 | V23: =SUM(F62:F65) -> 13 | W23: =SUM(G62:G65) -> 1 | X23: =SUM(H62:H65) -> 1 | Y23: =SUM(I62:I65) -> 11 | Z23: =SUM(J62:J65) -> 2 | ... AF23: =SUM(P62:P65) -> 306
B24: 10.30 - 10.45 | C24: 5 | D24: 1 | E24: 2 | F24: 3 | G24: 0 | H24: 0 | I24: 3 | J24: 0 | K24: 0 | L24: 0 | M24: 115 | N24: 0 | O24: =SUM(C24:L24,N24) -> 14 | P24: =SUM(C24:N24) -> 129 | R24: 2100-2200 | S24: =SUM(C66:C69) -> 16 | T24: =SUM(D66:D69) -> 8 | U24: =SUM(E66:E69) -> 3 | V24: =SUM(F66:F69) -> 9 | W24: =SUM(G66:G69) -> 0 | X24: =SUM(H66:H69) -> 3 | Y24: =SUM(I66:I69) -> 3 | Z24: =SUM(J66:J69) -> 0 | ... AF24: =SUM(P66:P69) -> 342
B25: 10.45 - 11.00 | C25: 4 | D25: 3 | E25: 5 | F25: 2 | G25: 0 | H25: 0 | I25: 1 | J25: 0 | K25: 0 | L25: 1 | M25: 87 | N25: 0 | O25: =SUM(C25:L25,N25) -> 16 | P25: =SUM(C25:N25) -> 103 | R25: 2200-2300 | S25: =SUM(C70:C73) -> 10 | T25: =SUM(D70:D73) -> 1 | U25: =SUM(E70:E73) -> 3 | V25: =SUM(F70:F73) -> 4 | W25: =SUM(G70:G73) -> 0 | X25: =SUM(H70:H73) -> 3 | Y25: =SUM(I70:I73) -> 5 | Z25: =SUM(J70:J73) -> 3 | ... AF25: =SUM(P70:P73) -> 100
B26: 11.00 - 11.15 | C26: 9 | D26: 4 | E26: 5 | F26: 2 | G26: 0 | H26: 0 | I26: 6 | J26: 1 | K26: 0 | L26: 0 | M26: 103 | N26: 0 | O26: =SUM(C26:L26,N26) -> 27 | P26: =SUM(C26:N26) -> 130 | R26: 2300-0000 | S26: =SUM(C74:C77) -> 5 | T26: =SUM(D74:D77) -> 1 | U26: =SUM(E74:E77) -> 2 | V26: =SUM(F74:F77) -> 1 | W26: =SUM(G74:G77) -> 0 | X26: =SUM(H74:H77) -> 1 | Y26: =SUM(I74:I77) -> 1 | Z26: =SUM(J74:J77) -> 3 | ... AF26: =SUM(P74:P77) -> 51
B27: 11.15 - 11.30 | C27: 3 | D27: 2 | E27: 4 | F27: 6 | G27: 0 | H27: 0 | I27: 1 | J27: 0 | K27: 0 | L27: 0 | M27: 92 | N27: 0 | O27: =SUM(C27:L27,N27) -> 16 | P27: =SUM(C27:N27) -> 108 | R27: 0000-0100 | S27: =SUM(C78:C81) -> 1 | T27: =SUM(D78:D81) -> 0 | U27: =SUM(E78:E81) -> 0 | V27: =SUM(F78:F81) -> 0 | W27: =SUM(G78:G81) -> 0 | X27: =SUM(H78:H81) -> 1 | Y27: =SUM(I78:I81) -> 0 | Z27: =SUM(J78:J81) -> 0 | ... AF27: =SUM(P78:P81) -> 31
B28: 11.30 - 11.45 | C28: 5 | D28: 5 | E28: 4 | F28: 1 | G28: 0 | H28: 0 | I28: 1 | J28: 0 | K28: 0 | L28: 1 | M28: 110 | N28: 0 | O28: =SUM(C28:L28,N28) -> 17 | P28: =SUM(C28:N28) -> 127 | R28: 0100-0200 | S28: =SUM(C82:C85) -> 1 | T28: =SUM(D82:D85) -> 0 | U28: =SUM(E82:E85) -> 0 | V28: =SUM(F82:F85) -> 0 | W28: =SUM(G82:G85) -> 0 | X28: =SUM(H82:H85) -> 2 | Y28: =SUM(I82:I85) -> 2 | Z28: =SUM(J82:J85) -> 0 | ... AF28: =SUM(P82:P85) -> 12
B29: 11.45 - 12.00 | C29: 6 | D29: 2 | E29: 3 | F29: 3 | G29: 1 | H29: 1 | I29: 2 | J29: 1 | K29: 0 | L29: 0 | M29: 96 | N29: 0 | O29: =SUM(C29:L29,N29) -> 19 | P29: =SUM(C29:N29) -> 115 | R29: 0200-0300 | S29: =SUM(C86:C89) -> 3 | T29: =SUM(D86:D89) -> 0 | U29: =SUM(E86:E89) -> 0 | V29: =SUM(F86:F89) -> 0 | W29: =SUM(G86:G89) -> 0 | X29: =SUM(H86:H89) -> 0 | Y29: =SUM(I86:I89) -> 0 | Z29: =SUM(J86:J89) -> 0 | ... AF29: =SUM(P86:P89) -> 14
B30: 12.00 - 12.15 | C30: 7 | D30: 2 | E30: 4 | F30: 1 | G30: 0 | H30: 0 | I30: 5 | J30: 0 | K30: 0 | L30: 0 | M30: 95 | N30: 0 | O30: =SUM(C30:L30,N30) -> 19 | P30: =SUM(C30:N30) -> 114 | R30: 0300-0400 | S30: =SUM(C90:C93) -> 2 | T30: =SUM(D90:D93) -> 0 | U30: =SUM(E90:E93) -> 0 | V30: =SUM(F90:F93) -> 0 | W30: =SUM(G90:G93) -> 0 | X30: =SUM(H90:H93) -> 4 | Y30: =SUM(I90:I93) -> 2 | Z30: =SUM(J90:J93) -> 1 | ... AF30: =SUM(P90:P93) -> 21
B31: 12.15 - 12.30 | C31: 3 | D31: 1 | E31: 2 | F31: 0 | G31: 0 | H31: 0 | I31: 1 | J31: 1 | K31: 0 | L31: 0 | M31: 100 | N31: 0 | O31: =SUM(C31:L31,N31) -> 8 | P31: =SUM(C31:N31) -> 108 | R31: 0400-0500 | S31: =SUM(C94:C97) -> 5 | T31: =SUM(D94:D97) -> 1 | U31: =SUM(E94:E97) -> 0 | V31: =SUM(F94:F97) -> 0 | W31: =SUM(G94:G97) -> 0 | X31: =SUM(H94:H97) -> 2 | Y31: =SUM(I94:I97) -> 0 | Z31: =SUM(J94:J97) -> 5 | ... AF31: =SUM(P94:P97) -> 26
B32: 12.30 - 12.45 | C32: 10 | D32: 1 | E32: 5 | F32: 6 | G32: 0 | H32: 0 | I32: 3 | J32: 0 | K32: 0 | L32: 1 | M32: 82 | N32: 0 | O32: =SUM(C32:L32,N32) -> 26 | P32: =SUM(C32:N32) -> 108 | R32: 0500-0600 | S32: =SUM(C98:C101) -> 6 | T32: =SUM(D98:D101) -> 1 | U32: =SUM(E98:E101) -> 0 | V32: =SUM(F98:F101) -> 4 | W32: =SUM(G98:G101) -> 0 | X32: =SUM(H98:H101) -> 2 | Y32: =SUM(I98:I101) -> 1 | Z32: =SUM(J98:J101) -> 1 | ... AF32: =SUM(P98:P101) -> 33
B33: 12.45 - 13.00 | C33: 7 | D33: 1 | E33: 1 | F33: 4 | G33: 0 | H33: 0 | I33: 2 | J33: 1 | K33: 0 | L33: 1 | M33: 97 | N33: 0 | O33: =SUM(C33:L33,N33) -> 17 | P33: =SUM(C33:N33) -> 114 | R33: 0600-0700 | S33: =SUM(C102:C105) -> 16 | T33: =SUM(D102:D105) -> 4 | U33: =SUM(E102:E105) -> 5 | V33: =SUM(F102:F105) -> 15 | W33: =SUM(G102:G105) -> 1 | X33: =SUM(H102:H105) -> 0 | Y33: =SUM(I102:I105) -> 4 | Z33: =SUM(J102:J105) -> 4 | ... AF33: =SUM(P102:P105) -> 178
B34: 13.00 - 13.15 | C34: 14 | D34: 4 | E34: 4 | F34: 3 | G34: 0 | H34: 1 | I34: 3 | J34: 0 | K34: 0 | L34: 0 | M34: 91 | N34: 0 | O34: =SUM(C34:L34,N34) -> 29 | P34: =SUM(C34:N34) -> 120 | R34: AM Peak Hr | S34: =MAX(S10:S12) -> 54 | T34: =MAX(T10:T12) -> 9 | U34: =MAX(U10:U12) -> 13 | V34: =MAX(V10:V12) -> 17 | W34: =MAX(W10:W12) -> 2 | X34: =MAX(X10:X12) -> 0 | Y34: =MAX(Y10:Y12) -> 13 | Z34: =MAX(Z10:Z12) -> 2 | ... AF34: =MAX(AF10:AF12) -> 616
B35: 13.15 - 13.30 | C35: 8 | D35: 1 | E35: 4 | F35: 3 | G35: 0 | H35: 0 | I35: 1 | J35: 0 | K35: 0 | L35: 0 | M35: 95 | N35: 0 | O35: =SUM(C35:L35,N35) -> 17 | P35: =SUM(C35:N35) -> 112 | R35: IP Peak Hr | S35: =MAX(S13:S18) -> 37 | T35: =MAX(T13:T18) -> 13 | U35: =MAX(U13:U18) -> 16 | V35: =MAX(V13:V18) -> 12 | W35: =MAX(W13:W18) -> 1 | X35: =MAX(X13:X18) -> 2 | Y35: =MAX(Y13:Y18) -> 14 | Z35: =MAX(Z13:Z18) -> 2 | ... AF35: =MAX(AF13:AF18) -> 492
B36: 13.30 - 13.45 | C36: 6 | D36: 2 | E36: 1 | F36: 0 | G36: 0 | H36: 0 | I36: 3 | J36: 0 | K36: 0 | L36: 0 | M36: 93 | N36: 0 | O36: =SUM(C36:L36,N36) -> 12 | P36: =SUM(C36:N36) -> 105 | R36: PM Peak Hr | S36: =MAX(S19:S21) -> 28 | T36: =MAX(T19:T21) -> 11 | U36: =MAX(U19:U21) -> 19 | V36: =MAX(V19:V21) -> 18 | W36: =MAX(W19:W21) -> 2 | X36: =MAX(X19:X21) -> 3 | Y36: =MAX(Y19:Y21) -> 21 | Z36: =MAX(Z19:Z21) -> 3 | ... AF36: =MAX(AF19:AF21) -> 534
B37: 13.45 - 14.00 | C37: 9 | D37: 3 | E37: 3 | F37: 3 | G37: 0 | H37: 0 | I37: 5 | J37: 1 | K37: 0 | L37: 0 | M37: 99 | N37: 0 | O37: =SUM(C37:L37,N37) -> 24 | P37: =SUM(C37:N37) -> 123 | R37: AM Period | S37: =SUM(S10:S12) -> 83 | T37: =SUM(T10:T12) -> 24 | U37: =SUM(U10:U12) -> 31 | V37: =SUM(V10:V12) -> 46 | W37: =SUM(W10:W12) -> 3 | X37: =SUM(X10:X12) -> 0 | Y37: =SUM(Y10:Y12) -> 33 | Z37: =SUM(Z10:Z12) -> 5 | ... AF37: =SUM(AF10:AF12) -> 1677
B38: 14.00 - 14.15 | C38: 8 | D38: 1 | E38: 3 | F38: 1 | G38: 0 | H38: 0 | I38: 1 | J38: 0 | K38: 0 | L38: 1 | M38: 90 | N38: 0 | O38: =SUM(C38:L38,N38) -> 15 | P38: =SUM(C38:N38) -> 105 | R38: IP Period | S38: =SUM(S13:S18) -> 166 | T38: =SUM(T13:T18) -> 42 | U38: =SUM(U13:U18) -> 73 | V38: =SUM(V13:V18) -> 57 | W38: =SUM(W13:W18) -> 2 | X38: =SUM(X13:X18) -> 5 | Y38: =SUM(Y13:Y18) -> 66 | Z38: =SUM(Z13:Z18) -> 9 | ... AF38: =SUM(AF13:AF18) -> 2654
B39: 14.15 - 14.30 | C39: 7 | D39: 0 | E39: 2 | F39: 4 | G39: 0 | H39: 0 | I39: 4 | J39: 1 | K39: 0 | L39: 0 | M39: 65 | N39: 0 | O39: =SUM(C39:L39,N39) -> 18 | P39: =SUM(C39:N39) -> 83 | R39: PM Period | S39: =SUM(S19:S21) -> 77 | T39: =SUM(T19:T21) -> 21 | U39: =SUM(U19:U21) -> 41 | V39: =SUM(V19:V21) -> 43 | W39: =SUM(W19:W21) -> 3 | X39: =SUM(X19:X21) -> 4 | Y39: =SUM(Y19:Y21) -> 52 | Z39: =SUM(Z19:Z21) -> 4 | ... AF39: =SUM(AF19:AF21) -> 1481
B40: 14.30 - 14.45 | C40: 4 | D40: 2 | E40: 2 | F40: 1 | G40: 0 | H40: 1 | I40: 2 | J40: 1 | K40: 0 | L40: 0 | M40: 75 | N40: 0 | O40: =SUM(C40:L40,N40) -> 13 | P40: =SUM(C40:N40) -> 88 | R40: 12 Hours | S40: =SUM(S10:S21) -> 326 | T40: =SUM(T10:T21) -> 87 | U40: =SUM(U10:U21) -> 145 | V40: =SUM(V10:V21) -> 146 | W40: =SUM(W10:W21) -> 8 | X40: =SUM(X10:X21) -> 9 | Y40: =SUM(Y10:Y21) -> 151 | Z40: =SUM(Z10:Z21) -> 18 | ... AF40: =SUM(AF10:AF21) -> 5812
B41: 14.45 - 15.00 | C41: 5 | D41: 1 | E41: 6 | F41: 2 | G41: 0 | H41: 0 | I41: 2 | J41: 0 | K41: 0 | L41: 0 | M41: 86 | N41: 0 | O41: =SUM(C41:L41,N41) -> 16 | P41: =SUM(C41:N41) -> 102 | R41: 24 Hrs/ADT | S41: =SUM(S10:S33) -> 465 | T41: =SUM(T10:T33) -> 116 | U41: =SUM(U10:U33) -> 178 | V41: =SUM(V10:V33) -> 218 | W41: =SUM(W10:W33) -> 11 | X41: =SUM(X10:X33) -> 29 | Y41: =SUM(Y10:Y33) -> 201 | Z41: =SUM(Z10:Z33) -> 43 | ... AF41: =SUM(AF10:AF33) -> 7332
B42: 15.00 - 15.15 | C42: 8 | D42: 1 | E42: 0 | F42: 1 | G42: 0 | H42: 0 | I42: 3 | J42: 0 | K42: 0 | L42: 0 | M42: 80 | N42: 0 | O42: =SUM(C42:L42,N42) -> 13 | P42: =SUM(C42:N42) -> 93 | R42: NEF | S42: =S41/S40 -> 1.4263804 | T42: =T41/T40 -> 1.3333333 | U42: =U41/U40 -> 1.2275862 | V42: =V41/V40 -> 1.4931507 | W42: =W41/W40 -> 1.375 | X42: =X41/X40 -> 3.2222222 | Y42: =Y41/Y40 -> 1.3311258 | Z42: =Z41/Z40 -> 2.3888889 | ... AF42: =AF41/AF40 -> 1.2615279
B43: 15.15 - 15.30 | C43: 3 | D43: 1 | E43: 2 | F43: 4 | G43: 0 | H43: 0 | I43: 3 | J43: 0 | K43: 0 | L43: 0 | M43: 94 | N43: 0 | O43: =SUM(C43:L43,N43) -> 13 | P43: =SUM(C43:N43) -> 107
B44: 15.30 - 15.45 | C44: 13 | D44: 1 | E44: 4 | F44: 2 | G44: 1 | H44: 1 | I44: 4 | J44: 0 | K44: 1 | L44: 0 | M44: 90 | N44: 0 | O44: =SUM(C44:L44,N44) -> 27 | P44: =SUM(C44:N44) -> 117
B45: 15.45 - 16.00 | C45: 6 | D45: 0 | E45: 2 | F45: 1 | G45: 0 | H45: 1 | I45: 4 | J45: 1 | K45: 1 | L45: 0 | M45: 67 | N45: 0 | O45: =SUM(C45:L45,N45) -> 16 | P45: =SUM(C45:N45) -> 83
B46: 16.00 - 16.15 | C46: 7 | D46: 1 | E46: 2 | F46: 3 | G46: 0 | H46: 0 | I46: 7 | J46: 1 | K46: 0 | L46: 0 | M46: 92 | N46: 0 | O46: =SUM(C46:L46,N46) -> 21 | P46: =SUM(C46:N46) -> 113
B47: 16.15 -16.30 | C47: 7 | D47: 1 | E47: 4 | F47: 4 | G47: 0 | H47: 0 | I47: 2 | J47: 0 | K47: 0 | L47: 0 | M47: 104 | N47: 0 | O47: =SUM(C47:L47,N47) -> 18 | P47: =SUM(C47:N47) -> 122
B48: 16.30 -16.45 | C48: 6 | D48: 2 | E48: 0 | F48: 1 | G48: 1 | H48: 0 | I48: 0 | J48: 2 | K48: 0 | L48: 1 | M48: 105 | N48: 0 | O48: =SUM(C48:L48,N48) -> 13 | P48: =SUM(C48:N48) -> 118
B49: 16.45 -17.00 | C49: 2 | D49: 0 | E49: 3 | F49: 3 | G49: 0 | H49: 0 | I49: 3 | J49: 0 | K49: 0 | L49: 0 | M49: 91 | N49: 0 | O49: =SUM(C49:L49,N49) -> 11 | P49: =SUM(C49:N49) -> 102
B50: 17.00 -17.15 | C50: 2 | D50: 0 | E50: 4 | F50: 3 | G50: 0 | H50: 0 | I50: 7 | J50: 0 | K50: 1 | L50: 0 | M50: 132 | N50: 0 | O50: =SUM(C50:L50,N50) -> 17 | P50: =SUM(C50:N50) -> 149
B51: 17.15 -17.30 | C51: 6 | D51: 2 | E51: 1 | F51: 2 | G51: 0 | H51: 0 | I51: 5 | J51: 0 | K51: 0 | L51: 0 | M51: 88 | N51: 0 | O51: =SUM(C51:L51,N51) -> 16 | P51: =SUM(C51:N51) -> 104
B52: 17.30 -17.45 | C52: 10 | D52: 1 | E52: 4 | F52: 3 | G52: 0 | H52: 0 | I52: 3 | J52: 1 | K52: 1 | L52: 0 | M52: 118 | N52: 0 | O52: =SUM(C52:L52,N52) -> 23 | P52: =SUM(C52:N52) -> 141
B53: 17.45 -18.00 | C53: 10 | D53: 3 | E53: 4 | F53: 6 | G53: 0 | H53: 3 | I53: 4 | J53: 0 | K53: 0 | L53: 0 | M53: 110 | N53: 0 | O53: =SUM(C53:L53,N53) -> 30 | P53: =SUM(C53:N53) -> 140
B54: 18.00 - 18.15 | C54: 4 | D54: 1 | E54: 6 | F54: 3 | G54: 1 | H54: 0 | I54: 5 | J54: 0 | K54: 0 | L54: 0 | M54: 102 | N54: 0 | O54: =SUM(C54:L54,N54) -> 20 | P54: =SUM(C54:N54) -> 122
... B105: 06.45 - 07.00 | C105: 3 | D105: 2 | E105: 1 | F105: 5 | G105: 1 | H105: 0 | I105: 0 | J105: 1 | K105: 0 | L105: 0 | M105: 49 | N105: 0 | O105: =SUM(C105:L105,N105) -> 13 | P105: =SUM(C105:N105) -> 62
B106: Totals | C106: =SUM(C10:C105) -> 465 | D106: =SUM(D10:D105) -> 116 | E106: =SUM(E10:E105) -> 178 | F106: =SUM(F10:F105) -> 218 | G106: =SUM(G10:G105) -> 11 | H106: =SUM(H10:H105) -> 29 | I106: =SUM(I10:I105) -> 201 | J106: =SUM(J10:J105) -> 43 | ... P106: =SUM(P10:P105) -> 7332
B107: %ges + MCs | C107: =C106/$P$106 -> 0.063420622 | D107: =D106/$P$106 -> 0.015821058 | E107: =E106/$P$106 -> 0.024277141 | F107: =F106/$P$106 -> 0.029732679 | G107: =G106/$P$106 -> 0.0015002728 | H107: =H106/$P$106 -> 0.0039552646 | I107: =I106/$P$106 -> 0.027414075 | J107: =J106/$P$106 -> 0.0058647027 | ... N107: =N106/$P$106 -> 0
B108: %ges w/o MCs | C108: =C106/$O$106 -> 0.35577659 | D108: =D106/$O$106 -> 0.088752869 | E108: =E106/$O$106 -> 0.13618975 | F108: =F106/$O$106 -> 0.16679419 | G108: =G106/$O$106 -> 0.0084162204 | H108: =H106/$O$106 -> 0.022188217 | I108: =I106/$O$106 -> 0.1537873 | J108: =J106/$O$106 -> 0.03289977 | ... L108: =L106/$O$106 -> 0.023718439 | N108: =N106/$O$106 -> 0

Sheet 29.10 Kasese-Fort Portal
B1: Consultancy services for Preparation of Expressway Development Master Plan (EDMP) for Uganda
B2: MANUAL CLASSIFIED COUNT (MCC)
B3: ROAD NAME: | C3: ='25.10 Kasese-Fort Portal'!C3:G3 -> MCC - C4 - STN106
C5: Date | D5: 29.10.19 | F5: Location | G5: ='25.10 Kasese-Fort Portal'!G5:H5 -> Kisanga B | J5: Surveyor | K5: ='25.10 Kasese-Fort Portal'!K5:L5 -> Onyuti Betty
C6: Dir. From | D6: ='25.10 Kasese-Fort Portal'!D6:E6 -> Kasese | F6: Dir. To | G6: ='25.10 Kasese-Fort Portal'!G6:H6 -> Fort Portal | J6: Supervisor | K6: ='25.10 Kasese-Fort Portal'!K6:L6 -> Onyuti Betty
B8: Time / Veh Type | R8: SUMMARY TRAFFIC VOLUMES
C9: 1. Car | D9: 2. Station Wagon | E9: 3. Pickups | F9: 4. Minibus, matatu | G9: 5. Medium bus | H9: 6. Large Bus | I9: 7. Light Truck | J9: 8. Medium Truck | K9: 9. Heavy truck | L9: 10. Truck Trailer | M9: 11. Motor cycles | N9: 12. Tractors | O9: Total Excl M/Cycles | P9: Total All | R9: Time | S9: 1. Car | T9: 2. Station Wagon | U9: 3. Pickups | V9: 4. Minibus, matatu | W9: 5. Medium bus | X9: 6. Large Bus | Y9: 7. Light Truck | Z9: 8. Medium Truck | AA9: 9. Heavy truck | AB9: 10. Truck Trailer | AC9: 11. Motorcycles | AD9: 12. Tractors, Graders | AE9: Total Excl M/ Cycles | AF9: Total All
B10: 07.00 - 07.15 | C10: 8 | D10: 0 | E10: 1 | F10: 5 | G10: 0 | H10: 0 | I10: 2 | J10: 0 | K10: 0 | L10: 0 | M10: 74 | N10: 0 | O10: =SUM(C10:L10,N10) -> 16 | P10: =SUM(C10:N10) -> 90 | R10: 0700-0800 | S10: =SUM(C10:C13) -> 39 | T10: =SUM(D10:D13) -> 1 | U10: =SUM(E10:E13) -> 5 | V10: =SUM(F10:F13) -> 27 | W10: =SUM(G10:G13) -> 1 | X10: =SUM(H10:H13) -> 2 | Y10: =SUM(I10:I13) -> 7 | Z10: =SUM(J10:J13) -> 1 | ... AF10: =SUM(P10:P13) -> 416
B11: 07.15 - 07.30 | C11: 8 | D11: 0 | E11: 1 | F11: 11 | G11: 0 | H11: 0 | I11: 2 | J11: 0 | K11: 0 | L11: 0 | M11: 98 | N11: 0 | O11: =SUM(C11:L11,N11) -> 22 | P11: =SUM(C11:N11) -> 120 | R11: 0800-0900 | S11: =SUM(C14:C17) -> 33 | T11: =SUM(D14:D17) -> 8 | U11: =SUM(E14:E17) -> 12 | V11: =SUM(F14:F17) -> 25 | W11: =SUM(G14:G17) -> 2 | X11: =SUM(H14:H17) -> 2 | Y11: =SUM(I14:I17) -> 17 | Z11: =SUM(J14:J17) -> 4 | ... AF11: =SUM(P14:P17) -> 393
B12: 07.30 - 07.45 | C12: 15 | D12: 0 | E12: 3 | F12: 4 | G12: 0 | H12: 1 | I12: 1 | J12: 1 | K12: 0 | L12: 0 | M12: 93 | N12: 0 | O12: =SUM(C12:L12,N12) -> 25 | P12: =SUM(C12:N12) -> 118 | R12: 0900-1000 | S12: =SUM(C18:C21) -> 52 | T12: =SUM(D18:D21) -> 11 | U12: =SUM(E18:E21) -> 23 | V12: =SUM(F18:F21) -> 16 | W12: =SUM(G18:G21) -> 0 | X12: =SUM(H18:H21) -> 2 | Y12: =SUM(I18:I21) -> 21 | Z12: =SUM(J18:J21) -> 6 | ... AF12: =SUM(P18:P21) -> 518
B13: 07.45 - 08.00 | C13: 8 | D13: 1 | E13: 0 | F13: 7 | G13: 1 | H13: 1 | I13: 2 | J13: 0 | K13: 0 | L13: 0 | M13: 68 | N13: 0 | O13: =SUM(C13:L13,N13) -> 20 | P13: =SUM(C13:N13) -> 88 | R13: 1000-1100 | S13: =SUM(C22:C25) -> 52 | T13: =SUM(D22:D25) -> 13 | U13: =SUM(E22:E25) -> 18 | V13: =SUM(F22:F25) -> 20 | W13: =SUM(G22:G25) -> 0 | X13: =SUM(H22:H25) -> 1 | Y13: =SUM(I22:I25) -> 15 | Z13: =SUM(J22:J25) -> 4 | ... AF13: =SUM(P22:P25) -> 455
B14: 08.00 - 08.15 | C14: 2 | D14: 2 | E14: 4 | F14: 5 | G14: 0 | H14: 0 | I14: 6 | J14: 1 | K14: 0 | L14: 0 | M14: 47 | N14: 0 | O14: =SUM(C14:L14,N14) -> 20 | P14: =SUM(C14:N14) -> 67 | R14: 1100-1200 | S14: =SUM(C26:C29) -> 40 | T14: =SUM(D26:D29) -> 6 | U14: =SUM(E26:E29) -> 8 | V14: =SUM(F26:F29) -> 21 | W14: =SUM(G26:G29) -> 0 | X14: =SUM(H26:H29) -> 3 | Y14: =SUM(I26:I29) -> 14 | Z14: =SUM(J26:J29) -> 4 | ... AF14: =SUM(P26:P29) -> 426
B15: 08.15 - 08.30 | C15: 7 | D15: 2 | E15: 1 | F15: 6 | G15: 1 | H15: 0 | I15: 2 | J15: 0 | K15: 0 | L15: 0 | M15: 91 | N15: 0 | O15: =SUM(C15:L15,N15) -> 19 | P15: =SUM(C15:N15) -> 110 | R15: 1200-1300 | S15: =SUM(C30:C33) -> 38 | T15: =SUM(D30:D33) -> 5 | U15: =SUM(E30:E33) -> 9 | V15: =SUM(F30:F33) -> 15 | W15: =SUM(G30:G33) -> 2 | X15: =SUM(H30:H33) -> 1 | Y15: =SUM(I30:I33) -> 12 | Z15: =SUM(J30:J33) -> 2 | ... AF15: =SUM(P30:P33) -> 406
B16: 08.30 - 08.45 | C16: 11 | D16: 2 | E16: 4 | F16: 10 | G16: 0 | H16: 1 | I16: 5 | J16: 1 | K16: 0 | L16: 0 | M16: 76 | N16: 0 | O16: =SUM(C16:L16,N16) -> 34 | P16: =SUM(C16:N16) -> 110 | R16: 1300-1400 | S16: =SUM(C34:C37) -> 31 | T16: =SUM(D34:D37) -> 3 | U16: =SUM(E34:E37) -> 13 | V16: =SUM(F34:F37) -> 25 | W16: =SUM(G34:G37) -> 0 | X16: =SUM(H34:H37) -> 3 | Y16: =SUM(I34:I37) -> 23 | Z16: =SUM(J34:J37) -> 3 | ... AF16: =SUM(P34:P37) -> 562
B17: 08.45 - 9.00 | C17: 13 | D17: 2 | E17: 3 | F17: 4 | G17: 1 | H17: 1 | I17: 4 | J17: 2 | K17: 0 | L17: 0 | M17: 76 | N17: 0 | O17: =SUM(C17:L17,N17) -> 30 | P17: =SUM(C17:N17) -> 106 | R17: 1400-1500 | S17: =SUM(C38:C41) -> 48 | T17: =SUM(D38:D41) -> 3 | U17: =SUM(E38:E41) -> 16 | V17: =SUM(F38:F41) -> 24 | W17: =SUM(G38:G41) -> 4 | X17: =SUM(H38:H41) -> 1 | Y17: =SUM(I38:I41) -> 24 | Z17: =SUM(J38:J41) -> 3 | ... AF17: =SUM(P38:P41) -> 411
B18: 09.00 - 09.15 | C18: 11 | D18: 1 | E18: 6 | F18: 2 | G18: 0 | H18: 0 | I18: 5 | J18: 1 | K18: 0 | L18: 0 | M18: 90 | N18: 0 | O18: =SUM(C18:L18,N18) -> 26 | P18: =SUM(C18:N18) -> 116 | R18: 1500-1600 | S18: =SUM(C42:C45) -> 16 | T18: =SUM(D42:D45) -> 9 | U18: =SUM(E42:E45) -> 9 | V18: =SUM(F42:F45) -> 22 | W18: =SUM(G42:G45) -> 0 | X18: =SUM(H42:H45) -> 11 | Y18: =SUM(I42:I45) -> 4 | Z18: =SUM(J42:J45) -> 3 | ... AF18: =SUM(P42:P45) -> 399
B19: 09.15 - 09.30 | C19: 16 | D19: 4 | E19: 5 | F19: 0 | G19: 0 | H19: 0 | I19: 8 | J19: 2 | K19: 0 | L19: 0 | M19: 88 | N19: 0 | O19: =SUM(C19:L19,N19) -> 35 | P19: =SUM(C19:N19) -> 123 | R19: 1600-1700 | S19: =SUM(C46:C49) -> 31 | T19: =SUM(D46:D49) -> 9 | U19: =SUM(E46:E49) -> 9 | V19: =SUM(F46:F49) -> 38 | W19: =SUM(G46:G49) -> 1 | X19: =SUM(H46:H49) -> 1 | Y19: =SUM(I46:I49) -> 12 | Z19: =SUM(J46:J49) -> 2 | ... AF19: =SUM(P46:P49) -> 291
B20: 09.30 - 09.45 | C20: 14 | D20: 4 | E20: 5 | F20: 4 | G20: 0 | H20: 1 | I20: 4 | J20: 1 | K20: 0 | L20: 0 | M20: 84 | N20: 0 | O20: =SUM(C20:L20,N20) -> 33 | P20: =SUM(C20:N20) -> 117 | R20: 1700-1800 | S20: =SUM(C50:C53) -> 46 | T20: =SUM(D50:D53) -> 2 | U20: =SUM(E50:E53) -> 15 | V20: =SUM(F50:F53) -> 27 | W20: =SUM(G50:G53) -> 0 | X20: =SUM(H50:H53) -> 1 | Y20: =SUM(I50:I53) -> 5 | Z20: =SUM(J50:J53) -> 5 | ... AF20: =SUM(P50:P53) -> 427
B21: 09.45 - 10.00 | C21: 11 | D21: 2 | E21: 7 | F21: 10 | G21: 0 | H21: 1 | I21: 4 | J21: 2 | K21: 0 | L21: 1 | M21: 124 | N21: 0 | O21: =SUM(C21:L21,N21) -> 38 | P21: =SUM(C21:N21) -> 162 | R21: 1800-1900 | S21: =SUM(C54:C57) -> 44 | T21: =SUM(D54:D57) -> 9 | U21: =SUM(E54:E57) -> 8 | V21: =SUM(F54:F57) -> 21 | W21: =SUM(G54:G57) -> 0 | X21: =SUM(H54:H57) -> 0 | Y21: =SUM(I54:I57) -> 13 | Z21: =SUM(J54:J57) -> 4 | ... AF21: =SUM(P54:P57) -> 464
B22: 10.00 - 10.15 | C22: 19 | D22: 4 | E22: 9 | F22: 6 | G22: 0 | H22: 0 | I22: 5 | J22: 0 | K22: 3 | L22: 1 | M22: 79 | N22: 0 | O22: =SUM(C22:L22,N22) -> 47 | P22: =SUM(C22:N22) -> 126 | R22: AM Peak Hr | S22: =MAX(S10:S12) -> 52 | T22: =MAX(T10:T12) -> 11 | U22: =MAX(U10:U12) -> 23 | V22: =MAX(V10:V12) -> 27 | W22: =MAX(W10:W12) -> 2 | X22: =MAX(X10:X12) -> 2 | Y22: =MAX(Y10:Y12) -> 21 | Z22: =MAX(Z10:Z12) -> 6 | ... AF22: =MAX(AF10:AF12) -> 518
B23: 10.15 - 10.30 | C23: 6 | D23: 1 | E23: 2 | F23: 2 | G23: 0 | H23: 0 | I23: 2 | J23: 2 | K23: 0 | L23: 1 | M23: 90 | N23: 0 | O23: =SUM(C23:L23,N23) -> 16 | P23: =SUM(C23:N23) -> 106 | R23: IP Peak Hr | S23: =MAX(S13:S18) -> 52 | T23: =MAX(T13:T18) -> 13 | U23: =MAX(U13:U18) -> 18 | V23: =MAX(V13:V18) -> 25 | W23: =MAX(W13:W18) -> 4 | X23: =MAX(X13:X18) -> 11 | Y23: =MAX(Y13:Y18) -> 24 | Z23: =MAX(Z13:Z18) -> 4 | ... AF23: =MAX(AF13:AF18) -> 562
B24: 10.30 - 10.45 | C24: 14 | D24: 4 | E24: 1 | F24: 5 | G24: 0 | H24: 1 | I24: 3 | J24: 1 | K24: 0 | L24: 2 | M24: 91 | N24: 0 | O24: =SUM(C24:L24,N24) -> 31 | P24: =SUM(C24:N24) -> 122 | R24: PM Peak Hr | S24: =MAX(S19:S21) -> 46 | T24: =MAX(T19:T21) -> 9 | U24: =MAX(U19:U21) -> 15 | V24: =MAX(V19:V21) -> 38 | W24: =MAX(W19:W21) -> 1 | X24: =MAX(X19:X21) -> 1 | Y24: =MAX(Y19:Y21) -> 13 | Z24: =MAX(Z19:Z21) -> 5 | ... AF24: =MAX(AF19:AF21) -> 464
B25: 10.45 - 11.00 | C25: 13 | D25: 4 | E25: 6 | F25: 7 | G25: 0 | H25: 0 | I25: 5 | J25: 1 | K25: 0 | L25: 0 | M25: 65 | N25: 0 | O25: =SUM(C25:L25,N25) -> 36 | P25: =SUM(C25:N25) -> 101 | R25: AM Period | S25: =SUM(S10:S12) -> 124 | T25: =SUM(T10:T12) -> 20 | U25: =SUM(U10:U12) -> 40 | V25: =SUM(V10:V12) -> 68 | W25: =SUM(W10:W12) -> 3 | X25: =SUM(X10:X12) -> 6 | Y25: =SUM(Y10:Y12) -> 45 | Z25: =SUM(Z10:Z12) -> 11 | ... AF25: =SUM(AF10:AF12) -> 1327
B26: 11.00 - 11.15 | C26: 9 | D26: 1 | E26: 1 | F26: 5 | G26: 0 | H26: 1 | I26: 2 | J26: 1 | K26: 0 | L26: 1 | M26: 85 | N26: 0 | O26: =SUM(C26:L26,N26) -> 21 | P26: =SUM(C26:N26) -> 106 | R26: IP Period | S26: =SUM(S13:S18) -> 225 | T26: =SUM(T13:T18) -> 39 | U26: =SUM(U13:U18) -> 73 | V26: =SUM(V13:V18) -> 127 | W26: =SUM(W13:W18) -> 6 | X26: =SUM(X13:X18) -> 20 | Y26: =SUM(Y13:Y18) -> 92 | Z26: =SUM(Z13:Z18) -> 19 | ... AF26: =SUM(AF13:AF18) -> 2659
B27: 11.15 - 11.30 | C27: 8 | D27: 3 | E27: 5 | F27: 7 | G27: 0 | H27: 0 | I27: 1 | J27: 1 | K27: 1 | L27: 2 | M27: 94 | N27: 0 | O27: =SUM(C27:L27,N27) -> 28 | P27: =SUM(C27:N27) -> 122 | R27: PM Period | S27: =SUM(S19:S21) -> 121 | T27: =SUM(T19:T21) -> 20 | U27: =SUM(U19:U21) -> 32 | V27: =SUM(V19:V21) -> 86 | W27: =SUM(W19:W21) -> 1 | X27: =SUM(X19:X21) -> 2 | Y27: =SUM(Y19:Y21) -> 30 | Z27: =SUM(Z19:Z21) -> 11 | ... AF27: =SUM(AF19:AF21) -> 1182
B28: 11.30 - 11.45 | C28: 12 | D28: 2 | E28: 0 | F28: 5 | G28: 0 | H28: 2 | I28: 7 | J28: 1 | K28: 0 | L28: 1 | M28: 76 | N28: 0 | O28: =SUM(C28:L28,N28) -> 30 | P28: =SUM(C28:N28) -> 106 | R28: 12 Hours | S28: =SUM(S10:S21) -> 470 | T28: =SUM(T10:T21) -> 79 | U28: =SUM(U10:U21) -> 145 | V28: =SUM(V10:V21) -> 281 | W28: =SUM(W10:W21) -> 10 | X28: =SUM(X10:X21) -> 28 | Y28: =SUM(Y10:Y21) -> 167 | Z28: =SUM(Z10:Z21) -> 41 | ... AF28: =SUM(AF10:AF21) -> 5168
B29: 11.45 - 12.00 | C29: 11 | D29: 0 | E29: 2 | F29: 4 | G29: 0 | H29: 0 | I29: 4 | J29: 1 | K29: 1 | L29: 1 | M29: 68 | N29: 0 | O29: =SUM(C29:L29,N29) -> 24 | P29: =SUM(C29:N29) -> 92
B30: 12.00 - 12.15 | C30: 14 | D30: 2 | E30: 3 | F30: 4 | G30: 0 | H30: 0 | I30: 5 | J30: 0 | K30: 0 | L30: 0 | M30: 90 | N30: 0 | O30: =SUM(C30:L30,N30) -> 28 | P30: =SUM(C30:N30) -> 118
B31: 12.15 - 12.30 | C31: 4 | D31: 2 | E31: 3 | F31: 2 | G31: 1 | H31: 0 | I31: 2 | J31: 0 | K31: 0 | L31: 2 | M31: 64 | N31: 0 | O31: =SUM(C31:L31,N31) -> 16 | P31: =SUM(C31:N31) -> 80
B32: 12.30 - 12.45 | C32: 10 | D32: 0 | E32: 2 | F32: 5 | G32: 1 | H32: 1 | I32: 3 | J32: 1 | K32: 0 | L32: 4 | M32: 90 | N32: 0 | O32: =SUM(C32:L32,N32) -> 27 | P32: =SUM(C32:N32) -> 117
B33: 12.45 - 13.00 | C33: 10 | D33: 1 | E33: 1 | F33: 4 | G33: 0 | H33: 0 | I33: 2 | J33: 1 | K33: 0 | L33: 0 | M33: 72 | N33: 0 | O33: =SUM(C33:L33,N33) -> 19 | P33: =SUM(C33:N33) -> 91
B34: 13.00 - 13.15 | C34: 4 | D34: 0 | E34: 3 | F34: 8 | G34: 0 | H34: 0 | I34: 3 | J34: 2 | K34: 0 | L34: 1 | M34: 109 | N34: 0 | O34: =SUM(C34:L34,N34) -> 21 | P34: =SUM(C34:N34) -> 130
B35: 13.15 - 13.30 | C35: 7 | D35: 1 | E35: 3 | F35: 5 | G35: 0 | H35: 1 | I35: 8 | J35: 0 | K35: 0 | L35: 0 | M35: 122 | N35: 0 | O35: =SUM(C35:L35,N35) -> 25 | P35: =SUM(C35:N35) -> 147
B36: 13.30 - 13.45 | C36: 8 | D36: 2 | E36: 3 | F36: 8 | G36: 0 | H36: 1 | I36: 7 | J36: 0 | K36: 0 | L36: 2 | M36: 105 | N36: 0 | O36: =SUM(C36:L36,N36) -> 31 | P36: =SUM(C36:N36) -> 136
B37: 13.45 - 14.00 | C37: 12 | D37: 0 | E37: 4 | F37: 4 | G37: 0 | H37: 1 | I37: 5 | J37: 1 | K37: 0 | L37: 4 | M37: 118 | N37: 0 | O37: =SUM(C37:L37,N37) -> 31 | P37: =SUM(C37:N37) -> 149
B38: 14.00 - 14.15 | C38: 10 | D38: 0 | E38: 6 | F38: 3 | G38: 1 | H38: 0 | I38: 9 | J38: 0 | K38: 0 | L38: 2 | M38: 72 | N38: 0 | O38: =SUM(C38:L38,N38) -> 31 | P38: =SUM(C38:N38) -> 103
B39: 14.15 - 14.30 | C39: 17 | D39: 0 | E39: 7 | F39: 4 | G39: 1 | H39: 0 | I39: 8 | J39: 2 | K39: 1 | L39: 2 | M39: 70 | N39: 0 | O39: =SUM(C39:L39,N39) -> 42 | P39: =SUM(C39:N39) -> 112
B40: 14.30 - 14.45 | C40: 5 | D40: 0 | E40: 2 | F40: 8 | G40: 1 | H40: 0 | I40: 3 | J40: 1 | K40: 0 | L40: 0 | M40: 34 | N40: 0 | O40: =SUM(C40:L40,N40) -> 20 | P40: =SUM(C40:N40) -> 54
... B57: 18.45 - 19.00 | C57: 14 | D57: 1 | E57: 3 | F57: 5 | G57: 0 | H57: 0 | I57: 4 | J57: 0 | K57: 0 | L57: 1 | M57: 95 | N57: 0 | O57: =SUM(C57:L57,N57) -> 28 | P57: =SUM(C57:N57) -> 123
B58: Totals | C58: =SUM(C10:C57) -> 470 | D58: =SUM(D10:D57) -> 79 | E58: =SUM(E10:E57) -> 145 | F58: =SUM(F10:F57) -> 281 | G58: =SUM(G10:G57) -> 10 | H58: =SUM(H10:H57) -> 28 | I58: =SUM(I10:I57) -> 167 | J58: =SUM(J10:J57) -> 41 | ... P58: =SUM(P10:P57) -> 5168
B59: %ges + MCs | C59: =C58/$P$58 -> 0.090944272 | D59: =D58/$P$58 -> 0.015286378 | E59: =E58/$P$58 -> 0.028057276 | F59: =F58/$P$58 -> 0.054373065 | G59: =G58/$P$58 -> 0.0019349845 | H59: =H58/$P$58 -> 0.0054179567 | I59: =I58/$P$58 -> 0.032314241 | J59: =J58/$P$58 -> 0.0079334365 | ... N59: =N58/$P$58 -> 0
B60: %ges w/o MCs | C60: =C58/$O$58 -> 0.36547434 | D60: =D58/$O$58 -> 0.061430793 | E60: =E58/$O$58 -> 0.11275272 | F60: =F58/$O$58 -> 0.218507 | G60: =G58/$O$58 -> 0.0077760498 | H60: =H58/$O$58 -> 0.021772939 | I60: =I58/$O$58 -> 0.12986003 | J60: =J58/$O$58 -> 0.031881804 | ... L60: =L58/$O$58 -> 0.039657854 | N60: =N58/$O$58 -> 0

Sheet 29.10 Fort Portal-Kasese
B1: Consultancy services for Preparation of Expressway Development Master Plan (EDMP) for Uganda
B2: MANUAL CLASSIFIED COUNT (MCC)
B3: ROAD NAME: | C3: ='25.10 Fort Portal-Kasese'!C3:G3 -> MCC - C4 - STN106
C5: Date | D5: ='29.10 Kasese-Fort Portal'!D5 -> 29.10.19 | F5: Location | G5: ='25.10 Kasese-Fort Portal'!G5:H5 -> Kisanga B | J5: Surveyor | K5: ='25.10 Kasese-Fort Portal'!K5:L5 -> Onyuti Betty
C6: Dir. From | D6: ='25.10 Fort Portal-Kasese'!D6:E6 -> Fort Portal | F6: Dir. To | G6: ='25.10 Fort Portal-Kasese'!G6:H6 -> Kasese | J6: Supervisor | K6: ='25.10 Kasese-Fort Portal'!K6:L6 -> Onyuti Betty
B8: Time / Veh Type | R8: SUMMARY TRAFFIC VOLUMES
C9: 1. Car | D9: 2. Station Wagon | E9: 3. Pickups | F9: 4. Minibus, matatu | G9: 5. Medium bus | H9: 6. Large Bus | I9: 7. Light Truck | J9: 8. Medium Truck | K9: 9. Heavy truck | L9: 10. Truck Trailer | M9: 11. Motor cycles | N9: 12. Tractors | O9: Total Excl M/Cycles | P9: Total All | R9: Time | S9: 1. Car | T9: 2. Station Wagon | U9: 3. Pickups | V9: 4. Minibus, matatu | W9: 5. Medium bus | X9: 6. Large Bus | Y9: 7. Light Truck | Z9: 8. Medium Truck | AA9: 9. Heavy truck | AB9: 10. Truck Trailer | AC9: 11. Motorcycles | AD9: 12. Tractors, Graders | AE9: Total Excl M/ Cycles | AF9: Total All
B10: 07.00 - 07.15 | C10: 11 | D10: 0 | E10: 0 | F10: 12 | G10: 0 | H10: 0 | I10: 2 | J10: 0 | K10: 0 | L10: 0 | M10: 76 | N10: 0 | O10: =SUM(C10:L10,N10) -> 25 | P10: =SUM(C10:N10) -> 101 | R10: 0700-0800 | S10: =SUM(C10:C13) -> 45 | T10: =SUM(D10:D13) -> 7 | U10: =SUM(E10:E13) -> 10 | V10: =SUM(F10:F13) -> 36 | W10: =SUM(G10:G13) -> 3 | X10: =SUM(H10:H13) -> 0 | Y10: =SUM(I10:I13) -> 10 | Z10: =SUM(J10:J13) -> 4 | ... AF10: =SUM(P10:P13) -> 462
B11: 07.15 - 07.30 | C11: 16 | D11: 3 | E11: 2 | F11: 12 | G11: 2 | H11: 0 | I11: 3 | J11: 2 | K11: 0 | L11: 2 | M11: 101 | N11: 0 | O11: =SUM(C11:L11,N11) -> 42 | P11: =SUM(C11:N11) -> 143 | R11: 0800-0900 | S11: =SUM(C14:C17) -> 46 | T11: =SUM(D14:D17) -> 8 | U11: =SUM(E14:E17) -> 14 | V11: =SUM(F14:F17) -> 21 | W11: =SUM(G14:G17) -> 0 | X11: =SUM(H14:H17) -> 0 | Y11: =SUM(I14:I17) -> 21 | Z11: =SUM(J14:J17) -> 9 | ... AF11: =SUM(P14:P17) -> 502
B12: 07.30 - 07.45 | C12: 10 | D12: 2 | E12: 4 | F12: 7 | G12: 0 | H12: 0 | I12: 4 | J12: 2 | K12: 0 | L12: 2 | M12: 104 | N12: 0 | O12: =SUM(C12:L12,N12) -> 31 | P12: =SUM(C12:N12) -> 135 | R12: 0900-1000 | S12: =SUM(C18:C21) -> 48 | T12: =SUM(D18:D21) -> 11 | U12: =SUM(E18:E21) -> 13 | V12: =SUM(F18:F21) -> 34 | W12: =SUM(G18:G21) -> 0 | X12: =SUM(H18:H21) -> 2 | Y12: =SUM(I18:I21) -> 18 | Z12: =SUM(J18:J21) -> 6 | ... AF12: =SUM(P18:P21) -> 536
B13: 07.45 - 08.00 | C13: 8 | D13: 2 | E13: 4 | F13: 5 | G13: 1 | H13: 0 | I13: 1 | J13: 0 | K13: 0 | L13: 0 | M13: 62 | N13: 0 | O13: =SUM(C13:L13,N13) -> 21 | P13: =SUM(C13:N13) -> 83 | R13: 1000-1100 | S13: =SUM(C22:C25) -> 31 | T13: =SUM(D22:D25) -> 3 | U13: =SUM(E22:E25) -> 12 | V13: =SUM(F22:F25) -> 14 | W13: =SUM(G22:G25) -> 0 | X13: =SUM(H22:H25) -> 0 | Y13: =SUM(I22:I25) -> 19 | Z13: =SUM(J22:J25) -> 2 | ... AF13: =SUM(P22:P25) -> 422
B14: 08.00 - 08.15 | C14: 11 | D14: 0 | E14: 4 | F14: 5 | G14: 0 | H14: 0 | I14: 4 | J14: 4 | K14: 2 | L14: 0 | M14: 91 | N14: 0 | O14: =SUM(C14:L14,N14) -> 30 | P14: =SUM(C14:N14) -> 121 | R14: 1100-1200 | S14: =SUM(C26:C29) -> 44 | T14: =SUM(D26:D29) -> 12 | U14: =SUM(E26:E29) -> 12 | V14: =SUM(F26:F29) -> 15 | W14: =SUM(G26:G29) -> 1 | X14: =SUM(H26:H29) -> 0 | Y14: =SUM(I26:I29) -> 16 | Z14: =SUM(J26:J29) -> 6 | ... AF14: =SUM(P26:P29) -> 501
B15: 08.15 - 08.30 | C15: 15 | D15: 0 | E15: 3 | F15: 11 | G15: 0 | H15: 0 | I15: 9 | J15: 1 | K15: 1 | L15: 2 | M15: 128 | N15: 0 | O15: =SUM(C15:L15,N15) -> 42 | P15: =SUM(C15:N15) -> 170 | R15: 1200-1300 | S15: =SUM(C30:C33) -> 36 | T15: =SUM(D30:D33) -> 5 | U15: =SUM(E30:E33) -> 14 | V15: =SUM(F30:F33) -> 19 | W15: =SUM(G30:G33) -> 0 | X15: =SUM(H30:H33) -> 0 | Y15: =SUM(I30:I33) -> 15 | Z15: =SUM(J30:J33) -> 1 | ... AF15: =SUM(P30:P33) -> 418
B16: 08.30 - 08.45 | C16: 8 | D16: 2 | E16: 4 | F16: 3 | G16: 0 | H16: 0 | I16: 2 | J16: 1 | K16: 0 | L16: 4 | M16: 83 | N16: 0 | O16: =SUM(C16:L16,N16) -> 24 | P16: =SUM(C16:N16) -> 107 | R16: 1300-1400 | S16: =SUM(C34:C37) -> 52 | T16: =SUM(D34:D37) -> 5 | U16: =SUM(E34:E37) -> 9 | V16: =SUM(F34:F37) -> 35 | W16: =SUM(G34:G37) -> 3 | X16: =SUM(H34:H37) -> 2 | Y16: =SUM(I34:I37) -> 24 | Z16: =SUM(J34:J37) -> 2 | ... AF16: =SUM(P34:P37) -> 569
B17: 08.45 - 9.00 | C17: 12 | D17: 6 | E17: 3 | F17: 2 | G17: 0 | H17: 0 | I17: 6 | J17: 3 | K17: 2 | L17: 1 | M17: 69 | N17: 0 | O17: =SUM(C17:L17,N17) -> 35 | P17: =SUM(C17:N17) -> 104 | R17: 1400-1500 | S17: =SUM(C38:C41) -> 33 | T17: =SUM(D38:D41) -> 10 | U17: =SUM(E38:E41) -> 8 | V17: =SUM(F38:F41) -> 33 | W17: =SUM(G38:G41) -> 1 | X17: =SUM(H38:H41) -> 2 | Y17: =SUM(I38:I41) -> 13 | Z17: =SUM(J38:J41) -> 5 | ... AF17: =SUM(P38:P41) -> 424
B18: 09.00 - 09.15 | C18: 10 | D18: 3 | E18: 6 | F18: 12 | G18: 0 | H18: 2 | I18: 1 | J18: 0 | K18: 0 | L18: 0 | M18: 82 | N18: 0 | O18: =SUM(C18:L18,N18) -> 34 | P18: =SUM(C18:N18) -> 116 | R18: 1500-1600 | S18: =SUM(C42:C45) -> 29 | T18: =SUM(D42:D45) -> 7 | U18: =SUM(E42:E45) -> 8 | V18: =SUM(F42:F45) -> 19 | W18: =SUM(G42:G45) -> 1 | X18: =SUM(H42:H45) -> 1 | Y18: =SUM(I42:I45) -> 13 | Z18: =SUM(J42:J45) -> 1 | ... AF18: =SUM(P42:P45) -> 385
B19: 09.15 - 09.30 | C19: 14 | D19: 3 | E19: 3 | F19: 5 | G19: 0 | H19: 0 | I19: 3 | J19: 2 | K19: 0 | L19: 1 | M19: 121 | N19: 0 | O19: =SUM(C19:L19,N19) -> 31 | P19: =SUM(C19:N19) -> 152 | R19: 1600-1700 | S19: =SUM(C46:C49) -> 55 | T19: =SUM(D46:D49) -> 14 | U19: =SUM(E46:E49) -> 21 | V19: =SUM(F46:F49) -> 23 | W19: =SUM(G46:G49) -> 1 | X19: =SUM(H46:H49) -> 1 | Y19: =SUM(I46:I49) -> 10 | Z19: =SUM(J46:J49) -> 2 | ... AF19: =SUM(P46:P49) -> 426
B20: 09.30 - 09.45 | C20: 12 | D20: 1 | E20: 3 | F20: 7 | G20: 0 | H20: 0 | I20: 6 | J20: 1 | K20: 0 | L20: 0 | M20: 110 | N20: 0 | O20: =SUM(C20:L20,N20) -> 30 | P20: =SUM(C20:N20) -> 140 | R20: 1700-1800 | S20: =SUM(C50:C53) -> 54 | T20: =SUM(D50:D53) -> 12 | U20: =SUM(E50:E53) -> 21 | V20: =SUM(F50:F53) -> 21 | W20: =SUM(G50:G53) -> 1 | X20: =SUM(H50:H53) -> 2 | Y20: =SUM(I50:I53) -> 16 | Z20: =SUM(J50:J53) -> 2 | ... AF20: =SUM(P50:P53) -> 732
B21: 09.45 - 10.00 | C21: 12 | D21: 4 | E21: 1 | F21: 10 | G21: 0 | H21: 0 | I21: 8 | J21: 3 | K21: 0 | L21: 1 | M21: 89 | N21: 0 | O21: =SUM(C21:L21,N21) -> 39 | P21: =SUM(C21:N21) -> 128 | R21: 1800-1900 | S21: =SUM(C54:C57) -> 45 | T21: =SUM(D54:D57) -> 4 | U21: =SUM(E54:E57) -> 13 | V21: =SUM(F54:F57) -> 20 | W21: =SUM(G54:G57) -> 0 | X21: =SUM(H54:H57) -> 0 | Y21: =SUM(I54:I57) -> 9 | Z21: =SUM(J54:J57) -> 3 | ... AF21: =SUM(P54:P57) -> 556
B22: 10.00 - 10.15 | C22: 4 | D22: 0 | E22: 3 | F22: 2 | G22: 0 | H22: 0 | I22: 7 | J22: 0 | K22: 0 | L22: 1 | M22: 100 | N22: 0 | O22: =SUM(C22:L22,N22) -> 17 | P22: =SUM(C22:N22) -> 117 | R22: AM Peak Hr | S22: =MAX(S10:S12) -> 48 | T22: =MAX(T10:T12) -> 11 | U22: =MAX(U10:U12) -> 14 | V22: =MAX(V10:V12) -> 36 | W22: =MAX(W10:W12) -> 3 | X22: =MAX(X10:X12) -> 2 | Y22: =MAX(Y10:Y12) -> 21 | Z22: =MAX(Z10:Z12) -> 9 | ... AF22: =MAX(AF10:AF12) -> 536
B23: 10.15 - 10.30 | C23: 6 | D23: 0 | E23: 3 | F23: 3 | G23: 0 | H23: 0 | I23: 2 | J23: 1 | K23: 0 | L23: 1 | M23: 79 | N23: 0 | O23: =SUM(C23:L23,N23) -> 16 | P23: =SUM(C23:N23) -> 95 | R23: IP Peak Hr | S23: =MAX(S13:S18) -> 52 | T23: =MAX(T13:T18) -> 12 | U23: =MAX(U13:U18) -> 14 | V23: =MAX(V13:V18) -> 35 | W23: =MAX(W13:W18) -> 3 | X23: =MAX(X13:X18) -> 2 | Y23: =MAX(Y13:Y18) -> 24 | Z23: =MAX(Z13:Z18) -> 6 | ... AF23: =MAX(AF13:AF18) -> 569
B24: 10.30 - 10.45 | C24: 13 | D24: 2 | E24: 3 | F24: 6 | G24: 0 | H24: 0 | I24: 8 | J24: 0 | K24: 0 | L24: 0 | M24: 93 | N24: 0 | O24: =SUM(C24:L24,N24) -> 32 | P24: =SUM(C24:N24) -> 125 | R24: PM Peak Hr | S24: =MAX(S19:S21) -> 55 | T24: =MAX(T19:T21) -> 14 | U24: =MAX(U19:U21) -> 21 | V24: =MAX(V19:V21) -> 23 | W24: =MAX(W19:W21) -> 1 | X24: =MAX(X19:X21) -> 2 | Y24: =MAX(Y19:Y21) -> 16 | Z24: =MAX(Z19:Z21) -> 3 | ... AF24: =MAX(AF19:AF21) -> 732
B25: 10.45 - 11.00 | C25: 8 | D25: 1 | E25: 3 | F25: 3 | G25: 0 | H25: 0 | I25: 2 | J25: 1 | K25: 0 | L25: 0 | M25: 67 | N25: 0 | O25: =SUM(C25:L25,N25) -> 18 | P25: =SUM(C25:N25) -> 85 | R25: AM Period | S25: =SUM(S10:S12) -> 139 | T25: =SUM(T10:T12) -> 26 | U25: =SUM(U10:U12) -> 37 | V25: =SUM(V10:V12) -> 91 | W25: =SUM(W10:W12) -> 3 | X25: =SUM(X10:X12) -> 2 | Y25: =SUM(Y10:Y12) -> 49 | Z25: =SUM(Z10:Z12) -> 19 | ... AF25: =SUM(AF10:AF12) -> 1500
B26: 11.00 - 11.15 | C26: 10 | D26: 4 | E26: 8 | F26: 4 | G26: 0 | H26: 0 | I26: 4 | J26: 1 | K26: 1 | L26: 2 | M26: 82 | N26: 0 | O26: =SUM(C26:L26,N26) -> 34 | P26: =SUM(C26:N26) -> 116 | R26: IP Period | S26: =SUM(S13:S18) -> 225 | T26: =SUM(T13:T18) -> 42 | U26: =SUM(U13:U18) -> 63 | V26: =SUM(V13:V18) -> 135 | W26: =SUM(W13:W18) -> 6 | X26: =SUM(X13:X18) -> 5 | Y26: =SUM(Y13:Y18) -> 100 | Z26: =SUM(Z13:Z18) -> 17 | ... AF26: =SUM(AF13:AF18) -> 2719
B27: 11.15 - 11.30 | C27: 5 | D27: 3 | E27: 1 | F27: 2 | G27: 1 | H27: 0 | I27: 0 | J27: 1 | K27: 0 | L27: 0 | M27: 90 | N27: 0 | O27: =SUM(C27:L27,N27) -> 13 | P27: =SUM(C27:N27) -> 103 | R27: PM Period | S27: =SUM(S19:S21) -> 154 | T27: =SUM(T19:T21) -> 30 | U27: =SUM(U19:U21) -> 55 | V27: =SUM(V19:V21) -> 64 | W27: =SUM(W19:W21) -> 2 | X27: =SUM(X19:X21) -> 3 | Y27: =SUM(Y19:Y21) -> 35 | Z27: =SUM(Z19:Z21) -> 7 | ... AF27: =SUM(AF19:AF21) -> 1714
B28: 11.30 - 11.45 | C28: 13 | D28: 1 | E28: 2 | F28: 4 | G28: 0 | H28: 0 | I28: 9 | J28: 4 | K28: 0 | L28: 0 | M28: 134 | N28: 0 | O28: =SUM(C28:L28,N28) -> 33 | P28: =SUM(C28:N28) -> 167 | R28: 12 Hours | S28: =SUM(S10:S21) -> 518 | T28: =SUM(T10:T21) -> 98 | U28: =SUM(U10:U21) -> 155 | V28: =SUM(V10:V21) -> 290 | W28: =SUM(W10:W21) -> 11 | X28: =SUM(X10:X21) -> 10 | Y28: =SUM(Y10:Y21) -> 184 | Z28: =SUM(Z10:Z21) -> 43 | ... AF28: =SUM(AF10:AF21) -> 5933
B29: 11.45 - 12.00 | C29: 16 | D29: 4 | E29: 1 | F29: 5 | G29: 0 | H29: 0 | I29: 3 | J29: 0 | K29: 0 | L29: 0 | M29: 86 | N29: 0 | O29: =SUM(C29:L29,N29) -> 29 | P29: =SUM(C29:N29) -> 115
B30: 12.00 - 12.15 | C30: 10 | D30: 2 | E30: 4 | F30: 4 | G30: 0 | H30: 0 | I30: 3 | J30: 0 | K30: 0 | L30: 0 | M30: 97 | N30: 0 | O30: =SUM(C30:L30,N30) -> 23 | P30: =SUM(C30:N30) -> 120
B31: 12.15 - 12.30 | C31: 6 | D31: 0 | E31: 3 | F31: 5 | G31: 0 | H31: 0 | I31: 0 | J31: 0 | K31: 0 | L31: 1 | M31: 67 | N31: 0 | O31: =SUM(C31:L31,N31) -> 15 | P31: =SUM(C31:N31) -> 82
B32: 12.30 - 12.45 | C32: 4 | D32: 0 | E32: 4 | F32: 3 | G32: 0 | H32: 0 | I32: 5 | J32: 0 | K32: 1 | L32: 0 | M32: 70 | N32: 0 | O32: =SUM(C32:L32,N32) -> 17 | P32: =SUM(C32:N32) -> 87
B33: 12.45 - 13.00 | C33: 16 | D33: 3 | E33: 3 | F33: 7 | G33: 0 | H33: 0 | I33: 7 | J33: 1 | K33: 0 | L33: 1 | M33: 91 | N33: 0 | O33: =SUM(C33:L33,N33) -> 38 | P33: =SUM(C33:N33) -> 129
B34: 13.00 - 13.15 | C34: 13 | D34: 2 | E34: 1 | F34: 13 | G34: 1 | H34: 1 | I34: 5 | J34: 1 | K34: 0 | L34: 0 | M34: 103 | N34: 0 | O34: =SUM(C34:L34,N34) -> 37 | P34: =SUM(C34:N34) -> 140
B35: 13.15 - 13.30 | C35: 15 | D35: 1 | E35: 2 | F35: 8 | G35: 2 | H35: 0 | I35: 5 | J35: 0 | K35: 0 | L35: 0 | M35: 122 | N35: 0 | O35: =SUM(C35:L35,N35) -> 33 | P35: =SUM(C35:N35) -> 155
B36: 13.30 - 13.45 | C36: 11 | D36: 2 | E36: 3 | F36: 10 | G36: 0 | H36: 0 | I36: 3 | J36: 1 | K36: 0 | L36: 2 | M36: 109 | N36: 0 | O36: =SUM(C36:L36,N36) -> 32 | P36: =SUM(C36:N36) -> 141
B37: 13.45 - 14.00 | C37: 13 | D37: 0 | E37: 3 | F37: 4 | G37: 0 | H37: 1 | I37: 11 | J37: 0 | K37: 1 | L37: 0 | M37: 100 | N37: 0 | O37: =SUM(C37:L37,N37) -> 33 | P37: =SUM(C37:N37) -> 133
B38: 14.00 - 14.15 | C38: 6 | D38: 1 | E38: 1 | F38: 4 | G38: 1 | H38: 1 | I38: 3 | J38: 1 | K38: 0 | L38: 1 | M38: 75 | N38: 0 | O38: =SUM(C38:L38,N38) -> 19 | P38: =SUM(C38:N38) -> 94
B39: 14.15 - 14.30 | C39: 11 | D39: 3 | E39: 2 | F39: 13 | G39: 0 | H39: 1 | I39: 6 | J39: 3 | K39: 2 | L39: 1 | M39: 76 | N39: 0 | O39: =SUM(C39:L39,N39) -> 42 | P39: =SUM(C39:N39) -> 118
B40: 14.30 - 14.45 | C40: 3 | D40: 3 | E40: 2 | F40: 4 | G40: 0 | H40: 0 | I40: 2 | J40: 0 | K40: 0 | L40: 0 | M40: 39 | N40: 0 | O40: =SUM(C40:L40,N40) -> 14 | P40: =SUM(C40:N40) -> 53
... B57: 18.45 - 19.00 | C57: 11 | D57: 1 | E57: 1 | F57: 6 | G57: 0 | H57: 0 | I57: 4 | J57: 2 | K57: 0 | L57: 0 | M57: 188 | N57: 0 | O57: =SUM(C57:L57,N57) -> 25 | P57: =SUM(C57:N57) -> 213
B58: Totals | C58: =SUM(C10:C57) -> 518 | D58: =SUM(D10:D57) -> 98 | E58: =SUM(E10:E57) -> 155 | F58: =SUM(F10:F57) -> 290 | G58: =SUM(G10:G57) -> 11 | H58: =SUM(H10:H57) -> 10 | I58: =SUM(I10:I57) -> 184 | J58: =SUM(J10:J57) -> 43 | ... P58: =SUM(P10:P57) -> 5933
B59: %ges + MCs | C59: =C58/$P$58 -> 0.087308276 | D59: =D58/$P$58 -> 0.016517782 | E59: =E58/$P$58 -> 0.026125063 | F59: =F58/$P$58 -> 0.048879151 | G59: =G58/$P$58 -> 0.0018540367 | H59: =H58/$P$58 -> 0.0016854879 | I59: =I58/$P$58 -> 0.031012978 | J59: =J58/$P$58 -> 0.0072475982 | ... N59: =N58/$P$58 -> 0
B60: %ges w/o MCs | C60: =C58/$O$58 -> 0.38088235 | D60: =D58/$O$58 -> 0.072058824 | E60: =E58/$O$58 -> 0.11397059 | F60: =F58/$O$58 -> 0.21323529 | G60: =G58/$O$58 -> 0.0080882353 | H60: =H58/$O$58 -> 0.0073529412 | I60: =I58/$O$58 -> 0.13529412 | J60: =J58/$O$58 -> 0.031617647 | ... L60: =L58/$O$58 -> 0.027941176 | N60: =N58/$O$58 -> 0

Sheet 30.10 Kasese-Fort Portal
B1: Consultancy services for Preparation of Expressway Development Master Plan (EDMP) for Uganda
B2: MANUAL CLASSIFIED COUNT (MCC)
B3: ROAD NAME: | C3: ='25.10 Kasese-Fort Portal'!C3:G3 -> MCC - C4 - STN106
C5: Date | D5: 30.10.19 | F5: Location | G5: ='29.10 Fort Portal-Kasese'!G5:H5 -> Kisanga B | J5: Surveyor | K5: ='29.10 Fort Portal-Kasese'!K5:L5 -> Onyuti Betty
C6: Dir. From | D6: ='25.10 Kasese-Fort Portal'!D6:E6 -> Kasese | F6: Dir. To | G6: ='25.10 Kasese-Fort Portal'!G6:H6 -> Fort Portal | J6: Supervisor | K6: ='29.10 Fort Portal-Kasese'!K6:L6 -> Onyuti Betty
B8: Time / Veh Type | R8: SUMMARY TRAFFIC VOLUMES
C9: 1. Car | D9: 2. Station Wagon | E9: 3. Pickups | F9: 4. Minibus, matatu | G9: 5. Medium bus | H9: 6. Large Bus | I9: 7. Light Truck | J9: 8. Medium Truck | K9: 9. Heavy truck | L9: 10. Truck Trailer | M9: 11. Motor cycles | N9: 12. Tractors | O9: Total Excl M/Cycles | P9: Total All | R9: Time | S9: 1. Car | T9: 2. Station Wagon | U9: 3. Pickups | V9: 4. Minibus, matatu | W9: 5. Medium bus | X9: 6. Large Bus | Y9: 7. Light Truck | Z9: 8. Medium Truck | AA9: 9. Heavy truck | AB9: 10. Truck Trailer | AC9: 11. Motorcycles | AD9: 12. Tractors, Graders | AE9: Total Excl M/ Cycles | AF9: Total All
B10: 07.00 - 07.15 | C10: 8 | D10: 1 | E10: 0 | F10: 4 | G10: 0 | H10: 0 | I10: 0 | J10: 1 | K10: 0 | L10: 0 | M10: 80 | N10: 0 | O10: =SUM(C10:L10,N10) -> 14 | P10: =SUM(C10:N10) -> 94 | R10: 0700-0800 | S10: =SUM(C10:C13) -> 41 | T10: =SUM(D10:D13) -> 6 | U10: =SUM(E10:E13) -> 7 | V10: =SUM(F10:F13) -> 13 | W10: =SUM(G10:G13) -> 0 | X10: =SUM(H10:H13) -> 0 | Y10: =SUM(I10:I13) -> 9 | Z10: =SUM(J10:J13) -> 3 | ... AF10: =SUM(P10:P13) -> 519
B11: 07.15 - 07.30 | C11: 14 | D11: 1 | E11: 1 | F11: 2 | G11: 0 | H11: 0 | I11: 0 | J11: 1 | K11: 0 | L11: 0 | M11: 98 | N11: 0 | O11: =SUM(C11:L11,N11) -> 19 | P11: =SUM(C11:N11) -> 117 | R11: 0800-0900 | S11: =SUM(C14:C17) -> 40 | T11: =SUM(D14:D17) -> 8 | U11: =SUM(E14:E17) -> 19 | V11: =SUM(F14:F17) -> 27 | W11: =SUM(G14:G17) -> 3 | X11: =SUM(H14:H17) -> 3 | Y11: =SUM(I14:I17) -> 8 | Z11: =SUM(J14:J17) -> 3 | ... AF11: =SUM(P14:P17) -> 493
B12: 07.30 - 07.45 | C12: 10 | D12: 1 | E12: 3 | F12: 2 | G12: 0 | H12: 0 | I12: 7 | J12: 1 | K12: 0 | L12: 1 | M12: 145 | N12: 0 | O12: =SUM(C12:L12,N12) -> 25 | P12: =SUM(C12:N12) -> 170 | R12: 0900-1000 | S12: =SUM(C18:C21) -> 62 | T12: =SUM(D18:D21) -> 18 | U12: =SUM(E18:E21) -> 30 | V12: =SUM(F18:F21) -> 32 | W12: =SUM(G18:G21) -> 0 | X12: =SUM(H18:H21) -> 1 | Y12: =SUM(I18:I21) -> 11 | Z12: =SUM(J18:J21) -> 7 | ... AF12: =SUM(P18:P21) -> 495
B13: 07.45 - 08.00 | C13: 9 | D13: 3 | E13: 3 | F13: 5 | G13: 0 | H13: 0 | I13: 2 | J13: 0 | K13: 0 | L13: 2 | M13: 114 | N13: 0 | O13: =SUM(C13:L13,N13) -> 24 | P13: =SUM(C13:N13) -> 138 | R13: 1000-1100 | S13: =SUM(C22:C25) -> 53 | T13: =SUM(D22:D25) -> 11 | U13: =SUM(E22:E25) -> 14 | V13: =SUM(F22:F25) -> 17 | W13: =SUM(G22:G25) -> 1 | X13: =SUM(H22:H25) -> 2 | Y13: =SUM(I22:I25) -> 16 | Z13: =SUM(J22:J25) -> 6 | ... AF13: =SUM(P22:P25) -> 526
B14: 08.00 - 08.15 | C14: 7 | D14: 1 | E14: 5 | F14: 4 | G14: 0 | H14: 1 | I14: 3 | J14: 0 | K14: 0 | L14: 1 | M14: 112 | N14: 0 | O14: =SUM(C14:L14,N14) -> 22 | P14: =SUM(C14:N14) -> 134 | R14: 1100-1200 | S14: =SUM(C26:C29) -> 46 | T14: =SUM(D26:D29) -> 7 | U14: =SUM(E26:E29) -> 12 | V14: =SUM(F26:F29) -> 22 | W14: =SUM(G26:G29) -> 0 | X14: =SUM(H26:H29) -> 2 | Y14: =SUM(I26:I29) -> 17 | Z14: =SUM(J26:J29) -> 4 | ... AF14: =SUM(P26:P29) -> 472
B15: 08.15 - 08.30 | C15: 10 | D15: 3 | E15: 7 | F15: 8 | G15: 0 | H15: 0 | I15: 2 | J15: 2 | K15: 0 | L15: 0 | M15: 113 | N15: 0 | O15: =SUM(C15:L15,N15) -> 32 | P15: =SUM(C15:N15) -> 145 | R15: 1200-1300 | S15: =SUM(C30:C33) -> 24 | T15: =SUM(D30:D33) -> 6 | U15: =SUM(E30:E33) -> 14 | V15: =SUM(F30:F33) -> 25 | W15: =SUM(G30:G33) -> 0 | X15: =SUM(H30:H33) -> 2 | Y15: =SUM(I30:I33) -> 13 | Z15: =SUM(J30:J33) -> 1 | ... AF15: =SUM(P30:P33) -> 428
B16: 08.30 - 08.45 | C16: 11 | D16: 3 | E16: 3 | F16: 7 | G16: 1 | H16: 1 | I16: 1 | J16: 0 | K16: 0 | L16: 3 | M16: 63 | N16: 0 | O16: =SUM(C16:L16,N16) -> 30 | P16: =SUM(C16:N16) -> 93 | R16: 1300-1400 | S16: =SUM(C34:C37) -> 30 | T16: =SUM(D34:D37) -> 12 | U16: =SUM(E34:E37) -> 17 | V16: =SUM(F34:F37) -> 29 | W16: =SUM(G34:G37) -> 1 | X16: =SUM(H34:H37) -> 1 | Y16: =SUM(I34:I37) -> 16 | Z16: =SUM(J34:J37) -> 2 | ... AF16: =SUM(P34:P37) -> 442
B17: 08.45 - 9.00 | C17: 12 | D17: 1 | E17: 4 | F17: 8 | G17: 2 | H17: 1 | I17: 2 | J17: 1 | K17: 0 | L17: 0 | M17: 90 | N17: 0 | O17: =SUM(C17:L17,N17) -> 31 | P17: =SUM(C17:N17) -> 121 | R17: 1400-1500 | S17: =SUM(C38:C41) -> 33 | T17: =SUM(D38:D41) -> 9 | U17: =SUM(E38:E41) -> 24 | V17: =SUM(F38:F41) -> 27 | W17: =SUM(G38:G41) -> 1 | X17: =SUM(H38:H41) -> 2 | Y17: =SUM(I38:I41) -> 14 | Z17: =SUM(J38:J41) -> 6 | ... AF17: =SUM(P38:P41) -> 483
B18: 09.00 - 09.15 | C18: 12 | D18: 7 | E18: 9 | F18: 9 | G18: 0 | H18: 0 | I18: 2 | J18: 1 | K18: 0 | L18: 1 | M18: 106 | N18: 0 | O18: =SUM(C18:L18,N18) -> 41 | P18: =SUM(C18:N18) -> 147 | R18: 1500-1600 | S18: =SUM(C42:C45) -> 24 | T18: =SUM(D42:D45) -> 11 | U18: =SUM(E42:E45) -> 15 | V18: =SUM(F42:F45) -> 29 | W18: =SUM(G42:G45) -> 1 | X18: =SUM(H42:H45) -> 0 | Y18: =SUM(I42:I45) -> 18 | Z18: =SUM(J42:J45) -> 2 | ... AF18: =SUM(P42:P45) -> 492
B19: 09.15 - 09.30 | C19: 8 | D19: 1 | E19: 3 | F19: 5 | G19: 0 | H19: 0 | I19: 6 | J19: 0 | K19: 0 | L19: 0 | M19: 62 | N19: 0 | O19: =SUM(C19:L19,N19) -> 23 | P19: =SUM(C19:N19) -> 85 | R19: 1600-1700 | S19: =SUM(C46:C49) -> 47 | T19: =SUM(D46:D49) -> 10 | U19: =SUM(E46:E49) -> 12 | V19: =SUM(F46:F49) -> 30 | W19: =SUM(G46:G49) -> 0 | X19: =SUM(H46:H49) -> 0 | Y19: =SUM(I46:I49) -> 8 | Z19: =SUM(J46:J49) -> 6 | ... AF19: =SUM(P46:P49) -> 452
B20: 09.30 - 09.45 | C20: 18 | D20: 8 | E20: 8 | F20: 12 | G20: 0 | H20: 1 | I20: 0 | J20: 5 | K20: 0 | L20: 0 | M20: 91 | N20: 0 | O20: =SUM(C20:L20,N20) -> 52 | P20: =SUM(C20:N20) -> 143 | R20: 1700-1800 | S20: =SUM(C50:C53) -> 53 | T20: =SUM(D50:D53) -> 10 | U20: =SUM(E50:E53) -> 17 | V20: =SUM(F50:F53) -> 28 | W20: =SUM(G50:G53) -> 1 | X20: =SUM(H50:H53) -> 1 | Y20: =SUM(I50:I53) -> 15 | Z20: =SUM(J50:J53) -> 5 | ... AF20: =SUM(P50:P53) -> 619
B21: 09.45 - 10.00 | C21: 24 | D21: 2 | E21: 10 | F21: 6 | G21: 0 | H21: 0 | I21: 3 | J21: 1 | K21: 0 | L21: 0 | M21: 74 | N21: 0 | O21: =SUM(C21:L21,N21) -> 46 | P21: =SUM(C21:N21) -> 120 | R21: 1800-1900 | S21: =SUM(C54:C57) -> 48 | T21: =SUM(D54:D57) -> 4 | U21: =SUM(E54:E57) -> 21 | V21: =SUM(F54:F57) -> 31 | W21: =SUM(G54:G57) -> 0 | X21: =SUM(H54:H57) -> 0 | Y21: =SUM(I54:I57) -> 11 | Z21: =SUM(J54:J57) -> 3 | ... AF21: =SUM(P54:P57) -> 530
B22: 10.00 - 10.15 | C22: 17 | D22: 2 | E22: 4 | F22: 6 | G22: 0 | H22: 1 | I22: 5 | J22: 0 | K22: 0 | L22: 0 | M22: 98 | N22: 0 | O22: =SUM(C22:L22,N22) -> 35 | P22: =SUM(C22:N22) -> 133 | R22: AM Peak Hr | S22: =MAX(S10:S12) -> 62 | T22: =MAX(T10:T12) -> 18 | U22: =MAX(U10:U12) -> 30 | V22: =MAX(V10:V12) -> 32 | W22: =MAX(W10:W12) -> 3 | X22: =MAX(X10:X12) -> 3 | Y22: =MAX(Y10:Y12) -> 11 | Z22: =MAX(Z10:Z12) -> 7 | ... AF22: =MAX(AF10:AF12) -> 519
B23: 10.15 - 10.30 | C23: 14 | D23: 3 | E23: 3 | F23: 3 | G23: 1 | H23: 0 | I23: 4 | J23: 1 | K23: 0 | L23: 0 | M23: 91 | N23: 0 | O23: =SUM(C23:L23,N23) -> 29 | P23: =SUM(C23:N23) -> 120 | R23: IP Peak Hr | S23: =MAX(S13:S18) -> 53 | T23: =MAX(T13:T18) -> 12 | U23: =MAX(U13:U18) -> 24 | V23: =MAX(V13:V18) -> 29 | W23: =MAX(W13:W18) -> 1 | X23: =MAX(X13:X18) -> 2 | Y23: =MAX(Y13:Y18) -> 18 | Z23: =MAX(Z13:Z18) -> 6 | ... AF23: =MAX(AF13:AF18) -> 526
B24: 10.30 - 10.45 | C24: 14 | D24: 3 | E24: 3 | F24: 5 | G24: 0 | H24: 1 | I24: 6 | J24: 2 | K24: 0 | L24: 0 | M24: 116 | N24: 0 | O24: =SUM(C24:L24,N24) -> 34 | P24: =SUM(C24:N24) -> 150 | R24: PM Peak Hr | S24: =MAX(S19:S21) -> 53 | T24: =MAX(T19:T21) -> 10 | U24: =MAX(U19:U21) -> 21 | V24: =MAX(V19:V21) -> 31 | W24: =MAX(W19:W21) -> 1 | X24: =MAX(X19:X21) -> 1 | Y24: =MAX(Y19:Y21) -> 15 | Z24: =MAX(Z19:Z21) -> 6 | ... AF24: =MAX(AF19:AF21) -> 619
B25: 10.45 - 11.00 | C25: 8 | D25: 3 | E25: 4 | F25: 3 | G25: 0 | H25: 0 | I25: 1 | J25: 3 | K25: 1 | L25: 0 | M25: 100 | N25: 0 | O25: =SUM(C25:L25,N25) -> 23 | P25: =SUM(C25:N25) -> 123 | R25: AM Period | S25: =SUM(S10:S12) -> 143 | T25: =SUM(T10:T12) -> 32 | U25: =SUM(U10:U12) -> 56 | V25: =SUM(V10:V12) -> 72 | W25: =SUM(W10:W12) -> 3 | X25: =SUM(X10:X12) -> 4 | Y25: =SUM(Y10:Y12) -> 28 | Z25: =SUM(Z10:Z12) -> 13 | ... AF25: =SUM(AF10:AF12) -> 1507
B26: 11.00 - 11.15 | C26: 18 | D26: 3 | E26: 3 | F26: 5 | G26: 0 | H26: 1 | I26: 5 | J26: 2 | K26: 2 | L26: 2 | M26: 120 | N26: 0 | O26: =SUM(C26:L26,N26) -> 41 | P26: =SUM(C26:N26) -> 161 | R26: IP Period | S26: =SUM(S13:S18) -> 210 | T26: =SUM(T13:T18) -> 56 | U26: =SUM(U13:U18) -> 96 | V26: =SUM(V13:V18) -> 149 | W26: =SUM(W13:W18) -> 4 | X26: =SUM(X13:X18) -> 9 | Y26: =SUM(Y13:Y18) -> 94 | Z26: =SUM(Z13:Z18) -> 21 | ... AF26: =SUM(AF13:AF18) -> 2843
B27: 11.15 - 11.30 | C27: 5 | D27: 2 | E27: 3 | F27: 5 | G27: 0 | H27: 0 | I27: 0 | J27: 1 | K27: 0 | L27: 1 | M27: 82 | N27: 0 | O27: =SUM(C27:L27,N27) -> 17 | P27: =SUM(C27:N27) -> 99 | R27: PM Period | S27: =SUM(S19:S21) -> 148 | T27: =SUM(T19:T21) -> 24 | U27: =SUM(U19:U21) -> 50 | V27: =SUM(V19:V21) -> 89 | W27: =SUM(W19:W21) -> 1 | X27: =SUM(X19:X21) -> 1 | Y27: =SUM(Y19:Y21) -> 34 | Z27: =SUM(Z19:Z21) -> 14 | ... AF27: =SUM(AF19:AF21) -> 1601
B28: 11.30 - 11.45 | C28: 7 | D28: 2 | E28: 1 | F28: 5 | G28: 0 | H28: 1 | I28: 8 | J28: 0 | K28: 0 | L28: 0 | M28: 71 | N28: 0 | O28: =SUM(C28:L28,N28) -> 24 | P28: =SUM(C28:N28) -> 95 | R28: 12 Hours | S28: =SUM(S10:S21) -> 501 | T28: =SUM(T10:T21) -> 112 | U28: =SUM(U10:U21) -> 202 | V28: =SUM(V10:V21) -> 310 | W28: =SUM(W10:W21) -> 8 | X28: =SUM(X10:X21) -> 14 | Y28: =SUM(Y10:Y21) -> 156 | Z28: =SUM(Z10:Z21) -> 48 | ... AF28: =SUM(AF10:AF21) -> 5951
B29: 11.45 - 12.00 | C29: 16 | D29: 0 | E29: 5 | F29: 7 | G29: 0 | H29: 0 | I29: 4 | J29: 1 | K29: 2 | L29: 0 | M29: 82 | N29: 0 | O29: =SUM(C29:L29,N29) -> 35 | P29: =SUM(C29:N29) -> 117
B30: 12.00 - 12.15 | C30: 7 | D30: 3 | E30: 3 | F30: 6 | G30: 0 | H30: 0 | I30: 4 | J30: 0 | K30: 0 | L30: 1 | M30: 86 | N30: 0 | O30: =SUM(C30:L30,N30) -> 24 | P30: =SUM(C30:N30) -> 110
B31: 12.15 - 12.30 | C31: 6 | D31: 2 | E31: 6 | F31: 8 | G31: 0 | H31: 1 | I31: 4 | J31: 0 | K31: 1 | L31: 0 | M31: 104 | N31: 0 | O31: =SUM(C31:L31,N31) -> 28 | P31: =SUM(C31:N31) -> 132
B32: 12.30 - 12.45 | C32: 6 | D32: 0 | E32: 1 | F32: 7 | G32: 0 | H32: 0 | I32: 2 | J32: 0 | K32: 0 | L32: 1 | M32: 67 | N32: 0 | O32: =SUM(C32:L32,N32) -> 17 | P32: =SUM(C32:N32) -> 84
B33: 12.45 - 13.00 | C33: 5 | D33: 1 | E33: 4 | F33: 4 | G33: 0 | H33: 1 | I33: 3 | J33: 1 | K33: 0 | L33: 0 | M33: 83 | N33: 0 | O33: =SUM(C33:L33,N33) -> 19 | P33: =SUM(C33:N33) -> 102
B34: 13.00 - 13.15 | C34: 8 | D34: 5 | E34: 8 | F34: 8 | G34: 0 | H34: 0 | I34: 5 | J34: 0 | K34: 0 | L34: 2 | M34: 87 | N34: 0 | O34: =SUM(C34:L34,N34) -> 36 | P34: =SUM(C34:N34) -> 123
B35: 13.15 - 13.30 | C35: 9 | D35: 4 | E35: 4 | F35: 11 | G35: 0 | H35: 1 | I35: 5 | J35: 0 | K35: 0 | L35: 0 | M35: 86 | N35: 0 | O35: =SUM(C35:L35,N35) -> 34 | P35: =SUM(C35:N35) -> 120
B36: 13.30 - 13.45 | C36: 2 | D36: 1 | E36: 2 | F36: 4 | G36: 0 | H36: 0 | I36: 2 | J36: 0 | K36: 0 | L36: 2 | M36: 52 | N36: 0 | O36: =SUM(C36:L36,N36) -> 13 | P36: =SUM(C36:N36) -> 65
B37: 13.45 - 14.00 | C37: 11 | D37: 2 | E37: 3 | F37: 6 | G37: 1 | H37: 0 | I37: 4 | J37: 2 | K37: 0 | L37: 1 | M37: 104 | N37: 0 | O37: =SUM(C37:L37,N37) -> 30 | P37: =SUM(C37:N37) -> 134
B38: 14.00 - 14.15 | C38: 7 | D38: 2 | E38: 10 | F38: 10 | G38: 0 | H38: 1 | I38: 6 | J38: 1 | K38: 0 | L38: 1 | M38: 92 | N38: 0 | O38: =SUM(C38:L38,N38) -> 38 | P38: =SUM(C38:N38) -> 130
B39: 14.15 - 14.30 | C39: 7 | D39: 4 | E39: 2 | F39: 2 | G39: 0 | H39: 1 | I39: 3 | J39: 3 | K39: 0 | L39: 2 | M39: 85 | N39: 0 | O39: =SUM(C39:L39,N39) -> 24 | P39: =SUM(C39:N39) -> 109
B40: 14.30 - 14.45 | C40: 9 | D40: 2 | E40: 6 | F40: 10 | G40: 1 | H40: 0 | I40: 3 | J40: 1 | K40: 1 | L40: 2 | M40: 113 | N40: 0 | O40: =SUM(C40:L40,N40) -> 35 | P40: =SUM(C40:N40) -> 148
... B57: 18.45 - 19.00 | C57: 14 | D57: 1 | E57: 3 | F57: 6 | G57: 0 | H57: 0 | I57: 3 | J57: 2 | K57: 0 | L57: 1 | M57: 118 | N57: 0 | O57: =SUM(C57:L57,N57) -> 30 | P57: =SUM(C57:N57) -> 148
B58: Totals | C58: =SUM(C10:C57) -> 501 | D58: =SUM(D10:D57) -> 112 | E58: =SUM(E10:E57) -> 202 | F58: =SUM(F10:F57) -> 310 | G58: =SUM(G10:G57) -> 8 | H58: =SUM(H10:H57) -> 14 | I58: =SUM(I10:I57) -> 156 | J58: =SUM(J10:J57) -> 48 | ... P58: =SUM(P10:P57) -> 5951
B59: %ges + MCs | C59: =C58/$P$58 -> 0.084187532 | D59: =D58/$P$58 -> 0.018820366 | E59: =E58/$P$58 -> 0.033943875 | F59: =F58/$P$58 -> 0.052092085 | G59: =G58/$P$58 -> 0.0013443119 | H59: =H58/$P$58 -> 0.0023525458 | I59: =I58/$P$58 -> 0.026214082 | J59: =J58/$P$58 -> 0.0080658713 | ... N59: =N58/$P$58 -> 0
B60: %ges w/o MCs | C60: =C58/$O$58 -> 0.35582386 | D60: =D58/$O$58 -> 0.079545455 | E60: =E58/$O$58 -> 0.14346591 | F60: =F58/$O$58 -> 0.22017045 | G60: =G58/$O$58 -> 0.0056818182 | H60: =H58/$O$58 -> 0.0099431818 | I60: =I58/$O$58 -> 0.11079545 | J60: =J58/$O$58 -> 0.034090909 | ... L60: =L58/$O$58 -> 0.028409091 | N60: =N58/$O$58 -> 0

Sheet 30.10 Fort Portal-Kasese
B1: Consultancy services for Preparation of Expressway Development Master Plan (EDMP) for Uganda
B2: MANUAL CLASSIFIED COUNT (MCC)
B3: ROAD NAME: | C3: ='25.10 Fort Portal-Kasese'!C3:G3 -> MCC - C4 - STN106
C5: Date | D5: ='30.10 Kasese-Fort Portal'!D5 -> 30.10.19 | F5: Location | G5: ='30.10 Kasese-Fort Portal'!G5:H5 -> Kisanga B | J5: Surveyor | K5: ='30.10 Kasese-Fort Portal'!K5:L5 -> Onyuti Betty
C6: Dir. From | D6: ='25.10 Fort Portal-Kasese'!D6:E6 -> Fort Portal | F6: Dir. To | G6: ='25.10 Fort Portal-Kasese'!G6:H6 -> Kasese | J6: Supervisor | K6: ='30.10 Kasese-Fort Portal'!K6:L6 -> Onyuti Betty
B8: Time / Veh Type | R8: SUMMARY TRAFFIC VOLUMES
C9: 1. Car | D9: 2. Station Wagon | E9: 3. Pickups | F9: 4. Minibus, matatu | G9: 5. Medium bus | H9: 6. Large Bus | I9: 7. Light Truck | J9: 8. Medium Truck | K9: 9. Heavy truck | L9: 10. Truck Trailer | M9: 11. Motor cycles | N9: 12. Tractors | O9: Total Excl M/Cycles | P9: Total All | R9: Time | S9: 1. Car | T9: 2. Station Wagon | U9: 3. Pickups | V9: 4. Minibus, matatu | W9: 5. Medium bus | X9: 6. Large Bus | Y9: 7. Light Truck | Z9: 8. Medium Truck | AA9: 9. Heavy truck | AB9: 10. Truck Trailer | AC9: 11. Motorcycles | AD9: 12. Tractors, Graders | AE9: Total Excl M/ Cycles | AF9: Total All
B10: 07.00 - 07.15 | C10: 5 | D10: 2 | E10: 3 | F10: 6 | G10: 1 | H10: 1 | I10: 1 | J10: 1 | K10: 0 | L10: 0 | M10: 100 | N10: 0 | O10: =SUM(C10:L10,N10) -> 20 | P10: =SUM(C10:N10) -> 120 | R10: 0700-0800 | S10: =SUM(C10:C13) -> 37 | T10: =SUM(D10:D13) -> 4 | U10: =SUM(E10:E13) -> 10 | V10: =SUM(F10:F13) -> 27 | W10: =SUM(G10:G13) -> 2 | X10: =SUM(H10:H13) -> 1 | Y10: =SUM(I10:I13) -> 6 | Z10: =SUM(J10:J13) -> 5 | ... AF10: =SUM(P10:P13) -> 650
B11: 07.15 - 07.30 | C11: 6 | D11: 1 | E11: 2 | F11: 4 | G11: 0 | H11: 0 | I11: 1 | J11: 1 | K11: 0 | L11: 0 | M11: 99 | N11: 0 | O11: =SUM(C11:L11,N11) -> 15 | P11: =SUM(C11:N11) -> 114 | R11: 0800-0900 | S11: =SUM(C14:C17) -> 44 | T11: =SUM(D14:D17) -> 11 | U11: =SUM(E14:E17) -> 19 | V11: =SUM(F14:F17) -> 28 | W11: =SUM(G14:G17) -> 0 | X11: =SUM(H14:H17) -> 0 | Y11: =SUM(I14:I17) -> 10 | Z11: =SUM(J14:J17) -> 9 | ... AF11: =SUM(P14:P17) -> 577
B12: 07.30 - 07.45 | C12: 19 | D12: 1 | E12: 1 | F12: 10 | G12: 0 | H12: 0 | I12: 2 | J12: 2 | K12: 0 | L12: 1 | M12: 187 | N12: 0 | O12: =SUM(C12:L12,N12) -> 36 | P12: =SUM(C12:N12) -> 223 | R12: 0900-1000 | S12: =SUM(C18:C21) -> 39 | T12: =SUM(D18:D21) -> 15 | U12: =SUM(E18:E21) -> 25 | V12: =SUM(F18:F21) -> 19 | W12: =SUM(G18:G21) -> 0 | X12: =SUM(H18:H21) -> 6 | Y12: =SUM(I18:I21) -> 12 | Z12: =SUM(J18:J21) -> 5 | ... AF12: =SUM(P18:P21) -> 664
B13: 07.45 - 08.00 | C13: 7 | D13: 0 | E13: 4 | F13: 7 | G13: 1 | H13: 0 | I13: 2 | J13: 1 | K13: 0 | L13: 0 | M13: 171 | N13: 0 | O13: =SUM(C13:L13,N13) -> 22 | P13: =SUM(C13:N13) -> 193 | R13: 1000-1100 | S13: =SUM(C22:C25) -> 55 | T13: =SUM(D22:D25) -> 10 | U13: =SUM(E22:E25) -> 16 | V13: =SUM(F22:F25) -> 25 | W13: =SUM(G22:G25) -> 1 | X13: =SUM(H22:H25) -> 1 | Y13: =SUM(I22:I25) -> 13 | Z13: =SUM(J22:J25) -> 7 | ... AF13: =SUM(P22:P25) -> 769
B14: 08.00 - 08.15 | C14: 14 | D14: 3 | E14: 7 | F14: 10 | G14: 0 | H14: 0 | I14: 2 | J14: 3 | K14: 0 | L14: 0 | M14: 127 | N14: 0 | O14: =SUM(C14:L14,N14) -> 39 | P14: =SUM(C14:N14) -> 166 | R14: 1100-1200 | S14: =SUM(C26:C29) -> 45 | T14: =SUM(D26:D29) -> 4 | U14: =SUM(E26:E29) -> 14 | V14: =SUM(F26:F29) -> 16 | W14: =SUM(G26:G29) -> 0 | X14: =SUM(H26:H29) -> 0 | Y14: =SUM(I26:I29) -> 10 | Z14: =SUM(J26:J29) -> 5 | ... AF14: =SUM(P26:P29) -> 585
B15: 08.15 - 08.30 | C15: 11 | D15: 2 | E15: 4 | F15: 7 | G15: 0 | H15: 0 | I15: 3 | J15: 4 | K15: 0 | L15: 0 | M15: 117 | N15: 0 | O15: =SUM(C15:L15,N15) -> 31 | P15: =SUM(C15:N15) -> 148 | R15: 1200-1300 | S15: =SUM(C30:C33) -> 48 | T15: =SUM(D30:D33) -> 2 | U15: =SUM(E30:E33) -> 14 | V15: =SUM(F30:F33) -> 32 | W15: =SUM(G30:G33) -> 0 | X15: =SUM(H30:H33) -> 0 | Y15: =SUM(I30:I33) -> 12 | Z15: =SUM(J30:J33) -> 1 | ... AF15: =SUM(P30:P33) -> 625
B16: 08.30 - 08.45 | C16: 9 | D16: 3 | E16: 5 | F16: 5 | G16: 0 | H16: 0 | I16: 2 | J16: 0 | K16: 1 | L16: 2 | M16: 92 | N16: 0 | O16: =SUM(C16:L16,N16) -> 27 | P16: =SUM(C16:N16) -> 119 | R16: 1300-1400 | S16: =SUM(C34:C37) -> 34 | T16: =SUM(D34:D37) -> 5 | U16: =SUM(E34:E37) -> 7 | V16: =SUM(F34:F37) -> 18 | W16: =SUM(G34:G37) -> 1 | X16: =SUM(H34:H37) -> 2 | Y16: =SUM(I34:I37) -> 12 | Z16: =SUM(J34:J37) -> 0 | ... AF16: =SUM(P34:P37) -> 463
B17: 08.45 - 9.00 | C17: 10 | D17: 3 | E17: 3 | F17: 6 | G17: 0 | H17: 0 | I17: 3 | J17: 2 | K17: 3 | L17: 2 | M17: 112 | N17: 0 | O17: =SUM(C17:L17,N17) -> 32 | P17: =SUM(C17:N17) -> 144 | R17: 1400-1500 | S17: =SUM(C38:C41) -> 81 | T17: =SUM(D38:D41) -> 11 | U17: =SUM(E38:E41) -> 17 | V17: =SUM(F38:F41) -> 29 | W17: =SUM(G38:G41) -> 1 | X17: =SUM(H38:H41) -> 1 | Y17: =SUM(I38:I41) -> 16 | Z17: =SUM(J38:J41) -> 0 | ... AF17: =SUM(P38:P41) -> 720
B18: 09.00 - 09.15 | C18: 16 | D18: 6 | E18: 4 | F18: 14 | G18: 0 | H18: 1 | I18: 4 | J18: 4 | K18: 0 | L18: 2 | M18: 163 | N18: 0 | O18: =SUM(C18:L18,N18) -> 51 | P18: =SUM(C18:N18) -> 214 | R18: 1500-1600 | S18: =SUM(C42:C45) -> 50 | T18: =SUM(D42:D45) -> 10 | U18: =SUM(E42:E45) -> 21 | V18: =SUM(F42:F45) -> 40 | W18: =SUM(G42:G45) -> 0 | X18: =SUM(H42:H45) -> 1 | Y18: =SUM(I42:I45) -> 18 | Z18: =SUM(J42:J45) -> 2 | ... AF18: =SUM(P42:P45) -> 642
B19: 09.15 - 09.30 | C19: 8 | D19: 1 | E19: 4 | F19: 2 | G19: 0 | H19: 1 | I19: 2 | J19: 1 | K19: 1 | L19: 0 | M19: 124 | N19: 0 | O19: =SUM(C19:L19,N19) -> 20 | P19: =SUM(C19:N19) -> 144 | R19: 1600-1700 | S19: =SUM(C46:C49) -> 47 | T19: =SUM(D46:D49) -> 16 | U19: =SUM(E46:E49) -> 17 | V19: =SUM(F46:F49) -> 24 | W19: =SUM(G46:G49) -> 0 | X19: =SUM(H46:H49) -> 1 | Y19: =SUM(I46:I49) -> 24 | Z19: =SUM(J46:J49) -> 2 | ... AF19: =SUM(P46:P49) -> 542
B20: 09.30 - 09.45 | C20: 10 | D20: 3 | E20: 9 | F20: 0 | G20: 0 | H20: 4 | I20: 1 | J20: 0 | K20: 5 | L20: 0 | M20: 122 | N20: 0 | O20: =SUM(C20:L20,N20) -> 32 | P20: =SUM(C20:N20) -> 154 | R20: 1700-1800 | S20: =SUM(C50:C53) -> 68 | T20: =SUM(D50:D53) -> 9 | U20: =SUM(E50:E53) -> 25 | V20: =SUM(F50:F53) -> 20 | W20: =SUM(G50:G53) -> 1 | X20: =SUM(H50:H53) -> 1 | Y20: =SUM(I50:I53) -> 21 | Z20: =SUM(J50:J53) -> 5 | ... AF20: =SUM(P50:P53) -> 685
B21: 09.45 - 10.00 | C21: 5 | D21: 5 | E21: 8 | F21: 3 | G21: 0 | H21: 0 | I21: 5 | J21: 0 | K21: 0 | L21: 2 | M21: 124 | N21: 0 | O21: =SUM(C21:L21,N21) -> 28 | P21: =SUM(C21:N21) -> 152 | R21: 1800-1900 | S21: =SUM(C54:C57) -> 72 | T21: =SUM(D54:D57) -> 7 | U21: =SUM(E54:E57) -> 11 | V21: =SUM(F54:F57) -> 29 | W21: =SUM(G54:G57) -> 1 | X21: =SUM(H54:H57) -> 0 | Y21: =SUM(I54:I57) -> 18 | Z21: =SUM(J54:J57) -> 1 | ... AF21: =SUM(P54:P57) -> 710
B22: 10.00 - 10.15 | C22: 18 | D22: 4 | E22: 4 | F22: 11 | G22: 0 | H22: 0 | I22: 3 | J22: 0 | K22: 0 | L22: 0 | M22: 173 | N22: 0 | O22: =SUM(C22:L22,N22) -> 40 | P22: =SUM(C22:N22) -> 213 | R22: AM Peak Hr | S22: =MAX(S10:S12) -> 44 | T22: =MAX(T10:T12) -> 15 | U22: =MAX(U10:U12) -> 25 | V22: =MAX(V10:V12) -> 28 | W22: =MAX(W10:W12) -> 2 | X22: =MAX(X10:X12) -> 6 | Y22: =MAX(Y10:Y12) -> 12 | Z22: =MAX(Z10:Z12) -> 9 | ... AF22: =MAX(AF10:AF12) -> 664
B23: 10.15 - 10.30 | C23: 7 | D23: 1 | E23: 4 | F23: 4 | G23: 1 | H23: 0 | I23: 0 | J23: 1 | K23: 0 | L23: 3 | M23: 84 | N23: 0 | O23: =SUM(C23:L23,N23) -> 21 | P23: =SUM(C23:N23) -> 105 | R23: IP Peak Hr | S23: =MAX(S13:S18) -> 81 | T23: =MAX(T13:T18) -> 11 | U23: =MAX(U13:U18) -> 21 | V23: =MAX(V13:V18) -> 40 | W23: =MAX(W13:W18) -> 1 | X23: =MAX(X13:X18) -> 2 | Y23: =MAX(Y13:Y18) -> 18 | Z23: =MAX(Z13:Z18) -> 7 | ... AF23: =MAX(AF13:AF18) -> 769
B24: 10.30 - 10.45 | C24: 13 | D24: 2 | E24: 4 | F24: 4 | G24: 0 | H24: 0 | I24: 2 | J24: 4 | K24: 1 | L24: 0 | M24: 149 | N24: 0 | O24: =SUM(C24:L24,N24) -> 30 | P24: =SUM(C24:N24) -> 179 | R24: PM Peak Hr | S24: =MAX(S19:S21) -> 72 | T24: =MAX(T19:T21) -> 16 | U24: =MAX(U19:U21) -> 25 | V24: =MAX(V19:V21) -> 29 | W24: =MAX(W19:W21) -> 1 | X24: =MAX(X19:X21) -> 1 | Y24: =MAX(Y19:Y21) -> 24 | Z24: =MAX(Z19:Z21) -> 5 | ... AF24: =MAX(AF19:AF21) -> 710
B25: 10.45 - 11.00 | C25: 17 | D25: 3 | E25: 4 | F25: 6 | G25: 0 | H25: 1 | I25: 8 | J25: 2 | K25: 0 | L25: 1 | M25: 230 | N25: 0 | O25: =SUM(C25:L25,N25) -> 42 | P25: =SUM(C25:N25) -> 272 | R25: AM Period | S25: =SUM(S10:S12) -> 120 | T25: =SUM(T10:T12) -> 30 | U25: =SUM(U10:U12) -> 54 | V25: =SUM(V10:V12) -> 74 | W25: =SUM(W10:W12) -> 2 | X25: =SUM(X10:X12) -> 7 | Y25: =SUM(Y10:Y12) -> 28 | Z25: =SUM(Z10:Z12) -> 19 | ... AF25: =SUM(AF10:AF12) -> 1891
B26: 11.00 - 11.15 | C26: 15 | D26: 2 | E26: 3 | F26: 3 | G26: 0 | H26: 0 | I26: 1 | J26: 1 | K26: 0 | L26: 0 | M26: 115 | N26: 0 | O26: =SUM(C26:L26,N26) -> 25 | P26: =SUM(C26:N26) -> 140 | R26: IP Period | S26: =SUM(S13:S18) -> 313 | T26: =SUM(T13:T18) -> 42 | U26: =SUM(U13:U18) -> 89 | V26: =SUM(V13:V18) -> 160 | W26: =SUM(W13:W18) -> 3 | X26: =SUM(X13:X18) -> 5 | Y26: =SUM(Y13:Y18) -> 81 | Z26: =SUM(Z13:Z18) -> 15 | ... AF26: =SUM(AF13:AF18) -> 3804
B27: 11.15 - 11.30 | C27: 11 | D27: 2 | E27: 2 | F27: 2 | G27: 0 | H27: 0 | I27: 3 | J27: 0 | K27: 0 | L27: 3 | M27: 105 | N27: 0 | O27: =SUM(C27:L27,N27) -> 23 | P27: =SUM(C27:N27) -> 128 | R27: PM Period | S27: =SUM(S19:S21) -> 187 | T27: =SUM(T19:T21) -> 32 | U27: =SUM(U19:U21) -> 53 | V27: =SUM(V19:V21) -> 73 | W27: =SUM(W19:W21) -> 2 | X27: =SUM(X19:X21) -> 2 | Y27: =SUM(Y19:Y21) -> 63 | Z27: =SUM(Z19:Z21) -> 8 | ... AF27: =SUM(AF19:AF21) -> 1937
B28: 11.30 - 11.45 | C28: 7 | D28: 0 | E28: 6 | F28: 5 | G28: 0 | H28: 0 | I28: 4 | J28: 1 | K28: 0 | L28: 3 | M28: 97 | N28: 0 | O28: =SUM(C28:L28,N28) -> 26 | P28: =SUM(C28:N28) -> 123 | R28: 12 Hours | S28: =SUM(S10:S21) -> 620 | T28: =SUM(T10:T21) -> 104 | U28: =SUM(U10:U21) -> 196 | V28: =SUM(V10:V21) -> 307 | W28: =SUM(W10:W21) -> 7 | X28: =SUM(X10:X21) -> 14 | Y28: =SUM(Y10:Y21) -> 172 | Z28: =SUM(Z10:Z21) -> 42 | ... AF28: =SUM(AF10:AF21) -> 7632
B29: 11.45 - 12.00 | C29: 12 | D29: 0 | E29: 3 | F29: 6 | G29: 0 | H29: 0 | I29: 2 | J29: 3 | K29: 0 | L29: 4 | M29: 164 | N29: 0 | O29: =SUM(C29:L29,N29) -> 30 | P29: =SUM(C29:N29) -> 194
B30: 12.00 - 12.15 | C30: 12 | D30: 1 | E30: 7 | F30: 10 | G30: 0 | H30: 0 | I30: 4 | J30: 1 | K30: 1 | L30: 1 | M30: 180 | N30: 0 | O30: =SUM(C30:L30,N30) -> 37 | P30: =SUM(C30:N30) -> 217
B31: 12.15 - 12.30 | C31: 12 | D31: 1 | E31: 2 | F31: 7 | G31: 0 | H31: 0 | I31: 1 | J31: 0 | K31: 0 | L31: 0 | M31: 135 | N31: 0 | O31: =SUM(C31:L31,N31) -> 23 | P31: =SUM(C31:N31) -> 158
B32: 12.30 - 12.45 | C32: 5 | D32: 0 | E32: 2 | F32: 6 | G32: 0 | H32: 0 | I32: 5 | J32: 0 | K32: 1 | L32: 3 | M32: 83 | N32: 0 | O32: =SUM(C32:L32,N32) -> 22 | P32: =SUM(C32:N32) -> 105
B33: 12.45 - 13.00 | C33: 19 | D33: 0 | E33: 3 | F33: 9 | G33: 0 | H33: 0 | I33: 2 | J33: 0 | K33: 0 | L33: 3 | M33: 109 | N33: 0 | O33: =SUM(C33:L33,N33) -> 36 | P33: =SUM(C33:N33) -> 145
B34: 13.00 - 13.15 | C34: 14 | D34: 4 | E34: 3 | F34: 11 | G34: 1 | H34: 1 | I34: 5 | J34: 0 | K34: 1 | L34: 1 | M34: 74 | N34: 0 | O34: =SUM(C34:L34,N34) -> 41 | P34: =SUM(C34:N34) -> 115
B35: 13.15 - 13.30 | C35: 0 | D35: 0 | E35: 0 | F35: 0 | G35: 0 | H35: 0 | I35: 0 | J35: 0 | K35: 0 | L35: 0 | M35: 82 | N35: 0 | O35: =SUM(C35:L35,N35) -> 0 | P35: =SUM(C35:N35) -> 82
B36: 13.30 - 13.45 | C36: 7 | D36: 0 | E36: 3 | F36: 6 | G36: 0 | H36: 0 | I36: 4 | J36: 0 | K36: 0 | L36: 0 | M36: 107 | N36: 0 | O36: =SUM(C36:L36,N36) -> 20 | P36: =SUM(C36:N36) -> 127
B37: 13.45 - 14.00 | C37: 13 | D37: 1 | E37: 1 | F37: 1 | G37: 0 | H37: 1 | I37: 3 | J37: 0 | K37: 0 | L37: 2 | M37: 117 | N37: 0 | O37: =SUM(C37:L37,N37) -> 22 | P37: =SUM(C37:N37) -> 139
B38: 14.00 - 14.15 | C38: 24 | D38: 4 | E38: 3 | F38: 11 | G38: 1 | H38: 1 | I38: 5 | J38: 0 | K38: 1 | L38: 2 | M38: 185 | N38: 0 | O38: =SUM(C38:L38,N38) -> 52 | P38: =SUM(C38:N38) -> 237
B39: 14.15 - 14.30 | C39: 17 | D39: 5 | E39: 6 | F39: 1 | G39: 0 | H39: 0 | I39: 4 | J39: 0 | K39: 1 | L39: 0 | M39: 74 | N39: 0 | O39: =SUM(C39:L39,N39) -> 34 | P39: =SUM(C39:N39) -> 108
B40: 14.30 - 14.45 | C40: 27 | D40: 1 | E40: 4 | F40: 6 | G40: 0 | H40: 0 | I40: 4 | J40: 0 | K40: 1 | L40: 0 | M40: 110 | N40: 0 | O40: =SUM(C40:L40,N40) -> 43 | P40: =SUM(C40:N40) -> 153
... B56: 18.30 - 18.45 | C56: 19 | D56: 2 | E56: 2 | F56: 3 | G56: 0 | H56: 0 | I56: 5 | J56: 0 | K56: 1 | L56: 0 | M56: 153 | N56: 0 | O56: =SUM(C56:L56,N56) -> 32 | P56: =SUM(C56:N56) -> 185
B57: 18.45 - 19.00 | C57: 15 | D57: 1 | E57: 1 | F57: 6 | G57: 1 | H57: 0 | I57: 2 | J57: 1 | L57: 1 | M57: 108 | N57: 0 | O57: =SUM(C57:L57,N57) -> 28 | P57: =SUM(C57:N57) -> 136
B58: Totals | C58: =SUM(C10:C57) -> 620 | D58: =SUM(D10:D57) -> 104 | E58: =SUM(E10:E57) -> 196 | F58: =SUM(F10:F57) -> 307 | G58: =SUM(G10:G57) -> 7 | H58: =SUM(H10:H57) -> 14 | I58: =SUM(I10:I57) -> 172 | J58: =SUM(J10:J57) -> 42 | ... P58: =SUM(P10:P57) -> 7632
B59: %ges + MCs | C59: =C58/$P$58 -> 0.081236897 | D59: =D58/$P$58 -> 0.013626834 | E59: =E58/$P$58 -> 0.025681342 | F59: =F58/$P$58 -> 0.040225367 | G59: =G58/$P$58 -> 0.00091719078 | H59: =H58/$P$58 -> 0.0018343816 | I59: =I58/$P$58 -> 0.022536688 | J59: =J58/$P$58 -> 0.0055031447 | ... N59: =N58/$P$58 -> 0
B60: %ges w/o MCs | C60: =C58/$O$58 -> 0.40522876 | D60: =D58/$O$58 -> 0.067973856 | E60: =E58/$O$58 -> 0.12810458 | F60: =F58/$O$58 -> 0.20065359 | G60: =G58/$O$58 -> 0.0045751634 | H60: =H58/$O$58 -> 0.0091503268 | I60: =I58/$O$58 -> 0.1124183 | J60: =J58/$O$58 -> 0.02745098 | ... L60: =L58/$O$58 -> 0.032026144 | N60: =N58/$O$58 -> 0

Sheet 31.10 Kasese-Fort Portal
B1: Consultancy services for Preparation of Expressway Development Master Plan (EDMP) for Uganda
B2: MANUAL CLASSIFIED COUNT (MCC)
B3: ROAD NAME: | C3: ='25.10 Kasese-Fort Portal'!C3:G3 -> MCC - C4 - STN106
C5: Date | D5: 28.07.19 | F5: Location | G5: ='28.10 Fort Portal-Kasese-24h'!G5:H5 -> Kisanga B | J5: Surveyor | K5: ='28.10 Fort Portal-Kasese-24h'!K5:L5 -> Onyuti Betty
C6: Dir. From | D6: ='25.10 Kasese-Fort Portal'!D6:E6 -> Kasese | F6: Dir. To | G6: ='25.10 Kasese-Fort Portal'!G6:H6 -> Fort Portal | J6: Supervisor | K6: ='28.10 Fort Portal-Kasese-24h'!K6:L6 -> Onyuti Betty
B8: Time / Veh Type | R8: SUMMARY TRAFFIC VOLUMES
C9: 1. Car | D9: 2. Station Wagon | E9: 3. Pickups | F9: 4. Minibus, matatu | G9: 5. Medium bus | H9: 6. Large Bus | I9: 7. Light Truck | J9: 8. Medium Truck | K9: 9. Heavy truck | L9: 10. Truck Trailer | M9: 11. Motor cycles | N9: 12. Tractors | O9: Total Excl M/Cycles | P9: Total All | R9: Time | S9: 1. Car | T9: 2. Station Wagon | U9: 3. Pickups | V9: 4. Minibus, matatu | W9: 5. Medium bus | X9: 6. Large Bus | Y9: 7. Light Truck | Z9: 8. Medium Truck | AA9: 9. Heavy truck | AB9: 10. Truck Trailer | AC9: 11. Motorcycles | AD9: 12. Tractors, Graders | AE9: Total Excl M/ Cycles | AF9: Total All
B10: 07.00 - 07.15 | C10: 11 | D10: 1 | E10: 1 | F10: 7 | G10: 1 | H10: 1 | I10: 6 | J10: 0 | K10: 0 | L10: 0 | M10: 42 | N10: 0 | O10: =SUM(C10:L10,N10) -> 28 | P10: =SUM(C10:N10) -> 70 | R10: 0700-0800 | S10: =SUM(C10:C13) -> 49 | T10: =SUM(D10:D13) -> 2 | U10: =SUM(E10:E13) -> 11 | V10: =SUM(F10:F13) -> 28 | W10: =SUM(G10:G13) -> 2 | X10: =SUM(H10:H13) -> 2 | Y10: =SUM(I10:I13) -> 18 | Z10: =SUM(J10:J13) -> 1 | ... AF10: =SUM(P10:P13) -> 415
B11: 07.15 - 07.30 | C11: 12 | D11: 0 | E11: 2 | F11: 8 | G11: 0 | H11: 0 | I11: 0 | J11: 1 | K11: 0 | L11: 0 | M11: 61 | N11: 0 | O11: =SUM(C11:L11,N11) -> 23 | P11: =SUM(C11:N11) -> 84 | R11: 0800-0900 | S11: =SUM(C14:C17) -> 49 | T11: =SUM(D14:D17) -> 7 | U11: =SUM(E14:E17) -> 18 | V11: =SUM(F14:F17) -> 21 | W11: =SUM(G14:G17) -> 3 | X11: =SUM(H14:H17) -> 2 | Y11: =SUM(I14:I17) -> 11 | Z11: =SUM(J14:J17) -> 7 | ... AF11: =SUM(P14:P17) -> 556
B12: 07.30 - 07.45 | C12: 12 | D12: 0 | E12: 4 | F12: 6 | G12: 0 | H12: 0 | I12: 3 | J12: 0 | K12: 0 | L12: 1 | M12: 103 | N12: 0 | O12: =SUM(C12:L12,N12) -> 26 | P12: =SUM(C12:N12) -> 129 | R12: 0900-1000 | S12: =SUM(C18:C21) -> 70 | T12: =SUM(D18:D21) -> 9 | U12: =SUM(E18:E21) -> 19 | V12: =SUM(F18:F21) -> 25 | W12: =SUM(G18:G21) -> 1 | X12: =SUM(H18:H21) -> 2 | Y12: =SUM(I18:I21) -> 32 | Z12: =SUM(J18:J21) -> 1 | ... AF12: =SUM(P18:P21) -> 590
B13: 07.45 - 08.00 | C13: 14 | D13: 1 | E13: 4 | F13: 7 | G13: 1 | H13: 1 | I13: 9 | J13: 0 | K13: 0 | L13: 1 | M13: 94 | N13: 0 | O13: =SUM(C13:L13,N13) -> 38 | P13: =SUM(C13:N13) -> 132 | R13: 1000-1100 | S13: =SUM(C22:C25) -> 50 | T13: =SUM(D22:D25) -> 11 | U13: =SUM(E22:E25) -> 16 | V13: =SUM(F22:F25) -> 20 | W13: =SUM(G22:G25) -> 1 | X13: =SUM(H22:H25) -> 3 | Y13: =SUM(I22:I25) -> 20 | Z13: =SUM(J22:J25) -> 4 | ... AF13: =SUM(P22:P25) -> 507
B14: 08.00 - 08.15 | C14: 9 | D14: 2 | E14: 1 | F14: 2 | G14: 1 | H14: 1 | I14: 2 | J14: 2 | K14: 0 | L14: 1 | M14: 93 | N14: 0 | O14: =SUM(C14:L14,N14) -> 21 | P14: =SUM(C14:N14) -> 114 | R14: 1100-1200 | S14: =SUM(C26:C29) -> 35 | T14: =SUM(D26:D29) -> 6 | U14: =SUM(E26:E29) -> 13 | V14: =SUM(F26:F29) -> 17 | W14: =SUM(G26:G29) -> 0 | X14: =SUM(H26:H29) -> 1 | Y14: =SUM(I26:I29) -> 25 | Z14: =SUM(J26:J29) -> 1 | ... AF14: =SUM(P26:P29) -> 428
B15: 08.15 - 08.30 | C15: 15 | D15: 1 | E15: 8 | F15: 4 | G15: 1 | H15: 0 | I15: 4 | J15: 2 | K15: 0 | L15: 0 | M15: 94 | N15: 0 | O15: =SUM(C15:L15,N15) -> 35 | P15: =SUM(C15:N15) -> 129 | R15: 1200-1300 | S15: =SUM(C30:C33) -> 37 | T15: =SUM(D30:D33) -> 4 | U15: =SUM(E30:E33) -> 6 | V15: =SUM(F30:F33) -> 20 | W15: =SUM(G30:G33) -> 1 | X15: =SUM(H30:H33) -> 0 | Y15: =SUM(I30:I33) -> 15 | Z15: =SUM(J30:J33) -> 8 | ... AF15: =SUM(P30:P33) -> 426
B16: 08.30 - 08.45 | C16: 9 | D16: 0 | E16: 4 | F16: 9 | G16: 0 | H16: 0 | I16: 0 | J16: 3 | K16: 1 | L16: 3 | M16: 123 | N16: 0 | O16: =SUM(C16:L16,N16) -> 29 | P16: =SUM(C16:N16) -> 152 | R16: 1300-1400 | S16: =SUM(C34:C37) -> 46 | T16: =SUM(D34:D37) -> 9 | U16: =SUM(E34:E37) -> 11 | V16: =SUM(F34:F37) -> 30 | W16: =SUM(G34:G37) -> 2 | X16: =SUM(H34:H37) -> 2 | Y16: =SUM(I34:I37) -> 10 | Z16: =SUM(J34:J37) -> 3 | ... AF16: =SUM(P34:P37) -> 484
B17: 08.45 - 9.00 | C17: 16 | D17: 4 | E17: 5 | F17: 6 | G17: 1 | H17: 1 | I17: 5 | J17: 0 | K17: 0 | L17: 0 | M17: 123 | N17: 0 | O17: =SUM(C17:L17,N17) -> 38 | P17: =SUM(C17:N17) -> 161 | R17: 1400-1500 | S17: =SUM(C38:C41) -> 45 | T17: =SUM(D38:D41) -> 9 | U17: =SUM(E38:E41) -> 38 | V17: =SUM(F38:F41) -> 24 | W17: =SUM(G38:G41) -> 1 | X17: =SUM(H38:H41) -> 2 | Y17: =SUM(I38:I41) -> 13 | Z17: =SUM(J38:J41) -> 1 | ... AF17: =SUM(P38:P41) -> 463
B18: 09.00 - 09.15 | C18: 19 | D18: 1 | E18: 5 | F18: 10 | G18: 0 | H18: 0 | I18: 10 | J18: 0 | K18: 1 | L18: 1 | M18: 116 | N18: 0 | O18: =SUM(C18:L18,N18) -> 47 | P18: =SUM(C18:N18) -> 163 | R18: 1500-1600 | S18: =SUM(C42:C45) -> 40 | T18: =SUM(D42:D45) -> 15 | U18: =SUM(E42:E45) -> 18 | V18: =SUM(F42:F45) -> 26 | W18: =SUM(G42:G45) -> 0 | X18: =SUM(H42:H45) -> 0 | Y18: =SUM(I42:I45) -> 14 | Z18: =SUM(J42:J45) -> 6 | ... AF18: =SUM(P42:P45) -> 405
B19: 09.15 - 09.30 | C19: 14 | D19: 7 | E19: 5 | F19: 6 | G19: 0 | H19: 0 | I19: 8 | J19: 0 | K19: 0 | L19: 0 | M19: 128 | N19: 0 | O19: =SUM(C19:L19,N19) -> 40 | P19: =SUM(C19:N19) -> 168 | R19: 1600-1700 | S19: =SUM(C46:C49) -> 52 | T19: =SUM(D46:D49) -> 8 | U19: =SUM(E46:E49) -> 16 | V19: =SUM(F46:F49) -> 22 | W19: =SUM(G46:G49) -> 0 | X19: =SUM(H46:H49) -> 1 | Y19: =SUM(I46:I49) -> 14 | Z19: =SUM(J46:J49) -> 3 | ... AF19: =SUM(P46:P49) -> 430
B20: 09.30 - 09.45 | C20: 25 | D20: 0 | E20: 4 | F20: 6 | G20: 0 | H20: 0 | I20: 8 | J20: 1 | K20: 0 | L20: 1 | M20: 91 | N20: 0 | O20: =SUM(C20:L20,N20) -> 45 | P20: =SUM(C20:N20) -> 136 | R20: 1700-1800 | S20: =SUM(C50:C53) -> 56 | T20: =SUM(D50:D53) -> 3 | U20: =SUM(E50:E53) -> 24 | V20: =SUM(F50:F53) -> 29 | W20: =SUM(G50:G53) -> 1 | X20: =SUM(H50:H53) -> 1 | Y20: =SUM(I50:I53) -> 22 | Z20: =SUM(J50:J53) -> 11 | ... AF20: =SUM(P50:P53) -> 526
B21: 09.45 - 10.00 | C21: 12 | D21: 1 | E21: 5 | F21: 3 | G21: 1 | H21: 2 | I21: 6 | J21: 0 | K21: 0 | L21: 2 | M21: 91 | N21: 0 | O21: =SUM(C21:L21,N21) -> 32 | P21: =SUM(C21:N21) -> 123 | R21: 1800-1900 | S21: =SUM(C54:C57) -> 51 | T21: =SUM(D54:D57) -> 6 | U21: =SUM(E54:E57) -> 8 | V21: =SUM(F54:F57) -> 13 | W21: =SUM(G54:G57) -> 1 | X21: =SUM(H54:H57) -> 1 | Y21: =SUM(I54:I57) -> 12 | Z21: =SUM(J54:J57) -> 1 | ... AF21: =SUM(P54:P57) -> 391
B22: 10.00 - 10.15 | C22: 10 | D22: 0 | E22: 4 | F22: 6 | G22: 0 | H22: 0 | I22: 3 | J22: 2 | K22: 0 | L22: 0 | M22: 97 | N22: 0 | O22: =SUM(C22:L22,N22) -> 25 | P22: =SUM(C22:N22) -> 122 | R22: AM Peak Hr | S22: =MAX(S10:S12) -> 70 | T22: =MAX(T10:T12) -> 9 | U22: =MAX(U10:U12) -> 19 | V22: =MAX(V10:V12) -> 28 | W22: =MAX(W10:W12) -> 3 | X22: =MAX(X10:X12) -> 2 | Y22: =MAX(Y10:Y12) -> 32 | Z22: =MAX(Z10:Z12) -> 7 | ... AF22: =MAX(AF10:AF12) -> 590
B23: 10.15 - 10.30 | C23: 20 | D23: 5 | E23: 4 | F23: 4 | G23: 1 | H23: 1 | I23: 4 | J23: 1 | K23: 0 | L23: 0 | M23: 103 | N23: 0 | O23: =SUM(C23:L23,N23) -> 40 | P23: =SUM(C23:N23) -> 143 | R23: IP Peak Hr | S23: =MAX(S13:S18) -> 50 | T23: =MAX(T13:T18) -> 15 | U23: =MAX(U13:U18) -> 38 | V23: =MAX(V13:V18) -> 30 | W23: =MAX(W13:W18) -> 2 | X23: =MAX(X13:X18) -> 3 | Y23: =MAX(Y13:Y18) -> 25 | Z23: =MAX(Z13:Z18) -> 8 | ... AF23: =MAX(AF13:AF18) -> 507
B24: 10.30 - 10.45 | C24: 12 | D24: 0 | E24: 4 | F24: 6 | G24: 0 | H24: 1 | I24: 7 | J24: 1 | K24: 1 | L24: 0 | M24: 90 | N24: 0 | O24: =SUM(C24:L24,N24) -> 32 | P24: =SUM(C24:N24) -> 122 | R24: PM Peak Hr | S24: =MAX(S19:S21) -> 56 | T24: =MAX(T19:T21) -> 8 | U24: =MAX(U19:U21) -> 24 | V24: =MAX(V19:V21) -> 29 | W24: =MAX(W19:W21) -> 1 | X24: =MAX(X19:X21) -> 1 | Y24: =MAX(Y19:Y21) -> 22 | Z24: =MAX(Z19:Z21) -> 11 | ... AF24: =MAX(AF19:AF21) -> 526
B25: 10.45 - 11.00 | C25: 8 | D25: 6 | E25: 4 | F25: 4 | G25: 0 | H25: 1 | I25: 6 | J25: 0 | K25: 0 | L25: 1 | M25: 90 | N25: 0 | O25: =SUM(C25:L25,N25) -> 30 | P25: =SUM(C25:N25) -> 120 | R25: AM Period | S25: =SUM(S10:S12) -> 168 | T25: =SUM(T10:T12) -> 18 | U25: =SUM(U10:U12) -> 48 | V25: =SUM(V10:V12) -> 74 | W25: =SUM(W10:W12) -> 6 | X25: =SUM(X10:X12) -> 6 | Y25: =SUM(Y10:Y12) -> 61 | Z25: =SUM(Z10:Z12) -> 9 | ... AF25: =SUM(AF10:AF12) -> 1561
B26: 11.00 - 11.15 | C26: 4 | D26: 0 | E26: 2 | F26: 4 | G26: 0 | H26: 0 | I26: 5 | J26: 0 | K26: 3 | L26: 0 | M26: 64 | N26: 0 | O26: =SUM(C26:L26,N26) -> 18 | P26: =SUM(C26:N26) -> 82 | R26: IP Period | S26: =SUM(S13:S18) -> 253 | T26: =SUM(T13:T18) -> 54 | U26: =SUM(U13:U18) -> 102 | V26: =SUM(V13:V18) -> 137 | W26: =SUM(W13:W18) -> 5 | X26: =SUM(X13:X18) -> 8 | Y26: =SUM(Y13:Y18) -> 97 | Z26: =SUM(Z13:Z18) -> 23 | ... AF26: =SUM(AF13:AF18) -> 2713
B27: 11.15 - 11.30 | C27: 10 | D27: 3 | E27: 1 | F27: 3 | G27: 0 | H27: 0 | I27: 4 | J27: 0 | K27: 2 | L27: 0 | M27: 80 | N27: 0 | O27: =SUM(C27:L27,N27) -> 23 | P27: =SUM(C27:N27) -> 103 | R27: PM Period | S27: =SUM(S19:S21) -> 159 | T27: =SUM(T19:T21) -> 17 | U27: =SUM(U19:U21) -> 48 | V27: =SUM(V19:V21) -> 64 | W27: =SUM(W19:W21) -> 2 | X27: =SUM(X19:X21) -> 3 | Y27: =SUM(Y19:Y21) -> 48 | Z27: =SUM(Z19:Z21) -> 15 | ... AF27: =SUM(AF19:AF21) -> 1347
B28: 11.30 - 11.45 | C28: 6 | D28: 2 | E28: 4 | F28: 5 | G28: 0 | H28: 1 | I28: 8 | J28: 0 | K28: 3 | L28: 1 | M28: 79 | N28: 0 | O28: =SUM(C28:L28,N28) -> 30 | P28: =SUM(C28:N28) -> 109 | R28: 12 Hours | S28: =SUM(S10:S21) -> 580 | T28: =SUM(T10:T21) -> 89 | U28: =SUM(U10:U21) -> 198 | V28: =SUM(V10:V21) -> 275 | W28: =SUM(W10:W21) -> 13 | X28: =SUM(X10:X21) -> 17 | Y28: =SUM(Y10:Y21) -> 206 | Z28: =SUM(Z10:Z21) -> 47 | ... AF28: =SUM(AF10:AF21) -> 5621
B29: 11.45 - 12.00 | C29: 15 | D29: 1 | E29: 6 | F29: 5 | G29: 0 | H29: 0 | I29: 8 | J29: 1 | K29: 0 | L29: 0 | M29: 98 | N29: 0 | O29: =SUM(C29:L29,N29) -> 36 | P29: =SUM(C29:N29) -> 134
B30: 12.00 - 12.15 | C30: 10 | D30: 0 | E30: 2 | F30: 4 | G30: 0 | H30: 0 | I30: 6 | J30: 0 | K30: 0 | L30: 0 | M30: 71 | N30: 0 | O30: =SUM(C30:L30,N30) -> 22 | P30: =SUM(C30:N30) -> 93
B31: 12.15 - 12.30 | C31: 10 | D31: 2 | E31: 3 | F31: 3 | G31: 0 | H31: 0 | I31: 3 | J31: 1 | K31: 0 | L31: 0 | M31: 64 | N31: 0 | O31: =SUM(C31:L31,N31) -> 22 | P31: =SUM(C31:N31) -> 86
B32: 12.30 - 12.45 | C32: 6 | D32: 1 | E32: 1 | F32: 7 | G32: 0 | H32: 0 | I32: 3 | J32: 2 | K32: 0 | L32: 0 | M32: 77 | N32: 0 | O32: =SUM(C32:L32,N32) -> 20 | P32: =SUM(C32:N32) -> 97
B33: 12.45 - 13.00 | C33: 11 | D33: 1 | E33: 0 | F33: 6 | G33: 1 | H33: 0 | I33: 3 | J33: 5 | K33: 0 | L33: 1 | M33: 122 | N33: 0 | O33: =SUM(C33:L33,N33) -> 28 | P33: =SUM(C33:N33) -> 150
B34: 13.00 - 13.15 | C34: 10 | D34: 1 | E34: 4 | F34: 6 | G34: 0 | H34: 1 | I34: 2 | J34: 2 | K34: 0 | L34: 0 | M34: 93 | N34: 0 | O34: =SUM(C34:L34,N34) -> 26 | P34: =SUM(C34:N34) -> 119
B35: 13.15 - 13.30 | C35: 12 | D35: 5 | E35: 1 | F35: 5 | G35: 0 | H35: 1 | I35: 2 | J35: 1 | K35: 0 | L35: 0 | M35: 74 | N35: 0 | O35: =SUM(C35:L35,N35) -> 27 | P35: =SUM(C35:N35) -> 101
B36: 13.30 - 13.45 | C36: 14 | D36: 2 | E36: 2 | F36: 9 | G36: 0 | H36: 0 | I36: 3 | J36: 0 | K36: 2 | L36: 0 | M36: 108 | N36: 0 | O36: =SUM(C36:L36,N36) -> 32 | P36: =SUM(C36:N36) -> 140
B37: 13.45 - 14.00 | C37: 10 | D37: 1 | E37: 4 | F37: 10 | G37: 2 | H37: 0 | I37: 3 | J37: 0 | K37: 0 | L37: 0 | M37: 94 | N37: 0 | O37: =SUM(C37:L37,N37) -> 30 | P37: =SUM(C37:N37) -> 124
B38: 14.00 - 14.15 | C38: 15 | D38: 4 | E38: 12 | F38: 6 | G38: 0 | H38: 1 | I38: 3 | J38: 0 | K38: 0 | L38: 1 | M38: 70 | N38: 0 | O38: =SUM(C38:L38,N38) -> 42 | P38: =SUM(C38:N38) -> 112
B39: 14.15 - 14.30 | C39: 10 | D39: 1 | E39: 12 | F39: 4 | G39: 1 | H39: 0 | I39: 1 | J39: 1 | K39: 2 | L39: 0 | M39: 90 | N39: 0 | O39: =SUM(C39:L39,N39) -> 32 | P39: =SUM(C39:N39) -> 122
B40: 14.30 - 14.45 | C40: 10 | D40: 3 | E40: 7 | F40: 8 | G40: 0 | H40: 1 | I40: 3 | J40: 0 | K40: 0 | L40: 1 | M40: 78 | N40: 0 | O40: =SUM(C40:L40,N40) -> 33 | P40: =SUM(C40:N40) -> 111
... B57: 18.45 - 19.00 | C57: 8 | D57: 1 | E57: 0 | F57: 2 | G57: 0 | H57: 1 | I57: 2 | J57: 0 | K57: 1 | L57: 1 | M57: 77 | N57: 0 | O57: =SUM(C57:L57,N57) -> 16 | P57: =SUM(C57:N57) -> 93
B58: Totals | C58: =SUM(C10:C57) -> 580 | D58: =SUM(D10:D57) -> 89 | E58: =SUM(E10:E57) -> 198 | F58: =SUM(F10:F57) -> 275 | G58: =SUM(G10:G57) -> 13 | H58: =SUM(H10:H57) -> 17 | I58: =SUM(I10:I57) -> 206 | J58: =SUM(J10:J57) -> 47 | ... P58: =SUM(P10:P57) -> 5621
B59: %ges + MCs | C59: =C58/$P$58 -> 0.10318449 | D59: =D58/$P$58 -> 0.015833482 | E59: =E58/$P$58 -> 0.035225049 | F59: =F58/$P$58 -> 0.048923679 | G59: =G58/$P$58 -> 0.0023127557 | H59: =H58/$P$58 -> 0.0030243729 | I59: =I58/$P$58 -> 0.036648283 | J59: =J58/$P$58 -> 0.0083615015 | ... N59: =N58/$P$58 -> 0
B60: %ges w/o MCs | C60: =C58/$O$58 -> 0.39057239 | D60: =D58/$O$58 -> 0.05993266 | E60: =E58/$O$58 -> 0.13333333 | F60: =F58/$O$58 -> 0.18518519 | G60: =G58/$O$58 -> 0.0087542088 | H60: =H58/$O$58 -> 0.011447811 | I60: =I58/$O$58 -> 0.13872054 | J60: =J58/$O$58 -> 0.031649832 | ... L60: =L58/$O$58 -> 0.022895623 | N60: =N58/$O$58 -> 0

Sheet 31.10 Fort Portal-Kasese
B1: Consultancy services for Preparation of Expressway Development Master Plan (EDMP) for Uganda
B2: MANUAL CLASSIFIED COUNT (MCC)
B3: ROAD NAME: | C3: ='25.10 Fort Portal-Kasese'!C3:G3 -> MCC - C4 - STN106
C5: Date | D5: ='31.10 Kasese-Fort Portal'!D5 -> 28.07.19 | F5: Location | G5: ='31.10 Kasese-Fort Portal'!G5:H5 -> Kisanga B | J5: Surveyor | K5: ='31.10 Kasese-Fort Portal'!K5:L5 -> Onyuti Betty
