Workbook

Sheet 29.07 Kisasi-Bukoto
B1: Consultancy services for Preparation of Expressway Development Master Plan (EDMP) for Uganda
B2: MANUAL CLASSIFIED COUNT (MCC)
B3: ROAD NAME: | C3: MCC - C1 - STN32 - BUKOTO KISASI ROAD
C5: Date | D5: 29.07.19 | F5: Location | G5: KISASI | J5: Surveyor | K5: RWAMBITITO J./NICHOL A./GEORGE W.
C6: Dir. From | D6: KISASI | F6: Dir. To | G6: BUKOTO | J6: Supervisor | K6: SALIMA L.
B8: Time / Veh Type | R8: SUMMARY TRAFFIC VOLUMES
C9: 1. Car | D9: 2. Station Wagon | E9: 3. Pickups | F9: 4. Minibus, matatu | G9: 5. Medium bus | H9: 6. Large Bus | I9: 7. Light Truck | J9: 8. Medium Truck | K9: 9. Heavy truck | L9: 10. Truck Trailer | M9: 11. Motor cycles | N9: 12. Tractors | O9: Total Excl M/Cycles | P9: Total All | R9: Time | S9: 1. Car | T9: 2. Station Wagon | U9: 3. Pickups | V9: 4. Minibus, matatu | W9: 5. Medium bus | X9: 6. Large Bus | Y9: 7. Light Truck | Z9: 8. Medium Truck | AA9: 9. Heavy truck | AB9: 10. Truck Trailer | AC9: 11. Motorcycles | AD9: 12. Tractors, Graders | AE9: Total Excl M/ Cycles | AF9: Total All
B10: 07.00 - 07.15 | C10: 23 | D10: 8 | E10: 0 | F10: 3 | G10: 0 | H10: 0 | I10: 1 | J10: 0 | K10: 0 | L10: 0 | M10: 15 | N10: 0 | O10: =SUM(C10:L10,N10) -> 35 | P10: =SUM(C10:N10) -> 50 | R10: 0700-0800 | S10: =SUM(C10:C13) -> 188 | T10: =SUM(D10:D13) -> 89 | U10: =SUM(E10:E13) -> 0 | V10: =SUM(F10:F13) -> 29 | W10: =SUM(G10:G13) -> 0 | X10: =SUM(H10:H13) -> 0 | Y10: =SUM(I10:I13) -> 10 | Z10: =SUM(J10:J13) -> 0 | ... AF10: =SUM(P10:P13) -> 465
B11: 07.15 - 07.30 | C11: 40 | D11: 4 | E11: 0 | F11: 6 | G11: 0 | H11: 0 | I11: 3 | J11: 0 | K11: 0 | L11: 0 | M11: 13 | N11: 0 | O11: =SUM(C11:L11,N11) -> 53 | P11: =SUM(C11:N11) -> 66 | R11: 0800-0900 | S11: =SUM(C14:C17) -> 238 | T11: =SUM(D14:D17) -> 144 | U11: =SUM(E14:E17) -> 0 | V11: =SUM(F14:F17) -> 53 | W11: =SUM(G14:G17) -> 1 | X11: =SUM(H14:H17) -> 0 | Y11: =SUM(I14:I17) -> 11 | Z11: =SUM(J14:J17) -> 2 | ... AF11: =SUM(P14:P17) -> 768
B12: 07.30 - 07.45 | C12: 45 | D12: 31 | E12: 0 | F12: 5 | G12: 0 | H12: 0 | I12: 2 | J12: 0 | K12: 0 | L12: 0 | M12: 38 | N12: 0 | O12: =SUM(C12:L12,N12) -> 83 | P12: =SUM(C12:N12) -> 121 | R12: 0900-1000 | S12: =SUM(C18:C21) -> 183 | T12: =SUM(D18:D21) -> 97 | U12: =SUM(E18:E21) -> 0 | V12: =SUM(F18:F21) -> 37 | W12: =SUM(G18:G21) -> 0 | X12: =SUM(H18:H21) -> 1 | Y12: =SUM(I18:I21) -> 13 | Z12: =SUM(J18:J21) -> 1 | ... AF12: =SUM(P18:P21) -> 564
B13: 07.45 - 08.00 | C13: 80 | D13: 46 | E13: 0 | F13: 15 | G13: 0 | H13: 0 | I13: 4 | J13: 0 | K13: 0 | L13: 0 | M13: 83 | N13: 0 | O13: =SUM(C13:L13,N13) -> 145 | P13: =SUM(C13:N13) -> 228 | R13: 1000-1100 | S13: =SUM(C22:C25) -> 146 | T13: =SUM(D22:D25) -> 72 | U13: =SUM(E22:E25) -> 2 | V13: =SUM(F22:F25) -> 40 | W13: =SUM(G22:G25) -> 2 | X13: =SUM(H22:H25) -> 0 | Y13: =SUM(I22:I25) -> 8 | Z13: =SUM(J22:J25) -> 1 | ... AF13: =SUM(P22:P25) -> 496
B14: 08.00 - 08.15 | C14: 85 | D14: 46 | E14: 0 | F14: 14 | G14: 0 | H14: 0 | I14: 5 | J14: 0 | K14: 0 | L14: 0 | M14: 98 | N14: 0 | O14: =SUM(C14:L14,N14) -> 150 | P14: =SUM(C14:N14) -> 248 | R14: 1100-1200 | S14: =SUM(C26:C29) -> 107 | T14: =SUM(D26:D29) -> 68 | U14: =SUM(E26:E29) -> 5 | V14: =SUM(F26:F29) -> 41 | W14: =SUM(G26:G29) -> 0 | X14: =SUM(H26:H29) -> 0 | Y14: =SUM(I26:I29) -> 6 | Z14: =SUM(J26:J29) -> 1 | ... AF14: =SUM(P26:P29) -> 461
B15: 08.15 - 08.30 | C15: 67 | D15: 38 | E15: 0 | F15: 10 | G15: 0 | H15: 0 | I15: 3 | J15: 0 | K15: 0 | L15: 0 | M15: 76 | N15: 0 | O15: =SUM(C15:L15,N15) -> 118 | P15: =SUM(C15:N15) -> 194 | R15: 1200-1300 | S15: =SUM(C30:C33) -> 104 | T15: =SUM(D30:D33) -> 53 | U15: =SUM(E30:E33) -> 12 | V15: =SUM(F30:F33) -> 36 | W15: =SUM(G30:G33) -> 0 | X15: =SUM(H30:H33) -> 0 | Y15: =SUM(I30:I33) -> 11 | Z15: =SUM(J30:J33) -> 0 | ... AF15: =SUM(P30:P33) -> 418
B16: 08.30 - 08.45 | C16: 41 | D16: 26 | E16: 0 | F16: 15 | G16: 1 | H16: 0 | I16: 0 | J16: 0 | K16: 0 | L16: 0 | M16: 63 | N16: 0 | O16: =SUM(C16:L16,N16) -> 83 | P16: =SUM(C16:N16) -> 146 | R16: 1300-1400 | S16: =SUM(C34:C37) -> 79 | T16: =SUM(D34:D37) -> 34 | U16: =SUM(E34:E37) -> 5 | V16: =SUM(F34:F37) -> 34 | W16: =SUM(G34:G37) -> 0 | X16: =SUM(H34:H37) -> 0 | Y16: =SUM(I34:I37) -> 3 | Z16: =SUM(J34:J37) -> 4 | ... AF16: =SUM(P34:P37) -> 387
B17: 08.45 - 9.00 | C17: 45 | D17: 34 | E17: 0 | F17: 14 | G17: 0 | H17: 0 | I17: 3 | J17: 2 | K17: 0 | L17: 0 | M17: 82 | N17: 0 | O17: =SUM(C17:L17,N17) -> 98 | P17: =SUM(C17:N17) -> 180 | R17: 1400-1500 | S17: =SUM(C38:C41) -> 104 | T17: =SUM(D38:D41) -> 41 | U17: =SUM(E38:E41) -> 6 | V17: =SUM(F38:F41) -> 36 | W17: =SUM(G38:G41) -> 0 | X17: =SUM(H38:H41) -> 0 | Y17: =SUM(I38:I41) -> 7 | Z17: =SUM(J38:J41) -> 0 | ... AF17: =SUM(P38:P41) -> 480
B18: 09.00 - 09.15 | C18: 53 | D18: 31 | E18: 0 | F18: 2 | G18: 0 | H18: 0 | I18: 5 | J18: 0 | K18: 0 | L18: 0 | M18: 70 | N18: 0 | O18: =SUM(C18:L18,N18) -> 91 | P18: =SUM(C18:N18) -> 161 | R18: 1500-1600 | S18: =SUM(C42:C45) -> 80 | T18: =SUM(D42:D45) -> 45 | U18: =SUM(E42:E45) -> 8 | V18: =SUM(F42:F45) -> 27 | W18: =SUM(G42:G45) -> 0 | X18: =SUM(H42:H45) -> 0 | Y18: =SUM(I42:I45) -> 5 | Z18: =SUM(J42:J45) -> 2 | ... AF18: =SUM(P42:P45) -> 384
B19: 09.15 - 09.30 | C19: 54 | D19: 27 | E19: 0 | F19: 12 | G19: 0 | H19: 1 | I19: 2 | J19: 0 | K19: 0 | L19: 0 | M19: 54 | N19: 0 | O19: =SUM(C19:L19,N19) -> 96 | P19: =SUM(C19:N19) -> 150 | R19: 1600-1700 | S19: =SUM(C46:C49) -> 115 | T19: =SUM(D46:D49) -> 57 | U19: =SUM(E46:E49) -> 11 | V19: =SUM(F46:F49) -> 42 | W19: =SUM(G46:G49) -> 1 | X19: =SUM(H46:H49) -> 0 | Y19: =SUM(I46:I49) -> 11 | Z19: =SUM(J46:J49) -> 1 | ... AF19: =SUM(P46:P49) -> 512
B20: 09.30 - 09.45 | C20: 33 | D20: 16 | E20: 0 | F20: 10 | G20: 0 | H20: 0 | I20: 2 | J20: 0 | K20: 0 | L20: 0 | M20: 43 | N20: 0 | O20: =SUM(C20:L20,N20) -> 61 | P20: =SUM(C20:N20) -> 104 | R20: 1700-1800 | S20: =SUM(C50:C53) -> 114 | T20: =SUM(D50:D53) -> 42 | U20: =SUM(E50:E53) -> 14 | V20: =SUM(F50:F53) -> 33 | W20: =SUM(G50:G53) -> 0 | X20: =SUM(H50:H53) -> 0 | Y20: =SUM(I50:I53) -> 7 | Z20: =SUM(J50:J53) -> 1 | ... AF20: =SUM(P50:P53) -> 520
B21: 09.45 - 10.00 | C21: 43 | D21: 23 | E21: 0 | F21: 13 | G21: 0 | H21: 0 | I21: 4 | J21: 1 | K21: 0 | L21: 0 | M21: 65 | N21: 0 | O21: =SUM(C21:L21,N21) -> 84 | P21: =SUM(C21:N21) -> 149 | R21: 1800-1900 | S21: =SUM(C54:C57) -> 87 | T21: =SUM(D54:D57) -> 34 | U21: =SUM(E54:E57) -> 12 | V21: =SUM(F54:F57) -> 31 | W21: =SUM(G54:G57) -> 3 | X21: =SUM(H54:H57) -> 0 | Y21: =SUM(I54:I57) -> 12 | Z21: =SUM(J54:J57) -> 7 | ... AF21: =SUM(P54:P57) -> 524
B22: 10.00 - 10.15 | C22: 35 | D22: 14 | E22: 1 | F22: 9 | G22: 0 | H22: 0 | I22: 2 | J22: 0 | K22: 0 | L22: 0 | M22: 61 | N22: 0 | O22: =SUM(C22:L22,N22) -> 61 | P22: =SUM(C22:N22) -> 122 | R22: AM Peak Hr | S22: =MAX(S10:S12) -> 238 | T22: =MAX(T10:T12) -> 144 | U22: =MAX(U10:U12) -> 0 | V22: =MAX(V10:V12) -> 53 | W22: =MAX(W10:W12) -> 1 | X22: =MAX(X10:X12) -> 1 | Y22: =MAX(Y10:Y12) -> 13 | Z22: =MAX(Z10:Z12) -> 2 | ... AF22: =MAX(AF10:AF12) -> 768
B23: 10.15 - 10.30 | C23: 39 | D23: 22 | E23: 0 | F23: 10 | G23: 1 | H23: 0 | I23: 0 | J23: 1 | K23: 0 | L23: 0 | M23: 43 | N23: 0 | O23: =SUM(C23:L23,N23) -> 73 | P23: =SUM(C23:N23) -> 116 | R23: IP Peak Hr | S23: =MAX(S13:S18) -> 146 | T23: =MAX(T13:T18) -> 72 | U23: =MAX(U13:U18) -> 12 | V23: =MAX(V13:V18) -> 41 | W23: =MAX(W13:W18) -> 2 | X23: =MAX(X13:X18) -> 0 | Y23: =MAX(Y13:Y18) -> 11 | Z23: =MAX(Z13:Z18) -> 4 | ... AF23: =MAX(AF13:AF18) -> 496
B24: 10.30 - 10.45 | C24: 33 | D24: 19 | E24: 0 | F24: 8 | G24: 0 | H24: 0 | I24: 4 | J24: 0 | K24: 0 | L24: 0 | M24: 68 | N24: 0 | O24: =SUM(C24:L24,N24) -> 64 | P24: =SUM(C24:N24) -> 132 | R24: PM Peak Hr | S24: =MAX(S19:S21) -> 115 | T24: =MAX(T19:T21) -> 57 | U24: =MAX(U19:U21) -> 14 | V24: =MAX(V19:V21) -> 42 | W24: =MAX(W19:W21) -> 3 | X24: =MAX(X19:X21) -> 0 | Y24: =MAX(Y19:Y21) -> 12 | Z24: =MAX(Z19:Z21) -> 7 | ... AF24: =MAX(AF19:AF21) -> 524
B25: 10.45 - 11.00 | C25: 39 | D25: 17 | E25: 1 | F25: 13 | G25: 1 | H25: 0 | I25: 2 | J25: 0 | K25: 0 | L25: 0 | M25: 53 | N25: 0 | O25: =SUM(C25:L25,N25) -> 73 | P25: =SUM(C25:N25) -> 126 | R25: AM Period | S25: =SUM(S10:S12) -> 609 | T25: =SUM(T10:T12) -> 330 | U25: =SUM(U10:U12) -> 0 | V25: =SUM(V10:V12) -> 119 | W25: =SUM(W10:W12) -> 1 | X25: =SUM(X10:X12) -> 1 | Y25: =SUM(Y10:Y12) -> 34 | Z25: =SUM(Z10:Z12) -> 3 | ... AF25: =SUM(AF10:AF12) -> 1797
B26: 11.00 - 11.15 | C26: 31 | D26: 21 | E26: 3 | F26: 15 | G26: 0 | H26: 0 | I26: 0 | J26: 1 | K26: 1 | L26: 0 | M26: 43 | N26: 0 | O26: =SUM(C26:L26,N26) -> 72 | P26: =SUM(C26:N26) -> 115 | R26: IP Period | S26: =SUM(S13:S18) -> 620 | T26: =SUM(T13:T18) -> 313 | U26: =SUM(U13:U18) -> 38 | V26: =SUM(V13:V18) -> 214 | W26: =SUM(W13:W18) -> 2 | X26: =SUM(X13:X18) -> 0 | Y26: =SUM(Y13:Y18) -> 40 | Z26: =SUM(Z13:Z18) -> 8 | ... AF26: =SUM(AF13:AF18) -> 2626
B27: 11.15 - 11.30 | C27: 29 | D27: 18 | E27: 1 | F27: 9 | G27: 0 | H27: 0 | I27: 3 | J27: 0 | K27: 0 | L27: 0 | M27: 53 | N27: 0 | O27: =SUM(C27:L27,N27) -> 60 | P27: =SUM(C27:N27) -> 113 | R27: PM Period | S27: =SUM(S19:S21) -> 316 | T27: =SUM(T19:T21) -> 133 | U27: =SUM(U19:U21) -> 37 | V27: =SUM(V19:V21) -> 106 | W27: =SUM(W19:W21) -> 4 | X27: =SUM(X19:X21) -> 0 | Y27: =SUM(Y19:Y21) -> 30 | Z27: =SUM(Z19:Z21) -> 9 | ... AF27: =SUM(AF19:AF21) -> 1556
B28: 11.30 - 11.45 | C28: 26 | D28: 19 | E28: 1 | F28: 9 | G28: 0 | H28: 0 | I28: 2 | J28: 0 | K28: 0 | L28: 0 | M28: 63 | N28: 0 | O28: =SUM(C28:L28,N28) -> 57 | P28: =SUM(C28:N28) -> 120 | R28: 12 Hours | S28: =SUM(S10:S21) -> 1545 | T28: =SUM(T10:T21) -> 776 | U28: =SUM(U10:U21) -> 75 | V28: =SUM(V10:V21) -> 439 | W28: =SUM(W10:W21) -> 7 | X28: =SUM(X10:X21) -> 1 | Y28: =SUM(Y10:Y21) -> 104 | Z28: =SUM(Z10:Z21) -> 20 | ... AF28: =SUM(AF10:AF21) -> 5979
B29: 11.45 - 12.00 | C29: 21 | D29: 10 | E29: 0 | F29: 8 | G29: 0 | H29: 0 | I29: 1 | J29: 0 | K29: 1 | L29: 0 | M29: 72 | N29: 0 | O29: =SUM(C29:L29,N29) -> 41 | P29: =SUM(C29:N29) -> 113
B30: 12.00 - 12.15 | C30: 11 | D30: 14 | E30: 7 | F30: 9 | G30: 0 | H30: 0 | I30: 1 | J30: 0 | K30: 0 | L30: 0 | M30: 53 | N30: 0 | O30: =SUM(C30:L30,N30) -> 42 | P30: =SUM(C30:N30) -> 95
B31: 12.15 - 12.30 | C31: 41 | D31: 16 | E31: 4 | F31: 7 | G31: 0 | H31: 0 | I31: 5 | J31: 0 | K31: 0 | L31: 0 | M31: 48 | N31: 0 | O31: =SUM(C31:L31,N31) -> 73 | P31: =SUM(C31:N31) -> 121
B32: 12.30 - 12.45 | C32: 27 | D32: 10 | E32: 1 | F32: 13 | G32: 0 | H32: 0 | I32: 2 | J32: 0 | K32: 0 | L32: 0 | M32: 47 | N32: 0 | O32: =SUM(C32:L32,N32) -> 53 | P32: =SUM(C32:N32) -> 100
B33: 12.45 - 13.00 | C33: 25 | D33: 13 | E33: 0 | F33: 7 | G33: 0 | H33: 0 | I33: 3 | J33: 0 | K33: 0 | L33: 0 | M33: 54 | N33: 0 | O33: =SUM(C33:L33,N33) -> 48 | P33: =SUM(C33:N33) -> 102
B34: 13.00 - 13.15 | C34: 23 | D34: 6 | E34: 1 | F34: 3 | G34: 0 | H34: 0 | I34: 0 | J34: 3 | K34: 0 | L34: 0 | M34: 60 | N34: 0 | O34: =SUM(C34:L34,N34) -> 36 | P34: =SUM(C34:N34) -> 96
B35: 13.15 - 13.30 | C35: 14 | D35: 11 | E35: 1 | F35: 11 | G35: 0 | H35: 0 | I35: 2 | J35: 1 | K35: 0 | L35: 0 | M35: 61 | N35: 0 | O35: =SUM(C35:L35,N35) -> 40 | P35: =SUM(C35:N35) -> 101
B36: 13.30 - 13.45 | C36: 18 | D36: 11 | E36: 2 | F36: 8 | G36: 0 | H36: 0 | I36: 0 | J36: 0 | K36: 1 | L36: 0 | M36: 53 | N36: 0 | O36: =SUM(C36:L36,N36) -> 40 | P36: =SUM(C36:N36) -> 93
B37: 13.45 - 14.00 | C37: 24 | D37: 6 | E37: 1 | F37: 12 | G37: 0 | H37: 0 | I37: 1 | J37: 0 | K37: 0 | L37: 0 | M37: 53 | N37: 0 | O37: =SUM(C37:L37,N37) -> 44 | P37: =SUM(C37:N37) -> 97
B38: 14.00 - 14.15 | C38: 21 | D38: 11 | E38: 0 | F38: 11 | G38: 0 | H38: 0 | I38: 1 | J38: 0 | K38: 0 | L38: 0 | M38: 67 | N38: 0 | O38: =SUM(C38:L38,N38) -> 44 | P38: =SUM(C38:N38) -> 111
B39: 14.15 - 14.30 | C39: 26 | D39: 16 | E39: 3 | F39: 9 | G39: 0 | H39: 0 | I39: 2 | J39: 0 | K39: 0 | L39: 0 | M39: 69 | N39: 0 | O39: =SUM(C39:L39,N39) -> 56 | P39: =SUM(C39:N39) -> 125
B40: 14.30 - 14.45 | C40: 27 | D40: 7 | E40: 1 | F40: 6 | G40: 0 | H40: 0 | I40: 0 | J40: 0 | K40: 0 | L40: 0 | M40: 70 | N40: 0 | O40: =SUM(C40:L40,N40) -> 41 | P40: =SUM(C40:N40) -> 111
... B57: 18.45 - 19.00 | C57: 19 | D57: 6 | E57: 4 | F57: 4 | G57: 0 | H57: 0 | I57: 3 | J57: 6 | K57: 0 | L57: 0 | M57: 105 | N57: 0 | O57: =SUM(C57:L57,N57) -> 42 | P57: =SUM(C57:N57) -> 147
B58: Totals | C58: =SUM(C10:C57) -> 1545 | D58: =SUM(D10:D57) -> 776 | E58: =SUM(E10:E57) -> 75 | F58: =SUM(F10:F57) -> 439 | G58: =SUM(G10:G57) -> 7 | H58: =SUM(H10:H57) -> 1 | I58: =SUM(I10:I57) -> 104 | J58: =SUM(J10:J57) -> 20 | ... P58: =SUM(P10:P57) -> 5979
B59: %ges + MCs | C59: =C58/$P$58 -> 0.25840442 | D59: =D58/$P$58 -> 0.12978759 | E59: =E58/$P$58 -> 0.012543904 | F59: =F58/$P$58 -> 0.073423649 | G59: =G58/$P$58 -> 0.0011707643 | H59: =H58/$P$58 -> 0.00016725205 | I59: =I58/$P$58 -> 0.017394213 | J59: =J58/$P$58 -> 0.003345041 | ... N59: =N58/$P$58 -> 0
B60: %ges w/o MCs | C60: =C58/$O$58 -> 0.51950235 | D60: =D58/$O$58 -> 0.26092804 | E60: =E58/$O$58 -> 0.025218561 | F60: =F58/$O$58 -> 0.14761264 | G60: =G58/$O$58 -> 0.0023537323 | H60: =H58/$O$58 -> 0.00033624748 | I60: =I58/$O$58 -> 0.034969738 | J60: =J58/$O$58 -> 0.0067249496 | ... L60: =L58/$O$58 -> 0 | N60: =N58/$O$58 -> 0

Sheet 29.07 Bukoto-Kisasi
B1: Consultancy services for Preparation of Expressway Development Master Plan (EDMP) for Uganda
B2: MANUAL CLASSIFIED COUNT (MCC)
B3: ROAD NAME: | C3: ='29.07 Kisasi-Bukoto'!C3:G3 -> MCC - C1 - STN32 - BUKOTO KISASI ROAD
C5: Date | D5: ='29.07 Kisasi-Bukoto'!D5 -> 29.07.19 | F5: Location | G5: ='29.07 Kisasi-Bukoto'!G5:H5 -> KISASI | J5: Surveyor | K5: ='29.07 Kisasi-Bukoto'!K5:L5 -> RWAMBITITO J./NICHOL A./GEORGE W.
C6: Dir. From | D6: BUKOTO | F6: Dir. To | G6: KISASI | J6: Supervisor | K6: ='29.07 Kisasi-Bukoto'!K6:L6 -> SALIMA L.
B8: Time / Veh Type | R8: SUMMARY TRAFFIC VOLUMES
C9: 1. Car | D9: 2. Station Wagon | E9: 3. Pickups | F9: 4. Minibus, matatu | G9: 5. Medium bus | H9: 6. Large Bus | I9: 7. Light Truck | J9: 8. Medium Truck | K9: 9. Heavy truck | L9: 10. Truck Trailer | M9: 11. Motor cycles | N9: 12. Tractors | O9: Total Excl M/Cycles | P9: Total All | R9: Time | S9: 1. Car | T9: 2. Station Wagon | U9: 3. Pickups | V9: 4. Minibus, matatu | W9: 5. Medium bus | X9: 6. Large Bus | Y9: 7. Light Truck | Z9: 8. Medium Truck | AA9: 9. Heavy truck | AB9: 10. Truck Trailer | AC9: 11. Motorcycles | AD9: 12. Tractors, Graders | AE9: Total Excl M/ Cycles | AF9: Total All
B10: 07.00 - 07.15 | C10: 5 | D10: 7 | E10: 2 | F10: 3 | G10: 0 | H10: 0 | I10: 0 | J10: 0 | K10: 0 | L10: 0 | M10: 37 | N10: 0 | O10: =SUM(C10:L10,N10) -> 17 | P10: =SUM(C10:N10) -> 54 | R10: 0700-0800 | S10: =SUM(C10:C13) -> 55 | T10: =SUM(D10:D13) -> 55 | U10: =SUM(E10:E13) -> 19 | V10: =SUM(F10:F13) -> 29 | W10: =SUM(G10:G13) -> 0 | X10: =SUM(H10:H13) -> 0 | Y10: =SUM(I10:I13) -> 7 | Z10: =SUM(J10:J13) -> 0 | ... AF10: =SUM(P10:P13) -> 403
B11: 07.15 - 07.30 | C11: 12 | D11: 19 | E11: 6 | F11: 11 | G11: 0 | H11: 0 | I11: 1 | J11: 0 | K11: 0 | L11: 0 | M11: 41 | N11: 0 | O11: =SUM(C11:L11,N11) -> 49 | P11: =SUM(C11:N11) -> 90 | R11: 0800-0900 | S11: =SUM(C14:C17) -> 91 | T11: =SUM(D14:D17) -> 32 | U11: =SUM(E14:E17) -> 34 | V11: =SUM(F14:F17) -> 40 | W11: =SUM(G14:G17) -> 1 | X11: =SUM(H14:H17) -> 0 | Y11: =SUM(I14:I17) -> 4 | Z11: =SUM(J14:J17) -> 0 | ... AF11: =SUM(P14:P17) -> 575
B12: 07.30 - 07.45 | C12: 18 | D12: 16 | E12: 4 | F12: 8 | G12: 0 | H12: 0 | I12: 4 | J12: 0 | K12: 0 | L12: 0 | M12: 73 | N12: 0 | O12: =SUM(C12:L12,N12) -> 50 | P12: =SUM(C12:N12) -> 123 | R12: 0900-1000 | S12: =SUM(C18:C21) -> 69 | T12: =SUM(D18:D21) -> 25 | U12: =SUM(E18:E21) -> 24 | V12: =SUM(F18:F21) -> 16 | W12: =SUM(G18:G21) -> 0 | X12: =SUM(H18:H21) -> 0 | Y12: =SUM(I18:I21) -> 12 | Z12: =SUM(J18:J21) -> 3 | ... AF12: =SUM(P18:P21) -> 478
B13: 07.45 - 08.00 | C13: 20 | D13: 13 | E13: 7 | F13: 7 | G13: 0 | H13: 0 | I13: 2 | J13: 0 | K13: 0 | L13: 0 | M13: 87 | N13: 0 | O13: =SUM(C13:L13,N13) -> 49 | P13: =SUM(C13:N13) -> 136 | R13: 1000-1100 | S13: =SUM(C22:C25) -> 51 | T13: =SUM(D22:D25) -> 33 | U13: =SUM(E22:E25) -> 17 | V13: =SUM(F22:F25) -> 24 | W13: =SUM(G22:G25) -> 0 | X13: =SUM(H22:H25) -> 0 | Y13: =SUM(I22:I25) -> 5 | Z13: =SUM(J22:J25) -> 5 | ... AF13: =SUM(P22:P25) -> 382
B14: 08.00 - 08.15 | C14: 23 | D14: 8 | E14: 6 | F14: 12 | G14: 0 | H14: 0 | I14: 0 | J14: 0 | K14: 0 | L14: 0 | M14: 92 | N14: 0 | O14: =SUM(C14:L14,N14) -> 49 | P14: =SUM(C14:N14) -> 141 | R14: 1100-1200 | S14: =SUM(C26:C29) -> 55 | T14: =SUM(D26:D29) -> 22 | U14: =SUM(E26:E29) -> 21 | V14: =SUM(F26:F29) -> 23 | W14: =SUM(G26:G29) -> 0 | X14: =SUM(H26:H29) -> 0 | Y14: =SUM(I26:I29) -> 9 | Z14: =SUM(J26:J29) -> 4 | ... AF14: =SUM(P26:P29) -> 337
B15: 08.15 - 08.30 | C15: 18 | D15: 6 | E15: 8 | F15: 9 | G15: 0 | H15: 0 | I15: 3 | J15: 0 | K15: 0 | L15: 0 | M15: 89 | N15: 0 | O15: =SUM(C15:L15,N15) -> 44 | P15: =SUM(C15:N15) -> 133 | R15: 1200-1300 | S15: =SUM(C30:C33) -> 52 | T15: =SUM(D30:D33) -> 25 | U15: =SUM(E30:E33) -> 16 | V15: =SUM(F30:F33) -> 25 | W15: =SUM(G30:G33) -> 0 | X15: =SUM(H30:H33) -> 0 | Y15: =SUM(I30:I33) -> 10 | Z15: =SUM(J30:J33) -> 1 | ... AF15: =SUM(P30:P33) -> 264
B16: 08.30 - 08.45 | C16: 26 | D16: 10 | E16: 9 | F16: 11 | G16: 0 | H16: 0 | I16: 1 | J16: 0 | K16: 0 | L16: 0 | M16: 94 | N16: 0 | O16: =SUM(C16:L16,N16) -> 57 | P16: =SUM(C16:N16) -> 151 | R16: 1300-1400 | S16: =SUM(C34:C37) -> 39 | T16: =SUM(D34:D37) -> 33 | U16: =SUM(E34:E37) -> 15 | V16: =SUM(F34:F37) -> 21 | W16: =SUM(G34:G37) -> 0 | X16: =SUM(H34:H37) -> 0 | Y16: =SUM(I34:I37) -> 6 | Z16: =SUM(J34:J37) -> 0 | ... AF16: =SUM(P34:P37) -> 239
B17: 08.45 - 9.00 | C17: 24 | D17: 8 | E17: 11 | F17: 8 | G17: 1 | H17: 0 | I17: 0 | J17: 0 | K17: 0 | L17: 0 | M17: 98 | N17: 0 | O17: =SUM(C17:L17,N17) -> 52 | P17: =SUM(C17:N17) -> 150 | R17: 1400-1500 | S17: =SUM(C38:C41) -> 47 | T17: =SUM(D38:D41) -> 22 | U17: =SUM(E38:E41) -> 14 | V17: =SUM(F38:F41) -> 22 | W17: =SUM(G38:G41) -> 0 | X17: =SUM(H38:H41) -> 0 | Y17: =SUM(I38:I41) -> 6 | Z17: =SUM(J38:J41) -> 1 | ... AF17: =SUM(P38:P41) -> 248
B18: 09.00 - 09.15 | C18: 21 | D18: 6 | E18: 9 | F18: 5 | G18: 0 | H18: 0 | I18: 2 | J18: 0 | K18: 0 | L18: 0 | M18: 98 | N18: 0 | O18: =SUM(C18:L18,N18) -> 43 | P18: =SUM(C18:N18) -> 141 | R18: 1500-1600 | S18: =SUM(C42:C45) -> 76 | T18: =SUM(D42:D45) -> 29 | U18: =SUM(E42:E45) -> 25 | V18: =SUM(F42:F45) -> 20 | W18: =SUM(G42:G45) -> 0 | X18: =SUM(H42:H45) -> 0 | Y18: =SUM(I42:I45) -> 10 | Z18: =SUM(J42:J45) -> 3 | ... AF18: =SUM(P42:P45) -> 299
B19: 09.15 - 09.30 | C19: 18 | D19: 8 | E19: 6 | F19: 3 | G19: 0 | H19: 0 | I19: 3 | J19: 1 | K19: 0 | L19: 0 | M19: 82 | N19: 0 | O19: =SUM(C19:L19,N19) -> 39 | P19: =SUM(C19:N19) -> 121 | R19: 1600-1700 | S19: =SUM(C46:C49) -> 231 | T19: =SUM(D46:D49) -> 109 | U19: =SUM(E46:E49) -> 53 | V19: =SUM(F46:F49) -> 48 | W19: =SUM(G46:G49) -> 2 | X19: =SUM(H46:H49) -> 1 | Y19: =SUM(I46:I49) -> 11 | Z19: =SUM(J46:J49) -> 6 | ... AF19: =SUM(P46:P49) -> 641
B20: 09.30 - 09.45 | C20: 16 | D20: 6 | E20: 4 | F20: 5 | G20: 0 | H20: 0 | I20: 2 | J20: 1 | K20: 0 | L20: 0 | M20: 77 | N20: 0 | O20: =SUM(C20:L20,N20) -> 34 | P20: =SUM(C20:N20) -> 111 | R20: 1700-1800 | S20: =SUM(C50:C53) -> 390 | T20: =SUM(D50:D53) -> 173 | U20: =SUM(E50:E53) -> 65 | V20: =SUM(F50:F53) -> 43 | W20: =SUM(G50:G53) -> 2 | X20: =SUM(H50:H53) -> 0 | Y20: =SUM(I50:I53) -> 14 | Z20: =SUM(J50:J53) -> 2 | ... AF20: =SUM(P50:P53) -> 865
B21: 09.45 - 10.00 | C21: 14 | D21: 5 | E21: 5 | F21: 3 | G21: 0 | H21: 0 | I21: 5 | J21: 1 | K21: 0 | L21: 0 | M21: 72 | N21: 0 | O21: =SUM(C21:L21,N21) -> 33 | P21: =SUM(C21:N21) -> 105 | R21: 1800-1900 | S21: =SUM(C54:C57) -> 368 | T21: =SUM(D54:D57) -> 146 | U21: =SUM(E54:E57) -> 49 | V21: =SUM(F54:F57) -> 51 | W21: =SUM(G54:G57) -> 0 | X21: =SUM(H54:H57) -> 0 | Y21: =SUM(I54:I57) -> 7 | Z21: =SUM(J54:J57) -> 0 | ... AF21: =SUM(P54:P57) -> 831
B22: 10.00 - 10.15 | C22: 13 | D22: 6 | E22: 3 | F22: 5 | G22: 0 | H22: 0 | I22: 2 | J22: 1 | K22: 0 | L22: 0 | M22: 68 | N22: 0 | O22: =SUM(C22:L22,N22) -> 30 | P22: =SUM(C22:N22) -> 98 | R22: AM Peak Hr | S22: =MAX(S10:S12) -> 91 | T22: =MAX(T10:T12) -> 55 | U22: =MAX(U10:U12) -> 34 | V22: =MAX(V10:V12) -> 40 | W22: =MAX(W10:W12) -> 1 | X22: =MAX(X10:X12) -> 0 | Y22: =MAX(Y10:Y12) -> 12 | Z22: =MAX(Z10:Z12) -> 3 | ... AF22: =MAX(AF10:AF12) -> 575
B23: 10.15 - 10.30 | C23: 10 | D23: 13 | E23: 2 | F23: 4 | G23: 0 | H23: 0 | I23: 1 | J23: 1 | K23: 0 | L23: 0 | M23: 62 | N23: 0 | O23: =SUM(C23:L23,N23) -> 31 | P23: =SUM(C23:N23) -> 93 | R23: IP Peak Hr | S23: =MAX(S13:S18) -> 76 | T23: =MAX(T13:T18) -> 33 | U23: =MAX(U13:U18) -> 25 | V23: =MAX(V13:V18) -> 25 | W23: =MAX(W13:W18) -> 0 | X23: =MAX(X13:X18) -> 0 | Y23: =MAX(Y13:Y18) -> 10 | Z23: =MAX(Z13:Z18) -> 5 | ... AF23: =MAX(AF13:AF18) -> 382
B24: 10.30 - 10.45 | C24: 12 | D24: 9 | E24: 5 | F24: 8 | G24: 0 | H24: 0 | I24: 2 | J24: 2 | K24: 0 | L24: 0 | M24: 57 | N24: 0 | O24: =SUM(C24:L24,N24) -> 38 | P24: =SUM(C24:N24) -> 95 | R24: PM Peak Hr | S24: =MAX(S19:S21) -> 390 | T24: =MAX(T19:T21) -> 173 | U24: =MAX(U19:U21) -> 65 | V24: =MAX(V19:V21) -> 51 | W24: =MAX(W19:W21) -> 2 | X24: =MAX(X19:X21) -> 1 | Y24: =MAX(Y19:Y21) -> 14 | Z24: =MAX(Z19:Z21) -> 6 | ... AF24: =MAX(AF19:AF21) -> 865
B25: 10.45 - 11.00 | C25: 16 | D25: 5 | E25: 7 | F25: 7 | G25: 0 | H25: 0 | I25: 0 | J25: 1 | K25: 0 | L25: 0 | M25: 60 | N25: 0 | O25: =SUM(C25:L25,N25) -> 36 | P25: =SUM(C25:N25) -> 96 | R25: AM Period | S25: =SUM(S10:S12) -> 215 | T25: =SUM(T10:T12) -> 112 | U25: =SUM(U10:U12) -> 77 | V25: =SUM(V10:V12) -> 85 | W25: =SUM(W10:W12) -> 1 | X25: =SUM(X10:X12) -> 0 | Y25: =SUM(Y10:Y12) -> 23 | Z25: =SUM(Z10:Z12) -> 3 | ... AF25: =SUM(AF10:AF12) -> 1456
B26: 11.00 - 11.15 | C26: 13 | D26: 3 | E26: 6 | F26: 4 | G26: 0 | H26: 0 | I26: 2 | J26: 1 | K26: 0 | L26: 0 | M26: 58 | N26: 0 | O26: =SUM(C26:L26,N26) -> 29 | P26: =SUM(C26:N26) -> 87 | R26: IP Period | S26: =SUM(S13:S18) -> 320 | T26: =SUM(T13:T18) -> 164 | U26: =SUM(U13:U18) -> 108 | V26: =SUM(V13:V18) -> 135 | W26: =SUM(W13:W18) -> 0 | X26: =SUM(X13:X18) -> 0 | Y26: =SUM(Y13:Y18) -> 46 | Z26: =SUM(Z13:Z18) -> 14 | ... AF26: =SUM(AF13:AF18) -> 1769
B27: 11.15 - 11.30 | C27: 16 | D27: 8 | E27: 9 | F27: 6 | G27: 0 | H27: 0 | I27: 1 | J27: 3 | K27: 0 | L27: 0 | M27: 64 | N27: 0 | O27: =SUM(C27:L27,N27) -> 43 | P27: =SUM(C27:N27) -> 107 | R27: PM Period | S27: =SUM(S19:S21) -> 989 | T27: =SUM(T19:T21) -> 428 | U27: =SUM(U19:U21) -> 167 | V27: =SUM(V19:V21) -> 142 | W27: =SUM(W19:W21) -> 4 | X27: =SUM(X19:X21) -> 1 | Y27: =SUM(Y19:Y21) -> 32 | Z27: =SUM(Z19:Z21) -> 8 | ... AF27: =SUM(AF19:AF21) -> 2337
B28: 11.30 - 11.45 | C28: 11 | D28: 6 | E28: 4 | F28: 9 | G28: 0 | H28: 0 | I28: 4 | J28: 0 | K28: 0 | L28: 0 | M28: 48 | N28: 0 | O28: =SUM(C28:L28,N28) -> 34 | P28: =SUM(C28:N28) -> 82 | R28: 12 Hours | S28: =SUM(S10:S21) -> 1524 | T28: =SUM(T10:T21) -> 704 | U28: =SUM(U10:U21) -> 352 | V28: =SUM(V10:V21) -> 362 | W28: =SUM(W10:W21) -> 5 | X28: =SUM(X10:X21) -> 1 | Y28: =SUM(Y10:Y21) -> 101 | Z28: =SUM(Z10:Z21) -> 25 | ... AF28: =SUM(AF10:AF21) -> 5562
B29: 11.45 - 12.00 | C29: 15 | D29: 5 | E29: 2 | F29: 4 | G29: 0 | H29: 0 | I29: 2 | J29: 0 | K29: 0 | L29: 0 | M29: 33 | N29: 0 | O29: =SUM(C29:L29,N29) -> 28 | P29: =SUM(C29:N29) -> 61
B30: 12.00 - 12.15 | C30: 13 | D30: 3 | E30: 4 | F30: 5 | G30: 0 | H30: 0 | I30: 1 | J30: 1 | K30: 0 | L30: 0 | M30: 30 | N30: 0 | O30: =SUM(C30:L30,N30) -> 27 | P30: =SUM(C30:N30) -> 57
B31: 12.15 - 12.30 | C31: 15 | D31: 6 | E31: 3 | F31: 7 | G31: 0 | H31: 0 | I31: 5 | J31: 0 | K31: 0 | L31: 0 | M31: 37 | N31: 0 | O31: =SUM(C31:L31,N31) -> 36 | P31: =SUM(C31:N31) -> 73
B32: 12.30 - 12.45 | C32: 13 | D32: 9 | E32: 5 | F32: 7 | G32: 0 | H32: 0 | I32: 2 | J32: 0 | K32: 0 | L32: 0 | M32: 32 | N32: 0 | O32: =SUM(C32:L32,N32) -> 36 | P32: =SUM(C32:N32) -> 68
B33: 12.45 - 13.00 | C33: 11 | D33: 7 | E33: 4 | F33: 6 | G33: 0 | H33: 0 | I33: 2 | J33: 0 | K33: 0 | L33: 0 | M33: 36 | N33: 0 | O33: =SUM(C33:L33,N33) -> 30 | P33: =SUM(C33:N33) -> 66
B34: 13.00 - 13.15 | C34: 9 | D34: 5 | E34: 3 | F34: 6 | G34: 0 | H34: 0 | I34: 2 | J34: 0 | K34: 1 | L34: 0 | M34: 31 | N34: 0 | O34: =SUM(C34:L34,N34) -> 26 | P34: =SUM(C34:N34) -> 57
B35: 13.15 - 13.30 | C35: 12 | D35: 8 | E35: 4 | F35: 5 | G35: 0 | H35: 0 | I35: 3 | J35: 0 | K35: 0 | L35: 0 | M35: 29 | N35: 0 | O35: =SUM(C35:L35,N35) -> 32 | P35: =SUM(C35:N35) -> 61
B36: 13.30 - 13.45 | C36: 10 | D36: 11 | E36: 5 | F36: 3 | G36: 0 | H36: 0 | I36: 1 | J36: 0 | K36: 0 | L36: 0 | M36: 33 | N36: 0 | O36: =SUM(C36:L36,N36) -> 30 | P36: =SUM(C36:N36) -> 63
B37: 13.45 - 14.00 | C37: 8 | D37: 9 | E37: 3 | F37: 7 | G37: 0 | H37: 0 | I37: 0 | J37: 0 | K37: 0 | L37: 0 | M37: 31 | N37: 0 | O37: =SUM(C37:L37,N37) -> 27 | P37: =SUM(C37:N37) -> 58
B38: 14.00 - 14.15 | C38: 10 | D38: 7 | E38: 4 | F38: 6 | G38: 0 | H38: 0 | I38: 2 | J38: 0 | K38: 1 | L38: 0 | M38: 34 | N38: 0 | O38: =SUM(C38:L38,N38) -> 30 | P38: =SUM(C38:N38) -> 64
B39: 14.15 - 14.30 | C39: 13 | D39: 5 | E39: 3 | F39: 4 | G39: 0 | H39: 0 | I39: 1 | J39: 0 | K39: 0 | L39: 0 | M39: 31 | N39: 0 | O39: =SUM(C39:L39,N39) -> 26 | P39: =SUM(C39:N39) -> 57
B40: 14.30 - 14.45 | C40: 10 | D40: 4 | E40: 5 | F40: 7 | G40: 0 | H40: 0 | I40: 3 | J40: 1 | K40: 0 | L40: 0 | M40: 36 | N40: 0 | O40: =SUM(C40:L40,N40) -> 30 | P40: =SUM(C40:N40) -> 66
... B57: 18.45 - 19.00 | C57: 88 | D57: 33 | E57: 8 | F57: 10 | G57: 0 | H57: 0 | I57: 0 | J57: 0 | K57: 0 | L57: 0 | M57: 48 | N57: 0 | O57: =SUM(C57:L57,N57) -> 139 | P57: =SUM(C57:N57) -> 187
B58: Totals | C58: =SUM(C10:C57) -> 1524 | D58: =SUM(D10:D57) -> 704 | E58: =SUM(E10:E57) -> 352 | F58: =SUM(F10:F57) -> 362 | G58: =SUM(G10:G57) -> 5 | H58: =SUM(H10:H57) -> 1 | I58: =SUM(I10:I57) -> 101 | J58: =SUM(J10:J57) -> 25 | ... P58: =SUM(P10:P57) -> 5562
B59: %ges + MCs | C59: =C58/$P$58 -> 0.27400216 | D59: =D58/$P$58 -> 0.12657318 | E59: =E58/$P$58 -> 0.063286588 | F59: =F58/$P$58 -> 0.065084502 | G59: =G58/$P$58 -> 0.00089895721 | H59: =H58/$P$58 -> 0.00017979144 | I59: =I58/$P$58 -> 0.018158936 | J59: =J58/$P$58 -> 0.004494786 | ... N59: =N58/$P$58 -> 0
B60: %ges w/o MCs | C60: =C58/$O$58 -> 0.49480519 | D60: =D58/$O$58 -> 0.22857143 | E60: =E58/$O$58 -> 0.11428571 | F60: =F58/$O$58 -> 0.11753247 | G60: =G58/$O$58 -> 0.0016233766 | H60: =H58/$O$58 -> 0.00032467532 | I60: =I58/$O$58 -> 0.032792208 | J60: =J58/$O$58 -> 0.0081168831 | ... L60: =L58/$O$58 -> 0 | N60: =N58/$O$58 -> 0

Sheet 30.07 Kisasi-Bukoto
B1: Consultancy services for Preparation of Expressway Development Master Plan (EDMP) for Uganda
B2: MANUAL CLASSIFIED COUNT (MCC)
B3: ROAD NAME: | C3: ='29.07 Kisasi-Bukoto'!C3:G3 -> MCC - C1 - STN32 - BUKOTO KISASI ROAD
C5: Date | D5: 30.07.19 | F5: Location | G5: ='29.07 Kisasi-Bukoto'!G5:H5 -> KISASI | J5: Surveyor | K5: ='29.07 Kisasi-Bukoto'!K5:L5 -> RWAMBITITO J./NICHOL A./GEORGE W.
C6: Dir. From | D6: ='29.07 Kisasi-Bukoto'!D6:E6 -> KISASI | F6: Dir. To | G6: ='29.07 Kisasi-Bukoto'!G6:H6 -> BUKOTO | J6: Supervisor | K6: ='29.07 Kisasi-Bukoto'!K6:L6 -> SALIMA L.
B8: Time / Veh Type | R8: SUMMARY TRAFFIC VOLUMES
C9: 1. Car | D9: 2. Station Wagon | E9: 3. Pickups | F9: 4. Minibus, matatu | G9: 5. Medium bus | H9: 6. Large Bus | I9: 7. Light Truck | J9: 8. Medium Truck | K9: 9. Heavy truck | L9: 10. Truck Trailer | M9: 11. Motor cycles | N9: 12. Tractors | O9: Total Excl M/Cycles | P9: Total All | R9: Time | S9: 1. Car | T9: 2. Station Wagon | U9: 3. Pickups | V9: 4. Minibus, matatu | W9: 5. Medium bus | X9: 6. Large Bus | Y9: 7. Light Truck | Z9: 8. Medium Truck | AA9: 9. Heavy truck | AB9: 10. Truck Trailer | AC9: 11. Motorcycles | AD9: 12. Tractors, Graders | AE9: Total Excl M/ Cycles | AF9: Total All
B10: 07.00 - 07.15 | C10: 70 | D10: 43 | E10: 6 | F10: 18 | G10: 1 | H10: 0 | I10: 2 | J10: 0 | K10: 0 | L10: 0 | M10: 133 | N10: 0 | O10: =SUM(C10:L10,N10) -> 140 | P10: =SUM(C10:N10) -> 273 | R10: 0700-0800 | S10: =SUM(C10:C13) -> 291 | T10: =SUM(D10:D13) -> 143 | U10: =SUM(E10:E13) -> 30 | V10: =SUM(F10:F13) -> 66 | W10: =SUM(G10:G13) -> 1 | X10: =SUM(H10:H13) -> 0 | Y10: =SUM(I10:I13) -> 5 | Z10: =SUM(J10:J13) -> 2 | ... AF10: =SUM(P10:P13) -> 950
B11: 07.15 - 07.30 | C11: 80 | D11: 46 | E11: 13 | F11: 20 | G11: 0 | H11: 0 | I11: 1 | J11: 0 | K11: 0 | L11: 0 | M11: 109 | N11: 0 | O11: =SUM(C11:L11,N11) -> 160 | P11: =SUM(C11:N11) -> 269 | R11: 0800-0900 | S11: =SUM(C14:C17) -> 241 | T11: =SUM(D14:D17) -> 134 | U11: =SUM(E14:E17) -> 24 | V11: =SUM(F14:F17) -> 52 | W11: =SUM(G14:G17) -> 0 | X11: =SUM(H14:H17) -> 0 | Y11: =SUM(I14:I17) -> 7 | Z11: =SUM(J14:J17) -> 0 | ... AF11: =SUM(P14:P17) -> 883
B12: 07.30 - 07.45 | C12: 46 | D12: 13 | E12: 8 | F12: 8 | G12: 0 | H12: 0 | I12: 2 | J12: 1 | K12: 0 | L12: 0 | M12: 72 | N12: 0 | O12: =SUM(C12:L12,N12) -> 78 | P12: =SUM(C12:N12) -> 150 | R12: 0900-1000 | S12: =SUM(C18:C21) -> 187 | T12: =SUM(D18:D21) -> 88 | U12: =SUM(E18:E21) -> 12 | V12: =SUM(F18:F21) -> 46 | W12: =SUM(G18:G21) -> 0 | X12: =SUM(H18:H21) -> 1 | Y12: =SUM(I18:I21) -> 7 | Z12: =SUM(J18:J21) -> 2 | ... AF12: =SUM(P18:P21) -> 628
B13: 07.45 - 08.00 | C13: 95 | D13: 41 | E13: 3 | F13: 20 | G13: 0 | H13: 0 | I13: 0 | J13: 1 | K13: 0 | L13: 0 | M13: 98 | N13: 0 | O13: =SUM(C13:L13,N13) -> 160 | P13: =SUM(C13:N13) -> 258 | R13: 1000-1100 | S13: =SUM(C22:C25) -> 135 | T13: =SUM(D22:D25) -> 69 | U13: =SUM(E22:E25) -> 13 | V13: =SUM(F22:F25) -> 46 | W13: =SUM(G22:G25) -> 0 | X13: =SUM(H22:H25) -> 0 | Y13: =SUM(I22:I25) -> 12 | Z13: =SUM(J22:J25) -> 0 | ... AF13: =SUM(P22:P25) -> 576
B14: 08.00 - 08.15 | C14: 84 | D14: 57 | E14: 7 | F14: 16 | G14: 0 | H14: 0 | I14: 3 | J14: 0 | K14: 0 | L14: 0 | M14: 108 | N14: 0 | O14: =SUM(C14:L14,N14) -> 167 | P14: =SUM(C14:N14) -> 275 | R14: 1100-1200 | S14: =SUM(C26:C29) -> 115 | T14: =SUM(D26:D29) -> 65 | U14: =SUM(E26:E29) -> 3 | V14: =SUM(F26:F29) -> 48 | W14: =SUM(G26:G29) -> 0 | X14: =SUM(H26:H29) -> 0 | Y14: =SUM(I26:I29) -> 5 | Z14: =SUM(J26:J29) -> 1 | ... AF14: =SUM(P26:P29) -> 472
B15: 08.15 - 08.30 | C15: 69 | D15: 30 | E15: 10 | F15: 13 | G15: 0 | H15: 0 | I15: 2 | J15: 0 | K15: 0 | L15: 0 | M15: 84 | N15: 0 | O15: =SUM(C15:L15,N15) -> 124 | P15: =SUM(C15:N15) -> 208 | R15: 1200-1300 | S15: =SUM(C30:C33) -> 98 | T15: =SUM(D30:D33) -> 58 | U15: =SUM(E30:E33) -> 6 | V15: =SUM(F30:F33) -> 37 | W15: =SUM(G30:G33) -> 0 | X15: =SUM(H30:H33) -> 0 | Y15: =SUM(I30:I33) -> 8 | Z15: =SUM(J30:J33) -> 0 | ... AF15: =SUM(P30:P33) -> 379
B16: 08.30 - 08.45 | C16: 54 | D16: 18 | E16: 2 | F16: 12 | G16: 0 | H16: 0 | I16: 1 | J16: 0 | K16: 0 | L16: 0 | M16: 120 | N16: 0 | O16: =SUM(C16:L16,N16) -> 87 | P16: =SUM(C16:N16) -> 207 | R16: 1300-1400 | S16: =SUM(C34:C37) -> 87 | T16: =SUM(D34:D37) -> 48 | U16: =SUM(E34:E37) -> 6 | V16: =SUM(F34:F37) -> 37 | W16: =SUM(G34:G37) -> 0 | X16: =SUM(H34:H37) -> 0 | Y16: =SUM(I34:I37) -> 9 | Z16: =SUM(J34:J37) -> 0 | ... AF16: =SUM(P34:P37) -> 416
B17: 08.45 - 9.00 | C17: 34 | D17: 29 | E17: 5 | F17: 11 | G17: 0 | H17: 0 | I17: 1 | J17: 0 | K17: 0 | L17: 0 | M17: 113 | N17: 0 | O17: =SUM(C17:L17,N17) -> 80 | P17: =SUM(C17:N17) -> 193 | R17: 1400-1500 | S17: =SUM(C38:C41) -> 102 | T17: =SUM(D38:D41) -> 46 | U17: =SUM(E38:E41) -> 5 | V17: =SUM(F38:F41) -> 34 | W17: =SUM(G38:G41) -> 1 | X17: =SUM(H38:H41) -> 0 | Y17: =SUM(I38:I41) -> 11 | Z17: =SUM(J38:J41) -> 5 | ... AF17: =SUM(P38:P41) -> 434
B18: 09.00 - 09.15 | C18: 47 | D18: 33 | E18: 5 | F18: 14 | G18: 0 | H18: 1 | I18: 2 | J18: 0 | K18: 0 | L18: 0 | M18: 75 | N18: 0 | O18: =SUM(C18:L18,N18) -> 102 | P18: =SUM(C18:N18) -> 177 | R18: 1500-1600 | S18: =SUM(C42:C45) -> 101 | T18: =SUM(D42:D45) -> 62 | U18: =SUM(E42:E45) -> 8 | V18: =SUM(F42:F45) -> 30 | W18: =SUM(G42:G45) -> 0 | X18: =SUM(H42:H45) -> 0 | Y18: =SUM(I42:I45) -> 14 | Z18: =SUM(J42:J45) -> 2 | ... AF18: =SUM(P42:P45) -> 487
B19: 09.15 - 09.30 | C19: 47 | D19: 27 | E19: 0 | F19: 10 | G19: 0 | H19: 0 | I19: 1 | J19: 2 | K19: 0 | L19: 0 | M19: 82 | N19: 0 | O19: =SUM(C19:L19,N19) -> 87 | P19: =SUM(C19:N19) -> 169 | R19: 1600-1700 | S19: =SUM(C46:C49) -> 97 | T19: =SUM(D46:D49) -> 63 | U19: =SUM(E46:E49) -> 4 | V19: =SUM(F46:F49) -> 29 | W19: =SUM(G46:G49) -> 1 | X19: =SUM(H46:H49) -> 0 | Y19: =SUM(I46:I49) -> 13 | Z19: =SUM(J46:J49) -> 0 | ... AF19: =SUM(P46:P49) -> 485
B20: 09.30 - 09.45 | C20: 48 | D20: 12 | E20: 3 | F20: 11 | G20: 0 | H20: 0 | I20: 3 | J20: 0 | K20: 0 | L20: 0 | M20: 53 | N20: 0 | O20: =SUM(C20:L20,N20) -> 77 | P20: =SUM(C20:N20) -> 130 | R20: 1700-1800 | S20: =SUM(C50:C53) -> 108 | T20: =SUM(D50:D53) -> 70 | U20: =SUM(E50:E53) -> 9 | V20: =SUM(F50:F53) -> 45 | W20: =SUM(G50:G53) -> 0 | X20: =SUM(H50:H53) -> 0 | Y20: =SUM(I50:I53) -> 9 | Z20: =SUM(J50:J53) -> 4 | ... AF20: =SUM(P50:P53) -> 585
B21: 09.45 - 10.00 | C21: 45 | D21: 16 | E21: 4 | F21: 11 | G21: 0 | H21: 0 | I21: 1 | J21: 0 | K21: 0 | L21: 0 | M21: 75 | N21: 0 | O21: =SUM(C21:L21,N21) -> 77 | P21: =SUM(C21:N21) -> 152 | R21: 1800-1900 | S21: =SUM(C54:C57) -> 66 | T21: =SUM(D54:D57) -> 50 | U21: =SUM(E54:E57) -> 6 | V21: =SUM(F54:F57) -> 38 | W21: =SUM(G54:G57) -> 3 | X21: =SUM(H54:H57) -> 0 | Y21: =SUM(I54:I57) -> 11 | Z21: =SUM(J54:J57) -> 2 | ... AF21: =SUM(P54:P57) -> 475
B22: 10.00 - 10.15 | C22: 48 | D22: 27 | E22: 7 | F22: 16 | G22: 0 | H22: 0 | I22: 4 | J22: 0 | K22: 0 | L22: 0 | M22: 79 | N22: 0 | O22: =SUM(C22:L22,N22) -> 102 | P22: =SUM(C22:N22) -> 181 | R22: AM Peak Hr | S22: =MAX(S10:S12) -> 291 | T22: =MAX(T10:T12) -> 143 | U22: =MAX(U10:U12) -> 30 | V22: =MAX(V10:V12) -> 66 | W22: =MAX(W10:W12) -> 1 | X22: =MAX(X10:X12) -> 1 | Y22: =MAX(Y10:Y12) -> 7 | Z22: =MAX(Z10:Z12) -> 2 | ... AF22: =MAX(AF10:AF12) -> 950
B23: 10.15 - 10.30 | C23: 30 | D23: 13 | E23: 1 | F23: 10 | G23: 0 | H23: 0 | I23: 2 | J23: 0 | K23: 0 | L23: 0 | M23: 80 | N23: 0 | O23: =SUM(C23:L23,N23) -> 56 | P23: =SUM(C23:N23) -> 136 | R23: IP Peak Hr | S23: =MAX(S13:S18) -> 135 | T23: =MAX(T13:T18) -> 69 | U23: =MAX(U13:U18) -> 13 | V23: =MAX(V13:V18) -> 48 | W23: =MAX(W13:W18) -> 1 | X23: =MAX(X13:X18) -> 0 | Y23: =MAX(Y13:Y18) -> 14 | Z23: =MAX(Z13:Z18) -> 5 | ... AF23: =MAX(AF13:AF18) -> 576
B24: 10.30 - 10.45 | C24: 33 | D24: 17 | E24: 3 | F24: 14 | G24: 0 | H24: 0 | I24: 0 | J24: 0 | K24: 0 | L24: 0 | M24: 77 | N24: 0 | O24: =SUM(C24:L24,N24) -> 67 | P24: =SUM(C24:N24) -> 144 | R24: PM Peak Hr | S24: =MAX(S19:S21) -> 108 | T24: =MAX(T19:T21) -> 70 | U24: =MAX(U19:U21) -> 9 | V24: =MAX(V19:V21) -> 45 | W24: =MAX(W19:W21) -> 3 | X24: =MAX(X19:X21) -> 0 | Y24: =MAX(Y19:Y21) -> 13 | Z24: =MAX(Z19:Z21) -> 4 | ... AF24: =MAX(AF19:AF21) -> 585
B25: 10.45 - 11.00 | C25: 24 | D25: 12 | E25: 2 | F25: 6 | G25: 0 | H25: 0 | I25: 6 | J25: 0 | K25: 0 | L25: 0 | M25: 65 | N25: 0 | O25: =SUM(C25:L25,N25) -> 50 | P25: =SUM(C25:N25) -> 115 | R25: AM Period | S25: =SUM(S10:S12) -> 719 | T25: =SUM(T10:T12) -> 365 | U25: =SUM(U10:U12) -> 66 | V25: =SUM(V10:V12) -> 164 | W25: =SUM(W10:W12) -> 1 | X25: =SUM(X10:X12) -> 1 | Y25: =SUM(Y10:Y12) -> 19 | Z25: =SUM(Z10:Z12) -> 4 | ... AF25: =SUM(AF10:AF12) -> 2461
B26: 11.00 - 11.15 | C26: 40 | D26: 14 | E26: 0 | F26: 11 | G26: 0 | H26: 0 | I26: 1 | J26: 0 | K26: 0 | L26: 0 | M26: 63 | N26: 0 | O26: =SUM(C26:L26,N26) -> 66 | P26: =SUM(C26:N26) -> 129 | R26: IP Period | S26: =SUM(S13:S18) -> 638 | T26: =SUM(T13:T18) -> 348 | U26: =SUM(U13:U18) -> 41 | V26: =SUM(V13:V18) -> 232 | W26: =SUM(W13:W18) -> 1 | X26: =SUM(X13:X18) -> 0 | Y26: =SUM(Y13:Y18) -> 59 | Z26: =SUM(Z13:Z18) -> 8 | ... AF26: =SUM(AF13:AF18) -> 2764
B27: 11.15 - 11.30 | C27: 26 | D27: 14 | E27: 1 | F27: 10 | G27: 0 | H27: 0 | I27: 2 | J27: 0 | K27: 0 | L27: 0 | M27: 59 | N27: 0 | O27: =SUM(C27:L27,N27) -> 53 | P27: =SUM(C27:N27) -> 112 | R27: PM Period | S27: =SUM(S19:S21) -> 271 | T27: =SUM(T19:T21) -> 183 | U27: =SUM(U19:U21) -> 19 | V27: =SUM(V19:V21) -> 112 | W27: =SUM(W19:W21) -> 4 | X27: =SUM(X19:X21) -> 0 | Y27: =SUM(Y19:Y21) -> 33 | Z27: =SUM(Z19:Z21) -> 6 | ... AF27: =SUM(AF19:AF21) -> 1545
B28: 11.30 - 11.45 | C28: 28 | D28: 15 | E28: 1 | F28: 13 | G28: 0 | H28: 0 | I28: 1 | J28: 1 | K28: 0 | L28: 0 | M28: 60 | N28: 0 | O28: =SUM(C28:L28,N28) -> 59 | P28: =SUM(C28:N28) -> 119 | R28: 12 Hours | S28: =SUM(S10:S21) -> 1628 | T28: =SUM(T10:T21) -> 896 | U28: =SUM(U10:U21) -> 126 | V28: =SUM(V10:V21) -> 508 | W28: =SUM(W10:W21) -> 6 | X28: =SUM(X10:X21) -> 1 | Y28: =SUM(Y10:Y21) -> 111 | Z28: =SUM(Z10:Z21) -> 18 | ... AF28: =SUM(AF10:AF21) -> 6770
B29: 11.45 - 12.00 | C29: 21 | D29: 22 | E29: 1 | F29: 14 | G29: 0 | H29: 0 | I29: 1 | J29: 0 | K29: 0 | L29: 0 | M29: 53 | N29: 0 | O29: =SUM(C29:L29,N29) -> 59 | P29: =SUM(C29:N29) -> 112
B30: 12.00 - 12.15 | C30: 24 | D30: 16 | E30: 0 | F30: 13 | G30: 0 | H30: 0 | I30: 3 | J30: 0 | K30: 1 | L30: 0 | M30: 34 | N30: 0 | O30: =SUM(C30:L30,N30) -> 57 | P30: =SUM(C30:N30) -> 91
B31: 12.15 - 12.30 | C31: 21 | D31: 10 | E31: 1 | F31: 8 | G31: 0 | H31: 0 | I31: 2 | J31: 0 | K31: 0 | L31: 0 | M31: 35 | N31: 0 | O31: =SUM(C31:L31,N31) -> 42 | P31: =SUM(C31:N31) -> 77
B32: 12.30 - 12.45 | C32: 25 | D32: 12 | E32: 3 | F32: 6 | G32: 0 | H32: 0 | I32: 3 | J32: 0 | K32: 0 | L32: 0 | M32: 55 | N32: 0 | O32: =SUM(C32:L32,N32) -> 49 | P32: =SUM(C32:N32) -> 104
B33: 12.45 - 13.00 | C33: 28 | D33: 20 | E33: 2 | F33: 10 | G33: 0 | H33: 0 | I33: 0 | J33: 0 | K33: 0 | L33: 0 | M33: 47 | N33: 0 | O33: =SUM(C33:L33,N33) -> 60 | P33: =SUM(C33:N33) -> 107
B34: 13.00 - 13.15 | C34: 22 | D34: 15 | E34: 3 | F34: 11 | G34: 0 | H34: 0 | I34: 3 | J34: 0 | K34: 0 | L34: 0 | M34: 57 | N34: 0 | O34: =SUM(C34:L34,N34) -> 54 | P34: =SUM(C34:N34) -> 111
B35: 13.15 - 13.30 | C35: 17 | D35: 7 | E35: 0 | F35: 8 | G35: 0 | H35: 0 | I35: 0 | J35: 0 | K35: 0 | L35: 0 | M35: 62 | N35: 0 | O35: =SUM(C35:L35,N35) -> 32 | P35: =SUM(C35:N35) -> 94
B36: 13.30 - 13.45 | C36: 16 | D36: 10 | E36: 1 | F36: 10 | G36: 0 | H36: 0 | I36: 4 | J36: 0 | K36: 0 | L36: 0 | M36: 63 | N36: 0 | O36: =SUM(C36:L36,N36) -> 41 | P36: =SUM(C36:N36) -> 104
B37: 13.45 - 14.00 | C37: 32 | D37: 16 | E37: 2 | F37: 8 | G37: 0 | H37: 0 | I37: 2 | J37: 0 | K37: 0 | L37: 0 | M37: 47 | N37: 0 | O37: =SUM(C37:L37,N37) -> 60 | P37: =SUM(C37:N37) -> 107
B38: 14.00 - 14.15 | C38: 30 | D38: 11 | E38: 0 | F38: 8 | G38: 1 | H38: 0 | I38: 2 | J38: 0 | K38: 0 | L38: 0 | M38: 75 | N38: 0 | O38: =SUM(C38:L38,N38) -> 52 | P38: =SUM(C38:N38) -> 127
B39: 14.15 - 14.30 | C39: 21 | D39: 15 | E39: 2 | F39: 7 | G39: 0 | H39: 0 | I39: 4 | J39: 0 | K39: 0 | L39: 0 | M39: 52 | N39: 0 | O39: =SUM(C39:L39,N39) -> 49 | P39: =SUM(C39:N39) -> 101
B40: 14.30 - 14.45 | C40: 24 | D40: 11 | E40: 2 | F40: 9 | G40: 0 | H40: 0 | I40: 2 | J40: 2 | K40: 0 | L40: 0 | M40: 53 | N40: 0 | O40: =SUM(C40:L40,N40) -> 50 | P40: =SUM(C40:N40) -> 103
... B57: 18.45 - 19.00 | C57: 14 | D57: 6 | E57: 2 | F57: 9 | G57: 0 | H57: 0 | I57: 3 | J57: 1 | K57: 0 | L57: 0 | M57: 67 | N57: 0 | O57: =SUM(C57:L57,N57) -> 35 | P57: =SUM(C57:N57) -> 102
B58: Totals | C58: =SUM(C10:C57) -> 1628 | D58: =SUM(D10:D57) -> 896 | E58: =SUM(E10:E57) -> 126 | F58: =SUM(F10:F57) -> 508 | G58: =SUM(G10:G57) -> 6 | H58: =SUM(H10:H57) -> 1 | I58: =SUM(I10:I57) -> 111 | J58: =SUM(J10:J57) -> 18 | ... P58: =SUM(P10:P57) -> 6770
B59: %ges + MCs | C59: =C58/$P$58 -> 0.24047267 | D59: =D58/$P$58 -> 0.1323486 | E59: =E58/$P$58 -> 0.018611521 | F59: =F58/$P$58 -> 0.075036928 | G59: =G58/$P$58 -> 0.00088626292 | H59: =H58/$P$58 -> 0.00014771049 | I59: =I58/$P$58 -> 0.016395864 | J59: =J58/$P$58 -> 0.0026587888 | ... N59: =N58/$P$58 -> 0
B60: %ges w/o MCs | C60: =C58/$O$58 -> 0.49348287 | D60: =D58/$O$58 -> 0.27159745 | E60: =E58/$O$58 -> 0.038193392 | F60: =F58/$O$58 -> 0.15398606 | G60: =G58/$O$58 -> 0.0018187329 | H60: =H58/$O$58 -> 0.00030312216 | I60: =I58/$O$58 -> 0.03364656 | J60: =J58/$O$58 -> 0.0054561988 | ... L60: =L58/$O$58 -> 0.00030312216 | N60: =N58/$O$58 -> 0

Sheet 30.07 Bukoto-Kisasi
B1: Consultancy services for Preparation of Expressway Development Master Plan (EDMP) for Uganda
B2: MANUAL CLASSIFIED COUNT (MCC)
B3: ROAD NAME: | C3: ='29.07 Bukoto-Kisasi'!C3:G3 -> MCC - C1 - STN32 - BUKOTO KISASI ROAD
C5: Date | D5: ='30.07 Kisasi-Bukoto'!D5 -> 30.07.19 | F5: Location | G5: ='29.07 Kisasi-Bukoto'!G5:H5 -> KISASI | J5: Surveyor | K5: ='29.07 Kisasi-Bukoto'!K5:L5 -> RWAMBITITO J./NICHOL A./GEORGE W.
C6: Dir. From | D6: ='29.07 Bukoto-Kisasi'!D6:E6 -> BUKOTO | F6: Dir. To | G6: ='29.07 Bukoto-Kisasi'!G6:H6 -> KISASI | J6: Supervisor | K6: ='29.07 Kisasi-Bukoto'!K6:L6 -> SALIMA L.
B8: Time / Veh Type | R8: SUMMARY TRAFFIC VOLUMES
C9: 1. Car | D9: 2. Station Wagon | E9: 3. Pickups | F9: 4. Minibus, matatu | G9: 5. Medium bus | H9: 6. Large Bus | I9: 7. Light Truck | J9: 8. Medium Truck | K9: 9. Heavy truck | L9: 10. Truck Trailer | M9: 11. Motor cycles | N9: 12. Tractors | O9: Total Excl M/Cycles | P9: Total All | R9: Time | S9: 1. Car | T9: 2. Station Wagon | U9: 3. Pickups | V9: 4. Minibus, matatu | W9: 5. Medium bus | X9: 6. Large Bus | Y9: 7. Light Truck | Z9: 8. Medium Truck | AA9: 9. Heavy truck | AB9: 10. Truck Trailer | AC9: 11. Motorcycles | AD9: 12. Tractors, Graders | AE9: Total Excl M/ Cycles | AF9: Total All
B10: 07.00 - 07.15 | C10: 11 | D10: 7 | E10: 1 | F10: 3 | G10: 0 | H10: 0 | I10: 1 | J10: 0 | K10: 0 | L10: 0 | M10: 28 | N10: 0 | O10: =SUM(C10:L10,N10) -> 23 | P10: =SUM(C10:N10) -> 51 | R10: 0700-0800 | S10: =SUM(C10:C13) -> 46 | T10: =SUM(D10:D13) -> 25 | U10: =SUM(E10:E13) -> 11 | V10: =SUM(F10:F13) -> 20 | W10: =SUM(G10:G13) -> 1 | X10: =SUM(H10:H13) -> 0 | Y10: =SUM(I10:I13) -> 4 | Z10: =SUM(J10:J13) -> 1 | ... AF10: =SUM(P10:P13) -> 245
B11: 07.15 - 07.30 | C11: 14 | D11: 6 | E11: 4 | F11: 5 | G11: 0 | H11: 0 | I11: 2 | J11: 0 | K11: 0 | L11: 0 | M11: 36 | N11: 0 | O11: =SUM(C11:L11,N11) -> 31 | P11: =SUM(C11:N11) -> 67 | R11: 0800-0900 | S11: =SUM(C14:C17) -> 54 | T11: =SUM(D14:D17) -> 26 | U11: =SUM(E14:E17) -> 7 | V11: =SUM(F14:F17) -> 22 | W11: =SUM(G14:G17) -> 0 | X11: =SUM(H14:H17) -> 0 | Y11: =SUM(I14:I17) -> 4 | Z11: =SUM(J14:J17) -> 1 | ... AF11: =SUM(P14:P17) -> 252
B12: 07.30 - 07.45 | C12: 12 | D12: 4 | E12: 2 | F12: 7 | G12: 1 | H12: 0 | I12: 1 | J12: 0 | K12: 0 | L12: 0 | M12: 39 | N12: 0 | O12: =SUM(C12:L12,N12) -> 27 | P12: =SUM(C12:N12) -> 66 | R12: 0900-1000 | S12: =SUM(C18:C21) -> 36 | T12: =SUM(D18:D21) -> 21 | U12: =SUM(E18:E21) -> 11 | V12: =SUM(F18:F21) -> 17 | W12: =SUM(G18:G21) -> 0 | X12: =SUM(H18:H21) -> 0 | Y12: =SUM(I18:I21) -> 5 | Z12: =SUM(J18:J21) -> 1 | ... AF12: =SUM(P18:P21) -> 218
B13: 07.45 - 08.00 | C13: 9 | D13: 8 | E13: 4 | F13: 5 | G13: 0 | H13: 0 | I13: 0 | J13: 1 | K13: 0 | L13: 0 | M13: 34 | N13: 0 | O13: =SUM(C13:L13,N13) -> 27 | P13: =SUM(C13:N13) -> 61 | R13: 1000-1100 | S13: =SUM(C22:C25) -> 47 | T13: =SUM(D22:D25) -> 21 | U13: =SUM(E22:E25) -> 10 | V13: =SUM(F22:F25) -> 19 | W13: =SUM(G22:G25) -> 0 | X13: =SUM(H22:H25) -> 0 | Y13: =SUM(I22:I25) -> 13 | Z13: =SUM(J22:J25) -> 2 | ... AF13: =SUM(P22:P25) -> 242
B14: 08.00 - 08.15 | C14: 14 | D14: 6 | E14: 3 | F14: 4 | G14: 0 | H14: 0 | I14: 2 | J14: 0 | K14: 0 | L14: 0 | M14: 32 | N14: 0 | O14: =SUM(C14:L14,N14) -> 29 | P14: =SUM(C14:N14) -> 61 | R14: 1100-1200 | S14: =SUM(C26:C29) -> 35 | T14: =SUM(D26:D29) -> 19 | U14: =SUM(E26:E29) -> 5 | V14: =SUM(F26:F29) -> 15 | W14: =SUM(G26:G29) -> 0 | X14: =SUM(H26:H29) -> 0 | Y14: =SUM(I26:I29) -> 0 | Z14: =SUM(J26:J29) -> 1 | ... AF14: =SUM(P26:P29) -> 226
B15: 08.15 - 08.30 | C15: 18 | D15: 9 | E15: 1 | F15: 8 | G15: 0 | H15: 0 | I15: 1 | J15: 0 | K15: 0 | L15: 0 | M15: 29 | N15: 0 | O15: =SUM(C15:L15,N15) -> 37 | P15: =SUM(C15:N15) -> 66 | R15: 1200-1300 | S15: =SUM(C30:C33) -> 52 | T15: =SUM(D30:D33) -> 25 | U15: =SUM(E30:E33) -> 18 | V15: =SUM(F30:F33) -> 19 | W15: =SUM(G30:G33) -> 0 | X15: =SUM(H30:H33) -> 0 | Y15: =SUM(I30:I33) -> 12 | Z15: =SUM(J30:J33) -> 2 | ... AF15: =SUM(P30:P33) -> 265
B16: 08.30 - 08.45 | C16: 13 | D16: 7 | E16: 2 | F16: 4 | G16: 0 | H16: 0 | I16: 0 | J16: 1 | K16: 0 | L16: 0 | M16: 36 | N16: 0 | O16: =SUM(C16:L16,N16) -> 27 | P16: =SUM(C16:N16) -> 63 | R16: 1300-1400 | S16: =SUM(C34:C37) -> 54 | T16: =SUM(D34:D37) -> 24 | U16: =SUM(E34:E37) -> 18 | V16: =SUM(F34:F37) -> 23 | W16: =SUM(G34:G37) -> 0 | X16: =SUM(H34:H37) -> 0 | Y16: =SUM(I34:I37) -> 9 | Z16: =SUM(J34:J37) -> 1 | ... AF16: =SUM(P34:P37) -> 258
B17: 08.45 - 9.00 | C17: 9 | D17: 4 | E17: 1 | F17: 6 | G17: 0 | H17: 0 | I17: 1 | J17: 0 | K17: 0 | L17: 0 | M17: 41 | N17: 0 | O17: =SUM(C17:L17,N17) -> 21 | P17: =SUM(C17:N17) -> 62 | R17: 1400-1500 | S17: =SUM(C38:C41) -> 53 | T17: =SUM(D38:D41) -> 22 | U17: =SUM(E38:E41) -> 18 | V17: =SUM(F38:F41) -> 22 | W17: =SUM(G38:G41) -> 0 | X17: =SUM(H38:H41) -> 0 | Y17: =SUM(I38:I41) -> 6 | Z17: =SUM(J38:J41) -> 1 | ... AF17: =SUM(P38:P41) -> 259
B18: 09.00 - 09.15 | C18: 8 | D18: 4 | E18: 3 | F18: 5 | G18: 0 | H18: 0 | I18: 0 | J18: 0 | K18: 0 | L18: 0 | M18: 33 | N18: 0 | O18: =SUM(C18:L18,N18) -> 20 | P18: =SUM(C18:N18) -> 53 | R18: 1500-1600 | S18: =SUM(C42:C45) -> 66 | T18: =SUM(D42:D45) -> 34 | U18: =SUM(E42:E45) -> 28 | V18: =SUM(F42:F45) -> 27 | W18: =SUM(G42:G45) -> 0 | X18: =SUM(H42:H45) -> 0 | Y18: =SUM(I42:I45) -> 3 | Z18: =SUM(J42:J45) -> 0 | ... AF18: =SUM(P42:P45) -> 294
B19: 09.15 - 09.30 | C19: 5 | D19: 8 | E19: 2 | F19: 5 | G19: 0 | H19: 0 | I19: 1 | J19: 1 | K19: 0 | L19: 0 | M19: 29 | N19: 0 | O19: =SUM(C19:L19,N19) -> 22 | P19: =SUM(C19:N19) -> 51 | R19: 1600-1700 | S19: =SUM(C46:C49) -> 141 | T19: =SUM(D46:D49) -> 55 | U19: =SUM(E46:E49) -> 44 | V19: =SUM(F46:F49) -> 35 | W19: =SUM(G46:G49) -> 0 | X19: =SUM(H46:H49) -> 1 | Y19: =SUM(I46:I49) -> 8 | Z19: =SUM(J46:J49) -> 3 | ... AF19: =SUM(P46:P49) -> 419
B20: 09.30 - 09.45 | C20: 10 | D20: 3 | E20: 6 | F20: 3 | G20: 0 | H20: 0 | I20: 1 | J20: 0 | K20: 0 | L20: 0 | M20: 27 | N20: 0 | O20: =SUM(C20:L20,N20) -> 23 | P20: =SUM(C20:N20) -> 50 | R20: 1700-1800 | S20: =SUM(C50:C53) -> 322 | T20: =SUM(D50:D53) -> 121 | U20: =SUM(E50:E53) -> 53 | V20: =SUM(F50:F53) -> 50 | W20: =SUM(G50:G53) -> 0 | X20: =SUM(H50:H53) -> 0 | Y20: =SUM(I50:I53) -> 6 | Z20: =SUM(J50:J53) -> 3 | ... AF20: =SUM(P50:P53) -> 697
B21: 09.45 - 10.00 | C21: 13 | D21: 6 | E21: 0 | F21: 4 | G21: 0 | H21: 0 | I21: 3 | J21: 0 | K21: 0 | L21: 0 | M21: 38 | N21: 0 | O21: =SUM(C21:L21,N21) -> 26 | P21: =SUM(C21:N21) -> 64 | R21: 1800-1900 | S21: =SUM(C54:C57) -> 353 | T21: =SUM(D54:D57) -> 140 | U21: =SUM(E54:E57) -> 54 | V21: =SUM(F54:F57) -> 46 | W21: =SUM(G54:G57) -> 0 | X21: =SUM(H54:H57) -> 0 | Y21: =SUM(I54:I57) -> 8 | Z21: =SUM(J54:J57) -> 5 | ... AF21: =SUM(P54:P57) -> 749
B22: 10.00 - 10.15 | C22: 9 | D22: 3 | E22: 2 | F22: 3 | G22: 0 | H22: 0 | I22: 3 | J22: 1 | K22: 0 | L22: 0 | M22: 33 | N22: 0 | O22: =SUM(C22:L22,N22) -> 21 | P22: =SUM(C22:N22) -> 54 | R22: AM Peak Hr | S22: =MAX(S10:S12) -> 54 | T22: =MAX(T10:T12) -> 26 | U22: =MAX(U10:U12) -> 11 | V22: =MAX(V10:V12) -> 22 | W22: =MAX(W10:W12) -> 1 | X22: =MAX(X10:X12) -> 0 | Y22: =MAX(Y10:Y12) -> 5 | Z22: =MAX(Z10:Z12) -> 1 | ... AF22: =MAX(AF10:AF12) -> 252
B23: 10.15 - 10.30 | C23: 12 | D23: 6 | E23: 4 | F23: 7 | G23: 0 | H23: 0 | I23: 0 | J23: 0 | K23: 0 | L23: 0 | M23: 29 | N23: 0 | O23: =SUM(C23:L23,N23) -> 29 | P23: =SUM(C23:N23) -> 58 | R23: IP Peak Hr | S23: =MAX(S13:S18) -> 66 | T23: =MAX(T13:T18) -> 34 | U23: =MAX(U13:U18) -> 28 | V23: =MAX(V13:V18) -> 27 | W23: =MAX(W13:W18) -> 0 | X23: =MAX(X13:X18) -> 0 | Y23: =MAX(Y13:Y18) -> 13 | Z23: =MAX(Z13:Z18) -> 2 | ... AF23: =MAX(AF13:AF18) -> 294
B24: 10.30 - 10.45 | C24: 15 | D24: 9 | E24: 4 | F24: 6 | G24: 0 | H24: 0 | I24: 7 | J24: 1 | K24: 0 | L24: 0 | M24: 36 | N24: 0 | O24: =SUM(C24:L24,N24) -> 42 | P24: =SUM(C24:N24) -> 78 | R24: PM Peak Hr | S24: =MAX(S19:S21) -> 353 | T24: =MAX(T19:T21) -> 140 | U24: =MAX(U19:U21) -> 54 | V24: =MAX(V19:V21) -> 50 | W24: =MAX(W19:W21) -> 0 | X24: =MAX(X19:X21) -> 1 | Y24: =MAX(Y19:Y21) -> 8 | Z24: =MAX(Z19:Z21) -> 5 | ... AF24: =MAX(AF19:AF21) -> 749
B25: 10.45 - 11.00 | C25: 11 | D25: 3 | E25: 0 | F25: 3 | G25: 0 | H25: 0 | I25: 3 | J25: 0 | K25: 0 | L25: 0 | M25: 32 | N25: 0 | O25: =SUM(C25:L25,N25) -> 20 | P25: =SUM(C25:N25) -> 52 | R25: AM Period | S25: =SUM(S10:S12) -> 136 | T25: =SUM(T10:T12) -> 72 | U25: =SUM(U10:U12) -> 29 | V25: =SUM(V10:V12) -> 59 | W25: =SUM(W10:W12) -> 1 | X25: =SUM(X10:X12) -> 0 | Y25: =SUM(Y10:Y12) -> 13 | Z25: =SUM(Z10:Z12) -> 3 | ... AF25: =SUM(AF10:AF12) -> 715
B26: 11.00 - 11.15 | C26: 8 | D26: 4 | E26: 0 | F26: 3 | G26: 0 | H26: 0 | I26: 0 | J26: 1 | K26: 0 | L26: 0 | M26: 38 | N26: 0 | O26: =SUM(C26:L26,N26) -> 16 | P26: =SUM(C26:N26) -> 54 | R26: IP Period | S26: =SUM(S13:S18) -> 307 | T26: =SUM(T13:T18) -> 145 | U26: =SUM(U13:U18) -> 97 | V26: =SUM(V13:V18) -> 125 | W26: =SUM(W13:W18) -> 0 | X26: =SUM(X13:X18) -> 0 | Y26: =SUM(Y13:Y18) -> 43 | Z26: =SUM(Z13:Z18) -> 7 | ... AF26: =SUM(AF13:AF18) -> 1544
B27: 11.15 - 11.30 | C27: 6 | D27: 2 | E27: 2 | F27: 5 | G27: 0 | H27: 0 | I27: 0 | J27: 0 | K27: 0 | L27: 0 | M27: 42 | N27: 0 | O27: =SUM(C27:L27,N27) -> 15 | P27: =SUM(C27:N27) -> 57 | R27: PM Period | S27: =SUM(S19:S21) -> 816 | T27: =SUM(T19:T21) -> 316 | U27: =SUM(U19:U21) -> 151 | V27: =SUM(V19:V21) -> 131 | W27: =SUM(W19:W21) -> 0 | X27: =SUM(X19:X21) -> 1 | Y27: =SUM(Y19:Y21) -> 22 | Z27: =SUM(Z19:Z21) -> 11 | ... AF27: =SUM(AF19:AF21) -> 1865
B28: 11.30 - 11.45 | C28: 12 | D28: 9 | E28: 0 | F28: 3 | G28: 0 | H28: 0 | I28: 0 | J28: 0 | K28: 0 | L28: 0 | M28: 39 | N28: 0 | O28: =SUM(C28:L28,N28) -> 24 | P28: =SUM(C28:N28) -> 63 | R28: 12 Hours | S28: =SUM(S10:S21) -> 1259 | T28: =SUM(T10:T21) -> 533 | U28: =SUM(U10:U21) -> 277 | V28: =SUM(V10:V21) -> 315 | W28: =SUM(W10:W21) -> 1 | X28: =SUM(X10:X21) -> 1 | Y28: =SUM(Y10:Y21) -> 78 | Z28: =SUM(Z10:Z21) -> 21 | ... AF28: =SUM(AF10:AF21) -> 4124
B29: 11.45 - 12.00 | C29: 9 | D29: 4 | E29: 3 | F29: 4 | G29: 0 | H29: 0 | I29: 0 | J29: 0 | K29: 0 | L29: 0 | M29: 32 | N29: 0 | O29: =SUM(C29:L29,N29) -> 20 | P29: =SUM(C29:N29) -> 52
B30: 12.00 - 12.15 | C30: 10 | D30: 4 | E30: 6 | F30: 3 | G30: 0 | H30: 0 | I30: 3 | J30: 0 | K30: 0 | L30: 0 | M30: 28 | N30: 0 | O30: =SUM(C30:L30,N30) -> 26 | P30: =SUM(C30:N30) -> 54
B31: 12.15 - 12.30 | C31: 11 | D31: 8 | E31: 2 | F31: 5 | G31: 0 | H31: 0 | I31: 4 | J31: 0 | K31: 0 | L31: 0 | M31: 33 | N31: 0 | O31: =SUM(C31:L31,N31) -> 30 | P31: =SUM(C31:N31) -> 63
B32: 12.30 - 12.45 | C32: 17 | D32: 11 | E32: 4 | F32: 7 | G32: 0 | H32: 0 | I32: 2 | J32: 1 | K32: 0 | L32: 0 | M32: 37 | N32: 0 | O32: =SUM(C32:L32,N32) -> 42 | P32: =SUM(C32:N32) -> 79
B33: 12.45 - 13.00 | C33: 14 | D33: 2 | E33: 6 | F33: 4 | G33: 0 | H33: 0 | I33: 3 | J33: 1 | K33: 0 | L33: 0 | M33: 39 | N33: 0 | O33: =SUM(C33:L33,N33) -> 30 | P33: =SUM(C33:N33) -> 69
B34: 13.00 - 13.15 | C34: 11 | D34: 6 | E34: 5 | F34: 5 | G34: 0 | H34: 0 | I34: 2 | J34: 0 | K34: 0 | L34: 0 | M34: 34 | N34: 0 | O34: =SUM(C34:L34,N34) -> 29 | P34: =SUM(C34:N34) -> 63
B35: 13.15 - 13.30 | C35: 13 | D35: 4 | E35: 6 | F35: 7 | G35: 0 | H35: 0 | I35: 3 | J35: 0 | K35: 0 | L35: 0 | M35: 31 | N35: 0 | O35: =SUM(C35:L35,N35) -> 33 | P35: =SUM(C35:N35) -> 64
B36: 13.30 - 13.45 | C36: 17 | D36: 6 | E36: 4 | F36: 4 | G36: 0 | H36: 0 | I36: 3 | J36: 1 | K36: 0 | L36: 0 | M36: 36 | N36: 0 | O36: =SUM(C36:L36,N36) -> 35 | P36: =SUM(C36:N36) -> 71
B37: 13.45 - 14.00 | C37: 13 | D37: 8 | E37: 3 | F37: 7 | G37: 0 | H37: 0 | I37: 1 | J37: 0 | K37: 0 | L37: 0 | M37: 28 | N37: 0 | O37: =SUM(C37:L37,N37) -> 32 | P37: =SUM(C37:N37) -> 60
B38: 14.00 - 14.15 | C38: 11 | D38: 3 | E38: 6 | F38: 8 | G38: 0 | H38: 0 | I38: 1 | J38: 0 | K38: 0 | L38: 0 | M38: 33 | N38: 0 | O38: =SUM(C38:L38,N38) -> 29 | P38: =SUM(C38:N38) -> 62
B39: 14.15 - 14.30 | C39: 16 | D39: 6 | E39: 2 | F39: 4 | G39: 0 | H39: 0 | I39: 1 | J39: 0 | K39: 0 | L39: 0 | M39: 29 | N39: 0 | O39: =SUM(C39:L39,N39) -> 29 | P39: =SUM(C39:N39) -> 58
B40: 14.30 - 14.45 | C40: 12 | D40: 4 | E40: 4 | F40: 7 | G40: 0 | H40: 0 | I40: 3 | J40: 0 | K40: 0 | L40: 0 | M40: 39 | N40: 0 | O40: =SUM(C40:L40,N40) -> 30 | P40: =SUM(C40:N40) -> 69
... B57: 18.45 - 19.00 | C57: 89 | D57: 37 | E57: 14 | F57: 12 | G57: 0 | H57: 0 | I57: 3 | J57: 1 | K57: 0 | L57: 0 | M57: 34 | N57: 0 | O57: =SUM(C57:L57,N57) -> 156 | P57: =SUM(C57:N57) -> 190
B58: Totals | C58: =SUM(C10:C57) -> 1259 | D58: =SUM(D10:D57) -> 533 | E58: =SUM(E10:E57) -> 277 | F58: =SUM(F10:F57) -> 315 | G58: =SUM(G10:G57) -> 1 | H58: =SUM(H10:H57) -> 1 | I58: =SUM(I10:I57) -> 78 | J58: =SUM(J10:J57) -> 21 | ... P58: =SUM(P10:P57) -> 4124
B59: %ges + MCs | C59: =C58/$P$58 -> 0.30528613 | D59: =D58/$P$58 -> 0.12924345 | E59: =E58/$P$58 -> 0.067167798 | F59: =F58/$P$58 -> 0.076382153 | G59: =G58/$P$58 -> 0.00024248303 | H59: =H58/$P$58 -> 0.00024248303 | I59: =I58/$P$58 -> 0.018913676 | J59: =J58/$P$58 -> 0.0050921435 | ... N59: =N58/$P$58 -> 0
B60: %ges w/o MCs | C60: =C58/$O$58 -> 0.50663984 | D60: =D58/$O$58 -> 0.21448692 | E60: =E58/$O$58 -> 0.11146881 | F60: =F58/$O$58 -> 0.12676056 | G60: =G58/$O$58 -> 0.00040241449 | H60: =H58/$O$58 -> 0.00040241449 | I60: =I58/$O$58 -> 0.03138833 | J60: =J58/$O$58 -> 0.0084507042 | ... L60: =L58/$O$58 -> 0 | N60: =N58/$O$58 -> 0

Sheet 31.07 Kisasi-Bukoto
B1: Consultancy services for Preparation of Expressway Development Master Plan (EDMP) for Uganda
B2: MANUAL CLASSIFIED COUNT (MCC)
B3: ROAD NAME: | C3: ='29.07 Kisasi-Bukoto'!C3:G3 -> MCC - C1 - STN32 - BUKOTO KISASI ROAD
C5: Date | D5: 31.07.19 | F5: Location | G5: ='29.07 Kisasi-Bukoto'!G5:H5 -> KISASI | J5: Surveyor | K5: ='29.07 Kisasi-Bukoto'!K5:L5 -> RWAMBITITO J./NICHOL A./GEORGE W.
C6: Dir. From | D6: ='29.07 Kisasi-Bukoto'!D6:E6 -> KISASI | F6: Dir. To | G6: ='29.07 Kisasi-Bukoto'!G6:H6 -> BUKOTO | J6: Supervisor | K6: ='29.07 Kisasi-Bukoto'!K6:L6 -> SALIMA L.
B8: Time / Veh Type | R8: SUMMARY TRAFFIC VOLUMES
C9: 1. Car | D9: 2. Station Wagon | E9: 3. Pickups | F9: 4. Minibus, matatu | G9: 5. Medium bus | H9: 6. Large Bus | I9: 7. Light Truck | J9: 8. Medium Truck | K9: 9. Heavy truck | L9: 10. Truck Trailer | M9: 11. Motor cycles | N9: 12. Tractors | O9: Total Excl M/Cycles | P9: Total All | R9: Time | S9: 1. Car | T9: 2. Station Wagon | U9: 3. Pickups | V9: 4. Minibus, matatu | W9: 5. Medium bus | X9: 6. Large Bus | Y9: 7. Light Truck | Z9: 8. Medium Truck | AA9: 9. Heavy truck | AB9: 10. Truck Trailer | AC9: 11. Motorcycles | AD9: 12. Tractors, Graders | AE9: Total Excl M/ Cycles | AF9: Total All
B10: 07.00 - 07.15 | C10: 95 | D10: 45 | E10: 3 | F10: 17 | G10: 1 | H10: 0 | I10: 1 | J10: 0 | K10: 0 | L10: 0 | M10: 107 | N10: 0 | O10: =SUM(C10:L10,N10) -> 162 | P10: =SUM(C10:N10) -> 269 | R10: 0700-0800 | S10: =SUM(C10:C13) -> 330 | T10: =SUM(D10:D13) -> 177 | U10: =SUM(E10:E13) -> 11 | V10: =SUM(F10:F13) -> 57 | W10: =SUM(G10:G13) -> 1 | X10: =SUM(H10:H13) -> 0 | Y10: =SUM(I10:I13) -> 10 | Z10: =SUM(J10:J13) -> 0 | ... AF10: =SUM(P10:P13) -> 1034
B11: 07.15 - 07.30 | C11: 70 | D11: 54 | E11: 2 | F11: 10 | G11: 0 | H11: 0 | I11: 4 | J11: 0 | K11: 0 | L11: 0 | M11: 110 | N11: 0 | O11: =SUM(C11:L11,N11) -> 140 | P11: =SUM(C11:N11) -> 250 | R11: 0800-0900 | S11: =SUM(C14:C17) -> 197 | T11: =SUM(D14:D17) -> 97 | U11: =SUM(E14:E17) -> 5 | V11: =SUM(F14:F17) -> 43 | W11: =SUM(G14:G17) -> 0 | X11: =SUM(H14:H17) -> 0 | Y11: =SUM(I14:I17) -> 13 | Z11: =SUM(J14:J17) -> 1 | ... AF11: =SUM(P14:P17) -> 696
B12: 07.30 - 07.45 | C12: 75 | D12: 35 | E12: 2 | F12: 17 | G12: 0 | H12: 0 | I12: 3 | J12: 0 | K12: 0 | L12: 0 | M12: 122 | N12: 0 | O12: =SUM(C12:L12,N12) -> 132 | P12: =SUM(C12:N12) -> 254 | R12: 0900-1000 | S12: =SUM(C18:C21) -> 161 | T12: =SUM(D18:D21) -> 95 | U12: =SUM(E18:E21) -> 2 | V12: =SUM(F18:F21) -> 49 | W12: =SUM(G18:G21) -> 1 | X12: =SUM(H18:H21) -> 1 | Y12: =SUM(I18:I21) -> 16 | Z12: =SUM(J18:J21) -> 1 | ... AF12: =SUM(P18:P21) -> 588
B13: 07.45 - 08.00 | C13: 90 | D13: 43 | E13: 4 | F13: 13 | G13: 0 | H13: 0 | I13: 2 | J13: 0 | K13: 0 | L13: 0 | M13: 109 | N13: 0 | O13: =SUM(C13:L13,N13) -> 152 | P13: =SUM(C13:N13) -> 261 | R13: 1000-1100 | S13: =SUM(C22:C25) -> 137 | T13: =SUM(D22:D25) -> 66 | U13: =SUM(E22:E25) -> 4 | V13: =SUM(F22:F25) -> 45 | W13: =SUM(G22:G25) -> 0 | X13: =SUM(H22:H25) -> 0 | Y13: =SUM(I22:I25) -> 12 | Z13: =SUM(J22:J25) -> 0 | ... AF13: =SUM(P22:P25) -> 601
B14: 08.00 - 08.15 | C14: 89 | D14: 41 | E14: 2 | F14: 16 | G14: 0 | H14: 0 | I14: 2 | J14: 0 | K14: 0 | L14: 0 | M14: 85 | N14: 0 | O14: =SUM(C14:L14,N14) -> 150 | P14: =SUM(C14:N14) -> 235 | R14: 1100-1200 | S14: =SUM(C26:C29) -> 113 | T14: =SUM(D26:D29) -> 52 | U14: =SUM(E26:E29) -> 4 | V14: =SUM(F26:F29) -> 41 | W14: =SUM(G26:G29) -> 0 | X14: =SUM(H26:H29) -> 0 | Y14: =SUM(I26:I29) -> 12 | Z14: =SUM(J26:J29) -> 0 | ... AF14: =SUM(P26:P29) -> 513
B15: 08.15 - 08.30 | C15: 63 | D15: 24 | E15: 2 | F15: 14 | G15: 0 | H15: 0 | I15: 3 | J15: 0 | K15: 0 | L15: 0 | M15: 90 | N15: 0 | O15: =SUM(C15:L15,N15) -> 106 | P15: =SUM(C15:N15) -> 196 | R15: 1200-1300 | S15: =SUM(C30:C33) -> 123 | T15: =SUM(D30:D33) -> 53 | U15: =SUM(E30:E33) -> 3 | V15: =SUM(F30:F33) -> 32 | W15: =SUM(G30:G33) -> 0 | X15: =SUM(H30:H33) -> 0 | Y15: =SUM(I30:I33) -> 7 | Z15: =SUM(J30:J33) -> 0 | ... AF15: =SUM(P30:P33) -> 485
B16: 08.30 - 08.45 | C16: 32 | D16: 19 | E16: 0 | F16: 8 | G16: 0 | H16: 0 | I16: 5 | J16: 0 | K16: 0 | L16: 0 | M16: 80 | N16: 0 | O16: =SUM(C16:L16,N16) -> 64 | P16: =SUM(C16:N16) -> 144 | R16: 1300-1400 | S16: =SUM(C34:C37) -> 77 | T16: =SUM(D34:D37) -> 26 | U16: =SUM(E34:E37) -> 3 | V16: =SUM(F34:F37) -> 23 | W16: =SUM(G34:G37) -> 0 | X16: =SUM(H34:H37) -> 0 | Y16: =SUM(I34:I37) -> 6 | Z16: =SUM(J34:J37) -> 0 | ... AF16: =SUM(P34:P37) -> 372
B17: 08.45 - 9.00 | C17: 13 | D17: 13 | E17: 1 | F17: 5 | G17: 0 | H17: 0 | I17: 3 | J17: 1 | K17: 0 | L17: 0 | M17: 85 | N17: 0 | O17: =SUM(C17:L17,N17) -> 36 | P17: =SUM(C17:N17) -> 121 | R17: 1400-1500 | S17: =SUM(C38:C41) -> 89 | T17: =SUM(D38:D41) -> 49 | U17: =SUM(E38:E41) -> 5 | V17: =SUM(F38:F41) -> 34 | W17: =SUM(G38:G41) -> 0 | X17: =SUM(H38:H41) -> 0 | Y17: =SUM(I38:I41) -> 3 | Z17: =SUM(J38:J41) -> 1 | ... AF17: =SUM(P38:P41) -> 400
B18: 09.00 - 09.15 | C18: 44 | D18: 29 | E18: 2 | F18: 14 | G18: 0 | H18: 1 | I18: 5 | J18: 0 | K18: 0 | L18: 0 | M18: 77 | N18: 0 | O18: =SUM(C18:L18,N18) -> 95 | P18: =SUM(C18:N18) -> 172 | R18: 1500-1600 | S18: =SUM(C42:C45) -> 121 | T18: =SUM(D42:D45) -> 69 | U18: =SUM(E42:E45) -> 2 | V18: =SUM(F42:F45) -> 33 | W18: =SUM(G42:G45) -> 0 | X18: =SUM(H42:H45) -> 0 | Y18: =SUM(I42:I45) -> 9 | Z18: =SUM(J42:J45) -> 0 | ... AF18: =SUM(P42:P45) -> 515
B19: 09.15 - 09.30 | C19: 41 | D19: 20 | E19: 0 | F19: 12 | G19: 1 | H19: 0 | I19: 2 | J19: 0 | K19: 0 | L19: 0 | M19: 70 | N19: 0 | O19: =SUM(C19:L19,N19) -> 76 | P19: =SUM(C19:N19) -> 146 | R19: 1600-1700 | S19: =SUM(C46:C49) -> 107 | T19: =SUM(D46:D49) -> 56 | U19: =SUM(E46:E49) -> 4 | V19: =SUM(F46:F49) -> 32 | W19: =SUM(G46:G49) -> 3 | X19: =SUM(H46:H49) -> 0 | Y19: =SUM(I46:I49) -> 4 | Z19: =SUM(J46:J49) -> 2 | ... AF19: =SUM(P46:P49) -> 475
B20: 09.30 - 09.45 | C20: 46 | D20: 26 | E20: 0 | F20: 18 | G20: 0 | H20: 0 | I20: 5 | J20: 0 | K20: 0 | L20: 0 | M20: 55 | N20: 0 | O20: =SUM(C20:L20,N20) -> 95 | P20: =SUM(C20:N20) -> 150 | R20: 1700-1800 | S20: =SUM(C50:C53) -> 112 | T20: =SUM(D50:D53) -> 66 | U20: =SUM(E50:E53) -> 4 | V20: =SUM(F50:F53) -> 37 | W20: =SUM(G50:G53) -> 0 | X20: =SUM(H50:H53) -> 0 | Y20: =SUM(I50:I53) -> 4 | Z20: =SUM(J50:J53) -> 3 | ... AF20: =SUM(P50:P53) -> 543
B21: 09.45 - 10.00 | C21: 30 | D21: 20 | E21: 0 | F21: 5 | G21: 0 | H21: 0 | I21: 4 | J21: 1 | K21: 0 | L21: 0 | M21: 60 | N21: 0 | O21: =SUM(C21:L21,N21) -> 60 | P21: =SUM(C21:N21) -> 120 | R21: 1800-1900 | S21: =SUM(C54:C57) -> 95 | T21: =SUM(D54:D57) -> 51 | U21: =SUM(E54:E57) -> 5 | V21: =SUM(F54:F57) -> 30 | W21: =SUM(G54:G57) -> 3 | X21: =SUM(H54:H57) -> 0 | Y21: =SUM(I54:I57) -> 2 | Z21: =SUM(J54:J57) -> 2 | ... AF21: =SUM(P54:P57) -> 491
B22: 10.00 - 10.15 | C22: 35 | D22: 23 | E22: 0 | F22: 13 | G22: 0 | H22: 0 | I22: 2 | J22: 0 | K22: 0 | L22: 0 | M22: 85 | N22: 0 | O22: =SUM(C22:L22,N22) -> 73 | P22: =SUM(C22:N22) -> 158 | R22: AM Peak Hr | S22: =MAX(S10:S12) -> 330 | T22: =MAX(T10:T12) -> 177 | U22: =MAX(U10:U12) -> 11 | V22: =MAX(V10:V12) -> 57 | W22: =MAX(W10:W12) -> 1 | X22: =MAX(X10:X12) -> 1 | Y22: =MAX(Y10:Y12) -> 16 | Z22: =MAX(Z10:Z12) -> 1 | ... AF22: =MAX(AF10:AF12) -> 1034
B23: 10.15 - 10.30 | C23: 35 | D23: 14 | E23: 2 | F23: 12 | G23: 0 | H23: 0 | I23: 4 | J23: 0 | K23: 0 | L23: 0 | M23: 87 | N23: 0 | O23: =SUM(C23:L23,N23) -> 67 | P23: =SUM(C23:N23) -> 154 | R23: IP Peak Hr | S23: =MAX(S13:S18) -> 137 | T23: =MAX(T13:T18) -> 69 | U23: =MAX(U13:U18) -> 5 | V23: =MAX(V13:V18) -> 45 | W23: =MAX(W13:W18) -> 0 | X23: =MAX(X13:X18) -> 0 | Y23: =MAX(Y13:Y18) -> 12 | Z23: =MAX(Z13:Z18) -> 1 | ... AF23: =MAX(AF13:AF18) -> 601
B24: 10.30 - 10.45 | C24: 26 | D24: 15 | E24: 1 | F24: 7 | G24: 0 | H24: 0 | I24: 3 | J24: 0 | K24: 0 | L24: 0 | M24: 80 | N24: 0 | O24: =SUM(C24:L24,N24) -> 52 | P24: =SUM(C24:N24) -> 132 | R24: PM Peak Hr | S24: =MAX(S19:S21) -> 112 | T24: =MAX(T19:T21) -> 66 | U24: =MAX(U19:U21) -> 5 | V24: =MAX(V19:V21) -> 37 | W24: =MAX(W19:W21) -> 3 | X24: =MAX(X19:X21) -> 0 | Y24: =MAX(Y19:Y21) -> 4 | Z24: =MAX(Z19:Z21) -> 3 | ... AF24: =MAX(AF19:AF21) -> 543
B25: 10.45 - 11.00 | C25: 41 | D25: 14 | E25: 1 | F25: 13 | G25: 0 | H25: 0 | I25: 3 | J25: 0 | K25: 0 | L25: 0 | M25: 85 | N25: 0 | O25: =SUM(C25:L25,N25) -> 72 | P25: =SUM(C25:N25) -> 157 | R25: AM Period | S25: =SUM(S10:S12) -> 688 | T25: =SUM(T10:T12) -> 369 | U25: =SUM(U10:U12) -> 18 | V25: =SUM(V10:V12) -> 149 | W25: =SUM(W10:W12) -> 2 | X25: =SUM(X10:X12) -> 1 | Y25: =SUM(Y10:Y12) -> 39 | Z25: =SUM(Z10:Z12) -> 2 | ... AF25: =SUM(AF10:AF12) -> 2318
B26: 11.00 - 11.15 | C26: 26 | D26: 14 | E26: 1 | F26: 11 | G26: 0 | H26: 0 | I26: 4 | J26: 0 | K26: 0 | L26: 0 | M26: 82 | N26: 0 | O26: =SUM(C26:L26,N26) -> 56 | P26: =SUM(C26:N26) -> 138 | R26: IP Period | S26: =SUM(S13:S18) -> 660 | T26: =SUM(T13:T18) -> 315 | U26: =SUM(U13:U18) -> 21 | V26: =SUM(V13:V18) -> 208 | W26: =SUM(W13:W18) -> 0 | X26: =SUM(X13:X18) -> 0 | Y26: =SUM(Y13:Y18) -> 49 | Z26: =SUM(Z13:Z18) -> 1 | ... AF26: =SUM(AF13:AF18) -> 2886
B27: 11.15 - 11.30 | C27: 35 | D27: 5 | E27: 2 | F27: 9 | G27: 0 | H27: 0 | I27: 2 | J27: 0 | K27: 0 | L27: 0 | M27: 69 | N27: 0 | O27: =SUM(C27:L27,N27) -> 53 | P27: =SUM(C27:N27) -> 122 | R27: PM Period | S27: =SUM(S19:S21) -> 314 | T27: =SUM(T19:T21) -> 173 | U27: =SUM(U19:U21) -> 13 | V27: =SUM(V19:V21) -> 99 | W27: =SUM(W19:W21) -> 6 | X27: =SUM(X19:X21) -> 0 | Y27: =SUM(Y19:Y21) -> 10 | Z27: =SUM(Z19:Z21) -> 7 | ... AF27: =SUM(AF19:AF21) -> 1509
B28: 11.30 - 11.45 | C28: 24 | D28: 15 | E28: 0 | F28: 9 | G28: 0 | H28: 0 | I28: 2 | J28: 0 | K28: 0 | L28: 0 | M28: 83 | N28: 0 | O28: =SUM(C28:L28,N28) -> 50 | P28: =SUM(C28:N28) -> 133 | R28: 12 Hours | S28: =SUM(S10:S21) -> 1662 | T28: =SUM(T10:T21) -> 857 | U28: =SUM(U10:U21) -> 52 | V28: =SUM(V10:V21) -> 456 | W28: =SUM(W10:W21) -> 8 | X28: =SUM(X10:X21) -> 1 | Y28: =SUM(Y10:Y21) -> 98 | Z28: =SUM(Z10:Z21) -> 10 | ... AF28: =SUM(AF10:AF21) -> 6713
B29: 11.45 - 12.00 | C29: 28 | D29: 18 | E29: 1 | F29: 12 | G29: 0 | H29: 0 | I29: 4 | J29: 0 | K29: 0 | L29: 0 | M29: 57 | N29: 0 | O29: =SUM(C29:L29,N29) -> 63 | P29: =SUM(C29:N29) -> 120
B30: 12.00 - 12.15 | C30: 26 | D30: 12 | E30: 0 | F30: 8 | G30: 0 | H30: 0 | I30: 1 | J30: 0 | K30: 0 | L30: 0 | M30: 62 | N30: 0 | O30: =SUM(C30:L30,N30) -> 47 | P30: =SUM(C30:N30) -> 109
B31: 12.15 - 12.30 | C31: 38 | D31: 8 | E31: 0 | F31: 7 | G31: 0 | H31: 0 | I31: 2 | J31: 0 | K31: 0 | L31: 0 | M31: 65 | N31: 0 | O31: =SUM(C31:L31,N31) -> 55 | P31: =SUM(C31:N31) -> 120
B32: 12.30 - 12.45 | C32: 34 | D32: 21 | E32: 1 | F32: 8 | G32: 0 | H32: 0 | I32: 4 | J32: 0 | K32: 0 | L32: 0 | M32: 72 | N32: 0 | O32: =SUM(C32:L32,N32) -> 68 | P32: =SUM(C32:N32) -> 140
B33: 12.45 - 13.00 | C33: 25 | D33: 12 | E33: 2 | F33: 9 | G33: 0 | H33: 0 | I33: 0 | J33: 0 | K33: 0 | L33: 0 | M33: 68 | N33: 0 | O33: =SUM(C33:L33,N33) -> 48 | P33: =SUM(C33:N33) -> 116
B34: 13.00 - 13.15 | C34: 16 | D34: 14 | E34: 0 | F34: 8 | G34: 0 | H34: 0 | I34: 1 | J34: 0 | K34: 0 | L34: 0 | M34: 80 | N34: 0 | O34: =SUM(C34:L34,N34) -> 39 | P34: =SUM(C34:N34) -> 119
B35: 13.15 - 13.30 | C35: 30 | D35: 1 | E35: 1 | F35: 5 | G35: 0 | H35: 0 | I35: 3 | J35: 0 | K35: 2 | L35: 0 | M35: 43 | N35: 0 | O35: =SUM(C35:L35,N35) -> 42 | P35: =SUM(C35:N35) -> 85
B36: 13.30 - 13.45 | C36: 14 | D36: 1 | E36: 1 | F36: 4 | G36: 0 | H36: 0 | I36: 1 | J36: 0 | K36: 0 | L36: 0 | M36: 60 | N36: 0 | O36: =SUM(C36:L36,N36) -> 21 | P36: =SUM(C36:N36) -> 81
B37: 13.45 - 14.00 | C37: 17 | D37: 10 | E37: 1 | F37: 6 | G37: 0 | H37: 0 | I37: 1 | J37: 0 | K37: 0 | L37: 0 | M37: 52 | N37: 0 | O37: =SUM(C37:L37,N37) -> 35 | P37: =SUM(C37:N37) -> 87
B38: 14.00 - 14.15 | C38: 25 | D38: 3 | E38: 0 | F38: 10 | G38: 0 | H38: 0 | I38: 1 | J38: 0 | K38: 0 | L38: 0 | M38: 53 | N38: 0 | O38: =SUM(C38:L38,N38) -> 39 | P38: =SUM(C38:N38) -> 92
B39: 14.15 - 14.30 | C39: 18 | D39: 11 | E39: 3 | F39: 7 | G39: 0 | H39: 0 | I39: 0 | J39: 0 | K39: 0 | L39: 0 | M39: 48 | N39: 0 | O39: =SUM(C39:L39,N39) -> 39 | P39: =SUM(C39:N39) -> 87
B40: 14.30 - 14.45 | C40: 23 | D40: 18 | E40: 1 | F40: 8 | G40: 0 | H40: 0 | I40: 1 | J40: 0 | K40: 0 | L40: 0 | M40: 57 | N40: 0 | O40: =SUM(C40:L40,N40) -> 51 | P40: =SUM(C40:N40) -> 108
... B57: 18.45 - 19.00 | C57: 21 | D57: 10 | E57: 1 | F57: 8 | G57: 0 | H57: 0 | I57: 0 | J57: 0 | K57: 0 | L57: 0 | M57: 67 | N57: 0 | O57: =SUM(C57:L57,N57) -> 40 | P57: =SUM(C57:N57) -> 107
B58: Totals | C58: =SUM(C10:C57) -> 1662 | D58: =SUM(D10:D57) -> 857 | E58: =SUM(E10:E57) -> 52 | F58: =SUM(F10:F57) -> 456 | G58: =SUM(G10:G57) -> 8 | H58: =SUM(H10:H57) -> 1 | I58: =SUM(I10:I57) -> 98 | J58: =SUM(J10:J57) -> 10 | ... P58: =SUM(P10:P57) -> 6713
B59: %ges + MCs | C59: =C58/$P$58 -> 0.24757932 | D59: =D58/$P$58 -> 0.12766274 | E59: =E58/$P$58 -> 0.0077461642 | F59: =F58/$P$58 -> 0.067927901 | G59: =G58/$P$58 -> 0.0011917176 | H59: =H58/$P$58 -> 0.0001489647 | I59: =I58/$P$58 -> 0.01459854 | J59: =J58/$P$58 -> 0.001489647 | ... N59: =N58/$P$58 -> 0
B60: %ges w/o MCs | C60: =C58/$O$58 -> 0.52678288 | D60: =D58/$O$58 -> 0.27163233 | E60: =E58/$O$58 -> 0.016481775 | F60: =F58/$O$58 -> 0.14453249 | G60: =G58/$O$58 -> 0.0025356577 | H60: =H58/$O$58 -> 0.00031695721 | I60: =I58/$O$58 -> 0.031061807 | J60: =J58/$O$58 -> 0.0031695721 | ... L60: =L58/$O$58 -> 0.00031695721 | N60: =N58/$O$58 -> 0

Sheet 31.07 Bukoto-Kisasi
B1: Consultancy services for Preparation of Expressway Development Master Plan (EDMP) for Uganda
B2: MANUAL CLASSIFIED COUNT (MCC)
B3: ROAD NAME: | C3: ='29.07 Bukoto-Kisasi'!C3:G3 -> MCC - C1 - STN32 - BUKOTO KISASI ROAD
C5: Date | D5: ='31.07 Kisasi-Bukoto'!D5 -> 31.07.19 | F5: Location | G5: ='29.07 Kisasi-Bukoto'!G5:H5 -> KISASI | J5: Surveyor | K5: ='29.07 Kisasi-Bukoto'!K5:L5 -> RWAMBITITO J./NICHOL A./GEORGE W.
C6: Dir. From | D6: ='29.07 Bukoto-Kisasi'!D6:E6 -> BUKOTO | F6: Dir. To | G6: ='29.07 Bukoto-Kisasi'!G6:H6 -> KISASI | J6: Supervisor | K6: ='29.07 Kisasi-Bukoto'!K6:L6 -> SALIMA L.
B8: Time / Veh Type | R8: SUMMARY TRAFFIC VOLUMES
C9: 1. Car | D9: 2. Station Wagon | E9: 3. Pickups | F9: 4. Minibus, matatu | G9: 5. Medium bus | H9: 6. Large Bus | I9: 7. Light Truck | J9: 8. Medium Truck | K9: 9. Heavy truck | L9: 10. Truck Trailer | M9: 11. Motor cycles | N9: 12. Tractors | O9: Total Excl M/Cycles | P9: Total All | R9: Time | S9: 1. Car | T9: 2. Station Wagon | U9: 3. Pickups | V9: 4. Minibus, matatu | W9: 5. Medium bus | X9: 6. Large Bus | Y9: 7. Light Truck | Z9: 8. Medium Truck | AA9: 9. Heavy truck | AB9: 10. Truck Trailer | AC9: 11. Motorcycles | AD9: 12. Tractors, Graders | AE9: Total Excl M/ Cycles | AF9: Total All
B10: 07.00 - 07.15 | C10: 12 | D10: 4 | E10: 5 | F10: 7 | G10: 0 | H10: 0 | I10: 0 | J10: 0 | K10: 0 | L10: 0 | M10: 29 | N10: 0 | O10: =SUM(C10:L10,N10) -> 28 | P10: =SUM(C10:N10) -> 57 | R10: 0700-0800 | S10: =SUM(C10:C13) -> 57 | T10: =SUM(D10:D13) -> 35 | U10: =SUM(E10:E13) -> 20 | V10: =SUM(F10:F13) -> 33 | W10: =SUM(G10:G13) -> 0 | X10: =SUM(H10:H13) -> 0 | Y10: =SUM(I10:I13) -> 2 | Z10: =SUM(J10:J13) -> 0 | ... AF10: =SUM(P10:P13) -> 264
B11: 07.15 - 07.30 | C11: 14 | D11: 9 | E11: 3 | F11: 9 | G11: 0 | H11: 0 | I11: 2 | J11: 0 | K11: 0 | L11: 0 | M11: 27 | N11: 0 | O11: =SUM(C11:L11,N11) -> 37 | P11: =SUM(C11:N11) -> 64 | R11: 0800-0900 | S11: =SUM(C14:C17) -> 56 | T11: =SUM(D14:D17) -> 37 | U11: =SUM(E14:E17) -> 26 | V11: =SUM(F14:F17) -> 33 | W11: =SUM(G14:G17) -> 0 | X11: =SUM(H14:H17) -> 0 | Y11: =SUM(I14:I17) -> 2 | Z11: =SUM(J14:J17) -> 1 | ... AF11: =SUM(P14:P17) -> 287
B12: 07.30 - 07.45 | C12: 17 | D12: 12 | E12: 8 | F12: 7 | G12: 0 | H12: 0 | I12: 0 | J12: 0 | K12: 0 | L12: 0 | M12: 33 | N12: 0 | O12: =SUM(C12:L12,N12) -> 44 | P12: =SUM(C12:N12) -> 77 | R12: 0900-1000 | S12: =SUM(C18:C21) -> 38 | T12: =SUM(D18:D21) -> 25 | U12: =SUM(E18:E21) -> 26 | V12: =SUM(F18:F21) -> 23 | W12: =SUM(G18:G21) -> 0 | X12: =SUM(H18:H21) -> 0 | Y12: =SUM(I18:I21) -> 2 | Z12: =SUM(J18:J21) -> 1 | ... AF12: =SUM(P18:P21) -> 235
B13: 07.45 - 08.00 | C13: 14 | D13: 10 | E13: 4 | F13: 10 | G13: 0 | H13: 0 | I13: 0 | J13: 0 | K13: 0 | L13: 0 | M13: 28 | N13: 0 | O13: =SUM(C13:L13,N13) -> 38 | P13: =SUM(C13:N13) -> 66 | R13: 1000-1100 | S13: =SUM(C22:C25) -> 44 | T13: =SUM(D22:D25) -> 26 | U13: =SUM(E22:E25) -> 23 | V13: =SUM(F22:F25) -> 33 | W13: =SUM(G22:G25) -> 1 | X13: =SUM(H22:H25) -> 0 | Y13: =SUM(I22:I25) -> 8 | Z13: =SUM(J22:J25) -> 1 | ... AF13: =SUM(P22:P25) -> 257
B14: 08.00 - 08.15 | C14: 16 | D14: 8 | E14: 7 | F14: 9 | G14: 0 | H14: 0 | I14: 2 | J14: 0 | K14: 0 | L14: 0 | M14: 32 | N14: 0 | O14: =SUM(C14:L14,N14) -> 42 | P14: =SUM(C14:N14) -> 74 | R14: 1100-1200 | S14: =SUM(C26:C29) -> 40 | T14: =SUM(D26:D29) -> 33 | U14: =SUM(E26:E29) -> 22 | V14: =SUM(F26:F29) -> 18 | W14: =SUM(G26:G29) -> 0 | X14: =SUM(H26:H29) -> 0 | Y14: =SUM(I26:I29) -> 6 | Z14: =SUM(J26:J29) -> 0 | ... AF14: =SUM(P26:P29) -> 249
B15: 08.15 - 08.30 | C15: 14 | D15: 12 | E15: 5 | F15: 7 | G15: 0 | H15: 0 | I15: 0 | J15: 0 | K15: 0 | L15: 0 | M15: 37 | N15: 0 | O15: =SUM(C15:L15,N15) -> 38 | P15: =SUM(C15:N15) -> 75 | R15: 1200-1300 | S15: =SUM(C30:C33) -> 41 | T15: =SUM(D30:D33) -> 24 | U15: =SUM(E30:E33) -> 33 | V15: =SUM(F30:F33) -> 26 | W15: =SUM(G30:G33) -> 0 | X15: =SUM(H30:H33) -> 0 | Y15: =SUM(I30:I33) -> 3 | Z15: =SUM(J30:J33) -> 2 | ... AF15: =SUM(P30:P33) -> 271
B16: 08.30 - 08.45 | C16: 12 | D16: 9 | E16: 6 | F16: 10 | G16: 0 | H16: 0 | I16: 0 | J16: 0 | K16: 0 | L16: 0 | M16: 34 | N16: 0 | O16: =SUM(C16:L16,N16) -> 37 | P16: =SUM(C16:N16) -> 71 | R16: 1300-1400 | S16: =SUM(C34:C37) -> 51 | T16: =SUM(D34:D37) -> 36 | U16: =SUM(E34:E37) -> 26 | V16: =SUM(F34:F37) -> 26 | W16: =SUM(G34:G37) -> 0 | X16: =SUM(H34:H37) -> 0 | Y16: =SUM(I34:I37) -> 5 | Z16: =SUM(J34:J37) -> 2 | ... AF16: =SUM(P34:P37) -> 281
B17: 08.45 - 9.00 | C17: 14 | D17: 8 | E17: 8 | F17: 7 | G17: 0 | H17: 0 | I17: 0 | J17: 1 | K17: 0 | L17: 0 | M17: 29 | N17: 0 | O17: =SUM(C17:L17,N17) -> 38 | P17: =SUM(C17:N17) -> 67 | R17: 1400-1500 | S17: =SUM(C38:C41) -> 42 | T17: =SUM(D38:D41) -> 25 | U17: =SUM(E38:E41) -> 26 | V17: =SUM(F38:F41) -> 26 | W17: =SUM(G38:G41) -> 0 | X17: =SUM(H38:H41) -> 0 | Y17: =SUM(I38:I41) -> 1 | Z17: =SUM(J38:J41) -> 5 | ... AF17: =SUM(P38:P41) -> 278
B18: 09.00 - 09.15 | C18: 10 | D18: 6 | E18: 6 | F18: 7 | G18: 0 | H18: 0 | I18: 2 | J18: 0 | K18: 0 | L18: 0 | M18: 28 | N18: 0 | O18: =SUM(C18:L18,N18) -> 31 | P18: =SUM(C18:N18) -> 59 | R18: 1500-1600 | S18: =SUM(C42:C45) -> 45 | T18: =SUM(D42:D45) -> 42 | U18: =SUM(E42:E45) -> 26 | V18: =SUM(F42:F45) -> 23 | W18: =SUM(G42:G45) -> 1 | X18: =SUM(H42:H45) -> 0 | Y18: =SUM(I42:I45) -> 6 | Z18: =SUM(J42:J45) -> 3 | ... AF18: =SUM(P42:P45) -> 308
B19: 09.15 - 09.30 | C19: 9 | D19: 9 | E19: 7 | F19: 5 | G19: 0 | H19: 0 | I19: 0 | J19: 0 | K19: 1 | L19: 0 | M19: 33 | N19: 0 | O19: =SUM(C19:L19,N19) -> 31 | P19: =SUM(C19:N19) -> 64 | R19: 1600-1700 | S19: =SUM(C46:C49) -> 158 | T19: =SUM(D46:D49) -> 69 | U19: =SUM(E46:E49) -> 51 | V19: =SUM(F46:F49) -> 46 | W19: =SUM(G46:G49) -> 2 | X19: =SUM(H46:H49) -> 1 | Y19: =SUM(I46:I49) -> 8 | Z19: =SUM(J46:J49) -> 8 | ... AF19: =SUM(P46:P49) -> 524
B20: 09.30 - 09.45 | C20: 8 | D20: 4 | E20: 5 | F20: 6 | G20: 0 | H20: 0 | I20: 0 | J20: 1 | K20: 0 | L20: 0 | M20: 25 | N20: 0 | O20: =SUM(C20:L20,N20) -> 24 | P20: =SUM(C20:N20) -> 49 | R20: 1700-1800 | S20: =SUM(C50:C53) -> 364 | T20: =SUM(D50:D53) -> 140 | U20: =SUM(E50:E53) -> 67 | V20: =SUM(F50:F53) -> 55 | W20: =SUM(G50:G53) -> 0 | X20: =SUM(H50:H53) -> 0 | Y20: =SUM(I50:I53) -> 7 | Z20: =SUM(J50:J53) -> 3 | ... AF20: =SUM(P50:P53) -> 831
B21: 09.45 - 10.00 | C21: 11 | D21: 6 | E21: 8 | F21: 5 | G21: 0 | H21: 0 | I21: 0 | J21: 0 | K21: 0 | L21: 0 | M21: 33 | N21: 0 | O21: =SUM(C21:L21,N21) -> 30 | P21: =SUM(C21:N21) -> 63 | R21: 1800-1900 | S21: =SUM(C54:C57) -> 358 | T21: =SUM(D54:D57) -> 143 | U21: =SUM(E54:E57) -> 86 | V21: =SUM(F54:F57) -> 59 | W21: =SUM(G54:G57) -> 0 | X21: =SUM(H54:H57) -> 2 | Y21: =SUM(I54:I57) -> 3 | Z21: =SUM(J54:J57) -> 1 | ... AF21: =SUM(P54:P57) -> 843
B22: 10.00 - 10.15 | C22: 12 | D22: 7 | E22: 4 | F22: 8 | G22: 0 | H22: 0 | I22: 1 | J22: 1 | K22: 0 | L22: 0 | M22: 31 | N22: 0 | O22: =SUM(C22:L22,N22) -> 33 | P22: =SUM(C22:N22) -> 64 | R22: AM Peak Hr | S22: =MAX(S10:S12) -> 57 | T22: =MAX(T10:T12) -> 37 | U22: =MAX(U10:U12) -> 26 | V22: =MAX(V10:V12) -> 33 | W22: =MAX(W10:W12) -> 0 | X22: =MAX(X10:X12) -> 0 | Y22: =MAX(Y10:Y12) -> 2 | Z22: =MAX(Z10:Z12) -> 1 | ... AF22: =MAX(AF10:AF12) -> 287
B23: 10.15 - 10.30 | C23: 9 | D23: 6 | E23: 7 | F23: 11 | G23: 1 | H23: 0 | I23: 3 | J23: 0 | K23: 0 | L23: 0 | M23: 30 | N23: 0 | O23: =SUM(C23:L23,N23) -> 37 | P23: =SUM(C23:N23) -> 67 | R23: IP Peak Hr | S23: =MAX(S13:S18) -> 51 | T23: =MAX(T13:T18) -> 42 | U23: =MAX(U13:U18) -> 33 | V23: =MAX(V13:V18) -> 33 | W23: =MAX(W13:W18) -> 1 | X23: =MAX(X13:X18) -> 0 | Y23: =MAX(Y13:Y18) -> 8 | Z23: =MAX(Z13:Z18) -> 5 | ... AF23: =MAX(AF13:AF18) -> 308
B24: 10.30 - 10.45 | C24: 10 | D24: 5 | E24: 5 | F24: 8 | G24: 0 | H24: 0 | I24: 1 | J24: 0 | K24: 0 | L24: 0 | M24: 29 | N24: 0 | O24: =SUM(C24:L24,N24) -> 29 | P24: =SUM(C24:N24) -> 58 | R24: PM Peak Hr | S24: =MAX(S19:S21) -> 364 | T24: =MAX(T19:T21) -> 143 | U24: =MAX(U19:U21) -> 86 | V24: =MAX(V19:V21) -> 59 | W24: =MAX(W19:W21) -> 2 | X24: =MAX(X19:X21) -> 2 | Y24: =MAX(Y19:Y21) -> 8 | Z24: =MAX(Z19:Z21) -> 8 | ... AF24: =MAX(AF19:AF21) -> 843
B25: 10.45 - 11.00 | C25: 13 | D25: 8 | E25: 7 | F25: 6 | G25: 0 | H25: 0 | I25: 3 | J25: 0 | K25: 0 | L25: 0 | M25: 31 | N25: 0 | O25: =SUM(C25:L25,N25) -> 37 | P25: =SUM(C25:N25) -> 68 | R25: AM Period | S25: =SUM(S10:S12) -> 151 | T25: =SUM(T10:T12) -> 97 | U25: =SUM(U10:U12) -> 72 | V25: =SUM(V10:V12) -> 89 | W25: =SUM(W10:W12) -> 0 | X25: =SUM(X10:X12) -> 0 | Y25: =SUM(Y10:Y12) -> 6 | Z25: =SUM(Z10:Z12) -> 2 | ... AF25: =SUM(AF10:AF12) -> 786
B26: 11.00 - 11.15 | C26: 11 | D26: 8 | E26: 5 | F26: 6 | G26: 0 | H26: 0 | I26: 2 | J26: 0 | K26: 0 | L26: 0 | M26: 33 | N26: 0 | O26: =SUM(C26:L26,N26) -> 32 | P26: =SUM(C26:N26) -> 65 | R26: IP Period | S26: =SUM(S13:S18) -> 263 | T26: =SUM(T13:T18) -> 186 | U26: =SUM(U13:U18) -> 156 | V26: =SUM(V13:V18) -> 152 | W26: =SUM(W13:W18) -> 2 | X26: =SUM(X13:X18) -> 0 | Y26: =SUM(Y13:Y18) -> 29 | Z26: =SUM(Z13:Z18) -> 13 | ... AF26: =SUM(AF13:AF18) -> 1644
B27: 11.15 - 11.30 | C27: 9 | D27: 10 | E27: 7 | F27: 5 | G27: 0 | H27: 0 | I27: 0 | J27: 0 | K27: 0 | L27: 0 | M27: 28 | N27: 0 | O27: =SUM(C27:L27,N27) -> 31 | P27: =SUM(C27:N27) -> 59 | R27: PM Period | S27: =SUM(S19:S21) -> 880 | T27: =SUM(T19:T21) -> 352 | U27: =SUM(U19:U21) -> 204 | V27: =SUM(V19:V21) -> 160 | W27: =SUM(W19:W21) -> 2 | X27: =SUM(X19:X21) -> 3 | Y27: =SUM(Y19:Y21) -> 18 | Z27: =SUM(Z19:Z21) -> 12 | ... AF27: =SUM(AF19:AF21) -> 2198
B28: 11.30 - 11.45 | C28: 11 | D28: 7 | E28: 4 | F28: 4 | G28: 0 | H28: 0 | I28: 3 | J28: 0 | K28: 0 | L28: 0 | M28: 31 | N28: 0 | O28: =SUM(C28:L28,N28) -> 29 | P28: =SUM(C28:N28) -> 60 | R28: 12 Hours | S28: =SUM(S10:S21) -> 1294 | T28: =SUM(T10:T21) -> 635 | U28: =SUM(U10:U21) -> 432 | V28: =SUM(V10:V21) -> 401 | W28: =SUM(W10:W21) -> 4 | X28: =SUM(X10:X21) -> 3 | Y28: =SUM(Y10:Y21) -> 53 | Z28: =SUM(Z10:Z21) -> 27 | ... AF28: =SUM(AF10:AF21) -> 4628
B29: 11.45 - 12.00 | C29: 9 | D29: 8 | E29: 6 | F29: 3 | G29: 0 | H29: 0 | I29: 1 | J29: 0 | K29: 0 | L29: 0 | M29: 38 | N29: 0 | O29: =SUM(C29:L29,N29) -> 27 | P29: =SUM(C29:N29) -> 65
B30: 12.00 - 12.15 | C30: 12 | D30: 5 | E30: 8 | F30: 6 | G30: 0 | H30: 0 | I30: 1 | J30: 2 | K30: 0 | L30: 0 | M30: 41 | N30: 0 | O30: =SUM(C30:L30,N30) -> 34 | P30: =SUM(C30:N30) -> 75
B31: 12.15 - 12.30 | C31: 10 | D31: 9 | E31: 11 | F31: 9 | G31: 0 | H31: 0 | I31: 0 | J31: 0 | K31: 0 | L31: 0 | M31: 34 | N31: 0 | O31: =SUM(C31:L31,N31) -> 39 | P31: =SUM(C31:N31) -> 73
B32: 12.30 - 12.45 | C32: 8 | D32: 6 | E32: 8 | F32: 7 | G32: 0 | H32: 0 | I32: 0 | J32: 0 | K32: 0 | L32: 0 | M32: 38 | N32: 0 | O32: =SUM(C32:L32,N32) -> 29 | P32: =SUM(C32:N32) -> 67
B33: 12.45 - 13.00 | C33: 11 | D33: 4 | E33: 6 | F33: 4 | G33: 0 | H33: 0 | I33: 2 | J33: 0 | K33: 0 | L33: 0 | M33: 29 | N33: 0 | O33: =SUM(C33:L33,N33) -> 27 | P33: =SUM(C33:N33) -> 56
B34: 13.00 - 13.15 | C34: 14 | D34: 9 | E34: 4 | F34: 6 | G34: 0 | H34: 0 | I34: 3 | J34: 0 | K34: 0 | L34: 0 | M34: 32 | N34: 0 | O34: =SUM(C34:L34,N34) -> 36 | P34: =SUM(C34:N34) -> 68
B35: 13.15 - 13.30 | C35: 11 | D35: 8 | E35: 7 | F35: 9 | G35: 0 | H35: 0 | I35: 2 | J35: 2 | K35: 0 | L35: 0 | M35: 29 | N35: 0 | O35: =SUM(C35:L35,N35) -> 39 | P35: =SUM(C35:N35) -> 68
B36: 13.30 - 13.45 | C36: 14 | D36: 11 | E36: 9 | F36: 7 | G36: 0 | H36: 0 | I36: 0 | J36: 0 | K36: 0 | L36: 0 | M36: 38 | N36: 0 | O36: =SUM(C36:L36,N36) -> 41 | P36: =SUM(C36:N36) -> 79
B37: 13.45 - 14.00 | C37: 12 | D37: 8 | E37: 6 | F37: 4 | G37: 0 | H37: 0 | I37: 0 | J37: 0 | K37: 0 | L37: 0 | M37: 36 | N37: 0 | O37: =SUM(C37:L37,N37) -> 30 | P37: =SUM(C37:N37) -> 66
B38: 14.00 - 14.15 | C38: 9 | D38: 2 | E38: 6 | F38: 8 | G38: 0 | H38: 0 | I38: 1 | J38: 3 | K38: 0 | L38: 0 | M38: 36 | N38: 0 | O38: =SUM(C38:L38,N38) -> 29 | P38: =SUM(C38:N38) -> 65
B39: 14.15 - 14.30 | C39: 11 | D39: 9 | E39: 4 | F39: 6 | G39: 0 | H39: 0 | I39: 0 | J39: 1 | K39: 0 | L39: 1 | M39: 38 | N39: 0 | O39: =SUM(C39:L39,N39) -> 32 | P39: =SUM(C39:N39) -> 70
B40: 14.30 - 14.45 | C40: 13 | D40: 6 | E40: 9 | F40: 4 | G40: 0 | H40: 0 | I40: 0 | J40: 1 | K40: 0 | L40: 0 | M40: 36 | N40: 0 | O40: =SUM(C40:L40,N40) -> 33 | P40: =SUM(C40:N40) -> 69
... B57: 18.45 - 19.00 | C57: 92 | D57: 32 | E57: 16 | F57: 18 | G57: 0 | H57: 0 | I57: 0 | J57: 1 | K57: 0 | L57: 0 | M57: 44 | N57: 0 | O57: =SUM(C57:L57,N57) -> 159 | P57: =SUM(C57:N57) -> 203
B58: Totals | C58: =SUM(C10:C57) -> 1294 | D58: =SUM(D10:D57) -> 635 | E58: =SUM(E10:E57) -> 432 | F58: =SUM(F10:F57) -> 401 | G58: =SUM(G10:G57) -> 4 | H58: =SUM(H10:H57) -> 3 | I58: =SUM(I10:I57) -> 53 | J58: =SUM(J10:J57) -> 27 | ... P58: =SUM(P10:P57) -> 4628
B59: %ges + MCs | C59: =C58/$P$58 -> 0.27960242 | D59: =D58/$P$58 -> 0.1372083 | E59: =E58/$P$58 -> 0.093344857 | F59: =F58/$P$58 -> 0.0866465 | G59: =G58/$P$58 -> 0.00086430424 | H59: =H58/$P$58 -> 0.00064822818 | I59: =I58/$P$58 -> 0.011452031 | J59: =J58/$P$58 -> 0.0058340536 | ... N59: =N58/$P$58 -> 0
B60: %ges w/o MCs | C60: =C58/$O$58 -> 0.45371669 | D60: =D58/$O$58 -> 0.22265077 | E60: =E58/$O$58 -> 0.15147265 | F60: =F58/$O$58 -> 0.14060309 | G60: =G58/$O$58 -> 0.0014025245 | H60: =H58/$O$58 -> 0.0010518934 | I60: =I58/$O$58 -> 0.01858345 | J60: =J58/$O$58 -> 0.0094670407 | ... L60: =L58/$O$58 -> 0.00035063114 | N60: =N58/$O$58 -> 0

Sheet 01.08 Kisasi-Bukoto
B1: Consultancy services for Preparation of Expressway Development Master Plan (EDMP) for Uganda
B2: MANUAL CLASSIFIED COUNT (MCC)
B3: ROAD NAME: | C3: ='29.07 Kisasi-Bukoto'!C3:G3 -> MCC - C1 - STN32 - BUKOTO KISASI ROAD
C5: Date | D5: 01.08.19 | F5: Location | G5: ='02.08 Bukoto-Kisasi'!G5:H5 -> KISASI | J5: Surveyor | K5: ='02.08 Bukoto-Kisasi'!K5:L5 -> RWAMBITITO J./NICHOL A./GEORGE W.
C6: Dir. From | D6: ='29.07 Kisasi-Bukoto'!D6:E6 -> KISASI | F6: Dir. To | G6: ='29.07 Kisasi-Bukoto'!G6:H6 -> BUKOTO | J6: Supervisor | K6: ='02.08 Bukoto-Kisasi'!K6:L6 -> SALIMA L.
B8: Time / Veh Type | R8: SUMMARY TRAFFIC VOLUMES
C9: 1. Car | D9: 2. Station Wagon | E9: 3. Pickups | F9: 4. Minibus, matatu | G9: 5. Medium bus | H9: 6. Large Bus | I9: 7. Light Truck | J9: 8. Medium Truck | K9: 9. Heavy truck | L9: 10. Truck Trailer | M9: 11. Motor cycles | N9: 12. Tractors | O9: Total Excl M/Cycles | P9: Total All | R9: Time | S9: 1. Car | T9: 2. Station Wagon | U9: 3. Pickups | V9: 4. Minibus, matatu | W9: 5. Medium bus | X9: 6. Large Bus | Y9: 7. Light Truck | Z9: 8. Medium Truck | AA9: 9. Heavy truck | AB9: 10. Truck Trailer | AC9: 11. Motorcycles | AD9: 12. Tractors, Graders | AE9: Total Excl M/ Cycles | AF9: Total All
B10: 07.00 - 07.15 | C10: 117 | D10: 32 | E10: 4 | F10: 23 | G10: 2 | H10: 0 | I10: 3 | J10: 0 | K10: 0 | L10: 0 | M10: 103 | N10: 0 | O10: =SUM(C10:L10,N10) -> 181 | P10: =SUM(C10:N10) -> 284 | R10: 0700-0800 | S10: =SUM(C10:C13) -> 373 | T10: =SUM(D10:D13) -> 163 | U10: =SUM(E10:E13) -> 10 | V10: =SUM(F10:F13) -> 66 | W10: =SUM(G10:G13) -> 2 | X10: =SUM(H10:H13) -> 0 | Y10: =SUM(I10:I13) -> 13 | Z10: =SUM(J10:J13) -> 0 | ... AF10: =SUM(P10:P13) -> 1020
B11: 07.15 - 07.30 | C11: 72 | D11: 34 | E11: 1 | F11: 19 | G11: 0 | H11: 0 | I11: 2 | J11: 0 | K11: 0 | L11: 0 | M11: 96 | N11: 0 | O11: =SUM(C11:L11,N11) -> 128 | P11: =SUM(C11:N11) -> 224 | R11: 0800-0900 | S11: =SUM(C14:C17) -> 236 | T11: =SUM(D14:D17) -> 126 | U11: =SUM(E14:E17) -> 10 | V11: =SUM(F14:F17) -> 50 | W11: =SUM(G14:G17) -> 0 | X11: =SUM(H14:H17) -> 0 | Y11: =SUM(I14:I17) -> 16 | Z11: =SUM(J14:J17) -> 0 | ... AF11: =SUM(P14:P17) -> 755
B12: 07.30 - 07.45 | C12: 92 | D12: 41 | E12: 3 | F12: 10 | G12: 0 | H12: 0 | I12: 5 | J12: 0 | K12: 0 | L12: 0 | M12: 92 | N12: 0 | O12: =SUM(C12:L12,N12) -> 151 | P12: =SUM(C12:N12) -> 243 | R12: 0900-1000 | S12: =SUM(C18:C21) -> 168 | T12: =SUM(D18:D21) -> 102 | U12: =SUM(E18:E21) -> 6 | V12: =SUM(F18:F21) -> 44 | W12: =SUM(G18:G21) -> 0 | X12: =SUM(H18:H21) -> 1 | Y12: =SUM(I18:I21) -> 11 | Z12: =SUM(J18:J21) -> 0 | ... AF12: =SUM(P18:P21) -> 650
B13: 07.45 - 08.00 | C13: 92 | D13: 56 | E13: 2 | F13: 14 | G13: 0 | H13: 0 | I13: 3 | J13: 0 | K13: 0 | L13: 0 | M13: 102 | N13: 0 | O13: =SUM(C13:L13,N13) -> 167 | P13: =SUM(C13:N13) -> 269 | R13: 1000-1100 | S13: =SUM(C22:C25) -> 151 | T13: =SUM(D22:D25) -> 77 | U13: =SUM(E22:E25) -> 6 | V13: =SUM(F22:F25) -> 42 | W13: =SUM(G22:G25) -> 2 | X13: =SUM(H22:H25) -> 0 | Y13: =SUM(I22:I25) -> 14 | Z13: =SUM(J22:J25) -> 1 | ... AF13: =SUM(P22:P25) -> 558
B14: 08.00 - 08.15 | C14: 88 | D14: 45 | E14: 2 | F14: 17 | G14: 0 | H14: 0 | I14: 2 | J14: 0 | K14: 0 | L14: 0 | M14: 92 | N14: 0 | O14: =SUM(C14:L14,N14) -> 154 | P14: =SUM(C14:N14) -> 246 | R14: 1100-1200 | S14: =SUM(C26:C29) -> 137 | T14: =SUM(D26:D29) -> 58 | U14: =SUM(E26:E29) -> 10 | V14: =SUM(F26:F29) -> 44 | W14: =SUM(G26:G29) -> 0 | X14: =SUM(H26:H29) -> 0 | Y14: =SUM(I26:I29) -> 9 | Z14: =SUM(J26:J29) -> 4 | ... AF14: =SUM(P26:P29) -> 535
B15: 08.15 - 08.30 | C15: 74 | D15: 38 | E15: 1 | F15: 15 | G15: 0 | H15: 0 | I15: 4 | J15: 0 | K15: 0 | L15: 0 | M15: 68 | N15: 0 | O15: =SUM(C15:L15,N15) -> 132 | P15: =SUM(C15:N15) -> 200 | R15: 1200-1300 | S15: =SUM(C30:C33) -> 138 | T15: =SUM(D30:D33) -> 71 | U15: =SUM(E30:E33) -> 3 | V15: =SUM(F30:F33) -> 36 | W15: =SUM(G30:G33) -> 0 | X15: =SUM(H30:H33) -> 0 | Y15: =SUM(I30:I33) -> 11 | Z15: =SUM(J30:J33) -> 2 | ... AF15: =SUM(P30:P33) -> 504
B16: 08.30 - 08.45 | C16: 51 | D16: 28 | E16: 5 | F16: 13 | G16: 0 | H16: 0 | I16: 4 | J16: 0 | K16: 0 | L16: 0 | M16: 79 | N16: 0 | O16: =SUM(C16:L16,N16) -> 101 | P16: =SUM(C16:N16) -> 180 | R16: 1300-1400 | S16: =SUM(C34:C37) -> 119 | T16: =SUM(D34:D37) -> 63 | U16: =SUM(E34:E37) -> 4 | V16: =SUM(F34:F37) -> 28 | W16: =SUM(G34:G37) -> 0 | X16: =SUM(H34:H37) -> 0 | Y16: =SUM(I34:I37) -> 13 | Z16: =SUM(J34:J37) -> 1 | ... AF16: =SUM(P34:P37) -> 510
B17: 08.45 - 9.00 | C17: 23 | D17: 15 | E17: 2 | F17: 5 | G17: 0 | H17: 0 | I17: 6 | J17: 0 | K17: 0 | L17: 0 | M17: 78 | N17: 0 | O17: =SUM(C17:L17,N17) -> 51 | P17: =SUM(C17:N17) -> 129 | R17: 1400-1500 | S17: =SUM(C38:C41) -> 98 | T17: =SUM(D38:D41) -> 67 | U17: =SUM(E38:E41) -> 6 | V17: =SUM(F38:F41) -> 28 | W17: =SUM(G38:G41) -> 0 | X17: =SUM(H38:H41) -> 0 | Y17: =SUM(I38:I41) -> 11 | Z17: =SUM(J38:J41) -> 0 | ... AF17: =SUM(P38:P41) -> 554
B18: 09.00 - 09.15 | C18: 34 | D18: 30 | E18: 0 | F18: 14 | G18: 0 | H18: 1 | I18: 2 | J18: 0 | K18: 0 | L18: 0 | M18: 98 | N18: 0 | O18: =SUM(C18:L18,N18) -> 81 | P18: =SUM(C18:N18) -> 179 | R18: 1500-1600 | S18: =SUM(C42:C45) -> 122 | T18: =SUM(D42:D45) -> 59 | U18: =SUM(E42:E45) -> 1 | V18: =SUM(F42:F45) -> 32 | W18: =SUM(G42:G45) -> 2 | X18: =SUM(H42:H45) -> 0 | Y18: =SUM(I42:I45) -> 10 | Z18: =SUM(J42:J45) -> 3 | ... AF18: =SUM(P42:P45) -> 483
B19: 09.15 - 09.30 | C19: 39 | D19: 20 | E19: 1 | F19: 10 | G19: 0 | H19: 0 | I19: 2 | J19: 0 | K19: 0 | L19: 0 | M19: 85 | N19: 0 | O19: =SUM(C19:L19,N19) -> 72 | P19: =SUM(C19:N19) -> 157 | R19: 1600-1700 | S19: =SUM(C50:C53) -> 152 | T19: =SUM(D50:D53) -> 89 | U19: =SUM(E50:E53) -> 5 | V19: =SUM(F50:F53) -> 33 | W19: =SUM(G50:G53) -> 0 | X19: =SUM(H46:H49) -> 0 | Y19: =SUM(I46:I49) -> 8 | Z19: =SUM(J46:J49) -> 2 | AA19: =SUM(K46:K49) -> 0 | AB19: =SUM(L46:L49) -> 0 | AC19: =SUM(M46:M49) -> 244 | AD19: =SUM(N46:N49) -> 0 | AE19: =SUM(O46:O49) -> 305 | AF19: =SUM(P46:P49) -> 549
B20: 09.30 - 09.45 | C20: 55 | D20: 18 | E20: 3 | F20: 11 | G20: 0 | H20: 0 | I20: 4 | J20: 0 | K20: 0 | L20: 0 | M20: 73 | N20: 0 | O20: =SUM(C20:L20,N20) -> 91 | P20: =SUM(C20:N20) -> 164 | R20: 1700-1800 | S20: =SUM(C54:C57) -> 108 | T20: =SUM(D54:D57) -> 54 | U20: =SUM(E54:E57) -> 7 | V20: =SUM(F54:F57) -> 34 | W20: =SUM(G54:G57) -> 2 | X20: =SUM(H50:H53) -> 0 | Y20: =SUM(I50:I53) -> 10 | Z20: =SUM(J50:J53) -> 3 | AA20: =SUM(K50:K53) -> 0 | AB20: =SUM(L50:L53) -> 0 | AC20: =SUM(M50:M53) -> 319 | AD20: =SUM(N50:N53) -> 0 | AE20: =SUM(O50:O53) -> 292 | AF20: =SUM(P50:P53) -> 611
B21: 09.45 - 10.00 | C21: 40 | D21: 34 | E21: 2 | F21: 9 | G21: 0 | H21: 0 | I21: 3 | J21: 0 | K21: 0 | L21: 0 | M21: 62 | N21: 0 | O21: =SUM(C21:L21,N21) -> 88 | P21: =SUM(C21:N21) -> 150 | R21: 1800-1900 | S21: =SUM(C58:C61) -> 98 | T21: =SUM(D58:D61) -> 74 | U21: =SUM(E58:E61) -> 1 | V21: =SUM(F58:F61) -> 42 | W21: =SUM(G58:G61) -> 0 | X21: =SUM(H54:H57) -> 0 | Y21: =SUM(I54:I57) -> 10 | Z21: =SUM(J54:J57) -> 1 | AA21: =SUM(K54:K57) -> 1 | AB21: =SUM(L54:L57) -> 0 | AC21: =SUM(M54:M57) -> 345 | AD21: =SUM(N54:N57) -> 0 | AE21: =SUM(O54:O57) -> 217 | AF21: =SUM(P54:P57) -> 562
B22: 10.00 - 10.15 | C22: 37 | D22: 18 | E22: 1 | F22: 9 | G22: 0 | H22: 0 | I22: 2 | J22: 0 | K22: 0 | L22: 0 | M22: 73 | N22: 0 | O22: =SUM(C22:L22,N22) -> 67 | P22: =SUM(C22:N22) -> 140 | R22: 1900-2000 | S22: =SUM(C62:C65) -> 100 | T22: =SUM(D62:D65) -> 71 | U22: =SUM(E62:E65) -> 3 | V22: =SUM(F62:F65) -> 41 | W22: =SUM(G62:G65) -> 2 | X22: =SUM(H58:H61) -> 0 | Y22: =SUM(I58:I61) -> 5 | Z22: =SUM(J58:J61) -> 0 | AA22: =SUM(K58:K61) -> 0 | AB22: =SUM(L58:L61) -> 2 | AC22: =SUM(M58:M61) -> 260 | AD22: =SUM(N58:N61) -> 0 | AE22: =SUM(O58:O61) -> 222 | AF22: =SUM(P58:P61) -> 482
B23: 10.15 - 10.30 | C23: 37 | D23: 19 | E23: 1 | F23: 12 | G23: 1 | H23: 0 | I23: 4 | J23: 0 | K23: 0 | L23: 0 | M23: 60 | N23: 0 | O23: =SUM(C23:L23,N23) -> 74 | P23: =SUM(C23:N23) -> 134 | R23: 2000-2100 | S23: =SUM(C62:C65) -> 100 | T23: =SUM(D62:D65) -> 71 | U23: =SUM(E62:E65) -> 3 | V23: =SUM(F62:F65) -> 41 | W23: =SUM(J62:J65) -> 0 | X23: =SUM(H62:H65) -> 0 | Y23: =SUM(I62:I65) -> 4 | Z23: =SUM(J62:J65) -> 0 | AA23: =SUM(K62:K65) -> 0 | AB23: =SUM(L62:L65) -> 0 | AC23: =SUM(M62:M65) -> 280 | AD23: =SUM(N62:N65) -> 0 | AE23: =SUM(O62:O65) -> 221 | AF23: =SUM(P62:P65) -> 501
B24: 10.30 - 10.45 | C24: 31 | D24: 19 | E24: 0 | F24: 6 | G24: 1 | H24: 0 | I24: 3 | J24: 0 | K24: 0 | L24: 0 | M24: 75 | N24: 0 | O24: =SUM(C24:L24,N24) -> 60 | P24: =SUM(C24:N24) -> 135 | R24: 2100-2200 | S24: =SUM(C66:C69) -> 91 | T24: =SUM(D66:D69) -> 46 | U24: =SUM(E66:E69) -> 0 | V24: =SUM(F66:F69) -> 23 | W24: =SUM(G66:G69) -> 0 | X24: =SUM(H66:H69) -> 0 | Y24: =SUM(I66:I69) -> 2 | Z24: =SUM(J66:J69) -> 0 | ... AF24: =SUM(P66:P69) -> 373
B25: 10.45 - 11.00 | C25: 46 | D25: 21 | E25: 4 | F25: 15 | G25: 0 | H25: 0 | I25: 5 | J25: 1 | K25: 0 | L25: 0 | M25: 57 | N25: 0 | O25: =SUM(C25:L25,N25) -> 92 | P25: =SUM(C25:N25) -> 149 | R25: 2200-2300 | S25: =SUM(C70:C73) -> 64 | T25: =SUM(D70:D73) -> 40 | U25: =SUM(E70:E73) -> 0 | V25: =SUM(F70:F73) -> 8 | W25: =SUM(G70:G73) -> 0 | X25: =SUM(H70:H73) -> 0 | Y25: =SUM(I70:I73) -> 0 | Z25: =SUM(J70:J73) -> 0 | ... AF25: =SUM(P70:P73) -> 194
B26: 11.00 - 11.15 | C26: 31 | D26: 18 | E26: 1 | F26: 12 | G26: 0 | H26: 0 | I26: 1 | J26: 3 | K26: 0 | L26: 0 | M26: 83 | N26: 0 | O26: =SUM(C26:L26,N26) -> 66 | P26: =SUM(C26:N26) -> 149 | R26: 2300-0000 | S26: =SUM(C74:C77) -> 42 | T26: =SUM(D74:D77) -> 19 | U26: =SUM(E74:E77) -> 0 | V26: =SUM(F74:F77) -> 3 | W26: =SUM(G74:G77) -> 0 | X26: =SUM(H74:H77) -> 0 | Y26: =SUM(I74:I77) -> 1 | Z26: =SUM(J74:J77) -> 1 | ... AF26: =SUM(P74:P77) -> 131
B27: 11.15 - 11.30 | C27: 33 | D27: 15 | E27: 0 | F27: 11 | G27: 0 | H27: 0 | I27: 2 | J27: 0 | K27: 0 | L27: 0 | M27: 62 | N27: 0 | O27: =SUM(C27:L27,N27) -> 61 | P27: =SUM(C27:N27) -> 123 | R27: 0000-0100 | S27: =SUM(C78:C81) -> 30 | T27: =SUM(D78:D81) -> 11 | U27: =SUM(E78:E81) -> 0 | V27: =SUM(F78:F81) -> 10 | W27: =SUM(G78:G81) -> 0 | X27: =SUM(H78:H81) -> 0 | Y27: =SUM(I78:I81) -> 0 | Z27: =SUM(J78:J81) -> 0 | ... AF27: =SUM(P78:P81) -> 102
B28: 11.30 - 11.45 | C28: 30 | D28: 8 | E28: 2 | F28: 10 | G28: 0 | H28: 0 | I28: 3 | J28: 0 | K28: 0 | L28: 0 | M28: 61 | N28: 0 | O28: =SUM(C28:L28,N28) -> 53 | P28: =SUM(C28:N28) -> 114 | R28: 0100-0200 | S28: =SUM(C82:C85) -> 23 | T28: =SUM(D82:D85) -> 10 | U28: =SUM(E82:E85) -> 0 | V28: =SUM(F82:F85) -> 7 | W28: =SUM(G82:G85) -> 0 | X28: =SUM(H82:H85) -> 0 | Y28: =SUM(I82:I85) -> 0 | Z28: =SUM(J82:J85) -> 0 | ... AF28: =SUM(P82:P85) -> 97
B29: 11.45 - 12.00 | C29: 43 | D29: 17 | E29: 7 | F29: 11 | G29: 0 | H29: 0 | I29: 3 | J29: 1 | K29: 0 | L29: 0 | M29: 67 | N29: 0 | O29: =SUM(C29:L29,N29) -> 82 | P29: =SUM(C29:N29) -> 149 | R29: 0200-0300 | S29: =SUM(C86:C89) -> 14 | T29: =SUM(D86:D89) -> 7 | U29: =SUM(E86:E89) -> 0 | V29: =SUM(F86:F89) -> 0 | W29: =SUM(G86:G89) -> 0 | X29: =SUM(H86:H89) -> 0 | Y29: =SUM(I86:I89) -> 0 | Z29: =SUM(J86:J89) -> 0 | ... AF29: =SUM(P86:P89) -> 44
B30: 12.00 - 12.15 | C30: 28 | D30: 15 | E30: 0 | F30: 8 | G30: 0 | H30: 0 | I30: 3 | J30: 0 | K30: 0 | L30: 0 | M30: 73 | N30: 0 | O30: =SUM(C30:L30,N30) -> 54 | P30: =SUM(C30:N30) -> 127 | R30: 0300-0400 | S30: =SUM(C90:C93) -> 12 | T30: =SUM(D90:D93) -> 6 | U30: =SUM(E90:E93) -> 0 | V30: =SUM(F90:F93) -> 4 | W30: =SUM(G90:G93) -> 0 | X30: =SUM(H90:H93) -> 0 | Y30: =SUM(I90:I93) -> 0 | Z30: =SUM(J90:J93) -> 0 | ... AF30: =SUM(P90:P93) -> 56
B31: 12.15 - 12.30 | C31: 16 | D31: 13 | E31: 1 | F31: 7 | G31: 0 | H31: 0 | I31: 4 | J31: 0 | K31: 0 | L31: 0 | M31: 62 | N31: 0 | O31: =SUM(C31:L31,N31) -> 41 | P31: =SUM(C31:N31) -> 103 | R31: 0400-0500 | S31: =SUM(C94:C97) -> 12 | T31: =SUM(D94:D97) -> 10 | U31: =SUM(E94:E97) -> 0 | V31: =SUM(F94:F97) -> 4 | W31: =SUM(G94:G97) -> 0 | X31: =SUM(H94:H97) -> 0 | Y31: =SUM(I94:I97) -> 0 | Z31: =SUM(J94:J97) -> 0 | ... AF31: =SUM(P94:P97) -> 57
B32: 12.30 - 12.45 | C32: 37 | D32: 25 | E32: 0 | F32: 12 | G32: 0 | H32: 0 | I32: 3 | J32: 1 | K32: 0 | L32: 0 | M32: 68 | N32: 0 | O32: =SUM(C32:L32,N32) -> 78 | P32: =SUM(C32:N32) -> 146 | R32: 0500-0600 | S32: =SUM(C98:C101) -> 34 | T32: =SUM(D98:D101) -> 14 | U32: =SUM(E98:E101) -> 0 | V32: =SUM(F98:F101) -> 14 | W32: =SUM(G98:G101) -> 0 | X32: =SUM(H98:H101) -> 0 | Y32: =SUM(I98:I101) -> 0 | Z32: =SUM(J98:J101) -> 0 | ... AF32: =SUM(P98:P101) -> 99
B33: 12.45 - 13.00 | C33: 57 | D33: 18 | E33: 2 | F33: 9 | G33: 0 | H33: 0 | I33: 1 | J33: 1 | K33: 0 | L33: 0 | M33: 40 | N33: 0 | O33: =SUM(C33:L33,N33) -> 88 | P33: =SUM(C33:N33) -> 128 | R33: 0600-0700 | S33: =SUM(C102:C105) -> 387 | T33: =SUM(D102:D105) -> 360 | U33: =SUM(E102:E105) -> 2 | V33: =SUM(F102:F105) -> 63 | W33: =SUM(G102:G105) -> 0 | X33: =SUM(H102:H105) -> 0 | Y33: =SUM(I102:I105) -> 1 | Z33: =SUM(J102:J105) -> 0 | ... AF33: =SUM(P102:P105) -> 851
B34: 13.00 - 13.15 | C34: 29 | D34: 16 | E34: 0 | F34: 5 | G34: 0 | H34: 0 | I34: 6 | J34: 1 | K34: 0 | L34: 0 | M34: 78 | N34: 0 | O34: =SUM(C34:L34,N34) -> 57 | P34: =SUM(C34:N34) -> 135 | R34: AM Peak Hr | S34: =MAX(S10:S12) -> 373 | T34: =MAX(T10:T12) -> 163 | U34: =MAX(U10:U12) -> 10 | V34: =MAX(V10:V12) -> 66 | W34: =MAX(W10:W12) -> 2 | X34: =MAX(X10:X12) -> 1 | Y34: =MAX(Y10:Y12) -> 16 | Z34: =MAX(Z10:Z12) -> 0 | ... AF34: =MAX(AF10:AF12) -> 1020
B35: 13.15 - 13.30 | C35: 36 | D35: 20 | E35: 2 | F35: 7 | G35: 0 | H35: 0 | I35: 4 | J35: 0 | K35: 0 | L35: 0 | M35: 74 | N35: 0 | O35: =SUM(C35:L35,N35) -> 69 | P35: =SUM(C35:N35) -> 143 | R35: IP Peak Hr | S35: =MAX(S13:S18) -> 151 | T35: =MAX(T13:T18) -> 77 | U35: =MAX(U13:U18) -> 10 | V35: =MAX(V13:V18) -> 44 | W35: =MAX(W13:W18) -> 2 | X35: =MAX(X13:X18) -> 0 | Y35: =MAX(Y13:Y18) -> 14 | Z35: =MAX(Z13:Z18) -> 4 | ... AF35: =MAX(AF13:AF18) -> 558
B36: 13.30 - 13.45 | C36: 26 | D36: 9 | E36: 2 | F36: 4 | G36: 0 | H36: 0 | I36: 2 | J36: 0 | K36: 0 | L36: 0 | M36: 62 | N36: 0 | O36: =SUM(C36:L36,N36) -> 43 | P36: =SUM(C36:N36) -> 105 | R36: PM Peak Hr | S36: =MAX(S19:S21) -> 152 | T36: =MAX(T19:T21) -> 89 | U36: =MAX(U19:U21) -> 7 | V36: =MAX(V19:V21) -> 42 | W36: =MAX(W19:W21) -> 2 | X36: =MAX(X19:X21) -> 0 | Y36: =MAX(Y19:Y21) -> 10 | Z36: =MAX(Z19:Z21) -> 3 | ... AF36: =MAX(AF19:AF21) -> 611
B37: 13.45 - 14.00 | C37: 28 | D37: 18 | E37: 0 | F37: 12 | G37: 0 | H37: 0 | I37: 1 | J37: 0 | K37: 0 | L37: 0 | M37: 68 | N37: 0 | O37: =SUM(C37:L37,N37) -> 59 | P37: =SUM(C37:N37) -> 127 | R37: AM Period | S37: =SUM(S10:S12) -> 777 | T37: =SUM(T10:T12) -> 391 | U37: =SUM(U10:U12) -> 26 | V37: =SUM(V10:V12) -> 160 | W37: =SUM(W10:W12) -> 2 | X37: =SUM(X10:X12) -> 1 | Y37: =SUM(Y10:Y12) -> 40 | Z37: =SUM(Z10:Z12) -> 0 | ... AF37: =SUM(AF10:AF12) -> 2425
B38: 14.00 - 14.15 | C38: 14 | D38: 17 | E38: 1 | F38: 6 | G38: 0 | H38: 0 | I38: 1 | J38: 0 | K38: 0 | L38: 0 | M38: 156 | N38: 0 | O38: =SUM(C38:L38,N38) -> 39 | P38: =SUM(C38:N38) -> 195 | R38: IP Period | S38: =SUM(S13:S18) -> 765 | T38: =SUM(T13:T18) -> 395 | U38: =SUM(U13:U18) -> 30 | V38: =SUM(V13:V18) -> 210 | W38: =SUM(W13:W18) -> 4 | X38: =SUM(X13:X18) -> 0 | Y38: =SUM(Y13:Y18) -> 68 | Z38: =SUM(Z13:Z18) -> 11 | ... AF38: =SUM(AF13:AF18) -> 3144
B39: 14.15 - 14.30 | C39: 29 | D39: 14 | E39: 4 | F39: 7 | G39: 0 | H39: 0 | I39: 2 | J39: 0 | K39: 0 | L39: 0 | M39: 68 | N39: 0 | O39: =SUM(C39:L39,N39) -> 56 | P39: =SUM(C39:N39) -> 124 | R39: PM Period | S39: =SUM(S19:S21) -> 358 | T39: =SUM(T19:T21) -> 217 | U39: =SUM(U19:U21) -> 13 | V39: =SUM(V19:V21) -> 109 | W39: =SUM(W19:W21) -> 2 | X39: =SUM(X19:X21) -> 0 | Y39: =SUM(Y19:Y21) -> 28 | Z39: =SUM(Z19:Z21) -> 6 | ... AF39: =SUM(AF19:AF21) -> 1722
B40: 14.30 - 14.45 | C40: 32 | D40: 13 | E40: 1 | F40: 9 | G40: 0 | H40: 0 | I40: 3 | J40: 0 | K40: 0 | L40: 0 | M40: 58 | N40: 0 | O40: =SUM(C40:L40,N40) -> 58 | P40: =SUM(C40:N40) -> 116 | R40: 12 Hours | S40: =SUM(S10:S21) -> 1900 | T40: =SUM(T10:T21) -> 1003 | U40: =SUM(U10:U21) -> 69 | V40: =SUM(V10:V21) -> 479 | W40: =SUM(W10:W21) -> 8 | X40: =SUM(X10:X21) -> 1 | Y40: =SUM(Y10:Y21) -> 136 | Z40: =SUM(Z10:Z21) -> 17 | ... AF40: =SUM(AF10:AF21) -> 7291
B41: 14.45 - 15.00 | C41: 23 | D41: 23 | E41: 0 | F41: 6 | G41: 0 | H41: 0 | I41: 5 | J41: 0 | K41: 0 | L41: 0 | M41: 62 | N41: 0 | O41: =SUM(C41:L41,N41) -> 57 | P41: =SUM(C41:N41) -> 119 | R41: 24 Hrs/ADT | S41: =SUM(S10:S33) -> 2809 | T41: =SUM(T10:T33) -> 1668 | U41: =SUM(U10:U33) -> 77 | V41: =SUM(V10:V33) -> 697 | W41: =SUM(W10:W33) -> 10 | X41: =SUM(X10:X33) -> 1 | Y41: =SUM(Y10:Y33) -> 149 | Z41: =SUM(Z10:Z33) -> 18 | ... AF41: =SUM(AF10:AF33) -> 10278
B42: 15.00 - 15.15 | C42: 31 | D42: 9 | E42: 0 | F42: 5 | G42: 0 | H42: 0 | I42: 4 | J42: 2 | K42: 0 | L42: 0 | M42: 83 | N42: 0 | O42: =SUM(C42:L42,N42) -> 51 | P42: =SUM(C42:N42) -> 134 | R42: NEF | S42: =S41/S40 -> 1.4784211 | T42: =T41/T40 -> 1.663011 | U42: =U41/U40 -> 1.115942 | V42: =V41/V40 -> 1.4551148 | W42: =W41/W40 -> 1.25 | X42: =X41/X40 -> 1 | Y42: =Y41/Y40 -> 1.0955882 | Z42: =Z41/Z40 -> 1.0588235 | ... AF42: =AF41/AF40 -> 1.4096832
B43: 15.15 - 15.30 | C43: 24 | D43: 16 | E43: 1 | F43: 8 | G43: 0 | H43: 0 | I43: 1 | J43: 0 | K43: 0 | L43: 0 | M43: 70 | N43: 0 | O43: =SUM(C43:L43,N43) -> 50 | P43: =SUM(C43:N43) -> 120
B44: 15.30 - 15.45 | C44: 28 | D44: 15 | E44: 0 | F44: 4 | G44: 2 | H44: 0 | I44: 2 | J44: 0 | K44: 1 | L44: 0 | M44: 55 | N44: 0 | O44: =SUM(C44:L44,N44) -> 52 | P44: =SUM(C44:N44) -> 107
B45: 15.45 - 16.00 | C45: 39 | D45: 19 | E45: 0 | F45: 15 | G45: 0 | H45: 0 | I45: 3 | J45: 1 | K45: 0 | L45: 0 | M45: 45 | N45: 0 | O45: =SUM(C45:L45,N45) -> 77 | P45: =SUM(C45:N45) -> 122
B46: 16.00 - 16.15 | C46: 28 | D46: 15 | E46: 1 | F46: 8 | G46: 0 | H46: 0 | I46: 2 | J46: 1 | K46: 0 | L46: 0 | M46: 60 | N46: 0 | O46: =SUM(C46:L46,N46) -> 55 | P46: =SUM(C46:N46) -> 115
B47: 16.15 -16.30 | C47: 42 | D47: 20 | E47: 2 | F47: 9 | G47: 0 | H47: 0 | I47: 3 | J47: 1 | K47: 0 | L47: 0 | M47: 55 | N47: 0 | O47: =SUM(C47:L47,N47) -> 77 | P47: =SUM(C47:N47) -> 132
B48: 16.30 -16.45 | C48: 42 | D48: 26 | E48: 2 | F48: 10 | G48: 0 | H48: 0 | I48: 2 | J48: 0 | K48: 0 | L48: 0 | M48: 62 | N48: 0 | O48: =SUM(C48:L48,N48) -> 82 | P48: =SUM(C48:N48) -> 144
B49: 16.45 -17.00 | C49: 45 | D49: 29 | E49: 3 | F49: 11 | G49: 2 | H49: 0 | I49: 1 | J49: 0 | K49: 0 | L49: 0 | M49: 67 | N49: 0 | O49: =SUM(C49:L49,N49) -> 91 | P49: =SUM(C49:N49) -> 158
B50: 17.00 -17.15 | C50: 39 | D50: 22 | E50: 1 | F50: 9 | G50: 0 | H50: 0 | I50: 2 | J50: 1 | K50: 0 | L50: 0 | M50: 80 | N50: 0 | O50: =SUM(C50:L50,N50) -> 74 | P50: =SUM(C50:N50) -> 154
B51: 17.15 -17.30 | C51: 23 | D51: 20 | E51: 1 | F51: 4 | G51: 0 | H51: 0 | I51: 3 | J51: 0 | K51: 0 | L51: 0 | M51: 69 | N51: 0 | O51: =SUM(C51:L51,N51) -> 51 | P51: =SUM(C51:N51) -> 120
B52: 17.30 -17.45 | C52: 51 | D52: 27 | E52: 2 | F52: 10 | G52: 0 | H52: 0 | I52: 3 | J52: 2 | K52: 0 | L52: 0 | M52: 80 | N52: 0 | O52: =SUM(C52:L52,N52) -> 95 | P52: =SUM(C52:N52) -> 175
B53: 17.45 -18.00 | C53: 39 | D53: 20 | E53: 1 | F53: 10 | G53: 0 | H53: 0 | I53: 2 | J53: 0 | K53: 0 | L53: 0 | M53: 90 | N53: 0 | O53: =SUM(C53:L53,N53) -> 72 | P53: =SUM(C53:N53) -> 162
B54: 18.00 - 18.15 | C54: 42 | D54: 21 | E54: 1 | F54: 7 | G54: 0 | H54: 0 | I54: 2 | J54: 0 | K54: 1 | L54: 0 | M54: 120 | N54: 0 | O54: =SUM(C54:L54,N54) -> 74 | P54: =SUM(C54:N54) -> 194
... B105: 06.45 - 07.00 | C105: 135 | D105: 110 | E105: 0 | F105: 18 | G105: 0 | H105: 0 | I105: 0 | J105: 0 | K105: 0 | L105: 0 | M105: 15 | N105: 0 | O105: =SUM(C105:L105,N105) -> 263 | P105: =SUM(C105:N105) -> 278
B106: Totals | C106: =SUM(C10:C105) -> 2866 | D106: =SUM(D10:D105) -> 1687 | E106: =SUM(E10:E105) -> 82 | F106: =SUM(F10:F105) -> 694 | G106: =SUM(G10:G105) -> 12 | H106: =SUM(H10:H105) -> 1 | I106: =SUM(I10:I105) -> 149 | J106: =SUM(J10:J105) -> 18 | ... P106: =SUM(P10:P105) -> 10278
B107: %ges + MCs | C107: =C106/$P$106 -> 0.27884802 | D107: =D106/$P$106 -> 0.16413699 | E107: =E106/$P$106 -> 0.0079782059 | F107: =F106/$P$106 -> 0.067522864 | G107: =G106/$P$106 -> 0.0011675423 | H107: =H106/$P$106 -> 9.7295194e-05 | I107: =I106/$P$106 -> 0.014496984 | J107: =J106/$P$106 -> 0.0017513135 | ... N107: =N106/$P$106 -> 0
B108: %ges w/o MCs | C108: =C106/$O$106 -> 0.51976786 | D108: =D106/$O$106 -> 0.30594849 | E108: =E106/$O$106 -> 0.014871237 | F108: =F106/$O$106 -> 0.12586144 | G108: =G106/$O$106 -> 0.0021762786 | H108: =H106/$O$106 -> 0.00018135655 | I108: =I106/$O$106 -> 0.027022125 | J108: =J106/$O$106 -> 0.0032644178 | ... L108: =L106/$O$106 -> 0.00036271309 | N108: =N106/$O$106 -> 0

Sheet 01.08 Bukoto-Kisasi
B1: Consultancy services for Preparation of Expressway Development Master Plan (EDMP) for Uganda
B2: MANUAL CLASSIFIED COUNT (MCC)
B3: ROAD NAME: | C3: ='29.07 Kisasi-Bukoto'!C3:G3 -> MCC - C1 - STN32 - BUKOTO KISASI ROAD
C5: Date | D5: ='01.08 Kisasi-Bukoto'!D5 -> 01.08.19 | F5: Location | G5: ='01.08 Kisasi-Bukoto'!G5:H5 -> KISASI | J5: Surveyor | K5: ='01.08 Kisasi-Bukoto'!K5:L5 -> RWAMBITITO J./NICHOL A./GEORGE W.
C6: Dir. From | D6: ='29.07 Bukoto-Kisasi'!D6:E6 -> BUKOTO | F6: Dir. To | G6: ='30.07 Bukoto-Kisasi'!G6:H6 -> KISASI | J6: Supervisor | K6: ='01.08 Kisasi-Bukoto'!K6:L6 -> SALIMA L.
B8: Time / Veh Type | R8: SUMMARY TRAFFIC VOLUMES
C9: 1. Car | D9: 2. Station Wagon | E9: 3. Pickups | F9: 4. Minibus, matatu | G9: 5. Medium bus | H9: 6. Large Bus | I9: 7. Light Truck | J9: 8. Medium Truck | K9: 9. Heavy truck | L9: 10. Truck Trailer | M9: 11. Motor cycles | N9: 12. Tractors | O9: Total Excl M/Cycles | P9: Total All | R9: Time | S9: 1. Car | T9: 2. Station Wagon | U9: 3. Pickups | V9: 4. Minibus, matatu | W9: 5. Medium bus | X9: 6. Large Bus | Y9: 7. Light Truck | Z9: 8. Medium Truck | AA9: 9. Heavy truck | AB9: 10. Truck Trailer | AC9: 11. Motorcycles | AD9: 12. Tractors, Graders | AE9: Total Excl M/ Cycles | AF9: Total All
B10: 07.00 - 07.15 | C10: 95 | D10: 115 | E10: 6 | F10: 15 | G10: 0 | H10: 0 | I10: 1 | J10: 1 | K10: 0 | L10: 0 | M10: 130 | N10: 0 | O10: =SUM(C10:L10,N10) -> 233 | P10: =SUM(C10:N10) -> 363 | R10: 0700-0800 | S10: =SUM(C10:C13) -> 546 | T10: =SUM(D10:D13) -> 615 | U10: =SUM(E10:E13) -> 10 | V10: =SUM(F10:F13) -> 36 | W10: =SUM(G10:G13) -> 0 | X10: =SUM(H10:H13) -> 1 | Y10: =SUM(I10:I13) -> 5 | Z10: =SUM(J10:J13) -> 1 | ... AF10: =SUM(P10:P13) -> 1840
B11: 07.15 - 07.30 | C11: 105 | D11: 130 | E11: 3 | F11: 16 | G11: 0 | H11: 1 | I11: 2 | J11: 0 | K11: 0 | L11: 0 | M11: 155 | N11: 0 | O11: =SUM(C11:L11,N11) -> 257 | P11: =SUM(C11:N11) -> 412 | R11: 0800-0900 | S11: =SUM(C14:C17) -> 455 | T11: =SUM(D14:D17) -> 487 | U11: =SUM(E14:E17) -> 25 | V11: =SUM(F14:F17) -> 38 | W11: =SUM(G14:G17) -> 0 | X11: =SUM(H14:H17) -> 0 | Y11: =SUM(I14:I17) -> 4 | Z11: =SUM(J14:J17) -> 2 | ... AF11: =SUM(P14:P17) -> 1533
B12: 07.30 - 07.45 | C12: 136 | D12: 150 | E12: 1 | F12: 4 | G12: 0 | H12: 0 | I12: 2 | J12: 0 | K12: 1 | L12: 0 | M12: 160 | N12: 0 | O12: =SUM(C12:L12,N12) -> 294 | P12: =SUM(C12:N12) -> 454 | R12: 0900-1000 | S12: =SUM(C18:C21) -> 460 | T12: =SUM(D18:D21) -> 430 | U12: =SUM(E18:E21) -> 22 | V12: =SUM(F18:F21) -> 33 | W12: =SUM(G18:G21) -> 0 | X12: =SUM(H18:H21) -> 0 | Y12: =SUM(I18:I21) -> 5 | Z12: =SUM(J18:J21) -> 0 | ... AF12: =SUM(P18:P21) -> 1390
B13: 07.45 - 08.00 | C13: 210 | D13: 220 | E13: 0 | F13: 1 | G13: 0 | H13: 0 | I13: 0 | J13: 0 | K13: 0 | L13: 0 | M13: 180 | N13: 0 | O13: =SUM(C13:L13,N13) -> 431 | P13: =SUM(C13:N13) -> 611 | R13: 1000-1100 | S13: =SUM(C22:C25) -> 381 | T13: =SUM(D22:D25) -> 358 | U13: =SUM(E22:E25) -> 7 | V13: =SUM(F22:F25) -> 10 | W13: =SUM(G22:G25) -> 7 | X13: =SUM(H22:H25) -> 0 | Y13: =SUM(I22:I25) -> 2 | Z13: =SUM(J22:J25) -> 0 | ... AF13: =SUM(P22:P25) -> 1208
B14: 08.00 - 08.15 | C14: 160 | D14: 180 | E14: 0 | F14: 2 | G14: 0 | H14: 0 | I14: 1 | J14: 0 | K14: 1 | L14: 0 | M14: 180 | N14: 0 | O14: =SUM(C14:L14,N14) -> 344 | P14: =SUM(C14:N14) -> 524 | R14: 1100-1200 | S14: =SUM(C26:C29) -> 148 | T14: =SUM(D26:D29) -> 83 | U14: =SUM(E26:E29) -> 16 | V14: =SUM(F26:F29) -> 13 | W14: =SUM(G26:G29) -> 0 | X14: =SUM(H26:H29) -> 0 | Y14: =SUM(I26:I29) -> 1 | Z14: =SUM(J26:J29) -> 0 | ... AF14: =SUM(P26:P29) -> 387
B15: 08.15 - 08.30 | C15: 117 | D15: 120 | E15: 10 | F15: 11 | G15: 0 | H15: 0 | I15: 1 | J15: 2 | K15: 0 | L15: 0 | M15: 145 | N15: 0 | O15: =SUM(C15:L15,N15) -> 261 | P15: =SUM(C15:N15) -> 406 | R15: 1200-1300 | S15: =SUM(C30:C33) -> 75 | T15: =SUM(D30:D33) -> 52 | U15: =SUM(E30:E33) -> 4 | V15: =SUM(F30:F33) -> 6 | W15: =SUM(G30:G33) -> 0 | X15: =SUM(H30:H33) -> 0 | Y15: =SUM(I30:I33) -> 1 | Z15: =SUM(J30:J33) -> 0 | ... AF15: =SUM(P30:P33) -> 262
B16: 08.30 - 08.45 | C16: 105 | D16: 105 | E16: 6 | F16: 15 | G16: 0 | H16: 0 | I16: 0 | J16: 0 | K16: 0 | L16: 0 | M16: 115 | N16: 0 | O16: =SUM(C16:L16,N16) -> 231 | P16: =SUM(C16:N16) -> 346 | R16: 1300-1400 | S16: =SUM(C34:C37) -> 23 | T16: =SUM(D34:D37) -> 17 | U16: =SUM(E34:E37) -> 1 | V16: =SUM(F34:F37) -> 0 | W16: =SUM(G34:G37) -> 0 | X16: =SUM(H34:H37) -> 0 | Y16: =SUM(I34:I37) -> 0 | Z16: =SUM(J34:J37) -> 0 | ... AF16: =SUM(P34:P37) -> 88
B17: 08.45 - 9.00 | C17: 73 | D17: 82 | E17: 9 | F17: 10 | G17: 0 | H17: 0 | I17: 2 | J17: 0 | K17: 0 | L17: 0 | M17: 81 | N17: 0 | O17: =SUM(C17:L17,N17) -> 176 | P17: =SUM(C17:N17) -> 257 | R17: 1400-1500 | S17: =SUM(C38:C41) -> 38 | T17: =SUM(D38:D41) -> 10 | U17: =SUM(E38:E41) -> 2 | V17: =SUM(F38:F41) -> 1 | W17: =SUM(G38:G41) -> 0 | X17: =SUM(H38:H41) -> 0 | Y17: =SUM(I38:I41) -> 2 | Z17: =SUM(J38:J41) -> 0 | ... AF17: =SUM(P38:P41) -> 103
B18: 09.00 - 09.15 | C18: 85 | D18: 110 | E18: 7 | F18: 8 | G18: 0 | H18: 0 | I18: 1 | J18: 0 | K18: 0 | L18: 0 | M18: 100 | N18: 0 | O18: =SUM(C18:L18,N18) -> 211 | P18: =SUM(C18:N18) -> 311 | R18: 1500-1600 | S18: =SUM(C42:C45) -> 28 | T18: =SUM(D42:D45) -> 9 | U18: =SUM(E42:E45) -> 0 | V18: =SUM(F42:F45) -> 3 | W18: =SUM(G42:G45) -> 0 | X18: =SUM(H42:H45) -> 0 | Y18: =SUM(I42:I45) -> 1 | Z18: =SUM(J42:J45) -> 0 | ... AF18: =SUM(P42:P45) -> 67
B19: 09.15 - 09.30 | C19: 95 | D19: 80 | E19: 6 | F19: 10 | G19: 0 | H19: 0 | I19: 0 | J19: 0 | K19: 0 | L19: 0 | M19: 105 | N19: 0 | O19: =SUM(C19:L19,N19) -> 191 | P19: =SUM(C19:N19) -> 296 | R19: 1600-1700 | S19: =SUM(C46:C49) -> 14 | T19: =SUM(D46:D49) -> 5 | U19: =SUM(E46:E49) -> 2 | V19: =SUM(F46:F49) -> 2 | W19: =SUM(G46:G49) -> 0 | X19: =SUM(H46:H49) -> 0 | Y19: =SUM(I46:I49) -> 1 | Z19: =SUM(J46:J49) -> 0 | ... AF19: =SUM(P46:P49) -> 44
B20: 09.30 - 09.45 | C20: 140 | D20: 115 | E20: 4 | F20: 6 | G20: 0 | H20: 0 | I20: 2 | J20: 0 | K20: 0 | L20: 0 | M20: 120 | N20: 0 | O20: =SUM(C20:L20,N20) -> 267 | P20: =SUM(C20:N20) -> 387 | R20: 1700-1800 | S20: =SUM(C50:C53) -> 21 | T20: =SUM(D50:D53) -> 5 | U20: =SUM(E50:E53) -> 5 | V20: =SUM(F50:F53) -> 9 | W20: =SUM(G50:G53) -> 2 | X20: =SUM(H50:H53) -> 0 | Y20: =SUM(I50:I53) -> 2 | Z20: =SUM(J50:J53) -> 0 | ... AF20: =SUM(P50:P53) -> 93
B21: 09.45 - 10.00 | C21: 140 | D21: 125 | E21: 5 | F21: 9 | G21: 0 | H21: 0 | I21: 2 | J21: 0 | K21: 0 | L21: 0 | M21: 115 | N21: 0 | O21: =SUM(C21:L21,N21) -> 281 | P21: =SUM(C21:N21) -> 396 | R21: 1800-1900 | S21: =SUM(C54:C57) -> 157 | T21: =SUM(D54:D57) -> 72 | U21: =SUM(E54:E57) -> 6 | V21: =SUM(F54:F57) -> 52 | W21: =SUM(G54:G57) -> 1 | X21: =SUM(H54:H57) -> 0 | Y21: =SUM(I54:I57) -> 4 | Z21: =SUM(J54:J57) -> 0 | ... AF21: =SUM(P54:P57) -> 534
B22: 10.00 - 10.15 | C22: 140 | D22: 138 | E22: 3 | F22: 3 | G22: 0 | H22: 0 | I22: 0 | J22: 0 | K22: 0 | L22: 0 | M22: 135 | N22: 0 | O22: =SUM(C22:L22,N22) -> 284 | P22: =SUM(C22:N22) -> 419 | R22: 1900-2000 | S22: =SUM(C58:C61) -> 57 | T22: =SUM(D58:D61) -> 29 | U22: =SUM(E58:E61) -> 17 | V22: =SUM(F58:F61) -> 22 | W22: =SUM(G58:G61) -> 0 | X22: =SUM(H58:H61) -> 0 | Y22: =SUM(I58:I61) -> 1 | Z22: =SUM(J58:J61) -> 0 | ... AF22: =SUM(P58:P61) -> 246
B23: 10.15 - 10.30 | C23: 88 | D23: 100 | E23: 3 | F23: 5 | G23: 2 | H23: 0 | I23: 0 | J23: 0 | K23: 0 | L23: 0 | M23: 105 | N23: 0 | O23: =SUM(C23:L23,N23) -> 198 | P23: =SUM(C23:N23) -> 303 | R23: 2000-2100 | S23: =SUM(C62:C65) -> 76 | T23: ='01.08 Kisasi-Bukoto'!K180 -> 0 | U23: ='01.08 Kisasi-Bukoto'!F10 -> 23 | V23: =SUM(F62:F65) -> 33 | W23: =SUM(G62:G65) -> 2 | X23: =SUM(H62:H65) -> 0 | Y23: =SUM(I62:I65) -> 1 | Z23: =SUM(J62:J65) -> 2 | AA23: =SUM(K62:K65) -> 0 | AB23: =SUM(L62:L65) -> 0 | AC23: =SUM(M62:M65) -> 165 | ... AF23: =SUM(P62:P65) -> 343
B24: 10.30 - 10.45 | C24: 90 | D24: 91 | E24: 1 | F24: 2 | G24: 1 | H24: 0 | I24: 0 | J24: 0 | K24: 0 | L24: 0 | M24: 100 | N24: 0 | O24: =SUM(C24:L24,N24) -> 185 | P24: =SUM(C24:N24) -> 285 | R24: 2100-2200 | S24: =SUM(C66:C69) -> 64 | T24: =SUM(D66:D69) -> 44 | U24: =SUM(E66:E69) -> 30 | V24: =SUM(F66:F69) -> 35 | W24: =SUM(G66:G69) -> 0 | X24: =SUM(H66:H69) -> 1 | Y24: =SUM(I66:I69) -> 11 | Z24: =SUM(J66:J69) -> 3 | ... AF24: =SUM(P66:P69) -> 350
B25: 10.45 - 11.00 | C25: 63 | D25: 29 | E25: 0 | F25: 0 | G25: 4 | H25: 0 | I25: 2 | J25: 0 | K25: 0 | L25: 0 | M25: 103 | N25: 0 | O25: =SUM(C25:L25,N25) -> 98 | P25: =SUM(C25:N25) -> 201 | R25: 2200-2300 | S25: =SUM(C70:C73) -> 63 | T25: =SUM(D70:D73) -> 52 | U25: =SUM(E70:E73) -> 41 | V25: =SUM(F70:F73) -> 33 | W25: =SUM(G70:G73) -> 0 | X25: =SUM(H70:H73) -> 0 | Y25: =SUM(I70:I73) -> 3 | Z25: =SUM(J70:J73) -> 3 | ... AF25: =SUM(P70:P73) -> 394
B26: 11.00 - 11.15 | C26: 43 | D26: 29 | E26: 4 | F26: 6 | G26: 0 | H26: 0 | I26: 1 | J26: 0 | K26: 0 | L26: 0 | M26: 30 | N26: 0 | O26: =SUM(C26:L26,N26) -> 83 | P26: =SUM(C26:N26) -> 113 | R26: 2300-0000 | S26: =SUM(C74:C77) -> 68 | T26: =SUM(D74:D77) -> 38 | U26: =SUM(E74:E77) -> 27 | V26: =SUM(F74:F77) -> 26 | W26: =SUM(G74:G77) -> 1 | X26: =SUM(H74:H77) -> 0 | Y26: =SUM(I74:I77) -> 8 | Z26: =SUM(J74:J77) -> 1 | ... AF26: =SUM(P74:P77) -> 335
B27: 11.15 - 11.30 | C27: 40 | D27: 5 | E27: 5 | F27: 3 | G27: 0 | H27: 0 | I27: 0 | J27: 0 | K27: 0 | L27: 0 | M27: 34 | N27: 0 | O27: =SUM(C27:L27,N27) -> 53 | P27: =SUM(C27:N27) -> 87 | R27: 0000-0100 | S27: =SUM(C78:C81) -> 63 | T27: =SUM(D78:D81) -> 34 | U27: =SUM(E78:E81) -> 23 | V27: =SUM(F78:F81) -> 24 | W27: =SUM(G78:G81) -> 1 | X27: =SUM(H78:H81) -> 0 | Y27: =SUM(I78:I81) -> 3 | Z27: =SUM(J78:J81) -> 1 | ... AF27: =SUM(P78:P81) -> 367
B28: 11.30 - 11.45 | C28: 46 | D28: 35 | E28: 3 | F28: 3 | G28: 0 | H28: 0 | I28: 0 | J28: 0 | K28: 0 | L28: 0 | M28: 24 | N28: 0 | O28: =SUM(C28:L28,N28) -> 87 | P28: =SUM(C28:N28) -> 111 | R28: 0100-0200 | S28: =SUM(C82:C85) -> 101 | T28: =SUM(D82:D85) -> 43 | U28: =SUM(E82:E85) -> 27 | V28: =SUM(F82:F85) -> 21 | W28: =SUM(G82:G85) -> 0 | X28: =SUM(H82:H85) -> 0 | Y28: =SUM(I82:I85) -> 15 | Z28: =SUM(J82:J85) -> 4 | ... AF28: =SUM(P82:P85) -> 443
B29: 11.45 - 12.00 | C29: 19 | D29: 14 | E29: 4 | F29: 1 | G29: 0 | H29: 0 | I29: 0 | J29: 0 | K29: 0 | L29: 0 | M29: 38 | N29: 0 | O29: =SUM(C29:L29,N29) -> 38 | P29: =SUM(C29:N29) -> 76 | R29: 0200-0300 | S29: =SUM(C86:C89) -> 174 | T29: =SUM(D86:D89) -> 60 | U29: =SUM(E86:E89) -> 43 | V29: =SUM(F86:F89) -> 54 | W29: =SUM(G86:G89) -> 1 | X29: =SUM(H86:H89) -> 0 | Y29: =SUM(I86:I89) -> 10 | Z29: =SUM(J86:J89) -> 4 | ... AF29: =SUM(P86:P89) -> 599
B30: 12.00 - 12.15 | C30: 18 | D30: 15 | E30: 2 | F30: 1 | G30: 0 | H30: 0 | I30: 0 | J30: 0 | K30: 0 | L30: 0 | M30: 30 | N30: 0 | O30: =SUM(C30:L30,N30) -> 36 | P30: =SUM(C30:N30) -> 66 | R30: 0300-0400 | S30: =SUM(C90:C93) -> 209 | T30: =SUM(D90:D93) -> 76 | U30: =SUM(E90:E93) -> 39 | V30: =SUM(F90:F93) -> 31 | W30: =SUM(G90:G93) -> 1 | X30: =SUM(H90:H93) -> 0 | Y30: =SUM(I90:I93) -> 6 | Z30: =SUM(J90:J93) -> 1 | ... AF30: =SUM(P90:P93) -> 603
B31: 12.15 - 12.30 | C31: 26 | D31: 14 | E31: 1 | F31: 2 | G31: 0 | H31: 0 | I31: 0 | J31: 0 | K31: 0 | L31: 0 | M31: 29 | N31: 0 | O31: =SUM(C31:L31,N31) -> 43 | P31: =SUM(C31:N31) -> 72 | R31: 0400-0500 | S31: =SUM(C94:C97) -> 246 | T31: =SUM(D94:D97) -> 119 | U31: =SUM(E94:E97) -> 61 | V31: =SUM(F94:F97) -> 49 | W31: =SUM(G94:G97) -> 1 | X31: =SUM(H94:H97) -> 1 | Y31: =SUM(I94:I97) -> 6 | Z31: =SUM(J94:J97) -> 3 | ... AF31: =SUM(P94:P97) -> 756
B32: 12.30 - 12.45 | C32: 18 | D32: 13 | E32: 0 | F32: 2 | G32: 0 | H32: 0 | I32: 0 | J32: 0 | K32: 0 | L32: 0 | M32: 37 | N32: 0 | O32: =SUM(C32:L32,N32) -> 33 | P32: =SUM(C32:N32) -> 70 | R32: 0500-0600 | S32: =SUM(C98:C101) -> 390 | T32: =SUM(D98:D101) -> 122 | U32: =SUM(E98:E101) -> 65 | V32: =SUM(F98:F101) -> 80 | W32: =SUM(G98:G101) -> 0 | X32: =SUM(H98:H101) -> 0 | Y32: =SUM(I98:I101) -> 11 | Z32: =SUM(J98:J101) -> 1 | ... AF32: =SUM(P98:P101) -> 977
B33: 12.45 - 13.00 | C33: 13 | D33: 10 | E33: 1 | F33: 1 | G33: 0 | H33: 0 | I33: 1 | J33: 0 | K33: 0 | L33: 0 | M33: 28 | N33: 0 | O33: =SUM(C33:L33,N33) -> 26 | P33: =SUM(C33:N33) -> 54 | R33: 0600-0700 | S33: =SUM(C102:C105) -> 541 | T33: =SUM(D102:D105) -> 152 | U33: =SUM(E102:E105) -> 52 | V33: =SUM(F102:F105) -> 83 | W33: =SUM(G102:G105) -> 0 | X33: =SUM(H102:H105) -> 0 | Y33: =SUM(I102:I105) -> 6 | Z33: =SUM(J102:J105) -> 1 | ... AF33: =SUM(P102:P105) -> 1147
B34: 13.00 - 13.15 | C34: 2 | D34: 3 | E34: 0 | F34: 0 | G34: 0 | H34: 0 | I34: 0 | J34: 0 | K34: 0 | L34: 0 | M34: 11 | N34: 0 | O34: =SUM(C34:L34,N34) -> 5 | P34: =SUM(C34:N34) -> 16 | R34: AM Peak Hr | S34: =MAX(S10:S12) -> 546 | T34: =MAX(T10:T12) -> 615 | U34: =MAX(U10:U12) -> 25 | V34: =MAX(V10:V12) -> 38 | W34: =MAX(W10:W12) -> 0 | X34: =MAX(X10:X12) -> 1 | Y34: =MAX(Y10:Y12) -> 5 | Z34: =MAX(Z10:Z12) -> 2 | ... AF34: =MAX(AF10:AF12) -> 1840
B35: 13.15 - 13.30 | C35: 7 | D35: 8 | E35: 1 | F35: 0 | G35: 0 | H35: 0 | I35: 0 | J35: 0 | K35: 0 | L35: 0 | M35: 13 | N35: 0 | O35: =SUM(C35:L35,N35) -> 16 | P35: =SUM(C35:N35) -> 29 | R35: IP Peak Hr | S35: =MAX(S13:S18) -> 381 | T35: =MAX(T13:T18) -> 358 | U35: =MAX(U13:U18) -> 16 | V35: =MAX(V13:V18) -> 13 | W35: =MAX(W13:W18) -> 7 | X35: =MAX(X13:X18) -> 0 | Y35: =MAX(Y13:Y18) -> 2 | Z35: =MAX(Z13:Z18) -> 0 | ... AF35: =MAX(AF13:AF18) -> 1208
B36: 13.30 - 13.45 | C36: 9 | D36: 5 | E36: 0 | F36: 0 | G36: 0 | H36: 0 | I36: 0 | J36: 0 | K36: 0 | L36: 0 | M36: 11 | N36: 0 | O36: =SUM(C36:L36,N36) -> 14 | P36: =SUM(C36:N36) -> 25 | R36: PM Peak Hr | S36: =MAX(S19:S21) -> 157 | T36: =MAX(T19:T21) -> 72 | U36: =MAX(U19:U21) -> 6 | V36: =MAX(V19:V21) -> 52 | W36: =MAX(W19:W21) -> 2 | X36: =MAX(X19:X21) -> 0 | Y36: =MAX(Y19:Y21) -> 4 | Z36: =MAX(Z19:Z21) -> 0 | ... AF36: =MAX(AF19:AF21) -> 534
B37: 13.45 - 14.00 | C37: 5 | D37: 1 | E37: 0 | F37: 0 | G37: 0 | H37: 0 | I37: 0 | J37: 0 | K37: 0 | L37: 0 | M37: 12 | N37: 0 | O37: =SUM(C37:L37,N37) -> 6 | P37: =SUM(C37:N37) -> 18 | R37: AM Period | S37: =SUM(S10:S12) -> 1461 | T37: =SUM(T10:T12) -> 1532 | U37: =SUM(U10:U12) -> 57 | V37: =SUM(V10:V12) -> 107 | W37: =SUM(W10:W12) -> 0 | X37: =SUM(X10:X12) -> 1 | Y37: =SUM(Y10:Y12) -> 14 | Z37: =SUM(Z10:Z12) -> 3 | ... AF37: =SUM(AF10:AF12) -> 4763
B38: 14.00 - 14.15 | C38: 14 | D38: 4 | E38: 0 | F38: 0 | G38: 0 | H38: 0 | I38: 0 | J38: 0 | K38: 0 | L38: 0 | M38: 23 | N38: 0 | O38: =SUM(C38:L38,N38) -> 18 | P38: =SUM(C38:N38) -> 41 | R38: IP Period | S38: =SUM(S13:S18) -> 693 | T38: =SUM(T13:T18) -> 529 | U38: =SUM(U13:U18) -> 30 | V38: =SUM(V13:V18) -> 33 | W38: =SUM(W13:W18) -> 7 | X38: =SUM(X13:X18) -> 0 | Y38: =SUM(Y13:Y18) -> 7 | Z38: =SUM(Z13:Z18) -> 0 | ... AF38: =SUM(AF13:AF18) -> 2115
B39: 14.15 - 14.30 | C39: 9 | D39: 2 | E39: 1 | F39: 0 | G39: 0 | H39: 0 | I39: 0 | J39: 0 | K39: 0 | L39: 0 | M39: 10 | N39: 0 | O39: =SUM(C39:L39,N39) -> 12 | P39: =SUM(C39:N39) -> 22 | R39: PM Period | S39: =SUM(S19:S21) -> 192 | T39: =SUM(T19:T21) -> 82 | U39: =SUM(U19:U21) -> 13 | V39: =SUM(V19:V21) -> 63 | W39: =SUM(W19:W21) -> 3 | X39: =SUM(X19:X21) -> 0 | Y39: =SUM(Y19:Y21) -> 7 | Z39: =SUM(Z19:Z21) -> 0 | ... AF39: =SUM(AF19:AF21) -> 671
B40: 14.30 - 14.45 | C40: 12 | D40: 3 | E40: 1 | F40: 1 | G40: 0 | H40: 0 | I40: 1 | J40: 0 | K40: 0 | L40: 0 | M40: 8 | N40: 0 | O40: =SUM(C40:L40,N40) -> 18 | P40: =SUM(C40:N40) -> 26 | R40: 12 Hours | S40: =SUM(S10:S21) -> 2346 | T40: =SUM(T10:T21) -> 2143 | U40: =SUM(U10:U21) -> 100 | V40: =SUM(V10:V21) -> 203 | W40: =SUM(W10:W21) -> 10 | X40: =SUM(X10:X21) -> 1 | Y40: =SUM(Y10:Y21) -> 28 | Z40: =SUM(Z10:Z21) -> 3 | ... AF40: =SUM(AF10:AF21) -> 7549
B41: 14.45 - 15.00 | C41: 3 | D41: 1 | E41: 0 | F41: 0 | G41: 0 | H41: 0 | I41: 1 | J41: 0 | K41: 0 | L41: 0 | M41: 9 | N41: 0 | O41: =SUM(C41:L41,N41) -> 5 | P41: =SUM(C41:N41) -> 14 | R41: 24 Hrs/ADT | S41: =SUM(S10:S33) -> 4398 | T41: =SUM(T10:T33) -> 2912 | U41: =SUM(U10:U33) -> 548 | V41: =SUM(V10:V33) -> 694 | W41: =SUM(W10:W33) -> 17 | X41: =SUM(X10:X33) -> 3 | Y41: =SUM(Y10:Y33) -> 109 | Z41: =SUM(Z10:Z33) -> 27 | ... AF41: =SUM(AF10:AF33) -> 14109
B42: 15.00 - 15.15 | C42: 9 | D42: 0 | E42: 0 | F42: 0 | G42: 0 | H42: 0 | I42: 1 | J42: 0 | K42: 0 | L42: 0 | M42: 9 | N42: 0 | O42: =SUM(C42:L42,N42) -> 10 | P42: =SUM(C42:N42) -> 19 | R42: NEF | S42: =S41/S40 -> 1.8746803 | T42: =T41/T40 -> 1.3588427 | U42: =U41/U40 -> 5.48 | V42: =V41/V40 -> 3.4187192 | W42: =W41/W40 -> 1.7 | X42: =X41/X40 -> 3 | Y42: =Y41/Y40 -> 3.8928571 | Z42: =Z41/Z40 -> 9 | ... AF42: =AF41/AF40 -> 1.8689893
B43: 15.15 - 15.30 | C43: 4 | D43: 4 | E43: 0 | F43: 1 | G43: 0 | H43: 0 | I43: 0 | J43: 0 | K43: 0 | L43: 0 | M43: 8 | N43: 0 | O43: =SUM(C43:L43,N43) -> 9 | P43: =SUM(C43:N43) -> 17
B44: 15.30 - 15.45 | C44: 7 | D44: 2 | E44: 0 | F44: 0 | G44: 0 | H44: 0 | I44: 0 | J44: 0 | K44: 0 | L44: 0 | M44: 6 | N44: 0 | O44: =SUM(C44:L44,N44) -> 9 | P44: =SUM(C44:N44) -> 15
B45: 15.45 - 16.00 | C45: 8 | D45: 3 | E45: 0 | F45: 2 | G45: 0 | H45: 0 | I45: 0 | J45: 0 | K45: 0 | L45: 0 | M45: 3 | N45: 0 | O45: =SUM(C45:L45,N45) -> 13 | P45: =SUM(C45:N45) -> 16
B46: 16.00 - 16.15 | C46: 3 | D46: 1 | E46: 1 | F46: 0 | G46: 0 | H46: 0 | I46: 1 | J46: 0 | K46: 0 | L46: 0 | M46: 5 | N46: 0 | O46: =SUM(C46:L46,N46) -> 6 | P46: =SUM(C46:N46) -> 11
B47: 16.15 -16.30 | C47: 8 | D47: 4 | E47: 1 | F47: 1 | G47: 0 | H47: 0 | I47: 0 | J47: 0 | K47: 0 | L47: 0 | M47: 9 | N47: 0 | O47: =SUM(C47:L47,N47) -> 14 | P47: =SUM(C47:N47) -> 23
B48: 16.30 -16.45 | C48: 1 | D48: 0 | E48: 0 | F48: 0 | G48: 0 | H48: 0 | I48: 0 | J48: 0 | K48: 0 | L48: 0 | M48: 4 | N48: 0 | O48: =SUM(C48:L48,N48) -> 1 | P48: =SUM(C48:N48) -> 5
B49: 16.45 -17.00 | C49: 2 | D49: 0 | E49: 0 | F49: 1 | G49: 0 | H49: 0 | I49: 0 | J49: 0 | K49: 0 | L49: 0 | M49: 2 | N49: 0 | O49: =SUM(C49:L49,N49) -> 3 | P49: =SUM(C49:N49) -> 5
B50: 17.00 -17.15 | C50: 2 | D50: 0 | E50: 1 | F50: 2 | G50: 0 | H50: 0 | I50: 0 | J50: 0 | K50: 0 | L50: 0 | M50: 11 | N50: 0 | O50: =SUM(C50:L50,N50) -> 5 | P50: =SUM(C50:N50) -> 16
B51: 17.15 -17.30 | C51: 3 | D51: 2 | E51: 2 | F51: 2 | G51: 0 | H51: 0 | I51: 1 | J51: 0 | K51: 0 | L51: 0 | M51: 7 | N51: 0 | O51: =SUM(C51:L51,N51) -> 10 | P51: =SUM(C51:N51) -> 17
B52: 17.30 -17.45 | C52: 7 | D52: 0 | E52: 1 | F52: 2 | G52: 2 | H52: 0 | I52: 1 | J52: 0 | K52: 0 | L52: 0 | M52: 12 | N52: 0 | O52: =SUM(C52:L52,N52) -> 13 | P52: =SUM(C52:N52) -> 25
B53: 17.45 -18.00 | C53: 9 | D53: 3 | E53: 1 | F53: 3 | G53: 0 | H53: 0 | I53: 0 | J53: 0 | K53: 0 | L53: 0 | M53: 19 | N53: 0 | O53: =SUM(C53:L53,N53) -> 16 | P53: =SUM(C53:N53) -> 35
B54: 18.00 - 18.15 | C54: 26 | D54: 7 | E54: 3 | F54: 6 | G54: 1 | H54: 0 | I54: 1 | J54: 0 | K54: 0 | L54: 0 | M54: 20 | N54: 0 | O54: =SUM(C54:L54,N54) -> 44 | P54: =SUM(C54:N54) -> 64
... B105: 06.45 - 07.00 | C105: 240 | D105: 65 | E105: 1 | F105: 25 | G105: 0 | H105: 0 | I105: 1 | J105: 0 | K105: 1 | L105: 0 | M105: 96 | N105: 0 | O105: =SUM(C105:L105,N105) -> 333 | P105: =SUM(C105:N105) -> 429
B106: Totals | C106: =SUM(C10:C105) -> 4398 | D106: =SUM(D10:D105) -> 2955 | E106: =SUM(E10:E105) -> 546 | F106: =SUM(F10:F105) -> 694 | G106: =SUM(G10:G105) -> 17 | H106: =SUM(H10:H105) -> 3 | I106: =SUM(I10:I105) -> 109 | J106: =SUM(J10:J105) -> 27 | ... P106: =SUM(P10:P105) -> 14109
B107: %ges + MCs | C107: =C106/$P$106 -> 0.31171593 | D107: =D106/$P$106 -> 0.20944078 | E107: =E106/$P$106 -> 0.038698703 | F107: =F106/$P$106 -> 0.049188461 | G107: =G106/$P$106 -> 0.0012049047 | H107: =H106/$P$106 -> 0.00021263024 | I107: =I106/$P$106 -> 0.0077255652 | J107: =J106/$P$106 -> 0.0019136721 | ... N107: =N106/$P$106 -> 0
B108: %ges w/o MCs | C108: =C106/$O$106 -> 0.5023989 | D108: =D106/$O$106 -> 0.33755997 | E108: =E106/$O$106 -> 0.062371487 | F108: =F106/$O$106 -> 0.079278044 | G108: =G106/$O$106 -> 0.0019419694 | H108: =H106/$O$106 -> 0.00034270048 | I108: =I106/$O$106 -> 0.012451451 | J108: =J106/$O$106 -> 0.0030843043 | ... L108: =L106/$O$106 -> 0 | N108: =N106/$O$106 -> 0

Sheet 02.08 Kisasi-Bukoto
B1: Consultancy services for Preparation of Expressway Development Master Plan (EDMP) for Uganda
B2: MANUAL CLASSIFIED COUNT (MCC)
B3: ROAD NAME: | C3: ='29.07 Kisasi-Bukoto'!C3:G3 -> MCC - C1 - STN32 - BUKOTO KISASI ROAD
C5: Date | D5: 02.08.19 | F5: Location | G5: ='31.07 Bukoto-Kisasi'!G5:H5 -> KISASI | J5: Surveyor | K5: ='31.07 Bukoto-Kisasi'!K5:L5 -> RWAMBITITO J./NICHOL A./GEORGE W.
C6: Dir. From | D6: ='29.07 Kisasi-Bukoto'!D6:E6 -> KISASI | F6: Dir. To | G6: ='29.07 Kisasi-Bukoto'!G6:H6 -> BUKOTO | J6: Supervisor | K6: ='31.07 Bukoto-Kisasi'!K6:L6 -> SALIMA L.
B8: Time / Veh Type | R8: SUMMARY TRAFFIC VOLUMES
C9: 1. Car | D9: 2. Station Wagon | E9: 3. Pickups | F9: 4. Minibus, matatu | G9: 5. Medium bus | H9: 6. Large Bus | I9: 7. Light Truck | J9: 8. Medium Truck | K9: 9. Heavy truck | L9: 10. Truck Trailer | M9: 11. Motor cycles | N9: 12. Tractors | O9: Total Excl M/Cycles | P9: Total All | R9: Time | S9: 1. Car | T9: 2. Station Wagon | U9: 3. Pickups | V9: 4. Minibus, matatu | W9: 5. Medium bus | X9: 6. Large Bus | Y9: 7. Light Truck | Z9: 8. Medium Truck | AA9: 9. Heavy truck | AB9: 10. Truck Trailer | AC9: 11. Motorcycles | AD9: 12. Tractors, Graders | AE9: Total Excl M/ Cycles | AF9: Total All
B10: 07.00 - 07.15 | C10: 85 | D10: 53 | E10: 1 | F10: 21 | G10: 0 | H10: 0 | I10: 6 | J10: 1 | K10: 0 | L10: 0 | M10: 123 | N10: 0 | O10: =SUM(C10:L10,N10) -> 167 | P10: =SUM(C10:N10) -> 290 | R10: 0700-0800 | S10: =SUM(C10:C13) -> 361 | T10: =SUM(D10:D13) -> 186 | U10: =SUM(E10:E13) -> 6 | V10: =SUM(F10:F13) -> 65 | W10: =SUM(G10:G13) -> 0 | X10: =SUM(H10:H13) -> 0 | Y10: =SUM(I10:I13) -> 15 | Z10: =SUM(J10:J13) -> 3 | ... AF10: =SUM(P10:P13) -> 1072
B11: 07.15 - 07.30 | C11: 95 | D11: 47 | E11: 3 | F11: 19 | G11: 0 | H11: 0 | I11: 3 | J11: 0 | K11: 0 | L11: 0 | M11: 110 | N11: 0 | O11: =SUM(C11:L11,N11) -> 167 | P11: =SUM(C11:N11) -> 277 | R11: 0800-0900 | S11: =SUM(C14:C17) -> 266 | T11: =SUM(D14:D17) -> 171 | U11: =SUM(E14:E17) -> 6 | V11: =SUM(F14:F17) -> 39 | W11: =SUM(G14:G17) -> 0 | X11: =SUM(H14:H17) -> 0 | Y11: =SUM(I14:I17) -> 11 | Z11: =SUM(J14:J17) -> 3 | ... AF11: =SUM(P14:P17) -> 908
B12: 07.30 - 07.45 | C12: 110 | D12: 44 | E12: 1 | F12: 12 | G12: 0 | H12: 0 | I12: 4 | J12: 0 | K12: 0 | L12: 0 | M12: 100 | N12: 0 | O12: =SUM(C12:L12,N12) -> 171 | P12: =SUM(C12:N12) -> 271 | R12: 0900-1000 | S12: =SUM(C18:C21) -> 213 | T12: =SUM(D18:D21) -> 128 | U12: =SUM(E18:E21) -> 4 | V12: =SUM(F18:F21) -> 52 | W12: =SUM(G18:G21) -> 1 | X12: =SUM(H18:H21) -> 0 | Y12: =SUM(I18:I21) -> 9 | Z12: =SUM(J18:J21) -> 1 | ... AF12: =SUM(P18:P21) -> 760
B13: 07.45 - 08.00 | C13: 71 | D13: 42 | E13: 1 | F13: 13 | G13: 0 | H13: 0 | I13: 2 | J13: 2 | K13: 0 | L13: 0 | M13: 103 | N13: 0 | O13: =SUM(C13:L13,N13) -> 131 | P13: =SUM(C13:N13) -> 234 | R13: 1000-1100 | S13: =SUM(C22:C25) -> 162 | T13: =SUM(D22:D25) -> 98 | U13: =SUM(E22:E25) -> 3 | V13: =SUM(F22:F25) -> 42 | W13: =SUM(G22:G25) -> 0 | X13: =SUM(H22:H25) -> 0 | Y13: =SUM(I22:I25) -> 11 | Z13: =SUM(J22:J25) -> 2 | ... AF13: =SUM(P22:P25) -> 683
B14: 08.00 - 08.15 | C14: 65 | D14: 44 | E14: 1 | F14: 13 | G14: 0 | H14: 0 | I14: 3 | J14: 0 | K14: 0 | L14: 0 | M14: 113 | N14: 0 | O14: =SUM(C14:L14,N14) -> 126 | P14: =SUM(C14:N14) -> 239 | R14: 1100-1200 | S14: =SUM(C26:C29) -> 198 | T14: =SUM(D26:D29) -> 108 | U14: =SUM(E26:E29) -> 4 | V14: =SUM(F26:F29) -> 37 | W14: =SUM(G26:G29) -> 0 | X14: =SUM(H26:H29) -> 0 | Y14: =SUM(I26:I29) -> 9 | Z14: =SUM(J26:J29) -> 0 | ... AF14: =SUM(P26:P29) -> 682
B15: 08.15 - 08.30 | C15: 79 | D15: 43 | E15: 1 | F15: 9 | G15: 0 | H15: 0 | I15: 3 | J15: 1 | K15: 0 | L15: 0 | M15: 70 | N15: 0 | O15: =SUM(C15:L15,N15) -> 136 | P15: =SUM(C15:N15) -> 206 | R15: 1200-1300 | S15: =SUM(C30:C33) -> 207 | T15: =SUM(D30:D33) -> 92 | U15: =SUM(E30:E33) -> 6 | V15: =SUM(F30:F33) -> 36 | W15: =SUM(G30:G33) -> 1 | X15: =SUM(H30:H33) -> 0 | Y15: =SUM(I30:I33) -> 8 | Z15: =SUM(J30:J33) -> 1 | ... AF15: =SUM(P30:P33) -> 644
B16: 08.30 - 08.45 | C16: 60 | D16: 30 | E16: 3 | F16: 10 | G16: 0 | H16: 0 | I16: 2 | J16: 2 | K16: 0 | L16: 0 | M16: 107 | N16: 0 | O16: =SUM(C16:L16,N16) -> 107 | P16: =SUM(C16:N16) -> 214 | R16: 1300-1400 | S16: =SUM(C34:C37) -> 138 | T16: =SUM(D34:D37) -> 81 | U16: =SUM(E34:E37) -> 5 | V16: =SUM(F34:F37) -> 34 | W16: =SUM(G34:G37) -> 0 | X16: =SUM(H34:H37) -> 0 | Y16: =SUM(I34:I37) -> 10 | Z16: =SUM(J34:J37) -> 0 | ... AF16: =SUM(P34:P37) -> 558
B17: 08.45 - 9.00 | C17: 62 | D17: 54 | E17: 1 | F17: 7 | G17: 0 | H17: 0 | I17: 3 | J17: 0 | K17: 0 | L17: 0 | M17: 122 | N17: 0 | O17: =SUM(C17:L17,N17) -> 127 | P17: =SUM(C17:N17) -> 249 | R17: 1400-1500 | S17: =SUM(C38:C41) -> 152 | T17: =SUM(D38:D41) -> 79 | U17: =SUM(E38:E41) -> 6 | V17: =SUM(F38:F41) -> 35 | W17: =SUM(G38:G41) -> 0 | X17: =SUM(H38:H41) -> 0 | Y17: =SUM(I38:I41) -> 10 | Z17: =SUM(J38:J41) -> 0 | ... AF17: =SUM(P38:P41) -> 540
B18: 09.00 - 09.15 | C18: 45 | D18: 30 | E18: 1 | F18: 20 | G18: 0 | H18: 0 | I18: 2 | J18: 1 | K18: 0 | L18: 0 | M18: 108 | N18: 0 | O18: =SUM(C18:L18,N18) -> 99 | P18: =SUM(C18:N18) -> 207 | R18: 1500-1600 | S18: =SUM(C42:C45) -> 143 | T18: =SUM(D42:D45) -> 92 | U18: =SUM(E42:E45) -> 4 | V18: =SUM(F42:F45) -> 47 | W18: =SUM(G42:G45) -> 0 | X18: =SUM(H42:H45) -> 0 | Y18: =SUM(I42:I45) -> 6 | Z18: =SUM(J42:J45) -> 0 | ... AF18: =SUM(P42:P45) -> 553
B19: 09.15 - 09.30 | C19: 60 | D19: 35 | E19: 0 | F19: 7 | G19: 1 | H19: 0 | I19: 2 | J19: 0 | K19: 0 | L19: 0 | M19: 80 | N19: 0 | O19: =SUM(C19:L19,N19) -> 105 | P19: =SUM(C19:N19) -> 185 | R19: 1600-1700 | S19: =SUM(C46:C49) -> 166 | T19: =SUM(D46:D49) -> 110 | U19: =SUM(E46:E49) -> 6 | V19: =SUM(F46:F49) -> 28 | W19: =SUM(G46:G49) -> 0 | X19: =SUM(H46:H49) -> 0 | Y19: =SUM(I46:I49) -> 12 | Z19: =SUM(J46:J49) -> 1 | ... AF19: =SUM(P46:P49) -> 613
B20: 09.30 - 09.45 | C20: 60 | D20: 30 | E20: 1 | F20: 16 | G20: 0 | H20: 0 | I20: 3 | J20: 0 | K20: 1 | L20: 0 | M20: 86 | N20: 0 | O20: =SUM(C20:L20,N20) -> 111 | P20: =SUM(C20:N20) -> 197 | R20: 1700-1800 | S20: =SUM(C50:C53) -> 159 | T20: =SUM(D50:D53) -> 94 | U20: =SUM(E50:E53) -> 4 | V20: =SUM(F50:F53) -> 41 | W20: =SUM(G50:G53) -> 0 | X20: =SUM(H50:H53) -> 0 | Y20: =SUM(I50:I53) -> 6 | Z20: =SUM(J50:J53) -> 0 | ... AF20: =SUM(P50:P53) -> 667
B21: 09.45 - 10.00 | C21: 48 | D21: 33 | E21: 2 | F21: 9 | G21: 0 | H21: 0 | I21: 2 | J21: 0 | K21: 0 | L21: 0 | M21: 77 | N21: 0 | O21: =SUM(C21:L21,N21) -> 94 | P21: =SUM(C21:N21) -> 171 | R21: 1800-1900 | S21: =SUM(C54:C57) -> 136 | T21: =SUM(D54:D57) -> 70 | U21: =SUM(E54:E57) -> 8 | V21: =SUM(F54:F57) -> 39 | W21: =SUM(G54:G57) -> 4 | X21: =SUM(H54:H57) -> 0 | Y21: =SUM(I54:I57) -> 14 | Z21: =SUM(J54:J57) -> 2 | ... AF21: =SUM(P54:P57) -> 660
B22: 10.00 - 10.15 | C22: 52 | D22: 26 | E22: 1 | F22: 15 | G22: 0 | H22: 0 | I22: 2 | J22: 1 | K22: 1 | L22: 0 | M22: 86 | N22: 0 | O22: =SUM(C22:L22,N22) -> 98 | P22: =SUM(C22:N22) -> 184 | R22: AM Peak Hr | S22: =MAX(S10:S12) -> 361 | T22: =MAX(T10:T12) -> 186 | U22: =MAX(U10:U12) -> 6 | V22: =MAX(V10:V12) -> 65 | W22: =MAX(W10:W12) -> 1 | X22: =MAX(X10:X12) -> 0 | Y22: =MAX(Y10:Y12) -> 15 | Z22: =MAX(Z10:Z12) -> 3 | ... AF22: =MAX(AF10:AF12) -> 1072
B23: 10.15 - 10.30 | C23: 60 | D23: 36 | E23: 0 | F23: 12 | G23: 0 | H23: 0 | I23: 5 | J23: 0 | K23: 0 | L23: 0 | M23: 93 | N23: 0 | O23: =SUM(C23:L23,N23) -> 113 | P23: =SUM(C23:N23) -> 206 | R23: IP Peak Hr | S23: =MAX(S13:S18) -> 207 | T23: =MAX(T13:T18) -> 108 | U23: =MAX(U13:U18) -> 6 | V23: =MAX(V13:V18) -> 47 | W23: =MAX(W13:W18) -> 1 | X23: =MAX(X13:X18) -> 0 | Y23: =MAX(Y13:Y18) -> 11 | Z23: =MAX(Z13:Z18) -> 2 | ... AF23: =MAX(AF13:AF18) -> 683
B24: 10.30 - 10.45 | C24: 24 | D24: 22 | E24: 0 | F24: 4 | G24: 0 | H24: 0 | I24: 3 | J24: 1 | K24: 0 | L24: 0 | M24: 97 | N24: 0 | O24: =SUM(C24:L24,N24) -> 54 | P24: =SUM(C24:N24) -> 151 | R24: PM Peak Hr | S24: =MAX(S19:S21) -> 166 | T24: =MAX(T19:T21) -> 110 | U24: =MAX(U19:U21) -> 8 | V24: =MAX(V19:V21) -> 41 | W24: =MAX(W19:W21) -> 4 | X24: =MAX(X19:X21) -> 0 | Y24: =MAX(Y19:Y21) -> 14 | Z24: =MAX(Z19:Z21) -> 2 | ... AF24: =MAX(AF19:AF21) -> 667
B25: 10.45 - 11.00 | C25: 26 | D25: 14 | E25: 2 | F25: 11 | G25: 0 | H25: 0 | I25: 1 | J25: 0 | K25: 3 | L25: 0 | M25: 85 | N25: 0 | O25: =SUM(C25:L25,N25) -> 57 | P25: =SUM(C25:N25) -> 142 | R25: AM Period | S25: =SUM(S10:S12) -> 840 | T25: =SUM(T10:T12) -> 485 | U25: =SUM(U10:U12) -> 16 | V25: =SUM(V10:V12) -> 156 | W25: =SUM(W10:W12) -> 1 | X25: =SUM(X10:X12) -> 0 | Y25: =SUM(Y10:Y12) -> 35 | Z25: =SUM(Z10:Z12) -> 7 | ... AF25: =SUM(AF10:AF12) -> 2740
B26: 11.00 - 11.15 | C26: 65 | D26: 30 | E26: 1 | F26: 6 | G26: 0 | H26: 0 | I26: 2 | J26: 0 | K26: 2 | L26: 0 | M26: 70 | N26: 0 | O26: =SUM(C26:L26,N26) -> 106 | P26: =SUM(C26:N26) -> 176 | R26: IP Period | S26: =SUM(S13:S18) -> 1000 | T26: =SUM(T13:T18) -> 550 | U26: =SUM(U13:U18) -> 28 | V26: =SUM(V13:V18) -> 231 | W26: =SUM(W13:W18) -> 1 | X26: =SUM(X13:X18) -> 0 | Y26: =SUM(Y13:Y18) -> 54 | Z26: =SUM(Z13:Z18) -> 3 | ... AF26: =SUM(AF13:AF18) -> 3660
B27: 11.15 - 11.30 | C27: 59 | D27: 29 | E27: 1 | F27: 11 | G27: 0 | H27: 0 | I27: 1 | J27: 0 | K27: 0 | L27: 0 | M27: 85 | N27: 0 | O27: =SUM(C27:L27,N27) -> 101 | P27: =SUM(C27:N27) -> 186 | R27: PM Period | S27: =SUM(S19:S21) -> 461 | T27: =SUM(T19:T21) -> 274 | U27: =SUM(U19:U21) -> 18 | V27: =SUM(V19:V21) -> 108 | W27: =SUM(W19:W21) -> 4 | X27: =SUM(X19:X21) -> 0 | Y27: =SUM(Y19:Y21) -> 32 | Z27: =SUM(Z19:Z21) -> 3 | ... AF27: =SUM(AF19:AF21) -> 1940
B28: 11.30 - 11.45 | C28: 33 | D28: 30 | E28: 1 | F28: 9 | G28: 0 | H28: 0 | I28: 2 | J28: 0 | K28: 0 | L28: 0 | M28: 93 | N28: 0 | O28: =SUM(C28:L28,N28) -> 75 | P28: =SUM(C28:N28) -> 168 | R28: 12 Hours | S28: =SUM(S10:S21) -> 2301 | T28: =SUM(T10:T21) -> 1309 | U28: =SUM(U10:U21) -> 62 | V28: =SUM(V10:V21) -> 495 | W28: =SUM(W10:W21) -> 6 | X28: =SUM(X10:X21) -> 0 | Y28: =SUM(Y10:Y21) -> 121 | Z28: =SUM(Z10:Z21) -> 13 | ... AF28: =SUM(AF10:AF21) -> 8340
B29: 11.45 - 12.00 | C29: 41 | D29: 19 | E29: 1 | F29: 11 | G29: 0 | H29: 0 | I29: 4 | J29: 0 | K29: 1 | L29: 0 | M29: 75 | N29: 0 | O29: =SUM(C29:L29,N29) -> 77 | P29: =SUM(C29:N29) -> 152
B30: 12.00 - 12.15 | C30: 43 | D30: 16 | E30: 1 | F30: 13 | G30: 0 | H30: 0 | I30: 2 | J30: 1 | K30: 0 | L30: 0 | M30: 90 | N30: 0 | O30: =SUM(C30:L30,N30) -> 76 | P30: =SUM(C30:N30) -> 166
B31: 12.15 - 12.30 | C31: 64 | D31: 27 | E31: 1 | F31: 13 | G31: 0 | H31: 0 | I31: 2 | J31: 0 | K31: 1 | L31: 0 | M31: 64 | N31: 0 | O31: =SUM(C31:L31,N31) -> 108 | P31: =SUM(C31:N31) -> 172
B32: 12.30 - 12.45 | C32: 43 | D32: 26 | E32: 1 | F32: 7 | G32: 1 | H32: 0 | I32: 0 | J32: 0 | K32: 0 | L32: 0 | M32: 60 | N32: 0 | O32: =SUM(C32:L32,N32) -> 78 | P32: =SUM(C32:N32) -> 138
B33: 12.45 - 13.00 | C33: 57 | D33: 23 | E33: 3 | F33: 3 | G33: 0 | H33: 0 | I33: 4 | J33: 0 | K33: 1 | L33: 0 | M33: 77 | N33: 0 | O33: =SUM(C33:L33,N33) -> 91 | P33: =SUM(C33:N33) -> 168
B34: 13.00 - 13.15 | C34: 40 | D34: 15 | E34: 1 | F34: 9 | G34: 0 | H34: 0 | I34: 2 | J34: 0 | K34: 1 | L34: 0 | M34: 74 | N34: 0 | O34: =SUM(C34:L34,N34) -> 68 | P34: =SUM(C34:N34) -> 142
B35: 13.15 - 13.30 | C35: 40 | D35: 22 | E35: 2 | F35: 8 | G35: 0 | H35: 0 | I35: 2 | J35: 0 | K35: 1 | L35: 0 | M35: 92 | N35: 0 | O35: =SUM(C35:L35,N35) -> 75 | P35: =SUM(C35:N35) -> 167
B36: 13.30 - 13.45 | C36: 33 | D36: 27 | E36: 1 | F36: 12 | G36: 0 | H36: 0 | I36: 3 | J36: 0 | K36: 1 | L36: 0 | M36: 57 | N36: 0 | O36: =SUM(C36:L36,N36) -> 77 | P36: =SUM(C36:N36) -> 134
B37: 13.45 - 14.00 | C37: 25 | D37: 17 | E37: 1 | F37: 5 | G37: 0 | H37: 0 | I37: 3 | J37: 0 | K37: 1 | L37: 0 | M37: 63 | N37: 0 | O37: =SUM(C37:L37,N37) -> 52 | P37: =SUM(C37:N37) -> 115
B38: 14.00 - 14.15 | C38: 24 | D38: 16 | E38: 1 | F38: 10 | G38: 0 | H38: 0 | I38: 3 | J38: 0 | K38: 0 | L38: 0 | M38: 72 | N38: 0 | O38: =SUM(C38:L38,N38) -> 54 | P38: =SUM(C38:N38) -> 126
B39: 14.15 - 14.30 | C39: 39 | D39: 22 | E39: 1 | F39: 9 | G39: 0 | H39: 0 | I39: 2 | J39: 0 | K39: 2 | L39: 0 | M39: 52 | N39: 0 | O39: =SUM(C39:L39,N39) -> 75 | P39: =SUM(C39:N39) -> 127
B40: 14.30 - 14.45 | C40: 42 | D40: 21 | E40: 2 | F40: 7 | G40: 0 | H40: 0 | I40: 2 | J40: 0 | K40: 2 | L40: 0 | M40: 65 | N40: 0 | O40: =SUM(C40:L40,N40) -> 76 | P40: =SUM(C40:N40) -> 141
... B57: 18.45 - 19.00 | C57: 27 | D57: 15 | E57: 2 | F57: 8 | G57: 1 | H57: 0 | I57: 4 | J57: 0 | K57: 0 | L57: 0 | M57: 73 | N57: 0 | O57: =SUM(C57:L57,N57) -> 57 | P57: =SUM(C57:N57) -> 130
B58: Totals | C58: =SUM(C10:C57) -> 2301 | D58: =SUM(D10:D57) -> 1309 | E58: =SUM(E10:E57) -> 62 | F58: =SUM(F10:F57) -> 495 | G58: =SUM(G10:G57) -> 6 | H58: =SUM(H10:H57) -> 0 | I58: =SUM(I10:I57) -> 121 | J58: =SUM(J10:J57) -> 13 | ... P58: =SUM(P10:P57) -> 8340
B59: %ges + MCs | C59: =C58/$P$58 -> 0.27589928 | D59: =D58/$P$58 -> 0.15695444 | E59: =E58/$P$58 -> 0.0074340528 | F59: =F58/$P$58 -> 0.059352518 | G59: =G58/$P$58 -> 0.00071942446 | H59: =H58/$P$58 -> 0 | I59: =I58/$P$58 -> 0.014508393 | J59: =J58/$P$58 -> 0.001558753 | ... N59: =N58/$P$58 -> 0
B60: %ges w/o MCs | C60: =C58/$O$58 -> 0.53091832 | D60: =D58/$O$58 -> 0.30203046 | E60: =E58/$O$58 -> 0.014305491 | F60: =F58/$O$58 -> 0.1142132 | G60: =G58/$O$58 -> 0.0013844024 | H60: =H58/$O$58 -> 0 | I60: =I58/$O$58 -> 0.027918782 | J60: =J58/$O$58 -> 0.0029995385 | ... L60: =L58/$O$58 -> 0 | N60: =N58/$O$58 -> 0

Sheet 02.08 Bukoto-Kisasi
B1: Consultancy services for Preparation of Expressway Development Master Plan (EDMP) for Uganda
B2: MANUAL CLASSIFIED COUNT (MCC)
B3: ROAD NAME: | C3: ='29.07 Bukoto-Kisasi'!C3:G3 -> MCC - C1 - STN32 - BUKOTO KISASI ROAD
C5: Date | D5: ='02.08 Kisasi-Bukoto'!D5 -> 02.08.19 | F5: Location | G5: ='02.08 Kisasi-Bukoto'!G5:H5 -> KISASI | J5: Surveyor | K5: ='02.08 Kisasi-Bukoto'!K5:L5 -> RWAMBITITO J./NICHOL A./GEORGE W.
C6: Dir. From | D6: ='29.07 Bukoto-Kisasi'!D6:E6 -> BUKOTO | F6: Dir. To | G6: ='29.07 Bukoto-Kisasi'!G6:H6 -> KISASI | J6: Supervisor | K6: ='02.08 Kisasi-Bukoto'!K6:L6 -> SALIMA L.
B8: Time / Veh Type | R8: SUMMARY TRAFFIC VOLUMES
C9: 1. Car | D9: 2. Station Wagon | E9: 3. Pickups | F9: 4. Minibus, matatu | G9: 5. Medium bus | H9: 6. Large Bus | I9: 7. Light Truck | J9: 8. Medium Truck | K9: 9. Heavy truck | L9: 10. Truck Trailer | M9: 11. Motor cycles | N9: 12. Tractors | O9: Total Excl M/Cycles | P9: Total All | R9: Time | S9: 1. Car | T9: 2. Station Wagon | U9: 3. Pickups | V9: 4. Minibus, matatu | W9: 5. Medium bus | X9: 6. Large Bus | Y9: 7. Light Truck | Z9: 8. Medium Truck | AA9: 9. Heavy truck | AB9: 10. Truck Trailer | AC9: 11. Motorcycles | AD9: 12. Tractors, Graders | AE9: Total Excl M/ Cycles | AF9: Total All
B10: 07.00 - 07.15 | C10: 17 | D10: 11 | E10: 8 | F10: 6 | G10: 0 | H10: 0 | I10: 0 | J10: 0 | K10: 0 | L10: 0 | M10: 42 | N10: 0 | O10: =SUM(C10:L10,N10) -> 42 | P10: =SUM(C10:N10) -> 84 | R10: 0700-0800 | S10: =SUM(C10:C13) -> 82 | T10: =SUM(D10:D13) -> 47 | U10: =SUM(E10:E13) -> 28 | V10: =SUM(F10:F13) -> 39 | W10: =SUM(G10:G13) -> 0 | X10: =SUM(H10:H13) -> 0 | Y10: =SUM(I10:I13) -> 2 | Z10: =SUM(J10:J13) -> 0 | ... AF10: =SUM(P10:P13) -> 375
B11: 07.15 - 07.30 | C11: 14 | D11: 9 | E11: 5 | F11: 9 | G11: 0 | H11: 0 | I11: 0 | J11: 0 | K11: 0 | L11: 0 | M11: 39 | N11: 0 | O11: =SUM(C11:L11,N11) -> 37 | P11: =SUM(C11:N11) -> 76 | R11: 0800-0900 | S11: =SUM(C14:C17) -> 113 | T11: =SUM(D14:D17) -> 95 | U11: =SUM(E14:E17) -> 37 | V11: =SUM(F14:F17) -> 71 | W11: =SUM(G14:G17) -> 1 | X11: =SUM(H14:H17) -> 0 | Y11: =SUM(I14:I17) -> 10 | Z11: =SUM(J14:J17) -> 2 | ... AF11: =SUM(P14:P17) -> 561
B12: 07.30 - 07.45 | C12: 23 | D12: 14 | E12: 9 | F12: 11 | G12: 0 | H12: 0 | I12: 0 | J12: 0 | K12: 0 | L12: 0 | M12: 47 | N12: 0 | O12: =SUM(C12:L12,N12) -> 57 | P12: =SUM(C12:N12) -> 104 | R12: 0900-1000 | S12: =SUM(C18:C21) -> 159 | T12: =SUM(D18:D21) -> 74 | U12: =SUM(E18:E21) -> 36 | V12: =SUM(F18:F21) -> 70 | W12: =SUM(G18:G21) -> 0 | X12: =SUM(H18:H21) -> 0 | Y12: =SUM(I18:I21) -> 10 | Z12: =SUM(J18:J21) -> 8 | ... AF12: =SUM(P18:P21) -> 597
B13: 07.45 - 08.00 | C13: 28 | D13: 13 | E13: 6 | F13: 13 | G13: 0 | H13: 0 | I13: 2 | J13: 0 | K13: 0 | L13: 0 | M13: 49 | N13: 0 | O13: =SUM(C13:L13,N13) -> 62 | P13: =SUM(C13:N13) -> 111 | R13: 1000-1100 | S13: =SUM(C22:C25) -> 128 | T13: =SUM(D22:D25) -> 58 | U13: =SUM(E22:E25) -> 41 | V13: =SUM(F22:F25) -> 41 | W13: =SUM(G22:G25) -> 0 | X13: =SUM(H22:H25) -> 0 | Y13: =SUM(I22:I25) -> 10 | Z13: =SUM(J22:J25) -> 1 | ... AF13: =SUM(P22:P25) -> 556
B14: 08.00 - 08.15 | C14: 33 | D14: 26 | E14: 9 | F14: 17 | G14: 0 | H14: 0 | I14: 2 | J14: 0 | K14: 3 | L14: 0 | M14: 49 | N14: 0 | O14: =SUM(C14:L14,N14) -> 90 | P14: =SUM(C14:N14) -> 139 | R14: 1100-1200 | S14: =SUM(C26:C29) -> 152 | T14: =SUM(D26:D29) -> 80 | U14: =SUM(E26:E29) -> 42 | V14: =SUM(F26:F29) -> 49 | W14: =SUM(G26:G29) -> 0 | X14: =SUM(H26:H29) -> 0 | Y14: =SUM(I26:I29) -> 3 | Z14: =SUM(J26:J29) -> 2 | ... AF14: =SUM(P26:P29) -> 645
B15: 08.15 - 08.30 | C15: 28 | D15: 30 | E15: 12 | F15: 15 | G15: 0 | H15: 0 | I15: 3 | J15: 1 | K15: 2 | L15: 0 | M15: 51 | N15: 0 | O15: =SUM(C15:L15,N15) -> 91 | P15: =SUM(C15:N15) -> 142 | R15: 1200-1300 | S15: =SUM(C30:C33) -> 173 | T15: =SUM(D30:D33) -> 98 | U15: =SUM(E30:E33) -> 48 | V15: =SUM(F30:F33) -> 57 | W15: =SUM(G30:G33) -> 0 | X15: =SUM(H30:H33) -> 0 | Y15: =SUM(I30:I33) -> 11 | Z15: =SUM(J30:J33) -> 0 | ... AF15: =SUM(P30:P33) -> 709
B16: 08.30 - 08.45 | C16: 24 | D16: 22 | E16: 9 | F16: 21 | G16: 0 | H16: 0 | I16: 5 | J16: 0 | K16: 0 | L16: 0 | M16: 71 | N16: 0 | O16: =SUM(C16:L16,N16) -> 81 | P16: =SUM(C16:N16) -> 152 | R16: 1300-1400 | S16: =SUM(C34:C37) -> 187 | T16: =SUM(D34:D37) -> 92 | U16: =SUM(E34:E37) -> 33 | V16: =SUM(F34:F37) -> 47 | W16: =SUM(G34:G37) -> 0 | X16: =SUM(H34:H37) -> 0 | Y16: =SUM(I34:I37) -> 16 | Z16: =SUM(J34:J37) -> 0 | ... AF16: =SUM(P34:P37) -> 702
B17: 08.45 - 9.00 | C17: 28 | D17: 17 | E17: 7 | F17: 18 | G17: 1 | H17: 0 | I17: 0 | J17: 1 | K17: 0 | L17: 0 | M17: 56 | N17: 0 | O17: =SUM(C17:L17,N17) -> 72 | P17: =SUM(C17:N17) -> 128 | R17: 1400-1500 | S17: =SUM(C38:C41) -> 234 | T17: =SUM(D38:D41) -> 89 | U17: =SUM(E38:E41) -> 39 | V17: =SUM(F38:F41) -> 59 | W17: =SUM(G38:G41) -> 0 | X17: =SUM(H38:H41) -> 3 | Y17: =SUM(I38:I41) -> 3 | Z17: =SUM(J38:J41) -> 1 | ... AF17: =SUM(P38:P41) -> 733
B18: 09.00 - 09.15 | C18: 38 | D18: 17 | E18: 7 | F18: 13 | G18: 0 | H18: 0 | I18: 4 | J18: 3 | K18: 1 | L18: 0 | M18: 54 | N18: 0 | O18: =SUM(C18:L18,N18) -> 83 | P18: =SUM(C18:N18) -> 137 | R18: 1500-1600 | S18: =SUM(C42:C45) -> 260 | T18: =SUM(D42:D45) -> 80 | U18: =SUM(E42:E45) -> 51 | V18: =SUM(F42:F45) -> 49 | W18: =SUM(G42:G45) -> 0 | X18: =SUM(H42:H45) -> 0 | Y18: =SUM(I42:I45) -> 10 | Z18: =SUM(J42:J45) -> 1 | ... AF18: =SUM(P42:P45) -> 771
B19: 09.15 - 09.30 | C19: 41 | D19: 22 | E19: 11 | F19: 26 | G19: 0 | H19: 0 | I19: 5 | J19: 2 | K19: 1 | L19: 0 | M19: 67 | N19: 0 | O19: =SUM(C19:L19,N19) -> 108 | P19: =SUM(C19:N19) -> 175 | R19: 1600-1700 | S19: =SUM(C46:C49) -> 228 | T19: =SUM(D46:D49) -> 92 | U19: =SUM(E46:E49) -> 52 | V19: =SUM(F46:F49) -> 46 | W19: =SUM(G46:G49) -> 3 | X19: =SUM(H46:H49) -> 0 | Y19: =SUM(I46:I49) -> 8 | Z19: =SUM(J46:J49) -> 0 | ... AF19: =SUM(P46:P49) -> 745
B20: 09.30 - 09.45 | C20: 38 | D20: 19 | E20: 10 | F20: 17 | G20: 0 | H20: 0 | I20: 1 | J20: 1 | K20: 1 | L20: 0 | M20: 62 | N20: 0 | O20: =SUM(C20:L20,N20) -> 87 | P20: =SUM(C20:N20) -> 149 | R20: 1700-1800 | S20: =SUM(C50:C53) -> 406 | T20: =SUM(D50:D53) -> 149 | U20: =SUM(E50:E53) -> 79 | V20: =SUM(F50:F53) -> 86 | W20: =SUM(G50:G53) -> 1 | X20: =SUM(H50:H53) -> 0 | Y20: =SUM(I50:I53) -> 6 | Z20: =SUM(J50:J53) -> 0 | ... AF20: =SUM(P50:P53) -> 1154
B21: 09.45 - 10.00 | C21: 42 | D21: 16 | E21: 8 | F21: 14 | G21: 0 | H21: 0 | I21: 0 | J21: 2 | K21: 0 | L21: 0 | M21: 54 | N21: 0 | O21: =SUM(C21:L21,N21) -> 82 | P21: =SUM(C21:N21) -> 136 | R21: 1800-1900 | S21: =SUM(C54:C57) -> 405 | T21: =SUM(D54:D57) -> 141 | U21: =SUM(E54:E57) -> 67 | V21: =SUM(F54:F57) -> 90 | W21: =SUM(G54:G57) -> 1 | X21: =SUM(H54:H57) -> 0 | Y21: =SUM(I54:I57) -> 15 | Z21: =SUM(J54:J57) -> 0 | ... AF21: =SUM(P54:P57) -> 1124
B22: 10.00 - 10.15 | C22: 33 | D22: 19 | E22: 8 | F22: 13 | G22: 0 | H22: 0 | I22: 0 | J22: 1 | K22: 0 | L22: 0 | M22: 63 | N22: 0 | O22: =SUM(C22:L22,N22) -> 74 | P22: =SUM(C22:N22) -> 137 | R22: AM Peak Hr | S22: =MAX(S10:S12) -> 159 | T22: =MAX(T10:T12) -> 95 | U22: =MAX(U10:U12) -> 37 | V22: =MAX(V10:V12) -> 71 | W22: =MAX(W10:W12) -> 1 | X22: =MAX(X10:X12) -> 0 | Y22: =MAX(Y10:Y12) -> 10 | Z22: =MAX(Z10:Z12) -> 8 | ... AF22: =MAX(AF10:AF12) -> 597
B23: 10.15 - 10.30 | C23: 27 | D23: 13 | E23: 6 | F23: 9 | G23: 0 | H23: 0 | I23: 5 | J23: 0 | K23: 2 | L23: 0 | M23: 60 | N23: 0 | O23: =SUM(C23:L23,N23) -> 62 | P23: =SUM(C23:N23) -> 122 | R23: IP Peak Hr | S23: =MAX(S13:S18) -> 260 | T23: =MAX(T13:T18) -> 98 | U23: =MAX(U13:U18) -> 51 | V23: =MAX(V13:V18) -> 59 | W23: =MAX(W13:W18) -> 0 | X23: =MAX(X13:X18) -> 3 | Y23: =MAX(Y13:Y18) -> 16 | Z23: =MAX(Z13:Z18) -> 2 | ... AF23: =MAX(AF13:AF18) -> 771
B24: 10.30 - 10.45 | C24: 31 | D24: 9 | E24: 12 | F24: 11 | G24: 0 | H24: 0 | I24: 3 | J24: 0 | K24: 1 | L24: 0 | M24: 73 | N24: 0 | O24: =SUM(C24:L24,N24) -> 67 | P24: =SUM(C24:N24) -> 140 | R24: PM Peak Hr | S24: =MAX(S19:S21) -> 406 | T24: =MAX(T19:T21) -> 149 | U24: =MAX(U19:U21) -> 79 | V24: =MAX(V19:V21) -> 90 | W24: =MAX(W19:W21) -> 3 | X24: =MAX(X19:X21) -> 0 | Y24: =MAX(Y19:Y21) -> 15 | Z24: =MAX(Z19:Z21) -> 0 | ... AF24: =MAX(AF19:AF21) -> 1154
B25: 10.45 - 11.00 | C25: 37 | D25: 17 | E25: 15 | F25: 8 | G25: 0 | H25: 0 | I25: 2 | J25: 0 | K25: 0 | L25: 0 | M25: 78 | N25: 0 | O25: =SUM(C25:L25,N25) -> 79 | P25: =SUM(C25:N25) -> 157 | R25: AM Period | S25: =SUM(S10:S12) -> 354 | T25: =SUM(T10:T12) -> 216 | U25: =SUM(U10:U12) -> 101 | V25: =SUM(V10:V12) -> 180 | W25: =SUM(W10:W12) -> 1 | X25: =SUM(X10:X12) -> 0 | Y25: =SUM(Y10:Y12) -> 22 | Z25: =SUM(Z10:Z12) -> 10 | ... AF25: =SUM(AF10:AF12) -> 1533
B26: 11.00 - 11.15 | C26: 27 | D26: 16 | E26: 8 | F26: 7 | G26: 0 | H26: 0 | I26: 1 | J26: 0 | K26: 2 | L26: 0 | M26: 74 | N26: 0 | O26: =SUM(C26:L26,N26) -> 61 | P26: =SUM(C26:N26) -> 135 | R26: IP Period | S26: =SUM(S13:S18) -> 1134 | T26: =SUM(T13:T18) -> 497 | U26: =SUM(U13:U18) -> 254 | V26: =SUM(V13:V18) -> 302 | W26: =SUM(W13:W18) -> 0 | X26: =SUM(X13:X18) -> 3 | Y26: =SUM(Y13:Y18) -> 53 | Z26: =SUM(Z13:Z18) -> 5 | ... AF26: =SUM(AF13:AF18) -> 4116
B27: 11.15 - 11.30 | C27: 36 | D27: 22 | E27: 7 | F27: 18 | G27: 0 | H27: 0 | I27: 2 | J27: 1 | K27: 0 | L27: 0 | M27: 79 | N27: 0 | O27: =SUM(C27:L27,N27) -> 86 | P27: =SUM(C27:N27) -> 165 | R27: PM Period | S27: =SUM(S19:S21) -> 1039 | T27: =SUM(T19:T21) -> 382 | U27: =SUM(U19:U21) -> 198 | V27: =SUM(V19:V21) -> 222 | W27: =SUM(W19:W21) -> 5 | X27: =SUM(X19:X21) -> 0 | Y27: =SUM(Y19:Y21) -> 29 | Z27: =SUM(Z19:Z21) -> 0 | ... AF27: =SUM(AF19:AF21) -> 3023
B28: 11.30 - 11.45 | C28: 42 | D28: 19 | E28: 11 | F28: 13 | G28: 0 | H28: 0 | I28: 0 | J28: 1 | K28: 2 | L28: 0 | M28: 81 | N28: 0 | O28: =SUM(C28:L28,N28) -> 88 | P28: =SUM(C28:N28) -> 169 | R28: 12 Hours | S28: =SUM(S10:S21) -> 2527 | T28: =SUM(T10:T21) -> 1095 | U28: =SUM(U10:U21) -> 553 | V28: =SUM(V10:V21) -> 704 | W28: =SUM(W10:W21) -> 6 | X28: =SUM(X10:X21) -> 3 | Y28: =SUM(Y10:Y21) -> 104 | Z28: =SUM(Z10:Z21) -> 15 | ... AF28: =SUM(AF10:AF21) -> 8672
B29: 11.45 - 12.00 | C29: 47 | D29: 23 | E29: 16 | F29: 11 | G29: 0 | H29: 0 | I29: 0 | J29: 0 | K29: 0 | L29: 0 | M29: 79 | N29: 0 | O29: =SUM(C29:L29,N29) -> 97 | P29: =SUM(C29:N29) -> 176
B30: 12.00 - 12.15 | C30: 38 | D30: 22 | E30: 7 | F30: 13 | G30: 0 | H30: 0 | I30: 2 | J30: 0 | K30: 1 | L30: 0 | M30: 78 | N30: 0 | O30: =SUM(C30:L30,N30) -> 83 | P30: =SUM(C30:N30) -> 161
B31: 12.15 - 12.30 | C31: 43 | D31: 27 | E31: 11 | F31: 10 | G31: 0 | H31: 0 | I31: 1 | J31: 0 | K31: 0 | L31: 0 | M31: 82 | N31: 0 | O31: =SUM(C31:L31,N31) -> 92 | P31: =SUM(C31:N31) -> 174
B32: 12.30 - 12.45 | C32: 44 | D32: 23 | E32: 14 | F32: 19 | G32: 0 | H32: 0 | I32: 5 | J32: 0 | K32: 4 | L32: 0 | M32: 79 | N32: 0 | O32: =SUM(C32:L32,N32) -> 109 | P32: =SUM(C32:N32) -> 188
B33: 12.45 - 13.00 | C33: 48 | D33: 26 | E33: 16 | F33: 15 | G33: 0 | H33: 0 | I33: 3 | J33: 0 | K33: 2 | L33: 0 | M33: 76 | N33: 0 | O33: =SUM(C33:L33,N33) -> 110 | P33: =SUM(C33:N33) -> 186
B34: 13.00 - 13.15 | C34: 41 | D34: 17 | E34: 9 | F34: 12 | G34: 0 | H34: 0 | I34: 3 | J34: 0 | K34: 1 | L34: 0 | M34: 78 | N34: 0 | O34: =SUM(C34:L34,N34) -> 83 | P34: =SUM(C34:N34) -> 161
B35: 13.15 - 13.30 | C35: 48 | D35: 22 | E35: 6 | F35: 10 | G35: 0 | H35: 0 | I35: 4 | J35: 0 | K35: 2 | L35: 0 | M35: 79 | N35: 0 | O35: =SUM(C35:L35,N35) -> 92 | P35: =SUM(C35:N35) -> 171
B36: 13.30 - 13.45 | C36: 50 | D36: 27 | E36: 11 | F36: 10 | G36: 0 | H36: 0 | I36: 8 | J36: 0 | K36: 0 | L36: 0 | M36: 76 | N36: 0 | O36: =SUM(C36:L36,N36) -> 106 | P36: =SUM(C36:N36) -> 182
B37: 13.45 - 14.00 | C37: 48 | D37: 26 | E37: 7 | F37: 15 | G37: 0 | H37: 0 | I37: 1 | J37: 0 | K37: 1 | L37: 0 | M37: 90 | N37: 0 | O37: =SUM(C37:L37,N37) -> 98 | P37: =SUM(C37:N37) -> 188
B38: 14.00 - 14.15 | C38: 43 | D38: 17 | E38: 9 | F38: 19 | G38: 0 | H38: 0 | I38: 0 | J38: 0 | K38: 0 | L38: 0 | M38: 84 | N38: 0 | O38: =SUM(C38:L38,N38) -> 88 | P38: =SUM(C38:N38) -> 172
B39: 14.15 - 14.30 | C39: 70 | D39: 25 | E39: 11 | F39: 17 | G39: 0 | H39: 0 | I39: 0 | J39: 0 | K39: 0 | L39: 1 | M39: 78 | N39: 0 | O39: =SUM(C39:L39,N39) -> 124 | P39: =SUM(C39:N39) -> 202
B40: 14.30 - 14.45 | C40: 65 | D40: 27 | E40: 9 | F40: 15 | G40: 0 | H40: 3 | I40: 1 | J40: 1 | K40: 0 | L40: 0 | M40: 74 | N40: 0 | O40: =SUM(C40:L40,N40) -> 121 | P40: =SUM(C40:N40) -> 195
... B57: 18.45 - 19.00 | C57: 108 | D57: 43 | E57: 21 | F57: 19 | G57: 0 | H57: 0 | I57: 6 | J57: 0 | K57: 0 | L57: 0 | M57: 104 | N57: 0 | O57: =SUM(C57:L57,N57) -> 197 | P57: =SUM(C57:N57) -> 301
B58: Totals | C58: =SUM(C10:C57) -> 2527 | D58: =SUM(D10:D57) -> 1095 | E58: =SUM(E10:E57) -> 553 | F58: =SUM(F10:F57) -> 704 | G58: =SUM(G10:G57) -> 6 | H58: =SUM(H10:H57) -> 3 | I58: =SUM(I10:I57) -> 104 | J58: =SUM(J10:J57) -> 15 | ... P58: =SUM(P10:P57) -> 8672
B59: %ges + MCs | C59: =C58/$P$58 -> 0.2913976 | D59: =D58/$P$58 -> 0.12626845 | E59: =E58/$P$58 -> 0.06376845 | F59: =F58/$P$58 -> 0.081180812 | G59: =G58/$P$58 -> 0.00069188192 | H59: =H58/$P$58 -> 0.00034594096 | I59: =I58/$P$58 -> 0.01199262 | J59: =J58/$P$58 -> 0.0017297048 | ... N59: =N58/$P$58 -> 0
B60: %ges w/o MCs | C60: =C58/$O$58 -> 0.50128943 | D60: =D58/$O$58 -> 0.21721881 | E60: =E58/$O$58 -> 0.10970046 | F60: =F58/$O$58 -> 0.13965483 | G60: =G58/$O$58 -> 0.00119024 | H60: =H58/$O$58 -> 0.00059512002 | I60: =I58/$O$58 -> 0.020630827 | J60: =J58/$O$58 -> 0.0029756001 | ... L60: =L58/$O$58 -> 0.00019837334 | N60: =N58/$O$58 -> 0

Sheet 03.08 Kisasi-Bukoto
B1: Consultancy services for Preparation of Expressway Development Master Plan (EDMP) for Uganda
B2: MANUAL CLASSIFIED COUNT (MCC)
B3: ROAD NAME: | C3: ='29.07 Kisasi-Bukoto'!C3:G3 -> MCC - C1 - STN32 - BUKOTO KISASI ROAD
C5: Date | D5: 03.08.19 | F5: Location | G5: ='01.08 Bukoto-Kisasi'!G5:H5 -> KISASI | J5: Surveyor | K5: ='01.08 Bukoto-Kisasi'!K5:L5 -> RWAMBITITO J./NICHOL A./GEORGE W.
C6: Dir. From | D6: ='29.07 Kisasi-Bukoto'!D6:E6 -> KISASI | F6: Dir. To | G6: ='29.07 Kisasi-Bukoto'!G6:H6 -> BUKOTO | J6: Supervisor | K6: ='01.08 Bukoto-Kisasi'!K6:L6 -> SALIMA L.
B8: Time / Veh Type | R8: SUMMARY TRAFFIC VOLUMES
C9: 1. Car | D9: 2. Station Wagon | E9: 3. Pickups | F9: 4. Minibus, matatu | G9: 5. Medium bus | H9: 6. Large Bus | I9: 7. Light Truck | J9: 8. Medium Truck | K9: 9. Heavy truck | L9: 10. Truck Trailer | M9: 11. Motor cycles | N9: 12. Tractors | O9: Total Excl M/Cycles | P9: Total All | R9: Time | S9: 1. Car | T9: 2. Station Wagon | U9: 3. Pickups | V9: 4. Minibus, matatu | W9: 5. Medium bus | X9: 6. Large Bus | Y9: 7. Light Truck | Z9: 8. Medium Truck | AA9: 9. Heavy truck | AB9: 10. Truck Trailer | AC9: 11. Motorcycles | AD9: 12. Tractors, Graders | AE9: Total Excl M/ Cycles | AF9: Total All
B10: 07.00 - 07.15 | C10: 14 | D10: 8 | E10: 0 | F10: 10 | G10: 0 | H10: 0 | I10: 2 | J10: 1 | K10: 0 | L10: 0 | M10: 93 | N10: 0 | O10: =SUM(C10:L10,N10) -> 35 | P10: =SUM(C10:N10) -> 128 | R10: 0700-0800 | S10: =SUM(C10:C13) -> 147 | T10: =SUM(D10:D13) -> 61 | U10: =SUM(E10:E13) -> 4 | V10: =SUM(F10:F13) -> 38 | W10: =SUM(G10:G13) -> 0 | X10: =SUM(H10:H13) -> 0 | Y10: =SUM(I10:I13) -> 15 | Z10: =SUM(J10:J13) -> 2 | ... AF10: =SUM(P10:P13) -> 700
B11: 07.15 - 07.30 | C11: 34 | D11: 12 | E11: 0 | F11: 7 | G11: 0 | H11: 0 | I11: 3 | J11: 0 | K11: 0 | L11: 0 | M11: 110 | N11: 0 | O11: =SUM(C11:L11,N11) -> 56 | P11: =SUM(C11:N11) -> 166 | R11: 0800-0900 | S11: =SUM(C14:C17) -> 266 | T11: =SUM(D14:D17) -> 153 | U11: =SUM(E14:E17) -> 6 | V11: =SUM(F14:F17) -> 53 | W11: =SUM(G14:G17) -> 0 | X11: =SUM(H14:H17) -> 0 | Y11: =SUM(I14:I17) -> 20 | Z11: =SUM(J14:J17) -> 0 | ... AF11: =SUM(P14:P17) -> 961
B12: 07.30 - 07.45 | C12: 39 | D12: 20 | E12: 1 | F12: 4 | G12: 0 | H12: 0 | I12: 4 | J12: 0 | K12: 1 | L12: 0 | M12: 105 | N12: 0 | O12: =SUM(C12:L12,N12) -> 69 | P12: =SUM(C12:N12) -> 174 | R12: 0900-1000 | S12: =SUM(C18:C21) -> 265 | T12: =SUM(D18:D21) -> 145 | U12: =SUM(E18:E21) -> 8 | V12: =SUM(F18:F21) -> 50 | W12: =SUM(G18:G21) -> 0 | X12: =SUM(H18:H21) -> 0 | Y12: =SUM(I18:I21) -> 16 | Z12: =SUM(J18:J21) -> 1 | ... AF12: =SUM(P18:P21) -> 876
B13: 07.45 - 08.00 | C13: 60 | D13: 21 | E13: 3 | F13: 17 | G13: 0 | H13: 0 | I13: 6 | J13: 1 | K13: 0 | L13: 0 | M13: 124 | N13: 0 | O13: =SUM(C13:L13,N13) -> 108 | P13: =SUM(C13:N13) -> 232 | R13: 1000-1100 | S13: =SUM(C22:C25) -> 339 | T13: =SUM(D22:D25) -> 185 | U13: =SUM(E22:E25) -> 13 | V13: =SUM(F22:F25) -> 47 | W13: =SUM(G22:G25) -> 0 | X13: =SUM(H22:H25) -> 0 | Y13: =SUM(I22:I25) -> 15 | Z13: =SUM(J22:J25) -> 0 | ... AF13: =SUM(P22:P25) -> 973
B14: 08.00 - 08.15 | C14: 60 | D14: 39 | E14: 2 | F14: 14 | G14: 0 | H14: 0 | I14: 4 | J14: 0 | K14: 0 | L14: 0 | M14: 130 | N14: 0 | O14: =SUM(C14:L14,N14) -> 119 | P14: =SUM(C14:N14) -> 249 | R14: 1100-1200 | S14: =SUM(C26:C29) -> 322 | T14: =SUM(D26:D29) -> 177 | U14: =SUM(E26:E29) -> 7 | V14: =SUM(F26:F29) -> 50 | W14: =SUM(G26:G29) -> 0 | X14: =SUM(H26:H29) -> 0 | Y14: =SUM(I26:I29) -> 12 | Z14: =SUM(J26:J29) -> 1 | ... AF14: =SUM(P26:P29) -> 935
B15: 08.15 - 08.30 | C15: 66 | D15: 35 | E15: 1 | F15: 16 | G15: 0 | H15: 0 | I15: 7 | J15: 0 | K15: 0 | L15: 0 | M15: 125 | N15: 0 | O15: =SUM(C15:L15,N15) -> 125 | P15: =SUM(C15:N15) -> 250 | R15: 1200-1300 | S15: =SUM(C30:C33) -> 284 | T15: =SUM(D30:D33) -> 156 | U15: =SUM(E30:E33) -> 11 | V15: =SUM(F30:F33) -> 43 | W15: =SUM(G30:G33) -> 0 | X15: =SUM(H30:H33) -> 0 | Y15: =SUM(I30:I33) -> 14 | Z15: =SUM(J30:J33) -> 1 | ... AF15: =SUM(P30:P33) -> 868
B16: 08.30 - 08.45 | C16: 80 | D16: 58 | E16: 1 | F16: 10 | G16: 0 | H16: 0 | I16: 4 | J16: 0 | K16: 0 | L16: 0 | M16: 98 | N16: 0 | O16: =SUM(C16:L16,N16) -> 153 | P16: =SUM(C16:N16) -> 251 | R16: 1300-1400 | S16: =SUM(C34:C37) -> 242 | T16: =SUM(D34:D37) -> 123 | U16: =SUM(E34:E37) -> 9 | V16: =SUM(F34:F37) -> 39 | W16: =SUM(G34:G37) -> 0 | X16: =SUM(H34:H37) -> 0 | Y16: =SUM(I34:I37) -> 13 | Z16: =SUM(J34:J37) -> 2 | ... AF16: =SUM(P34:P37) -> 658
B17: 08.45 - 9.00 | C17: 60 | D17: 21 | E17: 2 | F17: 13 | G17: 0 | H17: 0 | I17: 5 | J17: 0 | K17: 0 | L17: 0 | M17: 110 | N17: 0 | O17: =SUM(C17:L17,N17) -> 101 | P17: =SUM(C17:N17) -> 211 | R17: 1400-1500 | S17: =SUM(C38:C41) -> 171 | T17: =SUM(D38:D41) -> 131 | U17: =SUM(E38:E41) -> 4 | V17: =SUM(F38:F41) -> 30 | W17: =SUM(G38:G41) -> 0 | X17: =SUM(H38:H41) -> 0 | Y17: =SUM(I38:I41) -> 10 | Z17: =SUM(J38:J41) -> 2 | ... AF17: =SUM(P38:P41) -> 702
B18: 09.00 - 09.15 | C18: 67 | D18: 45 | E18: 2 | F18: 14 | G18: 0 | H18: 0 | I18: 3 | J18: 0 | K18: 0 | L18: 0 | M18: 83 | N18: 0 | O18: =SUM(C18:L18,N18) -> 131 | P18: =SUM(C18:N18) -> 214 | R18: 1500-1600 | S18: =SUM(C42:C45) -> 193 | T18: =SUM(D42:D45) -> 147 | U18: =SUM(E42:E45) -> 7 | V18: =SUM(F42:F45) -> 29 | W18: =SUM(G42:G45) -> 0 | X18: =SUM(H42:H45) -> 0 | Y18: =SUM(I42:I45) -> 13 | Z18: =SUM(J42:J45) -> 1 | ... AF18: =SUM(P42:P45) -> 758
B19: 09.15 - 09.30 | C19: 61 | D19: 48 | E19: 2 | F19: 11 | G19: 0 | H19: 0 | I19: 7 | J19: 1 | K19: 0 | L19: 0 | M19: 105 | N19: 0 | O19: =SUM(C19:L19,N19) -> 130 | P19: =SUM(C19:N19) -> 235 | R19: 1600-1700 | S19: =SUM(C46:C49) -> 167 | T19: =SUM(D46:D49) -> 104 | U19: =SUM(E46:E49) -> 5 | V19: =SUM(F46:F49) -> 32 | W19: =SUM(G46:G49) -> 0 | X19: =SUM(H46:H49) -> 0 | Y19: =SUM(I46:I49) -> 18 | Z19: =SUM(J46:J49) -> 0 | ... AF19: =SUM(P46:P49) -> 699
B20: 09.30 - 09.45 | C20: 61 | D20: 32 | E20: 1 | F20: 15 | G20: 0 | H20: 0 | I20: 2 | J20: 0 | K20: 0 | L20: 0 | M20: 105 | N20: 0 | O20: =SUM(C20:L20,N20) -> 111 | P20: =SUM(C20:N20) -> 216 | R20: 1700-1800 | S20: =SUM(C50:C53) -> 165 | T20: =SUM(D50:D53) -> 99 | U20: =SUM(E50:E53) -> 4 | V20: =SUM(F50:F53) -> 29 | W20: =SUM(G50:G53) -> 0 | X20: =SUM(H50:H53) -> 0 | Y20: =SUM(I50:I53) -> 10 | Z20: =SUM(J50:J53) -> 2 | ... AF20: =SUM(P50:P53) -> 666
B21: 09.45 - 10.00 | C21: 76 | D21: 20 | E21: 3 | F21: 10 | G21: 0 | H21: 0 | I21: 4 | J21: 0 | K21: 0 | L21: 0 | M21: 98 | N21: 0 | O21: =SUM(C21:L21,N21) -> 113 | P21: =SUM(C21:N21) -> 211 | R21: 1800-1900 | S21: =SUM(C54:C57) -> 128 | T21: =SUM(D54:D57) -> 70 | U21: =SUM(E54:E57) -> 7 | V21: =SUM(F54:F57) -> 34 | W21: =SUM(G54:G57) -> 1 | X21: =SUM(H54:H57) -> 0 | Y21: =SUM(I54:I57) -> 6 | Z21: =SUM(J54:J57) -> 1 | ... AF21: =SUM(P54:P57) -> 516
B22: 10.00 - 10.15 | C22: 84 | D22: 50 | E22: 3 | F22: 15 | G22: 0 | H22: 0 | I22: 2 | J22: 0 | K22: 0 | L22: 0 | M22: 93 | N22: 0 | O22: =SUM(C22:L22,N22) -> 154 | P22: =SUM(C22:N22) -> 247 | R22: 1900-2000 | S22: =SUM(C58:C61) -> 202 | T22: =SUM(D58:D61) -> 145 | U22: =SUM(E58:E61) -> 3 | V22: =SUM(F58:F61) -> 36 | W22: =SUM(G58:G61) -> 1 | X22: =SUM(H58:H61) -> 0 | Y22: =SUM(I58:I61) -> 18 | Z22: =SUM(J58:J61) -> 0 | ... AF22: =SUM(P58:P61) -> 681
B23: 10.15 - 10.30 | C23: 92 | D23: 55 | E23: 5 | F23: 12 | G23: 0 | H23: 0 | I23: 2 | J23: 0 | K23: 0 | L23: 0 | M23: 92 | N23: 0 | O23: =SUM(C23:L23,N23) -> 166 | P23: =SUM(C23:N23) -> 258 | R23: 2000-2100 | S23: ='01.08 Kisasi-Bukoto'!P60 -> 116 | T23: =SUM(D62:D65) -> 105 | U23: =SUM(E62:E65) -> 0 | V23: =SUM(F62:F65) -> 24 | W23: =SUM(G62:G65) -> 0 | X23: =SUM(H62:H65) -> 0 | Y23: =SUM(I62:I65) -> 4 | Z23: =SUM(J62:J65) -> 1 | AA23: =SUM(K62:K65) -> 1 | ... AF23: =SUM(P62:P65) -> 462
B24: 10.30 - 10.45 | C24: 90 | D24: 42 | E24: 1 | F24: 8 | G24: 0 | H24: 0 | I24: 4 | J24: 0 | K24: 0 | L24: 0 | M24: 89 | N24: 0 | O24: =SUM(C24:L24,N24) -> 145 | P24: =SUM(C24:N24) -> 234 | R24: 2100-2200 | S24: =SUM(C66:C69) -> 186 | T24: =SUM(D66:D69) -> 116 | U24: =SUM(E66:E69) -> 2 | V24: =SUM(F66:F69) -> 28 | W24: =SUM(G66:G69) -> 0 | X24: =SUM(H66:H69) -> 0 | Y24: =SUM(I66:I69) -> 7 | Z24: =SUM(J66:J69) -> 0 | ... AF24: =SUM(P66:P69) -> 496
B25: 10.45 - 11.00 | C25: 73 | D25: 38 | E25: 4 | F25: 12 | G25: 0 | H25: 0 | I25: 7 | J25: 0 | K25: 0 | L25: 0 | M25: 100 | N25: 0 | O25: =SUM(C25:L25,N25) -> 134 | P25: =SUM(C25:N25) -> 234 | R25: 2200-2300 | S25: =SUM(C70:C73) -> 153 | T25: =SUM(D70:D73) -> 79 | U25: =SUM(E70:E73) -> 0 | V25: =SUM(F70:F73) -> 31 | W25: =SUM(G70:G73) -> 0 | X25: =SUM(H70:H73) -> 0 | Y25: =SUM(I70:I73) -> 13 | Z25: =SUM(J70:J73) -> 0 | ... AF25: =SUM(P70:P73) -> 414
B26: 11.00 - 11.15 | C26: 90 | D26: 56 | E26: 2 | F26: 16 | G26: 0 | H26: 0 | I26: 2 | J26: 0 | K26: 0 | L26: 0 | M26: 97 | N26: 0 | O26: =SUM(C26:L26,N26) -> 166 | P26: =SUM(C26:N26) -> 263 | R26: 2300-0000 | S26: =SUM(C74:C77) -> 65 | T26: =SUM(D74:D77) -> 48 | U26: =SUM(E74:E77) -> 0 | V26: =SUM(F74:F77) -> 3 | W26: =SUM(G74:G77) -> 0 | X26: =SUM(H74:H77) -> 0 | Y26: =SUM(I74:I77) -> 2 | Z26: =SUM(J74:J77) -> 0 | ... AF26: =SUM(P74:P77) -> 215
B27: 11.15 - 11.30 | C27: 87 | D27: 38 | E27: 3 | F27: 11 | G27: 0 | H27: 0 | I27: 3 | J27: 0 | K27: 0 | L27: 0 | M27: 79 | N27: 0 | O27: =SUM(C27:L27,N27) -> 142 | P27: =SUM(C27:N27) -> 221 | R27: 0000-0100 | S27: =SUM(C78:C81) -> 63 | T27: =SUM(D78:D81) -> 33 | U27: =SUM(E78:E81) -> 0 | V27: =SUM(F78:F81) -> 4 | W27: =SUM(G78:G81) -> 1 | X27: =SUM(H78:H81) -> 0 | Y27: =SUM(I78:I81) -> 1 | Z27: =SUM(J78:J81) -> 1 | ... AF27: =SUM(P78:P81) -> 146
B28: 11.30 - 11.45 | C28: 75 | D28: 44 | E28: 1 | F28: 10 | G28: 0 | H28: 0 | I28: 3 | J28: 0 | K28: 0 | L28: 0 | M28: 85 | N28: 0 | O28: =SUM(C28:L28,N28) -> 133 | P28: =SUM(C28:N28) -> 218 | R28: 0100-0200 | S28: =SUM(C82:C85) -> 24 | T28: =SUM(D82:D85) -> 6 | U28: =SUM(E82:E85) -> 0 | V28: =SUM(F82:F85) -> 3 | W28: =SUM(G82:G85) -> 0 | X28: =SUM(H82:H85) -> 0 | Y28: =SUM(I82:I85) -> 1 | Z28: =SUM(J82:J85) -> 1 | ... AF28: =SUM(P82:P85) -> 53
B29: 11.45 - 12.00 | C29: 70 | D29: 39 | E29: 1 | F29: 13 | G29: 0 | H29: 0 | I29: 4 | J29: 1 | K29: 2 | L29: 0 | M29: 103 | N29: 0 | O29: =SUM(C29:L29,N29) -> 130 | P29: =SUM(C29:N29) -> 233 | R29: 0200-0300 | S29: =SUM(C86:C89) -> 23 | T29: =SUM(D86:D89) -> 14 | U29: =SUM(E86:E89) -> 0 | V29: =SUM(F86:F89) -> 0 | W29: =SUM(G86:G89) -> 0 | X29: =SUM(H86:H89) -> 0 | Y29: =SUM(I86:I89) -> 0 | Z29: =SUM(J86:J89) -> 0 | ... AF29: =SUM(P86:P89) -> 56
B30: 12.00 - 12.15 | C30: 92 | D30: 56 | E30: 3 | F30: 12 | G30: 0 | H30: 0 | I30: 4 | J30: 0 | K30: 0 | L30: 0 | M30: 95 | N30: 0 | O30: =SUM(C30:L30,N30) -> 167 | P30: =SUM(C30:N30) -> 262 | R30: 0300-0400 | S30: =SUM(C90:C93) -> 36 | T30: =SUM(D90:D93) -> 5 | U30: =SUM(E90:E93) -> 0 | V30: =SUM(F90:F93) -> 0 | W30: =SUM(G90:G93) -> 0 | X30: =SUM(H90:H93) -> 0 | Y30: =SUM(I90:I93) -> 0 | Z30: =SUM(J90:J93) -> 0 | ... AF30: =SUM(P90:P93) -> 59
B31: 12.15 - 12.30 | C31: 62 | D31: 42 | E31: 2 | F31: 10 | G31: 0 | H31: 0 | I31: 4 | J31: 0 | K31: 0 | L31: 0 | M31: 78 | N31: 0 | O31: =SUM(C31:L31,N31) -> 120 | P31: =SUM(C31:N31) -> 198 | R31: 0400-0500 | S31: =SUM(C94:C97) -> 34 | T31: =SUM(D94:D97) -> 6 | U31: =SUM(E94:E97) -> 0 | V31: =SUM(F94:F97) -> 0 | W31: =SUM(G94:G97) -> 0 | X31: =SUM(H94:H97) -> 0 | Y31: =SUM(I94:I97) -> 0 | Z31: =SUM(J94:J97) -> 0 | ... AF31: =SUM(P94:P97) -> 43
B32: 12.30 - 12.45 | C32: 75 | D32: 32 | E32: 2 | F32: 9 | G32: 0 | H32: 0 | I32: 3 | J32: 0 | K32: 0 | L32: 0 | M32: 67 | N32: 0 | O32: =SUM(C32:L32,N32) -> 121 | P32: =SUM(C32:N32) -> 188 | R32: 0500-0600 | S32: =SUM(C98:C101) -> 27 | T32: =SUM(D98:D101) -> 13 | U32: =SUM(E98:E101) -> 0 | V32: =SUM(F98:F101) -> 4 | W32: =SUM(G98:G101) -> 0 | X32: =SUM(H98:H101) -> 0 | Y32: =SUM(I98:I101) -> 0 | Z32: =SUM(J98:J101) -> 0 | ... AF32: =SUM(P98:P101) -> 116
B33: 12.45 - 13.00 | C33: 55 | D33: 26 | E33: 4 | F33: 12 | G33: 0 | H33: 0 | I33: 3 | J33: 1 | K33: 0 | L33: 0 | M33: 119 | N33: 0 | O33: =SUM(C33:L33,N33) -> 101 | P33: =SUM(C33:N33) -> 220 | R33: 0600-0700 | S33: =SUM(C102:C105) -> 38 | T33: =SUM(D102:D105) -> 16 | U33: =SUM(E102:E105) -> 0 | V33: =SUM(F102:F105) -> 14 | W33: =SUM(G102:G105) -> 0 | X33: =SUM(H102:H105) -> 0 | Y33: =SUM(I102:I105) -> 0 | Z33: =SUM(J102:J105) -> 0 | ... AF33: =SUM(P102:P105) -> 93
B34: 13.00 - 13.15 | C34: 65 | D34: 33 | E34: 3 | F34: 11 | G34: 0 | H34: 0 | I34: 4 | J34: 0 | K34: 0 | L34: 0 | M34: 73 | N34: 0 | O34: =SUM(C34:L34,N34) -> 116 | P34: =SUM(C34:N34) -> 189 | R34: AM Peak Hr | S34: =MAX(S10:S12) -> 266 | T34: =MAX(T10:T12) -> 153 | U34: =MAX(U10:U12) -> 8 | V34: =MAX(V10:V12) -> 53 | W34: =MAX(W10:W12) -> 0 | X34: =MAX(X10:X12) -> 0 | Y34: =MAX(Y10:Y12) -> 20 | Z34: =MAX(Z10:Z12) -> 2 | ... AF34: =MAX(AF10:AF12) -> 961
B35: 13.15 - 13.30 | C35: 43 | D35: 31 | E35: 2 | F35: 8 | G35: 0 | H35: 0 | I35: 4 | J35: 0 | K35: 0 | L35: 0 | M35: 0 | N35: 0 | O35: =SUM(C35:L35,N35) -> 88 | P35: =SUM(C35:N35) -> 88 | R35: IP Peak Hr | S35: =MAX(S13:S18) -> 339 | T35: =MAX(T13:T18) -> 185 | U35: =MAX(U13:U18) -> 13 | V35: =MAX(V13:V18) -> 50 | W35: =MAX(W13:W18) -> 0 | X35: =MAX(X13:X18) -> 0 | Y35: =MAX(Y13:Y18) -> 15 | Z35: =MAX(Z13:Z18) -> 2 | ... AF35: =MAX(AF13:AF18) -> 973
B36: 13.30 - 13.45 | C36: 75 | D36: 33 | E36: 1 | F36: 11 | G36: 0 | H36: 0 | I36: 3 | J36: 1 | K36: 1 | L36: 0 | M36: 72 | N36: 0 | O36: =SUM(C36:L36,N36) -> 125 | P36: =SUM(C36:N36) -> 197 | R36: PM Peak Hr | S36: =MAX(S19:S21) -> 167 | T36: =MAX(T19:T21) -> 104 | U36: =MAX(U19:U21) -> 7 | V36: =MAX(V19:V21) -> 34 | W36: =MAX(W19:W21) -> 1 | X36: =MAX(X19:X21) -> 0 | Y36: =MAX(Y19:Y21) -> 18 | Z36: =MAX(Z19:Z21) -> 2 | ... AF36: =MAX(AF19:AF21) -> 699
B37: 13.45 - 14.00 | C37: 59 | D37: 26 | E37: 3 | F37: 9 | G37: 0 | H37: 0 | I37: 2 | J37: 1 | K37: 0 | L37: 0 | M37: 84 | N37: 0 | O37: =SUM(C37:L37,N37) -> 100 | P37: =SUM(C37:N37) -> 184 | R37: AM Period | S37: =SUM(S10:S12) -> 678 | T37: =SUM(T10:T12) -> 359 | U37: =SUM(U10:U12) -> 18 | V37: =SUM(V10:V12) -> 141 | W37: =SUM(W10:W12) -> 0 | X37: =SUM(X10:X12) -> 0 | Y37: =SUM(Y10:Y12) -> 51 | Z37: =SUM(Z10:Z12) -> 3 | ... AF37: =SUM(AF10:AF12) -> 2537
B38: 14.00 - 14.15 | C38: 47 | D38: 37 | E38: 2 | F38: 8 | G38: 0 | H38: 0 | I38: 2 | J38: 1 | K38: 0 | L38: 0 | M38: 88 | N38: 0 | O38: =SUM(C38:L38,N38) -> 97 | P38: =SUM(C38:N38) -> 185 | R38: IP Period | S38: =SUM(S13:S18) -> 1551 | T38: =SUM(T13:T18) -> 919 | U38: =SUM(U13:U18) -> 51 | V38: =SUM(V13:V18) -> 238 | W38: =SUM(W13:W18) -> 0 | X38: =SUM(X13:X18) -> 0 | Y38: =SUM(Y13:Y18) -> 77 | Z38: =SUM(Z13:Z18) -> 7 | ... AF38: =SUM(AF13:AF18) -> 4894
B39: 14.15 - 14.30 | C39: 49 | D39: 35 | E39: 0 | F39: 9 | G39: 0 | H39: 0 | I39: 2 | J39: 1 | K39: 0 | L39: 0 | M39: 99 | N39: 0 | O39: =SUM(C39:L39,N39) -> 96 | P39: =SUM(C39:N39) -> 195 | R39: PM Period | S39: =SUM(S19:S21) -> 460 | T39: =SUM(T19:T21) -> 273 | U39: =SUM(U19:U21) -> 16 | V39: =SUM(V19:V21) -> 95 | W39: =SUM(W19:W21) -> 1 | X39: =SUM(X19:X21) -> 0 | Y39: =SUM(Y19:Y21) -> 34 | Z39: =SUM(Z19:Z21) -> 3 | ... AF39: =SUM(AF19:AF21) -> 1881
B40: 14.30 - 14.45 | C40: 36 | D40: 30 | E40: 0 | F40: 7 | G40: 0 | H40: 0 | I40: 2 | J40: 0 | K40: 0 | L40: 0 | M40: 100 | N40: 0 | O40: =SUM(C40:L40,N40) -> 75 | P40: =SUM(C40:N40) -> 175 | R40: 12 Hours | S40: =SUM(S10:S21) -> 2689 | T40: =SUM(T10:T21) -> 1551 | U40: =SUM(U10:U21) -> 85 | V40: =SUM(V10:V21) -> 474 | W40: =SUM(W10:W21) -> 1 | X40: =SUM(X10:X21) -> 0 | Y40: =SUM(Y10:Y21) -> 162 | Z40: =SUM(Z10:Z21) -> 13 | ... AF40: =SUM(AF10:AF21) -> 9312
B41: 14.45 - 15.00 | C41: 39 | D41: 29 | E41: 2 | F41: 6 | G41: 0 | H41: 0 | I41: 4 | J41: 0 | K41: 0 | L41: 0 | M41: 67 | N41: 0 | O41: =SUM(C41:L41,N41) -> 80 | P41: =SUM(C41:N41) -> 147 | R41: 24 Hrs/ADT | S41: =SUM(S10:S33) -> 3656 | T41: =SUM(T10:T33) -> 2137 | U41: =SUM(U10:U33) -> 90 | V41: =SUM(V10:V33) -> 621 | W41: =SUM(W10:W33) -> 3 | X41: =SUM(X10:X33) -> 0 | Y41: =SUM(Y10:Y33) -> 208 | Z41: =SUM(Z10:Z33) -> 16 | ... AF41: =SUM(AF10:AF33) -> 12146
B42: 15.00 - 15.15 | C42: 48 | D42: 41 | E42: 1 | F42: 7 | G42: 0 | H42: 0 | I42: 4 | J42: 1 | K42: 0 | L42: 0 | M42: 93 | N42: 0 | O42: =SUM(C42:L42,N42) -> 102 | P42: =SUM(C42:N42) -> 195 | R42: NEF | S42: =S41/S40 -> 1.3596132 | T42: =T41/T40 -> 1.3778208 | U42: =U41/U40 -> 1.0588235 | V42: =V41/V40 -> 1.3101266 | W42: =W41/W40 -> 3 | X42: =X41/X40 -> #DIV/0! | Y42: =Y41/Y40 -> 1.2839506 | Z42: =Z41/Z40 -> 1.2307692 | ... AF42: =AF41/AF40 -> 1.3043385
B43: 15.15 - 15.30 | C43: 57 | D43: 33 | E43: 3 | F43: 5 | G43: 0 | H43: 0 | I43: 3 | J43: 0 | K43: 0 | L43: 0 | M43: 93 | N43: 0 | O43: =SUM(C43:L43,N43) -> 101 | P43: =SUM(C43:N43) -> 194
B44: 15.30 - 15.45 | C44: 46 | D44: 39 | E44: 2 | F44: 12 | G44: 0 | H44: 0 | I44: 0 | J44: 0 | K44: 0 | L44: 0 | M44: 96 | N44: 0 | O44: =SUM(C44:L44,N44) -> 99 | P44: =SUM(C44:N44) -> 195
B45: 15.45 - 16.00 | C45: 42 | D45: 34 | E45: 1 | F45: 5 | G45: 0 | H45: 0 | I45: 6 | J45: 0 | K45: 1 | L45: 0 | M45: 85 | N45: 0 | O45: =SUM(C45:L45,N45) -> 89 | P45: =SUM(C45:N45) -> 174
B46: 16.00 - 16.15 | C46: 51 | D46: 32 | E46: 2 | F46: 6 | G46: 0 | H46: 0 | I46: 2 | J46: 0 | K46: 0 | L46: 0 | M46: 99 | N46: 0 | O46: =SUM(C46:L46,N46) -> 93 | P46: =SUM(C46:N46) -> 192
B47: 16.15 -16.30 | C47: 35 | D47: 18 | E47: 0 | F47: 9 | G47: 0 | H47: 0 | I47: 7 | J47: 0 | K47: 2 | L47: 0 | M47: 82 | N47: 0 | O47: =SUM(C47:L47,N47) -> 71 | P47: =SUM(C47:N47) -> 153
B48: 16.30 -16.45 | C48: 41 | D48: 30 | E48: 0 | F48: 5 | G48: 0 | H48: 0 | I48: 7 | J48: 0 | K48: 1 | L48: 0 | M48: 84 | N48: 0 | O48: =SUM(C48:L48,N48) -> 84 | P48: =SUM(C48:N48) -> 168
B49: 16.45 -17.00 | C49: 40 | D49: 24 | E49: 3 | F49: 12 | G49: 0 | H49: 0 | I49: 2 | J49: 0 | K49: 0 | L49: 0 | M49: 105 | N49: 0 | O49: =SUM(C49:L49,N49) -> 81 | P49: =SUM(C49:N49) -> 186
B50: 17.00 -17.15 | C50: 35 | D50: 23 | E50: 1 | F50: 3 | G50: 0 | H50: 0 | I50: 2 | J50: 1 | K50: 0 | L50: 0 | M50: 105 | N50: 0 | O50: =SUM(C50:L50,N50) -> 65 | P50: =SUM(C50:N50) -> 170
B51: 17.15 -17.30 | C51: 37 | D51: 27 | E51: 1 | F51: 8 | G51: 0 | H51: 0 | I51: 2 | J51: 0 | K51: 0 | L51: 0 | M51: 98 | N51: 0 | O51: =SUM(C51:L51,N51) -> 75 | P51: =SUM(C51:N51) -> 173
B52: 17.30 -17.45 | C52: 43 | D52: 17 | E52: 1 | F52: 12 | G52: 0 | H52: 0 | I52: 3 | J52: 1 | K52: 1 | L52: 0 | M52: 78 | N52: 0 | O52: =SUM(C52:L52,N52) -> 78 | P52: =SUM(C52:N52) -> 156
B53: 17.45 -18.00 | C53: 50 | D53: 32 | E53: 1 | F53: 6 | G53: 0 | H53: 0 | I53: 3 | J53: 0 | K53: 0 | L53: 0 | M53: 75 | N53: 0 | O53: =SUM(C53:L53,N53) -> 92 | P53: =SUM(C53:N53) -> 167
B54: 18.00 - 18.15 | C54: 30 | D54: 18 | E54: 3 | F54: 9 | G54: 0 | H54: 0 | I54: 3 | J54: 1 | K54: 0 | L54: 0 | M54: 73 | N54: 0 | O54: =SUM(C54:L54,N54) -> 64 | P54: =SUM(C54:N54) -> 137
... B58: 19.00 - 19.15 | C58: 54 | D58: 32 | E58: 0 | F58: 11 | G58: 1 | H58: 0 | I58: 1 | J58: 0 | K58: 0 | L58: 0 | M58: 70 | N58: 0 | O58: =SUM(C58:L58,N58) -> 99 | P58: =SUM(C58:N58) -> 169
B59: 19.15 - 19.30 | C59: 54 | D59: 39 | E59: o | F59: 11 | G59: 0 | H59: 0 | I59: 4 | J59: 0 | K59: 0 | L59: 0 | M59: 85 | N59: 0 | O59: =SUM(C59:L59,N59) -> 108 | P59: =SUM(C59:N59) -> 193
B60: 19.30 - 19.45 | C60: 53 | D60: 49 | E60: 1 | F60: 6 | G60: 0 | H60: 0 | I60: 3 | J60: 0 | K60: 1 | L60: 0 | M60: 55 | N60: 0 | O60: =SUM(C60:L60,N60) -> 113 | P60: =SUM(C60:N60) -> 168
B61: 19.45 - 20.00 | C61: 41 | D61: 25 | E61: 2 | F61: 8 | G61: 0 | H61: 0 | I61: 10 | J61: 0 | K61: 0 | L61: 0 | M61: 65 | N61: 0 | O61: =SUM(C61:L61,N61) -> 86 | P61: =SUM(C61:N61) -> 151
B62: 20.00 - 20.15 | C62: 38 | D62: 31 | E62: 0 | F62: 5 | G62: 0 | H62: 0 | I62: 3 | J62: 0 | K62: 1 | L62: 0 | M62: 30 | N62: 0 | O62: =SUM(C62:L62,N62) -> 78 | P62: =SUM(C62:N62) -> 108
B63: 20.15 - 20.30 | C63: 39 | D63: 33 | E63: 0 | F63: 13 | G63: 0 | H63: 0 | I63: 0 | J63: 1 | K63: 0 | L63: 0 | M63: 55 | N63: 0 | O63: =SUM(C63:L63,N63) -> 86 | P63: =SUM(C63:N63) -> 141
B64: 20.30 - 20.45 | C64: 44 | D64: 18 | E64: 0 | F64: 3 | G64: 0 | H64: 0 | I64: 1 | J64: 0 | K64: 0 | L64: 0 | M64: 40 | N64: 0 | O64: =SUM(C64:L64,N64) -> 66 | P64: =SUM(C64:N64) -> 106
B65: 20.45 - 21.00 | C65: 46 | D65: 23 | E65: 0 | F65: 3 | G65: 0 | H65: 0 | I65: 0 | J65: 0 | K65: 0 | L65: 0 | M65: 35 | N65: 0 | O65: =SUM(C65:L65,N65) -> 72 | P65: =SUM(C65:N65) -> 107
B66: 21.00 - 21.15 | C66: 46 | D66: 33 | E66: 0 | F66: 7 | G66: 0 | H66: 0 | I66: 1 | J66: 0 | K66: 0 | L66: 0 | M66: 50 | N66: 0 | O66: =SUM(C66:L66,N66) -> 87 | P66: =SUM(C66:N66) -> 137
B67: 21.15 - 21.30 | C67: 47 | D67: 27 | E67: 1 | F67: 8 | G67: 0 | H67: 0 | I67: 3 | J67: 0 | K67: 0 | L67: 0 | M67: 46 | N67: 0 | O67: =SUM(C67:L67,N67) -> 86 | P67: =SUM(C67:N67) -> 132
B68: 21.30 - 21.45 | C68: 44 | D68: 28 | E68: 0 | F68: 8 | G68: 0 | H68: 0 | I68: 3 | J68: 0 | K68: 1 | L68: 0 | M68: 20 | N68: 0 | O68: =SUM(C68:L68,N68) -> 84 | P68: =SUM(C68:N68) -> 104
B69: 21.45 - 22.00 | C69: 49 | D69: 28 | E69: 1 | F69: 5 | G69: 0 | H69: 0 | I69: 0 | J69: 0 | K69: 0 | L69: 0 | M69: 40 | N69: 0 | O69: =SUM(C69:L69,N69) -> 83 | P69: =SUM(C69:N69) -> 123
B70: 22.00 - 22.15 | C70: 40 | D70: 14 | E70: 0 | F70: 9 | G70: 0 | H70: 0 | I70: 0 | J70: 0 | K70: 0 | L70: 0 | M70: 42 | N70: 0 | O70: =SUM(C70:L70,N70) -> 63 | P70: =SUM(C70:N70) -> 105
B71: 22.15 - 22.30 | C71: 41 | D71: 25 | E71: 0 | F71: 11 | G71: 0 | H71: 0 | I71: 10 | J71: 0 | K71: 0 | L71: 0 | M71: 40 | N71: 0 | O71: =SUM(C71:L71,N71) -> 87 | P71: =SUM(C71:N71) -> 127
... B105: 06.45 - 07.00 | C105: 13 | D105: 4 | E105: 0 | F105: 5 | G105: 0 | H105: 0 | I105: 0 | J105: 0 | K105: 0 | L105: 0 | M105: 4 | N105: 0 | O105: =SUM(C105:L105,N105) -> 22 | P105: =SUM(C105:N105) -> 26
B106: Totals | C106: =SUM(C10:C105) -> 3707 | D106: =SUM(D10:D105) -> 2137 | E106: =SUM(E10:E105) -> 90 | F106: =SUM(F10:F105) -> 621 | G106: =SUM(G10:G105) -> 3 | H106: =SUM(H10:H105) -> 0 | I106: =SUM(I10:I105) -> 208 | J106: =SUM(J10:J105) -> 16 | ... P106: =SUM(P10:P105) -> 12146
B107: %ges + MCs | C107: =C106/$P$106 -> 0.30520336 | D107: =D106/$P$106 -> 0.1759427 | E107: =E106/$P$106 -> 0.0074098469 | F107: =F106/$P$106 -> 0.051127943 | G107: =G106/$P$106 -> 0.0002469949 | H107: =H106/$P$106 -> 0 | I107: =I106/$P$106 -> 0.017124979 | J107: =J106/$P$106 -> 0.0013173061 | ... N107: =N106/$P$106 -> 0
B108: %ges w/o MCs | C108: =C106/$O$106 -> 0.5455482 | D108: =D106/$O$106 -> 0.31449595 | E108: =E106/$O$106 -> 0.013245033 | F108: =F106/$O$106 -> 0.091390728 | G108: =G106/$O$106 -> 0.0004415011 | H108: =H106/$O$106 -> 0 | I108: =I106/$O$106 -> 0.030610743 | J108: =J106/$O$106 -> 0.0023546726 | ... L108: =L106/$O$106 -> 0 | N108: =N106/$O$106 -> 0

Sheet 03.08 Bukoto-Kisasi
B1: Consultancy services for Preparation of Expressway Development Master Plan (EDMP) for Uganda
B2: MANUAL CLASSIFIED COUNT (MCC)
B3: ROAD NAME: | C3: ='29.07 Kisasi-Bukoto'!C3:G3 -> MCC - C1 - STN32 - BUKOTO KISASI ROAD
C5: Date | D5: ='03.08 Kisasi-Bukoto'!D5 -> 03.08.19 | F5: Location | G5: ='03.08 Kisasi-Bukoto'!G5:H5 -> KISASI | J5: Surveyor | K5: ='03.08 Kisasi-Bukoto'!K5:L5 -> RWAMBITITO J./NICHOL A./GEORGE W.
C6: Dir. From | D6: ='29.07 Bukoto-Kisasi'!D6:E6 -> BUKOTO | F6: Dir. To | G6: ='29.07 Bukoto-Kisasi'!G6:H6 -> KISASI | J6: Supervisor | K6: ='03.08 Kisasi-Bukoto'!K6:L6 -> SALIMA L.
B8: Time / Veh Type | R8: SUMMARY TRAFFIC VOLUMES
C9: 1. Car | D9: 2. Station Wagon | E9: 3. Pickups | F9: 4. Minibus, matatu | G9: 5. Medium bus | H9: 6. Large Bus | I9: 7. Light Truck | J9: 8. Medium Truck | K9: 9. Heavy truck | L9: 10. Truck Trailer | M9: 11. Motor cycles | N9: 12. Tractors | O9: Total Excl M/Cycles | P9: Total All | R9: Time | S9: 1. Car | T9: 2. Station Wagon | U9: 3. Pickups | V9: 4. Minibus, matatu | W9: 5. Medium bus | X9: 6. Large Bus | Y9: 7. Light Truck | Z9: 8. Medium Truck | AA9: 9. Heavy truck | AB9: 10. Truck Trailer | AC9: 11. Motorcycles | AD9: 12. Tractors, Graders | AE9: Total Excl M/ Cycles | AF9: Total All
B10: 07.00 - 07.15 | C10: 8 | D10: 6 | E10: 3 | F10: 5 | G10: 0 | H10: 0 | I10: 0 | J10: 0 | K10: 0 | L10: 0 | M10: 23 | N10: 0 | O10: =SUM(C10:L10,N10) -> 22 | P10: =SUM(C10:N10) -> 45 | R10: 0700-0800 | S10: =SUM(C10:C13) -> 45 | T10: =SUM(D10:D13) -> 33 | U10: =SUM(E10:E13) -> 19 | V10: =SUM(F10:F13) -> 19 | W10: =SUM(G10:G13) -> 0 | X10: =SUM(H10:H13) -> 0 | Y10: =SUM(I10:I13) -> 1 | Z10: =SUM(J10:J13) -> 1 | ... AF10: =SUM(P10:P13) -> 230
B11: 07.15 - 07.30 | C11: 11 | D11: 7 | E11: 5 | F11: 7 | G11: 0 | H11: 0 | I11: 0 | J11: 0 | K11: 0 | L11: 0 | M11: 28 | N11: 0 | O11: =SUM(C11:L11,N11) -> 30 | P11: =SUM(C11:N11) -> 58 | R11: 0800-0900 | S11: =SUM(C14:C17) -> 52 | T11: =SUM(D14:D17) -> 27 | U11: =SUM(E14:E17) -> 15 | V11: =SUM(F14:F17) -> 21 | W11: =SUM(G14:G17) -> 0 | X11: =SUM(H14:H17) -> 0 | Y11: =SUM(I14:I17) -> 8 | Z11: =SUM(J14:J17) -> 1 | ... AF11: =SUM(P14:P17) -> 279
B12: 07.30 - 07.45 | C12: 14 | D12: 11 | E12: 7 | F12: 4 | G12: 0 | H12: 0 | I12: 0 | J12: 1 | K12: 0 | L12: 0 | M12: 32 | N12: 0 | O12: =SUM(C12:L12,N12) -> 37 | P12: =SUM(C12:N12) -> 69 | R12: 0900-1000 | S12: =SUM(C18:C21) -> 102 | T12: =SUM(D18:D21) -> 56 | U12: =SUM(E18:E21) -> 23 | V12: =SUM(F18:F21) -> 28 | W12: =SUM(G18:G21) -> 0 | X12: =SUM(H18:H21) -> 0 | Y12: =SUM(I18:I21) -> 12 | Z12: =SUM(J18:J21) -> 1 | ... AF12: =SUM(P18:P21) -> 482
B13: 07.45 - 08.00 | C13: 12 | D13: 9 | E13: 4 | F13: 3 | G13: 0 | H13: 0 | I13: 1 | J13: 0 | K13: 0 | L13: 0 | M13: 29 | N13: 0 | O13: =SUM(C13:L13,N13) -> 29 | P13: =SUM(C13:N13) -> 58 | R13: 1000-1100 | S13: =SUM(C22:C25) -> 167 | T13: =SUM(D22:D25) -> 81 | U13: =SUM(E22:E25) -> 26 | V13: =SUM(F22:F25) -> 43 | W13: =SUM(G22:G25) -> 0 | X13: =SUM(H22:H25) -> 0 | Y13: =SUM(I22:I25) -> 14 | Z13: =SUM(J22:J25) -> 13 | ... AF13: =SUM(P22:P25) -> 651
B14: 08.00 - 08.15 | C14: 11 | D14: 7 | E14: 4 | F14: 3 | G14: 0 | H14: 0 | I14: 2 | J14: 0 | K14: 0 | L14: 0 | M14: 31 | N14: 0 | O14: =SUM(C14:L14,N14) -> 27 | P14: =SUM(C14:N14) -> 58 | R14: 1100-1200 | S14: =SUM(C26:C29) -> 187 | T14: =SUM(D26:D29) -> 88 | U14: =SUM(E26:E29) -> 26 | V14: =SUM(F26:F29) -> 46 | W14: =SUM(G26:G29) -> 1 | X14: =SUM(H26:H29) -> 0 | Y14: =SUM(I26:I29) -> 15 | Z14: =SUM(J26:J29) -> 3 | ... AF14: =SUM(P26:P29) -> 682
B15: 08.15 - 08.30 | C15: 9 | D15: 5 | E15: 3 | F15: 4 | G15: 0 | H15: 0 | I15: 1 | J15: 0 | K15: 0 | L15: 0 | M15: 36 | N15: 0 | O15: =SUM(C15:L15,N15) -> 22 | P15: =SUM(C15:N15) -> 58 | R15: 1200-1300 | S15: =SUM(C30:C33) -> 219 | T15: =SUM(D30:D33) -> 94 | U15: =SUM(E30:E33) -> 39 | V15: =SUM(F30:F33) -> 57 | W15: =SUM(G30:G33) -> 0 | X15: =SUM(H30:H33) -> 0 | Y15: =SUM(I30:I33) -> 4 | Z15: =SUM(J30:J33) -> 1 | ... AF15: =SUM(P30:P33) -> 728
B16: 08.30 - 08.45 | C16: 18 | D16: 8 | E16: 5 | F16: 6 | G16: 0 | H16: 0 | I16: 2 | J16: 0 | K16: 0 | L16: 0 | M16: 42 | N16: 0 | O16: =SUM(C16:L16,N16) -> 39 | P16: =SUM(C16:N16) -> 81 | R16: 1300-1400 | S16: =SUM(C34:C37) -> 214 | T16: =SUM(D34:D37) -> 147 | U16: =SUM(E34:E37) -> 55 | V16: =SUM(F34:F37) -> 67 | W16: =SUM(G34:G37) -> 0 | X16: =SUM(H34:H37) -> 0 | Y16: =SUM(I34:I37) -> 10 | Z16: =SUM(J34:J37) -> 1 | ... AF16: =SUM(P34:P37) -> 805
B17: 08.45 - 9.00 | C17: 14 | D17: 7 | E17: 3 | F17: 8 | G17: 0 | H17: 0 | I17: 3 | J17: 1 | K17: 0 | L17: 0 | M17: 46 | N17: 0 | O17: =SUM(C17:L17,N17) -> 36 | P17: =SUM(C17:N17) -> 82 | R17: 1400-1500 | S17: =SUM(C38:C41) -> 298 | T17: =SUM(D38:D41) -> 170 | U17: =SUM(E38:E41) -> 60 | V17: =SUM(F38:F41) -> 120 | W17: =SUM(G38:G41) -> 0 | X17: =SUM(H38:H41) -> 0 | Y17: =SUM(I38:I41) -> 12 | Z17: =SUM(J38:J41) -> 7 | ... AF17: =SUM(P38:P41) -> 988
B18: 09.00 - 09.15 | C18: 21 | D18: 12 | E18: 4 | F18: 6 | G18: 0 | H18: 0 | I18: 3 | J18: 1 | K18: 0 | L18: 0 | M18: 61 | N18: 0 | O18: =SUM(C18:L18,N18) -> 47 | P18: =SUM(C18:N18) -> 108 | R18: 1500-1600 | S18: =SUM(C42:C45) -> 279 | T18: =SUM(D42:D45) -> 141 | U18: =SUM(E42:E45) -> 99 | V18: =SUM(F42:F45) -> 108 | W18: =SUM(G42:G45) -> 1 | X18: =SUM(H42:H45) -> 0 | Y18: =SUM(I42:I45) -> 12 | Z18: =SUM(J42:J45) -> 4 | ... AF18: =SUM(P42:P45) -> 974
B19: 09.15 - 09.30 | C19: 24 | D19: 10 | E19: 6 | F19: 8 | G19: 0 | H19: 0 | I19: 4 | J19: 0 | K19: 0 | L19: 0 | M19: 68 | N19: 0 | O19: =SUM(C19:L19,N19) -> 52 | P19: =SUM(C19:N19) -> 120 | R19: 1600-1700 | S19: =SUM(C46:C49) -> 237 | T19: =SUM(D46:D49) -> 114 | U19: =SUM(E46:E49) -> 43 | V19: =SUM(F46:F49) -> 61 | W19: =SUM(G46:G49) -> 0 | X19: =SUM(H46:H49) -> 0 | Y19: =SUM(I46:I49) -> 11 | Z19: =SUM(J46:J49) -> 8 | ... AF19: =SUM(P46:P49) -> 709
B20: 09.30 - 09.45 | C20: 26 | D20: 18 | E20: 5 | F20: 3 | G20: 0 | H20: 0 | I20: 5 | J20: 0 | K20: 0 | L20: 0 | M20: 67 | N20: 0 | O20: =SUM(C20:L20,N20) -> 57 | P20: =SUM(C20:N20) -> 124 | R20: 1700-1800 | S20: =SUM(C50:C53) -> 244 | T20: =SUM(D50:D53) -> 132 | U20: =SUM(E50:E53) -> 48 | V20: =SUM(F50:F53) -> 93 | W20: =SUM(G50:G53) -> 0 | X20: =SUM(H50:H53) -> 0 | Y20: =SUM(I50:I53) -> 10 | Z20: =SUM(J50:J53) -> 3 | ... AF20: =SUM(P50:P53) -> 789
B21: 09.45 - 10.00 | C21: 31 | D21: 16 | E21: 8 | F21: 11 | G21: 0 | H21: 0 | I21: 0 | J21: 0 | K21: 0 | L21: 0 | M21: 64 | N21: 0 | O21: =SUM(C21:L21,N21) -> 66 | P21: =SUM(C21:N21) -> 130 | R21: 1800-1900 | S21: =SUM(C54:C57) -> 267 | T21: =SUM(D54:D57) -> 171 | U21: =SUM(E54:E57) -> 50 | V21: =SUM(F54:F57) -> 84 | W21: =SUM(G54:G57) -> 0 | X21: =SUM(H54:H57) -> 0 | Y21: =SUM(I54:I57) -> 11 | Z21: =SUM(J54:J57) -> 0 | ... AF21: =SUM(P54:P57) -> 915
B22: 10.00 - 10.15 | C22: 38 | D22: 23 | E22: 6 | F22: 13 | G22: 0 | H22: 0 | I22: 4 | J22: 2 | K22: 0 | L22: 0 | M22: 71 | N22: 0 | O22: =SUM(C22:L22,N22) -> 86 | P22: =SUM(C22:N22) -> 157 | R22: 1900-2000 | S22: =SUM(C58:C61) -> 360 | T22: =SUM(D58:D61) -> 272 | U22: =SUM(E58:E61) -> 26 | V22: =SUM(F58:F61) -> 41 | W22: =SUM(G58:G61) -> 0 | X22: =SUM(H58:H61) -> 0 | Y22: =SUM(I58:I61) -> 16 | Z22: =SUM(J58:J61) -> 1 | ... AF22: =SUM(P58:P61) -> 1145
B23: 10.15 - 10.30 | C23: 43 | D23: 21 | E23: 4 | F23: 10 | G23: 0 | H23: 0 | I23: 5 | J23: 8 | K23: 0 | L23: 0 | M23: 76 | N23: 0 | O23: =SUM(C23:L23,N23) -> 91 | P23: =SUM(C23:N23) -> 167 | R23: 2000-2100 | S23: =SUM(C62:C65) -> 405 | T23: =SUM(D62:D65) -> 332 | U23: =SUM(E62:E65) -> 12 | V23: =SUM(F62:F65) -> 22 | W23: =SUM(G62:G65) -> 0 | X23: =SUM(H62:H65) -> 0 | Y23: =SUM(I62:I65) -> 8 | Z23: =SUM(J62:J65) -> 0 | ... AF23: =SUM(P62:P65) -> 1208
B24: 10.30 - 10.45 | C24: 41 | D24: 18 | E24: 8 | F24: 11 | G24: 0 | H24: 0 | I24: 4 | J24: 3 | K24: 0 | L24: 0 | M24: 79 | N24: 0 | O24: =SUM(C24:L24,N24) -> 85 | P24: =SUM(C24:N24) -> 164 | R24: 2100-2200 | S24: =SUM(C66:C69) -> 406 | T24: =SUM(D66:D69) -> 264 | U24: =SUM(E66:E69) -> 11 | V24: =SUM(F66:F69) -> 16 | W24: =SUM(G66:G69) -> 0 | X24: =SUM(H66:H69) -> 0 | Y24: =SUM(I66:I69) -> 7 | Z24: =SUM(J66:J69) -> 0 | ... AF24: =SUM(P66:P69) -> 1084
B25: 10.45 - 11.00 | C25: 45 | D25: 19 | E25: 8 | F25: 9 | G25: 0 | H25: 0 | I25: 1 | J25: 0 | K25: 0 | L25: 0 | M25: 81 | N25: 0 | O25: =SUM(C25:L25,N25) -> 82 | P25: =SUM(C25:N25) -> 163 | R25: 2200-2300 | S25: =SUM(C70:C73) -> 390 | T25: =SUM(D70:D73) -> 305 | U25: =SUM(E70:E73) -> 3 | V25: =SUM(F70:F73) -> 9 | W25: =SUM(G70:G73) -> 0 | X25: =SUM(H70:H73) -> 0 | Y25: =SUM(I70:I73) -> 1 | Z25: =SUM(J70:J73) -> 0 | ... AF25: =SUM(P70:P73) -> 1023
B26: 11.00 - 11.15 | C26: 43 | D26: 18 | E26: 4 | F26: 11 | G26: 1 | H26: 0 | I26: 3 | J26: 0 | K26: 0 | L26: 0 | M26: 79 | N26: 0 | O26: =SUM(C26:L26,N26) -> 80 | P26: =SUM(C26:N26) -> 159 | R26: 2300-0000 | S26: =SUM(C74:C77) -> 262 | T26: =SUM(D74:D77) -> 167 | U26: =SUM(E74:E77) -> 3 | V26: =SUM(F74:F77) -> 0 | W26: =SUM(G74:G77) -> 0 | X26: =SUM(H74:H77) -> 0 | Y26: =SUM(I74:I77) -> 3 | Z26: =SUM(J74:J77) -> 0 | ... AF26: =SUM(P74:P77) -> 733
B27: 11.15 - 11.30 | C27: 47 | D27: 21 | E27: 7 | F27: 13 | G27: 0 | H27: 0 | I27: 5 | J27: 1 | K27: 0 | L27: 0 | M27: 74 | N27: 0 | O27: =SUM(C27:L27,N27) -> 94 | P27: =SUM(C27:N27) -> 168 | R27: 0000-0100 | S27: =SUM(C78:C81) -> 156 | T27: =SUM(D78:D81) -> 101 | U27: =SUM(E78:E81) -> 3 | V27: =SUM(F78:F81) -> 0 | W27: =SUM(G78:G81) -> 0 | X27: =SUM(H78:H81) -> 0 | Y27: =SUM(I78:I81) -> 1 | Z27: =SUM(J78:J81) -> 0 | ... AF27: =SUM(P78:P81) -> 490
B28: 11.30 - 11.45 | C28: 45 | D28: 25 | E28: 8 | F28: 12 | G28: 0 | H28: 0 | I28: 6 | J28: 0 | K28: 0 | L28: 0 | M28: 82 | N28: 1 | O28: =SUM(C28:L28,N28) -> 97 | P28: =SUM(C28:N28) -> 179 | R28: 0100-0200 | S28: =SUM(C82:C85) -> 71 | T28: =SUM(D82:D85) -> 32 | U28: =SUM(E82:E85) -> 4 | V28: =SUM(F82:F85) -> 1 | W28: =SUM(G82:G85) -> 1 | X28: =SUM(H82:H85) -> 0 | Y28: =SUM(I82:I85) -> 0 | Z28: =SUM(J82:J85) -> 0 | ... AF28: =SUM(P82:P85) -> 188
B29: 11.45 - 12.00 | C29: 52 | D29: 24 | E29: 7 | F29: 10 | G29: 0 | H29: 0 | I29: 1 | J29: 2 | K29: 1 | L29: 0 | M29: 79 | N29: 0 | O29: =SUM(C29:L29,N29) -> 97 | P29: =SUM(C29:N29) -> 176 | R29: 0200-0300 | S29: =SUM(C86:C89) -> 71 | T29: =SUM(D86:D89) -> 32 | U29: =SUM(E86:E89) -> 2 | V29: =SUM(F86:F89) -> 2 | W29: =SUM(G86:G89) -> 0 | X29: =SUM(H86:H89) -> 0 | Y29: =SUM(I86:I89) -> 0 | Z29: =SUM(J86:J89) -> 0 | ... AF29: =SUM(P86:P89) -> 170
B30: 12.00 - 12.15 | C30: 49 | D30: 22 | E30: 9 | F30: 14 | G30: 0 | H30: 0 | I30: 1 | J30: 0 | K30: 0 | L30: 0 | M30: 73 | N30: 0 | O30: =SUM(C30:L30,N30) -> 95 | P30: =SUM(C30:N30) -> 168 | R30: 0300-0400 | S30: =SUM(C90:C93) -> 38 | T30: =SUM(D90:D93) -> 11 | U30: =SUM(E90:E93) -> 3 | V30: =SUM(F90:F93) -> 1 | W30: =SUM(G90:G93) -> 0 | X30: =SUM(H90:H93) -> 0 | Y30: =SUM(I90:I93) -> 1 | Z30: =SUM(J90:J93) -> 0 | ... AF30: =SUM(P90:P93) -> 85
B31: 12.15 - 12.30 | C31: 53 | D31: 27 | E31: 11 | F31: 17 | G31: 0 | H31: 0 | I31: 2 | J31: 1 | K31: 0 | L31: 0 | M31: 82 | N31: 0 | O31: =SUM(C31:L31,N31) -> 111 | P31: =SUM(C31:N31) -> 193 | R31: 0400-0500 | S31: =SUM(C94:C97) -> 37 | T31: =SUM(D94:D97) -> 15 | U31: =SUM(E94:E97) -> 0 | V31: =SUM(F94:F97) -> 3 | W31: =SUM(G94:G97) -> 0 | X31: =SUM(H94:H97) -> 0 | Y31: =SUM(I94:I97) -> 0 | Z31: =SUM(J94:J97) -> 0 | ... AF31: =SUM(P94:P97) -> 84
B32: 12.30 - 12.45 | C32: 50 | D32: 24 | E32: 7 | F32: 14 | G32: 0 | H32: 0 | I32: 0 | J32: 0 | K32: 0 | L32: 0 | M32: 78 | N32: 0 | O32: =SUM(C32:L32,N32) -> 95 | P32: =SUM(C32:N32) -> 173 | R32: 0500-0600 | S32: =SUM(C98:C101) -> 74 | T32: =SUM(D98:D101) -> 40 | U32: =SUM(E98:E101) -> 1 | V32: =SUM(F98:F101) -> 3 | W32: =SUM(G98:G101) -> 0 | X32: =SUM(H98:H101) -> 0 | Y32: =SUM(I98:I101) -> 1 | Z32: =SUM(J98:J101) -> 0 | ... AF32: =SUM(P98:P101) -> 178
B33: 12.45 - 13.00 | C33: 67 | D33: 21 | E33: 12 | F33: 12 | G33: 0 | H33: 0 | I33: 1 | J33: 0 | K33: 0 | L33: 0 | M33: 81 | N33: 0 | O33: =SUM(C33:L33,N33) -> 113 | P33: =SUM(C33:N33) -> 194 | R33: 0600-0700 | S33: =SUM(C102:C105) -> 80 | T33: =SUM(D102:D105) -> 43 | U33: =SUM(E102:E105) -> 3 | V33: =SUM(F102:F105) -> 6 | W33: =SUM(G102:G105) -> 0 | X33: =SUM(H102:H105) -> 0 | Y33: =SUM(I102:I105) -> 1 | Z33: =SUM(J102:J105) -> 0 | ... AF33: =SUM(P102:P105) -> 224
B34: 13.00 - 13.15 | C34: 48 | D34: 32 | E34: 10 | F34: 12 | G34: 0 | H34: 0 | I34: 2 | J34: 1 | K34: 0 | L34: 0 | M34: 76 | N34: 0 | O34: =SUM(C34:L34,N34) -> 105 | P34: =SUM(C34:N34) -> 181 | R34: AM Peak Hr | S34: =MAX(S10:S12) -> 102 | T34: =MAX(T10:T12) -> 56 | U34: =MAX(U10:U12) -> 23 | V34: =MAX(V10:V12) -> 28 | W34: =MAX(W10:W12) -> 0 | X34: =MAX(X10:X12) -> 0 | Y34: =MAX(Y10:Y12) -> 12 | Z34: =MAX(Z10:Z12) -> 1 | ... AF34: =MAX(AF10:AF12) -> 482
B35: 13.15 - 13.30 | C35: 53 | D35: 38 | E35: 19 | F35: 21 | G35: 0 | H35: 0 | I35: 3 | J35: 0 | K35: 0 | L35: 0 | M35: 81 | N35: 0 | O35: =SUM(C35:L35,N35) -> 134 | P35: =SUM(C35:N35) -> 215 | R35: IP Peak Hr | S35: =MAX(S13:S18) -> 298 | T35: =MAX(T13:T18) -> 170 | U35: =MAX(U13:U18) -> 99 | V35: =MAX(V13:V18) -> 120 | W35: =MAX(W13:W18) -> 1 | X35: =MAX(X13:X18) -> 0 | Y35: =MAX(Y13:Y18) -> 15 | Z35: =MAX(Z13:Z18) -> 13 | ... AF35: =MAX(AF13:AF18) -> 988
B36: 13.30 - 13.45 | C36: 51 | D36: 36 | E36: 14 | F36: 18 | G36: 0 | H36: 0 | I36: 2 | J36: 0 | K36: 1 | L36: 0 | M36: 80 | N36: 0 | O36: =SUM(C36:L36,N36) -> 122 | P36: =SUM(C36:N36) -> 202 | R36: PM Peak Hr | S36: =MAX(S19:S21) -> 267 | T36: =MAX(T19:T21) -> 171 | U36: =MAX(U19:U21) -> 50 | V36: =MAX(V19:V21) -> 93 | W36: =MAX(W19:W21) -> 0 | X36: =MAX(X19:X21) -> 0 | Y36: =MAX(Y19:Y21) -> 11 | Z36: =MAX(Z19:Z21) -> 8 | ... AF36: =MAX(AF19:AF21) -> 915
B37: 13.45 - 14.00 | C37: 62 | D37: 41 | E37: 12 | F37: 16 | G37: 0 | H37: 0 | I37: 3 | J37: 0 | K37: 0 | L37: 0 | M37: 73 | N37: 0 | O37: =SUM(C37:L37,N37) -> 134 | P37: =SUM(C37:N37) -> 207 | R37: AM Period | S37: =SUM(S10:S12) -> 199 | T37: =SUM(T10:T12) -> 116 | U37: =SUM(U10:U12) -> 57 | V37: =SUM(V10:V12) -> 68 | W37: =SUM(W10:W12) -> 0 | X37: =SUM(X10:X12) -> 0 | Y37: =SUM(Y10:Y12) -> 21 | Z37: =SUM(Z10:Z12) -> 3 | ... AF37: =SUM(AF10:AF12) -> 991
B38: 14.00 - 14.15 | C38: 78 | D38: 45 | E38: 13 | F38: 27 | G38: 0 | H38: 0 | I38: 4 | J38: 0 | K38: 0 | L38: 0 | M38: 83 | N38: 0 | O38: =SUM(C38:L38,N38) -> 167 | P38: =SUM(C38:N38) -> 250 | R38: IP Period | S38: =SUM(S13:S18) -> 1364 | T38: =SUM(T13:T18) -> 721 | U38: =SUM(U13:U18) -> 305 | V38: =SUM(V13:V18) -> 441 | W38: =SUM(W13:W18) -> 2 | X38: =SUM(X13:X18) -> 0 | Y38: =SUM(Y13:Y18) -> 67 | Z38: =SUM(Z13:Z18) -> 29 | ... AF38: =SUM(AF13:AF18) -> 4828
B39: 14.15 - 14.30 | C39: 72 | D39: 43 | E39: 17 | F39: 31 | G39: 0 | H39: 0 | I39: 3 | J39: 2 | K39: 0 | L39: 0 | M39: 78 | N39: 0 | O39: =SUM(C39:L39,N39) -> 168 | P39: =SUM(C39:N39) -> 246 | R39: PM Period | S39: =SUM(S19:S21) -> 748 | T39: =SUM(T19:T21) -> 417 | U39: =SUM(U19:U21) -> 141 | V39: =SUM(V19:V21) -> 238 | W39: =SUM(W19:W21) -> 0 | X39: =SUM(X19:X21) -> 0 | Y39: =SUM(Y19:Y21) -> 32 | Z39: =SUM(Z19:Z21) -> 11 | ... AF39: =SUM(AF19:AF21) -> 2413
B40: 14.30 - 14.45 | C40: 70 | D40: 39 | E40: 16 | F40: 33 | G40: 0 | H40: 0 | I40: 3 | J40: 2 | K40: 0 | L40: 0 | M40: 82 | N40: 0 | O40: =SUM(C40:L40,N40) -> 163 | P40: =SUM(C40:N40) -> 245 | R40: 12 Hours | S40: =SUM(S10:S21) -> 2311 | T40: =SUM(T10:T21) -> 1254 | U40: =SUM(U10:U21) -> 503 | V40: =SUM(V10:V21) -> 747 | W40: =SUM(W10:W21) -> 2 | X40: =SUM(X10:X21) -> 0 | Y40: =SUM(Y10:Y21) -> 120 | Z40: =SUM(Z10:Z21) -> 43 | ... AF40: =SUM(AF10:AF21) -> 8232
B41: 14.45 - 15.00 | C41: 78 | D41: 43 | E41: 14 | F41: 29 | G41: 0 | H41: 0 | I41: 2 | J41: 3 | K41: 0 | L41: 0 | M41: 78 | N41: 0 | O41: =SUM(C41:L41,N41) -> 169 | P41: =SUM(C41:N41) -> 247 | R41: 24 Hrs/ADT | S41: =SUM(S10:S33) -> 4661 | T41: =SUM(T10:T33) -> 2868 | U41: =SUM(U10:U33) -> 574 | V41: =SUM(V10:V33) -> 851 | W41: =SUM(W10:W33) -> 3 | X41: =SUM(X10:X33) -> 0 | Y41: =SUM(Y10:Y33) -> 159 | Z41: =SUM(Z10:Z33) -> 44 | ... AF41: =SUM(AF10:AF33) -> 14844
B42: 15.00 - 15.15 | C42: 88 | D42: 34 | E42: 17 | F42: 29 | G42: 0 | H42: 0 | I42: 2 | J42: 2 | K42: 0 | L42: 0 | M42: 87 | N42: 0 | O42: =SUM(C42:L42,N42) -> 172 | P42: =SUM(C42:N42) -> 259 | R42: NEF | S42: =S41/S40 -> 2.0168758 | T42: =T41/T40 -> 2.2870813 | U42: =U41/U40 -> 1.1411531 | V42: =V41/V40 -> 1.1392236 | W42: =W41/W40 -> 1.5 | X42: =X41/X40 -> #DIV/0! | Y42: =Y41/Y40 -> 1.325 | Z42: =Z41/Z40 -> 1.0232558 | ... AF42: =AF41/AF40 -> 1.803207
B43: 15.15 - 15.30 | C43: 64 | D43: 31 | E43: 43 | F43: 31 | G43: 0 | H43: 0 | I43: 1 | J43: 0 | K43: 0 | L43: 0 | M43: 81 | N43: 0 | O43: =SUM(C43:L43,N43) -> 170 | P43: =SUM(C43:N43) -> 251
B44: 15.30 - 15.45 | C44: 58 | D44: 39 | E44: 23 | F44: 27 | G44: 0 | H44: 0 | I44: 6 | J44: 0 | K44: 0 | L44: 0 | M44: 78 | N44: 0 | O44: =SUM(C44:L44,N44) -> 153 | P44: =SUM(C44:N44) -> 231
B45: 15.45 - 16.00 | C45: 69 | D45: 37 | E45: 16 | F45: 21 | G45: 1 | H45: 0 | I45: 3 | J45: 2 | K45: 0 | L45: 0 | M45: 84 | N45: 0 | O45: =SUM(C45:L45,N45) -> 149 | P45: =SUM(C45:N45) -> 233
B46: 16.00 - 16.15 | C46: 65 | D46: 29 | E46: 11 | F46: 17 | G46: 0 | H46: 0 | I46: 2 | J46: 3 | K46: 0 | L46: 0 | M46: 61 | N46: 0 | O46: =SUM(C46:L46,N46) -> 127 | P46: =SUM(C46:N46) -> 188
B47: 16.15 -16.30 | C47: 56 | D47: 35 | E47: 8 | F47: 10 | G47: 0 | H47: 0 | I47: 3 | J47: 2 | K47: 1 | L47: 0 | M47: 56 | N47: 0 | O47: =SUM(C47:L47,N47) -> 115 | P47: =SUM(C47:N47) -> 171
B48: 16.30 -16.45 | C48: 59 | D48: 27 | E48: 11 | F48: 15 | G48: 0 | H48: 0 | I48: 2 | J48: 0 | K48: 0 | L48: 0 | M48: 53 | N48: 0 | O48: =SUM(C48:L48,N48) -> 114 | P48: =SUM(C48:N48) -> 167
B49: 16.45 -17.00 | C49: 57 | D49: 23 | E49: 13 | F49: 19 | G49: 0 | H49: 0 | I49: 4 | J49: 3 | K49: 1 | L49: 0 | M49: 63 | N49: 0 | O49: =SUM(C49:L49,N49) -> 120 | P49: =SUM(C49:N49) -> 183
B50: 17.00 -17.15 | C50: 58 | D50: 36 | E50: 13 | F50: 31 | G50: 0 | H50: 0 | I50: 2 | J50: 0 | K50: 0 | L50: 0 | M50: 62 | N50: 0 | O50: =SUM(C50:L50,N50) -> 140 | P50: =SUM(C50:N50) -> 202
B51: 17.15 -17.30 | C51: 53 | D51: 31 | E51: 11 | F51: 24 | G51: 0 | H51: 0 | I51: 2 | J51: 0 | K51: 0 | L51: 0 | M51: 58 | N51: 0 | O51: =SUM(C51:L51,N51) -> 121 | P51: =SUM(C51:N51) -> 179
B52: 17.30 -17.45 | C52: 63 | D52: 30 | E52: 13 | F52: 20 | G52: 0 | H52: 0 | I52: 4 | J52: 3 | K52: 0 | L52: 0 | M52: 62 | N52: 0 | O52: =SUM(C52:L52,N52) -> 133 | P52: =SUM(C52:N52) -> 195
B53: 17.45 -18.00 | C53: 70 | D53: 35 | E53: 11 | F53: 18 | G53: 0 | H53: 0 | I53: 2 | J53: 0 | K53: 0 | L53: 0 | M53: 77 | N53: 0 | O53: =SUM(C53:L53,N53) -> 136 | P53: =SUM(C53:N53) -> 213
B54: 18.00 - 18.15 | C54: 68 | D54: 45 | E54: 9 | F54: 19 | G54: 0 | H54: 0 | I54: 5 | J54: 0 | K54: 0 | L54: 0 | M54: 88 | N54: 0 | O54: =SUM(C54:L54,N54) -> 146 | P54: =SUM(C54:N54) -> 234
... B105: 06.45 - 07.00 | C105: 32 | D105: 19 | E105: 1 | F105: 3 | G105: 0 | H105: 0 | I105: 1 | J105: 0 | K105: 0 | L105: 0 | M105: 26 | N105: 0 | O105: =SUM(C105:L105,N105) -> 56 | P105: =SUM(C105:N105) -> 82
B106: Totals | C106: =SUM(C10:C105) -> 4661 | D106: =SUM(D10:D105) -> 2868 | E106: =SUM(E10:E105) -> 574 | F106: =SUM(F10:F105) -> 851 | G106: =SUM(G10:G105) -> 3 | H106: =SUM(H10:H105) -> 0 | I106: =SUM(I10:I105) -> 159 | J106: =SUM(J10:J105) -> 44 | ... P106: =SUM(P10:P105) -> 14844
B107: %ges + MCs | C107: =C106/$P$106 -> 0.31399892 | D107: =D106/$P$106 -> 0.19320938 | E107: =E106/$P$106 -> 0.038668822 | F107: =F106/$P$106 -> 0.057329561 | G107: =G106/$P$106 -> 0.00020210186 | H107: =H106/$P$106 -> 0 | I107: =I106/$P$106 -> 0.010711399 | J107: =J106/$P$106 -> 0.0029641606 | ... N107: =N106/$P$106 -> 6.7367286e-05
B108: %ges w/o MCs | C108: =C106/$O$106 -> 0.50845424 | D108: =D106/$O$106 -> 0.31286135 | E108: =E106/$O$106 -> 0.062615905 | F108: =F106/$O$106 -> 0.092832988 | G108: =G106/$O$106 -> 0.00032726083 | H108: =H106/$O$106 -> 0 | I108: =I106/$O$106 -> 0.017344824 | J108: =J106/$O$106 -> 0.0047998255 | ... L108: =L106/$O$106 -> 0 | N108: =N106/$O$106 -> 0.00010908694

Sheet 04.08 Kisasi-Bukoto
B1: Consultancy services for Preparation of Expressway Development Master Plan (EDMP) for Uganda
B2: MANUAL CLASSIFIED COUNT (MCC)
B3: ROAD NAME: | C3: ='29.07 Kisasi-Bukoto'!C3:G3 -> MCC - C1 - STN32 - BUKOTO KISASI ROAD
C5: Date | D5: 04.08.19 | F5: Location | G5: ='03.08 Bukoto-Kisasi'!G5:H5 -> KISASI | J5: Surveyor | K5: ='03.08 Bukoto-Kisasi'!K5:L5 -> RWAMBITITO J./NICHOL A./GEORGE W.
C6: Dir. From | D6: ='29.07 Kisasi-Bukoto'!D6:E6 -> KISASI | F6: Dir. To | G6: ='29.07 Kisasi-Bukoto'!G6:H6 -> BUKOTO | J6: Supervisor | K6: ='03.08 Bukoto-Kisasi'!K6:L6 -> SALIMA L.
B8: Time / Veh Type | R8: SUMMARY TRAFFIC VOLUMES
C9: 1. Car | D9: 2. Station Wagon | E9: 3. Pickups | F9: 4. Minibus, matatu | G9: 5. Medium bus | H9: 6. Large Bus | I9: 7. Light Truck | J9: 8. Medium Truck | K9: 9. Heavy truck | L9: 10. Truck Trailer | M9: 11. Motor cycles | N9: 12. Tractors | O9: Total Excl M/Cycles | P9: Total All | R9: Time | S9: 1. Car | T9: 2. Station Wagon | U9: 3. Pickups | V9: 4. Minibus, matatu | W9: 5. Medium bus | X9: 6. Large Bus | Y9: 7. Light Truck | Z9: 8. Medium Truck | AA9: 9. Heavy truck | AB9: 10. Truck Trailer | AC9: 11. Motorcycles | AD9: 12. Tractors, Graders | AE9: Total Excl M/ Cycles | AF9: Total All
B10: 07.00 - 07.15 | C10: 25 | D10: 4 | E10: 1 | F10: 7 | G10: 1 | H10: 0 | I10: 3 | J10: 0 | K10: 0 | L10: 0 | M10: 42 | N10: 0 | O10: =SUM(C10:L10,N10) -> 41 | P10: =SUM(C10:N10) -> 83 | R10: 0700-0800 | S10: =SUM(C10:C13) -> 94 | T10: =SUM(D10:D13) -> 45 | U10: =SUM(E10:E13) -> 4 | V10: =SUM(F10:F13) -> 31 | W10: =SUM(G10:G13) -> 1 | X10: =SUM(H10:H13) -> 0 | Y10: =SUM(I10:I13) -> 9 | Z10: =SUM(J10:J13) -> 0 | ... AF10: =SUM(P10:P13) -> 392
B11: 07.15 - 07.30 | C11: 16 | D11: 15 | E11: 1 | F11: 7 | G11: 0 | H11: 0 | I11: 3 | J11: 0 | K11: 0 | L11: 0 | M11: 53 | N11: 0 | O11: =SUM(C11:L11,N11) -> 42 | P11: =SUM(C11:N11) -> 95 | R11: 0800-0900 | S11: =SUM(C14:C17) -> 153 | T11: =SUM(D14:D17) -> 74 | U11: =SUM(E14:E17) -> 4 | V11: =SUM(F14:F17) -> 38 | W11: =SUM(G14:G17) -> 0 | X11: =SUM(H14:H17) -> 0 | Y11: =SUM(I14:I17) -> 11 | Z11: =SUM(J14:J17) -> 0 | ... AF11: =SUM(P14:P17) -> 504
B12: 07.30 - 07.45 | C12: 33 | D12: 16 | E12: 1 | F12: 9 | G12: 0 | H12: 0 | I12: 2 | J12: 0 | K12: 0 | L12: 0 | M12: 48 | N12: 0 | O12: =SUM(C12:L12,N12) -> 61 | P12: =SUM(C12:N12) -> 109 | R12: 0900-1000 | S12: =SUM(C18:C21) -> 184 | T12: =SUM(D18:D21) -> 102 | U12: =SUM(E18:E21) -> 5 | V12: =SUM(F18:F21) -> 34 | W12: =SUM(G18:G21) -> 0 | X12: =SUM(H18:H21) -> 0 | Y12: =SUM(I18:I21) -> 7 | Z12: =SUM(J18:J21) -> 2 | ... AF12: =SUM(P18:P21) -> 597
B13: 07.45 - 08.00 | C13: 20 | D13: 10 | E13: 1 | F13: 8 | G13: 0 | H13: 0 | I13: 1 | J13: 0 | K13: 0 | L13: 0 | M13: 65 | N13: 0 | O13: =SUM(C13:L13,N13) -> 40 | P13: =SUM(C13:N13) -> 105 | R13: 1000-1100 | S13: =SUM(C22:C25) -> 203 | T13: =SUM(D22:D25) -> 148 | U13: =SUM(E22:E25) -> 4 | V13: =SUM(F22:F25) -> 44 | W13: =SUM(G22:G25) -> 0 | X13: =SUM(H22:H25) -> 0 | Y13: =SUM(I22:I25) -> 12 | Z13: =SUM(J22:J25) -> 0 | ... AF13: =SUM(P22:P25) -> 740
B14: 08.00 - 08.15 | C14: 25 | D14: 17 | E14: 1 | F14: 7 | G14: 0 | H14: 0 | I14: 2 | J14: 0 | K14: 0 | L14: 0 | M14: 62 | N14: 0 | O14: =SUM(C14:L14,N14) -> 52 | P14: =SUM(C14:N14) -> 114 | R14: 1100-1200 | S14: =SUM(C26:C29) -> 213 | T14: =SUM(D26:D29) -> 135 | U14: =SUM(E26:E29) -> 5 | V14: =SUM(F26:F29) -> 44 | W14: =SUM(G26:G29) -> 0 | X14: =SUM(H26:H29) -> 0 | Y14: =SUM(I26:I29) -> 12 | Z14: =SUM(J26:J29) -> 2 | ... AF14: =SUM(P26:P29) -> 729
B15: 08.15 - 08.30 | C15: 32 | D15: 17 | E15: 1 | F15: 11 | G15: 0 | H15: 0 | I15: 4 | J15: 0 | K15: 0 | L15: 0 | M15: 50 | N15: 0 | O15: =SUM(C15:L15,N15) -> 65 | P15: =SUM(C15:N15) -> 115 | R15: 1200-1300 | S15: =SUM(C30:C33) -> 111 | T15: =SUM(D30:D33) -> 90 | U15: =SUM(E30:E33) -> 4 | V15: =SUM(F30:F33) -> 37 | W15: =SUM(G30:G33) -> 0 | X15: =SUM(H30:H33) -> 0 | Y15: =SUM(I30:I33) -> 6 | Z15: =SUM(J30:J33) -> 0 | ... AF15: =SUM(P30:P33) -> 560
B16: 08.30 - 08.45 | C16: 48 | D16: 19 | E16: 1 | F16: 9 | G16: 0 | H16: 0 | I16: 3 | J16: 0 | K16: 0 | L16: 0 | M16: 47 | N16: 0 | O16: =SUM(C16:L16,N16) -> 80 | P16: =SUM(C16:N16) -> 127 | R16: 1300-1400 | S16: =SUM(C34:C37) -> 136 | T16: =SUM(D34:D37) -> 76 | U16: =SUM(E34:E37) -> 3 | V16: =SUM(F34:F37) -> 23 | W16: =SUM(G34:G37) -> 0 | X16: =SUM(H34:H37) -> 0 | Y16: =SUM(I34:I37) -> 9 | Z16: =SUM(J34:J37) -> 1 | ... AF16: =SUM(P34:P37) -> 583
B17: 08.45 - 9.00 | C17: 48 | D17: 21 | E17: 1 | F17: 11 | G17: 0 | H17: 0 | I17: 2 | J17: 0 | K17: 0 | L17: 0 | M17: 65 | N17: 0 | O17: =SUM(C17:L17,N17) -> 83 | P17: =SUM(C17:N17) -> 148 | R17: 1400-1500 | S17: =SUM(C38:C41) -> 166 | T17: =SUM(D38:D41) -> 112 | U17: =SUM(E38:E41) -> 2 | V17: =SUM(F38:F41) -> 38 | W17: =SUM(G38:G41) -> 0 | X17: =SUM(H38:H41) -> 0 | Y17: =SUM(I38:I41) -> 9 | Z17: =SUM(J38:J41) -> 0 | ... AF17: =SUM(P38:P41) -> 643
B18: 09.00 - 09.15 | C18: 59 | D18: 31 | E18: 3 | F18: 7 | G18: 0 | H18: 0 | I18: 2 | J18: 0 | K18: 0 | L18: 0 | M18: 65 | N18: 0 | O18: =SUM(C18:L18,N18) -> 102 | P18: =SUM(C18:N18) -> 167 | R18: 1500-1600 | S18: =SUM(C42:C45) -> 200 | T18: =SUM(D42:D45) -> 101 | U18: =SUM(E42:E45) -> 2 | V18: =SUM(F42:F45) -> 24 | W18: =SUM(G42:G45) -> 0 | X18: =SUM(H42:H45) -> 0 | Y18: =SUM(I42:I45) -> 8 | Z18: =SUM(J42:J45) -> 0 | ... AF18: =SUM(P42:P45) -> 641
B19: 09.15 - 09.30 | C19: 38 | D19: 22 | E19: 0 | F19: 6 | G19: 0 | H19: 0 | I19: 2 | J19: 1 | K19: 0 | L19: 0 | M19: 67 | N19: 0 | O19: =SUM(C19:L19,N19) -> 69 | P19: =SUM(C19:N19) -> 136 | R19: 1600-1700 | S19: =SUM(C46:C49) -> 223 | T19: =SUM(D46:D49) -> 105 | U19: =SUM(E46:E49) -> 2 | V19: =SUM(F46:F49) -> 34 | W19: =SUM(G46:G49) -> 0 | X19: =SUM(H46:H49) -> 0 | Y19: =SUM(I46:I49) -> 10 | Z19: =SUM(J46:J49) -> 2 | ... AF19: =SUM(P46:P49) -> 705
B20: 09.30 - 09.45 | C20: 39 | D20: 23 | E20: 1 | F20: 9 | G20: 0 | H20: 0 | I20: 1 | J20: 0 | K20: 0 | L20: 0 | M20: 68 | N20: 0 | O20: =SUM(C20:L20,N20) -> 73 | P20: =SUM(C20:N20) -> 141 | R20: 1700-1800 | S20: =SUM(C50:C53) -> 208 | T20: =SUM(D50:D53) -> 128 | U20: =SUM(E50:E53) -> 1 | V20: =SUM(F50:F53) -> 34 | W20: =SUM(G50:G53) -> 0 | X20: =SUM(H50:H53) -> 0 | Y20: =SUM(I50:I53) -> 6 | Z20: =SUM(J50:J53) -> 0 | ... AF20: =SUM(P50:P53) -> 708
B21: 09.45 - 10.00 | C21: 48 | D21: 26 | E21: 1 | F21: 12 | G21: 0 | H21: 0 | I21: 2 | J21: 1 | K21: 0 | L21: 0 | M21: 63 | N21: 0 | O21: =SUM(C21:L21,N21) -> 90 | P21: =SUM(C21:N21) -> 153 | R21: 1800-1900 | S21: =SUM(C54:C57) -> 208 | T21: =SUM(D54:D57) -> 110 | U21: =SUM(E54:E57) -> 3 | V21: =SUM(F54:F57) -> 35 | W21: =SUM(G54:G57) -> 0 | X21: =SUM(H54:H57) -> 0 | Y21: =SUM(I54:I57) -> 9 | Z21: =SUM(J54:J57) -> 0 | ... AF21: =SUM(P54:P57) -> 714
B22: 10.00 - 10.15 | C22: 42 | D22: 28 | E22: 2 | F22: 8 | G22: 0 | H22: 0 | I22: 3 | J22: 0 | K22: 0 | L22: 0 | M22: 77 | N22: 0 | O22: =SUM(C22:L22,N22) -> 83 | P22: =SUM(C22:N22) -> 160 | R22: AM Peak Hr | S22: =MAX(S10:S12) -> 184 | T22: =MAX(T10:T12) -> 102 | U22: =MAX(U10:U12) -> 5 | V22: =MAX(V10:V12) -> 38 | W22: =MAX(W10:W12) -> 1 | X22: =MAX(X10:X12) -> 0 | Y22: =MAX(Y10:Y12) -> 11 | Z22: =MAX(Z10:Z12) -> 2 | ... AF22: =MAX(AF10:AF12) -> 597
B23: 10.15 - 10.30 | C23: 55 | D23: 41 | E23: 1 | F23: 15 | G23: 0 | H23: 0 | I23: 3 | J23: 0 | K23: 0 | L23: 0 | M23: 95 | N23: 0 | O23: =SUM(C23:L23,N23) -> 115 | P23: =SUM(C23:N23) -> 210 | R23: IP Peak Hr | S23: =MAX(S13:S18) -> 213 | T23: =MAX(T13:T18) -> 148 | U23: =MAX(U13:U18) -> 5 | V23: =MAX(V13:V18) -> 44 | W23: =MAX(W13:W18) -> 0 | X23: =MAX(X13:X18) -> 0 | Y23: =MAX(Y13:Y18) -> 12 | Z23: =MAX(Z13:Z18) -> 2 | ... AF23: =MAX(AF13:AF18) -> 740
B24: 10.30 - 10.45 | C24: 53 | D24: 45 | E24: 1 | F24: 12 | G24: 0 | H24: 0 | I24: 4 | J24: 0 | K24: 0 | L24: 0 | M24: 95 | N24: 0 | O24: =SUM(C24:L24,N24) -> 115 | P24: =SUM(C24:N24) -> 210 | R24: PM Peak Hr | S24: =MAX(S19:S21) -> 223 | T24: =MAX(T19:T21) -> 128 | U24: =MAX(U19:U21) -> 3 | V24: =MAX(V19:V21) -> 35 | W24: =MAX(W19:W21) -> 0 | X24: =MAX(X19:X21) -> 0 | Y24: =MAX(Y19:Y21) -> 10 | Z24: =MAX(Z19:Z21) -> 2 | ... AF24: =MAX(AF19:AF21) -> 714
B25: 10.45 - 11.00 | C25: 53 | D25: 34 | E25: 0 | F25: 9 | G25: 0 | H25: 0 | I25: 2 | J25: 0 | K25: 0 | L25: 0 | M25: 62 | N25: 0 | O25: =SUM(C25:L25,N25) -> 98 | P25: =SUM(C25:N25) -> 160 | R25: AM Period | S25: =SUM(S10:S12) -> 431 | T25: =SUM(T10:T12) -> 221 | U25: =SUM(U10:U12) -> 13 | V25: =SUM(V10:V12) -> 103 | W25: =SUM(W10:W12) -> 1 | X25: =SUM(X10:X12) -> 0 | Y25: =SUM(Y10:Y12) -> 27 | Z25: =SUM(Z10:Z12) -> 2 | ... AF25: =SUM(AF10:AF12) -> 1493
B26: 11.00 - 11.15 | C26: 53 | D26: 36 | E26: 3 | F26: 13 | G26: 0 | H26: 0 | I26: 3 | J26: 0 | K26: 0 | L26: 0 | M26: 74 | N26: 0 | O26: =SUM(C26:L26,N26) -> 108 | P26: =SUM(C26:N26) -> 182 | R26: IP Period | S26: =SUM(S13:S18) -> 1029 | T26: =SUM(T13:T18) -> 662 | U26: =SUM(U13:U18) -> 20 | V26: =SUM(V13:V18) -> 210 | W26: =SUM(W13:W18) -> 0 | X26: =SUM(X13:X18) -> 0 | Y26: =SUM(Y13:Y18) -> 56 | Z26: =SUM(Z13:Z18) -> 3 | ... AF26: =SUM(AF13:AF18) -> 3896
B27: 11.15 - 11.30 | C27: 55 | D27: 39 | E27: 2 | F27: 8 | G27: 0 | H27: 0 | I27: 4 | J27: 0 | K27: 0 | L27: 0 | M27: 80 | N27: 0 | O27: =SUM(C27:L27,N27) -> 108 | P27: =SUM(C27:N27) -> 188 | R27: PM Period | S27: =SUM(S19:S21) -> 639 | T27: =SUM(T19:T21) -> 343 | U27: =SUM(U19:U21) -> 6 | V27: =SUM(V19:V21) -> 103 | W27: =SUM(W19:W21) -> 0 | X27: =SUM(X19:X21) -> 0 | Y27: =SUM(Y19:Y21) -> 25 | Z27: =SUM(Z19:Z21) -> 2 | ... AF27: =SUM(AF19:AF21) -> 2127
B28: 11.30 - 11.45 | C28: 55 | D28: 32 | E28: 0 | F28: 13 | G28: 0 | H28: 0 | I28: 2 | J28: 2 | K28: 0 | L28: 0 | M28: 77 | N28: 0 | O28: =SUM(C28:L28,N28) -> 104 | P28: =SUM(C28:N28) -> 181 | R28: 12 Hours | S28: =SUM(S10:S21) -> 2099 | T28: =SUM(T10:T21) -> 1226 | U28: =SUM(U10:U21) -> 39 | V28: =SUM(V10:V21) -> 416 | W28: =SUM(W10:W21) -> 1 | X28: =SUM(X10:X21) -> 0 | Y28: =SUM(Y10:Y21) -> 108 | Z28: =SUM(Z10:Z21) -> 7 | ... AF28: =SUM(AF10:AF21) -> 7516
B29: 11.45 - 12.00 | C29: 50 | D29: 28 | E29: 0 | F29: 10 | G29: 0 | H29: 0 | I29: 3 | J29: 0 | K29: 0 | L29: 0 | M29: 87 | N29: 0 | O29: =SUM(C29:L29,N29) -> 91 | P29: =SUM(C29:N29) -> 178
B30: 12.00 - 12.15 | C30: 22 | D30: 27 | E30: 0 | F30: 13 | G30: 0 | H30: 0 | I30: 2 | J30: 0 | K30: 0 | L30: 0 | M30: 78 | N30: 0 | O30: =SUM(C30:L30,N30) -> 64 | P30: =SUM(C30:N30) -> 142
B31: 12.15 - 12.30 | C31: 26 | D31: 16 | E31: 3 | F31: 5 | G31: 0 | H31: 0 | I31: 2 | J31: 0 | K31: 0 | L31: 0 | M31: 72 | N31: 0 | O31: =SUM(C31:L31,N31) -> 52 | P31: =SUM(C31:N31) -> 124
B32: 12.30 - 12.45 | C32: 36 | D32: 19 | E32: 0 | F32: 10 | G32: 0 | H32: 0 | I32: 1 | J32: 0 | K32: 0 | L32: 0 | M32: 79 | N32: 0 | O32: =SUM(C32:L32,N32) -> 66 | P32: =SUM(C32:N32) -> 145
B33: 12.45 - 13.00 | C33: 27 | D33: 28 | E33: 1 | F33: 9 | G33: 0 | H33: 0 | I33: 1 | J33: 0 | K33: 0 | L33: 0 | M33: 83 | N33: 0 | O33: =SUM(C33:L33,N33) -> 66 | P33: =SUM(C33:N33) -> 149
B34: 13.00 - 13.15 | C34: 32 | D34: 17 | E34: 0 | F34: 5 | G34: 0 | H34: 0 | I34: 3 | J34: 0 | K34: 0 | L34: 0 | M34: 100 | N34: 0 | O34: =SUM(C34:L34,N34) -> 57 | P34: =SUM(C34:N34) -> 157
B35: 13.15 - 13.30 | C35: 38 | D35: 23 | E35: 1 | F35: 7 | G35: 0 | H35: 0 | I35: 3 | J35: 0 | K35: 0 | L35: 0 | M35: 82 | N35: 0 | O35: =SUM(C35:L35,N35) -> 72 | P35: =SUM(C35:N35) -> 154
B36: 13.30 - 13.45 | C36: 38 | D36: 21 | E36: 2 | F36: 6 | G36: 0 | H36: 0 | I36: 3 | J36: 1 | K36: 0 | L36: 0 | M36: 75 | N36: 0 | O36: =SUM(C36:L36,N36) -> 71 | P36: =SUM(C36:N36) -> 146
B37: 13.45 - 14.00 | C37: 28 | D37: 15 | E37: 0 | F37: 5 | G37: 0 | H37: 0 | I37: 0 | J37: 0 | K37: 0 | L37: 0 | M37: 78 | N37: 0 | O37: =SUM(C37:L37,N37) -> 48 | P37: =SUM(C37:N37) -> 126
