Workbook

Sheet 29.07 Kyanja -Kisaasi
B1: Consultancy services for Preparation of Expressway Development Master Plan (EDMP) for Uganda
B2: MANUAL CLASSIFIED COUNT (MCC)
B3: ROAD NAME: | C3: MCC - C1 - STN34- KISAASI-KYANJA ROAD
C5: Date | D5: 29.07.19 | F5: Location | G5: Malcom Health center | J5: Surveyor | K5: Babirye Phiona
C6: Dir. From | D6: Kyanja | F6: Dir. To | G6: Kisaasi | J6: Supervisor | K6: Steven
B8: Time / Veh Type | R8: SUMMARY TRAFFIC VOLUMES
C9: 1. Car | D9: 2. Station Wagon | E9: 3. Pickups | F9: 4. Minibus, matatu | G9: 5. Medium bus | H9: 6. Large Bus | I9: 7. Light Truck | J9: 8. Medium Truck | K9: 9. Heavy truck | L9: 10. Truck Trailer | M9: 11. Motor cycles | N9: 12. Tractors | O9: Total Excl M/Cycles | P9: Total All | R9: Time | S9: 1. Car | T9: 2. Station Wagon | U9: 3. Pickups | V9: 4. Minibus, matatu | W9: 5. Medium bus | X9: 6. Large Bus | Y9: 7. Light Truck | Z9: 8. Medium Truck | AA9: 9. Heavy truck | AB9: 10. Truck Trailer | AC9: 11. Motorcycles | AD9: 12. Tractors, Graders | AE9: Total Excl M/ Cycles | AF9: Total All
B10: 07.00 - 07.15 | C10: 33 | D10: 0 | E10: 2 | F10: 3 | G10: 0 | H10: 1 | I10: 0 | J10: 0 | K10: 4 | L10: 0 | M10: 55 | N10: 0 | O10: =SUM(C10:L10,N10) -> 43 | P10: =SUM(C10:N10) -> 98 | R10: 0700-0800 | S10: =SUM(C10:C13) -> 151 | T10: =SUM(D10:D13) -> 62 | U10: =SUM(E10:E13) -> 24 | V10: =SUM(F10:F13) -> 70 | W10: =SUM(G10:G13) -> 1 | X10: =SUM(H10:H13) -> 1 | Y10: =SUM(I10:I13) -> 5 | Z10: =SUM(J10:J13) -> 2 | ... AF10: =SUM(P10:P13) -> 656
B11: 07.15 - 07.30 | C11: 36 | D11: 32 | E11: 7 | F11: 12 | G11: 0 | H11: 0 | I11: 1 | J11: 0 | K11: 3 | L11: 0 | M11: 90 | N11: 0 | O11: =SUM(C11:L11,N11) -> 91 | P11: =SUM(C11:N11) -> 181 | R11: 0800-0900 | S11: =SUM(C14:C17) -> 158 | T11: =SUM(D14:D17) -> 83 | U11: =SUM(E14:E17) -> 13 | V11: =SUM(F14:F17) -> 230 | W11: =SUM(G14:G17) -> 0 | X11: =SUM(H14:H17) -> 0 | Y11: =SUM(I14:I17) -> 10 | Z11: =SUM(J14:J17) -> 7 | ... AF11: =SUM(P14:P17) -> 579
B12: 07.30 - 07.45 | C12: 40 | D12: 15 | E12: 7 | F12: 26 | G12: 0 | H12: 0 | I12: 3 | J12: 2 | K12: 4 | L12: 0 | M12: 87 | N12: 0 | O12: =SUM(C12:L12,N12) -> 97 | P12: =SUM(C12:N12) -> 184 | R12: 0900-1000 | S12: =SUM(C18:C21) -> 145 | T12: =SUM(D18:D21) -> 56 | U12: =SUM(E18:E21) -> 15 | V12: =SUM(F18:F21) -> 81 | W12: =SUM(G18:G21) -> 0 | X12: =SUM(H18:H21) -> 0 | Y12: =SUM(I18:I21) -> 21 | Z12: =SUM(J18:J21) -> 5 | ... AF12: =SUM(P18:P21) -> 700
B13: 07.45 - 08.00 | C13: 42 | D13: 15 | E13: 8 | F13: 29 | G13: 1 | H13: 0 | I13: 1 | J13: 0 | K13: 7 | L13: 0 | M13: 90 | N13: 0 | O13: =SUM(C13:L13,N13) -> 103 | P13: =SUM(C13:N13) -> 193 | R13: 1000-1100 | S13: =SUM(C22:C25) -> 112 | T13: =SUM(D22:D25) -> 70 | U13: =SUM(E22:E25) -> 34 | V13: =SUM(F22:F25) -> 62 | W13: =SUM(G22:G25) -> 0 | X13: =SUM(H22:H25) -> 0 | Y13: =SUM(I22:I25) -> 13 | Z13: =SUM(J22:J25) -> 6 | ... AF13: =SUM(P22:P25) -> 373
B14: 08.00 - 08.15 | C14: 40 | D14: 9 | E14: 5 | F14: 70 | G14: 0 | H14: 0 | I14: 2 | J14: 0 | K14: 0 | L14: 0 | M14: 18 | N14: 0 | O14: =SUM(C14:L14,N14) -> 126 | P14: =SUM(C14:N14) -> 144 | R14: 1100-1200 | S14: =SUM(C26:C29) -> 126 | T14: =SUM(D26:D29) -> 51 | U14: =SUM(E26:E29) -> 18 | V14: =SUM(F26:F29) -> 63 | W14: =SUM(G26:G29) -> 2 | X14: =SUM(H26:H29) -> 0 | Y14: =SUM(I26:I29) -> 26 | Z14: =SUM(J26:J29) -> 4 | ... AF14: =SUM(P26:P29) -> 378
B15: 08.15 - 08.30 | C15: 48 | D15: 9 | E15: 5 | F15: 70 | G15: 0 | H15: 0 | I15: 4 | J15: 6 | K15: 1 | L15: 0 | M15: 18 | N15: 0 | O15: =SUM(C15:L15,N15) -> 143 | P15: =SUM(C15:N15) -> 161 | R15: 1200-1300 | S15: =SUM(C30:C33) -> 51 | T15: =SUM(D30:D33) -> 49 | U15: =SUM(E30:E33) -> 13 | V15: =SUM(F30:F33) -> 19 | W15: =SUM(G30:G33) -> 1 | X15: =SUM(H30:H33) -> 0 | Y15: =SUM(I30:I33) -> 12 | Z15: =SUM(J30:J33) -> 6 | ... AF15: =SUM(P30:P33) -> 308
B16: 08.30 - 08.45 | C16: 30 | D16: 35 | E16: 0 | F16: 70 | G16: 0 | H16: 0 | I16: 0 | J16: 1 | K16: 2 | L16: 0 | M16: 19 | N16: 0 | O16: =SUM(C16:L16,N16) -> 138 | P16: =SUM(C16:N16) -> 157 | R16: 1300-1400 | S16: =SUM(C34:C37) -> 85 | T16: =SUM(D34:D37) -> 121 | U16: =SUM(E34:E37) -> 37 | V16: =SUM(F34:F37) -> 57 | W16: =SUM(G34:G37) -> 1 | X16: =SUM(H34:H37) -> 0 | Y16: =SUM(I34:I37) -> 13 | Z16: =SUM(J34:J37) -> 16 | ... AF16: =SUM(P34:P37) -> 654
B17: 08.45 - 9.00 | C17: 40 | D17: 30 | E17: 3 | F17: 20 | G17: 0 | H17: 0 | I17: 4 | J17: 0 | K17: 3 | L17: 2 | M17: 15 | N17: 0 | O17: =SUM(C17:L17,N17) -> 102 | P17: =SUM(C17:N17) -> 117 | R17: 1400-1500 | S17: =SUM(C38:C41) -> 94 | T17: =SUM(D38:D41) -> 117 | U17: =SUM(E38:E41) -> 29 | V17: =SUM(F38:F41) -> 53 | W17: =SUM(G38:G41) -> 0 | X17: =SUM(H38:H41) -> 2 | Y17: =SUM(I38:I41) -> 16 | Z17: =SUM(J38:J41) -> 13 | ... AF17: =SUM(P38:P41) -> 655
B18: 09.00 - 09.15 | C18: 34 | D18: 10 | E18: 2 | F18: 22 | G18: 0 | H18: 0 | I18: 7 | J18: 1 | K18: 3 | L18: 3 | M18: 95 | N18: 0 | O18: =SUM(C18:L18,N18) -> 82 | P18: =SUM(C18:N18) -> 177 | R18: 1500-1600 | S18: =SUM(C42:C45) -> 97 | T18: =SUM(D42:D45) -> 142 | U18: =SUM(E42:E45) -> 33 | V18: =SUM(F42:F45) -> 43 | W18: =SUM(G42:G45) -> 1 | X18: =SUM(H42:H45) -> 0 | Y18: =SUM(I42:I45) -> 14 | Z18: =SUM(J42:J45) -> 17 | ... AF18: =SUM(P42:P45) -> 678
B19: 09.15 - 09.30 | C19: 26 | D19: 16 | E19: 3 | F19: 4 | G19: 0 | H19: 0 | I19: 5 | J19: 2 | K19: 6 | L19: 2 | M19: 95 | N19: 0 | O19: =SUM(C19:L19,N19) -> 64 | P19: =SUM(C19:N19) -> 159 | R19: 1600-1700 | S19: =SUM(C46:C49) -> 156 | T19: =SUM(D46:D49) -> 174 | U19: =SUM(E46:E49) -> 38 | V19: =SUM(F46:F49) -> 62 | W19: =SUM(G46:G49) -> 1 | X19: =SUM(H46:H49) -> 0 | Y19: =SUM(I46:I49) -> 11 | Z19: =SUM(J46:J49) -> 8 | ... AF19: =SUM(P46:P49) -> 781
B20: 09.30 - 09.45 | C20: 50 | D20: 10 | E20: 6 | F20: 25 | G20: 0 | H20: 0 | I20: 4 | J20: 1 | K20: 1 | L20: 0 | M20: 75 | N20: 0 | O20: =SUM(C20:L20,N20) -> 97 | P20: =SUM(C20:N20) -> 172 | R20: 1700-1800 | S20: =SUM(C50:C53) -> 185 | T20: =SUM(D50:D53) -> 258 | U20: =SUM(E50:E53) -> 43 | V20: =SUM(F50:F53) -> 109 | W20: =SUM(G50:G53) -> 2 | X20: =SUM(H50:H53) -> 0 | Y20: =SUM(I50:I53) -> 9 | Z20: =SUM(J50:J53) -> 8 | ... AF20: =SUM(P50:P53) -> 1130
B21: 09.45 - 10.00 | C21: 35 | D21: 20 | E21: 4 | F21: 30 | G21: 0 | H21: 0 | I21: 5 | J21: 1 | K21: 2 | L21: 0 | M21: 95 | N21: 0 | O21: =SUM(C21:L21,N21) -> 97 | P21: =SUM(C21:N21) -> 192 | R21: 1800-1900 | S21: =SUM(C54:C57) -> 275 | T21: =SUM(D54:D57) -> 325 | U21: =SUM(E54:E57) -> 29 | V21: =SUM(F54:F57) -> 290 | W21: =SUM(G54:G57) -> 1 | X21: =SUM(H54:H57) -> 0 | Y21: =SUM(I54:I57) -> 5 | Z21: =SUM(J54:J57) -> 4 | ... AF21: =SUM(P54:P57) -> 1493
B22: 10.00 - 10.15 | C22: 30 | D22: 15 | E22: 4 | F22: 23 | G22: 0 | H22: 0 | I22: 2 | J22: 1 | K22: 2 | L22: 2 | M22: 19 | N22: 0 | O22: =SUM(C22:L22,N22) -> 79 | P22: =SUM(C22:N22) -> 98 | R22: AM Peak Hr | S22: =MAX(S10:S12) -> 158 | T22: =MAX(T10:T12) -> 83 | U22: =MAX(U10:U12) -> 24 | V22: =MAX(V10:V12) -> 230 | W22: =MAX(W10:W12) -> 1 | X22: =MAX(X10:X12) -> 1 | Y22: =MAX(Y10:Y12) -> 21 | Z22: =MAX(Z10:Z12) -> 7 | ... AF22: =MAX(AF10:AF12) -> 700
B23: 10.15 - 10.30 | C23: 40 | D23: 20 | E23: 16 | F23: 20 | G23: 0 | H23: 0 | I23: 8 | J23: 3 | K23: 2 | L23: 1 | M23: 15 | N23: 0 | O23: =SUM(C23:L23,N23) -> 110 | P23: =SUM(C23:N23) -> 125 | R23: IP Peak Hr | S23: =MAX(S13:S18) -> 126 | T23: =MAX(T13:T18) -> 142 | U23: =MAX(U13:U18) -> 37 | V23: =MAX(V13:V18) -> 63 | W23: =MAX(W13:W18) -> 2 | X23: =MAX(X13:X18) -> 2 | Y23: =MAX(Y13:Y18) -> 26 | Z23: =MAX(Z13:Z18) -> 17 | ... AF23: =MAX(AF13:AF18) -> 678
B24: 10.30 - 10.45 | C24: 22 | D24: 15 | E24: 9 | F24: 3 | G24: 0 | H24: 0 | I24: 1 | J24: 1 | K24: 2 | L24: 0 | M24: 14 | N24: 0 | O24: =SUM(C24:L24,N24) -> 53 | P24: =SUM(C24:N24) -> 67 | R24: PM Peak Hr | S24: =MAX(S19:S21) -> 275 | T24: =MAX(T19:T21) -> 325 | U24: =MAX(U19:U21) -> 43 | V24: =MAX(V19:V21) -> 290 | W24: =MAX(W19:W21) -> 2 | X24: =MAX(X19:X21) -> 0 | Y24: =MAX(Y19:Y21) -> 11 | Z24: =MAX(Z19:Z21) -> 8 | ... AF24: =MAX(AF19:AF21) -> 1493
B25: 10.45 - 11.00 | C25: 20 | D25: 20 | E25: 5 | F25: 16 | G25: 0 | H25: 0 | I25: 2 | J25: 1 | K25: 2 | L25: 2 | M25: 15 | N25: 0 | O25: =SUM(C25:L25,N25) -> 68 | P25: =SUM(C25:N25) -> 83 | R25: AM Period | S25: =SUM(S10:S12) -> 454 | T25: =SUM(T10:T12) -> 201 | U25: =SUM(U10:U12) -> 52 | V25: =SUM(V10:V12) -> 381 | W25: =SUM(W10:W12) -> 1 | X25: =SUM(X10:X12) -> 1 | Y25: =SUM(Y10:Y12) -> 36 | Z25: =SUM(Z10:Z12) -> 14 | ... AF25: =SUM(AF10:AF12) -> 1935
B26: 11.00 - 11.15 | C26: 30 | D26: 15 | E26: 5 | F26: 15 | G26: 1 | H26: 0 | I26: 5 | J26: 3 | K26: 2 | L26: 1 | M26: 18 | N26: 0 | O26: =SUM(C26:L26,N26) -> 77 | P26: =SUM(C26:N26) -> 95 | R26: IP Period | S26: =SUM(S13:S18) -> 565 | T26: =SUM(T13:T18) -> 550 | U26: =SUM(U13:U18) -> 164 | V26: =SUM(V13:V18) -> 297 | W26: =SUM(W13:W18) -> 5 | X26: =SUM(X13:X18) -> 2 | Y26: =SUM(Y13:Y18) -> 94 | Z26: =SUM(Z13:Z18) -> 62 | ... AF26: =SUM(AF13:AF18) -> 3046
B27: 11.15 - 11.30 | C27: 35 | D27: 4 | E27: 4 | F27: 20 | G27: 0 | H27: 0 | I27: 8 | J27: 0 | K27: 1 | L27: 3 | M27: 16 | N27: 0 | O27: =SUM(C27:L27,N27) -> 75 | P27: =SUM(C27:N27) -> 91 | R27: PM Period | S27: =SUM(S19:S21) -> 616 | T27: =SUM(T19:T21) -> 757 | U27: =SUM(U19:U21) -> 110 | V27: =SUM(V19:V21) -> 461 | W27: =SUM(W19:W21) -> 4 | X27: =SUM(X19:X21) -> 0 | Y27: =SUM(Y19:Y21) -> 25 | Z27: =SUM(Z19:Z21) -> 20 | ... AF27: =SUM(AF19:AF21) -> 3404
B28: 11.30 - 11.45 | C28: 36 | D28: 17 | E28: 2 | F28: 11 | G28: 0 | H28: 0 | I28: 4 | J28: 1 | K28: 3 | L28: 1 | M28: 20 | N28: 0 | O28: =SUM(C28:L28,N28) -> 75 | P28: =SUM(C28:N28) -> 95 | R28: 12 Hours | S28: =SUM(S10:S21) -> 1635 | T28: =SUM(T10:T21) -> 1508 | U28: =SUM(U10:U21) -> 326 | V28: =SUM(V10:V21) -> 1139 | W28: =SUM(W10:W21) -> 10 | X28: =SUM(X10:X21) -> 3 | Y28: =SUM(Y10:Y21) -> 155 | Z28: =SUM(Z10:Z21) -> 96 | ... AF28: =SUM(AF10:AF21) -> 8385
B29: 11.45 - 12.00 | C29: 25 | D29: 15 | E29: 7 | F29: 17 | G29: 1 | H29: 0 | I29: 9 | J29: 0 | K29: 0 | L29: 3 | M29: 20 | N29: 0 | O29: =SUM(C29:L29,N29) -> 77 | P29: =SUM(C29:N29) -> 97
B30: 12.00 - 12.15 | C30: 15 | D30: 15 | E30: 4 | F30: 9 | G30: 1 | H30: 0 | I30: 4 | J30: 1 | K30: 1 | L30: 1 | M30: 20 | N30: 0 | O30: =SUM(C30:L30,N30) -> 51 | P30: =SUM(C30:N30) -> 71
B31: 12.15 - 12.30 | C31: 26 | D31: 24 | E31: 6 | F31: 4 | G31: 0 | H31: 0 | I31: 4 | J31: 3 | K31: 2 | L31: 2 | M31: 16 | N31: 0 | O31: =SUM(C31:L31,N31) -> 71 | P31: =SUM(C31:N31) -> 87
B32: 12.30 - 12.45 | C32: 5 | D32: 5 | E32: 1 | F32: 3 | G32: 0 | H32: 0 | I32: 2 | J32: 1 | K32: 1 | L32: 1 | M32: 18 | N32: 0 | O32: =SUM(C32:L32,N32) -> 19 | P32: =SUM(C32:N32) -> 37
B33: 12.45 - 13.00 | C33: 5 | D33: 5 | E33: 2 | F33: 3 | G33: 0 | H33: 0 | I33: 2 | J33: 1 | K33: 0 | L33: 0 | M33: 95 | N33: 0 | O33: =SUM(C33:L33,N33) -> 18 | P33: =SUM(C33:N33) -> 113
B34: 13.00 - 13.15 | C34: 25 | D34: 30 | E34: 16 | F34: 26 | G34: 1 | H34: 0 | I34: 2 | J34: 7 | K34: 3 | L34: 1 | M34: 90 | N34: 0 | O34: =SUM(C34:L34,N34) -> 111 | P34: =SUM(C34:N34) -> 201
B35: 13.15 - 13.30 | C35: 15 | D35: 31 | E35: 5 | F35: 16 | G35: 0 | H35: 0 | I35: 1 | J35: 1 | K35: 1 | L35: 1 | M35: 80 | N35: 0 | O35: =SUM(C35:L35,N35) -> 71 | P35: =SUM(C35:N35) -> 151
B36: 13.30 - 13.45 | C36: 25 | D36: 30 | E36: 11 | F36: 5 | G36: 0 | H36: 0 | I36: 7 | J36: 6 | K36: 0 | L36: 3 | M36: 82 | N36: 0 | O36: =SUM(C36:L36,N36) -> 87 | P36: =SUM(C36:N36) -> 169
B37: 13.45 - 14.00 | C37: 20 | D37: 30 | E37: 5 | F37: 10 | G37: 0 | H37: 0 | I37: 3 | J37: 2 | K37: 1 | L37: 2 | M37: 60 | N37: 0 | O37: =SUM(C37:L37,N37) -> 73 | P37: =SUM(C37:N37) -> 133
B38: 14.00 - 14.15 | C38: 20 | D38: 25 | E38: 9 | F38: 9 | G38: 0 | H38: 0 | I38: 5 | J38: 2 | K38: 0 | L38: 2 | M38: 80 | N38: 0 | O38: =SUM(C38:L38,N38) -> 72 | P38: =SUM(C38:N38) -> 152
B39: 14.15 - 14.30 | C39: 30 | D39: 27 | E39: 8 | F39: 17 | G39: 0 | H39: 0 | I39: 1 | J39: 3 | K39: 0 | L39: 0 | M39: 85 | N39: 0 | O39: =SUM(C39:L39,N39) -> 86 | P39: =SUM(C39:N39) -> 171
B40: 14.30 - 14.45 | C40: 20 | D40: 30 | E40: 3 | F40: 16 | G40: 0 | H40: 1 | I40: 4 | J40: 3 | K40: 2 | L40: 1 | M40: 75 | N40: 0 | O40: =SUM(C40:L40,N40) -> 80 | P40: =SUM(C40:N40) -> 155
... B57: 18.45 - 19.00 | C57: 75 | D57: 65 | E57: 3 | F57: 70 | G57: 0 | H57: 0 | I57: 0 | J57: 0 | K57: 1 | L57: 0 | M57: 120 | N57: 0 | O57: =SUM(C57:L57,N57) -> 214 | P57: =SUM(C57:N57) -> 334
B58: Totals | C58: =SUM(C10:C57) -> 1635 | D58: =SUM(D10:D57) -> 1508 | E58: =SUM(E10:E57) -> 326 | F58: =SUM(F10:F57) -> 1139 | G58: =SUM(G10:G57) -> 10 | H58: =SUM(H10:H57) -> 3 | I58: =SUM(I10:I57) -> 155 | J58: =SUM(J10:J57) -> 96 | ... P58: =SUM(P10:P57) -> 8385
B59: %ges + MCs | C59: =C58/$P$58 -> 0.19499106 | D59: =D58/$P$58 -> 0.17984496 | E59: =E58/$P$58 -> 0.038878951 | F59: =F58/$P$58 -> 0.13583781 | G59: =G58/$P$58 -> 0.0011926058 | H59: =H58/$P$58 -> 0.00035778175 | I59: =I58/$P$58 -> 0.018485391 | J59: =J58/$P$58 -> 0.011449016 | ... N59: =N58/$P$58 -> 0
B60: %ges w/o MCs | C60: =C58/$O$58 -> 0.32634731 | D60: =D58/$O$58 -> 0.300998 | E60: =E58/$O$58 -> 0.06506986 | F60: =F58/$O$58 -> 0.22734531 | G60: =G58/$O$58 -> 0.001996008 | H60: =H58/$O$58 -> 0.0005988024 | I60: =I58/$O$58 -> 0.030938124 | J60: =J58/$O$58 -> 0.019161677 | ... L60: =L58/$O$58 -> 0.0081836327 | N60: =N58/$O$58 -> 0

Sheet 29.07 Kisaasi-Kyanja
B1: Consultancy services for Preparation of Expressway Development Master Plan (EDMP) for Uganda
B2: MANUAL CLASSIFIED COUNT (MCC)
B3: ROAD NAME: | C3: ='29.07 Kyanja -Kisaasi'!C3:G3 -> MCC - C1 - STN34- KISAASI-KYANJA ROAD
C5: Date | D5: ='29.07 Kyanja -Kisaasi'!D5 -> 29.07.19 | F5: Location | G5: ='29.07 Kyanja -Kisaasi'!G5:H5 -> Malcom Health center | J5: Surveyor | K5: Nansamba Catherine & Yiga Elly
C6: Dir. From | D6: Kisaasi | F6: Dir. To | G6: Kyanja | J6: Supervisor | K6: Steven
B8: Time / Veh Type | R8: SUMMARY TRAFFIC VOLUMES
C9: 1. Car | D9: 2. Station Wagon | E9: 3. Pickups | F9: 4. Minibus, matatu | G9: 5. Medium bus | H9: 6. Large Bus | I9: 7. Light Truck | J9: 8. Medium Truck | K9: 9. Heavy truck | L9: 10. Truck Trailer | M9: 11. Motor cycles | N9: 12. Tractors | O9: Total Excl M/Cycles | P9: Total All | R9: Time | S9: 1. Car | T9: 2. Station Wagon | U9: 3. Pickups | V9: 4. Minibus, matatu | W9: 5. Medium bus | X9: 6. Large Bus | Y9: 7. Light Truck | Z9: 8. Medium Truck | AA9: 9. Heavy truck | AB9: 10. Truck Trailer | AC9: 11. Motorcycles | AD9: 12. Tractors, Graders | AE9: Total Excl M/ Cycles | AF9: Total All
B10: 07.00 - 07.15 | C10: 82 | D10: 21 | E10: 8 | F10: 12 | G10: 0 | H10: 0 | I10: 0 | J10: 1 | K10: 0 | L10: 0 | M10: 73 | N10: 0 | O10: =SUM(C10:L10,N10) -> 124 | P10: =SUM(C10:N10) -> 197 | R10: 0700-0800 | S10: =SUM(C10:C13) -> 389 | T10: =SUM(D10:D13) -> 139 | U10: =SUM(E10:E13) -> 36 | V10: =SUM(F10:F13) -> 62 | W10: =SUM(G10:G13) -> 0 | X10: =SUM(H10:H13) -> 0 | Y10: =SUM(I10:I13) -> 9 | Z10: =SUM(J10:J13) -> 1 | ... AF10: =SUM(P10:P13) -> 1114
B11: 07.15 - 07.30 | C11: 112 | D11: 50 | E11: 10 | F11: 14 | G11: 0 | H11: 0 | I11: 2 | J11: 0 | K11: 0 | L11: 0 | M11: 84 | N11: 0 | O11: =SUM(C11:L11,N11) -> 188 | P11: =SUM(C11:N11) -> 272 | R11: 0800-0900 | S11: =SUM(C14:C17) -> 454 | T11: =SUM(D14:D17) -> 173 | U11: =SUM(E14:E17) -> 49 | V11: =SUM(F14:F17) -> 64 | W11: =SUM(G14:G17) -> 5 | X11: =SUM(H14:H17) -> 0 | Y11: =SUM(I14:I17) -> 28 | Z11: =SUM(J14:J17) -> 10 | ... AF11: =SUM(P14:P17) -> 1531
B12: 07.30 - 07.45 | C12: 105 | D12: 43 | E12: 7 | F12: 16 | G12: 0 | H12: 0 | I12: 5 | J12: 0 | K12: 0 | L12: 0 | M12: 135 | N12: 0 | O12: =SUM(C12:L12,N12) -> 176 | P12: =SUM(C12:N12) -> 311 | R12: 0900-1000 | S12: =SUM(C18:C21) -> 394 | T12: =SUM(D18:D21) -> 140 | U12: =SUM(E18:E21) -> 50 | V12: =SUM(F18:F21) -> 57 | W12: =SUM(G18:G21) -> 0 | X12: =SUM(H18:H21) -> 0 | Y12: =SUM(I18:I21) -> 32 | Z12: =SUM(J18:J21) -> 4 | ... AF12: =SUM(P18:P21) -> 1430
B13: 07.45 - 08.00 | C13: 90 | D13: 25 | E13: 11 | F13: 20 | G13: 0 | H13: 0 | I13: 2 | J13: 0 | K13: 0 | L13: 0 | M13: 186 | N13: 0 | O13: =SUM(C13:L13,N13) -> 148 | P13: =SUM(C13:N13) -> 334 | R13: 1000-1100 | S13: =SUM(C22:C25) -> 325 | T13: =SUM(D22:D25) -> 123 | U13: =SUM(E22:E25) -> 32 | V13: =SUM(F22:F25) -> 49 | W13: =SUM(G22:G25) -> 0 | X13: =SUM(H22:H25) -> 0 | Y13: =SUM(I22:I25) -> 15 | Z13: =SUM(J22:J25) -> 2 | ... AF13: =SUM(P22:P25) -> 1088
B14: 08.00 - 08.15 | C14: 119 | D14: 41 | E14: 15 | F14: 23 | G14: 0 | H14: 0 | I14: 9 | J14: 1 | K14: 2 | L14: 0 | M14: 134 | N14: 0 | O14: =SUM(C14:L14,N14) -> 210 | P14: =SUM(C14:N14) -> 344 | R14: 1100-1200 | S14: =SUM(C26:C29) -> 265 | T14: =SUM(D26:D29) -> 71 | U14: =SUM(E26:E29) -> 33 | V14: =SUM(F26:F29) -> 53 | W14: =SUM(G26:G29) -> 0 | X14: =SUM(H26:H29) -> 0 | Y14: =SUM(I26:I29) -> 22 | Z14: =SUM(J26:J29) -> 5 | ... AF14: =SUM(P26:P29) -> 1158
B15: 08.15 - 08.30 | C15: 114 | D15: 54 | E15: 12 | F15: 18 | G15: 5 | H15: 0 | I15: 7 | J15: 4 | K15: 2 | L15: 1 | M15: 162 | N15: 0 | O15: =SUM(C15:L15,N15) -> 217 | P15: =SUM(C15:N15) -> 379 | R15: 1200-1300 | S15: =SUM(C30:C33) -> 189 | T15: =SUM(D30:D33) -> 94 | U15: =SUM(E30:E33) -> 22 | V15: =SUM(F30:F33) -> 43 | W15: =SUM(G30:G33) -> 0 | X15: =SUM(H30:H33) -> 0 | Y15: =SUM(I30:I33) -> 10 | Z15: =SUM(J30:J33) -> 4 | ... AF15: =SUM(P30:P33) -> 937
B16: 08.30 - 08.45 | C16: 114 | D16: 36 | E16: 12 | F16: 13 | G16: 0 | H16: 0 | I16: 6 | J16: 2 | K16: 1 | L16: 0 | M16: 190 | N16: 0 | O16: =SUM(C16:L16,N16) -> 184 | P16: =SUM(C16:N16) -> 374 | R16: 1300-1400 | S16: =SUM(C34:C37) -> 171 | T16: =SUM(D34:D37) -> 61 | U16: =SUM(E34:E37) -> 17 | V16: =SUM(F34:F37) -> 44 | W16: =SUM(G34:G37) -> 0 | X16: =SUM(H34:H37) -> 0 | Y16: =SUM(I34:I37) -> 26 | Z16: =SUM(J34:J37) -> 9 | ... AF16: =SUM(P34:P37) -> 919
B17: 08.45 - 9.00 | C17: 107 | D17: 42 | E17: 10 | F17: 10 | G17: 0 | H17: 0 | I17: 6 | J17: 3 | K17: 1 | L17: 0 | M17: 255 | N17: 0 | O17: =SUM(C17:L17,N17) -> 179 | P17: =SUM(C17:N17) -> 434 | R17: 1400-1500 | S17: =SUM(C38:C41) -> 171 | T17: =SUM(D38:D41) -> 73 | U17: =SUM(E38:E41) -> 31 | V17: =SUM(F38:F41) -> 46 | W17: =SUM(G38:G41) -> 3 | X17: =SUM(H38:H41) -> 0 | Y17: =SUM(I38:I41) -> 21 | Z17: =SUM(J38:J41) -> 10 | ... AF17: =SUM(P38:P41) -> 840
B18: 09.00 - 09.15 | C18: 96 | D18: 28 | E18: 12 | F18: 20 | G18: 0 | H18: 0 | I18: 11 | J18: 1 | K18: 2 | L18: 1 | M18: 185 | N18: 0 | O18: =SUM(C18:L18,N18) -> 171 | P18: =SUM(C18:N18) -> 356 | R18: 1500-1600 | S18: =SUM(C42:C45) -> 219 | T18: =SUM(D42:D45) -> 93 | U18: =SUM(E42:E45) -> 43 | V18: =SUM(F42:F45) -> 40 | W18: =SUM(G42:G45) -> 0 | X18: =SUM(H42:H45) -> 0 | Y18: =SUM(I42:I45) -> 32 | Z18: =SUM(J42:J45) -> 8 | ... AF18: =SUM(P42:P45) -> 882
B19: 09.15 - 09.30 | C19: 102 | D19: 37 | E19: 9 | F19: 14 | G19: 0 | H19: 0 | I19: 7 | J19: 1 | K19: 0 | L19: 1 | M19: 178 | N19: 0 | O19: =SUM(C19:L19,N19) -> 171 | P19: =SUM(C19:N19) -> 349 | R19: 1600-1700 | S19: =SUM(C46:C49) -> 272 | T19: =SUM(D46:D49) -> 112 | U19: =SUM(E46:E49) -> 31 | V19: =SUM(F46:F49) -> 47 | W19: =SUM(G46:G49) -> 0 | X19: =SUM(H46:H49) -> 0 | Y19: =SUM(I46:I49) -> 26 | Z19: =SUM(J46:J49) -> 11 | ... AF19: =SUM(P46:P49) -> 1035
B20: 09.30 - 09.45 | C20: 100 | D20: 39 | E20: 16 | F20: 9 | G20: 0 | H20: 0 | I20: 6 | J20: 0 | K20: 4 | L20: 0 | M20: 191 | N20: 0 | O20: =SUM(C20:L20,N20) -> 174 | P20: =SUM(C20:N20) -> 365 | R20: 1700-1800 | S20: =SUM(C50:C53) -> 286 | T20: =SUM(D50:D53) -> 142 | U20: =SUM(E50:E53) -> 40 | V20: =SUM(F50:F53) -> 93 | W20: =SUM(G50:G53) -> 5 | X20: =SUM(H50:H53) -> 0 | Y20: =SUM(I50:I53) -> 9 | Z20: =SUM(J50:J53) -> 1 | ... AF20: =SUM(P50:P53) -> 1326
B21: 09.45 - 10.00 | C21: 96 | D21: 36 | E21: 13 | F21: 14 | G21: 0 | H21: 0 | I21: 8 | J21: 2 | K21: 1 | L21: 0 | M21: 190 | N21: 0 | O21: =SUM(C21:L21,N21) -> 170 | P21: =SUM(C21:N21) -> 360 | R21: 1800-1900 | S21: =SUM(C54:C57) -> 249 | T21: =SUM(D54:D57) -> 145 | U21: =SUM(E54:E57) -> 36 | V21: =SUM(F54:F57) -> 65 | W21: =SUM(G54:G57) -> 2 | X21: =SUM(H54:H57) -> 0 | Y21: =SUM(I54:I57) -> 18 | Z21: =SUM(J54:J57) -> 5 | ... AF21: =SUM(P54:P57) -> 1367
B22: 10.00 - 10.15 | C22: 90 | D22: 43 | E22: 8 | F22: 11 | G22: 0 | H22: 0 | I22: 2 | J22: 0 | K22: 0 | L22: 1 | M22: 134 | N22: 0 | O22: =SUM(C22:L22,N22) -> 155 | P22: =SUM(C22:N22) -> 289 | R22: AM Peak Hr | S22: =MAX(S10:S12) -> 454 | T22: =MAX(T10:T12) -> 173 | U22: =MAX(U10:U12) -> 50 | V22: =MAX(V10:V12) -> 64 | W22: =MAX(W10:W12) -> 5 | X22: =MAX(X10:X12) -> 0 | Y22: =MAX(Y10:Y12) -> 32 | Z22: =MAX(Z10:Z12) -> 10 | ... AF22: =MAX(AF10:AF12) -> 1531
B23: 10.15 - 10.30 | C23: 73 | D23: 26 | E23: 6 | F23: 11 | G23: 0 | H23: 0 | I23: 5 | J23: 0 | K23: 0 | L23: 0 | M23: 129 | N23: 0 | O23: =SUM(C23:L23,N23) -> 121 | P23: =SUM(C23:N23) -> 250 | R23: IP Peak Hr | S23: =MAX(S13:S18) -> 325 | T23: =MAX(T13:T18) -> 123 | U23: =MAX(U13:U18) -> 43 | V23: =MAX(V13:V18) -> 53 | W23: =MAX(W13:W18) -> 3 | X23: =MAX(X13:X18) -> 0 | Y23: =MAX(Y13:Y18) -> 32 | Z23: =MAX(Z13:Z18) -> 10 | ... AF23: =MAX(AF13:AF18) -> 1158
B24: 10.30 - 10.45 | C24: 88 | D24: 39 | E24: 8 | F24: 17 | G24: 0 | H24: 0 | I24: 3 | J24: 1 | K24: 0 | L24: 0 | M24: 142 | N24: 0 | O24: =SUM(C24:L24,N24) -> 156 | P24: =SUM(C24:N24) -> 298 | R24: PM Peak Hr | S24: =MAX(S19:S21) -> 286 | T24: =MAX(T19:T21) -> 145 | U24: =MAX(U19:U21) -> 40 | V24: =MAX(V19:V21) -> 93 | W24: =MAX(W19:W21) -> 5 | X24: =MAX(X19:X21) -> 0 | Y24: =MAX(Y19:Y21) -> 26 | Z24: =MAX(Z19:Z21) -> 11 | ... AF24: =MAX(AF19:AF21) -> 1367
B25: 10.45 - 11.00 | C25: 74 | D25: 15 | E25: 10 | F25: 10 | G25: 0 | H25: 0 | I25: 5 | J25: 1 | K25: 3 | L25: 0 | M25: 133 | N25: 0 | O25: =SUM(C25:L25,N25) -> 118 | P25: =SUM(C25:N25) -> 251 | R25: AM Period | S25: =SUM(S10:S12) -> 1237 | T25: =SUM(T10:T12) -> 452 | U25: =SUM(U10:U12) -> 135 | V25: =SUM(V10:V12) -> 183 | W25: =SUM(W10:W12) -> 5 | X25: =SUM(X10:X12) -> 0 | Y25: =SUM(Y10:Y12) -> 69 | Z25: =SUM(Z10:Z12) -> 15 | ... AF25: =SUM(AF10:AF12) -> 4075
B26: 11.00 - 11.15 | C26: 77 | D26: 3 | E26: 6 | F26: 9 | G26: 0 | H26: 0 | I26: 3 | J26: 0 | K26: 2 | L26: 0 | M26: 166 | N26: 0 | O26: =SUM(C26:L26,N26) -> 100 | P26: =SUM(C26:N26) -> 266 | R26: IP Period | S26: =SUM(S13:S18) -> 1340 | T26: =SUM(T13:T18) -> 515 | U26: =SUM(U13:U18) -> 178 | V26: =SUM(V13:V18) -> 275 | W26: =SUM(W13:W18) -> 3 | X26: =SUM(X13:X18) -> 0 | Y26: =SUM(Y13:Y18) -> 126 | Z26: =SUM(Z13:Z18) -> 38 | ... AF26: =SUM(AF13:AF18) -> 5824
B27: 11.15 - 11.30 | C27: 57 | D27: 22 | E27: 11 | F27: 15 | G27: 0 | H27: 0 | I27: 5 | J27: 3 | K27: 3 | L27: 0 | M27: 191 | N27: 0 | O27: =SUM(C27:L27,N27) -> 116 | P27: =SUM(C27:N27) -> 307 | R27: PM Period | S27: =SUM(S19:S21) -> 807 | T27: =SUM(T19:T21) -> 399 | U27: =SUM(U19:U21) -> 107 | V27: =SUM(V19:V21) -> 205 | W27: =SUM(W19:W21) -> 7 | X27: =SUM(X19:X21) -> 0 | Y27: =SUM(Y19:Y21) -> 53 | Z27: =SUM(Z19:Z21) -> 17 | ... AF27: =SUM(AF19:AF21) -> 3728
B28: 11.30 - 11.45 | C28: 69 | D28: 20 | E28: 8 | F28: 17 | G28: 0 | H28: 0 | I28: 7 | J28: 1 | K28: 1 | L28: 0 | M28: 159 | N28: 0 | O28: =SUM(C28:L28,N28) -> 123 | P28: =SUM(C28:N28) -> 282 | R28: 12 Hours | S28: =SUM(S10:S21) -> 3384 | T28: =SUM(T10:T21) -> 1366 | U28: =SUM(U10:U21) -> 420 | V28: =SUM(V10:V21) -> 663 | W28: =SUM(W10:W21) -> 15 | X28: =SUM(X10:X21) -> 0 | Y28: =SUM(Y10:Y21) -> 248 | Z28: =SUM(Z10:Z21) -> 70 | ... AF28: =SUM(AF10:AF21) -> 13627
B29: 11.45 - 12.00 | C29: 62 | D29: 26 | E29: 8 | F29: 12 | G29: 0 | H29: 0 | I29: 7 | J29: 1 | K29: 0 | L29: 0 | M29: 187 | N29: 0 | O29: =SUM(C29:L29,N29) -> 116 | P29: =SUM(C29:N29) -> 303
B30: 12.00 - 12.15 | C30: 46 | D30: 29 | E30: 4 | F30: 13 | G30: 0 | H30: 0 | I30: 2 | J30: 1 | K30: 1 | L30: 1 | M30: 140 | N30: 1 | O30: =SUM(C30:L30,N30) -> 98 | P30: =SUM(C30:N30) -> 238
B31: 12.15 - 12.30 | C31: 50 | D31: 23 | E31: 6 | F31: 10 | G31: 0 | H31: 0 | I31: 6 | J31: 2 | K31: 2 | L31: 0 | M31: 158 | N31: 0 | O31: =SUM(C31:L31,N31) -> 99 | P31: =SUM(C31:N31) -> 257
B32: 12.30 - 12.45 | C32: 50 | D32: 18 | E32: 7 | F32: 7 | G32: 0 | H32: 0 | I32: 1 | J32: 1 | K32: 1 | L32: 0 | M32: 128 | N32: 0 | O32: =SUM(C32:L32,N32) -> 85 | P32: =SUM(C32:N32) -> 213
B33: 12.45 - 13.00 | C33: 43 | D33: 24 | E33: 5 | F33: 13 | G33: 0 | H33: 0 | I33: 1 | J33: 0 | K33: 1 | L33: 0 | M33: 142 | N33: 0 | O33: =SUM(C33:L33,N33) -> 87 | P33: =SUM(C33:N33) -> 229
B34: 13.00 - 13.15 | C34: 44 | D34: 16 | E34: 3 | F34: 10 | G34: 0 | H34: 0 | I34: 3 | J34: 2 | K34: 0 | L34: 0 | M34: 162 | N34: 0 | O34: =SUM(C34:L34,N34) -> 78 | P34: =SUM(C34:N34) -> 240
B35: 13.15 - 13.30 | C35: 32 | D35: 14 | E35: 7 | F35: 12 | G35: 0 | H35: 0 | I35: 5 | J35: 1 | K35: 0 | L35: 0 | M35: 165 | N35: 0 | O35: =SUM(C35:L35,N35) -> 71 | P35: =SUM(C35:N35) -> 236
B36: 13.30 - 13.45 | C36: 57 | D36: 18 | E36: 3 | F36: 12 | G36: 0 | H36: 0 | I36: 6 | J36: 4 | K36: 2 | L36: 0 | M36: 123 | N36: 0 | O36: =SUM(C36:L36,N36) -> 102 | P36: =SUM(C36:N36) -> 225
B37: 13.45 - 14.00 | C37: 38 | D37: 13 | E37: 4 | F37: 10 | G37: 0 | H37: 0 | I37: 12 | J37: 2 | K37: 1 | L37: 0 | M37: 138 | N37: 0 | O37: =SUM(C37:L37,N37) -> 80 | P37: =SUM(C37:N37) -> 218
B38: 14.00 - 14.15 | C38: 46 | D38: 19 | E38: 6 | F38: 10 | G38: 0 | H38: 0 | I38: 7 | J38: 1 | K38: 2 | L38: 0 | M38: 111 | N38: 0 | O38: =SUM(C38:L38,N38) -> 91 | P38: =SUM(C38:N38) -> 202
B39: 14.15 - 14.30 | C39: 43 | D39: 23 | E39: 13 | F39: 13 | G39: 2 | H39: 0 | I39: 5 | J39: 3 | K39: 1 | L39: 1 | M39: 120 | N39: 0 | O39: =SUM(C39:L39,N39) -> 104 | P39: =SUM(C39:N39) -> 224
B40: 14.30 - 14.45 | C40: 45 | D40: 14 | E40: 7 | F40: 11 | G40: 0 | H40: 0 | I40: 8 | J40: 4 | K40: 5 | L40: 0 | M40: 98 | N40: 0 | O40: =SUM(C40:L40,N40) -> 94 | P40: =SUM(C40:N40) -> 192
... B57: 18.45 - 19.00 | C57: 52 | D57: 36 | E57: 6 | F57: 16 | G57: 1 | H57: 0 | I57: 2 | J57: 2 | K57: 2 | L57: 0 | M57: 218 | N57: 0 | O57: =SUM(C57:L57,N57) -> 117 | P57: =SUM(C57:N57) -> 335
B58: Totals | C58: =SUM(C10:C57) -> 3384 | D58: =SUM(D10:D57) -> 1366 | E58: =SUM(E10:E57) -> 420 | F58: =SUM(F10:F57) -> 663 | G58: =SUM(G10:G57) -> 15 | H58: =SUM(H10:H57) -> 0 | I58: =SUM(I10:I57) -> 248 | J58: =SUM(J10:J57) -> 70 | ... P58: =SUM(P10:P57) -> 13627
B59: %ges + MCs | C59: =C58/$P$58 -> 0.24833052 | D59: =D58/$P$58 -> 0.10024217 | E59: =E58/$P$58 -> 0.030821164 | F59: =F58/$P$58 -> 0.048653409 | G59: =G58/$P$58 -> 0.0011007559 | H59: =H58/$P$58 -> 0 | I59: =I58/$P$58 -> 0.018199163 | J59: =J58/$P$58 -> 0.0051368606 | ... N59: =N58/$P$58 -> 0.00014676745
B60: %ges w/o MCs | C60: =C58/$O$58 -> 0.54126679 | D60: =D58/$O$58 -> 0.21849008 | E60: =E58/$O$58 -> 0.067178503 | F60: =F58/$O$58 -> 0.10604607 | G60: =G58/$O$58 -> 0.0023992322 | H60: =H58/$O$58 -> 0 | I60: =I58/$O$58 -> 0.039667306 | J60: =J58/$O$58 -> 0.011196417 | ... L60: =L58/$O$58 -> 0.001759437 | N60: =N58/$O$58 -> 0.00031989763

Sheet 30.07 Kyanja-Kisaasi
B1: Consultancy services for Preparation of Expressway Development Master Plan (EDMP) for Uganda
B2: MANUAL CLASSIFIED COUNT (MCC)
B3: ROAD NAME: | C3: MCC - CI - STN03 - KALINDA ROAD
C5: Date | D5: 30.07.19 | F5: Location | G5: ='29.07 Kyanja -Kisaasi'!G5:H5 -> Malcom Health center | J5: Surveyor | K5: Babirye Phiona
C6: Dir. From | D6: ='29.07 Kyanja -Kisaasi'!D6:E6 -> Kyanja | F6: Dir. To | G6: ='29.07 Kyanja -Kisaasi'!G6:H6 -> Kisaasi | J6: Supervisor | K6: ='29.07 Kyanja -Kisaasi'!K6:L6 -> Steven
B8: Time / Veh Type | R8: SUMMARY TRAFFIC VOLUMES
C9: 1. Car | D9: 2. Station Wagon | E9: 3. Pickups | F9: 4. Minibus, matatu | G9: 5. Medium bus | H9: 6. Large Bus | I9: 7. Light Truck | J9: 8. Medium Truck | K9: 9. Heavy truck | L9: 10. Truck Trailer | M9: 11. Motor cycles | N9: 12. Tractors | O9: Total Excl M/Cycles | P9: Total All | R9: Time | S9: 1. Car | T9: 2. Station Wagon | U9: 3. Pickups | V9: 4. Minibus, matatu | W9: 5. Medium bus | X9: 6. Large Bus | Y9: 7. Light Truck | Z9: 8. Medium Truck | AA9: 9. Heavy truck | AB9: 10. Truck Trailer | AC9: 11. Motorcycles | AD9: 12. Tractors, Graders | AE9: Total Excl M/ Cycles | AF9: Total All
B10: 07.00 - 07.15 | C10: 34 | D10: 36 | E10: 5 | F10: 12 | G10: 0 | H10: 0 | I10: 6 | J10: 3 | K10: 0 | L10: 0 | M10: 115 | N10: 0 | O10: =SUM(C10:L10,N10) -> 96 | P10: =SUM(C10:N10) -> 211 | R10: 0700-0800 | S10: =SUM(C10:C13) -> 157 | T10: =SUM(D10:D13) -> 70 | U10: =SUM(E10:E13) -> 15 | V10: =SUM(F10:F13) -> 61 | W10: =SUM(G10:G13) -> 1 | X10: =SUM(H10:H13) -> 0 | Y10: =SUM(I10:I13) -> 17 | Z10: =SUM(J10:J13) -> 5 | ... AF10: =SUM(P10:P13) -> 812
B11: 07.15 - 07.30 | C11: 34 | D11: 13 | E11: 1 | F11: 7 | G11: 0 | H11: 0 | I11: 2 | J11: 0 | K11: 1 | L11: 0 | M11: 93 | N11: 0 | O11: =SUM(C11:L11,N11) -> 58 | P11: =SUM(C11:N11) -> 151 | R11: 0800-0900 | S11: =SUM(C14:C17) -> 169 | T11: =SUM(D14:D17) -> 27 | U11: =SUM(E14:E17) -> 17 | V11: =SUM(F14:F17) -> 113 | W11: =SUM(G14:G17) -> 0 | X11: =SUM(H14:H17) -> 0 | Y11: =SUM(I14:I17) -> 14 | Z11: =SUM(J14:J17) -> 7 | ... AF11: =SUM(P14:P17) -> 946
B12: 07.30 - 07.45 | C12: 46 | D12: 12 | E12: 4 | F12: 17 | G12: 1 | H12: 0 | I12: 7 | J12: 1 | K12: 1 | L12: 0 | M12: 125 | N12: 0 | O12: =SUM(C12:L12,N12) -> 89 | P12: =SUM(C12:N12) -> 214 | R12: 0900-1000 | S12: =SUM(C18:C21) -> 143 | T12: =SUM(D18:D21) -> 28 | U12: =SUM(E18:E21) -> 20 | V12: =SUM(F18:F21) -> 98 | W12: =SUM(G18:G21) -> 0 | X12: =SUM(H18:H21) -> 0 | Y12: =SUM(I18:I21) -> 27 | Z12: =SUM(J18:J21) -> 9 | ... AF12: =SUM(P18:P21) -> 911
B13: 07.45 - 08.00 | C13: 43 | D13: 9 | E13: 5 | F13: 25 | G13: 0 | H13: 0 | I13: 2 | J13: 1 | K13: 1 | L13: 0 | M13: 150 | N13: 0 | O13: =SUM(C13:L13,N13) -> 86 | P13: =SUM(C13:N13) -> 236 | R13: 1000-1100 | S13: =SUM(C22:C25) -> 149 | T13: =SUM(D22:D25) -> 31 | U13: =SUM(E22:E25) -> 23 | V13: =SUM(F22:F25) -> 66 | W13: =SUM(G22:G25) -> 0 | X13: =SUM(H22:H25) -> 0 | Y13: =SUM(I22:I25) -> 29 | Z13: =SUM(J22:J25) -> 5 | ... AF13: =SUM(P22:P25) -> 859
B14: 08.00 - 08.15 | C14: 52 | D14: 5 | E14: 5 | F14: 31 | G14: 0 | H14: 0 | I14: 1 | J14: 1 | K14: 0 | L14: 0 | M14: 150 | N14: 0 | O14: =SUM(C14:L14,N14) -> 95 | P14: =SUM(C14:N14) -> 245 | R14: 1100-1200 | S14: =SUM(C26:C29) -> 164 | T14: =SUM(D26:D29) -> 18 | U14: =SUM(E26:E29) -> 22 | V14: =SUM(F26:F29) -> 63 | W14: =SUM(G26:G29) -> 0 | X14: =SUM(H26:H29) -> 0 | Y14: =SUM(I26:I29) -> 26 | Z14: =SUM(J26:J29) -> 16 | ... AF14: =SUM(P26:P29) -> 820
B15: 08.15 - 08.30 | C15: 51 | D15: 6 | E15: 6 | F15: 33 | G15: 0 | H15: 0 | I15: 5 | J15: 2 | K15: 2 | L15: 0 | M15: 150 | N15: 0 | O15: =SUM(C15:L15,N15) -> 105 | P15: =SUM(C15:N15) -> 255 | R15: 1200-1300 | S15: =SUM(C30:C33) -> 175 | T15: =SUM(D30:D33) -> 35 | U15: =SUM(E30:E33) -> 20 | V15: =SUM(F30:F33) -> 45 | W15: =SUM(G30:G33) -> 0 | X15: =SUM(H30:H33) -> 0 | Y15: =SUM(I30:I33) -> 23 | Z15: =SUM(J30:J33) -> 15 | ... AF15: =SUM(P30:P33) -> 811
B16: 08.30 - 08.45 | C16: 30 | D16: 4 | E16: 2 | F16: 24 | G16: 0 | H16: 0 | I16: 3 | J16: 0 | K16: 0 | L16: 0 | M16: 150 | N16: 0 | O16: =SUM(C16:L16,N16) -> 63 | P16: =SUM(C16:N16) -> 213 | R16: 1300-1400 | S16: =SUM(C34:C37) -> 194 | T16: =SUM(D34:D37) -> 23 | U16: =SUM(E34:E37) -> 14 | V16: =SUM(F34:F37) -> 55 | W16: =SUM(G34:G37) -> 1 | X16: =SUM(H34:H37) -> 0 | Y16: =SUM(I34:I37) -> 18 | Z16: =SUM(J34:J37) -> 17 | ... AF16: =SUM(P34:P37) -> 844
B17: 08.45 - 9.00 | C17: 36 | D17: 12 | E17: 4 | F17: 25 | G17: 0 | H17: 0 | I17: 5 | J17: 4 | K17: 2 | L17: 0 | M17: 145 | N17: 0 | O17: =SUM(C17:L17,N17) -> 88 | P17: =SUM(C17:N17) -> 233 | R17: 1400-1500 | S17: =SUM(C38:C41) -> 186 | T17: =SUM(D38:D41) -> 35 | U17: =SUM(E38:E41) -> 27 | V17: =SUM(F38:F41) -> 59 | W17: =SUM(G38:G41) -> 1 | X17: =SUM(H38:H41) -> 1 | Y17: =SUM(I38:I41) -> 21 | Z17: =SUM(J38:J41) -> 10 | ... AF17: =SUM(P38:P41) -> 837
B18: 09.00 - 09.15 | C18: 29 | D18: 7 | E18: 4 | F18: 21 | G18: 0 | H18: 0 | I18: 9 | J18: 0 | K18: 5 | L18: 0 | M18: 150 | N18: 0 | O18: =SUM(C18:L18,N18) -> 75 | P18: =SUM(C18:N18) -> 225 | R18: 1500-1600 | S18: =SUM(C42:C45) -> 166 | T18: =SUM(D42:D45) -> 25 | U18: =SUM(E42:E45) -> 30 | V18: =SUM(F42:F45) -> 45 | W18: =SUM(G42:G45) -> 2 | X18: =SUM(H42:H45) -> 0 | Y18: =SUM(I42:I45) -> 17 | Z18: =SUM(J42:J45) -> 10 | ... AF18: =SUM(P42:P45) -> 761
B19: 09.15 - 09.30 | C19: 41 | D19: 6 | E19: 5 | F19: 30 | G19: 0 | H19: 0 | I19: 7 | J19: 4 | K19: 5 | L19: 0 | M19: 150 | N19: 0 | O19: =SUM(C19:L19,N19) -> 98 | P19: =SUM(C19:N19) -> 248 | R19: 1600-1700 | S19: =SUM(C46:C49) -> 336 | T19: =SUM(D46:D49) -> 51 | U19: =SUM(E46:E49) -> 36 | V19: =SUM(F46:F49) -> 55 | W19: =SUM(G46:G49) -> 1 | X19: =SUM(H46:H49) -> 0 | Y19: =SUM(I46:I49) -> 20 | Z19: =SUM(J46:J49) -> 9 | ... AF19: =SUM(P46:P49) -> 1150
B20: 09.30 - 09.45 | C20: 48 | D20: 7 | E20: 6 | F20: 27 | G20: 0 | H20: 0 | I20: 5 | J20: 2 | K20: 3 | L20: 0 | M20: 150 | N20: 0 | O20: =SUM(C20:L20,N20) -> 98 | P20: =SUM(C20:N20) -> 248 | R20: 1700-1800 | S20: =SUM(C50:C53) -> 495 | T20: =SUM(D50:D53) -> 210 | U20: =SUM(E50:E53) -> 45 | V20: =SUM(F50:F53) -> 52 | W20: =SUM(G50:G53) -> 1 | X20: =SUM(H50:H53) -> 0 | Y20: =SUM(I50:I53) -> 6 | Z20: =SUM(J50:J53) -> 4 | ... AF20: =SUM(P50:P53) -> 1463
B21: 09.45 - 10.00 | C21: 25 | D21: 8 | E21: 5 | F21: 20 | G21: 0 | H21: 0 | I21: 6 | J21: 3 | K21: 5 | L21: 0 | M21: 118 | N21: 0 | O21: =SUM(C21:L21,N21) -> 72 | P21: =SUM(C21:N21) -> 190 | R21: 1800-1900 | S21: =SUM(C54:C57) -> 550 | T21: =SUM(D54:D57) -> 300 | U21: =SUM(E54:E57) -> 49 | V21: =SUM(F54:F57) -> 134 | W21: =SUM(G54:G57) -> 1 | X21: =SUM(H54:H57) -> 0 | Y21: =SUM(I54:I57) -> 8 | Z21: =SUM(J54:J57) -> 13 | ... AF21: =SUM(P54:P57) -> 1740
B22: 10.00 - 10.15 | C22: 33 | D22: 3 | E22: 2 | F22: 14 | G22: 0 | H22: 0 | I22: 8 | J22: 1 | K22: 4 | L22: 0 | M22: 145 | N22: 0 | O22: =SUM(C22:L22,N22) -> 65 | P22: =SUM(C22:N22) -> 210 | R22: AM Peak Hr | S22: =MAX(S10:S12) -> 169 | T22: =MAX(T10:T12) -> 70 | U22: =MAX(U10:U12) -> 20 | V22: =MAX(V10:V12) -> 113 | W22: =MAX(W10:W12) -> 1 | X22: =MAX(X10:X12) -> 0 | Y22: =MAX(Y10:Y12) -> 27 | Z22: =MAX(Z10:Z12) -> 9 | ... AF22: =MAX(AF10:AF12) -> 946
B23: 10.15 - 10.30 | C23: 40 | D23: 5 | E23: 10 | F23: 21 | G23: 0 | H23: 0 | I23: 5 | J23: 1 | K23: 4 | L23: 0 | M23: 140 | N23: 0 | O23: =SUM(C23:L23,N23) -> 86 | P23: =SUM(C23:N23) -> 226 | R23: IP Peak Hr | S23: =MAX(S13:S18) -> 194 | T23: =MAX(T13:T18) -> 35 | U23: =MAX(U13:U18) -> 30 | V23: =MAX(V13:V18) -> 66 | W23: =MAX(W13:W18) -> 2 | X23: =MAX(X13:X18) -> 1 | Y23: =MAX(Y13:Y18) -> 29 | Z23: =MAX(Z13:Z18) -> 17 | ... AF23: =MAX(AF13:AF18) -> 859
B24: 10.30 - 10.45 | C24: 30 | D24: 9 | E24: 8 | F24: 17 | G24: 0 | H24: 0 | I24: 10 | J24: 2 | K24: 1 | L24: 0 | M24: 130 | N24: 0 | O24: =SUM(C24:L24,N24) -> 77 | P24: =SUM(C24:N24) -> 207 | R24: PM Peak Hr | S24: =MAX(S19:S21) -> 550 | T24: =MAX(T19:T21) -> 300 | U24: =MAX(U19:U21) -> 49 | V24: =MAX(V19:V21) -> 134 | W24: =MAX(W19:W21) -> 1 | X24: =MAX(X19:X21) -> 0 | Y24: =MAX(Y19:Y21) -> 20 | Z24: =MAX(Z19:Z21) -> 13 | ... AF24: =MAX(AF19:AF21) -> 1740
B25: 10.45 - 11.00 | C25: 46 | D25: 14 | E25: 3 | F25: 14 | G25: 0 | H25: 0 | I25: 6 | J25: 1 | K25: 2 | L25: 0 | M25: 130 | N25: 0 | O25: =SUM(C25:L25,N25) -> 86 | P25: =SUM(C25:N25) -> 216 | R25: AM Period | S25: =SUM(S10:S12) -> 469 | T25: =SUM(T10:T12) -> 125 | U25: =SUM(U10:U12) -> 52 | V25: =SUM(V10:V12) -> 272 | W25: =SUM(W10:W12) -> 1 | X25: =SUM(X10:X12) -> 0 | Y25: =SUM(Y10:Y12) -> 58 | Z25: =SUM(Z10:Z12) -> 21 | ... AF25: =SUM(AF10:AF12) -> 2669
B26: 11.00 - 11.15 | C26: 43 | D26: 10 | E26: 6 | F26: 20 | G26: 0 | H26: 0 | I26: 9 | J26: 7 | K26: 5 | L26: 0 | M26: 140 | N26: 0 | O26: =SUM(C26:L26,N26) -> 100 | P26: =SUM(C26:N26) -> 240 | R26: IP Period | S26: =SUM(S13:S18) -> 1034 | T26: =SUM(T13:T18) -> 167 | U26: =SUM(U13:U18) -> 136 | V26: =SUM(V13:V18) -> 333 | W26: =SUM(W13:W18) -> 4 | X26: =SUM(X13:X18) -> 1 | Y26: =SUM(Y13:Y18) -> 134 | Z26: =SUM(Z13:Z18) -> 73 | ... AF26: =SUM(AF13:AF18) -> 4932
B27: 11.15 - 11.30 | C27: 40 | D27: 3 | E27: 3 | F27: 13 | G27: 0 | H27: 0 | I27: 6 | J27: 1 | K27: 5 | L27: 0 | M27: 105 | N27: 0 | O27: =SUM(C27:L27,N27) -> 71 | P27: =SUM(C27:N27) -> 176 | R27: PM Period | S27: =SUM(S19:S21) -> 1381 | T27: =SUM(T19:T21) -> 561 | U27: =SUM(U19:U21) -> 130 | V27: =SUM(V19:V21) -> 241 | W27: =SUM(W19:W21) -> 3 | X27: =SUM(X19:X21) -> 0 | Y27: =SUM(Y19:Y21) -> 34 | Z27: =SUM(Z19:Z21) -> 26 | ... AF27: =SUM(AF19:AF21) -> 4353
B28: 11.30 - 11.45 | C28: 40 | D28: 3 | E28: 6 | F28: 11 | G28: 0 | H28: 0 | I28: 4 | J28: 3 | K28: 5 | L28: 0 | M28: 145 | N28: 0 | O28: =SUM(C28:L28,N28) -> 72 | P28: =SUM(C28:N28) -> 217 | R28: 12 Hours | S28: =SUM(S10:S21) -> 2884 | T28: =SUM(T10:T21) -> 853 | U28: =SUM(U10:U21) -> 318 | V28: =SUM(V10:V21) -> 846 | W28: =SUM(W10:W21) -> 8 | X28: =SUM(X10:X21) -> 1 | Y28: =SUM(Y10:Y21) -> 226 | Z28: =SUM(Z10:Z21) -> 120 | ... AF28: =SUM(AF10:AF21) -> 11954
B29: 11.45 - 12.00 | C29: 41 | D29: 2 | E29: 7 | F29: 19 | G29: 0 | H29: 0 | I29: 7 | J29: 5 | K29: 6 | L29: 0 | M29: 100 | N29: 0 | O29: =SUM(C29:L29,N29) -> 87 | P29: =SUM(C29:N29) -> 187
B30: 12.00 - 12.15 | C30: 47 | D30: 5 | E30: 3 | F30: 13 | G30: 0 | H30: 0 | I30: 6 | J30: 5 | K30: 6 | L30: 0 | M30: 87 | N30: 0 | O30: =SUM(C30:L30,N30) -> 85 | P30: =SUM(C30:N30) -> 172
B31: 12.15 - 12.30 | C31: 40 | D31: 5 | E31: 7 | F31: 11 | G31: 0 | H31: 0 | I31: 5 | J31: 3 | K31: 1 | L31: 0 | M31: 110 | N31: 0 | O31: =SUM(C31:L31,N31) -> 72 | P31: =SUM(C31:N31) -> 182
B32: 12.30 - 12.45 | C32: 50 | D32: 10 | E32: 6 | F32: 13 | G32: 0 | H32: 0 | I32: 6 | J32: 5 | K32: 9 | L32: 0 | M32: 150 | N32: 0 | O32: =SUM(C32:L32,N32) -> 99 | P32: =SUM(C32:N32) -> 249
B33: 12.45 - 13.00 | C33: 38 | D33: 15 | E33: 4 | F33: 8 | G33: 0 | H33: 0 | I33: 6 | J33: 2 | K33: 5 | L33: 0 | M33: 130 | N33: 0 | O33: =SUM(C33:L33,N33) -> 78 | P33: =SUM(C33:N33) -> 208
B34: 13.00 - 13.15 | C34: 50 | D34: 9 | E34: 4 | F34: 19 | G34: 1 | H34: 0 | I34: 5 | J34: 3 | K34: 4 | L34: 0 | M34: 150 | N34: 0 | O34: =SUM(C34:L34,N34) -> 95 | P34: =SUM(C34:N34) -> 245
B35: 13.15 - 13.30 | C35: 44 | D35: 6 | E35: 4 | F35: 13 | G35: 0 | H35: 0 | I35: 2 | J35: 5 | K35: 3 | L35: 0 | M35: 150 | N35: 0 | O35: =SUM(C35:L35,N35) -> 77 | P35: =SUM(C35:N35) -> 227
B36: 13.30 - 13.45 | C36: 50 | D36: 5 | E36: 1 | F36: 12 | G36: 0 | H36: 0 | I36: 6 | J36: 5 | K36: 2 | L36: 0 | M36: 75 | N36: 0 | O36: =SUM(C36:L36,N36) -> 81 | P36: =SUM(C36:N36) -> 156
B37: 13.45 - 14.00 | C37: 50 | D37: 3 | E37: 5 | F37: 11 | G37: 0 | H37: 0 | I37: 5 | J37: 4 | K37: 3 | L37: 0 | M37: 135 | N37: 0 | O37: =SUM(C37:L37,N37) -> 81 | P37: =SUM(C37:N37) -> 216
B38: 14.00 - 14.15 | C38: 48 | D38: 6 | E38: 3 | F38: 18 | G38: 0 | H38: 0 | I38: 6 | J38: 4 | K38: 2 | L38: 0 | M38: 111 | N38: 0 | O38: =SUM(C38:L38,N38) -> 87 | P38: =SUM(C38:N38) -> 198
B39: 14.15 - 14.30 | C39: 47 | D39: 8 | E39: 8 | F39: 13 | G39: 0 | H39: 0 | I39: 3 | J39: 2 | K39: 1 | L39: 0 | M39: 126 | N39: 0 | O39: =SUM(C39:L39,N39) -> 82 | P39: =SUM(C39:N39) -> 208
B40: 14.30 - 14.45 | C40: 46 | D40: 11 | E40: 6 | F40: 12 | G40: 1 | H40: 1 | I40: 6 | J40: 1 | K40: 4 | L40: 0 | M40: 130 | N40: 0 | O40: =SUM(C40:L40,N40) -> 88 | P40: =SUM(C40:N40) -> 218
... B57: 18.45 - 19.00 | C57: 170 | D57: 55 | E57: 25 | F57: 22 | G57: 0 | H57: 0 | I57: 4 | J57: 3 | K57: 2 | L57: 0 | M57: 170 | N57: 0 | O57: =SUM(C57:L57,N57) -> 281 | P57: =SUM(C57:N57) -> 451
B58: Totals | C58: =SUM(C10:C57) -> 2884 | D58: =SUM(D10:D57) -> 853 | E58: =SUM(E10:E57) -> 318 | F58: =SUM(F10:F57) -> 846 | G58: =SUM(G10:G57) -> 8 | H58: =SUM(H10:H57) -> 1 | I58: =SUM(I10:I57) -> 226 | J58: =SUM(J10:J57) -> 120 | ... P58: =SUM(P10:P57) -> 11954
B59: %ges + MCs | C59: =C58/$P$58 -> 0.24125816 | D59: =D58/$P$58 -> 0.071356868 | E59: =E58/$P$58 -> 0.026601974 | F59: =F58/$P$58 -> 0.07077129 | G59: =G58/$P$58 -> 0.00066923206 | H59: =H58/$P$58 -> 8.3654007e-05 | I59: =I58/$P$58 -> 0.018905806 | J59: =J58/$P$58 -> 0.010038481 | ... N59: =N58/$P$58 -> 0
B60: %ges w/o MCs | C60: =C58/$O$58 -> 0.53397519 | D60: =D58/$O$58 -> 0.15793372 | E60: =E58/$O$58 -> 0.058877986 | F60: =F58/$O$58 -> 0.15663766 | G60: =G58/$O$58 -> 0.0014812072 | H60: =H58/$O$58 -> 0.0001851509 | I60: =I58/$O$58 -> 0.041844103 | J60: =J58/$O$58 -> 0.022218108 | ... L60: =L58/$O$58 -> 0 | N60: =N58/$O$58 -> 0

Sheet 30.07 Kisaasi-Kyanja
B1: Consultancy services for Preparation of Expressway Development Master Plan (EDMP) for Uganda
B2: MANUAL CLASSIFIED COUNT (MCC)
B3: ROAD NAME: | C3: ='29.07 Kisaasi-Kyanja'!C3:G3 -> MCC - C1 - STN34- KISAASI-KYANJA ROAD
C5: Date | D5: ='30.07 Kyanja-Kisaasi'!D5 -> 30.07.19 | F5: Location | G5: ='29.07 Kyanja -Kisaasi'!G5:H5 -> Malcom Health center | J5: Surveyor | K5: Kizito Geofrey
C6: Dir. From | D6: Kisaasi | F6: Dir. To | G6: Kyanja | J6: Supervisor | K6: ='29.07 Kyanja -Kisaasi'!K6:L6 -> Steven
B8: Time / Veh Type | R8: SUMMARY TRAFFIC VOLUMES
C9: 1. Car | D9: 2. Station Wagon | E9: 3. Pickups | F9: 4. Minibus, matatu | G9: 5. Medium bus | H9: 6. Large Bus | I9: 7. Light Truck | J9: 8. Medium Truck | K9: 9. Heavy truck | L9: 10. Truck Trailer | M9: 11. Motor cycles | N9: 12. Tractors | O9: Total Excl M/Cycles | P9: Total All | R9: Time | S9: 1. Car | T9: 2. Station Wagon | U9: 3. Pickups | V9: 4. Minibus, matatu | W9: 5. Medium bus | X9: 6. Large Bus | Y9: 7. Light Truck | Z9: 8. Medium Truck | AA9: 9. Heavy truck | AB9: 10. Truck Trailer | AC9: 11. Motorcycles | AD9: 12. Tractors, Graders | AE9: Total Excl M/ Cycles | AF9: Total All
B10: 07.00 - 07.15 | C10: 137 | D10: 51 | E10: 34 | F10: 30 | G10: 0 | H10: 0 | I10: 2 | J10: 0 | K10: 0 | L10: 0 | M10: 204 | N10: 0 | O10: =SUM(C10:L10,N10) -> 254 | P10: =SUM(C10:N10) -> 458 | R10: 0700-0800 | S10: =SUM(C10:C13) -> 498 | T10: =SUM(D10:D13) -> 158 | U10: =SUM(E10:E13) -> 87 | V10: =SUM(F10:F13) -> 86 | W10: =SUM(G10:G13) -> 0 | X10: =SUM(H10:H13) -> 0 | Y10: =SUM(I10:I13) -> 9 | Z10: =SUM(J10:J13) -> 3 | ... AF10: =SUM(P10:P13) -> 1871
B11: 07.15 - 07.30 | C11: 134 | D11: 50 | E11: 21 | F11: 23 | G11: 0 | H11: 0 | I11: 0 | J11: 1 | K11: 1 | L11: 0 | M11: 230 | N11: 0 | O11: =SUM(C11:L11,N11) -> 230 | P11: =SUM(C11:N11) -> 460 | R11: 0800-0900 | S11: =SUM(C14:C17) -> 495 | T11: =SUM(D14:D17) -> 106 | U11: =SUM(E14:E17) -> 56 | V11: =SUM(F14:F17) -> 70 | W11: =SUM(G14:G17) -> 1 | X11: =SUM(H14:H17) -> 0 | Y11: =SUM(I14:I17) -> 20 | Z11: =SUM(J14:J17) -> 6 | ... AF11: =SUM(P14:P17) -> 1851
B12: 07.30 - 07.45 | C12: 128 | D12: 27 | E12: 20 | F12: 19 | G12: 0 | H12: 0 | I12: 3 | J12: 2 | K12: 1 | L12: 0 | M12: 280 | N12: 0 | O12: =SUM(C12:L12,N12) -> 200 | P12: =SUM(C12:N12) -> 480 | R12: 0900-1000 | S12: =SUM(C18:C21) -> 384 | T12: =SUM(D18:D21) -> 95 | U12: =SUM(E18:E21) -> 49 | V12: =SUM(F18:F21) -> 57 | W12: =SUM(G18:G21) -> 0 | X12: =SUM(H18:H21) -> 0 | Y12: =SUM(I18:I21) -> 23 | Z12: =SUM(J18:J21) -> 11 | ... AF12: =SUM(P18:P21) -> 1488
B13: 07.45 - 08.00 | C13: 99 | D13: 30 | E13: 12 | F13: 14 | G13: 0 | H13: 0 | I13: 4 | J13: 0 | K13: 0 | L13: 0 | M13: 314 | N13: 0 | O13: =SUM(C13:L13,N13) -> 159 | P13: =SUM(C13:N13) -> 473 | R13: 1000-1100 | S13: =SUM(C22:C25) -> 286 | T13: =SUM(D22:D25) -> 106 | U13: =SUM(E22:E25) -> 36 | V13: =SUM(F22:F25) -> 48 | W13: =SUM(G22:G25) -> 1 | X13: =SUM(H22:H25) -> 0 | Y13: =SUM(I22:I25) -> 14 | Z13: =SUM(J22:J25) -> 6 | ... AF13: =SUM(P22:P25) -> 1234
B14: 08.00 - 08.15 | C14: 134 | D14: 35 | E14: 16 | F14: 20 | G14: 0 | H14: 0 | I14: 1 | J14: 3 | K14: 1 | L14: 0 | M14: 287 | N14: 0 | O14: =SUM(C14:L14,N14) -> 210 | P14: =SUM(C14:N14) -> 497 | R14: 1100-1200 | S14: =SUM(C26:C29) -> 244 | T14: =SUM(D26:D29) -> 62 | U14: =SUM(E26:E29) -> 32 | V14: =SUM(F26:F29) -> 44 | W14: =SUM(G26:G29) -> 0 | X14: =SUM(H26:H29) -> 0 | Y14: =SUM(I26:I29) -> 17 | Z14: =SUM(J26:J29) -> 15 | ... AF14: =SUM(P26:P29) -> 986
B15: 08.15 - 08.30 | C15: 135 | D15: 32 | E15: 13 | F15: 17 | G15: 1 | H15: 0 | I15: 9 | J15: 0 | K15: 0 | L15: 0 | M15: 284 | N15: 0 | O15: =SUM(C15:L15,N15) -> 207 | P15: =SUM(C15:N15) -> 491 | R15: 1200-1300 | S15: =SUM(C30:C33) -> 231 | T15: =SUM(D30:D33) -> 69 | U15: =SUM(E30:E33) -> 44 | V15: =SUM(F30:F33) -> 36 | W15: =SUM(G30:G33) -> 0 | X15: =SUM(H30:H33) -> 0 | Y15: =SUM(I30:I33) -> 16 | Z15: =SUM(J30:J33) -> 12 | ... AF15: =SUM(P30:P33) -> 906
B16: 08.30 - 08.45 | C16: 117 | D16: 22 | E16: 14 | F16: 20 | G16: 0 | H16: 0 | I16: 2 | J16: 1 | K16: 1 | L16: 0 | M16: 251 | N16: 0 | O16: =SUM(C16:L16,N16) -> 177 | P16: =SUM(C16:N16) -> 428 | R16: 1300-1400 | S16: =SUM(C34:C37) -> 185 | T16: =SUM(D34:D37) -> 47 | U16: =SUM(E34:E37) -> 29 | V16: =SUM(F34:F37) -> 52 | W16: =SUM(G34:G37) -> 1 | X16: =SUM(H34:H37) -> 0 | Y16: =SUM(I34:I37) -> 14 | Z16: =SUM(J34:J37) -> 15 | ... AF16: =SUM(P34:P37) -> 919
B17: 08.45 - 9.00 | C17: 109 | D17: 17 | E17: 13 | F17: 13 | G17: 0 | H17: 0 | I17: 8 | J17: 2 | K17: 3 | L17: 0 | M17: 270 | N17: 0 | O17: =SUM(C17:L17,N17) -> 165 | P17: =SUM(C17:N17) -> 435 | R17: 1400-1500 | S17: =SUM(C38:C41) -> 165 | T17: =SUM(D38:D41) -> 43 | U17: =SUM(E38:E41) -> 31 | V17: =SUM(F38:F41) -> 40 | W17: =SUM(G38:G41) -> 4 | X17: =SUM(H38:H41) -> 0 | Y17: =SUM(I38:I41) -> 23 | Z17: =SUM(J38:J41) -> 11 | ... AF17: =SUM(P38:P41) -> 1009
B18: 09.00 - 09.15 | C18: 105 | D18: 43 | E18: 15 | F18: 18 | G18: 0 | H18: 0 | I18: 5 | J18: 3 | K18: 3 | L18: 0 | M18: 232 | N18: 0 | O18: =SUM(C18:L18,N18) -> 192 | P18: =SUM(C18:N18) -> 424 | R18: 1500-1600 | S18: =SUM(C42:C45) -> 189 | T18: =SUM(D42:D45) -> 55 | U18: =SUM(E42:E45) -> 26 | V18: =SUM(F42:F45) -> 45 | W18: =SUM(G42:G45) -> 1 | X18: =SUM(H42:H45) -> 0 | Y18: =SUM(I42:I45) -> 16 | Z18: =SUM(J42:J45) -> 9 | ... AF18: =SUM(P42:P45) -> 1127
B19: 09.15 - 09.30 | C19: 94 | D19: 14 | E19: 11 | F19: 14 | G19: 0 | H19: 0 | I19: 3 | J19: 6 | K19: 1 | L19: 0 | M19: 215 | N19: 0 | O19: =SUM(C19:L19,N19) -> 143 | P19: =SUM(C19:N19) -> 358 | R19: 1600-1700 | S19: =SUM(C46:C49) -> 209 | T19: =SUM(D46:D49) -> 59 | U19: =SUM(E46:E49) -> 36 | V19: =SUM(F46:F49) -> 48 | W19: =SUM(G46:G49) -> 0 | X19: =SUM(H46:H49) -> 0 | Y19: =SUM(I46:I49) -> 17 | Z19: =SUM(J46:J49) -> 6 | ... AF19: =SUM(P46:P49) -> 1192
B20: 09.30 - 09.45 | C20: 90 | D20: 21 | E20: 12 | F20: 13 | G20: 0 | H20: 0 | I20: 7 | J20: 2 | K20: 3 | L20: 0 | M20: 220 | N20: 0 | O20: =SUM(C20:L20,N20) -> 148 | P20: =SUM(C20:N20) -> 368 | R20: 1700-1800 | S20: =SUM(C50:C53) -> 239 | T20: =SUM(D50:D53) -> 70 | U20: =SUM(E50:E53) -> 35 | V20: =SUM(F50:F53) -> 53 | W20: =SUM(G50:G53) -> 3 | X20: =SUM(H50:H53) -> 0 | Y20: =SUM(I50:I53) -> 16 | Z20: =SUM(J50:J53) -> 17 | ... AF20: =SUM(P50:P53) -> 1175
B21: 09.45 - 10.00 | C21: 95 | D21: 17 | E21: 11 | F21: 12 | G21: 0 | H21: 0 | I21: 8 | J21: 0 | K21: 2 | L21: 0 | M21: 193 | N21: 0 | O21: =SUM(C21:L21,N21) -> 145 | P21: =SUM(C21:N21) -> 338 | R21: 1800-1900 | S21: =SUM(C54:C57) -> 215 | T21: =SUM(D54:D57) -> 57 | U21: =SUM(E54:E57) -> 25 | V21: =SUM(F54:F57) -> 60 | W21: =SUM(G54:G57) -> 1 | X21: =SUM(H54:H57) -> 0 | Y21: =SUM(I54:I57) -> 8 | Z21: =SUM(J54:J57) -> 7 | ... AF21: =SUM(P54:P57) -> 1149
B22: 10.00 - 10.15 | C22: 81 | D22: 26 | E22: 7 | F22: 13 | G22: 0 | H22: 0 | I22: 2 | J22: 1 | K22: 1 | L22: 0 | M22: 202 | N22: 0 | O22: =SUM(C22:L22,N22) -> 131 | P22: =SUM(C22:N22) -> 333 | R22: AM Peak Hr | S22: =MAX(S10:S12) -> 498 | T22: =MAX(T10:T12) -> 158 | U22: =MAX(U10:U12) -> 87 | V22: =MAX(V10:V12) -> 86 | W22: =MAX(W10:W12) -> 1 | X22: =MAX(X10:X12) -> 0 | Y22: =MAX(Y10:Y12) -> 23 | Z22: =MAX(Z10:Z12) -> 11 | ... AF22: =MAX(AF10:AF12) -> 1871
B23: 10.15 - 10.30 | C23: 71 | D23: 28 | E23: 9 | F23: 14 | G23: 1 | H23: 0 | I23: 3 | J23: 1 | K23: 0 | L23: 0 | M23: 168 | N23: 0 | O23: =SUM(C23:L23,N23) -> 127 | P23: =SUM(C23:N23) -> 295 | R23: IP Peak Hr | S23: =MAX(S13:S18) -> 286 | T23: =MAX(T13:T18) -> 106 | U23: =MAX(U13:U18) -> 44 | V23: =MAX(V13:V18) -> 52 | W23: =MAX(W13:W18) -> 4 | X23: =MAX(X13:X18) -> 0 | Y23: =MAX(Y13:Y18) -> 23 | Z23: =MAX(Z13:Z18) -> 15 | ... AF23: =MAX(AF13:AF18) -> 1234
B24: 10.30 - 10.45 | C24: 78 | D24: 21 | E24: 9 | F24: 11 | G24: 0 | H24: 0 | I24: 7 | J24: 2 | K24: 6 | L24: 0 | M24: 191 | N24: 0 | O24: =SUM(C24:L24,N24) -> 134 | P24: =SUM(C24:N24) -> 325 | R24: PM Peak Hr | S24: =MAX(S19:S21) -> 239 | T24: =MAX(T19:T21) -> 70 | U24: =MAX(U19:U21) -> 36 | V24: =MAX(V19:V21) -> 60 | W24: =MAX(W19:W21) -> 3 | X24: =MAX(X19:X21) -> 0 | Y24: =MAX(Y19:Y21) -> 17 | Z24: =MAX(Z19:Z21) -> 17 | ... AF24: =MAX(AF19:AF21) -> 1192
B25: 10.45 - 11.00 | C25: 56 | D25: 31 | E25: 11 | F25: 10 | G25: 0 | H25: 0 | I25: 2 | J25: 2 | K25: 2 | L25: 0 | M25: 167 | N25: 0 | O25: =SUM(C25:L25,N25) -> 114 | P25: =SUM(C25:N25) -> 281 | R25: AM Period | S25: =SUM(S10:S12) -> 1377 | T25: =SUM(T10:T12) -> 359 | U25: =SUM(U10:U12) -> 192 | V25: =SUM(V10:V12) -> 213 | W25: =SUM(W10:W12) -> 1 | X25: =SUM(X10:X12) -> 0 | Y25: =SUM(Y10:Y12) -> 52 | Z25: =SUM(Z10:Z12) -> 20 | ... AF25: =SUM(AF10:AF12) -> 5210
B26: 11.00 - 11.15 | C26: 64 | D26: 23 | E26: 11 | F26: 12 | G26: 0 | H26: 0 | I26: 6 | J26: 5 | K26: 3 | L26: 0 | M26: 183 | N26: 0 | O26: =SUM(C26:L26,N26) -> 124 | P26: =SUM(C26:N26) -> 307 | R26: IP Period | S26: =SUM(S13:S18) -> 1300 | T26: =SUM(T13:T18) -> 382 | U26: =SUM(U13:U18) -> 198 | V26: =SUM(V13:V18) -> 265 | W26: =SUM(W13:W18) -> 7 | X26: =SUM(X13:X18) -> 0 | Y26: =SUM(Y13:Y18) -> 100 | Z26: =SUM(Z13:Z18) -> 68 | ... AF26: =SUM(AF13:AF18) -> 6181
B27: 11.15 - 11.30 | C27: 55 | D27: 18 | E27: 6 | F27: 14 | G27: 0 | H27: 0 | I27: 5 | J27: 2 | K27: 1 | L27: 0 | M27: 125 | N27: 0 | O27: =SUM(C27:L27,N27) -> 101 | P27: =SUM(C27:N27) -> 226 | R27: PM Period | S27: =SUM(S19:S21) -> 663 | T27: =SUM(T19:T21) -> 186 | U27: =SUM(U19:U21) -> 96 | V27: =SUM(V19:V21) -> 161 | W27: =SUM(W19:W21) -> 4 | X27: =SUM(X19:X21) -> 0 | Y27: =SUM(Y19:Y21) -> 41 | Z27: =SUM(Z19:Z21) -> 30 | ... AF27: =SUM(AF19:AF21) -> 3516
B28: 11.30 - 11.45 | C28: 63 | D28: 12 | E28: 8 | F28: 11 | G28: 0 | H28: 0 | I28: 3 | J28: 4 | K28: 2 | L28: 0 | M28: 153 | N28: 0 | O28: =SUM(C28:L28,N28) -> 103 | P28: =SUM(C28:N28) -> 256 | R28: 12 Hours | S28: =SUM(S10:S21) -> 3340 | T28: =SUM(T10:T21) -> 927 | U28: =SUM(U10:U21) -> 486 | V28: =SUM(V10:V21) -> 639 | W28: =SUM(W10:W21) -> 12 | X28: =SUM(X10:X21) -> 0 | Y28: =SUM(Y10:Y21) -> 193 | Z28: =SUM(Z10:Z21) -> 118 | ... AF28: =SUM(AF10:AF21) -> 14907
B29: 11.45 - 12.00 | C29: 62 | D29: 9 | E29: 7 | F29: 7 | G29: 0 | H29: 0 | I29: 3 | J29: 4 | K29: 2 | L29: 0 | M29: 103 | N29: 0 | O29: =SUM(C29:L29,N29) -> 94 | P29: =SUM(C29:N29) -> 197
B30: 12.00 - 12.15 | C30: 66 | D30: 19 | E30: 15 | F30: 11 | G30: 0 | H30: 0 | I30: 4 | J30: 2 | K30: 0 | L30: 2 | M30: 132 | N30: 0 | O30: =SUM(C30:L30,N30) -> 119 | P30: =SUM(C30:N30) -> 251
B31: 12.15 - 12.30 | C31: 67 | D31: 21 | E31: 15 | F31: 8 | G31: 0 | H31: 0 | I31: 2 | J31: 2 | K31: 0 | L31: 0 | M31: 125 | N31: 0 | O31: =SUM(C31:L31,N31) -> 115 | P31: =SUM(C31:N31) -> 240
B32: 12.30 - 12.45 | C32: 42 | D32: 17 | E32: 4 | F32: 9 | G32: 0 | H32: 0 | I32: 7 | J32: 7 | K32: 1 | L32: 0 | M32: 122 | N32: 0 | O32: =SUM(C32:L32,N32) -> 87 | P32: =SUM(C32:N32) -> 209
B33: 12.45 - 13.00 | C33: 56 | D33: 12 | E33: 10 | F33: 8 | G33: 0 | H33: 0 | I33: 3 | J33: 1 | K33: 0 | L33: 0 | M33: 116 | N33: 0 | O33: =SUM(C33:L33,N33) -> 90 | P33: =SUM(C33:N33) -> 206
B34: 13.00 - 13.15 | C34: 55 | D34: 11 | E34: 12 | F34: 14 | G34: 0 | H34: 0 | I34: 5 | J34: 4 | K34: 0 | L34: 2 | M34: 151 | N34: 0 | O34: =SUM(C34:L34,N34) -> 103 | P34: =SUM(C34:N34) -> 254
B35: 13.15 - 13.30 | C35: 41 | D35: 12 | E35: 10 | F35: 8 | G35: 0 | H35: 0 | I35: 4 | J35: 5 | K35: 3 | L35: 1 | M35: 132 | N35: 0 | O35: =SUM(C35:L35,N35) -> 84 | P35: =SUM(C35:N35) -> 216
B36: 13.30 - 13.45 | C36: 46 | D36: 14 | E36: 5 | F36: 19 | G36: 1 | H36: 0 | I36: 5 | J36: 5 | K36: 3 | L36: 1 | M36: 146 | N36: 0 | O36: =SUM(C36:L36,N36) -> 99 | P36: =SUM(C36:N36) -> 245
B37: 13.45 - 14.00 | C37: 43 | D37: 10 | E37: 2 | F37: 11 | G37: 0 | H37: 0 | I37: 0 | J37: 1 | K37: 0 | L37: 0 | M37: 137 | N37: 0 | O37: =SUM(C37:L37,N37) -> 67 | P37: =SUM(C37:N37) -> 204
B38: 14.00 - 14.15 | C38: 44 | D38: 7 | E38: 13 | F38: 10 | G38: 0 | H38: 0 | I38: 8 | J38: 7 | K38: 1 | L38: 1 | M38: 125 | N38: 0 | O38: =SUM(C38:L38,N38) -> 91 | P38: =SUM(C38:N38) -> 216
B39: 14.15 - 14.30 | C39: 44 | D39: 15 | E39: 4 | F39: 10 | G39: 2 | H39: 0 | I39: 5 | J39: 1 | K39: 6 | L39: 0 | M39: 188 | N39: 0 | O39: =SUM(C39:L39,N39) -> 87 | P39: =SUM(C39:N39) -> 275
B40: 14.30 - 14.45 | C40: 21 | D40: 10 | E40: 5 | F40: 7 | G40: 1 | H40: 0 | I40: 0 | J40: 2 | K40: 2 | L40: 0 | M40: 179 | N40: 0 | O40: =SUM(C40:L40,N40) -> 48 | P40: =SUM(C40:N40) -> 227
... B57: 18.45 - 19.00 | C57: 73 | D57: 27 | E57: 7 | F57: 15 | G57: 1 | H57: 0 | I57: 2 | J57: 2 | K57: 2 | L57: 0 | M57: 208 | N57: 0 | O57: =SUM(C57:L57,N57) -> 129 | P57: =SUM(C57:N57) -> 337
B58: Totals | C58: =SUM(C10:C57) -> 3340 | D58: =SUM(D10:D57) -> 927 | E58: =SUM(E10:E57) -> 486 | F58: =SUM(F10:F57) -> 639 | G58: =SUM(G10:G57) -> 12 | H58: =SUM(H10:H57) -> 0 | I58: =SUM(I10:I57) -> 193 | J58: =SUM(J10:J57) -> 118 | ... P58: =SUM(P10:P57) -> 14907
B59: %ges + MCs | C59: =C58/$P$58 -> 0.22405581 | D59: =D58/$P$58 -> 0.06218555 | E59: =E58/$P$58 -> 0.032602133 | F59: =F58/$P$58 -> 0.042865768 | G59: =G58/$P$58 -> 0.00080499094 | H59: =H58/$P$58 -> 0 | I59: =I58/$P$58 -> 0.012946938 | J59: =J58/$P$58 -> 0.0079157443 | ... N59: =N58/$P$58 -> 6.7082579e-05
B60: %ges w/o MCs | C60: =C58/$O$58 -> 0.57616008 | D60: =D58/$O$58 -> 0.1599103 | E60: =E58/$O$58 -> 0.083836467 | F60: =F58/$O$58 -> 0.11022943 | G60: =G58/$O$58 -> 0.0020700362 | H60: =H58/$O$58 -> 0 | I60: =I58/$O$58 -> 0.033293083 | J60: =J58/$O$58 -> 0.020355356 | ... L60: =L58/$O$58 -> 0.0022425392 | N60: =N58/$O$58 -> 0.00017250302

Sheet 31.07 Kyanja-Kisaasi
B1: Consultancy services for Preparation of Expressway Development Master Plan (EDMP) for Uganda
B2: MANUAL CLASSIFIED COUNT (MCC)
B3: ROAD NAME: | C3: ='29.07 Kyanja -Kisaasi'!C3:G3 -> MCC - C1 - STN34- KISAASI-KYANJA ROAD
C5: Date | D5: 31.07.19 | F5: Location | G5: ='29.07 Kyanja -Kisaasi'!G5:H5 -> Malcom Health center | J5: Surveyor | K5: Babirye Phiona
C6: Dir. From | D6: ='29.07 Kyanja -Kisaasi'!D6:E6 -> Kyanja | F6: Dir. To | G6: ='29.07 Kyanja -Kisaasi'!G6:H6 -> Kisaasi | J6: Supervisor | K6: ='29.07 Kyanja -Kisaasi'!K6:L6 -> Steven
B8: Time / Veh Type | R8: SUMMARY TRAFFIC VOLUMES
C9: 1. Car | D9: 2. Station Wagon | E9: 3. Pickups | F9: 4. Minibus, matatu | G9: 5. Medium bus | H9: 6. Large Bus | I9: 7. Light Truck | J9: 8. Medium Truck | K9: 9. Heavy truck | L9: 10. Truck Trailer | M9: 11. Motor cycles | N9: 12. Tractors | O9: Total Excl M/Cycles | P9: Total All | R9: Time | S9: 1. Car | T9: 2. Station Wagon | U9: 3. Pickups | V9: 4. Minibus, matatu | W9: 5. Medium bus | X9: 6. Large Bus | Y9: 7. Light Truck | Z9: 8. Medium Truck | AA9: 9. Heavy truck | AB9: 10. Truck Trailer | AC9: 11. Motorcycles | AD9: 12. Tractors, Graders | AE9: Total Excl M/ Cycles | AF9: Total All
B10: 07.00 - 07.15 | C10: 61 | D10: 10 | E10: 9 | F10: 16 | G10: 0 | H10: 0 | I10: 2 | J10: 3 | K10: 6 | L10: 0 | M10: 100 | N10: 0 | O10: =SUM(C10:L10,N10) -> 107 | P10: =SUM(C10:N10) -> 207 | R10: 0700-0800 | S10: =SUM(C10:C13) -> 187 | T10: =SUM(D10:D13) -> 35 | U10: =SUM(E10:E13) -> 22 | V10: =SUM(F10:F13) -> 64 | W10: =SUM(G10:G13) -> 2 | X10: =SUM(H10:H13) -> 0 | Y10: =SUM(I10:I13) -> 4 | Z10: =SUM(J10:J13) -> 6 | ... AF10: =SUM(P10:P13) -> 922
B11: 07.15 - 07.30 | C11: 41 | D11: 10 | E11: 7 | F11: 11 | G11: 2 | H11: 0 | I11: 0 | J11: 0 | K11: 7 | L11: 0 | M11: 152 | N11: 0 | O11: =SUM(C11:L11,N11) -> 78 | P11: =SUM(C11:N11) -> 230 | R11: 0800-0900 | S11: =SUM(C14:C17) -> 164 | T11: =SUM(D14:D17) -> 18 | U11: =SUM(E14:E17) -> 22 | V11: =SUM(F14:F17) -> 128 | W11: =SUM(G14:G17) -> 2 | X11: =SUM(H14:H17) -> 1 | Y11: =SUM(I14:I17) -> 10 | Z11: =SUM(J14:J17) -> 5 | ... AF11: =SUM(P14:P17) -> 1123
B12: 07.30 - 07.45 | C12: 48 | D12: 8 | E12: 3 | F12: 16 | G12: 0 | H12: 0 | I12: 1 | J12: 1 | K12: 2 | L12: 0 | M12: 153 | N12: 0 | O12: =SUM(C12:L12,N12) -> 79 | P12: =SUM(C12:N12) -> 232 | R12: 0900-1000 | S12: =SUM(C18:C21) -> 143 | T12: =SUM(D18:D21) -> 38 | U12: =SUM(E18:E21) -> 28 | V12: =SUM(F18:F21) -> 78 | W12: =SUM(G18:G21) -> 0 | X12: =SUM(H18:H21) -> 0 | Y12: =SUM(I18:I21) -> 21 | Z12: =SUM(J18:J21) -> 11 | ... AF12: =SUM(P18:P21) -> 936
B13: 07.45 - 08.00 | C13: 37 | D13: 7 | E13: 3 | F13: 21 | G13: 0 | H13: 0 | I13: 1 | J13: 2 | K13: 2 | L13: 0 | M13: 180 | N13: 0 | O13: =SUM(C13:L13,N13) -> 73 | P13: =SUM(C13:N13) -> 253 | R13: 1000-1100 | S13: =SUM(C22:C25) -> 168 | T13: =SUM(D22:D25) -> 25 | U13: =SUM(E22:E25) -> 21 | V13: =SUM(F22:F25) -> 72 | W13: =SUM(G22:G25) -> 0 | X13: =SUM(H22:H25) -> 0 | Y13: =SUM(I22:I25) -> 23 | Z13: =SUM(J22:J25) -> 6 | ... AF13: =SUM(P22:P25) -> 930
B14: 08.00 - 08.15 | C14: 41 | D14: 5 | E14: 4 | F14: 29 | G14: 1 | H14: 0 | I14: 3 | J14: 1 | K14: 2 | L14: 0 | M14: 220 | N14: 0 | O14: =SUM(C14:L14,N14) -> 86 | P14: =SUM(C14:N14) -> 306 | R14: 1100-1200 | S14: =SUM(C26:C29) -> 150 | T14: =SUM(D26:D29) -> 69 | U14: =SUM(E26:E29) -> 30 | V14: =SUM(F26:F29) -> 80 | W14: =SUM(G26:G29) -> 1 | X14: =SUM(H26:H29) -> 0 | Y14: =SUM(I26:I29) -> 23 | Z14: =SUM(J26:J29) -> 9 | ... AF14: =SUM(P26:P29) -> 846
B15: 08.15 - 08.30 | C15: 42 | D15: 7 | E15: 9 | F15: 33 | G15: 0 | H15: 0 | I15: 1 | J15: 1 | K15: 5 | L15: 0 | M15: 170 | N15: 0 | O15: =SUM(C15:L15,N15) -> 98 | P15: =SUM(C15:N15) -> 268 | R15: 1200-1300 | S15: =SUM(C30:C33) -> 165 | T15: =SUM(D30:D33) -> 21 | U15: =SUM(E30:E33) -> 15 | V15: =SUM(F30:F33) -> 51 | W15: =SUM(G30:G33) -> 0 | X15: =SUM(H30:H33) -> 0 | Y15: =SUM(I30:I33) -> 31 | Z15: =SUM(J30:J33) -> 8 | ... AF15: =SUM(P30:P33) -> 714
B16: 08.30 - 08.45 | C16: 45 | D16: 1 | E16: 3 | F16: 32 | G16: 1 | H16: 0 | I16: 4 | J16: 3 | K16: 3 | L16: 0 | M16: 185 | N16: 0 | O16: =SUM(C16:L16,N16) -> 92 | P16: =SUM(C16:N16) -> 277 | R16: 1300-1400 | S16: =SUM(C34:C37) -> 82 | T16: =SUM(D34:D37) -> 148 | U16: =SUM(E34:E37) -> 33 | V16: =SUM(F34:F37) -> 90 | W16: =SUM(G34:G37) -> 0 | X16: =SUM(H34:H37) -> 3 | Y16: =SUM(I34:I37) -> 24 | Z16: =SUM(J34:J37) -> 8 | ... AF16: =SUM(P34:P37) -> 711
B17: 08.45 - 9.00 | C17: 36 | D17: 5 | E17: 6 | F17: 34 | G17: 0 | H17: 1 | I17: 2 | J17: 0 | K17: 3 | L17: 0 | M17: 185 | N17: 0 | O17: =SUM(C17:L17,N17) -> 87 | P17: =SUM(C17:N17) -> 272 | R17: 1400-1500 | S17: =SUM(C38:C41) -> 150 | T17: =SUM(D38:D41) -> 132 | U17: =SUM(E38:E41) -> 20 | V17: =SUM(F38:F41) -> 50 | W17: =SUM(G38:G41) -> 0 | X17: =SUM(H38:H41) -> 0 | Y17: =SUM(I38:I41) -> 26 | Z17: =SUM(J38:J41) -> 9 | ... AF17: =SUM(P38:P41) -> 857
B18: 09.00 - 09.15 | C18: 31 | D18: 10 | E18: 7 | F18: 15 | G18: 0 | H18: 0 | I18: 2 | J18: 5 | K18: 6 | L18: 0 | M18: 152 | N18: 0 | O18: =SUM(C18:L18,N18) -> 76 | P18: =SUM(C18:N18) -> 228 | R18: 1500-1600 | S18: =SUM(C42:C45) -> 132 | T18: =SUM(D42:D45) -> 134 | U18: =SUM(E42:E45) -> 23 | V18: =SUM(F42:F45) -> 70 | W18: =SUM(G42:G45) -> 0 | X18: =SUM(H42:H45) -> 0 | Y18: =SUM(I42:I45) -> 23 | Z18: =SUM(J42:J45) -> 12 | ... AF18: =SUM(P42:P45) -> 805
B19: 09.15 - 09.30 | C19: 32 | D19: 13 | E19: 5 | F19: 24 | G19: 0 | H19: 0 | I19: 8 | J19: 3 | K19: 3 | L19: 0 | M19: 175 | N19: 0 | O19: =SUM(C19:L19,N19) -> 88 | P19: =SUM(C19:N19) -> 263 | R19: 1600-1700 | S19: =SUM(C46:C49) -> 226 | T19: =SUM(D46:D49) -> 145 | U19: =SUM(E46:E49) -> 25 | V19: =SUM(F46:F49) -> 60 | W19: =SUM(G46:G49) -> 1 | X19: =SUM(H46:H49) -> 0 | Y19: =SUM(I46:I49) -> 31 | Z19: =SUM(J46:J49) -> 11 | ... AF19: =SUM(P46:P49) -> 907
B20: 09.30 - 09.45 | C20: 43 | D20: 7 | E20: 8 | F20: 19 | G20: 0 | H20: 0 | I20: 5 | J20: 2 | K20: 0 | L20: 0 | M20: 100 | N20: 0 | O20: =SUM(C20:L20,N20) -> 84 | P20: =SUM(C20:N20) -> 184 | R20: 1700-1800 | S20: =SUM(C50:C53) -> 365 | T20: =SUM(D50:D53) -> 201 | U20: =SUM(E50:E53) -> 40 | V20: =SUM(F50:F53) -> 79 | W20: =SUM(G50:G53) -> 1 | X20: =SUM(H50:H53) -> 0 | Y20: =SUM(I50:I53) -> 17 | Z20: =SUM(J50:J53) -> 3 | ... AF20: =SUM(P50:P53) -> 1199
B21: 09.45 - 10.00 | C21: 37 | D21: 8 | E21: 8 | F21: 20 | G21: 0 | H21: 0 | I21: 6 | J21: 1 | K21: 1 | L21: 0 | M21: 180 | N21: 0 | O21: =SUM(C21:L21,N21) -> 81 | P21: =SUM(C21:N21) -> 261 | R21: 1800-1900 | S21: =SUM(C54:C57) -> 295 | T21: =SUM(D54:D57) -> 270 | U21: =SUM(E54:E57) -> 42 | V21: =SUM(F54:F57) -> 88 | W21: =SUM(G54:G57) -> 0 | X21: =SUM(H54:H57) -> 0 | Y21: =SUM(I54:I57) -> 14 | Z21: =SUM(J54:J57) -> 5 | ... AF21: =SUM(P54:P57) -> 1228
B22: 10.00 - 10.15 | C22: 40 | D22: 9 | E22: 6 | F22: 20 | G22: 0 | H22: 0 | I22: 6 | J22: 2 | K22: 4 | L22: 0 | M22: 154 | N22: 0 | O22: =SUM(C22:L22,N22) -> 87 | P22: =SUM(C22:N22) -> 241 | R22: AM Peak Hr | S22: =MAX(S10:S12) -> 187 | T22: =MAX(T10:T12) -> 38 | U22: =MAX(U10:U12) -> 28 | V22: =MAX(V10:V12) -> 128 | W22: =MAX(W10:W12) -> 2 | X22: =MAX(X10:X12) -> 1 | Y22: =MAX(Y10:Y12) -> 21 | Z22: =MAX(Z10:Z12) -> 11 | ... AF22: =MAX(AF10:AF12) -> 1123
B23: 10.15 - 10.30 | C23: 42 | D23: 7 | E23: 6 | F23: 17 | G23: 0 | H23: 0 | I23: 7 | J23: 1 | K23: 2 | L23: 0 | M23: 159 | N23: 0 | O23: =SUM(C23:L23,N23) -> 82 | P23: =SUM(C23:N23) -> 241 | R23: IP Peak Hr | S23: =MAX(S13:S18) -> 168 | T23: =MAX(T13:T18) -> 148 | U23: =MAX(U13:U18) -> 33 | V23: =MAX(V13:V18) -> 90 | W23: =MAX(W13:W18) -> 1 | X23: =MAX(X13:X18) -> 3 | Y23: =MAX(Y13:Y18) -> 31 | Z23: =MAX(Z13:Z18) -> 12 | ... AF23: =MAX(AF13:AF18) -> 930
B24: 10.30 - 10.45 | C24: 45 | D24: 6 | E24: 3 | F24: 19 | G24: 0 | H24: 0 | I24: 5 | J24: 1 | K24: 7 | L24: 0 | M24: 165 | N24: 0 | O24: =SUM(C24:L24,N24) -> 86 | P24: =SUM(C24:N24) -> 251 | R24: PM Peak Hr | S24: =MAX(S19:S21) -> 365 | T24: =MAX(T19:T21) -> 270 | U24: =MAX(U19:U21) -> 42 | V24: =MAX(V19:V21) -> 88 | W24: =MAX(W19:W21) -> 1 | X24: =MAX(X19:X21) -> 0 | Y24: =MAX(Y19:Y21) -> 31 | Z24: =MAX(Z19:Z21) -> 11 | ... AF24: =MAX(AF19:AF21) -> 1228
B25: 10.45 - 11.00 | C25: 41 | D25: 3 | E25: 6 | F25: 16 | G25: 0 | H25: 0 | I25: 5 | J25: 2 | K25: 4 | L25: 0 | M25: 120 | N25: 0 | O25: =SUM(C25:L25,N25) -> 77 | P25: =SUM(C25:N25) -> 197 | R25: AM Period | S25: =SUM(S10:S12) -> 494 | T25: =SUM(T10:T12) -> 91 | U25: =SUM(U10:U12) -> 72 | V25: =SUM(V10:V12) -> 270 | W25: =SUM(W10:W12) -> 4 | X25: =SUM(X10:X12) -> 1 | Y25: =SUM(Y10:Y12) -> 35 | Z25: =SUM(Z10:Z12) -> 22 | ... AF25: =SUM(AF10:AF12) -> 2981
B26: 11.00 - 11.15 | C26: 30 | D26: 13 | E26: 3 | F26: 19 | G26: 0 | H26: 0 | I26: 4 | J26: 1 | K26: 3 | L26: 0 | M26: 121 | N26: 0 | O26: =SUM(C26:L26,N26) -> 73 | P26: =SUM(C26:N26) -> 194 | R26: IP Period | S26: =SUM(S13:S18) -> 847 | T26: =SUM(T13:T18) -> 529 | U26: =SUM(U13:U18) -> 142 | V26: =SUM(V13:V18) -> 413 | W26: =SUM(W13:W18) -> 1 | X26: =SUM(X13:X18) -> 3 | Y26: =SUM(Y13:Y18) -> 150 | Z26: =SUM(Z13:Z18) -> 52 | ... AF26: =SUM(AF13:AF18) -> 4863
B27: 11.15 - 11.30 | C27: 40 | D27: 5 | E27: 2 | F27: 13 | G27: 1 | H27: 0 | I27: 4 | J27: 3 | K27: 6 | L27: 0 | M27: 115 | N27: 0 | O27: =SUM(C27:L27,N27) -> 74 | P27: =SUM(C27:N27) -> 189 | R27: PM Period | S27: =SUM(S19:S21) -> 886 | T27: =SUM(T19:T21) -> 616 | U27: =SUM(U19:U21) -> 107 | V27: =SUM(V19:V21) -> 227 | W27: =SUM(W19:W21) -> 2 | X27: =SUM(X19:X21) -> 0 | Y27: =SUM(Y19:Y21) -> 62 | Z27: =SUM(Z19:Z21) -> 19 | ... AF27: =SUM(AF19:AF21) -> 3334
B28: 11.30 - 11.45 | C28: 50 | D28: 11 | E28: 15 | F28: 28 | G28: 0 | H28: 0 | I28: 10 | J28: 3 | K28: 12 | L28: 0 | M28: 140 | N28: 0 | O28: =SUM(C28:L28,N28) -> 129 | P28: =SUM(C28:N28) -> 269 | R28: 12 Hours | S28: =SUM(S10:S21) -> 2227 | T28: =SUM(T10:T21) -> 1236 | U28: =SUM(U10:U21) -> 321 | V28: =SUM(V10:V21) -> 910 | W28: =SUM(W10:W21) -> 7 | X28: =SUM(X10:X21) -> 4 | Y28: =SUM(Y10:Y21) -> 247 | Z28: =SUM(Z10:Z21) -> 93 | ... AF28: =SUM(AF10:AF21) -> 11178
B29: 11.45 - 12.00 | C29: 30 | D29: 40 | E29: 10 | F29: 20 | G29: 0 | H29: 0 | I29: 5 | J29: 2 | K29: 7 | L29: 0 | M29: 80 | N29: 0 | O29: =SUM(C29:L29,N29) -> 114 | P29: =SUM(C29:N29) -> 194
B30: 12.00 - 12.15 | C30: 34 | D30: 10 | E30: 4 | F30: 13 | G30: 0 | H30: 0 | I30: 1 | J30: 1 | K30: 1 | L30: 0 | M30: 110 | N30: 0 | O30: =SUM(C30:L30,N30) -> 64 | P30: =SUM(C30:N30) -> 174
B31: 12.15 - 12.30 | C31: 36 | D31: 1 | E31: 5 | F31: 16 | G31: 0 | H31: 0 | I31: 13 | J31: 1 | K31: 1 | L31: 0 | M31: 105 | N31: 0 | O31: =SUM(C31:L31,N31) -> 73 | P31: =SUM(C31:N31) -> 178
B32: 12.30 - 12.45 | C32: 63 | D32: 6 | E32: 4 | F32: 13 | G32: 0 | H32: 0 | I32: 10 | J32: 3 | K32: 5 | L32: 0 | M32: 100 | N32: 0 | O32: =SUM(C32:L32,N32) -> 104 | P32: =SUM(C32:N32) -> 204
B33: 12.45 - 13.00 | C33: 32 | D33: 4 | E33: 2 | F33: 9 | G33: 0 | H33: 0 | I33: 7 | J33: 3 | K33: 0 | L33: 1 | M33: 100 | N33: 0 | O33: =SUM(C33:L33,N33) -> 58 | P33: =SUM(C33:N33) -> 158
B34: 13.00 - 13.15 | C34: 15 | D34: 46 | E34: 12 | F34: 25 | G34: 0 | H34: 3 | I34: 3 | J34: 2 | K34: 0 | L34: 1 | M34: 100 | N34: 0 | O34: =SUM(C34:L34,N34) -> 107 | P34: =SUM(C34:N34) -> 207
B35: 13.15 - 13.30 | C35: 23 | D35: 31 | E35: 11 | F35: 34 | G35: 0 | H35: 0 | I35: 4 | J35: 2 | K35: 0 | L35: 0 | M35: 73 | N35: 0 | O35: =SUM(C35:L35,N35) -> 105 | P35: =SUM(C35:N35) -> 178
B36: 13.30 - 13.45 | C36: 22 | D36: 35 | E36: 3 | F36: 12 | G36: 0 | H36: 0 | I36: 14 | J36: 2 | K36: 2 | L36: 0 | M36: 73 | N36: 0 | O36: =SUM(C36:L36,N36) -> 90 | P36: =SUM(C36:N36) -> 163
B37: 13.45 - 14.00 | C37: 22 | D37: 36 | E37: 7 | F37: 19 | G37: 0 | H37: 0 | I37: 3 | J37: 2 | K37: 4 | L37: 0 | M37: 70 | N37: 0 | O37: =SUM(C37:L37,N37) -> 93 | P37: =SUM(C37:N37) -> 163
B38: 14.00 - 14.15 | C38: 31 | D38: 28 | E38: 7 | F38: 10 | G38: 0 | H38: 0 | I38: 4 | J38: 1 | K38: 2 | L38: 0 | M38: 110 | N38: 0 | O38: =SUM(C38:L38,N38) -> 83 | P38: =SUM(C38:N38) -> 193
B39: 14.15 - 14.30 | C39: 34 | D39: 19 | E39: 5 | F39: 20 | G39: 0 | H39: 0 | I39: 7 | J39: 3 | K39: 2 | L39: 0 | M39: 135 | N39: 0 | O39: =SUM(C39:L39,N39) -> 90 | P39: =SUM(C39:N39) -> 225
B40: 14.30 - 14.45 | C40: 25 | D40: 19 | E40: 5 | F40: 12 | G40: 0 | H40: 0 | I40: 9 | J40: 2 | K40: 2 | L40: 0 | M40: 115 | N40: 0 | O40: =SUM(C40:L40,N40) -> 74 | P40: =SUM(C40:N40) -> 189
... B57: 18.45 - 19.00 | C57: 85 | D57: 100 | E57: 15 | F57: 45 | G57: 0 | H57: 0 | I57: 2 | J57: 1 | K57: 0 | L57: 0 | M57: 125 | N57: 0 | O57: =SUM(C57:L57,N57) -> 248 | P57: =SUM(C57:N57) -> 373
B58: Totals | C58: =SUM(C10:C57) -> 2227 | D58: =SUM(D10:D57) -> 1236 | E58: =SUM(E10:E57) -> 321 | F58: =SUM(F10:F57) -> 910 | G58: =SUM(G10:G57) -> 7 | H58: =SUM(H10:H57) -> 4 | I58: =SUM(I10:I57) -> 247 | J58: =SUM(J10:J57) -> 93 | ... P58: =SUM(P10:P57) -> 11178
B59: %ges + MCs | C59: =C58/$P$58 -> 0.19923063 | D59: =D58/$P$58 -> 0.11057434 | E59: =E58/$P$58 -> 0.028717123 | F59: =F58/$P$58 -> 0.081409912 | G59: =G58/$P$58 -> 0.00062623009 | H59: =H58/$P$58 -> 0.00035784577 | I59: =I58/$P$58 -> 0.022096976 | J59: =J58/$P$58 -> 0.0083199141 | ... N59: =N58/$P$58 -> 8.9461442e-05
B60: %ges w/o MCs | C60: =C58/$O$58 -> 0.4298398 | D60: =D58/$O$58 -> 0.23856398 | E60: =E58/$O$58 -> 0.061957151 | F60: =F58/$O$58 -> 0.17564177 | G60: =G58/$O$58 -> 0.0013510905 | H60: =H58/$O$58 -> 0.00077205173 | I60: =I58/$O$58 -> 0.047674194 | J60: =J58/$O$58 -> 0.017950203 | ... L60: =L58/$O$58 -> 0.00077205173 | N60: =N58/$O$58 -> 0.00019301293

Sheet 31.07 Kisaasi-Kyanja
B1: Consultancy services for Preparation of Expressway Development Master Plan (EDMP) for Uganda
B2: MANUAL CLASSIFIED COUNT (MCC)
B3: ROAD NAME: | C3: ='29.07 Kisaasi-Kyanja'!C3:G3 -> MCC - C1 - STN34- KISAASI-KYANJA ROAD
C5: Date | D5: ='31.07 Kyanja-Kisaasi'!D5 -> 31.07.19 | F5: Location | G5: ='29.07 Kyanja -Kisaasi'!G5:H5 -> Malcom Health center | J5: Surveyor | K5: Nsamba Catherine & Yiga Elly
C6: Dir. From | D6: Kisaasi | F6: Dir. To | G6: Kyanja | J6: Supervisor | K6: ='29.07 Kyanja -Kisaasi'!K6:L6 -> Steven
B8: Time / Veh Type | R8: SUMMARY TRAFFIC VOLUMES
C9: 1. Car | D9: 2. Station Wagon | E9: 3. Pickups | F9: 4. Minibus, matatu | G9: 5. Medium bus | H9: 6. Large Bus | I9: 7. Light Truck | J9: 8. Medium Truck | K9: 9. Heavy truck | L9: 10. Truck Trailer | M9: 11. Motor cycles | N9: 12. Tractors | O9: Total Excl M/Cycles | P9: Total All | R9: Time | S9: 1. Car | T9: 2. Station Wagon | U9: 3. Pickups | V9: 4. Minibus, matatu | W9: 5. Medium bus | X9: 6. Large Bus | Y9: 7. Light Truck | Z9: 8. Medium Truck | AA9: 9. Heavy truck | AB9: 10. Truck Trailer | AC9: 11. Motorcycles | AD9: 12. Tractors, Graders | AE9: Total Excl M/ Cycles | AF9: Total All
B10: 07.00 - 07.15 | C10: 122 | D10: 30 | E10: 9 | F10: 19 | G10: 0 | H10: 0 | I10: 2 | J10: 0 | K10: 2 | L10: 0 | M10: 304 | N10: 0 | O10: =SUM(C10:L10,N10) -> 184 | P10: =SUM(C10:N10) -> 488 | R10: 0700-0800 | S10: =SUM(C10:C13) -> 522 | T10: =SUM(D10:D13) -> 99 | U10: =SUM(E10:E13) -> 38 | V10: =SUM(F10:F13) -> 72 | W10: =SUM(G10:G13) -> 1 | X10: =SUM(H10:H13) -> 0 | Y10: =SUM(I10:I13) -> 9 | Z10: =SUM(J10:J13) -> 0 | ... AF10: =SUM(P10:P13) -> 1955
B11: 07.15 - 07.30 | C11: 140 | D11: 25 | E11: 9 | F11: 18 | G11: 0 | H11: 0 | I11: 3 | J11: 0 | K11: 2 | L11: 0 | M11: 347 | N11: 0 | O11: =SUM(C11:L11,N11) -> 197 | P11: =SUM(C11:N11) -> 544 | R11: 0800-0900 | S11: =SUM(C14:C17) -> 522 | T11: =SUM(D14:D17) -> 99 | U11: =SUM(E14:E17) -> 45 | V11: =SUM(F14:F17) -> 68 | W11: =SUM(G14:G17) -> 0 | X11: =SUM(H14:H17) -> 0 | Y11: =SUM(I14:I17) -> 14 | Z11: =SUM(J14:J17) -> 12 | ... AF11: =SUM(P14:P17) -> 2068
B12: 07.30 - 07.45 | C12: 140 | D12: 26 | E12: 9 | F12: 22 | G12: 0 | H12: 0 | I12: 1 | J12: 0 | K12: 1 | L12: 0 | M12: 230 | N12: 0 | O12: =SUM(C12:L12,N12) -> 199 | P12: =SUM(C12:N12) -> 429 | R12: 0900-1000 | S12: =SUM(C18:C21) -> 284 | T12: =SUM(D18:D21) -> 134 | U12: =SUM(E18:E21) -> 47 | V12: =SUM(F18:F21) -> 49 | W12: =SUM(G18:G21) -> 0 | X12: =SUM(H18:H21) -> 0 | Y12: =SUM(I18:I21) -> 38 | Z12: =SUM(J18:J21) -> 10 | ... AF12: =SUM(P18:P21) -> 1979
B13: 07.45 - 08.00 | C13: 120 | D13: 18 | E13: 11 | F13: 13 | G13: 1 | H13: 0 | I13: 3 | J13: 0 | K13: 0 | L13: 0 | M13: 328 | N13: 0 | O13: =SUM(C13:L13,N13) -> 166 | P13: =SUM(C13:N13) -> 494 | R13: 1000-1100 | S13: =SUM(C22:C25) -> 253 | T13: =SUM(D22:D25) -> 122 | U13: =SUM(E22:E25) -> 39 | V13: =SUM(F22:F25) -> 51 | W13: =SUM(G22:G25) -> 0 | X13: =SUM(H22:H25) -> 0 | Y13: =SUM(I22:I25) -> 20 | Z13: =SUM(J22:J25) -> 13 | ... AF13: =SUM(P22:P25) -> 1380
B14: 08.00 - 08.15 | C14: 148 | D14: 29 | E14: 13 | F14: 22 | G14: 0 | H14: 0 | I14: 4 | J14: 3 | K14: 1 | L14: 0 | M14: 280 | N14: 0 | O14: =SUM(C14:L14,N14) -> 220 | P14: =SUM(C14:N14) -> 500 | R14: 1100-1200 | S14: =SUM(C26:C29) -> 177 | T14: =SUM(D26:D29) -> 68 | U14: =SUM(E26:E29) -> 21 | V14: =SUM(F26:F29) -> 38 | W14: =SUM(G26:G29) -> 1 | X14: =SUM(H26:H29) -> 0 | Y14: =SUM(I26:I29) -> 30 | Z14: =SUM(J26:J29) -> 13 | ... AF14: =SUM(P26:P29) -> 1178
B15: 08.15 - 08.30 | C15: 175 | D15: 28 | E15: 12 | F15: 25 | G15: 0 | H15: 0 | I15: 2 | J15: 1 | K15: 5 | L15: 1 | M15: 333 | N15: 0 | O15: =SUM(C15:L15,N15) -> 249 | P15: =SUM(C15:N15) -> 582 | R15: 1200-1300 | S15: =SUM(C30:C33) -> 176 | T15: =SUM(D30:D33) -> 72 | U15: =SUM(E30:E33) -> 31 | V15: =SUM(F30:F33) -> 44 | W15: =SUM(G30:G33) -> 0 | X15: =SUM(H30:H33) -> 0 | Y15: =SUM(I30:I33) -> 30 | Z15: =SUM(J30:J33) -> 12 | ... AF15: =SUM(P30:P33) -> 908
B16: 08.30 - 08.45 | C16: 96 | D16: 22 | E16: 10 | F16: 7 | G16: 0 | H16: 0 | I16: 4 | J16: 5 | K16: 2 | L16: 0 | M16: 357 | N16: 0 | O16: =SUM(C16:L16,N16) -> 146 | P16: =SUM(C16:N16) -> 503 | R16: 1300-1400 | S16: =SUM(C34:C37) -> 138 | T16: =SUM(D34:D37) -> 55 | U16: =SUM(E34:E37) -> 23 | V16: =SUM(F34:F37) -> 31 | W16: =SUM(G34:G37) -> 0 | X16: =SUM(H34:H37) -> 0 | Y16: =SUM(I34:I37) -> 18 | Z16: =SUM(J34:J37) -> 10 | ... AF16: =SUM(P34:P37) -> 828
B17: 08.45 - 9.00 | C17: 103 | D17: 20 | E17: 10 | F17: 14 | G17: 0 | H17: 0 | I17: 4 | J17: 3 | K17: 2 | L17: 0 | M17: 327 | N17: 0 | O17: =SUM(C17:L17,N17) -> 156 | P17: =SUM(C17:N17) -> 483 | R17: 1400-1500 | S17: =SUM(C38:C41) -> 166 | T17: =SUM(D38:D41) -> 60 | U17: =SUM(E38:E41) -> 25 | V17: =SUM(F38:F41) -> 39 | W17: =SUM(G38:G41) -> 6 | X17: =SUM(H38:H41) -> 2 | Y17: =SUM(I38:I41) -> 21 | Z17: =SUM(J38:J41) -> 9 | ... AF17: =SUM(P38:P41) -> 858
B18: 09.00 - 09.15 | C18: 121 | D18: 29 | E18: 12 | F18: 13 | G18: 0 | H18: 0 | I18: 11 | J18: 1 | K18: 0 | L18: 1 | M18: 373 | N18: 0 | O18: =SUM(C18:L18,N18) -> 188 | P18: =SUM(C18:N18) -> 561 | R18: 1500-1600 | S18: =SUM(C42:C45) -> 129 | T18: =SUM(D42:D45) -> 70 | U18: =SUM(E42:E45) -> 22 | V18: =SUM(F42:F45) -> 28 | W18: =SUM(G42:G45) -> 0 | X18: =SUM(H42:H45) -> 0 | Y18: =SUM(I42:I45) -> 21 | Z18: =SUM(J42:J45) -> 13 | ... AF18: =SUM(P42:P45) -> 881
B19: 09.15 - 09.30 | C19: 41 | D19: 14 | E19: 4 | F19: 9 | G19: 0 | H19: 0 | I19: 6 | J19: 4 | K19: 0 | L19: 0 | M19: 365 | N19: 0 | O19: =SUM(C19:L19,N19) -> 78 | P19: =SUM(C19:N19) -> 443 | R19: 1600-1700 | S19: =SUM(C46:C49) -> 273 | T19: =SUM(D46:D49) -> 61 | U19: =SUM(E46:E49) -> 43 | V19: =SUM(F46:F49) -> 53 | W19: =SUM(G46:G49) -> 0 | X19: =SUM(H46:H49) -> 0 | Y19: =SUM(I46:I49) -> 25 | Z19: =SUM(J46:J49) -> 11 | ... AF19: =SUM(P46:P49) -> 1088
B20: 09.30 - 09.45 | C20: 64 | D20: 42 | E20: 14 | F20: 9 | G20: 0 | H20: 0 | I20: 12 | J20: 1 | K20: 1 | L20: 0 | M20: 323 | N20: 0 | O20: =SUM(C20:L20,N20) -> 143 | P20: =SUM(C20:N20) -> 466 | R20: 1700-1800 | S20: =SUM(C50:C53) -> 284 | T20: =SUM(D50:D53) -> 68 | U20: =SUM(E50:E53) -> 31 | V20: =SUM(F50:F53) -> 53 | W20: =SUM(G50:G53) -> 3 | X20: =SUM(H50:H53) -> 0 | Y20: =SUM(I50:I53) -> 21 | Z20: =SUM(J50:J53) -> 8 | ... AF20: =SUM(P50:P53) -> 1350
B21: 09.45 - 10.00 | C21: 58 | D21: 49 | E21: 17 | F21: 18 | G21: 0 | H21: 0 | I21: 9 | J21: 4 | K21: 0 | L21: 0 | M21: 354 | N21: 0 | O21: =SUM(C21:L21,N21) -> 155 | P21: =SUM(C21:N21) -> 509 | R21: 1800-1900 | S21: =SUM(C54:C57) -> 227 | T21: =SUM(D54:D57) -> 43 | U21: =SUM(E54:E57) -> 30 | V21: =SUM(F54:F57) -> 57 | W21: =SUM(G54:G57) -> 1 | X21: =SUM(H54:H57) -> 0 | Y21: =SUM(I54:I57) -> 17 | Z21: =SUM(J54:J57) -> 11 | ... AF21: =SUM(P54:P57) -> 1528
B22: 10.00 - 10.15 | C22: 57 | D22: 35 | E22: 10 | F22: 13 | G22: 0 | H22: 0 | I22: 6 | J22: 4 | K22: 0 | L22: 0 | M22: 238 | N22: 0 | O22: =SUM(C22:L22,N22) -> 125 | P22: =SUM(C22:N22) -> 363 | R22: AM Peak Hr | S22: =MAX(S10:S12) -> 522 | T22: =MAX(T10:T12) -> 134 | U22: =MAX(U10:U12) -> 47 | V22: =MAX(V10:V12) -> 72 | W22: =MAX(W10:W12) -> 1 | X22: =MAX(X10:X12) -> 0 | Y22: =MAX(Y10:Y12) -> 38 | Z22: =MAX(Z10:Z12) -> 12 | ... AF22: =MAX(AF10:AF12) -> 2068
B23: 10.15 - 10.30 | C23: 70 | D23: 26 | E23: 12 | F23: 13 | G23: 0 | H23: 0 | I23: 5 | J23: 5 | K23: 4 | L23: 2 | M23: 207 | N23: 0 | O23: =SUM(C23:L23,N23) -> 137 | P23: =SUM(C23:N23) -> 344 | R23: IP Peak Hr | S23: =MAX(S13:S18) -> 253 | T23: =MAX(T13:T18) -> 122 | U23: =MAX(U13:U18) -> 39 | V23: =MAX(V13:V18) -> 51 | W23: =MAX(W13:W18) -> 6 | X23: =MAX(X13:X18) -> 2 | Y23: =MAX(Y13:Y18) -> 30 | Z23: =MAX(Z13:Z18) -> 13 | ... AF23: =MAX(AF13:AF18) -> 1380
B24: 10.30 - 10.45 | C24: 66 | D24: 26 | E24: 12 | F24: 13 | G24: 0 | H24: 0 | I24: 4 | J24: 4 | K24: 2 | L24: 2 | M24: 225 | N24: 0 | O24: =SUM(C24:L24,N24) -> 129 | P24: =SUM(C24:N24) -> 354 | R24: PM Peak Hr | S24: =MAX(S19:S21) -> 284 | T24: =MAX(T19:T21) -> 68 | U24: =MAX(U19:U21) -> 43 | V24: =MAX(V19:V21) -> 57 | W24: =MAX(W19:W21) -> 3 | X24: =MAX(X19:X21) -> 0 | Y24: =MAX(Y19:Y21) -> 25 | Z24: =MAX(Z19:Z21) -> 11 | ... AF24: =MAX(AF19:AF21) -> 1528
B25: 10.45 - 11.00 | C25: 60 | D25: 35 | E25: 5 | F25: 12 | G25: 0 | H25: 0 | I25: 5 | J25: 0 | K25: 4 | L25: 0 | M25: 198 | N25: 0 | O25: =SUM(C25:L25,N25) -> 121 | P25: =SUM(C25:N25) -> 319 | R25: AM Period | S25: =SUM(S10:S12) -> 1328 | T25: =SUM(T10:T12) -> 332 | U25: =SUM(U10:U12) -> 130 | V25: =SUM(V10:V12) -> 189 | W25: =SUM(W10:W12) -> 1 | X25: =SUM(X10:X12) -> 0 | Y25: =SUM(Y10:Y12) -> 61 | Z25: =SUM(Z10:Z12) -> 22 | ... AF25: =SUM(AF10:AF12) -> 6002
B26: 11.00 - 11.15 | C26: 50 | D26: 19 | E26: 7 | F26: 9 | G26: 1 | H26: 0 | I26: 8 | J26: 5 | K26: 1 | L26: 0 | M26: 224 | N26: 0 | O26: =SUM(C26:L26,N26) -> 100 | P26: =SUM(C26:N26) -> 324 | R26: IP Period | S26: =SUM(S13:S18) -> 1039 | T26: =SUM(T13:T18) -> 447 | U26: =SUM(U13:U18) -> 161 | V26: =SUM(V13:V18) -> 231 | W26: =SUM(W13:W18) -> 7 | X26: =SUM(X13:X18) -> 2 | Y26: =SUM(Y13:Y18) -> 140 | Z26: =SUM(Z13:Z18) -> 70 | ... AF26: =SUM(AF13:AF18) -> 6033
B27: 11.15 - 11.30 | C27: 32 | D27: 15 | E27: 6 | F27: 10 | G27: 0 | H27: 0 | I27: 8 | J27: 1 | K27: 2 | L27: 0 | M27: 208 | N27: 0 | O27: =SUM(C27:L27,N27) -> 74 | P27: =SUM(C27:N27) -> 282 | R27: PM Period | S27: =SUM(S19:S21) -> 784 | T27: =SUM(T19:T21) -> 172 | U27: =SUM(U19:U21) -> 104 | V27: =SUM(V19:V21) -> 163 | W27: =SUM(W19:W21) -> 4 | X27: =SUM(X19:X21) -> 0 | Y27: =SUM(Y19:Y21) -> 63 | Z27: =SUM(Z19:Z21) -> 30 | ... AF27: =SUM(AF19:AF21) -> 3966
B28: 11.30 - 11.45 | C28: 33 | D28: 29 | E28: 6 | F28: 9 | G28: 0 | H28: 0 | I28: 10 | J28: 6 | K28: 2 | L28: 0 | M28: 221 | N28: 0 | O28: =SUM(C28:L28,N28) -> 95 | P28: =SUM(C28:N28) -> 316 | R28: 12 Hours | S28: =SUM(S10:S21) -> 3151 | T28: =SUM(T10:T21) -> 951 | U28: =SUM(U10:U21) -> 395 | V28: =SUM(V10:V21) -> 583 | W28: =SUM(W10:W21) -> 12 | X28: =SUM(X10:X21) -> 2 | Y28: =SUM(Y10:Y21) -> 264 | Z28: =SUM(Z10:Z21) -> 122 | ... AF28: =SUM(AF10:AF21) -> 16001
B29: 11.45 - 12.00 | C29: 62 | D29: 5 | E29: 2 | F29: 10 | G29: 0 | H29: 0 | I29: 4 | J29: 1 | K29: 2 | L29: 0 | M29: 170 | N29: 0 | O29: =SUM(C29:L29,N29) -> 86 | P29: =SUM(C29:N29) -> 256
B30: 12.00 - 12.15 | C30: 55 | D30: 12 | E30: 8 | F30: 14 | G30: 0 | H30: 0 | I30: 11 | J30: 0 | K30: 0 | L30: 0 | M30: 110 | N30: 0 | O30: =SUM(C30:L30,N30) -> 100 | P30: =SUM(C30:N30) -> 210
B31: 12.15 - 12.30 | C31: 37 | D31: 17 | E31: 7 | F31: 12 | G31: 0 | H31: 0 | I31: 3 | J31: 3 | K31: 3 | L31: 0 | M31: 162 | N31: 0 | O31: =SUM(C31:L31,N31) -> 82 | P31: =SUM(C31:N31) -> 244
B32: 12.30 - 12.45 | C32: 44 | D32: 22 | E32: 7 | F32: 10 | G32: 0 | H32: 0 | I32: 9 | J32: 3 | K32: 2 | L32: 1 | M32: 143 | N32: 0 | O32: =SUM(C32:L32,N32) -> 98 | P32: =SUM(C32:N32) -> 241
B33: 12.45 - 13.00 | C33: 40 | D33: 21 | E33: 9 | F33: 8 | G33: 0 | H33: 0 | I33: 7 | J33: 6 | K33: 1 | L33: 0 | M33: 121 | N33: 0 | O33: =SUM(C33:L33,N33) -> 92 | P33: =SUM(C33:N33) -> 213
B34: 13.00 - 13.15 | C34: 47 | D34: 28 | E34: 10 | F34: 11 | G34: 0 | H34: 0 | I34: 5 | J34: 5 | K34: 1 | L34: 1 | M34: 137 | N34: 0 | O34: =SUM(C34:L34,N34) -> 108 | P34: =SUM(C34:N34) -> 245
B35: 13.15 - 13.30 | C35: 15 | D35: 8 | E35: 4 | F35: 6 | G35: 0 | H35: 0 | I35: 4 | J35: 2 | K35: 0 | L35: 0 | M35: 159 | N35: 0 | O35: =SUM(C35:L35,N35) -> 39 | P35: =SUM(C35:N35) -> 198
B36: 13.30 - 13.45 | C36: 43 | D36: 15 | E36: 5 | F36: 6 | G36: 0 | H36: 0 | I36: 3 | J36: 0 | K36: 1 | L36: 0 | M36: 123 | N36: 0 | O36: =SUM(C36:L36,N36) -> 73 | P36: =SUM(C36:N36) -> 196
B37: 13.45 - 14.00 | C37: 33 | D37: 4 | E37: 4 | F37: 8 | G37: 0 | H37: 0 | I37: 6 | J37: 3 | K37: 2 | L37: 0 | M37: 129 | N37: 0 | O37: =SUM(C37:L37,N37) -> 60 | P37: =SUM(C37:N37) -> 189
B38: 14.00 - 14.15 | C38: 37 | D38: 14 | E38: 4 | F38: 8 | G38: 0 | H38: 0 | I38: 6 | J38: 2 | K38: 3 | L38: 0 | M38: 127 | N38: 0 | O38: =SUM(C38:L38,N38) -> 74 | P38: =SUM(C38:N38) -> 201
B39: 14.15 - 14.30 | C39: 59 | D39: 15 | E39: 10 | F39: 11 | G39: 4 | H39: 0 | I39: 6 | J39: 4 | K39: 2 | L39: 0 | M39: 127 | N39: 0 | O39: =SUM(C39:L39,N39) -> 111 | P39: =SUM(C39:N39) -> 238
B40: 14.30 - 14.45 | C40: 45 | D40: 15 | E40: 6 | F40: 17 | G40: 2 | H40: 2 | I40: 7 | J40: 2 | K40: 1 | L40: 1 | M40: 145 | N40: 0 | O40: =SUM(C40:L40,N40) -> 98 | P40: =SUM(C40:N40) -> 243
... B57: 18.45 - 19.00 | C57: 40 | D57: 14 | E57: 2 | F57: 17 | G57: 0 | H57: 0 | I57: 3 | J57: 3 | K57: 3 | L57: 0 | M57: 394 | N57: 0 | O57: =SUM(C57:L57,N57) -> 82 | P57: =SUM(C57:N57) -> 476
B58: Totals | C58: =SUM(C10:C57) -> 3151 | D58: =SUM(D10:D57) -> 951 | E58: =SUM(E10:E57) -> 395 | F58: =SUM(F10:F57) -> 583 | G58: =SUM(G10:G57) -> 12 | H58: =SUM(H10:H57) -> 2 | I58: =SUM(I10:I57) -> 264 | J58: =SUM(J10:J57) -> 122 | ... P58: =SUM(P10:P57) -> 16001
B59: %ges + MCs | C59: =C58/$P$58 -> 0.19692519 | D59: =D58/$P$58 -> 0.059433785 | E59: =E58/$P$58 -> 0.024685957 | F59: =F58/$P$58 -> 0.036435223 | G59: =G58/$P$58 -> 0.00074995313 | H59: =H58/$P$58 -> 0.00012499219 | I59: =I58/$P$58 -> 0.016498969 | J59: =J58/$P$58 -> 0.0076245235 | ... N59: =N58/$P$58 -> 0
B60: %ges w/o MCs | C60: =C58/$O$58 -> 0.56581074 | D60: =D58/$O$58 -> 0.17076674 | E60: =E58/$O$58 -> 0.070928353 | F60: =F58/$O$58 -> 0.10468666 | G60: =G58/$O$58 -> 0.0021547854 | H60: =H58/$O$58 -> 0.0003591309 | I60: =I58/$O$58 -> 0.047405279 | J60: =J58/$O$58 -> 0.021906985 | ... L60: =L58/$O$58 -> 0.0023343509 | N60: =N58/$O$58 -> 0

Sheet 01.08 Kyanja-Kisaasi-24h
B1: Consultancy services for Preparation of Expressway Development Master Plan (EDMP) for Uganda
B2: MANUAL CLASSIFIED COUNT (MCC)
B3: ROAD NAME: | C3: ='29.07 Kyanja -Kisaasi'!C3:G3 -> MCC - C1 - STN34- KISAASI-KYANJA ROAD
C5: Date | D5: 01.08.19 | F5: Location | G5: ='02.08 Kisaasi-Kyanja'!G5:H5 -> Malcom Health center | J5: Surveyor | K5: Shamim & Elly
C6: Dir. From | D6: ='29.07 Kyanja -Kisaasi'!D6:E6 -> Kyanja | F6: Dir. To | G6: ='29.07 Kyanja -Kisaasi'!G6:H6 -> Kisaasi | J6: Supervisor | K6: ='02.08 Kisaasi-Kyanja'!K6:L6 -> Steven
B8: Time / Veh Type | R8: SUMMARY TRAFFIC VOLUMES
C9: 1. Car | D9: 2. Station Wagon | E9: 3. Pickups | F9: 4. Minibus, matatu | G9: 5. Medium bus | H9: 6. Large Bus | I9: 7. Light Truck | J9: 8. Medium Truck | K9: 9. Heavy truck | L9: 10. Truck Trailer | M9: 11. Motor cycles | N9: 12. Tractors | O9: Total Excl M/Cycles | P9: Total All | R9: Time | S9: 1. Car | T9: 2. Station Wagon | U9: 3. Pickups | V9: 4. Minibus, matatu | W9: 5. Medium bus | X9: 6. Large Bus | Y9: 7. Light Truck | Z9: 8. Medium Truck | AA9: 9. Heavy truck | AB9: 10. Truck Trailer | AC9: 11. Motorcycles | AD9: 12. Tractors, Graders | AE9: Total Excl M/ Cycles | AF9: Total All
B10: 07.00 - 07.15 | C10: 90 | D10: 30 | E10: 8 | F10: 20 | G10: 0 | H10: 0 | I10: 6 | J10: 0 | K10: 1 | L10: 0 | M10: 165 | N10: 0 | O10: =SUM(C10:L10,N10) -> 155 | P10: =SUM(C10:N10) -> 320 | R10: 0700-0800 | S10: =SUM(C10:C13) -> 425 | T10: =SUM(D10:D13) -> 136 | U10: =SUM(E10:E13) -> 53 | V10: =SUM(F10:F13) -> 102 | W10: =SUM(G10:G13) -> 42 | X10: =SUM(H10:H13) -> 0 | Y10: =SUM(I10:I13) -> 19 | Z10: =SUM(J10:J13) -> 0 | ... AF10: =SUM(P10:P13) -> 1507
B11: 07.15 - 07.30 | C11: 105 | D11: 0 | E11: 31 | F11: 17 | G11: 42 | H11: 0 | I11: 0 | J11: 0 | K11: 0 | L11: 1 | M11: 133 | N11: 0 | O11: =SUM(C11:L11,N11) -> 196 | P11: =SUM(C11:N11) -> 329 | R11: 0800-0900 | S11: =SUM(C14:C17) -> 435 | T11: =SUM(D14:D17) -> 222 | U11: =SUM(E14:E17) -> 450 | V11: =SUM(F14:F17) -> 133 | W11: =SUM(G14:G17) -> 1 | X11: =SUM(H14:H17) -> 1 | Y11: =SUM(I14:I17) -> 38 | Z11: =SUM(J14:J17) -> 2 | ... AF11: =SUM(P14:P17) -> 2114
B12: 07.30 - 07.45 | C12: 95 | D12: 35 | E12: 6 | F12: 30 | G12: 0 | H12: 0 | I12: 3 | J12: 0 | K12: 0 | L12: 0 | M12: 230 | N12: 0 | O12: =SUM(C12:L12,N12) -> 169 | P12: =SUM(C12:N12) -> 399 | R12: 0900-1000 | S12: =SUM(C18:C21) -> 376 | T12: =SUM(D18:D21) -> 153 | U12: =SUM(E18:E21) -> 23 | V12: =SUM(F18:F21) -> 122 | W12: =SUM(G18:G21) -> 0 | X12: =SUM(H18:H21) -> 0 | Y12: =SUM(I18:I21) -> 8 | Z12: =SUM(J18:J21) -> 3 | ... AF12: =SUM(P18:P21) -> 1346
B13: 07.45 - 08.00 | C13: 135 | D13: 71 | E13: 8 | F13: 35 | G13: 0 | H13: 0 | I13: 10 | J13: 0 | K13: 0 | L13: 0 | M13: 200 | N13: 0 | O13: =SUM(C13:L13,N13) -> 259 | P13: =SUM(C13:N13) -> 459 | R13: 1000-1100 | S13: =SUM(C22:C25) -> 367 | T13: =SUM(D22:D25) -> 120 | U13: =SUM(E22:E25) -> 27 | V13: =SUM(F22:F25) -> 79 | W13: =SUM(G22:G25) -> 0 | X13: =SUM(H22:H25) -> 0 | Y13: =SUM(I22:I25) -> 16 | Z13: =SUM(J22:J25) -> 12 | ... AF13: =SUM(P22:P25) -> 1065
B14: 08.00 - 08.15 | C14: 100 | D14: 52 | E14: 10 | F14: 22 | G14: 0 | H14: 0 | I14: 15 | J14: 0 | K14: 0 | L14: 0 | M14: 168 | N14: 0 | O14: =SUM(C14:L14,N14) -> 199 | P14: =SUM(C14:N14) -> 367 | R14: 1100-1200 | S14: =SUM(C26:C29) -> 260 | T14: =SUM(D26:D29) -> 88 | U14: =SUM(E26:E29) -> 21 | V14: =SUM(F26:F29) -> 55 | W14: =SUM(G26:G29) -> 1 | X14: =SUM(H26:H29) -> 0 | Y14: =SUM(I26:I29) -> 9 | Z14: =SUM(J26:J29) -> 4 | ... AF14: =SUM(P26:P29) -> 843
B15: 08.15 - 08.30 | C15: 115 | D15: 60 | E15: 18 | F15: 55 | G15: 0 | H15: 0 | I15: 13 | J15: 0 | K15: 0 | L15: 0 | M15: 229 | N15: 0 | O15: =SUM(C15:L15,N15) -> 261 | P15: =SUM(C15:N15) -> 490 | R15: 1200-1300 | S15: =SUM(C30:C33) -> 237 | T15: =SUM(D30:D33) -> 108 | U15: =SUM(E30:E33) -> 27 | V15: =SUM(F30:F33) -> 51 | W15: =SUM(G30:G33) -> 0 | X15: =SUM(H30:H33) -> 0 | Y15: =SUM(I30:I33) -> 15 | Z15: =SUM(J30:J33) -> 6 | ... AF15: =SUM(P30:P33) -> 851
B16: 08.30 - 08.45 | C16: 130 | D16: 75 | E16: 410 | F16: 31 | G16: 0 | H16: 0 | I16: 9 | J16: 2 | K16: 2 | L16: 1 | M16: 239 | N16: 0 | O16: =SUM(C16:L16,N16) -> 660 | P16: =SUM(C16:N16) -> 899 | R16: 1300-1400 | S16: =SUM(C34:C37) -> 204 | T16: =SUM(D34:D37) -> 61 | U16: =SUM(E34:E37) -> 15 | V16: =SUM(F34:F37) -> 49 | W16: =SUM(G34:G37) -> 2 | X16: =SUM(H34:H37) -> 0 | Y16: =SUM(I34:I37) -> 18 | Z16: =SUM(J34:J37) -> 11 | ... AF16: =SUM(P34:P37) -> 728
B17: 08.45 - 9.00 | C17: 90 | D17: 35 | E17: 12 | F17: 25 | G17: 1 | H17: 1 | I17: 1 | J17: 0 | K17: 0 | L17: 0 | M17: 193 | N17: 0 | O17: =SUM(C17:L17,N17) -> 165 | P17: =SUM(C17:N17) -> 358 | R17: 1400-1500 | S17: =SUM(C38:C41) -> 194 | T17: =SUM(D38:D41) -> 70 | U17: =SUM(E38:E41) -> 17 | V17: =SUM(F38:F41) -> 51 | W17: =SUM(G38:G41) -> 0 | X17: =SUM(H38:H41) -> 0 | Y17: =SUM(I38:I41) -> 12 | Z17: =SUM(J38:J41) -> 4 | ... AF17: =SUM(P38:P41) -> 692
B18: 09.00 - 09.15 | C18: 110 | D18: 45 | E18: 11 | F18: 27 | G18: 0 | H18: 0 | I18: 3 | J18: 0 | K18: 4 | L18: 0 | M18: 207 | N18: 0 | O18: =SUM(C18:L18,N18) -> 200 | P18: =SUM(C18:N18) -> 407 | R18: 1500-1600 | S18: =SUM(C42:C45) -> 123 | T18: =SUM(D42:D45) -> 44 | U18: =SUM(E42:E45) -> 8 | V18: =SUM(F42:F45) -> 34 | W18: =SUM(G42:G45) -> 0 | X18: =SUM(H42:H45) -> 0 | Y18: =SUM(I42:I45) -> 9 | Z18: =SUM(J42:J45) -> 4 | ... AF18: =SUM(P42:P45) -> 576
B19: 09.15 - 09.30 | C19: 86 | D19: 32 | E19: 5 | F19: 40 | G19: 0 | H19: 0 | I19: 1 | J19: 0 | K19: 5 | L19: 0 | M19: 146 | N19: 0 | O19: =SUM(C19:L19,N19) -> 169 | P19: =SUM(C19:N19) -> 315 | R19: 1600-1700 | S19: =SUM(C46:C49) -> 171 | T19: =SUM(D46:D49) -> 81 | U19: =SUM(E46:E49) -> 25 | V19: =SUM(F46:F49) -> 74 | W19: =SUM(G46:G49) -> 2 | X19: =SUM(H46:H49) -> 0 | Y19: =SUM(I46:I49) -> 9 | Z19: =SUM(J46:J49) -> 7 | ... AF19: =SUM(P46:P49) -> 759
B20: 09.30 - 09.45 | C20: 80 | D20: 36 | E20: 6 | F20: 15 | G20: 0 | H20: 0 | I20: 3 | J20: 3 | K20: 5 | L20: 0 | M20: 174 | N20: 0 | O20: =SUM(C20:L20,N20) -> 148 | P20: =SUM(C20:N20) -> 322 | R20: 1700-1800 | S20: =SUM(C50:C53) -> 208 | T20: =SUM(D50:D53) -> 108 | U20: =SUM(E50:E53) -> 42 | V20: =SUM(F50:F53) -> 115 | W20: =SUM(G50:G53) -> 1 | X20: =SUM(H50:H53) -> 0 | Y20: =SUM(I50:I53) -> 11 | Z20: =SUM(J50:J53) -> 7 | ... AF20: =SUM(P50:P53) -> 931
B21: 09.45 - 10.00 | C21: 100 | D21: 40 | E21: 1 | F21: 40 | G21: 0 | H21: 0 | I21: 1 | J21: 0 | K21: 2 | L21: 0 | M21: 118 | N21: 0 | O21: =SUM(C21:L21,N21) -> 184 | P21: =SUM(C21:N21) -> 302 | R21: 1800-1900 | S21: =SUM(C54:C57) -> 255 | T21: =SUM(D54:D57) -> 128 | U21: =SUM(E54:E57) -> 42 | V21: =SUM(F54:F57) -> 106 | W21: =SUM(G54:G57) -> 0 | X21: =SUM(H54:H57) -> 0 | Y21: =SUM(I54:I57) -> 6 | Z21: =SUM(J54:J57) -> 4 | ... AF21: =SUM(P54:P57) -> 1032
B22: 10.00 - 10.15 | C22: 100 | D22: 57 | E22: 8 | F22: 33 | G22: 0 | H22: 0 | I22: 3 | J22: 0 | K22: 4 | L22: 0 | M22: 119 | N22: 0 | O22: =SUM(C22:L22,N22) -> 205 | P22: =SUM(C22:N22) -> 324 | R22: 1900-2000 | S22: =SUM(C58:C61) -> 135 | T22: =SUM(D58:D61) -> 53 | U22: =SUM(E58:E61) -> 23 | V22: =SUM(F58:F61) -> 38 | W22: =SUM(G58:G61) -> 2 | X22: =SUM(H58:H61) -> 0 | Y22: =SUM(I58:I61) -> 6 | Z22: =SUM(J58:J61) -> 5 | ... AF22: =SUM(P58:P61) -> 1068
B23: 10.15 - 10.30 | C23: 95 | D23: 18 | E23: 4 | F23: 20 | G23: 0 | H23: 0 | I23: 3 | J23: 2 | K23: 1 | L23: 0 | M23: 109 | N23: 0 | O23: =SUM(C23:L23,N23) -> 143 | P23: =SUM(C23:N23) -> 252 | R23: 2000-2100 | S23: =SUM(C62:C65) -> 126 | T23: =SUM(D62:D65) -> 24 | U23: =SUM(E62:E65) -> 6 | V23: =SUM(F62:F65) -> 39 | W23: =SUM(G62:G65) -> 0 | X23: =SUM(H62:H65) -> 0 | Y23: =SUM(I62:I65) -> 2 | Z23: =SUM(J62:J65) -> 4 | ... AF23: =SUM(P62:P65) -> 824
B24: 10.30 - 10.45 | C24: 105 | D24: 35 | E24: 12 | F24: 16 | G24: 0 | H24: 0 | I24: 3 | J24: 3 | K24: 2 | L24: 1 | M24: 100 | N24: 0 | O24: =SUM(C24:L24,N24) -> 177 | P24: =SUM(C24:N24) -> 277 | R24: 2100-2200 | S24: =SUM(C66:C69) -> 98 | T24: =SUM(D66:D69) -> 34 | U24: =SUM(E66:E69) -> 13 | V24: =SUM(F66:F69) -> 36 | W24: =SUM(G66:G69) -> 5 | X24: =SUM(H66:H69) -> 0 | Y24: =SUM(I66:I69) -> 5 | Z24: =SUM(J66:J69) -> 2 | ... AF24: =SUM(P66:P69) -> 578
B25: 10.45 - 11.00 | C25: 67 | D25: 10 | E25: 3 | F25: 10 | G25: 0 | H25: 0 | I25: 7 | J25: 7 | K25: 1 | L25: 0 | M25: 107 | N25: 0 | O25: =SUM(C25:L25,N25) -> 105 | P25: =SUM(C25:N25) -> 212 | R25: 2200-2300 | S25: =SUM(C70:C73) -> 99 | T25: =SUM(D70:D73) -> 45 | U25: =SUM(E70:E73) -> 20 | V25: =SUM(F70:F73) -> 27 | W25: =SUM(G70:G73) -> 0 | X25: =SUM(H70:H73) -> 0 | Y25: =SUM(I70:I73) -> 3 | Z25: =SUM(J70:J73) -> 1 | ... AF25: =SUM(P70:P73) -> 506
B26: 11.00 - 11.15 | C26: 80 | D26: 31 | E26: 8 | F26: 16 | G26: 0 | H26: 0 | I26: 5 | J26: 2 | K26: 0 | L26: 0 | M26: 119 | N26: 0 | O26: =SUM(C26:L26,N26) -> 142 | P26: =SUM(C26:N26) -> 261 | R26: 2300-0000 | S26: =SUM(C74:C77) -> 67 | T26: =SUM(D74:D77) -> 38 | U26: =SUM(E74:E77) -> 5 | V26: =SUM(F74:F77) -> 6 | W26: =SUM(G74:G77) -> 0 | X26: =SUM(H74:H77) -> 0 | Y26: =SUM(I74:I77) -> 4 | Z26: =SUM(J74:J77) -> 4 | ... AF26: =SUM(P74:P77) -> 322
B27: 11.15 - 11.30 | C27: 40 | D27: 21 | E27: 7 | F27: 11 | G27: 1 | H27: 0 | I27: 2 | J27: 2 | K27: 0 | L27: 0 | M27: 85 | N27: 0 | O27: =SUM(C27:L27,N27) -> 84 | P27: =SUM(C27:N27) -> 169 | R27: 0000-0100 | S27: =SUM(C78:C81) -> 58 | T27: =SUM(D78:D81) -> 20 | U27: =SUM(E78:E81) -> 4 | V27: =SUM(F78:F81) -> 5 | W27: =SUM(G78:G81) -> 0 | X27: =SUM(H78:H81) -> 0 | Y27: =SUM(I78:I81) -> 1 | Z27: =SUM(J78:J81) -> 0 | ... AF27: =SUM(P78:P81) -> 178
B28: 11.30 - 11.45 | C28: 70 | D28: 23 | E28: 4 | F28: 23 | G28: 0 | H28: 0 | I28: 2 | J28: 0 | K28: 0 | L28: 1 | M28: 87 | N28: 0 | O28: =SUM(C28:L28,N28) -> 123 | P28: =SUM(C28:N28) -> 210 | R28: 0100-0200 | S28: =SUM(C82:C85) -> 29 | T28: =SUM(D82:D85) -> 1 | U28: =SUM(E82:E85) -> 1 | V28: =SUM(F82:F85) -> 0 | W28: =SUM(G82:G85) -> 0 | X28: =SUM(H82:H85) -> 0 | Y28: =SUM(I82:I85) -> 0 | Z28: =SUM(J82:J85) -> 0 | ... AF28: =SUM(P82:P85) -> 94
B29: 11.45 - 12.00 | C29: 70 | D29: 13 | E29: 2 | F29: 5 | G29: 0 | H29: 0 | I29: 0 | J29: 0 | K29: 1 | L29: 0 | M29: 112 | N29: 0 | O29: =SUM(C29:L29,N29) -> 91 | P29: =SUM(C29:N29) -> 203 | R29: 0200-0300 | S29: =SUM(C86:C89) -> 16 | T29: =SUM(D86:D89) -> 7 | U29: =SUM(E86:E89) -> 1 | V29: =SUM(F86:F89) -> 3 | W29: =SUM(G86:G89) -> 0 | X29: =SUM(H86:H89) -> 0 | Y29: =SUM(I86:I89) -> 0 | Z29: =SUM(J86:J89) -> 0 | ... AF29: =SUM(P86:P89) -> 68
B30: 12.00 - 12.15 | C30: 60 | D30: 19 | E30: 8 | F30: 13 | G30: 0 | H30: 0 | I30: 2 | J30: 2 | K30: 0 | L30: 0 | M30: 106 | N30: 0 | O30: =SUM(C30:L30,N30) -> 104 | P30: =SUM(C30:N30) -> 210 | R30: 0300-0400 | S30: =SUM(C90:C93) -> 18 | T30: =SUM(D90:D93) -> 2 | U30: =SUM(E90:E93) -> 1 | V30: =SUM(F90:F93) -> 0 | W30: =SUM(G90:G93) -> 0 | X30: =SUM(H90:H93) -> 1 | Y30: =SUM(I90:I93) -> 1 | Z30: =SUM(J90:J93) -> 1 | ... AF30: =SUM(P90:P93) -> 41
B31: 12.15 - 12.30 | C31: 53 | D31: 14 | E31: 9 | F31: 18 | G31: 0 | H31: 0 | I31: 6 | J31: 1 | K31: 3 | L31: 1 | M31: 117 | N31: 0 | O31: =SUM(C31:L31,N31) -> 105 | P31: =SUM(C31:N31) -> 222 | R31: 0400-0500 | S31: =SUM(C94:C97) -> 6 | T31: =SUM(D94:D97) -> 1 | U31: =SUM(E94:E97) -> 2 | V31: =SUM(F94:F97) -> 3 | W31: =SUM(G94:G97) -> 0 | X31: =SUM(H94:H97) -> 0 | Y31: =SUM(I94:I97) -> 0 | Z31: =SUM(J94:J97) -> 0 | ... AF31: =SUM(P94:P97) -> 26
B32: 12.30 - 12.45 | C32: 59 | D32: 34 | E32: 2 | F32: 8 | G32: 0 | H32: 0 | I32: 6 | J32: 2 | K32: 5 | L32: 0 | M32: 90 | N32: 0 | O32: =SUM(C32:L32,N32) -> 116 | P32: =SUM(C32:N32) -> 206 | R32: 0500-0600 | S32: =SUM(C98:C101) -> 65 | T32: =SUM(D98:D101) -> 8 | U32: =SUM(E98:E101) -> 11 | V32: =SUM(F98:F101) -> 34 | W32: =SUM(G98:G101) -> 3 | X32: =SUM(H98:H101) -> 0 | Y32: =SUM(I98:I101) -> 1 | Z32: =SUM(J98:J101) -> 0 | ... AF32: =SUM(P98:P101) -> 191
B33: 12.45 - 13.00 | C33: 65 | D33: 41 | E33: 8 | F33: 12 | G33: 0 | H33: 0 | I33: 1 | J33: 1 | K33: 0 | L33: 0 | M33: 85 | N33: 0 | O33: =SUM(C33:L33,N33) -> 128 | P33: =SUM(C33:N33) -> 213 | R33: 0600-0700 | S33: =SUM(C102:C105) -> 184 | T33: =SUM(D102:D105) -> 155 | U33: =SUM(E102:E105) -> 50 | V33: =SUM(F102:F105) -> 41 | W33: =SUM(G102:G105) -> 2 | X33: =SUM(H102:H105) -> 0 | Y33: =SUM(I102:I105) -> 1 | Z33: =SUM(J102:J105) -> 0 | ... AF33: =SUM(P102:P105) -> 591
B34: 13.00 - 13.15 | C34: 60 | D34: 30 | E34: 7 | F34: 22 | G34: 1 | H34: 0 | I34: 6 | J34: 4 | K34: 2 | L34: 0 | M34: 101 | N34: 0 | O34: =SUM(C34:L34,N34) -> 132 | P34: =SUM(C34:N34) -> 233 | R34: AM Peak Hr | S34: =MAX(S10:S12) -> 435 | T34: =MAX(T10:T12) -> 222 | U34: =MAX(U10:U12) -> 450 | V34: =MAX(V10:V12) -> 133 | W34: =MAX(W10:W12) -> 42 | X34: =MAX(X10:X12) -> 1 | Y34: =MAX(Y10:Y12) -> 38 | Z34: =MAX(Z10:Z12) -> 3 | ... AF34: =MAX(AF10:AF12) -> 2114
B35: 13.15 - 13.30 | C35: 51 | D35: 20 | E35: 3 | F35: 6 | G35: 0 | H35: 0 | I35: 1 | J35: 1 | K35: 2 | L35: 1 | M35: 84 | N35: 0 | O35: =SUM(C35:L35,N35) -> 85 | P35: =SUM(C35:N35) -> 169 | R35: IP Peak Hr | S35: =MAX(S13:S18) -> 367 | T35: =MAX(T13:T18) -> 120 | U35: =MAX(U13:U18) -> 27 | V35: =MAX(V13:V18) -> 79 | W35: =MAX(W13:W18) -> 2 | X35: =MAX(X13:X18) -> 0 | Y35: =MAX(Y13:Y18) -> 18 | Z35: =MAX(Z13:Z18) -> 12 | ... AF35: =MAX(AF13:AF18) -> 1065
B36: 13.30 - 13.45 | C36: 51 | D36: 6 | E36: 1 | F36: 9 | G36: 1 | H36: 0 | I36: 4 | J36: 4 | K36: 2 | L36: 0 | M36: 96 | N36: 0 | O36: =SUM(C36:L36,N36) -> 78 | P36: =SUM(C36:N36) -> 174 | R36: PM Peak Hr | S36: =MAX(S19:S21) -> 255 | T36: =MAX(T19:T21) -> 128 | U36: =MAX(U19:U21) -> 42 | V36: =MAX(V19:V21) -> 115 | W36: =MAX(W19:W21) -> 2 | X36: =MAX(X19:X21) -> 0 | Y36: =MAX(Y19:Y21) -> 11 | Z36: =MAX(Z19:Z21) -> 7 | ... AF36: =MAX(AF19:AF21) -> 1032
B37: 13.45 - 14.00 | C37: 42 | D37: 5 | E37: 4 | F37: 12 | G37: 0 | H37: 0 | I37: 7 | J37: 2 | K37: 2 | L37: 0 | M37: 78 | N37: 0 | O37: =SUM(C37:L37,N37) -> 74 | P37: =SUM(C37:N37) -> 152 | R37: AM Period | S37: =SUM(S10:S12) -> 1236 | T37: =SUM(T10:T12) -> 511 | U37: =SUM(U10:U12) -> 526 | V37: =SUM(V10:V12) -> 357 | W37: =SUM(W10:W12) -> 43 | X37: =SUM(X10:X12) -> 1 | Y37: =SUM(Y10:Y12) -> 65 | Z37: =SUM(Z10:Z12) -> 5 | ... AF37: =SUM(AF10:AF12) -> 4967
B38: 14.00 - 14.15 | C38: 50 | D38: 14 | E38: 1 | F38: 12 | G38: 0 | H38: 0 | I38: 4 | J38: 0 | K38: 3 | L38: 0 | M38: 91 | N38: 0 | O38: =SUM(C38:L38,N38) -> 84 | P38: =SUM(C38:N38) -> 175 | R38: IP Period | S38: =SUM(S13:S18) -> 1385 | T38: =SUM(T13:T18) -> 491 | U38: =SUM(U13:U18) -> 115 | V38: =SUM(V13:V18) -> 319 | W38: =SUM(W13:W18) -> 3 | X38: =SUM(X13:X18) -> 0 | Y38: =SUM(Y13:Y18) -> 79 | Z38: =SUM(Z13:Z18) -> 41 | ... AF38: =SUM(AF13:AF18) -> 4755
B39: 14.15 - 14.30 | C39: 50 | D39: 21 | E39: 7 | F39: 14 | G39: 0 | H39: 0 | I39: 0 | J39: 0 | K39: 1 | L39: 0 | M39: 93 | N39: 0 | O39: =SUM(C39:L39,N39) -> 93 | P39: =SUM(C39:N39) -> 186 | R39: PM Period | S39: =SUM(S19:S21) -> 634 | T39: =SUM(T19:T21) -> 317 | U39: =SUM(U19:U21) -> 109 | V39: =SUM(V19:V21) -> 295 | W39: =SUM(W19:W21) -> 3 | X39: =SUM(X19:X21) -> 0 | Y39: =SUM(Y19:Y21) -> 26 | Z39: =SUM(Z19:Z21) -> 18 | ... AF39: =SUM(AF19:AF21) -> 2722
B40: 14.30 - 14.45 | C40: 55 | D40: 13 | E40: 6 | F40: 10 | G40: 0 | H40: 0 | I40: 5 | J40: 4 | K40: 0 | L40: 1 | M40: 89 | N40: 0 | O40: =SUM(C40:L40,N40) -> 94 | P40: =SUM(C40:N40) -> 183 | R40: 12 Hours | S40: =SUM(S10:S21) -> 3255 | T40: =SUM(T10:T21) -> 1319 | U40: =SUM(U10:U21) -> 750 | V40: =SUM(V10:V21) -> 971 | W40: =SUM(W10:W21) -> 49 | X40: =SUM(X10:X21) -> 1 | Y40: =SUM(Y10:Y21) -> 170 | Z40: =SUM(Z10:Z21) -> 64 | ... AF40: =SUM(AF10:AF21) -> 12444
B41: 14.45 - 15.00 | C41: 39 | D41: 22 | E41: 3 | F41: 15 | G41: 0 | H41: 0 | I41: 3 | J41: 0 | K41: 2 | L41: 0 | M41: 64 | N41: 0 | O41: =SUM(C41:L41,N41) -> 84 | P41: =SUM(C41:N41) -> 148 | R41: 24 Hrs/ADT | S41: =SUM(S10:S33) -> 4156 | T41: =SUM(T10:T33) -> 1707 | U41: =SUM(U10:U33) -> 887 | V41: =SUM(V10:V33) -> 1203 | W41: =SUM(W10:W33) -> 61 | X41: =SUM(X10:X33) -> 2 | Y41: =SUM(Y10:Y33) -> 194 | Z41: =SUM(Z10:Z33) -> 81 | ... AF41: =SUM(AF10:AF33) -> 16931
B42: 15.00 - 15.15 | C42: 31 | D42: 16 | E42: 4 | F42: 12 | G42: 0 | H42: 0 | I42: 1 | J42: 0 | K42: 1 | L42: 0 | M42: 98 | N42: 0 | O42: =SUM(C42:L42,N42) -> 65 | P42: =SUM(C42:N42) -> 163 | R42: NEF | S42: =S41/S40 -> 1.2768049 | T42: =T41/T40 -> 1.2941622 | U42: =U41/U40 -> 1.1826667 | V42: =V41/V40 -> 1.2389289 | W42: =W41/W40 -> 1.244898 | X42: =X41/X40 -> 2 | Y42: =Y41/Y40 -> 1.1411765 | Z42: =Z41/Z40 -> 1.265625 | ... AF42: =AF41/AF40 -> 1.3605754
B43: 15.15 - 15.30 | C43: 16 | D43: 7 | E43: 0 | F43: 4 | G43: 0 | H43: 0 | I43: 2 | J43: 0 | K43: 0 | L43: 0 | M43: 95 | N43: 0 | O43: =SUM(C43:L43,N43) -> 29 | P43: =SUM(C43:N43) -> 124
B44: 15.30 - 15.45 | C44: 35 | D44: 17 | E44: 3 | F44: 10 | G44: 0 | H44: 0 | I44: 5 | J44: 4 | K44: 5 | L44: 0 | M44: 83 | N44: 0 | O44: =SUM(C44:L44,N44) -> 79 | P44: =SUM(C44:N44) -> 162
B45: 15.45 - 16.00 | C45: 41 | D45: 4 | E45: 1 | F45: 8 | G45: 0 | H45: 0 | I45: 1 | J45: 0 | K45: 0 | L45: 0 | M45: 72 | N45: 0 | O45: =SUM(C45:L45,N45) -> 55 | P45: =SUM(C45:N45) -> 127
B46: 16.00 - 16.15 | C46: 32 | D46: 25 | E46: 7 | F46: 14 | G46: 0 | H46: 0 | I46: 3 | J46: 2 | K46: 3 | L46: 0 | M46: 93 | N46: 0 | O46: =SUM(C46:L46,N46) -> 86 | P46: =SUM(C46:N46) -> 179
B47: 16.15 -16.30 | C47: 40 | D47: 17 | E47: 5 | F47: 20 | G47: 0 | H47: 0 | I47: 1 | J47: 2 | K47: 2 | L47: 1 | M47: 98 | N47: 0 | O47: =SUM(C47:L47,N47) -> 88 | P47: =SUM(C47:N47) -> 186
B48: 16.30 -16.45 | C48: 46 | D48: 22 | E48: 10 | F48: 15 | G48: 2 | H48: 0 | I48: 2 | J48: 2 | K48: 1 | L48: 0 | M48: 95 | N48: 0 | O48: =SUM(C48:L48,N48) -> 100 | P48: =SUM(C48:N48) -> 195
B49: 16.45 -17.00 | C49: 53 | D49: 17 | E49: 3 | F49: 25 | G49: 0 | H49: 0 | I49: 3 | J49: 1 | K49: 1 | L49: 0 | M49: 96 | N49: 0 | O49: =SUM(C49:L49,N49) -> 103 | P49: =SUM(C49:N49) -> 199
B50: 17.00 -17.15 | C50: 45 | D50: 30 | E50: 10 | F50: 10 | G50: 0 | H50: 0 | I50: 3 | J50: 1 | K50: 4 | L50: 0 | M50: 87 | N50: 0 | O50: =SUM(C50:L50,N50) -> 103 | P50: =SUM(C50:N50) -> 190
B51: 17.15 -17.30 | C51: 62 | D51: 26 | E51: 12 | F51: 40 | G51: 1 | H51: 0 | I51: 1 | J51: 1 | K51: 2 | L51: 0 | M51: 120 | N51: 0 | O51: =SUM(C51:L51,N51) -> 145 | P51: =SUM(C51:N51) -> 265
B52: 17.30 -17.45 | C52: 45 | D52: 30 | E52: 8 | F52: 40 | G52: 0 | H52: 0 | I52: 5 | J52: 3 | K52: 3 | L52: 1 | M52: 114 | N52: 0 | O52: =SUM(C52:L52,N52) -> 135 | P52: =SUM(C52:N52) -> 249
B53: 17.45 -18.00 | C53: 56 | D53: 22 | E53: 12 | F53: 25 | G53: 0 | H53: 0 | I53: 2 | J53: 2 | K53: 1 | L53: 0 | M53: 107 | N53: 0 | O53: =SUM(C53:L53,N53) -> 120 | P53: =SUM(C53:N53) -> 227
B54: 18.00 - 18.15 | C54: 70 | D54: 43 | E54: 5 | F54: 38 | G54: 0 | H54: 0 | I54: 1 | J54: 2 | K54: 2 | L54: 1 | M54: 155 | N54: 0 | O54: =SUM(C54:L54,N54) -> 162 | P54: =SUM(C54:N54) -> 317
... B105: 06.45 - 07.00 | C105: 52 | D105: 30 | E105: 15 | F105: 10 | G105: 0 | H105: 0 | I105: 0 | J105: 0 | K105: 0 | L105: 0 | M105: 33 | N105: 0 | O105: =SUM(C105:L105,N105) -> 107 | P105: =SUM(C105:N105) -> 140
B106: Totals | C106: =SUM(C10:C105) -> 4156 | D106: =SUM(D10:D105) -> 1707 | E106: =SUM(E10:E105) -> 887 | F106: =SUM(F10:F105) -> 1203 | G106: =SUM(G10:G105) -> 61 | H106: =SUM(H10:H105) -> 2 | I106: =SUM(I10:I105) -> 194 | J106: =SUM(J10:J105) -> 81 | ... P106: =SUM(P10:P105) -> 16931
B107: %ges + MCs | C107: =C106/$P$106 -> 0.2454669 | D107: =D106/$P$106 -> 0.10082098 | E107: =E106/$P$106 -> 0.052389109 | F107: =F106/$P$106 -> 0.071053098 | G107: =G106/$P$106 -> 0.0036028587 | H107: =H106/$P$106 -> 0.00011812651 | I107: =I106/$P$106 -> 0.011458272 | J107: =J106/$P$106 -> 0.0047841238 | ... N107: =N106/$P$106 -> 0
B108: %ges w/o MCs | C108: =C106/$O$106 -> 0.49529258 | D108: =D106/$O$106 -> 0.20343225 | E108: =E106/$O$106 -> 0.1057085 | F108: =F106/$O$106 -> 0.14336789 | G108: =G106/$O$106 -> 0.0072696937 | H108: =H106/$O$106 -> 0.00023835061 | I108: =I106/$O$106 -> 0.02312001 | J108: =J106/$O$106 -> 0.0096531999 | ... L108: =L106/$O$106 -> 0.0017876296 | N108: =N106/$O$106 -> 0

Sheet 01.08 Kisaasi-Kyanja-24h
B1: Consultancy services for Preparation of Expressway Development Master Plan (EDMP) for Uganda
B2: MANUAL CLASSIFIED COUNT (MCC)
B3: ROAD NAME: | C3: ='29.07 Kyanja -Kisaasi'!C3:G3 -> MCC - C1 - STN34- KISAASI-KYANJA ROAD
C5: Date | D5: ='01.08 Kyanja-Kisaasi-24h'!D5 -> 01.08.19 | F5: Location | G5: ='01.08 Kyanja-Kisaasi-24h'!G5:H5 -> Malcom Health center | J5: Surveyor | K5: Babirye Phiona
C6: Dir. From | D6: Kisaasi | F6: Dir. To | G6: Kyanja | J6: Supervisor | K6: ='01.08 Kyanja-Kisaasi-24h'!K6:L6 -> Steven
B8: Time / Veh Type | R8: SUMMARY TRAFFIC VOLUMES
C9: 1. Car | D9: 2. Station Wagon | E9: 3. Pickups | F9: 4. Minibus, matatu | G9: 5. Medium bus | H9: 6. Large Bus | I9: 7. Light Truck | J9: 8. Medium Truck | K9: 9. Heavy truck | L9: 10. Truck Trailer | M9: 11. Motor cycles | N9: 12. Tractors | O9: Total Excl M/Cycles | P9: Total All | R9: Time | S9: 1. Car | T9: 2. Station Wagon | U9: 3. Pickups | V9: 4. Minibus, matatu | W9: 5. Medium bus | X9: 6. Large Bus | Y9: 7. Light Truck | Z9: 8. Medium Truck | AA9: 9. Heavy truck | AB9: 10. Truck Trailer | AC9: 11. Motorcycles | AD9: 12. Tractors, Graders | AE9: Total Excl M/ Cycles | AF9: Total All
B10: 07.00 - 07.15 | C10: 26 | D10: 26 | E10: 2 | F10: 19 | G10: 0 | H10: 0 | I10: 3 | J10: 2 | K10: 3 | L10: 0 | M10: 56 | N10: 0 | O10: =SUM(C10:L10,N10) -> 81 | P10: =SUM(C10:N10) -> 137 | R10: 0700-0800 | S10: =SUM(C10:C13) -> 104 | T10: =SUM(D10:D13) -> 61 | U10: =SUM(E10:E13) -> 6 | V10: =SUM(F10:F13) -> 68 | W10: =SUM(G10:G13) -> 1 | X10: =SUM(H10:H13) -> 0 | Y10: =SUM(I10:I13) -> 7 | Z10: =SUM(J10:J13) -> 4 | ... AF10: =SUM(P10:P13) -> 620
B11: 07.15 - 07.30 | C11: 30 | D11: 9 | E11: 0 | F11: 8 | G11: 0 | H11: 0 | I11: 1 | J11: 1 | K11: 6 | L11: 0 | M11: 85 | N11: 0 | O11: =SUM(C11:L11,N11) -> 55 | P11: =SUM(C11:N11) -> 140 | R11: 0800-0900 | S11: =SUM(C14:C17) -> 108 | T11: =SUM(D14:D17) -> 36 | U11: =SUM(E14:E17) -> 11 | V11: =SUM(F14:F17) -> 125 | W11: =SUM(G14:G17) -> 2 | X11: =SUM(H14:H17) -> 0 | Y11: =SUM(I14:I17) -> 4 | Z11: =SUM(J14:J17) -> 7 | ... AF11: =SUM(P14:P17) -> 719
B12: 07.30 - 07.45 | C12: 27 | D12: 12 | E12: 1 | F12: 19 | G12: 1 | H12: 0 | I12: 2 | J12: 0 | K12: 2 | L12: 0 | M12: 131 | N12: 0 | O12: =SUM(C12:L12,N12) -> 64 | P12: =SUM(C12:N12) -> 195 | R12: 0900-1000 | S12: =SUM(C18:C21) -> 94 | T12: =SUM(D18:D21) -> 54 | U12: =SUM(E18:E21) -> 14 | V12: =SUM(F18:F21) -> 99 | W12: =SUM(G18:G21) -> 0 | X12: =SUM(H18:H21) -> 0 | Y12: =SUM(I18:I21) -> 16 | Z12: =SUM(J18:J21) -> 7 | ... AF12: =SUM(P18:P21) -> 682
B13: 07.45 - 08.00 | C13: 21 | D13: 14 | E13: 3 | F13: 22 | G13: 0 | H13: 0 | I13: 1 | J13: 1 | K13: 1 | L13: 0 | M13: 85 | N13: 0 | O13: =SUM(C13:L13,N13) -> 63 | P13: =SUM(C13:N13) -> 148 | R13: 1000-1100 | S13: =SUM(C22:C25) -> 113 | T13: =SUM(D22:D25) -> 48 | U13: =SUM(E22:E25) -> 16 | V13: =SUM(F22:F25) -> 78 | W13: =SUM(G22:G25) -> 0 | X13: =SUM(H22:H25) -> 1 | Y13: =SUM(I22:I25) -> 22 | Z13: =SUM(J22:J25) -> 6 | ... AF13: =SUM(P22:P25) -> 677
B14: 08.00 - 08.15 | C14: 15 | D14: 6 | E14: 1 | F14: 30 | G14: 0 | H14: 0 | I14: 0 | J14: 2 | K14: 2 | L14: 0 | M14: 85 | N14: 0 | O14: =SUM(C14:L14,N14) -> 56 | P14: =SUM(C14:N14) -> 141 | R14: 1100-1200 | S14: =SUM(C26:C29) -> 120 | T14: =SUM(D26:D29) -> 40 | U14: =SUM(E26:E29) -> 19 | V14: =SUM(F26:F29) -> 51 | W14: =SUM(G26:G29) -> 0 | X14: =SUM(H26:H29) -> 0 | Y14: =SUM(I26:I29) -> 13 | Z14: =SUM(J26:J29) -> 2 | ... AF14: =SUM(P26:P29) -> 562
B15: 08.15 - 08.30 | C15: 25 | D15: 5 | E15: 3 | F15: 36 | G15: 0 | H15: 0 | I15: 2 | J15: 2 | K15: 2 | L15: 0 | M15: 125 | N15: 0 | O15: =SUM(C15:L15,N15) -> 75 | P15: =SUM(C15:N15) -> 200 | R15: 1200-1300 | S15: =SUM(C30:C33) -> 124 | T15: =SUM(D30:D33) -> 49 | U15: =SUM(E30:E33) -> 17 | V15: =SUM(F30:F33) -> 51 | W15: =SUM(G30:G33) -> 0 | X15: =SUM(H30:H33) -> 0 | Y15: =SUM(I30:I33) -> 15 | Z15: =SUM(J30:J33) -> 9 | ... AF15: =SUM(P30:P33) -> 568
B16: 08.30 - 08.45 | C16: 35 | D16: 13 | E16: 4 | F16: 28 | G16: 1 | H16: 0 | I16: 1 | J16: 1 | K16: 0 | L16: 0 | M16: 95 | N16: 0 | O16: =SUM(C16:L16,N16) -> 83 | P16: =SUM(C16:N16) -> 178 | R16: 1300-1400 | S16: =SUM(C34:C37) -> 118 | T16: =SUM(D34:D37) -> 52 | U16: =SUM(E34:E37) -> 16 | V16: =SUM(F34:F37) -> 63 | W16: =SUM(G34:G37) -> 2 | X16: =SUM(H34:H37) -> 0 | Y16: =SUM(I34:I37) -> 19 | Z16: =SUM(J34:J37) -> 15 | ... AF16: =SUM(P34:P37) -> 513
B17: 08.45 - 9.00 | C17: 33 | D17: 12 | E17: 3 | F17: 31 | G17: 1 | H17: 0 | I17: 1 | J17: 2 | K17: 2 | L17: 0 | M17: 115 | N17: 0 | O17: =SUM(C17:L17,N17) -> 85 | P17: =SUM(C17:N17) -> 200 | R17: 1400-1500 | S17: =SUM(C38:C41) -> 135 | T17: =SUM(D38:D41) -> 49 | U17: =SUM(E38:E41) -> 15 | V17: =SUM(F38:F41) -> 58 | W17: =SUM(G38:G41) -> 0 | X17: =SUM(H38:H41) -> 0 | Y17: =SUM(I38:I41) -> 20 | Z17: =SUM(J38:J41) -> 9 | ... AF17: =SUM(P38:P41) -> 551
B18: 09.00 - 09.15 | C18: 18 | D18: 19 | E18: 4 | F18: 19 | G18: 0 | H18: 0 | I18: 1 | J18: 1 | K18: 1 | L18: 0 | M18: 98 | N18: 0 | O18: =SUM(C18:L18,N18) -> 63 | P18: =SUM(C18:N18) -> 161 | R18: 1500-1600 | S18: =SUM(C42:C45) -> 168 | T18: =SUM(D42:D45) -> 66 | U18: =SUM(E42:E45) -> 19 | V18: =SUM(F42:F45) -> 55 | W18: =SUM(G42:G45) -> 0 | X18: =SUM(H42:H45) -> 0 | Y18: =SUM(I42:I45) -> 20 | Z18: =SUM(J42:J45) -> 8 | ... AF18: =SUM(P42:P45) -> 584
B19: 09.15 - 09.30 | C19: 27 | D19: 16 | E19: 4 | F19: 27 | G19: 0 | H19: 0 | I19: 8 | J19: 1 | K19: 2 | L19: 0 | M19: 105 | N19: 0 | O19: =SUM(C19:L19,N19) -> 85 | P19: =SUM(C19:N19) -> 190 | R19: 1600-1700 | S19: =SUM(C46:C49) -> 212 | T19: =SUM(D46:D49) -> 91 | U19: =SUM(E46:E49) -> 19 | V19: =SUM(F46:F49) -> 74 | W19: =SUM(G46:G49) -> 0 | X19: =SUM(H46:H49) -> 1 | Y19: =SUM(I46:I49) -> 10 | Z19: =SUM(J46:J49) -> 4 | ... AF19: =SUM(P46:P49) -> 700
B20: 09.30 - 09.45 | C20: 24 | D20: 7 | E20: 2 | F20: 32 | G20: 0 | H20: 0 | I20: 3 | J20: 2 | K20: 1 | L20: 0 | M20: 105 | N20: 0 | O20: =SUM(C20:L20,N20) -> 71 | P20: =SUM(C20:N20) -> 176 | R20: 1700-1800 | S20: =SUM(C50:C53) -> 255 | T20: =SUM(D50:D53) -> 168 | U20: =SUM(E50:E53) -> 30 | V20: =SUM(F50:F53) -> 50 | W20: =SUM(G50:G53) -> 0 | X20: =SUM(H50:H53) -> 0 | Y20: =SUM(I50:I53) -> 15 | Z20: =SUM(J50:J53) -> 6 | ... AF20: =SUM(P50:P53) -> 894
B21: 09.45 - 10.00 | C21: 25 | D21: 12 | E21: 4 | F21: 21 | G21: 0 | H21: 0 | I21: 4 | J21: 3 | K21: 7 | L21: 0 | M21: 79 | N21: 0 | O21: =SUM(C21:L21,N21) -> 76 | P21: =SUM(C21:N21) -> 155 | R21: 1800-1900 | S21: =SUM(C54:C57) -> 243 | T21: =SUM(D54:D57) -> 72 | U21: =SUM(E54:E57) -> 24 | V21: =SUM(F54:F57) -> 54 | W21: =SUM(G54:G57) -> 1 | X21: =SUM(H54:H57) -> 2 | Y21: =SUM(I54:I57) -> 16 | Z21: =SUM(J54:J57) -> 2 | ... AF21: =SUM(P54:P57) -> 745
B22: 10.00 - 10.15 | C22: 33 | D22: 14 | E22: 7 | F22: 18 | G22: 0 | H22: 1 | I22: 5 | J22: 4 | K22: 2 | L22: 0 | M22: 120 | N22: 0 | O22: =SUM(C22:L22,N22) -> 84 | P22: =SUM(C22:N22) -> 204 | R22: 1900-2000 | S22: =SUM(C58:C61) -> 301 | T22: =SUM(D58:D61) -> 225 | U22: =SUM(E58:E61) -> 63 | V22: =SUM(F58:F61) -> 255 | W22: =SUM(G58:G61) -> 0 | X22: =SUM(H58:H61) -> 0 | Y22: =SUM(I58:I61) -> 31 | Z22: =SUM(J58:J61) -> 17 | ... AF22: =SUM(P58:P61) -> 1366
B23: 10.15 - 10.30 | C23: 24 | D23: 10 | E23: 4 | F23: 19 | G23: 0 | H23: 0 | I23: 10 | J23: 0 | K23: 1 | L23: 0 | M23: 85 | N23: 0 | O23: =SUM(C23:L23,N23) -> 68 | P23: =SUM(C23:N23) -> 153 | R23: 2000-2100 | S23: =SUM(C62:C65) -> 244 | T23: =SUM(D62:D65) -> 98 | U23: =SUM(E62:E65) -> 22 | V23: =SUM(F62:F65) -> 47 | W23: =SUM(G62:G65) -> 0 | X23: =SUM(H62:H65) -> 0 | Y23: =SUM(I62:I65) -> 9 | Z23: =SUM(J62:J65) -> 4 | ... AF23: =SUM(P62:P65) -> 786
B24: 10.30 - 10.45 | C24: 30 | D24: 8 | E24: 2 | F24: 20 | G24: 0 | H24: 0 | I24: 3 | J24: 1 | K24: 3 | L24: 0 | M24: 95 | N24: 0 | O24: =SUM(C24:L24,N24) -> 67 | P24: =SUM(C24:N24) -> 162 | R24: 2100-2200 | S24: =SUM(C66:C69) -> 240 | T24: =SUM(D66:D69) -> 109 | U24: =SUM(E66:E69) -> 23 | V24: =SUM(F66:F69) -> 89 | W24: =SUM(G66:G69) -> 0 | X24: =SUM(H66:H69) -> 1 | Y24: =SUM(I66:I69) -> 13 | Z24: =SUM(J66:J69) -> 6 | ... AF24: =SUM(P66:P69) -> 835
B25: 10.45 - 11.00 | C25: 26 | D25: 16 | E25: 3 | F25: 21 | G25: 0 | H25: 0 | I25: 4 | J25: 1 | K25: 4 | L25: 0 | M25: 83 | N25: 0 | O25: =SUM(C25:L25,N25) -> 75 | P25: =SUM(C25:N25) -> 158 | R25: 2200-2300 | S25: =SUM(C70:C73) -> 131 | T25: =SUM(D70:D73) -> 82 | U25: =SUM(E70:E73) -> 16 | V25: =SUM(F70:F73) -> 45 | W25: =SUM(G70:G73) -> 1 | X25: =SUM(H70:H73) -> 0 | Y25: =SUM(I70:I73) -> 7 | Z25: =SUM(J70:J73) -> 5 | ... AF25: =SUM(P70:P73) -> 582
B26: 11.00 - 11.15 | C26: 25 | D26: 10 | E26: 8 | F26: 20 | G26: 0 | H26: 0 | I26: 3 | J26: 1 | K26: 3 | L26: 0 | M26: 80 | N26: 0 | O26: =SUM(C26:L26,N26) -> 70 | P26: =SUM(C26:N26) -> 150 | R26: 2300-0000 | S26: =SUM(C74:C77) -> 133 | T26: =SUM(D74:D77) -> 43 | U26: =SUM(E74:E77) -> 15 | V26: =SUM(F74:F77) -> 34 | W26: =SUM(G74:G77) -> 0 | X26: =SUM(H74:H77) -> 0 | Y26: =SUM(I74:I77) -> 4 | Z26: =SUM(J74:J77) -> 5 | ... AF26: =SUM(P74:P77) -> 385
B27: 11.15 - 11.30 | C27: 40 | D27: 8 | E27: 1 | F27: 14 | G27: 0 | H27: 0 | I27: 4 | J27: 0 | K27: 4 | L27: 0 | M27: 78 | N27: 0 | O27: =SUM(C27:L27,N27) -> 71 | P27: =SUM(C27:N27) -> 149 | R27: 0000-0100 | S27: =SUM(C78:C81) -> 123 | T27: =SUM(D78:D81) -> 21 | U27: =SUM(E78:E81) -> 5 | V27: =SUM(F78:F81) -> 6 | W27: =SUM(G78:G81) -> 0 | X27: =SUM(H78:H81) -> 0 | Y27: =SUM(I78:I81) -> 3 | Z27: =SUM(J78:J81) -> 2 | ... AF27: =SUM(P78:P81) -> 302
B28: 11.30 - 11.45 | C28: 31 | D28: 10 | E28: 5 | F28: 8 | G28: 0 | H28: 0 | I28: 3 | J28: 1 | K28: 1 | L28: 0 | M28: 75 | N28: 0 | O28: =SUM(C28:L28,N28) -> 59 | P28: =SUM(C28:N28) -> 134 | R28: 0100-0200 | S28: =SUM(C82:C85) -> 55 | T28: =SUM(D82:D85) -> 11 | U28: =SUM(E82:E85) -> 2 | V28: =SUM(F82:F85) -> 2 | W28: =SUM(G82:G85) -> 0 | X28: =SUM(H82:H85) -> 0 | Y28: =SUM(I82:I85) -> 1 | Z28: =SUM(J82:J85) -> 1 | ... AF28: =SUM(P82:P85) -> 119
B29: 11.45 - 12.00 | C29: 24 | D29: 12 | E29: 5 | F29: 9 | G29: 0 | H29: 0 | I29: 3 | J29: 0 | K29: 1 | L29: 0 | M29: 75 | N29: 0 | O29: =SUM(C29:L29,N29) -> 54 | P29: =SUM(C29:N29) -> 129 | R29: 0200-0300 | S29: =SUM(C86:C89) -> 41 | T29: =SUM(D86:D89) -> 13 | U29: =SUM(E86:E89) -> 3 | V29: =SUM(F86:F89) -> 2 | W29: =SUM(G86:G89) -> 0 | X29: =SUM(H86:H89) -> 0 | Y29: =SUM(I86:I89) -> 0 | Z29: =SUM(J86:J89) -> 1 | ... AF29: =SUM(P86:P89) -> 100
B30: 12.00 - 12.15 | C30: 19 | D30: 12 | E30: 3 | F30: 15 | G30: 0 | H30: 0 | I30: 3 | J30: 2 | K30: 6 | L30: 2 | M30: 55 | N30: 0 | O30: =SUM(C30:L30,N30) -> 62 | P30: =SUM(C30:N30) -> 117 | R30: 0300-0400 | S30: =SUM(C90:C93) -> 24 | T30: =SUM(D90:D93) -> 1 | U30: =SUM(E90:E93) -> 1 | V30: =SUM(F90:F93) -> 1 | W30: =SUM(G90:G93) -> 0 | X30: =SUM(H90:H93) -> 0 | Y30: =SUM(I90:I93) -> 2 | Z30: =SUM(J90:J93) -> 0 | ... AF30: =SUM(P90:P93) -> 43
B31: 12.15 - 12.30 | C31: 45 | D31: 12 | E31: 2 | F31: 11 | G31: 0 | H31: 0 | I31: 6 | J31: 0 | K31: 1 | L31: 0 | M31: 80 | N31: 0 | O31: =SUM(C31:L31,N31) -> 77 | P31: =SUM(C31:N31) -> 157 | R31: 0400-0500 | S31: =SUM(C94:C97) -> 15 | T31: =SUM(D94:D97) -> 3 | U31: =SUM(E94:E97) -> 1 | V31: =SUM(F94:F97) -> 5 | W31: =SUM(G94:G97) -> 0 | X31: =SUM(H94:H97) -> 0 | Y31: =SUM(I94:I97) -> 0 | Z31: =SUM(J94:J97) -> 0 | ... AF31: =SUM(P94:P97) -> 32
B32: 12.30 - 12.45 | C32: 33 | D32: 16 | E32: 5 | F32: 9 | G32: 0 | H32: 0 | I32: 1 | J32: 5 | K32: 3 | L32: 0 | M32: 66 | N32: 0 | O32: =SUM(C32:L32,N32) -> 72 | P32: =SUM(C32:N32) -> 138 | R32: 0500-0600 | S32: =SUM(C98:C101) -> 29 | T32: =SUM(D98:D101) -> 8 | U32: =SUM(E98:E101) -> 5 | V32: =SUM(F98:F101) -> 20 | W32: =SUM(G98:G101) -> 4 | X32: =SUM(H98:H101) -> 0 | Y32: =SUM(I98:I101) -> 1 | Z32: =SUM(J98:J101) -> 0 | ... AF32: =SUM(P98:P101) -> 109
B33: 12.45 - 13.00 | C33: 27 | D33: 9 | E33: 7 | F33: 16 | G33: 0 | H33: 0 | I33: 5 | J33: 2 | K33: 0 | L33: 0 | M33: 90 | N33: 0 | O33: =SUM(C33:L33,N33) -> 66 | P33: =SUM(C33:N33) -> 156 | R33: 0600-0700 | S33: =SUM(C102:C105) -> 20 | T33: =SUM(D102:D105) -> 1 | U33: =SUM(E102:E105) -> 1 | V33: =SUM(F102:F105) -> 1 | W33: =SUM(G102:G105) -> 0 | X33: =SUM(H102:H105) -> 0 | Y33: =SUM(I102:I105) -> 0 | Z33: =SUM(J102:J105) -> 0 | ... AF33: =SUM(P102:P105) -> 33
B34: 13.00 - 13.15 | C34: 31 | D34: 21 | E34: 3 | F34: 11 | G34: 2 | H34: 0 | I34: 5 | J34: 4 | K34: 0 | L34: 0 | M34: 45 | N34: 0 | O34: =SUM(C34:L34,N34) -> 77 | P34: =SUM(C34:N34) -> 122 | R34: AM Peak Hr | S34: =MAX(S10:S12) -> 108 | T34: =MAX(T10:T12) -> 61 | U34: =MAX(U10:U12) -> 14 | V34: =MAX(V10:V12) -> 125 | W34: =MAX(W10:W12) -> 2 | X34: =MAX(X10:X12) -> 0 | Y34: =MAX(Y10:Y12) -> 16 | Z34: =MAX(Z10:Z12) -> 7 | ... AF34: =MAX(AF10:AF12) -> 719
B35: 13.15 - 13.30 | C35: 20 | D35: 6 | E35: 3 | F35: 17 | G35: 0 | H35: 0 | I35: 5 | J35: 4 | K35: 3 | L35: 0 | M35: 75 | N35: 0 | O35: =SUM(C35:L35,N35) -> 58 | P35: =SUM(C35:N35) -> 133 | R35: IP Peak Hr | S35: =MAX(S13:S18) -> 168 | T35: =MAX(T13:T18) -> 66 | U35: =MAX(U13:U18) -> 19 | V35: =MAX(V13:V18) -> 78 | W35: =MAX(W13:W18) -> 2 | X35: =MAX(X13:X18) -> 1 | Y35: =MAX(Y13:Y18) -> 22 | Z35: =MAX(Z13:Z18) -> 15 | ... AF35: =MAX(AF13:AF18) -> 677
B36: 13.30 - 13.45 | C36: 33 | D36: 10 | E36: 4 | F36: 16 | G36: 0 | H36: 0 | I36: 3 | J36: 4 | K36: 0 | L36: 0 | M36: 43 | N36: 0 | O36: =SUM(C36:L36,N36) -> 70 | P36: =SUM(C36:N36) -> 113 | R36: PM Peak Hr | S36: =MAX(S19:S21) -> 255 | T36: =MAX(T19:T21) -> 168 | U36: =MAX(U19:U21) -> 30 | V36: =MAX(V19:V21) -> 74 | W36: =MAX(W19:W21) -> 1 | X36: =MAX(X19:X21) -> 2 | Y36: =MAX(Y19:Y21) -> 16 | Z36: =MAX(Z19:Z21) -> 6 | ... AF36: =MAX(AF19:AF21) -> 894
B37: 13.45 - 14.00 | C37: 34 | D37: 15 | E37: 6 | F37: 19 | G37: 0 | H37: 0 | I37: 6 | J37: 3 | K37: 1 | L37: 0 | M37: 61 | N37: 0 | O37: =SUM(C37:L37,N37) -> 84 | P37: =SUM(C37:N37) -> 145 | R37: AM Period | S37: =SUM(S10:S12) -> 306 | T37: =SUM(T10:T12) -> 151 | U37: =SUM(U10:U12) -> 31 | V37: =SUM(V10:V12) -> 292 | W37: =SUM(W10:W12) -> 3 | X37: =SUM(X10:X12) -> 0 | Y37: =SUM(Y10:Y12) -> 27 | Z37: =SUM(Z10:Z12) -> 18 | ... AF37: =SUM(AF10:AF12) -> 2021
B38: 14.00 - 14.15 | C38: 40 | D38: 12 | E38: 5 | F38: 16 | G38: 0 | H38: 0 | I38: 6 | J38: 3 | K38: 2 | L38: 0 | M38: 61 | N38: 0 | O38: =SUM(C38:L38,N38) -> 84 | P38: =SUM(C38:N38) -> 145 | R38: IP Period | S38: =SUM(S13:S18) -> 778 | T38: =SUM(T13:T18) -> 304 | U38: =SUM(U13:U18) -> 102 | V38: =SUM(V13:V18) -> 356 | W38: =SUM(W13:W18) -> 2 | X38: =SUM(X13:X18) -> 1 | Y38: =SUM(Y13:Y18) -> 109 | Z38: =SUM(Z13:Z18) -> 49 | ... AF38: =SUM(AF13:AF18) -> 3455
B39: 14.15 - 14.30 | C39: 32 | D39: 6 | E39: 4 | F39: 11 | G39: 0 | H39: 0 | I39: 1 | J39: 4 | K39: 2 | L39: 0 | M39: 70 | N39: 0 | O39: =SUM(C39:L39,N39) -> 60 | P39: =SUM(C39:N39) -> 130 | R39: PM Period | S39: =SUM(S19:S21) -> 710 | T39: =SUM(T19:T21) -> 331 | U39: =SUM(U19:U21) -> 73 | V39: =SUM(V19:V21) -> 178 | W39: =SUM(W19:W21) -> 1 | X39: =SUM(X19:X21) -> 3 | Y39: =SUM(Y19:Y21) -> 41 | Z39: =SUM(Z19:Z21) -> 12 | ... AF39: =SUM(AF19:AF21) -> 2339
B40: 14.30 - 14.45 | C40: 30 | D40: 19 | E40: 5 | F40: 16 | G40: 0 | H40: 0 | I40: 8 | J40: 0 | K40: 3 | L40: 0 | M40: 56 | N40: 0 | O40: =SUM(C40:L40,N40) -> 81 | P40: =SUM(C40:N40) -> 137 | R40: 12 Hours | S40: =SUM(S10:S21) -> 1794 | T40: =SUM(T10:T21) -> 786 | U40: =SUM(U10:U21) -> 206 | V40: =SUM(V10:V21) -> 826 | W40: =SUM(W10:W21) -> 6 | X40: =SUM(X10:X21) -> 4 | Y40: =SUM(Y10:Y21) -> 177 | Z40: =SUM(Z10:Z21) -> 79 | ... AF40: =SUM(AF10:AF21) -> 7815
B41: 14.45 - 15.00 | C41: 33 | D41: 12 | E41: 1 | F41: 15 | G41: 0 | H41: 0 | I41: 5 | J41: 2 | K41: 1 | L41: 0 | M41: 70 | N41: 0 | O41: =SUM(C41:L41,N41) -> 69 | P41: =SUM(C41:N41) -> 139 | R41: 24 Hrs/ADT | S41: =SUM(S10:S33) -> 3150 | T41: =SUM(T10:T33) -> 1401 | U41: =SUM(U10:U33) -> 363 | V41: =SUM(V10:V33) -> 1333 | W41: =SUM(W10:W33) -> 11 | X41: =SUM(X10:X33) -> 5 | Y41: =SUM(Y10:Y33) -> 248 | Z41: =SUM(Z10:Z33) -> 120 | ... AF41: =SUM(AF10:AF33) -> 12507
B42: 15.00 - 15.15 | C42: 45 | D42: 13 | E42: 6 | F42: 18 | G42: 0 | H42: 0 | I42: 6 | J42: 2 | K42: 1 | L42: 0 | M42: 54 | N42: 0 | O42: =SUM(C42:L42,N42) -> 91 | P42: =SUM(C42:N42) -> 145 | R42: NEF | S42: =S41/S40 -> 1.7558528 | T42: =T41/T40 -> 1.7824427 | U42: =U41/U40 -> 1.7621359 | V42: =V41/V40 -> 1.6138015 | W42: =W41/W40 -> 1.8333333 | X42: =X41/X40 -> 1.25 | Y42: =Y41/Y40 -> 1.4011299 | Z42: =Z41/Z40 -> 1.5189873 | ... AF42: =AF41/AF40 -> 1.6003839
B43: 15.15 - 15.30 | C43: 45 | D43: 11 | E43: 6 | F43: 11 | G43: 0 | H43: 0 | I43: 4 | J43: 1 | K43: 1 | L43: 0 | M43: 55 | N43: 0 | O43: =SUM(C43:L43,N43) -> 79 | P43: =SUM(C43:N43) -> 134
B44: 15.30 - 15.45 | C44: 37 | D44: 19 | E44: 3 | F44: 11 | G44: 0 | H44: 0 | I44: 7 | J44: 4 | K44: 6 | L44: 0 | M44: 51 | N44: 0 | O44: =SUM(C44:L44,N44) -> 87 | P44: =SUM(C44:N44) -> 138
B45: 15.45 - 16.00 | C45: 41 | D45: 23 | E45: 4 | F45: 15 | G45: 0 | H45: 0 | I45: 3 | J45: 1 | K45: 5 | L45: 0 | M45: 75 | N45: 0 | O45: =SUM(C45:L45,N45) -> 92 | P45: =SUM(C45:N45) -> 167
B46: 16.00 - 16.15 | C46: 32 | D46: 21 | E46: 5 | F46: 18 | G46: 0 | H46: 0 | I46: 3 | J46: 0 | K46: 2 | L46: 0 | M46: 48 | N46: 0 | O46: =SUM(C46:L46,N46) -> 81 | P46: =SUM(C46:N46) -> 129
B47: 16.15 -16.30 | C47: 55 | D47: 20 | E47: 4 | F47: 13 | G47: 0 | H47: 0 | I47: 2 | J47: 4 | K47: 4 | L47: 0 | M47: 85 | N47: 0 | O47: =SUM(C47:L47,N47) -> 102 | P47: =SUM(C47:N47) -> 187
B48: 16.30 -16.45 | C48: 50 | D48: 20 | E48: 7 | F48: 11 | G48: 0 | H48: 1 | I48: 3 | J48: 0 | K48: 2 | L48: 0 | M48: 53 | N48: 0 | O48: =SUM(C48:L48,N48) -> 94 | P48: =SUM(C48:N48) -> 147
B49: 16.45 -17.00 | C49: 75 | D49: 30 | E49: 3 | F49: 32 | G49: 0 | H49: 0 | I49: 2 | J49: 0 | K49: 5 | L49: 0 | M49: 90 | N49: 0 | O49: =SUM(C49:L49,N49) -> 147 | P49: =SUM(C49:N49) -> 237
B50: 17.00 -17.15 | C50: 50 | D50: 70 | E50: 8 | F50: 12 | G50: 0 | H50: 0 | I50: 0 | J50: 1 | K50: 3 | L50: 0 | M50: 100 | N50: 0 | O50: =SUM(C50:L50,N50) -> 144 | P50: =SUM(C50:N50) -> 244
B51: 17.15 -17.30 | C51: 75 | D51: 40 | E51: 6 | F51: 15 | G51: 0 | H51: 0 | I51: 5 | J51: 3 | K51: 2 | L51: 0 | M51: 75 | N51: 0 | O51: =SUM(C51:L51,N51) -> 146 | P51: =SUM(C51:N51) -> 221
B52: 17.30 -17.45 | C52: 70 | D52: 41 | E52: 6 | F52: 10 | G52: 0 | H52: 0 | I52: 2 | J52: 0 | K52: 3 | L52: 0 | M52: 85 | N52: 0 | O52: =SUM(C52:L52,N52) -> 132 | P52: =SUM(C52:N52) -> 217
B53: 17.45 -18.00 | C53: 60 | D53: 17 | E53: 10 | F53: 13 | G53: 0 | H53: 0 | I53: 8 | J53: 2 | K53: 2 | L53: 0 | M53: 100 | N53: 0 | O53: =SUM(C53:L53,N53) -> 112 | P53: =SUM(C53:N53) -> 212
B54: 18.00 - 18.15 | C54: 55 | D54: 22 | E54: 4 | F54: 12 | G54: 1 | H54: 2 | I54: 0 | J54: 1 | K54: 0 | L54: 0 | M54: 95 | N54: 0 | O54: =SUM(C54:L54,N54) -> 97 | P54: =SUM(C54:N54) -> 192
... B105: 06.45 - 07.00 | C105: 0 | D105: 0 | E105: 0 | F105: 0 | G105: 0 | H105: 0 | I105: 0 | J105: 0 | K105: 0 | L105: 0 | M105: 0 | N105: 0 | O105: =SUM(C105:L105,N105) -> 0 | P105: =SUM(C105:N105) -> 0
B106: Totals | C106: =SUM(C10:C105) -> 3150 | D106: =SUM(D10:D105) -> 1401 | E106: =SUM(E10:E105) -> 363 | F106: =SUM(F10:F105) -> 1333 | G106: =SUM(G10:G105) -> 11 | H106: =SUM(H10:H105) -> 5 | I106: =SUM(I10:I105) -> 248 | J106: =SUM(J10:J105) -> 120 | ... P106: =SUM(P10:P105) -> 12507
B107: %ges + MCs | C107: =C106/$P$106 -> 0.25185896 | D107: =D106/$P$106 -> 0.11201727 | E107: =E106/$P$106 -> 0.029023747 | F107: =F106/$P$106 -> 0.10658032 | G107: =G106/$P$106 -> 0.00087950748 | H107: =H106/$P$106 -> 0.00039977613 | I107: =I106/$P$106 -> 0.019828896 | J107: =J106/$P$106 -> 0.009594627 | ... N107: =N106/$P$106 -> 0
B108: %ges w/o MCs | C108: =C106/$O$106 -> 0.46576963 | D108: =D106/$O$106 -> 0.20715659 | E108: =E106/$O$106 -> 0.053674405 | F108: =F106/$O$106 -> 0.19710188 | G108: =G106/$O$106 -> 0.0016264971 | H108: =H106/$O$106 -> 0.00073931687 | I108: =I106/$O$106 -> 0.036670117 | J108: =J106/$O$106 -> 0.017743605 | ... L108: =L106/$O$106 -> 0.00029572675 | N108: =N106/$O$106 -> 0

Sheet 02.08 Kyanja-Kisaasi
B1: Consultancy services for Preparation of Expressway Development Master Plan (EDMP) for Uganda
B2: MANUAL CLASSIFIED COUNT (MCC)
B3: ROAD NAME: | C3: ='29.07 Kyanja -Kisaasi'!C3:G3 -> MCC - C1 - STN34- KISAASI-KYANJA ROAD
C5: Date | D5: 02.08.19 | F5: Location | G5: ='31.07 Kisaasi-Kyanja'!G5:H5 -> Malcom Health center | J5: Surveyor | K5: Babirye Phiona
C6: Dir. From | D6: ='29.07 Kyanja -Kisaasi'!D6:E6 -> Kyanja | F6: Dir. To | G6: ='29.07 Kyanja -Kisaasi'!G6:H6 -> Kisaasi | J6: Supervisor | K6: ='31.07 Kisaasi-Kyanja'!K6:L6 -> Steven
B8: Time / Veh Type | R8: SUMMARY TRAFFIC VOLUMES
C9: 1. Car | D9: 2. Station Wagon | E9: 3. Pickups | F9: 4. Minibus, matatu | G9: 5. Medium bus | H9: 6. Large Bus | I9: 7. Light Truck | J9: 8. Medium Truck | K9: 9. Heavy truck | L9: 10. Truck Trailer | M9: 11. Motor cycles | N9: 12. Tractors | O9: Total Excl M/Cycles | P9: Total All | R9: Time | S9: 1. Car | T9: 2. Station Wagon | U9: 3. Pickups | V9: 4. Minibus, matatu | W9: 5. Medium bus | X9: 6. Large Bus | Y9: 7. Light Truck | Z9: 8. Medium Truck | AA9: 9. Heavy truck | AB9: 10. Truck Trailer | AC9: 11. Motorcycles | AD9: 12. Tractors, Graders | AE9: Total Excl M/ Cycles | AF9: Total All
B10: 07.00 - 07.15 | C10: 35 | D10: 15 | E10: 5 | F10: 25 | G10: 0 | H10: 0 | I10: 5 | J10: 0 | K10: 0 | L10: 0 | M10: 174 | N10: 0 | O10: =SUM(C10:L10,N10) -> 85 | P10: =SUM(C10:N10) -> 259 | R10: 0700-0800 | S10: =SUM(C10:C13) -> 199 | T10: =SUM(D10:D13) -> 123 | U10: =SUM(E10:E13) -> 28 | V10: =SUM(F10:F13) -> 70 | W10: =SUM(G10:G13) -> 0 | X10: =SUM(H10:H13) -> 0 | Y10: =SUM(I10:I13) -> 5 | Z10: =SUM(J10:J13) -> 0 | ... AF10: =SUM(P10:P13) -> 1244
B11: 07.15 - 07.30 | C11: 51 | D11: 45 | E11: 7 | F11: 15 | G11: 0 | H11: 0 | I11: 0 | J11: 0 | K11: 0 | L11: 0 | M11: 208 | N11: 0 | O11: =SUM(C11:L11,N11) -> 118 | P11: =SUM(C11:N11) -> 326 | R11: 0800-0900 | S11: =SUM(C14:C17) -> 246 | T11: =SUM(D14:D17) -> 95 | U11: =SUM(E14:E17) -> 16 | V11: =SUM(F14:F17) -> 77 | W11: =SUM(G14:G17) -> 0 | X11: =SUM(H14:H17) -> 0 | Y11: =SUM(I14:I17) -> 9 | Z11: =SUM(J14:J17) -> 5 | ... AF11: =SUM(P14:P17) -> 1309
B12: 07.30 - 07.45 | C12: 53 | D12: 36 | E12: 6 | F12: 20 | G12: 0 | H12: 0 | I12: 0 | J12: 0 | K12: 0 | L12: 0 | M12: 209 | N12: 0 | O12: =SUM(C12:L12,N12) -> 115 | P12: =SUM(C12:N12) -> 324 | R12: 0900-1000 | S12: =SUM(C18:C21) -> 291 | T12: =SUM(D18:D21) -> 294 | U12: =SUM(E18:E21) -> 19 | V12: =SUM(F18:F21) -> 54 | W12: =SUM(G18:G21) -> 0 | X12: =SUM(H18:H21) -> 0 | Y12: =SUM(I18:I21) -> 3 | Z12: =SUM(J18:J21) -> 3 | ... AF12: =SUM(P18:P21) -> 1348
B13: 07.45 - 08.00 | C13: 60 | D13: 27 | E13: 10 | F13: 10 | G13: 0 | H13: 0 | I13: 0 | J13: 0 | K13: 0 | L13: 1 | M13: 227 | N13: 0 | O13: =SUM(C13:L13,N13) -> 108 | P13: =SUM(C13:N13) -> 335 | R13: 1000-1100 | S13: =SUM(C22:C25) -> 228 | T13: =SUM(D22:D25) -> 156 | U13: =SUM(E22:E25) -> 38 | V13: =SUM(F22:F25) -> 52 | W13: =SUM(G22:G25) -> 0 | X13: =SUM(H22:H25) -> 0 | Y13: =SUM(I22:I25) -> 10 | Z13: =SUM(J22:J25) -> 3 | ... AF13: =SUM(P22:P25) -> 971
B14: 08.00 - 08.15 | C14: 54 | D14: 23 | E14: 4 | F14: 30 | G14: 0 | H14: 0 | I14: 3 | J14: 1 | K14: 0 | L14: 0 | M14: 263 | N14: 0 | O14: =SUM(C14:L14,N14) -> 115 | P14: =SUM(C14:N14) -> 378 | R14: 1100-1200 | S14: =SUM(C26:C29) -> 320 | T14: =SUM(D26:D29) -> 194 | U14: =SUM(E26:E29) -> 22 | V14: =SUM(F26:F29) -> 60 | W14: =SUM(G26:G29) -> 1 | X14: =SUM(H26:H29) -> 0 | Y14: =SUM(I26:I29) -> 15 | Z14: =SUM(J26:J29) -> 8 | ... AF14: =SUM(P26:P29) -> 1274
B15: 08.15 - 08.30 | C15: 57 | D15: 24 | E15: 2 | F15: 23 | G15: 0 | H15: 0 | I15: 5 | J15: 1 | K15: 2 | L15: 0 | M15: 194 | N15: 0 | O15: =SUM(C15:L15,N15) -> 114 | P15: =SUM(C15:N15) -> 308 | R15: 1200-1300 | S15: =SUM(C30:C33) -> 260 | T15: =SUM(D30:D33) -> 185 | U15: =SUM(E30:E33) -> 32 | V15: =SUM(F30:F33) -> 56 | W15: =SUM(G30:G33) -> 0 | X15: =SUM(H30:H33) -> 0 | Y15: =SUM(I30:I33) -> 7 | Z15: =SUM(J30:J33) -> 6 | ... AF15: =SUM(P30:P33) -> 1063
B16: 08.30 - 08.45 | C16: 75 | D16: 8 | E16: 3 | F16: 9 | G16: 0 | H16: 0 | I16: 0 | J16: 1 | K16: 1 | L16: 0 | M16: 221 | N16: 0 | O16: =SUM(C16:L16,N16) -> 97 | P16: =SUM(C16:N16) -> 318 | R16: 1300-1400 | S16: =SUM(C34:C37) -> 134 | T16: =SUM(D34:D37) -> 79 | U16: =SUM(E34:E37) -> 18 | V16: =SUM(F34:F37) -> 35 | W16: =SUM(G34:G37) -> 0 | X16: =SUM(H34:H37) -> 0 | Y16: =SUM(I34:I37) -> 5 | Z16: =SUM(J34:J37) -> 8 | ... AF16: =SUM(P34:P37) -> 639
B17: 08.45 - 9.00 | C17: 60 | D17: 40 | E17: 7 | F17: 15 | G17: 0 | H17: 0 | I17: 1 | J17: 2 | K17: 1 | L17: 0 | M17: 179 | N17: 0 | O17: =SUM(C17:L17,N17) -> 126 | P17: =SUM(C17:N17) -> 305 | R17: 1400-1500 | S17: =SUM(C38:C41) -> 209 | T17: =SUM(D38:D41) -> 170 | U17: =SUM(E38:E41) -> 38 | V17: =SUM(F38:F41) -> 44 | W17: =SUM(G38:G41) -> 0 | X17: =SUM(H38:H41) -> 0 | Y17: =SUM(I38:I41) -> 18 | Z17: =SUM(J38:J41) -> 9 | ... AF17: =SUM(P38:P41) -> 831
B18: 09.00 - 09.15 | C18: 75 | D18: 60 | E18: 5 | F18: 12 | G18: 0 | H18: 0 | I18: 2 | J18: 0 | K18: 0 | L18: 0 | M18: 174 | N18: 0 | O18: =SUM(C18:L18,N18) -> 154 | P18: =SUM(C18:N18) -> 328 | R18: 1500-1600 | S18: =SUM(C42:C45) -> 215 | T18: =SUM(D42:D45) -> 182 | U18: =SUM(E42:E45) -> 64 | V18: =SUM(F42:F45) -> 71 | W18: =SUM(G42:G45) -> 0 | X18: =SUM(H42:H45) -> 0 | Y18: =SUM(I42:I45) -> 20 | Z18: =SUM(J42:J45) -> 8 | ... AF18: =SUM(P42:P45) -> 956
B19: 09.15 - 09.30 | C19: 91 | D19: 62 | E19: 5 | F19: 22 | G19: 0 | H19: 0 | I19: 1 | J19: 3 | K19: 1 | L19: 0 | M19: 168 | N19: 0 | O19: =SUM(C19:L19,N19) -> 185 | P19: =SUM(C19:N19) -> 353 | R19: 1600-1700 | S19: =SUM(C46:C49) -> 210 | T19: =SUM(D46:D49) -> 125 | U19: =SUM(E46:E49) -> 23 | V19: =SUM(F46:F49) -> 47 | W19: =SUM(G46:G49) -> 2 | X19: =SUM(H46:H49) -> 0 | Y19: =SUM(I46:I49) -> 9 | Z19: =SUM(J46:J49) -> 0 | ... AF19: =SUM(P46:P49) -> 845
B20: 09.30 - 09.45 | C20: 75 | D20: 80 | E20: 2 | F20: 10 | G20: 0 | H20: 0 | I20: 0 | J20: 0 | K20: 1 | L20: 0 | M20: 175 | N20: 0 | O20: =SUM(C20:L20,N20) -> 168 | P20: =SUM(C20:N20) -> 343 | R20: 1700-1800 | S20: =SUM(C50:C53) -> 220 | T20: =SUM(D50:D53) -> 198 | U20: =SUM(E50:E53) -> 17 | V20: =SUM(F50:F53) -> 47 | W20: =SUM(G50:G53) -> 3 | X20: =SUM(H50:H53) -> 0 | Y20: =SUM(I50:I53) -> 11 | Z20: =SUM(J50:J53) -> 5 | ... AF20: =SUM(P50:P53) -> 944
B21: 09.45 - 10.00 | C21: 50 | D21: 92 | E21: 7 | F21: 10 | G21: 0 | H21: 0 | I21: 0 | J21: 0 | K21: 5 | L21: 0 | M21: 160 | N21: 0 | O21: =SUM(C21:L21,N21) -> 164 | P21: =SUM(C21:N21) -> 324 | R21: 1800-1900 | S21: =SUM(C54:C57) -> 130 | T21: =SUM(D54:D57) -> 110 | U21: =SUM(E54:E57) -> 26 | V21: =SUM(F54:F57) -> 85 | W21: =SUM(G54:G57) -> 2 | X21: =SUM(H54:H57) -> 0 | Y21: =SUM(I54:I57) -> 5 | Z21: =SUM(J54:J57) -> 6 | ... AF21: =SUM(P54:P57) -> 855
B22: 10.00 - 10.15 | C22: 43 | D22: 22 | E22: 11 | F22: 15 | G22: 0 | H22: 0 | I22: 1 | J22: 0 | K22: 3 | L22: 0 | M22: 125 | N22: 0 | O22: =SUM(C22:L22,N22) -> 95 | P22: =SUM(C22:N22) -> 220 | R22: AM Peak Hr | S22: =MAX(S10:S12) -> 291 | T22: =MAX(T10:T12) -> 294 | U22: =MAX(U10:U12) -> 28 | V22: =MAX(V10:V12) -> 77 | W22: =MAX(W10:W12) -> 0 | X22: =MAX(X10:X12) -> 0 | Y22: =MAX(Y10:Y12) -> 9 | Z22: =MAX(Z10:Z12) -> 5 | ... AF22: =MAX(AF10:AF12) -> 1348
B23: 10.15 - 10.30 | C23: 75 | D23: 92 | E23: 20 | F23: 26 | G23: 0 | H23: 0 | I23: 2 | J23: 1 | K23: 4 | L23: 0 | M23: 120 | N23: 0 | O23: =SUM(C23:L23,N23) -> 220 | P23: =SUM(C23:N23) -> 340 | R23: IP Peak Hr | S23: =MAX(S13:S18) -> 320 | T23: =MAX(T13:T18) -> 194 | U23: =MAX(U13:U18) -> 64 | V23: =MAX(V13:V18) -> 71 | W23: =MAX(W13:W18) -> 1 | X23: =MAX(X13:X18) -> 0 | Y23: =MAX(Y13:Y18) -> 20 | Z23: =MAX(Z13:Z18) -> 9 | ... AF23: =MAX(AF13:AF18) -> 1274
B24: 10.30 - 10.45 | C24: 80 | D24: 22 | E24: 6 | F24: 10 | G24: 0 | H24: 0 | I24: 2 | J24: 1 | K24: 3 | L24: 0 | M24: 131 | N24: 0 | O24: =SUM(C24:L24,N24) -> 124 | P24: =SUM(C24:N24) -> 255 | R24: PM Peak Hr | S24: =MAX(S19:S21) -> 220 | T24: =MAX(T19:T21) -> 198 | U24: =MAX(U19:U21) -> 26 | V24: =MAX(V19:V21) -> 85 | W24: =MAX(W19:W21) -> 3 | X24: =MAX(X19:X21) -> 0 | Y24: =MAX(Y19:Y21) -> 11 | Z24: =MAX(Z19:Z21) -> 6 | ... AF24: =MAX(AF19:AF21) -> 944
B25: 10.45 - 11.00 | C25: 30 | D25: 20 | E25: 1 | F25: 1 | G25: 0 | H25: 0 | I25: 5 | J25: 1 | K25: 1 | L25: 0 | M25: 97 | N25: 0 | O25: =SUM(C25:L25,N25) -> 59 | P25: =SUM(C25:N25) -> 156 | R25: AM Period | S25: =SUM(S10:S12) -> 736 | T25: =SUM(T10:T12) -> 512 | U25: =SUM(U10:U12) -> 63 | V25: =SUM(V10:V12) -> 201 | W25: =SUM(W10:W12) -> 0 | X25: =SUM(X10:X12) -> 0 | Y25: =SUM(Y10:Y12) -> 17 | Z25: =SUM(Z10:Z12) -> 8 | ... AF25: =SUM(AF10:AF12) -> 3901
B26: 11.00 - 11.15 | C26: 89 | D26: 14 | E26: 6 | F26: 34 | G26: 1 | H26: 0 | I26: 10 | J26: 4 | K26: 1 | L26: 1 | M26: 146 | N26: 0 | O26: =SUM(C26:L26,N26) -> 160 | P26: =SUM(C26:N26) -> 306 | R26: IP Period | S26: =SUM(S13:S18) -> 1366 | T26: =SUM(T13:T18) -> 966 | U26: =SUM(U13:U18) -> 212 | V26: =SUM(V13:V18) -> 318 | W26: =SUM(W13:W18) -> 1 | X26: =SUM(X13:X18) -> 0 | Y26: =SUM(Y13:Y18) -> 75 | Z26: =SUM(Z13:Z18) -> 42 | ... AF26: =SUM(AF13:AF18) -> 5734
B27: 11.15 - 11.30 | C27: 67 | D27: 60 | E27: 12 | F27: 10 | G27: 0 | H27: 0 | I27: 3 | J27: 2 | K27: 1 | L27: 0 | M27: 138 | N27: 0 | O27: =SUM(C27:L27,N27) -> 155 | P27: =SUM(C27:N27) -> 293 | R27: PM Period | S27: =SUM(S19:S21) -> 560 | T27: =SUM(T19:T21) -> 433 | U27: =SUM(U19:U21) -> 66 | V27: =SUM(V19:V21) -> 179 | W27: =SUM(W19:W21) -> 7 | X27: =SUM(X19:X21) -> 0 | Y27: =SUM(Y19:Y21) -> 25 | Z27: =SUM(Z19:Z21) -> 11 | ... AF27: =SUM(AF19:AF21) -> 2644
B28: 11.30 - 11.45 | C28: 80 | D28: 35 | E28: 3 | F28: 15 | G28: 0 | H28: 0 | I28: 0 | J28: 1 | K28: 1 | L28: 0 | M28: 184 | N28: 0 | O28: =SUM(C28:L28,N28) -> 135 | P28: =SUM(C28:N28) -> 319 | R28: 12 Hours | S28: =SUM(S10:S21) -> 2662 | T28: =SUM(T10:T21) -> 1911 | U28: =SUM(U10:U21) -> 341 | V28: =SUM(V10:V21) -> 698 | W28: =SUM(W10:W21) -> 8 | X28: =SUM(X10:X21) -> 0 | Y28: =SUM(Y10:Y21) -> 117 | Z28: =SUM(Z10:Z21) -> 61 | ... AF28: =SUM(AF10:AF21) -> 12279
B29: 11.45 - 12.00 | C29: 84 | D29: 85 | E29: 1 | F29: 1 | G29: 0 | H29: 0 | I29: 2 | J29: 1 | K29: 0 | L29: 0 | M29: 182 | N29: 0 | O29: =SUM(C29:L29,N29) -> 174 | P29: =SUM(C29:N29) -> 356
B30: 12.00 - 12.15 | C30: 70 | D30: 45 | E30: 7 | F30: 12 | G30: 0 | H30: 0 | I30: 1 | J30: 1 | K30: 4 | L30: 0 | M30: 150 | N30: 0 | O30: =SUM(C30:L30,N30) -> 140 | P30: =SUM(C30:N30) -> 290
B31: 12.15 - 12.30 | C31: 65 | D31: 60 | E31: 6 | F31: 22 | G31: 0 | H31: 0 | I31: 4 | J31: 2 | K31: 4 | L31: 0 | M31: 171 | N31: 0 | O31: =SUM(C31:L31,N31) -> 163 | P31: =SUM(C31:N31) -> 334
B32: 12.30 - 12.45 | C32: 65 | D32: 40 | E32: 4 | F32: 12 | G32: 0 | H32: 0 | I32: 1 | J32: 0 | K32: 2 | L32: 0 | M32: 99 | N32: 0 | O32: =SUM(C32:L32,N32) -> 124 | P32: =SUM(C32:N32) -> 223
B33: 12.45 - 13.00 | C33: 60 | D33: 40 | E33: 15 | F33: 10 | G33: 0 | H33: 0 | I33: 1 | J33: 3 | K33: 2 | L33: 0 | M33: 85 | N33: 0 | O33: =SUM(C33:L33,N33) -> 131 | P33: =SUM(C33:N33) -> 216
B34: 13.00 - 13.15 | C34: 28 | D34: 33 | E34: 6 | F34: 6 | G34: 0 | H34: 0 | I34: 1 | J34: 0 | K34: 4 | L34: 0 | M34: 97 | N34: 0 | O34: =SUM(C34:L34,N34) -> 78 | P34: =SUM(C34:N34) -> 175
B35: 13.15 - 13.30 | C35: 14 | D35: 13 | E35: 3 | F35: 4 | G35: 0 | H35: 0 | I35: 2 | J35: 3 | K35: 1 | L35: 2 | M35: 82 | N35: 0 | O35: =SUM(C35:L35,N35) -> 42 | P35: =SUM(C35:N35) -> 124
B36: 13.30 - 13.45 | C36: 40 | D36: 20 | E36: 6 | F36: 7 | G36: 0 | H36: 0 | I36: 0 | J36: 4 | K36: 3 | L36: 1 | M36: 93 | N36: 0 | O36: =SUM(C36:L36,N36) -> 81 | P36: =SUM(C36:N36) -> 174
B37: 13.45 - 14.00 | C37: 52 | D37: 13 | E37: 3 | F37: 18 | G37: 0 | H37: 0 | I37: 2 | J37: 1 | K37: 2 | L37: 0 | M37: 75 | N37: 0 | O37: =SUM(C37:L37,N37) -> 91 | P37: =SUM(C37:N37) -> 166
B38: 14.00 - 14.15 | C38: 45 | D38: 35 | E38: 11 | F38: 10 | G38: 0 | H38: 0 | I38: 2 | J38: 4 | K38: 1 | L38: 0 | M38: 70 | N38: 0 | O38: =SUM(C38:L38,N38) -> 108 | P38: =SUM(C38:N38) -> 178
B39: 14.15 - 14.30 | C39: 60 | D39: 30 | E39: 8 | F39: 5 | G39: 0 | H39: 0 | I39: 6 | J39: 0 | K39: 0 | L39: 0 | M39: 72 | N39: 0 | O39: =SUM(C39:L39,N39) -> 109 | P39: =SUM(C39:N39) -> 181
B40: 14.30 - 14.45 | C40: 64 | D40: 60 | E40: 8 | F40: 19 | G40: 0 | H40: 0 | I40: 5 | J40: 3 | K40: 4 | L40: 0 | M40: 128 | N40: 0 | O40: =SUM(C40:L40,N40) -> 163 | P40: =SUM(C40:N40) -> 291
... B57: 18.45 - 19.00 | C57: 45 | D57: 25 | E57: 9 | F57: 33 | G57: 0 | H57: 0 | I57: 1 | J57: 2 | K57: 0 | L57: 0 | M57: 154 | N57: 0 | O57: =SUM(C57:L57,N57) -> 115 | P57: =SUM(C57:N57) -> 269
B58: Totals | C58: =SUM(C10:C57) -> 2662 | D58: =SUM(D10:D57) -> 1911 | E58: =SUM(E10:E57) -> 341 | F58: =SUM(F10:F57) -> 698 | G58: =SUM(G10:G57) -> 8 | H58: =SUM(H10:H57) -> 0 | I58: =SUM(I10:I57) -> 117 | J58: =SUM(J10:J57) -> 61 | ... P58: =SUM(P10:P57) -> 12279
B59: %ges + MCs | C59: =C58/$P$58 -> 0.2167929 | D59: =D58/$P$58 -> 0.15563157 | E59: =E58/$P$58 -> 0.027770991 | F59: =F58/$P$58 -> 0.05684502 | G59: =G58/$P$58 -> 0.00065151885 | H59: =H58/$P$58 -> 0 | I59: =I58/$P$58 -> 0.0095284632 | J59: =J58/$P$58 -> 0.0049678313 | ... N59: =N58/$P$58 -> 8.1439857e-05
B60: %ges w/o MCs | C60: =C58/$O$58 -> 0.45302927 | D60: =D58/$O$58 -> 0.32522124 | E60: =E58/$O$58 -> 0.058032675 | F60: =F58/$O$58 -> 0.11878829 | G60: =G58/$O$58 -> 0.0013614704 | H60: =H58/$O$58 -> 0 | I60: =I58/$O$58 -> 0.019911504 | J60: =J58/$O$58 -> 0.010381212 | ... L60: =L58/$O$58 -> 0.00085091899 | N60: =N58/$O$58 -> 0.0001701838

Sheet 02.08 Kisaasi-Kyanja
B1: Consultancy services for Preparation of Expressway Development Master Plan (EDMP) for Uganda
B2: MANUAL CLASSIFIED COUNT (MCC)
B3: ROAD NAME: | C3: ='29.07 Kisaasi-Kyanja'!C3:G3 -> MCC - C1 - STN34- KISAASI-KYANJA ROAD
C5: Date | D5: ='02.08 Kyanja-Kisaasi'!D5 -> 02.08.19 | F5: Location | G5: ='02.08 Kyanja-Kisaasi'!G5:H5 -> Malcom Health center | J5: Surveyor | K5: Kizito Geofrey
C6: Dir. From | D6: Kisaasi | F6: Dir. To | G6: Kyanja | J6: Supervisor | K6: ='02.08 Kyanja-Kisaasi'!K6:L6 -> Steven
B8: Time / Veh Type | R8: SUMMARY TRAFFIC VOLUMES
C9: 1. Car | D9: 2. Station Wagon | E9: 3. Pickups | F9: 4. Minibus, matatu | G9: 5. Medium bus | H9: 6. Large Bus | I9: 7. Light Truck | J9: 8. Medium Truck | K9: 9. Heavy truck | L9: 10. Truck Trailer | M9: 11. Motor cycles | N9: 12. Tractors | O9: Total Excl M/Cycles | P9: Total All | R9: Time | S9: 1. Car | T9: 2. Station Wagon | U9: 3. Pickups | V9: 4. Minibus, matatu | W9: 5. Medium bus | X9: 6. Large Bus | Y9: 7. Light Truck | Z9: 8. Medium Truck | AA9: 9. Heavy truck | AB9: 10. Truck Trailer | AC9: 11. Motorcycles | AD9: 12. Tractors, Graders | AE9: Total Excl M/ Cycles | AF9: Total All
B10: 07.00 - 07.15 | C10: 29 | D10: 11 | E10: 6 | F10: 16 | G10: 0 | H10: 0 | I10: 2 | J10: 2 | K10: 7 | L10: 0 | M10: 59 | N10: 0 | O10: =SUM(C10:L10,N10) -> 73 | P10: =SUM(C10:N10) -> 132 | R10: 0700-0800 | S10: =SUM(C10:C13) -> 121 | T10: =SUM(D10:D13) -> 52 | U10: =SUM(E10:E13) -> 16 | V10: =SUM(F10:F13) -> 86 | W10: =SUM(G10:G13) -> 2 | X10: =SUM(H10:H13) -> 0 | Y10: =SUM(I10:I13) -> 8 | Z10: =SUM(J10:J13) -> 3 | ... AF10: =SUM(P10:P13) -> 633
B11: 07.15 - 07.30 | C11: 30 | D11: 20 | E11: 4 | F11: 17 | G11: 0 | H11: 0 | I11: 2 | J11: 0 | K11: 3 | L11: 0 | M11: 96 | N11: 0 | O11: =SUM(C11:L11,N11) -> 76 | P11: =SUM(C11:N11) -> 172 | R11: 0800-0900 | S11: =SUM(C14:C17) -> 95 | T11: =SUM(D14:D17) -> 30 | U11: =SUM(E14:E17) -> 8 | V11: =SUM(F14:F17) -> 132 | W11: =SUM(G14:G17) -> 1 | X11: =SUM(H14:H17) -> 0 | Y11: =SUM(I14:I17) -> 8 | Z11: =SUM(J14:J17) -> 6 | ... AF11: =SUM(P14:P17) -> 599
B12: 07.30 - 07.45 | C12: 32 | D12: 11 | E12: 2 | F12: 22 | G12: 1 | H12: 0 | I12: 2 | J12: 1 | K12: 3 | L12: 0 | M12: 88 | N12: 0 | O12: =SUM(C12:L12,N12) -> 74 | P12: =SUM(C12:N12) -> 162 | R12: 0900-1000 | S12: =SUM(C18:C21) -> 95 | T12: =SUM(D18:D21) -> 46 | U12: =SUM(E18:E21) -> 16 | V12: =SUM(F18:F21) -> 114 | W12: =SUM(G18:G21) -> 0 | X12: =SUM(H18:H21) -> 0 | Y12: =SUM(I18:I21) -> 8 | Z12: =SUM(J18:J21) -> 6 | ... AF12: =SUM(P18:P21) -> 568
B13: 07.45 - 08.00 | C13: 30 | D13: 10 | E13: 4 | F13: 31 | G13: 1 | H13: 0 | I13: 2 | J13: 0 | K13: 0 | L13: 0 | M13: 89 | N13: 0 | O13: =SUM(C13:L13,N13) -> 78 | P13: =SUM(C13:N13) -> 167 | R13: 1000-1100 | S13: =SUM(C22:C25) -> 104 | T13: =SUM(D22:D25) -> 71 | U13: =SUM(E22:E25) -> 30 | V13: =SUM(F22:F25) -> 81 | W13: =SUM(G22:G25) -> 0 | X13: =SUM(H22:H25) -> 0 | Y13: =SUM(I22:I25) -> 12 | Z13: =SUM(J22:J25) -> 8 | ... AF13: =SUM(P22:P25) -> 664
B14: 08.00 - 08.15 | C14: 36 | D14: 12 | E14: 4 | F14: 45 | G14: 0 | H14: 0 | I14: 2 | J14: 0 | K14: 0 | L14: 0 | M14: 100 | N14: 0 | O14: =SUM(C14:L14,N14) -> 99 | P14: =SUM(C14:N14) -> 199 | R14: 1100-1200 | S14: =SUM(C26:C29) -> 127 | T14: =SUM(D26:D29) -> 48 | U14: =SUM(E26:E29) -> 21 | V14: =SUM(F26:F29) -> 82 | W14: =SUM(G26:G29) -> 0 | X14: =SUM(H26:H29) -> 0 | Y14: =SUM(I26:I29) -> 2 | Z14: =SUM(J26:J29) -> 3 | ... AF14: =SUM(P26:P29) -> 578
B15: 08.15 - 08.30 | C15: 32 | D15: 6 | E15: 1 | F15: 40 | G15: 1 | H15: 0 | I15: 4 | J15: 3 | K15: 0 | L15: 0 | M15: 66 | N15: 0 | O15: =SUM(C15:L15,N15) -> 87 | P15: =SUM(C15:N15) -> 153 | R15: 1200-1300 | S15: =SUM(C30:C33) -> 147 | T15: =SUM(D30:D33) -> 56 | U15: =SUM(E30:E33) -> 11 | V15: =SUM(F30:F33) -> 64 | W15: =SUM(G30:G33) -> 0 | X15: =SUM(H30:H33) -> 0 | Y15: =SUM(I30:I33) -> 4 | Z15: =SUM(J30:J33) -> 2 | ... AF15: =SUM(P30:P33) -> 460
B16: 08.30 - 08.45 | C16: 10 | D16: 6 | E16: 1 | F16: 28 | G16: 0 | H16: 0 | I16: 1 | J16: 1 | K16: 4 | L16: 0 | M16: 91 | N16: 0 | O16: =SUM(C16:L16,N16) -> 51 | P16: =SUM(C16:N16) -> 142 | R16: 1300-1400 | S16: =SUM(C34:C37) -> 107 | T16: =SUM(D34:D37) -> 65 | U16: =SUM(E34:E37) -> 19 | V16: =SUM(F34:F37) -> 48 | W16: =SUM(G34:G37) -> 1 | X16: =SUM(H34:H37) -> 0 | Y16: =SUM(I34:I37) -> 20 | Z16: =SUM(J34:J37) -> 6 | ... AF16: =SUM(P34:P37) -> 554
B17: 08.45 - 9.00 | C17: 17 | D17: 6 | E17: 2 | F17: 19 | G17: 0 | H17: 0 | I17: 1 | J17: 2 | K17: 0 | L17: 0 | M17: 58 | N17: 0 | O17: =SUM(C17:L17,N17) -> 47 | P17: =SUM(C17:N17) -> 105 | R17: 1400-1500 | S17: =SUM(C38:C41) -> 127 | T17: =SUM(D38:D41) -> 80 | U17: =SUM(E38:E41) -> 11 | V17: =SUM(F38:F41) -> 66 | W17: =SUM(G38:G41) -> 0 | X17: =SUM(H38:H41) -> 1 | Y17: =SUM(I38:I41) -> 19 | Z17: =SUM(J38:J41) -> 4 | ... AF17: =SUM(P38:P41) -> 480
B18: 09.00 - 09.15 | C18: 22 | D18: 23 | E18: 4 | F18: 23 | G18: 0 | H18: 0 | I18: 2 | J18: 3 | K18: 2 | L18: 0 | M18: 100 | N18: 0 | O18: =SUM(C18:L18,N18) -> 79 | P18: =SUM(C18:N18) -> 179 | R18: 1500-1600 | S18: =SUM(C42:C45) -> 161 | T18: =SUM(D42:D45) -> 72 | U18: =SUM(E42:E45) -> 18 | V18: =SUM(F42:F45) -> 50 | W18: =SUM(G42:G45) -> 0 | X18: =SUM(H42:H45) -> 0 | Y18: =SUM(I42:I45) -> 12 | Z18: =SUM(J42:J45) -> 8 | ... AF18: =SUM(P42:P45) -> 572
B19: 09.15 - 09.30 | C19: 30 | D19: 11 | E19: 5 | F19: 21 | G19: 0 | H19: 0 | I19: 1 | J19: 1 | K19: 1 | L19: 0 | M19: 90 | N19: 0 | O19: =SUM(C19:L19,N19) -> 70 | P19: =SUM(C19:N19) -> 160 | R19: 1600-1700 | S19: =SUM(C46:C49) -> 192 | T19: =SUM(D46:D49) -> 191 | U19: =SUM(E46:E49) -> 14 | V19: =SUM(F46:F49) -> 87 | W19: =SUM(G46:G49) -> 0 | X19: =SUM(H46:H49) -> 0 | Y19: =SUM(I46:I49) -> 19 | Z19: =SUM(J46:J49) -> 4 | ... AF19: =SUM(P46:P49) -> 923
B20: 09.30 - 09.45 | C20: 32 | D20: 10 | E20: 6 | F20: 40 | G20: 0 | H20: 0 | I20: 3 | J20: 2 | K20: 4 | L20: 0 | M20: 65 | N20: 0 | O20: =SUM(C20:L20,N20) -> 97 | P20: =SUM(C20:N20) -> 162 | R20: 1700-1800 | S20: =SUM(C50:C53) -> 200 | T20: =SUM(D50:D53) -> 172 | U20: =SUM(E50:E53) -> 31 | V20: =SUM(F50:F53) -> 82 | W20: =SUM(G50:G53) -> 0 | X20: =SUM(H50:H53) -> 0 | Y20: =SUM(I50:I53) -> 12 | Z20: =SUM(J50:J53) -> 2 | ... AF20: =SUM(P50:P53) -> 794
B21: 09.45 - 10.00 | C21: 11 | D21: 2 | E21: 1 | F21: 30 | G21: 0 | H21: 0 | I21: 2 | J21: 0 | K21: 0 | L21: 0 | M21: 21 | N21: 0 | O21: =SUM(C21:L21,N21) -> 46 | P21: =SUM(C21:N21) -> 67 | R21: 1800-1900 | S21: =SUM(C54:C57) -> 240 | T21: =SUM(D54:D57) -> 222 | U21: =SUM(E54:E57) -> 35 | V21: =SUM(F54:F57) -> 137 | W21: =SUM(G54:G57) -> 1 | X21: =SUM(H54:H57) -> 0 | Y21: =SUM(I54:I57) -> 27 | Z21: =SUM(J54:J57) -> 5 | ... AF21: =SUM(P54:P57) -> 1003
B22: 10.00 - 10.15 | C22: 23 | D22: 16 | E22: 2 | F22: 21 | G22: 0 | H22: 0 | I22: 3 | J22: 2 | K22: 2 | L22: 0 | M22: 85 | N22: 0 | O22: =SUM(C22:L22,N22) -> 69 | P22: =SUM(C22:N22) -> 154 | R22: AM Peak Hr | S22: =MAX(S10:S12) -> 121 | T22: =MAX(T10:T12) -> 52 | U22: =MAX(U10:U12) -> 16 | V22: =MAX(V10:V12) -> 132 | W22: =MAX(W10:W12) -> 2 | X22: =MAX(X10:X12) -> 0 | Y22: =MAX(Y10:Y12) -> 8 | Z22: =MAX(Z10:Z12) -> 6 | ... AF22: =MAX(AF10:AF12) -> 633
B23: 10.15 - 10.30 | C23: 26 | D23: 18 | E23: 11 | F23: 27 | G23: 0 | H23: 0 | I23: 5 | J23: 4 | K23: 2 | L23: 0 | M23: 110 | N23: 0 | O23: =SUM(C23:L23,N23) -> 93 | P23: =SUM(C23:N23) -> 203 | R23: IP Peak Hr | S23: =MAX(S13:S18) -> 161 | T23: =MAX(T13:T18) -> 80 | U23: =MAX(U13:U18) -> 30 | V23: =MAX(V13:V18) -> 82 | W23: =MAX(W13:W18) -> 1 | X23: =MAX(X13:X18) -> 1 | Y23: =MAX(Y13:Y18) -> 20 | Z23: =MAX(Z13:Z18) -> 8 | ... AF23: =MAX(AF13:AF18) -> 664
B24: 10.30 - 10.45 | C24: 30 | D24: 17 | E24: 8 | F24: 16 | G24: 0 | H24: 0 | I24: 3 | J24: 1 | K24: 2 | L24: 0 | M24: 90 | N24: 0 | O24: =SUM(C24:L24,N24) -> 77 | P24: =SUM(C24:N24) -> 167 | R24: PM Peak Hr | S24: =MAX(S19:S21) -> 240 | T24: =MAX(T19:T21) -> 222 | U24: =MAX(U19:U21) -> 35 | V24: =MAX(V19:V21) -> 137 | W24: =MAX(W19:W21) -> 1 | X24: =MAX(X19:X21) -> 0 | Y24: =MAX(Y19:Y21) -> 27 | Z24: =MAX(Z19:Z21) -> 5 | ... AF24: =MAX(AF19:AF21) -> 1003
B25: 10.45 - 11.00 | C25: 25 | D25: 20 | E25: 9 | F25: 17 | G25: 0 | H25: 0 | I25: 1 | J25: 1 | K25: 2 | L25: 0 | M25: 65 | N25: 0 | O25: =SUM(C25:L25,N25) -> 75 | P25: =SUM(C25:N25) -> 140 | R25: AM Period | S25: =SUM(S10:S12) -> 311 | T25: =SUM(T10:T12) -> 128 | U25: =SUM(U10:U12) -> 40 | V25: =SUM(V10:V12) -> 332 | W25: =SUM(W10:W12) -> 3 | X25: =SUM(X10:X12) -> 0 | Y25: =SUM(Y10:Y12) -> 24 | Z25: =SUM(Z10:Z12) -> 15 | ... AF25: =SUM(AF10:AF12) -> 1800
B26: 11.00 - 11.15 | C26: 40 | D26: 15 | E26: 7 | F26: 12 | G26: 0 | H26: 0 | I26: 1 | J26: 2 | K26: 3 | L26: 0 | M26: 95 | N26: 0 | O26: =SUM(C26:L26,N26) -> 80 | P26: =SUM(C26:N26) -> 175 | R26: IP Period | S26: =SUM(S13:S18) -> 773 | T26: =SUM(T13:T18) -> 392 | U26: =SUM(U13:U18) -> 110 | V26: =SUM(V13:V18) -> 391 | W26: =SUM(W13:W18) -> 1 | X26: =SUM(X13:X18) -> 1 | Y26: =SUM(Y13:Y18) -> 69 | Z26: =SUM(Z13:Z18) -> 31 | ... AF26: =SUM(AF13:AF18) -> 3308
B27: 11.15 - 11.30 | C27: 12 | D27: 5 | E27: 2 | F27: 5 | G27: 0 | H27: 0 | I27: 0 | J27: 1 | K27: 2 | L27: 0 | M27: 40 | N27: 0 | O27: =SUM(C27:L27,N27) -> 27 | P27: =SUM(C27:N27) -> 67 | R27: PM Period | S27: =SUM(S19:S21) -> 632 | T27: =SUM(T19:T21) -> 585 | U27: =SUM(U19:U21) -> 80 | V27: =SUM(V19:V21) -> 306 | W27: =SUM(W19:W21) -> 1 | X27: =SUM(X19:X21) -> 0 | Y27: =SUM(Y19:Y21) -> 58 | Z27: =SUM(Z19:Z21) -> 11 | ... AF27: =SUM(AF19:AF21) -> 2720
B28: 11.30 - 11.45 | C28: 20 | D28: 14 | E28: 8 | F28: 30 | G28: 0 | H28: 0 | I28: 0 | J28: 0 | K28: 4 | L28: 0 | M28: 72 | N28: 0 | O28: =SUM(C28:L28,N28) -> 76 | P28: =SUM(C28:N28) -> 148 | R28: 12 Hours | S28: =SUM(S10:S21) -> 1716 | T28: =SUM(T10:T21) -> 1105 | U28: =SUM(U10:U21) -> 230 | V28: =SUM(V10:V21) -> 1029 | W28: =SUM(W10:W21) -> 5 | X28: =SUM(X10:X21) -> 1 | Y28: =SUM(Y10:Y21) -> 151 | Z28: =SUM(Z10:Z21) -> 57 | ... AF28: =SUM(AF10:AF21) -> 7828
B29: 11.45 - 12.00 | C29: 55 | D29: 14 | E29: 4 | F29: 35 | G29: 0 | H29: 0 | I29: 1 | J29: 0 | K29: 2 | L29: 7 | M29: 70 | N29: 0 | O29: =SUM(C29:L29,N29) -> 118 | P29: =SUM(C29:N29) -> 188
B30: 12.00 - 12.15 | C30: 22 | D30: 3 | E30: 5 | F30: 10 | G30: 0 | H30: 0 | I30: 1 | J30: 2 | K30: 0 | L30: 0 | M30: 70 | N30: 0 | O30: =SUM(C30:L30,N30) -> 43 | P30: =SUM(C30:N30) -> 113
B31: 12.15 - 12.30 | C31: 65 | D31: 50 | E31: 3 | F31: 29 | G31: 0 | H31: 0 | I31: 2 | J31: 0 | K31: 3 | L31: 2 | M31: 55 | N31: 0 | O31: =SUM(C31:L31,N31) -> 154 | P31: =SUM(C31:N31) -> 209
B32: 12.30 - 12.45 | C32: 45 | D32: 2 | E32: 3 | F32: 15 | G32: 0 | H32: 0 | I32: 1 | J32: 0 | K32: 0 | L32: 1 | M32: 45 | N32: 0 | O32: =SUM(C32:L32,N32) -> 67 | P32: =SUM(C32:N32) -> 112
B33: 12.45 - 13.00 | C33: 15 | D33: 1 | E33: 0 | F33: 10 | G33: 0 | H33: 0 | I33: 0 | J33: 0 | K33: 0 | L33: 0 | M33: 0 | N33: 0 | O33: =SUM(C33:L33,N33) -> 26 | P33: =SUM(C33:N33) -> 26
B34: 13.00 - 13.15 | C34: 16 | D34: 12 | E34: 4 | F34: 10 | G34: 1 | H34: 0 | I34: 2 | J34: 0 | K34: 1 | L34: 0 | M34: 46 | N34: 0 | O34: =SUM(C34:L34,N34) -> 46 | P34: =SUM(C34:N34) -> 92
B35: 13.15 - 13.30 | C35: 25 | D35: 16 | E35: 7 | F35: 8 | G35: 0 | H35: 0 | I35: 4 | J35: 2 | K35: 1 | L35: 0 | M35: 80 | N35: 0 | O35: =SUM(C35:L35,N35) -> 63 | P35: =SUM(C35:N35) -> 143
B36: 13.30 - 13.45 | C36: 41 | D36: 22 | E36: 7 | F36: 15 | G36: 0 | H36: 0 | I36: 8 | J36: 2 | K36: 5 | L36: 0 | M36: 75 | N36: 0 | O36: =SUM(C36:L36,N36) -> 100 | P36: =SUM(C36:N36) -> 175
B37: 13.45 - 14.00 | C37: 25 | D37: 15 | E37: 1 | F37: 15 | G37: 0 | H37: 0 | I37: 6 | J37: 2 | K37: 0 | L37: 0 | M37: 80 | N37: 0 | O37: =SUM(C37:L37,N37) -> 64 | P37: =SUM(C37:N37) -> 144
B38: 14.00 - 14.15 | C38: 37 | D38: 18 | E38: 4 | F38: 13 | G38: 0 | H38: 0 | I38: 9 | J38: 1 | K38: 2 | L38: 0 | M38: 45 | N38: 0 | O38: =SUM(C38:L38,N38) -> 84 | P38: =SUM(C38:N38) -> 129
B39: 14.15 - 14.30 | C39: 20 | D39: 20 | E39: 5 | F39: 27 | G39: 0 | H39: 0 | I39: 4 | J39: 0 | K39: 1 | L39: 0 | M39: 55 | N39: 0 | O39: =SUM(C39:L39,N39) -> 77 | P39: =SUM(C39:N39) -> 132
B40: 14.30 - 14.45 | C40: 40 | D40: 22 | E40: 1 | F40: 14 | G40: 0 | H40: 1 | I40: 2 | J40: 1 | K40: 1 | L40: 0 | M40: 47 | N40: 0 | O40: =SUM(C40:L40,N40) -> 82 | P40: =SUM(C40:N40) -> 129
... B57: 18.45 - 19.00 | C57: 60 | D57: 30 | E57: 3 | F57: 50 | G57: 0 | H57: 0 | I57: 15 | J57: 0 | K57: 0 | L57: 0 | M57: 60 | N57: 0 | O57: =SUM(C57:L57,N57) -> 158 | P57: =SUM(C57:N57) -> 218
B58: Totals | C58: =SUM(C10:C57) -> 1716 | D58: =SUM(D10:D57) -> 1105 | E58: =SUM(E10:E57) -> 230 | F58: =SUM(F10:F57) -> 1029 | G58: =SUM(G10:G57) -> 5 | H58: =SUM(H10:H57) -> 1 | I58: =SUM(I10:I57) -> 151 | J58: =SUM(J10:J57) -> 57 | ... P58: =SUM(P10:P57) -> 7828
B59: %ges + MCs | C59: =C58/$P$58 -> 0.21921308 | D59: =D58/$P$58 -> 0.14115994 | E59: =E58/$P$58 -> 0.029381707 | F59: =F58/$P$58 -> 0.1314512 | G59: =G58/$P$58 -> 0.00063873275 | H59: =H58/$P$58 -> 0.00012774655 | I59: =I58/$P$58 -> 0.019289729 | J59: =J58/$P$58 -> 0.0072815534 | ... N59: =N58/$P$58 -> 0
B60: %ges w/o MCs | C60: =C58/$O$58 -> 0.39053254 | D60: =D58/$O$58 -> 0.25147929 | E60: =E58/$O$58 -> 0.052344106 | F60: =F58/$O$58 -> 0.23418298 | G60: =G58/$O$58 -> 0.0011379153 | H60: =H58/$O$58 -> 0.00022758307 | I60: =I58/$O$58 -> 0.034365043 | J60: =J58/$O$58 -> 0.012972235 | ... L60: =L58/$O$58 -> 0.0022758307 | N60: =N58/$O$58 -> 0

Sheet 03.08 Kyanja-Kisaasi-24h
B1: Consultancy services for Preparation of Expressway Development Master Plan (EDMP) for Uganda
B2: MANUAL CLASSIFIED COUNT (MCC)
B3: ROAD NAME: | C3: ='29.07 Kyanja -Kisaasi'!C3:G3 -> MCC - C1 - STN34- KISAASI-KYANJA ROAD
C5: Date | D5: 03.08.19 | F5: Location | G5: ='01.08 Kisaasi-Kyanja-24h'!G5:H5 -> Malcom Health center | J5: Surveyor | K5: Yiga Elly
C6: Dir. From | D6: ='29.07 Kyanja -Kisaasi'!D6:E6 -> Kyanja | F6: Dir. To | G6: ='29.07 Kyanja -Kisaasi'!G6:H6 -> Kisaasi | J6: Supervisor | K6: Denis
B8: Time / Veh Type | R8: SUMMARY TRAFFIC VOLUMES
C9: 1. Car | D9: 2. Station Wagon | E9: 3. Pickups | F9: 4. Minibus, matatu | G9: 5. Medium bus | H9: 6. Large Bus | I9: 7. Light Truck | J9: 8. Medium Truck | K9: 9. Heavy truck | L9: 10. Truck Trailer | M9: 11. Motor cycles | N9: 12. Tractors | O9: Total Excl M/Cycles | P9: Total All | R9: Time | S9: 1. Car | T9: 2. Station Wagon | U9: 3. Pickups | V9: 4. Minibus, matatu | W9: 5. Medium bus | X9: 6. Large Bus | Y9: 7. Light Truck | Z9: 8. Medium Truck | AA9: 9. Heavy truck | AB9: 10. Truck Trailer | AC9: 11. Motorcycles | AD9: 12. Tractors, Graders | AE9: Total Excl M/ Cycles | AF9: Total All
B10: 07.00 - 07.15 | C10: 30 | D10: 10 | E10: 8 | F10: 30 | G10: 0 | H10: 0 | I10: 5 | J10: 0 | K10: 0 | L10: 0 | M10: 0 | N10: 0 | O10: =SUM(C10:L10,N10) -> 83 | P10: =SUM(C10:N10) -> 83 | R10: 0700-0800 | S10: =SUM(C10:C13) -> 248 | T10: =SUM(D10:D13) -> 93 | U10: =SUM(E10:E13) -> 48 | V10: =SUM(F10:F13) -> 108 | W10: =SUM(G10:G13) -> 0 | X10: =SUM(H10:H13) -> 0 | Y10: =SUM(I10:I13) -> 15 | Z10: =SUM(J10:J13) -> 0 | ... AF10: =SUM(P10:P13) -> 512
B11: 07.15 - 07.30 | C11: 43 | D11: 16 | E11: 10 | F11: 27 | G11: 0 | H11: 0 | I11: 2 | J11: 0 | K11: 0 | L11: 0 | M11: 0 | N11: 0 | O11: =SUM(C11:L11,N11) -> 98 | P11: =SUM(C11:N11) -> 98 | R11: 0800-0900 | S11: =SUM(C14:C17) -> 460 | T11: =SUM(D14:D17) -> 182 | U11: =SUM(E14:E17) -> 56 | V11: =SUM(F14:F17) -> 112 | W11: =SUM(G14:G17) -> 1 | X11: =SUM(H14:H17) -> 0 | Y11: =SUM(I14:I17) -> 21 | Z11: =SUM(J14:J17) -> 0 | ... AF11: =SUM(P14:P17) -> 832
B12: 07.30 - 07.45 | C12: 75 | D12: 25 | E12: 10 | F12: 16 | G12: 0 | H12: 0 | I12: 2 | J12: 0 | K12: 0 | L12: 0 | M12: 0 | N12: 0 | O12: =SUM(C12:L12,N12) -> 128 | P12: =SUM(C12:N12) -> 128 | R12: 0900-1000 | S12: =SUM(C18:C21) -> 377 | T12: =SUM(D18:D21) -> 100 | U12: =SUM(E18:E21) -> 39 | V12: =SUM(F18:F21) -> 73 | W12: =SUM(G18:G21) -> 0 | X12: =SUM(H18:H21) -> 0 | Y12: =SUM(I18:I21) -> 16 | Z12: =SUM(J18:J21) -> 0 | ... AF12: =SUM(P18:P21) -> 605
B13: 07.45 - 08.00 | C13: 100 | D13: 42 | E13: 20 | F13: 35 | G13: 0 | H13: 0 | I13: 6 | J13: 0 | K13: 0 | L13: 0 | M13: 0 | N13: 0 | O13: =SUM(C13:L13,N13) -> 203 | P13: =SUM(C13:N13) -> 203 | R13: 1000-1100 | S13: =SUM(C22:C25) -> 398 | T13: =SUM(D22:D25) -> 190 | U13: =SUM(E22:E25) -> 42 | V13: =SUM(F22:F25) -> 89 | W13: =SUM(G22:G25) -> 0 | X13: =SUM(H22:H25) -> 0 | Y13: =SUM(I22:I25) -> 17 | Z13: =SUM(J22:J25) -> 0 | ... AF13: =SUM(P22:P25) -> 736
B14: 08.00 - 08.15 | C14: 85 | D14: 13 | E14: 2 | F14: 16 | G14: 0 | H14: 0 | I14: 8 | J14: 0 | K14: 0 | L14: 0 | M14: 0 | N14: 0 | O14: =SUM(C14:L14,N14) -> 124 | P14: =SUM(C14:N14) -> 124 | R14: 1100-1200 | S14: =SUM(C26:C29) -> 410 | T14: =SUM(D26:D29) -> 197 | U14: =SUM(E26:E29) -> 44 | V14: =SUM(F26:F29) -> 63 | W14: =SUM(G26:G29) -> 0 | X14: =SUM(H26:H29) -> 0 | Y14: =SUM(I26:I29) -> 12 | Z14: =SUM(J26:J29) -> 0 | ... AF14: =SUM(P26:P29) -> 726
B15: 08.15 - 08.30 | C15: 150 | D15: 37 | E15: 15 | F15: 44 | G15: 1 | H15: 0 | I15: 7 | J15: 0 | K15: 0 | L15: 0 | M15: 0 | N15: 0 | O15: =SUM(C15:L15,N15) -> 254 | P15: =SUM(C15:N15) -> 254 | R15: 1200-1300 | S15: =SUM(C30:C33) -> 360 | T15: =SUM(D30:D33) -> 180 | U15: =SUM(E30:E33) -> 38 | V15: =SUM(F30:F33) -> 56 | W15: =SUM(G30:G33) -> 0 | X15: =SUM(H30:H33) -> 0 | Y15: =SUM(I30:I33) -> 19 | Z15: =SUM(J30:J33) -> 0 | ... AF15: =SUM(P30:P33) -> 653
B16: 08.30 - 08.45 | C16: 85 | D16: 67 | E16: 23 | F16: 35 | G16: 0 | H16: 0 | I16: 1 | J16: 0 | K16: 0 | L16: 0 | M16: 0 | N16: 0 | O16: =SUM(C16:L16,N16) -> 211 | P16: =SUM(C16:N16) -> 211 | R16: 1300-1400 | S16: =SUM(C34:C37) -> 400 | T16: =SUM(D34:D37) -> 129 | U16: =SUM(E34:E37) -> 34 | V16: =SUM(F34:F37) -> 36 | W16: =SUM(G34:G37) -> 0 | X16: =SUM(H34:H37) -> 0 | Y16: =SUM(I34:I37) -> 23 | Z16: =SUM(J34:J37) -> 0 | ... AF16: =SUM(P34:P37) -> 622
B17: 08.45 - 9.00 | C17: 140 | D17: 65 | E17: 16 | F17: 17 | G17: 0 | H17: 0 | I17: 5 | J17: 0 | K17: 0 | L17: 0 | M17: 0 | N17: 0 | O17: =SUM(C17:L17,N17) -> 243 | P17: =SUM(C17:N17) -> 243 | R17: 1400-1500 | S17: =SUM(C38:C41) -> 350 | T17: =SUM(D38:D41) -> 111 | U17: =SUM(E38:E41) -> 24 | V17: =SUM(F38:F41) -> 46 | W17: =SUM(G38:G41) -> 0 | X17: =SUM(H38:H41) -> 0 | Y17: =SUM(I38:I41) -> 10 | Z17: =SUM(J38:J41) -> 0 | ... AF17: =SUM(P38:P41) -> 541
B18: 09.00 - 09.15 | C18: 121 | D18: 46 | E18: 22 | F18: 23 | G18: 0 | H18: 0 | I18: 5 | J18: 0 | K18: 0 | L18: 0 | M18: 0 | N18: 0 | O18: =SUM(C18:L18,N18) -> 217 | P18: =SUM(C18:N18) -> 217 | R18: 1500-1600 | S18: =SUM(C42:C45) -> 266 | T18: =SUM(D42:D45) -> 159 | U18: =SUM(E42:E45) -> 21 | V18: =SUM(F42:F45) -> 44 | W18: =SUM(G42:G45) -> 0 | X18: =SUM(H42:H45) -> 0 | Y18: =SUM(I42:I45) -> 7 | Z18: =SUM(J42:J45) -> 0 | ... AF18: =SUM(P42:P45) -> 497
B19: 09.15 - 09.30 | C19: 90 | D19: 25 | E19: 5 | F19: 13 | G19: 0 | H19: 0 | I19: 3 | J19: 0 | K19: 0 | L19: 0 | M19: 0 | N19: 0 | O19: =SUM(C19:L19,N19) -> 136 | P19: =SUM(C19:N19) -> 136 | R19: 1600-1700 | S19: =SUM(C46:C49) -> 144 | T19: =SUM(D46:D49) -> 75 | U19: =SUM(E46:E49) -> 27 | V19: =SUM(F46:F49) -> 36 | W19: =SUM(G46:G49) -> 1 | X19: =SUM(H46:H49) -> 0 | Y19: =SUM(I46:I49) -> 12 | Z19: =SUM(J46:J49) -> 0 | ... AF19: =SUM(P46:P49) -> 295
B20: 09.30 - 09.45 | C20: 91 | D20: 16 | E20: 7 | F20: 14 | G20: 0 | H20: 0 | I20: 6 | J20: 0 | K20: 0 | L20: 0 | M20: 0 | N20: 0 | O20: =SUM(C20:L20,N20) -> 134 | P20: =SUM(C20:N20) -> 134 | R20: 1700-1800 | S20: =SUM(C50:C53) -> 158 | T20: =SUM(D50:D53) -> 79 | U20: =SUM(E50:E53) -> 32 | V20: =SUM(F50:F53) -> 46 | W20: =SUM(G50:G53) -> 0 | X20: =SUM(H50:H53) -> 0 | Y20: =SUM(I50:I53) -> 14 | Z20: =SUM(J50:J53) -> 0 | ... AF20: =SUM(P50:P53) -> 329
B21: 09.45 - 10.00 | C21: 75 | D21: 13 | E21: 5 | F21: 23 | G21: 0 | H21: 0 | I21: 2 | J21: 0 | K21: 0 | L21: 0 | M21: 0 | N21: 0 | O21: =SUM(C21:L21,N21) -> 118 | P21: =SUM(C21:N21) -> 118 | R21: 1800-1900 | S21: =SUM(C54:C57) -> 90 | T21: =SUM(D54:D57) -> 90 | U21: =SUM(E54:E57) -> 32 | V21: =SUM(F54:F57) -> 40 | W21: =SUM(G54:G57) -> 2 | X21: =SUM(H54:H57) -> 0 | Y21: =SUM(I54:I57) -> 9 | Z21: =SUM(J54:J57) -> 0 | ... AF21: =SUM(P54:P57) -> 263
B22: 10.00 - 10.15 | C22: 95 | D22: 45 | E22: 7 | F22: 30 | G22: 0 | H22: 0 | I22: 4 | J22: 0 | K22: 0 | L22: 0 | M22: 0 | N22: 0 | O22: =SUM(C22:L22,N22) -> 181 | P22: =SUM(C22:N22) -> 181 | R22: 1900-2000 | S22: =SUM(C58:C61) -> 149 | T22: =SUM(D58:D61) -> 110 | U22: =SUM(E58:E61) -> 24 | V22: =SUM(F58:F61) -> 34 | W22: =SUM(G58:G61) -> 1 | X22: =SUM(H58:H61) -> 0 | Y22: =SUM(I58:I61) -> 11 | Z22: =SUM(J58:J61) -> 0 | ... AF22: =SUM(P58:P61) -> 502
B23: 10.15 - 10.30 | C23: 140 | D23: 30 | E23: 8 | F23: 11 | G23: 0 | H23: 0 | I23: 1 | J23: 0 | K23: 0 | L23: 0 | M23: 0 | N23: 0 | O23: =SUM(C23:L23,N23) -> 190 | P23: =SUM(C23:N23) -> 190 | R23: 2000-2100 | S23: =SUM(C62:C65) -> 197 | T23: =SUM(D62:D65) -> 72 | U23: =SUM(E62:E65) -> 29 | V23: =SUM(F62:F65) -> 35 | W23: =SUM(G62:G65) -> 0 | X23: =SUM(H62:H65) -> 0 | Y23: =SUM(I62:I65) -> 11 | Z23: =SUM(J62:J65) -> 3 | ... AF23: =SUM(P62:P65) -> 516
B24: 10.30 - 10.45 | C24: 150 | D24: 80 | E24: 12 | F24: 25 | G24: 0 | H24: 0 | I24: 5 | J24: 0 | K24: 0 | L24: 0 | M24: 0 | N24: 0 | O24: =SUM(C24:L24,N24) -> 272 | P24: =SUM(C24:N24) -> 272 | R24: 2100-2200 | S24: =SUM(C66:C69) -> 325 | T24: =SUM(D66:D69) -> 76 | U24: =SUM(E66:E69) -> 15 | V24: =SUM(F66:F69) -> 70 | W24: =SUM(G66:G69) -> 0 | X24: =SUM(H66:H69) -> 0 | Y24: =SUM(I66:I69) -> 7 | Z24: =SUM(J66:J69) -> 2 | ... AF24: =SUM(P66:P69) -> 822
B25: 10.45 - 11.00 | C25: 13 | D25: 35 | E25: 15 | F25: 23 | G25: 0 | H25: 0 | I25: 7 | J25: 0 | K25: 0 | L25: 0 | M25: 0 | N25: 0 | O25: =SUM(C25:L25,N25) -> 93 | P25: =SUM(C25:N25) -> 93 | R25: 2200-2300 | S25: =SUM(C70:C73) -> 208 | T25: =SUM(D70:D73) -> 101 | U25: =SUM(E70:E73) -> 19 | V25: =SUM(F70:F73) -> 61 | W25: =SUM(G70:G73) -> 0 | X25: =SUM(H70:H73) -> 0 | Y25: =SUM(I70:I73) -> 4 | Z25: =SUM(J70:J73) -> 3 | ... AF25: =SUM(P70:P73) -> 681
B26: 11.00 - 11.15 | C26: 105 | D26: 52 | E26: 11 | F26: 15 | G26: 0 | H26: 0 | I26: 4 | J26: 0 | K26: 0 | L26: 0 | M26: 0 | N26: 0 | O26: =SUM(C26:L26,N26) -> 187 | P26: =SUM(C26:N26) -> 187 | R26: 2300-0000 | S26: =SUM(C74:C77) -> 161 | T26: =SUM(D74:D77) -> 52 | U26: =SUM(E74:E77) -> 7 | V26: =SUM(F74:F77) -> 25 | W26: =SUM(G74:G77) -> 0 | X26: =SUM(H74:H77) -> 0 | Y26: =SUM(I74:I77) -> 5 | Z26: =SUM(J74:J77) -> 4 | ... AF26: =SUM(P74:P77) -> 482
B27: 11.15 - 11.30 | C27: 100 | D27: 35 | E27: 15 | F27: 20 | G27: 0 | H27: 0 | I27: 3 | J27: 0 | K27: 0 | L27: 0 | M27: 0 | N27: 0 | O27: =SUM(C27:L27,N27) -> 173 | P27: =SUM(C27:N27) -> 173 | R27: 0000-0100 | S27: =SUM(C78:C81) -> 111 | T27: =SUM(D78:D81) -> 31 | U27: =SUM(E78:E81) -> 7 | V27: =SUM(F78:F81) -> 6 | W27: =SUM(G78:G81) -> 0 | X27: =SUM(H78:H81) -> 0 | Y27: =SUM(I78:I81) -> 6 | Z27: =SUM(J78:J81) -> 1 | ... AF27: =SUM(P78:P81) -> 270
B28: 11.30 - 11.45 | C28: 115 | D28: 60 | E28: 11 | F28: 20 | G28: 0 | H28: 0 | I28: 5 | J28: 0 | K28: 0 | L28: 0 | M28: 0 | N28: 0 | O28: =SUM(C28:L28,N28) -> 211 | P28: =SUM(C28:N28) -> 211 | R28: 0100-0200 | S28: =SUM(C82:C85) -> 49 | T28: =SUM(D82:D85) -> 14 | U28: =SUM(E82:E85) -> 3 | V28: =SUM(F82:F85) -> 1 | W28: =SUM(G82:G85) -> 0 | X28: =SUM(H82:H85) -> 0 | Y28: =SUM(I82:I85) -> 0 | Z28: =SUM(J82:J85) -> 0 | ... AF28: =SUM(P82:P85) -> 160
B29: 11.45 - 12.00 | C29: 90 | D29: 50 | E29: 7 | F29: 8 | G29: 0 | H29: 0 | I29: 0 | J29: 0 | K29: 0 | L29: 0 | M29: 0 | N29: 0 | O29: =SUM(C29:L29,N29) -> 155 | P29: =SUM(C29:N29) -> 155 | R29: 0200-0300 | S29: =SUM(C86:C89) -> 59 | T29: =SUM(D86:D89) -> 11 | U29: =SUM(E86:E89) -> 4 | V29: =SUM(F86:F89) -> 8 | W29: =SUM(G86:G89) -> 0 | X29: =SUM(H86:H89) -> 0 | Y29: =SUM(I86:I89) -> 0 | Z29: =SUM(J86:J89) -> 0 | ... AF29: =SUM(P86:P89) -> 158
B30: 12.00 - 12.15 | C30: 90 | D30: 60 | E30: 8 | F30: 10 | G30: 0 | H30: 0 | I30: 3 | J30: 0 | K30: 0 | L30: 0 | M30: 0 | N30: 0 | O30: =SUM(C30:L30,N30) -> 171 | P30: =SUM(C30:N30) -> 171 | R30: 0300-0400 | S30: =SUM(C90:C93) -> 47 | T30: =SUM(D90:D93) -> 7 | U30: =SUM(E90:E93) -> 2 | V30: =SUM(F90:F93) -> 0 | W30: =SUM(G90:G93) -> 0 | X30: =SUM(H90:H93) -> 0 | Y30: =SUM(I90:I93) -> 0 | Z30: =SUM(J90:J93) -> 0 | ... AF30: =SUM(P90:P93) -> 107
B31: 12.15 - 12.30 | C31: 110 | D31: 30 | E31: 13 | F31: 20 | G31: 0 | H31: 0 | I31: 9 | J31: 0 | K31: 0 | L31: 0 | M31: 0 | N31: 0 | O31: =SUM(C31:L31,N31) -> 182 | P31: =SUM(C31:N31) -> 182 | R31: 0400-0500 | S31: =SUM(C94:C97) -> 58 | T31: =SUM(D94:D97) -> 0 | U31: =SUM(E94:E97) -> 6 | V31: =SUM(F94:F97) -> 6 | W31: =SUM(G94:G97) -> 0 | X31: =SUM(H94:H97) -> 0 | Y31: =SUM(I94:I97) -> 1 | Z31: =SUM(J94:J97) -> 0 | ... AF31: =SUM(P94:P97) -> 133
B32: 12.30 - 12.45 | C32: 80 | D32: 40 | E32: 10 | F32: 15 | G32: 0 | H32: 0 | I32: 0 | J32: 0 | K32: 0 | L32: 0 | M32: 0 | N32: 0 | O32: =SUM(C32:L32,N32) -> 145 | P32: =SUM(C32:N32) -> 145 | R32: 0500-0600 | S32: =SUM(C98:C101) -> 69 | T32: =SUM(D98:D101) -> 2 | U32: =SUM(E98:E101) -> 3 | V32: =SUM(F98:F101) -> 20 | W32: =SUM(G98:G101) -> 0 | X32: =SUM(H98:H101) -> 1 | Y32: =SUM(I98:I101) -> 0 | Z32: =SUM(J98:J101) -> 0 | ... AF32: =SUM(P98:P101) -> 138
B33: 12.45 - 13.00 | C33: 80 | D33: 50 | E33: 7 | F33: 11 | G33: 0 | H33: 0 | I33: 7 | J33: 0 | K33: 0 | L33: 0 | M33: 0 | N33: 0 | O33: =SUM(C33:L33,N33) -> 155 | P33: =SUM(C33:N33) -> 155 | R33: 0600-0700 | S33: =SUM(C102:C105) -> 43 | T33: =SUM(D102:D105) -> 11 | U33: =SUM(E102:E105) -> 7 | V33: =SUM(F102:F105) -> 28 | W33: =SUM(G102:G105) -> 0 | X33: =SUM(H102:H105) -> 0 | Y33: =SUM(I102:I105) -> 2 | Z33: =SUM(J102:J105) -> 0 | ... AF33: =SUM(P102:P105) -> 204
B34: 13.00 - 13.15 | C34: 95 | D34: 33 | E34: 5 | F34: 12 | G34: 0 | H34: 0 | I34: 5 | J34: 0 | K34: 0 | L34: 0 | M34: 0 | N34: 0 | O34: =SUM(C34:L34,N34) -> 150 | P34: =SUM(C34:N34) -> 150 | R34: AM Peak Hr | S34: =MAX(S10:S12) -> 460 | T34: =MAX(T10:T12) -> 182 | U34: =MAX(U10:U12) -> 56 | V34: =MAX(V10:V12) -> 112 | W34: =MAX(W10:W12) -> 1 | X34: =MAX(X10:X12) -> 0 | Y34: =MAX(Y10:Y12) -> 21 | Z34: =MAX(Z10:Z12) -> 0 | ... AF34: =MAX(AF10:AF12) -> 832
B35: 13.15 - 13.30 | C35: 125 | D35: 30 | E35: 11 | F35: 5 | G35: 0 | H35: 0 | I35: 10 | J35: 0 | K35: 0 | L35: 0 | M35: 0 | N35: 0 | O35: =SUM(C35:L35,N35) -> 181 | P35: =SUM(C35:N35) -> 181 | R35: IP Peak Hr | S35: =MAX(S13:S18) -> 410 | T35: =MAX(T13:T18) -> 197 | U35: =MAX(U13:U18) -> 44 | V35: =MAX(V13:V18) -> 89 | W35: =MAX(W13:W18) -> 0 | X35: =MAX(X13:X18) -> 0 | Y35: =MAX(Y13:Y18) -> 23 | Z35: =MAX(Z13:Z18) -> 0 | ... AF35: =MAX(AF13:AF18) -> 736
B36: 13.30 - 13.45 | C36: 60 | D36: 26 | E36: 8 | F36: 13 | G36: 0 | H36: 0 | I36: 6 | J36: 0 | K36: 0 | L36: 0 | M36: 0 | N36: 0 | O36: =SUM(C36:L36,N36) -> 113 | P36: =SUM(C36:N36) -> 113 | R36: PM Peak Hr | S36: =MAX(S19:S21) -> 158 | T36: =MAX(T19:T21) -> 90 | U36: =MAX(U19:U21) -> 32 | V36: =MAX(V19:V21) -> 46 | W36: =MAX(W19:W21) -> 2 | X36: =MAX(X19:X21) -> 0 | Y36: =MAX(Y19:Y21) -> 14 | Z36: =MAX(Z19:Z21) -> 0 | ... AF36: =MAX(AF19:AF21) -> 329
B37: 13.45 - 14.00 | C37: 120 | D37: 40 | E37: 10 | F37: 6 | G37: 0 | H37: 0 | I37: 2 | J37: 0 | K37: 0 | L37: 0 | M37: 0 | N37: 0 | O37: =SUM(C37:L37,N37) -> 178 | P37: =SUM(C37:N37) -> 178 | R37: AM Period | S37: =SUM(S10:S12) -> 1085 | T37: =SUM(T10:T12) -> 375 | U37: =SUM(U10:U12) -> 143 | V37: =SUM(V10:V12) -> 293 | W37: =SUM(W10:W12) -> 1 | X37: =SUM(X10:X12) -> 0 | Y37: =SUM(Y10:Y12) -> 52 | Z37: =SUM(Z10:Z12) -> 0 | ... AF37: =SUM(AF10:AF12) -> 1949
B38: 14.00 - 14.15 | C38: 100 | D38: 11 | E38: 5 | F38: 10 | G38: 0 | H38: 0 | I38: 3 | J38: 0 | K38: 0 | L38: 0 | M38: 0 | N38: 0 | O38: =SUM(C38:L38,N38) -> 129 | P38: =SUM(C38:N38) -> 129 | R38: IP Period | S38: =SUM(S13:S18) -> 2184 | T38: =SUM(T13:T18) -> 966 | U38: =SUM(U13:U18) -> 203 | V38: =SUM(V13:V18) -> 334 | W38: =SUM(W13:W18) -> 0 | X38: =SUM(X13:X18) -> 0 | Y38: =SUM(Y13:Y18) -> 88 | Z38: =SUM(Z13:Z18) -> 0 | ... AF38: =SUM(AF13:AF18) -> 3775
B39: 14.15 - 14.30 | C39: 80 | D39: 25 | E39: 10 | F39: 20 | G39: 0 | H39: 0 | I39: 2 | J39: 0 | K39: 0 | L39: 0 | M39: 0 | N39: 0 | O39: =SUM(C39:L39,N39) -> 137 | P39: =SUM(C39:N39) -> 137 | R39: PM Period | S39: =SUM(S19:S21) -> 392 | T39: =SUM(T19:T21) -> 244 | U39: =SUM(U19:U21) -> 91 | V39: =SUM(V19:V21) -> 122 | W39: =SUM(W19:W21) -> 3 | X39: =SUM(X19:X21) -> 0 | Y39: =SUM(Y19:Y21) -> 35 | Z39: =SUM(Z19:Z21) -> 0 | ... AF39: =SUM(AF19:AF21) -> 887
B40: 14.30 - 14.45 | C40: 90 | D40: 45 | E40: 4 | F40: 6 | G40: 0 | H40: 0 | I40: 5 | J40: 0 | K40: 0 | L40: 0 | M40: 0 | N40: 0 | O40: =SUM(C40:L40,N40) -> 150 | P40: =SUM(C40:N40) -> 150 | R40: 12 Hours | S40: =SUM(S10:S21) -> 3661 | T40: =SUM(T10:T21) -> 1585 | U40: =SUM(U10:U21) -> 437 | V40: =SUM(V10:V21) -> 749 | W40: =SUM(W10:W21) -> 4 | X40: =SUM(X10:X21) -> 0 | Y40: =SUM(Y10:Y21) -> 175 | Z40: =SUM(Z10:Z21) -> 0 | ... AF40: =SUM(AF10:AF21) -> 6611
B41: 14.45 - 15.00 | C41: 80 | D41: 30 | E41: 5 | F41: 10 | G41: 0 | H41: 0 | I41: 0 | J41: 0 | K41: 0 | L41: 0 | M41: 0 | N41: 0 | O41: =SUM(C41:L41,N41) -> 125 | P41: =SUM(C41:N41) -> 125 | R41: 24 Hrs/ADT | S41: =SUM(S10:S33) -> 5137 | T41: =SUM(T10:T33) -> 2072 | U41: =SUM(U10:U33) -> 563 | V41: =SUM(V10:V33) -> 1043 | W41: =SUM(W10:W33) -> 5 | X41: =SUM(X10:X33) -> 1 | Y41: =SUM(Y10:Y33) -> 222 | Z41: =SUM(Z10:Z33) -> 13 | ... AF41: =SUM(AF10:AF33) -> 10784
B42: 15.00 - 15.15 | C42: 100 | D42: 20 | E42: 4 | F42: 10 | G42: 0 | H42: 0 | I42: 2 | J42: 0 | K42: 0 | L42: 0 | M42: 0 | N42: 0 | O42: =SUM(C42:L42,N42) -> 136 | P42: =SUM(C42:N42) -> 136 | R42: NEF | S42: =S41/S40 -> 1.4031685 | T42: =T41/T40 -> 1.3072555 | U42: =U41/U40 -> 1.2883295 | V42: =V41/V40 -> 1.3925234 | W42: =W41/W40 -> 1.25 | X42: =X41/X40 -> #DIV/0! | Y42: =Y41/Y40 -> 1.2685714 | Z42: =Z41/Z40 -> #DIV/0! | ... AF42: =AF41/AF40 -> 1.6312207
B43: 15.15 - 15.30 | C43: 70 | D43: 60 | E43: 10 | F43: 10 | G43: 0 | H43: 0 | I43: 2 | J43: 0 | K43: 0 | L43: 0 | M43: 0 | N43: 0 | O43: =SUM(C43:L43,N43) -> 152 | P43: =SUM(C43:N43) -> 152
B44: 15.30 - 15.45 | C44: 50 | D44: 36 | E44: 2 | F44: 13 | G44: 0 | H44: 0 | I44: 3 | J44: 0 | K44: 0 | L44: 0 | M44: 0 | N44: 0 | O44: =SUM(C44:L44,N44) -> 104 | P44: =SUM(C44:N44) -> 104
B45: 15.45 - 16.00 | C45: 46 | D45: 43 | E45: 5 | F45: 11 | G45: 0 | H45: 0 | I45: 0 | J45: 0 | K45: 0 | L45: 0 | M45: 0 | N45: 0 | O45: =SUM(C45:L45,N45) -> 105 | P45: =SUM(C45:N45) -> 105
B46: 16.00 - 16.15 | C46: 45 | D46: 20 | E46: 6 | F46: 15 | G46: 0 | H46: 0 | I46: 1 | J46: 0 | K46: 0 | L46: 0 | M46: 0 | N46: 0 | O46: =SUM(C46:L46,N46) -> 87 | P46: =SUM(C46:N46) -> 87
B47: 16.15 -16.30 | C47: 48 | D47: 21 | E47: 2 | F47: 7 | G47: 0 | H47: 0 | I47: 8 | J47: 0 | K47: 0 | L47: 0 | M47: 0 | N47: 0 | O47: =SUM(C47:L47,N47) -> 86 | P47: =SUM(C47:N47) -> 86
B48: 16.30 -16.45 | C48: 31 | D48: 17 | E48: 5 | F48: 7 | G48: 0 | H48: 0 | I48: 0 | J48: 0 | K48: 0 | L48: 0 | M48: 0 | N48: 0 | O48: =SUM(C48:L48,N48) -> 60 | P48: =SUM(C48:N48) -> 60
B49: 16.45 -17.00 | C49: 20 | D49: 17 | E49: 14 | F49: 7 | G49: 1 | H49: 0 | I49: 3 | J49: 0 | K49: 0 | L49: 0 | M49: 0 | N49: 0 | O49: =SUM(C49:L49,N49) -> 62 | P49: =SUM(C49:N49) -> 62
B50: 17.00 -17.15 | C50: 38 | D50: 31 | E50: 12 | F50: 15 | G50: 0 | H50: 0 | I50: 1 | J50: 0 | K50: 0 | L50: 0 | M50: 0 | N50: 0 | O50: =SUM(C50:L50,N50) -> 97 | P50: =SUM(C50:N50) -> 97
B51: 17.15 -17.30 | C51: 40 | D51: 15 | E51: 8 | F51: 7 | G51: 0 | H51: 0 | I51: 2 | J51: 0 | K51: 0 | L51: 0 | M51: 0 | N51: 0 | O51: =SUM(C51:L51,N51) -> 72 | P51: =SUM(C51:N51) -> 72
B52: 17.30 -17.45 | C52: 35 | D52: 13 | E52: 7 | F52: 12 | G52: 0 | H52: 0 | I52: 4 | J52: 0 | K52: 0 | L52: 0 | M52: 0 | N52: 0 | O52: =SUM(C52:L52,N52) -> 71 | P52: =SUM(C52:N52) -> 71
B53: 17.45 -18.00 | C53: 45 | D53: 20 | E53: 5 | F53: 12 | G53: 0 | H53: 0 | I53: 7 | J53: 0 | K53: 0 | L53: 0 | M53: 0 | N53: 0 | O53: =SUM(C53:L53,N53) -> 89 | P53: =SUM(C53:N53) -> 89
B54: 18.00 - 18.15 | C54: 35 | D54: 18 | E54: 6 | F54: 7 | G54: 0 | H54: 0 | I54: 2 | J54: 0 | K54: 0 | L54: 0 | M54: 0 | N54: 0 | O54: =SUM(C54:L54,N54) -> 68 | P54: =SUM(C54:N54) -> 68
... B105: 06.45 - 07.00 | C105: 20 | D105: 0 | E105: 4 | F105: 10 | G105: 0 | H105: 0 | I105: 1 | J105: 0 | K105: 0 | L105: 0 | M105: 50 | N105: 0 | O105: =SUM(C105:L105,N105) -> 35 | P105: =SUM(C105:N105) -> 85
B106: Totals | C106: =SUM(C10:C105) -> 5137 | D106: =SUM(D10:D105) -> 2072 | E106: =SUM(E10:E105) -> 563 | F106: =SUM(F10:F105) -> 1043 | G106: =SUM(G10:G105) -> 5 | H106: =SUM(H10:H105) -> 1 | I106: =SUM(I10:I105) -> 222 | J106: =SUM(J10:J105) -> 13 | ... P106: =SUM(P10:P105) -> 10784
B107: %ges + MCs | C107: =C106/$P$106 -> 0.47635386 | D107: =D106/$P$106 -> 0.1921365 | E107: =E106/$P$106 -> 0.052206973 | F107: =F106/$P$106 -> 0.096717359 | G107: =G106/$P$106 -> 0.00046364985 | H107: =H106/$P$106 -> 9.272997e-05 | I107: =I106/$P$106 -> 0.020586053 | J107: =J106/$P$106 -> 0.0012054896 | ... N107: =N106/$P$106 -> 0
B108: %ges w/o MCs | C108: =C106/$O$106 -> 0.56668505 | D108: =D106/$O$106 -> 0.22857143 | E108: =E106/$O$106 -> 0.062107005 | F108: =F106/$O$106 -> 0.11505792 | G108: =G106/$O$106 -> 0.00055157198 | H108: =H106/$O$106 -> 0.0001103144 | I108: =I106/$O$106 -> 0.024489796 | J108: =J106/$O$106 -> 0.0014340871 | ... L108: =L106/$O$106 -> 0 | N108: =N106/$O$106 -> 0

Sheet 03.08 Kisaasi-Kyanja-24h
B1: Consultancy services for Preparation of Expressway Development Master Plan (EDMP) for Uganda
B2: MANUAL CLASSIFIED COUNT (MCC)
B3: ROAD NAME: | C3: ='29.07 Kyanja -Kisaasi'!C3:G3 -> MCC - C1 - STN34- KISAASI-KYANJA ROAD
C5: Date | D5: ='03.08 Kyanja-Kisaasi-24h'!D5 -> 03.08.19 | F5: Location | G5: ='03.08 Kyanja-Kisaasi-24h'!G5:H5 -> Malcom Health center | J5: Surveyor | K5: Babirye & Kayondo
C6: Dir. From | D6: Kisaasi | F6: Dir. To | G6: Kyanja | J6: Supervisor | K6: ='03.08 Kyanja-Kisaasi-24h'!K6:L6 -> Denis
B8: Time / Veh Type | R8: SUMMARY TRAFFIC VOLUMES
C9: 1. Car | D9: 2. Station Wagon | E9: 3. Pickups | F9: 4. Minibus, matatu | G9: 5. Medium bus | H9: 6. Large Bus | I9: 7. Light Truck | J9: 8. Medium Truck | K9: 9. Heavy truck | L9: 10. Truck Trailer | M9: 11. Motor cycles | N9: 12. Tractors | O9: Total Excl M/Cycles | P9: Total All | R9: Time | S9: 1. Car | T9: 2. Station Wagon | U9: 3. Pickups | V9: 4. Minibus, matatu | W9: 5. Medium bus | X9: 6. Large Bus | Y9: 7. Light Truck | Z9: 8. Medium Truck | AA9: 9. Heavy truck | AB9: 10. Truck Trailer | AC9: 11. Motorcycles | AD9: 12. Tractors, Graders | AE9: Total Excl M/ Cycles | AF9: Total All
B10: 07.00 - 07.15 | C10: 30 | D10: 12 | E10: 6 | F10: 14 | G10: 1 | H10: 0 | I10: 6 | J10: 1 | K10: 5 | L10: 0 | M10: 57 | N10: 0 | O10: =SUM(C10:L10,N10) -> 75 | P10: =SUM(C10:N10) -> 132 | R10: 0700-0800 | S10: =SUM(C10:C13) -> 95 | T10: =SUM(D10:D13) -> 38 | U10: =SUM(E10:E13) -> 25 | V10: =SUM(F10:F13) -> 66 | W10: =SUM(G10:G13) -> 5 | X10: =SUM(H10:H13) -> 0 | Y10: =SUM(I10:I13) -> 13 | Z10: =SUM(J10:J13) -> 2 | ... AF10: =SUM(P10:P13) -> 476
B11: 07.15 - 07.30 | C11: 11 | D11: 10 | E11: 3 | F11: 12 | G11: 2 | H11: 0 | I11: 3 | J11: 0 | K11: 3 | L11: 0 | M11: 44 | N11: 0 | O11: =SUM(C11:L11,N11) -> 44 | P11: =SUM(C11:N11) -> 88 | R11: 0800-0900 | S11: =SUM(C14:C17) -> 101 | T11: =SUM(D14:D17) -> 55 | U11: =SUM(E14:E17) -> 15 | V11: =SUM(F14:F17) -> 73 | W11: =SUM(G14:G17) -> 0 | X11: =SUM(H14:H17) -> 0 | Y11: =SUM(I14:I17) -> 7 | Z11: =SUM(J14:J17) -> 5 | ... AF11: =SUM(P14:P17) -> 589
B12: 07.30 - 07.45 | C12: 30 | D12: 7 | E12: 10 | F12: 20 | G12: 0 | H12: 0 | I12: 3 | J12: 1 | K12: 4 | L12: 0 | M12: 54 | N12: 0 | O12: =SUM(C12:L12,N12) -> 75 | P12: =SUM(C12:N12) -> 129 | R12: 0900-1000 | S12: =SUM(C18:C21) -> 134 | T12: =SUM(D18:D21) -> 47 | U12: =SUM(E18:E21) -> 31 | V12: =SUM(F18:F21) -> 94 | W12: =SUM(G18:G21) -> 0 | X12: =SUM(H18:H21) -> 0 | Y12: =SUM(I18:I21) -> 9 | Z12: =SUM(J18:J21) -> 8 | ... AF12: =SUM(P18:P21) -> 740
B13: 07.45 - 08.00 | C13: 24 | D13: 9 | E13: 6 | F13: 20 | G13: 2 | H13: 0 | I13: 1 | J13: 0 | K13: 5 | L13: 0 | M13: 60 | N13: 0 | O13: =SUM(C13:L13,N13) -> 67 | P13: =SUM(C13:N13) -> 127 | R13: 1000-1100 | S13: =SUM(C22:C25) -> 198 | T13: =SUM(D22:D25) -> 51 | U13: =SUM(E22:E25) -> 16 | V13: =SUM(F22:F25) -> 95 | W13: =SUM(G22:G25) -> 0 | X13: =SUM(H22:H25) -> 0 | Y13: =SUM(I22:I25) -> 18 | Z13: =SUM(J22:J25) -> 7 | ... AF13: =SUM(P22:P25) -> 927
B14: 08.00 - 08.15 | C14: 23 | D14: 15 | E14: 2 | F14: 16 | G14: 0 | H14: 0 | I14: 0 | J14: 0 | K14: 0 | L14: 0 | M14: 63 | N14: 0 | O14: =SUM(C14:L14,N14) -> 56 | P14: =SUM(C14:N14) -> 119 | R14: 1100-1200 | S14: =SUM(C26:C29) -> 179 | T14: =SUM(D26:D29) -> 94 | U14: =SUM(E26:E29) -> 25 | V14: =SUM(F26:F29) -> 58 | W14: =SUM(G26:G29) -> 1 | X14: =SUM(H26:H29) -> 0 | Y14: =SUM(I26:I29) -> 15 | Z14: =SUM(J26:J29) -> 2 | ... AF14: =SUM(P26:P29) -> 798
B15: 08.15 - 08.30 | C15: 12 | D15: 11 | E15: 6 | F15: 15 | G15: 0 | H15: 0 | I15: 1 | J15: 3 | K15: 3 | L15: 0 | M15: 78 | N15: 0 | O15: =SUM(C15:L15,N15) -> 51 | P15: =SUM(C15:N15) -> 129 | R15: 1200-1300 | S15: =SUM(C30:C33) -> 202 | T15: =SUM(D30:D33) -> 82 | U15: =SUM(E30:E33) -> 28 | V15: =SUM(F30:F33) -> 53 | W15: =SUM(G30:G33) -> 1 | X15: =SUM(H30:H33) -> 0 | Y15: =SUM(I30:I33) -> 12 | Z15: =SUM(J30:J33) -> 5 | ... AF15: =SUM(P30:P33) -> 739
B16: 08.30 - 08.45 | C16: 26 | D16: 13 | E16: 2 | F16: 19 | G16: 0 | H16: 0 | I16: 4 | J16: 1 | K16: 1 | L16: 0 | M16: 92 | N16: 0 | O16: =SUM(C16:L16,N16) -> 66 | P16: =SUM(C16:N16) -> 158 | R16: 1300-1400 | S16: =SUM(C34:C37) -> 308 | T16: =SUM(D34:D37) -> 57 | U16: =SUM(E34:E37) -> 23 | V16: =SUM(F34:F37) -> 56 | W16: =SUM(G34:G37) -> 0 | X16: =SUM(H34:H37) -> 0 | Y16: =SUM(I34:I37) -> 16 | Z16: =SUM(J34:J37) -> 6 | ... AF16: =SUM(P34:P37) -> 818
B17: 08.45 - 9.00 | C17: 40 | D17: 16 | E17: 5 | F17: 23 | G17: 0 | H17: 0 | I17: 2 | J17: 1 | K17: 1 | L17: 0 | M17: 95 | N17: 0 | O17: =SUM(C17:L17,N17) -> 88 | P17: =SUM(C17:N17) -> 183 | R17: 1400-1500 | S17: =SUM(C38:C41) -> 265 | T17: =SUM(D38:D41) -> 108 | U17: =SUM(E38:E41) -> 22 | V17: =SUM(F38:F41) -> 80 | W17: =SUM(G38:G41) -> 0 | X17: =SUM(H38:H41) -> 0 | Y17: =SUM(I38:I41) -> 11 | Z17: =SUM(J38:J41) -> 6 | ... AF17: =SUM(P38:P41) -> 740
B18: 09.00 - 09.15 | C18: 26 | D18: 17 | E18: 4 | F18: 23 | G18: 0 | H18: 0 | I18: 2 | J18: 2 | K18: 5 | L18: 0 | M18: 82 | N18: 0 | O18: =SUM(C18:L18,N18) -> 79 | P18: =SUM(C18:N18) -> 161 | R18: 1500-1600 | S18: =SUM(C42:C45) -> 176 | T18: =SUM(D42:D45) -> 109 | U18: =SUM(E42:E45) -> 39 | V18: =SUM(F42:F45) -> 63 | W18: =SUM(G42:G45) -> 0 | X18: =SUM(H42:H45) -> 0 | Y18: =SUM(I42:I45) -> 28 | Z18: =SUM(J42:J45) -> 9 | ... AF18: =SUM(P42:P45) -> 739
B19: 09.15 - 09.30 | C19: 34 | D19: 13 | E19: 9 | F19: 29 | G19: 0 | H19: 0 | I19: 4 | J19: 2 | K19: 3 | L19: 0 | M19: 92 | N19: 0 | O19: =SUM(C19:L19,N19) -> 94 | P19: =SUM(C19:N19) -> 186 | R19: 1600-1700 | S19: =SUM(C46:C49) -> 208 | T19: =SUM(D46:D49) -> 90 | U19: =SUM(E46:E49) -> 20 | V19: =SUM(F46:F49) -> 82 | W19: =SUM(G46:G49) -> 0 | X19: =SUM(H46:H49) -> 0 | Y19: =SUM(I46:I49) -> 15 | Z19: =SUM(J46:J49) -> 8 | ... AF19: =SUM(P46:P49) -> 784
B20: 09.30 - 09.45 | C20: 48 | D20: 11 | E20: 7 | F20: 26 | G20: 0 | H20: 0 | I20: 1 | J20: 1 | K20: 6 | L20: 0 | M20: 105 | N20: 0 | O20: =SUM(C20:L20,N20) -> 100 | P20: =SUM(C20:N20) -> 205 | R20: 1700-1800 | S20: =SUM(C50:C53) -> 215 | T20: =SUM(D50:D53) -> 69 | U20: =SUM(E50:E53) -> 25 | V20: =SUM(F50:F53) -> 65 | W20: =SUM(G50:G53) -> 0 | X20: =SUM(H50:H53) -> 0 | Y20: =SUM(I50:I53) -> 22 | Z20: =SUM(J50:J53) -> 11 | ... AF20: =SUM(P50:P53) -> 808
B21: 09.45 - 10.00 | C21: 26 | D21: 6 | E21: 11 | F21: 16 | G21: 0 | H21: 0 | I21: 2 | J21: 3 | K21: 4 | L21: 0 | M21: 120 | N21: 0 | O21: =SUM(C21:L21,N21) -> 68 | P21: =SUM(C21:N21) -> 188 | R21: 1800-1900 | S21: =SUM(C54:C57) -> 181 | T21: =SUM(D54:D57) -> 76 | U21: =SUM(E54:E57) -> 18 | V21: =SUM(F54:F57) -> 67 | W21: =SUM(G54:G57) -> 0 | X21: =SUM(H54:H57) -> 1 | Y21: =SUM(I54:I57) -> 12 | Z21: =SUM(J54:J57) -> 6 | ... AF21: =SUM(P54:P57) -> 712
B22: 10.00 - 10.15 | C22: 41 | D22: 12 | E22: 2 | F22: 30 | G22: 0 | H22: 0 | I22: 6 | J22: 2 | K22: 1 | L22: 0 | M22: 115 | N22: 0 | O22: =SUM(C22:L22,N22) -> 94 | P22: =SUM(C22:N22) -> 209 | R22: 1900-2000 | S22: =SUM(C58:C61) -> 243 | T22: =SUM(D58:D61) -> 178 | U22: =SUM(E58:E61) -> 16 | V22: =SUM(F58:F61) -> 85 | W22: =SUM(G58:G61) -> 0 | X22: =SUM(H58:H61) -> 0 | Y22: =SUM(I58:I61) -> 11 | Z22: =SUM(J58:J61) -> 1 | ... AF22: =SUM(P58:P61) -> 813
B23: 10.15 - 10.30 | C23: 45 | D23: 15 | E23: 3 | F23: 25 | G23: 0 | H23: 0 | I23: 7 | J23: 1 | K23: 1 | L23: 0 | M23: 170 | N23: 0 | O23: =SUM(C23:L23,N23) -> 97 | P23: =SUM(C23:N23) -> 267 | R23: 2000-2100 | S23: =SUM(C62:C65) -> 247 | T23: =SUM(D62:D65) -> 87 | U23: =SUM(E62:E65) -> 11 | V23: =SUM(F62:F65) -> 67 | W23: =SUM(G62:G65) -> 0 | X23: =SUM(H62:H65) -> 0 | Y23: =SUM(I62:I65) -> 13 | Z23: =SUM(J62:J65) -> 4 | ... AF23: =SUM(P62:P65) -> 833
B24: 10.30 - 10.45 | C24: 50 | D24: 10 | E24: 5 | F24: 25 | G24: 0 | H24: 0 | I24: 3 | J24: 4 | K24: 0 | L24: 0 | M24: 110 | N24: 0 | O24: =SUM(C24:L24,N24) -> 97 | P24: =SUM(C24:N24) -> 207 | R24: 2100-2200 | S24: =SUM(C66:C69) -> 221 | T24: =SUM(D66:D69) -> 110 | U24: =SUM(E66:E69) -> 21 | V24: =SUM(F66:F69) -> 80 | W24: =SUM(G66:G69) -> 0 | X24: =SUM(H66:H69) -> 0 | Y24: =SUM(I66:I69) -> 11 | Z24: =SUM(J66:J69) -> 4 | ... AF24: =SUM(P66:P69) -> 842
B25: 10.45 - 11.00 | C25: 62 | D25: 14 | E25: 6 | F25: 15 | G25: 0 | H25: 0 | I25: 2 | J25: 0 | K25: 0 | L25: 0 | M25: 145 | N25: 0 | O25: =SUM(C25:L25,N25) -> 99 | P25: =SUM(C25:N25) -> 244 | R25: 2200-2300 | S25: =SUM(C70:C73) -> 212 | T25: =SUM(D70:D73) -> 168 | U25: =SUM(E70:E73) -> 17 | V25: =SUM(F70:F73) -> 71 | W25: =SUM(G70:G73) -> 1 | X25: =SUM(H70:H73) -> 0 | Y25: =SUM(I70:I73) -> 23 | Z25: =SUM(J70:J73) -> 3 | ... AF25: =SUM(P70:P73) -> 740
B26: 11.00 - 11.15 | C26: 45 | D26: 31 | E26: 5 | F26: 15 | G26: 0 | H26: 0 | I26: 5 | J26: 0 | K26: 3 | L26: 0 | M26: 120 | N26: 0 | O26: =SUM(C26:L26,N26) -> 104 | P26: =SUM(C26:N26) -> 224 | R26: 2300-0000 | S26: =SUM(C74:C77) -> 156 | T26: =SUM(D74:D77) -> 96 | U26: =SUM(E74:E77) -> 21 | V26: =SUM(F74:F77) -> 34 | W26: =SUM(G74:G77) -> 0 | X26: =SUM(H74:H77) -> 0 | Y26: =SUM(I74:I77) -> 6 | Z26: =SUM(J74:J77) -> 0 | ... AF26: =SUM(P74:P77) -> 500
B27: 11.15 - 11.30 | C27: 41 | D27: 23 | E27: 8 | F27: 14 | G27: 1 | H27: 0 | I27: 4 | J27: 1 | K27: 6 | L27: 0 | M27: 100 | N27: 0 | O27: =SUM(C27:L27,N27) -> 98 | P27: =SUM(C27:N27) -> 198 | R27: 0000-0100 | S27: =SUM(C78:C81) -> 134 | T27: =SUM(D78:D81) -> 54 | U27: =SUM(E78:E81) -> 8 | V27: =SUM(F78:F81) -> 33 | W27: =SUM(G78:G81) -> 0 | X27: =SUM(H78:H81) -> 0 | Y27: =SUM(I78:I81) -> 6 | Z27: =SUM(J78:J81) -> 1 | ... AF27: =SUM(P78:P81) -> 366
B28: 11.30 - 11.45 | C28: 45 | D28: 20 | E28: 8 | F28: 15 | G28: 0 | H28: 0 | I28: 2 | J28: 1 | K28: 4 | L28: 0 | M28: 90 | N28: 0 | O28: =SUM(C28:L28,N28) -> 95 | P28: =SUM(C28:N28) -> 185 | R28: 0100-0200 | S28: =SUM(C82:C85) -> 92 | T28: =SUM(D82:D85) -> 22 | U28: =SUM(E82:E85) -> 1 | V28: =SUM(F82:F85) -> 7 | W28: =SUM(G82:G85) -> 0 | X28: =SUM(H82:H85) -> 0 | Y28: =SUM(I82:I85) -> 2 | Z28: =SUM(J82:J85) -> 0 | ... AF28: =SUM(P82:P85) -> 236
B29: 11.45 - 12.00 | C29: 48 | D29: 20 | E29: 4 | F29: 14 | G29: 0 | H29: 0 | I29: 4 | J29: 0 | K29: 1 | L29: 0 | M29: 100 | N29: 0 | O29: =SUM(C29:L29,N29) -> 91 | P29: =SUM(C29:N29) -> 191 | R29: 0200-0300 | S29: =SUM(C86:C89) -> 53 | T29: =SUM(D86:D89) -> 10 | U29: =SUM(E86:E89) -> 5 | V29: =SUM(F86:F89) -> 0 | W29: =SUM(G86:G89) -> 0 | X29: =SUM(H86:H89) -> 0 | Y29: =SUM(I86:I89) -> 4 | Z29: =SUM(J86:J89) -> 4 | ... AF29: =SUM(P86:P89) -> 163
B30: 12.00 - 12.15 | C30: 58 | D30: 22 | E30: 4 | F30: 14 | G30: 0 | H30: 0 | I30: 4 | J30: 1 | K30: 3 | L30: 0 | M30: 100 | N30: 0 | O30: =SUM(C30:L30,N30) -> 106 | P30: =SUM(C30:N30) -> 206 | R30: 0300-0400 | S30: =SUM(C90:C93) -> 35 | T30: =SUM(D90:D93) -> 2 | U30: =SUM(E90:E93) -> 5 | V30: =SUM(F90:F93) -> 0 | W30: =SUM(G90:G93) -> 1 | X30: =SUM(H90:H93) -> 0 | Y30: =SUM(I90:I93) -> 3 | Z30: =SUM(J90:J93) -> 1 | ... AF30: =SUM(P90:P93) -> 108
B31: 12.15 - 12.30 | C31: 36 | D31: 20 | E31: 8 | F31: 12 | G31: 0 | H31: 0 | I31: 5 | J31: 0 | K31: 0 | L31: 0 | M31: 80 | N31: 0 | O31: =SUM(C31:L31,N31) -> 81 | P31: =SUM(C31:N31) -> 161 | R31: 0400-0500 | S31: =SUM(C94:C97) -> 27 | T31: =SUM(D94:D97) -> 1 | U31: =SUM(E94:E97) -> 6 | V31: =SUM(F94:F97) -> 0 | W31: =SUM(G94:G97) -> 0 | X31: =SUM(H94:H97) -> 0 | Y31: =SUM(I94:I97) -> 1 | Z31: =SUM(J94:J97) -> 5 | ... AF31: =SUM(P94:P97) -> 106
B32: 12.30 - 12.45 | C32: 53 | D32: 23 | E32: 6 | F32: 12 | G32: 1 | H32: 0 | I32: 2 | J32: 2 | K32: 1 | L32: 0 | M32: 80 | N32: 0 | O32: =SUM(C32:L32,N32) -> 100 | P32: =SUM(C32:N32) -> 180 | R32: 0500-0600 | S32: =SUM(C98:C101) -> 38 | T32: =SUM(D98:D101) -> 4 | U32: =SUM(E98:E101) -> 8 | V32: =SUM(F98:F101) -> 5 | W32: =SUM(G98:G101) -> 1 | X32: =SUM(H98:H101) -> 0 | Y32: =SUM(I98:I101) -> 3 | Z32: =SUM(J98:J101) -> 2 | ... AF32: =SUM(P98:P101) -> 155
B33: 12.45 - 13.00 | C33: 55 | D33: 17 | E33: 10 | F33: 15 | G33: 0 | H33: 0 | I33: 1 | J33: 2 | K33: 2 | L33: 0 | M33: 90 | N33: 0 | O33: =SUM(C33:L33,N33) -> 102 | P33: =SUM(C33:N33) -> 192 | R33: 0600-0700 | S33: =SUM(C102:C105) -> 31 | T33: =SUM(D102:D105) -> 7 | U33: =SUM(E102:E105) -> 2 | V33: =SUM(F102:F105) -> 12 | W33: =SUM(G102:G105) -> 0 | X33: =SUM(H102:H105) -> 0 | Y33: =SUM(I102:I105) -> 3 | Z33: =SUM(J102:J105) -> 0 | ... AF33: =SUM(P102:P105) -> 106
B34: 13.00 - 13.15 | C34: 43 | D34: 16 | E34: 7 | F34: 21 | G34: 0 | H34: 0 | I34: 4 | J34: 2 | K34: 2 | L34: 0 | M34: 100 | N34: 0 | O34: =SUM(C34:L34,N34) -> 95 | P34: =SUM(C34:N34) -> 195 | R34: AM Peak Hr | S34: =MAX(S10:S12) -> 134 | T34: =MAX(T10:T12) -> 55 | U34: =MAX(U10:U12) -> 31 | V34: =MAX(V10:V12) -> 94 | W34: =MAX(W10:W12) -> 5 | X34: =MAX(X10:X12) -> 0 | Y34: =MAX(Y10:Y12) -> 13 | Z34: =MAX(Z10:Z12) -> 8 | ... AF34: =MAX(AF10:AF12) -> 740
B35: 13.15 - 13.30 | C35: 55 | D35: 18 | E35: 4 | F35: 18 | G35: 0 | H35: 0 | I35: 2 | J35: 3 | K35: 0 | L35: 0 | M35: 90 | N35: 0 | O35: =SUM(C35:L35,N35) -> 100 | P35: =SUM(C35:N35) -> 190 | R35: IP Peak Hr | S35: =MAX(S13:S18) -> 308 | T35: =MAX(T13:T18) -> 109 | U35: =MAX(U13:U18) -> 39 | V35: =MAX(V13:V18) -> 95 | W35: =MAX(W13:W18) -> 1 | X35: =MAX(X13:X18) -> 0 | Y35: =MAX(Y13:Y18) -> 28 | Z35: =MAX(Z13:Z18) -> 9 | ... AF35: =MAX(AF13:AF18) -> 927
B36: 13.30 - 13.45 | C36: 100 | D36: 8 | E36: 1 | F36: 10 | G36: 0 | H36: 0 | I36: 6 | J36: 1 | K36: 0 | L36: 0 | M36: 85 | N36: 0 | O36: =SUM(C36:L36,N36) -> 126 | P36: =SUM(C36:N36) -> 211 | R36: PM Peak Hr | S36: =MAX(S19:S21) -> 215 | T36: =MAX(T19:T21) -> 90 | U36: =MAX(U19:U21) -> 25 | V36: =MAX(V19:V21) -> 82 | W36: =MAX(W19:W21) -> 0 | X36: =MAX(X19:X21) -> 1 | Y36: =MAX(Y19:Y21) -> 22 | Z36: =MAX(Z19:Z21) -> 11 | ... AF36: =MAX(AF19:AF21) -> 808
B37: 13.45 - 14.00 | C37: 110 | D37: 15 | E37: 11 | F37: 7 | G37: 0 | H37: 0 | I37: 4 | J37: 0 | K37: 0 | L37: 0 | M37: 75 | N37: 0 | O37: =SUM(C37:L37,N37) -> 147 | P37: =SUM(C37:N37) -> 222 | R37: AM Period | S37: =SUM(S10:S12) -> 330 | T37: =SUM(T10:T12) -> 140 | U37: =SUM(U10:U12) -> 71 | V37: =SUM(V10:V12) -> 233 | W37: =SUM(W10:W12) -> 5 | X37: =SUM(X10:X12) -> 0 | Y37: =SUM(Y10:Y12) -> 29 | Z37: =SUM(Z10:Z12) -> 15 | ... AF37: =SUM(AF10:AF12) -> 1805
B38: 14.00 - 14.15 | C38: 70 | D38: 17 | E38: 6 | F38: 12 | G38: 0 | H38: 0 | I38: 4 | J38: 1 | K38: 2 | L38: 1 | M38: 30 | N38: 0 | O38: =SUM(C38:L38,N38) -> 113 | P38: =SUM(C38:N38) -> 143 | R38: IP Period | S38: =SUM(S13:S18) -> 1328 | T38: =SUM(T13:T18) -> 501 | U38: =SUM(U13:U18) -> 153 | V38: =SUM(V13:V18) -> 405 | W38: =SUM(W13:W18) -> 2 | X38: =SUM(X13:X18) -> 0 | Y38: =SUM(Y13:Y18) -> 100 | Z38: =SUM(Z13:Z18) -> 35 | ... AF38: =SUM(AF13:AF18) -> 4761
B39: 14.15 - 14.30 | C39: 30 | D39: 21 | E39: 7 | F39: 12 | G39: 0 | H39: 0 | I39: 1 | J39: 0 | K39: 0 | L39: 0 | M39: 55 | N39: 0 | O39: =SUM(C39:L39,N39) -> 71 | P39: =SUM(C39:N39) -> 126 | R39: PM Period | S39: =SUM(S19:S21) -> 604 | T39: =SUM(T19:T21) -> 235 | U39: =SUM(U19:U21) -> 63 | V39: =SUM(V19:V21) -> 214 | W39: =SUM(W19:W21) -> 0 | X39: =SUM(X19:X21) -> 1 | Y39: =SUM(Y19:Y21) -> 49 | Z39: =SUM(Z19:Z21) -> 25 | ... AF39: =SUM(AF19:AF21) -> 2304
B40: 14.30 - 14.45 | C40: 75 | D40: 40 | E40: 5 | F40: 26 | G40: 0 | H40: 0 | I40: 4 | J40: 1 | K40: 0 | L40: 0 | M40: 60 | N40: 0 | O40: =SUM(C40:L40,N40) -> 151 | P40: =SUM(C40:N40) -> 211 | R40: 12 Hours | S40: =SUM(S10:S21) -> 2262 | T40: =SUM(T10:T21) -> 876 | U40: =SUM(U10:U21) -> 287 | V40: =SUM(V10:V21) -> 852 | W40: =SUM(W10:W21) -> 7 | X40: =SUM(X10:X21) -> 1 | Y40: =SUM(Y10:Y21) -> 178 | Z40: =SUM(Z10:Z21) -> 75 | ... AF40: =SUM(AF10:AF21) -> 8870
B41: 14.45 - 15.00 | C41: 90 | D41: 30 | E41: 4 | F41: 30 | G41: 0 | H41: 0 | I41: 2 | J41: 4 | K41: 0 | L41: 0 | M41: 100 | N41: 0 | O41: =SUM(C41:L41,N41) -> 160 | P41: =SUM(C41:N41) -> 260 | R41: 24 Hrs/ADT | S41: =SUM(S10:S33) -> 3751 | T41: =SUM(T10:T33) -> 1615 | U41: =SUM(U10:U33) -> 408 | V41: =SUM(V10:V33) -> 1246 | W41: =SUM(W10:W33) -> 10 | X41: =SUM(X10:X33) -> 1 | Y41: =SUM(Y10:Y33) -> 264 | Z41: =SUM(Z10:Z33) -> 100 | ... AF41: =SUM(AF10:AF33) -> 13838
B42: 15.00 - 15.15 | C42: 68 | D42: 38 | E42: 13 | F42: 24 | G42: 0 | H42: 0 | I42: 11 | J42: 3 | K42: 2 | L42: 0 | M42: 80 | N42: 0 | O42: =SUM(C42:L42,N42) -> 159 | P42: =SUM(C42:N42) -> 239 | R42: NEF | S42: =S41/S40 -> 1.658267 | T42: =T41/T40 -> 1.8436073 | U42: =U41/U40 -> 1.4216028 | V42: =V41/V40 -> 1.4624413 | W42: =W41/W40 -> 1.4285714 | X42: =X41/X40 -> 1 | Y42: =Y41/Y40 -> 1.4831461 | Z42: =Z41/Z40 -> 1.3333333 | ... AF42: =AF41/AF40 -> 1.5600902
B43: 15.15 - 15.30 | C43: 35 | D43: 30 | E43: 6 | F43: 10 | G43: 0 | H43: 0 | I43: 3 | J43: 3 | K43: 0 | L43: 0 | M43: 61 | N43: 0 | O43: =SUM(C43:L43,N43) -> 87 | P43: =SUM(C43:N43) -> 148
B44: 15.30 - 15.45 | C44: 50 | D44: 30 | E44: 10 | F44: 16 | G44: 0 | H44: 0 | I44: 8 | J44: 2 | K44: 2 | L44: 0 | M44: 110 | N44: 0 | O44: =SUM(C44:L44,N44) -> 118 | P44: =SUM(C44:N44) -> 228
B45: 15.45 - 16.00 | C45: 23 | D45: 11 | E45: 10 | F45: 13 | G45: 0 | H45: 0 | I45: 6 | J45: 1 | K45: 0 | L45: 0 | M45: 60 | N45: 0 | O45: =SUM(C45:L45,N45) -> 64 | P45: =SUM(C45:N45) -> 124
B46: 16.00 - 16.15 | C46: 33 | D46: 30 | E46: 7 | F46: 20 | G46: 0 | H46: 0 | I46: 1 | J46: 2 | K46: 1 | L46: 0 | M46: 60 | N46: 0 | O46: =SUM(C46:L46,N46) -> 94 | P46: =SUM(C46:N46) -> 154
B47: 16.15 -16.30 | C47: 60 | D47: 20 | E47: 8 | F47: 22 | G47: 0 | H47: 0 | I47: 8 | J47: 4 | K47: 1 | L47: 0 | M47: 100 | N47: 0 | O47: =SUM(C47:L47,N47) -> 123 | P47: =SUM(C47:N47) -> 223
B48: 16.30 -16.45 | C48: 70 | D48: 15 | E48: 3 | F48: 31 | G48: 0 | H48: 0 | I48: 1 | J48: 0 | K48: 0 | L48: 0 | M48: 100 | N48: 0 | O48: =SUM(C48:L48,N48) -> 120 | P48: =SUM(C48:N48) -> 220
B49: 16.45 -17.00 | C49: 45 | D49: 25 | E49: 2 | F49: 9 | G49: 0 | H49: 0 | I49: 5 | J49: 2 | K49: 1 | L49: 0 | M49: 98 | N49: 0 | O49: =SUM(C49:L49,N49) -> 89 | P49: =SUM(C49:N49) -> 187
B50: 17.00 -17.15 | C50: 45 | D50: 14 | E50: 7 | F50: 13 | G50: 0 | H50: 0 | I50: 9 | J50: 2 | K50: 0 | L50: 0 | M50: 60 | N50: 0 | O50: =SUM(C50:L50,N50) -> 90 | P50: =SUM(C50:N50) -> 150
B51: 17.15 -17.30 | C51: 60 | D51: 19 | E51: 3 | F51: 14 | G51: 0 | H51: 0 | I51: 5 | J51: 2 | K51: 0 | L51: 0 | M51: 80 | N51: 0 | O51: =SUM(C51:L51,N51) -> 103 | P51: =SUM(C51:N51) -> 183
B52: 17.30 -17.45 | C52: 60 | D52: 21 | E52: 4 | F52: 19 | G52: 0 | H52: 0 | I52: 4 | J52: 2 | K52: 0 | L52: 0 | M52: 95 | N52: 0 | O52: =SUM(C52:L52,N52) -> 110 | P52: =SUM(C52:N52) -> 205
B53: 17.45 -18.00 | C53: 50 | D53: 15 | E53: 11 | F53: 19 | G53: 0 | H53: 0 | I53: 4 | J53: 5 | K53: 0 | L53: 1 | M53: 165 | N53: 0 | O53: =SUM(C53:L53,N53) -> 105 | P53: =SUM(C53:N53) -> 270
B54: 18.00 - 18.15 | C54: 60 | D54: 22 | E54: 8 | F54: 20 | G54: 0 | H54: 0 | I54: 5 | J54: 3 | K54: 0 | L54: 0 | M54: 90 | N54: 0 | O54: =SUM(C54:L54,N54) -> 118 | P54: =SUM(C54:N54) -> 208
... B105: 06.45 - 07.00 | C105: 7 | D105: 2 | E105: 0 | F105: 4 | G105: 0 | H105: 0 | I105: 1 | J105: 0 | K105: 0 | L105: 0 | M105: 9 | N105: 0 | O105: =SUM(C105:L105,N105) -> 14 | P105: =SUM(C105:N105) -> 23
B106: Totals | D106: =SUM(D10:D105) -> 1615 | E106: =SUM(E10:E105) -> 408 | F106: =SUM(F10:F105) -> 1246 | G106: =SUM(G10:G105) -> 10 | H106: =SUM(H10:H105) -> 1 | I106: =SUM(I10:I105) -> 264 | J106: =SUM(J10:J105) -> 100 | K106: =SUM(K10:K105) -> 89 | ... P106: =SUM(P10:P105) -> 13838
B107: %ges + MCs | C107: =C106/$P$106 -> #VALUE! | D107: =D106/$P$106 -> 0.11670762 | E107: =E106/$P$106 -> 0.029484029 | F107: =F106/$P$106 -> 0.090041914 | G107: =G106/$P$106 -> 0.00072264778 | H107: =H106/$P$106 -> 7.2264778e-05 | I107: =I106/$P$106 -> 0.019077901 | J107: =J106/$P$106 -> 0.0072264778 | ... N107: =N106/$P$106 -> 7.2264778e-05
B108: %ges w/o MCs | C108: =C106/$O$106 -> #VALUE! | D108: =D106/$O$106 -> 0.21521855 | E108: =E106/$O$106 -> 0.054371002 | F108: =F106/$O$106 -> 0.16604478 | G108: =G106/$O$106 -> 0.0013326226 | H108: =H106/$O$106 -> 0.00013326226 | I108: =I106/$O$106 -> 0.035181237 | J108: =J106/$O$106 -> 0.013326226 | ... L108: =L106/$O$106 -> 0.0025319829 | N108: =N106/$O$106 -> 0.00013326226

Sheet 04.08 Kyanja-Kisaasi
B1: Consultancy services for Preparation of Expressway Development Master Plan (EDMP) for Uganda
B2: MANUAL CLASSIFIED COUNT (MCC)
B3: ROAD NAME: | C3: ='29.07 Kyanja -Kisaasi'!C3:G3 -> MCC - C1 - STN34- KISAASI-KYANJA ROAD
C5: Date | D5: 04.08.19 | F5: Location | G5: ='03.08 Kisaasi-Kyanja-24h'!G5:H5 -> Malcom Health center | J5: Surveyor | K5: Shamim & Elly
C6: Dir. From | D6: ='29.07 Kyanja -Kisaasi'!D6:E6 -> Kyanja | F6: Dir. To | G6: ='29.07 Kyanja -Kisaasi'!G6:H6 -> Kisaasi | J6: Supervisor | K6: Denis
B8: Time / Veh Type | R8: SUMMARY TRAFFIC VOLUMES
C9: 1. Car | D9: 2. Station Wagon | E9: 3. Pickups | F9: 4. Minibus, matatu | G9: 5. Medium bus | H9: 6. Large Bus | I9: 7. Light Truck | J9: 8. Medium Truck | K9: 9. Heavy truck | L9: 10. Truck Trailer | M9: 11. Motor cycles | N9: 12. Tractors | O9: Total Excl M/Cycles | P9: Total All | R9: Time | S9: 1. Car | T9: 2. Station Wagon | U9: 3. Pickups | V9: 4. Minibus, matatu | W9: 5. Medium bus | X9: 6. Large Bus | Y9: 7. Light Truck | Z9: 8. Medium Truck | AA9: 9. Heavy truck | AB9: 10. Truck Trailer | AC9: 11. Motorcycles | AD9: 12. Tractors, Graders | AE9: Total Excl M/ Cycles | AF9: Total All
B10: 07.00 - 07.15 | C10: 31 | D10: 6 | E10: 18 | F10: 18 | G10: 1 | H10: 0 | I10: 0 | J10: 1 | K10: 0 | L10: 0 | M10: 83 | N10: 0 | O10: =SUM(C10:L10,N10) -> 75 | P10: =SUM(C10:N10) -> 158 | R10: 0700-0800 | S10: =SUM(C10:C13) -> 118 | T10: =SUM(D10:D13) -> 33 | U10: =SUM(E10:E13) -> 39 | V10: =SUM(F10:F13) -> 66 | W10: =SUM(G10:G13) -> 2 | X10: =SUM(H10:H13) -> 0 | Y10: =SUM(I10:I13) -> 7 | Z10: =SUM(J10:J13) -> 1 | ... AF10: =SUM(P10:P13) -> 590
B11: 07.15 - 07.30 | C11: 17 | D11: 6 | E11: 6 | F11: 17 | G11: 0 | H11: 0 | I11: 2 | J11: 0 | K11: 0 | L11: 0 | M11: 81 | N11: 0 | O11: =SUM(C11:L11,N11) -> 48 | P11: =SUM(C11:N11) -> 129 | R11: 0800-0900 | S11: =SUM(C14:C17) -> 199 | T11: =SUM(D14:D17) -> 75 | U11: =SUM(E14:E17) -> 16 | V11: =SUM(F14:F17) -> 51 | W11: =SUM(G14:G17) -> 0 | X11: =SUM(H14:H17) -> 0 | Y11: =SUM(I14:I17) -> 9 | Z11: =SUM(J14:J17) -> 1 | ... AF11: =SUM(P14:P17) -> 759
B12: 07.30 - 07.45 | C12: 30 | D12: 6 | E12: 9 | F12: 13 | G12: 0 | H12: 0 | I12: 0 | J12: 0 | K12: 0 | L12: 0 | M12: 73 | N12: 0 | O12: =SUM(C12:L12,N12) -> 58 | P12: =SUM(C12:N12) -> 131 | R12: 0900-1000 | S12: =SUM(C18:C21) -> 221 | T12: =SUM(D18:D21) -> 119 | U12: =SUM(E18:E21) -> 18 | V12: =SUM(F18:F21) -> 59 | W12: =SUM(G18:G21) -> 0 | X12: =SUM(H18:H21) -> 0 | Y12: =SUM(I18:I21) -> 19 | Z12: =SUM(J18:J21) -> 4 | ... AF12: =SUM(P18:P21) -> 931
B13: 07.45 - 08.00 | C13: 40 | D13: 15 | E13: 6 | F13: 18 | G13: 1 | H13: 0 | I13: 5 | J13: 0 | K13: 0 | L13: 0 | M13: 87 | N13: 0 | O13: =SUM(C13:L13,N13) -> 85 | P13: =SUM(C13:N13) -> 172 | R13: 1000-1100 | S13: =SUM(C22:C25) -> 215 | T13: =SUM(D22:D25) -> 74 | U13: =SUM(E22:E25) -> 29 | V13: =SUM(F22:F25) -> 49 | W13: =SUM(G22:G25) -> 0 | X13: =SUM(H22:H25) -> 1 | Y13: =SUM(I22:I25) -> 5 | Z13: =SUM(J22:J25) -> 1 | ... AF13: =SUM(P22:P25) -> 648
B14: 08.00 - 08.15 | C14: 13 | D14: 10 | E14: 3 | F14: 12 | G14: 0 | H14: 0 | I14: 3 | J14: 0 | K14: 0 | L14: 0 | M14: 83 | N14: 0 | O14: =SUM(C14:L14,N14) -> 41 | P14: =SUM(C14:N14) -> 124 | R14: 1100-1200 | S14: =SUM(C26:C29) -> 321 | T14: =SUM(D26:D29) -> 121 | U14: =SUM(E26:E29) -> 28 | V14: =SUM(F26:F29) -> 54 | W14: =SUM(G26:G29) -> 1 | X14: =SUM(H26:H29) -> 0 | Y14: =SUM(I26:I29) -> 9 | Z14: =SUM(J26:J29) -> 4 | ... AF14: =SUM(P26:P29) -> 906
B15: 08.15 - 08.30 | C15: 70 | D15: 25 | E15: 7 | F15: 16 | G15: 0 | H15: 0 | I15: 4 | J15: 0 | K15: 0 | L15: 0 | M15: 105 | N15: 0 | O15: =SUM(C15:L15,N15) -> 122 | P15: =SUM(C15:N15) -> 227 | R15: 1200-1300 | S15: =SUM(C30:C33) -> 204 | T15: =SUM(D30:D33) -> 84 | U15: =SUM(E30:E33) -> 21 | V15: =SUM(F30:F33) -> 40 | W15: =SUM(G30:G33) -> 0 | X15: =SUM(H30:H33) -> 0 | Y15: =SUM(I30:I33) -> 12 | Z15: =SUM(J30:J33) -> 4 | ... AF15: =SUM(P30:P33) -> 754
B16: 08.30 - 08.45 | C16: 65 | D16: 13 | E16: 3 | F16: 12 | G16: 0 | H16: 0 | I16: 1 | J16: 0 | K16: 0 | L16: 0 | M16: 120 | N16: 0 | O16: =SUM(C16:L16,N16) -> 94 | P16: =SUM(C16:N16) -> 214 | R16: 1300-1400 | S16: =SUM(C34:C37) -> 245 | T16: =SUM(D34:D37) -> 99 | U16: =SUM(E34:E37) -> 22 | V16: =SUM(F34:F37) -> 45 | W16: =SUM(G34:G37) -> 0 | X16: =SUM(H34:H37) -> 2 | Y16: =SUM(I34:I37) -> 7 | Z16: =SUM(J34:J37) -> 6 | ... AF16: =SUM(P34:P37) -> 782
B17: 08.45 - 9.00 | C17: 51 | D17: 27 | E17: 3 | F17: 11 | G17: 0 | H17: 0 | I17: 1 | J17: 1 | K17: 0 | L17: 0 | M17: 100 | N17: 0 | O17: =SUM(C17:L17,N17) -> 94 | P17: =SUM(C17:N17) -> 194 | R17: 1400-1500 | S17: =SUM(C38:C41) -> 267 | T17: =SUM(D38:D41) -> 104 | U17: =SUM(E38:E41) -> 26 | V17: =SUM(F38:F41) -> 28 | W17: =SUM(G38:G41) -> 0 | X17: =SUM(H38:H41) -> 0 | Y17: =SUM(I38:I41) -> 9 | Z17: =SUM(J38:J41) -> 0 | ... AF17: =SUM(P38:P41) -> 827
B18: 09.00 - 09.15 | C18: 60 | D18: 42 | E18: 5 | F18: 6 | G18: 0 | H18: 0 | I18: 5 | J18: 1 | K18: 0 | L18: 0 | M18: 110 | N18: 0 | O18: =SUM(C18:L18,N18) -> 119 | P18: =SUM(C18:N18) -> 229 | R18: 1500-1600 | S18: =SUM(C42:C45) -> 237 | T18: =SUM(D42:D45) -> 79 | U18: =SUM(E42:E45) -> 22 | V18: =SUM(F42:F45) -> 44 | W18: =SUM(G42:G45) -> 0 | X18: =SUM(H42:H45) -> 0 | Y18: =SUM(I42:I45) -> 9 | Z18: =SUM(J42:J45) -> 2 | ... AF18: =SUM(P42:P45) -> 808
B19: 09.15 - 09.30 | C19: 71 | D19: 21 | E19: 4 | F19: 21 | G19: 0 | H19: 0 | I19: 3 | J19: 1 | K19: 1 | L19: 0 | M19: 130 | N19: 0 | O19: =SUM(C19:L19,N19) -> 122 | P19: =SUM(C19:N19) -> 252 | R19: 1600-1700 | S19: =SUM(C46:C49) -> 285 | T19: =SUM(D46:D49) -> 73 | U19: =SUM(E46:E49) -> 22 | V19: =SUM(F46:F49) -> 43 | W19: =SUM(G46:G49) -> 0 | X19: =SUM(H46:H49) -> 0 | Y19: =SUM(I46:I49) -> 10 | Z19: =SUM(J46:J49) -> 10 | ... AF19: =SUM(P46:P49) -> 830
B20: 09.30 - 09.45 | C20: 55 | D20: 23 | E20: 4 | F20: 20 | G20: 0 | H20: 0 | I20: 1 | J20: 1 | K20: 2 | L20: 0 | M20: 133 | N20: 0 | O20: =SUM(C20:L20,N20) -> 106 | P20: =SUM(C20:N20) -> 239 | R20: 1700-1800 | S20: =SUM(C50:C53) -> 242 | T20: =SUM(D50:D53) -> 62 | U20: =SUM(E50:E53) -> 23 | V20: =SUM(F50:F53) -> 40 | W20: =SUM(G50:G53) -> 0 | X20: =SUM(H50:H53) -> 0 | Y20: =SUM(I50:I53) -> 7 | Z20: =SUM(J50:J53) -> 3 | ... AF20: =SUM(P50:P53) -> 732
B21: 09.45 - 10.00 | C21: 35 | D21: 33 | E21: 5 | F21: 12 | G21: 0 | H21: 0 | I21: 10 | J21: 1 | K21: 0 | L21: 0 | M21: 115 | N21: 0 | O21: =SUM(C21:L21,N21) -> 96 | P21: =SUM(C21:N21) -> 211 | R21: 1800-1900 | S21: =SUM(C54:C57) -> 119 | T21: =SUM(D54:D57) -> 30 | U21: =SUM(E54:E57) -> 25 | V21: =SUM(F54:F57) -> 66 | W21: =SUM(G54:G57) -> 1 | X21: =SUM(H54:H57) -> 0 | Y21: =SUM(I54:I57) -> 7 | Z21: =SUM(J54:J57) -> 5 | ... AF21: =SUM(P54:P57) -> 632
B22: 10.00 - 10.15 | C22: 65 | D22: 33 | E22: 13 | F22: 20 | G22: 0 | H22: 0 | I22: 2 | J22: 1 | K22: 1 | L22: 0 | M22: 95 | N22: 0 | O22: =SUM(C22:L22,N22) -> 135 | P22: =SUM(C22:N22) -> 230 | R22: AM Peak Hr | S22: =MAX(S10:S12) -> 221 | T22: =MAX(T10:T12) -> 119 | U22: =MAX(U10:U12) -> 39 | V22: =MAX(V10:V12) -> 66 | W22: =MAX(W10:W12) -> 2 | X22: =MAX(X10:X12) -> 0 | Y22: =MAX(Y10:Y12) -> 19 | Z22: =MAX(Z10:Z12) -> 4 | ... AF22: =MAX(AF10:AF12) -> 931
B23: 10.15 - 10.30 | C23: 60 | D23: 21 | E23: 5 | F23: 12 | G23: 0 | H23: 0 | I23: 1 | J23: 0 | K23: 0 | L23: 0 | M23: 55 | N23: 0 | O23: =SUM(C23:L23,N23) -> 99 | P23: =SUM(C23:N23) -> 154 | R23: IP Peak Hr | S23: =MAX(S13:S18) -> 321 | T23: =MAX(T13:T18) -> 121 | U23: =MAX(U13:U18) -> 29 | V23: =MAX(V13:V18) -> 54 | W23: =MAX(W13:W18) -> 1 | X23: =MAX(X13:X18) -> 2 | Y23: =MAX(Y13:Y18) -> 12 | Z23: =MAX(Z13:Z18) -> 6 | ... AF23: =MAX(AF13:AF18) -> 906
B24: 10.30 - 10.45 | C24: 70 | D24: 12 | E24: 6 | F24: 12 | G24: 0 | H24: 1 | I24: 0 | J24: 0 | K24: 2 | L24: 0 | M24: 62 | N24: 0 | O24: =SUM(C24:L24,N24) -> 103 | P24: =SUM(C24:N24) -> 165 | R24: PM Peak Hr | S24: =MAX(S19:S21) -> 285 | T24: =MAX(T19:T21) -> 73 | U24: =MAX(U19:U21) -> 25 | V24: =MAX(V19:V21) -> 66 | W24: =MAX(W19:W21) -> 1 | X24: =MAX(X19:X21) -> 0 | Y24: =MAX(Y19:Y21) -> 10 | Z24: =MAX(Z19:Z21) -> 10 | ... AF24: =MAX(AF19:AF21) -> 830
B25: 10.45 - 11.00 | C25: 20 | D25: 8 | E25: 5 | F25: 5 | G25: 0 | H25: 0 | I25: 2 | J25: 0 | K25: 0 | L25: 0 | M25: 59 | N25: 0 | O25: =SUM(C25:L25,N25) -> 40 | P25: =SUM(C25:N25) -> 99 | R25: AM Period | S25: =SUM(S10:S12) -> 538 | T25: =SUM(T10:T12) -> 227 | U25: =SUM(U10:U12) -> 73 | V25: =SUM(V10:V12) -> 176 | W25: =SUM(W10:W12) -> 2 | X25: =SUM(X10:X12) -> 0 | Y25: =SUM(Y10:Y12) -> 35 | Z25: =SUM(Z10:Z12) -> 6 | ... AF25: =SUM(AF10:AF12) -> 2280
B26: 11.00 - 11.15 | C26: 70 | D26: 21 | E26: 10 | F26: 10 | G26: 0 | H26: 0 | I26: 2 | J26: 1 | K26: 0 | L26: 0 | M26: 75 | N26: 0 | O26: =SUM(C26:L26,N26) -> 114 | P26: =SUM(C26:N26) -> 189 | R26: IP Period | S26: =SUM(S13:S18) -> 1489 | T26: =SUM(T13:T18) -> 561 | U26: =SUM(U13:U18) -> 148 | V26: =SUM(V13:V18) -> 260 | W26: =SUM(W13:W18) -> 1 | X26: =SUM(X13:X18) -> 3 | Y26: =SUM(Y13:Y18) -> 51 | Z26: =SUM(Z13:Z18) -> 17 | ... AF26: =SUM(AF13:AF18) -> 4725
B27: 11.15 - 11.30 | C27: 105 | D27: 50 | E27: 12 | F27: 15 | G27: 0 | H27: 0 | I27: 1 | J27: 1 | K27: 1 | L27: 0 | M27: 93 | N27: 0 | O27: =SUM(C27:L27,N27) -> 185 | P27: =SUM(C27:N27) -> 278 | R27: PM Period | S27: =SUM(S19:S21) -> 646 | T27: =SUM(T19:T21) -> 165 | U27: =SUM(U19:U21) -> 70 | V27: =SUM(V19:V21) -> 149 | W27: =SUM(W19:W21) -> 1 | X27: =SUM(X19:X21) -> 0 | Y27: =SUM(Y19:Y21) -> 24 | Z27: =SUM(Z19:Z21) -> 18 | ... AF27: =SUM(AF19:AF21) -> 2194
B28: 11.30 - 11.45 | C28: 95 | D28: 25 | E28: 3 | F28: 11 | G28: 1 | H28: 0 | I28: 3 | J28: 2 | K28: 0 | L28: 0 | M28: 103 | N28: 0 | O28: =SUM(C28:L28,N28) -> 140 | P28: =SUM(C28:N28) -> 243 | R28: 12 Hours | S28: =SUM(S10:S21) -> 2673 | T28: =SUM(T10:T21) -> 953 | U28: =SUM(U10:U21) -> 291 | V28: =SUM(V10:V21) -> 585 | W28: =SUM(W10:W21) -> 4 | X28: =SUM(X10:X21) -> 3 | Y28: =SUM(Y10:Y21) -> 110 | Z28: =SUM(Z10:Z21) -> 41 | ... AF28: =SUM(AF10:AF21) -> 9199
B29: 11.45 - 12.00 | C29: 51 | D29: 25 | E29: 3 | F29: 18 | G29: 0 | H29: 0 | I29: 3 | J29: 0 | K29: 0 | L29: 0 | M29: 96 | N29: 0 | O29: =SUM(C29:L29,N29) -> 100 | P29: =SUM(C29:N29) -> 196
B30: 12.00 - 12.15 | C30: 61 | D30: 25 | E30: 3 | F30: 5 | G30: 0 | H30: 0 | I30: 5 | J30: 0 | K30: 0 | L30: 0 | M30: 100 | N30: 0 | O30: =SUM(C30:L30,N30) -> 99 | P30: =SUM(C30:N30) -> 199
B31: 12.15 - 12.30 | C31: 32 | D31: 16 | E31: 11 | F31: 11 | G31: 0 | H31: 0 | I31: 0 | J31: 3 | K31: 1 | L31: 0 | M31: 93 | N31: 0 | O31: =SUM(C31:L31,N31) -> 74 | P31: =SUM(C31:N31) -> 167
B32: 12.30 - 12.45 | C32: 80 | D32: 31 | E32: 7 | F32: 16 | G32: 0 | H32: 0 | I32: 5 | J32: 1 | K32: 0 | L32: 0 | M32: 113 | N32: 0 | O32: =SUM(C32:L32,N32) -> 140 | P32: =SUM(C32:N32) -> 253
B33: 12.45 - 13.00 | C33: 31 | D33: 12 | E33: 0 | F33: 8 | G33: 0 | H33: 0 | I33: 2 | J33: 0 | K33: 0 | L33: 0 | M33: 82 | N33: 0 | O33: =SUM(C33:L33,N33) -> 53 | P33: =SUM(C33:N33) -> 135
B34: 13.00 - 13.15 | C34: 45 | D34: 25 | E34: 5 | F34: 13 | G34: 0 | H34: 0 | I34: 0 | J34: 1 | K34: 0 | L34: 0 | M34: 92 | N34: 0 | O34: =SUM(C34:L34,N34) -> 89 | P34: =SUM(C34:N34) -> 181
B35: 13.15 - 13.30 | C35: 55 | D35: 25 | E35: 4 | F35: 13 | G35: 0 | H35: 2 | I35: 4 | J35: 2 | K35: 0 | L35: 1 | M35: 107 | N35: 0 | O35: =SUM(C35:L35,N35) -> 106 | P35: =SUM(C35:N35) -> 213
B36: 13.30 - 13.45 | C36: 80 | D36: 31 | E36: 4 | F36: 7 | G36: 0 | H36: 0 | I36: 1 | J36: 2 | K36: 1 | L36: 1 | M36: 85 | N36: 0 | O36: =SUM(C36:L36,N36) -> 127 | P36: =SUM(C36:N36) -> 212
B37: 13.45 - 14.00 | C37: 65 | D37: 18 | E37: 9 | F37: 12 | G37: 0 | H37: 0 | I37: 2 | J37: 1 | K37: 1 | L37: 0 | M37: 68 | N37: 0 | O37: =SUM(C37:L37,N37) -> 108 | P37: =SUM(C37:N37) -> 176
B38: 14.00 - 14.15 | C38: 66 | D38: 15 | E38: 3 | F38: 6 | G38: 0 | H38: 0 | I38: 2 | J38: 0 | K38: 0 | L38: 0 | M38: 99 | N38: 0 | O38: =SUM(C38:L38,N38) -> 92 | P38: =SUM(C38:N38) -> 191
B39: 14.15 - 14.30 | C39: 75 | D39: 20 | E39: 10 | F39: 6 | G39: 0 | H39: 0 | I39: 6 | J39: 0 | K39: 1 | L39: 1 | M39: 82 | N39: 0 | O39: =SUM(C39:L39,N39) -> 119 | P39: =SUM(C39:N39) -> 201
B40: 14.30 - 14.45 | C40: 56 | D40: 22 | E40: 3 | F40: 11 | G40: 0 | H40: 0 | I40: 0 | J40: 0 | K40: 1 | L40: 0 | M40: 116 | N40: 0 | O40: =SUM(C40:L40,N40) -> 93 | P40: =SUM(C40:N40) -> 209
... B57: 18.45 - 19.00 | C57: 40 | D57: 15 | E57: 6 | F57: 18 | G57: 1 | H57: 0 | I57: 5 | J57: 3 | K57: 1 | L57: 0 | M57: 102 | N57: 0 | O57: =SUM(C57:L57,N57) -> 89 | P57: =SUM(C57:N57) -> 191
B58: Totals | C58: =SUM(C10:C57) -> 2673 | D58: =SUM(D10:D57) -> 953 | E58: =SUM(E10:E57) -> 291 | F58: =SUM(F10:F57) -> 585 | G58: =SUM(G10:G57) -> 4 | H58: =SUM(H10:H57) -> 3 | I58: =SUM(I10:I57) -> 110 | J58: =SUM(J10:J57) -> 41 | ... P58: =SUM(P10:P57) -> 9199
B59: %ges + MCs | C59: =C58/$P$58 -> 0.29057506 | D59: =D58/$P$58 -> 0.10359822 | E59: =E58/$P$58 -> 0.031633873 | F59: =F58/$P$58 -> 0.063593869 | G59: =G58/$P$58 -> 0.00043482987 | H59: =H58/$P$58 -> 0.0003261224 | I59: =I58/$P$58 -> 0.011957822 | J59: =J58/$P$58 -> 0.0044570062 | ... N59: =N58/$P$58 -> 0
B60: %ges w/o MCs | C60: =C58/$O$58 -> 0.57078796 | D60: =D58/$O$58 -> 0.20350203 | E60: =E58/$O$58 -> 0.062139654 | F60: =F58/$O$58 -> 0.12491992 | G60: =G58/$O$58 -> 0.00085415332 | H60: =H58/$O$58 -> 0.00064061499 | I60: =I58/$O$58 -> 0.023489216 | J60: =J58/$O$58 -> 0.0087550715 | ... L60: =L58/$O$58 -> 0.00085415332 | N60: =N58/$O$58 -> 0

Sheet 04.08 Kisaasi-Kyanja
B1: Consultancy services for Preparation of Expressway Development Master Plan (EDMP) for Uganda
B2: MANUAL CLASSIFIED COUNT (MCC)
B3: ROAD NAME: | C3: ='29.07 Kisaasi-Kyanja'!C3:G3 -> MCC - C1 - STN34- KISAASI-KYANJA ROAD
C5: Date | D5: 04.08.19 | F5: Location | G5: ='04.08 Kyanja-Kisaasi'!G5:H5 -> Malcom Health center | J5: Surveyor | K5: Laira
C6: Dir. From | D6: Kisaasi | F6: Dir. To | G6: Kyanja | J6: Supervisor | K6: ='04.08 Kyanja-Kisaasi'!K6:L6 -> Denis
B8: Time / Veh Type | R8: SUMMARY TRAFFIC VOLUMES
C9: 1. Car | D9: 2. Station Wagon | E9: 3. Pickups | F9: 4. Minibus, matatu | G9: 5. Medium bus | H9: 6. Large Bus | I9: 7. Light Truck | J9: 8. Medium Truck | K9: 9. Heavy truck | L9: 10. Truck Trailer | M9: 11. Motor cycles | N9: 12. Tractors | O9: Total Excl M/Cycles | P9: Total All | R9: Time | S9: 1. Car | T9: 2. Station Wagon | U9: 3. Pickups | V9: 4. Minibus, matatu | W9: 5. Medium bus | X9: 6. Large Bus | Y9: 7. Light Truck | Z9: 8. Medium Truck | AA9: 9. Heavy truck | AB9: 10. Truck Trailer | AC9: 11. Motorcycles | AD9: 12. Tractors, Graders | AE9: Total Excl M/ Cycles | AF9: Total All
