Workbook

Sheet 17.10 MASAKA-MBARARA
B1: Consultancy services for Preparation of Expressway Development Master Plan (EDMP) for Uganda
B2: MANUAL CLASSIFIED COUNT (MCC)
B3: ROAD NAME: | C3: MASAKA-MBARARA ROAD
C5: Date | D5: 17.10.19 | F5: Location | G5: KINONI | J5: Surveyor | K5: KETRA
C6: Dir. From | D6: MASAKA | F6: Dir. To | G6: MBARARA | J6: Supervisor | K6: BABIRYE
B8: Time / Veh Type | R8: SUMMARY TRAFFIC VOLUMES
C9: 1. Car | D9: 2. Station Wagon | E9: 3. Pickups | F9: 4. Minibus, matatu | G9: 5. Medium bus | H9: 6. Large Bus | I9: 7. Light Truck | J9: 8. Medium Truck | K9: 9. Heavy truck | L9: 10. Truck Trailer | M9: 11. Motor cycles | N9: 12. Tractors | O9: Total Excl M/Cycles | P9: Total All | R9: Time | S9: 1. Car | T9: 2. Station Wagon | U9: 3. Pickups | V9: 4. Minibus, matatu | W9: 5. Medium bus | X9: 6. Large Bus | Y9: 7. Light Truck | Z9: 8. Medium Truck | AA9: 9. Heavy truck | AB9: 10. Truck Trailer | AC9: 11. Motorcycles | AD9: 12. Tractors, Graders | AE9: Total Excl M/ Cycles | AF9: Total All
B10: 07.00 - 07.15 | C10: 4 | D10: 0 | E10: 0 | F10: 3 | G10: 0 | H10: 1 | I10: 0 | J10: 0 | K10: 3 | L10: 0 | M10: 3 | N10: 0 | O10: =SUM(C10:L10,N10) -> 11 | P10: =SUM(C10:N10) -> 14 | R10: 0700-0800 | S10: =SUM(C10:C13) -> 22 | T10: =SUM(D10:D13) -> 6 | U10: =SUM(E10:E13) -> 3 | V10: =SUM(F10:F13) -> 11 | W10: =SUM(G10:G13) -> 0 | X10: =SUM(H10:H13) -> 1 | Y10: =SUM(I10:I13) -> 9 | Z10: =SUM(J10:J13) -> 1 | ... AF10: =SUM(P10:P13) -> 77
B11: 07.15 - 07.30 | C11: 8 | D11: 0 | E11: 1 | F11: 4 | G11: 0 | H11: 0 | I11: 4 | J11: 0 | K11: 1 | L11: 0 | M11: 5 | N11: 0 | O11: =SUM(C11:L11,N11) -> 18 | P11: =SUM(C11:N11) -> 23 | R11: 0800-0900 | S11: =SUM(C14:C17) -> 25 | T11: =SUM(D14:D17) -> 5 | U11: =SUM(E14:E17) -> 5 | V11: =SUM(F14:F17) -> 10 | W11: =SUM(G14:G17) -> 0 | X11: =SUM(H14:H17) -> 1 | Y11: =SUM(I14:I17) -> 4 | Z11: =SUM(J14:J17) -> 4 | ... AF11: =SUM(P14:P17) -> 84
B12: 07.30 - 07.45 | C12: 6 | D12: 3 | E12: 2 | F12: 1 | G12: 0 | H12: 0 | I12: 1 | J12: 1 | K12: 1 | L12: 0 | M12: 4 | N12: 0 | O12: =SUM(C12:L12,N12) -> 15 | P12: =SUM(C12:N12) -> 19 | R12: 0900-1000 | S12: =SUM(C18:C21) -> 24 | T12: =SUM(D18:D21) -> 10 | U12: =SUM(E18:E21) -> 12 | V12: =SUM(F18:F21) -> 11 | W12: =SUM(G18:G21) -> 0 | X12: =SUM(H18:H21) -> 4 | Y12: =SUM(I18:I21) -> 10 | Z12: =SUM(J18:J21) -> 8 | ... AF12: =SUM(P18:P21) -> 111
B13: 07.45 - 08.00 | C13: 4 | D13: 3 | E13: 0 | F13: 3 | G13: 0 | H13: 0 | I13: 4 | J13: 0 | K13: 1 | L13: 0 | M13: 6 | N13: 0 | O13: =SUM(C13:L13,N13) -> 15 | P13: =SUM(C13:N13) -> 21 | R13: 1000-1100 | S13: =SUM(C22:C25) -> 37 | T13: =SUM(D22:D25) -> 15 | U13: =SUM(E22:E25) -> 12 | V13: =SUM(F22:F25) -> 21 | W13: =SUM(G22:G25) -> 0 | X13: =SUM(H22:H25) -> 6 | Y13: =SUM(I22:I25) -> 4 | Z13: =SUM(J22:J25) -> 6 | ... AF13: =SUM(P22:P25) -> 143
B14: 08.00 - 08.15 | C14: 6 | D14: 1 | E14: 0 | F14: 2 | G14: 0 | H14: 0 | I14: 2 | J14: 1 | K14: 4 | L14: 0 | M14: 9 | N14: 0 | O14: =SUM(C14:L14,N14) -> 16 | P14: =SUM(C14:N14) -> 25 | R14: 1100-1200 | S14: =SUM(C26:C29) -> 25 | T14: =SUM(D26:D29) -> 8 | U14: =SUM(E26:E29) -> 8 | V14: =SUM(F26:F29) -> 19 | W14: =SUM(G26:G29) -> 3 | X14: =SUM(H26:H29) -> 5 | Y14: =SUM(I26:I29) -> 6 | Z14: =SUM(J26:J29) -> 4 | ... AF14: =SUM(P26:P29) -> 103
B15: 08.15 - 08.30 | C15: 6 | D15: 2 | E15: 1 | F15: 1 | G15: 0 | H15: 0 | I15: 1 | J15: 0 | K15: 2 | L15: 0 | M15: 2 | N15: 0 | O15: =SUM(C15:L15,N15) -> 13 | P15: =SUM(C15:N15) -> 15 | R15: 1200-1300 | S15: =SUM(C30:C33) -> 28 | T15: =SUM(D30:D33) -> 14 | U15: =SUM(E30:E33) -> 5 | V15: =SUM(F30:F33) -> 19 | W15: =SUM(G30:G33) -> 1 | X15: =SUM(H30:H33) -> 6 | Y15: =SUM(I30:I33) -> 12 | Z15: =SUM(J30:J33) -> 3 | ... AF15: =SUM(P30:P33) -> 133
B16: 08.30 - 08.45 | C16: 5 | D16: 1 | E16: 1 | F16: 4 | G16: 0 | H16: 1 | I16: 0 | J16: 3 | K16: 1 | L16: 0 | M16: 4 | N16: 0 | O16: =SUM(C16:L16,N16) -> 16 | P16: =SUM(C16:N16) -> 20 | R16: 1300-1400 | S16: =SUM(C34:C37) -> 21 | T16: =SUM(D34:D37) -> 11 | U16: =SUM(E34:E37) -> 7 | V16: =SUM(F34:F37) -> 21 | W16: =SUM(G34:G37) -> 0 | X16: =SUM(H34:H37) -> 3 | Y16: =SUM(I34:I37) -> 6 | Z16: =SUM(J34:J37) -> 4 | ... AF16: =SUM(P34:P37) -> 105
B17: 08.45 - 9.00 | C17: 8 | D17: 1 | E17: 3 | F17: 3 | G17: 0 | H17: 0 | I17: 1 | J17: 0 | K17: 2 | L17: 0 | M17: 6 | N17: 0 | O17: =SUM(C17:L17,N17) -> 18 | P17: =SUM(C17:N17) -> 24 | R17: 1400-1500 | S17: =SUM(C38:C41) -> 24 | T17: =SUM(D38:D41) -> 13 | U17: =SUM(E38:E41) -> 1 | V17: =SUM(F38:F41) -> 10 | W17: =SUM(G38:G41) -> 0 | X17: =SUM(H38:H41) -> 7 | Y17: =SUM(I38:I41) -> 5 | Z17: =SUM(J38:J41) -> 4 | ... AF17: =SUM(P38:P41) -> 91
B18: 09.00 - 09.15 | C18: 9 | D18: 2 | E18: 2 | F18: 2 | G18: 0 | H18: 1 | I18: 4 | J18: 1 | K18: 1 | L18: 0 | M18: 2 | N18: 0 | O18: =SUM(C18:L18,N18) -> 22 | P18: =SUM(C18:N18) -> 24 | R18: 1500-1600 | S18: =SUM(C42:C45) -> 30 | T18: =SUM(D42:D45) -> 11 | U18: =SUM(E42:E45) -> 6 | V18: =SUM(F42:F45) -> 18 | W18: =SUM(G42:G45) -> 0 | X18: =SUM(H42:H45) -> 8 | Y18: =SUM(I42:I45) -> 13 | Z18: =SUM(J42:J45) -> 1 | ... AF18: =SUM(P42:P45) -> 122
B19: 09.15 - 09.30 | C19: 4 | D19: 2 | E19: 4 | F19: 5 | G19: 0 | H19: 0 | I19: 0 | J19: 1 | K19: 4 | L19: 0 | M19: 6 | N19: 0 | O19: =SUM(C19:L19,N19) -> 20 | P19: =SUM(C19:N19) -> 26 | R19: 1600-1700 | S19: =SUM(C46:C49) -> 27 | T19: =SUM(D46:D49) -> 14 | U19: =SUM(E46:E49) -> 10 | V19: =SUM(F46:F49) -> 17 | W19: =SUM(G46:G49) -> 1 | X19: =SUM(H46:H49) -> 9 | Y19: =SUM(I46:I49) -> 7 | Z19: =SUM(J46:J49) -> 5 | ... AF19: =SUM(P46:P49) -> 125
B20: 09.30 - 09.45 | C20: 7 | D20: 2 | E20: 3 | F20: 2 | G20: 0 | H20: 2 | I20: 6 | J20: 3 | K20: 4 | L20: 0 | M20: 5 | N20: 0 | O20: =SUM(C20:L20,N20) -> 29 | P20: =SUM(C20:N20) -> 34 | R20: 1700-1800 | S20: =SUM(C50:C53) -> 34 | T20: =SUM(D50:D53) -> 12 | U20: =SUM(E50:E53) -> 10 | V20: =SUM(F50:F53) -> 16 | W20: =SUM(G50:G53) -> 0 | X20: =SUM(H50:H53) -> 5 | Y20: =SUM(I50:I53) -> 14 | Z20: =SUM(J50:J53) -> 0 | ... AF20: =SUM(P50:P53) -> 136
B21: 09.45 - 10.00 | C21: 4 | D21: 4 | E21: 3 | F21: 2 | G21: 0 | H21: 1 | I21: 0 | J21: 3 | K21: 3 | L21: 0 | M21: 7 | N21: 0 | O21: =SUM(C21:L21,N21) -> 20 | P21: =SUM(C21:N21) -> 27 | R21: 1800-1900 | S21: =SUM(C54:C57) -> 23 | T21: =SUM(D54:D57) -> 7 | U21: =SUM(E54:E57) -> 13 | V21: =SUM(F54:F57) -> 18 | W21: =SUM(G54:G57) -> 1 | X21: =SUM(H54:H57) -> 5 | Y21: =SUM(I54:I57) -> 12 | Z21: =SUM(J54:J57) -> 5 | ... AF21: =SUM(P54:P57) -> 129
B22: 10.00 - 10.15 | C22: 9 | D22: 3 | E22: 7 | F22: 8 | G22: 0 | H22: 1 | I22: 2 | J22: 1 | K22: 2 | L22: 1 | M22: 9 | N22: 0 | O22: =SUM(C22:L22,N22) -> 34 | P22: =SUM(C22:N22) -> 43 | R22: AM Peak Hr | S22: =MAX(S10:S12) -> 25 | T22: =MAX(T10:T12) -> 10 | U22: =MAX(U10:U12) -> 12 | V22: =MAX(V10:V12) -> 11 | W22: =MAX(W10:W12) -> 0 | X22: =MAX(X10:X12) -> 4 | Y22: =MAX(Y10:Y12) -> 10 | Z22: =MAX(Z10:Z12) -> 8 | ... AF22: =MAX(AF10:AF12) -> 111
B23: 10.15 - 10.30 | C23: 11 | D23: 4 | E23: 1 | F23: 2 | G23: 0 | H23: 1 | I23: 0 | J23: 1 | K23: 3 | L23: 0 | M23: 8 | N23: 0 | O23: =SUM(C23:L23,N23) -> 23 | P23: =SUM(C23:N23) -> 31 | R23: IP Peak Hr | S23: =MAX(S13:S18) -> 37 | T23: =MAX(T13:T18) -> 15 | U23: =MAX(U13:U18) -> 12 | V23: =MAX(V13:V18) -> 21 | W23: =MAX(W13:W18) -> 3 | X23: =MAX(X13:X18) -> 8 | Y23: =MAX(Y13:Y18) -> 13 | Z23: =MAX(Z13:Z18) -> 6 | ... AF23: =MAX(AF13:AF18) -> 143
B24: 10.30 - 10.45 | C24: 8 | D24: 2 | E24: 2 | F24: 5 | G24: 0 | H24: 3 | I24: 2 | J24: 2 | K24: 6 | L24: 0 | M24: 1 | N24: 0 | O24: =SUM(C24:L24,N24) -> 30 | P24: =SUM(C24:N24) -> 31 | R24: PM Peak Hr | S24: =MAX(S19:S21) -> 34 | T24: =MAX(T19:T21) -> 14 | U24: =MAX(U19:U21) -> 13 | V24: =MAX(V19:V21) -> 18 | W24: =MAX(W19:W21) -> 1 | X24: =MAX(X19:X21) -> 9 | Y24: =MAX(Y19:Y21) -> 14 | Z24: =MAX(Z19:Z21) -> 5 | ... AF24: =MAX(AF19:AF21) -> 136
B25: 10.45 - 11.00 | C25: 9 | D25: 6 | E25: 2 | F25: 6 | G25: 0 | H25: 1 | I25: 0 | J25: 2 | K25: 3 | L25: 1 | M25: 8 | N25: 0 | O25: =SUM(C25:L25,N25) -> 30 | P25: =SUM(C25:N25) -> 38 | R25: AM Period | S25: =SUM(S10:S12) -> 71 | T25: =SUM(T10:T12) -> 21 | U25: =SUM(U10:U12) -> 20 | V25: =SUM(V10:V12) -> 32 | W25: =SUM(W10:W12) -> 0 | X25: =SUM(X10:X12) -> 6 | Y25: =SUM(Y10:Y12) -> 23 | Z25: =SUM(Z10:Z12) -> 13 | ... AF25: =SUM(AF10:AF12) -> 272
B26: 11.00 - 11.15 | C26: 8 | D26: 4 | E26: 3 | F26: 4 | G26: 2 | H26: 1 | I26: 0 | J26: 1 | K26: 1 | L26: 0 | M26: 4 | N26: 0 | O26: =SUM(C26:L26,N26) -> 24 | P26: =SUM(C26:N26) -> 28 | R26: IP Period | S26: =SUM(S13:S18) -> 165 | T26: =SUM(T13:T18) -> 72 | U26: =SUM(U13:U18) -> 39 | V26: =SUM(V13:V18) -> 108 | W26: =SUM(W13:W18) -> 4 | X26: =SUM(X13:X18) -> 35 | Y26: =SUM(Y13:Y18) -> 46 | Z26: =SUM(Z13:Z18) -> 22 | ... AF26: =SUM(AF13:AF18) -> 697
B27: 11.15 - 11.30 | C27: 3 | D27: 1 | E27: 0 | F27: 2 | G27: 0 | H27: 0 | I27: 1 | J27: 1 | K27: 1 | L27: 0 | M27: 3 | N27: 0 | O27: =SUM(C27:L27,N27) -> 9 | P27: =SUM(C27:N27) -> 12 | R27: PM Period | S27: =SUM(S19:S21) -> 84 | T27: =SUM(T19:T21) -> 33 | U27: =SUM(U19:U21) -> 33 | V27: =SUM(V19:V21) -> 51 | W27: =SUM(W19:W21) -> 2 | X27: =SUM(X19:X21) -> 19 | Y27: =SUM(Y19:Y21) -> 33 | Z27: =SUM(Z19:Z21) -> 10 | ... AF27: =SUM(AF19:AF21) -> 390
B28: 11.30 - 11.45 | C28: 7 | D28: 1 | E28: 2 | F28: 7 | G28: 1 | H28: 2 | I28: 4 | J28: 1 | K28: 2 | L28: 0 | M28: 4 | N28: 0 | O28: =SUM(C28:L28,N28) -> 27 | P28: =SUM(C28:N28) -> 31 | R28: 12 Hours | S28: =SUM(S10:S21) -> 320 | T28: =SUM(T10:T21) -> 126 | U28: =SUM(U10:U21) -> 92 | V28: =SUM(V10:V21) -> 191 | W28: =SUM(W10:W21) -> 6 | X28: =SUM(X10:X21) -> 60 | Y28: =SUM(Y10:Y21) -> 102 | Z28: =SUM(Z10:Z21) -> 45 | ... AF28: =SUM(AF10:AF21) -> 1359
B29: 11.45 - 12.00 | C29: 7 | D29: 2 | E29: 3 | F29: 6 | G29: 0 | H29: 2 | I29: 1 | J29: 1 | K29: 0 | L29: 0 | M29: 10 | N29: 0 | O29: =SUM(C29:L29,N29) -> 22 | P29: =SUM(C29:N29) -> 32
B30: 12.00 - 12.15 | C30: 11 | D30: 4 | E30: 2 | F30: 2 | G30: 0 | H30: 2 | I30: 2 | J30: 0 | K30: 3 | L30: 0 | M30: 10 | N30: 0 | O30: =SUM(C30:L30,N30) -> 26 | P30: =SUM(C30:N30) -> 36
B31: 12.15 - 12.30 | C31: 8 | D31: 3 | E31: 1 | F31: 5 | G31: 1 | H31: 2 | I31: 3 | J31: 0 | K31: 3 | L31: 1 | M31: 7 | N31: 0 | O31: =SUM(C31:L31,N31) -> 27 | P31: =SUM(C31:N31) -> 34
B32: 12.30 - 12.45 | C32: 6 | D32: 4 | E32: 2 | F32: 4 | G32: 0 | H32: 2 | I32: 5 | J32: 2 | K32: 0 | L32: 0 | M32: 10 | N32: 0 | O32: =SUM(C32:L32,N32) -> 25 | P32: =SUM(C32:N32) -> 35
B33: 12.45 - 13.00 | C33: 3 | D33: 3 | E33: 0 | F33: 8 | G33: 0 | H33: 0 | I33: 2 | J33: 1 | K33: 2 | L33: 0 | M33: 9 | N33: 0 | O33: =SUM(C33:L33,N33) -> 19 | P33: =SUM(C33:N33) -> 28
B34: 13.00 - 13.15 | C34: 4 | D34: 2 | E34: 2 | F34: 2 | G34: 0 | H34: 0 | I34: 2 | J34: 1 | K34: 2 | L34: 0 | M34: 4 | N34: 0 | O34: =SUM(C34:L34,N34) -> 15 | P34: =SUM(C34:N34) -> 19
B35: 13.15 - 13.30 | C35: 4 | D35: 1 | E35: 2 | F35: 7 | G35: 0 | H35: 1 | I35: 1 | J35: 1 | K35: 3 | L35: 0 | M35: 3 | N35: 0 | O35: =SUM(C35:L35,N35) -> 20 | P35: =SUM(C35:N35) -> 23
B36: 13.30 - 13.45 | C36: 7 | D36: 6 | E36: 2 | F36: 8 | G36: 0 | H36: 0 | I36: 1 | J36: 1 | K36: 1 | L36: 2 | M36: 7 | N36: 0 | O36: =SUM(C36:L36,N36) -> 28 | P36: =SUM(C36:N36) -> 35
B37: 13.45 - 14.00 | C37: 6 | D37: 2 | E37: 1 | F37: 4 | G37: 0 | H37: 2 | I37: 2 | J37: 1 | K37: 2 | L37: 0 | M37: 8 | N37: 0 | O37: =SUM(C37:L37,N37) -> 20 | P37: =SUM(C37:N37) -> 28
B38: 14.00 - 14.15 | C38: 6 | D38: 1 | E38: 0 | F38: 1 | G38: 0 | H38: 1 | I38: 2 | J38: 1 | K38: 3 | L38: 0 | M38: 5 | N38: 0 | O38: =SUM(C38:L38,N38) -> 15 | P38: =SUM(C38:N38) -> 20
B39: 14.15 - 14.30 | C39: 6 | D39: 3 | E39: 0 | F39: 4 | G39: 0 | H39: 2 | I39: 2 | J39: 0 | K39: 4 | L39: 0 | M39: 4 | N39: 0 | O39: =SUM(C39:L39,N39) -> 21 | P39: =SUM(C39:N39) -> 25
B40: 14.30 - 14.45 | C40: 9 | D40: 3 | E40: 1 | F40: 3 | G40: 0 | H40: 3 | I40: 1 | J40: 1 | K40: 2 | L40: 0 | M40: 1 | N40: 0 | O40: =SUM(C40:L40,N40) -> 23 | P40: =SUM(C40:N40) -> 24
... B57: 18.45 - 19.00 | C57: 5 | D57: 2 | E57: 2 | F57: 3 | G57: 0 | H57: 1 | I57: 4 | J57: 1 | K57: 0 | L57: 0 | M57: 6 | N57: 0 | O57: =SUM(C57:L57,N57) -> 18 | P57: =SUM(C57:N57) -> 24
B58: Totals | C58: =SUM(C10:C57) -> 320 | D58: =SUM(D10:D57) -> 126 | E58: =SUM(E10:E57) -> 92 | F58: =SUM(F10:F57) -> 191 | G58: =SUM(G10:G57) -> 6 | H58: =SUM(H10:H57) -> 60 | I58: =SUM(I10:I57) -> 102 | J58: =SUM(J10:J57) -> 45 | ... P58: =SUM(P10:P57) -> 1359
B59: %ges + MCs | C59: =C58/$P$58 -> 0.23546726 | D59: =D58/$P$58 -> 0.092715232 | E59: =E58/$P$58 -> 0.067696836 | F59: =F58/$P$58 -> 0.14054452 | G59: =G58/$P$58 -> 0.004415011 | H59: =H58/$P$58 -> 0.04415011 | I59: =I58/$P$58 -> 0.075055188 | J59: =J58/$P$58 -> 0.033112583 | ... N59: =N58/$P$58 -> 0
B60: %ges w/o MCs | C60: =C58/$O$58 -> 0.30447193 | D60: =D58/$O$58 -> 0.11988582 | E60: =E58/$O$58 -> 0.08753568 | F60: =F58/$O$58 -> 0.18173168 | G60: =G58/$O$58 -> 0.0057088487 | H60: =H58/$O$58 -> 0.057088487 | I60: =I58/$O$58 -> 0.097050428 | J60: =J58/$O$58 -> 0.042816365 | ... L60: =L58/$O$58 -> 0.0066603235 | N60: =N58/$O$58 -> 0

Sheet 17.10 MBARARA-MASAKA
B1: Consultancy services for Preparation of Expressway Development Master Plan (EDMP) for Uganda
B2: MANUAL CLASSIFIED COUNT (MCC)
B3: ROAD NAME: | C3: ='23.10 MASAKA-MBARARA'!C3:G3 -> MASAKA-MBARARA
C5: Date | D5: ='17.10 MASAKA-MBARARA'!D5 -> 17.10.19 | F5: Location | G5: ='17.10 MASAKA-MBARARA'!G5:H5 -> KINONI | J5: Surveyor | K5: SANDRA
C6: Dir. From | D6: MBARARA | F6: Dir. To | G6: MASAKA | J6: Supervisor | K6: SANDRA
B8: Time / Veh Type | R8: SUMMARY TRAFFIC VOLUMES
C9: 1. Car | D9: 2. Station Wagon | E9: 3. Pickups | F9: 4. Minibus, matatu | G9: 5. Medium bus | H9: 6. Large Bus | I9: 7. Light Truck | J9: 8. Medium Truck | K9: 9. Heavy truck | L9: 10. Truck Trailer | M9: 11. Motor cycles | N9: 12. Tractors | O9: Total Excl M/Cycles | P9: Total All | R9: Time | S9: 1. Car | T9: 2. Station Wagon | U9: 3. Pickups | V9: 4. Minibus, matatu | W9: 5. Medium bus | X9: 6. Large Bus | Y9: 7. Light Truck | Z9: 8. Medium Truck | AA9: 9. Heavy truck | AB9: 10. Truck Trailer | AC9: 11. Motorcycles | AD9: 12. Tractors, Graders | AE9: Total Excl M/ Cycles | AF9: Total All
B10: 07.00 - 07.15 | C10: 3 | D10: 1 | E10: 1 | F10: 3 | G10: 0 | H10: 1 | I10: 0 | J10: 0 | K10: 1 | L10: 0 | M10: 4 | N10: 0 | O10: =SUM(C10:L10,N10) -> 10 | P10: =SUM(C10:N10) -> 14 | R10: 0700-0800 | S10: =SUM(C10:C13) -> 19 | T10: =SUM(D10:D13) -> 5 | U10: =SUM(E10:E13) -> 1 | V10: =SUM(F10:F13) -> 13 | W10: =SUM(G10:G13) -> 0 | X10: =SUM(H10:H13) -> 2 | Y10: =SUM(I10:I13) -> 2 | Z10: =SUM(J10:J13) -> 2 | ... AF10: =SUM(P10:P13) -> 82
B11: 07.15 - 07.30 | C11: 5 | D11: 1 | E11: 0 | F11: 3 | G11: 0 | H11: 0 | I11: 1 | J11: 1 | K11: 1 | L11: 0 | M11: 13 | N11: 0 | O11: =SUM(C11:L11,N11) -> 12 | P11: =SUM(C11:N11) -> 25 | R11: 0800-0900 | S11: =SUM(C14:C17) -> 13 | T11: =SUM(D14:D17) -> 6 | U11: =SUM(E14:E17) -> 6 | V11: =SUM(F14:F17) -> 17 | W11: =SUM(G14:G17) -> 0 | X11: =SUM(H14:H17) -> 3 | Y11: =SUM(I14:I17) -> 1 | Z11: =SUM(J14:J17) -> 2 | ... AF11: =SUM(P14:P17) -> 82
B12: 07.30 - 07.45 | C12: 2 | D12: 0 | E12: 0 | F12: 4 | G12: 0 | H12: 1 | I12: 1 | J12: 0 | K12: 1 | L12: 0 | M12: 5 | N12: 0 | O12: =SUM(C12:L12,N12) -> 9 | P12: =SUM(C12:N12) -> 14 | R12: 0900-1000 | S12: =SUM(C18:C21) -> 20 | T12: =SUM(D18:D21) -> 7 | U12: =SUM(E18:E21) -> 6 | V12: =SUM(F18:F21) -> 16 | W12: =SUM(G18:G21) -> 0 | X12: =SUM(H18:H21) -> 1 | Y12: =SUM(I18:I21) -> 3 | Z12: =SUM(J18:J21) -> 4 | ... AF12: =SUM(P18:P21) -> 103
B13: 07.45 - 08.00 | C13: 9 | D13: 3 | E13: 0 | F13: 3 | G13: 0 | H13: 0 | I13: 0 | J13: 1 | K13: 0 | L13: 0 | M13: 13 | N13: 0 | O13: =SUM(C13:L13,N13) -> 16 | P13: =SUM(C13:N13) -> 29 | R13: 1000-1100 | S13: =SUM(C22:C25) -> 29 | T13: =SUM(D22:D25) -> 3 | U13: =SUM(E22:E25) -> 8 | V13: =SUM(F22:F25) -> 16 | W13: =SUM(G22:G25) -> 0 | X13: =SUM(H22:H25) -> 6 | Y13: =SUM(I22:I25) -> 2 | Z13: =SUM(J22:J25) -> 1 | ... AF13: =SUM(P22:P25) -> 108
B14: 08.00 - 08.15 | C14: 4 | D14: 2 | E14: 1 | F14: 5 | G14: 0 | H14: 1 | I14: 0 | J14: 0 | K14: 1 | L14: 0 | M14: 5 | N14: 0 | O14: =SUM(C14:L14,N14) -> 14 | P14: =SUM(C14:N14) -> 19 | R14: 1100-1200 | S14: =SUM(C26:C29) -> 18 | T14: =SUM(D26:D29) -> 13 | U14: =SUM(E26:E29) -> 14 | V14: =SUM(F26:F29) -> 21 | W14: =SUM(G26:G29) -> 0 | X14: =SUM(H26:H29) -> 5 | Y14: =SUM(I26:I29) -> 5 | Z14: =SUM(J26:J29) -> 2 | ... AF14: =SUM(P26:P29) -> 110
B15: 08.15 - 08.30 | C15: 1 | D15: 3 | E15: 2 | F15: 2 | G15: 0 | H15: 1 | I15: 0 | J15: 1 | K15: 1 | L15: 0 | M15: 9 | N15: 0 | O15: =SUM(C15:L15,N15) -> 11 | P15: =SUM(C15:N15) -> 20 | R15: 1200-1300 | S15: =SUM(C30:C33) -> 29 | T15: =SUM(D30:D33) -> 16 | U15: =SUM(E30:E33) -> 10 | V15: =SUM(F30:F33) -> 19 | W15: =SUM(G30:G33) -> 0 | X15: =SUM(H30:H33) -> 7 | Y15: =SUM(I30:I33) -> 7 | Z15: =SUM(J30:J33) -> 0 | ... AF15: =SUM(P30:P33) -> 123
B16: 08.30 - 08.45 | C16: 6 | D16: 0 | E16: 0 | F16: 4 | G16: 0 | H16: 0 | I16: 0 | J16: 1 | K16: 3 | L16: 1 | M16: 5 | N16: 0 | O16: =SUM(C16:L16,N16) -> 15 | P16: =SUM(C16:N16) -> 20 | R16: 1300-1400 | S16: =SUM(C34:C37) -> 29 | T16: =SUM(D34:D37) -> 18 | U16: =SUM(E34:E37) -> 9 | V16: =SUM(F34:F37) -> 13 | W16: =SUM(G34:G37) -> 3 | X16: =SUM(H34:H37) -> 9 | Y16: =SUM(I34:I37) -> 7 | Z16: =SUM(J34:J37) -> 3 | ... AF16: =SUM(P34:P37) -> 127
B17: 08.45 - 9.00 | C17: 2 | D17: 1 | E17: 3 | F17: 6 | G17: 0 | H17: 1 | I17: 1 | J17: 0 | K17: 1 | L17: 0 | M17: 8 | N17: 0 | O17: =SUM(C17:L17,N17) -> 15 | P17: =SUM(C17:N17) -> 23 | R17: 1400-1500 | S17: =SUM(C38:C41) -> 21 | T17: =SUM(D38:D41) -> 7 | U17: =SUM(E38:E41) -> 9 | V17: =SUM(F38:F41) -> 18 | W17: =SUM(G38:G41) -> 0 | X17: =SUM(H38:H41) -> 7 | Y17: =SUM(I38:I41) -> 5 | Z17: =SUM(J38:J41) -> 6 | ... AF17: =SUM(P38:P41) -> 126
B18: 09.00 - 09.15 | C18: 2 | D18: 2 | E18: 2 | F18: 6 | G18: 0 | H18: 0 | I18: 0 | J18: 0 | K18: 1 | L18: 0 | M18: 8 | N18: 0 | O18: =SUM(C18:L18,N18) -> 13 | P18: =SUM(C18:N18) -> 21 | R18: 1500-1600 | S18: =SUM(C42:C45) -> 36 | T18: =SUM(D42:D45) -> 16 | U18: =SUM(E42:E45) -> 11 | V18: =SUM(F42:F45) -> 20 | W18: =SUM(G42:G45) -> 0 | X18: =SUM(H42:H45) -> 6 | Y18: =SUM(I42:I45) -> 1 | Z18: =SUM(J42:J45) -> 6 | ... AF18: =SUM(P42:P45) -> 155
B19: 09.15 - 09.30 | C19: 6 | D19: 3 | E19: 1 | F19: 3 | G19: 0 | H19: 0 | I19: 3 | J19: 1 | K19: 1 | L19: 0 | M19: 4 | N19: 0 | O19: =SUM(C19:L19,N19) -> 18 | P19: =SUM(C19:N19) -> 22 | R19: 1600-1700 | S19: =SUM(C46:C49) -> 42 | T19: =SUM(D46:D49) -> 10 | U19: =SUM(E46:E49) -> 13 | V19: =SUM(F46:F49) -> 17 | W19: =SUM(G46:G49) -> 0 | X19: =SUM(H46:H49) -> 4 | Y19: =SUM(I46:I49) -> 1 | Z19: =SUM(J46:J49) -> 0 | ... AF19: =SUM(P46:P49) -> 145
B20: 09.30 - 09.45 | C20: 6 | D20: 2 | E20: 2 | F20: 4 | G20: 0 | H20: 1 | I20: 0 | J20: 3 | K20: 3 | L20: 0 | M20: 17 | N20: 0 | O20: =SUM(C20:L20,N20) -> 21 | P20: =SUM(C20:N20) -> 38 | R20: 1700-1800 | S20: =SUM(C50:C53) -> 33 | T20: =SUM(D50:D53) -> 14 | U20: =SUM(E50:E53) -> 12 | V20: =SUM(F50:F53) -> 21 | W20: =SUM(G50:G53) -> 0 | X20: =SUM(H50:H53) -> 5 | Y20: =SUM(I50:I53) -> 7 | Z20: =SUM(J50:J53) -> 7 | ... AF20: =SUM(P50:P53) -> 183
B21: 09.45 - 10.00 | C21: 6 | D21: 0 | E21: 1 | F21: 3 | G21: 0 | H21: 0 | I21: 0 | J21: 0 | K21: 3 | L21: 0 | M21: 9 | N21: 0 | O21: =SUM(C21:L21,N21) -> 13 | P21: =SUM(C21:N21) -> 22 | R21: 1800-1900 | S21: =SUM(C54:C57) -> 46 | T21: =SUM(D54:D57) -> 9 | U21: =SUM(E54:E57) -> 11 | V21: =SUM(F54:F57) -> 27 | W21: =SUM(G54:G57) -> 0 | X21: =SUM(H54:H57) -> 6 | Y21: =SUM(I54:I57) -> 10 | Z21: =SUM(J54:J57) -> 12 | ... AF21: =SUM(P54:P57) -> 191
B22: 10.00 - 10.15 | C22: 3 | D22: 0 | E22: 3 | F22: 6 | G22: 0 | H22: 0 | I22: 0 | J22: 1 | K22: 2 | L22: 0 | M22: 9 | N22: 0 | O22: =SUM(C22:L22,N22) -> 15 | P22: =SUM(C22:N22) -> 24 | R22: AM Peak Hr | S22: =MAX(S10:S12) -> 20 | T22: =MAX(T10:T12) -> 7 | U22: =MAX(U10:U12) -> 6 | V22: =MAX(V10:V12) -> 17 | W22: =MAX(W10:W12) -> 0 | X22: =MAX(X10:X12) -> 3 | Y22: =MAX(Y10:Y12) -> 3 | Z22: =MAX(Z10:Z12) -> 4 | ... AF22: =MAX(AF10:AF12) -> 103
B23: 10.15 - 10.30 | C23: 7 | D23: 1 | E23: 1 | F23: 3 | G23: 0 | H23: 1 | I23: 1 | J23: 0 | K23: 0 | L23: 0 | M23: 13 | N23: 0 | O23: =SUM(C23:L23,N23) -> 14 | P23: =SUM(C23:N23) -> 27 | R23: IP Peak Hr | S23: =MAX(S13:S18) -> 36 | T23: =MAX(T13:T18) -> 18 | U23: =MAX(U13:U18) -> 14 | V23: =MAX(V13:V18) -> 21 | W23: =MAX(W13:W18) -> 3 | X23: =MAX(X13:X18) -> 9 | Y23: =MAX(Y13:Y18) -> 7 | Z23: =MAX(Z13:Z18) -> 6 | ... AF23: =MAX(AF13:AF18) -> 155
B24: 10.30 - 10.45 | C24: 5 | D24: 0 | E24: 2 | F24: 3 | G24: 0 | H24: 4 | I24: 0 | J24: 0 | K24: 1 | L24: 1 | M24: 10 | N24: 0 | O24: =SUM(C24:L24,N24) -> 16 | P24: =SUM(C24:N24) -> 26 | R24: PM Peak Hr | S24: =MAX(S19:S21) -> 46 | T24: =MAX(T19:T21) -> 14 | U24: =MAX(U19:U21) -> 13 | V24: =MAX(V19:V21) -> 27 | W24: =MAX(W19:W21) -> 0 | X24: =MAX(X19:X21) -> 6 | Y24: =MAX(Y19:Y21) -> 10 | Z24: =MAX(Z19:Z21) -> 12 | ... AF24: =MAX(AF19:AF21) -> 191
B25: 10.45 - 11.00 | C25: 14 | D25: 2 | E25: 2 | F25: 4 | G25: 0 | H25: 1 | I25: 1 | J25: 0 | K25: 1 | L25: 0 | M25: 6 | N25: 0 | O25: =SUM(C25:L25,N25) -> 25 | P25: =SUM(C25:N25) -> 31 | R25: AM Period | S25: =SUM(S10:S12) -> 52 | T25: =SUM(T10:T12) -> 18 | U25: =SUM(U10:U12) -> 13 | V25: =SUM(V10:V12) -> 46 | W25: =SUM(W10:W12) -> 0 | X25: =SUM(X10:X12) -> 6 | Y25: =SUM(Y10:Y12) -> 6 | Z25: =SUM(Z10:Z12) -> 8 | ... AF25: =SUM(AF10:AF12) -> 267
B26: 11.00 - 11.15 | C26: 1 | D26: 3 | E26: 2 | F26: 4 | G26: 0 | H26: 1 | I26: 2 | J26: 1 | K26: 2 | L26: 1 | M26: 5 | N26: 0 | O26: =SUM(C26:L26,N26) -> 17 | P26: =SUM(C26:N26) -> 22 | R26: IP Period | S26: =SUM(S13:S18) -> 162 | T26: =SUM(T13:T18) -> 73 | U26: =SUM(U13:U18) -> 61 | V26: =SUM(V13:V18) -> 107 | W26: =SUM(W13:W18) -> 3 | X26: =SUM(X13:X18) -> 40 | Y26: =SUM(Y13:Y18) -> 27 | Z26: =SUM(Z13:Z18) -> 18 | ... AF26: =SUM(AF13:AF18) -> 749
B27: 11.15 - 11.30 | C27: 7 | D27: 4 | E27: 1 | F27: 7 | G27: 0 | H27: 1 | I27: 0 | J27: 0 | K27: 2 | L27: 0 | M27: 5 | N27: 0 | O27: =SUM(C27:L27,N27) -> 22 | P27: =SUM(C27:N27) -> 27 | R27: PM Period | S27: =SUM(S19:S21) -> 121 | T27: =SUM(T19:T21) -> 33 | U27: =SUM(U19:U21) -> 36 | V27: =SUM(V19:V21) -> 65 | W27: =SUM(W19:W21) -> 0 | X27: =SUM(X19:X21) -> 15 | Y27: =SUM(Y19:Y21) -> 18 | Z27: =SUM(Z19:Z21) -> 19 | ... AF27: =SUM(AF19:AF21) -> 519
B28: 11.30 - 11.45 | C28: 7 | D28: 2 | E28: 5 | F28: 5 | G28: 0 | H28: 2 | I28: 2 | J28: 1 | K28: 1 | L28: 0 | M28: 6 | N28: 0 | O28: =SUM(C28:L28,N28) -> 25 | P28: =SUM(C28:N28) -> 31 | R28: 12 Hours | S28: =SUM(S10:S21) -> 335 | T28: =SUM(T10:T21) -> 124 | U28: =SUM(U10:U21) -> 110 | V28: =SUM(V10:V21) -> 218 | W28: =SUM(W10:W21) -> 3 | X28: =SUM(X10:X21) -> 61 | Y28: =SUM(Y10:Y21) -> 51 | Z28: =SUM(Z10:Z21) -> 45 | ... AF28: =SUM(AF10:AF21) -> 1535
B29: 11.45 - 12.00 | C29: 3 | D29: 4 | E29: 6 | F29: 5 | G29: 0 | H29: 1 | I29: 1 | J29: 0 | K29: 1 | L29: 0 | M29: 9 | N29: 0 | O29: =SUM(C29:L29,N29) -> 21 | P29: =SUM(C29:N29) -> 30
B30: 12.00 - 12.15 | C30: 8 | D30: 8 | E30: 0 | F30: 4 | G30: 0 | H30: 2 | I30: 0 | J30: 0 | K30: 1 | L30: 0 | M30: 7 | N30: 0 | O30: =SUM(C30:L30,N30) -> 23 | P30: =SUM(C30:N30) -> 30
B31: 12.15 - 12.30 | C31: 9 | D31: 3 | E31: 5 | F31: 6 | G31: 0 | H31: 2 | I31: 2 | J31: 0 | K31: 1 | L31: 0 | M31: 4 | N31: 0 | O31: =SUM(C31:L31,N31) -> 28 | P31: =SUM(C31:N31) -> 32
B32: 12.30 - 12.45 | C32: 7 | D32: 3 | E32: 4 | F32: 5 | G32: 0 | H32: 1 | I32: 3 | J32: 0 | K32: 3 | L32: 0 | M32: 7 | N32: 0 | O32: =SUM(C32:L32,N32) -> 26 | P32: =SUM(C32:N32) -> 33
B33: 12.45 - 13.00 | C33: 5 | D33: 2 | E33: 1 | F33: 4 | G33: 0 | H33: 2 | I33: 2 | J33: 0 | K33: 2 | L33: 0 | M33: 10 | N33: 0 | O33: =SUM(C33:L33,N33) -> 18 | P33: =SUM(C33:N33) -> 28
B34: 13.00 - 13.15 | C34: 6 | D34: 2 | E34: 3 | F34: 4 | G34: 0 | H34: 2 | I34: 2 | J34: 1 | K34: 0 | L34: 0 | M34: 7 | N34: 0 | O34: =SUM(C34:L34,N34) -> 20 | P34: =SUM(C34:N34) -> 27
B35: 13.15 - 13.30 | C35: 12 | D35: 6 | E35: 5 | F35: 5 | G35: 3 | H35: 3 | I35: 4 | J35: 0 | K35: 3 | L35: 0 | M35: 10 | N35: 0 | O35: =SUM(C35:L35,N35) -> 41 | P35: =SUM(C35:N35) -> 51
B36: 13.30 - 13.45 | C36: 3 | D36: 4 | E36: 0 | F36: 2 | G36: 0 | H36: 4 | I36: 1 | J36: 0 | K36: 0 | L36: 0 | M36: 3 | N36: 0 | O36: =SUM(C36:L36,N36) -> 14 | P36: =SUM(C36:N36) -> 17
B37: 13.45 - 14.00 | C37: 8 | D37: 6 | E37: 1 | F37: 2 | G37: 0 | H37: 0 | I37: 0 | J37: 2 | K37: 3 | L37: 0 | M37: 10 | N37: 0 | O37: =SUM(C37:L37,N37) -> 22 | P37: =SUM(C37:N37) -> 32
B38: 14.00 - 14.15 | C38: 6 | D38: 1 | E38: 4 | F38: 8 | G38: 0 | H38: 0 | I38: 1 | J38: 2 | K38: 3 | L38: 0 | M38: 3 | N38: 0 | O38: =SUM(C38:L38,N38) -> 25 | P38: =SUM(C38:N38) -> 28
B39: 14.15 - 14.30 | C39: 6 | D39: 1 | E39: 1 | F39: 4 | G39: 0 | H39: 3 | I39: 1 | J39: 1 | K39: 5 | L39: 1 | M39: 7 | N39: 0 | O39: =SUM(C39:L39,N39) -> 23 | P39: =SUM(C39:N39) -> 30
B40: 14.30 - 14.45 | C40: 5 | D40: 3 | E40: 3 | F40: 3 | G40: 0 | H40: 2 | I40: 1 | J40: 2 | K40: 11 | L40: 0 | M40: 7 | N40: 0 | O40: =SUM(C40:L40,N40) -> 30 | P40: =SUM(C40:N40) -> 37
... B57: 18.45 - 19.00 | C57: 14 | D57: 3 | E57: 0 | F57: 8 | G57: 0 | H57: 0 | I57: 0 | J57: 4 | K57: 1 | L57: 0 | M57: 13 | N57: 0 | O57: =SUM(C57:L57,N57) -> 30 | P57: =SUM(C57:N57) -> 43
B58: Totals | C58: =SUM(C10:C57) -> 335 | D58: =SUM(D10:D57) -> 124 | E58: =SUM(E10:E57) -> 110 | F58: =SUM(F10:F57) -> 218 | G58: =SUM(G10:G57) -> 3 | H58: =SUM(H10:H57) -> 61 | I58: =SUM(I10:I57) -> 51 | J58: =SUM(J10:J57) -> 45 | ... P58: =SUM(P10:P57) -> 1535
B59: %ges + MCs | C59: =C58/$P$58 -> 0.21824104 | D59: =D58/$P$58 -> 0.080781759 | E59: =E58/$P$58 -> 0.071661238 | F59: =F58/$P$58 -> 0.14201954 | G59: =G58/$P$58 -> 0.0019543974 | H59: =H58/$P$58 -> 0.039739414 | I59: =I58/$P$58 -> 0.033224756 | J59: =J58/$P$58 -> 0.029315961 | ... N59: =N58/$P$58 -> 0
B60: %ges w/o MCs | C60: =C58/$O$58 -> 0.3125 | D60: =D58/$O$58 -> 0.11567164 | E60: =E58/$O$58 -> 0.10261194 | F60: =F58/$O$58 -> 0.20335821 | G60: =G58/$O$58 -> 0.0027985075 | H60: =H58/$O$58 -> 0.056902985 | I60: =I58/$O$58 -> 0.047574627 | J60: =J58/$O$58 -> 0.041977612 | ... L60: =L58/$O$58 -> 0.0037313433 | N60: =N58/$O$58 -> 0

Sheet 18.10 MASAKA-MBARARA-24H
B1: Consultancy services for Preparation of Expressway Development Master Plan (EDMP) for Uganda
B2: MANUAL CLASSIFIED COUNT (MCC)
B3: ROAD NAME: | C3: MASAKA-MBARARA ROAD
C5: Date | D5: 18.10.19 | F5: Location | G5: ='19.10 MASAKA-MBARARA-24H'!G5:H5 -> KINONI | J5: Surveyor | K5: KETRA
C6: Dir. From | D6: MASAKA | F6: Dir. To | G6: MBARARA | J6: Supervisor | K6: ='19.10 MASAKA-MBARARA-24H'!K6:L6 -> SANDRA
B8: Time / Veh Type | R8: SUMMARY TRAFFIC VOLUMES
C9: 1. Car | D9: 2. Station Wagon | E9: 3. Pickups | F9: 4. Minibus, matatu | G9: 5. Medium bus | H9: 6. Large Bus | I9: 7. Light Truck | J9: 8. Medium Truck | K9: 9. Heavy truck | L9: 10. Truck Trailer | M9: 11. Motor cycles | N9: 12. Tractors | O9: Total Excl M/Cycles | P9: Total All | R9: Time | S9: 1. Car | T9: 2. Station Wagon | U9: 3. Pickups | V9: 4. Minibus, matatu | W9: 5. Medium bus | X9: 6. Large Bus | Y9: 7. Light Truck | Z9: 8. Medium Truck | AA9: 9. Heavy truck | AB9: 10. Truck Trailer | AC9: 11. Motorcycles | AD9: 12. Tractors, Graders | AE9: Total Excl M/ Cycles | AF9: Total All
B10: 07.00 - 07.15 | C10: 6 | D10: 2 | E10: 2 | F10: 5 | G10: 0 | H10: 1 | I10: 2 | J10: 1 | K10: 4 | L10: 0 | M10: 4 | N10: 0 | O10: =SUM(C10:L10,N10) -> 23 | P10: =SUM(C10:N10) -> 27 | R10: 0700-0800 | S10: =SUM(C10:C13) -> 31 | T10: =SUM(D10:D13) -> 14 | U10: =SUM(E10:E13) -> 12 | V10: =SUM(F10:F13) -> 12 | W10: =SUM(G10:G13) -> 0 | X10: =SUM(H10:H13) -> 1 | Y10: =SUM(I10:I13) -> 9 | Z10: =SUM(J10:J13) -> 2 | ... AF10: =SUM(P10:P13) -> 133
B11: 07.15 - 07.30 | C11: 4 | D11: 6 | E11: 0 | F11: 4 | G11: 0 | H11: 0 | I11: 2 | J11: 0 | K11: 4 | L11: 0 | M11: 8 | N11: 0 | O11: =SUM(C11:L11,N11) -> 20 | P11: =SUM(C11:N11) -> 28 | R11: 0800-0900 | S11: =SUM(C14:C17) -> 40 | T11: =SUM(D14:D17) -> 20 | U11: =SUM(E14:E17) -> 9 | V11: =SUM(F14:F17) -> 18 | W11: =SUM(G14:G17) -> 0 | X11: =SUM(H14:H17) -> 3 | Y11: =SUM(I14:I17) -> 2 | Z11: =SUM(J14:J17) -> 4 | ... AF11: =SUM(P14:P17) -> 140
B12: 07.30 - 07.45 | C12: 12 | D12: 2 | E12: 4 | F12: 2 | G12: 0 | H12: 0 | I12: 4 | J12: 1 | K12: 3 | L12: 0 | M12: 15 | N12: 0 | O12: =SUM(C12:L12,N12) -> 28 | P12: =SUM(C12:N12) -> 43 | R12: 0900-1000 | S12: =SUM(C18:C21) -> 38 | T12: =SUM(D18:D21) -> 13 | U12: =SUM(E18:E21) -> 4 | V12: =SUM(F18:F21) -> 19 | W12: =SUM(G18:G21) -> 5 | X12: =SUM(H18:H21) -> 2 | Y12: =SUM(I18:I21) -> 7 | Z12: =SUM(J18:J21) -> 4 | ... AF12: =SUM(P18:P21) -> 155
B13: 07.45 - 08.00 | C13: 9 | D13: 4 | E13: 6 | F13: 1 | G13: 0 | H13: 0 | I13: 1 | J13: 0 | K13: 1 | L13: 1 | M13: 12 | N13: 0 | O13: =SUM(C13:L13,N13) -> 23 | P13: =SUM(C13:N13) -> 35 | R13: 1000-1100 | S13: =SUM(C22:C25) -> 31 | T13: =SUM(D22:D25) -> 18 | U13: =SUM(E22:E25) -> 4 | V13: =SUM(F22:F25) -> 18 | W13: =SUM(G22:G25) -> 0 | X13: =SUM(H22:H25) -> 3 | Y13: =SUM(I22:I25) -> 1 | Z13: =SUM(J22:J25) -> 6 | ... AF13: =SUM(P22:P25) -> 144
B14: 08.00 - 08.15 | C14: 8 | D14: 3 | E14: 1 | F14: 4 | G14: 0 | H14: 1 | I14: 0 | J14: 0 | K14: 4 | L14: 0 | M14: 2 | N14: 0 | O14: =SUM(C14:L14,N14) -> 21 | P14: =SUM(C14:N14) -> 23 | R14: 1100-1200 | S14: =SUM(C26:C29) -> 39 | T14: =SUM(D26:D29) -> 13 | U14: =SUM(E26:E29) -> 2 | V14: =SUM(F26:F29) -> 12 | W14: =SUM(G26:G29) -> 3 | X14: =SUM(H26:H29) -> 3 | Y14: =SUM(I26:I29) -> 0 | Z14: =SUM(J26:J29) -> 7 | ... AF14: =SUM(P26:P29) -> 131
B15: 08.15 - 08.30 | C15: 10 | D15: 3 | E15: 3 | F15: 5 | G15: 0 | H15: 0 | I15: 2 | J15: 2 | K15: 2 | L15: 0 | M15: 13 | N15: 0 | O15: =SUM(C15:L15,N15) -> 27 | P15: =SUM(C15:N15) -> 40 | R15: 1200-1300 | S15: =SUM(C30:C33) -> 39 | T15: =SUM(D30:D33) -> 21 | U15: =SUM(E30:E33) -> 9 | V15: =SUM(F30:F33) -> 21 | W15: =SUM(G30:G33) -> 0 | X15: =SUM(H30:H33) -> 5 | Y15: =SUM(I30:I33) -> 2 | Z15: =SUM(J30:J33) -> 10 | ... AF15: =SUM(P30:P33) -> 161
B16: 08.30 - 08.45 | C16: 7 | D16: 5 | E16: 3 | F16: 6 | G16: 0 | H16: 1 | I16: 0 | J16: 2 | K16: 1 | L16: 1 | M16: 4 | N16: 0 | O16: =SUM(C16:L16,N16) -> 26 | P16: =SUM(C16:N16) -> 30 | R16: 1300-1400 | S16: =SUM(C34:C37) -> 21 | T16: =SUM(D34:D37) -> 9 | U16: =SUM(E34:E37) -> 2 | V16: =SUM(F34:F37) -> 17 | W16: =SUM(G34:G37) -> 2 | X16: =SUM(H34:H37) -> 6 | Y16: =SUM(I34:I37) -> 2 | Z16: =SUM(J34:J37) -> 4 | ... AF16: =SUM(P34:P37) -> 108
B17: 08.45 - 9.00 | C17: 15 | D17: 9 | E17: 2 | F17: 3 | G17: 0 | H17: 1 | I17: 0 | J17: 0 | K17: 1 | L17: 0 | M17: 16 | N17: 0 | O17: =SUM(C17:L17,N17) -> 31 | P17: =SUM(C17:N17) -> 47 | R17: 1400-1500 | S17: =SUM(C38:C41) -> 21 | T17: =SUM(D38:D41) -> 11 | U17: =SUM(E38:E41) -> 2 | V17: =SUM(F38:F41) -> 10 | W17: =SUM(G38:G41) -> 1 | X17: =SUM(H38:H41) -> 4 | Y17: =SUM(I38:I41) -> 2 | Z17: =SUM(J38:J41) -> 9 | ... AF17: =SUM(P38:P41) -> 98
B18: 09.00 - 09.15 | C18: 7 | D18: 1 | E18: 0 | F18: 1 | G18: 0 | H18: 1 | I18: 4 | J18: 2 | K18: 3 | L18: 0 | M18: 11 | N18: 0 | O18: =SUM(C18:L18,N18) -> 19 | P18: =SUM(C18:N18) -> 30 | R18: 1500-1600 | S18: =SUM(C42:C45) -> 45 | T18: =SUM(D42:D45) -> 21 | U18: =SUM(E42:E45) -> 4 | V18: =SUM(F42:F45) -> 21 | W18: =SUM(G42:G45) -> 0 | X18: =SUM(H42:H45) -> 8 | Y18: =SUM(I42:I45) -> 5 | Z18: =SUM(J42:J45) -> 20 | ... AF18: =SUM(P42:P45) -> 173
B19: 09.15 - 09.30 | C19: 6 | D19: 1 | E19: 2 | F19: 9 | G19: 2 | H19: 0 | I19: 0 | J19: 0 | K19: 3 | L19: 0 | M19: 13 | N19: 0 | O19: =SUM(C19:L19,N19) -> 23 | P19: =SUM(C19:N19) -> 36 | R19: 1600-1700 | S19: =SUM(C46:C49) -> 42 | T19: =SUM(D46:D49) -> 29 | U19: =SUM(E46:E49) -> 5 | V19: =SUM(F46:F49) -> 19 | W19: =SUM(G46:G49) -> 3 | X19: =SUM(H46:H49) -> 7 | Y19: =SUM(I46:I49) -> 7 | Z19: =SUM(J46:J49) -> 24 | ... AF19: =SUM(P46:P49) -> 185
B20: 09.30 - 09.45 | C20: 16 | D20: 4 | E20: 1 | F20: 8 | G20: 0 | H20: 1 | I20: 1 | J20: 1 | K20: 9 | L20: 0 | M20: 5 | N20: 0 | O20: =SUM(C20:L20,N20) -> 41 | P20: =SUM(C20:N20) -> 46 | R20: 1700-1800 | S20: =SUM(C50:C53) -> 58 | T20: =SUM(D50:D53) -> 16 | U20: =SUM(E50:E53) -> 9 | V20: =SUM(F50:F53) -> 20 | W20: =SUM(G50:G53) -> 2 | X20: =SUM(H50:H53) -> 8 | Y20: =SUM(I50:I53) -> 10 | Z20: =SUM(J50:J53) -> 22 | ... AF20: =SUM(P50:P53) -> 204
B21: 09.45 - 10.00 | C21: 9 | D21: 7 | E21: 1 | F21: 1 | G21: 3 | H21: 0 | I21: 2 | J21: 1 | K21: 0 | L21: 0 | M21: 19 | N21: 0 | O21: =SUM(C21:L21,N21) -> 24 | P21: =SUM(C21:N21) -> 43 | R21: 1800-1900 | S21: =SUM(C54:C57) -> 33 | T21: =SUM(D54:D57) -> 20 | U21: =SUM(E54:E57) -> 4 | V21: =SUM(F54:F57) -> 18 | W21: =SUM(G54:G57) -> 0 | X21: =SUM(H54:H57) -> 5 | Y21: =SUM(I54:I57) -> 3 | Z21: =SUM(J54:J57) -> 17 | ... AF21: =SUM(P54:P57) -> 146
B22: 10.00 - 10.15 | C22: 6 | D22: 6 | E22: 1 | F22: 4 | G22: 0 | H22: 2 | I22: 0 | J22: 2 | K22: 4 | L22: 0 | M22: 12 | N22: 0 | O22: =SUM(C22:L22,N22) -> 25 | P22: =SUM(C22:N22) -> 37 | R22: 1900-2000 | S22: =SUM(C58:C61) -> 34 | T22: =SUM(D58:D61) -> 13 | U22: =SUM(E58:E61) -> 4 | V22: =SUM(F58:F61) -> 15 | W22: =SUM(G58:G61) -> 1 | X22: =SUM(H58:H61) -> 4 | Y22: =SUM(I58:I61) -> 8 | Z22: =SUM(J58:J61) -> 8 | ... AF22: =SUM(P58:P61) -> 115
B23: 10.15 - 10.30 | C23: 7 | D23: 4 | E23: 0 | F23: 4 | G23: 0 | H23: 0 | I23: 1 | J23: 1 | K23: 1 | L23: 0 | M23: 16 | N23: 0 | O23: =SUM(C23:L23,N23) -> 18 | P23: =SUM(C23:N23) -> 34 | R23: 2000-2100 | S23: =SUM(C62:C65) -> 37 | T23: =SUM(D62:D65) -> 4 | U23: =SUM(E62:E65) -> 4 | V23: =SUM(F62:F65) -> 8 | W23: =SUM(G62:G65) -> 0 | X23: =SUM(H62:H65) -> 5 | Y23: =SUM(I62:I65) -> 19 | Z23: =SUM(J62:J65) -> 0 | ... AF23: =SUM(P62:P65) -> 102
B24: 10.30 - 10.45 | C24: 9 | D24: 2 | E24: 2 | F24: 6 | G24: 0 | H24: 0 | I24: 0 | J24: 1 | K24: 2 | L24: 1 | M24: 9 | N24: 0 | O24: =SUM(C24:L24,N24) -> 23 | P24: =SUM(C24:N24) -> 32 | R24: 2100-2200 | S24: =SUM(C66:C69) -> 30 | T24: =SUM(D66:D69) -> 2 | U24: =SUM(E66:E69) -> 7 | V24: =SUM(F66:F69) -> 10 | W24: =SUM(G66:G69) -> 1 | X24: =SUM(H66:H69) -> 3 | Y24: =SUM(I66:I69) -> 17 | Z24: =SUM(J66:J69) -> 1 | ... AF24: =SUM(P66:P69) -> 94
B25: 10.45 - 11.00 | C25: 9 | D25: 6 | E25: 1 | F25: 4 | G25: 0 | H25: 1 | I25: 0 | J25: 2 | K25: 1 | L25: 0 | M25: 17 | N25: 0 | O25: =SUM(C25:L25,N25) -> 24 | P25: =SUM(C25:N25) -> 41 | R25: 2200-2300 | S25: =SUM(C70:C73) -> 19 | T25: =SUM(D70:D73) -> 6 | U25: =SUM(E70:E73) -> 5 | V25: =SUM(F70:F73) -> 9 | W25: =SUM(G70:G73) -> 0 | X25: =SUM(H70:H73) -> 6 | Y25: =SUM(I70:I73) -> 24 | Z25: =SUM(J70:J73) -> 3 | ... AF25: =SUM(P70:P73) -> 88
B26: 11.00 - 11.15 | C26: 9 | D26: 1 | E26: 0 | F26: 1 | G26: 0 | H26: 0 | I26: 0 | J26: 2 | K26: 0 | L26: 1 | M26: 11 | N26: 0 | O26: =SUM(C26:L26,N26) -> 14 | P26: =SUM(C26:N26) -> 25 | R26: 2300-0000 | S26: =SUM(C74:C77) -> 22 | T26: =SUM(D74:D77) -> 5 | U26: =SUM(E74:E77) -> 4 | V26: =SUM(F74:F77) -> 4 | W26: =SUM(G74:G77) -> 0 | X26: =SUM(H74:H77) -> 4 | Y26: =SUM(I74:I77) -> 11 | Z26: =SUM(J74:J77) -> 5 | ... AF26: =SUM(P74:P77) -> 74
B27: 11.15 - 11.30 | C27: 10 | D27: 3 | E27: 2 | F27: 3 | G27: 1 | H27: 2 | I27: 0 | J27: 2 | K27: 1 | L27: 1 | M27: 12 | N27: 0 | O27: =SUM(C27:L27,N27) -> 25 | P27: =SUM(C27:N27) -> 37 | R27: 0000-0100 | S27: =SUM(C78:C81) -> 13 | T27: =SUM(D78:D81) -> 2 | U27: =SUM(E78:E81) -> 4 | V27: =SUM(F78:F81) -> 6 | W27: =SUM(G78:G81) -> 2 | X27: =SUM(H78:H81) -> 2 | Y27: =SUM(I78:I81) -> 9 | Z27: =SUM(J78:J81) -> 4 | ... AF27: =SUM(P78:P81) -> 54
B28: 11.30 - 11.45 | C28: 13 | D28: 4 | E28: 0 | F28: 4 | G28: 1 | H28: 0 | I28: 0 | J28: 0 | K28: 2 | L28: 0 | M28: 14 | N28: 0 | O28: =SUM(C28:L28,N28) -> 24 | P28: =SUM(C28:N28) -> 38 | R28: 0100-0200 | S28: =SUM(C82:C85) -> 19 | T28: =SUM(D82:D85) -> 3 | U28: =SUM(E82:E85) -> 3 | V28: =SUM(F82:F85) -> 4 | W28: =SUM(G82:G85) -> 0 | X28: =SUM(H82:H85) -> 20 | Y28: =SUM(I82:I85) -> 12 | Z28: =SUM(J82:J85) -> 14 | ... AF28: =SUM(P82:P85) -> 90
B29: 11.45 - 12.00 | C29: 7 | D29: 5 | E29: 0 | F29: 4 | G29: 1 | H29: 1 | I29: 0 | J29: 3 | K29: 1 | L29: 0 | M29: 9 | N29: 0 | O29: =SUM(C29:L29,N29) -> 22 | P29: =SUM(C29:N29) -> 31 | R29: 0200-0300 | S29: =SUM(C86:C89) -> 8 | T29: =SUM(D86:D89) -> 2 | U29: =SUM(E86:E89) -> 0 | V29: =SUM(F86:F89) -> 6 | W29: =SUM(G86:G89) -> 0 | X29: =SUM(H86:H89) -> 10 | Y29: =SUM(I86:I89) -> 6 | Z29: =SUM(J86:J89) -> 10 | ... AF29: =SUM(P86:P89) -> 58
B30: 12.00 - 12.15 | C30: 7 | D30: 4 | E30: 2 | F30: 7 | G30: 0 | H30: 2 | I30: 0 | J30: 3 | K30: 4 | L30: 0 | M30: 15 | N30: 0 | O30: =SUM(C30:L30,N30) -> 29 | P30: =SUM(C30:N30) -> 44 | R30: 0300-0400 | S30: =SUM(C90:C93) -> 10 | T30: =SUM(D90:D93) -> 0 | U30: =SUM(E90:E93) -> 1 | V30: =SUM(F90:F93) -> 4 | W30: =SUM(G90:G93) -> 1 | X30: =SUM(H90:H93) -> 7 | Y30: =SUM(I90:I93) -> 11 | Z30: =SUM(J90:J93) -> 4 | ... AF30: =SUM(P90:P93) -> 56
B31: 12.15 - 12.30 | C31: 12 | D31: 6 | E31: 4 | F31: 5 | G31: 0 | H31: 1 | I31: 1 | J31: 2 | K31: 0 | L31: 0 | M31: 10 | N31: 0 | O31: =SUM(C31:L31,N31) -> 31 | P31: =SUM(C31:N31) -> 41 | R31: 0400-0500 | S31: =SUM(C94:C97) -> 2 | T31: =SUM(D94:D97) -> 1 | U31: =SUM(E94:E97) -> 2 | V31: =SUM(F94:F97) -> 0 | W31: =SUM(G94:G97) -> 1 | X31: =SUM(H94:H97) -> 2 | Y31: =SUM(I94:I97) -> 3 | Z31: =SUM(J94:J97) -> 4 | ... AF31: =SUM(P94:P97) -> 31
B32: 12.30 - 12.45 | C32: 9 | D32: 5 | E32: 1 | F32: 6 | G32: 0 | H32: 1 | I32: 1 | J32: 3 | K32: 6 | L32: 1 | M32: 12 | N32: 0 | O32: =SUM(C32:L32,N32) -> 33 | P32: =SUM(C32:N32) -> 45 | R32: 0500-0600 | S32: =SUM(C98:C101) -> 1 | T32: =SUM(D98:D101) -> 2 | U32: =SUM(E98:E101) -> 2 | V32: =SUM(F98:F101) -> 1 | W32: =SUM(G98:G101) -> 0 | X32: =SUM(H98:H101) -> 1 | Y32: =SUM(I98:I101) -> 1 | Z32: =SUM(J98:J101) -> 4 | ... AF32: =SUM(P98:P101) -> 19
B33: 12.45 - 13.00 | C33: 11 | D33: 6 | E33: 2 | F33: 3 | G33: 0 | H33: 1 | I33: 0 | J33: 2 | K33: 0 | L33: 0 | M33: 6 | N33: 0 | O33: =SUM(C33:L33,N33) -> 25 | P33: =SUM(C33:N33) -> 31 | R33: 0600-0700 | S33: =SUM(C102:C105) -> 15 | T33: =SUM(D102:D105) -> 3 | U33: =SUM(E102:E105) -> 3 | V33: =SUM(F102:F105) -> 5 | W33: =SUM(G102:G105) -> 0 | X33: =SUM(H102:H105) -> 1 | Y33: =SUM(I102:I105) -> 6 | Z33: =SUM(J102:J105) -> 3 | ... AF33: =SUM(P102:P105) -> 55
B34: 13.00 - 13.15 | C34: 9 | D34: 4 | E34: 0 | F34: 4 | G34: 0 | H34: 1 | I34: 0 | J34: 2 | K34: 3 | L34: 0 | M34: 6 | N34: 0 | O34: =SUM(C34:L34,N34) -> 23 | P34: =SUM(C34:N34) -> 29 | R34: AM Peak Hr | S34: =MAX(S10:S12) -> 40 | T34: =MAX(T10:T12) -> 20 | U34: =MAX(U10:U12) -> 12 | V34: =MAX(V10:V12) -> 19 | W34: =MAX(W10:W12) -> 5 | X34: =MAX(X10:X12) -> 3 | Y34: =MAX(Y10:Y12) -> 9 | Z34: =MAX(Z10:Z12) -> 4 | ... AF34: =MAX(AF10:AF12) -> 155
B35: 13.15 - 13.30 | C35: 7 | D35: 1 | E35: 1 | F35: 8 | G35: 1 | H35: 1 | I35: 1 | J35: 0 | K35: 2 | L35: 0 | M35: 14 | N35: 0 | O35: =SUM(C35:L35,N35) -> 22 | P35: =SUM(C35:N35) -> 36 | R35: IP Peak Hr | S35: =MAX(S13:S18) -> 45 | T35: =MAX(T13:T18) -> 21 | U35: =MAX(U13:U18) -> 9 | V35: =MAX(V13:V18) -> 21 | W35: =MAX(W13:W18) -> 3 | X35: =MAX(X13:X18) -> 8 | Y35: =MAX(Y13:Y18) -> 5 | Z35: =MAX(Z13:Z18) -> 20 | ... AF35: =MAX(AF13:AF18) -> 173
B36: 13.30 - 13.45 | C36: 0 | D36: 0 | E36: 0 | F36: 0 | G36: 0 | H36: 0 | I36: 0 | J36: 0 | K36: 0 | L36: 0 | M36: 9 | N36: 0 | O36: =SUM(C36:L36,N36) -> 0 | P36: =SUM(C36:N36) -> 9 | R36: PM Peak Hr | S36: =MAX(S19:S21) -> 58 | T36: =MAX(T19:T21) -> 29 | U36: =MAX(U19:U21) -> 9 | V36: =MAX(V19:V21) -> 20 | W36: =MAX(W19:W21) -> 3 | X36: =MAX(X19:X21) -> 8 | Y36: =MAX(Y19:Y21) -> 10 | Z36: =MAX(Z19:Z21) -> 24 | ... AF36: =MAX(AF19:AF21) -> 204
B37: 13.45 - 14.00 | C37: 5 | D37: 4 | E37: 1 | F37: 5 | G37: 1 | H37: 4 | I37: 1 | J37: 2 | K37: 3 | L37: 0 | M37: 8 | N37: 0 | O37: =SUM(C37:L37,N37) -> 26 | P37: =SUM(C37:N37) -> 34 | R37: AM Period | S37: =SUM(S10:S12) -> 109 | T37: =SUM(T10:T12) -> 47 | U37: =SUM(U10:U12) -> 25 | V37: =SUM(V10:V12) -> 49 | W37: =SUM(W10:W12) -> 5 | X37: =SUM(X10:X12) -> 6 | Y37: =SUM(Y10:Y12) -> 18 | Z37: =SUM(Z10:Z12) -> 10 | ... AF37: =SUM(AF10:AF12) -> 428
B38: 14.00 - 14.15 | C38: 0 | D38: 0 | E38: 0 | F38: 0 | G38: 0 | H38: 0 | I38: 0 | J38: 0 | K38: 0 | L38: 0 | M38: 0 | N38: 0 | O38: =SUM(C38:L38,N38) -> 0 | P38: =SUM(C38:N38) -> 0 | R38: IP Period | S38: =SUM(S13:S18) -> 196 | T38: =SUM(T13:T18) -> 93 | U38: =SUM(U13:U18) -> 23 | V38: =SUM(V13:V18) -> 99 | W38: =SUM(W13:W18) -> 6 | X38: =SUM(X13:X18) -> 29 | Y38: =SUM(Y13:Y18) -> 12 | Z38: =SUM(Z13:Z18) -> 56 | ... AF38: =SUM(AF13:AF18) -> 815
B39: 14.15 - 14.30 | C39: 7 | D39: 2 | E39: 0 | F39: 4 | G39: 1 | H39: 0 | I39: 2 | J39: 2 | K39: 2 | L39: 0 | M39: 9 | N39: 0 | O39: =SUM(C39:L39,N39) -> 20 | P39: =SUM(C39:N39) -> 29 | R39: PM Period | S39: =SUM(S19:S21) -> 133 | T39: =SUM(T19:T21) -> 65 | U39: =SUM(U19:U21) -> 18 | V39: =SUM(V19:V21) -> 57 | W39: =SUM(W19:W21) -> 5 | X39: =SUM(X19:X21) -> 20 | Y39: =SUM(Y19:Y21) -> 20 | Z39: =SUM(Z19:Z21) -> 63 | ... AF39: =SUM(AF19:AF21) -> 535
B40: 14.30 - 14.45 | C40: 5 | D40: 4 | E40: 2 | F40: 2 | G40: 0 | H40: 3 | I40: 0 | J40: 3 | K40: 0 | L40: 1 | M40: 15 | N40: 0 | O40: =SUM(C40:L40,N40) -> 20 | P40: =SUM(C40:N40) -> 35 | R40: 12 Hours | S40: =SUM(S10:S21) -> 438 | T40: =SUM(T10:T21) -> 205 | U40: =SUM(U10:U21) -> 66 | V40: =SUM(V10:V21) -> 205 | W40: =SUM(W10:W21) -> 16 | X40: =SUM(X10:X21) -> 55 | Y40: =SUM(Y10:Y21) -> 50 | Z40: =SUM(Z10:Z21) -> 129 | ... AF40: =SUM(AF10:AF21) -> 1778
B41: 14.45 - 15.00 | C41: 9 | D41: 5 | E41: 0 | F41: 4 | G41: 0 | H41: 1 | I41: 0 | J41: 4 | K41: 0 | L41: 0 | M41: 11 | N41: 0 | O41: =SUM(C41:L41,N41) -> 23 | P41: =SUM(C41:N41) -> 34 | R41: 24 Hrs/ADT | S41: =SUM(S10:S33) -> 648 | T41: =SUM(T10:T33) -> 248 | U41: =SUM(U10:U33) -> 105 | V41: =SUM(V10:V33) -> 277 | W41: =SUM(W10:W33) -> 22 | X41: =SUM(X10:X33) -> 120 | Y41: =SUM(Y10:Y33) -> 177 | Z41: =SUM(Z10:Z33) -> 189 | ... AF41: =SUM(AF10:AF33) -> 2614
B42: 15.00 - 15.15 | C42: 8 | D42: 5 | E42: 0 | F42: 6 | G42: 0 | H42: 1 | I42: 3 | J42: 5 | K42: 0 | L42: 0 | M42: 15 | N42: 0 | O42: =SUM(C42:L42,N42) -> 28 | P42: =SUM(C42:N42) -> 43 | R42: NEF | S42: =S41/S40 -> 1.4794521 | T42: =T41/T40 -> 1.2097561 | U42: =U41/U40 -> 1.5909091 | V42: =V41/V40 -> 1.3512195 | W42: =W41/W40 -> 1.375 | X42: =X41/X40 -> 2.1818182 | Y42: =Y41/Y40 -> 3.54 | Z42: =Z41/Z40 -> 1.4651163 | ... AF42: =AF41/AF40 -> 1.4701912
B43: 15.15 - 15.30 | C43: 12 | D43: 5 | E43: 2 | F43: 3 | G43: 0 | H43: 2 | I43: 1 | J43: 4 | K43: 0 | L43: 0 | M43: 10 | N43: 0 | O43: =SUM(C43:L43,N43) -> 29 | P43: =SUM(C43:N43) -> 39
B44: 15.30 - 15.45 | C44: 12 | D44: 6 | E44: 1 | F44: 6 | G44: 0 | H44: 2 | I44: 0 | J44: 6 | K44: 0 | L44: 0 | M44: 15 | N44: 0 | O44: =SUM(C44:L44,N44) -> 33 | P44: =SUM(C44:N44) -> 48
B45: 15.45 - 16.00 | C45: 13 | D45: 5 | E45: 1 | F45: 6 | G45: 0 | H45: 3 | I45: 1 | J45: 5 | K45: 0 | L45: 0 | M45: 9 | N45: 0 | O45: =SUM(C45:L45,N45) -> 34 | P45: =SUM(C45:N45) -> 43
B46: 16.00 - 16.15 | C46: 12 | D46: 6 | E46: 0 | F46: 4 | G46: 1 | H46: 2 | I46: 1 | J46: 6 | K46: 0 | L46: 0 | M46: 11 | N46: 0 | O46: =SUM(C46:L46,N46) -> 32 | P46: =SUM(C46:N46) -> 43
B47: 16.15 -16.30 | C47: 11 | D47: 15 | E47: 0 | F47: 7 | G47: 1 | H47: 4 | I47: 2 | J47: 5 | K47: 0 | L47: 0 | M47: 13 | N47: 0 | O47: =SUM(C47:L47,N47) -> 45 | P47: =SUM(C47:N47) -> 58
B48: 16.30 -16.45 | C48: 11 | D48: 5 | E48: 2 | F48: 5 | G48: 0 | H48: 0 | I48: 1 | J48: 7 | K48: 0 | L48: 0 | M48: 12 | N48: 0 | O48: =SUM(C48:L48,N48) -> 31 | P48: =SUM(C48:N48) -> 43
B49: 16.45 -17.00 | C49: 8 | D49: 3 | E49: 3 | F49: 3 | G49: 1 | H49: 1 | I49: 3 | J49: 6 | K49: 1 | L49: 0 | M49: 12 | N49: 0 | O49: =SUM(C49:L49,N49) -> 29 | P49: =SUM(C49:N49) -> 41
B50: 17.00 -17.15 | C50: 11 | D50: 1 | E50: 2 | F50: 7 | G50: 1 | H50: 2 | I50: 4 | J50: 5 | K50: 3 | L50: 0 | M50: 11 | N50: 0 | O50: =SUM(C50:L50,N50) -> 36 | P50: =SUM(C50:N50) -> 47
B51: 17.15 -17.30 | C51: 12 | D51: 3 | E51: 1 | F51: 4 | G51: 0 | H51: 1 | I51: 3 | J51: 6 | K51: 4 | L51: 0 | M51: 8 | N51: 0 | O51: =SUM(C51:L51,N51) -> 34 | P51: =SUM(C51:N51) -> 42
B52: 17.30 -17.45 | C52: 14 | D52: 6 | E52: 3 | F52: 5 | G52: 0 | H52: 0 | I52: 1 | J52: 4 | K52: 3 | L52: 2 | M52: 11 | N52: 0 | O52: =SUM(C52:L52,N52) -> 38 | P52: =SUM(C52:N52) -> 49
B53: 17.45 -18.00 | C53: 21 | D53: 6 | E53: 3 | F53: 4 | G53: 1 | H53: 5 | I53: 2 | J53: 7 | K53: 1 | L53: 1 | M53: 15 | N53: 0 | O53: =SUM(C53:L53,N53) -> 51 | P53: =SUM(C53:N53) -> 66
B54: 18.00 - 18.15 | C54: 15 | D54: 4 | E54: 1 | F54: 5 | G54: 0 | H54: 1 | I54: 0 | J54: 3 | K54: 3 | L54: 0 | M54: 6 | N54: 0 | O54: =SUM(C54:L54,N54) -> 32 | P54: =SUM(C54:N54) -> 38
... B105: 06.45 - 07.00 | C105: 3 | D105: 1 | E105: 2 | F105: 0 | G105: 0 | H105: 1 | I105: 2 | J105: 2 | K105: 4 | L105: 0 | M105: 3 | N105: 0 | O105: =SUM(C105:L105,N105) -> 15 | P105: =SUM(C105:N105) -> 18
B106: Totals | C106: =SUM(C10:C105) -> 648 | D106: =SUM(D10:D105) -> 248 | E106: =SUM(E10:E105) -> 105 | F106: =SUM(F10:F105) -> 277 | G106: =SUM(G10:G105) -> 22 | H106: =SUM(H10:H105) -> 120 | I106: =SUM(I10:I105) -> 177 | J106: =SUM(J10:J105) -> 189 | ... P106: =SUM(P10:P105) -> 2614
B107: %ges + MCs | C107: =C106/$P$106 -> 0.24789594 | D107: =D106/$P$106 -> 0.094873757 | E107: =E106/$P$106 -> 0.040168324 | F107: =F106/$P$106 -> 0.10596787 | G107: =G106/$P$106 -> 0.0084162204 | H107: =H106/$P$106 -> 0.045906656 | I107: =I106/$P$106 -> 0.067712318 | J107: =J106/$P$106 -> 0.072302984 | ... N107: =N106/$P$106 -> 0
B108: %ges w/o MCs | C108: =C106/$O$106 -> 0.31889764 | D108: =D106/$O$106 -> 0.12204724 | E108: =E106/$O$106 -> 0.051673228 | F108: =F106/$O$106 -> 0.1363189 | G108: =G106/$O$106 -> 0.010826772 | H108: =H106/$O$106 -> 0.059055118 | I108: =I106/$O$106 -> 0.087106299 | J108: =J106/$O$106 -> 0.093011811 | ... L108: =L106/$O$106 -> 0.0083661417 | N108: =N106/$O$106 -> 0

Sheet 18.10 MBARARA-MASAKA-24H
B1: Consultancy services for Preparation of Expressway Development Master Plan (EDMP) for Uganda
B2: MANUAL CLASSIFIED COUNT (MCC)
B3: ROAD NAME: | C3: MASAKA- MBARARA ROAD
C5: Date | D5: ='18.10 MASAKA-MBARARA-24H'!D5 -> 18.10.19 | F5: Location | G5: ='18.10 MASAKA-MBARARA-24H'!G5:H5 -> KINONI | J5: Surveyor | K5: SANDRA
C6: Dir. From | D6: MBARARA | F6: Dir. To | G6: MASAKA | J6: Supervisor | K6: ='18.10 MASAKA-MBARARA-24H'!K6:L6 -> SANDRA
B8: Time / Veh Type | R8: SUMMARY TRAFFIC VOLUMES
C9: 1. Car | D9: 2. Station Wagon | E9: 3. Pickups | F9: 4. Minibus, matatu | G9: 5. Medium bus | H9: 6. Large Bus | I9: 7. Light Truck | J9: 8. Medium Truck | K9: 9. Heavy truck | L9: 10. Truck Trailer | M9: 11. Motor cycles | N9: 12. Tractors | O9: Total Excl M/Cycles | P9: Total All | R9: Time | S9: 1. Car | T9: 2. Station Wagon | U9: 3. Pickups | V9: 4. Minibus, matatu | W9: 5. Medium bus | X9: 6. Large Bus | Y9: 7. Light Truck | Z9: 8. Medium Truck | AA9: 9. Heavy truck | AB9: 10. Truck Trailer | AC9: 11. Motorcycles | AD9: 12. Tractors, Graders | AE9: Total Excl M/ Cycles | AF9: Total All
B10: 07.00 - 07.15 | C10: 5 | D10: 0 | E10: 0 | F10: 3 | G10: 0 | H10: 0 | I10: 0 | J10: 0 | K10: 1 | L10: 0 | M10: 7 | N10: 0 | O10: =SUM(C10:L10,N10) -> 9 | P10: =SUM(C10:N10) -> 16 | R10: 0700-0800 | S10: =SUM(C10:C13) -> 14 | T10: =SUM(D10:D13) -> 5 | U10: =SUM(E10:E13) -> 3 | V10: =SUM(F10:F13) -> 6 | W10: =SUM(G10:G13) -> 0 | X10: =SUM(H10:H13) -> 1 | Y10: =SUM(I10:I13) -> 1 | Z10: =SUM(J10:J13) -> 5 | ... AF10: =SUM(P10:P13) -> 92
B11: 07.15 - 07.30 | C11: 2 | D11: 0 | E11: 1 | F11: 0 | G11: 0 | H11: 1 | I11: 0 | J11: 3 | K11: 6 | L11: 0 | M11: 6 | N11: 0 | O11: =SUM(C11:L11,N11) -> 13 | P11: =SUM(C11:N11) -> 19 | R11: 0800-0900 | S11: =SUM(C14:C17) -> 14 | T11: =SUM(D14:D17) -> 8 | U11: =SUM(E14:E17) -> 0 | V11: =SUM(F14:F17) -> 17 | W11: =SUM(G14:G17) -> 0 | X11: =SUM(H14:H17) -> 1 | Y11: =SUM(I14:I17) -> 2 | Z11: =SUM(J14:J17) -> 1 | ... AF11: =SUM(P14:P17) -> 124
B12: 07.30 - 07.45 | C12: 2 | D12: 3 | E12: 0 | F12: 1 | G12: 0 | H12: 0 | I12: 0 | J12: 2 | K12: 2 | L12: 0 | M12: 20 | N12: 0 | O12: =SUM(C12:L12,N12) -> 10 | P12: =SUM(C12:N12) -> 30 | R12: 0900-1000 | S12: =SUM(C18:C21) -> 6 | T12: =SUM(D18:D21) -> 8 | U12: =SUM(E18:E21) -> 1 | V12: =SUM(F18:F21) -> 17 | W12: =SUM(G18:G21) -> 0 | X12: =SUM(H18:H21) -> 1 | Y12: =SUM(I18:I21) -> 4 | Z12: =SUM(J18:J21) -> 3 | ... AF12: =SUM(P18:P21) -> 87
B13: 07.45 - 08.00 | C13: 5 | D13: 2 | E13: 2 | F13: 2 | G13: 0 | H13: 0 | I13: 1 | J13: 0 | K13: 3 | L13: 0 | M13: 12 | N13: 0 | O13: =SUM(C13:L13,N13) -> 15 | P13: =SUM(C13:N13) -> 27 | R13: 1000-1100 | S13: =SUM(C22:C25) -> 22 | T13: =SUM(D22:D25) -> 5 | U13: =SUM(E22:E25) -> 5 | V13: =SUM(F22:F25) -> 20 | W13: =SUM(G22:G25) -> 1 | X13: =SUM(H22:H25) -> 4 | Y13: =SUM(I22:I25) -> 3 | Z13: =SUM(J22:J25) -> 2 | ... AF13: =SUM(P22:P25) -> 92
B14: 08.00 - 08.15 | C14: 3 | D14: 2 | E14: 0 | F14: 6 | G14: 0 | H14: 0 | I14: 0 | J14: 0 | K14: 0 | L14: 0 | M14: 19 | N14: 0 | O14: =SUM(C14:L14,N14) -> 11 | P14: =SUM(C14:N14) -> 30 | R14: 1100-1200 | S14: =SUM(C26:C29) -> 21 | T14: =SUM(D26:D29) -> 10 | U14: =SUM(E26:E29) -> 8 | V14: =SUM(F26:F29) -> 14 | W14: =SUM(G26:G29) -> 1 | X14: =SUM(H26:H29) -> 4 | Y14: =SUM(I26:I29) -> 2 | Z14: =SUM(J26:J29) -> 8 | ... AF14: =SUM(P26:P29) -> 116
B15: 08.15 - 08.30 | C15: 4 | D15: 3 | E15: 0 | F15: 2 | G15: 0 | H15: 0 | I15: 1 | J15: 0 | K15: 3 | L15: 0 | M15: 23 | N15: 0 | O15: =SUM(C15:L15,N15) -> 13 | P15: =SUM(C15:N15) -> 36 | R15: 1200-1300 | S15: =SUM(C30:C33) -> 33 | T15: =SUM(D30:D33) -> 13 | U15: =SUM(E30:E33) -> 4 | V15: =SUM(F30:F33) -> 17 | W15: =SUM(G30:G33) -> 0 | X15: =SUM(H30:H33) -> 3 | Y15: =SUM(I30:I33) -> 2 | Z15: =SUM(J30:J33) -> 10 | ... AF15: =SUM(P30:P33) -> 114
B16: 08.30 - 08.45 | C16: 4 | D16: 2 | E16: 0 | F16: 4 | G16: 0 | H16: 1 | I16: 0 | J16: 0 | K16: 0 | L16: 0 | M16: 23 | N16: 0 | O16: =SUM(C16:L16,N16) -> 11 | P16: =SUM(C16:N16) -> 34 | R16: 1300-1400 | S16: =SUM(C34:C37) -> 35 | T16: =SUM(D34:D37) -> 16 | U16: =SUM(E34:E37) -> 7 | V16: =SUM(F34:F37) -> 13 | W16: =SUM(G34:G37) -> 0 | X16: =SUM(H34:H37) -> 8 | Y16: =SUM(I34:I37) -> 8 | Z16: =SUM(J34:J37) -> 9 | ... AF16: =SUM(P34:P37) -> 130
B17: 08.45 - 9.00 | C17: 3 | D17: 1 | E17: 0 | F17: 5 | G17: 0 | H17: 0 | I17: 1 | J17: 1 | K17: 1 | L17: 0 | M17: 12 | N17: 0 | O17: =SUM(C17:L17,N17) -> 12 | P17: =SUM(C17:N17) -> 24 | R17: 1400-1500 | S17: =SUM(C38:C41) -> 28 | T17: =SUM(D38:D41) -> 17 | U17: =SUM(E38:E41) -> 10 | V17: =SUM(F38:F41) -> 21 | W17: =SUM(G38:G41) -> 0 | X17: =SUM(H38:H41) -> 7 | Y17: =SUM(I38:I41) -> 3 | Z17: =SUM(J38:J41) -> 6 | ... AF17: =SUM(P38:P41) -> 144
B18: 09.00 - 09.15 | C18: 3 | D18: 1 | E18: 0 | F18: 3 | G18: 0 | H18: 1 | I18: 0 | J18: 0 | K18: 1 | L18: 0 | M18: 12 | N18: 0 | O18: =SUM(C18:L18,N18) -> 9 | P18: =SUM(C18:N18) -> 21 | R18: 1500-1600 | S18: =SUM(C42:C45) -> 39 | T18: =SUM(D42:D45) -> 18 | U18: =SUM(E42:E45) -> 6 | V18: =SUM(F42:F45) -> 23 | W18: =SUM(G42:G45) -> 3 | X18: =SUM(H42:H45) -> 7 | Y18: =SUM(I42:I45) -> 4 | Z18: =SUM(J42:J45) -> 11 | ... AF18: =SUM(P42:P45) -> 165
B19: 09.15 - 09.30 | C19: 1 | D19: 3 | E19: 1 | F19: 5 | G19: 0 | H19: 0 | I19: 2 | J19: 0 | K19: 0 | L19: 0 | M19: 9 | N19: 0 | O19: =SUM(C19:L19,N19) -> 12 | P19: =SUM(C19:N19) -> 21 | R19: 1600-1700 | S19: =SUM(C46:C49) -> 42 | T19: =SUM(D46:D49) -> 13 | U19: =SUM(E46:E49) -> 7 | V19: =SUM(F46:F49) -> 23 | W19: =SUM(G46:G49) -> 1 | X19: =SUM(H46:H49) -> 9 | Y19: =SUM(I46:I49) -> 6 | Z19: =SUM(J46:J49) -> 14 | ... AF19: =SUM(P46:P49) -> 161
B20: 09.30 - 09.45 | C20: 2 | D20: 1 | E20: 0 | F20: 3 | G20: 0 | H20: 0 | I20: 0 | J20: 1 | K20: 0 | L20: 0 | M20: 15 | N20: 0 | O20: =SUM(C20:L20,N20) -> 7 | P20: =SUM(C20:N20) -> 22 | R20: 1700-1800 | S20: =SUM(C50:C53) -> 47 | T20: =SUM(D50:D53) -> 19 | U20: =SUM(E50:E53) -> 14 | V20: =SUM(F50:F53) -> 26 | W20: =SUM(G50:G53) -> 1 | X20: =SUM(H50:H53) -> 4 | Y20: =SUM(I50:I53) -> 9 | Z20: =SUM(J50:J53) -> 11 | ... AF20: =SUM(P50:P53) -> 200
B21: 09.45 - 10.00 | C21: 0 | D21: 3 | E21: 0 | F21: 6 | G21: 0 | H21: 0 | I21: 2 | J21: 2 | K21: 3 | L21: 0 | M21: 7 | N21: 0 | O21: =SUM(C21:L21,N21) -> 16 | P21: =SUM(C21:N21) -> 23 | R21: 1800-1900 | S21: =SUM(C54:C57) -> 39 | T21: =SUM(D54:D57) -> 16 | U21: =SUM(E54:E57) -> 12 | V21: =SUM(F54:F57) -> 20 | W21: =SUM(G54:G57) -> 0 | X21: =SUM(H54:H57) -> 5 | Y21: =SUM(I54:I57) -> 14 | Z21: =SUM(J54:J57) -> 16 | ... AF21: =SUM(P54:P57) -> 163
B22: 10.00 - 10.15 | C22: 5 | D22: 2 | E22: 0 | F22: 3 | G22: 0 | H22: 0 | I22: 0 | J22: 1 | K22: 1 | L22: 0 | M22: 11 | N22: 0 | O22: =SUM(C22:L22,N22) -> 12 | P22: =SUM(C22:N22) -> 23 | R22: 1900-2000 | S22: =SUM(C58:C61) -> 27 | T22: =SUM(D58:D61) -> 8 | U22: =SUM(E58:E61) -> 9 | V22: =SUM(F58:F61) -> 16 | W22: =SUM(G58:G61) -> 0 | X22: =SUM(H58:H61) -> 5 | Y22: =SUM(I58:I61) -> 21 | Z22: =SUM(J58:J61) -> 7 | ... AF22: =SUM(P58:P61) -> 141
B23: 10.15 - 10.30 | C23: 9 | D23: 0 | E23: 3 | F23: 4 | G23: 0 | H23: 1 | I23: 1 | J23: 0 | K23: 0 | L23: 0 | M23: 6 | N23: 0 | O23: =SUM(C23:L23,N23) -> 18 | P23: =SUM(C23:N23) -> 24 | R23: 2000-2100 | S23: =SUM(C62:C65) -> 38 | T23: =SUM(D62:D65) -> 8 | U23: =SUM(E62:E65) -> 6 | V23: =SUM(F62:F65) -> 16 | W23: =SUM(G62:G65) -> 1 | X23: =SUM(H62:H65) -> 4 | Y23: =SUM(I62:I65) -> 17 | Z23: =SUM(J62:J65) -> 7 | ... AF23: =SUM(P62:P65) -> 128
B24: 10.30 - 10.45 | C24: 4 | D24: 2 | E24: 1 | F24: 3 | G24: 1 | H24: 1 | I24: 1 | J24: 1 | K24: 0 | L24: 0 | M24: 3 | N24: 0 | O24: =SUM(C24:L24,N24) -> 14 | P24: =SUM(C24:N24) -> 17 | R24: 2100-2200 | S24: =SUM(C66:C69) -> 33 | T24: =SUM(D66:D69) -> 7 | U24: =SUM(E66:E69) -> 8 | V24: =SUM(F66:F69) -> 8 | W24: =SUM(G66:G69) -> 1 | X24: =SUM(H66:H69) -> 3 | Y24: =SUM(I66:I69) -> 9 | Z24: =SUM(J66:J69) -> 32 | ... AF24: =SUM(P66:P69) -> 130
B25: 10.45 - 11.00 | C25: 4 | D25: 1 | E25: 1 | F25: 10 | G25: 0 | H25: 2 | I25: 1 | J25: 0 | K25: 0 | L25: 0 | M25: 9 | N25: 0 | O25: =SUM(C25:L25,N25) -> 19 | P25: =SUM(C25:N25) -> 28 | R25: 2200-2300 | S25: =SUM(C70:C73) -> 19 | T25: =SUM(D70:D73) -> 8 | U25: =SUM(E70:E73) -> 7 | V25: =SUM(F70:F73) -> 4 | W25: =SUM(G70:G73) -> 2 | X25: =SUM(H70:H73) -> 3 | Y25: =SUM(I70:I73) -> 2 | Z25: =SUM(J70:J73) -> 21 | ... AF25: =SUM(P70:P73) -> 86
B26: 11.00 - 11.15 | C26: 6 | D26: 5 | E26: 3 | F26: 3 | G26: 0 | H26: 1 | I26: 0 | J26: 2 | K26: 2 | L26: 1 | M26: 11 | N26: 0 | O26: =SUM(C26:L26,N26) -> 23 | P26: =SUM(C26:N26) -> 34 | R26: 2300-0000 | S26: =SUM(C74:C77) -> 14 | T26: =SUM(D74:D77) -> 6 | U26: =SUM(E74:E77) -> 0 | V26: =SUM(F74:F77) -> 1 | W26: =SUM(G74:G77) -> 0 | X26: =SUM(H74:H77) -> 3 | Y26: =SUM(I74:I77) -> 3 | Z26: =SUM(J74:J77) -> 27 | ... AF26: =SUM(P74:P77) -> 86
B27: 11.15 - 11.30 | C27: 4 | D27: 3 | E27: 2 | F27: 1 | G27: 0 | H27: 1 | I27: 1 | J27: 3 | K27: 4 | L27: 0 | M27: 13 | N27: 0 | O27: =SUM(C27:L27,N27) -> 19 | P27: =SUM(C27:N27) -> 32 | R27: 0000-0100 | S27: =SUM(C78:C81) -> 3 | T27: =SUM(D78:D81) -> 3 | U27: =SUM(E78:E81) -> 2 | V27: =SUM(F78:F81) -> 2 | W27: =SUM(G78:G81) -> 0 | X27: =SUM(H78:H81) -> 4 | Y27: =SUM(I78:I81) -> 1 | Z27: =SUM(J78:J81) -> 40 | ... AF27: =SUM(P78:P81) -> 66
B28: 11.30 - 11.45 | C28: 8 | D28: 0 | E28: 2 | F28: 7 | G28: 1 | H28: 2 | I28: 1 | J28: 1 | K28: 2 | L28: 0 | M28: 4 | N28: 0 | O28: =SUM(C28:L28,N28) -> 24 | P28: =SUM(C28:N28) -> 28 | R28: 0100-0200 | S28: =SUM(C82:C85) -> 1 | T28: =SUM(D82:D85) -> 0 | U28: =SUM(E82:E85) -> 2 | V28: =SUM(F82:F85) -> 2 | W28: =SUM(G82:G85) -> 0 | X28: =SUM(H82:H85) -> 9 | Y28: =SUM(I82:I85) -> 3 | Z28: =SUM(J82:J85) -> 22 | ... AF28: =SUM(P82:P85) -> 44
B29: 11.45 - 12.00 | C29: 3 | D29: 2 | E29: 1 | F29: 3 | G29: 0 | H29: 0 | I29: 0 | J29: 2 | K29: 0 | L29: 0 | M29: 11 | N29: 0 | O29: =SUM(C29:L29,N29) -> 11 | P29: =SUM(C29:N29) -> 22 | R29: 0200-0300 | S29: =SUM(C86:C89) -> 2 | T29: =SUM(D86:D89) -> 0 | U29: =SUM(E86:E89) -> 1 | V29: =SUM(F86:F89) -> 2 | W29: =SUM(G86:G89) -> 0 | X29: =SUM(H86:H89) -> 10 | Y29: =SUM(I86:I89) -> 1 | Z29: =SUM(J86:J89) -> 26 | ... AF29: =SUM(P86:P89) -> 45
B30: 12.00 - 12.15 | C30: 3 | D30: 2 | E30: 0 | F30: 5 | G30: 0 | H30: 1 | I30: 0 | J30: 4 | K30: 0 | L30: 0 | M30: 3 | N30: 0 | O30: =SUM(C30:L30,N30) -> 15 | P30: =SUM(C30:N30) -> 18 | R30: 0300-0400 | S30: =SUM(C90:C93) -> 1 | T30: =SUM(D90:D93) -> 0 | U30: =SUM(E90:E93) -> 0 | V30: =SUM(F90:F93) -> 1 | W30: =SUM(G90:G93) -> 1 | X30: =SUM(H90:H93) -> 6 | Y30: =SUM(I90:I93) -> 1 | Z30: =SUM(J90:J93) -> 7 | ... AF30: =SUM(P90:P93) -> 22
B31: 12.15 - 12.30 | C31: 10 | D31: 2 | E31: 1 | F31: 4 | G31: 0 | H31: 1 | I31: 1 | J31: 0 | K31: 2 | L31: 0 | M31: 10 | N31: 0 | O31: =SUM(C31:L31,N31) -> 21 | P31: =SUM(C31:N31) -> 31 | R31: 0400-0500 | S31: =SUM(C94:C97) -> 1 | T31: =SUM(D94:D97) -> 0 | U31: =SUM(E94:E97) -> 0 | V31: =SUM(F94:F97) -> 0 | W31: =SUM(G94:G97) -> 0 | X31: =SUM(H94:H97) -> 9 | Y31: =SUM(I94:I97) -> 3 | Z31: =SUM(J94:J97) -> 7 | ... AF31: =SUM(P94:P97) -> 25
B32: 12.30 - 12.45 | C32: 11 | D32: 5 | E32: 3 | F32: 5 | G32: 0 | H32: 0 | I32: 1 | J32: 3 | K32: 0 | L32: 0 | M32: 7 | N32: 0 | O32: =SUM(C32:L32,N32) -> 28 | P32: =SUM(C32:N32) -> 35 | R32: 0500-0600 | S32: =SUM(C98:C101) -> 4 | T32: =SUM(D98:D101) -> 1 | U32: =SUM(E98:E101) -> 1 | V32: =SUM(F98:F101) -> 4 | W32: =SUM(G98:G101) -> 1 | X32: =SUM(H98:H101) -> 3 | Y32: =SUM(I98:I101) -> 1 | Z32: =SUM(J98:J101) -> 2 | ... AF32: =SUM(P98:P101) -> 27
B33: 12.45 - 13.00 | C33: 9 | D33: 4 | E33: 0 | F33: 3 | G33: 0 | H33: 1 | I33: 0 | J33: 3 | K33: 4 | L33: 0 | M33: 6 | N33: 0 | O33: =SUM(C33:L33,N33) -> 24 | P33: =SUM(C33:N33) -> 30 | R33: 0600-0700 | S33: =SUM(C102:C105) -> 8 | T33: =SUM(D102:D105) -> 3 | U33: =SUM(E102:E105) -> 5 | V33: =SUM(F102:F105) -> 10 | W33: =SUM(G102:G105) -> 0 | X33: =SUM(H102:H105) -> 1 | Y33: =SUM(I102:I105) -> 2 | Z33: =SUM(J102:J105) -> 1 | ... AF33: =SUM(P102:P105) -> 47
B34: 13.00 - 13.15 | C34: 10 | D34: 7 | E34: 3 | F34: 2 | G34: 0 | H34: 3 | I34: 0 | J34: 2 | K34: 0 | L34: 1 | M34: 3 | N34: 0 | O34: =SUM(C34:L34,N34) -> 28 | P34: =SUM(C34:N34) -> 31 | R34: AM Peak Hr | S34: =MAX(S10:S12) -> 14 | T34: =MAX(T10:T12) -> 8 | U34: =MAX(U10:U12) -> 3 | V34: =MAX(V10:V12) -> 17 | W34: =MAX(W10:W12) -> 0 | X34: =MAX(X10:X12) -> 1 | Y34: =MAX(Y10:Y12) -> 4 | Z34: =MAX(Z10:Z12) -> 5 | ... AF34: =MAX(AF10:AF12) -> 124
B35: 13.15 - 13.30 | C35: 9 | D35: 3 | E35: 1 | F35: 4 | G35: 0 | H35: 1 | I35: 1 | J35: 1 | K35: 0 | L35: 0 | M35: 3 | N35: 0 | O35: =SUM(C35:L35,N35) -> 20 | P35: =SUM(C35:N35) -> 23 | R35: IP Peak Hr | S35: =MAX(S13:S18) -> 39 | T35: =MAX(T13:T18) -> 18 | U35: =MAX(U13:U18) -> 10 | V35: =MAX(V13:V18) -> 23 | W35: =MAX(W13:W18) -> 3 | X35: =MAX(X13:X18) -> 8 | Y35: =MAX(Y13:Y18) -> 8 | Z35: =MAX(Z13:Z18) -> 11 | ... AF35: =MAX(AF13:AF18) -> 165
B36: 13.30 - 13.45 | C36: 8 | D36: 6 | E36: 2 | F36: 4 | G36: 0 | H36: 3 | I36: 3 | J36: 4 | K36: 4 | L36: 0 | M36: 9 | N36: 0 | O36: =SUM(C36:L36,N36) -> 34 | P36: =SUM(C36:N36) -> 43 | R36: PM Peak Hr | S36: =MAX(S19:S21) -> 47 | T36: =MAX(T19:T21) -> 19 | U36: =MAX(U19:U21) -> 14 | V36: =MAX(V19:V21) -> 26 | W36: =MAX(W19:W21) -> 1 | X36: =MAX(X19:X21) -> 9 | Y36: =MAX(Y19:Y21) -> 14 | Z36: =MAX(Z19:Z21) -> 16 | ... AF36: =MAX(AF19:AF21) -> 200
B37: 13.45 - 14.00 | C37: 8 | D37: 0 | E37: 1 | F37: 3 | G37: 0 | H37: 1 | I37: 4 | J37: 2 | K37: 2 | L37: 0 | M37: 12 | N37: 0 | O37: =SUM(C37:L37,N37) -> 21 | P37: =SUM(C37:N37) -> 33 | R37: AM Period | S37: =SUM(S10:S12) -> 34 | T37: =SUM(T10:T12) -> 21 | U37: =SUM(U10:U12) -> 4 | V37: =SUM(V10:V12) -> 40 | W37: =SUM(W10:W12) -> 0 | X37: =SUM(X10:X12) -> 3 | Y37: =SUM(Y10:Y12) -> 7 | Z37: =SUM(Z10:Z12) -> 9 | ... AF37: =SUM(AF10:AF12) -> 303
B38: 14.00 - 14.15 | C38: 7 | D38: 6 | E38: 3 | F38: 6 | G38: 0 | H38: 0 | I38: 0 | J38: 0 | K38: 4 | L38: 0 | M38: 11 | N38: 0 | O38: =SUM(C38:L38,N38) -> 26 | P38: =SUM(C38:N38) -> 37 | R38: IP Period | S38: =SUM(S13:S18) -> 178 | T38: =SUM(T13:T18) -> 79 | U38: =SUM(U13:U18) -> 40 | V38: =SUM(V13:V18) -> 108 | W38: =SUM(W13:W18) -> 5 | X38: =SUM(X13:X18) -> 33 | Y38: =SUM(Y13:Y18) -> 22 | Z38: =SUM(Z13:Z18) -> 46 | ... AF38: =SUM(AF13:AF18) -> 761
B39: 14.15 - 14.30 | C39: 2 | D39: 4 | E39: 1 | F39: 3 | G39: 0 | H39: 2 | I39: 1 | J39: 1 | K39: 0 | L39: 0 | M39: 7 | N39: 0 | O39: =SUM(C39:L39,N39) -> 14 | P39: =SUM(C39:N39) -> 21 | R39: PM Period | S39: =SUM(S19:S21) -> 128 | T39: =SUM(T19:T21) -> 48 | U39: =SUM(U19:U21) -> 33 | V39: =SUM(V19:V21) -> 69 | W39: =SUM(W19:W21) -> 2 | X39: =SUM(X19:X21) -> 18 | Y39: =SUM(Y19:Y21) -> 29 | Z39: =SUM(Z19:Z21) -> 41 | ... AF39: =SUM(AF19:AF21) -> 524
B40: 14.30 - 14.45 | C40: 10 | D40: 4 | E40: 3 | F40: 4 | G40: 0 | H40: 1 | I40: 1 | J40: 3 | K40: 4 | L40: 0 | M40: 8 | N40: 0 | O40: =SUM(C40:L40,N40) -> 30 | P40: =SUM(C40:N40) -> 38 | R40: 12 Hours | S40: =SUM(S10:S21) -> 340 | T40: =SUM(T10:T21) -> 148 | U40: =SUM(U10:U21) -> 77 | V40: =SUM(V10:V21) -> 217 | W40: =SUM(W10:W21) -> 7 | X40: =SUM(X10:X21) -> 54 | Y40: =SUM(Y10:Y21) -> 58 | Z40: =SUM(Z10:Z21) -> 96 | ... AF40: =SUM(AF10:AF21) -> 1588
B41: 14.45 - 15.00 | C41: 9 | D41: 3 | E41: 3 | F41: 8 | G41: 0 | H41: 4 | I41: 1 | J41: 2 | K41: 4 | L41: 0 | M41: 14 | N41: 0 | O41: =SUM(C41:L41,N41) -> 34 | P41: =SUM(C41:N41) -> 48 | R41: 24 Hrs/ADT | S41: =SUM(S10:S33) -> 491 | T41: =SUM(T10:T33) -> 192 | U41: =SUM(U10:U33) -> 118 | V41: =SUM(V10:V33) -> 283 | W41: =SUM(W10:W33) -> 13 | X41: =SUM(X10:X33) -> 114 | Y41: =SUM(Y10:Y33) -> 122 | Z41: =SUM(Z10:Z33) -> 295 | ... AF41: =SUM(AF10:AF33) -> 2435
B42: 15.00 - 15.15 | C42: 6 | D42: 2 | E42: 1 | F42: 2 | G42: 0 | H42: 3 | I42: 0 | J42: 2 | K42: 0 | L42: 0 | M42: 11 | N42: 0 | O42: =SUM(C42:L42,N42) -> 16 | P42: =SUM(C42:N42) -> 27 | R42: NEF | S42: =S41/S40 -> 1.4441176 | T42: =T41/T40 -> 1.2972973 | U42: =U41/U40 -> 1.5324675 | V42: =V41/V40 -> 1.3041475 | W42: =W41/W40 -> 1.8571429 | X42: =X41/X40 -> 2.1111111 | Y42: =Y41/Y40 -> 2.1034483 | Z42: =Z41/Z40 -> 3.0729167 | ... AF42: =AF41/AF40 -> 1.5333753
B43: 15.15 - 15.30 | C43: 16 | D43: 7 | E43: 1 | F43: 6 | G43: 1 | H43: 2 | I43: 3 | J43: 2 | K43: 6 | L43: 2 | M43: 7 | N43: 0 | O43: =SUM(C43:L43,N43) -> 46 | P43: =SUM(C43:N43) -> 53
B44: 15.30 - 15.45 | C44: 12 | D44: 2 | E44: 3 | F44: 10 | G44: 1 | H44: 1 | I44: 0 | J44: 5 | K44: 8 | L44: 1 | M44: 11 | N44: 0 | O44: =SUM(C44:L44,N44) -> 43 | P44: =SUM(C44:N44) -> 54
B45: 15.45 - 16.00 | C45: 5 | D45: 7 | E45: 1 | F45: 5 | G45: 1 | H45: 1 | I45: 1 | J45: 2 | K45: 2 | L45: 0 | M45: 6 | N45: 0 | O45: =SUM(C45:L45,N45) -> 25 | P45: =SUM(C45:N45) -> 31
B46: 16.00 - 16.15 | C46: 11 | D46: 2 | E46: 1 | F46: 6 | G46: 0 | H46: 2 | I46: 2 | J46: 2 | K46: 0 | L46: 0 | M46: 13 | N46: 0 | O46: =SUM(C46:L46,N46) -> 26 | P46: =SUM(C46:N46) -> 39
B47: 16.15 -16.30 | C47: 10 | D47: 2 | E47: 3 | F47: 5 | G47: 0 | H47: 2 | I47: 2 | J47: 1 | K47: 1 | L47: 0 | M47: 7 | N47: 0 | O47: =SUM(C47:L47,N47) -> 26 | P47: =SUM(C47:N47) -> 33
B48: 16.30 -16.45 | C48: 12 | D48: 5 | E48: 0 | F48: 6 | G48: 0 | H48: 4 | I48: 0 | J48: 5 | K48: 0 | L48: 0 | M48: 11 | N48: 0 | O48: =SUM(C48:L48,N48) -> 32 | P48: =SUM(C48:N48) -> 43
B49: 16.45 -17.00 | C49: 9 | D49: 4 | E49: 3 | F49: 6 | G49: 1 | H49: 1 | I49: 2 | J49: 6 | K49: 3 | L49: 0 | M49: 11 | N49: 0 | O49: =SUM(C49:L49,N49) -> 35 | P49: =SUM(C49:N49) -> 46
B50: 17.00 -17.15 | C50: 7 | D50: 5 | E50: 1 | F50: 10 | G50: 0 | H50: 0 | I50: 0 | J50: 2 | K50: 8 | L50: 0 | M50: 13 | N50: 0 | O50: =SUM(C50:L50,N50) -> 33 | P50: =SUM(C50:N50) -> 46
B51: 17.15 -17.30 | C51: 19 | D51: 6 | E51: 4 | F51: 5 | G51: 0 | H51: 2 | I51: 2 | J51: 3 | K51: 2 | L51: 1 | M51: 9 | N51: 0 | O51: =SUM(C51:L51,N51) -> 44 | P51: =SUM(C51:N51) -> 53
B52: 17.30 -17.45 | C52: 7 | D52: 2 | E52: 5 | F52: 3 | G52: 1 | H52: 2 | I52: 3 | J52: 3 | K52: 3 | L52: 0 | M52: 20 | N52: 0 | O52: =SUM(C52:L52,N52) -> 29 | P52: =SUM(C52:N52) -> 49
B53: 17.45 -18.00 | C53: 14 | D53: 6 | E53: 4 | F53: 8 | G53: 0 | H53: 0 | I53: 4 | J53: 3 | K53: 0 | L53: 1 | M53: 12 | N53: 0 | O53: =SUM(C53:L53,N53) -> 40 | P53: =SUM(C53:N53) -> 52
B54: 18.00 - 18.15 | C54: 12 | D54: 4 | E54: 3 | F54: 12 | G54: 0 | H54: 3 | I54: 5 | J54: 7 | K54: 2 | L54: 0 | M54: 11 | N54: 0 | O54: =SUM(C54:L54,N54) -> 48 | P54: =SUM(C54:N54) -> 59
... B105: 06.45 - 07.00 | C105: 4 | D105: 0 | E105: 3 | F105: 4 | G105: 0 | H105: 0 | I105: 0 | J105: 1 | K105: 1 | L105: 0 | M105: 6 | N105: 0 | O105: =SUM(C105:L105,N105) -> 13 | P105: =SUM(C105:N105) -> 19
B106: Totals | C106: =SUM(C10:C105) -> 491 | D106: =SUM(D10:D105) -> 192 | E106: =SUM(E10:E105) -> 118 | F106: =SUM(F10:F105) -> 283 | G106: =SUM(G10:G105) -> 13 | H106: =SUM(H10:H105) -> 114 | I106: =SUM(I10:I105) -> 122 | J106: =SUM(J10:J105) -> 295 | ... P106: =SUM(P10:P105) -> 2435
B107: %ges + MCs | C107: =C106/$P$106 -> 0.20164271 | D107: =D106/$P$106 -> 0.078850103 | E107: =E106/$P$106 -> 0.048459959 | F107: =F106/$P$106 -> 0.11622177 | G107: =G106/$P$106 -> 0.005338809 | H107: =H106/$P$106 -> 0.046817248 | I107: =I106/$P$106 -> 0.050102669 | J107: =J106/$P$106 -> 0.1211499 | ... N107: =N106/$P$106 -> 0
B108: %ges w/o MCs | C108: =C106/$O$106 -> 0.26397849 | D108: =D106/$O$106 -> 0.10322581 | E108: =E106/$O$106 -> 0.06344086 | F108: =F106/$O$106 -> 0.15215054 | G108: =G106/$O$106 -> 0.0069892473 | H108: =H106/$O$106 -> 0.061290323 | I108: =I106/$O$106 -> 0.065591398 | J108: =J106/$O$106 -> 0.15860215 | ... L108: =L106/$O$106 -> 0.0080645161 | N108: =N106/$O$106 -> 0

Sheet 19.10 MASAKA-MBARARA-24H
B1: Consultancy services for Preparation of Expressway Development Master Plan (EDMP) for Uganda
B2: MANUAL CLASSIFIED COUNT (MCC)
B3: ROAD NAME: | C3: MASAKA- MBARARA ROAD
C5: Date | D5: ='19.10 MBARARA-MASAKA-24H'!D5 -> 19.10.19 | F5: Location | G5: KINONI | J5: Surveyor | K5: KETRA
C6: Dir. From | D6: MASAKA | F6: Dir. To | G6: MBARARA | J6: Supervisor | K6: SANDRA
B8: Time / Veh Type | R8: SUMMARY TRAFFIC VOLUMES
C9: 1. Car | D9: 2. Station Wagon | E9: 3. Pickups | F9: 4. Minibus, matatu | G9: 5. Medium bus | H9: 6. Large Bus | I9: 7. Light Truck | J9: 8. Medium Truck | K9: 9. Heavy truck | L9: 10. Truck Trailer | M9: 11. Motor cycles | N9: 12. Tractors | O9: Total Excl M/Cycles | P9: Total All | R9: Time | S9: 1. Car | T9: 2. Station Wagon | U9: 3. Pickups | V9: 4. Minibus, matatu | W9: 5. Medium bus | X9: 6. Large Bus | Y9: 7. Light Truck | Z9: 8. Medium Truck | AA9: 9. Heavy truck | AB9: 10. Truck Trailer | AC9: 11. Motorcycles | AD9: 12. Tractors, Graders | AE9: Total Excl M/ Cycles | AF9: Total All
B10: 07.00 - 07.15 | C10: 5 | D10: 5 | E10: 0 | F10: 3 | G10: 0 | H10: 0 | I10: 1 | J10: 0 | K10: 2 | L10: 0 | M10: 6 | N10: 0 | O10: =SUM(C10:L10,N10) -> 16 | P10: =SUM(C10:N10) -> 22 | R10: 0700-0800 | S10: =SUM(C10:C13) -> 21 | T10: =SUM(D10:D13) -> 15 | U10: =SUM(E10:E13) -> 2 | V10: =SUM(F10:F13) -> 9 | W10: =SUM(G10:G13) -> 1 | X10: =SUM(H10:H13) -> 0 | Y10: =SUM(I10:I13) -> 4 | Z10: =SUM(J10:J13) -> 0 | ... AF10: =SUM(P10:P13) -> 81
B11: 07.15 - 07.30 | C11: 4 | D11: 2 | E11: 0 | F11: 3 | G11: 0 | H11: 0 | I11: 2 | J11: 0 | K11: 2 | L11: 0 | M11: 7 | N11: 0 | O11: =SUM(C11:L11,N11) -> 13 | P11: =SUM(C11:N11) -> 20 | R11: 0800-0900 | S11: =SUM(C14:C17) -> 56 | T11: =SUM(D14:D17) -> 25 | U11: =SUM(E14:E17) -> 18 | V11: =SUM(F14:F17) -> 18 | W11: =SUM(G14:G17) -> 0 | X11: =SUM(H14:H17) -> 4 | Y11: =SUM(I14:I17) -> 10 | Z11: =SUM(J14:J17) -> 5 | ... AF11: =SUM(P14:P17) -> 159
B12: 07.30 - 07.45 | C12: 7 | D12: 5 | E12: 0 | F12: 0 | G12: 0 | H12: 0 | I12: 0 | J12: 0 | K12: 2 | L12: 1 | M12: 5 | N12: 0 | O12: =SUM(C12:L12,N12) -> 15 | P12: =SUM(C12:N12) -> 20 | R12: 0900-1000 | S12: =SUM(C18:C21) -> 47 | T12: =SUM(D18:D21) -> 19 | U12: =SUM(E18:E21) -> 13 | V12: =SUM(F18:F21) -> 18 | W12: =SUM(G18:G21) -> 2 | X12: =SUM(H18:H21) -> 6 | Y12: =SUM(I18:I21) -> 7 | Z12: =SUM(J18:J21) -> 2 | ... AF12: =SUM(P18:P21) -> 170
B13: 07.45 - 08.00 | C13: 5 | D13: 3 | E13: 2 | F13: 3 | G13: 1 | H13: 0 | I13: 1 | J13: 0 | K13: 1 | L13: 0 | M13: 3 | N13: 0 | O13: =SUM(C13:L13,N13) -> 16 | P13: =SUM(C13:N13) -> 19 | R13: 1000-1100 | S13: =SUM(C22:C25) -> 48 | T13: =SUM(D22:D25) -> 27 | U13: =SUM(E22:E25) -> 17 | V13: =SUM(F22:F25) -> 31 | W13: =SUM(G22:G25) -> 2 | X13: =SUM(H22:H25) -> 3 | Y13: =SUM(I22:I25) -> 17 | Z13: =SUM(J22:J25) -> 2 | ... AF13: =SUM(P22:P25) -> 196
B14: 08.00 - 08.15 | C14: 17 | D14: 6 | E14: 4 | F14: 3 | G14: 0 | H14: 2 | I14: 3 | J14: 1 | K14: 1 | L14: 0 | M14: 4 | N14: 0 | O14: =SUM(C14:L14,N14) -> 37 | P14: =SUM(C14:N14) -> 41 | R14: 1100-1200 | S14: =SUM(C26:C29) -> 43 | T14: =SUM(D26:D29) -> 16 | U14: =SUM(E26:E29) -> 19 | V14: =SUM(F26:F29) -> 23 | W14: =SUM(G26:G29) -> 2 | X14: =SUM(H26:H29) -> 4 | Y14: =SUM(I26:I29) -> 2 | Z14: =SUM(J26:J29) -> 1 | ... AF14: =SUM(P26:P29) -> 158
B15: 08.15 - 08.30 | C15: 11 | D15: 7 | E15: 6 | F15: 5 | G15: 0 | H15: 0 | I15: 4 | J15: 2 | K15: 0 | L15: 0 | M15: 7 | N15: 0 | O15: =SUM(C15:L15,N15) -> 35 | P15: =SUM(C15:N15) -> 42 | R15: 1200-1300 | S15: =SUM(C30:C33) -> 37 | T15: =SUM(D30:D33) -> 8 | U15: =SUM(E30:E33) -> 9 | V15: =SUM(F30:F33) -> 20 | W15: =SUM(G30:G33) -> 0 | X15: =SUM(H30:H33) -> 9 | Y15: =SUM(I30:I33) -> 5 | Z15: =SUM(J30:J33) -> 5 | ... AF15: =SUM(P30:P33) -> 151
B16: 08.30 - 08.45 | C16: 13 | D16: 3 | E16: 4 | F16: 3 | G16: 0 | H16: 2 | I16: 0 | J16: 1 | K16: 1 | L16: 0 | M16: 2 | N16: 0 | O16: =SUM(C16:L16,N16) -> 27 | P16: =SUM(C16:N16) -> 29 | R16: 1300-1400 | S16: =SUM(C34:C37) -> 28 | T16: =SUM(D34:D37) -> 11 | U16: =SUM(E34:E37) -> 11 | V16: =SUM(F34:F37) -> 20 | W16: =SUM(G34:G37) -> 1 | X16: =SUM(H34:H37) -> 6 | Y16: =SUM(I34:I37) -> 8 | Z16: =SUM(J34:J37) -> 4 | ... AF16: =SUM(P34:P37) -> 128
B17: 08.45 - 9.00 | C17: 15 | D17: 9 | E17: 4 | F17: 7 | G17: 0 | H17: 0 | I17: 3 | J17: 1 | K17: 2 | L17: 0 | M17: 6 | N17: 0 | O17: =SUM(C17:L17,N17) -> 41 | P17: =SUM(C17:N17) -> 47 | R17: 1400-1500 | S17: =SUM(C38:C41) -> 22 | T17: =SUM(D38:D41) -> 13 | U17: =SUM(E38:E41) -> 8 | V17: =SUM(F38:F41) -> 15 | W17: =SUM(G38:G41) -> 2 | X17: =SUM(H38:H41) -> 6 | Y17: =SUM(I38:I41) -> 4 | Z17: =SUM(J38:J41) -> 9 | ... AF17: =SUM(P38:P41) -> 117
B18: 09.00 - 09.15 | C18: 11 | D18: 3 | E18: 0 | F18: 3 | G18: 0 | H18: 2 | I18: 0 | J18: 2 | K18: 3 | L18: 0 | M18: 10 | N18: 0 | O18: =SUM(C18:L18,N18) -> 24 | P18: =SUM(C18:N18) -> 34 | R18: 1500-1600 | S18: =SUM(C42:C45) -> 40 | T18: =SUM(D42:D45) -> 18 | U18: =SUM(E42:E45) -> 11 | V18: =SUM(F42:F45) -> 23 | W18: =SUM(G42:G45) -> 1 | X18: =SUM(H42:H45) -> 7 | Y18: =SUM(I42:I45) -> 8 | Z18: =SUM(J42:J45) -> 3 | ... AF18: =SUM(P42:P45) -> 152
B19: 09.15 - 09.30 | C19: 11 | D19: 5 | E19: 4 | F19: 3 | G19: 1 | H19: 1 | I19: 1 | J19: 0 | K19: 10 | L19: 0 | M19: 6 | N19: 0 | O19: =SUM(C19:L19,N19) -> 36 | P19: =SUM(C19:N19) -> 42 | R19: 1600-1700 | S19: =SUM(C46:C49) -> 42 | T19: =SUM(D46:D49) -> 23 | U19: =SUM(E46:E49) -> 7 | V19: =SUM(F46:F49) -> 17 | W19: =SUM(G46:G49) -> 0 | X19: =SUM(H46:H49) -> 8 | Y19: =SUM(I46:I49) -> 9 | Z19: =SUM(J46:J49) -> 9 | ... AF19: =SUM(P46:P49) -> 152
B20: 09.30 - 09.45 | C20: 15 | D20: 1 | E20: 4 | F20: 7 | G20: 0 | H20: 3 | I20: 3 | J20: 0 | K20: 4 | L20: 0 | M20: 10 | N20: 0 | O20: =SUM(C20:L20,N20) -> 37 | P20: =SUM(C20:N20) -> 47 | R20: 1700-1800 | S20: =SUM(C50:C53) -> 40 | T20: =SUM(D50:D53) -> 22 | U20: =SUM(E50:E53) -> 6 | V20: =SUM(F50:F53) -> 30 | W20: =SUM(G50:G53) -> 0 | X20: =SUM(H50:H53) -> 4 | Y20: =SUM(I50:I53) -> 17 | Z20: =SUM(J50:J53) -> 14 | ... AF20: =SUM(P50:P53) -> 202
B21: 09.45 - 10.00 | C21: 10 | D21: 10 | E21: 5 | F21: 5 | G21: 1 | H21: 0 | I21: 3 | J21: 0 | K21: 2 | L21: 0 | M21: 11 | N21: 0 | O21: =SUM(C21:L21,N21) -> 36 | P21: =SUM(C21:N21) -> 47 | R21: 1800-1900 | S21: =SUM(C54:C57) -> 41 | T21: =SUM(D54:D57) -> 14 | U21: =SUM(E54:E57) -> 10 | V21: =SUM(F54:F57) -> 11 | W21: =SUM(G54:G57) -> 0 | X21: =SUM(H54:H57) -> 4 | Y21: =SUM(I54:I57) -> 11 | Z21: =SUM(J54:J57) -> 12 | ... AF21: =SUM(P54:P57) -> 155
B22: 10.00 - 10.15 | C22: 12 | D22: 8 | E22: 5 | F22: 14 | G22: 1 | H22: 1 | I22: 7 | J22: 1 | K22: 2 | L22: 0 | M22: 8 | N22: 0 | O22: =SUM(C22:L22,N22) -> 51 | P22: =SUM(C22:N22) -> 59 | R22: 1900-2000 | S22: =SUM(C58:C61) -> 34 | T22: =SUM(D58:D61) -> 10 | U22: =SUM(E58:E61) -> 9 | V22: =SUM(F58:F61) -> 16 | W22: =SUM(G58:G61) -> 0 | X22: =SUM(H58:H61) -> 6 | Y22: =SUM(I58:I61) -> 7 | Z22: =SUM(J58:J61) -> 14 | ... AF22: =SUM(P58:P61) -> 149
B23: 10.15 - 10.30 | C23: 16 | D23: 6 | E23: 6 | F23: 8 | G23: 0 | H23: 1 | I23: 5 | J23: 1 | K23: 2 | L23: 1 | M23: 7 | N23: 0 | O23: =SUM(C23:L23,N23) -> 46 | P23: =SUM(C23:N23) -> 53 | R23: 2000-2100 | S23: =SUM(C62:C65) -> 18 | T23: =SUM(D62:D65) -> 6 | U23: =SUM(E62:E65) -> 6 | V23: =SUM(F62:F65) -> 14 | W23: =SUM(G62:G65) -> 0 | X23: =SUM(H62:H65) -> 4 | Y23: =SUM(I62:I65) -> 3 | Z23: =SUM(J62:J65) -> 16 | ... AF23: =SUM(P62:P65) -> 111
B24: 10.30 - 10.45 | C24: 9 | D24: 10 | E24: 3 | F24: 6 | G24: 0 | H24: 0 | I24: 3 | J24: 0 | K24: 2 | L24: 0 | M24: 9 | N24: 0 | O24: =SUM(C24:L24,N24) -> 33 | P24: =SUM(C24:N24) -> 42 | R24: 2100-2200 | S24: =SUM(C66:C69) -> 16 | T24: =SUM(D66:D69) -> 7 | U24: =SUM(E66:E69) -> 3 | V24: =SUM(F66:F69) -> 10 | W24: =SUM(G66:G69) -> 0 | X24: =SUM(H66:H69) -> 5 | Y24: =SUM(I66:I69) -> 3 | Z24: =SUM(J66:J69) -> 12 | ... AF24: =SUM(P66:P69) -> 90
B25: 10.45 - 11.00 | C25: 11 | D25: 3 | E25: 3 | F25: 3 | G25: 1 | H25: 1 | I25: 2 | J25: 0 | K25: 1 | L25: 0 | M25: 17 | N25: 0 | O25: =SUM(C25:L25,N25) -> 25 | P25: =SUM(C25:N25) -> 42 | R25: 2200-2300 | S25: =SUM(C70:C73) -> 19 | T25: =SUM(D70:D73) -> 3 | U25: =SUM(E70:E73) -> 2 | V25: =SUM(F70:F73) -> 0 | W25: =SUM(G70:G73) -> 3 | X25: =SUM(H70:H73) -> 4 | Y25: =SUM(I70:I73) -> 3 | Z25: =SUM(J70:J73) -> 18 | ... AF25: =SUM(P70:P73) -> 78
B26: 11.00 - 11.15 | C26: 7 | D26: 3 | E26: 5 | F26: 4 | G26: 1 | H26: 0 | I26: 1 | J26: 0 | K26: 2 | L26: 1 | M26: 9 | N26: 0 | O26: =SUM(C26:L26,N26) -> 24 | P26: =SUM(C26:N26) -> 33 | R26: 2300-0000 | S26: =SUM(C74:C77) -> 12 | T26: =SUM(D74:D77) -> 6 | U26: =SUM(E74:E77) -> 4 | V26: =SUM(F74:F77) -> 5 | W26: =SUM(G74:G77) -> 2 | X26: =SUM(H74:H77) -> 6 | Y26: =SUM(I74:I77) -> 2 | Z26: =SUM(J74:J77) -> 21 | ... AF26: =SUM(P74:P77) -> 73
B27: 11.15 - 11.30 | C27: 11 | D27: 5 | E27: 5 | F27: 6 | G27: 0 | H27: 0 | I27: 0 | J27: 1 | K27: 0 | L27: 0 | M27: 8 | N27: 0 | O27: =SUM(C27:L27,N27) -> 28 | P27: =SUM(C27:N27) -> 36 | R27: 0000-0100 | S27: =SUM(C78:C81) -> 12 | T27: =SUM(D78:D81) -> 6 | U27: =SUM(E78:E81) -> 4 | V27: =SUM(F78:F81) -> 5 | W27: =SUM(G78:G81) -> 2 | X27: =SUM(H78:H81) -> 6 | Y27: =SUM(I78:I81) -> 2 | Z27: =SUM(J78:J81) -> 21 | ... AF27: =SUM(P78:P81) -> 73
B28: 11.30 - 11.45 | C28: 9 | D28: 4 | E28: 5 | F28: 6 | G28: 0 | H28: 3 | I28: 0 | J28: 0 | K28: 4 | L28: 0 | M28: 12 | N28: 0 | O28: =SUM(C28:L28,N28) -> 31 | P28: =SUM(C28:N28) -> 43 | R28: 0100-0200 | S28: =SUM(C82:C85) -> 26 | T28: =SUM(D82:D85) -> 13 | U28: =SUM(E82:E85) -> 12 | V28: =SUM(F82:F85) -> 3 | W28: =SUM(G82:G85) -> 0 | X28: =SUM(H82:H85) -> 4 | Y28: =SUM(I82:I85) -> 4 | Z28: =SUM(J82:J85) -> 7 | ... AF28: =SUM(P82:P85) -> 77
B29: 11.45 - 12.00 | C29: 16 | D29: 4 | E29: 4 | F29: 7 | G29: 1 | H29: 1 | I29: 1 | J29: 0 | K29: 2 | L29: 0 | M29: 10 | N29: 0 | O29: =SUM(C29:L29,N29) -> 36 | P29: =SUM(C29:N29) -> 46 | R29: 0200-0300 | S29: =SUM(C86:C89) -> 11 | T29: =SUM(D86:D89) -> 6 | U29: =SUM(E86:E89) -> 1 | V29: =SUM(F86:F89) -> 3 | W29: =SUM(G86:G89) -> 2 | X29: =SUM(H86:H89) -> 5 | Y29: =SUM(I86:I89) -> 3 | Z29: =SUM(J86:J89) -> 15 | ... AF29: =SUM(P86:P89) -> 53
B30: 12.00 - 12.15 | C30: 10 | D30: 3 | E30: 2 | F30: 5 | G30: 0 | H30: 3 | I30: 2 | J30: 2 | K30: 0 | L30: 0 | M30: 20 | N30: 0 | O30: =SUM(C30:L30,N30) -> 27 | P30: =SUM(C30:N30) -> 47 | R30: 0300-0400 | S30: =SUM(C90:C93) -> 7 | T30: =SUM(D90:D93) -> 7 | U30: =SUM(E90:E93) -> 3 | V30: =SUM(F90:F93) -> 3 | W30: =SUM(G90:G93) -> 0 | X30: =SUM(H90:H93) -> 9 | Y30: =SUM(I90:I93) -> 8 | Z30: =SUM(J90:J93) -> 7 | ... AF30: =SUM(P90:P93) -> 64
B31: 12.15 - 12.30 | C31: 11 | D31: 1 | E31: 1 | F31: 5 | G31: 0 | H31: 2 | I31: 0 | J31: 0 | K31: 2 | L31: 0 | M31: 17 | N31: 0 | O31: =SUM(C31:L31,N31) -> 22 | P31: =SUM(C31:N31) -> 39 | R31: 0400-0500 | S31: =SUM(C94:C97) -> 23 | T31: =SUM(D94:D97) -> 2 | U31: =SUM(E94:E97) -> 0 | V31: =SUM(F94:F97) -> 6 | W31: =SUM(G94:G97) -> 1 | X31: =SUM(H94:H97) -> 7 | Y31: =SUM(I94:I97) -> 0 | Z31: =SUM(J94:J97) -> 12 | ... AF31: =SUM(P94:P97) -> 58
B32: 12.30 - 12.45 | C32: 8 | D32: 2 | E32: 1 | F32: 6 | G32: 0 | H32: 2 | I32: 1 | J32: 1 | K32: 0 | L32: 0 | M32: 14 | N32: 0 | O32: =SUM(C32:L32,N32) -> 21 | P32: =SUM(C32:N32) -> 35 | R32: 0500-0600 | S32: =SUM(C98:C101) -> 7 | T32: =SUM(D98:D101) -> 1 | U32: =SUM(E98:E101) -> 3 | V32: =SUM(F98:F101) -> 7 | W32: =SUM(G98:G101) -> 0 | X32: =SUM(H98:H101) -> 6 | Y32: =SUM(I98:I101) -> 2 | Z32: =SUM(J98:J101) -> 12 | ... AF32: =SUM(P98:P101) -> 51
B33: 12.45 - 13.00 | C33: 8 | D33: 2 | E33: 5 | F33: 4 | G33: 0 | H33: 2 | I33: 2 | J33: 2 | K33: 0 | L33: 0 | M33: 5 | N33: 0 | O33: =SUM(C33:L33,N33) -> 25 | P33: =SUM(C33:N33) -> 30 | R33: 0600-0700 | S33: =SUM(C102:C105) -> 15 | T33: =SUM(D102:D105) -> 0 | U33: =SUM(E102:E105) -> 3 | V33: =SUM(F102:F105) -> 4 | W33: =SUM(G102:G105) -> 0 | X33: =SUM(H102:H105) -> 1 | Y33: =SUM(I102:I105) -> 5 | Z33: =SUM(J102:J105) -> 5 | ... AF33: =SUM(P102:P105) -> 69
B34: 13.00 - 13.15 | C34: 11 | D34: 6 | E34: 3 | F34: 5 | G34: 0 | H34: 3 | I34: 2 | J34: 2 | K34: 2 | L34: 0 | M34: 10 | N34: 0 | O34: =SUM(C34:L34,N34) -> 34 | P34: =SUM(C34:N34) -> 44 | R34: AM Peak Hr | S34: =MAX(S10:S12) -> 56 | T34: =MAX(T10:T12) -> 25 | U34: =MAX(U10:U12) -> 18 | V34: =MAX(V10:V12) -> 18 | W34: =MAX(W10:W12) -> 2 | X34: =MAX(X10:X12) -> 6 | Y34: =MAX(Y10:Y12) -> 10 | Z34: =MAX(Z10:Z12) -> 5 | ... AF34: =MAX(AF10:AF12) -> 170
B35: 13.15 - 13.30 | C35: 5 | D35: 2 | E35: 2 | F35: 5 | G35: 0 | H35: 2 | I35: 1 | J35: 0 | K35: 0 | L35: 0 | M35: 8 | N35: 0 | O35: =SUM(C35:L35,N35) -> 17 | P35: =SUM(C35:N35) -> 25 | R35: IP Peak Hr | S35: =MAX(S13:S18) -> 48 | T35: =MAX(T13:T18) -> 27 | U35: =MAX(U13:U18) -> 19 | V35: =MAX(V13:V18) -> 31 | W35: =MAX(W13:W18) -> 2 | X35: =MAX(X13:X18) -> 9 | Y35: =MAX(Y13:Y18) -> 17 | Z35: =MAX(Z13:Z18) -> 9 | ... AF35: =MAX(AF13:AF18) -> 196
B36: 13.30 - 13.45 | C36: 8 | D36: 3 | E36: 5 | F36: 7 | G36: 1 | H36: 0 | I36: 4 | J36: 0 | K36: 2 | L36: 0 | M36: 10 | N36: 0 | O36: =SUM(C36:L36,N36) -> 30 | P36: =SUM(C36:N36) -> 40 | R36: PM Peak Hr | S36: =MAX(S19:S21) -> 42 | T36: =MAX(T19:T21) -> 23 | U36: =MAX(U19:U21) -> 10 | V36: =MAX(V19:V21) -> 30 | W36: =MAX(W19:W21) -> 0 | X36: =MAX(X19:X21) -> 8 | Y36: =MAX(Y19:Y21) -> 17 | Z36: =MAX(Z19:Z21) -> 14 | ... AF36: =MAX(AF19:AF21) -> 202
B37: 13.45 - 14.00 | C37: 4 | D37: 0 | E37: 1 | F37: 3 | G37: 0 | H37: 1 | I37: 1 | J37: 2 | K37: 0 | L37: 0 | M37: 7 | N37: 0 | O37: =SUM(C37:L37,N37) -> 12 | P37: =SUM(C37:N37) -> 19 | R37: AM Period | S37: =SUM(S10:S12) -> 124 | T37: =SUM(T10:T12) -> 59 | U37: =SUM(U10:U12) -> 33 | V37: =SUM(V10:V12) -> 45 | W37: =SUM(W10:W12) -> 3 | X37: =SUM(X10:X12) -> 10 | Y37: =SUM(Y10:Y12) -> 21 | Z37: =SUM(Z10:Z12) -> 7 | ... AF37: =SUM(AF10:AF12) -> 410
B38: 14.00 - 14.15 | C38: 3 | D38: 3 | E38: 0 | F38: 3 | G38: 0 | H38: 3 | I38: 1 | J38: 0 | K38: 0 | L38: 0 | M38: 4 | N38: 0 | O38: =SUM(C38:L38,N38) -> 13 | P38: =SUM(C38:N38) -> 17 | R38: IP Period | S38: =SUM(S13:S18) -> 218 | T38: =SUM(T13:T18) -> 93 | U38: =SUM(U13:U18) -> 75 | V38: =SUM(V13:V18) -> 132 | W38: =SUM(W13:W18) -> 8 | X38: =SUM(X13:X18) -> 35 | Y38: =SUM(Y13:Y18) -> 44 | Z38: =SUM(Z13:Z18) -> 24 | ... AF38: =SUM(AF13:AF18) -> 902
B39: 14.15 - 14.30 | C39: 10 | D39: 3 | E39: 3 | F39: 4 | G39: 0 | H39: 0 | I39: 2 | J39: 3 | K39: 5 | L39: 0 | M39: 14 | N39: 0 | O39: =SUM(C39:L39,N39) -> 30 | P39: =SUM(C39:N39) -> 44 | R39: PM Period | S39: =SUM(S19:S21) -> 123 | T39: =SUM(T19:T21) -> 59 | U39: =SUM(U19:U21) -> 23 | V39: =SUM(V19:V21) -> 58 | W39: =SUM(W19:W21) -> 0 | X39: =SUM(X19:X21) -> 16 | Y39: =SUM(Y19:Y21) -> 37 | Z39: =SUM(Z19:Z21) -> 35 | ... AF39: =SUM(AF19:AF21) -> 509
B40: 14.30 - 14.45 | C40: 6 | D40: 3 | E40: 3 | F40: 6 | G40: 2 | H40: 2 | I40: 0 | J40: 3 | K40: 2 | L40: 0 | M40: 8 | N40: 0 | O40: =SUM(C40:L40,N40) -> 27 | P40: =SUM(C40:N40) -> 35 | R40: 12 Hours | S40: =SUM(S10:S21) -> 465 | T40: =SUM(T10:T21) -> 211 | U40: =SUM(U10:U21) -> 131 | V40: =SUM(V10:V21) -> 235 | W40: =SUM(W10:W21) -> 11 | X40: =SUM(X10:X21) -> 61 | Y40: =SUM(Y10:Y21) -> 102 | Z40: =SUM(Z10:Z21) -> 66 | ... AF40: =SUM(AF10:AF21) -> 1821
B41: 14.45 - 15.00 | C41: 3 | D41: 4 | E41: 2 | F41: 2 | G41: 0 | H41: 1 | I41: 1 | J41: 3 | K41: 1 | L41: 0 | M41: 4 | N41: 0 | O41: =SUM(C41:L41,N41) -> 17 | P41: =SUM(C41:N41) -> 21 | R41: 24 Hrs/ADT | S41: =SUM(S10:S33) -> 665 | T41: =SUM(T10:T33) -> 278 | U41: =SUM(U10:U33) -> 181 | V41: =SUM(V10:V33) -> 311 | W41: =SUM(W10:W33) -> 21 | X41: =SUM(X10:X33) -> 124 | Y41: =SUM(Y10:Y33) -> 144 | Z41: =SUM(Z10:Z33) -> 226 | ... AF41: =SUM(AF10:AF33) -> 2767
B42: 15.00 - 15.15 | C42: 8 | D42: 6 | E42: 3 | F42: 6 | G42: 0 | H42: 0 | I42: 3 | J42: 0 | K42: 0 | L42: 0 | M42: 9 | N42: 0 | O42: =SUM(C42:L42,N42) -> 26 | P42: =SUM(C42:N42) -> 35 | R42: NEF | S42: =S41/S40 -> 1.4301075 | T42: =T41/T40 -> 1.3175355 | U42: =U41/U40 -> 1.3816794 | V42: =V41/V40 -> 1.3234043 | W42: =W41/W40 -> 1.9090909 | X42: =X41/X40 -> 2.0327869 | Y42: =Y41/Y40 -> 1.4117647 | Z42: =Z41/Z40 -> 3.4242424 | ... AF42: =AF41/AF40 -> 1.5194948
B43: 15.15 - 15.30 | C43: 6 | D43: 4 | E43: 2 | F43: 9 | G43: 1 | H43: 1 | I43: 1 | J43: 1 | K43: 3 | L43: 0 | M43: 9 | N43: 0 | O43: =SUM(C43:L43,N43) -> 28 | P43: =SUM(C43:N43) -> 37
B44: 15.30 - 15.45 | C44: 16 | D44: 3 | E44: 1 | F44: 2 | G44: 0 | H44: 2 | I44: 1 | J44: 1 | K44: 1 | L44: 1 | M44: 10 | N44: 0 | O44: =SUM(C44:L44,N44) -> 28 | P44: =SUM(C44:N44) -> 38
B45: 15.45 - 16.00 | C45: 10 | D45: 5 | E45: 5 | F45: 6 | G45: 0 | H45: 4 | I45: 3 | J45: 1 | K45: 1 | L45: 0 | M45: 7 | N45: 0 | O45: =SUM(C45:L45,N45) -> 35 | P45: =SUM(C45:N45) -> 42
B46: 16.00 - 16.15 | C46: 12 | D46: 9 | E46: 1 | F46: 4 | G46: 0 | H46: 3 | I46: 2 | J46: 2 | K46: 1 | L46: 0 | M46: 9 | N46: 0 | O46: =SUM(C46:L46,N46) -> 34 | P46: =SUM(C46:N46) -> 43
B47: 16.15 -16.30 | C47: 14 | D47: 5 | E47: 1 | F47: 3 | G47: 0 | H47: 2 | I47: 4 | J47: 2 | K47: 3 | L47: 0 | M47: 13 | N47: 0 | O47: =SUM(C47:L47,N47) -> 34 | P47: =SUM(C47:N47) -> 47
B48: 16.30 -16.45 | C48: 6 | D48: 3 | E48: 4 | F48: 10 | G48: 0 | H48: 2 | I48: 2 | J48: 1 | K48: 3 | L48: 1 | M48: 4 | N48: 0 | O48: =SUM(C48:L48,N48) -> 32 | P48: =SUM(C48:N48) -> 36
B49: 16.45 -17.00 | C49: 10 | D49: 6 | E49: 1 | F49: 0 | G49: 0 | H49: 1 | I49: 1 | J49: 4 | K49: 1 | L49: 0 | M49: 2 | N49: 0 | O49: =SUM(C49:L49,N49) -> 24 | P49: =SUM(C49:N49) -> 26
B50: 17.00 -17.15 | C50: 6 | D50: 2 | E50: 2 | F50: 6 | G50: 0 | H50: 2 | I50: 1 | J50: 5 | K50: 5 | L50: 0 | M50: 15 | N50: 0 | O50: =SUM(C50:L50,N50) -> 29 | P50: =SUM(C50:N50) -> 44
B51: 17.15 -17.30 | C51: 8 | D51: 6 | E51: 2 | F51: 6 | G51: 0 | H51: 1 | I51: 5 | J51: 2 | K51: 0 | L51: 0 | M51: 23 | N51: 0 | O51: =SUM(C51:L51,N51) -> 30 | P51: =SUM(C51:N51) -> 53
B52: 17.30 -17.45 | C52: 6 | D52: 5 | E52: 0 | F52: 7 | G52: 0 | H52: 0 | I52: 6 | J52: 2 | K52: 0 | L52: 1 | M52: 9 | N52: 0 | O52: =SUM(C52:L52,N52) -> 27 | P52: =SUM(C52:N52) -> 36
B53: 17.45 -18.00 | C53: 20 | D53: 9 | E53: 2 | F53: 11 | G53: 0 | H53: 1 | I53: 5 | J53: 5 | K53: 2 | L53: 2 | M53: 12 | N53: 0 | O53: =SUM(C53:L53,N53) -> 57 | P53: =SUM(C53:N53) -> 69
B54: 18.00 - 18.15 | C54: 11 | D54: 2 | E54: 5 | F54: 3 | G54: 0 | H54: 1 | I54: 3 | J54: 1 | K54: 0 | L54: 1 | M54: 9 | N54: 0 | O54: =SUM(C54:L54,N54) -> 27 | P54: =SUM(C54:N54) -> 36
... B105: 06.45 - 07.00 | C105: 5 | D105: 0 | E105: 3 | F105: 4 | G105: 0 | H105: 0 | I105: 3 | J105: 1 | K105: 3 | L105: 0 | M105: 16 | N105: 0 | O105: =SUM(C105:L105,N105) -> 19 | P105: =SUM(C105:N105) -> 35
B106: Totals | C106: =SUM(C10:C105) -> 665 | D106: =SUM(D10:D105) -> 278 | E106: =SUM(E10:E105) -> 181 | F106: =SUM(F10:F105) -> 311 | G106: =SUM(G10:G105) -> 21 | H106: =SUM(H10:H105) -> 124 | I106: =SUM(I10:I105) -> 144 | J106: =SUM(J10:J105) -> 226 | ... P106: =SUM(P10:P105) -> 2767
B107: %ges + MCs | C107: =C106/$P$106 -> 0.24033249 | D107: =D106/$P$106 -> 0.10046982 | E107: =E106/$P$106 -> 0.065413806 | F107: =F106/$P$106 -> 0.1123961 | G107: =G106/$P$106 -> 0.0075894471 | H107: =H106/$P$106 -> 0.044813878 | I107: =I106/$P$106 -> 0.052041923 | J107: =J106/$P$106 -> 0.081676906 | ... N107: =N106/$P$106 -> 0
B108: %ges w/o MCs | C108: =C106/$O$106 -> 0.30323757 | D108: =D106/$O$106 -> 0.12676699 | E108: =E106/$O$106 -> 0.08253534 | F108: =F106/$O$106 -> 0.14181487 | G108: =G106/$O$106 -> 0.0095759234 | H108: =H106/$O$106 -> 0.056543548 | I108: =I106/$O$106 -> 0.065663475 | J108: =J106/$O$106 -> 0.10305518 | ... L108: =L106/$O$106 -> 0.015503876 | N108: =N106/$O$106 -> 0

Sheet 19.10 MBARARA-MASAKA-24H
B1: Consultancy services for Preparation of Expressway Development Master Plan (EDMP) for Uganda
B2: MANUAL CLASSIFIED COUNT (MCC)
B3: ROAD NAME: | C3: MASAKA-MBARARA ROAD
C5: Date | D5: 19.10.19 | F5: Location | G5: KINONI | J5: Surveyor | K5: SANDRA
C6: Dir. From | D6: MBARARA | F6: Dir. To | G6: MASAKA | J6: Supervisor | K6: SANDRA
B8: Time / Veh Type | R8: SUMMARY TRAFFIC VOLUMES
C9: 1. Car | D9: 2. Station Wagon | E9: 3. Pickups | F9: 4. Minibus, matatu | G9: 5. Medium bus | H9: 6. Large Bus | I9: 7. Light Truck | J9: 8. Medium Truck | K9: 9. Heavy truck | L9: 10. Truck Trailer | M9: 11. Motor cycles | N9: 12. Tractors | O9: Total Excl M/Cycles | P9: Total All | R9: Time | S9: 1. Car | T9: 2. Station Wagon | U9: 3. Pickups | V9: 4. Minibus, matatu | W9: 5. Medium bus | X9: 6. Large Bus | Y9: 7. Light Truck | Z9: 8. Medium Truck | AA9: 9. Heavy truck | AB9: 10. Truck Trailer | AC9: 11. Motorcycles | AD9: 12. Tractors, Graders | AE9: Total Excl M/ Cycles | AF9: Total All
B10: 07.00 - 07.15 | C10: 0 | D10: 0 | E10: 3 | F10: 4 | G10: 1 | H10: 0 | I10: 0 | J10: 0 | K10: 5 | L10: 0 | M10: 11 | N10: 0 | O10: =SUM(C10:L10,N10) -> 13 | P10: =SUM(C10:N10) -> 24 | R10: 0700-0800 | S10: =SUM(C10:C13) -> 9 | T10: =SUM(D10:D13) -> 1 | U10: =SUM(E10:E13) -> 4 | V10: =SUM(F10:F13) -> 10 | W10: =SUM(G10:G13) -> 2 | X10: =SUM(H10:H13) -> 2 | Y10: =SUM(I10:I13) -> 1 | Z10: =SUM(J10:J13) -> 1 | ... AF10: =SUM(P10:P13) -> 63
B11: 07.15 - 07.30 | C11: 4 | D11: 1 | E11: 1 | F11: 4 | G11: 0 | H11: 1 | I11: 0 | J11: 0 | K11: 2 | L11: 1 | M11: 8 | N11: 0 | O11: =SUM(C11:L11,N11) -> 14 | P11: =SUM(C11:N11) -> 22 | R11: 0800-0900 | S11: =SUM(C14:C17) -> 17 | T11: =SUM(D14:D17) -> 7 | U11: =SUM(E14:E17) -> 2 | V11: =SUM(F14:F17) -> 9 | W11: =SUM(G14:G17) -> 0 | X11: =SUM(H14:H17) -> 1 | Y11: =SUM(I14:I17) -> 1 | Z11: =SUM(J14:J17) -> 3 | ... AF11: =SUM(P14:P17) -> 65
B12: 07.30 - 07.45 | C12: 1 | D12: 0 | E12: 0 | F12: 2 | G12: 0 | H12: 0 | I12: 0 | J12: 0 | K12: 0 | L12: 2 | M12: 0 | N12: 0 | O12: =SUM(C12:L12,N12) -> 5 | P12: =SUM(C12:N12) -> 5 | R12: 0900-1000 | S12: =SUM(C18:C21) -> 33 | T12: =SUM(D18:D21) -> 13 | U12: =SUM(E18:E21) -> 7 | V12: =SUM(F18:F21) -> 20 | W12: =SUM(G18:G21) -> 1 | X12: =SUM(H18:H21) -> 3 | Y12: =SUM(I18:I21) -> 5 | Z12: =SUM(J18:J21) -> 3 | ... AF12: =SUM(P18:P21) -> 130
B13: 07.45 - 08.00 | C13: 4 | D13: 0 | E13: 0 | F13: 0 | G13: 1 | H13: 1 | I13: 1 | J13: 1 | K13: 0 | L13: 0 | M13: 4 | N13: 0 | O13: =SUM(C13:L13,N13) -> 8 | P13: =SUM(C13:N13) -> 12 | R13: 1000-1100 | S13: =SUM(C22:C25) -> 32 | T13: =SUM(D22:D25) -> 28 | U13: =SUM(E22:E25) -> 13 | V13: =SUM(F22:F25) -> 20 | W13: =SUM(G22:G25) -> 2 | X13: =SUM(H22:H25) -> 6 | Y13: =SUM(I22:I25) -> 9 | Z13: =SUM(J22:J25) -> 6 | ... AF13: =SUM(P22:P25) -> 157
B14: 08.00 - 08.15 | C14: 2 | D14: 1 | E14: 0 | F14: 2 | G14: 0 | H14: 0 | I14: 0 | J14: 0 | K14: 0 | L14: 0 | M14: 2 | N14: 0 | O14: =SUM(C14:L14,N14) -> 5 | P14: =SUM(C14:N14) -> 7 | R14: 1100-1200 | S14: =SUM(C26:C29) -> 42 | T14: =SUM(D26:D29) -> 15 | U14: =SUM(E26:E29) -> 9 | V14: =SUM(F26:F29) -> 24 | W14: =SUM(G26:G29) -> 1 | X14: =SUM(H26:H29) -> 4 | Y14: =SUM(I26:I29) -> 3 | Z14: =SUM(J26:J29) -> 7 | ... AF14: =SUM(P26:P29) -> 152
B15: 08.15 - 08.30 | C15: 5 | D15: 0 | E15: 0 | F15: 2 | G15: 0 | H15: 0 | I15: 0 | J15: 0 | K15: 0 | L15: 0 | M15: 2 | N15: 0 | O15: =SUM(C15:L15,N15) -> 7 | P15: =SUM(C15:N15) -> 9 | R15: 1200-1300 | S15: =SUM(C30:C33) -> 45 | T15: =SUM(D30:D33) -> 18 | U15: =SUM(E30:E33) -> 13 | V15: =SUM(F30:F33) -> 21 | W15: =SUM(G30:G33) -> 0 | X15: =SUM(H30:H33) -> 4 | Y15: =SUM(I30:I33) -> 5 | Z15: =SUM(J30:J33) -> 9 | ... AF15: =SUM(P30:P33) -> 172
B16: 08.30 - 08.45 | C16: 4 | D16: 4 | E16: 1 | F16: 1 | G16: 0 | H16: 1 | I16: 0 | J16: 2 | K16: 1 | L16: 1 | M16: 6 | N16: 0 | O16: =SUM(C16:L16,N16) -> 15 | P16: =SUM(C16:N16) -> 21 | R16: 1300-1400 | S16: =SUM(C34:C37) -> 40 | T16: =SUM(D34:D37) -> 12 | U16: =SUM(E34:E37) -> 9 | V16: =SUM(F34:F37) -> 18 | W16: =SUM(G34:G37) -> 0 | X16: =SUM(H34:H37) -> 6 | Y16: =SUM(I34:I37) -> 9 | Z16: =SUM(J34:J37) -> 4 | ... AF16: =SUM(P34:P37) -> 158
B17: 08.45 - 9.00 | C17: 6 | D17: 2 | E17: 1 | F17: 4 | G17: 0 | H17: 0 | I17: 1 | J17: 1 | K17: 0 | L17: 0 | M17: 13 | N17: 0 | O17: =SUM(C17:L17,N17) -> 15 | P17: =SUM(C17:N17) -> 28 | R17: 1400-1500 | S17: =SUM(C38:C41) -> 29 | T17: =SUM(D38:D41) -> 12 | U17: =SUM(E38:E41) -> 6 | V17: =SUM(F38:F41) -> 16 | W17: =SUM(G38:G41) -> 0 | X17: =SUM(H38:H41) -> 4 | Y17: =SUM(I38:I41) -> 7 | Z17: =SUM(J38:J41) -> 5 | ... AF17: =SUM(P38:P41) -> 116
B18: 09.00 - 09.15 | C18: 6 | D18: 7 | E18: 2 | F18: 4 | G18: 1 | H18: 1 | I18: 2 | J18: 0 | K18: 1 | L18: 0 | M18: 10 | N18: 0 | O18: =SUM(C18:L18,N18) -> 24 | P18: =SUM(C18:N18) -> 34 | R18: 1500-1600 | S18: =SUM(C42:C45) -> 35 | T18: =SUM(D42:D45) -> 12 | U18: =SUM(E42:E45) -> 8 | V18: =SUM(F42:F45) -> 13 | W18: =SUM(G42:G45) -> 1 | X18: =SUM(H42:H45) -> 7 | Y18: =SUM(I42:I45) -> 7 | Z18: =SUM(J42:J45) -> 5 | ... AF18: =SUM(P42:P45) -> 132
B19: 09.15 - 09.30 | C19: 7 | D19: 0 | E19: 1 | F19: 6 | G19: 0 | H19: 0 | I19: 1 | J19: 1 | K19: 1 | L19: 0 | M19: 16 | N19: 0 | O19: =SUM(C19:L19,N19) -> 17 | P19: =SUM(C19:N19) -> 33 | R19: 1600-1700 | S19: =SUM(C46:C49) -> 39 | T19: =SUM(D46:D49) -> 13 | U19: =SUM(E46:E49) -> 22 | V19: =SUM(F46:F49) -> 17 | W19: =SUM(G46:G49) -> 0 | X19: =SUM(H46:H49) -> 5 | Y19: =SUM(I46:I49) -> 10 | Z19: =SUM(J46:J49) -> 4 | ... AF19: =SUM(P46:P49) -> 165
B20: 09.30 - 09.45 | C20: 10 | D20: 3 | E20: 1 | F20: 8 | G20: 0 | H20: 0 | I20: 2 | J20: 1 | K20: 3 | L20: 0 | M20: 5 | N20: 0 | O20: =SUM(C20:L20,N20) -> 28 | P20: =SUM(C20:N20) -> 33 | R20: 1700-1800 | S20: =SUM(C50:C53) -> 35 | T20: =SUM(D50:D53) -> 25 | U20: =SUM(E50:E53) -> 5 | V20: =SUM(F50:F53) -> 17 | W20: =SUM(G50:G53) -> 0 | X20: =SUM(H50:H53) -> 6 | Y20: =SUM(I50:I53) -> 8 | Z20: =SUM(J50:J53) -> 14 | ... AF20: =SUM(P50:P53) -> 168
B21: 09.45 - 10.00 | C21: 10 | D21: 3 | E21: 3 | F21: 2 | G21: 0 | H21: 2 | I21: 0 | J21: 1 | K21: 2 | L21: 0 | M21: 7 | N21: 0 | O21: =SUM(C21:L21,N21) -> 23 | P21: =SUM(C21:N21) -> 30 | R21: 1800-1900 | S21: =SUM(C54:C57) -> 37 | T21: =SUM(D54:D57) -> 11 | U21: =SUM(E54:E57) -> 13 | V21: =SUM(F54:F57) -> 21 | W21: =SUM(G54:G57) -> 2 | X21: =SUM(H54:H57) -> 3 | Y21: =SUM(I54:I57) -> 10 | Z21: =SUM(J54:J57) -> 11 | ... AF21: =SUM(P54:P57) -> 165
B22: 10.00 - 10.15 | C22: 9 | D22: 10 | E22: 4 | F22: 6 | G22: 2 | H22: 0 | I22: 7 | J22: 1 | K22: 2 | L22: 0 | M22: 9 | N22: 0 | O22: =SUM(C22:L22,N22) -> 41 | P22: =SUM(C22:N22) -> 50 | R22: 1900-2000 | S22: =SUM(C58:C61) -> 40 | T22: =SUM(D58:D61) -> 16 | U22: =SUM(E58:E61) -> 9 | V22: =SUM(F58:F61) -> 20 | W22: =SUM(G58:G61) -> 2 | X22: =SUM(H58:H61) -> 4 | Y22: =SUM(I58:I61) -> 10 | Z22: =SUM(J58:J61) -> 9 | ... AF22: =SUM(P58:P61) -> 180
B23: 10.15 - 10.30 | C23: 11 | D23: 12 | E23: 4 | F23: 6 | G23: 0 | H23: 4 | I23: 2 | J23: 3 | K23: 2 | L23: 0 | M23: 9 | N23: 0 | O23: =SUM(C23:L23,N23) -> 44 | P23: =SUM(C23:N23) -> 53 | R23: 2000-2100 | S23: =SUM(C62:C65) -> 34 | T23: =SUM(D62:D65) -> 13 | U23: =SUM(E62:E65) -> 7 | V23: =SUM(F62:F65) -> 22 | W23: =SUM(G62:G65) -> 2 | X23: =SUM(H62:H65) -> 4 | Y23: =SUM(I62:I65) -> 7 | Z23: =SUM(J62:J65) -> 22 | ... AF23: =SUM(P62:P65) -> 162
B24: 10.30 - 10.45 | C24: 8 | D24: 4 | E24: 1 | F24: 3 | G24: 0 | H24: 0 | I24: 0 | J24: 2 | K24: 0 | L24: 0 | M24: 6 | N24: 0 | O24: =SUM(C24:L24,N24) -> 18 | P24: =SUM(C24:N24) -> 24 | R24: 2100-2200 | S24: =SUM(C66:C69) -> 30 | T24: =SUM(D66:D69) -> 20 | U24: =SUM(E66:E69) -> 9 | V24: =SUM(F66:F69) -> 12 | W24: =SUM(G66:G69) -> 3 | X24: =SUM(H66:H69) -> 5 | Y24: =SUM(I66:I69) -> 7 | Z24: =SUM(J66:J69) -> 18 | ... AF24: =SUM(P66:P69) -> 138
B25: 10.45 - 11.00 | C25: 4 | D25: 2 | E25: 4 | F25: 5 | G25: 0 | H25: 2 | I25: 0 | J25: 0 | K25: 5 | L25: 0 | M25: 8 | N25: 0 | O25: =SUM(C25:L25,N25) -> 22 | P25: =SUM(C25:N25) -> 30 | R25: 2200-2300 | S25: =SUM(C70:C73) -> 26 | T25: =SUM(D70:D73) -> 6 | U25: =SUM(E70:E73) -> 3 | V25: =SUM(F70:F73) -> 5 | W25: =SUM(G70:G73) -> 2 | X25: =SUM(H70:H73) -> 2 | Y25: =SUM(I70:I73) -> 2 | Z25: =SUM(J70:J73) -> 20 | ... AF25: =SUM(P70:P73) -> 104
B26: 11.00 - 11.15 | C26: 12 | D26: 5 | E26: 4 | F26: 2 | G26: 0 | H26: 1 | I26: 1 | J26: 1 | K26: 2 | L26: 0 | M26: 12 | N26: 0 | O26: =SUM(C26:L26,N26) -> 28 | P26: =SUM(C26:N26) -> 40 | R26: 2300-0000 | S26: =SUM(C74:C77) -> 22 | T26: =SUM(D74:D77) -> 3 | U26: =SUM(E74:E77) -> 1 | V26: =SUM(F74:F77) -> 3 | W26: =SUM(G74:G77) -> 1 | X26: =SUM(H74:H77) -> 1 | Y26: =SUM(I74:I77) -> 3 | Z26: =SUM(J74:J77) -> 18 | ... AF26: =SUM(P74:P77) -> 68
B27: 11.15 - 11.30 | C27: 10 | D27: 5 | E27: 1 | F27: 5 | G27: 1 | H27: 0 | I27: 0 | J27: 2 | K27: 2 | L27: 0 | M27: 9 | N27: 0 | O27: =SUM(C27:L27,N27) -> 26 | P27: =SUM(C27:N27) -> 35 | R27: 0000-0100 | S27: =SUM(C78:C81) -> 10 | T27: =SUM(D78:D81) -> 6 | U27: =SUM(E78:E81) -> 3 | V27: =SUM(F78:F81) -> 2 | W27: =SUM(G78:G81) -> 1 | X27: =SUM(H78:H81) -> 6 | Y27: =SUM(I78:I81) -> 6 | Z27: =SUM(J78:J81) -> 14 | ... AF27: =SUM(P78:P81) -> 57
B28: 11.30 - 11.45 | C28: 8 | D28: 2 | E28: 1 | F28: 5 | G28: 0 | H28: 3 | I28: 1 | J28: 3 | K28: 3 | L28: 0 | M28: 6 | N28: 0 | O28: =SUM(C28:L28,N28) -> 26 | P28: =SUM(C28:N28) -> 32 | R28: 0100-0200 | S28: =SUM(C82:C85) -> 10 | T28: =SUM(D82:D85) -> 5 | U28: =SUM(E82:E85) -> 1 | V28: =SUM(F82:F85) -> 1 | W28: =SUM(G82:G85) -> 0 | X28: =SUM(H82:H85) -> 8 | Y28: =SUM(I82:I85) -> 2 | Z28: =SUM(J82:J85) -> 18 | ... AF28: =SUM(P82:P85) -> 56
B29: 11.45 - 12.00 | C29: 12 | D29: 3 | E29: 3 | F29: 12 | G29: 0 | H29: 0 | I29: 1 | J29: 1 | K29: 0 | L29: 0 | M29: 13 | N29: 0 | O29: =SUM(C29:L29,N29) -> 32 | P29: =SUM(C29:N29) -> 45 | R29: 0200-0300 | S29: =SUM(C86:C89) -> 11 | T29: =SUM(D86:D89) -> 3 | U29: =SUM(E86:E89) -> 3 | V29: =SUM(F86:F89) -> 0 | W29: =SUM(G86:G89) -> 5 | X29: =SUM(H86:H89) -> 3 | Y29: =SUM(I86:I89) -> 17 | Z29: =SUM(J86:J89) -> 8 | ... AF29: =SUM(P86:P89) -> 54
B30: 12.00 - 12.15 | C30: 14 | D30: 12 | E30: 3 | F30: 4 | G30: 0 | H30: 1 | I30: 0 | J30: 1 | K30: 3 | L30: 0 | M30: 10 | N30: 0 | O30: =SUM(C30:L30,N30) -> 38 | P30: =SUM(C30:N30) -> 48 | R30: 0300-0400 | S30: =SUM(C90:C93) -> 16 | T30: =SUM(D90:D93) -> 5 | U30: =SUM(E90:E93) -> 0 | V30: =SUM(F90:F93) -> 3 | W30: =SUM(G90:G93) -> 0 | X30: =SUM(H90:H93) -> 7 | Y30: =SUM(I90:I93) -> 0 | Z30: =SUM(J90:J93) -> 18 | ... AF30: =SUM(P90:P93) -> 51
B31: 12.15 - 12.30 | C31: 5 | D31: 3 | E31: 4 | F31: 10 | G31: 0 | H31: 1 | I31: 1 | J31: 1 | K31: 3 | L31: 0 | M31: 16 | N31: 0 | O31: =SUM(C31:L31,N31) -> 28 | P31: =SUM(C31:N31) -> 44 | R31: 0400-0500 | S31: =SUM(C94:C97) -> 18 | T31: =SUM(D94:D97) -> 4 | U31: =SUM(E94:E97) -> 5 | V31: =SUM(F94:F97) -> 6 | W31: =SUM(G94:G97) -> 6 | X31: =SUM(H94:H97) -> 6 | Y31: =SUM(I94:I97) -> 3 | Z31: =SUM(J94:J97) -> 3 | ... AF31: =SUM(P94:P97) -> 69
B32: 12.30 - 12.45 | C32: 13 | D32: 3 | E32: 3 | F32: 5 | G32: 0 | H32: 1 | I32: 3 | J32: 4 | K32: 1 | L32: 1 | M32: 12 | N32: 0 | O32: =SUM(C32:L32,N32) -> 34 | P32: =SUM(C32:N32) -> 46 | R32: 0500-0600 | S32: =SUM(C98:C101) -> 3 | T32: =SUM(D98:D101) -> 4 | U32: =SUM(E98:E101) -> 2 | V32: =SUM(F98:F101) -> 10 | W32: =SUM(G98:G101) -> 1 | X32: =SUM(H98:H101) -> 5 | Y32: =SUM(I98:I101) -> 1 | Z32: =SUM(J98:J101) -> 6 | ... AF32: =SUM(P98:P101) -> 50
B33: 12.45 - 13.00 | C33: 13 | D33: 0 | E33: 3 | F33: 2 | G33: 0 | H33: 1 | I33: 1 | J33: 3 | K33: 2 | L33: 1 | M33: 8 | N33: 0 | O33: =SUM(C33:L33,N33) -> 26 | P33: =SUM(C33:N33) -> 34 | R33: 0600-0700 | S33: =SUM(C102:C105) -> 14 | T33: =SUM(D102:D105) -> 1 | U33: =SUM(E102:E105) -> 1 | V33: =SUM(F102:F105) -> 12 | W33: =SUM(G102:G105) -> 0 | X33: =SUM(H102:H105) -> 1 | Y33: =SUM(I102:I105) -> 2 | Z33: =SUM(J102:J105) -> 7 | ... AF33: =SUM(P102:P105) -> 72
B34: 13.00 - 13.15 | C34: 10 | D34: 7 | E34: 3 | F34: 7 | G34: 0 | H34: 1 | I34: 3 | J34: 1 | K34: 2 | L34: 0 | M34: 16 | N34: 0 | O34: =SUM(C34:L34,N34) -> 34 | P34: =SUM(C34:N34) -> 50 | R34: AM Peak Hr | S34: =MAX(S10:S12) -> 33 | T34: =MAX(T10:T12) -> 13 | U34: =MAX(U10:U12) -> 7 | V34: =MAX(V10:V12) -> 20 | W34: =MAX(W10:W12) -> 2 | X34: =MAX(X10:X12) -> 3 | Y34: =MAX(Y10:Y12) -> 5 | Z34: =MAX(Z10:Z12) -> 3 | ... AF34: =MAX(AF10:AF12) -> 130
B35: 13.15 - 13.30 | C35: 7 | D35: 2 | E35: 1 | F35: 1 | G35: 0 | H35: 2 | I35: 2 | J35: 0 | K35: 0 | L35: 0 | M35: 17 | N35: 0 | O35: =SUM(C35:L35,N35) -> 15 | P35: =SUM(C35:N35) -> 32 | R35: IP Peak Hr | S35: =MAX(S13:S18) -> 45 | T35: =MAX(T13:T18) -> 28 | U35: =MAX(U13:U18) -> 13 | V35: =MAX(V13:V18) -> 24 | W35: =MAX(W13:W18) -> 2 | X35: =MAX(X13:X18) -> 7 | Y35: =MAX(Y13:Y18) -> 9 | Z35: =MAX(Z13:Z18) -> 9 | ... AF35: =MAX(AF13:AF18) -> 172
B36: 13.30 - 13.45 | C36: 12 | D36: 1 | E36: 2 | F36: 7 | G36: 0 | H36: 2 | I36: 1 | J36: 1 | K36: 3 | L36: 0 | M36: 11 | N36: 0 | O36: =SUM(C36:L36,N36) -> 29 | P36: =SUM(C36:N36) -> 40 | R36: PM Peak Hr | S36: =MAX(S19:S21) -> 39 | T36: =MAX(T19:T21) -> 25 | U36: =MAX(U19:U21) -> 22 | V36: =MAX(V19:V21) -> 21 | W36: =MAX(W19:W21) -> 2 | X36: =MAX(X19:X21) -> 6 | Y36: =MAX(Y19:Y21) -> 10 | Z36: =MAX(Z19:Z21) -> 14 | ... AF36: =MAX(AF19:AF21) -> 168
B37: 13.45 - 14.00 | C37: 11 | D37: 2 | E37: 3 | F37: 3 | G37: 0 | H37: 1 | I37: 3 | J37: 2 | K37: 3 | L37: 0 | M37: 8 | N37: 0 | O37: =SUM(C37:L37,N37) -> 28 | P37: =SUM(C37:N37) -> 36 | R37: AM Period | S37: =SUM(S10:S12) -> 59 | T37: =SUM(T10:T12) -> 21 | U37: =SUM(U10:U12) -> 13 | V37: =SUM(V10:V12) -> 39 | W37: =SUM(W10:W12) -> 3 | X37: =SUM(X10:X12) -> 6 | Y37: =SUM(Y10:Y12) -> 7 | Z37: =SUM(Z10:Z12) -> 7 | ... AF37: =SUM(AF10:AF12) -> 258
B38: 14.00 - 14.15 | C38: 9 | D38: 4 | E38: 2 | F38: 6 | G38: 0 | H38: 1 | I38: 3 | J38: 1 | K38: 2 | L38: 0 | M38: 8 | N38: 0 | O38: =SUM(C38:L38,N38) -> 28 | P38: =SUM(C38:N38) -> 36 | R38: IP Period | S38: =SUM(S13:S18) -> 223 | T38: =SUM(T13:T18) -> 97 | U38: =SUM(U13:U18) -> 58 | V38: =SUM(V13:V18) -> 112 | W38: =SUM(W13:W18) -> 4 | X38: =SUM(X13:X18) -> 31 | Y38: =SUM(Y13:Y18) -> 40 | Z38: =SUM(Z13:Z18) -> 36 | ... AF38: =SUM(AF13:AF18) -> 887
B39: 14.15 - 14.30 | C39: 2 | D39: 0 | E39: 3 | F39: 3 | G39: 0 | H39: 1 | I39: 2 | J39: 1 | K39: 0 | L39: 0 | M39: 4 | N39: 0 | O39: =SUM(C39:L39,N39) -> 12 | P39: =SUM(C39:N39) -> 16 | R39: PM Period | S39: =SUM(S19:S21) -> 111 | T39: =SUM(T19:T21) -> 49 | U39: =SUM(U19:U21) -> 40 | V39: =SUM(V19:V21) -> 55 | W39: =SUM(W19:W21) -> 2 | X39: =SUM(X19:X21) -> 14 | Y39: =SUM(Y19:Y21) -> 28 | Z39: =SUM(Z19:Z21) -> 29 | ... AF39: =SUM(AF19:AF21) -> 498
B40: 14.30 - 14.45 | C40: 12 | D40: 5 | E40: 1 | F40: 3 | G40: 0 | H40: 2 | I40: 2 | J40: 2 | K40: 0 | L40: 0 | M40: 17 | N40: 0 | O40: =SUM(C40:L40,N40) -> 27 | P40: =SUM(C40:N40) -> 44 | R40: 12 Hours | S40: =SUM(S10:S21) -> 393 | T40: =SUM(T10:T21) -> 167 | U40: =SUM(U10:U21) -> 111 | V40: =SUM(V10:V21) -> 206 | W40: =SUM(W10:W21) -> 9 | X40: =SUM(X10:X21) -> 51 | Y40: =SUM(Y10:Y21) -> 75 | Z40: =SUM(Z10:Z21) -> 72 | ... AF40: =SUM(AF10:AF21) -> 1643
B41: 14.45 - 15.00 | C41: 6 | D41: 3 | E41: 0 | F41: 4 | G41: 0 | H41: 0 | I41: 0 | J41: 1 | K41: 1 | L41: 0 | M41: 5 | N41: 0 | O41: =SUM(C41:L41,N41) -> 15 | P41: =SUM(C41:N41) -> 20 | R41: 24 Hrs/ADT | S41: =SUM(S10:S33) -> 627 | T41: =SUM(T10:T33) -> 253 | U41: =SUM(U10:U33) -> 155 | V41: =SUM(V10:V33) -> 302 | W41: =SUM(W10:W33) -> 32 | X41: =SUM(X10:X33) -> 103 | Y41: =SUM(Y10:Y33) -> 135 | Z41: =SUM(Z10:Z33) -> 233 | ... AF41: =SUM(AF10:AF33) -> 2704
B42: 15.00 - 15.15 | C42: 8 | D42: 3 | E42: 2 | F42: 3 | G42: 0 | H42: 2 | I42: 1 | J42: 2 | K42: 2 | L42: 0 | M42: 8 | N42: 0 | O42: =SUM(C42:L42,N42) -> 23 | P42: =SUM(C42:N42) -> 31 | R42: NEF | S42: =S41/S40 -> 1.5954198 | T42: =T41/T40 -> 1.5149701 | U42: =U41/U40 -> 1.3963964 | V42: =V41/V40 -> 1.4660194 | W42: =W41/W40 -> 3.5555556 | X42: =X41/X40 -> 2.0196078 | Y42: =Y41/Y40 -> 1.8 | Z42: =Z41/Z40 -> 3.2361111 | ... AF42: =AF41/AF40 -> 1.6457699
B43: 15.15 - 15.30 | C43: 11 | D43: 3 | E43: 3 | F43: 4 | G43: 0 | H43: 4 | I43: 2 | J43: 2 | K43: 4 | L43: 0 | M43: 10 | N43: 0 | O43: =SUM(C43:L43,N43) -> 33 | P43: =SUM(C43:N43) -> 43
B44: 15.30 - 15.45 | C44: 9 | D44: 4 | E44: 0 | F44: 5 | G44: 0 | H44: 1 | I44: 0 | J44: 0 | K44: 0 | L44: 0 | M44: 10 | N44: 0 | O44: =SUM(C44:L44,N44) -> 19 | P44: =SUM(C44:N44) -> 29
B45: 15.45 - 16.00 | C45: 7 | D45: 2 | E45: 3 | F45: 1 | G45: 1 | H45: 0 | I45: 4 | J45: 1 | K45: 2 | L45: 0 | M45: 8 | N45: 0 | O45: =SUM(C45:L45,N45) -> 21 | P45: =SUM(C45:N45) -> 29
B46: 16.00 - 16.15 | C46: 6 | D46: 3 | E46: 5 | F46: 2 | G46: 0 | H46: 1 | I46: 2 | J46: 1 | K46: 5 | L46: 0 | M46: 9 | N46: 0 | O46: =SUM(C46:L46,N46) -> 25 | P46: =SUM(C46:N46) -> 34
B47: 16.15 -16.30 | C47: 5 | D47: 2 | E47: 10 | F47: 7 | G47: 0 | H47: 1 | I47: 2 | J47: 1 | K47: 2 | L47: 0 | M47: 12 | N47: 0 | O47: =SUM(C47:L47,N47) -> 30 | P47: =SUM(C47:N47) -> 42
B48: 16.30 -16.45 | C48: 14 | D48: 2 | E48: 4 | F48: 6 | G48: 0 | H48: 2 | I48: 3 | J48: 2 | K48: 2 | L48: 0 | M48: 12 | N48: 0 | O48: =SUM(C48:L48,N48) -> 35 | P48: =SUM(C48:N48) -> 47
B49: 16.45 -17.00 | C49: 14 | D49: 6 | E49: 3 | F49: 2 | G49: 0 | H49: 1 | I49: 3 | J49: 0 | K49: 2 | L49: 0 | M49: 11 | N49: 0 | O49: =SUM(C49:L49,N49) -> 31 | P49: =SUM(C49:N49) -> 42
B50: 17.00 -17.15 | C50: 8 | D50: 8 | E50: 3 | F50: 8 | G50: 0 | H50: 2 | I50: 3 | J50: 2 | K50: 8 | L50: 0 | M50: 9 | N50: 0 | O50: =SUM(C50:L50,N50) -> 42 | P50: =SUM(C50:N50) -> 51
B51: 17.15 -17.30 | C51: 12 | D51: 6 | E51: 1 | F51: 3 | G51: 0 | H51: 1 | I51: 2 | J51: 3 | K51: 0 | L51: 0 | M51: 14 | N51: 0 | O51: =SUM(C51:L51,N51) -> 28 | P51: =SUM(C51:N51) -> 42
B52: 17.30 -17.45 | C52: 11 | D52: 7 | E52: 1 | F52: 4 | G52: 0 | H52: 2 | I52: 3 | J52: 4 | K52: 4 | L52: 0 | M52: 12 | N52: 0 | O52: =SUM(C52:L52,N52) -> 36 | P52: =SUM(C52:N52) -> 48
B53: 17.45 -18.00 | C53: 4 | D53: 4 | E53: 0 | F53: 2 | G53: 0 | H53: 1 | I53: 0 | J53: 5 | K53: 0 | L53: 0 | M53: 11 | N53: 0 | O53: =SUM(C53:L53,N53) -> 16 | P53: =SUM(C53:N53) -> 27
B54: 18.00 - 18.15 | C54: 3 | D54: 2 | E54: 4 | F54: 4 | G54: 0 | H54: 1 | I54: 1 | J54: 4 | K54: 3 | L54: 0 | M54: 10 | N54: 0 | O54: =SUM(C54:L54,N54) -> 22 | P54: =SUM(C54:N54) -> 32
... B105: 06.45 - 07.00 | C105: 7 | D105: 0 | E105: 1 | F105: 5 | G105: 0 | H105: 0 | I105: 0 | J105: 0 | K105: 2 | L105: 0 | M105: 15 | N105: 0 | O105: =SUM(C105:L105,N105) -> 15 | P105: =SUM(C105:N105) -> 30
B106: Totals | C106: =SUM(C10:C105) -> 627 | D106: =SUM(D10:D105) -> 253 | E106: =SUM(E10:E105) -> 155 | F106: =SUM(F10:F105) -> 302 | G106: =SUM(G10:G105) -> 32 | H106: =SUM(H10:H105) -> 103 | I106: =SUM(I10:I105) -> 135 | J106: =SUM(J10:J105) -> 233 | ... P106: =SUM(P10:P105) -> 2704
B107: %ges + MCs | C107: =C106/$P$106 -> 0.2318787 | D107: =D106/$P$106 -> 0.093565089 | E107: =E106/$P$106 -> 0.057322485 | F107: =F106/$P$106 -> 0.11168639 | G107: =G106/$P$106 -> 0.01183432 | H107: =H106/$P$106 -> 0.038091716 | I107: =I106/$P$106 -> 0.049926036 | J107: =J106/$P$106 -> 0.086168639 | ... N107: =N106/$P$106 -> 0
B108: %ges w/o MCs | C108: =C106/$O$106 -> 0.30555556 | D108: =D106/$O$106 -> 0.12329435 | E108: =E106/$O$106 -> 0.075536062 | F108: =F106/$O$106 -> 0.14717349 | G108: =G106/$O$106 -> 0.015594542 | H108: =H106/$O$106 -> 0.050194932 | I108: =I106/$O$106 -> 0.065789474 | J108: =J106/$O$106 -> 0.11354776 | ... L108: =L106/$O$106 -> 0.007797271 | N108: =N106/$O$106 -> 0

Sheet 20.10 MASAKA-MBARARA
B1: Consultancy services for Preparation of Expressway Development Master Plan (EDMP) for Uganda
B2: MANUAL CLASSIFIED COUNT (MCC)
B3: ROAD NAME: | C3: MASAKA-MBARARA ROAD
C5: Date | D5: 20.10.19 | F5: Location | G5: ='22.10 MBARARA-MASAKA'!G5:H5 -> KINONI | J5: Surveyor | K5: DAVIS
C6: Dir. From | D6: MASAKA | F6: Dir. To | G6: MBARARA | J6: Supervisor | K6: ='22.10 MBARARA-MASAKA'!K6:L6 -> SANDRA
B8: Time / Veh Type | R8: SUMMARY TRAFFIC VOLUMES
C9: 1. Car | D9: 2. Station Wagon | E9: 3. Pickups | F9: 4. Minibus, matatu | G9: 5. Medium bus | H9: 6. Large Bus | I9: 7. Light Truck | J9: 8. Medium Truck | K9: 9. Heavy truck | L9: 10. Truck Trailer | M9: 11. Motor cycles | N9: 12. Tractors | O9: Total Excl M/Cycles | P9: Total All | R9: Time | S9: 1. Car | T9: 2. Station Wagon | U9: 3. Pickups | V9: 4. Minibus, matatu | W9: 5. Medium bus | X9: 6. Large Bus | Y9: 7. Light Truck | Z9: 8. Medium Truck | AA9: 9. Heavy truck | AB9: 10. Truck Trailer | AC9: 11. Motorcycles | AD9: 12. Tractors, Graders | AE9: Total Excl M/ Cycles | AF9: Total All
B10: 07.00 - 07.15 | C10: 2 | D10: 1 | E10: 1 | F10: 3 | G10: 0 | H10: 1 | I10: 1 | J10: 1 | K10: 2 | L10: 0 | M10: 8 | N10: 0 | O10: =SUM(C10:L10,N10) -> 12 | P10: =SUM(C10:N10) -> 20 | R10: 0700-0800 | S10: =SUM(C10:C13) -> 16 | T10: =SUM(D10:D13) -> 11 | U10: =SUM(E10:E13) -> 6 | V10: =SUM(F10:F13) -> 8 | W10: =SUM(G10:G13) -> 0 | X10: =SUM(H10:H13) -> 1 | Y10: =SUM(I10:I13) -> 7 | Z10: =SUM(J10:J13) -> 3 | ... AF10: =SUM(P10:P13) -> 94
B11: 07.15 - 07.30 | C11: 4 | D11: 3 | E11: 2 | F11: 1 | G11: 0 | H11: 0 | I11: 2 | J11: 2 | K11: 3 | L11: 0 | M11: 5 | N11: 0 | O11: =SUM(C11:L11,N11) -> 17 | P11: =SUM(C11:N11) -> 22 | R11: 0800-0900 | S11: =SUM(C14:C17) -> 24 | T11: =SUM(D14:D17) -> 25 | U11: =SUM(E14:E17) -> 10 | V11: =SUM(F14:F17) -> 15 | W11: =SUM(G14:G17) -> 1 | X11: =SUM(H14:H17) -> 2 | Y11: =SUM(I14:I17) -> 5 | Z11: =SUM(J14:J17) -> 5 | ... AF11: =SUM(P14:P17) -> 127
B12: 07.30 - 07.45 | C12: 8 | D12: 5 | E12: 2 | F12: 1 | G12: 0 | H12: 0 | I12: 4 | J12: 0 | K12: 0 | L12: 6 | M12: 14 | N12: 0 | O12: =SUM(C12:L12,N12) -> 26 | P12: =SUM(C12:N12) -> 40 | R12: 0900-1000 | S12: =SUM(C18:C21) -> 28 | T12: =SUM(D18:D21) -> 23 | U12: =SUM(E18:E21) -> 7 | V12: =SUM(F18:F21) -> 11 | W12: =SUM(G18:G21) -> 0 | X12: =SUM(H18:H21) -> 4 | Y12: =SUM(I18:I21) -> 8 | Z12: =SUM(J18:J21) -> 3 | ... AF12: =SUM(P18:P21) -> 139
B13: 07.45 - 08.00 | C13: 2 | D13: 2 | E13: 1 | F13: 3 | G13: 0 | H13: 0 | I13: 0 | J13: 0 | K13: 0 | L13: 0 | M13: 4 | N13: 0 | O13: =SUM(C13:L13,N13) -> 8 | P13: =SUM(C13:N13) -> 12 | R13: 1000-1100 | S13: =SUM(C22:C25) -> 27 | T13: =SUM(D22:D25) -> 7 | U13: =SUM(E22:E25) -> 18 | V13: =SUM(F22:F25) -> 22 | W13: =SUM(G22:G25) -> 1 | X13: =SUM(H22:H25) -> 4 | Y13: =SUM(I22:I25) -> 4 | Z13: =SUM(J22:J25) -> 4 | ... AF13: =SUM(P22:P25) -> 137
B14: 08.00 - 08.15 | C14: 10 | D14: 5 | E14: 2 | F14: 2 | G14: 0 | H14: 0 | I14: 1 | J14: 1 | K14: 1 | L14: 1 | M14: 10 | N14: 0 | O14: =SUM(C14:L14,N14) -> 23 | P14: =SUM(C14:N14) -> 33 | R14: 1100-1200 | S14: =SUM(C26:C29) -> 37 | T14: =SUM(D26:D29) -> 11 | U14: =SUM(E26:E29) -> 9 | V14: =SUM(F26:F29) -> 18 | W14: =SUM(G26:G29) -> 0 | X14: =SUM(H26:H29) -> 3 | Y14: =SUM(I26:I29) -> 0 | Z14: =SUM(J26:J29) -> 4 | ... AF14: =SUM(P26:P29) -> 125
B15: 08.15 - 08.30 | C15: 6 | D15: 6 | E15: 3 | F15: 3 | G15: 0 | H15: 1 | I15: 2 | J15: 0 | K15: 0 | L15: 0 | M15: 7 | N15: 0 | O15: =SUM(C15:L15,N15) -> 21 | P15: =SUM(C15:N15) -> 28 | R15: 1200-1300 | S15: =SUM(C30:C33) -> 18 | T15: =SUM(D30:D33) -> 14 | U15: =SUM(E30:E33) -> 7 | V15: =SUM(F30:F33) -> 17 | W15: =SUM(G30:G33) -> 2 | X15: =SUM(H30:H33) -> 6 | Y15: =SUM(I30:I33) -> 7 | Z15: =SUM(J30:J33) -> 2 | ... AF15: =SUM(P30:P33) -> 126
B16: 08.30 - 08.45 | C16: 5 | D16: 3 | E16: 4 | F16: 4 | G16: 0 | H16: 1 | I16: 2 | J16: 3 | K16: 0 | L16: 0 | M16: 11 | N16: 0 | O16: =SUM(C16:L16,N16) -> 22 | P16: =SUM(C16:N16) -> 33 | R16: 1300-1400 | S16: =SUM(C34:C37) -> 38 | T16: =SUM(D34:D37) -> 13 | U16: =SUM(E34:E37) -> 6 | V16: =SUM(F34:F37) -> 16 | W16: =SUM(G34:G37) -> 0 | X16: =SUM(H34:H37) -> 3 | Y16: =SUM(I34:I37) -> 7 | Z16: =SUM(J34:J37) -> 5 | ... AF16: =SUM(P34:P37) -> 142
B17: 08.45 - 9.00 | C17: 3 | D17: 11 | E17: 1 | F17: 6 | G17: 1 | H17: 0 | I17: 0 | J17: 1 | K17: 0 | L17: 0 | M17: 10 | N17: 0 | O17: =SUM(C17:L17,N17) -> 23 | P17: =SUM(C17:N17) -> 33 | R17: 1400-1500 | S17: =SUM(C38:C41) -> 37 | T17: =SUM(D38:D41) -> 14 | U17: =SUM(E38:E41) -> 7 | V17: =SUM(F38:F41) -> 20 | W17: =SUM(G38:G41) -> 0 | X17: =SUM(H38:H41) -> 3 | Y17: =SUM(I38:I41) -> 5 | Z17: =SUM(J38:J41) -> 5 | ... AF17: =SUM(P38:P41) -> 150
B18: 09.00 - 09.15 | C18: 7 | D18: 6 | E18: 1 | F18: 3 | G18: 0 | H18: 1 | I18: 0 | J18: 0 | K18: 0 | L18: 2 | M18: 7 | N18: 0 | O18: =SUM(C18:L18,N18) -> 20 | P18: =SUM(C18:N18) -> 27 | R18: 1500-1600 | S18: =SUM(C42:C45) -> 35 | T18: =SUM(D42:D45) -> 17 | U18: =SUM(E42:E45) -> 6 | V18: =SUM(F42:F45) -> 19 | W18: =SUM(G42:G45) -> 0 | X18: =SUM(H42:H45) -> 7 | Y18: =SUM(I42:I45) -> 9 | Z18: =SUM(J42:J45) -> 7 | ... AF18: =SUM(P42:P45) -> 132
B19: 09.15 - 09.30 | C19: 10 | D19: 5 | E19: 2 | F19: 3 | G19: 0 | H19: 2 | I19: 3 | J19: 1 | K19: 0 | L19: 3 | M19: 12 | N19: 0 | O19: =SUM(C19:L19,N19) -> 29 | P19: =SUM(C19:N19) -> 41 | R19: 1600-1700 | S19: =SUM(C46:C49) -> 30 | T19: =SUM(D46:D49) -> 25 | U19: =SUM(E46:E49) -> 8 | V19: =SUM(F46:F49) -> 15 | W19: =SUM(G46:G49) -> 0 | X19: =SUM(H46:H49) -> 8 | Y19: =SUM(I46:I49) -> 4 | Z19: =SUM(J46:J49) -> 7 | ... AF19: =SUM(P46:P49) -> 174
B20: 09.30 - 09.45 | C20: 6 | D20: 5 | E20: 1 | F20: 2 | G20: 0 | H20: 1 | I20: 1 | J20: 1 | K20: 0 | L20: 2 | M20: 11 | N20: 0 | O20: =SUM(C20:L20,N20) -> 19 | P20: =SUM(C20:N20) -> 30 | R20: 1700-1800 | S20: =SUM(C50:C53) -> 48 | T20: =SUM(D50:D53) -> 32 | U20: =SUM(E50:E53) -> 11 | V20: =SUM(F50:F53) -> 22 | W20: =SUM(G50:G53) -> 1 | X20: =SUM(H50:H53) -> 6 | Y20: =SUM(I50:I53) -> 6 | Z20: =SUM(J50:J53) -> 11 | ... AF20: =SUM(P50:P53) -> 214
B21: 09.45 - 10.00 | C21: 5 | D21: 7 | E21: 3 | F21: 3 | G21: 0 | H21: 0 | I21: 4 | J21: 1 | K21: 0 | L21: 3 | M21: 15 | N21: 0 | O21: =SUM(C21:L21,N21) -> 26 | P21: =SUM(C21:N21) -> 41 | R21: 1800-1900 | S21: =SUM(C54:C57) -> 63 | T21: =SUM(D54:D57) -> 19 | U21: =SUM(E54:E57) -> 12 | V21: =SUM(F54:F57) -> 26 | W21: =SUM(G54:G57) -> 1 | X21: =SUM(H54:H57) -> 7 | Y21: =SUM(I54:I57) -> 5 | Z21: =SUM(J54:J57) -> 7 | ... AF21: =SUM(P54:P57) -> 230
B22: 10.00 - 10.15 | C22: 8 | D22: 1 | E22: 10 | F22: 7 | G22: 0 | H22: 0 | I22: 0 | J22: 2 | K22: 4 | L22: 5 | M22: 7 | N22: 0 | O22: =SUM(C22:L22,N22) -> 37 | P22: =SUM(C22:N22) -> 44 | R22: AM Peak Hr | S22: =MAX(S10:S12) -> 28 | T22: =MAX(T10:T12) -> 25 | U22: =MAX(U10:U12) -> 10 | V22: =MAX(V10:V12) -> 15 | W22: =MAX(W10:W12) -> 1 | X22: =MAX(X10:X12) -> 4 | Y22: =MAX(Y10:Y12) -> 8 | Z22: =MAX(Z10:Z12) -> 5 | ... AF22: =MAX(AF10:AF12) -> 139
B23: 10.15 - 10.30 | C23: 6 | D23: 2 | E23: 3 | F23: 6 | G23: 0 | H23: 1 | I23: 3 | J23: 0 | K23: 0 | L23: 1 | M23: 10 | N23: 0 | O23: =SUM(C23:L23,N23) -> 22 | P23: =SUM(C23:N23) -> 32 | R23: IP Peak Hr | S23: =MAX(S13:S18) -> 38 | T23: =MAX(T13:T18) -> 17 | U23: =MAX(U13:U18) -> 18 | V23: =MAX(V13:V18) -> 22 | W23: =MAX(W13:W18) -> 2 | X23: =MAX(X13:X18) -> 7 | Y23: =MAX(Y13:Y18) -> 9 | Z23: =MAX(Z13:Z18) -> 7 | ... AF23: =MAX(AF13:AF18) -> 150
B24: 10.30 - 10.45 | C24: 5 | D24: 1 | E24: 4 | F24: 4 | G24: 1 | H24: 2 | I24: 1 | J24: 2 | K24: 3 | L24: 2 | M24: 10 | N24: 0 | O24: =SUM(C24:L24,N24) -> 25 | P24: =SUM(C24:N24) -> 35 | R24: PM Peak Hr | S24: =MAX(S19:S21) -> 63 | T24: =MAX(T19:T21) -> 32 | U24: =MAX(U19:U21) -> 12 | V24: =MAX(V19:V21) -> 26 | W24: =MAX(W19:W21) -> 1 | X24: =MAX(X19:X21) -> 8 | Y24: =MAX(Y19:Y21) -> 6 | Z24: =MAX(Z19:Z21) -> 11 | ... AF24: =MAX(AF19:AF21) -> 230
B25: 10.45 - 11.00 | C25: 8 | D25: 3 | E25: 1 | F25: 5 | G25: 0 | H25: 1 | I25: 0 | J25: 0 | K25: 0 | L25: 1 | M25: 7 | N25: 0 | O25: =SUM(C25:L25,N25) -> 19 | P25: =SUM(C25:N25) -> 26 | R25: AM Period | S25: =SUM(S10:S12) -> 68 | T25: =SUM(T10:T12) -> 59 | U25: =SUM(U10:U12) -> 23 | V25: =SUM(V10:V12) -> 34 | W25: =SUM(W10:W12) -> 1 | X25: =SUM(X10:X12) -> 7 | Y25: =SUM(Y10:Y12) -> 20 | Z25: =SUM(Z10:Z12) -> 11 | ... AF25: =SUM(AF10:AF12) -> 360
B26: 11.00 - 11.15 | C26: 10 | D26: 4 | E26: 4 | F26: 4 | G26: 0 | H26: 1 | I26: 0 | J26: 1 | K26: 10 | L26: 2 | M26: 11 | N26: 0 | O26: =SUM(C26:L26,N26) -> 36 | P26: =SUM(C26:N26) -> 47 | R26: IP Period | S26: =SUM(S13:S18) -> 192 | T26: =SUM(T13:T18) -> 76 | U26: =SUM(U13:U18) -> 53 | V26: =SUM(V13:V18) -> 112 | W26: =SUM(W13:W18) -> 3 | X26: =SUM(X13:X18) -> 26 | Y26: =SUM(Y13:Y18) -> 32 | Z26: =SUM(Z13:Z18) -> 27 | ... AF26: =SUM(AF13:AF18) -> 812
B27: 11.15 - 11.30 | C27: 7 | D27: 5 | E27: 1 | F27: 2 | G27: 0 | H27: 1 | I27: 0 | J27: 1 | K27: 1 | L27: 1 | M27: 4 | N27: 0 | O27: =SUM(C27:L27,N27) -> 19 | P27: =SUM(C27:N27) -> 23 | R27: PM Period | S27: =SUM(S19:S21) -> 141 | T27: =SUM(T19:T21) -> 76 | U27: =SUM(U19:U21) -> 31 | V27: =SUM(V19:V21) -> 63 | W27: =SUM(W19:W21) -> 2 | X27: =SUM(X19:X21) -> 21 | Y27: =SUM(Y19:Y21) -> 15 | Z27: =SUM(Z19:Z21) -> 25 | ... AF27: =SUM(AF19:AF21) -> 618
B28: 11.30 - 11.45 | C28: 10 | D28: 1 | E28: 2 | F28: 7 | G28: 0 | H28: 0 | I28: 0 | J28: 0 | K28: 0 | L28: 0 | M28: 6 | N28: 0 | O28: =SUM(C28:L28,N28) -> 20 | P28: =SUM(C28:N28) -> 26 | R28: 12 Hours | S28: =SUM(S10:S21) -> 401 | T28: =SUM(T10:T21) -> 211 | U28: =SUM(U10:U21) -> 107 | V28: =SUM(V10:V21) -> 209 | W28: =SUM(W10:W21) -> 6 | X28: =SUM(X10:X21) -> 54 | Y28: =SUM(Y10:Y21) -> 67 | Z28: =SUM(Z10:Z21) -> 63 | ... AF28: =SUM(AF10:AF21) -> 1790
B29: 11.45 - 12.00 | C29: 10 | D29: 1 | E29: 2 | F29: 5 | G29: 0 | H29: 1 | I29: 0 | J29: 2 | K29: 2 | L29: 3 | M29: 3 | N29: 0 | O29: =SUM(C29:L29,N29) -> 26 | P29: =SUM(C29:N29) -> 29
B30: 12.00 - 12.15 | C30: 3 | D30: 5 | E30: 5 | F30: 2 | G30: 0 | H30: 2 | I30: 2 | J30: 2 | K30: 1 | L30: 3 | M30: 8 | N30: 0 | O30: =SUM(C30:L30,N30) -> 25 | P30: =SUM(C30:N30) -> 33
B31: 12.15 - 12.30 | C31: 4 | D31: 3 | E31: 1 | F31: 6 | G31: 0 | H31: 2 | I31: 3 | J31: 0 | K31: 0 | L31: 4 | M31: 7 | N31: 0 | O31: =SUM(C31:L31,N31) -> 23 | P31: =SUM(C31:N31) -> 30
B32: 12.30 - 12.45 | C32: 4 | D32: 2 | E32: 0 | F32: 4 | G32: 0 | H32: 1 | I32: 2 | J32: 0 | K32: 0 | L32: 3 | M32: 11 | N32: 0 | O32: =SUM(C32:L32,N32) -> 16 | P32: =SUM(C32:N32) -> 27
B33: 12.45 - 13.00 | C33: 7 | D33: 4 | E33: 1 | F33: 5 | G33: 2 | H33: 1 | I33: 0 | J33: 0 | K33: 0 | L33: 2 | M33: 14 | N33: 0 | O33: =SUM(C33:L33,N33) -> 22 | P33: =SUM(C33:N33) -> 36
B34: 13.00 - 13.15 | C34: 8 | D34: 2 | E34: 0 | F34: 5 | G34: 0 | H34: 1 | I34: 0 | J34: 0 | K34: 0 | L34: 0 | M34: 15 | N34: 0 | O34: =SUM(C34:L34,N34) -> 16 | P34: =SUM(C34:N34) -> 31
B35: 13.15 - 13.30 | C35: 9 | D35: 5 | E35: 2 | F35: 6 | G35: 0 | H35: 1 | I35: 1 | J35: 2 | K35: 1 | L35: 5 | M35: 9 | N35: 0 | O35: =SUM(C35:L35,N35) -> 32 | P35: =SUM(C35:N35) -> 41
B36: 13.30 - 13.45 | C36: 17 | D36: 5 | E36: 4 | F36: 2 | G36: 0 | H36: 0 | I36: 3 | J36: 1 | K36: 0 | L36: 2 | M36: 9 | N36: 0 | O36: =SUM(C36:L36,N36) -> 34 | P36: =SUM(C36:N36) -> 43
B37: 13.45 - 14.00 | C37: 4 | D37: 1 | E37: 0 | F37: 3 | G37: 0 | H37: 1 | I37: 3 | J37: 2 | K37: 0 | L37: 0 | M37: 13 | N37: 0 | O37: =SUM(C37:L37,N37) -> 14 | P37: =SUM(C37:N37) -> 27
B38: 14.00 - 14.15 | C38: 7 | D38: 3 | E38: 1 | F38: 8 | G38: 0 | H38: 0 | I38: 3 | J38: 1 | K38: 0 | L38: 3 | M38: 10 | N38: 0 | O38: =SUM(C38:L38,N38) -> 26 | P38: =SUM(C38:N38) -> 36
B39: 14.15 - 14.30 | C39: 6 | D39: 5 | E39: 3 | F39: 4 | G39: 0 | H39: 2 | I39: 0 | J39: 2 | K39: 0 | L39: 1 | M39: 18 | N39: 0 | O39: =SUM(C39:L39,N39) -> 23 | P39: =SUM(C39:N39) -> 41
B40: 14.30 - 14.45 | C40: 11 | D40: 2 | E40: 1 | F40: 3 | G40: 0 | H40: 1 | I40: 2 | J40: 2 | K40: 0 | L40: 3 | M40: 10 | N40: 0 | O40: =SUM(C40:L40,N40) -> 25 | P40: =SUM(C40:N40) -> 35
... B57: 18.45 - 19.00 | C57: 16 | D57: 5 | E57: 2 | F57: 6 | G57: 0 | H57: 1 | I57: 1 | J57: 0 | K57: 0 | L57: 0 | M57: 22 | N57: 0 | O57: =SUM(C57:L57,N57) -> 31 | P57: =SUM(C57:N57) -> 53
B58: Totals | C58: =SUM(C10:C57) -> 401 | D58: =SUM(D10:D57) -> 211 | E58: =SUM(E10:E57) -> 107 | F58: =SUM(F10:F57) -> 209 | G58: =SUM(G10:G57) -> 6 | H58: =SUM(H10:H57) -> 54 | I58: =SUM(I10:I57) -> 67 | J58: =SUM(J10:J57) -> 63 | ... P58: =SUM(P10:P57) -> 1790
B59: %ges + MCs | C59: =C58/$P$58 -> 0.22402235 | D59: =D58/$P$58 -> 0.11787709 | E59: =E58/$P$58 -> 0.059776536 | F59: =F58/$P$58 -> 0.11675978 | G59: =G58/$P$58 -> 0.0033519553 | H59: =H58/$P$58 -> 0.030167598 | I59: =I58/$P$58 -> 0.037430168 | J59: =J58/$P$58 -> 0.035195531 | ... N59: =N58/$P$58 -> 0.00055865922
B60: %ges w/o MCs | C60: =C58/$O$58 -> 0.32443366 | D60: =D58/$O$58 -> 0.17071197 | E60: =E58/$O$58 -> 0.086569579 | F60: =F58/$O$58 -> 0.16909385 | G60: =G58/$O$58 -> 0.0048543689 | H60: =H58/$O$58 -> 0.04368932 | I60: =I58/$O$58 -> 0.05420712 | J60: =J58/$O$58 -> 0.050970874 | ... L60: =L58/$O$58 -> 0.063915858 | N60: =N58/$O$58 -> 0.00080906149

Sheet 20.10 MBARARA-MASAKA
B1: Consultancy services for Preparation of Expressway Development Master Plan (EDMP) for Uganda
B2: MANUAL CLASSIFIED COUNT (MCC)
B3: ROAD NAME: | C3: ='23.10 MASAKA-MBARARA'!C3:G3 -> MASAKA-MBARARA
C5: Date | D5: ='20.10 MASAKA-MBARARA'!D5 -> 20.10.19 | F5: Location | G5: ='20.10 MASAKA-MBARARA'!G5:H5 -> KINONI | J5: Surveyor | K5: SANDRA
C6: Dir. From | D6: MBARARA | F6: Dir. To | G6: MASAKA | J6: Supervisor | K6: ='20.10 MASAKA-MBARARA'!K6:L6 -> SANDRA
B8: Time / Veh Type | R8: SUMMARY TRAFFIC VOLUMES
C9: 1. Car | D9: 2. Station Wagon | E9: 3. Pickups | F9: 4. Minibus, matatu | G9: 5. Medium bus | H9: 6. Large Bus | I9: 7. Light Truck | J9: 8. Medium Truck | K9: 9. Heavy truck | L9: 10. Truck Trailer | M9: 11. Motor cycles | N9: 12. Tractors | O9: Total Excl M/Cycles | P9: Total All | R9: Time | S9: 1. Car | T9: 2. Station Wagon | U9: 3. Pickups | V9: 4. Minibus, matatu | W9: 5. Medium bus | X9: 6. Large Bus | Y9: 7. Light Truck | Z9: 8. Medium Truck | AA9: 9. Heavy truck | AB9: 10. Truck Trailer | AC9: 11. Motorcycles | AD9: 12. Tractors, Graders | AE9: Total Excl M/ Cycles | AF9: Total All
B10: 07.00 - 07.15 | C10: 8 | D10: 2 | E10: 0 | F10: 2 | G10: 0 | H10: 0 | I10: 0 | J10: 0 | K10: 0 | L10: 0 | M10: 5 | N10: 0 | O10: =SUM(C10:L10,N10) -> 12 | P10: =SUM(C10:N10) -> 17 | R10: 0700-0800 | S10: =SUM(C10:C13) -> 22 | T10: =SUM(D10:D13) -> 8 | U10: =SUM(E10:E13) -> 3 | V10: =SUM(F10:F13) -> 10 | W10: =SUM(G10:G13) -> 0 | X10: =SUM(H10:H13) -> 1 | Y10: =SUM(I10:I13) -> 3 | Z10: =SUM(J10:J13) -> 1 | ... AF10: =SUM(P10:P13) -> 102
B11: 07.15 - 07.30 | C11: 4 | D11: 4 | E11: 0 | F11: 4 | G11: 0 | H11: 0 | I11: 2 | J11: 0 | K11: 0 | L11: 0 | M11: 15 | N11: 0 | O11: =SUM(C11:L11,N11) -> 14 | P11: =SUM(C11:N11) -> 29 | R11: 0800-0900 | S11: =SUM(C14:C17) -> 26 | T11: =SUM(D14:D17) -> 7 | U11: =SUM(E14:E17) -> 4 | V11: =SUM(F14:F17) -> 20 | W11: =SUM(G14:G17) -> 0 | X11: =SUM(H14:H17) -> 1 | Y11: =SUM(I14:I17) -> 6 | Z11: =SUM(J14:J17) -> 1 | ... AF11: =SUM(P14:P17) -> 108
B12: 07.30 - 07.45 | C12: 6 | D12: 1 | E12: 0 | F12: 3 | G12: 0 | H12: 1 | I12: 1 | J12: 0 | K12: 0 | L12: 1 | M12: 18 | N12: 0 | O12: =SUM(C12:L12,N12) -> 13 | P12: =SUM(C12:N12) -> 31 | R12: 0900-1000 | S12: =SUM(C18:C21) -> 23 | T12: =SUM(D18:D21) -> 12 | U12: =SUM(E18:E21) -> 7 | V12: =SUM(F18:F21) -> 17 | W12: =SUM(G18:G21) -> 0 | X12: =SUM(H18:H21) -> 1 | Y12: =SUM(I18:I21) -> 4 | Z12: =SUM(J18:J21) -> 4 | ... AF12: =SUM(P18:P21) -> 121
B13: 07.45 - 08.00 | C13: 4 | D13: 1 | E13: 3 | F13: 1 | G13: 0 | H13: 0 | I13: 0 | J13: 1 | K13: 1 | L13: 0 | M13: 14 | N13: 0 | O13: =SUM(C13:L13,N13) -> 11 | P13: =SUM(C13:N13) -> 25 | R13: 1000-1100 | S13: =SUM(C22:C25) -> 45 | T13: =SUM(D22:D25) -> 16 | U13: =SUM(E22:E25) -> 3 | V13: =SUM(F22:F25) -> 16 | W13: =SUM(G22:G25) -> 0 | X13: =SUM(H22:H25) -> 3 | Y13: =SUM(I22:I25) -> 3 | Z13: =SUM(J22:J25) -> 1 | ... AF13: =SUM(P22:P25) -> 162
B14: 08.00 - 08.15 | C14: 6 | D14: 2 | E14: 1 | F14: 3 | G14: 0 | H14: 0 | I14: 2 | J14: 0 | K14: 1 | L14: 0 | M14: 12 | N14: 0 | O14: =SUM(C14:L14,N14) -> 15 | P14: =SUM(C14:N14) -> 27 | R14: 1100-1200 | S14: =SUM(C26:C29) -> 55 | T14: =SUM(D26:D29) -> 29 | U14: =SUM(E26:E29) -> 14 | V14: =SUM(F26:F29) -> 23 | W14: =SUM(G26:G29) -> 2 | X14: =SUM(H26:H29) -> 6 | Y14: =SUM(I26:I29) -> 7 | Z14: =SUM(J26:J29) -> 7 | ... AF14: =SUM(P26:P29) -> 187
B15: 08.15 - 08.30 | C15: 8 | D15: 0 | E15: 0 | F15: 4 | G15: 0 | H15: 1 | I15: 1 | J15: 0 | K15: 0 | L15: 0 | M15: 13 | N15: 0 | O15: =SUM(C15:L15,N15) -> 14 | P15: =SUM(C15:N15) -> 27 | R15: 1200-1300 | S15: =SUM(C30:C33) -> 63 | T15: =SUM(D30:D33) -> 35 | U15: =SUM(E30:E33) -> 15 | V15: =SUM(F30:F33) -> 26 | W15: =SUM(G30:G33) -> 0 | X15: =SUM(H30:H33) -> 4 | Y15: =SUM(I30:I33) -> 2 | Z15: =SUM(J30:J33) -> 12 | ... AF15: =SUM(P30:P33) -> 231
B16: 08.30 - 08.45 | C16: 3 | D16: 1 | E16: 1 | F16: 5 | G16: 0 | H16: 0 | I16: 2 | J16: 0 | K16: 1 | L16: 1 | M16: 9 | N16: 0 | O16: =SUM(C16:L16,N16) -> 14 | P16: =SUM(C16:N16) -> 23 | R16: 1300-1400 | S16: =SUM(C34:C37) -> 77 | T16: =SUM(D34:D37) -> 37 | U16: =SUM(E34:E37) -> 20 | V16: =SUM(F34:F37) -> 26 | W16: =SUM(G34:G37) -> 4 | X16: =SUM(H34:H37) -> 11 | Y16: =SUM(I34:I37) -> 4 | Z16: =SUM(J34:J37) -> 12 | ... AF16: =SUM(P34:P37) -> 265
B17: 08.45 - 9.00 | C17: 9 | D17: 4 | E17: 2 | F17: 8 | G17: 0 | H17: 0 | I17: 1 | J17: 1 | K17: 0 | L17: 0 | M17: 6 | N17: 0 | O17: =SUM(C17:L17,N17) -> 25 | P17: =SUM(C17:N17) -> 31 | R17: 1400-1500 | S17: =SUM(C38:C41) -> 75 | T17: =SUM(D38:D41) -> 46 | U17: =SUM(E38:E41) -> 18 | V17: =SUM(F38:F41) -> 22 | W17: =SUM(G38:G41) -> 1 | X17: =SUM(H38:H41) -> 10 | Y17: =SUM(I38:I41) -> 3 | Z17: =SUM(J38:J41) -> 6 | ... AF17: =SUM(P38:P41) -> 254
B18: 09.00 - 09.15 | C18: 3 | D18: 2 | E18: 2 | F18: 2 | G18: 0 | H18: 1 | I18: 0 | J18: 2 | K18: 0 | L18: 0 | M18: 7 | N18: 0 | O18: =SUM(C18:L18,N18) -> 12 | P18: =SUM(C18:N18) -> 19 | R18: 1500-1600 | S18: =SUM(C42:C45) -> 53 | T18: =SUM(D42:D45) -> 30 | U18: =SUM(E42:E45) -> 21 | V18: =SUM(F42:F45) -> 26 | W18: =SUM(G42:G45) -> 0 | X18: =SUM(H42:H45) -> 6 | Y18: =SUM(I42:I45) -> 8 | Z18: =SUM(J42:J45) -> 8 | ... AF18: =SUM(P42:P45) -> 205
B19: 09.15 - 09.30 | C19: 10 | D19: 5 | E19: 1 | F19: 6 | G19: 0 | H19: 0 | I19: 2 | J19: 0 | K19: 1 | L19: 0 | M19: 9 | N19: 0 | O19: =SUM(C19:L19,N19) -> 25 | P19: =SUM(C19:N19) -> 34 | R19: 1600-1700 | S19: =SUM(C46:C49) -> 62 | T19: =SUM(D46:D49) -> 28 | U19: =SUM(E46:E49) -> 16 | V19: =SUM(F46:F49) -> 22 | W19: =SUM(G46:G49) -> 0 | X19: =SUM(H46:H49) -> 5 | Y19: =SUM(I46:I49) -> 2 | Z19: =SUM(J46:J49) -> 10 | ... AF19: =SUM(P46:P49) -> 220
B20: 09.30 - 09.45 | C20: 5 | D20: 2 | E20: 1 | F20: 3 | G20: 0 | H20: 0 | I20: 1 | J20: 2 | K20: 1 | L20: 0 | M20: 19 | N20: 0 | O20: =SUM(C20:L20,N20) -> 15 | P20: =SUM(C20:N20) -> 34 | R20: 1700-1800 | S20: =SUM(C50:C53) -> 65 | T20: =SUM(D50:D53) -> 33 | U20: =SUM(E50:E53) -> 38 | V20: =SUM(F50:F53) -> 24 | W20: =SUM(G50:G53) -> 1 | X20: =SUM(H50:H53) -> 6 | Y20: =SUM(I50:I53) -> 6 | Z20: =SUM(J50:J53) -> 11 | ... AF20: =SUM(P50:P53) -> 298
B21: 09.45 - 10.00 | C21: 5 | D21: 3 | E21: 3 | F21: 6 | G21: 0 | H21: 0 | I21: 1 | J21: 0 | K21: 0 | L21: 0 | M21: 16 | N21: 0 | O21: =SUM(C21:L21,N21) -> 18 | P21: =SUM(C21:N21) -> 34 | R21: 1800-1900 | S21: =SUM(C54:C57) -> 90 | T21: =SUM(D54:D57) -> 21 | U21: =SUM(E54:E57) -> 18 | V21: =SUM(F54:F57) -> 27 | W21: =SUM(G54:G57) -> 3 | X21: =SUM(H54:H57) -> 6 | Y21: =SUM(I54:I57) -> 13 | Z21: =SUM(J54:J57) -> 14 | ... AF21: =SUM(P54:P57) -> 319
B22: 10.00 - 10.15 | C22: 9 | D22: 5 | E22: 0 | F22: 3 | G22: 0 | H22: 2 | I22: 1 | J22: 0 | K22: 1 | L22: 0 | M22: 10 | N22: 0 | O22: =SUM(C22:L22,N22) -> 21 | P22: =SUM(C22:N22) -> 31 | R22: AM Peak Hr | S22: =MAX(S10:S12) -> 26 | T22: =MAX(T10:T12) -> 12 | U22: =MAX(U10:U12) -> 7 | V22: =MAX(V10:V12) -> 20 | W22: =MAX(W10:W12) -> 0 | X22: =MAX(X10:X12) -> 1 | Y22: =MAX(Y10:Y12) -> 6 | Z22: =MAX(Z10:Z12) -> 4 | ... AF22: =MAX(AF10:AF12) -> 121
B23: 10.15 - 10.30 | C23: 15 | D23: 6 | E23: 0 | F23: 4 | G23: 0 | H23: 0 | I23: 0 | J23: 0 | K23: 4 | L23: 0 | M23: 14 | N23: 0 | O23: =SUM(C23:L23,N23) -> 29 | P23: =SUM(C23:N23) -> 43 | R23: IP Peak Hr | S23: =MAX(S13:S18) -> 77 | T23: =MAX(T13:T18) -> 46 | U23: =MAX(U13:U18) -> 21 | V23: =MAX(V13:V18) -> 26 | W23: =MAX(W13:W18) -> 4 | X23: =MAX(X13:X18) -> 11 | Y23: =MAX(Y13:Y18) -> 8 | Z23: =MAX(Z13:Z18) -> 12 | ... AF23: =MAX(AF13:AF18) -> 265
B24: 10.30 - 10.45 | C24: 7 | D24: 2 | E24: 2 | F24: 4 | G24: 0 | H24: 1 | I24: 1 | J24: 1 | K24: 2 | L24: 1 | M24: 11 | N24: 0 | O24: =SUM(C24:L24,N24) -> 21 | P24: =SUM(C24:N24) -> 32 | R24: PM Peak Hr | S24: =MAX(S19:S21) -> 90 | T24: =MAX(T19:T21) -> 33 | U24: =MAX(U19:U21) -> 38 | V24: =MAX(V19:V21) -> 27 | W24: =MAX(W19:W21) -> 3 | X24: =MAX(X19:X21) -> 6 | Y24: =MAX(Y19:Y21) -> 13 | Z24: =MAX(Z19:Z21) -> 14 | ... AF24: =MAX(AF19:AF21) -> 319
B25: 10.45 - 11.00 | C25: 14 | D25: 3 | E25: 1 | F25: 5 | G25: 0 | H25: 0 | I25: 1 | J25: 0 | K25: 2 | L25: 0 | M25: 30 | N25: 0 | O25: =SUM(C25:L25,N25) -> 26 | P25: =SUM(C25:N25) -> 56 | R25: AM Period | S25: =SUM(S10:S12) -> 71 | T25: =SUM(T10:T12) -> 27 | U25: =SUM(U10:U12) -> 14 | V25: =SUM(V10:V12) -> 47 | W25: =SUM(W10:W12) -> 0 | X25: =SUM(X10:X12) -> 3 | Y25: =SUM(Y10:Y12) -> 13 | Z25: =SUM(Z10:Z12) -> 6 | ... AF25: =SUM(AF10:AF12) -> 331
B26: 11.00 - 11.15 | C26: 15 | D26: 8 | E26: 0 | F26: 5 | G26: 0 | H26: 3 | I26: 2 | J26: 4 | K26: 0 | L26: 5 | M26: 13 | N26: 0 | O26: =SUM(C26:L26,N26) -> 42 | P26: =SUM(C26:N26) -> 55 | R26: IP Period | S26: =SUM(S13:S18) -> 368 | T26: =SUM(T13:T18) -> 193 | U26: =SUM(U13:U18) -> 91 | V26: =SUM(V13:V18) -> 139 | W26: =SUM(W13:W18) -> 7 | X26: =SUM(X13:X18) -> 40 | Y26: =SUM(Y13:Y18) -> 27 | Z26: =SUM(Z13:Z18) -> 46 | ... AF26: =SUM(AF13:AF18) -> 1304
B27: 11.15 - 11.30 | C27: 6 | D27: 6 | E27: 5 | F27: 5 | G27: 1 | H27: 1 | I27: 2 | J27: 1 | K27: 0 | L27: 2 | M27: 2 | N27: 0 | O27: =SUM(C27:L27,N27) -> 29 | P27: =SUM(C27:N27) -> 31 | R27: PM Period | S27: =SUM(S19:S21) -> 217 | T27: =SUM(T19:T21) -> 82 | U27: =SUM(U19:U21) -> 72 | V27: =SUM(V19:V21) -> 73 | W27: =SUM(W19:W21) -> 4 | X27: =SUM(X19:X21) -> 17 | Y27: =SUM(Y19:Y21) -> 21 | Z27: =SUM(Z19:Z21) -> 35 | ... AF27: =SUM(AF19:AF21) -> 837
B28: 11.30 - 11.45 | C28: 20 | D28: 6 | E28: 4 | F28: 2 | G28: 0 | H28: 1 | I28: 1 | J28: 0 | K28: 0 | L28: 1 | M28: 1 | N28: 0 | O28: =SUM(C28:L28,N28) -> 35 | P28: =SUM(C28:N28) -> 36 | R28: 12 Hours | S28: =SUM(S10:S21) -> 656 | T28: =SUM(T10:T21) -> 302 | U28: =SUM(U10:U21) -> 177 | V28: =SUM(V10:V21) -> 259 | W28: =SUM(W10:W21) -> 11 | X28: =SUM(X10:X21) -> 60 | Y28: =SUM(Y10:Y21) -> 61 | Z28: =SUM(Z10:Z21) -> 87 | ... AF28: =SUM(AF10:AF21) -> 2472
B29: 11.45 - 12.00 | C29: 14 | D29: 9 | E29: 5 | F29: 11 | G29: 1 | H29: 1 | I29: 2 | J29: 2 | K29: 1 | L29: 1 | M29: 18 | N29: 0 | O29: =SUM(C29:L29,N29) -> 47 | P29: =SUM(C29:N29) -> 65
B30: 12.00 - 12.15 | C30: 12 | D30: 5 | E30: 0 | F30: 6 | G30: 0 | H30: 2 | I30: 1 | J30: 1 | K30: 1 | L30: 5 | M30: 16 | N30: 0 | O30: =SUM(C30:L30,N30) -> 33 | P30: =SUM(C30:N30) -> 49
B31: 12.15 - 12.30 | C31: 15 | D31: 7 | E31: 4 | F31: 12 | G31: 0 | H31: 0 | I31: 0 | J31: 5 | K31: 3 | L31: 0 | M31: 22 | N31: 0 | O31: =SUM(C31:L31,N31) -> 46 | P31: =SUM(C31:N31) -> 68
B32: 12.30 - 12.45 | C32: 18 | D32: 12 | E32: 5 | F32: 2 | G32: 0 | H32: 2 | I32: 1 | J32: 1 | K32: 1 | L32: 0 | M32: 15 | N32: 0 | O32: =SUM(C32:L32,N32) -> 42 | P32: =SUM(C32:N32) -> 57
B33: 12.45 - 13.00 | C33: 18 | D33: 11 | E33: 6 | F33: 6 | G33: 0 | H33: 0 | I33: 0 | J33: 5 | K33: 1 | L33: 0 | M33: 10 | N33: 0 | O33: =SUM(C33:L33,N33) -> 47 | P33: =SUM(C33:N33) -> 57
B34: 13.00 - 13.15 | C34: 24 | D34: 6 | E34: 6 | F34: 8 | G34: 0 | H34: 5 | I34: 2 | J34: 7 | K34: 4 | L34: 0 | M34: 16 | N34: 0 | O34: =SUM(C34:L34,N34) -> 62 | P34: =SUM(C34:N34) -> 78
B35: 13.15 - 13.30 | C35: 23 | D35: 13 | E35: 8 | F35: 8 | G35: 1 | H35: 2 | I35: 2 | J35: 0 | K35: 1 | L35: 0 | M35: 25 | N35: 0 | O35: =SUM(C35:L35,N35) -> 58 | P35: =SUM(C35:N35) -> 83
B36: 13.30 - 13.45 | C36: 15 | D36: 9 | E36: 3 | F36: 2 | G36: 0 | H36: 1 | I36: 0 | J36: 1 | K36: 0 | L36: 0 | M36: 13 | N36: 0 | O36: =SUM(C36:L36,N36) -> 31 | P36: =SUM(C36:N36) -> 44
B37: 13.45 - 14.00 | C37: 15 | D37: 9 | E37: 3 | F37: 8 | G37: 3 | H37: 3 | I37: 0 | J37: 4 | K37: 1 | L37: 0 | M37: 14 | N37: 0 | O37: =SUM(C37:L37,N37) -> 46 | P37: =SUM(C37:N37) -> 60
B38: 14.00 - 14.15 | C38: 16 | D38: 8 | E38: 6 | F38: 4 | G38: 1 | H38: 0 | I38: 2 | J38: 2 | K38: 0 | L38: 0 | M38: 21 | N38: 0 | O38: =SUM(C38:L38,N38) -> 39 | P38: =SUM(C38:N38) -> 60
B39: 14.15 - 14.30 | C39: 24 | D39: 20 | E39: 3 | F39: 6 | G39: 0 | H39: 3 | I39: 0 | J39: 0 | K39: 1 | L39: 2 | M39: 8 | N39: 0 | O39: =SUM(C39:L39,N39) -> 59 | P39: =SUM(C39:N39) -> 67
B40: 14.30 - 14.45 | C40: 14 | D40: 3 | E40: 6 | F40: 3 | G40: 0 | H40: 3 | I40: 1 | J40: 3 | K40: 1 | L40: 0 | M40: 15 | N40: 0 | O40: =SUM(C40:L40,N40) -> 34 | P40: =SUM(C40:N40) -> 49
... B57: 18.45 - 19.00 | C57: 18 | D57: 4 | E57: 2 | F57: 3 | G57: 0 | H57: 3 | I57: 1 | J57: 2 | K57: 2 | L57: 0 | M57: 28 | N57: 0 | O57: =SUM(C57:L57,N57) -> 35 | P57: =SUM(C57:N57) -> 63
B58: Totals | C58: =SUM(C10:C57) -> 656 | D58: =SUM(D10:D57) -> 302 | E58: =SUM(E10:E57) -> 177 | F58: =SUM(F10:F57) -> 259 | G58: =SUM(G10:G57) -> 11 | H58: =SUM(H10:H57) -> 60 | I58: =SUM(I10:I57) -> 61 | J58: =SUM(J10:J57) -> 87 | ... P58: =SUM(P10:P57) -> 2472
B59: %ges + MCs | C59: =C58/$P$58 -> 0.26537217 | D59: =D58/$P$58 -> 0.12216828 | E59: =E58/$P$58 -> 0.071601942 | F59: =F58/$P$58 -> 0.10477346 | G59: =G58/$P$58 -> 0.0044498382 | H59: =H58/$P$58 -> 0.024271845 | I59: =I58/$P$58 -> 0.024676375 | J59: =J58/$P$58 -> 0.035194175 | ... N59: =N58/$P$58 -> 0
B60: %ges w/o MCs | C60: =C58/$O$58 -> 0.38139535 | D60: =D58/$O$58 -> 0.1755814 | E60: =E58/$O$58 -> 0.10290698 | F60: =F58/$O$58 -> 0.1505814 | G60: =G58/$O$58 -> 0.0063953488 | H60: =H58/$O$58 -> 0.034883721 | I60: =I58/$O$58 -> 0.035465116 | J60: =J58/$O$58 -> 0.050581395 | ... L60: =L58/$O$58 -> 0.016860465 | N60: =N58/$O$58 -> 0

Sheet 21.10 MASAKA-MBARARA
B1: Consultancy services for Preparation of Expressway Development Master Plan (EDMP) for Uganda
B2: MANUAL CLASSIFIED COUNT (MCC)
B3: ROAD NAME: | C3: MASAKA-MBARARA ROAD
C5: Date | D5: 21.10.19 | F5: Location | G5: KINONI | J5: Surveyor | K5: NALWADDA
C6: Dir. From | D6: MASAKA | F6: Dir. To | G6: MBARARA | J6: Supervisor | K6: SANDRA
B8: Time / Veh Type | R8: SUMMARY TRAFFIC VOLUMES
C9: 1. Car | D9: 2. Station Wagon | E9: 3. Pickups | F9: 4. Minibus, matatu | G9: 5. Medium bus | H9: 6. Large Bus | I9: 7. Light Truck | J9: 8. Medium Truck | K9: 9. Heavy truck | L9: 10. Truck Trailer | M9: 11. Motor cycles | N9: 12. Tractors | O9: Total Excl M/Cycles | P9: Total All | R9: Time | S9: 1. Car | T9: 2. Station Wagon | U9: 3. Pickups | V9: 4. Minibus, matatu | W9: 5. Medium bus | X9: 6. Large Bus | Y9: 7. Light Truck | Z9: 8. Medium Truck | AA9: 9. Heavy truck | AB9: 10. Truck Trailer | AC9: 11. Motorcycles | AD9: 12. Tractors, Graders | AE9: Total Excl M/ Cycles | AF9: Total All
B10: 07.00 - 07.15 | C10: 13 | D10: 3 | E10: 2 | F10: 4 | G10: 0 | H10: 1 | I10: 1 | J10: 1 | K10: 1 | L10: 0 | M10: 24 | N10: 0 | O10: =SUM(C10:L10,N10) -> 26 | P10: =SUM(C10:N10) -> 50 | R10: 0700-0800 | S10: =SUM(C10:C13) -> 30 | T10: =SUM(D10:D13) -> 12 | U10: =SUM(E10:E13) -> 5 | V10: =SUM(F10:F13) -> 11 | W10: =SUM(G10:G13) -> 2 | X10: =SUM(H10:H13) -> 1 | Y10: =SUM(I10:I13) -> 8 | Z10: =SUM(J10:J13) -> 3 | ... AF10: =SUM(P10:P13) -> 149
B11: 07.15 - 07.30 | C11: 9 | D11: 3 | E11: 1 | F11: 4 | G11: 2 | H11: 0 | I11: 1 | J11: 2 | K11: 1 | L11: 0 | M11: 18 | N11: 0 | O11: =SUM(C11:L11,N11) -> 23 | P11: =SUM(C11:N11) -> 41 | R11: 0800-0900 | S11: =SUM(C14:C17) -> 27 | T11: =SUM(D14:D17) -> 9 | U11: =SUM(E14:E17) -> 7 | V11: =SUM(F14:F17) -> 16 | W11: =SUM(G14:G17) -> 0 | X11: =SUM(H14:H17) -> 2 | Y11: =SUM(I14:I17) -> 10 | Z11: =SUM(J14:J17) -> 13 | ... AF11: =SUM(P14:P17) -> 167
B12: 07.30 - 07.45 | C12: 3 | D12: 2 | E12: 0 | F12: 0 | G12: 0 | H12: 0 | I12: 2 | J12: 0 | K12: 1 | L12: 0 | M12: 14 | N12: 0 | O12: =SUM(C12:L12,N12) -> 8 | P12: =SUM(C12:N12) -> 22 | R12: 0900-1000 | S12: =SUM(C18:C21) -> 32 | T12: =SUM(D18:D21) -> 14 | U12: =SUM(E18:E21) -> 6 | V12: =SUM(F18:F21) -> 15 | W12: =SUM(G18:G21) -> 1 | X12: =SUM(H18:H21) -> 3 | Y12: =SUM(I18:I21) -> 3 | Z12: =SUM(J18:J21) -> 4 | ... AF12: =SUM(P18:P21) -> 143
B13: 07.45 - 08.00 | C13: 5 | D13: 4 | E13: 2 | F13: 3 | G13: 0 | H13: 0 | I13: 4 | J13: 0 | K13: 0 | L13: 0 | M13: 18 | N13: 0 | O13: =SUM(C13:L13,N13) -> 18 | P13: =SUM(C13:N13) -> 36 | R13: 1000-1100 | S13: =SUM(C22:C25) -> 29 | T13: =SUM(D22:D25) -> 22 | U13: =SUM(E22:E25) -> 15 | V13: =SUM(F22:F25) -> 18 | W13: =SUM(G22:G25) -> 1 | X13: =SUM(H22:H25) -> 2 | Y13: =SUM(I22:I25) -> 6 | Z13: =SUM(J22:J25) -> 13 | ... AF13: =SUM(P22:P25) -> 203
B14: 08.00 - 08.15 | C14: 5 | D14: 2 | E14: 3 | F14: 4 | G14: 0 | H14: 0 | I14: 1 | J14: 3 | K14: 3 | L14: 0 | M14: 11 | N14: 0 | O14: =SUM(C14:L14,N14) -> 21 | P14: =SUM(C14:N14) -> 32 | R14: 1100-1200 | S14: =SUM(C26:C29) -> 34 | T14: =SUM(D26:D29) -> 8 | U14: =SUM(E26:E29) -> 10 | V14: =SUM(F26:F29) -> 20 | W14: =SUM(G26:G29) -> 0 | X14: =SUM(H26:H29) -> 6 | Y14: =SUM(I26:I29) -> 5 | Z14: =SUM(J26:J29) -> 1 | ... AF14: =SUM(P26:P29) -> 139
B15: 08.15 - 08.30 | C15: 5 | D15: 3 | E15: 2 | F15: 3 | G15: 0 | H15: 1 | I15: 1 | J15: 2 | K15: 4 | L15: 1 | M15: 27 | N15: 0 | O15: =SUM(C15:L15,N15) -> 22 | P15: =SUM(C15:N15) -> 49 | R15: 1200-1300 | S15: =SUM(C30:C33) -> 20 | T15: =SUM(D30:D33) -> 16 | U15: =SUM(E30:E33) -> 14 | V15: =SUM(F30:F33) -> 21 | W15: =SUM(G30:G33) -> 0 | X15: =SUM(H30:H33) -> 6 | Y15: =SUM(I30:I33) -> 6 | Z15: =SUM(J30:J33) -> 4 | ... AF15: =SUM(P30:P33) -> 158
B16: 08.30 - 08.45 | C16: 12 | D16: 2 | E16: 1 | F16: 5 | G16: 0 | H16: 1 | I16: 5 | J16: 6 | K16: 1 | L16: 0 | M16: 18 | N16: 0 | O16: =SUM(C16:L16,N16) -> 33 | P16: =SUM(C16:N16) -> 51 | R16: 1300-1400 | S16: =SUM(C34:C37) -> 50 | T16: =SUM(D34:D37) -> 12 | U16: =SUM(E34:E37) -> 11 | V16: =SUM(F34:F37) -> 18 | W16: =SUM(G34:G37) -> 0 | X16: =SUM(H34:H37) -> 5 | Y16: =SUM(I34:I37) -> 6 | Z16: =SUM(J34:J37) -> 5 | ... AF16: =SUM(P34:P37) -> 215
B17: 08.45 - 9.00 | C17: 5 | D17: 2 | E17: 1 | F17: 4 | G17: 0 | H17: 0 | I17: 3 | J17: 2 | K17: 2 | L17: 0 | M17: 16 | N17: 0 | O17: =SUM(C17:L17,N17) -> 19 | P17: =SUM(C17:N17) -> 35 | R17: 1400-1500 | S17: =SUM(C38:C41) -> 42 | T17: =SUM(D38:D41) -> 21 | U17: =SUM(E38:E41) -> 13 | V17: =SUM(F38:F41) -> 26 | W17: =SUM(G38:G41) -> 2 | X17: =SUM(H38:H41) -> 7 | Y17: =SUM(I38:I41) -> 9 | Z17: =SUM(J38:J41) -> 2 | ... AF17: =SUM(P38:P41) -> 220
B18: 09.00 - 09.15 | C18: 5 | D18: 1 | E18: 2 | F18: 3 | G18: 0 | H18: 0 | I18: 0 | J18: 1 | K18: 0 | L18: 0 | M18: 14 | N18: 0 | O18: =SUM(C18:L18,N18) -> 12 | P18: =SUM(C18:N18) -> 26 | R18: 1500-1600 | S18: =SUM(C42:C45) -> 37 | T18: =SUM(D42:D45) -> 17 | U18: =SUM(E42:E45) -> 15 | V18: =SUM(F42:F45) -> 21 | W18: =SUM(G42:G45) -> 1 | X18: =SUM(H42:H45) -> 9 | Y18: =SUM(I42:I45) -> 7 | Z18: =SUM(J42:J45) -> 4 | ... AF18: =SUM(P42:P45) -> 223
B19: 09.15 - 09.30 | C19: 7 | D19: 5 | E19: 1 | F19: 3 | G19: 0 | H19: 1 | I19: 2 | J19: 2 | K19: 2 | L19: 0 | M19: 12 | N19: 0 | O19: =SUM(C19:L19,N19) -> 23 | P19: =SUM(C19:N19) -> 35 | R19: 1600-1700 | S19: =SUM(C46:C49) -> 39 | T19: =SUM(D46:D49) -> 8 | U19: =SUM(E46:E49) -> 13 | V19: =SUM(F46:F49) -> 21 | W19: =SUM(G46:G49) -> 0 | X19: =SUM(H46:H49) -> 10 | Y19: =SUM(I46:I49) -> 4 | Z19: =SUM(J46:J49) -> 7 | ... AF19: =SUM(P46:P49) -> 204
B20: 09.30 - 09.45 | C20: 11 | D20: 7 | E20: 3 | F20: 6 | G20: 0 | H20: 1 | I20: 1 | J20: 0 | K20: 1 | L20: 0 | M20: 30 | N20: 0 | O20: =SUM(C20:L20,N20) -> 30 | P20: =SUM(C20:N20) -> 60 | R20: 1700-1800 | S20: =SUM(C50:C53) -> 45 | T20: =SUM(D50:D53) -> 8 | U20: =SUM(E50:E53) -> 8 | V20: =SUM(F50:F53) -> 16 | W20: =SUM(G50:G53) -> 0 | X20: =SUM(H50:H53) -> 4 | Y20: =SUM(I50:I53) -> 11 | Z20: =SUM(J50:J53) -> 9 | ... AF20: =SUM(P50:P53) -> 179
B21: 09.45 - 10.00 | C21: 9 | D21: 1 | E21: 0 | F21: 3 | G21: 1 | H21: 1 | I21: 0 | J21: 1 | K21: 0 | L21: 0 | M21: 6 | N21: 0 | O21: =SUM(C21:L21,N21) -> 16 | P21: =SUM(C21:N21) -> 22 | R21: 1800-1900 | S21: =SUM(C54:C57) -> 46 | T21: =SUM(D54:D57) -> 12 | U21: =SUM(E54:E57) -> 9 | V21: =SUM(F54:F57) -> 23 | W21: =SUM(G54:G57) -> 4 | X21: =SUM(H54:H57) -> 7 | Y21: =SUM(I54:I57) -> 9 | Z21: =SUM(J54:J57) -> 13 | ... AF21: =SUM(P54:P57) -> 223
B22: 10.00 - 10.15 | C22: 5 | D22: 2 | E22: 5 | F22: 4 | G22: 0 | H22: 0 | I22: 1 | J22: 4 | K22: 2 | L22: 0 | M22: 17 | N22: 0 | O22: =SUM(C22:L22,N22) -> 23 | P22: =SUM(C22:N22) -> 40 | R22: AM Peak Hr | S22: =MAX(S10:S12) -> 32 | T22: =MAX(T10:T12) -> 14 | U22: =MAX(U10:U12) -> 7 | V22: =MAX(V10:V12) -> 16 | W22: =MAX(W10:W12) -> 2 | X22: =MAX(X10:X12) -> 3 | Y22: =MAX(Y10:Y12) -> 10 | Z22: =MAX(Z10:Z12) -> 13 | ... AF22: =MAX(AF10:AF12) -> 167
B23: 10.15 - 10.30 | C23: 9 | D23: 9 | E23: 4 | F23: 6 | G23: 1 | H23: 0 | I23: 1 | J23: 5 | K23: 0 | L23: 0 | M23: 25 | N23: 0 | O23: =SUM(C23:L23,N23) -> 35 | P23: =SUM(C23:N23) -> 60 | R23: IP Peak Hr | S23: =MAX(S13:S18) -> 50 | T23: =MAX(T13:T18) -> 22 | U23: =MAX(U13:U18) -> 15 | V23: =MAX(V13:V18) -> 26 | W23: =MAX(W13:W18) -> 2 | X23: =MAX(X13:X18) -> 9 | Y23: =MAX(Y13:Y18) -> 9 | Z23: =MAX(Z13:Z18) -> 13 | ... AF23: =MAX(AF13:AF18) -> 223
B24: 10.30 - 10.45 | C24: 7 | D24: 5 | E24: 1 | F24: 3 | G24: 0 | H24: 1 | I24: 3 | J24: 3 | K24: 3 | L24: 0 | M24: 16 | N24: 0 | O24: =SUM(C24:L24,N24) -> 26 | P24: =SUM(C24:N24) -> 42 | R24: PM Peak Hr | S24: =MAX(S19:S21) -> 46 | T24: =MAX(T19:T21) -> 12 | U24: =MAX(U19:U21) -> 13 | V24: =MAX(V19:V21) -> 23 | W24: =MAX(W19:W21) -> 4 | X24: =MAX(X19:X21) -> 10 | Y24: =MAX(Y19:Y21) -> 11 | Z24: =MAX(Z19:Z21) -> 13 | ... AF24: =MAX(AF19:AF21) -> 223
B25: 10.45 - 11.00 | C25: 8 | D25: 6 | E25: 5 | F25: 5 | G25: 0 | H25: 1 | I25: 1 | J25: 1 | K25: 4 | L25: 0 | M25: 30 | N25: 0 | O25: =SUM(C25:L25,N25) -> 31 | P25: =SUM(C25:N25) -> 61 | R25: AM Period | S25: =SUM(S10:S12) -> 89 | T25: =SUM(T10:T12) -> 35 | U25: =SUM(U10:U12) -> 18 | V25: =SUM(V10:V12) -> 42 | W25: =SUM(W10:W12) -> 3 | X25: =SUM(X10:X12) -> 6 | Y25: =SUM(Y10:Y12) -> 21 | Z25: =SUM(Z10:Z12) -> 20 | ... AF25: =SUM(AF10:AF12) -> 459
B26: 11.00 - 11.15 | C26: 12 | D26: 2 | E26: 3 | F26: 6 | G26: 0 | H26: 2 | I26: 1 | J26: 0 | K26: 1 | L26: 0 | M26: 11 | N26: 0 | O26: =SUM(C26:L26,N26) -> 27 | P26: =SUM(C26:N26) -> 38 | R26: IP Period | S26: =SUM(S13:S18) -> 212 | T26: =SUM(T13:T18) -> 96 | U26: =SUM(U13:U18) -> 78 | V26: =SUM(V13:V18) -> 124 | W26: =SUM(W13:W18) -> 4 | X26: =SUM(X13:X18) -> 35 | Y26: =SUM(Y13:Y18) -> 39 | Z26: =SUM(Z13:Z18) -> 29 | ... AF26: =SUM(AF13:AF18) -> 1158
B27: 11.15 - 11.30 | C27: 5 | D27: 3 | E27: 1 | F27: 4 | G27: 0 | H27: 1 | I27: 1 | J27: 1 | K27: 0 | L27: 0 | M27: 8 | N27: 0 | O27: =SUM(C27:L27,N27) -> 16 | P27: =SUM(C27:N27) -> 24 | R27: PM Period | S27: =SUM(S19:S21) -> 130 | T27: =SUM(T19:T21) -> 28 | U27: =SUM(U19:U21) -> 30 | V27: =SUM(V19:V21) -> 60 | W27: =SUM(W19:W21) -> 4 | X27: =SUM(X19:X21) -> 21 | Y27: =SUM(Y19:Y21) -> 24 | Z27: =SUM(Z19:Z21) -> 29 | ... AF27: =SUM(AF19:AF21) -> 606
B28: 11.30 - 11.45 | C28: 10 | D28: 2 | E28: 5 | F28: 7 | G28: 0 | H28: 0 | I28: 0 | J28: 0 | K28: 1 | L28: 0 | M28: 14 | N28: 0 | O28: =SUM(C28:L28,N28) -> 25 | P28: =SUM(C28:N28) -> 39 | R28: 12 Hours | S28: =SUM(S10:S21) -> 431 | T28: =SUM(T10:T21) -> 159 | U28: =SUM(U10:U21) -> 126 | V28: =SUM(V10:V21) -> 226 | W28: =SUM(W10:W21) -> 11 | X28: =SUM(X10:X21) -> 62 | Y28: =SUM(Y10:Y21) -> 84 | Z28: =SUM(Z10:Z21) -> 78 | ... AF28: =SUM(AF10:AF21) -> 2223
B29: 11.45 - 12.00 | C29: 7 | D29: 1 | E29: 1 | F29: 3 | G29: 0 | H29: 3 | I29: 3 | J29: 0 | K29: 0 | L29: 0 | M29: 20 | N29: 0 | O29: =SUM(C29:L29,N29) -> 18 | P29: =SUM(C29:N29) -> 38
B30: 12.00 - 12.15 | C30: 6 | D30: 3 | E30: 5 | F30: 1 | G30: 0 | H30: 2 | I30: 2 | J30: 0 | K30: 2 | L30: 1 | M30: 23 | N30: 0 | O30: =SUM(C30:L30,N30) -> 22 | P30: =SUM(C30:N30) -> 45
B31: 12.15 - 12.30 | C31: 7 | D31: 1 | E31: 2 | F31: 5 | G31: 0 | H31: 0 | I31: 1 | J31: 2 | K31: 0 | L31: 0 | M31: 14 | N31: 0 | O31: =SUM(C31:L31,N31) -> 18 | P31: =SUM(C31:N31) -> 32
B32: 12.30 - 12.45 | C32: 3 | D32: 5 | E32: 6 | F32: 7 | G32: 0 | H32: 2 | I32: 1 | J32: 1 | K32: 0 | L32: 0 | M32: 15 | N32: 0 | O32: =SUM(C32:L32,N32) -> 25 | P32: =SUM(C32:N32) -> 40
B33: 12.45 - 13.00 | C33: 4 | D33: 7 | E33: 1 | F33: 8 | G33: 0 | H33: 2 | I33: 2 | J33: 1 | K33: 1 | L33: 0 | M33: 15 | N33: 0 | O33: =SUM(C33:L33,N33) -> 26 | P33: =SUM(C33:N33) -> 41
B34: 13.00 - 13.15 | C34: 14 | D34: 3 | E34: 2 | F34: 5 | G34: 0 | H34: 0 | I34: 1 | J34: 2 | K34: 2 | L34: 0 | M34: 13 | N34: 0 | O34: =SUM(C34:L34,N34) -> 29 | P34: =SUM(C34:N34) -> 42
B35: 13.15 - 13.30 | C35: 8 | D35: 2 | E35: 3 | F35: 4 | G35: 0 | H35: 0 | I35: 3 | J35: 1 | K35: 0 | L35: 0 | M35: 29 | N35: 0 | O35: =SUM(C35:L35,N35) -> 21 | P35: =SUM(C35:N35) -> 50
B36: 13.30 - 13.45 | C36: 16 | D36: 2 | E36: 2 | F36: 8 | G36: 0 | H36: 3 | I36: 1 | J36: 2 | K36: 0 | L36: 0 | M36: 32 | N36: 0 | O36: =SUM(C36:L36,N36) -> 34 | P36: =SUM(C36:N36) -> 66
B37: 13.45 - 14.00 | C37: 12 | D37: 5 | E37: 4 | F37: 1 | G37: 0 | H37: 2 | I37: 1 | J37: 0 | K37: 1 | L37: 0 | M37: 31 | N37: 0 | O37: =SUM(C37:L37,N37) -> 26 | P37: =SUM(C37:N37) -> 57
B38: 14.00 - 14.15 | C38: 11 | D38: 7 | E38: 2 | F38: 7 | G38: 1 | H38: 2 | I38: 3 | J38: 2 | K38: 5 | L38: 0 | M38: 26 | N38: 0 | O38: =SUM(C38:L38,N38) -> 40 | P38: =SUM(C38:N38) -> 66
B39: 14.15 - 14.30 | C39: 7 | D39: 5 | E39: 0 | F39: 5 | G39: 1 | H39: 1 | I39: 2 | J39: 0 | K39: 1 | L39: 0 | M39: 17 | N39: 0 | O39: =SUM(C39:L39,N39) -> 22 | P39: =SUM(C39:N39) -> 39
B40: 14.30 - 14.45 | C40: 11 | D40: 6 | E40: 7 | F40: 10 | G40: 0 | H40: 3 | I40: 2 | J40: 0 | K40: 0 | L40: 0 | M40: 24 | N40: 0 | O40: =SUM(C40:L40,N40) -> 39 | P40: =SUM(C40:N40) -> 63
... B57: 18.45 - 19.00 | C57: 5 | D57: 1 | E57: 0 | F57: 5 | G57: 1 | H57: 1 | I57: 1 | J57: 3 | K57: 0 | L57: 0 | M57: 20 | N57: 0 | O57: =SUM(C57:L57,N57) -> 17 | P57: =SUM(C57:N57) -> 37
B58: Totals | C58: =SUM(C10:C57) -> 431 | D58: =SUM(D10:D57) -> 159 | E58: =SUM(E10:E57) -> 126 | F58: =SUM(F10:F57) -> 226 | G58: =SUM(G10:G57) -> 11 | H58: =SUM(H10:H57) -> 62 | I58: =SUM(I10:I57) -> 84 | J58: =SUM(J10:J57) -> 78 | ... P58: =SUM(P10:P57) -> 2223
B59: %ges + MCs | C59: =C58/$P$58 -> 0.19388214 | D59: =D58/$P$58 -> 0.071524966 | E59: =E58/$P$58 -> 0.056680162 | F59: =F58/$P$58 -> 0.10166442 | G59: =G58/$P$58 -> 0.0049482681 | H59: =H58/$P$58 -> 0.027890238 | I59: =I58/$P$58 -> 0.037786775 | J59: =J58/$P$58 -> 0.035087719 | ... N59: =N58/$P$58 -> 0
B60: %ges w/o MCs | C60: =C58/$O$58 -> 0.34452438 | D60: =D58/$O$58 -> 0.12709832 | E60: =E58/$O$58 -> 0.10071942 | F60: =F58/$O$58 -> 0.18065548 | G60: =G58/$O$58 -> 0.0087929656 | H60: =H58/$O$58 -> 0.049560352 | I60: =I58/$O$58 -> 0.067146283 | J60: =J58/$O$58 -> 0.06235012 | ... L60: =L58/$O$58 -> 0.0023980815 | N60: =N58/$O$58 -> 0

Sheet 21.10 MBARARA- MASAKA
B1: Consultancy services for Preparation of Expressway Development Master Plan (EDMP) for Uganda
B2: MANUAL CLASSIFIED COUNT (MCC)
B3: ROAD NAME: | C3: MASAKA-MBARARA ROAD
C5: Date | D5: 21.10.19 | F5: Location | G5: KINONO | J5: Surveyor | K5: SANDRA MUKISA
C6: Dir. From | D6: MBARARA | F6: Dir. To | G6: MASAKA | J6: Supervisor | K6: SANDRA
B8: Time / Veh Type | R8: SUMMARY TRAFFIC VOLUMES
C9: 1. Car | D9: 2. Station Wagon | E9: 3. Pickups | F9: 4. Minibus, matatu | G9: 5. Medium bus | H9: 6. Large Bus | I9: 7. Light Truck | J9: 8. Medium Truck | K9: 9. Heavy truck | L9: 10. Truck Trailer | M9: 11. Motor cycles | N9: 12. Tractors | O9: Total Excl M/Cycles | P9: Total All | R9: Time | S9: 1. Car | T9: 2. Station Wagon | U9: 3. Pickups | V9: 4. Minibus, matatu | W9: 5. Medium bus | X9: 6. Large Bus | Y9: 7. Light Truck | Z9: 8. Medium Truck | AA9: 9. Heavy truck | AB9: 10. Truck Trailer | AC9: 11. Motorcycles | AD9: 12. Tractors, Graders | AE9: Total Excl M/ Cycles | AF9: Total All
B10: 07.00 - 07.15 | C10: 5 | D10: 2 | E10: 1 | F10: 6 | G10: 0 | H10: 1 | I10: 0 | J10: 0 | K10: 2 | L10: 1 | M10: 35 | N10: 0 | O10: =SUM(C10:L10,N10) -> 18 | P10: =SUM(C10:N10) -> 53 | R10: 0700-0800 | S10: =SUM(C10:C13) -> 21 | T10: =SUM(D10:D13) -> 7 | U10: =SUM(E10:E13) -> 5 | V10: =SUM(F10:F13) -> 13 | W10: =SUM(G10:G13) -> 0 | X10: =SUM(H10:H13) -> 2 | Y10: =SUM(I10:I13) -> 3 | Z10: =SUM(J10:J13) -> 2 | ... AF10: =SUM(P10:P13) -> 159
B11: 07.15 - 07.30 | C11: 4 | D11: 3 | E11: 0 | F11: 3 | G11: 0 | H11: 0 | I11: 2 | J11: 0 | K11: 3 | L11: 0 | M11: 22 | N11: 0 | O11: =SUM(C11:L11,N11) -> 15 | P11: =SUM(C11:N11) -> 37 | R11: 0800-0900 | S11: =SUM(C14:C17) -> 21 | T11: =SUM(D14:D17) -> 6 | U11: =SUM(E14:E17) -> 8 | V11: =SUM(F14:F17) -> 15 | W11: =SUM(G14:G17) -> 1 | X11: =SUM(H14:H17) -> 2 | Y11: =SUM(I14:I17) -> 7 | Z11: =SUM(J14:J17) -> 4 | ... AF11: =SUM(P14:P17) -> 153
B12: 07.30 - 07.45 | C12: 7 | D12: 2 | E12: 1 | F12: 2 | G12: 0 | H12: 1 | I12: 1 | J12: 0 | K12: 2 | L12: 0 | M12: 22 | N12: 0 | O12: =SUM(C12:L12,N12) -> 16 | P12: =SUM(C12:N12) -> 38 | R12: 0900-1000 | S12: =SUM(C18:C21) -> 30 | T12: =SUM(D18:D21) -> 10 | U12: =SUM(E18:E21) -> 9 | V12: =SUM(F18:F21) -> 25 | W12: =SUM(G18:G21) -> 1 | X12: =SUM(H18:H21) -> 4 | Y12: =SUM(I18:I21) -> 4 | Z12: =SUM(J18:J21) -> 1 | ... AF12: =SUM(P18:P21) -> 191
B13: 07.45 - 08.00 | C13: 5 | D13: 0 | E13: 3 | F13: 2 | G13: 0 | H13: 0 | I13: 0 | J13: 2 | K13: 1 | L13: 0 | M13: 18 | N13: 0 | O13: =SUM(C13:L13,N13) -> 13 | P13: =SUM(C13:N13) -> 31 | R13: 1000-1100 | S13: =SUM(C22:C25) -> 31 | T13: =SUM(D22:D25) -> 13 | U13: =SUM(E22:E25) -> 10 | V13: =SUM(F22:F25) -> 20 | W13: =SUM(G22:G25) -> 0 | X13: =SUM(H22:H25) -> 6 | Y13: =SUM(I22:I25) -> 5 | Z13: =SUM(J22:J25) -> 4 | ... AF13: =SUM(P22:P25) -> 184
B14: 08.00 - 08.15 | C14: 4 | D14: 1 | E14: 1 | F14: 4 | G14: 0 | H14: 1 | I14: 2 | J14: 0 | K14: 0 | L14: 0 | M14: 16 | N14: 0 | O14: =SUM(C14:L14,N14) -> 13 | P14: =SUM(C14:N14) -> 29 | R14: 1100-1200 | S14: =SUM(C26:C29) -> 32 | T14: =SUM(D26:D29) -> 21 | U14: =SUM(E26:E29) -> 7 | V14: =SUM(F26:F29) -> 17 | W14: =SUM(G26:G29) -> 0 | X14: =SUM(H26:H29) -> 7 | Y14: =SUM(I26:I29) -> 9 | Z14: =SUM(J26:J29) -> 4 | ... AF14: =SUM(P26:P29) -> 169
B15: 08.15 - 08.30 | C15: 6 | D15: 3 | E15: 2 | F15: 3 | G15: 0 | H15: 0 | I15: 1 | J15: 2 | K15: 1 | L15: 0 | M15: 29 | N15: 0 | O15: =SUM(C15:L15,N15) -> 18 | P15: =SUM(C15:N15) -> 47 | R15: 1200-1300 | S15: =SUM(C30:C33) -> 37 | T15: =SUM(D30:D33) -> 22 | U15: =SUM(E30:E33) -> 12 | V15: =SUM(F30:F33) -> 33 | W15: =SUM(G30:G33) -> 0 | X15: =SUM(H30:H33) -> 5 | Y15: =SUM(I30:I33) -> 1 | Z15: =SUM(J30:J33) -> 1 | ... AF15: =SUM(P30:P33) -> 174
B16: 08.30 - 08.45 | C16: 3 | D16: 2 | E16: 3 | F16: 4 | G16: 1 | H16: 1 | I16: 4 | J16: 1 | K16: 1 | L16: 0 | M16: 16 | N16: 0 | O16: =SUM(C16:L16,N16) -> 20 | P16: =SUM(C16:N16) -> 36 | R16: 1300-1400 | S16: =SUM(C34:C37) -> 43 | T16: =SUM(D34:D37) -> 6 | U16: =SUM(E34:E37) -> 8 | V16: =SUM(F34:F37) -> 22 | W16: =SUM(G34:G37) -> 0 | X16: =SUM(H34:H37) -> 9 | Y16: =SUM(I34:I37) -> 8 | Z16: =SUM(J34:J37) -> 3 | ... AF16: =SUM(P34:P37) -> 216
B17: 08.45 - 9.00 | C17: 8 | D17: 0 | E17: 2 | F17: 4 | G17: 0 | H17: 0 | I17: 0 | J17: 1 | K17: 0 | L17: 0 | M17: 26 | N17: 0 | O17: =SUM(C17:L17,N17) -> 15 | P17: =SUM(C17:N17) -> 41 | R17: 1400-1500 | S17: =SUM(C38:C41) -> 36 | T17: =SUM(D38:D41) -> 15 | U17: =SUM(E38:E41) -> 9 | V17: =SUM(F38:F41) -> 23 | W17: =SUM(G38:G41) -> 0 | X17: =SUM(H38:H41) -> 7 | Y17: =SUM(I38:I41) -> 9 | Z17: =SUM(J38:J41) -> 5 | ... AF17: =SUM(P38:P41) -> 206
B18: 09.00 - 09.15 | C18: 10 | D18: 3 | E18: 4 | F18: 9 | G18: 0 | H18: 1 | I18: 0 | J18: 0 | K18: 0 | L18: 0 | M18: 37 | N18: 0 | O18: =SUM(C18:L18,N18) -> 27 | P18: =SUM(C18:N18) -> 64 | R18: 1500-1600 | S18: =SUM(C42:C45) -> 46 | T18: =SUM(D42:D45) -> 26 | U18: =SUM(E42:E45) -> 11 | V18: =SUM(F42:F45) -> 14 | W18: =SUM(G42:G45) -> 0 | X18: =SUM(H42:H45) -> 5 | Y18: =SUM(I42:I45) -> 5 | Z18: =SUM(J42:J45) -> 8 | ... AF18: =SUM(P42:P45) -> 233
B19: 09.15 - 09.30 | C19: 6 | D19: 2 | E19: 3 | F19: 5 | G19: 0 | H19: 0 | I19: 1 | J19: 0 | K19: 0 | L19: 1 | M19: 29 | N19: 0 | O19: =SUM(C19:L19,N19) -> 18 | P19: =SUM(C19:N19) -> 47 | R19: 1600-1700 | S19: =SUM(C46:C49) -> 49 | T19: =SUM(D46:D49) -> 16 | U19: =SUM(E46:E49) -> 13 | V19: =SUM(F46:F49) -> 16 | W19: =SUM(G46:G49) -> 0 | X19: =SUM(H46:H49) -> 4 | Y19: =SUM(I46:I49) -> 5 | Z19: =SUM(J46:J49) -> 8 | ... AF19: =SUM(P46:P49) -> 237
B20: 09.30 - 09.45 | C20: 7 | D20: 3 | E20: 1 | F20: 5 | G20: 0 | H20: 1 | I20: 0 | J20: 0 | K20: 1 | L20: 1 | M20: 11 | N20: 0 | O20: =SUM(C20:L20,N20) -> 19 | P20: =SUM(C20:N20) -> 30 | R20: 1700-1800 | S20: =SUM(C50:C53) -> 61 | T20: =SUM(D50:D53) -> 13 | U20: =SUM(E50:E53) -> 15 | V20: =SUM(F50:F53) -> 23 | W20: =SUM(G50:G53) -> 1 | X20: =SUM(H50:H53) -> 8 | Y20: =SUM(I50:I53) -> 12 | Z20: =SUM(J50:J53) -> 16 | ... AF20: =SUM(P50:P53) -> 253
B21: 09.45 - 10.00 | C21: 7 | D21: 2 | E21: 1 | F21: 6 | G21: 1 | H21: 2 | I21: 3 | J21: 1 | K21: 3 | L21: 0 | M21: 24 | N21: 0 | O21: =SUM(C21:L21,N21) -> 26 | P21: =SUM(C21:N21) -> 50 | R21: 1800-1900 | S21: =SUM(C54:C57) -> 52 | T21: =SUM(D54:D57) -> 21 | U21: =SUM(E54:E57) -> 15 | V21: =SUM(F54:F57) -> 26 | W21: =SUM(G54:G57) -> 3 | X21: =SUM(H54:H57) -> 4 | Y21: =SUM(I54:I57) -> 11 | Z21: =SUM(J54:J57) -> 20 | ... AF21: =SUM(P54:P57) -> 290
B22: 10.00 - 10.15 | C22: 11 | D22: 2 | E22: 1 | F22: 8 | G22: 0 | H22: 2 | I22: 2 | J22: 0 | K22: 0 | L22: 0 | M22: 29 | N22: 0 | O22: =SUM(C22:L22,N22) -> 26 | P22: =SUM(C22:N22) -> 55 | R22: AM Peak Hr | S22: =MAX(S10:S12) -> 30 | T22: =MAX(T10:T12) -> 10 | U22: =MAX(U10:U12) -> 9 | V22: =MAX(V10:V12) -> 25 | W22: =MAX(W10:W12) -> 1 | X22: =MAX(X10:X12) -> 4 | Y22: =MAX(Y10:Y12) -> 7 | Z22: =MAX(Z10:Z12) -> 4 | ... AF22: =MAX(AF10:AF12) -> 191
B23: 10.15 - 10.30 | C23: 6 | D23: 3 | E23: 3 | F23: 5 | G23: 0 | H23: 0 | I23: 0 | J23: 3 | K23: 1 | L23: 0 | M23: 18 | N23: 0 | O23: =SUM(C23:L23,N23) -> 21 | P23: =SUM(C23:N23) -> 39 | R23: IP Peak Hr | S23: =MAX(S13:S18) -> 46 | T23: =MAX(T13:T18) -> 26 | U23: =MAX(U13:U18) -> 12 | V23: =MAX(V13:V18) -> 33 | W23: =MAX(W13:W18) -> 0 | X23: =MAX(X13:X18) -> 9 | Y23: =MAX(Y13:Y18) -> 9 | Z23: =MAX(Z13:Z18) -> 8 | ... AF23: =MAX(AF13:AF18) -> 233
B24: 10.30 - 10.45 | C24: 6 | D24: 3 | E24: 5 | F24: 5 | G24: 0 | H24: 2 | I24: 2 | J24: 1 | K24: 1 | L24: 0 | M24: 24 | N24: 0 | O24: =SUM(C24:L24,N24) -> 25 | P24: =SUM(C24:N24) -> 49 | R24: PM Peak Hr | S24: =MAX(S19:S21) -> 61 | T24: =MAX(T19:T21) -> 21 | U24: =MAX(U19:U21) -> 15 | V24: =MAX(V19:V21) -> 26 | W24: =MAX(W19:W21) -> 3 | X24: =MAX(X19:X21) -> 8 | Y24: =MAX(Y19:Y21) -> 12 | Z24: =MAX(Z19:Z21) -> 20 | ... AF24: =MAX(AF19:AF21) -> 290
B25: 10.45 - 11.00 | C25: 8 | D25: 5 | E25: 1 | F25: 2 | G25: 0 | H25: 2 | I25: 1 | J25: 0 | K25: 0 | L25: 0 | M25: 22 | N25: 0 | O25: =SUM(C25:L25,N25) -> 19 | P25: =SUM(C25:N25) -> 41 | R25: AM Period | S25: =SUM(S10:S12) -> 72 | T25: =SUM(T10:T12) -> 23 | U25: =SUM(U10:U12) -> 22 | V25: =SUM(V10:V12) -> 53 | W25: =SUM(W10:W12) -> 2 | X25: =SUM(X10:X12) -> 8 | Y25: =SUM(Y10:Y12) -> 14 | Z25: =SUM(Z10:Z12) -> 7 | ... AF25: =SUM(AF10:AF12) -> 503
B26: 11.00 - 11.15 | C26: 14 | D26: 4 | E26: 1 | F26: 6 | G26: 0 | H26: 1 | I26: 4 | J26: 2 | K26: 0 | L26: 0 | M26: 24 | N26: 0 | O26: =SUM(C26:L26,N26) -> 32 | P26: =SUM(C26:N26) -> 56 | R26: IP Period | S26: =SUM(S13:S18) -> 225 | T26: =SUM(T13:T18) -> 103 | U26: =SUM(U13:U18) -> 57 | V26: =SUM(V13:V18) -> 129 | W26: =SUM(W13:W18) -> 0 | X26: =SUM(X13:X18) -> 39 | Y26: =SUM(Y13:Y18) -> 37 | Z26: =SUM(Z13:Z18) -> 25 | ... AF26: =SUM(AF13:AF18) -> 1182
B27: 11.15 - 11.30 | C27: 5 | D27: 7 | E27: 1 | F27: 4 | G27: 0 | H27: 0 | I27: 1 | J27: 1 | K27: 0 | L27: 0 | M27: 19 | N27: 0 | O27: =SUM(C27:L27,N27) -> 19 | P27: =SUM(C27:N27) -> 38 | R27: PM Period | S27: =SUM(S19:S21) -> 162 | T27: =SUM(T19:T21) -> 50 | U27: =SUM(U19:U21) -> 43 | V27: =SUM(V19:V21) -> 65 | W27: =SUM(W19:W21) -> 4 | X27: =SUM(X19:X21) -> 16 | Y27: =SUM(Y19:Y21) -> 28 | Z27: =SUM(Z19:Z21) -> 44 | ... AF27: =SUM(AF19:AF21) -> 780
B28: 11.30 - 11.45 | C28: 8 | D28: 5 | E28: 2 | F28: 3 | G28: 0 | H28: 2 | I28: 2 | J28: 1 | K28: 1 | L28: 0 | M28: 12 | N28: 0 | O28: =SUM(C28:L28,N28) -> 24 | P28: =SUM(C28:N28) -> 36 | R28: 12 Hours | S28: =SUM(S10:S21) -> 459 | T28: =SUM(T10:T21) -> 176 | U28: =SUM(U10:U21) -> 122 | V28: =SUM(V10:V21) -> 247 | W28: =SUM(W10:W21) -> 6 | X28: =SUM(X10:X21) -> 63 | Y28: =SUM(Y10:Y21) -> 79 | Z28: =SUM(Z10:Z21) -> 76 | ... AF28: =SUM(AF10:AF21) -> 2465
B29: 11.45 - 12.00 | C29: 5 | D29: 5 | E29: 3 | F29: 4 | G29: 0 | H29: 4 | I29: 2 | J29: 0 | K29: 1 | L29: 0 | M29: 15 | N29: 0 | O29: =SUM(C29:L29,N29) -> 24 | P29: =SUM(C29:N29) -> 39
B30: 12.00 - 12.15 | C30: 4 | D30: 6 | E30: 4 | F30: 9 | G30: 0 | H30: 0 | I30: 0 | J30: 0 | K30: 0 | L30: 0 | M30: 23 | N30: 0 | O30: =SUM(C30:L30,N30) -> 23 | P30: =SUM(C30:N30) -> 46
B31: 12.15 - 12.30 | C31: 14 | D31: 5 | E31: 4 | F31: 9 | G31: 0 | H31: 0 | I31: 0 | J31: 0 | K31: 0 | L31: 0 | M31: 0 | N31: 0 | O31: =SUM(C31:L31,N31) -> 32 | P31: =SUM(C31:N31) -> 32
B32: 12.30 - 12.45 | C32: 14 | D32: 4 | E32: 2 | F32: 5 | G32: 0 | H32: 2 | I32: 0 | J32: 1 | K32: 1 | L32: 0 | M32: 21 | N32: 0 | O32: =SUM(C32:L32,N32) -> 29 | P32: =SUM(C32:N32) -> 50
B33: 12.45 - 13.00 | C33: 5 | D33: 7 | E33: 2 | F33: 10 | G33: 0 | H33: 3 | I33: 1 | J33: 0 | K33: 2 | L33: 0 | M33: 16 | N33: 0 | O33: =SUM(C33:L33,N33) -> 30 | P33: =SUM(C33:N33) -> 46
B34: 13.00 - 13.15 | C34: 12 | D34: 1 | E34: 2 | F34: 9 | G34: 0 | H34: 3 | I34: 4 | J34: 1 | K34: 0 | L34: 0 | M34: 24 | N34: 0 | O34: =SUM(C34:L34,N34) -> 32 | P34: =SUM(C34:N34) -> 56
B35: 13.15 - 13.30 | C35: 7 | D35: 0 | E35: 3 | F35: 3 | G35: 0 | H35: 1 | I35: 2 | J35: 0 | K35: 0 | L35: 0 | M35: 35 | N35: 0 | O35: =SUM(C35:L35,N35) -> 16 | P35: =SUM(C35:N35) -> 51
B36: 13.30 - 13.45 | C36: 12 | D36: 2 | E36: 2 | F36: 5 | G36: 0 | H36: 1 | I36: 1 | J36: 1 | K36: 0 | L36: 0 | M36: 31 | N36: 0 | O36: =SUM(C36:L36,N36) -> 24 | P36: =SUM(C36:N36) -> 55
B37: 13.45 - 14.00 | C37: 12 | D37: 3 | E37: 1 | F37: 5 | G37: 0 | H37: 4 | I37: 1 | J37: 1 | K37: 0 | L37: 0 | M37: 27 | N37: 0 | O37: =SUM(C37:L37,N37) -> 27 | P37: =SUM(C37:N37) -> 54
B38: 14.00 - 14.15 | C38: 12 | D38: 4 | E38: 3 | F38: 4 | G38: 0 | H38: 2 | I38: 1 | J38: 0 | K38: 0 | L38: 0 | M38: 26 | N38: 0 | O38: =SUM(C38:L38,N38) -> 26 | P38: =SUM(C38:N38) -> 52
B39: 14.15 - 14.30 | C39: 17 | D39: 4 | E39: 2 | F39: 7 | G39: 0 | H39: 2 | I39: 2 | J39: 1 | K39: 2 | L39: 0 | M39: 21 | N39: 0 | O39: =SUM(C39:L39,N39) -> 37 | P39: =SUM(C39:N39) -> 58
B40: 14.30 - 14.45 | C40: 5 | D40: 2 | E40: 1 | F40: 7 | G40: 0 | H40: 2 | I40: 3 | J40: 1 | K40: 0 | L40: 0 | M40: 28 | N40: 0 | O40: =SUM(C40:L40,N40) -> 21 | P40: =SUM(C40:N40) -> 49
... B57: 18.45 - 19.00 | C57: 14 | D57: 5 | E57: 6 | F57: 8 | G57: 0 | H57: 1 | I57: 4 | J57: 6 | K57: 3 | L57: 1 | M57: 25 | N57: 0 | O57: =SUM(C57:L57,N57) -> 48 | P57: =SUM(C57:N57) -> 73
B58: Totals | C58: =SUM(C10:C57) -> 459 | D58: =SUM(D10:D57) -> 176 | E58: =SUM(E10:E57) -> 122 | F58: =SUM(F10:F57) -> 247 | G58: =SUM(G10:G57) -> 6 | H58: =SUM(H10:H57) -> 63 | I58: =SUM(I10:I57) -> 79 | J58: =SUM(J10:J57) -> 76 | ... P58: =SUM(P10:P57) -> 2465
B59: %ges + MCs | C59: =C58/$P$58 -> 0.1862069 | D59: =D58/$P$58 -> 0.071399594 | E59: =E58/$P$58 -> 0.049492901 | F59: =F58/$P$58 -> 0.10020284 | G59: =G58/$P$58 -> 0.0024340771 | H59: =H58/$P$58 -> 0.025557809 | I59: =I58/$P$58 -> 0.032048682 | J59: =J58/$P$58 -> 0.030831643 | ... N59: =N58/$P$58 -> 0
B60: %ges w/o MCs | C60: =C58/$O$58 -> 0.35253456 | D60: =D58/$O$58 -> 0.13517665 | E60: =E58/$O$58 -> 0.093701997 | F60: =F58/$O$58 -> 0.18970814 | G60: =G58/$O$58 -> 0.0046082949 | H60: =H58/$O$58 -> 0.048387097 | I60: =I58/$O$58 -> 0.060675883 | J60: =J58/$O$58 -> 0.058371736 | ... L60: =L58/$O$58 -> 0.0046082949 | N60: =N58/$O$58 -> 0

Sheet 22.10 MASAKA-MBARARA
B1: Consultancy services for Preparation of Expressway Development Master Plan (EDMP) for Uganda
B2: MANUAL CLASSIFIED COUNT (MCC)
B3: ROAD NAME: | C3: ='23.10 MASAKA-MBARARA'!C3:G3 -> MASAKA-MBARARA
C5: Date | D5: 22.10.19 | F5: Location | G5: KINONI | J5: Surveyor | K5: NALWADDA
C6: Dir. From | D6: MASAKA | F6: Dir. To | G6: MBARARA | J6: Supervisor | K6: SANDRA
B8: Time / Veh Type | R8: SUMMARY TRAFFIC VOLUMES
C9: 1. Car | D9: 2. Station Wagon | E9: 3. Pickups | F9: 4. Minibus, matatu | G9: 5. Medium bus | H9: 6. Large Bus | I9: 7. Light Truck | J9: 8. Medium Truck | K9: 9. Heavy truck | L9: 10. Truck Trailer | M9: 11. Motor cycles | N9: 12. Tractors | O9: Total Excl M/Cycles | P9: Total All | R9: Time | S9: 1. Car | T9: 2. Station Wagon | U9: 3. Pickups | V9: 4. Minibus, matatu | W9: 5. Medium bus | X9: 6. Large Bus | Y9: 7. Light Truck | Z9: 8. Medium Truck | AA9: 9. Heavy truck | AB9: 10. Truck Trailer | AC9: 11. Motorcycles | AD9: 12. Tractors, Graders | AE9: Total Excl M/ Cycles | AF9: Total All
B10: 07.00 - 07.15 | C10: 2 | D10: 1 | E10: 0 | F10: 0 | G10: 1 | H10: 0 | I10: 0 | J10: 0 | K10: 0 | L10: 0 | M10: 15 | N10: 0 | O10: =SUM(C10:L10,N10) -> 4 | P10: =SUM(C10:N10) -> 19 | R10: 0700-0800 | S10: =SUM(C10:C13) -> 25 | T10: =SUM(D10:D13) -> 10 | U10: =SUM(E10:E13) -> 10 | V10: =SUM(F10:F13) -> 9 | W10: =SUM(G10:G13) -> 3 | X10: =SUM(H10:H13) -> 0 | Y10: =SUM(I10:I13) -> 5 | Z10: =SUM(J10:J13) -> 2 | ... AF10: =SUM(P10:P13) -> 137
B11: 07.15 - 07.30 | C11: 9 | D11: 3 | E11: 1 | F11: 7 | G11: 1 | H11: 0 | I11: 1 | J11: 0 | K11: 1 | L11: 0 | M11: 15 | N11: 0 | O11: =SUM(C11:L11,N11) -> 23 | P11: =SUM(C11:N11) -> 38 | R11: 0800-0900 | S11: =SUM(C14:C17) -> 25 | T11: =SUM(D14:D17) -> 20 | U11: =SUM(E14:E17) -> 8 | V11: =SUM(F14:F17) -> 19 | W11: =SUM(G14:G17) -> 0 | X11: =SUM(H14:H17) -> 1 | Y11: =SUM(I14:I17) -> 6 | Z11: =SUM(J14:J17) -> 1 | ... AF11: =SUM(P14:P17) -> 145
B12: 07.30 - 07.45 | C12: 6 | D12: 1 | E12: 2 | F12: 1 | G12: 0 | H12: 0 | I12: 1 | J12: 2 | K12: 3 | L12: 0 | M12: 16 | N12: 0 | O12: =SUM(C12:L12,N12) -> 16 | P12: =SUM(C12:N12) -> 32 | R12: 0900-1000 | S12: =SUM(C18:C21) -> 39 | T12: =SUM(D18:D21) -> 24 | U12: =SUM(E18:E21) -> 13 | V12: =SUM(F18:F21) -> 15 | W12: =SUM(G18:G21) -> 1 | X12: =SUM(H18:H21) -> 4 | Y12: =SUM(I18:I21) -> 8 | Z12: =SUM(J18:J21) -> 8 | ... AF12: =SUM(P18:P21) -> 188
B13: 07.45 - 08.00 | C13: 8 | D13: 5 | E13: 7 | F13: 1 | G13: 1 | H13: 0 | I13: 3 | J13: 0 | K13: 9 | L13: 0 | M13: 14 | N13: 0 | O13: =SUM(C13:L13,N13) -> 34 | P13: =SUM(C13:N13) -> 48 | R13: 1000-1100 | S13: =SUM(C22:C25) -> 29 | T13: =SUM(D22:D25) -> 21 | U13: =SUM(E22:E25) -> 12 | V13: =SUM(F22:F25) -> 20 | W13: =SUM(G22:G25) -> 1 | X13: =SUM(H22:H25) -> 5 | Y13: =SUM(I22:I25) -> 7 | Z13: =SUM(J22:J25) -> 5 | ... AF13: =SUM(P22:P25) -> 164
B14: 08.00 - 08.15 | C14: 5 | D14: 3 | E14: 0 | F14: 7 | G14: 0 | H14: 0 | I14: 2 | J14: 0 | K14: 0 | L14: 0 | M14: 10 | N14: 0 | O14: =SUM(C14:L14,N14) -> 17 | P14: =SUM(C14:N14) -> 27 | R14: 1100-1200 | S14: =SUM(C26:C29) -> 32 | T14: =SUM(D26:D29) -> 14 | U14: =SUM(E26:E29) -> 14 | V14: =SUM(F26:F29) -> 23 | W14: =SUM(G26:G29) -> 0 | X14: =SUM(H26:H29) -> 5 | Y14: =SUM(I26:I29) -> 3 | Z14: =SUM(J26:J29) -> 4 | ... AF14: =SUM(P26:P29) -> 167
B15: 08.15 - 08.30 | C15: 8 | D15: 11 | E15: 3 | F15: 4 | G15: 0 | H15: 1 | I15: 0 | J15: 0 | K15: 2 | L15: 0 | M15: 18 | N15: 0 | O15: =SUM(C15:L15,N15) -> 29 | P15: =SUM(C15:N15) -> 47 | R15: 1200-1300 | S15: =SUM(C30:C33) -> 45 | T15: =SUM(D30:D33) -> 14 | U15: =SUM(E30:E33) -> 14 | V15: =SUM(F30:F33) -> 26 | W15: =SUM(G30:G33) -> 2 | X15: =SUM(H30:H33) -> 5 | Y15: =SUM(I30:I33) -> 6 | Z15: =SUM(J30:J33) -> 5 | ... AF15: =SUM(P30:P33) -> 222
B16: 08.30 - 08.45 | C16: 7 | D16: 4 | E16: 3 | F16: 5 | G16: 0 | H16: 0 | I16: 1 | J16: 1 | K16: 4 | L16: 0 | M16: 14 | N16: 0 | O16: =SUM(C16:L16,N16) -> 25 | P16: =SUM(C16:N16) -> 39 | R16: 1300-1400 | S16: =SUM(C34:C37) -> 41 | T16: =SUM(D34:D37) -> 8 | U16: =SUM(E34:E37) -> 8 | V16: =SUM(F34:F37) -> 22 | W16: =SUM(G34:G37) -> 1 | X16: =SUM(H34:H37) -> 6 | Y16: =SUM(I34:I37) -> 16 | Z16: =SUM(J34:J37) -> 6 | ... AF16: =SUM(P34:P37) -> 190
B17: 08.45 - 9.00 | C17: 5 | D17: 2 | E17: 2 | F17: 3 | G17: 0 | H17: 0 | I17: 3 | J17: 0 | K17: 1 | L17: 0 | M17: 16 | N17: 0 | O17: =SUM(C17:L17,N17) -> 16 | P17: =SUM(C17:N17) -> 32 | R17: 1400-1500 | S17: =SUM(C38:C41) -> 30 | T17: =SUM(D38:D41) -> 10 | U17: =SUM(E38:E41) -> 5 | V17: =SUM(F38:F41) -> 10 | W17: =SUM(G38:G41) -> 0 | X17: =SUM(H38:H41) -> 8 | Y17: =SUM(I38:I41) -> 7 | Z17: =SUM(J38:J41) -> 9 | ... AF17: =SUM(P38:P41) -> 156
B18: 09.00 - 09.15 | C18: 12 | D18: 5 | E18: 0 | F18: 5 | G18: 1 | H18: 2 | I18: 3 | J18: 4 | K18: 2 | L18: 0 | M18: 21 | N18: 0 | O18: =SUM(C18:L18,N18) -> 34 | P18: =SUM(C18:N18) -> 55 | R18: 1500-1600 | S18: =SUM(C42:C45) -> 32 | T18: =SUM(D42:D45) -> 19 | U18: =SUM(E42:E45) -> 10 | V18: =SUM(F42:F45) -> 23 | W18: =SUM(G42:G45) -> 1 | X18: =SUM(H42:H45) -> 8 | Y18: =SUM(I42:I45) -> 13 | Z18: =SUM(J42:J45) -> 6 | ... AF18: =SUM(P42:P45) -> 190
B19: 09.15 - 09.30 | C19: 6 | D19: 4 | E19: 7 | F19: 5 | G19: 0 | H19: 1 | I19: 3 | J19: 3 | K19: 2 | L19: 0 | M19: 13 | N19: 0 | O19: =SUM(C19:L19,N19) -> 31 | P19: =SUM(C19:N19) -> 44 | R19: 1600-1700 | S19: =SUM(C46:C49) -> 38 | T19: =SUM(D46:D49) -> 19 | U19: =SUM(E46:E49) -> 11 | V19: =SUM(F46:F49) -> 20 | W19: =SUM(G46:G49) -> 0 | X19: =SUM(H46:H49) -> 5 | Y19: =SUM(I46:I49) -> 13 | Z19: =SUM(J46:J49) -> 10 | ... AF19: =SUM(P46:P49) -> 215
B20: 09.30 - 09.45 | C20: 14 | D20: 8 | E20: 2 | F20: 4 | G20: 0 | H20: 1 | I20: 2 | J20: 1 | K20: 3 | L20: 0 | M20: 22 | N20: 0 | O20: =SUM(C20:L20,N20) -> 35 | P20: =SUM(C20:N20) -> 57 | R20: 1700-1800 | S20: =SUM(C50:C53) -> 32 | T20: =SUM(D50:D53) -> 13 | U20: =SUM(E50:E53) -> 11 | V20: =SUM(F50:F53) -> 16 | W20: =SUM(G50:G53) -> 0 | X20: =SUM(H50:H53) -> 9 | Y20: =SUM(I50:I53) -> 12 | Z20: =SUM(J50:J53) -> 8 | ... AF20: =SUM(P50:P53) -> 186
B21: 09.45 - 10.00 | C21: 7 | D21: 7 | E21: 4 | F21: 1 | G21: 0 | H21: 0 | I21: 0 | J21: 0 | K21: 0 | L21: 0 | M21: 13 | N21: 0 | O21: =SUM(C21:L21,N21) -> 19 | P21: =SUM(C21:N21) -> 32 | R21: 1800-1900 | S21: =SUM(C54:C57) -> 25 | T21: =SUM(D54:D57) -> 5 | U21: =SUM(E54:E57) -> 11 | V21: =SUM(F54:F57) -> 16 | W21: =SUM(G54:G57) -> 3 | X21: =SUM(H54:H57) -> 3 | Y21: =SUM(I54:I57) -> 8 | Z21: =SUM(J54:J57) -> 9 | ... AF21: =SUM(P54:P57) -> 155
B22: 10.00 - 10.15 | C22: 10 | D22: 6 | E22: 6 | F22: 4 | G22: 1 | H22: 2 | I22: 4 | J22: 4 | K22: 1 | L22: 0 | M22: 19 | N22: 0 | O22: =SUM(C22:L22,N22) -> 38 | P22: =SUM(C22:N22) -> 57 | R22: AM Peak Hr | S22: =MAX(S10:S12) -> 39 | T22: =MAX(T10:T12) -> 24 | U22: =MAX(U10:U12) -> 13 | V22: =MAX(V10:V12) -> 19 | W22: =MAX(W10:W12) -> 3 | X22: =MAX(X10:X12) -> 4 | Y22: =MAX(Y10:Y12) -> 8 | Z22: =MAX(Z10:Z12) -> 8 | ... AF22: =MAX(AF10:AF12) -> 188
B23: 10.15 - 10.30 | C23: 3 | D23: 7 | E23: 3 | F23: 6 | G23: 0 | H23: 1 | I23: 1 | J23: 0 | K23: 1 | L23: 0 | M23: 15 | N23: 0 | O23: =SUM(C23:L23,N23) -> 22 | P23: =SUM(C23:N23) -> 37 | R23: IP Peak Hr | S23: =MAX(S13:S18) -> 45 | T23: =MAX(T13:T18) -> 21 | U23: =MAX(U13:U18) -> 14 | V23: =MAX(V13:V18) -> 26 | W23: =MAX(W13:W18) -> 2 | X23: =MAX(X13:X18) -> 8 | Y23: =MAX(Y13:Y18) -> 16 | Z23: =MAX(Z13:Z18) -> 9 | ... AF23: =MAX(AF13:AF18) -> 222
B24: 10.30 - 10.45 | C24: 3 | D24: 7 | E24: 3 | F24: 6 | G24: 0 | H24: 1 | I24: 1 | J24: 0 | K24: 1 | L24: 0 | M24: 15 | N24: 0 | O24: =SUM(C24:L24,N24) -> 22 | P24: =SUM(C24:N24) -> 37 | R24: PM Peak Hr | S24: =MAX(S19:S21) -> 38 | T24: =MAX(T19:T21) -> 19 | U24: =MAX(U19:U21) -> 11 | V24: =MAX(V19:V21) -> 20 | W24: =MAX(W19:W21) -> 3 | X24: =MAX(X19:X21) -> 9 | Y24: =MAX(Y19:Y21) -> 13 | Z24: =MAX(Z19:Z21) -> 10 | ... AF24: =MAX(AF19:AF21) -> 215
B25: 10.45 - 11.00 | C25: 13 | D25: 1 | E25: 0 | F25: 4 | G25: 0 | H25: 1 | I25: 1 | J25: 1 | K25: 1 | L25: 0 | M25: 11 | N25: 0 | O25: =SUM(C25:L25,N25) -> 22 | P25: =SUM(C25:N25) -> 33 | R25: AM Period | S25: =SUM(S10:S12) -> 89 | T25: =SUM(T10:T12) -> 54 | U25: =SUM(U10:U12) -> 31 | V25: =SUM(V10:V12) -> 43 | W25: =SUM(W10:W12) -> 4 | X25: =SUM(X10:X12) -> 5 | Y25: =SUM(Y10:Y12) -> 19 | Z25: =SUM(Z10:Z12) -> 11 | ... AF25: =SUM(AF10:AF12) -> 470
B26: 11.00 - 11.15 | C26: 7 | D26: 3 | E26: 3 | F26: 5 | G26: 0 | H26: 2 | I26: 0 | J26: 1 | K26: 2 | L26: 0 | M26: 16 | N26: 0 | O26: =SUM(C26:L26,N26) -> 23 | P26: =SUM(C26:N26) -> 39 | R26: IP Period | S26: =SUM(S13:S18) -> 209 | T26: =SUM(T13:T18) -> 86 | U26: =SUM(U13:U18) -> 63 | V26: =SUM(V13:V18) -> 124 | W26: =SUM(W13:W18) -> 5 | X26: =SUM(X13:X18) -> 37 | Y26: =SUM(Y13:Y18) -> 52 | Z26: =SUM(Z13:Z18) -> 35 | ... AF26: =SUM(AF13:AF18) -> 1089
B27: 11.15 - 11.30 | C27: 8 | D27: 2 | E27: 4 | F27: 5 | G27: 0 | H27: 0 | I27: 1 | J27: 1 | K27: 1 | L27: 0 | M27: 17 | N27: 0 | O27: =SUM(C27:L27,N27) -> 22 | P27: =SUM(C27:N27) -> 39 | R27: PM Period | S27: =SUM(S19:S21) -> 95 | T27: =SUM(T19:T21) -> 37 | U27: =SUM(U19:U21) -> 33 | V27: =SUM(V19:V21) -> 52 | W27: =SUM(W19:W21) -> 3 | X27: =SUM(X19:X21) -> 17 | Y27: =SUM(Y19:Y21) -> 33 | Z27: =SUM(Z19:Z21) -> 27 | ... AF27: =SUM(AF19:AF21) -> 556
B28: 11.30 - 11.45 | C28: 9 | D28: 5 | E28: 6 | F28: 4 | G28: 0 | H28: 2 | I28: 0 | J28: 1 | K28: 2 | L28: 0 | M28: 19 | N28: 0 | O28: =SUM(C28:L28,N28) -> 29 | P28: =SUM(C28:N28) -> 48 | R28: 12 Hours | S28: =SUM(S10:S21) -> 393 | T28: =SUM(T10:T21) -> 177 | U28: =SUM(U10:U21) -> 127 | V28: =SUM(V10:V21) -> 219 | W28: =SUM(W10:W21) -> 12 | X28: =SUM(X10:X21) -> 59 | Y28: =SUM(Y10:Y21) -> 104 | Z28: =SUM(Z10:Z21) -> 73 | ... AF28: =SUM(AF10:AF21) -> 2115
B29: 11.45 - 12.00 | C29: 8 | D29: 4 | E29: 1 | F29: 9 | G29: 0 | H29: 1 | I29: 2 | J29: 1 | K29: 3 | L29: 0 | M29: 12 | N29: 0 | O29: =SUM(C29:L29,N29) -> 29 | P29: =SUM(C29:N29) -> 41
B30: 12.00 - 12.15 | C30: 12 | D30: 1 | E30: 4 | F30: 4 | G30: 0 | H30: 3 | I30: 2 | J30: 0 | K30: 0 | L30: 0 | M30: 28 | N30: 0 | O30: =SUM(C30:L30,N30) -> 26 | P30: =SUM(C30:N30) -> 54
B31: 12.15 - 12.30 | C31: 15 | D31: 9 | E31: 4 | F31: 7 | G31: 0 | H31: 0 | I31: 4 | J31: 1 | K31: 4 | L31: 1 | M31: 20 | N31: 0 | O31: =SUM(C31:L31,N31) -> 45 | P31: =SUM(C31:N31) -> 65
B32: 12.30 - 12.45 | C32: 14 | D32: 3 | E32: 3 | F32: 9 | G32: 0 | H32: 0 | I32: 0 | J32: 3 | K32: 2 | L32: 0 | M32: 27 | N32: 0 | O32: =SUM(C32:L32,N32) -> 34 | P32: =SUM(C32:N32) -> 61
B33: 12.45 - 13.00 | C33: 4 | D33: 1 | E33: 3 | F33: 6 | G33: 2 | H33: 2 | I33: 0 | J33: 1 | K33: 0 | L33: 0 | M33: 23 | N33: 0 | O33: =SUM(C33:L33,N33) -> 19 | P33: =SUM(C33:N33) -> 42
B34: 13.00 - 13.15 | C34: 17 | D34: 0 | E34: 2 | F34: 8 | G34: 1 | H34: 2 | I34: 4 | J34: 4 | K34: 2 | L34: 0 | M34: 23 | N34: 0 | O34: =SUM(C34:L34,N34) -> 40 | P34: =SUM(C34:N34) -> 63
B35: 13.15 - 13.30 | C35: 6 | D35: 3 | E35: 2 | F35: 4 | G35: 0 | H35: 2 | I35: 7 | J35: 0 | K35: 1 | L35: 0 | M35: 10 | N35: 0 | O35: =SUM(C35:L35,N35) -> 25 | P35: =SUM(C35:N35) -> 35
B36: 13.30 - 13.45 | C36: 7 | D36: 4 | E36: 4 | F36: 5 | G36: 0 | H36: 1 | I36: 1 | J36: 2 | K36: 5 | L36: 0 | M36: 22 | N36: 0 | O36: =SUM(C36:L36,N36) -> 29 | P36: =SUM(C36:N36) -> 51
B37: 13.45 - 14.00 | C37: 11 | D37: 1 | E37: 0 | F37: 5 | G37: 0 | H37: 1 | I37: 4 | J37: 0 | K37: 2 | L37: 0 | M37: 17 | N37: 0 | O37: =SUM(C37:L37,N37) -> 24 | P37: =SUM(C37:N37) -> 41
B38: 14.00 - 14.15 | C38: 7 | D38: 3 | E38: 2 | F38: 0 | G38: 0 | H38: 1 | I38: 0 | J38: 4 | K38: 0 | L38: 0 | M38: 15 | N38: 0 | O38: =SUM(C38:L38,N38) -> 17 | P38: =SUM(C38:N38) -> 32
B39: 14.15 - 14.30 | C39: 3 | D39: 3 | E39: 0 | F39: 6 | G39: 0 | H39: 3 | I39: 3 | J39: 2 | K39: 0 | L39: 0 | M39: 24 | N39: 0 | O39: =SUM(C39:L39,N39) -> 20 | P39: =SUM(C39:N39) -> 44
B40: 14.30 - 14.45 | C40: 11 | D40: 2 | E40: 3 | F40: 4 | G40: 0 | H40: 2 | I40: 2 | J40: 2 | K40: 2 | L40: 0 | M40: 22 | N40: 0 | O40: =SUM(C40:L40,N40) -> 28 | P40: =SUM(C40:N40) -> 50
... B57: 18.45 - 19.00 | C57: 5 | D57: 0 | E57: 3 | F57: 1 | G57: 1 | H57: 1 | I57: 5 | J57: 1 | K57: 4 | L57: 0 | M57: 12 | N57: 0 | O57: =SUM(C57:L57,N57) -> 21 | P57: =SUM(C57:N57) -> 33
B58: Totals | C58: =SUM(C10:C57) -> 393 | D58: =SUM(D10:D57) -> 177 | E58: =SUM(E10:E57) -> 127 | F58: =SUM(F10:F57) -> 219 | G58: =SUM(G10:G57) -> 12 | H58: =SUM(H10:H57) -> 59 | I58: =SUM(I10:I57) -> 104 | J58: =SUM(J10:J57) -> 73 | ... P58: =SUM(P10:P57) -> 2115
B59: %ges + MCs | C59: =C58/$P$58 -> 0.1858156 | D59: =D58/$P$58 -> 0.083687943 | E59: =E58/$P$58 -> 0.060047281 | F59: =F58/$P$58 -> 0.1035461 | G59: =G58/$P$58 -> 0.0056737589 | H59: =H58/$P$58 -> 0.027895981 | I59: =I58/$P$58 -> 0.049172577 | J59: =J58/$P$58 -> 0.034515366 | ... N59: =N58/$P$58 -> 0
B60: %ges w/o MCs | C60: =C58/$O$58 -> 0.30775255 | D60: =D58/$O$58 -> 0.13860611 | E60: =E58/$O$58 -> 0.09945184 | F60: =F58/$O$58 -> 0.17149569 | G60: =G58/$O$58 -> 0.0093970243 | H60: =H58/$O$58 -> 0.046202036 | I60: =I58/$O$58 -> 0.081440877 | J60: =J58/$O$58 -> 0.057165231 | ... L60: =L58/$O$58 -> 0.0062646829 | N60: =N58/$O$58 -> 0

Sheet 22.10 MBARARA-MASAKA
B1: Consultancy services for Preparation of Expressway Development Master Plan (EDMP) for Uganda
B2: MANUAL CLASSIFIED COUNT (MCC)
B3: ROAD NAME: | C3: ='23.10 MASAKA-MBARARA'!C3:G3 -> MASAKA-MBARARA
C5: Date | D5: 22.10.19 | F5: Location | G5: KINONI | J5: Surveyor | K5: SANDRA MUKISA
C6: Dir. From | D6: MBARARA | F6: Dir. To | G6: MASAKA | J6: Supervisor | K6: SANDRA
B8: Time / Veh Type | R8: SUMMARY TRAFFIC VOLUMES
C9: 1. Car | D9: 2. Station Wagon | E9: 3. Pickups | F9: 4. Minibus, matatu | G9: 5. Medium bus | H9: 6. Large Bus | I9: 7. Light Truck | J9: 8. Medium Truck | K9: 9. Heavy truck | L9: 10. Truck Trailer | M9: 11. Motor cycles | N9: 12. Tractors | O9: Total Excl M/Cycles | P9: Total All | R9: Time | S9: 1. Car | T9: 2. Station Wagon | U9: 3. Pickups | V9: 4. Minibus, matatu | W9: 5. Medium bus | X9: 6. Large Bus | Y9: 7. Light Truck | Z9: 8. Medium Truck | AA9: 9. Heavy truck | AB9: 10. Truck Trailer | AC9: 11. Motorcycles | AD9: 12. Tractors, Graders | AE9: Total Excl M/ Cycles | AF9: Total All
B10: 07.00 - 07.15 | C10: 2 | D10: 2 | E10: 0 | F10: 0 | G10: 0 | H10: 0 | I10: 0 | J10: 1 | K10: 0 | L10: 0 | M10: 17 | N10: 0 | O10: =SUM(C10:L10,N10) -> 5 | P10: =SUM(C10:N10) -> 22 | R10: 0700-0800 | S10: =SUM(C10:C13) -> 19 | T10: =SUM(D10:D13) -> 3 | U10: =SUM(E10:E13) -> 4 | V10: =SUM(F10:F13) -> 12 | W10: =SUM(G10:G13) -> 0 | X10: =SUM(H10:H13) -> 1 | Y10: =SUM(I10:I13) -> 3 | Z10: =SUM(J10:J13) -> 4 | ... AF10: =SUM(P10:P13) -> 133
B11: 07.15 - 07.30 | C11: 5 | D11: 0 | E11: 0 | F11: 7 | G11: 0 | H11: 1 | I11: 0 | J11: 1 | K11: 1 | L11: 0 | M11: 28 | N11: 0 | O11: =SUM(C11:L11,N11) -> 15 | P11: =SUM(C11:N11) -> 43 | R11: 0800-0900 | S11: =SUM(C14:C17) -> 14 | T11: =SUM(D14:D17) -> 10 | U11: =SUM(E14:E17) -> 9 | V11: =SUM(F14:F17) -> 14 | W11: =SUM(G14:G17) -> 0 | X11: =SUM(H14:H17) -> 2 | Y11: =SUM(I14:I17) -> 2 | Z11: =SUM(J14:J17) -> 6 | ... AF11: =SUM(P14:P17) -> 144
B12: 07.30 - 07.45 | C12: 4 | D12: 0 | E12: 2 | F12: 2 | G12: 0 | H12: 0 | I12: 2 | J12: 2 | K12: 1 | L12: 0 | M12: 27 | N12: 0 | O12: =SUM(C12:L12,N12) -> 13 | P12: =SUM(C12:N12) -> 40 | R12: 0900-1000 | S12: =SUM(C18:C21) -> 26 | T12: =SUM(D18:D21) -> 10 | U12: =SUM(E18:E21) -> 8 | V12: =SUM(F18:F21) -> 22 | W12: =SUM(G18:G21) -> 0 | X12: =SUM(H18:H21) -> 3 | Y12: =SUM(I18:I21) -> 2 | Z12: =SUM(J18:J21) -> 1 | ... AF12: =SUM(P18:P21) -> 135
B13: 07.45 - 08.00 | C13: 8 | D13: 1 | E13: 2 | F13: 3 | G13: 0 | H13: 0 | I13: 1 | J13: 0 | K13: 4 | L13: 0 | M13: 9 | N13: 0 | O13: =SUM(C13:L13,N13) -> 19 | P13: =SUM(C13:N13) -> 28 | R13: 1000-1100 | S13: =SUM(C22:C25) -> 17 | T13: =SUM(D22:D25) -> 11 | U13: =SUM(E22:E25) -> 3 | V13: =SUM(F22:F25) -> 20 | W13: =SUM(G22:G25) -> 1 | X13: =SUM(H22:H25) -> 4 | Y13: =SUM(I22:I25) -> 7 | Z13: =SUM(J22:J25) -> 1 | ... AF13: =SUM(P22:P25) -> 116
B14: 08.00 - 08.15 | C14: 5 | D14: 7 | E14: 3 | F14: 2 | G14: 0 | H14: 0 | I14: 0 | J14: 0 | K14: 2 | L14: 0 | M14: 24 | N14: 0 | O14: =SUM(C14:L14,N14) -> 19 | P14: =SUM(C14:N14) -> 43 | R14: 1100-1200 | S14: =SUM(C26:C29) -> 28 | T14: =SUM(D26:D29) -> 24 | U14: =SUM(E26:E29) -> 18 | V14: =SUM(F26:F29) -> 18 | W14: =SUM(G26:G29) -> 0 | X14: =SUM(H26:H29) -> 7 | Y14: =SUM(I26:I29) -> 7 | Z14: =SUM(J26:J29) -> 9 | ... AF14: =SUM(P26:P29) -> 194
B15: 08.15 - 08.30 | C15: 0 | D15: 1 | E15: 1 | F15: 3 | G15: 0 | H15: 1 | I15: 0 | J15: 4 | K15: 4 | L15: 0 | M15: 22 | N15: 0 | O15: =SUM(C15:L15,N15) -> 14 | P15: =SUM(C15:N15) -> 36 | R15: 1200-1300 | S15: =SUM(C30:C33) -> 33 | T15: =SUM(D30:D33) -> 19 | U15: =SUM(E30:E33) -> 10 | V15: =SUM(F30:F33) -> 20 | W15: =SUM(G30:G33) -> 2 | X15: =SUM(H30:H33) -> 7 | Y15: =SUM(I30:I33) -> 7 | Z15: =SUM(J30:J33) -> 3 | ... AF15: =SUM(P30:P33) -> 187
B16: 08.30 - 08.45 | C16: 5 | D16: 1 | E16: 5 | F16: 6 | G16: 0 | H16: 0 | I16: 0 | J16: 2 | K16: 1 | L16: 0 | M16: 22 | N16: 0 | O16: =SUM(C16:L16,N16) -> 20 | P16: =SUM(C16:N16) -> 42 | R16: 1300-1400 | S16: =SUM(C34:C37) -> 31 | T16: =SUM(D34:D37) -> 15 | U16: =SUM(E34:E37) -> 13 | V16: =SUM(F34:F37) -> 17 | W16: =SUM(G34:G37) -> 1 | X16: =SUM(H34:H37) -> 6 | Y16: =SUM(I34:I37) -> 7 | Z16: =SUM(J34:J37) -> 3 | ... AF16: =SUM(P34:P37) -> 165
B17: 08.45 - 9.00 | C17: 4 | D17: 1 | E17: 0 | F17: 3 | G17: 0 | H17: 1 | I17: 2 | J17: 0 | K17: 2 | L17: 0 | M17: 10 | N17: 0 | O17: =SUM(C17:L17,N17) -> 13 | P17: =SUM(C17:N17) -> 23 | R17: 1400-1500 | S17: =SUM(C38:C41) -> 20 | T17: =SUM(D38:D41) -> 23 | U17: =SUM(E38:E41) -> 10 | V17: =SUM(F38:F41) -> 14 | W17: =SUM(G38:G41) -> 1 | X17: =SUM(H38:H41) -> 4 | Y17: =SUM(I38:I41) -> 7 | Z17: =SUM(J38:J41) -> 7 | ... AF17: =SUM(P38:P41) -> 161
B18: 09.00 - 09.15 | C18: 9 | D18: 4 | E18: 2 | F18: 5 | G18: 0 | H18: 1 | I18: 0 | J18: 0 | K18: 3 | L18: 0 | M18: 18 | N18: 0 | O18: =SUM(C18:L18,N18) -> 24 | P18: =SUM(C18:N18) -> 42 | R18: 1500-1600 | S18: =SUM(C42:C45) -> 19 | T18: =SUM(D42:D45) -> 14 | U18: =SUM(E42:E45) -> 8 | V18: =SUM(F42:F45) -> 12 | W18: =SUM(G42:G45) -> 5 | X18: =SUM(H42:H45) -> 5 | Y18: =SUM(I42:I45) -> 10 | Z18: =SUM(J42:J45) -> 6 | ... AF18: =SUM(P42:P45) -> 151
B19: 09.15 - 09.30 | C19: 3 | D19: 3 | E19: 1 | F19: 5 | G19: 0 | H19: 1 | I19: 1 | J19: 1 | K19: 0 | L19: 0 | M19: 17 | N19: 0 | O19: =SUM(C19:L19,N19) -> 15 | P19: =SUM(C19:N19) -> 32 | R19: 1600-1700 | S19: =SUM(C46:C49) -> 30 | T19: =SUM(D46:D49) -> 26 | U19: =SUM(E46:E49) -> 11 | V19: =SUM(F46:F49) -> 20 | W19: =SUM(G46:G49) -> 0 | X19: =SUM(H46:H49) -> 8 | Y19: =SUM(I46:I49) -> 12 | Z19: =SUM(J46:J49) -> 10 | ... AF19: =SUM(P46:P49) -> 212
B20: 09.30 - 09.45 | C20: 12 | D20: 2 | E20: 3 | F20: 7 | G20: 0 | H20: 1 | I20: 1 | J20: 0 | K20: 1 | L20: 0 | M20: 13 | N20: 0 | O20: =SUM(C20:L20,N20) -> 27 | P20: =SUM(C20:N20) -> 40 | R20: 1700-1800 | S20: =SUM(C50:C53) -> 49 | T20: =SUM(D50:D53) -> 49 | U20: =SUM(E50:E53) -> 19 | V20: =SUM(F50:F53) -> 24 | W20: =SUM(G50:G53) -> 4 | X20: =SUM(H50:H53) -> 8 | Y20: =SUM(I50:I53) -> 7 | Z20: =SUM(J50:J53) -> 17 | ... AF20: =SUM(P50:P53) -> 290
B21: 09.45 - 10.00 | C21: 2 | D21: 1 | E21: 2 | F21: 5 | G21: 0 | H21: 0 | I21: 0 | J21: 0 | K21: 0 | L21: 0 | M21: 11 | N21: 0 | O21: =SUM(C21:L21,N21) -> 10 | P21: =SUM(C21:N21) -> 21 | R21: 1800-1900 | S21: =SUM(C54:C57) -> 56 | T21: =SUM(D54:D57) -> 19 | U21: =SUM(E54:E57) -> 18 | V21: =SUM(F54:F57) -> 28 | W21: =SUM(G54:G57) -> 0 | X21: =SUM(H54:H57) -> 4 | Y21: =SUM(I54:I57) -> 9 | Z21: =SUM(J54:J57) -> 8 | ... AF21: =SUM(P54:P57) -> 238
B22: 10.00 - 10.15 | C22: 5 | D22: 3 | E22: 1 | F22: 3 | G22: 0 | H22: 1 | I22: 1 | J22: 0 | K22: 2 | L22: 0 | M22: 23 | N22: 0 | O22: =SUM(C22:L22,N22) -> 16 | P22: =SUM(C22:N22) -> 39 | R22: AM Peak Hr | S22: =MAX(S10:S12) -> 26 | T22: =MAX(T10:T12) -> 10 | U22: =MAX(U10:U12) -> 9 | V22: =MAX(V10:V12) -> 22 | W22: =MAX(W10:W12) -> 0 | X22: =MAX(X10:X12) -> 3 | Y22: =MAX(Y10:Y12) -> 3 | Z22: =MAX(Z10:Z12) -> 6 | ... AF22: =MAX(AF10:AF12) -> 144
B23: 10.15 - 10.30 | C23: 6 | D23: 2 | E23: 1 | F23: 4 | G23: 0 | H23: 1 | I23: 2 | J23: 1 | K23: 2 | L23: 0 | M23: 8 | N23: 0 | O23: =SUM(C23:L23,N23) -> 19 | P23: =SUM(C23:N23) -> 27 | R23: IP Peak Hr | S23: =MAX(S13:S18) -> 33 | T23: =MAX(T13:T18) -> 24 | U23: =MAX(U13:U18) -> 18 | V23: =MAX(V13:V18) -> 20 | W23: =MAX(W13:W18) -> 5 | X23: =MAX(X13:X18) -> 7 | Y23: =MAX(Y13:Y18) -> 10 | Z23: =MAX(Z13:Z18) -> 9 | ... AF23: =MAX(AF13:AF18) -> 194
B24: 10.30 - 10.45 | C24: 6 | D24: 5 | E24: 0 | F24: 11 | G24: 1 | H24: 2 | I24: 2 | J24: 0 | K24: 2 | L24: 0 | M24: 10 | N24: 0 | O24: =SUM(C24:L24,N24) -> 29 | P24: =SUM(C24:N24) -> 39 | R24: PM Peak Hr | S24: =MAX(S19:S21) -> 56 | T24: =MAX(T19:T21) -> 49 | U24: =MAX(U19:U21) -> 19 | V24: =MAX(V19:V21) -> 28 | W24: =MAX(W19:W21) -> 4 | X24: =MAX(X19:X21) -> 8 | Y24: =MAX(Y19:Y21) -> 12 | Z24: =MAX(Z19:Z21) -> 17 | ... AF24: =MAX(AF19:AF21) -> 290
B25: 10.45 - 11.00 | C25: 0 | D25: 1 | E25: 1 | F25: 2 | G25: 0 | H25: 0 | I25: 2 | J25: 0 | K25: 0 | L25: 0 | M25: 5 | N25: 0 | O25: =SUM(C25:L25,N25) -> 6 | P25: =SUM(C25:N25) -> 11 | R25: AM Period | S25: =SUM(S10:S12) -> 59 | T25: =SUM(T10:T12) -> 23 | U25: =SUM(U10:U12) -> 21 | V25: =SUM(V10:V12) -> 48 | W25: =SUM(W10:W12) -> 0 | X25: =SUM(X10:X12) -> 6 | Y25: =SUM(Y10:Y12) -> 7 | Z25: =SUM(Z10:Z12) -> 11 | ... AF25: =SUM(AF10:AF12) -> 412
B26: 11.00 - 11.15 | C26: 8 | D26: 7 | E26: 9 | F26: 4 | G26: 0 | H26: 1 | I26: 0 | J26: 1 | K26: 1 | L26: 0 | M26: 14 | N26: 0 | O26: =SUM(C26:L26,N26) -> 31 | P26: =SUM(C26:N26) -> 45 | R26: IP Period | S26: =SUM(S13:S18) -> 148 | T26: =SUM(T13:T18) -> 106 | U26: =SUM(U13:U18) -> 62 | V26: =SUM(V13:V18) -> 101 | W26: =SUM(W13:W18) -> 10 | X26: =SUM(X13:X18) -> 33 | Y26: =SUM(Y13:Y18) -> 45 | Z26: =SUM(Z13:Z18) -> 29 | ... AF26: =SUM(AF13:AF18) -> 974
B27: 11.15 - 11.30 | C27: 6 | D27: 3 | E27: 1 | F27: 5 | G27: 0 | H27: 1 | I27: 2 | J27: 1 | K27: 2 | L27: 0 | M27: 23 | N27: 0 | O27: =SUM(C27:L27,N27) -> 21 | P27: =SUM(C27:N27) -> 44 | R27: PM Period | S27: =SUM(S19:S21) -> 135 | T27: =SUM(T19:T21) -> 94 | U27: =SUM(U19:U21) -> 48 | V27: =SUM(V19:V21) -> 72 | W27: =SUM(W19:W21) -> 4 | X27: =SUM(X19:X21) -> 20 | Y27: =SUM(Y19:Y21) -> 28 | Z27: =SUM(Z19:Z21) -> 35 | ... AF27: =SUM(AF19:AF21) -> 740
B28: 11.30 - 11.45 | C28: 9 | D28: 6 | E28: 3 | F28: 4 | G28: 0 | H28: 3 | I28: 2 | J28: 3 | K28: 1 | L28: 0 | M28: 26 | N28: 0 | O28: =SUM(C28:L28,N28) -> 31 | P28: =SUM(C28:N28) -> 57 | R28: 12 Hours | S28: =SUM(S10:S21) -> 342 | T28: =SUM(T10:T21) -> 223 | U28: =SUM(U10:U21) -> 131 | V28: =SUM(V10:V21) -> 221 | W28: =SUM(W10:W21) -> 14 | X28: =SUM(X10:X21) -> 59 | Y28: =SUM(Y10:Y21) -> 80 | Z28: =SUM(Z10:Z21) -> 75 | ... AF28: =SUM(AF10:AF21) -> 2126
B29: 11.45 - 12.00 | C29: 5 | D29: 8 | E29: 5 | F29: 5 | G29: 0 | H29: 2 | I29: 3 | J29: 4 | K29: 0 | L29: 0 | M29: 16 | N29: 0 | O29: =SUM(C29:L29,N29) -> 32 | P29: =SUM(C29:N29) -> 48
B30: 12.00 - 12.15 | C30: 6 | D30: 3 | E30: 5 | F30: 8 | G30: 1 | H30: 1 | I30: 3 | J30: 1 | K30: 2 | L30: 0 | M30: 21 | N30: 0 | O30: =SUM(C30:L30,N30) -> 30 | P30: =SUM(C30:N30) -> 51
B31: 12.15 - 12.30 | C31: 6 | D31: 4 | E31: 2 | F31: 7 | G31: 0 | H31: 2 | I31: 2 | J31: 2 | K31: 1 | L31: 0 | M31: 18 | N31: 0 | O31: =SUM(C31:L31,N31) -> 26 | P31: =SUM(C31:N31) -> 44
B32: 12.30 - 12.45 | C32: 15 | D32: 5 | E32: 3 | F32: 3 | G32: 1 | H32: 2 | I32: 1 | J32: 0 | K32: 2 | L32: 0 | M32: 20 | N32: 0 | O32: =SUM(C32:L32,N32) -> 32 | P32: =SUM(C32:N32) -> 52
B33: 12.45 - 13.00 | C33: 6 | D33: 7 | E33: 0 | F33: 2 | G33: 0 | H33: 2 | I33: 1 | J33: 0 | K33: 0 | L33: 0 | M33: 22 | N33: 0 | O33: =SUM(C33:L33,N33) -> 18 | P33: =SUM(C33:N33) -> 40
B34: 13.00 - 13.15 | C34: 15 | D34: 3 | E34: 2 | F34: 3 | G34: 0 | H34: 3 | I34: 3 | J34: 0 | K34: 3 | L34: 0 | M34: 22 | N34: 0 | O34: =SUM(C34:L34,N34) -> 32 | P34: =SUM(C34:N34) -> 54
B35: 13.15 - 13.30 | C35: 5 | D35: 2 | E35: 4 | F35: 3 | G35: 0 | H35: 0 | I35: 1 | J35: 0 | K35: 1 | L35: 0 | M35: 17 | N35: 0 | O35: =SUM(C35:L35,N35) -> 16 | P35: =SUM(C35:N35) -> 33
B36: 13.30 - 13.45 | C36: 10 | D36: 6 | E36: 5 | F36: 7 | G36: 0 | H36: 1 | I36: 1 | J36: 3 | K36: 2 | L36: 0 | M36: 10 | N36: 0 | O36: =SUM(C36:L36,N36) -> 35 | P36: =SUM(C36:N36) -> 45
B37: 13.45 - 14.00 | C37: 1 | D37: 4 | E37: 2 | F37: 4 | G37: 1 | H37: 2 | I37: 2 | J37: 0 | K37: 2 | L37: 0 | M37: 15 | N37: 0 | O37: =SUM(C37:L37,N37) -> 18 | P37: =SUM(C37:N37) -> 33
B38: 14.00 - 14.15 | C38: 5 | D38: 10 | E38: 3 | F38: 4 | G38: 0 | H38: 0 | I38: 1 | J38: 1 | K38: 1 | L38: 0 | M38: 23 | N38: 0 | O38: =SUM(C38:L38,N38) -> 25 | P38: =SUM(C38:N38) -> 48
B39: 14.15 - 14.30 | C39: 6 | D39: 9 | E39: 1 | F39: 3 | G39: 0 | H39: 2 | I39: 2 | J39: 4 | K39: 5 | L39: 2 | M39: 10 | N39: 0 | O39: =SUM(C39:L39,N39) -> 34 | P39: =SUM(C39:N39) -> 44
B40: 14.30 - 14.45 | C40: 8 | D40: 3 | E40: 3 | F40: 3 | G40: 1 | H40: 1 | I40: 2 | J40: 1 | K40: 1 | L40: 0 | M40: 19 | N40: 0 | O40: =SUM(C40:L40,N40) -> 23 | P40: =SUM(C40:N40) -> 42
... B57: 18.45 - 19.00 | C57: 13 | D57: 2 | E57: 4 | F57: 8 | G57: 0 | H57: 1 | I57: 1 | J57: 2 | K57: 3 | L57: 0 | M57: 18 | N57: 0 | O57: =SUM(C57:L57,N57) -> 34 | P57: =SUM(C57:N57) -> 52
B58: Totals | C58: =SUM(C10:C57) -> 342 | D58: =SUM(D10:D57) -> 223 | E58: =SUM(E10:E57) -> 131 | F58: =SUM(F10:F57) -> 221 | G58: =SUM(G10:G57) -> 14 | H58: =SUM(H10:H57) -> 59 | I58: =SUM(I10:I57) -> 80 | J58: =SUM(J10:J57) -> 75 | ... P58: =SUM(P10:P57) -> 2126
B59: %ges + MCs | C59: =C58/$P$58 -> 0.16086548 | D59: =D58/$P$58 -> 0.10489182 | E59: =E58/$P$58 -> 0.061618062 | F59: =F58/$P$58 -> 0.10395108 | G59: =G58/$P$58 -> 0.0065851364 | H59: =H58/$P$58 -> 0.027751646 | I59: =I58/$P$58 -> 0.037629351 | J59: =J58/$P$58 -> 0.035277516 | ... N59: =N58/$P$58 -> 0
B60: %ges w/o MCs | C60: =C58/$O$58 -> 0.27316294 | D60: =D58/$O$58 -> 0.17811502 | E60: =E58/$O$58 -> 0.10463259 | F60: =F58/$O$58 -> 0.17651757 | G60: =G58/$O$58 -> 0.011182109 | H60: =H58/$O$58 -> 0.047124601 | I60: =I58/$O$58 -> 0.063897764 | J60: =J58/$O$58 -> 0.059904153 | ... L60: =L58/$O$58 -> 0.0095846645 | N60: =N58/$O$58 -> 0

Sheet 23.10 MASAKA-MBARARA
B1: Consultancy services for Preparation of Expressway Development Master Plan (EDMP) for Uganda
B2: MANUAL CLASSIFIED COUNT (MCC)
B3: ROAD NAME: | C3: MASAKA-MBARARA
C5: Date | D5: ='23.10 MBARARA-MASAKA'!D5 -> 23.10.19 | F5: Location | G5: ='23.10 MBARARA-MASAKA'!G5:H5 -> KINONI | J5: Surveyor | K5: NALWADDA
C6: Dir. From | D6: MASAKA | F6: Dir. To | G6: MBARARA | J6: Supervisor | K6: ='23.10 MBARARA-MASAKA'!K6:L6 -> SANDRA
B8: Time / Veh Type | R8: SUMMARY TRAFFIC VOLUMES
C9: 1. Car | D9: 2. Station Wagon | E9: 3. Pickups | F9: 4. Minibus, matatu | G9: 5. Medium bus | H9: 6. Large Bus | I9: 7. Light Truck | J9: 8. Medium Truck | K9: 9. Heavy truck | L9: 10. Truck Trailer | M9: 11. Motor cycles | N9: 12. Tractors | O9: Total Excl M/Cycles | P9: Total All | R9: Time | S9: 1. Car | T9: 2. Station Wagon | U9: 3. Pickups | V9: 4. Minibus, matatu | W9: 5. Medium bus | X9: 6. Large Bus | Y9: 7. Light Truck | Z9: 8. Medium Truck | AA9: 9. Heavy truck | AB9: 10. Truck Trailer | AC9: 11. Motorcycles | AD9: 12. Tractors, Graders | AE9: Total Excl M/ Cycles | AF9: Total All
B10: 07.00 - 07.15 | C10: 7 | D10: 0 | E10: 1 | F10: 2 | G10: 0 | H10: 0 | I10: 2 | J10: 1 | K10: 1 | L10: 0 | M10: 18 | N10: 0 | O10: =SUM(C10:L10,N10) -> 14 | P10: =SUM(C10:N10) -> 32 | R10: 0700-0800 | S10: =SUM(C10:C13) -> 30 | T10: =SUM(D10:D13) -> 8 | U10: =SUM(E10:E13) -> 7 | V10: =SUM(F10:F13) -> 12 | W10: =SUM(G10:G13) -> 1 | X10: =SUM(H10:H13) -> 0 | Y10: =SUM(I10:I13) -> 5 | Z10: =SUM(J10:J13) -> 6 | ... AF10: =SUM(P10:P13) -> 146
B11: 07.15 - 07.30 | C11: 5 | D11: 4 | E11: 3 | F11: 2 | G11: 0 | H11: 0 | I11: 2 | J11: 1 | K11: 0 | L11: 0 | M11: 20 | N11: 0 | O11: =SUM(C11:L11,N11) -> 17 | P11: =SUM(C11:N11) -> 37 | R11: 0800-0900 | S11: =SUM(C14:C17) -> 20 | T11: =SUM(D14:D17) -> 11 | U11: =SUM(E14:E17) -> 7 | V11: =SUM(F14:F17) -> 11 | W11: =SUM(G14:G17) -> 0 | X11: =SUM(H14:H17) -> 1 | Y11: =SUM(I14:I17) -> 9 | Z11: =SUM(J14:J17) -> 4 | ... AF11: =SUM(P14:P17) -> 150
B12: 07.30 - 07.45 | C12: 11 | D12: 0 | E12: 2 | F12: 4 | G12: 1 | H12: 0 | I12: 1 | J12: 1 | K12: 5 | L12: 1 | M12: 13 | N12: 0 | O12: =SUM(C12:L12,N12) -> 26 | P12: =SUM(C12:N12) -> 39 | R12: 0900-1000 | S12: =SUM(C18:C21) -> 24 | T12: =SUM(D18:D21) -> 15 | U12: =SUM(E18:E21) -> 11 | V12: =SUM(F18:F21) -> 21 | W12: =SUM(G18:G21) -> 1 | X12: =SUM(H18:H21) -> 4 | Y12: =SUM(I18:I21) -> 8 | Z12: =SUM(J18:J21) -> 7 | ... AF12: =SUM(P18:P21) -> 156
B13: 07.45 - 08.00 | C13: 7 | D13: 4 | E13: 1 | F13: 4 | G13: 0 | H13: 0 | I13: 0 | J13: 3 | K13: 1 | L13: 0 | M13: 18 | N13: 0 | O13: =SUM(C13:L13,N13) -> 20 | P13: =SUM(C13:N13) -> 38 | R13: 1000-1100 | S13: =SUM(C22:C25) -> 29 | T13: =SUM(D22:D25) -> 11 | U13: =SUM(E22:E25) -> 10 | V13: =SUM(F22:F25) -> 16 | W13: =SUM(G22:G25) -> 0 | X13: =SUM(H22:H25) -> 5 | Y13: =SUM(I22:I25) -> 14 | Z13: =SUM(J22:J25) -> 9 | ... AF13: =SUM(P22:P25) -> 188
B14: 08.00 - 08.15 | C14: 7 | D14: 2 | E14: 3 | F14: 3 | G14: 0 | H14: 0 | I14: 3 | J14: 2 | K14: 2 | L14: 0 | M14: 29 | N14: 0 | O14: =SUM(C14:L14,N14) -> 22 | P14: =SUM(C14:N14) -> 51 | R14: 1100-1200 | S14: =SUM(C26:C29) -> 42 | T14: =SUM(D26:D29) -> 20 | U14: =SUM(E26:E29) -> 17 | V14: =SUM(F26:F29) -> 16 | W14: =SUM(G26:G29) -> 2 | X14: =SUM(H26:H29) -> 5 | Y14: =SUM(I26:I29) -> 5 | Z14: =SUM(J26:J29) -> 9 | ... AF14: =SUM(P26:P29) -> 192
B15: 08.15 - 08.30 | C15: 6 | D15: 2 | E15: 1 | F15: 1 | G15: 0 | H15: 1 | I15: 0 | J15: 0 | K15: 2 | L15: 0 | M15: 17 | N15: 0 | O15: =SUM(C15:L15,N15) -> 13 | P15: =SUM(C15:N15) -> 30 | R15: 1200-1300 | S15: =SUM(C30:C33) -> 36 | T15: =SUM(D30:D33) -> 9 | U15: =SUM(E30:E33) -> 9 | V15: =SUM(F30:F33) -> 22 | W15: =SUM(G30:G33) -> 0 | X15: =SUM(H30:H33) -> 4 | Y15: =SUM(I30:I33) -> 11 | Z15: =SUM(J30:J33) -> 0 | ... AF15: =SUM(P30:P33) -> 182
B16: 08.30 - 08.45 | C16: 5 | D16: 3 | E16: 2 | F16: 5 | G16: 0 | H16: 0 | I16: 5 | J16: 1 | K16: 2 | L16: 0 | M16: 17 | N16: 0 | O16: =SUM(C16:L16,N16) -> 23 | P16: =SUM(C16:N16) -> 40 | R16: 1300-1400 | S16: =SUM(C34:C37) -> 26 | T16: =SUM(D34:D37) -> 9 | U16: =SUM(E34:E37) -> 7 | V16: =SUM(F34:F37) -> 15 | W16: =SUM(G34:G37) -> 4 | X16: =SUM(H34:H37) -> 3 | Y16: =SUM(I34:I37) -> 7 | Z16: =SUM(J34:J37) -> 6 | ... AF16: =SUM(P34:P37) -> 145
B17: 08.45 - 9.00 | C17: 2 | D17: 4 | E17: 1 | F17: 2 | G17: 0 | H17: 0 | I17: 1 | J17: 1 | K17: 0 | L17: 0 | M17: 18 | N17: 0 | O17: =SUM(C17:L17,N17) -> 11 | P17: =SUM(C17:N17) -> 29 | R17: 1400-1500 | S17: =SUM(C38:C41) -> 34 | T17: =SUM(D38:D41) -> 9 | U17: =SUM(E38:E41) -> 9 | V17: =SUM(F38:F41) -> 20 | W17: =SUM(G38:G41) -> 1 | X17: =SUM(H38:H41) -> 6 | Y17: =SUM(I38:I41) -> 5 | Z17: =SUM(J38:J41) -> 9 | ... AF17: =SUM(P38:P41) -> 179
B18: 09.00 - 09.15 | C18: 5 | D18: 4 | E18: 2 | F18: 6 | G18: 1 | H18: 1 | I18: 0 | J18: 1 | K18: 1 | L18: 0 | M18: 17 | N18: 0 | O18: =SUM(C18:L18,N18) -> 21 | P18: =SUM(C18:N18) -> 38 | R18: 1500-1600 | S18: =SUM(C42:C45) -> 26 | T18: =SUM(D42:D45) -> 9 | U18: =SUM(E42:E45) -> 11 | V18: =SUM(F42:F45) -> 24 | W18: =SUM(G42:G45) -> 1 | X18: =SUM(H42:H45) -> 8 | Y18: =SUM(I42:I45) -> 4 | Z18: =SUM(J42:J45) -> 6 | ... AF18: =SUM(P42:P45) -> 169
B19: 09.15 - 09.30 | C19: 4 | D19: 6 | E19: 4 | F19: 7 | G19: 0 | H19: 2 | I19: 3 | J19: 1 | K19: 2 | L19: 0 | M19: 20 | N19: 0 | O19: =SUM(C19:L19,N19) -> 29 | P19: =SUM(C19:N19) -> 49 | R19: 1600-1700 | S19: =SUM(C46:C49) -> 34 | T19: =SUM(D46:D49) -> 9 | U19: =SUM(E46:E49) -> 4 | V19: =SUM(F46:F49) -> 11 | W19: =SUM(G46:G49) -> 2 | X19: =SUM(H46:H49) -> 6 | Y19: =SUM(I46:I49) -> 15 | Z19: =SUM(J46:J49) -> 12 | ... AF19: =SUM(P46:P49) -> 187
B20: 09.30 - 09.45 | C20: 10 | D20: 1 | E20: 4 | F20: 7 | G20: 0 | H20: 0 | I20: 1 | J20: 4 | K20: 1 | L20: 0 | M20: 16 | N20: 0 | O20: =SUM(C20:L20,N20) -> 28 | P20: =SUM(C20:N20) -> 44 | R20: 1700-1800 | S20: =SUM(C50:C53) -> 27 | T20: =SUM(D50:D53) -> 11 | U20: =SUM(E50:E53) -> 11 | V20: =SUM(F50:F53) -> 12 | W20: =SUM(G50:G53) -> 3 | X20: =SUM(H50:H53) -> 5 | Y20: =SUM(I50:I53) -> 9 | Z20: =SUM(J50:J53) -> 9 | ... AF20: =SUM(P50:P53) -> 172
B21: 09.45 - 10.00 | C21: 5 | D21: 4 | E21: 1 | F21: 1 | G21: 0 | H21: 1 | I21: 4 | J21: 1 | K21: 2 | L21: 0 | M21: 6 | N21: 0 | O21: =SUM(C21:L21,N21) -> 19 | P21: =SUM(C21:N21) -> 25 | R21: 1800-1900 | S21: =SUM(C54:C57) -> 25 | T21: =SUM(D54:D57) -> 13 | U21: =SUM(E54:E57) -> 5 | V21: =SUM(F54:F57) -> 17 | W21: =SUM(G54:G57) -> 0 | X21: =SUM(H54:H57) -> 7 | Y21: =SUM(I54:I57) -> 10 | Z21: =SUM(J54:J57) -> 14 | ... AF21: =SUM(P54:P57) -> 181
B22: 10.00 - 10.15 | C22: 1 | D22: 4 | E22: 0 | F22: 5 | G22: 0 | H22: 1 | I22: 3 | J22: 3 | K22: 3 | L22: 0 | M22: 17 | N22: 0 | O22: =SUM(C22:L22,N22) -> 20 | P22: =SUM(C22:N22) -> 37 | R22: AM Peak Hr | S22: =MAX(S10:S12) -> 30 | T22: =MAX(T10:T12) -> 15 | U22: =MAX(U10:U12) -> 11 | V22: =MAX(V10:V12) -> 21 | W22: =MAX(W10:W12) -> 1 | X22: =MAX(X10:X12) -> 4 | Y22: =MAX(Y10:Y12) -> 9 | Z22: =MAX(Z10:Z12) -> 7 | ... AF22: =MAX(AF10:AF12) -> 156
B23: 10.15 - 10.30 | C23: 11 | D23: 3 | E23: 1 | F23: 3 | G23: 0 | H23: 3 | I23: 4 | J23: 4 | K23: 5 | L23: 0 | M23: 30 | N23: 0 | O23: =SUM(C23:L23,N23) -> 34 | P23: =SUM(C23:N23) -> 64 | R23: IP Peak Hr | S23: =MAX(S13:S18) -> 42 | T23: =MAX(T13:T18) -> 20 | U23: =MAX(U13:U18) -> 17 | V23: =MAX(V13:V18) -> 24 | W23: =MAX(W13:W18) -> 4 | X23: =MAX(X13:X18) -> 8 | Y23: =MAX(Y13:Y18) -> 14 | Z23: =MAX(Z13:Z18) -> 9 | ... AF23: =MAX(AF13:AF18) -> 192
B24: 10.30 - 10.45 | C24: 6 | D24: 3 | E24: 3 | F24: 6 | G24: 0 | H24: 1 | I24: 5 | J24: 2 | K24: 0 | L24: 0 | M24: 19 | N24: 0 | O24: =SUM(C24:L24,N24) -> 26 | P24: =SUM(C24:N24) -> 45 | R24: PM Peak Hr | S24: =MAX(S19:S21) -> 34 | T24: =MAX(T19:T21) -> 13 | U24: =MAX(U19:U21) -> 11 | V24: =MAX(V19:V21) -> 17 | W24: =MAX(W19:W21) -> 3 | X24: =MAX(X19:X21) -> 7 | Y24: =MAX(Y19:Y21) -> 15 | Z24: =MAX(Z19:Z21) -> 14 | ... AF24: =MAX(AF19:AF21) -> 187
B25: 10.45 - 11.00 | C25: 11 | D25: 1 | E25: 6 | F25: 2 | G25: 0 | H25: 0 | I25: 2 | J25: 0 | K25: 0 | L25: 0 | M25: 20 | N25: 0 | O25: =SUM(C25:L25,N25) -> 22 | P25: =SUM(C25:N25) -> 42 | R25: AM Period | S25: =SUM(S10:S12) -> 74 | T25: =SUM(T10:T12) -> 34 | U25: =SUM(U10:U12) -> 25 | V25: =SUM(V10:V12) -> 44 | W25: =SUM(W10:W12) -> 2 | X25: =SUM(X10:X12) -> 5 | Y25: =SUM(Y10:Y12) -> 22 | Z25: =SUM(Z10:Z12) -> 17 | ... AF25: =SUM(AF10:AF12) -> 452
B26: 11.00 - 11.15 | C26: 14 | D26: 5 | E26: 3 | F26: 4 | G26: 0 | H26: 1 | I26: 0 | J26: 1 | K26: 3 | L26: 0 | M26: 16 | N26: 0 | O26: =SUM(C26:L26,N26) -> 31 | P26: =SUM(C26:N26) -> 47 | R26: IP Period | S26: =SUM(S13:S18) -> 193 | T26: =SUM(T13:T18) -> 67 | U26: =SUM(U13:U18) -> 63 | V26: =SUM(V13:V18) -> 113 | W26: =SUM(W13:W18) -> 8 | X26: =SUM(X13:X18) -> 31 | Y26: =SUM(Y13:Y18) -> 46 | Z26: =SUM(Z13:Z18) -> 39 | ... AF26: =SUM(AF13:AF18) -> 1055
B27: 11.15 - 11.30 | C27: 11 | D27: 4 | E27: 8 | F27: 3 | G27: 0 | H27: 0 | I27: 2 | J27: 3 | K27: 2 | L27: 0 | M27: 20 | N27: 0 | O27: =SUM(C27:L27,N27) -> 33 | P27: =SUM(C27:N27) -> 53 | R27: PM Period | S27: =SUM(S19:S21) -> 86 | T27: =SUM(T19:T21) -> 33 | U27: =SUM(U19:U21) -> 20 | V27: =SUM(V19:V21) -> 40 | W27: =SUM(W19:W21) -> 5 | X27: =SUM(X19:X21) -> 18 | Y27: =SUM(Y19:Y21) -> 34 | Z27: =SUM(Z19:Z21) -> 35 | ... AF27: =SUM(AF19:AF21) -> 540
B28: 11.30 - 11.45 | C28: 11 | D28: 6 | E28: 6 | F28: 7 | G28: 2 | H28: 1 | I28: 1 | J28: 4 | K28: 2 | L28: 0 | M28: 21 | N28: 0 | O28: =SUM(C28:L28,N28) -> 40 | P28: =SUM(C28:N28) -> 61 | R28: 12 Hours | S28: =SUM(S10:S21) -> 353 | T28: =SUM(T10:T21) -> 134 | U28: =SUM(U10:U21) -> 108 | V28: =SUM(V10:V21) -> 197 | W28: =SUM(W10:W21) -> 15 | X28: =SUM(X10:X21) -> 54 | Y28: =SUM(Y10:Y21) -> 102 | Z28: =SUM(Z10:Z21) -> 91 | ... AF28: =SUM(AF10:AF21) -> 2047
B29: 11.45 - 12.00 | C29: 6 | D29: 5 | E29: 0 | F29: 2 | G29: 0 | H29: 3 | I29: 2 | J29: 1 | K29: 1 | L29: 0 | M29: 11 | N29: 0 | O29: =SUM(C29:L29,N29) -> 20 | P29: =SUM(C29:N29) -> 31
B30: 12.00 - 12.15 | C30: 8 | D30: 3 | E30: 2 | F30: 5 | G30: 0 | H30: 1 | I30: 2 | J30: 0 | K30: 1 | L30: 0 | M30: 20 | N30: 0 | O30: =SUM(C30:L30,N30) -> 22 | P30: =SUM(C30:N30) -> 42
B31: 12.15 - 12.30 | C31: 9 | D31: 3 | E31: 3 | F31: 5 | G31: 0 | H31: 2 | I31: 1 | J31: 0 | K31: 2 | L31: 0 | M31: 26 | N31: 0 | O31: =SUM(C31:L31,N31) -> 25 | P31: =SUM(C31:N31) -> 51
B32: 12.30 - 12.45 | C32: 8 | D32: 3 | E32: 1 | F32: 7 | G32: 0 | H32: 0 | I32: 4 | J32: 0 | K32: 0 | L32: 0 | M32: 18 | N32: 0 | O32: =SUM(C32:L32,N32) -> 23 | P32: =SUM(C32:N32) -> 41
B33: 12.45 - 13.00 | C33: 11 | D33: 0 | E33: 3 | F33: 5 | G33: 0 | H33: 1 | I33: 4 | J33: 0 | K33: 0 | L33: 1 | M33: 23 | N33: 0 | O33: =SUM(C33:L33,N33) -> 25 | P33: =SUM(C33:N33) -> 48
B34: 13.00 - 13.15 | C34: 5 | D34: 3 | E34: 3 | F34: 3 | G34: 4 | H34: 0 | I34: 1 | J34: 1 | K34: 1 | L34: 0 | M34: 21 | N34: 0 | O34: =SUM(C34:L34,N34) -> 21 | P34: =SUM(C34:N34) -> 42
B35: 13.15 - 13.30 | C35: 13 | D35: 2 | E35: 4 | F35: 7 | G35: 0 | H35: 0 | I35: 4 | J35: 0 | K35: 2 | L35: 1 | M35: 15 | N35: 0 | O35: =SUM(C35:L35,N35) -> 33 | P35: =SUM(C35:N35) -> 48
B36: 13.30 - 13.45 | C36: 4 | D36: 2 | E36: 0 | F36: 1 | G36: 0 | H36: 0 | I36: 2 | J36: 2 | K36: 1 | L36: 0 | M36: 11 | N36: 0 | O36: =SUM(C36:L36,N36) -> 12 | P36: =SUM(C36:N36) -> 23
B37: 13.45 - 14.00 | C37: 4 | D37: 2 | E37: 0 | F37: 4 | G37: 0 | H37: 3 | I37: 0 | J37: 3 | K37: 0 | L37: 0 | M37: 16 | N37: 0 | O37: =SUM(C37:L37,N37) -> 16 | P37: =SUM(C37:N37) -> 32
B38: 14.00 - 14.15 | C38: 10 | D38: 2 | E38: 1 | F38: 5 | G38: 0 | H38: 1 | I38: 0 | J38: 2 | K38: 2 | L38: 0 | M38: 17 | N38: 0 | O38: =SUM(C38:L38,N38) -> 23 | P38: =SUM(C38:N38) -> 40
B39: 14.15 - 14.30 | C39: 4 | D39: 1 | E39: 4 | F39: 3 | G39: 0 | H39: 2 | I39: 2 | J39: 1 | K39: 3 | L39: 0 | M39: 8 | N39: 0 | O39: =SUM(C39:L39,N39) -> 20 | P39: =SUM(C39:N39) -> 28
B40: 14.30 - 14.45 | C40: 8 | D40: 2 | E40: 2 | F40: 7 | G40: 1 | H40: 2 | I40: 3 | J40: 6 | K40: 3 | L40: 1 | M40: 30 | N40: 0 | O40: =SUM(C40:L40,N40) -> 35 | P40: =SUM(C40:N40) -> 65
... B57: 18.45 - 19.00 | C57: 5 | D57: 1 | E57: 2 | F57: 3 | G57: 0 | H57: 4 | I57: 0 | J57: 5 | K57: 1 | L57: 0 | M57: 18 | N57: 0 | O57: =SUM(C57:L57,N57) -> 21 | P57: =SUM(C57:N57) -> 39
B58: Totals | C58: =SUM(C10:C57) -> 353 | D58: =SUM(D10:D57) -> 134 | E58: =SUM(E10:E57) -> 108 | F58: =SUM(F10:F57) -> 197 | G58: =SUM(G10:G57) -> 15 | H58: =SUM(H10:H57) -> 54 | I58: =SUM(I10:I57) -> 102 | J58: =SUM(J10:J57) -> 91 | ... P58: =SUM(P10:P57) -> 2047
B59: %ges + MCs | C59: =C58/$P$58 -> 0.17244748 | D59: =D58/$P$58 -> 0.065461651 | E59: =E58/$P$58 -> 0.052760137 | F59: =F58/$P$58 -> 0.096238398 | G59: =G58/$P$58 -> 0.0073277968 | H59: =H58/$P$58 -> 0.026380068 | I59: =I58/$P$58 -> 0.049829018 | J59: =J58/$P$58 -> 0.0444553 | ... N59: =N58/$P$58 -> 0
B60: %ges w/o MCs | C60: =C58/$O$58 -> 0.3088364 | D60: =D58/$O$58 -> 0.11723535 | E60: =E58/$O$58 -> 0.094488189 | F60: =F58/$O$58 -> 0.17235346 | G60: =G58/$O$58 -> 0.01312336 | H60: =H58/$O$58 -> 0.047244094 | I60: =I58/$O$58 -> 0.089238845 | J60: =J58/$O$58 -> 0.079615048 | ... L60: =L58/$O$58 -> 0.010498688 | N60: =N58/$O$58 -> 0

Sheet 23.10 MBARARA-MASAKA
B1: Consultancy services for Preparation of Expressway Development Master Plan (EDMP) for Uganda
B2: MANUAL CLASSIFIED COUNT (MCC)
B3: ROAD NAME: | C3: MASAKA-MBARARA ROAD
C5: Date | D5: 23.10.19 | F5: Location | G5: KINONI | J5: Surveyor | K5: SANDRA MUKISA
C6: Dir. From | D6: MBARARA | F6: Dir. To | G6: MASAKA | J6: Supervisor | K6: SANDRA
B8: Time / Veh Type | R8: SUMMARY TRAFFIC VOLUMES
C9: 1. Car | D9: 2. Station Wagon | E9: 3. Pickups | F9: 4. Minibus, matatu | G9: 5. Medium bus | H9: 6. Large Bus | I9: 7. Light Truck | J9: 8. Medium Truck | K9: 9. Heavy truck | L9: 10. Truck Trailer | M9: 11. Motor cycles | N9: 12. Tractors | O9: Total Excl M/Cycles | P9: Total All | R9: Time | S9: 1. Car | T9: 2. Station Wagon | U9: 3. Pickups | V9: 4. Minibus, matatu | W9: 5. Medium bus | X9: 6. Large Bus | Y9: 7. Light Truck | Z9: 8. Medium Truck | AA9: 9. Heavy truck | AB9: 10. Truck Trailer | AC9: 11. Motorcycles | AD9: 12. Tractors, Graders | AE9: Total Excl M/ Cycles | AF9: Total All
B10: 07.00 - 07.15 | C10: 2 | D10: 1 | E10: 3 | F10: 3 | G10: 0 | H10: 0 | I10: 1 | J10: 1 | K10: 0 | L10: 0 | M10: 21 | N10: 0 | O10: =SUM(C10:L10,N10) -> 11 | P10: =SUM(C10:N10) -> 32 | R10: 0700-0800 | S10: =SUM(C10:C13) -> 14 | T10: =SUM(D10:D13) -> 5 | U10: =SUM(E10:E13) -> 5 | V10: =SUM(F10:F13) -> 13 | W10: =SUM(G10:G13) -> 2 | X10: =SUM(H10:H13) -> 1 | Y10: =SUM(I10:I13) -> 5 | Z10: =SUM(J10:J13) -> 2 | ... AF10: =SUM(P10:P13) -> 135
B11: 07.15 - 07.30 | C11: 3 | D11: 0 | E11: 2 | F11: 3 | G11: 0 | H11: 0 | I11: 1 | J11: 0 | K11: 2 | L11: 0 | M11: 25 | N11: 0 | O11: =SUM(C11:L11,N11) -> 11 | P11: =SUM(C11:N11) -> 36 | R11: 0800-0900 | S11: =SUM(C14:C17) -> 27 | T11: =SUM(D14:D17) -> 12 | U11: =SUM(E14:E17) -> 6 | V11: =SUM(F14:F17) -> 19 | W11: =SUM(G14:G17) -> 0 | X11: =SUM(H14:H17) -> 6 | Y11: =SUM(I14:I17) -> 3 | Z11: =SUM(J14:J17) -> 2 | ... AF11: =SUM(P14:P17) -> 164
B12: 07.30 - 07.45 | C12: 5 | D12: 3 | E12: 0 | F12: 4 | G12: 1 | H12: 1 | I12: 0 | J12: 0 | K12: 3 | L12: 0 | M12: 15 | N12: 0 | O12: =SUM(C12:L12,N12) -> 17 | P12: =SUM(C12:N12) -> 32 | R12: 0900-1000 | S12: =SUM(C18:C21) -> 14 | T12: =SUM(D18:D21) -> 11 | U12: =SUM(E18:E21) -> 4 | V12: =SUM(F18:F21) -> 17 | W12: =SUM(G18:G21) -> 0 | X12: =SUM(H18:H21) -> 1 | Y12: =SUM(I18:I21) -> 6 | Z12: =SUM(J18:J21) -> 0 | ... AF12: =SUM(P18:P21) -> 112
B13: 07.45 - 08.00 | C13: 4 | D13: 1 | E13: 0 | F13: 3 | G13: 1 | H13: 0 | I13: 3 | J13: 1 | K13: 0 | L13: 0 | M13: 22 | N13: 0 | O13: =SUM(C13:L13,N13) -> 13 | P13: =SUM(C13:N13) -> 35 | R13: 1000-1100 | S13: =SUM(C22:C25) -> 25 | T13: =SUM(D22:D25) -> 7 | U13: =SUM(E22:E25) -> 4 | V13: =SUM(F22:F25) -> 10 | W13: =SUM(G22:G25) -> 1 | X13: =SUM(H22:H25) -> 2 | Y13: =SUM(I22:I25) -> 5 | Z13: =SUM(J22:J25) -> 7 | ... AF13: =SUM(P22:P25) -> 135
B14: 08.00 - 08.15 | C14: 3 | D14: 0 | E14: 0 | F14: 2 | G14: 0 | H14: 1 | I14: 1 | J14: 2 | K14: 1 | L14: 0 | M14: 22 | N14: 0 | O14: =SUM(C14:L14,N14) -> 10 | P14: =SUM(C14:N14) -> 32 | R14: 1100-1200 | S14: =SUM(C26:C29) -> 20 | T14: =SUM(D26:D29) -> 28 | U14: =SUM(E26:E29) -> 6 | V14: =SUM(F26:F29) -> 19 | W14: =SUM(G26:G29) -> 0 | X14: =SUM(H26:H29) -> 6 | Y14: =SUM(I26:I29) -> 4 | Z14: =SUM(J26:J29) -> 5 | ... AF14: =SUM(P26:P29) -> 173
B15: 08.15 - 08.30 | C15: 9 | D15: 6 | E15: 0 | F15: 9 | G15: 0 | H15: 4 | I15: 1 | J15: 0 | K15: 2 | L15: 0 | M15: 27 | N15: 0 | O15: =SUM(C15:L15,N15) -> 31 | P15: =SUM(C15:N15) -> 58 | R15: 1200-1300 | S15: =SUM(C30:C33) -> 14 | T15: =SUM(D30:D33) -> 26 | U15: =SUM(E30:E33) -> 12 | V15: =SUM(F30:F33) -> 18 | W15: =SUM(G30:G33) -> 0 | X15: =SUM(H30:H33) -> 5 | Y15: =SUM(I30:I33) -> 6 | Z15: =SUM(J30:J33) -> 3 | ... AF15: =SUM(P30:P33) -> 171
B16: 08.30 - 08.45 | C16: 9 | D16: 3 | E16: 3 | F16: 2 | G16: 0 | H16: 1 | I16: 0 | J16: 0 | K16: 2 | L16: 0 | M16: 22 | N16: 0 | O16: =SUM(C16:L16,N16) -> 20 | P16: =SUM(C16:N16) -> 42 | R16: 1300-1400 | S16: =SUM(C34:C37) -> 31 | T16: =SUM(D34:D37) -> 23 | U16: =SUM(E34:E37) -> 8 | V16: =SUM(F34:F37) -> 13 | W16: =SUM(G34:G37) -> 0 | X16: =SUM(H34:H37) -> 9 | Y16: =SUM(I34:I37) -> 10 | Z16: =SUM(J34:J37) -> 5 | ... AF16: =SUM(P34:P37) -> 146
B17: 08.45 - 9.00 | C17: 6 | D17: 3 | E17: 3 | F17: 6 | G17: 0 | H17: 0 | I17: 1 | J17: 0 | K17: 0 | L17: 0 | M17: 13 | N17: 0 | O17: =SUM(C17:L17,N17) -> 19 | P17: =SUM(C17:N17) -> 32 | R17: 1400-1500 | S17: =SUM(C38:C41) -> 27 | T17: =SUM(D38:D41) -> 17 | U17: =SUM(E38:E41) -> 7 | V17: =SUM(F38:F41) -> 16 | W17: =SUM(G38:G41) -> 2 | X17: =SUM(H38:H41) -> 6 | Y17: =SUM(I38:I41) -> 8 | Z17: =SUM(J38:J41) -> 7 | ... AF17: =SUM(P38:P41) -> 151
B18: 09.00 - 09.15 | C18: 2 | D18: 3 | E18: 2 | F18: 2 | G18: 0 | H18: 0 | I18: 2 | J18: 0 | K18: 2 | L18: 0 | M18: 16 | N18: 0 | O18: =SUM(C18:L18,N18) -> 13 | P18: =SUM(C18:N18) -> 29 | R18: 1500-1600 | S18: =SUM(C42:C45) -> 35 | T18: =SUM(D42:D45) -> 16 | U18: =SUM(E42:E45) -> 5 | V18: =SUM(F42:F45) -> 22 | W18: =SUM(G42:G45) -> 0 | X18: =SUM(H42:H45) -> 6 | Y18: =SUM(I42:I45) -> 3 | Z18: =SUM(J42:J45) -> 9 | ... AF18: =SUM(P42:P45) -> 187
B19: 09.15 - 09.30 | C19: 1 | D19: 6 | E19: 0 | F19: 6 | G19: 0 | H19: 0 | I19: 1 | J19: 0 | K19: 1 | L19: 0 | M19: 16 | N19: 0 | O19: =SUM(C19:L19,N19) -> 15 | P19: =SUM(C19:N19) -> 31 | R19: 1600-1700 | S19: =SUM(C46:C49) -> 26 | T19: =SUM(D46:D49) -> 13 | U19: =SUM(E46:E49) -> 10 | V19: =SUM(F46:F49) -> 14 | W19: =SUM(G46:G49) -> 0 | X19: =SUM(H46:H49) -> 4 | Y19: =SUM(I46:I49) -> 6 | Z19: =SUM(J46:J49) -> 1 | ... AF19: =SUM(P46:P49) -> 155
B20: 09.30 - 09.45 | C20: 9 | D20: 1 | E20: 2 | F20: 8 | G20: 0 | H20: 1 | I20: 3 | J20: 0 | K20: 1 | L20: 0 | M20: 16 | N20: 0 | O20: =SUM(C20:L20,N20) -> 25 | P20: =SUM(C20:N20) -> 41 | R20: 1700-1800 | S20: =SUM(C50:C53) -> 40 | T20: =SUM(D50:D53) -> 18 | U20: =SUM(E50:E53) -> 16 | V20: =SUM(F50:F53) -> 18 | W20: =SUM(G50:G53) -> 3 | X20: =SUM(H50:H53) -> 3 | Y20: =SUM(I50:I53) -> 12 | Z20: =SUM(J50:J53) -> 10 | ... AF20: =SUM(P50:P53) -> 219
