Workbook
Name Dist: '[1]ALL DATA'!$S:$S
Name dist: '[2]ALL DATA'!$S:$S
Name Dist: '[3]ALL DATA'!$S:$S
Name Dist: '[4]ALL DATA'!$S:$S
Name Dist: '[5]ALL DATA'!$S:$S
Name Dist: '[6]all data'!$S:$S
Name Dist: '[7]ALL DATA'!$S:$S
Name Dist: '[8]ALL DATA'!$S:$S
Name Dist: '[1]ALL DATA'!$S:$S
Name Dist: '[9]ALL DATA'!$S:$S
Name Dist: '[10]ALL DATA'!$S:$S
Name Dist: '[11]ALL DATA'!$S:$S
Name Dist: '[12]ALL DATA'!$S:$S
Name Dist: '[13]ALL DATA'!$S:$S
Name Dist: '[14]ALL DATA'!$S:$S
Name Dist: '[15]ALL DATA'!$S:$S
Name Dist: '[16]ALL DATA'!$S:$S
Name Dist: '[17]ALL DATA'!$S:$S
Name DIst: '[18]ALL DATA'!$S:$S
Name Dist: '[19]ALL DATA'!$S:$S
Name Dist: '[20]ALL DATA'!$S:$S
Name Dist: '[21]ALL DATA'!$S:$S
Name Dist: '[22]ALL DATA'!$S:$S
Name Dist: '[23]ALL DATA'!$S:$S
Name Dist: '[24]ALL DATA'!$S:$S
Name Dist: '[25]ALL DATA'!$S:$S
Name Dist: '[26]ALL DATA'!$S:$S
Name Dist: '[27]ALL DATA'!$S:$S
Name Dist: '[28]ALL DATA'!$S:$S
Name Dist: '[29]ALL DATA'!$S:$S
Name Dist: '[30]ALL DATA'!$S:$S
Name Dist: '[31]ALL DATA'!$S:$S
Name Dist: '[32]ALL DATA'!$S:$S
Name Dist: '[33]ALL DATA'!$S:$S
Name Dist: '[34]ALL DATA'!$S:$S
Name Dist: '[35]ALL DATA'!$S:$S
Name Dist: '[36]ALL DATA'!$S:$S
Name Dist: '[37]ALL DATA'!$S:$S
Name Dist: '[38]ALL DATA'!$S:$S
Name Dist: '[39]ALL DATA'!$S:$S
Name Dist: '[40]ALL DATA'!$S:$S
Name Dist: '[41]ALL DATA'!$S:$S
Name Dist: '[42]ALL DATA'!$S:$S
Name Dist: '[43]ALL DATA'!$S:$S
Name Dist: '[44]ALL DATA'!$S:$S
Name Dist: '[45]ALL DATA'!$S:$S
Name Dist: '[46]ALL DATA'!$S:$S
Name Dist: '[47]ALL DATA'!$S:$S
Name Jtime: '[1]ALL DATA'!$T:$T
Name Jtime: '[2]ALL DATA'!$T:$T
Name Jtime: '[3]ALL DATA'!$T:$T
Name Jtime: '[4]ALL DATA'!$T:$T
Name Jtime: '[5]ALL DATA'!$T:$T
Name Jtime: '[6]all data'!$T:$T
Name Jtime: '[7]ALL DATA'!$T:$T
Name Jtime: '[8]ALL DATA'!$T:$T
Name Jtime: '[1]ALL DATA'!$T:$T
Name Jtime: '[9]ALL DATA'!$T:$T
Name Jtime: '[10]ALL DATA'!$T:$T
Name Jtime: '[11]ALL DATA'!$T:$T

Sheet Average C1
B4: Vehicle OD Sample Proportions | N4: Average Journey Time
B5: Vehicle Types | C5: OD Sample | D5: OD Sample, % | N5: Journey Time Range (Hrs) | O5: Cummu-lative | P5: No of Vehicles | Q5: No. of Vehicles, %
B6: Car | C6: =AVERAGE(STN01A!C6,'Stn 01'!C6,'STN02'!C6,'STN03'!C6,'STN04'!C6,'STN05'!C6,'STN06'!C6,'STN07'!C6,'STN08'!C6,'STN09'!C6,'STN10'!C6,'STN11'!C6,'STN12'!C6,'STN13'!C6,'STN14'!C6,'STN15'!C6,'STN17'!C6,'STN18'!C6,'STN20'!C6,'STN21'!C6,'STN22'!C6,'STN23'!C6,'STN24'!C6,'STN25'!C6,'STN26'!C6,'STN28'!C6,'STN29'!C6,'STN30'!C6,'STN32'!C6,'STN33'!C6,'STN34'!C6,'STN36'!C6,'STN37'!C6,'STN38'!C6,'STN39'!C6,'STN40'!C6,'STN42'!C6,'STN43'!C6,STN44A!C6,'STN44'!C6,'STN45'!C6,'STN46'!C6,'STN47'!C6,'STN48'!C6,STN48A!C6,'STN49'!C6,'STN50'!C6) -> 326.40426 | D6: =C6/$C$18 -> 0.37837904 | N6: 0-0.25 | O6: =AVERAGE(STN01A!O6,'Stn 01'!O6,'STN02'!O6,'STN03'!O6,'STN04'!O6,'STN05'!O6,'STN06'!O6,'STN07'!O6,'STN08'!O6,'STN09'!O6,'STN10'!O6,'STN11'!O6,'STN12'!O6,'STN13'!O6,'STN14'!O6,'STN15'!O6,'STN17'!O6,'STN18'!O6,'STN20'!O6,'STN21'!O6,'STN22'!O6,'STN23'!O6,'STN24'!O6,'STN25'!O6,'STN26'!O6,'STN28'!O6,'STN29'!O6,'STN30'!O6,'STN32'!O6,'STN33'!O6,'STN34'!O6,'STN36'!O6,'STN37'!O6,'STN38'!O6,'STN39'!O6,'STN40'!O6,'STN42'!O6,'STN43'!O6,STN44A!O6,'STN44'!O6,'STN45'!O6,'STN46'!O6,'STN47'!O6,'STN48'!O6,STN48A!O6,'STN49'!O6,'STN50'!O6) -> 129.10638 | P6: =O6 -> 129.10638 | Q6: =P6/$O$16 -> 0.16878999
B7: Station Wagon | C7: =AVERAGE(STN01A!C7,'Stn 01'!C7,'STN02'!C7,'STN03'!C7,'STN04'!C7,'STN05'!C7,'STN06'!C7,'STN07'!C7,'STN08'!C7,'STN09'!C7,'STN10'!C7,'STN11'!C7,'STN12'!C7,'STN13'!C7,'STN14'!C7,'STN15'!C7,'STN17'!C7,'STN18'!C7,'STN20'!C7,'STN21'!C7,'STN22'!C7,'STN23'!C7,'STN24'!C7,'STN25'!C7,'STN26'!C7,'STN28'!C7,'STN29'!C7,'STN30'!C7,'STN32'!C7,'STN33'!C7,'STN34'!C7,'STN36'!C7,'STN37'!C7,'STN38'!C7,'STN39'!C7,'STN40'!C7,'STN42'!C7,'STN43'!C7,STN44A!C7,'STN44'!C7,'STN45'!C7,'STN46'!C7,'STN47'!C7,'STN48'!C7,STN48A!C7,'STN49'!C7,'STN50'!C7) -> 84.680851 | D7: =C7/$C$18 -> 0.098164957 | N7: 0.25-0.50 | O7: =AVERAGE(STN01A!O7,'Stn 01'!O7,'STN02'!O7,'STN03'!O7,'STN04'!O7,'STN05'!O7,'STN06'!O7,'STN07'!O7,'STN08'!O7,'STN09'!O7,'STN10'!O7,'STN11'!O7,'STN12'!O7,'STN13'!O7,'STN14'!O7,'STN15'!O7,'STN17'!O7,'STN18'!O7,'STN20'!O7,'STN21'!O7,'STN22'!O7,'STN23'!O7,'STN24'!O7,'STN25'!O7,'STN26'!O7,'STN28'!O7,'STN29'!O7,'STN30'!O7,'STN32'!O7,'STN33'!O7,'STN34'!O7,'STN36'!O7,'STN37'!O7,'STN38'!O7,'STN39'!O7,'STN40'!O7,'STN42'!O7,'STN43'!O7,STN44A!O7,'STN44'!O7,'STN45'!O7,'STN46'!O7,'STN47'!O7,'STN48'!O7,STN48A!O7,'STN49'!O7,'STN50'!O7) -> 337.38298 | P7: =O7-O6 -> 208.2766 | Q7: =P7/$O$16 -> 0.27229485
B8: Pickups | C8: =AVERAGE(STN01A!C8,'Stn 01'!C8,'STN02'!C8,'STN03'!C8,'STN04'!C8,'STN05'!C8,'STN06'!C8,'STN07'!C8,'STN08'!C8,'STN09'!C8,'STN10'!C8,'STN11'!C8,'STN12'!C8,'STN13'!C8,'STN14'!C8,'STN15'!C8,'STN17'!C8,'STN18'!C8,'STN20'!C8,'STN21'!C8,'STN22'!C8,'STN23'!C8,'STN24'!C8,'STN25'!C8,'STN26'!C8,'STN28'!C8,'STN29'!C8,'STN30'!C8,'STN32'!C8,'STN33'!C8,'STN34'!C8,'STN36'!C8,'STN37'!C8,'STN38'!C8,'STN39'!C8,'STN40'!C8,'STN42'!C8,'STN43'!C8,STN44A!C8,'STN44'!C8,'STN45'!C8,'STN46'!C8,'STN47'!C8,'STN48'!C8,STN48A!C8,'STN49'!C8,'STN50'!C8) -> 45.446809 | D8: =C8/$C$18 -> 0.052683504 | N8: 0.50-0.75 | O8: =AVERAGE(STN01A!O8,'Stn 01'!O8,'STN02'!O8,'STN03'!O8,'STN04'!O8,'STN05'!O8,'STN06'!O8,'STN07'!O8,'STN08'!O8,'STN09'!O8,'STN10'!O8,'STN11'!O8,'STN12'!O8,'STN13'!O8,'STN14'!O8,'STN15'!O8,'STN17'!O8,'STN18'!O8,'STN20'!O8,'STN21'!O8,'STN22'!O8,'STN23'!O8,'STN24'!O8,'STN25'!O8,'STN26'!O8,'STN28'!O8,'STN29'!O8,'STN30'!O8,'STN32'!O8,'STN33'!O8,'STN34'!O8,'STN36'!O8,'STN37'!O8,'STN38'!O8,'STN39'!O8,'STN40'!O8,'STN42'!O8,'STN43'!O8,STN44A!O8,'STN44'!O8,'STN45'!O8,'STN46'!O8,'STN47'!O8,'STN48'!O8,STN48A!O8,'STN49'!O8,'STN50'!O8) -> 418.46809 | P8: =O8-O7 -> 81.085106 | Q8: =P8/$O$16 -> 0.10600834
B9: Minibus, matatu | C9: =AVERAGE(STN01A!C9,'Stn 01'!C9,'STN02'!C9,'STN03'!C9,'STN04'!C9,'STN05'!C9,'STN06'!C9,'STN07'!C9,'STN08'!C9,'STN09'!C9,'STN10'!C9,'STN11'!C9,'STN12'!C9,'STN13'!C9,'STN14'!C9,'STN15'!C9,'STN17'!C9,'STN18'!C9,'STN20'!C9,'STN21'!C9,'STN22'!C9,'STN23'!C9,'STN24'!C9,'STN25'!C9,'STN26'!C9,'STN28'!C9,'STN29'!C9,'STN30'!C9,'STN32'!C9,'STN33'!C9,'STN34'!C9,'STN36'!C9,'STN37'!C9,'STN38'!C9,'STN39'!C9,'STN40'!C9,'STN42'!C9,'STN43'!C9,STN44A!C9,'STN44'!C9,'STN45'!C9,'STN46'!C9,'STN47'!C9,'STN48'!C9,STN48A!C9,'STN49'!C9,'STN50'!C9) -> 140.80851 | D9: =C9/$C$18 -> 0.16323007 | N9: 0.75-1.00 | O9: =AVERAGE(STN01A!O9,'Stn 01'!O9,'STN02'!O9,'STN03'!O9,'STN04'!O9,'STN05'!O9,'STN06'!O9,'STN07'!O9,'STN08'!O9,'STN09'!O9,'STN10'!O9,'STN11'!O9,'STN12'!O9,'STN13'!O9,'STN14'!O9,'STN15'!O9,'STN17'!O9,'STN18'!O9,'STN20'!O9,'STN21'!O9,'STN22'!O9,'STN23'!O9,'STN24'!O9,'STN25'!O9,'STN26'!O9,'STN28'!O9,'STN29'!O9,'STN30'!O9,'STN32'!O9,'STN33'!O9,'STN34'!O9,'STN36'!O9,'STN37'!O9,'STN38'!O9,'STN39'!O9,'STN40'!O9,'STN42'!O9,'STN43'!O9,STN44A!O9,'STN44'!O9,'STN45'!O9,'STN46'!O9,'STN47'!O9,'STN48'!O9,STN48A!O9,'STN49'!O9,'STN50'!O9) -> 591.78723 | P9: =O9-O8 -> 173.31915 | Q9: =P9/$O$16 -> 0.22659249
B10: Medium bus | C10: =AVERAGE(STN01A!C10,'Stn 01'!C10,'STN02'!C10,'STN03'!C10,'STN04'!C10,'STN05'!C10,'STN06'!C10,'STN07'!C10,'STN08'!C10,'STN09'!C10,'STN10'!C10,'STN11'!C10,'STN12'!C10,'STN13'!C10,'STN14'!C10,'STN15'!C10,'STN17'!C10,'STN18'!C10,'STN20'!C10,'STN21'!C10,'STN22'!C10,'STN23'!C10,'STN24'!C10,'STN25'!C10,'STN26'!C10,'STN28'!C10,'STN29'!C10,'STN30'!C10,'STN32'!C10,'STN33'!C10,'STN34'!C10,'STN36'!C10,'STN37'!C10,'STN38'!C10,'STN39'!C10,'STN40'!C10,'STN42'!C10,'STN43'!C10,STN44A!C10,'STN44'!C10,'STN45'!C10,'STN46'!C10,'STN47'!C10,'STN48'!C10,STN48A!C10,'STN49'!C10,'STN50'!C10) -> 10.765957 | D10: =C10/$C$18 -> 0.012480268 | N10: 1.00-1.50 | O10: =AVERAGE(STN01A!O10,'Stn 01'!O10,'STN02'!O10,'STN03'!O10,'STN04'!O10,'STN05'!O10,'STN06'!O10,'STN07'!O10,'STN08'!O10,'STN09'!O10,'STN10'!O10,'STN11'!O10,'STN12'!O10,'STN13'!O10,'STN14'!O10,'STN15'!O10,'STN17'!O10,'STN18'!O10,'STN20'!O10,'STN21'!O10,'STN22'!O10,'STN23'!O10,'STN24'!O10,'STN25'!O10,'STN26'!O10,'STN28'!O10,'STN29'!O10,'STN30'!O10,'STN32'!O10,'STN33'!O10,'STN34'!O10,'STN36'!O10,'STN37'!O10,'STN38'!O10,'STN39'!O10,'STN40'!O10,'STN42'!O10,'STN43'!O10,STN44A!O10,'STN44'!O10,'STN45'!O10,'STN46'!O10,'STN47'!O10,'STN48'!O10,STN48A!O10,'STN49'!O10,'STN50'!O10) -> 629.29787 | P10: =O10-O9 -> 37.510638 | Q10: =P10/$O$16 -> 0.049040334
B11: Large Bus | C11: =AVERAGE(STN01A!C11,'Stn 01'!C11,'STN02'!C11,'STN03'!C11,'STN04'!C11,'STN05'!C11,'STN06'!C11,'STN07'!C11,'STN08'!C11,'STN09'!C11,'STN10'!C11,'STN11'!C11,'STN12'!C11,'STN13'!C11,'STN14'!C11,'STN15'!C11,'STN17'!C11,'STN18'!C11,'STN20'!C11,'STN21'!C11,'STN22'!C11,'STN23'!C11,'STN24'!C11,'STN25'!C11,'STN26'!C11,'STN28'!C11,'STN29'!C11,'STN30'!C11,'STN32'!C11,'STN33'!C11,'STN34'!C11,'STN36'!C11,'STN37'!C11,'STN38'!C11,'STN39'!C11,'STN40'!C11,'STN42'!C11,'STN43'!C11,STN44A!C11,'STN44'!C11,'STN45'!C11,'STN46'!C11,'STN47'!C11,'STN48'!C11,STN48A!C11,'STN49'!C11,'STN50'!C11) -> 4.2765957 | D11: =C11/$C$18 -> 0.004957577 | N11: 1.5-2.0 | O11: =AVERAGE(STN01A!O11,'Stn 01'!O11,'STN02'!O11,'STN03'!O11,'STN04'!O11,'STN05'!O11,'STN06'!O11,'STN07'!O11,'STN08'!O11,'STN09'!O11,'STN10'!O11,'STN11'!O11,'STN12'!O11,'STN13'!O11,'STN14'!O11,'STN15'!O11,'STN17'!O11,'STN18'!O11,'STN20'!O11,'STN21'!O11,'STN22'!O11,'STN23'!O11,'STN24'!O11,'STN25'!O11,'STN26'!O11,'STN28'!O11,'STN29'!O11,'STN30'!O11,'STN32'!O11,'STN33'!O11,'STN34'!O11,'STN36'!O11,'STN37'!O11,'STN38'!O11,'STN39'!O11,'STN40'!O11,'STN42'!O11,'STN43'!O11,STN44A!O11,'STN44'!O11,'STN45'!O11,'STN46'!O11,'STN47'!O11,'STN48'!O11,STN48A!O11,'STN49'!O11,'STN50'!O11) -> 690.82979 | P11: =O11-O10 -> 61.531915 | Q11: =P11/$O$16 -> 0.080445063
B12: Light Truck | C12: =AVERAGE(STN01A!C12,'Stn 01'!C12,'STN02'!C12,'STN03'!C12,'STN04'!C12,'STN05'!C12,'STN06'!C12,'STN07'!C12,'STN08'!C12,'STN09'!C12,'STN10'!C12,'STN11'!C12,'STN12'!C12,'STN13'!C12,'STN14'!C12,'STN15'!C12,'STN17'!C12,'STN18'!C12,'STN20'!C12,'STN21'!C12,'STN22'!C12,'STN23'!C12,'STN24'!C12,'STN25'!C12,'STN26'!C12,'STN28'!C12,'STN29'!C12,'STN30'!C12,'STN32'!C12,'STN33'!C12,'STN34'!C12,'STN36'!C12,'STN37'!C12,'STN38'!C12,'STN39'!C12,'STN40'!C12,'STN42'!C12,'STN43'!C12,STN44A!C12,'STN44'!C12,'STN45'!C12,'STN46'!C12,'STN47'!C12,'STN48'!C12,STN48A!C12,'STN49'!C12,'STN50'!C12) -> 78.085106 | D12: =C12/$C$18 -> 0.090518942 | N12: 2.0-3.0 | O12: =AVERAGE(STN01A!O12,'Stn 01'!O12,'STN02'!O12,'STN03'!O12,'STN04'!O12,'STN05'!O12,'STN06'!O12,'STN07'!O12,'STN08'!O12,'STN09'!O12,'STN10'!O12,'STN11'!O12,'STN12'!O12,'STN13'!O12,'STN14'!O12,'STN15'!O12,'STN17'!O12,'STN18'!O12,'STN20'!O12,'STN21'!O12,'STN22'!O12,'STN23'!O12,'STN24'!O12,'STN25'!O12,'STN26'!O12,'STN28'!O12,'STN29'!O12,'STN30'!O12,'STN32'!O12,'STN33'!O12,'STN34'!O12,'STN36'!O12,'STN37'!O12,'STN38'!O12,'STN39'!O12,'STN40'!O12,'STN42'!O12,'STN43'!O12,STN44A!O12,'STN44'!O12,'STN45'!O12,'STN46'!O12,'STN47'!O12,'STN48'!O12,STN48A!O12,'STN49'!O12,'STN50'!O12) -> 724 | P12: =O12-O11 -> 33.170213 | Q12: =P12/$O$16 -> 0.043365786
B13: Medium Truck | C13: =AVERAGE(STN01A!C13,'Stn 01'!C13,'STN02'!C13,'STN03'!C13,'STN04'!C13,'STN05'!C13,'STN06'!C13,'STN07'!C13,'STN08'!C13,'STN09'!C13,'STN10'!C13,'STN11'!C13,'STN12'!C13,'STN13'!C13,'STN14'!C13,'STN15'!C13,'STN17'!C13,'STN18'!C13,'STN20'!C13,'STN21'!C13,'STN22'!C13,'STN23'!C13,'STN24'!C13,'STN25'!C13,'STN26'!C13,'STN28'!C13,'STN29'!C13,'STN30'!C13,'STN32'!C13,'STN33'!C13,'STN34'!C13,'STN36'!C13,'STN37'!C13,'STN38'!C13,'STN39'!C13,'STN40'!C13,'STN42'!C13,'STN43'!C13,STN44A!C13,'STN44'!C13,'STN45'!C13,'STN46'!C13,'STN47'!C13,'STN48'!C13,STN48A!C13,'STN49'!C13,'STN50'!C13) -> 53.382979 | D13: =C13/$C$18 -> 0.061883386 | N13: 3.0-5.0 | O13: =AVERAGE(STN01A!O13,'Stn 01'!O13,'STN02'!O13,'STN03'!O13,'STN04'!O13,'STN05'!O13,'STN06'!O13,'STN07'!O13,'STN08'!O13,'STN09'!O13,'STN10'!O13,'STN11'!O13,'STN12'!O13,'STN13'!O13,'STN14'!O13,'STN15'!O13,'STN17'!O13,'STN18'!O13,'STN20'!O13,'STN21'!O13,'STN22'!O13,'STN23'!O13,'STN24'!O13,'STN25'!O13,'STN26'!O13,'STN28'!O13,'STN29'!O13,'STN30'!O13,'STN32'!O13,'STN33'!O13,'STN34'!O13,'STN36'!O13,'STN37'!O13,'STN38'!O13,'STN39'!O13,'STN40'!O13,'STN42'!O13,'STN43'!O13,STN44A!O13,'STN44'!O13,'STN45'!O13,'STN46'!O13,'STN47'!O13,'STN48'!O13,STN48A!O13,'STN49'!O13,'STN50'!O13) -> 747.19149 | P13: =O13-O12 -> 23.191489 | Q13: =P13/$O$16 -> 0.030319889
B14: Heavy truck | C14: =AVERAGE(STN01A!C14,'Stn 01'!C14,'STN02'!C14,'STN03'!C14,'STN04'!C14,'STN05'!C14,'STN06'!C14,'STN07'!C14,'STN08'!C14,'STN09'!C14,'STN10'!C14,'STN11'!C14,'STN12'!C14,'STN13'!C14,'STN14'!C14,'STN15'!C14,'STN17'!C14,'STN18'!C14,'STN20'!C14,'STN21'!C14,'STN22'!C14,'STN23'!C14,'STN24'!C14,'STN25'!C14,'STN26'!C14,'STN28'!C14,'STN29'!C14,'STN30'!C14,'STN32'!C14,'STN33'!C14,'STN34'!C14,'STN36'!C14,'STN37'!C14,'STN38'!C14,'STN39'!C14,'STN40'!C14,'STN42'!C14,'STN43'!C14,STN44A!C14,'STN44'!C14,'STN45'!C14,'STN46'!C14,'STN47'!C14,'STN48'!C14,STN48A!C14,'STN49'!C14,'STN50'!C14) -> 17.468085 | D14: =C14/$C$18 -> 0.020249605 | N14: 5.0-7.5 | O14: =AVERAGE(STN01A!O14,'Stn 01'!O14,'STN02'!O14,'STN03'!O14,'STN04'!O14,'STN05'!O14,'STN06'!O14,'STN07'!O14,'STN08'!O14,'STN09'!O14,'STN10'!O14,'STN11'!O14,'STN12'!O14,'STN13'!O14,'STN14'!O14,'STN15'!O14,'STN17'!O14,'STN18'!O14,'STN20'!O14,'STN21'!O14,'STN22'!O14,'STN23'!O14,'STN24'!O14,'STN25'!O14,'STN26'!O14,'STN28'!O14,'STN29'!O14,'STN30'!O14,'STN32'!O14,'STN33'!O14,'STN34'!O14,'STN36'!O14,'STN37'!O14,'STN38'!O14,'STN39'!O14,'STN40'!O14,'STN42'!O14,'STN43'!O14,STN44A!O14,'STN44'!O14,'STN45'!O14,'STN46'!O14,'STN47'!O14,'STN48'!O14,STN48A!O14,'STN49'!O14,'STN50'!O14) -> 756.93617 | P14: =O14-O13 -> 9.7446809 | Q14: =P14/$O$16 -> 0.012739917
B15: Truck Trailer | C15: =AVERAGE(STN01A!C15,'Stn 01'!C15,'STN02'!C15,'STN03'!C15,'STN04'!C15,'STN05'!C15,'STN06'!C15,'STN07'!C15,'STN08'!C15,'STN09'!C15,'STN10'!C15,'STN11'!C15,'STN12'!C15,'STN13'!C15,'STN14'!C15,'STN15'!C15,'STN17'!C15,'STN18'!C15,'STN20'!C15,'STN21'!C15,'STN22'!C15,'STN23'!C15,'STN24'!C15,'STN25'!C15,'STN26'!C15,'STN28'!C15,'STN29'!C15,'STN30'!C15,'STN32'!C15,'STN33'!C15,'STN34'!C15,'STN36'!C15,'STN37'!C15,'STN38'!C15,'STN39'!C15,'STN40'!C15,'STN42'!C15,'STN43'!C15,STN44A!C15,'STN44'!C15,'STN45'!C15,'STN46'!C15,'STN47'!C15,'STN48'!C15,STN48A!C15,'STN49'!C15,'STN50'!C15) -> 7.6170213 | D15: =C15/$C$18 -> 0.0088299132 | N15: 7.5-10 | O15: =AVERAGE(STN01A!O15,'Stn 01'!O15,'STN02'!O15,'STN03'!O15,'STN04'!O15,'STN05'!O15,'STN06'!O15,'STN07'!O15,'STN08'!O15,'STN09'!O15,'STN10'!O15,'STN11'!O15,'STN12'!O15,'STN13'!O15,'STN14'!O15,'STN15'!O15,'STN17'!O15,'STN18'!O15,'STN20'!O15,'STN21'!O15,'STN22'!O15,'STN23'!O15,'STN24'!O15,'STN25'!O15,'STN26'!O15,'STN28'!O15,'STN29'!O15,'STN30'!O15,'STN32'!O15,'STN33'!O15,'STN34'!O15,'STN36'!O15,'STN37'!O15,'STN38'!O15,'STN39'!O15,'STN40'!O15,'STN42'!O15,'STN43'!O15,STN44A!O15,'STN44'!O15,'STN45'!O15,'STN46'!O15,'STN47'!O15,'STN48'!O15,STN48A!O15,'STN49'!O15,'STN50'!O15) -> 762.51064 | P15: =O15-O14 -> 5.5744681 | Q15: =P15/$O$16 -> 0.0072878999
B16: Motor cycles | C16: =AVERAGE(STN01A!C16,'Stn 01'!C16,'STN02'!C16,'STN03'!C16,'STN04'!C16,'STN05'!C16,'STN06'!C16,'STN07'!C16,'STN08'!C16,'STN09'!C16,'STN10'!C16,'STN11'!C16,'STN12'!C16,'STN13'!C16,'STN14'!C16,'STN15'!C16,'STN17'!C16,'STN18'!C16,'STN20'!C16,'STN21'!C16,'STN22'!C16,'STN23'!C16,'STN24'!C16,'STN25'!C16,'STN26'!C16,'STN28'!C16,'STN29'!C16,'STN30'!C16,'STN32'!C16,'STN33'!C16,'STN34'!C16,'STN36'!C16,'STN37'!C16,'STN38'!C16,'STN39'!C16,'STN40'!C16,'STN42'!C16,'STN43'!C16,STN44A!C16,'STN44'!C16,'STN45'!C16,'STN46'!C16,'STN47'!C16,'STN48'!C16,STN48A!C16,'STN49'!C16,'STN50'!C16) -> 92.787234 | D16: =C16/$C$18 -> 0.10756215 | N16: Over 10 | O16: =AVERAGE(STN01A!O16,'Stn 01'!O16,'STN02'!O16,'STN03'!O16,'STN04'!O16,'STN05'!O16,'STN06'!O16,'STN07'!O16,'STN08'!O16,'STN09'!O16,'STN10'!O16,'STN11'!O16,'STN12'!O16,'STN13'!O16,'STN14'!O16,'STN15'!O16,'STN17'!O16,'STN18'!O16,'STN20'!O16,'STN21'!O16,'STN22'!O16,'STN23'!O16,'STN24'!O16,'STN25'!O16,'STN26'!O16,'STN28'!O16,'STN29'!O16,'STN30'!O16,'STN32'!O16,'STN33'!O16,'STN34'!O16,'STN36'!O16,'STN37'!O16,'STN38'!O16,'STN39'!O16,'STN40'!O16,'STN42'!O16,'STN43'!O16,STN44A!O16,'STN44'!O16,'STN45'!O16,'STN46'!O16,'STN47'!O16,'STN48'!O16,STN48A!O16,'STN49'!O16,'STN50'!O16) -> 764.89362 | P16: =O16-O15 -> 2.3829787 | Q16: =P16/$O$16 -> 0.0031154381
B17: Tractors | C17: =AVERAGE(STN01A!C17,'Stn 01'!C17,'STN02'!C17,'STN03'!C17,'STN04'!C17,'STN05'!C17,'STN06'!C17,'STN07'!C17,'STN08'!C17,'STN09'!C17,'STN10'!C17,'STN11'!C17,'STN12'!C17,'STN13'!C17,'STN14'!C17,'STN15'!C17,'STN17'!C17,'STN18'!C17,'STN20'!C17,'STN21'!C17,'STN22'!C17,'STN23'!C17,'STN24'!C17,'STN25'!C17,'STN26'!C17,'STN28'!C17,'STN29'!C17,'STN30'!C17,'STN32'!C17,'STN33'!C17,'STN34'!C17,'STN36'!C17,'STN37'!C17,'STN38'!C17,'STN39'!C17,'STN40'!C17,'STN42'!C17,'STN43'!C17,STN44A!C17,'STN44'!C17,'STN45'!C17,'STN46'!C17,'STN47'!C17,'STN48'!C17,STN48A!C17,'STN49'!C17,'STN50'!C17) -> 0.91489362 | D17: =C17/$C$18 -> 0.0010605762
B18: Average | C18: =SUM(C6:C17) -> 862.6383
N22: Trip Frequency
B23: Journey Purpose | N23: Trip Frequency | O23: No of Vehicles | P23: No. of Vehicles, %
B24: Purpose | C24: Respondents | D24: Percent | N24: More than 2 times every day | O24: =AVERAGE(STN01A!O24,'Stn 01'!O24,'STN02'!O24,'STN03'!O24,'STN04'!O24,'STN05'!O24,'STN06'!O24,'STN07'!O24,'STN08'!O24,'STN09'!O24,'STN10'!O24,'STN11'!O24,'STN12'!O24,'STN13'!O24,'STN14'!O24,'STN15'!O24,'STN17'!O24,'STN18'!O24,'STN20'!O24,'STN21'!O24,'STN22'!O24,'STN23'!O24,'STN24'!O24,'STN25'!O24,'STN26'!O24,'STN28'!O24,'STN29'!O24,'STN30'!O24,'STN32'!O24,'STN33'!O24,'STN34'!O24,'STN36'!O24,'STN37'!O24,'STN38'!O24,'STN39'!O24,'STN40'!O24,'STN42'!O24,'STN43'!O24,STN44A!O24,'STN44'!O24,'STN45'!O24,'STN46'!O24,'STN47'!O24,'STN48'!O24,STN48A!O24,'STN49'!O24,'STN50'!O24) -> 231.29787 | P24: =O24/$O$30 -> 0.27060463
B25: Home-Work | C25: 139.29167 | D25: =C25/$C$30 -> 0.16147169 | N25: Daily (Up and Down) | O25: =AVERAGE(STN01A!O25,'Stn 01'!O25,'STN02'!O25,'STN03'!O25,'STN04'!O25,'STN05'!O25,'STN06'!O25,'STN07'!O25,'STN08'!O25,'STN09'!O25,'STN10'!O25,'STN11'!O25,'STN12'!O25,'STN13'!O25,'STN14'!O25,'STN15'!O25,'STN17'!O25,'STN18'!O25,'STN20'!O25,'STN21'!O25,'STN22'!O25,'STN23'!O25,'STN24'!O25,'STN25'!O25,'STN26'!O25,'STN28'!O25,'STN29'!O25,'STN30'!O25,'STN32'!O25,'STN33'!O25,'STN34'!O25,'STN36'!O25,'STN37'!O25,'STN38'!O25,'STN39'!O25,'STN40'!O25,'STN42'!O25,'STN43'!O25,STN44A!O25,'STN44'!O25,'STN45'!O25,'STN46'!O25,'STN47'!O25,'STN48'!O25,STN48A!O25,'STN49'!O25,'STN50'!O25) -> 366.25532 | P25: =O25/$O$30 -> 0.42849675
B26: Home-Study | C26: 6.1041667 | D26: =C26/$C$30 -> 0.0070761601 | N26: 2/3 times a week | O26: =AVERAGE(STN01A!O26,'Stn 01'!O26,'STN02'!O26,'STN03'!O26,'STN04'!O26,'STN05'!O26,'STN06'!O26,'STN07'!O26,'STN08'!O26,'STN09'!O26,'STN10'!O26,'STN11'!O26,'STN12'!O26,'STN13'!O26,'STN14'!O26,'STN15'!O26,'STN17'!O26,'STN18'!O26,'STN20'!O26,'STN21'!O26,'STN22'!O26,'STN23'!O26,'STN24'!O26,'STN25'!O26,'STN26'!O26,'STN28'!O26,'STN29'!O26,'STN30'!O26,'STN32'!O26,'STN33'!O26,'STN34'!O26,'STN36'!O26,'STN37'!O26,'STN38'!O26,'STN39'!O26,'STN40'!O26,'STN42'!O26,'STN43'!O26,STN44A!O26,'STN44'!O26,'STN45'!O26,'STN46'!O26,'STN47'!O26,'STN48'!O26,STN48A!O26,'STN49'!O26,'STN50'!O26) -> 94.340426 | P26: =O26/$O$30 -> 0.11037264
B27: Work-Home | C27: 74.833333 | D27: =C27/$C$30 -> 0.086749375 | N27: Once a week | O27: =AVERAGE(STN01A!O27,'Stn 01'!O27,'STN02'!O27,'STN03'!O27,'STN04'!O27,'STN05'!O27,'STN06'!O27,'STN07'!O27,'STN08'!O27,'STN09'!O27,'STN10'!O27,'STN11'!O27,'STN12'!O27,'STN13'!O27,'STN14'!O27,'STN15'!O27,'STN17'!O27,'STN18'!O27,'STN20'!O27,'STN21'!O27,'STN22'!O27,'STN23'!O27,'STN24'!O27,'STN25'!O27,'STN26'!O27,'STN28'!O27,'STN29'!O27,'STN30'!O27,'STN32'!O27,'STN33'!O27,'STN34'!O27,'STN36'!O27,'STN37'!O27,'STN38'!O27,'STN39'!O27,'STN40'!O27,'STN42'!O27,'STN43'!O27,STN44A!O27,'STN44'!O27,'STN45'!O27,'STN46'!O27,'STN47'!O27,'STN48'!O27,STN48A!O27,'STN49'!O27,'STN50'!O27) -> 60.106383 | P27: =O27/$O$30 -> 0.070320862
B28: Work-Work | C28: 69.6875 | D28: =C28/$C$30 -> 0.080784148 | N28: Once a month | O28: =AVERAGE(STN01A!O28,'Stn 01'!O28,'STN02'!O28,'STN03'!O28,'STN04'!O28,'STN05'!O28,'STN06'!O28,'STN07'!O28,'STN08'!O28,'STN09'!O28,'STN10'!O28,'STN11'!O28,'STN12'!O28,'STN13'!O28,'STN14'!O28,'STN15'!O28,'STN17'!O28,'STN18'!O28,'STN20'!O28,'STN21'!O28,'STN22'!O28,'STN23'!O28,'STN24'!O28,'STN25'!O28,'STN26'!O28,'STN28'!O28,'STN29'!O28,'STN30'!O28,'STN32'!O28,'STN33'!O28,'STN34'!O28,'STN36'!O28,'STN37'!O28,'STN38'!O28,'STN39'!O28,'STN40'!O28,'STN42'!O28,'STN43'!O28,STN44A!O28,'STN44'!O28,'STN45'!O28,'STN46'!O28,'STN47'!O28,'STN48'!O28,STN48A!O28,'STN49'!O28,'STN50'!O28) -> 27.851064 | P28: =O28/$O$30 -> 0.032584074
B29: Others | C29: 573.60417 | D29: =C29/$C$30 -> 0.66494169 | N29: Once in a while | O29: =AVERAGE(STN01A!O29,'Stn 01'!O29,'STN02'!O29,'STN03'!O29,'STN04'!O29,'STN05'!O29,'STN06'!O29,'STN07'!O29,'STN08'!O29,'STN09'!O29,'STN10'!O29,'STN11'!O29,'STN12'!O29,'STN13'!O29,'STN14'!O29,'STN15'!O29,'STN17'!O29,'STN18'!O29,'STN20'!O29,'STN21'!O29,'STN22'!O29,'STN23'!O29,'STN24'!O29,'STN25'!O29,'STN26'!O29,'STN28'!O29,'STN29'!O29,'STN30'!O29,'STN32'!O29,'STN33'!O29,'STN34'!O29,'STN36'!O29,'STN37'!O29,'STN38'!O29,'STN39'!O29,'STN40'!O29,'STN42'!O29,'STN43'!O29,STN44A!O29,'STN44'!O29,'STN45'!O29,'STN46'!O29,'STN47'!O29,'STN48'!O29,STN48A!O29,'STN49'!O29,'STN50'!O29) -> 74.893617 | P29: =O29/$O$30 -> 0.087621039
B30: Average | C30: =C18 -> 862.6383 | N30: Total | O30: =SUM(O24:O29) -> 854.74468
B41: Expressway Use
B42: Response | C42: Number | D42: Percent
B43: Yes | C43: =AVERAGE(STN01A!C43,'Stn 01'!C43,'STN02'!C43,'STN03'!C43,'STN04'!C43,'STN05'!C43,'STN06'!C43,'STN07'!C43,'STN08'!C43,'STN09'!C43,'STN10'!C43,'STN11'!C43,'STN12'!C43,'STN13'!C43,'STN14'!C43,'STN15'!C43,'STN17'!C43,'STN18'!C43,'STN20'!C43,'STN21'!C43,'STN22'!C43,'STN23'!C43,'STN24'!C43,'STN25'!C43,'STN26'!C43,'STN28'!C43,'STN29'!C43,'STN30'!C43,'STN32'!C43,'STN33'!C43,'STN34'!C43,'STN36'!C43,'STN37'!C43,'STN38'!C43,'STN39'!C43,'STN40'!C43,'STN42'!C43,'STN43'!C43,STN44A!C43,'STN44'!C43,'STN45'!C43,'STN46'!C43,'STN47'!C43,'STN48'!C43,STN48A!C43,'STN49'!C43,'STN50'!C43) -> 749.68085 | D43: =C43/$C$45 -> 0.86905584 | N43: Vehicle Types | O43: Average Occupancy
B44: No | C44: =AVERAGE(STN01A!C44,'Stn 01'!C44,'STN02'!C44,'STN03'!C44,'STN04'!C44,'STN05'!C44,'STN06'!C44,'STN07'!C44,'STN08'!C44,'STN09'!C44,'STN10'!C44,'STN11'!C44,'STN12'!C44,'STN13'!C44,'STN14'!C44,'STN15'!C44,'STN17'!C44,'STN18'!C44,'STN20'!C44,'STN21'!C44,'STN22'!C44,'STN23'!C44,'STN24'!C44,'STN25'!C44,'STN26'!C44,'STN28'!C44,'STN29'!C44,'STN30'!C44,'STN32'!C44,'STN33'!C44,'STN34'!C44,'STN36'!C44,'STN37'!C44,'STN38'!C44,'STN39'!C44,'STN40'!C44,'STN42'!C44,'STN43'!C44,STN44A!C44,'STN44'!C44,'STN45'!C44,'STN46'!C44,'STN47'!C44,'STN48'!C44,STN48A!C44,'STN49'!C44,'STN50'!C44) -> 112.95745 | D44: =C44/$C$45 -> 0.13094416 | N44: Car | O44: =AVERAGE('STN50'!N44,'STN49'!N44,STN48A!N44,'STN47'!N44,'STN46'!N44,'STN45'!O44,'STN44'!N44,STN44A!N44,'STN43'!N44,'STN42'!N44,'STN40'!N44,'STN39'!N44,'STN38'!N44,'STN37'!N44,'STN36'!O44,'STN34'!O44,'STN33'!O44,'STN32'!O44,'STN30'!O44,'STN29'!O44,'STN28'!O44,'STN26'!O44,'STN25'!O44,'STN24'!O44,'STN23'!O44,'STN22'!O44,'STN21'!O44,'STN20'!O44,'STN18'!O46,'STN17'!O44,'STN15'!O44,'STN14'!O44,'STN13'!O44,'STN12'!O44,'STN11'!O44,'STN10'!O44,'STN09'!O44,'STN08'!O44,'STN07'!O44,'STN06'!O44,'STN05'!O45,'STN04'!O44,'STN03'!O46,'STN02'!O46,'Stn 01'!O46,STN01A!N44) -> 2.0593263
B45: Total | C45: =C30 -> 862.6383 | N45: Station Wagon | O45: =AVERAGE('STN50'!N45,'STN49'!N45,STN48A!N45,'STN47'!N45,'STN46'!N45,'STN45'!O45,'STN44'!N45,STN44A!N45,'STN43'!N45,'STN42'!N45,'STN40'!N45,'STN39'!N45,'STN38'!N45,'STN37'!N45,'STN36'!O45,'STN34'!O45,'STN33'!O45,'STN32'!O45,'STN30'!O45,'STN29'!O45,'STN28'!O45,'STN26'!O45,'STN25'!O45,'STN24'!O45,'STN23'!O45,'STN22'!O45,'STN21'!O45,'STN20'!O45,'STN18'!O47,'STN17'!O45,'STN15'!O45,'STN14'!O45,'STN13'!O45,'STN12'!O45,'STN11'!O45,'STN10'!O45,'STN09'!O45,'STN08'!O45,'STN07'!O45,'STN06'!O45,'STN05'!O46,'STN04'!O45,'STN03'!O47,'STN02'!O47,'Stn 01'!O47,STN01A!N45) -> 2.2665146
N46: Pickups | O46: =AVERAGE('STN50'!N46,'STN49'!N46,STN48A!N46,'STN47'!N46,'STN46'!N46,'STN45'!O46,'STN44'!N46,STN44A!N46,'STN43'!N46,'STN42'!N46,'STN40'!N46,'STN39'!N46,'STN38'!N46,'STN37'!N46,'STN36'!O46,'STN34'!O46,'STN33'!O46,'STN32'!O46,'STN30'!O46,'STN29'!O46,'STN28'!O46,'STN26'!O46,'STN25'!O46,'STN24'!O46,'STN23'!O46,'STN22'!O46,'STN21'!O46,'STN20'!O46,'STN18'!O48,'STN17'!O46,'STN15'!O46,'STN14'!O46,'STN13'!O46,'STN12'!O46,'STN11'!O46,'STN10'!O46,'STN09'!O46,'STN08'!O46,'STN07'!O46,'STN06'!O46,'STN05'!O47,'STN04'!O46,'STN03'!O48,'STN02'!O48,'Stn 01'!O48,STN01A!N46) -> 2.085929
N47: Minibus, matatu | O47: =AVERAGE('STN50'!N47,'STN49'!N47,STN48A!N47,'STN47'!N47,'STN46'!N47,'STN45'!O47,'STN44'!N47,STN44A!N47,'STN43'!N47,'STN42'!N47,'STN40'!N47,'STN39'!N47,'STN38'!N47,'STN37'!N47,'STN36'!O47,'STN34'!O47,'STN33'!O47,'STN32'!O47,'STN30'!O47,'STN29'!O47,'STN28'!O47,'STN26'!O47,'STN25'!O47,'STN24'!O47,'STN23'!O47,'STN22'!O47,'STN21'!O47,'STN20'!O47,'STN18'!O49,'STN17'!O47,'STN15'!O47,'STN14'!O47,'STN13'!O47,'STN12'!O47,'STN11'!O47,'STN10'!O47,'STN09'!O47,'STN08'!O47,'STN07'!O47,'STN06'!O47,'STN05'!O48,'STN04'!O47,'STN03'!O49,'STN02'!O49,'Stn 01'!O49,STN01A!N47) -> 9.1210091
N48: Medium bus | O48: =AVERAGE('STN50'!N48,'STN49'!N48,STN48A!N48,'STN47'!N48,'STN46'!N48,'STN45'!O48,'STN44'!N48,STN44A!N48,'STN43'!N48,'STN42'!N48,'STN40'!N48,'STN39'!N48,'STN38'!N48,'STN37'!N48,'STN36'!O48,'STN34'!O48,'STN33'!O48,'STN32'!O48,'STN30'!O48,'STN29'!O48,'STN28'!O48,'STN26'!O48,'STN25'!O48,'STN24'!O48,'STN23'!O48,'STN22'!O48,'STN21'!O48,'STN20'!O48,'STN18'!O50,'STN17'!O48,'STN15'!O48,'STN14'!O48,'STN13'!O48,'STN12'!O48,'STN11'!O48,'STN10'!O48,'STN09'!O48,'STN08'!O48,'STN07'!O48,'STN06'!O48,'STN05'!O49,'STN04'!O48,'STN03'!O50,'STN02'!O50,'Stn 01'!O50,STN01A!N48) -> 18.113527
N49: Large Bus | O49: =AVERAGE('STN50'!N49,'STN49'!N49,STN48A!N49,'STN47'!N49,'STN46'!N49,'STN45'!O49,'STN44'!N49,STN44A!N49,'STN43'!N49,'STN42'!N49,'STN40'!N49,'STN39'!N49,'STN38'!N49,'STN37'!N49,'STN36'!O49,'STN34'!O49,'STN33'!O49,'STN32'!O49,'STN30'!O49,'STN29'!O49,'STN28'!O49,'STN26'!O49,'STN25'!O49,'STN24'!O49,'STN23'!O49,'STN22'!O49,'STN21'!O49,'STN20'!O49,'STN18'!O51,'STN17'!O49,'STN15'!O49,'STN14'!O49,'STN13'!O49,'STN12'!O49,'STN11'!O49,'STN10'!O49,'STN09'!O49,'STN08'!O49,'STN07'!O49,'STN06'!O49,'STN05'!O50,'STN04'!O49,'STN03'!O51,'STN02'!O51,'Stn 01'!O51,STN01A!N49) -> 21.740448
N50: Light Truck | O50: =AVERAGE('STN50'!N50,'STN49'!N50,STN48A!N50,'STN47'!N50,'STN46'!N50,'STN45'!O50,'STN44'!N50,STN44A!N50,'STN43'!N50,'STN42'!N50,'STN40'!N50,'STN39'!N50,'STN38'!N50,'STN37'!N50,'STN36'!O50,'STN34'!O50,'STN33'!O50,'STN32'!O50,'STN30'!O50,'STN29'!O50,'STN28'!O50,'STN26'!O50,'STN25'!O50,'STN24'!O50,'STN23'!O50,'STN22'!O50,'STN21'!O50,'STN20'!O50,'STN18'!O52,'STN17'!O50,'STN15'!O50,'STN14'!O50,'STN13'!O50,'STN12'!O50,'STN11'!O50,'STN10'!O50,'STN09'!O50,'STN08'!O50,'STN07'!O50,'STN06'!O50,'STN05'!O51,'STN04'!O50,'STN03'!O52,'STN02'!O52,'Stn 01'!O52,STN01A!N50) -> 2.1589214
N51: Medium Truck | O51: =AVERAGE('STN50'!N51,'STN49'!N51,STN48A!N51,'STN47'!N51,'STN46'!N51,'STN45'!O51,'STN44'!N51,STN44A!N51,'STN43'!N51,'STN42'!N51,'STN40'!N51,'STN39'!N51,'STN38'!N51,'STN37'!N51,'STN36'!O51,'STN34'!O51,'STN33'!O51,'STN32'!O51,'STN30'!O51,'STN29'!O51,'STN28'!O51,'STN26'!O51,'STN25'!O51,'STN24'!O51,'STN23'!O51,'STN22'!O51,'STN21'!O51,'STN20'!O51,'STN18'!O53,'STN17'!O51,'STN15'!O51,'STN14'!O51,'STN13'!O51,'STN12'!O51,'STN11'!O51,'STN10'!O51,'STN09'!O51,'STN08'!O51,'STN07'!O51,'STN06'!O51,'STN05'!O52,'STN04'!O51,'STN03'!O53,'STN02'!O53,'Stn 01'!O53,STN01A!N51) -> 2.3210391
N52: Heavy truck | O52: =AVERAGE('STN50'!N52,'STN49'!N52,STN48A!N52,'STN47'!N52,'STN46'!N52,'STN45'!O52,'STN44'!N52,STN44A!N52,'STN43'!N52,'STN42'!N52,'STN40'!N52,'STN39'!N52,'STN38'!N52,'STN37'!N52,'STN36'!O52,'STN34'!O52,'STN33'!O52,'STN32'!O52,'STN30'!O52,'STN29'!O52,'STN28'!O52,'STN26'!O52,'STN25'!O52,'STN24'!O52,'STN23'!O52,'STN22'!O52,'STN21'!O52,'STN20'!O52,'STN18'!O54,'STN17'!O52,'STN15'!O52,'STN14'!O52,'STN13'!O52,'STN12'!O52,'STN11'!O52,'STN10'!O52,'STN09'!O52,'STN08'!O52,'STN07'!O52,'STN06'!O52,'STN05'!O53,'STN04'!O52,'STN03'!O54,'STN02'!O54,'Stn 01'!O54,STN01A!N52) -> 2.4219846
N53: Truck Trailer | O53: =AVERAGE('STN50'!N53,'STN49'!N53,STN48A!N53,'STN47'!N53,'STN46'!N53,'STN45'!O53,'STN44'!N53,STN44A!N53,'STN43'!N53,'STN42'!N53,'STN40'!N53,'STN39'!N53,'STN38'!N53,'STN37'!N53,'STN36'!O53,'STN34'!O53,'STN33'!O53,'STN32'!O53,'STN30'!O53,'STN29'!O53,'STN28'!O53,'STN26'!O53,'STN25'!O53,'STN24'!O53,'STN23'!O53,'STN22'!O53,'STN21'!O53,'STN20'!O53,'STN18'!O55,'STN17'!O53,'STN15'!O53,'STN14'!O53,'STN13'!O53,'STN12'!O53,'STN11'!O53,'STN10'!O53,'STN09'!O53,'STN08'!O53,'STN07'!O53,'STN06'!O53,'STN05'!O54,'STN04'!O53,'STN03'!O55,'STN02'!O55,'Stn 01'!O55,STN01A!N53) -> 1.6883554
N54: Motor cycles | O54: =AVERAGE('STN50'!N54,'STN49'!N54,STN48A!N54,'STN47'!N54,'STN46'!N54,'STN45'!O54,'STN44'!N54,STN44A!N54,'STN43'!N54,'STN42'!N54,'STN40'!N54,'STN39'!N54,'STN38'!N54,'STN37'!N54,'STN36'!O54,'STN34'!O54,'STN33'!O54,'STN32'!O54,'STN30'!O54,'STN29'!O54,'STN28'!O54,'STN26'!O54,'STN25'!O54,'STN24'!O54,'STN23'!O54,'STN22'!O54,'STN21'!O54,'STN20'!O54,'STN18'!O56,'STN17'!O54,'STN15'!O54,'STN14'!O54,'STN13'!O54,'STN12'!O54,'STN11'!O54,'STN10'!O54,'STN09'!O54,'STN08'!O54,'STN07'!O54,'STN06'!O54,'STN05'!O55,'STN04'!O54,'STN03'!O56,'STN02'!O56,'Stn 01'!O56,STN01A!N54) -> 1.3382586
N55: Tractors | O55: =AVERAGE('STN50'!N55,'STN49'!N55,STN48A!N55,'STN47'!N55,'STN46'!N55,'STN45'!O55,'STN44'!N55,STN44A!N55,'STN43'!N55,'STN42'!N55,'STN40'!N55,'STN39'!N55,'STN38'!N55,'STN37'!N55,'STN36'!O55,'STN34'!O55,'STN33'!O55,'STN32'!O55,'STN30'!O55,'STN29'!O55,'STN28'!O55,'STN26'!O55,'STN25'!O55,'STN24'!O55,'STN23'!O55,'STN22'!O55,'STN21'!O55,'STN20'!O55,'STN18'!O57,'STN17'!O55,'STN15'!O55,'STN14'!O55,'STN13'!O55,'STN12'!O55,'STN11'!O55,'STN10'!O55,'STN09'!O55,'STN08'!O55,'STN07'!O55,'STN06'!O55,'STN05'!O56,'STN04'!O55,'STN03'!O57,'STN02'!O57,'Stn 01'!O57,STN01A!N55) -> 0.87272727
N56: Total | O56: =SUM(O44:O55) -> 66.188041
B59: Willingness to Pay
B60: Vehicle Types | C60: Average Price
B61: Car | C61: =AVERAGE(STN01A!C61,'Stn 01'!C61,'STN02'!C61,'STN03'!C61,'STN04'!C61,'STN05'!C61,'STN06'!C61,'STN07'!C61,'STN08'!C61,'STN09'!C61,'STN10'!C61,'STN11'!C61,'STN12'!C61,'STN13'!C61,'STN14'!C61,'STN15'!C61,'STN17'!C61,'STN18'!C61,'STN20'!C61,'STN21'!C61,'STN22'!C61,'STN23'!C61,'STN24'!C61,'STN25'!C61,'STN26'!C61,'STN28'!C61,'STN29'!C61,'STN30'!C61,'STN32'!C61,'STN33'!C61,'STN34'!C61,'STN36'!C61,'STN37'!C61,'STN38'!C61,'STN39'!C61,'STN40'!C61,'STN42'!C61,'STN43'!C61,STN44A!C61,'STN44'!C61,'STN45'!C61,'STN46'!C61,'STN47'!C61,'STN48'!C61,STN48A!C61,'STN49'!C61,'STN50'!C61) -> 2256.9801
B62: Station Wagon | C62: =AVERAGE(STN01A!C62,'Stn 01'!C62,'STN02'!C62,'STN03'!C62,'STN04'!C62,'STN05'!C62,'STN06'!C62,'STN07'!C62,'STN08'!C62,'STN09'!C62,'STN10'!C62,'STN11'!C62,'STN12'!C62,'STN13'!C62,'STN14'!C62,'STN15'!C62,'STN17'!C62,'STN18'!C62,'STN20'!C62,'STN21'!C62,'STN22'!C62,'STN23'!C62,'STN24'!C62,'STN25'!C62,'STN26'!C62,'STN28'!C62,'STN29'!C62,'STN30'!C62,'STN32'!C62,'STN33'!C62,'STN34'!C62,'STN36'!C62,'STN37'!C62,'STN38'!C62,'STN39'!C62,'STN40'!C62,'STN42'!C62,'STN43'!C62,STN44A!C62,'STN44'!C62,'STN45'!C62,'STN46'!C62,'STN47'!C62,'STN48'!C62,STN48A!C62,'STN49'!C62,'STN50'!C62) -> 2301.6869
B63: Pickups | C63: =AVERAGE(STN01A!C63,'Stn 01'!C63,'STN02'!C63,'STN03'!C63,'STN04'!C63,'STN05'!C63,'STN06'!C63,'STN07'!C63,'STN08'!C63,'STN09'!C63,'STN10'!C63,'STN11'!C63,'STN12'!C63,'STN13'!C63,'STN14'!C63,'STN15'!C63,'STN17'!C63,'STN18'!C63,'STN20'!C63,'STN21'!C63,'STN22'!C63,'STN23'!C63,'STN24'!C63,'STN25'!C63,'STN26'!C63,'STN28'!C63,'STN29'!C63,'STN30'!C63,'STN32'!C63,'STN33'!C63,'STN34'!C63,'STN36'!C63,'STN37'!C63,'STN38'!C63,'STN39'!C63,'STN40'!C63,'STN42'!C63,'STN43'!C63,STN44A!C63,'STN44'!C63,'STN45'!C63,'STN46'!C63,'STN47'!C63,'STN48'!C63,STN48A!C63,'STN49'!C63,'STN50'!C63) -> 2199.0095
B64: Minibus, matatu | C64: =AVERAGE(STN01A!C64,'Stn 01'!C64,'STN02'!C64,'STN03'!C64,'STN04'!C64,'STN05'!C64,'STN06'!C64,'STN07'!C64,'STN08'!C64,'STN09'!C64,'STN10'!C64,'STN11'!C64,'STN12'!C64,'STN13'!C64,'STN14'!C64,'STN15'!C64,'STN17'!C64,'STN18'!C64,'STN20'!C64,'STN21'!C64,'STN22'!C64,'STN23'!C64,'STN24'!C64,'STN25'!C64,'STN26'!C64,'STN28'!C64,'STN29'!C64,'STN30'!C64,'STN32'!C64,'STN33'!C64,'STN34'!C64,'STN36'!C64,'STN37'!C64,'STN38'!C64,'STN39'!C64,'STN40'!C64,'STN42'!C64,'STN43'!C64,STN44A!C64,'STN44'!C64,'STN45'!C64,'STN46'!C64,'STN47'!C64,'STN48'!C64,STN48A!C64,'STN49'!C64,'STN50'!C64) -> 2128.419
B65: Medium bus | C65: =AVERAGE(STN01A!C65,'Stn 01'!C65,'STN02'!C65,'STN03'!C65,'STN04'!C65,'STN05'!C65,'STN06'!C65,'STN07'!C65,'STN08'!C65,'STN09'!C65,'STN10'!C65,'STN11'!C65,'STN12'!C65,'STN13'!C65,'STN14'!C65,'STN15'!C65,'STN17'!C65,'STN18'!C65,'STN20'!C65,'STN21'!C65,'STN22'!C65,'STN23'!C65,'STN24'!C65,'STN25'!C65,'STN26'!C65,'STN28'!C65,'STN29'!C65,'STN30'!C65,'STN32'!C65,'STN33'!C65,'STN34'!C65,'STN36'!C65,'STN37'!C65,'STN38'!C65,'STN39'!C65,'STN40'!C65,'STN42'!C65,'STN43'!C65,STN44A!C65,'STN44'!C65,'STN45'!C65,'STN46'!C65,'STN47'!C65,'STN48'!C65,STN48A!C65,'STN49'!C65,'STN50'!C65) -> 2341.4262
B66: Large Bus | C66: =AVERAGE(STN01A!C66,'Stn 01'!C66,'STN02'!C66,'STN03'!C66,'STN04'!C66,'STN05'!C66,'STN06'!C66,'STN07'!C66,'STN08'!C66,'STN09'!C66,'STN10'!C66,'STN11'!C66,'STN12'!C66,'STN13'!C66,'STN14'!C66,'STN15'!C66,'STN17'!C66,'STN18'!C66,'STN20'!C66,'STN21'!C66,'STN22'!C66,'STN23'!C66,'STN24'!C66,'STN25'!C66,'STN26'!C66,'STN28'!C66,'STN29'!C66,'STN30'!C66,'STN32'!C66,'STN33'!C66,'STN34'!C66,'STN36'!C66,'STN37'!C66,'STN38'!C66,'STN39'!C66,'STN40'!C66,'STN42'!C66,'STN43'!C66,STN44A!C66,'STN44'!C66,'STN45'!C66,'STN46'!C66,'STN47'!C66,'STN48'!C66,STN48A!C66,'STN49'!C66,'STN50'!C66) -> 1622.4937
B67: Light Truck | C67: =AVERAGE(STN01A!C67,'Stn 01'!C67,'STN02'!C67,'STN03'!C67,'STN04'!C67,'STN05'!C67,'STN06'!C67,'STN07'!C67,'STN08'!C67,'STN09'!C67,'STN10'!C67,'STN11'!C67,'STN12'!C67,'STN13'!C67,'STN14'!C67,'STN15'!C67,'STN17'!C67,'STN18'!C67,'STN20'!C67,'STN21'!C67,'STN22'!C67,'STN23'!C67,'STN24'!C67,'STN25'!C67,'STN26'!C67,'STN28'!C67,'STN29'!C67,'STN30'!C67,'STN32'!C67,'STN33'!C67,'STN34'!C67,'STN36'!C67,'STN37'!C67,'STN38'!C67,'STN39'!C67,'STN40'!C67,'STN42'!C67,'STN43'!C67,STN44A!C67,'STN44'!C67,'STN45'!C67,'STN46'!C67,'STN47'!C67,'STN48'!C67,STN48A!C67,'STN49'!C67,'STN50'!C67) -> 2253.2957
B68: Medium Truck | C68: =AVERAGE(STN01A!C68,'Stn 01'!C68,'STN02'!C68,'STN03'!C68,'STN04'!C68,'STN05'!C68,'STN06'!C68,'STN07'!C68,'STN08'!C68,'STN09'!C68,'STN10'!C68,'STN11'!C68,'STN12'!C68,'STN13'!C68,'STN14'!C68,'STN15'!C68,'STN17'!C68,'STN18'!C68,'STN20'!C68,'STN21'!C68,'STN22'!C68,'STN23'!C68,'STN24'!C68,'STN25'!C68,'STN26'!C68,'STN28'!C68,'STN29'!C68,'STN30'!C68,'STN32'!C68,'STN33'!C68,'STN34'!C68,'STN36'!C68,'STN37'!C68,'STN38'!C68,'STN39'!C68,'STN40'!C68,'STN42'!C68,'STN43'!C68,STN44A!C68,'STN44'!C68,'STN45'!C68,'STN46'!C68,'STN47'!C68,'STN48'!C68,STN48A!C68,'STN49'!C68,'STN50'!C68) -> 2407.4578
B69: Heavy truck | C69: =AVERAGE(STN01A!C69,'Stn 01'!C69,'STN02'!C69,'STN03'!C69,'STN04'!C69,'STN05'!C69,'STN06'!C69,'STN07'!C69,'STN08'!C69,'STN09'!C69,'STN10'!C69,'STN11'!C69,'STN12'!C69,'STN13'!C69,'STN14'!C69,'STN15'!C69,'STN17'!C69,'STN18'!C69,'STN20'!C69,'STN21'!C69,'STN22'!C69,'STN23'!C69,'STN24'!C69,'STN25'!C69,'STN26'!C69,'STN28'!C69,'STN29'!C69,'STN30'!C69,'STN32'!C69,'STN33'!C69,'STN34'!C69,'STN36'!C69,'STN37'!C69,'STN38'!C69,'STN39'!C69,'STN40'!C69,'STN42'!C69,'STN43'!C69,STN44A!C69,'STN44'!C69,'STN45'!C69,'STN46'!C69,'STN47'!C69,'STN48'!C69,STN48A!C69,'STN49'!C69,'STN50'!C69) -> 2812.1066
B70: Truck Trailer | C70: =AVERAGE(STN01A!C70,'Stn 01'!C70,'STN02'!C70,'STN03'!C70,'STN04'!C70,'STN05'!C70,'STN06'!C70,'STN07'!C70,'STN08'!C70,'STN09'!C70,'STN10'!C70,'STN11'!C70,'STN12'!C70,'STN13'!C70,'STN14'!C70,'STN15'!C70,'STN17'!C70,'STN18'!C70,'STN20'!C70,'STN21'!C70,'STN22'!C70,'STN23'!C70,'STN24'!C70,'STN25'!C70,'STN26'!C70,'STN28'!C70,'STN29'!C70,'STN30'!C70,'STN32'!C70,'STN33'!C70,'STN34'!C70,'STN36'!C70,'STN37'!C70,'STN38'!C70,'STN39'!C70,'STN40'!C70,'STN42'!C70,'STN43'!C70,STN44A!C70,'STN44'!C70,'STN45'!C70,'STN46'!C70,'STN47'!C70,'STN48'!C70,STN48A!C70,'STN49'!C70,'STN50'!C70) -> 1829.9202
B71: Motor cycles | C71: =AVERAGE(STN01A!C71,'Stn 01'!C71,'STN02'!C71,'STN03'!C71,'STN04'!C71,'STN05'!C71,'STN06'!C71,'STN07'!C71,'STN08'!C71,'STN09'!C71,'STN10'!C71,'STN11'!C71,'STN12'!C71,'STN13'!C71,'STN14'!C71,'STN15'!C71,'STN17'!C71,'STN18'!C71,'STN20'!C71,'STN21'!C71,'STN22'!C71,'STN23'!C71,'STN24'!C71,'STN25'!C71,'STN26'!C71,'STN28'!C71,'STN29'!C71,'STN30'!C71,'STN32'!C71,'STN33'!C71,'STN34'!C71,'STN36'!C71,'STN37'!C71,'STN38'!C71,'STN39'!C71,'STN40'!C71,'STN42'!C71,'STN43'!C71,STN44A!C71,'STN44'!C71,'STN45'!C71,'STN46'!C71,'STN47'!C71,'STN48'!C71,STN48A!C71,'STN49'!C71,'STN50'!C71) -> 1835.7816
B72: Tractors | C72: =AVERAGE(STN01A!C72,'Stn 01'!C72,'STN02'!C72,'STN03'!C72,'STN04'!C72,'STN05'!C72,'STN06'!C72,'STN07'!C72,'STN08'!C72,'STN09'!C72,'STN10'!C72,'STN11'!C72,'STN12'!C72,'STN13'!C72,'STN14'!C72,'STN15'!C72,'STN17'!C72,'STN18'!C72,'STN20'!C72,'STN21'!C72,'STN22'!C72,'STN23'!C72,'STN24'!C72,'STN25'!C72,'STN26'!C72,'STN28'!C72,'STN29'!C72,'STN30'!C72,'STN32'!C72,'STN33'!C72,'STN34'!C72,'STN36'!C72,'STN37'!C72,'STN38'!C72,'STN39'!C72,'STN40'!C72,'STN42'!C72,'STN43'!C72,STN44A!C72,'STN44'!C72,'STN45'!C72,'STN46'!C72,'STN47'!C72,'STN48'!C72,STN48A!C72,'STN49'!C72,'STN50'!C72) -> 802.99145
B79: Average Trip Length
B80: Trip Length Range (Km) | C80: Cumm-ulative | D80: No of Vehicles | E80: Percentage
B81: 0-1 | C81: 41.808511 | D81: =C81 -> 41.808511 | E81: =D81/$C$89 -> 0.072664744
B82: 1-2.5 | C82: 87.021277 | D82: =C82-C81 -> 45.212766 | E82: =D82/$C$89 -> 0.078581466
B83: 2.5-5.0 | C83: 216.85106 | D83: =C83-C82 -> 129.82979 | E83: =D83/$C$89 -> 0.22564899
B84: 5.0-10.0 | C84: 360.80851 | D84: =C84-C83 -> 143.95745 | E84: =D84/$C$89 -> 0.25020339
B85: 10.0-20.0 | C85: 463.57447 | D85: =C85-C84 -> 102.76596 | E85: =D85/$C$89 -> 0.17861105
B86: 20.0-50.0 | C86: 524.6383 | D86: =C86-C85 -> 61.06383 | E86: =D86/$C$89 -> 0.1061312
B87: 50.0-100.0 | C87: 544.44681 | D87: =C87-C86 -> 19.808511 | E87: =D87/$C$89 -> 0.034427927
B88: 100.0-250.0 | C88: 564.06383 | D88: =C88-C87 -> 19.617021 | E88: =D88/$C$89 -> 0.034095111
B89: Over 250 | C89: 575.3617 | D89: =C89-C88 -> 11.297872 | E89: =D89/$C$89 -> 0.019636122

Sheet STN01A
B2: STN01A OD ANALYSIS
B4: Vehicle OD Sample Proportions | N4: Average Journey Time
B5: Vehicle Types | C5: OD Sample | D5: OD Sample, % | N5: Journey Time Range (Hrs) | O5: Cummu-lative | P5: No of Vehicles | Q5: No. of Vehicles, %
B6: Car | C6: 728 | D6: =C6/$C$18 -> 0.44309191 | N6: 0-0.25 | O6: 308 | P6: =O6 -> 308 | Q6: =P6/$O$16 -> 0.21038251
B7: Station Wagon | C7: 100 | D7: =C7/$C$18 -> 0.060864273 | N7: 0.25-0.50 | O7: 827 | P7: =O7-O6 -> 519 | Q7: =P7/$O$16 -> 0.3545082
B8: Pickups | C8: 60 | D8: =C8/$C$18 -> 0.036518564 | N8: 0.50-0.75 | O8: 1019 | P8: =O8-O7 -> 192 | Q8: =P8/$O$16 -> 0.13114754
B9: Minibus, matatu | C9: 306 | D9: =C9/$C$18 -> 0.18624467 | N9: 0.75-1.00 | O9: 1305 | P9: =O9-O8 -> 286 | Q9: =P9/$O$16 -> 0.19535519
B10: Medium bus | C10: 11 | D10: =C10/$C$18 -> 0.00669507 | N10: 1.00-1.50 | O10: 1347 | P10: =O10-O9 -> 42 | Q10: =P10/$O$16 -> 0.028688525
B11: Large Bus | C11: 2 | D11: =C11/$C$18 -> 0.0012172855 | N11: 1.5-2.0 | O11: 1407 | P11: =O11-O10 -> 60 | Q11: =P11/$O$16 -> 0.040983607
B12: Light Truck | C12: 123 | D12: =C12/$C$18 -> 0.074863055 | N12: 2.0-3.0 | O12: 1436 | P12: =O12-O11 -> 29 | Q12: =P12/$O$16 -> 0.019808743
B13: Medium Truck | C13: 50 | D13: =C13/$C$18 -> 0.030432136 | N13: 3.0-5.0 | O13: 1454 | P13: =O13-O12 -> 18 | Q13: =P13/$O$16 -> 0.012295082
B14: Heavy truck | C14: 14 | D14: =C14/$C$18 -> 0.0085209982 | N14: 5.0-7.5 | O14: 1461 | P14: =O14-O13 -> 7 | Q14: =P14/$O$16 -> 0.0047814208
B15: Truck Trailer | C15: 3 | D15: =C15/$C$18 -> 0.0018259282 | N15: 7.5-10 | O15: 1463 | P15: =O15-O14 -> 2 | Q15: =P15/$O$16 -> 0.0013661202
B16: Motor cycles | C16: 245 | D16: =C16/$C$18 -> 0.14911747 | N16: Over 10 | O16: 1464 | P16: =O16-O15 -> 1 | Q16: =P16/$O$16 -> 0.00068306011
B17: Tractors | C17: 1 | D17: =C17/$C$18 -> 0.00060864273
B18: Total | C18: =SUM(C6:C17) -> 1643
B19: ADT | C19: 35950 | D19: =C18/C19 -> 0.045702364
N22: Trip Frequency
B23: Journey Purpose | N23: Trip Frequency | O23: No of Vehicles | P23: No. of Vehicles, %
B24: Purpose | C24: Respondents | D24: Percent | N24: More than 2 times every day | O24: 593 | P24: =O24/$O$30 -> 5.7019231
B25: Home-Work | C25: 301 | D25: =C25/$C$30 -> 0.18320146 | N25: Daily (Up and Down) | O25: 543 | P25: =O25/$O$30 -> 5.2211538
B26: Home-Study | C26: 2 | D26: =C26/$C$30 -> 0.0012172855 | N26: 2/3 times a week | O26: 179 | P26: =O26/$O$30 -> 1.7211538
B27: Work-Home | C27: 43 | D27: =C27/$C$30 -> 0.026171637 | N27: Once a week | O27: 593 | P27: =O27/$O$30 -> 5.7019231
B28: Work-Work | C28: 68 | D28: =C28/$C$30 -> 0.041387705 | N28: Once a month | O28: 543 | P28: =O28/$O$30 -> 5.2211538
B29: Others | C29: 1229 | D29: =C29/$C$30 -> 0.74802191 | N29: Once in a while | O29: 179 | P29: =O29/$O$30 -> 1.7211538
B30: Total | C30: =C18 -> 1643 | N30: Total | O30: 104
O31: 35
O32: 110
B41: Expressway Use
B42: Response | C42: Number | D42: Percent
B43: Yes | C43: 1612 | D43: =C43/$C$45 -> 0.98113208 | M43: Vehicle Types | N43: Average Occupancy
B44: No | C44: 31 | D44: =C44/$C$45 -> 0.018867925 | M44: Car | N44: =AVERAGE('[47]ALL DATA'!$E$9:$E$736) -> 2.3791209
B45: Total | C45: =C30 -> 1643 | M45: Station Wagon | N45: =AVERAGE('[47]ALL DATA'!$E$737:$E$836) -> 2.53
M46: Pickups | N46: =AVERAGE('[47]ALL DATA'!$E$837:$E$896) -> 2.5
M47: Minibus, matatu | N47: =AVERAGE('[47]ALL DATA'!$E$897:$E$1202) -> 8.6960784
M48: Medium bus | N48: =AVERAGE('[47]ALL DATA'!$E$1203:$E$1215) -> 12.076923
M49: Large Bus | N49: =AVERAGE('[47]ALL DATA'!$E$1214:$E$1215) -> 6
M50: Light Truck | N50: =AVERAGE('[47]ALL DATA'!$E$1216:$E$1338) -> 1.9268293
M51: Medium Truck | N51: =AVERAGE('[47]ALL DATA'!$E$1339:$E$1388) -> 2.46
M52: Heavy truck | N52: =AVERAGE('[47]ALL DATA'!$E$1389:$E$1401) -> 2.2307692
M53: Truck Trailer | N53: =AVERAGE('[47]ALL DATA'!$E$1403:$E$1405) -> 1.3333333
M54: Motor cycles | N54: =AVERAGE('[47]ALL DATA'!$E$1406:$E$1650) -> 1.2040816
M55: Tractors | N55: =AVERAGE('[47]ALL DATA'!$E$1651:$E$1652) -> 2.5
M56: Total | N56: =C18 -> 1643
B59: Willingness to Pay
B60: Vehicle Types | C60: Average Price
B61: Car | C61: 2060.1411
B62: Station Wagon | C62: 2004.1667
B63: Pickups | C63: 2367.9245 | M63: Average Trip Length
B64: Minibus, matatu | C64: 1524.9012 | M64: Trip Length Range | N64: Cumm-ulative | O64: No of Vehicles | P64: Percentage
B65: Medium bus | C65: 2375 | M65: 0-1 | N65: 79 | O65: =N65 -> 79 | P65: =O65/$N$73 -> 0.062998405
B66: Large Bus | C66: 1000 | M66: 1-2.5 | N66: 208 | O66: =N66-N65 -> 129 | P66: =O66/$N$73 -> 0.10287081
B67: Light Truck | C67: 2245.6044 | M67: 2.5-5.0 | N67: 596 | O67: =N67-N66 -> 388 | P67: =O67/$N$73 -> 0.30940989
B68: Medium Truck | C68: 1661.7647 | M68: 5.0-10.0 | N68: 964 | O68: =N68-N67 -> 368 | P68: =O68/$N$73 -> 0.29346093
B69: Heavy truck | C69: 1541.6667 | M69: 10.0-20.0 | N69: 1164 | O69: =N69-N68 -> 200 | P69: =O69/$N$73 -> 0.15948963
B70: Truck Trailer | C70: 4000 | M70: 20.0-50.0 | N70: 1234 | O70: =N70-N69 -> 70 | P70: =O70/$N$73 -> 0.055821372
B71: Motor cycles | C71: 1847.7157 | M71: 50.0-100.0 | N71: 1240 | O71: =N71-N70 -> 6 | P71: =O71/$N$73 -> 0.004784689
B72: Tractors | C72: 500 | M72: 100.0-250.0 | N72: 1247 | O72: =N72-N71 -> 7 | P72: =O72/$N$73 -> 0.0055821372
B73: Total | C73: =C18 -> 1643 | M73: Over 250 | N73: 1254 | O73: =N73-N72 -> 7 | P73: =O73/$N$73 -> 0.0055821372

Sheet Stn 01
B2: STN01 OD ANALYSIS
B4: Vehicle OD Sample Proportions | N4: Average Journey Time
B5: Vehicle Types | C5: OD Sample | D5: OD Sample, % | N5: Journey Time Range (Hrs) | O5: Cummu-lative | P5: No of Vehicles | Q5: No. of Vehicles, %
B6: Car | C6: 479 | D6: =C6/$C$18 -> 0.34263233 | N6: 0-0.25 | O6: 363 | P6: =O6 -> 363 | Q6: =P6/$O$16 -> 0.31842105
B7: Station Wagon | C7: 104 | D7: =C7/$C$18 -> 0.074391989 | N7: 0.25-0.50 | O7: 737 | P7: =O7-O6 -> 374 | Q7: =P7/$O$16 -> 0.32807018
B8: Pickups | C8: 57 | D8: =C8/$C$18 -> 0.040772532 | N8: 0.50-0.75 | O8: 855 | P8: =O8-O7 -> 118 | Q8: =P8/$O$16 -> 0.10350877
B9: Minibus, matatu | C9: 114 | D9: =C9/$C$18 -> 0.081545064 | N9: 0.75-1.00 | O9: 1008 | P9: =O9-O8 -> 153 | Q9: =P9/$O$16 -> 0.13421053
B10: Medium bus | C10: 7 | D10: =C10/$C$18 -> 0.0050071531 | N10: 1.00-1.50 | O10: 1041 | P10: =O10-O9 -> 33 | Q10: =P10/$O$16 -> 0.028947368
B11: Large Bus | C11: 0 | D11: =C11/$C$18 -> 0 | N11: 1.5-2.0 | O11: 1101 | P11: =O11-O10 -> 60 | Q11: =P11/$O$16 -> 0.052631579
B12: Light Truck | C12: 84 | D12: =C12/$C$18 -> 0.060085837 | N12: 2.0-3.0 | O12: 1124 | P12: =O12-O11 -> 23 | Q12: =P12/$O$16 -> 0.020175439
B13: Medium Truck | C13: 38 | D13: =C13/$C$18 -> 0.027181688 | N13: 3.0-5.0 | O13: 1139 | P13: =O13-O12 -> 15 | Q13: =P13/$O$16 -> 0.013157895
B14: Heavy truck | C14: 6 | D14: =C14/$C$18 -> 0.0042918455 | N14: 5.0-7.5 | O14: 1140 | P14: =O14-O13 -> 1 | Q14: =P14/$O$16 -> 0.00087719298
B15: Truck Trailer | C15: 3 | D15: =C15/$C$18 -> 0.0021459227 | N15: 7.5-10 | O15: 1140 | P15: =O15-O14 -> 0 | Q15: =P15/$O$16 -> 0
B16: Motor cycles | C16: 506 | D16: =C16/$C$18 -> 0.36194564 | N16: Over 10 | O16: 1140 | P16: =O16-O15 -> 0 | Q16: =P16/$O$16 -> 0
B17: Tractors | C17: 0 | D17: =C17/$C$18 -> 0
B18: Total | C18: =SUM(C6:C17) -> 1398
B19: ADT | C19: 38339 | D19: =C18/C19 -> 0.036464175
N22: Trip Frequency
B23: Journey Purpose | N23: Trip Frequency | O23: No of Vehicles | P23: No. of Vehicles, %
B24: Purpose | C24: Respondents | D24: Percent | N24: More than 2 times every day | O24: 489 | P24: =O24/$O$30 -> 0.36222222
B25: Home-Work | C25: 226 | D25: =C25/$C$30 -> 0.16165951 | N25: Daily (Up and Down) | O25: 599 | P25: =O25/$O$30 -> 0.4437037
B26: Home-Study | C26: 6 | D26: =C26/$C$30 -> 0.0042918455 | N26: 2/3 times a week | O26: 85 | P26: =O26/$O$30 -> 0.062962963
B27: Work-Home | C27: 115 | D27: =C27/$C$30 -> 0.082260372 | N27: Once a week | O27: 70 | P27: =O27/$O$30 -> 0.051851852
B28: Work-Work | C28: 59 | D28: =C28/$C$30 -> 0.042203147 | N28: Once a month | O28: 14 | P28: =O28/$O$30 -> 0.01037037
B29: Others | C29: 992 | D29: =C29/$C$30 -> 0.70958512 | N29: Once in a while | O29: 93 | P29: =O29/$O$30 -> 0.068888889
B30: Total | C30: =C18 -> 1398 | N30: Total | O30: =SUM(O24:O29) -> 1350
B41: Expressway Use
B42: Response | C42: Number | D42: Percent
B43: Yes | C43: 1114 | D43: =C43/$C$45 -> 0.79685265
B44: No | C44: 284 | D44: =C44/$C$45 -> 0.20314735
B45: Total | C45: =C30 -> 1398 | N45: Vehicle Types | O45: Average Occupancy
N46: Car | O46: 1.7505285
N47: Station Wagon | O47: 1.9705882
N48: Pickups | O48: 1.7894737
N49: Minibus, matatu | O49: 6.8672566
N50: Medium bus | O50: 4
N51: Large Bus | O51: 0
N52: Light Truck | O52: 1.8095238
N53: Medium Truck | O53: 2.0789474
N54: Heavy truck | O54: 2.1666667
N55: Truck Trailer | O55: 1.3333333
N56: Motor cycles | O56: 1.1010101
N57: Tractors
N58: Total | O58: =C18 -> 1398
B59: Willingness to Pay
B60: Vehicle Types | C60: Average Price
B61: Car | C61: 2595
B62: Station Wagon | C62: 2581.4103
B63: Pickups | C63: 1858.0645
B64: Minibus, matatu | C64: 2912.6866
B65: Medium bus | C65: 4000 | N65: Average Trip Length
B66: Large Bus | N66: Trip Length Range | O66: Cumm-ulative | P66: No of Vehicles | Q66: Percentage
B67: Light Truck | C67: 2824 | N67: 0-1 | O67: 56 | P67: =O67 -> 56 | Q67: =P67/$O$75 -> 0.083832335
B68: Medium Truck | C68: 2996.4286 | N68: 1-2.5 | O68: 165 | P68: =O68-O67 -> 109 | Q68: =P68/$O$75 -> 0.16317365
B69: Heavy truck | C69: 2400 | N69: 2.5-5.0 | O69: 392 | P69: =O69-O68 -> 227 | Q69: =P69/$O$75 -> 0.33982036
B70: Truck Trailer | C70: 6000 | N70: 5.0-10.0 | O70: 537 | P70: =O70-O69 -> 145 | Q70: =P70/$O$75 -> 0.21706587
B71: Motor cycles | C71: 2444.2568 | N71: 10.0-20.0 | O71: 600 | P71: =O71-O70 -> 63 | Q71: =P71/$O$75 -> 0.094311377
B72: Tractors | N72: 20.0-50.0 | O72: 644 | P72: =O72-O71 -> 44 | Q72: =P72/$O$75 -> 0.065868263
B73: Total | C73: =C18 -> 1398 | N73: 50.0-100.0 | O73: 656 | P73: =O73-O72 -> 12 | Q73: =P73/$O$75 -> 0.017964072
N74: 100.0-250.0 | O74: 666 | P74: =O74-O73 -> 10 | Q74: =P74/$O$75 -> 0.01497006
N75: Over 250 | O75: 668 | P75: =O75-O74 -> 2 | Q75: =P75/$O$75 -> 0.002994012

Sheet STN02
B2: STN02 OD ANALYSIS
B4: Vehicle OD Sample Proportions | N4: Average Journey Time
B5: Vehicle Types | C5: OD Sample | D5: OD Sample, % | N5: Journey Time Range (Hrs) | O5: Cummu-lative | P5: No of Vehicles | Q5: No. of Vehicles, %
B6: Car | C6: 504 | D6: =C6/$C$18 -> 0.34169492 | N6: 0-0.25 | O6: 73 | P6: =O6 -> 73 | Q6: =P6/$O$16 -> 0.063368056
B7: Station Wagon | C7: 95 | D7: =C7/$C$18 -> 0.06440678 | N7: 0.25-0.50 | O7: 462 | P7: =O7-O6 -> 389 | Q7: =P7/$O$16 -> 0.33767361
B8: Pickups | C8: 79 | D8: =C8/$C$18 -> 0.053559322 | N8: 0.50-0.75 | O8: 607 | P8: =O8-O7 -> 145 | Q8: =P8/$O$16 -> 0.12586806
B9: Minibus, matatu | C9: 321 | D9: =C9/$C$18 -> 0.21762712 | N9: 0.75-1.00 | O9: 886 | P9: =O9-O8 -> 279 | Q9: =P9/$O$16 -> 0.2421875
B10: Medium bus | C10: 42 | D10: =C10/$C$18 -> 0.028474576 | N10: 1.00-1.50 | O10: 997 | P10: =O10-O9 -> 111 | Q10: =P10/$O$16 -> 0.096354167
B11: Large Bus | C11: 9 | D11: =C11/$C$18 -> 0.0061016949 | N11: 1.5-2.0 | O11: 1089 | P11: =O11-O10 -> 92 | Q11: =P11/$O$16 -> 0.079861111
B12: Light Truck | C12: 141 | D12: =C12/$C$18 -> 0.09559322 | N12: 2.0-3.0 | O12: 1117 | P12: =O12-O11 -> 28 | Q12: =P12/$O$16 -> 0.024305556
B13: Medium Truck | C13: 86 | D13: =C13/$C$18 -> 0.058305085 | N13: 3.0-5.0 | O13: 1138 | P13: =O13-O12 -> 21 | Q13: =P13/$O$16 -> 0.018229167
B14: Heavy truck | C14: 21 | D14: =C14/$C$18 -> 0.014237288 | N14: 5.0-7.5 | O14: 1148 | P14: =O14-O13 -> 10 | Q14: =P14/$O$16 -> 0.0086805556
B15: Truck Trailer | C15: 10 | D15: =C15/$C$18 -> 0.006779661 | N15: 7.5-10 | O15: 1148 | P15: =O15-O14 -> 0 | Q15: =P15/$O$16 -> 0
B16: Motor cycles | C16: 166 | D16: =C16/$C$18 -> 0.11254237 | N16: Over 10 | O16: 1152 | P16: =O16-O15 -> 4 | Q16: =P16/$O$16 -> 0.0034722222
B17: Tractors | C17: 1 | D17: =C17/$C$18 -> 0.0006779661
B18: Total | C18: =SUM(C6:C17) -> 1475
B19: ADT | C19: 71610 | D19: =C18/C19 -> 0.020597682
N22: Trip Frequency
B23: Journey Purpose | N23: Trip Frequency | O23: No of Vehicles | P23: No. of Vehicles, %
B24: Purpose | C24: Respondents | D24: Percent | N24: More than 2 times every day | O24: 419 | P24: =O24/$O$30 -> 0.29716312
B25: Home-Work | C25: 172 | D25: =C25/$C$30 -> 0.11661017 | N25: Daily (Up and Down) | O25: 595 | P25: =O25/$O$30 -> 0.42198582
B26: Home-Study | C26: 10 | D26: =C26/$C$30 -> 0.006779661 | N26: 2/3 times a week | O26: 203 | P26: =O26/$O$30 -> 0.14397163
B27: Work-Home | C27: 76 | D27: =C27/$C$30 -> 0.051525424 | N27: Once a week | O27: 69 | P27: =O27/$O$30 -> 0.04893617
B28: Work-Work | C28: 58 | D28: =C28/$C$30 -> 0.039322034 | N28: Once a month | O28: 32 | P28: =O28/$O$30 -> 0.022695035
B29: Others | C29: 1159 | D29: =C29/$C$30 -> 0.78576271 | N29: Once in a while | O29: 92 | P29: =O29/$O$30 -> 0.065248227
B30: Total | C30: =C18 -> 1475 | N30: Total | O30: =SUM(O24:O29) -> 1410
B41: Expressway Use
B42: Response | C42: Number | D42: Percent
B43: Yes | C43: 1185 | D43: =C43/$C$45 -> 0.80338983
B44: No | C44: 290 | D44: =C44/$C$45 -> 0.19661017
B45: Total | C45: =C30 -> 1475 | N45: Vehicle Types | O45: Average Occupancy
N46: Car | O46: 1.9114688
N47: Station Wagon | O47: 1.7659574
N48: Pickups | O48: 2.2179487
N49: Minibus, matatu | O49: 12.388715
N50: Medium bus | O50: 26.02381
N51: Large Bus | O51: 38.875
N52: Light Truck | O52: 2.141844
N53: Medium Truck | O53: 2.3176471
N54: Heavy truck | O54: 2.4285714
N55: Truck Trailer | O55: 2
N56: Motor cycles | O56: 1.0969697
N57: Tractors | O57: 2
N58: Total | O58: =C18 -> 1475
B59: Willingness to Pay
B60: Vehicle Types | C60: Average Price
B61: Car | C61: 2329.3399
B62: Station Wagon | C62: 1926.5823
B63: Pickups | C63: 2287.8788
B64: Minibus, matatu | C64: 2164.2586 | N64: Average Trip Length
B65: Medium bus | C65: 2625 | N65: Trip Length Range | O65: Cumm-ulative | P65: No of Vehicles | Q65: Percentage
B66: Large Bus | C66: 1388.8889 | N66: 0-1 | O66: 16 | P66: =O66 -> 16 | Q66: =P66/$O$74 -> 0.01862631
B67: Light Truck | C67: 2127.3504 | N67: 1-2.5 | O67: 49 | P67: =O67-O66 -> 33 | Q67: =P67/$O$74 -> 0.038416764
B68: Medium Truck | C68: 2060.8108 | N68: 2.5-5.0 | O68: 198 | P68: =O68-O67 -> 149 | Q68: =P68/$O$74 -> 0.17345751
B69: Heavy truck | C69: 3000 | N69: 5.0-10.0 | O69: 406 | P69: =O69-O68 -> 208 | Q69: =P69/$O$74 -> 0.24214203
B70: Truck Trailer | C70: 2250 | N70: 10.0-20.0 | O70: 589 | P70: =O70-O69 -> 183 | Q70: =P70/$O$74 -> 0.21303842
B71: Motor cycles | C71: 2113.1387 | N71: 20.0-50.0 | O71: 828 | P71: =O71-O70 -> 239 | Q71: =P71/$O$74 -> 0.2782305
B72: Tractors | C72: 1000 | N72: 50.0-100.0 | O72: 840 | P72: =O72-O71 -> 12 | Q72: =P72/$O$74 -> 0.013969732
B73: Total | C73: =C18 -> 1475 | N73: 100.0-250.0 | O73: 852 | P73: =O73-O72 -> 12 | Q73: =P73/$O$74 -> 0.013969732
N74: Over 250 | O74: 859 | P74: =O74-O73 -> 7 | Q74: =P74/$O$74 -> 0.0081490105

Sheet STN03
B2: STN03 OD ANALYSIS
B4: Vehicle OD Sample Proportions | N4: Average Journey Time
B5: Vehicle Types | C5: OD Sample | D5: OD Sample, % | N5: Journey Time Range (Hrs) | O5: Cummu-lative | P5: No of Vehicles | Q5: No. of Vehicles, %
B6: Car | C6: 266 | D6: =C6/$C$18 -> 0.39820359 | N6: 0-0.25 | O6: 134 | P6: =O6 -> 134 | Q6: =P6/$O$16 -> 0.22750424
B7: Station Wagon | C7: 81 | D7: =C7/$C$18 -> 0.12125749 | N7: 0.25-0.50 | O7: 293 | P7: =O7-O6 -> 159 | Q7: =P7/$O$16 -> 0.26994907
B8: Pickups | C8: 37 | D8: =C8/$C$18 -> 0.055389222 | N8: 0.50-0.75 | O8: 348 | P8: =O8-O7 -> 55 | Q8: =P8/$O$16 -> 0.093378608
B9: Minibus, matatu | C9: 74 | D9: =C9/$C$18 -> 0.11077844 | N9: 0.75-1.00 | O9: 490 | P9: =O9-O8 -> 142 | Q9: =P9/$O$16 -> 0.24108659
B10: Medium bus | C10: 3 | D10: =C10/$C$18 -> 0.004491018 | N10: 1.00-1.50 | O10: 519 | P10: =O10-O9 -> 29 | Q10: =P10/$O$16 -> 0.049235993
B11: Large Bus | C11: 1 | D11: =C11/$C$18 -> 0.001497006 | N11: 1.5-2.0 | O11: 556 | P11: =O11-O10 -> 37 | Q11: =P11/$O$16 -> 0.062818336
B12: Light Truck | C12: 80 | D12: =C12/$C$18 -> 0.11976048 | N12: 2.0-3.0 | O12: 570 | P12: =O12-O11 -> 14 | Q12: =P12/$O$16 -> 0.0237691
B13: Medium Truck | C13: 23 | D13: =C13/$C$18 -> 0.034431138 | N13: 3.0-5.0 | O13: 585 | P13: =O13-O12 -> 15 | Q13: =P13/$O$16 -> 0.025466893
B14: Heavy truck | C14: 7 | D14: =C14/$C$18 -> 0.010479042 | N14: 5.0-7.5 | O14: 587 | P14: =O14-O13 -> 2 | Q14: =P14/$O$16 -> 0.0033955857
B15: Truck Trailer | C15: 1 | D15: =C15/$C$18 -> 0.001497006 | N15: 7.5-10 | O15: 588 | P15: =O15-O14 -> 1 | Q15: =P15/$O$16 -> 0.0016977929
B16: Motor cycles | C16: 95 | D16: =C16/$C$18 -> 0.14221557 | N16: Over 10 | O16: 589 | P16: =O16-O15 -> 1 | Q16: =P16/$O$16 -> 0.0016977929
B17: Tractors | C17: 0 | D17: =C17/$C$18 -> 0
B18: Total | C18: =SUM(C6:C17) -> 668
B19: ADT | C19: 38500 | D19: =C18/C19 -> 0.017350649
N22: Trip Frequency
B23: Journey Purpose | N23: Trip Frequency | O23: No of Vehicles | P23: No. of Vehicles, %
B24: Purpose | C24: Respondents | D24: Percent | N24: More than 2 times every day | O24: 98 | P24: =O24/$O$30 -> 0.14984709
B25: Home-Work | C25: 225 | D25: =C25/$C$30 -> 0.33682635 | N25: Daily (Up and Down) | O25: 390 | P25: =O25/$O$30 -> 0.59633028
B26: Home-Study | C26: 8 | D26: =C26/$C$30 -> 0.011976048 | N26: 2/3 times a week | O26: 57 | P26: =O26/$O$30 -> 0.087155963
B27: Work-Home | C27: 92 | D27: =C27/$C$30 -> 0.13772455 | N27: Once a week | O27: 43 | P27: =O27/$O$30 -> 0.065749235
B28: Work-Work | C28: 15 | D28: =C28/$C$30 -> 0.02245509 | N28: Once a month | O28: 11 | P28: =O28/$O$30 -> 0.016819572
B29: Others | C29: 328 | D29: =C29/$C$30 -> 0.49101796 | N29: Once in a while | O29: 55 | P29: =O29/$O$30 -> 0.084097859
B30: Total | C30: =C18 -> 668 | N30: Total | O30: =SUM(O24:O29) -> 654
B41: Expressway Use
B42: Response | C42: Number | D42: Percent
B43: Yes | C43: 637 | D43: =C43/$C$45 -> 0.95359281
B44: No | C44: 31 | D44: =C44/$C$45 -> 0.046407186
B45: Total | C45: =C30 -> 668 | N45: Vehicle Types | O45: Average Occupancy
N46: Car | O46: 1.948
N47: Station Wagon | O47: 2.1333333
N48: Pickups | O48: 2
N49: Minibus, matatu | O49: 7.3918919
N50: Medium bus | O50: 15.333333
N51: Large Bus | O51: 1
N52: Light Truck | O52: 1.9125
N53: Medium Truck | O53: 2.0869565
N54: Heavy truck | O54: 2
N55: Truck Trailer | O55: 2
N56: Motor cycles | O56: 1.1489362
N57: Tractors | O57: 0
N58: Total | O58: =C18 -> 668
B59: Willingness to Pay
B60: Vehicle Types | C60: Average Price
B61: Car | C61: 2294.0909
B62: Station Wagon | C62: 2661.039
B63: Pickups | C63: 2000
B64: Minibus, matatu | C64: 3481.8182
B65: Medium bus | C65: 2000 | M65: Average Trip Length
B66: Large Bus | C66: 1000 | M66: Trip Length Range | N66: Cumm-ulative | O66: No of Vehicles | P66: Percentage
B67: Light Truck | C67: 2884.2105 | M67: 0-1 | N67: 31 | O67: =N67 -> 31 | P67: =O67/$N$75 -> 0.068281938
B68: Medium Truck | C68: 1976.1905 | M68: 1-2.5 | N68: 81 | O68: =N68-N67 -> 50 | P68: =O68/$N$75 -> 0.11013216
B69: Heavy truck | C69: 2714.2857 | M69: 2.5-5.0 | N69: 203 | O69: =N69-N68 -> 122 | P69: =O69/$N$75 -> 0.26872247
B70: Truck Trailer | C70: 1000 | M70: 5.0-10.0 | N70: 329 | O70: =N70-N69 -> 126 | P70: =O70/$N$75 -> 0.27753304
B71: Motor cycles | C71: 2957.7778 | M71: 10.0-20.0 | N71: 388 | O71: =N71-N70 -> 59 | P71: =O71/$N$75 -> 0.12995595
B72: Tractors | C72: 0 | M72: 20.0-50.0 | N72: 433 | O72: =N72-N71 -> 45 | P72: =O72/$N$75 -> 0.099118943
B73: Total | C73: =C18 -> 668 | M73: 50.0-100.0 | N73: 445 | O73: =N73-N72 -> 12 | P73: =O73/$N$75 -> 0.026431718
M74: 100.0-250.0 | N74: 452 | O74: =N74-N73 -> 7 | P74: =O74/$N$75 -> 0.015418502
M75: Over 250 | N75: 454 | O75: =N75-N74 -> 2 | P75: =O75/$N$75 -> 0.0044052863

Sheet STN04
B2: STN04 OD ANALYSIS
B4: Vehicle OD Sample Proportions | N4: Average Journey Time
B5: Vehicle Types | C5: OD Sample | D5: OD Sample, % | N5: Journey Time Range (Hrs) | O5: Cummu-lative | P5: No of Vehicles | Q5: No. of Vehicles, %
B6: Car | C6: 284 | D6: =C6/$C$18 -> 0.56573705 | N6: 0-0.25 | O6: 88 | P6: =O6 -> 88 | Q6: =P6/$O$16 -> 0.20276498
B7: Station Wagon | C7: 37 | D7: =C7/$C$18 -> 0.073705179 | N7: 0.25-0.50 | O7: 242 | P7: =O7-O6 -> 154 | Q7: =P7/$O$16 -> 0.35483871
B8: Pickups | C8: 35 | D8: =C8/$C$18 -> 0.069721116 | N8: 0.50-0.75 | O8: 277 | P8: =O8-O7 -> 35 | Q8: =P8/$O$16 -> 0.080645161
B9: Minibus, matatu | C9: 54 | D9: =C9/$C$18 -> 0.10756972 | N9: 0.75-1.00 | O9: 375 | P9: =O9-O8 -> 98 | Q9: =P9/$O$16 -> 0.22580645
B10: Medium bus | C10: 2 | D10: =C10/$C$18 -> 0.0039840637 | N10: 1.00-1.50 | O10: 388 | P10: =O10-O9 -> 13 | Q10: =P10/$O$16 -> 0.029953917
B11: Large Bus | C11: 0 | D11: =C11/$C$18 -> 0 | N11: 1.5-2.0 | O11: 413 | P11: =O11-O10 -> 25 | Q11: =P11/$O$16 -> 0.057603687
B12: Light Truck | C12: 39 | D12: =C12/$C$18 -> 0.077689243 | N12: 2.0-3.0 | O12: 422 | P12: =O12-O11 -> 9 | Q12: =P12/$O$16 -> 0.020737327
B13: Medium Truck | C13: 13 | D13: =C13/$C$18 -> 0.025896414 | N13: 3.0-5.0 | O13: 430 | P13: =O13-O12 -> 8 | Q13: =P13/$O$16 -> 0.01843318
B14: Heavy truck | C14: 3 | D14: =C14/$C$18 -> 0.0059760956 | N14: 5.0-7.5 | O14: 431 | P14: =O14-O13 -> 1 | Q14: =P14/$O$16 -> 0.0023041475
B15: Truck Trailer | C15: 0 | D15: =C15/$C$18 -> 0 | N15: 7.5-10 | O15: 434 | P15: =O15-O14 -> 3 | Q15: =P15/$O$16 -> 0.0069124424
B16: Motor cycles | C16: 35 | D16: =C16/$C$18 -> 0.069721116 | N16: Over 10 | O16: 434 | P16: =O16-O15 -> 0 | Q16: =P16/$O$16 -> 0
B17: Tractors | C17: 0 | D17: =C17/$C$18 -> 0
B18: Total | C18: =SUM(C6:C17) -> 502
B19: ADT | C19: 22710 | D19: =C18/C19 -> 0.0221048
N22: Trip Frequency
B23: Journey Purpose | N23: Trip Frequency | O23: No of Vehicles | P23: No. of Vehicles, %
B24: Purpose | C24: Respondents | D24: Percent | N24: More than 2 times every day | O24: 75 | P24: =O24/$O$30 -> 0.15368852
B25: Home-Work | C25: 46 | D25: =C25/$C$30 -> 0.091633466 | N25: Daily (Up and Down) | O25: 266 | P25: =O25/$O$30 -> 0.54508197
B26: Home-Study | C26: 1 | D26: =C26/$C$30 -> 0.0019920319 | N26: 2/3 times a week | O26: 42 | P26: =O26/$O$30 -> 0.086065574
B27: Work-Home | C27: 137 | D27: =C27/$C$30 -> 0.27290837 | N27: Once a week | O27: 15 | P27: =O27/$O$30 -> 0.030737705
B28: Work-Work | C28: 35 | D28: =C28/$C$30 -> 0.069721116 | N28: Once a month | O28: 13 | P28: =O28/$O$30 -> 0.026639344
B29: Others | C29: 283 | D29: =C29/$C$30 -> 0.56374502 | N29: Once in a while | O29: 77 | P29: =O29/$O$30 -> 0.15778689
B30: Total | C30: =C18 -> 502 | O30: =SUM(O24:O29) -> 488
B41: Expressway Use
B42: Response | C42: Number | D42: Percent
B43: Yes | C43: 457 | D43: =C43/$C$45 -> 0.91035857 | N43: Vehicle Types | O43: Average Occupancy
B44: No | C44: 45 | D44: =C44/$C$45 -> 0.089641434 | N44: Car | O44: 1.9741697
B45: Total | C45: =C30 -> 502 | N45: Station Wagon | O45: 2
N46: Pickups | O46: 2.2647059
N47: Minibus, matatu | O47: 7.0185185
N48: Medium bus | O48: 1
N49: Large Bus | O49: 0
N50: Light Truck | O50: 2.1282051
N51: Medium Truck | O51: 2
N52: Heavy truck | O52: 2.6666667
N53: Truck Trailer
N54: Motor cycles | O54: 1.2058824
N55: Tractors
N56: Total | O56: =C18 -> 502
B59: Willingness to Pay
B60: Vehicle Types | C60: Average Price
B61: Car | C61: 2399.2424
B62: Station Wagon | C62: 2558.8235
B63: Pickups | C63: 1778.7879 | M63: Average Trip Length
B64: Minibus, matatu | C64: 1994.2308 | M64: Trip Length Range | N64: Cumm-ulative | O64: No of Vehicles | P64: Percentage
B65: Medium bus | C65: 1000 | M65: 0-1 | N65: 22 | O65: =N65 -> 22 | P65: =O65/$N$73 -> 0.062146893
B66: Large Bus | C66: 0 | M66: 1-2.5 | N66: 84 | O66: =N66-N65 -> 62 | P66: =O66/$N$73 -> 0.17514124
B67: Light Truck | C67: 2697.3684 | M67: 2.5-5.0 | N67: 200 | O67: =N67-N66 -> 116 | P67: =O67/$N$73 -> 0.32768362
B68: Medium Truck | C68: 4461.5385 | M68: 5.0-10.0 | N68: 269 | O68: =N68-N67 -> 69 | P68: =O68/$N$73 -> 0.19491525
B69: Heavy truck | C69: 1666.6667 | M69: 10.0-20.0 | N69: 310 | O69: =N69-N68 -> 41 | P69: =O69/$N$73 -> 0.11581921
B70: Truck Trailer | C70: 0 | M70: 20.0-50.0 | N70: 347 | O70: =N70-N69 -> 37 | P70: =O70/$N$73 -> 0.10451977
B71: Motor cycles | C71: 950 | M71: 50.0-100.0 | N71: 349 | O71: =N71-N70 -> 2 | P71: =O71/$N$73 -> 0.0056497175
B72: Tractors | C72: 0 | M72: 100.0-250.0 | N72: 354 | O72: =N72-N71 -> 5 | P72: =O72/$N$73 -> 0.014124294
B73: Total | C73: =C18 -> 502 | M73: Over 250 | N73: 354 | O73: =N73-N72 -> 0 | P73: =O73/$N$73 -> 0

Sheet STN05
B2: STN05 OD ANALYSIS
B4: Vehicle OD Sample Proportions | N4: Average Journey Time
B5: Vehicle Types | C5: OD Sample | D5: OD Sample, % | N5: Journey Time Range (Hrs) | O5: Cummu-lative | P5: No of Vehicles | Q5: No. of Vehicles, %
B6: Car | C6: 390 | D6: =C6/$C$18 -> 0.45348837 | N6: 0-0.25 | O6: 266 | P6: =O6 -> 266 | Q6: =P6/$O$16 -> 0.3388535
B7: Station Wagon | C7: 66 | D7: =C7/$C$18 -> 0.076744186 | N7: 0.25-0.50 | O7: 508 | P7: =O7-O6 -> 242 | Q7: =P7/$O$16 -> 0.30828025
B8: Pickups | C8: 35 | D8: =C8/$C$18 -> 0.040697674 | N8: 0.50-0.75 | O8: 555 | P8: =O8-O7 -> 47 | Q8: =P8/$O$16 -> 0.059872611
B9: Minibus, matatu | C9: 158 | D9: =C9/$C$18 -> 0.18372093 | N9: 0.75-1.00 | O9: 703 | P9: =O9-O8 -> 148 | Q9: =P9/$O$16 -> 0.18853503
B10: Medium bus | C10: 7 | D10: =C10/$C$18 -> 0.0081395349 | N10: 1.00-1.50 | O10: 719 | P10: =O10-O9 -> 16 | Q10: =P10/$O$16 -> 0.020382166
B11: Large Bus | C11: 2 | D11: =C11/$C$18 -> 0.0023255814 | N11: 1.5-2.0 | O11: 751 | P11: =O11-O10 -> 32 | Q11: =P11/$O$16 -> 0.040764331
B12: Light Truck | C12: 52 | D12: =C12/$C$18 -> 0.060465116 | N12: 2.0-3.0 | O12: 765 | P12: =O12-O11 -> 14 | Q12: =P12/$O$16 -> 0.017834395
B13: Medium Truck | C13: 18 | D13: =C13/$C$18 -> 0.020930233 | N13: 3.0-5.0 | O13: 776 | P13: =O13-O12 -> 11 | Q13: =P13/$O$16 -> 0.014012739
B14: Heavy truck | C14: 4 | D14: =C14/$C$18 -> 0.0046511628 | N14: 5.0-7.5 | O14: 780 | P14: =O14-O13 -> 4 | Q14: =P14/$O$16 -> 0.0050955414
B15: Truck Trailer | C15: 0 | D15: =C15/$C$18 -> 0 | N15: 7.5-10 | O15: 784 | P15: =O15-O14 -> 4 | Q15: =P15/$O$16 -> 0.0050955414
B16: Motor cycles | C16: 128 | D16: =C16/$C$18 -> 0.14883721 | N16: Over 10 | O16: 785 | P16: =O16-O15 -> 1 | Q16: =P16/$O$16 -> 0.0012738854
B17: Tractors | C17: 0 | D17: =C17/$C$18 -> 0
B18: Total | C18: =SUM(C6:C17) -> 860
B19: ADT | C19: 30133 | D19: =C18/C19 -> 0.028540139
N22: Trip Frequency
B23: Journey Purpose | N23: Trip Frequency | O23: No of Vehicles | P23: No. of Vehicles, %
B24: Purpose | C24: Respondents | D24: Percent | N24: More than 2 times every day | O24: 253 | P24: =O24/$O$30 -> 0.30263158
B25: Home-Work | C25: 106 | D25: =C25/$C$30 -> 0.12325581 | N25: Daily (Up and Down) | O25: 378 | P25: =O25/$O$30 -> 0.45215311
B26: Home-Study | C26: 5 | D26: =C26/$C$30 -> 0.0058139535 | N26: 2/3 times a week | O26: 82 | P26: =O26/$O$30 -> 0.098086124
B27: Work-Home | C27: 111 | D27: =C27/$C$30 -> 0.12906977 | N27: Once a week | O27: 50 | P27: =O27/$O$30 -> 0.059808612
B28: Work-Work | C28: 33 | D28: =C28/$C$30 -> 0.038372093 | N28: Once a month | O28: 14 | P28: =O28/$O$30 -> 0.016746411
B29: Others | C29: 605 | D29: =C29/$C$30 -> 0.70348837 | N29: Once in a while | O29: 59 | P29: =O29/$O$30 -> 0.070574163
B30: Total | C30: =C18 -> 860 | N30: Total | O30: =SUM(O24:O29) -> 836
B41: Expressway Use
B42: Response | C42: Number | D42: Percent
B43: Yes | C43: 798 | D43: =C43/$C$45 -> 0.92790698
B44: No | C44: 62 | D44: =C44/$C$45 -> 0.072093023 | N44: Vehicle Types | O44: Average Occupancy
B45: Total | C45: =C30 -> 860 | N45: Car | O45: 1.9641026
N46: Station Wagon | O46: 2.2272727
N47: Pickups | O47: 1.9428571
N48: Minibus, matatu | O48: 7.7911392
N49: Medium bus | O49: 17.142857
N50: Large Bus | O50: 5.5
N51: Light Truck | O51: 1.9230769
N52: Medium Truck | O52: 2.5833333
N53: Heavy truck | O53: 7.25
N54: Truck Trailer | O54: 0
N55: Motor cycles | O55: 1.1968504
N56: Tractors | O56: 0
N57: Total | O57: =C18 -> 860
B59: Willingness to Pay
B60: Vehicle Types | C60: Average Price
B61: Car | C61: 2716.8498
B62: Station Wagon | C62: 2942.3077
B63: Pickups | C63: 1556
B64: Minibus, matatu | C64: 1796.5116 | M64: Average Trip Length
B65: Medium bus | C65: 875 | M65: Trip Length Range | N65: Cumm-ulative | O65: No of Vehicles | P65: Percentage
B66: Large Bus | C66: 3000 | M66: 0-1 | N66: 37 | O66: =N66 -> 37 | P66: =O66/$N$74 -> 0.05465288
B67: Light Truck | C67: 2421.2121 | M67: 1-2.5 | N67: 108 | O67: =N67-N66 -> 71 | P67: =O67/$N$74 -> 0.10487445
B68: Medium Truck | C68: 1566.6667 | M68: 2.5-5.0 | N68: 325 | O68: =N68-N67 -> 217 | P68: =O68/$N$74 -> 0.32053176
B69: Heavy truck | C69: 2333.3333 | M69: 5.0-10.0 | N69: 499 | O69: =N69-N68 -> 174 | P69: =O69/$N$74 -> 0.25701625
B70: Truck Trailer | C70: 0 | M70: 10.0-20.0 | N70: 612 | O70: =N70-N69 -> 113 | P70: =O70/$N$74 -> 0.16691285
B71: Motor cycles | C71: 1313.3333 | M71: 20.0-50.0 | N71: 650 | O71: =N71-N70 -> 38 | P71: =O71/$N$74 -> 0.056129985
B72: Tractors | C72: 0 | M72: 50.0-100.0 | N72: 663 | O72: =N72-N71 -> 13 | P72: =O72/$N$74 -> 0.019202363
B73: Total | C73: =C18 -> 860 | M73: 100.0-250.0 | N73: 672 | O73: =N73-N72 -> 9 | P73: =O73/$N$74 -> 0.013293944
M74: Over 250 | N74: 677 | O74: =N74-N73 -> 5 | P74: =O74/$N$74 -> 0.0073855244

Sheet STN06
B2: STN06 OD ANALYSIS
B4: Vehicle OD Sample Proportions | N4: Average Journey Time
B5: Vehicle Types | C5: OD Sample | D5: OD Sample, % | N5: Journey Time Range (Hrs) | O5: Cummu-lative | P5: No of Vehicles | Q5: No. of Vehicles, %
B6: Car | C6: 113 | D6: =C6/$C$18 -> 0.39788732 | N6: 0-0.25 | O6: 43 | P6: =O6 -> 43 | Q6: =P6/$O$16 -> 0.15750916
B7: Station Wagon | C7: 18 | D7: =C7/$C$18 -> 0.063380282 | N7: 0.25-0.50 | O7: 114 | P7: =O7-O6 -> 71 | Q7: =P7/$O$16 -> 0.26007326
B8: Pickups | C8: 18 | D8: =C8/$C$18 -> 0.063380282 | N8: 0.50-0.75 | O8: 161 | P8: =O8-O7 -> 47 | Q8: =P8/$O$16 -> 0.17216117
B9: Minibus, matatu | C9: 48 | D9: =C9/$C$18 -> 0.16901408 | N9: 0.75-1.00 | O9: 216 | P9: =O9-O8 -> 55 | Q9: =P9/$O$16 -> 0.2014652
B10: Medium bus | C10: 2 | D10: =C10/$C$18 -> 0.0070422535 | N10: 1.00-1.50 | O10: 226 | P10: =O10-O9 -> 10 | Q10: =P10/$O$16 -> 0.036630037
B11: Large Bus | C11: 0 | D11: =C11/$C$18 -> 0 | N11: 1.5-2.0 | O11: 249 | P11: =O11-O10 -> 23 | Q11: =P11/$O$16 -> 0.084249084
B12: Light Truck | C12: 52 | D12: =C12/$C$18 -> 0.18309859 | N12: 2.0-3.0 | O12: 258 | P12: =O12-O11 -> 9 | Q12: =P12/$O$16 -> 0.032967033
B13: Medium Truck | C13: 19 | D13: =C13/$C$18 -> 0.066901408 | N13: 3.0-5.0 | O13: 267 | P13: =O13-O12 -> 9 | Q13: =P13/$O$16 -> 0.032967033
B14: Heavy truck | C14: 3 | D14: =C14/$C$18 -> 0.01056338 | N14: 5.0-7.5 | O14: 270 | P14: =O14-O13 -> 3 | Q14: =P14/$O$16 -> 0.010989011
B15: Truck Trailer | C15: 6 | D15: =C15/$C$18 -> 0.021126761 | N15: 7.5-10 | O15: 272 | P15: =O15-O14 -> 2 | Q15: =P15/$O$16 -> 0.0073260073
B16: Motor cycles | C16: 5 | D16: =C16/$C$18 -> 0.017605634 | N16: Over 10 | O16: 273 | P16: =O16-O15 -> 1 | Q16: =P16/$O$16 -> 0.0036630037
B17: Tractors | C17: 0 | D17: =C17/$C$18 -> 0
B18: Total | C18: =SUM(C6:C17) -> 284
B19: ADT | C19: 36621 | D19: =C18/C19 -> 0.0077551132
N22: Trip Frequency
B23: Journey Purpose | N23: Trip Frequency | O23: No of Vehicles | P23: No. of Vehicles, %
B24: Purpose | C24: Respondents | D24: Percent | N24: More than 2 times every day | O24: 97 | P24: =O24/$O$30 -> 0.35144928
B25: Home-Work | C25: 59 | D25: =C25/$C$30 -> 0.20774648 | N25: Daily (Up and Down) | O25: 99 | P25: =O25/$O$30 -> 0.35869565
B26: Home-Study | C26: 1 | D26: =C26/$C$30 -> 0.0035211268 | N26: 2/3 times a week | O26: 28 | P26: =O26/$O$30 -> 0.10144928
B27: Work-Home | C27: 11 | D27: =C27/$C$30 -> 0.038732394 | N27: Once a week | O27: 24 | P27: =O27/$O$30 -> 0.086956522
B28: Work-Work | C28: 91 | D28: =C28/$C$30 -> 0.32042254 | N28: Once a month | O28: 5 | P28: =O28/$O$30 -> 0.018115942
B29: Others | C29: 122 | D29: =C29/$C$30 -> 0.42957746 | N29: Once in a while | O29: 23 | P29: =O29/$O$30 -> 0.083333333
B30: Total | C30: =C18 -> 284 | N30: Total | O30: =SUM(O24:O29) -> 276
B41: Expressway Use
B42: Response | C42: Number | D42: Percent
B43: Yes | C43: 265 | D43: =C43/$C$45 -> 0.93309859 | N43: Vehicle Types | O43: Average Occupancy
B44: No | C44: 19 | D44: =C44/$C$45 -> 0.066901408 | N44: Car | O44: 1.7699115
B45: Total | C45: =C30 -> 284 | N45: Station Wagon | O45: 2.3333333
N46: Pickups | O46: 2.0555556
N47: Minibus, matatu | O47: 5.5
N48: Medium bus | O48: 27
N49: Large Bus | O49: 0
N50: Light Truck | O50: 2.2745098
N51: Medium Truck | O51: 2
N52: Heavy truck | O52: 6
N53: Truck Trailer | O53: 1.8333333
N54: Motor cycles | O54: 1
N55: Tractors | O55: 0
N56: Total | O56: =C18 -> 284
B59: Willingness to Pay
B60: Vehicle Types | C60: Average Price
B61: Car | C61: 2458.8235
B62: Station Wagon | C62: 4088.2353 | M62: Average Trip Length
B63: Pickups | C63: 3576.9231 | M63: Trip Length Range | N63: Cumm-ulative | O63: No of Vehicles | P63: Percentage
B64: Minibus, matatu | C64: 5720 | M64: 0-1 | N64: 5 | O64: =N64 -> 5 | P64: =O64/$N$72 -> 0.018726592
B65: Medium bus | C65: 1500 | M65: 1-2.5 | N65: 25 | O65: =N65-N64 -> 20 | P65: =O65/$N$72 -> 0.074906367
B66: Large Bus | M66: 2.5-5.0 | N66: 109 | O66: =N66-N65 -> 84 | P66: =O66/$N$72 -> 0.31460674
B67: Light Truck | C67: 1927.027 | M67: 5.0-10.0 | N67: 190 | O67: =N67-N66 -> 81 | P67: =O67/$N$72 -> 0.30337079
B68: Medium Truck | C68: 3546.6667 | M68: 10.0-20.0 | N68: 235 | O68: =N68-N67 -> 45 | P68: =O68/$N$72 -> 0.16853933
B69: Heavy truck | C69: 4000 | M69: 20.0-50.0 | N69: 249 | O69: =N69-N68 -> 14 | P69: =O69/$N$72 -> 0.052434457
B70: Truck Trailer | C70: 3600 | M70: 50.0-100.0 | N70: 255 | O70: =N70-N69 -> 6 | P70: =O70/$N$72 -> 0.02247191
B71: Motor cycles | C71: 4500 | M71: 100.0-250.0 | N71: 264 | O71: =N71-N70 -> 9 | P71: =O71/$N$72 -> 0.033707865
B72: Tractors | M72: Over 250 | N72: 267 | O72: =N72-N71 -> 3 | P72: =O72/$N$72 -> 0.011235955
B73: Total | C73: =C18 -> 284

Sheet STN07
B2: STN07 OD ANALYSIS
B4: Vehicle OD Sample Proportions | N4: Average Journey Time
B5: Vehicle Types | C5: OD Sample | D5: OD Sample, % | N5: Journey Time Range (Hrs) | O5: Cummu-lative | P5: No of Vehicles | Q5: No. of Vehicles, %
B6: Car | C6: 437 | D6: =C6/$C$18 -> 0.33460949 | N6: 0-0.25 | O6: 214 | P6: =O6 -> 214 | Q6: =P6/$O$16 -> 0.18074324
B7: Station Wagon | C7: 120 | D7: =C7/$C$18 -> 0.091883614 | N7: 0.25-0.50 | O7: 508 | P7: =O7-O6 -> 294 | Q7: =P7/$O$16 -> 0.24831081
B8: Pickups | C8: 68 | D8: =C8/$C$18 -> 0.052067381 | N8: 0.50-0.75 | O8: 567 | P8: =O8-O7 -> 59 | Q8: =P8/$O$16 -> 0.049831081
B9: Minibus, matatu | C9: 138 | D9: =C9/$C$18 -> 0.10566616 | N9: 0.75-1.00 | O9: 795 | P9: =O9-O8 -> 228 | Q9: =P9/$O$16 -> 0.19256757
B10: Medium bus | C10: 18 | D10: =C10/$C$18 -> 0.013782542 | N10: 1.00-1.50 | O10: 869 | P10: =O10-O9 -> 74 | Q10: =P10/$O$16 -> 0.0625
B11: Large Bus | C11: 13 | D11: =C11/$C$18 -> 0.0099540582 | N11: 1.5-2.0 | O11: 975 | P11: =O11-O10 -> 106 | Q11: =P11/$O$16 -> 0.089527027
B12: Light Truck | C12: 150 | D12: =C12/$C$18 -> 0.11485452 | N12: 2.0-3.0 | O12: 1048 | P12: =O12-O11 -> 73 | Q12: =P12/$O$16 -> 0.061655405
B13: Medium Truck | C13: 157 | D13: =C13/$C$18 -> 0.1202144 | N13: 3.0-5.0 | O13: 1110 | P13: =O13-O12 -> 62 | Q13: =P13/$O$16 -> 0.052364865
B14: Heavy truck | C14: 77 | D14: =C14/$C$18 -> 0.058958652 | N14: 5.0-7.5 | O14: 1149 | P14: =O14-O13 -> 39 | Q14: =P14/$O$16 -> 0.032939189
B15: Truck Trailer | C15: 39 | D15: =C15/$C$18 -> 0.029862175 | N15: 7.5-10 | O15: 1168 | P15: =O15-O14 -> 19 | Q15: =P15/$O$16 -> 0.016047297
B16: Motor cycles | C16: 87 | D16: =C16/$C$18 -> 0.06661562 | N16: Over 10 | O16: 1184 | P16: =O16-O15 -> 16 | Q16: =P16/$O$16 -> 0.013513514
B17: Tractors | C17: 2 | D17: =C17/$C$18 -> 0.0015313936
B18: Total | C18: =SUM(C6:C17) -> 1306
B19: ADT | C19: 44712 | D19: =C18/C19 -> 0.029209161
N22: Trip Frequency
B23: Journey Purpose | N23: Trip Frequency | O23: No of Vehicles | P23: No. of Vehicles, %
B24: Purpose | C24: Respondents | D24: Percent | N24: More than 2 times every day | O24: 403 | P24: =O24/$O$30 -> 0.32034976
B25: Home-Work | C25: 236 | D25: =C25/$C$30 -> 0.18070444 | N25: Daily (Up and Down) | O25: 445 | P25: =O25/$O$30 -> 0.35373609
B26: Home-Study | C26: 4 | D26: =C26/$C$30 -> 0.0030627871 | N26: 2/3 times a week | O26: 156 | P26: =O26/$O$30 -> 0.12400636
B27: Work-Home | C27: 76 | D27: =C27/$C$30 -> 0.058192956 | N27: Once a week | O27: 106 | P27: =O27/$O$30 -> 0.084260731
B28: Work-Work | C28: 39 | D28: =C28/$C$30 -> 0.029862175 | N28: Once a month | O28: 43 | P28: =O28/$O$30 -> 0.03418124
B29: Others | C29: 951 | D29: =C29/$C$30 -> 0.72817764 | N29: Once in a while | O29: 105 | P29: =O29/$O$30 -> 0.083465819
B30: Total | C30: =C18 -> 1306 | N30: Total | O30: =SUM(O24:O29) -> 1258
B41: Expressway Use
B42: Response | C42: Number | D42: Percent
B43: Yes | C43: 1132 | D43: =C43/$C$45 -> 0.86676876 | N43: Vehicle Types | O43: Average Occupancy
B44: No | C44: 174 | D44: =C44/$C$45 -> 0.13323124 | N44: Car | O44: 2.1655172
B45: Total | C45: =C30 -> 1306 | N45: Station Wagon | O45: 2.1
N46: Pickups | O46: 2.0735294
N47: Minibus, matatu | O47: 11.272059
N48: Medium bus | O48: 22.5
N49: Large Bus | O49: 44.230769
N50: Light Truck | O50: 2.0347222
N51: Medium Truck | O51: 2.4551282
N52: Heavy truck | O52: 2.025974
N53: Truck Trailer | O53: 1.8974359
N54: Motor cycles | O54: 1.1976744
N55: Tractors | O55: 1.5
N56: Total | O56: =C18 -> 1306
B59: Willingness to Pay
B60: Vehicle Types | C60: Average Price
B61: Car | C61: 2356.5327
B62: Station Wagon | C62: 2559.8291
B63: Pickups | C63: 1723.0769 | M63: Average Trip Length
B64: Minibus, matatu | C64: 1545.5285 | M64: Trip Length Range | N64: Cumm-ulative | O64: No of Vehicles | P64: Percentage
B65: Medium bus | C65: 2400 | M65: 0-1 | N65: 46 | O65: =N65 -> 46 | P65: =O65/$N$73 -> 0.043601896
B66: Large Bus | C66: 3269.2308 | M66: 1-2.5 | N66: 153 | O66: =N66-N65 -> 107 | P66: =O66/$N$73 -> 0.1014218
B67: Light Truck | C67: 2024 | M67: 2.5-5.0 | N67: 398 | O67: =N67-N66 -> 245 | P67: =O67/$N$73 -> 0.23222749
B68: Medium Truck | C68: 2458.871 | M68: 5.0-10.0 | N68: 624 | O68: =N68-N67 -> 226 | P68: =O68/$N$73 -> 0.21421801
B69: Heavy truck | C69: 3830.8824 | M69: 10.0-20.0 | N69: 770 | O69: =N69-N68 -> 146 | P69: =O69/$N$73 -> 0.13838863
B70: Truck Trailer | C70: 3311.4286 | M70: 20.0-50.0 | N70: 854 | O70: =N70-N69 -> 84 | P70: =O70/$N$73 -> 0.079620853
B71: Motor cycles | C71: 973.41772 | M71: 50.0-100.0 | N71: 921 | O71: =N71-N70 -> 67 | P71: =O71/$N$73 -> 0.063507109
B72: Tractors | C72: 0 | M72: 100.0-250.0 | N72: 1003 | O72: =N72-N71 -> 82 | P72: =O72/$N$73 -> 0.077725118
B73: Total | C73: =C18 -> 1306 | M73: Over 250 | N73: 1055 | O73: =N73-N72 -> 52 | P73: =O73/$N$73 -> 0.0492891

Sheet STN08
B2: STN08 OD ANALYSIS
B4: Vehicle OD Sample Proportions | N4: Average Journey Time
B5: Vehicle Types | C5: OD Sample | D5: OD Sample, % | N5: Journey Time Range (Hrs) | O5: Cummu-lative | P5: No of Vehicles | Q5: No. of Vehicles, %
B6: Car | C6: 86 | D6: =C6/$C$18 -> 0.25595238 | N6: 0-0.25 | O6: 28 | P6: =O6 -> 28 | Q6: =P6/$O$16 -> 0.086687307
B7: Station Wagon | C7: 32 | D7: =C7/$C$18 -> 0.095238095 | N7: 0.25-0.50 | O7: 91 | P7: =O7-O6 -> 63 | Q7: =P7/$O$16 -> 0.19504644
B8: Pickups | C8: 21 | D8: =C8/$C$18 -> 0.0625 | N8: 0.50-0.75 | O8: 127 | P8: =O8-O7 -> 36 | Q8: =P8/$O$16 -> 0.11145511
B9: Minibus, matatu | C9: 112 | D9: =C9/$C$18 -> 0.33333333 | N9: 0.75-1.00 | O9: 205 | P9: =O9-O8 -> 78 | Q9: =P9/$O$16 -> 0.24148607
B10: Medium bus | C10: 5 | D10: =C10/$C$18 -> 0.014880952 | N10: 1.00-1.50 | O10: 249 | P10: =O10-O9 -> 44 | Q10: =P10/$O$16 -> 0.13622291
B11: Large Bus | C11: 6 | D11: =C11/$C$18 -> 0.017857143 | N11: 1.5-2.0 | O11: 284 | P11: =O11-O10 -> 35 | Q11: =P11/$O$16 -> 0.10835913
B12: Light Truck | C12: 24 | D12: =C12/$C$18 -> 0.071428571 | N12: 2.0-3.0 | O12: 309 | P12: =O12-O11 -> 25 | Q12: =P12/$O$16 -> 0.077399381
B13: Medium Truck | C13: 13 | D13: =C13/$C$18 -> 0.038690476 | N13: 3.0-5.0 | O13: 319 | P13: =O13-O12 -> 10 | Q13: =P13/$O$16 -> 0.030959752
B14: Heavy truck | C14: 16 | D14: =C14/$C$18 -> 0.047619048 | N14: 5.0-7.5 | O14: 321 | P14: =O14-O13 -> 2 | Q14: =P14/$O$16 -> 0.0061919505
B15: Truck Trailer | C15: 2 | D15: =C15/$C$18 -> 0.005952381 | N15: 7.5-10 | O15: 323 | P15: =O15-O14 -> 2 | Q15: =P15/$O$16 -> 0.0061919505
B16: Motor cycles | C16: 19 | D16: =C16/$C$18 -> 0.056547619 | N16: Over 10 | O16: 323 | P16: =O16-O15 -> 0 | Q16: =P16/$O$16 -> 0
B17: Tractors | C17: 0 | D17: =C17/$C$18 -> 0
B18: Total | C18: =SUM(C6:C17) -> 336
B19: ADT | C19: 58668 | D19: =C18/C19 -> 0.0057271426
N22: Trip Frequency
B23: Journey Purpose | N23: Trip Frequency | O23: No of Vehicles | P23: No. of Vehicles, %
B24: Purpose | C24: Respondents | D24: Percent | N24: More than 2 times every day | O24: 135 | P24: =O24/$O$30 -> 0.42056075
B25: Home-Work | C25: 23 | D25: =C25/$C$30 -> 0.068452381 | N25: Daily (Up and Down) | O25: 84 | P25: =O25/$O$30 -> 0.26168224
B26: Home-Study | C26: 3 | D26: =C26/$C$30 -> 0.0089285714 | N26: 2/3 times a week | O26: 27 | P26: =O26/$O$30 -> 0.08411215
B27: Work-Home | C27: 44 | D27: =C27/$C$30 -> 0.13095238 | N27: Once a week | O27: 22 | P27: =O27/$O$30 -> 0.068535826
B28: Work-Work | C28: 175 | D28: =C28/$C$30 -> 0.52083333 | N28: Once a month | O28: 8 | P28: =O28/$O$30 -> 0.024922118
B29: Others | C29: 91 | D29: =C29/$C$30 -> 0.27083333 | N29: Once in a while | O29: 45 | P29: =O29/$O$30 -> 0.14018692
B30: Total | C30: =C18 -> 336 | N30: Total | O30: =SUM(O24:O29) -> 321
B41: Expressway Use
B42: Response | C42: Number | D42: Percent
B43: Yes | C43: 249 | D43: =C43/$C$45 -> 0.74107143 | N43: Vehicle Types | O43: Average Occupancy
B44: No | C44: 87 | D44: =C44/$C$45 -> 0.25892857 | N44: Car | O44: 2.1395349
B45: Total | C45: =C30 -> 336 | N45: Station Wagon | O45: 2.1875
N46: Pickups | O46: 1.8
N47: Minibus, matatu | O47: 8.4375
N48: Medium bus | O48: 5.4
N49: Large Bus | O49: 49.5
N50: Light Truck | O50: 2.3181818
N51: Medium Truck | O51: 2.6153846
N52: Heavy truck | O52: 2.1875
N53: Truck Trailer | O53: 2
N54: Motor cycles | O54: 1.1052632
N55: Tractors | O55: 0
N56: Total | O56: c=17
B59: Willingness to Pay
B60: Vehicle Types | C60: Average Price
B61: Car | C61: 3083.871
B62: Station Wagon | C62: 3347.8261
B63: Pickups | C63: 3157.8947 | M63: Average Trip Length
B64: Minibus, matatu | C64: 2985.3933 | M64: Trip Length Range | N64: Cumm-ulative | O64: No of Vehicles | P64: Percentage
B65: Medium bus | C65: 1766.6667 | M65: 0-1 | N65: 22 | O65: =N65 -> 22 | P65: =O65/$N$73 -> 0.068965517
B66: Large Bus | C66: 2800 | M66: 1-2.5 | N66: 43 | O66: =N66-N65 -> 21 | P66: =O66/$N$73 -> 0.065830721
B67: Light Truck | C67: 6023.5294 | M67: 2.5-5.0 | N67: 106 | O67: =N67-N66 -> 63 | P67: =O67/$N$73 -> 0.19749216
B68: Medium Truck | C68: 2166.6667 | M68: 5.0-10.0 | N68: 151 | O68: =N68-N67 -> 45 | P68: =O68/$N$73 -> 0.14106583
B69: Heavy truck | M69: 10.0-20.0 | N69: 216 | O69: =N69-N68 -> 65 | P69: =O69/$N$73 -> 0.20376176
B70: Truck Trailer | C70: 2000 | M70: 20.0-50.0 | N70: 266 | O70: =N70-N69 -> 50 | P70: =O70/$N$73 -> 0.15673981
B71: Motor cycles | C71: 2000 | M71: 50.0-100.0 | N71: 281 | O71: =N71-N70 -> 15 | P71: =O71/$N$73 -> 0.047021944
B72: Tractors | M72: 100.0-250.0 | N72: 311 | O72: =N72-N71 -> 30 | P72: =O72/$N$73 -> 0.094043887
B73: Total | C73: =C18 -> 336 | M73: Over 250 | N73: 319 | O73: =N73-N72 -> 8 | P73: =O73/$N$73 -> 0.02507837

Sheet STN09
B2: STN09 OD ANALYSIS
B4: Vehicle OD Sample Proportions | N4: Average Journey Time
B5: Vehicle Types | C5: OD Sample | D5: OD Sample, % | N5: Journey Time Range (Hrs) | O5: Cummu-lative | P5: No of Vehicles | Q5: No. of Vehicles, %
B6: Car | C6: 136 | D6: =C6/$C$18 -> 0.36363636 | N6: 0-0.25 | O6: 54 | P6: =O6 -> 54 | Q6: =P6/$O$16 -> 0.15211268
B7: Station Wagon | C7: 55 | D7: =C7/$C$18 -> 0.14705882 | N7: 0.25-0.50 | O7: 162 | P7: =O7-O6 -> 108 | Q7: =P7/$O$16 -> 0.30422535
B8: Pickups | C8: 15 | D8: =C8/$C$18 -> 0.040106952 | N8: 0.50-0.75 | O8: 198 | P8: =O8-O7 -> 36 | Q8: =P8/$O$16 -> 0.10140845
B9: Minibus, matatu | C9: 70 | D9: =C9/$C$18 -> 0.18716578 | N9: 0.75-1.00 | O9: 281 | P9: =O9-O8 -> 83 | Q9: =P9/$O$16 -> 0.23380282
B10: Medium bus | C10: 7 | D10: =C10/$C$18 -> 0.018716578 | N10: 1.00-1.50 | O10: 295 | P10: =O10-O9 -> 14 | Q10: =P10/$O$16 -> 0.03943662
B11: Large Bus | C11: 0 | D11: =C11/$C$18 -> 0 | N11: 1.5-2.0 | O11: 317 | P11: =O11-O10 -> 22 | Q11: =P11/$O$16 -> 0.061971831
B12: Light Truck | C12: 32 | D12: =C12/$C$18 -> 0.085561497 | N12: 2.0-3.0 | O12: 342 | P12: =O12-O11 -> 25 | Q12: =P12/$O$16 -> 0.070422535
B13: Medium Truck | C13: 38 | D13: =C13/$C$18 -> 0.10160428 | N13: 3.0-5.0 | O13: 348 | P13: =O13-O12 -> 6 | Q13: =P13/$O$16 -> 0.016901408
B14: Heavy truck | C14: 3 | D14: =C14/$C$18 -> 0.0080213904 | N14: 5.0-7.5 | O14: 352 | P14: =O14-O13 -> 4 | Q14: =P14/$O$16 -> 0.011267606
B15: Truck Trailer | C15: 2 | D15: =C15/$C$18 -> 0.0053475936 | N15: 7.5-10 | O15: 353 | P15: =O15-O14 -> 1 | Q15: =P15/$O$16 -> 0.0028169014
B16: Motor cycles | C16: 16 | D16: =C16/$C$18 -> 0.042780749 | N16: Over 10 | O16: 355 | P16: =O16-O15 -> 2 | Q16: =P16/$O$16 -> 0.0056338028
B17: Tractors | C17: 0 | D17: =C17/$C$18 -> 0
B18: Total | C18: =SUM(C6:C17) -> 374
B19: ADT | C19: 34696 | D19: =C18/C19 -> 0.010779341
N22: Trip Frequency
B23: Journey Purpose | N23: Trip Frequency | O23: No of Vehicles | P23: No. of Vehicles, %
B24: Purpose | C24: Respondents | D24: Percent | N24: More than 2 times every day | O24: 130 | P24: =O24/$O$30 -> 0.35230352
B25: Home-Work | C25: 91 | D25: =C25/$C$30 -> 0.24331551 | N25: Daily (Up and Down) | O25: 169 | P25: =O25/$O$30 -> 0.45799458
B26: Home-Study | C26: 5 | D26: =C26/$C$30 -> 0.013368984 | N26: 2/3 times a week | O26: 25 | P26: =O26/$O$30 -> 0.067750678
B27: Work-Home | C27: 61 | D27: =C27/$C$30 -> 0.1631016 | N27: Once a week | O27: 17 | P27: =O27/$O$30 -> 0.046070461
B28: Work-Work | C28: 55 | D28: =C28/$C$30 -> 0.14705882 | N28: Once a month | O28: 5 | P28: =O28/$O$30 -> 0.013550136
B29: Others | C29: 162 | D29: =C29/$C$30 -> 0.43315508 | N29: Once in a while | O29: 23 | P29: =O29/$O$30 -> 0.062330623
B30: Total | C30: =C18 -> 374 | N30: Total | O30: =SUM(O24:O29) -> 369
B41: Expressway Use
B42: Response | C42: Number | D42: Percent
B43: Yes | C43: 372 | D43: =C43/$C$45 -> 0.99465241 | N43: Vehicle Types | O43: Average Occupancy
B44: No | C44: 2 | D44: =C44/$C$45 -> 0.0053475936 | N44: Car | O44: 1.7794118
B45: Total | C45: =C30 -> 374 | N45: Station Wagon | O45: 1.7272727
N46: Pickups | O46: 3
N47: Minibus, matatu | O47: 9.2428571
N48: Medium bus | O48: 19.714286
N49: Large Bus | O49: 0
N50: Light Truck | O50: 1.875
N51: Medium Truck | O51: 2.8684211
N52: Heavy truck | O52: 4.3333333
N53: Truck Trailer | O53: 2.5
N54: Motor cycles | O54: 2.9444444
N55: Tractors | O55: 0
N56: Total | O56: =C18 -> 374
B59: Willingness to Pay
B60: Vehicle Types | C60: Average Price
B61: Car | C61: 2908.3333
B62: Station Wagon | C62: 2570.4545
B63: Pickups | C63: 2576.9231 | M63: Average Trip Length
B64: Minibus, matatu | C64: 2819.6721 | M64: Trip Length Range | N64: Cumm-ulative | O64: No of Vehicles | P64: Percentage
B65: Medium bus | C65: 2883.3333 | M65: 0-1 | N65: 3 | O65: =N65 -> 3 | P65: =O65/$N$73 -> 0.021276596
B66: Large Bus | M66: 1-2.5 | N66: 15 | O66: =N66-N65 -> 12 | P66: =O66/$N$73 -> 0.085106383
B67: Light Truck | C67: 3425.9259 | M67: 2.5-5.0 | N67: 50 | O67: =N67-N66 -> 35 | P67: =O67/$N$73 -> 0.24822695
B68: Medium Truck | C68: 2588.2353 | M68: 5.0-10.0 | N68: 95 | O68: =N68-N67 -> 45 | P68: =O68/$N$73 -> 0.31914894
B69: Heavy truck | C69: 5333.3333 | M69: 10.0-20.0 | N69: 113 | O69: =N69-N68 -> 18 | P69: =O69/$N$73 -> 0.12765957
B70: Truck Trailer | C70: 1500 | M70: 20.0-50.0 | N70: 122 | O70: =N70-N69 -> 9 | P70: =O70/$N$73 -> 0.063829787
B71: Motor cycles | C71: 2033.3333 | M71: 50.0-100.0 | N71: 136 | O71: =N71-N70 -> 14 | P71: =O71/$N$73 -> 0.09929078
B72: Tractors | M72: 100.0-250.0 | N72: 140 | O72: =N72-N71 -> 4 | P72: =O72/$N$73 -> 0.028368794
B73: Total | C73: =C18 -> 374 | M73: Over 250 | N73: 141 | O73: =N73-N72 -> 1 | P73: =O73/$N$73 -> 0.0070921986

Sheet STN10
B2: STN10 OD ANALYSIS
B4: Vehicle OD Sample Proportions | N4: Average Journey Time
B5: Vehicle Types | C5: OD Sample | D5: OD Sample, % | N5: Journey Time Range (Hrs) | O5: Cummu-lative | P5: No of Vehicles | Q5: No. of Vehicles, %
B6: Car | C6: 323 | D6: =C6/$C$18 -> 0.26090468 | N6: 0-0.25 | O6: 124 | P6: =O6 -> 124 | Q6: =P6/$O$16 -> 0.10239472
B7: Station Wagon | C7: 62 | D7: =C7/$C$18 -> 0.050080775 | N7: 0.25-0.50 | O7: 376 | P7: =O7-O6 -> 252 | Q7: =P7/$O$16 -> 0.20809249
B8: Pickups | C8: 53 | D8: =C8/$C$18 -> 0.042810985 | N8: 0.50-0.75 | O8: 493 | P8: =O8-O7 -> 117 | Q8: =P8/$O$16 -> 0.096614368
B9: Minibus, matatu | C9: 167 | D9: =C9/$C$18 -> 0.13489499 | N9: 0.75-1.00 | O9: 797 | P9: =O9-O8 -> 304 | Q9: =P9/$O$16 -> 0.2510322
B10: Medium bus | C10: 17 | D10: =C10/$C$18 -> 0.013731826 | N10: 1.00-1.50 | O10: 866 | P10: =O10-O9 -> 69 | Q10: =P10/$O$16 -> 0.056977704
B11: Large Bus | C11: 18 | D11: =C11/$C$18 -> 0.01453958 | N11: 1.5-2.0 | O11: 992 | P11: =O11-O10 -> 126 | Q11: =P11/$O$16 -> 0.10404624
B12: Light Truck | C12: 136 | D12: =C12/$C$18 -> 0.1098546 | N12: 2.0-3.0 | O12: 1081 | P12: =O12-O11 -> 89 | Q12: =P12/$O$16 -> 0.073492981
B13: Medium Truck | C13: 116 | D13: =C13/$C$18 -> 0.093699515 | N13: 3.0-5.0 | O13: 1148 | P13: =O13-O12 -> 67 | Q13: =P13/$O$16 -> 0.055326177
B14: Heavy truck | C14: 37 | D14: =C14/$C$18 -> 0.029886914 | N14: 5.0-7.5 | O14: 1184 | P14: =O14-O13 -> 36 | Q14: =P14/$O$16 -> 0.029727498
B15: Truck Trailer | C15: 15 | D15: =C15/$C$18 -> 0.012116317 | N15: 7.5-10 | O15: 1206 | P15: =O15-O14 -> 22 | Q15: =P15/$O$16 -> 0.018166804
B16: Motor cycles | C16: 293 | D16: =C16/$C$18 -> 0.23667205 | N16: Over 10 | O16: 1211 | P16: =O16-O15 -> 5 | Q16: =P16/$O$16 -> 0.0041288192
B17: Tractors | C17: 1 | D17: =C17/$C$18 -> 0.00080775444
B18: Total | C18: =SUM(C6:C17) -> 1238
B19: ADT | C19: 67027 | D19: =C18/C19 -> 0.018470169
N22: Trip Frequency
B23: Journey Purpose | N23: Trip Frequency | O23: No of Vehicles | P23: No. of Vehicles, %
B24: Purpose | C24: Respondents | D24: Percent | N24: More than 2 times every day | O24: 268 | P24: =O24/$O$30 -> 0.21735604
B25: Home-Work | C25: 191 | D25: =C25/$C$30 -> 0.1542811 | N25: Daily (Up and Down) | O25: 594 | P25: =O25/$O$30 -> 0.48175182
B26: Home-Study | C26: 5 | D26: =C26/$C$30 -> 0.0040387722 | N26: 2/3 times a week | O26: 145 | P26: =O26/$O$30 -> 0.11759935
B27: Work-Home | C27: 67 | D27: =C27/$C$30 -> 0.054119548 | N27: Once a week | O27: 88 | P27: =O27/$O$30 -> 0.071370641
B28: Work-Work | C28: 77 | D28: =C28/$C$30 -> 0.062197092 | N28: Once a month | O28: 45 | P28: =O28/$O$30 -> 0.03649635
B29: Others | C29: 898 | D29: =C29/$C$30 -> 0.72536349 | N29: Once in a while | O29: 93 | P29: =O29/$O$30 -> 0.075425791
B30: Total | C30: =C18 -> 1238 | O30: =SUM(O24:O29) -> 1233
B41: Expressway Use
B42: Response | C42: Number | D42: Percent
B43: Yes | C43: 94 | D43: =C43/$C$45 -> 0.075928918 | N43: Vehicle Types | O43: Average Occupancy
B44: No | C44: 1144 | D44: =C44/$C$45 -> 0.92407108 | N44: Car | O44: 1.9190031
B45: Total | C45: =C30 -> 1238 | N45: Station Wagon | O45: 2.5483871
N46: Pickups | O46: 1.6981132
N47: Minibus, matatu | O47: 10.508982
N48: Medium bus | O48: 19.764706
N49: Large Bus | O49: 53.166667
N50: Light Truck | O50: 2.0073529
N51: Medium Truck | O51: 2.112069
N52: Heavy truck | O52: 3.1351351
N53: Truck Trailer | O53: 2
N54: Motor cycles | O54: 1.0989761
N55: Tractors | O55: 1
N56: Total | O56: =SUM(O44:O55) -> 100.95939
B59: Willingness to Pay
B60: Vehicle Types | C60: Average Price
B61: Car | C61: 2405.7851
B62: Station Wagon | C62: 2150
B63: Pickups | C63: 1954.2857 | M63: Average Trip Length
B64: Minibus, matatu | C64: 2003.937 | M64: Trip Length Range | N64: Cumm-ulative | O64: No of Vehicles | P64: Percentage
B65: Medium bus | C65: 2841.6667 | M65: 0-1 | N65: 90 | O65: =N65 -> 90 | P65: =O65/$N$73 -> 0.08189263
B66: Large Bus | C66: 1685.7143 | M66: 1-2.5 | N66: 251 | O66: =N66-N65 -> 161 | P66: =O66/$N$73 -> 0.14649682
B67: Light Truck | C67: 2139.2523 | M67: 2.5-5.0 | N67: 471 | O67: =N67-N66 -> 220 | P67: =O67/$N$73 -> 0.20018198
B68: Medium Truck | C68: 3907.6923 | M68: 5.0-10.0 | N68: 643 | O68: =N68-N67 -> 172 | P68: =O68/$N$73 -> 0.15650591
B69: Heavy truck | C69: 2800 | M69: 10.0-20.0 | N69: 783 | O69: =N69-N68 -> 140 | P69: =O69/$N$73 -> 0.12738854
B70: Truck Trailer | C70: 2181.8182 | M70: 20.0-50.0 | N70: 885 | O70: =N70-N69 -> 102 | P70: =O70/$N$73 -> 0.092811647
B71: Motor cycles | C71: 2124.4541 | M71: 50.0-100.0 | N71: 958 | O71: =N71-N70 -> 73 | P71: =O71/$N$73 -> 0.066424022
B72: Tractors | C72: 2000 | M72: 100.0-250.0 | N72: 1045 | O72: =N72-N71 -> 87 | P72: =O72/$N$73 -> 0.079162875
B73: Total | C73: =C18 -> 1238 | M73: Over 250 | N73: 1099 | O73: =N73-N72 -> 54 | P73: =O73/$N$73 -> 0.049135578

Sheet STN11
B2: STN11 OD ANALYSIS
B4: Vehicle OD Sample Proportions | N4: Average Journey Time
B5: Vehicle Types | C5: OD Sample | D5: OD Sample, % | N5: Journey Time Range (Hrs) | O5: Cummu-lative | P5: No of Vehicles | Q5: No. of Vehicles, %
B6: Car | C6: 452 | D6: =C6/$C$18 -> 0.36015936 | N6: 0-0.25 | O6: 67 | P6: =O6 -> 67 | Q6: =P6/$O$16 -> 0.055280528
B7: Station Wagon | C7: 94 | D7: =C7/$C$18 -> 0.074900398 | N7: 0.25-0.50 | O7: 221 | P7: =O7-O6 -> 154 | Q7: =P7/$O$16 -> 0.12706271
B8: Pickups | C8: 73 | D8: =C8/$C$18 -> 0.058167331 | N8: 0.50-0.75 | O8: 356 | P8: =O8-O7 -> 135 | Q8: =P8/$O$16 -> 0.11138614
B9: Minibus, matatu | C9: 249 | D9: =C9/$C$18 -> 0.19840637 | N9: 0.75-1.00 | O9: 670 | P9: =O9-O8 -> 314 | Q9: =P9/$O$16 -> 0.25907591
B10: Medium bus | C10: 22 | D10: =C10/$C$18 -> 0.01752988 | N10: 1.00-1.50 | O10: 796 | P10: =O10-O9 -> 126 | Q10: =P10/$O$16 -> 0.1039604
B11: Large Bus | C11: 10 | D11: =C11/$C$18 -> 0.0079681275 | N11: 1.5-2.0 | O11: 990 | P11: =O11-O10 -> 194 | Q11: =P11/$O$16 -> 0.16006601
B12: Light Truck | C12: 145 | D12: =C12/$C$18 -> 0.11553785 | N12: 2.0-3.0 | O12: 1101 | P12: =O12-O11 -> 111 | Q12: =P12/$O$16 -> 0.091584158
B13: Medium Truck | C13: 103 | D13: =C13/$C$18 -> 0.082071713 | N13: 3.0-5.0 | O13: 1175 | P13: =O13-O12 -> 74 | Q13: =P13/$O$16 -> 0.061056106
B14: Heavy truck | C14: 28 | D14: =C14/$C$18 -> 0.022310757 | N14: 5.0-7.5 | O14: 1198 | P14: =O14-O13 -> 23 | Q14: =P14/$O$16 -> 0.018976898
B15: Truck Trailer | C15: 9 | D15: =C15/$C$18 -> 0.0071713147 | N15: 7.5-10 | O15: 1210 | P15: =O15-O14 -> 12 | Q15: =P15/$O$16 -> 0.0099009901
B16: Motor cycles | C16: 70 | D16: =C16/$C$18 -> 0.055776892 | N16: Over 10 | O16: 1212 | P16: =O16-O15 -> 2 | Q16: =P16/$O$16 -> 0.001650165
B17: Tractors | C17: 0 | D17: =C17/$C$18 -> 0
B18: Total | C18: =SUM(C6:C17) -> 1255
B19: ADT | C19: 75367 | D19: =C18/C19 -> 0.01665185
N22: Trip Frequency
B23: Journey Purpose | N23: Trip Frequency | O23: No of Vehicles | P23: No. of Vehicles, %
B24: Purpose | C24: Respondents | D24: Percent | N24: More than 2 times every day | O24: 249 | P24: =O24/$O$30 -> 0.20243902
B25: Home-Work | C25: 262 | D25: =C25/$C$30 -> 0.20876494 | N25: Daily (Up and Down) | O25: 606 | P25: =O25/$O$30 -> 0.49268293
B26: Home-Study | C26: 4 | D26: =C26/$C$30 -> 0.003187251 | N26: 2/3 times a week | O26: 141 | P26: =O26/$O$30 -> 0.11463415
B27: Work-Home | C27: 66 | D27: =C27/$C$30 -> 0.052589641 | N27: Once a week | O27: 87 | P27: =O27/$O$30 -> 0.070731707
B28: Work-Work | C28: 45 | D28: =C28/$C$30 -> 0.035856574 | N28: Once a month | O28: 51 | P28: =O28/$O$30 -> 0.041463415
B29: Others | C29: 878 | D29: =C29/$C$30 -> 0.69960159 | N29: Once in a while | O29: 96 | P29: =O29/$O$30 -> 0.07804878
B30: Total | C30: =C18 -> 1255 | N30: Total | O30: =SUM(O24:O29) -> 1230
B41: Expressway Use
B42: Response | C42: Number | D42: Percent
B43: Yes | C43: 1196 | D43: =C43/$C$45 -> 0.95298805 | N43: Vehicle Types | O43: Average Occupancy
B44: No | C44: 59 | D44: =C44/$C$45 -> 0.047011952 | N44: Car | O44: 1.9393258
B45: Total | C45: =C30 -> 1255 | N45: Station Wagon | O45: 2.1222222
N46: Pickups | O46: 1.890411
N47: Minibus, matatu | O47: 9.9958848
N48: Medium bus | O48: 25.272727
N49: Large Bus | O49: 66.444444
N50: Light Truck | O50: 1.9310345
N51: Medium Truck | O51: 2.254902
N52: Heavy truck | O52: 2.5714286
N53: Truck Trailer | O53: 2.6666667
N54: Motor cycles | O54: 1.3857143
N55: Tractors | O55: 0
N56: Total | O56: =SUM(O44:O55) -> 118.47476
B59: Willingness to Pay
B60: Vehicle Types | C60: Average Price
B61: Car | C61: 2207.3034
B62: Station Wagon | C62: 2418.75
B63: Pickups | C63: 2050 | M63: Average Trip Length
B64: Minibus, matatu | C64: 2221.2435 | M64: Trip Length Range | N64: Cumm-ulative | O64: No of Vehicles | P64: Percentage
B65: Medium bus | C65: 3182.3529 | M65: 0-1 | N65: 27 | O65: =N65 -> 27 | P65: =O65/$N$73 -> 0.027663934
B66: Large Bus | C66: 1333.3333 | M66: 1-2.5 | N66: 71 | O66: =N66-N65 -> 44 | P66: =O66/$N$73 -> 0.045081967
B67: Light Truck | C67: 2302.6786 | M67: 2.5-5.0 | N67: 185 | O67: =N67-N66 -> 114 | P67: =O67/$N$73 -> 0.11680328
B68: Medium Truck | C68: 1848.8095 | M68: 5.0-10.0 | N68: 345 | O68: =N68-N67 -> 160 | P68: =O68/$N$73 -> 0.16393443
B69: Heavy truck | C69: 2135 | M69: 10.0-20.0 | N69: 565 | O69: =N69-N68 -> 220 | P69: =O69/$N$73 -> 0.22540984
B70: Truck Trailer | C70: 1666.6667 | M70: 20.0-50.0 | N70: 741 | O70: =N70-N69 -> 176 | P70: =O70/$N$73 -> 0.18032787
B71: Motor cycles | C71: 1981.8182 | M71: 50.0-100.0 | N71: 829 | O71: =N71-N70 -> 88 | P71: =O71/$N$73 -> 0.090163934
B72: Tractors | M72: 100.0-250.0 | N72: 923 | O72: =N72-N71 -> 94 | P72: =O72/$N$73 -> 0.096311475
B73: Total | C73: =C18 -> 1255 | M73: Over 250 | N73: 976 | O73: =N73-N72 -> 53 | P73: =O73/$N$73 -> 0.054303279

Sheet STN12
B2: STN12 OD ANALYSIS
B4: Vehicle OD Sample Proportions | N4: Average Journey Time
B5: Vehicle Types | C5: OD Sample | D5: OD Sample, % | N5: Journey Time Range (Hrs) | O5: Cummu-lative | P5: No of Vehicles | Q5: No. of Vehicles, %
B6: Car | C6: 279 | D6: =C6/$C$18 -> 0.2325 | N6: 0-0.25 | O6: 106 | P6: =O6 -> 106 | Q6: =P6/$O$16 -> 0.094390027
B7: Station Wagon | C7: 90 | D7: =C7/$C$18 -> 0.075 | N7: 0.25-0.50 | O7: 256 | P7: =O7-O6 -> 150 | Q7: =P7/$O$16 -> 0.13357079
B8: Pickups | C8: 42 | D8: =C8/$C$18 -> 0.035 | N8: 0.50-0.75 | O8: 325 | P8: =O8-O7 -> 69 | Q8: =P8/$O$16 -> 0.061442565
B9: Minibus, matatu | C9: 252 | D9: =C9/$C$18 -> 0.21 | N9: 0.75-1.00 | O9: 649 | P9: =O9-O8 -> 324 | Q9: =P9/$O$16 -> 0.28851291
B10: Medium bus | C10: 27 | D10: =C10/$C$18 -> 0.0225 | N10: 1.00-1.50 | O10: 715 | P10: =O10-O9 -> 66 | Q10: =P10/$O$16 -> 0.058771149
B11: Large Bus | C11: 14 | D11: =C11/$C$18 -> 0.011666667 | N11: 1.5-2.0 | O11: 887 | P11: =O11-O10 -> 172 | Q11: =P11/$O$16 -> 0.15316118
B12: Light Truck | C12: 165 | D12: =C12/$C$18 -> 0.1375 | N12: 2.0-3.0 | O12: 966 | P12: =O12-O11 -> 79 | Q12: =P12/$O$16 -> 0.070347284
B13: Medium Truck | C13: 198 | D13: =C13/$C$18 -> 0.165 | N13: 3.0-5.0 | O13: 1048 | P13: =O13-O12 -> 82 | Q13: =P13/$O$16 -> 0.0730187
B14: Heavy truck | C14: 74 | D14: =C14/$C$18 -> 0.061666667 | N14: 5.0-7.5 | O14: 1092 | P14: =O14-O13 -> 44 | Q14: =P14/$O$16 -> 0.039180766
B15: Truck Trailer | C15: 29 | D15: =C15/$C$18 -> 0.024166667 | N15: 7.5-10 | O15: 1118 | P15: =O15-O14 -> 26 | Q15: =P15/$O$16 -> 0.023152271
B16: Motor cycles | C16: 30 | D16: =C16/$C$18 -> 0.025 | N16: Over 10 | O16: 1123 | P16: =O16-O15 -> 5 | Q16: =P16/$O$16 -> 0.0044523598
B17: Tractors | C17: 0 | D17: =C17/$C$18 -> 0
B18: Total | C18: =SUM(C6:C17) -> 1200
B19: ADT | C19: 57727 | D19: =C18/C19 -> 0.0207875
N22: Trip Frequency
B23: Journey Purpose | N23: Trip Frequency | O23: No of Vehicles | P23: No. of Vehicles, %
B24: Purpose | C24: Respondents | D24: Percent | N24: More than 2 times every day | O24: 305 | P24: =O24/$O$30 -> 0.2699115
B25: Home-Work | C25: 171 | D25: =C25/$C$30 -> 0.1425 | N25: Daily (Up and Down) | O25: 517 | P25: =O25/$O$30 -> 0.45752212
B26: Home-Study | C26: 3 | D26: =C26/$C$30 -> 0.0025 | N26: 2/3 times a week | O26: 87 | P26: =O26/$O$30 -> 0.07699115
B27: Work-Home | C27: 88 | D27: =C27/$C$30 -> 0.073333333 | N27: Once a week | O27: 76 | P27: =O27/$O$30 -> 0.067256637
B28: Work-Work | C28: 57 | D28: =C28/$C$30 -> 0.0475 | N28: Once a month | O28: 14 | P28: =O28/$O$30 -> 0.012389381
B29: Others | C29: 881 | D29: =C29/$C$30 -> 0.73416667 | N29: Once in a while | O29: 131 | P29: =O29/$O$30 -> 0.1159292
B30: Total | C30: =C18 -> 1200 | N30: Total | O30: =SUM(O24:O29) -> 1130
B41: Expressway Use
B42: Response | C42: Number | D42: Percent
B43: Yes | C43: 822 | D43: =C43/$C$45 -> 0.685 | N43: Vehicle Types | O43: Average Occupancy
B44: No | C44: 378 | D44: =C44/$C$45 -> 0.315 | N44: Car | O44: 2.3345324
B45: Total | C45: =C30 -> 1200 | N45: Station Wagon | O45: 2.2333333
N46: Pickups | O46: 2.5714286
N47: Minibus, matatu | O47: 10.407258
N48: Medium bus | O48: 14.703704
N49: Large Bus | O49: 64.571429
N50: Light Truck | O50: 2.202454
N51: Medium Truck | O51: 2.3739796
N52: Heavy truck | O52: 2.3918919
N53: Truck Trailer | O53: 2.1034483
N54: Motor cycles | O54: 1.1
N55: Tractors | O55: 0
N56: Total | O56: =SUM(O44:O55) -> 106.99346
B59: Willingness to Pay
B60: Vehicle Types | C60: Average Price
B61: Car | C61: 2112.9464
B62: Station Wagon | C62: 1765.4321
B63: Pickups | C63: 2756.7568 | M63: Average Trip Length
B64: Minibus, matatu | C64: 2299.0385 | M64: Trip Length Range | N64: Cumm-ulative | O64: No of Vehicles | P64: Percentage
B65: Medium bus | C65: 1523.8095 | M65: 0-1 | N65: 17 | O65: =N65 -> 17 | P65: =O65/$N$73 -> 0.018478261
B66: Large Bus | C66: 1666.6667 | M66: 1-2.5 | N66: 55 | O66: =N66-N65 -> 38 | P66: =O66/$N$73 -> 0.041304348
B67: Light Truck | C67: 2285.7143 | M67: 2.5-5.0 | N67: 154 | O67: =N67-N66 -> 99 | P67: =O67/$N$73 -> 0.1076087
B68: Medium Truck | C68: 1916.5663 | M68: 5.0-10.0 | N68: 309 | O68: =N68-N67 -> 155 | P68: =O68/$N$73 -> 0.16847826
B69: Heavy truck | C69: 2288.1356 | M69: 10.0-20.0 | N69: 518 | O69: =N69-N68 -> 209 | P69: =O69/$N$73 -> 0.22717391
B70: Truck Trailer | C70: 2185.1852 | M70: 20.0-50.0 | N70: 663 | O70: =N70-N69 -> 145 | P70: =O70/$N$73 -> 0.1576087
B71: Motor cycles | C71: 2105 | M71: 50.0-100.0 | N71: 762 | O71: =N71-N70 -> 99 | P71: =O71/$N$73 -> 0.1076087
B72: Tractors | M72: 100.0-250.0 | N72: 858 | O72: =N72-N71 -> 96 | P72: =O72/$N$73 -> 0.10434783
B73: Total | C73: =C18 -> 1200 | M73: Over 250 | N73: 920 | O73: =N73-N72 -> 62 | P73: =O73/$N$73 -> 0.067391304

Sheet STN13
B2: STN13 OD ANALYSIS
B4: Vehicle OD Sample Proportions | N4: Average Journey Time
B5: Vehicle Types | C5: OD Sample | D5: OD Sample, % | N5: Journey Time Range (Hrs) | O5: Cummu-lative | P5: No of Vehicles | Q5: No. of Vehicles, %
B6: Car | C6: 220 | D6: =C6/$C$18 -> 0.3030303 | N6: 0-0.25 | O6: 17 | P6: =O6 -> 17 | Q6: =P6/$O$16 -> 0.0425
B7: Station Wagon | C7: 63 | D7: =C7/$C$18 -> 0.08677686 | N7: 0.25-0.50 | O7: 138 | P7: =O7-O6 -> 121 | Q7: =P7/$O$16 -> 0.3025
B8: Pickups | C8: 66 | D8: =C8/$C$18 -> 0.090909091 | N8: 0.50-0.75 | O8: 158 | P8: =O8-O7 -> 20 | Q8: =P8/$O$16 -> 0.05
B9: Minibus, matatu | C9: 89 | D9: =C9/$C$18 -> 0.12258953 | N9: 0.75-1.00 | O9: 284 | P9: =O9-O8 -> 126 | Q9: =P9/$O$16 -> 0.315
B10: Medium bus | C10: 1 | D10: =C10/$C$18 -> 0.0013774105 | N10: 1.00-1.50 | O10: 318 | P10: =O10-O9 -> 34 | Q10: =P10/$O$16 -> 0.085
B11: Large Bus | C11: 0 | D11: =C11/$C$18 -> 0 | N11: 1.5-2.0 | O11: 339 | P11: =O11-O10 -> 21 | Q11: =P11/$O$16 -> 0.0525
B12: Light Truck | C12: 130 | D12: =C12/$C$18 -> 0.17906336 | N12: 2.0-3.0 | O12: 367 | P12: =O12-O11 -> 28 | Q12: =P12/$O$16 -> 0.07
B13: Medium Truck | C13: 136 | D13: =C13/$C$18 -> 0.18732782 | N13: 3.0-5.0 | O13: 384 | P13: =O13-O12 -> 17 | Q13: =P13/$O$16 -> 0.0425
B14: Heavy truck | C14: 4 | D14: =C14/$C$18 -> 0.0055096419 | N14: 5.0-7.5 | O14: 393 | P14: =O14-O13 -> 9 | Q14: =P14/$O$16 -> 0.0225
B15: Truck Trailer | C15: 4 | D15: =C15/$C$18 -> 0.0055096419 | N15: 7.5-10 | O15: 398 | P15: =O15-O14 -> 5 | Q15: =P15/$O$16 -> 0.0125
B16: Motor cycles | C16: 12 | D16: =C16/$C$18 -> 0.016528926 | N16: Over 10 | O16: 400 | P16: =O16-O15 -> 2 | Q16: =P16/$O$16 -> 0.005
B17: Tractors | C17: 1 | D17: =C17/$C$18 -> 0.0013774105
B18: Total | C18: =SUM(C6:C17) -> 726
B19: ADT | C19: 38047 | D19: =C18/C19 -> 0.019081662
N22: Trip Frequency
B23: Journey Purpose | N23: Trip Frequency | O23: No of Vehicles | P23: No. of Vehicles, %
B24: Purpose | C24: Respondents | D24: Percent | N24: More than 2 times every day | O24: 150 | P24: =O24/$O$30 -> 0.21156559
B25: Home-Work | C25: 103 | D25: =C25/$C$30 -> 0.14187328 | N25: Daily (Up and Down) | O25: 230 | P25: =O25/$O$30 -> 0.32440056
B26: Home-Study | C26: 13 | D26: =C26/$C$30 -> 0.017906336 | N26: 2/3 times a week | O26: 131 | P26: =O26/$O$30 -> 0.18476728
B27: Work-Home | C27: 44 | D27: =C27/$C$30 -> 0.060606061 | N27: Once a week | O27: 72 | P27: =O27/$O$30 -> 0.10155148
B28: Work-Work | C28: 53 | D28: =C28/$C$30 -> 0.073002755 | N28: Once a month | O28: 26 | P28: =O28/$O$30 -> 0.036671368
B29: Others | C29: 513 | D29: =C29/$C$30 -> 0.70661157 | N29: Once in a while | O29: 100 | P29: =O29/$O$30 -> 0.14104372
B30: Total | C30: =C18 -> 726 | N30: Total | O30: =SUM(O24:O29) -> 709
B41: Expressway Use
B42: Response | C42: Number | D42: Percent
B43: Yes | C43: 536 | D43: =C43/$C$45 -> 0.73829201 | N43: Vehicle Types | O43: Average Occupancy
B44: No | C44: 190 | D44: =C44/$C$45 -> 0.26170799 | N44: Car | O44: 2.0318182
B45: Total | C45: =C30 -> 726 | N45: Station Wagon | O45: 1.7777778
N46: Pickups | O46: 1.9393939
N47: Minibus, matatu | O47: 11.11236
N48: Medium bus | O48: 28
N49: Large Bus | O49: 0
N50: Light Truck | O50: 2.2384615
N51: Medium Truck | O51: 2.2279412
N52: Heavy truck | O52: 1.75
N53: Truck Trailer | O53: 2.25
N54: Motor cycles | O54: 1.3333333
N55: Tractors | O55: 1
N56: Total | O56: =SUM(O44:O55) -> 55.661085
B59: Willingness to Pay
B60: Vehicle Types | C60: Average Price
B61: Car | C61: 1720.7921
B62: Station Wagon | C62: 2050
B63: Pickups | C63: 1948.2759
B64: Minibus, matatu | C64: 2335.1351 | N64: Average Trip Length
B65: Medium bus | C65: 0 | N65: Trip Length Range | O65: Cumm-ulative | P65: No of Vehicles | Q65: Percentage
B66: Large Bus | N66: 0-1 | O66: 1 | P66: =O66 -> 1 | Q66: =P66/$O$74 -> 0.0045248869
B67: Light Truck | C67: 1900.8929 | N67: 1-2.5 | O67: 6 | P67: =O67-O66 -> 5 | Q67: =P67/$O$74 -> 0.022624434
B68: Medium Truck | C68: 1644.5378 | N68: 2.5-5.0 | O68: 27 | P68: =O68-O67 -> 21 | Q68: =P68/$O$74 -> 0.095022624
B69: Heavy truck | C69: 1625 | N69: 5.0-10.0 | O69: 51 | P69: =O69-O68 -> 24 | Q69: =P69/$O$74 -> 0.10859729
B70: Truck Trailer | C70: 3000 | N70: 10.0-20.0 | O70: 103 | P70: =O70-O69 -> 52 | Q70: =P70/$O$74 -> 0.23529412
B71: Motor cycles | C71: 1400 | N71: 20.0-50.0 | O71: 163 | P71: =O71-O70 -> 60 | Q71: =P71/$O$74 -> 0.27149321
B72: Tractors | C72: 2000 | N72: 50.0-100.0 | O72: 187 | P72: =O72-O71 -> 24 | Q72: =P72/$O$74 -> 0.10859729
B73: Total | C73: =C18 -> 726 | N73: 100.0-250.0 | O73: 207 | P73: =O73-O72 -> 20 | Q73: =P73/$O$74 -> 0.090497738
N74: Over 250 | O74: 221 | P74: =O74-O73 -> 14 | Q74: =P74/$O$74 -> 0.063348416

Sheet STN14
B2: STN14 OD ANALYSIS
B4: Vehicle OD Sample Proportions | N4: Average Journey Time
B5: Vehicle Types | C5: OD Sample | D5: OD Sample, % | N5: Journey Time Range (Hrs) | O5: Cummu-lative | P5: No of Vehicles | Q5: No. of Vehicles, %
B6: Car | C6: 235 | D6: =C6/$C$18 -> 0.38907285 | N6: 0-0.25 | O6: 74 | P6: 74 | Q6: 0.14230769
B7: Station Wagon | C7: 64 | D7: =C7/$C$18 -> 0.10596026 | N7: 0.25-0.50 | O7: 211 | P7: 137 | Q7: 0.26346154
B8: Pickups | C8: 34 | D8: =C8/$C$18 -> 0.056291391 | N8: 0.50-0.75 | O8: 262 | P8: 51 | Q8: 0.098076923
B9: Minibus, matatu | C9: 117 | D9: =C9/$C$18 -> 0.19370861 | N9: 0.75-1.00 | O9: 375 | P9: 113 | Q9: 0.21730769
B10: Medium bus | C10: 4 | D10: =C10/$C$18 -> 0.0066225166 | N10: 1.00-1.50 | O10: 407 | P10: 32 | Q10: 0.061538462
B11: Large Bus | C11: 3 | D11: =C11/$C$18 -> 0.0049668874 | N11: 1.5-2.0 | O11: 456 | P11: 49 | Q11: 0.094230769
B12: Light Truck | C12: 51 | D12: =C12/$C$18 -> 0.084437086 | N12: 2.0-3.0 | O12: 490 | P12: 34 | Q12: 0.065384615
B13: Medium Truck | C13: 26 | D13: =C13/$C$18 -> 0.043046358 | N13: 3.0-5.0 | O13: 512 | P13: 22 | Q13: 0.042307692
B14: Heavy truck | C14: 8 | D14: =C14/$C$18 -> 0.013245033 | N14: 5.0-7.5 | O14: 515 | P14: 3 | Q14: 0.0057692308
B15: Truck Trailer | C15: 1 | D15: =C15/$C$18 -> 0.0016556291 | N15: 7.5-10 | O15: 519 | P15: 4 | Q15: 0.0076923077
B16: Motor cycles | C16: 59 | D16: =C16/$C$18 -> 0.097682119 | N16: Over 10 | O16: 520 | P16: 1 | Q16: 0.0019230769
B17: Tractors | C17: 2 | D17: =C17/$C$18 -> 0.0033112583
B18: Total | C18: =SUM(C6:C17) -> 604
B19: ADT | C19: 22734 | D19: =C18/C19 -> 0.026568136
N22: Trip Frequency
B23: Journey Purpose | N23: Trip Frequency | O23: No of Vehicles | P23: No. of Vehicles, %
B24: Purpose | C24: Respondents | D24: Percent | N24: More than 2 times every day | O24: 194 | P24: 0.33680556
B25: Home-Work | C25: 121 | D25: =C25/$C$30 -> 0.20033113 | N25: Daily (Up and Down) | O25: 290 | P25: 0.50347222
B26: Home-Study | C26: 2 | D26: =C26/$C$30 -> 0.0033112583 | N26: 2/3 times a week | O26: 29 | P26: 0.050347222
B27: Work-Home | C27: 69 | D27: =C27/$C$30 -> 0.11423841 | N27: Once a week | O27: 25 | P27: 0.043402778
B28: Work-Work | C28: 96 | D28: =C28/$C$30 -> 0.1589404 | N28: Once a month | O28: 5 | P28: 0.0086805556
B29: Others | C29: 316 | D29: =C29/$C$30 -> 0.52317881 | N29: Once in a while | O29: 33 | P29: 0.057291667
B30: Total | C30: =C18 -> 604 | N30: Total | O30: =SUM(O24:O29) -> 576
B41: Expressway Use
B42: Response | C42: Number | D42: Percent
B43: Yes | C43: 583 | D43: =C43/$C$45 -> 0.96523179 | N43: Vehicle Types | O43: Average Occupancy
B44: No | C44: 21 | D44: =C44/$C$45 -> 0.034768212 | N44: Car | O44: 1.9141631
B45: Total | C45: =C30 -> 604 | N45: Station Wagon | O45: 1.921875
N46: Pickups | O46: 2.0625
N47: Minibus, matatu | O47: 8.4869565
N48: Medium bus | O48: 19.5
N49: Large Bus | O49: 21.666667
N50: Light Truck | O50: 2.74
N51: Medium Truck | O51: 2.4615385
N52: Heavy truck | O52: 2.125
N53: Truck Trailer | O53: 1
N54: Motor cycles | O54: 1.1016949
N55: Tractors | O55: 1
N56: Total | O56: =C18 -> 604
B59: Willingness to Pay
B60: Vehicle Types | C60: Average Price
B61: Car | C61: 2483.2317
B62: Station Wagon | C62: 2396.2264
B63: Pickups | C63: 1444 | N63: Average Trip Length
B64: Minibus, matatu | C64: 2122.9167 | N64: Trip Length Range | O64: Cumm-ulative | P64: No of Vehicles | Q64: Percentage
B65: Medium bus | C65: 3000 | N65: 0-1 | O65: 13 | P65: 13 | Q65: 0.034482759
B66: Large Bus | C66: 3000 | N66: 1-2.5 | O66: 45 | P66: 32 | Q66: 0.084880637
B67: Light Truck | C67: 2326.6667 | N67: 2.5-5.0 | O67: 143 | P67: 98 | Q67: 0.25994695
B68: Medium Truck | C68: 1890.4762 | N68: 5.0-10.0 | O68: 227 | P68: 84 | Q68: 0.22281167
B69: Heavy truck | C69: 2083.3333 | N69: 10.0-20.0 | O69: 304 | P69: 77 | Q69: 0.20424403
B70: Truck Trailer | N70: 20.0-50.0 | O70: 339 | P70: 35 | Q70: 0.092838196
B71: Motor cycles | C71: 1704.1667 | N71: 50.0-100.0 | O71: 359 | P71: 20 | Q71: 0.053050398
B72: Tractors | C72: 5000 | N72: 100.0-250.0 | O72: 373 | P72: 14 | Q72: 0.037135279
B73: Total | C73: =C18 -> 604 | N73: Over 250 | O73: 377 | P73: 4 | Q73: 0.01061008

Sheet STN15
B2: STN15 OD ANALYSIS
B4: Vehicle OD Sample Proportions | N4: Average Journey Time
B5: Vehicle Types | C5: OD Sample | D5: OD Sample, % | N5: Journey Time Range (Hrs) | O5: Cummu-lative | P5: No of Vehicles | Q5: No. of Vehicles, %
B6: Car | C6: 146 | D6: =C6/$C$18 -> 0.2543554 | N6: 0-0.25 | O6: 151 | P6: =O6 -> 151 | Q6: =P6/$O$16 -> 0.27305606
B7: Station Wagon | C7: 32 | D7: =C7/$C$18 -> 0.055749129 | N7: 0.25-0.50 | O7: 334 | P7: =O7-O6 -> 183 | Q7: =P7/$O$16 -> 0.33092224
B8: Pickups | C8: 25 | D8: =C8/$C$18 -> 0.043554007 | N8: 0.50-0.75 | O8: 436 | P8: =O8-O7 -> 102 | Q8: =P8/$O$16 -> 0.18444846
B9: Minibus, matatu | C9: 73 | D9: =C9/$C$18 -> 0.1271777 | N9: 0.75-1.00 | O9: 502 | P9: =O9-O8 -> 66 | Q9: =P9/$O$16 -> 0.11934901
B10: Medium bus | C10: 1 | D10: =C10/$C$18 -> 0.0017421603 | N10: 1.00-1.50 | O10: 510 | P10: =O10-O9 -> 8 | Q10: =P10/$O$16 -> 0.014466546
B11: Large Bus | C11: 0 | D11: =C11/$C$18 -> 0 | N11: 1.5-2.0 | O11: 526 | P11: =O11-O10 -> 16 | Q11: =P11/$O$16 -> 0.028933092
B12: Light Truck | C12: 48 | D12: =C12/$C$18 -> 0.083623693 | N12: 2.0-3.0 | O12: 531 | P12: =O12-O11 -> 5 | Q12: =P12/$O$16 -> 0.0090415913
B13: Medium Truck | C13: 28 | D13: =C13/$C$18 -> 0.048780488 | N13: 3.0-5.0 | O13: 542 | P13: =O13-O12 -> 11 | Q13: =P13/$O$16 -> 0.019891501
B14: Heavy truck | C14: 15 | D14: =C14/$C$18 -> 0.026132404 | N14: 5.0-7.5 | O14: 548 | P14: =O14-O13 -> 6 | Q14: =P14/$O$16 -> 0.01084991
B15: Truck Trailer | C15: 1 | D15: =C15/$C$18 -> 0.0017421603 | N15: 7.5-10 | O15: 551 | P15: =O15-O14 -> 3 | Q15: =P15/$O$16 -> 0.0054249548
B16: Motor cycles | C16: 204 | D16: =C16/$C$18 -> 0.3554007 | N16: Over 10 | O16: 553 | P16: =O16-O15 -> 2 | Q16: =P16/$O$16 -> 0.0036166365
B17: Tractors | C17: 1 | D17: =C17/$C$18 -> 0.0017421603
B18: Total | C18: =SUM(C6:C17) -> 574
B19: ADT | C19: 10973 | D19: =C18/C19 -> 0.052310216
N22: Trip Frequency
B23: Journey Purpose | N23: Trip Frequency | O23: No of Vehicles | P23: No. of Vehicles, %
B24: Purpose | C24: Respondents | D24: Percent | N24: More than 2 times every day | O24: 114 | P24: =O24/$O$30 -> 0.20614828
B25: Home-Work | C25: 41 | D25: =C25/$C$30 -> 0.071428571 | N25: Daily (Up and Down) | O25: 316 | P25: =O25/$O$30 -> 0.57142857
B26: Home-Study | C26: 0 | D26: =C26/$C$30 -> 0 | N26: 2/3 times a week | O26: 51 | P26: =O26/$O$30 -> 0.092224231
B27: Work-Home | C27: 95 | D27: =C27/$C$30 -> 0.16550523 | N27: Once a week | O27: 16 | P27: =O27/$O$30 -> 0.028933092
B28: Work-Work | C28: 132 | D28: =C28/$C$30 -> 0.22996516 | N28: Once a month | O28: 2 | P28: =O28/$O$30 -> 0.0036166365
B29: Others | C29: 306 | D29: =C29/$C$30 -> 0.53310105 | N29: Once in a while | O29: 54 | P29: =O29/$O$30 -> 0.097649186
B30: Total | C30: =C18 -> 574 | N30: Total | O30: =SUM(O24:O29) -> 553
B41: Expressway Use
B42: Response | C42: Number | D42: Percent
B43: Yes | C43: 575 | D43: =C43/$C$45 -> 1.0017422 | N43: Vehicle Types | O43: Average Occupancy
B44: No | C44: -1 | D44: =C44/$C$45 -> -0.0017421603 | N44: Car | O44: 1.7737226
B45: Total | C45: =C30 -> 574 | N45: Station Wagon | O45: 1.9354839
N46: Pickups | O46: 1.8695652
N47: Minibus, matatu | O47: 9.0833333
N48: Medium bus | O48: 30
N49: Large Bus | O49: 0
N50: Light Truck | O50: 2.1521739
N51: Medium Truck | O51: 2.7857143
N52: Heavy truck | O52: 2.4285714
N53: Truck Trailer | O53: 2
N54: Motor cycles | O54: 1.546798
N55: Tractors | O55: 1
N56: Total | O56: =C18 -> 574
B59: Willingness to Pay
B60: Vehicle Types | C60: Average Price
B61: Car | C61: 2022.4576
B62: Station Wagon | C62: 1405
B63: Pickups | C63: 1575 | N63: Average Trip Length
B64: Minibus, matatu | C64: 1760 | N64: Trip Length Range | O64: Cumm-ulative | P64: No of Vehicles | Q64: Percentage
B65: Medium bus | C65: 2000 | N65: 0-1 | O65: 12 | P65: =O65 -> 12 | Q65: =P65/$O$73 -> 0.027906977
B66: Large Bus | N66: 1-2.5 | O66: 70 | P66: =O66-O65 -> 58 | Q66: =P66/$O$73 -> 0.13488372
B67: Light Truck | C67: 2465.7895 | N67: 2.5-5.0 | O67: 195 | P67: =O67-O66 -> 125 | Q67: =P67/$O$73 -> 0.29069767
B68: Medium Truck | C68: 2545.4545 | N68: 5.0-10.0 | O68: 342 | P68: =O68-O67 -> 147 | Q68: =P68/$O$73 -> 0.34186047
B69: Heavy truck | C69: 2300 | N69: 10.0-20.0 | O69: 403 | P69: =O69-O68 -> 61 | Q69: =P69/$O$73 -> 0.14186047
B70: Truck Trailer | C70: 2000 | N70: 20.0-50.0 | O70: 417 | P70: =O70-O69 -> 14 | Q70: =P70/$O$73 -> 0.03255814
B71: Motor cycles | C71: 1726.9231 | N71: 50.0-100.0 | O71: 420 | P71: =O71-O70 -> 3 | Q71: =P71/$O$73 -> 0.0069767442
B72: Tractors | C72: 10000 | N72: 100.0-250.0 | O72: 426 | P72: =O72-O71 -> 6 | Q72: =P72/$O$73 -> 0.013953488
B73: Total | C73: =C18 -> 574 | N73: Over 250 | O73: 430 | P73: =O73-O72 -> 4 | Q73: =P73/$O$73 -> 0.0093023256

Sheet STN17
B2: STN17 OD ANALYSIS
B4: Vehicle OD Sample Proportions | N4: Average Journey Time
B5: Vehicle Types | C5: OD Sample | D5: OD Sample, % | N5: Journey Time Range (Hrs) | O5: Cummu-lative | P5: No of Vehicles | Q5: No. of Vehicles, %
B6: Car | C6: 302 | D6: =C6/$C$18 -> 0.32196162 | N6: 0-0.25 | O6: 119 | P6: =O6 -> 119 | Q6: =P6/$O$16 -> 0.15555556
B7: Station Wagon | C7: 39 | D7: =C7/$C$18 -> 0.041577825 | N7: 0.25-0.50 | O7: 367 | P7: =O7-O6 -> 248 | Q7: =P7/$O$16 -> 0.32418301
B8: Pickups | C8: 53 | D8: =C8/$C$18 -> 0.056503198 | N8: 0.50-0.75 | O8: 483 | P8: =O8-O7 -> 116 | Q8: =P8/$O$16 -> 0.15163399
B9: Minibus, matatu | C9: 226 | D9: =C9/$C$18 -> 0.24093817 | N9: 0.75-1.00 | O9: 632 | P9: =O9-O8 -> 149 | Q9: =P9/$O$16 -> 0.19477124
B10: Medium bus | C10: 5 | D10: =C10/$C$18 -> 0.0053304904 | N10: 1.00-1.50 | O10: 656 | P10: =O10-O9 -> 24 | Q10: =P10/$O$16 -> 0.031372549
B11: Large Bus | C11: 9 | D11: =C11/$C$18 -> 0.0095948827 | N11: 1.5-2.0 | O11: 702 | P11: =O11-O10 -> 46 | Q11: =P11/$O$16 -> 0.060130719
B12: Light Truck | C12: 58 | D12: =C12/$C$18 -> 0.061833689 | N12: 2.0-3.0 | O12: 725 | P12: =O12-O11 -> 23 | Q12: =P12/$O$16 -> 0.030065359
B13: Medium Truck | C13: 76 | D13: =C13/$C$18 -> 0.081023454 | N13: 3.0-5.0 | O13: 746 | P13: =O13-O12 -> 21 | Q13: =P13/$O$16 -> 0.02745098
B14: Heavy truck | C14: 26 | D14: =C14/$C$18 -> 0.02771855 | N14: 5.0-7.5 | O14: 756 | P14: =O14-O13 -> 10 | Q14: =P14/$O$16 -> 0.013071895
B15: Truck Trailer | C15: 2 | D15: =C15/$C$18 -> 0.0021321962 | N15: 7.5-10 | O15: 761 | P15: =O15-O14 -> 5 | Q15: =P15/$O$16 -> 0.0065359477
B16: Motor cycles | C16: 142 | D16: =C16/$C$18 -> 0.15138593 | N16: Over 10 | O16: 765 | P16: =O16-O15 -> 4 | Q16: =P16/$O$16 -> 0.0052287582
B17: Tractors | C17: 0 | D17: =C17/$C$18 -> 0
B18: Total | C18: =SUM(C6:C17) -> 938
B19: ADT | C19: 33306.929 | D19: =C18/C19 -> 0.028162309
N22: Trip Frequency
B23: Journey Purpose | N23: Trip Frequency | O23: No of Vehicles | P23: No. of Vehicles, %
B24: Purpose | C24: Respondents | D24: Percent | N24: More than 2 times every day | O24: 318 | P24: =O24/$O$30 -> 0.34945055
B25: Home-Work | C25: 149 | D25: =C25/$C$30 -> 0.15884861 | N25: Daily (Up and Down) | O25: 406 | P25: =O25/$O$30 -> 0.44615385
B26: Home-Study | C26: 6 | D26: =C26/$C$30 -> 0.0063965885 | N26: 2/3 times a week | O26: 90 | P26: =O26/$O$30 -> 0.098901099
B27: Work-Home | C27: 67 | D27: =C27/$C$30 -> 0.071428571 | N27: Once a week | O27: 37 | P27: =O27/$O$30 -> 0.040659341
B28: Work-Work | C28: 104 | D28: =C28/$C$30 -> 0.1108742 | N28: Once a month | O28: 15 | P28: =O28/$O$30 -> 0.016483516
B29: Others | C29: 612 | D29: =C29/$C$30 -> 0.65245203 | N29: Once in a while | O29: 44 | P29: =O29/$O$30 -> 0.048351648
B30: Total | C30: =C18 -> 938 | N30: Total | O30: =SUM(O24:O29) -> 910
B41: Expressway Use
B42: Response | C42: Number | D42: Percent
B43: Yes | C43: 867 | D43: =C43/$C$45 -> 0.92430704 | N43: Vehicle Types | O43: Average Occupancy
B44: No | C44: 71 | D44: =C44/$C$45 -> 0.075692964 | N44: Car | O44: 1.9072848
B45: Total | C45: =C30 -> 938 | N45: Station Wagon | O45: 2.6666667
N46: Pickups | O46: 2.0377358
N47: Minibus, matatu | O47: 11.151786
N48: Medium bus | O48: 12
N49: Large Bus | O49: 47.666667
N50: Light Truck | O50: 1.9137931
N51: Medium Truck | O51: 2.1733333
N52: Heavy truck | O52: 2.36
N53: Truck Trailer | O53: 2.5
N54: Motor cycles | O54: 1.2253521
N55: Tractors | O55: 1
N56: Total | O56: =C18 -> 938
B59: Willingness to Pay
B60: Vehicle Types | C60: Average Price
B61: Car | C61: 1505.5276
B62: Station Wagon | C62: 1710.5263
B63: Pickups | C63: 1962.5 | N63: Average Trip Length
B64: Minibus, matatu | C64: 1414.1892 | N64: Trip Length Range | O64: Cumm-ulative | P64: No of Vehicles | Q64: Percentage
B65: Medium bus | C65: 1000 | N65: 0-1 | O65: 8 | P65: =O65 -> 8 | Q65: =P65/$O$73 -> 0.018691589
B66: Large Bus | C66: 1250 | N66: 1-2.5 | O66: 37 | P66: =O66-O65 -> 29 | Q66: =P66/$O$73 -> 0.067757009
B67: Light Truck | C67: 1710.5263 | N67: 2.5-5.0 | O67: 117 | P67: =O67-O66 -> 80 | Q67: =P67/$O$73 -> 0.18691589
B68: Medium Truck | C68: 2478.5714 | N68: 5.0-10.0 | O68: 245 | P68: =O68-O67 -> 128 | Q68: =P68/$O$73 -> 0.29906542
B69: Heavy truck | C69: 1423.5294 | N69: 10.0-20.0 | O69: 351 | P69: =O69-O68 -> 106 | Q69: =P69/$O$73 -> 0.24766355
B70: Truck Trailer | C70: 500 | N70: 20.0-50.0 | O70: 392 | P70: =O70-O69 -> 41 | Q70: =P70/$O$73 -> 0.095794393
B71: Motor cycles | C71: 1684.5238 | N71: 50.0-100.0 | O71: 399 | P71: =O71-O70 -> 7 | Q71: =P71/$O$73 -> 0.01635514
B72: Tractors | N72: 100.0-250.0 | O72: 420 | P72: =O72-O71 -> 21 | Q72: =P72/$O$73 -> 0.049065421
B73: Total | C73: =C18 -> 938 | N73: Over 250 | O73: 428 | P73: =O73-O72 -> 8 | Q73: =P73/$O$73 -> 0.018691589

Sheet STN18
B2: STN18 OD ANALYSIS
B4: Vehicle OD Sample Proportions | N4: Average Journey Time
B5: Vehicle Types | C5: OD Sample | D5: OD Sample, % | N5: Journey Time Range (Hrs) | O5: Cummu-lative | P5: No of Vehicles | Q5: No. of Vehicles, %
B6: Car | C6: 339 | D6: =C6/$C$18 -> 0.22391017 | N6: 0-0.25 | O6: 156 | P6: =O6 -> 156 | Q6: =P6/$O$16 -> 0.10714286
B7: Station Wagon | C7: 94 | D7: =C7/$C$18 -> 0.062087186 | N7: 0.25-0.50 | O7: 582 | P7: =O7-O6 -> 426 | Q7: =P7/$O$16 -> 0.29258242
B8: Pickups | C8: 63 | D8: =C8/$C$18 -> 0.041611625 | N8: 0.50-0.75 | O8: 783 | P8: =O8-O7 -> 201 | Q8: =P8/$O$16 -> 0.13804945
B9: Minibus, matatu | C9: 444 | D9: =C9/$C$18 -> 0.29326288 | N9: 0.75-1.00 | O9: 1073 | P9: =O9-O8 -> 290 | Q9: =P9/$O$16 -> 0.19917582
B10: Medium bus | C10: 18 | D10: =C10/$C$18 -> 0.011889036 | N10: 1.00-1.50 | O10: 1173 | P10: =O10-O9 -> 100 | Q10: =P10/$O$16 -> 0.068681319
B11: Large Bus | C11: 19 | D11: =C11/$C$18 -> 0.012549538 | N11: 1.5-2.0 | O11: 1270 | P11: =O11-O10 -> 97 | Q11: =P11/$O$16 -> 0.066620879
B12: Light Truck | C12: 172 | D12: =C12/$C$18 -> 0.11360634 | N12: 2.0-3.0 | O12: 1340 | P12: =O12-O11 -> 70 | Q12: =P12/$O$16 -> 0.048076923
B13: Medium Truck | C13: 107 | D13: =C13/$C$18 -> 0.070673712 | N13: 3.0-5.0 | O13: 1426 | P13: =O13-O12 -> 86 | Q13: =P13/$O$16 -> 0.059065934
B14: Heavy truck | C14: 12 | D14: =C14/$C$18 -> 0.0079260238 | N14: 5.0-7.5 | O14: 1444 | P14: =O14-O13 -> 18 | Q14: =P14/$O$16 -> 0.012362637
B15: Truck Trailer | C15: 16 | D15: =C15/$C$18 -> 0.010568032 | N15: 7.5-10 | O15: 1452 | P15: =O15-O14 -> 8 | Q15: =P15/$O$16 -> 0.0054945055
B16: Motor cycles | C16: 230 | D16: =C16/$C$18 -> 0.15191546 | N16: Over 10 | O16: 1456 | P16: =O16-O15 -> 4 | Q16: =P16/$O$16 -> 0.0027472527
B17: Tractors | C17: 0 | D17: =C17/$C$18 -> 0
B18: Total | C18: =SUM(C6:C17) -> 1514
B19: ADT | C19: 36900 | D19: =C18/C19 -> 0.04102981
N22: Trip Frequency
B23: Journey Purpose | N23: Trip Frequency | O23: No of Vehicles | P23: No. of Vehicles, %
B24: Purpose | C24: Respondents | D24: Percent | N24: More than 2 times every day | O24: 630 | P24: =O24/$O$30 -> 0.43298969
B25: Home-Work | C25: 206 | D25: =C25/$C$30 -> 0.13606341 | N25: Daily (Up and Down) | O25: 601 | P25: =O25/$O$30 -> 0.41305842
B26: Home-Study | C26: 3 | D26: =C26/$C$30 -> 0.0019815059 | N26: 2/3 times a week | O26: 87 | P26: =O26/$O$30 -> 0.059793814
B27: Work-Home | C27: 88 | D27: =C27/$C$30 -> 0.058124174 | N27: Once a week | O27: 92 | P27: =O27/$O$30 -> 0.063230241
B28: Work-Work | C28: 53 | D28: =C28/$C$30 -> 0.035006605 | N28: Once a month | O28: 17 | P28: =O28/$O$30 -> 0.011683849
B29: Others | C29: 1164 | D29: =C29/$C$30 -> 0.76882431 | N29: Once in a while | O29: 28 | P29: =O29/$O$30 -> 0.019243986
B30: Total | C30: =C18 -> 1514 | O30: =SUM(O24:O29) -> 1455
B41: Expressway Use
B42: Response | C42: Number | D42: Percent
B43: Yes | C43: 1511 | D43: =C43/$C$45 -> 0.99801849
B44: No | C44: 3 | D44: =C44/$C$45 -> 0.0019815059
B45: Total | C45: =C30 -> 1514 | N45: Vehicle Types | O45: Average Occupancy
N46: Car | O46: 2.4230769
N47: Station Wagon | O47: 2.7849462
N48: Pickups | O48: 2
N49: Minibus, matatu | O49: 11.311512
N50: Medium bus | O50: 20.833333
N51: Large Bus | O51: 48.263158
N52: Light Truck | O52: 2.1569767
N53: Medium Truck | O53: 2.1569767
N54: Heavy truck | O54: 2.3207547
N55: Truck Trailer | O55: 2.4166667
N56: Motor cycles | O56: 1.3449782
N57: Tractors | O57: 0
N58: Total | O58: =C18 -> 1514
B59: Willingness to Pay
B60: Vehicle Types | C60: Average Price
B61: Car | C61: 2338.6207
B62: Station Wagon | C62: 3079.7619
B63: Pickups | C63: 2524.5902
B64: Minibus, matatu | C64: 1658.908
B65: Medium bus | C65: 2707.1429 | N65: Average Trip Length
B66: Large Bus | C66: 2868.4211 | N66: Trip Length Range | O66: Cumm-ulative | P66: No of Vehicles | Q66: Percentage
B67: Light Truck | C67: 2352.3179 | N67: 0-1 | O67: 11 | P67: =O67 -> 11 | Q67: =P67/$O$75 -> 0.012542759
B68: Medium Truck | C68: 2743.956 | N68: 1-2.5 | O68: 29 | P68: =O68-O67 -> 18 | Q68: =P68/$O$75 -> 0.020524515
B69: Heavy truck | C69: 3958.3333 | N69: 2.5-5.0 | O69: 162 | P69: =O69-O68 -> 133 | Q69: =P69/$O$75 -> 0.15165336
B70: Truck Trailer | C70: 1680 | N70: 5.0-10.0 | O70: 539 | P70: =O70-O69 -> 377 | Q70: =P70/$O$75 -> 0.42987457
B71: Motor cycles | C71: 1305.1887 | N71: 10.0-20.0 | O71: 681 | P71: =O71-O70 -> 142 | Q71: =P71/$O$75 -> 0.16191562
B72: Tractors | C72: 0 | N72: 20.0-50.0 | O72: 751 | P72: =O72-O71 -> 70 | Q72: =P72/$O$75 -> 0.07981756
B73: Total | C73: =C18 -> 1514 | N73: 50.0-100.0 | O73: 795 | P73: =O73-O72 -> 44 | Q73: =P73/$O$75 -> 0.050171038
N74: 100.0-250.0 | O74: 869 | P74: =O74-O73 -> 74 | Q74: =P74/$O$75 -> 0.084378563
N75: Over 250 | O75: 877 | P75: =O75-O74 -> 8 | Q75: =P75/$O$75 -> 0.0091220068

Sheet STN20
B2: STN20 OD ANALYSIS
B4: Vehicle OD Sample Proportions | N4: Average Journey Time
B5: Vehicle Types | C5: OD Sample | D5: OD Sample, % | N5: Journey Time Range (Hrs) | O5: Cummu-lative | P5: No of Vehicles | Q5: No. of Vehicles, %
B6: Car | C6: 169 | D6: =C6/$C$18 -> 0.38584475 | N6: 0-0.25 | O6: 108 | P6: =O6 -> 108 | Q6: =P6/$O$16 -> 0.25592417
B7: Station Wagon | C7: 15 | D7: =C7/$C$18 -> 0.034246575 | N7: 0.25-0.50 | O7: 225 | P7: =O7-O6 -> 117 | Q7: =P7/$O$16 -> 0.27725118
B8: Pickups | C8: 28 | D8: =C8/$C$18 -> 0.063926941 | N8: 0.50-0.75 | O8: 247 | P8: =O8-O7 -> 22 | Q8: =P8/$O$16 -> 0.052132701
B9: Minibus, matatu | C9: 63 | D9: =C9/$C$18 -> 0.14383562 | N9: 0.75-1.00 | O9: 350 | P9: =O9-O8 -> 103 | Q9: =P9/$O$16 -> 0.24407583
B10: Medium bus | C10: 6 | D10: =C10/$C$18 -> 0.01369863 | N10: 1.00-1.50 | O10: 377 | P10: =O10-O9 -> 27 | Q10: =P10/$O$16 -> 0.063981043
B11: Large Bus | C11: 0 | D11: =C11/$C$18 -> 0 | N11: 1.5-2.0 | O11: 410 | P11: =O11-O10 -> 33 | Q11: =P11/$O$16 -> 0.078199052
B12: Light Truck | C12: 59 | D12: =C12/$C$18 -> 0.1347032 | N12: 2.0-3.0 | O12: 413 | P12: =O12-O11 -> 3 | Q12: =P12/$O$16 -> 0.0071090047
B13: Medium Truck | C13: 46 | D13: =C13/$C$18 -> 0.10502283 | N13: 3.0-5.0 | O13: 418 | P13: =O13-O12 -> 5 | Q13: =P13/$O$16 -> 0.011848341
B14: Heavy truck | C14: 9 | D14: =C14/$C$18 -> 0.020547945 | N14: 5.0-7.5 | O14: 421 | P14: =O14-O13 -> 3 | Q14: =P14/$O$16 -> 0.0071090047
B15: Truck Trailer | C15: 1 | D15: =C15/$C$18 -> 0.002283105 | N15: 7.5-10 | O15: 421 | P15: =O15-O14 -> 0 | Q15: =P15/$O$16 -> 0
B16: Motor cycles | C16: 41 | D16: =C16/$C$18 -> 0.093607306 | N16: Over 10 | O16: 422 | P16: =O16-O15 -> 1 | Q16: =P16/$O$16 -> 0.0023696682
B17: Tractors | C17: 1 | D17: =C17/$C$18 -> 0.002283105
B18: Total | C18: =SUM(C6:C17) -> 438
B19: ADT | C19: 12462 | D19: =C18/C19 -> 0.035146846
N22: Trip Frequency
B23: Journey Purpose | N23: Trip Frequency | O23: No of Vehicles | P23: No. of Vehicles, %
B24: Purpose | C24: Respondents | D24: Percent | N24: More than 2 times every day | O24: 171 | P24: =O24/$O$30 -> 0.39130435
B25: Home-Work | C25: 34 | D25: =C25/$C$30 -> 0.077625571 | N25: Daily (Up and Down) | O25: 135 | P25: =O25/$O$30 -> 0.30892449
B26: Home-Study | C26: 4 | D26: =C26/$C$30 -> 0.0091324201 | N26: 2/3 times a week | O26: 45 | P26: =O26/$O$30 -> 0.10297483
B27: Work-Home | C27: 51 | D27: =C27/$C$30 -> 0.11643836 | N27: Once a week | O27: 37 | P27: =O27/$O$30 -> 0.084668192
B28: Work-Work | C28: 163 | D28: =C28/$C$30 -> 0.37214612 | N28: Once a month | O28: 6 | P28: =O28/$O$30 -> 0.013729977
B29: Others | C29: 186 | D29: =C29/$C$30 -> 0.42465753 | N29: Once in a while | O29: 43 | P29: =O29/$O$30 -> 0.098398169
B30: Total | C30: =C18 -> 438 | N30: Total | O30: =SUM(O24:O29) -> 437
B41: Expressway Use
B42: Response | C42: Number | D42: Percent
B43: Yes | C43: 406 | D43: =C43/$C$45 -> 0.92694064 | N43: Vehicle Types | O43: Average Occupancy
B44: No | C44: 32 | D44: =C44/$C$45 -> 0.073059361 | N44: Car | O44: 2.1369048
B45: Total | C45: =C30 -> 438 | N45: Station Wagon | O45: 2.5333333
N46: Pickups | O46: 2.0357143
N47: Minibus, matatu | O47: 9.4354839
N48: Medium bus | O48: 11
N49: Large Bus | O49: 0
N50: Light Truck | O50: 2.0877193
N51: Medium Truck | O51: 2.326087
N52: Heavy truck | O52: 2.2222222
N53: Truck Trailer | O53: 1
N54: Motor cycles | O54: 1.6097561
N55: Tractors | O55: 2
N56: Total | O56: =C18 -> 438
B59: Willingness to Pay
B60: Vehicle Types | C60: Average Price
B61: Car | C61: 2054.9383
B62: Station Wagon | C62: 2007.1429
B63: Pickups | C63: 1500 | N63: Average Trip Length
B64: Minibus, matatu | C64: 2093.4426 | N64: Trip Length Range | O64: Cumm-ulative | P64: No of Vehicles | Q64: Percentage
B65: Medium bus | C65: 4166.6667 | N65: 0-1 | O65: 36 | P65: =O65 -> 36 | Q65: =P65/$O$73 -> 0.11042945
B66: Large Bus | N66: 1-2.5 | O66: 61 | P66: =O66-O65 -> 25 | Q66: =P66/$O$73 -> 0.076687117
B67: Light Truck | C67: 2750 | N67: 2.5-5.0 | O67: 147 | P67: =O67-O66 -> 86 | Q67: =P67/$O$73 -> 0.26380368
B68: Medium Truck | C68: 2322.7273 | N68: 5.0-10.0 | O68: 219 | P68: =O68-O67 -> 72 | Q68: =P68/$O$73 -> 0.2208589
B69: Heavy truck | C69: 2428.5714 | N69: 10.0-20.0 | O69: 268 | P69: =O69-O68 -> 49 | Q69: =P69/$O$73 -> 0.15030675
B70: Truck Trailer | C70: 1000 | N70: 20.0-50.0 | O70: 314 | P70: =O70-O69 -> 46 | Q70: =P70/$O$73 -> 0.14110429
B71: Motor cycles | C71: 2225.7143 | N71: 50.0-100.0 | O71: 322 | P71: =O71-O70 -> 8 | Q71: =P71/$O$73 -> 0.024539877
B72: Tractors | C72: 1000 | N72: 100.0-250.0 | O72: 324 | P72: =O72-O71 -> 2 | Q72: =P72/$O$73 -> 0.0061349693
B73: Total | C73: =C18 -> 438 | N73: Over 250 | O73: 326 | P73: =O73-O72 -> 2 | Q73: =P73/$O$73 -> 0.0061349693

Sheet STN21
B2: STN21 OD ANALYSIS
B4: Vehicle OD Sample Proportions | N4: Average Journey Time
B5: Vehicle Types | C5: OD Sample | D5: OD Sample, % | N5: Journey Time Range (Hrs) | O5: Cummu-lative | P5: No of Vehicles | Q5: No. of Vehicles, %
B6: Car | C6: 265 | D6: =C6/$C$18 -> 0.42741935 | N6: 0-0.25 | O6: 97 | P6: =O6 -> 97 | Q6: =P6/$O$16 -> 0.16440678
B7: Station Wagon | C7: 59 | D7: =C7/$C$18 -> 0.09516129 | N7: 0.25-0.50 | O7: 232 | P7: =O7-O6 -> 135 | Q7: =P7/$O$16 -> 0.22881356
B8: Pickups | C8: 28 | D8: =C8/$C$18 -> 0.04516129 | N8: 0.50-0.75 | O8: 302 | P8: =O8-O7 -> 70 | Q8: =P8/$O$16 -> 0.11864407
B9: Minibus, matatu | C9: 146 | D9: =C9/$C$18 -> 0.23548387 | N9: 0.75-1.00 | O9: 429 | P9: =O9-O8 -> 127 | Q9: =P9/$O$16 -> 0.21525424
B10: Medium bus | C10: 7 | D10: =C10/$C$18 -> 0.011290323 | N10: 1.00-1.50 | O10: 447 | P10: =O10-O9 -> 18 | Q10: =P10/$O$16 -> 0.030508475
B11: Large Bus | C11: 4 | D11: =C11/$C$18 -> 0.0064516129 | N11: 1.5-2.0 | O11: 519 | P11: =O11-O10 -> 72 | Q11: =P11/$O$16 -> 0.1220339
B12: Light Truck | C12: 39 | D12: =C12/$C$18 -> 0.062903226 | N12: 2.0-3.0 | O12: 553 | P12: =O12-O11 -> 34 | Q12: =P12/$O$16 -> 0.057627119
B13: Medium Truck | C13: 46 | D13: =C13/$C$18 -> 0.074193548 | N13: 3.0-5.0 | O13: 578 | P13: =O13-O12 -> 25 | Q13: =P13/$O$16 -> 0.042372881
B14: Heavy truck | C14: 13 | D14: =C14/$C$18 -> 0.020967742 | N14: 5.0-7.5 | O14: 581 | P14: =O14-O13 -> 3 | Q14: =P14/$O$16 -> 0.0050847458
B15: Truck Trailer | C15: 2 | D15: =C15/$C$18 -> 0.0032258065 | N15: 7.5-10 | O15: 587 | P15: =O15-O14 -> 6 | Q15: =P15/$O$16 -> 0.010169492
B16: Motor cycles | C16: 10 | D16: =C16/$C$18 -> 0.016129032 | N16: Over 10 | O16: 590 | P16: =O16-O15 -> 3 | Q16: =P16/$O$16 -> 0.0050847458
B17: Tractors | C17: 1 | D17: =C17/$C$18 -> 0.0016129032
B18: Total | C18: =SUM(C6:C17) -> 620
B19: ADT | C19: 41929 | D19: =C18/C19 -> 0.014786902
N22: Trip Frequency
B23: Journey Purpose | N23: Trip Frequency | O23: No of Vehicles | P23: No. of Vehicles, %
B24: Purpose | C24: Respondents | D24: Percent | N24: More than 2 times every day | O24: 105 | P24: =O24/$O$30 -> 0.1761745
B25: Home-Work | C25: 90 | D25: =C25/$C$30 -> 0.14516129 | N25: Daily (Up and Down) | O25: 260 | P25: =O25/$O$30 -> 0.43624161
B26: Home-Study | C26: 4 | D26: =C26/$C$30 -> 0.0064516129 | N26: 2/3 times a week | O26: 96 | P26: =O26/$O$30 -> 0.16107383
B27: Work-Home | C27: 71 | D27: =C27/$C$30 -> 0.11451613 | N27: Once a week | O27: 43 | P27: =O27/$O$30 -> 0.072147651
B28: Work-Work | C28: 34 | D28: =C28/$C$30 -> 0.05483871 | N28: Once a month | O28: 32 | P28: =O28/$O$30 -> 0.053691275
B29: Others | C29: 421 | D29: =C29/$C$30 -> 0.67903226 | N29: Once in a while | O29: 60 | P29: =O29/$O$30 -> 0.10067114
B30: Total | C30: =C18 -> 620 | N30: Total | O30: =SUM(O24:O29) -> 596
B41: Expressway Use
B42: Response | C42: Number | D42: Percent
B43: Yes | C43: 166 | D43: =C43/$C$45 -> 0.26774194 | N43: Vehicle Types | O43: Average Occupancy
B44: No | C44: 454 | D44: =C44/$C$45 -> 0.73225806 | N44: Car | O44: 3.389313
B45: Total | C45: =C30 -> 620 | N45: Station Wagon | O45: 3.9310345
N46: Pickups | O46: 2.2592593
N47: Minibus, matatu | O47: 11.39726
N48: Medium bus | O48: 11.571429
N49: Large Bus | O49: 27.25
N50: Light Truck | O50: 2.6486486
N51: Medium Truck | O51: 2.7826087
N52: Heavy truck | O52: 2.8333333
N53: Truck Trailer | O53: 3
N54: Motor cycles | O54: 2.1
N55: Tractors | O55: 5
N56: Total | O56: =C18 -> 620
B59: Willingness to Pay
B60: Vehicle Types | C60: Average Price
B61: Car | C61: 1815.2344
B62: Station Wagon | C62: 2127.1186
B63: Pickups | C63: 1846.1538 | N63: Average Trip Length
B64: Minibus, matatu | C64: 1938.7324 | N64: Trip Length Range | O64: Cumm-ulative | P64: No of Vehicles | Q64: Percentage
B65: Medium bus | C65: 1142.8571 | N65: 0-1 | O65: 1 | P65: =O65 -> 1 | Q65: =P65/$O$73 -> 0.0023041475
B66: Large Bus | C66: 2375 | N66: 1-2.5 | O66: 15 | P66: =O66-O65 -> 14 | Q66: =P66/$O$73 -> 0.032258065
B67: Light Truck | C67: 1471.7949 | N67: 2.5-5.0 | O67: 99 | P67: =O67-O66 -> 84 | Q67: =P67/$O$73 -> 0.19354839
B68: Medium Truck | C68: 2113.6364 | N68: 5.0-10.0 | O68: 215 | P68: =O68-O67 -> 116 | Q68: =P68/$O$73 -> 0.26728111
B69: Heavy truck | C69: 2269.2308 | N69: 10.0-20.0 | O69: 324 | P69: =O69-O68 -> 109 | Q69: =P69/$O$73 -> 0.25115207
B70: Truck Trailer | C70: 1250 | N70: 20.0-50.0 | O70: 399 | P70: =O70-O69 -> 75 | Q70: =P70/$O$73 -> 0.17281106
B71: Motor cycles | C71: 1250 | N71: 50.0-100.0 | O71: 417 | P71: =O71-O70 -> 18 | Q71: =P71/$O$73 -> 0.041474654
B72: Tractors | C72: 500 | N72: 100.0-250.0 | O72: 425 | P72: =O72-O71 -> 8 | Q72: =P72/$O$73 -> 0.01843318
B73: Total | C73: =C18 -> 620 | N73: Over 250 | O73: 434 | P73: =O73-O72 -> 9 | Q73: =P73/$O$73 -> 0.020737327

Sheet STN22
B2: STN22 OD ANALYSIS
B4: Vehicle OD Sample Proportions | N4: Average Journey Time
B5: Vehicle Types | C5: OD Sample | D5: OD Sample, % | N5: Journey Time Range (Hrs) | O5: Cummu-lative | P5: No of Vehicles | Q5: No. of Vehicles, %
B6: Car | C6: 239 | D6: =C6/$C$18 -> 0.26555556 | N6: 0-0.25 | O6: 126 | P6: =O6 -> 126 | Q6: =P6/$O$16 -> 0.18129496
B7: Station Wagon | C7: 84 | D7: =C7/$C$18 -> 0.093333333 | N7: 0.25-0.50 | O7: 279 | P7: =O7-O6 -> 153 | Q7: =P7/$O$16 -> 0.22014388
B8: Pickups | C8: 41 | D8: =C8/$C$18 -> 0.045555556 | N8: 0.50-0.75 | O8: 331 | P8: =O8-O7 -> 52 | Q8: =P8/$O$16 -> 0.074820144
B9: Minibus, matatu | C9: 175 | D9: =C9/$C$18 -> 0.19444444 | N9: 0.75-1.00 | O9: 518 | P9: =O9-O8 -> 187 | Q9: =P9/$O$16 -> 0.26906475
B10: Medium bus | C10: 27 | D10: =C10/$C$18 -> 0.03 | N10: 1.00-1.50 | O10: 537 | P10: =O10-O9 -> 19 | Q10: =P10/$O$16 -> 0.027338129
B11: Large Bus | C11: 9 | D11: =C11/$C$18 -> 0.01 | N11: 1.5-2.0 | O11: 618 | P11: =O11-O10 -> 81 | Q11: =P11/$O$16 -> 0.11654676
B12: Light Truck | C12: 71 | D12: =C12/$C$18 -> 0.078888889 | N12: 2.0-3.0 | O12: 655 | P12: =O12-O11 -> 37 | Q12: =P12/$O$16 -> 0.05323741
B13: Medium Truck | C13: 76 | D13: =C13/$C$18 -> 0.084444444 | N13: 3.0-5.0 | O13: 677 | P13: =O13-O12 -> 22 | Q13: =P13/$O$16 -> 0.031654676
B14: Heavy truck | C14: 21 | D14: =C14/$C$18 -> 0.023333333 | N14: 5.0-7.5 | O14: 690 | P14: =O14-O13 -> 13 | Q14: =P14/$O$16 -> 0.018705036
B15: Truck Trailer | C15: 10 | D15: =C15/$C$18 -> 0.011111111 | N15: 7.5-10 | O15: 695 | P15: =O15-O14 -> 5 | Q15: =P15/$O$16 -> 0.0071942446
B16: Motor cycles | C16: 145 | D16: =C16/$C$18 -> 0.16111111 | N16: Over 10 | O16: 695 | P16: =O16-O15 -> 0 | Q16: =P16/$O$16 -> 0
B17: Tractors | C17: 2 | D17: =C17/$C$18 -> 0.0022222222
B18: Total | C18: =SUM(C6:C17) -> 900
B19: ADT | C19: 81261 | D19: =C18/C19 -> 0.011075424
N22: Trip Frequency
B23: Journey Purpose | N23: Trip Frequency | O23: No of Vehicles | P23: No. of Vehicles, %
B24: Purpose | C24: Respondents | D24: Percent | N24: More than 2 times every day | O24: 233 | P24: =O24/$O$30 -> 0.27508855
B25: Home-Work | C25: 128 | D25: =C25/$C$30 -> 0.14222222 | N25: Daily (Up and Down) | O25: 290 | P25: =O25/$O$30 -> 0.34238489
B26: Home-Study | C26: 3 | D26: =C26/$C$30 -> 0.0033333333 | N26: 2/3 times a week | O26: 144 | P26: =O26/$O$30 -> 0.17001181
B27: Work-Home | C27: 43 | D27: =C27/$C$30 -> 0.047777778 | N27: Once a week | O27: 81 | P27: =O27/$O$30 -> 0.095631641
B28: Work-Work | C28: 68 | D28: =C28/$C$30 -> 0.075555556 | N28: Once a month | O28: 30 | P28: =O28/$O$30 -> 0.035419126
B29: Others | C29: 658 | D29: =C29/$C$30 -> 0.73111111 | N29: Once in a while | O29: 69 | P29: =O29/$O$30 -> 0.081463991
B30: Total | C30: =C18 -> 900 | N30: Total | O30: =SUM(O24:O29) -> 847
B41: Expressway Use
B42: Response | C42: Number | D42: Percent
B43: Yes | C43: 250 | D43: =C43/$C$45 -> 0.27777778 | N43: Vehicle Types | O43: Average Occupancy
B44: No | C44: 650 | D44: =C44/$C$45 -> 0.72222222 | N44: Car | O44: 2.3556485
B45: Total | C45: =C30 -> 900 | N45: Station Wagon | O45: 2.1071429
N46: Pickups | O46: 2.1463415
N47: Minibus, matatu | O47: 9.0632184
N48: Medium bus | O48: 16.555556
N49: Large Bus | O49: 50.111111
N50: Light Truck | O50: 2.3521127
N51: Medium Truck | O51: 2.6447368
N52: Heavy truck | O52: 2.7142857
N53: Truck Trailer | O53: 2.6
N54: Motor cycles | O54: 1.737931
N55: Tractors | O55: 2
N56: Total | O56: =C18 -> 900
B59: Willingness to Pay
B60: Vehicle Types | C60: Average Price
B61: Car | C61: 2471.1864
B62: Station Wagon | C62: 1415.8537
B63: Pickups | C63: 1941.0256 | N63: Average Trip Length
B64: Minibus, matatu | C64: 1968.2081 | N64: Trip Length Range | O64: Cumm-ulative | P64: No of Vehicles | Q64: Percentage
B65: Medium bus | C65: 2514.8148 | N65: 0-1 | O65: 33 | P65: =O65 -> 33 | Q65: =P65/$O$73 -> 0.046544429
B66: Large Bus | C66: 3000 | N66: 1-2.5 | O66: 92 | P66: =O66-O65 -> 59 | Q66: =P66/$O$73 -> 0.083215797
B67: Light Truck | C67: 2433.8028 | N67: 2.5-5.0 | O67: 300 | P67: =O67-O66 -> 208 | Q67: =P67/$O$73 -> 0.29337094
B68: Medium Truck | C68: 2821.3333 | N68: 5.0-10.0 | O68: 462 | P68: =O68-O67 -> 162 | Q68: =P68/$O$73 -> 0.22849083
B69: Heavy truck | C69: 2738.0952 | N69: 10.0-20.0 | O69: 575 | P69: =O69-O68 -> 113 | Q69: =P69/$O$73 -> 0.15937941
B70: Truck Trailer | C70: 1170 | N70: 20.0-50.0 | O70: 637 | P70: =O70-O69 -> 62 | Q70: =P70/$O$73 -> 0.087447109
B71: Motor cycles | C71: 2127.7778 | N71: 50.0-100.0 | O71: 662 | P71: =O71-O70 -> 25 | Q71: =P71/$O$73 -> 0.035260931
B72: Tractors | C72: 650 | N72: 100.0-250.0 | O72: 689 | P72: =O72-O71 -> 27 | Q72: =P72/$O$73 -> 0.038081805
B73: Total | C73: =C18 -> 900 | N73: Over 250 | O73: 709 | P73: =O73-O72 -> 20 | Q73: =P73/$O$73 -> 0.028208745

Sheet STN23
B2: STN23 OD ANALYSIS
B4: Vehicle OD Sample Proportions | N4: Average Journey Time
B5: Vehicle Types | C5: OD Sample | D5: OD Sample, % | N5: Journey Time Range (Hrs) | O5: Cummu-lative | P5: No of Vehicles | Q5: No. of Vehicles, %
B6: Car | C6: 171 | D6: =C6/$C$18 -> 0.27229299 | N6: 0-0.25 | O6: 49 | P6: =O6 -> 49 | Q6: =P6/$O$16 -> 0.093690249
B7: Station Wagon | C7: 17 | D7: =C7/$C$18 -> 0.027070064 | N7: 0.25-0.50 | O7: 143 | P7: =O7-O6 -> 94 | Q7: =P7/$O$16 -> 0.17973231
B8: Pickups | C8: 23 | D8: =C8/$C$18 -> 0.036624204 | N8: 0.50-0.75 | O8: 168 | P8: =O8-O7 -> 25 | Q8: =P8/$O$16 -> 0.047801147
B9: Minibus, matatu | C9: 122 | D9: =C9/$C$18 -> 0.19426752 | N9: 0.75-1.00 | O9: 317 | P9: =O9-O8 -> 149 | Q9: =P9/$O$16 -> 0.28489484
B10: Medium bus | C10: 21 | D10: =C10/$C$18 -> 0.03343949 | N10: 1.00-1.50 | O10: 360 | P10: =O10-O9 -> 43 | Q10: =P10/$O$16 -> 0.082217973
B11: Large Bus | C11: 12 | D11: =C11/$C$18 -> 0.01910828 | N11: 1.5-2.0 | O11: 414 | P11: =O11-O10 -> 54 | Q11: =P11/$O$16 -> 0.10325048
B12: Light Truck | C12: 102 | D12: =C12/$C$18 -> 0.16242038 | N12: 2.0-3.0 | O12: 448 | P12: =O12-O11 -> 34 | Q12: =P12/$O$16 -> 0.06500956
B13: Medium Truck | C13: 91 | D13: =C13/$C$18 -> 0.14490446 | N13: 3.0-5.0 | O13: 477 | P13: =O13-O12 -> 29 | Q13: =P13/$O$16 -> 0.055449331
B14: Heavy truck | C14: 25 | D14: =C14/$C$18 -> 0.039808917 | N14: 5.0-7.5 | O14: 505 | P14: =O14-O13 -> 28 | Q14: =P14/$O$16 -> 0.053537285
B15: Truck Trailer | C15: 7 | D15: =C15/$C$18 -> 0.011146497 | N15: 7.5-10 | O15: 522 | P15: =O15-O14 -> 17 | Q15: =P15/$O$16 -> 0.03250478
B16: Motor cycles | C16: 36 | D16: =C16/$C$18 -> 0.057324841 | N16: Over 10 | O16: 523 | P16: =O16-O15 -> 1 | Q16: =P16/$O$16 -> 0.0019120459
B17: Tractors | C17: 1 | D17: =C17/$C$18 -> 0.0015923567
B18: Total | C18: =SUM(C6:C17) -> 628
B19: ADT | C19: 38520 | D19: =C18/C19 -> 0.016303219
N22: Trip Frequency
B23: Journey Purpose | N23: Trip Frequency | O23: No of Vehicles | P23: No. of Vehicles, %
B24: Purpose | C24: Respondents | D24: Percent | N24: More than 2 times every day | O24: 95 | P24: =O24/$O$30 -> 0.15127389
B25: Home-Work | C25: 115 | D25: =C25/$C$30 -> 0.18312102 | N25: Daily (Up and Down) | O25: 261 | P25: =O25/$O$30 -> 0.4156051
B26: Home-Study | C26: 5 | D26: =C26/$C$30 -> 0.0079617834 | N26: 2/3 times a week | O26: 129 | P26: =O26/$O$30 -> 0.20541401
B27: Work-Home | C27: 34 | D27: =C27/$C$30 -> 0.054140127 | N27: Once a week | O27: 59 | P27: =O27/$O$30 -> 0.093949045
B28: Work-Work | C28: 118 | D28: =C28/$C$30 -> 0.18789809 | N28: Once a month | O28: 11 | P28: =O28/$O$30 -> 0.017515924
B29: Others | C29: 356 | D29: =C29/$C$30 -> 0.56687898 | N29: Once in a while | O29: 56 | P29: =O29/$O$30 -> 0.089171975
B30: Total | C30: =C18 -> 628 | N30: Total | O30: =C18 -> 628
B41: Expressway Use
B42: Response | C42: Number | D42: Percent
B43: Yes | C43: 596 | D43: =C43/$C$45 -> 0.94904459 | N43: Vehicle Types | O43: Average Occupancy
B44: No | C44: 32 | D44: =C44/$C$45 -> 0.050955414 | N44: Car | O44: 2.2307692
B45: Total | C45: =C30 -> 628 | N45: Station Wagon | O45: 2.8461538
N46: Pickups | O46: 1.9545455
N47: Minibus, matatu | O47: 10.636364
N48: Medium bus | O48: 27.952381
N49: Large Bus | O49: 58.090909
N50: Light Truck | O50: 2.245098
N51: Medium Truck | O51: 2.2637363
N52: Heavy truck | O52: 2
N53: Truck Trailer | O53: 2
N54: Motor cycles | O54: 1.3055556
N55: Tractors | O55: 1
N56: Total | O56: =C18 -> 628
B59: Willingness to Pay
B60: Vehicle Types | C60: Average Price
B61: Car | C61: 3774.8538
B62: Station Wagon | C62: 4382.3529
B63: Pickups | C63: 3326.087 | N63: Average Trip Length
B64: Minibus, matatu | C64: 3250 | N64: Trip Length Range | O64: Cumm-ulative | P64: No of Vehicles | Q64: Percentage
B65: Medium bus | C65: 9261.9048 | N65: 0-1 | O65: 10 | P65: =O65 -> 10 | Q65: =P65/$O$73 -> 0.029325513
B66: Large Bus | C66: 3416.6667 | N66: 1-2.5 | O66: 19 | P66: =O66-O65 -> 9 | Q66: =P66/$O$73 -> 0.026392962
B67: Light Truck | C67: 2574.2574 | N67: 2.5-5.0 | O67: 78 | P67: =O67-O66 -> 59 | Q67: =P67/$O$73 -> 0.17302053
B68: Medium Truck | C68: 3912.0912 | N68: 5.0-10.0 | O68: 152 | P68: =O68-O67 -> 74 | Q68: =P68/$O$73 -> 0.2170088
B69: Heavy truck | C69: 11120 | N69: 10.0-20.0 | O69: 241 | P69: =O69-O68 -> 89 | Q69: =P69/$O$73 -> 0.26099707
B70: Truck Trailer | C70: 2500 | N70: 20.0-50.0 | O70: 293 | P70: =O70-O69 -> 52 | Q70: =P70/$O$73 -> 0.15249267
B71: Motor cycles | C71: 2482.7586 | N71: 50.0-100.0 | O71: 304 | P71: =O71-O70 -> 11 | Q71: =P71/$O$73 -> 0.032258065
B72: Tractors | C72: 0 | N72: 100.0-250.0 | O72: 317 | P72: =O72-O71 -> 13 | Q72: =P72/$O$73 -> 0.038123167
B73: Total | C73: =C18 -> 628 | N73: Over 250 | O73: 341 | P73: =O73-O72 -> 24 | Q73: =P73/$O$73 -> 0.070381232

Sheet STN24
B2: STN24 OD ANALYSIS
B4: Vehicle OD Sample Proportions | N4: Average Journey Time
B5: Vehicle Types | C5: OD Sample | D5: OD Sample, % | N5: Journey Time Range (Hrs) | O5: Cummu-lative | P5: No of Vehicles | Q5: No. of Vehicles, %
B6: Car | C6: 352 | D6: =C6/$C$18 -> 0.31855204 | N6: 0-0.25 | O6: 226 | P6: =O6 -> 226 | Q6: =P6/$O$16 -> 0.21220657
B7: Station Wagon | C7: 87 | D7: =C7/$C$18 -> 0.078733032 | N7: 0.25-0.50 | O7: 525 | P7: =O7-O6 -> 299 | Q7: =P7/$O$16 -> 0.28075117
B8: Pickups | C8: 44 | D8: =C8/$C$18 -> 0.039819005 | N8: 0.50-0.75 | O8: 677 | P8: =O8-O7 -> 152 | Q8: =P8/$O$16 -> 0.142723
B9: Minibus, matatu | C9: 214 | D9: =C9/$C$18 -> 0.19366516 | N9: 0.75-1.00 | O9: 908 | P9: =O9-O8 -> 231 | Q9: =P9/$O$16 -> 0.21690141
B10: Medium bus | C10: 13 | D10: =C10/$C$18 -> 0.011764706 | N10: 1.00-1.50 | O10: 965 | P10: =O10-O9 -> 57 | Q10: =P10/$O$16 -> 0.053521127
B11: Large Bus | C11: 2 | D11: =C11/$C$18 -> 0.0018099548 | N11: 1.5-2.0 | O11: 1012 | P11: =O11-O10 -> 47 | Q11: =P11/$O$16 -> 0.044131455
B12: Light Truck | C12: 118 | D12: =C12/$C$18 -> 0.10678733 | N12: 2.0-3.0 | O12: 1036 | P12: =O12-O11 -> 24 | Q12: =P12/$O$16 -> 0.022535211
B13: Medium Truck | C13: 40 | D13: =C13/$C$18 -> 0.036199095 | N13: 3.0-5.0 | O13: 1047 | P13: =O13-O12 -> 11 | Q13: =P13/$O$16 -> 0.010328638
B14: Heavy truck | C14: 15 | D14: =C14/$C$18 -> 0.013574661 | N14: 5.0-7.5 | O14: 1056 | P14: =O14-O13 -> 9 | Q14: =P14/$O$16 -> 0.0084507042
B15: Truck Trailer | C15: 5 | D15: =C15/$C$18 -> 0.0045248869 | N15: 7.5-10 | O15: 1063 | P15: =O15-O14 -> 7 | Q15: =P15/$O$16 -> 0.00657277
B16: Motor cycles | C16: 214 | D16: =C16/$C$18 -> 0.19366516 | N16: Over 10 | O16: 1065 | P16: =O16-O15 -> 2 | Q16: =P16/$O$16 -> 0.0018779343
B17: Tractors | C17: 1 | D17: =C17/$C$18 -> 0.00090497738
B18: Total | C18: =SUM(C6:C17) -> 1105
B19: ADT | C19: 42248 | D19: =C18/C19 -> 0.026155084
N22: Trip Frequency
B23: Journey Purpose | N23: Trip Frequency | O23: No of Vehicles | P23: No. of Vehicles, %
B24: Purpose | C24: Respondents | D24: Percent | N24: More than 2 times every day | O24: 485 | P24: =O24/$O$30 -> 0.43891403
B25: Home-Work | C25: 193 | D25: =C25/$C$30 -> 0.17466063 | N25: Daily (Up and Down) | O25: 337 | P25: =O25/$O$30 -> 0.30497738
B26: Home-Study | C26: 13 | D26: =C26/$C$30 -> 0.011764706 | N26: 2/3 times a week | O26: 107 | P26: =O26/$O$30 -> 0.096832579
B27: Work-Home | C27: 51 | D27: =C27/$C$30 -> 0.046153846 | N27: Once a week | O27: 36 | P27: =O27/$O$30 -> 0.032579186
B28: Work-Work | C28: 33 | D28: =C28/$C$30 -> 0.029864253 | N28: Once a month | O28: 11 | P28: =O28/$O$30 -> 0.0099547511
B29: Others | C29: 815 | D29: =C29/$C$30 -> 0.73755656 | N29: Once in a while | O29: 84 | P29: =O29/$O$30 -> 0.0760181
B30: Total | C30: =C18 -> 1105 | N30: Total | O30: =C18 -> 1105
B41: Expressway Use
B42: Response | C42: Number | D42: Percent
B43: Yes | C43: 1012 | D43: =C43/$C$45 -> 0.9158371 | N43: Vehicle Types | O43: Average Occupancy
B44: No | C44: 93 | D44: =C44/$C$45 -> 0.084162896 | N44: Car | O44: 1.8985507
B45: Total | C45: =C30 -> 1105 | N45: Station Wagon | O45: 2.2093023
N46: Pickups | O46: 2.1136364
N47: Minibus, matatu | O47: 9.0809524
N48: Medium bus | O48: 20.333333
N49: Large Bus | O49: 36
N50: Light Truck | O50: 2.220339
N51: Medium Truck | O51: 2.4102564
N52: Heavy truck | O52: 2
N53: Truck Trailer | O53: 1.8
N54: Motor cycles | O54: 1.1261682
N55: Tractors | O55: 2
N56: Total | O56: =C18 -> 1105
B59: Willingness to Pay
B60: Vehicle Types | C60: Average Price
B61: Car | C61: 2033.3333
B62: Station Wagon | C62: 1383.1395
B63: Pickups | C63: 1056.8182 | N63: Average Trip Length
B64: Minibus, matatu | C64: 1269.7436 | N64: Trip Length Range | O64: Cumm-ulative | P64: No of Vehicles | Q64: Percentage
B65: Medium bus | C65: 1615.3846 | N65: 0-1 | O65: 51 | P65: =O65 -> 51 | Q65: =P65/$O$73 -> 0.052093973
B66: Large Bus | C66: 1250 | N66: 1-2.5 | O66: 154 | P66: =O66-O65 -> 103 | Q66: =P66/$O$73 -> 0.1052094
B67: Light Truck | C67: 1389.6552 | N67: 2.5-5.0 | O67: 421 | P67: =O67-O66 -> 267 | Q67: =P67/$O$73 -> 0.27272727
B68: Medium Truck | C68: 1648.6486 | N68: 5.0-10.0 | O68: 648 | P68: =O68-O67 -> 227 | Q68: =P68/$O$73 -> 0.23186925
B69: Heavy truck | C69: 1100 | N69: 10.0-20.0 | O69: 858 | P69: =O69-O68 -> 210 | Q69: =P69/$O$73 -> 0.2145046
B70: Truck Trailer | C70: 400 | N70: 20.0-50.0 | O70: 934 | P70: =O70-O69 -> 76 | Q70: =P70/$O$73 -> 0.077630235
B71: Motor cycles | C71: 1484.596 | N71: 50.0-100.0 | O71: 952 | P71: =O71-O70 -> 18 | Q71: =P71/$O$73 -> 0.018386108
B72: Tractors | C72: 0 | N72: 100.0-250.0 | O72: 966 | P72: =O72-O71 -> 14 | Q72: =P72/$O$73 -> 0.014300306
B73: Total | C73: 1105 | N73: Over 250 | O73: 979 | P73: =O73-O72 -> 13 | Q73: =P73/$O$73 -> 0.013278856

Sheet STN25
B2: STN25 OD ANALYSIS
B4: Vehicle OD Sample Proportions | N4: Average Journey Time
B5: Vehicle Types | C5: OD Sample | D5: OD Sample, % | N5: Journey Time Range (Hrs) | O5: Cummu-lative | P5: No of Vehicles | Q5: No. of Vehicles, %
B6: Car | C6: 498 | D6: =C6/$C$18 -> 0.40853158 | N6: 0-0.25 | O6: 162 | P6: =O6 -> 162 | Q6: =P6/$O$16 -> 0.14148472
B7: Station Wagon | C7: 143 | D7: =C7/$C$18 -> 0.11730927 | N7: 0.25-0.50 | O7: 439 | P7: =O7-O6 -> 277 | Q7: =P7/$O$16 -> 0.2419214
B8: Pickups | C8: 36 | D8: =C8/$C$18 -> 0.029532404 | N8: 0.50-0.75 | O8: 562 | P8: =O8-O7 -> 123 | Q8: =P8/$O$16 -> 0.10742358
B9: Minibus, matatu | C9: 160 | D9: =C9/$C$18 -> 0.13125513 | N9: 0.75-1.00 | O9: 855 | P9: =O9-O8 -> 293 | Q9: =P9/$O$16 -> 0.2558952
B10: Medium bus | C10: 10 | D10: =C10/$C$18 -> 0.0082034454 | N10: 1.00-1.50 | O10: 879 | P10: =O10-O9 -> 24 | Q10: =P10/$O$16 -> 0.020960699
B11: Large Bus | C11: 9 | D11: =C11/$C$18 -> 0.0073831009 | N11: 1.5-2.0 | O11: 1016 | P11: =O11-O10 -> 137 | Q11: =P11/$O$16 -> 0.11965066
B12: Light Truck | C12: 183 | D12: =C12/$C$18 -> 0.15012305 | N12: 2.0-3.0 | O12: 1077 | P12: =O12-O11 -> 61 | Q12: =P12/$O$16 -> 0.053275109
B13: Medium Truck | C13: 74 | D13: =C13/$C$18 -> 0.060705496 | N13: 3.0-5.0 | O13: 1110 | P13: =O13-O12 -> 33 | Q13: =P13/$O$16 -> 0.028820961
B14: Heavy truck | C14: 19 | D14: =C14/$C$18 -> 0.015586546 | N14: 5.0-7.5 | O14: 1125 | P14: =O14-O13 -> 15 | Q14: =P14/$O$16 -> 0.013100437
B15: Truck Trailer | C15: 12 | D15: =C15/$C$18 -> 0.0098441345 | N15: 7.5-10 | O15: 1138 | P15: =O15-O14 -> 13 | Q15: =P15/$O$16 -> 0.011353712
B16: Motor cycles | C16: 73 | D16: =C16/$C$18 -> 0.059885152 | N16: Over 10 | O16: 1145 | P16: =O16-O15 -> 7 | Q16: =P16/$O$16 -> 0.0061135371
B17: Tractors | C17: 2 | D17: =C17/$C$18 -> 0.0016406891
B18: Total | C18: =SUM(C6:C17) -> 1219
B19: ADT | C19: 31763 | D19: =C18/C19 -> 0.038377987
N22: Trip Frequency
B23: Journey Purpose | N23: Trip Frequency | O23: No of Vehicles | P23: No. of Vehicles, %
B24: Purpose | C24: Respondents | D24: Percent | N24: More than 2 times every day | O24: 108 | P24: =O24/$O$30 -> 0.091758709
B25: Home-Work | C25: 136 | D25: =C25/$C$30 -> 0.11156686 | N25: Daily (Up and Down) | O25: 618 | P25: =O25/$O$30 -> 0.52506372
B26: Home-Study | C26: 1 | D26: =C26/$C$30 -> 0.00082034454 | N26: 2/3 times a week | O26: 130 | P26: =O26/$O$30 -> 0.1104503
B27: Work-Home | C27: 53 | D27: =C27/$C$30 -> 0.043478261 | N27: Once a week | O27: 96 | P27: =O27/$O$30 -> 0.081563297
B28: Work-Work | C28: 57 | D28: =C28/$C$30 -> 0.046759639 | N28: Once a month | O28: 23 | P28: =O28/$O$30 -> 0.019541206
B29: Others | C29: 972 | D29: =C29/$C$30 -> 0.7973749 | N29: Once in a while | O29: 202 | P29: =O29/$O$30 -> 0.17162277
B30: Total | C30: =C18 -> 1219 | O30: =SUM(O24:O29) -> 1177
B41: Expressway Use
B42: Response | C42: Number | D42: Percent
B43: Yes | C43: 1153 | D43: =C43/$C$45 -> 0.94585726 | N43: Vehicle Types | O43: Average Occupancy
B44: No | C44: 66 | D44: =C44/$C$45 -> 0.05414274 | N44: Car | O44: 1.9617706
B45: Total | C45: =C30 -> 1219 | N45: Station Wagon | O45: 2.1830986
N46: Pickups | O46: 1.9785613
N47: Minibus, matatu | O47: 6.13125
N48: Medium bus | O48: 13.8
N49: Large Bus | O49: 14.75
N50: Light Truck | O50: 2.038674
N51: Medium Truck | O51: 1.9054054
N52: Heavy truck | O52: 1.5555556
N53: Truck Trailer | O53: 2.1666667
N54: Motor cycles | O54: 1.109589
N55: Tractors | O55: 1.6666667
B59: Willingness to Pay
B60: Vehicle Types | C60: Average Price
B61: Car | C61: 1503.055
B62: Station Wagon | C62: 1412.5
B63: Pickups | C63: 1333.3333 | N63: Average Trip Length
B64: Minibus, matatu | C64: 1656 | N64: Trip Length Range | O64: Cumm-ulative | P64: No of Vehicles | Q64: Percentage
B65: Medium bus | C65: 3200 | N65: 0-1 | O65: 38 | P65: =O65 -> 38 | Q65: =P65/$O$73 -> 0.054054054
B66: Large Bus | C66: 1666.6667 | N66: 1-2.5 | O66: 99 | P66: =O66-O65 -> 61 | Q66: =P66/$O$73 -> 0.086770982
B67: Light Truck | C67: 1467.3077 | N67: 2.5-5.0 | O67: 270 | P67: =O67-O66 -> 171 | Q67: =P67/$O$73 -> 0.24324324
B68: Medium Truck | C68: 1478.8732 | N68: 5.0-10.0 | O68: 410 | P68: =O68-O67 -> 140 | Q68: =P68/$O$73 -> 0.19914651
B69: Heavy truck | C69: 2336.8421 | N69: 10.0-20.0 | O69: 541 | P69: =O69-O68 -> 131 | Q69: =P69/$O$73 -> 0.18634424
B70: Truck Trailer | C70: 666.66667 | N70: 20.0-50.0 | O70: 642 | P70: =O70-O69 -> 101 | Q70: =P70/$O$73 -> 0.14366999
B71: Motor cycles | C71: 1936.9863 | N71: 50.0-100.0 | O71: 667 | P71: =O71-O70 -> 25 | Q71: =P71/$O$73 -> 0.035561878
B72: Tractors | C72: 500 | N72: 100.0-250.0 | O72: 680 | P72: =O72-O71 -> 13 | Q72: =P72/$O$73 -> 0.018492176
N73: Over 250 | O73: 703 | P73: =O73-O72 -> 23 | Q73: =P73/$O$73 -> 0.032716927

Sheet STN26
B2: STN26 OD ANALYSIS
B4: Vehicle OD Sample Proportions | N4: Average Journey Time
B5: Vehicle Types | C5: OD Sample | D5: OD Sample, % | N5: Journey Time Range (Hrs) | O5: Cummu-lative | P5: No of Vehicles | Q5: No. of Vehicles, %
B6: Car | C6: 302 | D6: =C6/$C$18 -> 0.24673203 | N6: 0-0.25 | O6: 171 | P6: =O6 -> 171 | Q6: =P6/$O$16 -> 0.14640411
B7: Station Wagon | C7: 105 | D7: =C7/$C$18 -> 0.085784314 | N7: 0.25-0.50 | O7: 425 | P7: =O7-O6 -> 254 | Q7: =P7/$O$16 -> 0.21746575
B8: Pickups | C8: 71 | D8: =C8/$C$18 -> 0.058006536 | N8: 0.50-0.75 | O8: 543 | P8: =O8-O7 -> 118 | Q8: =P8/$O$16 -> 0.1010274
B9: Minibus, matatu | C9: 230 | D9: =C9/$C$18 -> 0.1879085 | N9: 0.75-1.00 | O9: 935 | P9: =O9-O8 -> 392 | Q9: =P9/$O$16 -> 0.33561644
B10: Medium bus | C10: 13 | D10: =C10/$C$18 -> 0.010620915 | N10: 1.00-1.50 | O10: 991 | P10: =O10-O9 -> 56 | Q10: =P10/$O$16 -> 0.047945205
B11: Large Bus | C11: 6 | D11: =C11/$C$18 -> 0.0049019608 | N11: 1.5-2.0 | O11: 1080 | P11: =O11-O10 -> 89 | Q11: =P11/$O$16 -> 0.07619863
B12: Light Truck | C12: 164 | D12: =C12/$C$18 -> 0.13398693 | N12: 2.0-3.0 | O12: 1117 | P12: =O12-O11 -> 37 | Q12: =P12/$O$16 -> 0.031678082
B13: Medium Truck | C13: 81 | D13: =C13/$C$18 -> 0.066176471 | N13: 3.0-5.0 | O13: 1148 | P13: =O13-O12 -> 31 | Q13: =P13/$O$16 -> 0.026541096
B14: Heavy truck | C14: 31 | D14: =C14/$C$18 -> 0.025326797 | N14: 5.0-7.5 | O14: 1158 | P14: =O14-O13 -> 10 | Q14: =P14/$O$16 -> 0.0085616438
B15: Truck Trailer | C15: 13 | D15: =C15/$C$18 -> 0.010620915 | N15: 7.5-10 | O15: 1163 | P15: =O15-O14 -> 5 | Q15: =P15/$O$16 -> 0.0042808219
B16: Motor cycles | C16: 208 | D16: =C16/$C$18 -> 0.16993464 | N16: Over 10 | O16: 1168 | P16: =O16-O15 -> 5 | Q16: =P16/$O$16 -> 0.0042808219
B17: Tractors | C17: 0 | D17: =C17/$C$18 -> 0
B18: Total | C18: =SUM(C6:C17) -> 1224
B19: ADT | C19: 57318 | D19: =C18/C19 -> 0.021354548
N22: Trip Frequency
B23: Journey Purpose | N23: Trip Frequency | O23: No of Vehicles | P23: No. of Vehicles, %
B24: Purpose | C24: Respondents | D24: Percent | N24: More than 2 times every day | O24: 280 | P24: =O24/$O$30 -> 0.23159636
B25: Home-Work | C25: 182 | D25: =C25/$C$30 -> 0.14869281 | N25: Daily (Up and Down) | O25: 568 | P25: =O25/$O$30 -> 0.46980976
B26: Home-Study | C26: 8 | D26: =C26/$C$30 -> 0.0065359477 | N26: 2/3 times a week | O26: 173 | P26: =O26/$O$30 -> 0.14309347
B27: Work-Home | C27: 96 | D27: =C27/$C$30 -> 0.078431373 | N27: Once a week | O27: 75 | P27: =O27/$O$30 -> 0.062034739
B28: Work-Work | C28: 43 | D28: =C28/$C$30 -> 0.035130719 | N28: Once a month | O28: 13 | P28: =O28/$O$30 -> 0.010752688
B29: Others | C29: 895 | D29: =C29/$C$30 -> 0.73120915 | N29: Once in a while | O29: 100 | P29: =O29/$O$30 -> 0.082712986
B30: Total | C30: =C18 -> 1224 | O30: =SUM(O24:O29) -> 1209
B41: Expressway Use
B42: Response | C42: Number | D42: Percent
B43: Yes | C43: 1177 | D43: =C43/$C$45 -> 0.96160131 | N43: Vehicle Types | O43: Average Occupancy
B44: No | C44: 47 | D44: =C44/$C$45 -> 0.038398693 | N44: Car | O44: 1.9417808
B45: Total | C45: =C30 -> 1224 | N45: Station Wagon | O45: 2.2596154
N46: Pickups | O46: 2.0704225
N47: Minibus, matatu | O47: 10.004102
N48: Medium bus | O48: 19.583333
N49: Large Bus | O49: 45.333333
N50: Light Truck | O50: 2.5030675
N51: Medium Truck | O51: 2.5949367
N52: Heavy truck | O52: 1.9032258
N53: Truck Trailer | O53: 2.2307692
N54: Motor cycles | O54: 1.2548077
N55: Tractors | O55: 0
B59: Willingness to Pay
B60: Vehicle Types | C60: Average Price
B61: Car | C61: 1335.1351
B62: Station Wagon | C62: 2034.6154
B63: Pickups | C63: 1081.6901 | N63: Average Trip Length
B64: Minibus, matatu | C64: 1380.3828 | N64: Trip Length Range | O64: Cumm-ulative | P64: No of Vehicles | Q64: Percentage
B65: Medium bus | C65: 2553.8462 | N65: 0-1 | O65: 29 | P65: =O65 -> 29 | Q65: =P65/$O$73 -> 0.030526316
B66: Large Bus | C66: 416.66667 | N66: 1-2.5 | O66: 120 | P66: =O66-O65 -> 91 | Q66: =P66/$O$73 -> 0.095789474
B67: Light Truck | C67: 1226.9512 | N67: 2.5-5.0 | O67: 368 | P67: =O67-O66 -> 248 | Q67: =P67/$O$73 -> 0.26105263
B68: Medium Truck | C68: 2473.3333 | N68: 5.0-10.0 | O68: 603 | P68: =O68-O67 -> 235 | Q68: =P68/$O$73 -> 0.24736842
B69: Heavy truck | C69: 2225.8065 | N69: 10.0-20.0 | O69: 765 | P69: =O69-O68 -> 162 | Q69: =P69/$O$73 -> 0.17052632
B70: Truck Trailer | C70: 1553.8462 | N70: 20.0-50.0 | O70: 876 | P70: =O70-O69 -> 111 | Q70: =P70/$O$73 -> 0.11684211
B71: Motor cycles | C71: 796.33508 | N71: 50.0-100.0 | O71: 916 | P71: =O71-O70 -> 40 | Q71: =P71/$O$73 -> 0.042105263
B72: Tractors | C72: 0 | N72: 100.0-250.0 | O72: 938 | P72: =O72-O71 -> 22 | Q72: =P72/$O$73 -> 0.023157895
N73: Over 250 | O73: 950 | P73: =O73-O72 -> 12 | Q73: =P73/$O$73 -> 0.012631579

Sheet STN28
B2: STN28 OD ANALYSIS
B4: Vehicle OD Sample Proportions | N4: Average Journey Time
B5: Vehicle Types | C5: OD Sample | D5: OD Sample, % | N5: Journey Time Range (Hrs) | O5: Cummu-lative | P5: No of Vehicles | Q5: No. of Vehicles, %
B6: Car | C6: 724 | D6: =C6/$C$18 -> 0.57460317 | N6: 0-0.25 | O6: 460 | P6: =O6 -> 460 | Q6: =P6/$O$16 -> 0.3982684
B7: Station Wagon | C7: 62 | D7: =C7/$C$18 -> 0.049206349 | N7: 0.25-0.50 | O7: 764 | P7: =O7-O6 -> 304 | Q7: =P7/$O$16 -> 0.26320346
B8: Pickups | C8: 40 | D8: =C8/$C$18 -> 0.031746032 | N8: 0.50-0.75 | O8: 874 | P8: =O8-O7 -> 110 | Q8: =P8/$O$16 -> 0.095238095
B9: Minibus, matatu | C9: 173 | D9: =C9/$C$18 -> 0.13730159 | N9: 0.75-1.00 | O9: 1050 | P9: =O9-O8 -> 176 | Q9: =P9/$O$16 -> 0.15238095
B10: Medium bus | C10: 22 | D10: =C10/$C$18 -> 0.017460317 | N10: 1.00-1.50 | O10: 1091 | P10: =O10-O9 -> 41 | Q10: =P10/$O$16 -> 0.035497835
B11: Large Bus | C11: 6 | D11: =C11/$C$18 -> 0.0047619048 | N11: 1.5-2.0 | O11: 1124 | P11: =O11-O10 -> 33 | Q11: =P11/$O$16 -> 0.028571429
B12: Light Truck | C12: 53 | D12: =C12/$C$18 -> 0.042063492 | N12: 2.0-3.0 | O12: 1144 | P12: =O12-O11 -> 20 | Q12: =P12/$O$16 -> 0.017316017
B13: Medium Truck | C13: 50 | D13: =C13/$C$18 -> 0.03968254 | N13: 3.0-5.0 | O13: 1150 | P13: =O13-O12 -> 6 | Q13: =P13/$O$16 -> 0.0051948052
B14: Heavy truck | C14: 2 | D14: =C14/$C$18 -> 0.0015873016 | N14: 5.0-7.5 | O14: 1151 | P14: =O14-O13 -> 1 | Q14: =P14/$O$16 -> 0.00086580087
B15: Truck Trailer | C15: 2 | D15: =C15/$C$18 -> 0.0015873016 | N15: 7.5-10 | O15: 1155 | P15: =O15-O14 -> 4 | Q15: =P15/$O$16 -> 0.0034632035
B16: Motor cycles | C16: 114 | D16: =C16/$C$18 -> 0.09047619 | N16: Over 10 | O16: 1155 | P16: =O16-O15 -> 0 | Q16: =P16/$O$16 -> 0
B17: Tractors | C17: 12 | D17: =C17/$C$18 -> 0.0095238095
B18: Total | C18: =SUM(C6:C17) -> 1260
B19: ADT | C19: 29829 | D19: =C18/C19 -> 0.042240772
N22: Trip Frequency
B23: Journey Purpose | N23: Trip Frequency | O23: No of Vehicles | P23: No. of Vehicles, %
B24: Purpose | C24: Respondents | D24: Percent | N24: More than 2 times every day | O24: 175 | P24: =O24/$O$30 -> 0.14181524
B25: Home-Work | C25: 136 | D25: =C25/$C$30 -> 0.10793651 | N25: Daily (Up and Down) | O25: 640 | P25: =O25/$O$30 -> 0.51863857
B26: Home-Study | C26: 4 | D26: =C26/$C$30 -> 0.0031746032 | N26: 2/3 times a week | O26: 112 | P26: =O26/$O$30 -> 0.09076175
B27: Work-Home | C27: 102 | D27: =C27/$C$30 -> 0.080952381 | N27: Once a week | O27: 69 | P27: =O27/$O$30 -> 0.055915721
B28: Work-Work | C28: 98 | D28: =C28/$C$30 -> 0.077777778 | N28: Once a month | O28: 30 | P28: =O28/$O$30 -> 0.024311183
B29: Others | C29: 920 | D29: =C29/$C$30 -> 0.73015873 | N29: Once in a while | O29: 208 | P29: =O29/$O$30 -> 0.16855754
B30: Total | C30: =C18 -> 1260 | N30: Total | O30: =SUM(O24:O29) -> 1234
M34: 29829
B41: Expressway Use
B42: Response | C42: Number | D42: Percent
B43: Yes | C43: 1085 | D43: =C43/$C$45 -> 0.86111111 | N43: Vehicle Types | O43: Average Occupancy
B44: No | C44: 175 | D44: =C44/$C$45 -> 0.13888889 | N44: Car | O44: =AVERAGE('[25]ALL DATA'!$E$9:$E$732) -> 1.7790055
B45: Total | C45: =C30 -> 1260 | N45: Station Wagon | O45: =AVERAGE('[25]ALL DATA'!$E$733:$E$794) -> 2.0806452
N46: Pickups | O46: =AVERAGE('[25]ALL DATA'!$E$795:$E$834) -> 2.85
N47: Minibus, matatu | O47: =AVERAGE('[25]ALL DATA'!$E$835:$E$1007) -> 7.2947977
N48: Medium bus | O48: =AVERAGE('[25]ALL DATA'!$E$1008:$E$1029) -> 13.363636
N49: Large Bus | O49: =AVERAGE('[25]ALL DATA'!$E$1030:$E$1035) -> 15.5
N50: Light Truck | O50: =AVERAGE('[25]ALL DATA'!$E$1036:$E$1088) -> 1.9622642
N51: Medium Truck | O51: =AVERAGE('[25]ALL DATA'!$E$1089:$E$1138) -> 2.08
N52: Heavy truck | O52: =AVERAGE('[25]ALL DATA'!$E$1139:$E$1140) -> 2
N53: Truck Trailer | O53: =AVERAGE('[25]ALL DATA'!$E$1141:$E$1142) -> 1
N54: Motor cycles | O54: =AVERAGE('[25]ALL DATA'!$E$1143:$E$1256) -> 1.3859649
N55: Tractors | O55: =AVERAGE('[25]ALL DATA'!$E$1257:$E$1268) -> 4
B59: Willingness to Pay
B60: Vehicle Types | C60: Average Price
B61: Car | C61: 1611.1517
B62: Station Wagon | C62: 1271.1864
B63: Pickups | C63: 1725 | N63: Average Trip Length
B64: Minibus, matatu | C64: 1047.3373 | N64: Trip Length Range | O64: Cumm-ulative | P64: No of Vehicles | Q64: Percentage
B65: Medium bus | C65: 1636.3636 | N65: 0-1 | O65: 562 | P65: =O65 -> 562 | Q65: =P65/$O$73 -> 0.69727047
B66: Large Bus | C66: 3666.6667 | N66: 1-2.5 | O66: 589 | P66: =O66-O65 -> 27 | Q66: =P66/$O$73 -> 0.033498759
B67: Light Truck | C67: 2309.434 | N67: 2.5-5.0 | O67: 657 | P67: =O67-O66 -> 68 | Q67: =P67/$O$73 -> 0.084367246
B68: Medium Truck | C68: 1000 | N68: 5.0-10.0 | O68: 707 | P68: =O68-O67 -> 50 | Q68: =P68/$O$73 -> 0.062034739
B69: Heavy truck | C69: 0 | N69: 10.0-20.0 | O69: 770 | P69: =O69-O68 -> 63 | Q69: =P69/$O$73 -> 0.078163772
B70: Truck Trailer | C70: 2000 | N70: 20.0-50.0 | O70: 798 | P70: =O70-O69 -> 28 | Q70: =P70/$O$73 -> 0.034739454
B71: Motor cycles | C71: 1208.7719 | N71: 50.0-100.0 | O71: 803 | P71: =O71-O70 -> 5 | Q71: =P71/$O$73 -> 0.0062034739
B72: Tractors | C72: 166.66667 | N72: 100.0-250.0 | O72: 805 | P72: =O72-O71 -> 2 | Q72: =P72/$O$73 -> 0.0024813896
N73: Over 250 | O73: 806 | P73: =O73-O72 -> 1 | Q73: =P73/$O$73 -> 0.0012406948

Sheet STN29
B2: STN29 OD ANALYSIS
B4: Vehicle OD Sample Proportions | N4: Average Journey Time
B5: Vehicle Types | C5: OD Sample | D5: OD Sample, % | N5: Journey Time Range (Hrs) | O5: Cummu-lative | P5: No of Vehicles | Q5: No. of Vehicles, %
B6: Car | C6: 180 | D6: =C6/$C$18 -> 0.45 | N6: 0-0.25 | O6: 88 | P6: =O6 -> 88 | Q6: =P6/$O$16 -> 0.23848238
B7: Station Wagon | C7: 38 | D7: =C7/$C$18 -> 0.095 | N7: 0.25-0.50 | O7: 205 | P7: =O7-O6 -> 117 | Q7: =P7/$O$16 -> 0.31707317
B8: Pickups | C8: 22 | D8: =C8/$C$18 -> 0.055 | N8: 0.50-0.75 | O8: 215 | P8: =O8-O7 -> 10 | Q8: =P8/$O$16 -> 0.027100271
B9: Minibus, matatu | C9: 58 | D9: =C9/$C$18 -> 0.145 | N9: 0.75-1.00 | O9: 322 | P9: =O9-O8 -> 107 | Q9: =P9/$O$16 -> 0.2899729
B10: Medium bus | C10: 3 | D10: =C10/$C$18 -> 0.0075 | N10: 1.00-1.50 | O10: 327 | P10: =O10-O9 -> 5 | Q10: =P10/$O$16 -> 0.013550136
B11: Large Bus | C11: 0 | D11: =C11/$C$18 -> 0 | N11: 1.5-2.0 | O11: 354 | P11: =O11-O10 -> 27 | Q11: =P11/$O$16 -> 0.073170732
B12: Light Truck | C12: 41 | D12: =C12/$C$18 -> 0.1025 | N12: 2.0-3.0 | O12: 361 | P12: =O12-O11 -> 7 | Q12: =P12/$O$16 -> 0.01897019
B13: Medium Truck | C13: 19 | D13: =C13/$C$18 -> 0.0475 | N13: 3.0-5.0 | O13: 367 | P13: =O13-O12 -> 6 | Q13: =P13/$O$16 -> 0.016260163
B14: Heavy truck | C14: 2 | D14: =C14/$C$18 -> 0.005 | N14: 5.0-7.5 | O14: 368 | P14: =O14-O13 -> 1 | Q14: =P14/$O$16 -> 0.0027100271
B15: Truck Trailer | C15: 0 | D15: =C15/$C$18 -> 0 | N15: 7.5-10 | O15: 369 | P15: =O15-O14 -> 1 | Q15: =P15/$O$16 -> 0.0027100271
B16: Motor cycles | C16: 37 | D16: =C16/$C$18 -> 0.0925 | N16: Over 10 | O16: 369 | P16: =O16-O15 -> 0 | Q16: =P16/$O$16 -> 0
B17: Tractors | C17: 0 | D17: =C17/$C$18 -> 0
B18: Total | C18: =SUM(C6:C17) -> 400
B19: ADT | C19: 16682.738 | D19: =C18/C19 -> 0.023976879
N22: Trip Frequency
B23: Journey Purpose | N23: Trip Frequency | O23: No of Vehicles | P23: No. of Vehicles, %
B24: Purpose | C24: Respondents | D24: Percent | N24: More than 2 times every day | O24: 63 | P24: =O24/$O$30 -> 0.15829146
B25: Home-Work | C25: 98 | D25: =C25/$C$30 -> 0.245 | N25: Daily (Up and Down) | O25: 239 | P25: =O25/$O$30 -> 0.60050251
B26: Home-Study | C26: 4 | D26: =C26/$C$30 -> 0.01 | N26: 2/3 times a week | O26: 30 | P26: =O26/$O$30 -> 0.075376884
B27: Work-Home | C27: 88 | D27: =C27/$C$30 -> 0.22 | N27: Once a week | O27: 34 | P27: =O27/$O$30 -> 0.085427136
B28: Work-Work | C28: 111 | D28: =C28/$C$30 -> 0.2775 | N28: Once a month | O28: 5 | P28: =O28/$O$30 -> 0.012562814
B29: Others | C29: 99 | D29: =C29/$C$30 -> 0.2475 | N29: Once in a while | O29: 27 | P29: =O29/$O$30 -> 0.067839196
B30: Total | C30: =C18 -> 400 | O30: =SUM(O24:O29) -> 398
B41: Expressway Use
B42: Response | C42: Number | D42: Percent
B43: Yes | C43: 315 | D43: =C43/$C$45 -> 0.7875 | N43: Vehicle Types | O43: Average Occupancy
B44: No | C44: 85 | D44: =C44/$C$45 -> 0.2125 | N44: Car | O44: =AVERAGE('[26]ALL DATA'!$E$9:$E$188) -> 1.6444444
B45: Total | C45: =C30 -> 400 | N45: Station Wagon | O45: =AVERAGE('[26]ALL DATA'!$E$189:$E$226) -> 2.3421053
N46: Pickups | O46: =AVERAGE('[26]ALL DATA'!$E$227:$E$248) -> 2.0454545
N47: Minibus, matatu | O47: =AVERAGE('[26]ALL DATA'!$E$249:$E$306) -> 10.172414
N48: Medium bus | O48: =AVERAGE('[26]ALL DATA'!$E$307:$E$309) -> 19.333333
N49: Large Bus | O49: 0
N50: Light Truck | O50: =AVERAGE('[26]ALL DATA'!$E$310:$E$350) -> 2.0487805
N51: Medium Truck | O51: =AVERAGE('[26]ALL DATA'!$E$351:$E$369) -> 2.9473684
N52: Heavy truck | O52: =AVERAGE('[26]ALL DATA'!$E$370:$E$371) -> 2
N53: Truck Trailer | O53: 0
N54: Motor cycles | O54: =AVERAGE('[26]ALL DATA'!$E$372:$E$408) -> 1.3513514
N55: Tractors | O55: 0
B59: Willingness to Pay
B60: Vehicle Types | C60: Average Price
B61: Car | C61: 941.52047
B62: Station Wagon | C62: 1069.4444
B63: Pickups | C63: 895.45455 | N63: Average Trip Length
B64: Minibus, matatu | C64: 1140.7407 | N64: Trip Length Range | O64: Cumm-ulative | P64: No of Vehicles | Q64: Percentage
B65: Medium bus | C65: 1100 | N65: 0-1 | O65: 200 | P65: =O65 -> 200 | Q65: =P65/$O$73 -> 0.53908356
B66: Large Bus | N66: 1-2.5 | O66: 207 | P66: =O66-O65 -> 7 | Q66: =P66/$O$73 -> 0.018867925
B67: Light Truck | C67: 1292.5 | N67: 2.5-5.0 | O67: 260 | P67: =O67-O66 -> 53 | Q67: =P67/$O$73 -> 0.14285714
B68: Medium Truck | C68: 1047.3684 | N68: 5.0-10.0 | O68: 318 | P68: =O68-O67 -> 58 | Q68: =P68/$O$73 -> 0.15633423
B69: Heavy truck | C69: 3000 | N69: 10.0-20.0 | O69: 349 | P69: =O69-O68 -> 31 | Q69: =P69/$O$73 -> 0.083557951
B70: Truck Trailer | N70: 20.0-50.0 | O70: 361 | P70: =O70-O69 -> 12 | Q70: =P70/$O$73 -> 0.032345013
B71: Motor cycles | C71: 797.22222 | N71: 50.0-100.0 | O71: 369 | P71: =O71-O70 -> 8 | Q71: =P71/$O$73 -> 0.021563342
B72: Tractors | N72: 100.0-250.0 | O72: 370 | P72: =O72-O71 -> 1 | Q72: =P72/$O$73 -> 0.0026954178
N73: Over 250 | O73: 371 | P73: =O73-O72 -> 1 | Q73: =P73/$O$73 -> 0.0026954178

Sheet STN30
B2: STN30 OD ANALYSIS
B4: Vehicle OD Sample Proportions | N4: Average Journey Time
B5: Vehicle Types | C5: OD Sample | D5: OD Sample, % | N5: Journey Time Range (Hrs) | O5: Cummu-lative | P5: No of Vehicles | Q5: No. of Vehicles, %
B6: Car | C6: 192 | D6: =C6/$C$18 -> 0.48241206 | N6: 0-0.25 | O6: 104 | P6: =O6 -> 104 | Q6: =P6/$O$16 -> 0.26804124
B7: Station Wagon | C7: 37 | D7: =C7/$C$18 -> 0.092964824 | N7: 0.25-0.50 | O7: 219 | P7: =O7-O6 -> 115 | Q7: =P7/$O$16 -> 0.29639175
B8: Pickups | C8: 23 | D8: =C8/$C$18 -> 0.057788945 | N8: 0.50-0.75 | O8: 265 | P8: =O8-O7 -> 46 | Q8: =P8/$O$16 -> 0.1185567
B9: Minibus, matatu | C9: 29 | D9: =C9/$C$18 -> 0.072864322 | N9: 0.75-1.00 | O9: 334 | P9: =O9-O8 -> 69 | Q9: =P9/$O$16 -> 0.17783505
B10: Medium bus | C10: 2 | D10: =C10/$C$18 -> 0.0050251256 | N10: 1.00-1.50 | O10: 353 | P10: =O10-O9 -> 19 | Q10: =P10/$O$16 -> 0.048969072
B11: Large Bus | C11: 0 | D11: =C11/$C$18 -> 0 | N11: 1.5-2.0 | O11: 372 | P11: =O11-O10 -> 19 | Q11: =P11/$O$16 -> 0.048969072
B12: Light Truck | C12: 73 | D12: =C12/$C$18 -> 0.18341709 | N12: 2.0-3.0 | O12: 381 | P12: =O12-O11 -> 9 | Q12: =P12/$O$16 -> 0.023195876
B13: Medium Truck | C13: 13 | D13: =C13/$C$18 -> 0.032663317 | N13: 3.0-5.0 | O13: 384 | P13: =O13-O12 -> 3 | Q13: =P13/$O$16 -> 0.0077319588
B14: Heavy truck | C14: 1 | D14: =C14/$C$18 -> 0.0025125628 | N14: 5.0-7.5 | O14: 387 | P14: =O14-O13 -> 3 | Q14: =P14/$O$16 -> 0.0077319588
B15: Truck Trailer | C15: 0 | D15: =C15/$C$18 -> 0 | N15: 7.5-10 | O15: 388 | P15: =O15-O14 -> 1 | Q15: =P15/$O$16 -> 0.0025773196
B16: Motor cycles | C16: 28 | D16: =C16/$C$18 -> 0.070351759 | N16: Over 10 | O16: 388 | P16: =O16-O15 -> 0 | Q16: =P16/$O$16 -> 0
B17: Truck Trailer | C17: 0 | D17: =C17/$C$18 -> 0
B18: Total | C18: =SUM(C6:C17) -> 398
B19: ADT | C19: 14187 | D19: =C18/C19 -> 0.028053852
N22: Trip Frequency
B23: Journey Purpose | N23: Trip Frequency | O23: No of Vehicles | P23: No. of Vehicles, %
B24: Purpose | C24: Respondents | D24: Percent | N24: More than 2 times every day | O24: 68 | P24: =O24/$O$30 -> 0.18478261
B25: Home-Work | C25: 73 | D25: =C25/$C$30 -> 0.18341709 | N25: Daily (Up and Down) | O25: 174 | P25: =O25/$O$30 -> 0.47282609
B26: Home-Study | C26: 9 | D26: =C26/$C$30 -> 0.022613065 | N26: 2/3 times a week | O26: 54 | P26: =O26/$O$30 -> 0.14673913
B27: Work-Home | C27: 59 | D27: =C27/$C$30 -> 0.14824121 | N27: Once a week | O27: 28 | P27: =O27/$O$30 -> 0.076086957
B28: Work-Work | C28: 95 | D28: =C28/$C$30 -> 0.23869347 | N28: Once a month | O28: 6 | P28: =O28/$O$30 -> 0.016304348
B29: Others | C29: 162 | D29: =C29/$C$30 -> 0.40703518 | N29: Once in a while | O29: 38 | P29: =O29/$O$30 -> 0.10326087
B30: Total | C30: =C18 -> 398 | O30: =SUM(O24:O29) -> 368
B41: Expressway Use
B42: Response | C42: Number | D42: Percent
B43: Yes | C43: 390 | D43: =C43/$C$45 -> 0.9798995 | N43: Vehicle Types | O43: Average Occupancy
B44: No | C44: 8 | D44: =C44/$C$45 -> 0.020100503 | N44: Car | O44: =AVERAGE('[27]ALL DATA'!$E$9:$E$200) -> 1.6927083
B45: Total | C45: =C30 -> 398 | N45: Station Wagon | O45: =AVERAGE('[27]ALL DATA'!$E$201:$E$237) -> 2.0810811
N46: Pickups | O46: =AVERAGE('[27]ALL DATA'!$E$238:$E$260) -> 1.5652174
N47: Minibus, matatu | O47: =AVERAGE('[27]ALL DATA'!$E$261:$E$289) -> 5.7241379
N48: Medium bus | O48: =AVERAGE('[27]ALL DATA'!$E$290:$E$291) -> 25.5
N49: Large Bus | O49: 0
N50: Light Truck | O50: =AVERAGE('[27]ALL DATA'!$E$292:$E$364) -> 2.0273973
N51: Medium Truck | O51: =AVERAGE('[27]ALL DATA'!$E$365:$E$377) -> 1.6923077
N52: Heavy truck | O52: =AVERAGE('[27]ALL DATA'!E378) -> 2
N53: Truck Trailer | O53: 0
N54: Motor cycles | O54: =AVERAGE('[27]ALL DATA'!$E$379:$E$406) -> 1.3214286
N55: Tractors | O55: 0
B59: Willingness to Pay
B60: Vehicle Types | C60: Average Price
B61: Car | C61: 2286.8852
B62: Station Wagon | C62: 2531.25
B63: Pickups | C63: 1825 | N63: Average Trip Length
B64: Minibus, matatu | C64: 2354.1667 | N64: Trip Length Range | O64: Cumm-ulative | P64: No of Vehicles | Q64: Percentage
B65: Medium bus | C65: 2000 | N65: 0-1 | O65: 18 | P65: =O65 -> 18 | Q65: =P65/$O$73 -> 0.060402685
B66: Large Bus | C66: 0 | N66: 1-2.5 | O66: 48 | P66: =O66-O65 -> 30 | Q66: =P66/$O$73 -> 0.10067114
B67: Light Truck | C67: 2362.3188 | N67: 2.5-5.0 | O67: 131 | P67: =O67-O66 -> 83 | Q67: =P67/$O$73 -> 0.27852349
B68: Medium Truck | C68: 1454.5455 | N68: 5.0-10.0 | O68: 197 | P68: =O68-O67 -> 66 | Q68: =P68/$O$73 -> 0.22147651
B69: Heavy truck | C69: 0 | N69: 10.0-20.0 | O69: 258 | P69: =O69-O68 -> 61 | Q69: =P69/$O$73 -> 0.20469799
B70: Truck Trailer | C70: 0 | N70: 20.0-50.0 | O70: 287 | P70: =O70-O69 -> 29 | Q70: =P70/$O$73 -> 0.097315436
B71: Motor cycles | C71: 1842.1053 | N71: 50.0-100.0 | O71: 292 | P71: =O71-O70 -> 5 | Q71: =P71/$O$73 -> 0.016778523
B72: Tractors | C72: 0 | N72: 100.0-250.0 | O72: 294 | P72: =O72-O71 -> 2 | Q72: =P72/$O$73 -> 0.0067114094
N73: Over 250 | O73: 298 | P73: =O73-O72 -> 4 | Q73: =P73/$O$73 -> 0.013422819

Sheet STN32
B2: STN32 OD ANALYSIS
B4: Vehicle OD Sample Proportions | N4: Average Journey Time
B5: Vehicle Types | C5: OD Sample | D5: OD Sample, % | N5: Journey Time Range (Hrs) | O5: Cummu-lative | P5: No of Vehicles | Q5: No. of Vehicles, %
B6: Car | C6: 305 | D6: =C6/$C$18 -> 0.44985251 | N6: 0-0.25 | O6: 124 | P6: =O6 -> 124 | Q6: =P6/$O$16 -> 0.21908127
B7: Station Wagon | C7: 107 | D7: =C7/$C$18 -> 0.15781711 | N7: 0.25-0.50 | O7: 334 | P7: =O7-O6 -> 210 | Q7: =P7/$O$16 -> 0.37102473
B8: Pickups | C8: 23 | D8: =C8/$C$18 -> 0.033923304 | N8: 0.50-0.75 | O8: 409 | P8: =O8-O7 -> 75 | Q8: =P8/$O$16 -> 0.13250883
B9: Minibus, matatu | C9: 117 | D9: =C9/$C$18 -> 0.17256637 | N9: 0.75-1.00 | O9: 501 | P9: =O9-O8 -> 92 | Q9: =P9/$O$16 -> 0.16254417
B10: Medium bus | C10: 1 | D10: =C10/$C$18 -> 0.0014749263 | N10: 1.00-1.50 | O10: 524 | P10: =O10-O9 -> 23 | Q10: =P10/$O$16 -> 0.040636042
B11: Large Bus | C11: 0 | D11: =C11/$C$18 -> 0 | N11: 1.5-2.0 | O11: 547 | P11: =O11-O10 -> 23 | Q11: =P11/$O$16 -> 0.040636042
B12: Light Truck | C12: 39 | D12: =C12/$C$18 -> 0.057522124 | N12: 2.0-3.0 | O12: 560 | P12: =O12-O11 -> 13 | Q12: =P12/$O$16 -> 0.022968198
B13: Medium Truck | C13: 8 | D13: =C13/$C$18 -> 0.01179941 | N13: 3.0-5.0 | O13: 563 | P13: =O13-O12 -> 3 | Q13: =P13/$O$16 -> 0.0053003534
B14: Heavy truck | C14: 4 | D14: =C14/$C$18 -> 0.005899705 | N14: 5.0-7.5 | O14: 563 | P14: =O14-O13 -> 0 | Q14: =P14/$O$16 -> 0
B15: Truck Trailer | C15: 1 | D15: =C15/$C$18 -> 0.0014749263 | N15: 7.5-10 | O15: 566 | P15: =O15-O14 -> 3 | Q15: =P15/$O$16 -> 0.0053003534
B16: Motor cycles | C16: 72 | D16: =C16/$C$18 -> 0.10619469 | N16: Over 10 | O16: 566 | P16: =O16-O15 -> 0 | Q16: =P16/$O$16 -> 0
B17: Tractors | C17: 1 | D17: =C17/$C$18 -> 0.0014749263
B18: Total | C18: =SUM(C6:C17) -> 678
B19: ADT | C19: 19561 | D19: =C18/C19 -> 0.034660805
N22: Trip Frequency
B23: Journey Purpose | N23: Trip Frequency | O23: No of Vehicles | P23: No. of Vehicles, %
B24: Purpose | C24: Respondents | D24: Percent | N24: More than 2 times every day | O24: 316 | P24: =O24/$O$30 -> 0.47376312
B25: Home-Work | C25: 153 | D25: =C25/$C$30 -> 0.22566372 | N25: Daily (Up and Down) | O25: 290 | P25: =O25/$O$30 -> 0.43478261
B26: Home-Study | C26: 10 | D26: =C26/$C$30 -> 0.014749263 | N26: 2/3 times a week | O26: 25 | P26: =O26/$O$30 -> 0.037481259
B27: Work-Home | C27: 40 | D27: =C27/$C$30 -> 0.05899705 | N27: Once a week | O27: 20 | P27: =O27/$O$30 -> 0.029985007
B28: Work-Work | C28: 69 | D28: =C28/$C$30 -> 0.10176991 | N28: Once a month | O28: 5 | P28: =O28/$O$30 -> 0.0074962519
B29: Others | C29: 406 | D29: =C29/$C$30 -> 0.59882006 | N29: Once in a while | O29: 11 | P29: =O29/$O$30 -> 0.016491754
B30: Total | C30: =C18 -> 678 | O30: =SUM(O24:O29) -> 667
B41: Expressway Use
B42: Response | C42: Number | D42: Percent
B43: Yes | C43: 557 | D43: =C43/$C$45 -> 0.82153392 | N43: Vehicle Types | O43: Average Occupancy
B44: No | C44: 121 | D44: =C44/$C$45 -> 0.17846608 | N44: Car | O44: 2.3618421
B45: Total | C45: =C30 -> 678 | N45: Station Wagon | O45: 2.0280374
N46: Pickups | O46: 2.4347826
N47: Minibus, matatu | O47: 10.940171
N48: Medium bus | O48: 14
N49: Large Bus | O49: 0
N50: Light Truck | O50: 2.2564103
N51: Medium Truck | O51: 2.125
N52: Heavy truck | O52: 2.5
N53: Truck Trailer | O53: 2
N54: Motor cycles | O54: 1.375
N55: Tractors | O55: 2
B59: Willingness to Pay
B60: Vehicle Types | C60: Average Price
B61: Car | C61: 1962.8378
B62: Station Wagon | C62: 2321.9048
B63: Pickups | C63: 3021.7391 | N63: Average Trip Length
B64: Minibus, matatu | C64: 1230.2752 | N64: Trip Length Range | O64: Cumm-ulative | P64: No of Vehicles | Q64: Percentage
B65: Medium bus | C65: 5000 | N65: 0-1 | O65: 6 | P65: =O65 -> 6 | Q65: =P65/$O$73 -> 0.014354067
B66: Large Bus | C66: 0 | N66: 1-2.5 | O66: 57 | P66: =O66-O65 -> 51 | Q66: =P66/$O$73 -> 0.12200957
B67: Light Truck | C67: 1897.4359 | N67: 2.5-5.0 | O67: 135 | P67: =O67-O66 -> 78 | Q67: =P67/$O$73 -> 0.18660287
B68: Medium Truck | C68: 2187.5 | N68: 5.0-10.0 | O68: 285 | P68: =O68-O67 -> 150 | Q68: =P68/$O$73 -> 0.35885167
B69: Heavy truck | C69: 875 | N69: 10.0-20.0 | O69: 382 | P69: =O69-O68 -> 97 | Q69: =P69/$O$73 -> 0.23205742
B70: Truck Trailer | C70: 3000 | N70: 20.0-50.0 | O70: 411 | P70: =O70-O69 -> 29 | Q70: =P70/$O$73 -> 0.06937799
B71: Motor cycles | C71: 1173.4375 | N71: 50.0-100.0 | O71: 416 | P71: =O71-O70 -> 5 | Q71: =P71/$O$73 -> 0.011961722
B72: Tractors | C72: 0 | N72: 100.0-250.0 | O72: 418 | P72: =O72-O71 -> 2 | Q72: =P72/$O$73 -> 0.004784689
N73: Over 250 | O73: 418 | P73: =O73-O72 -> 0 | Q73: =P73/$O$73 -> 0

Sheet STN33
B2: STN33 OD ANALYSIS
B4: Vehicle OD Sample Proportions | N4: Average Journey Time
B5: Vehicle Types | C5: OD Sample | D5: OD Sample, % | N5: Journey Time Range (Hrs) | O5: Cummu-lative | P5: No of Vehicles | Q5: No. of Vehicles, %
B6: Car | C6: 284 | D6: =C6/$C$18 -> 0.42965204 | N6: 0-0.25 | O6: 131 | P6: =O6 -> 131 | Q6: =P6/$O$16 -> 0.20893142
B7: Station Wagon | C7: 131 | D7: =C7/$C$18 -> 0.19818457 | N7: 0.25-0.50 | O7: 390 | P7: =O7-O6 -> 259 | Q7: =P7/$O$16 -> 0.41307815
B8: Pickups | C8: 42 | D8: =C8/$C$18 -> 0.063540091 | N8: 0.50-0.75 | O8: 428 | P8: =O8-O7 -> 38 | Q8: =P8/$O$16 -> 0.060606061
B9: Minibus, matatu | C9: 73 | D9: =C9/$C$18 -> 0.11043873 | N9: 0.75-1.00 | O9: 563 | P9: =O9-O8 -> 135 | Q9: =P9/$O$16 -> 0.215311
B10: Medium bus | C10: 4 | D10: =C10/$C$18 -> 0.0060514372 | N10: 1.00-1.50 | O10: 583 | P10: =O10-O9 -> 20 | Q10: =P10/$O$16 -> 0.031897927
B11: Large Bus | C11: 3 | D11: =C11/$C$18 -> 0.0045385779 | N11: 1.5-2.0 | O11: 606 | P11: =O11-O10 -> 23 | Q11: =P11/$O$16 -> 0.036682616
B12: Light Truck | C12: 63 | D12: =C12/$C$18 -> 0.095310136 | N12: 2.0-3.0 | O12: 613 | P12: =O12-O11 -> 7 | Q12: =P12/$O$16 -> 0.011164274
B13: Medium Truck | C13: 29 | D13: =C13/$C$18 -> 0.04387292 | N13: 3.0-5.0 | O13: 617 | P13: =O13-O12 -> 4 | Q13: =P13/$O$16 -> 0.0063795853
B14: Heavy truck | C14: 8 | D14: =C14/$C$18 -> 0.012102874 | N14: 5.0-7.5 | O14: 623 | P14: =O14-O13 -> 6 | Q14: =P14/$O$16 -> 0.009569378
B15: Truck Trailer | C15: 2 | D15: =C15/$C$18 -> 0.0030257186 | N15: 7.5-10 | O15: 627 | P15: =O15-O14 -> 4 | Q15: =P15/$O$16 -> 0.0063795853
B16: Motor cycles | C16: 22 | D16: =C16/$C$18 -> 0.033282905 | N16: Over 10 | O16: 627 | P16: =O16-O15 -> 0 | Q16: =P16/$O$16 -> 0
B17: Tractors | C17: 0 | D17: =C17/$C$18 -> 0
B18: Total | C18: =SUM(C6:C17) -> 661
B19: ADT | C19: 26848.166 | D19: =C18/C19 -> 0.024619931
N22: Trip Frequency
B23: Journey Purpose | N23: Trip Frequency | O23: No of Vehicles | P23: No. of Vehicles, %
B24: Purpose | C24: Respondents | D24: Percent | N24: More than 2 times every day | O24: 193 | P24: =O24/$O$30 -> 0.29692308
B25: Home-Work | C25: 188 | D25: =C25/$C$30 -> 0.28441755 | N25: Daily (Up and Down) | O25: 250 | P25: =O25/$O$30 -> 0.38461538
B26: Home-Study | C26: 13 | D26: =C26/$C$30 -> 0.019667171 | N26: 2/3 times a week | O26: 73 | P26: =O26/$O$30 -> 0.11230769
B27: Work-Home | C27: 42 | D27: =C27/$C$30 -> 0.063540091 | N27: Once a week | O27: 32 | P27: =O27/$O$30 -> 0.049230769
B28: Work-Work | C28: 53 | D28: =C28/$C$30 -> 0.080181543 | N28: Once a month | O28: 2 | P28: =O28/$O$30 -> 0.0030769231
B29: Others | C29: 365 | D29: =C29/$C$30 -> 0.55219365 | N29: Once in a while | O29: 100 | P29: =O29/$O$30 -> 0.15384615
B30: Total | C30: =C18 -> 661 | O30: =SUM(O24:O29) -> 650
B41: Expressway Use
B42: Response | C42: Number | D42: Percent
B43: Yes | C43: 653 | D43: =C43/$C$45 -> 0.98789713 | N43: Vehicle Types | O43: Average Occupancy
B44: No | C44: 8 | D44: =C44/$C$45 -> 0.012102874 | N44: Car | O44: 1.7394366
B45: Total | C45: =C30 -> 661 | N45: Station Wagon | O45: 1.9770992
N46: Pickups | O46: 1.7560976
N47: Minibus, matatu | O47: 6.8082192
N48: Medium bus | O48: 9.75
N49: Large Bus | O49: 8.6666667
N50: Light Truck | O50: 2.5079365
N51: Medium Truck | O51: 2.3793103
N52: Heavy truck | O52: 2.5
N53: Truck Trailer | O53: 0
N54: Motor cycles | O54: 1.3181818
N55: Tractors | O55: 0
B59: Willingness to Pay
B60: Vehicle Types | C60: Average Price
B61: Car | C61: 1297.7099
B62: Station Wagon | C62: 1379.8319
B63: Pickups | C63: 1000 | N63: Average Trip Length
B64: Minibus, matatu | C64: 1361.4035 | N64: Trip Length Range | O64: Cumm-ulative | P64: No of Vehicles | Q64: Percentage
B65: Medium bus | C65: 250 | N65: 0-1 | O65: 17 | P65: =O65 -> 17 | Q65: =P65/$O$73 -> 0.033398821
B66: Large Bus | C66: 3500 | N66: 1-2.5 | O66: 57 | P66: =O66-O65 -> 40 | Q66: =P66/$O$73 -> 0.078585462
B67: Light Truck | C67: 1357.6271 | N67: 2.5-5.0 | O67: 202 | P67: =O67-O66 -> 145 | Q67: =P67/$O$73 -> 0.2848723
B68: Medium Truck | C68: 1470.3704 | N68: 5.0-10.0 | O68: 364 | P68: =O68-O67 -> 162 | Q68: =P68/$O$73 -> 0.31827112
B69: Heavy truck | C69: 1562.5 | N69: 10.0-20.0 | O69: 451 | P69: =O69-O68 -> 87 | Q69: =P69/$O$73 -> 0.17092338
B70: Truck Trailer | C70: 0 | N70: 20.0-50.0 | O70: 493 | P70: =O70-O69 -> 42 | Q70: =P70/$O$73 -> 0.082514735
B71: Motor cycles | C71: 900 | N71: 50.0-100.0 | O71: 496 | P71: =O71-O70 -> 3 | Q71: =P71/$O$73 -> 0.0058939096
B72: Tractors | C72: 0 | N72: 100.0-250.0 | O72: 504 | P72: =O72-O71 -> 8 | Q72: =P72/$O$73 -> 0.015717092
N73: Over 250 | O73: 509 | P73: =O73-O72 -> 5 | Q73: =P73/$O$73 -> 0.0098231827

Sheet STN34
B2: STN34 OD ANALYSIS
B4: Vehicle OD Sample Proportions | N4: Average Journey Time
B5: Vehicle Types | C5: OD Sample | D5: OD Sample, % | N5: Journey Time Range (Hrs) | O5: Cummu-lative | P5: No of Vehicles | Q5: No. of Vehicles, %
B6: Car | C6: 163 | D6: =C6/$C$18 -> 0.4085213 | N6: 0-0.25 | O6: 61 | P6: =O6 -> 61 | Q6: =P6/$O$16 -> 0.22021661
B7: Station Wagon | C7: 52 | D7: =C7/$C$18 -> 0.13032581 | N7: 0.25-0.50 | O7: 144 | P7: =O7-O6 -> 83 | Q7: =P7/$O$16 -> 0.29963899
B8: Pickups | C8: 25 | D8: =C8/$C$18 -> 0.062656642 | N8: 0.50-0.75 | O8: 172 | P8: =O8-O7 -> 28 | Q8: =P8/$O$16 -> 0.10108303
B9: Minibus, matatu | C9: 58 | D9: =C9/$C$18 -> 0.14536341 | N9: 0.75-1.00 | O9: 239 | P9: =O9-O8 -> 67 | Q9: =P9/$O$16 -> 0.24187726
B10: Medium bus | C10: 2 | D10: =C10/$C$18 -> 0.0050125313 | N10: 1.00-1.50 | O10: 250 | P10: =O10-O9 -> 11 | Q10: =P10/$O$16 -> 0.039711191
B11: Large Bus | C11: 0 | D11: =C11/$C$18 -> 0 | N11: 1.5-2.0 | O11: 266 | P11: =O11-O10 -> 16 | Q11: =P11/$O$16 -> 0.057761733
B12: Light Truck | C12: 42 | D12: =C12/$C$18 -> 0.10526316 | N12: 2.0-3.0 | O12: 266 | P12: =O12-O11 -> 0 | Q12: =P12/$O$16 -> 0
B13: Medium Truck | C13: 24 | D13: =C13/$C$18 -> 0.060150376 | N13: 3.0-5.0 | O13: 274 | P13: =O13-O12 -> 8 | Q13: =P13/$O$16 -> 0.028880866
B14: Heavy truck | C14: 13 | D14: =C14/$C$18 -> 0.032581454 | N14: 5.0-7.5 | O14: 276 | P14: =O14-O13 -> 2 | Q14: =P14/$O$16 -> 0.0072202166
B15: Truck Trailer | C15: 6 | D15: =C15/$C$18 -> 0.015037594 | N15: 7.5-10 | O15: 276 | P15: =O15-O14 -> 0 | Q15: =P15/$O$16 -> 0
B16: Motor cycles | C16: 14 | D16: =C16/$C$18 -> 0.035087719 | N16: Over 10 | O16: 277 | P16: =O16-O15 -> 1 | Q16: =P16/$O$16 -> 0.0036101083
B17: Tractors | C17: 0 | D17: =C17/$C$18 -> 0
B18: Total | C18: =SUM(C6:C17) -> 399
B19: ADT | C19: 40413 | D19: =C18/C19 -> 0.0098730606
N22: Trip Frequency
B23: Journey Purpose | N23: Trip Frequency | O23: No of Vehicles | P23: No. of Vehicles, %
B24: Purpose | C24: Respondents | D24: Percent | N24: More than 2 times every day | O24: 115 | P24: =O24/$O$30 -> 0.3002611
B25: Home-Work | C25: 56 | D25: =C25/$C$30 -> 0.14035088 | N25: Daily (Up and Down) | O25: 174 | P25: =O25/$O$30 -> 0.45430809
B26: Home-Study | C26: 6 | D26: =C26/$C$30 -> 0.015037594 | N26: 2/3 times a week | O26: 34 | P26: =O26/$O$30 -> 0.088772846
B27: Work-Home | C27: 66 | D27: =C27/$C$30 -> 0.16541353 | N27: Once a week | O27: 13 | P27: =O27/$O$30 -> 0.033942559
B28: Work-Work | C28: 95 | D28: =C28/$C$30 -> 0.23809524 | N28: Once a month | O28: 13 | P28: =O28/$O$30 -> 0.033942559
B29: Others | C29: 176 | D29: =C29/$C$30 -> 0.44110276 | N29: Once in a while | O29: 34 | P29: =O29/$O$30 -> 0.088772846
B30: Total | C30: =C18 -> 399 | O30: =SUM(O24:O29) -> 383
B41: Expressway Use
B42: Response | C42: Number | D42: Percent
B43: Yes | C43: 373 | D43: =C43/$C$45 -> 0.93483709 | N43: Vehicle Types | O43: Average Occupancy
B44: No | C44: 26 | D44: =C44/$C$45 -> 0.065162907 | N44: Car | O44: 1.8343558
B45: Total | C45: =C30 -> 399 | N45: Station Wagon | O45: 1.8461538
N46: Pickups | O46: 1.68
N47: Minibus, matatu | O47: 9.6896552
N48: Medium bus | O48: 36
N49: Large Bus | O49: 0
N50: Light Truck | O50: 2.6428571
N51: Medium Truck | O51: 1.8333333
N52: Heavy truck | O52: 2.3076923
N53: Truck Trailer | O53: 2.6666667
N54: Motor cycles | O54: 1.4285714
N55: Tractors | O55: 0
B59: Willingness to Pay
B60: Vehicle Types | C60: Average Price
B61: Car | C61: 1822.4138
B62: Station Wagon | C62: 1842
B63: Pickups | C63: 1424 | N63: Average Trip Length
B64: Minibus, matatu | C64: 1353.3333 | N64: Trip Length Range | O64: Cumm-ulative | P64: No of Vehicles | Q64: Percentage
B65: Medium bus | C65: 1500 | N65: 0-1 | O65: 5 | P65: =O65 -> 5 | Q65: =P65/$O$73 -> 0.021367521
B66: Large Bus | C66: 0 | N66: 1-2.5 | O66: 16 | P66: =O66-O65 -> 11 | Q66: =P66/$O$73 -> 0.047008547
B67: Light Truck | C67: 1510.5263 | N67: 2.5-5.0 | O67: 66 | P67: =O67-O66 -> 50 | Q67: =P67/$O$73 -> 0.21367521
B68: Medium Truck | C68: 966.66667 | N68: 5.0-10.0 | O68: 134 | P68: =O68-O67 -> 68 | Q68: =P68/$O$73 -> 0.29059829
B69: Heavy truck | C69: 2846.1538 | N69: 10.0-20.0 | O69: 197 | P69: =O69-O68 -> 63 | Q69: =P69/$O$73 -> 0.26923077
B70: Truck Trailer | C70: 1125 | N70: 20.0-50.0 | O70: 222 | P70: =O70-O69 -> 25 | Q70: =P70/$O$73 -> 0.10683761
B71: Motor cycles | C71: 2542.8571 | N71: 50.0-100.0 | O71: 225 | P71: =O71-O70 -> 3 | Q71: =P71/$O$73 -> 0.012820513
B72: Tractors | C72: 0 | N72: 100.0-250.0 | O72: 232 | P72: =O72-O71 -> 7 | Q72: =P72/$O$73 -> 0.02991453
N73: Over 250 | O73: 234 | P73: =O73-O72 -> 2 | Q73: =P73/$O$73 -> 0.0085470085

Sheet STN36
B2: STN36 OD ANALYSIS
B4: Vehicle OD Sample Proportions | N4: Average Journey Time
B5: Vehicle Types | C5: OD Sample | D5: OD Sample, % | N5: Journey Time Range (Hrs) | O5: Cummu-lative | P5: No of Vehicles | Q5: No. of Vehicles, %
B6: Car | C6: 378 | D6: =C6/$C$18 -> 0.51923077 | N6: 0-0.25 | O6: 50 | P6: =O6 -> 50 | Q6: =P6/$O$16 -> 0.078125
B7: Station Wagon | C7: 135 | D7: =C7/$C$18 -> 0.18543956 | N7: 0.25-0.50 | O7: 214 | P7: =O7-O6 -> 164 | Q7: =P7/$O$16 -> 0.25625
B8: Pickups | C8: 37 | D8: =C8/$C$18 -> 0.050824176 | N8: 0.50-0.75 | O8: 291 | P8: =O8-O7 -> 77 | Q8: =P8/$O$16 -> 0.1203125
B9: Minibus, matatu | C9: 81 | D9: =C9/$C$18 -> 0.11126374 | N9: 0.75-1.00 | O9: 522 | P9: =O9-O8 -> 231 | Q9: =P9/$O$16 -> 0.3609375
B10: Medium bus | C10: 3 | D10: =C10/$C$18 -> 0.0041208791 | N10: 1.00-1.50 | O10: 545 | P10: =O10-O9 -> 23 | Q10: =P10/$O$16 -> 0.0359375
B11: Large Bus | C11: 0 | D11: =C11/$C$18 -> 0 | N11: 1.5-2.0 | O11: 606 | P11: =O11-O10 -> 61 | Q11: =P11/$O$16 -> 0.0953125
B12: Light Truck | C12: 72 | D12: =C12/$C$18 -> 0.098901099 | N12: 2.0-3.0 | O12: 625 | P12: =O12-O11 -> 19 | Q12: =P12/$O$16 -> 0.0296875
B13: Medium Truck | C13: 14 | D13: =C13/$C$18 -> 0.019230769 | N13: 3.0-5.0 | O13: 637 | P13: =O13-O12 -> 12 | Q13: =P13/$O$16 -> 0.01875
B14: Heavy truck | C14: 4 | D14: =C14/$C$18 -> 0.0054945055 | N14: 5.0-7.5 | O14: 638 | P14: =O14-O13 -> 1 | Q14: =P14/$O$16 -> 0.0015625
B15: Truck Trailer | C15: 0 | D15: =C15/$C$18 -> 0 | N15: 7.5-10 | O15: 640 | P15: =O15-O14 -> 2 | Q15: =P15/$O$16 -> 0.003125
B16: Motor cycles | C16: 4 | D16: =C16/$C$18 -> 0.0054945055 | N16: Over 10 | O16: 640 | P16: =O16-O15 -> 0 | Q16: =P16/$O$16 -> 0
B17: Tractors | C17: 0 | D17: =C17/$C$18 -> 0
B18: Total | C18: =SUM(C6:C17) -> 728
B19: ADT | C19: 27246 | D19: =C18/C19 -> 0.026719518
N22: Trip Frequency
B23: Journey Purpose | N23: Trip Frequency | O23: No of Vehicles | P23: No. of Vehicles, %
B24: Purpose | C24: Respondents | D24: Percent | N24: More than 2 times every day | O24: 105 | P24: =O24/$O$30 -> 0.14522822
B25: Home-Work | C25: 240 | D25: =C25/$C$30 -> 0.32967033 | N25: Daily (Up and Down) | O25: 435 | P25: =O25/$O$30 -> 0.60165975
B26: Home-Study | C26: 5 | D26: =C26/$C$30 -> 0.0068681319 | N26: 2/3 times a week | O26: 101 | P26: =O26/$O$30 -> 0.13969571
B27: Work-Home | C27: 40 | D27: =C27/$C$30 -> 0.054945055 | N27: Once a week | O27: 34 | P27: =O27/$O$30 -> 0.047026279
B28: Work-Work | C28: 25 | D28: =C28/$C$30 -> 0.034340659 | N28: Once a month | O28: 9 | P28: =O28/$O$30 -> 0.012448133
B29: Others | C29: 418 | D29: =C29/$C$30 -> 0.57417582 | N29: Once in a while | O29: 39 | P29: =O29/$O$30 -> 0.053941909
B30: Total | C30: =C18 -> 728 | O30: =SUM(O24:O29) -> 723
B41: Expressway Use
B42: Response | C42: Number | D42: Percent
B43: Yes | C43: 714 | D43: =C43/$C$45 -> 0.98076923 | N43: Vehicle Types | O43: Average Occupancy
B44: No | C44: 14 | D44: =C44/$C$45 -> 0.019230769 | N44: Car | O44: 2.2037037
B45: Total | C45: =C30 -> 728 | N45: Station Wagon | O45: 2.1407407
N46: Pickups | O46: 1.972973
N47: Minibus, matatu | O47: 8.8765432
N48: Medium bus | O48: 11
N49: Large Bus | O49: 0
N50: Light Truck | O50: 2.375
N51: Medium Truck | O51: 2.6428571
N52: Heavy truck | O52: 1.5
N53: Truck Trailer | O53: 0
N54: Motor cycles | O54: 1.5
N55: Tractors | O55: 0
B59: Willingness to Pay
B60: Vehicle Types | C60: Average Price
B61: Car | C61: 2901.5424
B62: Station Wagon | C62: 3036.8852
B63: Pickups | C63: 2352.9412 | N63: Average Trip Length
B64: Minibus, matatu | C64: 2630.4348 | N64: Trip Length Range | O64: Cumm-ulative | P64: No of Vehicles | Q64: Percentage
B65: Medium bus | C65: 2500 | N65: 0-1 | O65: 11 | P65: =O65 -> 11 | Q65: =P65/$O$73 -> 0.032258065
B66: Large Bus | C66: 0 | N66: 1-2.5 | O66: 34 | P66: =O66-O65 -> 23 | Q66: =P66/$O$73 -> 0.06744868
B67: Light Truck | C67: 2300 | N67: 2.5-5.0 | O67: 117 | P67: =O67-O66 -> 83 | Q67: =P67/$O$73 -> 0.24340176
B68: Medium Truck | C68: 3461.5385 | N68: 5.0-10.0 | O68: 234 | P68: =O68-O67 -> 117 | Q68: =P68/$O$73 -> 0.3431085
B69: Heavy truck | C69: 1250 | N69: 10.0-20.0 | O69: 307 | P69: =O69-O68 -> 73 | Q69: =P69/$O$73 -> 0.21407625
B70: Truck Trailer | C70: 0 | N70: 20.0-50.0 | O70: 331 | P70: =O70-O69 -> 24 | Q70: =P70/$O$73 -> 0.070381232
B71: Motor cycles | C71: 2000 | N71: 50.0-100.0 | O71: 338 | P71: =O71-O70 -> 7 | Q71: =P71/$O$73 -> 0.020527859
B72: Tractors | C72: 0 | N72: 100.0-250.0 | O72: 340 | P72: =O72-O71 -> 2 | Q72: =P72/$O$73 -> 0.0058651026
N73: Over 250 | O73: 341 | P73: =O73-O72 -> 1 | Q73: =P73/$O$73 -> 0.0029325513

Sheet STN37
B2: STN37 OD ANALYSIS
B4: Vehicle OD Sample Proportions | N4: Average Journey Time
B5: Vehicle Types | C5: OD Sample | D5: OD Sample, % | N5: Journey Time Range (Hrs) | O5: Cummu-lative | P5: No of Vehicles | Q5: No. of Vehicles, %
B6: Car | C6: 179 | D6: =C6/$C$18 -> 0.36605317 | N6: 0-0.25 | O6: 26 | P6: =O6 -> 26 | Q6: =P6/$O$16 -> 0.059225513
B7: Station Wagon | C7: 73 | D7: =C7/$C$18 -> 0.14928425 | N7: 0.25-0.50 | O7: 68 | P7: =O7-O6 -> 42 | Q7: =P7/$O$16 -> 0.095671982
B8: Pickups | C8: 32 | D8: =C8/$C$18 -> 0.065439673 | N8: 0.50-0.75 | O8: 78 | P8: =O8-O7 -> 10 | Q8: =P8/$O$16 -> 0.022779043
B9: Minibus, matatu | C9: 75 | D9: =C9/$C$18 -> 0.15337423 | N9: 0.75-1.00 | O9: 235 | P9: =O9-O8 -> 157 | Q9: =P9/$O$16 -> 0.35763098
B10: Medium bus | C10: 17 | D10: =C10/$C$18 -> 0.034764826 | N10: 1.00-1.50 | O10: 250 | P10: =O10-O9 -> 15 | Q10: =P10/$O$16 -> 0.034168565
B11: Large Bus | C11: 5 | D11: =C11/$C$18 -> 0.010224949 | N11: 1.5-2.0 | O11: 370 | P11: =O11-O10 -> 120 | Q11: =P11/$O$16 -> 0.27334852
B12: Light Truck | C12: 44 | D12: =C12/$C$18 -> 0.08997955 | N12: 2.0-3.0 | O12: 411 | P12: =O12-O11 -> 41 | Q12: =P12/$O$16 -> 0.093394077
B13: Medium Truck | C13: 30 | D13: =C13/$C$18 -> 0.061349693 | N13: 3.0-5.0 | O13: 433 | P13: =O13-O12 -> 22 | Q13: =P13/$O$16 -> 0.050113895
B14: Heavy truck | C14: 20 | D14: =C14/$C$18 -> 0.040899796 | N14: 5.0-7.5 | O14: 438 | P14: =O14-O13 -> 5 | Q14: =P14/$O$16 -> 0.011389522
B15: Truck Trailer | C15: 2 | D15: =C15/$C$18 -> 0.0040899796 | N15: 7.5-10 | O15: 439 | P15: =O15-O14 -> 1 | Q15: =P15/$O$16 -> 0.0022779043
B16: Motor cycles | C16: 12 | D16: =C16/$C$18 -> 0.024539877 | N16: Over 10 | O16: 439 | P16: =O16-O15 -> 0 | Q16: =P16/$O$16 -> 0
B17: Tractors | C17: 0 | D17: =C17/$C$18 -> 0
B18: Total | C18: =SUM(C6:C17) -> 489
B19: ADT | C19: 28298.786 | D19: =C18/C19 -> 0.017279893
N22: Trip Frequency
B23: Journey Purpose | N23: Trip Frequency | O23: No of Vehicles | P23: No. of Vehicles, %
B24: Purpose | C24: Respondents | D24: Percent | N24: More than 2 times every day | O24: 167 | P24: =O24/$O$30 -> 0.34864301
B25: Home-Work | C25: 71 | D25: =C25/$C$30 -> 0.14519427 | N25: Daily (Up and Down) | O25: 134 | P25: =O25/$O$30 -> 0.27974948
B26: Home-Study | C26: 6 | D26: =C26/$C$30 -> 0.012269939 | N26: 2/3 times a week | O26: 66 | P26: =O26/$O$30 -> 0.13778706
B27: Work-Home | C27: 25 | D27: =C27/$C$30 -> 0.051124744 | N27: Once a week | O27: 44 | P27: =O27/$O$30 -> 0.091858038
B28: Work-Work | C28: 54 | D28: =C28/$C$30 -> 0.11042945 | N28: Once a month | O28: 7 | P28: =O28/$O$30 -> 0.014613779
B29: Others | C29: 333 | D29: =C29/$C$30 -> 0.6809816 | N29: Once in a while | O29: 61 | P29: =O29/$O$30 -> 0.12734864
B30: Total | C30: =C18 -> 489 | O30: =SUM(O24:O29) -> 479
B41: Expressway Use
B42: Response | C42: Number | D42: Percent
B43: Yes | C43: 453 | D43: =C43/$C$45 -> 0.92638037 | M43: Vehicle Types | N43: Average Occupancy
B44: No | C44: 36 | D44: =C44/$C$45 -> 0.073619632 | M44: Car | N44: 2.5418994
B45: Total | C45: =C30 -> 489 | M45: Station Wagon | N45: 3.8082192
M46: Pickups | N46: 2.34375
M47: Minibus, matatu | N47: 8.88
M48: Medium bus | N48: 30.705882
M49: Large Bus | N49: 55.8
M50: Light Truck | N50: 2.6818182
M51: Medium Truck | N51: 2.3666667
M52: Heavy truck | N52: 2.25
M53: Truck Trailer | N53: 2.5
M54: Motor cycles | N54: 1.1666667
M55: Tractors | N55: 0
B59: Willingness to Pay
B60: Vehicle Types | C60: Average Price
B61: Car | C61: 1408.5271
B62: Station Wagon | C62: 1731.4815
B63: Pickups | C63: 1630.4348 | M63: Average Trip Length
B64: Minibus, matatu | C64: 1383.0508 | M64: Trip Length Range | N64: Cumm-ulative | O64: No of Vehicles | P64: Percentage
B65: Medium bus | C65: 1607.1429 | M65: 0-1 | N65: 8 | O65: =N65 -> 8 | P65: =O65/$N$73 -> 0.048484848
B66: Large Bus | C66: 2000 | M66: 1-2.5 | N66: 18 | O66: =N66-N65 -> 10 | P66: =O66/$N$73 -> 0.060606061
B67: Light Truck | C67: 1454.5455 | M67: 2.5-5.0 | N67: 40 | O67: =N67-N66 -> 22 | P67: =O67/$N$73 -> 0.13333333
B68: Medium Truck | C68: 2117.6471 | M68: 5.0-10.0 | N68: 89 | O68: =N68-N67 -> 49 | P68: =O68/$N$73 -> 0.2969697
B69: Heavy truck | C69: 866.66667 | M69: 10.0-20.0 | N69: 132 | O69: =N69-N68 -> 43 | P69: =O69/$N$73 -> 0.26060606
B70: Truck Trailer | C70: 1250 | M70: 20.0-50.0 | N70: 154 | O70: =N70-N69 -> 22 | P70: =O70/$N$73 -> 0.13333333
B71: Motor cycles | C71: 1727.2727 | M71: 50.0-100.0 | N71: 161 | O71: =N71-N70 -> 7 | P71: =O71/$N$73 -> 0.042424242
B72: Tractors | C72: 0 | M72: 100.0-250.0 | N72: 165 | O72: =N72-N71 -> 4 | P72: =O72/$N$73 -> 0.024242424
M73: Over 250 | N73: 165 | O73: =N73-N72 -> 0 | P73: =O73/$N$73 -> 0

Sheet STN38
B2: STN38 OD ANALYSIS
B4: Vehicle OD Sample Proportions | N4: Average Journey Time
B5: Vehicle Types | C5: OD Sample | D5: OD Sample, % | N5: Journey Time Range (Hrs) | O5: Cummu-lative | P5: No of Vehicles | Q5: No. of Vehicles, %
B6: Car | C6: 413 | D6: =C6/$C$18 -> 0.59682081 | N6: 0-0.25 | O6: 101 | P6: =O6 -> 101 | Q6: =P6/$O$16 -> 0.17324185
B7: Station Wagon | C7: 103 | D7: =C7/$C$18 -> 0.14884393 | N7: 0.25-0.50 | O7: 293 | P7: =O7-O6 -> 192 | Q7: =P7/$O$16 -> 0.32933105
B8: Pickups | C8: 37 | D8: =C8/$C$18 -> 0.053468208 | N8: 0.50-0.75 | O8: 352 | P8: =O8-O7 -> 59 | Q8: =P8/$O$16 -> 0.10120069
B9: Minibus, matatu | C9: 40 | D9: =C9/$C$18 -> 0.057803468 | N9: 0.75-1.00 | O9: 481 | P9: =O9-O8 -> 129 | Q9: =P9/$O$16 -> 0.2212693
B10: Medium bus | C10: 3 | D10: =C10/$C$18 -> 0.0043352601 | N10: 1.00-1.50 | O10: 505 | P10: =O10-O9 -> 24 | Q10: =P10/$O$16 -> 0.041166381
B11: Large Bus | C11: 3 | D11: =C11/$C$18 -> 0.0043352601 | N11: 1.5-2.0 | O11: 538 | P11: =O11-O10 -> 33 | Q11: =P11/$O$16 -> 0.056603774
B12: Light Truck | C12: 31 | D12: =C12/$C$18 -> 0.044797688 | N12: 2.0-3.0 | O12: 566 | P12: =O12-O11 -> 28 | Q12: =P12/$O$16 -> 0.048027444
B13: Medium Truck | C13: 28 | D13: =C13/$C$18 -> 0.040462428 | N13: 3.0-5.0 | O13: 577 | P13: =O13-O12 -> 11 | Q13: =P13/$O$16 -> 0.018867925
B14: Heavy truck | C14: 1 | D14: =C14/$C$18 -> 0.0014450867 | N14: 5.0-7.5 | O14: 580 | P14: =O14-O13 -> 3 | Q14: =P14/$O$16 -> 0.0051457976
B15: Truck Trailer | C15: 0 | D15: =C15/$C$18 -> 0 | N15: 7.5-10 | O15: 582 | P15: =O15-O14 -> 2 | Q15: =P15/$O$16 -> 0.0034305317
B16: Motor cycles | C16: 32 | D16: =C16/$C$18 -> 0.046242775 | N16: Over 10 | O16: 583 | P16: =O16-O15 -> 1 | Q16: =P16/$O$16 -> 0.0017152659
B17: Tractors | C17: 1 | D17: =C17/$C$18 -> 0.0014450867
B18: Total | C18: =SUM(C6:C17) -> 692
B19: ADT | C19: 28112.643 | D19: =C18/C19 -> 0.02461526
N22: Trip Frequency
B23: Journey Purpose | N23: Trip Frequency | O23: No of Vehicles | P23: No. of Vehicles, %
B24: Purpose | C24: Respondents | D24: Percent | N24: More than 2 times every day | O24: 173 | P24: =O24/$O$30 -> 0.25329429
B25: Home-Work | C25: 98 | D25: =C25/$C$30 -> 0.1416185 | N25: Daily (Up and Down) | O25: 324 | P25: =O25/$O$30 -> 0.47437775
B26: Home-Study | C26: 20 | D26: =C26/$C$30 -> 0.028901734 | N26: 2/3 times a week | O26: 72 | P26: =O26/$O$30 -> 0.10541728
B27: Work-Home | C27: 111 | D27: =C27/$C$30 -> 0.16040462 | N27: Once a week | O27: 32 | P27: =O27/$O$30 -> 0.046852123
B28: Work-Work | C28: 33 | D28: =C28/$C$30 -> 0.047687861 | N28: Once a month | O28: 18 | P28: =O28/$O$30 -> 0.026354319
B29: Others | C29: 430 | D29: =C29/$C$30 -> 0.62138728 | N29: Once in a while | O29: 64 | P29: =O29/$O$30 -> 0.093704246
B30: Total | C30: =C18 -> 692 | O30: =SUM(O24:O29) -> 683
B41: Expressway Use
B42: Response | C42: Number | D42: Percent
B43: Yes | C43: 687 | D43: =C43/$C$45 -> 0.99277457 | M43: Vehicle Types | N43: Average Occupancy
B44: No | C44: 5 | D44: =C44/$C$45 -> 0.0072254335 | M44: Car | N44: 1.6513317
B45: Total | C45: =C30 -> 692 | M45: Station Wagon | N45: 1.8349515
M46: Pickups | N46: 1.8888889
M47: Minibus, matatu | N47: 5.5384615
M48: Medium bus | N48: 24.666667
M49: Large Bus | N49: 25.333333
M50: Light Truck | N50: 2.2333333
M51: Medium Truck | N51: 2.9285714
M52: Heavy truck | N52: 1
M53: Truck Trailer | N53: 0
M54: Motor cycles | N54: 1.0967742
M55: Tractors | N55: 1
B59: Willingness to Pay
B60: Vehicle Types | C60: Average Price
B61: Car | C61: 2547.1125
B62: Station Wagon | C62: 2233.7209
B63: Pickups | C63: 2332.2581 | M63: Average Trip Length
B64: Minibus, matatu | C64: 3161.2903 | M64: Trip Length Range | N64: Cumm-ulative | O64: No of Vehicles | P64: Percentage
B65: Medium bus | C65: 1500 | M65: 0-1 | N65: 3 | O65: =N65 -> 3 | P65: =O65/$N$73 -> 0.014851485
B66: Large Bus | C66: 2000 | M66: 1-2.5 | N66: 11 | O66: =N66-N65 -> 8 | P66: =O66/$N$73 -> 0.03960396
B67: Light Truck | C67: 2500 | M67: 2.5-5.0 | N67: 64 | O67: =N67-N66 -> 53 | P67: =O67/$N$73 -> 0.26237624
B68: Medium Truck | C68: 2568.1818 | M68: 5.0-10.0 | N68: 116 | O68: =N68-N67 -> 52 | P68: =O68/$N$73 -> 0.25742574
B69: Heavy truck | C69: 3000 | M69: 10.0-20.0 | N69: 167 | O69: =N69-N68 -> 51 | P69: =O69/$N$73 -> 0.25247525
B70: Truck Trailer | C70: 0 | M70: 20.0-50.0 | N70: 191 | O70: =N70-N69 -> 24 | P70: =O70/$N$73 -> 0.11881188
B71: Motor cycles | C71: 1785.1852 | M71: 50.0-100.0 | N71: 196 | O71: =N71-N70 -> 5 | P71: =O71/$N$73 -> 0.024752475
B72: Tractors | C72: 0 | M72: 100.0-250.0 | N72: 201 | O72: =N72-N71 -> 5 | P72: =O72/$N$73 -> 0.024752475
M73: Over 250 | N73: 202 | O73: =N73-N72 -> 1 | P73: =O73/$N$73 -> 0.004950495

Sheet STN39
B2: STN39 OD ANALYSIS
B4: Vehicle OD Sample Proportions | N4: Average Journey Time
B5: Vehicle Types | C5: OD Sample | D5: OD Sample, % | N5: Journey Time Range (Hrs) | O5: Cummu-lative | P5: No of Vehicles | Q5: No. of Vehicles, %
B6: Car | C6: 337 | D6: =C6/$C$18 -> 0.4841954 | N6: 0-0.25 | O6: 109 | P6: =O6 -> 109 | Q6: =P6/$O$16 -> 0.18257956
