Workbook

Sheet 29.07 Karuma-Kigumba
B1: Consultancy services for Preparation of Expressway Development Master Plan (EDMP) for Uganda
B2: MANUAL CLASSIFIED COUNT (MCC)
B3: ROAD NAME: | C3: MCC - C5 - STN113 - KIGUMBA-KARUMA ROAD
C5: Date | D5: 29.07.19 | F5: Location | G5: nanda | J5: Surveyor | K5: xxx
C6: Dir. From | D6: karuma | F6: Dir. To | G6: kigumba | J6: Supervisor | K6: xxx
B8: Time / Veh Type | R8: SUMMARY TRAFFIC VOLUMES
C9: 1. Car | D9: 2. Station Wagon | E9: 3. Pickups | F9: 4. Minibus, matatu | G9: 5. Medium bus | H9: 6. Large Bus | I9: 7. Light Truck | J9: 8. Medium Truck | K9: 9. Heavy truck | L9: 10. Truck Trailer | M9: 11. Motor cycles | N9: 12. Tractors | O9: Total Excl M/Cycles | P9: Total All | R9: Time | S9: 1. Car | T9: 2. Station Wagon | U9: 3. Pickups | V9: 4. Minibus, matatu | W9: 5. Medium bus | X9: 6. Large Bus | Y9: 7. Light Truck | Z9: 8. Medium Truck | AA9: 9. Heavy truck | AB9: 10. Truck Trailer | AC9: 11. Motorcycles | AD9: 12. Tractors, Graders | AE9: Total Excl M/ Cycles | AF9: Total All
B10: 07.00 - 07.15 | C10: 2 | D10: 3 | E10: 3 | F10: 0 | G10: 0 | H10: 0 | I10: 0 | J10: 1 | K10: 0 | L10: 0 | M10: 1 | N10: 0 | O10: =SUM(C10:L10,N10) -> 9 | P10: =SUM(C10:N10) -> 10 | R10: 0700-0800 | S10: =SUM(C10:C13) -> 2 | T10: =SUM(D10:D13) -> 8 | U10: =SUM(E10:E13) -> 10 | V10: =SUM(F10:F13) -> 2 | W10: =SUM(G10:G13) -> 0 | X10: =SUM(H10:H13) -> 0 | Y10: =SUM(I10:I13) -> 1 | Z10: =SUM(J10:J13) -> 4 | ... AF10: =SUM(P10:P13) -> 43
B11: 07.15 - 07.30 | C11: 0 | D11: 1 | E11: 1 | F11: 1 | G11: 0 | H11: 0 | I11: 0 | J11: 0 | K11: 0 | L11: 1 | M11: 3 | N11: 0 | O11: =SUM(C11:L11,N11) -> 4 | P11: =SUM(C11:N11) -> 7 | R11: 0800-0900 | S11: =SUM(C14:C17) -> 2 | T11: =SUM(D14:D17) -> 6 | U11: =SUM(E14:E17) -> 7 | V11: =SUM(F14:F17) -> 2 | W11: =SUM(G14:G17) -> 0 | X11: =SUM(H14:H17) -> 1 | Y11: =SUM(I14:I17) -> 0 | Z11: =SUM(J14:J17) -> 1 | ... AF11: =SUM(P14:P17) -> 32
B12: 07.30 - 07.45 | C12: 0 | D12: 1 | E12: 2 | F12: 0 | G12: 0 | H12: 0 | I12: 1 | J12: 0 | K12: 0 | L12: 0 | M12: 4 | N12: 0 | O12: =SUM(C12:L12,N12) -> 4 | P12: =SUM(C12:N12) -> 8 | R12: 0900-1000 | S12: =SUM(C18:C21) -> 4 | T12: =SUM(D18:D21) -> 6 | U12: =SUM(E18:E21) -> 7 | V12: =SUM(F18:F21) -> 1 | W12: =SUM(G18:G21) -> 0 | X12: =SUM(H18:H21) -> 5 | Y12: =SUM(I18:I21) -> 1 | Z12: =SUM(J18:J21) -> 0 | ... AF12: =SUM(P18:P21) -> 43
B13: 07.45 - 08.00 | C13: 0 | D13: 3 | E13: 4 | F13: 1 | G13: 0 | H13: 0 | I13: 0 | J13: 3 | K13: 0 | L13: 2 | M13: 5 | N13: 0 | O13: =SUM(C13:L13,N13) -> 13 | P13: =SUM(C13:N13) -> 18 | R13: 1000-1100 | S13: =SUM(C22:C25) -> 8 | T13: =SUM(D22:D25) -> 7 | U13: =SUM(E22:E25) -> 9 | V13: =SUM(F22:F25) -> 8 | W13: =SUM(G22:G25) -> 0 | X13: =SUM(H22:H25) -> 2 | Y13: =SUM(I22:I25) -> 2 | Z13: =SUM(J22:J25) -> 0 | ... AF13: =SUM(P22:P25) -> 48
B14: 08.00 - 08.15 | C14: 1 | D14: 1 | E14: 1 | F14: 1 | G14: 0 | H14: 0 | I14: 0 | J14: 0 | K14: 0 | L14: 1 | M14: 4 | N14: 0 | O14: =SUM(C14:L14,N14) -> 5 | P14: =SUM(C14:N14) -> 9 | R14: 1100-1200 | S14: =SUM(C26:C29) -> 7 | T14: =SUM(D26:D29) -> 8 | U14: =SUM(E26:E29) -> 11 | V14: =SUM(F26:F29) -> 4 | W14: =SUM(G26:G29) -> 0 | X14: =SUM(H26:H29) -> 3 | Y14: =SUM(I26:I29) -> 1 | Z14: =SUM(J26:J29) -> 3 | ... AF14: =SUM(P26:P29) -> 53
B15: 08.15 - 08.30 | C15: 0 | D15: 2 | E15: 2 | F15: 0 | G15: 0 | H15: 0 | I15: 0 | J15: 0 | K15: 0 | L15: 0 | M15: 4 | N15: 0 | O15: =SUM(C15:L15,N15) -> 4 | P15: =SUM(C15:N15) -> 8 | R15: 1200-1300 | S15: =SUM(C30:C33) -> 4 | T15: =SUM(D30:D33) -> 13 | U15: =SUM(E30:E33) -> 15 | V15: =SUM(F30:F33) -> 10 | W15: =SUM(G30:G33) -> 0 | X15: =SUM(H30:H33) -> 11 | Y15: =SUM(I30:I33) -> 6 | Z15: =SUM(J30:J33) -> 0 | ... AF15: =SUM(P30:P33) -> 74
B16: 08.30 - 08.45 | C16: 1 | D16: 2 | E16: 2 | F16: 1 | G16: 0 | H16: 0 | I16: 0 | J16: 1 | K16: 1 | L16: 0 | M16: 0 | N16: 0 | O16: =SUM(C16:L16,N16) -> 8 | P16: =SUM(C16:N16) -> 8 | R16: 1300-1400 | S16: =SUM(C34:C37) -> 6 | T16: =SUM(D34:D37) -> 9 | U16: =SUM(E34:E37) -> 11 | V16: =SUM(F34:F37) -> 3 | W16: =SUM(G34:G37) -> 0 | X16: =SUM(H34:H37) -> 5 | Y16: =SUM(I34:I37) -> 6 | Z16: =SUM(J34:J37) -> 4 | ... AF16: =SUM(P34:P37) -> 59
B17: 08.45 - 9.00 | C17: 0 | D17: 1 | E17: 2 | F17: 0 | G17: 0 | H17: 1 | I17: 0 | J17: 0 | K17: 0 | L17: 1 | M17: 2 | N17: 0 | O17: =SUM(C17:L17,N17) -> 5 | P17: =SUM(C17:N17) -> 7 | R17: 1400-1500 | S17: =SUM(C38:C41) -> 10 | T17: =SUM(D38:D41) -> 8 | U17: =SUM(E38:E41) -> 8 | V17: =SUM(F38:F41) -> 9 | W17: =SUM(G38:G41) -> 0 | X17: =SUM(H38:H41) -> 5 | Y17: =SUM(I38:I41) -> 8 | Z17: =SUM(J38:J41) -> 0 | ... AF17: =SUM(P38:P41) -> 73
B18: 09.00 - 09.15 | C18: 1 | D18: 2 | E18: 2 | F18: 1 | G18: 0 | H18: 2 | I18: 0 | J18: 0 | K18: 0 | L18: 1 | M18: 6 | N18: 0 | O18: =SUM(C18:L18,N18) -> 9 | P18: =SUM(C18:N18) -> 15 | R18: 1500-1600 | S18: =SUM(C42:C45) -> 9 | T18: =SUM(D42:D45) -> 5 | U18: =SUM(E42:E45) -> 6 | V18: =SUM(F42:F45) -> 7 | W18: =SUM(G42:G45) -> 0 | X18: =SUM(H42:H45) -> 5 | Y18: =SUM(I42:I45) -> 9 | Z18: =SUM(J42:J45) -> 1 | ... AF18: =SUM(P42:P45) -> 64
B19: 09.15 - 09.30 | C19: 0 | D19: 1 | E19: 1 | F19: 0 | G19: 0 | H19: 1 | I19: 1 | J19: 0 | K19: 0 | L19: 0 | M19: 1 | N19: 0 | O19: =SUM(C19:L19,N19) -> 4 | P19: =SUM(C19:N19) -> 5 | R19: 1600-1700 | S19: =SUM(C46:C49) -> 5 | T19: =SUM(D46:D49) -> 7 | U19: =SUM(E46:E49) -> 10 | V19: =SUM(F46:F49) -> 5 | W19: =SUM(G46:G49) -> 1 | X19: =SUM(H46:H49) -> 3 | Y19: =SUM(I46:I49) -> 10 | Z19: =SUM(J46:J49) -> 0 | ... AF19: =SUM(P46:P49) -> 59
B20: 09.30 - 09.45 | C20: 1 | D20: 2 | E20: 2 | F20: 0 | G20: 0 | H20: 0 | I20: 0 | J20: 0 | K20: 0 | L20: 2 | M20: 1 | N20: 0 | O20: =SUM(C20:L20,N20) -> 7 | P20: =SUM(C20:N20) -> 8 | R20: 1700-1800 | S20: =SUM(C50:C53) -> 5 | T20: =SUM(D50:D53) -> 6 | U20: =SUM(E50:E53) -> 8 | V20: =SUM(F50:F53) -> 4 | W20: =SUM(G50:G53) -> 0 | X20: =SUM(H50:H53) -> 6 | Y20: =SUM(I50:I53) -> 14 | Z20: =SUM(J50:J53) -> 0 | ... AF20: =SUM(P50:P53) -> 69
B21: 09.45 - 10.00 | C21: 2 | D21: 1 | E21: 2 | F21: 0 | G21: 0 | H21: 2 | I21: 0 | J21: 0 | K21: 0 | L21: 0 | M21: 7 | N21: 1 | O21: =SUM(C21:L21,N21) -> 8 | P21: =SUM(C21:N21) -> 15 | R21: 1800-1900 | S21: =SUM(C54:C57) -> 4 | T21: =SUM(D54:D57) -> 5 | U21: =SUM(E54:E57) -> 7 | V21: =SUM(F54:F57) -> 5 | W21: =SUM(G54:G57) -> 0 | X21: =SUM(H54:H57) -> 2 | Y21: =SUM(I54:I57) -> 14 | Z21: =SUM(J54:J57) -> 8 | ... AF21: =SUM(P54:P57) -> 74
B22: 10.00 - 10.15 | C22: 1 | D22: 1 | E22: 2 | F22: 2 | G22: 0 | H22: 1 | I22: 1 | J22: 0 | K22: 0 | L22: 1 | M22: 2 | N22: 0 | O22: =SUM(C22:L22,N22) -> 9 | P22: =SUM(C22:N22) -> 11 | R22: AM Peak Hr | S22: =MAX(S10:S12) -> 4 | T22: =MAX(T10:T12) -> 8 | U22: =MAX(U10:U12) -> 10 | V22: =MAX(V10:V12) -> 2 | W22: =MAX(W10:W12) -> 0 | X22: =MAX(X10:X12) -> 5 | Y22: =MAX(Y10:Y12) -> 1 | Z22: =MAX(Z10:Z12) -> 4 | ... AF22: =MAX(AF10:AF12) -> 43
B23: 10.15 - 10.30 | C23: 1 | D23: 2 | E23: 2 | F23: 2 | G23: 0 | H23: 0 | I23: 1 | J23: 0 | K23: 0 | L23: 0 | M23: 1 | N23: 0 | O23: =SUM(C23:L23,N23) -> 8 | P23: =SUM(C23:N23) -> 9 | R23: IP Peak Hr | S23: =MAX(S13:S18) -> 10 | T23: =MAX(T13:T18) -> 13 | U23: =MAX(U13:U18) -> 15 | V23: =MAX(V13:V18) -> 10 | W23: =MAX(W13:W18) -> 0 | X23: =MAX(X13:X18) -> 11 | Y23: =MAX(Y13:Y18) -> 9 | Z23: =MAX(Z13:Z18) -> 4 | ... AF23: =MAX(AF13:AF18) -> 74
B24: 10.30 - 10.45 | C24: 2 | D24: 1 | E24: 1 | F24: 1 | G24: 0 | H24: 0 | I24: 0 | J24: 0 | K24: 0 | L24: 0 | M24: 2 | N24: 1 | O24: =SUM(C24:L24,N24) -> 6 | P24: =SUM(C24:N24) -> 8 | R24: PM Peak Hr | S24: =MAX(S19:S21) -> 5 | T24: =MAX(T19:T21) -> 7 | U24: =MAX(U19:U21) -> 10 | V24: =MAX(V19:V21) -> 5 | W24: =MAX(W19:W21) -> 1 | X24: =MAX(X19:X21) -> 6 | Y24: =MAX(Y19:Y21) -> 14 | Z24: =MAX(Z19:Z21) -> 8 | ... AF24: =MAX(AF19:AF21) -> 74
B25: 10.45 - 11.00 | C25: 4 | D25: 3 | E25: 4 | F25: 3 | G25: 0 | H25: 1 | I25: 0 | J25: 0 | K25: 0 | L25: 2 | M25: 3 | N25: 0 | O25: =SUM(C25:L25,N25) -> 17 | P25: =SUM(C25:N25) -> 20 | R25: AM Period | S25: =SUM(S10:S12) -> 8 | T25: =SUM(T10:T12) -> 20 | U25: =SUM(U10:U12) -> 24 | V25: =SUM(V10:V12) -> 5 | W25: =SUM(W10:W12) -> 0 | X25: =SUM(X10:X12) -> 6 | Y25: =SUM(Y10:Y12) -> 2 | Z25: =SUM(Z10:Z12) -> 5 | ... AF25: =SUM(AF10:AF12) -> 118
B26: 11.00 - 11.15 | C26: 0 | D26: 2 | E26: 3 | F26: 2 | G26: 0 | H26: 2 | I26: 0 | J26: 1 | K26: 0 | L26: 2 | M26: 2 | N26: 1 | O26: =SUM(C26:L26,N26) -> 13 | P26: =SUM(C26:N26) -> 15 | R26: IP Period | S26: =SUM(S13:S18) -> 44 | T26: =SUM(T13:T18) -> 50 | U26: =SUM(U13:U18) -> 60 | V26: =SUM(V13:V18) -> 41 | W26: =SUM(W13:W18) -> 0 | X26: =SUM(X13:X18) -> 31 | Y26: =SUM(Y13:Y18) -> 32 | Z26: =SUM(Z13:Z18) -> 8 | ... AF26: =SUM(AF13:AF18) -> 371
B27: 11.15 - 11.30 | C27: 4 | D27: 3 | E27: 3 | F27: 0 | G27: 0 | H27: 0 | I27: 1 | J27: 0 | K27: 0 | L27: 0 | M27: 4 | N27: 1 | O27: =SUM(C27:L27,N27) -> 12 | P27: =SUM(C27:N27) -> 16 | R27: PM Period | S27: =SUM(S19:S21) -> 14 | T27: =SUM(T19:T21) -> 18 | U27: =SUM(U19:U21) -> 25 | V27: =SUM(V19:V21) -> 14 | W27: =SUM(W19:W21) -> 1 | X27: =SUM(X19:X21) -> 11 | Y27: =SUM(Y19:Y21) -> 38 | Z27: =SUM(Z19:Z21) -> 8 | ... AF27: =SUM(AF19:AF21) -> 202
B28: 11.30 - 11.45 | C28: 1 | D28: 3 | E28: 4 | F28: 1 | G28: 0 | H28: 1 | I28: 0 | J28: 0 | K28: 0 | L28: 0 | M28: 2 | N28: 0 | O28: =SUM(C28:L28,N28) -> 10 | P28: =SUM(C28:N28) -> 12 | R28: 12 Hours | S28: =SUM(S10:S21) -> 66 | T28: =SUM(T10:T21) -> 88 | U28: =SUM(U10:U21) -> 109 | V28: =SUM(V10:V21) -> 60 | W28: =SUM(W10:W21) -> 1 | X28: =SUM(X10:X21) -> 48 | Y28: =SUM(Y10:Y21) -> 72 | Z28: =SUM(Z10:Z21) -> 21 | ... AF28: =SUM(AF10:AF21) -> 691
B29: 11.45 - 12.00 | C29: 2 | D29: 0 | E29: 1 | F29: 1 | G29: 0 | H29: 0 | I29: 0 | J29: 2 | K29: 0 | L29: 0 | M29: 4 | N29: 0 | O29: =SUM(C29:L29,N29) -> 6 | P29: =SUM(C29:N29) -> 10
B30: 12.00 - 12.15 | C30: 1 | D30: 2 | E30: 2 | F30: 2 | G30: 0 | H30: 2 | I30: 3 | J30: 0 | K30: 0 | L30: 1 | M30: 2 | N30: 0 | O30: =SUM(C30:L30,N30) -> 13 | P30: =SUM(C30:N30) -> 15
B31: 12.15 - 12.30 | C31: 1 | D31: 4 | E31: 5 | F31: 0 | G31: 0 | H31: 7 | I31: 1 | J31: 0 | K31: 0 | L31: 1 | M31: 5 | N31: 0 | O31: =SUM(C31:L31,N31) -> 19 | P31: =SUM(C31:N31) -> 24
B32: 12.30 - 12.45 | C32: 2 | D32: 2 | E32: 3 | F32: 3 | G32: 0 | H32: 0 | I32: 1 | J32: 0 | K32: 0 | L32: 0 | M32: 3 | N32: 0 | O32: =SUM(C32:L32,N32) -> 11 | P32: =SUM(C32:N32) -> 14
B33: 12.45 - 13.00 | C33: 0 | D33: 5 | E33: 5 | F33: 5 | G33: 0 | H33: 2 | I33: 1 | J33: 0 | K33: 0 | L33: 0 | M33: 3 | N33: 0 | O33: =SUM(C33:L33,N33) -> 18 | P33: =SUM(C33:N33) -> 21
B34: 13.00 - 13.15 | C34: 1 | D34: 1 | E34: 2 | F34: 0 | G34: 0 | H34: 1 | I34: 0 | J34: 1 | K34: 0 | L34: 1 | M34: 4 | N34: 0 | O34: =SUM(C34:L34,N34) -> 7 | P34: =SUM(C34:N34) -> 11
B35: 13.15 - 13.30 | C35: 1 | D35: 3 | E35: 3 | F35: 1 | G35: 0 | H35: 2 | I35: 1 | J35: 1 | K35: 0 | L35: 1 | M35: 2 | N35: 0 | O35: =SUM(C35:L35,N35) -> 13 | P35: =SUM(C35:N35) -> 15
B36: 13.30 - 13.45 | C36: 2 | D36: 2 | E36: 2 | F36: 2 | G36: 0 | H36: 1 | I36: 3 | J36: 1 | K36: 0 | L36: 1 | M36: 1 | N36: 0 | O36: =SUM(C36:L36,N36) -> 14 | P36: =SUM(C36:N36) -> 15
B37: 13.45 - 14.00 | C37: 2 | D37: 3 | E37: 4 | F37: 0 | G37: 0 | H37: 1 | I37: 2 | J37: 1 | K37: 1 | L37: 0 | M37: 4 | N37: 0 | O37: =SUM(C37:L37,N37) -> 14 | P37: =SUM(C37:N37) -> 18
B38: 14.00 - 14.15 | C38: 2 | D38: 1 | E38: 1 | F38: 7 | G38: 0 | H38: 2 | I38: 2 | J38: 0 | K38: 0 | L38: 0 | M38: 4 | N38: 0 | O38: =SUM(C38:L38,N38) -> 15 | P38: =SUM(C38:N38) -> 19
B39: 14.15 - 14.30 | C39: 2 | D39: 1 | E39: 1 | F39: 0 | G39: 0 | H39: 0 | I39: 1 | J39: 0 | K39: 0 | L39: 1 | M39: 4 | N39: 0 | O39: =SUM(C39:L39,N39) -> 6 | P39: =SUM(C39:N39) -> 10
B40: 14.30 - 14.45 | C40: 4 | D40: 4 | E40: 4 | F40: 0 | G40: 0 | H40: 2 | I40: 3 | J40: 0 | K40: 0 | L40: 2 | M40: 6 | N40: 0 | O40: =SUM(C40:L40,N40) -> 19 | P40: =SUM(C40:N40) -> 25
... B57: 18.45 - 19.00 | C57: 1 | D57: 1 | E57: 2 | F57: 0 | G57: 0 | H57: 0 | I57: 3 | J57: 4 | K57: 0 | L57: 2 | M57: 6 | N57: 0 | O57: =SUM(C57:L57,N57) -> 13 | P57: =SUM(C57:N57) -> 19
B58: Totals | C58: =SUM(C10:C57) -> 66 | D58: =SUM(D10:D57) -> 88 | E58: =SUM(E10:E57) -> 109 | F58: =SUM(F10:F57) -> 60 | G58: =SUM(G10:G57) -> 1 | H58: =SUM(H10:H57) -> 48 | I58: =SUM(I10:I57) -> 72 | J58: =SUM(J10:J57) -> 21 | ... P58: =SUM(P10:P57) -> 691
B59: %ges + MCs | C59: =C58/$P$58 -> 0.095513748 | D59: =D58/$P$58 -> 0.12735166 | E59: =E58/$P$58 -> 0.1577424 | F59: =F58/$P$58 -> 0.08683068 | G59: =G58/$P$58 -> 0.001447178 | H59: =H58/$P$58 -> 0.069464544 | I59: =I58/$P$58 -> 0.10419682 | J59: =J58/$P$58 -> 0.030390738 | ... N59: =N58/$P$58 -> 0.00723589
B60: %ges w/o MCs | C60: =C58/$O$58 -> 0.1259542 | D60: =D58/$O$58 -> 0.16793893 | E60: =E58/$O$58 -> 0.20801527 | F60: =F58/$O$58 -> 0.11450382 | G60: =G58/$O$58 -> 0.0019083969 | H60: =H58/$O$58 -> 0.091603053 | I60: =I58/$O$58 -> 0.13740458 | J60: =J58/$O$58 -> 0.040076336 | ... L60: =L58/$O$58 -> 0.091603053 | N60: =N58/$O$58 -> 0.0095419847

Sheet 29.07 Kigumba-Karuma
B1: Consultancy services for Preparation of Expressway Development Master Plan (EDMP) for Uganda
B2: MANUAL CLASSIFIED COUNT (MCC)
B3: ROAD NAME: | C3: ='29.07 Karuma-Kigumba'!C3:G3 -> MCC - C5 - STN113 - KIGUMBA-KARUMA ROAD
C5: Date | D5: ='29.07 Karuma-Kigumba'!D5 -> 29.07.19 | F5: Location | G5: ='29.07 Karuma-Kigumba'!G5:H5 -> nanda | J5: Surveyor | K5: ='29.07 Karuma-Kigumba'!K5:L5 -> xxx
C6: Dir. From | D6: Kigumba | F6: Dir. To | G6: Karuma | J6: Supervisor | K6: ='29.07 Karuma-Kigumba'!K6:L6 -> xxx
B8: Time / Veh Type | R8: SUMMARY TRAFFIC VOLUMES
C9: 1. Car | D9: 2. Station Wagon | E9: 3. Pickups | F9: 4. Minibus, matatu | G9: 5. Medium bus | H9: 6. Large Bus | I9: 7. Light Truck | J9: 8. Medium Truck | K9: 9. Heavy truck | L9: 10. Truck Trailer | M9: 11. Motor cycles | N9: 12. Tractors | O9: Total Excl M/Cycles | P9: Total All | R9: Time | S9: 1. Car | T9: 2. Station Wagon | U9: 3. Pickups | V9: 4. Minibus, matatu | W9: 5. Medium bus | X9: 6. Large Bus | Y9: 7. Light Truck | Z9: 8. Medium Truck | AA9: 9. Heavy truck | AB9: 10. Truck Trailer | AC9: 11. Motorcycles | AD9: 12. Tractors, Graders | AE9: Total Excl M/ Cycles | AF9: Total All
B10: 07.00 - 07.15 | C10: 0 | D10: 1 | E10: 1 | F10: 0 | G10: 0 | H10: 0 | I10: 2 | J10: 0 | K10: 0 | L10: 2 | M10: 1 | N10: 0 | O10: =SUM(C10:L10,N10) -> 6 | P10: =SUM(C10:N10) -> 7 | R10: 0700-0800 | S10: =SUM(C10:C13) -> 5 | T10: =SUM(D10:D13) -> 4 | U10: =SUM(E10:E13) -> 7 | V10: =SUM(F10:F13) -> 3 | W10: =SUM(G10:G13) -> 0 | X10: =SUM(H10:H13) -> 0 | Y10: =SUM(I10:I13) -> 5 | Z10: =SUM(J10:J13) -> 0 | ... AF10: =SUM(P10:P13) -> 43
B11: 07.15 - 07.30 | C11: 2 | D11: 0 | E11: 1 | F11: 0 | G11: 0 | H11: 0 | I11: 0 | J11: 0 | K11: 0 | L11: 0 | M11: 2 | N11: 0 | O11: =SUM(C11:L11,N11) -> 3 | P11: =SUM(C11:N11) -> 5 | R11: 0800-0900 | S11: =SUM(C14:C17) -> 4 | T11: =SUM(D14:D17) -> 7 | U11: =SUM(E14:E17) -> 10 | V11: =SUM(F14:F17) -> 2 | W11: =SUM(G14:G17) -> 0 | X11: =SUM(H14:H17) -> 0 | Y11: =SUM(I14:I17) -> 7 | Z11: =SUM(J14:J17) -> 1 | ... AF11: =SUM(P14:P17) -> 41
B12: 07.30 - 07.45 | C12: 2 | D12: 1 | E12: 2 | F12: 1 | G12: 0 | H12: 0 | I12: 1 | J12: 0 | K12: 0 | L12: 0 | M12: 5 | N12: 0 | O12: =SUM(C12:L12,N12) -> 7 | P12: =SUM(C12:N12) -> 12 | R12: 0900-1000 | S12: =SUM(C18:C21) -> 7 | T12: =SUM(D18:D21) -> 10 | U12: =SUM(E18:E21) -> 12 | V12: =SUM(F18:F21) -> 4 | W12: =SUM(G18:G21) -> 0 | X12: =SUM(H18:H21) -> 0 | Y12: =SUM(I18:I21) -> 5 | Z12: =SUM(J18:J21) -> 0 | ... AF12: =SUM(P18:P21) -> 47
B13: 07.45 - 08.00 | C13: 1 | D13: 2 | E13: 3 | F13: 2 | G13: 0 | H13: 0 | I13: 2 | J13: 0 | K13: 0 | L13: 1 | M13: 8 | N13: 0 | O13: =SUM(C13:L13,N13) -> 11 | P13: =SUM(C13:N13) -> 19 | R13: 1000-1100 | S13: =SUM(C22:C25) -> 3 | T13: =SUM(D22:D25) -> 9 | U13: =SUM(E22:E25) -> 10 | V13: =SUM(F22:F25) -> 9 | W13: =SUM(G22:G25) -> 0 | X13: =SUM(H22:H25) -> 2 | Y13: =SUM(I22:I25) -> 6 | Z13: =SUM(J22:J25) -> 0 | ... AF13: =SUM(P22:P25) -> 46
B14: 08.00 - 08.15 | C14: 0 | D14: 1 | E14: 1 | F14: 0 | G14: 0 | H14: 0 | I14: 0 | J14: 1 | K14: 0 | L14: 0 | M14: 1 | N14: 0 | O14: =SUM(C14:L14,N14) -> 3 | P14: =SUM(C14:N14) -> 4 | R14: 1100-1200 | S14: =SUM(C26:C29) -> 5 | T14: =SUM(D26:D29) -> 7 | U14: =SUM(E26:E29) -> 11 | V14: =SUM(F26:F29) -> 7 | W14: =SUM(G26:G29) -> 0 | X14: =SUM(H26:H29) -> 3 | Y14: =SUM(I26:I29) -> 3 | Z14: =SUM(J26:J29) -> 0 | ... AF14: =SUM(P26:P29) -> 48
B15: 08.15 - 08.30 | C15: 0 | D15: 1 | E15: 2 | F15: 0 | G15: 0 | H15: 0 | I15: 2 | J15: 0 | K15: 0 | L15: 0 | M15: 2 | N15: 0 | O15: =SUM(C15:L15,N15) -> 5 | P15: =SUM(C15:N15) -> 7 | R15: 1200-1300 | S15: =SUM(C30:C33) -> 7 | T15: =SUM(D30:D33) -> 7 | U15: =SUM(E30:E33) -> 11 | V15: =SUM(F30:F33) -> 7 | W15: =SUM(G30:G33) -> 0 | X15: =SUM(H30:H33) -> 1 | Y15: =SUM(I30:I33) -> 3 | Z15: =SUM(J30:J33) -> 0 | ... AF15: =SUM(P30:P33) -> 42
B16: 08.30 - 08.45 | C16: 3 | D16: 2 | E16: 3 | F16: 1 | G16: 0 | H16: 0 | I16: 4 | J16: 0 | K16: 0 | L16: 1 | M16: 4 | N16: 0 | O16: =SUM(C16:L16,N16) -> 14 | P16: =SUM(C16:N16) -> 18 | R16: 1300-1400 | S16: =SUM(C34:C37) -> 5 | T16: =SUM(D34:D37) -> 17 | U16: =SUM(E34:E37) -> 18 | V16: =SUM(F34:F37) -> 12 | W16: =SUM(G34:G37) -> 0 | X16: =SUM(H34:H37) -> 6 | Y16: =SUM(I34:I37) -> 8 | Z16: =SUM(J34:J37) -> 0 | ... AF16: =SUM(P34:P37) -> 86
B17: 08.45 - 9.00 | C17: 1 | D17: 3 | E17: 4 | F17: 1 | G17: 0 | H17: 0 | I17: 1 | J17: 0 | K17: 0 | L17: 1 | M17: 1 | N17: 0 | O17: =SUM(C17:L17,N17) -> 11 | P17: =SUM(C17:N17) -> 12 | R17: 1400-1500 | S17: =SUM(C38:C41) -> 2 | T17: =SUM(D38:D41) -> 14 | U17: =SUM(E38:E41) -> 15 | V17: =SUM(F38:F41) -> 8 | W17: =SUM(G38:G41) -> 0 | X17: =SUM(H38:H41) -> 4 | Y17: =SUM(I38:I41) -> 2 | Z17: =SUM(J38:J41) -> 0 | ... AF17: =SUM(P38:P41) -> 62
B18: 09.00 - 09.15 | C18: 0 | D18: 1 | E18: 2 | F18: 0 | G18: 0 | H18: 0 | I18: 0 | J18: 0 | K18: 0 | L18: 1 | M18: 1 | N18: 0 | O18: =SUM(C18:L18,N18) -> 4 | P18: =SUM(C18:N18) -> 5 | R18: 1500-1600 | S18: =SUM(C42:C45) -> 8 | T18: =SUM(D42:D45) -> 16 | U18: =SUM(E42:E45) -> 17 | V18: =SUM(F42:F45) -> 9 | W18: =SUM(G42:G45) -> 0 | X18: =SUM(H42:H45) -> 4 | Y18: =SUM(I42:I45) -> 6 | Z18: =SUM(J42:J45) -> 3 | ... AF18: =SUM(P42:P45) -> 88
B19: 09.15 - 09.30 | C19: 3 | D19: 2 | E19: 2 | F19: 1 | G19: 0 | H19: 0 | I19: 2 | J19: 0 | K19: 0 | L19: 1 | M19: 5 | N19: 0 | O19: =SUM(C19:L19,N19) -> 11 | P19: =SUM(C19:N19) -> 16 | R19: 1600-1700 | S19: =SUM(C46:C49) -> 13 | T19: =SUM(D46:D49) -> 13 | U19: =SUM(E46:E49) -> 16 | V19: =SUM(F46:F49) -> 9 | W19: =SUM(G46:G49) -> 1 | X19: =SUM(H46:H49) -> 8 | Y19: =SUM(I46:I49) -> 9 | Z19: =SUM(J46:J49) -> 0 | ... AF19: =SUM(P46:P49) -> 87
B20: 09.30 - 09.45 | C20: 1 | D20: 3 | E20: 4 | F20: 1 | G20: 0 | H20: 0 | I20: 0 | J20: 0 | K20: 0 | L20: 0 | M20: 1 | N20: 0 | O20: =SUM(C20:L20,N20) -> 9 | P20: =SUM(C20:N20) -> 10 | R20: 1700-1800 | S20: =SUM(C50:C53) -> 4 | T20: =SUM(D50:D53) -> 9 | U20: =SUM(E50:E53) -> 10 | V20: =SUM(F50:F53) -> 6 | W20: =SUM(G50:G53) -> 0 | X20: =SUM(H50:H53) -> 4 | Y20: =SUM(I50:I53) -> 6 | Z20: =SUM(J50:J53) -> 2 | ... AF20: =SUM(P50:P53) -> 57
B21: 09.45 - 10.00 | C21: 3 | D21: 4 | E21: 4 | F21: 2 | G21: 0 | H21: 0 | I21: 3 | J21: 0 | K21: 0 | L21: 0 | M21: 0 | N21: 0 | O21: =SUM(C21:L21,N21) -> 16 | P21: =SUM(C21:N21) -> 16 | R21: 1800-1900 | S21: =SUM(C54:C57) -> 12 | T21: =SUM(D54:D57) -> 14 | U21: =SUM(E54:E57) -> 16 | V21: =SUM(F54:F57) -> 4 | W21: =SUM(G54:G57) -> 1 | X21: =SUM(H54:H57) -> 5 | Y21: =SUM(I54:I57) -> 9 | Z21: =SUM(J54:J57) -> 0 | ... AF21: =SUM(P54:P57) -> 82
B22: 10.00 - 10.15 | C22: 1 | D22: 3 | E22: 4 | F22: 0 | G22: 0 | H22: 0 | I22: 2 | J22: 0 | K22: 0 | L22: 0 | M22: 1 | N22: 0 | O22: =SUM(C22:L22,N22) -> 10 | P22: =SUM(C22:N22) -> 11 | R22: AM Peak Hr | S22: =MAX(S10:S12) -> 7 | T22: =MAX(T10:T12) -> 10 | U22: =MAX(U10:U12) -> 12 | V22: =MAX(V10:V12) -> 4 | W22: =MAX(W10:W12) -> 0 | X22: =MAX(X10:X12) -> 0 | Y22: =MAX(Y10:Y12) -> 7 | Z22: =MAX(Z10:Z12) -> 1 | ... AF22: =MAX(AF10:AF12) -> 47
B23: 10.15 - 10.30 | C23: 0 | D23: 1 | E23: 1 | F23: 5 | G23: 0 | H23: 1 | I23: 2 | J23: 0 | K23: 0 | L23: 1 | M23: 2 | N23: 0 | O23: =SUM(C23:L23,N23) -> 11 | P23: =SUM(C23:N23) -> 13 | R23: IP Peak Hr | S23: =MAX(S13:S18) -> 8 | T23: =MAX(T13:T18) -> 17 | U23: =MAX(U13:U18) -> 18 | V23: =MAX(V13:V18) -> 12 | W23: =MAX(W13:W18) -> 0 | X23: =MAX(X13:X18) -> 6 | Y23: =MAX(Y13:Y18) -> 8 | Z23: =MAX(Z13:Z18) -> 3 | ... AF23: =MAX(AF13:AF18) -> 88
B24: 10.30 - 10.45 | C24: 0 | D24: 3 | E24: 3 | F24: 0 | G24: 0 | H24: 1 | I24: 2 | J24: 0 | K24: 0 | L24: 0 | M24: 3 | N24: 0 | O24: =SUM(C24:L24,N24) -> 9 | P24: =SUM(C24:N24) -> 12 | R24: PM Peak Hr | S24: =MAX(S19:S21) -> 13 | T24: =MAX(T19:T21) -> 14 | U24: =MAX(U19:U21) -> 16 | V24: =MAX(V19:V21) -> 9 | W24: =MAX(W19:W21) -> 1 | X24: =MAX(X19:X21) -> 8 | Y24: =MAX(Y19:Y21) -> 9 | Z24: =MAX(Z19:Z21) -> 2 | ... AF24: =MAX(AF19:AF21) -> 87
B25: 10.45 - 11.00 | C25: 2 | D25: 2 | E25: 2 | F25: 4 | G25: 0 | H25: 0 | I25: 0 | J25: 0 | K25: 0 | L25: 0 | M25: 0 | N25: 0 | O25: =SUM(C25:L25,N25) -> 10 | P25: =SUM(C25:N25) -> 10 | R25: AM Period | S25: =SUM(S10:S12) -> 16 | T25: =SUM(T10:T12) -> 21 | U25: =SUM(U10:U12) -> 29 | V25: =SUM(V10:V12) -> 9 | W25: =SUM(W10:W12) -> 0 | X25: =SUM(X10:X12) -> 0 | Y25: =SUM(Y10:Y12) -> 17 | Z25: =SUM(Z10:Z12) -> 1 | ... AF25: =SUM(AF10:AF12) -> 131
B26: 11.00 - 11.15 | C26: 1 | D26: 2 | E26: 3 | F26: 2 | G26: 0 | H26: 2 | I26: 0 | J26: 0 | K26: 1 | L26: 0 | M26: 5 | N26: 0 | O26: =SUM(C26:L26,N26) -> 11 | P26: =SUM(C26:N26) -> 16 | R26: IP Period | S26: =SUM(S13:S18) -> 30 | T26: =SUM(T13:T18) -> 70 | U26: =SUM(U13:U18) -> 82 | V26: =SUM(V13:V18) -> 52 | W26: =SUM(W13:W18) -> 0 | X26: =SUM(X13:X18) -> 20 | Y26: =SUM(Y13:Y18) -> 28 | Z26: =SUM(Z13:Z18) -> 3 | ... AF26: =SUM(AF13:AF18) -> 372
B27: 11.15 - 11.30 | C27: 2 | D27: 1 | E27: 2 | F27: 0 | G27: 0 | H27: 0 | I27: 1 | J27: 0 | K27: 0 | L27: 0 | M27: 0 | N27: 0 | O27: =SUM(C27:L27,N27) -> 6 | P27: =SUM(C27:N27) -> 6 | R27: PM Period | S27: =SUM(S19:S21) -> 29 | T27: =SUM(T19:T21) -> 36 | U27: =SUM(U19:U21) -> 42 | V27: =SUM(V19:V21) -> 19 | W27: =SUM(W19:W21) -> 2 | X27: =SUM(X19:X21) -> 17 | Y27: =SUM(Y19:Y21) -> 24 | Z27: =SUM(Z19:Z21) -> 2 | ... AF27: =SUM(AF19:AF21) -> 226
B28: 11.30 - 11.45 | C28: 0 | D28: 2 | E28: 3 | F28: 3 | G28: 0 | H28: 0 | I28: 1 | J28: 0 | K28: 0 | L28: 0 | M28: 3 | N28: 0 | O28: =SUM(C28:L28,N28) -> 9 | P28: =SUM(C28:N28) -> 12 | R28: 12 Hours | S28: =SUM(S10:S21) -> 75 | T28: =SUM(T10:T21) -> 127 | U28: =SUM(U10:U21) -> 153 | V28: =SUM(V10:V21) -> 80 | W28: =SUM(W10:W21) -> 2 | X28: =SUM(X10:X21) -> 37 | Y28: =SUM(Y10:Y21) -> 69 | Z28: =SUM(Z10:Z21) -> 6 | ... AF28: =SUM(AF10:AF21) -> 729
B29: 11.45 - 12.00 | C29: 2 | D29: 2 | E29: 3 | F29: 2 | G29: 0 | H29: 1 | I29: 1 | J29: 0 | K29: 0 | L29: 1 | M29: 2 | N29: 0 | O29: =SUM(C29:L29,N29) -> 12 | P29: =SUM(C29:N29) -> 14
B30: 12.00 - 12.15 | C30: 2 | D30: 1 | E30: 2 | F30: 6 | G30: 0 | H30: 1 | I30: 1 | J30: 0 | K30: 1 | L30: 0 | M30: 1 | N30: 0 | O30: =SUM(C30:L30,N30) -> 14 | P30: =SUM(C30:N30) -> 15
B31: 12.15 - 12.30 | C31: 2 | D31: 4 | E31: 5 | F31: 0 | G31: 0 | H31: 0 | I31: 0 | J31: 0 | K31: 0 | L31: 0 | M31: 2 | N31: 0 | O31: =SUM(C31:L31,N31) -> 11 | P31: =SUM(C31:N31) -> 13
B32: 12.30 - 12.45 | C32: 0 | D32: 0 | E32: 1 | F32: 0 | G32: 0 | H32: 0 | I32: 0 | J32: 0 | K32: 0 | L32: 0 | M32: 1 | N32: 0 | O32: =SUM(C32:L32,N32) -> 1 | P32: =SUM(C32:N32) -> 2
B33: 12.45 - 13.00 | C33: 3 | D33: 2 | E33: 3 | F33: 1 | G33: 0 | H33: 0 | I33: 2 | J33: 0 | K33: 0 | L33: 0 | M33: 1 | N33: 0 | O33: =SUM(C33:L33,N33) -> 11 | P33: =SUM(C33:N33) -> 12
B34: 13.00 - 13.15 | C34: 0 | D34: 4 | E34: 5 | F34: 1 | G34: 0 | H34: 1 | I34: 2 | J34: 0 | K34: 0 | L34: 0 | M34: 4 | N34: 0 | O34: =SUM(C34:L34,N34) -> 13 | P34: =SUM(C34:N34) -> 17
B35: 13.15 - 13.30 | C35: 3 | D35: 4 | E35: 4 | F35: 7 | G35: 0 | H35: 3 | I35: 3 | J35: 0 | K35: 0 | L35: 0 | M35: 6 | N35: 0 | O35: =SUM(C35:L35,N35) -> 24 | P35: =SUM(C35:N35) -> 30
B36: 13.30 - 13.45 | C36: 1 | D36: 5 | E36: 5 | F36: 0 | G36: 0 | H36: 2 | I36: 2 | J36: 0 | K36: 0 | L36: 0 | M36: 3 | N36: 0 | O36: =SUM(C36:L36,N36) -> 15 | P36: =SUM(C36:N36) -> 18
B37: 13.45 - 14.00 | C37: 1 | D37: 4 | E37: 4 | F37: 4 | G37: 0 | H37: 0 | I37: 1 | J37: 0 | K37: 0 | L37: 0 | M37: 7 | N37: 0 | O37: =SUM(C37:L37,N37) -> 14 | P37: =SUM(C37:N37) -> 21
B38: 14.00 - 14.15 | C38: 1 | D38: 3 | E38: 4 | F38: 2 | G38: 0 | H38: 1 | I38: 0 | J38: 0 | K38: 0 | L38: 0 | M38: 3 | N38: 0 | O38: =SUM(C38:L38,N38) -> 11 | P38: =SUM(C38:N38) -> 14
B39: 14.15 - 14.30 | C39: 1 | D39: 3 | E39: 3 | F39: 0 | G39: 0 | H39: 1 | I39: 1 | J39: 0 | K39: 2 | L39: 1 | M39: 3 | N39: 0 | O39: =SUM(C39:L39,N39) -> 12 | P39: =SUM(C39:N39) -> 15
B40: 14.30 - 14.45 | C40: 0 | D40: 4 | E40: 4 | F40: 3 | G40: 0 | H40: 1 | I40: 0 | J40: 0 | K40: 0 | L40: 0 | M40: 5 | N40: 0 | O40: =SUM(C40:L40,N40) -> 12 | P40: =SUM(C40:N40) -> 17
... B57: 18.45 - 19.00 | C57: 3 | D57: 3 | E57: 3 | F57: 2 | G57: 0 | H57: 1 | I57: 3 | J57: 0 | K57: 1 | L57: 0 | M57: 5 | N57: 0 | O57: =SUM(C57:L57,N57) -> 16 | P57: =SUM(C57:N57) -> 21
B58: Totals | C58: =SUM(C10:C57) -> 75 | D58: =SUM(D10:D57) -> 127 | E58: =SUM(E10:E57) -> 153 | F58: =SUM(F10:F57) -> 80 | G58: =SUM(G10:G57) -> 2 | H58: =SUM(H10:H57) -> 37 | I58: =SUM(I10:I57) -> 69 | J58: =SUM(J10:J57) -> 6 | ... P58: =SUM(P10:P57) -> 729
B59: %ges + MCs | C59: =C58/$P$58 -> 0.10288066 | D59: =D58/$P$58 -> 0.17421125 | E59: =E58/$P$58 -> 0.20987654 | F59: =F58/$P$58 -> 0.10973937 | G59: =G58/$P$58 -> 0.0027434842 | H59: =H58/$P$58 -> 0.050754458 | I59: =I58/$P$58 -> 0.094650206 | J59: =J58/$P$58 -> 0.0082304527 | ... N59: =N58/$P$58 -> 0
B60: %ges w/o MCs | C60: =C58/$O$58 -> 0.13066202 | D60: =D58/$O$58 -> 0.22125436 | E60: =E58/$O$58 -> 0.26655052 | F60: =F58/$O$58 -> 0.13937282 | G60: =G58/$O$58 -> 0.0034843206 | H60: =H58/$O$58 -> 0.06445993 | I60: =I58/$O$58 -> 0.12020906 | J60: =J58/$O$58 -> 0.010452962 | ... L60: =L58/$O$58 -> 0.027874564 | N60: =N58/$O$58 -> 0

Sheet 30.07 Karuma-Kigumba
B1: Consultancy services for Preparation of Expressway Development Master Plan (EDMP) for Uganda
B2: MANUAL CLASSIFIED COUNT (MCC)
B3: ROAD NAME: | C3: ='29.07 Karuma-Kigumba'!C3:G3 -> MCC - C5 - STN113 - KIGUMBA-KARUMA ROAD
C5: Date | D5: 30.07.19 | F5: Location | G5: ='29.07 Karuma-Kigumba'!G5:H5 -> nanda | J5: Surveyor | K5: ='29.07 Karuma-Kigumba'!K5:L5 -> xxx
C6: Dir. From | D6: ='29.07 Karuma-Kigumba'!D6:E6 -> karuma | F6: Dir. To | G6: ='29.07 Karuma-Kigumba'!G6:H6 -> kigumba | J6: Supervisor | K6: ='29.07 Karuma-Kigumba'!K6:L6 -> xxx
B8: Time / Veh Type | R8: SUMMARY TRAFFIC VOLUMES
C9: 1. Car | D9: 2. Station Wagon | E9: 3. Pickups | F9: 4. Minibus, matatu | G9: 5. Medium bus | H9: 6. Large Bus | I9: 7. Light Truck | J9: 8. Medium Truck | K9: 9. Heavy truck | L9: 10. Truck Trailer | M9: 11. Motor cycles | N9: 12. Tractors | O9: Total Excl M/Cycles | P9: Total All | R9: Time | S9: 1. Car | T9: 2. Station Wagon | U9: 3. Pickups | V9: 4. Minibus, matatu | W9: 5. Medium bus | X9: 6. Large Bus | Y9: 7. Light Truck | Z9: 8. Medium Truck | AA9: 9. Heavy truck | AB9: 10. Truck Trailer | AC9: 11. Motorcycles | AD9: 12. Tractors, Graders | AE9: Total Excl M/ Cycles | AF9: Total All
B10: 07.00 - 07.15 | C10: 1 | D10: 0 | E10: 1 | F10: 0 | G10: 0 | H10: 0 | I10: 2 | J10: 1 | K10: 0 | L10: 1 | M10: 2 | N10: 0 | O10: =SUM(C10:L10,N10) -> 6 | P10: =SUM(C10:N10) -> 8 | R10: 0700-0800 | S10: =SUM(C10:C13) -> 4 | T10: =SUM(D10:D13) -> 0 | U10: =SUM(E10:E13) -> 6 | V10: =SUM(F10:F13) -> 2 | W10: =SUM(G10:G13) -> 0 | X10: =SUM(H10:H13) -> 0 | Y10: =SUM(I10:I13) -> 4 | Z10: =SUM(J10:J13) -> 2 | ... AF10: =SUM(P10:P13) -> 32
B11: 07.15 - 07.30 | C11: 0 | D11: 0 | E11: 3 | F11: 2 | G11: 0 | H11: 0 | I11: 1 | J11: 1 | K11: 0 | L11: 0 | M11: 2 | N11: 0 | O11: =SUM(C11:L11,N11) -> 7 | P11: =SUM(C11:N11) -> 9 | R11: 0800-0900 | S11: =SUM(C14:C17) -> 1 | T11: =SUM(D14:D17) -> 2 | U11: =SUM(E14:E17) -> 10 | V11: =SUM(F14:F17) -> 4 | W11: =SUM(G14:G17) -> 0 | X11: =SUM(H14:H17) -> 2 | Y11: =SUM(I14:I17) -> 5 | Z11: =SUM(J14:J17) -> 0 | ... AF11: =SUM(P14:P17) -> 42
B12: 07.30 - 07.45 | C12: 2 | D12: 0 | E12: 2 | F12: 0 | G12: 0 | H12: 0 | I12: 1 | J12: 0 | K12: 0 | L12: 2 | M12: 5 | N12: 0 | O12: =SUM(C12:L12,N12) -> 7 | P12: =SUM(C12:N12) -> 12 | R12: 0900-1000 | S12: =SUM(C18:C21) -> 4 | T12: =SUM(D18:D21) -> 1 | U12: =SUM(E18:E21) -> 10 | V12: =SUM(F18:F21) -> 1 | W12: =SUM(G18:G21) -> 0 | X12: =SUM(H18:H21) -> 3 | Y12: =SUM(I18:I21) -> 5 | Z12: =SUM(J18:J21) -> 0 | ... AF12: =SUM(P18:P21) -> 41
B13: 07.45 - 08.00 | C13: 1 | D13: 0 | E13: 0 | F13: 0 | G13: 0 | H13: 0 | I13: 0 | J13: 0 | K13: 0 | L13: 1 | M13: 1 | N13: 0 | O13: =SUM(C13:L13,N13) -> 2 | P13: =SUM(C13:N13) -> 3 | R13: 1000-1100 | S13: =SUM(C22:C25) -> 5 | T13: =SUM(D22:D25) -> 3 | U13: =SUM(E22:E25) -> 10 | V13: =SUM(F22:F25) -> 6 | W13: =SUM(G22:G25) -> 1 | X13: =SUM(H22:H25) -> 1 | Y13: =SUM(I22:I25) -> 4 | Z13: =SUM(J22:J25) -> 1 | ... AF13: =SUM(P22:P25) -> 47
B14: 08.00 - 08.15 | C14: 1 | D14: 0 | E14: 3 | F14: 0 | G14: 0 | H14: 0 | I14: 1 | J14: 0 | K14: 0 | L14: 0 | M14: 1 | N14: 0 | O14: =SUM(C14:L14,N14) -> 5 | P14: =SUM(C14:N14) -> 6 | R14: 1100-1200 | S14: =SUM(C26:C29) -> 2 | T14: =SUM(D26:D29) -> 2 | U14: =SUM(E26:E29) -> 14 | V14: =SUM(F26:F29) -> 3 | W14: =SUM(G26:G29) -> 0 | X14: =SUM(H26:H29) -> 5 | Y14: =SUM(I26:I29) -> 11 | Z14: =SUM(J26:J29) -> 1 | ... AF14: =SUM(P26:P29) -> 60
B15: 08.15 - 08.30 | C15: 0 | D15: 1 | E15: 3 | F15: 1 | G15: 0 | H15: 0 | I15: 1 | J15: 0 | K15: 0 | L15: 0 | M15: 4 | N15: 0 | O15: =SUM(C15:L15,N15) -> 6 | P15: =SUM(C15:N15) -> 10 | R15: 1200-1300 | S15: =SUM(C30:C33) -> 7 | T15: =SUM(D30:D33) -> 4 | U15: =SUM(E30:E33) -> 16 | V15: =SUM(F30:F33) -> 2 | W15: =SUM(G30:G33) -> 0 | X15: =SUM(H30:H33) -> 9 | Y15: =SUM(I30:I33) -> 9 | Z15: =SUM(J30:J33) -> 0 | ... AF15: =SUM(P30:P33) -> 55
B16: 08.30 - 08.45 | C16: 0 | D16: 0 | E16: 1 | F16: 2 | G16: 0 | H16: 0 | I16: 1 | J16: 0 | K16: 0 | L16: 0 | M16: 6 | N16: 0 | O16: =SUM(C16:L16,N16) -> 4 | P16: =SUM(C16:N16) -> 10 | R16: 1300-1400 | S16: =SUM(C34:C37) -> 7 | T16: =SUM(D34:D37) -> 4 | U16: =SUM(E34:E37) -> 17 | V16: =SUM(F34:F37) -> 6 | W16: =SUM(G34:G37) -> 0 | X16: =SUM(H34:H37) -> 0 | Y16: =SUM(I34:I37) -> 6 | Z16: =SUM(J34:J37) -> 3 | ... AF16: =SUM(P34:P37) -> 56
B17: 08.45 - 9.00 | C17: 0 | D17: 1 | E17: 3 | F17: 1 | G17: 0 | H17: 2 | I17: 2 | J17: 0 | K17: 1 | L17: 1 | M17: 4 | N17: 1 | O17: =SUM(C17:L17,N17) -> 12 | P17: =SUM(C17:N17) -> 16 | R17: 1400-1500 | S17: =SUM(C38:C41) -> 10 | T17: =SUM(D38:D41) -> 3 | U17: =SUM(E38:E41) -> 15 | V17: =SUM(F38:F41) -> 8 | W17: =SUM(G38:G41) -> 0 | X17: =SUM(H38:H41) -> 5 | Y17: =SUM(I38:I41) -> 10 | Z17: =SUM(J38:J41) -> 4 | ... AF17: =SUM(P38:P41) -> 76
B18: 09.00 - 09.15 | C18: 1 | D18: 0 | E18: 3 | F18: 0 | G18: 0 | H18: 0 | I18: 1 | J18: 0 | K18: 0 | L18: 0 | M18: 6 | N18: 0 | O18: =SUM(C18:L18,N18) -> 5 | P18: =SUM(C18:N18) -> 11 | R18: 1500-1600 | S18: =SUM(C42:C45) -> 5 | T18: =SUM(D42:D45) -> 3 | U18: =SUM(E42:E45) -> 13 | V18: =SUM(F42:F45) -> 4 | W18: =SUM(G42:G45) -> 0 | X18: =SUM(H42:H45) -> 7 | Y18: =SUM(I42:I45) -> 12 | Z18: =SUM(J42:J45) -> 0 | ... AF18: =SUM(P42:P45) -> 64
B19: 09.15 - 09.30 | C19: 2 | D19: 1 | E19: 4 | F19: 1 | G19: 0 | H19: 0 | I19: 2 | J19: 0 | K19: 0 | L19: 0 | M19: 5 | N19: 0 | O19: =SUM(C19:L19,N19) -> 10 | P19: =SUM(C19:N19) -> 15 | R19: 1600-1700 | S19: =SUM(C46:C49) -> 10 | T19: =SUM(D46:D49) -> 5 | U19: =SUM(E46:E49) -> 17 | V19: =SUM(F46:F49) -> 6 | W19: =SUM(G46:G49) -> 0 | X19: =SUM(H46:H49) -> 3 | Y19: =SUM(I46:I49) -> 6 | Z19: =SUM(J46:J49) -> 4 | ... AF19: =SUM(P46:P49) -> 72
B20: 09.30 - 09.45 | C20: 0 | D20: 0 | E20: 1 | F20: 0 | G20: 0 | H20: 0 | I20: 0 | J20: 0 | K20: 0 | L20: 0 | M20: 5 | N20: 0 | O20: =SUM(C20:L20,N20) -> 1 | P20: =SUM(C20:N20) -> 6 | R20: 1700-1800 | S20: =SUM(C50:C53) -> 9 | T20: =SUM(D50:D53) -> 6 | U20: =SUM(E50:E53) -> 20 | V20: =SUM(F50:F53) -> 6 | W20: =SUM(G50:G53) -> 0 | X20: =SUM(H50:H53) -> 2 | Y20: =SUM(I50:I53) -> 17 | Z20: =SUM(J50:J53) -> 2 | ... AF20: =SUM(P50:P53) -> 80
B21: 09.45 - 10.00 | C21: 1 | D21: 0 | E21: 2 | F21: 0 | G21: 0 | H21: 3 | I21: 2 | J21: 0 | K21: 0 | L21: 0 | M21: 1 | N21: 0 | O21: =SUM(C21:L21,N21) -> 8 | P21: =SUM(C21:N21) -> 9 | R21: 1800-1900 | S21: =SUM(C54:C57) -> 3 | T21: =SUM(D54:D57) -> 1 | U21: =SUM(E54:E57) -> 14 | V21: =SUM(F54:F57) -> 11 | W21: =SUM(G54:G57) -> 0 | X21: =SUM(H54:H57) -> 3 | Y21: =SUM(I54:I57) -> 12 | Z21: =SUM(J54:J57) -> 0 | ... AF21: =SUM(P54:P57) -> 65
B22: 10.00 - 10.15 | C22: 1 | D22: 1 | E22: 3 | F22: 1 | G22: 0 | H22: 0 | I22: 2 | J22: 0 | K22: 0 | L22: 0 | M22: 5 | N22: 0 | O22: =SUM(C22:L22,N22) -> 8 | P22: =SUM(C22:N22) -> 13 | R22: AM Peak Hr | S22: =MAX(S10:S12) -> 4 | T22: =MAX(T10:T12) -> 2 | U22: =MAX(U10:U12) -> 10 | V22: =MAX(V10:V12) -> 4 | W22: =MAX(W10:W12) -> 0 | X22: =MAX(X10:X12) -> 3 | Y22: =MAX(Y10:Y12) -> 5 | Z22: =MAX(Z10:Z12) -> 2 | ... AF22: =MAX(AF10:AF12) -> 42
B23: 10.15 - 10.30 | C23: 0 | D23: 0 | E23: 1 | F23: 0 | G23: 0 | H23: 1 | I23: 2 | J23: 0 | K23: 0 | L23: 2 | M23: 5 | N23: 0 | O23: =SUM(C23:L23,N23) -> 6 | P23: =SUM(C23:N23) -> 11 | R23: IP Peak Hr | S23: =MAX(S13:S18) -> 10 | T23: =MAX(T13:T18) -> 4 | U23: =MAX(U13:U18) -> 17 | V23: =MAX(V13:V18) -> 8 | W23: =MAX(W13:W18) -> 1 | X23: =MAX(X13:X18) -> 9 | Y23: =MAX(Y13:Y18) -> 12 | Z23: =MAX(Z13:Z18) -> 4 | ... AF23: =MAX(AF13:AF18) -> 76
B24: 10.30 - 10.45 | C24: 2 | D24: 2 | E24: 5 | F24: 3 | G24: 0 | H24: 0 | I24: 0 | J24: 0 | K24: 0 | L24: 0 | M24: 1 | N24: 0 | O24: =SUM(C24:L24,N24) -> 12 | P24: =SUM(C24:N24) -> 13 | R24: PM Peak Hr | S24: =MAX(S19:S21) -> 10 | T24: =MAX(T19:T21) -> 6 | U24: =MAX(U19:U21) -> 20 | V24: =MAX(V19:V21) -> 11 | W24: =MAX(W19:W21) -> 0 | X24: =MAX(X19:X21) -> 3 | Y24: =MAX(Y19:Y21) -> 17 | Z24: =MAX(Z19:Z21) -> 4 | ... AF24: =MAX(AF19:AF21) -> 80
B25: 10.45 - 11.00 | C25: 2 | D25: 0 | E25: 1 | F25: 2 | G25: 1 | H25: 0 | I25: 0 | J25: 1 | K25: 0 | L25: 0 | M25: 3 | N25: 0 | O25: =SUM(C25:L25,N25) -> 7 | P25: =SUM(C25:N25) -> 10 | R25: AM Period | S25: =SUM(S10:S12) -> 9 | T25: =SUM(T10:T12) -> 3 | U25: =SUM(U10:U12) -> 26 | V25: =SUM(V10:V12) -> 7 | W25: =SUM(W10:W12) -> 0 | X25: =SUM(X10:X12) -> 5 | Y25: =SUM(Y10:Y12) -> 14 | Z25: =SUM(Z10:Z12) -> 2 | ... AF25: =SUM(AF10:AF12) -> 115
B26: 11.00 - 11.15 | C26: 1 | D26: 0 | E26: 3 | F26: 0 | G26: 0 | H26: 2 | I26: 2 | J26: 0 | K26: 0 | L26: 0 | M26: 8 | N26: 0 | O26: =SUM(C26:L26,N26) -> 8 | P26: =SUM(C26:N26) -> 16 | R26: IP Period | S26: =SUM(S13:S18) -> 36 | T26: =SUM(T13:T18) -> 19 | U26: =SUM(U13:U18) -> 85 | V26: =SUM(V13:V18) -> 29 | W26: =SUM(W13:W18) -> 1 | X26: =SUM(X13:X18) -> 27 | Y26: =SUM(Y13:Y18) -> 52 | Z26: =SUM(Z13:Z18) -> 9 | ... AF26: =SUM(AF13:AF18) -> 358
B27: 11.15 - 11.30 | C27: 1 | D27: 1 | E27: 4 | F27: 2 | G27: 0 | H27: 1 | I27: 2 | J27: 0 | K27: 1 | L27: 1 | M27: 5 | N27: 0 | O27: =SUM(C27:L27,N27) -> 13 | P27: =SUM(C27:N27) -> 18 | R27: PM Period | S27: =SUM(S19:S21) -> 22 | T27: =SUM(T19:T21) -> 12 | U27: =SUM(U19:U21) -> 51 | V27: =SUM(V19:V21) -> 23 | W27: =SUM(W19:W21) -> 0 | X27: =SUM(X19:X21) -> 8 | Y27: =SUM(Y19:Y21) -> 35 | Z27: =SUM(Z19:Z21) -> 6 | ... AF27: =SUM(AF19:AF21) -> 217
B28: 11.30 - 11.45 | C28: 0 | D28: 1 | E28: 4 | F28: 0 | G28: 0 | H28: 1 | I28: 2 | J28: 1 | K28: 0 | L28: 0 | M28: 3 | N28: 0 | O28: =SUM(C28:L28,N28) -> 9 | P28: =SUM(C28:N28) -> 12 | R28: 12 Hours | S28: =SUM(S10:S21) -> 67 | T28: =SUM(T10:T21) -> 34 | U28: =SUM(U10:U21) -> 162 | V28: =SUM(V10:V21) -> 59 | W28: =SUM(W10:W21) -> 1 | X28: =SUM(X10:X21) -> 40 | Y28: =SUM(Y10:Y21) -> 101 | Z28: =SUM(Z10:Z21) -> 17 | ... AF28: =SUM(AF10:AF21) -> 690
B29: 11.45 - 12.00 | C29: 0 | D29: 0 | E29: 3 | F29: 1 | G29: 0 | H29: 1 | I29: 5 | J29: 0 | K29: 0 | L29: 1 | M29: 3 | N29: 0 | O29: =SUM(C29:L29,N29) -> 11 | P29: =SUM(C29:N29) -> 14
B30: 12.00 - 12.15 | C30: 2 | D30: 1 | E30: 3 | F30: 1 | G30: 0 | H30: 2 | I30: 3 | J30: 0 | K30: 0 | L30: 1 | M30: 2 | N30: 0 | O30: =SUM(C30:L30,N30) -> 13 | P30: =SUM(C30:N30) -> 15
B31: 12.15 - 12.30 | C31: 2 | D31: 0 | E31: 3 | F31: 0 | G31: 0 | H31: 3 | I31: 1 | J31: 0 | K31: 0 | L31: 2 | M31: 1 | N31: 0 | O31: =SUM(C31:L31,N31) -> 11 | P31: =SUM(C31:N31) -> 12
B32: 12.30 - 12.45 | C32: 2 | D32: 1 | E32: 5 | F32: 0 | G32: 0 | H32: 0 | I32: 1 | J32: 0 | K32: 0 | L32: 1 | M32: 0 | N32: 0 | O32: =SUM(C32:L32,N32) -> 10 | P32: =SUM(C32:N32) -> 10
B33: 12.45 - 13.00 | C33: 1 | D33: 2 | E33: 5 | F33: 1 | G33: 0 | H33: 4 | I33: 4 | J33: 0 | K33: 0 | L33: 1 | M33: 0 | N33: 0 | O33: =SUM(C33:L33,N33) -> 18 | P33: =SUM(C33:N33) -> 18
B34: 13.00 - 13.15 | C34: 2 | D34: 1 | E34: 3 | F34: 2 | G34: 0 | H34: 0 | I34: 0 | J34: 1 | K34: 0 | L34: 3 | M34: 4 | N34: 0 | O34: =SUM(C34:L34,N34) -> 12 | P34: =SUM(C34:N34) -> 16
B35: 13.15 - 13.30 | C35: 0 | D35: 0 | E35: 3 | F35: 3 | G35: 0 | H35: 0 | I35: 1 | J35: 1 | K35: 0 | L35: 0 | M35: 2 | N35: 0 | O35: =SUM(C35:L35,N35) -> 8 | P35: =SUM(C35:N35) -> 10
B36: 13.30 - 13.45 | C36: 2 | D36: 1 | E36: 5 | F36: 0 | G36: 0 | H36: 0 | I36: 5 | J36: 0 | K36: 0 | L36: 0 | M36: 1 | N36: 0 | O36: =SUM(C36:L36,N36) -> 13 | P36: =SUM(C36:N36) -> 14
B37: 13.45 - 14.00 | C37: 3 | D37: 2 | E37: 6 | F37: 1 | G37: 0 | H37: 0 | I37: 0 | J37: 1 | K37: 0 | L37: 2 | M37: 1 | N37: 0 | O37: =SUM(C37:L37,N37) -> 15 | P37: =SUM(C37:N37) -> 16
B38: 14.00 - 14.15 | C38: 1 | D38: 1 | E38: 5 | F38: 2 | G38: 0 | H38: 2 | I38: 3 | J38: 0 | K38: 1 | L38: 0 | M38: 2 | N38: 0 | O38: =SUM(C38:L38,N38) -> 15 | P38: =SUM(C38:N38) -> 17
B39: 14.15 - 14.30 | C39: 3 | D39: 1 | E39: 3 | F39: 2 | G39: 0 | H39: 0 | I39: 2 | J39: 1 | K39: 0 | L39: 2 | M39: 3 | N39: 0 | O39: =SUM(C39:L39,N39) -> 14 | P39: =SUM(C39:N39) -> 17
B40: 14.30 - 14.45 | C40: 3 | D40: 0 | E40: 2 | F40: 2 | G40: 0 | H40: 0 | I40: 4 | J40: 2 | K40: 0 | L40: 7 | M40: 4 | N40: 0 | O40: =SUM(C40:L40,N40) -> 20 | P40: =SUM(C40:N40) -> 24
... B57: 18.45 - 19.00 | C57: 0 | D57: 0 | E57: 3 | F57: 1 | G57: 0 | H57: 0 | I57: 1 | J57: 0 | K57: 0 | L57: 1 | M57: 1 | N57: 0 | O57: =SUM(C57:L57,N57) -> 6 | P57: =SUM(C57:N57) -> 7
B58: Totals | C58: =SUM(C10:C57) -> 67 | D58: =SUM(D10:D57) -> 34 | E58: =SUM(E10:E57) -> 162 | F58: =SUM(F10:F57) -> 59 | G58: =SUM(G10:G57) -> 1 | H58: =SUM(H10:H57) -> 40 | I58: =SUM(I10:I57) -> 101 | J58: =SUM(J10:J57) -> 17 | ... P58: =SUM(P10:P57) -> 690
B59: %ges + MCs | C59: =C58/$P$58 -> 0.097101449 | D59: =D58/$P$58 -> 0.049275362 | E59: =E58/$P$58 -> 0.23478261 | F59: =F58/$P$58 -> 0.085507246 | G59: =G58/$P$58 -> 0.0014492754 | H59: =H58/$P$58 -> 0.057971014 | I59: =I58/$P$58 -> 0.14637681 | J59: =J58/$P$58 -> 0.024637681 | ... N59: =N58/$P$58 -> 0.0028985507
B60: %ges w/o MCs | C60: =C58/$O$58 -> 0.12523364 | D60: =D58/$O$58 -> 0.063551402 | E60: =E58/$O$58 -> 0.30280374 | F60: =F58/$O$58 -> 0.11028037 | G60: =G58/$O$58 -> 0.0018691589 | H60: =H58/$O$58 -> 0.074766355 | I60: =I58/$O$58 -> 0.18878505 | J60: =J58/$O$58 -> 0.031775701 | ... L60: =L58/$O$58 -> 0.089719626 | N60: =N58/$O$58 -> 0.0037383178

Sheet 30.07 Kigumba-Karuma
B1: Consultancy services for Preparation of Expressway Development Master Plan (EDMP) for Uganda
B2: MANUAL CLASSIFIED COUNT (MCC)
B3: ROAD NAME: | C3: ='29.07 Kigumba-Karuma'!C3:G3 -> MCC - C5 - STN113 - KIGUMBA-KARUMA ROAD
C5: Date | D5: ='30.07 Karuma-Kigumba'!D5 -> 30.07.19 | F5: Location | G5: ='29.07 Karuma-Kigumba'!G5:H5 -> nanda | J5: Surveyor | K5: ='29.07 Karuma-Kigumba'!K5:L5 -> xxx
C6: Dir. From | D6: ='29.07 Kigumba-Karuma'!D6:E6 -> Kigumba | F6: Dir. To | G6: ='29.07 Kigumba-Karuma'!G6:H6 -> Karuma | J6: Supervisor | K6: ='29.07 Karuma-Kigumba'!K6:L6 -> xxx
B8: Time / Veh Type | R8: SUMMARY TRAFFIC VOLUMES
C9: 1. Car | D9: 2. Station Wagon | E9: 3. Pickups | F9: 4. Minibus, matatu | G9: 5. Medium bus | H9: 6. Large Bus | I9: 7. Light Truck | J9: 8. Medium Truck | K9: 9. Heavy truck | L9: 10. Truck Trailer | M9: 11. Motor cycles | N9: 12. Tractors | O9: Total Excl M/Cycles | P9: Total All | R9: Time | S9: 1. Car | T9: 2. Station Wagon | U9: 3. Pickups | V9: 4. Minibus, matatu | W9: 5. Medium bus | X9: 6. Large Bus | Y9: 7. Light Truck | Z9: 8. Medium Truck | AA9: 9. Heavy truck | AB9: 10. Truck Trailer | AC9: 11. Motorcycles | AD9: 12. Tractors, Graders | AE9: Total Excl M/ Cycles | AF9: Total All
B10: 07.00 - 07.15 | C10: 1 | D10: 0 | E10: 0 | F10: 1 | G10: 0 | H10: 0 | I10: 1 | J10: 0 | K10: 0 | L10: 3 | M10: 4 | N10: 0 | O10: =SUM(C10:L10,N10) -> 6 | P10: =SUM(C10:N10) -> 10 | R10: 0700-0800 | S10: =SUM(C10:C13) -> 2 | T10: =SUM(D10:D13) -> 4 | U10: =SUM(E10:E13) -> 6 | V10: =SUM(F10:F13) -> 4 | W10: =SUM(G10:G13) -> 0 | X10: =SUM(H10:H13) -> 0 | Y10: =SUM(I10:I13) -> 5 | Z10: =SUM(J10:J13) -> 0 | ... AF10: =SUM(P10:P13) -> 43
B11: 07.15 - 07.30 | C11: 1 | D11: 2 | E11: 2 | F11: 1 | G11: 0 | H11: 0 | I11: 2 | J11: 0 | K11: 0 | L11: 0 | M11: 0 | N11: 0 | O11: =SUM(C11:L11,N11) -> 8 | P11: =SUM(C11:N11) -> 8 | R11: 0800-0900 | S11: =SUM(C14:C17) -> 6 | T11: =SUM(D14:D17) -> 8 | U11: =SUM(E14:E17) -> 10 | V11: =SUM(F14:F17) -> 5 | W11: =SUM(G14:G17) -> 0 | X11: =SUM(H14:H17) -> 0 | Y11: =SUM(I14:I17) -> 6 | Z11: =SUM(J14:J17) -> 2 | ... AF11: =SUM(P14:P17) -> 52
B12: 07.30 - 07.45 | C12: 0 | D12: 1 | E12: 2 | F12: 2 | G12: 0 | H12: 0 | I12: 1 | J12: 0 | K12: 0 | L12: 4 | M12: 3 | N12: 0 | O12: =SUM(C12:L12,N12) -> 10 | P12: =SUM(C12:N12) -> 13 | R12: 0900-1000 | S12: =SUM(C18:C21) -> 6 | T12: =SUM(D18:D21) -> 6 | U12: =SUM(E18:E21) -> 8 | V12: =SUM(F18:F21) -> 7 | W12: =SUM(G18:G21) -> 0 | X12: =SUM(H18:H21) -> 0 | Y12: =SUM(I18:I21) -> 7 | Z12: =SUM(J18:J21) -> 0 | ... AF12: =SUM(P18:P21) -> 53
B13: 07.45 - 08.00 | C13: 0 | D13: 1 | E13: 2 | F13: 0 | G13: 0 | H13: 0 | I13: 1 | J13: 0 | K13: 0 | L13: 6 | M13: 2 | N13: 0 | O13: =SUM(C13:L13,N13) -> 10 | P13: =SUM(C13:N13) -> 12 | R13: 1000-1100 | S13: =SUM(C22:C25) -> 9 | T13: =SUM(D22:D25) -> 7 | U13: =SUM(E22:E25) -> 9 | V13: =SUM(F22:F25) -> 8 | W13: =SUM(G22:G25) -> 0 | X13: =SUM(H22:H25) -> 3 | Y13: =SUM(I22:I25) -> 8 | Z13: =SUM(J22:J25) -> 1 | ... AF13: =SUM(P22:P25) -> 61
B14: 08.00 - 08.15 | C14: 1 | D14: 2 | E14: 2 | F14: 1 | G14: 0 | H14: 0 | I14: 2 | J14: 0 | K14: 1 | L14: 0 | M14: 2 | N14: 0 | O14: =SUM(C14:L14,N14) -> 9 | P14: =SUM(C14:N14) -> 11 | R14: 1100-1200 | S14: =SUM(C26:C29) -> 7 | T14: =SUM(D26:D29) -> 6 | U14: =SUM(E26:E29) -> 9 | V14: =SUM(F26:F29) -> 5 | W14: =SUM(G26:G29) -> 1 | X14: =SUM(H26:H29) -> 4 | Y14: =SUM(I26:I29) -> 7 | Z14: =SUM(J26:J29) -> 0 | ... AF14: =SUM(P26:P29) -> 57
B15: 08.15 - 08.30 | C15: 2 | D15: 1 | E15: 2 | F15: 2 | G15: 0 | H15: 0 | I15: 3 | J15: 1 | K15: 1 | L15: 1 | M15: 0 | N15: 0 | O15: =SUM(C15:L15,N15) -> 13 | P15: =SUM(C15:N15) -> 13 | R15: 1200-1300 | S15: =SUM(C30:C33) -> 12 | T15: =SUM(D30:D33) -> 5 | U15: =SUM(E30:E33) -> 8 | V15: =SUM(F30:F33) -> 8 | W15: =SUM(G30:G33) -> 0 | X15: =SUM(H30:H33) -> 3 | Y15: =SUM(I30:I33) -> 7 | Z15: =SUM(J30:J33) -> 0 | ... AF15: =SUM(P30:P33) -> 57
B16: 08.30 - 08.45 | C16: 1 | D16: 2 | E16: 3 | F16: 0 | G16: 0 | H16: 0 | I16: 1 | J16: 1 | K16: 0 | L16: 1 | M16: 4 | N16: 0 | O16: =SUM(C16:L16,N16) -> 9 | P16: =SUM(C16:N16) -> 13 | R16: 1300-1400 | S16: =SUM(C34:C37) -> 3 | T16: =SUM(D34:D37) -> 12 | U16: =SUM(E34:E37) -> 13 | V16: =SUM(F34:F37) -> 8 | W16: =SUM(G34:G37) -> 0 | X16: =SUM(H34:H37) -> 4 | Y16: =SUM(I34:I37) -> 10 | Z16: =SUM(J34:J37) -> 0 | ... AF16: =SUM(P34:P37) -> 66
B17: 08.45 - 9.00 | C17: 2 | D17: 3 | E17: 3 | F17: 2 | G17: 0 | H17: 0 | I17: 0 | J17: 0 | K17: 0 | L17: 1 | M17: 3 | N17: 1 | O17: =SUM(C17:L17,N17) -> 12 | P17: =SUM(C17:N17) -> 15 | R17: 1400-1500 | S17: =SUM(C38:C41) -> 12 | T17: =SUM(D38:D41) -> 10 | U17: =SUM(E38:E41) -> 13 | V17: =SUM(F38:F41) -> 5 | W17: =SUM(G38:G41) -> 0 | X17: =SUM(H38:H41) -> 2 | Y17: =SUM(I38:I41) -> 6 | Z17: =SUM(J38:J41) -> 1 | ... AF17: =SUM(P38:P41) -> 67
B18: 09.00 - 09.15 | C18: 2 | D18: 1 | E18: 1 | F18: 2 | G18: 0 | H18: 0 | I18: 2 | J18: 0 | K18: 0 | L18: 6 | M18: 3 | N18: 0 | O18: =SUM(C18:L18,N18) -> 14 | P18: =SUM(C18:N18) -> 17 | R18: 1500-1600 | S18: =SUM(C42:C45) -> 10 | T18: =SUM(D42:D45) -> 15 | U18: =SUM(E42:E45) -> 17 | V18: =SUM(F42:F45) -> 2 | W18: =SUM(G42:G45) -> 0 | X18: =SUM(H42:H45) -> 6 | Y18: =SUM(I42:I45) -> 6 | Z18: =SUM(J42:J45) -> 0 | ... AF18: =SUM(P42:P45) -> 71
B19: 09.15 - 09.30 | C19: 1 | D19: 2 | E19: 3 | F19: 1 | G19: 0 | H19: 0 | I19: 1 | J19: 0 | K19: 0 | L19: 1 | M19: 3 | N19: 0 | O19: =SUM(C19:L19,N19) -> 9 | P19: =SUM(C19:N19) -> 12 | R19: 1600-1700 | S19: =SUM(C46:C49) -> 11 | T19: =SUM(D46:D49) -> 14 | U19: =SUM(E46:E49) -> 16 | V19: =SUM(F46:F49) -> 14 | W19: =SUM(G46:G49) -> 0 | X19: =SUM(H46:H49) -> 7 | Y19: =SUM(I46:I49) -> 7 | Z19: =SUM(J46:J49) -> 0 | ... AF19: =SUM(P46:P49) -> 94
B20: 09.30 - 09.45 | C20: 1 | D20: 2 | E20: 2 | F20: 2 | G20: 0 | H20: 0 | I20: 3 | J20: 0 | K20: 0 | L20: 0 | M20: 0 | N20: 0 | O20: =SUM(C20:L20,N20) -> 10 | P20: =SUM(C20:N20) -> 10 | R20: 1700-1800 | S20: =SUM(C50:C53) -> 7 | T20: =SUM(D50:D53) -> 19 | U20: =SUM(E50:E53) -> 21 | V20: =SUM(F50:F53) -> 9 | W20: =SUM(G50:G53) -> 1 | X20: =SUM(H50:H53) -> 7 | Y20: =SUM(I50:I53) -> 8 | Z20: =SUM(J50:J53) -> 2 | ... AF20: =SUM(P50:P53) -> 94
B21: 09.45 - 10.00 | C21: 2 | D21: 1 | E21: 2 | F21: 2 | G21: 0 | H21: 0 | I21: 1 | J21: 0 | K21: 0 | L21: 0 | M21: 6 | N21: 0 | O21: =SUM(C21:L21,N21) -> 8 | P21: =SUM(C21:N21) -> 14 | R21: 1800-1900 | S21: =SUM(C54:C57) -> 4 | T21: =SUM(D54:D57) -> 9 | U21: =SUM(E54:E57) -> 13 | V21: =SUM(F54:F57) -> 9 | W21: =SUM(G54:G57) -> 0 | X21: =SUM(H54:H57) -> 0 | Y21: =SUM(I54:I57) -> 0 | Z21: =SUM(J54:J57) -> 1 | ... AF21: =SUM(P54:P57) -> 61
B22: 10.00 - 10.15 | C22: 0 | D22: 1 | E22: 2 | F22: 2 | G22: 0 | H22: 0 | I22: 0 | J22: 0 | K22: 0 | L22: 0 | M22: 5 | N22: 0 | O22: =SUM(C22:L22,N22) -> 5 | P22: =SUM(C22:N22) -> 10 | R22: AM Peak Hr | S22: =MAX(S10:S12) -> 6 | T22: =MAX(T10:T12) -> 8 | U22: =MAX(U10:U12) -> 10 | V22: =MAX(V10:V12) -> 7 | W22: =MAX(W10:W12) -> 0 | X22: =MAX(X10:X12) -> 0 | Y22: =MAX(Y10:Y12) -> 7 | Z22: =MAX(Z10:Z12) -> 2 | ... AF22: =MAX(AF10:AF12) -> 53
B23: 10.15 - 10.30 | C23: 3 | D23: 2 | E23: 2 | F23: 0 | G23: 0 | H23: 1 | I23: 3 | J23: 0 | K23: 0 | L23: 0 | M23: 3 | N23: 0 | O23: =SUM(C23:L23,N23) -> 11 | P23: =SUM(C23:N23) -> 14 | R23: IP Peak Hr | S23: =MAX(S13:S18) -> 12 | T23: =MAX(T13:T18) -> 15 | U23: =MAX(U13:U18) -> 17 | V23: =MAX(V13:V18) -> 8 | W23: =MAX(W13:W18) -> 1 | X23: =MAX(X13:X18) -> 6 | Y23: =MAX(Y13:Y18) -> 10 | Z23: =MAX(Z13:Z18) -> 1 | ... AF23: =MAX(AF13:AF18) -> 71
B24: 10.30 - 10.45 | C24: 4 | D24: 1 | E24: 1 | F24: 2 | G24: 0 | H24: 1 | I24: 2 | J24: 1 | K24: 0 | L24: 4 | M24: 1 | N24: 0 | O24: =SUM(C24:L24,N24) -> 16 | P24: =SUM(C24:N24) -> 17 | R24: PM Peak Hr | S24: =MAX(S19:S21) -> 11 | T24: =MAX(T19:T21) -> 19 | U24: =MAX(U19:U21) -> 21 | V24: =MAX(V19:V21) -> 14 | W24: =MAX(W19:W21) -> 1 | X24: =MAX(X19:X21) -> 7 | Y24: =MAX(Y19:Y21) -> 8 | Z24: =MAX(Z19:Z21) -> 2 | ... AF24: =MAX(AF19:AF21) -> 94
B25: 10.45 - 11.00 | C25: 2 | D25: 3 | E25: 4 | F25: 4 | G25: 0 | H25: 1 | I25: 3 | J25: 0 | K25: 0 | L25: 0 | M25: 3 | N25: 0 | O25: =SUM(C25:L25,N25) -> 17 | P25: =SUM(C25:N25) -> 20 | R25: AM Period | S25: =SUM(S10:S12) -> 14 | T25: =SUM(T10:T12) -> 18 | U25: =SUM(U10:U12) -> 24 | V25: =SUM(V10:V12) -> 16 | W25: =SUM(W10:W12) -> 0 | X25: =SUM(X10:X12) -> 0 | Y25: =SUM(Y10:Y12) -> 18 | Z25: =SUM(Z10:Z12) -> 2 | ... AF25: =SUM(AF10:AF12) -> 148
B26: 11.00 - 11.15 | C26: 3 | D26: 2 | E26: 3 | F26: 0 | G26: 0 | H26: 1 | I26: 3 | J26: 0 | K26: 0 | L26: 2 | M26: 5 | N26: 0 | O26: =SUM(C26:L26,N26) -> 14 | P26: =SUM(C26:N26) -> 19 | R26: IP Period | S26: =SUM(S13:S18) -> 53 | T26: =SUM(T13:T18) -> 55 | U26: =SUM(U13:U18) -> 69 | V26: =SUM(V13:V18) -> 36 | W26: =SUM(W13:W18) -> 1 | X26: =SUM(X13:X18) -> 22 | Y26: =SUM(Y13:Y18) -> 44 | Z26: =SUM(Z13:Z18) -> 2 | ... AF26: =SUM(AF13:AF18) -> 379
B27: 11.15 - 11.30 | C27: 2 | D27: 1 | E27: 1 | F27: 1 | G27: 0 | H27: 1 | I27: 0 | J27: 0 | K27: 0 | L27: 0 | M27: 2 | N27: 0 | O27: =SUM(C27:L27,N27) -> 6 | P27: =SUM(C27:N27) -> 8 | R27: PM Period | S27: =SUM(S19:S21) -> 22 | T27: =SUM(T19:T21) -> 42 | U27: =SUM(U19:U21) -> 50 | V27: =SUM(V19:V21) -> 32 | W27: =SUM(W19:W21) -> 1 | X27: =SUM(X19:X21) -> 14 | Y27: =SUM(Y19:Y21) -> 15 | Z27: =SUM(Z19:Z21) -> 3 | ... AF27: =SUM(AF19:AF21) -> 249
B28: 11.30 - 11.45 | C28: 1 | D28: 2 | E28: 3 | F28: 2 | G28: 0 | H28: 2 | I28: 3 | J28: 0 | K28: 0 | L28: 1 | M28: 4 | N28: 0 | O28: =SUM(C28:L28,N28) -> 14 | P28: =SUM(C28:N28) -> 18 | R28: 12 Hours | S28: =SUM(S10:S21) -> 89 | T28: =SUM(T10:T21) -> 115 | U28: =SUM(U10:U21) -> 143 | V28: =SUM(V10:V21) -> 84 | W28: =SUM(W10:W21) -> 2 | X28: =SUM(X10:X21) -> 36 | Y28: =SUM(Y10:Y21) -> 77 | Z28: =SUM(Z10:Z21) -> 7 | ... AF28: =SUM(AF10:AF21) -> 776
B29: 11.45 - 12.00 | C29: 1 | D29: 1 | E29: 2 | F29: 2 | G29: 1 | H29: 0 | I29: 1 | J29: 0 | K29: 0 | L29: 0 | M29: 4 | N29: 0 | O29: =SUM(C29:L29,N29) -> 8 | P29: =SUM(C29:N29) -> 12
B30: 12.00 - 12.15 | C30: 3 | D30: 1 | E30: 2 | F30: 3 | G30: 0 | H30: 0 | I30: 2 | J30: 0 | K30: 0 | L30: 1 | M30: 4 | N30: 0 | O30: =SUM(C30:L30,N30) -> 12 | P30: =SUM(C30:N30) -> 16
B31: 12.15 - 12.30 | C31: 6 | D31: 2 | E31: 2 | F31: 2 | G31: 0 | H31: 0 | I31: 2 | J31: 0 | K31: 0 | L31: 0 | M31: 3 | N31: 0 | O31: =SUM(C31:L31,N31) -> 14 | P31: =SUM(C31:N31) -> 17
B32: 12.30 - 12.45 | C32: 0 | D32: 2 | E32: 3 | F32: 1 | G32: 0 | H32: 2 | I32: 2 | J32: 0 | K32: 0 | L32: 0 | M32: 3 | N32: 0 | O32: =SUM(C32:L32,N32) -> 10 | P32: =SUM(C32:N32) -> 13
B33: 12.45 - 13.00 | C33: 3 | D33: 0 | E33: 1 | F33: 2 | G33: 0 | H33: 1 | I33: 1 | J33: 0 | K33: 0 | L33: 1 | M33: 2 | N33: 0 | O33: =SUM(C33:L33,N33) -> 9 | P33: =SUM(C33:N33) -> 11
B34: 13.00 - 13.15 | C34: 3 | D34: 2 | E34: 2 | F34: 4 | G34: 0 | H34: 0 | I34: 2 | J34: 0 | K34: 0 | L34: 0 | M34: 7 | N34: 0 | O34: =SUM(C34:L34,N34) -> 13 | P34: =SUM(C34:N34) -> 20
B35: 13.15 - 13.30 | C35: 0 | D35: 4 | E35: 4 | F35: 3 | G35: 0 | H35: 0 | I35: 3 | J35: 0 | K35: 0 | L35: 3 | M35: 1 | N35: 0 | O35: =SUM(C35:L35,N35) -> 17 | P35: =SUM(C35:N35) -> 18
B36: 13.30 - 13.45 | C36: 0 | D36: 4 | E36: 4 | F36: 1 | G36: 0 | H36: 2 | I36: 2 | J36: 0 | K36: 0 | L36: 1 | M36: 0 | N36: 0 | O36: =SUM(C36:L36,N36) -> 14 | P36: =SUM(C36:N36) -> 14
B37: 13.45 - 14.00 | C37: 0 | D37: 2 | E37: 3 | F37: 0 | G37: 0 | H37: 2 | I37: 3 | J37: 0 | K37: 0 | L37: 1 | M37: 3 | N37: 0 | O37: =SUM(C37:L37,N37) -> 11 | P37: =SUM(C37:N37) -> 14
B38: 14.00 - 14.15 | C38: 3 | D38: 2 | E38: 2 | F38: 2 | G38: 0 | H38: 1 | I38: 1 | J38: 0 | K38: 0 | L38: 1 | M38: 4 | N38: 0 | O38: =SUM(C38:L38,N38) -> 12 | P38: =SUM(C38:N38) -> 16
B39: 14.15 - 14.30 | C39: 3 | D39: 3 | E39: 3 | F39: 0 | G39: 0 | H39: 1 | I39: 2 | J39: 0 | K39: 0 | L39: 0 | M39: 6 | N39: 0 | O39: =SUM(C39:L39,N39) -> 12 | P39: =SUM(C39:N39) -> 18
B40: 14.30 - 14.45 | C40: 4 | D40: 3 | E40: 4 | F40: 2 | G40: 0 | H40: 0 | I40: 1 | J40: 0 | K40: 0 | L40: 0 | M40: 1 | N40: 0 | O40: =SUM(C40:L40,N40) -> 14 | P40: =SUM(C40:N40) -> 15
... B57: 18.45 - 19.00 | C57: 1 | D57: 3 | E57: 4 | F57: 1 | G57: 0 | H57: 0 | I57: 0 | J57: 0 | K57: 0 | L57: 2 | M57: 10 | N57: 0 | O57: =SUM(C57:L57,N57) -> 11 | P57: =SUM(C57:N57) -> 21
B58: Totals | C58: =SUM(C10:C57) -> 89 | D58: =SUM(D10:D57) -> 115 | E58: =SUM(E10:E57) -> 143 | F58: =SUM(F10:F57) -> 84 | G58: =SUM(G10:G57) -> 2 | H58: =SUM(H10:H57) -> 36 | I58: =SUM(I10:I57) -> 77 | J58: =SUM(J10:J57) -> 7 | ... P58: =SUM(P10:P57) -> 776
B59: %ges + MCs | C59: =C58/$P$58 -> 0.11469072 | D59: =D58/$P$58 -> 0.14819588 | E59: =E58/$P$58 -> 0.18427835 | F59: =F58/$P$58 -> 0.10824742 | G59: =G58/$P$58 -> 0.0025773196 | H59: =H58/$P$58 -> 0.046391753 | I59: =I58/$P$58 -> 0.099226804 | J59: =J58/$P$58 -> 0.0090206186 | ... N59: =N58/$P$58 -> 0.0025773196
B60: %ges w/o MCs | C60: =C58/$O$58 -> 0.14308682 | D60: =D58/$O$58 -> 0.18488746 | E60: =E58/$O$58 -> 0.22990354 | F60: =F58/$O$58 -> 0.13504823 | G60: =G58/$O$58 -> 0.0032154341 | H60: =H58/$O$58 -> 0.057877814 | I60: =I58/$O$58 -> 0.12379421 | J60: =J58/$O$58 -> 0.011254019 | ... L60: =L58/$O$58 -> 0.096463023 | N60: =N58/$O$58 -> 0.0032154341

Sheet 31.07 Karuma-Kigumba
B1: Consultancy services for Preparation of Expressway Development Master Plan (EDMP) for Uganda
B2: MANUAL CLASSIFIED COUNT (MCC)
B3: ROAD NAME: | C3: ='29.07 Karuma-Kigumba'!C3:G3 -> MCC - C5 - STN113 - KIGUMBA-KARUMA ROAD
C5: Date | D5: 31.07.19 | F5: Location | G5: ='29.07 Karuma-Kigumba'!G5:H5 -> nanda | J5: Surveyor | K5: ='29.07 Karuma-Kigumba'!K5:L5 -> xxx
C6: Dir. From | D6: ='29.07 Karuma-Kigumba'!D6:E6 -> karuma | F6: Dir. To | G6: ='29.07 Karuma-Kigumba'!G6:H6 -> kigumba | J6: Supervisor | K6: ='29.07 Karuma-Kigumba'!K6:L6 -> xxx
B8: Time / Veh Type | R8: SUMMARY TRAFFIC VOLUMES
C9: 1. Car | D9: 2. Station Wagon | E9: 3. Pickups | F9: 4. Minibus, matatu | G9: 5. Medium bus | H9: 6. Large Bus | I9: 7. Light Truck | J9: 8. Medium Truck | K9: 9. Heavy truck | L9: 10. Truck Trailer | M9: 11. Motor cycles | N9: 12. Tractors | O9: Total Excl M/Cycles | P9: Total All | R9: Time | S9: 1. Car | T9: 2. Station Wagon | U9: 3. Pickups | V9: 4. Minibus, matatu | W9: 5. Medium bus | X9: 6. Large Bus | Y9: 7. Light Truck | Z9: 8. Medium Truck | AA9: 9. Heavy truck | AB9: 10. Truck Trailer | AC9: 11. Motorcycles | AD9: 12. Tractors, Graders | AE9: Total Excl M/ Cycles | AF9: Total All
B10: 07.00 - 07.15 | C10: 0 | D10: 0 | E10: 1 | F10: 1 | G10: 0 | H10: 0 | I10: 1 | J10: 0 | K10: 1 | L10: 2 | M10: 2 | N10: 0 | O10: =SUM(C10:L10,N10) -> 6 | P10: =SUM(C10:N10) -> 8 | R10: 0700-0800 | S10: =SUM(C10:C13) -> 3 | T10: =SUM(D10:D13) -> 0 | U10: =SUM(E10:E13) -> 5 | V10: =SUM(F10:F13) -> 3 | W10: =SUM(G10:G13) -> 0 | X10: =SUM(H10:H13) -> 0 | Y10: =SUM(I10:I13) -> 5 | Z10: =SUM(J10:J13) -> 0 | ... AF10: =SUM(P10:P13) -> 26
B11: 07.15 - 07.30 | C11: 2 | D11: 0 | E11: 0 | F11: 0 | G11: 0 | H11: 0 | I11: 1 | J11: 0 | K11: 0 | L11: 1 | M11: 0 | N11: 0 | O11: =SUM(C11:L11,N11) -> 4 | P11: =SUM(C11:N11) -> 4 | R11: 0800-0900 | S11: =SUM(C14:C17) -> 2 | T11: =SUM(D14:D17) -> 2 | U11: =SUM(E14:E17) -> 13 | V11: =SUM(F14:F17) -> 3 | W11: =SUM(G14:G17) -> 0 | X11: =SUM(H14:H17) -> 1 | Y11: =SUM(I14:I17) -> 4 | Z11: =SUM(J14:J17) -> 0 | ... AF11: =SUM(P14:P17) -> 36
B12: 07.30 - 07.45 | C12: 1 | D12: 0 | E12: 2 | F12: 2 | G12: 0 | H12: 0 | I12: 0 | J12: 0 | K12: 0 | L12: 0 | M12: 1 | N12: 0 | O12: =SUM(C12:L12,N12) -> 5 | P12: =SUM(C12:N12) -> 6 | R12: 0900-1000 | S12: =SUM(C18:C21) -> 4 | T12: =SUM(D18:D21) -> 3 | U12: =SUM(E18:E21) -> 11 | V12: =SUM(F18:F21) -> 6 | W12: =SUM(G18:G21) -> 0 | X12: =SUM(H18:H21) -> 2 | Y12: =SUM(I18:I21) -> 3 | Z12: =SUM(J18:J21) -> 1 | ... AF12: =SUM(P18:P21) -> 46
B13: 07.45 - 08.00 | C13: 0 | D13: 0 | E13: 2 | F13: 0 | G13: 0 | H13: 0 | I13: 3 | J13: 0 | K13: 0 | L13: 1 | M13: 2 | N13: 0 | O13: =SUM(C13:L13,N13) -> 6 | P13: =SUM(C13:N13) -> 8 | R13: 1000-1100 | S13: =SUM(C22:C25) -> 8 | T13: =SUM(D22:D25) -> 2 | U13: =SUM(E22:E25) -> 10 | V13: =SUM(F22:F25) -> 6 | W13: =SUM(G22:G25) -> 0 | X13: =SUM(H22:H25) -> 2 | Y13: =SUM(I22:I25) -> 3 | Z13: =SUM(J22:J25) -> 3 | ... AF13: =SUM(P22:P25) -> 45
B14: 08.00 - 08.15 | C14: 0 | D14: 0 | E14: 3 | F14: 0 | G14: 0 | H14: 0 | I14: 0 | J14: 0 | K14: 0 | L14: 1 | M14: 1 | N14: 0 | O14: =SUM(C14:L14,N14) -> 4 | P14: =SUM(C14:N14) -> 5 | R14: 1100-1200 | S14: =SUM(C26:C29) -> 12 | T14: =SUM(D26:D29) -> 5 | U14: =SUM(E26:E29) -> 17 | V14: =SUM(F26:F29) -> 3 | W14: =SUM(G26:G29) -> 0 | X14: =SUM(H26:H29) -> 4 | Y14: =SUM(I26:I29) -> 2 | Z14: =SUM(J26:J29) -> 0 | ... AF14: =SUM(P26:P29) -> 59
B15: 08.15 - 08.30 | C15: 1 | D15: 0 | E15: 2 | F15: 1 | G15: 0 | H15: 0 | I15: 0 | J15: 0 | K15: 0 | L15: 0 | M15: 4 | N15: 0 | O15: =SUM(C15:L15,N15) -> 4 | P15: =SUM(C15:N15) -> 8 | R15: 1200-1300 | S15: =SUM(C30:C33) -> 7 | T15: =SUM(D30:D33) -> 5 | U15: =SUM(E30:E33) -> 18 | V15: =SUM(F30:F33) -> 6 | W15: =SUM(G30:G33) -> 1 | X15: =SUM(H30:H33) -> 8 | Y15: =SUM(I30:I33) -> 6 | Z15: =SUM(J30:J33) -> 1 | ... AF15: =SUM(P30:P33) -> 64
B16: 08.30 - 08.45 | C16: 0 | D16: 2 | E16: 5 | F16: 1 | G16: 0 | H16: 1 | I16: 2 | J16: 0 | K16: 0 | L16: 0 | M16: 4 | N16: 0 | O16: =SUM(C16:L16,N16) -> 11 | P16: =SUM(C16:N16) -> 15 | R16: 1300-1400 | S16: =SUM(C34:C37) -> 13 | T16: =SUM(D34:D37) -> 5 | U16: =SUM(E34:E37) -> 20 | V16: =SUM(F34:F37) -> 8 | W16: =SUM(G34:G37) -> 0 | X16: =SUM(H34:H37) -> 4 | Y16: =SUM(I34:I37) -> 11 | Z16: =SUM(J34:J37) -> 1 | ... AF16: =SUM(P34:P37) -> 94
B17: 08.45 - 9.00 | C17: 1 | D17: 0 | E17: 3 | F17: 1 | G17: 0 | H17: 0 | I17: 2 | J17: 0 | K17: 0 | L17: 0 | M17: 1 | N17: 0 | O17: =SUM(C17:L17,N17) -> 7 | P17: =SUM(C17:N17) -> 8 | R17: 1400-1500 | S17: =SUM(C38:C41) -> 5 | T17: =SUM(D38:D41) -> 5 | U17: =SUM(E38:E41) -> 18 | V17: =SUM(F38:F41) -> 10 | W17: =SUM(G38:G41) -> 0 | X17: =SUM(H38:H41) -> 5 | Y17: =SUM(I38:I41) -> 8 | Z17: =SUM(J38:J41) -> 0 | ... AF17: =SUM(P38:P41) -> 69
B18: 09.00 - 09.15 | C18: 0 | D18: 1 | E18: 4 | F18: 3 | G18: 0 | H18: 1 | I18: 1 | J18: 1 | K18: 0 | L18: 0 | M18: 1 | N18: 0 | O18: =SUM(C18:L18,N18) -> 11 | P18: =SUM(C18:N18) -> 12 | R18: 1500-1600 | S18: =SUM(C42:C45) -> 5 | T18: =SUM(D42:D45) -> 5 | U18: =SUM(E42:E45) -> 17 | V18: =SUM(F42:F45) -> 4 | W18: =SUM(G42:G45) -> 1 | X18: =SUM(H42:H45) -> 4 | Y18: =SUM(I42:I45) -> 15 | Z18: =SUM(J42:J45) -> 1 | ... AF18: =SUM(P42:P45) -> 79
B19: 09.15 - 09.30 | C19: 1 | D19: 1 | E19: 3 | F19: 2 | G19: 0 | H19: 0 | I19: 1 | J19: 0 | K19: 0 | L19: 1 | M19: 6 | N19: 1 | O19: =SUM(C19:L19,N19) -> 10 | P19: =SUM(C19:N19) -> 16 | R19: 1600-1700 | S19: =SUM(C46:C49) -> 3 | T19: =SUM(D46:D49) -> 5 | U19: =SUM(E46:E49) -> 19 | V19: =SUM(F46:F49) -> 5 | W19: =SUM(G46:G49) -> 0 | X19: =SUM(H46:H49) -> 6 | Y19: =SUM(I46:I49) -> 15 | Z19: =SUM(J46:J49) -> 3 | ... AF19: =SUM(P46:P49) -> 80
B20: 09.30 - 09.45 | C20: 2 | D20: 1 | E20: 3 | F20: 0 | G20: 0 | H20: 0 | I20: 0 | J20: 0 | K20: 0 | L20: 1 | M20: 2 | N20: 0 | O20: =SUM(C20:L20,N20) -> 7 | P20: =SUM(C20:N20) -> 9 | R20: 1700-1800 | S20: =SUM(C50:C53) -> 5 | T20: =SUM(D50:D53) -> 3 | U20: =SUM(E50:E53) -> 17 | V20: =SUM(F50:F53) -> 8 | W20: =SUM(G50:G53) -> 0 | X20: =SUM(H50:H53) -> 4 | Y20: =SUM(I50:I53) -> 5 | Z20: =SUM(J50:J53) -> 0 | ... AF20: =SUM(P50:P53) -> 70
B21: 09.45 - 10.00 | C21: 1 | D21: 0 | E21: 1 | F21: 1 | G21: 0 | H21: 1 | I21: 1 | J21: 0 | K21: 0 | L21: 0 | M21: 4 | N21: 0 | O21: =SUM(C21:L21,N21) -> 5 | P21: =SUM(C21:N21) -> 9 | R21: 1800-1900 | S21: =SUM(C54:C57) -> 8 | T21: =SUM(D54:D57) -> 3 | U21: =SUM(E54:E57) -> 13 | V21: =SUM(F54:F57) -> 11 | W21: =SUM(G54:G57) -> 0 | X21: =SUM(H54:H57) -> 2 | Y21: =SUM(I54:I57) -> 17 | Z21: =SUM(J54:J57) -> 2 | ... AF21: =SUM(P54:P57) -> 78
B22: 10.00 - 10.15 | C22: 2 | D22: 1 | E22: 4 | F22: 1 | G22: 0 | H22: 2 | I22: 0 | J22: 1 | K22: 0 | L22: 0 | M22: 3 | N22: 0 | O22: =SUM(C22:L22,N22) -> 11 | P22: =SUM(C22:N22) -> 14 | R22: AM Peak Hr | S22: =MAX(S10:S12) -> 4 | T22: =MAX(T10:T12) -> 3 | U22: =MAX(U10:U12) -> 13 | V22: =MAX(V10:V12) -> 6 | W22: =MAX(W10:W12) -> 0 | X22: =MAX(X10:X12) -> 2 | Y22: =MAX(Y10:Y12) -> 5 | Z22: =MAX(Z10:Z12) -> 1 | ... AF22: =MAX(AF10:AF12) -> 46
B23: 10.15 - 10.30 | C23: 4 | D23: 0 | E23: 2 | F23: 0 | G23: 0 | H23: 0 | I23: 2 | J23: 1 | K23: 0 | L23: 0 | M23: 2 | N23: 0 | O23: =SUM(C23:L23,N23) -> 9 | P23: =SUM(C23:N23) -> 11 | R23: IP Peak Hr | S23: =MAX(S13:S18) -> 13 | T23: =MAX(T13:T18) -> 5 | U23: =MAX(U13:U18) -> 20 | V23: =MAX(V13:V18) -> 10 | W23: =MAX(W13:W18) -> 1 | X23: =MAX(X13:X18) -> 8 | Y23: =MAX(Y13:Y18) -> 15 | Z23: =MAX(Z13:Z18) -> 3 | ... AF23: =MAX(AF13:AF18) -> 94
B24: 10.30 - 10.45 | C24: 0 | D24: 1 | E24: 4 | F24: 3 | G24: 0 | H24: 0 | I24: 1 | J24: 1 | K24: 1 | L24: 1 | M24: 2 | N24: 0 | O24: =SUM(C24:L24,N24) -> 12 | P24: =SUM(C24:N24) -> 14 | R24: PM Peak Hr | S24: =MAX(S19:S21) -> 8 | T24: =MAX(T19:T21) -> 5 | U24: =MAX(U19:U21) -> 19 | V24: =MAX(V19:V21) -> 11 | W24: =MAX(W19:W21) -> 0 | X24: =MAX(X19:X21) -> 6 | Y24: =MAX(Y19:Y21) -> 17 | Z24: =MAX(Z19:Z21) -> 3 | ... AF24: =MAX(AF19:AF21) -> 80
B25: 10.45 - 11.00 | C25: 2 | D25: 0 | E25: 0 | F25: 2 | G25: 0 | H25: 0 | I25: 0 | J25: 0 | K25: 0 | L25: 0 | M25: 2 | N25: 0 | O25: =SUM(C25:L25,N25) -> 4 | P25: =SUM(C25:N25) -> 6 | R25: AM Period | S25: =SUM(S10:S12) -> 9 | T25: =SUM(T10:T12) -> 5 | U25: =SUM(U10:U12) -> 29 | V25: =SUM(V10:V12) -> 12 | W25: =SUM(W10:W12) -> 0 | X25: =SUM(X10:X12) -> 3 | Y25: =SUM(Y10:Y12) -> 12 | Z25: =SUM(Z10:Z12) -> 1 | ... AF25: =SUM(AF10:AF12) -> 108
B26: 11.00 - 11.15 | C26: 3 | D26: 1 | E26: 4 | F26: 2 | G26: 0 | H26: 1 | I26: 0 | J26: 0 | K26: 0 | L26: 3 | M26: 7 | N26: 0 | O26: =SUM(C26:L26,N26) -> 14 | P26: =SUM(C26:N26) -> 21 | R26: IP Period | S26: =SUM(S13:S18) -> 50 | T26: =SUM(T13:T18) -> 27 | U26: =SUM(U13:U18) -> 100 | V26: =SUM(V13:V18) -> 37 | W26: =SUM(W13:W18) -> 2 | X26: =SUM(X13:X18) -> 27 | Y26: =SUM(Y13:Y18) -> 45 | Z26: =SUM(Z13:Z18) -> 6 | ... AF26: =SUM(AF13:AF18) -> 410
B27: 11.15 - 11.30 | C27: 2 | D27: 1 | E27: 4 | F27: 0 | G27: 0 | H27: 0 | I27: 0 | J27: 0 | K27: 0 | L27: 0 | M27: 0 | N27: 0 | O27: =SUM(C27:L27,N27) -> 7 | P27: =SUM(C27:N27) -> 7 | R27: PM Period | S27: =SUM(S19:S21) -> 16 | T27: =SUM(T19:T21) -> 11 | U27: =SUM(U19:U21) -> 49 | V27: =SUM(V19:V21) -> 24 | W27: =SUM(W19:W21) -> 0 | X27: =SUM(X19:X21) -> 12 | Y27: =SUM(Y19:Y21) -> 37 | Z27: =SUM(Z19:Z21) -> 5 | ... AF27: =SUM(AF19:AF21) -> 228
B28: 11.30 - 11.45 | C28: 3 | D28: 1 | E28: 4 | F28: 1 | G28: 0 | H28: 2 | I28: 0 | J28: 0 | K28: 0 | L28: 2 | M28: 1 | N28: 0 | O28: =SUM(C28:L28,N28) -> 13 | P28: =SUM(C28:N28) -> 14 | R28: 12 Hours | S28: =SUM(S10:S21) -> 75 | T28: =SUM(T10:T21) -> 43 | U28: =SUM(U10:U21) -> 178 | V28: =SUM(V10:V21) -> 73 | W28: =SUM(W10:W21) -> 2 | X28: =SUM(X10:X21) -> 42 | Y28: =SUM(Y10:Y21) -> 94 | Z28: =SUM(Z10:Z21) -> 12 | ... AF28: =SUM(AF10:AF21) -> 746
B29: 11.45 - 12.00 | C29: 4 | D29: 2 | E29: 5 | F29: 0 | G29: 0 | H29: 1 | I29: 2 | J29: 0 | K29: 0 | L29: 0 | M29: 3 | N29: 0 | O29: =SUM(C29:L29,N29) -> 14 | P29: =SUM(C29:N29) -> 17
B30: 12.00 - 12.15 | C30: 0 | D30: 1 | E30: 5 | F30: 2 | G30: 0 | H30: 1 | I30: 0 | J30: 1 | K30: 0 | L30: 1 | M30: 2 | N30: 0 | O30: =SUM(C30:L30,N30) -> 11 | P30: =SUM(C30:N30) -> 13
B31: 12.15 - 12.30 | C31: 4 | D31: 2 | E31: 6 | F31: 1 | G31: 1 | H31: 4 | I31: 4 | J31: 0 | K31: 0 | L31: 1 | M31: 1 | N31: 0 | O31: =SUM(C31:L31,N31) -> 23 | P31: =SUM(C31:N31) -> 24
B32: 12.30 - 12.45 | C32: 1 | D32: 1 | E32: 3 | F32: 2 | G32: 0 | H32: 0 | I32: 2 | J32: 0 | K32: 0 | L32: 0 | M32: 1 | N32: 0 | O32: =SUM(C32:L32,N32) -> 9 | P32: =SUM(C32:N32) -> 10
B33: 12.45 - 13.00 | C33: 2 | D33: 1 | E33: 4 | F33: 1 | G33: 0 | H33: 3 | I33: 0 | J33: 0 | K33: 0 | L33: 2 | M33: 4 | N33: 0 | O33: =SUM(C33:L33,N33) -> 13 | P33: =SUM(C33:N33) -> 17
B34: 13.00 - 13.15 | C34: 3 | D34: 2 | E34: 7 | F34: 2 | G34: 0 | H34: 2 | I34: 2 | J34: 1 | K34: 0 | L34: 0 | M34: 5 | N34: 0 | O34: =SUM(C34:L34,N34) -> 19 | P34: =SUM(C34:N34) -> 24
B35: 13.15 - 13.30 | C35: 1 | D35: 2 | E35: 5 | F35: 2 | G35: 0 | H35: 0 | I35: 2 | J35: 0 | K35: 0 | L35: 1 | M35: 7 | N35: 0 | O35: =SUM(C35:L35,N35) -> 13 | P35: =SUM(C35:N35) -> 20
B36: 13.30 - 13.45 | C36: 5 | D36: 0 | E36: 3 | F36: 3 | G36: 0 | H36: 2 | I36: 2 | J36: 0 | K36: 1 | L36: 0 | M36: 12 | N36: 0 | O36: =SUM(C36:L36,N36) -> 16 | P36: =SUM(C36:N36) -> 28
B37: 13.45 - 14.00 | C37: 4 | D37: 1 | E37: 5 | F37: 1 | G37: 0 | H37: 0 | I37: 5 | J37: 0 | K37: 2 | L37: 0 | M37: 4 | N37: 0 | O37: =SUM(C37:L37,N37) -> 18 | P37: =SUM(C37:N37) -> 22
B38: 14.00 - 14.15 | C38: 1 | D38: 1 | E38: 3 | F38: 0 | G38: 0 | H38: 1 | I38: 3 | J38: 0 | K38: 0 | L38: 0 | M38: 2 | N38: 0 | O38: =SUM(C38:L38,N38) -> 9 | P38: =SUM(C38:N38) -> 11
B39: 14.15 - 14.30 | C39: 0 | D39: 1 | E39: 4 | F39: 2 | G39: 0 | H39: 0 | I39: 3 | J39: 0 | K39: 0 | L39: 2 | M39: 2 | N39: 0 | O39: =SUM(C39:L39,N39) -> 12 | P39: =SUM(C39:N39) -> 14
B40: 14.30 - 14.45 | C40: 1 | D40: 1 | E40: 4 | F40: 4 | G40: 0 | H40: 2 | I40: 1 | J40: 0 | K40: 0 | L40: 2 | M40: 2 | N40: 0 | O40: =SUM(C40:L40,N40) -> 15 | P40: =SUM(C40:N40) -> 17
... B57: 18.45 - 19.00 | C57: 2 | D57: 1 | E57: 4 | F57: 5 | G57: 0 | H57: 0 | I57: 4 | J57: 0 | K57: 1 | L57: 2 | M57: 4 | N57: 0 | O57: =SUM(C57:L57,N57) -> 19 | P57: =SUM(C57:N57) -> 23
B58: Totals | C58: =SUM(C10:C57) -> 75 | D58: =SUM(D10:D57) -> 43 | E58: =SUM(E10:E57) -> 178 | F58: =SUM(F10:F57) -> 73 | G58: =SUM(G10:G57) -> 2 | H58: =SUM(H10:H57) -> 42 | I58: =SUM(I10:I57) -> 94 | J58: =SUM(J10:J57) -> 12 | ... P58: =SUM(P10:P57) -> 746
B59: %ges + MCs | C59: =C58/$P$58 -> 0.10053619 | D59: =D58/$P$58 -> 0.057640751 | E59: =E58/$P$58 -> 0.2386059 | F59: =F58/$P$58 -> 0.097855228 | G59: =G58/$P$58 -> 0.0026809651 | H59: =H58/$P$58 -> 0.056300268 | I59: =I58/$P$58 -> 0.12600536 | J59: =J58/$P$58 -> 0.016085791 | ... N59: =N58/$P$58 -> 0.0013404826
B60: %ges w/o MCs | C60: =C58/$O$58 -> 0.13066202 | D60: =D58/$O$58 -> 0.074912892 | E60: =E58/$O$58 -> 0.31010453 | F60: =F58/$O$58 -> 0.1271777 | G60: =G58/$O$58 -> 0.0034843206 | H60: =H58/$O$58 -> 0.073170732 | I60: =I58/$O$58 -> 0.16376307 | J60: =J58/$O$58 -> 0.020905923 | ... L60: =L58/$O$58 -> 0.076655052 | N60: =N58/$O$58 -> 0.0017421603

Sheet 31.07 Kigumba-Karuma
B1: Consultancy services for Preparation of Expressway Development Master Plan (EDMP) for Uganda
B2: MANUAL CLASSIFIED COUNT (MCC)
B3: ROAD NAME: | C3: ='29.07 Kigumba-Karuma'!C3:G3 -> MCC - C5 - STN113 - KIGUMBA-KARUMA ROAD
C5: Date | D5: ='31.07 Karuma-Kigumba'!D5 -> 31.07.19 | F5: Location | G5: ='29.07 Karuma-Kigumba'!G5:H5 -> nanda | J5: Surveyor | K5: ='29.07 Karuma-Kigumba'!K5:L5 -> xxx
C6: Dir. From | D6: ='29.07 Kigumba-Karuma'!D6:E6 -> Kigumba | F6: Dir. To | G6: ='29.07 Kigumba-Karuma'!G6:H6 -> Karuma | J6: Supervisor | K6: ='29.07 Karuma-Kigumba'!K6:L6 -> xxx
B8: Time / Veh Type | R8: SUMMARY TRAFFIC VOLUMES
C9: 1. Car | D9: 2. Station Wagon | E9: 3. Pickups | F9: 4. Minibus, matatu | G9: 5. Medium bus | H9: 6. Large Bus | I9: 7. Light Truck | J9: 8. Medium Truck | K9: 9. Heavy truck | L9: 10. Truck Trailer | M9: 11. Motor cycles | N9: 12. Tractors | O9: Total Excl M/Cycles | P9: Total All | R9: Time | S9: 1. Car | T9: 2. Station Wagon | U9: 3. Pickups | V9: 4. Minibus, matatu | W9: 5. Medium bus | X9: 6. Large Bus | Y9: 7. Light Truck | Z9: 8. Medium Truck | AA9: 9. Heavy truck | AB9: 10. Truck Trailer | AC9: 11. Motorcycles | AD9: 12. Tractors, Graders | AE9: Total Excl M/ Cycles | AF9: Total All
B10: 07.00 - 07.15 | C10: 4 | D10: 0 | E10: 1 | F10: 1 | G10: 0 | H10: 0 | I10: 3 | J10: 1 | K10: 0 | L10: 3 | M10: 5 | N10: 0 | O10: =SUM(C10:L10,N10) -> 13 | P10: =SUM(C10:N10) -> 18 | R10: 0700-0800 | S10: =SUM(C10:C13) -> 8 | T10: =SUM(D10:D13) -> 1 | U10: =SUM(E10:E13) -> 8 | V10: =SUM(F10:F13) -> 3 | W10: =SUM(G10:G13) -> 0 | X10: =SUM(H10:H13) -> 0 | Y10: =SUM(I10:I13) -> 11 | Z10: =SUM(J10:J13) -> 3 | ... AF10: =SUM(P10:P13) -> 55
B11: 07.15 - 07.30 | C11: 0 | D11: 0 | E11: 2 | F11: 0 | G11: 0 | H11: 0 | I11: 3 | J11: 2 | K11: 0 | L11: 1 | M11: 2 | N11: 0 | O11: =SUM(C11:L11,N11) -> 8 | P11: =SUM(C11:N11) -> 10 | R11: 0800-0900 | S11: =SUM(C14:C17) -> 7 | T11: =SUM(D14:D17) -> 4 | U11: =SUM(E14:E17) -> 12 | V11: =SUM(F14:F17) -> 9 | W11: =SUM(G14:G17) -> 0 | X11: =SUM(H14:H17) -> 1 | Y11: =SUM(I14:I17) -> 10 | Z11: =SUM(J14:J17) -> 3 | ... AF11: =SUM(P14:P17) -> 56
B12: 07.30 - 07.45 | C12: 2 | D12: 0 | E12: 2 | F12: 0 | G12: 0 | H12: 0 | I12: 4 | J12: 0 | K12: 0 | L12: 3 | M12: 1 | N12: 0 | O12: =SUM(C12:L12,N12) -> 11 | P12: =SUM(C12:N12) -> 12 | R12: 0900-1000 | S12: =SUM(C18:C21) -> 5 | T12: =SUM(D18:D21) -> 6 | U12: =SUM(E18:E21) -> 12 | V12: =SUM(F18:F21) -> 11 | W12: =SUM(G18:G21) -> 1 | X12: =SUM(H18:H21) -> 0 | Y12: =SUM(I18:I21) -> 6 | Z12: =SUM(J18:J21) -> 1 | ... AF12: =SUM(P18:P21) -> 53
B13: 07.45 - 08.00 | C13: 2 | D13: 1 | E13: 3 | F13: 2 | G13: 0 | H13: 0 | I13: 1 | J13: 0 | K13: 0 | L13: 3 | M13: 3 | N13: 0 | O13: =SUM(C13:L13,N13) -> 12 | P13: =SUM(C13:N13) -> 15 | R13: 1000-1100 | S13: =SUM(C22:C25) -> 3 | T13: =SUM(D22:D25) -> 4 | U13: =SUM(E22:E25) -> 11 | V13: =SUM(F22:F25) -> 9 | W13: =SUM(G22:G25) -> 0 | X13: =SUM(H22:H25) -> 4 | Y13: =SUM(I22:I25) -> 5 | Z13: =SUM(J22:J25) -> 1 | ... AF13: =SUM(P22:P25) -> 57
B14: 08.00 - 08.15 | C14: 1 | D14: 1 | E14: 3 | F14: 1 | G14: 0 | H14: 0 | I14: 5 | J14: 2 | K14: 0 | L14: 0 | M14: 3 | N14: 0 | O14: =SUM(C14:L14,N14) -> 13 | P14: =SUM(C14:N14) -> 16 | R14: 1100-1200 | S14: =SUM(C26:C29) -> 10 | T14: =SUM(D26:D29) -> 3 | U14: =SUM(E26:E29) -> 9 | V14: =SUM(F26:F29) -> 12 | W14: =SUM(G26:G29) -> 1 | X14: =SUM(H26:H29) -> 1 | Y14: =SUM(I26:I29) -> 5 | Z14: =SUM(J26:J29) -> 2 | ... AF14: =SUM(P26:P29) -> 64
B15: 08.15 - 08.30 | C15: 2 | D15: 1 | E15: 3 | F15: 2 | G15: 0 | H15: 0 | I15: 1 | J15: 0 | K15: 0 | L15: 1 | M15: 2 | N15: 0 | O15: =SUM(C15:L15,N15) -> 10 | P15: =SUM(C15:N15) -> 12 | R15: 1200-1300 | S15: =SUM(C30:C33) -> 5 | T15: =SUM(D30:D33) -> 7 | U15: =SUM(E30:E33) -> 15 | V15: =SUM(F30:F33) -> 6 | W15: =SUM(G30:G33) -> 1 | X15: =SUM(H30:H33) -> 5 | Y15: =SUM(I30:I33) -> 5 | Z15: =SUM(J30:J33) -> 1 | ... AF15: =SUM(P30:P33) -> 66
B16: 08.30 - 08.45 | C16: 2 | D16: 0 | E16: 2 | F16: 3 | G16: 0 | H16: 0 | I16: 3 | J16: 1 | K16: 0 | L16: 0 | M16: 2 | N16: 0 | O16: =SUM(C16:L16,N16) -> 11 | P16: =SUM(C16:N16) -> 13 | R16: 1300-1400 | S16: =SUM(C34:C37) -> 6 | T16: =SUM(D34:D37) -> 3 | U16: =SUM(E34:E37) -> 7 | V16: =SUM(F34:F37) -> 5 | W16: =SUM(G34:G37) -> 0 | X16: =SUM(H34:H37) -> 2 | Y16: =SUM(I34:I37) -> 6 | Z16: =SUM(J34:J37) -> 0 | ... AF16: =SUM(P34:P37) -> 45
B17: 08.45 - 9.00 | C17: 2 | D17: 2 | E17: 4 | F17: 3 | G17: 0 | H17: 1 | I17: 1 | J17: 0 | K17: 0 | L17: 0 | M17: 2 | N17: 0 | O17: =SUM(C17:L17,N17) -> 13 | P17: =SUM(C17:N17) -> 15 | R17: 1400-1500 | S17: =SUM(C38:C41) -> 10 | T17: =SUM(D38:D41) -> 5 | U17: =SUM(E38:E41) -> 14 | V17: =SUM(F38:F41) -> 3 | W17: =SUM(G38:G41) -> 0 | X17: =SUM(H38:H41) -> 3 | Y17: =SUM(I38:I41) -> 6 | Z17: =SUM(J38:J41) -> 0 | ... AF17: =SUM(P38:P41) -> 69
B18: 09.00 - 09.15 | C18: 0 | D18: 2 | E18: 4 | F18: 4 | G18: 0 | H18: 0 | I18: 1 | J18: 1 | K18: 0 | L18: 2 | M18: 2 | N18: 0 | O18: =SUM(C18:L18,N18) -> 14 | P18: =SUM(C18:N18) -> 16 | R18: 1500-1600 | S18: =SUM(C42:C45) -> 13 | T18: =SUM(D42:D45) -> 6 | U18: =SUM(E42:E45) -> 14 | V18: =SUM(F42:F45) -> 4 | W18: =SUM(G42:G45) -> 0 | X18: =SUM(H42:H45) -> 7 | Y18: =SUM(I42:I45) -> 2 | Z18: =SUM(J42:J45) -> 0 | ... AF18: =SUM(P42:P45) -> 54
B19: 09.15 - 09.30 | C19: 2 | D19: 2 | E19: 3 | F19: 0 | G19: 0 | H19: 0 | I19: 2 | J19: 0 | K19: 0 | L19: 0 | M19: 3 | N19: 0 | O19: =SUM(C19:L19,N19) -> 9 | P19: =SUM(C19:N19) -> 12 | R19: 1600-1700 | S19: =SUM(C46:C49) -> 8 | T19: =SUM(D46:D49) -> 6 | U19: =SUM(E46:E49) -> 14 | V19: =SUM(F46:F49) -> 7 | W19: =SUM(G46:G49) -> 1 | X19: =SUM(H46:H49) -> 7 | Y19: =SUM(I46:I49) -> 8 | Z19: =SUM(J46:J49) -> 3 | ... AF19: =SUM(P46:P49) -> 83
B20: 09.30 - 09.45 | C20: 2 | D20: 1 | E20: 2 | F20: 2 | G20: 0 | H20: 0 | I20: 0 | J20: 0 | K20: 0 | L20: 0 | M20: 2 | N20: 0 | O20: =SUM(C20:L20,N20) -> 7 | P20: =SUM(C20:N20) -> 9 | R20: 1700-1800 | S20: =SUM(C50:C53) -> 5 | T20: =SUM(D50:D53) -> 6 | U20: =SUM(E50:E53) -> 13 | V20: =SUM(F50:F53) -> 9 | W20: =SUM(G50:G53) -> 0 | X20: =SUM(H50:H53) -> 4 | Y20: =SUM(I50:I53) -> 1 | Z20: =SUM(J50:J53) -> 1 | ... AF20: =SUM(P50:P53) -> 71
B21: 09.45 - 10.00 | C21: 1 | D21: 1 | E21: 3 | F21: 5 | G21: 1 | H21: 0 | I21: 3 | J21: 0 | K21: 0 | L21: 1 | M21: 1 | N21: 0 | O21: =SUM(C21:L21,N21) -> 15 | P21: =SUM(C21:N21) -> 16 | R21: 1800-1900 | S21: =SUM(C54:C57) -> 10 | T21: =SUM(D54:D57) -> 7 | U21: =SUM(E54:E57) -> 14 | V21: =SUM(F54:F57) -> 4 | W21: =SUM(G54:G57) -> 0 | X21: =SUM(H54:H57) -> 3 | Y21: =SUM(I54:I57) -> 10 | Z21: =SUM(J54:J57) -> 3 | ... AF21: =SUM(P54:P57) -> 71
B22: 10.00 - 10.15 | C22: 0 | D22: 2 | E22: 4 | F22: 1 | G22: 0 | H22: 1 | I22: 2 | J22: 1 | K22: 0 | L22: 0 | M22: 5 | N22: 0 | O22: =SUM(C22:L22,N22) -> 11 | P22: =SUM(C22:N22) -> 16 | R22: AM Peak Hr | S22: =MAX(S10:S12) -> 8 | T22: =MAX(T10:T12) -> 6 | U22: =MAX(U10:U12) -> 12 | V22: =MAX(V10:V12) -> 11 | W22: =MAX(W10:W12) -> 1 | X22: =MAX(X10:X12) -> 1 | Y22: =MAX(Y10:Y12) -> 11 | Z22: =MAX(Z10:Z12) -> 3 | ... AF22: =MAX(AF10:AF12) -> 56
B23: 10.15 - 10.30 | C23: 0 | D23: 1 | E23: 3 | F23: 3 | G23: 0 | H23: 0 | I23: 1 | J23: 0 | K23: 0 | L23: 0 | M23: 3 | N23: 0 | O23: =SUM(C23:L23,N23) -> 8 | P23: =SUM(C23:N23) -> 11 | R23: IP Peak Hr | S23: =MAX(S13:S18) -> 13 | T23: =MAX(T13:T18) -> 7 | U23: =MAX(U13:U18) -> 15 | V23: =MAX(V13:V18) -> 12 | W23: =MAX(W13:W18) -> 1 | X23: =MAX(X13:X18) -> 7 | Y23: =MAX(Y13:Y18) -> 6 | Z23: =MAX(Z13:Z18) -> 2 | ... AF23: =MAX(AF13:AF18) -> 69
B24: 10.30 - 10.45 | C24: 1 | D24: 0 | E24: 1 | F24: 3 | G24: 0 | H24: 2 | I24: 0 | J24: 0 | K24: 0 | L24: 0 | M24: 3 | N24: 0 | O24: =SUM(C24:L24,N24) -> 7 | P24: =SUM(C24:N24) -> 10 | R24: PM Peak Hr | S24: =MAX(S19:S21) -> 10 | T24: =MAX(T19:T21) -> 7 | U24: =MAX(U19:U21) -> 14 | V24: =MAX(V19:V21) -> 9 | W24: =MAX(W19:W21) -> 1 | X24: =MAX(X19:X21) -> 7 | Y24: =MAX(Y19:Y21) -> 10 | Z24: =MAX(Z19:Z21) -> 3 | ... AF24: =MAX(AF19:AF21) -> 83
B25: 10.45 - 11.00 | C25: 2 | D25: 1 | E25: 3 | F25: 2 | G25: 0 | H25: 1 | I25: 2 | J25: 0 | K25: 0 | L25: 2 | M25: 7 | N25: 0 | O25: =SUM(C25:L25,N25) -> 13 | P25: =SUM(C25:N25) -> 20 | R25: AM Period | S25: =SUM(S10:S12) -> 20 | T25: =SUM(T10:T12) -> 11 | U25: =SUM(U10:U12) -> 32 | V25: =SUM(V10:V12) -> 23 | W25: =SUM(W10:W12) -> 1 | X25: =SUM(X10:X12) -> 1 | Y25: =SUM(Y10:Y12) -> 27 | Z25: =SUM(Z10:Z12) -> 7 | ... AF25: =SUM(AF10:AF12) -> 164
B26: 11.00 - 11.15 | C26: 1 | D26: 2 | E26: 3 | F26: 3 | G26: 0 | H26: 0 | I26: 3 | J26: 2 | K26: 0 | L26: 1 | M26: 4 | N26: 0 | O26: =SUM(C26:L26,N26) -> 15 | P26: =SUM(C26:N26) -> 19 | R26: IP Period | S26: =SUM(S13:S18) -> 47 | T26: =SUM(T13:T18) -> 28 | U26: =SUM(U13:U18) -> 70 | V26: =SUM(V13:V18) -> 39 | W26: =SUM(W13:W18) -> 2 | X26: =SUM(X13:X18) -> 22 | Y26: =SUM(Y13:Y18) -> 29 | Z26: =SUM(Z13:Z18) -> 4 | ... AF26: =SUM(AF13:AF18) -> 355
B27: 11.15 - 11.30 | C27: 2 | D27: 1 | E27: 3 | F27: 3 | G27: 1 | H27: 0 | I27: 0 | J27: 0 | K27: 0 | L27: 0 | M27: 6 | N27: 0 | O27: =SUM(C27:L27,N27) -> 10 | P27: =SUM(C27:N27) -> 16 | R27: PM Period | S27: =SUM(S19:S21) -> 23 | T27: =SUM(T19:T21) -> 19 | U27: =SUM(U19:U21) -> 41 | V27: =SUM(V19:V21) -> 20 | W27: =SUM(W19:W21) -> 1 | X27: =SUM(X19:X21) -> 14 | Y27: =SUM(Y19:Y21) -> 19 | Z27: =SUM(Z19:Z21) -> 7 | ... AF27: =SUM(AF19:AF21) -> 225
B28: 11.30 - 11.45 | C28: 4 | D28: 0 | E28: 1 | F28: 4 | G28: 0 | H28: 1 | I28: 1 | J28: 0 | K28: 0 | L28: 2 | M28: 3 | N28: 0 | O28: =SUM(C28:L28,N28) -> 13 | P28: =SUM(C28:N28) -> 16 | R28: 12 Hours | S28: =SUM(S10:S21) -> 90 | T28: =SUM(T10:T21) -> 58 | U28: =SUM(U10:U21) -> 143 | V28: =SUM(V10:V21) -> 82 | W28: =SUM(W10:W21) -> 4 | X28: =SUM(X10:X21) -> 37 | Y28: =SUM(Y10:Y21) -> 75 | Z28: =SUM(Z10:Z21) -> 18 | ... AF28: =SUM(AF10:AF21) -> 744
B29: 11.45 - 12.00 | C29: 3 | D29: 0 | E29: 2 | F29: 2 | G29: 0 | H29: 0 | I29: 1 | J29: 0 | K29: 0 | L29: 0 | M29: 5 | N29: 0 | O29: =SUM(C29:L29,N29) -> 8 | P29: =SUM(C29:N29) -> 13
B30: 12.00 - 12.15 | C30: 2 | D30: 1 | E30: 3 | F30: 2 | G30: 0 | H30: 0 | I30: 1 | J30: 0 | K30: 0 | L30: 1 | M30: 3 | N30: 0 | O30: =SUM(C30:L30,N30) -> 10 | P30: =SUM(C30:N30) -> 13
B31: 12.15 - 12.30 | C31: 2 | D31: 2 | E31: 4 | F31: 2 | G31: 0 | H31: 2 | I31: 1 | J31: 0 | K31: 0 | L31: 1 | M31: 3 | N31: 0 | O31: =SUM(C31:L31,N31) -> 14 | P31: =SUM(C31:N31) -> 17
B32: 12.30 - 12.45 | C32: 0 | D32: 2 | E32: 4 | F32: 0 | G32: 1 | H32: 2 | I32: 2 | J32: 0 | K32: 0 | L32: 0 | M32: 8 | N32: 0 | O32: =SUM(C32:L32,N32) -> 11 | P32: =SUM(C32:N32) -> 19
B33: 12.45 - 13.00 | C33: 1 | D33: 2 | E33: 4 | F33: 2 | G33: 0 | H33: 1 | I33: 1 | J33: 1 | K33: 0 | L33: 0 | M33: 5 | N33: 0 | O33: =SUM(C33:L33,N33) -> 12 | P33: =SUM(C33:N33) -> 17
B34: 13.00 - 13.15 | C34: 0 | D34: 1 | E34: 2 | F34: 1 | G34: 0 | H34: 0 | I34: 5 | J34: 0 | K34: 0 | L34: 0 | M34: 5 | N34: 0 | O34: =SUM(C34:L34,N34) -> 9 | P34: =SUM(C34:N34) -> 14
B35: 13.15 - 13.30 | C35: 2 | D35: 1 | E35: 2 | F35: 1 | G35: 0 | H35: 1 | I35: 1 | J35: 0 | K35: 0 | L35: 0 | M35: 2 | N35: 0 | O35: =SUM(C35:L35,N35) -> 8 | P35: =SUM(C35:N35) -> 10
B36: 13.30 - 13.45 | C36: 1 | D36: 1 | E36: 2 | F36: 2 | G36: 0 | H36: 0 | I36: 0 | J36: 0 | K36: 2 | L36: 0 | M36: 2 | N36: 0 | O36: =SUM(C36:L36,N36) -> 8 | P36: =SUM(C36:N36) -> 10
B37: 13.45 - 14.00 | C37: 3 | D37: 0 | E37: 1 | F37: 1 | G37: 0 | H37: 1 | I37: 0 | J37: 0 | K37: 0 | L37: 0 | M37: 5 | N37: 0 | O37: =SUM(C37:L37,N37) -> 6 | P37: =SUM(C37:N37) -> 11
B38: 14.00 - 14.15 | C38: 4 | D38: 0 | E38: 2 | F38: 1 | G38: 0 | H38: 1 | I38: 1 | J38: 0 | K38: 0 | L38: 1 | M38: 8 | N38: 0 | O38: =SUM(C38:L38,N38) -> 10 | P38: =SUM(C38:N38) -> 18
B39: 14.15 - 14.30 | C39: 2 | D39: 3 | E39: 5 | F39: 1 | G39: 0 | H39: 2 | I39: 2 | J39: 0 | K39: 0 | L39: 1 | M39: 6 | N39: 0 | O39: =SUM(C39:L39,N39) -> 16 | P39: =SUM(C39:N39) -> 22
B40: 14.30 - 14.45 | C40: 2 | D40: 0 | E40: 2 | F40: 0 | G40: 0 | H40: 0 | I40: 1 | J40: 0 | K40: 0 | L40: 2 | M40: 6 | N40: 0 | O40: =SUM(C40:L40,N40) -> 7 | P40: =SUM(C40:N40) -> 13
... B57: 18.45 - 19.00 | C57: 2 | D57: 4 | E57: 7 | F57: 0 | G57: 0 | H57: 0 | I57: 0 | J57: 0 | K57: 0 | L57: 3 | M57: 4 | N57: 0 | O57: =SUM(C57:L57,N57) -> 16 | P57: =SUM(C57:N57) -> 20
B58: Totals | C58: =SUM(C10:C57) -> 90 | D58: =SUM(D10:D57) -> 58 | E58: =SUM(E10:E57) -> 143 | F58: =SUM(F10:F57) -> 82 | G58: =SUM(G10:G57) -> 4 | H58: =SUM(H10:H57) -> 37 | I58: =SUM(I10:I57) -> 75 | J58: =SUM(J10:J57) -> 18 | ... P58: =SUM(P10:P57) -> 744
B59: %ges + MCs | C59: =C58/$P$58 -> 0.12096774 | D59: =D58/$P$58 -> 0.077956989 | E59: =E58/$P$58 -> 0.1922043 | F59: =F58/$P$58 -> 0.11021505 | G59: =G58/$P$58 -> 0.0053763441 | H59: =H58/$P$58 -> 0.049731183 | I59: =I58/$P$58 -> 0.10080645 | J59: =J58/$P$58 -> 0.024193548 | ... N59: =N58/$P$58 -> 0
B60: %ges w/o MCs | C60: =C58/$O$58 -> 0.1618705 | D60: =D58/$O$58 -> 0.10431655 | E60: =E58/$O$58 -> 0.25719424 | F60: =F58/$O$58 -> 0.14748201 | G60: =G58/$O$58 -> 0.0071942446 | H60: =H58/$O$58 -> 0.066546763 | I60: =I58/$O$58 -> 0.13489209 | J60: =J58/$O$58 -> 0.032374101 | ... L60: =L58/$O$58 -> 0.082733813 | N60: =N58/$O$58 -> 0

Sheet 01.08 Karuma-Kigumba
B1: Consultancy services for Preparation of Expressway Development Master Plan (EDMP) for Uganda
B2: MANUAL CLASSIFIED COUNT (MCC)
B3: ROAD NAME: | C3: ='29.07 Karuma-Kigumba'!C3:G3 -> MCC - C5 - STN113 - KIGUMBA-KARUMA ROAD
C5: Date | D5: 01.08.19 | F5: Location | G5: ='31.07 Kigumba-Karuma'!G5:H5 -> nanda | J5: Surveyor | K5: ='31.07 Kigumba-Karuma'!K5:L5 -> xxx
C6: Dir. From | D6: ='29.07 Karuma-Kigumba'!D6:E6 -> karuma | F6: Dir. To | G6: ='29.07 Karuma-Kigumba'!G6:H6 -> kigumba | J6: Supervisor | K6: ='31.07 Kigumba-Karuma'!K6:L6 -> xxx
B8: Time / Veh Type | R8: SUMMARY TRAFFIC VOLUMES
C9: 1. Car | D9: 2. Station Wagon | E9: 3. Pickups | F9: 4. Minibus, matatu | G9: 5. Medium bus | H9: 6. Large Bus | I9: 7. Light Truck | J9: 8. Medium Truck | K9: 9. Heavy truck | L9: 10. Truck Trailer | M9: 11. Motor cycles | N9: 12. Tractors | O9: Total Excl M/Cycles | P9: Total All | R9: Time | S9: 1. Car | T9: 2. Station Wagon | U9: 3. Pickups | V9: 4. Minibus, matatu | W9: 5. Medium bus | X9: 6. Large Bus | Y9: 7. Light Truck | Z9: 8. Medium Truck | AA9: 9. Heavy truck | AB9: 10. Truck Trailer | AC9: 11. Motorcycles | AD9: 12. Tractors, Graders | AE9: Total Excl M/ Cycles | AF9: Total All
B10: 07.00 - 07.15 | C10: 2 | D10: 0 | E10: 1 | F10: 1 | G10: 0 | H10: 0 | I10: 1 | J10: 0 | K10: 0 | L10: 0 | M10: 1 | N10: 0 | O10: =SUM(C10:L10,N10) -> 5 | P10: =SUM(C10:N10) -> 6 | R10: 0700-0800 | S10: =SUM(C10:C13) -> 4 | T10: =SUM(D10:D13) -> 3 | U10: =SUM(E10:E13) -> 7 | V10: =SUM(F10:F13) -> 4 | W10: =SUM(G10:G13) -> 0 | X10: =SUM(H10:H13) -> 0 | Y10: =SUM(I10:I13) -> 3 | Z10: =SUM(J10:J13) -> 1 | ... AF10: =SUM(P10:P13) -> 39
B11: 07.15 - 07.30 | C11: 1 | D11: 1 | E11: 2 | F11: 1 | G11: 0 | H11: 0 | I11: 1 | J11: 1 | K11: 1 | L11: 1 | M11: 6 | N11: 0 | O11: =SUM(C11:L11,N11) -> 9 | P11: =SUM(C11:N11) -> 15 | R11: 0800-0900 | S11: =SUM(C14:C17) -> 1 | T11: =SUM(D14:D17) -> 5 | U11: =SUM(E14:E17) -> 6 | V11: =SUM(F14:F17) -> 3 | W11: =SUM(G14:G17) -> 0 | X11: =SUM(H14:H17) -> 0 | Y11: =SUM(I14:I17) -> 1 | Z11: =SUM(J14:J17) -> 0 | ... AF11: =SUM(P14:P17) -> 25
B12: 07.30 - 07.45 | C12: 0 | D12: 0 | E12: 1 | F12: 1 | G12: 0 | H12: 0 | I12: 1 | J12: 0 | K12: 0 | L12: 1 | M12: 2 | N12: 0 | O12: =SUM(C12:L12,N12) -> 4 | P12: =SUM(C12:N12) -> 6 | R12: 0900-1000 | S12: =SUM(C18:C21) -> 7 | T12: =SUM(D18:D21) -> 5 | U12: =SUM(E18:E21) -> 7 | V12: =SUM(F18:F21) -> 2 | W12: =SUM(G18:G21) -> 1 | X12: =SUM(H18:H21) -> 3 | Y12: =SUM(I18:I21) -> 3 | Z12: =SUM(J18:J21) -> 1 | ... AF12: =SUM(P18:P21) -> 42
B13: 07.45 - 08.00 | C13: 1 | D13: 2 | E13: 3 | F13: 1 | G13: 0 | H13: 0 | I13: 0 | J13: 0 | K13: 0 | L13: 1 | M13: 4 | N13: 0 | O13: =SUM(C13:L13,N13) -> 8 | P13: =SUM(C13:N13) -> 12 | R13: 1000-1100 | S13: =SUM(C22:C25) -> 7 | T13: =SUM(D22:D25) -> 14 | U13: =SUM(E22:E25) -> 16 | V13: =SUM(F22:F25) -> 6 | W13: =SUM(G22:G25) -> 0 | X13: =SUM(H22:H25) -> 2 | Y13: =SUM(I22:I25) -> 4 | Z13: =SUM(J22:J25) -> 0 | ... AF13: =SUM(P22:P25) -> 63
B14: 08.00 - 08.15 | C14: 0 | D14: 1 | E14: 1 | F14: 1 | G14: 0 | H14: 0 | I14: 1 | J14: 0 | K14: 0 | L14: 1 | M14: 2 | N14: 0 | O14: =SUM(C14:L14,N14) -> 5 | P14: =SUM(C14:N14) -> 7 | R14: 1100-1200 | S14: =SUM(C26:C29) -> 8 | T14: =SUM(D26:D29) -> 6 | U14: =SUM(E26:E29) -> 10 | V14: =SUM(F26:F29) -> 7 | W14: =SUM(G26:G29) -> 1 | X14: =SUM(H26:H29) -> 6 | Y14: =SUM(I26:I29) -> 7 | Z14: =SUM(J26:J29) -> 0 | ... AF14: =SUM(P26:P29) -> 60
B15: 08.15 - 08.30 | C15: 1 | D15: 1 | E15: 2 | F15: 2 | G15: 0 | H15: 0 | I15: 0 | J15: 0 | K15: 0 | L15: 0 | M15: 1 | N15: 0 | O15: =SUM(C15:L15,N15) -> 6 | P15: =SUM(C15:N15) -> 7 | R15: 1200-1300 | S15: =SUM(C30:C33) -> 2 | T15: =SUM(D30:D33) -> 10 | U15: =SUM(E30:E33) -> 13 | V15: =SUM(F30:F33) -> 7 | W15: =SUM(G30:G33) -> 0 | X15: =SUM(H30:H33) -> 4 | Y15: =SUM(I30:I33) -> 9 | Z15: =SUM(J30:J33) -> 0 | ... AF15: =SUM(P30:P33) -> 62
B16: 08.30 - 08.45 | C16: 0 | D16: 2 | E16: 2 | F16: 0 | G16: 0 | H16: 0 | I16: 0 | J16: 0 | K16: 0 | L16: 0 | M16: 3 | N16: 0 | O16: =SUM(C16:L16,N16) -> 4 | P16: =SUM(C16:N16) -> 7 | R16: 1300-1400 | S16: =SUM(C34:C37) -> 7 | T16: =SUM(D34:D37) -> 10 | U16: =SUM(E34:E37) -> 11 | V16: =SUM(F34:F37) -> 3 | W16: =SUM(G34:G37) -> 1 | X16: =SUM(H34:H37) -> 5 | Y16: =SUM(I34:I37) -> 10 | Z16: =SUM(J34:J37) -> 0 | ... AF16: =SUM(P34:P37) -> 60
B17: 08.45 - 9.00 | C17: 0 | D17: 1 | E17: 1 | F17: 0 | G17: 0 | H17: 0 | I17: 0 | J17: 0 | K17: 0 | L17: 0 | M17: 2 | N17: 0 | O17: =SUM(C17:L17,N17) -> 2 | P17: =SUM(C17:N17) -> 4 | R17: 1400-1500 | S17: =SUM(C38:C41) -> 7 | T17: =SUM(D38:D41) -> 8 | U17: =SUM(E38:E41) -> 9 | V17: =SUM(F38:F41) -> 6 | W17: =SUM(G38:G41) -> 0 | X17: =SUM(H38:H41) -> 4 | Y17: =SUM(I38:I41) -> 10 | Z17: =SUM(J38:J41) -> 2 | ... AF17: =SUM(P38:P41) -> 63
B18: 09.00 - 09.15 | C18: 3 | D18: 2 | E18: 2 | F18: 0 | G18: 0 | H18: 2 | I18: 2 | J18: 0 | K18: 0 | L18: 0 | M18: 3 | N18: 0 | O18: =SUM(C18:L18,N18) -> 11 | P18: =SUM(C18:N18) -> 14 | R18: 1500-1600 | S18: =SUM(C42:C45) -> 9 | T18: =SUM(D42:D45) -> 11 | U18: =SUM(E42:E45) -> 12 | V18: =SUM(F42:F45) -> 5 | W18: =SUM(G42:G45) -> 1 | X18: =SUM(H42:H45) -> 7 | Y18: =SUM(I42:I45) -> 9 | Z18: =SUM(J42:J45) -> 0 | ... AF18: =SUM(P42:P45) -> 67
B19: 09.15 - 09.30 | C19: 0 | D19: 1 | E19: 2 | F19: 0 | G19: 0 | H19: 0 | I19: 0 | J19: 1 | K19: 0 | L19: 0 | M19: 5 | N19: 0 | O19: =SUM(C19:L19,N19) -> 4 | P19: =SUM(C19:N19) -> 9 | R19: 1600-1700 | S19: =SUM(C46:C49) -> 10 | T19: =SUM(D46:D49) -> 11 | U19: =SUM(E46:E49) -> 13 | V19: =SUM(F46:F49) -> 5 | W19: =SUM(G46:G49) -> 0 | X19: =SUM(H46:H49) -> 3 | Y19: =SUM(I46:I49) -> 10 | Z19: =SUM(J46:J49) -> 1 | ... AF19: =SUM(P46:P49) -> 86
B20: 09.30 - 09.45 | C20: 2 | D20: 1 | E20: 2 | F20: 0 | G20: 0 | H20: 1 | I20: 1 | J20: 0 | K20: 0 | L20: 0 | M20: 4 | N20: 0 | O20: =SUM(C20:L20,N20) -> 7 | P20: =SUM(C20:N20) -> 11 | R20: 1700-1800 | S20: =SUM(C50:C53) -> 7 | T20: =SUM(D50:D53) -> 10 | U20: =SUM(E50:E53) -> 12 | V20: =SUM(F50:F53) -> 7 | W20: =SUM(G50:G53) -> 0 | X20: =SUM(H50:H53) -> 6 | Y20: =SUM(I50:I53) -> 9 | Z20: =SUM(J50:J53) -> 6 | ... AF20: =SUM(P50:P53) -> 87
B21: 09.45 - 10.00 | C21: 2 | D21: 1 | E21: 1 | F21: 2 | G21: 1 | H21: 0 | I21: 0 | J21: 0 | K21: 0 | L21: 0 | M21: 1 | N21: 0 | O21: =SUM(C21:L21,N21) -> 7 | P21: =SUM(C21:N21) -> 8 | R21: 1800-1900 | S21: =SUM(C54:C57) -> 8 | T21: =SUM(D54:D57) -> 11 | U21: =SUM(E54:E57) -> 12 | V21: =SUM(F54:F57) -> 4 | W21: =SUM(G54:G57) -> 0 | X21: =SUM(H54:H57) -> 3 | Y21: =SUM(I54:I57) -> 11 | Z21: =SUM(J54:J57) -> 3 | ... AF21: =SUM(P54:P57) -> 89
B22: 10.00 - 10.15 | C22: 1 | D22: 5 | E22: 5 | F22: 1 | G22: 0 | H22: 1 | I22: 1 | J22: 0 | K22: 0 | L22: 0 | M22: 5 | N22: 0 | O22: =SUM(C22:L22,N22) -> 14 | P22: =SUM(C22:N22) -> 19 | R22: AM Peak Hr | S22: =MAX(S10:S12) -> 7 | T22: =MAX(T10:T12) -> 5 | U22: =MAX(U10:U12) -> 7 | V22: =MAX(V10:V12) -> 4 | W22: =MAX(W10:W12) -> 1 | X22: =MAX(X10:X12) -> 3 | Y22: =MAX(Y10:Y12) -> 3 | Z22: =MAX(Z10:Z12) -> 1 | ... AF22: =MAX(AF10:AF12) -> 42
B23: 10.15 - 10.30 | C23: 1 | D23: 2 | E23: 3 | F23: 1 | G23: 0 | H23: 0 | I23: 2 | J23: 0 | K23: 0 | L23: 1 | M23: 1 | N23: 0 | O23: =SUM(C23:L23,N23) -> 10 | P23: =SUM(C23:N23) -> 11 | R23: IP Peak Hr | S23: =MAX(S13:S18) -> 9 | T23: =MAX(T13:T18) -> 14 | U23: =MAX(U13:U18) -> 16 | V23: =MAX(V13:V18) -> 7 | W23: =MAX(W13:W18) -> 1 | X23: =MAX(X13:X18) -> 7 | Y23: =MAX(Y13:Y18) -> 10 | Z23: =MAX(Z13:Z18) -> 2 | ... AF23: =MAX(AF13:AF18) -> 67
B24: 10.30 - 10.45 | C24: 4 | D24: 5 | E24: 5 | F24: 2 | G24: 0 | H24: 0 | I24: 1 | J24: 0 | K24: 0 | L24: 0 | M24: 3 | N24: 0 | O24: =SUM(C24:L24,N24) -> 17 | P24: =SUM(C24:N24) -> 20 | R24: PM Peak Hr | S24: =MAX(S19:S21) -> 10 | T24: =MAX(T19:T21) -> 11 | U24: =MAX(U19:U21) -> 13 | V24: =MAX(V19:V21) -> 7 | W24: =MAX(W19:W21) -> 0 | X24: =MAX(X19:X21) -> 6 | Y24: =MAX(Y19:Y21) -> 11 | Z24: =MAX(Z19:Z21) -> 6 | ... AF24: =MAX(AF19:AF21) -> 89
B25: 10.45 - 11.00 | C25: 1 | D25: 2 | E25: 3 | F25: 2 | G25: 0 | H25: 1 | I25: 0 | J25: 0 | K25: 0 | L25: 2 | M25: 2 | N25: 0 | O25: =SUM(C25:L25,N25) -> 11 | P25: =SUM(C25:N25) -> 13 | R25: AM Period | S25: =SUM(S10:S12) -> 12 | T25: =SUM(T10:T12) -> 13 | U25: =SUM(U10:U12) -> 20 | V25: =SUM(V10:V12) -> 9 | W25: =SUM(W10:W12) -> 1 | X25: =SUM(X10:X12) -> 3 | Y25: =SUM(Y10:Y12) -> 7 | Z25: =SUM(Z10:Z12) -> 2 | ... AF25: =SUM(AF10:AF12) -> 106
B26: 11.00 - 11.15 | C26: 2 | D26: 2 | E26: 3 | F26: 2 | G26: 0 | H26: 1 | I26: 0 | J26: 0 | K26: 0 | L26: 0 | M26: 3 | N26: 0 | O26: =SUM(C26:L26,N26) -> 10 | P26: =SUM(C26:N26) -> 13 | R26: IP Period | S26: =SUM(S13:S18) -> 40 | T26: =SUM(T13:T18) -> 59 | U26: =SUM(U13:U18) -> 71 | V26: =SUM(V13:V18) -> 34 | W26: =SUM(W13:W18) -> 3 | X26: =SUM(X13:X18) -> 28 | Y26: =SUM(Y13:Y18) -> 49 | Z26: =SUM(Z13:Z18) -> 2 | ... AF26: =SUM(AF13:AF18) -> 375
B27: 11.15 - 11.30 | C27: 1 | D27: 1 | E27: 2 | F27: 2 | G27: 0 | H27: 2 | I27: 1 | J27: 0 | K27: 0 | L27: 1 | M27: 2 | N27: 0 | O27: =SUM(C27:L27,N27) -> 10 | P27: =SUM(C27:N27) -> 12 | R27: PM Period | S27: =SUM(S19:S21) -> 25 | T27: =SUM(T19:T21) -> 32 | U27: =SUM(U19:U21) -> 37 | V27: =SUM(V19:V21) -> 16 | W27: =SUM(W19:W21) -> 0 | X27: =SUM(X19:X21) -> 12 | Y27: =SUM(Y19:Y21) -> 30 | Z27: =SUM(Z19:Z21) -> 10 | ... AF27: =SUM(AF19:AF21) -> 262
B28: 11.30 - 11.45 | C28: 3 | D28: 1 | E28: 2 | F28: 1 | G28: 1 | H28: 0 | I28: 4 | J28: 0 | K28: 0 | L28: 2 | M28: 2 | N28: 0 | O28: =SUM(C28:L28,N28) -> 14 | P28: =SUM(C28:N28) -> 16 | R28: 12 Hours | S28: =SUM(S10:S21) -> 77 | T28: =SUM(T10:T21) -> 104 | U28: =SUM(U10:U21) -> 128 | V28: =SUM(V10:V21) -> 59 | W28: =SUM(W10:W21) -> 4 | X28: =SUM(X10:X21) -> 43 | Y28: =SUM(Y10:Y21) -> 86 | Z28: =SUM(Z10:Z21) -> 14 | ... AF28: =SUM(AF10:AF21) -> 743
B29: 11.45 - 12.00 | C29: 2 | D29: 2 | E29: 3 | F29: 2 | G29: 0 | H29: 3 | I29: 2 | J29: 0 | K29: 0 | L29: 2 | M29: 3 | N29: 0 | O29: =SUM(C29:L29,N29) -> 16 | P29: =SUM(C29:N29) -> 19
B30: 12.00 - 12.15 | C30: 1 | D30: 2 | E30: 3 | F30: 2 | G30: 0 | H30: 1 | I30: 1 | J30: 0 | K30: 0 | L30: 0 | M30: 2 | N30: 0 | O30: =SUM(C30:L30,N30) -> 10 | P30: =SUM(C30:N30) -> 12
B31: 12.15 - 12.30 | C31: 0 | D31: 3 | E31: 4 | F31: 2 | G31: 0 | H31: 0 | I31: 4 | J31: 0 | K31: 0 | L31: 4 | M31: 2 | N31: 0 | O31: =SUM(C31:L31,N31) -> 17 | P31: =SUM(C31:N31) -> 19
B32: 12.30 - 12.45 | C32: 1 | D32: 1 | E32: 2 | F32: 1 | G32: 0 | H32: 1 | I32: 0 | J32: 0 | K32: 0 | L32: 1 | M32: 6 | N32: 0 | O32: =SUM(C32:L32,N32) -> 7 | P32: =SUM(C32:N32) -> 13
B33: 12.45 - 13.00 | C33: 0 | D33: 4 | E33: 4 | F33: 2 | G33: 0 | H33: 2 | I33: 4 | J33: 0 | K33: 0 | L33: 1 | M33: 1 | N33: 0 | O33: =SUM(C33:L33,N33) -> 17 | P33: =SUM(C33:N33) -> 18
B34: 13.00 - 13.15 | C34: 0 | D34: 3 | E34: 3 | F34: 0 | G34: 0 | H34: 0 | I34: 2 | J34: 0 | K34: 0 | L34: 0 | M34: 3 | N34: 0 | O34: =SUM(C34:L34,N34) -> 8 | P34: =SUM(C34:N34) -> 11
B35: 13.15 - 13.30 | C35: 1 | D35: 3 | E35: 3 | F35: 0 | G35: 1 | H35: 3 | I35: 4 | J35: 0 | K35: 1 | L35: 0 | M35: 1 | N35: 0 | O35: =SUM(C35:L35,N35) -> 16 | P35: =SUM(C35:N35) -> 17
B36: 13.30 - 13.45 | C36: 0 | D36: 3 | E36: 4 | F36: 1 | G36: 0 | H36: 2 | I36: 1 | J36: 0 | K36: 0 | L36: 2 | M36: 3 | N36: 0 | O36: =SUM(C36:L36,N36) -> 13 | P36: =SUM(C36:N36) -> 16
B37: 13.45 - 14.00 | C37: 6 | D37: 1 | E37: 1 | F37: 2 | G37: 0 | H37: 0 | I37: 3 | J37: 0 | K37: 0 | L37: 1 | M37: 2 | N37: 0 | O37: =SUM(C37:L37,N37) -> 14 | P37: =SUM(C37:N37) -> 16
B38: 14.00 - 14.15 | C38: 2 | D38: 4 | E38: 4 | F38: 2 | G38: 0 | H38: 1 | I38: 2 | J38: 0 | K38: 0 | L38: 1 | M38: 1 | N38: 0 | O38: =SUM(C38:L38,N38) -> 16 | P38: =SUM(C38:N38) -> 17
B39: 14.15 - 14.30 | C39: 2 | D39: 2 | E39: 2 | F39: 3 | G39: 0 | H39: 1 | I39: 3 | J39: 0 | K39: 1 | L39: 5 | M39: 1 | N39: 0 | O39: =SUM(C39:L39,N39) -> 19 | P39: =SUM(C39:N39) -> 20
B40: 14.30 - 14.45 | C40: 2 | D40: 1 | E40: 2 | F40: 0 | G40: 0 | H40: 2 | I40: 3 | J40: 0 | K40: 0 | L40: 1 | M40: 3 | N40: 0 | O40: =SUM(C40:L40,N40) -> 11 | P40: =SUM(C40:N40) -> 14
... B57: 18.45 - 19.00 | C57: 1 | D57: 2 | E57: 3 | F57: 0 | G57: 0 | H57: 1 | I57: 5 | J57: 2 | K57: 0 | L57: 3 | M57: 5 | N57: 0 | O57: =SUM(C57:L57,N57) -> 17 | P57: =SUM(C57:N57) -> 22
B58: Totals | C58: =SUM(C10:C57) -> 77 | D58: =SUM(D10:D57) -> 104 | E58: =SUM(E10:E57) -> 128 | F58: =SUM(F10:F57) -> 59 | G58: =SUM(G10:G57) -> 4 | H58: =SUM(H10:H57) -> 43 | I58: =SUM(I10:I57) -> 86 | J58: =SUM(J10:J57) -> 14 | ... P58: =SUM(P10:P57) -> 743
B59: %ges + MCs | C59: =C58/$P$58 -> 0.10363392 | D59: =D58/$P$58 -> 0.13997308 | E59: =E58/$P$58 -> 0.17227456 | F59: =F58/$P$58 -> 0.079407806 | G59: =G58/$P$58 -> 0.0053835801 | H59: =H58/$P$58 -> 0.057873486 | I59: =I58/$P$58 -> 0.11574697 | J59: =J58/$P$58 -> 0.01884253 | ... N59: =N58/$P$58 -> 0.001345895
B60: %ges w/o MCs | C60: =C58/$O$58 -> 0.13275862 | D60: =D58/$O$58 -> 0.17931034 | E60: =E58/$O$58 -> 0.22068966 | F60: =F58/$O$58 -> 0.10172414 | G60: =G58/$O$58 -> 0.0068965517 | H60: =H58/$O$58 -> 0.074137931 | I60: =I58/$O$58 -> 0.14827586 | J60: =J58/$O$58 -> 0.024137931 | ... L60: =L58/$O$58 -> 0.098275862 | N60: =N58/$O$58 -> 0.0017241379

Sheet 01.08 Kigumba-Karuma
B1: Consultancy services for Preparation of Expressway Development Master Plan (EDMP) for Uganda
B2: MANUAL CLASSIFIED COUNT (MCC)
B3: ROAD NAME: | C3: ='29.07 Kigumba-Karuma'!C3:G3 -> MCC - C5 - STN113 - KIGUMBA-KARUMA ROAD
C5: Date | D5: ='01.08 Karuma-Kigumba'!D5 -> 01.08.19 | F5: Location | G5: ='01.08 Karuma-Kigumba'!G5:H5 -> nanda | J5: Surveyor | K5: ='01.08 Karuma-Kigumba'!K5:L5 -> xxx
C6: Dir. From | D6: ='29.07 Kigumba-Karuma'!D6:E6 -> Kigumba | F6: Dir. To | G6: ='29.07 Kigumba-Karuma'!G6:H6 -> Karuma | J6: Supervisor | K6: ='01.08 Karuma-Kigumba'!K6:L6 -> xxx
B8: Time / Veh Type | R8: SUMMARY TRAFFIC VOLUMES
C9: 1. Car | D9: 2. Station Wagon | E9: 3. Pickups | F9: 4. Minibus, matatu | G9: 5. Medium bus | H9: 6. Large Bus | I9: 7. Light Truck | J9: 8. Medium Truck | K9: 9. Heavy truck | L9: 10. Truck Trailer | M9: 11. Motor cycles | N9: 12. Tractors | O9: Total Excl M/Cycles | P9: Total All | R9: Time | S9: 1. Car | T9: 2. Station Wagon | U9: 3. Pickups | V9: 4. Minibus, matatu | W9: 5. Medium bus | X9: 6. Large Bus | Y9: 7. Light Truck | Z9: 8. Medium Truck | AA9: 9. Heavy truck | AB9: 10. Truck Trailer | AC9: 11. Motorcycles | AD9: 12. Tractors, Graders | AE9: Total Excl M/ Cycles | AF9: Total All
B10: 07.00 - 07.15 | C10: 1 | D10: 0 | E10: 1 | F10: 0 | G10: 0 | H10: 0 | I10: 2 | J10: 0 | K10: 0 | L10: 1 | M10: 1 | N10: 0 | O10: =SUM(C10:L10,N10) -> 5 | P10: =SUM(C10:N10) -> 6 | R10: 0700-0800 | S10: =SUM(C10:C13) -> 3 | T10: =SUM(D10:D13) -> 1 | U10: =SUM(E10:E13) -> 7 | V10: =SUM(F10:F13) -> 1 | W10: =SUM(G10:G13) -> 0 | X10: =SUM(H10:H13) -> 0 | Y10: =SUM(I10:I13) -> 7 | Z10: =SUM(J10:J13) -> 0 | ... AF10: =SUM(P10:P13) -> 32
B11: 07.15 - 07.30 | C11: 2 | D11: 0 | E11: 2 | F11: 1 | G11: 0 | H11: 0 | I11: 0 | J11: 0 | K11: 0 | L11: 3 | M11: 0 | N11: 0 | O11: =SUM(C11:L11,N11) -> 8 | P11: =SUM(C11:N11) -> 8 | R11: 0800-0900 | S11: =SUM(C14:C17) -> 3 | T11: =SUM(D14:D17) -> 5 | U11: =SUM(E14:E17) -> 15 | V11: =SUM(F14:F17) -> 2 | W11: =SUM(G14:G17) -> 0 | X11: =SUM(H14:H17) -> 1 | Y11: =SUM(I14:I17) -> 10 | Z11: =SUM(J14:J17) -> 0 | ... AF11: =SUM(P14:P17) -> 60
B12: 07.30 - 07.45 | C12: 0 | D12: 0 | E12: 1 | F12: 0 | G12: 0 | H12: 0 | I12: 3 | J12: 0 | K12: 0 | L12: 3 | M12: 1 | N12: 0 | O12: =SUM(C12:L12,N12) -> 7 | P12: =SUM(C12:N12) -> 8 | R12: 0900-1000 | S12: =SUM(C18:C21) -> 3 | T12: =SUM(D18:D21) -> 6 | U12: =SUM(E18:E21) -> 17 | V12: =SUM(F18:F21) -> 5 | W12: =SUM(G18:G21) -> 1 | X12: =SUM(H18:H21) -> 0 | Y12: =SUM(I18:I21) -> 0 | Z12: =SUM(J18:J21) -> 1 | ... AF12: =SUM(P18:P21) -> 59
B13: 07.45 - 08.00 | C13: 0 | D13: 1 | E13: 3 | F13: 0 | G13: 0 | H13: 0 | I13: 2 | J13: 0 | K13: 0 | L13: 3 | M13: 1 | N13: 0 | O13: =SUM(C13:L13,N13) -> 9 | P13: =SUM(C13:N13) -> 10 | R13: 1000-1100 | S13: =SUM(C22:C25) -> 4 | T13: =SUM(D22:D25) -> 2 | U13: =SUM(E22:E25) -> 13 | V13: =SUM(F22:F25) -> 10 | W13: =SUM(G22:G25) -> 0 | X13: =SUM(H22:H25) -> 3 | Y13: =SUM(I22:I25) -> 6 | Z13: =SUM(J22:J25) -> 1 | ... AF13: =SUM(P22:P25) -> 60
B14: 08.00 - 08.15 | C14: 1 | D14: 0 | E14: 1 | F14: 0 | G14: 0 | H14: 0 | I14: 4 | J14: 0 | K14: 0 | L14: 3 | M14: 6 | N14: 0 | O14: =SUM(C14:L14,N14) -> 9 | P14: =SUM(C14:N14) -> 15 | R14: 1100-1200 | S14: =SUM(C26:C29) -> 6 | T14: =SUM(D26:D29) -> 1 | U14: =SUM(E26:E29) -> 10 | V14: =SUM(F26:F29) -> 8 | W14: =SUM(G26:G29) -> 2 | X14: =SUM(H26:H29) -> 3 | Y14: =SUM(I26:I29) -> 4 | Z14: =SUM(J26:J29) -> 0 | ... AF14: =SUM(P26:P29) -> 47
B15: 08.15 - 08.30 | C15: 0 | D15: 2 | E15: 6 | F15: 1 | G15: 0 | H15: 0 | I15: 3 | J15: 0 | K15: 0 | L15: 1 | M15: 5 | N15: 0 | O15: =SUM(C15:L15,N15) -> 13 | P15: =SUM(C15:N15) -> 18 | R15: 1200-1300 | S15: =SUM(C30:C33) -> 9 | T15: =SUM(D30:D33) -> 5 | U15: =SUM(E30:E33) -> 16 | V15: =SUM(F30:F33) -> 4 | W15: =SUM(G30:G33) -> 0 | X15: =SUM(H30:H33) -> 4 | Y15: =SUM(I30:I33) -> 2 | Z15: =SUM(J30:J33) -> 1 | ... AF15: =SUM(P30:P33) -> 58
B16: 08.30 - 08.45 | C16: 1 | D16: 2 | E16: 5 | F16: 1 | G16: 0 | H16: 0 | I16: 1 | J16: 0 | K16: 0 | L16: 3 | M16: 1 | N16: 0 | O16: =SUM(C16:L16,N16) -> 13 | P16: =SUM(C16:N16) -> 14 | R16: 1300-1400 | S16: =SUM(C34:C37) -> 7 | T16: =SUM(D34:D37) -> 6 | U16: =SUM(E34:E37) -> 20 | V16: =SUM(F34:F37) -> 6 | W16: =SUM(G34:G37) -> 0 | X16: =SUM(H34:H37) -> 5 | Y16: =SUM(I34:I37) -> 4 | Z16: =SUM(J34:J37) -> 1 | ... AF16: =SUM(P34:P37) -> 65
B17: 08.45 - 9.00 | C17: 1 | D17: 1 | E17: 3 | F17: 0 | G17: 0 | H17: 1 | I17: 2 | J17: 0 | K17: 0 | L17: 1 | M17: 4 | N17: 0 | O17: =SUM(C17:L17,N17) -> 9 | P17: =SUM(C17:N17) -> 13 | R17: 1400-1500 | S17: =SUM(C38:C41) -> 5 | T17: =SUM(D38:D41) -> 4 | U17: =SUM(E38:E41) -> 17 | V17: =SUM(F38:F41) -> 3 | W17: =SUM(G38:G41) -> 1 | X17: =SUM(H38:H41) -> 1 | Y17: =SUM(I38:I41) -> 10 | Z17: =SUM(J38:J41) -> 3 | ... AF17: =SUM(P38:P41) -> 55
B18: 09.00 - 09.15 | C18: 1 | D18: 2 | E18: 5 | F18: 1 | G18: 0 | H18: 0 | I18: 0 | J18: 0 | K18: 0 | L18: 3 | M18: 7 | N18: 0 | O18: =SUM(C18:L18,N18) -> 12 | P18: =SUM(C18:N18) -> 19 | R18: 1500-1600 | S18: =SUM(C42:C45) -> 13 | T18: =SUM(D42:D45) -> 6 | U18: =SUM(E42:E45) -> 18 | V18: =SUM(F42:F45) -> 7 | W18: =SUM(G42:G45) -> 2 | X18: =SUM(H42:H45) -> 4 | Y18: =SUM(I42:I45) -> 4 | Z18: =SUM(J42:J45) -> 4 | ... AF18: =SUM(P42:P45) -> 71
B19: 09.15 - 09.30 | C19: 1 | D19: 3 | E19: 7 | F19: 2 | G19: 0 | H19: 0 | I19: 0 | J19: 0 | K19: 0 | L19: 0 | M19: 4 | N19: 0 | O19: =SUM(C19:L19,N19) -> 13 | P19: =SUM(C19:N19) -> 17 | R19: 1600-1700 | S19: =SUM(C46:C49) -> 13 | T19: =SUM(D46:D49) -> 4 | U19: =SUM(E46:E49) -> 16 | V19: =SUM(F46:F49) -> 11 | W19: =SUM(G46:G49) -> 0 | X19: =SUM(H46:H49) -> 7 | Y19: =SUM(I46:I49) -> 12 | Z19: =SUM(J46:J49) -> 0 | ... AF19: =SUM(P46:P49) -> 87
B20: 09.30 - 09.45 | C20: 1 | D20: 1 | E20: 3 | F20: 1 | G20: 1 | H20: 0 | I20: 0 | J20: 0 | K20: 1 | L20: 1 | M20: 5 | N20: 0 | O20: =SUM(C20:L20,N20) -> 9 | P20: =SUM(C20:N20) -> 14 | R20: 1700-1800 | S20: =SUM(C50:C53) -> 10 | T20: =SUM(D50:D53) -> 3 | U20: =SUM(E50:E53) -> 18 | V20: =SUM(F50:F53) -> 6 | W20: =SUM(G50:G53) -> 0 | X20: =SUM(H50:H53) -> 5 | Y20: =SUM(I50:I53) -> 8 | Z20: =SUM(J50:J53) -> 1 | ... AF20: =SUM(P50:P53) -> 75
B21: 09.45 - 10.00 | C21: 0 | D21: 0 | E21: 2 | F21: 1 | G21: 0 | H21: 0 | I21: 0 | J21: 1 | K21: 0 | L21: 1 | M21: 4 | N21: 0 | O21: =SUM(C21:L21,N21) -> 5 | P21: =SUM(C21:N21) -> 9 | R21: 1800-1900 | S21: =SUM(C54:C57) -> 5 | T21: =SUM(D54:D57) -> 8 | U21: =SUM(E54:E57) -> 23 | V21: =SUM(F54:F57) -> 6 | W21: =SUM(G54:G57) -> 0 | X21: =SUM(H54:H57) -> 4 | Y21: =SUM(I54:I57) -> 7 | Z21: =SUM(J54:J57) -> 2 | ... AF21: =SUM(P54:P57) -> 77
B22: 10.00 - 10.15 | C22: 1 | D22: 0 | E22: 3 | F22: 4 | G22: 0 | H22: 1 | I22: 0 | J22: 0 | K22: 0 | L22: 2 | M22: 4 | N22: 0 | O22: =SUM(C22:L22,N22) -> 11 | P22: =SUM(C22:N22) -> 15 | R22: AM Peak Hr | S22: =MAX(S10:S12) -> 3 | T22: =MAX(T10:T12) -> 6 | U22: =MAX(U10:U12) -> 17 | V22: =MAX(V10:V12) -> 5 | W22: =MAX(W10:W12) -> 1 | X22: =MAX(X10:X12) -> 1 | Y22: =MAX(Y10:Y12) -> 10 | Z22: =MAX(Z10:Z12) -> 1 | ... AF22: =MAX(AF10:AF12) -> 60
B23: 10.15 - 10.30 | C23: 0 | D23: 1 | E23: 4 | F23: 1 | G23: 0 | H23: 1 | I23: 2 | J23: 0 | K23: 0 | L23: 0 | M23: 7 | N23: 0 | O23: =SUM(C23:L23,N23) -> 9 | P23: =SUM(C23:N23) -> 16 | R23: IP Peak Hr | S23: =MAX(S13:S18) -> 13 | T23: =MAX(T13:T18) -> 6 | U23: =MAX(U13:U18) -> 20 | V23: =MAX(V13:V18) -> 10 | W23: =MAX(W13:W18) -> 2 | X23: =MAX(X13:X18) -> 5 | Y23: =MAX(Y13:Y18) -> 10 | Z23: =MAX(Z13:Z18) -> 4 | ... AF23: =MAX(AF13:AF18) -> 71
B24: 10.30 - 10.45 | C24: 2 | D24: 1 | E24: 4 | F24: 0 | G24: 0 | H24: 0 | I24: 2 | J24: 0 | K24: 0 | L24: 0 | M24: 4 | N24: 0 | O24: =SUM(C24:L24,N24) -> 9 | P24: =SUM(C24:N24) -> 13 | R24: PM Peak Hr | S24: =MAX(S19:S21) -> 13 | T24: =MAX(T19:T21) -> 8 | U24: =MAX(U19:U21) -> 23 | V24: =MAX(V19:V21) -> 11 | W24: =MAX(W19:W21) -> 0 | X24: =MAX(X19:X21) -> 7 | Y24: =MAX(Y19:Y21) -> 12 | Z24: =MAX(Z19:Z21) -> 2 | ... AF24: =MAX(AF19:AF21) -> 87
B25: 10.45 - 11.00 | C25: 1 | D25: 0 | E25: 2 | F25: 5 | G25: 0 | H25: 1 | I25: 2 | J25: 1 | K25: 0 | L25: 1 | M25: 3 | N25: 0 | O25: =SUM(C25:L25,N25) -> 13 | P25: =SUM(C25:N25) -> 16 | R25: AM Period | S25: =SUM(S10:S12) -> 9 | T25: =SUM(T10:T12) -> 12 | U25: =SUM(U10:U12) -> 39 | V25: =SUM(V10:V12) -> 8 | W25: =SUM(W10:W12) -> 1 | X25: =SUM(X10:X12) -> 1 | Y25: =SUM(Y10:Y12) -> 17 | Z25: =SUM(Z10:Z12) -> 1 | ... AF25: =SUM(AF10:AF12) -> 151
B26: 11.00 - 11.15 | C26: 1 | D26: 0 | E26: 3 | F26: 2 | G26: 0 | H26: 1 | I26: 1 | J26: 0 | K26: 0 | L26: 0 | M26: 3 | N26: 0 | O26: =SUM(C26:L26,N26) -> 8 | P26: =SUM(C26:N26) -> 11 | R26: IP Period | S26: =SUM(S13:S18) -> 44 | T26: =SUM(T13:T18) -> 24 | U26: =SUM(U13:U18) -> 94 | V26: =SUM(V13:V18) -> 38 | W26: =SUM(W13:W18) -> 5 | X26: =SUM(X13:X18) -> 20 | Y26: =SUM(Y13:Y18) -> 30 | Z26: =SUM(Z13:Z18) -> 10 | ... AF26: =SUM(AF13:AF18) -> 356
B27: 11.15 - 11.30 | C27: 1 | D27: 0 | E27: 3 | F27: 2 | G27: 1 | H27: 0 | I27: 2 | J27: 0 | K27: 0 | L27: 1 | M27: 3 | N27: 0 | O27: =SUM(C27:L27,N27) -> 10 | P27: =SUM(C27:N27) -> 13 | R27: PM Period | S27: =SUM(S19:S21) -> 28 | T27: =SUM(T19:T21) -> 15 | U27: =SUM(U19:U21) -> 57 | V27: =SUM(V19:V21) -> 23 | W27: =SUM(W19:W21) -> 0 | X27: =SUM(X19:X21) -> 16 | Y27: =SUM(Y19:Y21) -> 27 | Z27: =SUM(Z19:Z21) -> 3 | ... AF27: =SUM(AF19:AF21) -> 239
B28: 11.30 - 11.45 | C28: 2 | D28: 0 | E28: 0 | F28: 3 | G28: 0 | H28: 1 | I28: 0 | J28: 0 | K28: 0 | L28: 0 | M28: 1 | N28: 0 | O28: =SUM(C28:L28,N28) -> 6 | P28: =SUM(C28:N28) -> 7 | R28: 12 Hours | S28: =SUM(S10:S21) -> 81 | T28: =SUM(T10:T21) -> 51 | U28: =SUM(U10:U21) -> 190 | V28: =SUM(V10:V21) -> 69 | W28: =SUM(W10:W21) -> 6 | X28: =SUM(X10:X21) -> 37 | Y28: =SUM(Y10:Y21) -> 74 | Z28: =SUM(Z10:Z21) -> 14 | ... AF28: =SUM(AF10:AF21) -> 746
B29: 11.45 - 12.00 | C29: 2 | D29: 1 | E29: 4 | F29: 1 | G29: 1 | H29: 1 | I29: 1 | J29: 0 | K29: 0 | L29: 0 | M29: 5 | N29: 0 | O29: =SUM(C29:L29,N29) -> 11 | P29: =SUM(C29:N29) -> 16
B30: 12.00 - 12.15 | C30: 0 | D30: 2 | E30: 5 | F30: 2 | G30: 0 | H30: 2 | I30: 1 | J30: 0 | K30: 0 | L30: 2 | M30: 7 | N30: 0 | O30: =SUM(C30:L30,N30) -> 14 | P30: =SUM(C30:N30) -> 21
B31: 12.15 - 12.30 | C31: 1 | D31: 1 | E31: 3 | F31: 0 | G31: 0 | H31: 2 | I31: 1 | J31: 0 | K31: 0 | L31: 0 | M31: 4 | N31: 0 | O31: =SUM(C31:L31,N31) -> 8 | P31: =SUM(C31:N31) -> 12
B32: 12.30 - 12.45 | C32: 3 | D32: 1 | E32: 3 | F32: 2 | G32: 0 | H32: 0 | I32: 0 | J32: 1 | K32: 1 | L32: 0 | M32: 1 | N32: 0 | O32: =SUM(C32:L32,N32) -> 11 | P32: =SUM(C32:N32) -> 12
B33: 12.45 - 13.00 | C33: 5 | D33: 1 | E33: 5 | F33: 0 | G33: 0 | H33: 0 | I33: 0 | J33: 0 | K33: 0 | L33: 0 | M33: 2 | N33: 0 | O33: =SUM(C33:L33,N33) -> 11 | P33: =SUM(C33:N33) -> 13
B34: 13.00 - 13.15 | C34: 1 | D34: 1 | E34: 3 | F34: 2 | G34: 0 | H34: 1 | I34: 1 | J34: 1 | K34: 1 | L34: 0 | M34: 2 | N34: 0 | O34: =SUM(C34:L34,N34) -> 11 | P34: =SUM(C34:N34) -> 13
B35: 13.15 - 13.30 | C35: 2 | D35: 2 | E35: 6 | F35: 2 | G35: 0 | H35: 1 | I35: 2 | J35: 0 | K35: 0 | L35: 0 | M35: 4 | N35: 0 | O35: =SUM(C35:L35,N35) -> 15 | P35: =SUM(C35:N35) -> 19
B36: 13.30 - 13.45 | C36: 2 | D36: 2 | E36: 7 | F36: 0 | G36: 0 | H36: 2 | I36: 0 | J36: 0 | K36: 1 | L36: 0 | M36: 4 | N36: 0 | O36: =SUM(C36:L36,N36) -> 14 | P36: =SUM(C36:N36) -> 18
B37: 13.45 - 14.00 | C37: 2 | D37: 1 | E37: 4 | F37: 2 | G37: 0 | H37: 1 | I37: 1 | J37: 0 | K37: 0 | L37: 0 | M37: 4 | N37: 0 | O37: =SUM(C37:L37,N37) -> 11 | P37: =SUM(C37:N37) -> 15
B38: 14.00 - 14.15 | C38: 3 | D38: 1 | E38: 3 | F38: 1 | G38: 0 | H38: 0 | I38: 4 | J38: 2 | K38: 0 | L38: 0 | M38: 5 | N38: 0 | O38: =SUM(C38:L38,N38) -> 14 | P38: =SUM(C38:N38) -> 19
B39: 14.15 - 14.30 | C39: 0 | D39: 1 | E39: 5 | F39: 0 | G39: 0 | H39: 0 | I39: 1 | J39: 0 | K39: 0 | L39: 0 | M39: 2 | N39: 0 | O39: =SUM(C39:L39,N39) -> 7 | P39: =SUM(C39:N39) -> 9
B40: 14.30 - 14.45 | C40: 0 | D40: 0 | E40: 2 | F40: 0 | G40: 1 | H40: 1 | I40: 3 | J40: 0 | K40: 1 | L40: 0 | M40: 2 | N40: 0 | O40: =SUM(C40:L40,N40) -> 8 | P40: =SUM(C40:N40) -> 10
... B57: 18.45 - 19.00 | C57: 0 | D57: 1 | E57: 3 | F57: 1 | G57: 0 | H57: 1 | I57: 2 | J57: 0 | K57: 0 | L57: 2 | M57: 6 | N57: 0 | O57: =SUM(C57:L57,N57) -> 10 | P57: =SUM(C57:N57) -> 16
B58: Totals | C58: =SUM(C10:C57) -> 81 | D58: =SUM(D10:D57) -> 51 | E58: =SUM(E10:E57) -> 190 | F58: =SUM(F10:F57) -> 69 | G58: =SUM(G10:G57) -> 6 | H58: =SUM(H10:H57) -> 37 | I58: =SUM(I10:I57) -> 74 | J58: =SUM(J10:J57) -> 14 | ... P58: =SUM(P10:P57) -> 746
B59: %ges + MCs | C59: =C58/$P$58 -> 0.10857909 | D59: =D58/$P$58 -> 0.068364611 | E59: =E58/$P$58 -> 0.25469169 | F59: =F58/$P$58 -> 0.092493298 | G59: =G58/$P$58 -> 0.0080428954 | H59: =H58/$P$58 -> 0.049597855 | I59: =I58/$P$58 -> 0.09919571 | J59: =J58/$P$58 -> 0.018766756 | ... N59: =N58/$P$58 -> 0
B60: %ges w/o MCs | C60: =C58/$O$58 -> 0.14260563 | D60: =D58/$O$58 -> 0.089788732 | E60: =E58/$O$58 -> 0.33450704 | F60: =F58/$O$58 -> 0.12147887 | G60: =G58/$O$58 -> 0.01056338 | H60: =H58/$O$58 -> 0.065140845 | I60: =I58/$O$58 -> 0.13028169 | J60: =J58/$O$58 -> 0.024647887 | ... L60: =L58/$O$58 -> 0.065140845 | N60: =N58/$O$58 -> 0

Sheet 02.08 Karuma-Kigumba-24h
B1: Consultancy services for Preparation of Expressway Development Master Plan (EDMP) for Uganda
B2: MANUAL CLASSIFIED COUNT (MCC)
B3: ROAD NAME: | C3: ='29.07 Karuma-Kigumba'!C3:G3 -> MCC - C5 - STN113 - KIGUMBA-KARUMA ROAD
C5: Date | D5: 02.08.19 | F5: Location | G5: ='01.08 Kigumba-Karuma'!G5:H5 -> nanda | J5: Surveyor | K5: ='01.08 Kigumba-Karuma'!K5:L5 -> xxx
C6: Dir. From | D6: ='29.07 Karuma-Kigumba'!D6:E6 -> karuma | F6: Dir. To | G6: ='29.07 Karuma-Kigumba'!G6:H6 -> kigumba | J6: Supervisor | K6: ='01.08 Kigumba-Karuma'!K6:L6 -> xxx
B8: Time / Veh Type | R8: SUMMARY TRAFFIC VOLUMES
C9: 1. Car | D9: 2. Station Wagon | E9: 3. Pickups | F9: 4. Minibus, matatu | G9: 5. Medium bus | H9: 6. Large Bus | I9: 7. Light Truck | J9: 8. Medium Truck | K9: 9. Heavy truck | L9: 10. Truck Trailer | M9: 11. Motor cycles | N9: 12. Tractors | O9: Total Excl M/Cycles | P9: Total All | R9: Time | S9: 1. Car | T9: 2. Station Wagon | U9: 3. Pickups | V9: 4. Minibus, matatu | W9: 5. Medium bus | X9: 6. Large Bus | Y9: 7. Light Truck | Z9: 8. Medium Truck | AA9: 9. Heavy truck | AB9: 10. Truck Trailer | AC9: 11. Motorcycles | AD9: 12. Tractors, Graders | AE9: Total Excl M/ Cycles | AF9: Total All
B10: 07.00 - 07.15 | C10: 0 | D10: 0 | E10: 3 | F10: 1 | G10: 0 | H10: 0 | I10: 1 | J10: 1 | K10: 1 | L10: 1 | M10: 1 | N10: 0 | O10: =SUM(C10:L10,N10) -> 8 | P10: =SUM(C10:N10) -> 9 | R10: 0700-0800 | S10: =SUM(C10:C13) -> 1 | T10: =SUM(D10:D13) -> 0 | U10: =SUM(E10:E13) -> 9 | V10: =SUM(F10:F13) -> 2 | W10: =SUM(G10:G13) -> 0 | X10: =SUM(H10:H13) -> 0 | Y10: =SUM(I10:I13) -> 2 | Z10: =SUM(J10:J13) -> 2 | ... AF10: =SUM(P10:P13) -> 25
B11: 07.15 - 07.30 | C11: 0 | D11: 0 | E11: 1 | F11: 0 | G11: 0 | H11: 0 | I11: 0 | J11: 0 | K11: 0 | L11: 0 | M11: 0 | N11: 0 | O11: =SUM(C11:L11,N11) -> 1 | P11: =SUM(C11:N11) -> 1 | R11: 0800-0900 | S11: =SUM(C14:C17) -> 3 | T11: =SUM(D14:D17) -> 4 | U11: =SUM(E14:E17) -> 16 | V11: =SUM(F14:F17) -> 7 | W11: =SUM(G14:G17) -> 0 | X11: =SUM(H14:H17) -> 1 | Y11: =SUM(I14:I17) -> 2 | Z11: =SUM(J14:J17) -> 0 | ... AF11: =SUM(P14:P17) -> 56
B12: 07.30 - 07.45 | C12: 0 | D12: 0 | E12: 2 | F12: 1 | G12: 0 | H12: 0 | I12: 0 | J12: 1 | K12: 0 | L12: 0 | M12: 2 | N12: 0 | O12: =SUM(C12:L12,N12) -> 4 | P12: =SUM(C12:N12) -> 6 | R12: 0900-1000 | S12: =SUM(C18:C21) -> 4 | T12: =SUM(D18:D21) -> 3 | U12: =SUM(E18:E21) -> 14 | V12: =SUM(F18:F21) -> 5 | W12: =SUM(G18:G21) -> 2 | X12: =SUM(H18:H21) -> 4 | Y12: =SUM(I18:I21) -> 7 | Z12: =SUM(J18:J21) -> 0 | ... AF12: =SUM(P18:P21) -> 52
B13: 07.45 - 08.00 | C13: 1 | D13: 0 | E13: 3 | F13: 0 | G13: 0 | H13: 0 | I13: 1 | J13: 0 | K13: 0 | L13: 0 | M13: 4 | N13: 0 | O13: =SUM(C13:L13,N13) -> 5 | P13: =SUM(C13:N13) -> 9 | R13: 1000-1100 | S13: =SUM(C22:C25) -> 8 | T13: =SUM(D22:D25) -> 7 | U13: =SUM(E22:E25) -> 23 | V13: =SUM(F22:F25) -> 5 | W13: =SUM(G22:G25) -> 0 | X13: =SUM(H22:H25) -> 1 | Y13: =SUM(I22:I25) -> 3 | Z13: =SUM(J22:J25) -> 0 | ... AF13: =SUM(P22:P25) -> 70
B14: 08.00 - 08.15 | C14: 2 | D14: 2 | E14: 5 | F14: 2 | G14: 0 | H14: 0 | I14: 0 | J14: 0 | K14: 1 | L14: 0 | M14: 8 | N14: 0 | O14: =SUM(C14:L14,N14) -> 12 | P14: =SUM(C14:N14) -> 20 | R14: 1100-1200 | S14: =SUM(C26:C29) -> 8 | T14: =SUM(D26:D29) -> 7 | U14: =SUM(E26:E29) -> 24 | V14: =SUM(F26:F29) -> 3 | W14: =SUM(G26:G29) -> 0 | X14: =SUM(H26:H29) -> 7 | Y14: =SUM(I26:I29) -> 7 | Z14: =SUM(J26:J29) -> 2 | ... AF14: =SUM(P26:P29) -> 77
B15: 08.15 - 08.30 | C15: 1 | D15: 0 | E15: 3 | F15: 3 | G15: 0 | H15: 0 | I15: 0 | J15: 0 | K15: 0 | L15: 1 | M15: 4 | N15: 0 | O15: =SUM(C15:L15,N15) -> 8 | P15: =SUM(C15:N15) -> 12 | R15: 1200-1300 | S15: =SUM(C30:C33) -> 8 | T15: =SUM(D30:D33) -> 10 | U15: =SUM(E30:E33) -> 29 | V15: =SUM(F30:F33) -> 6 | W15: =SUM(G30:G33) -> 0 | X15: =SUM(H30:H33) -> 3 | Y15: =SUM(I30:I33) -> 6 | Z15: =SUM(J30:J33) -> 1 | ... AF15: =SUM(P30:P33) -> 82
B16: 08.30 - 08.45 | C16: 0 | D16: 1 | E16: 3 | F16: 2 | G16: 0 | H16: 0 | I16: 1 | J16: 0 | K16: 0 | L16: 0 | M16: 2 | N16: 0 | O16: =SUM(C16:L16,N16) -> 7 | P16: =SUM(C16:N16) -> 9 | R16: 1300-1400 | S16: =SUM(C34:C37) -> 9 | T16: =SUM(D34:D37) -> 7 | U16: =SUM(E34:E37) -> 24 | V16: =SUM(F34:F37) -> 6 | W16: =SUM(G34:G37) -> 0 | X16: =SUM(H34:H37) -> 6 | Y16: =SUM(I34:I37) -> 12 | Z16: =SUM(J34:J37) -> 2 | ... AF16: =SUM(P34:P37) -> 92
B17: 08.45 - 9.00 | C17: 0 | D17: 1 | E17: 5 | F17: 0 | G17: 0 | H17: 1 | I17: 1 | J17: 0 | K17: 0 | L17: 1 | M17: 6 | N17: 0 | O17: =SUM(C17:L17,N17) -> 9 | P17: =SUM(C17:N17) -> 15 | R17: 1400-1500 | S17: =SUM(C38:C41) -> 9 | T17: =SUM(D38:D41) -> 3 | U17: =SUM(E38:E41) -> 14 | V17: =SUM(F38:F41) -> 4 | W17: =SUM(G38:G41) -> 0 | X17: =SUM(H38:H41) -> 2 | Y17: =SUM(I38:I41) -> 11 | Z17: =SUM(J38:J41) -> 0 | ... AF17: =SUM(P38:P41) -> 51
B18: 09.00 - 09.15 | C18: 1 | D18: 1 | E18: 5 | F18: 0 | G18: 2 | H18: 1 | I18: 0 | J18: 0 | K18: 0 | L18: 2 | M18: 2 | N18: 0 | O18: =SUM(C18:L18,N18) -> 12 | P18: =SUM(C18:N18) -> 14 | R18: 1500-1600 | S18: =SUM(C42:C45) -> 16 | T18: =SUM(D42:D45) -> 8 | U18: =SUM(E42:E45) -> 22 | V18: =SUM(F42:F45) -> 1 | W18: =SUM(G42:G45) -> 0 | X18: =SUM(H42:H45) -> 6 | Y18: =SUM(I42:I45) -> 7 | Z18: =SUM(J42:J45) -> 1 | ... AF18: =SUM(P42:P45) -> 88
B19: 09.15 - 09.30 | C19: 2 | D19: 1 | E19: 3 | F19: 0 | G19: 0 | H19: 0 | I19: 2 | J19: 0 | K19: 0 | L19: 0 | M19: 1 | N19: 0 | O19: =SUM(C19:L19,N19) -> 8 | P19: =SUM(C19:N19) -> 9 | R19: 1600-1700 | S19: =SUM(C46:C49) -> 19 | T19: =SUM(D46:D49) -> 7 | U19: =SUM(E46:E49) -> 26 | V19: =SUM(F46:F49) -> 16 | W19: =SUM(G46:G49) -> 0 | X19: =SUM(H46:H49) -> 3 | Y19: =SUM(I46:I49) -> 13 | Z19: =SUM(J46:J49) -> 0 | ... AF19: =SUM(P46:P49) -> 114
B20: 09.30 - 09.45 | C20: 0 | D20: 0 | E20: 3 | F20: 2 | G20: 0 | H20: 1 | I20: 3 | J20: 0 | K20: 0 | L20: 3 | M20: 2 | N20: 0 | O20: =SUM(C20:L20,N20) -> 12 | P20: =SUM(C20:N20) -> 14 | R20: 1700-1800 | S20: =SUM(C50:C53) -> 7 | T20: =SUM(D50:D53) -> 3 | U20: =SUM(E50:E53) -> 12 | V20: =SUM(F50:F53) -> 11 | W20: =SUM(G50:G53) -> 0 | X20: =SUM(H50:H53) -> 5 | Y20: =SUM(I50:I53) -> 8 | Z20: =SUM(J50:J53) -> 2 | ... AF20: =SUM(P50:P53) -> 67
B21: 09.45 - 10.00 | C21: 1 | D21: 1 | E21: 3 | F21: 3 | G21: 0 | H21: 2 | I21: 2 | J21: 0 | K21: 0 | L21: 0 | M21: 3 | N21: 0 | O21: =SUM(C21:L21,N21) -> 12 | P21: =SUM(C21:N21) -> 15 | R21: 1800-1900 | S21: =SUM(C54:C57) -> 4 | T21: =SUM(D54:D57) -> 2 | U21: =SUM(E54:E57) -> 12 | V21: =SUM(F54:F57) -> 7 | W21: =SUM(G54:G57) -> 0 | X21: =SUM(H54:H57) -> 3 | Y21: =SUM(I54:I57) -> 7 | Z21: =SUM(J54:J57) -> 1 | ... AF21: =SUM(P54:P57) -> 54
B22: 10.00 - 10.15 | C22: 1 | D22: 1 | E22: 3 | F22: 2 | G22: 0 | H22: 0 | I22: 0 | J22: 0 | K22: 0 | L22: 1 | M22: 7 | N22: 0 | O22: =SUM(C22:L22,N22) -> 8 | P22: =SUM(C22:N22) -> 15 | R22: 1900-2000 | S22: =SUM(C58:C61) -> 6 | T22: =SUM(D58:D61) -> 2 | U22: =SUM(E58:E61) -> 14 | V22: =SUM(F58:F61) -> 6 | W22: =SUM(G58:G61) -> 0 | X22: =SUM(H58:H61) -> 1 | Y22: =SUM(I58:I61) -> 6 | Z22: =SUM(J58:J61) -> 3 | ... AF22: =SUM(P58:P61) -> 57
B23: 10.15 - 10.30 | C23: 1 | D23: 1 | E23: 4 | F23: 1 | G23: 0 | H23: 0 | I23: 0 | J23: 0 | K23: 1 | L23: 2 | M23: 4 | N23: 0 | O23: =SUM(C23:L23,N23) -> 10 | P23: =SUM(C23:N23) -> 14 | R23: 2000-2100 | S23: =SUM(C62:C65) -> 4 | T23: =SUM(D62:D65) -> 2 | U23: =SUM(E62:E65) -> 11 | V23: =SUM(F62:F65) -> 6 | W23: =SUM(G62:G65) -> 0 | X23: =SUM(H62:H65) -> 4 | Y23: =SUM(I62:I65) -> 5 | Z23: =SUM(J62:J65) -> 2 | ... AF23: =SUM(P62:P65) -> 48
B24: 10.30 - 10.45 | C24: 2 | D24: 3 | E24: 9 | F24: 0 | G24: 0 | H24: 1 | I24: 1 | J24: 0 | K24: 0 | L24: 1 | M24: 5 | N24: 0 | O24: =SUM(C24:L24,N24) -> 17 | P24: =SUM(C24:N24) -> 22 | R24: 2100-2200 | S24: =SUM(C66:C69) -> 6 | T24: =SUM(D66:D69) -> 2 | U24: =SUM(E66:E69) -> 14 | V24: =SUM(F66:F69) -> 7 | W24: =SUM(G66:G69) -> 0 | X24: =SUM(H66:H69) -> 10 | Y24: =SUM(I66:I69) -> 6 | Z24: =SUM(J66:J69) -> 2 | ... AF24: =SUM(P66:P69) -> 69
B25: 10.45 - 11.00 | C25: 4 | D25: 2 | E25: 7 | F25: 2 | G25: 0 | H25: 0 | I25: 2 | J25: 0 | K25: 0 | L25: 0 | M25: 2 | N25: 0 | O25: =SUM(C25:L25,N25) -> 17 | P25: =SUM(C25:N25) -> 19 | R25: 2200-2300 | S25: =SUM(C70:C73) -> 4 | T25: =SUM(D70:D73) -> 1 | U25: =SUM(E70:E73) -> 11 | V25: =SUM(F70:F73) -> 5 | W25: =SUM(G70:G73) -> 0 | X25: =SUM(H70:H73) -> 0 | Y25: =SUM(I70:I73) -> 4 | Z25: =SUM(J70:J73) -> 3 | ... AF25: =SUM(P70:P73) -> 42
B26: 11.00 - 11.15 | C26: 1 | D26: 3 | E26: 9 | F26: 1 | G26: 0 | H26: 1 | I26: 3 | J26: 0 | K26: 0 | L26: 0 | M26: 6 | N26: 0 | O26: =SUM(C26:L26,N26) -> 18 | P26: =SUM(C26:N26) -> 24 | R26: 2300-0000 | S26: =SUM(C74:C77) -> 1 | T26: =SUM(D74:D77) -> 0 | U26: =SUM(E74:E77) -> 4 | V26: =SUM(F74:F77) -> 1 | W26: =SUM(G74:G77) -> 0 | X26: =SUM(H74:H77) -> 10 | Y26: =SUM(I74:I77) -> 1 | Z26: =SUM(J74:J77) -> 0 | ... AF26: =SUM(P74:P77) -> 21
B27: 11.15 - 11.30 | C27: 1 | D27: 1 | E27: 4 | F27: 0 | G27: 0 | H27: 1 | I27: 1 | J27: 0 | K27: 0 | L27: 2 | M27: 6 | N27: 0 | O27: =SUM(C27:L27,N27) -> 10 | P27: =SUM(C27:N27) -> 16 | R27: 0000-0100 | S27: =SUM(C78:C81) -> 1 | T27: =SUM(D78:D81) -> 0 | U27: =SUM(E78:E81) -> 5 | V27: =SUM(F78:F81) -> 2 | W27: =SUM(G78:G81) -> 0 | X27: =SUM(H78:H81) -> 5 | Y27: =SUM(I78:I81) -> 1 | Z27: =SUM(J78:J81) -> 0 | ... AF27: =SUM(P78:P81) -> 19
B28: 11.30 - 11.45 | C28: 4 | D28: 1 | E28: 5 | F28: 2 | G28: 0 | H28: 4 | I28: 1 | J28: 2 | K28: 0 | L28: 0 | M28: 2 | N28: 0 | O28: =SUM(C28:L28,N28) -> 19 | P28: =SUM(C28:N28) -> 21 | R28: 0100-0200 | S28: =SUM(C82:C85) -> 3 | T28: =SUM(D82:D85) -> 0 | U28: =SUM(E82:E85) -> 6 | V28: =SUM(F82:F85) -> 3 | W28: =SUM(G82:G85) -> 0 | X28: =SUM(H82:H85) -> 0 | Y28: =SUM(I82:I85) -> 3 | Z28: =SUM(J82:J85) -> 0 | ... AF28: =SUM(P82:P85) -> 21
B29: 11.45 - 12.00 | C29: 2 | D29: 2 | E29: 6 | F29: 0 | G29: 0 | H29: 1 | I29: 2 | J29: 0 | K29: 0 | L29: 2 | M29: 1 | N29: 0 | O29: =SUM(C29:L29,N29) -> 15 | P29: =SUM(C29:N29) -> 16 | R29: 0200-0300 | S29: =SUM(C86:C89) -> 0 | T29: =SUM(D86:D89) -> 0 | U29: =SUM(E86:E89) -> 1 | V29: =SUM(F86:F89) -> 0 | W29: =SUM(G86:G89) -> 0 | X29: =SUM(H86:H89) -> 0 | Y29: =SUM(I86:I89) -> 0 | Z29: =SUM(J86:J89) -> 0 | ... AF29: =SUM(P86:P89) -> 2
B30: 12.00 - 12.15 | C30: 1 | D30: 1 | E30: 4 | F30: 0 | G30: 0 | H30: 0 | I30: 0 | J30: 0 | K30: 0 | L30: 0 | M30: 4 | N30: 0 | O30: =SUM(C30:L30,N30) -> 6 | P30: =SUM(C30:N30) -> 10 | R30: 0300-0400 | S30: =SUM(C90:C93) -> 0 | T30: =SUM(D90:D93) -> 0 | U30: =SUM(E90:E93) -> 0 | V30: =SUM(F90:F93) -> 0 | W30: =SUM(G90:G93) -> 0 | X30: =SUM(H90:H93) -> 1 | Y30: =SUM(I90:I93) -> 0 | Z30: =SUM(J90:J93) -> 0 | ... AF30: =SUM(P90:P93) -> 3
B31: 12.15 - 12.30 | C31: 4 | D31: 2 | E31: 7 | F31: 2 | G31: 0 | H31: 2 | I31: 1 | J31: 1 | K31: 1 | L31: 2 | M31: 6 | N31: 0 | O31: =SUM(C31:L31,N31) -> 22 | P31: =SUM(C31:N31) -> 28 | R31: 0400-0500 | S31: =SUM(C94:C97) -> 0 | T31: =SUM(D94:D97) -> 0 | U31: =SUM(E94:E97) -> 0 | V31: =SUM(F94:F97) -> 0 | W31: =SUM(G94:G97) -> 0 | X31: =SUM(H94:H97) -> 1 | Y31: =SUM(I94:I97) -> 0 | Z31: =SUM(J94:J97) -> 0 | ... AF31: =SUM(P94:P97) -> 1
B32: 12.30 - 12.45 | C32: 3 | D32: 2 | E32: 6 | F32: 3 | G32: 0 | H32: 0 | I32: 2 | J32: 0 | K32: 0 | L32: 2 | M32: 1 | N32: 0 | O32: =SUM(C32:L32,N32) -> 18 | P32: =SUM(C32:N32) -> 19 | R32: 0500-0600 | S32: =SUM(C98:C101) -> 0 | T32: =SUM(D98:D101) -> 0 | U32: =SUM(E98:E101) -> 1 | V32: =SUM(F98:F101) -> 1 | W32: =SUM(G98:G101) -> 0 | X32: =SUM(H98:H101) -> 0 | Y32: =SUM(I98:I101) -> 0 | Z32: =SUM(J98:J101) -> 0 | ... AF32: =SUM(P98:P101) -> 3
B33: 12.45 - 13.00 | C33: 0 | D33: 5 | E33: 12 | F33: 1 | G33: 0 | H33: 1 | I33: 3 | J33: 0 | K33: 0 | L33: 2 | M33: 1 | N33: 0 | O33: =SUM(C33:L33,N33) -> 24 | P33: =SUM(C33:N33) -> 25 | R33: 0600-0700 | S33: =SUM(C102:C105) -> 2 | T33: =SUM(D102:D105) -> 0 | U33: =SUM(E102:E105) -> 4 | V33: =SUM(F102:F105) -> 2 | W33: =SUM(G102:G105) -> 0 | X33: =SUM(H102:H105) -> 2 | Y33: =SUM(I102:I105) -> 1 | Z33: =SUM(J102:J105) -> 0 | ... AF33: =SUM(P102:P105) -> 19
B34: 13.00 - 13.15 | C34: 1 | D34: 2 | E34: 5 | F34: 1 | G34: 0 | H34: 1 | I34: 3 | J34: 0 | K34: 0 | L34: 0 | M34: 8 | N34: 0 | O34: =SUM(C34:L34,N34) -> 13 | P34: =SUM(C34:N34) -> 21 | R34: AM Peak Hr | S34: =MAX(S10:S12) -> 4 | T34: =MAX(T10:T12) -> 4 | U34: =MAX(U10:U12) -> 16 | V34: =MAX(V10:V12) -> 7 | W34: =MAX(W10:W12) -> 2 | X34: =MAX(X10:X12) -> 4 | Y34: =MAX(Y10:Y12) -> 7 | Z34: =MAX(Z10:Z12) -> 2 | ... AF34: =MAX(AF10:AF12) -> 56
B35: 13.15 - 13.30 | C35: 3 | D35: 2 | E35: 7 | F35: 1 | G35: 0 | H35: 2 | I35: 4 | J35: 1 | K35: 0 | L35: 0 | M35: 2 | N35: 0 | O35: =SUM(C35:L35,N35) -> 20 | P35: =SUM(C35:N35) -> 22 | R35: IP Peak Hr | S35: =MAX(S13:S18) -> 16 | T35: =MAX(T13:T18) -> 10 | U35: =MAX(U13:U18) -> 29 | V35: =MAX(V13:V18) -> 6 | W35: =MAX(W13:W18) -> 0 | X35: =MAX(X13:X18) -> 7 | Y35: =MAX(Y13:Y18) -> 12 | Z35: =MAX(Z13:Z18) -> 2 | ... AF35: =MAX(AF13:AF18) -> 92
B36: 13.30 - 13.45 | C36: 1 | D36: 2 | E36: 7 | F36: 2 | G36: 0 | H36: 2 | I36: 2 | J36: 0 | K36: 1 | L36: 3 | M36: 5 | N36: 0 | O36: =SUM(C36:L36,N36) -> 20 | P36: =SUM(C36:N36) -> 25 | R36: PM Peak Hr | S36: =MAX(S19:S21) -> 19 | T36: =MAX(T19:T21) -> 7 | U36: =MAX(U19:U21) -> 26 | V36: =MAX(V19:V21) -> 16 | W36: =MAX(W19:W21) -> 0 | X36: =MAX(X19:X21) -> 5 | Y36: =MAX(Y19:Y21) -> 13 | Z36: =MAX(Z19:Z21) -> 2 | ... AF36: =MAX(AF19:AF21) -> 114
B37: 13.45 - 14.00 | C37: 4 | D37: 1 | E37: 5 | F37: 2 | G37: 0 | H37: 1 | I37: 3 | J37: 1 | K37: 1 | L37: 3 | M37: 3 | N37: 0 | O37: =SUM(C37:L37,N37) -> 21 | P37: =SUM(C37:N37) -> 24 | R37: AM Period | S37: =SUM(S10:S12) -> 8 | T37: =SUM(T10:T12) -> 7 | U37: =SUM(U10:U12) -> 39 | V37: =SUM(V10:V12) -> 14 | W37: =SUM(W10:W12) -> 2 | X37: =SUM(X10:X12) -> 5 | Y37: =SUM(Y10:Y12) -> 11 | Z37: =SUM(Z10:Z12) -> 2 | ... AF37: =SUM(AF10:AF12) -> 133
B38: 14.00 - 14.15 | C38: 3 | D38: 0 | E38: 2 | F38: 2 | G38: 0 | H38: 1 | I38: 2 | J38: 0 | K38: 0 | L38: 0 | M38: 1 | N38: 0 | O38: =SUM(C38:L38,N38) -> 10 | P38: =SUM(C38:N38) -> 11 | R38: IP Period | S38: =SUM(S13:S18) -> 58 | T38: =SUM(T13:T18) -> 42 | U38: =SUM(U13:U18) -> 136 | V38: =SUM(V13:V18) -> 25 | W38: =SUM(W13:W18) -> 0 | X38: =SUM(X13:X18) -> 25 | Y38: =SUM(Y13:Y18) -> 46 | Z38: =SUM(Z13:Z18) -> 6 | ... AF38: =SUM(AF13:AF18) -> 460
B39: 14.15 - 14.30 | C39: 2 | D39: 1 | E39: 5 | F39: 1 | G39: 0 | H39: 0 | I39: 5 | J39: 0 | K39: 0 | L39: 2 | M39: 2 | N39: 0 | O39: =SUM(C39:L39,N39) -> 16 | P39: =SUM(C39:N39) -> 18 | R39: PM Period | S39: =SUM(S19:S21) -> 30 | T39: =SUM(T19:T21) -> 12 | U39: =SUM(U19:U21) -> 50 | V39: =SUM(V19:V21) -> 34 | W39: =SUM(W19:W21) -> 0 | X39: =SUM(X19:X21) -> 11 | Y39: =SUM(Y19:Y21) -> 28 | Z39: =SUM(Z19:Z21) -> 3 | ... AF39: =SUM(AF19:AF21) -> 235
B40: 14.30 - 14.45 | C40: 0 | D40: 1 | E40: 3 | F40: 0 | G40: 0 | H40: 0 | I40: 3 | J40: 0 | K40: 0 | L40: 0 | M40: 0 | N40: 0 | O40: =SUM(C40:L40,N40) -> 7 | P40: =SUM(C40:N40) -> 7 | R40: 12 Hours | S40: =SUM(S10:S21) -> 96 | T40: =SUM(T10:T21) -> 61 | U40: =SUM(U10:U21) -> 225 | V40: =SUM(V10:V21) -> 73 | W40: =SUM(W10:W21) -> 2 | X40: =SUM(X10:X21) -> 41 | Y40: =SUM(Y10:Y21) -> 85 | Z40: =SUM(Z10:Z21) -> 11 | ... AF40: =SUM(AF10:AF21) -> 828
B41: 14.45 - 15.00 | C41: 4 | D41: 1 | E41: 4 | F41: 1 | G41: 0 | H41: 1 | I41: 1 | J41: 0 | K41: 0 | L41: 2 | M41: 1 | N41: 0 | O41: =SUM(C41:L41,N41) -> 14 | P41: =SUM(C41:N41) -> 15 | R41: 24 Hrs/ADT | S41: =SUM(S10:S33) -> 123 | T41: =SUM(T10:T33) -> 68 | U41: =SUM(U10:U33) -> 296 | V41: =SUM(V10:V33) -> 106 | W41: =SUM(W10:W33) -> 2 | X41: =SUM(X10:X33) -> 75 | Y41: =SUM(Y10:Y33) -> 112 | Z41: =SUM(Z10:Z33) -> 21 | ... AF41: =SUM(AF10:AF33) -> 1133
B42: 15.00 - 15.15 | C42: 4 | D42: 2 | E42: 7 | F42: 0 | G42: 0 | H42: 1 | I42: 4 | J42: 0 | K42: 2 | L42: 0 | M42: 6 | N42: 0 | O42: =SUM(C42:L42,N42) -> 20 | P42: =SUM(C42:N42) -> 26 | R42: NEF | S42: =S41/S40 -> 1.28125 | T42: =T41/T40 -> 1.1147541 | U42: =U41/U40 -> 1.3155556 | V42: =V41/V40 -> 1.4520548 | W42: =W41/W40 -> 1 | X42: =X41/X40 -> 1.8292683 | Y42: =Y41/Y40 -> 1.3176471 | Z42: =Z41/Z40 -> 1.9090909 | ... AF42: =AF41/AF40 -> 1.3683575
B43: 15.15 - 15.30 | C43: 2 | D43: 1 | E43: 3 | F43: 0 | G43: 0 | H43: 1 | I43: 0 | J43: 0 | K43: 0 | L43: 1 | M43: 6 | N43: 0 | O43: =SUM(C43:L43,N43) -> 8 | P43: =SUM(C43:N43) -> 14
B44: 15.30 - 15.45 | C44: 4 | D44: 2 | E44: 5 | F44: 0 | G44: 0 | H44: 3 | I44: 2 | J44: 0 | K44: 0 | L44: 3 | M44: 3 | N44: 0 | O44: =SUM(C44:L44,N44) -> 19 | P44: =SUM(C44:N44) -> 22
B45: 15.45 - 16.00 | C45: 6 | D45: 3 | E45: 7 | F45: 1 | G45: 0 | H45: 1 | I45: 1 | J45: 1 | K45: 0 | L45: 1 | M45: 5 | N45: 0 | O45: =SUM(C45:L45,N45) -> 21 | P45: =SUM(C45:N45) -> 26
B46: 16.00 - 16.15 | C46: 5 | D46: 2 | E46: 7 | F46: 1 | G46: 0 | H46: 1 | I46: 2 | J46: 0 | K46: 1 | L46: 1 | M46: 4 | N46: 0 | O46: =SUM(C46:L46,N46) -> 20 | P46: =SUM(C46:N46) -> 24
B47: 16.15 -16.30 | C47: 1 | D47: 1 | E47: 5 | F47: 4 | G47: 0 | H47: 1 | I47: 1 | J47: 0 | K47: 0 | L47: 2 | M47: 6 | N47: 0 | O47: =SUM(C47:L47,N47) -> 15 | P47: =SUM(C47:N47) -> 21
B48: 16.30 -16.45 | C48: 6 | D48: 3 | E48: 9 | F48: 8 | G48: 0 | H48: 0 | I48: 6 | J48: 0 | K48: 0 | L48: 3 | M48: 2 | N48: 0 | O48: =SUM(C48:L48,N48) -> 35 | P48: =SUM(C48:N48) -> 37
B49: 16.45 -17.00 | C49: 7 | D49: 1 | E49: 5 | F49: 3 | G49: 0 | H49: 1 | I49: 4 | J49: 0 | K49: 0 | L49: 2 | M49: 9 | N49: 0 | O49: =SUM(C49:L49,N49) -> 23 | P49: =SUM(C49:N49) -> 32
B50: 17.00 -17.15 | C50: 1 | D50: 1 | E50: 3 | F50: 2 | G50: 0 | H50: 4 | I50: 2 | J50: 1 | K50: 0 | L50: 0 | M50: 5 | N50: 0 | O50: =SUM(C50:L50,N50) -> 14 | P50: =SUM(C50:N50) -> 19
B51: 17.15 -17.30 | C51: 2 | D51: 0 | E51: 3 | F51: 1 | G51: 0 | H51: 1 | I51: 4 | J51: 0 | K51: 1 | L51: 1 | M51: 4 | N51: 0 | O51: =SUM(C51:L51,N51) -> 13 | P51: =SUM(C51:N51) -> 17
B52: 17.30 -17.45 | C52: 1 | D52: 1 | E52: 3 | F52: 4 | G52: 0 | H52: 0 | I52: 1 | J52: 0 | K52: 0 | L52: 1 | M52: 5 | N52: 0 | O52: =SUM(C52:L52,N52) -> 11 | P52: =SUM(C52:N52) -> 16
B53: 17.45 -18.00 | C53: 3 | D53: 1 | E53: 3 | F53: 4 | G53: 0 | H53: 0 | I53: 1 | J53: 1 | K53: 0 | L53: 0 | M53: 2 | N53: 0 | O53: =SUM(C53:L53,N53) -> 13 | P53: =SUM(C53:N53) -> 15
B54: 18.00 - 18.15 | C54: 1 | D54: 1 | E54: 3 | F54: 2 | G54: 0 | H54: 1 | I54: 2 | J54: 0 | K54: 0 | L54: 0 | M54: 5 | N54: 0 | O54: =SUM(C54:L54,N54) -> 10 | P54: =SUM(C54:N54) -> 15
... B105: 06.45 - 07.00 | C105: 1 | D105: 0 | E105: 2 | F105: 1 | G105: 0 | H105: 0 | I105: 1 | J105: 0 | K105: 0 | L105: 2 | M105: 1 | N105: 0 | O105: =SUM(C105:L105,N105) -> 7 | P105: =SUM(C105:N105) -> 8
B106: Totals | C106: =SUM(C10:C105) -> 123 | D106: =SUM(D10:D105) -> 68 | E106: =SUM(E10:E105) -> 296 | F106: =SUM(F10:F105) -> 106 | G106: =SUM(G10:G105) -> 2 | H106: =SUM(H10:H105) -> 75 | I106: =SUM(I10:I105) -> 112 | J106: =SUM(J10:J105) -> 21 | ... P106: =SUM(P10:P105) -> 1133
B107: %ges + MCs | C107: =C106/$P$106 -> 0.10856134 | D107: =D106/$P$106 -> 0.060017652 | E107: =E106/$P$106 -> 0.26125331 | F107: =F106/$P$106 -> 0.093556929 | G107: =G106/$P$106 -> 0.0017652251 | H107: =H106/$P$106 -> 0.06619594 | I107: =I106/$P$106 -> 0.098852604 | J107: =J106/$P$106 -> 0.018534863 | ... N107: =N106/$P$106 -> 0
B108: %ges w/o MCs | C108: =C106/$O$106 -> 0.13712375 | D108: =D106/$O$106 -> 0.07580825 | E108: =E106/$O$106 -> 0.32998885 | F108: =F106/$O$106 -> 0.11817168 | G108: =G106/$O$106 -> 0.0022296544 | H108: =H106/$O$106 -> 0.08361204 | I108: =I106/$O$106 -> 0.12486065 | J108: =J106/$O$106 -> 0.023411371 | ... L108: =L106/$O$106 -> 0.093645485 | N108: =N106/$O$106 -> 0

Sheet 02.08 Kigumba-Karuma-24h
B1: Consultancy services for Preparation of Expressway Development Master Plan (EDMP) for Uganda
B2: MANUAL CLASSIFIED COUNT (MCC)
B3: ROAD NAME: | C3: ='29.07 Karuma-Kigumba'!C3:G3 -> MCC - C5 - STN113 - KIGUMBA-KARUMA ROAD
C5: Date | D5: ='02.08 Karuma-Kigumba-24h'!D5 -> 02.08.19 | F5: Location | G5: ='02.08 Karuma-Kigumba-24h'!G5:H5 -> nanda | J5: Surveyor | K5: ='02.08 Karuma-Kigumba-24h'!K5:L5 -> xxx
C6: Dir. From | D6: ='29.07 Kigumba-Karuma'!D6:E6 -> Kigumba | F6: Dir. To | G6: ='30.07 Kigumba-Karuma'!G6:H6 -> Karuma | J6: Supervisor | K6: ='02.08 Karuma-Kigumba-24h'!K6:L6 -> xxx
B8: Time / Veh Type | R8: SUMMARY TRAFFIC VOLUMES
C9: 1. Car | D9: 2. Station Wagon | E9: 3. Pickups | F9: 4. Minibus, matatu | G9: 5. Medium bus | H9: 6. Large Bus | I9: 7. Light Truck | J9: 8. Medium Truck | K9: 9. Heavy truck | L9: 10. Truck Trailer | M9: 11. Motor cycles | N9: 12. Tractors | O9: Total Excl M/Cycles | P9: Total All | R9: Time | S9: 1. Car | T9: 2. Station Wagon | U9: 3. Pickups | V9: 4. Minibus, matatu | W9: 5. Medium bus | X9: 6. Large Bus | Y9: 7. Light Truck | Z9: 8. Medium Truck | AA9: 9. Heavy truck | AB9: 10. Truck Trailer | AC9: 11. Motorcycles | AD9: 12. Tractors, Graders | AE9: Total Excl M/ Cycles | AF9: Total All
B10: 07.00 - 07.15 | C10: 0 | D10: 0 | E10: 0 | F10: 1 | G10: 0 | H10: 0 | I10: 2 | J10: 0 | K10: 0 | L10: 6 | M10: 0 | N10: 0 | O10: =SUM(C10:L10,N10) -> 9 | P10: =SUM(C10:N10) -> 9 | R10: 0700-0800 | S10: =SUM(C10:C13) -> 0 | T10: =SUM(D10:D13) -> 2 | U10: =SUM(E10:E13) -> 6 | V10: =SUM(F10:F13) -> 5 | W10: =SUM(G10:G13) -> 0 | X10: =SUM(H10:H13) -> 0 | Y10: =SUM(I10:I13) -> 9 | Z10: =SUM(J10:J13) -> 1 | ... AF10: =SUM(P10:P13) -> 44
B11: 07.15 - 07.30 | C11: 0 | D11: 1 | E11: 3 | F11: 2 | G11: 0 | H11: 0 | I11: 4 | J11: 0 | K11: 0 | L11: 1 | M11: 0 | N11: 0 | O11: =SUM(C11:L11,N11) -> 11 | P11: =SUM(C11:N11) -> 11 | R11: 0800-0900 | S11: =SUM(C14:C17) -> 7 | T11: =SUM(D14:D17) -> 4 | U11: =SUM(E14:E17) -> 9 | V11: =SUM(F14:F17) -> 5 | W11: =SUM(G14:G17) -> 0 | X11: =SUM(H14:H17) -> 0 | Y11: =SUM(I14:I17) -> 5 | Z11: =SUM(J14:J17) -> 0 | ... AF11: =SUM(P14:P17) -> 45
B12: 07.30 - 07.45 | C12: 0 | D12: 0 | E12: 1 | F12: 2 | G12: 0 | H12: 0 | I12: 1 | J12: 1 | K12: 0 | L12: 1 | M12: 5 | N12: 0 | O12: =SUM(C12:L12,N12) -> 6 | P12: =SUM(C12:N12) -> 11 | R12: 0900-1000 | S12: =SUM(C18:C21) -> 5 | T12: =SUM(D18:D21) -> 1 | U12: =SUM(E18:E21) -> 7 | V12: =SUM(F18:F21) -> 7 | W12: =SUM(G18:G21) -> 0 | X12: =SUM(H18:H21) -> 0 | Y12: =SUM(I18:I21) -> 4 | Z12: =SUM(J18:J21) -> 1 | ... AF12: =SUM(P18:P21) -> 38
B13: 07.45 - 08.00 | C13: 0 | D13: 1 | E13: 2 | F13: 0 | G13: 0 | H13: 0 | I13: 2 | J13: 0 | K13: 0 | L13: 3 | M13: 5 | N13: 0 | O13: =SUM(C13:L13,N13) -> 8 | P13: =SUM(C13:N13) -> 13 | R13: 1000-1100 | S13: =SUM(C22:C25) -> 3 | T13: =SUM(D22:D25) -> 7 | U13: =SUM(E22:E25) -> 16 | V13: =SUM(F22:F25) -> 8 | W13: =SUM(G22:G25) -> 0 | X13: =SUM(H22:H25) -> 3 | Y13: =SUM(I22:I25) -> 10 | Z13: =SUM(J22:J25) -> 0 | ... AF13: =SUM(P22:P25) -> 67
B14: 08.00 - 08.15 | C14: 2 | D14: 2 | E14: 3 | F14: 1 | G14: 0 | H14: 0 | I14: 1 | J14: 0 | K14: 0 | L14: 1 | M14: 3 | N14: 0 | O14: =SUM(C14:L14,N14) -> 10 | P14: =SUM(C14:N14) -> 13 | R14: 1100-1200 | S14: =SUM(C26:C29) -> 12 | T14: =SUM(D26:D29) -> 3 | U14: =SUM(E26:E29) -> 9 | V14: =SUM(F26:F29) -> 9 | W14: =SUM(G26:G29) -> 0 | X14: =SUM(H26:H29) -> 2 | Y14: =SUM(I26:I29) -> 6 | Z14: =SUM(J26:J29) -> 0 | ... AF14: =SUM(P26:P29) -> 65
B15: 08.15 - 08.30 | C15: 2 | D15: 0 | E15: 1 | F15: 0 | G15: 0 | H15: 0 | I15: 3 | J15: 0 | K15: 0 | L15: 0 | M15: 5 | N15: 0 | O15: =SUM(C15:L15,N15) -> 6 | P15: =SUM(C15:N15) -> 11 | R15: 1200-1300 | S15: =SUM(C30:C33) -> 7 | T15: =SUM(D30:D33) -> 3 | U15: =SUM(E30:E33) -> 9 | V15: =SUM(F30:F33) -> 12 | W15: =SUM(G30:G33) -> 1 | X15: =SUM(H30:H33) -> 5 | Y15: =SUM(I30:I33) -> 5 | Z15: =SUM(J30:J33) -> 0 | ... AF15: =SUM(P30:P33) -> 58
B16: 08.30 - 08.45 | C16: 3 | D16: 2 | E16: 4 | F16: 1 | G16: 0 | H16: 0 | I16: 0 | J16: 0 | K16: 0 | L16: 1 | M16: 2 | N16: 0 | O16: =SUM(C16:L16,N16) -> 11 | P16: =SUM(C16:N16) -> 13 | R16: 1300-1400 | S16: =SUM(C34:C37) -> 25 | T16: =SUM(D34:D37) -> 5 | U16: =SUM(E34:E37) -> 12 | V16: =SUM(F34:F37) -> 6 | W16: =SUM(G34:G37) -> 1 | X16: =SUM(H34:H37) -> 5 | Y16: =SUM(I34:I37) -> 3 | Z16: =SUM(J34:J37) -> 0 | ... AF16: =SUM(P34:P37) -> 71
B17: 08.45 - 9.00 | C17: 0 | D17: 0 | E17: 1 | F17: 3 | G17: 0 | H17: 0 | I17: 1 | J17: 0 | K17: 0 | L17: 1 | M17: 2 | N17: 0 | O17: =SUM(C17:L17,N17) -> 6 | P17: =SUM(C17:N17) -> 8 | R17: 1400-1500 | S17: =SUM(C38:C41) -> 12 | T17: =SUM(D38:D41) -> 7 | U17: =SUM(E38:E41) -> 14 | V17: =SUM(F38:F41) -> 3 | W17: =SUM(G38:G41) -> 0 | X17: =SUM(H38:H41) -> 2 | Y17: =SUM(I38:I41) -> 5 | Z17: =SUM(J38:J41) -> 0 | ... AF17: =SUM(P38:P41) -> 70
B18: 09.00 - 09.15 | C18: 1 | D18: 1 | E18: 2 | F18: 2 | G18: 0 | H18: 0 | I18: 0 | J18: 0 | K18: 0 | L18: 0 | M18: 2 | N18: 0 | O18: =SUM(C18:L18,N18) -> 6 | P18: =SUM(C18:N18) -> 8 | R18: 1500-1600 | S18: =SUM(C42:C45) -> 12 | T18: =SUM(D42:D45) -> 11 | U18: =SUM(E42:E45) -> 21 | V18: =SUM(F42:F45) -> 9 | W18: =SUM(G42:G45) -> 0 | X18: =SUM(H42:H45) -> 5 | Y18: =SUM(I42:I45) -> 5 | Z18: =SUM(J42:J45) -> 0 | ... AF18: =SUM(P42:P45) -> 86
B19: 09.15 - 09.30 | C19: 2 | D19: 0 | E19: 1 | F19: 2 | G19: 0 | H19: 0 | I19: 1 | J19: 1 | K19: 0 | L19: 0 | M19: 5 | N19: 0 | O19: =SUM(C19:L19,N19) -> 7 | P19: =SUM(C19:N19) -> 12 | R19: 1600-1700 | S19: =SUM(C46:C49) -> 10 | T19: =SUM(D46:D49) -> 4 | U19: =SUM(E46:E49) -> 13 | V19: =SUM(F46:F49) -> 5 | W19: =SUM(G46:G49) -> 0 | X19: =SUM(H46:H49) -> 5 | Y19: =SUM(I46:I49) -> 8 | Z19: =SUM(J46:J49) -> 0 | ... AF19: =SUM(P46:P49) -> 68
B20: 09.30 - 09.45 | C20: 0 | D20: 0 | E20: 2 | F20: 0 | G20: 0 | H20: 0 | I20: 2 | J20: 0 | K20: 0 | L20: 0 | M20: 3 | N20: 0 | O20: =SUM(C20:L20,N20) -> 4 | P20: =SUM(C20:N20) -> 7 | R20: 1700-1800 | S20: =SUM(C50:C53) -> 11 | T20: =SUM(D50:D53) -> 8 | U20: =SUM(E50:E53) -> 15 | V20: =SUM(F50:F53) -> 9 | W20: =SUM(G50:G53) -> 0 | X20: =SUM(H50:H53) -> 7 | Y20: =SUM(I50:I53) -> 8 | Z20: =SUM(J50:J53) -> 1 | ... AF20: =SUM(P50:P53) -> 90
B21: 09.45 - 10.00 | C21: 2 | D21: 0 | E21: 2 | F21: 3 | G21: 0 | H21: 0 | I21: 1 | J21: 0 | K21: 0 | L21: 0 | M21: 3 | N21: 0 | O21: =SUM(C21:L21,N21) -> 8 | P21: =SUM(C21:N21) -> 11 | R21: 1800-1900 | S21: =SUM(C54:C57) -> 15 | T21: =SUM(D54:D57) -> 9 | U21: =SUM(E54:E57) -> 20 | V21: =SUM(F54:F57) -> 12 | W21: =SUM(G54:G57) -> 1 | X21: =SUM(H54:H57) -> 6 | Y21: =SUM(I54:I57) -> 7 | Z21: =SUM(J54:J57) -> 4 | ... AF21: =SUM(P54:P57) -> 117
B22: 10.00 - 10.15 | C22: 1 | D22: 0 | E22: 2 | F22: 1 | G22: 0 | H22: 1 | I22: 1 | J22: 0 | K22: 0 | L22: 0 | M22: 6 | N22: 0 | O22: =SUM(C22:L22,N22) -> 6 | P22: =SUM(C22:N22) -> 12 | R22: 1900-2000 | S22: =SUM(C58:C61) -> 13 | T22: =SUM(D58:D61) -> 7 | U22: =SUM(E58:E61) -> 16 | V22: =SUM(F58:F61) -> 4 | W22: =SUM(G58:G61) -> 0 | X22: =SUM(H58:H61) -> 5 | Y22: =SUM(I58:I61) -> 6 | Z22: =SUM(J58:J61) -> 0 | ... AF22: =SUM(P58:P61) -> 85
B23: 10.15 - 10.30 | C23: 0 | D23: 2 | E23: 4 | F23: 3 | G23: 0 | H23: 0 | I23: 5 | J23: 0 | K23: 0 | L23: 0 | M23: 5 | N23: 0 | O23: =SUM(C23:L23,N23) -> 14 | P23: =SUM(C23:N23) -> 19 | R23: 2000-2100 | S23: =SUM(C62:C65) -> 9 | T23: =SUM(D62:D65) -> 4 | U23: =SUM(E62:E65) -> 11 | V23: =SUM(F62:F65) -> 3 | W23: =SUM(G62:G65) -> 0 | X23: =SUM(H62:H65) -> 1 | Y23: =SUM(I62:I65) -> 5 | Z23: =SUM(J62:J65) -> 0 | ... AF23: =SUM(P62:P65) -> 53
B24: 10.30 - 10.45 | C24: 2 | D24: 2 | E24: 5 | F24: 3 | G24: 0 | H24: 1 | I24: 1 | J24: 0 | K24: 0 | L24: 0 | M24: 7 | N24: 0 | O24: =SUM(C24:L24,N24) -> 14 | P24: =SUM(C24:N24) -> 21 | R24: 2100-2200 | S24: =SUM(C66:C69) -> 5 | T24: =SUM(D66:D69) -> 1 | U24: =SUM(E66:E69) -> 9 | V24: =SUM(F66:F69) -> 1 | W24: =SUM(G66:G69) -> 0 | X24: =SUM(H66:H69) -> 0 | Y24: =SUM(I66:I69) -> 2 | Z24: =SUM(J66:J69) -> 0 | ... AF24: =SUM(P66:P69) -> 31
B25: 10.45 - 11.00 | C25: 0 | D25: 3 | E25: 5 | F25: 1 | G25: 0 | H25: 1 | I25: 3 | J25: 0 | K25: 1 | L25: 0 | M25: 1 | N25: 0 | O25: =SUM(C25:L25,N25) -> 14 | P25: =SUM(C25:N25) -> 15 | R25: 2200-2300 | S25: =SUM(C70:C73) -> 3 | T25: =SUM(D70:D73) -> 0 | U25: =SUM(E70:E73) -> 4 | V25: =SUM(F70:F73) -> 0 | W25: =SUM(G70:G73) -> 0 | X25: =SUM(H70:H73) -> 4 | Y25: =SUM(I70:I73) -> 1 | Z25: =SUM(J70:J73) -> 0 | ... AF25: =SUM(P70:P73) -> 17
B26: 11.00 - 11.15 | C26: 5 | D26: 0 | E26: 2 | F26: 2 | G26: 0 | H26: 1 | I26: 2 | J26: 0 | K26: 0 | L26: 1 | M26: 3 | N26: 0 | O26: =SUM(C26:L26,N26) -> 13 | P26: =SUM(C26:N26) -> 16 | R26: 2300-0000 | S26: =SUM(C74:C77) -> 2 | T26: =SUM(D74:D77) -> 0 | U26: =SUM(E74:E77) -> 3 | V26: =SUM(F74:F77) -> 0 | W26: =SUM(G74:G77) -> 0 | X26: =SUM(H74:H77) -> 0 | Y26: =SUM(I74:I77) -> 0 | Z26: =SUM(J74:J77) -> 0 | ... AF26: =SUM(P74:P77) -> 9
B27: 11.15 - 11.30 | C27: 4 | D27: 1 | E27: 2 | F27: 2 | G27: 0 | H27: 1 | I27: 1 | J27: 0 | K27: 1 | L27: 5 | M27: 4 | N27: 0 | O27: =SUM(C27:L27,N27) -> 17 | P27: =SUM(C27:N27) -> 21 | R27: 0000-0100 | S27: =SUM(C78:C81) -> 2 | T27: =SUM(D78:D81) -> 0 | U27: =SUM(E78:E81) -> 5 | V27: =SUM(F78:F81) -> 0 | W27: =SUM(G78:G81) -> 0 | X27: =SUM(H78:H81) -> 0 | Y27: =SUM(I78:I81) -> 1 | Z27: =SUM(J78:J81) -> 0 | ... AF27: =SUM(P78:P81) -> 15
B28: 11.30 - 11.45 | C28: 2 | D28: 0 | E28: 1 | F28: 2 | G28: 0 | H28: 0 | I28: 1 | J28: 0 | K28: 0 | L28: 1 | M28: 3 | N28: 0 | O28: =SUM(C28:L28,N28) -> 7 | P28: =SUM(C28:N28) -> 10 | R28: 0100-0200 | S28: =SUM(C82:C85) -> 1 | T28: =SUM(D82:D85) -> 0 | U28: =SUM(E82:E85) -> 1 | V28: =SUM(F82:F85) -> 0 | W28: =SUM(G82:G85) -> 0 | X28: =SUM(H82:H85) -> 2 | Y28: =SUM(I82:I85) -> 0 | Z28: =SUM(J82:J85) -> 0 | ... AF28: =SUM(P82:P85) -> 5
B29: 11.45 - 12.00 | C29: 1 | D29: 2 | E29: 4 | F29: 3 | G29: 0 | H29: 0 | I29: 2 | J29: 0 | K29: 1 | L29: 0 | M29: 5 | N29: 0 | O29: =SUM(C29:L29,N29) -> 13 | P29: =SUM(C29:N29) -> 18 | R29: 0200-0300 | S29: =SUM(C86:C89) -> 2 | T29: =SUM(D86:D89) -> 0 | U29: =SUM(E86:E89) -> 5 | V29: =SUM(F86:F89) -> 0 | W29: =SUM(G86:G89) -> 0 | X29: =SUM(H86:H89) -> 5 | Y29: =SUM(I86:I89) -> 0 | Z29: =SUM(J86:J89) -> 0 | ... AF29: =SUM(P86:P89) -> 18
B30: 12.00 - 12.15 | C30: 4 | D30: 2 | E30: 3 | F30: 6 | G30: 0 | H30: 2 | I30: 3 | J30: 0 | K30: 0 | L30: 1 | M30: 5 | N30: 0 | O30: =SUM(C30:L30,N30) -> 21 | P30: =SUM(C30:N30) -> 26 | R30: 0300-0400 | S30: =SUM(C90:C93) -> 2 | T30: =SUM(D90:D93) -> 0 | U30: =SUM(E90:E93) -> 4 | V30: =SUM(F90:F93) -> 0 | W30: =SUM(G90:G93) -> 0 | X30: =SUM(H90:H93) -> 6 | Y30: =SUM(I90:I93) -> 1 | Z30: =SUM(J90:J93) -> 0 | ... AF30: =SUM(P90:P93) -> 21
B31: 12.15 - 12.30 | C31: 1 | D31: 1 | E31: 3 | F31: 4 | G31: 0 | H31: 0 | I31: 0 | J31: 0 | K31: 0 | L31: 0 | M31: 5 | N31: 0 | O31: =SUM(C31:L31,N31) -> 9 | P31: =SUM(C31:N31) -> 14 | R31: 0400-0500 | S31: =SUM(C94:C97) -> 2 | T31: =SUM(D94:D97) -> 0 | U31: =SUM(E94:E97) -> 4 | V31: =SUM(F94:F97) -> 0 | W31: =SUM(G94:G97) -> 0 | X31: =SUM(H94:H97) -> 6 | Y31: =SUM(I94:I97) -> 1 | Z31: =SUM(J94:J97) -> 0 | ... AF31: =SUM(P94:P97) -> 18
B32: 12.30 - 12.45 | C32: 1 | D32: 0 | E32: 2 | F32: 0 | G32: 1 | H32: 1 | I32: 2 | J32: 0 | K32: 0 | L32: 0 | M32: 1 | N32: 0 | O32: =SUM(C32:L32,N32) -> 7 | P32: =SUM(C32:N32) -> 8 | R32: 0500-0600 | S32: =SUM(C98:C101) -> 2 | T32: =SUM(D98:D101) -> 0 | U32: =SUM(E98:E101) -> 5 | V32: =SUM(F98:F101) -> 0 | W32: =SUM(G98:G101) -> 0 | X32: =SUM(H98:H101) -> 3 | Y32: =SUM(I98:I101) -> 0 | Z32: =SUM(J98:J101) -> 0 | ... AF32: =SUM(P98:P101) -> 16
B33: 12.45 - 13.00 | C33: 1 | D33: 0 | E33: 1 | F33: 2 | G33: 0 | H33: 2 | I33: 0 | J33: 0 | K33: 0 | L33: 0 | M33: 4 | N33: 0 | O33: =SUM(C33:L33,N33) -> 6 | P33: =SUM(C33:N33) -> 10 | R33: 0600-0700 | S33: =SUM(C102:C105) -> 4 | T33: =SUM(D102:D105) -> 1 | U33: =SUM(E102:E105) -> 4 | V33: =SUM(F102:F105) -> 1 | W33: =SUM(G102:G105) -> 0 | X33: =SUM(H102:H105) -> 1 | Y33: =SUM(I102:I105) -> 1 | Z33: =SUM(J102:J105) -> 0 | ... AF33: =SUM(P102:P105) -> 18
B34: 13.00 - 13.15 | C34: 6 | D34: 2 | E34: 5 | F34: 2 | G34: 0 | H34: 0 | I34: 2 | J34: 0 | K34: 0 | L34: 1 | M34: 1 | N34: 0 | O34: =SUM(C34:L34,N34) -> 18 | P34: =SUM(C34:N34) -> 19 | R34: AM Peak Hr | S34: =MAX(S10:S12) -> 7 | T34: =MAX(T10:T12) -> 4 | U34: =MAX(U10:U12) -> 9 | V34: =MAX(V10:V12) -> 7 | W34: =MAX(W10:W12) -> 0 | X34: =MAX(X10:X12) -> 0 | Y34: =MAX(Y10:Y12) -> 9 | Z34: =MAX(Z10:Z12) -> 1 | ... AF34: =MAX(AF10:AF12) -> 45
B35: 13.15 - 13.30 | C35: 5 | D35: 1 | E35: 3 | F35: 3 | G35: 0 | H35: 1 | I35: 0 | J35: 0 | K35: 0 | L35: 1 | M35: 6 | N35: 0 | O35: =SUM(C35:L35,N35) -> 14 | P35: =SUM(C35:N35) -> 20 | R35: IP Peak Hr | S35: =MAX(S13:S18) -> 25 | T35: =MAX(T13:T18) -> 11 | U35: =MAX(U13:U18) -> 21 | V35: =MAX(V13:V18) -> 12 | W35: =MAX(W13:W18) -> 1 | X35: =MAX(X13:X18) -> 5 | Y35: =MAX(Y13:Y18) -> 10 | Z35: =MAX(Z13:Z18) -> 0 | ... AF35: =MAX(AF13:AF18) -> 86
B36: 13.30 - 13.45 | C36: 5 | D36: 1 | E36: 2 | F36: 0 | G36: 0 | H36: 3 | I36: 0 | J36: 0 | K36: 0 | L36: 0 | M36: 2 | N36: 0 | O36: =SUM(C36:L36,N36) -> 11 | P36: =SUM(C36:N36) -> 13 | R36: PM Peak Hr | S36: =MAX(S19:S21) -> 15 | T36: =MAX(T19:T21) -> 9 | U36: =MAX(U19:U21) -> 20 | V36: =MAX(V19:V21) -> 12 | W36: =MAX(W19:W21) -> 1 | X36: =MAX(X19:X21) -> 7 | Y36: =MAX(Y19:Y21) -> 8 | Z36: =MAX(Z19:Z21) -> 4 | ... AF36: =MAX(AF19:AF21) -> 117
B37: 13.45 - 14.00 | C37: 9 | D37: 1 | E37: 2 | F37: 1 | G37: 1 | H37: 1 | I37: 1 | J37: 0 | K37: 0 | L37: 0 | M37: 3 | N37: 0 | O37: =SUM(C37:L37,N37) -> 16 | P37: =SUM(C37:N37) -> 19 | R37: AM Period | S37: =SUM(S10:S12) -> 12 | T37: =SUM(T10:T12) -> 7 | U37: =SUM(U10:U12) -> 22 | V37: =SUM(V10:V12) -> 17 | W37: =SUM(W10:W12) -> 0 | X37: =SUM(X10:X12) -> 0 | Y37: =SUM(Y10:Y12) -> 18 | Z37: =SUM(Z10:Z12) -> 2 | ... AF37: =SUM(AF10:AF12) -> 127
B38: 14.00 - 14.15 | C38: 2 | D38: 1 | E38: 3 | F38: 0 | G38: 0 | H38: 1 | I38: 0 | J38: 0 | K38: 0 | L38: 1 | M38: 7 | N38: 0 | O38: =SUM(C38:L38,N38) -> 8 | P38: =SUM(C38:N38) -> 15 | R38: IP Period | S38: =SUM(S13:S18) -> 71 | T38: =SUM(T13:T18) -> 36 | U38: =SUM(U13:U18) -> 81 | V38: =SUM(V13:V18) -> 47 | W38: =SUM(W13:W18) -> 2 | X38: =SUM(X13:X18) -> 22 | Y38: =SUM(Y13:Y18) -> 34 | Z38: =SUM(Z13:Z18) -> 0 | ... AF38: =SUM(AF13:AF18) -> 417
B39: 14.15 - 14.30 | C39: 4 | D39: 2 | E39: 3 | F39: 1 | G39: 0 | H39: 0 | I39: 2 | J39: 0 | K39: 0 | L39: 0 | M39: 9 | N39: 0 | O39: =SUM(C39:L39,N39) -> 12 | P39: =SUM(C39:N39) -> 21 | R39: PM Period | S39: =SUM(S19:S21) -> 36 | T39: =SUM(T19:T21) -> 21 | U39: =SUM(U19:U21) -> 48 | V39: =SUM(V19:V21) -> 26 | W39: =SUM(W19:W21) -> 1 | X39: =SUM(X19:X21) -> 18 | Y39: =SUM(Y19:Y21) -> 23 | Z39: =SUM(Z19:Z21) -> 5 | ... AF39: =SUM(AF19:AF21) -> 275
B40: 14.30 - 14.45 | C40: 4 | D40: 1 | E40: 3 | F40: 0 | G40: 0 | H40: 1 | I40: 3 | J40: 0 | K40: 0 | L40: 1 | M40: 4 | N40: 0 | O40: =SUM(C40:L40,N40) -> 13 | P40: =SUM(C40:N40) -> 17 | R40: 12 Hours | S40: =SUM(S10:S21) -> 119 | T40: =SUM(T10:T21) -> 64 | U40: =SUM(U10:U21) -> 151 | V40: =SUM(V10:V21) -> 90 | W40: =SUM(W10:W21) -> 3 | X40: =SUM(X10:X21) -> 40 | Y40: =SUM(Y10:Y21) -> 75 | Z40: =SUM(Z10:Z21) -> 7 | ... AF40: =SUM(AF10:AF21) -> 819
B41: 14.45 - 15.00 | C41: 2 | D41: 3 | E41: 5 | F41: 2 | G41: 0 | H41: 0 | I41: 0 | J41: 0 | K41: 0 | L41: 3 | M41: 2 | N41: 0 | O41: =SUM(C41:L41,N41) -> 15 | P41: =SUM(C41:N41) -> 17 | R41: 24 Hrs/ADT | S41: =SUM(S10:S33) -> 166 | T41: =SUM(T10:T33) -> 77 | U41: =SUM(U10:U33) -> 222 | V41: =SUM(V10:V33) -> 99 | W41: =SUM(W10:W33) -> 3 | X41: =SUM(X10:X33) -> 73 | Y41: =SUM(Y10:Y33) -> 93 | Z41: =SUM(Z10:Z33) -> 7 | ... AF41: =SUM(AF10:AF33) -> 1125
B42: 15.00 - 15.15 | C42: 3 | D42: 2 | E42: 3 | F42: 5 | G42: 0 | H42: 1 | I42: 0 | J42: 0 | K42: 0 | L42: 0 | M42: 1 | N42: 0 | O42: =SUM(C42:L42,N42) -> 14 | P42: =SUM(C42:N42) -> 15 | R42: NEF | S42: =S41/S40 -> 1.394958 | T42: =T41/T40 -> 1.203125 | U42: =U41/U40 -> 1.4701987 | V42: =V41/V40 -> 1.1 | W42: =W41/W40 -> 1 | X42: =X41/X40 -> 1.825 | Y42: =Y41/Y40 -> 1.24 | Z42: =Z41/Z40 -> 1 | ... AF42: =AF41/AF40 -> 1.3736264
B43: 15.15 - 15.30 | C43: 4 | D43: 3 | E43: 6 | F43: 1 | G43: 0 | H43: 1 | I43: 0 | J43: 0 | K43: 0 | L43: 0 | M43: 6 | N43: 0 | O43: =SUM(C43:L43,N43) -> 15 | P43: =SUM(C43:N43) -> 21
B44: 15.30 - 15.45 | C44: 2 | D44: 3 | E44: 6 | F44: 0 | G44: 0 | H44: 2 | I44: 3 | J44: 0 | K44: 0 | L44: 3 | M44: 8 | N44: 0 | O44: =SUM(C44:L44,N44) -> 19 | P44: =SUM(C44:N44) -> 27
B45: 15.45 - 16.00 | C45: 3 | D45: 3 | E45: 6 | F45: 3 | G45: 0 | H45: 1 | I45: 2 | J45: 0 | K45: 0 | L45: 1 | M45: 4 | N45: 0 | O45: =SUM(C45:L45,N45) -> 19 | P45: =SUM(C45:N45) -> 23
B46: 16.00 - 16.15 | C46: 2 | D46: 0 | E46: 2 | F46: 2 | G46: 0 | H46: 1 | I46: 2 | J46: 0 | K46: 0 | L46: 1 | M46: 2 | N46: 0 | O46: =SUM(C46:L46,N46) -> 10 | P46: =SUM(C46:N46) -> 12
B47: 16.15 -16.30 | C47: 4 | D47: 0 | E47: 2 | F47: 1 | G47: 0 | H47: 2 | I47: 6 | J47: 0 | K47: 0 | L47: 1 | M47: 9 | N47: 0 | O47: =SUM(C47:L47,N47) -> 16 | P47: =SUM(C47:N47) -> 25
B48: 16.30 -16.45 | C48: 3 | D48: 2 | E48: 5 | F48: 2 | G48: 0 | H48: 0 | I48: 0 | J48: 0 | K48: 0 | L48: 3 | M48: 4 | N48: 0 | O48: =SUM(C48:L48,N48) -> 15 | P48: =SUM(C48:N48) -> 19
B49: 16.45 -17.00 | C49: 1 | D49: 2 | E49: 4 | F49: 0 | G49: 0 | H49: 2 | I49: 0 | J49: 0 | K49: 0 | L49: 0 | M49: 3 | N49: 0 | O49: =SUM(C49:L49,N49) -> 9 | P49: =SUM(C49:N49) -> 12
B50: 17.00 -17.15 | C50: 1 | D50: 1 | E50: 3 | F50: 2 | G50: 0 | H50: 1 | I50: 3 | J50: 0 | K50: 0 | L50: 1 | M50: 7 | N50: 0 | O50: =SUM(C50:L50,N50) -> 12 | P50: =SUM(C50:N50) -> 19
B51: 17.15 -17.30 | C51: 1 | D51: 3 | E51: 5 | F51: 4 | G51: 0 | H51: 1 | I51: 0 | J51: 0 | K51: 0 | L51: 0 | M51: 9 | N51: 0 | O51: =SUM(C51:L51,N51) -> 14 | P51: =SUM(C51:N51) -> 23
B52: 17.30 -17.45 | C52: 3 | D52: 2 | E52: 4 | F52: 0 | G52: 0 | H52: 1 | I52: 3 | J52: 0 | K52: 0 | L52: 3 | M52: 8 | N52: 0 | O52: =SUM(C52:L52,N52) -> 16 | P52: =SUM(C52:N52) -> 24
B53: 17.45 -18.00 | C53: 6 | D53: 2 | E53: 3 | F53: 3 | G53: 0 | H53: 4 | I53: 2 | J53: 1 | K53: 0 | L53: 2 | M53: 1 | N53: 0 | O53: =SUM(C53:L53,N53) -> 23 | P53: =SUM(C53:N53) -> 24
B54: 18.00 - 18.15 | C54: 1 | D54: 4 | E54: 7 | F54: 1 | G54: 0 | H54: 0 | I54: 0 | J54: 0 | K54: 0 | L54: 0 | M54: 5 | N54: 0 | O54: =SUM(C54:L54,N54) -> 13 | P54: =SUM(C54:N54) -> 18
... B105: 06.45 - 07.00 | C105: 1 | D105: 0 | E105: 1 | F105: 0 | G105: 0 | H105: 0 | I105: 0 | J105: 0 | K105: 0 | L105: 0 | M105: 1 | N105: 0 | O105: =SUM(C105:L105,N105) -> 2 | P105: =SUM(C105:N105) -> 3
B106: Totals | C106: =SUM(C10:C105) -> 166 | D106: =SUM(D10:D105) -> 77 | E106: =SUM(E10:E105) -> 222 | F106: =SUM(F10:F105) -> 99 | G106: =SUM(G10:G105) -> 3 | H106: =SUM(H10:H105) -> 73 | I106: =SUM(I10:I105) -> 93 | J106: =SUM(J10:J105) -> 7 | ... P106: =SUM(P10:P105) -> 1125
B107: %ges + MCs | C107: =C106/$P$106 -> 0.14755556 | D107: =D106/$P$106 -> 0.068444444 | E107: =E106/$P$106 -> 0.19733333 | F107: =F106/$P$106 -> 0.088 | G107: =G106/$P$106 -> 0.0026666667 | H107: =H106/$P$106 -> 0.064888889 | I107: =I106/$P$106 -> 0.082666667 | J107: =J106/$P$106 -> 0.0062222222 | ... N107: =N106/$P$106 -> 0
B108: %ges w/o MCs | C108: =C106/$O$106 -> 0.19951923 | D108: =D106/$O$106 -> 0.092548077 | E108: =E106/$O$106 -> 0.26682692 | F108: =F106/$O$106 -> 0.11899038 | G108: =G106/$O$106 -> 0.0036057692 | H108: =H106/$O$106 -> 0.087740385 | I108: =I106/$O$106 -> 0.11177885 | J108: =J106/$O$106 -> 0.0084134615 | ... L108: =L106/$O$106 -> 0.10336538 | N108: =N106/$O$106 -> 0

Sheet 03.08 Karuma-Kigumba-24h
B1: Consultancy services for Preparation of Expressway Development Master Plan (EDMP) for Uganda
B2: MANUAL CLASSIFIED COUNT (MCC)
B3: ROAD NAME: | C3: ='29.07 Karuma-Kigumba'!C3:G3 -> MCC - C5 - STN113 - KIGUMBA-KARUMA ROAD
C5: Date | D5: 02.08.19 | F5: Location | G5: ='01.08 Kigumba-Karuma'!G5:H5 -> nanda | J5: Surveyor | K5: ='01.08 Kigumba-Karuma'!K5:L5 -> xxx
C6: Dir. From | D6: ='29.07 Karuma-Kigumba'!D6:E6 -> karuma | F6: Dir. To | G6: ='29.07 Karuma-Kigumba'!G6:H6 -> kigumba | J6: Supervisor | K6: ='01.08 Kigumba-Karuma'!K6:L6 -> xxx
B8: Time / Veh Type | R8: SUMMARY TRAFFIC VOLUMES
C9: 1. Car | D9: 2. Station Wagon | E9: 3. Pickups | F9: 4. Minibus, matatu | G9: 5. Medium bus | H9: 6. Large Bus | I9: 7. Light Truck | J9: 8. Medium Truck | K9: 9. Heavy truck | L9: 10. Truck Trailer | M9: 11. Motor cycles | N9: 12. Tractors | O9: Total Excl M/Cycles | P9: Total All | R9: Time | S9: 1. Car | T9: 2. Station Wagon | U9: 3. Pickups | V9: 4. Minibus, matatu | W9: 5. Medium bus | X9: 6. Large Bus | Y9: 7. Light Truck | Z9: 8. Medium Truck | AA9: 9. Heavy truck | AB9: 10. Truck Trailer | AC9: 11. Motorcycles | AD9: 12. Tractors, Graders | AE9: Total Excl M/ Cycles | AF9: Total All
B10: 07.00 - 07.15 | C10: 0 | D10: 0 | E10: 1 | F10: 0 | G10: 0 | H10: 0 | I10: 0 | J10: 0 | K10: 0 | L10: 0 | M10: 2 | N10: 0 | O10: =SUM(C10:L10,N10) -> 1 | P10: =SUM(C10:N10) -> 3 | R10: 0700-0800 | S10: =SUM(C10:C13) -> 0 | T10: =SUM(D10:D13) -> 1 | U10: =SUM(E10:E13) -> 3 | V10: =SUM(F10:F13) -> 2 | W10: =SUM(G10:G13) -> 0 | X10: =SUM(H10:H13) -> 0 | Y10: =SUM(I10:I13) -> 3 | Z10: =SUM(J10:J13) -> 0 | ... AF10: =SUM(P10:P13) -> 23
B11: 07.15 - 07.30 | C11: 0 | D11: 0 | E11: 1 | F11: 0 | G11: 0 | H11: 0 | I11: 3 | J11: 0 | K11: 0 | L11: 4 | M11: 2 | N11: 0 | O11: =SUM(C11:L11,N11) -> 8 | P11: =SUM(C11:N11) -> 10 | R11: 0800-0900 | S11: =SUM(C14:C17) -> 4 | T11: =SUM(D14:D17) -> 3 | U11: =SUM(E14:E17) -> 6 | V11: =SUM(F14:F17) -> 5 | W11: =SUM(G14:G17) -> 1 | X11: =SUM(H14:H17) -> 2 | Y11: =SUM(I14:I17) -> 0 | Z11: =SUM(J14:J17) -> 1 | ... AF11: =SUM(P14:P17) -> 38
B12: 07.30 - 07.45 | C12: 0 | D12: 0 | E12: 0 | F12: 1 | G12: 0 | H12: 0 | I12: 0 | J12: 0 | K12: 0 | L12: 1 | M12: 2 | N12: 0 | O12: =SUM(C12:L12,N12) -> 2 | P12: =SUM(C12:N12) -> 4 | R12: 0900-1000 | S12: =SUM(C18:C21) -> 5 | T12: =SUM(D18:D21) -> 3 | U12: =SUM(E18:E21) -> 5 | V12: =SUM(F18:F21) -> 7 | W12: =SUM(G18:G21) -> 0 | X12: =SUM(H18:H21) -> 3 | Y12: =SUM(I18:I21) -> 1 | Z12: =SUM(J18:J21) -> 0 | ... AF12: =SUM(P18:P21) -> 36
B13: 07.45 - 08.00 | C13: 0 | D13: 1 | E13: 1 | F13: 1 | G13: 0 | H13: 0 | I13: 0 | J13: 0 | K13: 0 | L13: 0 | M13: 3 | N13: 0 | O13: =SUM(C13:L13,N13) -> 3 | P13: =SUM(C13:N13) -> 6 | R13: 1000-1100 | S13: =SUM(C22:C25) -> 7 | T13: =SUM(D22:D25) -> 5 | U13: =SUM(E22:E25) -> 7 | V13: =SUM(F22:F25) -> 12 | W13: =SUM(G22:G25) -> 0 | X13: =SUM(H22:H25) -> 3 | Y13: =SUM(I22:I25) -> 7 | Z13: =SUM(J22:J25) -> 3 | ... AF13: =SUM(P22:P25) -> 66
B14: 08.00 - 08.15 | C14: 0 | D14: 0 | E14: 1 | F14: 1 | G14: 0 | H14: 0 | I14: 0 | J14: 0 | K14: 0 | L14: 3 | M14: 2 | N14: 0 | O14: =SUM(C14:L14,N14) -> 5 | P14: =SUM(C14:N14) -> 7 | R14: 1100-1200 | S14: =SUM(C26:C29) -> 2 | T14: =SUM(D26:D29) -> 9 | U14: =SUM(E26:E29) -> 11 | V14: =SUM(F26:F29) -> 3 | W14: =SUM(G26:G29) -> 0 | X14: =SUM(H26:H29) -> 6 | Y14: =SUM(I26:I29) -> 6 | Z14: =SUM(J26:J29) -> 1 | ... AF14: =SUM(P26:P29) -> 51
B15: 08.15 - 08.30 | C15: 0 | D15: 0 | E15: 1 | F15: 2 | G15: 0 | H15: 0 | I15: 0 | J15: 0 | K15: 0 | L15: 2 | M15: 4 | N15: 0 | O15: =SUM(C15:L15,N15) -> 5 | P15: =SUM(C15:N15) -> 9 | R15: 1200-1300 | S15: =SUM(C30:C33) -> 3 | T15: =SUM(D30:D33) -> 7 | U15: =SUM(E30:E33) -> 9 | V15: =SUM(F30:F33) -> 7 | W15: =SUM(G30:G33) -> 0 | X15: =SUM(H30:H33) -> 5 | Y15: =SUM(I30:I33) -> 8 | Z15: =SUM(J30:J33) -> 2 | ... AF15: =SUM(P30:P33) -> 56
B16: 08.30 - 08.45 | C16: 2 | D16: 2 | E16: 3 | F16: 2 | G16: 0 | H16: 1 | I16: 0 | J16: 1 | K16: 0 | L16: 1 | M16: 4 | N16: 0 | O16: =SUM(C16:L16,N16) -> 12 | P16: =SUM(C16:N16) -> 16 | R16: 1300-1400 | S16: =SUM(C34:C37) -> 11 | T16: =SUM(D34:D37) -> 9 | U16: =SUM(E34:E37) -> 11 | V16: =SUM(F34:F37) -> 5 | W16: =SUM(G34:G37) -> 0 | X16: =SUM(H34:H37) -> 0 | Y16: =SUM(I34:I37) -> 9 | Z16: =SUM(J34:J37) -> 2 | ... AF16: =SUM(P34:P37) -> 67
B17: 08.45 - 9.00 | C17: 2 | D17: 1 | E17: 1 | F17: 0 | G17: 1 | H17: 1 | I17: 0 | J17: 0 | K17: 0 | L17: 0 | M17: 0 | N17: 0 | O17: =SUM(C17:L17,N17) -> 6 | P17: =SUM(C17:N17) -> 6 | R17: 1400-1500 | S17: =SUM(C38:C41) -> 6 | T17: =SUM(D38:D41) -> 7 | U17: =SUM(E38:E41) -> 9 | V17: =SUM(F38:F41) -> 5 | W17: =SUM(G38:G41) -> 1 | X17: =SUM(H38:H41) -> 5 | Y17: =SUM(I38:I41) -> 5 | Z17: =SUM(J38:J41) -> 2 | ... AF17: =SUM(P38:P41) -> 54
B18: 09.00 - 09.15 | C18: 1 | D18: 0 | E18: 1 | F18: 0 | G18: 0 | H18: 0 | I18: 0 | J18: 0 | K18: 0 | L18: 0 | M18: 1 | N18: 0 | O18: =SUM(C18:L18,N18) -> 2 | P18: =SUM(C18:N18) -> 3 | R18: 1500-1600 | S18: =SUM(C42:C45) -> 4 | T18: =SUM(D42:D45) -> 6 | U18: =SUM(E42:E45) -> 9 | V18: =SUM(F42:F45) -> 5 | W18: =SUM(G42:G45) -> 0 | X18: =SUM(H42:H45) -> 4 | Y18: =SUM(I42:I45) -> 14 | Z18: =SUM(J42:J45) -> 2 | ... AF18: =SUM(P42:P45) -> 68
B19: 09.15 - 09.30 | C19: 2 | D19: 1 | E19: 2 | F19: 2 | G19: 0 | H19: 0 | I19: 0 | J19: 0 | K19: 0 | L19: 0 | M19: 3 | N19: 0 | O19: =SUM(C19:L19,N19) -> 7 | P19: =SUM(C19:N19) -> 10 | R19: 1600-1700 | S19: =SUM(C46:C49) -> 8 | T19: =SUM(D46:D49) -> 8 | U19: =SUM(E46:E49) -> 10 | V19: =SUM(F46:F49) -> 11 | W19: =SUM(G46:G49) -> 1 | X19: =SUM(H46:H49) -> 4 | Y19: =SUM(I46:I49) -> 4 | Z19: =SUM(J46:J49) -> 4 | ... AF19: =SUM(P46:P49) -> 72
B20: 09.30 - 09.45 | C20: 2 | D20: 1 | E20: 1 | F20: 0 | G20: 0 | H20: 1 | I20: 1 | J20: 0 | K20: 0 | L20: 1 | M20: 4 | N20: 0 | O20: =SUM(C20:L20,N20) -> 7 | P20: =SUM(C20:N20) -> 11 | R20: 1700-1800 | S20: =SUM(C50:C53) -> 4 | T20: =SUM(D50:D53) -> 9 | U20: =SUM(E50:E53) -> 10 | V20: =SUM(F50:F53) -> 4 | W20: =SUM(G50:G53) -> 0 | X20: =SUM(H50:H53) -> 2 | Y20: =SUM(I50:I53) -> 8 | Z20: =SUM(J50:J53) -> 4 | ... AF20: =SUM(P50:P53) -> 78
B21: 09.45 - 10.00 | C21: 0 | D21: 1 | E21: 1 | F21: 5 | G21: 0 | H21: 2 | I21: 0 | J21: 0 | K21: 1 | L21: 0 | M21: 2 | N21: 0 | O21: =SUM(C21:L21,N21) -> 10 | P21: =SUM(C21:N21) -> 12 | R21: 1800-1900 | S21: =SUM(C54:C57) -> 7 | T21: =SUM(D54:D57) -> 8 | U21: =SUM(E54:E57) -> 10 | V21: =SUM(F54:F57) -> 9 | W21: =SUM(G54:G57) -> 0 | X21: =SUM(H54:H57) -> 7 | Y21: =SUM(I54:I57) -> 9 | Z21: =SUM(J54:J57) -> 1 | ... AF21: =SUM(P54:P57) -> 79
B22: 10.00 - 10.15 | C22: 0 | D22: 1 | E22: 1 | F22: 1 | G22: 0 | H22: 0 | I22: 0 | J22: 0 | K22: 0 | L22: 0 | M22: 3 | N22: 0 | O22: =SUM(C22:L22,N22) -> 3 | P22: =SUM(C22:N22) -> 6 | R22: 1900-2000 | S22: =SUM(C58:C61) -> 4 | T22: =SUM(D58:D61) -> 2 | U22: =SUM(E58:E61) -> 8 | V22: =SUM(F58:F61) -> 4 | W22: =SUM(G58:G61) -> 0 | X22: =SUM(H58:H61) -> 0 | Y22: =SUM(I58:I61) -> 4 | Z22: =SUM(J58:J61) -> 2 | ... AF22: =SUM(P58:P61) -> 35
B23: 10.15 - 10.30 | C23: 3 | D23: 2 | E23: 2 | F23: 9 | G23: 0 | H23: 0 | I23: 0 | J23: 0 | K23: 0 | L23: 0 | M23: 5 | N23: 0 | O23: =SUM(C23:L23,N23) -> 16 | P23: =SUM(C23:N23) -> 21 | R23: 2000-2100 | S23: =SUM(C62:C65) -> 4 | T23: =SUM(D62:D65) -> 4 | U23: =SUM(E62:E65) -> 12 | V23: =SUM(F62:F65) -> 4 | W23: =SUM(G62:G65) -> 0 | X23: =SUM(H62:H65) -> 1 | Y23: =SUM(I62:I65) -> 2 | Z23: =SUM(J62:J65) -> 0 | ... AF23: =SUM(P62:P65) -> 38
B24: 10.30 - 10.45 | C24: 3 | D24: 0 | E24: 1 | F24: 1 | G24: 0 | H24: 1 | I24: 3 | J24: 3 | K24: 0 | L24: 1 | M24: 10 | N24: 0 | O24: =SUM(C24:L24,N24) -> 13 | P24: =SUM(C24:N24) -> 23 | R24: 2100-2200 | S24: =SUM(C66:C69) -> 5 | T24: =SUM(D66:D69) -> 4 | U24: =SUM(E66:E69) -> 10 | V24: =SUM(F66:F69) -> 4 | W24: =SUM(G66:G69) -> 0 | X24: =SUM(H66:H69) -> 3 | Y24: =SUM(I66:I69) -> 4 | Z24: =SUM(J66:J69) -> 0 | ... AF24: =SUM(P66:P69) -> 40
B25: 10.45 - 11.00 | C25: 1 | D25: 2 | E25: 3 | F25: 1 | G25: 0 | H25: 2 | I25: 4 | J25: 0 | K25: 0 | L25: 0 | M25: 3 | N25: 0 | O25: =SUM(C25:L25,N25) -> 13 | P25: =SUM(C25:N25) -> 16 | R25: 2200-2300 | S25: =SUM(C70:C73) -> 8 | T25: =SUM(D70:D73) -> 8 | U25: =SUM(E70:E73) -> 13 | V25: =SUM(F70:F73) -> 7 | W25: =SUM(G70:G73) -> 0 | X25: =SUM(H70:H73) -> 2 | Y25: =SUM(I70:I73) -> 4 | Z25: =SUM(J70:J73) -> 0 | ... AF25: =SUM(P70:P73) -> 49
B26: 11.00 - 11.15 | C26: 0 | D26: 2 | E26: 3 | F26: 0 | G26: 0 | H26: 2 | I26: 1 | J26: 0 | K26: 0 | L26: 0 | M26: 5 | N26: 0 | O26: =SUM(C26:L26,N26) -> 8 | P26: =SUM(C26:N26) -> 13 | R26: 2300-0000 | S26: =SUM(C74:C77) -> 7 | T26: =SUM(D74:D77) -> 7 | U26: =SUM(E74:E77) -> 16 | V26: =SUM(F74:F77) -> 4 | W26: =SUM(G74:G77) -> 0 | X26: =SUM(H74:H77) -> 4 | Y26: =SUM(I74:I77) -> 5 | Z26: =SUM(J74:J77) -> 2 | ... AF26: =SUM(P74:P77) -> 53
B27: 11.15 - 11.30 | C27: 0 | D27: 1 | E27: 2 | F27: 1 | G27: 0 | H27: 1 | I27: 0 | J27: 0 | K27: 0 | L27: 0 | M27: 5 | N27: 0 | O27: =SUM(C27:L27,N27) -> 5 | P27: =SUM(C27:N27) -> 10 | R27: 0000-0100 | S27: =SUM(C78:C81) -> 7 | T27: =SUM(D78:D81) -> 8 | U27: =SUM(E78:E81) -> 16 | V27: =SUM(F78:F81) -> 6 | W27: =SUM(G78:G81) -> 0 | X27: =SUM(H78:H81) -> 6 | Y27: =SUM(I78:I81) -> 8 | Z27: =SUM(J78:J81) -> 0 | ... AF27: =SUM(P78:P81) -> 60
B28: 11.30 - 11.45 | C28: 0 | D28: 4 | E28: 4 | F28: 1 | G28: 0 | H28: 0 | I28: 2 | J28: 1 | K28: 0 | L28: 0 | M28: 2 | N28: 0 | O28: =SUM(C28:L28,N28) -> 12 | P28: =SUM(C28:N28) -> 14 | R28: 0100-0200 | S28: =SUM(C82:C85) -> 7 | T28: =SUM(D82:D85) -> 6 | U28: =SUM(E82:E85) -> 14 | V28: =SUM(F82:F85) -> 4 | W28: =SUM(G82:G85) -> 0 | X28: =SUM(H82:H85) -> 4 | Y28: =SUM(I82:I85) -> 7 | Z28: =SUM(J82:J85) -> 0 | ... AF28: =SUM(P82:P85) -> 47
B29: 11.45 - 12.00 | C29: 2 | D29: 2 | E29: 2 | F29: 1 | G29: 0 | H29: 3 | I29: 3 | J29: 0 | K29: 0 | L29: 0 | M29: 1 | N29: 0 | O29: =SUM(C29:L29,N29) -> 13 | P29: =SUM(C29:N29) -> 14 | R29: 0200-0300 | S29: =SUM(C86:C89) -> 7 | T29: =SUM(D86:D89) -> 4 | U29: =SUM(E86:E89) -> 12 | V29: =SUM(F86:F89) -> 6 | W29: =SUM(G86:G89) -> 0 | X29: =SUM(H86:H89) -> 3 | Y29: =SUM(I86:I89) -> 7 | Z29: =SUM(J86:J89) -> 0 | ... AF29: =SUM(P86:P89) -> 44
B30: 12.00 - 12.15 | C30: 1 | D30: 2 | E30: 2 | F30: 3 | G30: 0 | H30: 0 | I30: 0 | J30: 0 | K30: 0 | L30: 1 | M30: 2 | N30: 0 | O30: =SUM(C30:L30,N30) -> 9 | P30: =SUM(C30:N30) -> 11 | R30: 0300-0400 | S30: =SUM(C90:C93) -> 7 | T30: =SUM(D90:D93) -> 6 | U30: =SUM(E90:E93) -> 12 | V30: =SUM(F90:F93) -> 4 | W30: =SUM(G90:G93) -> 0 | X30: =SUM(H90:H93) -> 4 | Y30: =SUM(I90:I93) -> 8 | Z30: =SUM(J90:J93) -> 0 | ... AF30: =SUM(P90:P93) -> 45
B31: 12.15 - 12.30 | C31: 0 | D31: 1 | E31: 2 | F31: 3 | G31: 0 | H31: 2 | I31: 2 | J31: 2 | K31: 0 | L31: 0 | M31: 2 | N31: 0 | O31: =SUM(C31:L31,N31) -> 12 | P31: =SUM(C31:N31) -> 14 | R31: 0400-0500 | S31: =SUM(C94:C97) -> 6 | T31: =SUM(D94:D97) -> 5 | U31: =SUM(E94:E97) -> 12 | V31: =SUM(F94:F97) -> 5 | W31: =SUM(G94:G97) -> 0 | X31: =SUM(H94:H97) -> 3 | Y31: =SUM(I94:I97) -> 7 | Z31: =SUM(J94:J97) -> 1 | ... AF31: =SUM(P94:P97) -> 44
B32: 12.30 - 12.45 | C32: 1 | D32: 2 | E32: 3 | F32: 1 | G32: 0 | H32: 2 | I32: 5 | J32: 0 | K32: 2 | L32: 5 | M32: 2 | N32: 0 | O32: =SUM(C32:L32,N32) -> 21 | P32: =SUM(C32:N32) -> 23 | R32: 0500-0600 | S32: =SUM(C98:C101) -> 4 | T32: =SUM(D98:D101) -> 4 | U32: =SUM(E98:E101) -> 10 | V32: =SUM(F98:F101) -> 4 | W32: =SUM(G98:G101) -> 0 | X32: =SUM(H98:H101) -> 5 | Y32: =SUM(I98:I101) -> 9 | Z32: =SUM(J98:J101) -> 1 | ... AF32: =SUM(P98:P101) -> 62
B33: 12.45 - 13.00 | C33: 1 | D33: 2 | E33: 2 | F33: 0 | G33: 0 | H33: 1 | I33: 1 | J33: 0 | K33: 0 | L33: 1 | M33: 0 | N33: 0 | O33: =SUM(C33:L33,N33) -> 8 | P33: =SUM(C33:N33) -> 8 | R33: 0600-0700 | S33: =SUM(C102:C105) -> 6 | T33: =SUM(D102:D105) -> 4 | U33: =SUM(E102:E105) -> 9 | V33: =SUM(F102:F105) -> 5 | W33: =SUM(G102:G105) -> 0 | X33: =SUM(H102:H105) -> 2 | Y33: =SUM(I102:I105) -> 10 | Z33: =SUM(J102:J105) -> 2 | ... AF33: =SUM(P102:P105) -> 60
B34: 13.00 - 13.15 | C34: 3 | D34: 3 | E34: 3 | F34: 0 | G34: 0 | H34: 0 | I34: 2 | J34: 0 | K34: 0 | L34: 5 | M34: 2 | N34: 0 | O34: =SUM(C34:L34,N34) -> 16 | P34: =SUM(C34:N34) -> 18 | R34: AM Peak Hr | S34: =MAX(S10:S12) -> 5 | T34: =MAX(T10:T12) -> 3 | U34: =MAX(U10:U12) -> 6 | V34: =MAX(V10:V12) -> 7 | W34: =MAX(W10:W12) -> 1 | X34: =MAX(X10:X12) -> 3 | Y34: =MAX(Y10:Y12) -> 3 | Z34: =MAX(Z10:Z12) -> 1 | ... AF34: =MAX(AF10:AF12) -> 38
B35: 13.15 - 13.30 | C35: 3 | D35: 1 | E35: 2 | F35: 2 | G35: 0 | H35: 0 | I35: 2 | J35: 0 | K35: 0 | L35: 1 | M35: 3 | N35: 0 | O35: =SUM(C35:L35,N35) -> 11 | P35: =SUM(C35:N35) -> 14 | R35: IP Peak Hr | S35: =MAX(S13:S18) -> 11 | T35: =MAX(T13:T18) -> 9 | U35: =MAX(U13:U18) -> 11 | V35: =MAX(V13:V18) -> 12 | W35: =MAX(W13:W18) -> 1 | X35: =MAX(X13:X18) -> 6 | Y35: =MAX(Y13:Y18) -> 14 | Z35: =MAX(Z13:Z18) -> 3 | ... AF35: =MAX(AF13:AF18) -> 68
B36: 13.30 - 13.45 | C36: 4 | D36: 3 | E36: 3 | F36: 0 | G36: 0 | H36: 0 | I36: 4 | J36: 2 | K36: 0 | L36: 1 | M36: 2 | N36: 0 | O36: =SUM(C36:L36,N36) -> 17 | P36: =SUM(C36:N36) -> 19 | R36: PM Peak Hr | S36: =MAX(S19:S21) -> 8 | T36: =MAX(T19:T21) -> 9 | U36: =MAX(U19:U21) -> 10 | V36: =MAX(V19:V21) -> 11 | W36: =MAX(W19:W21) -> 1 | X36: =MAX(X19:X21) -> 7 | Y36: =MAX(Y19:Y21) -> 9 | Z36: =MAX(Z19:Z21) -> 4 | ... AF36: =MAX(AF19:AF21) -> 79
B37: 13.45 - 14.00 | C37: 1 | D37: 2 | E37: 3 | F37: 3 | G37: 0 | H37: 0 | I37: 1 | J37: 0 | K37: 1 | L37: 4 | M37: 1 | N37: 0 | O37: =SUM(C37:L37,N37) -> 15 | P37: =SUM(C37:N37) -> 16 | R37: AM Period | S37: =SUM(S10:S12) -> 9 | T37: =SUM(T10:T12) -> 7 | U37: =SUM(U10:U12) -> 14 | V37: =SUM(V10:V12) -> 14 | W37: =SUM(W10:W12) -> 1 | X37: =SUM(X10:X12) -> 5 | Y37: =SUM(Y10:Y12) -> 4 | Z37: =SUM(Z10:Z12) -> 1 | ... AF37: =SUM(AF10:AF12) -> 97
B38: 14.00 - 14.15 | C38: 0 | D38: 5 | E38: 5 | F38: 2 | G38: 1 | H38: 2 | I38: 1 | J38: 0 | K38: 0 | L38: 1 | M38: 5 | N38: 0 | O38: =SUM(C38:L38,N38) -> 17 | P38: =SUM(C38:N38) -> 22 | R38: IP Period | S38: =SUM(S13:S18) -> 33 | T38: =SUM(T13:T18) -> 43 | U38: =SUM(U13:U18) -> 56 | V38: =SUM(V13:V18) -> 37 | W38: =SUM(W13:W18) -> 1 | X38: =SUM(X13:X18) -> 23 | Y38: =SUM(Y13:Y18) -> 49 | Z38: =SUM(Z13:Z18) -> 12 | ... AF38: =SUM(AF13:AF18) -> 362
B39: 14.15 - 14.30 | C39: 3 | D39: 1 | E39: 1 | F39: 1 | G39: 0 | H39: 0 | I39: 1 | J39: 1 | K39: 0 | L39: 0 | M39: 2 | N39: 0 | O39: =SUM(C39:L39,N39) -> 8 | P39: =SUM(C39:N39) -> 10 | R39: PM Period | S39: =SUM(S19:S21) -> 19 | T39: =SUM(T19:T21) -> 25 | U39: =SUM(U19:U21) -> 30 | V39: =SUM(V19:V21) -> 24 | W39: =SUM(W19:W21) -> 1 | X39: =SUM(X19:X21) -> 13 | Y39: =SUM(Y19:Y21) -> 21 | Z39: =SUM(Z19:Z21) -> 9 | ... AF39: =SUM(AF19:AF21) -> 229
B40: 14.30 - 14.45 | C40: 2 | D40: 1 | E40: 2 | F40: 0 | G40: 0 | H40: 0 | I40: 1 | J40: 0 | K40: 0 | L40: 0 | M40: 3 | N40: 0 | O40: =SUM(C40:L40,N40) -> 6 | P40: =SUM(C40:N40) -> 9 | R40: 12 Hours | S40: =SUM(S10:S21) -> 61 | T40: =SUM(T10:T21) -> 75 | U40: =SUM(U10:U21) -> 100 | V40: =SUM(V10:V21) -> 75 | W40: =SUM(W10:W21) -> 3 | X40: =SUM(X10:X21) -> 41 | Y40: =SUM(Y10:Y21) -> 74 | Z40: =SUM(Z10:Z21) -> 22 | ... AF40: =SUM(AF10:AF21) -> 688
B41: 14.45 - 15.00 | C41: 1 | D41: 0 | E41: 1 | F41: 2 | G41: 0 | H41: 3 | I41: 2 | J41: 1 | K41: 0 | L41: 1 | M41: 2 | N41: 0 | O41: =SUM(C41:L41,N41) -> 11 | P41: =SUM(C41:N41) -> 13 | R41: 24 Hrs/ADT | S41: =SUM(S10:S33) -> 133 | T41: =SUM(T10:T33) -> 137 | U41: =SUM(U10:U33) -> 244 | V41: =SUM(V10:V33) -> 132 | W41: =SUM(W10:W33) -> 3 | X41: =SUM(X10:X33) -> 78 | Y41: =SUM(Y10:Y33) -> 149 | Z41: =SUM(Z10:Z33) -> 30 | ... AF41: =SUM(AF10:AF33) -> 1265
B42: 15.00 - 15.15 | C42: 1 | D42: 1 | E42: 1 | F42: 1 | G42: 0 | H42: 0 | I42: 4 | J42: 1 | K42: 0 | L42: 3 | M42: 3 | N42: 0 | O42: =SUM(C42:L42,N42) -> 12 | P42: =SUM(C42:N42) -> 15 | R42: NEF | S42: =S41/S40 -> 2.1803279 | T42: =T41/T40 -> 1.8266667 | U42: =U41/U40 -> 2.44 | V42: =V41/V40 -> 1.76 | W42: =W41/W40 -> 1 | X42: =X41/X40 -> 1.902439 | Y42: =Y41/Y40 -> 2.0135135 | Z42: =Z41/Z40 -> 1.3636364 | ... AF42: =AF41/AF40 -> 1.8386628
B43: 15.15 - 15.30 | C43: 1 | D43: 2 | E43: 3 | F43: 2 | G43: 0 | H43: 1 | I43: 3 | J43: 1 | K43: 1 | L43: 0 | M43: 3 | N43: 0 | O43: =SUM(C43:L43,N43) -> 14 | P43: =SUM(C43:N43) -> 17
B44: 15.30 - 15.45 | C44: 2 | D44: 3 | E44: 4 | F44: 0 | G44: 0 | H44: 2 | I44: 5 | J44: 0 | K44: 0 | L44: 4 | M44: 3 | N44: 0 | O44: =SUM(C44:L44,N44) -> 20 | P44: =SUM(C44:N44) -> 23
B45: 15.45 - 16.00 | C45: 0 | D45: 0 | E45: 1 | F45: 2 | G45: 0 | H45: 1 | I45: 2 | J45: 0 | K45: 0 | L45: 3 | M45: 4 | N45: 0 | O45: =SUM(C45:L45,N45) -> 9 | P45: =SUM(C45:N45) -> 13
B46: 16.00 - 16.15 | C46: 3 | D46: 1 | E46: 2 | F46: 3 | G46: 0 | H46: 1 | I46: 0 | J46: 0 | K46: 1 | L46: 1 | M46: 2 | N46: 0 | O46: =SUM(C46:L46,N46) -> 12 | P46: =SUM(C46:N46) -> 14
B47: 16.15 -16.30 | C47: 3 | D47: 2 | E47: 2 | F47: 2 | G47: 1 | H47: 0 | I47: 0 | J47: 1 | K47: 0 | L47: 5 | M47: 3 | N47: 0 | O47: =SUM(C47:L47,N47) -> 16 | P47: =SUM(C47:N47) -> 19
B48: 16.30 -16.45 | C48: 0 | D48: 2 | E48: 3 | F48: 2 | G48: 0 | H48: 3 | I48: 2 | J48: 2 | K48: 0 | L48: 2 | M48: 1 | N48: 0 | O48: =SUM(C48:L48,N48) -> 16 | P48: =SUM(C48:N48) -> 17
B49: 16.45 -17.00 | C49: 2 | D49: 3 | E49: 3 | F49: 4 | G49: 0 | H49: 0 | I49: 2 | J49: 1 | K49: 1 | L49: 3 | M49: 3 | N49: 0 | O49: =SUM(C49:L49,N49) -> 19 | P49: =SUM(C49:N49) -> 22
B50: 17.00 -17.15 | C50: 1 | D50: 4 | E50: 4 | F50: 3 | G50: 0 | H50: 0 | I50: 4 | J50: 2 | K50: 1 | L50: 2 | M50: 5 | N50: 0 | O50: =SUM(C50:L50,N50) -> 21 | P50: =SUM(C50:N50) -> 26
B51: 17.15 -17.30 | C51: 1 | D51: 1 | E51: 2 | F51: 0 | G51: 0 | H51: 0 | I51: 0 | J51: 2 | K51: 0 | L51: 4 | M51: 4 | N51: 0 | O51: =SUM(C51:L51,N51) -> 10 | P51: =SUM(C51:N51) -> 14
B52: 17.30 -17.45 | C52: 1 | D52: 2 | E52: 2 | F52: 1 | G52: 0 | H52: 1 | I52: 2 | J52: 0 | K52: 0 | L52: 4 | M52: 5 | N52: 0 | O52: =SUM(C52:L52,N52) -> 13 | P52: =SUM(C52:N52) -> 18
B53: 17.45 -18.00 | C53: 1 | D53: 2 | E53: 2 | F53: 0 | G53: 0 | H53: 1 | I53: 2 | J53: 0 | K53: 0 | L53: 6 | M53: 6 | N53: 0 | O53: =SUM(C53:L53,N53) -> 14 | P53: =SUM(C53:N53) -> 20
B54: 18.00 - 18.15 | C54: 1 | D54: 1 | E54: 2 | F54: 2 | G54: 0 | H54: 2 | I54: 1 | J54: 1 | K54: 0 | L54: 4 | M54: 4 | N54: 0 | O54: =SUM(C54:L54,N54) -> 14 | P54: =SUM(C54:N54) -> 18
... B105: 06.45 - 07.00 | C105: 1 | D105: 1 | E105: 2 | F105: 1 | G105: 0 | H105: 0 | I105: 2 | J105: 1 | K105: 0 | L105: 1 | M105: 4 | N105: 0 | O105: =SUM(C105:L105,N105) -> 9 | P105: =SUM(C105:N105) -> 13
B106: Totals | C106: =SUM(C10:C105) -> 133 | D106: =SUM(D10:D105) -> 137 | E106: =SUM(E10:E105) -> 244 | F106: =SUM(F10:F105) -> 132 | G106: =SUM(G10:G105) -> 3 | H106: =SUM(H10:H105) -> 78 | I106: =SUM(I10:I105) -> 149 | J106: =SUM(J10:J105) -> 30 | ... P106: =SUM(P10:P105) -> 1265
B107: %ges + MCs | C107: =C106/$P$106 -> 0.10513834 | D107: =D106/$P$106 -> 0.1083004 | E107: =E106/$P$106 -> 0.19288538 | F107: =F106/$P$106 -> 0.10434783 | G107: =G106/$P$106 -> 0.0023715415 | H107: =H106/$P$106 -> 0.061660079 | I107: =I106/$P$106 -> 0.11778656 | J107: =J106/$P$106 -> 0.023715415 | ... N107: =N106/$P$106 -> 0
B108: %ges w/o MCs | C108: =C106/$O$106 -> 0.12727273 | D108: =D106/$O$106 -> 0.13110048 | E108: =E106/$O$106 -> 0.23349282 | F108: =F106/$O$106 -> 0.12631579 | G108: =G106/$O$106 -> 0.0028708134 | H108: =H106/$O$106 -> 0.074641148 | I108: =I106/$O$106 -> 0.14258373 | J108: =J106/$O$106 -> 0.028708134 | ... L108: =L106/$O$106 -> 0.12344498 | N108: =N106/$O$106 -> 0

Sheet 03.08 Kigumba-Karuma-24h
B1: Consultancy services for Preparation of Expressway Development Master Plan (EDMP) for Uganda
B2: MANUAL CLASSIFIED COUNT (MCC)
B3: ROAD NAME: | C3: ='29.07 Karuma-Kigumba'!C3:G3 -> MCC - C5 - STN113 - KIGUMBA-KARUMA ROAD
C5: Date | D5: ='02.08 Karuma-Kigumba-24h'!D5 -> 02.08.19 | F5: Location | G5: ='02.08 Karuma-Kigumba-24h'!G5:H5 -> nanda | J5: Surveyor | K5: ='02.08 Karuma-Kigumba-24h'!K5:L5 -> xxx
C6: Dir. From | D6: ='29.07 Kigumba-Karuma'!D6:E6 -> Kigumba | F6: Dir. To | G6: ='30.07 Kigumba-Karuma'!G6:H6 -> Karuma | J6: Supervisor | K6: ='02.08 Karuma-Kigumba-24h'!K6:L6 -> xxx
B8: Time / Veh Type | R8: SUMMARY TRAFFIC VOLUMES
C9: 1. Car | D9: 2. Station Wagon | E9: 3. Pickups | F9: 4. Minibus, matatu | G9: 5. Medium bus | H9: 6. Large Bus | I9: 7. Light Truck | J9: 8. Medium Truck | K9: 9. Heavy truck | L9: 10. Truck Trailer | M9: 11. Motor cycles | N9: 12. Tractors | O9: Total Excl M/Cycles | P9: Total All | R9: Time | S9: 1. Car | T9: 2. Station Wagon | U9: 3. Pickups | V9: 4. Minibus, matatu | W9: 5. Medium bus | X9: 6. Large Bus | Y9: 7. Light Truck | Z9: 8. Medium Truck | AA9: 9. Heavy truck | AB9: 10. Truck Trailer | AC9: 11. Motorcycles | AD9: 12. Tractors, Graders | AE9: Total Excl M/ Cycles | AF9: Total All
B10: 07.00 - 07.15 | C10: 0 | D10: 1 | E10: 2 | F10: 0 | G10: 0 | H10: 0 | I10: 3 | J10: 2 | K10: 0 | L10: 4 | M10: 1 | N10: 0 | O10: =SUM(C10:L10,N10) -> 12 | P10: =SUM(C10:N10) -> 13 | R10: 0700-0800 | S10: =SUM(C10:C13) -> 5 | T10: =SUM(D10:D13) -> 7 | U10: =SUM(E10:E13) -> 9 | V10: =SUM(F10:F13) -> 4 | W10: =SUM(G10:G13) -> 0 | X10: =SUM(H10:H13) -> 0 | Y10: =SUM(I10:I13) -> 5 | Z10: =SUM(J10:J13) -> 3 | ... AF10: =SUM(P10:P13) -> 47
B11: 07.15 - 07.30 | C11: 0 | D11: 1 | E11: 1 | F11: 1 | G11: 0 | H11: 0 | I11: 1 | J11: 0 | K11: 0 | L11: 1 | M11: 1 | N11: 0 | O11: =SUM(C11:L11,N11) -> 5 | P11: =SUM(C11:N11) -> 6 | R11: 0800-0900 | S11: =SUM(C14:C17) -> 7 | T11: =SUM(D14:D17) -> 8 | U11: =SUM(E14:E17) -> 9 | V11: =SUM(F14:F17) -> 2 | W11: =SUM(G14:G17) -> 0 | X11: =SUM(H14:H17) -> 0 | Y11: =SUM(I14:I17) -> 6 | Z11: =SUM(J14:J17) -> 1 | ... AF11: =SUM(P14:P17) -> 51
B12: 07.30 - 07.45 | C12: 3 | D12: 3 | E12: 3 | F12: 1 | G12: 0 | H12: 0 | I12: 0 | J12: 0 | K12: 0 | L12: 0 | M12: 1 | N12: 0 | O12: =SUM(C12:L12,N12) -> 10 | P12: =SUM(C12:N12) -> 11 | R12: 0900-1000 | S12: =SUM(C18:C21) -> 13 | T12: =SUM(D18:D21) -> 11 | U12: =SUM(E18:E21) -> 14 | V12: =SUM(F18:F21) -> 7 | W12: =SUM(G18:G21) -> 0 | X12: =SUM(H18:H21) -> 0 | Y12: =SUM(I18:I21) -> 3 | Z12: =SUM(J18:J21) -> 0 | ... AF12: =SUM(P18:P21) -> 57
B13: 07.45 - 08.00 | C13: 2 | D13: 2 | E13: 3 | F13: 2 | G13: 0 | H13: 0 | I13: 1 | J13: 1 | K13: 1 | L13: 2 | M13: 3 | N13: 0 | O13: =SUM(C13:L13,N13) -> 14 | P13: =SUM(C13:N13) -> 17 | R13: 1000-1100 | S13: =SUM(C22:C25) -> 5 | T13: =SUM(D22:D25) -> 6 | U13: =SUM(E22:E25) -> 8 | V13: =SUM(F22:F25) -> 11 | W13: =SUM(G22:G25) -> 1 | X13: =SUM(H22:H25) -> 3 | Y13: =SUM(I22:I25) -> 2 | Z13: =SUM(J22:J25) -> 2 | ... AF13: =SUM(P22:P25) -> 55
B14: 08.00 - 08.15 | C14: 3 | D14: 2 | E14: 2 | F14: 0 | G14: 0 | H14: 0 | I14: 1 | J14: 0 | K14: 0 | L14: 3 | M14: 4 | N14: 0 | O14: =SUM(C14:L14,N14) -> 11 | P14: =SUM(C14:N14) -> 15 | R14: 1100-1200 | S14: =SUM(C26:C29) -> 13 | T14: =SUM(D26:D29) -> 9 | U14: =SUM(E26:E29) -> 13 | V14: =SUM(F26:F29) -> 7 | W14: =SUM(G26:G29) -> 0 | X14: =SUM(H26:H29) -> 4 | Y14: =SUM(I26:I29) -> 5 | Z14: =SUM(J26:J29) -> 2 | ... AF14: =SUM(P26:P29) -> 71
B15: 08.15 - 08.30 | C15: 2 | D15: 2 | E15: 2 | F15: 0 | G15: 0 | H15: 0 | I15: 2 | J15: 1 | K15: 0 | L15: 4 | M15: 4 | N15: 0 | O15: =SUM(C15:L15,N15) -> 13 | P15: =SUM(C15:N15) -> 17 | R15: 1200-1300 | S15: =SUM(C30:C33) -> 11 | T15: =SUM(D30:D33) -> 6 | U15: =SUM(E30:E33) -> 8 | V15: =SUM(F30:F33) -> 9 | W15: =SUM(G30:G33) -> 0 | X15: =SUM(H30:H33) -> 2 | Y15: =SUM(I30:I33) -> 6 | Z15: =SUM(J30:J33) -> 0 | ... AF15: =SUM(P30:P33) -> 54
B16: 08.30 - 08.45 | C16: 1 | D16: 1 | E16: 2 | F16: 1 | G16: 0 | H16: 0 | I16: 1 | J16: 0 | K16: 0 | L16: 0 | M16: 1 | N16: 0 | O16: =SUM(C16:L16,N16) -> 6 | P16: =SUM(C16:N16) -> 7 | R16: 1300-1400 | S16: =SUM(C34:C37) -> 8 | T16: =SUM(D34:D37) -> 8 | U16: =SUM(E34:E37) -> 9 | V16: =SUM(F34:F37) -> 2 | W16: =SUM(G34:G37) -> 1 | X16: =SUM(H34:H37) -> 4 | Y16: =SUM(I34:I37) -> 3 | Z16: =SUM(J34:J37) -> 0 | ... AF16: =SUM(P34:P37) -> 43
B17: 08.45 - 9.00 | C17: 1 | D17: 3 | E17: 3 | F17: 1 | G17: 0 | H17: 0 | I17: 2 | J17: 0 | K17: 0 | L17: 0 | M17: 2 | N17: 0 | O17: =SUM(C17:L17,N17) -> 10 | P17: =SUM(C17:N17) -> 12 | R17: 1400-1500 | S17: =SUM(C38:C41) -> 5 | T17: =SUM(D38:D41) -> 8 | U17: =SUM(E38:E41) -> 9 | V17: =SUM(F38:F41) -> 3 | W17: =SUM(G38:G41) -> 0 | X17: =SUM(H38:H41) -> 4 | Y17: =SUM(I38:I41) -> 4 | Z17: =SUM(J38:J41) -> 0 | ... AF17: =SUM(P38:P41) -> 48
B18: 09.00 - 09.15 | C18: 2 | D18: 2 | E18: 3 | F18: 0 | G18: 0 | H18: 0 | I18: 1 | J18: 0 | K18: 0 | L18: 1 | M18: 0 | N18: 0 | O18: =SUM(C18:L18,N18) -> 9 | P18: =SUM(C18:N18) -> 9 | R18: 1500-1600 | S18: =SUM(C42:C45) -> 14 | T18: =SUM(D42:D45) -> 7 | U18: =SUM(E42:E45) -> 10 | V18: =SUM(F42:F45) -> 9 | W18: =SUM(G42:G45) -> 0 | X18: =SUM(H42:H45) -> 5 | Y18: =SUM(I42:I45) -> 2 | Z18: =SUM(J42:J45) -> 1 | ... AF18: =SUM(P42:P45) -> 72
B19: 09.15 - 09.30 | C19: 0 | D19: 2 | E19: 3 | F19: 1 | G19: 0 | H19: 0 | I19: 0 | J19: 0 | K19: 0 | L19: 0 | M19: 2 | N19: 0 | O19: =SUM(C19:L19,N19) -> 6 | P19: =SUM(C19:N19) -> 8 | R19: 1600-1700 | S19: =SUM(C46:C49) -> 5 | T19: =SUM(D46:D49) -> 9 | U19: =SUM(E46:E49) -> 11 | V19: =SUM(F46:F49) -> 1 | W19: =SUM(G46:G49) -> 0 | X19: =SUM(H46:H49) -> 4 | Y19: =SUM(I46:I49) -> 2 | Z19: =SUM(J46:J49) -> 0 | ... AF19: =SUM(P46:P49) -> 51
B20: 09.30 - 09.45 | C20: 6 | D20: 5 | E20: 6 | F20: 4 | G20: 0 | H20: 0 | I20: 2 | J20: 0 | K20: 0 | L20: 2 | M20: 1 | N20: 0 | O20: =SUM(C20:L20,N20) -> 25 | P20: =SUM(C20:N20) -> 26 | R20: 1700-1800 | S20: =SUM(C50:C53) -> 12 | T20: =SUM(D50:D53) -> 8 | U20: =SUM(E50:E53) -> 10 | V20: =SUM(F50:F53) -> 6 | W20: =SUM(G50:G53) -> 0 | X20: =SUM(H50:H53) -> 5 | Y20: =SUM(I50:I53) -> 6 | Z20: =SUM(J50:J53) -> 2 | ... AF20: =SUM(P50:P53) -> 72
B21: 09.45 - 10.00 | C21: 5 | D21: 2 | E21: 2 | F21: 2 | G21: 0 | H21: 0 | I21: 0 | J21: 0 | K21: 0 | L21: 0 | M21: 3 | N21: 0 | O21: =SUM(C21:L21,N21) -> 11 | P21: =SUM(C21:N21) -> 14 | R21: 1800-1900 | S21: =SUM(C54:C57) -> 12 | T21: =SUM(D54:D57) -> 7 | U21: =SUM(E54:E57) -> 8 | V21: =SUM(F54:F57) -> 3 | W21: =SUM(G54:G57) -> 0 | X21: =SUM(H54:H57) -> 6 | Y21: =SUM(I54:I57) -> 7 | Z21: =SUM(J54:J57) -> 1 | ... AF21: =SUM(P54:P57) -> 82
B22: 10.00 - 10.15 | C22: 0 | D22: 0 | E22: 1 | F22: 4 | G22: 1 | H22: 2 | I22: 0 | J22: 1 | K22: 0 | L22: 1 | M22: 3 | N22: 0 | O22: =SUM(C22:L22,N22) -> 10 | P22: =SUM(C22:N22) -> 13 | R22: 1900-2000 | S22: =SUM(C58:C61) -> 4 | T22: =SUM(D58:D61) -> 2 | U22: =SUM(E58:E61) -> 7 | V22: =SUM(F58:F61) -> 4 | W22: =SUM(G58:G61) -> 0 | X22: =SUM(H58:H61) -> 0 | Y22: =SUM(I58:I61) -> 8 | Z22: =SUM(J58:J61) -> 1 | ... AF22: =SUM(P58:P61) -> 44
B23: 10.15 - 10.30 | C23: 2 | D23: 1 | E23: 1 | F23: 2 | G23: 0 | H23: 0 | I23: 2 | J23: 1 | K23: 0 | L23: 0 | M23: 3 | N23: 0 | O23: =SUM(C23:L23,N23) -> 9 | P23: =SUM(C23:N23) -> 12 | R23: 2000-2100 | S23: =SUM(C62:C65) -> 5 | T23: =SUM(D62:D65) -> 5 | U23: =SUM(E62:E65) -> 10 | V23: =SUM(F62:F65) -> 6 | W23: =SUM(G62:G65) -> 0 | X23: =SUM(H62:H65) -> 0 | Y23: =SUM(I62:I65) -> 9 | Z23: =SUM(J62:J65) -> 2 | ... AF23: =SUM(P62:P65) -> 53
B24: 10.30 - 10.45 | C24: 0 | D24: 3 | E24: 3 | F24: 4 | G24: 0 | H24: 0 | I24: 0 | J24: 0 | K24: 0 | L24: 0 | M24: 8 | N24: 0 | O24: =SUM(C24:L24,N24) -> 10 | P24: =SUM(C24:N24) -> 18 | R24: 2100-2200 | S24: =SUM(C66:C69) -> 6 | T24: =SUM(D66:D69) -> 6 | U24: =SUM(E66:E69) -> 11 | V24: =SUM(F66:F69) -> 8 | W24: =SUM(G66:G69) -> 0 | X24: =SUM(H66:H69) -> 0 | Y24: =SUM(I66:I69) -> 5 | Z24: =SUM(J66:J69) -> 0 | ... AF24: =SUM(P66:P69) -> 51
B25: 10.45 - 11.00 | C25: 3 | D25: 2 | E25: 3 | F25: 1 | G25: 0 | H25: 1 | I25: 0 | J25: 0 | K25: 0 | L25: 1 | M25: 1 | N25: 0 | O25: =SUM(C25:L25,N25) -> 11 | P25: =SUM(C25:N25) -> 12 | R25: 2200-2300 | S25: =SUM(C70:C73) -> 5 | T25: =SUM(D70:D73) -> 7 | U25: =SUM(E70:E73) -> 12 | V25: =SUM(F70:F73) -> 9 | W25: =SUM(G70:G73) -> 0 | X25: =SUM(H70:H73) -> 4 | Y25: =SUM(I70:I73) -> 6 | Z25: =SUM(J70:J73) -> 0 | ... AF25: =SUM(P70:P73) -> 62
B26: 11.00 - 11.15 | C26: 4 | D26: 1 | E26: 2 | F26: 4 | G26: 0 | H26: 1 | I26: 3 | J26: 0 | K26: 0 | L26: 0 | M26: 0 | N26: 0 | O26: =SUM(C26:L26,N26) -> 15 | P26: =SUM(C26:N26) -> 15 | R26: 2300-0000 | S26: =SUM(C74:C77) -> 8 | T26: =SUM(D74:D77) -> 6 | U26: =SUM(E74:E77) -> 10 | V26: =SUM(F74:F77) -> 8 | W26: =SUM(G74:G77) -> 0 | X26: =SUM(H74:H77) -> 3 | Y26: =SUM(I74:I77) -> 5 | Z26: =SUM(J74:J77) -> 0 | ... AF26: =SUM(P74:P77) -> 58
B27: 11.15 - 11.30 | C27: 5 | D27: 2 | E27: 3 | F27: 1 | G27: 0 | H27: 1 | I27: 0 | J27: 1 | K27: 0 | L27: 0 | M27: 6 | N27: 0 | O27: =SUM(C27:L27,N27) -> 13 | P27: =SUM(C27:N27) -> 19 | R27: 0000-0100 | S27: =SUM(C78:C81) -> 3 | T27: =SUM(D78:D81) -> 4 | U27: =SUM(E78:E81) -> 6 | V27: =SUM(F78:F81) -> 4 | W27: =SUM(G78:G81) -> 0 | X27: =SUM(H78:H81) -> 1 | Y27: =SUM(I78:I81) -> 2 | Z27: =SUM(J78:J81) -> 0 | ... AF27: =SUM(P78:P81) -> 28
B28: 11.30 - 11.45 | C28: 4 | D28: 4 | E28: 5 | F28: 2 | G28: 0 | H28: 2 | I28: 0 | J28: 1 | K28: 0 | L28: 1 | M28: 10 | N28: 0 | O28: =SUM(C28:L28,N28) -> 19 | P28: =SUM(C28:N28) -> 29 | R28: 0100-0200 | S28: =SUM(C82:C85) -> 4 | T28: =SUM(D82:D85) -> 4 | U28: =SUM(E82:E85) -> 7 | V28: =SUM(F82:F85) -> 4 | W28: =SUM(G82:G85) -> 0 | X28: =SUM(H82:H85) -> 3 | Y28: =SUM(I82:I85) -> 3 | Z28: =SUM(J82:J85) -> 0 | ... AF28: =SUM(P82:P85) -> 32
B29: 11.45 - 12.00 | C29: 0 | D29: 2 | E29: 3 | F29: 0 | G29: 0 | H29: 0 | I29: 2 | J29: 0 | K29: 0 | L29: 0 | M29: 1 | N29: 0 | O29: =SUM(C29:L29,N29) -> 7 | P29: =SUM(C29:N29) -> 8 | R29: 0200-0300 | S29: =SUM(C86:C89) -> 4 | T29: =SUM(D86:D89) -> 5 | U29: =SUM(E86:E89) -> 7 | V29: =SUM(F86:F89) -> 3 | W29: =SUM(G86:G89) -> 0 | X29: =SUM(H86:H89) -> 0 | Y29: =SUM(I86:I89) -> 4 | Z29: =SUM(J86:J89) -> 0 | ... AF29: =SUM(P86:P89) -> 34
B30: 12.00 - 12.15 | C30: 3 | D30: 1 | E30: 2 | F30: 0 | G30: 0 | H30: 0 | I30: 2 | J30: 0 | K30: 0 | L30: 1 | M30: 1 | N30: 0 | O30: =SUM(C30:L30,N30) -> 9 | P30: =SUM(C30:N30) -> 10 | R30: 0300-0400 | S30: =SUM(C90:C93) -> 5 | T30: =SUM(D90:D93) -> 4 | U30: =SUM(E90:E93) -> 8 | V30: =SUM(F90:F93) -> 4 | W30: =SUM(G90:G93) -> 0 | X30: =SUM(H90:H93) -> 3 | Y30: =SUM(I90:I93) -> 3 | Z30: =SUM(J90:J93) -> 0 | ... AF30: =SUM(P90:P93) -> 37
B31: 12.15 - 12.30 | C31: 4 | D31: 3 | E31: 3 | F31: 3 | G31: 0 | H31: 0 | I31: 2 | J31: 0 | K31: 0 | L31: 0 | M31: 2 | N31: 0 | O31: =SUM(C31:L31,N31) -> 15 | P31: =SUM(C31:N31) -> 17 | R31: 0400-0500 | S31: =SUM(C94:C97) -> 6 | T31: =SUM(D94:D97) -> 6 | U31: =SUM(E94:E97) -> 8 | V31: =SUM(F94:F97) -> 5 | W31: =SUM(G94:G97) -> 0 | X31: =SUM(H94:H97) -> 4 | Y31: =SUM(I94:I97) -> 5 | Z31: =SUM(J94:J97) -> 0 | ... AF31: =SUM(P94:P97) -> 46
B32: 12.30 - 12.45 | C32: 2 | D32: 2 | E32: 2 | F32: 5 | G32: 0 | H32: 1 | I32: 2 | J32: 0 | K32: 1 | L32: 1 | M32: 4 | N32: 0 | O32: =SUM(C32:L32,N32) -> 16 | P32: =SUM(C32:N32) -> 20 | R32: 0500-0600 | S32: =SUM(C98:C101) -> 7 | T32: =SUM(D98:D101) -> 7 | U32: =SUM(E98:E101) -> 12 | V32: =SUM(F98:F101) -> 6 | W32: =SUM(G98:G101) -> 0 | X32: =SUM(H98:H101) -> 4 | Y32: =SUM(I98:I101) -> 6 | Z32: =SUM(J98:J101) -> 1 | ... AF32: =SUM(P98:P101) -> 61
B33: 12.45 - 13.00 | C33: 2 | D33: 0 | E33: 1 | F33: 1 | G33: 0 | H33: 1 | I33: 0 | J33: 0 | K33: 0 | L33: 0 | M33: 2 | N33: 0 | O33: =SUM(C33:L33,N33) -> 5 | P33: =SUM(C33:N33) -> 7 | R33: 0600-0700 | S33: =SUM(C102:C105) -> 8 | T33: =SUM(D102:D105) -> 10 | U33: =SUM(E102:E105) -> 15 | V33: =SUM(F102:F105) -> 6 | W33: =SUM(G102:G105) -> 0 | X33: =SUM(H102:H105) -> 3 | Y33: =SUM(I102:I105) -> 5 | Z33: =SUM(J102:J105) -> 1 | ... AF33: =SUM(P102:P105) -> 72
B34: 13.00 - 13.15 | C34: 1 | D34: 1 | E34: 1 | F34: 1 | G34: 0 | H34: 0 | I34: 0 | J34: 0 | K34: 0 | L34: 0 | M34: 2 | N34: 0 | O34: =SUM(C34:L34,N34) -> 4 | P34: =SUM(C34:N34) -> 6 | R34: AM Peak Hr | S34: =MAX(S10:S12) -> 13 | T34: =MAX(T10:T12) -> 11 | U34: =MAX(U10:U12) -> 14 | V34: =MAX(V10:V12) -> 7 | W34: =MAX(W10:W12) -> 0 | X34: =MAX(X10:X12) -> 0 | Y34: =MAX(Y10:Y12) -> 6 | Z34: =MAX(Z10:Z12) -> 3 | ... AF34: =MAX(AF10:AF12) -> 57
B35: 13.15 - 13.30 | C35: 0 | D35: 1 | E35: 1 | F35: 0 | G35: 0 | H35: 1 | I35: 3 | J35: 0 | K35: 0 | L35: 0 | M35: 1 | N35: 0 | O35: =SUM(C35:L35,N35) -> 6 | P35: =SUM(C35:N35) -> 7 | R35: IP Peak Hr | S35: =MAX(S13:S18) -> 14 | T35: =MAX(T13:T18) -> 9 | U35: =MAX(U13:U18) -> 13 | V35: =MAX(V13:V18) -> 11 | W35: =MAX(W13:W18) -> 1 | X35: =MAX(X13:X18) -> 5 | Y35: =MAX(Y13:Y18) -> 6 | Z35: =MAX(Z13:Z18) -> 2 | ... AF35: =MAX(AF13:AF18) -> 72
B36: 13.30 - 13.45 | C36: 2 | D36: 3 | E36: 4 | F36: 1 | G36: 0 | H36: 3 | I36: 0 | J36: 0 | K36: 0 | L36: 0 | M36: 3 | N36: 0 | O36: =SUM(C36:L36,N36) -> 13 | P36: =SUM(C36:N36) -> 16 | R36: PM Peak Hr | S36: =MAX(S19:S21) -> 12 | T36: =MAX(T19:T21) -> 9 | U36: =MAX(U19:U21) -> 11 | V36: =MAX(V19:V21) -> 6 | W36: =MAX(W19:W21) -> 0 | X36: =MAX(X19:X21) -> 6 | Y36: =MAX(Y19:Y21) -> 7 | Z36: =MAX(Z19:Z21) -> 2 | ... AF36: =MAX(AF19:AF21) -> 82
B37: 13.45 - 14.00 | C37: 5 | D37: 3 | E37: 3 | F37: 0 | G37: 1 | H37: 0 | I37: 0 | J37: 0 | K37: 0 | L37: 0 | M37: 2 | N37: 0 | O37: =SUM(C37:L37,N37) -> 12 | P37: =SUM(C37:N37) -> 14 | R37: AM Period | S37: =SUM(S10:S12) -> 25 | T37: =SUM(T10:T12) -> 26 | U37: =SUM(U10:U12) -> 32 | V37: =SUM(V10:V12) -> 13 | W37: =SUM(W10:W12) -> 0 | X37: =SUM(X10:X12) -> 0 | Y37: =SUM(Y10:Y12) -> 14 | Z37: =SUM(Z10:Z12) -> 4 | ... AF37: =SUM(AF10:AF12) -> 155
B38: 14.00 - 14.15 | C38: 0 | D38: 3 | E38: 3 | F38: 1 | G38: 0 | H38: 0 | I38: 1 | J38: 0 | K38: 0 | L38: 1 | M38: 3 | N38: 0 | O38: =SUM(C38:L38,N38) -> 9 | P38: =SUM(C38:N38) -> 12 | R38: IP Period | S38: =SUM(S13:S18) -> 56 | T38: =SUM(T13:T18) -> 44 | U38: =SUM(U13:U18) -> 57 | V38: =SUM(V13:V18) -> 41 | W38: =SUM(W13:W18) -> 2 | X38: =SUM(X13:X18) -> 22 | Y38: =SUM(Y13:Y18) -> 22 | Z38: =SUM(Z13:Z18) -> 5 | ... AF38: =SUM(AF13:AF18) -> 343
B39: 14.15 - 14.30 | C39: 3 | D39: 2 | E39: 3 | F39: 0 | G39: 0 | H39: 2 | I39: 1 | J39: 0 | K39: 0 | L39: 0 | M39: 4 | N39: 0 | O39: =SUM(C39:L39,N39) -> 11 | P39: =SUM(C39:N39) -> 15 | R39: PM Period | S39: =SUM(S19:S21) -> 29 | T39: =SUM(T19:T21) -> 24 | U39: =SUM(U19:U21) -> 29 | V39: =SUM(V19:V21) -> 10 | W39: =SUM(W19:W21) -> 0 | X39: =SUM(X19:X21) -> 15 | Y39: =SUM(Y19:Y21) -> 15 | Z39: =SUM(Z19:Z21) -> 3 | ... AF39: =SUM(AF19:AF21) -> 205
B40: 14.30 - 14.45 | C40: 1 | D40: 1 | E40: 1 | F40: 1 | G40: 0 | H40: 1 | I40: 0 | J40: 0 | K40: 0 | L40: 0 | M40: 6 | N40: 0 | O40: =SUM(C40:L40,N40) -> 5 | P40: =SUM(C40:N40) -> 11 | R40: 12 Hours | S40: =SUM(S10:S21) -> 110 | T40: =SUM(T10:T21) -> 94 | U40: =SUM(U10:U21) -> 118 | V40: =SUM(V10:V21) -> 64 | W40: =SUM(W10:W21) -> 2 | X40: =SUM(X10:X21) -> 37 | Y40: =SUM(Y10:Y21) -> 51 | Z40: =SUM(Z10:Z21) -> 12 | ... AF40: =SUM(AF10:AF21) -> 703
B41: 14.45 - 15.00 | C41: 1 | D41: 2 | E41: 2 | F41: 1 | G41: 0 | H41: 1 | I41: 2 | J41: 0 | K41: 0 | L41: 0 | M41: 1 | N41: 0 | O41: =SUM(C41:L41,N41) -> 9 | P41: =SUM(C41:N41) -> 10 | R41: 24 Hrs/ADT | S41: =SUM(S10:S33) -> 175 | T41: =SUM(T10:T33) -> 160 | U41: =SUM(U10:U33) -> 231 | V41: =SUM(V10:V33) -> 131 | W41: =SUM(W10:W33) -> 2 | X41: =SUM(X10:X33) -> 62 | Y41: =SUM(Y10:Y33) -> 112 | Z41: =SUM(Z10:Z33) -> 17 | ... AF41: =SUM(AF10:AF33) -> 1281
B42: 15.00 - 15.15 | C42: 7 | D42: 2 | E42: 3 | F42: 3 | G42: 0 | H42: 0 | I42: 1 | J42: 0 | K42: 0 | L42: 0 | M42: 4 | N42: 0 | O42: =SUM(C42:L42,N42) -> 16 | P42: =SUM(C42:N42) -> 20 | R42: NEF | S42: =S41/S40 -> 1.5909091 | T42: =T41/T40 -> 1.7021277 | U42: =U41/U40 -> 1.9576271 | V42: =V41/V40 -> 2.046875 | W42: =W41/W40 -> 1 | X42: =X41/X40 -> 1.6756757 | Y42: =Y41/Y40 -> 2.1960784 | Z42: =Z41/Z40 -> 1.4166667 | ... AF42: =AF41/AF40 -> 1.8221906
B43: 15.15 - 15.30 | C43: 5 | D43: 1 | E43: 2 | F43: 1 | G43: 0 | H43: 1 | I43: 0 | J43: 0 | K43: 0 | L43: 0 | M43: 3 | N43: 0 | O43: =SUM(C43:L43,N43) -> 10 | P43: =SUM(C43:N43) -> 13
B44: 15.30 - 15.45 | C44: 1 | D44: 3 | E44: 3 | F44: 1 | G44: 0 | H44: 4 | I44: 0 | J44: 1 | K44: 0 | L44: 1 | M44: 9 | N44: 0 | O44: =SUM(C44:L44,N44) -> 14 | P44: =SUM(C44:N44) -> 23
B45: 15.45 - 16.00 | C45: 1 | D45: 1 | E45: 2 | F45: 4 | G45: 0 | H45: 0 | I45: 1 | J45: 0 | K45: 0 | L45: 1 | M45: 6 | N45: 0 | O45: =SUM(C45:L45,N45) -> 10 | P45: =SUM(C45:N45) -> 16
B46: 16.00 - 16.15 | C46: 0 | D46: 2 | E46: 3 | F46: 0 | G46: 0 | H46: 1 | I46: 1 | J46: 0 | K46: 0 | L46: 1 | M46: 3 | N46: 0 | O46: =SUM(C46:L46,N46) -> 8 | P46: =SUM(C46:N46) -> 11
B47: 16.15 -16.30 | C47: 1 | D47: 3 | E47: 3 | F47: 1 | G47: 0 | H47: 0 | I47: 0 | J47: 0 | K47: 0 | L47: 0 | M47: 4 | N47: 0 | O47: =SUM(C47:L47,N47) -> 8 | P47: =SUM(C47:N47) -> 12
B48: 16.30 -16.45 | C48: 3 | D48: 3 | E48: 3 | F48: 0 | G48: 0 | H48: 3 | I48: 0 | J48: 0 | K48: 0 | L48: 4 | M48: 2 | N48: 0 | O48: =SUM(C48:L48,N48) -> 16 | P48: =SUM(C48:N48) -> 18
B49: 16.45 -17.00 | C49: 1 | D49: 1 | E49: 2 | F49: 0 | G49: 0 | H49: 0 | I49: 1 | J49: 0 | K49: 0 | L49: 0 | M49: 5 | N49: 0 | O49: =SUM(C49:L49,N49) -> 5 | P49: =SUM(C49:N49) -> 10
B50: 17.00 -17.15 | C50: 5 | D50: 2 | E50: 3 | F50: 2 | G50: 0 | H50: 2 | I50: 0 | J50: 0 | K50: 0 | L50: 0 | M50: 1 | N50: 0 | O50: =SUM(C50:L50,N50) -> 14 | P50: =SUM(C50:N50) -> 15
B51: 17.15 -17.30 | C51: 4 | D51: 2 | E51: 2 | F51: 1 | G51: 0 | H51: 0 | I51: 1 | J51: 0 | K51: 0 | L51: 3 | M51: 4 | N51: 0 | O51: =SUM(C51:L51,N51) -> 13 | P51: =SUM(C51:N51) -> 17
B52: 17.30 -17.45 | C52: 1 | D52: 3 | E52: 3 | F52: 1 | G52: 0 | H52: 1 | I52: 3 | J52: 2 | K52: 0 | L52: 4 | M52: 3 | N52: 0 | O52: =SUM(C52:L52,N52) -> 18 | P52: =SUM(C52:N52) -> 21
B53: 17.45 -18.00 | C53: 2 | D53: 1 | E53: 2 | F53: 2 | G53: 0 | H53: 2 | I53: 2 | J53: 0 | K53: 0 | L53: 1 | M53: 7 | N53: 0 | O53: =SUM(C53:L53,N53) -> 12 | P53: =SUM(C53:N53) -> 19
B54: 18.00 - 18.15 | C54: 9 | D54: 3 | E54: 4 | F54: 2 | G54: 0 | H54: 0 | I54: 1 | J54: 0 | K54: 0 | L54: 6 | M54: 7 | N54: 0 | O54: =SUM(C54:L54,N54) -> 25 | P54: =SUM(C54:N54) -> 32
... B105: 06.45 - 07.00 | C105: 2 | D105: 3 | E105: 4 | F105: 2 | G105: 0 | H105: 0 | I105: 1 | J105: 0 | K105: 0 | L105: 2 | M105: 6 | N105: 0 | O105: =SUM(C105:L105,N105) -> 14 | P105: =SUM(C105:N105) -> 20
B106: Totals | C106: =SUM(C10:C105) -> 175 | D106: =SUM(D10:D105) -> 160 | E106: =SUM(E10:E105) -> 231 | F106: =SUM(F10:F105) -> 131 | G106: =SUM(G10:G105) -> 2 | H106: =SUM(H10:H105) -> 62 | I106: =SUM(I10:I105) -> 112 | J106: =SUM(J10:J105) -> 17 | ... P106: =SUM(P10:P105) -> 1281
B107: %ges + MCs | C107: =C106/$P$106 -> 0.13661202 | D107: =D106/$P$106 -> 0.12490242 | E107: =E106/$P$106 -> 0.18032787 | F107: =F106/$P$106 -> 0.10226386 | G107: =G106/$P$106 -> 0.0015612802 | H107: =H106/$P$106 -> 0.048399688 | I107: =I106/$P$106 -> 0.087431694 | J107: =J106/$P$106 -> 0.013270882 | ... N107: =N106/$P$106 -> 0
B108: %ges w/o MCs | C108: =C106/$O$106 -> 0.17911975 | D108: =D106/$O$106 -> 0.16376663 | E108: =E106/$O$106 -> 0.23643808 | F108: =F106/$O$106 -> 0.13408393 | G108: =G106/$O$106 -> 0.0020470829 | H108: =H106/$O$106 -> 0.06345957 | I108: =I106/$O$106 -> 0.11463664 | J108: =J106/$O$106 -> 0.017400205 | ... L108: =L106/$O$106 -> 0.087001024 | N108: =N106/$O$106 -> 0

Sheet 04.08 Karuma-Kigumba
B1: Consultancy services for Preparation of Expressway Development Master Plan (EDMP) for Uganda
B2: MANUAL CLASSIFIED COUNT (MCC)
B3: ROAD NAME: | C3: ='29.07 Karuma-Kigumba'!C3:G3 -> MCC - C5 - STN113 - KIGUMBA-KARUMA ROAD
C5: Date | D5: 04.08.19 | F5: Location | G5: ='02.08 Kigumba-Karuma-24h'!G5:H5 -> nanda | J5: Surveyor | K5: ='02.08 Kigumba-Karuma-24h'!K5:L5 -> xxx
C6: Dir. From | D6: ='29.07 Karuma-Kigumba'!D6:E6 -> karuma | F6: Dir. To | G6: ='29.07 Karuma-Kigumba'!G6:H6 -> kigumba | J6: Supervisor | K6: ='02.08 Kigumba-Karuma-24h'!K6:L6 -> xxx
B8: Time / Veh Type | R8: SUMMARY TRAFFIC VOLUMES
C9: 1. Car | D9: 2. Station Wagon | E9: 3. Pickups | F9: 4. Minibus, matatu | G9: 5. Medium bus | H9: 6. Large Bus | I9: 7. Light Truck | J9: 8. Medium Truck | K9: 9. Heavy truck | L9: 10. Truck Trailer | M9: 11. Motor cycles | N9: 12. Tractors | O9: Total Excl M/Cycles | P9: Total All | R9: Time | S9: 1. Car | T9: 2. Station Wagon | U9: 3. Pickups | V9: 4. Minibus, matatu | W9: 5. Medium bus | X9: 6. Large Bus | Y9: 7. Light Truck | Z9: 8. Medium Truck | AA9: 9. Heavy truck | AB9: 10. Truck Trailer | AC9: 11. Motorcycles | AD9: 12. Tractors, Graders | AE9: Total Excl M/ Cycles | AF9: Total All
B10: 07.00 - 07.15 | C10: 2 | D10: 0 | E10: 1 | F10: 1 | G10: 0 | H10: 0 | I10: 0 | J10: 0 | K10: 0 | L10: 0 | M10: 0 | N10: 0 | O10: =SUM(C10:L10,N10) -> 4 | P10: =SUM(C10:N10) -> 4 | R10: 0700-0800 | S10: =SUM(C10:C13) -> 5 | T10: =SUM(D10:D13) -> 1 | U10: =SUM(E10:E13) -> 5 | V10: =SUM(F10:F13) -> 4 | W10: =SUM(G10:G13) -> 1 | X10: =SUM(H10:H13) -> 0 | Y10: =SUM(I10:I13) -> 1 | Z10: =SUM(J10:J13) -> 0 | ... AF10: =SUM(P10:P13) -> 29
B11: 07.15 - 07.30 | C11: 1 | D11: 0 | E11: 0 | F11: 1 | G11: 1 | H11: 0 | I11: 0 | J11: 0 | K11: 0 | L11: 0 | M11: 1 | N11: 0 | O11: =SUM(C11:L11,N11) -> 3 | P11: =SUM(C11:N11) -> 4 | R11: 0800-0900 | S11: =SUM(C14:C17) -> 6 | T11: =SUM(D14:D17) -> 4 | U11: =SUM(E14:E17) -> 10 | V11: =SUM(F14:F17) -> 4 | W11: =SUM(G14:G17) -> 0 | X11: =SUM(H14:H17) -> 1 | Y11: =SUM(I14:I17) -> 2 | Z11: =SUM(J14:J17) -> 1 | ... AF11: =SUM(P14:P17) -> 45
B12: 07.30 - 07.45 | C12: 0 | D12: 1 | E12: 2 | F12: 1 | G12: 0 | H12: 0 | I12: 0 | J12: 0 | K12: 0 | L12: 1 | M12: 3 | N12: 0 | O12: =SUM(C12:L12,N12) -> 5 | P12: =SUM(C12:N12) -> 8 | R12: 0900-1000 | S12: =SUM(C18:C21) -> 9 | T12: =SUM(D18:D21) -> 4 | U12: =SUM(E18:E21) -> 9 | V12: =SUM(F18:F21) -> 5 | W12: =SUM(G18:G21) -> 0 | X12: =SUM(H18:H21) -> 3 | Y12: =SUM(I18:I21) -> 3 | Z12: =SUM(J18:J21) -> 1 | ... AF12: =SUM(P18:P21) -> 54
B13: 07.45 - 08.00 | C13: 2 | D13: 0 | E13: 2 | F13: 1 | G13: 0 | H13: 0 | I13: 1 | J13: 0 | K13: 0 | L13: 1 | M13: 6 | N13: 0 | O13: =SUM(C13:L13,N13) -> 7 | P13: =SUM(C13:N13) -> 13 | R13: 1000-1100 | S13: =SUM(C22:C25) -> 7 | T13: =SUM(D22:D25) -> 4 | U13: =SUM(E22:E25) -> 9 | V13: =SUM(F22:F25) -> 8 | W13: =SUM(G22:G25) -> 1 | X13: =SUM(H22:H25) -> 3 | Y13: =SUM(I22:I25) -> 3 | Z13: =SUM(J22:J25) -> 0 | ... AF13: =SUM(P22:P25) -> 60
B14: 08.00 - 08.15 | C14: 0 | D14: 0 | E14: 2 | F14: 2 | G14: 0 | H14: 0 | I14: 0 | J14: 0 | K14: 0 | L14: 2 | M14: 1 | N14: 0 | O14: =SUM(C14:L14,N14) -> 6 | P14: =SUM(C14:N14) -> 7 | R14: 1100-1200 | S14: =SUM(C26:C29) -> 5 | T14: =SUM(D26:D29) -> 7 | U14: =SUM(E26:E29) -> 15 | V14: =SUM(F26:F29) -> 4 | W14: =SUM(G26:G29) -> 1 | X14: =SUM(H26:H29) -> 4 | Y14: =SUM(I26:I29) -> 5 | Z14: =SUM(J26:J29) -> 2 | ... AF14: =SUM(P26:P29) -> 61
B15: 08.15 - 08.30 | C15: 1 | D15: 1 | E15: 2 | F15: 1 | G15: 0 | H15: 0 | I15: 1 | J15: 1 | K15: 0 | L15: 0 | M15: 6 | N15: 0 | O15: =SUM(C15:L15,N15) -> 7 | P15: =SUM(C15:N15) -> 13 | R15: 1200-1300 | S15: =SUM(C30:C33) -> 17 | T15: =SUM(D30:D33) -> 9 | U15: =SUM(E30:E33) -> 15 | V15: =SUM(F30:F33) -> 10 | W15: =SUM(G30:G33) -> 1 | X15: =SUM(H30:H33) -> 4 | Y15: =SUM(I30:I33) -> 10 | Z15: =SUM(J30:J33) -> 1 | ... AF15: =SUM(P30:P33) -> 101
B16: 08.30 - 08.45 | C16: 3 | D16: 1 | E16: 2 | F16: 0 | G16: 0 | H16: 0 | I16: 1 | J16: 0 | K16: 0 | L16: 0 | M16: 2 | N16: 0 | O16: =SUM(C16:L16,N16) -> 7 | P16: =SUM(C16:N16) -> 9 | R16: 1300-1400 | S16: =SUM(C34:C37) -> 18 | T16: =SUM(D34:D37) -> 11 | U16: =SUM(E34:E37) -> 20 | V16: =SUM(F34:F37) -> 2 | W16: =SUM(G34:G37) -> 0 | X16: =SUM(H34:H37) -> 5 | Y16: =SUM(I34:I37) -> 8 | Z16: =SUM(J34:J37) -> 0 | ... AF16: =SUM(P34:P37) -> 91
B17: 08.45 - 9.00 | C17: 2 | D17: 2 | E17: 4 | F17: 1 | G17: 0 | H17: 1 | I17: 0 | J17: 0 | K17: 0 | L17: 0 | M17: 6 | N17: 0 | O17: =SUM(C17:L17,N17) -> 10 | P17: =SUM(C17:N17) -> 16 | R17: 1400-1500 | S17: =SUM(C38:C41) -> 11 | T17: =SUM(D38:D41) -> 11 | U17: =SUM(E38:E41) -> 20 | V17: =SUM(F38:F41) -> 10 | W17: =SUM(G38:G41) -> 1 | X17: =SUM(H38:H41) -> 5 | Y17: =SUM(I38:I41) -> 9 | Z17: =SUM(J38:J41) -> 1 | ... AF17: =SUM(P38:P41) -> 96
B18: 09.00 - 09.15 | C18: 1 | D18: 1 | E18: 2 | F18: 0 | G18: 0 | H18: 1 | I18: 1 | J18: 0 | K18: 0 | L18: 1 | M18: 3 | N18: 0 | O18: =SUM(C18:L18,N18) -> 7 | P18: =SUM(C18:N18) -> 10 | R18: 1500-1600 | S18: =SUM(C42:C45) -> 9 | T18: =SUM(D42:D45) -> 14 | U18: =SUM(E42:E45) -> 24 | V18: =SUM(F42:F45) -> 11 | W18: =SUM(G42:G45) -> 0 | X18: =SUM(H42:H45) -> 5 | Y18: =SUM(I42:I45) -> 6 | Z18: =SUM(J42:J45) -> 2 | ... AF18: =SUM(P42:P45) -> 100
B19: 09.15 - 09.30 | C19: 2 | D19: 0 | E19: 0 | F19: 2 | G19: 0 | H19: 1 | I19: 0 | J19: 0 | K19: 1 | L19: 0 | M19: 3 | N19: 0 | O19: =SUM(C19:L19,N19) -> 6 | P19: =SUM(C19:N19) -> 9 | R19: 1600-1700 | S19: =SUM(C46:C49) -> 8 | T19: =SUM(D46:D49) -> 9 | U19: =SUM(E46:E49) -> 19 | V19: =SUM(F46:F49) -> 8 | W19: =SUM(G46:G49) -> 1 | X19: =SUM(H46:H49) -> 4 | Y19: =SUM(I46:I49) -> 8 | Z19: =SUM(J46:J49) -> 1 | ... AF19: =SUM(P46:P49) -> 98
B20: 09.30 - 09.45 | C20: 2 | D20: 0 | E20: 2 | F20: 0 | G20: 0 | H20: 0 | I20: 2 | J20: 1 | K20: 0 | L20: 3 | M20: 5 | N20: 0 | O20: =SUM(C20:L20,N20) -> 10 | P20: =SUM(C20:N20) -> 15 | R20: 1700-1800 | S20: =SUM(C50:C53) -> 6 | T20: =SUM(D50:D53) -> 8 | U20: =SUM(E50:E53) -> 14 | V20: =SUM(F50:F53) -> 5 | W20: =SUM(G50:G53) -> 1 | X20: =SUM(H50:H53) -> 8 | Y20: =SUM(I50:I53) -> 14 | Z20: =SUM(J50:J53) -> 1 | ... AF20: =SUM(P50:P53) -> 90
B21: 09.45 - 10.00 | C21: 4 | D21: 3 | E21: 5 | F21: 3 | G21: 0 | H21: 1 | I21: 0 | J21: 0 | K21: 1 | L21: 2 | M21: 1 | N21: 0 | O21: =SUM(C21:L21,N21) -> 19 | P21: =SUM(C21:N21) -> 20 | R21: 1800-1900 | S21: =SUM(C54:C57) -> 17 | T21: =SUM(D54:D57) -> 4 | U21: =SUM(E54:E57) -> 11 | V21: =SUM(F54:F57) -> 5 | W21: =SUM(G54:G57) -> 0 | X21: =SUM(H54:H57) -> 3 | Y21: =SUM(I54:I57) -> 11 | Z21: =SUM(J54:J57) -> 1 | ... AF21: =SUM(P54:P57) -> 79
B22: 10.00 - 10.15 | C22: 3 | D22: 0 | E22: 1 | F22: 0 | G22: 0 | H22: 1 | I22: 0 | J22: 0 | K22: 0 | L22: 1 | M22: 6 | N22: 0 | O22: =SUM(C22:L22,N22) -> 6 | P22: =SUM(C22:N22) -> 12 | R22: AM Peak Hr | S22: =MAX(S10:S12) -> 9 | T22: =MAX(T10:T12) -> 4 | U22: =MAX(U10:U12) -> 10 | V22: =MAX(V10:V12) -> 5 | W22: =MAX(W10:W12) -> 1 | X22: =MAX(X10:X12) -> 3 | Y22: =MAX(Y10:Y12) -> 3 | Z22: =MAX(Z10:Z12) -> 1 | ... AF22: =MAX(AF10:AF12) -> 54
B23: 10.15 - 10.30 | C23: 0 | D23: 0 | E23: 0 | F23: 1 | G23: 1 | H23: 0 | I23: 0 | J23: 0 | K23: 0 | L23: 0 | M23: 5 | N23: 0 | O23: =SUM(C23:L23,N23) -> 2 | P23: =SUM(C23:N23) -> 7 | R23: IP Peak Hr | S23: =MAX(S13:S18) -> 18 | T23: =MAX(T13:T18) -> 14 | U23: =MAX(U13:U18) -> 24 | V23: =MAX(V13:V18) -> 11 | W23: =MAX(W13:W18) -> 1 | X23: =MAX(X13:X18) -> 5 | Y23: =MAX(Y13:Y18) -> 10 | Z23: =MAX(Z13:Z18) -> 2 | ... AF23: =MAX(AF13:AF18) -> 101
B24: 10.30 - 10.45 | C24: 1 | D24: 2 | E24: 4 | F24: 2 | G24: 0 | H24: 1 | I24: 2 | J24: 0 | K24: 0 | L24: 0 | M24: 4 | N24: 0 | O24: =SUM(C24:L24,N24) -> 12 | P24: =SUM(C24:N24) -> 16 | R24: PM Peak Hr | S24: =MAX(S19:S21) -> 17 | T24: =MAX(T19:T21) -> 9 | U24: =MAX(U19:U21) -> 19 | V24: =MAX(V19:V21) -> 8 | W24: =MAX(W19:W21) -> 1 | X24: =MAX(X19:X21) -> 8 | Y24: =MAX(Y19:Y21) -> 14 | Z24: =MAX(Z19:Z21) -> 1 | ... AF24: =MAX(AF19:AF21) -> 98
B25: 10.45 - 11.00 | C25: 3 | D25: 2 | E25: 4 | F25: 5 | G25: 0 | H25: 1 | I25: 1 | J25: 0 | K25: 0 | L25: 1 | M25: 8 | N25: 0 | O25: =SUM(C25:L25,N25) -> 17 | P25: =SUM(C25:N25) -> 25 | R25: AM Period | S25: =SUM(S10:S12) -> 20 | T25: =SUM(T10:T12) -> 9 | U25: =SUM(U10:U12) -> 24 | V25: =SUM(V10:V12) -> 13 | W25: =SUM(W10:W12) -> 1 | X25: =SUM(X10:X12) -> 4 | Y25: =SUM(Y10:Y12) -> 6 | Z25: =SUM(Z10:Z12) -> 2 | ... AF25: =SUM(AF10:AF12) -> 128
B26: 11.00 - 11.15 | C26: 1 | D26: 2 | E26: 4 | F26: 1 | G26: 0 | H26: 1 | I26: 1 | J26: 0 | K26: 0 | L26: 2 | M26: 3 | N26: 0 | O26: =SUM(C26:L26,N26) -> 12 | P26: =SUM(C26:N26) -> 15 | R26: IP Period | S26: =SUM(S13:S18) -> 67 | T26: =SUM(T13:T18) -> 56 | U26: =SUM(U13:U18) -> 103 | V26: =SUM(V13:V18) -> 45 | W26: =SUM(W13:W18) -> 4 | X26: =SUM(X13:X18) -> 26 | Y26: =SUM(Y13:Y18) -> 41 | Z26: =SUM(Z13:Z18) -> 6 | ... AF26: =SUM(AF13:AF18) -> 509
B27: 11.15 - 11.30 | C27: 1 | D27: 2 | E27: 4 | F27: 2 | G27: 1 | H27: 2 | I27: 3 | J27: 0 | K27: 0 | L27: 2 | M27: 3 | N27: 0 | O27: =SUM(C27:L27,N27) -> 17 | P27: =SUM(C27:N27) -> 20 | R27: PM Period | S27: =SUM(S19:S21) -> 31 | T27: =SUM(T19:T21) -> 21 | U27: =SUM(U19:U21) -> 44 | V27: =SUM(V19:V21) -> 18 | W27: =SUM(W19:W21) -> 2 | X27: =SUM(X19:X21) -> 15 | Y27: =SUM(Y19:Y21) -> 33 | Z27: =SUM(Z19:Z21) -> 3 | ... AF27: =SUM(AF19:AF21) -> 267
B28: 11.30 - 11.45 | C28: 1 | D28: 2 | E28: 5 | F28: 0 | G28: 0 | H28: 0 | I28: 0 | J28: 0 | K28: 0 | L28: 2 | M28: 5 | N28: 0 | O28: =SUM(C28:L28,N28) -> 10 | P28: =SUM(C28:N28) -> 15 | R28: 12 Hours | S28: =SUM(S10:S21) -> 118 | T28: =SUM(T10:T21) -> 86 | U28: =SUM(U10:U21) -> 171 | V28: =SUM(V10:V21) -> 76 | W28: =SUM(W10:W21) -> 7 | X28: =SUM(X10:X21) -> 45 | Y28: =SUM(Y10:Y21) -> 80 | Z28: =SUM(Z10:Z21) -> 11 | ... AF28: =SUM(AF10:AF21) -> 904
B29: 11.45 - 12.00 | C29: 2 | D29: 1 | E29: 2 | F29: 1 | G29: 0 | H29: 1 | I29: 1 | J29: 2 | K29: 0 | L29: 0 | M29: 1 | N29: 0 | O29: =SUM(C29:L29,N29) -> 10 | P29: =SUM(C29:N29) -> 11 | R29: 24 Hrs/ADT | S29: =SUM(S10:S21) -> 118 | T29: =SUM(T10:T21) -> 86 | U29: =SUM(U10:U21) -> 171 | V29: =SUM(V10:V21) -> 76 | W29: =SUM(W10:W21) -> 7 | X29: =SUM(X10:X21) -> 45 | Y29: =SUM(Y10:Y21) -> 80 | Z29: =SUM(Z10:Z21) -> 11 | ... AF29: =SUM(AF10:AF21) -> 904
B30: 12.00 - 12.15 | C30: 2 | D30: 1 | E30: 2 | F30: 1 | G30: 0 | H30: 1 | I30: 2 | J30: 0 | K30: 0 | L30: 0 | M30: 2 | N30: 0 | O30: =SUM(C30:L30,N30) -> 9 | P30: =SUM(C30:N30) -> 11 | R30: NEF | S30: =S29/S28 -> 1 | T30: =T29/T28 -> 1 | U30: =U29/U28 -> 1 | V30: =V29/V28 -> 1 | W30: =W29/W28 -> 1 | X30: =X29/X28 -> 1 | Y30: =Y29/Y28 -> 1 | Z30: =Z29/Z28 -> 1 | ... AF30: =AF29/AF28 -> 1
B31: 12.15 - 12.30 | C31: 3 | D31: 2 | E31: 4 | F31: 1 | G31: 0 | H31: 2 | I31: 1 | J31: 0 | K31: 0 | L31: 0 | M31: 8 | N31: 0 | O31: =SUM(C31:L31,N31) -> 13 | P31: =SUM(C31:N31) -> 21
B32: 12.30 - 12.45 | C32: 9 | D32: 4 | E32: 6 | F32: 5 | G32: 0 | H32: 1 | I32: 6 | J32: 1 | K32: 0 | L32: 1 | M32: 11 | N32: 0 | O32: =SUM(C32:L32,N32) -> 33 | P32: =SUM(C32:N32) -> 44
B33: 12.45 - 13.00 | C33: 3 | D33: 2 | E33: 3 | F33: 3 | G33: 1 | H33: 0 | I33: 1 | J33: 0 | K33: 0 | L33: 6 | M33: 6 | N33: 0 | O33: =SUM(C33:L33,N33) -> 19 | P33: =SUM(C33:N33) -> 25
B34: 13.00 - 13.15 | C34: 3 | D34: 1 | E34: 3 | F34: 0 | G34: 0 | H34: 1 | I34: 2 | J34: 0 | K34: 1 | L34: 3 | M34: 8 | N34: 0 | O34: =SUM(C34:L34,N34) -> 14 | P34: =SUM(C34:N34) -> 22
B35: 13.15 - 13.30 | C35: 5 | D35: 4 | E35: 6 | F35: 0 | G35: 0 | H35: 1 | I35: 1 | J35: 0 | K35: 0 | L35: 2 | M35: 5 | N35: 0 | O35: =SUM(C35:L35,N35) -> 19 | P35: =SUM(C35:N35) -> 24
B36: 13.30 - 13.45 | C36: 6 | D36: 1 | E36: 2 | F36: 1 | G36: 0 | H36: 0 | I36: 2 | J36: 0 | K36: 0 | L36: 1 | M36: 2 | N36: 0 | O36: =SUM(C36:L36,N36) -> 13 | P36: =SUM(C36:N36) -> 15
B37: 13.45 - 14.00 | C37: 4 | D37: 5 | E37: 9 | F37: 1 | G37: 0 | H37: 3 | I37: 3 | J37: 0 | K37: 0 | L37: 2 | M37: 3 | N37: 0 | O37: =SUM(C37:L37,N37) -> 27 | P37: =SUM(C37:N37) -> 30
B38: 14.00 - 14.15 | C38: 1 | D38: 1 | E38: 2 | F38: 5 | G38: 0 | H38: 1 | I38: 2 | J38: 0 | K38: 0 | L38: 0 | M38: 2 | N38: 0 | O38: =SUM(C38:L38,N38) -> 12 | P38: =SUM(C38:N38) -> 14
B39: 14.15 - 14.30 | C39: 4 | D39: 3 | E39: 5 | F39: 1 | G39: 0 | H39: 1 | I39: 3 | J39: 1 | K39: 0 | L39: 3 | M39: 10 | N39: 0 | O39: =SUM(C39:L39,N39) -> 21 | P39: =SUM(C39:N39) -> 31
B40: 14.30 - 14.45 | C40: 3 | D40: 3 | E40: 5 | F40: 2 | G40: 1 | H40: 0 | I40: 2 | J40: 0 | K40: 0 | L40: 1 | M40: 6 | N40: 0 | O40: =SUM(C40:L40,N40) -> 17 | P40: =SUM(C40:N40) -> 23
B41: 14.45 - 15.00 | C41: 3 | D41: 4 | E41: 8 | F41: 2 | G41: 0 | H41: 3 | I41: 2 | J41: 0 | K41: 0 | L41: 2 | M41: 4 | N41: 0 | O41: =SUM(C41:L41,N41) -> 24 | P41: =SUM(C41:N41) -> 28
B42: 15.00 - 15.15 | C42: 1 | D42: 4 | E42: 6 | F42: 3 | G42: 0 | H42: 2 | I42: 3 | J42: 1 | K42: 0 | L42: 0 | M42: 6 | N42: 0 | O42: =SUM(C42:L42,N42) -> 20 | P42: =SUM(C42:N42) -> 26
... B57: 18.45 - 19.00 | C57: 4 | D57: 0 | E57: 1 | F57: 0 | G57: 0 | H57: 0 | I57: 0 | J57: 0 | K57: 0 | L57: 2 | M57: 6 | N57: 0 | O57: =SUM(C57:L57,N57) -> 7 | P57: =SUM(C57:N57) -> 13
B58: Totals | C58: =SUM(C10:C57) -> 118 | D58: =SUM(D10:D57) -> 86 | E58: =SUM(E10:E57) -> 171 | F58: =SUM(F10:F57) -> 76 | G58: =SUM(G10:G57) -> 7 | H58: =SUM(H10:H57) -> 45 | I58: =SUM(I10:I57) -> 80 | J58: =SUM(J10:J57) -> 11 | ... P58: =SUM(P10:P57) -> 904
B59: %ges + MCs | C59: =C58/$P$58 -> 0.13053097 | D59: =D58/$P$58 -> 0.095132743 | E59: =E58/$P$58 -> 0.18915929 | F59: =F58/$P$58 -> 0.084070796 | G59: =G58/$P$58 -> 0.0077433628 | H59: =H58/$P$58 -> 0.049778761 | I59: =I58/$P$58 -> 0.088495575 | J59: =J58/$P$58 -> 0.012168142 | ... N59: =N58/$P$58 -> 0.0011061947
B60: %ges w/o MCs | C60: =C58/$O$58 -> 0.17664671 | D60: =D58/$O$58 -> 0.12874251 | E60: =E58/$O$58 -> 0.25598802 | F60: =F58/$O$58 -> 0.11377246 | G60: =G58/$O$58 -> 0.010479042 | H60: =H58/$O$58 -> 0.067365269 | I60: =I58/$O$58 -> 0.11976048 | J60: =J58/$O$58 -> 0.016467066 | ... L60: =L58/$O$58 -> 0.097305389 | N60: =N58/$O$58 -> 0.001497006

Sheet 04.08 Kigumba-Karuma
B1: Consultancy services for Preparation of Expressway Development Master Plan (EDMP) for Uganda
B2: MANUAL CLASSIFIED COUNT (MCC)
B3: ROAD NAME: | C3: ='29.07 Karuma-Kigumba'!C3:G3 -> MCC - C5 - STN113 - KIGUMBA-KARUMA ROAD
C5: Date | D5: ='04.08 Karuma-Kigumba'!D5 -> 04.08.19 | F5: Location | G5: ='04.08 Karuma-Kigumba'!G5:H5 -> nanda | J5: Surveyor | K5: ='04.08 Karuma-Kigumba'!K5:L5 -> xxx
C6: Dir. From | D6: ='29.07 Kigumba-Karuma'!D6:E6 -> Kigumba | F6: Dir. To | G6: ='29.07 Kigumba-Karuma'!G6:H6 -> Karuma | J6: Supervisor | K6: ='04.08 Karuma-Kigumba'!K6:L6 -> xxx
B8: Time / Veh Type | R8: SUMMARY TRAFFIC VOLUMES
C9: 1. Car | D9: 2. Station Wagon | E9: 3. Pickups | F9: 4. Minibus, matatu | G9: 5. Medium bus | H9: 6. Large Bus | I9: 7. Light Truck | J9: 8. Medium Truck | K9: 9. Heavy truck | L9: 10. Truck Trailer | M9: 11. Motor cycles | N9: 12. Tractors | O9: Total Excl M/Cycles | P9: Total All | R9: Time | S9: 1. Car | T9: 2. Station Wagon | U9: 3. Pickups | V9: 4. Minibus, matatu | W9: 5. Medium bus | X9: 6. Large Bus | Y9: 7. Light Truck | Z9: 8. Medium Truck | AA9: 9. Heavy truck | AB9: 10. Truck Trailer | AC9: 11. Motorcycles | AD9: 12. Tractors, Graders | AE9: Total Excl M/ Cycles | AF9: Total All
B10: 07.00 - 07.15 | C10: 0 | D10: 0 | E10: 1 | F10: 0 | G10: 0 | H10: 0 | I10: 3 | J10: 0 | K10: 1 | L10: 3 | M10: 3 | N10: 0 | O10: =SUM(C10:L10,N10) -> 8 | P10: =SUM(C10:N10) -> 11 | R10: 0700-0800 | S10: =SUM(C10:C13) -> 2 | T10: =SUM(D10:D13) -> 0 | U10: =SUM(E10:E13) -> 3 | V10: =SUM(F10:F13) -> 1 | W10: =SUM(G10:G13) -> 0 | X10: =SUM(H10:H13) -> 0 | Y10: =SUM(I10:I13) -> 7 | Z10: =SUM(J10:J13) -> 2 | ... AF10: =SUM(P10:P13) -> 31
B11: 07.15 - 07.30 | C11: 1 | D11: 0 | E11: 1 | F11: 0 | G11: 0 | H11: 0 | I11: 0 | J11: 2 | K11: 0 | L11: 2 | M11: 3 | N11: 0 | O11: =SUM(C11:L11,N11) -> 6 | P11: =SUM(C11:N11) -> 9 | R11: 0800-0900 | S11: =SUM(C14:C17) -> 5 | T11: =SUM(D14:D17) -> 5 | U11: =SUM(E14:E17) -> 8 | V11: =SUM(F14:F17) -> 4 | W11: =SUM(G14:G17) -> 0 | X11: =SUM(H14:H17) -> 0 | Y11: =SUM(I14:I17) -> 10 | Z11: =SUM(J14:J17) -> 3 | ... AF11: =SUM(P14:P17) -> 50
B12: 07.30 - 07.45 | C12: 0 | D12: 0 | E12: 1 | F12: 0 | G12: 0 | H12: 0 | I12: 0 | J12: 0 | K12: 0 | L12: 0 | M12: 1 | N12: 0 | O12: =SUM(C12:L12,N12) -> 1 | P12: =SUM(C12:N12) -> 2 | R12: 0900-1000 | S12: =SUM(C18:C21) -> 7 | T12: =SUM(D18:D21) -> 3 | U12: =SUM(E18:E21) -> 7 | V12: =SUM(F18:F21) -> 9 | W12: =SUM(G18:G21) -> 0 | X12: =SUM(H18:H21) -> 1 | Y12: =SUM(I18:I21) -> 2 | Z12: =SUM(J18:J21) -> 0 | ... AF12: =SUM(P18:P21) -> 43
B13: 07.45 - 08.00 | C13: 1 | D13: 0 | E13: 0 | F13: 1 | G13: 0 | H13: 0 | I13: 4 | J13: 0 | K13: 0 | L13: 2 | M13: 1 | N13: 0 | O13: =SUM(C13:L13,N13) -> 8 | P13: =SUM(C13:N13) -> 9 | R13: 1000-1100 | S13: =SUM(C22:C25) -> 3 | T13: =SUM(D22:D25) -> 7 | U13: =SUM(E22:E25) -> 11 | V13: =SUM(F22:F25) -> 5 | W13: =SUM(G22:G25) -> 0 | X13: =SUM(H22:H25) -> 3 | Y13: =SUM(I22:I25) -> 3 | Z13: =SUM(J22:J25) -> 1 | ... AF13: =SUM(P22:P25) -> 55
B14: 08.00 - 08.15 | C14: 1 | D14: 1 | E14: 2 | F14: 0 | G14: 0 | H14: 0 | I14: 4 | J14: 0 | K14: 0 | L14: 1 | M14: 0 | N14: 0 | O14: =SUM(C14:L14,N14) -> 9 | P14: =SUM(C14:N14) -> 9 | R14: 1100-1200 | S14: =SUM(C26:C29) -> 4 | T14: =SUM(D26:D29) -> 12 | U14: =SUM(E26:E29) -> 14 | V14: =SUM(F26:F29) -> 5 | W14: =SUM(G26:G29) -> 1 | X14: =SUM(H26:H29) -> 5 | Y14: =SUM(I26:I29) -> 1 | Z14: =SUM(J26:J29) -> 1 | ... AF14: =SUM(P26:P29) -> 68
B15: 08.15 - 08.30 | C15: 0 | D15: 0 | E15: 0 | F15: 1 | G15: 0 | H15: 0 | I15: 3 | J15: 0 | K15: 0 | L15: 1 | M15: 6 | N15: 0 | O15: =SUM(C15:L15,N15) -> 5 | P15: =SUM(C15:N15) -> 11 | R15: 1200-1300 | S15: =SUM(C30:C33) -> 5 | T15: =SUM(D30:D33) -> 10 | U15: =SUM(E30:E33) -> 10 | V15: =SUM(F30:F33) -> 5 | W15: =SUM(G30:G33) -> 1 | X15: =SUM(H30:H33) -> 1 | Y15: =SUM(I30:I33) -> 6 | Z15: =SUM(J30:J33) -> 1 | ... AF15: =SUM(P30:P33) -> 62
B16: 08.30 - 08.45 | C16: 3 | D16: 0 | E16: 1 | F16: 3 | G16: 0 | H16: 0 | I16: 1 | J16: 3 | K16: 0 | L16: 0 | M16: 4 | N16: 0 | O16: =SUM(C16:L16,N16) -> 11 | P16: =SUM(C16:N16) -> 15 | R16: 1300-1400 | S16: =SUM(C34:C37) -> 3 | T16: =SUM(D34:D37) -> 7 | U16: =SUM(E34:E37) -> 9 | V16: =SUM(F34:F37) -> 6 | W16: =SUM(G34:G37) -> 0 | X16: =SUM(H34:H37) -> 6 | Y16: =SUM(I34:I37) -> 4 | Z16: =SUM(J34:J37) -> 1 | ... AF16: =SUM(P34:P37) -> 51
B17: 08.45 - 9.00 | C17: 1 | D17: 4 | E17: 5 | F17: 0 | G17: 0 | H17: 0 | I17: 2 | J17: 0 | K17: 0 | L17: 0 | M17: 3 | N17: 0 | O17: =SUM(C17:L17,N17) -> 12 | P17: =SUM(C17:N17) -> 15 | R17: 1400-1500 | S17: =SUM(C38:C41) -> 6 | T17: =SUM(D38:D41) -> 16 | U17: =SUM(E38:E41) -> 17 | V17: =SUM(F38:F41) -> 6 | W17: =SUM(G38:G41) -> 0 | X17: =SUM(H38:H41) -> 3 | Y17: =SUM(I38:I41) -> 7 | Z17: =SUM(J38:J41) -> 1 | ... AF17: =SUM(P38:P41) -> 85
