Workbook
Name Dist: 'ALL DATA'!$S:$S
Name Jtime: 'ALL DATA'!$T:$T
Name Tripfreq: 'ALL DATA'!$U:$U
Name Veh: 'ALL DATA'!$D:$D
Name Veh_Type: '11.10 KITEMU-BUDDO'!$D$9:$D$37
Name Veh_Type: '12.10 KITEMU-BUDDO'!$D$9:$D$37
Name Veh_Type: '[1]25.07 BUSEGA-NATEETE'!$D:$D
Name Veh_Type: 'ALL DATA'!$D$9:$D$37
Name zones: #REF!
Name zones: #REF!
Name Zones_Ndeke: #REF!
Name Zones_Ndeke: #REF!

Sheet Analysis
B3: Vehicle OD Sample Proportions | N3: Average Journey Time
B4: Vehicle Types | C4: OD Sample | D4: OD Sample, % | N4: Journey Time Range (Hrs) | O4: Cummu-lative | P4: No of Vehicles | Q4: No. of Vehicles, %
B5: Car | C5: =COUNTIF('ALL DATA'!$D$9:$D$5000,"1") -> 299 | D5: =C5/$C$17 -> 0.53971119 | N5: 0-0.25 | O5: =COUNTIF(Jtime,"<=0.25") -> 116 | P5: =O5 -> 116 | Q5: =P5/$O$15 -> 0.21129326
B6: Station Wagon | C6: =COUNTIF('ALL DATA'!$D$9:$D$5000,"2") -> 59 | D6: =C6/$C$17 -> 0.10649819 | N6: 0.25-0.50 | O6: =COUNTIF(Jtime,"<=0.5") -> 253 | P6: =O6-O5 -> 137 | Q6: =P6/$O$15 -> 0.24954463
B7: Pickups | C7: =COUNTIF('ALL DATA'!$D$9:$D$5000,"3") -> 37 | D7: =C7/$C$17 -> 0.066787004 | N7: 0.50-0.75 | O7: =COUNTIF(Jtime,"<=0.75") -> 291 | P7: =O7-O6 -> 38 | Q7: =P7/$O$15 -> 0.069216758
B8: Minibus, matatu | C8: =COUNTIF('ALL DATA'!$D$9:$D$5000,"4") -> 60 | D8: =C8/$C$17 -> 0.10830325 | N8: 0.75-1.00 | O8: =COUNTIF(Jtime,"<=1.0") -> 398 | P8: =O8-O7 -> 107 | Q8: =P8/$O$15 -> 0.19489982
B9: Medium bus | C9: =COUNTIF('ALL DATA'!$D$9:$D$5000,"5") -> 0 | D9: =C9/$C$17 -> 0 | N9: 1.00-1.50 | O9: =COUNTIF(Jtime,"<=1.5") -> 434 | P9: =O9-O8 -> 36 | Q9: =P9/$O$15 -> 0.06557377
B10: Large Bus | C10: =COUNTIF('ALL DATA'!$D$9:$D$5000,"6") -> 4 | D10: =C10/$C$17 -> 0.0072202166 | N10: 1.5-2.0 | O10: =COUNTIF(Jtime,"<=2") -> 499 | P10: =O10-O9 -> 65 | Q10: =P10/$O$15 -> 0.11839709
B11: Light Truck | C11: =COUNTIF('ALL DATA'!$D$9:$D$5000,"7") -> 42 | D11: =C11/$C$17 -> 0.075812274 | N11: 2.0-3.0 | O11: =COUNTIF(Jtime,"<=3") -> 536 | P11: =O11-O10 -> 37 | Q11: =P11/$O$15 -> 0.067395264
B12: Medium Truck | C12: =COUNTIF('ALL DATA'!$D$9:$D$5000,"8") -> 11 | D12: =C12/$C$17 -> 0.019855596 | N12: 3.0-5.0 | O12: =COUNTIF(Jtime,"<=5") -> 546 | P12: =O12-O11 -> 10 | Q12: =P12/$O$15 -> 0.018214936
B13: Heavy truck | C13: =COUNTIF('ALL DATA'!$D$9:$D$5000,"9") -> 8 | D13: =C13/$C$17 -> 0.014440433 | N13: 5.0-7.5 | O13: =COUNTIF(Jtime,"<=7.5") -> 548 | P13: =O13-O12 -> 2 | Q13: =P13/$O$15 -> 0.0036429872
B14: Truck Trailer | C14: =COUNTIF('ALL DATA'!$D$9:$D$5000,"10") -> 0 | D14: =C14/$C$17 -> 0 | N14: 7.5-10 | O14: =COUNTIF(Jtime,"<=10") -> 549 | P14: =O14-O13 -> 1 | Q14: =P14/$O$15 -> 0.0018214936
B15: Motor cycles | C15: =COUNTIF('ALL DATA'!$D$9:$D$5000,"11") -> 34 | D15: =C15/$C$17 -> 0.061371841 | N15: Over 10 | O15: =COUNTIF(Jtime,"<=15") -> 549 | P15: =O15-O14 -> 0 | Q15: =P15/$O$15 -> 0
B16: Tractors | C16: =COUNTIF('ALL DATA'!$D$9:$D$5000,"12") -> 0 | D16: =C16/$C$17 -> 0
C17: =SUM(C5:C16) -> 554
N21: Trip Frequency
B22: Journey Purpose | N22: Trip Frequency | O22: No of Vehicles | P22: No. of Vehicles, %
B23: Purpose | C23: Respondents | D23: Percent | N23: More than 2 times every day | O23: =COUNTIF(Tripfreq,"=1") -> 177 | P23: =O23/$O$29 -> 0.33022388
B24: Home-Work | C24: =COUNTIF('ALL DATA'!$R$9:$R$5000,"Home-Work") -> 135 | D24: =C24/$C$29 -> 0.24368231 | N24: Daily (Up and Down) | O24: =COUNTIF(Tripfreq,"=2") -> 236 | P24: =O24/$O$29 -> 0.44029851
B25: Home-Study | C25: =COUNTIF('ALL DATA'!$R$9:$R$369,"Home-Study") -> 0 | D25: =C25/$C$29 -> 0 | N25: 2/3 times a week | O25: =COUNTIF(Tripfreq,"=3") -> 39 | P25: =O25/$O$29 -> 0.072761194
B26: Work-Home | C26: =COUNTIF('ALL DATA'!$R$9:$R$369,"Work-Home") -> 134 | D26: =C26/$C$29 -> 0.24187726 | N26: Once a week | O26: =COUNTIF(Tripfreq,"=4") -> 32 | P26: =O26/$O$29 -> 0.059701493
B27: Work-Work | C27: =COUNTIF('ALL DATA'!$R$9:$R$369,"Work-Work") -> 62 | D27: =C27/$C$29 -> 0.11191336 | N27: Once a month | O27: =COUNTIF(Tripfreq,"=5") -> 11 | P27: =O27/$O$29 -> 0.020522388
B28: Others | C28: =C29-SUM(C24:C27) -> 223 | D28: =C28/$C$29 -> 0.40252708 | N28: Once in a while | O28: =COUNTIF(Tripfreq,"=6") -> 41 | P28: =O28/$O$29 -> 0.076492537
B29: Total | C29: =C17 -> 554 | O29: =SUM(O23:O28) -> 536
B40: Expressway Use
B41: Response | C41: Number | D41: Percent
B42: Yes | C42: =COUNTIF('ALL DATA'!$Y$9:$Y$5000,"Y") -> 547 | D42: =C42/$C$44 -> 0.98736462
B43: No | C43: =C44-C42 -> 7 | D43: =C43/$C$44 -> 0.012635379
B44: Total | C44: =C29 -> 554
R47: Home | S47: Work | T47: Study | U47: Commercial | V47: Tourism | W47: Leisure/Social | X47: Hospital | Y47: Others
P48: 1 | Q48: Home | R48: =R59/SUM($R$59:$Y$66) -> 0.048736462 | S48: =S59/SUM($R$59:$Y$66) -> 0.24368231 | T48: =T59/SUM($R$59:$Y$66) -> 0.0036101083 | U48: =U59/SUM($R$59:$Y$66) -> 0.018050542 | V48: =V59/SUM($R$59:$Y$66) -> 0 | W48: =W59/SUM($R$59:$Y$66) -> 0.016245487 | X48: =X59/SUM($R$59:$Y$66) -> 0.0072202166 | Y48: =Y59/SUM($R$59:$Y$66) -> 0.010830325
P49: 2 | Q49: Work | R49: =R60/SUM($R$59:$Y$66) -> 0.33935018 | S49: =S60/SUM($R$59:$Y$66) -> 0.16064982 | T49: =T60/SUM($R$59:$Y$66) -> 0 | U49: =U60/SUM($R$59:$Y$66) -> 0.016245487 | V49: =V60/SUM($R$59:$Y$66) -> 0 | W49: =W60/SUM($R$59:$Y$66) -> 0.0036101083 | X49: =X60/SUM($R$59:$Y$66) -> 0 | Y49: =Y60/SUM($R$59:$Y$66) -> 0.0018050542
P50: 3 | Q50: Study | R50: =R61/SUM($R$59:$Y$66) -> 0.0018050542 | S50: =S61/SUM($R$59:$Y$66) -> 0 | T50: =T61/SUM($R$59:$Y$66) -> 0 | U50: =U61/SUM($R$59:$Y$66) -> 0 | V50: =V61/SUM($R$59:$Y$66) -> 0 | W50: =W61/SUM($R$59:$Y$66) -> 0 | X50: =X61/SUM($R$59:$Y$66) -> 0 | Y50: =Y61/SUM($R$59:$Y$66) -> 0
P51: 4 | Q51: Commercial | R51: =R62/SUM($R$59:$Y$66) -> 0.018050542 | S51: =S62/SUM($R$59:$Y$66) -> 0.0054151625 | T51: =T62/SUM($R$59:$Y$66) -> 0 | U51: =U62/SUM($R$59:$Y$66) -> 0.070397112 | V51: =V62/SUM($R$59:$Y$66) -> 0 | W51: =W62/SUM($R$59:$Y$66) -> 0.0036101083 | X51: =X62/SUM($R$59:$Y$66) -> 0 | Y51: =Y62/SUM($R$59:$Y$66) -> 0
P52: 5 | Q52: Tourism | R52: =R63/SUM($R$59:$Y$66) -> 0 | S52: =S63/SUM($R$59:$Y$66) -> 0 | T52: =T63/SUM($R$59:$Y$66) -> 0 | U52: =U63/SUM($R$59:$Y$66) -> 0 | V52: =V63/SUM($R$59:$Y$66) -> 0 | W52: =W63/SUM($R$59:$Y$66) -> 0 | X52: =X63/SUM($R$59:$Y$66) -> 0 | Y52: =Y63/SUM($R$59:$Y$66) -> 0
P53: 6 | Q53: Leisure/Social | R53: =R64/SUM($R$59:$Y$66) -> 0.012635379 | S53: =S64/SUM($R$59:$Y$66) -> 0 | T53: =T64/SUM($R$59:$Y$66) -> 0 | U53: =U64/SUM($R$59:$Y$66) -> 0 | V53: =V64/SUM($R$59:$Y$66) -> 0 | W53: =W64/SUM($R$59:$Y$66) -> 0.0036101083 | X53: =X64/SUM($R$59:$Y$66) -> 0 | Y53: =Y64/SUM($R$59:$Y$66) -> 0
P54: 7 | Q54: Hospital | R54: =R65/SUM($R$59:$Y$66) -> 0.0054151625 | S54: =S65/SUM($R$59:$Y$66) -> 0 | T54: =T65/SUM($R$59:$Y$66) -> 0 | U54: =U65/SUM($R$59:$Y$66) -> 0 | V54: =V65/SUM($R$59:$Y$66) -> 0 | W54: =W65/SUM($R$59:$Y$66) -> 0 | X54: =X65/SUM($R$59:$Y$66) -> 0 | Y54: =Y65/SUM($R$59:$Y$66) -> 0
P55: 8 | Q55: Others | R55: =R66/SUM($R$59:$Y$66) -> 0.0072202166 | S55: =S66/SUM($R$59:$Y$66) -> 0.0018050542 | T55: =T66/SUM($R$59:$Y$66) -> 0 | U55: =U66/SUM($R$59:$Y$66) -> 0 | V55: =V66/SUM($R$59:$Y$66) -> 0 | W55: =W66/SUM($R$59:$Y$66) -> 0 | X55: =X66/SUM($R$59:$Y$66) -> 0 | Y55: =Y66/SUM($R$59:$Y$66) -> 0
R57: 1 | S57: 2 | T57: 3 | U57: 4 | V57: 5 | W57: 6 | X57: 7 | Y57: 8
B58: Willingness to Pay | R58: Home | S58: Work | T58: Study | U58: Commercial | V58: Tourism | W58: Leisure/Social | X58: Hospital | Y58: Others
B59: Vehicle Types | C59: Average Price | P59: 1 | Q59: Home | R59: =COUNTIF('ALL DATA'!$R$9:$R$5000,R69) -> 27 | S59: =COUNTIF('ALL DATA'!$R$9:$R$5000,S69) -> 135 | T59: =COUNTIF('ALL DATA'!$R$9:$R$5000,T69) -> 2 | U59: =COUNTIF('ALL DATA'!$R$9:$R$5000,U69) -> 10 | V59: =COUNTIF('ALL DATA'!$R$9:$R$5000,V69) -> 0 | W59: =COUNTIF('ALL DATA'!$R$9:$R$5000,W69) -> 9 | X59: =COUNTIF('ALL DATA'!$R$9:$R$5000,X69) -> 4 | Y59: =COUNTIF('ALL DATA'!$R$9:$R$5000,Y69) -> 6
B60: Car | C60: =AVERAGEIF(Veh,"=1",'ALL DATA'!$Z$9:$Z$5000) -> 1776.9759 | P60: 2 | Q60: Work | R60: =COUNTIF('ALL DATA'!$R$9:$R$5000,R70) -> 188 | S60: =COUNTIF('ALL DATA'!$R$9:$R$5000,S70) -> 89 | T60: =COUNTIF('ALL DATA'!$R$9:$R$5000,T70) -> 0 | U60: =COUNTIF('ALL DATA'!$R$9:$R$5000,U70) -> 9 | V60: =COUNTIF('ALL DATA'!$R$9:$R$5000,V70) -> 0 | W60: =COUNTIF('ALL DATA'!$R$9:$R$5000,W70) -> 2 | X60: =COUNTIF('ALL DATA'!$R$9:$R$5000,X70) -> 0 | Y60: =COUNTIF('ALL DATA'!$R$9:$R$5000,Y70) -> 1
B61: Station Wagon | C61: =AVERAGEIF(Veh,"=2",'ALL DATA'!$Z$9:$Z$5000) -> 2250 | P61: 3 | Q61: Study | R61: =COUNTIF('ALL DATA'!$R$9:$R$5000,R71) -> 1 | S61: =COUNTIF('ALL DATA'!$R$9:$R$5000,S71) -> 0 | T61: =COUNTIF('ALL DATA'!$R$9:$R$5000,T71) -> 0 | U61: =COUNTIF('ALL DATA'!$R$9:$R$5000,U71) -> 0 | V61: =COUNTIF('ALL DATA'!$R$9:$R$5000,V71) -> 0 | W61: =COUNTIF('ALL DATA'!$R$9:$R$5000,W71) -> 0 | X61: =COUNTIF('ALL DATA'!$R$9:$R$5000,X71) -> 0 | Y61: =COUNTIF('ALL DATA'!$R$9:$R$5000,Y71) -> 0
B62: Pickups | C62: =AVERAGEIF(Veh,"=3",'ALL DATA'!$Z$9:$Z$5000) -> 1518.9189 | P62: 4 | Q62: Commercial | R62: =COUNTIF('ALL DATA'!$R$9:$R$5000,R72) -> 10 | S62: =COUNTIF('ALL DATA'!$R$9:$R$5000,S72) -> 3 | T62: =COUNTIF('ALL DATA'!$R$9:$R$5000,T72) -> 0 | U62: =COUNTIF('ALL DATA'!$R$9:$R$5000,U72) -> 39 | V62: =COUNTIF('ALL DATA'!$R$9:$R$5000,V72) -> 0 | W62: =COUNTIF('ALL DATA'!$R$9:$R$5000,W72) -> 2 | X62: =COUNTIF('ALL DATA'!$R$9:$R$5000,X72) -> 0 | Y62: =COUNTIF('ALL DATA'!$R$9:$R$5000,Y72) -> 0
B63: Minibus, matatu | C63: =AVERAGEIF(Veh,"=4",'ALL DATA'!$Z$9:$Z$5000) -> 2096.6102 | P63: 5 | Q63: Tourism | R63: =COUNTIF('ALL DATA'!$R$9:$R$5000,R73) -> 0 | S63: =COUNTIF('ALL DATA'!$R$9:$R$5000,S73) -> 0 | T63: =COUNTIF('ALL DATA'!$R$9:$R$5000,T73) -> 0 | U63: =COUNTIF('ALL DATA'!$R$9:$R$5000,U73) -> 0 | V63: =COUNTIF('ALL DATA'!$R$9:$R$5000,V73) -> 0 | W63: =COUNTIF('ALL DATA'!$R$9:$R$5000,W73) -> 0 | X63: =COUNTIF('ALL DATA'!$R$9:$R$5000,X73) -> 0 | Y63: =COUNTIF('ALL DATA'!$R$9:$R$5000,Y73) -> 0
B64: Medium bus | C64: 0 | P64: 6 | Q64: Leisure/Social | R64: =COUNTIF('ALL DATA'!$R$9:$R$5000,R74) -> 7 | S64: =COUNTIF('ALL DATA'!$R$9:$R$5000,S74) -> 0 | T64: =COUNTIF('ALL DATA'!$R$9:$R$5000,T74) -> 0 | U64: =COUNTIF('ALL DATA'!$R$9:$R$5000,U74) -> 0 | V64: =COUNTIF('ALL DATA'!$R$9:$R$5000,V74) -> 0 | W64: =COUNTIF('ALL DATA'!$R$9:$R$5000,W74) -> 2 | X64: =COUNTIF('ALL DATA'!$R$9:$R$5000,X74) -> 0 | Y64: =COUNTIF('ALL DATA'!$R$9:$R$5000,Y74) -> 0
B65: Large Bus | C65: =AVERAGEIF(Veh,"=6",'ALL DATA'!$Z$9:$Z$5000) -> 2750 | P65: 7 | Q65: Hospital | R65: =COUNTIF('ALL DATA'!$R$9:$R$5000,R75) -> 3 | S65: =COUNTIF('ALL DATA'!$R$9:$R$5000,S75) -> 0 | T65: =COUNTIF('ALL DATA'!$R$9:$R$5000,T75) -> 0 | U65: =COUNTIF('ALL DATA'!$R$9:$R$5000,U75) -> 0 | V65: =COUNTIF('ALL DATA'!$R$9:$R$5000,V75) -> 0 | W65: =COUNTIF('ALL DATA'!$R$9:$R$5000,W75) -> 0 | X65: =COUNTIF('ALL DATA'!$R$9:$R$5000,X75) -> 0 | Y65: =COUNTIF('ALL DATA'!$R$9:$R$5000,Y75) -> 0
B66: Light Truck | C66: =AVERAGEIF(Veh,"=7",'ALL DATA'!$Z$9:$Z$5000) -> 1825 | P66: 8 | Q66: Others | R66: =COUNTIF('ALL DATA'!$R$9:$R$5000,R76) -> 4 | S66: =COUNTIF('ALL DATA'!$R$9:$R$5000,S76) -> 1 | T66: =COUNTIF('ALL DATA'!$R$9:$R$5000,T76) -> 0 | U66: =COUNTIF('ALL DATA'!$R$9:$R$5000,U76) -> 0 | V66: =COUNTIF('ALL DATA'!$R$9:$R$5000,V76) -> 0 | W66: =COUNTIF('ALL DATA'!$R$9:$R$5000,W76) -> 0 | X66: =COUNTIF('ALL DATA'!$R$9:$R$5000,X76) -> 0 | Y66: =COUNTIF('ALL DATA'!$R$9:$R$5000,Y76) -> 0
B67: Medium Truck | C67: =AVERAGEIF(Veh,"=8",'ALL DATA'!$Z$9:$Z$5000) -> 818.18182
B68: Heavy truck | C68: =AVERAGEIF(Veh,"=9",'ALL DATA'!$Z$9:$Z$5000) -> 1187.5 | R68: Home | S68: Work | T68: Study | U68: Commercial | V68: Tourism | W68: Leisure/Social | X68: Hospital | Y68: Others
B69: Truck Trailer | C69: 0 | P69: 1 | Q69: Home | R69: =$Q69&"-"&R$68 -> Home-Home | S69: =$Q69&"-"&S$68 -> Home-Work | T69: =$Q69&"-"&T$68 -> Home-Study | U69: =$Q69&"-"&U$68 -> Home-Commercial | V69: =$Q69&"-"&V$68 -> Home-Tourism | W69: =$Q69&"-"&W$68 -> Home-Leisure/Social | X69: =$Q69&"-"&X$68 -> Home-Hospital | Y69: =$Q69&"-"&Y$68 -> Home-Others
B70: Motor cycles | C70: =AVERAGEIF(Veh,"=11",'ALL DATA'!$Z$9:$Z$5000) -> 2848.4848 | P70: 2 | Q70: Work | R70: =$Q70&"-"&R$68 -> Work-Home | S70: =$Q70&"-"&S$68 -> Work-Work | T70: =$Q70&"-"&T$68 -> Work-Study | U70: =$Q70&"-"&U$68 -> Work-Commercial | V70: =$Q70&"-"&V$68 -> Work-Tourism | W70: =$Q70&"-"&W$68 -> Work-Leisure/Social | X70: =$Q70&"-"&X$68 -> Work-Hospital | Y70: =$Q70&"-"&Y$68 -> Work-Others
B71: Tractors | C71: 0 | P71: 3 | Q71: Study | R71: =$Q71&"-"&R$68 -> Study-Home | S71: =$Q71&"-"&S$68 -> Study-Work | T71: =$Q71&"-"&T$68 -> Study-Study | U71: =$Q71&"-"&U$68 -> Study-Commercial | V71: =$Q71&"-"&V$68 -> Study-Tourism | W71: =$Q71&"-"&W$68 -> Study-Leisure/Social | X71: =$Q71&"-"&X$68 -> Study-Hospital | Y71: =$Q71&"-"&Y$68 -> Study-Others
P72: 4 | Q72: Commercial | R72: =$Q72&"-"&R$68 -> Commercial-Home | S72: =$Q72&"-"&S$68 -> Commercial-Work | T72: =$Q72&"-"&T$68 -> Commercial-Study | U72: =$Q72&"-"&U$68 -> Commercial-Commercial | V72: =$Q72&"-"&V$68 -> Commercial-Tourism | W72: =$Q72&"-"&W$68 -> Commercial-Leisure/Social | X72: =$Q72&"-"&X$68 -> Commercial-Hospital | Y72: =$Q72&"-"&Y$68 -> Commercial-Others
P73: 5 | Q73: Tourism | R73: =$Q73&"-"&R$68 -> Tourism-Home | S73: =$Q73&"-"&S$68 -> Tourism-Work | T73: =$Q73&"-"&T$68 -> Tourism-Study | U73: =$Q73&"-"&U$68 -> Tourism-Commercial | V73: =$Q73&"-"&V$68 -> Tourism-Tourism | W73: =$Q73&"-"&W$68 -> Tourism-Leisure/Social | X73: =$Q73&"-"&X$68 -> Tourism-Hospital | Y73: =$Q73&"-"&Y$68 -> Tourism-Others
P74: 6 | Q74: Leisure/Social | R74: =$Q74&"-"&R$68 -> Leisure/Social-Home | S74: =$Q74&"-"&S$68 -> Leisure/Social-Work | T74: =$Q74&"-"&T$68 -> Leisure/Social-Study | U74: =$Q74&"-"&U$68 -> Leisure/Social-Commercial | V74: =$Q74&"-"&V$68 -> Leisure/Social-Tourism | W74: =$Q74&"-"&W$68 -> Leisure/Social-Leisure/Social | X74: =$Q74&"-"&X$68 -> Leisure/Social-Hospital | Y74: =$Q74&"-"&Y$68 -> Leisure/Social-Others
P75: 7 | Q75: Hospital | R75: =$Q75&"-"&R$68 -> Hospital-Home | S75: =$Q75&"-"&S$68 -> Hospital-Work | T75: =$Q75&"-"&T$68 -> Hospital-Study | U75: =$Q75&"-"&U$68 -> Hospital-Commercial | V75: =$Q75&"-"&V$68 -> Hospital-Tourism | W75: =$Q75&"-"&W$68 -> Hospital-Leisure/Social | X75: =$Q75&"-"&X$68 -> Hospital-Hospital | Y75: =$Q75&"-"&Y$68 -> Hospital-Others
P76: 8 | Q76: Others | R76: =$Q76&"-"&R$68 -> Others-Home | S76: =$Q76&"-"&S$68 -> Others-Work | T76: =$Q76&"-"&T$68 -> Others-Study | U76: =$Q76&"-"&U$68 -> Others-Commercial | V76: =$Q76&"-"&V$68 -> Others-Tourism | W76: =$Q76&"-"&W$68 -> Others-Leisure/Social | X76: =$Q76&"-"&X$68 -> Others-Hospital | Y76: =$Q76&"-"&Y$68 -> Others-Others
B78: Average Trip Length
B79: Trip Length Range | C79: Cumm-ulative | D79: No of Vehicles | E79: Percentage
B80: 0-1 | C80: =COUNTIF(Dist,"<=1") -> 66 | D80: =C80 -> 66 | E80: =D80/$C$88 -> 0.11978221
B81: 1-2.5 | C81: =COUNTIF(Dist,"<=2.5") -> 129 | D81: =C81-C80 -> 63 | E81: =D81/$C$88 -> 0.11433757
B82: 2.5-5.0 | C82: =COUNTIF(Dist,"<=5") -> 242 | D82: =C82-C81 -> 113 | E82: =D82/$C$88 -> 0.20508167
B83: 5.0-10.0 | C83: =COUNTIF(Dist,"<=10") -> 328 | D83: =C83-C82 -> 86 | E83: =D83/$C$88 -> 0.15607985
B84: 10.0-20.0 | C84: =COUNTIF(Dist,"<=20") -> 415 | D84: =C84-C83 -> 87 | E84: =D84/$C$88 -> 0.15789474
B85: 20.0-50.0 | C85: =COUNTIF(Dist,"<=50") -> 486 | D85: =C85-C84 -> 71 | E85: =D85/$C$88 -> 0.12885662
B86: 50.0-100.0 | C86: =COUNTIF(Dist,"<=100") -> 501 | D86: =C86-C85 -> 15 | E86: =D86/$C$88 -> 0.02722323
B87: 100.0-250.0 | C87: =COUNTIF(Dist,"<=250") -> 551 | D87: =C87-C86 -> 50 | E87: =D87/$C$88 -> 0.090744102
B88: Over 250 | C88: =COUNTIF(Dist,"<=700") -> 551 | D88: =C88-C87 -> 0 | E88: =D88/$C$88 -> 0

Sheet ALL DATA
B1: Consultancy services for Preparation of Expressway Development Master Plan (EDMP) for Uganda
B2: Roadside OD Interview Survey
B4: Date: | C4: 11.10.19 | E4: Road Name: | F4: BUDO ROAD | I4: Direction From: | L4: BUDO | N4: Interviewers: | O4: MASINDE DENIS | V4: Supervisor: | W4: FLORENCE | Y4: Coded By: | Z4: DAVID | AA4: Chkd By: | AB4: Bakole Deo
I5: Direction To: | L5: KITEMU
B7: Time | C7: Veh_Reg_No. | D7: Veh_Type | E7: No. Occupants | F7: Origin_Address | I7: Origin_Establish | J7: Origin_Purpose | K7: Origin-Purpose Desc | L7: Destination_Address | O7: Destination_Establish | P7: Destination_Purpose | Q7: Destination_Purpose Desc | R7: Journey_Purpose | S7: Approx_Distance (Km) | T7: Approx_Journey Time (Hrs) | U7: Trip_Frequency | V7: GOODS VEHICLES ONLY | Y7: Would You Use Xpressways? | Z7: Pay How Much? (UGX) | AA7: Origin_Zone | AB7: Dest_Zone
F8: Village or Town | G8: District | H8: Country | L8: Village or Town | M8: District | N8: Country | V8: Goods_Type | W8: Goods_Quantity (Ton) | X8: Goods_Value (UGXm)
B9: 0.67361111 | C9: UAR 569K | D9: 1 | E9: 4 | F9: KIVU | G9: WAKISO | H9: UGA | I9: 2 | J9: 2 | K9: =VLOOKUP(J9,Key!$E$2:$F$9,2,FALSE) -> Work | L9: KITEMU | M9: WAKISO | N9: UGA | O9: 1 | P9: 1 | Q9: =VLOOKUP(P9,Key!$E$2:$F$9,2,FALSE) -> Home | R9: =K9&"-"&Q9 -> Work-Home | S9: 2 | T9: 0.2 | U9: 2 | Y9: Y | Z9: 1000 | AA9: =VLOOKUP(F9,'Zones '!$A$2:$F$2056,6,FALSE) -> 1397 | AB9: =VLOOKUP(L9,'Zones '!$A$2:$F$2056,6,FALSE) -> 1397
B10: 0.675 | C10: UAN 230V | D10: 3 | E10: 4 | F10: KISOZI | G10: WAKISO | H10: UGA | I10: 2 | J10: 2 | K10: =VLOOKUP(J10,Key!$E$2:$F$9,2,FALSE) -> Work | L10: KITEMU | M10: WAKISO | N10: UGA | O10: 1 | P10: 1 | Q10: =VLOOKUP(P10,Key!$E$2:$F$9,2,FALSE) -> Home | R10: =K10&"-"&Q10 -> Work-Home | S10: 2 | T10: 0.5 | U10: 2 | Y10: Y | Z10: 1000 | AA10: =VLOOKUP(F10,'Zones '!$A$2:$F$2056,6,FALSE) -> 589 | AB10: =VLOOKUP(L10,'Zones '!$A$2:$F$2056,6,FALSE) -> 1397
B11: 0.67708333 | C11: UAV 413Y | D11: 1 | E11: 5 | F11: KIVU | G11: WAKISO | H11: UGA | I11: 1 | J11: 1 | K11: =VLOOKUP(J11,Key!$E$2:$F$9,2,FALSE) -> Home | L11: NSANGI | M11: WAKISO | N11: UGA | O11: 2 | P11: 2 | Q11: =VLOOKUP(P11,Key!$E$2:$F$9,2,FALSE) -> Work | R11: =K11&"-"&Q11 -> Home-Work | S11: 4 | T11: 0.3 | U11: 2 | Y11: Y | Z11: 500 | AA11: =VLOOKUP(F11,'Zones '!$A$2:$F$2056,6,FALSE) -> 1397 | AB11: =VLOOKUP(L11,'Zones '!$A$2:$F$2056,6,FALSE) -> 1397
B12: 0.67986111 | C12: UAZ 102R | D12: 2 | E12: 5 | F12: KIVU | G12: WAKISO | H12: UGA | I12: 2 | J12: 2 | K12: =VLOOKUP(J12,Key!$E$2:$F$9,2,FALSE) -> Work | L12: KYENGERA | M12: WAKISO | N12: UGA | O12: 1 | P12: 1 | Q12: =VLOOKUP(P12,Key!$E$2:$F$9,2,FALSE) -> Home | R12: =K12&"-"&Q12 -> Work-Home | S12: 5 | T12: 0.5 | U12: 2 | Y12: Y | Z12: 1000 | AA12: =VLOOKUP(F12,'Zones '!$A$2:$F$2056,6,FALSE) -> 1397 | AB12: =VLOOKUP(L12,'Zones '!$A$2:$F$2056,6,FALSE) -> 1397
B13: 0.68194444 | C13: UAK 278H | D13: 4 | E13: 12 | F13: KISOZI | G13: WAKISO | H13: UGA | I13: 1 | J13: 1 | K13: =VLOOKUP(J13,Key!$E$2:$F$9,2,FALSE) -> Home | L13: MAYA | M13: WAKISO | N13: UGA | O13: 3 | P13: 2 | Q13: =VLOOKUP(P13,Key!$E$2:$F$9,2,FALSE) -> Work | R13: =K13&"-"&Q13 -> Home-Work | S13: 9 | T13: 2 | U13: 2 | Y13: Y | Z13: 1000 | AA13: =VLOOKUP(F13,'Zones '!$A$2:$F$2056,6,FALSE) -> 589 | AB13: =VLOOKUP(L13,'Zones '!$A$2:$F$2056,6,FALSE) -> 1397
B14: 0.68611111 | C14: UAM 951M | D14: 1 | E14: 4 | F14: KIVU | G14: WAKISO | H14: UGA | I14: 1 | J14: 1 | K14: =VLOOKUP(J14,Key!$E$2:$F$9,2,FALSE) -> Home | L14: KITEMU | M14: WAKISO | N14: UGA | O14: 2 | P14: 2 | Q14: =VLOOKUP(P14,Key!$E$2:$F$9,2,FALSE) -> Work | R14: =K14&"-"&Q14 -> Home-Work | S14: 2 | T14: 0.5 | U14: 2 | Y14: Y | Z14: 5000 | AA14: =VLOOKUP(F14,'Zones '!$A$2:$F$2056,6,FALSE) -> 1397 | AB14: =VLOOKUP(L14,'Zones '!$A$2:$F$2056,6,FALSE) -> 1397
B15: 0.6875 | C15: UAH 181W | D15: 1 | E15: 2 | F15: KISOZI | G15: WAKISO | H15: UGA | I15: 1 | J15: 1 | K15: =VLOOKUP(J15,Key!$E$2:$F$9,2,FALSE) -> Home | L15: KYENGERA | M15: WAKISO | N15: UGA | O15: 2 | P15: 2 | Q15: =VLOOKUP(P15,Key!$E$2:$F$9,2,FALSE) -> Work | R15: =K15&"-"&Q15 -> Home-Work | S15: 8 | T15: 1 | U15: 2 | Y15: Y | Z15: 1000 | AA15: =VLOOKUP(F15,'Zones '!$A$2:$F$2056,6,FALSE) -> 589 | AB15: =VLOOKUP(L15,'Zones '!$A$2:$F$2056,6,FALSE) -> 1397
B16: 0.69097222 | C16: UAW 890Y | D16: 9 | E16: 3 | F16: KISOZI | G16: WAKISO | H16: UGA | I16: 3 | J16: 2 | K16: =VLOOKUP(J16,Key!$E$2:$F$9,2,FALSE) -> Work | L16: KYENGERA | M16: WAKISO | N16: UGA | O16: 1 | P16: 1 | Q16: =VLOOKUP(P16,Key!$E$2:$F$9,2,FALSE) -> Home | R16: =K16&"-"&Q16 -> Work-Home | S16: 8 | T16: 0.6 | U16: 6 | Y16: Y | Z16: 5000 | AA16: =VLOOKUP(F16,'Zones '!$A$2:$F$2056,6,FALSE) -> 589 | AB16: =VLOOKUP(L16,'Zones '!$A$2:$F$2056,6,FALSE) -> 1397
B17: 0.69375 | C17: UAV 367A | D17: 1 | E17: 2 | F17: MAKINDYE | G17: WAKISO | H17: UGA | I17: 2 | J17: 2 | K17: =VLOOKUP(J17,Key!$E$2:$F$9,2,FALSE) -> Work | L17: KITEMU | M17: WAKISO | N17: UGA | O17: 1 | P17: 1 | Q17: =VLOOKUP(P17,Key!$E$2:$F$9,2,FALSE) -> Home | R17: =K17&"-"&Q17 -> Work-Home | S17: 3 | T17: 0.5 | U17: 3 | Y17: Y | Z17: 2000 | AA17: =VLOOKUP(F17,'Zones '!$A$2:$F$2056,6,FALSE) -> 556 | AB17: =VLOOKUP(L17,'Zones '!$A$2:$F$2056,6,FALSE) -> 1397
B18: 0.69583333 | C18: UAR 403A | D18: 1 | E18: 2 | F18: KIVU | G18: WAKISO | H18: UGA | I18: 2 | J18: 2 | K18: =VLOOKUP(J18,Key!$E$2:$F$9,2,FALSE) -> Work | L18: KITEMU | M18: WAKISO | N18: UGA | O18: 1 | P18: 1 | Q18: =VLOOKUP(P18,Key!$E$2:$F$9,2,FALSE) -> Home | R18: =K18&"-"&Q18 -> Work-Home | S18: 2 | T18: 0.2 | U18: 2 | Y18: Y | Z18: 1000 | AA18: =VLOOKUP(F18,'Zones '!$A$2:$F$2056,6,FALSE) -> 1397 | AB18: =VLOOKUP(L18,'Zones '!$A$2:$F$2056,6,FALSE) -> 1397
B19: 0.69930556 | C19: UAP 133Q | D19: 1 | E19: 2 | F19: KIVU | G19: WAKISO | H19: UGA | I19: 1 | J19: 1 | K19: =VLOOKUP(J19,Key!$E$2:$F$9,2,FALSE) -> Home | L19: KITEMU | M19: WAKISO | N19: UGA | O19: 2 | P19: 2 | Q19: =VLOOKUP(P19,Key!$E$2:$F$9,2,FALSE) -> Work | R19: =K19&"-"&Q19 -> Home-Work | S19: 2 | T19: 0.2 | U19: 2 | Y19: Y | Z19: 2000 | AA19: =VLOOKUP(F19,'Zones '!$A$2:$F$2056,6,FALSE) -> 1397 | AB19: =VLOOKUP(L19,'Zones '!$A$2:$F$2056,6,FALSE) -> 1397
B20: 0.70069444 | C20: UAS 790P | D20: 1 | E20: 3 | F20: KISOZI | G20: WAKISO | H20: UGA | I20: 1 | J20: 1 | K20: =VLOOKUP(J20,Key!$E$2:$F$9,2,FALSE) -> Home | L20: KITEMU | M20: WAKISO | N20: UGA | O20: 2 | P20: 2 | Q20: =VLOOKUP(P20,Key!$E$2:$F$9,2,FALSE) -> Work | R20: =K20&"-"&Q20 -> Home-Work | S20: 2 | T20: 0.2 | U20: 2 | Y20: Y | Z20: 2000 | AA20: =VLOOKUP(F20,'Zones '!$A$2:$F$2056,6,FALSE) -> 589 | AB20: =VLOOKUP(L20,'Zones '!$A$2:$F$2056,6,FALSE) -> 1397
... B26: 0.72222222 | C26: UAP 203R | D26: 3 | E26: 2 | F26: KYENGERA | G26: WAKISO | H26: UGA | I26: 3 | J26: 2 | K26: =VLOOKUP(J26,Key!$E$2:$F$9,2,FALSE) -> Work | L26: KITEMU | M26: WAKISO | N26: UGA | O26: 1 | P26: 1 | Q26: =VLOOKUP(P26,Key!$E$2:$F$9,2,FALSE) -> Home | R26: =K26&"-"&Q26 -> Work-Home | S26: 5 | T26: 1 | U26: 2 | Y26: Y | Z26: 500 | AA26: =VLOOKUP(F26,'Zones '!$A$2:$F$2056,6,FALSE) -> 1397 | AB26: =VLOOKUP(L26,'Zones '!$A$2:$F$2056,6,FALSE) -> 1397
B27: 0.72569444 | C27: UAJ 208H | D27: 1 | E27: 2 | F27: KIVU | G27: WAKISO | H27: UGA | I27: 1 | J27: 1 | K27: =VLOOKUP(J27,Key!$E$2:$F$9,2,FALSE) -> Home | L27: NSANGI | M27: WAKISO | N27: UGA | O27: 3 | P27: 2 | Q27: =VLOOKUP(P27,Key!$E$2:$F$9,2,FALSE) -> Work | R27: =K27&"-"&Q27 -> Home-Work | S27: 5 | T27: 1 | U27: 2 | Y27: Y | AA27: =VLOOKUP(F27,'Zones '!$A$2:$F$2056,6,FALSE) -> 1397 | AB27: =VLOOKUP(L27,'Zones '!$A$2:$F$2056,6,FALSE) -> 1397
B28: 0.72847222 | C28: UAB 906V | D28: 3 | E28: 3 | F28: KIVU | G28: WAKISO | H28: UGA | I28: 2 | J28: 2 | K28: =VLOOKUP(J28,Key!$E$2:$F$9,2,FALSE) -> Work | L28: KITEMU | M28: WAKISO | N28: UGA | O28: 1 | P28: 1 | Q28: =VLOOKUP(P28,Key!$E$2:$F$9,2,FALSE) -> Home | R28: =K28&"-"&Q28 -> Work-Home | S28: 2 | T28: 0.2 | U28: 2 | Y28: Y | Z28: 500 | AA28: =VLOOKUP(F28,'Zones '!$A$2:$F$2056,6,FALSE) -> 1397 | AB28: =VLOOKUP(L28,'Zones '!$A$2:$F$2056,6,FALSE) -> 1397
B29: 0.73055556 | C29: UAS 941F | D29: 1 | E29: 4 | F29: KIVU | G29: WAKISO | H29: UGA | I29: 1 | J29: 1 | K29: =VLOOKUP(J29,Key!$E$2:$F$9,2,FALSE) -> Home | L29: NSANGI | M29: WAKISO | N29: UGA | O29: 2 | P29: 2 | Q29: =VLOOKUP(P29,Key!$E$2:$F$9,2,FALSE) -> Work | R29: =K29&"-"&Q29 -> Home-Work | S29: 4 | T29: 0.1 | U29: 3 | Y29: Y | Z29: 1000 | AA29: =VLOOKUP(F29,'Zones '!$A$2:$F$2056,6,FALSE) -> 1397 | AB29: =VLOOKUP(L29,'Zones '!$A$2:$F$2056,6,FALSE) -> 1397
B30: 0.73541667 | C30: UBE 579X | D30: 1 | E30: 2 | F30: GAYAZA ROAD | G30: KAMPALA | H30: UGA | I30: 1 | J30: 1 | K30: =VLOOKUP(J30,Key!$E$2:$F$9,2,FALSE) -> Home | L30: GAYAZA | M30: WAKISO | N30: UGA | O30: 2 | P30: 2 | Q30: =VLOOKUP(P30,Key!$E$2:$F$9,2,FALSE) -> Work | R30: =K30&"-"&Q30 -> Home-Work | S30: 10 | T30: 1 | U30: 2 | Y30: Y | Z30: 5000 | AA30: =VLOOKUP(F30,'Zones '!$A$2:$F$2056,6,FALSE) -> 811 | AB30: =VLOOKUP(L30,'Zones '!$A$2:$F$2056,6,FALSE) -> 811
B31: 0.74305556 | C31: UAU 398L | D31: 1 | E31: 4 | F31: KIVU | G31: WAKISO | H31: UGA | I31: 3 | J31: 2 | K31: =VLOOKUP(J31,Key!$E$2:$F$9,2,FALSE) -> Work | L31: KITEMU | M31: WAKISO | N31: UGA | O31: 3 | P31: 2 | Q31: =VLOOKUP(P31,Key!$E$2:$F$9,2,FALSE) -> Work | R31: =K31&"-"&Q31 -> Work-Work | S31: 3 | T31: 0.1 | U31: 2 | Y31: Y | Z31: 1000 | AA31: =VLOOKUP(F31,'Zones '!$A$2:$F$2056,6,FALSE) -> 1397 | AB31: =VLOOKUP(L31,'Zones '!$A$2:$F$2056,6,FALSE) -> 1397
B32: 0.73958333 | C32: UBF 172F | D32: 1 | E32: 2 | F32: KISOZI | G32: WAKISO | H32: UGA | I32: 1 | J32: 1 | K32: =VLOOKUP(J32,Key!$E$2:$F$9,2,FALSE) -> Home | L32: KITEMU | M32: WAKISO | N32: UGA | O32: 2 | P32: 2 | Q32: =VLOOKUP(P32,Key!$E$2:$F$9,2,FALSE) -> Work | R32: =K32&"-"&Q32 -> Home-Work | S32: 4 | T32: 0.1 | U32: 2 | Y32: Y | Z32: 1000 | AA32: =VLOOKUP(F32,'Zones '!$A$2:$F$2056,6,FALSE) -> 589 | AB32: =VLOOKUP(L32,'Zones '!$A$2:$F$2056,6,FALSE) -> 1397
B33: 0.74930556 | C33: UAR 926A | D33: 1 | E33: 1 | F33: KIVU | G33: WAKISO | H33: UGA | I33: 1 | J33: 1 | K33: =VLOOKUP(J33,Key!$E$2:$F$9,2,FALSE) -> Home | L33: NSANGI | M33: WAKISO | N33: UGA | O33: 3 | P33: 2 | Q33: =VLOOKUP(P33,Key!$E$2:$F$9,2,FALSE) -> Work | R33: =K33&"-"&Q33 -> Home-Work | T33: 0.1 | U33: 2 | Y33: Y | Z33: 1000 | AA33: =VLOOKUP(F33,'Zones '!$A$2:$F$2056,6,FALSE) -> 1397 | AB33: =VLOOKUP(L33,'Zones '!$A$2:$F$2056,6,FALSE) -> 1397
B34: 0.75 | C34: UAZ 181N | D34: 1 | E34: 2 | F34: KISOZI | G34: WAKISO | H34: UGA | I34: 2 | J34: 2 | K34: =VLOOKUP(J34,Key!$E$2:$F$9,2,FALSE) -> Work | L34: KITEMU | M34: WAKISO | N34: UGA | O34: 1 | P34: 1 | Q34: =VLOOKUP(P34,Key!$E$2:$F$9,2,FALSE) -> Home | R34: =K34&"-"&Q34 -> Work-Home | S34: 4 | T34: 0.1 | U34: 2 | Y34: Y | Z34: 1000 | AA34: =VLOOKUP(F34,'Zones '!$A$2:$F$2056,6,FALSE) -> 589 | AB34: =VLOOKUP(L34,'Zones '!$A$2:$F$2056,6,FALSE) -> 1397
B35: 0.75347222 | C35: UAW 609Q | D35: 1 | E35: 1 | F35: KISOZI | G35: WAKISO | H35: UGA | I35: 1 | J35: 1 | K35: =VLOOKUP(J35,Key!$E$2:$F$9,2,FALSE) -> Home | L35: NABBINGO | M35: WAKISO | N35: UGA | O35: 2 | P35: 2 | Q35: =VLOOKUP(P35,Key!$E$2:$F$9,2,FALSE) -> Work | R35: =K35&"-"&Q35 -> Home-Work | S35: 8 | T35: 0.1 | U35: 2 | Y35: Y | Z35: 1000 | AA35: =VLOOKUP(F35,'Zones '!$A$2:$F$2056,6,FALSE) -> 589 | AB35: =VLOOKUP(L35,'Zones '!$A$2:$F$2056,6,FALSE) -> 1397
B36: 0.75625 | C36: UAV193V | D36: 1 | E36: 4 | F36: NDEJJE | G36: WAKISO | H36: UGA | I36: 1 | J36: 1 | K36: =VLOOKUP(J36,Key!$E$2:$F$9,2,FALSE) -> Home | L36: MASAKA | M36: MASAKA | N36: UGA | O36: 2 | P36: 2 | Q36: =VLOOKUP(P36,Key!$E$2:$F$9,2,FALSE) -> Work | R36: =K36&"-"&Q36 -> Home-Work | S36: 164 | T36: 2.5 | U36: 2 | Y36: Y | Z36: 0 | AA36: =VLOOKUP(F36,'Zones '!$A$2:$F$2056,6,FALSE) -> 1407 | AB36: =VLOOKUP(L36,'Zones '!$A$2:$F$2056,6,FALSE) -> 937
B37: 0.75833333 | C37: UBE 808F | D37: 1 | E37: 3 | F37: KIVU | G37: WAKISO | H37: UGA | I37: 1 | J37: 1 | K37: =VLOOKUP(J37,Key!$E$2:$F$9,2,FALSE) -> Home | L37: NABBINGO | M37: WAKISO | N37: UGA | O37: 3 | P37: 2 | Q37: =VLOOKUP(P37,Key!$E$2:$F$9,2,FALSE) -> Work | R37: =K37&"-"&Q37 -> Home-Work | S37: 2 | T37: 0.5 | U37: 2 | Y37: Y | Z37: 1000 | AA37: =VLOOKUP(F37,'Zones '!$A$2:$F$2056,6,FALSE) -> 1397 | AB37: =VLOOKUP(L37,'Zones '!$A$2:$F$2056,6,FALSE) -> 1397
B38: 0.76041667 | C38: UAM 048J | D38: 1 | E38: 2 | F38: KIVU | G38: WAKISO | H38: UGA | I38: 1 | J38: 1 | K38: =VLOOKUP(J38,Key!$E$2:$F$9,2,FALSE) -> Home | L38: BULENGA | M38: WAKISO | N38: UGA | O38: 2 | P38: 2 | Q38: =VLOOKUP(P38,Key!$E$2:$F$9,2,FALSE) -> Work | R38: =K38&"-"&Q38 -> Home-Work | S38: 10 | T38: 0.2 | U38: 2 | Y38: Y | Z38: 500 | AA38: =VLOOKUP(F38,'Zones '!$A$2:$F$2056,6,FALSE) -> 1397 | AB38: =VLOOKUP(L38,'Zones '!$A$2:$F$2056,6,FALSE) -> 1408
B39: 0.7625 | C39: UAV 770X | D39: 7 | E39: 2 | F39: NSANGI | G39: WAKISO | H39: UGA | I39: 3 | J39: 2 | K39: =VLOOKUP(J39,Key!$E$2:$F$9,2,FALSE) -> Work | L39: GOMBA | M39: GOMBA | N39: UGA | O39: 3 | P39: 2 | Q39: =VLOOKUP(P39,Key!$E$2:$F$9,2,FALSE) -> Work | R39: =K39&"-"&Q39 -> Work-Work | S39: 200 | T39: 3 | U39: 2 | Y39: Y | Z39: 1000 | AA39: =VLOOKUP(F39,'Zones '!$A$2:$F$2056,6,FALSE) -> 1397 | AB39: =VLOOKUP(L39,'Zones '!$A$2:$F$2056,6,FALSE) -> 328
B40: 0.76527778 | C40: UAN 462Z | D40: 1 | E40: 1 | F40: KIVU | G40: WAKISO | H40: UGA | I40: 1 | J40: 1 | K40: =VLOOKUP(J40,Key!$E$2:$F$9,2,FALSE) -> Home | L40: KITEMU | M40: WAKISO | N40: UGA | O40: 2 | P40: 2 | Q40: =VLOOKUP(P40,Key!$E$2:$F$9,2,FALSE) -> Work | R40: =K40&"-"&Q40 -> Home-Work | S40: 3 | T40: 0.1 | U40: 2 | Y40: Y | Z40: 500 | AA40: =VLOOKUP(F40,'Zones '!$A$2:$F$2056,6,FALSE) -> 1397 | AB40: =VLOOKUP(L40,'Zones '!$A$2:$F$2056,6,FALSE) -> 1397
B41: 0.76875 | C41: UBB 410B | D41: 3 | E41: 1 | F41: KAJJANSI | G41: WAKISO | H41: UGA | I41: 2 | J41: 2 | K41: =VLOOKUP(J41,Key!$E$2:$F$9,2,FALSE) -> Work | L41: MAYA | M41: WAKISO | N41: UGA | O41: 1 | P41: 1 | Q41: =VLOOKUP(P41,Key!$E$2:$F$9,2,FALSE) -> Home | R41: =K41&"-"&Q41 -> Work-Home | S41: 14 | T41: 1 | U41: 6 | Y41: Y | Z41: 1000 | AA41: =VLOOKUP(F41,'Zones '!$A$2:$F$2056,6,FALSE) -> 1390 | AB41: =VLOOKUP(L41,'Zones '!$A$2:$F$2056,6,FALSE) -> 1397
B42: 0.77083333 | C42: UAT 389L | D42: 1 | E42: 3 | F42: KISOZI | G42: WAKISO | H42: UGA | I42: 1 | J42: 1 | K42: =VLOOKUP(J42,Key!$E$2:$F$9,2,FALSE) -> Home | L42: KITEMU | M42: WAKISO | N42: UGA | O42: 2 | P42: 2 | Q42: =VLOOKUP(P42,Key!$E$2:$F$9,2,FALSE) -> Work | R42: =K42&"-"&Q42 -> Home-Work | S42: 5 | T42: 0.3 | U42: 2 | Y42: Y | Z42: 0 | AA42: =VLOOKUP(F42,'Zones '!$A$2:$F$2056,6,FALSE) -> 589 | AB42: =VLOOKUP(L42,'Zones '!$A$2:$F$2056,6,FALSE) -> 1397
B43: 0.77430556 | C43: UAR 842A | D43: 1 | E43: 1 | F43: BUDDO | G43: WAKISO | H43: UGA | I43: 1 | J43: 1 | K43: =VLOOKUP(J43,Key!$E$2:$F$9,2,FALSE) -> Home | L43: MASAKA | M43: MASAKA | N43: UGA | O43: 2 | P43: 2 | Q43: =VLOOKUP(P43,Key!$E$2:$F$9,2,FALSE) -> Work | R43: =K43&"-"&Q43 -> Home-Work | S43: 110 | T43: 2.5 | U43: 2 | Y43: Y | Z43: 500 | AA43: =VLOOKUP(F43,'Zones '!$A$2:$F$2056,6,FALSE) -> 1397 | AB43: =VLOOKUP(L43,'Zones '!$A$2:$F$2056,6,FALSE) -> 937
B44: 0.77638889 | C44: UAV 205M | D44: 1 | E44: 4 | F44: KIVU | G44: WAKISO | H44: UGA | I44: 1 | J44: 1 | K44: =VLOOKUP(J44,Key!$E$2:$F$9,2,FALSE) -> Home | L44: WAKISO | M44: WAKISO | N44: UGA | O44: 2 | P44: 2 | Q44: =VLOOKUP(P44,Key!$E$2:$F$9,2,FALSE) -> Work | R44: =K44&"-"&Q44 -> Home-Work | S44: 2 | T44: 0.2 | U44: 2 | Y44: Y | Z44: 10000 | AA44: =VLOOKUP(F44,'Zones '!$A$2:$F$2056,6,FALSE) -> 1397 | AB44: =VLOOKUP(L44,'Zones '!$A$2:$F$2056,6,FALSE) -> 1408
B45: 0.77777778 | C45: UAS 953S | D45: 1 | E45: 1 | F45: KIVU | G45: WAKISO | H45: UGA | I45: 1 | J45: 1 | K45: =VLOOKUP(J45,Key!$E$2:$F$9,2,FALSE) -> Home | L45: KITEMU | M45: WAKISO | N45: UGA | O45: 2 | P45: 2 | Q45: =VLOOKUP(P45,Key!$E$2:$F$9,2,FALSE) -> Work | R45: =K45&"-"&Q45 -> Home-Work | S45: 0.5 | T45: 0.1 | U45: 2 | Y45: Y | Z45: 2000 | AA45: =VLOOKUP(F45,'Zones '!$A$2:$F$2056,6,FALSE) -> 1397 | AB45: =VLOOKUP(L45,'Zones '!$A$2:$F$2056,6,FALSE) -> 1397
B46: 0.77986111 | C46: UBB 641K | D46: 7 | E46: 5 | F46: KIVU | G46: WAKISO | H46: UGA | I46: 3 | J46: 2 | K46: =VLOOKUP(J46,Key!$E$2:$F$9,2,FALSE) -> Work | L46: NABBINGO | M46: WAKISO | N46: UGA | O46: 3 | P46: 2 | Q46: =VLOOKUP(P46,Key!$E$2:$F$9,2,FALSE) -> Work | R46: =K46&"-"&Q46 -> Work-Work | S46: 5 | T46: 0.3 | Y46: Y | Z46: 500 | AA46: =VLOOKUP(F46,'Zones '!$A$2:$F$2056,6,FALSE) -> 1397 | AB46: =VLOOKUP(L46,'Zones '!$A$2:$F$2056,6,FALSE) -> 1397
B47: 0.78263889 | C47: UAP 372A | D47: 1 | E47: 3 | F47: KIVU | G47: WAKISO | H47: UGA | I47: 2 | J47: 2 | K47: =VLOOKUP(J47,Key!$E$2:$F$9,2,FALSE) -> Work | L47: KITEMU | M47: WAKISO | N47: UGA | O47: 1 | P47: 1 | Q47: =VLOOKUP(P47,Key!$E$2:$F$9,2,FALSE) -> Home | R47: =K47&"-"&Q47 -> Work-Home | S47: 1 | T47: 0.1 | U47: 2 | Y47: Y | Z47: 1000 | AA47: =VLOOKUP(F47,'Zones '!$A$2:$F$2056,6,FALSE) -> 1397 | AB47: =VLOOKUP(L47,'Zones '!$A$2:$F$2056,6,FALSE) -> 1397
B48: 0.78402778 | C48: UAN 678A | D48: 7 | E48: 3 | F48: KIVU | G48: WAKISO | H48: UGA | I48: 3 | J48: 2 | K48: =VLOOKUP(J48,Key!$E$2:$F$9,2,FALSE) -> Work | L48: NSANGI | M48: WAKISO | N48: UGA | O48: 3 | P48: 2 | Q48: =VLOOKUP(P48,Key!$E$2:$F$9,2,FALSE) -> Work | R48: =K48&"-"&Q48 -> Work-Work | S48: 1.5 | T48: 0.1 | U48: 2 | Y48: Y | Z48: 500 | AA48: =VLOOKUP(F48,'Zones '!$A$2:$F$2056,6,FALSE) -> 1397 | AB48: =VLOOKUP(L48,'Zones '!$A$2:$F$2056,6,FALSE) -> 1397
B49: 0.78611111 | C49: UAT 588J | D49: 1 | E49: 1 | F49: KISOZI | G49: WAKISO | H49: UGA | I49: 1 | J49: 1 | K49: =VLOOKUP(J49,Key!$E$2:$F$9,2,FALSE) -> Home | L49: WAKISO TOWN COUNCIL | M49: WAKISO | N49: UGA | O49: 2 | P49: 2 | Q49: =VLOOKUP(P49,Key!$E$2:$F$9,2,FALSE) -> Work | R49: =K49&"-"&Q49 -> Home-Work | S49: 2 | T49: 0.5 | U49: 2 | Y49: Y | Z49: 1000 | AA49: =VLOOKUP(F49,'Zones '!$A$2:$F$2056,6,FALSE) -> 589 | AB49: =VLOOKUP(L49,'Zones '!$A$2:$F$2056,6,FALSE) -> 1409
B50: 0.79097222 | C50: UBB 913E | D50: 9 | E50: 2 | F50: ENTEBBE | G50: WAKISO | H50: UGA | I50: 2 | J50: 2 | K50: =VLOOKUP(J50,Key!$E$2:$F$9,2,FALSE) -> Work | L50: NAMAGOMA | M50: WAKISO | N50: UGA | O50: 3 | P50: 2 | Q50: =VLOOKUP(P50,Key!$E$2:$F$9,2,FALSE) -> Work | R50: =K50&"-"&Q50 -> Work-Work | S50: 15 | T50: 1.5 | U50: 2 | Y50: Y | Z50: 1000 | AA50: =VLOOKUP(F50,'Zones '!$A$2:$F$2056,6,FALSE) -> 1388 | AB50: =VLOOKUP(L50,'Zones '!$A$2:$F$2056,6,FALSE) -> 1397
B51: 0.66666667 | C51: UAM 447M | D51: 1 | E51: 2 | F51: KISOZI | G51: WAKISO | H51: UGA | I51: 2 | J51: 2 | K51: =VLOOKUP(J51,Key!$E$2:$F$9,2,FALSE) -> Work | L51: NABBINGO | M51: WAKISO | N51: UGA | O51: 1 | P51: 1 | Q51: =VLOOKUP(P51,Key!$E$2:$F$9,2,FALSE) -> Home | R51: =K51&"-"&Q51 -> Work-Home | S51: 8 | T51: 1 | U51: 2 | Y51: Y | Z51: 1000 | AA51: =VLOOKUP(F51,'Zones '!$A$2:$F$2056,6,FALSE) -> 589 | AB51: =VLOOKUP(L51,'Zones '!$A$2:$F$2056,6,FALSE) -> 1397
B52: 0.67013889 | C52: UAU 112M | D52: 1 | E52: 2 | F52: KIVU | G52: WAKISO | H52: UGA | I52: 2 | J52: 2 | K52: =VLOOKUP(J52,Key!$E$2:$F$9,2,FALSE) -> Work | L52: KYENGERA | M52: WAKISO | N52: UGA | O52: 1 | P52: 1 | Q52: =VLOOKUP(P52,Key!$E$2:$F$9,2,FALSE) -> Home | R52: =K52&"-"&Q52 -> Work-Home | S52: 5 | T52: 1 | U52: 2 | Y52: Y | Z52: 2000 | AA52: =VLOOKUP(F52,'Zones '!$A$2:$F$2056,6,FALSE) -> 1397 | AB52: =VLOOKUP(L52,'Zones '!$A$2:$F$2056,6,FALSE) -> 1397
B53: 0.3125 | C53: UAK 628B | D53: 1 | E53: 1 | F53: NICAN RESORT | G53: WAKISO | H53: UGA | I53: 1 | J53: 1 | K53: =VLOOKUP(J53,Key!$E$2:$F$9,2,FALSE) -> Home | L53: KITEMU | M53: WAKISO | N53: UGA | O53: 2 | P53: 2 | Q53: =VLOOKUP(P53,Key!$E$2:$F$9,2,FALSE) -> Work | R53: =K53&"-"&Q53 -> Home-Work | S53: 5 | T53: 0.3 | U53: 6 | Y53: Y | Z53: 3000 | AA53: =VLOOKUP(F53,'Zones '!$A$2:$F$2056,6,FALSE) -> 1390 | AB53: =VLOOKUP(L53,'Zones '!$A$2:$F$2056,6,FALSE) -> 1397
B54: 0.32291667 | C54: UBD 819Z | D54: 9 | E54: 2 | F54: KISOZI | G54: WAKISO | H54: UGA | I54: 1 | J54: 1 | K54: =VLOOKUP(J54,Key!$E$2:$F$9,2,FALSE) -> Home | L54: NAKILEBE | M54: WAKISO | N54: UGA | O54: 2 | P54: 2 | Q54: =VLOOKUP(P54,Key!$E$2:$F$9,2,FALSE) -> Work | R54: =K54&"-"&Q54 -> Home-Work | S54: 15 | T54: 0.3 | U54: 2 | Y54: Y | Z54: 2000 | AA54: =VLOOKUP(F54,'Zones '!$A$2:$F$2056,6,FALSE) -> 589 | AB54: =VLOOKUP(L54,'Zones '!$A$2:$F$2056,6,FALSE) -> 1390
B55: 0.32986111 | C55: UBD 868K | D55: 1 | E55: 2 | F55: NDEJJE | G55: WAKISO | H55: UGA | I55: 1 | J55: 1 | K55: =VLOOKUP(J55,Key!$E$2:$F$9,2,FALSE) -> Home | L55: MPIGI | M55: MPIGI | N55: UGA | O55: 3 | P55: 2 | Q55: =VLOOKUP(P55,Key!$E$2:$F$9,2,FALSE) -> Work | R55: =K55&"-"&Q55 -> Home-Work | S55: 80 | T55: 2 | U55: 6 | Y55: Y | Z55: 2000 | AA55: =VLOOKUP(F55,'Zones '!$A$2:$F$2056,6,FALSE) -> 1407 | AB55: =VLOOKUP(L55,'Zones '!$A$2:$F$2056,6,FALSE) -> 1037
B56: 0.33333333 | C56: UAK 249J | D56: 1 | E56: 2 | F56: NAGALABE | G56: WAKISO | H56: UGA | I56: 1 | J56: 1 | K56: =VLOOKUP(J56,Key!$E$2:$F$9,2,FALSE) -> Home | L56: SSEBABULE | M56: MASAKA | N56: UGA | O56: 2 | P56: 2 | Q56: =VLOOKUP(P56,Key!$E$2:$F$9,2,FALSE) -> Work | R56: =K56&"-"&Q56 -> Home-Work | S56: 68 | T56: 4 | U56: 2 | Y56: Y | Z56: 2000 | AA56: =VLOOKUP(F56,'Zones '!$A$2:$F$2056,6,FALSE) -> 1397 | AB56: =VLOOKUP(L56,'Zones '!$A$2:$F$2056,6,FALSE) -> 1362
B57: 0.33680556 | C57: UAZ 564K | D57: 1 | E57: 4 | F57: KIVU | G57: WAKISO | H57: UGA | I57: 2 | J57: 2 | K57: =VLOOKUP(J57,Key!$E$2:$F$9,2,FALSE) -> Work | L57: KYENGERA | M57: WAKISO | N57: UGA | O57: 1 | P57: 1 | Q57: =VLOOKUP(P57,Key!$E$2:$F$9,2,FALSE) -> Home | R57: =K57&"-"&Q57 -> Work-Home | S57: 5 | T57: 0.2 | U57: 2 | Y57: Y | Z57: 1000 | AA57: =VLOOKUP(F57,'Zones '!$A$2:$F$2056,6,FALSE) -> 1397 | AB57: =VLOOKUP(L57,'Zones '!$A$2:$F$2056,6,FALSE) -> 1397
B58: 0.34375 | C58: UBA 965D | D58: 1 | E58: 3 | F58: KIBEJJA | G58: WAKISO | H58: UGA | I58: 1 | J58: 1 | K58: =VLOOKUP(J58,Key!$E$2:$F$9,2,FALSE) -> Home | L58: KITEMU | M58: WAKISO | N58: UGA | O58: 2 | P58: 2 | Q58: =VLOOKUP(P58,Key!$E$2:$F$9,2,FALSE) -> Work | R58: =K58&"-"&Q58 -> Home-Work | S58: 3 | T58: 0.5 | U58: 2 | Y58: Y | Z58: 1000 | AA58: =VLOOKUP(F58,'Zones '!$A$2:$F$2056,6,FALSE) -> 905 | AB58: =VLOOKUP(L58,'Zones '!$A$2:$F$2056,6,FALSE) -> 1397
B59: 0.35416667 | C59: UAT 600D | D59: 4 | E59: 3 | F59: KIVU | G59: WAKISO | H59: UGA | I59: 12 | J59: 2 | K59: =VLOOKUP(J59,Key!$E$2:$F$9,2,FALSE) -> Work | L59: KYENGERA | M59: WAKISO | N59: UGA | O59: 12 | P59: 2 | Q59: =VLOOKUP(P59,Key!$E$2:$F$9,2,FALSE) -> Work | R59: =K59&"-"&Q59 -> Work-Work | S59: 5 | T59: 0.7 | U59: 2 | V59: 10 | W59: 3 | X59: 8 | Y59: Y | Z59: 1000 | AA59: =VLOOKUP(F59,'Zones '!$A$2:$F$2056,6,FALSE) -> 1397 | AB59: =VLOOKUP(L59,'Zones '!$A$2:$F$2056,6,FALSE) -> 1397
B60: 0.36111111 | C60: UAJ 813D | D60: 1 | E60: 2 | F60: KIVU | G60: WAKISO | H60: UGA | I60: 1 | J60: 1 | K60: =VLOOKUP(J60,Key!$E$2:$F$9,2,FALSE) -> Home | L60: MENGO | M60: KAMPALA | N60: UGA | O60: 2 | P60: 2 | Q60: =VLOOKUP(P60,Key!$E$2:$F$9,2,FALSE) -> Work | R60: =K60&"-"&Q60 -> Home-Work | S60: 15 | T60: 1.5 | U60: 2 | Y60: Y | Z60: 2000 | AA60: =VLOOKUP(F60,'Zones '!$A$2:$F$2056,6,FALSE) -> 1397 | AB60: =VLOOKUP(L60,'Zones '!$A$2:$F$2056,6,FALSE) -> 558
B61: 0.36458333 | C61: UBA 437L | D61: 1 | E61: 4 | F61: KIVU | G61: WAKISO | H61: UGA | I61: 1 | J61: 1 | K61: =VLOOKUP(J61,Key!$E$2:$F$9,2,FALSE) -> Home | L61: KITEMU | M61: WAKISO | N61: UGA | O61: 2 | P61: 2 | Q61: =VLOOKUP(P61,Key!$E$2:$F$9,2,FALSE) -> Work | R61: =K61&"-"&Q61 -> Home-Work | S61: 2 | T61: 0.1 | U61: 2 | Y61: Y | Z61: 2000 | AA61: =VLOOKUP(F61,'Zones '!$A$2:$F$2056,6,FALSE) -> 1397 | AB61: =VLOOKUP(L61,'Zones '!$A$2:$F$2056,6,FALSE) -> 1397
B62: 0.36805556 | C62: UAZ 671L | D62: 3 | E62: 2 | F62: KYENGERA | G62: WAKISO | H62: UGA | I62: 1 | J62: 1 | K62: =VLOOKUP(J62,Key!$E$2:$F$9,2,FALSE) -> Home | L62: KITEMU | M62: WAKISO | N62: UGA | O62: 3 | P62: 2 | Q62: =VLOOKUP(P62,Key!$E$2:$F$9,2,FALSE) -> Work | R62: =K62&"-"&Q62 -> Home-Work | S62: 5 | T62: 0.1 | U62: 2 | Y62: Y | Z62: 1000 | AA62: =VLOOKUP(F62,'Zones '!$A$2:$F$2056,6,FALSE) -> 1397 | AB62: =VLOOKUP(L62,'Zones '!$A$2:$F$2056,6,FALSE) -> 1397
B63: 0.38541667 | C63: UAW 186K | D63: 1 | E63: 2 | F63: KIVU | G63: WAKISO | H63: UGA | I63: 1 | J63: 1 | K63: =VLOOKUP(J63,Key!$E$2:$F$9,2,FALSE) -> Home | L63: MAYA | M63: WAKISO | N63: UGA | O63: 2 | P63: 2 | Q63: =VLOOKUP(P63,Key!$E$2:$F$9,2,FALSE) -> Work | R63: =K63&"-"&Q63 -> Home-Work | S63: 5 | T63: 0.8 | Y63: Y | Z63: 1000 | AA63: =VLOOKUP(F63,'Zones '!$A$2:$F$2056,6,FALSE) -> 1397 | AB63: =VLOOKUP(L63,'Zones '!$A$2:$F$2056,6,FALSE) -> 1397
B64: 0.39930556 | C64: UAT 034E | D64: 1 | E64: 3 | F64: KIBEJJA | G64: WAKISO | H64: UGA | I64: 2 | J64: 2 | K64: =VLOOKUP(J64,Key!$E$2:$F$9,2,FALSE) -> Work | L64: NABBINGO | M64: WAKISO | N64: UGA | O64: 1 | P64: 1 | Q64: =VLOOKUP(P64,Key!$E$2:$F$9,2,FALSE) -> Home | R64: =K64&"-"&Q64 -> Work-Home | S64: 3.5 | T64: 1 | Y64: Y | Z64: 2000 | AA64: =VLOOKUP(F64,'Zones '!$A$2:$F$2056,6,FALSE) -> 905 | AB64: =VLOOKUP(L64,'Zones '!$A$2:$F$2056,6,FALSE) -> 1397
B65: 0.40833333 | C65: UAT 686N | D65: 1 | E65: 1 | F65: ZANA | G65: WAKISO | H65: UGA | I65: 1 | J65: 1 | K65: =VLOOKUP(J65,Key!$E$2:$F$9,2,FALSE) -> Home | L65: MASAKA | M65: MASAKA | N65: UGA | O65: 2 | P65: 2 | Q65: =VLOOKUP(P65,Key!$E$2:$F$9,2,FALSE) -> Work | R65: =K65&"-"&Q65 -> Home-Work | S65: 120 | T65: 2 | U65: 2 | Y65: Y | Z65: 1000 | AA65: =VLOOKUP(F65,'Zones '!$A$2:$F$2056,6,FALSE) -> 565 | AB65: =VLOOKUP(L65,'Zones '!$A$2:$F$2056,6,FALSE) -> 937
B66: 0.41319444 | C66: UAQ 391G | D66: 1 | E66: 2 | F66: KAJJANSI | G66: WAKISO | H66: UGA | I66: 1 | J66: 1 | K66: =VLOOKUP(J66,Key!$E$2:$F$9,2,FALSE) -> Home | L66: NSANGI | M66: WAKISO | N66: UGA | O66: 2 | P66: 2 | Q66: =VLOOKUP(P66,Key!$E$2:$F$9,2,FALSE) -> Work | R66: =K66&"-"&Q66 -> Home-Work | S66: 15 | T66: 0.5 | U66: 2 | Y66: Y | Z66: 0 | AA66: =VLOOKUP(F66,'Zones '!$A$2:$F$2056,6,FALSE) -> 1390 | AB66: =VLOOKUP(L66,'Zones '!$A$2:$F$2056,6,FALSE) -> 1397
B67: 0.42013889 | C67: UAT 341V | D67: 1 | E67: 2 | F67: KISOZI | G67: WAKISO | H67: UGA | I67: 2 | J67: 2 | K67: =VLOOKUP(J67,Key!$E$2:$F$9,2,FALSE) -> Work | L67: KITEMU | M67: WAKISO | N67: UGA | O67: 1 | P67: 1 | Q67: =VLOOKUP(P67,Key!$E$2:$F$9,2,FALSE) -> Home | R67: =K67&"-"&Q67 -> Work-Home | S67: 2.5 | T67: 0.1 | U67: 2 | Y67: Y | Z67: 1000 | AA67: =VLOOKUP(F67,'Zones '!$A$2:$F$2056,6,FALSE) -> 589 | AB67: =VLOOKUP(L67,'Zones '!$A$2:$F$2056,6,FALSE) -> 1397
B68: 0.42361111 | C68: UBF 875F | D68: 1 | E68: 1 | F68: ENTEBBE | G68: WAKISO | H68: UGA | I68: 2 | J68: 2 | K68: =VLOOKUP(J68,Key!$E$2:$F$9,2,FALSE) -> Work | L68: KITEMU | M68: WAKISO | N68: UGA | O68: 1 | P68: 1 | Q68: =VLOOKUP(P68,Key!$E$2:$F$9,2,FALSE) -> Home | R68: =K68&"-"&Q68 -> Work-Home | S68: 20 | T68: 1.5 | U68: 6 | Y68: Y | Z68: 1000 | AA68: =VLOOKUP(F68,'Zones '!$A$2:$F$2056,6,FALSE) -> 1388 | AB68: =VLOOKUP(L68,'Zones '!$A$2:$F$2056,6,FALSE) -> 1397
B69: 0.43055556 | C69: UAK 035Q | D69: 3 | E69: 1 | F69: KIVU | G69: WAKISO | H69: UGA | I69: 2 | J69: 2 | K69: =VLOOKUP(J69,Key!$E$2:$F$9,2,FALSE) -> Work | L69: MAYA | M69: WAKISO | N69: UGA | O69: 1 | P69: 1 | Q69: =VLOOKUP(P69,Key!$E$2:$F$9,2,FALSE) -> Home | R69: =K69&"-"&Q69 -> Work-Home | S69: 5 | T69: 0.2 | U69: 6 | Y69: Y | Z69: 1000 | AA69: =VLOOKUP(F69,'Zones '!$A$2:$F$2056,6,FALSE) -> 1397 | AB69: =VLOOKUP(L69,'Zones '!$A$2:$F$2056,6,FALSE) -> 1397
B70: 0.44097222 | C70: UBE 131S | D70: 3 | E70: 1 | F70: NAGALABE | G70: WAKISO | H70: UGA | I70: 3 | J70: 2 | K70: =VLOOKUP(J70,Key!$E$2:$F$9,2,FALSE) -> Work | L70: KITEMU | M70: WAKISO | N70: UGA | O70: 1 | P70: 1 | Q70: =VLOOKUP(P70,Key!$E$2:$F$9,2,FALSE) -> Home | R70: =K70&"-"&Q70 -> Work-Home | S70: 2 | T70: 0.5 | U70: 2 | Y70: Y | Z70: 1000 | AA70: =VLOOKUP(F70,'Zones '!$A$2:$F$2056,6,FALSE) -> 1397 | AB70: =VLOOKUP(L70,'Zones '!$A$2:$F$2056,6,FALSE) -> 1397
B71: 0.45 | C71: UAN 393F | D71: 3 | E71: 3 | F71: KIVU | G71: WAKISO | H71: UGA | I71: 2 | J71: 2 | K71: =VLOOKUP(J71,Key!$E$2:$F$9,2,FALSE) -> Work | L71: NDEEBA | M71: KAMPALA | N71: UGA | O71: 2 | P71: 2 | Q71: =VLOOKUP(P71,Key!$E$2:$F$9,2,FALSE) -> Work | R71: =K71&"-"&Q71 -> Work-Work | S71: 15 | T71: 1 | U71: 2 | Y71: Y | Z71: 1000 | AA71: =VLOOKUP(F71,'Zones '!$A$2:$F$2056,6,FALSE) -> 1397 | AB71: =VLOOKUP(L71,'Zones '!$A$2:$F$2056,6,FALSE) -> 573
B72: 0.45138889 | C72: UAK 269K | D72: 1 | E72: 2 | F72: NATEETE | G72: KAMPALA | H72: UGA | I72: 16 | J72: 2 | K72: =VLOOKUP(J72,Key!$E$2:$F$9,2,FALSE) -> Work | L72: BULOBA | M72: WAKISO | N72: UGA | O72: 16 | P72: 2 | Q72: =VLOOKUP(P72,Key!$E$2:$F$9,2,FALSE) -> Work | R72: =K72&"-"&Q72 -> Work-Work | S72: 120 | T72: 4 | U72: 4 | Y72: Y | Z72: 2000 | AA72: =VLOOKUP(F72,'Zones '!$A$2:$F$2056,6,FALSE) -> 572 | AB72: =VLOOKUP(L72,'Zones '!$A$2:$F$2056,6,FALSE) -> 1408
B73: 0.45833333 | C73: UAE 977R | D73: 4 | E73: 2 | F73: KASENGE | G73: WAKISO | H73: UGA | I73: 3 | J73: 2 | K73: =VLOOKUP(J73,Key!$E$2:$F$9,2,FALSE) -> Work | L73: MPIGI | M73: MPIGI | N73: UGA | O73: 3 | P73: 2 | Q73: =VLOOKUP(P73,Key!$E$2:$F$9,2,FALSE) -> Work | R73: =K73&"-"&Q73 -> Work-Work | S73: 20 | T73: 1 | U73: 6 | Y73: Y | Z73: 2000 | AA73: =VLOOKUP(F73,'Zones '!$A$2:$F$2056,6,FALSE) -> 1388 | AB73: =VLOOKUP(L73,'Zones '!$A$2:$F$2056,6,FALSE) -> 1037
B74: 0.46180556 | C74: UAU 907B | D74: 1 | E74: 1 | F74: BUDDO | G74: WAKISO | H74: UGA | I74: 2 | J74: 2 | K74: =VLOOKUP(J74,Key!$E$2:$F$9,2,FALSE) -> Work | L74: NSANGI | M74: WAKISO | N74: UGA | O74: 1 | P74: 1 | Q74: =VLOOKUP(P74,Key!$E$2:$F$9,2,FALSE) -> Home | R74: =K74&"-"&Q74 -> Work-Home | S74: 10 | T74: 1 | U74: 2 | Y74: Y | Z74: 1000 | AA74: =VLOOKUP(F74,'Zones '!$A$2:$F$2056,6,FALSE) -> 1397 | AB74: =VLOOKUP(L74,'Zones '!$A$2:$F$2056,6,FALSE) -> 1397
B75: 0.46875 | C75: UAT 530U | D75: 1 | E75: 3 | F75: KIVU | G75: WAKISO | H75: UGA | I75: 1 | J75: 1 | K75: =VLOOKUP(J75,Key!$E$2:$F$9,2,FALSE) -> Home | L75: ZANA | M75: WAKISO | N75: UGA | O75: 2 | P75: 2 | Q75: =VLOOKUP(P75,Key!$E$2:$F$9,2,FALSE) -> Work | R75: =K75&"-"&Q75 -> Home-Work | S75: 9 | T75: 1 | U75: 3 | Y75: Y | Z75: 1000 | AA75: =VLOOKUP(F75,'Zones '!$A$2:$F$2056,6,FALSE) -> 1397 | AB75: =VLOOKUP(L75,'Zones '!$A$2:$F$2056,6,FALSE) -> 565
B76: 0.47222222 | C76: UAQ 085K | D76: 1 | E76: 4 | F76: KIVU | G76: WAKISO | H76: UGA | I76: 1 | J76: 1 | K76: =VLOOKUP(J76,Key!$E$2:$F$9,2,FALSE) -> Home | L76: KYENGERA | M76: WAKISO | N76: UGA | O76: 5 | P76: 7 | Q76: =VLOOKUP(P76,Key!$E$2:$F$9,2,FALSE) -> Hospital | R76: =K76&"-"&Q76 -> Home-Hospital | S76: 5 | T76: 0.7 | U76: 6 | Y76: Y | Z76: 1000 | AA76: =VLOOKUP(F76,'Zones '!$A$2:$F$2056,6,FALSE) -> 1397 | AB76: =VLOOKUP(L76,'Zones '!$A$2:$F$2056,6,FALSE) -> 1397
... B111: 0.87013889 | C111: UAM 371L | D111: 1 | E111: 2 | F111: KASANJE | G111: WAKISO | H111: UGA | I111: 1 | J111: 1 | K111: =VLOOKUP(J111,Key!$E$2:$F$9,2,FALSE) -> Home | L111: WAKISO TOWN | M111: WAKISO | N111: UGA | O111: 1 | P111: 1 | Q111: =VLOOKUP(P111,Key!$E$2:$F$9,2,FALSE) -> Home | R111: =K111&"-"&Q111 -> Home-Home | S111: 28 | T111: 1.5 | U111: 6 | Y111: Y | Z111: 2000 | AA111: =VLOOKUP(F111,'Zones '!$A$2:$F$2056,6,FALSE) -> 1394 | AB111: =VLOOKUP(L111,'Zones '!$A$2:$F$2056,6,FALSE) -> 1408
B112: 0.86597222 | C112: UDS 9533S | D112: 11 | E112: 1 | F112: BUDDO | G112: WAKISO | H112: UGA | I112: 8 | J112: 2 | K112: =VLOOKUP(J112,Key!$E$2:$F$9,2,FALSE) -> Work | L112: KITEMU | M112: WAKISO | N112: UGA | O112: 8 | P112: 2 | Q112: =VLOOKUP(P112,Key!$E$2:$F$9,2,FALSE) -> Work | R112: =K112&"-"&Q112 -> Work-Work | S112: 8 | T112: 0.5 | Y112: Y | Z112: 3000 | AA112: =VLOOKUP(F112,'Zones '!$A$2:$F$2056,6,FALSE) -> 1397 | AB112: =VLOOKUP(L112,'Zones '!$A$2:$F$2056,6,FALSE) -> 1397
B113: 0.90833333 | C113: UEL 608B | D113: 11 | E113: 2 | F113: ENTEBBE | G113: WAKISO | H113: UGA | I113: 8 | J113: 2 | K113: =VLOOKUP(J113,Key!$E$2:$F$9,2,FALSE) -> Work | L113: KITEMU | M113: WAKISO | N113: UGA | O113: 8 | P113: 2 | Q113: =VLOOKUP(P113,Key!$E$2:$F$9,2,FALSE) -> Work | R113: =K113&"-"&Q113 -> Work-Work | S113: 30 | T113: 1.5 | U113: 1 | Y113: Y | Z113: 3000 | AA113: =VLOOKUP(F113,'Zones '!$A$2:$F$2056,6,FALSE) -> 1388 | AB113: =VLOOKUP(L113,'Zones '!$A$2:$F$2056,6,FALSE) -> 1397
B114: 0.90416667 | C114: UEE 833T | D114: 11 | E114: 1 | F114: KIVU | G114: WAKISO | H114: UGA | I114: 8 | J114: 2 | K114: =VLOOKUP(J114,Key!$E$2:$F$9,2,FALSE) -> Work | L114: KITEMU | M114: WAKISO | N114: UGA | O114: 8 | P114: 2 | Q114: =VLOOKUP(P114,Key!$E$2:$F$9,2,FALSE) -> Work | R114: =K114&"-"&Q114 -> Work-Work | S114: 2 | T114: 0.1 | U114: 1 | Y114: Y | Z114: 2000 | AA114: =VLOOKUP(F114,'Zones '!$A$2:$F$2056,6,FALSE) -> 1397 | AB114: =VLOOKUP(L114,'Zones '!$A$2:$F$2056,6,FALSE) -> 1397
B115: 0.81944444 | C115: UDF 782M | D115: 11 | E115: 1 | F115: NAGALABE | G115: WAKISO | H115: UGA | I115: 8 | J115: 2 | K115: =VLOOKUP(J115,Key!$E$2:$F$9,2,FALSE) -> Work | L115: KITEMU | M115: WAKISO | N115: UGA | O115: 8 | P115: 2 | Q115: =VLOOKUP(P115,Key!$E$2:$F$9,2,FALSE) -> Work | R115: =K115&"-"&Q115 -> Work-Work | S115: 3 | T115: 0.1 | U115: 1 | Y115: Y | Z115: 1000 | AA115: =VLOOKUP(F115,'Zones '!$A$2:$F$2056,6,FALSE) -> 1397 | AB115: =VLOOKUP(L115,'Zones '!$A$2:$F$2056,6,FALSE) -> 1397
B116: 0.8125 | C116: UBD 207J | D116: 1 | E116: 1 | F116: KIVU | G116: WAKISO | H116: UGA | I116: 1 | J116: 1 | K116: =VLOOKUP(J116,Key!$E$2:$F$9,2,FALSE) -> Home | L116: NSANGI | M116: WAKISO | N116: UGA | O116: 11 | P116: 4 | Q116: =VLOOKUP(P116,Key!$E$2:$F$9,2,FALSE) -> Commercial | R116: =K116&"-"&Q116 -> Home-Commercial | S116: 6 | T116: 0.1 | U116: 1 | Y116: Y | Z116: 2000 | AA116: =VLOOKUP(F116,'Zones '!$A$2:$F$2056,6,FALSE) -> 1397 | AB116: =VLOOKUP(L116,'Zones '!$A$2:$F$2056,6,FALSE) -> 1397
B117: 0.22916667 | C117: UDD 667N | D117: 11 | E117: 2 | F117: KIVU | G117: WAKISO | H117: UGA | I117: 1 | J117: 1 | K117: =VLOOKUP(J117,Key!$E$2:$F$9,2,FALSE) -> Home | L117: KITEMU | M117: WAKISO | N117: UGA | O117: 8 | P117: 2 | Q117: =VLOOKUP(P117,Key!$E$2:$F$9,2,FALSE) -> Work | R117: =K117&"-"&Q117 -> Home-Work | S117: 1 | T117: 0.1 | U117: 1 | Y117: Y | Z117: 1000 | AA117: =VLOOKUP(F117,'Zones '!$A$2:$F$2056,6,FALSE) -> 1397 | AB117: =VLOOKUP(L117,'Zones '!$A$2:$F$2056,6,FALSE) -> 1397
B118: 0.23958333 | C118: UAL 045K | D118: 4 | E118: 8 | F118: KISOZI | G118: WAKISO | H118: UGA | I118: 6 | J118: 2 | K118: =VLOOKUP(J118,Key!$E$2:$F$9,2,FALSE) -> Work | L118: MAYA | M118: WAKISO | N118: UGA | O118: 6 | P118: 2 | Q118: =VLOOKUP(P118,Key!$E$2:$F$9,2,FALSE) -> Work | R118: =K118&"-"&Q118 -> Work-Work | S118: 30 | T118: 1.5 | U118: 1 | Y118: Y | Z118: 1000 | AA118: =VLOOKUP(F118,'Zones '!$A$2:$F$2056,6,FALSE) -> 589 | AB118: =VLOOKUP(L118,'Zones '!$A$2:$F$2056,6,FALSE) -> 1397
B119: 0.21666667 | C119: UES 775J | D119: 11 | E119: 1 | F119: KIVU | G119: WAKISO | H119: UGA | I119: 1 | J119: 1 | K119: =VLOOKUP(J119,Key!$E$2:$F$9,2,FALSE) -> Home | L119: KITEMU | M119: WAKISO | N119: UGA | O119: 8 | P119: 2 | Q119: =VLOOKUP(P119,Key!$E$2:$F$9,2,FALSE) -> Work | R119: =K119&"-"&Q119 -> Home-Work | S119: 1 | T119: 2 | U119: 1 | Y119: Y | Z119: 1000 | AA119: =VLOOKUP(F119,'Zones '!$A$2:$F$2056,6,FALSE) -> 1397 | AB119: =VLOOKUP(L119,'Zones '!$A$2:$F$2056,6,FALSE) -> 1397
B120: 0.21041667 | C120: UAS 452G | D120: 4 | E120: 10 | F120: KISENYI | G120: KAMPALA | H120: UGA | I120: 6 | J120: 2 | K120: =VLOOKUP(J120,Key!$E$2:$F$9,2,FALSE) -> Work | L120: MASAKA | M120: MASAKA | N120: UGA | O120: 6 | P120: 2 | Q120: =VLOOKUP(P120,Key!$E$2:$F$9,2,FALSE) -> Work | R120: =K120&"-"&Q120 -> Work-Work | S120: 180 | T120: 3 | U120: 2 | Y120: Y | Z120: 3000 | AA120: =VLOOKUP(F120,'Zones '!$A$2:$F$2056,6,FALSE) -> 538 | AB120: =VLOOKUP(L120,'Zones '!$A$2:$F$2056,6,FALSE) -> 937
B121: 0.96666667 | C121: UDD 336N | D121: 11 | E121: 2 | F121: KIVU | G121: WAKISO | H121: UGA | I121: 8 | J121: 2 | K121: =VLOOKUP(J121,Key!$E$2:$F$9,2,FALSE) -> Work | L121: NSANGI | M121: WAKISO | N121: UGA | O121: 8 | P121: 2 | Q121: =VLOOKUP(P121,Key!$E$2:$F$9,2,FALSE) -> Work | R121: =K121&"-"&Q121 -> Work-Work | S121: 5 | T121: 0.2 | U121: 1 | Y121: Y | Z121: 2000 | AA121: =VLOOKUP(F121,'Zones '!$A$2:$F$2056,6,FALSE) -> 1397 | AB121: =VLOOKUP(L121,'Zones '!$A$2:$F$2056,6,FALSE) -> 1397
B122: 0.96180556 | C122: UET 039J | D122: 11 | E122: 1 | F122: NAGALABE | G122: WAKISO | H122: UGA | I122: 8 | J122: 2 | K122: =VLOOKUP(J122,Key!$E$2:$F$9,2,FALSE) -> Work | L122: KITEMU | M122: WAKISO | N122: UGA | O122: 8 | P122: 2 | Q122: =VLOOKUP(P122,Key!$E$2:$F$9,2,FALSE) -> Work | R122: =K122&"-"&Q122 -> Work-Work | S122: 3 | T122: 0.1 | U122: 1 | Y122: Y | Z122: 1000 | AA122: =VLOOKUP(F122,'Zones '!$A$2:$F$2056,6,FALSE) -> 1397 | AB122: =VLOOKUP(L122,'Zones '!$A$2:$F$2056,6,FALSE) -> 1397
B123: 0.94236111 | C123: UEJ 225Q | D123: 11 | E123: 1 | F123: KIBUYE | G123: KAMPALA | H123: UGA | I123: 8 | J123: 1 | K123: =VLOOKUP(J123,Key!$E$2:$F$9,2,FALSE) -> Home | L123: KITEMU | M123: WAKISO | N123: UGA | O123: 8 | P123: 2 | Q123: =VLOOKUP(P123,Key!$E$2:$F$9,2,FALSE) -> Work | R123: =K123&"-"&Q123 -> Home-Work | S123: 36 | T123: 1.5 | U123: 1 | Y123: Y | Z123: 2000 | AA123: =VLOOKUP(F123,'Zones '!$A$2:$F$2056,6,FALSE) -> 536 | AB123: =VLOOKUP(L123,'Zones '!$A$2:$F$2056,6,FALSE) -> 1397
B124: 0.93958333 | C124: UBF 046K | D124: 8 | E124: 2 | F124: KIBUYE | G124: KAMPALA | H124: UGA | I124: 10 | J124: 2 | K124: =VLOOKUP(J124,Key!$E$2:$F$9,2,FALSE) -> Work | L124: LWERA | M124: WAKISO | N124: UGA | O124: 1 | P124: 1 | Q124: =VLOOKUP(P124,Key!$E$2:$F$9,2,FALSE) -> Home | R124: =K124&"-"&Q124 -> Work-Home | S124: 82 | T124: 2.5 | U124: 1 | Y124: Y | Z124: 1000 | AA124: =VLOOKUP(F124,'Zones '!$A$2:$F$2056,6,FALSE) -> 536 | AB124: =VLOOKUP(L124,'Zones '!$A$2:$F$2056,6,FALSE) -> 937
... B134: 0.83194444 | C134: UBT 706K | D134: 2 | E134: 1 | F134: ENTEBBE | G134: WAKISO | H134: UGA | I134: 2 | J134: 2 | K134: =VLOOKUP(J134,Key!$E$2:$F$9,2,FALSE) -> Work | L134: NSANGI | M134: WAKISO | N134: UGA | O134: 1 | P134: 1 | Q134: =VLOOKUP(P134,Key!$E$2:$F$9,2,FALSE) -> Home | R134: =K134&"-"&Q134 -> Work-Home | S134: 30 | T134: 2 | U134: 2 | Y134: Y | Z134: 10000 | AA134: =VLOOKUP(F134,'Zones '!$A$2:$F$2056,6,FALSE) -> 1388 | AB134: =VLOOKUP(L134,'Zones '!$A$2:$F$2056,6,FALSE) -> 1397
B135: 0.82777778 | C135: UEL 086F | D135: 11 | E135: 2 | F135: KIVU | G135: WAKISO | H135: UGA | I135: 8 | J135: 2 | K135: =VLOOKUP(J135,Key!$E$2:$F$9,2,FALSE) -> Work | L135: NSANGI | M135: WAKISO | N135: UGA | O135: 8 | P135: 2 | Q135: =VLOOKUP(P135,Key!$E$2:$F$9,2,FALSE) -> Work | R135: =K135&"-"&Q135 -> Work-Work | S135: 12 | T135: 0.2 | Y135: Y | Z135: 1000 | AA135: =VLOOKUP(F135,'Zones '!$A$2:$F$2056,6,FALSE) -> 1397 | AB135: =VLOOKUP(L135,'Zones '!$A$2:$F$2056,6,FALSE) -> 1397
B136: 0.82291667 | C136: UAK 114Y | D136: 1 | E136: 4 | F136: ENTEBBE | G136: WAKISO | H136: UGA | I136: 1 | J136: 1 | K136: =VLOOKUP(J136,Key!$E$2:$F$9,2,FALSE) -> Home | L136: MASAKA | M136: MASAKA | N136: UGA | O136: 1 | P136: 1 | Q136: =VLOOKUP(P136,Key!$E$2:$F$9,2,FALSE) -> Home | R136: =K136&"-"&Q136 -> Home-Home | S136: 180 | T136: 3.5 | U136: 6 | Y136: Y | Z136: 2000 | AA136: =VLOOKUP(F136,'Zones '!$A$2:$F$2056,6,FALSE) -> 1388 | AB136: =VLOOKUP(L136,'Zones '!$A$2:$F$2056,6,FALSE) -> 937
B137: 0.84166667 | C137: UAS 452G | D137: 4 | E137: 3 | F137: KAMPALA | G137: KAMPALA | H137: UGA | I137: 6 | J137: 2 | K137: =VLOOKUP(J137,Key!$E$2:$F$9,2,FALSE) -> Work | L137: NSANGI | M137: WAKISO | N137: UGA | O137: 6 | P137: 2 | Q137: =VLOOKUP(P137,Key!$E$2:$F$9,2,FALSE) -> Work | R137: =K137&"-"&Q137 -> Work-Work | S137: 30 | T137: 2 | U137: 1 | Y137: Y | Z137: 2000 | AA137: =VLOOKUP(F137,'Zones '!$A$2:$F$2056,6,FALSE) -> 521 | AB137: =VLOOKUP(L137,'Zones '!$A$2:$F$2056,6,FALSE) -> 1397
B138: 0.83888889 | C138: UAU 379T | D138: 1 | E138: 2 | F138: NAGALABE | G138: WAKISO | H138: UGA | I138: 2 | J138: 2 | K138: =VLOOKUP(J138,Key!$E$2:$F$9,2,FALSE) -> Work | L138: KITEMU | M138: WAKISO | N138: UGA | O138: 1 | P138: 1 | Q138: =VLOOKUP(P138,Key!$E$2:$F$9,2,FALSE) -> Home | R138: =K138&"-"&Q138 -> Work-Home | S138: 3 | T138: 0.5 | U138: 2 | Y138: Y | Z138: 2000 | AA138: =VLOOKUP(F138,'Zones '!$A$2:$F$2056,6,FALSE) -> 1397 | AB138: =VLOOKUP(L138,'Zones '!$A$2:$F$2056,6,FALSE) -> 1397
B139: 0.83888889 | C139: UAU 379T | D139: 1 | E139: 2 | F139: NAGALABE | G139: WAKISO | H139: UGA | I139: 2 | J139: 2 | K139: =VLOOKUP(J139,Key!$E$2:$F$9,2,FALSE) -> Work | L139: KITEMU | M139: WAKISO | N139: UGA | O139: 1 | P139: 1 | Q139: =VLOOKUP(P139,Key!$E$2:$F$9,2,FALSE) -> Home | R139: =K139&"-"&Q139 -> Work-Home | S139: 3 | T139: 0.5 | U139: 2 | Y139: Y | Z139: 2000 | AA139: =VLOOKUP(F139,'Zones '!$A$2:$F$2056,6,FALSE) -> 1397 | AB139: =VLOOKUP(L139,'Zones '!$A$2:$F$2056,6,FALSE) -> 1397
B140: 0.84166667 | C140: UAS 452G | D140: 4 | E140: 3 | F140: KAMPALA | G140: KAMPALA | H140: UGA | I140: 6 | J140: 2 | K140: =VLOOKUP(J140,Key!$E$2:$F$9,2,FALSE) -> Work | L140: NSANGI | M140: WAKISO | N140: UGA | O140: 6 | P140: 2 | Q140: =VLOOKUP(P140,Key!$E$2:$F$9,2,FALSE) -> Work | R140: =K140&"-"&Q140 -> Work-Work | S140: 30 | T140: 2 | U140: 1 | Y140: Y | Z140: 2000 | AA140: =VLOOKUP(F140,'Zones '!$A$2:$F$2056,6,FALSE) -> 521 | AB140: =VLOOKUP(L140,'Zones '!$A$2:$F$2056,6,FALSE) -> 1397
B141: 0.95416667 | C141: UAU 349C | D141: 1 | E141: 3 | F141: NAGALABE | G141: WAKISO | H141: UGA | I141: 1 | J141: 1 | K141: =VLOOKUP(J141,Key!$E$2:$F$9,2,FALSE) -> Home | L141: KITEMU | M141: WAKISO | N141: UGA | O141: 1 | P141: 1 | Q141: =VLOOKUP(P141,Key!$E$2:$F$9,2,FALSE) -> Home | R141: =K141&"-"&Q141 -> Home-Home | S141: 3 | T141: 0.7 | U141: 1 | Y141: Y | Z141: 10000 | AA141: =VLOOKUP(F141,'Zones '!$A$2:$F$2056,6,FALSE) -> 1397 | AB141: =VLOOKUP(L141,'Zones '!$A$2:$F$2056,6,FALSE) -> 1397
B142: 0.94791667 | C142: UAJ 788N | D142: 11 | E142: 1 | F142: KIVU | G142: WAKISO | H142: UGA | I142: 8 | J142: 2 | K142: =VLOOKUP(J142,Key!$E$2:$F$9,2,FALSE) -> Work | L142: KITEMU | M142: WAKISO | N142: UGA | O142: 1 | P142: 1 | Q142: =VLOOKUP(P142,Key!$E$2:$F$9,2,FALSE) -> Home | R142: =K142&"-"&Q142 -> Work-Home | S142: 1 | T142: 0.1 | U142: 1 | Y142: Y | Z142: 3000 | AA142: =VLOOKUP(F142,'Zones '!$A$2:$F$2056,6,FALSE) -> 1397 | AB142: =VLOOKUP(L142,'Zones '!$A$2:$F$2056,6,FALSE) -> 1397
B143: 0.85416667 | C143: UET 922M | D143: 11 | E143: 2 | F143: KIVU | G143: WAKISO | H143: UGA | I143: 8 | J143: 2 | K143: =VLOOKUP(J143,Key!$E$2:$F$9,2,FALSE) -> Work | L143: KITEMU | M143: WAKISO | N143: UGA | O143: 8 | P143: 2 | Q143: =VLOOKUP(P143,Key!$E$2:$F$9,2,FALSE) -> Work | R143: =K143&"-"&Q143 -> Work-Work | S143: 1 | T143: 0.1 | U143: 1 | Y143: Y | Z143: 10000 | AA143: =VLOOKUP(F143,'Zones '!$A$2:$F$2056,6,FALSE) -> 1397 | AB143: =VLOOKUP(L143,'Zones '!$A$2:$F$2056,6,FALSE) -> 1397
B144: 0.85763889 | C144: UEJ 520N | D144: 11 | E144: 1 | F144: KIVU | G144: WAKISO | H144: UGA | I144: 4 | J144: 2 | K144: =VLOOKUP(J144,Key!$E$2:$F$9,2,FALSE) -> Work | L144: KITEMU | M144: WAKISO | N144: UGA | O144: 8 | P144: 2 | Q144: =VLOOKUP(P144,Key!$E$2:$F$9,2,FALSE) -> Work | R144: =K144&"-"&Q144 -> Work-Work | S144: 1 | T144: 0.1 | U144: 1 | Y144: Y | Z144: 5000 | AA144: =VLOOKUP(F144,'Zones '!$A$2:$F$2056,6,FALSE) -> 1397 | AB144: =VLOOKUP(L144,'Zones '!$A$2:$F$2056,6,FALSE) -> 1397
B145: 0.92361111 | C145: UAT 099K | D145: 1 | E145: 2 | F145: KISENYI | G145: KAMPALA | H145: UGA | I145: 1 | J145: 1 | K145: =VLOOKUP(J145,Key!$E$2:$F$9,2,FALSE) -> Home | L145: NSANGI | M145: WAKISO | N145: UGA | O145: 1 | P145: 1 | Q145: =VLOOKUP(P145,Key!$E$2:$F$9,2,FALSE) -> Home | R145: =K145&"-"&Q145 -> Home-Home | S145: 35 | T145: 2 | U145: 2 | Y145: Y | Z145: 3000 | AA145: =VLOOKUP(F145,'Zones '!$A$2:$F$2056,6,FALSE) -> 538 | AB145: =VLOOKUP(L145,'Zones '!$A$2:$F$2056,6,FALSE) -> 1397
B146: 0.92013889 | C146: UAT 754K | D146: 4 | E146: 1 | F146: KAMPALA | G146: KAMPALA | H146: UGA | I146: 6 | J146: 2 | K146: =VLOOKUP(J146,Key!$E$2:$F$9,2,FALSE) -> Work | L146: NSANGI | M146: WAKISO | N146: UGA | O146: 1 | P146: 1 | Q146: =VLOOKUP(P146,Key!$E$2:$F$9,2,FALSE) -> Home | R146: =K146&"-"&Q146 -> Work-Home | S146: 40 | T146: 2 | U146: 1 | Y146: Y | Z146: 5000 | AA146: =VLOOKUP(F146,'Zones '!$A$2:$F$2056,6,FALSE) -> 521 | AB146: =VLOOKUP(L146,'Zones '!$A$2:$F$2056,6,FALSE) -> 1397
B147: 0.22152778 | C147: UEE 331K | D147: 11 | E147: 2 | F147: KITEMU | G147: WAKISO | H147: UGA | I147: 1 | J147: 1 | K147: =VLOOKUP(J147,Key!$E$2:$F$9,2,FALSE) -> Home | L147: NSANGI | M147: WAKISO | N147: UGA | O147: 8 | P147: 2 | Q147: =VLOOKUP(P147,Key!$E$2:$F$9,2,FALSE) -> Work | R147: =K147&"-"&Q147 -> Home-Work | S147: 5 | T147: 0.1 | U147: 1 | Y147: Y | Z147: 2000 | AA147: =VLOOKUP(F147,'Zones '!$A$2:$F$2056,6,FALSE) -> 1397 | AB147: =VLOOKUP(L147,'Zones '!$A$2:$F$2056,6,FALSE) -> 1397
... B193: 0.38888889 | C193: UAH 648U | D193: 1 | E193: 1 | F193: KITEMU | G193: WAKISO | H193: UGA | I193: 1 | J193: 1 | K193: =VLOOKUP(J193,Key!$E$2:$F$9,2,FALSE) -> Home | L193: KIVU | M193: WAKISO | N193: UGA | O193: 2 | P193: 2 | Q193: =VLOOKUP(P193,Key!$E$2:$F$9,2,FALSE) -> Work | R193: =K193&"-"&Q193 -> Home-Work | S193: 3 | T193: 0.5 | U193: 2 | Y193: Y | Z193: 1000 | AA193: =VLOOKUP(F193,'Zones '!$A$2:$F$2056,6,FALSE) -> 1397 | AB193: =VLOOKUP(L193,'Zones '!$A$2:$F$2056,6,FALSE) -> 1397
B194: 0.41597222 | C194: UAS 954T | D194: 7 | E194: 2 | F194: NATEETE | G194: KAMPALA | H194: UGA | I194: 2 | J194: 2 | K194: =VLOOKUP(J194,Key!$E$2:$F$9,2,FALSE) -> Work | L194: KITEMU | M194: WAKISO | N194: UGA | O194: 12 | P194: 4 | Q194: =VLOOKUP(P194,Key!$E$2:$F$9,2,FALSE) -> Commercial | R194: =K194&"-"&Q194 -> Work-Commercial | S194: 8 | T194: 1 | U194: 4 | V194: 11 | Y194: Y | Z194: 1000 | AA194: =VLOOKUP(F194,'Zones '!$A$2:$F$2056,6,FALSE) -> 572 | AB194: =VLOOKUP(L194,'Zones '!$A$2:$F$2056,6,FALSE) -> 1397
B195: 0.42708333 | C195: UAW 283W | D195: 4 | E195: 2 | F195: MUTUKULA | G195: MASAKA | H195: UGA | I195: 2 | J195: 2 | K195: =VLOOKUP(J195,Key!$E$2:$F$9,2,FALSE) -> Work | L195: KAMPALA | M195: WAKISO | N195: UGA | O195: 2 | P195: 2 | Q195: =VLOOKUP(P195,Key!$E$2:$F$9,2,FALSE) -> Work | R195: =K195&"-"&Q195 -> Work-Work | S195: 120 | T195: 2 | U195: 2 | Y195: Y | Z195: 0 | AA195: =VLOOKUP(F195,'Zones '!$A$2:$F$2056,6,FALSE) -> 1435 | AB195: =VLOOKUP(L195,'Zones '!$A$2:$F$2056,6,FALSE) -> 521
...

Sheet RSI FORM
B1: Feasibility Study and Detailed Design of Kampala - Jinja Highway
B2: Roadside OD Interview Survey
B4: Date: | C4: 40465 | D4: Interviewer: | G4: Survey Station: | H4: Bweyogerere | J4: Direction: | K4: Bweyogerere-Kireka | L4: Coded By: | N4: Chkd By:
B7: Time Period | C7: Veh_Type | D7: Veh_Other | E7: Occupancy | F7: Origin_Address | H7: Origin_Purpose | I7: Origin_other | J7: Destination_Address | L7: Destination_Purpose | M7: Destination_Other | N7: Origin_Zone | O7: Dest_Zone | P7: WTP
F8: Village/Town | G8: City/Country | J8: Village/Town | K8: City/Country
B9: AM | C9: 3 | E9: 2 | F9: Entebbe | G9: Kla, Ug | H9: 1 | J9: Kla | K9: Kla, Ug | L9: 2 | N9: Blank | O9: Blank | P9: Yes | Q9: 3000
B10: AM | C10: 1 | E10: 1 | F10: Kiwanga | G10: Kla, Ug | H10: 1 | J10: Kla | K10: Kla, Ug | L10: 2 | N10: Blank | O10: Blank | P10: Yes | Q10: 2000
B11: AM | E11: 1 | F11: Bukoto | G11: Kla, Ug | H11: 3 | J11: Kla | K11: Kla, Ug | L11: 1 | N11: Blank | O11: Blank
B12: AM
B13: AM
B14: AM
B15: AM
B16: AM
B17: AM
B18: AM
B19: AM
B20: AM
B21: AM
B22: AM
B23: AM
... B53: AM

Sheet Zones 
A1: ZONE NAME | B1: DISTRICT | C1: COUNTY | D1: SUBCOUNTY | E1: Parish | F1: ZONE No.
A2: Abim | B2: Abim | C2: Labwor | D2: =A2 -> Abim | F2: 1
A3: Abim Town Council | B3: Abim | C3: Labwor | D3: =A3 -> Abim Town Council | F3: 2
A4: Alerek | B4: Abim | C4: Labwor | D4: =A4 -> Alerek | F4: 3
A5: Lotukei | B5: Abim | C5: Labwor | D5: =A5 -> Lotukei | F5: 4
A6: Morulem | B6: Abim | C6: Labwor | D6: =A6 -> Morulem | F6: 5
A7: Nyakwae | B7: Abim | C7: Labwor | D7: =A7 -> Nyakwae | F7: 6
A8: Adjumani Town Council | B8: Adjumani | C8: East Moyo | D8: =A8 -> Adjumani Town Council | F8: 7
A9: ADJUMANI | D9: =A9 -> ADJUMANI | F9: 7
A10: Adropi | B10: Adjumani | C10: East Moyo | D10: =A10 -> Adropi | F10: 8
A11: Arinyapi | B11: Adjumani | C11: East Moyo | D11: =A11 -> Arinyapi | F11: 9
A12: Ciforo | B12: Adjumani | C12: East Moyo | D12: =A12 -> Ciforo | F12: 10
A13: Dzaipi | B13: Adjumani | C13: East Moyo | D13: =A13 -> Dzaipi | F13: 11
A14: Itirikwa | B14: Adjumani | C14: East Moyo | D14: =A14 -> Itirikwa | F14: 12
A15: Ofua | B15: Adjumani | C15: East Moyo | D15: =A15 -> Ofua | F15: 13
A16: Pacara | B16: Adjumani | C16: East Moyo | D16: =A16 -> Pacara | F16: 14
A17: Pakele | B17: Adjumani | C17: East Moyo | D17: =A17 -> Pakele | F17: 15
A18: Ukusijoni | B18: Adjumani | C18: East Moyo | D18: =A18 -> Ukusijoni | F18: 16
A19: Adilang | B19: Agago | C19: Agago | D19: =A19 -> Adilang | F19: 17
A20: Agago Town Council | B20: Agago | C20: Agago | D20: =A20 -> Agago Town Council | F20: 18
A21: Arum | B21: Agago | C21: Agago | D21: =A21 -> Arum | F21: 19
... A26: Lira Palwo | B26: Agago | C26: Agago | D26: =A26 -> Lira Palwo | F26: 24
A27: LIIRA | D27: =A27 -> LIIRA | F27: 24
A28: Lokole | B28: Agago | C28: Agago | D28: =A28 -> Lokole | F28: 25
A29: Omiya Pacwa | B29: Agago | C29: Agago | D29: =A29 -> Omiya Pacwa | F29: 26
A30: Omot | B30: Agago | C30: Agago | D30: =A30 -> Omot | F30: 27
A31: Paimol | B31: Agago | C31: Agago | D31: =A31 -> Paimol | F31: 28
A32: Parabongo | B32: Agago | C32: Agago | D32: =A32 -> Parabongo | F32: 29
A33: Patongo | B33: Agago | C33: Agago | D33: =A33 -> Patongo | F33: 30
A34: Patongo Town Council | B34: Agago | C34: Agago | D34: =A34 -> Patongo Town Council | F34: 31
A35: Wol | B35: Agago | C35: Agago | D35: =A35 -> Wol | F35: 32
A36: Abako | B36: Alebtong | C36: Moroto | D36: =A36 -> Abako | F36: 33
A37: Abia | B37: Alebtong | C37: Moroto | D37: =A37 -> Abia | F37: 34
A38: Akura | B38: Alebtong | C38: Moroto | D38: =A38 -> Akura | F38: 35
A39: Alebtong Town Council | B39: Alebtong | C39: Moroto | D39: =A39 -> Alebtong Town Council | F39: 36
... A85: Apac Muicipality | B85: Apac | C85: Apac Municipality | D85: =A85 -> Apac Muicipality | F85: 82
A86: APAC | D86: =A86 -> APAC | F86: 82
A87: Chawente | B87: Apac | C87: Kwania | D87: =A87 -> Chawente | F87: 83
A88: Chegere | B88: Apac | C88: Maruzi | D88: =A88 -> Chegere | F88: 84
A89: Ibuje | B89: Apac | C89: Maruzi | D89: =A89 -> Ibuje | F89: 85
A90: Inomo | B90: Apac | C90: Kwania | D90: =A90 -> Inomo | F90: 86
A91: Nambieso | B91: Apac | C91: Kwania | D91: =A91 -> Nambieso | F91: 87
A92: Adumi | B92: Arua | C92: Ayivu | D92: =A92 -> Adumi | F92: 88
A93: Aii-Vu | B93: Arua | C93: Terego | D93: =A93 -> Aii-Vu | F93: 89
A94: Ajia | B94: Arua | C94: Vurra | D94: =A94 -> Ajia | F94: 90
A95: Anyiribu | B95: Arua | C95: Madi Okollo | D95: =A95 -> Anyiribu | F95: 91
A96: Arivu | B96: Arua | C96: Vurra | D96: =A96 -> Arivu | F96: 92
A97: Aroi | B97: Arua | C97: Ayivu | D97: =A97 -> Aroi | F97: 93
A98: Arua Municipality | B98: Arua | C98: Arua Municipality | D98: =A98 -> Arua Municipality | F98: 94
A99: ARUA | D99: =A99 -> ARUA | F99: 94
A100: ARUA TOWN | D100: =A100 -> ARUA TOWN | F100: 94
A101: Ayivuni | B101: Arua | C101: Ayivu | D101: =A101 -> Ayivuni | F101: 95
A102: Bileafe | B102: Arua | C102: Terego | D102: =A102 -> Bileafe | F102: 96
A103: Dadamu | B103: Arua | C103: Ayivu | D103: =A103 -> Dadamu | F103: 97
A104: Ewanga | B104: Arua | C104: Madi Okollo | D104: =A104 -> Ewanga | F104: 98
A105: Katrini | B105: Arua | C105: Terego | D105: =A105 -> Katrini | F105: 99
A106: Logiri | B106: Arua | C106: Vurra | D106: =A106 -> Logiri | F106: 100
A107: Manibe | B107: Arua | C107: Ayivu | D107: =A107 -> Manibe | F107: 101
A108: Odupi | B108: Arua | C108: Terego | D108: =A108 -> Odupi | F108: 102
A109: Offaka | B109: Arua | C109: Madi Okollo | D109: =A109 -> Offaka | F109: 103
A110: Ogoko | B110: Arua | C110: Madi Okollo | D110: =A110 -> Ogoko | F110: 104
A111: Okollo | B111: Arua | C111: Madi Okollo | D111: =A111 -> Okollo | F111: 105
A112: Oluko | B112: Arua | C112: Ayivu | D112: =A112 -> Oluko | F112: 106
... A151: Bugiri Municipality | B151: Bugiri | C151: Bugiri Municipality | D151: =A151 -> Bugiri Municipality | F151: 145
A152: Bugiri | D152: =A152 -> Bugiri | F152: 145
A153: Bulesa | B153: Bugiri | C153: Bukooli North | D153: =A153 -> Bulesa | F153: 146
A154: Bulidha | B154: Bugiri | C154: Bukooli North | D154: =A154 -> Bulidha | F154: 147
A155: Buluguyi | B155: Bugiri | C155: Bukooli North | D155: =A155 -> Buluguyi | F155: 148
A156: Buwunga-Bugiri | B156: Bugiri | C156: Bukooli North | D156: =A156 -> Buwunga-Bugiri | F156: 149
A157: Iwemba | B157: Bugiri | C157: Bukooli North | D157: =A157 -> Iwemba | F157: 150
A158: Kapyanga | B158: Bugiri | C158: Bukooli North | D158: =A158 -> Kapyanga | F158: 151
A159: Muterere | B159: Bugiri | C159: Bukooli North | D159: =A159 -> Muterere | F159: 152
A160: Nabukalu | B160: Bugiri | C160: Bukooli North | D160: =A160 -> Nabukalu | F160: 153
A161: Nankoma | B161: Bugiri | C161: Bukooli North | D161: =A161 -> Nankoma | F161: 154
A162: Bihanga-Buhweju | B162: Buhweju | C162: Buhweju | D162: =A162 -> Bihanga-Buhweju | F162: 155
A163: Bitsya | B163: Buhweju | C163: Buhweju | D163: =A163 -> Bitsya | F163: 156
A164: Burere | B164: Buhweju | C164: Buhweju | D164: =A164 -> Burere | F164: 157
... A172: Lugazi Municipality | B172: Buikwe | C172: Lugazi Municipality | D172: =A172 -> Lugazi Municipality | F172: 165
A173: LUGAZI | D173: =A173 -> LUGAZI | F173: 165
A174: Kawolo | D174: =A174 -> Kawolo | F174: 165
A175: Najja | B175: Buikwe | C175: Buikwe | D175: =A175 -> Najja | F175: 166
A176: Najja road | D176: =A176 -> Najja road | F176: 166
A177: Ngogwe | B177: Buikwe | C177: Buikwe | D177: =A177 -> Ngogwe | F177: 167
A178: Njeru Municipality | B178: Buikwe | C178: Njeru Municipality | D178: =A178 -> Njeru Municipality | F178: 168
A179: Nkokonjeru Town Council | B179: Buikwe | C179: Buikwe | D179: =A179 -> Nkokonjeru Town Council | F179: 169
A180: Nkokonjeru | D180: =A180 -> Nkokonjeru | F180: 169
A181: Ssi-Bukunja | B181: Buikwe | C181: Buikwe | D181: =A181 -> Ssi-Bukunja | F181: 170
A182: Bukedea | B182: Bukedea | C182: Bukedea | D182: =A182 -> Bukedea | F182: 171
A183: Bukedea Town Council | B183: Bukedea | C183: Bukedea | D183: =A183 -> Bukedea Town Council | F183: 172
A184: Kachumbala | B184: Bukedea | C184: Bukedea | D184: =A184 -> Kachumbala | F184: 173
A185: Kidongole | B185: Bukedea | C185: Bukedea | D185: =A185 -> Kidongole | F185: 174
A186: Kolir | B186: Bukedea | C186: Bukedea | D186: =A186 -> Kolir | F186: 175
A187: Malera | B187: Bukedea | C187: Bukedea | D187: =A187 -> Malera | F187: 176
A188: Bigasa | B188: Bukomansimbi | C188: Bukomansimbi | D188: =A188 -> Bigasa | F188: 177
A189: Bukomansimbi Town Council | B189: Bukomansimbi | C189: Bukomansimbi | D189: =A189 -> Bukomansimbi Town Council | F189: 178
A190: BUKOMANSIMBI | D190: =A190 -> BUKOMANSIMBI | F190: 178
A191: Butenga | B191: Bukomansimbi | C191: Bukomansimbi | D191: =A191 -> Butenga | F191: 179
A192: Kibinge | B192: Bukomansimbi | C192: Bukomansimbi | D192: =A192 -> Kibinge | F192: 180
A193: Kitanda | B193: Bukomansimbi | C193: Bukomansimbi | D193: =A193 -> Kitanda | F193: 181
A194: Bukwo | B194: Bukwo | C194: Kongasis | D194: =A194 -> Bukwo | F194: 182
...

Sheet 11.10 KITEMU-BUDDO
B1: Consultancy services for Preparation of Expressway Development Master Plan (EDMP) for Uganda
B2: Roadside OD Interview Survey
B4: Date: | C4: ='ALL DATA'!C4 -> 11.10.19 | E4: Road Name: | F4: ='ALL DATA'!F4:G4 -> BUDO ROAD | I4: Direction From: | L4: KITEMU | N4: Interviewers: | O4: NDAHURA JOHN, CLAIRE | V4: Supervisor: | W4: ='ALL DATA'!W4 -> FLORENCE | Y4: Coded By: | Z4: ='ALL DATA'!Z4 -> DAVID | AA4: Chkd By: | AB4: ='ALL DATA'!AB4 -> Bakole Deo
I5: Direction To: | L5: BUDDO
B7: Time | C7: Veh_Reg_No. | D7: Veh_Type | E7: No. Occupants | F7: Origin_Address | I7: Origin_Establish | J7: Origin_Purpose | K7: Origin-Purpose Desc | L7: Destination_Address | O7: Destination_Establish | P7: Destination_Purpose | Q7: Destination_Purpose Desc | R7: Journey_Purpose | S7: Approx_Distance (Km) | T7: Approx_Journey Time (Hrs) | U7: Trip_Frequency | V7: GOODS VEHICLES ONLY | Y7: Would You Use Xpressways? | Z7: Pay How Much? (UGX) | AA7: Origin_Zone | AB7: Dest_Zone
F8: Village or Town | G8: District | H8: Country | L8: Village or Town | M8: District | N8: Country | V8: Goods_Type | W8: Goods_Quantity (Ton) | X8: Goods_Value (UGXm)
B9: 0.33333333 | C9: UAK 328W | D9: 1 | E9: 1 | F9: KITEMU | G9: WAKISO | H9: UGA | I9: 11 | J9: 6 | K9: =VLOOKUP(J9,Key!$E$2:$F$9,2,FALSE) -> Leisure/Social | L9: KIVU | M9: WAKISO | N9: UGA | O9: 1 | P9: 1 | Q9: =VLOOKUP(P9,Key!$E$2:$F$9,2,FALSE) -> Home | R9: =K9&"-"&Q9 -> Leisure/Social-Home | S9: 0.5 | T9: 0.1 | U9: 2 | Y9: Y | Z9: 0
B10: 0.35416667 | C10: UAX 109X | D10: 1 | E10: 1 | F10: KITEMU | G10: WAKISO | H10: UGA | I10: 11 | J10: 6 | K10: =VLOOKUP(J10,Key!$E$2:$F$9,2,FALSE) -> Leisure/Social | L10: KIVU | M10: WAKISO | N10: UGA | O10: 1 | P10: 1 | Q10: =VLOOKUP(P10,Key!$E$2:$F$9,2,FALSE) -> Home | R10: =K10&"-"&Q10 -> Leisure/Social-Home | S10: 1 | T10: 0.1 | U10: 2 | Y10: Y | Z10: 0
B11: 0.375 | C11: UAP 700B | D11: 1 | E11: 1 | F11: NSANGI | G11: WAKISO | H11: UGA | I11: 2 | J11: 2 | K11: =VLOOKUP(J11,Key!$E$2:$F$9,2,FALSE) -> Work | L11: KAJJANSI | M11: WAKISO | N11: UGA | O11: 2 | P11: 2 | Q11: =VLOOKUP(P11,Key!$E$2:$F$9,2,FALSE) -> Work | R11: =K11&"-"&Q11 -> Work-Work | S11: 8 | T11: 0.3 | U11: 2 | Y11: Y | Z11: 1000
B12: 0.38541667 | C12: UAM 780X | D12: 2 | E12: 2 | F12: KYENGERA | G12: WAKISO | H12: UGA | I12: 2 | J12: 2 | K12: =VLOOKUP(J12,Key!$E$2:$F$9,2,FALSE) -> Work | L12: KIMBEJJA | M12: WAKISO | N12: UGA | O12: 1 | P12: 1 | Q12: =VLOOKUP(P12,Key!$E$2:$F$9,2,FALSE) -> Home | R12: =K12&"-"&Q12 -> Work-Home | S12: 6 | T12: 0.6 | U12: 2 | Y12: Y | Z12: 1000
B13: 0.38888889 | C13: UAH 648U | D13: 1 | E13: 1 | F13: KITEMU | G13: WAKISO | H13: UGA | I13: 1 | J13: 1 | K13: =VLOOKUP(J13,Key!$E$2:$F$9,2,FALSE) -> Home | L13: KIVU | M13: WAKISO | N13: UGA | O13: 2 | P13: 2 | Q13: =VLOOKUP(P13,Key!$E$2:$F$9,2,FALSE) -> Work | R13: =K13&"-"&Q13 -> Home-Work | S13: 3 | T13: 0.5 | U13: 2 | Y13: Y | Z13: 1000
B14: 0.41597222 | C14: UAS 954T | D14: 7 | E14: 2 | F14: NATEETE | G14: KAMPALA | H14: UGA | I14: 2 | J14: 2 | K14: =VLOOKUP(J14,Key!$E$2:$F$9,2,FALSE) -> Work | L14: KITEMU | M14: WAKISO | N14: UGA | O14: 12 | P14: 4 | Q14: =VLOOKUP(P14,Key!$E$2:$F$9,2,FALSE) -> Commercial | R14: =K14&"-"&Q14 -> Work-Commercial | S14: 8 | T14: 1 | U14: 4 | V14: 11 | Y14: Y | Z14: 1000
B15: 0.42708333 | C15: UAW 283W | D15: 4 | E15: 2 | F15: MUTUKULA | G15: MASAKA | H15: UGA | I15: 2 | J15: 2 | K15: =VLOOKUP(J15,Key!$E$2:$F$9,2,FALSE) -> Work | L15: KAMPALA | M15: WAKISO | N15: UGA | O15: 2 | P15: 2 | Q15: =VLOOKUP(P15,Key!$E$2:$F$9,2,FALSE) -> Work | R15: =K15&"-"&Q15 -> Work-Work | S15: 120 | T15: 2 | U15: 2 | Y15: Y | Z15: 0
B16: 0.4375 | C16: UAQ 301U | D16: 2 | E16: 1 | F16: BUSEGA | G16: KAMPALA | H16: UGA | I16: 1 | J16: 1 | K16: =VLOOKUP(J16,Key!$E$2:$F$9,2,FALSE) -> Home | L16: KITEMU | M16: WAKISO | N16: UGA | O16: 1 | P16: 1 | Q16: =VLOOKUP(P16,Key!$E$2:$F$9,2,FALSE) -> Home | R16: =K16&"-"&Q16 -> Home-Home | S16: 10 | T16: 0.5 | U16: 2 | Y16: Y | Z16: 0
B17: 0.44097222 | C17: UBF 278K | D17: 7 | E17: 6 | F17: KITEMU | G17: WAKISO | H17: UGA | I17: 2 | J17: 2 | K17: =VLOOKUP(J17,Key!$E$2:$F$9,2,FALSE) -> Work | L17: KIVU | M17: WAKISO | N17: UGA | O17: 16 | P17: 2 | Q17: =VLOOKUP(P17,Key!$E$2:$F$9,2,FALSE) -> Work | R17: =K17&"-"&Q17 -> Work-Work | S17: 1 | T17: 0.2 | U17: 1 | V17: 12 | W17: 0.5 | X17: 6 | Y17: Y | Z17: 0
B18: 0.45694444 | C18: UAT 423T | D18: 7 | E18: 2 | F18: MAKINDYE | G18: KAMPALA | H18: UGA | I18: 16 | J18: 2 | K18: =VLOOKUP(J18,Key!$E$2:$F$9,2,FALSE) -> Work | L18: MAYA | M18: WAKISO | N18: UGA | O18: 16 | P18: 2 | Q18: =VLOOKUP(P18,Key!$E$2:$F$9,2,FALSE) -> Work | R18: =K18&"-"&Q18 -> Work-Work | S18: 6 | T18: 5 | U18: 3 | V18: 12 | W18: 0.5 | X18: 5 | Y18: Y | Z18: 500
B19: 0.45833333 | C19: UAW 517B | D19: 7 | E19: 2 | F19: KAMENGO | G19: KALUNGU | H19: UGA | I19: 2 | J19: 2 | K19: =VLOOKUP(J19,Key!$E$2:$F$9,2,FALSE) -> Work | L19: KITEMU | M19: WAKISO | N19: UGA | O19: 2 | P19: 2 | Q19: =VLOOKUP(P19,Key!$E$2:$F$9,2,FALSE) -> Work | R19: =K19&"-"&Q19 -> Work-Work | S19: 28 | T19: 1 | U19: 1 | V19: 4 | W19: 1 | X19: 0.45 | Y19: Y | Z19: 1000
B20: 0.46180556 | C20: UAT 585A | D20: 1 | E20: 2 | F20: KITEMU | G20: WAKISO | H20: UGA | I20: 11 | J20: 4 | K20: =VLOOKUP(J20,Key!$E$2:$F$9,2,FALSE) -> Commercial | L20: BUDDO | M20: WAKISO | N20: UGA | O20: 1 | P20: 1 | Q20: =VLOOKUP(P20,Key!$E$2:$F$9,2,FALSE) -> Home | R20: =K20&"-"&Q20 -> Commercial-Home | S20: 1.5 | T20: 0.5 | U20: 1 | Y20: Y | Z20: 1000
B21: 0.47569444 | C21: UAX 575R | D21: 7 | E21: 2 | F21: KITEMU | G21: WAKISO | H21: UGA | I21: 2 | J21: 2 | K21: =VLOOKUP(J21,Key!$E$2:$F$9,2,FALSE) -> Work | L21: KIVU | M21: WAKISO | N21: UGA | O21: 16 | P21: 2 | Q21: =VLOOKUP(P21,Key!$E$2:$F$9,2,FALSE) -> Work | R21: =K21&"-"&Q21 -> Work-Work | S21: 1 | T21: 0.1 | U21: 1 | V21: 6 | W21: 0.5 | X21: 3 | Y21: Y | Z21: 0
B22: 0.48958333 | C22: UBE 390R | D22: 1 | E22: 1 | F22: MPIGI | G22: MPIGI | H22: UGA | I22: 2 | J22: 2 | K22: =VLOOKUP(J22,Key!$E$2:$F$9,2,FALSE) -> Work | L22: KIVU | M22: WAKISO | N22: UGA | O22: 1 | P22: 1 | Q22: =VLOOKUP(P22,Key!$E$2:$F$9,2,FALSE) -> Home | R22: =K22&"-"&Q22 -> Work-Home | S22: 2 | T22: 1 | U22: 1 | Y22: Y | Z22: 1000
B23: 0.49652778 | C23: UBE 277E | D23: 7 | E23: 3 | F23: HOIMA | G23: HOIMA | H23: UGA | I23: 16 | J23: 2 | K23: =VLOOKUP(J23,Key!$E$2:$F$9,2,FALSE) -> Work | L23: KISOZI | M23: WAKISO | N23: UGA | O23: 16 | P23: 2 | Q23: =VLOOKUP(P23,Key!$E$2:$F$9,2,FALSE) -> Work | R23: =K23&"-"&Q23 -> Work-Work | S23: 175 | T23: 6 | U23: 4 | V23: 6 | W23: 1.5 | X23: 0.8 | Y23: Y | Z23: 2000
B24: 0.50347222 | C24: UBB 161D | D24: 4 | E24: 14 | F24: NABBINGO | G24: WAKISO | H24: UGA | I24: 4 | J24: 2 | K24: =VLOOKUP(J24,Key!$E$2:$F$9,2,FALSE) -> Work | L24: BUDDO | M24: WAKISO | N24: UGA | O24: 4 | P24: 2 | Q24: =VLOOKUP(P24,Key!$E$2:$F$9,2,FALSE) -> Work | R24: =K24&"-"&Q24 -> Work-Work | S24: 10 | T24: 0.7 | U24: 1 | Y24: Y | Z24: 0
B25: 0.51388889 | C25: UBD 947P | D25: 2 | E25: 2 | F25: KAMPALA | G25: KAMPALA | H25: UGA | I25: 2 | J25: 2 | K25: =VLOOKUP(J25,Key!$E$2:$F$9,2,FALSE) -> Work | L25: KIVU | M25: WAKISO | N25: UGA | O25: 1 | P25: 1 | Q25: =VLOOKUP(P25,Key!$E$2:$F$9,2,FALSE) -> Home | R25: =K25&"-"&Q25 -> Work-Home | S25: 10 | T25: 0.2 | U25: 1 | Y25: Y | Z25: 0
B26: 0.51527778 | C26: UBB 023P | D26: 4 | E26: 2 | F26: NSANGI | G26: WAKISO | H26: UGA | I26: 16 | J26: 2 | K26: =VLOOKUP(J26,Key!$E$2:$F$9,2,FALSE) -> Work | L26: BUDDO | M26: WAKISO | N26: UGA | O26: 6 | P26: 2 | Q26: =VLOOKUP(P26,Key!$E$2:$F$9,2,FALSE) -> Work | R26: =K26&"-"&Q26 -> Work-Work | S26: 2 | T26: 0.5 | U26: 1 | Y26: Y | Z26: 0
B27: 0.52777778 | C27: UAT 015P | D27: 1 | E27: 1 | F27: KITEMU | G27: WAKISO | H27: UGA | I27: 11 | J27: 4 | K27: =VLOOKUP(J27,Key!$E$2:$F$9,2,FALSE) -> Commercial | L27: KIVU | M27: WAKISO | N27: UGA | O27: 1 | P27: 1 | Q27: =VLOOKUP(P27,Key!$E$2:$F$9,2,FALSE) -> Home | R27: =K27&"-"&Q27 -> Commercial-Home | S27: 0.5 | T27: 0.1 | U27: 1 | Y27: Y | Z27: 0
B28: 0.53125 | C28: UBB 925R | D28: 2 | E28: 4 | F28: BUSEGA | G28: KAMPALA | H28: UGA | I28: 12 | J28: 4 | K28: =VLOOKUP(J28,Key!$E$2:$F$9,2,FALSE) -> Commercial | L28: KIVU | M28: WAKISO | N28: UGA | O28: 1 | P28: 1 | Q28: =VLOOKUP(P28,Key!$E$2:$F$9,2,FALSE) -> Home | R28: =K28&"-"&Q28 -> Commercial-Home | S28: 2 | T28: 0.7 | U28: 1 | Y28: Y | Z28: 1000
B29: 0.53263889 | C29: UAL 552Y | D29: 2 | E29: 2 | F29: BUSEGA | G29: KAMPALA | H29: UGA | I29: 7 | J29: 4 | K29: =VLOOKUP(J29,Key!$E$2:$F$9,2,FALSE) -> Commercial | L29: KITEMU | M29: WAKISO | N29: UGA | O29: 1 | P29: 1 | Q29: =VLOOKUP(P29,Key!$E$2:$F$9,2,FALSE) -> Home | R29: =K29&"-"&Q29 -> Commercial-Home | S29: 10 | T29: 0.7 | U29: 1 | Y29: Y | Z29: 1000
B30: 0.53472222 | C30: UAR 672B | D30: 1 | E30: 1 | F30: NATEETE | G30: KAMPALA | H30: UGA | I30: 7 | J30: 4 | K30: =VLOOKUP(J30,Key!$E$2:$F$9,2,FALSE) -> Commercial | L30: KITEMU | M30: WAKISO | N30: UGA | O30: 1 | P30: 1 | Q30: =VLOOKUP(P30,Key!$E$2:$F$9,2,FALSE) -> Home | R30: =K30&"-"&Q30 -> Commercial-Home | S30: 20 | T30: 1 | U30: 1 | Y30: Y | Z30: 0
B31: 0.54166667 | C31: UAG 225H | D31: 2 | E31: 4 | F31: KITEMU | G31: WAKISO | H31: UGA | I31: 1 | J31: 1 | K31: =VLOOKUP(J31,Key!$E$2:$F$9,2,FALSE) -> Home | L31: BUDDO | M31: WAKISO | N31: UGA | O31: 2 | P31: 2 | Q31: =VLOOKUP(P31,Key!$E$2:$F$9,2,FALSE) -> Work | R31: =K31&"-"&Q31 -> Home-Work | S31: 10 | T31: 0.5 | U31: 1 | Y31: Y | Z31: 1000
B32: 0.53819444 | C32: UAJ 522M | D32: 1 | E32: 2 | F32: KAMPALA | G32: KAMPALA | H32: UGA | I32: 2 | J32: 2 | K32: =VLOOKUP(J32,Key!$E$2:$F$9,2,FALSE) -> Work | L32: KISOZI | M32: WAKISO | N32: UGA | O32: 2 | P32: 2 | Q32: =VLOOKUP(P32,Key!$E$2:$F$9,2,FALSE) -> Work | R32: =K32&"-"&Q32 -> Work-Work | S32: 10 | T32: 0.1 | U32: 3 | Y32: Y | Z32: 0
B33: 0.54513889 | C33: UAY 469H | D33: 7 | E33: 3 | F33: KITEMU | G33: WAKISO | H33: UGA | I33: 12 | J33: 2 | K33: =VLOOKUP(J33,Key!$E$2:$F$9,2,FALSE) -> Work | L33: KIVU | M33: WAKISO | N33: UGA | O33: 10 | P33: 4 | Q33: =VLOOKUP(P33,Key!$E$2:$F$9,2,FALSE) -> Commercial | R33: =K33&"-"&Q33 -> Work-Commercial | S33: 0.5 | T33: 0.1 | U33: 3 | V33: 4 | W33: 1 | X33: 8 | Y33: Y | Z33: 1000
B34: 0.54861111 | C34: UAH 732F | D34: 2 | E34: 2 | F34: NSANGI | G34: WAKISO | H34: UGA | I34: 2 | J34: 2 | K34: =VLOOKUP(J34,Key!$E$2:$F$9,2,FALSE) -> Work | L34: KISOZI | M34: WAKISO | N34: UGA | O34: 2 | P34: 2 | Q34: =VLOOKUP(P34,Key!$E$2:$F$9,2,FALSE) -> Work | R34: =K34&"-"&Q34 -> Work-Work | S34: 4 | T34: 0.5 | U34: 1 | Y34: Y | Z34: 0
B35: 0.55208333 | C35: UAZ 476B | D35: 1 | E35: 1 | F35: NSANGI | G35: WAKISO | H35: UGA | I35: 1 | J35: 1 | K35: =VLOOKUP(J35,Key!$E$2:$F$9,2,FALSE) -> Home | L35: NAKAWUKA | M35: WAKISO | N35: UGA | O35: 2 | P35: 2 | Q35: =VLOOKUP(P35,Key!$E$2:$F$9,2,FALSE) -> Work | R35: =K35&"-"&Q35 -> Home-Work | S35: 10 | T35: 1 | U35: 3 | Y35: Y | Z35: 3000
B36: 0.55 | C36: UAZ 331T | D36: 4 | E36: 2 | F36: KITEMU | G36: WAKISO | H36: UGA | I36: 16 | J36: 2 | K36: =VLOOKUP(J36,Key!$E$2:$F$9,2,FALSE) -> Work | L36: BUDDO | M36: WAKISO | N36: UGA | O36: 6 | P36: 4 | Q36: =VLOOKUP(P36,Key!$E$2:$F$9,2,FALSE) -> Commercial | R36: =K36&"-"&Q36 -> Work-Commercial | S36: 6 | T36: 0.3 | U36: 1 | Y36: Y | Z36: 0
B37: 0.55486111 | C37: UAT 908V | D37: 4 | E37: 3 | F37: KITEMU | G37: WAKISO | H37: UGA | I37: 16 | J37: 2 | K37: =VLOOKUP(J37,Key!$E$2:$F$9,2,FALSE) -> Work | L37: BUDDO | M37: WAKISO | N37: UGA | O37: 6 | P37: 2 | Q37: =VLOOKUP(P37,Key!$E$2:$F$9,2,FALSE) -> Work | R37: =K37&"-"&Q37 -> Work-Work | S37: 6 | T37: 0.2 | U37: 1 | Y37: Y | Z37: 0
B38: 0.55763889 | C38: UAW 446Z | D38: 1 | E38: 2 | F38: BUSEGA | G38: KAMPALA | H38: UGA | I38: 2 | J38: 2 | K38: =VLOOKUP(J38,Key!$E$2:$F$9,2,FALSE) -> Work | L38: KIVU | M38: WAKISO | N38: UGA | O38: 2 | P38: 2 | Q38: =VLOOKUP(P38,Key!$E$2:$F$9,2,FALSE) -> Work | R38: =K38&"-"&Q38 -> Work-Work | S38: 10 | T38: 0.7 | U38: 3 | Y38: Y | Z38: 2000
B39: 0.55902778 | C39: UAM 589H | D39: 1 | E39: 1 | F39: NSANGI | G39: WAKISO | H39: UGA | I39: 2 | J39: 2 | K39: =VLOOKUP(J39,Key!$E$2:$F$9,2,FALSE) -> Work | L39: KISOZI | M39: WAKISO | N39: UGA | O39: 4 | P39: 4 | Q39: =VLOOKUP(P39,Key!$E$2:$F$9,2,FALSE) -> Commercial | R39: =K39&"-"&Q39 -> Work-Commercial | S39: 3 | T39: 1 | U39: 1 | Y39: Y | Z39: 0
B40: 0.5625 | C40: UBC 438R | D40: 2 | E40: 1 | F40: NSANGI | G40: WAKISO | H40: UGA | I40: 2 | J40: 2 | K40: =VLOOKUP(J40,Key!$E$2:$F$9,2,FALSE) -> Work | L40: KISOZI | M40: WAKISO | N40: UGA | O40: 2 | P40: 2 | Q40: =VLOOKUP(P40,Key!$E$2:$F$9,2,FALSE) -> Work | R40: =K40&"-"&Q40 -> Work-Work | S40: 4 | T40: 1 | U40: 1 | Y40: Y | Z40: 2000
B41: 0.56944444 | C41: UAH 862K | D41: 7 | E41: 1 | F41: NABBINGO | G41: WAKISO | H41: UGA | I41: 2 | J41: 2 | K41: =VLOOKUP(J41,Key!$E$2:$F$9,2,FALSE) -> Work | L41: KITEMU | M41: WAKISO | N41: UGA | O41: 16 | P41: 6 | Q41: =VLOOKUP(P41,Key!$E$2:$F$9,2,FALSE) -> Leisure/Social | R41: =K41&"-"&Q41 -> Work-Leisure/Social | S41: 3 | T41: 0.1 | U41: 1 | V41: 11 | Y41: Y | Z41: 0
B42: 0.57291667 | C42: UAY 754K | D42: 1 | E42: 2 | F42: KITEMU | G42: WAKISO | H42: UGA | I42: 6 | J42: 2 | K42: =VLOOKUP(J42,Key!$E$2:$F$9,2,FALSE) -> Work | L42: KITEMU | M42: WAKISO | N42: UGA | O42: 1 | P42: 1 | Q42: =VLOOKUP(P42,Key!$E$2:$F$9,2,FALSE) -> Home | R42: =K42&"-"&Q42 -> Work-Home | S42: 0.5 | T42: 0.1 | Y42: Y | Z42: 0
B43: 0.57638889 | C43: UBA 243P | D43: 2 | E43: 3 | F43: KITEMU | G43: WAKISO | H43: UGA | I43: 11 | J43: 4 | K43: =VLOOKUP(J43,Key!$E$2:$F$9,2,FALSE) -> Commercial | L43: KIVU | M43: WAKISO | N43: UGA | O43: 1 | P43: 1 | Q43: =VLOOKUP(P43,Key!$E$2:$F$9,2,FALSE) -> Home | R43: =K43&"-"&Q43 -> Commercial-Home | S43: 1 | T43: 0.1 | U43: 1 | Y43: Y | Z43: 5000
B44: 0.57777778 | C44: UAQ 454K | D44: 7 | E44: 2 | F44: KITEMU | G44: WAKISO | H44: UGA | I44: 2 | J44: 2 | K44: =VLOOKUP(J44,Key!$E$2:$F$9,2,FALSE) -> Work | L44: KIVU | M44: WAKISO | N44: UGA | O44: 1 | P44: 1 | Q44: =VLOOKUP(P44,Key!$E$2:$F$9,2,FALSE) -> Home | R44: =K44&"-"&Q44 -> Work-Home | S44: 3 | T44: 0.5 | U44: 1 | V44: 11 | Y44: Y | Z44: 0
B45: 0.61180556 | C45: UBC 106D | D45: 1 | E45: 1 | F45: NSANGI | G45: WAKISO | H45: UGA | I45: 2 | J45: 2 | K45: =VLOOKUP(J45,Key!$E$2:$F$9,2,FALSE) -> Work | L45: NAKAWUKA | M45: WAKISO | N45: UGA | O45: 16 | P45: 6 | Q45: =VLOOKUP(P45,Key!$E$2:$F$9,2,FALSE) -> Leisure/Social | R45: =K45&"-"&Q45 -> Work-Leisure/Social | S45: 8 | T45: 0.3 | U45: 3 | Y45: Y | Z45: 0
B46: 0.61458333 | C46: UAP 595X | D46: 8 | E46: 1 | F46: KAMENGO | G46: KALUNGU | H46: UGA | I46: 3 | J46: 4 | K46: =VLOOKUP(J46,Key!$E$2:$F$9,2,FALSE) -> Commercial | L46: BUDDO | M46: WAKISO | N46: UGA | O46: 10 | P46: 4 | Q46: =VLOOKUP(P46,Key!$E$2:$F$9,2,FALSE) -> Commercial | R46: =K46&"-"&Q46 -> Commercial-Commercial | S46: 40 | T46: 2.5 | U46: 1 | V46: 4 | W46: 12 | X46: 0.1 | Y46: Y | Z46: 0
B47: 0.61736111 | C47: UAL 269F | D47: 2 | E47: 3 | F47: NATEETE | G47: KAMPALA | H47: UGA | I47: 3 | J47: 4 | K47: =VLOOKUP(J47,Key!$E$2:$F$9,2,FALSE) -> Commercial | L47: KITEMU | M47: WAKISO | N47: UGA | O47: 10 | P47: 4 | Q47: =VLOOKUP(P47,Key!$E$2:$F$9,2,FALSE) -> Commercial | R47: =K47&"-"&Q47 -> Commercial-Commercial | S47: 15 | T47: 2 | U47: 1 | Y47: Y | Z47: 0
B48: 0.62152778 | C48: UAJ 519J | D48: 1 | E48: 5 | F48: ZZANA | G48: WAKISO | H48: UGA | I48: 2 | J48: 2 | K48: =VLOOKUP(J48,Key!$E$2:$F$9,2,FALSE) -> Work | L48: NAKAWUKA | M48: WAKISO | N48: UGA | O48: 1 | P48: 1 | Q48: =VLOOKUP(P48,Key!$E$2:$F$9,2,FALSE) -> Home | R48: =K48&"-"&Q48 -> Work-Home | S48: 20 | T48: 1.5 | U48: 1 | Y48: Y | Z48: 1000
B49: 0.625 | C49: UAN 478N | D49: 2 | E49: 2 | F49: MPIGI | G49: MPIGI | H49: UGA | I49: 2 | J49: 2 | K49: =VLOOKUP(J49,Key!$E$2:$F$9,2,FALSE) -> Work | L49: NAKAWUKA | M49: WAKISO | N49: UGA | O49: 1 | P49: 1 | Q49: =VLOOKUP(P49,Key!$E$2:$F$9,2,FALSE) -> Home | R49: =K49&"-"&Q49 -> Work-Home | S49: 15 | T49: 1 | U49: 3 | Y49: Y | Z49: 0
B50: 0.63541667 | C50: UBE 551E | D50: 2 | E50: 1 | F50: NAKAWA | G50: KAMPALA | H50: UGA | I50: 2 | J50: 2 | K50: =VLOOKUP(J50,Key!$E$2:$F$9,2,FALSE) -> Work | L50: KIVU | M50: WAKISO | N50: UGA | O50: 1 | P50: 1 | Q50: =VLOOKUP(P50,Key!$E$2:$F$9,2,FALSE) -> Home | R50: =K50&"-"&Q50 -> Work-Home | S50: 8 | T50: 1 | U50: 1 | Y50: Y | Z50: 4000
B51: 0.6375 | C51: UAW 790L | D51: 7 | E51: 2 | F51: KITEMU | G51: WAKISO | H51: UGA | I51: 6 | J51: 4 | K51: =VLOOKUP(J51,Key!$E$2:$F$9,2,FALSE) -> Commercial | L51: BUDDO | M51: WAKISO | N51: UGA | O51: 6 | P51: 4 | Q51: =VLOOKUP(P51,Key!$E$2:$F$9,2,FALSE) -> Commercial | R51: =K51&"-"&Q51 -> Commercial-Commercial | S51: 4 | T51: 0.7 | U51: 1 | V51: 11 | Y51: Y | Z51: 1000
B52: 0.64236111 | C52: UAV 127S | D52: 7 | E52: 4 | F52: KITEMU | G52: WAKISO | H52: UGA | I52: 6 | J52: 4 | K52: =VLOOKUP(J52,Key!$E$2:$F$9,2,FALSE) -> Commercial | L52: KIVU | M52: WAKISO | N52: UGA | O52: 10 | P52: 4 | Q52: =VLOOKUP(P52,Key!$E$2:$F$9,2,FALSE) -> Commercial | R52: =K52&"-"&Q52 -> Commercial-Commercial | S52: 1 | T52: 0.1 | U52: 1 | V52: 11 | Y52: Y | Z52: 1000
B53: 0.66666667 | C53: UAH 854H | D53: 8 | E53: 1 | F53: NSANGI | G53: MPIGI | H53: UGA | I53: 3 | J53: 2 | K53: =VLOOKUP(J53,Key!$E$2:$F$9,2,FALSE) -> Work | L53: KISOZI | M53: WAKISO | N53: UGA | O53: 10 | P53: 2 | Q53: =VLOOKUP(P53,Key!$E$2:$F$9,2,FALSE) -> Work | R53: =K53&"-"&Q53 -> Work-Work | S53: 15 | T53: 1.5 | U53: 4 | V53: 11 | Y53: Y | Z53: 2000
B54: 0.68402778 | C54: UBF 069P | D54: 2 | E54: 1 | F54: KAMPALA | G54: KAMPALA | H54: UGA | I54: 1 | J54: 1 | K54: =VLOOKUP(J54,Key!$E$2:$F$9,2,FALSE) -> Home | L54: KITEMU | M54: WAKISO | N54: UGA | O54: 16 | P54: 6 | Q54: =VLOOKUP(P54,Key!$E$2:$F$9,2,FALSE) -> Leisure/Social | R54: =K54&"-"&Q54 -> Home-Leisure/Social | S54: 20 | T54: 0.7 | U54: 4 | Y54: N | Z54: 0
B55: 0.70486111 | C55: UAH 118W | D55: 1 | E55: 2 | F55: BUSEGA | G55: KAMPALA | H55: UGA | I55: 2 | J55: 2 | K55: =VLOOKUP(J55,Key!$E$2:$F$9,2,FALSE) -> Work | L55: NAKAWUKA | M55: WAKISO | N55: UGA | O55: 1 | P55: 1 | Q55: =VLOOKUP(P55,Key!$E$2:$F$9,2,FALSE) -> Home | R55: =K55&"-"&Q55 -> Work-Home | S55: 12 | T55: 0.7 | U55: 1 | Y55: Y | Z55: 2000
B56: 0.69930556 | C56: UAS 120W | D56: 1 | E56: 5 | F56: KAMPALA | G56: KAMPALA | H56: UGA | I56: 2 | J56: 2 | K56: =VLOOKUP(J56,Key!$E$2:$F$9,2,FALSE) -> Work | L56: KIVU | M56: WAKISO | N56: UGA | O56: 1 | P56: 1 | Q56: =VLOOKUP(P56,Key!$E$2:$F$9,2,FALSE) -> Home | R56: =K56&"-"&Q56 -> Work-Home | S56: 15 | T56: 0.7 | U56: 1 | Y56: Y | Z56: 5000
B57: 0.71041667 | C57: UAK 378B | D57: 7 | E57: 12 | F57: KITEMU | G57: WAKISO | H57: UGA | I57: 4 | J57: 2 | K57: =VLOOKUP(J57,Key!$E$2:$F$9,2,FALSE) -> Work | L57: BUDDO | M57: WAKISO | N57: UGA | O57: 4 | P57: 2 | Q57: =VLOOKUP(P57,Key!$E$2:$F$9,2,FALSE) -> Work | R57: =K57&"-"&Q57 -> Work-Work | S57: 5 | T57: 0.5 | U57: 1 | Y57: Y | Z57: 5000
B58: 0.71180556 | C58: UAP 461T | D58: 4 | E58: 14 | F58: NSANGI | G58: MPIGI | H58: UGA | I58: 4 | J58: 2 | K58: =VLOOKUP(J58,Key!$E$2:$F$9,2,FALSE) -> Work | L58: KIVU | M58: WAKISO | N58: UGA | O58: 4 | P58: 2 | Q58: =VLOOKUP(P58,Key!$E$2:$F$9,2,FALSE) -> Work | R58: =K58&"-"&Q58 -> Work-Work | S58: 8 | T58: 0.5 | U58: 1 | Y58: Y | Z58: 5000
B59: 0.72222222 | C59: UBD 886D | D59: 1 | E59: 2 | F59: KITEMU | G59: WAKISO | H59: UGA | I59: 4 | J59: 2 | K59: =VLOOKUP(J59,Key!$E$2:$F$9,2,FALSE) -> Work | L59: NABBINGO | M59: KAMPALA | N59: UGA | O59: 4 | P59: 2 | Q59: =VLOOKUP(P59,Key!$E$2:$F$9,2,FALSE) -> Work | R59: =K59&"-"&Q59 -> Work-Work | S59: 10 | T59: 0.7 | U59: 1 | Y59: Y | Z59: 5000
B60: 0.72986111 | C60: UAJ 117R | D60: 2 | E60: 2 | F60: KAMPALA | G60: KAMPALA | H60: UGA | I60: 2 | J60: 2 | K60: =VLOOKUP(J60,Key!$E$2:$F$9,2,FALSE) -> Work | L60: KISOZI | M60: WAKISO | N60: UGA | O60: 1 | P60: 1 | Q60: =VLOOKUP(P60,Key!$E$2:$F$9,2,FALSE) -> Home | R60: =K60&"-"&Q60 -> Work-Home | S60: 20 | T60: 1.5 | U60: 1 | Y60: Y | Z60: 0
B61: 0.73333333 | C61: UAJ 538Z | D61: 2 | E61: 1 | F61: BUSEGA | G61: KAMPALA | H61: UGA | I61: 2 | J61: 2 | K61: =VLOOKUP(J61,Key!$E$2:$F$9,2,FALSE) -> Work | L61: BUDDO | M61: WAKISO | N61: UGA | O61: 1 | P61: 1 | Q61: =VLOOKUP(P61,Key!$E$2:$F$9,2,FALSE) -> Home | R61: =K61&"-"&Q61 -> Work-Home | S61: 8 | T61: 0.7 | U61: 1 | Y61: Y | Z61: 0
B62: 0.73611111 | C62: UAJ 023M | D62: 7 | E62: 5 | F62: NSANGI | G62: MPIGI | H62: UGA | I62: 3 | J62: 4 | K62: =VLOOKUP(J62,Key!$E$2:$F$9,2,FALSE) -> Commercial | L62: KIVU | M62: WAKISO | N62: UGA | O62: 10 | P62: 4 | Q62: =VLOOKUP(P62,Key!$E$2:$F$9,2,FALSE) -> Commercial | R62: =K62&"-"&Q62 -> Commercial-Commercial | S62: 8 | T62: 0.7 | U62: 1 | V62: 4 | W62: 1 | X62: 5 | Y62: Y | Z62: 0
B63: 0.77083333 | C63: UAM 328Z | D63: 1 | E63: 1 | F63: NSANGI | G63: MPIGI | H63: UGA | I63: 2 | J63: 2 | K63: =VLOOKUP(J63,Key!$E$2:$F$9,2,FALSE) -> Work | L63: KISOZI | M63: WAKISO | N63: UGA | O63: 1 | P63: 1 | Q63: =VLOOKUP(P63,Key!$E$2:$F$9,2,FALSE) -> Home | R63: =K63&"-"&Q63 -> Work-Home | S63: 10 | T63: 1 | U63: 1 | Y63: Y | Z63: 1000
B64: 0.76041667 | C64: UBB 823R | D64: 8 | E64: 3 | F64: MPIGI | G64: MPIGI | H64: UGA | I64: 14 | J64: 4 | K64: =VLOOKUP(J64,Key!$E$2:$F$9,2,FALSE) -> Commercial | L64: KISOZI | M64: WAKISO | N64: UGA | O64: 10 | P64: 2 | Q64: =VLOOKUP(P64,Key!$E$2:$F$9,2,FALSE) -> Work | R64: =K64&"-"&Q64 -> Commercial-Work | S64: 20 | T64: 1.5 | U64: 1 | V64: 6 | W64: 1.5 | X64: 2 | Y64: Y | Z64: 1000
B65: 0.78125 | C65: UDC 970J | D65: 1 | E65: 2 | F65: KITEMU | G65: WAKISO | H65: UGA | I65: 2 | J65: 2 | K65: =VLOOKUP(J65,Key!$E$2:$F$9,2,FALSE) -> Work | L65: KISOZI | M65: WAKISO | N65: UGA | O65: 1 | P65: 1 | Q65: =VLOOKUP(P65,Key!$E$2:$F$9,2,FALSE) -> Home | R65: =K65&"-"&Q65 -> Work-Home | S65: 5 | T65: 0.1 | U65: 1 | Y65: Y | Z65: 1000
B66: 0.78472222 | C66: UAS 683T | D66: 1 | E66: 1 | F66: KAMPALA | G66: KAMPALA | H66: UGA | I66: 2 | J66: 2 | K66: =VLOOKUP(J66,Key!$E$2:$F$9,2,FALSE) -> Work | L66: BUDDO | M66: WAKISO | N66: UGA | O66: 1 | P66: 1 | Q66: =VLOOKUP(P66,Key!$E$2:$F$9,2,FALSE) -> Home | R66: =K66&"-"&Q66 -> Work-Home | S66: 15 | T66: 1.5 | Y66: Y | Z66: 0
B67: 0.32083333 | C67: UAR 015A | D67: 1 | E67: 3 | F67: KITEMU | G67: WAKISO | H67: UGA | I67: 1 | J67: 1 | K67: =VLOOKUP(J67,Key!$E$2:$F$9,2,FALSE) -> Home | L67: KIVU | M67: WAKISO | N67: UGA | O67: 2 | P67: 2 | Q67: =VLOOKUP(P67,Key!$E$2:$F$9,2,FALSE) -> Work | R67: =K67&"-"&Q67 -> Home-Work | S67: 1.5 | T67: 0.1 | U67: 1 | Y67: Y | Z67: 1000
B68: 0.3125 | C68: UAP 899P | D68: 4 | E68: 2 | F68: NSANGI | G68: WAKISO | H68: UGA | I68: 6 | J68: 2 | K68: =VLOOKUP(J68,Key!$E$2:$F$9,2,FALSE) -> Work | L68: BUDDO | M68: WAKISO | N68: UGA | O68: 6 | P68: 2 | Q68: =VLOOKUP(P68,Key!$E$2:$F$9,2,FALSE) -> Work | R68: =K68&"-"&Q68 -> Work-Work | S68: 15 | T68: 1.5 | U68: 4 | Y68: Y | Z68: 0
B69: 0.78888889 | C69: UAP 617N | D69: 1 | E69: 1 | F69: KITEMU | G69: WAKISO | H69: UGA | I69: 2 | J69: 2 | K69: =VLOOKUP(J69,Key!$E$2:$F$9,2,FALSE) -> Work | L69: KIVU | M69: WAKISO | N69: UGA | O69: 1 | P69: 1 | Q69: =VLOOKUP(P69,Key!$E$2:$F$9,2,FALSE) -> Home | R69: =K69&"-"&Q69 -> Work-Home | S69: 1 | T69: 0.3 | U69: 1 | Y69: Y | Z69: 1000
B70: 0.27708333 | C70: UBB 572R | D70: 4 | E70: 7 | F70: BUSEGA | G70: KAMPALA | H70: UGA | I70: 6 | J70: 4 | K70: =VLOOKUP(J70,Key!$E$2:$F$9,2,FALSE) -> Commercial | L70: KIVU | M70: WAKISO | N70: UGA | O70: 6 | P70: 4 | Q70: =VLOOKUP(P70,Key!$E$2:$F$9,2,FALSE) -> Commercial | R70: =K70&"-"&Q70 -> Commercial-Commercial | S70: 120 | T70: 2 | U70: 2 | Y70: Y | Z70: 5000
B71: 0.76041667 | C71: UAR 505B | D71: 1 | E71: 1 | F71: KITEMU | G71: WAKISO | H71: UGA | I71: 2 | J71: 2 | K71: =VLOOKUP(J71,Key!$E$2:$F$9,2,FALSE) -> Work | L71: KIVU | M71: WAKISO | N71: UGA | O71: 1 | P71: 1 | Q71: =VLOOKUP(P71,Key!$E$2:$F$9,2,FALSE) -> Home | R71: =K71&"-"&Q71 -> Work-Home | S71: 1 | T71: 0.3 | U71: 1 | Y71: Y | Z71: 1000
B72: 0.73402778 | C72: UAH 538T | D72: 1 | E72: 1 | F72: KITEMU | G72: WAKISO | H72: UGA | I72: 2 | J72: 2 | K72: =VLOOKUP(J72,Key!$E$2:$F$9,2,FALSE) -> Work | L72: KITEMU | M72: WAKISO | N72: UGA | O72: 1 | P72: 1 | Q72: =VLOOKUP(P72,Key!$E$2:$F$9,2,FALSE) -> Home | R72: =K72&"-"&Q72 -> Work-Home | S72: 1 | T72: 0.3 | U72: 1 | Y72: Y | Z72: 1000
B73: 0.72638889 | C73: UAS 194S | D73: 4 | E73: 1 | F73: BUSEGA | G73: KAMPALA | H73: UGA | I73: 6 | J73: 4 | K73: =VLOOKUP(J73,Key!$E$2:$F$9,2,FALSE) -> Commercial | L73: KIVU | M73: WAKISO | N73: UGA | O73: 6 | P73: 4 | Q73: =VLOOKUP(P73,Key!$E$2:$F$9,2,FALSE) -> Commercial | R73: =K73&"-"&Q73 -> Commercial-Commercial | S73: 20 | T73: 0.5 | U73: 2 | Y73: Y | Z73: 1000
B74: 0.71458333 | C74: UAP 213K | D74: 1 | E74: 1 | F74: KIGOTI | G74: WAKISO | H74: UGA | I74: 6 | J74: 4 | K74: =VLOOKUP(J74,Key!$E$2:$F$9,2,FALSE) -> Commercial | L74: KIVU | M74: WAKISO | N74: UGA | O74: 6 | P74: 4 | Q74: =VLOOKUP(P74,Key!$E$2:$F$9,2,FALSE) -> Commercial | R74: =K74&"-"&Q74 -> Commercial-Commercial | S74: 20 | T74: 0.7 | U74: 2 | Y74: Y | Z74: 1000
B75: 0.72291667 | C75: UAP 654T | D75: 1 | E75: 3 | F75: GOMBA | G75: GOMBA | H75: UGA | I75: 6 | J75: 4 | K75: =VLOOKUP(J75,Key!$E$2:$F$9,2,FALSE) -> Commercial | L75: NSANGI | M75: WAKISO | N75: UGA | O75: 6 | P75: 4 | Q75: =VLOOKUP(P75,Key!$E$2:$F$9,2,FALSE) -> Commercial | R75: =K75&"-"&Q75 -> Commercial-Commercial | S75: 1 | T75: 0.3 | U75: 2 | Y75: Y | Z75: 5000
B76: 0.70555556 | C76: UBE 746A | D76: 1 | E76: 2 | F76: KITEMU | G76: WAKISO | H76: UGA | I76: 2 | J76: 2 | K76: =VLOOKUP(J76,Key!$E$2:$F$9,2,FALSE) -> Work | L76: NSANGI | M76: WAKISO | N76: UGA | O76: 1 | P76: 1 | Q76: =VLOOKUP(P76,Key!$E$2:$F$9,2,FALSE) -> Home | R76: =K76&"-"&Q76 -> Work-Home | S76: 1 | T76: 0.3 | U76: 1 | Y76: Y | Z76: 2000
B77: 0.68958333 | C77: UBB 461T | D77: 4 | E77: 3 | F77: KITEMU | G77: WAKISO | H77: UGA | I77: 6 | J77: 4 | K77: =VLOOKUP(J77,Key!$E$2:$F$9,2,FALSE) -> Commercial | L77: KIVU | M77: WAKISO | N77: UGA | O77: 6 | P77: 4 | Q77: =VLOOKUP(P77,Key!$E$2:$F$9,2,FALSE) -> Commercial | R77: =K77&"-"&Q77 -> Commercial-Commercial | S77: 1 | T77: 0.3 | U77: 2 | Y77: Y | Z77: 1000
B78: 0.68125 | C78: UAZ 448Q | D78: 4 | E78: 4 | F78: KITEMU | G78: WAKISO | H78: UGA | I78: 6 | J78: 4 | K78: =VLOOKUP(J78,Key!$E$2:$F$9,2,FALSE) -> Commercial | L78: NSANGI | M78: WAKISO | N78: UGA | O78: 6 | P78: 4 | Q78: =VLOOKUP(P78,Key!$E$2:$F$9,2,FALSE) -> Commercial | R78: =K78&"-"&Q78 -> Commercial-Commercial | S78: 1 | T78: 0.3 | U78: 2 | Y78: Y | Z78: 1000
... B92: 0.54166667 | C92: UAT 908V | D92: 1 | E92: 1 | F92: NSANGI | G92: WAKISO | H92: UGA | I92: 2 | J92: 2 | K92: =VLOOKUP(J92,Key!$E$2:$F$9,2,FALSE) -> Work | L92: KISOZI | M92: WAKISO | N92: UGA | O92: 1 | P92: 1 | Q92: =VLOOKUP(P92,Key!$E$2:$F$9,2,FALSE) -> Home | R92: =K92&"-"&Q92 -> Work-Home | S92: 1 | T92: 0.3 | U92: 2 | Y92: Y | Z92: 4000
B93: 0.040277778 | C93: UAY 502N | D93: 6 | E93: 4 | F93: NAMAGOMA | G93: WAKISO | H93: UGA | I93: 16 | J93: 8 | K93: =VLOOKUP(J93,Key!$E$2:$F$9,2,FALSE) -> Others | L93: KISOZI | M93: WAKISO | N93: UGA | O93: 1 | P93: 1 | Q93: =VLOOKUP(P93,Key!$E$2:$F$9,2,FALSE) -> Home | R93: =K93&"-"&Q93 -> Others-Home | S93: 1 | T93: 0.3
B94: 0.030555556 | C94: UAW 696T | D94: 2 | E94: 2 | F94: MPIGI | G94: MPIGI | H94: UGA | I94: 1 | J94: 1 | K94: =VLOOKUP(J94,Key!$E$2:$F$9,2,FALSE) -> Home | L94: BUDDO | M94: WAKISO | N94: UGA | O94: 4 | P94: 6 | Q94: =VLOOKUP(P94,Key!$E$2:$F$9,2,FALSE) -> Leisure/Social | R94: =K94&"-"&Q94 -> Home-Leisure/Social | S94: 60 | T94: 2 | U94: 5 | Y94: Y | Z94: 3000
B95: 0.025 | C95: UBB 641K | D95: 1 | E95: 1 | F95: MENGO | G95: KAMPALA | H95: UGA | I95: 2 | J95: 2 | K95: =VLOOKUP(J95,Key!$E$2:$F$9,2,FALSE) -> Work | L95: KIMBEJJA | M95: WAKISO | N95: UGA | O95: 1 | P95: 1 | Q95: =VLOOKUP(P95,Key!$E$2:$F$9,2,FALSE) -> Home | R95: =K95&"-"&Q95 -> Work-Home | S95: 2 | T95: 0.3 | U95: 4 | Y95: Y | Z95: 1000
B96: 0.013888889 | C96: UBB 080B | D96: 1 | E96: 1 | F96: NSANGI | G96: WAKISO | H96: UGA | I96: 1 | J96: 1 | K96: =VLOOKUP(J96,Key!$E$2:$F$9,2,FALSE) -> Home | L96: BUDDO | M96: WAKISO | N96: UGA | O96: 2 | P96: 2 | Q96: =VLOOKUP(P96,Key!$E$2:$F$9,2,FALSE) -> Work | R96: =K96&"-"&Q96 -> Home-Work | S96: 0.5 | T96: 0.1 | U96: 1 | Y96: Y | Z96: 1000
B97: 0.0076388889 | C97: UAJ 219V | D97: 4 | E97: 2 | F97: KITEMU | G97: WAKISO | H97: UGA | I97: 6 | J97: 4 | K97: =VLOOKUP(J97,Key!$E$2:$F$9,2,FALSE) -> Commercial | L97: BUDDO | M97: WAKISO | N97: UGA | O97: 6 | P97: 4 | Q97: =VLOOKUP(P97,Key!$E$2:$F$9,2,FALSE) -> Commercial | R97: =K97&"-"&Q97 -> Commercial-Commercial | S97: 2 | T97: 0.5 | U97: 2 | Y97: Y | Z97: 5000
B98: 0.013194444 | C98: UAT 123J | D98: 1 | E98: 3 | F98: KITEMU | G98: WAKISO | H98: UGA | I98: 1 | J98: 1 | K98: =VLOOKUP(J98,Key!$E$2:$F$9,2,FALSE) -> Home | L98: BUDDO | M98: WAKISO | N98: UGA | O98: 5 | P98: 7 | Q98: =VLOOKUP(P98,Key!$E$2:$F$9,2,FALSE) -> Hospital | R98: =K98&"-"&Q98 -> Home-Hospital | S98: 0.5 | T98: 0.3 | U98: 5 | Y98: Y | Z98: 4000
B99: 0.0048611111 | C99: UAM 084J | D99: 2 | E99: 2 | F99: NATEETE | G99: KAMPALA | H99: UGA | I99: 4 | J99: 4 | K99: =VLOOKUP(J99,Key!$E$2:$F$9,2,FALSE) -> Commercial | L99: KIVU | M99: WAKISO | N99: UGA | O99: 4 | P99: 4 | Q99: =VLOOKUP(P99,Key!$E$2:$F$9,2,FALSE) -> Commercial | R99: =K99&"-"&Q99 -> Commercial-Commercial | S99: 40 | T99: 1.5 | U99: 6 | Y99: N | Z99: 0
B100: 0 | C100: UBB 361J | D100: 1 | E100: 1 | F100: NSANGI | G100: WAKISO | H100: UGA | I100: 1 | J100: 1 | K100: =VLOOKUP(J100,Key!$E$2:$F$9,2,FALSE) -> Home | L100: KIVU | M100: WAKISO | N100: UGA | O100: 2 | P100: 2 | Q100: =VLOOKUP(P100,Key!$E$2:$F$9,2,FALSE) -> Work | R100: =K100&"-"&Q100 -> Home-Work | S100: 1 | T100: 0.3 | U100: 2 | Y100: Y | Z100: 1000
B101: 0.49236111 | C101: UAK 387Y | D101: 1 | E101: 3 | F101: BUSEGA | G101: KAMPALA | H101: UGA | I101: 5 | J101: 7 | K101: =VLOOKUP(J101,Key!$E$2:$F$9,2,FALSE) -> Hospital | L101: NSANGI | M101: WAKISO | N101: UGA | O101: 1 | P101: 1 | Q101: =VLOOKUP(P101,Key!$E$2:$F$9,2,FALSE) -> Home | R101: =K101&"-"&Q101 -> Hospital-Home | S101: 30 | T101: 1 | U101: 5 | Y101: Y | Z101: 3000
B102: 0.48541667 | C102: UAU 676N | D102: 1 | E102: 2 | F102: NATEETE | G102: KAMPALA | H102: UGA | I102: 12 | J102: 4 | K102: =VLOOKUP(J102,Key!$E$2:$F$9,2,FALSE) -> Commercial | L102: KIVU | M102: WAKISO | N102: UGA | O102: 1 | P102: 1 | Q102: =VLOOKUP(P102,Key!$E$2:$F$9,2,FALSE) -> Home | R102: =K102&"-"&Q102 -> Commercial-Home | S102: 45 | T102: 1.5 | U102: 5 | Y102: Y | Z102: 5000
B103: 0.47986111 | C103: UAP 155H | D103: 6 | E103: 64 | F103: KITEBI | G103: WAKISO | H103: UGA | I103: 10 | J103: 2 | K103: =VLOOKUP(J103,Key!$E$2:$F$9,2,FALSE) -> Work | L103: KIVU | M103: WAKISO | N103: UGA | O103: 3 | P103: 2 | Q103: =VLOOKUP(P103,Key!$E$2:$F$9,2,FALSE) -> Work | R103: =K103&"-"&Q103 -> Work-Work | S103: 1 | T103: 0.3 | U103: 3 | Y103: Y | Z103: 1000
B104: 0.47430556 | C104: UAV 117N | D104: 3 | E104: 1 | F104: KITEMU | G104: WAKISO | H104: UGA | I104: 1 | J104: 1 | K104: =VLOOKUP(J104,Key!$E$2:$F$9,2,FALSE) -> Home | L104: KIVU | M104: WAKISO | N104: UGA | O104: 2 | P104: 2 | Q104: =VLOOKUP(P104,Key!$E$2:$F$9,2,FALSE) -> Work | R104: =K104&"-"&Q104 -> Home-Work | S104: 2 | T104: 0.2 | U104: 1 | Y104: Y | Z104: 1000
B105: 0.47013889 | C105: UBF 813Y | D105: 4 | E105: 5 | F105: KITEMU | G105: WAKISO | H105: UGA | I105: 6 | J105: 2 | K105: =VLOOKUP(J105,Key!$E$2:$F$9,2,FALSE) -> Work | L105: KISOZI | M105: WAKISO | N105: UGA | O105: 6 | P105: 2 | Q105: =VLOOKUP(P105,Key!$E$2:$F$9,2,FALSE) -> Work | R105: =K105&"-"&Q105 -> Work-Work | S105: 20 | T105: 0.1 | U105: 2 | Y105: Y | Z105: 3000
... B111: 0.42708333 | C111: UAB 581J | D111: 6 | E111: 2 | F111: KITEMU | G111: WAKISO | H111: UGA | I111: 3 | J111: 4 | K111: =VLOOKUP(J111,Key!$E$2:$F$9,2,FALSE) -> Commercial | L111: NSANGI | M111: WAKISO | N111: UGA | O111: 3 | P111: 4 | Q111: =VLOOKUP(P111,Key!$E$2:$F$9,2,FALSE) -> Commercial | R111: =K111&"-"&Q111 -> Commercial-Commercial | S111: 20 | T111: 0.1 | U111: 2 | Y111: Y | Z111: 2000
B112: 0.41666667 | C112: UAW 609Q | D112: 8 | E112: 2 | F112: NSANGI | G112: WAKISO | H112: UGA | I112: 3 | J112: 4 | K112: =VLOOKUP(J112,Key!$E$2:$F$9,2,FALSE) -> Commercial | L112: KIVU | M112: WAKISO | N112: UGA | O112: 10 | P112: 2 | Q112: =VLOOKUP(P112,Key!$E$2:$F$9,2,FALSE) -> Work | R112: =K112&"-"&Q112 -> Commercial-Work | S112: 0.5 | T112: 0.3 | U112: 4 | V112: 4 | W112: 2 | X112: 0.5 | Y112: Y | Z112: 3000
B113: 0.40763889 | C113: UAK 264P | D113: 1 | E113: 1 | F113: MAYA | G113: WAKISO | H113: UGA | I113: 4 | J113: 4 | K113: =VLOOKUP(J113,Key!$E$2:$F$9,2,FALSE) -> Commercial | L113: KIVU | M113: WAKISO | N113: UGA | O113: 4 | P113: 4 | Q113: =VLOOKUP(P113,Key!$E$2:$F$9,2,FALSE) -> Commercial | R113: =K113&"-"&Q113 -> Commercial-Commercial | S113: 3 | T113: 0.6 | U113: 1 | Y113: Y | Z113: 5000
B114: 0.40069444 | C114: UBA 567K | D114: 3 | E114: 2 | F114: NSANGI | G114: WAKISO | H114: UGA | I114: 6 | J114: 2 | K114: =VLOOKUP(J114,Key!$E$2:$F$9,2,FALSE) -> Work | L114: KISOZI | M114: WAKISO | N114: UGA | O114: 6 | P114: 2 | Q114: =VLOOKUP(P114,Key!$E$2:$F$9,2,FALSE) -> Work | R114: =K114&"-"&Q114 -> Work-Work | S114: 2 | T114: 0.3 | U114: 2 | Y114: Y | Z114: 5000
B115: 0.38680556 | C115: UBA 252K | D115: 1 | E115: 1 | F115: MASAKA | G115: MASAKA | H115: UGA | I115: 7 | J115: 4 | K115: =VLOOKUP(J115,Key!$E$2:$F$9,2,FALSE) -> Commercial | L115: NSANGI | M115: WAKISO | N115: UGA | O115: 11 | P115: 4 | Q115: =VLOOKUP(P115,Key!$E$2:$F$9,2,FALSE) -> Commercial | R115: =K115&"-"&Q115 -> Commercial-Commercial | S115: 120 | T115: 3 | U115: 4 | Y115: Y | Z115: 5000
B116: 0.38194444 | C116: UAG 675Y | D116: 1 | E116: 1 | F116: KITEMU | G116: WAKISO | H116: UGA | I116: 1 | J116: 1 | K116: =VLOOKUP(J116,Key!$E$2:$F$9,2,FALSE) -> Home | L116: NSANGI | M116: WAKISO | N116: UGA | O116: 2 | P116: 2 | Q116: =VLOOKUP(P116,Key!$E$2:$F$9,2,FALSE) -> Work | R116: =K116&"-"&Q116 -> Home-Work | S116: 1 | T116: 0.3 | U116: 1 | Y116: Y | Z116: 0
B117: 0.36527778 | C117: UBB 080B | D117: 1 | E117: 1 | F117: NASAGA | G117: WAKISO | H117: UGA | I117: 1 | J117: 1 | K117: =VLOOKUP(J117,Key!$E$2:$F$9,2,FALSE) -> Home | L117: KASENYI | M117: KAMPALA | N117: UGA | O117: 2 | P117: 2 | Q117: =VLOOKUP(P117,Key!$E$2:$F$9,2,FALSE) -> Work | R117: =K117&"-"&Q117 -> Home-Work | S117: 1 | T117: 0.3 | U117: 2 | Y117: Y | Z117: 1000
B118: 0.36458333 | C118: UAW 658E | D118: 1 | E118: 1 | F118: BUSEGA | G118: KAMPALA | H118: UGA | I118: 5 | J118: 7 | K118: =VLOOKUP(J118,Key!$E$2:$F$9,2,FALSE) -> Hospital | L118: NSANGI | M118: WAKISO | N118: UGA | O118: 1 | P118: 1 | Q118: =VLOOKUP(P118,Key!$E$2:$F$9,2,FALSE) -> Home | R118: =K118&"-"&Q118 -> Hospital-Home | S118: 30 | T118: 1 | U118: 5 | Y118: Y | Z118: 5000
B119: 0.35486111 | C119: UAP 832A | D119: 2 | E119: 1 | F119: KITEMU | G119: WAKISO | H119: UGA | I119: 1 | J119: 1 | K119: =VLOOKUP(J119,Key!$E$2:$F$9,2,FALSE) -> Home | L119: NSANGI | M119: WAKISO | N119: UGA | O119: 2 | P119: 2 | Q119: =VLOOKUP(P119,Key!$E$2:$F$9,2,FALSE) -> Work | R119: =K119&"-"&Q119 -> Home-Work | S119: 2 | T119: 0.3 | U119: 2 | Y119: Y | Z119: 3000
B120: 0.34375 | C120: UDK 132U | D120: 7 | E120: 2 | F120: KITEBI | G120: WAKISO | H120: UGA | I120: 3 | J120: 2 | K120: =VLOOKUP(J120,Key!$E$2:$F$9,2,FALSE) -> Work | L120: NAKAWUKA | M120: WAKISO | N120: UGA | O120: 2 | P120: 2 | Q120: =VLOOKUP(P120,Key!$E$2:$F$9,2,FALSE) -> Work | R120: =K120&"-"&Q120 -> Work-Work | S120: 12 | T120: 1 | U120: 3 | Y120: Y | Z120: 2000
...

Sheet 12.10 BUDDO-KITEMU
B1: Consultancy services for Preparation of Expressway Development Master Plan (EDMP) for Uganda
B2: Roadside OD Interview Survey
B4: Date: | C4: 12.10.19 | E4: Road Name: | F4: ='ALL DATA'!F4:G4 -> BUDO ROAD | I4: Direction From: | L4: BUDDO | N4: Interviewers: | O4: MASINDE DENIS | V4: Supervisor: | W4: ='ALL DATA'!W4 -> FLORENCE | Y4: Coded By: | Z4: ='ALL DATA'!Z4 -> DAVID | AA4: Chkd By: | AB4: ='ALL DATA'!AB4 -> Bakole Deo
I5: Direction To: | L5: KITEMU
B7: Time | C7: Veh_Reg_No. | D7: Veh_Type | E7: No. Occupants | F7: Origin_Address | I7: Origin_Establish | J7: Origin_Purpose | K7: Origin-Purpose Desc | L7: Destination_Address | O7: Destination_Establish | P7: Destination_Purpose | Q7: Destination_Purpose Desc | R7: Journey_Purpose | S7: Approx_Distance (Km) | T7: Approx_Journey Time (Hrs) | U7: Trip_Frequency | V7: GOODS VEHICLES ONLY | Y7: Would You Use Xpressways? | Z7: Pay How Much? (UGX) | AA7: Origin_Zone | AB7: Dest_Zone
F8: Village or Town | G8: District | H8: Country | L8: Village or Town | M8: District | N8: Country | V8: Goods_Type | W8: Goods_Quantity (Ton) | X8: Goods_Value (UGXm)
B9: 0.72847222 | C9: UBE 106R | D9: 4 | E9: 14 | F9: KIBEJJA | G9: WAKISO | H9: UGA | I9: 6 | J9: 2 | K9: =VLOOKUP(J9,Key!$E$2:$F$9,2,FALSE) -> Work | L9: KAMPALA | M9: KAMPALA | N9: UGA | O9: 6 | P9: 2 | Q9: =VLOOKUP(P9,Key!$E$2:$F$9,2,FALSE) -> Work | R9: =K9&"-"&Q9 -> Work-Work | S9: 20 | T9: 2.5 | U9: 2 | Y9: Y | Z9: 2000
B10: 0.73263889 | C10: UAJ 318K | D10: 1 | E10: 2 | F10: KISOZI | G10: WAKISO | H10: UGA | I10: 1 | J10: 1 | K10: =VLOOKUP(J10,Key!$E$2:$F$9,2,FALSE) -> Home | L10: BUSEGA | M10: KAMPALA | N10: UGA | O10: 2 | P10: 2 | Q10: =VLOOKUP(P10,Key!$E$2:$F$9,2,FALSE) -> Work | R10: =K10&"-"&Q10 -> Home-Work | S10: 10 | T10: 2 | U10: 2 | Y10: Y | Z10: 2000
B11: 0.29166667 | C11: UBE 856N | D11: 1 | E11: 3 | F11: KISOZI | G11: WAKISO | H11: UGA | I11: 3 | J11: 2 | K11: =VLOOKUP(J11,Key!$E$2:$F$9,2,FALSE) -> Work | L11: KITEMU | M11: WAKISO | N11: UGA | O11: 1 | P11: 1 | Q11: =VLOOKUP(P11,Key!$E$2:$F$9,2,FALSE) -> Home | R11: =K11&"-"&Q11 -> Work-Home | S11: 1.5 | T11: 0.4 | U11: 2 | Y11: Y | Z11: 5000
B12: 0.79097222 | C12: UAR 141V | D12: 1 | E12: 1 | F12: KIVU | G12: WAKISO | H12: UGA | I12: 2 | J12: 2 | K12: =VLOOKUP(J12,Key!$E$2:$F$9,2,FALSE) -> Work | L12: KYENGERA | M12: WAKISO | N12: UGA | O12: 1 | P12: 1 | Q12: =VLOOKUP(P12,Key!$E$2:$F$9,2,FALSE) -> Home | R12: =K12&"-"&Q12 -> Work-Home | S12: 5 | T12: 0.6 | U12: 2 | Y12: Y | Z12: 1000
B13: 0.78472222 | C13: UAZ 786B | D13: 1 | E13: 1 | F13: KISOZI | G13: WAKISO | H13: UGA | I13: 2 | J13: 2 | K13: =VLOOKUP(J13,Key!$E$2:$F$9,2,FALSE) -> Work | L13: KITEMU | M13: WAKISO | N13: UGA | O13: 1 | P13: 1 | Q13: =VLOOKUP(P13,Key!$E$2:$F$9,2,FALSE) -> Home | R13: =K13&"-"&Q13 -> Work-Home | S13: 0.5 | T13: 0.1 | U13: 2 | Y13: Y | Z13: 500
B14: 0.78125 | C14: UAU 683U | D14: 1 | E14: 4 | F14: KIBEJJA | G14: WAKISO | H14: UGA | I14: 2 | J14: 2 | K14: =VLOOKUP(J14,Key!$E$2:$F$9,2,FALSE) -> Work | L14: NSANGI | M14: KAMPALA | N14: UGA | O14: 1 | P14: 1 | Q14: =VLOOKUP(P14,Key!$E$2:$F$9,2,FALSE) -> Home | R14: =K14&"-"&Q14 -> Work-Home | S14: 5 | T14: 1 | U14: 2 | Y14: Y | Z14: 1000
B15: 0.77083333 | C15: UG 4266M | D15: 3 | E15: 1 | F15: KIVU | G15: WAKISO | H15: UGA | I15: 2 | J15: 2 | K15: =VLOOKUP(J15,Key!$E$2:$F$9,2,FALSE) -> Work | L15: KITEMU | M15: WAKISO | N15: UGA | O15: 1 | P15: 1 | Q15: =VLOOKUP(P15,Key!$E$2:$F$9,2,FALSE) -> Home | R15: =K15&"-"&Q15 -> Work-Home | S15: 0.5 | T15: 0.1 | U15: 2 | Y15: Y | Z15: 500
B16: 0.76736111 | C16: UAG 522A | D16: 1 | E16: 1 | F16: KISOZI | G16: WAKISO | H16: UGA | I16: 2 | J16: 2 | K16: =VLOOKUP(J16,Key!$E$2:$F$9,2,FALSE) -> Work | L16: KYENGERA | M16: WAKISO | N16: UGA | O16: 1 | P16: 1 | Q16: =VLOOKUP(P16,Key!$E$2:$F$9,2,FALSE) -> Home | R16: =K16&"-"&Q16 -> Work-Home | S16: 3 | T16: 1 | U16: 2 | Y16: Y | Z16: 1000
B17: 0.75694444 | C17: UAB 612H | D17: 1 | E17: 2 | F17: KISOZI | G17: WAKISO | H17: UGA | I17: 2 | J17: 2 | K17: =VLOOKUP(J17,Key!$E$2:$F$9,2,FALSE) -> Work | L17: NSANGI | M17: WAKISO | N17: UGA | O17: 1 | P17: 1 | Q17: =VLOOKUP(P17,Key!$E$2:$F$9,2,FALSE) -> Home | R17: =K17&"-"&Q17 -> Work-Home | S17: 5 | T17: 1 | U17: 2 | Y17: Y | Z17: 5000
B18: 0.74930556 | C18: UAR 753R | D18: 7 | E18: 4 | F18: KIVU | G18: WAKISO | H18: UGA | I18: 3 | J18: 2 | K18: =VLOOKUP(J18,Key!$E$2:$F$9,2,FALSE) -> Work | L18: KAMPALA | M18: KAMPALA | N18: UGA | O18: 7 | P18: 4 | Q18: =VLOOKUP(P18,Key!$E$2:$F$9,2,FALSE) -> Commercial | R18: =K18&"-"&Q18 -> Work-Commercial | S18: 20 | T18: 2 | U18: 3 | Y18: Y | Z18: 1000
B19: 0.73958333 | C19: UAW 146J | D19: 1 | E19: 3 | F19: KISOZI | G19: WAKISO | H19: UGA | I19: 2 | J19: 2 | K19: =VLOOKUP(J19,Key!$E$2:$F$9,2,FALSE) -> Work | L19: NATEETE | M19: KAMPALA | N19: UGA | O19: 1 | P19: 1 | Q19: =VLOOKUP(P19,Key!$E$2:$F$9,2,FALSE) -> Home | R19: =K19&"-"&Q19 -> Work-Home | S19: 15 | T19: 1.5 | U19: 2 | Y19: Y | Z19: 0
B20: 0.73541667 | C20: UBE 745B | D20: 4 | E20: 14 | F20: KIBEJJA | G20: WAKISO | H20: UGA | I20: 6 | J20: 2 | K20: =VLOOKUP(J20,Key!$E$2:$F$9,2,FALSE) -> Work | L20: NABINGO | M20: WAKISO | N20: UGA | O20: 6 | P20: 1 | Q20: =VLOOKUP(P20,Key!$E$2:$F$9,2,FALSE) -> Home | R20: =K20&"-"&Q20 -> Work-Home | S20: 10 | T20: 1 | U20: 2 | Y20: Y | Z20: 500
... B51: 0.99652778 | C51: UBA 363J | D51: 2 | E51: 2 | F51: KISOZI | G51: WAKISO | H51: UGA | I51: 1 | J51: 1 | K51: =VLOOKUP(J51,Key!$E$2:$F$9,2,FALSE) -> Home | L51: KAMPALA | M51: KAMPALA | N51: UGA | O51: 5 | P51: 7 | Q51: =VLOOKUP(P51,Key!$E$2:$F$9,2,FALSE) -> Hospital | R51: =K51&"-"&Q51 -> Home-Hospital | S51: 30 | T51: 2 | U51: 6 | Y51: Y | Z51: 3000
B52: 0.5 | C52: UBE 002S | D52: 7 | E52: 5 | F52: KISOZI | G52: WAKISO | H52: UGA | I52: 11 | J52: 2 | K52: =VLOOKUP(J52,Key!$E$2:$F$9,2,FALSE) -> Work | L52: KITEMU | M52: WAKISO | N52: UGA | O52: 11 | P52: 2 | Q52: =VLOOKUP(P52,Key!$E$2:$F$9,2,FALSE) -> Work | R52: =K52&"-"&Q52 -> Work-Work | S52: 10 | T52: 0.4 | U52: 3 | V52: 6 | W52: 5 | X52: 0.08 | Y52: Y | Z52: 500
B53: 0.99513889 | C53: UBA 363S | D53: 2 | E53: 2 | F53: KISOZI | G53: WAKISO | H53: UGA | I53: 1 | J53: 1 | K53: =VLOOKUP(J53,Key!$E$2:$F$9,2,FALSE) -> Home | L53: KAMPALA | M53: KAMPALA | N53: UGA | O53: 5 | P53: 7 | Q53: =VLOOKUP(P53,Key!$E$2:$F$9,2,FALSE) -> Hospital | R53: =K53&"-"&Q53 -> Home-Hospital | S53: 30 | T53: 2 | U53: 6 | Y53: Y | Z53: 3000
B54: 0.51388889 | C54: UAW 030M | D54: 1 | E54: 1 | F54: KISOZI | G54: WAKISO | H54: UGA | I54: 1 | J54: 1 | K54: =VLOOKUP(J54,Key!$E$2:$F$9,2,FALSE) -> Home | L54: KITEMU | M54: WAKISO | N54: UGA | O54: 6 | P54: 2 | Q54: =VLOOKUP(P54,Key!$E$2:$F$9,2,FALSE) -> Work | R54: =K54&"-"&Q54 -> Home-Work | S54: 4 | T54: 0.2 | U54: 1 | Y54: Y | Z54: 5000
B55: 0.50694444 | C55: UBA 077N | D55: 2 | E55: 1 | F55: BUDDO | G55: WAKISO | H55: UGA | I55: 1 | J55: 1 | K55: =VLOOKUP(J55,Key!$E$2:$F$9,2,FALSE) -> Home | L55: NSANGI | M55: WAKISO | N55: UGA | O55: 16 | P55: 8 | Q55: =VLOOKUP(P55,Key!$E$2:$F$9,2,FALSE) -> Others | R55: =K55&"-"&Q55 -> Home-Others | S55: 3 | T55: 0.3 | U55: 6 | Y55: Y | Z55: 10000
B56: 0.98611111 | C56: UBA 989Y | D56: 1 | E56: 3 | F56: KISOZI | G56: WAKISO | H56: UGA | I56: 1 | J56: 1 | K56: =VLOOKUP(J56,Key!$E$2:$F$9,2,FALSE) -> Home | L56: NSANGI | M56: WAKISO | N56: UGA | O56: 16 | P56: 6 | Q56: =VLOOKUP(P56,Key!$E$2:$F$9,2,FALSE) -> Leisure/Social | R56: =K56&"-"&Q56 -> Home-Leisure/Social | S56: 25 | T56: 1 | U56: 6 | Y56: Y | Z56: 2000
B57: 0.99236111 | C57: UBD 390F | D57: 4 | E57: 10 | F57: NATEETE | G57: KAMPALA | H57: UGA | I57: 6 | J57: 2 | K57: =VLOOKUP(J57,Key!$E$2:$F$9,2,FALSE) -> Work | L57: MAYA | M57: WAKISO | N57: UGA | O57: 6 | P57: 2 | Q57: =VLOOKUP(P57,Key!$E$2:$F$9,2,FALSE) -> Work | R57: =K57&"-"&Q57 -> Work-Work | S57: 20 | T57: 0.5 | U57: 1 | Y57: Y | Z57: 1000
B58: 0.98402778 | C58: UAR 505D | D58: 1 | E58: 2 | F58: KATWE | G58: KAMPALA | H58: UGA | I58: 2 | J58: 2 | K58: =VLOOKUP(J58,Key!$E$2:$F$9,2,FALSE) -> Work | L58: KITEMU | M58: WAKISO | N58: UGA | O58: 1 | P58: 1 | Q58: =VLOOKUP(P58,Key!$E$2:$F$9,2,FALSE) -> Home | R58: =K58&"-"&Q58 -> Work-Home | S58: 27 | T58: 0.2 | Y58: N
B59: 0.97916667 | C59: UAK 712Y | D59: 1 | E59: 2 | F59: MASAKA | G59: WAKISO | H59: UGA | I59: 2 | J59: 2 | K59: =VLOOKUP(J59,Key!$E$2:$F$9,2,FALSE) -> Work | L59: KITEMU | M59: WAKISO | N59: UGA | O59: 2 | P59: 2 | Q59: =VLOOKUP(P59,Key!$E$2:$F$9,2,FALSE) -> Work | R59: =K59&"-"&Q59 -> Work-Work | S59: 78 | T59: 1.5 | U59: 1 | Y59: Y | Z59: 10000
B60: 0.97083333 | C60: UAT 125S | D60: 8 | E60: 4 | F60: KAJJANSI | G60: WAKISO | H60: UGA | I60: 11 | J60: 2 | K60: =VLOOKUP(J60,Key!$E$2:$F$9,2,FALSE) -> Work | L60: KITEMU | M60: WAKISO | N60: UGA | O60: 11 | P60: 2 | Q60: =VLOOKUP(P60,Key!$E$2:$F$9,2,FALSE) -> Work | R60: =K60&"-"&Q60 -> Work-Work | V60: 6 | W60: 1 | X60: 6 | Y60: Y | Z60: 2000
B61: 0.975 | C61: UAR 403A | D61: 1 | E61: 2 | F61: MUKIKAJJO | G61: WAKISO | H61: UGA | I61: 1 | J61: 1 | K61: =VLOOKUP(J61,Key!$E$2:$F$9,2,FALSE) -> Home | L61: MPIGI | M61: MPIGI | N61: UGA | O61: 16 | P61: 8 | Q61: =VLOOKUP(P61,Key!$E$2:$F$9,2,FALSE) -> Others | R61: =K61&"-"&Q61 -> Home-Others | S61: 10 | T61: 1.5 | U61: 6 | Y61: Y | Z61: 3000
B62: 0.95833333 | C62: UEJ 642J | D62: 11 | E62: 3 | F62: KITEMU | G62: WAKISO | H62: UGA | I62: 9 | J62: 2 | K62: =VLOOKUP(J62,Key!$E$2:$F$9,2,FALSE) -> Work | L62: KIVU | M62: WAKISO | N62: UGA | O62: 11 | P62: 2 | Q62: =VLOOKUP(P62,Key!$E$2:$F$9,2,FALSE) -> Work | R62: =K62&"-"&Q62 -> Work-Work | S62: 3 | T62: 0.1 | U62: 1 | V62: 12 | W62: 2 | X62: 0.2 | Y62: Y | Z62: 1000
B63: 0.96666667 | C63: UBE 802B | D63: 1 | E63: 1 | F63: ENTEBBE | G63: WAKISO | H63: UGA | I63: 1 | J63: 1 | K63: =VLOOKUP(J63,Key!$E$2:$F$9,2,FALSE) -> Home | L63: KAMPALA | M63: KAMPALA | N63: UGA | O63: 11 | P63: 2 | Q63: =VLOOKUP(P63,Key!$E$2:$F$9,2,FALSE) -> Work | R63: =K63&"-"&Q63 -> Home-Work | S63: 45 | T63: 3 | U63: 2 | Y63: Y | Z63: 10000
B64: 0.59305556 | C64: UEV 208Q | D64: 11 | E64: 2 | F64: KIVU | G64: WAKISO | H64: UGA | I64: 8 | J64: 2 | K64: =VLOOKUP(J64,Key!$E$2:$F$9,2,FALSE) -> Work | L64: MAYA | M64: WAKISO | N64: UGA | O64: 8 | P64: 2 | Q64: =VLOOKUP(P64,Key!$E$2:$F$9,2,FALSE) -> Work | R64: =K64&"-"&Q64 -> Work-Work | S64: 10 | T64: 0.4 | U64: 1 | Y64: Y | Z64: 1000
B65: 0.59861111 | C65: UAP 432G | D65: 1 | E65: 1 | F65: KIBUYE | G65: WAKISO | H65: UGA | I65: 1 | J65: 1 | K65: =VLOOKUP(J65,Key!$E$2:$F$9,2,FALSE) -> Home | L65: NSANGI | M65: WAKISO | N65: UGA | O65: 1 | P65: 1 | Q65: =VLOOKUP(P65,Key!$E$2:$F$9,2,FALSE) -> Home | R65: =K65&"-"&Q65 -> Home-Home | S65: 25 | T65: 1 | U65: 6 | Y65: Y | Z65: 10000
B66: 0.55555556 | C66: UAY 272S | D66: 2 | E66: 3 | F66: ENTEBBE | G66: WAKISO | H66: UGA | I66: 2 | J66: 2 | K66: =VLOOKUP(J66,Key!$E$2:$F$9,2,FALSE) -> Work | L66: KAMPALA | M66: KAMPALA | N66: UGA | O66: 2 | P66: 2 | Q66: =VLOOKUP(P66,Key!$E$2:$F$9,2,FALSE) -> Work | R66: =K66&"-"&Q66 -> Work-Work | S66: 35 | T66: 3 | U66: 1 | Y66: Y | Z66: 10000
B67: 0.56180556 | C67: UDY 375Y | D67: 11 | E67: 1 | F67: KIVU | G67: WAKISO | H67: UGA | I67: 8 | J67: 2 | K67: =VLOOKUP(J67,Key!$E$2:$F$9,2,FALSE) -> Work | L67: KITEMU | M67: WAKISO | N67: UGA | O67: 8 | P67: 2 | Q67: =VLOOKUP(P67,Key!$E$2:$F$9,2,FALSE) -> Work | R67: =K67&"-"&Q67 -> Work-Work | S67: 3 | T67: 0.1 | U67: 1 | Y67: Y | Z67: 5000
B68: 0.58472222 | C68: UEA 675L | D68: 11 | E68: 1 | F68: KISOZI | G68: WAKISO | H68: UGA | I68: 8 | J68: 2 | K68: =VLOOKUP(J68,Key!$E$2:$F$9,2,FALSE) -> Work | L68: KITEMU | M68: WAKISO | N68: UGA | O68: 8 | P68: 2 | Q68: =VLOOKUP(P68,Key!$E$2:$F$9,2,FALSE) -> Work | R68: =K68&"-"&Q68 -> Work-Work | S68: 10 | T68: 0.2 | U68: 1 | Y68: Y | Z68: 1000
B69: 0.58888889 | C69: UEE 166B | D69: 11 | E69: 1 | F69: BUDDO | G69: WAKISO | H69: UGA | I69: 8 | J69: 2 | K69: =VLOOKUP(J69,Key!$E$2:$F$9,2,FALSE) -> Work | L69: KITEMU | M69: WAKISO | N69: UGA | O69: 8 | P69: 2 | Q69: =VLOOKUP(P69,Key!$E$2:$F$9,2,FALSE) -> Work | R69: =K69&"-"&Q69 -> Work-Work | S69: 6 | T69: 0.1 | U69: 1 | Y69: Y | Z69: 2000
B70: 0.40069444 | C70: UAY 836W | D70: 2 | E70: 1 | F70: KIVU | G70: WAKISO | H70: UGA | I70: 1 | J70: 1 | K70: =VLOOKUP(J70,Key!$E$2:$F$9,2,FALSE) -> Home | L70: NALUKOLONGO | M70: KAMPALA | N70: UGA | O70: 11 | P70: 2 | Q70: =VLOOKUP(P70,Key!$E$2:$F$9,2,FALSE) -> Work | R70: =K70&"-"&Q70 -> Home-Work | S70: 7 | T70: 2 | U70: 2 | Y70: Y | Z70: 10000
B71: 0.40277778 | C71: UAM 048J | D71: 1 | E71: 2 | F71: KIVU | G71: WAKISO | H71: UGA | I71: 1 | J71: 1 | K71: =VLOOKUP(J71,Key!$E$2:$F$9,2,FALSE) -> Home | L71: KAMPALA | M71: KAMPALA | N71: UGA | O71: 2 | P71: 2 | Q71: =VLOOKUP(P71,Key!$E$2:$F$9,2,FALSE) -> Work | R71: =K71&"-"&Q71 -> Home-Work | S71: 30 | T71: 2 | U71: 2 | Y71: Y | Z71: 2000
B72: 0.42986111 | C72: UEF 409Y | D72: 11 | E72: 2 | F72: BUDDO | G72: WAKISO | H72: UGA | I72: 8 | J72: 2 | K72: =VLOOKUP(J72,Key!$E$2:$F$9,2,FALSE) -> Work | L72: KITEMU | M72: WAKISO | N72: UGA | O72: 8 | P72: 2 | Q72: =VLOOKUP(P72,Key!$E$2:$F$9,2,FALSE) -> Work | R72: =K72&"-"&Q72 -> Work-Work | S72: 5 | T72: 0.2 | U72: 1 | Y72: Y | Z72: 1000
B73: 0.42847222 | C73: UBF 014U | D73: 1 | E73: 1 | F73: KIVU | G73: WAKISO | H73: UGA | I73: 1 | J73: 1 | K73: =VLOOKUP(J73,Key!$E$2:$F$9,2,FALSE) -> Home | L73: NATEETE | M73: KAMPALA | N73: UGA | O73: 2 | P73: 2 | Q73: =VLOOKUP(P73,Key!$E$2:$F$9,2,FALSE) -> Work | R73: =K73&"-"&Q73 -> Home-Work | S73: 20 | T73: 1 | U73: 2 | Y73: Y | Z73: 2000
B74: 0.42291667 | C74: UAS 273H | D74: 2 | E74: 4 | F74: NGALABI | G74: WAKISO | H74: UGA | I74: 1 | J74: 1 | K74: =VLOOKUP(J74,Key!$E$2:$F$9,2,FALSE) -> Home | L74: KITEMU | M74: WAKISO | N74: UGA | O74: 16 | P74: 8 | Q74: =VLOOKUP(P74,Key!$E$2:$F$9,2,FALSE) -> Others | R74: =K74&"-"&Q74 -> Home-Others | S74: 5 | T74: 0.7 | U74: 6 | Y74: Y | Z74: 3000
... B79: 0.43194444 | C79: UAD 409Y | D79: 7 | E79: 3 | F79: KIVU | G79: WAKISO | H79: UGA | I79: 1 | J79: 1 | K79: =VLOOKUP(J79,Key!$E$2:$F$9,2,FALSE) -> Home | L79: KYENGERA | M79: WAKISO | N79: UGA | O79: 10 | P79: 2 | Q79: =VLOOKUP(P79,Key!$E$2:$F$9,2,FALSE) -> Work | R79: =K79&"-"&Q79 -> Home-Work | S79: 10 | T79: 0.3 | U79: 1 | Y79: Y | Z79: 500
B80: 0.40486111 | C80: UBE 020S | D80: 2 | E80: 2 | F80: KIVU | G80: WAKISO | H80: UGA | I80: 1 | J80: 1 | K80: =VLOOKUP(J80,Key!$E$2:$F$9,2,FALSE) -> Home | L80: KAMPALA | M80: KAMPALA | N80: UGA | O80: 2 | P80: 2 | Q80: =VLOOKUP(P80,Key!$E$2:$F$9,2,FALSE) -> Work | R80: =K80&"-"&Q80 -> Home-Work | S80: 30 | T80: 2.5
B81: 0.40694444 | C81: UAQ 582G | D81: 1 | E81: 2 | F81: ENTEBBE | G81: WAKISO | H81: UGA | I81: 1 | J81: 1 | K81: =VLOOKUP(J81,Key!$E$2:$F$9,2,FALSE) -> Home | L81: LUGALA | M81: WAKISO | N81: UGA | O81: 2 | P81: 2 | Q81: =VLOOKUP(P81,Key!$E$2:$F$9,2,FALSE) -> Work | R81: =K81&"-"&Q81 -> Home-Work | S81: 35 | T81: 2.5 | U81: 2 | Y81: Y
B82: 0.55 | C82: UAS 699T | D82: 2 | E82: 3 | F82: KISOZI | G82: WAKISO | H82: UGA | I82: 1 | J82: 1 | K82: =VLOOKUP(J82,Key!$E$2:$F$9,2,FALSE) -> Home | L82: KITEMU | M82: WAKISO | N82: UGA | O82: 11 | P82: 4 | Q82: =VLOOKUP(P82,Key!$E$2:$F$9,2,FALSE) -> Commercial | R82: =K82&"-"&Q82 -> Home-Commercial | S82: 5 | T82: 0.1 | U82: 1 | Y82: Y | Z82: 5000
B83: 0.54166667 | C83: UAR 890K | D83: 1 | E83: 1 | F83: BUDDO | G83: WAKISO | H83: UGA | I83: 1 | J83: 1 | K83: =VLOOKUP(J83,Key!$E$2:$F$9,2,FALSE) -> Home | L83: NSANGI | M83: WAKISO | N83: UGA | O83: 4 | P83: 3 | Q83: =VLOOKUP(P83,Key!$E$2:$F$9,2,FALSE) -> Study | R83: =K83&"-"&Q83 -> Home-Study | S83: 10 | T83: 0.5 | U83: 2 | Y83: Y | Z83: 2000
B84: 0.4375 | C84: UBB 472J | D84: 2 | E84: 4 | F84: ENTEBBE | G84: WAKISO | H84: UGA | I84: 2 | J84: 2 | K84: =VLOOKUP(J84,Key!$E$2:$F$9,2,FALSE) -> Work | L84: KAMPALA | M84: KAMPALA | N84: UGA | O84: 2 | P84: 2 | Q84: =VLOOKUP(P84,Key!$E$2:$F$9,2,FALSE) -> Work | R84: =K84&"-"&Q84 -> Work-Work | S84: 36 | T84: 2 | U84: 1 | Y84: Y | Z84: 1000
B85: 0.44166667 | C85: UBC 479J | D85: 7 | E85: 2 | F85: KAJJANSI | G85: WAKISO | H85: UGA | I85: 1 | J85: 1 | K85: =VLOOKUP(J85,Key!$E$2:$F$9,2,FALSE) -> Home | L85: NSANGI | M85: WAKISO | N85: UGA | O85: 9 | P85: 2 | Q85: =VLOOKUP(P85,Key!$E$2:$F$9,2,FALSE) -> Work | R85: =K85&"-"&Q85 -> Home-Work | S85: 25 | T85: 1 | Y85: Y | Z85: 10000
B86: 0.625 | C86: UAY 085N | D86: 4 | E86: 11 | F86: KAMPALA | G86: KAMPALA | H86: UGA | I86: 6 | J86: 2 | K86: =VLOOKUP(J86,Key!$E$2:$F$9,2,FALSE) -> Work | L86: NSANGI | M86: WAKISO | N86: UGA | O86: 6 | P86: 2 | Q86: =VLOOKUP(P86,Key!$E$2:$F$9,2,FALSE) -> Work | R86: =K86&"-"&Q86 -> Work-Work | S86: 30 | T86: 1.5 | U86: 1 | Y86: Y | Z86: 10000
B87: 0.62083333 | C87: UEH 868B | D87: 1 | E87: 1 | F87: BUDDO | G87: WAKISO | H87: UGA | I87: 1 | J87: 1 | K87: =VLOOKUP(J87,Key!$E$2:$F$9,2,FALSE) -> Home | L87: KITEMU | M87: WAKISO | N87: UGA | O87: 11 | P87: 6 | Q87: =VLOOKUP(P87,Key!$E$2:$F$9,2,FALSE) -> Leisure/Social | R87: =K87&"-"&Q87 -> Home-Leisure/Social | S87: 9 | T87: 0.2 | U87: 1 | Y87: Y | Z87: 2000
B88: 0.44444444 | C88: UAP 340F | D88: 1 | E88: 2 | F88: KIBUYE | G88: KAMPALA | H88: UGA | I88: 1 | J88: 1 | K88: =VLOOKUP(J88,Key!$E$2:$F$9,2,FALSE) -> Home | L88: KITEMU | M88: WAKISO | N88: UGA | O88: 11 | P88: 2 | Q88: =VLOOKUP(P88,Key!$E$2:$F$9,2,FALSE) -> Work | R88: =K88&"-"&Q88 -> Home-Work | S88: 25 | T88: 1.5 | U88: 2 | Y88: Y | Z88: 5000
B89: 0.44791667 | C89: UAH 032X | D89: 3 | E89: 4 | F89: ENTEBBE | G89: WAKISO | H89: UGA | I89: 1 | J89: 1 | K89: =VLOOKUP(J89,Key!$E$2:$F$9,2,FALSE) -> Home | L89: MASAKA | M89: MASAKA | N89: UGA | O89: 16 | P89: 8 | Q89: =VLOOKUP(P89,Key!$E$2:$F$9,2,FALSE) -> Others | R89: =K89&"-"&Q89 -> Home-Others | S89: 205 | T89: 4 | U89: 6 | Y89: Y | Z89: 10000
B90: 0.60694444 | C90: UBA 274J | D90: 7 | E90: 3 | F90: KASOZI | G90: WAKISO | H90: UGA | I90: 11 | J90: 2 | K90: =VLOOKUP(J90,Key!$E$2:$F$9,2,FALSE) -> Work | L90: NSANGI | M90: WAKISO | N90: UGA | O90: 12 | P90: 2 | Q90: =VLOOKUP(P90,Key!$E$2:$F$9,2,FALSE) -> Work | R90: =K90&"-"&Q90 -> Work-Work | U90: 1 | V90: 11 | Y90: Y | Z90: 2000
B91: 0.61597222 | C91: UAZ 671K | D91: 7 | E91: 2 | F91: BUDDO | G91: WAKISO | H91: UGA | I91: 11 | J91: 2 | K91: =VLOOKUP(J91,Key!$E$2:$F$9,2,FALSE) -> Work | L91: NSANGI | M91: WAKISO | N91: UGA | O91: 11 | P91: 2 | Q91: =VLOOKUP(P91,Key!$E$2:$F$9,2,FALSE) -> Work | R91: =K91&"-"&Q91 -> Work-Work | S91: 7 | T91: 0.3 | U91: 1 | V91: 12 | W91: 10 | X91: 4 | Y91: Y | Z91: 2000
B92: 0.63680556 | C92: UBE 491H | D92: 7 | E92: 3 | F92: KISOZI | G92: WAKISO | H92: UGA | I92: 10 | J92: 2 | K92: =VLOOKUP(J92,Key!$E$2:$F$9,2,FALSE) -> Work | L92: KITEMU | M92: WAKISO | N92: UGA | O92: 1 | P92: 1 | Q92: =VLOOKUP(P92,Key!$E$2:$F$9,2,FALSE) -> Home | R92: =K92&"-"&Q92 -> Work-Home | S92: 7 | T92: 0.1 | U92: 1 | V92: 11 | Y92: Y | Z92: 1000
B93: 0.64236111 | C93: UBA 894X | D93: 7 | E93: 2 | F93: KISOZI | G93: WAKISO | H93: UGA | I93: 10 | J93: 2 | K93: =VLOOKUP(J93,Key!$E$2:$F$9,2,FALSE) -> Work | L93: KITEMU | M93: WAKISO | N93: UGA | O93: 1 | P93: 1 | Q93: =VLOOKUP(P93,Key!$E$2:$F$9,2,FALSE) -> Home | R93: =K93&"-"&Q93 -> Work-Home | S93: 5 | T93: 0.3 | U93: 1 | Y93: Y | Z93: 3000
B94: 0.63194444 | C94: UAW 731K | D94: 4 | E94: 14 | F94: KAJJANSI | G94: WAKISO | H94: UGA | I94: 6 | J94: 2 | K94: =VLOOKUP(J94,Key!$E$2:$F$9,2,FALSE) -> Work | L94: NSANGI | M94: WAKISO | N94: UGA | O94: 6 | P94: 2 | Q94: =VLOOKUP(P94,Key!$E$2:$F$9,2,FALSE) -> Work | R94: =K94&"-"&Q94 -> Work-Work | S94: 30 | T94: 2 | U94: 1 | Y94: Y | Z94: 1000
B95: 0.63472222 | C95: UAY 025E | D95: 2 | E95: 1 | F95: KIVU | G95: WAKISO | H95: UGA | I95: 1 | J95: 1 | K95: =VLOOKUP(J95,Key!$E$2:$F$9,2,FALSE) -> Home | L95: NSANGI | M95: WAKISO | N95: UGA | O95: 1 | P95: 1 | Q95: =VLOOKUP(P95,Key!$E$2:$F$9,2,FALSE) -> Home | R95: =K95&"-"&Q95 -> Home-Home | S95: 10 | T95: 0.3 | U95: 1 | Y95: Y | Z95: 2000
B96: 0.74097222 | C96: UAT 720H | D96: 1 | E96: 3 | F96: BUDDO | G96: WAKISO | H96: UGA | I96: 4 | J96: 2 | K96: =VLOOKUP(J96,Key!$E$2:$F$9,2,FALSE) -> Work | L96: NSANGI | M96: WAKISO | N96: UGA | O96: 1 | P96: 1 | Q96: =VLOOKUP(P96,Key!$E$2:$F$9,2,FALSE) -> Home | R96: =K96&"-"&Q96 -> Work-Home | S96: 7 | U96: 2 | Y96: Y | Z96: 10000
B97: 0.72777778 | C97: UEO 840T | D97: 11 | E97: 1 | F97: KISOZI | G97: WAKISO | H97: UGA | I97: 8 | J97: 2 | K97: =VLOOKUP(J97,Key!$E$2:$F$9,2,FALSE) -> Work | L97: KITEMU | M97: WAKISO | N97: UGA | O97: 8 | P97: 2 | Q97: =VLOOKUP(P97,Key!$E$2:$F$9,2,FALSE) -> Work | R97: =K97&"-"&Q97 -> Work-Work | S97: 10 | T97: 0.2 | U97: 1 | Y97: Y | Z97: 500
B98: 0.72222222 | C98: UEL 102Y | D98: 11 | E98: 2 | F98: KIVU | G98: WAKISO | H98: UGA | I98: 8 | J98: 2 | K98: =VLOOKUP(J98,Key!$E$2:$F$9,2,FALSE) -> Work | L98: KYENGERA | M98: WAKISO | N98: UGA | O98: 8 | P98: 2 | Q98: =VLOOKUP(P98,Key!$E$2:$F$9,2,FALSE) -> Work | R98: =K98&"-"&Q98 -> Work-Work | S98: 15 | T98: 0.3 | U98: 1 | Y98: Y | Z98: 0
B99: 0.71388889 | C99: UAW 535W | D99: 4 | E99: 14 | F99: KISENYI | G99: KAMPALA | H99: UGA | I99: 6 | J99: 2 | K99: =VLOOKUP(J99,Key!$E$2:$F$9,2,FALSE) -> Work | L99: NSANGI | M99: WAKISO | N99: UGA | O99: 6 | P99: 2 | Q99: =VLOOKUP(P99,Key!$E$2:$F$9,2,FALSE) -> Work | R99: =K99&"-"&Q99 -> Work-Work | S99: 30 | T99: 2 | U99: 1 | Y99: Y | Z99: 2000
B100: 0.76319444 | C100: UDW 619E | D100: 11 | E100: 2 | F100: KIVU | G100: WAKISO | H100: UGA | I100: 8 | J100: 2 | K100: =VLOOKUP(J100,Key!$E$2:$F$9,2,FALSE) -> Work | L100: KITEMU | M100: WAKISO | N100: UGA | O100: 8 | P100: 2 | Q100: =VLOOKUP(P100,Key!$E$2:$F$9,2,FALSE) -> Work | R100: =K100&"-"&Q100 -> Work-Work | S100: 3 | T100: 0.1 | U100: 1 | Y100: Y | Z100: 1000
B101: 0.75694444 | C101: UEO 869T | D101: 11 | E101: 1 | F101: KISOZI | G101: WAKISO | H101: UGA | I101: 8 | J101: 2 | K101: =VLOOKUP(J101,Key!$E$2:$F$9,2,FALSE) -> Work | L101: KITEMU | M101: WAKISO | N101: UGA | O101: 8 | P101: 2 | Q101: =VLOOKUP(P101,Key!$E$2:$F$9,2,FALSE) -> Work | R101: =K101&"-"&Q101 -> Work-Work | S101: 6 | T101: 0.1 | U101: 1 | Y101: Y | Z101: 0
B102: 0.76666667 | C102: UBE 365M | D102: 7 | E102: 3 | F102: KAJJANSI | G102: WAKISO | H102: UGA | I102: 10 | J102: 2 | K102: =VLOOKUP(J102,Key!$E$2:$F$9,2,FALSE) -> Work | L102: KITEMU | M102: WAKISO | N102: UGA | O102: 1 | P102: 1 | Q102: =VLOOKUP(P102,Key!$E$2:$F$9,2,FALSE) -> Home | R102: =K102&"-"&Q102 -> Work-Home | S102: 25 | T102: 1 | U102: 1 | Y102: Y | Z102: 0
B103: 0.76527778 | C103: UAK 980S | D103: 1 | E103: 1 | F103: ENTEBBE | G103: WAKISO | H103: UGA | I103: 1 | J103: 1 | K103: =VLOOKUP(J103,Key!$E$2:$F$9,2,FALSE) -> Home | L103: MASAKA | M103: MASAKA | N103: UGA | O103: 1 | P103: 1 | Q103: =VLOOKUP(P103,Key!$E$2:$F$9,2,FALSE) -> Home | R103: =K103&"-"&Q103 -> Home-Home | S103: 200 | T103: 4 | U103: 6 | Y103: Y | Z103: 10000
B104: 0.78125 | C104: UBD 293L | D104: 2 | E104: 1 | F104: ENTEBBE | G104: WAKISO | H104: UGA | I104: 2 | J104: 2 | K104: =VLOOKUP(J104,Key!$E$2:$F$9,2,FALSE) -> Work | L104: NSANGI | M104: WAKISO | N104: UGA | O104: 1 | P104: 1 | Q104: =VLOOKUP(P104,Key!$E$2:$F$9,2,FALSE) -> Home | R104: =K104&"-"&Q104 -> Work-Home | S104: 28 | T104: 1.5 | U104: 2 | Y104: Y | Z104: 10000
B105: 0.78680556 | C105: UET 225L | D105: 11 | E105: 2 | F105: KISOZI | G105: WAKISO | H105: UGA | I105: 8 | J105: 2 | K105: =VLOOKUP(J105,Key!$E$2:$F$9,2,FALSE) -> Work | L105: KITEMU | M105: WAKISO | N105: UGA | O105: 8 | P105: 2 | Q105: =VLOOKUP(P105,Key!$E$2:$F$9,2,FALSE) -> Work | R105: =K105&"-"&Q105 -> Work-Work | S105: 7 | T105: 0.2 | U105: 1 | Y105: Y | Z105: 500
B106: 0.52083333 | C106: UAV 594V | D106: 8 | E106: 3 | F106: KIVU | G106: WAKISO | H106: UGA | I106: 11 | J106: 2 | K106: =VLOOKUP(J106,Key!$E$2:$F$9,2,FALSE) -> Work | L106: NAMAGAMBA | M106: WAKISO | N106: UGA | O106: 11 | P106: 2 | Q106: =VLOOKUP(P106,Key!$E$2:$F$9,2,FALSE) -> Work | R106: =K106&"-"&Q106 -> Work-Work | S106: 6 | U106: 1 | V106: 6 | W106: 1 | Y106: Y | Z106: 5000
B107: 0.53333333 | C107: UAP 213K | D107: 1 | E107: 1 | F107: KIBENJA | G107: WAKISO | H107: UGA | I107: 1 | J107: 1 | K107: =VLOOKUP(J107,Key!$E$2:$F$9,2,FALSE) -> Home | L107: NSANGI | M107: WAKISO | N107: UGA | O107: 1 | P107: 1 | Q107: =VLOOKUP(P107,Key!$E$2:$F$9,2,FALSE) -> Home | R107: =K107&"-"&Q107 -> Home-Home | S107: 5 | T107: 1 | U107: 1 | Y107: Y | Z107: 0
B108: 0.57569444 | C108: UAT 226K | D108: 1 | E108: 2 | F108: KIVU | G108: WAKISO | H108: UGA | I108: 2 | J108: 2 | K108: =VLOOKUP(J108,Key!$E$2:$F$9,2,FALSE) -> Work | L108: MAYA | M108: WAKISO | N108: UGA | O108: 1 | P108: 1 | Q108: =VLOOKUP(P108,Key!$E$2:$F$9,2,FALSE) -> Home | R108: =K108&"-"&Q108 -> Work-Home | S108: 5 | T108: 1 | Y108: Y | Z108: 1000
B109: 0.57361111 | C109: UAT 015P | D109: 1 | E109: 4 | F109: NDEEBA | G109: KAMPALA | H109: UGA | I109: 2 | J109: 2 | K109: =VLOOKUP(J109,Key!$E$2:$F$9,2,FALSE) -> Work | L109: KITEMU | M109: WAKISO | N109: UGA | O109: 1 | P109: 1 | Q109: =VLOOKUP(P109,Key!$E$2:$F$9,2,FALSE) -> Home | R109: =K109&"-"&Q109 -> Work-Home | S109: 15 | T109: 1.5 | U109: 3 | Y109: Y | Z109: 1000
B110: 0.55694444 | C110: UAP 075V | D110: 1 | E110: 4 | F110: KIBEJJA | G110: WAKISO | H110: UGA | I110: 2 | J110: 2 | K110: =VLOOKUP(J110,Key!$E$2:$F$9,2,FALSE) -> Work | L110: KYENGERA | M110: WAKISO | N110: UGA | O110: 1 | P110: 1 | Q110: =VLOOKUP(P110,Key!$E$2:$F$9,2,FALSE) -> Home | R110: =K110&"-"&Q110 -> Work-Home | S110: 5 | T110: 1 | U110: 1 | Y110: Y | Z110: 500
B111: 0.56180556 | C111: UBA 672T | D111: 4 | E111: 14 | F111: KIVU | G111: WAKISO | H111: UGA | I111: 6 | J111: 2 | K111: =VLOOKUP(J111,Key!$E$2:$F$9,2,FALSE) -> Work | L111: NSANGI | M111: WAKISO | N111: UGA | O111: 6 | P111: 2 | Q111: =VLOOKUP(P111,Key!$E$2:$F$9,2,FALSE) -> Work | R111: =K111&"-"&Q111 -> Work-Work | S111: 5 | T111: 1.5 | U111: 1 | Y111: Y | Z111: 500
B112: 0.56319444 | C112: UBF 472J | D112: 3 | E112: 4 | F112: KIVU | G112: WAKISO | H112: UGA | I112: 3 | J112: 2 | K112: =VLOOKUP(J112,Key!$E$2:$F$9,2,FALSE) -> Work | L112: KITEMU | M112: WAKISO | N112: UGA | O112: 1 | P112: 1 | Q112: =VLOOKUP(P112,Key!$E$2:$F$9,2,FALSE) -> Home | R112: =K112&"-"&Q112 -> Work-Home | S112: 0.5 | T112: 0.1 | U112: 1 | Y112: Y | Z112: 0
B113: 0.56875 | C113: UAX 701Q | D113: 1 | E113: 3 | F113: KISOZI | G113: WAKISO | H113: UGA | I113: 2 | J113: 2 | K113: =VLOOKUP(J113,Key!$E$2:$F$9,2,FALSE) -> Work | L113: KYENGERA | M113: WAKISO | N113: UGA | O113: 1 | P113: 1 | Q113: =VLOOKUP(P113,Key!$E$2:$F$9,2,FALSE) -> Home | R113: =K113&"-"&Q113 -> Work-Home | S113: 5 | T113: 0.7 | U113: 2 | Y113: Y | Z113: 500
B114: 0.21875 | C114: UAW 203X | D114: 1 | E114: 4 | F114: KIBEJJA | G114: WAKISO | H114: UGA | I114: 1 | J114: 1 | K114: =VLOOKUP(J114,Key!$E$2:$F$9,2,FALSE) -> Home | L114: KITEMU | M114: WAKISO | N114: UGA | O114: 2 | P114: 2 | Q114: =VLOOKUP(P114,Key!$E$2:$F$9,2,FALSE) -> Work | R114: =K114&"-"&Q114 -> Home-Work | S114: 3 | T114: 0.5 | U114: 3 | Y114: Y | Z114: 500
B115: 0.22361111 | C115: UAA 182K | D115: 1 | E115: 4 | F115: KIVU | G115: WAKISO | H115: UGA | I115: 1 | J115: 1 | K115: =VLOOKUP(J115,Key!$E$2:$F$9,2,FALSE) -> Home | L115: KAMPALA | M115: KAMPALA | N115: UGA | O115: 2 | P115: 2 | Q115: =VLOOKUP(P115,Key!$E$2:$F$9,2,FALSE) -> Work | R115: =K115&"-"&Q115 -> Home-Work | S115: 15 | T115: 2 | U115: 2 | Y115: Y | Z115: 1000
B116: 0.20833333 | C116: UBB 232C | D116: 1 | E116: 2 | F116: KIVU | G116: WAKISO | H116: UGA | I116: 2 | J116: 2 | K116: =VLOOKUP(J116,Key!$E$2:$F$9,2,FALSE) -> Work | L116: MENGO | M116: KAMPALA | N116: UGA | O116: 2 | P116: 2 | Q116: =VLOOKUP(P116,Key!$E$2:$F$9,2,FALSE) -> Work | R116: =K116&"-"&Q116 -> Work-Work | S116: 18 | T116: 2 | U116: 2 | Y116: Y | Z116: 1000
B117: 0.21180556 | C117: UAX 888P | D117: 1 | E117: 3 | F117: KISOZI | G117: WAKISO | H117: UGA | I117: 1 | J117: 1 | K117: =VLOOKUP(J117,Key!$E$2:$F$9,2,FALSE) -> Home | L117: KYENGERA | M117: WAKISO | N117: UGA | O117: 2 | P117: 2 | Q117: =VLOOKUP(P117,Key!$E$2:$F$9,2,FALSE) -> Work | R117: =K117&"-"&Q117 -> Home-Work | S117: 5 | T117: 1 | U117: 2 | Y117: Y | Z117: 5000
B118: 0.55486111 | C118: UAQ 406G | D118: 1 | E118: 2 | F118: KISOZI | G118: WAKISO | H118: UGA | I118: 2 | J118: 2 | K118: =VLOOKUP(J118,Key!$E$2:$F$9,2,FALSE) -> Work | L118: NSANGI | M118: WAKISO | N118: UGA | O118: 1 | P118: 1 | Q118: =VLOOKUP(P118,Key!$E$2:$F$9,2,FALSE) -> Home | R118: =K118&"-"&Q118 -> Work-Home | S118: 5 | T118: 0.5 | U118: 6 | Y118: Y | Z118: 500
B119: 0.54513889 | C119: UBF 236J | D119: 3 | E119: 4 | F119: KIBEJJA | G119: WAKISO | H119: UGA | I119: 1 | J119: 1 | K119: =VLOOKUP(J119,Key!$E$2:$F$9,2,FALSE) -> Home | L119: NSANGI | M119: WAKISO | N119: UGA | O119: 1 | P119: 1 | Q119: =VLOOKUP(P119,Key!$E$2:$F$9,2,FALSE) -> Home | R119: =K119&"-"&Q119 -> Home-Home | S119: 5 | T119: 0.1 | U119: 2 | Y119: Y | Z119: 500
B120: 0.54166667 | C120: UAZ 088J | D120: 1 | E120: 3 | F120: KISOZI | G120: WAKISO | H120: UGA | I120: 2 | J120: 2 | K120: =VLOOKUP(J120,Key!$E$2:$F$9,2,FALSE) -> Work | L120: NSANGI | M120: WAKISO | N120: UGA | O120: 1 | P120: 1 | Q120: =VLOOKUP(P120,Key!$E$2:$F$9,2,FALSE) -> Home | R120: =K120&"-"&Q120 -> Work-Home | S120: 3 | T120: 0.5 | U120: 2 | Y120: Y | Z120: 0
... B153: 0.39583333 | C153: UBE 878H | D153: 3 | E153: 2 | F153: KIVU | G153: WAKISO | H153: UGA | I153: 1 | J153: 1 | K153: =VLOOKUP(J153,Key!$E$2:$F$9,2,FALSE) -> Home | L153: KITEMU | M153: WAKISO | N153: UGA | O153: 3 | P153: 2 | Q153: =VLOOKUP(P153,Key!$E$2:$F$9,2,FALSE) -> Work | R153: =K153&"-"&Q153 -> Home-Work | S153: 0.5 | T153: 0.1 | U153: 2 | Y153: Y | Z153: 1000

Sheet 12.10 KITEMU-BUDDO
B1: Consultancy services for Preparation of Expressway Development Master Plan (EDMP) for Uganda
B2: Roadside OD Interview Survey
B4: Date: | C4: ='12.10 BUDDO-KITEMU'!C4 -> 12.10.19 | E4: Road Name: | F4: ='12.10 BUDDO-KITEMU'!F4:G4 -> BUDO ROAD | I4: Direction From: | L4: KITEMU | N4: Interviewers: | O4: CLAIR, JOHN | V4: Supervisor: | W4: ='12.10 BUDDO-KITEMU'!W4 -> FLORENCE | Y4: Coded By: | Z4: ='12.10 BUDDO-KITEMU'!Z4 -> DAVID | AA4: Chkd By: | AB4: ='12.10 BUDDO-KITEMU'!AB4 -> Bakole Deo
I5: Direction To: | L5: BUDDO
B7: Time | C7: Veh_Reg_No. | D7: Veh_Type | E7: No. Occupants | F7: Origin_Address | I7: Origin_Establish | J7: Origin_Purpose | K7: Origin-Purpose Desc | L7: Destination_Address | O7: Destination_Establish | P7: Destination_Purpose | Q7: Destination_Purpose Desc | R7: Journey_Purpose | S7: Approx_Distance (Km) | T7: Approx_Journey Time (Hrs) | U7: Trip_Frequency | V7: GOODS VEHICLES ONLY | Y7: Would You Use Xpressways? | Z7: Pay How Much? (UGX) | AA7: Origin_Zone | AB7: Dest_Zone
F8: Village or Town | G8: District | H8: Country | L8: Village or Town | M8: District | N8: Country | V8: Goods_Type | W8: Goods_Quantity (Ton) | X8: Goods_Value (UGXm)
B9: 0.20902778 | C9: UAZ 475Y | D9: 1 | E9: 1 | F9: KITEMU | G9: WAKISO | H9: UGA | I9: 1 | J9: 1 | K9: =VLOOKUP(J9,Key!$E$2:$F$9,2,FALSE) -> Home | L9: BUDDO | M9: WAKISO | N9: UGA | O9: 11 | P9: 2 | Q9: =VLOOKUP(P9,Key!$E$2:$F$9,2,FALSE) -> Work | R9: =K9&"-"&Q9 -> Home-Work | S9: 20 | T9: 1 | U9: 2 | Y9: Y | Z9: 1000
B10: 0.225 | C10: UAY 343P | D10: 3 | E10: 2 | F10: KAMPALA | G10: KAMPALA | H10: UGA | I10: 2 | J10: 2 | K10: =VLOOKUP(J10,Key!$E$2:$F$9,2,FALSE) -> Work | L10: BUDDO | M10: WAKISO | N10: UGA | O10: 1 | P10: 1 | Q10: =VLOOKUP(P10,Key!$E$2:$F$9,2,FALSE) -> Home | R10: =K10&"-"&Q10 -> Work-Home | S10: 20 | T10: 2 | U10: 3 | Y10: Y | Z10: 0
B11: 0.96388889 | C11: UAX 518G | D11: 1 | E11: 1 | F11: BUDDO | G11: WAKISO | H11: UGA | I11: 2 | J11: 2 | K11: =VLOOKUP(J11,Key!$E$2:$F$9,2,FALSE) -> Work | L11: KISOZI | M11: WAKISO | N11: UGA | O11: 1 | P11: 1 | Q11: =VLOOKUP(P11,Key!$E$2:$F$9,2,FALSE) -> Home | R11: =K11&"-"&Q11 -> Work-Home | S11: 15 | T11: 1 | Y11: Y | Z11: 2000
B12: 0.8125 | C12: UAW 040E | D12: 1 | E12: 1 | F12: NSANGI | G12: WAKISO | H12: UGA | I12: 2 | J12: 2 | K12: =VLOOKUP(J12,Key!$E$2:$F$9,2,FALSE) -> Work | L12: KIVU | M12: WAKISO | N12: UGA | O12: 1 | P12: 1 | Q12: =VLOOKUP(P12,Key!$E$2:$F$9,2,FALSE) -> Home | R12: =K12&"-"&Q12 -> Work-Home | S12: 8 | T12: 1 | U12: 1 | Y12: Y | Z12: 1000
B13: 0.79444444 | C13: UAV 918W | D13: 1 | E13: 2 | F13: BUSEGA | G13: KAMPALA | H13: UGA | I13: 2 | J13: 2 | K13: =VLOOKUP(J13,Key!$E$2:$F$9,2,FALSE) -> Work | L13: KISOZI | M13: WAKISO | N13: UGA | O13: 1 | P13: 1 | Q13: =VLOOKUP(P13,Key!$E$2:$F$9,2,FALSE) -> Home | R13: =K13&"-"&Q13 -> Work-Home | S13: 8 | T13: 1 | U13: 1 | Y13: Y | Z13: 2000
B14: 0.81666667 | C14: UBA 448W | D14: 1 | E14: 2 | F14: KAYABWE | G14: KALUNGU | H14: UGA | I14: 11 | J14: 2 | K14: =VLOOKUP(J14,Key!$E$2:$F$9,2,FALSE) -> Work | L14: KIVU | M14: WAKISO | N14: UGA | O14: 1 | P14: 1 | Q14: =VLOOKUP(P14,Key!$E$2:$F$9,2,FALSE) -> Home | R14: =K14&"-"&Q14 -> Work-Home | S14: 25 | T14: 1.5 | Y14: Y | Z14: 0
B15: 0.81388889 | C15: UBF 731F | D15: 8 | E15: 2 | F15: MASAKA | G15: MASAKA | H15: UGA | I15: 7 | J15: 4 | K15: =VLOOKUP(J15,Key!$E$2:$F$9,2,FALSE) -> Commercial | L15: KITEMU | M15: WAKISO | N15: UGA | O15: 10 | P15: 4 | Q15: =VLOOKUP(P15,Key!$E$2:$F$9,2,FALSE) -> Commercial | R15: =K15&"-"&Q15 -> Commercial-Commercial | S15: 138 | T15: 3 | U15: 1 | V15: 4 | W15: 2 | X15: 7 | Y15: Y | Z15: 0
B16: 0.82291667 | C16: UBB 273F | D16: 1 | E16: 2 | F16: BUSEGA | G16: KAMPALA | H16: UGA | I16: 2 | J16: 2 | K16: =VLOOKUP(J16,Key!$E$2:$F$9,2,FALSE) -> Work | L16: KITEMU | M16: WAKISO | N16: UGA | O16: 1 | P16: 1 | Q16: =VLOOKUP(P16,Key!$E$2:$F$9,2,FALSE) -> Home | R16: =K16&"-"&Q16 -> Work-Home | S16: 8 | T16: 1 | U16: 1 | Y16: N | Z16: 0
B17: 0.82638889 | C17: UBB 266R | D17: 1 | E17: 3 | F17: NATEETE | G17: KAMPALA | H17: UGA | I17: 2 | J17: 2 | K17: =VLOOKUP(J17,Key!$E$2:$F$9,2,FALSE) -> Work | L17: BUDDO | M17: KAMPALA | N17: UGA | O17: 1 | P17: 1 | Q17: =VLOOKUP(P17,Key!$E$2:$F$9,2,FALSE) -> Home | R17: =K17&"-"&Q17 -> Work-Home | S17: 10 | T17: 1 | U17: 1 | Y17: Y | Z17: 0
B18: 0.84166667 | C18: UBE 856N | D18: 2 | E18: 1 | F18: MPIGI | G18: MPIGI | H18: UGA | I18: 2 | J18: 2 | K18: =VLOOKUP(J18,Key!$E$2:$F$9,2,FALSE) -> Work | L18: KIKAJJO | M18: WAKISO | N18: UGA | O18: 1 | P18: 1 | Q18: =VLOOKUP(P18,Key!$E$2:$F$9,2,FALSE) -> Home | R18: =K18&"-"&Q18 -> Work-Home | S18: 40 | T18: 1 | U18: 1 | Y18: Y | Z18: 3000
B19: 0.84305556 | C19: UBE 302Q | D19: 2 | E19: 2 | F19: MASAKA | G19: MASAKA | H19: UGA | I19: 2 | J19: 2 | K19: =VLOOKUP(J19,Key!$E$2:$F$9,2,FALSE) -> Work | L19: BUDDO | M19: WAKISO | N19: UGA | O19: 1 | P19: 1 | Q19: =VLOOKUP(P19,Key!$E$2:$F$9,2,FALSE) -> Home | R19: =K19&"-"&Q19 -> Work-Home | S19: 138 | T19: 2 | U19: 1 | Y19: Y | Z19: 0
B20: 0.84722222 | C20: UAV 215R | D20: 2 | E20: 2 | F20: KITEMU | G20: WAKISO | H20: UGA | I20: 11 | J20: 2 | K20: =VLOOKUP(J20,Key!$E$2:$F$9,2,FALSE) -> Work | L20: BUDDO | M20: WAKISO | N20: UGA | O20: 1 | P20: 1 | Q20: =VLOOKUP(P20,Key!$E$2:$F$9,2,FALSE) -> Home | R20: =K20&"-"&Q20 -> Work-Home | S20: 3 | T20: 0.2 | U20: 1 | Y20: Y | Z20: 0
B21: 0.85069444 | C21: UAT 235Q | D21: 1 | E21: 1 | F21: KAMPALA | G21: KAMPALA | H21: UGA | I21: 2 | J21: 2 | K21: =VLOOKUP(J21,Key!$E$2:$F$9,2,FALSE) -> Work | L21: JUMBA | M21: WAKISO | N21: UGA | O21: 1 | P21: 1 | Q21: =VLOOKUP(P21,Key!$E$2:$F$9,2,FALSE) -> Home | R21: =K21&"-"&Q21 -> Work-Home | S21: 9 | T21: 1 | U21: 1 | Y21: Y | Z21: 2000
B22: 0.85347222 | C22: UAG 313C | D22: 1 | E22: 2 | F22: KAMPALA | G22: KAMPALA | H22: UGA | I22: 2 | J22: 2 | K22: =VLOOKUP(J22,Key!$E$2:$F$9,2,FALSE) -> Work | L22: NAGALABE | M22: WAKISO | N22: UGA | O22: 1 | P22: 1 | Q22: =VLOOKUP(P22,Key!$E$2:$F$9,2,FALSE) -> Home | R22: =K22&"-"&Q22 -> Work-Home | S22: 20 | T22: 1 | U22: 1 | Y22: Y | Z22: 1000
B23: 0.86041667 | C23: UAX 752X | D23: 1 | E23: 1 | F23: KAYABWE | G23: MPIGI | H23: UGA | I23: 16 | J23: 2 | K23: =VLOOKUP(J23,Key!$E$2:$F$9,2,FALSE) -> Work | L23: NAGALABE | M23: WAKISO | N23: UGA | O23: 1 | P23: 1 | Q23: =VLOOKUP(P23,Key!$E$2:$F$9,2,FALSE) -> Home | R23: =K23&"-"&Q23 -> Work-Home | S23: 85 | T23: 0.7 | U23: 1 | Y23: Y | Z23: 0
B24: 0.86111111 | C24: UAB 389N | D24: 1 | E24: 1 | F24: KAMPALA | G24: KAMPALA | H24: UGA | I24: 2 | J24: 2 | K24: =VLOOKUP(J24,Key!$E$2:$F$9,2,FALSE) -> Work | L24: KISOZI | M24: WAKISO | N24: UGA | O24: 1 | P24: 1 | Q24: =VLOOKUP(P24,Key!$E$2:$F$9,2,FALSE) -> Home | R24: =K24&"-"&Q24 -> Work-Home | S24: 22 | T24: 1 | U24: 1 | Y24: Y | Z24: 0
B25: 0.86458333 | C25: UAN 814D | D25: 2 | E25: 5 | F25: MASAKA | G25: MASAKA | H25: UGA | I25: 16 | J25: 6 | K25: =VLOOKUP(J25,Key!$E$2:$F$9,2,FALSE) -> Leisure/Social | L25: ENTEBBE | M25: WAKISO | N25: UGA | O25: 16 | P25: 1 | Q25: =VLOOKUP(P25,Key!$E$2:$F$9,2,FALSE) -> Home | R25: =K25&"-"&Q25 -> Leisure/Social-Home | S25: 250 | T25: 5 | U25: 6 | Y25: Y | Z25: 0
B26: 0.875 | C26: UBE 020S | D26: 2 | E26: 2 | F26: KAMPALA | G26: KAMPALA | H26: UGA | I26: 2 | J26: 2 | K26: =VLOOKUP(J26,Key!$E$2:$F$9,2,FALSE) -> Work | L26: KIVU | M26: WAKISO | N26: UGA | O26: 1 | P26: 1 | Q26: =VLOOKUP(P26,Key!$E$2:$F$9,2,FALSE) -> Home | R26: =K26&"-"&Q26 -> Work-Home | S26: 9 | T26: 1 | U26: 1 | Y26: Y | Z26: 0
B27: 0.88888889 | C27: UAV 323Q | D27: 1 | E27: 3 | F27: KAMPALA | G27: KAMPALA | H27: UGA | I27: 2 | J27: 2 | K27: =VLOOKUP(J27,Key!$E$2:$F$9,2,FALSE) -> Work | L27: KITEMU | M27: WAKISO | N27: UGA | O27: 1 | P27: 1 | Q27: =VLOOKUP(P27,Key!$E$2:$F$9,2,FALSE) -> Home | R27: =K27&"-"&Q27 -> Work-Home | S27: 10 | T27: 1 | U27: 1 | V27: 12 | W27: 5 | Y27: Y | Z27: 0
B28: 0.82986111 | C28: UAP 449P | D28: 1 | E28: 1 | F28: KYENGERA | G28: WAKISO | H28: UGA | I28: 2 | J28: 2 | K28: =VLOOKUP(J28,Key!$E$2:$F$9,2,FALSE) -> Work | L28: KIVU | M28: WAKISO | N28: UGA | O28: 1 | P28: 1 | Q28: =VLOOKUP(P28,Key!$E$2:$F$9,2,FALSE) -> Home | R28: =K28&"-"&Q28 -> Work-Home | S28: 120 | T28: 7 | U28: 1 | Y28: Y | Z28: 0
B29: 0.84166667 | C29: UBB 322T | D29: 1 | E29: 1 | F29: NAMAGOMA | G29: MPIGI | H29: UGA | I29: 1 | J29: 1 | K29: =VLOOKUP(J29,Key!$E$2:$F$9,2,FALSE) -> Home | L29: KISOZI | M29: WAKISO | N29: UGA | O29: 1 | P29: 1 | Q29: =VLOOKUP(P29,Key!$E$2:$F$9,2,FALSE) -> Home | R29: =K29&"-"&Q29 -> Home-Home | S29: 20 | T29: 1 | U29: 1 | Y29: Y | Z29: 1000
B30: 0.89583333 | C30: UBB 593M | D30: 1 | E30: 2 | F30: KAMPALA | G30: KAMPALA | H30: UGA | I30: 2 | J30: 2 | K30: =VLOOKUP(J30,Key!$E$2:$F$9,2,FALSE) -> Work | L30: KITEMU | M30: WAKISO | N30: UGA | O30: 1 | P30: 1 | Q30: =VLOOKUP(P30,Key!$E$2:$F$9,2,FALSE) -> Home | R30: =K30&"-"&Q30 -> Work-Home | S30: 10 | T30: 1 | U30: 1 | Y30: Y | Z30: 0
B31: 0.89930556 | C31: UAK 269D | D31: 1 | E31: 2 | F31: KITEMU | G31: WAKISO | H31: UGA | I31: 2 | J31: 2 | K31: =VLOOKUP(J31,Key!$E$2:$F$9,2,FALSE) -> Work | L31: KIVU | M31: WAKISO | N31: UGA | O31: 1 | P31: 1 | Q31: =VLOOKUP(P31,Key!$E$2:$F$9,2,FALSE) -> Home | R31: =K31&"-"&Q31 -> Work-Home | S31: 3 | T31: 1 | U31: 1 | Y31: Y | Z31: 1000
B32: 0.90625 | C32: UAT 325K | D32: 2 | E32: 4 | F32: NAMAGOMA | G32: WAKISO | H32: UGA | I32: 2 | J32: 2 | K32: =VLOOKUP(J32,Key!$E$2:$F$9,2,FALSE) -> Work | L32: KIVU | M32: WAKISO | N32: UGA | O32: 1 | P32: 1 | Q32: =VLOOKUP(P32,Key!$E$2:$F$9,2,FALSE) -> Home | R32: =K32&"-"&Q32 -> Work-Home | S32: 8 | T32: 1 | U32: 1 | Y32: Y | Z32: 2000
B33: 0.90972222 | C33: UAY 836Y | D33: 1 | E33: 2 | F33: KAMPALA | G33: KAMPALA | H33: UGA | I33: 2 | J33: 2 | K33: =VLOOKUP(J33,Key!$E$2:$F$9,2,FALSE) -> Work | L33: JUMBA | M33: WAKISO | N33: UGA | O33: 1 | P33: 1 | Q33: =VLOOKUP(P33,Key!$E$2:$F$9,2,FALSE) -> Home | R33: =K33&"-"&Q33 -> Work-Home | S33: 10 | T33: 1 | U33: 1 | Y33: Y | Z33: 0
B34: 0.91319444 | C34: UAW 433Y | D34: 1 | E34: 1 | F34: KAMPALA | G34: KAMPALA | H34: UGA | I34: 2 | J34: 2 | K34: =VLOOKUP(J34,Key!$E$2:$F$9,2,FALSE) -> Work | L34: BUDDO | M34: WAKISO | N34: UGA | O34: 1 | P34: 1 | Q34: =VLOOKUP(P34,Key!$E$2:$F$9,2,FALSE) -> Home | R34: =K34&"-"&Q34 -> Work-Home | S34: 10 | T34: 3 | U34: 1 | Y34: Y | Z34: 0
B35: 0.92708333 | C35: UAP 295H | D35: 2 | E35: 1 | F35: KAMPALA | G35: KAMPALA | H35: UGA | I35: 2 | J35: 2 | K35: =VLOOKUP(J35,Key!$E$2:$F$9,2,FALSE) -> Work | L35: KIVU | M35: WAKISO | N35: UGA | O35: 1 | P35: 1 | Q35: =VLOOKUP(P35,Key!$E$2:$F$9,2,FALSE) -> Home | R35: =K35&"-"&Q35 -> Work-Home | S35: 8 | T35: 2 | U35: 1 | Y35: Y | Z35: 0
B36: 0.93055556 | C36: UAZ 745C | D36: 2 | E36: 1 | F36: MUKONO | G36: MOKONO | H36: UGA | I36: 16 | J36: 2 | K36: =VLOOKUP(J36,Key!$E$2:$F$9,2,FALSE) -> Work | L36: KISOZI | M36: WAKISO | N36: UGA | O36: 1 | P36: 1 | Q36: =VLOOKUP(P36,Key!$E$2:$F$9,2,FALSE) -> Home | R36: =K36&"-"&Q36 -> Work-Home | S36: 150 | T36: 3 | U36: 1 | Y36: Y | Z36: 0
B37: 0.93402778 | C37: KBS 156S | D37: 2 | E37: 2 | F37: BUTAMBALA | G37: BUTAMBALA | H37: UGA | I37: 16 | J37: 4 | K37: =VLOOKUP(J37,Key!$E$2:$F$9,2,FALSE) -> Commercial | L37: NAGALABE | M37: WAKISO | N37: UGA | O37: 16 | P37: 6 | Q37: =VLOOKUP(P37,Key!$E$2:$F$9,2,FALSE) -> Leisure/Social | R37: =K37&"-"&Q37 -> Commercial-Leisure/Social | S37: 88 | T37: 1 | U37: 1 | Y37: Y | Z37: 1000
B38: 0.9375 | C38: UBD 652E | D38: 2 | E38: 2 | F38: KYENGERA | G38: WAKISO | H38: UGA | I38: 2 | J38: 2 | K38: =VLOOKUP(J38,Key!$E$2:$F$9,2,FALSE) -> Work | L38: KIVU | M38: WAKISO | N38: UGA | O38: 1 | P38: 1 | Q38: =VLOOKUP(P38,Key!$E$2:$F$9,2,FALSE) -> Home | R38: =K38&"-"&Q38 -> Work-Home | S38: 3 | T38: 1 | U38: 1 | Y38: Y | Z38: 0
B39: 0.94791667 | C39: UAL 553U | D39: 4 | E39: 4 | F39: BUDDO | G39: WAKISO | H39: UGA | I39: 2 | J39: 2 | K39: =VLOOKUP(J39,Key!$E$2:$F$9,2,FALSE) -> Work | L39: KIVU | M39: WAKISO | N39: UGA | O39: 1 | P39: 1 | Q39: =VLOOKUP(P39,Key!$E$2:$F$9,2,FALSE) -> Home | R39: =K39&"-"&Q39 -> Work-Home | S39: 6 | T39: 0.5 | U39: 1 | Y39: Y | Z39: 5000
... B51: 0.42430556 | C51: UBC 269C | D51: 1 | E51: 1 | F51: KITEMU | G51: WAKISO | H51: UGA | I51: 1 | J51: 1 | K51: =VLOOKUP(J51,Key!$E$2:$F$9,2,FALSE) -> Home | L51: KYENGERA | M51: WAKISO | N51: UGA | O51: 1 | P51: 1 | Q51: =VLOOKUP(P51,Key!$E$2:$F$9,2,FALSE) -> Home | R51: =K51&"-"&Q51 -> Home-Home | S51: 1 | T51: 0.3 | U51: 4 | Y51: Y | Z51: 5000
B52: 0.92013889 | C52: UAP 384P | D52: 2 | E52: 3 | F52: NYENDO | G52: WAKISO | H52: UGA | I52: 7 | J52: 4 | K52: =VLOOKUP(J52,Key!$E$2:$F$9,2,FALSE) -> Commercial | L52: KAMPALA | M52: KAMPALA | N52: UGA | O52: 3 | P52: 2 | Q52: =VLOOKUP(P52,Key!$E$2:$F$9,2,FALSE) -> Work | R52: =K52&"-"&Q52 -> Commercial-Work | S52: 180 | T52: 2 | V52: 1 | W52: 1 | X52: 0.6 | Y52: Y | Z52: 5000
B53: 0.9375 | C53: UAA 133L | D53: 1 | E53: 1 | F53: KAMPALA | G53: KAMPALA | H53: UGA | I53: 5 | J53: 7 | K53: =VLOOKUP(J53,Key!$E$2:$F$9,2,FALSE) -> Hospital | L53: KIVU | M53: WAKISO | N53: UGA | O53: 1 | P53: 1 | Q53: =VLOOKUP(P53,Key!$E$2:$F$9,2,FALSE) -> Home | R53: =K53&"-"&Q53 -> Hospital-Home | S53: 30 | T53: 1 | U53: 5 | Y53: Y | Z53: 1000
B54: 0.87222222 | C54: UAF 671Z | D54: 1 | E54: 1 | F54: NSAGO | G54: WAKISO | H54: UGA | I54: 1 | J54: 1 | K54: =VLOOKUP(J54,Key!$E$2:$F$9,2,FALSE) -> Home | L54: NATEETE | M54: KAMPALA | N54: UGA | O54: 2 | P54: 2 | Q54: =VLOOKUP(P54,Key!$E$2:$F$9,2,FALSE) -> Work | R54: =K54&"-"&Q54 -> Home-Work | S54: 62 | T54: 2 | U54: 5 | Y54: N | Z54: 0
B55: 0.86527778 | C55: UAW 562W | D55: 1 | E55: 1 | F55: KAMPALA | G55: KAMPALA | H55: UGA | I55: 16 | J55: 6 | K55: =VLOOKUP(J55,Key!$E$2:$F$9,2,FALSE) -> Leisure/Social | L55: KIVU | M55: WAKISO | N55: UGA | O55: 1 | P55: 1 | Q55: =VLOOKUP(P55,Key!$E$2:$F$9,2,FALSE) -> Home | R55: =K55&"-"&Q55 -> Leisure/Social-Home | S55: 40 | T55: 2 | U55: 4 | Y55: Y | Z55: 1000
B56: 0.91736111 | C56: UAK 590F | D56: 1 | E56: 1 | F56: MENGO | G56: KAMPALA | H56: UGA | I56: 2 | J56: 2 | K56: =VLOOKUP(J56,Key!$E$2:$F$9,2,FALSE) -> Work | L56: KITEMU | M56: WAKISO | N56: UGA | O56: 1 | P56: 1 | Q56: =VLOOKUP(P56,Key!$E$2:$F$9,2,FALSE) -> Home | R56: =K56&"-"&Q56 -> Work-Home | S56: 40 | T56: 1 | U56: 1 | Y56: Y | Z56: 2000
B57: 0.91458333 | C57: UBB 268P | D57: 1 | E57: 2 | F57: NYENDO | G57: WAKISO | H57: UGA | I57: 16 | J57: 6 | K57: =VLOOKUP(J57,Key!$E$2:$F$9,2,FALSE) -> Leisure/Social | L57: KIVU | M57: WAKISO | N57: UGA | O57: 1 | P57: 1 | Q57: =VLOOKUP(P57,Key!$E$2:$F$9,2,FALSE) -> Home | R57: =K57&"-"&Q57 -> Leisure/Social-Home | S57: 137 | T57: 2 | Y57: Y | Z57: 2000
B58: 0.90694444 | C58: UBD 114J | D58: 4 | E58: 7 | F58: NYENDO | G58: WAKISO | H58: UGA | I58: 6 | J58: 4 | K58: =VLOOKUP(J58,Key!$E$2:$F$9,2,FALSE) -> Commercial | L58: KAMPALA | M58: KAMPALA | N58: UGA | O58: 6 | P58: 4 | Q58: =VLOOKUP(P58,Key!$E$2:$F$9,2,FALSE) -> Commercial | R58: =K58&"-"&Q58 -> Commercial-Commercial | S58: 137 | T58: 2 | U58: 2 | Y58: Y | Z58: 2000
B59: 0.90347222 | C59: UAY 423L | D59: 1 | E59: 2 | F59: NABINGO | G59: WAKISO | H59: UGA | I59: 1 | J59: 1 | K59: =VLOOKUP(J59,Key!$E$2:$F$9,2,FALSE) -> Home | L59: KIVU | M59: WAKISO | N59: UGA | O59: 1 | P59: 1 | Q59: =VLOOKUP(P59,Key!$E$2:$F$9,2,FALSE) -> Home | R59: =K59&"-"&Q59 -> Home-Home | S59: 2 | T59: 0.1 | U59: 2 | Y59: Y | Z59: 500
B60: 0.86527778 | C60: UAW 215R | D60: 1 | E60: 1 | F60: KAMPALA | G60: KAMPALA | H60: UGA | I60: 16 | J60: 8 | K60: =VLOOKUP(J60,Key!$E$2:$F$9,2,FALSE) -> Others | L60: KITEMU | M60: WAKISO | N60: UGA | O60: 1 | P60: 1 | Q60: =VLOOKUP(P60,Key!$E$2:$F$9,2,FALSE) -> Home | R60: =K60&"-"&Q60 -> Others-Home | S60: 1 | T60: 1 | U60: 1 | Y60: Y | Z60: 1000
B61: 0.86805556 | C61: UAQ 060Q | D61: 1 | E61: 1 | F61: KYOTERA | G61: KAMPALA | H61: UGA | I61: 16 | J61: 2 | K61: =VLOOKUP(J61,Key!$E$2:$F$9,2,FALSE) -> Work | L61: KISOZI | M61: WAKISO | N61: UGA | O61: 1 | P61: 1 | Q61: =VLOOKUP(P61,Key!$E$2:$F$9,2,FALSE) -> Home | R61: =K61&"-"&Q61 -> Work-Home | S61: 20 | T61: 0.7 | U61: 1 | Y61: Y | Z61: 2000
B62: 0.79375 | C62: UAL 265L | D62: 1 | E62: 1 | F62: KITEMU | G62: WAKISO | H62: UGA | I62: 2 | J62: 2 | K62: =VLOOKUP(J62,Key!$E$2:$F$9,2,FALSE) -> Work | L62: NSANGI | M62: WAKISO | N62: UGA | O62: 1 | P62: 1 | Q62: =VLOOKUP(P62,Key!$E$2:$F$9,2,FALSE) -> Home | R62: =K62&"-"&Q62 -> Work-Home | S62: 1 | T62: 0.3 | U62: 1 | Y62: Y | Z62: 5000
B63: 0.79930556 | C63: UAT 125T | D63: 1 | E63: 1 | F63: NSANGI | G63: WAKISO | H63: UGA | I63: 2 | J63: 2 | K63: =VLOOKUP(J63,Key!$E$2:$F$9,2,FALSE) -> Work | L63: KIVU | M63: WAKISO | N63: UGA | O63: 1 | P63: 1 | Q63: =VLOOKUP(P63,Key!$E$2:$F$9,2,FALSE) -> Home | R63: =K63&"-"&Q63 -> Work-Home | S63: 2 | T63: 0.3 | U63: 1 | Y63: Y | Z63: 1000
B64: 0.77430556 | C64: UAT 747Y | D64: 2 | E64: 3 | F64: NSANGI | G64: WAKISO | H64: UGA | I64: 1 | J64: 1 | K64: =VLOOKUP(J64,Key!$E$2:$F$9,2,FALSE) -> Home | L64: KIVU | M64: WAKISO | N64: UGA | O64: 9 | P64: 2 | Q64: =VLOOKUP(P64,Key!$E$2:$F$9,2,FALSE) -> Work | R64: =K64&"-"&Q64 -> Home-Work | S64: 2 | T64: 0.3 | V64: 1 | W64: 1 | X64: 0.1 | Y64: Y | Z64: 5000
B65: 0.7625 | C65: UAD 125S | D65: 4 | E65: 2 | F65: KITEMU | G65: WAKISO | H65: UGA | I65: 6 | J65: 2 | K65: =VLOOKUP(J65,Key!$E$2:$F$9,2,FALSE) -> Work | L65: BUDDO | M65: WAKISO | N65: UGA | O65: 16 | P65: 4 | Q65: =VLOOKUP(P65,Key!$E$2:$F$9,2,FALSE) -> Commercial | R65: =K65&"-"&Q65 -> Work-Commercial | S65: 1.4 | T65: 0.1 | U65: 2 | Y65: Y | Z65: 1000
B66: 0.75555556 | C66: UAB 321V | D66: 1 | E66: 2 | F66: KITEMU | G66: WAKISO | H66: UGA | I66: 1 | J66: 1 | K66: =VLOOKUP(J66,Key!$E$2:$F$9,2,FALSE) -> Home | L66: KIVU | M66: WAKISO | N66: UGA | O66: 9 | P66: 2 | Q66: =VLOOKUP(P66,Key!$E$2:$F$9,2,FALSE) -> Work | R66: =K66&"-"&Q66 -> Home-Work | S66: 8 | T66: 0.1 | U66: 4 | Y66: Y | Z66: 5000
B67: 0.73263889 | C67: UAJ 287F | D67: 3 | E67: 2 | F67: KISOZI | G67: WAKISO | H67: UGA | I67: 14 | J67: 4 | K67: =VLOOKUP(J67,Key!$E$2:$F$9,2,FALSE) -> Commercial | L67: BUSEGA | M67: KAMPALA | N67: UGA | O67: 3 | P67: 4 | Q67: =VLOOKUP(P67,Key!$E$2:$F$9,2,FALSE) -> Commercial | R67: =K67&"-"&Q67 -> Commercial-Commercial | S67: 3 | T67: 1 | U67: 3 | V67: 6 | W67: 2 | X67: 5 | Y67: Y | Z67: 2000
B68: 0.73680556 | C68: UAZ 684Z | D68: 1 | E68: 2 | F68: KISOZI | G68: WAKISO | H68: UGA | I68: 1 | J68: 1 | K68: =VLOOKUP(J68,Key!$E$2:$F$9,2,FALSE) -> Home | L68: KIVU | M68: WAKISO | N68: UGA | O68: 11 | P68: 4 | Q68: =VLOOKUP(P68,Key!$E$2:$F$9,2,FALSE) -> Commercial | R68: =K68&"-"&Q68 -> Home-Commercial | S68: 2 | T68: 0.3 | U68: 2 | Y68: Y | Z68: 100
B69: 0.73402778 | C69: UAL 675K | D69: 1 | E69: 2 | F69: BUSEGA | G69: KAMPALA | H69: UGA | I69: 16 | J69: 6 | K69: =VLOOKUP(J69,Key!$E$2:$F$9,2,FALSE) -> Leisure/Social | L69: KIVU | M69: WAKISO | N69: UGA | O69: 16 | P69: 6 | Q69: =VLOOKUP(P69,Key!$E$2:$F$9,2,FALSE) -> Leisure/Social | R69: =K69&"-"&Q69 -> Leisure/Social-Leisure/Social | S69: 22 | T69: 1 | U69: 2 | Y69: Y | Z69: 1000
B70: 0.69861111 | C70: UAW 409P | D70: 1 | E70: 1 | F70: KITEMU | G70: WAKISO | H70: UGA | I70: 1 | J70: 1 | K70: =VLOOKUP(J70,Key!$E$2:$F$9,2,FALSE) -> Home | L70: KITEMU | M70: WAKISO | N70: UGA | O70: 16 | P70: 6 | Q70: =VLOOKUP(P70,Key!$E$2:$F$9,2,FALSE) -> Leisure/Social | R70: =K70&"-"&Q70 -> Home-Leisure/Social | S70: 16 | T70: 0.1 | U70: 2 | Y70: Y | Z70: 0
B71: 0.69305556 | C71: UAH 318K | D71: 9 | E71: 2 | F71: RWELA | G71: MASAKA | H71: UGA | I71: 11 | J71: 4 | K71: =VLOOKUP(J71,Key!$E$2:$F$9,2,FALSE) -> Commercial | L71: BUDDO | M71: WAKISO | N71: UGA | O71: 3 | P71: 4 | Q71: =VLOOKUP(P71,Key!$E$2:$F$9,2,FALSE) -> Commercial | R71: =K71&"-"&Q71 -> Commercial-Commercial | S71: 34 | T71: 3 | U71: 4 | V71: 1 | W71: 4 | X71: 3 | Y71: Y | Z71: 2000
B72: 0.68611111 | C72: UBB 604G | D72: 1 | E72: 1 | F72: KITEMU | G72: WAKISO | H72: UGA | I72: 1 | J72: 1 | K72: =VLOOKUP(J72,Key!$E$2:$F$9,2,FALSE) -> Home | L72: NSANGI | M72: WAKISO | N72: UGA | O72: 1 | P72: 1 | Q72: =VLOOKUP(P72,Key!$E$2:$F$9,2,FALSE) -> Home | R72: =K72&"-"&Q72 -> Home-Home | S72: 36 | T72: 0.4 | U72: 1 | Y72: Y | Z72: 2000
B73: 0.68194444 | C73: UBA 942Y | D73: 4 | E73: 10 | F73: MASAKA | G73: MASAKA | H73: UGA | I73: 6 | J73: 2 | K73: =VLOOKUP(J73,Key!$E$2:$F$9,2,FALSE) -> Work | L73: BUDDO | M73: WAKISO | N73: UGA | O73: 6 | P73: 4 | Q73: =VLOOKUP(P73,Key!$E$2:$F$9,2,FALSE) -> Commercial | R73: =K73&"-"&Q73 -> Work-Commercial | S73: 130 | T73: 2 | U73: 2 | Y73: Y | Z73: 0
B74: 0.64722222 | C74: UBE 748D | D74: 9 | E74: 2 | F74: KYENGERA | G74: WAKISO | H74: UGA | I74: 11 | J74: 2 | K74: =VLOOKUP(J74,Key!$E$2:$F$9,2,FALSE) -> Work | L74: KIVU | M74: WAKISO | N74: UGA | O74: 1 | P74: 1 | Q74: =VLOOKUP(P74,Key!$E$2:$F$9,2,FALSE) -> Home | R74: =K74&"-"&Q74 -> Work-Home | S74: 120 | T74: 0.3 | U74: 2 | Y74: Y | Z74: 2000
B75: 0.64791667 | C75: UBD 146M | D75: 3 | E75: 2 | F75: BULENGA | G75: KAMPALA | H75: UGA | I75: 7 | J75: 4 | K75: =VLOOKUP(J75,Key!$E$2:$F$9,2,FALSE) -> Commercial | L75: KIVU | M75: WAKISO | N75: UGA | O75: 16 | P75: 6 | Q75: =VLOOKUP(P75,Key!$E$2:$F$9,2,FALSE) -> Leisure/Social | R75: =K75&"-"&Q75 -> Commercial-Leisure/Social | S75: 100 | T75: 2 | U75: 5 | Y75: Y | Z75: 1000
B76: 0.62291667 | C76: UAS 232R | D76: 1 | E76: 2 | F76: NYENDO | G76: MASAKA | H76: UGA | I76: 1 | J76: 1 | K76: =VLOOKUP(J76,Key!$E$2:$F$9,2,FALSE) -> Home | L76: KIVU | M76: WAKISO | N76: UGA | O76: 10 | P76: 4 | Q76: =VLOOKUP(P76,Key!$E$2:$F$9,2,FALSE) -> Commercial | R76: =K76&"-"&Q76 -> Home-Commercial | S76: 130 | T76: 2 | U76: 5 | Y76: Y | Z76: 1000
B77: 0.61180556 | C77: UAR 847R | D77: 1 | E77: 4 | F77: BUSEGA | G77: KAMPALA | H77: UGA | I77: 16 | J77: 6 | K77: =VLOOKUP(J77,Key!$E$2:$F$9,2,FALSE) -> Leisure/Social | L77: KIVU | M77: WAKISO | N77: UGA | O77: 1 | P77: 1 | Q77: =VLOOKUP(P77,Key!$E$2:$F$9,2,FALSE) -> Home | R77: =K77&"-"&Q77 -> Leisure/Social-Home | S77: 127 | T77: 2 | U77: 3 | Y77: Y | Z77: 1000
B78: 0.60555556 | C78: UAT 104N | D78: 1 | E78: 4 | F78: KITEMU | G78: WAKISO | H78: UGA | I78: 1 | J78: 1 | K78: =VLOOKUP(J78,Key!$E$2:$F$9,2,FALSE) -> Home | L78: BUDDO | M78: WAKISO | N78: UGA | O78: 11 | P78: 4 | Q78: =VLOOKUP(P78,Key!$E$2:$F$9,2,FALSE) -> Commercial | R78: =K78&"-"&Q78 -> Home-Commercial | S78: 2 | T78: 0.7 | U78: 4 | Y78: Y | Z78: 1000
B79: 0.59375 | C79: UAR 011R | D79: 1 | E79: 2 | F79: KITEMU | G79: WAKISO | H79: UGA | I79: 1 | J79: 1 | K79: =VLOOKUP(J79,Key!$E$2:$F$9,2,FALSE) -> Home | L79: KAJJANSI | M79: WAKISO | N79: UGA | O79: 16 | P79: 6 | Q79: =VLOOKUP(P79,Key!$E$2:$F$9,2,FALSE) -> Leisure/Social | R79: =K79&"-"&Q79 -> Home-Leisure/Social | S79: 120 | T79: 2 | U79: 4 | Y79: Y | Z79: 0
B80: 0.58333333 | C80: UBA 334R | D80: 7 | E80: 3 | F80: KITEMU | G80: WAKISO | H80: UGA | I80: 15 | J80: 4 | K80: =VLOOKUP(J80,Key!$E$2:$F$9,2,FALSE) -> Commercial | L80: KIVU | M80: WAKISO | N80: UGA | O80: 16 | P80: 4 | Q80: =VLOOKUP(P80,Key!$E$2:$F$9,2,FALSE) -> Commercial | R80: =K80&"-"&Q80 -> Commercial-Commercial | S80: 26 | T80: 0.3 | U80: 3 | V80: 4 | W80: 3 | X80: 3 | Y80: Y | Z80: 2000
B81: 0.57222222 | C81: UBC 299L | D81: 3 | E81: 4 | F81: NSOZI | G81: WAKISO | H81: UGA | I81: 9 | J81: 2 | K81: =VLOOKUP(J81,Key!$E$2:$F$9,2,FALSE) -> Work | L81: KIVU | M81: WAKISO | N81: UGA | O81: 1 | P81: 1 | Q81: =VLOOKUP(P81,Key!$E$2:$F$9,2,FALSE) -> Home | R81: =K81&"-"&Q81 -> Work-Home | S81: 0.5 | T81: 0.3 | U81: 4 | Y81: Y | Z81: 2000
B82: 0.56736111 | C82: UAS 346W | D82: 1 | E82: 2 | F82: KAMPALA | G82: KAMPALA | H82: UGA | I82: 16 | J82: 6 | K82: =VLOOKUP(J82,Key!$E$2:$F$9,2,FALSE) -> Leisure/Social | L82: KIVU | M82: WAKISO | N82: UGA | O82: 1 | P82: 1 | Q82: =VLOOKUP(P82,Key!$E$2:$F$9,2,FALSE) -> Home | R82: =K82&"-"&Q82 -> Leisure/Social-Home | S82: 120 | T82: 2 | U82: 4 | Y82: Y | Z82: 500
B83: 0.55902778 | C83: UBB 174W | D83: 1 | E83: 1 | F83: NKOZI | G83: WAKISO | H83: UGA | I83: 1 | J83: 1 | K83: =VLOOKUP(J83,Key!$E$2:$F$9,2,FALSE) -> Home | L83: KIVU | M83: WAKISO | N83: UGA | O83: 9 | P83: 2 | Q83: =VLOOKUP(P83,Key!$E$2:$F$9,2,FALSE) -> Work | R83: =K83&"-"&Q83 -> Home-Work | S83: 2 | T83: 0.3 | U83: 1 | Y83: Y | Z83: 1000
B84: 0.51527778 | C84: UBB 172K | D84: 1 | E84: 1 | F84: NYENDO | G84: WAKISO | H84: UGA | I84: 1 | J84: 1 | K84: =VLOOKUP(J84,Key!$E$2:$F$9,2,FALSE) -> Home | L84: KIVU | M84: WAKISO | N84: UGA | O84: 2 | P84: 2 | Q84: =VLOOKUP(P84,Key!$E$2:$F$9,2,FALSE) -> Work | R84: =K84&"-"&Q84 -> Home-Work | S84: 137 | T84: 2 | U84: 4 | Y84: Y | Z84: 5000
B85: 0.5125 | C85: UAJ 014T | D85: 4 | E85: 1 | F85: NSANGI | G85: WAKISO | H85: UGA | I85: 16 | J85: 4 | K85: =VLOOKUP(J85,Key!$E$2:$F$9,2,FALSE) -> Commercial | L85: BUDDO | M85: WAKISO | N85: UGA | O85: 16 | P85: 4 | Q85: =VLOOKUP(P85,Key!$E$2:$F$9,2,FALSE) -> Commercial | R85: =K85&"-"&Q85 -> Commercial-Commercial | S85: 2 | T85: 0.1 | U85: 2 | Y85: Y | Z85: 10000
B86: 0.53402778 | C86: UBD 114L | D86: 1 | E86: 1 | F86: KITEMU | G86: WAKISO | H86: UGA | I86: 1 | J86: 1 | K86: =VLOOKUP(J86,Key!$E$2:$F$9,2,FALSE) -> Home | L86: KIVU | M86: WAKISO | N86: UGA | O86: 9 | P86: 2 | Q86: =VLOOKUP(P86,Key!$E$2:$F$9,2,FALSE) -> Work | R86: =K86&"-"&Q86 -> Home-Work | S86: 32 | T86: 0.3 | U86: 1 | Y86: Y | Z86: 1000
B87: 0.52152778 | C87: UBD 114W | D87: 1 | E87: 3 | F87: KITEMU | G87: WAKISO | H87: UGA | I87: 6 | J87: 4 | K87: =VLOOKUP(J87,Key!$E$2:$F$9,2,FALSE) -> Commercial | L87: BUDDO | M87: WAKISO | N87: UGA | O87: 16 | P87: 4 | Q87: =VLOOKUP(P87,Key!$E$2:$F$9,2,FALSE) -> Commercial | R87: =K87&"-"&Q87 -> Commercial-Commercial | S87: 22 | T87: 0.3 | U87: 2 | Y87: Y | Z87: 1000
B88: 0.49930556 | C88: UAS 964Y | D88: 1 | E88: 2 | F88: BUSEGA | G88: WAKISO | H88: UGA | I88: 4 | J88: 6 | K88: =VLOOKUP(J88,Key!$E$2:$F$9,2,FALSE) -> Leisure/Social | L88: KIVU | M88: WAKISO | N88: UGA | O88: 4 | P88: 6 | Q88: =VLOOKUP(P88,Key!$E$2:$F$9,2,FALSE) -> Leisure/Social | R88: =K88&"-"&Q88 -> Leisure/Social-Leisure/Social | S88: 2 | T88: 0.1 | U88: 4 | Y88: Y | Z88: 3000
B89: 0.49652778 | C89: UAR 869U | D89: 1 | E89: 1 | F89: KALERWE | G89: KAMPALA | H89: UGA | I89: 1 | J89: 1 | K89: =VLOOKUP(J89,Key!$E$2:$F$9,2,FALSE) -> Home | L89: KIVU | M89: WAKISO | N89: UGA | O89: 1 | P89: 1 | Q89: =VLOOKUP(P89,Key!$E$2:$F$9,2,FALSE) -> Home | R89: =K89&"-"&Q89 -> Home-Home | S89: 120 | T89: 3 | U89: 4 | Y89: Y | Z89: 1000
B90: 0.49375 | C90: UAG 105G | D90: 1 | E90: 1 | F90: KITEMU | G90: WAKISO | H90: UGA | I90: 1 | J90: 1 | K90: =VLOOKUP(J90,Key!$E$2:$F$9,2,FALSE) -> Home | L90: KIVU | M90: WAKISO | N90: UGA | O90: 16 | P90: 6 | Q90: =VLOOKUP(P90,Key!$E$2:$F$9,2,FALSE) -> Leisure/Social | R90: =K90&"-"&Q90 -> Home-Leisure/Social | S90: 8 | T90: 0.1 | U90: 2 | Y90: Y | Z90: 3000
B91: 0.48611111 | C91: UAY 382F | D91: 9 | E91: 2 | F91: NABINGO | G91: WAKISO | H91: UGA | I91: 16 | J91: 8 | K91: =VLOOKUP(J91,Key!$E$2:$F$9,2,FALSE) -> Others | L91: KASANJJE | M91: WAKISO | N91: UGA | O91: 2 | P91: 2 | Q91: =VLOOKUP(P91,Key!$E$2:$F$9,2,FALSE) -> Work | R91: =K91&"-"&Q91 -> Others-Work | S91: 120 | T91: 3 | U91: 1 | Y91: Y | Z91: 2000
B92: 0.45972222 | C92: UAT 839T | D92: 1 | E92: 1 | F92: KITEMU | G92: WAKISO | H92: UGA | I92: 1 | J92: 1 | K92: =VLOOKUP(J92,Key!$E$2:$F$9,2,FALSE) -> Home | L92: KIVU | M92: WAKISO | N92: UGA | O92: 9 | P92: 2 | Q92: =VLOOKUP(P92,Key!$E$2:$F$9,2,FALSE) -> Work | R92: =K92&"-"&Q92 -> Home-Work | S92: 8 | T92: 0.1 | U92: 1 | Y92: Y | Z92: 0
... B94: 0.44930556 | C94: UAH 649H | D94: 1 | E94: 3 | F94: KAWEMPE | G94: WAKISO | H94: UGA | I94: 1 | J94: 1 | K94: =VLOOKUP(J94,Key!$E$2:$F$9,2,FALSE) -> Home | L94: KIVU | M94: WAKISO | N94: UGA | O94: 1 | P94: 1 | Q94: =VLOOKUP(P94,Key!$E$2:$F$9,2,FALSE) -> Home | R94: =K94&"-"&Q94 -> Home-Home | S94: 120 | T94: 2 | U94: 1 | Y94: Y | Z94: 1000
B95: 0.43819444 | C95: UBA 360B | D95: 7 | E95: 1 | F95: KITEMU | G95: WAKISO | H95: UGA | I95: 16 | J95: 4 | K95: =VLOOKUP(J95,Key!$E$2:$F$9,2,FALSE) -> Commercial | L95: NSANGI | M95: WAKISO | N95: UGA | O95: 16 | P95: 4 | Q95: =VLOOKUP(P95,Key!$E$2:$F$9,2,FALSE) -> Commercial | R95: =K95&"-"&Q95 -> Commercial-Commercial | S95: 10 | T95: 0.7 | U95: 3 | V95: 1 | W95: 4 | X95: 3 | Y95: Y | Z95: 1000
B96: 0.51805556 | C96: UAZ 111H | D96: 1 | E96: 1 | F96: KITEMU | G96: WAKISO | H96: UGA | I96: 1 | J96: 1 | K96: =VLOOKUP(J96,Key!$E$2:$F$9,2,FALSE) -> Home | L96: BUDDO | M96: WAKISO | N96: UGA | O96: 4 | P96: 6 | Q96: =VLOOKUP(P96,Key!$E$2:$F$9,2,FALSE) -> Leisure/Social | R96: =K96&"-"&Q96 -> Home-Leisure/Social | S96: 3 | T96: 0.3 | U96: 1 | Y96: Y | Z96: 1000
B97: 0.5 | C97: UBE 561W | D97: 1 | E97: 1 | F97: KITANTE | G97: KAMPALA | H97: UGA | I97: 1 | J97: 1 | K97: =VLOOKUP(J97,Key!$E$2:$F$9,2,FALSE) -> Home | L97: KIVU | M97: WAKISO | N97: UGA | O97: 9 | P97: 2 | Q97: =VLOOKUP(P97,Key!$E$2:$F$9,2,FALSE) -> Work | R97: =K97&"-"&Q97 -> Home-Work | S97: 18 | T97: 0.1 | U97: 4 | Y97: Y | Z97: 1000
B98: 0.43472222 | C98: UAT 779Z | D98: 1 | E98: 2 | F98: KITEMU | G98: WAKISO | H98: UGA | I98: 1 | J98: 1 | K98: =VLOOKUP(J98,Key!$E$2:$F$9,2,FALSE) -> Home | L98: KIVU | M98: WAKISO | N98: UGA | O98: 12 | P98: 4 | Q98: =VLOOKUP(P98,Key!$E$2:$F$9,2,FALSE) -> Commercial | R98: =K98&"-"&Q98 -> Home-Commercial | S98: 22 | T98: 0.3 | U98: 4 | Y98: Y | Z98: 1000
B99: 0.42916667 | C99: UAX 551V | D99: 1 | E99: 2 | F99: BULWANYI | G99: WAKISO | H99: UGA | I99: 1 | J99: 1 | K99: =VLOOKUP(J99,Key!$E$2:$F$9,2,FALSE) -> Home | L99: NALUMAYA | M99: WAKISO | N99: UGA | O99: 16 | P99: 6 | Q99: =VLOOKUP(P99,Key!$E$2:$F$9,2,FALSE) -> Leisure/Social | R99: =K99&"-"&Q99 -> Home-Leisure/Social | S99: 4 | T99: 1 | U99: 4 | Y99: Y | Z99: 1000
B100: 0.425 | C100: UAP 909X | D100: 7 | E100: 2 | F100: KYENGERA | G100: WAKISO | H100: UGA | I100: 3 | J100: 4 | K100: =VLOOKUP(J100,Key!$E$2:$F$9,2,FALSE) -> Commercial | L100: KIVU | M100: WAKISO | N100: UGA | O100: 11 | P100: 4 | Q100: =VLOOKUP(P100,Key!$E$2:$F$9,2,FALSE) -> Commercial | R100: =K100&"-"&Q100 -> Commercial-Commercial | S100: 24 | T100: 0.3 | U100: 1 | W100: 2 | X100: 0.4 | Y100: Y | Z100: 1000
B101: 0.42083333 | C101: UAZ 908B | D101: 7 | E101: 3 | F101: KYENGERA | G101: WAKISO | H101: UGA | I101: 11 | J101: 4 | K101: =VLOOKUP(J101,Key!$E$2:$F$9,2,FALSE) -> Commercial | L101: KIVU | M101: WAKISO | N101: UGA | O101: 2 | P101: 4 | Q101: =VLOOKUP(P101,Key!$E$2:$F$9,2,FALSE) -> Commercial | R101: =K101&"-"&Q101 -> Commercial-Commercial | S101: 24 | T101: 0.3 | U101: 1 | V101: 4 | W101: 2 | X101: 2 | Y101: Y | Z101: 2000
B102: 0.41597222 | C102: UAU 743Y | D102: 1 | E102: 3 | F102: KAWEMPE | G102: KAMPALA | H102: UGA | I102: 1 | J102: 1 | K102: =VLOOKUP(J102,Key!$E$2:$F$9,2,FALSE) -> Home | L102: SEGUKU | M102: WAKISO | N102: UGA | O102: 1 | P102: 1 | Q102: =VLOOKUP(P102,Key!$E$2:$F$9,2,FALSE) -> Home | R102: =K102&"-"&Q102 -> Home-Home | S102: 120 | T102: 3 | U102: 4 | Y102: Y | Z102: 1000
B103: 0.41041667 | C103: UAS 345Q | D103: 1 | E103: 1 | F103: NABINGO | G103: WAKISO | H103: UGA | I103: 16 | J103: 8 | K103: =VLOOKUP(J103,Key!$E$2:$F$9,2,FALSE) -> Others | L103: KIVU | M103: WAKISO | N103: UGA | O103: 1 | P103: 1 | Q103: =VLOOKUP(P103,Key!$E$2:$F$9,2,FALSE) -> Home | R103: =K103&"-"&Q103 -> Others-Home | S103: 1 | T103: 0.2 | U103: 5 | Y103: Y | Z103: 2000
B104: 0.40625 | C104: UBE 551E | D104: 1 | E104: 2 | F104: KITEMU | G104: WAKISO | H104: UGA | I104: 1 | J104: 1 | K104: =VLOOKUP(J104,Key!$E$2:$F$9,2,FALSE) -> Home | L104: KIVU | M104: WAKISO | N104: UGA | O104: 11 | P104: 2 | Q104: =VLOOKUP(P104,Key!$E$2:$F$9,2,FALSE) -> Work | R104: =K104&"-"&Q104 -> Home-Work | S104: 1 | T104: 0.3 | U104: 1 | Y104: Y | Z104: 5000
B105: 0.40347222 | C105: UAN 354Y | D105: 1 | E105: 1 | F105: KITEMU | G105: WAKISO | H105: UGA | I105: 1 | J105: 1 | K105: =VLOOKUP(J105,Key!$E$2:$F$9,2,FALSE) -> Home | L105: KIVU | M105: WAKISO | N105: UGA | O105: 2 | P105: 2 | Q105: =VLOOKUP(P105,Key!$E$2:$F$9,2,FALSE) -> Work | R105: =K105&"-"&Q105 -> Home-Work | S105: 1 | T105: 0.3 | U105: 1 | Y105: Y | Z105: 1000

Sheet Key
B1: Vehicle Type | D1: Establishment Type | F1: Origin / Destination Purpose | H1: Trip Frequency | J1: Goods Type
A2: 1 | B2: Car | C2: 1 | D2: Residential | E2: 1 | F2: Home | G2: 1 | H2: more than 2 times every day | I2: 1 | J2: Food crop (Maize,rice,wheat etc)
A3: 2 | B3: Station Wagon | C3: 2 | D3: Office | E3: 2 | F3: Work | G3: 2 | H3: Daily (Up and Down) | I3: 2 | J3: Cash Crops (coffee,tea etc)
A4: 3 | B4: Pickups | C4: 3 | D4: Factory | E4: 3 | F4: Study | G4: 3 | H4: 2/3 times a week | I4: 3 | J4: Perishable (fish,milk,tea etc)
A5: 4 | B5: Minibus, matatu | C5: 4 | D5: Educational Facility | E5: 4 | F5: Commercial | G5: 4 | H5: Once a week | I5: 4 | J5: Construction Material (cement, gravel,stones,gravel,pipes)
A6: 5 | B6: Medium bus | C6: 5 | D6: Hospital | E6: 5 | F6: Tourism | G6: 5 | H6: Once a month | I6: 5 | J6: Metal/machinery
A7: 6 | B7: Large Bus | C7: 6 | D7: Bus / Taxi Park | E7: 6 | F7: Leisure/Social | G7: 6 | H7: Once in a while | I7: 6 | J7: Forestry products (timber & charcoal)
A8: 7 | B8: Light Truck | C8: 7 | D8: Wholesale shopping | E8: 7 | F8: Hospital | I8: 7 | J8: Fuels (any petroleum products)
A9: 8 | B9: Medium Truck | C9: 8 | D9: Boda boda stage | E9: 8 | F9: Others | I9: 8 | J9: Chemical Products (fertilizer,paints)
A10: 9 | B10: Heavy truck | C10: 9 | D10: Farm | I10: 9 | J10: Livestock (cows,goats,camel etc)
A11: 10 | B11: Truck Trailer | C11: 10 | D11: Construction Site | I11: 10 | J11: Household retail products (beverage,oil,sugar,salt,flour)
A12: 11 | B12: Motor cycles | C12: 11 | D12: Retail Shop/Market | I12: 11 | J12: Empty
A13: 12 | B13: Tractors | C13: 12 | D13: Warehouse | I13: 12 | J13: Others (Pl specify)
C14: 13 | D14: Harbour
C15: 14 | D15: Timber Centre
C16: 15 | D16: Quarry
C17: 16 | D17: Others (to be specified)
