Workbook

Sheet 23.9.19 SALAMA - MUNYONYO
B1: Consultancy services for Preparation of Expressway Development Master Plan (EDMP) for Uganda
B2: MANUAL CLASSIFIED COUNT (MCC)
B3: ROAD NAME: | C3: MCC - C2 - STN-51 - SALAMA ROAD
C5: Date | D5: 23.07.19 | F5: Location | G5: MUNYONYO P/S | J5: Surveyor | K5: KENNETH
C6: Dir. From | D6: SALAMA | F6: Dir. To | G6: MUNYONYO | J6: Supervisor | K6: STEVEN
B8: Time / Veh Type | R8: SUMMARY TRAFFIC VOLUMES
C9: 1. Car | D9: 2. Station Wagon | E9: 3. Pickups | F9: 4. Minibus, matatu | G9: 5. Medium bus | H9: 6. Large Bus | I9: 7. Light Truck | J9: 8. Medium Truck | K9: 9. Heavy truck | L9: 10. Truck Trailer | M9: 11. Motor cycles | N9: 12. Tractors | O9: Total Excl M/Cycles | P9: Total All | R9: Time | S9: 1. Car | T9: 2. Station Wagon | U9: 3. Pickups | V9: 4. Minibus, matatu | W9: 5. Medium bus | X9: 6. Large Bus | Y9: 7. Light Truck | Z9: 8. Medium Truck | AA9: 9. Heavy truck | AB9: 10. Truck Trailer | AC9: 11. Motorcycles | AD9: 12. Tractors, Graders | AE9: Total Excl M/ Cycles | AF9: Total All
B10: 07.00 - 07.15 | C10: 17 | D10: 3 | E10: 1 | F10: 8 | G10: 0 | H10: 0 | I10: 1 | J10: 0 | K10: 0 | L10: 0 | M10: 15 | N10: 0 | O10: =SUM(C10:L10,N10) -> 30 | P10: =SUM(C10:N10) -> 45 | R10: 0700-0800 | S10: =SUM(C10:C13) -> 61 | T10: =SUM(D10:D13) -> 14 | U10: =SUM(E10:E13) -> 6 | V10: =SUM(F10:F13) -> 66 | W10: =SUM(G10:G13) -> 1 | X10: =SUM(H10:H13) -> 0 | Y10: =SUM(I10:I13) -> 8 | Z10: =SUM(J10:J13) -> 2 | ... AF10: =SUM(P10:P13) -> 228
B11: 07.15 - 07.30 | C11: 16 | D11: 5 | E11: 1 | F11: 19 | G11: 0 | H11: 0 | I11: 1 | J11: 0 | K11: 0 | L11: 0 | M11: 15 | N11: 0 | O11: =SUM(C11:L11,N11) -> 42 | P11: =SUM(C11:N11) -> 57 | R11: 0800-0900 | S11: =SUM(C14:C17) -> 58 | T11: =SUM(D14:D17) -> 10 | U11: =SUM(E14:E17) -> 6 | V11: =SUM(F14:F17) -> 87 | W11: =SUM(G14:G17) -> 0 | X11: =SUM(H14:H17) -> 1 | Y11: =SUM(I14:I17) -> 3 | Z11: =SUM(J14:J17) -> 6 | ... AF11: =SUM(P14:P17) -> 256
B12: 07.30 - 07.45 | C12: 14 | D12: 4 | E12: 1 | F12: 18 | G12: 0 | H12: 0 | I12: 2 | J12: 0 | K12: 0 | L12: 0 | M12: 22 | N12: 0 | O12: =SUM(C12:L12,N12) -> 39 | P12: =SUM(C12:N12) -> 61 | R12: 0900-1000 | S12: =SUM(C18:C21) -> 44 | T12: =SUM(D18:D21) -> 12 | U12: =SUM(E18:E21) -> 6 | V12: =SUM(F18:F21) -> 84 | W12: =SUM(G18:G21) -> 2 | X12: =SUM(H18:H21) -> 0 | Y12: =SUM(I18:I21) -> 5 | Z12: =SUM(J18:J21) -> 0 | ... AF12: =SUM(P18:P21) -> 222
B13: 07.45 - 08.00 | C13: 14 | D13: 2 | E13: 3 | F13: 21 | G13: 1 | H13: 0 | I13: 4 | J13: 2 | K13: 0 | L13: 0 | M13: 18 | N13: 0 | O13: =SUM(C13:L13,N13) -> 47 | P13: =SUM(C13:N13) -> 65 | R13: 1000-1100 | S13: =SUM(C22:C25) -> 40 | T13: =SUM(D22:D25) -> 2 | U13: =SUM(E22:E25) -> 2 | V13: =SUM(F22:F25) -> 69 | W13: =SUM(G22:G25) -> 0 | X13: =SUM(H22:H25) -> 0 | Y13: =SUM(I22:I25) -> 11 | Z13: =SUM(J22:J25) -> 1 | ... AF13: =SUM(P22:P25) -> 196
B14: 08.00 - 08.15 | C14: 13 | D14: 3 | E14: 0 | F14: 18 | G14: 0 | H14: 1 | I14: 1 | J14: 3 | K14: 0 | L14: 0 | M14: 28 | N14: 0 | O14: =SUM(C14:L14,N14) -> 39 | P14: =SUM(C14:N14) -> 67 | R14: 1100-1200 | S14: =SUM(C26:C29) -> 33 | T14: =SUM(D26:D29) -> 6 | U14: =SUM(E26:E29) -> 12 | V14: =SUM(F26:F29) -> 49 | W14: =SUM(G26:G29) -> 2 | X14: =SUM(H26:H29) -> 0 | Y14: =SUM(I26:I29) -> 15 | Z14: =SUM(J26:J29) -> 2 | ... AF14: =SUM(P26:P29) -> 221
B15: 08.15 - 08.30 | C15: 11 | D15: 0 | E15: 0 | F15: 24 | G15: 0 | H15: 0 | I15: 0 | J15: 1 | K15: 0 | L15: 0 | M15: 27 | N15: 0 | O15: =SUM(C15:L15,N15) -> 36 | P15: =SUM(C15:N15) -> 63 | R15: 1200-1300 | S15: =SUM(C30:C33) -> 67 | T15: =SUM(D30:D33) -> 21 | U15: =SUM(E30:E33) -> 10 | V15: =SUM(F30:F33) -> 41 | W15: =SUM(G30:G33) -> 3 | X15: =SUM(H30:H33) -> 0 | Y15: =SUM(I30:I33) -> 5 | Z15: =SUM(J30:J33) -> 7 | ... AF15: =SUM(P30:P33) -> 252
B16: 08.30 - 08.45 | C16: 12 | D16: 3 | E16: 2 | F16: 18 | G16: 0 | H16: 0 | I16: 0 | J16: 0 | K16: 0 | L16: 0 | M16: 10 | N16: 0 | O16: =SUM(C16:L16,N16) -> 35 | P16: =SUM(C16:N16) -> 45 | R16: 1300-1400 | S16: =SUM(C34:C37) -> 65 | T16: =SUM(D34:D37) -> 4 | U16: =SUM(E34:E37) -> 12 | V16: =SUM(F34:F37) -> 34 | W16: =SUM(G34:G37) -> 1 | X16: =SUM(H34:H37) -> 0 | Y16: =SUM(I34:I37) -> 10 | Z16: =SUM(J34:J37) -> 0 | ... AF16: =SUM(P34:P37) -> 183
B17: 08.45 - 9.00 | C17: 22 | D17: 4 | E17: 4 | F17: 27 | G17: 0 | H17: 0 | I17: 2 | J17: 2 | K17: 0 | L17: 0 | M17: 20 | N17: 0 | O17: =SUM(C17:L17,N17) -> 61 | P17: =SUM(C17:N17) -> 81 | R17: 1400-1500 | S17: =SUM(C38:C41) -> 47 | T17: =SUM(D38:D41) -> 6 | U17: =SUM(E38:E41) -> 3 | V17: =SUM(F38:F41) -> 33 | W17: =SUM(G38:G41) -> 1 | X17: =SUM(H38:H41) -> 0 | Y17: =SUM(I38:I41) -> 13 | Z17: =SUM(J38:J41) -> 2 | ... AF17: =SUM(P38:P41) -> 140
B18: 09.00 - 09.15 | C18: 11 | D18: 8 | E18: 4 | F18: 34 | G18: 0 | H18: 0 | I18: 0 | J18: 0 | K18: 0 | L18: 0 | M18: 22 | N18: 0 | O18: =SUM(C18:L18,N18) -> 57 | P18: =SUM(C18:N18) -> 79 | R18: 1500-1600 | S18: =SUM(C42:C45) -> 66 | T18: =SUM(D42:D45) -> 13 | U18: =SUM(E42:E45) -> 14 | V18: =SUM(F42:F45) -> 54 | W18: =SUM(G42:G45) -> 0 | X18: =SUM(H42:H45) -> 0 | Y18: =SUM(I42:I45) -> 9 | Z18: =SUM(J42:J45) -> 1 | ... AF18: =SUM(P42:P45) -> 217
B19: 09.15 - 09.30 | C19: 7 | D19: 0 | E19: 0 | F19: 13 | G19: 0 | H19: 0 | I19: 1 | J19: 0 | K19: 0 | L19: 0 | M19: 10 | N19: 0 | O19: =SUM(C19:L19,N19) -> 21 | P19: =SUM(C19:N19) -> 31 | R19: 1600-1700 | S19: =SUM(C46:C49) -> 122 | T19: =SUM(D46:D49) -> 12 | U19: =SUM(E46:E49) -> 10 | V19: =SUM(F46:F49) -> 72 | W19: =SUM(G46:G49) -> 0 | X19: =SUM(H46:H49) -> 0 | Y19: =SUM(I46:I49) -> 14 | Z19: =SUM(J46:J49) -> 0 | ... AF19: =SUM(P46:P49) -> 287
B20: 09.30 - 09.45 | C20: 12 | D20: 4 | E20: 2 | F20: 15 | G20: 2 | H20: 0 | I20: 2 | J20: 0 | K20: 0 | L20: 0 | M20: 19 | N20: 0 | O20: =SUM(C20:L20,N20) -> 37 | P20: =SUM(C20:N20) -> 56 | R20: 1700-1800 | S20: =SUM(C50:C53) -> 101 | T20: =SUM(D50:D53) -> 7 | U20: =SUM(E50:E53) -> 11 | V20: =SUM(F50:F53) -> 62 | W20: =SUM(G50:G53) -> 1 | X20: =SUM(H50:H53) -> 0 | Y20: =SUM(I50:I53) -> 10 | Z20: =SUM(J50:J53) -> 0 | ... AF20: =SUM(P50:P53) -> 244
B21: 09.45 - 10.00 | C21: 14 | D21: 0 | E21: 0 | F21: 22 | G21: 0 | H21: 0 | I21: 2 | J21: 0 | K21: 0 | L21: 0 | M21: 18 | N21: 0 | O21: =SUM(C21:L21,N21) -> 38 | P21: =SUM(C21:N21) -> 56 | R21: 1800-1900 | S21: =SUM(C54:C57) -> 88 | T21: =SUM(D54:D57) -> 5 | U21: =SUM(E54:E57) -> 10 | V21: =SUM(F54:F57) -> 85 | W21: =SUM(G54:G57) -> 0 | X21: =SUM(H54:H57) -> 0 | Y21: =SUM(I54:I57) -> 0 | Z21: =SUM(J54:J57) -> 0 | ... AF21: =SUM(P54:P57) -> 245
B22: 10.00 - 10.15 | C22: 10 | D22: 0 | E22: 0 | F22: 15 | G22: 0 | H22: 0 | I22: 10 | J22: 0 | K22: 0 | L22: 0 | M22: 22 | N22: 0 | O22: =SUM(C22:L22,N22) -> 35 | P22: =SUM(C22:N22) -> 57 | R22: AM Peak Hr | S22: =MAX(S10:S12) -> 61 | T22: =MAX(T10:T12) -> 14 | U22: =MAX(U10:U12) -> 6 | V22: =MAX(V10:V12) -> 87 | W22: =MAX(W10:W12) -> 2 | X22: =MAX(X10:X12) -> 1 | Y22: =MAX(Y10:Y12) -> 8 | Z22: =MAX(Z10:Z12) -> 6 | ... AF22: =MAX(AF10:AF12) -> 256
B23: 10.15 - 10.30 | C23: 12 | D23: 2 | E23: 0 | F23: 14 | G23: 0 | H23: 0 | I23: 0 | J23: 1 | K23: 0 | L23: 0 | M23: 32 | N23: 0 | O23: =SUM(C23:L23,N23) -> 29 | P23: =SUM(C23:N23) -> 61 | R23: IP Peak Hr | S23: =MAX(S13:S18) -> 67 | T23: =MAX(T13:T18) -> 21 | U23: =MAX(U13:U18) -> 14 | V23: =MAX(V13:V18) -> 69 | W23: =MAX(W13:W18) -> 3 | X23: =MAX(X13:X18) -> 0 | Y23: =MAX(Y13:Y18) -> 15 | Z23: =MAX(Z13:Z18) -> 7 | ... AF23: =MAX(AF13:AF18) -> 252
B24: 10.30 - 10.45 | C24: 5 | D24: 0 | E24: 1 | F24: 10 | G24: 0 | H24: 0 | I24: 0 | J24: 0 | K24: 0 | L24: 0 | M24: 8 | N24: 0 | O24: =SUM(C24:L24,N24) -> 16 | P24: =SUM(C24:N24) -> 24 | R24: PM Peak Hr | S24: =MAX(S19:S21) -> 122 | T24: =MAX(T19:T21) -> 12 | U24: =MAX(U19:U21) -> 11 | V24: =MAX(V19:V21) -> 85 | W24: =MAX(W19:W21) -> 1 | X24: =MAX(X19:X21) -> 0 | Y24: =MAX(Y19:Y21) -> 14 | Z24: =MAX(Z19:Z21) -> 0 | ... AF24: =MAX(AF19:AF21) -> 287
B25: 10.45 - 11.00 | C25: 13 | D25: 0 | E25: 1 | F25: 30 | G25: 0 | H25: 0 | I25: 1 | J25: 0 | K25: 0 | L25: 0 | M25: 9 | N25: 0 | O25: =SUM(C25:L25,N25) -> 45 | P25: =SUM(C25:N25) -> 54 | R25: AM Period | S25: =SUM(S10:S12) -> 163 | T25: =SUM(T10:T12) -> 36 | U25: =SUM(U10:U12) -> 18 | V25: =SUM(V10:V12) -> 237 | W25: =SUM(W10:W12) -> 3 | X25: =SUM(X10:X12) -> 1 | Y25: =SUM(Y10:Y12) -> 16 | Z25: =SUM(Z10:Z12) -> 8 | ... AF25: =SUM(AF10:AF12) -> 706
B26: 11.00 - 11.15 | C26: 14 | D26: 2 | E26: 4 | F26: 19 | G26: 0 | H26: 0 | I26: 1 | J26: 1 | K26: 0 | L26: 0 | M26: 23 | N26: 0 | O26: =SUM(C26:L26,N26) -> 41 | P26: =SUM(C26:N26) -> 64 | R26: IP Period | S26: =SUM(S13:S18) -> 318 | T26: =SUM(T13:T18) -> 52 | U26: =SUM(U13:U18) -> 53 | V26: =SUM(V13:V18) -> 280 | W26: =SUM(W13:W18) -> 7 | X26: =SUM(X13:X18) -> 0 | Y26: =SUM(Y13:Y18) -> 63 | Z26: =SUM(Z13:Z18) -> 13 | ... AF26: =SUM(AF13:AF18) -> 1209
B27: 11.15 - 11.30 | C27: 11 | D27: 3 | E27: 4 | F27: 7 | G27: 2 | H27: 0 | I27: 5 | J27: 1 | K27: 0 | L27: 1 | M27: 30 | N27: 0 | O27: =SUM(C27:L27,N27) -> 34 | P27: =SUM(C27:N27) -> 64 | R27: PM Period | S27: =SUM(S19:S21) -> 311 | T27: =SUM(T19:T21) -> 24 | U27: =SUM(U19:U21) -> 31 | V27: =SUM(V19:V21) -> 219 | W27: =SUM(W19:W21) -> 1 | X27: =SUM(X19:X21) -> 0 | Y27: =SUM(Y19:Y21) -> 24 | Z27: =SUM(Z19:Z21) -> 0 | ... AF27: =SUM(AF19:AF21) -> 776
B28: 11.30 - 11.45 | C28: 4 | D28: 1 | E28: 4 | F28: 9 | G28: 0 | H28: 0 | I28: 3 | J28: 0 | K28: 0 | L28: 0 | M28: 35 | N28: 0 | O28: =SUM(C28:L28,N28) -> 21 | P28: =SUM(C28:N28) -> 56 | R28: 12 Hours | S28: =SUM(S10:S21) -> 792 | T28: =SUM(T10:T21) -> 112 | U28: =SUM(U10:U21) -> 102 | V28: =SUM(V10:V21) -> 736 | W28: =SUM(W10:W21) -> 11 | X28: =SUM(X10:X21) -> 1 | Y28: =SUM(Y10:Y21) -> 103 | Z28: =SUM(Z10:Z21) -> 21 | ... AF28: =SUM(AF10:AF21) -> 2691
B29: 11.45 - 12.00 | C29: 4 | D29: 0 | E29: 0 | F29: 14 | G29: 0 | H29: 0 | I29: 6 | J29: 0 | K29: 0 | L29: 0 | M29: 13 | N29: 0 | O29: =SUM(C29:L29,N29) -> 24 | P29: =SUM(C29:N29) -> 37
B30: 12.00 - 12.15 | C30: 15 | D30: 8 | E30: 5 | F30: 13 | G30: 3 | H30: 0 | I30: 0 | J30: 4 | K30: 0 | L30: 0 | M30: 18 | N30: 0 | O30: =SUM(C30:L30,N30) -> 48 | P30: =SUM(C30:N30) -> 66
B31: 12.15 - 12.30 | C31: 33 | D31: 4 | E31: 0 | F31: 7 | G31: 0 | H31: 0 | I31: 3 | J31: 0 | K31: 0 | L31: 0 | M31: 34 | N31: 0 | O31: =SUM(C31:L31,N31) -> 47 | P31: =SUM(C31:N31) -> 81
B32: 12.30 - 12.45 | C32: 9 | D32: 5 | E32: 1 | F32: 9 | G32: 0 | H32: 0 | I32: 1 | J32: 3 | K32: 0 | L32: 1 | M32: 24 | N32: 0 | O32: =SUM(C32:L32,N32) -> 29 | P32: =SUM(C32:N32) -> 53
B33: 12.45 - 13.00 | C33: 10 | D33: 4 | E33: 4 | F33: 12 | G33: 0 | H33: 0 | I33: 1 | J33: 0 | K33: 0 | L33: 0 | M33: 21 | N33: 0 | O33: =SUM(C33:L33,N33) -> 31 | P33: =SUM(C33:N33) -> 52
B34: 13.00 - 13.15 | C34: 22 | D34: 1 | E34: 5 | F34: 18 | G34: 1 | H34: 0 | I34: 1 | J34: 0 | K34: 0 | L34: 0 | M34: 13 | N34: 0 | O34: =SUM(C34:L34,N34) -> 48 | P34: =SUM(C34:N34) -> 61
B35: 13.15 - 13.30 | C35: 10 | D35: 0 | E35: 2 | F35: 0 | G35: 0 | H35: 0 | I35: 0 | J35: 0 | K35: 0 | L35: 0 | M35: 19 | N35: 0 | O35: =SUM(C35:L35,N35) -> 12 | P35: =SUM(C35:N35) -> 31
B36: 13.30 - 13.45 | C36: 10 | D36: 0 | E36: 1 | F36: 3 | G36: 0 | H36: 0 | I36: 0 | J36: 0 | K36: 0 | L36: 0 | M36: 16 | N36: 0 | O36: =SUM(C36:L36,N36) -> 14 | P36: =SUM(C36:N36) -> 30
B37: 13.45 - 14.00 | C37: 23 | D37: 3 | E37: 4 | F37: 13 | G37: 0 | H37: 0 | I37: 9 | J37: 0 | K37: 0 | L37: 0 | M37: 9 | N37: 0 | O37: =SUM(C37:L37,N37) -> 52 | P37: =SUM(C37:N37) -> 61
B38: 14.00 - 14.15 | C38: 8 | D38: 3 | E38: 1 | F38: 8 | G38: 0 | H38: 0 | I38: 5 | J38: 0 | K38: 0 | L38: 0 | M38: 12 | N38: 0 | O38: =SUM(C38:L38,N38) -> 25 | P38: =SUM(C38:N38) -> 37
B39: 14.15 - 14.30 | C39: 15 | D39: 0 | E39: 1 | F39: 0 | G39: 1 | H39: 0 | I39: 1 | J39: 0 | K39: 0 | L39: 0 | M39: 10 | N39: 0 | O39: =SUM(C39:L39,N39) -> 18 | P39: =SUM(C39:N39) -> 28
B40: 14.30 - 14.45 | C40: 9 | D40: 2 | E40: 1 | F40: 12 | G40: 0 | H40: 0 | I40: 7 | J40: 2 | K40: 0 | L40: 0 | M40: 11 | N40: 0 | O40: =SUM(C40:L40,N40) -> 33 | P40: =SUM(C40:N40) -> 44
... B56: 18.30 - 18.45 | C56: 24 | D56: 3 | E56: 2 | F56: 32 | G56: 0 | H56: 0 | I56: 0 | J56: 0 | K56: 0 | L56: 0 | M56: 18 | N56: 0 | O56: =SUM(C56:L56,N56) -> 61 | P56: =SUM(C56:N56) -> 79
B57: 18.45 - 19.00 | C57: 19 | D57: 0 | E57: 5 | F57: 9 | H57: 0 | I57: 0 | J57: 0 | K57: 0 | L57: 0 | M57: 9 | N57: 0 | O57: =SUM(C57:L57,N57) -> 33 | P57: =SUM(C57:N57) -> 42
B58: Totals | C58: =SUM(C10:C57) -> 792 | D58: =SUM(D10:D57) -> 112 | E58: =SUM(E10:E57) -> 102 | F58: =SUM(F10:F57) -> 736 | G58: =SUM(G10:G57) -> 11 | H58: =SUM(H10:H57) -> 1 | I58: =SUM(I10:I57) -> 103 | J58: =SUM(J10:J57) -> 21 | ... P58: =SUM(P10:P57) -> 2691
B59: %ges + MCs | C59: =C58/$P$58 -> 0.29431438 | D59: =D58/$P$58 -> 0.041620216 | E59: =E58/$P$58 -> 0.037904125 | F59: =F58/$P$58 -> 0.27350427 | G59: =G58/$P$58 -> 0.0040876997 | H59: =H58/$P$58 -> 0.00037160907 | I59: =I58/$P$58 -> 0.038275734 | J59: =J58/$P$58 -> 0.0078037904 | ... N59: =N58/$P$58 -> 0
B60: %ges w/o MCs | C60: =C58/$O$58 -> 0.42038217 | D60: =D58/$O$58 -> 0.059447983 | E60: =E58/$O$58 -> 0.054140127 | F60: =F58/$O$58 -> 0.39065817 | G60: =G58/$O$58 -> 0.0058386412 | H60: =H58/$O$58 -> 0.00053078556 | I60: =I58/$O$58 -> 0.054670913 | J60: =J58/$O$58 -> 0.011146497 | ... L60: =L58/$O$58 -> 0.0010615711 | N60: =N58/$O$58 -> 0

Sheet 23.9.19-MUNYONYO-SALAMA
B1: Consultancy services for Preparation of Expressway Development Master Plan (EDMP) for Uganda
B2: MANUAL CLASSIFIED COUNT (MCC)
B3: ROAD NAME: | C3: ='23.9.19 SALAMA - MUNYONYO'!C3:G3 -> MCC - C2 - STN-51 - SALAMA ROAD
C5: Date | D5: ='23.9.19 SALAMA - MUNYONYO'!D5 -> 23.07.19 | F5: Location | G5: ='23.9.19 SALAMA - MUNYONYO'!G5:H5 -> MUNYONYO P/S | J5: Surveyor | K5: OLOYA
C6: Dir. From | D6: MUNYONYO | F6: Dir. To | G6: SALAMA | J6: Supervisor | K6: ='23.9.19 SALAMA - MUNYONYO'!K6:L6 -> STEVEN
B8: Time / Veh Type | R8: SUMMARY TRAFFIC VOLUMES
C9: 1. Car | D9: 2. Station Wagon | E9: 3. Pickups | F9: 4. Minibus, matatu | G9: 5. Medium bus | H9: 6. Large Bus | I9: 7. Light Truck | J9: 8. Medium Truck | K9: 9. Heavy truck | L9: 10. Truck Trailer | M9: 11. Motor cycles | N9: 12. Tractors | O9: Total Excl M/Cycles | P9: Total All | R9: Time | S9: 1. Car | T9: 2. Station Wagon | U9: 3. Pickups | V9: 4. Minibus, matatu | W9: 5. Medium bus | X9: 6. Large Bus | Y9: 7. Light Truck | Z9: 8. Medium Truck | AA9: 9. Heavy truck | AB9: 10. Truck Trailer | AC9: 11. Motorcycles | AD9: 12. Tractors, Graders | AE9: Total Excl M/ Cycles | AF9: Total All
B10: 07.00 - 07.15 | C10: 26 | D10: 7 | E10: 6 | F10: 8 | G10: 1 | H10: 0 | I10: 1 | J10: 1 | K10: 1 | L10: 0 | M10: 22 | N10: 0 | O10: =SUM(C10:L10,N10) -> 51 | P10: =SUM(C10:N10) -> 73 | R10: 0700-0800 | S10: =SUM(C10:C13) -> 126 | T10: =SUM(D10:D13) -> 34 | U10: =SUM(E10:E13) -> 14 | V10: =SUM(F10:F13) -> 76 | W10: =SUM(G10:G13) -> 2 | X10: =SUM(H10:H13) -> 0 | Y10: =SUM(I10:I13) -> 7 | Z10: =SUM(J10:J13) -> 3 | ... AF10: =SUM(P10:P13) -> 368
B11: 07.15 - 07.30 | C11: 34 | D11: 11 | E11: 0 | F11: 15 | G11: 0 | H11: 0 | I11: 1 | J11: 1 | K11: 0 | L11: 0 | M11: 21 | N11: 0 | O11: =SUM(C11:L11,N11) -> 62 | P11: =SUM(C11:N11) -> 83 | R11: 0800-0900 | S11: =SUM(C14:C17) -> 100 | T11: =SUM(D14:D17) -> 14 | U11: =SUM(E14:E17) -> 26 | V11: =SUM(F14:F17) -> 76 | W11: =SUM(G14:G17) -> 3 | X11: =SUM(H14:H17) -> 4 | Y11: =SUM(I14:I17) -> 9 | Z11: =SUM(J14:J17) -> 0 | ... AF11: =SUM(P14:P17) -> 366
B12: 07.30 - 07.45 | C12: 46 | D12: 13 | E12: 5 | F12: 13 | G12: 1 | H12: 0 | I12: 2 | J12: 0 | K12: 0 | L12: 0 | M12: 30 | N12: 0 | O12: =SUM(C12:L12,N12) -> 80 | P12: =SUM(C12:N12) -> 110 | R12: 0900-1000 | S12: =SUM(C18:C21) -> 106 | T12: =SUM(D18:D21) -> 30 | U12: =SUM(E18:E21) -> 8 | V12: =SUM(F18:F21) -> 89 | W12: =SUM(G18:G21) -> 0 | X12: =SUM(H18:H21) -> 2 | Y12: =SUM(I18:I21) -> 7 | Z12: =SUM(J18:J21) -> 2 | ... AF12: =SUM(P18:P21) -> 439
B13: 07.45 - 08.00 | C13: 20 | D13: 3 | E13: 3 | F13: 40 | G13: 0 | H13: 0 | I13: 3 | J13: 1 | K13: 0 | L13: 0 | M13: 32 | N13: 0 | O13: =SUM(C13:L13,N13) -> 70 | P13: =SUM(C13:N13) -> 102 | R13: 1000-1100 | S13: =SUM(C22:C25) -> 80 | T13: =SUM(D22:D25) -> 16 | U13: =SUM(E22:E25) -> 4 | V13: =SUM(F22:F25) -> 55 | W13: =SUM(G22:G25) -> 2 | X13: =SUM(H22:H25) -> 0 | Y13: =SUM(I22:I25) -> 9 | Z13: =SUM(J22:J25) -> 3 | ... AF13: =SUM(P22:P25) -> 334
B14: 08.00 - 08.15 | C14: 16 | D14: 0 | E14: 0 | F14: 27 | G14: 2 | H14: 0 | I14: 3 | J14: 0 | K14: 0 | L14: 0 | M14: 14 | N14: 0 | O14: =SUM(C14:L14,N14) -> 48 | P14: =SUM(C14:N14) -> 62 | R14: 1100-1200 | S14: =SUM(C26:C29) -> 55 | T14: =SUM(D26:D29) -> 16 | U14: =SUM(E26:E29) -> 10 | V14: =SUM(F26:F29) -> 53 | W14: =SUM(G26:G29) -> 0 | X14: =SUM(H26:H29) -> 2 | Y14: =SUM(I26:I29) -> 16 | Z14: =SUM(J26:J29) -> 0 | ... AF14: =SUM(P26:P29) -> 291
B15: 08.15 - 08.30 | C15: 34 | D15: 1 | E15: 3 | F15: 34 | G15: 1 | H15: 1 | I15: 2 | J15: 0 | K15: 0 | L15: 0 | M15: 52 | N15: 0 | O15: =SUM(C15:L15,N15) -> 76 | P15: =SUM(C15:N15) -> 128 | R15: 1200-1300 | S15: =SUM(C30:C33) -> 65 | T15: =SUM(D30:D33) -> 13 | U15: =SUM(E30:E33) -> 12 | V15: =SUM(F30:F33) -> 38 | W15: =SUM(G30:G33) -> 12 | X15: =SUM(H30:H33) -> 2 | Y15: =SUM(I30:I33) -> 6 | Z15: =SUM(J30:J33) -> 3 | ... AF15: =SUM(P30:P33) -> 307
B16: 08.30 - 08.45 | C16: 12 | D16: 6 | E16: 0 | F16: 15 | G16: 0 | H16: 0 | I16: 4 | J16: 0 | K16: 0 | L16: 0 | M16: 30 | N16: 0 | O16: =SUM(C16:L16,N16) -> 37 | P16: =SUM(C16:N16) -> 67 | R16: 1300-1400 | S16: =SUM(C34:C37) -> 67 | T16: =SUM(D34:D37) -> 14 | U16: =SUM(E34:E37) -> 12 | V16: =SUM(F34:F37) -> 56 | W16: =SUM(G34:G37) -> 0 | X16: =SUM(H34:H37) -> 0 | Y16: =SUM(I34:I37) -> 17 | Z16: =SUM(J34:J37) -> 1 | ... AF16: =SUM(P34:P37) -> 344
B17: 08.45 - 9.00 | C17: 38 | D17: 7 | E17: 23 | F17: 0 | G17: 0 | H17: 3 | I17: 0 | J17: 0 | K17: 0 | L17: 0 | M17: 38 | N17: 0 | O17: =SUM(C17:L17,N17) -> 71 | P17: =SUM(C17:N17) -> 109 | R17: 1400-1500 | S17: =SUM(C38:C41) -> 94 | T17: =SUM(D38:D41) -> 20 | U17: =SUM(E38:E41) -> 11 | V17: =SUM(F38:F41) -> 51 | W17: =SUM(G38:G41) -> 0 | X17: =SUM(H38:H41) -> 0 | Y17: =SUM(I38:I41) -> 13 | Z17: =SUM(J38:J41) -> 2 | ... AF17: =SUM(P38:P41) -> 335
B18: 09.00 - 09.15 | C18: 29 | D18: 5 | E18: 1 | F18: 29 | G18: 0 | H18: 2 | I18: 1 | J18: 0 | K18: 0 | L18: 0 | M18: 40 | N18: 0 | O18: =SUM(C18:L18,N18) -> 67 | P18: =SUM(C18:N18) -> 107 | R18: 1500-1600 | S18: =SUM(C42:C45) -> 87 | T18: =SUM(D42:D45) -> 16 | U18: =SUM(E42:E45) -> 8 | V18: =SUM(F42:F45) -> 62 | W18: =SUM(G42:G45) -> 1 | X18: =SUM(H42:H45) -> 0 | Y18: =SUM(I42:I45) -> 11 | Z18: =SUM(J42:J45) -> 2 | ... AF18: =SUM(P42:P45) -> 344
B19: 09.15 - 09.30 | C19: 32 | D19: 10 | E19: 0 | F19: 26 | G19: 0 | H19: 0 | I19: 2 | J19: 0 | K19: 1 | L19: 0 | M19: 60 | N19: 0 | O19: =SUM(C19:L19,N19) -> 71 | P19: =SUM(C19:N19) -> 131 | R19: 1600-1700 | S19: =SUM(C46:C49) -> 107 | T19: =SUM(D46:D49) -> 32 | U19: =SUM(E46:E49) -> 16 | V19: =SUM(F46:F49) -> 75 | W19: =SUM(G46:G49) -> 3 | X19: =SUM(H46:H49) -> 1 | Y19: =SUM(I46:I49) -> 14 | Z19: =SUM(J46:J49) -> 3 | ... AF19: =SUM(P46:P49) -> 389
B20: 09.30 - 09.45 | C20: 11 | D20: 4 | E20: 1 | F20: 17 | G20: 0 | H20: 0 | I20: 1 | J20: 2 | K20: 0 | L20: 0 | M20: 34 | N20: 0 | O20: =SUM(C20:L20,N20) -> 36 | P20: =SUM(C20:N20) -> 70 | R20: 1700-1800 | S20: =SUM(C50:C53) -> 112 | T20: =SUM(D50:D53) -> 28 | U20: =SUM(E50:E53) -> 13 | V20: =SUM(F50:F53) -> 52 | W20: =SUM(G50:G53) -> 5 | X20: =SUM(H50:H53) -> 0 | Y20: =SUM(I50:I53) -> 12 | Z20: =SUM(J50:J53) -> 3 | ... AF20: =SUM(P50:P53) -> 390
B21: 09.45 - 10.00 | C21: 34 | D21: 11 | E21: 6 | F21: 17 | G21: 0 | H21: 0 | I21: 3 | J21: 0 | K21: 0 | L21: 0 | M21: 60 | N21: 0 | O21: =SUM(C21:L21,N21) -> 71 | P21: =SUM(C21:N21) -> 131 | R21: 1800-1900 | S21: =SUM(C54:C57) -> 98 | T21: =SUM(D54:D57) -> 32 | U21: =SUM(E54:E57) -> 24 | V21: =SUM(F54:F57) -> 84 | W21: =SUM(G54:G57) -> 2 | X21: =SUM(H54:H57) -> 0 | Y21: =SUM(I54:I57) -> 9 | Z21: =SUM(J54:J57) -> 0 | ... AF21: =SUM(P54:P57) -> 400
B22: 10.00 - 10.15 | C22: 18 | D22: 6 | E22: 0 | F22: 13 | G22: 1 | H22: 0 | I22: 1 | J22: 2 | K22: 1 | L22: 0 | M22: 36 | N22: 0 | O22: =SUM(C22:L22,N22) -> 42 | P22: =SUM(C22:N22) -> 78 | R22: AM Peak Hr | S22: =MAX(S10:S12) -> 126 | T22: =MAX(T10:T12) -> 34 | U22: =MAX(U10:U12) -> 26 | V22: =MAX(V10:V12) -> 89 | W22: =MAX(W10:W12) -> 3 | X22: =MAX(X10:X12) -> 4 | Y22: =MAX(Y10:Y12) -> 9 | Z22: =MAX(Z10:Z12) -> 3 | ... AF22: =MAX(AF10:AF12) -> 439
B23: 10.15 - 10.30 | C23: 32 | D23: 2 | E23: 1 | F23: 14 | G23: 0 | H23: 0 | I23: 1 | J23: 0 | K23: 0 | L23: 0 | M23: 52 | N23: 0 | O23: =SUM(C23:L23,N23) -> 50 | P23: =SUM(C23:N23) -> 102 | R23: IP Peak Hr | S23: =MAX(S13:S18) -> 94 | T23: =MAX(T13:T18) -> 20 | U23: =MAX(U13:U18) -> 12 | V23: =MAX(V13:V18) -> 62 | W23: =MAX(W13:W18) -> 12 | X23: =MAX(X13:X18) -> 2 | Y23: =MAX(Y13:Y18) -> 17 | Z23: =MAX(Z13:Z18) -> 3 | ... AF23: =MAX(AF13:AF18) -> 344
B24: 10.30 - 10.45 | C24: 13 | D24: 3 | E24: 1 | F24: 12 | G24: 0 | H24: 0 | I24: 1 | J24: 0 | K24: 0 | L24: 0 | M24: 44 | N24: 0 | O24: =SUM(C24:L24,N24) -> 30 | P24: =SUM(C24:N24) -> 74 | R24: PM Peak Hr | S24: =MAX(S19:S21) -> 112 | T24: =MAX(T19:T21) -> 32 | U24: =MAX(U19:U21) -> 24 | V24: =MAX(V19:V21) -> 84 | W24: =MAX(W19:W21) -> 5 | X24: =MAX(X19:X21) -> 1 | Y24: =MAX(Y19:Y21) -> 14 | Z24: =MAX(Z19:Z21) -> 3 | ... AF24: =MAX(AF19:AF21) -> 400
B25: 10.45 - 11.00 | C25: 17 | D25: 5 | E25: 2 | F25: 16 | G25: 1 | H25: 0 | I25: 6 | J25: 1 | K25: 0 | L25: 0 | M25: 32 | N25: 0 | O25: =SUM(C25:L25,N25) -> 48 | P25: =SUM(C25:N25) -> 80 | R25: AM Period | S25: =SUM(S10:S12) -> 332 | T25: =SUM(T10:T12) -> 78 | U25: =SUM(U10:U12) -> 48 | V25: =SUM(V10:V12) -> 241 | W25: =SUM(W10:W12) -> 5 | X25: =SUM(X10:X12) -> 6 | Y25: =SUM(Y10:Y12) -> 23 | Z25: =SUM(Z10:Z12) -> 5 | ... AF25: =SUM(AF10:AF12) -> 1173
B26: 11.00 - 11.15 | C26: 16 | D26: 5 | E26: 2 | F26: 13 | G26: 0 | H26: 0 | I26: 5 | J26: 0 | K26: 0 | L26: 0 | M26: 34 | N26: 0 | O26: =SUM(C26:L26,N26) -> 41 | P26: =SUM(C26:N26) -> 75 | R26: IP Period | S26: =SUM(S13:S18) -> 448 | T26: =SUM(T13:T18) -> 95 | U26: =SUM(U13:U18) -> 57 | V26: =SUM(V13:V18) -> 315 | W26: =SUM(W13:W18) -> 15 | X26: =SUM(X13:X18) -> 4 | Y26: =SUM(Y13:Y18) -> 72 | Z26: =SUM(Z13:Z18) -> 11 | ... AF26: =SUM(AF13:AF18) -> 1955
B27: 11.15 - 11.30 | C27: 13 | D27: 3 | E27: 3 | F27: 14 | G27: 0 | H27: 2 | I27: 1 | J27: 0 | K27: 0 | L27: 0 | M27: 36 | N27: 0 | O27: =SUM(C27:L27,N27) -> 36 | P27: =SUM(C27:N27) -> 72 | R27: PM Period | S27: =SUM(S19:S21) -> 317 | T27: =SUM(T19:T21) -> 92 | U27: =SUM(U19:U21) -> 53 | V27: =SUM(V19:V21) -> 211 | W27: =SUM(W19:W21) -> 10 | X27: =SUM(X19:X21) -> 1 | Y27: =SUM(Y19:Y21) -> 35 | Z27: =SUM(Z19:Z21) -> 6 | ... AF27: =SUM(AF19:AF21) -> 1179
B28: 11.30 - 11.45 | C28: 17 | D28: 2 | E28: 4 | F28: 16 | G28: 0 | H28: 0 | I28: 5 | J28: 0 | K28: 0 | L28: 0 | M28: 35 | N28: 0 | O28: =SUM(C28:L28,N28) -> 44 | P28: =SUM(C28:N28) -> 79 | R28: 12 Hours | S28: =SUM(S10:S21) -> 1097 | T28: =SUM(T10:T21) -> 265 | U28: =SUM(U10:U21) -> 158 | V28: =SUM(V10:V21) -> 767 | W28: =SUM(W10:W21) -> 30 | X28: =SUM(X10:X21) -> 11 | Y28: =SUM(Y10:Y21) -> 130 | Z28: =SUM(Z10:Z21) -> 22 | ... AF28: =SUM(AF10:AF21) -> 4307
B29: 11.45 - 12.00 | C29: 9 | D29: 6 | E29: 1 | F29: 10 | G29: 0 | H29: 0 | I29: 5 | J29: 0 | K29: 0 | L29: 0 | M29: 34 | N29: 0 | O29: =SUM(C29:L29,N29) -> 31 | P29: =SUM(C29:N29) -> 65
B30: 12.00 - 12.15 | C30: 13 | D30: 3 | E30: 5 | F30: 12 | G30: 1 | H30: 0 | I30: 0 | J30: 0 | K30: 0 | L30: 0 | M30: 28 | N30: 0 | O30: =SUM(C30:L30,N30) -> 34 | P30: =SUM(C30:N30) -> 62
B31: 12.15 - 12.30 | C31: 14 | D31: 7 | E31: 0 | F31: 11 | G31: 0 | H31: 0 | I31: 5 | J31: 0 | K31: 0 | L31: 0 | M31: 41 | N31: 0 | O31: =SUM(C31:L31,N31) -> 37 | P31: =SUM(C31:N31) -> 78
B32: 12.30 - 12.45 | C32: 23 | D32: 0 | E32: 3 | F32: 0 | G32: 11 | H32: 2 | I32: 0 | J32: 3 | K32: 1 | L32: 0 | M32: 31 | N32: 0 | O32: =SUM(C32:L32,N32) -> 43 | P32: =SUM(C32:N32) -> 74
B33: 12.45 - 13.00 | C33: 15 | D33: 3 | E33: 4 | F33: 15 | G33: 0 | H33: 0 | I33: 1 | J33: 0 | K33: 0 | L33: 0 | M33: 55 | N33: 0 | O33: =SUM(C33:L33,N33) -> 38 | P33: =SUM(C33:N33) -> 93
B34: 13.00 - 13.15 | C34: 18 | D34: 3 | E34: 3 | F34: 13 | G34: 0 | H34: 0 | I34: 7 | J34: 0 | K34: 0 | L34: 0 | M34: 41 | N34: 0 | O34: =SUM(C34:L34,N34) -> 44 | P34: =SUM(C34:N34) -> 85
B35: 13.15 - 13.30 | C35: 13 | D35: 4 | E35: 2 | F35: 16 | G35: 0 | H35: 0 | I35: 1 | J35: 0 | K35: 0 | L35: 0 | M35: 46 | N35: 0 | O35: =SUM(C35:L35,N35) -> 36 | P35: =SUM(C35:N35) -> 82
B36: 13.30 - 13.45 | C36: 17 | D36: 1 | E36: 5 | F36: 12 | G36: 0 | H36: 0 | I36: 6 | J36: 1 | K36: 0 | L36: 0 | M36: 61 | N36: 0 | O36: =SUM(C36:L36,N36) -> 42 | P36: =SUM(C36:N36) -> 103
B37: 13.45 - 14.00 | C37: 19 | D37: 6 | E37: 2 | F37: 15 | G37: 0 | H37: 0 | I37: 3 | J37: 0 | K37: 1 | L37: 0 | M37: 28 | N37: 0 | O37: =SUM(C37:L37,N37) -> 46 | P37: =SUM(C37:N37) -> 74
B38: 14.00 - 14.15 | C38: 26 | D38: 4 | E38: 6 | F38: 16 | G38: 0 | H38: 0 | I38: 5 | J38: 1 | K38: 0 | L38: 0 | M38: 35 | N38: 0 | O38: =SUM(C38:L38,N38) -> 58 | P38: =SUM(C38:N38) -> 93
B39: 14.15 - 14.30 | C39: 34 | D39: 8 | E39: 3 | F39: 14 | G39: 0 | H39: 0 | I39: 4 | J39: 0 | K39: 2 | L39: 0 | M39: 65 | N39: 0 | O39: =SUM(C39:L39,N39) -> 65 | P39: =SUM(C39:N39) -> 130
B40: 14.30 - 14.45 | C40: 12 | D40: 4 | E40: 0 | F40: 9 | G40: 0 | H40: 0 | I40: 1 | J40: 1 | K40: 0 | L40: 0 | M40: 18 | N40: 0 | O40: =SUM(C40:L40,N40) -> 27 | P40: =SUM(C40:N40) -> 45
... B57: 18.45 - 19.00 | C57: 23 | D57: 3 | E57: 6 | F57: 21 | G57: 1 | H57: 0 | I57: 2 | J57: 0 | K57: 0 | L57: 0 | M57: 25 | N57: 0 | O57: =SUM(C57:L57,N57) -> 56 | P57: =SUM(C57:N57) -> 81
B58: Totals | C58: =SUM(C10:C57) -> 1097 | D58: =SUM(D10:D57) -> 265 | E58: =SUM(E10:E57) -> 158 | F58: =SUM(F10:F57) -> 767 | G58: =SUM(G10:G57) -> 30 | H58: =SUM(H10:H57) -> 11 | I58: =SUM(I10:I57) -> 130 | J58: =SUM(J10:J57) -> 22 | ... P58: =SUM(P10:P57) -> 4307
B59: %ges + MCs | C59: =C58/$P$58 -> 0.25470165 | D59: =D58/$P$58 -> 0.061527746 | E59: =E58/$P$58 -> 0.036684467 | F59: =F58/$P$58 -> 0.17808219 | G59: =G58/$P$58 -> 0.0069654052 | H59: =H58/$P$58 -> 0.0025539819 | I59: =I58/$P$58 -> 0.030183422 | J59: =J58/$P$58 -> 0.0051079638 | ... N59: =N58/$P$58 -> 0
B60: %ges w/o MCs | C60: =C58/$O$58 -> 0.4409164 | D60: =D58/$O$58 -> 0.10651125 | E60: =E58/$O$58 -> 0.063504823 | F60: =F58/$O$58 -> 0.30827974 | G60: =G58/$O$58 -> 0.012057878 | H60: =H58/$O$58 -> 0.0044212219 | I60: =I58/$O$58 -> 0.052250804 | J60: =J58/$O$58 -> 0.0088424437 | ... L60: =L58/$O$58 -> 0.00040192926 | N60: =N58/$O$58 -> 0

Sheet 24.09 SALAMA-MUNYONYO
B1: Consultancy services for Preparation of Expressway Development Master Plan (EDMP) for Uganda
B2: MANUAL CLASSIFIED COUNT (MCC)
B3: ROAD NAME: | C3: MCC-C2-STN51-SALAMA ROAD
C5: Date | D5: 24.09.19 | F5: Location | G5: MUNYONYO PS | J5: Surveyor | K5: KENNETH
C6: Dir. From | D6: SALAAMA | F6: Dir. To | G6: MUNYONYO | J6: Supervisor | K6: STEVEN
B8: Time / Veh Type | R8: SUMMARY TRAFFIC VOLUMES
C9: 1. Car | D9: 2. Station Wagon | E9: 3. Pickups | F9: 4. Minibus, matatu | G9: 5. Medium bus | H9: 6. Large Bus | I9: 7. Light Truck | J9: 8. Medium Truck | K9: 9. Heavy truck | L9: 10. Truck Trailer | M9: 11. Motor cycles | N9: 12. Tractors | O9: Total Excl M/Cycles | P9: Total All | R9: Time | S9: 1. Car | T9: 2. Station Wagon | U9: 3. Pickups | V9: 4. Minibus, matatu | W9: 5. Medium bus | X9: 6. Large Bus | Y9: 7. Light Truck | Z9: 8. Medium Truck | AA9: 9. Heavy truck | AB9: 10. Truck Trailer | AC9: 11. Motorcycles | AD9: 12. Tractors, Graders | AE9: Total Excl M/ Cycles | AF9: Total All
B10: 07.00 - 07.15 | C10: 18 | D10: 2 | E10: 1 | F10: 29 | G10: 0 | H10: 0 | I10: 0 | J10: 0 | K10: 0 | L10: 0 | M10: 29 | N10: 0 | O10: =SUM(C10:L10,N10) -> 50 | P10: =SUM(C10:N10) -> 79 | R10: 0700-0800 | S10: =SUM(C10:C13) -> 87 | T10: =SUM(D10:D13) -> 10 | U10: =SUM(E10:E13) -> 5 | V10: =SUM(F10:F13) -> 72 | W10: =SUM(G10:G13) -> 0 | X10: =SUM(H10:H13) -> 0 | Y10: =SUM(I10:I13) -> 7 | Z10: =SUM(J10:J13) -> 1 | ... AF10: =SUM(P10:P13) -> 278
B11: 07.15 - 07.30 | C11: 25 | D11: 5 | E11: 1 | F11: 20 | G11: 0 | H11: 0 | I11: 4 | J11: 0 | K11: 0 | L11: 0 | M11: 23 | N11: 0 | O11: =SUM(C11:L11,N11) -> 55 | P11: =SUM(C11:N11) -> 78 | R11: 0800-0900 | S11: =SUM(C14:C17) -> 64 | T11: =SUM(D14:D17) -> 5 | U11: =SUM(E14:E17) -> 13 | V11: =SUM(F14:F17) -> 93 | W11: =SUM(G14:G17) -> 0 | X11: =SUM(H14:H17) -> 0 | Y11: =SUM(I14:I17) -> 11 | Z11: =SUM(J14:J17) -> 3 | ... AF11: =SUM(P14:P17) -> 315
B12: 07.30 - 07.45 | C12: 10 | D12: 3 | E12: 1 | F12: 14 | G12: 0 | H12: 0 | I12: 1 | J12: 0 | K12: 0 | L12: 0 | M12: 10 | N12: 0 | O12: =SUM(C12:L12,N12) -> 29 | P12: =SUM(C12:N12) -> 39 | R12: 0900-1000 | S12: =SUM(C18:C23) -> 80 | T12: =SUM(D18:D23) -> 2 | U12: =SUM(E18:E23) -> 8 | V12: =SUM(F18:F23) -> 89 | W12: =SUM(G18:G23) -> 0 | X12: =SUM(H18:H23) -> 0 | Y12: =SUM(I18:I23) -> 6 | Z12: =SUM(J18:J23) -> 17 | ... AD12: =SUM(N18:N23) -> 0 | AE12: =SUM(O18:O21) -> 134 | AF12: =SUM(P18:P21) -> 229
B13: 07.45 - 08.00 | C13: 34 | D13: 0 | E13: 2 | F13: 9 | G13: 0 | H13: 0 | I13: 2 | J13: 1 | K13: 0 | L13: 0 | M13: 34 | N13: 0 | O13: =SUM(C13:L13,N13) -> 48 | P13: =SUM(C13:N13) -> 82 | R13: 1000-1100 | S13: =SUM(C24:C27) -> 58 | T13: =SUM(D24:D27) -> 11 | U13: =SUM(E24:E27) -> 5 | V13: =SUM(F24:F27) -> 60 | W13: =SUM(G24:G27) -> 0 | X13: =SUM(H24:H27) -> 0 | Y13: =SUM(I24:I27) -> 7 | Z13: =SUM(J24:J27) -> 0 | ... AD13: =SUM(N24:N27) -> 0 | AE13: =SUM(O22:O25) -> 130 | AF13: =SUM(P22:P25) -> 207
B14: 08.00 - 08.15 | C14: 22 | D14: 0 | E14: 5 | F14: 29 | G14: 0 | H14: 0 | I14: 5 | J14: 0 | K14: 0 | L14: 0 | M14: 35 | N14: 0 | O14: =SUM(C14:L14,N14) -> 61 | P14: =SUM(C14:N14) -> 96 | R14: 1100-1200 | S14: =SUM(C28:C31) -> 40 | T14: =SUM(D28:D31) -> 7 | U14: =SUM(E28:E31) -> 12 | V14: =SUM(F28:F31) -> 38 | W14: =SUM(G28:G31) -> 0 | X14: =SUM(H28:H31) -> 0 | Y14: =SUM(I28:I31) -> 8 | Z14: =SUM(J28:J31) -> 0 | ... AD14: =SUM(N28:N31) -> 0 | AE14: =SUM(O26:O29) -> 118 | AF14: =SUM(P26:P29) -> 201
B15: 08.15 - 08.30 | C15: 10 | D15: 3 | E15: 1 | F15: 25 | G15: 0 | H15: 0 | I15: 2 | J15: 0 | K15: 0 | L15: 0 | M15: 18 | N15: 0 | O15: =SUM(C15:L15,N15) -> 41 | P15: =SUM(C15:N15) -> 59 | R15: 1200-1300 | S15: =SUM(C32:C35) -> 70 | T15: =SUM(D32:D35) -> 16 | U15: =SUM(E32:E35) -> 10 | V15: =SUM(F32:F35) -> 54 | W15: =SUM(G32:G35) -> 3 | X15: =SUM(H32:H35) -> 1 | Y15: =SUM(I32:I35) -> 14 | Z15: =SUM(J32:J35) -> 0 | ... AD15: =SUM(N32:N35) -> 0 | AE15: =SUM(O30:O33) -> 143 | AF15: =SUM(P30:P33) -> 236
B16: 08.30 - 08.45 | C16: 19 | D16: 1 | E16: 6 | F16: 11 | G16: 0 | H16: 0 | I16: 4 | J16: 0 | K16: 0 | L16: 0 | M16: 35 | N16: 0 | O16: =SUM(C16:L16,N16) -> 41 | P16: =SUM(C16:N16) -> 76 | R16: 1300-1400 | S16: =SUM(C36:C39) -> 55 | T16: =SUM(D36:D39) -> 7 | U16: =SUM(E36:E39) -> 2 | V16: =SUM(F36:F39) -> 37 | W16: =SUM(G36:G39) -> 0 | X16: =SUM(H36:H39) -> 0 | Y16: =SUM(I36:I39) -> 11 | Z16: =SUM(J36:J39) -> 0 | ... AD16: =SUM(N36:N39) -> 0 | AE16: =SUM(O34:O37) -> 150 | AF16: =SUM(P34:P37) -> 265
B17: 08.45 - 9.00 | C17: 13 | D17: 1 | E17: 1 | F17: 28 | G17: 0 | H17: 0 | I17: 0 | J17: 3 | K17: 0 | L17: 0 | M17: 38 | N17: 0 | O17: =SUM(C17:L17,N17) -> 46 | P17: =SUM(C17:N17) -> 84 | R17: 1400-1500 | S17: =SUM(C40:C43) -> 84 | T17: =SUM(D40:D43) -> 28 | U17: =SUM(E40:E43) -> 10 | V17: =SUM(F40:F43) -> 64 | W17: =SUM(G40:G43) -> 0 | X17: =SUM(H40:H43) -> 0 | Y17: =SUM(I40:I43) -> 4 | Z17: =SUM(J40:J43) -> 6 | ... AD17: =SUM(N40:N43) -> 0 | AE17: =SUM(O38:O41) -> 152 | AF17: =SUM(P38:P41) -> 276
B18: 09.00 - 09.15 | C18: 13 | D18: 0 | E18: 1 | F18: 18 | G18: 0 | H18: 0 | I18: 0 | J18: 3 | K18: 0 | L18: 0 | M18: 32 | N18: 0 | O18: =SUM(C18:L18,N18) -> 35 | P18: =SUM(C18:N18) -> 67 | R18: 1500-1600 | S18: =SUM(C44:C47) -> 74 | T18: =SUM(D44:D47) -> 9 | U18: =SUM(E44:E47) -> 2 | V18: =SUM(F44:F47) -> 78 | W18: =SUM(G44:G47) -> 0 | X18: =SUM(H44:H47) -> 0 | Y18: =SUM(I44:I47) -> 6 | Z18: =SUM(J44:J47) -> 2 | ... AD18: =SUM(N44:N47) -> 0 | AE18: =SUM(O42:O45) -> 193 | AF18: =SUM(P42:P45) -> 316
B19: 09.15 - 09.30 | C19: 12 | D19: 1 | E19: 1 | F19: 12 | G19: 0 | H19: 0 | I19: 1 | J19: 4 | K19: 0 | L19: 0 | M19: 21 | N19: 0 | O19: =SUM(C19:L19,N19) -> 31 | P19: =SUM(C19:N19) -> 52 | R19: 1600-1700 | S19: =SUM(C48:C51) -> 113 | T19: =SUM(D48:D51) -> 12 | U19: =SUM(E48:E51) -> 9 | V19: =SUM(F48:F51) -> 61 | W19: =SUM(G48:G51) -> 0 | X19: =SUM(H48:H51) -> 0 | Y19: =SUM(I48:I51) -> 2 | Z19: =SUM(J48:J51) -> 3 | ... AD19: =SUM(N48:N51) -> 0 | AE19: =SUM(O46:O49) -> 172 | AF19: =SUM(P46:P49) -> 237
B20: 09.30 - 09.45 | C20: 14 | D20: 0 | E20: 1 | F20: 16 | G20: 0 | H20: 0 | I20: 1 | J20: 1 | K20: 0 | L20: 0 | M20: 19 | N20: 0 | O20: =SUM(C20:L20,N20) -> 33 | P20: =SUM(C20:N20) -> 52 | R20: 1700-1800 | S20: =SUM(C52:C53) -> 68 | T20: =SUM(D52:D53) -> 5 | U20: =SUM(E52:E53) -> 8 | V20: =SUM(F52:F53) -> 51 | W20: =SUM(G52:G53) -> 1 | X20: =SUM(H52:H53) -> 0 | Y20: =SUM(I52:I53) -> 4 | Z20: =SUM(J52:J53) -> 1 | ... AD20: =SUM(N52:N53) -> 0 | AE20: =SUM(O50:O53) -> 244 | AF20: =SUM(P50:P53) -> 328
B21: 09.45 - 10.00 | C21: 9 | D21: 1 | E21: 2 | F21: 17 | G21: 0 | H21: 0 | I21: 1 | J21: 5 | K21: 0 | L21: 0 | M21: 23 | N21: 0 | O21: =SUM(C21:L21,N21) -> 35 | P21: =SUM(C21:N21) -> 58 | R21: 1800-1900 | S21: =SUM(C54:C57) -> 158 | T21: =SUM(D54:D57) -> 20 | U21: =SUM(E54:E57) -> 24 | V21: =SUM(F54:F57) -> 78 | W21: =SUM(G54:G57) -> 2 | X21: =SUM(H54:H57) -> 0 | Y21: =SUM(I54:I57) -> 11 | Z21: =SUM(J54:J57) -> 1 | ... AF21: =SUM(P54:P57) -> 433
B22: 10.00 - 10.15 | C22: 17 | D22: 0 | E22: 0 | F22: 15 | G22: 0 | H22: 0 | I22: 2 | J22: 4 | K22: 0 | L22: 0 | M22: 14 | N22: 0 | O22: =SUM(C22:L22,N22) -> 38 | P22: =SUM(C22:N22) -> 52 | R22: AM Peak Hr | S22: =MAX(S10:S12) -> 87 | T22: =MAX(T10:T12) -> 10 | U22: =MAX(U10:U12) -> 13 | V22: =MAX(V10:V12) -> 93 | W22: =MAX(W10:W12) -> 0 | X22: =MAX(X10:X12) -> 0 | Y22: =MAX(Y10:Y12) -> 11 | Z22: =MAX(Z10:Z12) -> 17 | ... AF22: =MAX(AF10:AF12) -> 315
B23: 10.15 - 10.30 | C23: 15 | D23: 0 | E23: 3 | F23: 11 | G23: 0 | H23: 0 | I23: 1 | J23: 0 | K23: 0 | L23: 0 | M23: 22 | N23: 0 | O23: =SUM(C23:L23,N23) -> 30 | P23: =SUM(C23:N23) -> 52 | R23: IP Peak Hr | S23: =MAX(S13:S18) -> 84 | T23: =MAX(T13:T18) -> 28 | U23: =MAX(U13:U18) -> 12 | V23: =MAX(V13:V18) -> 78 | W23: =MAX(W13:W18) -> 3 | X23: =MAX(X13:X18) -> 1 | Y23: =MAX(Y13:Y18) -> 14 | Z23: =MAX(Z13:Z18) -> 6 | ... AF23: =MAX(AF13:AF18) -> 316
B24: 10.30 - 10.45 | C24: 5 | D24: 3 | E24: 0 | F24: 11 | G24: 0 | H24: 0 | I24: 2 | J24: 0 | K24: 0 | L24: 0 | M24: 22 | N24: 0 | O24: =SUM(C24:L24,N24) -> 21 | P24: =SUM(C24:N24) -> 43 | R24: PM Peak Hr | S24: =MAX(S19:S21) -> 158 | T24: =MAX(T19:T21) -> 20 | U24: =MAX(U19:U21) -> 24 | V24: =MAX(V19:V21) -> 78 | W24: =MAX(W19:W21) -> 2 | X24: =MAX(X19:X21) -> 0 | Y24: =MAX(Y19:Y21) -> 11 | Z24: =MAX(Z19:Z21) -> 3 | ... AF24: =MAX(AF19:AF21) -> 433
B25: 10.45 - 11.00 | C25: 19 | D25: 1 | E25: 2 | F25: 15 | G25: 0 | H25: 0 | I25: 4 | J25: 0 | K25: 0 | L25: 0 | M25: 19 | N25: 0 | O25: =SUM(C25:L25,N25) -> 41 | P25: =SUM(C25:N25) -> 60 | R25: AM Period | S25: =SUM(S10:S12) -> 231 | T25: =SUM(T10:T12) -> 17 | U25: =SUM(U10:U12) -> 26 | V25: =SUM(V10:V12) -> 254 | W25: =SUM(W10:W12) -> 0 | X25: =SUM(X10:X12) -> 0 | Y25: =SUM(Y10:Y12) -> 24 | Z25: =SUM(Z10:Z12) -> 21 | ... AF25: =SUM(AF10:AF12) -> 822
B26: 11.00 - 11.15 | C26: 10 | D26: 3 | E26: 0 | F26: 10 | G26: 0 | H26: 0 | I26: 0 | J26: 0 | K26: 0 | L26: 0 | M26: 20 | N26: 0 | O26: =SUM(C26:L26,N26) -> 23 | P26: =SUM(C26:N26) -> 43 | R26: IP Period | S26: =SUM(S13:S18) -> 381 | T26: =SUM(T13:T18) -> 78 | U26: =SUM(U13:U18) -> 41 | V26: =SUM(V13:V18) -> 331 | W26: =SUM(W13:W18) -> 3 | X26: =SUM(X13:X18) -> 1 | Y26: =SUM(Y13:Y18) -> 50 | Z26: =SUM(Z13:Z18) -> 8 | ... AF26: =SUM(AF13:AF18) -> 1501
B27: 11.15 - 11.30 | C27: 24 | D27: 4 | E27: 3 | F27: 24 | G27: 0 | H27: 0 | I27: 1 | J27: 0 | K27: 0 | L27: 0 | M27: 40 | N27: 0 | O27: =SUM(C27:L27,N27) -> 56 | P27: =SUM(C27:N27) -> 96 | R27: PM Period | S27: =SUM(S19:S21) -> 339 | T27: =SUM(T19:T21) -> 37 | U27: =SUM(U19:U21) -> 41 | V27: =SUM(V19:V21) -> 190 | W27: =SUM(W19:W21) -> 3 | X27: =SUM(X19:X21) -> 0 | Y27: =SUM(Y19:Y21) -> 17 | Z27: =SUM(Z19:Z21) -> 5 | ... AF27: =SUM(AF19:AF21) -> 998
B28: 11.30 - 11.45 | C28: 15 | D28: 1 | E28: 5 | F28: 12 | G28: 0 | H28: 0 | I28: 1 | J28: 0 | K28: 0 | L28: 0 | M28: 19 | N28: 0 | O28: =SUM(C28:L28,N28) -> 34 | P28: =SUM(C28:N28) -> 53 | R28: 12 Hours | S28: =SUM(S10:S21) -> 951 | T28: =SUM(T10:T21) -> 132 | U28: =SUM(U10:U21) -> 108 | V28: =SUM(V10:V21) -> 775 | W28: =SUM(W10:W21) -> 6 | X28: =SUM(X10:X21) -> 1 | Y28: =SUM(Y10:Y21) -> 91 | Z28: =SUM(Z10:Z21) -> 34 | ... AF28: =SUM(AF10:AF21) -> 3321
B29: 11.45 - 12.00 | C29: 2 | D29: 0 | E29: 0 | F29: 3 | G29: 0 | H29: 0 | I29: 0 | J29: 0 | K29: 0 | L29: 0 | M29: 4 | N29: 0 | O29: =SUM(C29:L29,N29) -> 5 | P29: =SUM(C29:N29) -> 9
B30: 12.00 - 12.15 | C30: 10 | D30: 1 | E30: 2 | F30: 14 | G30: 0 | H30: 0 | I30: 3 | J30: 0 | K30: 0 | L30: 0 | M30: 13 | N30: 0 | O30: =SUM(C30:L30,N30) -> 30 | P30: =SUM(C30:N30) -> 43
B31: 12.15 - 12.30 | C31: 13 | D31: 5 | E31: 5 | F31: 9 | G31: 0 | H31: 0 | I31: 4 | J31: 0 | K31: 0 | L31: 0 | M31: 23 | N31: 0 | O31: =SUM(C31:L31,N31) -> 36 | P31: =SUM(C31:N31) -> 59
B32: 12.30 - 12.45 | C32: 24 | D32: 6 | E32: 3 | F32: 14 | G32: 1 | H32: 0 | I32: 0 | J32: 0 | K32: 0 | L32: 0 | M32: 33 | N32: 0 | O32: =SUM(C32:L32,N32) -> 48 | P32: =SUM(C32:N32) -> 81
B33: 12.45 - 13.00 | C33: 14 | D33: 2 | E33: 1 | F33: 8 | G33: 1 | H33: 0 | I33: 3 | J33: 0 | K33: 0 | L33: 0 | M33: 24 | N33: 0 | O33: =SUM(C33:L33,N33) -> 29 | P33: =SUM(C33:N33) -> 53
B34: 13.00 - 13.15 | C34: 19 | D34: 6 | E34: 2 | F34: 22 | G34: 1 | H34: 1 | I34: 9 | J34: 0 | K34: 0 | L34: 0 | M34: 23 | N34: 0 | O34: =SUM(C34:L34,N34) -> 60 | P34: =SUM(C34:N34) -> 83
B35: 13.15 - 13.30 | C35: 13 | D35: 2 | E35: 4 | F35: 10 | G35: 0 | H35: 0 | I35: 2 | J35: 0 | K35: 0 | L35: 0 | M35: 39 | N35: 0 | O35: =SUM(C35:L35,N35) -> 31 | P35: =SUM(C35:N35) -> 70
B36: 13.30 - 13.45 | C36: 10 | D36: 5 | E36: 0 | F36: 14 | G36: 0 | H36: 0 | I36: 3 | J36: 0 | K36: 0 | L36: 0 | M36: 18 | N36: 0 | O36: =SUM(C36:L36,N36) -> 32 | P36: =SUM(C36:N36) -> 50
B37: 13.45 - 14.00 | C37: 16 | D37: 1 | E37: 0 | F37: 6 | G37: 0 | H37: 0 | I37: 4 | J37: 0 | K37: 0 | L37: 0 | M37: 35 | N37: 0 | O37: =SUM(C37:L37,N37) -> 27 | P37: =SUM(C37:N37) -> 62
B38: 14.00 - 14.15 | C38: 13 | D38: 1 | E38: 1 | F38: 10 | G38: 0 | H38: 0 | I38: 3 | J38: 0 | K38: 0 | L38: 0 | M38: 26 | N38: 0 | O38: =SUM(C38:L38,N38) -> 28 | P38: =SUM(C38:N38) -> 54
B39: 14.15 - 14.30 | C39: 16 | D39: 0 | E39: 1 | F39: 7 | G39: 0 | H39: 0 | I39: 1 | J39: 0 | K39: 0 | L39: 0 | M39: 13 | N39: 0 | O39: =SUM(C39:L39,N39) -> 25 | P39: =SUM(C39:N39) -> 38
B40: 14.30 - 14.45 | C40: 13 | D40: 2 | E40: 3 | F40: 22 | G40: 0 | H40: 0 | I40: 0 | J40: 0 | K40: 0 | L40: 0 | M40: 47 | N40: 0 | O40: =SUM(C40:L40,N40) -> 40 | P40: =SUM(C40:N40) -> 87
... B43: 15.15 - 15.30 | C43: 27 | D43: 14 | E43: 0 | F43: 13 | G43: 0 | H43: 0 | I43: 1 | J43: 2 | K43: 0 | L43: 0 | M43: 39 | N43: 0 | O43: =SUM(C43:L43,N43) -> 57 | P43: =SUM(C43:N43) -> 96
B44: 15.30 - 15.45 | C44: P | D44: 6 | E44: 2 | F44: 29 | G44: 0 | H44: 0 | I44: 3 | J44: 0 | K44: 0 | L44: 0 | M44: 39 | N44: 0 | O44: =SUM(C44:L44,N44) -> 40 | P44: =SUM(C44:N44) -> 79
B45: 15.45 - 16.00 | C45: 24 | D45: 0 | E45: 0 | F45: 24 | G45: 0 | H45: 0 | I45: 3 | J45: 2 | K45: 0 | L45: 0 | M45: 24 | N45: 0 | O45: =SUM(C45:L45,N45) -> 53 | P45: =SUM(C45:N45) -> 77
B46: 16.00 - 16.15 | C46: 23 | D46: 1 | E46: 0 | F46: 9 | G46: 0 | H46: 0 | I46: 0 | J46: 0 | K46: 0 | L46: 0 | M46: 18 | N46: 0 | O46: =SUM(C46:L46,N46) -> 33 | P46: =SUM(C46:N46) -> 51
B47: 16.15 -16.30 | C47: 27 | D47: 2 | E47: 0 | F47: 16 | G47: 0 | H47: 0 | I47: 0 | J47: 0 | K47: 0 | L47: 0 | M47: 29 | N47: 0 | O47: =SUM(C47:L47,N47) -> 45 | P47: =SUM(C47:N47) -> 74
B48: 16.30 -16.45 | C48: 34 | D48: 4 | E48: 0 | F48: 10 | G48: 0 | H48: 0 | I48: 1 | J48: 1 | K48: 0 | L48: 0 | M48: 7 | N48: 0 | O48: =SUM(C48:L48,N48) -> 50 | P48: =SUM(C48:N48) -> 57
B49: 16.45 -17.00 | C49: 24 | D49: 3 | E49: 2 | F49: 13 | G49: 0 | H49: 0 | I49: 0 | J49: 2 | K49: 0 | L49: 0 | M49: 11 | N49: 0 | O49: =SUM(C49:L49,N49) -> 44 | P49: =SUM(C49:N49) -> 55
B50: 17.00 -17.15 | C50: 22 | D50: 4 | E50: 2 | F50: 19 | G50: 0 | H50: 0 | I50: 1 | J50: 0 | K50: 0 | L50: 0 | M50: 13 | N50: 0 | O50: =SUM(C50:L50,N50) -> 48 | P50: =SUM(C50:N50) -> 61
B51: 17.15 -17.30 | C51: 33 | D51: 1 | E51: 5 | F51: 19 | G51: 0 | H51: 0 | I51: 0 | J51: 0 | K51: 0 | L51: 0 | M51: 21 | N51: 0 | O51: =SUM(C51:L51,N51) -> 58 | P51: =SUM(C51:N51) -> 79
B52: 17.30 -17.45 | C52: 30 | D52: 5 | E52: 4 | F52: 20 | G52: 1 | H52: 0 | I52: 1 | J52: 0 | K52: 0 | L52: 0 | M52: 24 | N52: 0 | O52: =SUM(C52:L52,N52) -> 61 | P52: =SUM(C52:N52) -> 85
B53: 17.45 -18.00 | C53: 38 | D53: 0 | E53: 4 | F53: 31 | G53: 0 | H53: 0 | I53: 3 | J53: 1 | K53: 0 | L53: 0 | M53: 26 | N53: 0 | O53: =SUM(C53:L53,N53) -> 77 | P53: =SUM(C53:N53) -> 103
B54: 18.00 - 18.15 | C54: 39 | D54: 10 | E54: 4 | F54: 24 | G54: 0 | H54: 0 | I54: 7 | J54: 0 | K54: 0 | L54: 0 | M54: 38 | N54: 0 | O54: =SUM(C54:L54,N54) -> 84 | P54: =SUM(C54:N54) -> 122
B55: 18.15 - 18.30 | C55: 38 | D55: 3 | E55: 7 | F55: 20 | G55: 0 | H55: 0 | I55: 3 | J55: 0 | K55: 0 | L55: 0 | M55: 18 | N55: 0 | O55: =SUM(C55:L55,N55) -> 71 | P55: =SUM(C55:N55) -> 89
B56: 18.30 - 18.45 | C56: 33 | D56: 3 | E56: 3 | F56: 16 | G56: 2 | H56: 0 | I56: 0 | J56: 1 | K56: 0 | L56: 0 | M56: 30 | N56: 0 | O56: =SUM(C56:L56,N56) -> 58 | P56: =SUM(C56:N56) -> 88
B57: 18.45 - 19.00 | C57: 48 | D57: 4 | E57: 10 | F57: 18 | G57: 0 | H57: 0 | I57: 1 | J57: 0 | K57: 0 | L57: 0 | M57: 53 | N57: 0 | O57: =SUM(C57:L57,N57) -> 81 | P57: =SUM(C57:N57) -> 134
B58: Totals | C58: =SUM(C10:C57) -> 951 | D58: =SUM(D10:D57) -> 132 | E58: =SUM(E10:E57) -> 108 | F58: =SUM(F10:F57) -> 775 | G58: =SUM(G10:G57) -> 6 | H58: =SUM(H10:H57) -> 1 | I58: =SUM(I10:I57) -> 91 | J58: =SUM(J10:J57) -> 34 | ... O58: =SUM(O10:O57) -> 2101 | P58: =SUM(C58:N58) -> 3321
B59: %ges + MCs | C59: =C58/$P$58 -> 0.28635953 | D59: =D58/$P$58 -> 0.039747064 | E59: =E58/$P$58 -> 0.032520325 | F59: =F58/$P$58 -> 0.23336344 | G59: =G58/$P$58 -> 0.0018066847 | H59: =H58/$P$58 -> 0.00030111412 | I59: =I58/$P$58 -> 0.027401385 | J59: =J58/$P$58 -> 0.01023788 | ... N59: =N58/$P$58 -> 0
B60: %ges w/o MCs | C60: =C58/$O$58 -> 0.4526416 | D60: =D58/$O$58 -> 0.062827225 | E60: =E58/$O$58 -> 0.051404093 | F60: =F58/$O$58 -> 0.36887197 | G60: =G58/$O$58 -> 0.002855783 | H60: =H58/$O$58 -> 0.00047596383 | I60: =I58/$O$58 -> 0.043312708 | J60: =J58/$O$58 -> 0.01618277 | ... N60: =N58/$O$58 -> 0

Sheet 24.09 MUNYONYO-SALAMA
B1: Consultancy services for Preparation of Expressway Development Master Plan (EDMP) for Uganda
B2: MANUAL CLASSIFIED COUNT (MCC)
B3: ROAD NAME: | C3: ='24.09 SALAMA-MUNYONYO'!C3:G3 -> MCC-C2-STN51-SALAMA ROAD
C5: Date | D5: ='[1]24.09.2019 SALAAMA-MUNYONYO'!D5 -> 24.09.19 | F5: Location | G5: ='[1]24.09.2019 SALAAMA-MUNYONYO'!G5:H5 -> MUNYONYO PS | J5: Surveyor | K5: OLOYA FELIX
C6: Dir. From | D6: MUNYONYO | F6: Dir. To | G6: SALAAMA | J6: Supervisor | K6: ='[1]24.09.2019 SALAAMA-MUNYONYO'!K6:L6 -> STEVEN
B8: Time / Veh Type | R8: SUMMARY TRAFFIC VOLUMES
C9: 1. Car | D9: 2. Station Wagon | E9: 3. Pickups | F9: 4. Minibus, matatu | G9: 5. Medium bus | H9: 6. Large Bus | I9: 7. Light Truck | J9: 8. Medium Truck | K9: 9. Heavy truck | L9: 10. Truck Trailer | M9: 11. Motor cycles | N9: 12. Tractors | O9: Total Excl M/Cycles | P9: Total All | R9: Time | S9: 1. Car | T9: 2. Station Wagon | U9: 3. Pickups | V9: 4. Minibus, matatu | W9: 5. Medium bus | X9: 6. Large Bus | Y9: 7. Light Truck | Z9: 8. Medium Truck | AA9: 9. Heavy truck | AB9: 10. Truck Trailer | AC9: 11. Motorcycles | AD9: 12. Tractors, Graders | AE9: Total Excl M/ Cycles | AF9: Total All
B10: 07.00 - 07.15 | C10: 43 | D10: 3 | E10: 4 | F10: 0 | G10: 2 | H10: 0 | I10: 2 | J10: 0 | K10: 0 | L10: 0 | M10: 59 | N10: 0 | O10: =SUM(C10:L10,N10) -> 54 | P10: =SUM(C10:N10) -> 113 | R10: 0700-0800 | S10: =SUM(C10:C13) -> 184 | T10: =SUM(D10:D13) -> 41 | U10: =SUM(E10:E13) -> 16 | V10: =SUM(F10:F13) -> 63 | W10: =SUM(G10:G13) -> 2 | X10: =SUM(H10:H13) -> 1 | Y10: =SUM(I10:I13) -> 12 | Z10: =SUM(J10:J13) -> 1 | ... AF10: =SUM(P10:P13) -> 530
B11: 07.15 - 07.30 | C11: 55 | D11: 17 | E11: 6 | F11: 24 | G11: 0 | H11: 0 | I11: 1 | J11: 0 | K11: 0 | L11: 0 | M11: 56 | N11: 0 | O11: =SUM(C11:L11,N11) -> 103 | P11: =SUM(C11:N11) -> 159 | R11: 0800-0900 | S11: =SUM(C14:C17) -> 130 | T11: =SUM(D14:D17) -> 35 | U11: =SUM(E14:E17) -> 14 | V11: =SUM(F14:F17) -> 95 | W11: =SUM(G14:G17) -> 2 | X11: =SUM(H14:H17) -> 0 | Y11: =SUM(I14:I17) -> 15 | Z11: =SUM(J14:J17) -> 0 | ... AF11: =SUM(P14:P17) -> 543
B12: 07.30 - 07.45 | C12: 44 | D12: 11 | E12: 4 | F12: 14 | G12: 0 | H12: 1 | I12: 2 | J12: 1 | K12: 0 | L12: 1 | M12: 45 | N12: 0 | O12: =SUM(C12:L12,N12) -> 78 | P12: =SUM(C12:N12) -> 123 | R12: 0900-1000 | S12: =SUM(C18:C21) -> 83 | T12: =SUM(D18:D21) -> 18 | U12: =SUM(E18:E21) -> 12 | V12: =SUM(F18:F21) -> 65 | W12: =SUM(G18:G21) -> 0 | X12: =SUM(H18:H21) -> 0 | Y12: =SUM(I18:I21) -> 6 | Z12: =SUM(J18:J21) -> 0 | ... AF12: =SUM(P18:P21) -> 363
B13: 07.45 - 08.00 | C13: 42 | D13: 10 | E13: 2 | F13: 25 | G13: 0 | H13: 0 | I13: 7 | J13: 0 | K13: 0 | L13: 0 | M13: 49 | N13: 0 | O13: =SUM(C13:L13,N13) -> 86 | P13: =SUM(C13:N13) -> 135 | R13: 1000-1100 | S13: =SUM(C22:C25) -> 82 | T13: =SUM(D22:D25) -> 22 | U13: =SUM(E22:E25) -> 8 | V13: =SUM(F22:F25) -> 54 | W13: =SUM(G22:G25) -> 2 | X13: =SUM(H22:H25) -> 0 | Y13: =SUM(I22:I25) -> 14 | Z13: =SUM(J22:J25) -> 1 | ... AF13: =SUM(P22:P25) -> 369
B14: 08.00 - 08.15 | C14: 24 | D14: 13 | E14: 3 | F14: 35 | G14: 0 | H14: 0 | I14: 3 | J14: 0 | K14: 1 | L14: 0 | M14: 65 | N14: 0 | O14: =SUM(C14:L14,N14) -> 79 | P14: =SUM(C14:N14) -> 144 | R14: 1100-1200 | S14: =SUM(C26:C29) -> 62 | T14: =SUM(D26:D29) -> 26 | U14: =SUM(E26:E29) -> 18 | V14: =SUM(F26:F29) -> 40 | W14: =SUM(G26:G29) -> 0 | X14: =SUM(H26:H29) -> 0 | Y14: =SUM(I26:I29) -> 16 | Z14: =SUM(J26:J29) -> 0 | ... AF14: =SUM(P26:P29) -> 337
B15: 08.15 - 08.30 | C15: 38 | D15: 8 | E15: 3 | F15: 20 | G15: 0 | H15: 0 | I15: 5 | J15: 0 | K15: 0 | L15: 0 | M15: 62 | N15: 0 | O15: =SUM(C15:L15,N15) -> 74 | P15: =SUM(C15:N15) -> 136 | R15: 1200-1300 | S15: =SUM(C30:C33) -> 67 | T15: =SUM(D30:D33) -> 21 | U15: =SUM(E30:E33) -> 10 | V15: =SUM(F30:F33) -> 46 | W15: =SUM(G30:G33) -> 0 | X15: =SUM(H30:H33) -> 0 | Y15: =SUM(I30:I33) -> 13 | Z15: =SUM(J30:J33) -> 1 | ... AF15: =SUM(P30:P33) -> 310
B16: 08.30 - 08.45 | C16: 39 | D16: 6 | E16: 4 | F16: 15 | G16: 2 | H16: 0 | I16: 4 | J16: 0 | K16: 0 | L16: 0 | M16: 63 | N16: 0 | O16: =SUM(C16:L16,N16) -> 70 | P16: =SUM(C16:N16) -> 133 | R16: 1300-1400 | S16: =SUM(C34:C37) -> 69 | T16: =SUM(D34:D37) -> 25 | U16: =SUM(E34:E37) -> 11 | V16: =SUM(F34:F37) -> 48 | W16: =SUM(G34:G37) -> 1 | X16: =SUM(H34:H37) -> 0 | Y16: =SUM(I34:I37) -> 14 | Z16: =SUM(J34:J37) -> 3 | ... AF16: =SUM(P34:P37) -> 325
B17: 08.45 - 9.00 | C17: 29 | D17: 8 | E17: 4 | F17: 25 | G17: 0 | H17: 0 | I17: 3 | J17: 0 | K17: 0 | L17: 0 | M17: 61 | N17: 0 | O17: =SUM(C17:L17,N17) -> 69 | P17: =SUM(C17:N17) -> 130 | R17: 1400-1500 | S17: =SUM(C38:C41) -> 65 | T17: =SUM(D38:D41) -> 24 | U17: =SUM(E38:E41) -> 16 | V17: =SUM(F38:F41) -> 46 | W17: =SUM(G38:G41) -> 0 | X17: =SUM(H38:H41) -> 0 | Y17: =SUM(I38:I41) -> 13 | Z17: =SUM(J38:J41) -> 1 | ... AF17: =SUM(P38:P41) -> 303
B18: 09.00 - 09.15 | C18: 21 | D18: 5 | E18: 2 | F18: 11 | G18: 0 | H18: 0 | I18: 3 | J18: 0 | K18: 0 | L18: 0 | M18: 36 | N18: 0 | O18: =SUM(C18:L18,N18) -> 42 | P18: =SUM(C18:N18) -> 78 | R18: 1500-1600 | S18: =SUM(C42:C45) -> 64 | T18: =SUM(D42:D45) -> 22 | U18: =SUM(E42:E45) -> 5 | V18: =SUM(F42:F45) -> 57 | W18: =SUM(G42:G45) -> 0 | X18: =SUM(H42:H45) -> 0 | Y18: =SUM(I42:I45) -> 5 | Z18: =SUM(J42:J45) -> 4 | ... AF18: =SUM(P42:P45) -> 286
B19: 09.15 - 09.30 | C19: 25 | D19: 2 | E19: 2 | F19: 19 | G19: 0 | H19: 0 | I19: 1 | J19: 0 | K19: 0 | L19: 0 | M19: 50 | N19: 0 | O19: =SUM(C19:L19,N19) -> 49 | P19: =SUM(C19:N19) -> 99 | R19: 1600-1700 | S19: =SUM(C46:C49) -> 105 | T19: =SUM(D46:D49) -> 25 | U19: =SUM(E46:E49) -> 13 | V19: =SUM(F46:F49) -> 64 | W19: =SUM(G46:G49) -> 0 | X19: =SUM(H46:H49) -> 0 | Y19: =SUM(I46:I49) -> 14 | Z19: =SUM(J46:J49) -> 0 | ... AF19: =SUM(P46:P49) -> 350
B20: 09.30 - 09.45 | C20: 15 | D20: 5 | E20: 3 | F20: 20 | G20: 0 | H20: 0 | I20: 1 | J20: 0 | K20: 0 | L20: 0 | M20: 47 | N20: 0 | O20: =SUM(C20:L20,N20) -> 44 | P20: =SUM(C20:N20) -> 91 | R20: 1700-1800 | S20: =SUM(C50:C53) -> 99 | T20: =SUM(D50:D53) -> 37 | U20: =SUM(E50:E53) -> 14 | V20: =SUM(F50:F53) -> 73 | W20: =SUM(G50:G53) -> 3 | X20: =SUM(H50:H53) -> 1 | Y20: =SUM(I50:I53) -> 16 | Z20: =SUM(J50:J53) -> 1 | ... AF20: =SUM(P50:P53) -> 404
B21: 09.45 - 10.00 | C21: 22 | D21: 6 | E21: 5 | F21: 15 | G21: 0 | H21: 0 | I21: 1 | J21: 0 | K21: 0 | L21: 0 | M21: 46 | N21: 0 | O21: =SUM(C21:L21,N21) -> 49 | P21: =SUM(C21:N21) -> 95 | R21: 1800-1900 | S21: =SUM(C54:C57) -> 108 | T21: =SUM(D54:D57) -> 30 | U21: =SUM(E54:E57) -> 16 | V21: =SUM(F54:F57) -> 83 | W21: =SUM(G54:G57) -> 2 | X21: =SUM(H54:H57) -> 0 | Y21: =SUM(I54:I57) -> 12 | Z21: =SUM(J54:J57) -> 0 | ... AF21: =SUM(P54:P57) -> 422
B22: 10.00 - 10.15 | C22: 26 | D22: 8 | E22: 4 | F22: 18 | G22: 0 | H22: 0 | I22: 1 | J22: 0 | K22: 0 | L22: 0 | M22: 57 | N22: 0 | O22: =SUM(C22:L22,N22) -> 57 | P22: =SUM(C22:N22) -> 114 | R22: AM Peak Hr | S22: =MAX(S10:S12) -> 184 | T22: =MAX(T10:T12) -> 41 | U22: =MAX(U10:U12) -> 16 | V22: =MAX(V10:V12) -> 95 | W22: =MAX(W10:W12) -> 2 | X22: =MAX(X10:X12) -> 1 | Y22: =MAX(Y10:Y12) -> 15 | Z22: =MAX(Z10:Z12) -> 1 | ... AF22: =MAX(AF10:AF12) -> 543
B23: 10.15 - 10.30 | C23: 18 | D23: 3 | E23: 3 | F23: 16 | G23: 1 | H23: 0 | I23: 3 | J23: 0 | K23: 0 | L23: 0 | M23: 36 | N23: 0 | O23: =SUM(C23:L23,N23) -> 44 | P23: =SUM(C23:N23) -> 80 | R23: IP Peak Hr | S23: =MAX(S13:S18) -> 82 | T23: =MAX(T13:T18) -> 26 | U23: =MAX(U13:U18) -> 18 | V23: =MAX(V13:V18) -> 57 | W23: =MAX(W13:W18) -> 2 | X23: =MAX(X13:X18) -> 0 | Y23: =MAX(Y13:Y18) -> 16 | Z23: =MAX(Z13:Z18) -> 4 | ... AF23: =MAX(AF13:AF18) -> 369
B24: 10.30 - 10.45 | C24: 20 | D24: 6 | E24: 0 | F24: 6 | G24: 0 | H24: 0 | I24: 5 | J24: 1 | K24: 0 | L24: 0 | M24: 46 | N24: 0 | O24: =SUM(C24:L24,N24) -> 38 | P24: =SUM(C24:N24) -> 84 | R24: PM Peak Hr | S24: =MAX(S19:S21) -> 108 | T24: =MAX(T19:T21) -> 37 | U24: =MAX(U19:U21) -> 16 | V24: =MAX(V19:V21) -> 83 | W24: =MAX(W19:W21) -> 3 | X24: =MAX(X19:X21) -> 1 | Y24: =MAX(Y19:Y21) -> 16 | Z24: =MAX(Z19:Z21) -> 1 | ... AF24: =MAX(AF19:AF21) -> 422
B25: 10.45 - 11.00 | C25: 18 | D25: 5 | E25: 1 | F25: 14 | G25: 1 | H25: 0 | I25: 5 | J25: 0 | K25: 1 | L25: 0 | M25: 46 | N25: 0 | O25: =SUM(C25:L25,N25) -> 45 | P25: =SUM(C25:N25) -> 91 | R25: AM Period | S25: =SUM(S10:S12) -> 397 | T25: =SUM(T10:T12) -> 94 | U25: =SUM(U10:U12) -> 42 | V25: =SUM(V10:V12) -> 223 | W25: =SUM(W10:W12) -> 4 | X25: =SUM(X10:X12) -> 1 | Y25: =SUM(Y10:Y12) -> 33 | Z25: =SUM(Z10:Z12) -> 1 | ... AF25: =SUM(AF10:AF12) -> 1436
B26: 11.00 - 11.15 | C26: 13 | D26: 8 | E26: 7 | F26: 9 | G26: 0 | H26: 0 | I26: 6 | J26: 0 | K26: 0 | L26: 0 | M26: 51 | N26: 0 | O26: =SUM(C26:L26,N26) -> 43 | P26: =SUM(C26:N26) -> 94 | R26: IP Period | S26: =SUM(S13:S18) -> 409 | T26: =SUM(T13:T18) -> 140 | U26: =SUM(U13:U18) -> 68 | V26: =SUM(V13:V18) -> 291 | W26: =SUM(W13:W18) -> 3 | X26: =SUM(X13:X18) -> 0 | Y26: =SUM(Y13:Y18) -> 75 | Z26: =SUM(Z13:Z18) -> 10 | ... AF26: =SUM(AF13:AF18) -> 1930
B27: 11.15 - 11.30 | C27: 22 | D27: 7 | E27: 4 | F27: 11 | G27: 0 | H27: 0 | I27: 5 | J27: 0 | K27: 0 | L27: 0 | M27: 32 | N27: 0 | O27: =SUM(C27:L27,N27) -> 49 | P27: =SUM(C27:N27) -> 81 | R27: PM Period | S27: =SUM(S19:S21) -> 312 | T27: =SUM(T19:T21) -> 92 | U27: =SUM(U19:U21) -> 43 | V27: =SUM(V19:V21) -> 220 | W27: =SUM(W19:W21) -> 5 | X27: =SUM(X19:X21) -> 1 | Y27: =SUM(Y19:Y21) -> 42 | Z27: =SUM(Z19:Z21) -> 1 | ... AF27: =SUM(AF19:AF21) -> 1176
B28: 11.30 - 11.45 | C28: 8 | D28: 7 | E28: 2 | F28: 12 | G28: 0 | H28: 0 | I28: 2 | J28: 0 | K28: 0 | L28: 0 | M28: 46 | N28: 0 | O28: =SUM(C28:L28,N28) -> 31 | P28: =SUM(C28:N28) -> 77 | R28: 12 Hours | S28: =SUM(S10:S21) -> 1118 | T28: =SUM(T10:T21) -> 326 | U28: =SUM(U10:U21) -> 153 | V28: =SUM(V10:V21) -> 734 | W28: =SUM(W10:W21) -> 12 | X28: =SUM(X10:X21) -> 2 | Y28: =SUM(Y10:Y21) -> 150 | Z28: =SUM(Z10:Z21) -> 12 | ... AF28: =SUM(AF10:AF21) -> 4542
B29: 11.45 - 12.00 | C29: 19 | D29: 4 | E29: 5 | F29: 8 | G29: 0 | H29: 0 | I29: 3 | J29: 0 | K29: 0 | L29: 0 | M29: 46 | N29: 0 | O29: =SUM(C29:L29,N29) -> 39 | P29: =SUM(C29:N29) -> 85
B30: 12.00 - 12.15 | C30: 12 | D30: 2 | E30: 2 | F30: 16 | G30: 0 | H30: 0 | I30: 3 | J30: 0 | K30: 0 | L30: 0 | M30: 22 | N30: 0 | O30: =SUM(C30:L30,N30) -> 35 | P30: =SUM(C30:N30) -> 57
B31: 12.15 - 12.30 | C31: 13 | D31: 4 | E31: 1 | F31: 13 | G31: 0 | H31: 0 | I31: 4 | J31: 1 | K31: 0 | L31: 0 | M31: 42 | N31: 0 | O31: =SUM(C31:L31,N31) -> 36 | P31: =SUM(C31:N31) -> 78
B32: 12.30 - 12.45 | C32: 29 | D32: 10 | E32: 3 | F32: 11 | G32: 0 | H32: 0 | I32: 2 | J32: 0 | K32: 1 | L32: 0 | M32: 43 | N32: 0 | O32: =SUM(C32:L32,N32) -> 56 | P32: =SUM(C32:N32) -> 99
B33: 12.45 - 13.00 | C33: 13 | D33: 5 | E33: 4 | F33: 6 | G33: 0 | H33: 0 | I33: 4 | J33: 0 | K33: 0 | L33: 0 | M33: 44 | N33: 0 | O33: =SUM(C33:L33,N33) -> 32 | P33: =SUM(C33:N33) -> 76
B34: 13.00 - 13.15 | C34: 19 | D34: 5 | E34: 2 | F34: 14 | G34: 1 | H34: 0 | I34: 3 | J34: 1 | K34: 0 | L34: 0 | M34: 38 | N34: 0 | O34: =SUM(C34:L34,N34) -> 45 | P34: =SUM(C34:N34) -> 83
B35: 13.15 - 13.30 | C35: 16 | D35: 9 | E35: 3 | F35: 12 | G35: 0 | H35: 0 | I35: 4 | J35: 2 | K35: 0 | L35: 1 | M35: 41 | N35: 0 | O35: =SUM(C35:L35,N35) -> 47 | P35: =SUM(C35:N35) -> 88
B36: 13.30 - 13.45 | C36: 12 | D36: 4 | E36: 2 | F36: 12 | G36: 0 | H36: 0 | I36: 3 | J36: 0 | K36: 0 | L36: 0 | M36: 32 | N36: 0 | O36: =SUM(C36:L36,N36) -> 33 | P36: =SUM(C36:N36) -> 65
B37: 13.45 - 14.00 | C37: 22 | D37: 7 | E37: 4 | F37: 10 | G37: 0 | H37: 0 | I37: 4 | J37: 0 | K37: 0 | L37: 0 | M37: 42 | N37: 0 | O37: =SUM(C37:L37,N37) -> 47 | P37: =SUM(C37:N37) -> 89
B38: 14.00 - 14.15 | C38: 16 | D38: 2 | E38: 0 | F38: 15 | G38: 0 | H38: 0 | I38: 3 | J38: 0 | K38: 0 | L38: 0 | M38: 36 | N38: 0 | O38: =SUM(C38:L38,N38) -> 36 | P38: =SUM(C38:N38) -> 72
B39: 14.15 - 14.30 | C39: 15 | D39: 3 | E39: 6 | F39: 8 | G39: 0 | H39: 0 | I39: 5 | J39: 1 | K39: 0 | L39: 0 | M39: 27 | N39: 0 | O39: =SUM(C39:L39,N39) -> 38 | P39: =SUM(C39:N39) -> 65
B40: 14.30 - 14.45 | C40: 13 | D40: 8 | E40: 2 | F40: 10 | G40: 0 | H40: 0 | I40: 4 | J40: 0 | K40: 0 | L40: 0 | M40: 44 | N40: 0 | O40: =SUM(C40:L40,N40) -> 37 | P40: =SUM(C40:N40) -> 81
... B57: 18.45 - 19.00 | C57: 20 | D57: 6 | E57: 8 | F57: 18 | G57: 0 | H57: 0 | I57: 2 | J57: 0 | K57: 1 | L57: 0 | M57: 43 | N57: 0 | O57: =SUM(C57:L57,N57) -> 55 | P57: =SUM(C57:N57) -> 98
B58: Totals | C58: =SUM(C10:C57) -> 1118 | D58: =SUM(D10:D57) -> 326 | E58: =SUM(E10:E57) -> 153 | F58: =SUM(F10:F57) -> 734 | G58: =SUM(G10:G57) -> 12 | H58: =SUM(H10:H57) -> 2 | I58: =SUM(I10:I57) -> 150 | J58: =SUM(J10:J57) -> 12 | ... P58: =SUM(P10:P57) -> 4542
B59: %ges + MCs | C59: =C58/$P$58 -> 0.24614707 | D59: =D58/$P$58 -> 0.071774549 | E59: =E58/$P$58 -> 0.033685601 | F59: =F58/$P$58 -> 0.16160282 | G59: =G58/$P$58 -> 0.0026420079 | H59: =H58/$P$58 -> 0.00044033465 | I59: =I58/$P$58 -> 0.033025099 | J59: =J58/$P$58 -> 0.0026420079 | ... N59: =N58/$P$58 -> 0
B60: %ges w/o MCs | C60: =C58/$O$58 -> 0.4445328 | D60: =D58/$O$58 -> 0.12962227 | E60: =E58/$O$58 -> 0.06083499 | F60: =F58/$O$58 -> 0.29184891 | G60: =G58/$O$58 -> 0.0047713718 | H60: =H58/$O$58 -> 0.00079522863 | I60: =I58/$O$58 -> 0.059642147 | J60: =J58/$O$58 -> 0.0047713718 | ... L60: =L58/$O$58 -> 0.0011928429 | N60: =N58/$O$58 -> 0

Sheet 25.09 SALAMA-MUNYONYO
B1: Consultancy services for Preparation of Expressway Development Master Plan (EDMP) for Uganda
B2: MANUAL CLASSIFIED COUNT (MCC)
B3: ROAD NAME: | C3: ='23.9.19 SALAMA - MUNYONYO'!C3:G3 -> MCC - C2 - STN-51 - SALAMA ROAD
C5: Date | D5: 25.09.19 | F5: Location | G5: ='23.9.19 SALAMA - MUNYONYO'!G5:H5 -> MUNYONYO P/S | J5: Surveyor | K5: ='23.9.19 SALAMA - MUNYONYO'!K5:L5 -> KENNETH
C6: Dir. From | D6: ='23.9.19 SALAMA - MUNYONYO'!D6:E6 -> SALAMA | F6: Dir. To | G6: ='23.9.19 SALAMA - MUNYONYO'!G6:H6 -> MUNYONYO | J6: Supervisor | K6: ='23.9.19 SALAMA - MUNYONYO'!K6:L6 -> STEVEN
B8: Time / Veh Type | R8: SUMMARY TRAFFIC VOLUMES
C9: 1. Car | D9: 2. Station Wagon | E9: 3. Pickups | F9: 4. Minibus, matatu | G9: 5. Medium bus | H9: 6. Large Bus | I9: 7. Light Truck | J9: 8. Medium Truck | K9: 9. Heavy truck | L9: 10. Truck Trailer | M9: 11. Motor cycles | N9: 12. Tractors | O9: Total Excl M/Cycles | P9: Total All | R9: Time | S9: 1. Car | T9: 2. Station Wagon | U9: 3. Pickups | V9: 4. Minibus, matatu | W9: 5. Medium bus | X9: 6. Large Bus | Y9: 7. Light Truck | Z9: 8. Medium Truck | AA9: 9. Heavy truck | AB9: 10. Truck Trailer | AC9: 11. Motorcycles | AD9: 12. Tractors, Graders | AE9: Total Excl M/ Cycles | AF9: Total All
B10: 07.00 - 07.15 | C10: 25 | D10: 4 | E10: 5 | F10: 19 | G10: 0 | H10: 0 | I10: 1 | J10: 0 | K10: 0 | L10: 0 | M10: 29 | N10: 0 | O10: =SUM(C10:L10,N10) -> 54 | P10: =SUM(C10:N10) -> 83 | R10: 0700-0800 | S10: =SUM(C10:C13) -> 73 | T10: =SUM(D10:D13) -> 8 | U10: =SUM(E10:E13) -> 7 | V10: =SUM(F10:F13) -> 69 | W10: =SUM(G10:G13) -> 0 | X10: =SUM(H10:H13) -> 0 | Y10: =SUM(I10:I13) -> 15 | Z10: =SUM(J10:J13) -> 0 | ... AF10: =SUM(P10:P13) -> 269
B11: 07.15 - 07.30 | C11: 13 | D11: 2 | E11: 0 | F11: 17 | G11: 0 | H11: 0 | I11: 7 | J11: 0 | K11: 0 | L11: 0 | M11: 23 | N11: 0 | O11: =SUM(C11:L11,N11) -> 39 | P11: =SUM(C11:N11) -> 62 | R11: 0800-0900 | S11: =SUM(C14:C17) -> 88 | T11: =SUM(D14:D17) -> 14 | U11: =SUM(E14:E17) -> 8 | V11: =SUM(F14:F17) -> 59 | W11: =SUM(G14:G17) -> 1 | X11: =SUM(H14:H17) -> 0 | Y11: =SUM(I14:I17) -> 12 | Z11: =SUM(J14:J17) -> 2 | ... AF11: =SUM(P14:P17) -> 319
B12: 07.30 - 07.45 | C12: 19 | D12: 1 | E12: 1 | F12: 23 | G12: 0 | H12: 0 | I12: 2 | J12: 0 | K12: 0 | L12: 0 | M12: 27 | N12: 0 | O12: =SUM(C12:L12,N12) -> 46 | P12: =SUM(C12:N12) -> 73 | R12: 0900-1000 | S12: =SUM(C18:C21) -> 63 | T12: =SUM(D18:D21) -> 9 | U12: =SUM(E18:E21) -> 8 | V12: =SUM(F18:F21) -> 73 | W12: =SUM(G18:G21) -> 0 | X12: =SUM(H18:H21) -> 0 | Y12: =SUM(I18:I21) -> 4 | Z12: =SUM(J18:J21) -> 6 | ... AF12: =SUM(P18:P21) -> 291
B13: 07.45 - 08.00 | C13: 16 | D13: 1 | E13: 1 | F13: 10 | G13: 0 | H13: 0 | I13: 5 | J13: 0 | K13: 0 | L13: 0 | M13: 18 | N13: 0 | O13: =SUM(C13:L13,N13) -> 33 | P13: =SUM(C13:N13) -> 51 | R13: 1000-1100 | S13: =SUM(C22:C25) -> 77 | T13: =SUM(D22:D25) -> 7 | U13: =SUM(E22:E25) -> 8 | V13: =SUM(F22:F25) -> 59 | W13: =SUM(G22:G25) -> 0 | X13: =SUM(H22:H25) -> 0 | Y13: =SUM(I22:I25) -> 6 | Z13: =SUM(J22:J25) -> 0 | ... AF13: =SUM(P22:P25) -> 282
B14: 08.00 - 08.15 | C14: 30 | D14: 3 | E14: 1 | F14: 6 | G14: 0 | H14: 0 | I14: 6 | J14: 1 | K14: 0 | L14: 0 | M14: 37 | N14: 0 | O14: =SUM(C14:L14,N14) -> 47 | P14: =SUM(C14:N14) -> 84 | R14: 1100-1200 | S14: =SUM(C26:C29) -> 47 | T14: =SUM(D26:D29) -> 5 | U14: =SUM(E26:E29) -> 8 | V14: =SUM(F26:F29) -> 53 | W14: =SUM(G26:G29) -> 0 | X14: =SUM(H26:H29) -> 0 | Y14: =SUM(I26:I29) -> 13 | Z14: =SUM(J26:J29) -> 5 | ... AF14: =SUM(P26:P29) -> 272
B15: 08.15 - 08.30 | C15: 21 | D15: 5 | E15: 1 | F15: 9 | G15: 1 | H15: 0 | I15: 1 | J15: 1 | K15: 0 | L15: 0 | M15: 35 | N15: 0 | O15: =SUM(C15:L15,N15) -> 39 | P15: =SUM(C15:N15) -> 74 | R15: 1200-1300 | S15: =SUM(C30:C33) -> 80 | T15: =SUM(D30:D33) -> 6 | U15: =SUM(E30:E33) -> 5 | V15: =SUM(F30:F33) -> 66 | W15: =SUM(G30:G33) -> 3 | X15: =SUM(H30:H33) -> 0 | Y15: =SUM(I30:I33) -> 10 | Z15: =SUM(J30:J33) -> 3 | ... AF15: =SUM(P30:P33) -> 296
B16: 08.30 - 08.45 | C16: 17 | D16: 3 | E16: 4 | F16: 21 | G16: 0 | H16: 0 | I16: 3 | J16: 0 | K16: 0 | L16: 0 | M16: 34 | N16: 0 | O16: =SUM(C16:L16,N16) -> 48 | P16: =SUM(C16:N16) -> 82 | R16: 1300-1400 | S16: =SUM(C34:C37) -> 70 | T16: =SUM(D34:D37) -> 8 | U16: =SUM(E34:E37) -> 12 | V16: =SUM(F34:F37) -> 66 | W16: =SUM(G34:G37) -> 2 | X16: =SUM(H34:H37) -> 0 | Y16: =SUM(I34:I37) -> 14 | Z16: =SUM(J34:J37) -> 2 | ... AF16: =SUM(P34:P37) -> 304
B17: 08.45 - 9.00 | C17: 20 | D17: 3 | E17: 2 | F17: 23 | G17: 0 | H17: 0 | I17: 2 | J17: 0 | K17: 0 | L17: 0 | M17: 29 | N17: 0 | O17: =SUM(C17:L17,N17) -> 50 | P17: =SUM(C17:N17) -> 79 | R17: 1400-1500 | S17: =SUM(C38:C41) -> 81 | T17: =SUM(D38:D41) -> 17 | U17: =SUM(E38:E41) -> 3 | V17: =SUM(F38:F41) -> 48 | W17: =SUM(G38:G41) -> 0 | X17: =SUM(H38:H41) -> 0 | Y17: =SUM(I38:I41) -> 13 | Z17: =SUM(J38:J41) -> 4 | ... AF17: =SUM(P38:P41) -> 296
B18: 09.00 - 09.15 | C18: 13 | D18: 3 | E18: 2 | F18: 21 | G18: 0 | H18: 0 | I18: 0 | J18: 1 | K18: 0 | L18: 0 | M18: 39 | N18: 0 | O18: =SUM(C18:L18,N18) -> 40 | P18: =SUM(C18:N18) -> 79 | R18: 1500-1600 | S18: =SUM(C42:C45) -> 90 | T18: =SUM(D42:D45) -> 10 | U18: =SUM(E42:E45) -> 6 | V18: =SUM(F42:F45) -> 57 | W18: =SUM(G42:G45) -> 0 | X18: =SUM(H42:H45) -> 0 | Y18: =SUM(I42:I45) -> 16 | Z18: =SUM(J42:J45) -> 0 | ... AF18: =SUM(P42:P45) -> 376
B19: 09.15 - 09.30 | C19: 18 | D19: 6 | E19: 2 | F19: 24 | G19: 0 | H19: 0 | I19: 1 | J19: 1 | K19: 0 | L19: 0 | M19: 43 | N19: 0 | O19: =SUM(C19:L19,N19) -> 52 | P19: =SUM(C19:N19) -> 95 | R19: 1600-1700 | S19: =SUM(C46:C49) -> 163 | T19: =SUM(D46:D49) -> 16 | U19: =SUM(E46:E49) -> 9 | V19: =SUM(F46:F49) -> 75 | W19: =SUM(G46:G49) -> 2 | X19: =SUM(H46:H49) -> 3 | Y19: =SUM(I46:I49) -> 12 | Z19: =SUM(J46:J49) -> 0 | ... AF19: =SUM(P46:P49) -> 472
B20: 09.30 - 09.45 | C20: 15 | D20: 0 | E20: 2 | F20: 15 | G20: 0 | H20: 0 | I20: 1 | J20: 1 | K20: 0 | L20: 0 | M20: 30 | N20: 0 | O20: =SUM(C20:L20,N20) -> 34 | P20: =SUM(C20:N20) -> 64 | R20: 1700-1800 | S20: =SUM(C50:C53) -> 118 | T20: =SUM(D50:D53) -> 25 | U20: =SUM(E50:E53) -> 9 | V20: =SUM(F50:F53) -> 83 | W20: =SUM(G50:G53) -> 2 | X20: =SUM(H50:H53) -> 0 | Y20: =SUM(I50:I53) -> 13 | Z20: =SUM(J50:J53) -> 7 | ... AF20: =SUM(P50:P53) -> 392
B21: 09.45 - 10.00 | C21: 17 | D21: 0 | E21: 2 | F21: 13 | G21: 0 | H21: 0 | I21: 2 | J21: 3 | K21: 0 | L21: 0 | M21: 16 | N21: 0 | O21: =SUM(C21:L21,N21) -> 37 | P21: =SUM(C21:N21) -> 53 | R21: 1800-1900 | S21: =SUM(C54:C57) -> 160 | T21: =SUM(D54:D57) -> 29 | U21: =SUM(E54:E57) -> 18 | V21: =SUM(F54:F57) -> 73 | W21: =SUM(G54:G57) -> 1 | X21: =SUM(H54:H57) -> 0 | Y21: =SUM(I54:I57) -> 10 | Z21: =SUM(J54:J57) -> 6 | ... AF21: =SUM(P54:P57) -> 421
B22: 10.00 - 10.15 | C22: 17 | D22: 1 | E22: 4 | F22: 17 | G22: 0 | H22: 0 | I22: 3 | J22: 0 | K22: 0 | L22: 0 | M22: 35 | N22: 0 | O22: =SUM(C22:L22,N22) -> 42 | P22: =SUM(C22:N22) -> 77 | R22: AM Peak Hr | S22: =MAX(S10:S12) -> 88 | T22: =MAX(T10:T12) -> 14 | U22: =MAX(U10:U12) -> 8 | V22: =MAX(V10:V12) -> 73 | W22: =MAX(W10:W12) -> 1 | X22: =MAX(X10:X12) -> 0 | Y22: =MAX(Y10:Y12) -> 15 | Z22: =MAX(Z10:Z12) -> 6 | ... AF22: =MAX(AF10:AF12) -> 319
B23: 10.15 - 10.30 | C23: 23 | D23: 2 | E23: 1 | F23: 20 | G23: 0 | H23: 0 | I23: 0 | J23: 0 | K23: 0 | L23: 0 | M23: 21 | N23: 0 | O23: =SUM(C23:L23,N23) -> 46 | P23: =SUM(C23:N23) -> 67 | R23: IP Peak Hr | S23: =MAX(S13:S18) -> 90 | T23: =MAX(T13:T18) -> 17 | U23: =MAX(U13:U18) -> 12 | V23: =MAX(V13:V18) -> 66 | W23: =MAX(W13:W18) -> 3 | X23: =MAX(X13:X18) -> 0 | Y23: =MAX(Y13:Y18) -> 16 | Z23: =MAX(Z13:Z18) -> 5 | ... AF23: =MAX(AF13:AF18) -> 376
B24: 10.30 - 10.45 | C24: 21 | D24: 1 | E24: 1 | F24: 14 | G24: 0 | H24: 0 | I24: 1 | J24: 0 | K24: 1 | L24: 0 | M24: 26 | N24: 0 | O24: =SUM(C24:L24,N24) -> 39 | P24: =SUM(C24:N24) -> 65 | R24: PM Peak Hr | S24: =MAX(S19:S21) -> 163 | T24: =MAX(T19:T21) -> 29 | U24: =MAX(U19:U21) -> 18 | V24: =MAX(V19:V21) -> 83 | W24: =MAX(W19:W21) -> 2 | X24: =MAX(X19:X21) -> 3 | Y24: =MAX(Y19:Y21) -> 13 | Z24: =MAX(Z19:Z21) -> 7 | ... AF24: =MAX(AF19:AF21) -> 472
B25: 10.45 - 11.00 | C25: 16 | D25: 3 | E25: 2 | F25: 8 | G25: 0 | H25: 0 | I25: 2 | J25: 0 | K25: 0 | L25: 0 | M25: 42 | N25: 0 | O25: =SUM(C25:L25,N25) -> 31 | P25: =SUM(C25:N25) -> 73 | R25: AM Period | S25: =SUM(S10:S12) -> 224 | T25: =SUM(T10:T12) -> 31 | U25: =SUM(U10:U12) -> 23 | V25: =SUM(V10:V12) -> 201 | W25: =SUM(W10:W12) -> 1 | X25: =SUM(X10:X12) -> 0 | Y25: =SUM(Y10:Y12) -> 31 | Z25: =SUM(Z10:Z12) -> 8 | ... AF25: =SUM(AF10:AF12) -> 879
B26: 11.00 - 11.15 | C26: 10 | D26: 1 | E26: 3 | F26: 15 | G26: 0 | H26: 0 | I26: 3 | J26: 0 | K26: 0 | L26: 0 | M26: 36 | N26: 0 | O26: =SUM(C26:L26,N26) -> 32 | P26: =SUM(C26:N26) -> 68 | R26: IP Period | S26: =SUM(S13:S18) -> 445 | T26: =SUM(T13:T18) -> 53 | U26: =SUM(U13:U18) -> 42 | V26: =SUM(V13:V18) -> 349 | W26: =SUM(W13:W18) -> 5 | X26: =SUM(X13:X18) -> 0 | Y26: =SUM(Y13:Y18) -> 72 | Z26: =SUM(Z13:Z18) -> 14 | ... AF26: =SUM(AF13:AF18) -> 1826
B27: 11.15 - 11.30 | C27: 13 | D27: 0 | E27: 2 | F27: 14 | G27: 0 | H27: 0 | I27: 2 | J27: 4 | K27: 0 | L27: 0 | M27: 44 | N27: 0 | O27: =SUM(C27:L27,N27) -> 35 | P27: =SUM(C27:N27) -> 79 | R27: PM Period | S27: =SUM(S19:S21) -> 441 | T27: =SUM(T19:T21) -> 70 | U27: =SUM(U19:U21) -> 36 | V27: =SUM(V19:V21) -> 231 | W27: =SUM(W19:W21) -> 5 | X27: =SUM(X19:X21) -> 3 | Y27: =SUM(Y19:Y21) -> 35 | Z27: =SUM(Z19:Z21) -> 13 | ... AF27: =SUM(AF19:AF21) -> 1285
B28: 11.30 - 11.45 | C28: 10 | D28: 4 | E28: 1 | F28: 9 | G28: 0 | H28: 0 | I28: 5 | J28: 1 | K28: 0 | L28: 0 | M28: 32 | N28: 0 | O28: =SUM(C28:L28,N28) -> 30 | P28: =SUM(C28:N28) -> 62 | R28: 12 Hours | S28: =SUM(S10:S21) -> 1110 | T28: =SUM(T10:T21) -> 154 | U28: =SUM(U10:U21) -> 101 | V28: =SUM(V10:V21) -> 781 | W28: =SUM(W10:W21) -> 11 | X28: =SUM(X10:X21) -> 3 | Y28: =SUM(Y10:Y21) -> 138 | Z28: =SUM(Z10:Z21) -> 35 | ... AF28: =SUM(AF10:AF21) -> 3990
B29: 11.45 - 12.00 | C29: 14 | D29: 0 | E29: 2 | F29: 15 | G29: 0 | H29: 0 | I29: 3 | J29: 0 | K29: 0 | L29: 0 | M29: 29 | N29: 0 | O29: =SUM(C29:L29,N29) -> 34 | P29: =SUM(C29:N29) -> 63
B30: 12.00 - 12.15 | C30: 29 | D30: 1 | E30: 4 | F30: 19 | G30: 0 | H30: 0 | I30: 2 | J30: 0 | K30: 0 | L30: 0 | M30: 38 | N30: 0 | O30: =SUM(C30:L30,N30) -> 55 | P30: =SUM(C30:N30) -> 93
B31: 12.15 - 12.30 | C31: 16 | D31: 1 | E31: 0 | F31: 20 | G31: 0 | H31: 0 | I31: 5 | J31: 0 | K31: 0 | L31: 0 | M31: 37 | N31: 0 | O31: =SUM(C31:L31,N31) -> 42 | P31: =SUM(C31:N31) -> 79
B32: 12.30 - 12.45 | C32: 17 | D32: 1 | E32: 1 | F32: 13 | G32: 2 | H32: 0 | I32: 3 | J32: 0 | K32: 0 | L32: 0 | M32: 28 | N32: 0 | O32: =SUM(C32:L32,N32) -> 37 | P32: =SUM(C32:N32) -> 65
B33: 12.45 - 13.00 | C33: 18 | D33: 3 | E33: 0 | F33: 14 | G33: 1 | H33: 0 | I33: 0 | J33: 3 | K33: 0 | L33: 1 | M33: 19 | N33: 0 | O33: =SUM(C33:L33,N33) -> 40 | P33: =SUM(C33:N33) -> 59
B34: 13.00 - 13.15 | C34: 17 | D34: 2 | E34: 7 | F34: 6 | G34: 0 | H34: 0 | I34: 7 | J34: 0 | K34: 0 | L34: 0 | M34: 28 | N34: 0 | O34: =SUM(C34:L34,N34) -> 39 | P34: =SUM(C34:N34) -> 67
B35: 13.15 - 13.30 | C35: 13 | D35: 1 | E35: 0 | F35: 23 | G35: 0 | H35: 0 | I35: 3 | J35: 1 | K35: 0 | L35: 0 | M35: 48 | N35: 0 | O35: =SUM(C35:L35,N35) -> 41 | P35: =SUM(C35:N35) -> 89
B36: 13.30 - 13.45 | C36: 14 | D36: 4 | E36: 2 | F36: 18 | G36: 0 | H36: 0 | I36: 4 | J36: 1 | K36: 0 | L36: 0 | M36: 24 | N36: 0 | O36: =SUM(C36:L36,N36) -> 43 | P36: =SUM(C36:N36) -> 67
B37: 13.45 - 14.00 | C37: 26 | D37: 1 | E37: 3 | F37: 19 | G37: 2 | H37: 0 | I37: 0 | J37: 0 | K37: 0 | L37: 0 | M37: 30 | N37: 0 | O37: =SUM(C37:L37,N37) -> 51 | P37: =SUM(C37:N37) -> 81
B38: 14.00 - 14.15 | C38: 18 | D38: 4 | E38: 1 | F38: 14 | G38: 0 | H38: 0 | I38: 7 | J38: 1 | K38: 0 | L38: 0 | M38: 27 | N38: 0 | O38: =SUM(C38:L38,N38) -> 45 | P38: =SUM(C38:N38) -> 72
B39: 14.15 - 14.30 | C39: 13 | D39: 3 | E39: 1 | F39: 9 | G39: 0 | H39: 0 | I39: 2 | J39: 0 | K39: 0 | L39: 0 | M39: 32 | N39: 0 | O39: =SUM(C39:L39,N39) -> 28 | P39: =SUM(C39:N39) -> 60
B40: 14.30 - 14.45 | C40: 15 | D40: 1 | E40: 0 | F40: 5 | G40: 0 | H40: 0 | I40: 4 | J40: 0 | K40: 0 | L40: 0 | M40: 26 | N40: 0 | O40: =SUM(C40:L40,N40) -> 25 | P40: =SUM(C40:N40) -> 51
... B57: 18.45 - 19.00 | C57: 45 | D57: 8 | E57: 8 | F57: 13 | G57: 1 | H57: 0 | I57: 2 | J57: 1 | K57: 0 | L57: 0 | M57: 34 | N57: 0 | O57: =SUM(C57:L57,N57) -> 78 | P57: =SUM(C57:N57) -> 112
B58: Totals | C58: =SUM(C10:C57) -> 1110 | D58: =SUM(D10:D57) -> 154 | E58: =SUM(E10:E57) -> 101 | F58: =SUM(F10:F57) -> 781 | G58: =SUM(G10:G57) -> 11 | H58: =SUM(H10:H57) -> 3 | I58: =SUM(I10:I57) -> 138 | J58: =SUM(J10:J57) -> 35 | ... P58: =SUM(P10:P57) -> 3990
B59: %ges + MCs | C59: =C58/$P$58 -> 0.27819549 | D59: =D58/$P$58 -> 0.038596491 | E59: =E58/$P$58 -> 0.025313283 | F59: =F58/$P$58 -> 0.19573935 | G59: =G58/$P$58 -> 0.0027568922 | H59: =H58/$P$58 -> 0.0007518797 | I59: =I58/$P$58 -> 0.034586466 | J59: =J58/$P$58 -> 0.0087719298 | ... N59: =N58/$P$58 -> 0
B60: %ges w/o MCs | C60: =C58/$O$58 -> 0.47537473 | D60: =D58/$O$58 -> 0.065952891 | E60: =E58/$O$58 -> 0.043254818 | F60: =F58/$O$58 -> 0.33447537 | G60: =G58/$O$58 -> 0.0047109208 | H60: =H58/$O$58 -> 0.0012847966 | I60: =I58/$O$58 -> 0.059100642 | J60: =J58/$O$58 -> 0.014989293 | ... L60: =L58/$O$58 -> 0.00042826552 | N60: =N58/$O$58 -> 0

Sheet 25.09 MUNYONYO-SALAMA
B1: Consultancy services for Preparation of Expressway Development Master Plan (EDMP) for Uganda
B2: MANUAL CLASSIFIED COUNT (MCC)
B3: ROAD NAME: | C3: ='23.9.19-MUNYONYO-SALAMA'!C3:G3 -> MCC - C2 - STN-51 - SALAMA ROAD
C5: Date | D5: ='25.09 SALAMA-MUNYONYO'!D5 -> 25.09.19 | F5: Location | G5: ='23.9.19 SALAMA - MUNYONYO'!G5:H5 -> MUNYONYO P/S | J5: Surveyor | K5: OLOYA
C6: Dir. From | D6: ='23.9.19-MUNYONYO-SALAMA'!D6:E6 -> MUNYONYO | F6: Dir. To | G6: ='23.9.19-MUNYONYO-SALAMA'!G6:H6 -> SALAMA | J6: Supervisor | K6: ='23.9.19 SALAMA - MUNYONYO'!K6:L6 -> STEVEN
B8: Time / Veh Type | R8: SUMMARY TRAFFIC VOLUMES
C9: 1. Car | D9: 2. Station Wagon | E9: 3. Pickups | F9: 4. Minibus, matatu | G9: 5. Medium bus | H9: 6. Large Bus | I9: 7. Light Truck | J9: 8. Medium Truck | K9: 9. Heavy truck | L9: 10. Truck Trailer | M9: 11. Motor cycles | N9: 12. Tractors | O9: Total Excl M/Cycles | P9: Total All | R9: Time | S9: 1. Car | T9: 2. Station Wagon | U9: 3. Pickups | V9: 4. Minibus, matatu | W9: 5. Medium bus | X9: 6. Large Bus | Y9: 7. Light Truck | Z9: 8. Medium Truck | AA9: 9. Heavy truck | AB9: 10. Truck Trailer | AC9: 11. Motorcycles | AD9: 12. Tractors, Graders | AE9: Total Excl M/ Cycles | AF9: Total All
B10: 07.00 - 07.15 | C10: 56 | D10: 45 | E10: 6 | F10: 7 | G10: 19 | H10: 1 | I10: 0 | J10: 0 | K10: 0 | L10: 0 | M10: 54 | N10: 0 | O10: =SUM(C10:L10,N10) -> 134 | P10: =SUM(C10:N10) -> 188 | R10: 0700-0800 | S10: =SUM(C10:C13) -> 188 | T10: =SUM(D10:D13) -> 77 | U10: =SUM(E10:E13) -> 20 | V10: =SUM(F10:F13) -> 59 | W10: =SUM(G10:G13) -> 20 | X10: =SUM(H10:H13) -> 1 | Y10: =SUM(I10:I13) -> 7 | Z10: =SUM(J10:J13) -> 0 | ... AF10: =SUM(P10:P13) -> 603
B11: 07.15 - 07.30 | C11: 47 | D11: 11 | E11: 4 | F11: 18 | G11: 1 | H11: 0 | I11: 2 | J11: 0 | K11: 0 | L11: 0 | M11: 57 | N11: 0 | O11: =SUM(C11:L11,N11) -> 83 | P11: =SUM(C11:N11) -> 140 | R11: 0800-0900 | S11: =SUM(C14:C17) -> 143 | T11: =SUM(D14:D17) -> 31 | U11: =SUM(E14:E17) -> 19 | V11: =SUM(F14:F17) -> 99 | W11: =SUM(G14:G17) -> 1 | X11: =SUM(H14:H17) -> 0 | Y11: =SUM(I14:I17) -> 6 | Z11: =SUM(J14:J17) -> 1 | ... AF11: =SUM(P14:P17) -> 499
B12: 07.30 - 07.45 | C12: 45 | D12: 16 | E12: 5 | F12: 19 | G12: 0 | H12: 0 | I12: 3 | J12: 0 | K12: 0 | L12: 0 | M12: 55 | N12: 0 | O12: =SUM(C12:L12,N12) -> 88 | P12: =SUM(C12:N12) -> 143 | R12: 0900-1000 | S12: =SUM(C18:C21) -> 77 | T12: =SUM(D18:D21) -> 34 | U12: =SUM(E18:E21) -> 9 | V12: =SUM(F18:F21) -> 72 | W12: =SUM(G18:G21) -> 0 | X12: =SUM(H18:H21) -> 1 | Y12: =SUM(I18:I21) -> 10 | Z12: =SUM(J18:J21) -> 0 | ... AF12: =SUM(P18:P21) -> 445
B13: 07.45 - 08.00 | C13: 40 | D13: 5 | E13: 5 | F13: 15 | G13: 0 | H13: 0 | I13: 2 | J13: 0 | K13: 1 | L13: 0 | M13: 64 | N13: 0 | O13: =SUM(C13:L13,N13) -> 68 | P13: =SUM(C13:N13) -> 132 | R13: 1000-1100 | S13: =SUM(C22:C25) -> 60 | T13: =SUM(D22:D25) -> 12 | U13: =SUM(E22:E25) -> 11 | V13: =SUM(F22:F25) -> 50 | W13: =SUM(G22:G25) -> 2 | X13: =SUM(H22:H25) -> 1 | Y13: =SUM(I22:I25) -> 9 | Z13: =SUM(J22:J25) -> 0 | ... AF13: =SUM(P22:P25) -> 328
B14: 08.00 - 08.15 | C14: 47 | D14: 6 | E14: 4 | F14: 37 | G14: 0 | H14: 0 | I14: 2 | J14: 1 | K14: 0 | L14: 0 | M14: 52 | N14: 0 | O14: =SUM(C14:L14,N14) -> 97 | P14: =SUM(C14:N14) -> 149 | R14: 1100-1200 | S14: =SUM(C26:C29) -> 59 | T14: =SUM(D26:D29) -> 17 | U14: =SUM(E26:E29) -> 15 | V14: =SUM(F26:F29) -> 50 | W14: =SUM(G26:G29) -> 3 | X14: =SUM(H26:H29) -> 0 | Y14: =SUM(I26:I29) -> 12 | Z14: =SUM(J26:J29) -> 3 | ... AF14: =SUM(P26:P29) -> 334
B15: 08.15 - 08.30 | C15: 39 | D15: 8 | E15: 5 | F15: 12 | G15: 1 | H15: 0 | I15: 1 | J15: 0 | K15: 0 | L15: 0 | M15: 40 | N15: 0 | O15: =SUM(C15:L15,N15) -> 66 | P15: =SUM(C15:N15) -> 106 | R15: 1200-1300 | S15: =SUM(C30:C33) -> 63 | T15: =SUM(D30:D33) -> 14 | U15: =SUM(E30:E33) -> 6 | V15: =SUM(F30:F33) -> 51 | W15: =SUM(G30:G33) -> 0 | X15: =SUM(H30:H33) -> 0 | Y15: =SUM(I30:I33) -> 18 | Z15: =SUM(J30:J33) -> 3 | ... AF15: =SUM(P30:P33) -> 325
B16: 08.30 - 08.45 | C16: 30 | D16: 13 | E16: 3 | F16: 21 | G16: 0 | H16: 0 | I16: 3 | J16: 0 | K16: 0 | L16: 0 | M16: 59 | N16: 0 | O16: =SUM(C16:L16,N16) -> 70 | P16: =SUM(C16:N16) -> 129 | R16: 1300-1400 | S16: =SUM(C34:C37) -> 62 | T16: =SUM(D34:D37) -> 17 | U16: =SUM(E34:E37) -> 11 | V16: =SUM(F34:F37) -> 51 | W16: =SUM(G34:G37) -> 0 | X16: =SUM(H34:H37) -> 0 | Y16: =SUM(I34:I37) -> 15 | Z16: =SUM(J34:J37) -> 3 | ... AF16: =SUM(P34:P37) -> 337
B17: 08.45 - 9.00 | C17: 27 | D17: 4 | E17: 7 | F17: 29 | G17: 0 | H17: 0 | I17: 0 | J17: 0 | K17: 0 | L17: 0 | M17: 48 | N17: 0 | O17: =SUM(C17:L17,N17) -> 67 | P17: =SUM(C17:N17) -> 115 | R17: 1400-1500 | S17: =SUM(C38:C41) -> 77 | T17: =SUM(D38:D41) -> 17 | U17: =SUM(E38:E41) -> 11 | V17: =SUM(F38:F41) -> 57 | W17: =SUM(G38:G41) -> 1 | X17: =SUM(H38:H41) -> 0 | Y17: =SUM(I38:I41) -> 15 | Z17: =SUM(J38:J41) -> 1 | ... AF17: =SUM(P38:P41) -> 341
B18: 09.00 - 09.15 | C18: 16 | D18: 9 | E18: 1 | F18: 25 | G18: 0 | H18: 0 | I18: 5 | J18: 0 | K18: 0 | L18: 0 | M18: 54 | N18: 0 | O18: =SUM(C18:L18,N18) -> 56 | P18: =SUM(C18:N18) -> 110 | R18: 1500-1600 | S18: =SUM(C42:C45) -> 87 | T18: =SUM(D42:D45) -> 14 | U18: =SUM(E42:E45) -> 9 | V18: =SUM(F42:F45) -> 58 | W18: =SUM(G42:G45) -> 1 | X18: =SUM(H42:H45) -> 0 | Y18: =SUM(I42:I45) -> 16 | Z18: =SUM(J42:J45) -> 2 | ... AF18: =SUM(P42:P45) -> 372
B19: 09.15 - 09.30 | C19: 20 | D19: 11 | E19: 4 | F19: 25 | G19: 0 | H19: 0 | I19: 4 | J19: 0 | K19: 0 | L19: 0 | M19: 62 | N19: 0 | O19: =SUM(C19:L19,N19) -> 64 | P19: =SUM(C19:N19) -> 126 | R19: 1600-1700 | S19: =SUM(C46:C49) -> 107 | T19: =SUM(D46:D49) -> 16 | U19: =SUM(E46:E49) -> 9 | V19: =SUM(F46:F49) -> 80 | W19: =SUM(G46:G49) -> 0 | X19: =SUM(H46:H49) -> 0 | Y19: =SUM(I46:I49) -> 14 | Z19: =SUM(J46:J49) -> 1 | ... AF19: =SUM(P46:P49) -> 396
B20: 09.30 - 09.45 | C20: 18 | D20: 6 | E20: 1 | F20: 22 | G20: 0 | H20: 0 | I20: 1 | J20: 0 | K20: 0 | L20: 0 | M20: 52 | N20: 0 | O20: =SUM(C20:L20,N20) -> 48 | P20: =SUM(C20:N20) -> 100 | R20: 1700-1800 | S20: =SUM(C50:C53) -> 112 | T20: =SUM(D50:D53) -> 23 | U20: =SUM(E50:E53) -> 14 | V20: =SUM(F50:F53) -> 71 | W20: =SUM(G50:G53) -> 2 | X20: =SUM(H50:H53) -> 1 | Y20: =SUM(I50:I53) -> 15 | Z20: =SUM(J50:J53) -> 1 | ... AF20: =SUM(P50:P53) -> 413
B21: 09.45 - 10.00 | C21: 23 | D21: 8 | E21: 3 | F21: 0 | G21: 0 | H21: 1 | I21: 0 | J21: 0 | K21: 0 | L21: 0 | M21: 74 | N21: 0 | O21: =SUM(C21:L21,N21) -> 35 | P21: =SUM(C21:N21) -> 109 | R21: 1800-1900 | S21: =SUM(C54:C57) -> 112 | T21: =SUM(D54:D57) -> 25 | U21: =SUM(E54:E57) -> 16 | V21: =SUM(F54:F57) -> 87 | W21: =SUM(G54:G57) -> 2 | X21: =SUM(H54:H57) -> 0 | Y21: =SUM(I54:I57) -> 11 | Z21: =SUM(J54:J57) -> 1 | ... AF21: =SUM(P54:P57) -> 455
B22: 10.00 - 10.15 | C22: 12 | D22: 3 | E22: 0 | F22: 13 | G22: 1 | H22: 1 | I22: 0 | J22: 0 | K22: 0 | L22: 0 | M22: 35 | N22: 0 | O22: =SUM(C22:L22,N22) -> 30 | P22: =SUM(C22:N22) -> 65 | R22: AM Peak Hr | S22: =MAX(S10:S12) -> 188 | T22: =MAX(T10:T12) -> 77 | U22: =MAX(U10:U12) -> 20 | V22: =MAX(V10:V12) -> 99 | W22: =MAX(W10:W12) -> 20 | X22: =MAX(X10:X12) -> 1 | Y22: =MAX(Y10:Y12) -> 10 | Z22: =MAX(Z10:Z12) -> 1 | ... AF22: =MAX(AF10:AF12) -> 603
B23: 10.15 - 10.30 | C23: 16 | D23: 3 | E23: 8 | F23: 13 | G23: 1 | H23: 0 | I23: 6 | J23: 0 | K23: 0 | L23: 0 | M23: 79 | N23: 0 | O23: =SUM(C23:L23,N23) -> 47 | P23: =SUM(C23:N23) -> 126 | R23: IP Peak Hr | S23: =MAX(S13:S18) -> 87 | T23: =MAX(T13:T18) -> 17 | U23: =MAX(U13:U18) -> 15 | V23: =MAX(V13:V18) -> 58 | W23: =MAX(W13:W18) -> 3 | X23: =MAX(X13:X18) -> 1 | Y23: =MAX(Y13:Y18) -> 18 | Z23: =MAX(Z13:Z18) -> 3 | ... AF23: =MAX(AF13:AF18) -> 372
B24: 10.30 - 10.45 | C24: 16 | D24: 2 | E24: 3 | F24: 16 | G24: 0 | H24: 0 | I24: 2 | J24: 0 | K24: 0 | L24: 0 | M24: 31 | N24: 0 | O24: =SUM(C24:L24,N24) -> 39 | P24: =SUM(C24:N24) -> 70 | R24: PM Peak Hr | S24: =MAX(S19:S21) -> 112 | T24: =MAX(T19:T21) -> 25 | U24: =MAX(U19:U21) -> 16 | V24: =MAX(V19:V21) -> 87 | W24: =MAX(W19:W21) -> 2 | X24: =MAX(X19:X21) -> 1 | Y24: =MAX(Y19:Y21) -> 15 | Z24: =MAX(Z19:Z21) -> 1 | ... AF24: =MAX(AF19:AF21) -> 455
B25: 10.45 - 11.00 | C25: 16 | D25: 4 | E25: 0 | F25: 8 | G25: 0 | H25: 0 | I25: 1 | J25: 0 | K25: 0 | L25: 0 | M25: 38 | N25: 0 | O25: =SUM(C25:L25,N25) -> 29 | P25: =SUM(C25:N25) -> 67 | R25: AM Period | S25: =SUM(S10:S12) -> 408 | T25: =SUM(T10:T12) -> 142 | U25: =SUM(U10:U12) -> 48 | V25: =SUM(V10:V12) -> 230 | W25: =SUM(W10:W12) -> 21 | X25: =SUM(X10:X12) -> 2 | Y25: =SUM(Y10:Y12) -> 23 | Z25: =SUM(Z10:Z12) -> 1 | ... AF25: =SUM(AF10:AF12) -> 1547
B26: 11.00 - 11.15 | C26: 17 | D26: 3 | E26: 4 | F26: 16 | G26: 1 | H26: 0 | I26: 2 | J26: 0 | K26: 0 | L26: 0 | M26: 46 | N26: 0 | O26: =SUM(C26:L26,N26) -> 43 | P26: =SUM(C26:N26) -> 89 | R26: IP Period | S26: =SUM(S13:S18) -> 408 | T26: =SUM(T13:T18) -> 91 | U26: =SUM(U13:U18) -> 63 | V26: =SUM(V13:V18) -> 317 | W26: =SUM(W13:W18) -> 7 | X26: =SUM(X13:X18) -> 1 | Y26: =SUM(Y13:Y18) -> 85 | Z26: =SUM(Z13:Z18) -> 12 | ... AF26: =SUM(AF13:AF18) -> 2037
B27: 11.15 - 11.30 | C27: 18 | D27: 3 | E27: 2 | F27: 10 | G27: 0 | H27: 0 | I27: 1 | J27: 1 | K27: 0 | L27: 0 | M27: 39 | N27: 0 | O27: =SUM(C27:L27,N27) -> 35 | P27: =SUM(C27:N27) -> 74 | R27: PM Period | S27: =SUM(S19:S21) -> 331 | T27: =SUM(T19:T21) -> 64 | U27: =SUM(U19:U21) -> 39 | V27: =SUM(V19:V21) -> 238 | W27: =SUM(W19:W21) -> 4 | X27: =SUM(X19:X21) -> 1 | Y27: =SUM(Y19:Y21) -> 40 | Z27: =SUM(Z19:Z21) -> 3 | ... AF27: =SUM(AF19:AF21) -> 1264
B28: 11.30 - 11.45 | C28: 9 | D28: 1 | E28: 5 | F28: 12 | G28: 1 | H28: 0 | I28: 5 | J28: 1 | K28: 0 | L28: 0 | M28: 51 | N28: 0 | O28: =SUM(C28:L28,N28) -> 34 | P28: =SUM(C28:N28) -> 85 | R28: 12 Hours | S28: =SUM(S10:S21) -> 1147 | T28: =SUM(T10:T21) -> 297 | U28: =SUM(U10:U21) -> 150 | V28: =SUM(V10:V21) -> 785 | W28: =SUM(W10:W21) -> 32 | X28: =SUM(X10:X21) -> 4 | Y28: =SUM(Y10:Y21) -> 148 | Z28: =SUM(Z10:Z21) -> 16 | ... AF28: =SUM(AF10:AF21) -> 4848
B29: 11.45 - 12.00 | C29: 15 | D29: 10 | E29: 4 | F29: 12 | G29: 1 | H29: 0 | I29: 4 | J29: 1 | K29: 0 | L29: 0 | M29: 39 | N29: 0 | O29: =SUM(C29:L29,N29) -> 47 | P29: =SUM(C29:N29) -> 86
B30: 12.00 - 12.15 | C30: 14 | D30: 5 | E30: 3 | F30: 11 | G30: 0 | H30: 0 | I30: 6 | J30: 1 | K30: 1 | L30: 0 | M30: 46 | N30: 0 | O30: =SUM(C30:L30,N30) -> 41 | P30: =SUM(C30:N30) -> 87
B31: 12.15 - 12.30 | C31: 24 | D31: 5 | E31: 3 | F31: 16 | G31: 0 | H31: 0 | I31: 4 | J31: 0 | K31: 0 | L31: 0 | M31: 58 | N31: 0 | O31: =SUM(C31:L31,N31) -> 52 | P31: =SUM(C31:N31) -> 110
B32: 12.30 - 12.45 | C32: 14 | D32: 1 | E32: 0 | F32: 17 | G32: 0 | H32: 0 | I32: 8 | J32: 1 | K32: 1 | L32: 0 | M32: 42 | N32: 0 | O32: =SUM(C32:L32,N32) -> 42 | P32: =SUM(C32:N32) -> 84
B33: 12.45 - 13.00 | C33: 11 | D33: 3 | E33: 0 | F33: 7 | G33: 0 | H33: 0 | I33: 0 | J33: 1 | K33: 0 | L33: 0 | M33: 22 | N33: 0 | O33: =SUM(C33:L33,N33) -> 22 | P33: =SUM(C33:N33) -> 44
B34: 13.00 - 13.15 | C34: 19 | D34: 4 | E34: 3 | F34: 13 | G34: 0 | H34: 0 | I34: 3 | J34: 0 | K34: 0 | L34: 0 | M34: 50 | N34: 0 | O34: =SUM(C34:L34,N34) -> 42 | P34: =SUM(C34:N34) -> 92
B35: 13.15 - 13.30 | C35: 17 | D35: 7 | E35: 4 | F35: 20 | G35: 0 | H35: 0 | I35: 2 | J35: 1 | K35: 0 | L35: 0 | M35: 45 | N35: 0 | O35: =SUM(C35:L35,N35) -> 51 | P35: =SUM(C35:N35) -> 96
B36: 13.30 - 13.45 | C36: 10 | D36: 3 | E36: 2 | F36: 8 | G36: 0 | H36: 0 | I36: 6 | J36: 1 | K36: 0 | L36: 0 | M36: 49 | N36: 0 | O36: =SUM(C36:L36,N36) -> 30 | P36: =SUM(C36:N36) -> 79
B37: 13.45 - 14.00 | C37: 16 | D37: 3 | E37: 2 | F37: 10 | G37: 0 | H37: 0 | I37: 4 | J37: 1 | K37: 0 | L37: 0 | M37: 34 | N37: 0 | O37: =SUM(C37:L37,N37) -> 36 | P37: =SUM(C37:N37) -> 70
B38: 14.00 - 14.15 | C38: 21 | D38: 4 | E38: 5 | F38: 15 | G38: 0 | H38: 0 | I38: 5 | J38: 0 | K38: 0 | L38: 0 | M38: 38 | N38: 0 | O38: =SUM(C38:L38,N38) -> 50 | P38: =SUM(C38:N38) -> 88
B39: 14.15 - 14.30 | C39: 21 | D39: 4 | E39: 3 | F39: 11 | G39: 0 | H39: 0 | I39: 2 | J39: 0 | K39: 0 | L39: 0 | M39: 41 | N39: 0 | O39: =SUM(C39:L39,N39) -> 41 | P39: =SUM(C39:N39) -> 82
B40: 14.30 - 14.45 | C40: 17 | D40: 5 | E40: 1 | F40: 14 | G40: 0 | H40: 0 | I40: 4 | J40: 0 | K40: 0 | L40: 0 | M40: 48 | N40: 0 | O40: =SUM(C40:L40,N40) -> 41 | P40: =SUM(C40:N40) -> 89
... B57: 18.45 - 19.00 | C57: 20 | D57: 7 | E57: 6 | F57: 12 | G57: 1 | H57: 0 | I57: 2 | J57: 0 | K57: 0 | L57: 1 | M57: 48 | N57: 0 | O57: =SUM(C57:L57,N57) -> 49 | P57: =SUM(C57:N57) -> 97
B58: Totals | C58: =SUM(C10:C57) -> 1147 | D58: =SUM(D10:D57) -> 297 | E58: =SUM(E10:E57) -> 150 | F58: =SUM(F10:F57) -> 785 | G58: =SUM(G10:G57) -> 32 | H58: =SUM(H10:H57) -> 4 | I58: =SUM(I10:I57) -> 148 | J58: =SUM(J10:J57) -> 16 | ... P58: =SUM(P10:P57) -> 4848
B59: %ges + MCs | C59: =C58/$P$58 -> 0.23659241 | D59: =D58/$P$58 -> 0.061262376 | E59: =E58/$P$58 -> 0.030940594 | F59: =F58/$P$58 -> 0.16192244 | G59: =G58/$P$58 -> 0.0066006601 | H59: =H58/$P$58 -> 0.00082508251 | I59: =I58/$P$58 -> 0.030528053 | J59: =J58/$P$58 -> 0.00330033 | ... N59: =N58/$P$58 -> 0
B60: %ges w/o MCs | C60: =C58/$O$58 -> 0.44388545 | D60: =D58/$O$58 -> 0.11493808 | E60: =E58/$O$58 -> 0.058049536 | F60: =F58/$O$58 -> 0.30379257 | G60: =G58/$O$58 -> 0.012383901 | H60: =H58/$O$58 -> 0.0015479876 | I60: =I58/$O$58 -> 0.057275542 | J60: =J58/$O$58 -> 0.0061919505 | ... L60: =L58/$O$58 -> 0.00077399381 | N60: =N58/$O$58 -> 0

Sheet 26.09 Salama-Munyonyo
B1: Consultancy services for Preparation of Expressway Development Master Plan (EDMP) for Uganda
B2: MANUAL CLASSIFIED COUNT (MCC)
B3: ROAD NAME: | C3: ='[2]23.9.19 SALAMA - MUNYONYO'!C3:G3 -> MCC - C2 - STN-51 - SALAMA ROAD
C5: Date | D5: 26.09.19 | F5: Location | G5: ='[2]27.09 Munyonyo-Salama'!G5:H5 -> MUNYONYO P/S | J5: Surveyor | K5: ='[2]27.09 Munyonyo-Salama'!K5:L5 -> OLOYA
C6: Dir. From | D6: ='[2]23.9.19 SALAMA - MUNYONYO'!D6:E6 -> SALAMA | F6: Dir. To | G6: ='[2]23.9.19 SALAMA - MUNYONYO'!G6:H6 -> MUNYONYO | J6: Supervisor | K6: ='[2]27.09 Munyonyo-Salama'!K6:L6 -> STEVE
B8: Time / Veh Type | R8: SUMMARY TRAFFIC VOLUMES
C9: 1. Car | D9: 2. Station Wagon | E9: 3. Pickups | F9: 4. Minibus, matatu | G9: 5. Medium bus | H9: 6. Large Bus | I9: 7. Light Truck | J9: 8. Medium Truck | K9: 9. Heavy truck | L9: 10. Truck Trailer | M9: 11. Motor cycles | N9: 12. Tractors | O9: Total Excl M/Cycles | P9: Total All | R9: Time | S9: 1. Car | T9: 2. Station Wagon | U9: 3. Pickups | V9: 4. Minibus, matatu | W9: 5. Medium bus | X9: 6. Large Bus | Y9: 7. Light Truck | Z9: 8. Medium Truck | AA9: 9. Heavy truck | AB9: 10. Truck Trailer | AC9: 11. Motorcycles | AD9: 12. Tractors, Graders | AE9: Total Excl M/ Cycles | AF9: Total All
B10: 07.00 - 07.15 | C10: 15 | D10: 7 | E10: 2 | F10: 28 | G10: 0 | H10: 0 | I10: 1 | J10: 0 | K10: 0 | L10: 0 | M10: 29 | N10: 0 | O10: =SUM(C10:L10,N10) -> 53 | P10: =SUM(C10:N10) -> 82 | R10: 0700-0800 | S10: =SUM(C10:C13) -> 97 | T10: =SUM(D10:D13) -> 14 | U10: =SUM(E10:E13) -> 7 | V10: =SUM(F10:F13) -> 81 | W10: =SUM(G10:G13) -> 0 | X10: =SUM(H10:H13) -> 0 | Y10: =SUM(I10:I13) -> 8 | Z10: =SUM(J10:J13) -> 0 | ... AF10: =SUM(P10:P13) -> 336
B11: 07.15 - 07.30 | C11: 30 | D11: 3 | E11: 3 | F11: 21 | G11: 0 | H11: 0 | I11: 3 | J11: 0 | K11: 0 | L11: 0 | M11: 30 | N11: 0 | O11: =SUM(C11:L11,N11) -> 60 | P11: =SUM(C11:N11) -> 90 | R11: 0800-0900 | S11: =SUM(C14:C17) -> 80 | T11: =SUM(D14:D17) -> 20 | U11: =SUM(E14:E17) -> 7 | V11: =SUM(F14:F17) -> 90 | W11: =SUM(G14:G17) -> 2 | X11: =SUM(H14:H17) -> 0 | Y11: =SUM(I14:I17) -> 9 | Z11: =SUM(J14:J17) -> 3 | ... AF11: =SUM(P14:P17) -> 365
B12: 07.30 - 07.45 | C12: 22 | D12: 1 | E12: 0 | F12: 9 | G12: 0 | H12: 0 | I12: 3 | J12: 0 | K12: 0 | L12: 0 | M12: 33 | N12: 0 | O12: =SUM(C12:L12,N12) -> 35 | P12: =SUM(C12:N12) -> 68 | R12: 0900-1000 | S12: =SUM(C18:C21) -> 58 | T12: =SUM(D18:D21) -> 19 | U12: =SUM(E18:E21) -> 12 | V12: =SUM(F18:F21) -> 65 | W12: =SUM(G18:G21) -> 0 | X12: =SUM(H18:H21) -> 0 | Y12: =SUM(I18:I21) -> 3 | Z12: =SUM(J18:J21) -> 1 | ... AF12: =SUM(P18:P21) -> 309
B13: 07.45 - 08.00 | C13: 30 | D13: 3 | E13: 2 | F13: 23 | G13: 0 | H13: 0 | I13: 1 | J13: 0 | K13: 0 | L13: 0 | M13: 37 | N13: 0 | O13: =SUM(C13:L13,N13) -> 59 | P13: =SUM(C13:N13) -> 96 | R13: 1000-1100 | S13: =SUM(C22:C25) -> 61 | T13: =SUM(D22:D25) -> 7 | U13: =SUM(E22:E25) -> 10 | V13: =SUM(F22:F25) -> 71 | W13: =SUM(G22:G25) -> 1 | X13: =SUM(H22:H25) -> 0 | Y13: =SUM(I22:I25) -> 7 | Z13: =SUM(J22:J25) -> 0 | ... AF13: =SUM(P22:P25) -> 336
B14: 08.00 - 08.15 | C14: 25 | D14: 9 | E14: 0 | F14: 21 | G14: 0 | H14: 0 | I14: 0 | J14: 3 | K14: 0 | L14: 0 | M14: 32 | N14: 0 | O14: =SUM(C14:L14,N14) -> 58 | P14: =SUM(C14:N14) -> 90 | R14: 1100-1200 | S14: =SUM(C26:C29) -> 61 | T14: =SUM(D26:D29) -> 13 | U14: =SUM(E26:E29) -> 4 | V14: =SUM(F26:F29) -> 53 | W14: =SUM(G26:G29) -> 1 | X14: =SUM(H26:H29) -> 1 | Y14: =SUM(I26:I29) -> 10 | Z14: =SUM(J26:J29) -> 1 | ... AF14: =SUM(P26:P29) -> 292
B15: 08.15 - 08.30 | C15: 18 | D15: 3 | E15: 1 | F15: 22 | G15: 0 | H15: 0 | I15: 2 | J15: 0 | K15: 0 | L15: 0 | M15: 40 | N15: 0 | O15: =SUM(C15:L15,N15) -> 46 | P15: =SUM(C15:N15) -> 86 | R15: 1200-1300 | S15: =SUM(C30:C33) -> 63 | T15: =SUM(D30:D33) -> 7 | U15: =SUM(E30:E33) -> 11 | V15: =SUM(F30:F33) -> 73 | W15: =SUM(G30:G33) -> 1 | X15: =SUM(H30:H33) -> 0 | Y15: =SUM(I30:I33) -> 12 | Z15: =SUM(J30:J33) -> 4 | ... AF15: =SUM(P30:P33) -> 318
B16: 08.30 - 08.45 | C16: 26 | D16: 6 | E16: 4 | F16: 24 | G16: 2 | H16: 0 | I16: 1 | J16: 0 | K16: 0 | L16: 0 | M16: 30 | N16: 0 | O16: =SUM(C16:L16,N16) -> 63 | P16: =SUM(C16:N16) -> 93 | R16: 1300-1400 | S16: =SUM(C34:C37) -> 64 | T16: =SUM(D34:D37) -> 8 | U16: =SUM(E34:E37) -> 6 | V16: =SUM(F34:F37) -> 52 | W16: =SUM(G34:G37) -> 3 | X16: =SUM(H34:H37) -> 0 | Y16: =SUM(I34:I37) -> 11 | Z16: =SUM(J34:J37) -> 2 | ... AF16: =SUM(P34:P37) -> 282
B17: 08.45 - 9.00 | C17: 11 | D17: 2 | E17: 2 | F17: 23 | G17: 0 | H17: 0 | I17: 6 | J17: 0 | K17: 0 | L17: 0 | M17: 52 | N17: 0 | O17: =SUM(C17:L17,N17) -> 44 | P17: =SUM(C17:N17) -> 96 | R17: 1400-1500 | S17: =SUM(C38:C41) -> 69 | T17: =SUM(D38:D41) -> 9 | U17: =SUM(E38:E41) -> 6 | V17: =SUM(F38:F41) -> 54 | W17: =SUM(G38:G41) -> 1 | X17: =SUM(H38:H41) -> 0 | Y17: =SUM(I38:I41) -> 2 | Z17: =SUM(J38:J41) -> 0 | ... AF17: =SUM(P38:P41) -> 266
B18: 09.00 - 09.15 | C18: 20 | D18: 3 | E18: 2 | F18: 22 | G18: 0 | H18: 0 | I18: 1 | J18: 0 | K18: 0 | L18: 0 | M18: 33 | N18: 0 | O18: =SUM(C18:L18,N18) -> 48 | P18: =SUM(C18:N18) -> 81 | R18: 1500-1600 | S18: =SUM(C42:C45) -> 91 | T18: =SUM(D42:D45) -> 9 | U18: =SUM(E42:E45) -> 7 | V18: =SUM(F42:F45) -> 58 | W18: =SUM(G42:G45) -> 0 | X18: =SUM(H42:H45) -> 1 | Y18: =SUM(I42:I45) -> 6 | Z18: =SUM(J42:J45) -> 0 | ... AF18: =SUM(P42:P45) -> 327
B19: 09.15 - 09.30 | C19: 20 | D19: 2 | E19: 4 | F19: 13 | G19: 0 | H19: 0 | I19: 0 | J19: 0 | K19: 0 | L19: 0 | M19: 43 | N19: 0 | O19: =SUM(C19:L19,N19) -> 39 | P19: =SUM(C19:N19) -> 82 | R19: 1600-1700 | S19: =SUM(C46:C49) -> 93 | T19: =SUM(D46:D49) -> 6 | U19: =SUM(E46:E49) -> 8 | V19: =SUM(F46:F49) -> 60 | W19: =SUM(G46:G49) -> 1 | X19: =SUM(H46:H49) -> 0 | Y19: =SUM(I46:I49) -> 10 | Z19: =SUM(J46:J49) -> 0 | ... AF19: =SUM(P46:P49) -> 310
B20: 09.30 - 09.45 | C20: 9 | D20: 5 | E20: 2 | F20: 19 | G20: 0 | H20: 0 | I20: 1 | J20: 1 | K20: 0 | L20: 0 | M20: 31 | N20: 0 | O20: =SUM(C20:L20,N20) -> 37 | P20: =SUM(C20:N20) -> 68 | R20: 1700-1800 | S20: =SUM(C50:C53) -> 124 | T20: =SUM(D50:D53) -> 27 | U20: =SUM(E50:E53) -> 13 | V20: =SUM(F50:F53) -> 86 | W20: =SUM(G50:G53) -> 1 | X20: =SUM(H50:H53) -> 0 | Y20: =SUM(I50:I53) -> 7 | Z20: =SUM(J50:J53) -> 0 | ... AF20: =SUM(P50:P53) -> 380
B21: 09.45 - 10.00 | C21: 9 | D21: 9 | E21: 4 | F21: 11 | G21: 0 | H21: 0 | I21: 1 | J21: 0 | K21: 0 | L21: 0 | M21: 44 | N21: 0 | O21: =SUM(C21:L21,N21) -> 34 | P21: =SUM(C21:N21) -> 78 | R21: 1800-1900 | S21: =SUM(C54:C57) -> 156 | T21: =SUM(D54:D57) -> 9 | U21: =SUM(E54:E57) -> 13 | V21: =SUM(F54:F57) -> 105 | W21: =SUM(G54:G57) -> 2 | X21: =SUM(H54:H57) -> 0 | Y21: =SUM(I54:I57) -> 11 | Z21: =SUM(J54:J57) -> 0 | ... AF21: =SUM(P54:P57) -> 476
B22: 10.00 - 10.15 | C22: 16 | D22: 4 | E22: 4 | F22: 23 | G22: 0 | H22: 0 | I22: 0 | J22: 0 | K22: 0 | L22: 0 | M22: 44 | N22: 0 | O22: =SUM(C22:L22,N22) -> 47 | P22: =SUM(C22:N22) -> 91 | R22: 1900-2000 | S22: =SUM(C58:C61) -> 178 | T22: =SUM(D58:D61) -> 26 | U22: =SUM(E58:E61) -> 15 | V22: =SUM(F58:F61) -> 92 | W22: =SUM(G58:G61) -> 0 | X22: =SUM(H58:H61) -> 0 | Y22: =SUM(I58:I61) -> 6 | Z22: =SUM(J58:J61) -> 3 | ... AF22: =SUM(P58:P61) -> 529
B23: 10.15 - 10.30 | C23: 14 | D23: 2 | E23: 4 | F23: 14 | G23: 1 | H23: 0 | I23: 3 | J23: 0 | K23: 0 | L23: 0 | M23: 33 | N23: 0 | O23: =SUM(C23:L23,N23) -> 38 | P23: =SUM(C23:N23) -> 71 | R23: 2000-2100 | S23: =SUM(C62:C65) -> 154 | T23: =SUM(D62:D65) -> 20 | U23: =SUM(E62:E65) -> 14 | V23: =SUM(F62:F65) -> 84 | W23: =SUM(G62:G65) -> 1 | X23: =SUM(H62:H65) -> 0 | Y23: =SUM(I62:I65) -> 13 | Z23: =SUM(J62:J65) -> 4 | ... AF23: =SUM(P62:P65) -> 532
B24: 10.30 - 10.45 | C24: 14 | D24: 1 | E24: 1 | F24: 21 | G24: 0 | H24: 0 | I24: 4 | J24: 0 | K24: 0 | L24: 0 | M24: 47 | N24: 0 | O24: =SUM(C24:L24,N24) -> 41 | P24: =SUM(C24:N24) -> 88 | R24: 2100-2200 | S24: =SUM(C66:C69) -> 132 | T24: =SUM(D66:D69) -> 21 | U24: =SUM(E66:E69) -> 11 | V24: =SUM(F66:F69) -> 84 | W24: =SUM(G66:G69) -> 0 | X24: =SUM(H66:H69) -> 0 | Y24: =SUM(I66:I69) -> 9 | Z24: =SUM(J66:J69) -> 5 | ... AF24: =SUM(P66:P69) -> 491
B25: 10.45 - 11.00 | C25: 17 | D25: 0 | E25: 1 | F25: 13 | G25: 0 | H25: 0 | I25: 0 | J25: 0 | K25: 0 | L25: 0 | M25: 55 | N25: 0 | O25: =SUM(C25:L25,N25) -> 31 | P25: =SUM(C25:N25) -> 86 | R25: 2200-2300 | S25: =SUM(C70:C73) -> 98 | T25: =SUM(D70:D73) -> 9 | U25: =SUM(E70:E73) -> 6 | V25: =SUM(F70:F73) -> 77 | W25: =SUM(G70:G73) -> 0 | X25: =SUM(H70:H73) -> 0 | Y25: =SUM(I70:I73) -> 3 | Z25: =SUM(J70:J73) -> 0 | ... AF25: =SUM(P70:P73) -> 402
B26: 11.00 - 11.15 | C26: 14 | D26: 6 | E26: 1 | F26: 18 | G26: 0 | H26: 0 | I26: 4 | J26: 0 | K26: 0 | L26: 0 | M26: 39 | N26: 0 | O26: =SUM(C26:L26,N26) -> 43 | P26: =SUM(C26:N26) -> 82 | R26: 2300-0000 | S26: =SUM(C74:C77) -> 59 | T26: =SUM(D74:D77) -> 5 | U26: =SUM(E74:E77) -> 2 | V26: =SUM(F74:F77) -> 22 | W26: =SUM(G74:G77) -> 0 | X26: =SUM(H74:H77) -> 0 | Y26: =SUM(I74:I77) -> 1 | Z26: =SUM(J74:J77) -> 1 | ... AF26: =SUM(P74:P77) -> 234
B27: 11.15 - 11.30 | C27: 17 | D27: 2 | E27: 0 | F27: 7 | G27: 0 | H27: 1 | I27: 1 | J27: 1 | K27: 0 | L27: 0 | M27: 45 | N27: 0 | O27: =SUM(C27:L27,N27) -> 29 | P27: =SUM(C27:N27) -> 74 | R27: 0000-0100 | S27: =SUM(C78:C81) -> 24 | T27: =SUM(D78:D81) -> 2 | U27: =SUM(E78:E81) -> 4 | V27: =SUM(F78:F81) -> 10 | W27: =SUM(G78:G81) -> 0 | X27: =SUM(H78:H81) -> 0 | Y27: =SUM(I78:I81) -> 0 | Z27: =SUM(J78:J81) -> 1 | ... AF27: =SUM(P78:P81) -> 109
B28: 11.30 - 11.45 | C28: 10 | D28: 2 | E28: 1 | F28: 16 | G28: 1 | H28: 0 | I28: 5 | J28: 0 | K28: 0 | L28: 0 | M28: 33 | N28: 0 | O28: =SUM(C28:L28,N28) -> 35 | P28: =SUM(C28:N28) -> 68 | R28: 0100-0200 | S28: =SUM(C82:C85) -> 10 | T28: =SUM(D82:D85) -> 1 | U28: =SUM(E82:E85) -> 1 | V28: =SUM(F82:F85) -> 1 | W28: =SUM(G82:G85) -> 0 | X28: =SUM(H82:H85) -> 0 | Y28: =SUM(I82:I85) -> 0 | Z28: =SUM(J82:J85) -> 0 | ... AF28: =SUM(P82:P85) -> 55
B29: 11.45 - 12.00 | C29: 20 | D29: 3 | E29: 2 | F29: 12 | G29: 0 | H29: 0 | I29: 0 | J29: 0 | K29: 0 | L29: 0 | M29: 31 | N29: 0 | O29: =SUM(C29:L29,N29) -> 37 | P29: =SUM(C29:N29) -> 68 | R29: 0200-0300 | S29: =SUM(C86:C89) -> 12 | T29: =SUM(D86:D89) -> 0 | U29: =SUM(E86:E89) -> 0 | V29: =SUM(F86:F89) -> 0 | W29: =SUM(G86:G89) -> 0 | X29: =SUM(H86:H89) -> 0 | Y29: =SUM(I86:I89) -> 1 | Z29: =SUM(J86:J89) -> 0 | ... AF29: =SUM(P86:P89) -> 28
B30: 12.00 - 12.15 | C30: 19 | D30: 3 | E30: 2 | F30: 19 | G30: 0 | H30: 0 | I30: 1 | J30: 0 | K30: 0 | L30: 0 | M30: 33 | N30: 0 | O30: =SUM(C30:L30,N30) -> 44 | P30: =SUM(C30:N30) -> 77 | R30: 0300-0400 | S30: =SUM(C90:C93) -> 4 | T30: =SUM(D90:D93) -> 0 | U30: =SUM(E90:E93) -> 1 | V30: =SUM(F90:F93) -> 0 | W30: =SUM(G90:G93) -> 0 | X30: =SUM(H90:H93) -> 0 | Y30: =SUM(I90:I93) -> 0 | Z30: =SUM(J90:J93) -> 1 | ... AF30: =SUM(P90:P93) -> 20
B31: 12.15 - 12.30 | C31: 11 | D31: 1 | E31: 4 | F31: 19 | G31: 1 | H31: 0 | I31: 1 | J31: 1 | K31: 0 | L31: 0 | M31: 31 | N31: 0 | O31: =SUM(C31:L31,N31) -> 38 | P31: =SUM(C31:N31) -> 69 | R31: 0400-0500 | S31: =SUM(C94:C97) -> 7 | T31: =SUM(D94:D97) -> 0 | U31: =SUM(E94:E97) -> 0 | V31: =SUM(F94:F97) -> 0 | W31: =SUM(G94:G97) -> 1 | X31: =SUM(H94:H97) -> 0 | Y31: =SUM(I94:I97) -> 1 | Z31: =SUM(J94:J97) -> 0 | ... AF31: =SUM(P94:P97) -> 17
B32: 12.30 - 12.45 | C32: 22 | D32: 1 | E32: 2 | F32: 18 | G32: 0 | H32: 0 | I32: 7 | J32: 2 | K32: 0 | L32: 0 | M32: 36 | N32: 0 | O32: =SUM(C32:L32,N32) -> 52 | P32: =SUM(C32:N32) -> 88 | R32: 0500-0600 | S32: =SUM(C98:C101) -> 5 | T32: =SUM(D98:D101) -> 0 | U32: =SUM(E98:E101) -> 3 | V32: =SUM(F98:F101) -> 22 | W32: =SUM(G98:G101) -> 4 | X32: =SUM(H98:H101) -> 0 | Y32: =SUM(I98:I101) -> 9 | Z32: =SUM(J98:J101) -> 1 | ... AF32: =SUM(P98:P101) -> 57
B33: 12.45 - 13.00 | C33: 11 | D33: 2 | E33: 3 | F33: 17 | G33: 0 | H33: 0 | I33: 3 | J33: 1 | K33: 0 | L33: 0 | M33: 47 | N33: 0 | O33: =SUM(C33:L33,N33) -> 37 | P33: =SUM(C33:N33) -> 84 | R33: 0600-0700 | S33: =SUM(C102:C105) -> 62 | T33: =SUM(D102:D105) -> 8 | U33: =SUM(E102:E105) -> 2 | V33: =SUM(F102:F105) -> 58 | W33: =SUM(G102:G105) -> 2 | X33: =SUM(H102:H105) -> 0 | Y33: =SUM(I102:I105) -> 4 | Z33: =SUM(J102:J105) -> 2 | ... AF33: =SUM(P102:P105) -> 180
B34: 13.00 - 13.15 | C34: 19 | D34: 3 | E34: 1 | F34: 9 | G34: 1 | H34: 0 | I34: 1 | J34: 1 | K34: 0 | L34: 0 | M34: 42 | N34: 0 | O34: =SUM(C34:L34,N34) -> 35 | P34: =SUM(C34:N34) -> 77 | R34: AM Peak Hr | S34: =MAX(S10:S12) -> 97 | T34: =MAX(T10:T12) -> 20 | U34: =MAX(U10:U12) -> 12 | V34: =MAX(V10:V12) -> 90 | W34: =MAX(W10:W12) -> 2 | X34: =MAX(X10:X12) -> 0 | Y34: =MAX(Y10:Y12) -> 9 | Z34: =MAX(Z10:Z12) -> 3 | ... AF34: =MAX(AF10:AF12) -> 365
B35: 13.15 - 13.30 | C35: 16 | D35: 1 | E35: 1 | F35: 11 | G35: 1 | H35: 0 | I35: 4 | J35: 0 | K35: 0 | L35: 0 | M35: 36 | N35: 0 | O35: =SUM(C35:L35,N35) -> 34 | P35: =SUM(C35:N35) -> 70 | R35: IP Peak Hr | S35: =MAX(S13:S18) -> 91 | T35: =MAX(T13:T18) -> 13 | U35: =MAX(U13:U18) -> 11 | V35: =MAX(V13:V18) -> 73 | W35: =MAX(W13:W18) -> 3 | X35: =MAX(X13:X18) -> 1 | Y35: =MAX(Y13:Y18) -> 12 | Z35: =MAX(Z13:Z18) -> 4 | ... AF35: =MAX(AF13:AF18) -> 336
B36: 13.30 - 13.45 | C36: 16 | D36: 3 | E36: 2 | F36: 11 | G36: 1 | H36: 0 | I36: 2 | J36: 1 | K36: 0 | L36: 0 | M36: 38 | N36: 0 | O36: =SUM(C36:L36,N36) -> 36 | P36: =SUM(C36:N36) -> 74 | R36: PM Peak Hr | S36: =MAX(S19:S21) -> 156 | T36: =MAX(T19:T21) -> 27 | U36: =MAX(U19:U21) -> 13 | V36: =MAX(V19:V21) -> 105 | W36: =MAX(W19:W21) -> 2 | X36: =MAX(X19:X21) -> 0 | Y36: =MAX(Y19:Y21) -> 11 | Z36: =MAX(Z19:Z21) -> 0 | ... AF36: =MAX(AF19:AF21) -> 476
B37: 13.45 - 14.00 | C37: 13 | D37: 1 | E37: 2 | F37: 21 | G37: 0 | H37: 0 | I37: 4 | J37: 0 | K37: 0 | L37: 0 | M37: 20 | N37: 0 | O37: =SUM(C37:L37,N37) -> 41 | P37: =SUM(C37:N37) -> 61 | R37: AM Period | S37: =SUM(S10:S12) -> 235 | T37: =SUM(T10:T12) -> 53 | U37: =SUM(U10:U12) -> 26 | V37: =SUM(V10:V12) -> 236 | W37: =SUM(W10:W12) -> 2 | X37: =SUM(X10:X12) -> 0 | Y37: =SUM(Y10:Y12) -> 20 | Z37: =SUM(Z10:Z12) -> 4 | ... AF37: =SUM(AF10:AF12) -> 1010
B38: 14.00 - 14.15 | C38: 23 | D38: 4 | E38: 2 | F38: 15 | G38: 0 | H38: 0 | I38: 0 | J38: 0 | K38: 0 | L38: 0 | M38: 40 | N38: 0 | O38: =SUM(C38:L38,N38) -> 44 | P38: =SUM(C38:N38) -> 84 | R38: IP Period | S38: =SUM(S13:S18) -> 409 | T38: =SUM(T13:T18) -> 53 | U38: =SUM(U13:U18) -> 44 | V38: =SUM(V13:V18) -> 361 | W38: =SUM(W13:W18) -> 7 | X38: =SUM(X13:X18) -> 2 | Y38: =SUM(Y13:Y18) -> 48 | Z38: =SUM(Z13:Z18) -> 7 | ... AF38: =SUM(AF13:AF18) -> 1821
B39: 14.15 - 14.30 | C39: 20 | D39: 1 | E39: 2 | F39: 15 | G39: 1 | H39: 0 | I39: 2 | J39: 0 | K39: 0 | L39: 0 | M39: 31 | N39: 0 | O39: =SUM(C39:L39,N39) -> 41 | P39: =SUM(C39:N39) -> 72 | R39: PM Period | S39: =SUM(S19:S21) -> 373 | T39: =SUM(T19:T21) -> 42 | U39: =SUM(U19:U21) -> 34 | V39: =SUM(V19:V21) -> 251 | W39: =SUM(W19:W21) -> 4 | X39: =SUM(X19:X21) -> 0 | Y39: =SUM(Y19:Y21) -> 28 | Z39: =SUM(Z19:Z21) -> 0 | ... AF39: =SUM(AF19:AF21) -> 1166
B40: 14.30 - 14.45 | C40: 9 | D40: 2 | E40: 0 | F40: 15 | G40: 0 | H40: 0 | I40: 0 | J40: 0 | K40: 0 | L40: 0 | M40: 18 | N40: 0 | O40: =SUM(C40:L40,N40) -> 26 | P40: =SUM(C40:N40) -> 44 | R40: 12 Hours | S40: =SUM(S10:S21) -> 1017 | T40: =SUM(T10:T21) -> 148 | U40: =SUM(U10:U21) -> 104 | V40: =SUM(V10:V21) -> 848 | W40: =SUM(W10:W21) -> 13 | X40: =SUM(X10:X21) -> 2 | Y40: =SUM(Y10:Y21) -> 96 | Z40: =SUM(Z10:Z21) -> 11 | ... AF40: =SUM(AF10:AF21) -> 3997
B41: 14.45 - 15.00 | C41: 17 | D41: 2 | E41: 2 | F41: 9 | G41: 0 | H41: 0 | I41: 0 | J41: 0 | K41: 1 | L41: 0 | M41: 35 | N41: 0 | O41: =SUM(C41:L41,N41) -> 31 | P41: =SUM(C41:N41) -> 66 | R41: 24 Hrs/ADT | S41: =SUM(S10:S33) -> 1762 | T41: =SUM(T10:T33) -> 240 | U41: =SUM(U10:U33) -> 163 | V41: =SUM(V10:V33) -> 1298 | W41: =SUM(W10:W33) -> 21 | X41: =SUM(X10:X33) -> 2 | Y41: =SUM(Y10:Y33) -> 143 | Z41: =SUM(Z10:Z33) -> 29 | ... AF41: =SUM(AF10:AF33) -> 6651
B42: 15.00 - 15.15 | C42: 13 | D42: 4 | E42: 0 | F42: 16 | G42: 0 | H42: 0 | I42: 0 | J42: 0 | K42: 0 | L42: 0 | M42: 40 | N42: 0 | O42: =SUM(C42:L42,N42) -> 33 | P42: =SUM(C42:N42) -> 73 | R42: NEF | S42: =S41/S40 -> 1.7325467 | T42: =T41/T40 -> 1.6216216 | U42: =U41/U40 -> 1.5673077 | V42: =V41/V40 -> 1.5306604 | W42: =W41/W40 -> 1.6153846 | X42: =X41/X40 -> 1 | Y42: =Y41/Y40 -> 1.4895833 | Z42: =Z41/Z40 -> 2.6363636 | ... AF42: =AF41/AF40 -> 1.663998
B43: 15.15 - 15.30 | C43: 27 | D43: 3 | E43: 5 | F43: 11 | G43: 0 | H43: 1 | I43: 3 | J43: 0 | K43: 0 | L43: 0 | M43: 43 | N43: 0 | O43: =SUM(C43:L43,N43) -> 50 | P43: =SUM(C43:N43) -> 93
B44: 15.30 - 15.45 | C44: 25 | D44: 1 | E44: 0 | F44: 13 | G44: 0 | H44: 0 | I44: 1 | J44: 0 | K44: 0 | L44: 0 | M44: 39 | N44: 0 | O44: =SUM(C44:L44,N44) -> 40 | P44: =SUM(C44:N44) -> 79
B45: 15.45 - 16.00 | C45: 26 | D45: 1 | E45: 2 | F45: 18 | G45: 0 | H45: 0 | I45: 2 | J45: 0 | K45: 0 | L45: 0 | M45: 33 | N45: 0 | O45: =SUM(C45:L45,N45) -> 49 | P45: =SUM(C45:N45) -> 82
B46: 16.00 - 16.15 | C46: 13 | D46: 2 | E46: 1 | F46: 12 | G46: 0 | H46: 0 | I46: 1 | J46: 0 | K46: 0 | L46: 0 | M46: 34 | N46: 0 | O46: =SUM(C46:L46,N46) -> 29 | P46: =SUM(C46:N46) -> 63
B47: 16.15 -16.30 | C47: 26 | D47: 1 | E47: 0 | F47: 12 | G47: 1 | H47: 0 | I47: 4 | J47: 0 | K47: 0 | L47: 0 | M47: 45 | N47: 0 | O47: =SUM(C47:L47,N47) -> 44 | P47: =SUM(C47:N47) -> 89
B48: 16.30 -16.45 | C48: 22 | D48: 2 | E48: 3 | F48: 18 | G48: 0 | H48: 0 | I48: 3 | J48: 0 | K48: 0 | L48: 0 | M48: 27 | N48: 0 | O48: =SUM(C48:L48,N48) -> 48 | P48: =SUM(C48:N48) -> 75
B49: 16.45 -17.00 | C49: 32 | D49: 1 | E49: 4 | F49: 18 | G49: 0 | H49: 0 | I49: 2 | J49: 0 | K49: 0 | L49: 0 | M49: 26 | N49: 0 | O49: =SUM(C49:L49,N49) -> 57 | P49: =SUM(C49:N49) -> 83
B50: 17.00 -17.15 | C50: 32 | D50: 3 | E50: 3 | F50: 20 | G50: 1 | H50: 0 | I50: 4 | J50: 0 | K50: 0 | L50: 0 | M50: 33 | N50: 0 | O50: =SUM(C50:L50,N50) -> 63 | P50: =SUM(C50:N50) -> 96
B51: 17.15 -17.30 | C51: 34 | D51: 12 | E51: 4 | F51: 24 | G51: 0 | H51: 0 | I51: 1 | J51: 0 | K51: 0 | L51: 0 | M51: 31 | N51: 0 | O51: =SUM(C51:L51,N51) -> 75 | P51: =SUM(C51:N51) -> 106
B52: 17.30 -17.45 | C52: 28 | D52: 8 | E52: 2 | F52: 21 | G52: 0 | H52: 0 | I52: 0 | J52: 0 | K52: 0 | L52: 0 | M52: 25 | N52: 0 | O52: =SUM(C52:L52,N52) -> 59 | P52: =SUM(C52:N52) -> 84
B53: 17.45 -18.00 | C53: 30 | D53: 4 | E53: 4 | F53: 21 | G53: 0 | H53: 0 | I53: 2 | J53: 0 | K53: 0 | L53: 0 | M53: 33 | N53: 0 | O53: =SUM(C53:L53,N53) -> 61 | P53: =SUM(C53:N53) -> 94
B54: 18.00 - 18.15 | C54: 35 | D54: 3 | E54: 2 | F54: 23 | G54: 0 | H54: 0 | I54: 4 | J54: 0 | K54: 0 | L54: 0 | M54: 58 | N54: 0 | O54: =SUM(C54:L54,N54) -> 67 | P54: =SUM(C54:N54) -> 125
... B105: 06.45 - 07.00 | C105: 21 | D105: 2 | E105: 0 | F105: 18 | G105: 1 | H105: 0 | I105: 1 | J105: 0 | K105: 0 | L105: 0 | M105: 19 | N105: 0 | O105: =SUM(C105:L105,N105) -> 43 | P105: =SUM(C105:N105) -> 62
B106: Totals | C106: =SUM(C10:C105) -> 1762 | D106: =SUM(D10:D105) -> 240 | E106: =SUM(E10:E105) -> 163 | F106: =SUM(F10:F105) -> 1298 | G106: =SUM(G10:G105) -> 21 | H106: =SUM(H10:H105) -> 2 | I106: =SUM(I10:I105) -> 143 | J106: =SUM(J10:J105) -> 29 | ... P106: =SUM(P10:P105) -> 6651
B107: %ges + MCs | C107: =C106/$P$106 -> 0.26492257 | D107: =D106/$P$106 -> 0.036084799 | E107: =E106/$P$106 -> 0.024507593 | F107: =F106/$P$106 -> 0.19515862 | G107: =G106/$P$106 -> 0.0031574199 | H107: =H106/$P$106 -> 0.00030070666 | I107: =I106/$P$106 -> 0.021500526 | J107: =J106/$P$106 -> 0.0043602466 | ... N107: =N106/$P$106 -> 0
B108: %ges w/o MCs | C108: =C106/$O$106 -> 0.48142077 | D108: =D106/$O$106 -> 0.06557377 | E108: =E106/$O$106 -> 0.044535519 | F108: =F106/$O$106 -> 0.35464481 | G108: =G106/$O$106 -> 0.0057377049 | H108: =H106/$O$106 -> 0.00054644809 | I108: =I106/$O$106 -> 0.039071038 | J108: =J106/$O$106 -> 0.0079234973 | ... L108: =L106/$O$106 -> 0.00027322404 | N108: =N106/$O$106 -> 0

Sheet 26.09 Munyonyo-Salama
B1: Consultancy services for Preparation of Expressway Development Master Plan (EDMP) for Uganda
B2: MANUAL CLASSIFIED COUNT (MCC)
B3: ROAD NAME: | C3: ='[2]23.9.19 SALAMA - MUNYONYO'!C3:G3 -> MCC - C2 - STN-51 - SALAMA ROAD
C5: Date | D5: ='26.09 Salama-Munyonyo'!D5 -> 26.09.19 | F5: Location | G5: ='[2]26.09 Salama-Munyonyo'!G5:H5 -> MUNYONYO P/S | J5: Surveyor | K5: ='[2]26.09 Salama-Munyonyo'!K5:L5 -> OLOYA
C6: Dir. From | D6: ='[2]23.9.19-MUNYONYO-SALAMA'!D6:E6 -> MUNYONYO | F6: Dir. To | G6: ='[2]24.09 MUNYONYO-SALAMA'!G6:H6 -> SALAAMA | J6: Supervisor | K6: ='[2]26.09 Salama-Munyonyo'!K6:L6 -> STEVE
B8: Time / Veh Type | R8: SUMMARY TRAFFIC VOLUMES
C9: 1. Car | D9: 2. Station Wagon | E9: 3. Pickups | F9: 4. Minibus, matatu | G9: 5. Medium bus | H9: 6. Large Bus | I9: 7. Light Truck | J9: 8. Medium Truck | K9: 9. Heavy truck | L9: 10. Truck Trailer | M9: 11. Motor cycles | N9: 12. Tractors | O9: Total Excl M/Cycles | P9: Total All | R9: Time | S9: 1. Car | T9: 2. Station Wagon | U9: 3. Pickups | V9: 4. Minibus, matatu | W9: 5. Medium bus | X9: 6. Large Bus | Y9: 7. Light Truck | Z9: 8. Medium Truck | AA9: 9. Heavy truck | AB9: 10. Truck Trailer | AC9: 11. Motorcycles | AD9: 12. Tractors, Graders | AE9: Total Excl M/ Cycles | AF9: Total All
B10: 07.00 - 07.15 | C10: 25 | D10: 8 | E10: 4 | F10: 15 | G10: 2 | H10: 0 | I10: 2 | J10: 0 | K10: 0 | L10: 0 | M10: 65 | N10: 0 | O10: =SUM(C10:L10,N10) -> 56 | P10: =SUM(C10:N10) -> 121 | R10: 0700-0800 | S10: =SUM(C10:C13) -> 186 | T10: =SUM(D10:D13) -> 28 | U10: =SUM(E10:E13) -> 21 | V10: =SUM(F10:F13) -> 74 | W10: =SUM(G10:G13) -> 7 | X10: =SUM(H10:H13) -> 0 | Y10: =SUM(I10:I13) -> 7 | Z10: =SUM(J10:J13) -> 2 | ... AF10: =SUM(P10:P13) -> 572
B11: 07.15 - 07.30 | C11: 52 | D11: 7 | E11: 3 | F11: 18 | G11: 2 | H11: 0 | I11: 2 | J11: 1 | K11: 0 | L11: 0 | M11: 48 | N11: 0 | O11: =SUM(C11:L11,N11) -> 85 | P11: =SUM(C11:N11) -> 133 | R11: 0800-0900 | S11: =SUM(C14:C17) -> 132 | T11: =SUM(D14:D17) -> 32 | U11: =SUM(E14:E17) -> 10 | V11: =SUM(F14:F17) -> 74 | W11: =SUM(G14:G17) -> 2 | X11: =SUM(H14:H17) -> 0 | Y11: =SUM(I14:I17) -> 10 | Z11: =SUM(J14:J17) -> 2 | ... AF11: =SUM(P14:P17) -> 483
B12: 07.30 - 07.45 | C12: 56 | D12: 4 | E12: 9 | F12: 20 | G12: 2 | H12: 0 | I12: 2 | J12: 1 | K12: 0 | L12: 0 | M12: 86 | N12: 0 | O12: =SUM(C12:L12,N12) -> 94 | P12: =SUM(C12:N12) -> 180 | R12: 0900-1000 | S12: =SUM(C18:C21) -> 81 | T12: =SUM(D18:D21) -> 18 | U12: =SUM(E18:E21) -> 18 | V12: =SUM(F18:F21) -> 66 | W12: =SUM(G18:G21) -> 0 | X12: =SUM(H18:H21) -> 0 | Y12: =SUM(I18:I21) -> 4 | Z12: =SUM(J18:J21) -> 1 | ... AF12: =SUM(P18:P21) -> 383
B13: 07.45 - 08.00 | C13: 53 | D13: 9 | E13: 5 | F13: 21 | G13: 1 | H13: 0 | I13: 1 | J13: 0 | K13: 0 | L13: 0 | M13: 48 | N13: 0 | O13: =SUM(C13:L13,N13) -> 90 | P13: =SUM(C13:N13) -> 138 | R13: 1000-1100 | S13: =SUM(C22:C25) -> 87 | T13: =SUM(D22:D25) -> 15 | U13: =SUM(E22:E25) -> 15 | V13: =SUM(F22:F25) -> 54 | W13: =SUM(G22:G25) -> 0 | X13: =SUM(H22:H25) -> 0 | Y13: =SUM(I22:I25) -> 10 | Z13: =SUM(J22:J25) -> 3 | ... AF13: =SUM(P22:P25) -> 385
B14: 08.00 - 08.15 | C14: 45 | D14: 6 | E14: 3 | F14: 23 | G14: 0 | H14: 0 | I14: 1 | J14: 0 | K14: 1 | L14: 0 | M14: 59 | N14: 0 | O14: =SUM(C14:L14,N14) -> 79 | P14: =SUM(C14:N14) -> 138 | R14: 1100-1200 | S14: =SUM(C26:C29) -> 90 | T14: =SUM(D26:D29) -> 16 | U14: =SUM(E26:E29) -> 12 | V14: =SUM(F26:F29) -> 54 | W14: =SUM(G26:G29) -> 0 | X14: =SUM(H26:H29) -> 0 | Y14: =SUM(I26:I29) -> 16 | Z14: =SUM(J26:J29) -> 1 | ... AF14: =SUM(P26:P29) -> 332
B15: 08.15 - 08.30 | C15: 22 | D15: 7 | E15: 2 | F15: 22 | G15: 0 | H15: 0 | I15: 3 | J15: 0 | K15: 0 | L15: 0 | M15: 39 | N15: 0 | O15: =SUM(C15:L15,N15) -> 56 | P15: =SUM(C15:N15) -> 95 | R15: 1200-1300 | S15: =SUM(C30:C33) -> 76 | T15: =SUM(D30:D33) -> 13 | U15: =SUM(E30:E33) -> 10 | V15: =SUM(F30:F33) -> 72 | W15: =SUM(G30:G33) -> 0 | X15: =SUM(H30:H33) -> 0 | Y15: =SUM(I30:I33) -> 16 | Z15: =SUM(J30:J33) -> 0 | ... AF15: =SUM(P30:P33) -> 381
B16: 08.30 - 08.45 | C16: 34 | D16: 9 | E16: 3 | F16: 16 | G16: 1 | H16: 0 | I16: 6 | J16: 0 | K16: 0 | L16: 0 | M16: 58 | N16: 0 | O16: =SUM(C16:L16,N16) -> 69 | P16: =SUM(C16:N16) -> 127 | R16: 1300-1400 | S16: =SUM(C34:C37) -> 76 | T16: =SUM(D34:D37) -> 19 | U16: =SUM(E34:E37) -> 9 | V16: =SUM(F34:F37) -> 50 | W16: =SUM(G34:G37) -> 2 | X16: =SUM(H34:H37) -> 0 | Y16: =SUM(I34:I37) -> 8 | Z16: =SUM(J34:J37) -> 0 | ... AF16: =SUM(P34:P37) -> 322
B17: 08.45 - 9.00 | C17: 31 | D17: 10 | E17: 2 | F17: 13 | G17: 1 | H17: 0 | I17: 0 | J17: 2 | K17: 0 | L17: 0 | M17: 64 | N17: 0 | O17: =SUM(C17:L17,N17) -> 59 | P17: =SUM(C17:N17) -> 123 | R17: 1400-1500 | S17: =SUM(C38:C41) -> 88 | T17: =SUM(D38:D41) -> 19 | U17: =SUM(E38:E41) -> 9 | V17: =SUM(F38:F41) -> 51 | W17: =SUM(G38:G41) -> 0 | X17: =SUM(H38:H41) -> 0 | Y17: =SUM(I38:I41) -> 14 | Z17: =SUM(J38:J41) -> 1 | ... AF17: =SUM(P38:P41) -> 326
B18: 09.00 - 09.15 | C18: 20 | D18: 4 | E18: 4 | F18: 14 | G18: 0 | H18: 0 | I18: 2 | J18: 0 | K18: 0 | L18: 0 | M18: 63 | N18: 0 | O18: =SUM(C18:L18,N18) -> 44 | P18: =SUM(C18:N18) -> 107 | R18: 1500-1600 | S18: =SUM(C42:C45) -> 101 | T18: =SUM(D42:D45) -> 20 | U18: =SUM(E42:E45) -> 8 | V18: =SUM(F42:F45) -> 45 | W18: =SUM(G42:G45) -> 19 | X18: =SUM(H42:H45) -> 1 | Y18: =SUM(I42:I45) -> 11 | Z18: =SUM(J42:J45) -> 3 | ... AF18: =SUM(P42:P45) -> 340
B19: 09.15 - 09.30 | C19: 21 | D19: 5 | E19: 5 | F19: 19 | G19: 0 | H19: 0 | I19: 2 | J19: 0 | K19: 0 | L19: 0 | M19: 54 | N19: 0 | O19: =SUM(C19:L19,N19) -> 52 | P19: =SUM(C19:N19) -> 106 | R19: 1600-1700 | S19: =SUM(C46:C49) -> 88 | T19: =SUM(D46:D49) -> 9 | U19: =SUM(E46:E49) -> 10 | V19: =SUM(F46:F49) -> 58 | W19: =SUM(G46:G49) -> 3 | X19: =SUM(H46:H49) -> 0 | Y19: =SUM(I46:I49) -> 11 | Z19: =SUM(J46:J49) -> 0 | ... AF19: =SUM(P46:P49) -> 356
B20: 09.30 - 09.45 | C20: 19 | D20: 6 | E20: 6 | F20: 26 | G20: 0 | H20: 0 | I20: 0 | J20: 1 | K20: 0 | L20: 0 | M20: 40 | N20: 0 | O20: =SUM(C20:L20,N20) -> 58 | P20: =SUM(C20:N20) -> 98 | R20: 1700-1800 | S20: =SUM(C50:C53) -> 106 | T20: =SUM(D50:D53) -> 23 | U20: =SUM(E50:E53) -> 10 | V20: =SUM(F50:F53) -> 63 | W20: =SUM(G50:G53) -> 1 | X20: =SUM(H50:H53) -> 2 | Y20: =SUM(I50:I53) -> 19 | Z20: =SUM(J50:J53) -> 2 | ... AF20: =SUM(P50:P53) -> 391
B21: 09.45 - 10.00 | C21: 21 | D21: 3 | E21: 3 | F21: 7 | G21: 0 | H21: 0 | I21: 0 | J21: 0 | K21: 0 | L21: 0 | M21: 38 | N21: 0 | O21: =SUM(C21:L21,N21) -> 34 | P21: =SUM(C21:N21) -> 72 | R21: 1800-1900 | S21: =SUM(C54:C57) -> 113 | T21: =SUM(D54:D57) -> 19 | U21: =SUM(E54:E57) -> 22 | V21: =SUM(F54:F57) -> 84 | W21: =SUM(G54:G57) -> 2 | X21: =SUM(H54:H57) -> 0 | Y21: =SUM(I54:I57) -> 9 | Z21: =SUM(J54:J57) -> 1 | ... AF21: =SUM(P54:P57) -> 461
B22: 10.00 - 10.15 | C22: 20 | D22: 2 | E22: 4 | F22: 19 | G22: 0 | H22: 0 | I22: 4 | J22: 0 | K22: 0 | L22: 0 | M22: 40 | N22: 0 | O22: =SUM(C22:L22,N22) -> 49 | P22: =SUM(C22:N22) -> 89 | R22: 1900-2000 | S22: =SUM(C58:C61) -> 113 | T22: =SUM(D58:D61) -> 33 | U22: =SUM(E58:E61) -> 11 | V22: =SUM(F58:F61) -> 75 | W22: =SUM(G58:G61) -> 4 | X22: =SUM(H58:H61) -> 0 | Y22: =SUM(I58:I61) -> 8 | Z22: =SUM(J58:J61) -> 1 | ... AF22: =SUM(P58:P61) -> 451
B23: 10.15 - 10.30 | C23: 22 | D23: 7 | E23: 2 | F23: 8 | G23: 0 | H23: 0 | I23: 0 | J23: 0 | K23: 1 | L23: 0 | M23: 61 | N23: 0 | O23: =SUM(C23:L23,N23) -> 40 | P23: =SUM(C23:N23) -> 101 | R23: 2000-2100 | S23: =SUM(C62:C65) -> 120 | T23: =SUM(D62:D65) -> 26 | U23: =SUM(E62:E65) -> 12 | V23: =SUM(F62:F65) -> 91 | W23: =SUM(G62:G65) -> 1 | X23: =SUM(H62:H65) -> 1 | Y23: =SUM(I62:I65) -> 8 | Z23: =SUM(J62:J65) -> 3 | ... AF23: =SUM(P62:P65) -> 478
B24: 10.30 - 10.45 | C24: 27 | D24: 5 | E24: 3 | F24: 14 | G24: 0 | H24: 0 | I24: 2 | J24: 3 | K24: 0 | L24: 0 | M24: 40 | N24: 0 | O24: =SUM(C24:L24,N24) -> 54 | P24: =SUM(C24:N24) -> 94 | R24: 2100-2200 | S24: =SUM(C66:C69) -> 112 | T24: =SUM(D66:D69) -> 42 | U24: =SUM(E66:E69) -> 13 | V24: =SUM(F66:F69) -> 72 | W24: =SUM(G66:G69) -> 1 | X24: =SUM(H66:H69) -> 0 | Y24: =SUM(I66:I69) -> 6 | Z24: =SUM(J66:J69) -> 2 | ... AF24: =SUM(P66:P69) -> 428
B25: 10.45 - 11.00 | C25: 18 | D25: 1 | E25: 6 | F25: 13 | G25: 0 | H25: 0 | I25: 4 | J25: 0 | K25: 0 | L25: 0 | M25: 59 | N25: 0 | O25: =SUM(C25:L25,N25) -> 42 | P25: =SUM(C25:N25) -> 101 | R25: 2200-2300 | S25: =SUM(C70:C73) -> 107 | T25: =SUM(D70:D73) -> 38 | U25: =SUM(E70:E73) -> 12 | V25: =SUM(F70:F73) -> 64 | W25: =SUM(G70:G73) -> 0 | X25: =SUM(H70:H73) -> 0 | Y25: =SUM(I70:I73) -> 3 | Z25: =SUM(J70:J73) -> 1 | ... AF25: =SUM(P70:P73) -> 404
B26: 11.00 - 11.15 | C26: 20 | D26: 4 | E26: 6 | F26: 13 | G26: 0 | H26: 0 | I26: 4 | J26: 0 | K26: 0 | L26: 0 | M26: 46 | N26: 0 | O26: =SUM(C26:L26,N26) -> 47 | P26: =SUM(C26:N26) -> 93 | R26: 2300-0000 | S26: =SUM(C74:C77) -> 48 | T26: =SUM(D74:D77) -> 19 | U26: =SUM(E74:E77) -> 5 | V26: =SUM(F74:F77) -> 28 | W26: =SUM(G74:G77) -> 0 | X26: =SUM(H74:H77) -> 0 | Y26: =SUM(I74:I77) -> 3 | Z26: =SUM(J74:J77) -> 0 | ... AF26: =SUM(P74:P77) -> 221
B27: 11.15 - 11.30 | C27: 16 | D27: 4 | E27: 2 | F27: 9 | G27: 0 | H27: 0 | I27: 4 | J27: 0 | K27: 0 | L27: 0 | M27: 38 | N27: 0 | O27: =SUM(C27:L27,N27) -> 35 | P27: =SUM(C27:N27) -> 73 | R27: 0000-0100 | S27: =SUM(C78:C81) -> 35 | T27: =SUM(D78:D81) -> 7 | U27: =SUM(E78:E81) -> 2 | V27: =SUM(F78:F81) -> 7 | W27: =SUM(G78:G81) -> 0 | X27: =SUM(H78:H81) -> 0 | Y27: =SUM(I78:I81) -> 2 | Z27: =SUM(J78:J81) -> 0 | ... AF27: =SUM(P78:P81) -> 124
B28: 11.30 - 11.45 | C28: 37 | D28: 6 | E28: 1 | F28: 18 | G28: 0 | H28: 0 | I28: 4 | J28: 1 | K28: 0 | L28: 0 | M28: 30 | N28: 0 | O28: =SUM(C28:L28,N28) -> 67 | P28: =SUM(C28:N28) -> 97 | R28: 0100-0200 | S28: =SUM(C82:C85) -> 21 | T28: =SUM(D82:D85) -> 1 | U28: =SUM(E82:E85) -> 2 | V28: =SUM(F82:F85) -> 5 | W28: =SUM(G82:G85) -> 0 | X28: =SUM(H82:H85) -> 0 | Y28: =SUM(I82:I85) -> 2 | Z28: =SUM(J82:J85) -> 0 | ... AF28: =SUM(P82:P85) -> 72
B29: 11.45 - 12.00 | C29: 17 | D29: 2 | E29: 3 | F29: 14 | G29: 0 | H29: 0 | I29: 4 | J29: 0 | K29: 0 | L29: 0 | M29: 29 | N29: 0 | O29: =SUM(C29:L29,N29) -> 40 | P29: =SUM(C29:N29) -> 69 | R29: 0200-0300 | S29: =SUM(C86:C89) -> 13 | T29: =SUM(D86:D89) -> 3 | U29: =SUM(E86:E89) -> 0 | V29: =SUM(F86:F89) -> 1 | W29: =SUM(G86:G89) -> 0 | X29: =SUM(H86:H89) -> 0 | Y29: =SUM(I86:I89) -> 0 | Z29: =SUM(J86:J89) -> 1 | ... AF29: =SUM(P86:P89) -> 38
B30: 12.00 - 12.15 | C30: 14 | D30: 2 | E30: 2 | F30: 18 | G30: 0 | H30: 0 | I30: 4 | J30: 0 | K30: 0 | L30: 0 | M30: 54 | N30: 0 | O30: =SUM(C30:L30,N30) -> 40 | P30: =SUM(C30:N30) -> 94 | R30: 0300-0400 | S30: =SUM(C90:C93) -> 13 | T30: =SUM(D90:D93) -> 0 | U30: =SUM(E90:E93) -> 3 | V30: =SUM(F90:F93) -> 0 | W30: =SUM(G90:G93) -> 0 | X30: =SUM(H90:H93) -> 0 | Y30: =SUM(I90:I93) -> 0 | Z30: =SUM(J90:J93) -> 1 | ... AF30: =SUM(P90:P93) -> 32
B31: 12.15 - 12.30 | C31: 18 | D31: 4 | E31: 4 | F31: 19 | G31: 0 | H31: 0 | I31: 3 | J31: 0 | K31: 0 | L31: 0 | M31: 41 | N31: 0 | O31: =SUM(C31:L31,N31) -> 48 | P31: =SUM(C31:N31) -> 89 | R31: 0400-0500 | S31: =SUM(C94:C97) -> 10 | T31: =SUM(D94:D97) -> 0 | U31: =SUM(E94:E97) -> 0 | V31: =SUM(F94:F97) -> 2 | W31: =SUM(G94:G97) -> 0 | X31: =SUM(H94:H97) -> 0 | Y31: =SUM(I94:I97) -> 0 | Z31: =SUM(J94:J97) -> 0 | ... AF31: =SUM(P94:P97) -> 24
B32: 12.30 - 12.45 | C32: 28 | D32: 3 | E32: 1 | F32: 17 | G32: 0 | H32: 0 | I32: 3 | J32: 0 | K32: 0 | L32: 0 | M32: 38 | N32: 0 | O32: =SUM(C32:L32,N32) -> 52 | P32: =SUM(C32:N32) -> 90 | R32: 0500-0600 | S32: =SUM(C98:C101) -> 20 | T32: =SUM(D98:D101) -> 1 | U32: =SUM(E98:E101) -> 7 | V32: =SUM(F98:F101) -> 27 | W32: =SUM(G98:G101) -> 1 | X32: =SUM(H98:H101) -> 0 | Y32: =SUM(I98:I101) -> 0 | Z32: =SUM(J98:J101) -> 0 | ... AF32: =SUM(P98:P101) -> 83
B33: 12.45 - 13.00 | C33: 16 | D33: 4 | E33: 3 | F33: 18 | G33: 0 | H33: 0 | I33: 6 | J33: 0 | K33: 1 | L33: 0 | M33: 60 | N33: 0 | O33: =SUM(C33:L33,N33) -> 48 | P33: =SUM(C33:N33) -> 108 | R33: 0600-0700 | S33: =SUM(C102:C105) -> 93 | T33: =SUM(D102:D105) -> 30 | U33: =SUM(E102:E105) -> 7 | V33: =SUM(F102:F105) -> 43 | W33: =SUM(G102:G105) -> 3 | X33: =SUM(H102:H105) -> 0 | Y33: =SUM(I102:I105) -> 2 | Z33: =SUM(J102:J105) -> 0 | ... AF33: =SUM(P102:P105) -> 249
B34: 13.00 - 13.15 | C34: 22 | D34: 5 | E34: 2 | F34: 15 | G34: 1 | H34: 0 | I34: 4 | J34: 0 | K34: 0 | L34: 0 | M34: 40 | N34: 0 | O34: =SUM(C34:L34,N34) -> 49 | P34: =SUM(C34:N34) -> 89 | R34: AM Peak Hr | S34: =MAX(S10:S12) -> 186 | T34: =MAX(T10:T12) -> 32 | U34: =MAX(U10:U12) -> 21 | V34: =MAX(V10:V12) -> 74 | W34: =MAX(W10:W12) -> 7 | X34: =MAX(X10:X12) -> 0 | Y34: =MAX(Y10:Y12) -> 10 | Z34: =MAX(Z10:Z12) -> 2 | ... AF34: =MAX(AF10:AF12) -> 572
B35: 13.15 - 13.30 | C35: 18 | D35: 4 | E35: 2 | F35: 11 | G35: 0 | H35: 0 | I35: 2 | J35: 0 | K35: 0 | L35: 0 | M35: 44 | N35: 0 | O35: =SUM(C35:L35,N35) -> 37 | P35: =SUM(C35:N35) -> 81 | R35: IP Peak Hr | S35: =MAX(S13:S18) -> 101 | T35: =MAX(T13:T18) -> 20 | U35: =MAX(U13:U18) -> 15 | V35: =MAX(V13:V18) -> 72 | W35: =MAX(W13:W18) -> 19 | X35: =MAX(X13:X18) -> 1 | Y35: =MAX(Y13:Y18) -> 16 | Z35: =MAX(Z13:Z18) -> 3 | ... AF35: =MAX(AF13:AF18) -> 385
B36: 13.30 - 13.45 | C36: 15 | D36: 6 | E36: 3 | F36: 15 | G36: 1 | H36: 0 | I36: 2 | J36: 0 | K36: 0 | L36: 0 | M36: 54 | N36: 0 | O36: =SUM(C36:L36,N36) -> 42 | P36: =SUM(C36:N36) -> 96 | R36: PM Peak Hr | S36: =MAX(S19:S21) -> 113 | T36: =MAX(T19:T21) -> 23 | U36: =MAX(U19:U21) -> 22 | V36: =MAX(V19:V21) -> 84 | W36: =MAX(W19:W21) -> 3 | X36: =MAX(X19:X21) -> 2 | Y36: =MAX(Y19:Y21) -> 19 | Z36: =MAX(Z19:Z21) -> 2 | ... AF36: =MAX(AF19:AF21) -> 461
B37: 13.45 - 14.00 | C37: 21 | D37: 4 | E37: 2 | F37: 9 | G37: 0 | H37: 0 | I37: 0 | J37: 0 | K37: 0 | L37: 0 | M37: 20 | N37: 0 | O37: =SUM(C37:L37,N37) -> 36 | P37: =SUM(C37:N37) -> 56 | R37: AM Period | S37: =SUM(S10:S12) -> 399 | T37: =SUM(T10:T12) -> 78 | U37: =SUM(U10:U12) -> 49 | V37: =SUM(V10:V12) -> 214 | W37: =SUM(W10:W12) -> 9 | X37: =SUM(X10:X12) -> 0 | Y37: =SUM(Y10:Y12) -> 21 | Z37: =SUM(Z10:Z12) -> 5 | ... AF37: =SUM(AF10:AF12) -> 1438
B38: 14.00 - 14.15 | C38: 23 | D38: 5 | E38: 1 | F38: 12 | G38: 0 | H38: 0 | I38: 5 | J38: 0 | K38: 0 | L38: 0 | M38: 37 | N38: 0 | O38: =SUM(C38:L38,N38) -> 46 | P38: =SUM(C38:N38) -> 83 | R38: IP Period | S38: =SUM(S13:S18) -> 518 | T38: =SUM(T13:T18) -> 102 | U38: =SUM(U13:U18) -> 63 | V38: =SUM(V13:V18) -> 326 | W38: =SUM(W13:W18) -> 21 | X38: =SUM(X13:X18) -> 1 | Y38: =SUM(Y13:Y18) -> 75 | Z38: =SUM(Z13:Z18) -> 8 | ... AF38: =SUM(AF13:AF18) -> 2086
B39: 14.15 - 14.30 | C39: 25 | D39: 3 | E39: 2 | F39: 12 | G39: 0 | H39: 0 | I39: 2 | J39: 1 | K39: 0 | L39: 0 | M39: 29 | N39: 0 | O39: =SUM(C39:L39,N39) -> 45 | P39: =SUM(C39:N39) -> 74 | R39: PM Period | S39: =SUM(S19:S21) -> 307 | T39: =SUM(T19:T21) -> 51 | U39: =SUM(U19:U21) -> 42 | V39: =SUM(V19:V21) -> 205 | W39: =SUM(W19:W21) -> 6 | X39: =SUM(X19:X21) -> 2 | Y39: =SUM(Y19:Y21) -> 39 | Z39: =SUM(Z19:Z21) -> 3 | ... AF39: =SUM(AF19:AF21) -> 1208
B40: 14.30 - 14.45 | C40: 24 | D40: 7 | E40: 2 | F40: 13 | G40: 0 | H40: 0 | I40: 5 | J40: 0 | K40: 0 | L40: 0 | M40: 49 | N40: 0 | O40: =SUM(C40:L40,N40) -> 51 | P40: =SUM(C40:N40) -> 100 | R40: 12 Hours | S40: =SUM(S10:S21) -> 1224 | T40: =SUM(T10:T21) -> 231 | U40: =SUM(U10:U21) -> 154 | V40: =SUM(V10:V21) -> 745 | W40: =SUM(W10:W21) -> 36 | X40: =SUM(X10:X21) -> 3 | Y40: =SUM(Y10:Y21) -> 135 | Z40: =SUM(Z10:Z21) -> 16 | ... AF40: =SUM(AF10:AF21) -> 4732
B41: 14.45 - 15.00 | C41: 16 | D41: 4 | E41: 4 | F41: 14 | G41: 0 | H41: 0 | I41: 2 | J41: 0 | K41: 0 | L41: 0 | M41: 29 | N41: 0 | O41: =SUM(C41:L41,N41) -> 40 | P41: =SUM(C41:N41) -> 69 | R41: 24 Hrs/ADT | S41: =SUM(S10:S33) -> 1929 | T41: =SUM(T10:T33) -> 431 | U41: =SUM(U10:U33) -> 228 | V41: =SUM(V10:V33) -> 1160 | W41: =SUM(W10:W33) -> 46 | X41: =SUM(X10:X33) -> 4 | Y41: =SUM(Y10:Y33) -> 169 | Z41: =SUM(Z10:Z33) -> 25 | ... AF41: =SUM(AF10:AF33) -> 7336
B42: 15.00 - 15.15 | C42: 22 | D42: 4 | E42: 0 | F42: 16 | G42: 0 | H42: 0 | I42: 3 | J42: 0 | K42: 0 | L42: 0 | M42: 36 | N42: 0 | O42: =SUM(C42:L42,N42) -> 45 | P42: =SUM(C42:N42) -> 81 | R42: NEF | S42: =S41/S40 -> 1.5759804 | T42: =T41/T40 -> 1.8658009 | U42: =U41/U40 -> 1.4805195 | V42: =V41/V40 -> 1.557047 | W42: =W41/W40 -> 1.2777778 | X42: =X41/X40 -> 1.3333333 | Y42: =Y41/Y40 -> 1.2518519 | Z42: =Z41/Z40 -> 1.5625 | ... AF42: =AF41/AF40 -> 1.5502959
B43: 15.15 - 15.30 | C43: 26 | D43: 0 | E43: 8 | F43: 4 | G43: 18 | H43: 1 | I43: 0 | J43: 2 | K43: 0 | L43: 0 | M43: 49 | N43: 0 | O43: =SUM(C43:L43,N43) -> 59 | P43: =SUM(C43:N43) -> 108
B44: 15.30 - 15.45 | C44: 28 | D44: 11 | E44: 0 | F44: 16 | G44: 1 | H44: 0 | I44: 3 | J44: 1 | K44: 0 | L44: 0 | M44: 27 | N44: 0 | O44: =SUM(C44:L44,N44) -> 60 | P44: =SUM(C44:N44) -> 87
B45: 15.45 - 16.00 | C45: 25 | D45: 5 | E45: 0 | F45: 9 | G45: 0 | H45: 0 | I45: 5 | J45: 0 | K45: 1 | L45: 0 | M45: 19 | N45: 0 | O45: =SUM(C45:L45,N45) -> 45 | P45: =SUM(C45:N45) -> 64
B46: 16.00 - 16.15 | C46: 10 | D46: 2 | E46: 2 | F46: 16 | G46: 0 | H46: 0 | I46: 3 | J46: 0 | K46: 0 | L46: 0 | M46: 32 | N46: 0 | O46: =SUM(C46:L46,N46) -> 33 | P46: =SUM(C46:N46) -> 65
B47: 16.15 -16.30 | C47: 24 | D47: 1 | E47: 2 | F47: 17 | G47: 2 | H47: 0 | I47: 1 | J47: 0 | K47: 0 | L47: 0 | M47: 51 | N47: 0 | O47: =SUM(C47:L47,N47) -> 47 | P47: =SUM(C47:N47) -> 98
B48: 16.30 -16.45 | C48: 30 | D48: 3 | E48: 5 | F48: 14 | G48: 1 | H48: 0 | I48: 4 | J48: 0 | K48: 0 | L48: 0 | M48: 48 | N48: 0 | O48: =SUM(C48:L48,N48) -> 57 | P48: =SUM(C48:N48) -> 105
B49: 16.45 -17.00 | C49: 24 | D49: 3 | E49: 1 | F49: 11 | G49: 0 | H49: 0 | I49: 3 | J49: 0 | K49: 0 | L49: 0 | M49: 46 | N49: 0 | O49: =SUM(C49:L49,N49) -> 42 | P49: =SUM(C49:N49) -> 88
B50: 17.00 -17.15 | C50: 22 | D50: 7 | E50: 4 | F50: 9 | G50: 0 | H50: 0 | I50: 8 | J50: 0 | K50: 0 | L50: 0 | M50: 34 | N50: 0 | O50: =SUM(C50:L50,N50) -> 50 | P50: =SUM(C50:N50) -> 84
B51: 17.15 -17.30 | C51: 24 | D51: 3 | E51: 2 | F51: 14 | G51: 0 | H51: 2 | I51: 3 | J51: 1 | K51: 1 | L51: 0 | M51: 52 | N51: 0 | O51: =SUM(C51:L51,N51) -> 50 | P51: =SUM(C51:N51) -> 102
B52: 17.30 -17.45 | C52: 33 | D52: 8 | E52: 2 | F52: 27 | G52: 1 | H52: 0 | I52: 6 | J52: 1 | K52: 0 | L52: 0 | M52: 45 | N52: 0 | O52: =SUM(C52:L52,N52) -> 78 | P52: =SUM(C52:N52) -> 123
B53: 17.45 -18.00 | C53: 27 | D53: 5 | E53: 2 | F53: 13 | G53: 0 | H53: 0 | I53: 2 | J53: 0 | K53: 0 | L53: 0 | M53: 33 | N53: 0 | O53: =SUM(C53:L53,N53) -> 49 | P53: =SUM(C53:N53) -> 82
B54: 18.00 - 18.15 | C54: 27 | D54: 5 | E54: 5 | F54: 21 | G54: 1 | H54: 0 | I54: 5 | J54: 1 | K54: 0 | L54: 1 | M54: 48 | N54: 0 | O54: =SUM(C54:L54,N54) -> 66 | P54: =SUM(C54:N54) -> 114
... B105: 06.45 - 07.00 | C105: 37 | D105: 19 | E105: 2 | F105: 16 | G105: 2 | H105: 0 | I105: 2 | J105: 0 | K105: 0 | L105: 0 | M105: 35 | N105: 0 | O105: =SUM(C105:L105,N105) -> 78 | P105: =SUM(C105:N105) -> 113
B106: Totals | C106: =SUM(C10:C105) -> 1929 | D106: =SUM(D10:D105) -> 431 | E106: =SUM(E10:E105) -> 228 | F106: =SUM(F10:F105) -> 1160 | G106: =SUM(G10:G105) -> 46 | H106: =SUM(H10:H105) -> 4 | I106: =SUM(I10:I105) -> 169 | J106: =SUM(J10:J105) -> 25 | ... P106: =SUM(P10:P105) -> 7336
B107: %ges + MCs | C107: =C106/$P$106 -> 0.26294984 | D107: =D106/$P$106 -> 0.058751363 | E107: =E106/$P$106 -> 0.031079607 | F107: =F106/$P$106 -> 0.15812432 | G107: =G106/$P$106 -> 0.0062704471 | H107: =H106/$P$106 -> 0.00054525627 | I107: =I106/$P$106 -> 0.023037077 | J107: =J106/$P$106 -> 0.0034078517 | ... N107: =N106/$P$106 -> 0
B108: %ges w/o MCs | C108: =C106/$O$106 -> 0.48249125 | D108: =D106/$O$106 -> 0.1078039 | E108: =E106/$O$106 -> 0.057028514 | F108: =F106/$O$106 -> 0.29014507 | G108: =G106/$O$106 -> 0.011505753 | H108: =H106/$O$106 -> 0.0010005003 | I108: =I106/$O$106 -> 0.042271136 | J108: =J106/$O$106 -> 0.0062531266 | ... L108: =L106/$O$106 -> 0.00025012506 | N108: =N106/$O$106 -> 0

Sheet 27.09 Salama-Munyonyo
B1: Consultancy services for Preparation of Expressway Development Master Plan (EDMP) for Uganda
B2: MANUAL CLASSIFIED COUNT (MCC)
B3: ROAD NAME: | C3: ='23.9.19 SALAMA - MUNYONYO'!C3:G3 -> MCC - C2 - STN-51 - SALAMA ROAD
C5: Date | D5: 27.09.19 | F5: Location | G5: ='25.09 MUNYONYO-SALAMA'!G5:H5 -> MUNYONYO P/S | J5: Surveyor | K5: Kenneth
C6: Dir. From | D6: ='23.9.19 SALAMA - MUNYONYO'!D6:E6 -> SALAMA | F6: Dir. To | G6: ='23.9.19 SALAMA - MUNYONYO'!G6:H6 -> MUNYONYO | J6: Supervisor | K6: ='25.09 MUNYONYO-SALAMA'!K6:L6 -> STEVEN
B8: Time / Veh Type | R8: SUMMARY TRAFFIC VOLUMES
C9: 1. Car | D9: 2. Station Wagon | E9: 3. Pickups | F9: 4. Minibus, matatu | G9: 5. Medium bus | H9: 6. Large Bus | I9: 7. Light Truck | J9: 8. Medium Truck | K9: 9. Heavy truck | L9: 10. Truck Trailer | M9: 11. Motor cycles | N9: 12. Tractors | O9: Total Excl M/Cycles | P9: Total All | R9: Time | S9: 1. Car | T9: 2. Station Wagon | U9: 3. Pickups | V9: 4. Minibus, matatu | W9: 5. Medium bus | X9: 6. Large Bus | Y9: 7. Light Truck | Z9: 8. Medium Truck | AA9: 9. Heavy truck | AB9: 10. Truck Trailer | AC9: 11. Motorcycles | AD9: 12. Tractors, Graders | AE9: Total Excl M/ Cycles | AF9: Total All
B10: 07.00 - 07.15 | C10: 24 | D10: 5 | E10: 2 | F10: 18 | G10: 0 | H10: 0 | I10: 0 | J10: 1 | K10: 0 | L10: 0 | M10: 37 | N10: 0 | O10: =SUM(C10:L10,N10) -> 50 | P10: =SUM(C10:N10) -> 87 | R10: 0700-0800 | S10: =SUM(C10:C13) -> 63 | T10: =SUM(D10:D13) -> 13 | U10: =SUM(E10:E13) -> 7 | V10: =SUM(F10:F13) -> 85 | W10: =SUM(G10:G13) -> 2 | X10: =SUM(H10:H13) -> 0 | Y10: =SUM(I10:I13) -> 10 | Z10: =SUM(J10:J13) -> 1 | ... AF10: =SUM(P10:P13) -> 324
B11: 07.15 - 07.30 | C11: 16 | D11: 3 | E11: 1 | F11: 23 | G11: 1 | H11: 0 | I11: 7 | J11: 0 | K11: 0 | L11: 0 | M11: 38 | N11: 0 | O11: =SUM(C11:L11,N11) -> 51 | P11: =SUM(C11:N11) -> 89 | R11: 0800-0900 | S11: =SUM(C14:C17) -> 76 | T11: =SUM(D14:D17) -> 20 | U11: =SUM(E14:E17) -> 13 | V11: =SUM(F14:F17) -> 72 | W11: =SUM(G14:G17) -> 0 | X11: =SUM(H14:H17) -> 0 | Y11: =SUM(I14:I17) -> 15 | Z11: =SUM(J14:J17) -> 2 | ... AF11: =SUM(P14:P17) -> 366
B12: 07.30 - 07.45 | C12: 9 | D12: 4 | E12: 3 | F12: 22 | G12: 0 | H12: 0 | I12: 2 | J12: 0 | K12: 0 | L12: 0 | M12: 35 | N12: 0 | O12: =SUM(C12:L12,N12) -> 40 | P12: =SUM(C12:N12) -> 75 | R12: 0900-1000 | S12: =SUM(C18:C21) -> 68 | T12: =SUM(D18:D21) -> 14 | U12: =SUM(E18:E21) -> 8 | V12: =SUM(F18:F21) -> 87 | W12: =SUM(G18:G21) -> 0 | X12: =SUM(H18:H21) -> 0 | Y12: =SUM(I18:I21) -> 17 | Z12: =SUM(J18:J21) -> 0 | ... AF12: =SUM(P18:P21) -> 347
B13: 07.45 - 08.00 | C13: 14 | D13: 1 | E13: 1 | F13: 22 | G13: 1 | H13: 0 | I13: 1 | J13: 0 | K13: 0 | L13: 0 | M13: 33 | N13: 0 | O13: =SUM(C13:L13,N13) -> 40 | P13: =SUM(C13:N13) -> 73 | R13: 1000-1100 | S13: =SUM(C22:C25) -> 51 | T13: =SUM(D22:D25) -> 10 | U13: =SUM(E22:E25) -> 22 | V13: =SUM(F22:F25) -> 46 | W13: =SUM(G22:G25) -> 0 | X13: =SUM(H22:H25) -> 0 | Y13: =SUM(I22:I25) -> 9 | Z13: =SUM(J22:J25) -> 0 | ... AF13: =SUM(P22:P25) -> 278
B14: 08.00 - 08.15 | C14: 16 | D14: 4 | E14: 4 | F14: 22 | G14: 0 | H14: 0 | I14: 9 | J14: 1 | K14: 0 | L14: 0 | M14: 28 | N14: 0 | O14: =SUM(C14:L14,N14) -> 56 | P14: =SUM(C14:N14) -> 84 | R14: 1100-1200 | S14: =SUM(C26:C29) -> 92 | T14: =SUM(D26:D29) -> 16 | U14: =SUM(E26:E29) -> 5 | V14: =SUM(F26:F29) -> 72 | W14: =SUM(G26:G29) -> 0 | X14: =SUM(H26:H29) -> 0 | Y14: =SUM(I26:I29) -> 7 | Z14: =SUM(J26:J29) -> 4 | ... AF14: =SUM(P26:P29) -> 414
B15: 08.15 - 08.30 | C15: 24 | D15: 3 | E15: 3 | F15: 22 | G15: 0 | H15: 0 | I15: 3 | J15: 0 | K15: 0 | L15: 0 | M15: 44 | N15: 0 | O15: =SUM(C15:L15,N15) -> 55 | P15: =SUM(C15:N15) -> 99 | R15: 1200-1300 | S15: =SUM(C30:C33) -> 130 | T15: =SUM(D30:D33) -> 14 | U15: =SUM(E30:E33) -> 23 | V15: =SUM(F30:F33) -> 73 | W15: =SUM(G30:G33) -> 0 | X15: =SUM(H30:H33) -> 0 | Y15: =SUM(I30:I33) -> 30 | Z15: =SUM(J30:J33) -> 4 | ... AF15: =SUM(P30:P33) -> 456
B16: 08.30 - 08.45 | C16: 20 | D16: 6 | E16: 2 | F16: 12 | G16: 0 | H16: 0 | I16: 0 | J16: 0 | K16: 0 | L16: 0 | M16: 52 | N16: 0 | O16: =SUM(C16:L16,N16) -> 40 | P16: =SUM(C16:N16) -> 92 | R16: 1300-1400 | S16: =SUM(C34:C37) -> 84 | T16: =SUM(D34:D37) -> 4 | U16: =SUM(E34:E37) -> 10 | V16: =SUM(F34:F37) -> 65 | W16: =SUM(G34:G37) -> 1 | X16: =SUM(H34:H37) -> 0 | Y16: =SUM(I34:I37) -> 20 | Z16: =SUM(J34:J37) -> 3 | ... AF16: =SUM(P34:P37) -> 349
B17: 08.45 - 9.00 | C17: 16 | D17: 7 | E17: 4 | F17: 16 | G17: 0 | H17: 0 | I17: 3 | J17: 1 | K17: 0 | L17: 0 | M17: 44 | N17: 0 | O17: =SUM(C17:L17,N17) -> 47 | P17: =SUM(C17:N17) -> 91 | R17: 1400-1500 | S17: =SUM(C38:C41) -> 99 | T17: =SUM(D38:D41) -> 7 | U17: =SUM(E38:E41) -> 10 | V17: =SUM(F38:F41) -> 88 | W17: =SUM(G38:G41) -> 0 | X17: =SUM(H38:H41) -> 0 | Y17: =SUM(I38:I41) -> 16 | Z17: =SUM(J38:J41) -> 4 | ... AF17: =SUM(P38:P41) -> 368
B18: 09.00 - 09.15 | C18: 19 | D18: 7 | E18: 3 | F18: 25 | G18: 0 | H18: 0 | I18: 2 | J18: 0 | K18: 0 | L18: 0 | M18: 36 | N18: 0 | O18: =SUM(C18:L18,N18) -> 56 | P18: =SUM(C18:N18) -> 92 | R18: 1500-1600 | S18: =SUM(C42:C45) -> 105 | T18: =SUM(D42:D45) -> 14 | U18: =SUM(E42:E45) -> 6 | V18: =SUM(F42:F45) -> 58 | W18: =SUM(G42:G45) -> 0 | X18: =SUM(H42:H45) -> 0 | Y18: =SUM(I42:I45) -> 7 | Z18: =SUM(J42:J45) -> 2 | ... AF18: =SUM(P42:P45) -> 296
B19: 09.15 - 09.30 | C19: 14 | D19: 4 | E19: 3 | F19: 20 | G19: 0 | H19: 0 | I19: 0 | J19: 0 | K19: 0 | L19: 0 | M19: 35 | N19: 0 | O19: =SUM(C19:L19,N19) -> 41 | P19: =SUM(C19:N19) -> 76 | R19: 1600-1700 | S19: =SUM(C46:C49) -> 109 | T19: =SUM(D46:D49) -> 13 | U19: =SUM(E46:E49) -> 6 | V19: =SUM(F46:F49) -> 65 | W19: =SUM(G46:G49) -> 0 | X19: =SUM(H46:H49) -> 0 | Y19: =SUM(I46:I49) -> 7 | Z19: =SUM(J46:J49) -> 0 | ... AF19: =SUM(P46:P49) -> 346
B20: 09.30 - 09.45 | C20: 12 | D20: 1 | E20: 2 | F20: 16 | G20: 0 | H20: 0 | I20: 2 | J20: 0 | K20: 0 | L20: 0 | M20: 43 | N20: 0 | O20: =SUM(C20:L20,N20) -> 33 | P20: =SUM(C20:N20) -> 76 | R20: 1700-1800 | S20: =SUM(C50:C53) -> 136 | T20: =SUM(D50:D53) -> 10 | U20: =SUM(E50:E53) -> 16 | V20: =SUM(F50:F53) -> 104 | W20: =SUM(G50:G53) -> 1 | X20: =SUM(H50:H53) -> 0 | Y20: =SUM(I50:I53) -> 5 | Z20: =SUM(J50:J53) -> 2 | ... AF20: =SUM(P50:P53) -> 433
B21: 09.45 - 10.00 | C21: 23 | D21: 2 | E21: 0 | F21: 26 | G21: 0 | H21: 0 | I21: 13 | J21: 0 | K21: 0 | L21: 0 | M21: 39 | N21: 0 | O21: =SUM(C21:L21,N21) -> 64 | P21: =SUM(C21:N21) -> 103 | R21: 1800-1900 | S21: =SUM(C54:C57) -> 204 | T21: =SUM(D54:D57) -> 20 | U21: =SUM(E54:E57) -> 13 | V21: =SUM(F54:F57) -> 128 | W21: =SUM(G54:G57) -> 2 | X21: =SUM(H54:H57) -> 0 | Y21: =SUM(I54:I57) -> 13 | Z21: =SUM(J54:J57) -> 0 | ... AF21: =SUM(P54:P57) -> 540
B22: 10.00 - 10.15 | C22: 9 | D22: 0 | E22: 7 | F22: 10 | G22: 0 | H22: 0 | I22: 3 | J22: 0 | K22: 1 | L22: 0 | M22: 38 | N22: 0 | O22: =SUM(C22:L22,N22) -> 30 | P22: =SUM(C22:N22) -> 68 | R22: AM Peak Hr | S22: =MAX(S10:S12) -> 76 | T22: =MAX(T10:T12) -> 20 | U22: =MAX(U10:U12) -> 13 | V22: =MAX(V10:V12) -> 87 | W22: =MAX(W10:W12) -> 2 | X22: =MAX(X10:X12) -> 0 | Y22: =MAX(Y10:Y12) -> 17 | Z22: =MAX(Z10:Z12) -> 2 | ... AF22: =MAX(AF10:AF12) -> 366
B23: 10.15 - 10.30 | C23: 18 | D23: 4 | E23: 5 | F23: 10 | G23: 0 | H23: 0 | I23: 3 | J23: 0 | K23: 0 | L23: 0 | M23: 38 | N23: 0 | O23: =SUM(C23:L23,N23) -> 40 | P23: =SUM(C23:N23) -> 78 | R23: IP Peak Hr | S23: =MAX(S13:S18) -> 130 | T23: =MAX(T13:T18) -> 16 | U23: =MAX(U13:U18) -> 23 | V23: =MAX(V13:V18) -> 88 | W23: =MAX(W13:W18) -> 1 | X23: =MAX(X13:X18) -> 0 | Y23: =MAX(Y13:Y18) -> 30 | Z23: =MAX(Z13:Z18) -> 4 | ... AF23: =MAX(AF13:AF18) -> 456
B24: 10.30 - 10.45 | C24: 5 | D24: 2 | E24: 8 | F24: 9 | G24: 0 | H24: 0 | I24: 0 | J24: 0 | K24: 0 | L24: 0 | M24: 29 | N24: 0 | O24: =SUM(C24:L24,N24) -> 24 | P24: =SUM(C24:N24) -> 53 | R24: PM Peak Hr | S24: =MAX(S19:S21) -> 204 | T24: =MAX(T19:T21) -> 20 | U24: =MAX(U19:U21) -> 16 | V24: =MAX(V19:V21) -> 128 | W24: =MAX(W19:W21) -> 2 | X24: =MAX(X19:X21) -> 0 | Y24: =MAX(Y19:Y21) -> 13 | Z24: =MAX(Z19:Z21) -> 2 | ... AF24: =MAX(AF19:AF21) -> 540
B25: 10.45 - 11.00 | C25: 19 | D25: 4 | E25: 2 | F25: 17 | G25: 0 | H25: 0 | I25: 3 | J25: 0 | K25: 0 | L25: 0 | M25: 34 | N25: 0 | O25: =SUM(C25:L25,N25) -> 45 | P25: =SUM(C25:N25) -> 79 | R25: AM Period | S25: =SUM(S10:S12) -> 207 | T25: =SUM(T10:T12) -> 47 | U25: =SUM(U10:U12) -> 28 | V25: =SUM(V10:V12) -> 244 | W25: =SUM(W10:W12) -> 2 | X25: =SUM(X10:X12) -> 0 | Y25: =SUM(Y10:Y12) -> 42 | Z25: =SUM(Z10:Z12) -> 3 | ... AF25: =SUM(AF10:AF12) -> 1037
B26: 11.00 - 11.15 | C26: 30 | D26: 10 | E26: 1 | F26: 18 | G26: 0 | H26: 0 | I26: 0 | J26: 1 | K26: 0 | L26: 0 | M26: 52 | N26: 0 | O26: =SUM(C26:L26,N26) -> 60 | P26: =SUM(C26:N26) -> 112 | R26: IP Period | S26: =SUM(S13:S18) -> 561 | T26: =SUM(T13:T18) -> 65 | U26: =SUM(U13:U18) -> 76 | V26: =SUM(V13:V18) -> 402 | W26: =SUM(W13:W18) -> 1 | X26: =SUM(X13:X18) -> 0 | Y26: =SUM(Y13:Y18) -> 89 | Z26: =SUM(Z13:Z18) -> 17 | ... AF26: =SUM(AF13:AF18) -> 2161
B27: 11.15 - 11.30 | C27: 19 | D27: 2 | E27: 1 | F27: 19 | G27: 0 | H27: 0 | I27: 4 | J27: 1 | K27: 0 | L27: 1 | M27: 54 | N27: 0 | O27: =SUM(C27:L27,N27) -> 47 | P27: =SUM(C27:N27) -> 101 | R27: PM Period | S27: =SUM(S19:S21) -> 449 | T27: =SUM(T19:T21) -> 43 | U27: =SUM(U19:U21) -> 35 | V27: =SUM(V19:V21) -> 297 | W27: =SUM(W19:W21) -> 3 | X27: =SUM(X19:X21) -> 0 | Y27: =SUM(Y19:Y21) -> 25 | Z27: =SUM(Z19:Z21) -> 2 | ... AF27: =SUM(AF19:AF21) -> 1319
B28: 11.30 - 11.45 | C28: 29 | D28: 2 | E28: 2 | F28: 10 | G28: 0 | H28: 0 | I28: 2 | J28: 0 | K28: 0 | L28: 0 | M28: 43 | N28: 0 | O28: =SUM(C28:L28,N28) -> 45 | P28: =SUM(C28:N28) -> 88 | R28: 12 Hours | S28: =SUM(S10:S21) -> 1217 | T28: =SUM(T10:T21) -> 155 | U28: =SUM(U10:U21) -> 139 | V28: =SUM(V10:V21) -> 943 | W28: =SUM(W10:W21) -> 6 | X28: =SUM(X10:X21) -> 0 | Y28: =SUM(Y10:Y21) -> 156 | Z28: =SUM(Z10:Z21) -> 22 | ... AF28: =SUM(AF10:AF21) -> 4517
B29: 11.45 - 12.00 | C29: 14 | D29: 2 | E29: 1 | F29: 25 | G29: 0 | H29: 0 | I29: 1 | J29: 2 | K29: 0 | L29: 0 | M29: 68 | N29: 0 | O29: =SUM(C29:L29,N29) -> 45 | P29: =SUM(C29:N29) -> 113
B30: 12.00 - 12.15 | C30: 36 | D30: 2 | E30: 2 | F30: 16 | G30: 0 | H30: 0 | I30: 10 | J30: 0 | K30: 0 | L30: 0 | M30: 38 | N30: 0 | O30: =SUM(C30:L30,N30) -> 66 | P30: =SUM(C30:N30) -> 104
B31: 12.15 - 12.30 | C31: 34 | D31: 5 | E31: 13 | F31: 21 | G31: 0 | H31: 0 | I31: 5 | J31: 0 | K31: 0 | L31: 0 | M31: 49 | N31: 0 | O31: =SUM(C31:L31,N31) -> 78 | P31: =SUM(C31:N31) -> 127
B32: 12.30 - 12.45 | C32: 35 | D32: 2 | E32: 5 | F32: 18 | G32: 0 | H32: 0 | I32: 8 | J32: 2 | K32: 0 | L32: 1 | M32: 46 | N32: 0 | O32: =SUM(C32:L32,N32) -> 71 | P32: =SUM(C32:N32) -> 117
B33: 12.45 - 13.00 | C33: 25 | D33: 5 | E33: 3 | F33: 18 | G33: 0 | H33: 0 | I33: 7 | J33: 2 | K33: 0 | L33: 0 | M33: 48 | N33: 0 | O33: =SUM(C33:L33,N33) -> 60 | P33: =SUM(C33:N33) -> 108
B34: 13.00 - 13.15 | C34: 27 | D34: 0 | E34: 3 | F34: 16 | G34: 0 | H34: 0 | I34: 4 | J34: 2 | K34: 0 | L34: 0 | M34: 57 | N34: 0 | O34: =SUM(C34:L34,N34) -> 52 | P34: =SUM(C34:N34) -> 109
B35: 13.15 - 13.30 | C35: 19 | D35: 0 | E35: 3 | F35: 23 | G35: 1 | H35: 0 | I35: 5 | J35: 1 | K35: 0 | L35: 1 | M35: 35 | N35: 0 | O35: =SUM(C35:L35,N35) -> 53 | P35: =SUM(C35:N35) -> 88
B36: 13.30 - 13.45 | C36: 16 | D36: 2 | E36: 2 | F36: 11 | G36: 0 | H36: 0 | I36: 3 | J36: 0 | K36: 1 | L36: 0 | M36: 36 | N36: 0 | O36: =SUM(C36:L36,N36) -> 35 | P36: =SUM(C36:N36) -> 71
B37: 13.45 - 14.00 | C37: 22 | D37: 2 | E37: 2 | F37: 15 | G37: 0 | H37: 0 | I37: 8 | J37: 0 | K37: 0 | L37: 0 | M37: 32 | N37: 0 | O37: =SUM(C37:L37,N37) -> 49 | P37: =SUM(C37:N37) -> 81
B38: 14.00 - 14.15 | C38: 24 | D38: 0 | E38: 3 | F38: 23 | G38: 0 | H38: 0 | I38: 3 | J38: 0 | K38: 0 | L38: 0 | M38: 40 | N38: 0 | O38: =SUM(C38:L38,N38) -> 53 | P38: =SUM(C38:N38) -> 93
B39: 14.15 - 14.30 | C39: 24 | D39: 2 | E39: 1 | F39: 19 | G39: 0 | H39: 0 | I39: 11 | J39: 0 | K39: 0 | L39: 0 | M39: 21 | N39: 0 | O39: =SUM(C39:L39,N39) -> 57 | P39: =SUM(C39:N39) -> 78
B40: 14.30 - 14.45 | C40: 24 | D40: 3 | E40: 2 | F40: 18 | G40: 0 | H40: 0 | I40: 0 | J40: 0 | K40: 0 | L40: 0 | M40: 39 | N40: 1 | O40: =SUM(C40:L40,N40) -> 48 | P40: =SUM(C40:N40) -> 87
... B57: 18.45 - 19.00 | C57: 44 | D57: 5 | E57: 2 | F57: 34 | G57: 0 | H57: 0 | I57: 5 | J57: 0 | K57: 0 | L57: 0 | M57: 32 | N57: 0 | O57: =SUM(C57:L57,N57) -> 90 | P57: =SUM(C57:N57) -> 122
B58: Totals | C58: =SUM(C10:C57) -> 1217 | D58: =SUM(D10:D57) -> 155 | E58: =SUM(E10:E57) -> 139 | F58: =SUM(F10:F57) -> 943 | G58: =SUM(G10:G57) -> 6 | H58: =SUM(H10:H57) -> 0 | I58: =SUM(I10:I57) -> 156 | J58: =SUM(J10:J57) -> 22 | ... P58: =SUM(P10:P57) -> 4517
B59: %ges + MCs | C59: =C58/$P$58 -> 0.26942661 | D59: =D58/$P$58 -> 0.034314811 | E59: =E58/$P$58 -> 0.030772637 | F59: =F58/$P$58 -> 0.20876688 | G59: =G58/$P$58 -> 0.0013283153 | H59: =H58/$P$58 -> 0 | I59: =I58/$P$58 -> 0.034536197 | J59: =J58/$P$58 -> 0.0048704893 | ... N59: =N58/$P$58 -> 0.00022138588
B60: %ges w/o MCs | C60: =C58/$O$58 -> 0.46028744 | D60: =D58/$O$58 -> 0.058623298 | E60: =E58/$O$58 -> 0.052571861 | F60: =F58/$O$58 -> 0.35665658 | G60: =G58/$O$58 -> 0.002269289 | H60: =H58/$O$58 -> 0 | I60: =I58/$O$58 -> 0.059001513 | J60: =J58/$O$58 -> 0.0083207262 | ... L60: =L58/$O$58 -> 0.0011346445 | N60: =N58/$O$58 -> 0.00037821483

Sheet 27.09 Munyonyo-Salama
B1: Consultancy services for Preparation of Expressway Development Master Plan (EDMP) for Uganda
B2: MANUAL CLASSIFIED COUNT (MCC)
B3: ROAD NAME: | C3: ='23.9.19-MUNYONYO-SALAMA'!C3:G3 -> MCC - C2 - STN-51 - SALAMA ROAD
C5: Date | D5: ='27.09 Salama-Munyonyo'!D5 -> 27.09.19 | F5: Location | G5: ='27.09 Salama-Munyonyo'!G5:H5 -> MUNYONYO P/S | J5: Surveyor | K5: Oloya
C6: Dir. From | D6: ='23.9.19-MUNYONYO-SALAMA'!D6:E6 -> MUNYONYO | F6: Dir. To | G6: ='23.9.19-MUNYONYO-SALAMA'!G6:H6 -> SALAMA | J6: Supervisor | K6: ='27.09 Salama-Munyonyo'!K6:L6 -> STEVEN
B8: Time / Veh Type | R8: SUMMARY TRAFFIC VOLUMES
C9: 1. Car | D9: 2. Station Wagon | E9: 3. Pickups | F9: 4. Minibus, matatu | G9: 5. Medium bus | H9: 6. Large Bus | I9: 7. Light Truck | J9: 8. Medium Truck | K9: 9. Heavy truck | L9: 10. Truck Trailer | M9: 11. Motor cycles | N9: 12. Tractors | O9: Total Excl M/Cycles | P9: Total All | R9: Time | S9: 1. Car | T9: 2. Station Wagon | U9: 3. Pickups | V9: 4. Minibus, matatu | W9: 5. Medium bus | X9: 6. Large Bus | Y9: 7. Light Truck | Z9: 8. Medium Truck | AA9: 9. Heavy truck | AB9: 10. Truck Trailer | AC9: 11. Motorcycles | AD9: 12. Tractors, Graders | AE9: Total Excl M/ Cycles | AF9: Total All
B10: 07.00 - 07.15 | C10: 30 | D10: 16 | E10: 3 | F10: 13 | G10: 1 | H10: 0 | I10: 2 | J10: 0 | K10: 0 | L10: 0 | M10: 34 | N10: 0 | O10: =SUM(C10:L10,N10) -> 65 | P10: =SUM(C10:N10) -> 99 | R10: 0700-0800 | S10: =SUM(C10:C13) -> 181 | T10: =SUM(D10:D13) -> 42 | U10: =SUM(E10:E13) -> 17 | V10: =SUM(F10:F13) -> 70 | W10: =SUM(G10:G13) -> 3 | X10: =SUM(H10:H13) -> 0 | Y10: =SUM(I10:I13) -> 6 | Z10: =SUM(J10:J13) -> 3 | ... AF10: =SUM(P10:P13) -> 539
B11: 07.15 - 07.30 | C11: 62 | D11: 8 | E11: 5 | F11: 23 | G11: 1 | H11: 0 | I11: 0 | J11: 1 | K11: 0 | L11: 0 | M11: 57 | N11: 0 | O11: =SUM(C11:L11,N11) -> 100 | P11: =SUM(C11:N11) -> 157 | R11: 0800-0900 | S11: =SUM(C14:C17) -> 130 | T11: =SUM(D14:D17) -> 22 | U11: =SUM(E14:E17) -> 14 | V11: =SUM(F14:F17) -> 78 | W11: =SUM(G14:G17) -> 0 | X11: =SUM(H14:H17) -> 0 | Y11: =SUM(I14:I17) -> 8 | Z11: =SUM(J14:J17) -> 1 | ... AF11: =SUM(P14:P17) -> 472
B12: 07.30 - 07.45 | C12: 46 | D12: 7 | E12: 5 | F12: 15 | G12: 0 | H12: 0 | I12: 2 | J12: 1 | K12: 0 | L12: 0 | M12: 56 | N12: 0 | O12: =SUM(C12:L12,N12) -> 76 | P12: =SUM(C12:N12) -> 132 | R12: 0900-1000 | S12: =SUM(C18:C21) -> 91 | T12: =SUM(D18:D21) -> 16 | U12: =SUM(E18:E21) -> 17 | V12: =SUM(F18:F21) -> 66 | W12: =SUM(G18:G21) -> 0 | X12: =SUM(H18:H21) -> 0 | Y12: =SUM(I18:I21) -> 7 | Z12: =SUM(J18:J21) -> 2 | ... AF12: =SUM(P18:P21) -> 395
B13: 07.45 - 08.00 | C13: 43 | D13: 11 | E13: 4 | F13: 19 | G13: 1 | H13: 0 | I13: 2 | J13: 1 | K13: 0 | L13: 0 | M13: 70 | N13: 0 | O13: =SUM(C13:L13,N13) -> 81 | P13: =SUM(C13:N13) -> 151 | R13: 1000-1100 | S13: =SUM(C22:C25) -> 68 | T13: =SUM(D22:D25) -> 19 | U13: =SUM(E22:E25) -> 8 | V13: =SUM(F22:F25) -> 49 | W13: =SUM(G22:G25) -> 0 | X13: =SUM(H22:H25) -> 0 | Y13: =SUM(I22:I25) -> 11 | Z13: =SUM(J22:J25) -> 2 | ... AF13: =SUM(P22:P25) -> 335
B14: 08.00 - 08.15 | C14: 32 | D14: 2 | E14: 7 | F14: 19 | G14: 0 | H14: 0 | I14: 3 | J14: 0 | K14: 0 | L14: 0 | M14: 45 | N14: 0 | O14: =SUM(C14:L14,N14) -> 63 | P14: =SUM(C14:N14) -> 108 | R14: 1100-1200 | S14: =SUM(C26:C29) -> 64 | T14: =SUM(D26:D29) -> 15 | U14: =SUM(E26:E29) -> 5 | V14: =SUM(F26:F29) -> 57 | W14: =SUM(G26:G29) -> 0 | X14: =SUM(H26:H29) -> 0 | Y14: =SUM(I26:I29) -> 16 | Z14: =SUM(J26:J29) -> 0 | ... AF14: =SUM(P26:P29) -> 370
B15: 08.15 - 08.30 | C15: 33 | D15: 3 | E15: 1 | F15: 26 | G15: 0 | H15: 0 | I15: 3 | J15: 0 | K15: 0 | L15: 0 | M15: 71 | N15: 0 | O15: =SUM(C15:L15,N15) -> 66 | P15: =SUM(C15:N15) -> 137 | R15: 1200-1300 | S15: =SUM(C30:C33) -> 69 | T15: =SUM(D30:D33) -> 15 | U15: =SUM(E30:E33) -> 12 | V15: =SUM(F30:F33) -> 58 | W15: =SUM(G30:G33) -> 3 | X15: =SUM(H30:H33) -> 0 | Y15: =SUM(I30:I33) -> 20 | Z15: =SUM(J30:J33) -> 1 | ... AF15: =SUM(P30:P33) -> 363
B16: 08.30 - 08.45 | C16: 40 | D16: 10 | E16: 3 | F16: 19 | G16: 0 | H16: 0 | I16: 0 | J16: 0 | K16: 0 | L16: 0 | M16: 57 | N16: 0 | O16: =SUM(C16:L16,N16) -> 72 | P16: =SUM(C16:N16) -> 129 | R16: 1300-1400 | S16: =SUM(C34:C37) -> 62 | T16: =SUM(D34:D37) -> 13 | U16: =SUM(E34:E37) -> 15 | V16: =SUM(F34:F37) -> 51 | W16: =SUM(G34:G37) -> 0 | X16: =SUM(H34:H37) -> 0 | Y16: =SUM(I34:I37) -> 19 | Z16: =SUM(J34:J37) -> 3 | ... AF16: =SUM(P34:P37) -> 309
B17: 08.45 - 9.00 | C17: 25 | D17: 7 | E17: 3 | F17: 14 | G17: 0 | H17: 0 | I17: 2 | J17: 1 | K17: 0 | L17: 0 | M17: 46 | N17: 0 | O17: =SUM(C17:L17,N17) -> 52 | P17: =SUM(C17:N17) -> 98 | R17: 1400-1500 | S17: =SUM(C38:C41) -> 104 | T17: =SUM(D38:D41) -> 20 | U17: =SUM(E38:E41) -> 16 | V17: =SUM(F38:F41) -> 55 | W17: =SUM(G38:G41) -> 0 | X17: =SUM(H38:H41) -> 0 | Y17: =SUM(I38:I41) -> 22 | Z17: =SUM(J38:J41) -> 4 | ... AF17: =SUM(P38:P41) -> 378
B18: 09.00 - 09.15 | C18: 33 | D18: 7 | E18: 11 | F18: 16 | G18: 0 | H18: 0 | I18: 1 | J18: 0 | K18: 0 | L18: 0 | M18: 58 | N18: 0 | O18: =SUM(C18:L18,N18) -> 68 | P18: =SUM(C18:N18) -> 126 | R18: 1500-1600 | S18: =SUM(C42:C45) -> 105 | T18: =SUM(D42:D45) -> 12 | U18: =SUM(E42:E45) -> 12 | V18: =SUM(F42:F45) -> 57 | W18: =SUM(G42:G45) -> 0 | X18: =SUM(H42:H45) -> 0 | Y18: =SUM(I42:I45) -> 12 | Z18: =SUM(J42:J45) -> 3 | ... AF18: =SUM(P42:P45) -> 304
B19: 09.15 - 09.30 | C19: 19 | D19: 3 | E19: 2 | F19: 19 | G19: 0 | H19: 0 | I19: 4 | J19: 1 | K19: 0 | L19: 0 | M19: 26 | N19: 0 | O19: =SUM(C19:L19,N19) -> 48 | P19: =SUM(C19:N19) -> 74 | R19: 1600-1700 | S19: =SUM(C46:C49) -> 89 | T19: =SUM(D46:D49) -> 14 | U19: =SUM(E46:E49) -> 7 | V19: =SUM(F46:F49) -> 57 | W19: =SUM(G46:G49) -> 1 | X19: =SUM(H46:H49) -> 0 | Y19: =SUM(I46:I49) -> 18 | Z19: =SUM(J46:J49) -> 2 | ... AF19: =SUM(P46:P49) -> 360
B20: 09.30 - 09.45 | C20: 20 | D20: 2 | E20: 2 | F20: 20 | G20: 0 | H20: 0 | I20: 0 | J20: 0 | K20: 0 | L20: 0 | M20: 63 | N20: 0 | O20: =SUM(C20:L20,N20) -> 44 | P20: =SUM(C20:N20) -> 107 | R20: 1700-1800 | S20: =SUM(C50:C53) -> 104 | T20: =SUM(D50:D53) -> 28 | U20: =SUM(E50:E53) -> 10 | V20: =SUM(F50:F53) -> 60 | W20: =SUM(G50:G53) -> 1 | X20: =SUM(H50:H53) -> 1 | Y20: =SUM(I50:I53) -> 11 | Z20: =SUM(J50:J53) -> 1 | ... AF20: =SUM(P50:P53) -> 428
B21: 09.45 - 10.00 | C21: 19 | D21: 4 | E21: 2 | F21: 11 | G21: 0 | H21: 0 | I21: 2 | J21: 1 | K21: 0 | L21: 0 | M21: 49 | N21: 0 | O21: =SUM(C21:L21,N21) -> 39 | P21: =SUM(C21:N21) -> 88 | R21: 1800-1900 | S21: =SUM(C54:C57) -> 119 | T21: =SUM(D54:D57) -> 18 | U21: =SUM(E54:E57) -> 22 | V21: =SUM(F54:F57) -> 85 | W21: =SUM(G54:G57) -> 3 | X21: =SUM(H54:H57) -> 0 | Y21: =SUM(I54:I57) -> 10 | Z21: =SUM(J54:J57) -> 2 | ... AF21: =SUM(P54:P57) -> 494
B22: 10.00 - 10.15 | C22: 19 | D22: 8 | E22: 1 | F22: 16 | G22: 0 | H22: 0 | I22: 3 | J22: 0 | K22: 0 | L22: 0 | M22: 38 | N22: 0 | O22: =SUM(C22:L22,N22) -> 47 | P22: =SUM(C22:N22) -> 85 | R22: AM Peak Hr | S22: =MAX(S10:S12) -> 181 | T22: =MAX(T10:T12) -> 42 | U22: =MAX(U10:U12) -> 17 | V22: =MAX(V10:V12) -> 78 | W22: =MAX(W10:W12) -> 3 | X22: =MAX(X10:X12) -> 0 | Y22: =MAX(Y10:Y12) -> 8 | Z22: =MAX(Z10:Z12) -> 3 | ... AF22: =MAX(AF10:AF12) -> 539
B23: 10.15 - 10.30 | C23: 15 | D23: 3 | E23: 0 | F23: 10 | G23: 0 | H23: 0 | I23: 4 | J23: 0 | K23: 0 | L23: 0 | M23: 44 | N23: 0 | O23: =SUM(C23:L23,N23) -> 32 | P23: =SUM(C23:N23) -> 76 | R23: IP Peak Hr | S23: =MAX(S13:S18) -> 105 | T23: =MAX(T13:T18) -> 20 | U23: =MAX(U13:U18) -> 16 | V23: =MAX(V13:V18) -> 58 | W23: =MAX(W13:W18) -> 3 | X23: =MAX(X13:X18) -> 0 | Y23: =MAX(Y13:Y18) -> 22 | Z23: =MAX(Z13:Z18) -> 4 | ... AF23: =MAX(AF13:AF18) -> 378
B24: 10.30 - 10.45 | C24: 21 | D24: 6 | E24: 3 | F24: 7 | G24: 0 | H24: 0 | I24: 2 | J24: 0 | K24: 1 | L24: 0 | M24: 56 | N24: 0 | O24: =SUM(C24:L24,N24) -> 40 | P24: =SUM(C24:N24) -> 96 | R24: PM Peak Hr | S24: =MAX(S19:S21) -> 119 | T24: =MAX(T19:T21) -> 28 | U24: =MAX(U19:U21) -> 22 | V24: =MAX(V19:V21) -> 85 | W24: =MAX(W19:W21) -> 3 | X24: =MAX(X19:X21) -> 1 | Y24: =MAX(Y19:Y21) -> 18 | Z24: =MAX(Z19:Z21) -> 2 | ... AF24: =MAX(AF19:AF21) -> 494
B25: 10.45 - 11.00 | C25: 13 | D25: 2 | E25: 4 | F25: 16 | G25: 0 | H25: 0 | I25: 2 | J25: 2 | K25: 0 | L25: 0 | M25: 39 | N25: 0 | O25: =SUM(C25:L25,N25) -> 39 | P25: =SUM(C25:N25) -> 78 | R25: AM Period | S25: =SUM(S10:S12) -> 402 | T25: =SUM(T10:T12) -> 80 | U25: =SUM(U10:U12) -> 48 | V25: =SUM(V10:V12) -> 214 | W25: =SUM(W10:W12) -> 3 | X25: =SUM(X10:X12) -> 0 | Y25: =SUM(Y10:Y12) -> 21 | Z25: =SUM(Z10:Z12) -> 6 | ... AF25: =SUM(AF10:AF12) -> 1406
B26: 11.00 - 11.15 | C26: 18 | D26: 5 | E26: 1 | F26: 14 | G26: 0 | H26: 0 | I26: 3 | J26: 0 | K26: 1 | L26: 0 | M26: 59 | N26: 0 | O26: =SUM(C26:L26,N26) -> 42 | P26: =SUM(C26:N26) -> 101 | R26: IP Period | S26: =SUM(S13:S18) -> 472 | T26: =SUM(T13:T18) -> 94 | U26: =SUM(U13:U18) -> 68 | V26: =SUM(V13:V18) -> 327 | W26: =SUM(W13:W18) -> 3 | X26: =SUM(X13:X18) -> 0 | Y26: =SUM(Y13:Y18) -> 100 | Z26: =SUM(Z13:Z18) -> 13 | ... AF26: =SUM(AF13:AF18) -> 2059
B27: 11.15 - 11.30 | C27: 17 | D27: 2 | E27: 1 | F27: 19 | G27: 0 | H27: 0 | I27: 2 | J27: 0 | K27: 0 | L27: 0 | M27: 45 | N27: 0 | O27: =SUM(C27:L27,N27) -> 41 | P27: =SUM(C27:N27) -> 86 | R27: PM Period | S27: =SUM(S19:S21) -> 312 | T27: =SUM(T19:T21) -> 60 | U27: =SUM(U19:U21) -> 39 | V27: =SUM(V19:V21) -> 202 | W27: =SUM(W19:W21) -> 5 | X27: =SUM(X19:X21) -> 1 | Y27: =SUM(Y19:Y21) -> 39 | Z27: =SUM(Z19:Z21) -> 5 | ... AF27: =SUM(AF19:AF21) -> 1282
B28: 11.30 - 11.45 | C28: 20 | D28: 4 | E28: 0 | F28: 15 | G28: 0 | H28: 0 | I28: 3 | J28: 0 | K28: 0 | L28: 0 | M28: 52 | N28: 0 | O28: =SUM(C28:L28,N28) -> 42 | P28: =SUM(C28:N28) -> 94 | R28: 12 Hours | S28: =SUM(S10:S21) -> 1186 | T28: =SUM(T10:T21) -> 234 | U28: =SUM(U10:U21) -> 155 | V28: =SUM(V10:V21) -> 743 | W28: =SUM(W10:W21) -> 11 | X28: =SUM(X10:X21) -> 1 | Y28: =SUM(Y10:Y21) -> 160 | Z28: =SUM(Z10:Z21) -> 24 | ... AF28: =SUM(AF10:AF21) -> 4747
B29: 11.45 - 12.00 | C29: 9 | D29: 4 | E29: 3 | F29: 9 | G29: 0 | H29: 0 | I29: 8 | J29: 0 | K29: 0 | L29: 0 | M29: 56 | N29: 0 | O29: =SUM(C29:L29,N29) -> 33 | P29: =SUM(C29:N29) -> 89
B30: 12.00 - 12.15 | C30: 21 | D30: 2 | E30: 0 | F30: 16 | G30: 0 | H30: 0 | I30: 4 | J30: 0 | K30: 0 | L30: 0 | M30: 43 | N30: 0 | O30: =SUM(C30:L30,N30) -> 43 | P30: =SUM(C30:N30) -> 86
B31: 12.15 - 12.30 | C31: 12 | D31: 1 | E31: 3 | F31: 17 | G31: 1 | H31: 0 | I31: 7 | J31: 0 | K31: 0 | L31: 0 | M31: 42 | N31: 0 | O31: =SUM(C31:L31,N31) -> 41 | P31: =SUM(C31:N31) -> 83
B32: 12.30 - 12.45 | C32: 19 | D32: 8 | E32: 4 | F32: 11 | G32: 0 | H32: 0 | I32: 5 | J32: 0 | K32: 0 | L32: 0 | M32: 55 | N32: 0 | O32: =SUM(C32:L32,N32) -> 47 | P32: =SUM(C32:N32) -> 102
B33: 12.45 - 13.00 | C33: 17 | D33: 4 | E33: 5 | F33: 14 | G33: 2 | H33: 0 | I33: 4 | J33: 1 | K33: 0 | L33: 0 | M33: 45 | N33: 0 | O33: =SUM(C33:L33,N33) -> 47 | P33: =SUM(C33:N33) -> 92
B34: 13.00 - 13.15 | C34: 17 | D34: 2 | E34: 4 | F34: 11 | G34: 0 | H34: 0 | I34: 7 | J34: 1 | K34: 0 | L34: 0 | M34: 43 | N34: 0 | O34: =SUM(C34:L34,N34) -> 42 | P34: =SUM(C34:N34) -> 85
B35: 13.15 - 13.30 | C35: 14 | D35: 3 | E35: 3 | F35: 14 | G35: 0 | H35: 0 | I35: 4 | J35: 1 | K35: 0 | L35: 0 | M35: 36 | N35: 0 | O35: =SUM(C35:L35,N35) -> 39 | P35: =SUM(C35:N35) -> 75
B36: 13.30 - 13.45 | C36: 15 | D36: 5 | E36: 3 | F36: 9 | G36: 0 | H36: 0 | I36: 2 | J36: 1 | K36: 0 | L36: 0 | M36: 30 | N36: 0 | O36: =SUM(C36:L36,N36) -> 35 | P36: =SUM(C36:N36) -> 65
B37: 13.45 - 14.00 | C37: 16 | D37: 3 | E37: 5 | F37: 17 | G37: 0 | H37: 0 | I37: 6 | J37: 0 | K37: 1 | L37: 0 | M37: 36 | N37: 0 | O37: =SUM(C37:L37,N37) -> 48 | P37: =SUM(C37:N37) -> 84
B38: 14.00 - 14.15 | C38: 18 | D38: 2 | E38: 3 | F38: 14 | G38: 0 | H38: 0 | I38: 12 | J38: 1 | K38: 0 | L38: 0 | M38: 38 | N38: 0 | O38: =SUM(C38:L38,N38) -> 50 | P38: =SUM(C38:N38) -> 88
B39: 14.15 - 14.30 | C39: 28 | D39: 3 | E39: 3 | F39: 15 | G39: 0 | H39: 0 | I39: 2 | J39: 1 | K39: 0 | L39: 0 | M39: 41 | N39: 0 | O39: =SUM(C39:L39,N39) -> 52 | P39: =SUM(C39:N39) -> 93
B40: 14.30 - 14.45 | C40: 30 | D40: 6 | E40: 4 | F40: 10 | G40: 0 | H40: 0 | I40: 0 | J40: 0 | K40: 0 | L40: 0 | M40: 49 | N40: 0 | O40: =SUM(C40:L40,N40) -> 50 | P40: =SUM(C40:N40) -> 99
... B57: 18.45 - 19.00 | C57: 31 | D57: 4 | E57: 6 | F57: 20 | G57: 2 | H57: 0 | I57: 2 | J57: 1 | K57: 0 | L57: 0 | M57: 59 | N57: 0 | O57: =SUM(C57:L57,N57) -> 66 | P57: =SUM(C57:N57) -> 125
B58: Totals | C58: =SUM(C10:C57) -> 1186 | D58: =SUM(D10:D57) -> 234 | E58: =SUM(E10:E57) -> 155 | F58: =SUM(F10:F57) -> 743 | G58: =SUM(G10:G57) -> 11 | H58: =SUM(H10:H57) -> 1 | I58: =SUM(I10:I57) -> 160 | J58: =SUM(J10:J57) -> 24 | ... P58: =SUM(P10:P57) -> 4747
B59: %ges + MCs | C59: =C58/$P$58 -> 0.24984201 | D59: =D58/$P$58 -> 0.049294291 | E59: =E58/$P$58 -> 0.032652201 | F59: =F58/$P$58 -> 0.15651991 | G59: =G58/$P$58 -> 0.002317253 | H59: =H58/$P$58 -> 0.00021065936 | I59: =I58/$P$58 -> 0.033705498 | J59: =J58/$P$58 -> 0.0050558247 | ... N59: =N58/$P$58 -> 0.00021065936
B60: %ges w/o MCs | C60: =C58/$O$58 -> 0.47007531 | D60: =D58/$O$58 -> 0.09274673 | E60: =E58/$O$58 -> 0.0614348 | F60: =F58/$O$58 -> 0.29449069 | G60: =G58/$O$58 -> 0.004359889 | H60: =H58/$O$58 -> 0.00039635355 | I60: =I58/$O$58 -> 0.063416568 | J60: =J58/$O$58 -> 0.0095124851 | ... L60: =L58/$O$58 -> 0.00039635355 | N60: =N58/$O$58 -> 0.00039635355

Sheet 28.09 Salama-Munyonyo-24h
B1: Consultancy services for Preparation of Expressway Development Master Plan (EDMP) for Uganda
B2: MANUAL CLASSIFIED COUNT (MCC)
B3: ROAD NAME: | C3: ='[3]23.9.19 SALAMA - MUNYONYO'!C3:G3 -> MCC - C2 - STN-51 - SALAMA ROAD
C5: Date | D5: 28.09.19 | F5: Location | G5: ='[3]26.09 Munyonyo-Salama'!G5:H5 -> MUNYONYO P/S | J5: Surveyor | K5: Kenneth
C6: Dir. From | D6: ='[3]23.9.19 SALAMA - MUNYONYO'!D6:E6 -> SALAMA | F6: Dir. To | G6: ='[3]23.9.19 SALAMA - MUNYONYO'!G6:H6 -> MUNYONYO | J6: Supervisor | K6: ='[3]26.09 Munyonyo-Salama'!K6:L6 -> STEVE
B8: Time / Veh Type | R8: SUMMARY TRAFFIC VOLUMES
C9: 1. Car | D9: 2. Station Wagon | E9: 3. Pickups | F9: 4. Minibus, matatu | G9: 5. Medium bus | H9: 6. Large Bus | I9: 7. Light Truck | J9: 8. Medium Truck | K9: 9. Heavy truck | L9: 10. Truck Trailer | M9: 11. Motor cycles | N9: 12. Tractors | O9: Total Excl M/Cycles | P9: Total All | R9: Time | S9: 1. Car | T9: 2. Station Wagon | U9: 3. Pickups | V9: 4. Minibus, matatu | W9: 5. Medium bus | X9: 6. Large Bus | Y9: 7. Light Truck | Z9: 8. Medium Truck | AA9: 9. Heavy truck | AB9: 10. Truck Trailer | AC9: 11. Motorcycles | AD9: 12. Tractors, Graders | AE9: Total Excl M/ Cycles | AF9: Total All
B10: 07.00 - 07.15 | C10: 5 | D10: 0 | E10: 0 | F10: 8 | G10: 1 | H10: 0 | I10: 0 | J10: 0 | K10: 0 | L10: 0 | M10: 28 | N10: 0 | O10: =SUM(C10:L10,N10) -> 14 | P10: =SUM(C10:N10) -> 42 | R10: 0700-0800 | S10: =SUM(C10:C13) -> 45 | T10: =SUM(D10:D13) -> 8 | U10: =SUM(E10:E13) -> 3 | V10: =SUM(F10:F13) -> 78 | W10: =SUM(G10:G13) -> 1 | X10: =SUM(H10:H13) -> 0 | Y10: =SUM(I10:I13) -> 4 | Z10: =SUM(J10:J13) -> 1 | ... AF10: =SUM(P10:P13) -> 264
B11: 07.15 - 07.30 | C11: 16 | D11: 6 | E11: 1 | F11: 24 | G11: 0 | H11: 0 | I11: 0 | J11: 0 | K11: 0 | L11: 0 | M11: 30 | N11: 0 | O11: =SUM(C11:L11,N11) -> 47 | P11: =SUM(C11:N11) -> 77 | R11: 0800-0900 | S11: =SUM(C14:C17) -> 81 | T11: =SUM(D14:D17) -> 11 | U11: =SUM(E14:E17) -> 11 | V11: =SUM(F14:F17) -> 82 | W11: =SUM(G14:G17) -> 0 | X11: =SUM(H14:H17) -> 0 | Y11: =SUM(I14:I17) -> 10 | Z11: =SUM(J14:J17) -> 0 | ... AF11: =SUM(P14:P17) -> 349
B12: 07.30 - 07.45 | C12: 12 | D12: 2 | E12: 1 | F12: 27 | G12: 0 | H12: 0 | I12: 1 | J12: 0 | K12: 0 | L12: 0 | M12: 26 | N12: 0 | O12: =SUM(C12:L12,N12) -> 43 | P12: =SUM(C12:N12) -> 69 | R12: 0900-1000 | S12: =SUM(C18:C21) -> 84 | T12: =SUM(D18:D21) -> 11 | U12: =SUM(E18:E21) -> 10 | V12: =SUM(F18:F21) -> 84 | W12: =SUM(G18:G21) -> 0 | X12: =SUM(H18:H21) -> 0 | Y12: =SUM(I18:I21) -> 8 | Z12: =SUM(J18:J21) -> 2 | ... AF12: =SUM(P18:P21) -> 392
B13: 07.45 - 08.00 | C13: 12 | D13: 0 | E13: 1 | F13: 19 | G13: 0 | H13: 0 | I13: 3 | J13: 1 | K13: 0 | L13: 0 | M13: 40 | N13: 0 | O13: =SUM(C13:L13,N13) -> 36 | P13: =SUM(C13:N13) -> 76 | R13: 1000-1100 | S13: =SUM(C22:C25) -> 92 | T13: =SUM(D22:D25) -> 7 | U13: =SUM(E22:E25) -> 11 | V13: =SUM(F22:F25) -> 69 | W13: =SUM(G22:G25) -> 0 | X13: =SUM(H22:H25) -> 0 | Y13: =SUM(I22:I25) -> 12 | Z13: =SUM(J22:J25) -> 1 | ... AF13: =SUM(P22:P25) -> 342
B14: 08.00 - 08.15 | C14: 19 | D14: 3 | E14: 2 | F14: 21 | G14: 0 | H14: 0 | I14: 3 | J14: 0 | K14: 0 | L14: 0 | M14: 38 | N14: 0 | O14: =SUM(C14:L14,N14) -> 48 | P14: =SUM(C14:N14) -> 86 | R14: 1100-1200 | S14: =SUM(C26:C29) -> 104 | T14: =SUM(D26:D29) -> 12 | U14: =SUM(E26:E29) -> 10 | V14: =SUM(F26:F29) -> 63 | W14: =SUM(G26:G29) -> 1 | X14: =SUM(H26:H29) -> 0 | Y14: =SUM(I26:I29) -> 20 | Z14: =SUM(J26:J29) -> 0 | ... AF14: =SUM(P26:P29) -> 377
B15: 08.15 - 08.30 | C15: 15 | D15: 4 | E15: 2 | F15: 27 | G15: 0 | H15: 0 | I15: 2 | J15: 0 | K15: 0 | L15: 0 | M15: 38 | N15: 0 | O15: =SUM(C15:L15,N15) -> 50 | P15: =SUM(C15:N15) -> 88 | R15: 1200-1300 | S15: =SUM(C30:C33) -> 121 | T15: =SUM(D30:D33) -> 27 | U15: =SUM(E30:E33) -> 19 | V15: =SUM(F30:F33) -> 66 | W15: =SUM(G30:G33) -> 21 | X15: =SUM(H30:H33) -> 1 | Y15: =SUM(I30:I33) -> 13 | Z15: =SUM(J30:J33) -> 2 | ... AF15: =SUM(P30:P33) -> 381
B16: 08.30 - 08.45 | C16: 20 | D16: 3 | E16: 3 | F16: 20 | G16: 0 | H16: 0 | I16: 3 | J16: 0 | K16: 0 | L16: 0 | M16: 40 | N16: 0 | O16: =SUM(C16:L16,N16) -> 49 | P16: =SUM(C16:N16) -> 89 | R16: 1300-1400 | S16: =SUM(C34:C37) -> 112 | T16: =SUM(D34:D37) -> 33 | U16: =SUM(E34:E37) -> 15 | V16: =SUM(F34:F37) -> 83 | W16: =SUM(G34:G37) -> 0 | X16: =SUM(H34:H37) -> 0 | Y16: =SUM(I34:I37) -> 8 | Z16: =SUM(J34:J37) -> 2 | ... AF16: =SUM(P34:P37) -> 419
B17: 08.45 - 9.00 | C17: 27 | D17: 1 | E17: 4 | F17: 14 | G17: 0 | H17: 0 | I17: 2 | J17: 0 | K17: 0 | L17: 0 | M17: 38 | N17: 0 | O17: =SUM(C17:L17,N17) -> 48 | P17: =SUM(C17:N17) -> 86 | R17: 1400-1500 | S17: =SUM(C38:C41) -> 172 | T17: =SUM(D38:D41) -> 48 | U17: =SUM(E38:E41) -> 9 | V17: =SUM(F38:F41) -> 94 | W17: =SUM(G38:G41) -> 0 | X17: =SUM(H38:H41) -> 0 | Y17: =SUM(I38:I41) -> 26 | Z17: =SUM(J38:J41) -> 1 | ... AF17: =SUM(P38:P41) -> 520
B18: 09.00 - 09.15 | C18: 19 | D18: 2 | E18: 3 | F18: 27 | G18: 0 | H18: 0 | I18: 1 | J18: 0 | K18: 0 | L18: 0 | M18: 41 | N18: 0 | O18: =SUM(C18:L18,N18) -> 52 | P18: =SUM(C18:N18) -> 93 | R18: 1500-1600 | S18: =SUM(C42:C45) -> 179 | T18: =SUM(D42:D45) -> 44 | U18: =SUM(E42:E45) -> 18 | V18: =SUM(F42:F45) -> 63 | W18: =SUM(G42:G45) -> 2 | X18: =SUM(H42:H45) -> 1 | Y18: =SUM(I42:I45) -> 19 | Z18: =SUM(J42:J45) -> 1 | ... AF18: =SUM(P42:P45) -> 425
B19: 09.15 - 09.30 | C19: 21 | D19: 4 | E19: 1 | F19: 21 | G19: 0 | H19: 0 | I19: 0 | J19: 0 | K19: 1 | L19: 0 | M19: 53 | N19: 0 | O19: =SUM(C19:L19,N19) -> 48 | P19: =SUM(C19:N19) -> 101 | R19: 1600-1700 | S19: =SUM(C46:C49) -> 215 | T19: =SUM(D46:D49) -> 30 | U19: =SUM(E46:E49) -> 15 | V19: =SUM(F46:F49) -> 71 | W19: =SUM(G46:G49) -> 0 | X19: =SUM(H46:H49) -> 0 | Y19: =SUM(I46:I49) -> 11 | Z19: =SUM(J46:J49) -> 2 | ... AF19: =SUM(P46:P49) -> 484
B20: 09.30 - 09.45 | C20: 22 | D20: 1 | E20: 4 | F20: 25 | G20: 0 | H20: 0 | I20: 4 | J20: 1 | K20: 0 | L20: 0 | M20: 43 | N20: 0 | O20: =SUM(C20:L20,N20) -> 57 | P20: =SUM(C20:N20) -> 100 | R20: 1700-1800 | S20: =SUM(C50:C53) -> 172 | T20: =SUM(D50:D53) -> 44 | U20: =SUM(E50:E53) -> 23 | V20: =SUM(F50:F53) -> 65 | W20: =SUM(G50:G53) -> 1 | X20: =SUM(H50:H53) -> 0 | Y20: =SUM(I50:I53) -> 12 | Z20: =SUM(J50:J53) -> 2 | ... AF20: =SUM(P50:P53) -> 460
B21: 09.45 - 10.00 | C21: 22 | D21: 4 | E21: 2 | F21: 11 | G21: 0 | H21: 0 | I21: 3 | J21: 1 | K21: 0 | L21: 0 | M21: 55 | N21: 0 | O21: =SUM(C21:L21,N21) -> 43 | P21: =SUM(C21:N21) -> 98 | R21: 1800-1900 | S21: =SUM(C54:C57) -> 221 | T21: =SUM(D54:D57) -> 44 | U21: =SUM(E54:E57) -> 32 | V21: =SUM(F54:F57) -> 101 | W21: =SUM(G54:G57) -> 3 | X21: =SUM(H54:H57) -> 1 | Y21: =SUM(I54:I57) -> 7 | Z21: =SUM(J54:J57) -> 3 | ... AF21: =SUM(P54:P57) -> 625
B22: 10.00 - 10.15 | C22: 23 | D22: 2 | E22: 0 | F22: 26 | G22: 0 | H22: 0 | I22: 0 | J22: 0 | K22: 0 | L22: 0 | M22: 40 | N22: 0 | O22: =SUM(C22:L22,N22) -> 51 | P22: =SUM(C22:N22) -> 91 | R22: 1900-2000 | S22: =SUM(C58:C61) -> 242 | T22: =SUM(D58:D61) -> 35 | U22: =SUM(E58:E61) -> 29 | V22: =SUM(F58:F61) -> 85 | W22: =SUM(G58:G61) -> 1 | X22: =SUM(H58:H61) -> 1 | Y22: =SUM(I58:I61) -> 9 | Z22: =SUM(J58:J61) -> 2 | ... AF22: =SUM(P58:P61) -> 608
B23: 10.15 - 10.30 | C23: 15 | D23: 1 | E23: 5 | F23: 17 | G23: 0 | H23: 0 | I23: 5 | J23: 1 | K23: 0 | L23: 0 | M23: 58 | N23: 0 | O23: =SUM(C23:L23,N23) -> 44 | P23: =SUM(C23:N23) -> 102 | R23: 2000-2100 | S23: =SUM(C62:C65) -> 192 | T23: =SUM(D62:D65) -> 38 | U23: =SUM(E62:E65) -> 8 | V23: =SUM(F62:F65) -> 96 | W23: =SUM(G62:G65) -> 0 | X23: =SUM(H62:H65) -> 0 | Y23: =SUM(I62:I65) -> 7 | Z23: =SUM(J62:J65) -> 0 | ... AF23: =SUM(P62:P65) -> 517
B24: 10.30 - 10.45 | C24: 29 | D24: 1 | E24: 2 | F24: 5 | G24: 0 | H24: 0 | I24: 5 | J24: 0 | K24: 0 | L24: 0 | M24: 31 | N24: 0 | O24: =SUM(C24:L24,N24) -> 42 | P24: =SUM(C24:N24) -> 73 | R24: 2100-2200 | S24: =SUM(C66:C69) -> 152 | T24: =SUM(D66:D69) -> 7 | U24: =SUM(E66:E69) -> 12 | V24: =SUM(F66:F69) -> 94 | W24: =SUM(G66:G69) -> 0 | X24: =SUM(H66:H69) -> 0 | Y24: =SUM(I66:I69) -> 9 | Z24: =SUM(J66:J69) -> 0 | ... AF24: =SUM(P66:P69) -> 415
B25: 10.45 - 11.00 | C25: 25 | D25: 3 | E25: 4 | F25: 21 | G25: 0 | H25: 0 | I25: 2 | J25: 0 | K25: 0 | L25: 0 | M25: 21 | N25: 0 | O25: =SUM(C25:L25,N25) -> 55 | P25: =SUM(C25:N25) -> 76 | R25: 2200-2300 | S25: =SUM(C70:C73) -> 167 | T25: =SUM(D70:D73) -> 11 | U25: =SUM(E70:E73) -> 7 | V25: =SUM(F70:F73) -> 109 | W25: =SUM(G70:G73) -> 1 | X25: =SUM(H70:H73) -> 0 | Y25: =SUM(I70:I73) -> 3 | Z25: =SUM(J70:J73) -> 0 | ... AF25: =SUM(P70:P73) -> 503
B26: 11.00 - 11.15 | C26: 27 | D26: 3 | E26: 6 | F26: 23 | G26: 0 | H26: 0 | I26: 13 | J26: 0 | K26: 0 | L26: 0 | M26: 49 | N26: 0 | O26: =SUM(C26:L26,N26) -> 72 | P26: =SUM(C26:N26) -> 121 | R26: 2300-0000 | S26: =SUM(C74:C77) -> 154 | T26: =SUM(D74:D77) -> 12 | U26: =SUM(E74:E77) -> 9 | V26: =SUM(F74:F77) -> 79 | W26: =SUM(G74:G77) -> 0 | X26: =SUM(H74:H77) -> 0 | Y26: =SUM(I74:I77) -> 2 | Z26: =SUM(J74:J77) -> 0 | ... AF26: =SUM(P74:P77) -> 397
B27: 11.15 - 11.30 | C27: 27 | D27: 4 | E27: 2 | F27: 19 | G27: 1 | H27: 0 | I27: 2 | J27: 0 | K27: 0 | L27: 1 | M27: 37 | N27: 0 | O27: =SUM(C27:L27,N27) -> 56 | P27: =SUM(C27:N27) -> 93 | R27: 0000-0100 | S27: =SUM(C78:C81) -> 77 | T27: =SUM(D78:D81) -> 3 | U27: =SUM(E78:E81) -> 1 | V27: =SUM(F78:F81) -> 9 | W27: =SUM(G78:G81) -> 0 | X27: =SUM(H78:H81) -> 0 | Y27: =SUM(I78:I81) -> 1 | Z27: =SUM(J78:J81) -> 0 | ... AF27: =SUM(P78:P81) -> 202
B28: 11.30 - 11.45 | C28: 18 | D28: 2 | E28: 1 | F28: 7 | G28: 0 | H28: 0 | I28: 2 | J28: 0 | K28: 0 | L28: 0 | M28: 40 | N28: 0 | O28: =SUM(C28:L28,N28) -> 30 | P28: =SUM(C28:N28) -> 70 | R28: 0100-0200 | S28: =SUM(C82:C85) -> 39 | T28: =SUM(D82:D85) -> 3 | U28: =SUM(E82:E85) -> 1 | V28: =SUM(F82:F85) -> 11 | W28: =SUM(G82:G85) -> 0 | X28: =SUM(H82:H85) -> 0 | Y28: =SUM(I82:I85) -> 2 | Z28: =SUM(J82:J85) -> 0 | ... AF28: =SUM(P82:P85) -> 124
B29: 11.45 - 12.00 | C29: 32 | D29: 3 | E29: 1 | F29: 14 | G29: 0 | H29: 0 | I29: 3 | J29: 0 | K29: 0 | L29: 0 | M29: 40 | N29: 0 | O29: =SUM(C29:L29,N29) -> 53 | P29: =SUM(C29:N29) -> 93 | R29: 0200-0300 | S29: =SUM(C86:C89) -> 29 | T29: =SUM(D86:D89) -> 8 | U29: =SUM(E86:E89) -> 4 | V29: =SUM(F86:F89) -> 2 | W29: =SUM(G86:G89) -> 0 | X29: =SUM(H86:H89) -> 0 | Y29: =SUM(I86:I89) -> 1 | Z29: =SUM(J86:J89) -> 0 | ... AF29: =SUM(P86:P89) -> 74
B30: 12.00 - 12.15 | C30: 19 | D30: 9 | E30: 4 | F30: 14 | G30: 6 | H30: 0 | I30: 4 | J30: 0 | K30: 1 | L30: 0 | M30: 37 | N30: 0 | O30: =SUM(C30:L30,N30) -> 57 | P30: =SUM(C30:N30) -> 94 | R30: 0300-0400 | S30: =SUM(C90:C93) -> 25 | T30: =SUM(D90:D93) -> 3 | U30: =SUM(E90:E93) -> 0 | V30: =SUM(F90:F93) -> 2 | W30: =SUM(G90:G93) -> 0 | X30: =SUM(H90:H93) -> 0 | Y30: =SUM(I90:I93) -> 0 | Z30: =SUM(J90:J93) -> 0 | ... AF30: =SUM(P90:P93) -> 54
B31: 12.15 - 12.30 | C31: 54 | D31: 13 | E31: 8 | F31: 26 | G31: 13 | H31: 1 | I31: 3 | J31: 1 | K31: 0 | L31: 0 | M31: 18 | N31: 0 | O31: =SUM(C31:L31,N31) -> 119 | P31: =SUM(C31:N31) -> 137 | R31: 0400-0500 | S31: =SUM(C94:C97) -> 20 | T31: =SUM(D94:D97) -> 3 | U31: =SUM(E94:E97) -> 2 | V31: =SUM(F94:F97) -> 2 | W31: =SUM(G94:G97) -> 0 | X31: =SUM(H94:H97) -> 0 | Y31: =SUM(I94:I97) -> 0 | Z31: =SUM(J94:J97) -> 0 | ... AF31: =SUM(P94:P97) -> 45
B32: 12.30 - 12.45 | C32: 16 | D32: 2 | E32: 3 | F32: 16 | G32: 0 | H32: 0 | I32: 3 | J32: 0 | K32: 0 | L32: 0 | M32: 23 | N32: 0 | O32: =SUM(C32:L32,N32) -> 40 | P32: =SUM(C32:N32) -> 63 | R32: 0500-0600 | S32: =SUM(C98:C101) -> 14 | T32: =SUM(D98:D101) -> 5 | U32: =SUM(E98:E101) -> 0 | V32: =SUM(F98:F101) -> 12 | W32: =SUM(G98:G101) -> 0 | X32: =SUM(H98:H101) -> 0 | Y32: =SUM(I98:I101) -> 1 | Z32: =SUM(J98:J101) -> 0 | ... AF32: =SUM(P98:P101) -> 50
B33: 12.45 - 13.00 | C33: 32 | D33: 3 | E33: 4 | F33: 10 | G33: 2 | H33: 0 | I33: 3 | J33: 1 | K33: 0 | L33: 0 | M33: 32 | N33: 0 | O33: =SUM(C33:L33,N33) -> 55 | P33: =SUM(C33:N33) -> 87 | R33: 0600-0700 | S33: =SUM(C102:C105) -> 13 | T33: =SUM(D102:D105) -> 2 | U33: =SUM(E102:E105) -> 3 | V33: =SUM(F102:F105) -> 51 | W33: =SUM(G102:G105) -> 1 | X33: =SUM(H102:H105) -> 0 | Y33: =SUM(I102:I105) -> 5 | Z33: =SUM(J102:J105) -> 0 | ... AF33: =SUM(P102:P105) -> 113
B34: 13.00 - 13.15 | C34: 22 | D34: 10 | E34: 4 | F34: 28 | G34: 0 | H34: 0 | I34: 1 | J34: 0 | K34: 0 | L34: 0 | M34: 31 | N34: 0 | O34: =SUM(C34:L34,N34) -> 65 | P34: =SUM(C34:N34) -> 96 | R34: AM Peak Hr | S34: =MAX(S10:S12) -> 84 | T34: =MAX(T10:T12) -> 11 | U34: =MAX(U10:U12) -> 11 | V34: =MAX(V10:V12) -> 84 | W34: =MAX(W10:W12) -> 1 | X34: =MAX(X10:X12) -> 0 | Y34: =MAX(Y10:Y12) -> 10 | Z34: =MAX(Z10:Z12) -> 2 | ... AF34: =MAX(AF10:AF12) -> 392
B35: 13.15 - 13.30 | C35: 37 | D35: 8 | E35: 4 | F35: 21 | G35: 0 | H35: 0 | I35: 4 | J35: 2 | K35: 0 | L35: 0 | M35: 58 | N35: 0 | O35: =SUM(C35:L35,N35) -> 76 | P35: =SUM(C35:N35) -> 134 | R35: IP Peak Hr | S35: =MAX(S13:S18) -> 179 | T35: =MAX(T13:T18) -> 48 | U35: =MAX(U13:U18) -> 19 | V35: =MAX(V13:V18) -> 94 | W35: =MAX(W13:W18) -> 21 | X35: =MAX(X13:X18) -> 1 | Y35: =MAX(Y13:Y18) -> 26 | Z35: =MAX(Z13:Z18) -> 2 | ... AF35: =MAX(AF13:AF18) -> 520
B36: 13.30 - 13.45 | C36: 18 | D36: 10 | E36: 3 | F36: 11 | G36: 0 | H36: 0 | I36: 1 | J36: 0 | K36: 0 | L36: 0 | M36: 34 | N36: 0 | O36: =SUM(C36:L36,N36) -> 43 | P36: =SUM(C36:N36) -> 77 | R36: PM Peak Hr | S36: =MAX(S19:S21) -> 221 | T36: =MAX(T19:T21) -> 44 | U36: =MAX(U19:U21) -> 32 | V36: =MAX(V19:V21) -> 101 | W36: =MAX(W19:W21) -> 3 | X36: =MAX(X19:X21) -> 1 | Y36: =MAX(Y19:Y21) -> 12 | Z36: =MAX(Z19:Z21) -> 3 | ... AF36: =MAX(AF19:AF21) -> 625
B37: 13.45 - 14.00 | C37: 35 | D37: 5 | E37: 4 | F37: 23 | G37: 0 | H37: 0 | I37: 2 | J37: 0 | K37: 0 | L37: 0 | M37: 43 | N37: 0 | O37: =SUM(C37:L37,N37) -> 69 | P37: =SUM(C37:N37) -> 112 | R37: AM Period | S37: =SUM(S10:S12) -> 210 | T37: =SUM(T10:T12) -> 30 | U37: =SUM(U10:U12) -> 24 | V37: =SUM(V10:V12) -> 244 | W37: =SUM(W10:W12) -> 1 | X37: =SUM(X10:X12) -> 0 | Y37: =SUM(Y10:Y12) -> 22 | Z37: =SUM(Z10:Z12) -> 3 | ... AF37: =SUM(AF10:AF12) -> 1005
B38: 14.00 - 14.15 | C38: 42 | D38: 16 | E38: 3 | F38: 19 | G38: 0 | H38: 0 | I38: 5 | J38: 0 | K38: 0 | L38: 0 | M38: 45 | N38: 0 | O38: =SUM(C38:L38,N38) -> 85 | P38: =SUM(C38:N38) -> 130 | R38: IP Period | S38: =SUM(S13:S18) -> 780 | T38: =SUM(T13:T18) -> 171 | U38: =SUM(U13:U18) -> 82 | V38: =SUM(V13:V18) -> 438 | W38: =SUM(W13:W18) -> 24 | X38: =SUM(X13:X18) -> 2 | Y38: =SUM(Y13:Y18) -> 98 | Z38: =SUM(Z13:Z18) -> 7 | ... AF38: =SUM(AF13:AF18) -> 2464
B39: 14.15 - 14.30 | C39: 46 | D39: 19 | E39: 5 | F39: 38 | G39: 0 | H39: 0 | I39: 9 | J39: 1 | K39: 0 | L39: 4 | M39: 36 | N39: 0 | O39: =SUM(C39:L39,N39) -> 122 | P39: =SUM(C39:N39) -> 158 | R39: PM Period | S39: =SUM(S19:S21) -> 608 | T39: =SUM(T19:T21) -> 118 | U39: =SUM(U19:U21) -> 70 | V39: =SUM(V19:V21) -> 237 | W39: =SUM(W19:W21) -> 4 | X39: =SUM(X19:X21) -> 1 | Y39: =SUM(Y19:Y21) -> 30 | Z39: =SUM(Z19:Z21) -> 7 | ... AF39: =SUM(AF19:AF21) -> 1569
B40: 14.30 - 14.45 | C40: 28 | D40: 7 | E40: 0 | F40: 11 | G40: 0 | H40: 0 | I40: 2 | J40: 0 | K40: 0 | L40: 0 | M40: 24 | N40: 0 | O40: =SUM(C40:L40,N40) -> 48 | P40: =SUM(C40:N40) -> 72 | R40: 12 Hours | S40: =SUM(S10:S21) -> 1598 | T40: =SUM(T10:T21) -> 319 | U40: =SUM(U10:U21) -> 176 | V40: =SUM(V10:V21) -> 919 | W40: =SUM(W10:W21) -> 29 | X40: =SUM(X10:X21) -> 3 | Y40: =SUM(Y10:Y21) -> 150 | Z40: =SUM(Z10:Z21) -> 17 | ... AF40: =SUM(AF10:AF21) -> 5038
B41: 14.45 - 15.00 | C41: 56 | D41: 6 | E41: 1 | F41: 26 | G41: 0 | H41: 0 | I41: 10 | J41: 0 | K41: 0 | L41: 0 | M41: 61 | N41: 0 | O41: =SUM(C41:L41,N41) -> 99 | P41: =SUM(C41:N41) -> 160 | R41: 24 Hrs/ADT | S41: =SUM(S10:S33) -> 2722 | T41: =SUM(T10:T33) -> 449 | U41: =SUM(U10:U33) -> 252 | V41: =SUM(V10:V33) -> 1471 | W41: =SUM(W10:W33) -> 32 | X41: =SUM(X10:X33) -> 4 | Y41: =SUM(Y10:Y33) -> 190 | Z41: =SUM(Z10:Z33) -> 19 | ... AF41: =SUM(AF10:AF33) -> 8140
B42: 15.00 - 15.15 | C42: 33 | D42: 15 | E42: 5 | F42: 25 | G42: 1 | H42: 0 | I42: 4 | J42: 1 | K42: 0 | L42: 0 | M42: 51 | N42: 0 | O42: =SUM(C42:L42,N42) -> 84 | P42: =SUM(C42:N42) -> 135 | R42: NEF | S42: =S41/S40 -> 1.7033792 | T42: =T41/T40 -> 1.4075235 | U42: =U41/U40 -> 1.4318182 | V42: =V41/V40 -> 1.6006529 | W42: =W41/W40 -> 1.1034483 | X42: =X41/X40 -> 1.3333333 | Y42: =Y41/Y40 -> 1.2666667 | Z42: =Z41/Z40 -> 1.1176471 | ... AF42: =AF41/AF40 -> 1.6157205
B43: 15.15 - 15.30 | C43: 37 | D43: 10 | E43: 4 | F43: 13 | G43: 0 | H43: 0 | I43: 6 | J43: 0 | K43: 0 | L43: 0 | M43: 18 | N43: 0 | O43: =SUM(C43:L43,N43) -> 70 | P43: =SUM(C43:N43) -> 88
B44: 15.30 - 15.45 | C44: 47 | D44: 6 | E44: 1 | F44: 7 | G44: 0 | H44: 1 | I44: 4 | J44: 0 | K44: 0 | L44: 0 | M44: 6 | N44: 0 | O44: =SUM(C44:L44,N44) -> 66 | P44: =SUM(C44:N44) -> 72
B45: 15.45 - 16.00 | C45: 62 | D45: 13 | E45: 8 | F45: 18 | G45: 1 | H45: 0 | I45: 5 | J45: 0 | K45: 0 | L45: 0 | M45: 23 | N45: 0 | O45: =SUM(C45:L45,N45) -> 107 | P45: =SUM(C45:N45) -> 130
B46: 16.00 - 16.15 | C46: 48 | D46: 7 | E46: 3 | F46: 18 | G46: 0 | H46: 0 | I46: 2 | J46: 1 | K46: 0 | L46: 0 | M46: 64 | N46: 0 | O46: =SUM(C46:L46,N46) -> 79 | P46: =SUM(C46:N46) -> 143
B47: 16.15 -16.30 | C47: 58 | D47: 2 | E47: 2 | F47: 18 | G47: 0 | H47: 0 | I47: 3 | J47: 1 | K47: 1 | L47: 0 | M47: 35 | N47: 0 | O47: =SUM(C47:L47,N47) -> 85 | P47: =SUM(C47:N47) -> 120
B48: 16.30 -16.45 | C48: 48 | D48: 7 | E48: 6 | F48: 14 | G48: 0 | H48: 0 | I48: 5 | J48: 0 | K48: 1 | L48: 0 | M48: 20 | N48: 0 | O48: =SUM(C48:L48,N48) -> 81 | P48: =SUM(C48:N48) -> 101
B49: 16.45 -17.00 | C49: 61 | D49: 14 | E49: 4 | F49: 21 | G49: 0 | H49: 0 | I49: 1 | J49: 0 | K49: 0 | L49: 0 | M49: 19 | N49: 0 | O49: =SUM(C49:L49,N49) -> 101 | P49: =SUM(C49:N49) -> 120
B50: 17.00 -17.15 | C50: 60 | D50: 18 | E50: 11 | F50: 14 | G50: 0 | H50: 0 | I50: 3 | J50: 1 | K50: 0 | L50: 0 | M50: 31 | N50: 0 | O50: =SUM(C50:L50,N50) -> 107 | P50: =SUM(C50:N50) -> 138
B51: 17.15 -17.30 | C51: 31 | D51: 11 | E51: 7 | F51: 16 | G51: 0 | H51: 0 | I51: 5 | J51: 1 | K51: 0 | L51: 0 | M51: 32 | N51: 0 | O51: =SUM(C51:L51,N51) -> 71 | P51: =SUM(C51:N51) -> 103
B52: 17.30 -17.45 | C52: 47 | D52: 7 | E52: 3 | F52: 17 | G52: 1 | H52: 0 | I52: 1 | J52: 0 | K52: 0 | L52: 0 | M52: 35 | N52: 0 | O52: =SUM(C52:L52,N52) -> 76 | P52: =SUM(C52:N52) -> 111
B53: 17.45 -18.00 | C53: 34 | D53: 8 | E53: 2 | F53: 18 | G53: 0 | H53: 0 | I53: 3 | J53: 0 | K53: 0 | L53: 0 | M53: 43 | N53: 0 | O53: =SUM(C53:L53,N53) -> 65 | P53: =SUM(C53:N53) -> 108
B54: 18.00 - 18.15 | C54: 64 | D54: 14 | E54: 4 | F54: 22 | G54: 0 | H54: 0 | I54: 1 | J54: 1 | K54: 0 | L54: 0 | M54: 49 | N54: 0 | O54: =SUM(C54:L54,N54) -> 106 | P54: =SUM(C54:N54) -> 155
... B105: 06.45 - 07.00 | C105: 8 | D105: 1 | E105: 2 | F105: 20 | G105: 0 | H105: 0 | I105: 0 | J105: 0 | K105: 0 | L105: 0 | M105: 21 | N105: 0 | O105: =SUM(C105:L105,N105) -> 31 | P105: =SUM(C105:N105) -> 52
B106: Totals | C106: =SUM(C10:C105) -> 2722 | D106: =SUM(D10:D105) -> 449 | E106: =SUM(E10:E105) -> 252 | F106: =SUM(F10:F105) -> 1471 | G106: =SUM(G10:G105) -> 32 | H106: =SUM(H10:H105) -> 4 | I106: =SUM(I10:I105) -> 190 | J106: =SUM(J10:J105) -> 19 | ... P106: =SUM(P10:P105) -> 8140
B107: %ges + MCs | C107: =C106/$P$106 -> 0.33439803 | D107: =D106/$P$106 -> 0.055159705 | E107: =E106/$P$106 -> 0.030958231 | F107: =F106/$P$106 -> 0.18071253 | G107: =G106/$P$106 -> 0.0039312039 | H107: =H106/$P$106 -> 0.00049140049 | I107: =I106/$P$106 -> 0.023341523 | J107: =J106/$P$106 -> 0.0023341523 | ... N107: =N106/$P$106 -> 0
B108: %ges w/o MCs | C108: =C106/$O$106 -> 0.52874903 | D108: =D106/$O$106 -> 0.087218337 | E108: =E106/$O$106 -> 0.048951049 | F108: =F106/$O$106 -> 0.28574204 | G108: =G106/$O$106 -> 0.0062160062 | H108: =H106/$O$106 -> 0.00077700078 | I108: =I106/$O$106 -> 0.036907537 | J108: =J106/$O$106 -> 0.0036907537 | ... L108: =L106/$O$106 -> 0.00097125097 | N108: =N106/$O$106 -> 0

Sheet 28.09 Munyonyo-Salama-24h
B1: Consultancy services for Preparation of Expressway Development Master Plan (EDMP) for Uganda
B2: MANUAL CLASSIFIED COUNT (MCC)
B3: ROAD NAME: | C3: ='[3]23.9.19 SALAMA - MUNYONYO'!C3:G3 -> MCC - C2 - STN-51 - SALAMA ROAD
C5: Date | D5: ='[3]28.09 Salama-Munyonyo-24h'!D5 -> 28.09.19 | F5: Location | G5: ='[3]28.09 Salama-Munyonyo-24h'!G5:H5 -> MUNYONYO P/S | J5: Surveyor | K5: ='[3]26.09 Salama-Munyonyo'!K5:L5 -> OLOYA
C6: Dir. From | D6: ='[3]23.9.19-MUNYONYO-SALAMA'!D6:E6 -> MUNYONYO | F6: Dir. To | G6: ='[3]23.9.19-MUNYONYO-SALAMA'!G6:H6 -> SALAMA | J6: Supervisor | K6: ='[3]28.09 Salama-Munyonyo-24h'!K6:L6 -> STEVE
B8: Time / Veh Type | R8: SUMMARY TRAFFIC VOLUMES
C9: 1. Car | D9: 2. Station Wagon | E9: 3. Pickups | F9: 4. Minibus, matatu | G9: 5. Medium bus | H9: 6. Large Bus | I9: 7. Light Truck | J9: 8. Medium Truck | K9: 9. Heavy truck | L9: 10. Truck Trailer | M9: 11. Motor cycles | N9: 12. Tractors | O9: Total Excl M/Cycles | P9: Total All | R9: Time | S9: 1. Car | T9: 2. Station Wagon | U9: 3. Pickups | V9: 4. Minibus, matatu | W9: 5. Medium bus | X9: 6. Large Bus | Y9: 7. Light Truck | Z9: 8. Medium Truck | AA9: 9. Heavy truck | AB9: 10. Truck Trailer | AC9: 11. Motorcycles | AD9: 12. Tractors, Graders | AE9: Total Excl M/ Cycles | AF9: Total All
B10: 07.00 - 07.15 | C10: 8 | D10: 1 | E10: 1 | F10: 10 | G10: 0 | H10: 0 | I10: 2 | J10: 0 | K10: 0 | L10: 0 | M10: 15 | N10: 0 | O10: =SUM(C10:L10,N10) -> 22 | P10: =SUM(C10:N10) -> 37 | R10: 0700-0800 | S10: =SUM(C10:C13) -> 76 | T10: =SUM(D10:D13) -> 9 | U10: =SUM(E10:E13) -> 7 | V10: =SUM(F10:F13) -> 75 | W10: =SUM(G10:G13) -> 0 | X10: =SUM(H10:H13) -> 0 | Y10: =SUM(I10:I13) -> 6 | Z10: =SUM(J10:J13) -> 0 | ... AF10: =SUM(P10:P13) -> 358
B11: 07.15 - 07.30 | C11: 21 | D11: 4 | E11: 1 | F11: 26 | G11: 0 | H11: 0 | I11: 2 | J11: 0 | K11: 0 | L11: 0 | M11: 49 | N11: 0 | O11: =SUM(C11:L11,N11) -> 54 | P11: =SUM(C11:N11) -> 103 | R11: 0800-0900 | S11: =SUM(C14:C17) -> 120 | T11: =SUM(D14:D17) -> 13 | U11: =SUM(E14:E17) -> 11 | V11: =SUM(F14:F17) -> 96 | W11: =SUM(G14:G17) -> 0 | X11: =SUM(H14:H17) -> 0 | Y11: =SUM(I14:I17) -> 5 | Z11: =SUM(J14:J17) -> 0 | ... AF11: =SUM(P14:P17) -> 487
B12: 07.30 - 07.45 | C12: 23 | D12: 2 | E12: 0 | F12: 15 | G12: 0 | H12: 0 | I12: 0 | J12: 0 | K12: 0 | L12: 0 | M12: 62 | N12: 0 | O12: =SUM(C12:L12,N12) -> 40 | P12: =SUM(C12:N12) -> 102 | R12: 0900-1000 | S12: =SUM(C18:C21) -> 126 | T12: =SUM(D18:D21) -> 7 | U12: =SUM(E18:E21) -> 17 | V12: =SUM(F18:F21) -> 68 | W12: =SUM(G18:G21) -> 2 | X12: =SUM(H18:H21) -> 1 | Y12: =SUM(I18:I21) -> 6 | Z12: =SUM(J18:J21) -> 2 | ... AF12: =SUM(P18:P21) -> 470
B13: 07.45 - 08.00 | C13: 24 | D13: 2 | E13: 5 | F13: 24 | G13: 0 | H13: 0 | I13: 2 | J13: 0 | K13: 0 | L13: 0 | M13: 59 | N13: 0 | O13: =SUM(C13:L13,N13) -> 57 | P13: =SUM(C13:N13) -> 116 | R13: 1000-1100 | S13: =SUM(C22:C25) -> 131 | T13: =SUM(D22:D25) -> 17 | U13: =SUM(E22:E25) -> 19 | V13: =SUM(F22:F25) -> 46 | W13: =SUM(G22:G25) -> 0 | X13: =SUM(H22:H25) -> 0 | Y13: =SUM(I22:I25) -> 10 | Z13: =SUM(J22:J25) -> 0 | ... AF13: =SUM(P22:P25) -> 451
B14: 08.00 - 08.15 | C14: 27 | D14: 2 | E14: 0 | F14: 25 | G14: 0 | H14: 0 | I14: 4 | J14: 0 | K14: 0 | L14: 0 | M14: 59 | N14: 0 | O14: =SUM(C14:L14,N14) -> 58 | P14: =SUM(C14:N14) -> 117 | R14: 1100-1200 | S14: =SUM(C26:C29) -> 105 | T14: =SUM(D26:D29) -> 27 | U14: =SUM(E26:E29) -> 12 | V14: =SUM(F26:F29) -> 53 | W14: =SUM(G26:G29) -> 0 | X14: =SUM(H26:H29) -> 0 | Y14: =SUM(I26:I29) -> 12 | Z14: =SUM(J26:J29) -> 2 | ... AF14: =SUM(P26:P29) -> 431
B15: 08.15 - 08.30 | C15: 26 | D15: 3 | E15: 2 | F15: 30 | G15: 0 | H15: 0 | I15: 1 | J15: 0 | K15: 0 | L15: 0 | M15: 56 | N15: 0 | O15: =SUM(C15:L15,N15) -> 62 | P15: =SUM(C15:N15) -> 118 | R15: 1200-1300 | S15: =SUM(C30:C33) -> 97 | T15: =SUM(D30:D33) -> 12 | U15: =SUM(E30:E33) -> 11 | V15: =SUM(F30:F33) -> 53 | W15: =SUM(G30:G33) -> 0 | X15: =SUM(H30:H33) -> 0 | Y15: =SUM(I30:I33) -> 11 | Z15: =SUM(J30:J33) -> 2 | ... AF15: =SUM(P30:P33) -> 377
B16: 08.30 - 08.45 | C16: 36 | D16: 4 | E16: 3 | F16: 26 | G16: 0 | H16: 0 | I16: 0 | J16: 0 | K16: 2 | L16: 0 | M16: 50 | N16: 0 | O16: =SUM(C16:L16,N16) -> 71 | P16: =SUM(C16:N16) -> 121 | R16: 1300-1400 | S16: =SUM(C34:C37) -> 108 | T16: =SUM(D34:D37) -> 20 | U16: =SUM(E34:E37) -> 12 | V16: =SUM(F34:F37) -> 62 | W16: =SUM(G34:G37) -> 1 | X16: =SUM(H34:H37) -> 0 | Y16: =SUM(I34:I37) -> 10 | Z16: =SUM(J34:J37) -> 2 | ... AF16: =SUM(P34:P37) -> 424
B17: 08.45 - 9.00 | C17: 31 | D17: 4 | E17: 6 | F17: 15 | G17: 0 | H17: 0 | I17: 0 | J17: 0 | K17: 0 | L17: 0 | M17: 75 | N17: 0 | O17: =SUM(C17:L17,N17) -> 56 | P17: =SUM(C17:N17) -> 131 | R17: 1400-1500 | S17: =SUM(C38:C41) -> 119 | T17: =SUM(D38:D41) -> 21 | U17: =SUM(E38:E41) -> 14 | V17: =SUM(F38:F41) -> 61 | W17: =SUM(G38:G41) -> 5 | X17: =SUM(H38:H41) -> 0 | Y17: =SUM(I38:I41) -> 16 | Z17: =SUM(J38:J41) -> 3 | ... AF17: =SUM(P38:P41) -> 427
B18: 09.00 - 09.15 | C18: 36 | D18: 2 | E18: 4 | F18: 15 | G18: 0 | H18: 0 | I18: 0 | J18: 0 | K18: 0 | L18: 0 | M18: 64 | N18: 0 | O18: =SUM(C18:L18,N18) -> 57 | P18: =SUM(C18:N18) -> 121 | R18: 1500-1600 | S18: =SUM(C42:C45) -> 137 | T18: =SUM(D42:D45) -> 38 | U18: =SUM(E42:E45) -> 18 | V18: =SUM(F42:F45) -> 56 | W18: =SUM(G42:G45) -> 4 | X18: =SUM(H42:H45) -> 0 | Y18: =SUM(I42:I45) -> 20 | Z18: =SUM(J42:J45) -> 4 | ... AF18: =SUM(P42:P45) -> 473
B19: 09.15 - 09.30 | C19: 26 | D19: 4 | E19: 5 | F19: 23 | G19: 0 | H19: 0 | I19: 2 | J19: 0 | K19: 0 | L19: 0 | M19: 55 | N19: 0 | O19: =SUM(C19:L19,N19) -> 60 | P19: =SUM(C19:N19) -> 115 | R19: 1600-1700 | S19: =SUM(C46:C49) -> 138 | T19: =SUM(D46:D49) -> 24 | U19: =SUM(E46:E49) -> 14 | V19: =SUM(F46:F49) -> 59 | W19: =SUM(G46:G49) -> 0 | X19: =SUM(H46:H49) -> 0 | Y19: =SUM(I46:I49) -> 17 | Z19: =SUM(J46:J49) -> 2 | ... AF19: =SUM(P46:P49) -> 452
B20: 09.30 - 09.45 | C20: 27 | D20: 1 | E20: 5 | F20: 14 | G20: 2 | H20: 0 | I20: 2 | J20: 2 | K20: 0 | L20: 0 | M20: 65 | N20: 0 | O20: =SUM(C20:L20,N20) -> 53 | P20: =SUM(C20:N20) -> 118 | R20: 1700-1800 | S20: =SUM(C50:C53) -> 131 | T20: =SUM(D50:D53) -> 26 | U20: =SUM(E50:E53) -> 20 | V20: =SUM(F50:F53) -> 63 | W20: =SUM(G50:G53) -> 1 | X20: =SUM(H50:H53) -> 0 | Y20: =SUM(I50:I53) -> 14 | Z20: =SUM(J50:J53) -> 2 | ... AF20: =SUM(P50:P53) -> 450
B21: 09.45 - 10.00 | C21: 37 | D21: 0 | E21: 3 | F21: 16 | G21: 0 | H21: 1 | I21: 2 | J21: 0 | K21: 0 | L21: 0 | M21: 57 | N21: 0 | O21: =SUM(C21:L21,N21) -> 59 | P21: =SUM(C21:N21) -> 116 | R21: 1800-1900 | S21: =SUM(C54:C57) -> 156 | T21: =SUM(D54:D57) -> 25 | U21: =SUM(E54:E57) -> 21 | V21: =SUM(F54:F57) -> 64 | W21: =SUM(G54:G57) -> 0 | X21: =SUM(H54:H57) -> 0 | Y21: =SUM(I54:I57) -> 13 | Z21: =SUM(J54:J57) -> 2 | ... AF21: =SUM(P54:P57) -> 489
B22: 10.00 - 10.15 | C22: 25 | D22: 2 | E22: 3 | F22: 16 | G22: 0 | H22: 0 | I22: 2 | J22: 0 | K22: 0 | L22: 0 | M22: 45 | N22: 0 | O22: =SUM(C22:L22,N22) -> 48 | P22: =SUM(C22:N22) -> 93 | R22: 1900-2000 | S22: =SUM(C58:C61) -> 169 | T22: =SUM(D58:D61) -> 21 | U22: =SUM(E58:E61) -> 13 | V22: =SUM(F58:F61) -> 72 | W22: =SUM(G58:G61) -> 0 | X22: =SUM(H58:H61) -> 0 | Y22: =SUM(I58:I61) -> 11 | Z22: =SUM(J58:J61) -> 2 | ... AF22: =SUM(P58:P61) -> 550
B23: 10.15 - 10.30 | C23: 39 | D23: 7 | E23: 5 | F23: 13 | G23: 0 | H23: 0 | I23: 4 | J23: 0 | K23: 0 | L23: 0 | M23: 66 | N23: 0 | O23: =SUM(C23:L23,N23) -> 68 | P23: =SUM(C23:N23) -> 134 | R23: 2000-2100 | S23: =SUM(C62:C65) -> 201 | T23: =SUM(D62:D65) -> 29 | U23: =SUM(E62:E65) -> 10 | V23: =SUM(F62:F65) -> 67 | W23: =SUM(G62:G65) -> 0 | X23: =SUM(H62:H65) -> 0 | Y23: =SUM(I62:I65) -> 7 | Z23: =SUM(J62:J65) -> 3 | ... AF23: =SUM(P62:P65) -> 482
B24: 10.30 - 10.45 | C24: 27 | D24: 7 | E24: 6 | F24: 6 | G24: 0 | H24: 0 | I24: 1 | J24: 0 | K24: 1 | L24: 0 | M24: 53 | N24: 0 | O24: =SUM(C24:L24,N24) -> 48 | P24: =SUM(C24:N24) -> 101 | R24: 2100-2200 | S24: =SUM(C66:C69) -> 156 | T24: =SUM(D66:D69) -> 17 | U24: =SUM(E66:E69) -> 13 | V24: =SUM(F66:F69) -> 73 | W24: =SUM(G66:G69) -> 1 | X24: =SUM(H66:H69) -> 0 | Y24: =SUM(I66:I69) -> 10 | Z24: =SUM(J66:J69) -> 0 | ... AF24: =SUM(P66:P69) -> 469
B25: 10.45 - 11.00 | C25: 40 | D25: 1 | E25: 5 | F25: 11 | G25: 0 | H25: 0 | I25: 3 | J25: 0 | K25: 0 | L25: 0 | M25: 63 | N25: 0 | O25: =SUM(C25:L25,N25) -> 60 | P25: =SUM(C25:N25) -> 123 | R25: 2200-2300 | S25: =SUM(C70:C73) -> 141 | T25: =SUM(D70:D73) -> 15 | U25: =SUM(E70:E73) -> 9 | V25: =SUM(F70:F73) -> 52 | W25: =SUM(G70:G73) -> 0 | X25: =SUM(H70:H73) -> 0 | Y25: =SUM(I70:I73) -> 8 | Z25: =SUM(J70:J73) -> 1 | ... AF25: =SUM(P70:P73) -> 415
B26: 11.00 - 11.15 | C26: 24 | D26: 4 | E26: 2 | F26: 11 | G26: 0 | H26: 0 | I26: 5 | J26: 0 | K26: 0 | L26: 0 | M26: 46 | N26: 0 | O26: =SUM(C26:L26,N26) -> 46 | P26: =SUM(C26:N26) -> 92 | R26: 2300-0000 | S26: =SUM(C74:C77) -> 106 | T26: =SUM(D74:D77) -> 13 | U26: =SUM(E74:E77) -> 9 | V26: =SUM(F74:F77) -> 24 | W26: =SUM(G74:G77) -> 0 | X26: =SUM(H74:H77) -> 0 | Y26: =SUM(I74:I77) -> 3 | Z26: =SUM(J74:J77) -> 0 | ... AF26: =SUM(P74:P77) -> 284
B27: 11.15 - 11.30 | C27: 19 | D27: 6 | E27: 8 | F27: 14 | G27: 0 | H27: 0 | I27: 1 | J27: 0 | K27: 0 | L27: 0 | M27: 60 | N27: 0 | O27: =SUM(C27:L27,N27) -> 48 | P27: =SUM(C27:N27) -> 108 | R27: 0000-0100 | S27: =SUM(C78:C81) -> 70 | T27: =SUM(D78:D81) -> 6 | U27: =SUM(E78:E81) -> 1 | V27: =SUM(F78:F81) -> 13 | W27: =SUM(G78:G81) -> 0 | X27: =SUM(H78:H81) -> 0 | Y27: =SUM(I78:I81) -> 1 | Z27: =SUM(J78:J81) -> 0 | ... AF27: =SUM(P78:P81) -> 183
B28: 11.30 - 11.45 | C28: 23 | D28: 10 | E28: 0 | F28: 12 | G28: 0 | H28: 0 | I28: 1 | J28: 1 | K28: 1 | L28: 0 | M28: 47 | N28: 0 | O28: =SUM(C28:L28,N28) -> 48 | P28: =SUM(C28:N28) -> 95 | R28: 0100-0200 | S28: =SUM(C82:C85) -> 39 | T28: =SUM(D82:D85) -> 7 | U28: =SUM(E82:E85) -> 3 | V28: =SUM(F82:F85) -> 0 | W28: =SUM(G82:G85) -> 0 | X28: =SUM(H82:H85) -> 0 | Y28: =SUM(I82:I85) -> 2 | Z28: =SUM(J82:J85) -> 0 | ... AF28: =SUM(P82:P85) -> 84
B29: 11.45 - 12.00 | C29: 39 | D29: 7 | E29: 2 | F29: 16 | G29: 0 | H29: 0 | I29: 5 | J29: 1 | K29: 0 | L29: 0 | M29: 66 | N29: 0 | O29: =SUM(C29:L29,N29) -> 70 | P29: =SUM(C29:N29) -> 136 | R29: 0200-0300 | S29: =SUM(C86:C89) -> 17 | T29: =SUM(D86:D89) -> 7 | U29: =SUM(E86:E89) -> 1 | V29: =SUM(F86:F89) -> 0 | W29: =SUM(G86:G89) -> 0 | X29: =SUM(H86:H89) -> 0 | Y29: =SUM(I86:I89) -> 3 | Z29: =SUM(J86:J89) -> 0 | ... AF29: =SUM(P86:P89) -> 59
B30: 12.00 - 12.15 | C30: 24 | D30: 1 | E30: 4 | F30: 12 | G30: 0 | H30: 0 | I30: 2 | J30: 0 | K30: 0 | L30: 0 | M30: 37 | N30: 0 | O30: =SUM(C30:L30,N30) -> 43 | P30: =SUM(C30:N30) -> 80 | R30: 0300-0400 | S30: =SUM(C90:C93) -> 21 | T30: =SUM(D90:D93) -> 9 | U30: =SUM(E90:E93) -> 1 | V30: =SUM(F90:F93) -> 0 | W30: =SUM(G90:G93) -> 0 | X30: =SUM(H90:H93) -> 0 | Y30: =SUM(I90:I93) -> 1 | Z30: =SUM(J90:J93) -> 1 | ... AF30: =SUM(P90:P93) -> 52
B31: 12.15 - 12.30 | C31: 27 | D31: 5 | E31: 1 | F31: 15 | G31: 0 | H31: 0 | I31: 3 | J31: 1 | K31: 0 | L31: 0 | M31: 40 | N31: 0 | O31: =SUM(C31:L31,N31) -> 52 | P31: =SUM(C31:N31) -> 92 | R31: 0400-0500 | S31: =SUM(C94:C97) -> 25 | T31: =SUM(D94:D97) -> 5 | U31: =SUM(E94:E97) -> 4 | V31: =SUM(F94:F97) -> 2 | W31: =SUM(G94:G97) -> 0 | X31: =SUM(H94:H97) -> 0 | Y31: =SUM(I94:I97) -> 0 | Z31: =SUM(J94:J97) -> 0 | ... AF31: =SUM(P94:P97) -> 52
B32: 12.30 - 12.45 | C32: 23 | D32: 3 | E32: 2 | F32: 16 | G32: 0 | H32: 0 | I32: 3 | J32: 0 | K32: 0 | L32: 0 | M32: 62 | N32: 0 | O32: =SUM(C32:L32,N32) -> 47 | P32: =SUM(C32:N32) -> 109 | R32: 0500-0600 | S32: =SUM(C98:C101) -> 23 | T32: =SUM(D98:D101) -> 1 | U32: =SUM(E98:E101) -> 1 | V32: =SUM(F98:F101) -> 10 | W32: =SUM(G98:G101) -> 0 | X32: =SUM(H98:H101) -> 0 | Y32: =SUM(I98:I101) -> 0 | Z32: =SUM(J98:J101) -> 1 | ... AF32: =SUM(P98:P101) -> 72
B33: 12.45 - 13.00 | C33: 23 | D33: 3 | E33: 4 | F33: 10 | G33: 0 | H33: 0 | I33: 3 | J33: 1 | K33: 0 | L33: 0 | M33: 52 | N33: 0 | O33: =SUM(C33:L33,N33) -> 44 | P33: =SUM(C33:N33) -> 96 | R33: 0600-0700 | S33: =SUM(C102:C105) -> 35 | T33: =SUM(D102:D105) -> 3 | U33: =SUM(E102:E105) -> 5 | V33: =SUM(F102:F105) -> 42 | W33: =SUM(G102:G105) -> 0 | X33: =SUM(H102:H105) -> 0 | Y33: =SUM(I102:I105) -> 3 | Z33: =SUM(J102:J105) -> 0 | ... AF33: =SUM(P102:P105) -> 149
B34: 13.00 - 13.15 | C34: 27 | D34: 2 | E34: 2 | F34: 13 | G34: 1 | H34: 0 | I34: 2 | J34: 0 | K34: 0 | L34: 0 | M34: 51 | N34: 0 | O34: =SUM(C34:L34,N34) -> 47 | P34: =SUM(C34:N34) -> 98 | R34: AM Peak Hr | S34: =MAX(S10:S12) -> 126 | T34: =MAX(T10:T12) -> 13 | U34: =MAX(U10:U12) -> 17 | V34: =MAX(V10:V12) -> 96 | W34: =MAX(W10:W12) -> 2 | X34: =MAX(X10:X12) -> 1 | Y34: =MAX(Y10:Y12) -> 6 | Z34: =MAX(Z10:Z12) -> 2 | ... AF34: =MAX(AF10:AF12) -> 487
B35: 13.15 - 13.30 | C35: 33 | D35: 4 | E35: 5 | F35: 18 | G35: 0 | H35: 0 | I35: 2 | J35: 1 | K35: 0 | L35: 0 | M35: 55 | N35: 0 | O35: =SUM(C35:L35,N35) -> 63 | P35: =SUM(C35:N35) -> 118 | R35: IP Peak Hr | S35: =MAX(S13:S18) -> 137 | T35: =MAX(T13:T18) -> 38 | U35: =MAX(U13:U18) -> 19 | V35: =MAX(V13:V18) -> 62 | W35: =MAX(W13:W18) -> 5 | X35: =MAX(X13:X18) -> 0 | Y35: =MAX(Y13:Y18) -> 20 | Z35: =MAX(Z13:Z18) -> 4 | ... AF35: =MAX(AF13:AF18) -> 473
B36: 13.30 - 13.45 | C36: 25 | D36: 8 | E36: 3 | F36: 13 | G36: 0 | H36: 0 | I36: 3 | J36: 0 | K36: 0 | L36: 0 | M36: 49 | N36: 0 | O36: =SUM(C36:L36,N36) -> 52 | P36: =SUM(C36:N36) -> 101 | R36: PM Peak Hr | S36: =MAX(S19:S21) -> 156 | T36: =MAX(T19:T21) -> 26 | U36: =MAX(U19:U21) -> 21 | V36: =MAX(V19:V21) -> 64 | W36: =MAX(W19:W21) -> 1 | X36: =MAX(X19:X21) -> 0 | Y36: =MAX(Y19:Y21) -> 17 | Z36: =MAX(Z19:Z21) -> 2 | ... AF36: =MAX(AF19:AF21) -> 489
B37: 13.45 - 14.00 | C37: 23 | D37: 6 | E37: 2 | F37: 18 | G37: 0 | H37: 0 | I37: 3 | J37: 1 | K37: 0 | L37: 0 | M37: 54 | N37: 0 | O37: =SUM(C37:L37,N37) -> 53 | P37: =SUM(C37:N37) -> 107 | R37: AM Period | S37: =SUM(S10:S12) -> 322 | T37: =SUM(T10:T12) -> 29 | U37: =SUM(U10:U12) -> 35 | V37: =SUM(V10:V12) -> 239 | W37: =SUM(W10:W12) -> 2 | X37: =SUM(X10:X12) -> 1 | Y37: =SUM(Y10:Y12) -> 17 | Z37: =SUM(Z10:Z12) -> 2 | ... AF37: =SUM(AF10:AF12) -> 1315
B38: 14.00 - 14.15 | C38: 25 | D38: 8 | E38: 5 | F38: 14 | G38: 0 | H38: 0 | I38: 2 | J38: 1 | K38: 0 | L38: 0 | M38: 60 | N38: 0 | O38: =SUM(C38:L38,N38) -> 55 | P38: =SUM(C38:N38) -> 115 | R38: IP Period | S38: =SUM(S13:S18) -> 697 | T38: =SUM(T13:T18) -> 135 | U38: =SUM(U13:U18) -> 86 | V38: =SUM(V13:V18) -> 331 | W38: =SUM(W13:W18) -> 10 | X38: =SUM(X13:X18) -> 0 | Y38: =SUM(Y13:Y18) -> 79 | Z38: =SUM(Z13:Z18) -> 13 | ... AF38: =SUM(AF13:AF18) -> 2583
B39: 14.15 - 14.30 | C39: 33 | D39: 10 | E39: 2 | F39: 15 | G39: 0 | H39: 0 | I39: 3 | J39: 1 | K39: 0 | L39: 0 | M39: 26 | N39: 0 | O39: =SUM(C39:L39,N39) -> 64 | P39: =SUM(C39:N39) -> 90 | R39: PM Period | S39: =SUM(S19:S21) -> 425 | T39: =SUM(T19:T21) -> 75 | U39: =SUM(U19:U21) -> 55 | V39: =SUM(V19:V21) -> 186 | W39: =SUM(W19:W21) -> 1 | X39: =SUM(X19:X21) -> 0 | Y39: =SUM(Y19:Y21) -> 44 | Z39: =SUM(Z19:Z21) -> 6 | ... AF39: =SUM(AF19:AF21) -> 1391
B40: 14.30 - 14.45 | C40: 27 | D40: 0 | E40: 3 | F40: 13 | G40: 0 | H40: 0 | I40: 4 | J40: 1 | K40: 0 | L40: 1 | M40: 51 | N40: 0 | O40: =SUM(C40:L40,N40) -> 49 | P40: =SUM(C40:N40) -> 100 | R40: 12 Hours | S40: =SUM(S10:S21) -> 1444 | T40: =SUM(T10:T21) -> 239 | U40: =SUM(U10:U21) -> 176 | V40: =SUM(V10:V21) -> 756 | W40: =SUM(W10:W21) -> 13 | X40: =SUM(X10:X21) -> 1 | Y40: =SUM(Y10:Y21) -> 140 | Z40: =SUM(Z10:Z21) -> 21 | ... AF40: =SUM(AF10:AF21) -> 5289
B41: 14.45 - 15.00 | C41: 34 | D41: 3 | E41: 4 | F41: 19 | G41: 5 | H41: 0 | I41: 7 | J41: 0 | K41: 0 | L41: 0 | M41: 50 | N41: 0 | O41: =SUM(C41:L41,N41) -> 72 | P41: =SUM(C41:N41) -> 122 | R41: 24 Hrs/ADT | S41: =SUM(S10:S33) -> 2447 | T41: =SUM(T10:T33) -> 372 | U41: =SUM(U10:U33) -> 246 | V41: =SUM(V10:V33) -> 1111 | W41: =SUM(W10:W33) -> 14 | X41: =SUM(X10:X33) -> 1 | Y41: =SUM(Y10:Y33) -> 189 | Z41: =SUM(Z10:Z33) -> 29 | ... AF41: =SUM(AF10:AF33) -> 8140
B42: 15.00 - 15.15 | C42: 38 | D42: 10 | E42: 8 | F42: 19 | G42: 3 | H42: 0 | I42: 4 | J42: 1 | K42: 0 | L42: 0 | M42: 31 | N42: 0 | O42: =SUM(C42:L42,N42) -> 83 | P42: =SUM(C42:N42) -> 114 | R42: NEF | S42: =S41/S40 -> 1.6945983 | T42: =T41/T40 -> 1.5564854 | U42: =U41/U40 -> 1.3977273 | V42: =V41/V40 -> 1.4695767 | W42: =W41/W40 -> 1.0769231 | X42: =X41/X40 -> 1 | Y42: =Y41/Y40 -> 1.35 | Z42: =Z41/Z40 -> 1.3809524 | ... AC42: =AC41/AC40 -> 1.4933762 | AD42: =SUM(AD11:AD34) -> 0 | AE42: =AE41/AE40 -> 1.5796998 | AF42: =AF41/AF40 -> 1.5390433
B43: 15.15 - 15.30 | C43: 22 | D43: 12 | E43: 2 | F43: 13 | G43: 0 | H43: 0 | I43: 6 | J43: 0 | K43: 1 | L43: 0 | M43: 40 | N43: 0 | O43: =SUM(C43:L43,N43) -> 56 | P43: =SUM(C43:N43) -> 96
B44: 15.30 - 15.45 | C44: 43 | D44: 5 | E44: 4 | F44: 9 | G44: 0 | H44: 0 | I44: 8 | J44: 0 | K44: 0 | L44: 0 | M44: 67 | N44: 0 | O44: =SUM(C44:L44,N44) -> 69 | P44: =SUM(C44:N44) -> 136
B45: 15.45 - 16.00 | C45: 34 | D45: 11 | E45: 4 | F45: 15 | G45: 1 | H45: 0 | I45: 2 | J45: 3 | K45: 0 | L45: 0 | M45: 57 | N45: 0 | O45: =SUM(C45:L45,N45) -> 70 | P45: =SUM(C45:N45) -> 127
B46: 16.00 - 16.15 | C46: 26 | D46: 2 | E46: 3 | F46: 17 | G46: 0 | H46: 0 | I46: 2 | J46: 1 | K46: 0 | L46: 0 | M46: 64 | N46: 0 | O46: =SUM(C46:L46,N46) -> 51 | P46: =SUM(C46:N46) -> 115
B47: 16.15 -16.30 | C47: 47 | D47: 9 | E47: 4 | F47: 18 | G47: 0 | H47: 0 | I47: 6 | J47: 1 | K47: 0 | L47: 0 | M47: 59 | N47: 0 | O47: =SUM(C47:L47,N47) -> 85 | P47: =SUM(C47:N47) -> 144
B48: 16.30 -16.45 | C48: 40 | D48: 8 | E48: 4 | F48: 16 | G48: 0 | H48: 0 | I48: 5 | J48: 0 | K48: 1 | L48: 0 | M48: 25 | N48: 0 | O48: =SUM(C48:L48,N48) -> 74 | P48: =SUM(C48:N48) -> 99
B49: 16.45 -17.00 | C49: 25 | D49: 5 | E49: 3 | F49: 8 | G49: 0 | H49: 0 | I49: 4 | J49: 0 | K49: 0 | L49: 0 | M49: 49 | N49: 0 | O49: =SUM(C49:L49,N49) -> 45 | P49: =SUM(C49:N49) -> 94
B50: 17.00 -17.15 | C50: 36 | D50: 15 | E50: 5 | F50: 20 | G50: 0 | H50: 0 | I50: 5 | J50: 0 | K50: 0 | L50: 0 | M50: 50 | N50: 0 | O50: =SUM(C50:L50,N50) -> 81 | P50: =SUM(C50:N50) -> 131
B51: 17.15 -17.30 | C51: 38 | D51: 2 | E51: 6 | F51: 12 | G51: 0 | H51: 0 | I51: 2 | J51: 0 | K51: 0 | L51: 0 | M51: 44 | N51: 0 | O51: =SUM(C51:L51,N51) -> 60 | P51: =SUM(C51:N51) -> 104
B52: 17.30 -17.45 | C52: 33 | D52: 5 | E52: 5 | F52: 13 | G52: 0 | H52: 0 | I52: 3 | J52: 0 | K52: 0 | L52: 0 | M52: 56 | N52: 0 | O52: =SUM(C52:L52,N52) -> 59 | P52: =SUM(C52:N52) -> 115
B53: 17.45 -18.00 | C53: 24 | D53: 4 | E53: 4 | F53: 18 | G53: 1 | H53: 0 | I53: 4 | J53: 2 | K53: 0 | L53: 0 | M53: 43 | N53: 0 | O53: =SUM(C53:L53,N53) -> 57 | P53: =SUM(C53:N53) -> 100
B54: 18.00 - 18.15 | C54: 39 | D54: 6 | E54: 5 | F54: 16 | G54: 0 | H54: 0 | I54: 2 | J54: 1 | K54: 0 | L54: 0 | M54: 46 | N54: 0 | O54: =SUM(C54:L54,N54) -> 69 | P54: =SUM(C54:N54) -> 115
... B105: 06.45 - 07.00 | C105: 19 | D105: 0 | E105: 2 | F105: 16 | G105: 0 | H105: 0 | I105: 0 | J105: 0 | K105: 0 | L105: 0 | M105: 22 | N105: 0 | O105: =SUM(C105:L105,N105) -> 37 | P105: =SUM(C105:N105) -> 59
B106: Totals | C106: =SUM(C10:C105) -> 2447 | D106: =SUM(D10:D105) -> 372 | E106: =SUM(E10:E105) -> 246 | F106: =SUM(F10:F105) -> 1111 | G106: =SUM(G10:G105) -> 14 | H106: =SUM(H10:H105) -> 1 | I106: =SUM(I10:I105) -> 189 | J106: =SUM(J10:J105) -> 29 | ... P106: =SUM(P10:P105) -> 8140
B107: %ges + MCs | C107: =C106/$P$106 -> 0.30061425 | D107: =D106/$P$106 -> 0.045700246 | E107: =E106/$P$106 -> 0.03022113 | F107: =F106/$P$106 -> 0.13648649 | G107: =G106/$P$106 -> 0.0017199017 | H107: =H106/$P$106 -> 0.00012285012 | I107: =I106/$P$106 -> 0.023218673 | J107: =J106/$P$106 -> 0.0035626536 | ... N107: =N106/$P$106 -> 0
B108: %ges w/o MCs | C108: =C106/$O$106 -> 0.55361991 | D108: =D106/$O$106 -> 0.084162896 | E108: =E106/$O$106 -> 0.055656109 | F108: =F106/$O$106 -> 0.25135747 | G108: =G106/$O$106 -> 0.0031674208 | H108: =H106/$O$106 -> 0.00022624434 | I108: =I106/$O$106 -> 0.042760181 | J108: =J106/$O$106 -> 0.006561086 | ... L108: =L106/$O$106 -> 0.00067873303 | N108: =N106/$O$106 -> 0

Sheet 29.09 Salama-Munyonyo
B1: Consultancy services for Preparation of Expressway Development Master Plan (EDMP) for Uganda
B2: MANUAL CLASSIFIED COUNT (MCC)
B3: ROAD NAME: | C3: ='[3]23.9.19 SALAMA - MUNYONYO'!C3:G3 -> MCC - C2 - STN-51 - SALAMA ROAD
C5: Date | D5: 29.09.19 | F5: Location | G5: ='[3]28.09 Munyonyo-Salama-24h'!G5:H5 -> MUNYONYO P/S | J5: Surveyor | K5: Kenneth
C6: Dir. From | D6: ='[3]23.9.19 SALAMA - MUNYONYO'!D6:E6 -> SALAMA | F6: Dir. To | G6: ='[3]23.9.19 SALAMA - MUNYONYO'!G6:H6 -> MUNYONYO | J6: Supervisor | K6: ='[3]28.09 Munyonyo-Salama-24h'!K6:L6 -> STEVE
B8: Time / Veh Type | R8: SUMMARY TRAFFIC VOLUMES
C9: 1. Car | D9: 2. Station Wagon | E9: 3. Pickups | F9: 4. Minibus, matatu | G9: 5. Medium bus | H9: 6. Large Bus | I9: 7. Light Truck | J9: 8. Medium Truck | K9: 9. Heavy truck | L9: 10. Truck Trailer | M9: 11. Motor cycles | N9: 12. Tractors | O9: Total Excl M/Cycles | P9: Total All | R9: Time | S9: 1. Car | T9: 2. Station Wagon | U9: 3. Pickups | V9: 4. Minibus, matatu | W9: 5. Medium bus | X9: 6. Large Bus | Y9: 7. Light Truck | Z9: 8. Medium Truck | AA9: 9. Heavy truck | AB9: 10. Truck Trailer | AC9: 11. Motorcycles | AD9: 12. Tractors, Graders | AE9: Total Excl M/ Cycles | AF9: Total All
B10: 07.00 - 07.15 | C10: 11 | D10: 3 | E10: 2 | F10: 24 | G10: 0 | H10: 0 | I10: 2 | J10: 0 | K10: 0 | L10: 0 | M10: 35 | N10: 0 | O10: =SUM(C10:L10,N10) -> 42 | P10: =SUM(C10:N10) -> 77 | R10: 0700-0800 | S10: =SUM(C10:C13) -> 51 | T10: =SUM(D10:D13) -> 5 | U10: =SUM(E10:E13) -> 6 | V10: =SUM(F10:F13) -> 73 | W10: =SUM(G10:G13) -> 0 | X10: =SUM(H10:H13) -> 1 | Y10: =SUM(I10:I13) -> 10 | Z10: =SUM(J10:J13) -> 0 | ... AF10: =SUM(P10:P13) -> 253
B11: 07.15 - 07.30 | C11: 13 | D11: 1 | E11: 1 | F11: 18 | G11: 0 | H11: 1 | I11: 0 | J11: 0 | K11: 0 | L11: 0 | M11: 20 | N11: 0 | O11: =SUM(C11:L11,N11) -> 34 | P11: =SUM(C11:N11) -> 54 | R11: 0800-0900 | S11: =SUM(C14:C17) -> 75 | T11: =SUM(D14:D17) -> 1 | U11: =SUM(E14:E17) -> 8 | V11: =SUM(F14:F17) -> 93 | W11: =SUM(G14:G17) -> 0 | X11: =SUM(H14:H17) -> 0 | Y11: =SUM(I14:I17) -> 3 | Z11: =SUM(J14:J17) -> 0 | ... AF11: =SUM(P14:P17) -> 344
B12: 07.30 - 07.45 | C12: 11 | D12: 1 | E12: 2 | F12: 19 | G12: 0 | H12: 0 | I12: 3 | J12: 0 | K12: 0 | L12: 0 | M12: 23 | N12: 0 | O12: =SUM(C12:L12,N12) -> 36 | P12: =SUM(C12:N12) -> 59 | R12: 0900-1000 | S12: =SUM(C18:C21) -> 128 | T12: =SUM(D18:D21) -> 21 | U12: =SUM(E18:E21) -> 12 | V12: =SUM(F18:F21) -> 79 | W12: =SUM(G18:G21) -> 0 | X12: =SUM(H18:H21) -> 0 | Y12: =SUM(I18:I21) -> 3 | Z12: =SUM(J18:J21) -> 3 | ... AF12: =SUM(P18:P21) -> 496
B13: 07.45 - 08.00 | C13: 16 | D13: 0 | E13: 1 | F13: 12 | G13: 0 | H13: 0 | I13: 5 | J13: 0 | K13: 0 | L13: 0 | M13: 29 | N13: 0 | O13: =SUM(C13:L13,N13) -> 34 | P13: =SUM(C13:N13) -> 63 | R13: 1000-1100 | S13: =SUM(C22:C25) -> 110 | T13: =SUM(D22:D25) -> 17 | U13: =SUM(E22:E25) -> 2 | V13: =SUM(F22:F25) -> 82 | W13: =SUM(G22:G25) -> 0 | X13: =SUM(H22:H25) -> 0 | Y13: =SUM(I22:I25) -> 11 | Z13: =SUM(J22:J25) -> 0 | ... AF13: =SUM(P22:P25) -> 455
B14: 08.00 - 08.15 | C14: 11 | D14: 0 | E14: 2 | F14: 23 | G14: 0 | H14: 0 | I14: 2 | J14: 0 | K14: 0 | L14: 0 | M14: 33 | N14: 0 | O14: =SUM(C14:L14,N14) -> 38 | P14: =SUM(C14:N14) -> 71 | R14: 1100-1200 | S14: =SUM(C26:C29) -> 149 | T14: =SUM(D26:D29) -> 24 | U14: =SUM(E26:E29) -> 18 | V14: =SUM(F26:F29) -> 85 | W14: =SUM(G26:G29) -> 0 | X14: =SUM(H26:H29) -> 0 | Y14: =SUM(I26:I29) -> 10 | Z14: =SUM(J26:J29) -> 0 | ... AF14: =SUM(P26:P29) -> 571
B15: 08.15 - 08.30 | C15: 27 | D15: 0 | E15: 3 | F15: 33 | G15: 0 | H15: 0 | I15: 0 | J15: 0 | K15: 0 | L15: 0 | M15: 43 | N15: 0 | O15: =SUM(C15:L15,N15) -> 63 | P15: =SUM(C15:N15) -> 106 | R15: 1200-1300 | S15: =SUM(C30:C33) -> 117 | T15: =SUM(D30:D33) -> 17 | U15: =SUM(E30:E33) -> 11 | V15: =SUM(F30:F33) -> 85 | W15: =SUM(G30:G33) -> 0 | X15: =SUM(H30:H33) -> 0 | Y15: =SUM(I30:I33) -> 12 | Z15: =SUM(J30:J33) -> 0 | ... AF15: =SUM(P30:P33) -> 319
B16: 08.30 - 08.45 | C16: 19 | D16: 1 | E16: 2 | F16: 7 | G16: 0 | H16: 0 | I16: 1 | J16: 0 | K16: 0 | L16: 0 | M16: 59 | N16: 0 | O16: =SUM(C16:L16,N16) -> 30 | P16: =SUM(C16:N16) -> 89 | R16: 1300-1400 | S16: =SUM(C34:C37) -> 175 | T16: =SUM(D34:D37) -> 16 | U16: =SUM(E34:E37) -> 7 | V16: =SUM(F34:F37) -> 86 | W16: =SUM(G34:G37) -> 1 | X16: =SUM(H34:H37) -> 0 | Y16: =SUM(I34:I37) -> 5 | Z16: =SUM(J34:J37) -> 2 | ... AF16: =SUM(P34:P37) -> 448
B17: 08.45 - 9.00 | C17: 18 | D17: 0 | E17: 1 | F17: 30 | G17: 0 | H17: 0 | I17: 0 | J17: 0 | K17: 0 | L17: 0 | M17: 29 | N17: 0 | O17: =SUM(C17:L17,N17) -> 49 | P17: =SUM(C17:N17) -> 78 | R17: 1400-1500 | S17: =SUM(C38:C41) -> 275 | T17: =SUM(D38:D41) -> 16 | U17: =SUM(E38:E41) -> 17 | V17: =SUM(F38:F41) -> 74 | W17: =SUM(G38:G41) -> 0 | X17: =SUM(H38:H41) -> 0 | Y17: =SUM(I38:I41) -> 9 | Z17: =SUM(J38:J41) -> 0 | ... AF17: =SUM(P38:P41) -> 544
B18: 09.00 - 09.15 | C18: 20 | D18: 4 | E18: 2 | F18: 28 | G18: 0 | H18: 0 | I18: 0 | J18: 1 | K18: 0 | L18: 0 | M18: 59 | N18: 0 | O18: =SUM(C18:L18,N18) -> 55 | P18: =SUM(C18:N18) -> 114 | R18: 1500-1600 | S18: =SUM(C42:C45) -> 228 | T18: =SUM(D42:D45) -> 27 | U18: =SUM(E42:E45) -> 14 | V18: =SUM(F42:F45) -> 64 | W18: =SUM(G42:G45) -> 0 | X18: =SUM(H42:H45) -> 0 | Y18: =SUM(I42:I45) -> 7 | Z18: =SUM(J42:J45) -> 2 | ... AF18: =SUM(P42:P45) -> 543
B19: 09.15 - 09.30 | C19: 24 | D19: 2 | E19: 3 | F19: 17 | G19: 0 | H19: 0 | I19: 0 | J19: 0 | K19: 0 | L19: 0 | M19: 81 | N19: 0 | O19: =SUM(C19:L19,N19) -> 46 | P19: =SUM(C19:N19) -> 127 | R19: 1600-1700 | S19: =SUM(C46:C49) -> 231 | T19: =SUM(D46:D49) -> 12 | U19: =SUM(E46:E49) -> 9 | V19: =SUM(F46:F49) -> 139 | W19: =SUM(G46:G49) -> 0 | X19: =SUM(H46:H49) -> 0 | Y19: =SUM(I46:I49) -> 12 | Z19: =SUM(J46:J49) -> 0 | ... AF19: =SUM(P46:P49) -> 580
B20: 09.30 - 09.45 | C20: 45 | D20: 7 | E20: 6 | F20: 2 | G20: 0 | H20: 0 | I20: 3 | J20: 2 | K20: 0 | L20: 0 | M20: 41 | N20: 0 | O20: =SUM(C20:L20,N20) -> 65 | P20: =SUM(C20:N20) -> 106 | R20: 1700-1800 | S20: =SUM(C50:C53) -> 220 | T20: =SUM(D50:D53) -> 19 | U20: =SUM(E50:E53) -> 5 | V20: =SUM(F50:F53) -> 82 | W20: =SUM(G50:G53) -> 0 | X20: =SUM(H50:H53) -> 0 | Y20: =SUM(I50:I53) -> 3 | Z20: =SUM(J50:J53) -> 2 | ... AF20: =SUM(P50:P53) -> 517
B21: 09.45 - 10.00 | C21: 39 | D21: 8 | E21: 1 | F21: 32 | G21: 0 | H21: 0 | I21: 0 | J21: 0 | K21: 0 | L21: 0 | M21: 69 | N21: 0 | O21: =SUM(C21:L21,N21) -> 80 | P21: =SUM(C21:N21) -> 149 | R21: 1800-1900 | S21: =SUM(C54:C57) -> 189 | T21: =SUM(D54:D57) -> 13 | U21: =SUM(E54:E57) -> 16 | V21: =SUM(F54:F57) -> 86 | W21: =SUM(G54:G57) -> 0 | X21: =SUM(H54:H57) -> 0 | Y21: =SUM(I54:I57) -> 14 | Z21: =SUM(J54:J57) -> 0 | ... AF21: =SUM(P54:P57) -> 515
B22: 10.00 - 10.15 | C22: 23 | D22: 4 | E22: 0 | F22: 25 | G22: 0 | H22: 0 | I22: 1 | J22: 0 | K22: 0 | L22: 0 | M22: 79 | N22: 0 | O22: =SUM(C22:L22,N22) -> 53 | P22: =SUM(C22:N22) -> 132 | R22: AM Peak Hr | S22: =MAX(S10:S12) -> 128 | T22: =MAX(T10:T12) -> 21 | U22: =MAX(U10:U12) -> 12 | V22: =MAX(V10:V12) -> 93 | W22: =MAX(W10:W12) -> 0 | X22: =MAX(X10:X12) -> 1 | Y22: =MAX(Y10:Y12) -> 10 | Z22: =MAX(Z10:Z12) -> 3 | ... AF22: =MAX(AF10:AF12) -> 496
B23: 10.15 - 10.30 | C23: 30 | D23: 7 | E23: 2 | F23: 20 | G23: 0 | H23: 0 | I23: 1 | J23: 0 | K23: 0 | L23: 0 | M23: 64 | N23: 0 | O23: =SUM(C23:L23,N23) -> 60 | P23: =SUM(C23:N23) -> 124 | R23: IP Peak Hr | S23: =MAX(S13:S18) -> 275 | T23: =MAX(T13:T18) -> 27 | U23: =MAX(U13:U18) -> 18 | V23: =MAX(V13:V18) -> 86 | W23: =MAX(W13:W18) -> 1 | X23: =MAX(X13:X18) -> 0 | Y23: =MAX(Y13:Y18) -> 12 | Z23: =MAX(Z13:Z18) -> 2 | ... AF23: =MAX(AF13:AF18) -> 571
B24: 10.30 - 10.45 | C24: 28 | D24: 2 | E24: 0 | F24: 12 | G24: 0 | H24: 0 | I24: 4 | J24: 0 | K24: 0 | L24: 0 | M24: 43 | N24: 0 | O24: =SUM(C24:L24,N24) -> 46 | P24: =SUM(C24:N24) -> 89 | R24: PM Peak Hr | S24: =MAX(S19:S21) -> 231 | T24: =MAX(T19:T21) -> 19 | U24: =MAX(U19:U21) -> 16 | V24: =MAX(V19:V21) -> 139 | W24: =MAX(W19:W21) -> 0 | X24: =MAX(X19:X21) -> 0 | Y24: =MAX(Y19:Y21) -> 14 | Z24: =MAX(Z19:Z21) -> 2 | ... AF24: =MAX(AF19:AF21) -> 580
B25: 10.45 - 11.00 | C25: 29 | D25: 4 | E25: 0 | F25: 25 | G25: 0 | H25: 0 | I25: 5 | J25: 0 | K25: 0 | L25: 0 | M25: 47 | N25: 0 | O25: =SUM(C25:L25,N25) -> 63 | P25: =SUM(C25:N25) -> 110 | R25: AM Period | S25: =SUM(S10:S12) -> 254 | T25: =SUM(T10:T12) -> 27 | U25: =SUM(U10:U12) -> 26 | V25: =SUM(V10:V12) -> 245 | W25: =SUM(W10:W12) -> 0 | X25: =SUM(X10:X12) -> 1 | Y25: =SUM(Y10:Y12) -> 16 | Z25: =SUM(Z10:Z12) -> 3 | ... AF25: =SUM(AF10:AF12) -> 1093
B26: 11.00 - 11.15 | C26: 23 | D26: 9 | E26: 3 | F26: 24 | G26: 0 | H26: 0 | I26: 0 | J26: 0 | K26: 0 | L26: 0 | M26: 74 | N26: 0 | O26: =SUM(C26:L26,N26) -> 59 | P26: =SUM(C26:N26) -> 133 | R26: IP Period | S26: =SUM(S13:S18) -> 1054 | T26: =SUM(T13:T18) -> 117 | U26: =SUM(U13:U18) -> 69 | V26: =SUM(V13:V18) -> 476 | W26: =SUM(W13:W18) -> 1 | X26: =SUM(X13:X18) -> 0 | Y26: =SUM(Y13:Y18) -> 54 | Z26: =SUM(Z13:Z18) -> 4 | ... AF26: =SUM(AF13:AF18) -> 2880
B27: 11.15 - 11.30 | C27: 39 | D27: 2 | E27: 3 | F27: 18 | G27: 0 | H27: 0 | I27: 2 | J27: 0 | K27: 0 | L27: 0 | M27: 53 | N27: 0 | O27: =SUM(C27:L27,N27) -> 64 | P27: =SUM(C27:N27) -> 117 | R27: PM Period | S27: =SUM(S19:S21) -> 640 | T27: =SUM(T19:T21) -> 44 | U27: =SUM(U19:U21) -> 30 | V27: =SUM(V19:V21) -> 307 | W27: =SUM(W19:W21) -> 0 | X27: =SUM(X19:X21) -> 0 | Y27: =SUM(Y19:Y21) -> 29 | Z27: =SUM(Z19:Z21) -> 2 | ... AF27: =SUM(AF19:AF21) -> 1612
B28: 11.30 - 11.45 | C28: 39 | D28: 6 | E28: 4 | F28: 19 | G28: 0 | H28: 0 | I28: 5 | J28: 0 | K28: 0 | L28: 0 | M28: 84 | N28: 0 | O28: =SUM(C28:L28,N28) -> 73 | P28: =SUM(C28:N28) -> 157 | R28: 12 Hours | S28: =SUM(S10:S21) -> 1948 | T28: =SUM(T10:T21) -> 188 | U28: =SUM(U10:U21) -> 125 | V28: =SUM(V10:V21) -> 1028 | W28: =SUM(W10:W21) -> 1 | X28: =SUM(X10:X21) -> 1 | Y28: =SUM(Y10:Y21) -> 99 | Z28: =SUM(Z10:Z21) -> 9 | ... AF28: =SUM(AF10:AF21) -> 5585
B29: 11.45 - 12.00 | C29: 48 | D29: 7 | E29: 8 | F29: 24 | G29: 0 | H29: 0 | I29: 3 | J29: 0 | K29: 0 | L29: 0 | M29: 74 | N29: 0 | O29: =SUM(C29:L29,N29) -> 90 | P29: =SUM(C29:N29) -> 164
B30: 12.00 - 12.15 | C30: 35 | D30: 2 | E30: 5 | F30: 40 | G30: 0 | H30: 0 | I30: 1 | J30: 0 | K30: 0 | L30: 0 | M30: 44 | N30: 0 | O30: =SUM(C30:L30,N30) -> 83 | P30: =SUM(C30:N30) -> 127
B31: 12.15 - 12.30 | C31: 30 | D31: 6 | E31: 0 | F31: 10 | G31: 0 | H31: 0 | I31: 3 | J31: 0 | K31: 0 | L31: 0 | M31: 12 | N31: 0 | O31: =SUM(C31:L31,N31) -> 49 | P31: =SUM(C31:N31) -> 61
B32: 12.30 - 12.45 | C32: 23 | D32: 2 | E32: 2 | F32: 16 | G32: 0 | H32: 0 | I32: 2 | J32: 0 | K32: 1 | L32: 0 | M32: 7 | N32: 0 | O32: =SUM(C32:L32,N32) -> 46 | P32: =SUM(C32:N32) -> 53
B33: 12.45 - 13.00 | C33: 29 | D33: 7 | E33: 4 | F33: 19 | G33: 0 | H33: 0 | I33: 6 | J33: 0 | K33: 0 | L33: 0 | M33: 13 | N33: 0 | O33: =SUM(C33:L33,N33) -> 65 | P33: =SUM(C33:N33) -> 78
B34: 13.00 - 13.15 | C34: 41 | D34: 8 | E34: 1 | F34: 14 | G34: 0 | H34: 0 | I34: 3 | J34: 0 | K34: 1 | L34: 0 | M34: 23 | N34: 0 | O34: =SUM(C34:L34,N34) -> 68 | P34: =SUM(C34:N34) -> 91
B35: 13.15 - 13.30 | C35: 35 | D35: 4 | E35: 1 | F35: 29 | G35: 0 | H35: 0 | I35: 1 | J35: 1 | K35: 0 | L35: 0 | M35: 44 | N35: 0 | O35: =SUM(C35:L35,N35) -> 71 | P35: =SUM(C35:N35) -> 115
B36: 13.30 - 13.45 | C36: 45 | D36: 2 | E36: 1 | F36: 24 | G36: 1 | H36: 0 | I36: 0 | J36: 0 | K36: 0 | L36: 0 | M36: 43 | N36: 0 | O36: =SUM(C36:L36,N36) -> 73 | P36: =SUM(C36:N36) -> 116
B37: 13.45 - 14.00 | C37: 54 | D37: 2 | E37: 4 | F37: 19 | G37: 0 | H37: 0 | I37: 1 | J37: 1 | K37: 0 | L37: 0 | M37: 45 | N37: 0 | O37: =SUM(C37:L37,N37) -> 81 | P37: =SUM(C37:N37) -> 126
B38: 14.00 - 14.15 | C38: 71 | D38: 9 | E38: 3 | F38: 14 | G38: 0 | H38: 0 | I38: 4 | J38: 0 | K38: 2 | L38: 0 | M38: 40 | N38: 0 | O38: =SUM(C38:L38,N38) -> 103 | P38: =SUM(C38:N38) -> 143
B39: 14.15 - 14.30 | C39: 68 | D39: 1 | E39: 5 | F39: 17 | G39: 0 | H39: 0 | I39: 0 | J39: 0 | K39: 0 | L39: 0 | M39: 34 | N39: 0 | O39: =SUM(C39:L39,N39) -> 91 | P39: =SUM(C39:N39) -> 125
B40: 14.30 - 14.45 | C40: 78 | D40: 3 | E40: 1 | F40: 19 | G40: 0 | H40: 0 | I40: 3 | J40: 0 | K40: 0 | L40: 0 | M40: 28 | N40: 0 | O40: =SUM(C40:L40,N40) -> 104 | P40: =SUM(C40:N40) -> 132
... B57: 18.45 - 19.00 | C57: 40 | D57: 3 | E57: 1 | F57: 21 | G57: 0 | H57: 0 | I57: 1 | J57: 0 | K57: 0 | L57: 0 | M57: 54 | N57: 0 | O57: =SUM(C57:L57,N57) -> 66 | P57: =SUM(C57:N57) -> 120
B58: Totals | C58: =SUM(C10:C57) -> 1948 | D58: =SUM(D10:D57) -> 188 | E58: =SUM(E10:E57) -> 125 | F58: =SUM(F10:F57) -> 1028 | G58: =SUM(G10:G57) -> 1 | H58: =SUM(H10:H57) -> 1 | I58: =SUM(I10:I57) -> 99 | J58: =SUM(J10:J57) -> 9 | ... P58: =SUM(P10:P57) -> 5585
