Workbook

Sheet 23.09 Kira-Kyaliwalla
B1: Consultancy services for Preparation of Expressway Development Master Plan (EDMP) for Uganda
B2: MANUAL CLASSIFIED COUNT (MCC)
B3: ROAD NAME: | C3: MCC-C2-STNO72-KIRA KYALIWAJALLA
C5: Date | D5: 23.09.19 | F5: Location | G5: Kira Police Division | J5: Surveyor | K5: Nairuba Apothio
C6: Dir. From | D6: Kira | F6: Dir. To | G6: Kyaliwajara | J6: Supervisor | K6: ='[1]23.09.19-Namugongo-Ssonde'!K6:L6 -> Tracy
B8: Time / Veh Type | R8: SUMMARY TRAFFIC VOLUMES
C9: 1. Car | D9: 2. Station Wagon | E9: 3. Pickups | F9: 4. Minibus, matatu | G9: 5. Medium bus | H9: 6. Large Bus | I9: 7. Light Truck | J9: 8. Medium Truck | K9: 9. Heavy truck | L9: 10. Truck Trailer | M9: 11. Motor cycles | N9: 12. Tractors | O9: Total Excl M/Cycles | P9: Total All | R9: Time | S9: 1. Car | T9: 2. Station Wagon | U9: 3. Pickups | V9: 4. Minibus, matatu | W9: 5. Medium bus | X9: 6. Large Bus | Y9: 7. Light Truck | Z9: 8. Medium Truck | AA9: 9. Heavy truck | AB9: 10. Truck Trailer | AC9: 11. Motorcycles | AD9: 12. Tractors, Graders | AE9: Total Excl M/ Cycles | AF9: Total All
B10: 07.00 - 07.15 | C10: 0 | D10: 0 | E10: 0 | F10: 0 | G10: 0 | H10: 0 | I10: 0 | J10: 0 | K10: 0 | L10: 0 | M10: 0 | N10: 0 | O10: =SUM(C10:L10,N10) -> 0 | P10: =SUM(C10:N10) -> 0 | R10: 0700-0800 | S10: =SUM(C10:C13) -> 0 | T10: =SUM(D10:D13) -> 0 | U10: =SUM(E10:E13) -> 0 | V10: =SUM(F10:F13) -> 0 | W10: =SUM(G10:G13) -> 0 | X10: =SUM(H10:H13) -> 0 | Y10: =SUM(I10:I13) -> 0 | Z10: =SUM(J10:J13) -> 0 | ... AF10: =SUM(P10:P13) -> 0
B11: 07.15 - 07.30 | C11: 0 | D11: 0 | E11: 0 | F11: 0 | G11: 0 | H11: 0 | I11: 0 | J11: 0 | K11: 0 | L11: 0 | M11: 0 | N11: 0 | O11: =SUM(C11:L11,N11) -> 0 | P11: =SUM(C11:N11) -> 0 | R11: 0800-0900 | S11: =SUM(C14:C17) -> 168 | T11: =SUM(D14:D17) -> 103 | U11: =SUM(E14:E17) -> 49 | V11: =SUM(F14:F17) -> 72 | W11: =SUM(G14:G17) -> 0 | X11: =SUM(H14:H17) -> 0 | Y11: =SUM(I14:I17) -> 16 | Z11: =SUM(J14:J17) -> 12 | ... AF11: =SUM(P14:P17) -> 745
B12: 07.30 - 07.45 | C12: 0 | D12: 0 | E12: 0 | F12: 0 | G12: 0 | H12: 0 | I12: 0 | J12: 0 | K12: 0 | L12: 0 | M12: 0 | N12: 0 | O12: =SUM(C12:L12,N12) -> 0 | P12: =SUM(C12:N12) -> 0 | R12: 0900-1000 | S12: =SUM(C18:C21) -> 136 | T12: =SUM(D18:D21) -> 80 | U12: =SUM(E18:E21) -> 22 | V12: =SUM(F18:F21) -> 93 | W12: =SUM(G18:G21) -> 2 | X12: =SUM(H18:H21) -> 1 | Y12: =SUM(I18:I21) -> 19 | Z12: =SUM(J18:J21) -> 11 | ... AF12: =SUM(P18:P21) -> 747
B13: 07.45 - 08.00 | C13: 0 | D13: 0 | E13: 0 | F13: 0 | G13: 0 | H13: 0 | I13: 0 | J13: 0 | K13: 0 | L13: 0 | M13: 0 | N13: 0 | O13: =SUM(C13:L13,N13) -> 0 | P13: =SUM(C13:N13) -> 0 | R13: 1000-1100 | S13: =SUM(C22:C25) -> 156 | T13: =SUM(D22:D25) -> 62 | U13: =SUM(E22:E25) -> 16 | V13: =SUM(F22:F25) -> 71 | W13: =SUM(G22:G25) -> 0 | X13: =SUM(H22:H25) -> 0 | Y13: =SUM(I22:I25) -> 15 | Z13: =SUM(J22:J25) -> 14 | ... AF13: =SUM(P22:P25) -> 709
B14: 08.00 - 08.15 | C14: 23 | D14: 26 | E14: 7 | F14: 20 | G14: 0 | H14: 0 | I14: 3 | J14: 0 | K14: 0 | L14: 0 | M14: 40 | N14: 0 | O14: =SUM(C14:L14,N14) -> 79 | P14: =SUM(C14:N14) -> 119 | R14: 1100-1200 | S14: =SUM(C26:C29) -> 130 | T14: =SUM(D26:D29) -> 68 | U14: =SUM(E26:E29) -> 27 | V14: =SUM(F26:F29) -> 54 | W14: =SUM(G26:G29) -> 0 | X14: =SUM(H26:H29) -> 0 | Y14: =SUM(I26:I29) -> 14 | Z14: =SUM(J26:J29) -> 23 | ... AF14: =SUM(P26:P29) -> 623
B15: 08.15 - 08.30 | C15: 40 | D15: 15 | E15: 15 | F15: 12 | G15: 0 | H15: 0 | I15: 5 | J15: 0 | K15: 0 | L15: 0 | M15: 58 | N15: 0 | O15: =SUM(C15:L15,N15) -> 87 | P15: =SUM(C15:N15) -> 145 | R15: 1200-1300 | S15: =SUM(C30:C33) -> 108 | T15: =SUM(D30:D33) -> 45 | U15: =SUM(E30:E33) -> 29 | V15: =SUM(F30:F33) -> 60 | W15: =SUM(G30:G33) -> 0 | X15: =SUM(H30:H33) -> 0 | Y15: =SUM(I30:I33) -> 11 | Z15: =SUM(J30:J33) -> 20 | ... AF15: =SUM(P30:P33) -> 547
B16: 08.30 - 08.45 | C16: 59 | D16: 39 | E16: 16 | F16: 22 | G16: 0 | H16: 0 | I16: 4 | J16: 9 | K16: 0 | L16: 0 | M16: 121 | N16: 0 | O16: =SUM(C16:L16,N16) -> 149 | P16: =SUM(C16:N16) -> 270 | R16: 1300-1400 | S16: =SUM(C34:C37) -> 105 | T16: =SUM(D34:D37) -> 57 | U16: =SUM(E34:E37) -> 31 | V16: =SUM(F34:F37) -> 71 | W16: =SUM(G34:G37) -> 0 | X16: =SUM(H34:H37) -> 0 | Y16: =SUM(I34:I37) -> 14 | Z16: =SUM(J34:J37) -> 16 | ... AF16: =SUM(P34:P37) -> 546
B17: 08.45 - 9.00 | C17: 46 | D17: 23 | E17: 11 | F17: 18 | G17: 0 | H17: 0 | I17: 4 | J17: 3 | K17: 2 | L17: 0 | M17: 104 | N17: 0 | O17: =SUM(C17:L17,N17) -> 107 | P17: =SUM(C17:N17) -> 211 | R17: 1400-1500 | S17: =SUM(C38:C41) -> 93 | T17: =SUM(D38:D41) -> 35 | U17: =SUM(E38:E41) -> 22 | V17: =SUM(F38:F41) -> 71 | W17: =SUM(G38:G41) -> 0 | X17: =SUM(H38:H41) -> 0 | Y17: =SUM(I38:I41) -> 12 | Z17: =SUM(J38:J41) -> 26 | ... AF17: =SUM(P38:P41) -> 424
B18: 09.00 - 09.15 | C18: 36 | D18: 23 | E18: 7 | F18: 23 | G18: 0 | H18: 0 | I18: 3 | J18: 0 | K18: 0 | L18: 0 | M18: 95 | N18: 0 | O18: =SUM(C18:L18,N18) -> 92 | P18: =SUM(C18:N18) -> 187 | R18: 1500-1600 | S18: =SUM(C42:C45) -> 91 | T18: =SUM(D42:D45) -> 64 | U18: =SUM(E42:E45) -> 11 | V18: =SUM(F42:F45) -> 61 | W18: =SUM(G42:G45) -> 1 | X18: =SUM(H42:H45) -> 1 | Y18: =SUM(I42:I45) -> 16 | Z18: =SUM(J42:J45) -> 20 | ... AF18: =SUM(P42:P45) -> 393
B19: 09.15 - 09.30 | C19: 35 | D19: 22 | E19: 1 | F19: 28 | G19: 0 | H19: 0 | I19: 4 | J19: 3 | K19: 0 | L19: 2 | M19: 96 | N19: 0 | O19: =SUM(C19:L19,N19) -> 95 | P19: =SUM(C19:N19) -> 191 | R19: 1600-1700 | S19: =SUM(C46:C49) -> 100 | T19: =SUM(D46:D49) -> 100 | U19: =SUM(E46:E49) -> 32 | V19: =SUM(F46:F49) -> 59 | W19: =SUM(G46:G49) -> 2 | X19: =SUM(H46:H49) -> 0 | Y19: =SUM(I46:I49) -> 24 | Z19: =SUM(J46:J49) -> 11 | ... AF19: =SUM(P46:P49) -> 555
B20: 09.30 - 09.45 | C20: 26 | D20: 20 | E20: 10 | F20: 23 | G20: 1 | H20: 0 | I20: 8 | J20: 7 | K20: 0 | L20: 0 | M20: 99 | N20: 0 | O20: =SUM(C20:L20,N20) -> 95 | P20: =SUM(C20:N20) -> 194 | R20: 1700-1800 | S20: =SUM(C50:C53) -> 96 | T20: =SUM(D50:D53) -> 158 | U20: =SUM(E50:E53) -> 27 | V20: =SUM(F50:F53) -> 79 | W20: =SUM(G50:G53) -> 4 | X20: =SUM(H50:H53) -> 0 | Y20: =SUM(I50:I53) -> 33 | Z20: =SUM(J50:J53) -> 6 | ... AF20: =SUM(P50:P53) -> 676
B21: 09.45 - 10.00 | C21: 39 | D21: 15 | E21: 4 | F21: 19 | G21: 1 | H21: 1 | I21: 4 | J21: 1 | K21: 1 | L21: 0 | M21: 90 | N21: 0 | O21: =SUM(C21:L21,N21) -> 85 | P21: =SUM(C21:N21) -> 175 | R21: 1800-1900 | S21: =SUM(C54:C57) -> 56 | T21: =SUM(D54:D57) -> 158 | U21: =SUM(E54:E57) -> 17 | V21: =SUM(F54:F57) -> 66 | W21: =SUM(G54:G57) -> 1 | X21: =SUM(H54:H57) -> 0 | Y21: =SUM(I54:I57) -> 22 | Z21: =SUM(J54:J57) -> 3 | ... AF21: =SUM(P54:P57) -> 573
B22: 10.00 - 10.15 | C22: 43 | D22: 27 | E22: 5 | F22: 22 | G22: 0 | H22: 0 | I22: 3 | J22: 3 | K22: 0 | L22: 0 | M22: 103 | N22: 0 | O22: =SUM(C22:L22,N22) -> 103 | P22: =SUM(C22:N22) -> 206 | R22: AM Peak Hr | S22: =MAX(S10:S12) -> 168 | T22: =MAX(T10:T12) -> 103 | U22: =MAX(U10:U12) -> 49 | V22: =MAX(V10:V12) -> 93 | W22: =MAX(W10:W12) -> 2 | X22: =MAX(X10:X12) -> 1 | Y22: =MAX(Y10:Y12) -> 19 | Z22: =MAX(Z10:Z12) -> 12 | ... AF22: =MAX(AF10:AF12) -> 747
B23: 10.15 - 10.30 | C23: 36 | D23: 15 | E23: 7 | F23: 15 | G23: 0 | H23: 0 | I23: 6 | J23: 6 | K23: 1 | L23: 0 | M23: 96 | N23: 0 | O23: =SUM(C23:L23,N23) -> 86 | P23: =SUM(C23:N23) -> 182 | R23: IP Peak Hr | S23: =MAX(S13:S18) -> 156 | T23: =MAX(T13:T18) -> 68 | U23: =MAX(U13:U18) -> 31 | V23: =MAX(V13:V18) -> 71 | W23: =MAX(W13:W18) -> 1 | X23: =MAX(X13:X18) -> 1 | Y23: =MAX(Y13:Y18) -> 16 | Z23: =MAX(Z13:Z18) -> 26 | ... AF23: =MAX(AF13:AF18) -> 709
B24: 10.30 - 10.45 | C24: 45 | D24: 13 | E24: 1 | F24: 16 | G24: 0 | H24: 0 | I24: 3 | J24: 4 | K24: 1 | L24: 0 | M24: 90 | N24: 0 | O24: =SUM(C24:L24,N24) -> 83 | P24: =SUM(C24:N24) -> 173 | R24: PM Peak Hr | S24: =MAX(S19:S21) -> 100 | T24: =MAX(T19:T21) -> 158 | U24: =MAX(U19:U21) -> 32 | V24: =MAX(V19:V21) -> 79 | W24: =MAX(W19:W21) -> 4 | X24: =MAX(X19:X21) -> 0 | Y24: =MAX(Y19:Y21) -> 33 | Z24: =MAX(Z19:Z21) -> 11 | ... AF24: =MAX(AF19:AF21) -> 676
B25: 10.45 - 11.00 | C25: 32 | D25: 7 | E25: 3 | F25: 18 | G25: 0 | H25: 0 | I25: 3 | J25: 1 | K25: 2 | L25: 0 | M25: 82 | N25: 0 | O25: =SUM(C25:L25,N25) -> 66 | P25: =SUM(C25:N25) -> 148 | R25: AM Period | S25: =SUM(S10:S12) -> 304 | T25: =SUM(T10:T12) -> 183 | U25: =SUM(U10:U12) -> 71 | V25: =SUM(V10:V12) -> 165 | W25: =SUM(W10:W12) -> 2 | X25: =SUM(X10:X12) -> 1 | Y25: =SUM(Y10:Y12) -> 35 | Z25: =SUM(Z10:Z12) -> 23 | ... AF25: =SUM(AF10:AF12) -> 1492
B26: 11.00 - 11.15 | C26: 41 | D26: 30 | E26: 5 | F26: 21 | G26: 0 | H26: 0 | I26: 6 | J26: 6 | K26: 0 | L26: 0 | M26: 85 | N26: 0 | O26: =SUM(C26:L26,N26) -> 109 | P26: =SUM(C26:N26) -> 194 | R26: IP Period | S26: =SUM(S13:S18) -> 683 | T26: =SUM(T13:T18) -> 331 | U26: =SUM(U13:U18) -> 136 | V26: =SUM(V13:V18) -> 388 | W26: =SUM(W13:W18) -> 1 | X26: =SUM(X13:X18) -> 1 | Y26: =SUM(Y13:Y18) -> 82 | Z26: =SUM(Z13:Z18) -> 119 | ... AF26: =SUM(AF13:AF18) -> 3242
B27: 11.15 - 11.30 | C27: 28 | D27: 18 | E27: 3 | F27: 12 | G27: 0 | H27: 0 | I27: 1 | J27: 7 | K27: 0 | L27: 0 | M27: 68 | N27: 0 | O27: =SUM(C27:L27,N27) -> 69 | P27: =SUM(C27:N27) -> 137 | R27: PM Period | S27: =SUM(S19:S21) -> 252 | T27: =SUM(T19:T21) -> 416 | U27: =SUM(U19:U21) -> 76 | V27: =SUM(V19:V21) -> 204 | W27: =SUM(W19:W21) -> 7 | X27: =SUM(X19:X21) -> 0 | Y27: =SUM(Y19:Y21) -> 79 | Z27: =SUM(Z19:Z21) -> 20 | ... AF27: =SUM(AF19:AF21) -> 1804
B28: 11.30 - 11.45 | C28: 30 | D28: 10 | E28: 11 | F28: 13 | G28: 0 | H28: 0 | I28: 2 | J28: 8 | K28: 0 | L28: 0 | M28: 76 | N28: 0 | O28: =SUM(C28:L28,N28) -> 74 | P28: =SUM(C28:N28) -> 150 | R28: 12 Hours | S28: =SUM(S10:S21) -> 1239 | T28: =SUM(T10:T21) -> 930 | U28: =SUM(U10:U21) -> 283 | V28: =SUM(V10:V21) -> 757 | W28: =SUM(W10:W21) -> 10 | X28: =SUM(X10:X21) -> 2 | Y28: =SUM(Y10:Y21) -> 196 | Z28: =SUM(Z10:Z21) -> 162 | ... AF28: =SUM(AF10:AF21) -> 6538
B29: 11.45 - 12.00 | C29: 31 | D29: 10 | E29: 8 | F29: 8 | G29: 0 | H29: 0 | I29: 5 | J29: 2 | K29: 3 | L29: 0 | M29: 75 | N29: 0 | O29: =SUM(C29:L29,N29) -> 67 | P29: =SUM(C29:N29) -> 142
B30: 12.00 - 12.15 | C30: 48 | D30: 14 | E30: 3 | F30: 26 | G30: 0 | H30: 0 | I30: 5 | J30: 7 | K30: 0 | L30: 0 | M30: 87 | N30: 0 | O30: =SUM(C30:L30,N30) -> 103 | P30: =SUM(C30:N30) -> 190
B31: 12.15 - 12.30 | C31: 17 | D31: 10 | E31: 4 | F31: 10 | G31: 0 | H31: 0 | I31: 3 | J31: 5 | K31: 0 | L31: 0 | M31: 72 | N31: 0 | O31: =SUM(C31:L31,N31) -> 49 | P31: =SUM(C31:N31) -> 121
B32: 12.30 - 12.45 | C32: 20 | D32: 12 | E32: 17 | F32: 14 | G32: 0 | H32: 0 | I32: 1 | J32: 3 | K32: 0 | L32: 0 | M32: 55 | N32: 0 | O32: =SUM(C32:L32,N32) -> 67 | P32: =SUM(C32:N32) -> 122
B33: 12.45 - 13.00 | C33: 23 | D33: 9 | E33: 5 | F33: 10 | G33: 0 | H33: 0 | I33: 2 | J33: 5 | K33: 0 | L33: 1 | M33: 59 | N33: 0 | O33: =SUM(C33:L33,N33) -> 55 | P33: =SUM(C33:N33) -> 114
B34: 13.00 - 13.15 | C34: 25 | D34: 12 | E34: 9 | F34: 16 | G34: 0 | H34: 0 | I34: 6 | J34: 3 | K34: 1 | L34: 0 | M34: 66 | N34: 0 | O34: =SUM(C34:L34,N34) -> 72 | P34: =SUM(C34:N34) -> 138
B35: 13.15 - 13.30 | C35: 30 | D35: 22 | E35: 7 | F35: 20 | G35: 0 | H35: 0 | I35: 3 | J35: 5 | K35: 2 | L35: 0 | M35: 62 | N35: 0 | O35: =SUM(C35:L35,N35) -> 89 | P35: =SUM(C35:N35) -> 151
B36: 13.30 - 13.45 | C36: 27 | D36: 12 | E36: 7 | F36: 18 | G36: 0 | H36: 0 | I36: 2 | J36: 6 | K36: 0 | L36: 0 | M36: 71 | N36: 0 | O36: =SUM(C36:L36,N36) -> 72 | P36: =SUM(C36:N36) -> 143
B37: 13.45 - 14.00 | C37: 23 | D37: 11 | E37: 8 | F37: 17 | G37: 0 | H37: 0 | I37: 3 | J37: 2 | K37: 2 | L37: 0 | M37: 48 | N37: 0 | O37: =SUM(C37:L37,N37) -> 66 | P37: =SUM(C37:N37) -> 114
B38: 14.00 - 14.15 | C38: 30 | D38: 10 | E38: 12 | F38: 22 | G38: 0 | H38: 0 | I38: 9 | J38: 9 | K38: 0 | L38: 0 | M38: 60 | N38: 0 | O38: =SUM(C38:L38,N38) -> 92 | P38: =SUM(C38:N38) -> 152
B39: 14.15 - 14.30 | C39: 25 | D39: 7 | E39: 4 | F39: 15 | G39: 0 | H39: 0 | I39: 1 | J39: 8 | K39: 0 | L39: 0 | M39: 50 | N39: 0 | O39: =SUM(C39:L39,N39) -> 60 | P39: =SUM(C39:N39) -> 110
B40: 14.30 - 14.45 | C40: 26 | D40: 12 | E40: 3 | F40: 22 | G40: 0 | H40: 0 | I40: 1 | J40: 5 | K40: 0 | L40: 0 | M40: 28 | N40: 0 | O40: =SUM(C40:L40,N40) -> 69 | P40: =SUM(C40:N40) -> 97
... B57: 18.45 - 19.00 | C57: 11 | D57: 28 | E57: 3 | F57: 14 | G57: 0 | H57: 0 | I57: 6 | J57: 0 | K57: 0 | L57: 0 | M57: 58 | N57: 0 | O57: =SUM(C57:L57,N57) -> 62 | P57: =SUM(C57:N57) -> 120
B58: Totals | C58: =SUM(C10:C57) -> 1239 | D58: =SUM(D10:D57) -> 930 | E58: =SUM(E10:E57) -> 283 | F58: =SUM(F10:F57) -> 757 | G58: =SUM(G10:G57) -> 10 | H58: =SUM(H10:H57) -> 2 | I58: =SUM(I10:I57) -> 196 | J58: =SUM(J10:J57) -> 162 | ... P58: =SUM(P10:P57) -> 6538
B59: %ges + MCs | C59: =C58/$P$58 -> 0.18950749 | D59: =D58/$P$58 -> 0.14224533 | E59: =E58/$P$58 -> 0.043285408 | F59: =F58/$P$58 -> 0.11578464 | G59: =G58/$P$58 -> 0.0015295197 | H59: =H58/$P$58 -> 0.00030590395 | I59: =I58/$P$58 -> 0.029978587 | J59: =J58/$P$58 -> 0.02477822 | ... N59: =N58/$P$58 -> 0
B60: %ges w/o MCs | C60: =C58/$O$58 -> 0.34359401 | D60: =D58/$O$58 -> 0.25790349 | E60: =E58/$O$58 -> 0.078480311 | F60: =F58/$O$58 -> 0.2099279 | G60: =G58/$O$58 -> 0.0027731559 | H60: =H58/$O$58 -> 0.00055463117 | I60: =I58/$O$58 -> 0.054353855 | J60: =J58/$O$58 -> 0.044925125 | ... L60: =L58/$O$58 -> 0.00083194676 | N60: =N58/$O$58 -> 0

Sheet 23.09 Kyaliwajalla-Kira
B1: Consultancy services for Preparation of Expressway Development Master Plan (EDMP) for Uganda
B2: MANUAL CLASSIFIED COUNT (MCC)
B3: ROAD NAME: | C3: ='[3]23.09.19 Wakiso-Bukasa'!C3:G3 -> MCC - C2- STN0 64-Bukasa RD
C5: Date | D5: ='[2]23.09.19 -Kira-Kyaliwajara'!D5 -> 23.09.19 | F5: Location | G5: ='[2]23.09.19 -Kira-Kyaliwajara'!G5:H5 -> Kira Police Division | J5: Surveyor | K5: ='[2]23.09.19 -Kira-Kyaliwajara'!K5:L5 -> Nairuba Apothio
C6: Dir. From | D6: ='[3]23.09.19 Wakiso-Bukasa'!D6:E6 -> Wakiso | F6: Dir. To | G6: ='[3]23.09.19 Wakiso-Bukasa'!G6:H6 -> Bukasa | J6: Supervisor | K6: ='[2]23.09.19 -Kira-Kyaliwajara'!K6:L6 -> Tracy
B8: Time / Veh Type | R8: SUMMARY TRAFFIC VOLUMES
C9: 1. Car | D9: 2. Station Wagon | E9: 3. Pickups | F9: 4. Minibus, matatu | G9: 5. Medium bus | H9: 6. Large Bus | I9: 7. Light Truck | J9: 8. Medium Truck | K9: 9. Heavy truck | L9: 10. Truck Trailer | M9: 11. Motor cycles | N9: 12. Tractors | O9: Total Excl M/Cycles | P9: Total All | R9: Time | S9: 1. Car | T9: 2. Station Wagon | U9: 3. Pickups | V9: 4. Minibus, matatu | W9: 5. Medium bus | X9: 6. Large Bus | Y9: 7. Light Truck | Z9: 8. Medium Truck | AA9: 9. Heavy truck | AB9: 10. Truck Trailer | AC9: 11. Motorcycles | AD9: 12. Tractors, Graders | AE9: Total Excl M/ Cycles | AF9: Total All
B10: 07.00 - 07.15 | C10: 13 | D10: 18 | E10: 10 | F10: 3 | G10: 0 | H10: 0 | I10: 0 | J10: 0 | K10: 0 | L10: 0 | M10: 61 | N10: 0 | O10: =SUM(C10:L10,N10) -> 44 | P10: =SUM(C10:N10) -> 105 | R10: 0700-0800 | S10: =SUM(C10:C13) -> 40 | T10: =SUM(D10:D13) -> 95 | U10: =SUM(E10:E13) -> 28 | V10: =SUM(F10:F13) -> 29 | W10: =SUM(G10:G13) -> 0 | X10: =SUM(H10:H13) -> 0 | Y10: =SUM(I10:I13) -> 3 | Z10: =SUM(J10:J13) -> 0 | ... AF10: =SUM(P10:P13) -> 409
B11: 07.15 - 07.30 | C11: 15 | D11: 39 | E11: 7 | F11: 9 | G11: 0 | H11: 0 | I11: 2 | J11: 0 | K11: 1 | L11: 0 | M11: 50 | N11: 0 | O11: =SUM(C11:L11,N11) -> 73 | P11: =SUM(C11:N11) -> 123 | R11: 0800-0900 | S11: =SUM(C14:C17) -> 69 | T11: =SUM(D14:D17) -> 132 | U11: =SUM(E14:E17) -> 11 | V11: =SUM(F14:F17) -> 29 | W11: =SUM(G14:G17) -> 0 | X11: =SUM(H14:H17) -> 0 | Y11: =SUM(I14:I17) -> 13 | Z11: =SUM(J14:J17) -> 2 | ... AF11: =SUM(P14:P17) -> 530
B12: 07.30 - 07.45 | C12: 9 | D12: 26 | E12: 9 | F12: 4 | G12: 0 | H12: 0 | I12: 1 | J12: 0 | K12: 2 | L12: 0 | M12: 45 | N12: 0 | O12: =SUM(C12:L12,N12) -> 51 | P12: =SUM(C12:N12) -> 96 | R12: 0900-1000 | S12: =SUM(C18:C21) -> 51 | T12: =SUM(D18:D21) -> 116 | U12: =SUM(E18:E21) -> 17 | V12: =SUM(F18:F21) -> 64 | W12: =SUM(G18:G21) -> 1 | X12: =SUM(H18:H21) -> 1 | Y12: =SUM(I18:I21) -> 15 | Z12: =SUM(J18:J21) -> 7 | ... AF12: =SUM(P18:P21) -> 646
B13: 07.45 - 08.00 | C13: 3 | D13: 12 | E13: 2 | F13: 13 | G13: 0 | H13: 0 | I13: 0 | J13: 0 | K13: 0 | L13: 0 | M13: 55 | N13: 0 | O13: =SUM(C13:L13,N13) -> 30 | P13: =SUM(C13:N13) -> 85 | R13: 1000-1100 | S13: =SUM(C22:C25) -> 56 | T13: =SUM(D22:D25) -> 115 | U13: =SUM(E22:E25) -> 19 | V13: =SUM(F22:F25) -> 36 | W13: =SUM(G22:G25) -> 11 | X13: =SUM(H22:H25) -> 0 | Y13: =SUM(I22:I25) -> 11 | Z13: =SUM(J22:J25) -> 16 | ... AF13: =SUM(P22:P25) -> 588
B14: 08.00 - 08.15 | C14: 12 | D14: 7 | E14: 2 | F14: 3 | G14: 0 | H14: 0 | I14: 3 | J14: 0 | K14: 0 | L14: 0 | M14: 58 | N14: 0 | O14: =SUM(C14:L14,N14) -> 27 | P14: =SUM(C14:N14) -> 85 | R14: 1100-1200 | S14: =SUM(C26:C29) -> 70 | T14: =SUM(D26:D29) -> 125 | U14: =SUM(E26:E29) -> 23 | V14: =SUM(F26:F29) -> 18 | W14: =SUM(G26:G29) -> 1 | X14: =SUM(H26:H29) -> 0 | Y14: =SUM(I26:I29) -> 41 | Z14: =SUM(J26:J29) -> 11 | ... AF14: =SUM(P26:P29) -> 574
B15: 08.15 - 08.30 | C15: 16 | D15: 34 | E15: 1 | F15: 4 | G15: 0 | H15: 0 | I15: 1 | J15: 1 | K15: 2 | L15: 0 | M15: 55 | N15: 0 | O15: =SUM(C15:L15,N15) -> 59 | P15: =SUM(C15:N15) -> 114 | R15: 1200-1300 | S15: =SUM(C30:C33) -> 63 | T15: =SUM(D30:D33) -> 89 | U15: =SUM(E30:E33) -> 35 | V15: =SUM(F30:F33) -> 25 | W15: =SUM(G30:G33) -> 7 | X15: =SUM(H30:H33) -> 0 | Y15: =SUM(I30:I33) -> 27 | Z15: =SUM(J30:J33) -> 6 | ... AF15: =SUM(P30:P33) -> 513
B16: 08.30 - 08.45 | C16: 21 | D16: 47 | E16: 3 | F16: 12 | G16: 0 | H16: 0 | I16: 4 | J16: 1 | K16: 5 | L16: 1 | M16: 87 | N16: 0 | O16: =SUM(C16:L16,N16) -> 94 | P16: =SUM(C16:N16) -> 181 | R16: 1300-1400 | S16: =SUM(C34:C37) -> 53 | T16: =SUM(D34:D37) -> 101 | U16: =SUM(E34:E37) -> 18 | V16: =SUM(F34:F37) -> 24 | W16: =SUM(G34:G37) -> 0 | X16: =SUM(H34:H37) -> 0 | Y16: =SUM(I34:I37) -> 16 | Z16: =SUM(J34:J37) -> 0 | ... AF16: =SUM(P34:P37) -> 432
B17: 08.45 - 9.00 | C17: 20 | D17: 44 | E17: 5 | F17: 10 | G17: 0 | H17: 0 | I17: 5 | J17: 0 | K17: 2 | L17: 0 | M17: 64 | N17: 0 | O17: =SUM(C17:L17,N17) -> 86 | P17: =SUM(C17:N17) -> 150 | R17: 1400-1500 | S17: =SUM(C38:C41) -> 76 | T17: =SUM(D38:D41) -> 121 | U17: =SUM(E38:E41) -> 21 | V17: =SUM(F38:F41) -> 23 | W17: =SUM(G38:G41) -> 0 | X17: =SUM(H38:H41) -> 0 | Y17: =SUM(I38:I41) -> 49 | Z17: =SUM(J38:J41) -> 17 | ... AF17: =SUM(P38:P41) -> 459
B18: 09.00 - 09.15 | C18: 23 | D18: 21 | E18: 6 | F18: 14 | G18: 0 | H18: 0 | I18: 1 | J18: 1 | K18: 1 | L18: 1 | M18: 95 | N18: 0 | O18: =SUM(C18:L18,N18) -> 68 | P18: =SUM(C18:N18) -> 163 | R18: 1500-1600 | S18: =SUM(C42:C45) -> 80 | T18: =SUM(D42:D45) -> 118 | U18: =SUM(E42:E45) -> 26 | V18: =SUM(F42:F45) -> 33 | W18: =SUM(G42:G45) -> 0 | X18: =SUM(H42:H45) -> 0 | Y18: =SUM(I42:I45) -> 15 | Z18: =SUM(J42:J45) -> 4 | ... AF18: =SUM(P42:P45) -> 414
B19: 09.15 - 09.30 | C19: 8 | D19: 13 | E19: 0 | F19: 10 | G19: 1 | H19: 0 | I19: 3 | J19: 2 | K19: 0 | L19: 0 | M19: 73 | N19: 0 | O19: =SUM(C19:L19,N19) -> 37 | P19: =SUM(C19:N19) -> 110 | R19: 1600-1700 | S19: =SUM(C46:C49) -> 137 | T19: =SUM(D46:D49) -> 204 | U19: =SUM(E46:E49) -> 22 | V19: =SUM(F46:F49) -> 73 | W19: =SUM(G46:G49) -> 0 | X19: =SUM(H46:H49) -> 0 | Y19: =SUM(I46:I49) -> 16 | Z19: =SUM(J46:J49) -> 13 | ... AF19: =SUM(P46:P49) -> 687
B20: 09.30 - 09.45 | C20: 8 | D20: 32 | E20: 3 | F20: 10 | G20: 0 | H20: 0 | I20: 4 | J20: 0 | K20: 2 | L20: 0 | M20: 105 | N20: 0 | O20: =SUM(C20:L20,N20) -> 59 | P20: =SUM(C20:N20) -> 164 | R20: 1700-1800 | S20: =SUM(C50:C53) -> 88 | T20: =SUM(D50:D53) -> 171 | U20: =SUM(E50:E53) -> 17 | V20: =SUM(F50:F53) -> 63 | W20: =SUM(G50:G53) -> 1 | X20: =SUM(H50:H53) -> 1 | Y20: =SUM(I50:I53) -> 12 | Z20: =SUM(J50:J53) -> 6 | ... AF20: =SUM(P50:P53) -> 573
B21: 09.45 - 10.00 | C21: 12 | D21: 50 | E21: 8 | F21: 30 | G21: 0 | H21: 1 | I21: 7 | J21: 4 | K21: 2 | L21: 0 | M21: 95 | N21: 0 | O21: =SUM(C21:L21,N21) -> 114 | P21: =SUM(C21:N21) -> 209 | R21: 1800-1900 | S21: =SUM(C54:C57) -> 107 | T21: =SUM(D54:D57) -> 129 | U21: =SUM(E54:E57) -> 31 | V21: =SUM(F54:F57) -> 38 | W21: =SUM(G54:G57) -> 0 | X21: =SUM(H54:H57) -> 0 | Y21: =SUM(I54:I57) -> 7 | Z21: =SUM(J54:J57) -> 3 | ... AF21: =SUM(P54:P57) -> 523
B22: 10.00 - 10.15 | C22: 13 | D22: 35 | E22: 5 | F22: 14 | G22: 0 | H22: 0 | I22: 2 | J22: 2 | K22: 0 | L22: 0 | M22: 66 | N22: 0 | O22: =SUM(C22:L22,N22) -> 71 | P22: =SUM(C22:N22) -> 137 | R22: AM Peak Hr | S22: =MAX(S10:S12) -> 69 | T22: =MAX(T10:T12) -> 132 | U22: =MAX(U10:U12) -> 28 | V22: =MAX(V10:V12) -> 64 | W22: =MAX(W10:W12) -> 1 | X22: =MAX(X10:X12) -> 1 | Y22: =MAX(Y10:Y12) -> 15 | Z22: =MAX(Z10:Z12) -> 7 | ... AF22: =MAX(AF10:AF12) -> 646
B23: 10.15 - 10.30 | C23: 21 | D23: 31 | E23: 0 | F23: 0 | G23: 10 | H23: 0 | I23: 0 | J23: 9 | K23: 2 | L23: 1 | M23: 108 | N23: 0 | O23: =SUM(C23:L23,N23) -> 74 | P23: =SUM(C23:N23) -> 182 | R23: IP Peak Hr | S23: =MAX(S13:S18) -> 80 | T23: =MAX(T13:T18) -> 125 | U23: =MAX(U13:U18) -> 35 | V23: =MAX(V13:V18) -> 36 | W23: =MAX(W13:W18) -> 11 | X23: =MAX(X13:X18) -> 0 | Y23: =MAX(Y13:Y18) -> 49 | Z23: =MAX(Z13:Z18) -> 17 | ... AF23: =MAX(AF13:AF18) -> 588
B24: 10.30 - 10.45 | C24: 8 | D24: 21 | E24: 8 | F24: 12 | G24: 0 | H24: 0 | I24: 5 | J24: 3 | K24: 2 | L24: 0 | M24: 74 | N24: 0 | O24: =SUM(C24:L24,N24) -> 59 | P24: =SUM(C24:N24) -> 133 | R24: PM Peak Hr | S24: =MAX(S19:S21) -> 137 | T24: =MAX(T19:T21) -> 204 | U24: =MAX(U19:U21) -> 31 | V24: =MAX(V19:V21) -> 73 | W24: =MAX(W19:W21) -> 1 | X24: =MAX(X19:X21) -> 1 | Y24: =MAX(Y19:Y21) -> 16 | Z24: =MAX(Z19:Z21) -> 13 | ... AF24: =MAX(AF19:AF21) -> 687
B25: 10.45 - 11.00 | C25: 14 | D25: 28 | E25: 6 | F25: 10 | G25: 1 | H25: 0 | I25: 4 | J25: 2 | K25: 0 | L25: 0 | M25: 71 | N25: 0 | O25: =SUM(C25:L25,N25) -> 65 | P25: =SUM(C25:N25) -> 136 | R25: AM Period | S25: =SUM(S10:S12) -> 160 | T25: =SUM(T10:T12) -> 343 | U25: =SUM(U10:U12) -> 56 | V25: =SUM(V10:V12) -> 122 | W25: =SUM(W10:W12) -> 1 | X25: =SUM(X10:X12) -> 1 | Y25: =SUM(Y10:Y12) -> 31 | Z25: =SUM(Z10:Z12) -> 9 | ... AF25: =SUM(AF10:AF12) -> 1585
B26: 11.00 - 11.15 | C26: 8 | D26: 16 | E26: 8 | F26: 2 | G26: 0 | H26: 0 | I26: 13 | J26: 4 | K26: 0 | L26: 0 | M26: 93 | N26: 0 | O26: =SUM(C26:L26,N26) -> 51 | P26: =SUM(C26:N26) -> 144 | R26: IP Period | S26: =SUM(S13:S18) -> 398 | T26: =SUM(T13:T18) -> 669 | U26: =SUM(U13:U18) -> 142 | V26: =SUM(V13:V18) -> 159 | W26: =SUM(W13:W18) -> 19 | X26: =SUM(X13:X18) -> 0 | Y26: =SUM(Y13:Y18) -> 159 | Z26: =SUM(Z13:Z18) -> 54 | ... AF26: =SUM(AF13:AF18) -> 2980
B27: 11.15 - 11.30 | C27: 15 | D27: 25 | E27: 4 | F27: 3 | G27: 0 | H27: 0 | I27: 10 | J27: 2 | K27: 1 | L27: 0 | M27: 60 | N27: 0 | O27: =SUM(C27:L27,N27) -> 60 | P27: =SUM(C27:N27) -> 120 | R27: PM Period | S27: =SUM(S19:S21) -> 332 | T27: =SUM(T19:T21) -> 504 | U27: =SUM(U19:U21) -> 70 | V27: =SUM(V19:V21) -> 174 | W27: =SUM(W19:W21) -> 1 | X27: =SUM(X19:X21) -> 1 | Y27: =SUM(Y19:Y21) -> 35 | Z27: =SUM(Z19:Z21) -> 22 | ... AF27: =SUM(AF19:AF21) -> 1783
B28: 11.30 - 11.45 | C28: 33 | D28: 59 | E28: 6 | F28: 3 | G28: 1 | H28: 0 | I28: 10 | J28: 2 | K28: 1 | L28: 0 | M28: 66 | N28: 0 | O28: =SUM(C28:L28,N28) -> 115 | P28: =SUM(C28:N28) -> 181 | R28: 12 Hours | S28: =SUM(S10:S21) -> 890 | T28: =SUM(T10:T21) -> 1516 | U28: =SUM(U10:U21) -> 268 | V28: =SUM(V10:V21) -> 455 | W28: =SUM(W10:W21) -> 21 | X28: =SUM(X10:X21) -> 2 | Y28: =SUM(Y10:Y21) -> 225 | Z28: =SUM(Z10:Z21) -> 85 | ... AF28: =SUM(AF10:AF21) -> 6348
B29: 11.45 - 12.00 | C29: 14 | D29: 25 | E29: 5 | F29: 10 | G29: 0 | H29: 0 | I29: 8 | J29: 3 | K29: 6 | L29: 0 | M29: 58 | N29: 0 | O29: =SUM(C29:L29,N29) -> 71 | P29: =SUM(C29:N29) -> 129
B30: 12.00 - 12.15 | C30: 15 | D30: 18 | E30: 15 | F30: 4 | G30: 4 | H30: 0 | I30: 4 | J30: 1 | K30: 0 | L30: 0 | M30: 63 | N30: 0 | O30: =SUM(C30:L30,N30) -> 61 | P30: =SUM(C30:N30) -> 124
B31: 12.15 - 12.30 | C31: 20 | D31: 29 | E31: 8 | F31: 5 | G31: 3 | H31: 0 | I31: 8 | J31: 4 | K31: 3 | L31: 0 | M31: 95 | N31: 0 | O31: =SUM(C31:L31,N31) -> 80 | P31: =SUM(C31:N31) -> 175
B32: 12.30 - 12.45 | C32: 19 | D32: 30 | E32: 6 | F32: 6 | G32: 0 | H32: 0 | I32: 11 | J32: 1 | K32: 0 | L32: 0 | M32: 40 | N32: 0 | O32: =SUM(C32:L32,N32) -> 73 | P32: =SUM(C32:N32) -> 113
B33: 12.45 - 13.00 | C33: 9 | D33: 12 | E33: 6 | F33: 10 | G33: 0 | H33: 0 | I33: 4 | J33: 0 | K33: 0 | L33: 0 | M33: 60 | N33: 0 | O33: =SUM(C33:L33,N33) -> 41 | P33: =SUM(C33:N33) -> 101
B34: 13.00 - 13.15 | C34: 9 | D34: 35 | E34: 6 | F34: 3 | G34: 0 | H34: 0 | I34: 4 | J34: 0 | K34: 0 | L34: 0 | M34: 60 | N34: 0 | O34: =SUM(C34:L34,N34) -> 57 | P34: =SUM(C34:N34) -> 117
B35: 13.15 - 13.30 | C35: 16 | D35: 20 | E35: 4 | F35: 6 | G35: 0 | H35: 0 | I35: 7 | J35: 0 | K35: 0 | L35: 0 | M35: 56 | N35: 0 | O35: =SUM(C35:L35,N35) -> 53 | P35: =SUM(C35:N35) -> 109
B36: 13.30 - 13.45 | C36: 12 | D36: 28 | E36: 4 | F36: 5 | G36: 0 | H36: 0 | I36: 5 | J36: 0 | K36: 2 | L36: 0 | M36: 54 | N36: 0 | O36: =SUM(C36:L36,N36) -> 56 | P36: =SUM(C36:N36) -> 110
B37: 13.45 - 14.00 | C37: 16 | D37: 18 | E37: 4 | F37: 10 | G37: 0 | H37: 0 | I37: 0 | J37: 0 | K37: 0 | L37: 0 | M37: 48 | N37: 0 | O37: =SUM(C37:L37,N37) -> 48 | P37: =SUM(C37:N37) -> 96
B38: 14.00 - 14.15 | C38: 11 | D38: 20 | E38: 2 | F38: 4 | G38: 0 | H38: 0 | I38: 4 | J38: 9 | K38: 0 | L38: 0 | M38: 29 | N38: 0 | O38: =SUM(C38:L38,N38) -> 50 | P38: =SUM(C38:N38) -> 79
B39: 14.15 - 14.30 | C39: 30 | D39: 38 | E39: 3 | F39: 6 | G39: 0 | H39: 0 | I39: 19 | J39: 5 | K39: 4 | L39: 0 | M39: 60 | N39: 0 | O39: =SUM(C39:L39,N39) -> 105 | P39: =SUM(C39:N39) -> 165
B40: 14.30 - 14.45 | C40: 10 | D40: 45 | E40: 9 | F40: 7 | G40: 0 | H40: 0 | I40: 5 | J40: 3 | K40: 0 | L40: 0 | M40: 25 | N40: 0 | O40: =SUM(C40:L40,N40) -> 79 | P40: =SUM(C40:N40) -> 104
... B57: 18.45 - 19.00 | C57: 44 | D57: 30 | E57: 3 | F57: 13 | G57: 0 | H57: 0 | I57: 1 | J57: 0 | K57: 0 | L57: 0 | M57: 63 | N57: 0 | O57: =SUM(C57:L57,N57) -> 91 | P57: =SUM(C57:N57) -> 154
B58: Totals | C58: =SUM(C10:C57) -> 890 | D58: =SUM(D10:D57) -> 1516 | E58: =SUM(E10:E57) -> 268 | F58: =SUM(F10:F57) -> 455 | G58: =SUM(G10:G57) -> 21 | H58: =SUM(H10:H57) -> 2 | I58: =SUM(I10:I57) -> 225 | J58: =SUM(J10:J57) -> 85 | ... P58: =SUM(P10:P57) -> 6348
B59: %ges + MCs | C59: =C58/$P$58 -> 0.14020164 | D59: =D58/$P$58 -> 0.23881537 | E59: =E58/$P$58 -> 0.042218021 | F59: =F58/$P$58 -> 0.071676118 | G59: =G58/$P$58 -> 0.0033081285 | H59: =H58/$P$58 -> 0.00031505986 | I59: =I58/$P$58 -> 0.035444234 | J59: =J58/$P$58 -> 0.013390044 | ... N59: =N58/$P$58 -> 0
B60: %ges w/o MCs | C60: =C58/$O$58 -> 0.25356125 | D60: =D58/$O$58 -> 0.43190883 | E60: =E58/$O$58 -> 0.076353276 | F60: =F58/$O$58 -> 0.12962963 | G60: =G58/$O$58 -> 0.005982906 | H60: =H58/$O$58 -> 0.00056980057 | I60: =I58/$O$58 -> 0.064102564 | J60: =J58/$O$58 -> 0.024216524 | ... L60: =L58/$O$58 -> 0.00085470085 | N60: =N58/$O$58 -> 0

Sheet 24.09 Kira-Kyaliwajalla
B1: Consultancy services for Preparation of Expressway Development Master Plan (EDMP) for Uganda
B2: MANUAL CLASSIFIED COUNT (MCC)
B3: ROAD NAME: | C3: ='[4]24.09.19 Kyaliwajala-Kira'!C3:G3 -> MCC - C2- STN072 - KIRA POLICE STATION RD
C5: Date | D5: ='[4]24.09.19 Kyaliwajala-Kira'!D5 -> 24.09.19 | F5: Location | G5: ='[4]24.09.19 Kyaliwajala-Kira'!G5:H5 -> KIRA POLICE STATION | J5: Surveyor | K5: Nairuba
C6: Dir. From | D6: KIRA | F6: Dir. To | G6: KYALIWAJALA | J6: Supervisor | K6: ='[4]24.09.19 Kyaliwajala-Kira'!K6:L6 -> Tracy
B8: Time / Veh Type | R8: SUMMARY TRAFFIC VOLUMES
C9: 1. Car | D9: 2. Station Wagon | E9: 3. Pickups | F9: 4. Minibus, matatu | G9: 5. Medium bus | H9: 6. Large Bus | I9: 7. Light Truck | J9: 8. Medium Truck | K9: 9. Heavy truck | L9: 10. Truck Trailer | M9: 11. Motor cycles | N9: 12. Tractors | O9: Total Excl M/Cycles | P9: Total All | R9: Time | S9: 1. Car | T9: 2. Station Wagon | U9: 3. Pickups | V9: 4. Minibus, matatu | W9: 5. Medium bus | X9: 6. Large Bus | Y9: 7. Light Truck | Z9: 8. Medium Truck | AA9: 9. Heavy truck | AB9: 10. Truck Trailer | AC9: 11. Motorcycles | AD9: 12. Tractors, Graders | AE9: Total Excl M/ Cycles | AF9: Total All
B10: 07.00 - 07.15 | C10: 40 | D10: 80 | E10: 15 | F10: 20 | G10: 1 | H10: 0 | I10: 5 | J10: 0 | K10: 2 | L10: 0 | M10: 86 | N10: 0 | O10: =SUM(C10:L10,N10) -> 163 | P10: =SUM(C10:N10) -> 249 | R10: 0700-0800 | S10: =SUM(C10:C13) -> 169 | T10: =SUM(D10:D13) -> 268 | U10: =SUM(E10:E13) -> 43 | V10: =SUM(F10:F13) -> 108 | W10: =SUM(G10:G13) -> 2 | X10: =SUM(H10:H13) -> 0 | Y10: =SUM(I10:I13) -> 27 | Z10: =SUM(J10:J13) -> 0 | ... AF10: =SUM(P10:P13) -> 1057
B11: 07.15 - 07.30 | C11: 46 | D11: 73 | E11: 12 | F11: 26 | G11: 1 | H11: 0 | I11: 7 | J11: 0 | K11: 2 | L11: 0 | M11: 88 | N11: 0 | O11: =SUM(C11:L11,N11) -> 167 | P11: =SUM(C11:N11) -> 255 | R11: 0800-0900 | S11: =SUM(C14:C17) -> 122 | T11: =SUM(D14:D17) -> 216 | U11: =SUM(E14:E17) -> 53 | V11: =SUM(F14:F17) -> 88 | W11: =SUM(G14:G17) -> 0 | X11: =SUM(H14:H17) -> 0 | Y11: =SUM(I14:I17) -> 17 | Z11: =SUM(J14:J17) -> 1 | ... AF11: =SUM(P14:P17) -> 932
B12: 07.30 - 07.45 | C12: 51 | D12: 54 | E12: 9 | F12: 29 | G12: 0 | H12: 0 | I12: 4 | J12: 0 | K12: 2 | L12: 0 | M12: 116 | N12: 0 | O12: =SUM(C12:L12,N12) -> 149 | P12: =SUM(C12:N12) -> 265 | R12: 0900-1000 | S12: =SUM(C18:C21) -> 108 | T12: =SUM(D18:D21) -> 155 | U12: =SUM(E18:E21) -> 25 | V12: =SUM(F18:F21) -> 69 | W12: =SUM(G18:G21) -> 0 | X12: =SUM(H18:H21) -> 0 | Y12: =SUM(I18:I21) -> 32 | Z12: =SUM(J18:J21) -> 6 | ... AF12: =SUM(P18:P21) -> 766
B13: 07.45 - 08.00 | C13: 32 | D13: 61 | E13: 7 | F13: 33 | G13: 0 | H13: 0 | I13: 11 | J13: 0 | K13: 0 | L13: 0 | M13: 144 | N13: 0 | O13: =SUM(C13:L13,N13) -> 144 | P13: =SUM(C13:N13) -> 288 | R13: 1000-1100 | S13: =SUM(C22:C25) -> 153 | T13: =SUM(D22:D25) -> 103 | U13: =SUM(E22:E25) -> 15 | V13: =SUM(F22:F25) -> 50 | W13: =SUM(G22:G25) -> 0 | X13: =SUM(H22:H25) -> 1 | Y13: =SUM(I22:I25) -> 28 | Z13: =SUM(J22:J25) -> 5 | ... AF13: =SUM(P22:P25) -> 646
B14: 08.00 - 08.15 | C14: 33 | D14: 60 | E14: 15 | F14: 22 | G14: 0 | H14: 0 | I14: 1 | J14: 1 | K14: 0 | L14: 0 | M14: 100 | N14: 0 | O14: =SUM(C14:L14,N14) -> 132 | P14: =SUM(C14:N14) -> 232 | R14: 1100-1200 | S14: =SUM(C26:C29) -> 101 | T14: =SUM(D26:D29) -> 95 | U14: =SUM(E26:E29) -> 21 | V14: =SUM(F26:F29) -> 36 | W14: =SUM(G26:G29) -> 0 | X14: =SUM(H26:H29) -> 0 | Y14: =SUM(I26:I29) -> 20 | Z14: =SUM(J26:J29) -> 2 | ... AF14: =SUM(P26:P29) -> 546
B15: 08.15 - 08.30 | C15: 32 | D15: 69 | E15: 5 | F15: 23 | G15: 0 | H15: 0 | I15: 5 | J15: 0 | K15: 0 | L15: 0 | M15: 114 | N15: 0 | O15: =SUM(C15:L15,N15) -> 134 | P15: =SUM(C15:N15) -> 248 | R15: 1200-1300 | S15: =SUM(C30:C33) -> 79 | T15: =SUM(D30:D33) -> 95 | U15: =SUM(E30:E33) -> 5 | V15: =SUM(F30:F33) -> 51 | W15: =SUM(G30:G33) -> 0 | X15: =SUM(H30:H33) -> 0 | Y15: =SUM(I30:I33) -> 30 | Z15: =SUM(J30:J33) -> 5 | ... AF15: =SUM(P30:P33) -> 568
B16: 08.30 - 08.45 | C16: 27 | D16: 50 | E16: 20 | F16: 17 | G16: 0 | H16: 0 | I16: 4 | J16: 0 | K16: 0 | L16: 0 | M16: 102 | N16: 0 | O16: =SUM(C16:L16,N16) -> 118 | P16: =SUM(C16:N16) -> 220 | R16: 1300-1400 | S16: =SUM(C34:C37) -> 78 | T16: =SUM(D34:D37) -> 85 | U16: =SUM(E34:E37) -> 24 | V16: =SUM(F34:F37) -> 45 | W16: =SUM(G34:G37) -> 1 | X16: =SUM(H34:H37) -> 0 | Y16: =SUM(I34:I37) -> 34 | Z16: =SUM(J34:J37) -> 14 | ... AF16: =SUM(P34:P37) -> 504
B17: 08.45 - 9.00 | C17: 30 | D17: 37 | E17: 13 | F17: 26 | G17: 0 | H17: 0 | I17: 7 | J17: 0 | K17: 0 | L17: 0 | M17: 119 | N17: 0 | O17: =SUM(C17:L17,N17) -> 113 | P17: =SUM(C17:N17) -> 232 | R17: 1400-1500 | S17: =SUM(C38:C41) -> 83 | T17: =SUM(D38:D41) -> 79 | U17: =SUM(E38:E41) -> 18 | V17: =SUM(F38:F41) -> 53 | W17: =SUM(G38:G41) -> 2 | X17: =SUM(H38:H41) -> 0 | Y17: =SUM(I38:I41) -> 26 | Z17: =SUM(J38:J41) -> 6 | ... AF17: =SUM(P38:P41) -> 479
B18: 09.00 - 09.15 | C18: 28 | D18: 30 | E18: 5 | F18: 19 | G18: 0 | H18: 0 | I18: 6 | J18: 1 | K18: 1 | L18: 0 | M18: 93 | N18: 0 | O18: =SUM(C18:L18,N18) -> 90 | P18: =SUM(C18:N18) -> 183 | R18: 1500-1600 | S18: =SUM(C42:C45) -> 84 | T18: =SUM(D42:D45) -> 79 | U18: =SUM(E42:E45) -> 18 | V18: =SUM(F42:F45) -> 42 | W18: =SUM(G42:G45) -> 0 | X18: =SUM(H42:H45) -> 0 | Y18: =SUM(I42:I45) -> 18 | Z18: =SUM(J42:J45) -> 13 | ... AF18: =SUM(P42:P45) -> 424
B19: 09.15 - 09.30 | C19: 23 | D19: 45 | E19: 6 | F19: 21 | G19: 0 | H19: 0 | I19: 13 | J19: 1 | K19: 0 | L19: 0 | M19: 80 | N19: 0 | O19: =SUM(C19:L19,N19) -> 109 | P19: =SUM(C19:N19) -> 189 | R19: 1600-1700 | S19: =SUM(C46:C49) -> 121 | T19: =SUM(D46:D49) -> 157 | U19: =SUM(E46:E49) -> 23 | V19: =SUM(F46:F49) -> 52 | W19: =SUM(G46:G49) -> 2 | X19: =SUM(H46:H49) -> 0 | Y19: =SUM(I46:I49) -> 36 | Z19: =SUM(J46:J49) -> 2 | ... AF19: =SUM(P46:P49) -> 685
B20: 09.30 - 09.45 | C20: 35 | D20: 44 | E20: 5 | F20: 14 | G20: 0 | H20: 0 | I20: 8 | J20: 2 | K20: 0 | L20: 0 | M20: 111 | N20: 0 | O20: =SUM(C20:L20,N20) -> 108 | P20: =SUM(C20:N20) -> 219 | R20: 1700-1800 | S20: =SUM(C50:C53) -> 118 | T20: =SUM(D50:D53) -> 160 | U20: =SUM(E50:E53) -> 25 | V20: =SUM(F50:F53) -> 66 | W20: =SUM(G50:G53) -> 4 | X20: =SUM(H50:H53) -> 0 | Y20: =SUM(I50:I53) -> 31 | Z20: =SUM(J50:J53) -> 3 | ... AF20: =SUM(P50:P53) -> 766
B21: 09.45 - 10.00 | C21: 22 | D21: 36 | E21: 9 | F21: 15 | G21: 0 | H21: 0 | I21: 5 | J21: 2 | K21: 0 | L21: 0 | M21: 86 | N21: 0 | O21: =SUM(C21:L21,N21) -> 89 | P21: =SUM(C21:N21) -> 175 | R21: 1800-1900 | S21: =SUM(C54:C57) -> 108 | T21: =SUM(D54:D57) -> 174 | U21: =SUM(E54:E57) -> 17 | V21: =SUM(F54:F57) -> 35 | W21: =SUM(G54:G57) -> 4 | X21: =SUM(H54:H57) -> 0 | Y21: =SUM(I54:I57) -> 26 | Z21: =SUM(J54:J57) -> 4 | ... AF21: =SUM(P54:P57) -> 790
B22: 10.00 - 10.15 | C22: 37 | D22: 30 | E22: 5 | F22: 14 | G22: 0 | H22: 0 | I22: 6 | J22: 1 | K22: 0 | L22: 0 | M22: 61 | N22: 0 | O22: =SUM(C22:L22,N22) -> 93 | P22: =SUM(C22:N22) -> 154 | R22: AM Peak Hr | S22: =MAX(S10:S12) -> 169 | T22: =MAX(T10:T12) -> 268 | U22: =MAX(U10:U12) -> 53 | V22: =MAX(V10:V12) -> 108 | W22: =MAX(W10:W12) -> 2 | X22: =MAX(X10:X12) -> 0 | Y22: =MAX(Y10:Y12) -> 32 | Z22: =MAX(Z10:Z12) -> 6 | ... AF22: =MAX(AF10:AF12) -> 1057
B23: 10.15 - 10.30 | C23: 55 | D23: 30 | E23: 4 | F23: 10 | G23: 0 | H23: 0 | I23: 5 | J23: 1 | K23: 0 | L23: 0 | M23: 92 | N23: 0 | O23: =SUM(C23:L23,N23) -> 105 | P23: =SUM(C23:N23) -> 197 | R23: IP Peak Hr | S23: =MAX(S13:S18) -> 153 | T23: =MAX(T13:T18) -> 103 | U23: =MAX(U13:U18) -> 24 | V23: =MAX(V13:V18) -> 53 | W23: =MAX(W13:W18) -> 2 | X23: =MAX(X13:X18) -> 1 | Y23: =MAX(Y13:Y18) -> 34 | Z23: =MAX(Z13:Z18) -> 14 | ... AF23: =MAX(AF13:AF18) -> 646
B24: 10.30 - 10.45 | C24: 36 | D24: 30 | E24: 4 | F24: 10 | G24: 0 | H24: 0 | I24: 5 | J24: 2 | K24: 1 | L24: 0 | M24: 73 | N24: 0 | O24: =SUM(C24:L24,N24) -> 88 | P24: =SUM(C24:N24) -> 161 | R24: PM Peak Hr | S24: =MAX(S19:S21) -> 121 | T24: =MAX(T19:T21) -> 174 | U24: =MAX(U19:U21) -> 25 | V24: =MAX(V19:V21) -> 66 | W24: =MAX(W19:W21) -> 4 | X24: =MAX(X19:X21) -> 0 | Y24: =MAX(Y19:Y21) -> 36 | Z24: =MAX(Z19:Z21) -> 4 | ... AF24: =MAX(AF19:AF21) -> 790
B25: 10.45 - 11.00 | C25: 25 | D25: 13 | E25: 2 | F25: 16 | G25: 0 | H25: 1 | I25: 12 | J25: 1 | K25: 2 | L25: 0 | M25: 62 | N25: 0 | O25: =SUM(C25:L25,N25) -> 72 | P25: =SUM(C25:N25) -> 134 | R25: AM Period | S25: =SUM(S10:S12) -> 399 | T25: =SUM(T10:T12) -> 639 | U25: =SUM(U10:U12) -> 121 | V25: =SUM(V10:V12) -> 265 | W25: =SUM(W10:W12) -> 2 | X25: =SUM(X10:X12) -> 0 | Y25: =SUM(Y10:Y12) -> 76 | Z25: =SUM(Z10:Z12) -> 7 | ... AF25: =SUM(AF10:AF12) -> 2755
B26: 11.00 - 11.15 | C26: 23 | D26: 26 | E26: 7 | F26: 5 | G26: 0 | H26: 0 | I26: 8 | J26: 2 | K26: 1 | L26: 0 | M26: 66 | N26: 0 | O26: =SUM(C26:L26,N26) -> 72 | P26: =SUM(C26:N26) -> 138 | R26: IP Period | S26: =SUM(S13:S18) -> 578 | T26: =SUM(T13:T18) -> 536 | U26: =SUM(U13:U18) -> 101 | V26: =SUM(V13:V18) -> 277 | W26: =SUM(W13:W18) -> 3 | X26: =SUM(X13:X18) -> 1 | Y26: =SUM(Y13:Y18) -> 156 | Z26: =SUM(Z13:Z18) -> 45 | ... AF26: =SUM(AF13:AF18) -> 3167
B27: 11.15 - 11.30 | C27: 20 | D27: 22 | E27: 2 | F27: 10 | G27: 0 | H27: 0 | I27: 4 | J27: 0 | K27: 1 | L27: 0 | M27: 63 | N27: 0 | O27: =SUM(C27:L27,N27) -> 59 | P27: =SUM(C27:N27) -> 122 | R27: PM Period | S27: =SUM(S19:S21) -> 347 | T27: =SUM(T19:T21) -> 491 | U27: =SUM(U19:U21) -> 65 | V27: =SUM(V19:V21) -> 153 | W27: =SUM(W19:W21) -> 10 | X27: =SUM(X19:X21) -> 0 | Y27: =SUM(Y19:Y21) -> 93 | Z27: =SUM(Z19:Z21) -> 9 | ... AF27: =SUM(AF19:AF21) -> 2241
B28: 11.30 - 11.45 | C28: 21 | D28: 21 | E28: 4 | F28: 7 | G28: 0 | H28: 0 | I28: 5 | J28: 0 | K28: 1 | L28: 0 | M28: 64 | N28: 0 | O28: =SUM(C28:L28,N28) -> 59 | P28: =SUM(C28:N28) -> 123 | R28: 12 Hours | S28: =SUM(S10:S21) -> 1324 | T28: =SUM(T10:T21) -> 1666 | U28: =SUM(U10:U21) -> 287 | V28: =SUM(V10:V21) -> 695 | W28: =SUM(W10:W21) -> 15 | X28: =SUM(X10:X21) -> 1 | Y28: =SUM(Y10:Y21) -> 325 | Z28: =SUM(Z10:Z21) -> 61 | ... AF28: =SUM(AF10:AF21) -> 8163
B29: 11.45 - 12.00 | C29: 37 | D29: 26 | E29: 8 | F29: 14 | G29: 0 | H29: 0 | I29: 3 | J29: 0 | K29: 9 | L29: 1 | M29: 65 | N29: 0 | O29: =SUM(C29:L29,N29) -> 98 | P29: =SUM(C29:N29) -> 163
B30: 12.00 - 12.15 | C30: 25 | D30: 9 | E30: 1 | F30: 11 | G30: 0 | H30: 0 | I30: 7 | J30: 2 | K30: 0 | L30: 0 | M30: 64 | N30: 0 | O30: =SUM(C30:L30,N30) -> 55 | P30: =SUM(C30:N30) -> 119
B31: 12.15 - 12.30 | C31: 22 | D31: 29 | E31: 0 | F31: 15 | G31: 0 | H31: 0 | I31: 11 | J31: 2 | K31: 1 | L31: 1 | M31: 97 | N31: 0 | O31: =SUM(C31:L31,N31) -> 81 | P31: =SUM(C31:N31) -> 178
B32: 12.30 - 12.45 | C32: 10 | D32: 19 | E32: 2 | F32: 16 | G32: 0 | H32: 0 | I32: 7 | J32: 0 | K32: 5 | L32: 0 | M32: 61 | N32: 0 | O32: =SUM(C32:L32,N32) -> 59 | P32: =SUM(C32:N32) -> 120
B33: 12.45 - 13.00 | C33: 22 | D33: 38 | E33: 2 | F33: 9 | G33: 0 | H33: 0 | I33: 5 | J33: 1 | K33: 1 | L33: 0 | M33: 73 | N33: 0 | O33: =SUM(C33:L33,N33) -> 78 | P33: =SUM(C33:N33) -> 151
B34: 13.00 - 13.15 | C34: 21 | D34: 22 | E34: 12 | F34: 12 | G34: 0 | H34: 0 | I34: 13 | J34: 0 | K34: 2 | L34: 0 | M34: 59 | N34: 0 | O34: =SUM(C34:L34,N34) -> 82 | P34: =SUM(C34:N34) -> 141
B35: 13.15 - 13.30 | C35: 8 | D35: 29 | E35: 6 | F35: 13 | G35: 1 | H35: 0 | I35: 7 | J35: 2 | K35: 0 | L35: 0 | M35: 45 | N35: 0 | O35: =SUM(C35:L35,N35) -> 66 | P35: =SUM(C35:N35) -> 111
B36: 13.30 - 13.45 | C36: 21 | D36: 18 | E36: 3 | F36: 12 | G36: 0 | H36: 0 | I36: 6 | J36: 6 | K36: 4 | L36: 0 | M36: 80 | N36: 0 | O36: =SUM(C36:L36,N36) -> 70 | P36: =SUM(C36:N36) -> 150
B37: 13.45 - 14.00 | C37: 28 | D37: 16 | E37: 3 | F37: 8 | G37: 0 | H37: 0 | I37: 8 | J37: 6 | K37: 2 | L37: 0 | M37: 31 | N37: 0 | O37: =SUM(C37:L37,N37) -> 71 | P37: =SUM(C37:N37) -> 102
B38: 14.00 - 14.15 | C38: 23 | D38: 19 | E38: 8 | F38: 20 | G38: 1 | H38: 0 | I38: 8 | J38: 2 | K38: 5 | L38: 0 | M38: 43 | N38: 0 | O38: =SUM(C38:L38,N38) -> 86 | P38: =SUM(C38:N38) -> 129
B39: 14.15 - 14.30 | C39: 24 | D39: 18 | E39: 1 | F39: 11 | G39: 0 | H39: 0 | I39: 5 | J39: 1 | K39: 2 | L39: 1 | M39: 46 | N39: 0 | O39: =SUM(C39:L39,N39) -> 63 | P39: =SUM(C39:N39) -> 109
B40: 14.30 - 14.45 | C40: 21 | D40: 24 | E40: 5 | F40: 10 | G40: 1 | H40: 0 | I40: 5 | J40: 3 | K40: 1 | L40: 0 | M40: 55 | N40: 0 | O40: =SUM(C40:L40,N40) -> 70 | P40: =SUM(C40:N40) -> 125
... B57: 18.45 - 19.00 | C57: 16 | D57: 18 | E57: 3 | F57: 6 | G57: 2 | H57: 0 | I57: 4 | J57: 2 | K57: 1 | L57: 0 | M57: 100 | N57: 0 | O57: =SUM(C57:L57,N57) -> 52 | P57: =SUM(C57:N57) -> 152
B58: Totals | C58: =SUM(C10:C57) -> 1324 | D58: =SUM(D10:D57) -> 1666 | E58: =SUM(E10:E57) -> 287 | F58: =SUM(F10:F57) -> 695 | G58: =SUM(G10:G57) -> 15 | H58: =SUM(H10:H57) -> 1 | I58: =SUM(I10:I57) -> 325 | J58: =SUM(J10:J57) -> 61 | ... P58: =SUM(P10:P57) -> 8163
B59: %ges + MCs | C59: =C58/$P$58 -> 0.16219527 | D59: =D58/$P$58 -> 0.20409163 | E59: =E58/$P$58 -> 0.035158643 | F59: =F58/$P$58 -> 0.085140267 | G59: =G58/$P$58 -> 0.0018375597 | H59: =H58/$P$58 -> 0.00012250398 | I59: =I58/$P$58 -> 0.039813794 | J59: =J58/$P$58 -> 0.0074727429 | ... N59: =N58/$P$58 -> 0
B60: %ges w/o MCs | C60: =C58/$O$58 -> 0.29799685 | D60: =D58/$O$58 -> 0.37497187 | E60: =E58/$O$58 -> 0.064595994 | F60: =F58/$O$58 -> 0.15642584 | G60: =G58/$O$58 -> 0.0033760972 | H60: =H58/$O$58 -> 0.00022507315 | I60: =I58/$O$58 -> 0.073148773 | J60: =J58/$O$58 -> 0.013729462 | ... L60: =L58/$O$58 -> 0.0011253657 | N60: =N58/$O$58 -> 0

Sheet 24.09 Kyaliwajalla-Kira
B1: Consultancy services for Preparation of Expressway Development Master Plan (EDMP) for Uganda
B2: MANUAL CLASSIFIED COUNT (MCC)
B3: ROAD NAME: | C3: MCC - C2- STN072 - KIRA POLICE STATION RD
C5: Date | D5: 24.09.19 | F5: Location | G5: KIRA POLICE STATION | J5: Surveyor | K5: Isaac
C6: Dir. From | D6: KYALIWAJALA | F6: Dir. To | G6: KIRA | J6: Supervisor | K6: Tracy
B8: Time / Veh Type | R8: SUMMARY TRAFFIC VOLUMES
C9: 1. Car | D9: 2. Station Wagon | E9: 3. Pickups | F9: 4. Minibus, matatu | G9: 5. Medium bus | H9: 6. Large Bus | I9: 7. Light Truck | J9: 8. Medium Truck | K9: 9. Heavy truck | L9: 10. Truck Trailer | M9: 11. Motor cycles | N9: 12. Tractors | O9: Total Excl M/Cycles | P9: Total All | R9: Time | S9: 1. Car | T9: 2. Station Wagon | U9: 3. Pickups | V9: 4. Minibus, matatu | W9: 5. Medium bus | X9: 6. Large Bus | Y9: 7. Light Truck | Z9: 8. Medium Truck | AA9: 9. Heavy truck | AB9: 10. Truck Trailer | AC9: 11. Motorcycles | AD9: 12. Tractors, Graders | AE9: Total Excl M/ Cycles | AF9: Total All
B10: 07.00 - 07.15 | C10: 49 | D10: 11 | E10: 7 | F10: 6 | G10: 0 | H10: 0 | I10: 3 | J10: 0 | K10: 0 | L10: 0 | M10: 63 | N10: 0 | O10: =SUM(C10:L10,N10) -> 76 | P10: =SUM(C10:N10) -> 139 | R10: 0700-0800 | S10: =SUM(C10:C13) -> 168 | T10: =SUM(D10:D13) -> 52 | U10: =SUM(E10:E13) -> 19 | V10: =SUM(F10:F13) -> 23 | W10: =SUM(G10:G13) -> 0 | X10: =SUM(H10:H13) -> 0 | Y10: =SUM(I10:I13) -> 13 | Z10: =SUM(J10:J13) -> 2 | ... AF10: =SUM(P10:P13) -> 516
B11: 07.15 - 07.30 | C11: 45 | D11: 17 | E11: 7 | F11: 9 | G11: 0 | H11: 0 | I11: 3 | J11: 0 | K11: 1 | L11: 0 | M11: 70 | N11: 0 | O11: =SUM(C11:L11,N11) -> 82 | P11: =SUM(C11:N11) -> 152 | R11: 0800-0900 | S11: =SUM(C14:C17) -> 218 | T11: =SUM(D14:D17) -> 68 | U11: =SUM(E14:E17) -> 21 | V11: =SUM(F14:F17) -> 19 | W11: =SUM(G14:G17) -> 0 | X11: =SUM(H14:H17) -> 0 | Y11: =SUM(I14:I17) -> 28 | Z11: =SUM(J14:J17) -> 7 | ... AF11: =SUM(P14:P17) -> 757
B12: 07.30 - 07.45 | C12: 37 | D12: 12 | E12: 2 | F12: 5 | G12: 0 | H12: 0 | I12: 4 | J12: 1 | K12: 0 | L12: 0 | M12: 10 | N12: 0 | O12: =SUM(C12:L12,N12) -> 61 | P12: =SUM(C12:N12) -> 71 | R12: 0900-1000 | S12: =SUM(C18:C21) -> 117 | T12: =SUM(D18:D21) -> 28 | U12: =SUM(E18:E21) -> 24 | V12: =SUM(F18:F21) -> 9 | W12: =SUM(G18:G21) -> 0 | X12: =SUM(H18:H21) -> 1 | Y12: =SUM(I18:I21) -> 11 | Z12: =SUM(J18:J21) -> 4 | ... AF12: =SUM(P18:P21) -> 586
B13: 07.45 - 08.00 | C13: 37 | D13: 12 | E13: 3 | F13: 3 | G13: 0 | H13: 0 | I13: 3 | J13: 1 | K13: 0 | L13: 0 | M13: 95 | N13: 0 | O13: =SUM(C13:L13,N13) -> 59 | P13: =SUM(C13:N13) -> 154 | R13: 1000-1100 | S13: =SUM(C22:C25) -> 133 | T13: =SUM(D22:D25) -> 84 | U13: =SUM(E22:E25) -> 31 | V13: =SUM(F22:F25) -> 14 | W13: =SUM(G22:G25) -> 0 | X13: =SUM(H22:H25) -> 0 | Y13: =SUM(I22:I25) -> 24 | Z13: =SUM(J22:J25) -> 8 | ... AF13: =SUM(P22:P25) -> 658
B14: 08.00 - 08.15 | C14: 68 | D14: 17 | E14: 4 | F14: 6 | G14: 0 | H14: 0 | I14: 6 | J14: 1 | K14: 1 | L14: 0 | M14: 118 | N14: 0 | O14: =SUM(C14:L14,N14) -> 103 | P14: =SUM(C14:N14) -> 221 | R14: 1100-1200 | S14: =SUM(C26:C29) -> 92 | T14: =SUM(D26:D29) -> 50 | U14: =SUM(E26:E29) -> 21 | V14: =SUM(F26:F29) -> 18 | W14: =SUM(G26:G29) -> 0 | X14: =SUM(H26:H29) -> 0 | Y14: =SUM(I26:I29) -> 30 | Z14: =SUM(J26:J29) -> 4 | ... AF14: =SUM(P26:P29) -> 493
B15: 08.15 - 08.30 | C15: 46 | D15: 19 | E15: 8 | F15: 6 | G15: 0 | H15: 0 | I15: 4 | J15: 0 | K15: 0 | L15: 0 | M15: 73 | N15: 0 | O15: =SUM(C15:L15,N15) -> 83 | P15: =SUM(C15:N15) -> 156 | R15: 1200-1300 | S15: =SUM(C30:C33) -> 104 | T15: =SUM(D30:D33) -> 57 | U15: =SUM(E30:E33) -> 46 | V15: =SUM(F30:F33) -> 18 | W15: =SUM(G30:G33) -> 0 | X15: =SUM(H30:H33) -> 0 | Y15: =SUM(I30:I33) -> 20 | Z15: =SUM(J30:J33) -> 7 | ... AF15: =SUM(P30:P33) -> 513
B16: 08.30 - 08.45 | C16: 58 | D16: 19 | E16: 4 | F16: 4 | G16: 0 | H16: 0 | I16: 5 | J16: 1 | K16: 3 | L16: 0 | M16: 76 | N16: 0 | O16: =SUM(C16:L16,N16) -> 94 | P16: =SUM(C16:N16) -> 170 | R16: 1300-1400 | S16: =SUM(C34:C37) -> 102 | T16: =SUM(D34:D37) -> 51 | U16: =SUM(E34:E37) -> 25 | V16: =SUM(F34:F37) -> 15 | W16: =SUM(G34:G37) -> 0 | X16: =SUM(H34:H37) -> 0 | Y16: =SUM(I34:I37) -> 24 | Z16: =SUM(J34:J37) -> 10 | ... AF16: =SUM(P34:P37) -> 486
B17: 08.45 - 9.00 | C17: 46 | D17: 13 | E17: 5 | F17: 3 | G17: 0 | H17: 0 | I17: 13 | J17: 5 | K17: 2 | L17: 0 | M17: 123 | N17: 0 | O17: =SUM(C17:L17,N17) -> 87 | P17: =SUM(C17:N17) -> 210 | R17: 1400-1500 | S17: =SUM(C38:C41) -> 79 | T17: =SUM(D38:D41) -> 46 | U17: =SUM(E38:E41) -> 53 | V17: =SUM(F38:F41) -> 14 | W17: =SUM(G38:G41) -> 2 | X17: =SUM(H38:H41) -> 0 | Y17: =SUM(I38:I41) -> 16 | Z17: =SUM(J38:J41) -> 6 | ... AF17: =SUM(P38:P41) -> 502
B18: 09.00 - 09.15 | C18: 23 | D18: 4 | E18: 9 | F18: 2 | G18: 0 | H18: 1 | I18: 3 | J18: 2 | K18: 0 | L18: 0 | M18: 102 | N18: 0 | O18: =SUM(C18:L18,N18) -> 44 | P18: =SUM(C18:N18) -> 146 | R18: 1500-1600 | S18: =SUM(C42:C45) -> 99 | T18: =SUM(D42:D45) -> 44 | U18: =SUM(E42:E45) -> 37 | V18: =SUM(F42:F45) -> 29 | W18: =SUM(G42:G45) -> 0 | X18: =SUM(H42:H45) -> 0 | Y18: =SUM(I42:I45) -> 9 | Z18: =SUM(J42:J45) -> 4 | ... AF18: =SUM(P42:P45) -> 480
B19: 09.15 - 09.30 | C19: 38 | D19: 5 | E19: 2 | F19: 1 | G19: 0 | H19: 0 | I19: 3 | J19: 0 | K19: 1 | L19: 0 | M19: 76 | N19: 0 | O19: =SUM(C19:L19,N19) -> 50 | P19: =SUM(C19:N19) -> 126 | R19: 1600-1700 | S19: =SUM(C46:C49) -> 165 | T19: =SUM(D46:D49) -> 140 | U19: =SUM(E46:E49) -> 20 | V19: =SUM(F46:F49) -> 36 | W19: =SUM(G46:G49) -> 1 | X19: =SUM(H46:H49) -> 0 | Y19: =SUM(I46:I49) -> 17 | Z19: =SUM(J46:J49) -> 8 | ... AF19: =SUM(P46:P49) -> 715
B20: 09.30 - 09.45 | C20: 28 | D20: 11 | E20: 7 | F20: 3 | G20: 0 | H20: 0 | I20: 3 | J20: 2 | K20: 0 | L20: 0 | M20: 110 | N20: 0 | O20: =SUM(C20:L20,N20) -> 54 | P20: =SUM(C20:N20) -> 164 | R20: 1700-1800 | S20: =SUM(C50:C53) -> 199 | T20: =SUM(D50:D53) -> 149 | U20: =SUM(E50:E53) -> 34 | V20: =SUM(F50:F53) -> 31 | W20: =SUM(G50:G53) -> 3 | X20: =SUM(H50:H53) -> 0 | Y20: =SUM(I50:I53) -> 10 | Z20: =SUM(J50:J53) -> 3 | ... AF20: =SUM(P50:P53) -> 761
B21: 09.45 - 10.00 | C21: 28 | D21: 8 | E21: 6 | F21: 3 | G21: 0 | H21: 0 | I21: 2 | J21: 0 | K21: 2 | L21: 0 | M21: 101 | N21: 0 | O21: =SUM(C21:L21,N21) -> 49 | P21: =SUM(C21:N21) -> 150 | R21: 1800-1900 | S21: =SUM(C54:C57) -> 189 | T21: =SUM(D54:D57) -> 140 | U21: =SUM(E54:E57) -> 47 | V21: =SUM(F54:F57) -> 21 | W21: =SUM(G54:G57) -> 0 | X21: =SUM(H54:H57) -> 0 | Y21: =SUM(I54:I57) -> 12 | Z21: =SUM(J54:J57) -> 2 | ... AF21: =SUM(P54:P57) -> 775
B22: 10.00 - 10.15 | C22: 38 | D22: 15 | E22: 7 | F22: 2 | G22: 0 | H22: 0 | I22: 4 | J22: 1 | K22: 0 | L22: 0 | M22: 98 | N22: 0 | O22: =SUM(C22:L22,N22) -> 67 | P22: =SUM(C22:N22) -> 165 | R22: AM Peak Hr | S22: =MAX(S10:S12) -> 218 | T22: =MAX(T10:T12) -> 68 | U22: =MAX(U10:U12) -> 24 | V22: =MAX(V10:V12) -> 23 | W22: =MAX(W10:W12) -> 0 | X22: =MAX(X10:X12) -> 1 | Y22: =MAX(Y10:Y12) -> 28 | Z22: =MAX(Z10:Z12) -> 7 | ... AF22: =MAX(AF10:AF12) -> 757
B23: 10.15 - 10.30 | C23: 33 | D23: 22 | E23: 5 | F23: 5 | G23: 0 | H23: 0 | I23: 6 | J23: 2 | K23: 2 | L23: 0 | M23: 95 | N23: 0 | O23: =SUM(C23:L23,N23) -> 75 | P23: =SUM(C23:N23) -> 170 | R23: IP Peak Hr | S23: =MAX(S13:S18) -> 133 | T23: =MAX(T13:T18) -> 84 | U23: =MAX(U13:U18) -> 53 | V23: =MAX(V13:V18) -> 29 | W23: =MAX(W13:W18) -> 2 | X23: =MAX(X13:X18) -> 0 | Y23: =MAX(Y13:Y18) -> 30 | Z23: =MAX(Z13:Z18) -> 10 | ... AF23: =MAX(AF13:AF18) -> 658
B24: 10.30 - 10.45 | C24: 26 | D24: 18 | E24: 10 | F24: 7 | G24: 0 | H24: 0 | I24: 5 | J24: 1 | K24: 4 | L24: 0 | M24: 81 | N24: 0 | O24: =SUM(C24:L24,N24) -> 71 | P24: =SUM(C24:N24) -> 152 | R24: PM Peak Hr | S24: =MAX(S19:S21) -> 199 | T24: =MAX(T19:T21) -> 149 | U24: =MAX(U19:U21) -> 47 | V24: =MAX(V19:V21) -> 36 | W24: =MAX(W19:W21) -> 3 | X24: =MAX(X19:X21) -> 0 | Y24: =MAX(Y19:Y21) -> 17 | Z24: =MAX(Z19:Z21) -> 8 | ... AF24: =MAX(AF19:AF21) -> 775
B25: 10.45 - 11.00 | C25: 36 | D25: 29 | E25: 9 | F25: 0 | G25: 0 | H25: 0 | I25: 9 | J25: 4 | K25: 1 | L25: 0 | M25: 82 | N25: 1 | O25: =SUM(C25:L25,N25) -> 89 | P25: =SUM(C25:N25) -> 171 | R25: AM Period | S25: =SUM(S10:S12) -> 503 | T25: =SUM(T10:T12) -> 148 | U25: =SUM(U10:U12) -> 64 | V25: =SUM(V10:V12) -> 51 | W25: =SUM(W10:W12) -> 0 | X25: =SUM(X10:X12) -> 1 | Y25: =SUM(Y10:Y12) -> 52 | Z25: =SUM(Z10:Z12) -> 13 | ... AF25: =SUM(AF10:AF12) -> 1859
B26: 11.00 - 11.15 | C26: 21 | D26: 9 | E26: 3 | F26: 4 | G26: 0 | H26: 0 | I26: 6 | J26: 3 | K26: 3 | L26: 0 | M26: 72 | N26: 0 | O26: =SUM(C26:L26,N26) -> 49 | P26: =SUM(C26:N26) -> 121 | R26: IP Period | S26: =SUM(S13:S18) -> 609 | T26: =SUM(T13:T18) -> 332 | U26: =SUM(U13:U18) -> 213 | V26: =SUM(V13:V18) -> 108 | W26: =SUM(W13:W18) -> 2 | X26: =SUM(X13:X18) -> 0 | Y26: =SUM(Y13:Y18) -> 123 | Z26: =SUM(Z13:Z18) -> 39 | ... AF26: =SUM(AF13:AF18) -> 3132
B27: 11.15 - 11.30 | C27: 31 | D27: 12 | E27: 7 | F27: 6 | G27: 0 | H27: 0 | I27: 7 | J27: 1 | K27: 0 | L27: 0 | M27: 70 | N27: 0 | O27: =SUM(C27:L27,N27) -> 64 | P27: =SUM(C27:N27) -> 134 | R27: PM Period | S27: =SUM(S19:S21) -> 553 | T27: =SUM(T19:T21) -> 429 | U27: =SUM(U19:U21) -> 101 | V27: =SUM(V19:V21) -> 88 | W27: =SUM(W19:W21) -> 4 | X27: =SUM(X19:X21) -> 0 | Y27: =SUM(Y19:Y21) -> 39 | Z27: =SUM(Z19:Z21) -> 13 | ... AF27: =SUM(AF19:AF21) -> 2251
B28: 11.30 - 11.45 | C28: 22 | D28: 16 | E28: 5 | F28: 2 | G28: 0 | H28: 0 | I28: 8 | J28: 0 | K28: 1 | L28: 0 | M28: 69 | N28: 0 | O28: =SUM(C28:L28,N28) -> 54 | P28: =SUM(C28:N28) -> 123 | R28: 12 Hours | S28: =SUM(S10:S21) -> 1665 | T28: =SUM(T10:T21) -> 909 | U28: =SUM(U10:U21) -> 378 | V28: =SUM(V10:V21) -> 247 | W28: =SUM(W10:W21) -> 6 | X28: =SUM(X10:X21) -> 1 | Y28: =SUM(Y10:Y21) -> 214 | Z28: =SUM(Z10:Z21) -> 65 | ... AF28: =SUM(AF10:AF21) -> 7242
B29: 11.45 - 12.00 | C29: 18 | D29: 13 | E29: 6 | F29: 6 | G29: 0 | H29: 0 | I29: 9 | J29: 0 | K29: 0 | L29: 0 | M29: 63 | N29: 0 | O29: =SUM(C29:L29,N29) -> 52 | P29: =SUM(C29:N29) -> 115
B30: 12.00 - 12.15 | C30: 23 | D30: 16 | E30: 11 | F30: 4 | G30: 0 | H30: 0 | I30: 3 | J30: 1 | K30: 2 | L30: 0 | M30: 63 | N30: 0 | O30: =SUM(C30:L30,N30) -> 60 | P30: =SUM(C30:N30) -> 123
B31: 12.15 - 12.30 | C31: 36 | D31: 21 | E31: 14 | F31: 2 | G31: 0 | H31: 0 | I31: 6 | J31: 0 | K31: 0 | L31: 0 | M31: 67 | N31: 0 | O31: =SUM(C31:L31,N31) -> 79 | P31: =SUM(C31:N31) -> 146
B32: 12.30 - 12.45 | C32: 26 | D32: 14 | E32: 16 | F32: 6 | G32: 0 | H32: 0 | I32: 4 | J32: 4 | K32: 1 | L32: 0 | M32: 59 | N32: 0 | O32: =SUM(C32:L32,N32) -> 71 | P32: =SUM(C32:N32) -> 130
B33: 12.45 - 13.00 | C33: 19 | D33: 6 | E33: 5 | F33: 6 | G33: 0 | H33: 0 | I33: 7 | J33: 2 | K33: 3 | L33: 0 | M33: 66 | N33: 0 | O33: =SUM(C33:L33,N33) -> 48 | P33: =SUM(C33:N33) -> 114
B34: 13.00 - 13.15 | C34: 21 | D34: 7 | E34: 4 | F34: 2 | G34: 0 | H34: 0 | I34: 7 | J34: 2 | K34: 1 | L34: 0 | M34: 68 | N34: 0 | O34: =SUM(C34:L34,N34) -> 44 | P34: =SUM(C34:N34) -> 112
B35: 13.15 - 13.30 | C35: 24 | D35: 16 | E35: 7 | F35: 4 | G35: 0 | H35: 0 | I35: 6 | J35: 3 | K35: 3 | L35: 0 | M35: 66 | N35: 0 | O35: =SUM(C35:L35,N35) -> 63 | P35: =SUM(C35:N35) -> 129
B36: 13.30 - 13.45 | C36: 30 | D36: 13 | E36: 6 | F36: 6 | G36: 0 | H36: 0 | I36: 7 | J36: 3 | K36: 3 | L36: 0 | M36: 58 | N36: 0 | O36: =SUM(C36:L36,N36) -> 68 | P36: =SUM(C36:N36) -> 126
B37: 13.45 - 14.00 | C37: 27 | D37: 15 | E37: 8 | F37: 3 | G37: 0 | H37: 0 | I37: 4 | J37: 2 | K37: 3 | L37: 0 | M37: 57 | N37: 0 | O37: =SUM(C37:L37,N37) -> 62 | P37: =SUM(C37:N37) -> 119
B38: 14.00 - 14.15 | C38: 18 | D38: 7 | E38: 9 | F38: 3 | G38: 0 | H38: 0 | I38: 6 | J38: 3 | K38: 3 | L38: 0 | M38: 68 | N38: 0 | O38: =SUM(C38:L38,N38) -> 49 | P38: =SUM(C38:N38) -> 117
B39: 14.15 - 14.30 | C39: 24 | D39: 16 | E39: 18 | F39: 3 | G39: 0 | H39: 0 | I39: 3 | J39: 1 | K39: 4 | L39: 0 | M39: 66 | N39: 0 | O39: =SUM(C39:L39,N39) -> 69 | P39: =SUM(C39:N39) -> 135
B40: 14.30 - 14.45 | C40: 19 | D40: 11 | E40: 11 | F40: 5 | G40: 0 | H40: 0 | I40: 3 | J40: 2 | K40: 3 | L40: 0 | M40: 72 | N40: 0 | O40: =SUM(C40:L40,N40) -> 54 | P40: =SUM(C40:N40) -> 126
... B57: 18.45 - 19.00 | C57: 49 | D57: 35 | E57: 13 | F57: 3 | G57: 0 | H57: 0 | I57: 4 | J57: 0 | K57: 0 | L57: 0 | M57: 90 | N57: 0 | O57: =SUM(C57:L57,N57) -> 104 | P57: =SUM(C57:N57) -> 194
B58: Totals | C58: =SUM(C10:C57) -> 1665 | D58: =SUM(D10:D57) -> 909 | E58: =SUM(E10:E57) -> 378 | F58: =SUM(F10:F57) -> 247 | G58: =SUM(G10:G57) -> 6 | H58: =SUM(H10:H57) -> 1 | I58: =SUM(I10:I57) -> 214 | J58: =SUM(J10:J57) -> 65 | ... P58: =SUM(P10:P57) -> 7242
B59: %ges + MCs | C59: =C58/$P$58 -> 0.22990886 | D59: =D58/$P$58 -> 0.12551781 | E59: =E58/$P$58 -> 0.052195526 | F59: =F58/$P$58 -> 0.0341066 | G59: =G58/$P$58 -> 0.00082850041 | H59: =H58/$P$58 -> 0.0001380834 | I59: =I58/$P$58 -> 0.029549848 | J59: =J58/$P$58 -> 0.0089754212 | ... N59: =N58/$P$58 -> 0.0002761668
B60: %ges w/o MCs | C60: =C58/$O$58 -> 0.46848621 | D60: =D58/$O$58 -> 0.25576815 | E60: =E58/$O$58 -> 0.10635903 | F60: =F58/$O$58 -> 0.069499156 | G60: =G58/$O$58 -> 0.0016882386 | H60: =H58/$O$58 -> 0.0002813731 | I60: =I58/$O$58 -> 0.060213844 | J60: =J58/$O$58 -> 0.018289252 | ... L60: =L58/$O$58 -> 0.0022509848 | N60: =N58/$O$58 -> 0.0005627462

Sheet 25.09 Kira-Kyaliwajalla
B1: Consultancy services for Preparation of Expressway Development Master Plan (EDMP) for Uganda
B2: MANUAL CLASSIFIED COUNT (MCC)
B3: ROAD NAME: | C3: ='23.09 Kira-Kyaliwalla'!C3:G3 -> MCC-C2-STNO72-KIRA KYALIWAJALLA
C5: Date | D5: 25.07.19 | F5: Location | G5: ='23.09 Kira-Kyaliwalla'!G5:H5 -> Kira Police Division | J5: Surveyor | K5: ='23.09 Kira-Kyaliwalla'!K5:L5 -> Nairuba Apothio
C6: Dir. From | D6: ='23.09 Kira-Kyaliwalla'!D6:E6 -> Kira | F6: Dir. To | G6: ='23.09 Kira-Kyaliwalla'!G6:H6 -> Kyaliwajara | J6: Supervisor | K6: ='23.09 Kira-Kyaliwalla'!K6:L6 -> Tracy
B8: Time / Veh Type | R8: SUMMARY TRAFFIC VOLUMES
C9: 1. Car | D9: 2. Station Wagon | E9: 3. Pickups | F9: 4. Minibus, matatu | G9: 5. Medium bus | H9: 6. Large Bus | I9: 7. Light Truck | J9: 8. Medium Truck | K9: 9. Heavy truck | L9: 10. Truck Trailer | M9: 11. Motor cycles | N9: 12. Tractors | O9: Total Excl M/Cycles | P9: Total All | R9: Time | S9: 1. Car | T9: 2. Station Wagon | U9: 3. Pickups | V9: 4. Minibus, matatu | W9: 5. Medium bus | X9: 6. Large Bus | Y9: 7. Light Truck | Z9: 8. Medium Truck | AA9: 9. Heavy truck | AB9: 10. Truck Trailer | AC9: 11. Motorcycles | AD9: 12. Tractors, Graders | AE9: Total Excl M/ Cycles | AF9: Total All
B10: 07.00 - 07.15 | C10: 70 | D10: 60 | E10: 8 | F10: 14 | G10: 2 | H10: 0 | I10: 4 | J10: 0 | K10: 1 | L10: 0 | M10: 105 | N10: 0 | O10: =SUM(C10:L10,N10) -> 159 | P10: =SUM(C10:N10) -> 264 | R10: 0700-0800 | S10: =SUM(C10:C13) -> 249 | T10: =SUM(D10:D13) -> 219 | U10: =SUM(E10:E13) -> 48 | V10: =SUM(F10:F13) -> 64 | W10: =SUM(G10:G13) -> 2 | X10: =SUM(H10:H13) -> 0 | Y10: =SUM(I10:I13) -> 17 | Z10: =SUM(J10:J13) -> 3 | ... AF10: =SUM(P10:P13) -> 1064
B11: 07.15 - 07.30 | C11: 69 | D11: 54 | E11: 18 | F11: 18 | G11: 0 | H11: 0 | I11: 5 | J11: 0 | K11: 1 | L11: 0 | M11: 133 | N11: 0 | O11: =SUM(C11:L11,N11) -> 165 | P11: =SUM(C11:N11) -> 298 | R11: 0800-0900 | S11: =SUM(C14:C17) -> 183 | T11: =SUM(D14:D17) -> 160 | U11: =SUM(E14:E17) -> 32 | V11: =SUM(F14:F17) -> 46 | W11: =SUM(G14:G17) -> 0 | X11: =SUM(H14:H17) -> 0 | Y11: =SUM(I14:I17) -> 29 | Z11: =SUM(J14:J17) -> 3 | ... AF11: =SUM(P14:P17) -> 876
B12: 07.30 - 07.45 | C12: 56 | D12: 49 | E12: 12 | F12: 20 | G12: 0 | H12: 0 | I12: 4 | J12: 0 | K12: 2 | L12: 1 | M12: 114 | N12: 0 | O12: =SUM(C12:L12,N12) -> 144 | P12: =SUM(C12:N12) -> 258 | R12: 0900-1000 | S12: =SUM(C18:C21) -> 152 | T12: =SUM(D18:D21) -> 100 | U12: =SUM(E18:E21) -> 32 | V12: =SUM(F18:F21) -> 40 | W12: =SUM(G18:G21) -> 0 | X12: =SUM(H18:H21) -> 3 | Y12: =SUM(I18:I21) -> 27 | Z12: =SUM(J18:J21) -> 2 | ... AF12: =SUM(P18:P21) -> 724
B13: 07.45 - 08.00 | C13: 54 | D13: 56 | E13: 10 | F13: 12 | G13: 0 | H13: 0 | I13: 4 | J13: 3 | K13: 0 | L13: 0 | M13: 105 | N13: 0 | O13: =SUM(C13:L13,N13) -> 139 | P13: =SUM(C13:N13) -> 244 | R13: 1000-1100 | S13: =SUM(C22:C25) -> 129 | T13: =SUM(D22:D25) -> 96 | U13: =SUM(E22:E25) -> 26 | V13: =SUM(F22:F25) -> 49 | W13: =SUM(G22:G25) -> 1 | X13: =SUM(H22:H25) -> 0 | Y13: =SUM(I22:I25) -> 34 | Z13: =SUM(J22:J25) -> 8 | ... AF13: =SUM(P22:P25) -> 695
B14: 08.00 - 08.15 | C14: 53 | D14: 38 | E14: 11 | F14: 11 | G14: 0 | H14: 0 | I14: 7 | J14: 3 | K14: 1 | L14: 0 | M14: 115 | N14: 1 | O14: =SUM(C14:L14,N14) -> 125 | P14: =SUM(C14:N14) -> 240 | R14: 1100-1200 | S14: =SUM(C26:C29) -> 122 | T14: =SUM(D26:D29) -> 88 | U14: =SUM(E26:E29) -> 26 | V14: =SUM(F26:F29) -> 48 | W14: =SUM(G26:G29) -> 2 | X14: =SUM(H26:H29) -> 1 | Y14: =SUM(I26:I29) -> 37 | Z14: =SUM(J26:J29) -> 6 | ... AF14: =SUM(P26:P29) -> 658
B15: 08.15 - 08.30 | C15: 49 | D15: 48 | E15: 6 | F15: 10 | G15: 0 | H15: 0 | I15: 10 | J15: 0 | K15: 1 | L15: 0 | M15: 121 | N15: 0 | O15: =SUM(C15:L15,N15) -> 124 | P15: =SUM(C15:N15) -> 245 | R15: 1200-1300 | S15: =SUM(C30:C33) -> 113 | T15: =SUM(D30:D33) -> 74 | U15: =SUM(E30:E33) -> 18 | V15: =SUM(F30:F33) -> 40 | W15: =SUM(G30:G33) -> 1 | X15: =SUM(H30:H33) -> 0 | Y15: =SUM(I30:I33) -> 33 | Z15: =SUM(J30:J33) -> 7 | ... AF15: =SUM(P30:P33) -> 553
B16: 08.30 - 08.45 | C16: 43 | D16: 45 | E16: 7 | F16: 12 | G16: 0 | H16: 0 | I16: 5 | J16: 0 | K16: 2 | L16: 0 | M16: 89 | N16: 0 | O16: =SUM(C16:L16,N16) -> 114 | P16: =SUM(C16:N16) -> 203 | R16: 1300-1400 | S16: =SUM(C34:C37) -> 129 | T16: =SUM(D34:D37) -> 80 | U16: =SUM(E34:E37) -> 19 | V16: =SUM(F34:F37) -> 35 | W16: =SUM(G34:G37) -> 0 | X16: =SUM(H34:H37) -> 0 | Y16: =SUM(I34:I37) -> 31 | Z16: =SUM(J34:J37) -> 5 | ... AF16: =SUM(P34:P37) -> 590
B17: 08.45 - 9.00 | C17: 38 | D17: 29 | E17: 8 | F17: 13 | G17: 0 | H17: 0 | I17: 7 | J17: 0 | K17: 0 | L17: 0 | M17: 92 | N17: 1 | O17: =SUM(C17:L17,N17) -> 96 | P17: =SUM(C17:N17) -> 188 | R17: 1400-1500 | S17: =SUM(C38:C41) -> 119 | T17: =SUM(D38:D41) -> 60 | U17: =SUM(E38:E41) -> 22 | V17: =SUM(F38:F41) -> 43 | W17: =SUM(G38:G41) -> 3 | X17: =SUM(H38:H41) -> 0 | Y17: =SUM(I38:I41) -> 26 | Z17: =SUM(J38:J41) -> 4 | ... AF17: =SUM(P38:P41) -> 570
B18: 09.00 - 09.15 | C18: 55 | D18: 26 | E18: 9 | F18: 11 | G18: 0 | H18: 0 | I18: 11 | J18: 0 | K18: 0 | L18: 0 | M18: 80 | N18: 0 | O18: =SUM(C18:L18,N18) -> 112 | P18: =SUM(C18:N18) -> 192 | R18: 1500-1600 | S18: =SUM(C42:C45) -> 93 | T18: =SUM(D42:D45) -> 77 | U18: =SUM(E42:E45) -> 14 | V18: =SUM(F42:F45) -> 39 | W18: =SUM(G42:G45) -> 1 | X18: =SUM(H42:H45) -> 0 | Y18: =SUM(I42:I45) -> 31 | Z18: =SUM(J42:J45) -> 4 | ... AF18: =SUM(P42:P45) -> 579
B19: 09.15 - 09.30 | C19: 31 | D19: 7 | E19: 13 | F19: 0 | G19: 0 | H19: 3 | I19: 1 | J19: 0 | K19: 0 | L19: 0 | M19: 85 | N19: 0 | O19: =SUM(C19:L19,N19) -> 55 | P19: =SUM(C19:N19) -> 140 | R19: 1600-1700 | S19: =SUM(C46:C49) -> 109 | T19: =SUM(D46:D49) -> 129 | U19: =SUM(E46:E49) -> 17 | V19: =SUM(F46:F49) -> 49 | W19: =SUM(G46:G49) -> 2 | X19: =SUM(H46:H49) -> 0 | Y19: =SUM(I46:I49) -> 38 | Z19: =SUM(J46:J49) -> 6 | ... AF19: =SUM(P46:P49) -> 669
B20: 09.30 - 09.45 | C20: 34 | D20: 36 | E20: 7 | F20: 20 | G20: 0 | H20: 0 | I20: 13 | J20: 1 | K20: 0 | L20: 0 | M20: 116 | N20: 0 | O20: =SUM(C20:L20,N20) -> 111 | P20: =SUM(C20:N20) -> 227 | R20: 1700-1800 | S20: =SUM(C50:C53) -> 172 | T20: =SUM(D50:D53) -> 123 | U20: =SUM(E50:E53) -> 24 | V20: =SUM(F50:F53) -> 58 | W20: =SUM(G50:G53) -> 3 | X20: =SUM(H50:H53) -> 0 | Y20: =SUM(I50:I53) -> 39 | Z20: =SUM(J50:J53) -> 2 | ... AF20: =SUM(P50:P53) -> 732
B21: 09.45 - 10.00 | C21: 32 | D21: 31 | E21: 3 | F21: 9 | G21: 0 | H21: 0 | I21: 2 | J21: 1 | K21: 1 | L21: 0 | M21: 86 | N21: 0 | O21: =SUM(C21:L21,N21) -> 79 | P21: =SUM(C21:N21) -> 165 | R21: 1800-1900 | S21: =SUM(C54:C57) -> 183 | T21: =SUM(D54:D57) -> 150 | U21: =SUM(E54:E57) -> 26 | V21: =SUM(F54:F57) -> 44 | W21: =SUM(G54:G57) -> 1 | X21: =SUM(H54:H57) -> 0 | Y21: =SUM(I54:I57) -> 29 | Z21: =SUM(J54:J57) -> 3 | ... AF21: =SUM(P54:P57) -> 834
B22: 10.00 - 10.15 | C22: 38 | D22: 19 | E22: 13 | F22: 16 | G22: 0 | H22: 0 | I22: 11 | J22: 1 | K22: 4 | L22: 0 | M22: 92 | N22: 0 | O22: =SUM(C22:L22,N22) -> 102 | P22: =SUM(C22:N22) -> 194 | R22: AM Peak Hr | S22: =MAX(S10:S12) -> 249 | T22: =MAX(T10:T12) -> 219 | U22: =MAX(U10:U12) -> 48 | V22: =MAX(V10:V12) -> 64 | W22: =MAX(W10:W12) -> 2 | X22: =MAX(X10:X12) -> 3 | Y22: =MAX(Y10:Y12) -> 29 | Z22: =MAX(Z10:Z12) -> 3 | ... AF22: =MAX(AF10:AF12) -> 1064
B23: 10.15 - 10.30 | C23: 35 | D23: 33 | E23: 2 | F23: 12 | G23: 1 | H23: 0 | I23: 9 | J23: 1 | K23: 1 | L23: 0 | M23: 101 | N23: 0 | O23: =SUM(C23:L23,N23) -> 94 | P23: =SUM(C23:N23) -> 195 | R23: IP Peak Hr | S23: =MAX(S13:S18) -> 129 | T23: =MAX(T13:T18) -> 96 | U23: =MAX(U13:U18) -> 26 | V23: =MAX(V13:V18) -> 49 | W23: =MAX(W13:W18) -> 3 | X23: =MAX(X13:X18) -> 1 | Y23: =MAX(Y13:Y18) -> 37 | Z23: =MAX(Z13:Z18) -> 8 | ... AF23: =MAX(AF13:AF18) -> 695
B24: 10.30 - 10.45 | C24: 16 | D24: 21 | E24: 5 | F24: 10 | G24: 0 | H24: 0 | I24: 4 | J24: 2 | K24: 1 | L24: 0 | M24: 55 | N24: 0 | O24: =SUM(C24:L24,N24) -> 59 | P24: =SUM(C24:N24) -> 114 | R24: PM Peak Hr | S24: =MAX(S19:S21) -> 183 | T24: =MAX(T19:T21) -> 150 | U24: =MAX(U19:U21) -> 26 | V24: =MAX(V19:V21) -> 58 | W24: =MAX(W19:W21) -> 3 | X24: =MAX(X19:X21) -> 0 | Y24: =MAX(Y19:Y21) -> 39 | Z24: =MAX(Z19:Z21) -> 6 | ... AF24: =MAX(AF19:AF21) -> 834
B25: 10.45 - 11.00 | C25: 40 | D25: 23 | E25: 6 | F25: 11 | G25: 0 | H25: 0 | I25: 10 | J25: 4 | K25: 0 | L25: 0 | M25: 98 | N25: 0 | O25: =SUM(C25:L25,N25) -> 94 | P25: =SUM(C25:N25) -> 192 | R25: AM Period | S25: =SUM(S10:S12) -> 584 | T25: =SUM(T10:T12) -> 479 | U25: =SUM(U10:U12) -> 112 | V25: =SUM(V10:V12) -> 150 | W25: =SUM(W10:W12) -> 2 | X25: =SUM(X10:X12) -> 3 | Y25: =SUM(Y10:Y12) -> 73 | Z25: =SUM(Z10:Z12) -> 8 | ... AF25: =SUM(AF10:AF12) -> 2664
B26: 11.00 - 11.15 | C26: 34 | D26: 18 | E26: 9 | F26: 17 | G26: 1 | H26: 0 | I26: 15 | J26: 0 | K26: 0 | L26: 0 | M26: 103 | N26: 0 | O26: =SUM(C26:L26,N26) -> 94 | P26: =SUM(C26:N26) -> 197 | R26: IP Period | S26: =SUM(S13:S18) -> 705 | T26: =SUM(T13:T18) -> 475 | U26: =SUM(U13:U18) -> 125 | V26: =SUM(V13:V18) -> 254 | W26: =SUM(W13:W18) -> 8 | X26: =SUM(X13:X18) -> 1 | Y26: =SUM(Y13:Y18) -> 192 | Z26: =SUM(Z13:Z18) -> 34 | ... AF26: =SUM(AF13:AF18) -> 3645
B27: 11.15 - 11.30 | C27: 24 | D27: 27 | E27: 4 | F27: 10 | G27: 1 | H27: 0 | I27: 8 | J27: 3 | K27: 0 | L27: 0 | M27: 92 | N27: 0 | O27: =SUM(C27:L27,N27) -> 77 | P27: =SUM(C27:N27) -> 169 | R27: PM Period | S27: =SUM(S19:S21) -> 464 | T27: =SUM(T19:T21) -> 402 | U27: =SUM(U19:U21) -> 67 | V27: =SUM(V19:V21) -> 151 | W27: =SUM(W19:W21) -> 6 | X27: =SUM(X19:X21) -> 0 | Y27: =SUM(Y19:Y21) -> 106 | Z27: =SUM(Z19:Z21) -> 11 | ... AF27: =SUM(AF19:AF21) -> 2235
B28: 11.30 - 11.45 | C28: 33 | D28: 20 | E28: 5 | F28: 9 | G28: 0 | H28: 1 | I28: 6 | J28: 0 | K28: 0 | L28: 0 | M28: 72 | N28: 0 | O28: =SUM(C28:L28,N28) -> 74 | P28: =SUM(C28:N28) -> 146 | R28: 12 Hours | S28: =SUM(S10:S21) -> 1753 | T28: =SUM(T10:T21) -> 1356 | U28: =SUM(U10:U21) -> 304 | V28: =SUM(V10:V21) -> 555 | W28: =SUM(W10:W21) -> 16 | X28: =SUM(X10:X21) -> 4 | Y28: =SUM(Y10:Y21) -> 371 | Z28: =SUM(Z10:Z21) -> 53 | ... AF28: =SUM(AF10:AF21) -> 8544
B29: 11.45 - 12.00 | C29: 31 | D29: 23 | E29: 8 | F29: 12 | G29: 0 | H29: 0 | I29: 8 | J29: 3 | K29: 1 | L29: 0 | M29: 60 | N29: 0 | O29: =SUM(C29:L29,N29) -> 86 | P29: =SUM(C29:N29) -> 146
B30: 12.00 - 12.15 | C30: 33 | D30: 21 | E30: 2 | F30: 7 | G30: 1 | H30: 0 | I30: 5 | J30: 4 | K30: 2 | L30: 0 | M30: 57 | N30: 0 | O30: =SUM(C30:L30,N30) -> 75 | P30: =SUM(C30:N30) -> 132
B31: 12.15 - 12.30 | C31: 22 | D31: 21 | E31: 7 | F31: 11 | G31: 0 | H31: 0 | I31: 8 | J31: 1 | K31: 1 | L31: 0 | M31: 60 | N31: 0 | O31: =SUM(C31:L31,N31) -> 71 | P31: =SUM(C31:N31) -> 131
B32: 12.30 - 12.45 | C32: 32 | D32: 24 | E32: 2 | F32: 11 | G32: 0 | H32: 0 | I32: 14 | J32: 1 | K32: 2 | L32: 2 | M32: 77 | N32: 0 | O32: =SUM(C32:L32,N32) -> 88 | P32: =SUM(C32:N32) -> 165
B33: 12.45 - 13.00 | C33: 26 | D33: 8 | E33: 7 | F33: 11 | G33: 0 | H33: 0 | I33: 6 | J33: 1 | K33: 2 | L33: 0 | M33: 64 | N33: 0 | O33: =SUM(C33:L33,N33) -> 61 | P33: =SUM(C33:N33) -> 125
B34: 13.00 - 13.15 | C34: 36 | D34: 18 | E34: 2 | F34: 9 | G34: 0 | H34: 0 | I34: 6 | J34: 1 | K34: 1 | L34: 0 | M34: 94 | N34: 0 | O34: =SUM(C34:L34,N34) -> 73 | P34: =SUM(C34:N34) -> 167
B35: 13.15 - 13.30 | C35: 40 | D35: 26 | E35: 5 | F35: 7 | G35: 0 | H35: 0 | I35: 8 | J35: 3 | K35: 0 | L35: 0 | M35: 79 | N35: 0 | O35: =SUM(C35:L35,N35) -> 89 | P35: =SUM(C35:N35) -> 168
B36: 13.30 - 13.45 | C36: 22 | D36: 21 | E36: 3 | F36: 8 | G36: 0 | H36: 0 | I36: 10 | J36: 0 | K36: 0 | L36: 0 | M36: 65 | N36: 0 | O36: =SUM(C36:L36,N36) -> 64 | P36: =SUM(C36:N36) -> 129
B37: 13.45 - 14.00 | C37: 31 | D37: 15 | E37: 9 | F37: 11 | G37: 0 | H37: 0 | I37: 7 | J37: 1 | K37: 3 | L37: 1 | M37: 48 | N37: 0 | O37: =SUM(C37:L37,N37) -> 78 | P37: =SUM(C37:N37) -> 126
B38: 14.00 - 14.15 | C38: 36 | D38: 20 | E38: 5 | F38: 11 | G38: 0 | H38: 0 | I38: 5 | J38: 2 | K38: 4 | L38: 0 | M38: 75 | N38: 0 | O38: =SUM(C38:L38,N38) -> 83 | P38: =SUM(C38:N38) -> 158
B39: 14.15 - 14.30 | C39: 36 | D39: 18 | E39: 8 | F39: 13 | G39: 1 | H39: 0 | I39: 10 | J39: 1 | K39: 2 | L39: 0 | M39: 73 | N39: 0 | O39: =SUM(C39:L39,N39) -> 89 | P39: =SUM(C39:N39) -> 162
B40: 14.30 - 14.45 | C40: 25 | D40: 8 | E40: 6 | F40: 9 | G40: 1 | H40: 0 | I40: 6 | J40: 0 | K40: 1 | L40: 0 | M40: 60 | N40: 0 | O40: =SUM(C40:L40,N40) -> 56 | P40: =SUM(C40:N40) -> 116
... B57: 18.45 - 19.00 | C57: 48 | D57: 28 | E57: 6 | F57: 13 | G57: 0 | H57: 0 | I57: 5 | J57: 0 | K57: 2 | L57: 0 | M57: 105 | N57: 0 | O57: =SUM(C57:L57,N57) -> 102 | P57: =SUM(C57:N57) -> 207
B58: Totals | C58: =SUM(C10:C57) -> 1753 | D58: =SUM(D10:D57) -> 1356 | E58: =SUM(E10:E57) -> 304 | F58: =SUM(F10:F57) -> 555 | G58: =SUM(G10:G57) -> 16 | H58: =SUM(H10:H57) -> 4 | I58: =SUM(I10:I57) -> 371 | J58: =SUM(J10:J57) -> 53 | ... P58: =SUM(P10:P57) -> 8544
B59: %ges + MCs | C59: =C58/$P$58 -> 0.20517322 | D59: =D58/$P$58 -> 0.15870787 | E59: =E58/$P$58 -> 0.035580524 | F59: =F58/$P$58 -> 0.064957865 | G59: =G58/$P$58 -> 0.0018726592 | H59: =H58/$P$58 -> 0.00046816479 | I59: =I58/$P$58 -> 0.043422285 | J59: =J58/$P$58 -> 0.0062031835 | ... N59: =N58/$P$58 -> 0.0002340824
B60: %ges w/o MCs | C60: =C58/$O$58 -> 0.3906842 | D60: =D58/$O$58 -> 0.30220637 | E60: =E58/$O$58 -> 0.067751281 | F60: =F58/$O$58 -> 0.12369066 | G60: =G58/$O$58 -> 0.0035658569 | H60: =H58/$O$58 -> 0.00089146423 | I60: =I58/$O$58 -> 0.082683307 | J60: =J58/$O$58 -> 0.011811901 | ... L60: =L58/$O$58 -> 0.0020057945 | N60: =N58/$O$58 -> 0.00044573211

Sheet 25.09 Kyaliwajala-Kira
B1: Consultancy services for Preparation of Expressway Development Master Plan (EDMP) for Uganda
B2: MANUAL CLASSIFIED COUNT (MCC)
B3: ROAD NAME: | C3: MCC-C2-STNO 72-KIRA -KYALIWAJALA
C5: Date | D5: ='25.09 Kira-Kyaliwajalla'!D5 -> 25.07.19 | F5: Location | G5: ='23.09 Kira-Kyaliwalla'!G5:H5 -> Kira Police Division | J5: Surveyor | K5: Isaac
C6: Dir. From | D6: KYALIWAJALA | F6: Dir. To | G6: Kira Police Division | J6: Supervisor | K6: ='23.09 Kira-Kyaliwalla'!K6:L6 -> Tracy
B8: Time / Veh Type | R8: SUMMARY TRAFFIC VOLUMES
C9: 1. Car | D9: 2. Station Wagon | E9: 3. Pickups | F9: 4. Minibus, matatu | G9: 5. Medium bus | H9: 6. Large Bus | I9: 7. Light Truck | J9: 8. Medium Truck | K9: 9. Heavy truck | L9: 10. Truck Trailer | M9: 11. Motor cycles | N9: 12. Tractors | O9: Total Excl M/Cycles | P9: Total All | R9: Time | S9: 1. Car | T9: 2. Station Wagon | U9: 3. Pickups | V9: 4. Minibus, matatu | W9: 5. Medium bus | X9: 6. Large Bus | Y9: 7. Light Truck | Z9: 8. Medium Truck | AA9: 9. Heavy truck | AB9: 10. Truck Trailer | AC9: 11. Motorcycles | AD9: 12. Tractors, Graders | AE9: Total Excl M/ Cycles | AF9: Total All
B10: 07.00 - 07.15 | C10: 48 | D10: 14 | E10: 2 | F10: 6 | G10: 0 | H10: 0 | I10: 3 | J10: 0 | K10: 0 | L10: 0 | M10: 90 | N10: 0 | O10: =SUM(C10:L10,N10) -> 73 | P10: =SUM(C10:N10) -> 163 | R10: 0700-0800 | S10: =SUM(C10:C13) -> 152 | T10: =SUM(D10:D13) -> 55 | U10: =SUM(E10:E13) -> 19 | V10: =SUM(F10:F13) -> 22 | W10: =SUM(G10:G13) -> 0 | X10: =SUM(H10:H13) -> 0 | Y10: =SUM(I10:I13) -> 13 | Z10: =SUM(J10:J13) -> 2 | ... AF10: =SUM(P10:P13) -> 660
B11: 07.15 - 07.30 | C11: 34 | D11: 3 | E11: 6 | F11: 3 | G11: 0 | H11: 0 | I11: 1 | J11: 1 | K11: 0 | L11: 1 | M11: 100 | N11: 0 | O11: =SUM(C11:L11,N11) -> 49 | P11: =SUM(C11:N11) -> 149 | R11: 0800-0900 | S11: =SUM(C14:C17) -> 136 | T11: =SUM(D14:D17) -> 76 | U11: =SUM(E14:E17) -> 28 | V11: =SUM(F14:F17) -> 25 | W11: =SUM(G14:G17) -> 0 | X11: =SUM(H14:H17) -> 0 | Y11: =SUM(I14:I17) -> 15 | Z11: =SUM(J14:J17) -> 7 | ... AF11: =SUM(P14:P17) -> 631
B12: 07.30 - 07.45 | C12: 33 | D12: 17 | E12: 7 | F12: 6 | G12: 0 | H12: 0 | I12: 5 | J12: 1 | K12: 0 | L12: 0 | M12: 95 | N12: 0 | O12: =SUM(C12:L12,N12) -> 69 | P12: =SUM(C12:N12) -> 164 | R12: 0900-1000 | S12: =SUM(C18:C21) -> 144 | T12: =SUM(D18:D21) -> 76 | U12: =SUM(E18:E21) -> 35 | V12: =SUM(F18:F21) -> 22 | W12: =SUM(G18:G21) -> 1 | X12: =SUM(H18:H21) -> 0 | Y12: =SUM(I18:I21) -> 23 | Z12: =SUM(J18:J21) -> 3 | ... AF12: =SUM(P18:P21) -> 647
B13: 07.45 - 08.00 | C13: 37 | D13: 21 | E13: 4 | F13: 7 | G13: 0 | H13: 0 | I13: 4 | J13: 0 | K13: 0 | L13: 0 | M13: 111 | N13: 0 | O13: =SUM(C13:L13,N13) -> 73 | P13: =SUM(C13:N13) -> 184 | R13: 1000-1100 | S13: =SUM(C22:C25) -> 130 | T13: =SUM(D22:D25) -> 52 | U13: =SUM(E22:E25) -> 33 | V13: =SUM(F22:F25) -> 20 | W13: =SUM(G22:G25) -> 0 | X13: =SUM(H22:H25) -> 0 | Y13: =SUM(I22:I25) -> 26 | Z13: =SUM(J22:J25) -> 10 | ... AF13: =SUM(P22:P25) -> 638
B14: 08.00 - 08.15 | C14: 33 | D14: 17 | E14: 8 | F14: 5 | G14: 0 | H14: 0 | I14: 8 | J14: 2 | K14: 1 | L14: 0 | M14: 76 | N14: 0 | O14: =SUM(C14:L14,N14) -> 74 | P14: =SUM(C14:N14) -> 150 | R14: 1100-1200 | S14: =SUM(C26:C29) -> 126 | T14: =SUM(D26:D29) -> 50 | U14: =SUM(E26:E29) -> 29 | V14: =SUM(F26:F29) -> 10 | W14: =SUM(G26:G29) -> 0 | X14: =SUM(H26:H29) -> 1 | Y14: =SUM(I26:I29) -> 22 | Z14: =SUM(J26:J29) -> 9 | ... AF14: =SUM(P26:P29) -> 541
B15: 08.15 - 08.30 | C15: 20 | D15: 19 | E15: 3 | F15: 6 | G15: 0 | H15: 0 | I15: 0 | J15: 1 | K15: 2 | L15: 2 | M15: 82 | N15: 0 | O15: =SUM(C15:L15,N15) -> 53 | P15: =SUM(C15:N15) -> 135 | R15: 1200-1300 | S15: =SUM(C30:C33) -> 139 | T15: =SUM(D30:D33) -> 24 | U15: =SUM(E30:E33) -> 18 | V15: =SUM(F30:F33) -> 14 | W15: =SUM(G30:G33) -> 1 | X15: =SUM(H30:H33) -> 0 | Y15: =SUM(I30:I33) -> 33 | Z15: =SUM(J30:J33) -> 3 | ... AF15: =SUM(P30:P33) -> 546
B16: 08.30 - 08.45 | C16: 45 | D16: 23 | E16: 6 | F16: 6 | G16: 0 | H16: 0 | I16: 2 | J16: 1 | K16: 2 | L16: 1 | M16: 87 | N16: 0 | O16: =SUM(C16:L16,N16) -> 86 | P16: =SUM(C16:N16) -> 173 | R16: 1300-1400 | S16: =SUM(C34:C37) -> 134 | T16: =SUM(D34:D37) -> 36 | U16: =SUM(E34:E37) -> 30 | V16: =SUM(F34:F37) -> 11 | W16: =SUM(G34:G37) -> 0 | X16: =SUM(H34:H37) -> 0 | Y16: =SUM(I34:I37) -> 24 | Z16: =SUM(J34:J37) -> 8 | ... AF16: =SUM(P34:P37) -> 546
B17: 08.45 - 9.00 | C17: 38 | D17: 17 | E17: 11 | F17: 8 | G17: 0 | H17: 0 | I17: 5 | J17: 3 | K17: 1 | L17: 0 | M17: 90 | N17: 0 | O17: =SUM(C17:L17,N17) -> 83 | P17: =SUM(C17:N17) -> 173 | R17: 1400-1500 | S17: =SUM(C38:C41) -> 129 | T17: =SUM(D38:D41) -> 43 | U17: =SUM(E38:E41) -> 19 | V17: =SUM(F38:F41) -> 14 | W17: =SUM(G38:G41) -> 2 | X17: =SUM(H38:H41) -> 0 | Y17: =SUM(I38:I41) -> 17 | Z17: =SUM(J38:J41) -> 3 | ... AF17: =SUM(P38:P41) -> 501
B18: 09.00 - 09.15 | C18: 32 | D18: 24 | E18: 8 | F18: 4 | G18: 0 | H18: 0 | I18: 3 | J18: 1 | K18: 0 | L18: 0 | M18: 87 | N18: 0 | O18: =SUM(C18:L18,N18) -> 72 | P18: =SUM(C18:N18) -> 159 | R18: 1500-1600 | S18: =SUM(C42:C45) -> 125 | T18: =SUM(D42:D45) -> 81 | U18: =SUM(E42:E45) -> 15 | V18: =SUM(F42:F45) -> 19 | W18: =SUM(G42:G45) -> 2 | X18: =SUM(H42:H45) -> 0 | Y18: =SUM(I42:I45) -> 21 | Z18: =SUM(J42:J45) -> 6 | ... AF18: =SUM(P42:P45) -> 594
B19: 09.15 - 09.30 | C19: 33 | D19: 14 | E19: 7 | F19: 4 | G19: 0 | H19: 0 | I19: 8 | J19: 0 | K19: 3 | L19: 1 | M19: 80 | N19: 0 | O19: =SUM(C19:L19,N19) -> 70 | P19: =SUM(C19:N19) -> 150 | R19: 1600-1700 | S19: =SUM(C46:C49) -> 167 | T19: =SUM(D46:D49) -> 105 | U19: =SUM(E46:E49) -> 28 | V19: =SUM(F46:F49) -> 27 | W19: =SUM(G46:G49) -> 3 | X19: =SUM(H46:H49) -> 1 | Y19: =SUM(I46:I49) -> 20 | Z19: =SUM(J46:J49) -> 2 | ... AF19: =SUM(P46:P49) -> 701
B20: 09.30 - 09.45 | C20: 37 | D20: 17 | E20: 11 | F20: 8 | G20: 1 | H20: 0 | I20: 5 | J20: 1 | K20: 2 | L20: 1 | M20: 86 | N20: 0 | O20: =SUM(C20:L20,N20) -> 83 | P20: =SUM(C20:N20) -> 169 | R20: 1700-1800 | S20: =SUM(C50:C53) -> 170 | T20: =SUM(D50:D53) -> 94 | U20: =SUM(E50:E53) -> 39 | V20: =SUM(F50:F53) -> 17 | W20: =SUM(G50:G53) -> 2 | X20: =SUM(H50:H53) -> 0 | Y20: =SUM(I50:I53) -> 13 | Z20: =SUM(J50:J53) -> 4 | ... AF20: =SUM(P50:P53) -> 694
B21: 09.45 - 10.00 | C21: 42 | D21: 21 | E21: 9 | F21: 6 | G21: 0 | H21: 0 | I21: 7 | J21: 1 | K21: 0 | L21: 0 | M21: 83 | N21: 0 | O21: =SUM(C21:L21,N21) -> 86 | P21: =SUM(C21:N21) -> 169 | R21: 1800-1900 | S21: =SUM(C54:C57) -> 152 | T21: =SUM(D54:D57) -> 91 | U21: =SUM(E54:E57) -> 40 | V21: =SUM(F54:F57) -> 17 | W21: =SUM(G54:G57) -> 4 | X21: =SUM(H54:H57) -> 0 | Y21: =SUM(I54:I57) -> 22 | Z21: =SUM(J54:J57) -> 3 | ... AF21: =SUM(P54:P57) -> 587
B22: 10.00 - 10.15 | C22: 29 | D22: 8 | E22: 13 | F22: 4 | G22: 0 | H22: 0 | I22: 9 | J22: 0 | K22: 0 | L22: 1 | M22: 95 | N22: 1 | O22: =SUM(C22:L22,N22) -> 65 | P22: =SUM(C22:N22) -> 160 | R22: AM Peak Hr | S22: =MAX(S10:S12) -> 152 | T22: =MAX(T10:T12) -> 76 | U22: =MAX(U10:U12) -> 35 | V22: =MAX(V10:V12) -> 25 | W22: =MAX(W10:W12) -> 1 | X22: =MAX(X10:X12) -> 0 | Y22: =MAX(Y10:Y12) -> 23 | Z22: =MAX(Z10:Z12) -> 7 | ... AF22: =MAX(AF10:AF12) -> 660
B23: 10.15 - 10.30 | C23: 33 | D23: 13 | E23: 8 | F23: 3 | G23: 0 | H23: 0 | I23: 0 | J23: 3 | K23: 0 | L23: 0 | M23: 92 | N23: 0 | O23: =SUM(C23:L23,N23) -> 60 | P23: =SUM(C23:N23) -> 152 | R23: IP Peak Hr | S23: =MAX(S13:S18) -> 139 | T23: =MAX(T13:T18) -> 81 | U23: =MAX(U13:U18) -> 33 | V23: =MAX(V13:V18) -> 20 | W23: =MAX(W13:W18) -> 2 | X23: =MAX(X13:X18) -> 1 | Y23: =MAX(Y13:Y18) -> 33 | Z23: =MAX(Z13:Z18) -> 10 | ... AF23: =MAX(AF13:AF18) -> 638
B24: 10.30 - 10.45 | C24: 37 | D24: 16 | E24: 3 | F24: 6 | G24: 0 | H24: 0 | I24: 11 | J24: 4 | K24: 1 | L24: 0 | M24: 83 | N24: 0 | O24: =SUM(C24:L24,N24) -> 78 | P24: =SUM(C24:N24) -> 161 | R24: PM Peak Hr | S24: =MAX(S19:S21) -> 170 | T24: =MAX(T19:T21) -> 105 | U24: =MAX(U19:U21) -> 40 | V24: =MAX(V19:V21) -> 27 | W24: =MAX(W19:W21) -> 4 | X24: =MAX(X19:X21) -> 1 | Y24: =MAX(Y19:Y21) -> 22 | Z24: =MAX(Z19:Z21) -> 4 | ... AF24: =MAX(AF19:AF21) -> 701
B25: 10.45 - 11.00 | C25: 31 | D25: 15 | E25: 9 | F25: 7 | G25: 0 | H25: 0 | I25: 6 | J25: 3 | K25: 0 | L25: 0 | M25: 94 | N25: 0 | O25: =SUM(C25:L25,N25) -> 71 | P25: =SUM(C25:N25) -> 165 | R25: AM Period | S25: =SUM(S10:S12) -> 432 | T25: =SUM(T10:T12) -> 207 | U25: =SUM(U10:U12) -> 82 | V25: =SUM(V10:V12) -> 69 | W25: =SUM(W10:W12) -> 1 | X25: =SUM(X10:X12) -> 0 | Y25: =SUM(Y10:Y12) -> 51 | Z25: =SUM(Z10:Z12) -> 12 | ... AF25: =SUM(AF10:AF12) -> 1938
B26: 11.00 - 11.15 | C26: 32 | D26: 16 | E26: 10 | F26: 3 | G26: 0 | H26: 0 | I26: 7 | J26: 2 | K26: 1 | L26: 0 | M26: 77 | N26: 0 | O26: =SUM(C26:L26,N26) -> 71 | P26: =SUM(C26:N26) -> 148 | R26: IP Period | S26: =SUM(S13:S18) -> 783 | T26: =SUM(T13:T18) -> 286 | U26: =SUM(U13:U18) -> 144 | V26: =SUM(V13:V18) -> 88 | W26: =SUM(W13:W18) -> 5 | X26: =SUM(X13:X18) -> 1 | Y26: =SUM(Y13:Y18) -> 143 | Z26: =SUM(Z13:Z18) -> 39 | ... AF26: =SUM(AF13:AF18) -> 3366
B27: 11.15 - 11.30 | C27: 26 | D27: 9 | E27: 8 | F27: 3 | G27: 0 | H27: 1 | I27: 0 | J27: 6 | K27: 0 | L27: 0 | M27: 74 | N27: 0 | O27: =SUM(C27:L27,N27) -> 53 | P27: =SUM(C27:N27) -> 127 | R27: PM Period | S27: =SUM(S19:S21) -> 489 | T27: =SUM(T19:T21) -> 290 | U27: =SUM(U19:U21) -> 107 | V27: =SUM(V19:V21) -> 61 | W27: =SUM(W19:W21) -> 9 | X27: =SUM(X19:X21) -> 1 | Y27: =SUM(Y19:Y21) -> 55 | Z27: =SUM(Z19:Z21) -> 9 | ... AF27: =SUM(AF19:AF21) -> 1982
B28: 11.30 - 11.45 | C28: 37 | D28: 14 | E28: 7 | F28: 2 | G28: 0 | H28: 0 | I28: 7 | J28: 0 | K28: 0 | L28: 0 | M28: 67 | N28: 0 | O28: =SUM(C28:L28,N28) -> 67 | P28: =SUM(C28:N28) -> 134 | R28: 12 Hours | S28: =SUM(S10:S21) -> 1704 | T28: =SUM(T10:T21) -> 783 | U28: =SUM(U10:U21) -> 333 | V28: =SUM(V10:V21) -> 218 | W28: =SUM(W10:W21) -> 15 | X28: =SUM(X10:X21) -> 2 | Y28: =SUM(Y10:Y21) -> 249 | Z28: =SUM(Z10:Z21) -> 60 | ... AF28: =SUM(AF10:AF21) -> 7286
B29: 11.45 - 12.00 | C29: 31 | D29: 11 | E29: 4 | F29: 2 | G29: 0 | H29: 0 | I29: 8 | J29: 1 | K29: 0 | L29: 0 | M29: 75 | N29: 0 | O29: =SUM(C29:L29,N29) -> 57 | P29: =SUM(C29:N29) -> 132
B30: 12.00 - 12.15 | C30: 40 | D30: 4 | E30: 3 | F30: 2 | G30: 1 | H30: 0 | I30: 14 | J30: 0 | K30: 0 | L30: 0 | M30: 78 | N30: 0 | O30: =SUM(C30:L30,N30) -> 64 | P30: =SUM(C30:N30) -> 142
B31: 12.15 - 12.30 | C31: 43 | D31: 3 | E31: 5 | F31: 4 | G31: 0 | H31: 0 | I31: 7 | J31: 2 | K31: 2 | L31: 1 | M31: 76 | N31: 0 | O31: =SUM(C31:L31,N31) -> 67 | P31: =SUM(C31:N31) -> 143
B32: 12.30 - 12.45 | C32: 35 | D32: 8 | E32: 7 | F32: 2 | G32: 0 | H32: 0 | I32: 4 | J32: 1 | K32: 0 | L32: 0 | M32: 80 | N32: 0 | O32: =SUM(C32:L32,N32) -> 57 | P32: =SUM(C32:N32) -> 137
B33: 12.45 - 13.00 | C33: 21 | D33: 9 | E33: 3 | F33: 6 | G33: 0 | H33: 0 | I33: 8 | J33: 0 | K33: 0 | L33: 7 | M33: 70 | N33: 0 | O33: =SUM(C33:L33,N33) -> 54 | P33: =SUM(C33:N33) -> 124
B34: 13.00 - 13.15 | C34: 34 | D34: 7 | E34: 7 | F34: 1 | G34: 0 | H34: 0 | I34: 8 | J34: 1 | K34: 0 | L34: 0 | M34: 72 | N34: 0 | O34: =SUM(C34:L34,N34) -> 58 | P34: =SUM(C34:N34) -> 130
B35: 13.15 - 13.30 | C35: 38 | D35: 8 | E35: 3 | F35: 3 | G35: 0 | H35: 0 | I35: 4 | J35: 2 | K35: 0 | L35: 0 | M35: 76 | N35: 0 | O35: =SUM(C35:L35,N35) -> 58 | P35: =SUM(C35:N35) -> 134
B36: 13.30 - 13.45 | C36: 32 | D36: 12 | E36: 9 | F36: 3 | G36: 0 | H36: 0 | I36: 5 | J36: 1 | K36: 0 | L36: 0 | M36: 81 | N36: 0 | O36: =SUM(C36:L36,N36) -> 62 | P36: =SUM(C36:N36) -> 143
B37: 13.45 - 14.00 | C37: 30 | D37: 9 | E37: 11 | F37: 4 | G37: 0 | H37: 0 | I37: 7 | J37: 4 | K37: 0 | L37: 0 | M37: 74 | N37: 0 | O37: =SUM(C37:L37,N37) -> 65 | P37: =SUM(C37:N37) -> 139
B38: 14.00 - 14.15 | C38: 35 | D38: 11 | E38: 4 | F38: 3 | G38: 0 | H38: 0 | I38: 6 | J38: 1 | K38: 0 | L38: 0 | M38: 73 | N38: 0 | O38: =SUM(C38:L38,N38) -> 60 | P38: =SUM(C38:N38) -> 133
B39: 14.15 - 14.30 | C39: 39 | D39: 14 | E39: 2 | F39: 4 | G39: 1 | H39: 0 | I39: 2 | J39: 0 | K39: 0 | L39: 0 | M39: 69 | N39: 0 | O39: =SUM(C39:L39,N39) -> 62 | P39: =SUM(C39:N39) -> 131
B40: 14.30 - 14.45 | C40: 28 | D40: 9 | E40: 5 | F40: 2 | G40: 0 | H40: 0 | I40: 1 | J40: 1 | K40: 1 | L40: 0 | M40: 63 | N40: 0 | O40: =SUM(C40:L40,N40) -> 47 | P40: =SUM(C40:N40) -> 110
... B57: 18.45 - 19.00 | C57: 37 | D57: 26 | E57: 9 | F57: 1 | G57: 1 | H57: 0 | I57: 5 | J57: 2 | K57: 0 | L57: 0 | M57: 73 | N57: 0 | O57: =SUM(C57:L57,N57) -> 81 | P57: =SUM(C57:N57) -> 154
B58: Totals | C58: =SUM(C10:C57) -> 1704 | D58: =SUM(D10:D57) -> 783 | E58: =SUM(E10:E57) -> 333 | F58: =SUM(F10:F57) -> 218 | G58: =SUM(G10:G57) -> 15 | H58: =SUM(H10:H57) -> 2 | I58: =SUM(I10:I57) -> 249 | J58: =SUM(J10:J57) -> 60 | ... P58: =SUM(P10:P57) -> 7286
B59: %ges + MCs | C59: =C58/$P$58 -> 0.23387318 | D59: =D58/$P$58 -> 0.10746637 | E59: =E58/$P$58 -> 0.04570409 | F59: =F58/$P$58 -> 0.029920395 | G59: =G58/$P$58 -> 0.0020587428 | H59: =H58/$P$58 -> 0.00027449904 | I59: =I58/$P$58 -> 0.03417513 | J59: =J58/$P$58 -> 0.0082349712 | ... N59: =N58/$P$58 -> 0.00013724952
B60: %ges w/o MCs | C60: =C58/$O$58 -> 0.50073465 | D60: =D58/$O$58 -> 0.2300911 | E60: =E58/$O$58 -> 0.097854834 | F60: =F58/$O$58 -> 0.064061123 | G60: =G58/$O$58 -> 0.0044078754 | H60: =H58/$O$58 -> 0.00058771672 | I60: =I58/$O$58 -> 0.073170732 | J60: =J58/$O$58 -> 0.017631502 | ... L60: =L58/$O$58 -> 0.0049955921 | N60: =N58/$O$58 -> 0.00029385836

Sheet 26.09 KIRA-KYALIWAJALA-24h
B1: Consultancy services for Preparation of Expressway Development Master Plan (EDMP) for Uganda
B2: MANUAL CLASSIFIED COUNT (MCC)
B3: ROAD NAME: | C3: ='23.09 Kira-Kyaliwalla'!C3:G3 -> MCC-C2-STNO72-KIRA KYALIWAJALLA
C5: Date | D5: ='26.09 KYALIWAJALA-KIRA-24h'!D5 -> 26.09.19 | F5: Location | G5: ='26.09 KYALIWAJALA-KIRA-24h'!G5:H5 -> KIRA POLICE STATION | J5: Surveyor | K5: ='26.09 KYALIWAJALA-KIRA-24h'!K5:L5 -> Isaac
C6: Dir. From | D6: ='23.09 Kyaliwajalla-Kira'!D6:E6 -> Wakiso | F6: Dir. To | G6: ='23.09 Kyaliwajalla-Kira'!G6:H6 -> Bukasa | J6: Supervisor | K6: ='26.09 KYALIWAJALA-KIRA-24h'!K6:L6 -> Tracy
B8: Time / Veh Type | R8: SUMMARY TRAFFIC VOLUMES
C9: 1. Car | D9: 2. Station Wagon | E9: 3. Pickups | F9: 4. Minibus, matatu | G9: 5. Medium bus | H9: 6. Large Bus | I9: 7. Light Truck | J9: 8. Medium Truck | K9: 9. Heavy truck | L9: 10. Truck Trailer | M9: 11. Motor cycles | N9: 12. Tractors | O9: Total Excl M/Cycles | P9: Total All | R9: Time | S9: 1. Car | T9: 2. Station Wagon | U9: 3. Pickups | V9: 4. Minibus, matatu | W9: 5. Medium bus | X9: 6. Large Bus | Y9: 7. Light Truck | Z9: 8. Medium Truck | AA9: 9. Heavy truck | AB9: 10. Truck Trailer | AC9: 11. Motorcycles | AD9: 12. Tractors, Graders | AE9: Total Excl M/ Cycles | AF9: Total All
B10: 07.00 - 07.15 | C10: 83 | D10: 47 | E10: 11 | F10: 10 | G10: 1 | H10: 0 | I10: 3 | J10: 0 | K10: 0 | L10: 0 | M10: 90 | N10: 0 | O10: =SUM(C10:L10,N10) -> 155 | P10: =SUM(C10:N10) -> 245 | R10: 0700-0800 | S10: =SUM(C10:C13) -> 269 | T10: =SUM(D10:D13) -> 177 | U10: =SUM(E10:E13) -> 36 | V10: =SUM(F10:F13) -> 44 | W10: =SUM(G10:G13) -> 2 | X10: =SUM(H10:H13) -> 0 | Y10: =SUM(I10:I13) -> 21 | Z10: =SUM(J10:J13) -> 1 | ... AF10: =SUM(P10:P13) -> 950
B11: 07.15 - 07.30 | C11: 66 | D11: 42 | E11: 7 | F11: 13 | G11: 1 | H11: 0 | I11: 5 | J11: 0 | K11: 2 | L11: 0 | M11: 115 | N11: 0 | O11: =SUM(C11:L11,N11) -> 136 | P11: =SUM(C11:N11) -> 251 | R11: 0800-0900 | S11: =SUM(C14:C17) -> 221 | T11: =SUM(D14:D17) -> 176 | U11: =SUM(E14:E17) -> 41 | V11: =SUM(F14:F17) -> 48 | W11: =SUM(G14:G17) -> 0 | X11: =SUM(H14:H17) -> 0 | Y11: =SUM(I14:I17) -> 26 | Z11: =SUM(J14:J17) -> 4 | ... AF11: =SUM(P14:P17) -> 906
B12: 07.30 - 07.45 | C12: 69 | D12: 45 | E12: 8 | F12: 12 | G12: 0 | H12: 0 | I12: 3 | J12: 0 | K12: 0 | L12: 0 | M12: 105 | N12: 0 | O12: =SUM(C12:L12,N12) -> 137 | P12: =SUM(C12:N12) -> 242 | R12: 0900-1000 | S12: =SUM(C18:C21) -> 148 | T12: =SUM(D18:D21) -> 112 | U12: =SUM(E18:E21) -> 23 | V12: =SUM(F18:F21) -> 41 | W12: =SUM(G18:G21) -> 0 | X12: =SUM(H18:H21) -> 0 | Y12: =SUM(I18:I21) -> 26 | Z12: =SUM(J18:J21) -> 3 | ... AF12: =SUM(P18:P21) -> 721
B13: 07.45 - 08.00 | C13: 51 | D13: 43 | E13: 10 | F13: 9 | G13: 0 | H13: 0 | I13: 10 | J13: 1 | K13: 0 | L13: 0 | M13: 88 | N13: 0 | O13: =SUM(C13:L13,N13) -> 124 | P13: =SUM(C13:N13) -> 212 | R13: 1000-1100 | S13: =SUM(C22:C25) -> 131 | T13: =SUM(D22:D25) -> 107 | U13: =SUM(E22:E25) -> 30 | V13: =SUM(F22:F25) -> 52 | W13: =SUM(G22:G25) -> 1 | X13: =SUM(H22:H25) -> 0 | Y13: =SUM(I22:I25) -> 33 | Z13: =SUM(J22:J25) -> 5 | ... AF13: =SUM(P22:P25) -> 772
B14: 08.00 - 08.15 | C14: 59 | D14: 37 | E14: 12 | F14: 14 | G14: 0 | H14: 0 | I14: 4 | J14: 2 | K14: 0 | L14: 0 | M14: 111 | N14: 0 | O14: =SUM(C14:L14,N14) -> 128 | P14: =SUM(C14:N14) -> 239 | R14: 1100-1200 | S14: =SUM(C26:C29) -> 132 | T14: =SUM(D26:D29) -> 93 | U14: =SUM(E26:E29) -> 16 | V14: =SUM(F26:F29) -> 44 | W14: =SUM(G26:G29) -> 1 | X14: =SUM(H26:H29) -> 0 | Y14: =SUM(I26:I29) -> 31 | Z14: =SUM(J26:J29) -> 3 | ... AF14: =SUM(P26:P29) -> 608
B15: 08.15 - 08.30 | C15: 50 | D15: 51 | E15: 8 | F15: 12 | G15: 0 | H15: 0 | I15: 9 | J15: 2 | K15: 0 | L15: 0 | M15: 85 | N15: 0 | O15: =SUM(C15:L15,N15) -> 132 | P15: =SUM(C15:N15) -> 217 | R15: 1200-1300 | S15: =SUM(C30:C33) -> 112 | T15: =SUM(D30:D33) -> 86 | U15: =SUM(E30:E33) -> 18 | V15: =SUM(F30:F33) -> 55 | W15: =SUM(G30:G33) -> 17 | X15: =SUM(H30:H33) -> 0 | Y15: =SUM(I30:I33) -> 31 | Z15: =SUM(J30:J33) -> 16 | ... AF15: =SUM(P30:P33) -> 651
B16: 08.30 - 08.45 | C16: 50 | D16: 46 | E16: 13 | F16: 11 | G16: 0 | H16: 0 | I16: 7 | J16: 0 | K16: 1 | L16: 0 | M16: 97 | N16: 0 | O16: =SUM(C16:L16,N16) -> 128 | P16: =SUM(C16:N16) -> 225 | R16: 1300-1400 | S16: =SUM(C34:C37) -> 109 | T16: =SUM(D34:D37) -> 67 | U16: =SUM(E34:E37) -> 17 | V16: =SUM(F34:F37) -> 36 | W16: =SUM(G34:G37) -> 0 | X16: =SUM(H34:H37) -> 4 | Y16: =SUM(I34:I37) -> 23 | Z16: =SUM(J34:J37) -> 0 | ... AF16: =SUM(P34:P37) -> 532
B17: 08.45 - 9.00 | C17: 62 | D17: 42 | E17: 8 | F17: 11 | G17: 0 | H17: 0 | I17: 6 | J17: 0 | K17: 1 | L17: 0 | M17: 95 | N17: 0 | O17: =SUM(C17:L17,N17) -> 130 | P17: =SUM(C17:N17) -> 225 | R17: 1400-1500 | S17: =SUM(C38:C41) -> 110 | T17: =SUM(D38:D41) -> 72 | U17: =SUM(E38:E41) -> 22 | V17: =SUM(F38:F41) -> 43 | W17: =SUM(G38:G41) -> 2 | X17: =SUM(H38:H41) -> 1 | Y17: =SUM(I38:I41) -> 37 | Z17: =SUM(J38:J41) -> 7 | ... AF17: =SUM(P38:P41) -> 570
B18: 09.00 - 09.15 | C18: 37 | D18: 38 | E18: 4 | F18: 12 | G18: 0 | H18: 0 | I18: 4 | J18: 1 | K18: 1 | L18: 0 | M18: 95 | N18: 0 | O18: =SUM(C18:L18,N18) -> 97 | P18: =SUM(C18:N18) -> 192 | R18: 1500-1600 | S18: =SUM(C42:C45) -> 89 | T18: =SUM(D42:D45) -> 98 | U18: =SUM(E42:E45) -> 21 | V18: =SUM(F42:F45) -> 46 | W18: =SUM(G42:G45) -> 1 | X18: =SUM(H42:H45) -> 0 | Y18: =SUM(I42:I45) -> 32 | Z18: =SUM(J42:J45) -> 3 | ... AF18: =SUM(P42:P45) -> 547
B19: 09.15 - 09.30 | C19: 44 | D19: 26 | E19: 5 | F19: 11 | G19: 0 | H19: 0 | I19: 11 | J19: 0 | K19: 1 | L19: 0 | M19: 75 | N19: 0 | O19: =SUM(C19:L19,N19) -> 98 | P19: =SUM(C19:N19) -> 173 | R19: 1600-1700 | S19: =SUM(C46:C49) -> 164 | T19: =SUM(D46:D49) -> 124 | U19: =SUM(E46:E49) -> 23 | V19: =SUM(F46:F49) -> 67 | W19: =SUM(G46:G49) -> 1 | X19: =SUM(H46:H49) -> 0 | Y19: =SUM(I46:I49) -> 32 | Z19: =SUM(J46:J49) -> 5 | ... AF19: =SUM(P46:P49) -> 775
B20: 09.30 - 09.45 | C20: 33 | D20: 25 | E20: 3 | F20: 7 | G20: 0 | H20: 0 | I20: 6 | J20: 1 | K20: 1 | L20: 0 | M20: 102 | N20: 0 | O20: =SUM(C20:L20,N20) -> 76 | P20: =SUM(C20:N20) -> 178 | R20: 1700-1800 | S20: =SUM(C50:C53) -> 174 | T20: =SUM(D50:D53) -> 109 | U20: =SUM(E50:E53) -> 27 | V20: =SUM(F50:F53) -> 87 | W20: =SUM(G50:G53) -> 4 | X20: =SUM(H50:H53) -> 0 | Y20: =SUM(I50:I53) -> 22 | Z20: =SUM(J50:J53) -> 5 | ... AF20: =SUM(P50:P53) -> 768
B21: 09.45 - 10.00 | C21: 34 | D21: 23 | E21: 11 | F21: 11 | G21: 0 | H21: 0 | I21: 5 | J21: 1 | K21: 0 | L21: 0 | M21: 93 | N21: 0 | O21: =SUM(C21:L21,N21) -> 85 | P21: =SUM(C21:N21) -> 178 | R21: 1800-1900 | S21: =SUM(C54:C57) -> 160 | T21: =SUM(D54:D57) -> 78 | U21: =SUM(E54:E57) -> 23 | V21: =SUM(F54:F57) -> 94 | W21: =SUM(G54:G57) -> 2 | X21: =SUM(H54:H57) -> 0 | Y21: =SUM(I54:I57) -> 15 | Z21: =SUM(J54:J57) -> 2 | ... AF21: =SUM(P54:P57) -> 756
B22: 10.00 - 10.15 | C22: 40 | D22: 38 | E22: 14 | F22: 12 | G22: 0 | H22: 0 | I22: 8 | J22: 0 | K22: 0 | L22: 0 | M22: 98 | N22: 0 | O22: =SUM(C22:L22,N22) -> 112 | P22: =SUM(C22:N22) -> 210 | R22: 1900-2000 | S22: =SUM(C58:C61) -> 220 | T22: =SUM(D58:D61) -> 171 | U22: =SUM(E58:E61) -> 26 | V22: =SUM(F58:F61) -> 17 | W22: =SUM(G58:G61) -> 0 | X22: =SUM(H58:H61) -> 5 | Y22: =SUM(I58:I61) -> 12 | Z22: =SUM(J58:J61) -> 16 | ... AF22: =SUM(P58:P61) -> 770
B23: 10.15 - 10.30 | C23: 27 | D23: 26 | E23: 7 | F23: 13 | G23: 0 | H23: 0 | I23: 5 | J23: 0 | K23: 0 | L23: 0 | M23: 111 | N23: 0 | O23: =SUM(C23:L23,N23) -> 78 | P23: =SUM(C23:N23) -> 189 | R23: 2000-2100 | S23: =SUM(C62:C65) -> 56 | T23: =SUM(D62:D65) -> 82 | U23: =SUM(E62:E65) -> 23 | V23: =SUM(F62:F65) -> 24 | W23: =SUM(G62:G65) -> 0 | X23: =SUM(H62:H65) -> 0 | Y23: =SUM(I62:I65) -> 10 | Z23: =SUM(J62:J65) -> 3 | ... AF23: =SUM(P62:P65) -> 421
B24: 10.30 - 10.45 | C24: 41 | D24: 24 | E24: 5 | F24: 13 | G24: 1 | H24: 0 | I24: 9 | J24: 2 | K24: 1 | L24: 0 | M24: 100 | N24: 0 | O24: =SUM(C24:L24,N24) -> 96 | P24: =SUM(C24:N24) -> 196 | R24: 2100-2200 | S24: =SUM(C66:C69) -> 31 | T24: =SUM(D66:D69) -> 81 | U24: =SUM(E66:E69) -> 16 | V24: =SUM(F66:F69) -> 20 | W24: =SUM(G66:G69) -> 0 | X24: =SUM(H66:H69) -> 0 | Y24: =SUM(I66:I69) -> 8 | Z24: =SUM(J66:J69) -> 2 | ... AF24: =SUM(P66:P69) -> 306
B25: 10.45 - 11.00 | C25: 23 | D25: 19 | E25: 4 | F25: 14 | G25: 0 | H25: 0 | I25: 11 | J25: 3 | K25: 3 | L25: 0 | M25: 100 | N25: 0 | O25: =SUM(C25:L25,N25) -> 77 | P25: =SUM(C25:N25) -> 177 | R25: 2200-2300 | S25: =SUM(C70:C73) -> 26 | T25: =SUM(D70:D73) -> 49 | U25: =SUM(E70:E73) -> 5 | V25: =SUM(F70:F73) -> 10 | W25: =SUM(G70:G73) -> 0 | X25: =SUM(H70:H73) -> 0 | Y25: =SUM(I70:I73) -> 3 | Z25: =SUM(J70:J73) -> 0 | ... AF25: =SUM(P70:P73) -> 180
B26: 11.00 - 11.15 | C26: 39 | D26: 26 | E26: 3 | F26: 17 | G26: 0 | H26: 0 | I26: 9 | J26: 0 | K26: 2 | L26: 1 | M26: 90 | N26: 0 | O26: =SUM(C26:L26,N26) -> 97 | P26: =SUM(C26:N26) -> 187 | R26: 2300-0000 | S26: =SUM(C74:C77) -> 13 | T26: =SUM(D74:D77) -> 25 | U26: =SUM(E74:E77) -> 4 | V26: =SUM(F74:F77) -> 8 | W26: =SUM(G74:G77) -> 0 | X26: =SUM(H74:H77) -> 1 | Y26: =SUM(I74:I77) -> 4 | Z26: =SUM(J74:J77) -> 2 | ... AF26: =SUM(P74:P77) -> 127
B27: 11.15 - 11.30 | C27: 32 | D27: 25 | E27: 4 | F27: 12 | G27: 1 | H27: 0 | I27: 12 | J27: 1 | K27: 0 | L27: 0 | M27: 95 | N27: 0 | O27: =SUM(C27:L27,N27) -> 87 | P27: =SUM(C27:N27) -> 182 | R27: 0000-0100 | S27: =SUM(C78:C81) -> 29 | T27: =SUM(D78:D81) -> 13 | U27: =SUM(E78:E81) -> 7 | V27: =SUM(F78:F81) -> 3 | W27: =SUM(G78:G81) -> 0 | X27: =SUM(H78:H81) -> 0 | Y27: =SUM(I78:I81) -> 1 | Z27: =SUM(J78:J81) -> 1 | ... AF27: =SUM(P78:P81) -> 143
B28: 11.30 - 11.45 | C28: 25 | D28: 20 | E28: 5 | F28: 6 | G28: 0 | H28: 0 | I28: 3 | J28: 1 | K28: 1 | L28: 0 | M28: 42 | N28: 0 | O28: =SUM(C28:L28,N28) -> 61 | P28: =SUM(C28:N28) -> 103 | R28: 0100-0200 | S28: =SUM(C82:C85) -> 2 | T28: =SUM(D82:D85) -> 7 | U28: =SUM(E82:E85) -> 5 | V28: =SUM(F82:F85) -> 1 | W28: =SUM(G82:G85) -> 1 | X28: =SUM(H82:H85) -> 0 | Y28: =SUM(I82:I85) -> 1 | Z28: =SUM(J82:J85) -> 0 | ... AF28: =SUM(P82:P85) -> 55
B29: 11.45 - 12.00 | C29: 36 | D29: 22 | E29: 4 | F29: 9 | G29: 0 | H29: 0 | I29: 7 | J29: 1 | K29: 2 | L29: 0 | M29: 55 | N29: 0 | O29: =SUM(C29:L29,N29) -> 81 | P29: =SUM(C29:N29) -> 136 | R29: 0200-0300 | S29: =SUM(C86:C89) -> 1 | T29: =SUM(D86:D89) -> 5 | U29: =SUM(E86:E89) -> 2 | V29: =SUM(F86:F89) -> 1 | W29: =SUM(G86:G89) -> 0 | X29: =SUM(H86:H89) -> 0 | Y29: =SUM(I86:I89) -> 0 | Z29: =SUM(J86:J89) -> 0 | ... AF29: =SUM(P86:P89) -> 30
B30: 12.00 - 12.15 | C30: 26 | D30: 30 | E30: 4 | F30: 17 | G30: 0 | H30: 0 | I30: 9 | J30: 0 | K30: 2 | L30: 0 | M30: 85 | N30: 0 | O30: =SUM(C30:L30,N30) -> 88 | P30: =SUM(C30:N30) -> 173 | R30: 0300-0400 | S30: =SUM(C90:C93) -> 4 | T30: =SUM(D90:D93) -> 2 | U30: =SUM(E90:E93) -> 4 | V30: =SUM(F90:F93) -> 4 | W30: =SUM(G90:G93) -> 1 | X30: =SUM(H90:H93) -> 0 | Y30: =SUM(I90:I93) -> 0 | Z30: =SUM(J90:J93) -> 0 | ... AF30: =SUM(P90:P93) -> 35
B31: 12.15 - 12.30 | C31: 20 | D31: 21 | E31: 5 | F31: 6 | G31: 17 | H31: 0 | I31: 0 | J31: 13 | K31: 2 | L31: 2 | M31: 81 | N31: 0 | O31: =SUM(C31:L31,N31) -> 86 | P31: =SUM(C31:N31) -> 167 | R31: 0400-0500 | S31: =SUM(C94:C97) -> 18 | T31: =SUM(D94:D97) -> 12 | U31: =SUM(E94:E97) -> 0 | V31: =SUM(F94:F97) -> 10 | W31: =SUM(G94:G97) -> 0 | X31: =SUM(H94:H97) -> 0 | Y31: =SUM(I94:I97) -> 1 | Z31: =SUM(J94:J97) -> 0 | ... AF31: =SUM(P94:P97) -> 84
B32: 12.30 - 12.45 | C32: 42 | D32: 22 | E32: 6 | F32: 17 | G32: 0 | H32: 0 | I32: 13 | J32: 2 | K32: 2 | L32: 0 | M32: 81 | N32: 1 | O32: =SUM(C32:L32,N32) -> 105 | P32: =SUM(C32:N32) -> 186 | R32: 0500-0600 | S32: =SUM(C98:C101) -> 102 | T32: =SUM(D98:D101) -> 107 | U32: =SUM(E98:E101) -> 6 | V32: =SUM(F98:F101) -> 11 | W32: =SUM(G98:G101) -> 0 | X32: =SUM(H98:H101) -> 0 | Y32: =SUM(I98:I101) -> 0 | Z32: =SUM(J98:J101) -> 1 | ... AF32: =SUM(P98:P101) -> 328
B33: 12.45 - 13.00 | C33: 24 | D33: 13 | E33: 3 | F33: 15 | G33: 0 | H33: 0 | I33: 9 | J33: 1 | K33: 0 | L33: 0 | M33: 60 | N33: 0 | O33: =SUM(C33:L33,N33) -> 65 | P33: =SUM(C33:N33) -> 125 | R33: 0600-0700 | S33: =SUM(C102:C105) -> 172 | T33: =SUM(D102:D105) -> 216 | U33: =SUM(E102:E105) -> 29 | V33: =SUM(F102:F105) -> 42 | W33: =SUM(G102:G105) -> 0 | X33: =SUM(H102:H105) -> 2 | Y33: =SUM(I102:I105) -> 5 | Z33: =SUM(J102:J105) -> 0 | ... AF33: =SUM(P102:P105) -> 565
B34: 13.00 - 13.15 | C34: 20 | D34: 15 | E34: 8 | F34: 0 | G34: 0 | H34: 4 | I34: 0 | J34: 0 | K34: 0 | L34: 0 | M34: 64 | N34: 0 | O34: =SUM(C34:L34,N34) -> 47 | P34: =SUM(C34:N34) -> 111 | R34: AM Peak Hr | S34: =MAX(S10:S12) -> 269 | T34: =MAX(T10:T12) -> 177 | U34: =MAX(U10:U12) -> 41 | V34: =MAX(V10:V12) -> 48 | W34: =MAX(W10:W12) -> 2 | X34: =MAX(X10:X12) -> 0 | Y34: =MAX(Y10:Y12) -> 26 | Z34: =MAX(Z10:Z12) -> 4 | ... AF34: =MAX(AF10:AF12) -> 950
B35: 13.15 - 13.30 | C35: 27 | D35: 21 | E35: 2 | F35: 12 | G35: 0 | H35: 0 | I35: 10 | J35: 0 | K35: 2 | L35: 0 | M35: 70 | N35: 0 | O35: =SUM(C35:L35,N35) -> 74 | P35: =SUM(C35:N35) -> 144 | R35: IP Peak Hr | S35: =MAX(S13:S18) -> 132 | T35: =MAX(T13:T18) -> 107 | U35: =MAX(U13:U18) -> 30 | V35: =MAX(V13:V18) -> 55 | W35: =MAX(W13:W18) -> 17 | X35: =MAX(X13:X18) -> 4 | Y35: =MAX(Y13:Y18) -> 37 | Z35: =MAX(Z13:Z18) -> 16 | ... AF35: =MAX(AF13:AF18) -> 772
B36: 13.30 - 13.45 | C36: 30 | D36: 13 | E36: 3 | F36: 15 | G36: 0 | H36: 0 | I36: 7 | J36: 0 | K36: 0 | L36: 0 | M36: 66 | N36: 0 | O36: =SUM(C36:L36,N36) -> 68 | P36: =SUM(C36:N36) -> 134 | R36: PM Peak Hr | S36: =MAX(S19:S21) -> 174 | T36: =MAX(T19:T21) -> 124 | U36: =MAX(U19:U21) -> 27 | V36: =MAX(V19:V21) -> 94 | W36: =MAX(W19:W21) -> 4 | X36: =MAX(X19:X21) -> 0 | Y36: =MAX(Y19:Y21) -> 32 | Z36: =MAX(Z19:Z21) -> 5 | ... AF36: =MAX(AF19:AF21) -> 775
B37: 13.45 - 14.00 | C37: 32 | D37: 18 | E37: 4 | F37: 9 | G37: 0 | H37: 0 | I37: 6 | J37: 0 | K37: 2 | L37: 0 | M37: 72 | N37: 0 | O37: =SUM(C37:L37,N37) -> 71 | P37: =SUM(C37:N37) -> 143 | R37: AM Period | S37: =SUM(S10:S12) -> 638 | T37: =SUM(T10:T12) -> 465 | U37: =SUM(U10:U12) -> 100 | V37: =SUM(V10:V12) -> 133 | W37: =SUM(W10:W12) -> 2 | X37: =SUM(X10:X12) -> 0 | Y37: =SUM(Y10:Y12) -> 73 | Z37: =SUM(Z10:Z12) -> 8 | ... AF37: =SUM(AF10:AF12) -> 2577
B38: 14.00 - 14.15 | C38: 38 | D38: 25 | E38: 6 | F38: 12 | G38: 0 | H38: 0 | I38: 13 | J38: 2 | K38: 1 | L38: 0 | M38: 68 | N38: 0 | O38: =SUM(C38:L38,N38) -> 97 | P38: =SUM(C38:N38) -> 165 | R38: IP Period | S38: =SUM(S13:S18) -> 683 | T38: =SUM(T13:T18) -> 523 | U38: =SUM(U13:U18) -> 124 | V38: =SUM(V13:V18) -> 276 | W38: =SUM(W13:W18) -> 22 | X38: =SUM(X13:X18) -> 5 | Y38: =SUM(Y13:Y18) -> 187 | Z38: =SUM(Z13:Z18) -> 34 | ... AF38: =SUM(AF13:AF18) -> 3680
B39: 14.15 - 14.30 | C39: 27 | D39: 20 | E39: 6 | F39: 9 | G39: 0 | H39: 0 | I39: 8 | J39: 2 | K39: 3 | L39: 0 | M39: 85 | N39: 0 | O39: =SUM(C39:L39,N39) -> 75 | P39: =SUM(C39:N39) -> 160 | R39: PM Period | S39: =SUM(S19:S21) -> 498 | T39: =SUM(T19:T21) -> 311 | U39: =SUM(U19:U21) -> 73 | V39: =SUM(V19:V21) -> 248 | W39: =SUM(W19:W21) -> 7 | X39: =SUM(X19:X21) -> 0 | Y39: =SUM(Y19:Y21) -> 69 | Z39: =SUM(Z19:Z21) -> 12 | ... AF39: =SUM(AF19:AF21) -> 2299
B40: 14.30 - 14.45 | C40: 27 | D40: 13 | E40: 6 | F40: 15 | G40: 2 | H40: 1 | I40: 8 | J40: 1 | K40: 0 | L40: 0 | M40: 65 | N40: 0 | O40: =SUM(C40:L40,N40) -> 73 | P40: =SUM(C40:N40) -> 138 | R40: 12 Hours | S40: =SUM(S10:S21) -> 1819 | T40: =SUM(T10:T21) -> 1299 | U40: =SUM(U10:U21) -> 297 | V40: =SUM(V10:V21) -> 657 | W40: =SUM(W10:W21) -> 31 | X40: =SUM(X10:X21) -> 5 | Y40: =SUM(Y10:Y21) -> 329 | Z40: =SUM(Z10:Z21) -> 54 | ... AF40: =SUM(AF10:AF21) -> 8556
B41: 14.45 - 15.00 | C41: 18 | D41: 14 | E41: 4 | F41: 7 | G41: 0 | H41: 0 | I41: 8 | J41: 2 | K41: 3 | L41: 1 | M41: 50 | N41: 0 | O41: =SUM(C41:L41,N41) -> 57 | P41: =SUM(C41:N41) -> 107 | R41: 24 Hrs/ADT | S41: =SUM(S10:S33) -> 2493 | T41: =SUM(T10:T33) -> 2069 | U41: =SUM(U10:U33) -> 424 | V41: =SUM(V10:V33) -> 808 | W41: =SUM(W10:W33) -> 33 | X41: =SUM(X10:X33) -> 13 | Y41: =SUM(Y10:Y33) -> 374 | Z41: =SUM(Z10:Z33) -> 79 | ... AF41: =SUM(AF10:AF33) -> 11600
B42: 15.00 - 15.15 | C42: 27 | D42: 21 | E42: 7 | F42: 10 | G42: 0 | H42: 0 | I42: 9 | J42: 0 | K42: 1 | L42: 1 | M42: 62 | N42: 0 | O42: =SUM(C42:L42,N42) -> 76 | P42: =SUM(C42:N42) -> 138 | R42: NEF | S42: =S41/S40 -> 1.3705333 | T42: =T41/T40 -> 1.5927637 | U42: =U41/U40 -> 1.4276094 | V42: =V41/V40 -> 1.2298326 | W42: =W41/W40 -> 1.0645161 | X42: =X41/X40 -> 2.6 | Y42: =Y41/Y40 -> 1.1367781 | Z42: =Z41/Z40 -> 1.462963 | ... AF42: =AF41/AF40 -> 1.3557737
B43: 15.15 - 15.30 | C43: 19 | D43: 20 | E43: 3 | F43: 15 | G43: 1 | H43: 0 | I43: 10 | J43: 2 | K43: 0 | L43: 3 | M43: 60 | N43: 0 | O43: =SUM(C43:L43,N43) -> 73 | P43: =SUM(C43:N43) -> 133
B44: 15.30 - 15.45 | C44: 23 | D44: 31 | E44: 8 | F44: 10 | G44: 0 | H44: 0 | I44: 4 | J44: 1 | K44: 3 | L44: 0 | M44: 70 | N44: 0 | O44: =SUM(C44:L44,N44) -> 80 | P44: =SUM(C44:N44) -> 150
B45: 15.45 - 16.00 | C45: 20 | D45: 26 | E45: 3 | F45: 11 | G45: 0 | H45: 0 | I45: 9 | J45: 0 | K45: 0 | L45: 1 | M45: 56 | N45: 0 | O45: =SUM(C45:L45,N45) -> 70 | P45: =SUM(C45:N45) -> 126
B46: 16.00 - 16.15 | C46: 42 | D46: 45 | E46: 4 | F46: 11 | G46: 0 | H46: 0 | I46: 9 | J46: 3 | K46: 1 | L46: 0 | M46: 74 | N46: 0 | O46: =SUM(C46:L46,N46) -> 115 | P46: =SUM(C46:N46) -> 189
B47: 16.15 -16.30 | C47: 40 | D47: 28 | E47: 3 | F47: 12 | G47: 0 | H47: 0 | I47: 10 | J47: 0 | K47: 2 | L47: 0 | M47: 85 | N47: 0 | O47: =SUM(C47:L47,N47) -> 95 | P47: =SUM(C47:N47) -> 180
B48: 16.30 -16.45 | C48: 40 | D48: 30 | E48: 9 | F48: 25 | G48: 0 | H48: 0 | I48: 7 | J48: 0 | K48: 4 | L48: 0 | M48: 102 | N48: 0 | O48: =SUM(C48:L48,N48) -> 115 | P48: =SUM(C48:N48) -> 217
B49: 16.45 -17.00 | C49: 42 | D49: 21 | E49: 7 | F49: 19 | G49: 1 | H49: 0 | I49: 6 | J49: 2 | K49: 0 | L49: 0 | M49: 91 | N49: 0 | O49: =SUM(C49:L49,N49) -> 98 | P49: =SUM(C49:N49) -> 189
B50: 17.00 -17.15 | C50: 40 | D50: 15 | E50: 5 | F50: 18 | G50: 2 | H50: 0 | I50: 5 | J50: 1 | K50: 1 | L50: 1 | M50: 87 | N50: 0 | O50: =SUM(C50:L50,N50) -> 88 | P50: =SUM(C50:N50) -> 175
B51: 17.15 -17.30 | C51: 50 | D51: 30 | E51: 8 | F51: 25 | G51: 0 | H51: 0 | I51: 6 | J51: 0 | K51: 0 | L51: 0 | M51: 80 | N51: 0 | O51: =SUM(C51:L51,N51) -> 119 | P51: =SUM(C51:N51) -> 199
B52: 17.30 -17.45 | C52: 35 | D52: 35 | E52: 6 | F52: 21 | G52: 1 | H52: 0 | I52: 5 | J52: 0 | K52: 0 | L52: 0 | M52: 93 | N52: 0 | O52: =SUM(C52:L52,N52) -> 103 | P52: =SUM(C52:N52) -> 196
B53: 17.45 -18.00 | C53: 49 | D53: 29 | E53: 8 | F53: 23 | G53: 1 | H53: 0 | I53: 6 | J53: 4 | K53: 1 | L53: 0 | M53: 77 | N53: 0 | O53: =SUM(C53:L53,N53) -> 121 | P53: =SUM(C53:N53) -> 198
B54: 18.00 - 18.15 | C54: 30 | D54: 16 | E54: 10 | F54: 22 | G54: 0 | H54: 0 | I54: 4 | J54: 1 | K54: 1 | L54: 0 | M54: 109 | N54: 0 | O54: =SUM(C54:L54,N54) -> 84 | P54: =SUM(C54:N54) -> 193
... B105: 06.45 - 07.00 | C105: 38 | D105: 60 | E105: 5 | F105: 1 | G105: 0 | H105: 0 | I105: 0 | J105: 0 | K105: 0 | L105: 0 | M105: 48 | N105: 0 | O105: =SUM(C105:L105,N105) -> 104 | P105: =SUM(C105:N105) -> 152
B106: Totals | C106: =SUM(C10:C105) -> 2493 | D106: =SUM(D10:D105) -> 2069 | E106: =SUM(E10:E105) -> 424 | F106: =SUM(F10:F105) -> 808 | G106: =SUM(G10:G105) -> 33 | H106: =SUM(H10:H105) -> 13 | I106: =SUM(I10:I105) -> 374 | J106: =SUM(J10:J105) -> 79 | ... P106: =SUM(P10:P105) -> 11600
B107: %ges + MCs | C107: =C106/$P$106 -> 0.21491379 | D107: =D106/$P$106 -> 0.17836207 | E107: =E106/$P$106 -> 0.036551724 | F107: =F106/$P$106 -> 0.069655172 | G107: =G106/$P$106 -> 0.0028448276 | H107: =H106/$P$106 -> 0.0011206897 | I107: =I106/$P$106 -> 0.032241379 | J107: =J106/$P$106 -> 0.0068103448 | ... N107: =N106/$P$106 -> 0.00017241379
B108: %ges w/o MCs | C108: =C106/$O$106 -> 0.39204277 | D108: =D106/$O$106 -> 0.32536562 | E108: =E106/$O$106 -> 0.06667715 | F108: =F106/$O$106 -> 0.127064 | G108: =G106/$O$106 -> 0.0051894952 | H108: =H106/$O$106 -> 0.0020443466 | I108: =I106/$O$106 -> 0.058814279 | J108: =J106/$O$106 -> 0.012423337 | ... L108: =L106/$O$106 -> 0.0015725743 | N108: =N106/$O$106 -> 0.00031451486

Sheet 26.09 KYALIWAJALA-KIRA-24h
B1: Consultancy services for Preparation of Expressway Development Master Plan (EDMP) for Uganda
B2: MANUAL CLASSIFIED COUNT (MCC)
B3: ROAD NAME: | C3: ='23.09 Kira-Kyaliwalla'!C3:G3 -> MCC-C2-STNO72-KIRA KYALIWAJALLA
C5: Date | D5: 26.09.19 | F5: Location | G5: KIRA POLICE STATION | J5: Surveyor | K5: Isaac
C6: Dir. From | D6: KYALIWAJALA | F6: Dir. To | G6: KIRA | J6: Supervisor | K6: Tracy
B8: Time / Veh Type | R8: SUMMARY TRAFFIC VOLUMES
C9: 1. Car | D9: 2. Station Wagon | E9: 3. Pickups | F9: 4. Minibus, matatu | G9: 5. Medium bus | H9: 6. Large Bus | I9: 7. Light Truck | J9: 8. Medium Truck | K9: 9. Heavy truck | L9: 10. Truck Trailer | M9: 11. Motor cycles | N9: 12. Tractors | O9: Total Excl M/Cycles | P9: Total All | R9: Time | S9: 1. Car | T9: 2. Station Wagon | U9: 3. Pickups | V9: 4. Minibus, matatu | W9: 5. Medium bus | X9: 6. Large Bus | Y9: 7. Light Truck | Z9: 8. Medium Truck | AA9: 9. Heavy truck | AB9: 10. Truck Trailer | AC9: 11. Motorcycles | AD9: 12. Tractors, Graders | AE9: Total Excl M/ Cycles | AF9: Total All
B10: 07.00 - 07.15 | C10: 55 | D10: 31 | E10: 4 | F10: 7 | G10: 5 | H10: 0 | I10: 4 | J10: 0 | K10: 2 | L10: 0 | M10: 76 | N10: 0 | O10: =SUM(C10:L10,N10) -> 108 | P10: =SUM(C10:N10) -> 184 | R10: 0700-0800 | S10: =SUM(C10:C13) -> 168 | T10: =SUM(D10:D13) -> 104 | U10: =SUM(E10:E13) -> 17 | V10: =SUM(F10:F13) -> 21 | W10: =SUM(G10:G13) -> 6 | X10: =SUM(H10:H13) -> 0 | Y10: =SUM(I10:I13) -> 12 | Z10: =SUM(J10:J13) -> 2 | ... AF10: =SUM(P10:P13) -> 638
B11: 07.15 - 07.30 | C11: 43 | D11: 30 | E11: 7 | F11: 4 | G11: 1 | H11: 0 | I11: 3 | J11: 1 | K11: 0 | L11: 0 | M11: 80 | N11: 0 | O11: =SUM(C11:L11,N11) -> 89 | P11: =SUM(C11:N11) -> 169 | R11: 0800-0900 | S11: =SUM(C14:C17) -> 99 | T11: =SUM(D14:D17) -> 68 | U11: =SUM(E14:E17) -> 24 | V11: =SUM(F14:F17) -> 13 | W11: =SUM(G14:G17) -> 1 | X11: =SUM(H14:H17) -> 0 | Y11: =SUM(I14:I17) -> 20 | Z11: =SUM(J14:J17) -> 4 | ... AF11: =SUM(P14:P17) -> 556
B12: 07.30 - 07.45 | C12: 32 | D12: 22 | E12: 3 | F12: 6 | G12: 0 | H12: 0 | I12: 1 | J12: 0 | K12: 0 | L12: 0 | M12: 71 | N12: 0 | O12: =SUM(C12:L12,N12) -> 64 | P12: =SUM(C12:N12) -> 135 | R12: 0900-1000 | S12: =SUM(C18:C21) -> 93 | T12: =SUM(D18:D21) -> 43 | U12: =SUM(E18:E21) -> 13 | V12: =SUM(F18:F21) -> 17 | W12: =SUM(G18:G21) -> 1 | X12: =SUM(H18:H21) -> 1 | Y12: =SUM(I18:I21) -> 13 | Z12: =SUM(J18:J21) -> 3 | ... AF12: =SUM(P18:P21) -> 479
B13: 07.45 - 08.00 | C13: 38 | D13: 21 | E13: 3 | F13: 4 | G13: 0 | H13: 0 | I13: 4 | J13: 1 | K13: 3 | L13: 0 | M13: 76 | N13: 0 | O13: =SUM(C13:L13,N13) -> 74 | P13: =SUM(C13:N13) -> 150 | R13: 1000-1100 | S13: =SUM(C22:C25) -> 98 | T13: =SUM(D22:D25) -> 45 | U13: =SUM(E22:E25) -> 18 | V13: =SUM(F22:F25) -> 23 | W13: =SUM(G22:G25) -> 1 | X13: =SUM(H22:H25) -> 0 | Y13: =SUM(I22:I25) -> 27 | Z13: =SUM(J22:J25) -> 6 | ... AF13: =SUM(P22:P25) -> 562
B14: 08.00 - 08.15 | C14: 27 | D14: 22 | E14: 8 | F14: 5 | G14: 1 | H14: 0 | I14: 6 | J14: 1 | K14: 2 | L14: 0 | M14: 82 | N14: 0 | O14: =SUM(C14:L14,N14) -> 72 | P14: =SUM(C14:N14) -> 154 | R14: 1100-1200 | S14: =SUM(C26:C29) -> 92 | T14: =SUM(D26:D29) -> 42 | U14: =SUM(E26:E29) -> 21 | V14: =SUM(F26:F29) -> 15 | W14: =SUM(G26:G29) -> 1 | X14: =SUM(H26:H29) -> 0 | Y14: =SUM(I26:I29) -> 24 | Z14: =SUM(J26:J29) -> 7 | ... AF14: =SUM(P26:P29) -> 449
B15: 08.15 - 08.30 | C15: 24 | D15: 11 | E15: 2 | F15: 1 | G15: 0 | H15: 0 | I15: 3 | J15: 2 | K15: 0 | L15: 0 | M15: 87 | N15: 0 | O15: =SUM(C15:L15,N15) -> 43 | P15: =SUM(C15:N15) -> 130 | R15: 1200-1300 | S15: =SUM(C30:C33) -> 118 | T15: =SUM(D30:D33) -> 46 | U15: =SUM(E30:E33) -> 27 | V15: =SUM(F30:F33) -> 21 | W15: =SUM(G30:G33) -> 4 | X15: =SUM(H30:H33) -> 0 | Y15: =SUM(I30:I33) -> 10 | Z15: =SUM(J30:J33) -> 5 | ... AF15: =SUM(P30:P33) -> 526
B16: 08.30 - 08.45 | C16: 22 | D16: 13 | E16: 2 | F16: 1 | G16: 0 | H16: 0 | I16: 7 | J16: 1 | K16: 0 | L16: 0 | M16: 75 | N16: 0 | O16: =SUM(C16:L16,N16) -> 46 | P16: =SUM(C16:N16) -> 121 | R16: 1300-1400 | S16: =SUM(C34:C37) -> 116 | T16: =SUM(D34:D37) -> 49 | U16: =SUM(E34:E37) -> 22 | V16: =SUM(F34:F37) -> 9 | W16: =SUM(G34:G37) -> 4 | X16: =SUM(H34:H37) -> 0 | Y16: =SUM(I34:I37) -> 19 | Z16: =SUM(J34:J37) -> 4 | ... AF16: =SUM(P34:P37) -> 501
B17: 08.45 - 9.00 | C17: 26 | D17: 22 | E17: 12 | F17: 6 | G17: 0 | H17: 0 | I17: 4 | J17: 0 | K17: 0 | L17: 0 | M17: 81 | N17: 0 | O17: =SUM(C17:L17,N17) -> 70 | P17: =SUM(C17:N17) -> 151 | R17: 1400-1500 | S17: =SUM(C38:C41) -> 93 | T17: =SUM(D38:D41) -> 32 | U17: =SUM(E38:E41) -> 17 | V17: =SUM(F38:F41) -> 15 | W17: =SUM(G38:G41) -> 0 | X17: =SUM(H38:H41) -> 0 | Y17: =SUM(I38:I41) -> 12 | Z17: =SUM(J38:J41) -> 5 | ... AF17: =SUM(P38:P41) -> 442
B18: 09.00 - 09.15 | C18: 21 | D18: 12 | E18: 4 | F18: 3 | G18: 0 | H18: 0 | I18: 3 | J18: 0 | K18: 0 | L18: 0 | M18: 76 | N18: 0 | O18: =SUM(C18:L18,N18) -> 43 | P18: =SUM(C18:N18) -> 119 | R18: 1500-1600 | S18: =SUM(C42:C45) -> 115 | T18: =SUM(D42:D45) -> 48 | U18: =SUM(E42:E45) -> 33 | V18: =SUM(F42:F45) -> 22 | W18: =SUM(G42:G45) -> 4 | X18: =SUM(H42:H45) -> 1 | Y18: =SUM(I42:I45) -> 16 | Z18: =SUM(J42:J45) -> 11 | ... AF18: =SUM(P42:P45) -> 522
B19: 09.15 - 09.30 | C19: 19 | D19: 9 | E19: 4 | F19: 3 | G19: 0 | H19: 1 | I19: 3 | J19: 0 | K19: 1 | L19: 0 | M19: 70 | N19: 0 | O19: =SUM(C19:L19,N19) -> 40 | P19: =SUM(C19:N19) -> 110 | R19: 1600-1700 | S19: =SUM(C46:C49) -> 165 | T19: =SUM(D46:D49) -> 79 | U19: =SUM(E46:E49) -> 36 | V19: =SUM(F46:F49) -> 29 | W19: =SUM(G46:G49) -> 6 | X19: =SUM(H46:H49) -> 1 | Y19: =SUM(I46:I49) -> 14 | Z19: =SUM(J46:J49) -> 6 | ... AF19: =SUM(P46:P49) -> 662
B20: 09.30 - 09.45 | C20: 23 | D20: 14 | E20: 2 | F20: 4 | G20: 1 | H20: 0 | I20: 3 | J20: 0 | K20: 0 | L20: 1 | M20: 72 | N20: 0 | O20: =SUM(C20:L20,N20) -> 48 | P20: =SUM(C20:N20) -> 120 | R20: 1700-1800 | S20: =SUM(C50:C53) -> 172 | T20: =SUM(D50:D53) -> 83 | U20: =SUM(E50:E53) -> 37 | V20: =SUM(F50:F53) -> 14 | W20: =SUM(G50:G53) -> 1 | X20: =SUM(H50:H53) -> 0 | Y20: =SUM(I50:I53) -> 12 | Z20: =SUM(J50:J53) -> 5 | ... AF20: =SUM(P50:P53) -> 676
B21: 09.45 - 10.00 | C21: 30 | D21: 8 | E21: 3 | F21: 7 | G21: 0 | H21: 0 | I21: 4 | J21: 3 | K21: 0 | L21: 0 | M21: 75 | N21: 0 | O21: =SUM(C21:L21,N21) -> 55 | P21: =SUM(C21:N21) -> 130 | R21: 1800-1900 | S21: =SUM(C54:C57) -> 132 | T21: =SUM(D54:D57) -> 72 | U21: =SUM(E54:E57) -> 36 | V21: =SUM(F54:F57) -> 40 | W21: =SUM(G54:G57) -> 1 | X21: =SUM(H54:H57) -> 0 | Y21: =SUM(I54:I57) -> 10 | Z21: =SUM(J54:J57) -> 0 | ... AF21: =SUM(P54:P57) -> 653
B22: 10.00 - 10.15 | C22: 26 | D22: 9 | E22: 5 | F22: 4 | G22: 0 | H22: 0 | I22: 10 | J22: 1 | K22: 0 | L22: 0 | M22: 92 | N22: 0 | O22: =SUM(C22:L22,N22) -> 55 | P22: =SUM(C22:N22) -> 147 | R22: 1900-2000 | S22: =SUM(C58:C61) -> 157 | T22: =SUM(D58:D61) -> 93 | U22: =SUM(E58:E61) -> 35 | V22: =SUM(F58:F61) -> 9 | W22: =SUM(G58:G61) -> 0 | X22: =SUM(H58:H61) -> 11 | Y22: =SUM(I58:I61) -> 5 | Z22: =SUM(J58:J61) -> 0 | ... AF22: =SUM(P58:P61) -> 684
B23: 10.15 - 10.30 | C23: 23 | D23: 11 | E23: 3 | F23: 6 | G23: 0 | H23: 0 | I23: 8 | J23: 0 | K23: 0 | L23: 0 | M23: 83 | N23: 0 | O23: =SUM(C23:L23,N23) -> 51 | P23: =SUM(C23:N23) -> 134 | R23: 2000-2100 | S23: =SUM(C62:C65) -> 109 | T23: =SUM(D62:D65) -> 54 | U23: =SUM(E62:E65) -> 17 | V23: =SUM(F62:F65) -> 21 | W23: =SUM(G62:G65) -> 1 | X23: =SUM(H62:H65) -> 1 | Y23: =SUM(I62:I65) -> 4 | Z23: =SUM(J62:J65) -> 0 | ... AF23: =SUM(P62:P65) -> 485
B24: 10.30 - 10.45 | C24: 26 | D24: 13 | E24: 2 | F24: 4 | G24: 0 | H24: 0 | I24: 4 | J24: 4 | K24: 1 | L24: 0 | M24: 87 | N24: 0 | O24: =SUM(C24:L24,N24) -> 54 | P24: =SUM(C24:N24) -> 141 | R24: 2100-2200 | S24: =SUM(C66:C69) -> 106 | T24: =SUM(D66:D69) -> 72 | U24: =SUM(E66:E69) -> 15 | V24: =SUM(F66:F69) -> 7 | W24: =SUM(G66:G69) -> 0 | X24: =SUM(H66:H69) -> 0 | Y24: =SUM(I66:I69) -> 1 | Z24: =SUM(J66:J69) -> 0 | ... AF24: =SUM(P66:P69) -> 437
B25: 10.45 - 11.00 | C25: 23 | D25: 12 | E25: 8 | F25: 9 | G25: 1 | H25: 0 | I25: 5 | J25: 1 | K25: 0 | L25: 0 | M25: 81 | N25: 0 | O25: =SUM(C25:L25,N25) -> 59 | P25: =SUM(C25:N25) -> 140 | R25: 2200-2300 | S25: =SUM(C70:C73) -> 89 | T25: =SUM(D70:D73) -> 107 | U25: =SUM(E70:E73) -> 20 | V25: =SUM(F70:F73) -> 5 | W25: =SUM(G70:G73) -> 0 | X25: =SUM(H70:H73) -> 0 | Y25: =SUM(I70:I73) -> 6 | Z25: =SUM(J70:J73) -> 3 | ... AF25: =SUM(P70:P73) -> 350
B26: 11.00 - 11.15 | C26: 24 | D26: 13 | E26: 7 | F26: 3 | G26: 1 | H26: 0 | I26: 8 | J26: 2 | K26: 0 | L26: 0 | M26: 74 | N26: 0 | O26: =SUM(C26:L26,N26) -> 58 | P26: =SUM(C26:N26) -> 132 | R26: 2300-0000 | S26: =SUM(C74:C77) -> 45 | T26: =SUM(D74:D77) -> 26 | U26: =SUM(E74:E77) -> 7 | V26: =SUM(F74:F77) -> 8 | W26: =SUM(G74:G77) -> 1 | X26: =SUM(H74:H77) -> 0 | Y26: =SUM(I74:I77) -> 1 | Z26: =SUM(J74:J77) -> 1 | ... AF26: =SUM(P74:P77) -> 165
B27: 11.15 - 11.30 | C27: 22 | D27: 6 | E27: 6 | F27: 4 | G27: 0 | H27: 0 | I27: 5 | J27: 2 | K27: 0 | L27: 0 | M27: 79 | N27: 0 | O27: =SUM(C27:L27,N27) -> 45 | P27: 79 | R27: 0000-0100 | S27: =SUM(C78:C81) -> 49 | T27: =SUM(D78:D81) -> 42 | U27: =SUM(E78:E81) -> 10 | V27: =SUM(F78:F81) -> 0 | W27: =SUM(G78:G81) -> 0 | X27: =SUM(H78:H81) -> 0 | Y27: =SUM(I78:I81) -> 2 | Z27: =SUM(J78:J81) -> 1 | ... AF27: =SUM(P78:P81) -> 181
B28: 11.30 - 11.45 | C28: 23 | D28: 10 | E28: 2 | F28: 2 | G28: 0 | H28: 0 | I28: 6 | J28: 3 | K28: 1 | L28: 4 | M28: 69 | N28: 0 | O28: =SUM(C28:L28,N28) -> 51 | P28: =SUM(C28:N28) -> 120 | R28: 0100-0200 | S28: =SUM(C82:C85) -> 36 | T28: =SUM(D82:D85) -> 86 | U28: =SUM(E82:E85) -> 3 | V28: =SUM(F82:F85) -> 5 | W28: =SUM(G82:G85) -> 0 | X28: =SUM(H82:H85) -> 0 | Y28: =SUM(I82:I85) -> 1 | Z28: =SUM(J82:J85) -> 2 | ... AF28: =SUM(P82:P85) -> 173
B29: 11.45 - 12.00 | C29: 23 | D29: 13 | E29: 6 | F29: 6 | G29: 0 | H29: 0 | I29: 5 | J29: 0 | K29: 0 | L29: 0 | M29: 65 | N29: 0 | O29: =SUM(C29:L29,N29) -> 53 | P29: =SUM(C29:N29) -> 118 | R29: 0200-0300 | S29: =SUM(C86:C89) -> 31 | T29: =SUM(D86:D89) -> 21 | U29: =SUM(E86:E89) -> 5 | V29: =SUM(F86:F89) -> 0 | W29: =SUM(G86:G89) -> 0 | X29: =SUM(H86:H89) -> 1 | Y29: =SUM(I86:I89) -> 2 | Z29: =SUM(J86:J89) -> 0 | ... AF29: =SUM(P86:P89) -> 84
B30: 12.00 - 12.15 | C30: 27 | D30: 9 | E30: 4 | F30: 3 | G30: 2 | H30: 0 | I30: 4 | J30: 0 | K30: 2 | L30: 0 | M30: 71 | N30: 0 | O30: =SUM(C30:L30,N30) -> 51 | P30: =SUM(C30:N30) -> 122 | R30: 0300-0400 | S30: =SUM(C90:C93) -> 22 | T30: =SUM(D90:D93) -> 16 | U30: =SUM(E90:E93) -> 5 | V30: =SUM(F90:F93) -> 1 | W30: =SUM(G90:G93) -> 0 | X30: =SUM(H90:H93) -> 0 | Y30: =SUM(I90:I93) -> 1 | Z30: =SUM(J90:J93) -> 0 | ... AF30: =SUM(P90:P93) -> 93
B31: 12.15 - 12.30 | C31: 32 | D31: 11 | E31: 7 | F31: 4 | G31: 0 | H31: 0 | I31: 1 | J31: 0 | K31: 0 | L31: 0 | M31: 69 | N31: 0 | O31: =SUM(C31:L31,N31) -> 55 | P31: =SUM(C31:N31) -> 124 | R31: 0400-0500 | S31: =SUM(C94:C97) -> 50 | T31: =SUM(D94:D97) -> 30 | U31: =SUM(E94:E97) -> 6 | V31: =SUM(F94:F97) -> 6 | W31: =SUM(G94:G97) -> 0 | X31: =SUM(H94:H97) -> 0 | Y31: =SUM(I94:I97) -> 1 | Z31: =SUM(J94:J97) -> 0 | ... AF31: =SUM(P94:P97) -> 170
B32: 12.30 - 12.45 | C32: 30 | D32: 14 | E32: 10 | F32: 8 | G32: 1 | H32: 0 | I32: 1 | J32: 2 | K32: 0 | L32: 1 | M32: 74 | N32: 0 | O32: =SUM(C32:L32,N32) -> 67 | P32: =SUM(C32:N32) -> 141 | R32: 0500-0600 | S32: =SUM(C98:C101) -> 71 | T32: =SUM(D98:D101) -> 34 | U32: =SUM(E98:E101) -> 18 | V32: =SUM(F98:F101) -> 11 | W32: =SUM(G98:G101) -> 0 | X32: =SUM(H98:H101) -> 0 | Y32: =SUM(I98:I101) -> 4 | Z32: =SUM(J98:J101) -> 3 | ... AF32: =SUM(P98:P101) -> 214
B33: 12.45 - 13.00 | C33: 29 | D33: 12 | E33: 6 | F33: 6 | G33: 1 | H33: 0 | I33: 4 | J33: 3 | K33: 1 | L33: 1 | M33: 76 | N33: 0 | O33: =SUM(C33:L33,N33) -> 63 | P33: =SUM(C33:N33) -> 139 | R33: 0600-0700 | S33: =SUM(C102:C105) -> 106 | T33: =SUM(D102:D105) -> 59 | U33: =SUM(E102:E105) -> 20 | V33: =SUM(F102:F105) -> 27 | W33: =SUM(G102:G105) -> 4 | X33: =SUM(H102:H105) -> 0 | Y33: =SUM(I102:I105) -> 10 | Z33: =SUM(J102:J105) -> 0 | ... AF33: =SUM(P102:P105) -> 317
B34: 13.00 - 13.15 | C34: 32 | D34: 16 | E34: 7 | F34: 4 | G34: 1 | H34: 0 | I34: 8 | J34: 4 | K34: 1 | L34: 0 | M34: 75 | N34: 0 | O34: =SUM(C34:L34,N34) -> 73 | P34: =SUM(C34:N34) -> 148 | R34: AM Peak Hr | S34: =MAX(S10:S12) -> 168 | T34: =MAX(T10:T12) -> 104 | U34: =MAX(U10:U12) -> 24 | V34: =MAX(V10:V12) -> 21 | W34: =MAX(W10:W12) -> 6 | X34: =MAX(X10:X12) -> 1 | Y34: =MAX(Y10:Y12) -> 20 | Z34: =MAX(Z10:Z12) -> 4 | ... AF34: =MAX(AF10:AF12) -> 638
B35: 13.15 - 13.30 | C35: 28 | D35: 13 | E35: 5 | F35: 1 | G35: 0 | H35: 0 | I35: 2 | J35: 0 | K35: 0 | L35: 0 | M35: 66 | N35: 0 | O35: =SUM(C35:L35,N35) -> 49 | P35: =SUM(C35:N35) -> 115 | R35: IP Peak Hr | S35: =MAX(S13:S18) -> 118 | T35: =MAX(T13:T18) -> 49 | U35: =MAX(U13:U18) -> 33 | V35: =MAX(V13:V18) -> 23 | W35: =MAX(W13:W18) -> 4 | X35: =MAX(X13:X18) -> 1 | Y35: =MAX(Y13:Y18) -> 27 | Z35: =MAX(Z13:Z18) -> 11 | ... AF35: =MAX(AF13:AF18) -> 562
B36: 13.30 - 13.45 | C36: 25 | D36: 9 | E36: 2 | F36: 1 | G36: 1 | H36: 0 | I36: 3 | J36: 0 | K36: 0 | L36: 0 | M36: 64 | N36: 0 | O36: =SUM(C36:L36,N36) -> 41 | P36: =SUM(C36:N36) -> 105 | R36: PM Peak Hr | S36: =MAX(S19:S21) -> 172 | T36: =MAX(T19:T21) -> 83 | U36: =MAX(U19:U21) -> 37 | V36: =MAX(V19:V21) -> 40 | W36: =MAX(W19:W21) -> 6 | X36: =MAX(X19:X21) -> 1 | Y36: =MAX(Y19:Y21) -> 14 | Z36: =MAX(Z19:Z21) -> 6 | ... AF36: =MAX(AF19:AF21) -> 676
B37: 13.45 - 14.00 | C37: 31 | D37: 11 | E37: 8 | F37: 3 | G37: 2 | H37: 0 | I37: 6 | J37: 0 | K37: 0 | L37: 0 | M37: 72 | N37: 0 | O37: =SUM(C37:L37,N37) -> 61 | P37: =SUM(C37:N37) -> 133 | R37: AM Period | S37: =SUM(S10:S12) -> 360 | T37: =SUM(T10:T12) -> 215 | U37: =SUM(U10:U12) -> 54 | V37: =SUM(V10:V12) -> 51 | W37: =SUM(W10:W12) -> 8 | X37: =SUM(X10:X12) -> 1 | Y37: =SUM(Y10:Y12) -> 45 | Z37: =SUM(Z10:Z12) -> 9 | ... AF37: =SUM(AF10:AF12) -> 1673
B38: 14.00 - 14.15 | C38: 23 | D38: 10 | E38: 5 | F38: 1 | G38: 0 | H38: 0 | I38: 4 | J38: 3 | K38: 0 | L38: 0 | M38: 59 | N38: 0 | O38: =SUM(C38:L38,N38) -> 46 | P38: =SUM(C38:N38) -> 105 | R38: IP Period | S38: =SUM(S13:S18) -> 632 | T38: =SUM(T13:T18) -> 262 | U38: =SUM(U13:U18) -> 138 | V38: =SUM(V13:V18) -> 105 | W38: =SUM(W13:W18) -> 14 | X38: =SUM(X13:X18) -> 1 | Y38: =SUM(Y13:Y18) -> 108 | Z38: =SUM(Z13:Z18) -> 38 | ... AF38: =SUM(AF13:AF18) -> 3002
B39: 14.15 - 14.30 | C39: 22 | D39: 9 | E39: 4 | F39: 5 | G39: 0 | H39: 0 | I39: 2 | J39: 2 | K39: 1 | L39: 0 | M39: 76 | N39: 0 | O39: =SUM(C39:L39,N39) -> 45 | P39: =SUM(C39:N39) -> 121 | R39: PM Period | S39: =SUM(S19:S21) -> 469 | T39: =SUM(T19:T21) -> 234 | U39: =SUM(U19:U21) -> 109 | V39: =SUM(V19:V21) -> 83 | W39: =SUM(W19:W21) -> 8 | X39: =SUM(X19:X21) -> 1 | Y39: =SUM(Y19:Y21) -> 36 | Z39: =SUM(Z19:Z21) -> 11 | ... AF39: =SUM(AF19:AF21) -> 1991
B40: 14.30 - 14.45 | C40: 26 | D40: 8 | E40: 3 | F40: 4 | G40: 0 | H40: 0 | I40: 3 | J40: 0 | K40: 2 | L40: 1 | M40: 66 | N40: 0 | O40: =SUM(C40:L40,N40) -> 47 | P40: =SUM(C40:N40) -> 113 | R40: 12 Hours | S40: =SUM(S10:S21) -> 1461 | T40: =SUM(T10:T21) -> 711 | U40: =SUM(U10:U21) -> 301 | V40: =SUM(V10:V21) -> 239 | W40: =SUM(W10:W21) -> 30 | X40: =SUM(X10:X21) -> 3 | Y40: =SUM(Y10:Y21) -> 189 | Z40: =SUM(Z10:Z21) -> 58 | ... AF40: =SUM(AF10:AF21) -> 6666
B41: 14.45 - 15.00 | C41: 22 | D41: 5 | E41: 5 | F41: 5 | G41: 0 | H41: 0 | I41: 3 | J41: 0 | K41: 3 | L41: 0 | M41: 60 | N41: 0 | O41: =SUM(C41:L41,N41) -> 43 | P41: =SUM(C41:N41) -> 103 | R41: 24 Hrs/ADT | S41: =SUM(S10:S33) -> 2332 | T41: =SUM(T10:T33) -> 1351 | U41: =SUM(U10:U33) -> 462 | V41: =SUM(V10:V33) -> 339 | W41: =SUM(W10:W33) -> 36 | X41: =SUM(X10:X33) -> 16 | Y41: =SUM(Y10:Y33) -> 227 | Z41: =SUM(Z10:Z33) -> 68 | ... AF41: =SUM(AF10:AF33) -> 10019
B42: 15.00 - 15.15 | C42: 32 | D42: 11 | E42: 12 | F42: 7 | G42: 0 | H42: 0 | I42: 4 | J42: 2 | K42: 3 | L42: 0 | M42: 67 | N42: 0 | O42: =SUM(C42:L42,N42) -> 71 | P42: =SUM(C42:N42) -> 138 | R42: NEF | S42: =S41/S40 -> 1.596167 | T42: =T41/T40 -> 1.9001406 | U42: =U41/U40 -> 1.5348837 | V42: =V41/V40 -> 1.41841 | W42: =W41/W40 -> 1.2 | X42: =X41/X40 -> 5.3333333 | Y42: =Y41/Y40 -> 1.2010582 | Z42: =Z41/Z40 -> 1.1724138 | ... AF42: =AF41/AF40 -> 1.5030003
B43: 15.15 - 15.30 | C43: 25 | D43: 9 | E43: 8 | F43: 3 | G43: 0 | H43: 0 | I43: 6 | J43: 2 | K43: 1 | L43: 0 | M43: 59 | N43: 0 | O43: =SUM(C43:L43,N43) -> 54 | P43: =SUM(C43:N43) -> 113
B44: 15.30 - 15.45 | C44: 27 | D44: 13 | E44: 7 | F44: 4 | G44: 4 | H44: 1 | I44: 0 | J44: 7 | K44: 1 | L44: 1 | M44: 63 | N44: 0 | O44: =SUM(C44:L44,N44) -> 65 | P44: =SUM(C44:N44) -> 128
B45: 15.45 - 16.00 | C45: 31 | D45: 15 | E45: 6 | F45: 8 | G45: 0 | H45: 0 | I45: 6 | J45: 0 | K45: 2 | L45: 1 | M45: 74 | N45: 0 | O45: =SUM(C45:L45,N45) -> 69 | P45: =SUM(C45:N45) -> 143
B46: 16.00 - 16.15 | C46: 47 | D46: 21 | E46: 3 | F46: 4 | G46: 1 | H46: 0 | I46: 4 | J46: 1 | K46: 0 | L46: 0 | M46: 53 | N46: 0 | O46: =SUM(C46:L46,N46) -> 81 | P46: =SUM(C46:N46) -> 134
B47: 16.15 -16.30 | C47: 44 | D47: 15 | E47: 3 | F47: 8 | G47: 1 | H47: 1 | I47: 6 | J47: 0 | K47: 1 | L47: 0 | M47: 86 | N47: 0 | O47: =SUM(C47:L47,N47) -> 79 | P47: =SUM(C47:N47) -> 165
B48: 16.30 -16.45 | C48: 39 | D48: 20 | E48: 7 | F48: 4 | G48: 0 | H48: 0 | I48: 3 | J48: 0 | K48: 1 | L48: 1 | M48: 90 | N48: 0 | O48: =SUM(C48:L48,N48) -> 75 | P48: =SUM(C48:N48) -> 165
B49: 16.45 -17.00 | C49: 35 | D49: 23 | E49: 23 | F49: 13 | G49: 4 | H49: 0 | I49: 1 | J49: 5 | K49: 0 | L49: 0 | M49: 94 | N49: 0 | O49: =SUM(C49:L49,N49) -> 104 | P49: =SUM(C49:N49) -> 198
B50: 17.00 -17.15 | C50: 45 | D50: 21 | E50: 13 | F50: 2 | G50: 1 | H50: 0 | I50: 3 | J50: 1 | K50: 0 | L50: 0 | M50: 84 | N50: 0 | O50: =SUM(C50:L50,N50) -> 86 | P50: =SUM(C50:N50) -> 170
B51: 17.15 -17.30 | C51: 39 | D51: 13 | E51: 9 | F51: 4 | G51: 0 | H51: 0 | I51: 5 | J51: 1 | K51: 1 | L51: 0 | M51: 90 | N51: 0 | O51: =SUM(C51:L51,N51) -> 72 | P51: =SUM(C51:N51) -> 162
B52: 17.30 -17.45 | C52: 45 | D52: 26 | E52: 4 | F52: 4 | G52: 0 | H52: 0 | I52: 2 | J52: 2 | K52: 1 | L52: 0 | M52: 95 | N52: 0 | O52: =SUM(C52:L52,N52) -> 84 | P52: =SUM(C52:N52) -> 179
B53: 17.45 -18.00 | C53: 43 | D53: 23 | E53: 11 | F53: 4 | G53: 0 | H53: 0 | I53: 2 | J53: 1 | K53: 0 | L53: 0 | M53: 81 | N53: 0 | O53: =SUM(C53:L53,N53) -> 84 | P53: =SUM(C53:N53) -> 165
B54: 18.00 - 18.15 | C54: 32 | D54: 17 | E54: 8 | F54: 1 | G54: 0 | H54: 0 | I54: 3 | J54: 0 | K54: 0 | L54: 0 | M54: 93 | N54: 0 | O54: =SUM(C54:L54,N54) -> 61 | P54: =SUM(C54:N54) -> 154
... B105: 06.45 - 07.00 | C105: 31 | D105: 15 | E105: 6 | F105: 4 | G105: 0 | H105: 0 | I105: 0 | J105: 0 | K105: 0 | L105: 0 | M105: 38 | N105: 0 | O105: =SUM(C105:L105,N105) -> 56 | P105: =SUM(C105:N105) -> 94
B106: Totals | C106: =SUM(C10:C105) -> 2332 | D106: =SUM(D10:D105) -> 1351 | E106: =SUM(E10:E105) -> 462 | F106: =SUM(F10:F105) -> 339 | G106: =SUM(G10:G105) -> 36 | H106: =SUM(H10:H105) -> 16 | I106: =SUM(I10:I105) -> 227 | J106: =SUM(J10:J105) -> 68 | ... P106: =SUM(P10:P105) -> 10019
B107: %ges + MCs | C107: =C106/$P$106 -> 0.23275776 | D107: =D106/$P$106 -> 0.1348438 | E107: =E106/$P$106 -> 0.046112386 | F107: =F106/$P$106 -> 0.033835712 | G107: =G106/$P$106 -> 0.003593173 | H107: =H106/$P$106 -> 0.0015969658 | I107: =I106/$P$106 -> 0.022656952 | J107: =J106/$P$106 -> 0.0067871045 | ... N107: =N106/$P$106 -> 0
B108: %ges w/o MCs | C108: =C106/$O$106 -> 0.4779668 | D108: =D106/$O$106 -> 0.276901 | E108: =E106/$O$106 -> 0.094691535 | F108: =F106/$O$106 -> 0.069481451 | G108: =G106/$O$106 -> 0.0073785612 | H108: =H106/$O$106 -> 0.0032793605 | I108: =I106/$O$106 -> 0.046525927 | J108: =J106/$O$106 -> 0.013937282 | ... L108: =L106/$O$106 -> 0.0022545604 | N108: =N106/$O$106 -> 0

Sheet 27.09 Kira-Kyaliwajala
B1: Consultancy services for Preparation of Expressway Development Master Plan (EDMP) for Uganda
B2: MANUAL CLASSIFIED COUNT (MCC)
B3: ROAD NAME: | C3: ='23.09 Kira-Kyaliwalla'!C3:G3 -> MCC-C2-STNO72-KIRA KYALIWAJALLA
C5: Date | D5: 27.09.19 | F5: Location | G5: ='25.09 Kyaliwajala-Kira'!G5:H5 -> Kira Police Division | J5: Surveyor | K5: Nairuba Apothio
C6: Dir. From | D6: ='23.09 Kira-Kyaliwalla'!D6:E6 -> Kira | F6: Dir. To | G6: ='23.09 Kira-Kyaliwalla'!G6:H6 -> Kyaliwajara | J6: Supervisor | K6: ='25.09 Kyaliwajala-Kira'!K6:L6 -> Tracy
B8: Time / Veh Type | R8: SUMMARY TRAFFIC VOLUMES
C9: 1. Car | D9: 2. Station Wagon | E9: 3. Pickups | F9: 4. Minibus, matatu | G9: 5. Medium bus | H9: 6. Large Bus | I9: 7. Light Truck | J9: 8. Medium Truck | K9: 9. Heavy truck | L9: 10. Truck Trailer | M9: 11. Motor cycles | N9: 12. Tractors | O9: Total Excl M/Cycles | P9: Total All | R9: Time | S9: 1. Car | T9: 2. Station Wagon | U9: 3. Pickups | V9: 4. Minibus, matatu | W9: 5. Medium bus | X9: 6. Large Bus | Y9: 7. Light Truck | Z9: 8. Medium Truck | AA9: 9. Heavy truck | AB9: 10. Truck Trailer | AC9: 11. Motorcycles | AD9: 12. Tractors, Graders | AE9: Total Excl M/ Cycles | AF9: Total All
B10: 07.00 - 07.15 | C10: 80 | D10: 41 | E10: 13 | F10: 20 | G10: 1 | H10: 0 | I10: 2 | J10: 1 | K10: 1 | L10: 0 | M10: 97 | N10: 0 | O10: =SUM(C10:L10,N10) -> 159 | P10: =SUM(C10:N10) -> 256 | R10: 0700-0800 | S10: =SUM(C10:C13) -> 237 | T10: =SUM(D10:D13) -> 159 | U10: =SUM(E10:E13) -> 32 | V10: =SUM(F10:F13) -> 72 | W10: =SUM(G10:G13) -> 1 | X10: =SUM(H10:H13) -> 0 | Y10: =SUM(I10:I13) -> 8 | Z10: =SUM(J10:J13) -> 1 | ... AF10: =SUM(P10:P13) -> 891
B11: 07.15 - 07.30 | C11: 50 | D11: 42 | E11: 2 | F11: 23 | G11: 0 | H11: 0 | I11: 3 | J11: 0 | K11: 1 | L11: 0 | M11: 80 | N11: 0 | O11: =SUM(C11:L11,N11) -> 121 | P11: =SUM(C11:N11) -> 201 | R11: 0800-0900 | S11: =SUM(C14:C17) -> 184 | T11: =SUM(D14:D17) -> 138 | U11: =SUM(E14:E17) -> 32 | V11: =SUM(F14:F17) -> 68 | W11: =SUM(G14:G17) -> 0 | X11: =SUM(H14:H17) -> 0 | Y11: =SUM(I14:I17) -> 19 | Z11: =SUM(J14:J17) -> 2 | ... AF11: =SUM(P14:P17) -> 797
B12: 07.30 - 07.45 | C12: 60 | D12: 43 | E12: 11 | F12: 14 | G12: 0 | H12: 0 | I12: 2 | J12: 0 | K12: 1 | L12: 0 | M12: 100 | N12: 0 | O12: =SUM(C12:L12,N12) -> 131 | P12: =SUM(C12:N12) -> 231 | R12: 0900-1000 | S12: =SUM(C18:C21) -> 160 | T12: =SUM(D18:D21) -> 104 | U12: =SUM(E18:E21) -> 23 | V12: =SUM(F18:F21) -> 65 | W12: =SUM(G18:G21) -> 2 | X12: =SUM(H18:H21) -> 0 | Y12: =SUM(I18:I21) -> 28 | Z12: =SUM(J18:J21) -> 0 | ... AF12: =SUM(P18:P21) -> 723
B13: 07.45 - 08.00 | C13: 47 | D13: 33 | E13: 6 | F13: 15 | G13: 0 | H13: 0 | I13: 1 | J13: 0 | K13: 1 | L13: 0 | M13: 100 | N13: 0 | O13: =SUM(C13:L13,N13) -> 103 | P13: =SUM(C13:N13) -> 203 | R13: 1000-1100 | S13: =SUM(C22:C25) -> 107 | T13: =SUM(D22:D25) -> 111 | U13: =SUM(E22:E25) -> 22 | V13: =SUM(F22:F25) -> 54 | W13: =SUM(G22:G25) -> 0 | X13: =SUM(H22:H25) -> 0 | Y13: =SUM(I22:I25) -> 24 | Z13: =SUM(J22:J25) -> 2 | ... AF13: =SUM(P22:P25) -> 642
B14: 08.00 - 08.15 | C14: 47 | D14: 37 | E14: 9 | F14: 22 | G14: 0 | H14: 0 | I14: 2 | J14: 0 | K14: 0 | L14: 0 | M14: 87 | N14: 0 | O14: =SUM(C14:L14,N14) -> 117 | P14: =SUM(C14:N14) -> 204 | R14: 1100-1200 | S14: =SUM(C26:C29) -> 94 | T14: =SUM(D26:D29) -> 92 | U14: =SUM(E26:E29) -> 16 | V14: =SUM(F26:F29) -> 54 | W14: =SUM(G26:G29) -> 2 | X14: =SUM(H26:H29) -> 0 | Y14: =SUM(I26:I29) -> 29 | Z14: =SUM(J26:J29) -> 8 | ... AF14: =SUM(P26:P29) -> 661
B15: 08.15 - 08.30 | C15: 45 | D15: 31 | E15: 10 | F15: 19 | G15: 0 | H15: 0 | I15: 6 | J15: 0 | K15: 1 | L15: 0 | M15: 80 | N15: 0 | O15: =SUM(C15:L15,N15) -> 112 | P15: =SUM(C15:N15) -> 192 | R15: 1200-1300 | S15: =SUM(C30:C33) -> 107 | T15: =SUM(D30:D33) -> 92 | U15: =SUM(E30:E33) -> 27 | V15: =SUM(F30:F33) -> 65 | W15: =SUM(G30:G33) -> 1 | X15: =SUM(H30:H33) -> 0 | Y15: =SUM(I30:I33) -> 45 | Z15: =SUM(J30:J33) -> 5 | ... AF15: =SUM(P30:P33) -> 622
B16: 08.30 - 08.45 | C16: 46 | D16: 46 | E16: 7 | F16: 14 | G16: 0 | H16: 0 | I16: 6 | J16: 0 | K16: 1 | L16: 0 | M16: 120 | N16: 0 | O16: =SUM(C16:L16,N16) -> 120 | P16: =SUM(C16:N16) -> 240 | R16: 1300-1400 | S16: =SUM(C34:C37) -> 70 | T16: =SUM(D34:D37) -> 61 | U16: =SUM(E34:E37) -> 29 | V16: =SUM(F34:F37) -> 47 | W16: =SUM(G34:G37) -> 0 | X16: =SUM(H34:H37) -> 0 | Y16: =SUM(I34:I37) -> 34 | Z16: =SUM(J34:J37) -> 14 | ... AF16: =SUM(P34:P37) -> 353
B17: 08.45 - 9.00 | C17: 46 | D17: 24 | E17: 6 | F17: 13 | G17: 0 | H17: 0 | I17: 5 | J17: 2 | K17: 0 | L17: 0 | M17: 65 | N17: 0 | O17: =SUM(C17:L17,N17) -> 96 | P17: =SUM(C17:N17) -> 161 | R17: 1400-1500 | S17: =SUM(C38:C41) -> 98 | T17: =SUM(D38:D41) -> 49 | U17: =SUM(E38:E41) -> 17 | V17: =SUM(F38:F41) -> 50 | W17: =SUM(G38:G41) -> 0 | X17: =SUM(H38:H41) -> 1 | Y17: =SUM(I38:I41) -> 27 | Z17: =SUM(J38:J41) -> 6 | ... AF17: =SUM(P38:P41) -> 397
B18: 09.00 - 09.15 | C18: 50 | D18: 26 | E18: 4 | F18: 15 | G18: 2 | H18: 0 | I18: 8 | J18: 0 | K18: 0 | L18: 0 | M18: 113 | N18: 0 | O18: =SUM(C18:L18,N18) -> 105 | P18: =SUM(C18:N18) -> 218 | R18: 1500-1600 | S18: =SUM(C42:C45) -> 120 | T18: =SUM(D42:D45) -> 80 | U18: =SUM(E42:E45) -> 27 | V18: =SUM(F42:F45) -> 59 | W18: =SUM(G42:G45) -> 1 | X18: =SUM(H42:H45) -> 0 | Y18: =SUM(I42:I45) -> 23 | Z18: =SUM(J42:J45) -> 2 | ... AF18: =SUM(P42:P45) -> 551
B19: 09.15 - 09.30 | C19: 35 | D19: 22 | E19: 6 | F19: 13 | G19: 0 | H19: 0 | I19: 8 | J19: 0 | K19: 0 | L19: 2 | M19: 97 | N19: 0 | O19: =SUM(C19:L19,N19) -> 86 | P19: =SUM(C19:N19) -> 183 | R19: 1600-1700 | S19: =SUM(C46:C49) -> 126 | T19: =SUM(D46:D49) -> 105 | U19: =SUM(E46:E49) -> 25 | V19: =SUM(F46:F49) -> 69 | W19: =SUM(G46:G49) -> 4 | X19: =SUM(H46:H49) -> 2 | Y19: =SUM(I46:I49) -> 22 | Z19: =SUM(J46:J49) -> 10 | ... AF19: =SUM(P46:P49) -> 689
B20: 09.30 - 09.45 | C20: 45 | D20: 30 | E20: 5 | F20: 21 | G20: 0 | H20: 0 | I20: 2 | J20: 0 | K20: 0 | L20: 0 | M20: 71 | N20: 0 | O20: =SUM(C20:L20,N20) -> 103 | P20: =SUM(C20:N20) -> 174 | R20: 1700-1800 | S20: =SUM(C50:C53) -> 124 | T20: =SUM(D50:D53) -> 121 | U20: =SUM(E50:E53) -> 17 | V20: =SUM(F50:F53) -> 65 | W20: =SUM(G50:G53) -> 2 | X20: =SUM(H50:H53) -> 0 | Y20: =SUM(I50:I53) -> 25 | Z20: =SUM(J50:J53) -> 1 | ... AF20: =SUM(P50:P53) -> 706
B21: 09.45 - 10.00 | C21: 30 | D21: 26 | E21: 8 | F21: 16 | G21: 0 | H21: 0 | I21: 10 | J21: 0 | K21: 1 | L21: 0 | M21: 57 | N21: 0 | O21: =SUM(C21:L21,N21) -> 91 | P21: =SUM(C21:N21) -> 148 | R21: 1800-1900 | S21: =SUM(C54:C57) -> 152 | T21: =SUM(D54:D57) -> 64 | U21: =SUM(E54:E57) -> 30 | V21: =SUM(F54:F57) -> 63 | W21: =SUM(G54:G57) -> 3 | X21: =SUM(H54:H57) -> 0 | Y21: =SUM(I54:I57) -> 24 | Z21: =SUM(J54:J57) -> 6 | ... AF21: =SUM(P54:P57) -> 598
B22: 10.00 - 10.15 | C22: 29 | D22: 30 | E22: 4 | F22: 17 | G22: 0 | H22: 0 | I22: 6 | J22: 0 | K22: 0 | L22: 0 | M22: 95 | N22: 0 | O22: =SUM(C22:L22,N22) -> 86 | P22: =SUM(C22:N22) -> 181 | R22: AM Peak Hr | S22: =MAX(S10:S12) -> 237 | T22: =MAX(T10:T12) -> 159 | U22: =MAX(U10:U12) -> 32 | V22: =MAX(V10:V12) -> 72 | W22: =MAX(W10:W12) -> 2 | X22: =MAX(X10:X12) -> 0 | Y22: =MAX(Y10:Y12) -> 28 | Z22: =MAX(Z10:Z12) -> 2 | ... AF22: =MAX(AF10:AF12) -> 891
B23: 10.15 - 10.30 | C23: 30 | D23: 36 | E23: 6 | F23: 16 | G23: 0 | H23: 0 | I23: 9 | J23: 1 | K23: 0 | L23: 0 | M23: 80 | N23: 0 | O23: =SUM(C23:L23,N23) -> 98 | P23: =SUM(C23:N23) -> 178 | R23: IP Peak Hr | S23: =MAX(S13:S18) -> 120 | T23: =MAX(T13:T18) -> 111 | U23: =MAX(U13:U18) -> 29 | V23: =MAX(V13:V18) -> 65 | W23: =MAX(W13:W18) -> 2 | X23: =MAX(X13:X18) -> 1 | Y23: =MAX(Y13:Y18) -> 45 | Z23: =MAX(Z13:Z18) -> 14 | ... AF23: =MAX(AF13:AF18) -> 661
B24: 10.30 - 10.45 | C24: 23 | D24: 25 | E24: 5 | F24: 10 | G24: 0 | H24: 0 | I24: 1 | J24: 1 | K24: 0 | L24: 0 | M24: 70 | N24: 0 | O24: =SUM(C24:L24,N24) -> 65 | P24: =SUM(C24:N24) -> 135 | R24: PM Peak Hr | S24: =MAX(S19:S21) -> 152 | T24: =MAX(T19:T21) -> 121 | U24: =MAX(U19:U21) -> 30 | V24: =MAX(V19:V21) -> 69 | W24: =MAX(W19:W21) -> 4 | X24: =MAX(X19:X21) -> 2 | Y24: =MAX(Y19:Y21) -> 25 | Z24: =MAX(Z19:Z21) -> 10 | ... AF24: =MAX(AF19:AF21) -> 706
B25: 10.45 - 11.00 | C25: 25 | D25: 20 | E25: 7 | F25: 11 | G25: 0 | H25: 0 | I25: 8 | J25: 0 | K25: 0 | L25: 0 | M25: 77 | N25: 0 | O25: =SUM(C25:L25,N25) -> 71 | P25: =SUM(C25:N25) -> 148 | R25: AM Period | S25: =SUM(S10:S12) -> 581 | T25: =SUM(T10:T12) -> 401 | U25: =SUM(U10:U12) -> 87 | V25: =SUM(V10:V12) -> 205 | W25: =SUM(W10:W12) -> 3 | X25: =SUM(X10:X12) -> 0 | Y25: =SUM(Y10:Y12) -> 55 | Z25: =SUM(Z10:Z12) -> 3 | ... AF25: =SUM(AF10:AF12) -> 2411
B26: 11.00 - 11.15 | C26: 21 | D26: 24 | E26: 3 | F26: 14 | G26: 0 | H26: 0 | I26: 6 | J26: 3 | K26: 0 | L26: 0 | M26: 105 | N26: 0 | O26: =SUM(C26:L26,N26) -> 71 | P26: =SUM(C26:N26) -> 176 | R26: IP Period | S26: =SUM(S13:S18) -> 596 | T26: =SUM(T13:T18) -> 485 | U26: =SUM(U13:U18) -> 138 | V26: =SUM(V13:V18) -> 329 | W26: =SUM(W13:W18) -> 4 | X26: =SUM(X13:X18) -> 1 | Y26: =SUM(Y13:Y18) -> 182 | Z26: =SUM(Z13:Z18) -> 37 | ... AF26: =SUM(AF13:AF18) -> 3226
B27: 11.15 - 11.30 | C27: 20 | D27: 18 | E27: 6 | F27: 7 | G27: 2 | H27: 0 | I27: 10 | J27: 0 | K27: 0 | L27: 0 | M27: 77 | N27: 0 | O27: =SUM(C27:L27,N27) -> 63 | P27: =SUM(C27:N27) -> 140 | R27: PM Period | S27: =SUM(S19:S21) -> 402 | T27: =SUM(T19:T21) -> 290 | U27: =SUM(U19:U21) -> 72 | V27: =SUM(V19:V21) -> 197 | W27: =SUM(W19:W21) -> 9 | X27: =SUM(X19:X21) -> 2 | Y27: =SUM(Y19:Y21) -> 71 | Z27: =SUM(Z19:Z21) -> 17 | ... AF27: =SUM(AF19:AF21) -> 1993
B28: 11.30 - 11.45 | C28: 30 | D28: 24 | E28: 2 | F28: 20 | G28: 0 | H28: 0 | I28: 5 | J28: 1 | K28: 0 | L28: 0 | M28: 100 | N28: 0 | O28: =SUM(C28:L28,N28) -> 82 | P28: =SUM(C28:N28) -> 182 | R28: 12 Hours | S28: =SUM(S10:S21) -> 1579 | T28: =SUM(T10:T21) -> 1176 | U28: =SUM(U10:U21) -> 297 | V28: =SUM(V10:V21) -> 731 | W28: =SUM(W10:W21) -> 16 | X28: =SUM(X10:X21) -> 3 | Y28: =SUM(Y10:Y21) -> 308 | Z28: =SUM(Z10:Z21) -> 57 | ... AF28: =SUM(AF10:AF21) -> 7630
B29: 11.45 - 12.00 | C29: 23 | D29: 26 | E29: 5 | F29: 13 | G29: 0 | H29: 0 | I29: 8 | J29: 4 | K29: 3 | L29: 1 | M29: 80 | N29: 0 | O29: =SUM(C29:L29,N29) -> 83 | P29: =SUM(C29:N29) -> 163
B30: 12.00 - 12.15 | C30: 18 | D30: 27 | E30: 11 | F30: 19 | G30: 1 | H30: 0 | I30: 15 | J30: 1 | K30: 1 | L30: 0 | M30: 71 | N30: 0 | O30: =SUM(C30:L30,N30) -> 93 | P30: =SUM(C30:N30) -> 164
B31: 12.15 - 12.30 | C31: 36 | D31: 20 | E31: 5 | F31: 18 | G31: 0 | H31: 0 | I31: 11 | J31: 3 | K31: 0 | L31: 0 | M31: 87 | N31: 0 | O31: =SUM(C31:L31,N31) -> 93 | P31: =SUM(C31:N31) -> 180
B32: 12.30 - 12.45 | C32: 30 | D32: 29 | E32: 4 | F32: 17 | G32: 0 | H32: 0 | I32: 9 | J32: 0 | K32: 2 | L32: 0 | M32: 63 | N32: 0 | O32: =SUM(C32:L32,N32) -> 91 | P32: =SUM(C32:N32) -> 154
B33: 12.45 - 13.00 | C33: 23 | D33: 16 | E33: 7 | F33: 11 | G33: 0 | H33: 0 | I33: 10 | J33: 1 | K33: 0 | L33: 1 | M33: 55 | N33: 0 | O33: =SUM(C33:L33,N33) -> 69 | P33: =SUM(C33:N33) -> 124
B34: 13.00 - 13.15 | C34: 18 | D34: 21 | E34: 8 | F34: 15 | G34: 0 | H34: 0 | I34: 10 | J34: 1 | K34: 2 | L34: 0 | M34: 48 | N34: 0 | O34: =SUM(C34:L34,N34) -> 75 | P34: =SUM(C34:N34) -> 123
B35: 13.15 - 13.30 | C35: 17 | D35: 13 | E35: 6 | F35: 9 | G35: 0 | H35: 0 | I35: 6 | J35: 3 | K35: 2 | L35: 0 | M35: 14 | N35: 0 | O35: =SUM(C35:L35,N35) -> 56 | P35: =SUM(C35:N35) -> 70
B36: 13.30 - 13.45 | C36: 18 | D36: 17 | E36: 8 | F36: 9 | G36: 0 | H36: 0 | I36: 11 | J36: 7 | K36: 1 | L36: 0 | M36: 13 | N36: 0 | O36: =SUM(C36:L36,N36) -> 71 | P36: =SUM(C36:N36) -> 84
B37: 13.45 - 14.00 | C37: 17 | D37: 10 | E37: 7 | F37: 14 | G37: 0 | H37: 0 | I37: 7 | J37: 3 | K37: 1 | L37: 0 | M37: 17 | N37: 0 | O37: =SUM(C37:L37,N37) -> 59 | P37: =SUM(C37:N37) -> 76
B38: 14.00 - 14.15 | C38: 21 | D38: 6 | E38: 3 | F38: 8 | G38: 0 | H38: 1 | I38: 4 | J38: 5 | K38: 0 | L38: 1 | M38: 42 | N38: 0 | O38: =SUM(C38:L38,N38) -> 49 | P38: =SUM(C38:N38) -> 91
B39: 14.15 - 14.30 | C39: 25 | D39: 11 | E39: 3 | F39: 16 | G39: 0 | H39: 0 | I39: 8 | J39: 0 | K39: 1 | L39: 0 | M39: 27 | N39: 0 | O39: =SUM(C39:L39,N39) -> 64 | P39: =SUM(C39:N39) -> 91
B40: 14.30 - 14.45 | C40: 27 | D40: 14 | E40: 7 | F40: 15 | G40: 0 | H40: 0 | I40: 6 | J40: 0 | K40: 0 | L40: 0 | M40: 41 | N40: 0 | O40: =SUM(C40:L40,N40) -> 69 | P40: =SUM(C40:N40) -> 110
... B57: 18.45 - 19.00 | C57: 30 | D57: 15 | E57: 5 | F57: 13 | G57: 1 | H57: 0 | I57: 5 | J57: 3 | K57: 0 | L57: 0 | M57: 55 | N57: 0 | O57: =SUM(C57:L57,N57) -> 72 | P57: =SUM(C57:N57) -> 127
B58: Totals | C58: =SUM(C10:C57) -> 1579 | D58: =SUM(D10:D57) -> 1176 | E58: =SUM(E10:E57) -> 297 | F58: =SUM(F10:F57) -> 731 | G58: =SUM(G10:G57) -> 16 | H58: =SUM(H10:H57) -> 3 | I58: =SUM(I10:I57) -> 308 | J58: =SUM(J10:J57) -> 57 | ... P58: =SUM(P10:P57) -> 7630
B59: %ges + MCs | C59: =C58/$P$58 -> 0.20694626 | D59: =D58/$P$58 -> 0.15412844 | E59: =E58/$P$58 -> 0.038925295 | F59: =F58/$P$58 -> 0.095806029 | G59: =G58/$P$58 -> 0.0020969856 | H59: =H58/$P$58 -> 0.0003931848 | I59: =I58/$P$58 -> 0.040366972 | J59: =J58/$P$58 -> 0.0074705111 | ... N59: =N58/$P$58 -> 0
B60: %ges w/o MCs | C60: =C58/$O$58 -> 0.37505938 | D60: =D58/$O$58 -> 0.27933492 | E60: =E58/$O$58 -> 0.070546318 | F60: =F58/$O$58 -> 0.1736342 | G60: =G58/$O$58 -> 0.0038004751 | H60: =H58/$O$58 -> 0.00071258907 | I60: =I58/$O$58 -> 0.073159145 | J60: =J58/$O$58 -> 0.013539192 | ... L60: =L58/$O$58 -> 0.0038004751 | N60: =N58/$O$58 -> 0

Sheet 27.09 Kyaliwajala-Kira
B1: Consultancy services for Preparation of Expressway Development Master Plan (EDMP) for Uganda
B2: MANUAL CLASSIFIED COUNT (MCC)
B3: ROAD NAME: | C3: MCC-C2-STNO-72
C5: Date | D5: ='27.09 Kira-Kyaliwajala'!D5 -> 27.09.19 | F5: Location | G5: ='27.09 Kira-Kyaliwajala'!G5:H5 -> Kira Police Division | J5: Surveyor | K5: Isaac
C6: Dir. From | D6: KYALIWAJALA | G6: KIRA | J6: Supervisor | K6: ='27.09 Kira-Kyaliwajala'!K6:L6 -> Tracy
B8: Time / Veh Type | R8: SUMMARY TRAFFIC VOLUMES
C9: 1. Car | D9: 2. Station Wagon | E9: 3. Pickups | F9: 4. Minibus, matatu | G9: 5. Medium bus | H9: 6. Large Bus | I9: 7. Light Truck | J9: 8. Medium Truck | K9: 9. Heavy truck | L9: 10. Truck Trailer | M9: 11. Motor cycles | N9: 12. Tractors | O9: Total Excl M/Cycles | P9: Total All | R9: Time | S9: 1. Car | T9: 2. Station Wagon | U9: 3. Pickups | V9: 4. Minibus, matatu | W9: 5. Medium bus | X9: 6. Large Bus | Y9: 7. Light Truck | Z9: 8. Medium Truck | AA9: 9. Heavy truck | AB9: 10. Truck Trailer | AC9: 11. Motorcycles | AD9: 12. Tractors, Graders | AE9: Total Excl M/ Cycles | AF9: Total All
B10: 07.00 - 07.15 | C10: 32 | D10: 17 | E10: 4 | F10: 6 | G10: 2 | H10: 0 | I10: 5 | J10: 1 | K10: 0 | L10: 0 | M10: 66 | N10: 0 | O10: =SUM(C10:L10,N10) -> 67 | P10: =SUM(C10:N10) -> 133 | R10: 0700-0800 | S10: =SUM(C10:C13) -> 138 | T10: =SUM(D10:D13) -> 86 | U10: =SUM(E10:E13) -> 17 | V10: =SUM(F10:F13) -> 20 | W10: =SUM(G10:G13) -> 2 | X10: =SUM(H10:H13) -> 4 | Y10: =SUM(I10:I13) -> 13 | Z10: =SUM(J10:J13) -> 4 | ... AF10: =SUM(P10:P13) -> 568
B11: 07.15 - 07.30 | C11: 34 | D11: 24 | E11: 6 | F11: 3 | G11: 0 | H11: 0 | I11: 3 | J11: 1 | K11: 0 | L11: 0 | M11: 70 | N11: 0 | O11: =SUM(C11:L11,N11) -> 71 | P11: =SUM(C11:N11) -> 141 | R11: 0800-0900 | S11: =SUM(C14:C17) -> 111 | T11: =SUM(D14:D17) -> 77 | U11: =SUM(E14:E17) -> 16 | V11: =SUM(F14:F17) -> 17 | W11: =SUM(G14:G17) -> 0 | X11: =SUM(H14:H17) -> 0 | Y11: =SUM(I14:I17) -> 7 | Z11: =SUM(J14:J17) -> 3 | ... AF11: =SUM(P14:P17) -> 523
B12: 07.30 - 07.45 | C12: 39 | D12: 25 | E12: 2 | F12: 5 | G12: 0 | H12: 0 | I12: 4 | J12: 1 | K12: 0 | L12: 1 | M12: 73 | N12: 0 | O12: =SUM(C12:L12,N12) -> 77 | P12: =SUM(C12:N12) -> 150 | R12: 0900-1000 | S12: =SUM(C18:C21) -> 158 | T12: =SUM(D18:D21) -> 47 | U12: =SUM(E18:E21) -> 11 | V12: =SUM(F18:F21) -> 16 | W12: =SUM(G18:G21) -> 0 | X12: =SUM(H18:H21) -> 0 | Y12: =SUM(I18:I21) -> 20 | Z12: =SUM(J18:J21) -> 1 | ... AF12: =SUM(P18:P21) -> 564
B13: 07.45 - 08.00 | C13: 33 | D13: 20 | E13: 5 | F13: 6 | G13: 0 | H13: 4 | I13: 1 | J13: 1 | K13: 0 | L13: 0 | M13: 74 | N13: 0 | O13: =SUM(C13:L13,N13) -> 70 | P13: =SUM(C13:N13) -> 144 | R13: 1000-1100 | S13: =SUM(C22:C25) -> 122 | T13: =SUM(D22:D25) -> 42 | U13: =SUM(E22:E25) -> 21 | V13: =SUM(F22:F25) -> 17 | W13: =SUM(G22:G25) -> 2 | X13: =SUM(H22:H25) -> 0 | Y13: =SUM(I22:I25) -> 33 | Z13: =SUM(J22:J25) -> 4 | ... AF13: =SUM(P22:P25) -> 614
B14: 08.00 - 08.15 | C14: 37 | D14: 9 | E14: 3 | F14: 9 | G14: 0 | H14: 0 | I14: 6 | J14: 1 | K14: 2 | L14: 0 | M14: 70 | N14: 0 | O14: =SUM(C14:L14,N14) -> 67 | P14: =SUM(C14:N14) -> 137 | R14: 1100-1200 | S14: =SUM(C26:C29) -> 114 | T14: =SUM(D26:D29) -> 42 | U14: =SUM(E26:E29) -> 23 | V14: =SUM(F26:F29) -> 12 | W14: =SUM(G26:G29) -> 0 | X14: =SUM(H26:H29) -> 2 | Y14: =SUM(I26:I29) -> 19 | Z14: =SUM(J26:J29) -> 10 | ... AF14: =SUM(P26:P29) -> 542
B15: 08.15 - 08.30 | C15: 33 | D15: 17 | E15: 2 | F15: 6 | G15: 0 | H15: 0 | I15: 1 | J15: 0 | K15: 0 | L15: 1 | M15: 72 | N15: 0 | O15: =SUM(C15:L15,N15) -> 60 | P15: =SUM(C15:N15) -> 132 | R15: 1200-1300 | S15: =SUM(C30:C33) -> 85 | T15: =SUM(D30:D33) -> 62 | U15: =SUM(E30:E33) -> 18 | V15: =SUM(F30:F33) -> 15 | W15: =SUM(G30:G33) -> 2 | X15: =SUM(H30:H33) -> 0 | Y15: =SUM(I30:I33) -> 25 | Z15: =SUM(J30:J33) -> 11 | ... AF15: =SUM(P30:P33) -> 416
B16: 08.30 - 08.45 | C16: 38 | D16: 28 | E16: 7 | F16: 2 | G16: 0 | H16: 0 | I16: 0 | J16: 2 | K16: 0 | L16: 0 | M16: 75 | N16: 0 | O16: =SUM(C16:L16,N16) -> 77 | P16: =SUM(C16:N16) -> 152 | R16: 1300-1400 | S16: =SUM(C34:C37) -> 48 | T16: =SUM(D34:D37) -> 43 | U16: =SUM(E34:E37) -> 13 | V16: =SUM(F34:F37) -> 12 | W16: =SUM(G34:G37) -> 0 | X16: =SUM(H34:H37) -> 0 | Y16: =SUM(I34:I37) -> 12 | Z16: =SUM(J34:J37) -> 5 | ... AF16: =SUM(P34:P37) -> 266
B17: 08.45 - 9.00 | C17: 3 | D17: 23 | E17: 4 | F17: 0 | G17: 0 | H17: 0 | I17: 0 | J17: 0 | K17: 1 | L17: 0 | M17: 71 | N17: 0 | O17: =SUM(C17:L17,N17) -> 31 | P17: =SUM(C17:N17) -> 102 | R17: 1400-1500 | S17: =SUM(C38:C41) -> 72 | T17: =SUM(D38:D41) -> 20 | U17: =SUM(E38:E41) -> 18 | V17: =SUM(F38:F41) -> 9 | W17: =SUM(G38:G41) -> 1 | X17: =SUM(H38:H41) -> 1 | Y17: =SUM(I38:I41) -> 18 | Z17: =SUM(J38:J41) -> 2 | ... AF17: =SUM(P38:P41) -> 251
B18: 09.00 - 09.15 | C18: 37 | D18: 13 | E18: 3 | F18: 4 | G18: 0 | H18: 0 | I18: 6 | J18: 0 | K18: 2 | L18: 1 | M18: 74 | N18: 0 | O18: =SUM(C18:L18,N18) -> 66 | P18: =SUM(C18:N18) -> 140 | R18: 1500-1600 | S18: =SUM(C42:C45) -> 107 | T18: =SUM(D42:D45) -> 50 | U18: =SUM(E42:E45) -> 12 | V18: =SUM(F42:F45) -> 16 | W18: =SUM(G42:G45) -> 3 | X18: =SUM(H42:H45) -> 2 | Y18: =SUM(I42:I45) -> 25 | Z18: =SUM(J42:J45) -> 7 | ... AF18: =SUM(P42:P45) -> 404
B19: 09.15 - 09.30 | C19: 42 | D19: 11 | E19: 1 | F19: 4 | G19: 0 | H19: 0 | I19: 8 | J19: 0 | K19: 1 | L19: 0 | M19: 80 | N19: 0 | O19: =SUM(C19:L19,N19) -> 67 | P19: =SUM(C19:N19) -> 147 | R19: 1600-1700 | S19: =SUM(C46:C49) -> 133 | T19: =SUM(D46:D49) -> 82 | U19: =SUM(E46:E49) -> 31 | V19: =SUM(F46:F49) -> 16 | W19: =SUM(G46:G49) -> 3 | X19: =SUM(H46:H49) -> 1 | Y19: =SUM(I46:I49) -> 17 | Z19: =SUM(J46:J49) -> 1 | ... AF19: =SUM(P46:P49) -> 543
B20: 09.30 - 09.45 | C20: 39 | D20: 9 | E20: 4 | F20: 5 | G20: 0 | H20: 0 | I20: 2 | J20: 0 | K20: 0 | L20: 0 | M20: 82 | N20: 0 | O20: =SUM(C20:L20,N20) -> 59 | P20: =SUM(C20:N20) -> 141 | R20: 1700-1800 | S20: =SUM(C50:C53) -> 143 | T20: =SUM(D50:D53) -> 57 | U20: =SUM(E50:E53) -> 12 | V20: =SUM(F50:F53) -> 17 | W20: =SUM(G50:G53) -> 2 | X20: =SUM(H50:H53) -> 0 | Y20: =SUM(I50:I53) -> 11 | Z20: =SUM(J50:J53) -> 1 | ... AF20: =SUM(P50:P53) -> 509
B21: 09.45 - 10.00 | C21: 40 | D21: 14 | E21: 3 | F21: 3 | G21: 0 | H21: 0 | I21: 4 | J21: 1 | K21: 0 | L21: 0 | M21: 71 | N21: 0 | O21: =SUM(C21:L21,N21) -> 65 | P21: =SUM(C21:N21) -> 136 | R21: 1800-1900 | S21: =SUM(C54:C57) -> 153 | T21: =SUM(D54:D57) -> 73 | U21: =SUM(E54:E57) -> 26 | V21: =SUM(F54:F57) -> 20 | W21: =SUM(G54:G57) -> 3 | X21: =SUM(H54:H57) -> 0 | Y21: =SUM(I54:I57) -> 20 | Z21: =SUM(J54:J57) -> 3 | ... AF21: =SUM(P54:P57) -> 636
B22: 10.00 - 10.15 | C22: 30 | D22: 10 | E22: 5 | F22: 7 | G22: 0 | H22: 0 | I22: 10 | J22: 1 | K22: 0 | L22: 0 | M22: 105 | N22: 0 | O22: =SUM(C22:L22,N22) -> 63 | P22: =SUM(C22:N22) -> 168 | R22: AM Peak Hr | S22: =MAX(S10:S12) -> 158 | T22: =MAX(T10:T12) -> 86 | U22: =MAX(U10:U12) -> 17 | V22: =MAX(V10:V12) -> 20 | W22: =MAX(W10:W12) -> 2 | X22: =MAX(X10:X12) -> 4 | Y22: =MAX(Y10:Y12) -> 20 | Z22: =MAX(Z10:Z12) -> 4 | ... AF22: =MAX(AF10:AF12) -> 568
B23: 10.15 - 10.30 | C23: 33 | D23: 12 | E23: 3 | F23: 5 | G23: 1 | H23: 0 | I23: 6 | J23: 1 | K23: 0 | L23: 0 | M23: 90 | N23: 0 | O23: =SUM(C23:L23,N23) -> 61 | P23: =SUM(C23:N23) -> 151 | R23: IP Peak Hr | S23: =MAX(S13:S18) -> 122 | T23: =MAX(T13:T18) -> 62 | U23: =MAX(U13:U18) -> 23 | V23: =MAX(V13:V18) -> 17 | W23: =MAX(W13:W18) -> 3 | X23: =MAX(X13:X18) -> 2 | Y23: =MAX(Y13:Y18) -> 33 | Z23: =MAX(Z13:Z18) -> 11 | ... AF23: =MAX(AF13:AF18) -> 614
B24: 10.30 - 10.45 | C24: 28 | D24: 6 | E24: 6 | F24: 2 | G24: 0 | H24: 0 | I24: 8 | J24: 0 | K24: 1 | L24: 1 | M24: 84 | N24: 0 | O24: =SUM(C24:L24,N24) -> 52 | P24: =SUM(C24:N24) -> 136 | R24: PM Peak Hr | S24: =MAX(S19:S21) -> 153 | T24: =MAX(T19:T21) -> 82 | U24: =MAX(U19:U21) -> 31 | V24: =MAX(V19:V21) -> 20 | W24: =MAX(W19:W21) -> 3 | X24: =MAX(X19:X21) -> 1 | Y24: =MAX(Y19:Y21) -> 20 | Z24: =MAX(Z19:Z21) -> 3 | ... AF24: =MAX(AF19:AF21) -> 636
B25: 10.45 - 11.00 | C25: 31 | D25: 14 | E25: 7 | F25: 3 | G25: 1 | H25: 0 | I25: 9 | J25: 2 | K25: 1 | L25: 0 | M25: 91 | N25: 0 | O25: =SUM(C25:L25,N25) -> 68 | P25: =SUM(C25:N25) -> 159 | R25: AM Period | S25: =SUM(S10:S12) -> 407 | T25: =SUM(T10:T12) -> 210 | U25: =SUM(U10:U12) -> 44 | V25: =SUM(V10:V12) -> 53 | W25: =SUM(W10:W12) -> 2 | X25: =SUM(X10:X12) -> 4 | Y25: =SUM(Y10:Y12) -> 40 | Z25: =SUM(Z10:Z12) -> 8 | ... AF25: =SUM(AF10:AF12) -> 1655
B26: 11.00 - 11.15 | C26: 29 | D26: 11 | E26: 7 | F26: 3 | G26: 0 | H26: 0 | I26: 3 | J26: 2 | K26: 0 | L26: 1 | M26: 85 | N26: 0 | O26: =SUM(C26:L26,N26) -> 56 | P26: =SUM(C26:N26) -> 141 | R26: IP Period | S26: =SUM(S13:S18) -> 548 | T26: =SUM(T13:T18) -> 259 | U26: =SUM(U13:U18) -> 105 | V26: =SUM(V13:V18) -> 81 | W26: =SUM(W13:W18) -> 8 | X26: =SUM(X13:X18) -> 5 | Y26: =SUM(Y13:Y18) -> 132 | Z26: =SUM(Z13:Z18) -> 39 | ... AF26: =SUM(AF13:AF18) -> 2493
B27: 11.15 - 11.30 | C27: 32 | D27: 9 | E27: 6 | F27: 2 | G27: 0 | H27: 0 | I27: 5 | J27: 1 | K27: 0 | L27: 0 | M27: 84 | N27: 0 | O27: =SUM(C27:L27,N27) -> 55 | P27: =SUM(C27:N27) -> 139 | R27: PM Period | S27: =SUM(S19:S21) -> 429 | T27: =SUM(T19:T21) -> 212 | U27: =SUM(U19:U21) -> 69 | V27: =SUM(V19:V21) -> 53 | W27: =SUM(W19:W21) -> 8 | X27: =SUM(X19:X21) -> 1 | Y27: =SUM(Y19:Y21) -> 48 | Z27: =SUM(Z19:Z21) -> 5 | ... AF27: =SUM(AF19:AF21) -> 1688
B28: 11.30 - 11.45 | C28: 23 | D28: 9 | E28: 6 | F28: 3 | G28: 0 | H28: 0 | I28: 9 | J28: 3 | K28: 0 | L28: 0 | M28: 78 | N28: 0 | O28: =SUM(C28:L28,N28) -> 53 | P28: =SUM(C28:N28) -> 131 | R28: 12 Hours | S28: =SUM(S10:S21) -> 1384 | T28: =SUM(T10:T21) -> 681 | U28: =SUM(U10:U21) -> 218 | V28: =SUM(V10:V21) -> 187 | W28: =SUM(W10:W21) -> 18 | X28: =SUM(X10:X21) -> 10 | Y28: =SUM(Y10:Y21) -> 220 | Z28: =SUM(Z10:Z21) -> 52 | ... AF28: =SUM(AF10:AF21) -> 5836
B29: 11.45 - 12.00 | C29: 30 | D29: 13 | E29: 4 | F29: 4 | G29: 0 | H29: 2 | I29: 2 | J29: 4 | K29: 0 | L29: 0 | M29: 72 | N29: 0 | O29: =SUM(C29:L29,N29) -> 59 | P29: =SUM(C29:N29) -> 131
B30: 12.00 - 12.15 | C30: 24 | D30: 16 | E30: 3 | F30: 5 | G30: 0 | H30: 0 | I30: 5 | J30: 4 | K30: 0 | L30: 1 | M30: 51 | N30: 0 | O30: =SUM(C30:L30,N30) -> 58 | P30: =SUM(C30:N30) -> 109
B31: 12.15 - 12.30 | C31: 15 | D31: 9 | E31: 4 | F31: 3 | G31: 0 | H31: 0 | I31: 7 | J31: 5 | K31: 4 | L31: 0 | M31: 49 | N31: 0 | O31: =SUM(C31:L31,N31) -> 47 | P31: =SUM(C31:N31) -> 96
B32: 12.30 - 12.45 | C32: 24 | D32: 20 | E32: 6 | F32: 2 | G32: 2 | H32: 0 | I32: 7 | J32: 1 | K32: 0 | L32: 0 | M32: 49 | N32: 0 | O32: =SUM(C32:L32,N32) -> 62 | P32: =SUM(C32:N32) -> 111
B33: 12.45 - 13.00 | C33: 22 | D33: 17 | E33: 5 | F33: 5 | G33: 0 | H33: 0 | I33: 6 | J33: 1 | K33: 0 | L33: 0 | M33: 44 | N33: 0 | O33: =SUM(C33:L33,N33) -> 56 | P33: =SUM(C33:N33) -> 100
B34: 13.00 - 13.15 | C34: 17 | D34: 9 | E34: 5 | F34: 3 | G34: 0 | H34: 0 | I34: 5 | J34: 2 | K34: 2 | L34: 0 | M34: 37 | N34: 0 | O34: =SUM(C34:L34,N34) -> 43 | P34: =SUM(C34:N34) -> 80
B35: 13.15 - 13.30 | C35: 15 | D35: 10 | E35: 3 | F35: 4 | G35: 0 | H35: 0 | I35: 6 | J35: 2 | K35: 1 | L35: 0 | M35: 37 | N35: 0 | O35: =SUM(C35:L35,N35) -> 41 | P35: =SUM(C35:N35) -> 78
B36: 13.30 - 13.45 | C36: 5 | D36: 11 | E36: 2 | F36: 3 | G36: 0 | H36: 0 | I36: 0 | J36: 0 | K36: 0 | L36: 0 | M36: 30 | N36: 0 | O36: =SUM(C36:L36,N36) -> 21 | P36: =SUM(C36:N36) -> 51
B37: 13.45 - 14.00 | C37: 11 | D37: 13 | E37: 3 | F37: 2 | G37: 0 | H37: 0 | I37: 1 | J37: 1 | K37: 1 | L37: 0 | M37: 25 | N37: 0 | O37: =SUM(C37:L37,N37) -> 32 | P37: =SUM(C37:N37) -> 57
B38: 14.00 - 14.15 | C38: 25 | D38: 4 | E38: 6 | F38: 3 | G38: 0 | H38: 0 | I38: 5 | J38: 0 | K38: 0 | L38: 0 | M38: 28 | N38: 0 | O38: =SUM(C38:L38,N38) -> 43 | P38: =SUM(C38:N38) -> 71
B39: 14.15 - 14.30 | C39: 14 | D39: 5 | E39: 5 | F39: 3 | G39: 0 | H39: 0 | I39: 3 | J39: 0 | K39: 0 | L39: 0 | M39: 24 | N39: 0 | O39: =SUM(C39:L39,N39) -> 30 | P39: =SUM(C39:N39) -> 54
B40: 14.30 - 14.45 | C40: 18 | D40: 3 | E40: 4 | F40: 2 | G40: 0 | H40: 0 | I40: 5 | J40: 1 | K40: 0 | L40: 0 | M40: 23 | N40: 0 | O40: =SUM(C40:L40,N40) -> 33 | P40: =SUM(C40:N40) -> 56
... B57: 18.45 - 19.00 | C57: 41 | D57: 13 | E57: 7 | F57: 5 | G57: 0 | H57: 0 | I57: 5 | J57: 2 | K57: 1 | L57: 0 | M57: 86 | N57: 0 | O57: =SUM(C57:L57,N57) -> 74 | P57: =SUM(C57:N57) -> 160
B58: Totals | C58: =SUM(C10:C57) -> 1384 | D58: =SUM(D10:D57) -> 681 | E58: =SUM(E10:E57) -> 218 | F58: =SUM(F10:F57) -> 187 | G58: =SUM(G10:G57) -> 18 | H58: =SUM(H10:H57) -> 10 | I58: =SUM(I10:I57) -> 220 | J58: =SUM(J10:J57) -> 52 | ... P58: =SUM(P10:P57) -> 5836
B59: %ges + MCs | C59: =C58/$P$58 -> 0.23714873 | D59: =D58/$P$58 -> 0.11668951 | E59: =E58/$P$58 -> 0.037354352 | F59: =F58/$P$58 -> 0.032042495 | G59: =G58/$P$58 -> 0.0030843043 | H59: =H58/$P$58 -> 0.0017135024 | I59: =I58/$P$58 -> 0.037697053 | J59: =J58/$P$58 -> 0.0089102125 | ... N59: =N58/$P$58 -> 0
B60: %ges w/o MCs | C60: =C58/$O$58 -> 0.49499285 | D60: =D58/$O$58 -> 0.24356223 | E60: =E58/$O$58 -> 0.077968526 | F60: =F58/$O$58 -> 0.066881259 | G60: =G58/$O$58 -> 0.0064377682 | H60: =H58/$O$58 -> 0.0035765379 | I60: =I58/$O$58 -> 0.078683834 | J60: =J58/$O$58 -> 0.018597997 | ... L60: =L58/$O$58 -> 0.0025035765 | N60: =N58/$O$58 -> 0

Sheet 28.09 KIRA-KYALIWAJALA-24h 
B1: Consultancy services for Preparation of Expressway Development Master Plan (EDMP) for Uganda
B2: MANUAL CLASSIFIED COUNT (MCC)
B3: ROAD NAME: | C3: MCC-C2-STN 72 Kira Kyaliwajala
C5: Date | D5: 28.09.19 | F5: Location | G5: Kira police station | J5: Surveyor | K5: Nairuba
C6: Dir. From | D6: Kira | F6: Dir. To | G6: kyaliwajala | J6: Supervisor | K6: Tracy
B8: Time / Veh Type | R8: SUMMARY TRAFFIC VOLUMES
C9: 1. Car | D9: 2. Station Wagon | E9: 3. Pickups | F9: 4. Minibus, matatu | G9: 5. Medium bus | H9: 6. Large Bus | I9: 7. Light Truck | J9: 8. Medium Truck | K9: 9. Heavy truck | L9: 10. Truck Trailer | M9: 11. Motor cycles | N9: 12. Tractors | O9: Total Excl M/Cycles | P9: Total All | R9: Time | S9: 1. Car | T9: 2. Station Wagon | U9: 3. Pickups | V9: 4. Minibus, matatu | W9: 5. Medium bus | X9: 6. Large Bus | Y9: 7. Light Truck | Z9: 8. Medium Truck | AA9: 9. Heavy truck | AB9: 10. Truck Trailer | AC9: 11. Motorcycles | AD9: 12. Tractors, Graders | AE9: Total Excl M/ Cycles | AF9: Total All
B10: 07.00 - 07.15 | C10: 29 | D10: 19 | E10: 5 | F10: 23 | G10: 0 | H10: 0 | I10: 5 | J10: 0 | K10: 1 | L10: 0 | M10: 56 | N10: 0 | O10: =SUM(C10:L10,N10) -> 82 | P10: =SUM(C10:N10) -> 138 | R10: 0700-0800 | S10: =SUM(C10:C13) -> 147 | T10: =SUM(D10:D13) -> 90 | U10: =SUM(E10:E13) -> 21 | V10: =SUM(F10:F13) -> 70 | W10: =SUM(G10:G13) -> 0 | X10: =SUM(H10:H13) -> 0 | Y10: =SUM(I10:I13) -> 17 | Z10: =SUM(J10:J13) -> 2 | ... AF10: =SUM(P10:P13) -> 631
B11: 07.15 - 07.30 | C11: 35 | D11: 16 | E11: 7 | F11: 15 | G11: 0 | H11: 0 | I11: 4 | J11: 1 | K11: 1 | L11: 0 | M11: 62 | N11: 0 | O11: =SUM(C11:L11,N11) -> 79 | P11: =SUM(C11:N11) -> 141 | R11: 0800-0900 | S11: =SUM(C14:C17) -> 193 | T11: =SUM(D14:D17) -> 151 | U11: =SUM(E14:E17) -> 26 | V11: =SUM(F14:F17) -> 102 | W11: =SUM(G14:G17) -> 2 | X11: =SUM(H14:H17) -> 2 | Y11: =SUM(I14:I17) -> 29 | Z11: =SUM(J14:J17) -> 3 | ... AF11: =SUM(P14:P17) -> 895
B12: 07.30 - 07.45 | C12: 30 | D12: 25 | E12: 5 | F12: 16 | G12: 0 | H12: 0 | I12: 3 | J12: 0 | K12: 0 | L12: 0 | M12: 71 | N12: 0 | O12: =SUM(C12:L12,N12) -> 79 | P12: =SUM(C12:N12) -> 150 | R12: 0900-1000 | S12: =SUM(C18:C21) -> 203 | T12: =SUM(D18:D21) -> 157 | U12: =SUM(E18:E21) -> 36 | V12: =SUM(F18:F21) -> 79 | W12: =SUM(G18:G21) -> 4 | X12: =SUM(H18:H21) -> 5 | Y12: =SUM(I18:I21) -> 20 | Z12: =SUM(J18:J21) -> 3 | ... AF12: =SUM(P18:P21) -> 946
B13: 07.45 - 08.00 | C13: 53 | D13: 30 | E13: 4 | F13: 16 | G13: 0 | H13: 0 | I13: 5 | J13: 1 | K13: 0 | L13: 0 | M13: 93 | N13: 0 | O13: =SUM(C13:L13,N13) -> 109 | P13: =SUM(C13:N13) -> 202 | R13: 1000-1100 | S13: =SUM(C22:C25) -> 192 | T13: =SUM(D22:D25) -> 172 | U13: =SUM(E22:E25) -> 18 | V13: =SUM(F22:F25) -> 75 | W13: =SUM(G22:G25) -> 2 | X13: =SUM(H22:H25) -> 1 | Y13: =SUM(I22:I25) -> 34 | Z13: =SUM(J22:J25) -> 9 | ... AF13: =SUM(P22:P25) -> 897
B14: 08.00 - 08.15 | C14: 44 | D14: 34 | E14: 9 | F14: 31 | G14: 0 | H14: 0 | I14: 9 | J14: 1 | K14: 0 | L14: 1 | M14: 102 | N14: 0 | O14: =SUM(C14:L14,N14) -> 129 | P14: =SUM(C14:N14) -> 231 | R14: 1100-1200 | S14: =SUM(C26:C29) -> 186 | T14: =SUM(D26:D29) -> 125 | U14: =SUM(E26:E29) -> 27 | V14: =SUM(F26:F29) -> 63 | W14: =SUM(G26:G29) -> 0 | X14: =SUM(H26:H29) -> 0 | Y14: =SUM(I26:I29) -> 40 | Z14: =SUM(J26:J29) -> 3 | ... AF14: =SUM(P26:P29) -> 858
B15: 08.15 - 08.30 | C15: 45 | D15: 32 | E15: 4 | F15: 23 | G15: 0 | H15: 1 | I15: 8 | J15: 0 | K15: 0 | L15: 0 | M15: 90 | N15: 0 | O15: =SUM(C15:L15,N15) -> 113 | P15: =SUM(C15:N15) -> 203 | R15: 1200-1300 | S15: =SUM(C30:C33) -> 153 | T15: =SUM(D30:D33) -> 107 | U15: =SUM(E30:E33) -> 29 | V15: =SUM(F30:F33) -> 56 | W15: =SUM(G30:G33) -> 0 | X15: =SUM(H30:H33) -> 1 | Y15: =SUM(I30:I33) -> 36 | Z15: =SUM(J30:J33) -> 8 | ... AF15: =SUM(P30:P33) -> 742
B16: 08.30 - 08.45 | C16: 55 | D16: 40 | E16: 5 | F16: 22 | G16: 0 | H16: 1 | I16: 7 | J16: 2 | K16: 1 | L16: 0 | M16: 85 | N16: 0 | O16: =SUM(C16:L16,N16) -> 133 | P16: =SUM(C16:N16) -> 218 | R16: 1300-1400 | S16: =SUM(C34:C37) -> 157 | T16: =SUM(D34:D37) -> 111 | U16: =SUM(E34:E37) -> 20 | V16: =SUM(F34:F37) -> 61 | W16: =SUM(G34:G37) -> 2 | X16: =SUM(H34:H37) -> 0 | Y16: =SUM(I34:I37) -> 135 | Z16: =SUM(J34:J37) -> 12 | ... AF16: =SUM(P34:P37) -> 844
B17: 08.45 - 9.00 | C17: 49 | D17: 45 | E17: 8 | F17: 26 | G17: 2 | H17: 0 | I17: 5 | J17: 0 | K17: 0 | L17: 0 | M17: 108 | N17: 0 | O17: =SUM(C17:L17,N17) -> 135 | P17: =SUM(C17:N17) -> 243 | R17: 1400-1500 | S17: =SUM(C38:C41) -> 176 | T17: =SUM(D38:D41) -> 102 | U17: =SUM(E38:E41) -> 26 | V17: =SUM(F38:F41) -> 69 | W17: =SUM(G38:G41) -> 1 | X17: =SUM(H38:H41) -> 0 | Y17: =SUM(I38:I41) -> 32 | Z17: =SUM(J38:J41) -> 7 | ... AF17: =SUM(P38:P41) -> 717
B18: 09.00 - 09.15 | C18: 52 | D18: 42 | E18: 6 | F18: 33 | G18: 0 | H18: 1 | I18: 5 | J18: 0 | K18: 0 | L18: 0 | M18: 111 | N18: 0 | O18: =SUM(C18:L18,N18) -> 139 | P18: =SUM(C18:N18) -> 250 | R18: 1500-1600 | S18: =SUM(C42:C45) -> 142 | T18: =SUM(D42:D45) -> 89 | U18: =SUM(E42:E45) -> 17 | V18: =SUM(F42:F45) -> 39 | W18: =SUM(G42:G45) -> 2 | X18: =SUM(H42:H45) -> 0 | Y18: =SUM(I42:I45) -> 16 | Z18: =SUM(J42:J45) -> 15 | ... AF18: =SUM(P42:P45) -> 558
B19: 09.15 - 09.30 | C19: 38 | D19: 33 | E19: 6 | F19: 18 | G19: 0 | H19: 1 | I19: 4 | J19: 1 | K19: 0 | L19: 0 | M19: 110 | N19: 0 | O19: =SUM(C19:L19,N19) -> 101 | P19: =SUM(C19:N19) -> 211 | R19: 1600-1700 | S19: =SUM(C46:C49) -> 141 | T19: =SUM(D46:D49) -> 128 | U19: =SUM(E46:E49) -> 35 | V19: =SUM(F46:F49) -> 64 | W19: =SUM(G46:G49) -> 0 | X19: =SUM(H46:H49) -> 0 | Y19: =SUM(I46:I49) -> 27 | Z19: =SUM(J46:J49) -> 4 | ... AF19: =SUM(P46:P49) -> 718
B20: 09.30 - 09.45 | C20: 60 | D20: 40 | E20: 14 | F20: 13 | G20: 1 | H20: 2 | I20: 5 | J20: 1 | K20: 1 | L20: 0 | M20: 100 | N20: 0 | O20: =SUM(C20:L20,N20) -> 137 | P20: =SUM(C20:N20) -> 237 | R20: 1700-1800 | S20: =SUM(C50:C53) -> 148 | T20: =SUM(D50:D53) -> 148 | U20: =SUM(E50:E53) -> 23 | V20: =SUM(F50:F53) -> 44 | W20: =SUM(G50:G53) -> 0 | X20: =SUM(H50:H53) -> 1 | Y20: =SUM(I50:I53) -> 27 | Z20: =SUM(J50:J53) -> 4 | ... AF20: =SUM(P50:P53) -> 613
B21: 09.45 - 10.00 | C21: 53 | D21: 42 | E21: 10 | F21: 15 | G21: 3 | H21: 1 | I21: 6 | J21: 1 | K21: 0 | L21: 0 | M21: 117 | N21: 0 | O21: =SUM(C21:L21,N21) -> 131 | P21: =SUM(C21:N21) -> 248 | R21: 1800-1900 | S21: =SUM(C54:C57) -> 119 | T21: =SUM(D54:D57) -> 156 | U21: =SUM(E54:E57) -> 22 | V21: =SUM(F54:F57) -> 41 | W21: =SUM(G54:G57) -> 3 | X21: =SUM(H54:H57) -> 0 | Y21: =SUM(I54:I57) -> 23 | Z21: =SUM(J54:J57) -> 2 | ... AF21: =SUM(P54:P57) -> 689
B22: 10.00 - 10.15 | C22: 65 | D22: 38 | E22: 1 | F22: 18 | G22: 1 | H22: 0 | I22: 6 | J22: 2 | K22: 0 | L22: 0 | M22: 97 | N22: 0 | O22: =SUM(C22:L22,N22) -> 131 | P22: =SUM(C22:N22) -> 228 | R22: 1900-2000 | S22: =SUM(C58:C61) -> 90 | T22: =SUM(D58:D61) -> 125 | U22: =SUM(E58:E61) -> 20 | V22: =SUM(F58:F61) -> 25 | W22: =SUM(G58:G61) -> 0 | X22: =SUM(H58:H61) -> 1 | Y22: =SUM(I58:I61) -> 11 | Z22: =SUM(J58:J61) -> 9 | ... AF22: =SUM(P58:P61) -> 544
B23: 10.15 - 10.30 | C23: 47 | D23: 40 | E23: 7 | F23: 15 | G23: 1 | H23: 0 | I23: 8 | J23: 3 | K23: 0 | L23: 0 | M23: 100 | N23: 0 | O23: =SUM(C23:L23,N23) -> 121 | P23: =SUM(C23:N23) -> 221 | R23: 2000-2100 | S23: =SUM(C62:C65) -> 92 | T23: =SUM(D62:D65) -> 144 | U23: =SUM(E62:E65) -> 25 | V23: =SUM(F62:F65) -> 37 | W23: =SUM(G62:G65) -> 0 | X23: =SUM(H62:H65) -> 1 | Y23: =SUM(I62:I65) -> 6 | Z23: =SUM(J62:J65) -> 1 | ... AF23: =SUM(P62:P65) -> 620
B24: 10.30 - 10.45 | C24: 45 | D24: 44 | E24: 2 | F24: 21 | G24: 0 | H24: 1 | I24: 11 | J24: 1 | K24: 0 | L24: 0 | M24: 102 | N24: 0 | O24: =SUM(C24:L24,N24) -> 125 | P24: =SUM(C24:N24) -> 227 | R24: 2100-2200 | S24: =SUM(C66:C69) -> 86 | T24: =SUM(D66:D69) -> 126 | U24: =SUM(E66:E69) -> 21 | V24: =SUM(F66:F69) -> 17 | W24: =SUM(G66:G69) -> 0 | X24: =SUM(H66:H69) -> 2 | Y24: =SUM(I66:I69) -> 9 | Z24: =SUM(J66:J69) -> 1 | ... AF24: =SUM(P66:P69) -> 505
B25: 10.45 - 11.00 | C25: 35 | D25: 50 | E25: 8 | F25: 21 | G25: 0 | H25: 0 | I25: 9 | J25: 3 | K25: 0 | L25: 0 | M25: 95 | N25: 0 | O25: =SUM(C25:L25,N25) -> 126 | P25: =SUM(C25:N25) -> 221 | R25: 2200-2300 | S25: =SUM(C70:C73) -> 63 | T25: =SUM(D70:D73) -> 112 | U25: =SUM(E70:E73) -> 18 | V25: =SUM(F70:F73) -> 9 | W25: =SUM(G70:G73) -> 0 | X25: =SUM(H70:H73) -> 0 | Y25: =SUM(I70:I73) -> 4 | Z25: =SUM(J70:J73) -> 4 | ... AF25: =SUM(P70:P73) -> 417
B26: 11.00 - 11.15 | C26: 56 | D26: 37 | E26: 7 | F26: 10 | G26: 0 | H26: 0 | I26: 11 | J26: 1 | K26: 0 | L26: 1 | M26: 117 | N26: 0 | O26: =SUM(C26:L26,N26) -> 123 | P26: =SUM(C26:N26) -> 240 | R26: 2300-0000 | S26: =SUM(C74:C77) -> 75 | T26: =SUM(D74:D77) -> 110 | U26: =SUM(E74:E77) -> 15 | V26: =SUM(F74:F77) -> 6 | W26: =SUM(G74:G77) -> 0 | X26: =SUM(H74:H77) -> 1 | Y26: =SUM(I74:I77) -> 6 | Z26: =SUM(J74:J77) -> 2 | ... AF26: =SUM(P74:P77) -> 355
B27: 11.15 - 11.30 | C27: 37 | D27: 32 | E27: 11 | F27: 13 | G27: 0 | H27: 0 | I27: 5 | J27: 1 | K27: 0 | L27: 0 | M27: 105 | N27: 0 | O27: =SUM(C27:L27,N27) -> 99 | P27: =SUM(C27:N27) -> 204 | R27: 0000-0100 | S27: =SUM(C78:C81) -> 42 | T27: =SUM(D78:D81) -> 42 | U27: =SUM(E78:E81) -> 4 | V27: =SUM(F78:F81) -> 6 | W27: =SUM(G78:G81) -> 0 | X27: =SUM(H78:H81) -> 0 | Y27: =SUM(I78:I81) -> 4 | Z27: =SUM(J78:J81) -> 0 | ... AF27: =SUM(P78:P81) -> 192
B28: 11.30 - 11.45 | C28: 55 | D28: 31 | E28: 5 | F28: 19 | G28: 0 | H28: 0 | I28: 7 | J28: 1 | K28: 0 | L28: 0 | M28: 112 | N28: 0 | O28: =SUM(C28:L28,N28) -> 118 | P28: =SUM(C28:N28) -> 230 | R28: 0100-0200 | S28: =SUM(C82:C85) -> 25 | T28: =SUM(D82:D85) -> 9 | U28: =SUM(E82:E85) -> 3 | V28: =SUM(F82:F85) -> 3 | W28: =SUM(G82:G85) -> 2 | X28: =SUM(H82:H85) -> 0 | Y28: =SUM(I82:I85) -> 1 | Z28: =SUM(J82:J85) -> 1 | ... AF28: =SUM(P82:P85) -> 85
B29: 11.45 - 12.00 | C29: 38 | D29: 25 | E29: 4 | F29: 21 | G29: 0 | H29: 0 | I29: 17 | J29: 0 | K29: 0 | L29: 0 | M29: 79 | N29: 0 | O29: =SUM(C29:L29,N29) -> 105 | P29: =SUM(C29:N29) -> 184 | R29: 0200-0300 | S29: =SUM(C86:C89) -> 26 | T29: =SUM(D86:D89) -> 1 | U29: =SUM(E86:E89) -> 2 | V29: =SUM(F86:F89) -> 2 | W29: =SUM(G86:G89) -> 0 | X29: =SUM(H86:H89) -> 0 | Y29: =SUM(I86:I89) -> 2 | Z29: =SUM(J86:J89) -> 3 | ... AF29: =SUM(P86:P89) -> 79
B30: 12.00 - 12.15 | C30: 45 | D30: 26 | E30: 8 | F30: 5 | G30: 0 | H30: 1 | I30: 8 | J30: 1 | K30: 4 | L30: 0 | M30: 85 | N30: 0 | O30: =SUM(C30:L30,N30) -> 98 | P30: =SUM(C30:N30) -> 183 | R30: 0300-0400 | S30: =SUM(C90:C93) -> 18 | T30: =SUM(D90:D93) -> 12 | U30: =SUM(E90:E93) -> 3 | V30: =SUM(F90:F93) -> 0 | W30: =SUM(G90:G93) -> 0 | X30: =SUM(H90:H93) -> 0 | Y30: =SUM(I90:I93) -> 0 | Z30: =SUM(J90:J93) -> 1 | ... AF30: =SUM(P90:P93) -> 64
B31: 12.15 - 12.30 | C31: 38 | D31: 28 | E31: 11 | F31: 21 | G31: 0 | H31: 0 | I31: 13 | J31: 4 | K31: 0 | L31: 0 | M31: 98 | N31: 0 | O31: =SUM(C31:L31,N31) -> 115 | P31: =SUM(C31:N31) -> 213 | R31: 0400-0500 | S31: =SUM(C94:C97) -> 11 | T31: =SUM(D94:D97) -> 15 | U31: =SUM(E94:E97) -> 1 | V31: =SUM(F94:F97) -> 2 | W31: =SUM(G94:G97) -> 0 | X31: =SUM(H94:H97) -> 0 | Y31: =SUM(I94:I97) -> 2 | Z31: =SUM(J94:J97) -> 0 | ... AF31: =SUM(P94:P97) -> 85
B32: 12.30 - 12.45 | C32: 31 | D32: 20 | E32: 4 | F32: 12 | G32: 0 | H32: 0 | I32: 9 | J32: 1 | K32: 0 | L32: 2 | M32: 65 | N32: 0 | O32: =SUM(C32:L32,N32) -> 79 | P32: =SUM(C32:N32) -> 144 | R32: 0500-0600 | S32: =SUM(C98:C101) -> 10 | T32: =SUM(D98:D101) -> 14 | U32: =SUM(E98:E101) -> 3 | V32: =SUM(F98:F101) -> 6 | W32: =SUM(G98:G101) -> 0 | X32: =SUM(H98:H101) -> 0 | Y32: =SUM(I98:I101) -> 0 | Z32: =SUM(J98:J101) -> 1 | ... AF32: =SUM(P98:P101) -> 61
B33: 12.45 - 13.00 | C33: 39 | D33: 33 | E33: 6 | F33: 18 | G33: 0 | H33: 0 | I33: 6 | J33: 2 | K33: 0 | L33: 0 | M33: 98 | N33: 0 | O33: =SUM(C33:L33,N33) -> 104 | P33: =SUM(C33:N33) -> 202 | R33: 0600-0700 | S33: =SUM(C102:C105) -> 19 | T33: =SUM(D102:D105) -> 36 | U33: =SUM(E102:E105) -> 11 | V33: =SUM(F102:F105) -> 34 | W33: =SUM(G102:G105) -> 0 | X33: =SUM(H102:H105) -> 1 | Y33: =SUM(I102:I105) -> 5 | Z33: =SUM(J102:J105) -> 4 | ... AF33: =SUM(P102:P105) -> 197
B34: 13.00 - 13.15 | C34: 49 | D34: 32 | E34: 5 | F34: 13 | G34: 1 | H34: 0 | I34: 11 | J34: 2 | K34: 0 | L34: 1 | M34: 95 | N34: 0 | O34: =SUM(C34:L34,N34) -> 114 | P34: =SUM(C34:N34) -> 209 | R34: AM Peak Hr | S34: =MAX(S10:S12) -> 203 | T34: =MAX(T10:T12) -> 157 | U34: =MAX(U10:U12) -> 36 | V34: =MAX(V10:V12) -> 102 | W34: =MAX(W10:W12) -> 4 | X34: =MAX(X10:X12) -> 5 | Y34: =MAX(Y10:Y12) -> 29 | Z34: =MAX(Z10:Z12) -> 3 | ... AF34: =MAX(AF10:AF12) -> 946
B35: 13.15 - 13.30 | C35: 40 | D35: 28 | E35: 4 | F35: 10 | G35: 0 | H35: 0 | I35: 5 | J35: 3 | K35: 0 | L35: 0 | M35: 64 | N35: 0 | O35: =SUM(C35:L35,N35) -> 90 | P35: =SUM(C35:N35) -> 154 | R35: IP Peak Hr | S35: =MAX(S13:S18) -> 192 | T35: =MAX(T13:T18) -> 172 | U35: =MAX(U13:U18) -> 29 | V35: =MAX(V13:V18) -> 75 | W35: =MAX(W13:W18) -> 2 | X35: =MAX(X13:X18) -> 1 | Y35: =MAX(Y13:Y18) -> 135 | Z35: =MAX(Z13:Z18) -> 15 | ... AF35: =MAX(AF13:AF18) -> 897
B36: 13.30 - 13.45 | C36: 38 | D36: 22 | E36: 5 | F36: 21 | G36: 1 | H36: 0 | I36: 111 | J36: 5 | K36: 0 | L36: 0 | M36: 95 | N36: 0 | O36: =SUM(C36:L36,N36) -> 203 | P36: =SUM(C36:N36) -> 298 | R36: PM Peak Hr | S36: =MAX(S19:S21) -> 148 | T36: =MAX(T19:T21) -> 156 | U36: =MAX(U19:U21) -> 35 | V36: =MAX(V19:V21) -> 64 | W36: =MAX(W19:W21) -> 3 | X36: =MAX(X19:X21) -> 1 | Y36: =MAX(Y19:Y21) -> 27 | Z36: =MAX(Z19:Z21) -> 4 | ... AF36: =MAX(AF19:AF21) -> 718
B37: 13.45 - 14.00 | C37: 30 | D37: 29 | E37: 6 | F37: 17 | G37: 0 | H37: 0 | I37: 8 | J37: 2 | K37: 0 | L37: 1 | M37: 90 | N37: 0 | O37: =SUM(C37:L37,N37) -> 93 | P37: =SUM(C37:N37) -> 183 | R37: AM Period | S37: =SUM(S10:S12) -> 543 | T37: =SUM(T10:T12) -> 398 | U37: =SUM(U10:U12) -> 83 | V37: =SUM(V10:V12) -> 251 | W37: =SUM(W10:W12) -> 6 | X37: =SUM(X10:X12) -> 7 | Y37: =SUM(Y10:Y12) -> 66 | Z37: =SUM(Z10:Z12) -> 8 | ... AF37: =SUM(AF10:AF12) -> 2472
B38: 14.00 - 14.15 | C38: 57 | D38: 30 | E38: 6 | F38: 20 | G38: 0 | H38: 0 | I38: 12 | J38: 2 | K38: 1 | L38: 0 | M38: 70 | N38: 0 | O38: =SUM(C38:L38,N38) -> 128 | P38: =SUM(C38:N38) -> 198 | R38: IP Period | S38: =SUM(S13:S18) -> 1006 | T38: =SUM(T13:T18) -> 706 | U38: =SUM(U13:U18) -> 137 | V38: =SUM(V13:V18) -> 363 | W38: =SUM(W13:W18) -> 7 | X38: =SUM(X13:X18) -> 2 | Y38: =SUM(Y13:Y18) -> 293 | Z38: =SUM(Z13:Z18) -> 54 | ... AF38: =SUM(AF13:AF18) -> 4616
B39: 14.15 - 14.30 | C39: 41 | D39: 22 | E39: 5 | F39: 10 | G39: 1 | H39: 0 | I39: 8 | J39: 0 | K39: 0 | L39: 0 | M39: 80 | N39: 0 | O39: =SUM(C39:L39,N39) -> 87 | P39: =SUM(C39:N39) -> 167 | R39: PM Period | S39: =SUM(S19:S21) -> 408 | T39: =SUM(T19:T21) -> 432 | U39: =SUM(U19:U21) -> 80 | V39: =SUM(V19:V21) -> 149 | W39: =SUM(W19:W21) -> 3 | X39: =SUM(X19:X21) -> 1 | Y39: =SUM(Y19:Y21) -> 77 | Z39: =SUM(Z19:Z21) -> 10 | ... AF39: =SUM(AF19:AF21) -> 2020
B40: 14.30 - 14.45 | C40: 40 | D40: 28 | E40: 5 | F40: 20 | G40: 0 | H40: 0 | I40: 2 | J40: 3 | K40: 1 | L40: 0 | M40: 77 | N40: 0 | O40: =SUM(C40:L40,N40) -> 99 | P40: =SUM(C40:N40) -> 176 | R40: 12 Hours | S40: =SUM(S10:S21) -> 1957 | T40: =SUM(T10:T21) -> 1536 | U40: =SUM(U10:U21) -> 300 | V40: =SUM(V10:V21) -> 763 | W40: =SUM(W10:W21) -> 16 | X40: =SUM(X10:X21) -> 10 | Y40: =SUM(Y10:Y21) -> 436 | Z40: =SUM(Z10:Z21) -> 72 | ... AF40: =SUM(AF10:AF21) -> 9108
B41: 14.45 - 15.00 | C41: 38 | D41: 22 | E41: 10 | F41: 19 | G41: 0 | H41: 0 | I41: 10 | J41: 2 | K41: 0 | L41: 2 | M41: 73 | N41: 0 | O41: =SUM(C41:L41,N41) -> 103 | P41: =SUM(C41:N41) -> 176 | R41: 24 Hrs/ADT | S41: =SUM(S10:S33) -> 2514 | T41: =SUM(T10:T33) -> 2282 | U41: =SUM(U10:U33) -> 426 | V41: =SUM(V10:V33) -> 910 | W41: =SUM(W10:W33) -> 18 | X41: =SUM(X10:X33) -> 16 | Y41: =SUM(Y10:Y33) -> 486 | Z41: =SUM(Z10:Z33) -> 99 | ... AF41: =SUM(AF10:AF33) -> 12312
B42: 15.00 - 15.15 | C42: 40 | D42: 27 | E42: 4 | F42: 19 | G42: 2 | H42: 0 | I42: 7 | J42: 2 | K42: 0 | L42: 0 | M42: 92 | N42: 0 | O42: =SUM(C42:L42,N42) -> 101 | P42: =SUM(C42:N42) -> 193 | R42: NEF | S42: =S41/S40 -> 1.2846193 | T42: =T41/T40 -> 1.4856771 | U42: =U41/U40 -> 1.42 | V42: =V41/V40 -> 1.1926606 | W42: =W41/W40 -> 1.125 | X42: =X41/X40 -> 1.6 | Y42: =Y41/Y40 -> 1.1146789 | Z42: =Z41/Z40 -> 1.375 | ... AF42: =AF41/AF40 -> 1.3517787
B43: 15.15 - 15.30 | C43: 31 | D43: 16 | E43: 4 | F43: 5 | G43: 0 | H43: 0 | I43: 5 | J43: 3 | K43: 0 | L43: 1 | M43: 49 | N43: 0 | O43: =SUM(C43:L43,N43) -> 65 | P43: =SUM(C43:N43) -> 114
B44: 15.30 - 15.45 | C44: 35 | D44: 12 | E44: 3 | F44: 7 | G44: 0 | H44: 0 | I44: 1 | J44: 3 | K44: 0 | L44: 0 | M44: 51 | N44: 0 | O44: =SUM(C44:L44,N44) -> 61 | P44: =SUM(C44:N44) -> 112
B45: 15.45 - 16.00 | C45: 36 | D45: 34 | E45: 6 | F45: 8 | G45: 0 | H45: 0 | I45: 3 | J45: 7 | K45: 0 | L45: 0 | M45: 45 | N45: 0 | O45: =SUM(C45:L45,N45) -> 94 | P45: =SUM(C45:N45) -> 139
B46: 16.00 - 16.15 | C46: 29 | D46: 21 | E46: 9 | F46: 12 | G46: 0 | H46: 0 | I46: 10 | J46: 0 | K46: 0 | L46: 0 | M46: 67 | N46: 0 | O46: =SUM(C46:L46,N46) -> 81 | P46: =SUM(C46:N46) -> 148
B47: 16.15 -16.30 | C47: 34 | D47: 40 | E47: 10 | F47: 16 | G47: 0 | H47: 0 | I47: 7 | J47: 2 | K47: 0 | L47: 1 | M47: 76 | N47: 0 | O47: =SUM(C47:L47,N47) -> 110 | P47: =SUM(C47:N47) -> 186
B48: 16.30 -16.45 | C48: 23 | D48: 27 | E48: 9 | F48: 16 | G48: 0 | H48: 0 | I48: 6 | J48: 1 | K48: 0 | L48: 0 | M48: 84 | N48: 0 | O48: =SUM(C48:L48,N48) -> 82 | P48: =SUM(C48:N48) -> 166
B49: 16.45 -17.00 | C49: 55 | D49: 40 | E49: 7 | F49: 20 | G49: 0 | H49: 0 | I49: 4 | J49: 1 | K49: 1 | L49: 0 | M49: 90 | N49: 0 | O49: =SUM(C49:L49,N49) -> 128 | P49: =SUM(C49:N49) -> 218
B50: 17.00 -17.15 | C50: 40 | D50: 30 | E50: 5 | F50: 13 | G50: 0 | H50: 0 | I50: 6 | J50: 0 | K50: 0 | L50: 1 | M50: 55 | N50: 0 | O50: =SUM(C50:L50,N50) -> 95 | P50: =SUM(C50:N50) -> 150
B51: 17.15 -17.30 | C51: 50 | D51: 32 | E51: 4 | F51: 11 | G51: 0 | H51: 1 | I51: 10 | J51: 0 | K51: 0 | L51: 0 | M51: 59 | N51: 0 | O51: =SUM(C51:L51,N51) -> 108 | P51: =SUM(C51:N51) -> 167
B52: 17.30 -17.45 | C52: 28 | D52: 40 | E52: 8 | F52: 10 | G52: 0 | H52: 0 | I52: 8 | J52: 1 | K52: 0 | L52: 2 | M52: 49 | N52: 0 | O52: =SUM(C52:L52,N52) -> 97 | P52: =SUM(C52:N52) -> 146
B53: 17.45 -18.00 | C53: 30 | D53: 46 | E53: 6 | F53: 10 | G53: 0 | H53: 0 | I53: 3 | J53: 3 | K53: 0 | L53: 1 | M53: 51 | N53: 0 | O53: =SUM(C53:L53,N53) -> 99 | P53: =SUM(C53:N53) -> 150
B54: 18.00 - 18.15 | C54: 35 | D54: 47 | E54: 5 | F54: 12 | G54: 1 | H54: 0 | I54: 5 | J54: 1 | K54: 0 | L54: 0 | M54: 91 | N54: 0 | O54: =SUM(C54:L54,N54) -> 106 | P54: =SUM(C54:N54) -> 197
... B105: 06.45 - 07.00 | C105: 5 | D105: 8 | E105: 3 | F105: 10 | G105: 0 | H105: 0 | I105: 3 | J105: 1 | K105: 0 | L105: 0 | M105: 29 | N105: 0 | O105: =SUM(C105:L105,N105) -> 30 | P105: =SUM(C105:N105) -> 59
B106: Totals | C106: =SUM(C10:C105) -> 2514 | D106: =SUM(D10:D105) -> 2282 | E106: =SUM(E10:E105) -> 426 | F106: =SUM(F10:F105) -> 910 | G106: =SUM(G10:G105) -> 18 | H106: =SUM(H10:H105) -> 16 | I106: =SUM(I10:I105) -> 486 | J106: =SUM(J10:J105) -> 99 | ... P106: =SUM(P10:P105) -> 12312
B107: %ges + MCs | C107: =C106/$P$106 -> 0.20419103 | D107: =D106/$P$106 -> 0.18534763 | E107: =E106/$P$106 -> 0.03460039 | F107: =F106/$P$106 -> 0.073911631 | G107: =G106/$P$106 -> 0.0014619883 | H107: =H106/$P$106 -> 0.0012995452 | I107: =I106/$P$106 -> 0.039473684 | J107: =J106/$P$106 -> 0.0080409357 | ... N107: =N106/$P$106 -> 0
B108: %ges w/o MCs | C108: =C106/$O$106 -> 0.37052321 | D108: =D106/$O$106 -> 0.33633014 | E108: =E106/$O$106 -> 0.062785556 | F108: =F106/$O$106 -> 0.13411938 | G108: =G106/$O$106 -> 0.0026529108 | H108: =H106/$O$106 -> 0.002358143 | I108: =I106/$O$106 -> 0.071628592 | J108: =J106/$O$106 -> 0.01459101 | ... L108: =L106/$O$106 -> 0.002210759 | N108: =N106/$O$106 -> 0

Sheet 28.09 KYALIWAJALA-KIRA-24h
B1: Consultancy services for Preparation of Expressway Development Master Plan (EDMP) for Uganda
B2: MANUAL CLASSIFIED COUNT (MCC)
B3: ROAD NAME: | C3: MCC-C2-STN-72 Kira kyaliwajala
C5: Date | D5: 28.09.19 | F5: Location | G5: Kira poolice station | J5: Surveyor | K5: isaac
C6: Dir. From | D6: Kyakiwajala | F6: Dir. To | G6: Kira | J6: Supervisor | K6: Tracy
B8: Time / Veh Type | R8: SUMMARY TRAFFIC VOLUMES
C9: 1. Car | D9: 2. Station Wagon | E9: 3. Pickups | F9: 4. Minibus, matatu | G9: 5. Medium bus | H9: 6. Large Bus | I9: 7. Light Truck | J9: 8. Medium Truck | K9: 9. Heavy truck | L9: 10. Truck Trailer | M9: 11. Motor cycles | N9: 12. Tractors | O9: Total Excl M/Cycles | P9: Total All | R9: Time | S9: 1. Car | T9: 2. Station Wagon | U9: 3. Pickups | V9: 4. Minibus, matatu | W9: 5. Medium bus | X9: 6. Large Bus | Y9: 7. Light Truck | Z9: 8. Medium Truck | AA9: 9. Heavy truck | AB9: 10. Truck Trailer | AC9: 11. Motorcycles | AD9: 12. Tractors, Graders | AE9: Total Excl M/ Cycles | AF9: Total All
B10: 07.00 - 07.15 | C10: 9 | D10: 6 | E10: 2 | F10: 5 | G10: 0 | H10: 1 | I10: 1 | J10: 3 | K10: 1 | L10: 0 | M10: 54 | N10: 0 | O10: =SUM(C10:L10,N10) -> 28 | P10: =SUM(C10:N10) -> 82 | R10: 0700-0800 | S10: =SUM(C10:C13) -> 69 | T10: =SUM(D10:D13) -> 25 | U10: =SUM(E10:E13) -> 6 | V10: =SUM(F10:F13) -> 15 | W10: =SUM(G10:G13) -> 0 | X10: =SUM(H10:H13) -> 1 | Y10: =SUM(I10:I13) -> 15 | Z10: =SUM(J10:J13) -> 4 | ... AF10: =SUM(P10:P13) -> 387
B11: 07.15 - 07.30 | C11: 13 | D11: 9 | E11: 0 | F11: 6 | G11: 0 | H11: 0 | I11: 3 | J11: 0 | K11: 0 | L11: 0 | M11: 50 | N11: 0 | O11: =SUM(C11:L11,N11) -> 31 | P11: =SUM(C11:N11) -> 81 | R11: 0800-0900 | S11: =SUM(C14:C17) -> 168 | T11: =SUM(D14:D17) -> 21 | U11: =SUM(E14:E17) -> 24 | V11: =SUM(F14:F17) -> 25 | W11: =SUM(G14:G17) -> 1 | X11: =SUM(H14:H17) -> 0 | Y11: =SUM(I14:I17) -> 17 | Z11: =SUM(J14:J17) -> 6 | ... AF11: =SUM(P14:P17) -> 551
B12: 07.30 - 07.45 | C12: 18 | D12: 6 | E12: 1 | F12: 1 | G12: 0 | H12: 0 | I12: 4 | J12: 0 | K12: 0 | L12: 0 | M12: 60 | N12: 0 | O12: =SUM(C12:L12,N12) -> 30 | P12: =SUM(C12:N12) -> 90 | R12: 0900-1000 | S12: =SUM(C18:C21) -> 171 | T12: =SUM(D18:D21) -> 31 | U12: =SUM(E18:E21) -> 35 | V12: =SUM(F18:F21) -> 24 | W12: =SUM(G18:G21) -> 1 | X12: =SUM(H18:H21) -> 3 | Y12: =SUM(I18:I21) -> 22 | Z12: =SUM(J18:J21) -> 1 | ... AF12: =SUM(P18:P21) -> 592
B13: 07.45 - 08.00 | C13: 29 | D13: 4 | E13: 3 | F13: 3 | G13: 0 | H13: 0 | I13: 7 | J13: 1 | K13: 0 | L13: 0 | M13: 87 | N13: 0 | O13: =SUM(C13:L13,N13) -> 47 | P13: =SUM(C13:N13) -> 134 | R13: 1000-1100 | S13: =SUM(C22:C25) -> 222 | T13: =SUM(D22:D25) -> 32 | U13: =SUM(E22:E25) -> 35 | V13: =SUM(F22:F25) -> 17 | W13: =SUM(G22:G25) -> 1 | X13: =SUM(H22:H25) -> 0 | Y13: =SUM(I22:I25) -> 24 | Z13: =SUM(J22:J25) -> 10 | ... AF13: =SUM(P22:P25) -> 641
B14: 08.00 - 08.15 | C14: 41 | D14: 4 | E14: 9 | F14: 11 | G14: 0 | H14: 0 | I14: 6 | J14: 3 | K14: 0 | L14: 0 | M14: 72 | N14: 0 | O14: =SUM(C14:L14,N14) -> 74 | P14: =SUM(C14:N14) -> 146 | R14: 1100-1200 | S14: =SUM(C26:C29) -> 209 | T14: =SUM(D26:D29) -> 29 | U14: =SUM(E26:E29) -> 34 | V14: =SUM(F26:F29) -> 20 | W14: =SUM(G26:G29) -> 0 | X14: =SUM(H26:H29) -> 0 | Y14: =SUM(I26:I29) -> 17 | Z14: =SUM(J26:J29) -> 9 | ... AF14: =SUM(P26:P29) -> 607
B15: 08.15 - 08.30 | C15: 39 | D15: 8 | E15: 4 | F15: 4 | G15: 1 | H15: 0 | I15: 6 | J15: 1 | K15: 0 | L15: 0 | M15: 66 | N15: 0 | O15: =SUM(C15:L15,N15) -> 63 | P15: =SUM(C15:N15) -> 129 | R15: 1200-1300 | S15: =SUM(C30:C33) -> 224 | T15: =SUM(D30:D33) -> 33 | U15: =SUM(E30:E33) -> 23 | V15: =SUM(F30:F33) -> 15 | W15: =SUM(G30:G33) -> 2 | X15: =SUM(H30:H33) -> 0 | Y15: =SUM(I30:I33) -> 28 | Z15: =SUM(J30:J33) -> 8 | ... AF15: =SUM(P30:P33) -> 649
B16: 08.30 - 08.45 | C16: 46 | D16: 8 | E16: 4 | F16: 5 | G16: 0 | H16: 0 | I16: 2 | J16: 2 | K16: 0 | L16: 0 | M16: 74 | N16: 0 | O16: =SUM(C16:L16,N16) -> 67 | P16: =SUM(C16:N16) -> 141 | R16: 1300-1400 | S16: =SUM(C34:C37) -> 209 | T16: =SUM(D34:D37) -> 26 | U16: =SUM(E34:E37) -> 25 | V16: =SUM(F34:F37) -> 15 | W16: =SUM(G34:G37) -> 2 | X16: =SUM(H34:H37) -> 0 | Y16: =SUM(I34:I37) -> 28 | Z16: =SUM(J34:J37) -> 6 | ... AF16: =SUM(P34:P37) -> 599
B17: 08.45 - 9.00 | C17: 42 | D17: 1 | E17: 7 | F17: 5 | G17: 0 | H17: 0 | I17: 3 | J17: 0 | K17: 0 | L17: 0 | M17: 77 | N17: 0 | O17: =SUM(C17:L17,N17) -> 58 | P17: =SUM(C17:N17) -> 135 | R17: 1400-1500 | S17: =SUM(C38:C41) -> 199 | T17: =SUM(D38:D41) -> 24 | U17: =SUM(E38:E41) -> 29 | V17: =SUM(F38:F41) -> 17 | W17: =SUM(G38:G41) -> 2 | X17: =SUM(H38:H41) -> 0 | Y17: =SUM(I38:I41) -> 24 | Z17: =SUM(J38:J41) -> 17 | ... AF17: =SUM(P38:P41) -> 582
B18: 09.00 - 09.15 | C18: 31 | D18: 7 | E18: 9 | F18: 10 | G18: 0 | H18: 1 | I18: 3 | J18: 0 | K18: 1 | L18: 0 | M18: 75 | N18: 0 | O18: =SUM(C18:L18,N18) -> 62 | P18: =SUM(C18:N18) -> 137 | R18: 1500-1600 | S18: =SUM(C42:C45) -> 239 | T18: =SUM(D42:D45) -> 35 | U18: =SUM(E42:E45) -> 28 | V18: =SUM(F42:F45) -> 16 | W18: =SUM(G42:G45) -> 0 | X18: =SUM(H42:H45) -> 0 | Y18: =SUM(I42:I45) -> 13 | Z18: =SUM(J42:J45) -> 9 | ... AF18: =SUM(P42:P45) -> 599
B19: 09.15 - 09.30 | C19: 55 | D19: 11 | E19: 9 | F19: 4 | G19: 1 | H19: 0 | I19: 7 | J19: 1 | K19: 1 | L19: 0 | M19: 88 | N19: 0 | O19: =SUM(C19:L19,N19) -> 89 | P19: =SUM(C19:N19) -> 177 | R19: 1600-1700 | S19: =SUM(C46:C49) -> 172 | T19: =SUM(D46:D49) -> 47 | U19: =SUM(E46:E49) -> 29 | V19: =SUM(F46:F49) -> 18 | W19: =SUM(G46:G49) -> 2 | X19: =SUM(H46:H49) -> 0 | Y19: =SUM(I46:I49) -> 11 | Z19: =SUM(J46:J49) -> 9 | ... AF19: =SUM(P46:P49) -> 482
B20: 09.30 - 09.45 | C20: 41 | D20: 8 | E20: 10 | F20: 3 | G20: 0 | H20: 0 | I20: 5 | J20: 0 | K20: 0 | L20: 0 | M20: 65 | N20: 0 | O20: =SUM(C20:L20,N20) -> 67 | P20: =SUM(C20:N20) -> 132 | R20: 1700-1800 | S20: =SUM(C50:C53) -> 174 | T20: =SUM(D50:D53) -> 32 | U20: =SUM(E50:E53) -> 19 | V20: =SUM(F50:F53) -> 18 | W20: =SUM(G50:G53) -> 0 | X20: =SUM(H50:H53) -> 0 | Y20: =SUM(I50:I53) -> 22 | Z20: =SUM(J50:J53) -> 5 | ... AF20: =SUM(P50:P53) -> 389
B21: 09.45 - 10.00 | C21: 44 | D21: 5 | E21: 7 | F21: 7 | G21: 0 | H21: 2 | I21: 7 | J21: 0 | K21: 1 | L21: 0 | M21: 73 | N21: 0 | O21: =SUM(C21:L21,N21) -> 73 | P21: =SUM(C21:N21) -> 146 | R21: 1800-1900 | S21: =SUM(C54:C57) -> 253 | T21: =SUM(D54:D57) -> 26 | U21: =SUM(E54:E57) -> 25 | V21: =SUM(F54:F57) -> 23 | W21: =SUM(G54:G57) -> 2 | X21: =SUM(H54:H57) -> 3 | Y21: =SUM(I54:I57) -> 12 | Z21: =SUM(J54:J57) -> 8 | ... AF21: =SUM(P54:P57) -> 585
B22: 10.00 - 10.15 | C22: 57 | D22: 3 | E22: 10 | F22: 6 | G22: 0 | H22: 0 | I22: 7 | J22: 2 | K22: 0 | L22: 0 | M22: 65 | N22: 0 | O22: =SUM(C22:L22,N22) -> 85 | P22: =SUM(C22:N22) -> 150 | R22: 1900-2000 | S22: =SUM(C58:C61) -> 230 | T22: =SUM(D58:D61) -> 18 | U22: =SUM(E58:E61) -> 15 | V22: =SUM(F58:F61) -> 19 | W22: =SUM(G58:G61) -> 1 | X22: =SUM(H58:H61) -> 0 | Y22: =SUM(I58:I61) -> 10 | Z22: =SUM(J58:J61) -> 6 | ... AF22: =SUM(P58:P61) -> 571
B23: 10.15 - 10.30 | C23: 43 | D23: 10 | E23: 6 | F23: 2 | G23: 0 | H23: 0 | I23: 0 | J23: 0 | K23: 0 | L23: 1 | M23: 70 | N23: 0 | O23: =SUM(C23:L23,N23) -> 62 | P23: =SUM(C23:N23) -> 132 | R23: 2000-2100 | S23: =SUM(C62:C65) -> 260 | T23: =SUM(D62:D65) -> 21 | U23: =SUM(E62:E65) -> 13 | V23: =SUM(F62:F65) -> 20 | W23: =SUM(G62:G65) -> 2 | X23: =SUM(H62:H65) -> 3 | Y23: =SUM(I62:I65) -> 9 | Z23: =SUM(J62:J65) -> 6 | ... AF23: =SUM(P62:P65) -> 603
B24: 10.30 - 10.45 | C24: 65 | D24: 13 | E24: 10 | F24: 6 | G24: 0 | H24: 0 | I24: 10 | J24: 5 | K24: 0 | L24: 1 | M24: 80 | N24: 0 | O24: =SUM(C24:L24,N24) -> 110 | P24: =SUM(C24:N24) -> 190 | R24: 2100-2200 | S24: =SUM(C66:C69) -> 204 | T24: =SUM(D66:D69) -> 26 | U24: =SUM(E66:E69) -> 23 | V24: =SUM(F66:F69) -> 27 | W24: =SUM(G66:G69) -> 2 | X24: =SUM(H66:H69) -> 1 | Y24: =SUM(I66:I69) -> 2 | Z24: =SUM(J66:J69) -> 4 | ... AF24: =SUM(P66:P69) -> 458
B25: 10.45 - 11.00 | C25: 57 | D25: 6 | E25: 9 | F25: 3 | G25: 1 | H25: 0 | I25: 7 | J25: 3 | K25: 1 | L25: 0 | M25: 82 | N25: 0 | O25: =SUM(C25:L25,N25) -> 87 | P25: =SUM(C25:N25) -> 169 | R25: 2200-2300 | S25: =SUM(C70:C73) -> 274 | T25: =SUM(D70:D73) -> 24 | U25: =SUM(E70:E73) -> 14 | V25: =SUM(F70:F73) -> 23 | W25: =SUM(G70:G73) -> 0 | X25: =SUM(H70:H73) -> 0 | Y25: =SUM(I70:I73) -> 5 | Z25: =SUM(J70:J73) -> 0 | ... AF25: =SUM(P70:P73) -> 547
B26: 11.00 - 11.15 | C26: 43 | D26: 8 | E26: 6 | F26: 3 | G26: 0 | H26: 0 | I26: 3 | J26: 2 | K26: 0 | L26: 0 | M26: 78 | N26: 0 | O26: =SUM(C26:L26,N26) -> 65 | P26: =SUM(C26:N26) -> 143 | R26: 2300-0000 | S26: =SUM(C74:C77) -> 194 | T26: =SUM(D74:D77) -> 24 | U26: =SUM(E74:E77) -> 6 | V26: =SUM(F74:F77) -> 13 | W26: =SUM(G74:G77) -> 1 | X26: =SUM(H74:H77) -> 0 | Y26: =SUM(I74:I77) -> 4 | Z26: =SUM(J74:J77) -> 0 | ... AF26: =SUM(P74:P77) -> 382
B27: 11.15 - 11.30 | C27: 47 | D27: 6 | E27: 10 | F27: 5 | G27: 0 | H27: 0 | I27: 1 | J27: 1 | K27: 2 | L27: 2 | M27: 66 | N27: 0 | O27: =SUM(C27:L27,N27) -> 74 | P27: =SUM(C27:N27) -> 140 | R27: 0000-0100 | S27: =SUM(C78:C81) -> 130 | T27: =SUM(D78:D81) -> 13 | U27: =SUM(E78:E81) -> 12 | V27: =SUM(F78:F81) -> 12 | W27: =SUM(G78:G81) -> 0 | X27: =SUM(H78:H81) -> 0 | Y27: =SUM(I78:I81) -> 5 | Z27: =SUM(J78:J81) -> 2 | ... AF27: =SUM(P78:P81) -> 255
B28: 11.30 - 11.45 | C28: 60 | D28: 12 | E28: 6 | F28: 7 | G28: 0 | H28: 0 | I28: 8 | J28: 3 | K28: 1 | L28: 1 | M28: 70 | N28: 0 | O28: =SUM(C28:L28,N28) -> 98 | P28: =SUM(C28:N28) -> 168 | R28: 0100-0200 | S28: =SUM(C82:C85) -> 108 | T28: =SUM(D82:D85) -> 8 | U28: =SUM(E82:E85) -> 15 | V28: =SUM(F82:F85) -> 2 | W28: =SUM(G82:G85) -> 0 | X28: =SUM(H82:H85) -> 0 | Y28: =SUM(I82:I85) -> 0 | Z28: =SUM(J82:J85) -> 4 | ... AF28: =SUM(P82:P85) -> 224
B29: 11.45 - 12.00 | C29: 59 | D29: 3 | E29: 12 | F29: 5 | G29: 0 | H29: 0 | I29: 5 | J29: 3 | K29: 2 | L29: 0 | M29: 66 | N29: 1 | O29: =SUM(C29:L29,N29) -> 90 | P29: =SUM(C29:N29) -> 156 | R29: 0200-0300 | S29: =SUM(C86:C89) -> 63 | T29: =SUM(D86:D89) -> 11 | U29: =SUM(E86:E89) -> 5 | V29: =SUM(F86:F89) -> 2 | W29: =SUM(G86:G89) -> 0 | X29: =SUM(H86:H89) -> 0 | Y29: =SUM(I86:I89) -> 3 | Z29: =SUM(J86:J89) -> 6 | ... AF29: =SUM(P86:P89) -> 149
B30: 12.00 - 12.15 | C30: 56 | D30: 12 | E30: 6 | F30: 4 | G30: 1 | H30: 0 | I30: 8 | J30: 1 | K30: 0 | L30: 3 | M30: 78 | N30: 0 | O30: =SUM(C30:L30,N30) -> 91 | P30: =SUM(C30:N30) -> 169 | R30: 0300-0400 | S30: =SUM(C90:C93) -> 36 | T30: =SUM(D90:D93) -> 18 | U30: =SUM(E90:E93) -> 5 | V30: =SUM(F90:F93) -> 3 | W30: =SUM(G90:G93) -> 0 | X30: =SUM(H90:H93) -> 0 | Y30: =SUM(I90:I93) -> 2 | Z30: =SUM(J90:J93) -> 3 | ... AF30: =SUM(P90:P93) -> 110
B31: 12.15 - 12.30 | C31: 57 | D31: 4 | E31: 9 | F31: 7 | G31: 0 | H31: 0 | I31: 6 | J31: 1 | K31: 2 | L31: 0 | M31: 78 | N31: 0 | O31: =SUM(C31:L31,N31) -> 86 | P31: =SUM(C31:N31) -> 164 | R31: 0400-0500 | S31: =SUM(C94:C97) -> 29 | T31: =SUM(D94:D97) -> 5 | U31: =SUM(E94:E97) -> 4 | V31: =SUM(F94:F97) -> 4 | W31: =SUM(G94:G97) -> 0 | X31: =SUM(H94:H97) -> 0 | Y31: =SUM(I94:I97) -> 1 | Z31: =SUM(J94:J97) -> 1 | ... AF31: =SUM(P94:P97) -> 77
B32: 12.30 - 12.45 | C32: 46 | D32: 6 | E32: 5 | F32: 3 | G32: 1 | H32: 0 | I32: 7 | J32: 5 | K32: 2 | L32: 1 | M32: 77 | N32: 0 | O32: =SUM(C32:L32,N32) -> 76 | P32: =SUM(C32:N32) -> 153 | R32: 0500-0600 | S32: =SUM(C98:C101) -> 14 | T32: =SUM(D98:D101) -> 3 | U32: =SUM(E98:E101) -> 0 | V32: =SUM(F98:F101) -> 1 | W32: =SUM(G98:G101) -> 0 | X32: =SUM(H98:H101) -> 0 | Y32: =SUM(I98:I101) -> 1 | Z32: =SUM(J98:J101) -> 2 | ... AF32: =SUM(P98:P101) -> 58
B33: 12.45 - 13.00 | C33: 65 | D33: 11 | E33: 3 | F33: 1 | G33: 0 | H33: 0 | I33: 7 | J33: 1 | K33: 0 | L33: 0 | M33: 75 | N33: 0 | O33: =SUM(C33:L33,N33) -> 88 | P33: =SUM(C33:N33) -> 163 | R33: 0600-0700 | S33: =SUM(C102:C105) -> 34 | T33: =SUM(D102:D105) -> 7 | U33: =SUM(E102:E105) -> 2 | V33: =SUM(F102:F105) -> 8 | W33: =SUM(G102:G105) -> 0 | X33: =SUM(H102:H105) -> 0 | Y33: =SUM(I102:I105) -> 3 | Z33: =SUM(J102:J105) -> 0 | ... AF33: =SUM(P102:P105) -> 107
B34: 13.00 - 13.15 | C34: 61 | D34: 8 | E34: 5 | F34: 9 | G34: 0 | H34: 0 | I34: 7 | J34: 2 | K34: 1 | L34: 0 | M34: 78 | N34: 0 | O34: =SUM(C34:L34,N34) -> 93 | P34: =SUM(C34:N34) -> 171 | R34: AM Peak Hr | S34: =MAX(S10:S12) -> 171 | T34: =MAX(T10:T12) -> 31 | U34: =MAX(U10:U12) -> 35 | V34: =MAX(V10:V12) -> 25 | W34: =MAX(W10:W12) -> 1 | X34: =MAX(X10:X12) -> 3 | Y34: =MAX(Y10:Y12) -> 22 | Z34: =MAX(Z10:Z12) -> 6 | ... AF34: =MAX(AF10:AF12) -> 592
B35: 13.15 - 13.30 | C35: 45 | D35: 5 | E35: 7 | F35: 1 | G35: 0 | H35: 0 | I35: 5 | J35: 3 | K35: 0 | L35: 1 | M35: 67 | N35: 0 | O35: =SUM(C35:L35,N35) -> 67 | P35: =SUM(C35:N35) -> 134 | R35: IP Peak Hr | S35: =MAX(S13:S18) -> 239 | T35: =MAX(T13:T18) -> 35 | U35: =MAX(U13:U18) -> 35 | V35: =MAX(V13:V18) -> 20 | W35: =MAX(W13:W18) -> 2 | X35: =MAX(X13:X18) -> 0 | Y35: =MAX(Y13:Y18) -> 28 | Z35: =MAX(Z13:Z18) -> 17 | ... AF35: =MAX(AF13:AF18) -> 649
B36: 13.30 - 13.45 | C36: 41 | D36: 6 | E36: 11 | F36: 3 | G36: 1 | H36: 0 | I36: 8 | J36: 0 | K36: 2 | L36: 1 | M36: 82 | N36: 0 | O36: =SUM(C36:L36,N36) -> 73 | P36: =SUM(C36:N36) -> 155 | R36: PM Peak Hr | S36: =MAX(S19:S21) -> 253 | T36: =MAX(T19:T21) -> 47 | U36: =MAX(U19:U21) -> 29 | V36: =MAX(V19:V21) -> 23 | W36: =MAX(W19:W21) -> 2 | X36: =MAX(X19:X21) -> 3 | Y36: =MAX(Y19:Y21) -> 22 | Z36: =MAX(Z19:Z21) -> 9 | ... AF36: =MAX(AF19:AF21) -> 585
B37: 13.45 - 14.00 | C37: 62 | D37: 7 | E37: 2 | F37: 2 | G37: 1 | H37: 0 | I37: 8 | J37: 1 | K37: 0 | L37: 1 | M37: 55 | N37: 0 | O37: =SUM(C37:L37,N37) -> 84 | P37: =SUM(C37:N37) -> 139 | R37: AM Period | S37: =SUM(S10:S12) -> 408 | T37: =SUM(T10:T12) -> 77 | U37: =SUM(U10:U12) -> 65 | V37: =SUM(V10:V12) -> 64 | W37: =SUM(W10:W12) -> 2 | X37: =SUM(X10:X12) -> 4 | Y37: =SUM(Y10:Y12) -> 54 | Z37: =SUM(Z10:Z12) -> 11 | ... AF37: =SUM(AF10:AF12) -> 1530
B38: 14.00 - 14.15 | C38: 46 | D38: 1 | E38: 6 | F38: 4 | G38: 0 | H38: 0 | I38: 4 | J38: 2 | K38: 1 | L38: 0 | M38: 62 | N38: 0 | O38: =SUM(C38:L38,N38) -> 64 | P38: =SUM(C38:N38) -> 126 | R38: IP Period | S38: =SUM(S13:S18) -> 1302 | T38: =SUM(T13:T18) -> 179 | U38: =SUM(U13:U18) -> 174 | V38: =SUM(V13:V18) -> 100 | W38: =SUM(W13:W18) -> 7 | X38: =SUM(X13:X18) -> 0 | Y38: =SUM(Y13:Y18) -> 134 | Z38: =SUM(Z13:Z18) -> 59 | ... AF38: =SUM(AF13:AF18) -> 3677
B39: 14.15 - 14.30 | C39: 36 | D39: 9 | E39: 6 | F39: 0 | G39: 2 | H39: 0 | I39: 2 | J39: 5 | K39: 2 | L39: 0 | M39: 68 | N39: 0 | O39: =SUM(C39:L39,N39) -> 62 | P39: =SUM(C39:N39) -> 130 | R39: PM Period | S39: =SUM(S19:S21) -> 599 | T39: =SUM(T19:T21) -> 105 | U39: =SUM(U19:U21) -> 73 | V39: =SUM(V19:V21) -> 59 | W39: =SUM(W19:W21) -> 4 | X39: =SUM(X19:X21) -> 3 | Y39: =SUM(Y19:Y21) -> 45 | Z39: =SUM(Z19:Z21) -> 22 | ... AF39: =SUM(AF19:AF21) -> 1456
B40: 14.30 - 14.45 | C40: 55 | D40: 8 | E40: 7 | F40: 5 | G40: 0 | H40: 0 | I40: 7 | J40: 7 | K40: 1 | L40: 0 | M40: 65 | N40: 0 | O40: =SUM(C40:L40,N40) -> 90 | P40: =SUM(C40:N40) -> 155 | R40: 12 Hours | S40: =SUM(S10:S21) -> 2309 | T40: =SUM(T10:T21) -> 361 | U40: =SUM(U10:U21) -> 312 | V40: =SUM(V10:V21) -> 223 | W40: =SUM(W10:W21) -> 13 | X40: =SUM(X10:X21) -> 7 | Y40: =SUM(Y10:Y21) -> 233 | Z40: =SUM(Z10:Z21) -> 92 | ... AF40: =SUM(AF10:AF21) -> 6663
B41: 14.45 - 15.00 | C41: 62 | D41: 6 | E41: 10 | F41: 8 | G41: 0 | H41: 0 | I41: 11 | J41: 3 | K41: 0 | L41: 0 | M41: 71 | N41: 0 | O41: =SUM(C41:L41,N41) -> 100 | P41: =SUM(C41:N41) -> 171 | R41: 24 Hrs/ADT | S41: =SUM(S10:S33) -> 3885 | T41: =SUM(T10:T33) -> 539 | U41: =SUM(U10:U33) -> 426 | V41: =SUM(V10:V33) -> 357 | W41: =SUM(W10:W33) -> 19 | X41: =SUM(X10:X33) -> 11 | Y41: =SUM(Y10:Y33) -> 278 | Z41: =SUM(Z10:Z33) -> 126 | ... AF41: =SUM(AF10:AF33) -> 10204
B42: 15.00 - 15.15 | C42: 75 | D42: 8 | E42: 8 | F42: 1 | G42: 0 | H42: 0 | I42: 1 | J42: 4 | K42: 0 | L42: 0 | M42: 61 | N42: 0 | O42: =SUM(C42:L42,N42) -> 97 | P42: =SUM(C42:N42) -> 158 | R42: NEF | S42: =S41/S40 -> 1.6825466 | T42: =T41/T40 -> 1.4930748 | U42: =U41/U40 -> 1.3653846 | V42: =V41/V40 -> 1.6008969 | W42: =W41/W40 -> 1.4615385 | X42: =X41/X40 -> 1.5714286 | Y42: =Y41/Y40 -> 1.193133 | Z42: =Z41/Z40 -> 1.3695652 | ... AF42: =AF41/AF40 -> 1.5314423
B43: 15.15 - 15.30 | C43: 55 | D43: 12 | E43: 8 | F43: 4 | G43: 0 | H43: 0 | I43: 5 | J43: 1 | K43: 0 | L43: 1 | M43: 80 | N43: 0 | O43: =SUM(C43:L43,N43) -> 86 | P43: =SUM(C43:N43) -> 166
B44: 15.30 - 15.45 | C44: 49 | D44: 12 | E44: 3 | F44: 6 | G44: 0 | H44: 0 | I44: 6 | J44: 3 | K44: 0 | L44: 0 | M44: 55 | N44: 0 | O44: =SUM(C44:L44,N44) -> 79 | P44: =SUM(C44:N44) -> 134
B45: 15.45 - 16.00 | C45: 60 | D45: 3 | E45: 9 | F45: 5 | G45: 0 | H45: 0 | I45: 1 | J45: 1 | K45: 0 | L45: 0 | M45: 62 | N45: 0 | O45: =SUM(C45:L45,N45) -> 79 | P45: =SUM(C45:N45) -> 141
B46: 16.00 - 16.15 | C46: 30 | D46: 12 | E46: 5 | F46: 4 | G46: 2 | H46: 0 | I46: 4 | J46: 2 | K46: 0 | L46: 0 | M46: 35 | N46: 0 | O46: =SUM(C46:L46,N46) -> 59 | P46: =SUM(C46:N46) -> 94
B47: 16.15 -16.30 | C47: 43 | D47: 17 | E47: 10 | F47: 6 | G47: 0 | H47: 0 | I47: 3 | J47: 4 | K47: 0 | L47: 0 | M47: 41 | N47: 0 | O47: =SUM(C47:L47,N47) -> 83 | P47: =SUM(C47:N47) -> 124
B48: 16.30 -16.45 | C48: 45 | D48: 14 | E48: 11 | F48: 3 | G48: 0 | H48: 0 | I48: 2 | J48: 2 | K48: 0 | L48: 0 | M48: 61 | N48: 0 | O48: =SUM(C48:L48,N48) -> 77 | P48: =SUM(C48:N48) -> 138
B49: 16.45 -17.00 | C49: 54 | D49: 4 | E49: 3 | F49: 5 | G49: 0 | H49: 0 | I49: 2 | J49: 1 | K49: 0 | L49: 0 | M49: 57 | N49: 0 | O49: =SUM(C49:L49,N49) -> 69 | P49: =SUM(C49:N49) -> 126
B50: 17.00 -17.15 | C50: 30 | D50: 6 | E50: 3 | F50: 1 | G50: 0 | H50: 0 | I50: 2 | J50: 0 | K50: 0 | L50: 0 | M50: 21 | N50: 0 | O50: =SUM(C50:L50,N50) -> 42 | P50: =SUM(C50:N50) -> 63
B51: 17.15 -17.30 | C51: 34 | D51: 3 | E51: 3 | F51: 4 | G51: 0 | H51: 0 | I51: 6 | J51: 1 | K51: 1 | L51: 0 | M51: 25 | N51: 0 | O51: =SUM(C51:L51,N51) -> 52 | P51: =SUM(C51:N51) -> 77
B52: 17.30 -17.45 | C52: 58 | D52: 16 | E52: 6 | F52: 7 | G52: 0 | H52: 0 | I52: 5 | J52: 2 | K52: 0 | L52: 0 | M52: 23 | N52: 0 | O52: =SUM(C52:L52,N52) -> 94 | P52: =SUM(C52:N52) -> 117
B53: 17.45 -18.00 | C53: 52 | D53: 7 | E53: 7 | F53: 6 | G53: 0 | H53: 0 | I53: 9 | J53: 2 | K53: 2 | L53: 0 | M53: 47 | N53: 0 | O53: =SUM(C53:L53,N53) -> 85 | P53: =SUM(C53:N53) -> 132
B54: 18.00 - 18.15 | C54: 71 | D54: 8 | E54: 4 | F54: 1 | G54: 1 | H54: 0 | I54: 4 | J54: 3 | K54: 1 | L54: 0 | M54: 65 | N54: 0 | O54: =SUM(C54:L54,N54) -> 93 | P54: =SUM(C54:N54) -> 158
... B105: 06.45 - 07.00 | C105: 11 | D105: 4 | E105: 1 | F105: 4 | G105: 0 | H105: 0 | I105: 1 | J105: 0 | K105: 0 | L105: 0 | M105: 23 | N105: 0 | O105: =SUM(C105:L105,N105) -> 21 | P105: =SUM(C105:N105) -> 44
B106: Totals | C106: =SUM(C10:C105) -> 3885 | D106: =SUM(D10:D105) -> 539 | E106: =SUM(E10:E105) -> 426 | F106: =SUM(F10:F105) -> 357 | G106: =SUM(G10:G105) -> 19 | H106: =SUM(H10:H105) -> 11 | I106: =SUM(I10:I105) -> 278 | J106: =SUM(J10:J105) -> 126 | ... P106: =SUM(P10:P105) -> 10204
B107: %ges + MCs | C107: =C106/$P$106 -> 0.38073305 | D107: =D106/$P$106 -> 0.052822423 | E107: =E106/$P$106 -> 0.041748334 | F107: =F106/$P$106 -> 0.03498628 | G107: =G106/$P$106 -> 0.0018620149 | H107: =H106/$P$106 -> 0.0010780086 | I107: =I106/$P$106 -> 0.027244218 | J107: =J106/$P$106 -> 0.012348099 | ... N107: =N106/$P$106 -> 9.8000784e-05
B108: %ges w/o MCs | C108: =C106/$O$106 -> 0.68289682 | D108: =D106/$O$106 -> 0.094744243 | E108: =E106/$O$106 -> 0.07488135 | F108: =F106/$O$106 -> 0.062752681 | G108: =G106/$O$106 -> 0.0033397785 | H108: =H106/$O$106 -> 0.001933556 | I108: =I106/$O$106 -> 0.048866233 | J108: =J106/$O$106 -> 0.022148005 | ... L108: =L106/$O$106 -> 0.0026366673 | N108: =N106/$O$106 -> 0.00017577782

Sheet 29.09 Kira-Kyaliwajala
B1: Consultancy services for Preparation of Expressway Development Master Plan (EDMP) for Uganda
B2: MANUAL CLASSIFIED COUNT (MCC)
B3: ROAD NAME: | C3: MCC-C2-STN 72 Kira-Kyaliwajala
C5: Date | D5: 29.09.19 | F5: Location | G5: Kira-Kyalliwajala | J5: Surveyor | K5: Nairuba
C6: Dir. From | D6: KIRA | F6: Dir. To | G6: KYALIWAJALA | J6: Supervisor | K6: Tracy
B8: Time / Veh Type | R8: SUMMARY TRAFFIC VOLUMES
C9: 1. Car | D9: 2. Station Wagon | E9: 3. Pickups | F9: 4. Minibus, matatu | G9: 5. Medium bus | H9: 6. Large Bus | I9: 7. Light Truck | J9: 8. Medium Truck | K9: 9. Heavy truck | L9: 10. Truck Trailer | M9: 11. Motor cycles | N9: 12. Tractors | O9: Total Excl M/Cycles | P9: Total All | R9: Time | S9: 1. Car | T9: 2. Station Wagon | U9: 3. Pickups | V9: 4. Minibus, matatu | W9: 5. Medium bus | X9: 6. Large Bus | Y9: 7. Light Truck | Z9: 8. Medium Truck | AA9: 9. Heavy truck | AB9: 10. Truck Trailer | AC9: 11. Motorcycles | AD9: 12. Tractors, Graders | AE9: Total Excl M/ Cycles | AF9: Total All
B10: 07.00 - 07.15 | C10: 8 | D10: 12 | E10: 4 | F10: 15 | G10: 1 | H10: 0 | I10: 8 | J10: 0 | K10: 0 | L10: 0 | M10: 40 | N10: 0 | O10: =SUM(C10:L10,N10) -> 48 | P10: =SUM(C10:N10) -> 88 | R10: 0700-0800 | S10: =SUM(C10:C13) -> 77 | T10: =SUM(D10:D13) -> 75 | U10: =SUM(E10:E13) -> 18 | V10: =SUM(F10:F13) -> 50 | W10: =SUM(G10:G13) -> 1 | X10: =SUM(H10:H13) -> 0 | Y10: =SUM(I10:I13) -> 20 | Z10: =SUM(J10:J13) -> 0 | ... AF10: =SUM(P10:P13) -> 462
B11: 07.15 - 07.30 | C11: 16 | D11: 17 | E11: 4 | F11: 15 | G11: 0 | H11: 0 | I11: 5 | J11: 0 | K11: 1 | L11: 0 | M11: 67 | N11: 0 | O11: =SUM(C11:L11,N11) -> 58 | P11: =SUM(C11:N11) -> 125 | R11: 0800-0900 | S11: =SUM(C14:C17) -> 101 | T11: =SUM(D14:D17) -> 111 | U11: =SUM(E14:E17) -> 20 | V11: =SUM(F14:F17) -> 45 | W11: =SUM(G14:G17) -> 2 | X11: =SUM(H14:H17) -> 0 | Y11: =SUM(I14:I17) -> 22 | Z11: =SUM(J14:J17) -> 2 | ... AF11: =SUM(P14:P17) -> 590
B12: 07.30 - 07.45 | C12: 15 | D12: 21 | E12: 7 | F12: 13 | G12: 0 | H12: 0 | I12: 4 | J12: 0 | K12: 1 | L12: 0 | M12: 48 | N12: 0 | O12: =SUM(C12:L12,N12) -> 61 | P12: =SUM(C12:N12) -> 109 | R12: 0900-1000 | S12: =SUM(C18:C21) -> 129 | T12: =SUM(D18:D21) -> 166 | U12: =SUM(E18:E21) -> 28 | V12: =SUM(F18:F21) -> 52 | W12: =SUM(G18:G21) -> 1 | X12: =SUM(H18:H21) -> 0 | Y12: =SUM(I18:I21) -> 16 | Z12: =SUM(J18:J21) -> 2 | ... AF12: =SUM(P18:P21) -> 727
B13: 07.45 - 08.00 | C13: 38 | D13: 25 | E13: 3 | F13: 7 | G13: 0 | H13: 0 | I13: 3 | J13: 0 | K13: 0 | L13: 0 | M13: 64 | N13: 0 | O13: =SUM(C13:L13,N13) -> 76 | P13: =SUM(C13:N13) -> 140 | R13: 1000-1100 | S13: =SUM(C22:C25) -> 134 | T13: =SUM(D22:D25) -> 144 | U13: =SUM(E22:E25) -> 18 | V13: =SUM(F22:F25) -> 41 | W13: =SUM(G22:G25) -> 1 | X13: =SUM(H22:H25) -> 0 | Y13: =SUM(I22:I25) -> 25 | Z13: =SUM(J22:J25) -> 0 | ... AF13: =SUM(P22:P25) -> 707
B14: 08.00 - 08.15 | C14: 28 | D14: 22 | E14: 4 | F14: 10 | G14: 0 | H14: 0 | I14: 5 | J14: 0 | K14: 0 | L14: 0 | M14: 58 | N14: 0 | O14: =SUM(C14:L14,N14) -> 69 | P14: =SUM(C14:N14) -> 127 | R14: 1100-1200 | S14: =SUM(C26:C29) -> 130 | T14: =SUM(D26:D29) -> 169 | U14: =SUM(E26:E29) -> 14 | V14: =SUM(F26:F29) -> 33 | W14: =SUM(G26:G29) -> 4 | X14: =SUM(H26:H29) -> 0 | Y14: =SUM(I26:I29) -> 25 | Z14: =SUM(J26:J29) -> 2 | ... AF14: =SUM(P26:P29) -> 668
B15: 08.15 - 08.30 | C15: 19 | D15: 20 | E15: 3 | F15: 13 | G15: 0 | H15: 0 | I15: 5 | J15: 0 | K15: 0 | L15: 0 | M15: 79 | N15: 0 | O15: =SUM(C15:L15,N15) -> 60 | P15: =SUM(C15:N15) -> 139 | R15: 1200-1300 | S15: =SUM(C30:C33) -> 142 | T15: =SUM(D30:D33) -> 89 | U15: =SUM(E30:E33) -> 8 | V15: =SUM(F30:F33) -> 45 | W15: =SUM(G30:G33) -> 1 | X15: =SUM(H30:H33) -> 0 | Y15: =SUM(I30:I33) -> 23 | Z15: =SUM(J30:J33) -> 7 | ... AF15: =SUM(P30:P33) -> 394
B16: 08.30 - 08.45 | C16: 25 | D16: 43 | E16: 2 | F16: 10 | G16: 1 | H16: 0 | I16: 5 | J16: 2 | K16: 0 | L16: 0 | M16: 81 | N16: 0 | O16: =SUM(C16:L16,N16) -> 88 | P16: =SUM(C16:N16) -> 169 | R16: 1300-1400 | S16: =SUM(C34:C37) -> 83 | T16: =SUM(D34:D37) -> 120 | U16: =SUM(E34:E37) -> 18 | V16: =SUM(F34:F37) -> 33 | W16: =SUM(G34:G37) -> 1 | X16: =SUM(H34:H37) -> 0 | Y16: =SUM(I34:I37) -> 16 | Z16: =SUM(J34:J37) -> 4 | ... AF16: =SUM(P34:P37) -> 446
B17: 08.45 - 9.00 | C17: 29 | D17: 26 | E17: 11 | F17: 12 | G17: 1 | H17: 0 | I17: 7 | J17: 0 | K17: 0 | L17: 0 | M17: 69 | N17: 0 | O17: =SUM(C17:L17,N17) -> 86 | P17: =SUM(C17:N17) -> 155 | R17: 1400-1500 | S17: =SUM(C38:C41) -> 145 | T17: =SUM(D38:D41) -> 167 | U17: =SUM(E38:E41) -> 30 | V17: =SUM(F38:F41) -> 39 | W17: =SUM(G38:G41) -> 0 | X17: =SUM(H38:H41) -> 0 | Y17: =SUM(I38:I41) -> 9 | Z17: =SUM(J38:J41) -> 1 | ... AF17: =SUM(P38:P41) -> 676
B18: 09.00 - 09.15 | C18: 27 | D18: 45 | E18: 6 | F18: 15 | G18: 1 | H18: 0 | I18: 5 | J18: 1 | K18: 0 | L18: 1 | M18: 90 | N18: 0 | O18: =SUM(C18:L18,N18) -> 101 | P18: =SUM(C18:N18) -> 191 | R18: 1500-1600 | S18: =SUM(C42:C45) -> 168 | T18: =SUM(D42:D45) -> 146 | U18: =SUM(E42:E45) -> 22 | V18: =SUM(F42:F45) -> 45 | W18: =SUM(G42:G45) -> 0 | X18: =SUM(H42:H45) -> 0 | Y18: =SUM(I42:I45) -> 26 | Z18: =SUM(J42:J45) -> 3 | ... AF18: =SUM(P42:P45) -> 763
B19: 09.15 - 09.30 | C19: 29 | D19: 30 | E19: 4 | F19: 12 | G19: 0 | H19: 0 | I19: 2 | J19: 0 | K19: 0 | L19: 0 | M19: 63 | N19: 0 | O19: =SUM(C19:L19,N19) -> 77 | P19: =SUM(C19:N19) -> 140 | R19: 1600-1700 | S19: =SUM(C46:C49) -> 160 | T19: =SUM(D46:D49) -> 172 | U19: =SUM(E46:E49) -> 29 | V19: =SUM(F46:F49) -> 35 | W19: =SUM(G46:G49) -> 0 | X19: =SUM(H46:H49) -> 0 | Y19: =SUM(I46:I49) -> 11 | Z19: =SUM(J46:J49) -> 3 | ... AF19: =SUM(P46:P49) -> 712
B20: 09.30 - 09.45 | C20: 31 | D20: 39 | E20: 11 | F20: 14 | G20: 0 | H20: 0 | I20: 4 | J20: 0 | K20: 1 | L20: 0 | M20: 102 | N20: 0 | O20: =SUM(C20:L20,N20) -> 100 | P20: =SUM(C20:N20) -> 202 | R20: 1700-1800 | S20: =SUM(C50:C53) -> 139 | T20: =SUM(D50:D53) -> 177 | U20: =SUM(E50:E53) -> 13 | V20: =SUM(F50:F53) -> 42 | W20: =SUM(G50:G53) -> 1 | X20: =SUM(H50:H53) -> 0 | Y20: =SUM(I50:I53) -> 11 | Z20: =SUM(J50:J53) -> 5 | ... AF20: =SUM(P50:P53) -> 664
B21: 09.45 - 10.00 | C21: 42 | D21: 52 | E21: 7 | F21: 11 | G21: 0 | H21: 0 | I21: 5 | J21: 1 | K21: 2 | L21: 0 | M21: 74 | N21: 0 | O21: =SUM(C21:L21,N21) -> 120 | P21: =SUM(C21:N21) -> 194 | R21: 1800-1900 | S21: =SUM(C54:C57) -> 112 | T21: =SUM(D54:D57) -> 171 | U21: =SUM(E54:E57) -> 45 | V21: =SUM(F54:F57) -> 62 | W21: =SUM(G54:G57) -> 0 | X21: =SUM(H54:H57) -> 0 | Y21: =SUM(I54:I57) -> 15 | Z21: =SUM(J54:J57) -> 5 | ... AF21: =SUM(P54:P57) -> 716
B22: 10.00 - 10.15 | C22: 34 | D22: 46 | E22: 6 | F22: 13 | G22: 0 | H22: 0 | I22: 8 | J22: 0 | K22: 0 | L22: 0 | M22: 92 | N22: 0 | O22: =SUM(C22:L22,N22) -> 107 | P22: =SUM(C22:N22) -> 199 | R22: AM Peak Hr | S22: =MAX(S10:S12) -> 129 | T22: =MAX(T10:T12) -> 166 | U22: =MAX(U10:U12) -> 28 | V22: =MAX(V10:V12) -> 52 | W22: =MAX(W10:W12) -> 2 | X22: =MAX(X10:X12) -> 0 | Y22: =MAX(Y10:Y12) -> 22 | Z22: =MAX(Z10:Z12) -> 2 | ... AF22: =MAX(AF10:AF12) -> 727
B23: 10.15 - 10.30 | C23: 40 | D23: 37 | E23: 5 | F23: 5 | G23: 1 | H23: 0 | I23: 5 | J23: 0 | K23: 1 | L23: 0 | M23: 93 | N23: 0 | O23: =SUM(C23:L23,N23) -> 94 | P23: =SUM(C23:N23) -> 187 | R23: IP Peak Hr | S23: =MAX(S13:S18) -> 168 | T23: =MAX(T13:T18) -> 169 | U23: =MAX(U13:U18) -> 30 | V23: =MAX(V13:V18) -> 45 | W23: =MAX(W13:W18) -> 4 | X23: =MAX(X13:X18) -> 0 | Y23: =MAX(Y13:Y18) -> 26 | Z23: =MAX(Z13:Z18) -> 7 | ... AF23: =MAX(AF13:AF18) -> 763
B24: 10.30 - 10.45 | C24: 23 | D24: 36 | E24: 4 | F24: 9 | G24: 0 | H24: 0 | I24: 7 | J24: 0 | K24: 1 | L24: 0 | M24: 70 | N24: 0 | O24: =SUM(C24:L24,N24) -> 80 | P24: =SUM(C24:N24) -> 150 | R24: PM Peak Hr | S24: =MAX(S19:S21) -> 160 | T24: =MAX(T19:T21) -> 177 | U24: =MAX(U19:U21) -> 45 | V24: =MAX(V19:V21) -> 62 | W24: =MAX(W19:W21) -> 1 | X24: =MAX(X19:X21) -> 0 | Y24: =MAX(Y19:Y21) -> 15 | Z24: =MAX(Z19:Z21) -> 5 | ... AF24: =MAX(AF19:AF21) -> 716
B25: 10.45 - 11.00 | C25: 37 | D25: 25 | E25: 3 | F25: 14 | G25: 0 | H25: 0 | I25: 5 | J25: 0 | K25: 0 | L25: 0 | M25: 87 | N25: 0 | O25: =SUM(C25:L25,N25) -> 84 | P25: =SUM(C25:N25) -> 171 | R25: AM Period | S25: =SUM(S10:S12) -> 307 | T25: =SUM(T10:T12) -> 352 | U25: =SUM(U10:U12) -> 66 | V25: =SUM(V10:V12) -> 147 | W25: =SUM(W10:W12) -> 4 | X25: =SUM(X10:X12) -> 0 | Y25: =SUM(Y10:Y12) -> 58 | Z25: =SUM(Z10:Z12) -> 4 | ... AF25: =SUM(AF10:AF12) -> 1779
B26: 11.00 - 11.15 | C26: 30 | D26: 35 | E26: 5 | F26: 8 | G26: 0 | H26: 0 | I26: 10 | J26: 0 | K26: 0 | L26: 0 | M26: 100 | N26: 0 | O26: =SUM(C26:L26,N26) -> 88 | P26: =SUM(C26:N26) -> 188 | R26: IP Period | S26: =SUM(S13:S18) -> 802 | T26: =SUM(T13:T18) -> 835 | U26: =SUM(U13:U18) -> 110 | V26: =SUM(V13:V18) -> 236 | W26: =SUM(W13:W18) -> 7 | X26: =SUM(X13:X18) -> 0 | Y26: =SUM(Y13:Y18) -> 124 | Z26: =SUM(Z13:Z18) -> 17 | ... AF26: =SUM(AF13:AF18) -> 3654
B27: 11.15 - 11.30 | C27: 41 | D27: 58 | E27: 6 | F27: 17 | G27: 1 | H27: 0 | I27: 12 | J27: 0 | K27: 0 | L27: 0 | M27: 75 | N27: 0 | O27: =SUM(C27:L27,N27) -> 135 | P27: =SUM(C27:N27) -> 210 | R27: PM Period | S27: =SUM(S19:S21) -> 411 | T27: =SUM(T19:T21) -> 520 | U27: =SUM(U19:U21) -> 87 | V27: =SUM(V19:V21) -> 139 | W27: =SUM(W19:W21) -> 1 | X27: =SUM(X19:X21) -> 0 | Y27: =SUM(Y19:Y21) -> 37 | Z27: =SUM(Z19:Z21) -> 13 | ... AF27: =SUM(AF19:AF21) -> 2092
B28: 11.30 - 11.45 | C28: 30 | D28: 46 | E28: 3 | F28: 8 | G28: 0 | H28: 0 | I28: 3 | J28: 1 | K28: 1 | L28: 0 | M28: 71 | N28: 0 | O28: =SUM(C28:L28,N28) -> 92 | P28: =SUM(C28:N28) -> 163 | R28: 12 Hours | S28: =SUM(S10:S21) -> 1520 | T28: =SUM(T10:T21) -> 1707 | U28: =SUM(U10:U21) -> 263 | V28: =SUM(V10:V21) -> 522 | W28: =SUM(W10:W21) -> 12 | X28: =SUM(X10:X21) -> 0 | Y28: =SUM(Y10:Y21) -> 219 | Z28: =SUM(Z10:Z21) -> 34 | ... AF28: =SUM(AF10:AF21) -> 7525
B29: 11.45 - 12.00 | C29: 29 | D29: 30 | E29: 0 | F29: 0 | G29: 3 | H29: 0 | I29: 0 | J29: 1 | K29: 1 | L29: 1 | M29: 42 | N29: 0 | O29: =SUM(C29:L29,N29) -> 65 | P29: =SUM(C29:N29) -> 107
B30: 12.00 - 12.15 | C30: 34 | D30: 25 | E30: 2 | F30: 6 | G30: 1 | H30: 0 | I30: 4 | J30: 2 | K30: 1 | L30: 0 | M30: 22 | N30: 0 | O30: =SUM(C30:L30,N30) -> 75 | P30: =SUM(C30:N30) -> 97
B31: 12.15 - 12.30 | C31: 42 | D31: 41 | E31: 4 | F31: 15 | G31: 0 | H31: 0 | I31: 12 | J31: 1 | K31: 0 | L31: 0 | M31: 33 | N31: 0 | O31: =SUM(C31:L31,N31) -> 115 | P31: =SUM(C31:N31) -> 148
B32: 12.30 - 12.45 | C32: 42 | D32: 23 | E32: 0 | F32: 14 | G32: 0 | H32: 0 | I32: 4 | J32: 0 | K32: 3 | L32: 0 | M32: 17 | N32: 0 | O32: =SUM(C32:L32,N32) -> 86 | P32: =SUM(C32:N32) -> 103
B33: 12.45 - 13.00 | C33: 24 | D33: `7 | E33: 2 | F33: 10 | G33: 0 | H33: 0 | I33: 3 | J33: 4 | K33: 1 | L33: 0 | M33: 2 | N33: 0 | O33: =SUM(C33:L33,N33) -> 44 | P33: =SUM(C33:N33) -> 46
B34: 13.00 - 13.15 | C34: 15 | D34: 34 | E34: 6 | F34: 8 | G34: 0 | H34: 0 | I34: 2 | J34: 1 | K34: 0 | L34: 0 | M34: 22 | N34: 0 | O34: =SUM(C34:L34,N34) -> 66 | P34: =SUM(C34:N34) -> 88
B35: 13.15 - 13.30 | C35: 18 | D35: 24 | E35: 4 | F35: 8 | G35: 0 | H35: 0 | I35: 7 | J35: 1 | K35: 0 | L35: 0 | M35: 38 | N35: 0 | O35: =SUM(C35:L35,N35) -> 62 | P35: =SUM(C35:N35) -> 100
B36: 13.30 - 13.45 | C36: 25 | D36: 32 | E36: 3 | F36: 10 | G36: 1 | H36: 0 | I36: 2 | J36: 2 | K36: 0 | L36: 0 | M36: 52 | N36: 0 | O36: =SUM(C36:L36,N36) -> 75 | P36: =SUM(C36:N36) -> 127
B37: 13.45 - 14.00 | C37: 25 | D37: 30 | E37: 5 | F37: 7 | G37: 0 | H37: 0 | I37: 5 | J37: 0 | K37: 0 | L37: 1 | M37: 58 | N37: 0 | O37: =SUM(C37:L37,N37) -> 73 | P37: =SUM(C37:N37) -> 131
B38: 14.00 - 14.15 | C38: 42 | D38: 40 | E38: 7 | F38: 7 | G38: 0 | H38: 0 | I38: 3 | J38: 1 | K38: 0 | L38: 0 | M38: 59 | N38: 0 | O38: =SUM(C38:L38,N38) -> 100 | P38: =SUM(C38:N38) -> 159
B39: 14.15 - 14.30 | C39: 42 | D39: 45 | E39: 8 | F39: 8 | G39: 0 | H39: 0 | I39: 3 | J39: 0 | K39: 0 | L39: 0 | M39: 65 | N39: 0 | O39: =SUM(C39:L39,N39) -> 106 | P39: =SUM(C39:N39) -> 171
B40: 14.30 - 14.45 | C40: 29 | D40: 47 | E40: 7 | F40: 14 | G40: 0 | H40: 0 | I40: 3 | J40: 0 | K40: 1 | L40: 0 | M40: 92 | N40: 0 | O40: =SUM(C40:L40,N40) -> 101 | P40: =SUM(C40:N40) -> 193
B41: 14.45 - 15.00 | C41: 32 | D41: 35 | E41: 8 | F41: 10 | G41: 0 | H41: 0 | I41: 0 | J41: 0 | K41: 0 | L41: 0 | M41: 68 | N41: 0 | O41: =SUM(C41:L41,N41) -> 85 | P41: =SUM(C41:N41) -> 153
B42: 15.00 - 15.15 | C42: 40 | D42: 39 | E42: 6 | F42: 10 | G42: 0 | H42: 0 | I42: 6 | J42: 0 | K42: 1 | L42: 0 | M42: 86 | N42: 0 | O42: =SUM(C42:L42,N42) -> 102 | P42: =SUM(C42:N42) -> 188
B43: 15.15 - 15.30 | C43: 50 | D43: 42 | E43: 7 | F43: 15 | G43: 0 | H43: 0 | I43: 8 | J43: 0 | K43: 0 | L43: 0 | M43: 85 | N43: 0 | O43: =SUM(C43:L43,N43) -> 122 | P43: =SUM(C43:N43) -> 207
B44: 15.30 - 15.45 | C44: 38 | D44: 34 | E44: 4 | F44: 8 | G44: 0 | H44: 0 | I44: 2 | J44: 2 | K44: 1 | L44: 2 | M44: 86 | N44: 0 | O44: =SUM(C44:L44,N44) -> 91 | P44: =SUM(C44:N44) -> 177
B45: 15.45 - 16.00 | C45: 40 | D45: 31 | E45: 5 | F45: 12 | G45: 0 | H45: 0 | I45: 10 | J45: 1 | K45: 1 | L45: 1 | M45: 90 | N45: 0 | O45: =SUM(C45:L45,N45) -> 101 | P45: =SUM(C45:N45) -> 191
... B57: 18.45 - 19.00 | C57: 36 | D57: 48 | E57: 11 | F57: 18 | G57: 0 | H57: 0 | I57: 4 | J57: 0 | K57: 0 | L57: 0 | M57: 80 | N57: 0 | O57: =SUM(C57:L57,N57) -> 117 | P57: =SUM(C57:N57) -> 197
B58: Totals | C58: =SUM(C10:C57) -> 1520 | D58: =SUM(D10:D57) -> 1707 | E58: =SUM(E10:E57) -> 263 | F58: =SUM(F10:F57) -> 522 | G58: =SUM(G10:G57) -> 12 | H58: =SUM(H10:H57) -> 0 | I58: =SUM(I10:I57) -> 219 | J58: =SUM(J10:J57) -> 34 | ... P58: =SUM(P10:P57) -> 7525
B59: %ges + MCs | C59: =C58/$P$58 -> 0.20199336 | D59: =D58/$P$58 -> 0.22684385 | E59: =E58/$P$58 -> 0.034950166 | F59: =F58/$P$58 -> 0.069368771 | G59: =G58/$P$58 -> 0.0015946844 | H59: =H58/$P$58 -> 0 | I59: =I58/$P$58 -> 0.02910299 | J59: =J58/$P$58 -> 0.0045182724 | ... N59: =N58/$P$58 -> 0
B60: %ges w/o MCs | C60: =C58/$O$58 -> 0.35299582 | D60: =D58/$O$58 -> 0.39642359 | E60: =E58/$O$58 -> 0.061077566 | F60: =F58/$O$58 -> 0.1212262 | G60: =G58/$O$58 -> 0.0027868091 | H60: =H58/$O$58 -> 0 | I60: =I58/$O$58 -> 0.050859266 | J60: =J58/$O$58 -> 0.0078959591 | ... L60: =L58/$O$58 -> 0.0013934046 | N60: =N58/$O$58 -> 0

Sheet 29.09 Kyaliwajala-Kira
B1: Consultancy services for Preparation of Expressway Development Master Plan (EDMP) for Uganda
B2: MANUAL CLASSIFIED COUNT (MCC)
B3: ROAD NAME: | C3: ='[6]29.09 Kira-Kyaliwajala'!C3:G3 -> MCC-C2-STN 72 Kira-Kyaliwajala
C5: Date | D5: ='[6]29.09 Kira-Kyaliwajala'!D5 -> 29.09.19 | F5: Location | G5: ='[6]29.09 Kira-Kyaliwajala'!G5:H5 -> Kira-Kyalliwajala | J5: Surveyor | K5: Elijah
C6: Dir. From | D6: KYALIWAJALA | F6: Dir. To | G6: KIRA | J6: Supervisor | K6: ='[6]29.09 Kira-Kyaliwajala'!K6:L6 -> Tracy
B8: Time / Veh Type | R8: SUMMARY TRAFFIC VOLUMES
C9: 1. Car | D9: 2. Station Wagon | E9: 3. Pickups | F9: 4. Minibus, matatu | G9: 5. Medium bus | H9: 6. Large Bus | I9: 7. Light Truck | J9: 8. Medium Truck | K9: 9. Heavy truck | L9: 10. Truck Trailer | M9: 11. Motor cycles | N9: 12. Tractors | O9: Total Excl M/Cycles | P9: Total All | R9: Time | S9: 1. Car | T9: 2. Station Wagon | U9: 3. Pickups | V9: 4. Minibus, matatu | W9: 5. Medium bus | X9: 6. Large Bus | Y9: 7. Light Truck | Z9: 8. Medium Truck | AA9: 9. Heavy truck | AB9: 10. Truck Trailer | AC9: 11. Motorcycles | AD9: 12. Tractors, Graders | AE9: Total Excl M/ Cycles | AF9: Total All
