Workbook

Sheet 25.10.19 CYANIKA-KISORO-24h
B1: Consultancy services for Preparation of Expressway Development Master Plan (EDMP) for Uganda
B2: MANUAL CLASSIFIED COUNT (MCC)
B3: ROAD NAME: | C3: KISOORO ROAD
C5: Date | D5: 25.10.19 | F5: Location | G5: ='25.10.19 KISORO-CYANIKA-24h'!G5:H5 -> #REF! | J5: Surveyor | K5: COMFORT AHEBWA
C6: Dir. From | D6: CYANIKA | F6: Dir. To | G6: KISORO | J6: Supervisor | K6: ='25.10.19 KISORO-CYANIKA-24h'!K6:L6 -> #REF!
B8: Time / Veh Type | R8: SUMMARY TRAFFIC VOLUMES
C9: 1. Car | D9: 2. Station Wagon | E9: 3. Pickups | F9: 4. Minibus, matatu | G9: 5. Medium bus | H9: 6. Large Bus | I9: 7. Light Truck | J9: 8. Medium Truck | K9: 9. Heavy truck | L9: 10. Truck Trailer | M9: 11. Motor cycles | N9: 12. Tractors | O9: Total Excl M/Cycles | P9: Total All | R9: Time | S9: 1. Car | T9: 2. Station Wagon | U9: 3. Pickups | V9: 4. Minibus, matatu | W9: 5. Medium bus | X9: 6. Large Bus | Y9: 7. Light Truck | Z9: 8. Medium Truck | AA9: 9. Heavy truck | AB9: 10. Truck Trailer | AC9: 11. Motorcycles | AD9: 12. Tractors, Graders | AE9: Total Excl M/ Cycles | AF9: Total All
B10: 07.00 - 07.15 | C10: 1 | D10: 0 | E10: 0 | F10: 0 | G10: 0 | H10: 0 | I10: 0 | J10: 0 | K10: 0 | L10: 0 | M10: 13 | N10: 0 | O10: =SUM(C10:L10,N10) -> 1 | P10: =SUM(C10:N10) -> 14 | R10: 0700-0800 | S10: =SUM(C10:C13) -> 4 | T10: =SUM(D10:D13) -> 5 | U10: =SUM(E10:E13) -> 1 | V10: =SUM(F10:F13) -> 0 | W10: =SUM(G10:G13) -> 0 | X10: =SUM(H10:H13) -> 0 | Y10: =SUM(I10:I13) -> 2 | Z10: =SUM(J10:J13) -> 0 | ... AF10: =SUM(P10:P13) -> 55
B11: 07.15 - 07.30 | C11: 2 | D11: 1 | E11: 1 | F11: 0 | G11: 0 | H11: 0 | I11: 0 | J11: 0 | K11: 0 | L11: 0 | M11: 10 | N11: 0 | O11: =SUM(C11:L11,N11) -> 4 | P11: =SUM(C11:N11) -> 14 | R11: 0800-0900 | S11: =SUM(C14:C17) -> 4 | T11: =SUM(D14:D17) -> 1 | U11: =SUM(E14:E17) -> 3 | V11: =SUM(F14:F17) -> 0 | W11: =SUM(G14:G17) -> 0 | X11: =SUM(H14:H17) -> 0 | Y11: =SUM(I14:I17) -> 0 | Z11: =SUM(J14:J17) -> 0 | ... AF11: =SUM(P14:P17) -> 58
B12: 07.30 - 07.45 | C12: 1 | D12: 3 | E12: 0 | F12: 0 | G12: 0 | H12: 0 | I12: 0 | J12: 0 | K12: 0 | L12: 0 | M12: 8 | N12: 0 | O12: =SUM(C12:L12,N12) -> 4 | P12: =SUM(C12:N12) -> 12 | R12: 0900-1000 | S12: =SUM(C18:C21) -> 10 | T12: =SUM(D18:D21) -> 5 | U12: =SUM(E18:E21) -> 2 | V12: =SUM(F18:F21) -> 0 | W12: =SUM(G18:G21) -> 0 | X12: =SUM(H18:H21) -> 0 | Y12: =SUM(I18:I21) -> 2 | Z12: =SUM(J18:J21) -> 0 | ... AF12: =SUM(P18:P21) -> 112
B13: 07.45 - 08.00 | C13: 0 | D13: 1 | E13: 0 | F13: 0 | G13: 0 | H13: 0 | I13: 2 | J13: 0 | K13: 0 | L13: 0 | M13: 12 | N13: 0 | O13: =SUM(C13:L13,N13) -> 3 | P13: =SUM(C13:N13) -> 15 | R13: 1000-1100 | S13: =SUM(C22:C25) -> 3 | T13: =SUM(D22:D25) -> 7 | U13: =SUM(E22:E25) -> 6 | V13: =SUM(F22:F25) -> 1 | W13: =SUM(G22:G25) -> 0 | X13: =SUM(H22:H25) -> 0 | Y13: =SUM(I22:I25) -> 2 | Z13: =SUM(J22:J25) -> 4 | ... AF13: =SUM(P22:P25) -> 134
B14: 08.00 - 08.15 | C14: 1 | D14: 0 | E14: 0 | F14: 0 | G14: 0 | H14: 0 | I14: 0 | J14: 0 | K14: 0 | L14: 0 | M14: 13 | N14: 0 | O14: =SUM(C14:L14,N14) -> 1 | P14: =SUM(C14:N14) -> 14 | R14: 1100-1200 | S14: =SUM(C26:C29) -> 7 | T14: =SUM(D26:D29) -> 3 | U14: =SUM(E26:E29) -> 4 | V14: =SUM(F26:F29) -> 0 | W14: =SUM(G26:G29) -> 0 | X14: =SUM(H26:H29) -> 0 | Y14: =SUM(I26:I29) -> 0 | Z14: =SUM(J26:J29) -> 1 | ... AF14: =SUM(P26:P29) -> 151
B15: 08.15 - 08.30 | C15: 0 | D15: 0 | E15: 2 | F15: 0 | G15: 0 | H15: 0 | I15: 0 | J15: 0 | K15: 0 | L15: 0 | M15: 12 | N15: 0 | O15: =SUM(C15:L15,N15) -> 2 | P15: =SUM(C15:N15) -> 14 | R15: 1200-1300 | S15: =SUM(C30:C33) -> 8 | T15: =SUM(D30:D33) -> 0 | U15: =SUM(E30:E33) -> 4 | V15: =SUM(F30:F33) -> 1 | W15: =SUM(G30:G33) -> 0 | X15: =SUM(H30:H33) -> 0 | Y15: =SUM(I30:I33) -> 1 | Z15: =SUM(J30:J33) -> 1 | ... AF15: =SUM(P30:P33) -> 155
B16: 08.30 - 08.45 | C16: 2 | D16: 1 | E16: 0 | F16: 0 | G16: 0 | H16: 0 | I16: 0 | J16: 0 | K16: 0 | L16: 0 | M16: 9 | N16: 0 | O16: =SUM(C16:L16,N16) -> 3 | P16: =SUM(C16:N16) -> 12 | R16: 1300-1400 | S16: =SUM(C34:C37) -> 5 | T16: =SUM(D34:D37) -> 7 | U16: =SUM(E34:E37) -> 4 | V16: =SUM(F34:F37) -> 1 | W16: =SUM(G34:G37) -> 0 | X16: =SUM(H34:H37) -> 0 | Y16: =SUM(I34:I37) -> 1 | Z16: =SUM(J34:J37) -> 2 | ... AF16: =SUM(P34:P37) -> 129
B17: 08.45 - 9.00 | C17: 1 | D17: 0 | E17: 1 | F17: 0 | G17: 0 | H17: 0 | I17: 0 | J17: 0 | K17: 0 | L17: 0 | M17: 16 | N17: 0 | O17: =SUM(C17:L17,N17) -> 2 | P17: =SUM(C17:N17) -> 18 | R17: 1400-1500 | S17: =SUM(C38:C41) -> 5 | T17: =SUM(D38:D41) -> 2 | U17: =SUM(E38:E41) -> 4 | V17: =SUM(F38:F41) -> 0 | W17: =SUM(G38:G41) -> 0 | X17: =SUM(H38:H41) -> 0 | Y17: =SUM(I38:I41) -> 2 | Z17: =SUM(J38:J41) -> 2 | ... AF17: =SUM(P38:P41) -> 123
B18: 09.00 - 09.15 | C18: 3 | D18: 3 | E18: 0 | F18: 0 | G18: 0 | H18: 0 | I18: 0 | J18: 0 | K18: 1 | L18: 0 | M18: 19 | N18: 0 | O18: =SUM(C18:L18,N18) -> 7 | P18: =SUM(C18:N18) -> 26 | R18: 1500-1600 | S18: =SUM(C42:C45) -> 5 | T18: =SUM(D42:D45) -> 4 | U18: =SUM(E42:E45) -> 2 | V18: =SUM(F42:F45) -> 0 | W18: =SUM(G42:G45) -> 0 | X18: =SUM(H42:H45) -> 0 | Y18: =SUM(I42:I45) -> 0 | Z18: =SUM(J42:J45) -> 4 | ... AF18: =SUM(P42:P45) -> 125
B19: 09.15 - 09.30 | C19: 1 | D19: 1 | E19: 1 | F19: 0 | G19: 0 | H19: 0 | I19: 2 | J19: 0 | K19: 0 | L19: 0 | M19: 21 | N19: 0 | O19: =SUM(C19:L19,N19) -> 5 | P19: =SUM(C19:N19) -> 26 | R19: 1600-1700 | S19: =SUM(C46:C49) -> 13 | T19: =SUM(D46:D49) -> 7 | U19: =SUM(E46:E49) -> 4 | V19: =SUM(F46:F49) -> 0 | W19: =SUM(G46:G49) -> 0 | X19: =SUM(H46:H49) -> 1 | Y19: =SUM(I46:I49) -> 1 | Z19: =SUM(J46:J49) -> 4 | ... AF19: =SUM(P46:P49) -> 154
B20: 09.30 - 09.45 | C20: 4 | D20: 0 | E20: 1 | F20: 0 | G20: 0 | H20: 0 | I20: 0 | J20: 0 | K20: 2 | L20: 0 | M20: 26 | N20: 0 | O20: =SUM(C20:L20,N20) -> 7 | P20: =SUM(C20:N20) -> 33 | R20: 1700-1800 | S20: =SUM(C50:C53) -> 8 | T20: =SUM(D50:D53) -> 6 | U20: =SUM(E50:E53) -> 5 | V20: =SUM(F50:F53) -> 1 | W20: =SUM(G50:G53) -> 0 | X20: =SUM(H50:H53) -> 0 | Y20: =SUM(I50:I53) -> 1 | Z20: =SUM(J50:J53) -> 4 | ... AF20: =SUM(P50:P53) -> 166
B21: 09.45 - 10.00 | C21: 2 | D21: 1 | E21: 0 | F21: 0 | G21: 0 | H21: 0 | I21: 0 | J21: 0 | K21: 1 | L21: 0 | M21: 23 | N21: 0 | O21: =SUM(C21:L21,N21) -> 4 | P21: =SUM(C21:N21) -> 27 | R21: 1800-1900 | S21: =SUM(C54:C57) -> 8 | T21: =SUM(D54:D57) -> 3 | U21: =SUM(E54:E57) -> 4 | V21: =SUM(F54:F57) -> 0 | W21: =SUM(G54:G57) -> 0 | X21: =SUM(H54:H57) -> 0 | Y21: =SUM(I54:I57) -> 3 | Z21: =SUM(J54:J57) -> 7 | ... AF21: =SUM(P54:P57) -> 139
B22: 10.00 - 10.15 | C22: 0 | D22: 2 | E22: 0 | F22: 0 | G22: 0 | H22: 0 | I22: 1 | J22: 1 | K22: 0 | L22: 0 | M22: 15 | N22: 0 | O22: =SUM(C22:L22,N22) -> 4 | P22: =SUM(C22:N22) -> 19 | R22: 1900-2000 | S22: =SUM(C58:C61) -> 4 | T22: =SUM(D58:D61) -> 1 | U22: =SUM(E58:E61) -> 3 | V22: =SUM(F58:F61) -> 0 | W22: =SUM(G58:G61) -> 0 | X22: =SUM(H58:H61) -> 0 | Y22: =SUM(I58:I61) -> 1 | Z22: =SUM(J58:J61) -> 6 | ... AF22: =SUM(P58:P61) -> 152
B23: 10.15 - 10.30 | C23: 1 | D23: 3 | E23: 4 | F23: 1 | G23: 0 | H23: 0 | I23: 0 | J23: 0 | K23: 0 | L23: 0 | M23: 27 | N23: 0 | O23: =SUM(C23:L23,N23) -> 9 | P23: =SUM(C23:N23) -> 36 | R23: 2000-2100 | S23: =SUM(C62:C65) -> 3 | T23: =SUM(D62:D65) -> 2 | U23: =SUM(E62:E65) -> 1 | V23: =SUM(F62:F65) -> 0 | W23: =SUM(G62:G65) -> 0 | X23: =SUM(H62:H65) -> 0 | Y23: =SUM(I62:I65) -> 0 | Z23: =SUM(J62:J65) -> 0 | ... AF23: =SUM(P62:P65) -> 66
B24: 10.30 - 10.45 | C24: 1 | D24: 0 | E24: 2 | F24: 0 | G24: 0 | H24: 0 | I24: 1 | J24: 1 | K24: 0 | L24: 0 | M24: 34 | N24: 0 | O24: =SUM(C24:L24,N24) -> 5 | P24: =SUM(C24:N24) -> 39 | R24: 2100-2200 | S24: =SUM(C66:C69) -> 4 | T24: =SUM(D66:D69) -> 1 | U24: =SUM(E66:E69) -> 1 | V24: =SUM(F66:F69) -> 1 | W24: =SUM(G66:G69) -> 0 | X24: =SUM(H66:H69) -> 0 | Y24: =SUM(I66:I69) -> 0 | Z24: =SUM(J66:J69) -> 1 | ... AF24: =SUM(P66:P69) -> 34
B25: 10.45 - 11.00 | C25: 1 | D25: 2 | E25: 0 | F25: 0 | G25: 0 | H25: 0 | I25: 0 | J25: 2 | K25: 0 | L25: 0 | M25: 35 | N25: 0 | O25: =SUM(C25:L25,N25) -> 5 | P25: =SUM(C25:N25) -> 40 | R25: 2200-2300 | S25: =SUM(C70:C73) -> 2 | T25: =SUM(D70:D73) -> 0 | U25: =SUM(E70:E73) -> 1 | V25: =SUM(F70:F73) -> 0 | W25: =SUM(G70:G73) -> 0 | X25: =SUM(H70:H73) -> 0 | Y25: =SUM(I70:I73) -> 1 | Z25: =SUM(J70:J73) -> 0 | ... AF25: =SUM(P70:P73) -> 13
B26: 11.00 - 11.15 | C26: 1 | D26: 1 | E26: 1 | F26: 0 | G26: 0 | H26: 0 | I26: 0 | J26: 1 | K26: 0 | L26: 0 | M26: 29 | N26: 0 | O26: =SUM(C26:L26,N26) -> 4 | P26: =SUM(C26:N26) -> 33 | R26: 2300-0000 | S26: =SUM(C74:C77) -> 0 | T26: =SUM(D74:D77) -> 0 | U26: =SUM(E74:E77) -> 0 | V26: =SUM(F74:F77) -> 0 | W26: =SUM(G74:G77) -> 0 | X26: =SUM(H74:H77) -> 0 | Y26: =SUM(I74:I77) -> 0 | Z26: =SUM(J74:J77) -> 1 | ... AF26: =SUM(P74:P77) -> 2
B27: 11.15 - 11.30 | C27: 2 | D27: 0 | E27: 1 | F27: 0 | G27: 0 | H27: 0 | I27: 0 | J27: 0 | K27: 0 | L27: 0 | M27: 33 | N27: 0 | O27: =SUM(C27:L27,N27) -> 3 | P27: =SUM(C27:N27) -> 36 | R27: 0000-0100 | S27: =SUM(C78:C81) -> 2 | T27: =SUM(D78:D81) -> 1 | U27: =SUM(E78:E81) -> 0 | V27: =SUM(F78:F81) -> 0 | W27: =SUM(G78:G81) -> 0 | X27: =SUM(H78:H81) -> 0 | Y27: =SUM(I78:I81) -> 0 | Z27: =SUM(J78:J81) -> 1 | ... AF27: =SUM(P78:P81) -> 4
B28: 11.30 - 11.45 | C28: 1 | D28: 1 | E28: 0 | F28: 0 | G28: 0 | H28: 0 | I28: 0 | J28: 0 | K28: 0 | L28: 0 | M28: 30 | N28: 0 | O28: =SUM(C28:L28,N28) -> 2 | P28: =SUM(C28:N28) -> 32 | R28: 0100-0200 | S28: =SUM(C82:C85) -> 0 | T28: =SUM(D82:D85) -> 0 | U28: =SUM(E82:E85) -> 1 | V28: =SUM(F82:F85) -> 1 | W28: =SUM(G82:G85) -> 0 | X28: =SUM(H82:H85) -> 0 | Y28: =SUM(I82:I85) -> 0 | Z28: =SUM(J82:J85) -> 0 | ... AF28: =SUM(P82:P85) -> 2
B29: 11.45 - 12.00 | C29: 3 | D29: 1 | E29: 2 | F29: 0 | G29: 0 | H29: 0 | I29: 0 | J29: 0 | K29: 0 | L29: 0 | M29: 44 | N29: 0 | O29: =SUM(C29:L29,N29) -> 6 | P29: =SUM(C29:N29) -> 50 | R29: 0200-0300 | S29: =SUM(C86:C89) -> 0 | T29: =SUM(D86:D89) -> 0 | U29: =SUM(E86:E89) -> 0 | V29: =SUM(F86:F89) -> 0 | W29: =SUM(G86:G89) -> 0 | X29: =SUM(H86:H89) -> 0 | Y29: =SUM(I86:I89) -> 0 | Z29: =SUM(J86:J89) -> 0 | ... AF29: =SUM(P86:P89) -> 0
B30: 12.00 - 12.15 | C30: 5 | D30: 0 | E30: 0 | F30: 1 | G30: 0 | H30: 0 | I30: 0 | J30: 1 | K30: 0 | L30: 0 | M30: 37 | N30: 0 | O30: =SUM(C30:L30,N30) -> 7 | P30: =SUM(C30:N30) -> 44 | R30: 0300-0400 | S30: =SUM(C90:C93) -> 0 | T30: =SUM(D90:D93) -> 0 | U30: =SUM(E90:E93) -> 0 | V30: =SUM(F90:F93) -> 0 | W30: =SUM(G90:G93) -> 0 | X30: =SUM(H90:H93) -> 0 | Y30: =SUM(I90:I93) -> 1 | Z30: =SUM(J90:J93) -> 0 | ... AF30: =SUM(P90:P93) -> 1
B31: 12.15 - 12.30 | C31: 0 | D31: 0 | E31: 2 | F31: 0 | G31: 0 | H31: 0 | I31: 0 | J31: 0 | K31: 0 | L31: 0 | M31: 38 | N31: 0 | O31: =SUM(C31:L31,N31) -> 2 | P31: =SUM(C31:N31) -> 40 | R31: 0400-0500 | S31: =SUM(C94:C97) -> 2 | T31: =SUM(D94:D97) -> 1 | U31: =SUM(E94:E97) -> 1 | V31: =SUM(F94:F97) -> 0 | W31: =SUM(G94:G97) -> 0 | X31: =SUM(H94:H97) -> 0 | Y31: =SUM(I94:I97) -> 0 | Z31: =SUM(J94:J97) -> 1 | ... AF31: =SUM(P94:P97) -> 8
B32: 12.30 - 12.45 | C32: 2 | D32: 0 | E32: 1 | F32: 0 | G32: 0 | H32: 0 | I32: 1 | J32: 0 | K32: 0 | L32: 0 | M32: 31 | N32: 0 | O32: =SUM(C32:L32,N32) -> 4 | P32: =SUM(C32:N32) -> 35 | R32: 0500-0600 | S32: =SUM(C98:C101) -> 1 | T32: =SUM(D98:D101) -> 5 | U32: =SUM(E98:E101) -> 0 | V32: =SUM(F98:F101) -> 0 | W32: =SUM(G98:G101) -> 0 | X32: =SUM(H98:H101) -> 0 | Y32: =SUM(I98:I101) -> 1 | Z32: =SUM(J98:J101) -> 3 | ... AF32: =SUM(P98:P101) -> 26
B33: 12.45 - 13.00 | C33: 1 | D33: 0 | E33: 1 | F33: 0 | G33: 0 | H33: 0 | I33: 0 | J33: 0 | K33: 0 | L33: 0 | M33: 34 | N33: 0 | O33: =SUM(C33:L33,N33) -> 2 | P33: =SUM(C33:N33) -> 36 | R33: 0600-0700 | S33: =SUM(C102:C105) -> 3 | T33: =SUM(D102:D105) -> 1 | U33: =SUM(E102:E105) -> 1 | V33: =SUM(F102:F105) -> 0 | W33: =SUM(G102:G105) -> 0 | X33: =SUM(H102:H105) -> 0 | Y33: =SUM(I102:I105) -> 2 | Z33: =SUM(J102:J105) -> 0 | ... AF33: =SUM(P102:P105) -> 34
B34: 13.00 - 13.15 | C34: 2 | D34: 0 | E34: 2 | F34: 0 | G34: 0 | H34: 0 | I34: 0 | J34: 0 | K34: 0 | L34: 0 | M34: 24 | N34: 0 | O34: =SUM(C34:L34,N34) -> 4 | P34: =SUM(C34:N34) -> 28 | R34: AM Peak Hr | S34: =MAX(S10:S12) -> 10 | T34: =MAX(T10:T12) -> 5 | U34: =MAX(U10:U12) -> 3 | V34: =MAX(V10:V12) -> 0 | W34: =MAX(W10:W12) -> 0 | X34: =MAX(X10:X12) -> 0 | Y34: =MAX(Y10:Y12) -> 2 | Z34: =MAX(Z10:Z12) -> 0 | ... AF34: =MAX(AF10:AF12) -> 112
B35: 13.15 - 13.30 | C35: 0 | D35: 2 | E35: 0 | F35: 1 | G35: 0 | H35: 0 | I35: 0 | J35: 0 | K35: 0 | L35: 0 | M35: 32 | N35: 0 | O35: =SUM(C35:L35,N35) -> 3 | P35: =SUM(C35:N35) -> 35 | R35: IP Peak Hr | S35: =MAX(S13:S18) -> 8 | T35: =MAX(T13:T18) -> 7 | U35: =MAX(U13:U18) -> 6 | V35: =MAX(V13:V18) -> 1 | W35: =MAX(W13:W18) -> 0 | X35: =MAX(X13:X18) -> 0 | Y35: =MAX(Y13:Y18) -> 2 | Z35: =MAX(Z13:Z18) -> 4 | ... AF35: =MAX(AF13:AF18) -> 155
B36: 13.30 - 13.45 | C36: 2 | D36: 2 | E36: 2 | F36: 0 | G36: 0 | H36: 0 | I36: 0 | J36: 0 | K36: 0 | L36: 0 | M36: 27 | N36: 0 | O36: =SUM(C36:L36,N36) -> 6 | P36: =SUM(C36:N36) -> 33 | R36: PM Peak Hr | S36: =MAX(S19:S21) -> 13 | T36: =MAX(T19:T21) -> 7 | U36: =MAX(U19:U21) -> 5 | V36: =MAX(V19:V21) -> 1 | W36: =MAX(W19:W21) -> 0 | X36: =MAX(X19:X21) -> 1 | Y36: =MAX(Y19:Y21) -> 3 | Z36: =MAX(Z19:Z21) -> 7 | ... AF36: =MAX(AF19:AF21) -> 166
B37: 13.45 - 14.00 | C37: 1 | D37: 3 | E37: 0 | F37: 0 | G37: 0 | H37: 0 | I37: 1 | J37: 2 | K37: 0 | L37: 0 | M37: 26 | N37: 0 | O37: =SUM(C37:L37,N37) -> 7 | P37: =SUM(C37:N37) -> 33 | R37: AM Period | S37: =SUM(S10:S12) -> 18 | T37: =SUM(T10:T12) -> 11 | U37: =SUM(U10:U12) -> 6 | V37: =SUM(V10:V12) -> 0 | W37: =SUM(W10:W12) -> 0 | X37: =SUM(X10:X12) -> 0 | Y37: =SUM(Y10:Y12) -> 4 | Z37: =SUM(Z10:Z12) -> 0 | ... AF37: =SUM(AF10:AF12) -> 225
B38: 14.00 - 14.15 | C38: 2 | D38: 0 | E38: 2 | F38: 0 | G38: 0 | H38: 0 | I38: 1 | J38: 1 | K38: 0 | L38: 0 | M38: 28 | N38: 0 | O38: =SUM(C38:L38,N38) -> 6 | P38: =SUM(C38:N38) -> 34 | R38: IP Period | S38: =SUM(S13:S18) -> 33 | T38: =SUM(T13:T18) -> 23 | U38: =SUM(U13:U18) -> 24 | V38: =SUM(V13:V18) -> 3 | W38: =SUM(W13:W18) -> 0 | X38: =SUM(X13:X18) -> 0 | Y38: =SUM(Y13:Y18) -> 6 | Z38: =SUM(Z13:Z18) -> 14 | ... AF38: =SUM(AF13:AF18) -> 817
B39: 14.15 - 14.30 | C39: 2 | D39: 0 | E39: 0 | F39: 0 | G39: 0 | H39: 0 | I39: 0 | J39: 0 | K39: 0 | L39: 0 | M39: 23 | N39: 0 | O39: =SUM(C39:L39,N39) -> 2 | P39: =SUM(C39:N39) -> 25 | R39: PM Period | S39: =SUM(S19:S21) -> 29 | T39: =SUM(T19:T21) -> 16 | U39: =SUM(U19:U21) -> 13 | V39: =SUM(V19:V21) -> 1 | W39: =SUM(W19:W21) -> 0 | X39: =SUM(X19:X21) -> 1 | Y39: =SUM(Y19:Y21) -> 5 | Z39: =SUM(Z19:Z21) -> 15 | ... AF39: =SUM(AF19:AF21) -> 459
B40: 14.30 - 14.45 | C40: 0 | D40: 1 | E40: 2 | F40: 0 | G40: 0 | H40: 0 | I40: 0 | J40: 0 | K40: 0 | L40: 0 | M40: 33 | N40: 0 | O40: =SUM(C40:L40,N40) -> 3 | P40: =SUM(C40:N40) -> 36 | R40: 12 Hours | S40: =SUM(S10:S21) -> 80 | T40: =SUM(T10:T21) -> 50 | U40: =SUM(U10:U21) -> 43 | V40: =SUM(V10:V21) -> 4 | W40: =SUM(W10:W21) -> 0 | X40: =SUM(X10:X21) -> 1 | Y40: =SUM(Y10:Y21) -> 15 | Z40: =SUM(Z10:Z21) -> 29 | ... AF40: =SUM(AF10:AF21) -> 1501
B41: 14.45 - 15.00 | C41: 1 | D41: 1 | E41: 0 | F41: 0 | G41: 0 | H41: 0 | I41: 1 | J41: 1 | K41: 0 | L41: 0 | M41: 24 | N41: 0 | O41: =SUM(C41:L41,N41) -> 4 | P41: =SUM(C41:N41) -> 28 | R41: 24 Hrs/ADT | S41: =SUM(S10:S33) -> 101 | T41: =SUM(T10:T33) -> 62 | U41: =SUM(U10:U33) -> 52 | V41: =SUM(V10:V33) -> 6 | W41: =SUM(W10:W33) -> 0 | X41: =SUM(X10:X33) -> 1 | Y41: =SUM(Y10:Y33) -> 21 | Z41: =SUM(Z10:Z33) -> 42 | ... AF41: =SUM(AF10:AF33) -> 1843
B42: 15.00 - 15.15 | C42: 0 | D42: 0 | E42: 1 | F42: 0 | G42: 0 | H42: 0 | I42: 0 | J42: 1 | K42: 0 | L42: 0 | M42: 37 | N42: 0 | O42: =SUM(C42:L42,N42) -> 2 | P42: =SUM(C42:N42) -> 39 | R42: NEF | S42: =S41/S40 -> 1.2625 | T42: =T41/T40 -> 1.24 | U42: =U41/U40 -> 1.2093023 | V42: =V41/V40 -> 1.5 | W42: 0 | X42: =X41/X40 -> 1 | Y42: =Y41/Y40 -> 1.4 | Z42: =Z41/Z40 -> 1.4482759 | AA42: =AA41/AA40 -> 1 | AB42: 0 | AC42: =AC41/AC40 -> 1.2188235 | AD42: 0 | AE42: =AE41/AE40 -> 1.2787611 | AF42: =AF41/AF40 -> 1.2278481
B43: 15.15 - 15.30 | C43: 1 | D43: 1 | E43: 1 | F43: 0 | G43: 0 | H43: 0 | I43: 0 | J43: 1 | K43: 0 | L43: 0 | M43: 27 | N43: 0 | O43: =SUM(C43:L43,N43) -> 4 | P43: =SUM(C43:N43) -> 31
B44: 15.30 - 15.45 | C44: 4 | D44: 3 | E44: 0 | F44: 0 | G44: 0 | H44: 0 | I44: 0 | J44: 0 | K44: 0 | L44: 0 | M44: 24 | N44: 0 | O44: =SUM(C44:L44,N44) -> 7 | P44: =SUM(C44:N44) -> 31
B45: 15.45 - 16.00 | C45: 0 | D45: 0 | E45: 0 | F45: 0 | G45: 0 | H45: 0 | I45: 0 | J45: 2 | K45: 0 | L45: 0 | M45: 22 | N45: 0 | O45: =SUM(C45:L45,N45) -> 2 | P45: =SUM(C45:N45) -> 24
B46: 16.00 - 16.15 | C46: 4 | D46: 0 | E46: 1 | F46: 0 | G46: 0 | H46: 0 | I46: 0 | J46: 0 | K46: 0 | L46: 0 | M46: 22 | N46: 0 | O46: =SUM(C46:L46,N46) -> 5 | P46: =SUM(C46:N46) -> 27
B47: 16.15 -16.30 | C47: 2 | D47: 4 | E47: 1 | F47: 0 | G47: 0 | H47: 1 | I47: 0 | J47: 0 | K47: 0 | L47: 0 | M47: 36 | N47: 0 | O47: =SUM(C47:L47,N47) -> 8 | P47: =SUM(C47:N47) -> 44
B48: 16.30 -16.45 | C48: 2 | D48: 1 | E48: 0 | F48: 0 | G48: 0 | H48: 0 | I48: 0 | J48: 2 | K48: 0 | L48: 0 | M48: 32 | N48: 0 | O48: =SUM(C48:L48,N48) -> 5 | P48: =SUM(C48:N48) -> 37
B49: 16.45 -17.00 | C49: 5 | D49: 2 | E49: 2 | F49: 0 | G49: 0 | H49: 0 | I49: 1 | J49: 2 | K49: 0 | L49: 0 | M49: 34 | N49: 0 | O49: =SUM(C49:L49,N49) -> 12 | P49: =SUM(C49:N49) -> 46
B50: 17.00 -17.15 | C50: 2 | D50: 3 | E50: 0 | F50: 0 | G50: 0 | H50: 0 | I50: 0 | J50: 0 | K50: 0 | L50: 0 | M50: 32 | N50: 0 | O50: =SUM(C50:L50,N50) -> 5 | P50: =SUM(C50:N50) -> 37
B51: 17.15 -17.30 | C51: 0 | D51: 2 | E51: 2 | F51: 0 | G51: 0 | H51: 0 | I51: 0 | J51: 2 | K51: 0 | L51: 0 | M51: 42 | N51: 0 | O51: =SUM(C51:L51,N51) -> 6 | P51: =SUM(C51:N51) -> 48
B52: 17.30 -17.45 | C52: 1 | D52: 1 | E52: 2 | F52: 1 | G52: 0 | H52: 0 | I52: 0 | J52: 1 | K52: 0 | L52: 0 | M52: 33 | N52: 0 | O52: =SUM(C52:L52,N52) -> 6 | P52: =SUM(C52:N52) -> 39
B53: 17.45 -18.00 | C53: 5 | D53: 0 | E53: 1 | F53: 0 | G53: 0 | H53: 0 | I53: 1 | J53: 1 | K53: 0 | L53: 0 | M53: 34 | N53: 0 | O53: =SUM(C53:L53,N53) -> 8 | P53: =SUM(C53:N53) -> 42
B54: 18.00 - 18.15 | C54: 4 | D54: 0 | E54: 1 | F54: 0 | G54: 0 | H54: 0 | I54: 0 | J54: 0 | K54: 0 | L54: 0 | M54: 22 | N54: 0 | O54: =SUM(C54:L54,N54) -> 5 | P54: =SUM(C54:N54) -> 27
... B105: 06.45 - 07.00 | C105: 2 | D105: 0 | E105: 0 | F105: 0 | G105: 0 | H105: 0 | I105: 1 | J105: 0 | K105: 0 | L105: 0 | M105: 8 | N105: 0 | O105: =SUM(C105:L105,N105) -> 3 | P105: =SUM(C105:N105) -> 11
B106: Totals | C106: =SUM(C10:C105) -> 101 | D106: =SUM(D10:D105) -> 62 | E106: =SUM(E10:E105) -> 52 | F106: =SUM(F10:F105) -> 6 | G106: =SUM(G10:G105) -> 0 | H106: =SUM(H10:H105) -> 1 | I106: =SUM(I10:I105) -> 21 | J106: =SUM(J10:J105) -> 42 | ... P106: =SUM(P10:P105) -> 1843
B107: %ges + MCs | C107: =C106/$P$106 -> 0.054801953 | D107: =D106/$P$106 -> 0.033640803 | E107: =E106/$P$106 -> 0.028214867 | F107: =F106/$P$106 -> 0.0032555616 | G107: =G106/$P$106 -> 0 | H107: =H106/$P$106 -> 0.0005425936 | I107: =I106/$P$106 -> 0.011394466 | J107: =J106/$P$106 -> 0.022788931 | ... N107: =N106/$P$106 -> 0
B108: %ges w/o MCs | C108: =C106/$O$106 -> 0.34948097 | D108: =D106/$O$106 -> 0.21453287 | E108: =E106/$O$106 -> 0.1799308 | F108: =F106/$O$106 -> 0.020761246 | G108: =G106/$O$106 -> 0 | H108: =H106/$O$106 -> 0.0034602076 | I108: =I106/$O$106 -> 0.07266436 | J108: =J106/$O$106 -> 0.14532872 | ... L108: =L106/$O$106 -> 0 | N108: =N106/$O$106 -> 0

Sheet 25.10.19 KISORO-CYANIKA-24h
B1: Consultancy services for Preparation of Expressway Development Master Plan (EDMP) for Uganda
B2: MANUAL CLASSIFIED COUNT (MCC)
B3: ROAD NAME: | C3: KISORO ROAD
C5: Date | D5: 25.10.19 | F5: Location | G5: =#REF! -> #REF! | J5: Surveyor | K5: JOVANA BELLA
C6: Dir. From | D6: KISORO | F6: Dir. To | G6: CYANIKA | J6: Supervisor | K6: =#REF! -> #REF!
B8: Time / Veh Type | R8: SUMMARY TRAFFIC VOLUMES
C9: 1. Car | D9: 2. Station Wagon | E9: 3. Pickups | F9: 4. Minibus, matatu | G9: 5. Medium bus | H9: 6. Large Bus | I9: 7. Light Truck | J9: 8. Medium Truck | K9: 9. Heavy truck | L9: 10. Truck Trailer | M9: 11. Motor cycles | N9: 12. Tractors | O9: Total Excl M/Cycles | P9: Total All | R9: Time | S9: 1. Car | T9: 2. Station Wagon | U9: 3. Pickups | V9: 4. Minibus, matatu | W9: 5. Medium bus | X9: 6. Large Bus | Y9: 7. Light Truck | Z9: 8. Medium Truck | AA9: 9. Heavy truck | AB9: 10. Truck Trailer | AC9: 11. Motorcycles | AD9: 12. Tractors, Graders | AE9: Total Excl M/ Cycles | AF9: Total All
B10: 07.00 - 07.15 | C10: 2 | D10: 0 | E10: 1 | F10: 0 | G10: 0 | H10: 0 | I10: 0 | J10: 0 | K10: 0 | L10: 0 | M10: 15 | N10: 0 | O10: =SUM(C10:L10,N10) -> 3 | P10: =SUM(C10:N10) -> 18 | R10: 0700-0800 | S10: =SUM(C10:C13) -> 4 | T10: =SUM(D10:D13) -> 2 | U10: =SUM(E10:E13) -> 1 | V10: =SUM(F10:F13) -> 0 | W10: =SUM(G10:G13) -> 0 | X10: =SUM(H10:H13) -> 0 | Y10: =SUM(I10:I13) -> 0 | Z10: =SUM(J10:J13) -> 0 | ... AF10: =SUM(P10:P13) -> 63
B11: 07.15 - 07.30 | C11: 1 | D11: 1 | E11: 0 | F11: 0 | G11: 0 | H11: 0 | I11: 0 | J11: 0 | K11: 0 | L11: 0 | M11: 14 | N11: 0 | O11: =SUM(C11:L11,N11) -> 2 | P11: =SUM(C11:N11) -> 16 | R11: 0800-0900 | S11: =SUM(C14:C17) -> 0 | T11: =SUM(D14:D17) -> 2 | U11: =SUM(E14:E17) -> 2 | V11: =SUM(F14:F17) -> 0 | W11: =SUM(G14:G17) -> 0 | X11: =SUM(H14:H17) -> 0 | Y11: =SUM(I14:I17) -> 0 | Z11: =SUM(J14:J17) -> 1 | ... AF11: =SUM(P14:P17) -> 89
B12: 07.30 - 07.45 | C12: 0 | D12: 0 | E12: 0 | F12: 0 | G12: 0 | H12: 0 | I12: 0 | J12: 0 | K12: 0 | L12: 0 | M12: 11 | N12: 0 | O12: =SUM(C12:L12,N12) -> 0 | P12: =SUM(C12:N12) -> 11 | R12: 0900-1000 | S12: =SUM(C18:C21) -> 1 | T12: =SUM(D18:D21) -> 2 | U12: =SUM(E18:E21) -> 2 | V12: =SUM(F18:F21) -> 1 | W12: =SUM(G18:G21) -> 0 | X12: =SUM(H18:H21) -> 0 | Y12: =SUM(I18:I21) -> 1 | Z12: =SUM(J18:J21) -> 4 | ... AF12: =SUM(P18:P21) -> 133
B13: 07.45 - 08.00 | C13: 1 | D13: 1 | E13: 0 | F13: 0 | G13: 0 | H13: 0 | I13: 0 | J13: 0 | K13: 0 | L13: 0 | M13: 16 | N13: 0 | O13: =SUM(C13:L13,N13) -> 2 | P13: =SUM(C13:N13) -> 18 | R13: 1000-1100 | S13: =SUM(C22:C25) -> 9 | T13: =SUM(D22:D25) -> 2 | U13: =SUM(E22:E25) -> 4 | V13: =SUM(F22:F25) -> 0 | W13: =SUM(G22:G25) -> 0 | X13: =SUM(H22:H25) -> 0 | Y13: =SUM(I22:I25) -> 3 | Z13: =SUM(J22:J25) -> 3 | ... AF13: =SUM(P22:P25) -> 139
B14: 08.00 - 08.15 | C14: 0 | D14: 1 | E14: 2 | F14: 0 | G14: 0 | H14: 0 | I14: 0 | J14: 0 | K14: 0 | L14: 0 | M14: 18 | N14: 0 | O14: =SUM(C14:L14,N14) -> 3 | P14: =SUM(C14:N14) -> 21 | R14: 1100-1200 | S14: =SUM(C26:C29) -> 15 | T14: =SUM(D26:D29) -> 3 | U14: =SUM(E26:E29) -> 2 | V14: =SUM(F26:F29) -> 0 | W14: =SUM(G26:G29) -> 0 | X14: =SUM(H26:H29) -> 0 | Y14: =SUM(I26:I29) -> 1 | Z14: =SUM(J26:J29) -> 1 | ... AF14: =SUM(P26:P29) -> 179
B15: 08.15 - 08.30 | C15: 0 | D15: 0 | E15: 0 | F15: 0 | G15: 0 | H15: 0 | I15: 0 | J15: 1 | K15: 0 | L15: 0 | M15: 20 | N15: 0 | O15: =SUM(C15:L15,N15) -> 1 | P15: =SUM(C15:N15) -> 21 | R15: 1200-1300 | S15: =SUM(C30:C33) -> 9 | T15: =SUM(D30:D33) -> 3 | U15: =SUM(E30:E33) -> 8 | V15: =SUM(F30:F33) -> 0 | W15: =SUM(G30:G33) -> 0 | X15: =SUM(H30:H33) -> 0 | Y15: =SUM(I30:I33) -> 4 | Z15: =SUM(J30:J33) -> 1 | ... AF15: =SUM(P30:P33) -> 178
B16: 08.30 - 08.45 | C16: 0 | D16: 1 | E16: 0 | F16: 0 | G16: 0 | H16: 0 | I16: 0 | J16: 0 | K16: 0 | L16: 0 | M16: 21 | N16: 0 | O16: =SUM(C16:L16,N16) -> 1 | P16: =SUM(C16:N16) -> 22 | R16: 1300-1400 | S16: =SUM(C34:C37) -> 12 | T16: =SUM(D34:D37) -> 6 | U16: =SUM(E34:E37) -> 2 | V16: =SUM(F34:F37) -> 0 | W16: =SUM(G34:G37) -> 0 | X16: =SUM(H34:H37) -> 0 | Y16: =SUM(I34:I37) -> 3 | Z16: =SUM(J34:J37) -> 0 | ... AF16: =SUM(P34:P37) -> 150
B17: 08.45 - 9.00 | C17: 0 | D17: 0 | E17: 0 | F17: 0 | G17: 0 | H17: 0 | I17: 0 | J17: 0 | K17: 0 | L17: 0 | M17: 25 | N17: 0 | O17: =SUM(C17:L17,N17) -> 0 | P17: =SUM(C17:N17) -> 25 | R17: 1400-1500 | S17: =SUM(C38:C41) -> 6 | T17: =SUM(D38:D41) -> 2 | U17: =SUM(E38:E41) -> 3 | V17: =SUM(F38:F41) -> 0 | W17: =SUM(G38:G41) -> 0 | X17: =SUM(H38:H41) -> 1 | Y17: =SUM(I38:I41) -> 1 | Z17: =SUM(J38:J41) -> 0 | ... AF17: =SUM(P38:P41) -> 140
B18: 09.00 - 09.15 | C18: 1 | D18: 0 | E18: 1 | F18: 0 | G18: 0 | H18: 0 | I18: 0 | J18: 1 | K18: 0 | L18: 0 | M18: 29 | N18: 0 | O18: =SUM(C18:L18,N18) -> 3 | P18: =SUM(C18:N18) -> 32 | R18: 1500-1600 | S18: =SUM(C42:C45) -> 22 | T18: =SUM(D42:D45) -> 4 | U18: =SUM(E42:E45) -> 6 | V18: =SUM(F42:F45) -> 0 | W18: =SUM(G42:G45) -> 0 | X18: =SUM(H42:H45) -> 0 | Y18: =SUM(I42:I45) -> 1 | Z18: =SUM(J42:J45) -> 1 | ... AF18: =SUM(P42:P45) -> 178
B19: 09.15 - 09.30 | C19: 0 | D19: 1 | E19: 1 | F19: 1 | G19: 0 | H19: 0 | I19: 1 | J19: 0 | K19: 0 | L19: 0 | M19: 25 | N19: 0 | O19: =SUM(C19:L19,N19) -> 4 | P19: =SUM(C19:N19) -> 29 | R19: 1600-1700 | S19: =SUM(C46:C49) -> 17 | T19: =SUM(D46:D49) -> 6 | U19: =SUM(E46:E49) -> 4 | V19: =SUM(F46:F49) -> 0 | W19: =SUM(G46:G49) -> 0 | X19: =SUM(H46:H49) -> 0 | Y19: =SUM(I46:I49) -> 3 | Z19: =SUM(J46:J49) -> 1 | ... AF19: =SUM(P46:P49) -> 190
B20: 09.30 - 09.45 | C20: 0 | D20: 1 | E20: 0 | F20: 0 | G20: 0 | H20: 0 | I20: 0 | J20: 2 | K20: 0 | L20: 0 | M20: 30 | N20: 0 | O20: =SUM(C20:L20,N20) -> 3 | P20: =SUM(C20:N20) -> 33 | R20: 1700-1800 | S20: =SUM(C50:C53) -> 8 | T20: =SUM(D50:D53) -> 7 | U20: =SUM(E50:E53) -> 4 | V20: =SUM(F50:F53) -> 1 | W20: =SUM(G50:G53) -> 0 | X20: =SUM(H50:H53) -> 0 | Y20: =SUM(I50:I53) -> 1 | Z20: =SUM(J50:J53) -> 1 | ... AF20: =SUM(P50:P53) -> 206
B21: 09.45 - 10.00 | C21: 0 | D21: 0 | E21: 0 | F21: 0 | G21: 0 | H21: 0 | I21: 0 | J21: 1 | K21: 0 | L21: 0 | M21: 38 | N21: 0 | O21: =SUM(C21:L21,N21) -> 1 | P21: =SUM(C21:N21) -> 39 | R21: 1800-1900 | S21: =SUM(C54:C57) -> 8 | T21: =SUM(D54:D57) -> 8 | U21: =SUM(E54:E57) -> 7 | V21: =SUM(F54:F57) -> 0 | W21: =SUM(G54:G57) -> 0 | X21: =SUM(H54:H57) -> 0 | Y21: =SUM(I54:I57) -> 1 | Z21: =SUM(J54:J57) -> 2 | ... AF21: =SUM(P54:P57) -> 195
B22: 10.00 - 10.15 | C22: 0 | D22: 0 | E22: 3 | F22: 0 | G22: 0 | H22: 0 | I22: 1 | J22: 0 | K22: 0 | L22: 0 | M22: 29 | N22: 0 | O22: =SUM(C22:L22,N22) -> 4 | P22: =SUM(C22:N22) -> 33 | R22: 1900-2000 | S22: =SUM(C58:C61) -> 16 | T22: =SUM(D58:D61) -> 3 | U22: =SUM(E58:E61) -> 5 | V22: =SUM(F58:F61) -> 1 | W22: =SUM(G58:G61) -> 0 | X22: =SUM(H58:H61) -> 0 | Y22: =SUM(I58:I61) -> 4 | Z22: =SUM(J58:J61) -> 2 | ... AF22: =SUM(P58:P61) -> 243
B23: 10.15 - 10.30 | C23: 3 | D23: 0 | E23: 0 | F23: 0 | G23: 0 | H23: 0 | I23: 0 | J23: 1 | K23: 0 | L23: 0 | M23: 37 | N23: 0 | O23: =SUM(C23:L23,N23) -> 4 | P23: =SUM(C23:N23) -> 41 | R23: 2000-2100 | S23: =SUM(C62:C65) -> 13 | T23: =SUM(D62:D65) -> 1 | U23: =SUM(E62:E65) -> 3 | V23: =SUM(F62:F65) -> 1 | W23: =SUM(G62:G65) -> 0 | X23: =SUM(H62:H65) -> 0 | Y23: =SUM(I62:I65) -> 0 | Z23: =SUM(J62:J65) -> 0 | ... AF23: =SUM(P62:P65) -> 116
B24: 10.30 - 10.45 | C24: 3 | D24: 1 | E24: 1 | F24: 0 | G24: 0 | H24: 0 | I24: 1 | J24: 0 | K24: 0 | L24: 0 | M24: 31 | N24: 0 | O24: =SUM(C24:L24,N24) -> 6 | P24: =SUM(C24:N24) -> 37 | R24: 2100-2200 | S24: =SUM(C66:C69) -> 20 | T24: =SUM(D66:D69) -> 6 | U24: =SUM(E66:E69) -> 1 | V24: =SUM(F66:F69) -> 1 | W24: =SUM(G66:G69) -> 0 | X24: =SUM(H66:H69) -> 0 | Y24: =SUM(I66:I69) -> 0 | Z24: =SUM(J66:J69) -> 0 | ... AF24: =SUM(P66:P69) -> 79
B25: 10.45 - 11.00 | C25: 3 | D25: 1 | E25: 0 | F25: 0 | G25: 0 | H25: 0 | I25: 1 | J25: 2 | K25: 0 | L25: 0 | M25: 21 | N25: 0 | O25: =SUM(C25:L25,N25) -> 7 | P25: =SUM(C25:N25) -> 28 | R25: 2200-2300 | S25: =SUM(C70:C73) -> 18 | T25: =SUM(D70:D73) -> 2 | U25: =SUM(E70:E73) -> 2 | V25: =SUM(F70:F73) -> 0 | W25: =SUM(G70:G73) -> 0 | X25: =SUM(H70:H73) -> 0 | Y25: =SUM(I70:I73) -> 0 | Z25: =SUM(J70:J73) -> 0 | ... AF25: =SUM(P70:P73) -> 50
B26: 11.00 - 11.15 | C26: 3 | D26: 1 | E26: 1 | F26: 0 | G26: 0 | H26: 0 | I26: 0 | J26: 0 | K26: 0 | L26: 0 | M26: 44 | N26: 0 | O26: =SUM(C26:L26,N26) -> 5 | P26: =SUM(C26:N26) -> 49 | R26: 2300-0000 | S26: =SUM(C74:C77) -> 3 | T26: =SUM(D74:D77) -> 1 | U26: =SUM(E74:E77) -> 0 | V26: =SUM(F74:F77) -> 0 | W26: =SUM(G74:G77) -> 0 | X26: =SUM(H74:H77) -> 0 | Y26: =SUM(I74:I77) -> 0 | Z26: =SUM(J74:J77) -> 0 | ... AF26: =SUM(P74:P77) -> 15
B27: 11.15 - 11.30 | C27: 1 | D27: 1 | E27: 0 | F27: 0 | G27: 0 | H27: 0 | I27: 1 | J27: 1 | K27: 0 | L27: 0 | M27: 44 | N27: 0 | O27: =SUM(C27:L27,N27) -> 4 | P27: =SUM(C27:N27) -> 48 | R27: 0000-0100 | S27: =SUM(C78:C81) -> 2 | T27: =SUM(D78:D81) -> 0 | U27: =SUM(E78:E81) -> 0 | V27: =SUM(F78:F81) -> 0 | W27: =SUM(G78:G81) -> 0 | X27: =SUM(H78:H81) -> 0 | Y27: =SUM(I78:I81) -> 0 | Z27: =SUM(J78:J81) -> 0 | ... AF27: =SUM(P78:P81) -> 4
B28: 11.30 - 11.45 | C28: 3 | D28: 1 | E28: 1 | F28: 0 | G28: 0 | H28: 0 | I28: 0 | J28: 0 | K28: 0 | L28: 0 | M28: 28 | N28: 0 | O28: =SUM(C28:L28,N28) -> 5 | P28: =SUM(C28:N28) -> 33 | R28: 0100-0200 | S28: =SUM(C82:C85) -> 0 | T28: =SUM(D82:D85) -> 1 | U28: =SUM(E82:E85) -> 0 | V28: =SUM(F82:F85) -> 0 | W28: =SUM(G82:G85) -> 0 | X28: =SUM(H82:H85) -> 0 | Y28: =SUM(I82:I85) -> 0 | Z28: =SUM(J82:J85) -> 0 | ... AF28: =SUM(P82:P85) -> 2
B29: 11.45 - 12.00 | C29: 8 | D29: 0 | E29: 0 | F29: 0 | G29: 0 | H29: 0 | I29: 0 | J29: 0 | K29: 0 | L29: 0 | M29: 41 | N29: 0 | O29: =SUM(C29:L29,N29) -> 8 | P29: =SUM(C29:N29) -> 49 | R29: 0200-0300 | S29: =SUM(C86:C89) -> 0 | T29: =SUM(D86:D89) -> 0 | U29: =SUM(E86:E89) -> 0 | V29: =SUM(F86:F89) -> 0 | W29: =SUM(G86:G89) -> 0 | X29: =SUM(H86:H89) -> 0 | Y29: =SUM(I86:I89) -> 0 | Z29: =SUM(J86:J89) -> 1 | ... AF29: =SUM(P86:P89) -> 1
B30: 12.00 - 12.15 | C30: 0 | D30: 1 | E30: 3 | F30: 0 | G30: 0 | H30: 0 | I30: 1 | J30: 0 | K30: 0 | L30: 0 | M30: 41 | N30: 0 | O30: =SUM(C30:L30,N30) -> 5 | P30: =SUM(C30:N30) -> 46 | R30: 0300-0400 | S30: =SUM(C90:C93) -> 0 | T30: =SUM(D90:D93) -> 0 | U30: =SUM(E90:E93) -> 0 | V30: =SUM(F90:F93) -> 0 | W30: =SUM(G90:G93) -> 0 | X30: =SUM(H90:H93) -> 0 | Y30: =SUM(I90:I93) -> 0 | Z30: =SUM(J90:J93) -> 0 | ... AF30: =SUM(P90:P93) -> 0
B31: 12.15 - 12.30 | C31: 5 | D31: 0 | E31: 2 | F31: 0 | G31: 0 | H31: 0 | I31: 2 | J31: 0 | K31: 0 | L31: 0 | M31: 39 | N31: 0 | O31: =SUM(C31:L31,N31) -> 9 | P31: =SUM(C31:N31) -> 48 | R31: 0400-0500 | S31: =SUM(C94:C97) -> 2 | T31: =SUM(D94:D97) -> 0 | U31: =SUM(E94:E97) -> 0 | V31: =SUM(F94:F97) -> 0 | W31: =SUM(G94:G97) -> 0 | X31: =SUM(H94:H97) -> 0 | Y31: =SUM(I94:I97) -> 0 | Z31: =SUM(J94:J97) -> 0 | ... AF31: =SUM(P94:P97) -> 2
B32: 12.30 - 12.45 | C32: 1 | D32: 0 | E32: 1 | F32: 0 | G32: 0 | H32: 0 | I32: 0 | J32: 0 | K32: 0 | L32: 0 | M32: 33 | N32: 0 | O32: =SUM(C32:L32,N32) -> 2 | P32: =SUM(C32:N32) -> 35 | R32: 0500-0600 | S32: =SUM(C98:C101) -> 3 | T32: =SUM(D98:D101) -> 0 | U32: =SUM(E98:E101) -> 1 | V32: =SUM(F98:F101) -> 0 | W32: =SUM(G98:G101) -> 0 | X32: =SUM(H98:H101) -> 0 | Y32: =SUM(I98:I101) -> 0 | Z32: =SUM(J98:J101) -> 0 | ... AF32: =SUM(P98:P101) -> 8
B33: 12.45 - 13.00 | C33: 3 | D33: 2 | E33: 2 | F33: 0 | G33: 0 | H33: 0 | I33: 1 | J33: 1 | K33: 0 | L33: 0 | M33: 40 | N33: 0 | O33: =SUM(C33:L33,N33) -> 9 | P33: =SUM(C33:N33) -> 49 | R33: 0600-0700 | S33: =SUM(C102:C105) -> 1 | T33: =SUM(D102:D105) -> 1 | U33: =SUM(E102:E105) -> 0 | V33: =SUM(F102:F105) -> 1 | W33: =SUM(G102:G105) -> 0 | X33: =SUM(H102:H105) -> 0 | Y33: =SUM(I102:I105) -> 1 | Z33: =SUM(J102:J105) -> 0 | ... AF33: =SUM(P102:P105) -> 18
B34: 13.00 - 13.15 | C34: 2 | D34: 0 | E34: 0 | F34: 0 | G34: 0 | H34: 0 | I34: 1 | J34: 0 | K34: 0 | L34: 0 | M34: 29 | N34: 0 | O34: =SUM(C34:L34,N34) -> 3 | P34: =SUM(C34:N34) -> 32 | R34: AM Peak Hr | S34: =MAX(S10:S12) -> 4 | T34: =MAX(T10:T12) -> 2 | U34: =MAX(U10:U12) -> 2 | V34: =MAX(V10:V12) -> 1 | W34: =MAX(W10:W12) -> 0 | X34: =MAX(X10:X12) -> 0 | Y34: =MAX(Y10:Y12) -> 1 | Z34: =MAX(Z10:Z12) -> 4 | ... AF34: =MAX(AF10:AF12) -> 133
B35: 13.15 - 13.30 | C35: 4 | D35: 2 | E35: 1 | F35: 0 | G35: 0 | H35: 0 | I35: 0 | J35: 0 | K35: 0 | L35: 0 | M35: 30 | N35: 0 | O35: =SUM(C35:L35,N35) -> 7 | P35: =SUM(C35:N35) -> 37 | R35: IP Peak Hr | S35: =MAX(S13:S18) -> 22 | T35: =MAX(T13:T18) -> 6 | U35: =MAX(U13:U18) -> 8 | V35: =MAX(V13:V18) -> 0 | W35: =MAX(W13:W18) -> 0 | X35: =MAX(X13:X18) -> 1 | Y35: =MAX(Y13:Y18) -> 4 | Z35: =MAX(Z13:Z18) -> 3 | ... AF35: =MAX(AF13:AF18) -> 179
B36: 13.30 - 13.45 | C36: 4 | D36: 3 | E36: 1 | F36: 0 | G36: 0 | H36: 0 | I36: 1 | J36: 0 | K36: 0 | L36: 0 | M36: 35 | N36: 0 | O36: =SUM(C36:L36,N36) -> 9 | P36: =SUM(C36:N36) -> 44 | R36: PM Peak Hr | S36: =MAX(S19:S21) -> 17 | T36: =MAX(T19:T21) -> 8 | U36: =MAX(U19:U21) -> 7 | V36: =MAX(V19:V21) -> 1 | W36: =MAX(W19:W21) -> 0 | X36: =MAX(X19:X21) -> 0 | Y36: =MAX(Y19:Y21) -> 3 | Z36: =MAX(Z19:Z21) -> 2 | ... AF36: =MAX(AF19:AF21) -> 206
B37: 13.45 - 14.00 | C37: 2 | D37: 1 | E37: 0 | F37: 0 | G37: 0 | H37: 0 | I37: 1 | J37: 0 | K37: 0 | L37: 0 | M37: 33 | N37: 0 | O37: =SUM(C37:L37,N37) -> 4 | P37: =SUM(C37:N37) -> 37 | R37: AM Period | S37: =SUM(S10:S12) -> 5 | T37: =SUM(T10:T12) -> 6 | U37: =SUM(U10:U12) -> 5 | V37: =SUM(V10:V12) -> 1 | W37: =SUM(W10:W12) -> 0 | X37: =SUM(X10:X12) -> 0 | Y37: =SUM(Y10:Y12) -> 1 | Z37: =SUM(Z10:Z12) -> 5 | ... AF37: =SUM(AF10:AF12) -> 285
B38: 14.00 - 14.15 | C38: 3 | D38: 0 | E38: 1 | F38: 0 | G38: 0 | H38: 0 | I38: 0 | J38: 0 | K38: 0 | L38: 0 | M38: 31 | N38: 0 | O38: =SUM(C38:L38,N38) -> 4 | P38: =SUM(C38:N38) -> 35 | R38: IP Period | S38: =SUM(S13:S18) -> 73 | T38: =SUM(T13:T18) -> 20 | U38: =SUM(U13:U18) -> 25 | V38: =SUM(V13:V18) -> 0 | W38: =SUM(W13:W18) -> 0 | X38: =SUM(X13:X18) -> 1 | Y38: =SUM(Y13:Y18) -> 13 | Z38: =SUM(Z13:Z18) -> 6 | ... AF38: =SUM(AF13:AF18) -> 964
B39: 14.15 - 14.30 | C39: 2 | D39: 1 | E39: 0 | F39: 0 | G39: 0 | H39: 0 | I39: 0 | J39: 0 | K39: 0 | L39: 0 | M39: 24 | N39: 0 | O39: =SUM(C39:L39,N39) -> 3 | P39: =SUM(C39:N39) -> 27 | R39: PM Period | S39: =SUM(S19:S21) -> 33 | T39: =SUM(T19:T21) -> 21 | U39: =SUM(U19:U21) -> 15 | V39: =SUM(V19:V21) -> 1 | W39: =SUM(W19:W21) -> 0 | X39: =SUM(X19:X21) -> 0 | Y39: =SUM(Y19:Y21) -> 5 | Z39: =SUM(Z19:Z21) -> 4 | ... AF39: =SUM(AF19:AF21) -> 591
B40: 14.30 - 14.45 | C40: 0 | D40: 1 | E40: 2 | F40: 0 | G40: 0 | H40: 1 | I40: 0 | J40: 0 | K40: 0 | L40: 0 | M40: 43 | N40: 0 | O40: =SUM(C40:L40,N40) -> 4 | P40: =SUM(C40:N40) -> 47 | R40: 12 Hours | S40: =SUM(S10:S21) -> 111 | T40: =SUM(T10:T21) -> 47 | U40: =SUM(U10:U21) -> 45 | V40: =SUM(V10:V21) -> 2 | W40: =SUM(W10:W21) -> 0 | X40: =SUM(X10:X21) -> 1 | Y40: =SUM(Y10:Y21) -> 19 | Z40: =SUM(Z10:Z21) -> 15 | ... AF40: =SUM(AF10:AF21) -> 1840
B41: 14.45 - 15.00 | C41: 1 | D41: 0 | E41: 0 | F41: 0 | G41: 0 | H41: 0 | I41: 1 | J41: 0 | K41: 0 | L41: 0 | M41: 29 | N41: 0 | O41: =SUM(C41:L41,N41) -> 2 | P41: =SUM(C41:N41) -> 31 | R41: 24 Hrs/ADT | S41: =SUM(S10:S33) -> 189 | T41: =SUM(T10:T33) -> 62 | U41: =SUM(U10:U33) -> 57 | V41: =SUM(V10:V33) -> 6 | W41: =SUM(W10:W33) -> 0 | X41: =SUM(X10:X33) -> 1 | Y41: =SUM(Y10:Y33) -> 24 | Z41: =SUM(Z10:Z33) -> 18 | ... AF41: =SUM(AF10:AF33) -> 2378
B42: 15.00 - 15.15 | C42: 10 | D42: 3 | E42: 0 | F42: 0 | G42: 0 | H42: 0 | I42: 1 | J42: 0 | K42: 0 | L42: 0 | M42: 44 | N42: 0 | O42: =SUM(C42:L42,N42) -> 14 | P42: =SUM(C42:N42) -> 58 | R42: NEF | S42: =S41/S40 -> 1.7027027 | T42: =T41/T40 -> 1.3191489 | U42: =U41/U40 -> 1.2666667 | V42: =V41/V40 -> 3 | W42: =W41/W40 -> #DIV/0! | X42: =X41/X40 -> 1 | Y42: =Y41/Y40 -> 1.2631579 | Z42: =Z41/Z40 -> 1.2 | ... AF42: =AF41/AF40 -> 1.2923913
B43: 15.15 - 15.30 | C43: 7 | D43: 1 | E43: 4 | F43: 0 | G43: 0 | H43: 0 | I43: 0 | J43: 0 | K43: 0 | L43: 0 | M43: 31 | N43: 0 | O43: =SUM(C43:L43,N43) -> 12 | P43: =SUM(C43:N43) -> 43
B44: 15.30 - 15.45 | C44: 3 | D44: 0 | E44: 2 | F44: 0 | G44: 0 | H44: 0 | I44: 0 | J44: 1 | K44: 0 | L44: 0 | M44: 32 | N44: 0 | O44: =SUM(C44:L44,N44) -> 6 | P44: =SUM(C44:N44) -> 38
B45: 15.45 - 16.00 | C45: 2 | D45: 0 | E45: 0 | F45: 0 | G45: 0 | H45: 0 | I45: 0 | J45: 0 | K45: 0 | L45: 0 | M45: 37 | N45: 0 | O45: =SUM(C45:L45,N45) -> 2 | P45: =SUM(C45:N45) -> 39
B46: 16.00 - 16.15 | C46: 4 | D46: 1 | E46: 2 | F46: 0 | G46: 0 | H46: 0 | I46: 1 | J46: 0 | K46: 0 | L46: 0 | M46: 37 | N46: 0 | O46: =SUM(C46:L46,N46) -> 8 | P46: =SUM(C46:N46) -> 45
B47: 16.15 -16.30 | C47: 5 | D47: 3 | E47: 0 | F47: 0 | G47: 0 | H47: 0 | I47: 1 | J47: 0 | K47: 0 | L47: 0 | M47: 39 | N47: 0 | O47: =SUM(C47:L47,N47) -> 9 | P47: =SUM(C47:N47) -> 48
B48: 16.30 -16.45 | C48: 3 | D48: 0 | E48: 2 | F48: 0 | G48: 0 | H48: 0 | I48: 0 | J48: 1 | K48: 0 | L48: 0 | M48: 45 | N48: 0 | O48: =SUM(C48:L48,N48) -> 6 | P48: =SUM(C48:N48) -> 51
B49: 16.45 -17.00 | C49: 5 | D49: 2 | E49: 0 | F49: 0 | G49: 0 | H49: 0 | I49: 1 | J49: 0 | K49: 0 | L49: 0 | M49: 38 | N49: 0 | O49: =SUM(C49:L49,N49) -> 8 | P49: =SUM(C49:N49) -> 46
B50: 17.00 -17.15 | C50: 2 | D50: 3 | E50: 1 | F50: 0 | G50: 0 | H50: 0 | I50: 0 | J50: 0 | K50: 0 | L50: 0 | M50: 43 | N50: 0 | O50: =SUM(C50:L50,N50) -> 6 | P50: =SUM(C50:N50) -> 49
B51: 17.15 -17.30 | C51: 3 | D51: 1 | E51: 1 | F51: 1 | G51: 0 | H51: 0 | I51: 1 | J51: 0 | K51: 0 | L51: 0 | M51: 39 | N51: 0 | O51: =SUM(C51:L51,N51) -> 7 | P51: =SUM(C51:N51) -> 46
B52: 17.30 -17.45 | C52: 0 | D52: 0 | E52: 0 | F52: 0 | G52: 0 | H52: 0 | I52: 0 | J52: 1 | K52: 0 | L52: 0 | M52: 45 | N52: 0 | O52: =SUM(C52:L52,N52) -> 1 | P52: =SUM(C52:N52) -> 46
B53: 17.45 -18.00 | C53: 3 | D53: 3 | E53: 2 | F53: 0 | G53: 0 | H53: 0 | I53: 0 | J53: 0 | K53: 0 | L53: 0 | M53: 57 | N53: 0 | O53: =SUM(C53:L53,N53) -> 8 | P53: =SUM(C53:N53) -> 65
B54: 18.00 - 18.15 | C54: 2 | D54: 3 | E54: 1 | F54: 0 | G54: 0 | H54: 0 | I54: 0 | J54: 0 | K54: 0 | L54: 0 | M54: 43 | N54: 0 | O54: =SUM(C54:L54,N54) -> 6 | P54: =SUM(C54:N54) -> 49
... B105: 06.45 - 07.00 | C105: 0 | D105: 0 | E105: 0 | F105: 1 | G105: 0 | H105: 0 | I105: 0 | J105: 0 | K105: 0 | L105: 0 | M105: 7 | N105: 0 | O105: =SUM(C105:L105,N105) -> 1 | P105: =SUM(C105:N105) -> 8
B106: Totals | C106: =SUM(C10:C105) -> 189 | D106: =SUM(D10:D105) -> 62 | E106: =SUM(E10:E105) -> 57 | F106: =SUM(F10:F105) -> 6 | G106: =SUM(G10:G105) -> 0 | H106: =SUM(H10:H105) -> 1 | I106: =SUM(I10:I105) -> 24 | J106: =SUM(J10:J105) -> 18 | ... P106: =SUM(P10:P105) -> 2378
B107: %ges + MCs | C107: =C106/$P$106 -> 0.079478553 | D107: =D106/$P$106 -> 0.02607233 | E107: =E106/$P$106 -> 0.023969722 | F107: =F106/$P$106 -> 0.0025231287 | G107: =G106/$P$106 -> 0 | H107: =H106/$P$106 -> 0.00042052145 | I107: =I106/$P$106 -> 0.010092515 | J107: =J106/$P$106 -> 0.007569386 | ... N107: =N106/$P$106 -> 0
B108: %ges w/o MCs | C108: =C106/$O$106 -> 0.52941176 | D108: =D106/$O$106 -> 0.17366947 | E108: =E106/$O$106 -> 0.15966387 | F108: =F106/$O$106 -> 0.016806723 | G108: =G106/$O$106 -> 0 | H108: =H106/$O$106 -> 0.0028011204 | I108: =I106/$O$106 -> 0.067226891 | J108: =J106/$O$106 -> 0.050420168 | ... L108: =L106/$O$106 -> 0 | N108: =N106/$O$106 -> 0

Sheet 26.10 CYANIKA-KISORO
B1: Consultancy services for Preparation of Expressway Development Master Plan (EDMP) for Uganda
B2: MANUAL CLASSIFIED COUNT (MCC)
B3: ROAD NAME: | C3: ='27.10 KISORO-CYANIKA'!C3:G3 -> MCC - C4 - STN135 - KISORO ROAD
C5: Date | D5: 26.10.19 | F5: Location | G5: ='27.10 CYANIKA-KISORO'!G5:H5 -> STATION 135 | J5: Surveyor | K5: ='27.10 CYANIKA-KISORO'!K5:L5 -> COMFORT AHEBWA
C6: Dir. From | D6: ='27.10 CYANIKA-KISORO'!D6:E6 -> CYANIKA | F6: Dir. To | G6: ='27.10 CYANIKA-KISORO'!G6:H6 -> KISORO | J6: Supervisor | K6: ='27.10 CYANIKA-KISORO'!K6:L6 -> BELLA
B8: Time / Veh Type | R8: SUMMARY TRAFFIC VOLUMES
C9: 1. Car | D9: 2. Station Wagon | E9: 3. Pickups | F9: 4. Minibus, matatu | G9: 5. Medium bus | H9: 6. Large Bus | I9: 7. Light Truck | J9: 8. Medium Truck | K9: 9. Heavy truck | L9: 10. Truck Trailer | M9: 11. Motor cycles | N9: 12. Tractors | O9: Total Excl M/Cycles | P9: Total All | R9: Time | S9: 1. Car | T9: 2. Station Wagon | U9: 3. Pickups | V9: 4. Minibus, matatu | W9: 5. Medium bus | X9: 6. Large Bus | Y9: 7. Light Truck | Z9: 8. Medium Truck | AA9: 9. Heavy truck | AB9: 10. Truck Trailer | AC9: 11. Motorcycles | AD9: 12. Tractors, Graders | AE9: Total Excl M/ Cycles | AF9: Total All
B10: 07.00 - 07.15 | C10: 0 | D10: 1 | E10: 0 | F10: 0 | G10: 0 | H10: 0 | I10: 0 | J10: 0 | K10: 0 | L10: 0 | M10: 12 | N10: 0 | O10: =SUM(C10:L10,N10) -> 1 | P10: =SUM(C10:N10) -> 13 | R10: 0700-0800 | S10: =SUM(C10:C13) -> 8 | T10: =SUM(D10:D13) -> 3 | U10: =SUM(E10:E13) -> 0 | V10: =SUM(F10:F13) -> 0 | W10: =SUM(G10:G13) -> 0 | X10: =SUM(H10:H13) -> 0 | Y10: =SUM(I10:I13) -> 0 | Z10: =SUM(J10:J13) -> 1 | ... AF10: =SUM(P10:P13) -> 53
B11: 07.15 - 07.30 | C11: 3 | D11: 0 | E11: 0 | F11: 0 | G11: 0 | H11: 0 | I11: 0 | J11: 0 | K11: 0 | L11: 0 | M11: 12 | N11: 0 | O11: =SUM(C11:L11,N11) -> 3 | P11: =SUM(C11:N11) -> 15 | R11: 0800-0900 | S11: =SUM(C14:C17) -> 4 | T11: =SUM(D14:D17) -> 1 | U11: =SUM(E14:E17) -> 4 | V11: =SUM(F14:F17) -> 0 | W11: =SUM(G14:G17) -> 0 | X11: =SUM(H14:H17) -> 0 | Y11: =SUM(I14:I17) -> 2 | Z11: =SUM(J14:J17) -> 0 | ... AF11: =SUM(P14:P17) -> 51
B12: 07.30 - 07.45 | C12: 1 | D12: 1 | E12: 0 | F12: 0 | G12: 0 | H12: 0 | I12: 0 | J12: 0 | K12: 0 | L12: 0 | M12: 6 | N12: 0 | O12: =SUM(C12:L12,N12) -> 2 | P12: =SUM(C12:N12) -> 8 | R12: 0900-1000 | S12: =SUM(C18:C21) -> 10 | T12: =SUM(D18:D21) -> 4 | U12: =SUM(E18:E21) -> 0 | V12: =SUM(F18:F21) -> 1 | W12: =SUM(G18:G21) -> 0 | X12: =SUM(H18:H21) -> 0 | Y12: =SUM(I18:I21) -> 0 | Z12: =SUM(J18:J21) -> 4 | ... AF12: =SUM(P18:P21) -> 92
B13: 07.45 - 08.00 | C13: 4 | D13: 1 | E13: 0 | F13: 0 | G13: 0 | H13: 0 | I13: 0 | J13: 1 | K13: 0 | L13: 0 | M13: 11 | N13: 0 | O13: =SUM(C13:L13,N13) -> 6 | P13: =SUM(C13:N13) -> 17 | R13: 1000-1100 | S13: =SUM(C22:C25) -> 8 | T13: =SUM(D22:D25) -> 3 | U13: =SUM(E22:E25) -> 4 | V13: =SUM(F22:F25) -> 1 | W13: =SUM(G22:G25) -> 0 | X13: =SUM(H22:H25) -> 0 | Y13: =SUM(I22:I25) -> 1 | Z13: =SUM(J22:J25) -> 1 | ... AF13: =SUM(P22:P25) -> 134
B14: 08.00 - 08.15 | C14: 2 | D14: 0 | E14: 2 | F14: 0 | G14: 0 | H14: 0 | I14: 0 | J14: 0 | K14: 0 | L14: 0 | M14: 9 | N14: 0 | O14: =SUM(C14:L14,N14) -> 4 | P14: =SUM(C14:N14) -> 13 | R14: 1100-1200 | S14: =SUM(C26:C29) -> 14 | T14: =SUM(D26:D29) -> 5 | U14: =SUM(E26:E29) -> 1 | V14: =SUM(F26:F29) -> 1 | W14: =SUM(G26:G29) -> 0 | X14: =SUM(H26:H29) -> 0 | Y14: =SUM(I26:I29) -> 1 | Z14: =SUM(J26:J29) -> 2 | ... AF14: =SUM(P26:P29) -> 152
B15: 08.15 - 08.30 | C15: 0 | D15: 0 | E15: 0 | F15: 0 | G15: 0 | H15: 0 | I15: 1 | J15: 0 | K15: 0 | L15: 0 | M15: 4 | N15: 0 | O15: =SUM(C15:L15,N15) -> 1 | P15: =SUM(C15:N15) -> 5 | R15: 1200-1300 | S15: =SUM(C30:C33) -> 6 | T15: =SUM(D30:D33) -> 3 | U15: =SUM(E30:E33) -> 5 | V15: =SUM(F30:F33) -> 0 | W15: =SUM(G30:G33) -> 0 | X15: =SUM(H30:H33) -> 0 | Y15: =SUM(I30:I33) -> 0 | Z15: =SUM(J30:J33) -> 3 | ... AF15: =SUM(P30:P33) -> 128
B16: 08.30 - 08.45 | C16: 0 | D16: 0 | E16: 1 | F16: 0 | G16: 0 | H16: 0 | I16: 1 | J16: 0 | K16: 0 | L16: 0 | M16: 12 | N16: 0 | O16: =SUM(C16:L16,N16) -> 2 | P16: =SUM(C16:N16) -> 14 | R16: 1300-1400 | S16: =SUM(C34:C37) -> 10 | T16: =SUM(D34:D37) -> 2 | U16: =SUM(E34:E37) -> 3 | V16: =SUM(F34:F37) -> 0 | W16: =SUM(G34:G37) -> 0 | X16: =SUM(H34:H37) -> 0 | Y16: =SUM(I34:I37) -> 1 | Z16: =SUM(J34:J37) -> 3 | ... AF16: =SUM(P34:P37) -> 138
B17: 08.45 - 9.00 | C17: 2 | D17: 1 | E17: 1 | F17: 0 | G17: 0 | H17: 0 | I17: 0 | J17: 0 | K17: 0 | L17: 0 | M17: 15 | N17: 0 | O17: =SUM(C17:L17,N17) -> 4 | P17: =SUM(C17:N17) -> 19 | R17: 1400-1500 | S17: =SUM(C38:C41) -> 6 | T17: =SUM(D38:D41) -> 6 | U17: =SUM(E38:E41) -> 2 | V17: =SUM(F38:F41) -> 1 | W17: =SUM(G38:G41) -> 0 | X17: =SUM(H38:H41) -> 0 | Y17: =SUM(I38:I41) -> 1 | Z17: =SUM(J38:J41) -> 2 | ... AF17: =SUM(P38:P41) -> 111
B18: 09.00 - 09.15 | C18: 1 | D18: 0 | E18: 0 | F18: 0 | G18: 0 | H18: 0 | I18: 0 | J18: 1 | K18: 0 | L18: 0 | M18: 14 | N18: 0 | O18: =SUM(C18:L18,N18) -> 2 | P18: =SUM(C18:N18) -> 16 | R18: 1500-1600 | S18: =SUM(C42:C45) -> 5 | T18: =SUM(D42:D45) -> 3 | U18: =SUM(E42:E45) -> 2 | V18: =SUM(F42:F45) -> 0 | W18: =SUM(G42:G45) -> 0 | X18: =SUM(H42:H45) -> 0 | Y18: =SUM(I42:I45) -> 0 | Z18: =SUM(J42:J45) -> 3 | ... AF18: =SUM(P42:P45) -> 130
B19: 09.15 - 09.30 | C19: 3 | D19: 0 | E19: 0 | F19: 1 | G19: 0 | H19: 0 | I19: 0 | J19: 0 | K19: 0 | L19: 0 | M19: 12 | N19: 0 | O19: =SUM(C19:L19,N19) -> 4 | P19: =SUM(C19:N19) -> 16 | R19: 1600-1700 | S19: =SUM(C46:C49) -> 5 | T19: =SUM(D46:D49) -> 0 | U19: =SUM(E46:E49) -> 2 | V19: =SUM(F46:F49) -> 0 | W19: =SUM(G46:G49) -> 0 | X19: =SUM(H46:H49) -> 0 | Y19: =SUM(I46:I49) -> 0 | Z19: =SUM(J46:J49) -> 4 | ... AF19: =SUM(P46:P49) -> 132
B20: 09.30 - 09.45 | C20: 2 | D20: 4 | E20: 0 | F20: 0 | G20: 0 | H20: 0 | I20: 0 | J20: 3 | K20: 0 | L20: 0 | M20: 26 | N20: 0 | O20: =SUM(C20:L20,N20) -> 9 | P20: =SUM(C20:N20) -> 35 | R20: 1700-1800 | S20: =SUM(C50:C53) -> 5 | T20: =SUM(D50:D53) -> 3 | U20: =SUM(E50:E53) -> 2 | V20: =SUM(F50:F53) -> 0 | W20: =SUM(G50:G53) -> 0 | X20: =SUM(H50:H53) -> 0 | Y20: =SUM(I50:I53) -> 0 | Z20: =SUM(J50:J53) -> 6 | ... AF20: =SUM(P50:P53) -> 138
B21: 09.45 - 10.00 | C21: 4 | D21: 0 | E21: 0 | F21: 0 | G21: 0 | H21: 0 | I21: 0 | J21: 0 | K21: 0 | L21: 0 | M21: 21 | N21: 0 | O21: =SUM(C21:L21,N21) -> 4 | P21: =SUM(C21:N21) -> 25 | R21: 1800-1900 | S21: =SUM(C54:C57) -> 9 | T21: =SUM(D54:D57) -> 1 | U21: =SUM(E54:E57) -> 2 | V21: =SUM(F54:F57) -> 0 | W21: =SUM(G54:G57) -> 0 | X21: =SUM(H54:H57) -> 0 | Y21: =SUM(I54:I57) -> 0 | Z21: =SUM(J54:J57) -> 6 | ... AF21: =SUM(P54:P57) -> 151
B22: 10.00 - 10.15 | C22: 0 | D22: 1 | E22: 2 | F22: 0 | G22: 0 | H22: 0 | I22: 0 | J22: 0 | K22: 0 | L22: 0 | M22: 22 | N22: 0 | O22: =SUM(C22:L22,N22) -> 3 | P22: =SUM(C22:N22) -> 25 | R22: AM Peak Hr | S22: =MAX(S10:S12) -> 10 | T22: =MAX(T10:T12) -> 4 | U22: =MAX(U10:U12) -> 4 | V22: =MAX(V10:V12) -> 1 | W22: =MAX(W10:W12) -> 0 | X22: =MAX(X10:X12) -> 0 | Y22: =MAX(Y10:Y12) -> 2 | Z22: =MAX(Z10:Z12) -> 4 | ... AF22: =MAX(AF10:AF12) -> 92
B23: 10.15 - 10.30 | C23: 4 | D23: 1 | E23: 0 | F23: 1 | G23: 0 | H23: 0 | I23: 0 | J23: 1 | K23: 0 | L23: 0 | M23: 31 | N23: 0 | O23: =SUM(C23:L23,N23) -> 7 | P23: =SUM(C23:N23) -> 38 | R23: IP Peak Hr | S23: =MAX(S13:S18) -> 14 | T23: =MAX(T13:T18) -> 6 | U23: =MAX(U13:U18) -> 5 | V23: =MAX(V13:V18) -> 1 | W23: =MAX(W13:W18) -> 0 | X23: =MAX(X13:X18) -> 0 | Y23: =MAX(Y13:Y18) -> 1 | Z23: =MAX(Z13:Z18) -> 3 | ... AF23: =MAX(AF13:AF18) -> 152
B24: 10.30 - 10.45 | C24: 0 | D24: 1 | E24: 1 | F24: 0 | G24: 0 | H24: 0 | I24: 1 | J24: 0 | K24: 0 | L24: 0 | M24: 36 | N24: 0 | O24: =SUM(C24:L24,N24) -> 3 | P24: =SUM(C24:N24) -> 39 | R24: PM Peak Hr | S24: =MAX(S19:S21) -> 9 | T24: =MAX(T19:T21) -> 3 | U24: =MAX(U19:U21) -> 2 | V24: =MAX(V19:V21) -> 0 | W24: =MAX(W19:W21) -> 0 | X24: =MAX(X19:X21) -> 0 | Y24: =MAX(Y19:Y21) -> 0 | Z24: =MAX(Z19:Z21) -> 6 | ... AF24: =MAX(AF19:AF21) -> 151
B25: 10.45 - 11.00 | C25: 4 | D25: 0 | E25: 1 | F25: 0 | G25: 0 | H25: 0 | I25: 0 | J25: 0 | K25: 0 | L25: 0 | M25: 27 | N25: 0 | O25: =SUM(C25:L25,N25) -> 5 | P25: =SUM(C25:N25) -> 32 | R25: AM Period | S25: =SUM(S10:S12) -> 22 | T25: =SUM(T10:T12) -> 8 | U25: =SUM(U10:U12) -> 4 | V25: =SUM(V10:V12) -> 1 | W25: =SUM(W10:W12) -> 0 | X25: =SUM(X10:X12) -> 0 | Y25: =SUM(Y10:Y12) -> 2 | Z25: =SUM(Z10:Z12) -> 5 | ... AF25: =SUM(AF10:AF12) -> 196
B26: 11.00 - 11.15 | C26: 5 | D26: 1 | E26: 0 | F26: 0 | G26: 0 | H26: 0 | I26: 1 | J26: 1 | K26: 0 | L26: 0 | M26: 29 | N26: 0 | O26: =SUM(C26:L26,N26) -> 8 | P26: =SUM(C26:N26) -> 37 | R26: IP Period | S26: =SUM(S13:S18) -> 49 | T26: =SUM(T13:T18) -> 22 | U26: =SUM(U13:U18) -> 17 | V26: =SUM(V13:V18) -> 3 | W26: =SUM(W13:W18) -> 0 | X26: =SUM(X13:X18) -> 0 | Y26: =SUM(Y13:Y18) -> 4 | Z26: =SUM(Z13:Z18) -> 14 | ... AF26: =SUM(AF13:AF18) -> 793
B27: 11.15 - 11.30 | C27: 4 | D27: 2 | E27: 1 | F27: 0 | G27: 0 | H27: 0 | I27: 0 | J27: 0 | K27: 0 | L27: 0 | M27: 30 | N27: 0 | O27: =SUM(C27:L27,N27) -> 7 | P27: =SUM(C27:N27) -> 37 | R27: PM Period | S27: =SUM(S19:S21) -> 19 | T27: =SUM(T19:T21) -> 4 | U27: =SUM(U19:U21) -> 6 | V27: =SUM(V19:V21) -> 0 | W27: =SUM(W19:W21) -> 0 | X27: =SUM(X19:X21) -> 0 | Y27: =SUM(Y19:Y21) -> 0 | Z27: =SUM(Z19:Z21) -> 16 | ... AF27: =SUM(AF19:AF21) -> 421
B28: 11.30 - 11.45 | C28: 2 | D28: 0 | E28: 0 | F28: 0 | G28: 0 | H28: 0 | I28: 0 | J28: 1 | K28: 0 | L28: 0 | M28: 38 | N28: 0 | O28: =SUM(C28:L28,N28) -> 3 | P28: =SUM(C28:N28) -> 41 | R28: 12 Hours | S28: =SUM(S10:S21) -> 90 | T28: =SUM(T10:T21) -> 34 | U28: =SUM(U10:U21) -> 27 | V28: =SUM(V10:V21) -> 4 | W28: =SUM(W10:W21) -> 0 | X28: =SUM(X10:X21) -> 0 | Y28: =SUM(Y10:Y21) -> 6 | Z28: =SUM(Z10:Z21) -> 35 | ... AF28: =SUM(AF10:AF21) -> 1410
B29: 11.45 - 12.00 | C29: 3 | D29: 2 | E29: 0 | F29: 1 | G29: 0 | H29: 0 | I29: 0 | J29: 0 | K29: 0 | L29: 0 | M29: 31 | N29: 0 | O29: =SUM(C29:L29,N29) -> 6 | P29: =SUM(C29:N29) -> 37
B30: 12.00 - 12.15 | C30: 2 | D30: 0 | E30: 1 | F30: 0 | G30: 0 | H30: 0 | I30: 0 | J30: 0 | K30: 0 | L30: 0 | M30: 23 | N30: 0 | O30: =SUM(C30:L30,N30) -> 3 | P30: =SUM(C30:N30) -> 26
B31: 12.15 - 12.30 | C31: 1 | D31: 1 | E31: 2 | F31: 0 | G31: 0 | H31: 0 | I31: 0 | J31: 1 | K31: 0 | L31: 0 | M31: 29 | N31: 0 | O31: =SUM(C31:L31,N31) -> 5 | P31: =SUM(C31:N31) -> 34
B32: 12.30 - 12.45 | C32: 2 | D32: 1 | E32: 1 | F32: 0 | G32: 0 | H32: 0 | I32: 0 | J32: 1 | K32: 0 | L32: 0 | M32: 21 | N32: 0 | O32: =SUM(C32:L32,N32) -> 5 | P32: =SUM(C32:N32) -> 26
B33: 12.45 - 13.00 | C33: 1 | D33: 1 | E33: 1 | F33: 0 | G33: 0 | H33: 0 | I33: 0 | J33: 1 | K33: 0 | L33: 0 | M33: 38 | N33: 0 | O33: =SUM(C33:L33,N33) -> 4 | P33: =SUM(C33:N33) -> 42
B34: 13.00 - 13.15 | C34: 3 | D34: 1 | E34: 0 | F34: 0 | G34: 0 | H34: 0 | I34: 1 | J34: 0 | K34: 0 | L34: 0 | M34: 25 | N34: 0 | O34: =SUM(C34:L34,N34) -> 5 | P34: =SUM(C34:N34) -> 30
B35: 13.15 - 13.30 | C35: 3 | D35: 0 | E35: 1 | F35: 0 | G35: 0 | H35: 0 | I35: 0 | J35: 1 | K35: 0 | L35: 0 | M35: 39 | N35: 0 | O35: =SUM(C35:L35,N35) -> 5 | P35: =SUM(C35:N35) -> 44
B36: 13.30 - 13.45 | C36: 3 | D36: 1 | E36: 2 | F36: 0 | G36: 0 | H36: 0 | I36: 0 | J36: 1 | K36: 0 | L36: 0 | M36: 22 | N36: 0 | O36: =SUM(C36:L36,N36) -> 7 | P36: =SUM(C36:N36) -> 29
B37: 13.45 - 14.00 | C37: 1 | D37: 0 | E37: 0 | F37: 0 | G37: 0 | H37: 0 | I37: 0 | J37: 1 | K37: 0 | L37: 0 | M37: 33 | N37: 0 | O37: =SUM(C37:L37,N37) -> 2 | P37: =SUM(C37:N37) -> 35
B38: 14.00 - 14.15 | C38: 1 | D38: 2 | E38: 2 | F38: 0 | G38: 0 | H38: 0 | I38: 1 | J38: 0 | K38: 0 | L38: 0 | M38: 24 | N38: 0 | O38: =SUM(C38:L38,N38) -> 6 | P38: =SUM(C38:N38) -> 30
B39: 14.15 - 14.30 | C39: 1 | D39: 1 | E39: 0 | F39: 1 | G39: 0 | H39: 0 | I39: 0 | J39: 0 | K39: 0 | L39: 0 | M39: 19 | N39: 0 | O39: =SUM(C39:L39,N39) -> 3 | P39: =SUM(C39:N39) -> 22
B40: 14.30 - 14.45 | C40: 3 | D40: 2 | E40: 0 | F40: 0 | G40: 0 | H40: 0 | I40: 0 | J40: 2 | K40: 0 | L40: 0 | M40: 22 | N40: 0 | O40: =SUM(C40:L40,N40) -> 7 | P40: =SUM(C40:N40) -> 29
... B57: 18.45 - 19.00 | C57: 3 | D57: 1 | E57: 1 | F57: 0 | G57: 0 | H57: 0 | I57: 0 | J57: 1 | K57: 0 | L57: 0 | M57: 39 | N57: 0 | O57: =SUM(C57:L57,N57) -> 6 | P57: =SUM(C57:N57) -> 45
B58: Totals | C58: =SUM(C10:C57) -> 90 | D58: =SUM(D10:D57) -> 34 | E58: =SUM(E10:E57) -> 27 | F58: =SUM(F10:F57) -> 4 | G58: =SUM(G10:G57) -> 0 | H58: =SUM(H10:H57) -> 0 | I58: =SUM(I10:I57) -> 6 | J58: =SUM(J10:J57) -> 35 | ... P58: =SUM(P10:P57) -> 1410
B59: %ges + MCs | C59: =C58/$P$58 -> 0.063829787 | D59: =D58/$P$58 -> 0.024113475 | E59: =E58/$P$58 -> 0.019148936 | F59: =F58/$P$58 -> 0.0028368794 | G59: =G58/$P$58 -> 0 | H59: =H58/$P$58 -> 0 | I59: =I58/$P$58 -> 0.0042553191 | J59: =J58/$P$58 -> 0.024822695 | ... N59: =N58/$P$58 -> 0
B60: %ges w/o MCs | C60: =C58/$O$58 -> 0.45918367 | D60: =D58/$O$58 -> 0.17346939 | E60: =E58/$O$58 -> 0.1377551 | F60: =F58/$O$58 -> 0.020408163 | G60: =G58/$O$58 -> 0 | H60: =H58/$O$58 -> 0 | I60: =I58/$O$58 -> 0.030612245 | J60: =J58/$O$58 -> 0.17857143 | ... L60: =L58/$O$58 -> 0 | N60: =N58/$O$58 -> 0

Sheet 26.10 KISORO-CYANIKA
B1: Consultancy services for Preparation of Expressway Development Master Plan (EDMP) for Uganda
B2: MANUAL CLASSIFIED COUNT (MCC)
B3: ROAD NAME: | C3: ='27.10 KISORO-CYANIKA'!C3:G3 -> MCC - C4 - STN135 - KISORO ROAD
C5: Date | D5: ='26.10 CYANIKA-KISORO'!D5 -> 26.10.19 | F5: Location | G5: ='27.10 CYANIKA-KISORO'!G5:H5 -> STATION 135 | J5: Surveyor | K5: JOVANA BELLA
C6: Dir. From | D6: ='27.10 KISORO-CYANIKA'!D6:E6 -> KISORO | F6: Dir. To | G6: ='27.10 KISORO-CYANIKA'!G6:H6 -> CYANIKA | J6: Supervisor | K6: ='27.10 CYANIKA-KISORO'!K6:L6 -> BELLA
B8: Time / Veh Type | R8: SUMMARY TRAFFIC VOLUMES
C9: 1. Car | D9: 2. Station Wagon | E9: 3. Pickups | F9: 4. Minibus, matatu | G9: 5. Medium bus | H9: 6. Large Bus | I9: 7. Light Truck | J9: 8. Medium Truck | K9: 9. Heavy truck | L9: 10. Truck Trailer | M9: 11. Motor cycles | N9: 12. Tractors | O9: Total Excl M/Cycles | P9: Total All | R9: Time | S9: 1. Car | T9: 2. Station Wagon | U9: 3. Pickups | V9: 4. Minibus, matatu | W9: 5. Medium bus | X9: 6. Large Bus | Y9: 7. Light Truck | Z9: 8. Medium Truck | AA9: 9. Heavy truck | AB9: 10. Truck Trailer | AC9: 11. Motorcycles | AD9: 12. Tractors, Graders | AE9: Total Excl M/ Cycles | AF9: Total All
B10: 07.00 - 07.15 | C10: 4 | D10: 0 | E10: 0 | F10: 0 | G10: 0 | H10: 0 | I10: 0 | J10: 0 | K10: 0 | L10: 0 | M10: 1 | N10: 0 | O10: =SUM(C10:L10,N10) -> 4 | P10: =SUM(C10:N10) -> 5 | R10: 0700-0800 | S10: =SUM(C10:C13) -> 7 | T10: =SUM(D10:D13) -> 0 | U10: =SUM(E10:E13) -> 1 | V10: =SUM(F10:F13) -> 0 | W10: =SUM(G10:G13) -> 0 | X10: =SUM(H10:H13) -> 0 | Y10: =SUM(I10:I13) -> 0 | Z10: =SUM(J10:J13) -> 3 | ... AF10: =SUM(P10:P13) -> 40
B11: 07.15 - 07.30 | C11: 1 | D11: 0 | E11: 1 | F11: 0 | G11: 0 | H11: 0 | I11: 0 | J11: 2 | K11: 0 | L11: 0 | M11: 6 | N11: 0 | O11: =SUM(C11:L11,N11) -> 4 | P11: =SUM(C11:N11) -> 10 | R11: 0800-0900 | S11: =SUM(C14:C17) -> 7 | T11: =SUM(D14:D17) -> 2 | U11: =SUM(E14:E17) -> 1 | V11: =SUM(F14:F17) -> 1 | W11: =SUM(G14:G17) -> 0 | X11: =SUM(H14:H17) -> 0 | Y11: =SUM(I14:I17) -> 0 | Z11: =SUM(J14:J17) -> 3 | ... AF11: =SUM(P14:P17) -> 48
B12: 07.30 - 07.45 | C12: 1 | D12: 0 | E12: 0 | F12: 0 | G12: 0 | H12: 0 | I12: 0 | J12: 0 | K12: 0 | L12: 0 | M12: 11 | N12: 0 | O12: =SUM(C12:L12,N12) -> 1 | P12: =SUM(C12:N12) -> 12 | R12: 0900-1000 | S12: =SUM(C18:C21) -> 2 | T12: =SUM(D18:D21) -> 5 | U12: =SUM(E18:E21) -> 1 | V12: =SUM(F18:F21) -> 0 | W12: =SUM(G18:G21) -> 0 | X12: =SUM(H18:H21) -> 0 | Y12: =SUM(I18:I21) -> 1 | Z12: =SUM(J18:J21) -> 4 | ... AF12: =SUM(P18:P21) -> 86
B13: 07.45 - 08.00 | C13: 1 | D13: 0 | E13: 0 | F13: 0 | G13: 0 | H13: 0 | I13: 0 | J13: 1 | K13: 0 | L13: 0 | M13: 11 | N13: 0 | O13: =SUM(C13:L13,N13) -> 2 | P13: =SUM(C13:N13) -> 13 | R13: 1000-1100 | S13: =SUM(C22:C25) -> 7 | T13: =SUM(D22:D25) -> 0 | U13: =SUM(E22:E25) -> 4 | V13: =SUM(F22:F25) -> 2 | W13: =SUM(G22:G25) -> 0 | X13: =SUM(H22:H25) -> 0 | Y13: =SUM(I22:I25) -> 3 | Z13: =SUM(J22:J25) -> 5 | ... AF13: =SUM(P22:P25) -> 134
B14: 08.00 - 08.15 | C14: 2 | D14: 2 | E14: 1 | F14: 0 | G14: 0 | H14: 0 | I14: 0 | J14: 0 | K14: 0 | L14: 0 | M14: 6 | N14: 0 | O14: =SUM(C14:L14,N14) -> 5 | P14: =SUM(C14:N14) -> 11 | R14: 1100-1200 | S14: =SUM(C26:C29) -> 5 | T14: =SUM(D26:D29) -> 6 | U14: =SUM(E26:E29) -> 2 | V14: =SUM(F26:F29) -> 1 | W14: =SUM(G26:G29) -> 0 | X14: =SUM(H26:H29) -> 0 | Y14: =SUM(I26:I29) -> 3 | Z14: =SUM(J26:J29) -> 1 | ... AF14: =SUM(P26:P29) -> 169
B15: 08.15 - 08.30 | C15: 3 | D15: 0 | E15: 0 | F15: 1 | G15: 0 | H15: 0 | I15: 0 | J15: 1 | K15: 0 | L15: 0 | M15: 4 | N15: 0 | O15: =SUM(C15:L15,N15) -> 5 | P15: =SUM(C15:N15) -> 9 | R15: 1200-1300 | S15: =SUM(C30:C33) -> 6 | T15: =SUM(D30:D33) -> 3 | U15: =SUM(E30:E33) -> 4 | V15: =SUM(F30:F33) -> 0 | W15: =SUM(G30:G33) -> 0 | X15: =SUM(H30:H33) -> 0 | Y15: =SUM(I30:I33) -> 1 | Z15: =SUM(J30:J33) -> 5 | ... AF15: =SUM(P30:P33) -> 172
B16: 08.30 - 08.45 | C16: 1 | D16: 0 | E16: 0 | F16: 0 | G16: 0 | H16: 0 | I16: 0 | J16: 1 | K16: 0 | L16: 0 | M16: 12 | N16: 0 | O16: =SUM(C16:L16,N16) -> 2 | P16: =SUM(C16:N16) -> 14 | R16: 1300-1400 | S16: =SUM(C34:C37) -> 10 | T16: =SUM(D34:D37) -> 6 | U16: =SUM(E34:E37) -> 4 | V16: =SUM(F34:F37) -> 1 | W16: =SUM(G34:G37) -> 0 | X16: =SUM(H34:H37) -> 0 | Y16: =SUM(I34:I37) -> 5 | Z16: =SUM(J34:J37) -> 2 | ... AF16: =SUM(P34:P37) -> 174
B17: 08.45 - 9.00 | C17: 1 | D17: 0 | E17: 0 | F17: 0 | G17: 0 | H17: 0 | I17: 0 | J17: 1 | K17: 0 | L17: 0 | M17: 12 | N17: 0 | O17: =SUM(C17:L17,N17) -> 2 | P17: =SUM(C17:N17) -> 14 | R17: 1400-1500 | S17: =SUM(C38:C41) -> 9 | T17: =SUM(D38:D41) -> 4 | U17: =SUM(E38:E41) -> 4 | V17: =SUM(F38:F41) -> 0 | W17: =SUM(G38:G41) -> 0 | X17: =SUM(H38:H41) -> 1 | Y17: =SUM(I38:I41) -> 1 | Z17: =SUM(J38:J41) -> 3 | ... AF17: =SUM(P38:P41) -> 179
B18: 09.00 - 09.15 | C18: 1 | D18: 2 | E18: 0 | F18: 0 | G18: 0 | H18: 0 | I18: 0 | J18: 1 | K18: 0 | L18: 0 | M18: 12 | N18: 0 | O18: =SUM(C18:L18,N18) -> 4 | P18: =SUM(C18:N18) -> 16 | R18: 1500-1600 | S18: =SUM(C42:C45) -> 7 | T18: =SUM(D42:D45) -> 4 | U18: =SUM(E42:E45) -> 1 | V18: =SUM(F42:F45) -> 0 | W18: =SUM(G42:G45) -> 0 | X18: =SUM(H42:H45) -> 0 | Y18: =SUM(I42:I45) -> 3 | Z18: =SUM(J42:J45) -> 1 | ... AF18: =SUM(P42:P45) -> 160
B19: 09.15 - 09.30 | C19: 0 | D19: 1 | E19: 0 | F19: 0 | G19: 0 | H19: 0 | I19: 0 | J19: 0 | K19: 0 | L19: 0 | M19: 14 | N19: 0 | O19: =SUM(C19:L19,N19) -> 1 | P19: =SUM(C19:N19) -> 15 | R19: 1600-1700 | S19: =SUM(C46:C49) -> 9 | T19: =SUM(D46:D49) -> 11 | U19: =SUM(E46:E49) -> 3 | V19: =SUM(F46:F49) -> 1 | W19: =SUM(G46:G49) -> 0 | X19: =SUM(H46:H49) -> 0 | Y19: =SUM(I46:I49) -> 1 | Z19: =SUM(J46:J49) -> 1 | ... AF19: =SUM(P46:P49) -> 168
B20: 09.30 - 09.45 | C20: 1 | D20: 1 | E20: 0 | F20: 0 | G20: 0 | H20: 0 | I20: 0 | J20: 1 | K20: 0 | L20: 0 | M20: 19 | N20: 0 | O20: =SUM(C20:L20,N20) -> 3 | P20: =SUM(C20:N20) -> 22 | R20: 1700-1800 | S20: =SUM(C50:C53) -> 7 | T20: =SUM(D50:D53) -> 4 | U20: =SUM(E50:E53) -> 4 | V20: =SUM(F50:F53) -> 0 | W20: =SUM(G50:G53) -> 0 | X20: =SUM(H50:H53) -> 0 | Y20: =SUM(I50:I53) -> 2 | Z20: =SUM(J50:J53) -> 2 | ... AF20: =SUM(P50:P53) -> 177
B21: 09.45 - 10.00 | C21: 0 | D21: 1 | E21: 1 | F21: 0 | G21: 0 | H21: 0 | I21: 1 | J21: 2 | K21: 0 | L21: 0 | M21: 28 | N21: 0 | O21: =SUM(C21:L21,N21) -> 5 | P21: =SUM(C21:N21) -> 33 | R21: 1800-1900 | S21: =SUM(C54:C57) -> 9 | T21: =SUM(D54:D57) -> 3 | U21: =SUM(E54:E57) -> 1 | V21: =SUM(F54:F57) -> 1 | W21: =SUM(G54:G57) -> 0 | X21: =SUM(H54:H57) -> 0 | Y21: =SUM(I54:I57) -> 2 | Z21: =SUM(J54:J57) -> 2 | ... AF21: =SUM(P54:P57) -> 188
B22: 10.00 - 10.15 | C22: 3 | D22: 0 | E22: 0 | F22: 0 | G22: 0 | H22: 0 | I22: 1 | J22: 0 | K22: 0 | L22: 0 | M22: 21 | N22: 0 | O22: =SUM(C22:L22,N22) -> 4 | P22: =SUM(C22:N22) -> 25 | R22: AM Peak Hr | S22: =MAX(S10:S12) -> 7 | T22: =MAX(T10:T12) -> 5 | U22: =MAX(U10:U12) -> 1 | V22: =MAX(V10:V12) -> 1 | W22: =MAX(W10:W12) -> 0 | X22: =MAX(X10:X12) -> 0 | Y22: =MAX(Y10:Y12) -> 1 | Z22: =MAX(Z10:Z12) -> 4 | ... AF22: =MAX(AF10:AF12) -> 86
B23: 10.15 - 10.30 | C23: 2 | D23: 0 | E23: 0 | F23: 0 | G23: 0 | H23: 0 | I23: 0 | J23: 1 | K23: 0 | L23: 0 | M23: 27 | N23: 0 | O23: =SUM(C23:L23,N23) -> 3 | P23: =SUM(C23:N23) -> 30 | R23: IP Peak Hr | S23: =MAX(S13:S18) -> 10 | T23: =MAX(T13:T18) -> 6 | U23: =MAX(U13:U18) -> 4 | V23: =MAX(V13:V18) -> 2 | W23: =MAX(W13:W18) -> 0 | X23: =MAX(X13:X18) -> 1 | Y23: =MAX(Y13:Y18) -> 5 | Z23: =MAX(Z13:Z18) -> 5 | ... AF23: =MAX(AF13:AF18) -> 179
B24: 10.30 - 10.45 | C24: 0 | D24: 0 | E24: 2 | F24: 1 | G24: 0 | H24: 0 | I24: 1 | J24: 3 | K24: 0 | L24: 0 | M24: 30 | N24: 0 | O24: =SUM(C24:L24,N24) -> 7 | P24: =SUM(C24:N24) -> 37 | R24: PM Peak Hr | S24: =MAX(S19:S21) -> 9 | T24: =MAX(T19:T21) -> 11 | U24: =MAX(U19:U21) -> 4 | V24: =MAX(V19:V21) -> 1 | W24: =MAX(W19:W21) -> 0 | X24: =MAX(X19:X21) -> 0 | Y24: =MAX(Y19:Y21) -> 2 | Z24: =MAX(Z19:Z21) -> 2 | ... AF24: =MAX(AF19:AF21) -> 188
B25: 10.45 - 11.00 | C25: 2 | D25: 0 | E25: 2 | F25: 1 | G25: 0 | H25: 0 | I25: 1 | J25: 1 | K25: 0 | L25: 0 | M25: 35 | N25: 0 | O25: =SUM(C25:L25,N25) -> 7 | P25: =SUM(C25:N25) -> 42 | R25: AM Period | S25: =SUM(S10:S12) -> 16 | T25: =SUM(T10:T12) -> 7 | U25: =SUM(U10:U12) -> 3 | V25: =SUM(V10:V12) -> 1 | W25: =SUM(W10:W12) -> 0 | X25: =SUM(X10:X12) -> 0 | Y25: =SUM(Y10:Y12) -> 1 | Z25: =SUM(Z10:Z12) -> 10 | ... AF25: =SUM(AF10:AF12) -> 174
B26: 11.00 - 11.15 | C26: 3 | D26: 1 | E26: 0 | F26: 0 | G26: 0 | H26: 0 | I26: 0 | J26: 0 | K26: 0 | L26: 0 | M26: 31 | N26: 0 | O26: =SUM(C26:L26,N26) -> 4 | P26: =SUM(C26:N26) -> 35 | R26: IP Period | S26: =SUM(S13:S18) -> 44 | T26: =SUM(T13:T18) -> 23 | U26: =SUM(U13:U18) -> 19 | V26: =SUM(V13:V18) -> 4 | W26: =SUM(W13:W18) -> 0 | X26: =SUM(X13:X18) -> 1 | Y26: =SUM(Y13:Y18) -> 16 | Z26: =SUM(Z13:Z18) -> 17 | ... AF26: =SUM(AF13:AF18) -> 988
B27: 11.15 - 11.30 | C27: 1 | D27: 1 | E27: 0 | F27: 0 | G27: 0 | H27: 0 | I27: 1 | J27: 0 | K27: 0 | L27: 0 | M27: 39 | N27: 0 | O27: =SUM(C27:L27,N27) -> 3 | P27: =SUM(C27:N27) -> 42 | R27: PM Period | S27: =SUM(S19:S21) -> 25 | T27: =SUM(T19:T21) -> 18 | U27: =SUM(U19:U21) -> 8 | V27: =SUM(V19:V21) -> 2 | W27: =SUM(W19:W21) -> 0 | X27: =SUM(X19:X21) -> 0 | Y27: =SUM(Y19:Y21) -> 5 | Z27: =SUM(Z19:Z21) -> 5 | ... AF27: =SUM(AF19:AF21) -> 533
B28: 11.30 - 11.45 | C28: 0 | D28: 2 | E28: 1 | F28: 1 | G28: 0 | H28: 0 | I28: 0 | J28: 0 | K28: 0 | L28: 0 | M28: 44 | N28: 0 | O28: =SUM(C28:L28,N28) -> 4 | P28: =SUM(C28:N28) -> 48 | R28: 12 Hours | S28: =SUM(S10:S21) -> 85 | T28: =SUM(T10:T21) -> 48 | U28: =SUM(U10:U21) -> 30 | V28: =SUM(V10:V21) -> 7 | W28: =SUM(W10:W21) -> 0 | X28: =SUM(X10:X21) -> 1 | Y28: =SUM(Y10:Y21) -> 22 | Z28: =SUM(Z10:Z21) -> 32 | ... AF28: =SUM(AF10:AF21) -> 1695
B29: 11.45 - 12.00 | C29: 1 | D29: 2 | E29: 1 | F29: 0 | G29: 0 | H29: 0 | I29: 2 | J29: 1 | K29: 0 | L29: 0 | M29: 37 | N29: 0 | O29: =SUM(C29:L29,N29) -> 7 | P29: =SUM(C29:N29) -> 44
B30: 12.00 - 12.15 | C30: 1 | D30: 1 | E30: 2 | F30: 0 | G30: 0 | H30: 0 | I30: 1 | J30: 1 | K30: 0 | L30: 0 | M30: 42 | N30: 0 | O30: =SUM(C30:L30,N30) -> 6 | P30: =SUM(C30:N30) -> 48
B31: 12.15 - 12.30 | C31: 3 | D31: 1 | E31: 1 | F31: 0 | G31: 0 | H31: 0 | I31: 0 | J31: 1 | K31: 0 | L31: 0 | M31: 31 | N31: 0 | O31: =SUM(C31:L31,N31) -> 6 | P31: =SUM(C31:N31) -> 37
B32: 12.30 - 12.45 | C32: 1 | D32: 1 | E32: 1 | F32: 0 | G32: 0 | H32: 0 | I32: 0 | J32: 0 | K32: 0 | L32: 0 | M32: 31 | N32: 0 | O32: =SUM(C32:L32,N32) -> 3 | P32: =SUM(C32:N32) -> 34
B33: 12.45 - 13.00 | C33: 1 | D33: 0 | E33: 0 | F33: 0 | G33: 0 | H33: 0 | I33: 0 | J33: 3 | K33: 0 | L33: 0 | M33: 49 | N33: 0 | O33: =SUM(C33:L33,N33) -> 4 | P33: =SUM(C33:N33) -> 53
B34: 13.00 - 13.15 | C34: 3 | D34: 0 | E34: 0 | F34: 1 | G34: 0 | H34: 0 | I34: 1 | J34: 2 | K34: 0 | L34: 0 | M34: 30 | N34: 0 | O34: =SUM(C34:L34,N34) -> 7 | P34: =SUM(C34:N34) -> 37
B35: 13.15 - 13.30 | C35: 3 | D35: 3 | E35: 2 | F35: 0 | G35: 0 | H35: 0 | I35: 1 | J35: 0 | K35: 0 | L35: 0 | M35: 29 | N35: 0 | O35: =SUM(C35:L35,N35) -> 9 | P35: =SUM(C35:N35) -> 38
B36: 13.30 - 13.45 | C36: 3 | D36: 1 | E36: 0 | F36: 0 | G36: 0 | H36: 0 | I36: 1 | J36: 0 | K36: 0 | L36: 0 | M36: 46 | N36: 0 | O36: =SUM(C36:L36,N36) -> 5 | P36: =SUM(C36:N36) -> 51
B37: 13.45 - 14.00 | C37: 1 | D37: 2 | E37: 2 | F37: 0 | G37: 0 | H37: 0 | I37: 2 | J37: 0 | K37: 0 | L37: 0 | M37: 41 | N37: 0 | O37: =SUM(C37:L37,N37) -> 7 | P37: =SUM(C37:N37) -> 48
B38: 14.00 - 14.15 | C38: 5 | D38: 2 | E38: 1 | F38: 0 | G38: 0 | H38: 1 | I38: 0 | J38: 1 | K38: 0 | L38: 0 | M38: 37 | N38: 0 | O38: =SUM(C38:L38,N38) -> 10 | P38: =SUM(C38:N38) -> 47
B39: 14.15 - 14.30 | C39: 1 | D39: 2 | E39: 0 | F39: 0 | G39: 0 | H39: 0 | I39: 0 | J39: 2 | K39: 0 | L39: 0 | M39: 42 | N39: 0 | O39: =SUM(C39:L39,N39) -> 5 | P39: =SUM(C39:N39) -> 47
B40: 14.30 - 14.45 | C40: 2 | D40: 0 | E40: 1 | F40: 0 | G40: 0 | H40: 0 | I40: 1 | J40: 0 | K40: 0 | L40: 0 | M40: 40 | N40: 0 | O40: =SUM(C40:L40,N40) -> 4 | P40: =SUM(C40:N40) -> 44
... B57: 18.45 - 19.00 | C57: 5 | D57: 0 | E57: 0 | F57: 0 | G57: 0 | H57: 0 | I57: 0 | J57: 1 | K57: 0 | L57: 0 | M57: 60 | N57: 0 | O57: =SUM(C57:L57,N57) -> 6 | P57: =SUM(C57:N57) -> 66
B58: Totals | C58: =SUM(C10:C57) -> 85 | D58: =SUM(D10:D57) -> 48 | E58: =SUM(E10:E57) -> 30 | F58: =SUM(F10:F57) -> 7 | G58: =SUM(G10:G57) -> 0 | H58: =SUM(H10:H57) -> 1 | I58: =SUM(I10:I57) -> 22 | J58: =SUM(J10:J57) -> 32 | ... P58: =SUM(P10:P57) -> 1695
B59: %ges + MCs | C59: =C58/$P$58 -> 0.050147493 | D59: =D58/$P$58 -> 0.028318584 | E59: =E58/$P$58 -> 0.017699115 | F59: =F58/$P$58 -> 0.0041297935 | G59: =G58/$P$58 -> 0 | H59: =H58/$P$58 -> 0.0005899705 | I59: =I58/$P$58 -> 0.012979351 | J59: =J58/$P$58 -> 0.018879056 | ... N59: =N58/$P$58 -> 0
B60: %ges w/o MCs | C60: =C58/$O$58 -> 0.37777778 | D60: =D58/$O$58 -> 0.21333333 | E60: =E58/$O$58 -> 0.13333333 | F60: =F58/$O$58 -> 0.031111111 | G60: =G58/$O$58 -> 0 | H60: =H58/$O$58 -> 0.0044444444 | I60: =I58/$O$58 -> 0.097777778 | J60: =J58/$O$58 -> 0.14222222 | ... L60: =L58/$O$58 -> 0 | N60: =N58/$O$58 -> 0

Sheet 27.10 CYANIKA-KISORO
B1: Consultancy services for Preparation of Expressway Development Master Plan (EDMP) for Uganda
B2: MANUAL CLASSIFIED COUNT (MCC)
B3: ROAD NAME: | C3: MCC - C4 - STN135 - KISORO ROAD
C5: Date | D5: 27.10.2019 | F5: Location | G5: STATION 135 | J5: Surveyor | K5: COMFORT AHEBWA
C6: Dir. From | D6: CYANIKA | F6: Dir. To | G6: KISORO | J6: Supervisor | K6: BELLA
B8: Time / Veh Type | R8: SUMMARY TRAFFIC VOLUMES
C9: 1. Car | D9: 2. Station Wagon | E9: 3. Pickups | F9: 4. Minibus, matatu | G9: 5. Medium bus | H9: 6. Large Bus | I9: 7. Light Truck | J9: 8. Medium Truck | K9: 9. Heavy truck | L9: 10. Truck Trailer | M9: 11. Motor cycles | N9: 12. Tractors | O9: Total Excl M/Cycles | P9: Total All | R9: Time | S9: 1. Car | T9: 2. Station Wagon | U9: 3. Pickups | V9: 4. Minibus, matatu | W9: 5. Medium bus | X9: 6. Large Bus | Y9: 7. Light Truck | Z9: 8. Medium Truck | AA9: 9. Heavy truck | AB9: 10. Truck Trailer | AC9: 11. Motorcycles | AD9: 12. Tractors, Graders | AE9: Total Excl M/ Cycles | AF9: Total All
B10: 07.00 - 07.15 | C10: 1 | D10: 1 | E10: 0 | F10: 0 | G10: 0 | H10: 0 | I10: 0 | J10: 0 | K10: 0 | L10: 0 | M10: 9 | N10: 0 | O10: =SUM(C10:L10,N10) -> 2 | P10: =SUM(C10:N10) -> 11 | R10: 0700-0800 | S10: =SUM(C10:C13) -> 4 | T10: =SUM(D10:D13) -> 3 | U10: =SUM(E10:E13) -> 3 | V10: =SUM(F10:F13) -> 1 | W10: =SUM(G10:G13) -> 0 | X10: =SUM(H10:H13) -> 0 | Y10: =SUM(I10:I13) -> 0 | Z10: =SUM(J10:J13) -> 0 | ... AF10: =SUM(P10:P13) -> 45
B11: 07.15 - 07.30 | C11: 0 | D11: 0 | E11: 0 | F11: 1 | G11: 0 | H11: 0 | I11: 0 | J11: 0 | K11: 0 | L11: 0 | M11: 13 | N11: 0 | O11: =SUM(C11:L11,N11) -> 1 | P11: =SUM(C11:N11) -> 14 | R11: 0800-0900 | S11: =SUM(C14:C17) -> 4 | T11: =SUM(D14:D17) -> 2 | U11: =SUM(E14:E17) -> 4 | V11: =SUM(F14:F17) -> 0 | W11: =SUM(G14:G17) -> 0 | X11: =SUM(H14:H17) -> 0 | Y11: =SUM(I14:I17) -> 0 | Z11: =SUM(J14:J17) -> 0 | ... AF11: =SUM(P14:P17) -> 62
B12: 07.30 - 07.45 | C12: 1 | D12: 0 | E12: 1 | F12: 0 | G12: 0 | H12: 0 | I12: 0 | J12: 0 | K12: 0 | L12: 0 | M12: 8 | N12: 0 | O12: =SUM(C12:L12,N12) -> 2 | P12: =SUM(C12:N12) -> 10 | R12: 0900-1000 | S12: =SUM(C18:C21) -> 6 | T12: =SUM(D18:D21) -> 2 | U12: =SUM(E18:E21) -> 4 | V12: =SUM(F18:F21) -> 0 | W12: =SUM(G18:G21) -> 0 | X12: =SUM(H18:H21) -> 0 | Y12: =SUM(I18:I21) -> 0 | Z12: =SUM(J18:J21) -> 0 | ... AF12: =SUM(P18:P21) -> 110
B13: 07.45 - 08.00 | C13: 2 | D13: 2 | E13: 2 | F13: 0 | G13: 0 | H13: 0 | I13: 0 | J13: 0 | K13: 0 | L13: 0 | M13: 4 | N13: 0 | O13: =SUM(C13:L13,N13) -> 6 | P13: =SUM(C13:N13) -> 10 | R13: 1000-1100 | S13: =SUM(C22:C25) -> 9 | T13: =SUM(D22:D25) -> 3 | U13: =SUM(E22:E25) -> 3 | V13: =SUM(F22:F25) -> 0 | W13: =SUM(G22:G25) -> 0 | X13: =SUM(H22:H25) -> 0 | Y13: =SUM(I22:I25) -> 0 | Z13: =SUM(J22:J25) -> 0 | ... AF13: =SUM(P22:P25) -> 140
B14: 08.00 - 08.15 | C14: 1 | D14: 0 | E14: 1 | F14: 0 | G14: 0 | H14: 0 | I14: 0 | J14: 0 | K14: 0 | L14: 0 | M14: 7 | N14: 0 | O14: =SUM(C14:L14,N14) -> 2 | P14: =SUM(C14:N14) -> 9 | R14: 1100-1200 | S14: =SUM(C26:C29) -> 9 | T14: =SUM(D26:D29) -> 6 | U14: =SUM(E26:E29) -> 0 | V14: =SUM(F26:F29) -> 0 | W14: =SUM(G26:G29) -> 0 | X14: =SUM(H26:H29) -> 0 | Y14: =SUM(I26:I29) -> 1 | Z14: =SUM(J26:J29) -> 1 | ... AF14: =SUM(P26:P29) -> 145
B15: 08.15 - 08.30 | C15: 1 | D15: 0 | E15: 0 | F15: 0 | G15: 0 | H15: 0 | I15: 0 | J15: 0 | K15: 0 | L15: 0 | M15: 17 | N15: 0 | O15: =SUM(C15:L15,N15) -> 1 | P15: =SUM(C15:N15) -> 18 | R15: 1200-1300 | S15: =SUM(C30:C33) -> 4 | T15: =SUM(D30:D33) -> 4 | U15: =SUM(E30:E33) -> 2 | V15: =SUM(F30:F33) -> 0 | W15: =SUM(G30:G33) -> 0 | X15: =SUM(H30:H33) -> 0 | Y15: =SUM(I30:I33) -> 2 | Z15: =SUM(J30:J33) -> 2 | ... AF15: =SUM(P30:P33) -> 113
B16: 08.30 - 08.45 | C16: 1 | D16: 2 | E16: 0 | F16: 0 | G16: 0 | H16: 0 | I16: 0 | J16: 0 | K16: 0 | L16: 0 | M16: 16 | N16: 0 | O16: =SUM(C16:L16,N16) -> 3 | P16: =SUM(C16:N16) -> 19 | R16: 1300-1400 | S16: =SUM(C34:C37) -> 6 | T16: =SUM(D34:D37) -> 3 | U16: =SUM(E34:E37) -> 4 | V16: =SUM(F34:F37) -> 0 | W16: =SUM(G34:G37) -> 0 | X16: =SUM(H34:H37) -> 0 | Y16: =SUM(I34:I37) -> 0 | Z16: =SUM(J34:J37) -> 0 | ... AF16: =SUM(P34:P37) -> 140
B17: 08.45 - 9.00 | C17: 1 | D17: 0 | E17: 3 | F17: 0 | G17: 0 | H17: 0 | I17: 0 | J17: 0 | K17: 0 | L17: 0 | M17: 12 | N17: 0 | O17: =SUM(C17:L17,N17) -> 4 | P17: =SUM(C17:N17) -> 16 | R17: 1400-1500 | S17: =SUM(C38:C41) -> 5 | T17: =SUM(D38:D41) -> 3 | U17: =SUM(E38:E41) -> 2 | V17: =SUM(F38:F41) -> 0 | W17: =SUM(G38:G41) -> 0 | X17: =SUM(H38:H41) -> 1 | Y17: =SUM(I38:I41) -> 1 | Z17: =SUM(J38:J41) -> 2 | ... AF17: =SUM(P38:P41) -> 181
B18: 09.00 - 09.15 | C18: 2 | D18: 0 | E18: 0 | F18: 0 | G18: 0 | H18: 0 | I18: 0 | J18: 0 | K18: 0 | L18: 0 | M18: 24 | N18: 0 | O18: =SUM(C18:L18,N18) -> 2 | P18: =SUM(C18:N18) -> 26 | R18: 1500-1600 | S18: =SUM(C42:C45) -> 11 | T18: =SUM(D42:D45) -> 5 | U18: =SUM(E42:E45) -> 3 | V18: =SUM(F42:F45) -> 0 | W18: =SUM(G42:G45) -> 0 | X18: =SUM(H42:H45) -> 0 | Y18: =SUM(I42:I45) -> 0 | Z18: =SUM(J42:J45) -> 0 | ... AF18: =SUM(P42:P45) -> 223
B19: 09.15 - 09.30 | C19: 2 | D19: 2 | E19: 2 | F19: 0 | G19: 0 | H19: 0 | I19: 0 | J19: 0 | K19: 0 | L19: 0 | M19: 33 | N19: 0 | O19: =SUM(C19:L19,N19) -> 6 | P19: =SUM(C19:N19) -> 39 | R19: 1600-1700 | S19: =SUM(C46:C49) -> 10 | T19: =SUM(D46:D49) -> 3 | U19: =SUM(E46:E49) -> 3 | V19: =SUM(F46:F49) -> 0 | W19: =SUM(G46:G49) -> 0 | X19: =SUM(H46:H49) -> 0 | Y19: =SUM(I46:I49) -> 0 | Z19: =SUM(J46:J49) -> 3 | ... AF19: =SUM(P46:P49) -> 217
B20: 09.30 - 09.45 | C20: 1 | D20: 0 | E20: 2 | F20: 0 | G20: 0 | H20: 0 | I20: 0 | J20: 0 | K20: 0 | L20: 0 | M20: 24 | N20: 0 | O20: =SUM(C20:L20,N20) -> 3 | P20: =SUM(C20:N20) -> 27 | R20: 1700-1800 | S20: =SUM(C50:C53) -> 15 | T20: =SUM(D50:D53) -> 10 | U20: =SUM(E50:E53) -> 3 | V20: =SUM(F50:F53) -> 0 | W20: =SUM(G50:G53) -> 0 | X20: =SUM(H50:H53) -> 0 | Y20: =SUM(I50:I53) -> 0 | Z20: =SUM(J50:J53) -> 2 | ... AF20: =SUM(P50:P53) -> 192
B21: 09.45 - 10.00 | C21: 1 | D21: 0 | E21: 0 | F21: 0 | G21: 0 | H21: 0 | I21: 0 | J21: 0 | K21: 0 | L21: 0 | M21: 17 | N21: 0 | O21: =SUM(C21:L21,N21) -> 1 | P21: =SUM(C21:N21) -> 18 | R21: 1800-1900 | S21: =SUM(C54:C57) -> 11 | T21: =SUM(D54:D57) -> 5 | U21: =SUM(E54:E57) -> 2 | V21: =SUM(F54:F57) -> 0 | W21: =SUM(G54:G57) -> 0 | X21: =SUM(H54:H57) -> 0 | Y21: =SUM(I54:I57) -> 1 | Z21: =SUM(J54:J57) -> 2 | ... AF21: =SUM(P54:P57) -> 144
B22: 10.00 - 10.15 | C22: 0 | D22: 2 | E22: 0 | F22: 0 | G22: 0 | H22: 0 | I22: 0 | J22: 0 | K22: 0 | L22: 0 | M22: 22 | N22: 0 | O22: =SUM(C22:L22,N22) -> 2 | P22: =SUM(C22:N22) -> 24 | R22: AM Peak Hr | S22: =MAX(S10:S12) -> 6 | T22: =MAX(T10:T12) -> 3 | U22: =MAX(U10:U12) -> 4 | V22: =MAX(V10:V12) -> 1 | W22: =MAX(W10:W12) -> 0 | X22: =MAX(X10:X12) -> 0 | Y22: =MAX(Y10:Y12) -> 0 | Z22: =MAX(Z10:Z12) -> 0 | ... AF22: =MAX(AF10:AF12) -> 110
B23: 10.15 - 10.30 | C23: 1 | D23: 0 | E23: 1 | F23: 0 | G23: 0 | H23: 0 | I23: 0 | J23: 0 | K23: 0 | L23: 0 | M23: 36 | N23: 0 | O23: =SUM(C23:L23,N23) -> 2 | P23: =SUM(C23:N23) -> 38 | R23: IP Peak Hr | S23: =MAX(S13:S18) -> 11 | T23: =MAX(T13:T18) -> 6 | U23: =MAX(U13:U18) -> 4 | V23: =MAX(V13:V18) -> 0 | W23: =MAX(W13:W18) -> 0 | X23: =MAX(X13:X18) -> 1 | Y23: =MAX(Y13:Y18) -> 2 | Z23: =MAX(Z13:Z18) -> 2 | ... AF23: =MAX(AF13:AF18) -> 223
B24: 10.30 - 10.45 | C24: 6 | D24: 0 | E24: 1 | F24: 0 | G24: 0 | H24: 0 | I24: 0 | J24: 0 | K24: 0 | L24: 0 | M24: 30 | N24: 0 | O24: =SUM(C24:L24,N24) -> 7 | P24: =SUM(C24:N24) -> 37 | R24: PM Peak Hr | S24: =MAX(S19:S21) -> 15 | T24: =MAX(T19:T21) -> 10 | U24: =MAX(U19:U21) -> 3 | V24: =MAX(V19:V21) -> 0 | W24: =MAX(W19:W21) -> 0 | X24: =MAX(X19:X21) -> 0 | Y24: =MAX(Y19:Y21) -> 1 | Z24: =MAX(Z19:Z21) -> 3 | ... AF24: =MAX(AF19:AF21) -> 217
B25: 10.45 - 11.00 | C25: 2 | D25: 1 | E25: 1 | F25: 0 | G25: 0 | H25: 0 | I25: 0 | J25: 0 | K25: 0 | L25: 0 | M25: 37 | N25: 0 | O25: =SUM(C25:L25,N25) -> 4 | P25: =SUM(C25:N25) -> 41 | R25: AM Period | S25: =SUM(S10:S12) -> 14 | T25: =SUM(T10:T12) -> 7 | U25: =SUM(U10:U12) -> 11 | V25: =SUM(V10:V12) -> 1 | W25: =SUM(W10:W12) -> 0 | X25: =SUM(X10:X12) -> 0 | Y25: =SUM(Y10:Y12) -> 0 | Z25: =SUM(Z10:Z12) -> 0 | ... AF25: =SUM(AF10:AF12) -> 217
B26: 11.00 - 11.15 | C26: 3 | D26: 3 | E26: 0 | F26: 0 | G26: 0 | H26: 0 | I26: 0 | J26: 0 | K26: 0 | L26: 0 | M26: 40 | N26: 0 | O26: =SUM(C26:L26,N26) -> 6 | P26: =SUM(C26:N26) -> 46 | R26: IP Period | S26: =SUM(S13:S18) -> 44 | T26: =SUM(T13:T18) -> 24 | U26: =SUM(U13:U18) -> 14 | V26: =SUM(V13:V18) -> 0 | W26: =SUM(W13:W18) -> 0 | X26: =SUM(X13:X18) -> 1 | Y26: =SUM(Y13:Y18) -> 4 | Z26: =SUM(Z13:Z18) -> 5 | ... AF26: =SUM(AF13:AF18) -> 942
B27: 11.15 - 11.30 | C27: 4 | D27: 0 | E27: 0 | F27: 0 | G27: 0 | H27: 0 | I27: 1 | J27: 0 | K27: 0 | L27: 0 | M27: 32 | N27: 0 | O27: =SUM(C27:L27,N27) -> 5 | P27: =SUM(C27:N27) -> 37 | R27: PM Period | S27: =SUM(S19:S21) -> 36 | T27: =SUM(T19:T21) -> 18 | U27: =SUM(U19:U21) -> 8 | V27: =SUM(V19:V21) -> 0 | W27: =SUM(W19:W21) -> 0 | X27: =SUM(X19:X21) -> 0 | Y27: =SUM(Y19:Y21) -> 1 | Z27: =SUM(Z19:Z21) -> 7 | ... AF27: =SUM(AF19:AF21) -> 553
B28: 11.30 - 11.45 | C28: 1 | D28: 2 | E28: 0 | F28: 0 | G28: 0 | H28: 0 | I28: 0 | J28: 1 | K28: 0 | L28: 0 | M28: 24 | N28: 0 | O28: =SUM(C28:L28,N28) -> 4 | P28: =SUM(C28:N28) -> 28 | R28: 12 Hours | S28: =SUM(S10:S21) -> 94 | T28: =SUM(T10:T21) -> 49 | U28: =SUM(U10:U21) -> 33 | V28: =SUM(V10:V21) -> 1 | W28: =SUM(W10:W21) -> 0 | X28: =SUM(X10:X21) -> 1 | Y28: =SUM(Y10:Y21) -> 5 | Z28: =SUM(Z10:Z21) -> 12 | ... AF28: =SUM(AF10:AF21) -> 1712
B29: 11.45 - 12.00 | C29: 1 | D29: 1 | E29: 0 | F29: 0 | G29: 0 | H29: 0 | I29: 0 | J29: 0 | K29: 0 | L29: 0 | M29: 34 | N29: 0 | O29: =SUM(C29:L29,N29) -> 2 | P29: 34
B30: 12.00 - 12.15 | C30: 0 | D30: 2 | E30: 1 | F30: 0 | G30: 0 | H30: 0 | I30: 0 | J30: 2 | K30: 0 | L30: 0 | M30: 25 | N30: 0 | O30: =SUM(C30:L30,N30) -> 5 | P30: =SUM(C30:N30) -> 30
B31: 12.15 - 12.30 | C31: 1 | D31: 1 | E31: 0 | F31: 0 | G31: 0 | H31: 0 | I31: 0 | J31: 0 | K31: 0 | L31: 0 | M31: 31 | N31: 0 | O31: =SUM(C31:L31,N31) -> 2 | P31: =SUM(C31:N31) -> 33
B32: 12.30 - 12.45 | C32: 1 | D32: 1 | E32: 0 | F32: 0 | G32: 0 | H32: 0 | I32: 2 | J32: 0 | K32: 0 | L32: 0 | M32: 21 | N32: 0 | O32: =SUM(C32:L32,N32) -> 4 | P32: =SUM(C32:N32) -> 25
B33: 12.45 - 13.00 | C33: 2 | D33: 0 | E33: 1 | F33: 0 | G33: 0 | H33: 0 | I33: 0 | J33: 0 | K33: 0 | L33: 0 | M33: 22 | N33: 0 | O33: =SUM(C33:L33,N33) -> 3 | P33: =SUM(C33:N33) -> 25
B34: 13.00 - 13.15 | C34: 2 | D34: 1 | E34: 1 | F34: 0 | G34: 0 | H34: 0 | I34: 0 | J34: 0 | K34: 0 | L34: 0 | M34: 29 | N34: 0 | O34: =SUM(C34:L34,N34) -> 4 | P34: =SUM(C34:N34) -> 33
B35: 13.15 - 13.30 | C35: 0 | D35: 2 | E35: 1 | F35: 0 | G35: 0 | H35: 0 | I35: 0 | J35: 0 | K35: 0 | L35: 0 | M35: 23 | N35: 0 | O35: =SUM(C35:L35,N35) -> 3 | P35: =SUM(C35:N35) -> 26
B36: 13.30 - 13.45 | C36: 2 | D36: 0 | E36: 2 | F36: 0 | G36: 0 | H36: 0 | I36: 0 | J36: 0 | K36: 0 | L36: 0 | M36: 37 | N36: 0 | O36: =SUM(C36:L36,N36) -> 4 | P36: =SUM(C36:N36) -> 41
B37: 13.45 - 14.00 | C37: 2 | D37: 0 | E37: 0 | F37: 0 | G37: 0 | H37: 0 | I37: 0 | J37: 0 | K37: 0 | L37: 0 | M37: 38 | N37: 0 | O37: =SUM(C37:L37,N37) -> 2 | P37: =SUM(C37:N37) -> 40
B38: 14.00 - 14.15 | C38: 0 | D38: 0 | E38: 1 | F38: 0 | G38: 0 | H38: 1 | I38: 0 | J38: 1 | K38: 0 | L38: 0 | M38: 30 | N38: 0 | O38: =SUM(C38:L38,N38) -> 3 | P38: =SUM(C38:N38) -> 33
B39: 14.15 - 14.30 | C39: 1 | D39: 2 | E39: 0 | F39: 0 | G39: 0 | H39: 0 | I39: 0 | J39: 1 | K39: 0 | L39: 0 | M39: 39 | N39: 0 | O39: =SUM(C39:L39,N39) -> 4 | P39: =SUM(C39:N39) -> 43
B40: 14.30 - 14.45 | C40: 4 | D40: 0 | E40: 0 | F40: 0 | G40: 0 | H40: 0 | I40: 0 | J40: 0 | K40: 0 | L40: 0 | M40: 51 | N40: 0 | O40: =SUM(C40:L40,N40) -> 4 | P40: =SUM(C40:N40) -> 55
B41: 14.45 - 15.00 | C41: 0 | D41: 1 | E41: 1 | F41: 0 | G41: 0 | H41: 0 | I41: 1 | J41: 0 | K41: 0 | L41: 0 | M41: 47 | N41: 0 | O41: =SUM(C41:L41,N41) -> 3 | P41: =SUM(C41:N41) -> 50
... B57: 18.45 - 19.00 | C57: 1 | D57: 3 | E57: 0 | F57: 0 | G57: 0 | H57: 0 | I57: 0 | J57: 1 | K57: 0 | L57: 0 | M57: 30 | N57: 0 | O57: =SUM(C57:L57,N57) -> 5 | P57: =SUM(C57:N57) -> 35
B58: Totals | C58: =SUM(C10:C57) -> 94 | D58: =SUM(D10:D57) -> 49 | E58: =SUM(E10:E57) -> 33 | F58: =SUM(F10:F57) -> 1 | G58: =SUM(G10:G57) -> 0 | H58: =SUM(H10:H57) -> 1 | I58: =SUM(I10:I57) -> 5 | J58: =SUM(J10:J57) -> 12 | ... P58: =SUM(P10:P57) -> 1712
B59: %ges + MCs | C59: =C58/$P$58 -> 0.054906542 | D59: =D58/$P$58 -> 0.028621495 | E59: =E58/$P$58 -> 0.019275701 | F59: =F58/$P$58 -> 0.00058411215 | G59: =G58/$P$58 -> 0 | H59: =H58/$P$58 -> 0.00058411215 | I59: =I58/$P$58 -> 0.0029205607 | J59: =J58/$P$58 -> 0.0070093458 | ... N59: =N58/$P$58 -> 0
B60: %ges w/o MCs | C60: =C58/$O$58 -> 0.48205128 | D60: =D58/$O$58 -> 0.25128205 | E60: =E58/$O$58 -> 0.16923077 | F60: =F58/$O$58 -> 0.0051282051 | G60: =G58/$O$58 -> 0 | H60: =H58/$O$58 -> 0.0051282051 | I60: =I58/$O$58 -> 0.025641026 | J60: =J58/$O$58 -> 0.061538462 | ... L60: =L58/$O$58 -> 0 | N60: =N58/$O$58 -> 0

Sheet 27.10 KISORO-CYANIKA
B1: Consultancy services for Preparation of Expressway Development Master Plan (EDMP) for Uganda
B2: MANUAL CLASSIFIED COUNT (MCC)
B3: ROAD NAME: | C3: ='27.10 CYANIKA-KISORO'!C3:G3 -> MCC - C4 - STN135 - KISORO ROAD
C5: Date | D5: ='27.10 CYANIKA-KISORO'!D5 -> 27.10.2019 | F5: Location | G5: ='27.10 CYANIKA-KISORO'!G5:H5 -> STATION 135 | J5: Surveyor | K5: JOVANA BELLA
C6: Dir. From | D6: KISORO | F6: Dir. To | G6: CYANIKA | J6: Supervisor | K6: ='27.10 CYANIKA-KISORO'!K6:L6 -> BELLA
B8: Time / Veh Type | R8: SUMMARY TRAFFIC VOLUMES
C9: 1. Car | D9: 2. Station Wagon | E9: 3. Pickups | F9: 4. Minibus, matatu | G9: 5. Medium bus | H9: 6. Large Bus | I9: 7. Light Truck | J9: 8. Medium Truck | K9: 9. Heavy truck | L9: 10. Truck Trailer | M9: 11. Motor cycles | N9: 12. Tractors | O9: Total Excl M/Cycles | P9: Total All | R9: Time | S9: 1. Car | T9: 2. Station Wagon | U9: 3. Pickups | V9: 4. Minibus, matatu | W9: 5. Medium bus | X9: 6. Large Bus | Y9: 7. Light Truck | Z9: 8. Medium Truck | AA9: 9. Heavy truck | AB9: 10. Truck Trailer | AC9: 11. Motorcycles | AD9: 12. Tractors, Graders | AE9: Total Excl M/ Cycles | AF9: Total All
B10: 07.00 - 07.15 | C10: 0 | D10: 0 | E10: 0 | F10: 0 | G10: 0 | H10: 0 | I10: 0 | J10: 0 | K10: 0 | L10: 0 | M10: 11 | N10: 0 | O10: =SUM(C10:L10,N10) -> 0 | P10: =SUM(C10:N10) -> 11 | R10: 0700-0800 | S10: =SUM(C10:C13) -> 0 | T10: =SUM(D10:D13) -> 1 | U10: =SUM(E10:E13) -> 2 | V10: =SUM(F10:F13) -> 0 | W10: =SUM(G10:G13) -> 0 | X10: =SUM(H10:H13) -> 0 | Y10: =SUM(I10:I13) -> 0 | Z10: =SUM(J10:J13) -> 0 | ... AF10: =SUM(P10:P13) -> 42
B11: 07.15 - 07.30 | C11: 0 | D11: 0 | E11: 0 | F11: 0 | G11: 0 | H11: 0 | I11: 0 | J11: 0 | K11: 0 | L11: 0 | M11: 17 | N11: 0 | O11: =SUM(C11:L11,N11) -> 0 | P11: =SUM(C11:N11) -> 17 | R11: 0800-0900 | S11: =SUM(C14:C17) -> 4 | T11: =SUM(D14:D17) -> 1 | U11: =SUM(E14:E17) -> 2 | V11: =SUM(F14:F17) -> 0 | W11: =SUM(G14:G17) -> 0 | X11: =SUM(H14:H17) -> 0 | Y11: =SUM(I14:I17) -> 1 | Z11: =SUM(J14:J17) -> 0 | ... AF11: =SUM(P14:P17) -> 84
B12: 07.30 - 07.45 | C12: 0 | D12: 0 | E12: 0 | F12: 0 | G12: 0 | H12: 0 | I12: 0 | J12: 0 | K12: 0 | L12: 0 | M12: 8 | N12: 0 | O12: =SUM(C12:L12,N12) -> 0 | P12: =SUM(C12:N12) -> 8 | R12: 0900-1000 | S12: =SUM(C18:C21) -> 2 | T12: =SUM(D18:D21) -> 3 | U12: =SUM(E18:E21) -> 4 | V12: =SUM(F18:F21) -> 0 | W12: =SUM(G18:G21) -> 0 | X12: =SUM(H18:H21) -> 0 | Y12: =SUM(I18:I21) -> 0 | Z12: =SUM(J18:J21) -> 3 | ... AF12: =SUM(P18:P21) -> 126
B13: 07.45 - 08.00 | C13: 0 | D13: 1 | E13: 2 | F13: 0 | G13: 0 | H13: 0 | I13: 0 | J13: 0 | K13: 0 | L13: 0 | M13: 3 | N13: 0 | O13: =SUM(C13:L13,N13) -> 3 | P13: =SUM(C13:N13) -> 6 | R13: 1000-1100 | S13: =SUM(C22:C25) -> 10 | T13: =SUM(D22:D25) -> 3 | U13: =SUM(E22:E25) -> 1 | V13: =SUM(F22:F25) -> 1 | W13: =SUM(G22:G25) -> 1 | X13: =SUM(H22:H25) -> 0 | Y13: =SUM(I22:I25) -> 0 | Z13: =SUM(J22:J25) -> 1 | ... AF13: =SUM(P22:P25) -> 182
B14: 08.00 - 08.15 | C14: 0 | D14: 0 | E14: 1 | F14: 0 | G14: 0 | H14: 0 | I14: 1 | J14: 0 | K14: 0 | L14: 0 | M14: 9 | N14: 0 | O14: =SUM(C14:L14,N14) -> 2 | P14: =SUM(C14:N14) -> 11 | R14: 1100-1200 | S14: =SUM(C26:C29) -> 10 | T14: =SUM(D26:D29) -> 3 | U14: =SUM(E26:E29) -> 2 | V14: =SUM(F26:F29) -> 0 | W14: =SUM(G26:G29) -> 0 | X14: =SUM(H26:H29) -> 1 | Y14: =SUM(I26:I29) -> 2 | Z14: =SUM(J26:J29) -> 0 | ... AF14: =SUM(P26:P29) -> 127
B15: 08.15 - 08.30 | C15: 0 | D15: 0 | E15: 0 | F15: 0 | G15: 0 | H15: 0 | I15: 0 | J15: 0 | K15: 0 | L15: 0 | M15: 18 | N15: 0 | O15: =SUM(C15:L15,N15) -> 0 | P15: =SUM(C15:N15) -> 18 | R15: 1200-1300 | S15: =SUM(C30:C33) -> 8 | T15: =SUM(D30:D33) -> 5 | U15: =SUM(E30:E33) -> 1 | V15: =SUM(F30:F33) -> 0 | W15: =SUM(G30:G33) -> 0 | X15: =SUM(H30:H33) -> 0 | Y15: =SUM(I30:I33) -> 2 | Z15: =SUM(J30:J33) -> 1 | ... AF15: =SUM(P30:P33) -> 104
B16: 08.30 - 08.45 | C16: 1 | D16: 1 | E16: 0 | F16: 0 | G16: 0 | H16: 0 | I16: 0 | J16: 0 | K16: 0 | L16: 0 | M16: 25 | N16: 0 | O16: =SUM(C16:L16,N16) -> 2 | P16: =SUM(C16:N16) -> 27 | R16: 1300-1400 | S16: =SUM(C34:C37) -> 7 | T16: =SUM(D34:D37) -> 2 | U16: =SUM(E34:E37) -> 3 | V16: =SUM(F34:F37) -> 0 | W16: =SUM(G34:G37) -> 0 | X16: =SUM(H34:H37) -> 0 | Y16: =SUM(I34:I37) -> 1 | Z16: =SUM(J34:J37) -> 0 | ... AF16: =SUM(P34:P37) -> 128
B17: 08.45 - 9.00 | C17: 3 | D17: 0 | E17: 1 | F17: 0 | G17: 0 | H17: 0 | I17: 0 | J17: 0 | K17: 0 | L17: 0 | M17: 24 | N17: 0 | O17: =SUM(C17:L17,N17) -> 4 | P17: =SUM(C17:N17) -> 28 | R17: 1400-1500 | S17: =SUM(C38:C41) -> 12 | T17: =SUM(D38:D41) -> 4 | U17: =SUM(E38:E41) -> 4 | V17: =SUM(F38:F41) -> 0 | W17: =SUM(G38:G41) -> 0 | X17: =SUM(H38:H41) -> 0 | Y17: =SUM(I38:I41) -> 4 | Z17: =SUM(J38:J41) -> 0 | ... AF17: =SUM(P38:P41) -> 179
B18: 09.00 - 09.15 | C18: 0 | D18: 0 | E18: 1 | F18: 0 | G18: 0 | H18: 0 | I18: 0 | J18: 1 | K18: 0 | L18: 0 | M18: 24 | N18: 0 | O18: =SUM(C18:L18,N18) -> 2 | P18: =SUM(C18:N18) -> 26 | R18: 1500-1600 | S18: =SUM(C42:C45) -> 11 | T18: =SUM(D42:D45) -> 7 | U18: =SUM(E42:E45) -> 2 | V18: =SUM(F42:F45) -> 1 | W18: =SUM(G42:G45) -> 0 | X18: =SUM(H42:H45) -> 0 | Y18: =SUM(I42:I45) -> 1 | Z18: =SUM(J42:J45) -> 0 | ... AF18: =SUM(P42:P45) -> 212
B19: 09.15 - 09.30 | C19: 0 | D19: 2 | E19: 0 | F19: 0 | G19: 0 | H19: 0 | I19: 0 | J19: 0 | K19: 0 | L19: 0 | M19: 25 | N19: 0 | O19: =SUM(C19:L19,N19) -> 2 | P19: =SUM(C19:N19) -> 27 | R19: 1600-1700 | S19: =SUM(C46:C49) -> 7 | T19: =SUM(D46:D49) -> 4 | U19: =SUM(E46:E49) -> 1 | V19: =SUM(F46:F49) -> 0 | W19: =SUM(G46:G49) -> 0 | X19: =SUM(H46:H49) -> 0 | Y19: =SUM(I46:I49) -> 0 | Z19: =SUM(J46:J49) -> 0 | ... AF19: =SUM(P46:P49) -> 226
B20: 09.30 - 09.45 | C20: 1 | D20: 0 | E20: 3 | F20: 0 | G20: 0 | H20: 0 | I20: 0 | J20: 1 | K20: 0 | L20: 0 | M20: 32 | N20: 0 | O20: =SUM(C20:L20,N20) -> 5 | P20: =SUM(C20:N20) -> 37 | R20: 1700-1800 | S20: =SUM(C50:C53) -> 8 | T20: =SUM(D50:D53) -> 1 | U20: =SUM(E50:E53) -> 4 | V20: =SUM(F50:F53) -> 0 | W20: =SUM(G50:G53) -> 0 | X20: =SUM(H50:H53) -> 0 | Y20: =SUM(I50:I53) -> 3 | Z20: =SUM(J50:J53) -> 0 | ... AF20: =SUM(P50:P53) -> 209
B21: 09.45 - 10.00 | C21: 1 | D21: 1 | E21: 0 | F21: 0 | G21: 0 | H21: 0 | I21: 0 | J21: 1 | K21: 0 | L21: 0 | M21: 33 | N21: 0 | O21: =SUM(C21:L21,N21) -> 3 | P21: =SUM(C21:N21) -> 36 | R21: 1800-1900 | S21: =SUM(C54:C57) -> 16 | T21: =SUM(D54:D57) -> 7 | U21: =SUM(E54:E57) -> 6 | V21: =SUM(F54:F57) -> 1 | W21: =SUM(G54:G57) -> 0 | X21: =SUM(H54:H57) -> 0 | Y21: =SUM(I54:I57) -> 2 | Z21: =SUM(J54:J57) -> 1 | ... AF21: =SUM(P54:P57) -> 236
B22: 10.00 - 10.15 | C22: 1 | D22: 1 | E22: 1 | F22: 0 | G22: 0 | H22: 0 | I22: 0 | J22: 0 | K22: 1 | L22: 0 | M22: 36 | N22: 0 | O22: =SUM(C22:L22,N22) -> 4 | P22: =SUM(C22:N22) -> 40 | R22: AM Peak Hr | S22: =MAX(S10:S12) -> 4 | T22: =MAX(T10:T12) -> 3 | U22: =MAX(U10:U12) -> 4 | V22: =MAX(V10:V12) -> 0 | W22: =MAX(W10:W12) -> 0 | X22: =MAX(X10:X12) -> 0 | Y22: =MAX(Y10:Y12) -> 1 | Z22: =MAX(Z10:Z12) -> 3 | ... AF22: =MAX(AF10:AF12) -> 126
B23: 10.15 - 10.30 | C23: 2 | D23: 0 | E23: 0 | F23: 0 | G23: 1 | H23: 0 | I23: 0 | J23: 0 | K23: 0 | L23: 0 | M23: 42 | N23: 0 | O23: =SUM(C23:L23,N23) -> 3 | P23: =SUM(C23:N23) -> 45 | R23: IP Peak Hr | S23: =MAX(S13:S18) -> 12 | T23: =MAX(T13:T18) -> 7 | U23: =MAX(U13:U18) -> 4 | V23: =MAX(V13:V18) -> 1 | W23: =MAX(W13:W18) -> 1 | X23: =MAX(X13:X18) -> 1 | Y23: =MAX(Y13:Y18) -> 4 | Z23: =MAX(Z13:Z18) -> 1 | ... AF23: =MAX(AF13:AF18) -> 212
B24: 10.30 - 10.45 | C24: 4 | D24: 2 | E24: 0 | F24: 1 | G24: 0 | H24: 0 | I24: 0 | J24: 0 | K24: 0 | L24: 0 | M24: 40 | N24: 0 | O24: =SUM(C24:L24,N24) -> 7 | P24: =SUM(C24:N24) -> 47 | R24: PM Peak Hr | S24: =MAX(S19:S21) -> 16 | T24: =MAX(T19:T21) -> 7 | U24: =MAX(U19:U21) -> 6 | V24: =MAX(V19:V21) -> 1 | W24: =MAX(W19:W21) -> 0 | X24: =MAX(X19:X21) -> 0 | Y24: =MAX(Y19:Y21) -> 3 | Z24: =MAX(Z19:Z21) -> 1 | ... AF24: =MAX(AF19:AF21) -> 236
B25: 10.45 - 11.00 | C25: 3 | D25: 0 | E25: 0 | F25: 0 | G25: 0 | H25: 0 | I25: 0 | J25: 1 | K25: 0 | L25: 0 | M25: 46 | N25: 0 | O25: =SUM(C25:L25,N25) -> 4 | P25: =SUM(C25:N25) -> 50 | R25: AM Period | S25: =SUM(S10:S12) -> 6 | T25: =SUM(T10:T12) -> 5 | U25: =SUM(U10:U12) -> 8 | V25: =SUM(V10:V12) -> 0 | W25: =SUM(W10:W12) -> 0 | X25: =SUM(X10:X12) -> 0 | Y25: =SUM(Y10:Y12) -> 1 | Z25: =SUM(Z10:Z12) -> 3 | ... AF25: =SUM(AF10:AF12) -> 252
B26: 11.00 - 11.15 | C26: 0 | D26: 1 | E26: 0 | F26: 0 | G26: 0 | H26: 0 | I26: 1 | J26: 0 | K26: 0 | L26: 0 | M26: 23 | N26: 0 | O26: =SUM(C26:L26,N26) -> 2 | P26: =SUM(C26:N26) -> 25 | R26: IP Period | S26: =SUM(S13:S18) -> 58 | T26: =SUM(T13:T18) -> 24 | U26: =SUM(U13:U18) -> 13 | V26: =SUM(V13:V18) -> 2 | W26: =SUM(W13:W18) -> 1 | X26: =SUM(X13:X18) -> 1 | Y26: =SUM(Y13:Y18) -> 10 | Z26: =SUM(Z13:Z18) -> 2 | ... AF26: =SUM(AF13:AF18) -> 932
B27: 11.15 - 11.30 | C27: 3 | D27: 0 | E27: 0 | F27: 0 | G27: 0 | H27: 1 | I27: 0 | J27: 0 | K27: 0 | L27: 0 | M27: 35 | N27: 0 | O27: =SUM(C27:L27,N27) -> 4 | P27: =SUM(C27:N27) -> 39 | R27: PM Period | S27: =SUM(S19:S21) -> 31 | T27: =SUM(T19:T21) -> 12 | U27: =SUM(U19:U21) -> 11 | V27: =SUM(V19:V21) -> 1 | W27: =SUM(W19:W21) -> 0 | X27: =SUM(X19:X21) -> 0 | Y27: =SUM(Y19:Y21) -> 5 | Z27: =SUM(Z19:Z21) -> 1 | ... AF27: =SUM(AF19:AF21) -> 671
B28: 11.30 - 11.45 | C28: 6 | D28: 1 | E28: 1 | F28: 0 | G28: 0 | H28: 0 | I28: 1 | J28: 0 | K28: 0 | L28: 0 | M28: 29 | N28: 0 | O28: =SUM(C28:L28,N28) -> 9 | P28: =SUM(C28:N28) -> 38 | R28: 12 Hours | S28: =SUM(S10:S21) -> 95 | T28: =SUM(T10:T21) -> 41 | U28: =SUM(U10:U21) -> 32 | V28: =SUM(V10:V21) -> 3 | W28: =SUM(W10:W21) -> 1 | X28: =SUM(X10:X21) -> 1 | Y28: =SUM(Y10:Y21) -> 16 | Z28: =SUM(Z10:Z21) -> 6 | ... AF28: =SUM(AF10:AF21) -> 1855
B29: 11.45 - 12.00 | C29: 1 | D29: 1 | E29: 1 | F29: 0 | G29: 0 | H29: 0 | I29: 0 | J29: 0 | K29: 0 | L29: 0 | M29: 22 | N29: 0 | O29: =SUM(C29:L29,N29) -> 3 | P29: =SUM(C29:N29) -> 25
B30: 12.00 - 12.15 | C30: 1 | D30: 1 | E30: 1 | F30: 0 | G30: 0 | H30: 0 | I30: 1 | J30: 1 | K30: 0 | L30: 0 | M30: 25 | N30: 0 | O30: =SUM(C30:L30,N30) -> 5 | P30: =SUM(C30:N30) -> 30
B31: 12.15 - 12.30 | C31: 4 | D31: 1 | E31: 0 | F31: 0 | G31: 0 | H31: 0 | I31: 0 | J31: 0 | K31: 0 | L31: 0 | M31: 21 | N31: 0 | O31: =SUM(C31:L31,N31) -> 5 | P31: =SUM(C31:N31) -> 26
B32: 12.30 - 12.45 | C32: 3 | D32: 0 | E32: 0 | F32: 0 | G32: 0 | H32: 0 | I32: 0 | J32: 0 | K32: 0 | L32: 0 | M32: 21 | N32: 0 | O32: =SUM(C32:L32,N32) -> 3 | P32: =SUM(C32:N32) -> 24
B33: 12.45 - 13.00 | C33: 0 | D33: 3 | E33: 0 | F33: 0 | G33: 0 | H33: 0 | I33: 1 | J33: 0 | K33: 0 | L33: 0 | M33: 20 | N33: 0 | O33: =SUM(C33:L33,N33) -> 4 | P33: =SUM(C33:N33) -> 24
B34: 13.00 - 13.15 | C34: 0 | D34: 1 | E34: 1 | F34: 0 | G34: 0 | H34: 0 | I34: 1 | J34: 0 | K34: 0 | L34: 0 | M34: 27 | N34: 0 | O34: =SUM(C34:L34,N34) -> 3 | P34: =SUM(C34:N34) -> 30
B35: 13.15 - 13.30 | C35: 4 | D35: 1 | E35: 0 | F35: 0 | G35: 0 | H35: 0 | I35: 0 | J35: 0 | K35: 0 | L35: 0 | M35: 23 | N35: 0 | O35: =SUM(C35:L35,N35) -> 5 | P35: =SUM(C35:N35) -> 28
B36: 13.30 - 13.45 | C36: 1 | D36: 0 | E36: 1 | F36: 0 | G36: 0 | H36: 0 | I36: 0 | J36: 0 | K36: 0 | L36: 0 | M36: 32 | N36: 0 | O36: =SUM(C36:L36,N36) -> 2 | P36: =SUM(C36:N36) -> 34
B37: 13.45 - 14.00 | C37: 2 | D37: 0 | E37: 1 | F37: 0 | G37: 0 | H37: 0 | I37: 0 | J37: 0 | K37: 0 | L37: 0 | M37: 33 | N37: 0 | O37: =SUM(C37:L37,N37) -> 3 | P37: =SUM(C37:N37) -> 36
B38: 14.00 - 14.15 | C38: 3 | D38: 1 | E38: 1 | F38: 0 | G38: 0 | H38: 0 | I38: 1 | J38: 0 | K38: 0 | L38: 0 | M38: 33 | N38: 0 | O38: =SUM(C38:L38,N38) -> 6 | P38: =SUM(C38:N38) -> 39
B39: 14.15 - 14.30 | C39: 5 | D39: 1 | E39: 0 | F39: 0 | G39: 0 | H39: 0 | I39: 0 | J39: 0 | K39: 0 | L39: 0 | M39: 40 | N39: 0 | O39: =SUM(C39:L39,N39) -> 6 | P39: =SUM(C39:N39) -> 46
B40: 14.30 - 14.45 | C40: 1 | D40: 0 | E40: 1 | F40: 0 | G40: 0 | H40: 0 | I40: 1 | J40: 0 | K40: 0 | L40: 0 | M40: 40 | N40: 0 | O40: =SUM(C40:L40,N40) -> 3 | P40: =SUM(C40:N40) -> 43
... B57: 18.45 - 19.00 | C57: 4 | D57: 1 | E57: 1 | F57: 1 | G57: 0 | H57: 0 | I57: 0 | J57: 0 | K57: 0 | L57: 0 | M57: 53 | N57: 0 | O57: =SUM(C57:L57,N57) -> 7 | P57: =SUM(C57:N57) -> 60
B58: Totals | C58: =SUM(C10:C57) -> 95 | D58: =SUM(D10:D57) -> 41 | E58: =SUM(E10:E57) -> 32 | F58: =SUM(F10:F57) -> 3 | G58: =SUM(G10:G57) -> 1 | H58: =SUM(H10:H57) -> 1 | I58: =SUM(I10:I57) -> 16 | J58: =SUM(J10:J57) -> 6 | ... P58: =SUM(P10:P57) -> 1855
B59: %ges + MCs | C59: =C58/$P$58 -> 0.051212938 | D59: =D58/$P$58 -> 0.022102426 | E59: =E58/$P$58 -> 0.017250674 | F59: =F58/$P$58 -> 0.0016172507 | G59: =G58/$P$58 -> 0.00053908356 | H59: =H58/$P$58 -> 0.00053908356 | I59: =I58/$P$58 -> 0.0086253369 | J59: =J58/$P$58 -> 0.0032345013 | ... N59: =N58/$P$58 -> 0
B60: %ges w/o MCs | C60: =C58/$O$58 -> 0.48469388 | D60: =D58/$O$58 -> 0.20918367 | E60: =E58/$O$58 -> 0.16326531 | F60: =F58/$O$58 -> 0.015306122 | G60: =G58/$O$58 -> 0.0051020408 | H60: =H58/$O$58 -> 0.0051020408 | I60: =I58/$O$58 -> 0.081632653 | J60: =J58/$O$58 -> 0.030612245 | ... L60: =L58/$O$58 -> 0 | N60: =N58/$O$58 -> 0

Sheet Avg Week Cyanika-Kisoro
B1: Consultancy services for Preparation of Expressway Development Master Plan (EDMP) for Uganda
B2: MANUAL CLASSIFIED COUNT (MCC)
B3: ROAD NAME: | C3: CYAHAFI B.P
C5: Date | D5: AVERAGE WEEK | F5: Location | G5: XXXX | J5: Surveyor | K5: XXXXX
C6: Dir. From | D6: CYANIKA | F6: Dir. To | G6: KISORO | J6: Supervisor | K6: BELLA
B8: Time / Veh Type | R8: SUMMARY TRAFFIC VOLUMES
C9: 1. Car | D9: 2. Station Wagon | E9: 3. Pickups | F9: 4. Minibus, matatu | G9: 5. Medium bus | H9: 6. Large Bus | I9: 7. Light Truck | J9: 8. Medium Truck | K9: 9. Heavy truck | L9: 10. Truck Trailer | M9: 11. Motor cycles | N9: 12. Tractors | O9: Total Excl M/Cycles | P9: Total All | R9: Time | S9: 1. Car | T9: 2. Station Wagon | U9: 3. Pickups | V9: 4. Minibus, matatu | W9: 5. Medium bus | X9: 6. Large Bus | Y9: 7. Light Truck | Z9: 8. Medium Truck | AA9: 9. Heavy truck | AB9: 10. Truck Trailer | AC9: 11. Motorcycles | AD9: 12. Tractors, Graders | AE9: Total Excl M/ Cycles | AF9: Total All
B10: 07.00 - 07.15 | C10: =AVERAGE('25.10.19 CYANIKA-KISORO-24h'!C10,'26.10 CYANIKA-KISORO'!C10,'27.10 CYANIKA-KISORO'!C10) -> 0.66666667 | D10: =AVERAGE('25.10.19 CYANIKA-KISORO-24h'!D10,'26.10 CYANIKA-KISORO'!D10,'27.10 CYANIKA-KISORO'!D10) -> 0.66666667 | E10: =AVERAGE('25.10.19 CYANIKA-KISORO-24h'!E10,'26.10 CYANIKA-KISORO'!E10,'27.10 CYANIKA-KISORO'!E10) -> 0 | F10: =AVERAGE('25.10.19 CYANIKA-KISORO-24h'!F10,'26.10 CYANIKA-KISORO'!F10,'27.10 CYANIKA-KISORO'!F10) -> 0 | G10: =AVERAGE('25.10.19 CYANIKA-KISORO-24h'!G10,'26.10 CYANIKA-KISORO'!G10,'27.10 CYANIKA-KISORO'!G10) -> 0 | H10: =AVERAGE('25.10.19 CYANIKA-KISORO-24h'!H10,'26.10 CYANIKA-KISORO'!H10,'27.10 CYANIKA-KISORO'!H10) -> 0 | I10: =AVERAGE('25.10.19 CYANIKA-KISORO-24h'!I10,'26.10 CYANIKA-KISORO'!I10,'27.10 CYANIKA-KISORO'!I10) -> 0 | J10: =AVERAGE('25.10.19 CYANIKA-KISORO-24h'!J10,'26.10 CYANIKA-KISORO'!J10,'27.10 CYANIKA-KISORO'!J10) -> 0 | ... N10: =AVERAGE('25.10.19 CYANIKA-KISORO-24h'!N10,'26.10 CYANIKA-KISORO'!N10,'27.10 CYANIKA-KISORO'!N10) -> 0 | O10: =SUM(C10:L10,N10) -> 1.3333333 | P10: =SUM(C10:N10) -> 12.666667 | R10: 0700-0800 | S10: =SUM(C10:C13) -> 5.3333333 | T10: =SUM(D10:D13) -> 3.6666667 | U10: =SUM(E10:E13) -> 1.3333333 | V10: =SUM(F10:F13) -> 0.33333333 | W10: =SUM(G10:G13) -> 0 | X10: =SUM(H10:H13) -> 0 | Y10: =SUM(I10:I13) -> 0.66666667 | Z10: =SUM(J10:J13) -> 0.33333333 | ... AF10: =SUM(P10:P13) -> 51
B11: 07.15 - 07.30 | C11: =AVERAGE('25.10.19 CYANIKA-KISORO-24h'!C11,'26.10 CYANIKA-KISORO'!C11,'27.10 CYANIKA-KISORO'!C11) -> 1.6666667 | D11: =AVERAGE('25.10.19 CYANIKA-KISORO-24h'!D11,'26.10 CYANIKA-KISORO'!D11,'27.10 CYANIKA-KISORO'!D11) -> 0.33333333 | E11: =AVERAGE('25.10.19 CYANIKA-KISORO-24h'!E11,'26.10 CYANIKA-KISORO'!E11,'27.10 CYANIKA-KISORO'!E11) -> 0.33333333 | F11: =AVERAGE('25.10.19 CYANIKA-KISORO-24h'!F11,'26.10 CYANIKA-KISORO'!F11,'27.10 CYANIKA-KISORO'!F11) -> 0.33333333 | G11: =AVERAGE('25.10.19 CYANIKA-KISORO-24h'!G11,'26.10 CYANIKA-KISORO'!G11,'27.10 CYANIKA-KISORO'!G11) -> 0 | H11: =AVERAGE('25.10.19 CYANIKA-KISORO-24h'!H11,'26.10 CYANIKA-KISORO'!H11,'27.10 CYANIKA-KISORO'!H11) -> 0 | I11: =AVERAGE('25.10.19 CYANIKA-KISORO-24h'!I11,'26.10 CYANIKA-KISORO'!I11,'27.10 CYANIKA-KISORO'!I11) -> 0 | J11: =AVERAGE('25.10.19 CYANIKA-KISORO-24h'!J11,'26.10 CYANIKA-KISORO'!J11,'27.10 CYANIKA-KISORO'!J11) -> 0 | ... N11: =AVERAGE('25.10.19 CYANIKA-KISORO-24h'!N11,'26.10 CYANIKA-KISORO'!N11,'27.10 CYANIKA-KISORO'!N11) -> 0 | O11: =SUM(C11:L11,N11) -> 2.6666667 | P11: =SUM(C11:N11) -> 14.333333 | R11: 0800-0900 | S11: =SUM(C14:C17) -> 4 | T11: =SUM(D14:D17) -> 1.3333333 | U11: =SUM(E14:E17) -> 3.6666667 | V11: =SUM(F14:F17) -> 0 | W11: =SUM(G14:G17) -> 0 | X11: =SUM(H14:H17) -> 0 | Y11: =SUM(I14:I17) -> 0.66666667 | Z11: =SUM(J14:J17) -> 0 | ... AF11: =SUM(P14:P17) -> 57
B12: 07.30 - 07.45 | C12: =AVERAGE('25.10.19 CYANIKA-KISORO-24h'!C12,'26.10 CYANIKA-KISORO'!C12,'27.10 CYANIKA-KISORO'!C12) -> 1 | D12: =AVERAGE('25.10.19 CYANIKA-KISORO-24h'!D12,'26.10 CYANIKA-KISORO'!D12,'27.10 CYANIKA-KISORO'!D12) -> 1.3333333 | E12: =AVERAGE('25.10.19 CYANIKA-KISORO-24h'!E12,'26.10 CYANIKA-KISORO'!E12,'27.10 CYANIKA-KISORO'!E12) -> 0.33333333 | F12: =AVERAGE('25.10.19 CYANIKA-KISORO-24h'!F12,'26.10 CYANIKA-KISORO'!F12,'27.10 CYANIKA-KISORO'!F12) -> 0 | G12: =AVERAGE('25.10.19 CYANIKA-KISORO-24h'!G12,'26.10 CYANIKA-KISORO'!G12,'27.10 CYANIKA-KISORO'!G12) -> 0 | H12: =AVERAGE('25.10.19 CYANIKA-KISORO-24h'!H12,'26.10 CYANIKA-KISORO'!H12,'27.10 CYANIKA-KISORO'!H12) -> 0 | I12: =AVERAGE('25.10.19 CYANIKA-KISORO-24h'!I12,'26.10 CYANIKA-KISORO'!I12,'27.10 CYANIKA-KISORO'!I12) -> 0 | J12: =AVERAGE('25.10.19 CYANIKA-KISORO-24h'!J12,'26.10 CYANIKA-KISORO'!J12,'27.10 CYANIKA-KISORO'!J12) -> 0 | ... N12: =AVERAGE('25.10.19 CYANIKA-KISORO-24h'!N12,'26.10 CYANIKA-KISORO'!N12,'27.10 CYANIKA-KISORO'!N12) -> 0 | O12: =SUM(C12:L12,N12) -> 2.6666667 | P12: =SUM(C12:N12) -> 10 | R12: 0900-1000 | S12: =SUM(C18:C21) -> 8.6666667 | T12: =SUM(D18:D21) -> 3.6666667 | U12: =SUM(E18:E21) -> 2 | V12: =SUM(F18:F21) -> 0.33333333 | W12: =SUM(G18:G21) -> 0 | X12: =SUM(H18:H21) -> 0 | Y12: =SUM(I18:I21) -> 0.66666667 | Z12: =SUM(J18:J21) -> 1.3333333 | ... AF12: =SUM(P18:P21) -> 104.66667
B13: 07.45 - 08.00 | C13: =AVERAGE('25.10.19 CYANIKA-KISORO-24h'!C13,'26.10 CYANIKA-KISORO'!C13,'27.10 CYANIKA-KISORO'!C13) -> 2 | D13: =AVERAGE('25.10.19 CYANIKA-KISORO-24h'!D13,'26.10 CYANIKA-KISORO'!D13,'27.10 CYANIKA-KISORO'!D13) -> 1.3333333 | E13: =AVERAGE('25.10.19 CYANIKA-KISORO-24h'!E13,'26.10 CYANIKA-KISORO'!E13,'27.10 CYANIKA-KISORO'!E13) -> 0.66666667 | F13: =AVERAGE('25.10.19 CYANIKA-KISORO-24h'!F13,'26.10 CYANIKA-KISORO'!F13,'27.10 CYANIKA-KISORO'!F13) -> 0 | G13: =AVERAGE('25.10.19 CYANIKA-KISORO-24h'!G13,'26.10 CYANIKA-KISORO'!G13,'27.10 CYANIKA-KISORO'!G13) -> 0 | H13: =AVERAGE('25.10.19 CYANIKA-KISORO-24h'!H13,'26.10 CYANIKA-KISORO'!H13,'27.10 CYANIKA-KISORO'!H13) -> 0 | I13: =AVERAGE('25.10.19 CYANIKA-KISORO-24h'!I13,'26.10 CYANIKA-KISORO'!I13,'27.10 CYANIKA-KISORO'!I13) -> 0.66666667 | J13: =AVERAGE('25.10.19 CYANIKA-KISORO-24h'!J13,'26.10 CYANIKA-KISORO'!J13,'27.10 CYANIKA-KISORO'!J13) -> 0.33333333 | ... N13: =AVERAGE('25.10.19 CYANIKA-KISORO-24h'!N13,'26.10 CYANIKA-KISORO'!N13,'27.10 CYANIKA-KISORO'!N13) -> 0 | O13: =SUM(C13:L13,N13) -> 5 | P13: =SUM(C13:N13) -> 14 | R13: 1000-1100 | S13: =SUM(C22:C25) -> 6.6666667 | T13: =SUM(D22:D25) -> 4.3333333 | U13: =SUM(E22:E25) -> 4.3333333 | V13: =SUM(F22:F25) -> 0.66666667 | W13: =SUM(G22:G25) -> 0 | X13: =SUM(H22:H25) -> 0 | Y13: =SUM(I22:I25) -> 1 | Z13: =SUM(J22:J25) -> 1.6666667 | ... AF13: =SUM(P22:P25) -> 136
B14: 08.00 - 08.15 | C14: =AVERAGE('25.10.19 CYANIKA-KISORO-24h'!C14,'26.10 CYANIKA-KISORO'!C14,'27.10 CYANIKA-KISORO'!C14) -> 1.3333333 | D14: =AVERAGE('25.10.19 CYANIKA-KISORO-24h'!D14,'26.10 CYANIKA-KISORO'!D14,'27.10 CYANIKA-KISORO'!D14) -> 0 | E14: =AVERAGE('25.10.19 CYANIKA-KISORO-24h'!E14,'26.10 CYANIKA-KISORO'!E14,'27.10 CYANIKA-KISORO'!E14) -> 1 | F14: =AVERAGE('25.10.19 CYANIKA-KISORO-24h'!F14,'26.10 CYANIKA-KISORO'!F14,'27.10 CYANIKA-KISORO'!F14) -> 0 | G14: =AVERAGE('25.10.19 CYANIKA-KISORO-24h'!G14,'26.10 CYANIKA-KISORO'!G14,'27.10 CYANIKA-KISORO'!G14) -> 0 | H14: =AVERAGE('25.10.19 CYANIKA-KISORO-24h'!H14,'26.10 CYANIKA-KISORO'!H14,'27.10 CYANIKA-KISORO'!H14) -> 0 | I14: =AVERAGE('25.10.19 CYANIKA-KISORO-24h'!I14,'26.10 CYANIKA-KISORO'!I14,'27.10 CYANIKA-KISORO'!I14) -> 0 | J14: =AVERAGE('25.10.19 CYANIKA-KISORO-24h'!J14,'26.10 CYANIKA-KISORO'!J14,'27.10 CYANIKA-KISORO'!J14) -> 0 | ... N14: =AVERAGE('25.10.19 CYANIKA-KISORO-24h'!N14,'26.10 CYANIKA-KISORO'!N14,'27.10 CYANIKA-KISORO'!N14) -> 0 | O14: =SUM(C14:L14,N14) -> 2.3333333 | P14: =SUM(C14:N14) -> 12 | R14: 1100-1200 | S14: =SUM(C26:C29) -> 10 | T14: =SUM(D26:D29) -> 4.6666667 | U14: =SUM(E26:E29) -> 1.6666667 | V14: =SUM(F26:F29) -> 0.33333333 | W14: =SUM(G26:G29) -> 0 | X14: =SUM(H26:H29) -> 0 | Y14: =SUM(I26:I29) -> 0.66666667 | Z14: =SUM(J26:J29) -> 1.3333333 | ... AF14: =SUM(P26:P29) -> 150
B15: 08.15 - 08.30 | C15: =AVERAGE('25.10.19 CYANIKA-KISORO-24h'!C15,'26.10 CYANIKA-KISORO'!C15,'27.10 CYANIKA-KISORO'!C15) -> 0.33333333 | D15: =AVERAGE('25.10.19 CYANIKA-KISORO-24h'!D15,'26.10 CYANIKA-KISORO'!D15,'27.10 CYANIKA-KISORO'!D15) -> 0 | E15: =AVERAGE('25.10.19 CYANIKA-KISORO-24h'!E15,'26.10 CYANIKA-KISORO'!E15,'27.10 CYANIKA-KISORO'!E15) -> 0.66666667 | F15: =AVERAGE('25.10.19 CYANIKA-KISORO-24h'!F15,'26.10 CYANIKA-KISORO'!F15,'27.10 CYANIKA-KISORO'!F15) -> 0 | G15: =AVERAGE('25.10.19 CYANIKA-KISORO-24h'!G15,'26.10 CYANIKA-KISORO'!G15,'27.10 CYANIKA-KISORO'!G15) -> 0 | H15: =AVERAGE('25.10.19 CYANIKA-KISORO-24h'!H15,'26.10 CYANIKA-KISORO'!H15,'27.10 CYANIKA-KISORO'!H15) -> 0 | I15: =AVERAGE('25.10.19 CYANIKA-KISORO-24h'!I15,'26.10 CYANIKA-KISORO'!I15,'27.10 CYANIKA-KISORO'!I15) -> 0.33333333 | J15: =AVERAGE('25.10.19 CYANIKA-KISORO-24h'!J15,'26.10 CYANIKA-KISORO'!J15,'27.10 CYANIKA-KISORO'!J15) -> 0 | ... N15: =AVERAGE('25.10.19 CYANIKA-KISORO-24h'!N15,'26.10 CYANIKA-KISORO'!N15,'27.10 CYANIKA-KISORO'!N15) -> 0 | O15: =SUM(C15:L15,N15) -> 1.3333333 | P15: =SUM(C15:N15) -> 12.333333 | R15: 1200-1300 | S15: =SUM(C30:C33) -> 6 | T15: =SUM(D30:D33) -> 2.3333333 | U15: =SUM(E30:E33) -> 3.6666667 | V15: =SUM(F30:F33) -> 0.33333333 | W15: =SUM(G30:G33) -> 0 | X15: =SUM(H30:H33) -> 0 | Y15: =SUM(I30:I33) -> 1 | Z15: =SUM(J30:J33) -> 2 | ... AF15: =SUM(P30:P33) -> 132
B16: 08.30 - 08.45 | C16: =AVERAGE('25.10.19 CYANIKA-KISORO-24h'!C16,'26.10 CYANIKA-KISORO'!C16,'27.10 CYANIKA-KISORO'!C16) -> 1 | D16: =AVERAGE('25.10.19 CYANIKA-KISORO-24h'!D16,'26.10 CYANIKA-KISORO'!D16,'27.10 CYANIKA-KISORO'!D16) -> 1 | E16: =AVERAGE('25.10.19 CYANIKA-KISORO-24h'!E16,'26.10 CYANIKA-KISORO'!E16,'27.10 CYANIKA-KISORO'!E16) -> 0.33333333 | F16: =AVERAGE('25.10.19 CYANIKA-KISORO-24h'!F16,'26.10 CYANIKA-KISORO'!F16,'27.10 CYANIKA-KISORO'!F16) -> 0 | G16: =AVERAGE('25.10.19 CYANIKA-KISORO-24h'!G16,'26.10 CYANIKA-KISORO'!G16,'27.10 CYANIKA-KISORO'!G16) -> 0 | H16: =AVERAGE('25.10.19 CYANIKA-KISORO-24h'!H16,'26.10 CYANIKA-KISORO'!H16,'27.10 CYANIKA-KISORO'!H16) -> 0 | I16: =AVERAGE('25.10.19 CYANIKA-KISORO-24h'!I16,'26.10 CYANIKA-KISORO'!I16,'27.10 CYANIKA-KISORO'!I16) -> 0.33333333 | J16: =AVERAGE('25.10.19 CYANIKA-KISORO-24h'!J16,'26.10 CYANIKA-KISORO'!J16,'27.10 CYANIKA-KISORO'!J16) -> 0 | ... N16: =AVERAGE('25.10.19 CYANIKA-KISORO-24h'!N16,'26.10 CYANIKA-KISORO'!N16,'27.10 CYANIKA-KISORO'!N16) -> 0 | O16: =SUM(C16:L16,N16) -> 2.6666667 | P16: =SUM(C16:N16) -> 15 | R16: 1300-1400 | S16: =SUM(C34:C37) -> 7 | T16: =SUM(D34:D37) -> 4 | U16: =SUM(E34:E37) -> 3.6666667 | V16: =SUM(F34:F37) -> 0.33333333 | W16: =SUM(G34:G37) -> 0 | X16: =SUM(H34:H37) -> 0 | Y16: =SUM(I34:I37) -> 0.66666667 | Z16: =SUM(J34:J37) -> 1.6666667 | ... AF16: =SUM(P34:P37) -> 135.66667
B17: 08.45 - 9.00 | C17: =AVERAGE('25.10.19 CYANIKA-KISORO-24h'!C17,'26.10 CYANIKA-KISORO'!C17,'27.10 CYANIKA-KISORO'!C17) -> 1.3333333 | D17: =AVERAGE('25.10.19 CYANIKA-KISORO-24h'!D17,'26.10 CYANIKA-KISORO'!D17,'27.10 CYANIKA-KISORO'!D17) -> 0.33333333 | E17: =AVERAGE('25.10.19 CYANIKA-KISORO-24h'!E17,'26.10 CYANIKA-KISORO'!E17,'27.10 CYANIKA-KISORO'!E17) -> 1.6666667 | F17: =AVERAGE('25.10.19 CYANIKA-KISORO-24h'!F17,'26.10 CYANIKA-KISORO'!F17,'27.10 CYANIKA-KISORO'!F17) -> 0 | G17: =AVERAGE('25.10.19 CYANIKA-KISORO-24h'!G17,'26.10 CYANIKA-KISORO'!G17,'27.10 CYANIKA-KISORO'!G17) -> 0 | H17: =AVERAGE('25.10.19 CYANIKA-KISORO-24h'!H17,'26.10 CYANIKA-KISORO'!H17,'27.10 CYANIKA-KISORO'!H17) -> 0 | I17: =AVERAGE('25.10.19 CYANIKA-KISORO-24h'!I17,'26.10 CYANIKA-KISORO'!I17,'27.10 CYANIKA-KISORO'!I17) -> 0 | J17: =AVERAGE('25.10.19 CYANIKA-KISORO-24h'!J17,'26.10 CYANIKA-KISORO'!J17,'27.10 CYANIKA-KISORO'!J17) -> 0 | ... N17: =AVERAGE('25.10.19 CYANIKA-KISORO-24h'!N17,'26.10 CYANIKA-KISORO'!N17,'27.10 CYANIKA-KISORO'!N17) -> 0 | O17: =SUM(C17:L17,N17) -> 3.3333333 | P17: =SUM(C17:N17) -> 17.666667 | R17: 1400-1500 | S17: =SUM(C38:C41) -> 5.3333333 | T17: =SUM(D38:D41) -> 3.6666667 | U17: =SUM(E38:E41) -> 2.6666667 | V17: =SUM(F38:F41) -> 0.33333333 | W17: =SUM(G38:G41) -> 0 | X17: =SUM(H38:H41) -> 0.33333333 | Y17: =SUM(I38:I41) -> 1.3333333 | Z17: =SUM(J38:J41) -> 2 | ... AF17: =SUM(P38:P41) -> 138.33333
B18: 09.00 - 09.15 | C18: =AVERAGE('25.10.19 CYANIKA-KISORO-24h'!C18,'26.10 CYANIKA-KISORO'!C18,'27.10 CYANIKA-KISORO'!C18) -> 2 | D18: =AVERAGE('25.10.19 CYANIKA-KISORO-24h'!D18,'26.10 CYANIKA-KISORO'!D18,'27.10 CYANIKA-KISORO'!D18) -> 1 | E18: =AVERAGE('25.10.19 CYANIKA-KISORO-24h'!E18,'26.10 CYANIKA-KISORO'!E18,'27.10 CYANIKA-KISORO'!E18) -> 0 | F18: =AVERAGE('25.10.19 CYANIKA-KISORO-24h'!F18,'26.10 CYANIKA-KISORO'!F18,'27.10 CYANIKA-KISORO'!F18) -> 0 | G18: =AVERAGE('25.10.19 CYANIKA-KISORO-24h'!G18,'26.10 CYANIKA-KISORO'!G18,'27.10 CYANIKA-KISORO'!G18) -> 0 | H18: =AVERAGE('25.10.19 CYANIKA-KISORO-24h'!H18,'26.10 CYANIKA-KISORO'!H18,'27.10 CYANIKA-KISORO'!H18) -> 0 | I18: =AVERAGE('25.10.19 CYANIKA-KISORO-24h'!I18,'26.10 CYANIKA-KISORO'!I18,'27.10 CYANIKA-KISORO'!I18) -> 0 | J18: =AVERAGE('25.10.19 CYANIKA-KISORO-24h'!J18,'26.10 CYANIKA-KISORO'!J18,'27.10 CYANIKA-KISORO'!J18) -> 0.33333333 | ... N18: =AVERAGE('25.10.19 CYANIKA-KISORO-24h'!N18,'26.10 CYANIKA-KISORO'!N18,'27.10 CYANIKA-KISORO'!N18) -> 0 | O18: =SUM(C18:L18,N18) -> 3.6666667 | P18: =SUM(C18:N18) -> 22.666667 | R18: 1500-1600 | S18: =SUM(C42:C45) -> 7 | T18: =SUM(D42:D45) -> 4 | U18: =SUM(E42:E45) -> 2.3333333 | V18: =SUM(F42:F45) -> 0 | W18: =SUM(G42:G45) -> 0 | X18: =SUM(H42:H45) -> 0 | Y18: =SUM(I42:I45) -> 0 | Z18: =SUM(J42:J45) -> 2.3333333 | ... AF18: =SUM(P42:P45) -> 159.33333
B19: 09.15 - 09.30 | C19: =AVERAGE('25.10.19 CYANIKA-KISORO-24h'!C19,'26.10 CYANIKA-KISORO'!C19,'27.10 CYANIKA-KISORO'!C19) -> 2 | D19: =AVERAGE('25.10.19 CYANIKA-KISORO-24h'!D19,'26.10 CYANIKA-KISORO'!D19,'27.10 CYANIKA-KISORO'!D19) -> 1 | E19: =AVERAGE('25.10.19 CYANIKA-KISORO-24h'!E19,'26.10 CYANIKA-KISORO'!E19,'27.10 CYANIKA-KISORO'!E19) -> 1 | F19: =AVERAGE('25.10.19 CYANIKA-KISORO-24h'!F19,'26.10 CYANIKA-KISORO'!F19,'27.10 CYANIKA-KISORO'!F19) -> 0.33333333 | G19: =AVERAGE('25.10.19 CYANIKA-KISORO-24h'!G19,'26.10 CYANIKA-KISORO'!G19,'27.10 CYANIKA-KISORO'!G19) -> 0 | H19: =AVERAGE('25.10.19 CYANIKA-KISORO-24h'!H19,'26.10 CYANIKA-KISORO'!H19,'27.10 CYANIKA-KISORO'!H19) -> 0 | I19: =AVERAGE('25.10.19 CYANIKA-KISORO-24h'!I19,'26.10 CYANIKA-KISORO'!I19,'27.10 CYANIKA-KISORO'!I19) -> 0.66666667 | J19: =AVERAGE('25.10.19 CYANIKA-KISORO-24h'!J19,'26.10 CYANIKA-KISORO'!J19,'27.10 CYANIKA-KISORO'!J19) -> 0 | ... N19: =AVERAGE('25.10.19 CYANIKA-KISORO-24h'!N19,'26.10 CYANIKA-KISORO'!N19,'27.10 CYANIKA-KISORO'!N19) -> 0 | O19: =SUM(C19:L19,N19) -> 5 | P19: =SUM(C19:N19) -> 27 | R19: 1600-1700 | S19: =SUM(C46:C49) -> 9.3333333 | T19: =SUM(D46:D49) -> 3.3333333 | U19: =SUM(E46:E49) -> 3 | V19: =SUM(F46:F49) -> 0 | W19: =SUM(G46:G49) -> 0 | X19: =SUM(H46:H49) -> 0.33333333 | Y19: =SUM(I46:I49) -> 0.33333333 | Z19: =SUM(J46:J49) -> 3.6666667 | ... AF19: =SUM(P46:P49) -> 167.66667
B20: 09.30 - 09.45 | C20: =AVERAGE('25.10.19 CYANIKA-KISORO-24h'!C20,'26.10 CYANIKA-KISORO'!C20,'27.10 CYANIKA-KISORO'!C20) -> 2.3333333 | D20: =AVERAGE('25.10.19 CYANIKA-KISORO-24h'!D20,'26.10 CYANIKA-KISORO'!D20,'27.10 CYANIKA-KISORO'!D20) -> 1.3333333 | E20: =AVERAGE('25.10.19 CYANIKA-KISORO-24h'!E20,'26.10 CYANIKA-KISORO'!E20,'27.10 CYANIKA-KISORO'!E20) -> 1 | F20: =AVERAGE('25.10.19 CYANIKA-KISORO-24h'!F20,'26.10 CYANIKA-KISORO'!F20,'27.10 CYANIKA-KISORO'!F20) -> 0 | G20: =AVERAGE('25.10.19 CYANIKA-KISORO-24h'!G20,'26.10 CYANIKA-KISORO'!G20,'27.10 CYANIKA-KISORO'!G20) -> 0 | H20: =AVERAGE('25.10.19 CYANIKA-KISORO-24h'!H20,'26.10 CYANIKA-KISORO'!H20,'27.10 CYANIKA-KISORO'!H20) -> 0 | I20: =AVERAGE('25.10.19 CYANIKA-KISORO-24h'!I20,'26.10 CYANIKA-KISORO'!I20,'27.10 CYANIKA-KISORO'!I20) -> 0 | J20: =AVERAGE('25.10.19 CYANIKA-KISORO-24h'!J20,'26.10 CYANIKA-KISORO'!J20,'27.10 CYANIKA-KISORO'!J20) -> 1 | ... N20: =AVERAGE('25.10.19 CYANIKA-KISORO-24h'!N20,'26.10 CYANIKA-KISORO'!N20,'27.10 CYANIKA-KISORO'!N20) -> 0 | O20: =SUM(C20:L20,N20) -> 6.3333333 | P20: =SUM(C20:N20) -> 31.666667 | R20: 1700-1800 | S20: =SUM(C50:C53) -> 9.3333333 | T20: =SUM(D50:D53) -> 6.3333333 | U20: =SUM(E50:E53) -> 3.3333333 | V20: =SUM(F50:F53) -> 0.33333333 | W20: =SUM(G50:G53) -> 0 | X20: =SUM(H50:H53) -> 0 | Y20: =SUM(I50:I53) -> 0.33333333 | Z20: =SUM(J50:J53) -> 4 | ... AF20: =SUM(P50:P53) -> 165.33333
B21: 09.45 - 10.00 | C21: =AVERAGE('25.10.19 CYANIKA-KISORO-24h'!C21,'26.10 CYANIKA-KISORO'!C21,'27.10 CYANIKA-KISORO'!C21) -> 2.3333333 | D21: =AVERAGE('25.10.19 CYANIKA-KISORO-24h'!D21,'26.10 CYANIKA-KISORO'!D21,'27.10 CYANIKA-KISORO'!D21) -> 0.33333333 | E21: =AVERAGE('25.10.19 CYANIKA-KISORO-24h'!E21,'26.10 CYANIKA-KISORO'!E21,'27.10 CYANIKA-KISORO'!E21) -> 0 | F21: =AVERAGE('25.10.19 CYANIKA-KISORO-24h'!F21,'26.10 CYANIKA-KISORO'!F21,'27.10 CYANIKA-KISORO'!F21) -> 0 | G21: =AVERAGE('25.10.19 CYANIKA-KISORO-24h'!G21,'26.10 CYANIKA-KISORO'!G21,'27.10 CYANIKA-KISORO'!G21) -> 0 | H21: =AVERAGE('25.10.19 CYANIKA-KISORO-24h'!H21,'26.10 CYANIKA-KISORO'!H21,'27.10 CYANIKA-KISORO'!H21) -> 0 | I21: =AVERAGE('25.10.19 CYANIKA-KISORO-24h'!I21,'26.10 CYANIKA-KISORO'!I21,'27.10 CYANIKA-KISORO'!I21) -> 0 | J21: =AVERAGE('25.10.19 CYANIKA-KISORO-24h'!J21,'26.10 CYANIKA-KISORO'!J21,'27.10 CYANIKA-KISORO'!J21) -> 0 | ... N21: =AVERAGE('25.10.19 CYANIKA-KISORO-24h'!N21,'26.10 CYANIKA-KISORO'!N21,'27.10 CYANIKA-KISORO'!N21) -> 0 | O21: =SUM(C21:L21,N21) -> 3 | P21: =SUM(C21:N21) -> 23.333333 | R21: 1800-1900 | S21: =SUM(C54:C57) -> 9.3333333 | T21: =SUM(D54:D57) -> 3 | U21: =SUM(E54:E57) -> 2.6666667 | V21: =SUM(F54:F57) -> 0 | W21: =SUM(G54:G57) -> 0 | X21: =SUM(H54:H57) -> 0 | Y21: =SUM(I54:I57) -> 1.3333333 | Z21: =SUM(J54:J57) -> 5 | ... AF21: =SUM(P54:P57) -> 144.66667
B22: 10.00 - 10.15 | C22: =AVERAGE('25.10.19 CYANIKA-KISORO-24h'!C22,'26.10 CYANIKA-KISORO'!C22,'27.10 CYANIKA-KISORO'!C22) -> 0 | D22: =AVERAGE('25.10.19 CYANIKA-KISORO-24h'!D22,'26.10 CYANIKA-KISORO'!D22,'27.10 CYANIKA-KISORO'!D22) -> 1.6666667 | E22: =AVERAGE('25.10.19 CYANIKA-KISORO-24h'!E22,'26.10 CYANIKA-KISORO'!E22,'27.10 CYANIKA-KISORO'!E22) -> 0.66666667 | F22: =AVERAGE('25.10.19 CYANIKA-KISORO-24h'!F22,'26.10 CYANIKA-KISORO'!F22,'27.10 CYANIKA-KISORO'!F22) -> 0 | G22: =AVERAGE('25.10.19 CYANIKA-KISORO-24h'!G22,'26.10 CYANIKA-KISORO'!G22,'27.10 CYANIKA-KISORO'!G22) -> 0 | H22: =AVERAGE('25.10.19 CYANIKA-KISORO-24h'!H22,'26.10 CYANIKA-KISORO'!H22,'27.10 CYANIKA-KISORO'!H22) -> 0 | I22: =AVERAGE('25.10.19 CYANIKA-KISORO-24h'!I22,'26.10 CYANIKA-KISORO'!I22,'27.10 CYANIKA-KISORO'!I22) -> 0.33333333 | J22: =AVERAGE('25.10.19 CYANIKA-KISORO-24h'!J22,'26.10 CYANIKA-KISORO'!J22,'27.10 CYANIKA-KISORO'!J22) -> 0.33333333 | ... N22: =AVERAGE('25.10.19 CYANIKA-KISORO-24h'!N22,'26.10 CYANIKA-KISORO'!N22,'27.10 CYANIKA-KISORO'!N22) -> 0 | O22: =SUM(C22:L22,N22) -> 3 | P22: =SUM(C22:N22) -> 22.666667 | R22: 1900-2000 | S22: =SUM(C58:C61) -> 10 | T22: =SUM(D58:D61) -> 5 | U22: =SUM(E58:E61) -> 2 | V22: =SUM(F58:F61) -> 0 | W22: =SUM(G58:G61) -> 0 | X22: =SUM(H58:H61) -> 0 | Y22: =SUM(I58:I61) -> 2 | Z22: =SUM(J58:J61) -> 0 | ... AF22: =SUM(P58:P61) -> 135
B23: 10.15 - 10.30 | C23: =AVERAGE('25.10.19 CYANIKA-KISORO-24h'!C23,'26.10 CYANIKA-KISORO'!C23,'27.10 CYANIKA-KISORO'!C23) -> 2 | D23: =AVERAGE('25.10.19 CYANIKA-KISORO-24h'!D23,'26.10 CYANIKA-KISORO'!D23,'27.10 CYANIKA-KISORO'!D23) -> 1.3333333 | E23: =AVERAGE('25.10.19 CYANIKA-KISORO-24h'!E23,'26.10 CYANIKA-KISORO'!E23,'27.10 CYANIKA-KISORO'!E23) -> 1.6666667 | F23: =AVERAGE('25.10.19 CYANIKA-KISORO-24h'!F23,'26.10 CYANIKA-KISORO'!F23,'27.10 CYANIKA-KISORO'!F23) -> 0.66666667 | G23: =AVERAGE('25.10.19 CYANIKA-KISORO-24h'!G23,'26.10 CYANIKA-KISORO'!G23,'27.10 CYANIKA-KISORO'!G23) -> 0 | H23: =AVERAGE('25.10.19 CYANIKA-KISORO-24h'!H23,'26.10 CYANIKA-KISORO'!H23,'27.10 CYANIKA-KISORO'!H23) -> 0 | I23: =AVERAGE('25.10.19 CYANIKA-KISORO-24h'!I23,'26.10 CYANIKA-KISORO'!I23,'27.10 CYANIKA-KISORO'!I23) -> 0 | J23: =AVERAGE('25.10.19 CYANIKA-KISORO-24h'!J23,'26.10 CYANIKA-KISORO'!J23,'27.10 CYANIKA-KISORO'!J23) -> 0.33333333 | ... N23: =AVERAGE('25.10.19 CYANIKA-KISORO-24h'!N23,'26.10 CYANIKA-KISORO'!N23,'27.10 CYANIKA-KISORO'!N23) -> 0 | O23: =SUM(C23:L23,N23) -> 6 | P23: =SUM(C23:N23) -> 37.333333 | R23: 2000-2100 | S23: =SUM(C62:C65) -> 3 | T23: =SUM(D62:D65) -> 7 | U23: =SUM(E62:E65) -> 6 | V23: =SUM(F62:F65) -> 1 | W23: =SUM(G62:G65) -> 0 | X23: =SUM(H62:H65) -> 0 | Y23: =SUM(I62:I65) -> 2 | Z23: =SUM(J62:J65) -> 4 | ... AF23: =SUM(P62:P65) -> 101
B24: 10.30 - 10.45 | C24: =AVERAGE('25.10.19 CYANIKA-KISORO-24h'!C24,'26.10 CYANIKA-KISORO'!C24,'27.10 CYANIKA-KISORO'!C24) -> 2.3333333 | D24: =AVERAGE('25.10.19 CYANIKA-KISORO-24h'!D24,'26.10 CYANIKA-KISORO'!D24,'27.10 CYANIKA-KISORO'!D24) -> 0.33333333 | E24: =AVERAGE('25.10.19 CYANIKA-KISORO-24h'!E24,'26.10 CYANIKA-KISORO'!E24,'27.10 CYANIKA-KISORO'!E24) -> 1.3333333 | F24: =AVERAGE('25.10.19 CYANIKA-KISORO-24h'!F24,'26.10 CYANIKA-KISORO'!F24,'27.10 CYANIKA-KISORO'!F24) -> 0 | G24: =AVERAGE('25.10.19 CYANIKA-KISORO-24h'!G24,'26.10 CYANIKA-KISORO'!G24,'27.10 CYANIKA-KISORO'!G24) -> 0 | H24: =AVERAGE('25.10.19 CYANIKA-KISORO-24h'!H24,'26.10 CYANIKA-KISORO'!H24,'27.10 CYANIKA-KISORO'!H24) -> 0 | I24: =AVERAGE('25.10.19 CYANIKA-KISORO-24h'!I24,'26.10 CYANIKA-KISORO'!I24,'27.10 CYANIKA-KISORO'!I24) -> 0.66666667 | J24: =AVERAGE('25.10.19 CYANIKA-KISORO-24h'!J24,'26.10 CYANIKA-KISORO'!J24,'27.10 CYANIKA-KISORO'!J24) -> 0.33333333 | ... N24: =AVERAGE('25.10.19 CYANIKA-KISORO-24h'!N24,'26.10 CYANIKA-KISORO'!N24,'27.10 CYANIKA-KISORO'!N24) -> 0 | O24: =SUM(C24:L24,N24) -> 5 | P24: =SUM(C24:N24) -> 38.333333 | R24: 2100-2200 | S24: =SUM(C66:C69) -> 7 | T24: =SUM(D66:D69) -> 3 | U24: =SUM(E66:E69) -> 4 | V24: =SUM(F66:F69) -> 0 | W24: =SUM(G66:G69) -> 0 | X24: =SUM(H66:H69) -> 0 | Y24: =SUM(I66:I69) -> 0 | Z24: =SUM(J66:J69) -> 1 | ... AF24: =SUM(P66:P69) -> 65
B25: 10.45 - 11.00 | C25: =AVERAGE('25.10.19 CYANIKA-KISORO-24h'!C25,'26.10 CYANIKA-KISORO'!C25,'27.10 CYANIKA-KISORO'!C25) -> 2.3333333 | D25: =AVERAGE('25.10.19 CYANIKA-KISORO-24h'!D25,'26.10 CYANIKA-KISORO'!D25,'27.10 CYANIKA-KISORO'!D25) -> 1 | E25: =AVERAGE('25.10.19 CYANIKA-KISORO-24h'!E25,'26.10 CYANIKA-KISORO'!E25,'27.10 CYANIKA-KISORO'!E25) -> 0.66666667 | F25: =AVERAGE('25.10.19 CYANIKA-KISORO-24h'!F25,'26.10 CYANIKA-KISORO'!F25,'27.10 CYANIKA-KISORO'!F25) -> 0 | G25: =AVERAGE('25.10.19 CYANIKA-KISORO-24h'!G25,'26.10 CYANIKA-KISORO'!G25,'27.10 CYANIKA-KISORO'!G25) -> 0 | H25: =AVERAGE('25.10.19 CYANIKA-KISORO-24h'!H25,'26.10 CYANIKA-KISORO'!H25,'27.10 CYANIKA-KISORO'!H25) -> 0 | I25: =AVERAGE('25.10.19 CYANIKA-KISORO-24h'!I25,'26.10 CYANIKA-KISORO'!I25,'27.10 CYANIKA-KISORO'!I25) -> 0 | J25: =AVERAGE('25.10.19 CYANIKA-KISORO-24h'!J25,'26.10 CYANIKA-KISORO'!J25,'27.10 CYANIKA-KISORO'!J25) -> 0.66666667 | ... N25: =AVERAGE('25.10.19 CYANIKA-KISORO-24h'!N25,'26.10 CYANIKA-KISORO'!N25,'27.10 CYANIKA-KISORO'!N25) -> 0 | O25: =SUM(C25:L25,N25) -> 4.6666667 | P25: =SUM(C25:N25) -> 37.666667 | R25: 2200-2300 | S25: =SUM(C70:C73) -> 8 | T25: =SUM(D70:D73) -> 0 | U25: =SUM(E70:E73) -> 4 | V25: =SUM(F70:F73) -> 1 | W25: =SUM(G70:G73) -> 0 | X25: =SUM(H70:H73) -> 0 | Y25: =SUM(I70:I73) -> 1 | Z25: =SUM(J70:J73) -> 1 | ... AF25: =SUM(P70:P73) -> 43
B26: 11.00 - 11.15 | C26: =AVERAGE('25.10.19 CYANIKA-KISORO-24h'!C26,'26.10 CYANIKA-KISORO'!C26,'27.10 CYANIKA-KISORO'!C26) -> 3 | D26: =AVERAGE('25.10.19 CYANIKA-KISORO-24h'!D26,'26.10 CYANIKA-KISORO'!D26,'27.10 CYANIKA-KISORO'!D26) -> 1.6666667 | E26: =AVERAGE('25.10.19 CYANIKA-KISORO-24h'!E26,'26.10 CYANIKA-KISORO'!E26,'27.10 CYANIKA-KISORO'!E26) -> 0.33333333 | F26: =AVERAGE('25.10.19 CYANIKA-KISORO-24h'!F26,'26.10 CYANIKA-KISORO'!F26,'27.10 CYANIKA-KISORO'!F26) -> 0 | G26: =AVERAGE('25.10.19 CYANIKA-KISORO-24h'!G26,'26.10 CYANIKA-KISORO'!G26,'27.10 CYANIKA-KISORO'!G26) -> 0 | H26: =AVERAGE('25.10.19 CYANIKA-KISORO-24h'!H26,'26.10 CYANIKA-KISORO'!H26,'27.10 CYANIKA-KISORO'!H26) -> 0 | I26: =AVERAGE('25.10.19 CYANIKA-KISORO-24h'!I26,'26.10 CYANIKA-KISORO'!I26,'27.10 CYANIKA-KISORO'!I26) -> 0.33333333 | J26: =AVERAGE('25.10.19 CYANIKA-KISORO-24h'!J26,'26.10 CYANIKA-KISORO'!J26,'27.10 CYANIKA-KISORO'!J26) -> 0.66666667 | ... N26: =AVERAGE('25.10.19 CYANIKA-KISORO-24h'!N26,'26.10 CYANIKA-KISORO'!N26,'27.10 CYANIKA-KISORO'!N26) -> 0 | O26: =SUM(C26:L26,N26) -> 6 | P26: =SUM(C26:N26) -> 38.666667 | R26: 2300-0000 | S26: =SUM(C74:C77) -> 5 | T26: =SUM(D74:D77) -> 7 | U26: =SUM(E74:E77) -> 4 | V26: =SUM(F74:F77) -> 1 | W26: =SUM(G74:G77) -> 0 | X26: =SUM(H74:H77) -> 0 | Y26: =SUM(I74:I77) -> 1 | Z26: =SUM(J74:J77) -> 2 | ... AF26: =SUM(P74:P77) -> 31
B27: 11.15 - 11.30 | C27: =AVERAGE('25.10.19 CYANIKA-KISORO-24h'!C27,'26.10 CYANIKA-KISORO'!C27,'27.10 CYANIKA-KISORO'!C27) -> 3.3333333 | D27: =AVERAGE('25.10.19 CYANIKA-KISORO-24h'!D27,'26.10 CYANIKA-KISORO'!D27,'27.10 CYANIKA-KISORO'!D27) -> 0.66666667 | E27: =AVERAGE('25.10.19 CYANIKA-KISORO-24h'!E27,'26.10 CYANIKA-KISORO'!E27,'27.10 CYANIKA-KISORO'!E27) -> 0.66666667 | F27: =AVERAGE('25.10.19 CYANIKA-KISORO-24h'!F27,'26.10 CYANIKA-KISORO'!F27,'27.10 CYANIKA-KISORO'!F27) -> 0 | G27: =AVERAGE('25.10.19 CYANIKA-KISORO-24h'!G27,'26.10 CYANIKA-KISORO'!G27,'27.10 CYANIKA-KISORO'!G27) -> 0 | H27: =AVERAGE('25.10.19 CYANIKA-KISORO-24h'!H27,'26.10 CYANIKA-KISORO'!H27,'27.10 CYANIKA-KISORO'!H27) -> 0 | I27: =AVERAGE('25.10.19 CYANIKA-KISORO-24h'!I27,'26.10 CYANIKA-KISORO'!I27,'27.10 CYANIKA-KISORO'!I27) -> 0.33333333 | J27: =AVERAGE('25.10.19 CYANIKA-KISORO-24h'!J27,'26.10 CYANIKA-KISORO'!J27,'27.10 CYANIKA-KISORO'!J27) -> 0 | ... N27: =AVERAGE('25.10.19 CYANIKA-KISORO-24h'!N27,'26.10 CYANIKA-KISORO'!N27,'27.10 CYANIKA-KISORO'!N27) -> 0 | O27: =SUM(C27:L27,N27) -> 5 | P27: =SUM(C27:N27) -> 36.666667 | R27: 0000-0100 | S27: =SUM(C78:C81) -> 5 | T27: =SUM(D78:D81) -> 2 | U27: =SUM(E78:E81) -> 4 | V27: =SUM(F78:F81) -> 0 | W27: =SUM(G78:G81) -> 0 | X27: =SUM(H78:H81) -> 0 | Y27: =SUM(I78:I81) -> 2 | Z27: =SUM(J78:J81) -> 2 | ... AF27: =SUM(P78:P81) -> 17
B28: 11.30 - 11.45 | C28: =AVERAGE('25.10.19 CYANIKA-KISORO-24h'!C28,'26.10 CYANIKA-KISORO'!C28,'27.10 CYANIKA-KISORO'!C28) -> 1.3333333 | D28: =AVERAGE('25.10.19 CYANIKA-KISORO-24h'!D28,'26.10 CYANIKA-KISORO'!D28,'27.10 CYANIKA-KISORO'!D28) -> 1 | E28: =AVERAGE('25.10.19 CYANIKA-KISORO-24h'!E28,'26.10 CYANIKA-KISORO'!E28,'27.10 CYANIKA-KISORO'!E28) -> 0 | F28: =AVERAGE('25.10.19 CYANIKA-KISORO-24h'!F28,'26.10 CYANIKA-KISORO'!F28,'27.10 CYANIKA-KISORO'!F28) -> 0 | G28: =AVERAGE('25.10.19 CYANIKA-KISORO-24h'!G28,'26.10 CYANIKA-KISORO'!G28,'27.10 CYANIKA-KISORO'!G28) -> 0 | H28: =AVERAGE('25.10.19 CYANIKA-KISORO-24h'!H28,'26.10 CYANIKA-KISORO'!H28,'27.10 CYANIKA-KISORO'!H28) -> 0 | I28: =AVERAGE('25.10.19 CYANIKA-KISORO-24h'!I28,'26.10 CYANIKA-KISORO'!I28,'27.10 CYANIKA-KISORO'!I28) -> 0 | J28: =AVERAGE('25.10.19 CYANIKA-KISORO-24h'!J28,'26.10 CYANIKA-KISORO'!J28,'27.10 CYANIKA-KISORO'!J28) -> 0.66666667 | ... N28: =AVERAGE('25.10.19 CYANIKA-KISORO-24h'!N28,'26.10 CYANIKA-KISORO'!N28,'27.10 CYANIKA-KISORO'!N28) -> 0 | O28: =SUM(C28:L28,N28) -> 3 | P28: =SUM(C28:N28) -> 33.666667 | R28: 0100-0200 | S28: =SUM(C82:C85) -> 5 | T28: =SUM(D82:D85) -> 4 | U28: =SUM(E82:E85) -> 2 | V28: =SUM(F82:F85) -> 0 | W28: =SUM(G82:G85) -> 0 | X28: =SUM(H82:H85) -> 0 | Y28: =SUM(I82:I85) -> 0 | Z28: =SUM(J82:J85) -> 4 | ... AF28: =SUM(P82:P85) -> 16
B29: 11.45 - 12.00 | C29: =AVERAGE('25.10.19 CYANIKA-KISORO-24h'!C29,'26.10 CYANIKA-KISORO'!C29,'27.10 CYANIKA-KISORO'!C29) -> 2.3333333 | D29: =AVERAGE('25.10.19 CYANIKA-KISORO-24h'!D29,'26.10 CYANIKA-KISORO'!D29,'27.10 CYANIKA-KISORO'!D29) -> 1.3333333 | E29: =AVERAGE('25.10.19 CYANIKA-KISORO-24h'!E29,'26.10 CYANIKA-KISORO'!E29,'27.10 CYANIKA-KISORO'!E29) -> 0.66666667 | F29: =AVERAGE('25.10.19 CYANIKA-KISORO-24h'!F29,'26.10 CYANIKA-KISORO'!F29,'27.10 CYANIKA-KISORO'!F29) -> 0.33333333 | G29: =AVERAGE('25.10.19 CYANIKA-KISORO-24h'!G29,'26.10 CYANIKA-KISORO'!G29,'27.10 CYANIKA-KISORO'!G29) -> 0 | H29: =AVERAGE('25.10.19 CYANIKA-KISORO-24h'!H29,'26.10 CYANIKA-KISORO'!H29,'27.10 CYANIKA-KISORO'!H29) -> 0 | I29: =AVERAGE('25.10.19 CYANIKA-KISORO-24h'!I29,'26.10 CYANIKA-KISORO'!I29,'27.10 CYANIKA-KISORO'!I29) -> 0 | J29: =AVERAGE('25.10.19 CYANIKA-KISORO-24h'!J29,'26.10 CYANIKA-KISORO'!J29,'27.10 CYANIKA-KISORO'!J29) -> 0 | ... N29: =AVERAGE('25.10.19 CYANIKA-KISORO-24h'!N29,'26.10 CYANIKA-KISORO'!N29,'27.10 CYANIKA-KISORO'!N29) -> 0 | O29: =SUM(C29:L29,N29) -> 4.6666667 | P29: =SUM(C29:N29) -> 41 | R29: 0200-0300 | S29: =SUM(C86:C89) -> 13 | T29: =SUM(D86:D89) -> 7 | U29: =SUM(E86:E89) -> 4 | V29: =SUM(F86:F89) -> 0 | W29: =SUM(G86:G89) -> 0 | X29: =SUM(H86:H89) -> 1 | Y29: =SUM(I86:I89) -> 1 | Z29: =SUM(J86:J89) -> 4 | ... AF29: =SUM(P86:P89) -> 30
B30: 12.00 - 12.15 | C30: =AVERAGE('25.10.19 CYANIKA-KISORO-24h'!C30,'26.10 CYANIKA-KISORO'!C30,'27.10 CYANIKA-KISORO'!C30) -> 2.3333333 | D30: =AVERAGE('25.10.19 CYANIKA-KISORO-24h'!D30,'26.10 CYANIKA-KISORO'!D30,'27.10 CYANIKA-KISORO'!D30) -> 0.66666667 | E30: =AVERAGE('25.10.19 CYANIKA-KISORO-24h'!E30,'26.10 CYANIKA-KISORO'!E30,'27.10 CYANIKA-KISORO'!E30) -> 0.66666667 | F30: =AVERAGE('25.10.19 CYANIKA-KISORO-24h'!F30,'26.10 CYANIKA-KISORO'!F30,'27.10 CYANIKA-KISORO'!F30) -> 0.33333333 | G30: =AVERAGE('25.10.19 CYANIKA-KISORO-24h'!G30,'26.10 CYANIKA-KISORO'!G30,'27.10 CYANIKA-KISORO'!G30) -> 0 | H30: =AVERAGE('25.10.19 CYANIKA-KISORO-24h'!H30,'26.10 CYANIKA-KISORO'!H30,'27.10 CYANIKA-KISORO'!H30) -> 0 | I30: =AVERAGE('25.10.19 CYANIKA-KISORO-24h'!I30,'26.10 CYANIKA-KISORO'!I30,'27.10 CYANIKA-KISORO'!I30) -> 0 | J30: =AVERAGE('25.10.19 CYANIKA-KISORO-24h'!J30,'26.10 CYANIKA-KISORO'!J30,'27.10 CYANIKA-KISORO'!J30) -> 1 | ... N30: =AVERAGE('25.10.19 CYANIKA-KISORO-24h'!N30,'26.10 CYANIKA-KISORO'!N30,'27.10 CYANIKA-KISORO'!N30) -> 0 | O30: =SUM(C30:L30,N30) -> 5 | P30: =SUM(C30:N30) -> 33.333333 | R30: 0300-0400 | S30: =SUM(C90:C93) -> 8 | T30: =SUM(D90:D93) -> 6 | U30: =SUM(E90:E93) -> 5 | V30: =SUM(F90:F93) -> 1 | W30: =SUM(G90:G93) -> 0 | X30: =SUM(H90:H93) -> 0 | Y30: =SUM(I90:I93) -> 1 | Z30: =SUM(J90:J93) -> 4 | ... AF30: =SUM(P90:P93) -> 25
B31: 12.15 - 12.30 | C31: =AVERAGE('25.10.19 CYANIKA-KISORO-24h'!C31,'26.10 CYANIKA-KISORO'!C31,'27.10 CYANIKA-KISORO'!C31) -> 0.66666667 | D31: =AVERAGE('25.10.19 CYANIKA-KISORO-24h'!D31,'26.10 CYANIKA-KISORO'!D31,'27.10 CYANIKA-KISORO'!D31) -> 0.66666667 | E31: =AVERAGE('25.10.19 CYANIKA-KISORO-24h'!E31,'26.10 CYANIKA-KISORO'!E31,'27.10 CYANIKA-KISORO'!E31) -> 1.3333333 | F31: =AVERAGE('25.10.19 CYANIKA-KISORO-24h'!F31,'26.10 CYANIKA-KISORO'!F31,'27.10 CYANIKA-KISORO'!F31) -> 0 | G31: =AVERAGE('25.10.19 CYANIKA-KISORO-24h'!G31,'26.10 CYANIKA-KISORO'!G31,'27.10 CYANIKA-KISORO'!G31) -> 0 | H31: =AVERAGE('25.10.19 CYANIKA-KISORO-24h'!H31,'26.10 CYANIKA-KISORO'!H31,'27.10 CYANIKA-KISORO'!H31) -> 0 | I31: =AVERAGE('25.10.19 CYANIKA-KISORO-24h'!I31,'26.10 CYANIKA-KISORO'!I31,'27.10 CYANIKA-KISORO'!I31) -> 0 | J31: =AVERAGE('25.10.19 CYANIKA-KISORO-24h'!J31,'26.10 CYANIKA-KISORO'!J31,'27.10 CYANIKA-KISORO'!J31) -> 0.33333333 | ... N31: =AVERAGE('25.10.19 CYANIKA-KISORO-24h'!N31,'26.10 CYANIKA-KISORO'!N31,'27.10 CYANIKA-KISORO'!N31) -> 0 | O31: =SUM(C31:L31,N31) -> 3 | P31: =SUM(C31:N31) -> 35.666667 | R31: 0400-0500 | S31: =SUM(C94:C97) -> 8 | T31: =SUM(D94:D97) -> 3 | U31: =SUM(E94:E97) -> 4 | V31: =SUM(F94:F97) -> 0 | W31: =SUM(G94:G97) -> 0 | X31: =SUM(H94:H97) -> 0 | Y31: =SUM(I94:I97) -> 3 | Z31: =SUM(J94:J97) -> 7 | ... AF31: =SUM(P94:P97) -> 25
B32: 12.30 - 12.45 | C32: =AVERAGE('25.10.19 CYANIKA-KISORO-24h'!C32,'26.10 CYANIKA-KISORO'!C32,'27.10 CYANIKA-KISORO'!C32) -> 1.6666667 | D32: =AVERAGE('25.10.19 CYANIKA-KISORO-24h'!D32,'26.10 CYANIKA-KISORO'!D32,'27.10 CYANIKA-KISORO'!D32) -> 0.66666667 | E32: =AVERAGE('25.10.19 CYANIKA-KISORO-24h'!E32,'26.10 CYANIKA-KISORO'!E32,'27.10 CYANIKA-KISORO'!E32) -> 0.66666667 | F32: =AVERAGE('25.10.19 CYANIKA-KISORO-24h'!F32,'26.10 CYANIKA-KISORO'!F32,'27.10 CYANIKA-KISORO'!F32) -> 0 | G32: =AVERAGE('25.10.19 CYANIKA-KISORO-24h'!G32,'26.10 CYANIKA-KISORO'!G32,'27.10 CYANIKA-KISORO'!G32) -> 0 | H32: =AVERAGE('25.10.19 CYANIKA-KISORO-24h'!H32,'26.10 CYANIKA-KISORO'!H32,'27.10 CYANIKA-KISORO'!H32) -> 0 | I32: =AVERAGE('25.10.19 CYANIKA-KISORO-24h'!I32,'26.10 CYANIKA-KISORO'!I32,'27.10 CYANIKA-KISORO'!I32) -> 1 | J32: =AVERAGE('25.10.19 CYANIKA-KISORO-24h'!J32,'26.10 CYANIKA-KISORO'!J32,'27.10 CYANIKA-KISORO'!J32) -> 0.33333333 | ... N32: =AVERAGE('25.10.19 CYANIKA-KISORO-24h'!N32,'26.10 CYANIKA-KISORO'!N32,'27.10 CYANIKA-KISORO'!N32) -> 0 | O32: =SUM(C32:L32,N32) -> 4.3333333 | P32: =SUM(C32:N32) -> 28.666667 | R32: 0500-0600 | S32: =SUM(C98:C101) -> 4 | T32: =SUM(D98:D101) -> 1 | U32: =SUM(E98:E101) -> 3 | V32: =SUM(F98:F101) -> 0 | W32: =SUM(G98:G101) -> 0 | X32: =SUM(H98:H101) -> 0 | Y32: =SUM(I98:I101) -> 1 | Z32: =SUM(J98:J101) -> 6 | ... AF32: =SUM(P98:P101) -> 19
B33: 12.45 - 13.00 | C33: =AVERAGE('25.10.19 CYANIKA-KISORO-24h'!C33,'26.10 CYANIKA-KISORO'!C33,'27.10 CYANIKA-KISORO'!C33) -> 1.3333333 | D33: =AVERAGE('25.10.19 CYANIKA-KISORO-24h'!D33,'26.10 CYANIKA-KISORO'!D33,'27.10 CYANIKA-KISORO'!D33) -> 0.33333333 | E33: =AVERAGE('25.10.19 CYANIKA-KISORO-24h'!E33,'26.10 CYANIKA-KISORO'!E33,'27.10 CYANIKA-KISORO'!E33) -> 1 | F33: =AVERAGE('25.10.19 CYANIKA-KISORO-24h'!F33,'26.10 CYANIKA-KISORO'!F33,'27.10 CYANIKA-KISORO'!F33) -> 0 | G33: =AVERAGE('25.10.19 CYANIKA-KISORO-24h'!G33,'26.10 CYANIKA-KISORO'!G33,'27.10 CYANIKA-KISORO'!G33) -> 0 | H33: =AVERAGE('25.10.19 CYANIKA-KISORO-24h'!H33,'26.10 CYANIKA-KISORO'!H33,'27.10 CYANIKA-KISORO'!H33) -> 0 | I33: =AVERAGE('25.10.19 CYANIKA-KISORO-24h'!I33,'26.10 CYANIKA-KISORO'!I33,'27.10 CYANIKA-KISORO'!I33) -> 0 | J33: =AVERAGE('25.10.19 CYANIKA-KISORO-24h'!J33,'26.10 CYANIKA-KISORO'!J33,'27.10 CYANIKA-KISORO'!J33) -> 0.33333333 | ... N33: =AVERAGE('25.10.19 CYANIKA-KISORO-24h'!N33,'26.10 CYANIKA-KISORO'!N33,'27.10 CYANIKA-KISORO'!N33) -> 0 | O33: =SUM(C33:L33,N33) -> 3 | P33: =SUM(C33:N33) -> 34.333333 | R33: 0600-0700 | S33: =SUM(C102:C105) -> 3 | T33: =SUM(D102:D105) -> 2 | U33: =SUM(E102:E105) -> 1 | V33: =SUM(F102:F105) -> 0 | W33: =SUM(G102:G105) -> 0 | X33: =SUM(H102:H105) -> 0 | Y33: =SUM(I102:I105) -> 0 | Z33: =SUM(J102:J105) -> 0 | ... AF33: =SUM(P102:P105) -> 21
B34: 13.00 - 13.15 | C34: =AVERAGE('25.10.19 CYANIKA-KISORO-24h'!C34,'26.10 CYANIKA-KISORO'!C34,'27.10 CYANIKA-KISORO'!C34) -> 2.3333333 | D34: =AVERAGE('25.10.19 CYANIKA-KISORO-24h'!D34,'26.10 CYANIKA-KISORO'!D34,'27.10 CYANIKA-KISORO'!D34) -> 0.66666667 | E34: =AVERAGE('25.10.19 CYANIKA-KISORO-24h'!E34,'26.10 CYANIKA-KISORO'!E34,'27.10 CYANIKA-KISORO'!E34) -> 1 | F34: =AVERAGE('25.10.19 CYANIKA-KISORO-24h'!F34,'26.10 CYANIKA-KISORO'!F34,'27.10 CYANIKA-KISORO'!F34) -> 0 | G34: =AVERAGE('25.10.19 CYANIKA-KISORO-24h'!G34,'26.10 CYANIKA-KISORO'!G34,'27.10 CYANIKA-KISORO'!G34) -> 0 | H34: =AVERAGE('25.10.19 CYANIKA-KISORO-24h'!H34,'26.10 CYANIKA-KISORO'!H34,'27.10 CYANIKA-KISORO'!H34) -> 0 | I34: =AVERAGE('25.10.19 CYANIKA-KISORO-24h'!I34,'26.10 CYANIKA-KISORO'!I34,'27.10 CYANIKA-KISORO'!I34) -> 0.33333333 | J34: =AVERAGE('25.10.19 CYANIKA-KISORO-24h'!J34,'26.10 CYANIKA-KISORO'!J34,'27.10 CYANIKA-KISORO'!J34) -> 0 | ... N34: =AVERAGE('25.10.19 CYANIKA-KISORO-24h'!N34,'26.10 CYANIKA-KISORO'!N34,'27.10 CYANIKA-KISORO'!N34) -> 0 | O34: =SUM(C34:L34,N34) -> 4.3333333 | P34: =SUM(C34:N34) -> 30.333333 | R34: AM Peak Hr | S34: =MAX(S10:S12) -> 8.6666667 | T34: =MAX(T10:T12) -> 3.6666667 | U34: =MAX(U10:U12) -> 3.6666667 | V34: =MAX(V10:V12) -> 0.33333333 | W34: =MAX(W10:W12) -> 0 | X34: =MAX(X10:X12) -> 0 | Y34: =MAX(Y10:Y12) -> 0.66666667 | Z34: =MAX(Z10:Z12) -> 1.3333333 | ... AF34: =MAX(AF10:AF12) -> 104.66667
B35: 13.15 - 13.30 | C35: =AVERAGE('25.10.19 CYANIKA-KISORO-24h'!C35,'26.10 CYANIKA-KISORO'!C35,'27.10 CYANIKA-KISORO'!C35) -> 1 | D35: =AVERAGE('25.10.19 CYANIKA-KISORO-24h'!D35,'26.10 CYANIKA-KISORO'!D35,'27.10 CYANIKA-KISORO'!D35) -> 1.3333333 | E35: =AVERAGE('25.10.19 CYANIKA-KISORO-24h'!E35,'26.10 CYANIKA-KISORO'!E35,'27.10 CYANIKA-KISORO'!E35) -> 0.66666667 | F35: =AVERAGE('25.10.19 CYANIKA-KISORO-24h'!F35,'26.10 CYANIKA-KISORO'!F35,'27.10 CYANIKA-KISORO'!F35) -> 0.33333333 | G35: =AVERAGE('25.10.19 CYANIKA-KISORO-24h'!G35,'26.10 CYANIKA-KISORO'!G35,'27.10 CYANIKA-KISORO'!G35) -> 0 | H35: =AVERAGE('25.10.19 CYANIKA-KISORO-24h'!H35,'26.10 CYANIKA-KISORO'!H35,'27.10 CYANIKA-KISORO'!H35) -> 0 | I35: =AVERAGE('25.10.19 CYANIKA-KISORO-24h'!I35,'26.10 CYANIKA-KISORO'!I35,'27.10 CYANIKA-KISORO'!I35) -> 0 | J35: =AVERAGE('25.10.19 CYANIKA-KISORO-24h'!J35,'26.10 CYANIKA-KISORO'!J35,'27.10 CYANIKA-KISORO'!J35) -> 0.33333333 | ... N35: =AVERAGE('25.10.19 CYANIKA-KISORO-24h'!N35,'26.10 CYANIKA-KISORO'!N35,'27.10 CYANIKA-KISORO'!N35) -> 0 | O35: =SUM(C35:L35,N35) -> 3.6666667 | P35: =SUM(C35:N35) -> 35 | R35: IP Peak Hr | S35: =MAX(S13:S18) -> 10 | T35: =MAX(T13:T18) -> 4.6666667 | U35: =MAX(U13:U18) -> 4.3333333 | V35: =MAX(V13:V18) -> 0.66666667 | W35: =MAX(W13:W18) -> 0 | X35: =MAX(X13:X18) -> 0.33333333 | Y35: =MAX(Y13:Y18) -> 1.3333333 | Z35: =MAX(Z13:Z18) -> 2.3333333 | ... AF35: =MAX(AF13:AF18) -> 159.33333
B36: 13.30 - 13.45 | C36: =AVERAGE('25.10.19 CYANIKA-KISORO-24h'!C36,'26.10 CYANIKA-KISORO'!C36,'27.10 CYANIKA-KISORO'!C36) -> 2.3333333 | D36: =AVERAGE('25.10.19 CYANIKA-KISORO-24h'!D36,'26.10 CYANIKA-KISORO'!D36,'27.10 CYANIKA-KISORO'!D36) -> 1 | E36: =AVERAGE('25.10.19 CYANIKA-KISORO-24h'!E36,'26.10 CYANIKA-KISORO'!E36,'27.10 CYANIKA-KISORO'!E36) -> 2 | F36: =AVERAGE('25.10.19 CYANIKA-KISORO-24h'!F36,'26.10 CYANIKA-KISORO'!F36,'27.10 CYANIKA-KISORO'!F36) -> 0 | G36: =AVERAGE('25.10.19 CYANIKA-KISORO-24h'!G36,'26.10 CYANIKA-KISORO'!G36,'27.10 CYANIKA-KISORO'!G36) -> 0 | H36: =AVERAGE('25.10.19 CYANIKA-KISORO-24h'!H36,'26.10 CYANIKA-KISORO'!H36,'27.10 CYANIKA-KISORO'!H36) -> 0 | I36: =AVERAGE('25.10.19 CYANIKA-KISORO-24h'!I36,'26.10 CYANIKA-KISORO'!I36,'27.10 CYANIKA-KISORO'!I36) -> 0 | J36: =AVERAGE('25.10.19 CYANIKA-KISORO-24h'!J36,'26.10 CYANIKA-KISORO'!J36,'27.10 CYANIKA-KISORO'!J36) -> 0.33333333 | ... N36: =AVERAGE('25.10.19 CYANIKA-KISORO-24h'!N36,'26.10 CYANIKA-KISORO'!N36,'27.10 CYANIKA-KISORO'!N36) -> 0 | O36: =SUM(C36:L36,N36) -> 5.6666667 | P36: =SUM(C36:N36) -> 34.333333 | R36: PM Peak Hr | S36: =MAX(S19:S21) -> 9.3333333 | T36: =MAX(T19:T21) -> 6.3333333 | U36: =MAX(U19:U21) -> 3.3333333 | V36: =MAX(V19:V21) -> 0.33333333 | W36: =MAX(W19:W21) -> 0 | X36: =MAX(X19:X21) -> 0.33333333 | Y36: =MAX(Y19:Y21) -> 1.3333333 | Z36: =MAX(Z19:Z21) -> 5 | ... AF36: =MAX(AF19:AF21) -> 167.66667
B37: 13.45 - 14.00 | C37: =AVERAGE('25.10.19 CYANIKA-KISORO-24h'!C37,'26.10 CYANIKA-KISORO'!C37,'27.10 CYANIKA-KISORO'!C37) -> 1.3333333 | D37: =AVERAGE('25.10.19 CYANIKA-KISORO-24h'!D37,'26.10 CYANIKA-KISORO'!D37,'27.10 CYANIKA-KISORO'!D37) -> 1 | E37: =AVERAGE('25.10.19 CYANIKA-KISORO-24h'!E37,'26.10 CYANIKA-KISORO'!E37,'27.10 CYANIKA-KISORO'!E37) -> 0 | F37: =AVERAGE('25.10.19 CYANIKA-KISORO-24h'!F37,'26.10 CYANIKA-KISORO'!F37,'27.10 CYANIKA-KISORO'!F37) -> 0 | G37: =AVERAGE('25.10.19 CYANIKA-KISORO-24h'!G37,'26.10 CYANIKA-KISORO'!G37,'27.10 CYANIKA-KISORO'!G37) -> 0 | H37: =AVERAGE('25.10.19 CYANIKA-KISORO-24h'!H37,'26.10 CYANIKA-KISORO'!H37,'27.10 CYANIKA-KISORO'!H37) -> 0 | I37: =AVERAGE('25.10.19 CYANIKA-KISORO-24h'!I37,'26.10 CYANIKA-KISORO'!I37,'27.10 CYANIKA-KISORO'!I37) -> 0.33333333 | J37: =AVERAGE('25.10.19 CYANIKA-KISORO-24h'!J37,'26.10 CYANIKA-KISORO'!J37,'27.10 CYANIKA-KISORO'!J37) -> 1 | ... N37: =AVERAGE('25.10.19 CYANIKA-KISORO-24h'!N37,'26.10 CYANIKA-KISORO'!N37,'27.10 CYANIKA-KISORO'!N37) -> 0 | O37: =SUM(C37:L37,N37) -> 3.6666667 | P37: =SUM(C37:N37) -> 36 | R37: AM Period | S37: =SUM(S10:S12) -> 18 | T37: =SUM(T10:T12) -> 8.6666667 | U37: =SUM(U10:U12) -> 7 | V37: =SUM(V10:V12) -> 0.66666667 | W37: =SUM(W10:W12) -> 0 | X37: =SUM(X10:X12) -> 0 | Y37: =SUM(Y10:Y12) -> 2 | Z37: =SUM(Z10:Z12) -> 1.6666667 | ... AF37: =SUM(AF10:AF12) -> 212.66667
B38: 14.00 - 14.15 | C38: =AVERAGE('25.10.19 CYANIKA-KISORO-24h'!C38,'26.10 CYANIKA-KISORO'!C38,'27.10 CYANIKA-KISORO'!C38) -> 1 | D38: =AVERAGE('25.10.19 CYANIKA-KISORO-24h'!D38,'26.10 CYANIKA-KISORO'!D38,'27.10 CYANIKA-KISORO'!D38) -> 0.66666667 | E38: =AVERAGE('25.10.19 CYANIKA-KISORO-24h'!E38,'26.10 CYANIKA-KISORO'!E38,'27.10 CYANIKA-KISORO'!E38) -> 1.6666667 | F38: =AVERAGE('25.10.19 CYANIKA-KISORO-24h'!F38,'26.10 CYANIKA-KISORO'!F38,'27.10 CYANIKA-KISORO'!F38) -> 0 | G38: =AVERAGE('25.10.19 CYANIKA-KISORO-24h'!G38,'26.10 CYANIKA-KISORO'!G38,'27.10 CYANIKA-KISORO'!G38) -> 0 | H38: =AVERAGE('25.10.19 CYANIKA-KISORO-24h'!H38,'26.10 CYANIKA-KISORO'!H38,'27.10 CYANIKA-KISORO'!H38) -> 0.33333333 | I38: =AVERAGE('25.10.19 CYANIKA-KISORO-24h'!I38,'26.10 CYANIKA-KISORO'!I38,'27.10 CYANIKA-KISORO'!I38) -> 0.66666667 | J38: =AVERAGE('25.10.19 CYANIKA-KISORO-24h'!J38,'26.10 CYANIKA-KISORO'!J38,'27.10 CYANIKA-KISORO'!J38) -> 0.66666667 | ... N38: =AVERAGE('25.10.19 CYANIKA-KISORO-24h'!N38,'26.10 CYANIKA-KISORO'!N38,'27.10 CYANIKA-KISORO'!N38) -> 0 | O38: =SUM(C38:L38,N38) -> 5 | P38: =SUM(C38:N38) -> 32.333333 | R38: IP Period | S38: =SUM(S13:S18) -> 42 | T38: =SUM(T13:T18) -> 23 | U38: =SUM(U13:U18) -> 18.333333 | V38: =SUM(V13:V18) -> 2 | W38: =SUM(W13:W18) -> 0 | X38: =SUM(X13:X18) -> 0.33333333 | Y38: =SUM(Y13:Y18) -> 4.6666667 | Z38: =SUM(Z13:Z18) -> 11 | ... AF38: =SUM(AF13:AF18) -> 851.33333
B39: 14.15 - 14.30 | C39: =AVERAGE('25.10.19 CYANIKA-KISORO-24h'!C39,'26.10 CYANIKA-KISORO'!C39,'27.10 CYANIKA-KISORO'!C39) -> 1.3333333 | D39: =AVERAGE('25.10.19 CYANIKA-KISORO-24h'!D39,'26.10 CYANIKA-KISORO'!D39,'27.10 CYANIKA-KISORO'!D39) -> 1 | E39: =AVERAGE('25.10.19 CYANIKA-KISORO-24h'!E39,'26.10 CYANIKA-KISORO'!E39,'27.10 CYANIKA-KISORO'!E39) -> 0 | F39: =AVERAGE('25.10.19 CYANIKA-KISORO-24h'!F39,'26.10 CYANIKA-KISORO'!F39,'27.10 CYANIKA-KISORO'!F39) -> 0.33333333 | G39: =AVERAGE('25.10.19 CYANIKA-KISORO-24h'!G39,'26.10 CYANIKA-KISORO'!G39,'27.10 CYANIKA-KISORO'!G39) -> 0 | H39: =AVERAGE('25.10.19 CYANIKA-KISORO-24h'!H39,'26.10 CYANIKA-KISORO'!H39,'27.10 CYANIKA-KISORO'!H39) -> 0 | I39: =AVERAGE('25.10.19 CYANIKA-KISORO-24h'!I39,'26.10 CYANIKA-KISORO'!I39,'27.10 CYANIKA-KISORO'!I39) -> 0 | J39: =AVERAGE('25.10.19 CYANIKA-KISORO-24h'!J39,'26.10 CYANIKA-KISORO'!J39,'27.10 CYANIKA-KISORO'!J39) -> 0.33333333 | ... N39: =AVERAGE('25.10.19 CYANIKA-KISORO-24h'!N39,'26.10 CYANIKA-KISORO'!N39,'27.10 CYANIKA-KISORO'!N39) -> 0 | O39: =SUM(C39:L39,N39) -> 3 | P39: =SUM(C39:N39) -> 30 | R39: PM Period | S39: =SUM(S19:S21) -> 28 | T39: =SUM(T19:T21) -> 12.666667 | U39: =SUM(U19:U21) -> 9 | V39: =SUM(V19:V21) -> 0.33333333 | W39: =SUM(W19:W21) -> 0 | X39: =SUM(X19:X21) -> 0.33333333 | Y39: =SUM(Y19:Y21) -> 2 | Z39: =SUM(Z19:Z21) -> 12.666667 | ... AF39: =SUM(AF19:AF21) -> 477.66667
B40: 14.30 - 14.45 | C40: =AVERAGE('25.10.19 CYANIKA-KISORO-24h'!C40,'26.10 CYANIKA-KISORO'!C40,'27.10 CYANIKA-KISORO'!C40) -> 2.3333333 | D40: =AVERAGE('25.10.19 CYANIKA-KISORO-24h'!D40,'26.10 CYANIKA-KISORO'!D40,'27.10 CYANIKA-KISORO'!D40) -> 1 | E40: =AVERAGE('25.10.19 CYANIKA-KISORO-24h'!E40,'26.10 CYANIKA-KISORO'!E40,'27.10 CYANIKA-KISORO'!E40) -> 0.66666667 | F40: =AVERAGE('25.10.19 CYANIKA-KISORO-24h'!F40,'26.10 CYANIKA-KISORO'!F40,'27.10 CYANIKA-KISORO'!F40) -> 0 | G40: =AVERAGE('25.10.19 CYANIKA-KISORO-24h'!G40,'26.10 CYANIKA-KISORO'!G40,'27.10 CYANIKA-KISORO'!G40) -> 0 | H40: =AVERAGE('25.10.19 CYANIKA-KISORO-24h'!H40,'26.10 CYANIKA-KISORO'!H40,'27.10 CYANIKA-KISORO'!H40) -> 0 | I40: =AVERAGE('25.10.19 CYANIKA-KISORO-24h'!I40,'26.10 CYANIKA-KISORO'!I40,'27.10 CYANIKA-KISORO'!I40) -> 0 | J40: =AVERAGE('25.10.19 CYANIKA-KISORO-24h'!J40,'26.10 CYANIKA-KISORO'!J40,'27.10 CYANIKA-KISORO'!J40) -> 0.66666667 | ... N40: =AVERAGE('25.10.19 CYANIKA-KISORO-24h'!N40,'26.10 CYANIKA-KISORO'!N40,'27.10 CYANIKA-KISORO'!N40) -> 0 | O40: =SUM(C40:L40,N40) -> 4.6666667 | P40: =SUM(C40:N40) -> 40 | R40: 12 Hours | S40: =SUM(S10:S21) -> 88 | T40: =SUM(T10:T21) -> 44.333333 | U40: =SUM(U10:U21) -> 34.333333 | V40: =SUM(V10:V21) -> 3 | W40: =SUM(W10:W21) -> 0 | X40: =SUM(X10:X21) -> 0.66666667 | Y40: =SUM(Y10:Y21) -> 8.6666667 | Z40: =SUM(Z10:Z21) -> 25.333333 | ... AF40: =SUM(AF10:AF21) -> 1541.6667
B41: 14.45 - 15.00 | C41: =AVERAGE('25.10.19 CYANIKA-KISORO-24h'!C41,'26.10 CYANIKA-KISORO'!C41,'27.10 CYANIKA-KISORO'!C41) -> 0.66666667 | D41: =AVERAGE('25.10.19 CYANIKA-KISORO-24h'!D41,'26.10 CYANIKA-KISORO'!D41,'27.10 CYANIKA-KISORO'!D41) -> 1 | E41: =AVERAGE('25.10.19 CYANIKA-KISORO-24h'!E41,'26.10 CYANIKA-KISORO'!E41,'27.10 CYANIKA-KISORO'!E41) -> 0.33333333 | F41: =AVERAGE('25.10.19 CYANIKA-KISORO-24h'!F41,'26.10 CYANIKA-KISORO'!F41,'27.10 CYANIKA-KISORO'!F41) -> 0 | G41: =AVERAGE('25.10.19 CYANIKA-KISORO-24h'!G41,'26.10 CYANIKA-KISORO'!G41,'27.10 CYANIKA-KISORO'!G41) -> 0 | H41: =AVERAGE('25.10.19 CYANIKA-KISORO-24h'!H41,'26.10 CYANIKA-KISORO'!H41,'27.10 CYANIKA-KISORO'!H41) -> 0 | I41: =AVERAGE('25.10.19 CYANIKA-KISORO-24h'!I41,'26.10 CYANIKA-KISORO'!I41,'27.10 CYANIKA-KISORO'!I41) -> 0.66666667 | J41: =AVERAGE('25.10.19 CYANIKA-KISORO-24h'!J41,'26.10 CYANIKA-KISORO'!J41,'27.10 CYANIKA-KISORO'!J41) -> 0.33333333 | ... N41: =AVERAGE('25.10.19 CYANIKA-KISORO-24h'!N41,'26.10 CYANIKA-KISORO'!N41,'27.10 CYANIKA-KISORO'!N41) -> 0 | O41: =SUM(C41:L41,N41) -> 3 | P41: =SUM(C41:N41) -> 36 | R41: 24 Hours | S41: =SUM(S10:S33) -> 167 | T41: =SUM(T10:T33) -> 91.333333 | U41: =SUM(U10:U33) -> 77.333333 | V41: =SUM(V10:V33) -> 7 | W41: =SUM(W10:W33) -> 0 | X41: =SUM(X10:X33) -> 1.6666667 | Y41: =SUM(Y10:Y33) -> 22.666667 | Z41: =SUM(Z10:Z33) -> 60.333333 | ... AF41: =SUM(AF10:AF33) -> 2069.6667
B42: 15.00 - 15.15 | C42: =AVERAGE('25.10.19 CYANIKA-KISORO-24h'!C42,'26.10 CYANIKA-KISORO'!C42,'27.10 CYANIKA-KISORO'!C42) -> 2.3333333 | D42: =AVERAGE('25.10.19 CYANIKA-KISORO-24h'!D42,'26.10 CYANIKA-KISORO'!D42,'27.10 CYANIKA-KISORO'!D42) -> 0.66666667 | E42: =AVERAGE('25.10.19 CYANIKA-KISORO-24h'!E42,'26.10 CYANIKA-KISORO'!E42,'27.10 CYANIKA-KISORO'!E42) -> 0.66666667 | F42: =AVERAGE('25.10.19 CYANIKA-KISORO-24h'!F42,'26.10 CYANIKA-KISORO'!F42,'27.10 CYANIKA-KISORO'!F42) -> 0 | G42: =AVERAGE('25.10.19 CYANIKA-KISORO-24h'!G42,'26.10 CYANIKA-KISORO'!G42,'27.10 CYANIKA-KISORO'!G42) -> 0 | H42: =AVERAGE('25.10.19 CYANIKA-KISORO-24h'!H42,'26.10 CYANIKA-KISORO'!H42,'27.10 CYANIKA-KISORO'!H42) -> 0 | I42: =AVERAGE('25.10.19 CYANIKA-KISORO-24h'!I42,'26.10 CYANIKA-KISORO'!I42,'27.10 CYANIKA-KISORO'!I42) -> 0 | J42: =AVERAGE('25.10.19 CYANIKA-KISORO-24h'!J42,'26.10 CYANIKA-KISORO'!J42,'27.10 CYANIKA-KISORO'!J42) -> 0.33333333 | ... N42: =AVERAGE('25.10.19 CYANIKA-KISORO-24h'!N42,'26.10 CYANIKA-KISORO'!N42,'27.10 CYANIKA-KISORO'!N42) -> 0 | O42: =SUM(C42:L42,N42) -> 4 | P42: =SUM(C42:N42) -> 44.333333 | R42: NEF | S42: =S41/S40 -> 1.8977273 | T42: =T41/T40 -> 2.0601504 | U42: =U41/U40 -> 2.2524272 | V42: =V41/V40 -> 2.3333333 | W42: =W41/W40 -> #DIV/0! | X42: =X41/X40 -> 2.5 | Y42: =Y41/Y40 -> 2.6153846 | Z42: =Z41/Z40 -> 2.3815789 | AA42: =AA41/AA40 -> 4 | AB42: 0 | AC42: =AC41/AC40 -> 1.2252994 | AD42: 0 | AE42: =AE41/AE40 -> 2.1037277 | AF42: =AF41/AF40 -> 1.3424865
B43: 15.15 - 15.30 | C43: =AVERAGE('25.10.19 CYANIKA-KISORO-24h'!C43,'26.10 CYANIKA-KISORO'!C43,'27.10 CYANIKA-KISORO'!C43) -> 0.66666667 | D43: =AVERAGE('25.10.19 CYANIKA-KISORO-24h'!D43,'26.10 CYANIKA-KISORO'!D43,'27.10 CYANIKA-KISORO'!D43) -> 1.6666667 | E43: =AVERAGE('25.10.19 CYANIKA-KISORO-24h'!E43,'26.10 CYANIKA-KISORO'!E43,'27.10 CYANIKA-KISORO'!E43) -> 0.66666667 | F43: =AVERAGE('25.10.19 CYANIKA-KISORO-24h'!F43,'26.10 CYANIKA-KISORO'!F43,'27.10 CYANIKA-KISORO'!F43) -> 0 | G43: =AVERAGE('25.10.19 CYANIKA-KISORO-24h'!G43,'26.10 CYANIKA-KISORO'!G43,'27.10 CYANIKA-KISORO'!G43) -> 0 | H43: =AVERAGE('25.10.19 CYANIKA-KISORO-24h'!H43,'26.10 CYANIKA-KISORO'!H43,'27.10 CYANIKA-KISORO'!H43) -> 0 | I43: =AVERAGE('25.10.19 CYANIKA-KISORO-24h'!I43,'26.10 CYANIKA-KISORO'!I43,'27.10 CYANIKA-KISORO'!I43) -> 0 | J43: =AVERAGE('25.10.19 CYANIKA-KISORO-24h'!J43,'26.10 CYANIKA-KISORO'!J43,'27.10 CYANIKA-KISORO'!J43) -> 0.66666667 | ... N43: =AVERAGE('25.10.19 CYANIKA-KISORO-24h'!N43,'26.10 CYANIKA-KISORO'!N43,'27.10 CYANIKA-KISORO'!N43) -> 0 | O43: =SUM(C43:L43,N43) -> 3.6666667 | P43: =SUM(C43:N43) -> 40.333333
B44: 15.30 - 15.45 | C44: =AVERAGE('25.10.19 CYANIKA-KISORO-24h'!C44,'26.10 CYANIKA-KISORO'!C44,'27.10 CYANIKA-KISORO'!C44) -> 3.6666667 | D44: =AVERAGE('25.10.19 CYANIKA-KISORO-24h'!D44,'26.10 CYANIKA-KISORO'!D44,'27.10 CYANIKA-KISORO'!D44) -> 1 | E44: =AVERAGE('25.10.19 CYANIKA-KISORO-24h'!E44,'26.10 CYANIKA-KISORO'!E44,'27.10 CYANIKA-KISORO'!E44) -> 0 | F44: =AVERAGE('25.10.19 CYANIKA-KISORO-24h'!F44,'26.10 CYANIKA-KISORO'!F44,'27.10 CYANIKA-KISORO'!F44) -> 0 | G44: =AVERAGE('25.10.19 CYANIKA-KISORO-24h'!G44,'26.10 CYANIKA-KISORO'!G44,'27.10 CYANIKA-KISORO'!G44) -> 0 | H44: =AVERAGE('25.10.19 CYANIKA-KISORO-24h'!H44,'26.10 CYANIKA-KISORO'!H44,'27.10 CYANIKA-KISORO'!H44) -> 0 | I44: =AVERAGE('25.10.19 CYANIKA-KISORO-24h'!I44,'26.10 CYANIKA-KISORO'!I44,'27.10 CYANIKA-KISORO'!I44) -> 0 | J44: =AVERAGE('25.10.19 CYANIKA-KISORO-24h'!J44,'26.10 CYANIKA-KISORO'!J44,'27.10 CYANIKA-KISORO'!J44) -> 0.33333333 | ... N44: =AVERAGE('25.10.19 CYANIKA-KISORO-24h'!N44,'26.10 CYANIKA-KISORO'!N44,'27.10 CYANIKA-KISORO'!N44) -> 0 | O44: =SUM(C44:L44,N44) -> 5 | P44: =SUM(C44:N44) -> 37.333333
B45: 15.45 - 16.00 | C45: =AVERAGE('25.10.19 CYANIKA-KISORO-24h'!C45,'26.10 CYANIKA-KISORO'!C45,'27.10 CYANIKA-KISORO'!C45) -> 0.33333333 | D45: =AVERAGE('25.10.19 CYANIKA-KISORO-24h'!D45,'26.10 CYANIKA-KISORO'!D45,'27.10 CYANIKA-KISORO'!D45) -> 0.66666667 | E45: =AVERAGE('25.10.19 CYANIKA-KISORO-24h'!E45,'26.10 CYANIKA-KISORO'!E45,'27.10 CYANIKA-KISORO'!E45) -> 1 | F45: =AVERAGE('25.10.19 CYANIKA-KISORO-24h'!F45,'26.10 CYANIKA-KISORO'!F45,'27.10 CYANIKA-KISORO'!F45) -> 0 | G45: =AVERAGE('25.10.19 CYANIKA-KISORO-24h'!G45,'26.10 CYANIKA-KISORO'!G45,'27.10 CYANIKA-KISORO'!G45) -> 0 | H45: =AVERAGE('25.10.19 CYANIKA-KISORO-24h'!H45,'26.10 CYANIKA-KISORO'!H45,'27.10 CYANIKA-KISORO'!H45) -> 0 | I45: =AVERAGE('25.10.19 CYANIKA-KISORO-24h'!I45,'26.10 CYANIKA-KISORO'!I45,'27.10 CYANIKA-KISORO'!I45) -> 0 | J45: =AVERAGE('25.10.19 CYANIKA-KISORO-24h'!J45,'26.10 CYANIKA-KISORO'!J45,'27.10 CYANIKA-KISORO'!J45) -> 1 | ... N45: =AVERAGE('25.10.19 CYANIKA-KISORO-24h'!N45,'26.10 CYANIKA-KISORO'!N45,'27.10 CYANIKA-KISORO'!N45) -> 0 | O45: =SUM(C45:L45,N45) -> 3 | P45: =SUM(C45:N45) -> 37.333333
B46: 16.00 - 16.15 | C46: =AVERAGE('25.10.19 CYANIKA-KISORO-24h'!C46,'26.10 CYANIKA-KISORO'!C46,'27.10 CYANIKA-KISORO'!C46) -> 2.6666667 | D46: =AVERAGE('25.10.19 CYANIKA-KISORO-24h'!D46,'26.10 CYANIKA-KISORO'!D46,'27.10 CYANIKA-KISORO'!D46) -> 0.33333333 | E46: =AVERAGE('25.10.19 CYANIKA-KISORO-24h'!E46,'26.10 CYANIKA-KISORO'!E46,'27.10 CYANIKA-KISORO'!E46) -> 0.33333333 | F46: =AVERAGE('25.10.19 CYANIKA-KISORO-24h'!F46,'26.10 CYANIKA-KISORO'!F46,'27.10 CYANIKA-KISORO'!F46) -> 0 | G46: =AVERAGE('25.10.19 CYANIKA-KISORO-24h'!G46,'26.10 CYANIKA-KISORO'!G46,'27.10 CYANIKA-KISORO'!G46) -> 0 | H46: =AVERAGE('25.10.19 CYANIKA-KISORO-24h'!H46,'26.10 CYANIKA-KISORO'!H46,'27.10 CYANIKA-KISORO'!H46) -> 0 | I46: =AVERAGE('25.10.19 CYANIKA-KISORO-24h'!I46,'26.10 CYANIKA-KISORO'!I46,'27.10 CYANIKA-KISORO'!I46) -> 0 | J46: =AVERAGE('25.10.19 CYANIKA-KISORO-24h'!J46,'26.10 CYANIKA-KISORO'!J46,'27.10 CYANIKA-KISORO'!J46) -> 1.3333333 | ... N46: =AVERAGE('25.10.19 CYANIKA-KISORO-24h'!N46,'26.10 CYANIKA-KISORO'!N46,'27.10 CYANIKA-KISORO'!N46) -> 0 | O46: =SUM(C46:L46,N46) -> 4.6666667 | P46: =SUM(C46:N46) -> 38.333333
B47: 16.15 -16.30 | C47: =AVERAGE('25.10.19 CYANIKA-KISORO-24h'!C47,'26.10 CYANIKA-KISORO'!C47,'27.10 CYANIKA-KISORO'!C47) -> 1.6666667 | D47: =AVERAGE('25.10.19 CYANIKA-KISORO-24h'!D47,'26.10 CYANIKA-KISORO'!D47,'27.10 CYANIKA-KISORO'!D47) -> 1.6666667 | E47: =AVERAGE('25.10.19 CYANIKA-KISORO-24h'!E47,'26.10 CYANIKA-KISORO'!E47,'27.10 CYANIKA-KISORO'!E47) -> 1 | F47: =AVERAGE('25.10.19 CYANIKA-KISORO-24h'!F47,'26.10 CYANIKA-KISORO'!F47,'27.10 CYANIKA-KISORO'!F47) -> 0 | G47: =AVERAGE('25.10.19 CYANIKA-KISORO-24h'!G47,'26.10 CYANIKA-KISORO'!G47,'27.10 CYANIKA-KISORO'!G47) -> 0 | H47: =AVERAGE('25.10.19 CYANIKA-KISORO-24h'!H47,'26.10 CYANIKA-KISORO'!H47,'27.10 CYANIKA-KISORO'!H47) -> 0.33333333 | I47: =AVERAGE('25.10.19 CYANIKA-KISORO-24h'!I47,'26.10 CYANIKA-KISORO'!I47,'27.10 CYANIKA-KISORO'!I47) -> 0 | J47: =AVERAGE('25.10.19 CYANIKA-KISORO-24h'!J47,'26.10 CYANIKA-KISORO'!J47,'27.10 CYANIKA-KISORO'!J47) -> 0.33333333 | ... N47: =AVERAGE('25.10.19 CYANIKA-KISORO-24h'!N47,'26.10 CYANIKA-KISORO'!N47,'27.10 CYANIKA-KISORO'!N47) -> 0 | O47: =SUM(C47:L47,N47) -> 5 | P47: =SUM(C47:N47) -> 45.666667
B48: 16.30 -16.45 | C48: =AVERAGE('25.10.19 CYANIKA-KISORO-24h'!C48,'26.10 CYANIKA-KISORO'!C48,'27.10 CYANIKA-KISORO'!C48) -> 2.6666667 | D48: =AVERAGE('25.10.19 CYANIKA-KISORO-24h'!D48,'26.10 CYANIKA-KISORO'!D48,'27.10 CYANIKA-KISORO'!D48) -> 0.66666667 | E48: =AVERAGE('25.10.19 CYANIKA-KISORO-24h'!E48,'26.10 CYANIKA-KISORO'!E48,'27.10 CYANIKA-KISORO'!E48) -> 0.33333333 | F48: =AVERAGE('25.10.19 CYANIKA-KISORO-24h'!F48,'26.10 CYANIKA-KISORO'!F48,'27.10 CYANIKA-KISORO'!F48) -> 0 | G48: =AVERAGE('25.10.19 CYANIKA-KISORO-24h'!G48,'26.10 CYANIKA-KISORO'!G48,'27.10 CYANIKA-KISORO'!G48) -> 0 | H48: =AVERAGE('25.10.19 CYANIKA-KISORO-24h'!H48,'26.10 CYANIKA-KISORO'!H48,'27.10 CYANIKA-KISORO'!H48) -> 0 | I48: =AVERAGE('25.10.19 CYANIKA-KISORO-24h'!I48,'26.10 CYANIKA-KISORO'!I48,'27.10 CYANIKA-KISORO'!I48) -> 0 | J48: =AVERAGE('25.10.19 CYANIKA-KISORO-24h'!J48,'26.10 CYANIKA-KISORO'!J48,'27.10 CYANIKA-KISORO'!J48) -> 1 | ... N48: =AVERAGE('25.10.19 CYANIKA-KISORO-24h'!N48,'26.10 CYANIKA-KISORO'!N48,'27.10 CYANIKA-KISORO'!N48) -> 0 | O48: =SUM(C48:L48,N48) -> 4.6666667 | P48: =SUM(C48:N48) -> 40.666667
B49: 16.45 -17.00 | C49: =AVERAGE('25.10.19 CYANIKA-KISORO-24h'!C49,'26.10 CYANIKA-KISORO'!C49,'27.10 CYANIKA-KISORO'!C49) -> 2.3333333 | D49: =AVERAGE('25.10.19 CYANIKA-KISORO-24h'!D49,'26.10 CYANIKA-KISORO'!D49,'27.10 CYANIKA-KISORO'!D49) -> 0.66666667 | E49: =AVERAGE('25.10.19 CYANIKA-KISORO-24h'!E49,'26.10 CYANIKA-KISORO'!E49,'27.10 CYANIKA-KISORO'!E49) -> 1.3333333 | F49: =AVERAGE('25.10.19 CYANIKA-KISORO-24h'!F49,'26.10 CYANIKA-KISORO'!F49,'27.10 CYANIKA-KISORO'!F49) -> 0 | G49: =AVERAGE('25.10.19 CYANIKA-KISORO-24h'!G49,'26.10 CYANIKA-KISORO'!G49,'27.10 CYANIKA-KISORO'!G49) -> 0 | H49: =AVERAGE('25.10.19 CYANIKA-KISORO-24h'!H49,'26.10 CYANIKA-KISORO'!H49,'27.10 CYANIKA-KISORO'!H49) -> 0 | I49: =AVERAGE('25.10.19 CYANIKA-KISORO-24h'!I49,'26.10 CYANIKA-KISORO'!I49,'27.10 CYANIKA-KISORO'!I49) -> 0.33333333 | J49: =AVERAGE('25.10.19 CYANIKA-KISORO-24h'!J49,'26.10 CYANIKA-KISORO'!J49,'27.10 CYANIKA-KISORO'!J49) -> 1 | ... N49: =AVERAGE('25.10.19 CYANIKA-KISORO-24h'!N49,'26.10 CYANIKA-KISORO'!N49,'27.10 CYANIKA-KISORO'!N49) -> 0 | O49: =SUM(C49:L49,N49) -> 5.6666667 | P49: =SUM(C49:N49) -> 43
B50: 17.00 -17.15 | C50: =AVERAGE('25.10.19 CYANIKA-KISORO-24h'!C50,'26.10 CYANIKA-KISORO'!C50,'27.10 CYANIKA-KISORO'!C50) -> 2 | D50: =AVERAGE('25.10.19 CYANIKA-KISORO-24h'!D50,'26.10 CYANIKA-KISORO'!D50,'27.10 CYANIKA-KISORO'!D50) -> 1.6666667 | E50: =AVERAGE('25.10.19 CYANIKA-KISORO-24h'!E50,'26.10 CYANIKA-KISORO'!E50,'27.10 CYANIKA-KISORO'!E50) -> 0.33333333 | F50: =AVERAGE('25.10.19 CYANIKA-KISORO-24h'!F50,'26.10 CYANIKA-KISORO'!F50,'27.10 CYANIKA-KISORO'!F50) -> 0 | G50: =AVERAGE('25.10.19 CYANIKA-KISORO-24h'!G50,'26.10 CYANIKA-KISORO'!G50,'27.10 CYANIKA-KISORO'!G50) -> 0 | H50: =AVERAGE('25.10.19 CYANIKA-KISORO-24h'!H50,'26.10 CYANIKA-KISORO'!H50,'27.10 CYANIKA-KISORO'!H50) -> 0 | I50: =AVERAGE('25.10.19 CYANIKA-KISORO-24h'!I50,'26.10 CYANIKA-KISORO'!I50,'27.10 CYANIKA-KISORO'!I50) -> 0 | J50: =AVERAGE('25.10.19 CYANIKA-KISORO-24h'!J50,'26.10 CYANIKA-KISORO'!J50,'27.10 CYANIKA-KISORO'!J50) -> 0.33333333 | ... N50: =AVERAGE('25.10.19 CYANIKA-KISORO-24h'!N50,'26.10 CYANIKA-KISORO'!N50,'27.10 CYANIKA-KISORO'!N50) -> 0 | O50: =SUM(C50:L50,N50) -> 4.3333333 | P50: =SUM(C50:N50) -> 35
B51: 17.15 -17.30 | C51: =AVERAGE('25.10.19 CYANIKA-KISORO-24h'!C51,'26.10 CYANIKA-KISORO'!C51,'27.10 CYANIKA-KISORO'!C51) -> 2 | D51: =AVERAGE('25.10.19 CYANIKA-KISORO-24h'!D51,'26.10 CYANIKA-KISORO'!D51,'27.10 CYANIKA-KISORO'!D51) -> 2 | E51: =AVERAGE('25.10.19 CYANIKA-KISORO-24h'!E51,'26.10 CYANIKA-KISORO'!E51,'27.10 CYANIKA-KISORO'!E51) -> 1 | F51: =AVERAGE('25.10.19 CYANIKA-KISORO-24h'!F51,'26.10 CYANIKA-KISORO'!F51,'27.10 CYANIKA-KISORO'!F51) -> 0 | G51: =AVERAGE('25.10.19 CYANIKA-KISORO-24h'!G51,'26.10 CYANIKA-KISORO'!G51,'27.10 CYANIKA-KISORO'!G51) -> 0 | H51: =AVERAGE('25.10.19 CYANIKA-KISORO-24h'!H51,'26.10 CYANIKA-KISORO'!H51,'27.10 CYANIKA-KISORO'!H51) -> 0 | I51: =AVERAGE('25.10.19 CYANIKA-KISORO-24h'!I51,'26.10 CYANIKA-KISORO'!I51,'27.10 CYANIKA-KISORO'!I51) -> 0 | J51: =AVERAGE('25.10.19 CYANIKA-KISORO-24h'!J51,'26.10 CYANIKA-KISORO'!J51,'27.10 CYANIKA-KISORO'!J51) -> 1.6666667 | ... N51: =AVERAGE('25.10.19 CYANIKA-KISORO-24h'!N51,'26.10 CYANIKA-KISORO'!N51,'27.10 CYANIKA-KISORO'!N51) -> 0 | O51: =SUM(C51:L51,N51) -> 6.6666667 | P51: =SUM(C51:N51) -> 43.333333
B52: 17.30 -17.45 | C52: =AVERAGE('25.10.19 CYANIKA-KISORO-24h'!C52,'26.10 CYANIKA-KISORO'!C52,'27.10 CYANIKA-KISORO'!C52) -> 2 | D52: =AVERAGE('25.10.19 CYANIKA-KISORO-24h'!D52,'26.10 CYANIKA-KISORO'!D52,'27.10 CYANIKA-KISORO'!D52) -> 1.3333333 | E52: =AVERAGE('25.10.19 CYANIKA-KISORO-24h'!E52,'26.10 CYANIKA-KISORO'!E52,'27.10 CYANIKA-KISORO'!E52) -> 1.3333333 | F52: =AVERAGE('25.10.19 CYANIKA-KISORO-24h'!F52,'26.10 CYANIKA-KISORO'!F52,'27.10 CYANIKA-KISORO'!F52) -> 0.33333333 | G52: =AVERAGE('25.10.19 CYANIKA-KISORO-24h'!G52,'26.10 CYANIKA-KISORO'!G52,'27.10 CYANIKA-KISORO'!G52) -> 0 | H52: =AVERAGE('25.10.19 CYANIKA-KISORO-24h'!H52,'26.10 CYANIKA-KISORO'!H52,'27.10 CYANIKA-KISORO'!H52) -> 0 | I52: =AVERAGE('25.10.19 CYANIKA-KISORO-24h'!I52,'26.10 CYANIKA-KISORO'!I52,'27.10 CYANIKA-KISORO'!I52) -> 0 | J52: =AVERAGE('25.10.19 CYANIKA-KISORO-24h'!J52,'26.10 CYANIKA-KISORO'!J52,'27.10 CYANIKA-KISORO'!J52) -> 1.6666667 | ... N52: =AVERAGE('25.10.19 CYANIKA-KISORO-24h'!N52,'26.10 CYANIKA-KISORO'!N52,'27.10 CYANIKA-KISORO'!N52) -> 0 | O52: =SUM(C52:L52,N52) -> 6.6666667 | P52: =SUM(C52:N52) -> 43.333333
B53: 17.45 -18.00 | C53: =AVERAGE('25.10.19 CYANIKA-KISORO-24h'!C53,'26.10 CYANIKA-KISORO'!C53,'27.10 CYANIKA-KISORO'!C53) -> 3.3333333 | D53: =AVERAGE('25.10.19 CYANIKA-KISORO-24h'!D53,'26.10 CYANIKA-KISORO'!D53,'27.10 CYANIKA-KISORO'!D53) -> 1.3333333 | E53: =AVERAGE('25.10.19 CYANIKA-KISORO-24h'!E53,'26.10 CYANIKA-KISORO'!E53,'27.10 CYANIKA-KISORO'!E53) -> 0.66666667 | F53: =AVERAGE('25.10.19 CYANIKA-KISORO-24h'!F53,'26.10 CYANIKA-KISORO'!F53,'27.10 CYANIKA-KISORO'!F53) -> 0 | G53: =AVERAGE('25.10.19 CYANIKA-KISORO-24h'!G53,'26.10 CYANIKA-KISORO'!G53,'27.10 CYANIKA-KISORO'!G53) -> 0 | H53: =AVERAGE('25.10.19 CYANIKA-KISORO-24h'!H53,'26.10 CYANIKA-KISORO'!H53,'27.10 CYANIKA-KISORO'!H53) -> 0 | I53: =AVERAGE('25.10.19 CYANIKA-KISORO-24h'!I53,'26.10 CYANIKA-KISORO'!I53,'27.10 CYANIKA-KISORO'!I53) -> 0.33333333 | J53: =AVERAGE('25.10.19 CYANIKA-KISORO-24h'!J53,'26.10 CYANIKA-KISORO'!J53,'27.10 CYANIKA-KISORO'!J53) -> 0.33333333 | ... N53: =AVERAGE('25.10.19 CYANIKA-KISORO-24h'!N53,'26.10 CYANIKA-KISORO'!N53,'27.10 CYANIKA-KISORO'!N53) -> 0 | O53: =SUM(C53:L53,N53) -> 6 | P53: =SUM(C53:N53) -> 43.666667
B54: 18.00 - 18.15 | C54: =AVERAGE('25.10.19 CYANIKA-KISORO-24h'!C54,'26.10 CYANIKA-KISORO'!C54,'27.10 CYANIKA-KISORO'!C54) -> 3.3333333 | D54: =AVERAGE('25.10.19 CYANIKA-KISORO-24h'!D54,'26.10 CYANIKA-KISORO'!D54,'27.10 CYANIKA-KISORO'!D54) -> 0.33333333 | E54: =AVERAGE('25.10.19 CYANIKA-KISORO-24h'!E54,'26.10 CYANIKA-KISORO'!E54,'27.10 CYANIKA-KISORO'!E54) -> 0.66666667 | F54: =AVERAGE('25.10.19 CYANIKA-KISORO-24h'!F54,'26.10 CYANIKA-KISORO'!F54,'27.10 CYANIKA-KISORO'!F54) -> 0 | G54: =AVERAGE('25.10.19 CYANIKA-KISORO-24h'!G54,'26.10 CYANIKA-KISORO'!G54,'27.10 CYANIKA-KISORO'!G54) -> 0 | H54: =AVERAGE('25.10.19 CYANIKA-KISORO-24h'!H54,'26.10 CYANIKA-KISORO'!H54,'27.10 CYANIKA-KISORO'!H54) -> 0 | I54: =AVERAGE('25.10.19 CYANIKA-KISORO-24h'!I54,'26.10 CYANIKA-KISORO'!I54,'27.10 CYANIKA-KISORO'!I54) -> 0 | J54: =AVERAGE('25.10.19 CYANIKA-KISORO-24h'!J54,'26.10 CYANIKA-KISORO'!J54,'27.10 CYANIKA-KISORO'!J54) -> 1 | ... N54: =AVERAGE('25.10.19 CYANIKA-KISORO-24h'!N54,'26.10 CYANIKA-KISORO'!N54,'27.10 CYANIKA-KISORO'!N54) -> 0 | O54: =SUM(C54:L54,N54) -> 5.3333333 | P54: =SUM(C54:N54) -> 34
... B57: 18.45 - 19.00 | C57: =AVERAGE('25.10.19 CYANIKA-KISORO-24h'!C57,'26.10 CYANIKA-KISORO'!C57,'27.10 CYANIKA-KISORO'!C57) -> 1.6666667 | D57: =AVERAGE('25.10.19 CYANIKA-KISORO-24h'!D57,'26.10 CYANIKA-KISORO'!D57,'27.10 CYANIKA-KISORO'!D57) -> 1.6666667 | E57: =AVERAGE('25.10.19 CYANIKA-KISORO-24h'!E57,'26.10 CYANIKA-KISORO'!E57,'27.10 CYANIKA-KISORO'!E57) -> 1.3333333 | F57: =AVERAGE('25.10.19 CYANIKA-KISORO-24h'!F57,'26.10 CYANIKA-KISORO'!F57,'27.10 CYANIKA-KISORO'!F57) -> 0 | G57: =AVERAGE('25.10.19 CYANIKA-KISORO-24h'!G57,'26.10 CYANIKA-KISORO'!G57,'27.10 CYANIKA-KISORO'!G57) -> 0 | H57: =AVERAGE('25.10.19 CYANIKA-KISORO-24h'!H57,'26.10 CYANIKA-KISORO'!H57,'27.10 CYANIKA-KISORO'!H57) -> 0 | I57: =AVERAGE('25.10.19 CYANIKA-KISORO-24h'!I57,'26.10 CYANIKA-KISORO'!I57,'27.10 CYANIKA-KISORO'!I57) -> 0.33333333 | J57: =AVERAGE('25.10.19 CYANIKA-KISORO-24h'!J57,'26.10 CYANIKA-KISORO'!J57,'27.10 CYANIKA-KISORO'!J57) -> 0.66666667 | ... N57: =AVERAGE('25.10.19 CYANIKA-KISORO-24h'!N57,'26.10 CYANIKA-KISORO'!N57,'27.10 CYANIKA-KISORO'!N57) -> 0 | O57: =SUM(C57:L57,N57) -> 5.6666667 | P57: =SUM(C57:N57) -> 35.333333
B58: 19.00 - 19.15 | C58: =AVERAGE('25.10.19 CYANIKA-KISORO-24h'!C18) -> 3 | D58: =AVERAGE('25.10.19 CYANIKA-KISORO-24h'!D18) -> 3 | E58: =AVERAGE('25.10.19 CYANIKA-KISORO-24h'!E18) -> 0 | F58: =AVERAGE('25.10.19 CYANIKA-KISORO-24h'!F18) -> 0 | G58: =AVERAGE('25.10.19 CYANIKA-KISORO-24h'!G18) -> 0 | H58: =AVERAGE('25.10.19 CYANIKA-KISORO-24h'!H18) -> 0 | I58: =AVERAGE('25.10.19 CYANIKA-KISORO-24h'!I18) -> 0 | J58: =AVERAGE('25.10.19 CYANIKA-KISORO-24h'!J18) -> 0 | ... L58: =AVERAGE('25.10.19 CYANIKA-KISORO-24h'!L18) -> 0 | M58: 34 | N58: =AVERAGE('25.10.19 CYANIKA-KISORO-24h'!N18) -> 0 | O58: =SUM(C58:L58,N58) -> 7 | P58: =SUM(C58:N58) -> 41
B59: 19.15 - 19.30 | C59: =AVERAGE('25.10.19 CYANIKA-KISORO-24h'!C19) -> 1 | D59: =AVERAGE('25.10.19 CYANIKA-KISORO-24h'!D19) -> 1 | E59: =AVERAGE('25.10.19 CYANIKA-KISORO-24h'!E19) -> 1 | F59: =AVERAGE('25.10.19 CYANIKA-KISORO-24h'!F19) -> 0 | G59: =AVERAGE('25.10.19 CYANIKA-KISORO-24h'!G19) -> 0 | H59: =AVERAGE('25.10.19 CYANIKA-KISORO-24h'!H19) -> 0 | I59: =AVERAGE('25.10.19 CYANIKA-KISORO-24h'!I19) -> 2 | J59: =AVERAGE('25.10.19 CYANIKA-KISORO-24h'!J19) -> 0 | ... L59: =AVERAGE('25.10.19 CYANIKA-KISORO-24h'!L19) -> 0 | M59: 30 | N59: =AVERAGE('25.10.19 CYANIKA-KISORO-24h'!N19) -> 0 | O59: =SUM(C59:L59,N59) -> 5 | P59: =SUM(C59:N59) -> 35
B60: 19.30 - 19.45 | C60: =AVERAGE('25.10.19 CYANIKA-KISORO-24h'!C20) -> 4 | D60: =AVERAGE('25.10.19 CYANIKA-KISORO-24h'!D20) -> 0 | E60: =AVERAGE('25.10.19 CYANIKA-KISORO-24h'!E20) -> 1 | F60: =AVERAGE('25.10.19 CYANIKA-KISORO-24h'!F20) -> 0 | G60: =AVERAGE('25.10.19 CYANIKA-KISORO-24h'!G20) -> 0 | H60: =AVERAGE('25.10.19 CYANIKA-KISORO-24h'!H20) -> 0 | I60: =AVERAGE('25.10.19 CYANIKA-KISORO-24h'!I20) -> 0 | J60: =AVERAGE('25.10.19 CYANIKA-KISORO-24h'!J20) -> 0 | ... L60: =AVERAGE('25.10.19 CYANIKA-KISORO-24h'!L20) -> 0 | M60: 25 | N60: =AVERAGE('25.10.19 CYANIKA-KISORO-24h'!N20) -> 0 | O60: =SUM(C60:L60,N60) -> 7 | P60: =SUM(C60:N60) -> 32
B61: 19.45 - 20.00 | C61: =AVERAGE('25.10.19 CYANIKA-KISORO-24h'!C21) -> 2 | D61: =AVERAGE('25.10.19 CYANIKA-KISORO-24h'!D21) -> 1 | E61: =AVERAGE('25.10.19 CYANIKA-KISORO-24h'!E21) -> 0 | F61: =AVERAGE('25.10.19 CYANIKA-KISORO-24h'!F21) -> 0 | G61: =AVERAGE('25.10.19 CYANIKA-KISORO-24h'!G21) -> 0 | H61: =AVERAGE('25.10.19 CYANIKA-KISORO-24h'!H21) -> 0 | I61: =AVERAGE('25.10.19 CYANIKA-KISORO-24h'!I21) -> 0 | J61: =AVERAGE('25.10.19 CYANIKA-KISORO-24h'!J21) -> 0 | ... L61: =AVERAGE('25.10.19 CYANIKA-KISORO-24h'!L21) -> 0 | M61: 23 | N61: =AVERAGE('25.10.19 CYANIKA-KISORO-24h'!N21) -> 0 | O61: =SUM(C61:L61,N61) -> 4 | P61: =SUM(C61:N61) -> 27
B62: 20.00 - 20.15 | C62: =AVERAGE('25.10.19 CYANIKA-KISORO-24h'!C22) -> 0 | D62: =AVERAGE('25.10.19 CYANIKA-KISORO-24h'!D22) -> 2 | E62: =AVERAGE('25.10.19 CYANIKA-KISORO-24h'!E22) -> 0 | F62: =AVERAGE('25.10.19 CYANIKA-KISORO-24h'!F22) -> 0 | G62: =AVERAGE('25.10.19 CYANIKA-KISORO-24h'!G22) -> 0 | H62: =AVERAGE('25.10.19 CYANIKA-KISORO-24h'!H22) -> 0 | I62: =AVERAGE('25.10.19 CYANIKA-KISORO-24h'!I22) -> 1 | J62: =AVERAGE('25.10.19 CYANIKA-KISORO-24h'!J22) -> 1 | ... L62: =AVERAGE('25.10.19 CYANIKA-KISORO-24h'!L22) -> 0 | M62: 26 | N62: =AVERAGE('25.10.19 CYANIKA-KISORO-24h'!N22) -> 0 | O62: =SUM(C62:L62,N62) -> 4 | P62: =SUM(C62:N62) -> 30
B63: 20.15 - 20.30 | C63: =AVERAGE('25.10.19 CYANIKA-KISORO-24h'!C23) -> 1 | D63: =AVERAGE('25.10.19 CYANIKA-KISORO-24h'!D23) -> 3 | E63: =AVERAGE('25.10.19 CYANIKA-KISORO-24h'!E23) -> 4 | F63: =AVERAGE('25.10.19 CYANIKA-KISORO-24h'!F23) -> 1 | G63: =AVERAGE('25.10.19 CYANIKA-KISORO-24h'!G23) -> 0 | H63: =AVERAGE('25.10.19 CYANIKA-KISORO-24h'!H23) -> 0 | I63: =AVERAGE('25.10.19 CYANIKA-KISORO-24h'!I23) -> 0 | J63: =AVERAGE('25.10.19 CYANIKA-KISORO-24h'!J23) -> 0 | ... L63: =AVERAGE('25.10.19 CYANIKA-KISORO-24h'!L23) -> 0 | M63: 16 | N63: =AVERAGE('25.10.19 CYANIKA-KISORO-24h'!N23) -> 0 | O63: =SUM(C63:L63,N63) -> 9 | P63: =SUM(C63:N63) -> 25
B64: 20.30 - 20.45 | C64: =AVERAGE('25.10.19 CYANIKA-KISORO-24h'!C24) -> 1 | D64: =AVERAGE('25.10.19 CYANIKA-KISORO-24h'!D24) -> 0 | E64: =AVERAGE('25.10.19 CYANIKA-KISORO-24h'!E24) -> 2 | F64: =AVERAGE('25.10.19 CYANIKA-KISORO-24h'!F24) -> 0 | G64: =AVERAGE('25.10.19 CYANIKA-KISORO-24h'!G24) -> 0 | H64: =AVERAGE('25.10.19 CYANIKA-KISORO-24h'!H24) -> 0 | I64: =AVERAGE('25.10.19 CYANIKA-KISORO-24h'!I24) -> 1 | J64: =AVERAGE('25.10.19 CYANIKA-KISORO-24h'!J24) -> 1 | ... L64: =AVERAGE('25.10.19 CYANIKA-KISORO-24h'!L24) -> 0 | M64: =AVERAGE('25.10.19 KISORO-CYANIKA-24h'!M64) -> 20 | N64: =AVERAGE('25.10.19 CYANIKA-KISORO-24h'!N24) -> 0 | O64: =SUM(C64:L64,N64) -> 5 | P64: =SUM(C64:N64) -> 25
B65: 20.45 - 21.00 | C65: =AVERAGE('25.10.19 CYANIKA-KISORO-24h'!C25) -> 1 | D65: =AVERAGE('25.10.19 CYANIKA-KISORO-24h'!D25) -> 2 | E65: =AVERAGE('25.10.19 CYANIKA-KISORO-24h'!E25) -> 0 | F65: =AVERAGE('25.10.19 CYANIKA-KISORO-24h'!F25) -> 0 | G65: =AVERAGE('25.10.19 CYANIKA-KISORO-24h'!G25) -> 0 | H65: =AVERAGE('25.10.19 CYANIKA-KISORO-24h'!H25) -> 0 | I65: =AVERAGE('25.10.19 CYANIKA-KISORO-24h'!I25) -> 0 | J65: =AVERAGE('25.10.19 CYANIKA-KISORO-24h'!J25) -> 2 | ... L65: =AVERAGE('25.10.19 CYANIKA-KISORO-24h'!L25) -> 0 | M65: =AVERAGE('25.10.19 KISORO-CYANIKA-24h'!M65) -> 16 | N65: =AVERAGE('25.10.19 CYANIKA-KISORO-24h'!N25) -> 0 | O65: =SUM(C65:L65,N65) -> 5 | P65: =SUM(C65:N65) -> 21
B66: 21.00 - 21.15 | C66: =AVERAGE('25.10.19 CYANIKA-KISORO-24h'!C26) -> 1 | D66: =AVERAGE('25.10.19 CYANIKA-KISORO-24h'!D26) -> 1 | E66: =AVERAGE('25.10.19 CYANIKA-KISORO-24h'!E26) -> 1 | F66: =AVERAGE('25.10.19 CYANIKA-KISORO-24h'!F26) -> 0 | G66: =AVERAGE('25.10.19 CYANIKA-KISORO-24h'!G26) -> 0 | H66: =AVERAGE('25.10.19 CYANIKA-KISORO-24h'!H26) -> 0 | I66: =AVERAGE('25.10.19 CYANIKA-KISORO-24h'!I26) -> 0 | J66: =AVERAGE('25.10.19 CYANIKA-KISORO-24h'!J26) -> 1 | ... L66: =AVERAGE('25.10.19 CYANIKA-KISORO-24h'!L26) -> 0 | M66: =AVERAGE('25.10.19 KISORO-CYANIKA-24h'!M66) -> 14 | N66: =AVERAGE('25.10.19 CYANIKA-KISORO-24h'!N26) -> 0 | O66: =SUM(C66:L66,N66) -> 4 | P66: =SUM(C66:N66) -> 18
B67: 21.15 - 21.30 | C67: =AVERAGE('25.10.19 CYANIKA-KISORO-24h'!C27) -> 2 | D67: =AVERAGE('25.10.19 CYANIKA-KISORO-24h'!D27) -> 0 | E67: =AVERAGE('25.10.19 CYANIKA-KISORO-24h'!E27) -> 1 | F67: =AVERAGE('25.10.19 CYANIKA-KISORO-24h'!F27) -> 0 | G67: =AVERAGE('25.10.19 CYANIKA-KISORO-24h'!G27) -> 0 | H67: =AVERAGE('25.10.19 CYANIKA-KISORO-24h'!H27) -> 0 | I67: =AVERAGE('25.10.19 CYANIKA-KISORO-24h'!I27) -> 0 | J67: =AVERAGE('25.10.19 CYANIKA-KISORO-24h'!J27) -> 0 | ... L67: =AVERAGE('25.10.19 CYANIKA-KISORO-24h'!L27) -> 0 | M67: =AVERAGE('25.10.19 KISORO-CYANIKA-24h'!M67) -> 15 | N67: =AVERAGE('25.10.19 CYANIKA-KISORO-24h'!N27) -> 0 | O67: =SUM(C67:L67,N67) -> 3 | P67: =SUM(C67:N67) -> 18
B68: 21.30 - 21.45 | C68: =AVERAGE('25.10.19 CYANIKA-KISORO-24h'!C28) -> 1 | D68: =AVERAGE('25.10.19 CYANIKA-KISORO-24h'!D28) -> 1 | E68: =AVERAGE('25.10.19 CYANIKA-KISORO-24h'!E28) -> 0 | F68: =AVERAGE('25.10.19 CYANIKA-KISORO-24h'!F28) -> 0 | G68: =AVERAGE('25.10.19 CYANIKA-KISORO-24h'!G28) -> 0 | H68: =AVERAGE('25.10.19 CYANIKA-KISORO-24h'!H28) -> 0 | I68: =AVERAGE('25.10.19 CYANIKA-KISORO-24h'!I28) -> 0 | J68: =AVERAGE('25.10.19 CYANIKA-KISORO-24h'!J28) -> 0 | ... L68: =AVERAGE('25.10.19 CYANIKA-KISORO-24h'!L28) -> 0 | M68: 10 | N68: =AVERAGE('25.10.19 CYANIKA-KISORO-24h'!N28) -> 0 | O68: =SUM(C68:L68,N68) -> 2 | P68: =SUM(C68:N68) -> 12
B69: 21.45 - 22.00 | C69: =AVERAGE('25.10.19 CYANIKA-KISORO-24h'!C29) -> 3 | D69: =AVERAGE('25.10.19 CYANIKA-KISORO-24h'!D29) -> 1 | E69: =AVERAGE('25.10.19 CYANIKA-KISORO-24h'!E29) -> 2 | F69: =AVERAGE('25.10.19 CYANIKA-KISORO-24h'!F29) -> 0 | G69: =AVERAGE('25.10.19 CYANIKA-KISORO-24h'!G29) -> 0 | H69: =AVERAGE('25.10.19 CYANIKA-KISORO-24h'!H29) -> 0 | I69: =AVERAGE('25.10.19 CYANIKA-KISORO-24h'!I29) -> 0 | J69: =AVERAGE('25.10.19 CYANIKA-KISORO-24h'!J29) -> 0 | ... L69: =AVERAGE('25.10.19 CYANIKA-KISORO-24h'!L29) -> 0 | M69: =AVERAGE('25.10.19 KISORO-CYANIKA-24h'!M69) -> 11 | N69: =AVERAGE('25.10.19 CYANIKA-KISORO-24h'!N29) -> 0 | O69: =SUM(C69:L69,N69) -> 6 | P69: =SUM(C69:N69) -> 17
B70: 22.00 - 22.15 | C70: =AVERAGE('25.10.19 CYANIKA-KISORO-24h'!C30) -> 5 | D70: =AVERAGE('25.10.19 CYANIKA-KISORO-24h'!D30) -> 0 | E70: =AVERAGE('25.10.19 CYANIKA-KISORO-24h'!E30) -> 0 | F70: =AVERAGE('25.10.19 CYANIKA-KISORO-24h'!F30) -> 1 | G70: =AVERAGE('25.10.19 CYANIKA-KISORO-24h'!G30) -> 0 | H70: =AVERAGE('25.10.19 CYANIKA-KISORO-24h'!H30) -> 0 | I70: =AVERAGE('25.10.19 CYANIKA-KISORO-24h'!I30) -> 0 | J70: =AVERAGE('25.10.19 CYANIKA-KISORO-24h'!J30) -> 1 | ... L70: =AVERAGE('25.10.19 CYANIKA-KISORO-24h'!L30) -> 0 | M70: =AVERAGE('25.10.19 KISORO-CYANIKA-24h'!M70) -> 8 | N70: =AVERAGE('25.10.19 CYANIKA-KISORO-24h'!N30) -> 0 | O70: =SUM(C70:L70,N70) -> 7 | P70: =SUM(C70:N70) -> 15
B71: 22.15 - 22.30 | C71: =AVERAGE('25.10.19 CYANIKA-KISORO-24h'!C31) -> 0 | D71: =AVERAGE('25.10.19 CYANIKA-KISORO-24h'!D31) -> 0 | E71: =AVERAGE('25.10.19 CYANIKA-KISORO-24h'!E31) -> 2 | F71: =AVERAGE('25.10.19 CYANIKA-KISORO-24h'!F31) -> 0 | G71: =AVERAGE('25.10.19 CYANIKA-KISORO-24h'!G31) -> 0 | H71: =AVERAGE('25.10.19 CYANIKA-KISORO-24h'!H31) -> 0 | I71: =AVERAGE('25.10.19 CYANIKA-KISORO-24h'!I31) -> 0 | J71: =AVERAGE('25.10.19 CYANIKA-KISORO-24h'!J31) -> 0 | ... L71: =AVERAGE('25.10.19 CYANIKA-KISORO-24h'!L31) -> 0 | M71: =AVERAGE('25.10.19 KISORO-CYANIKA-24h'!M71) -> 10 | N71: =AVERAGE('25.10.19 CYANIKA-KISORO-24h'!N31) -> 0 | O71: =SUM(C71:L71,N71) -> 2 | P71: =SUM(C71:N71) -> 12
B72: 22.30 - 22.45 | C72: =AVERAGE('25.10.19 CYANIKA-KISORO-24h'!C32) -> 2 | D72: =AVERAGE('25.10.19 CYANIKA-KISORO-24h'!D32) -> 0 | E72: =AVERAGE('25.10.19 CYANIKA-KISORO-24h'!E32) -> 1 | F72: =AVERAGE('25.10.19 CYANIKA-KISORO-24h'!F32) -> 0 | G72: =AVERAGE('25.10.19 CYANIKA-KISORO-24h'!G32) -> 0 | H72: =AVERAGE('25.10.19 CYANIKA-KISORO-24h'!H32) -> 0 | I72: =AVERAGE('25.10.19 CYANIKA-KISORO-24h'!I32) -> 1 | J72: =AVERAGE('25.10.19 CYANIKA-KISORO-24h'!J32) -> 0 | ... L72: =AVERAGE('25.10.19 CYANIKA-KISORO-24h'!L32) -> 0 | M72: =AVERAGE('25.10.19 KISORO-CYANIKA-24h'!M72) -> 4 | N72: =AVERAGE('25.10.19 CYANIKA-KISORO-24h'!N32) -> 0 | O72: =SUM(C72:L72,N72) -> 4 | P72: =SUM(C72:N72) -> 8
B73: 22.45 - 23.00 | C73: =AVERAGE('25.10.19 CYANIKA-KISORO-24h'!C33) -> 1 | D73: =AVERAGE('25.10.19 CYANIKA-KISORO-24h'!D33) -> 0 | E73: =AVERAGE('25.10.19 CYANIKA-KISORO-24h'!E33) -> 1 | F73: =AVERAGE('25.10.19 CYANIKA-KISORO-24h'!F33) -> 0 | G73: =AVERAGE('25.10.19 CYANIKA-KISORO-24h'!G33) -> 0 | H73: =AVERAGE('25.10.19 CYANIKA-KISORO-24h'!H33) -> 0 | I73: =AVERAGE('25.10.19 CYANIKA-KISORO-24h'!I33) -> 0 | J73: =AVERAGE('25.10.19 CYANIKA-KISORO-24h'!J33) -> 0 | ... L73: =AVERAGE('25.10.19 CYANIKA-KISORO-24h'!L33) -> 0 | M73: =AVERAGE('25.10.19 KISORO-CYANIKA-24h'!M73) -> 6 | N73: =AVERAGE('25.10.19 CYANIKA-KISORO-24h'!N33) -> 0 | O73: =SUM(C73:L73,N73) -> 2 | P73: =SUM(C73:N73) -> 8
B74: 23.00 - 23.15 | C74: =AVERAGE('25.10.19 CYANIKA-KISORO-24h'!C34) -> 2 | D74: =AVERAGE('25.10.19 CYANIKA-KISORO-24h'!D34) -> 0 | E74: =AVERAGE('25.10.19 CYANIKA-KISORO-24h'!E34) -> 2 | F74: =AVERAGE('25.10.19 CYANIKA-KISORO-24h'!F34) -> 0 | G74: =AVERAGE('25.10.19 CYANIKA-KISORO-24h'!G34) -> 0 | H74: =AVERAGE('25.10.19 CYANIKA-KISORO-24h'!H34) -> 0 | I74: =AVERAGE('25.10.19 CYANIKA-KISORO-24h'!I34) -> 0 | J74: =AVERAGE('25.10.19 CYANIKA-KISORO-24h'!J34) -> 0 | ... L74: =AVERAGE('25.10.19 CYANIKA-KISORO-24h'!L34) -> 0 | M74: =AVERAGE('25.10.19 KISORO-CYANIKA-24h'!M74) -> 3 | N74: =AVERAGE('25.10.19 CYANIKA-KISORO-24h'!N34) -> 0 | O74: =SUM(C74:L74,N74) -> 4 | P74: =SUM(C74:N74) -> 7
B75: 23.15 - 23.30 | C75: =AVERAGE('25.10.19 CYANIKA-KISORO-24h'!C35) -> 0 | D75: =AVERAGE('25.10.19 CYANIKA-KISORO-24h'!D35) -> 2 | E75: =AVERAGE('25.10.19 CYANIKA-KISORO-24h'!E35) -> 0 | F75: =AVERAGE('25.10.19 CYANIKA-KISORO-24h'!F35) -> 1 | G75: =AVERAGE('25.10.19 CYANIKA-KISORO-24h'!G35) -> 0 | H75: =AVERAGE('25.10.19 CYANIKA-KISORO-24h'!H35) -> 0 | I75: =AVERAGE('25.10.19 CYANIKA-KISORO-24h'!I35) -> 0 | J75: =AVERAGE('25.10.19 CYANIKA-KISORO-24h'!J35) -> 0 | ... L75: =AVERAGE('25.10.19 CYANIKA-KISORO-24h'!L35) -> 0 | M75: =AVERAGE('25.10.19 KISORO-CYANIKA-24h'!M75) -> 4 | N75: =AVERAGE('25.10.19 CYANIKA-KISORO-24h'!N35) -> 0 | O75: =SUM(C75:L75,N75) -> 3 | P75: =SUM(C75:N75) -> 7
B76: 23.30 - 23.45 | C76: =AVERAGE('25.10.19 CYANIKA-KISORO-24h'!C36) -> 2 | D76: =AVERAGE('25.10.19 CYANIKA-KISORO-24h'!D36) -> 2 | E76: =AVERAGE('25.10.19 CYANIKA-KISORO-24h'!E36) -> 2 | F76: =AVERAGE('25.10.19 CYANIKA-KISORO-24h'!F36) -> 0 | G76: =AVERAGE('25.10.19 CYANIKA-KISORO-24h'!G36) -> 0 | H76: =AVERAGE('25.10.19 CYANIKA-KISORO-24h'!H36) -> 0 | I76: =AVERAGE('25.10.19 CYANIKA-KISORO-24h'!I36) -> 0 | J76: =AVERAGE('25.10.19 CYANIKA-KISORO-24h'!J36) -> 0 | ... L76: =AVERAGE('25.10.19 CYANIKA-KISORO-24h'!L36) -> 0 | M76: =AVERAGE('25.10.19 KISORO-CYANIKA-24h'!M76) -> 2 | N76: =AVERAGE('25.10.19 CYANIKA-KISORO-24h'!N36) -> 0 | O76: =SUM(C76:L76,N76) -> 6 | P76: =SUM(C76:N76) -> 8
B77: 23.45 - 00.00 | C77: =AVERAGE('25.10.19 CYANIKA-KISORO-24h'!C37) -> 1 | D77: =AVERAGE('25.10.19 CYANIKA-KISORO-24h'!D37) -> 3 | E77: =AVERAGE('25.10.19 CYANIKA-KISORO-24h'!E37) -> 0 | F77: =AVERAGE('25.10.19 CYANIKA-KISORO-24h'!F37) -> 0 | G77: =AVERAGE('25.10.19 CYANIKA-KISORO-24h'!G37) -> 0 | H77: =AVERAGE('25.10.19 CYANIKA-KISORO-24h'!H37) -> 0 | I77: =AVERAGE('25.10.19 CYANIKA-KISORO-24h'!I37) -> 1 | J77: =AVERAGE('25.10.19 CYANIKA-KISORO-24h'!J37) -> 2 | ... L77: =AVERAGE('25.10.19 CYANIKA-KISORO-24h'!L37) -> 0 | M77: =AVERAGE('25.10.19 KISORO-CYANIKA-24h'!M77) -> 2 | N77: =AVERAGE('25.10.19 CYANIKA-KISORO-24h'!N37) -> 0 | O77: =SUM(C77:L77,N77) -> 7 | P77: =SUM(C77:N77) -> 9
B78: 00.00 - 00.15 | C78: =AVERAGE('25.10.19 CYANIKA-KISORO-24h'!C38) -> 2 | D78: =AVERAGE('25.10.19 CYANIKA-KISORO-24h'!D38) -> 0 | E78: =AVERAGE('25.10.19 CYANIKA-KISORO-24h'!E38) -> 2 | F78: =AVERAGE('25.10.19 CYANIKA-KISORO-24h'!F38) -> 0 | G78: =AVERAGE('25.10.19 CYANIKA-KISORO-24h'!G38) -> 0 | H78: =AVERAGE('25.10.19 CYANIKA-KISORO-24h'!H38) -> 0 | I78: =AVERAGE('25.10.19 CYANIKA-KISORO-24h'!I38) -> 1 | J78: =AVERAGE('25.10.19 CYANIKA-KISORO-24h'!J38) -> 1 | ... L78: =AVERAGE('25.10.19 CYANIKA-KISORO-24h'!L38) -> 0 | M78: =AVERAGE('25.10.19 KISORO-CYANIKA-24h'!M78) -> 1 | N78: =AVERAGE('25.10.19 CYANIKA-KISORO-24h'!N38) -> 0 | O78: =SUM(C78:L78,N78) -> 6 | P78: =SUM(C78:N78) -> 7
B79: 00.15 - 00.30 | C79: =AVERAGE('25.10.19 CYANIKA-KISORO-24h'!C39) -> 2 | D79: =AVERAGE('25.10.19 CYANIKA-KISORO-24h'!D39) -> 0 | E79: =AVERAGE('25.10.19 CYANIKA-KISORO-24h'!E39) -> 0 | F79: =AVERAGE('25.10.19 CYANIKA-KISORO-24h'!F39) -> 0 | G79: =AVERAGE('25.10.19 CYANIKA-KISORO-24h'!G39) -> 0 | H79: =AVERAGE('25.10.19 CYANIKA-KISORO-24h'!H39) -> 0 | I79: =AVERAGE('25.10.19 CYANIKA-KISORO-24h'!I39) -> 0 | J79: =AVERAGE('25.10.19 CYANIKA-KISORO-24h'!J39) -> 0 | ... L79: =AVERAGE('25.10.19 CYANIKA-KISORO-24h'!L39) -> 0 | M79: =AVERAGE('25.10.19 KISORO-CYANIKA-24h'!M79) -> 0 | N79: =AVERAGE('25.10.19 CYANIKA-KISORO-24h'!N39) -> 0 | O79: =SUM(C79:L79,N79) -> 2 | P79: =SUM(C79:N79) -> 2
B80: 00.30 - 00.45 | C80: =AVERAGE('25.10.19 CYANIKA-KISORO-24h'!C40) -> 0 | D80: =AVERAGE('25.10.19 CYANIKA-KISORO-24h'!D40) -> 1 | E80: =AVERAGE('25.10.19 CYANIKA-KISORO-24h'!E40) -> 2 | F80: =AVERAGE('25.10.19 CYANIKA-KISORO-24h'!F40) -> 0 | G80: =AVERAGE('25.10.19 CYANIKA-KISORO-24h'!G40) -> 0 | H80: =AVERAGE('25.10.19 CYANIKA-KISORO-24h'!H40) -> 0 | I80: =AVERAGE('25.10.19 CYANIKA-KISORO-24h'!I40) -> 0 | J80: =AVERAGE('25.10.19 CYANIKA-KISORO-24h'!J40) -> 0 | ... L80: =AVERAGE('25.10.19 CYANIKA-KISORO-24h'!L40) -> 0 | M80: =AVERAGE('25.10.19 KISORO-CYANIKA-24h'!M80) -> 1 | N80: =AVERAGE('25.10.19 CYANIKA-KISORO-24h'!N40) -> 0 | O80: =SUM(C80:L80,N80) -> 3 | P80: =SUM(C80:N80) -> 4
... B104: 06.30 - 06.45 | C104: =AVERAGE('25.10.19 CYANIKA-KISORO-24h'!C64) -> 0 | D104: =AVERAGE('25.10.19 CYANIKA-KISORO-24h'!D64) -> 0 | E104: =AVERAGE('25.10.19 CYANIKA-KISORO-24h'!E64) -> 1 | F104: =AVERAGE('25.10.19 CYANIKA-KISORO-24h'!F64) -> 0 | G104: =AVERAGE('25.10.19 CYANIKA-KISORO-24h'!G64) -> 0 | H104: =AVERAGE('25.10.19 CYANIKA-KISORO-24h'!H64) -> 0 | I104: =AVERAGE('25.10.19 CYANIKA-KISORO-24h'!I64) -> 0 | J104: =AVERAGE('25.10.19 CYANIKA-KISORO-24h'!J64) -> 0 | ... L104: =AVERAGE('25.10.19 CYANIKA-KISORO-24h'!L64) -> 0 | M104: =AVERAGE('25.10.19 KISORO-CYANIKA-24h'!M104) -> 4 | N104: =AVERAGE('25.10.19 CYANIKA-KISORO-24h'!N64) -> 0 | O104: =SUM(C104:L104,N104) -> 1 | P104: =SUM(C104:N104) -> 5
B105: 06.45 - 07.00 | C105: =AVERAGE('25.10.19 CYANIKA-KISORO-24h'!C65) -> 0 | D105: =AVERAGE('25.10.19 CYANIKA-KISORO-24h'!D65) -> 0 | E105: =AVERAGE('25.10.19 CYANIKA-KISORO-24h'!E65) -> 0 | F105: =AVERAGE('25.10.19 CYANIKA-KISORO-24h'!F65) -> 0 | G105: =AVERAGE('25.10.19 CYANIKA-KISORO-24h'!G65) -> 0 | H105: =AVERAGE('25.10.19 CYANIKA-KISORO-24h'!H65) -> 0 | I105: =AVERAGE('25.10.19 CYANIKA-KISORO-24h'!I65) -> 0 | J105: =AVERAGE('25.10.19 CYANIKA-KISORO-24h'!J65) -> 0 | ... L105: =AVERAGE('25.10.19 CYANIKA-KISORO-24h'!L65) -> 0 | M105: 8 | N105: =AVERAGE('25.10.19 CYANIKA-KISORO-24h'!N65) -> 0 | O105: =SUM(C105:L105,N105) -> 0 | P105: =SUM(C105:N105) -> 8
B106: Totals | C106: =SUM(C10:C105) -> 167 | D106: =SUM(D10:D105) -> 91.333333 | E106: =SUM(E10:E105) -> 77.333333 | F106: =SUM(F10:F105) -> 7 | G106: =SUM(G10:G105) -> 0 | H106: =SUM(H10:H105) -> 1.6666667 | I106: =SUM(I10:I105) -> 22.666667 | J106: =SUM(J10:J105) -> 60.333333 | ... P106: =SUM(P10:P105) -> 2069.6667
B107: %ges + MCs | C107: =C106/$P$106 -> 0.080689322 | D107: =D106/$P$106 -> 0.044129489 | E107: =E106/$P$106 -> 0.037365115 | F107: =F106/$P$106 -> 0.0033821871 | G107: =G106/$P$106 -> 0 | H107: =H106/$P$106 -> 0.00080528265 | I107: =I106/$P$106 -> 0.010951844 | J107: =J106/$P$106 -> 0.029151232 | ... N107: =N106/$P$106 -> 0
B108: %ges w/o MCs | C108: =C106/$O$106 -> 0.38597843 | D108: =D106/$O$106 -> 0.21109399 | E108: =E106/$O$106 -> 0.17873652 | F108: =F106/$O$106 -> 0.016178737 | G108: =G106/$O$106 -> 0 | H108: =H106/$O$106 -> 0.0038520801 | I108: =I106/$O$106 -> 0.05238829 | J108: =J106/$O$106 -> 0.1394453 | ... L108: =L106/$O$106 -> 0 | N108: =N106/$O$106 -> 0

Sheet Avg Week Kisoro-Cyanika
B1: Consultancy services for Preparation of Expressway Development Master Plan (EDMP) for Uganda
B2: MANUAL CLASSIFIED COUNT (MCC)
B3: ROAD NAME: | C3: CYAHAFI B.P
C5: Date | D5: AVERAGE WEEK | F5: Location | G5: XXXXX | J5: Surveyor | K5: XXXXXX
C6: Dir. From | D6: KISORO | F6: Dir. To | G6: CYANIKA | J6: Supervisor | K6: BELLA
B8: Time / Veh Type | R8: SUMMARY TRAFFIC VOLUMES
C9: 1. Car | D9: 2. Station Wagon | E9: 3. Pickups | F9: 4. Minibus, matatu | G9: 5. Medium bus | H9: 6. Large Bus | I9: 7. Light Truck | J9: 8. Medium Truck | K9: 9. Heavy truck | L9: 10. Truck Trailer | M9: 11. Motor cycles | N9: 12. Tractors | O9: Total Excl M/Cycles | P9: Total All | R9: Time | S9: 1. Car | T9: 2. Station Wagon | U9: 3. Pickups | V9: 4. Minibus, matatu | W9: 5. Medium bus | X9: 6. Large Bus | Y9: 7. Light Truck | Z9: 8. Medium Truck | AA9: 9. Heavy truck | AB9: 10. Truck Trailer | AC9: 11. Motorcycles | AD9: 12. Tractors, Graders | AE9: Total Excl M/ Cycles | AF9: Total All
B10: 07.00 - 07.15 | C10: =AVERAGE('25.10.19 KISORO-CYANIKA-24h'!C10,'26.10 KISORO-CYANIKA'!C10,'27.10 KISORO-CYANIKA'!C10) -> 2 | D10: =AVERAGE('25.10.19 KISORO-CYANIKA-24h'!D10,'26.10 KISORO-CYANIKA'!D10,'27.10 KISORO-CYANIKA'!D10) -> 0 | E10: =AVERAGE('25.10.19 KISORO-CYANIKA-24h'!E10,'26.10 KISORO-CYANIKA'!E10,'27.10 KISORO-CYANIKA'!E10) -> 0.33333333 | F10: =AVERAGE('25.10.19 KISORO-CYANIKA-24h'!F10,'26.10 KISORO-CYANIKA'!F10,'27.10 KISORO-CYANIKA'!F10) -> 0 | G10: =AVERAGE('25.10.19 KISORO-CYANIKA-24h'!G10,'26.10 KISORO-CYANIKA'!G10,'27.10 KISORO-CYANIKA'!G10) -> 0 | H10: =AVERAGE('25.10.19 KISORO-CYANIKA-24h'!H10,'26.10 KISORO-CYANIKA'!H10,'27.10 KISORO-CYANIKA'!H10) -> 0 | I10: =AVERAGE('25.10.19 KISORO-CYANIKA-24h'!I10,'26.10 KISORO-CYANIKA'!I10,'27.10 KISORO-CYANIKA'!I10) -> 0 | J10: =AVERAGE('25.10.19 KISORO-CYANIKA-24h'!J10,'26.10 KISORO-CYANIKA'!J10,'27.10 KISORO-CYANIKA'!J10) -> 0 | ... N10: =AVERAGE('25.10.19 KISORO-CYANIKA-24h'!N10,'26.10 KISORO-CYANIKA'!N10,'27.10 KISORO-CYANIKA'!N10) -> 0 | O10: =SUM(C10:L10,N10) -> 2.3333333 | P10: =SUM(C10:N10) -> 11.333333 | R10: 0700-0800 | S10: =SUM(C10:C13) -> 3.6666667 | T10: =SUM(D10:D13) -> 1 | U10: =SUM(E10:E13) -> 1.3333333 | V10: =SUM(F10:F13) -> 0 | W10: =SUM(G10:G13) -> 0 | X10: =SUM(H10:H13) -> 0 | Y10: =SUM(I10:I13) -> 0 | Z10: =SUM(J10:J13) -> 1 | ... AF10: =SUM(P10:P13) -> 48.333333
B11: 07.15 - 07.30 | C11: =AVERAGE('25.10.19 KISORO-CYANIKA-24h'!C11,'26.10 KISORO-CYANIKA'!C11,'27.10 KISORO-CYANIKA'!C11) -> 0.66666667 | D11: =AVERAGE('25.10.19 KISORO-CYANIKA-24h'!D11,'26.10 KISORO-CYANIKA'!D11,'27.10 KISORO-CYANIKA'!D11) -> 0.33333333 | E11: =AVERAGE('25.10.19 KISORO-CYANIKA-24h'!E11,'26.10 KISORO-CYANIKA'!E11,'27.10 KISORO-CYANIKA'!E11) -> 0.33333333 | F11: =AVERAGE('25.10.19 KISORO-CYANIKA-24h'!F11,'26.10 KISORO-CYANIKA'!F11,'27.10 KISORO-CYANIKA'!F11) -> 0 | G11: =AVERAGE('25.10.19 KISORO-CYANIKA-24h'!G11,'26.10 KISORO-CYANIKA'!G11,'27.10 KISORO-CYANIKA'!G11) -> 0 | H11: =AVERAGE('25.10.19 KISORO-CYANIKA-24h'!H11,'26.10 KISORO-CYANIKA'!H11,'27.10 KISORO-CYANIKA'!H11) -> 0 | I11: =AVERAGE('25.10.19 KISORO-CYANIKA-24h'!I11,'26.10 KISORO-CYANIKA'!I11,'27.10 KISORO-CYANIKA'!I11) -> 0 | J11: =AVERAGE('25.10.19 KISORO-CYANIKA-24h'!J11,'26.10 KISORO-CYANIKA'!J11,'27.10 KISORO-CYANIKA'!J11) -> 0.66666667 | ... N11: =AVERAGE('25.10.19 KISORO-CYANIKA-24h'!N11,'26.10 KISORO-CYANIKA'!N11,'27.10 KISORO-CYANIKA'!N11) -> 0 | O11: =SUM(C11:L11,N11) -> 2 | P11: =SUM(C11:N11) -> 14.333333 | R11: 0800-0900 | S11: =SUM(C14:C17) -> 3.6666667 | T11: =SUM(D14:D17) -> 1.6666667 | U11: =SUM(E14:E17) -> 1.6666667 | V11: =SUM(F14:F17) -> 0.33333333 | W11: =SUM(G14:G17) -> 0 | X11: =SUM(H14:H17) -> 0 | Y11: =SUM(I14:I17) -> 0.33333333 | Z11: =SUM(J14:J17) -> 1.3333333 | ... AF11: =SUM(P14:P17) -> 73.666667
B12: 07.30 - 07.45 | C12: =AVERAGE('25.10.19 KISORO-CYANIKA-24h'!C12,'26.10 KISORO-CYANIKA'!C12,'27.10 KISORO-CYANIKA'!C12) -> 0.33333333 | D12: =AVERAGE('25.10.19 KISORO-CYANIKA-24h'!D12,'26.10 KISORO-CYANIKA'!D12,'27.10 KISORO-CYANIKA'!D12) -> 0 | E12: =AVERAGE('25.10.19 KISORO-CYANIKA-24h'!E12,'26.10 KISORO-CYANIKA'!E12,'27.10 KISORO-CYANIKA'!E12) -> 0 | F12: =AVERAGE('25.10.19 KISORO-CYANIKA-24h'!F12,'26.10 KISORO-CYANIKA'!F12,'27.10 KISORO-CYANIKA'!F12) -> 0 | G12: =AVERAGE('25.10.19 KISORO-CYANIKA-24h'!G12,'26.10 KISORO-CYANIKA'!G12,'27.10 KISORO-CYANIKA'!G12) -> 0 | H12: =AVERAGE('25.10.19 KISORO-CYANIKA-24h'!H12,'26.10 KISORO-CYANIKA'!H12,'27.10 KISORO-CYANIKA'!H12) -> 0 | I12: =AVERAGE('25.10.19 KISORO-CYANIKA-24h'!I12,'26.10 KISORO-CYANIKA'!I12,'27.10 KISORO-CYANIKA'!I12) -> 0 | J12: =AVERAGE('25.10.19 KISORO-CYANIKA-24h'!J12,'26.10 KISORO-CYANIKA'!J12,'27.10 KISORO-CYANIKA'!J12) -> 0 | ... N12: =AVERAGE('25.10.19 KISORO-CYANIKA-24h'!N12,'26.10 KISORO-CYANIKA'!N12,'27.10 KISORO-CYANIKA'!N12) -> 0 | O12: =SUM(C12:L12,N12) -> 0.33333333 | P12: =SUM(C12:N12) -> 10.333333 | R12: 0900-1000 | S12: =SUM(C18:C21) -> 1.6666667 | T12: =SUM(D18:D21) -> 3.3333333 | U12: =SUM(E18:E21) -> 2.3333333 | V12: =SUM(F18:F21) -> 0.33333333 | W12: =SUM(G18:G21) -> 0 | X12: =SUM(H18:H21) -> 0 | Y12: =SUM(I18:I21) -> 0.66666667 | Z12: =SUM(J18:J21) -> 3.6666667 | ... AF12: =SUM(P18:P21) -> 115
B13: 07.45 - 08.00 | C13: =AVERAGE('25.10.19 KISORO-CYANIKA-24h'!C13,'26.10 KISORO-CYANIKA'!C13,'27.10 KISORO-CYANIKA'!C13) -> 0.66666667 | D13: =AVERAGE('25.10.19 KISORO-CYANIKA-24h'!D13,'26.10 KISORO-CYANIKA'!D13,'27.10 KISORO-CYANIKA'!D13) -> 0.66666667 | E13: =AVERAGE('25.10.19 KISORO-CYANIKA-24h'!E13,'26.10 KISORO-CYANIKA'!E13,'27.10 KISORO-CYANIKA'!E13) -> 0.66666667 | F13: =AVERAGE('25.10.19 KISORO-CYANIKA-24h'!F13,'26.10 KISORO-CYANIKA'!F13,'27.10 KISORO-CYANIKA'!F13) -> 0 | G13: =AVERAGE('25.10.19 KISORO-CYANIKA-24h'!G13,'26.10 KISORO-CYANIKA'!G13,'27.10 KISORO-CYANIKA'!G13) -> 0 | H13: =AVERAGE('25.10.19 KISORO-CYANIKA-24h'!H13,'26.10 KISORO-CYANIKA'!H13,'27.10 KISORO-CYANIKA'!H13) -> 0 | I13: =AVERAGE('25.10.19 KISORO-CYANIKA-24h'!I13,'26.10 KISORO-CYANIKA'!I13,'27.10 KISORO-CYANIKA'!I13) -> 0 | J13: =AVERAGE('25.10.19 KISORO-CYANIKA-24h'!J13,'26.10 KISORO-CYANIKA'!J13,'27.10 KISORO-CYANIKA'!J13) -> 0.33333333 | ... N13: =AVERAGE('25.10.19 KISORO-CYANIKA-24h'!N13,'26.10 KISORO-CYANIKA'!N13,'27.10 KISORO-CYANIKA'!N13) -> 0 | O13: =SUM(C13:L13,N13) -> 2.3333333 | P13: =SUM(C13:N13) -> 12.333333 | R13: 1000-1100 | S13: =SUM(C22:C25) -> 8.6666667 | T13: =SUM(D22:D25) -> 1.6666667 | U13: =SUM(E22:E25) -> 3 | V13: =SUM(F22:F25) -> 1 | W13: =SUM(G22:G25) -> 0.33333333 | X13: =SUM(H22:H25) -> 0 | Y13: =SUM(I22:I25) -> 2 | Z13: =SUM(J22:J25) -> 3 | ... AF13: =SUM(P22:P25) -> 151.66667
B14: 08.00 - 08.15 | C14: =AVERAGE('25.10.19 KISORO-CYANIKA-24h'!C14,'26.10 KISORO-CYANIKA'!C14,'27.10 KISORO-CYANIKA'!C14) -> 0.66666667 | D14: =AVERAGE('25.10.19 KISORO-CYANIKA-24h'!D14,'26.10 KISORO-CYANIKA'!D14,'27.10 KISORO-CYANIKA'!D14) -> 1 | E14: =AVERAGE('25.10.19 KISORO-CYANIKA-24h'!E14,'26.10 KISORO-CYANIKA'!E14,'27.10 KISORO-CYANIKA'!E14) -> 1.3333333 | F14: =AVERAGE('25.10.19 KISORO-CYANIKA-24h'!F14,'26.10 KISORO-CYANIKA'!F14,'27.10 KISORO-CYANIKA'!F14) -> 0 | G14: =AVERAGE('25.10.19 KISORO-CYANIKA-24h'!G14,'26.10 KISORO-CYANIKA'!G14,'27.10 KISORO-CYANIKA'!G14) -> 0 | H14: =AVERAGE('25.10.19 KISORO-CYANIKA-24h'!H14,'26.10 KISORO-CYANIKA'!H14,'27.10 KISORO-CYANIKA'!H14) -> 0 | I14: =AVERAGE('25.10.19 KISORO-CYANIKA-24h'!I14,'26.10 KISORO-CYANIKA'!I14,'27.10 KISORO-CYANIKA'!I14) -> 0.33333333 | J14: =AVERAGE('25.10.19 KISORO-CYANIKA-24h'!J14,'26.10 KISORO-CYANIKA'!J14,'27.10 KISORO-CYANIKA'!J14) -> 0 | ... N14: =AVERAGE('25.10.19 KISORO-CYANIKA-24h'!N14,'26.10 KISORO-CYANIKA'!N14,'27.10 KISORO-CYANIKA'!N14) -> 0 | O14: =SUM(C14:L14,N14) -> 3.3333333 | P14: =SUM(C14:N14) -> 14.333333 | R14: 1100-1200 | S14: =SUM(C26:C29) -> 10 | T14: =SUM(D26:D29) -> 4 | U14: =SUM(E26:E29) -> 2 | V14: =SUM(F26:F29) -> 0.33333333 | W14: =SUM(G26:G29) -> 0 | X14: =SUM(H26:H29) -> 0.33333333 | Y14: =SUM(I26:I29) -> 2 | Z14: =SUM(J26:J29) -> 0.66666667 | ... AF14: =SUM(P26:P29) -> 158.33333
B15: 08.15 - 08.30 | C15: =AVERAGE('25.10.19 KISORO-CYANIKA-24h'!C15,'26.10 KISORO-CYANIKA'!C15,'27.10 KISORO-CYANIKA'!C15) -> 1 | D15: =AVERAGE('25.10.19 KISORO-CYANIKA-24h'!D15,'26.10 KISORO-CYANIKA'!D15,'27.10 KISORO-CYANIKA'!D15) -> 0 | E15: =AVERAGE('25.10.19 KISORO-CYANIKA-24h'!E15,'26.10 KISORO-CYANIKA'!E15,'27.10 KISORO-CYANIKA'!E15) -> 0 | F15: =AVERAGE('25.10.19 KISORO-CYANIKA-24h'!F15,'26.10 KISORO-CYANIKA'!F15,'27.10 KISORO-CYANIKA'!F15) -> 0.33333333 | G15: =AVERAGE('25.10.19 KISORO-CYANIKA-24h'!G15,'26.10 KISORO-CYANIKA'!G15,'27.10 KISORO-CYANIKA'!G15) -> 0 | H15: =AVERAGE('25.10.19 KISORO-CYANIKA-24h'!H15,'26.10 KISORO-CYANIKA'!H15,'27.10 KISORO-CYANIKA'!H15) -> 0 | I15: =AVERAGE('25.10.19 KISORO-CYANIKA-24h'!I15,'26.10 KISORO-CYANIKA'!I15,'27.10 KISORO-CYANIKA'!I15) -> 0 | J15: =AVERAGE('25.10.19 KISORO-CYANIKA-24h'!J15,'26.10 KISORO-CYANIKA'!J15,'27.10 KISORO-CYANIKA'!J15) -> 0.66666667 | ... N15: =AVERAGE('25.10.19 KISORO-CYANIKA-24h'!N15,'26.10 KISORO-CYANIKA'!N15,'27.10 KISORO-CYANIKA'!N15) -> 0 | O15: =SUM(C15:L15,N15) -> 2 | P15: =SUM(C15:N15) -> 16 | R15: 1200-1300 | S15: =SUM(C30:C33) -> 7.6666667 | T15: =SUM(D30:D33) -> 3.6666667 | U15: =SUM(E30:E33) -> 4.3333333 | V15: =SUM(F30:F33) -> 0 | W15: =SUM(G30:G33) -> 0 | X15: =SUM(H30:H33) -> 0 | Y15: =SUM(I30:I33) -> 2.3333333 | Z15: =SUM(J30:J33) -> 2.3333333 | ... AF15: =SUM(P30:P33) -> 151.33333
B16: 08.30 - 08.45 | C16: =AVERAGE('25.10.19 KISORO-CYANIKA-24h'!C16,'26.10 KISORO-CYANIKA'!C16,'27.10 KISORO-CYANIKA'!C16) -> 0.66666667 | D16: =AVERAGE('25.10.19 KISORO-CYANIKA-24h'!D16,'26.10 KISORO-CYANIKA'!D16,'27.10 KISORO-CYANIKA'!D16) -> 0.66666667 | E16: =AVERAGE('25.10.19 KISORO-CYANIKA-24h'!E16,'26.10 KISORO-CYANIKA'!E16,'27.10 KISORO-CYANIKA'!E16) -> 0 | F16: =AVERAGE('25.10.19 KISORO-CYANIKA-24h'!F16,'26.10 KISORO-CYANIKA'!F16,'27.10 KISORO-CYANIKA'!F16) -> 0 | G16: =AVERAGE('25.10.19 KISORO-CYANIKA-24h'!G16,'26.10 KISORO-CYANIKA'!G16,'27.10 KISORO-CYANIKA'!G16) -> 0 | H16: =AVERAGE('25.10.19 KISORO-CYANIKA-24h'!H16,'26.10 KISORO-CYANIKA'!H16,'27.10 KISORO-CYANIKA'!H16) -> 0 | I16: =AVERAGE('25.10.19 KISORO-CYANIKA-24h'!I16,'26.10 KISORO-CYANIKA'!I16,'27.10 KISORO-CYANIKA'!I16) -> 0 | J16: =AVERAGE('25.10.19 KISORO-CYANIKA-24h'!J16,'26.10 KISORO-CYANIKA'!J16,'27.10 KISORO-CYANIKA'!J16) -> 0.33333333 | ... N16: =AVERAGE('25.10.19 KISORO-CYANIKA-24h'!N16,'26.10 KISORO-CYANIKA'!N16,'27.10 KISORO-CYANIKA'!N16) -> 0 | O16: =SUM(C16:L16,N16) -> 1.6666667 | P16: =SUM(C16:N16) -> 21 | R16: 1300-1400 | S16: =SUM(C34:C37) -> 9.6666667 | T16: =SUM(D34:D37) -> 4.6666667 | U16: =SUM(E34:E37) -> 3 | V16: =SUM(F34:F37) -> 0.33333333 | W16: =SUM(G34:G37) -> 0 | X16: =SUM(H34:H37) -> 0 | Y16: =SUM(I34:I37) -> 3 | Z16: =SUM(J34:J37) -> 0.66666667 | ... AF16: =SUM(P34:P37) -> 150.66667
B17: 08.45 - 9.00 | C17: =AVERAGE('25.10.19 KISORO-CYANIKA-24h'!C17,'26.10 KISORO-CYANIKA'!C17,'27.10 KISORO-CYANIKA'!C17) -> 1.3333333 | D17: =AVERAGE('25.10.19 KISORO-CYANIKA-24h'!D17,'26.10 KISORO-CYANIKA'!D17,'27.10 KISORO-CYANIKA'!D17) -> 0 | E17: =AVERAGE('25.10.19 KISORO-CYANIKA-24h'!E17,'26.10 KISORO-CYANIKA'!E17,'27.10 KISORO-CYANIKA'!E17) -> 0.33333333 | F17: =AVERAGE('25.10.19 KISORO-CYANIKA-24h'!F17,'26.10 KISORO-CYANIKA'!F17,'27.10 KISORO-CYANIKA'!F17) -> 0 | G17: =AVERAGE('25.10.19 KISORO-CYANIKA-24h'!G17,'26.10 KISORO-CYANIKA'!G17,'27.10 KISORO-CYANIKA'!G17) -> 0 | H17: =AVERAGE('25.10.19 KISORO-CYANIKA-24h'!H17,'26.10 KISORO-CYANIKA'!H17,'27.10 KISORO-CYANIKA'!H17) -> 0 | I17: =AVERAGE('25.10.19 KISORO-CYANIKA-24h'!I17,'26.10 KISORO-CYANIKA'!I17,'27.10 KISORO-CYANIKA'!I17) -> 0 | J17: =AVERAGE('25.10.19 KISORO-CYANIKA-24h'!J17,'26.10 KISORO-CYANIKA'!J17,'27.10 KISORO-CYANIKA'!J17) -> 0.33333333 | ... N17: =AVERAGE('25.10.19 KISORO-CYANIKA-24h'!N17,'26.10 KISORO-CYANIKA'!N17,'27.10 KISORO-CYANIKA'!N17) -> 0 | O17: =SUM(C17:L17,N17) -> 2 | P17: =SUM(C17:N17) -> 22.333333 | R17: 1400-1500 | S17: =SUM(C38:C41) -> 9 | T17: =SUM(D38:D41) -> 3.3333333 | U17: =SUM(E38:E41) -> 3.6666667 | V17: =SUM(F38:F41) -> 0 | W17: =SUM(G38:G41) -> 0 | X17: =SUM(H38:H41) -> 0.66666667 | Y17: =SUM(I38:I41) -> 2 | Z17: =SUM(J38:J41) -> 1 | ... AF17: =SUM(P38:P41) -> 166
B18: 09.00 - 09.15 | C18: =AVERAGE('25.10.19 KISORO-CYANIKA-24h'!C18,'26.10 KISORO-CYANIKA'!C18,'27.10 KISORO-CYANIKA'!C18) -> 0.66666667 | D18: =AVERAGE('25.10.19 KISORO-CYANIKA-24h'!D18,'26.10 KISORO-CYANIKA'!D18,'27.10 KISORO-CYANIKA'!D18) -> 0.66666667 | E18: =AVERAGE('25.10.19 KISORO-CYANIKA-24h'!E18,'26.10 KISORO-CYANIKA'!E18,'27.10 KISORO-CYANIKA'!E18) -> 0.66666667 | F18: =AVERAGE('25.10.19 KISORO-CYANIKA-24h'!F18,'26.10 KISORO-CYANIKA'!F18,'27.10 KISORO-CYANIKA'!F18) -> 0 | G18: =AVERAGE('25.10.19 KISORO-CYANIKA-24h'!G18,'26.10 KISORO-CYANIKA'!G18,'27.10 KISORO-CYANIKA'!G18) -> 0 | H18: =AVERAGE('25.10.19 KISORO-CYANIKA-24h'!H18,'26.10 KISORO-CYANIKA'!H18,'27.10 KISORO-CYANIKA'!H18) -> 0 | I18: =AVERAGE('25.10.19 KISORO-CYANIKA-24h'!I18,'26.10 KISORO-CYANIKA'!I18,'27.10 KISORO-CYANIKA'!I18) -> 0 | J18: =AVERAGE('25.10.19 KISORO-CYANIKA-24h'!J18,'26.10 KISORO-CYANIKA'!J18,'27.10 KISORO-CYANIKA'!J18) -> 1 | ... N18: =AVERAGE('25.10.19 KISORO-CYANIKA-24h'!N18,'26.10 KISORO-CYANIKA'!N18,'27.10 KISORO-CYANIKA'!N18) -> 0 | O18: =SUM(C18:L18,N18) -> 3 | P18: =SUM(C18:N18) -> 24.666667 | R18: 1500-1600 | S18: =SUM(C42:C45) -> 13.333333 | T18: =SUM(D42:D45) -> 5 | U18: =SUM(E42:E45) -> 3 | V18: =SUM(F42:F45) -> 0.33333333 | W18: =SUM(G42:G45) -> 0 | X18: =SUM(H42:H45) -> 0 | Y18: =SUM(I42:I45) -> 1.6666667 | Z18: =SUM(J42:J45) -> 0.66666667 | ... AF18: =SUM(P42:P45) -> 183.33333
B19: 09.15 - 09.30 | C19: =AVERAGE('25.10.19 KISORO-CYANIKA-24h'!C19,'26.10 KISORO-CYANIKA'!C19,'27.10 KISORO-CYANIKA'!C19) -> 0 | D19: =AVERAGE('25.10.19 KISORO-CYANIKA-24h'!D19,'26.10 KISORO-CYANIKA'!D19,'27.10 KISORO-CYANIKA'!D19) -> 1.3333333 | E19: =AVERAGE('25.10.19 KISORO-CYANIKA-24h'!E19,'26.10 KISORO-CYANIKA'!E19,'27.10 KISORO-CYANIKA'!E19) -> 0.33333333 | F19: =AVERAGE('25.10.19 KISORO-CYANIKA-24h'!F19,'26.10 KISORO-CYANIKA'!F19,'27.10 KISORO-CYANIKA'!F19) -> 0.33333333 | G19: =AVERAGE('25.10.19 KISORO-CYANIKA-24h'!G19,'26.10 KISORO-CYANIKA'!G19,'27.10 KISORO-CYANIKA'!G19) -> 0 | H19: =AVERAGE('25.10.19 KISORO-CYANIKA-24h'!H19,'26.10 KISORO-CYANIKA'!H19,'27.10 KISORO-CYANIKA'!H19) -> 0 | I19: =AVERAGE('25.10.19 KISORO-CYANIKA-24h'!I19,'26.10 KISORO-CYANIKA'!I19,'27.10 KISORO-CYANIKA'!I19) -> 0.33333333 | J19: =AVERAGE('25.10.19 KISORO-CYANIKA-24h'!J19,'26.10 KISORO-CYANIKA'!J19,'27.10 KISORO-CYANIKA'!J19) -> 0 | ... N19: =AVERAGE('25.10.19 KISORO-CYANIKA-24h'!N19,'26.10 KISORO-CYANIKA'!N19,'27.10 KISORO-CYANIKA'!N19) -> 0 | O19: =SUM(C19:L19,N19) -> 2.3333333 | P19: =SUM(C19:N19) -> 23.666667 | R19: 1600-1700 | S19: =SUM(C46:C49) -> 11 | T19: =SUM(D46:D49) -> 7 | U19: =SUM(E46:E49) -> 2.6666667 | V19: =SUM(F46:F49) -> 0.33333333 | W19: =SUM(G46:G49) -> 0 | X19: =SUM(H46:H49) -> 0 | Y19: =SUM(I46:I49) -> 1.3333333 | Z19: =SUM(J46:J49) -> 0.66666667 | ... AF19: =SUM(P46:P49) -> 194.66667
B20: 09.30 - 09.45 | C20: =AVERAGE('25.10.19 KISORO-CYANIKA-24h'!C20,'26.10 KISORO-CYANIKA'!C20,'27.10 KISORO-CYANIKA'!C20) -> 0.66666667 | D20: =AVERAGE('25.10.19 KISORO-CYANIKA-24h'!D20,'26.10 KISORO-CYANIKA'!D20,'27.10 KISORO-CYANIKA'!D20) -> 0.66666667 | E20: =AVERAGE('25.10.19 KISORO-CYANIKA-24h'!E20,'26.10 KISORO-CYANIKA'!E20,'27.10 KISORO-CYANIKA'!E20) -> 1 | F20: =AVERAGE('25.10.19 KISORO-CYANIKA-24h'!F20,'26.10 KISORO-CYANIKA'!F20,'27.10 KISORO-CYANIKA'!F20) -> 0 | G20: =AVERAGE('25.10.19 KISORO-CYANIKA-24h'!G20,'26.10 KISORO-CYANIKA'!G20,'27.10 KISORO-CYANIKA'!G20) -> 0 | H20: =AVERAGE('25.10.19 KISORO-CYANIKA-24h'!H20,'26.10 KISORO-CYANIKA'!H20,'27.10 KISORO-CYANIKA'!H20) -> 0 | I20: =AVERAGE('25.10.19 KISORO-CYANIKA-24h'!I20,'26.10 KISORO-CYANIKA'!I20,'27.10 KISORO-CYANIKA'!I20) -> 0 | J20: =AVERAGE('25.10.19 KISORO-CYANIKA-24h'!J20,'26.10 KISORO-CYANIKA'!J20,'27.10 KISORO-CYANIKA'!J20) -> 1.3333333 | ... N20: =AVERAGE('25.10.19 KISORO-CYANIKA-24h'!N20,'26.10 KISORO-CYANIKA'!N20,'27.10 KISORO-CYANIKA'!N20) -> 0 | O20: =SUM(C20:L20,N20) -> 3.6666667 | P20: =SUM(C20:N20) -> 30.666667 | R20: 1700-1800 | S20: =SUM(C50:C53) -> 7.6666667 | T20: =SUM(D50:D53) -> 4 | U20: =SUM(E50:E53) -> 4 | V20: =SUM(F50:F53) -> 0.33333333 | W20: =SUM(G50:G53) -> 0 | X20: =SUM(H50:H53) -> 0 | Y20: =SUM(I50:I53) -> 2 | Z20: =SUM(J50:J53) -> 1 | ... AF20: =SUM(P50:P53) -> 197.33333
B21: 09.45 - 10.00 | C21: =AVERAGE('25.10.19 KISORO-CYANIKA-24h'!C21,'26.10 KISORO-CYANIKA'!C21,'27.10 KISORO-CYANIKA'!C21) -> 0.33333333 | D21: =AVERAGE('25.10.19 KISORO-CYANIKA-24h'!D21,'26.10 KISORO-CYANIKA'!D21,'27.10 KISORO-CYANIKA'!D21) -> 0.66666667 | E21: =AVERAGE('25.10.19 KISORO-CYANIKA-24h'!E21,'26.10 KISORO-CYANIKA'!E21,'27.10 KISORO-CYANIKA'!E21) -> 0.33333333 | F21: =AVERAGE('25.10.19 KISORO-CYANIKA-24h'!F21,'26.10 KISORO-CYANIKA'!F21,'27.10 KISORO-CYANIKA'!F21) -> 0 | G21: =AVERAGE('25.10.19 KISORO-CYANIKA-24h'!G21,'26.10 KISORO-CYANIKA'!G21,'27.10 KISORO-CYANIKA'!G21) -> 0 | H21: =AVERAGE('25.10.19 KISORO-CYANIKA-24h'!H21,'26.10 KISORO-CYANIKA'!H21,'27.10 KISORO-CYANIKA'!H21) -> 0 | I21: =AVERAGE('25.10.19 KISORO-CYANIKA-24h'!I21,'26.10 KISORO-CYANIKA'!I21,'27.10 KISORO-CYANIKA'!I21) -> 0.33333333 | J21: =AVERAGE('25.10.19 KISORO-CYANIKA-24h'!J21,'26.10 KISORO-CYANIKA'!J21,'27.10 KISORO-CYANIKA'!J21) -> 1.3333333 | ... N21: =AVERAGE('25.10.19 KISORO-CYANIKA-24h'!N21,'26.10 KISORO-CYANIKA'!N21,'27.10 KISORO-CYANIKA'!N21) -> 0 | O21: =SUM(C21:L21,N21) -> 3 | P21: =SUM(C21:N21) -> 36 | R21: 1800-1900 | S21: =SUM(C54:C57) -> 11 | T21: =SUM(D54:D57) -> 6 | U21: =SUM(E54:E57) -> 4.6666667 | V21: =SUM(F54:F57) -> 0.66666667 | W21: =SUM(G54:G57) -> 0 | X21: =SUM(H54:H57) -> 0 | Y21: =SUM(I54:I57) -> 1.6666667 | Z21: =SUM(J54:J57) -> 1.6666667 | ... AF21: =SUM(P54:P57) -> 206.33333
B22: 10.00 - 10.15 | C22: =AVERAGE('25.10.19 KISORO-CYANIKA-24h'!C22,'26.10 KISORO-CYANIKA'!C22,'27.10 KISORO-CYANIKA'!C22) -> 1.3333333 | D22: =AVERAGE('25.10.19 KISORO-CYANIKA-24h'!D22,'26.10 KISORO-CYANIKA'!D22,'27.10 KISORO-CYANIKA'!D22) -> 0.33333333 | E22: =AVERAGE('25.10.19 KISORO-CYANIKA-24h'!E22,'26.10 KISORO-CYANIKA'!E22,'27.10 KISORO-CYANIKA'!E22) -> 1.3333333 | F22: =AVERAGE('25.10.19 KISORO-CYANIKA-24h'!F22,'26.10 KISORO-CYANIKA'!F22,'27.10 KISORO-CYANIKA'!F22) -> 0 | G22: =AVERAGE('25.10.19 KISORO-CYANIKA-24h'!G22,'26.10 KISORO-CYANIKA'!G22,'27.10 KISORO-CYANIKA'!G22) -> 0 | H22: =AVERAGE('25.10.19 KISORO-CYANIKA-24h'!H22,'26.10 KISORO-CYANIKA'!H22,'27.10 KISORO-CYANIKA'!H22) -> 0 | I22: =AVERAGE('25.10.19 KISORO-CYANIKA-24h'!I22,'26.10 KISORO-CYANIKA'!I22,'27.10 KISORO-CYANIKA'!I22) -> 0.66666667 | J22: =AVERAGE('25.10.19 KISORO-CYANIKA-24h'!J22,'26.10 KISORO-CYANIKA'!J22,'27.10 KISORO-CYANIKA'!J22) -> 0 | ... N22: =AVERAGE('25.10.19 KISORO-CYANIKA-24h'!N22,'26.10 KISORO-CYANIKA'!N22,'27.10 KISORO-CYANIKA'!N22) -> 0 | O22: =SUM(C22:L22,N22) -> 4 | P22: =SUM(C22:N22) -> 32.666667 | R22: 1900-2000 | S22: =SUM(C58:C61) -> 16 | T22: =SUM(D58:D61) -> 3 | U22: =SUM(E58:E61) -> 5 | V22: =SUM(F58:F61) -> 1 | W22: =SUM(G58:G61) -> 0 | X22: =SUM(H58:H61) -> 0 | Y22: =SUM(I58:I61) -> 4 | Z22: =SUM(J58:J61) -> 2 | ... AF22: =SUM(P58:P61) -> 243
B23: 10.15 - 10.30 | C23: =AVERAGE('25.10.19 KISORO-CYANIKA-24h'!C23,'26.10 KISORO-CYANIKA'!C23,'27.10 KISORO-CYANIKA'!C23) -> 2.3333333 | D23: =AVERAGE('25.10.19 KISORO-CYANIKA-24h'!D23,'26.10 KISORO-CYANIKA'!D23,'27.10 KISORO-CYANIKA'!D23) -> 0 | E23: =AVERAGE('25.10.19 KISORO-CYANIKA-24h'!E23,'26.10 KISORO-CYANIKA'!E23,'27.10 KISORO-CYANIKA'!E23) -> 0 | F23: =AVERAGE('25.10.19 KISORO-CYANIKA-24h'!F23,'26.10 KISORO-CYANIKA'!F23,'27.10 KISORO-CYANIKA'!F23) -> 0 | G23: =AVERAGE('25.10.19 KISORO-CYANIKA-24h'!G23,'26.10 KISORO-CYANIKA'!G23,'27.10 KISORO-CYANIKA'!G23) -> 0.33333333 | H23: =AVERAGE('25.10.19 KISORO-CYANIKA-24h'!H23,'26.10 KISORO-CYANIKA'!H23,'27.10 KISORO-CYANIKA'!H23) -> 0 | I23: =AVERAGE('25.10.19 KISORO-CYANIKA-24h'!I23,'26.10 KISORO-CYANIKA'!I23,'27.10 KISORO-CYANIKA'!I23) -> 0 | J23: =AVERAGE('25.10.19 KISORO-CYANIKA-24h'!J23,'26.10 KISORO-CYANIKA'!J23,'27.10 KISORO-CYANIKA'!J23) -> 0.66666667 | ... N23: =AVERAGE('25.10.19 KISORO-CYANIKA-24h'!N23,'26.10 KISORO-CYANIKA'!N23,'27.10 KISORO-CYANIKA'!N23) -> 0 | O23: =SUM(C23:L23,N23) -> 3.3333333 | P23: =SUM(C23:N23) -> 38.666667 | R23: 2000-2100 | S23: =SUM(C62:C65) -> 13 | T23: =SUM(D62:D65) -> 1 | U23: =SUM(E62:E65) -> 3 | V23: =SUM(F62:F65) -> 1 | W23: =SUM(G62:G65) -> 0 | X23: =SUM(H62:H65) -> 0 | Y23: =SUM(I62:I65) -> 0 | Z23: =SUM(J62:J65) -> 0 | ... AF23: =SUM(P62:P65) -> 116
B24: 10.30 - 10.45 | C24: =AVERAGE('25.10.19 KISORO-CYANIKA-24h'!C24,'26.10 KISORO-CYANIKA'!C24,'27.10 KISORO-CYANIKA'!C24) -> 2.3333333 | D24: =AVERAGE('25.10.19 KISORO-CYANIKA-24h'!D24,'26.10 KISORO-CYANIKA'!D24,'27.10 KISORO-CYANIKA'!D24) -> 1 | E24: =AVERAGE('25.10.19 KISORO-CYANIKA-24h'!E24,'26.10 KISORO-CYANIKA'!E24,'27.10 KISORO-CYANIKA'!E24) -> 1 | F24: =AVERAGE('25.10.19 KISORO-CYANIKA-24h'!F24,'26.10 KISORO-CYANIKA'!F24,'27.10 KISORO-CYANIKA'!F24) -> 0.66666667 | G24: =AVERAGE('25.10.19 KISORO-CYANIKA-24h'!G24,'26.10 KISORO-CYANIKA'!G24,'27.10 KISORO-CYANIKA'!G24) -> 0 | H24: =AVERAGE('25.10.19 KISORO-CYANIKA-24h'!H24,'26.10 KISORO-CYANIKA'!H24,'27.10 KISORO-CYANIKA'!H24) -> 0 | I24: =AVERAGE('25.10.19 KISORO-CYANIKA-24h'!I24,'26.10 KISORO-CYANIKA'!I24,'27.10 KISORO-CYANIKA'!I24) -> 0.66666667 | J24: =AVERAGE('25.10.19 KISORO-CYANIKA-24h'!J24,'26.10 KISORO-CYANIKA'!J24,'27.10 KISORO-CYANIKA'!J24) -> 1 | ... N24: =AVERAGE('25.10.19 KISORO-CYANIKA-24h'!N24,'26.10 KISORO-CYANIKA'!N24,'27.10 KISORO-CYANIKA'!N24) -> 0 | O24: =SUM(C24:L24,N24) -> 6.6666667 | P24: =SUM(C24:N24) -> 40.333333 | R24: 2100-2200 | S24: =SUM(C66:C69) -> 20 | T24: =SUM(D66:D69) -> 6 | U24: =SUM(E66:E69) -> 1 | V24: =SUM(F66:F69) -> 1 | W24: =SUM(G66:G69) -> 0 | X24: =SUM(H66:H69) -> 0 | Y24: =SUM(I66:I69) -> 0 | Z24: =SUM(J66:J69) -> 0 | ... AF24: =SUM(P66:P69) -> 79
B25: 10.45 - 11.00 | C25: =AVERAGE('25.10.19 KISORO-CYANIKA-24h'!C25,'26.10 KISORO-CYANIKA'!C25,'27.10 KISORO-CYANIKA'!C25) -> 2.6666667 | D25: =AVERAGE('25.10.19 KISORO-CYANIKA-24h'!D25,'26.10 KISORO-CYANIKA'!D25,'27.10 KISORO-CYANIKA'!D25) -> 0.33333333 | E25: =AVERAGE('25.10.19 KISORO-CYANIKA-24h'!E25,'26.10 KISORO-CYANIKA'!E25,'27.10 KISORO-CYANIKA'!E25) -> 0.66666667 | F25: =AVERAGE('25.10.19 KISORO-CYANIKA-24h'!F25,'26.10 KISORO-CYANIKA'!F25,'27.10 KISORO-CYANIKA'!F25) -> 0.33333333 | G25: =AVERAGE('25.10.19 KISORO-CYANIKA-24h'!G25,'26.10 KISORO-CYANIKA'!G25,'27.10 KISORO-CYANIKA'!G25) -> 0 | H25: =AVERAGE('25.10.19 KISORO-CYANIKA-24h'!H25,'26.10 KISORO-CYANIKA'!H25,'27.10 KISORO-CYANIKA'!H25) -> 0 | I25: =AVERAGE('25.10.19 KISORO-CYANIKA-24h'!I25,'26.10 KISORO-CYANIKA'!I25,'27.10 KISORO-CYANIKA'!I25) -> 0.66666667 | J25: =AVERAGE('25.10.19 KISORO-CYANIKA-24h'!J25,'26.10 KISORO-CYANIKA'!J25,'27.10 KISORO-CYANIKA'!J25) -> 1.3333333 | ... N25: =AVERAGE('25.10.19 KISORO-CYANIKA-24h'!N25,'26.10 KISORO-CYANIKA'!N25,'27.10 KISORO-CYANIKA'!N25) -> 0 | O25: =SUM(C25:L25,N25) -> 6 | P25: =SUM(C25:N25) -> 40 | R25: 2200-2300 | S25: =SUM(C70:C73) -> 18 | T25: =SUM(D70:D73) -> 2 | U25: =SUM(E70:E73) -> 2 | V25: =SUM(F70:F73) -> 0 | W25: =SUM(G70:G73) -> 0 | X25: =SUM(H70:H73) -> 0 | Y25: =SUM(I70:I73) -> 0 | Z25: =SUM(J70:J73) -> 0 | ... AF25: =SUM(P70:P73) -> 50
B26: 11.00 - 11.15 | C26: =AVERAGE('25.10.19 KISORO-CYANIKA-24h'!C26,'26.10 KISORO-CYANIKA'!C26,'27.10 KISORO-CYANIKA'!C26) -> 2 | D26: =AVERAGE('25.10.19 KISORO-CYANIKA-24h'!D26,'26.10 KISORO-CYANIKA'!D26,'27.10 KISORO-CYANIKA'!D26) -> 1 | E26: =AVERAGE('25.10.19 KISORO-CYANIKA-24h'!E26,'26.10 KISORO-CYANIKA'!E26,'27.10 KISORO-CYANIKA'!E26) -> 0.33333333 | F26: =AVERAGE('25.10.19 KISORO-CYANIKA-24h'!F26,'26.10 KISORO-CYANIKA'!F26,'27.10 KISORO-CYANIKA'!F26) -> 0 | G26: =AVERAGE('25.10.19 KISORO-CYANIKA-24h'!G26,'26.10 KISORO-CYANIKA'!G26,'27.10 KISORO-CYANIKA'!G26) -> 0 | H26: =AVERAGE('25.10.19 KISORO-CYANIKA-24h'!H26,'26.10 KISORO-CYANIKA'!H26,'27.10 KISORO-CYANIKA'!H26) -> 0 | I26: =AVERAGE('25.10.19 KISORO-CYANIKA-24h'!I26,'26.10 KISORO-CYANIKA'!I26,'27.10 KISORO-CYANIKA'!I26) -> 0.33333333 | J26: =AVERAGE('25.10.19 KISORO-CYANIKA-24h'!J26,'26.10 KISORO-CYANIKA'!J26,'27.10 KISORO-CYANIKA'!J26) -> 0 | ... N26: =AVERAGE('25.10.19 KISORO-CYANIKA-24h'!N26,'26.10 KISORO-CYANIKA'!N26,'27.10 KISORO-CYANIKA'!N26) -> 0 | O26: =SUM(C26:L26,N26) -> 3.6666667 | P26: =SUM(C26:N26) -> 36.333333 | R26: 2300-0000 | S26: =SUM(C74:C77) -> 3 | T26: =SUM(D74:D77) -> 1 | U26: =SUM(E74:E77) -> 0 | V26: =SUM(F74:F77) -> 0 | W26: =SUM(G74:G77) -> 0 | X26: =SUM(H74:H77) -> 0 | Y26: =SUM(I74:I77) -> 0 | Z26: =SUM(J74:J77) -> 0 | ... AF26: =SUM(P74:P77) -> 15
B27: 11.15 - 11.30 | C27: =AVERAGE('25.10.19 KISORO-CYANIKA-24h'!C27,'26.10 KISORO-CYANIKA'!C27,'27.10 KISORO-CYANIKA'!C27) -> 1.6666667 | D27: =AVERAGE('25.10.19 KISORO-CYANIKA-24h'!D27,'26.10 KISORO-CYANIKA'!D27,'27.10 KISORO-CYANIKA'!D27) -> 0.66666667 | E27: =AVERAGE('25.10.19 KISORO-CYANIKA-24h'!E27,'26.10 KISORO-CYANIKA'!E27,'27.10 KISORO-CYANIKA'!E27) -> 0 | F27: =AVERAGE('25.10.19 KISORO-CYANIKA-24h'!F27,'26.10 KISORO-CYANIKA'!F27,'27.10 KISORO-CYANIKA'!F27) -> 0 | G27: =AVERAGE('25.10.19 KISORO-CYANIKA-24h'!G27,'26.10 KISORO-CYANIKA'!G27,'27.10 KISORO-CYANIKA'!G27) -> 0 | H27: =AVERAGE('25.10.19 KISORO-CYANIKA-24h'!H27,'26.10 KISORO-CYANIKA'!H27,'27.10 KISORO-CYANIKA'!H27) -> 0.33333333 | I27: =AVERAGE('25.10.19 KISORO-CYANIKA-24h'!I27,'26.10 KISORO-CYANIKA'!I27,'27.10 KISORO-CYANIKA'!I27) -> 0.66666667 | J27: =AVERAGE('25.10.19 KISORO-CYANIKA-24h'!J27,'26.10 KISORO-CYANIKA'!J27,'27.10 KISORO-CYANIKA'!J27) -> 0.33333333 | ... N27: =AVERAGE('25.10.19 KISORO-CYANIKA-24h'!N27,'26.10 KISORO-CYANIKA'!N27,'27.10 KISORO-CYANIKA'!N27) -> 0 | O27: =SUM(C27:L27,N27) -> 3.6666667 | P27: =SUM(C27:N27) -> 43 | R27: 0000-0100 | S27: =SUM(C78:C81) -> 2 | T27: =SUM(D78:D81) -> 0 | U27: =SUM(E78:E81) -> 0 | V27: =SUM(F78:F81) -> 0 | W27: =SUM(G78:G81) -> 0 | X27: =SUM(H78:H81) -> 0 | Y27: =SUM(I78:I81) -> 0 | Z27: =SUM(J78:J81) -> 0 | ... AF27: =SUM(P78:P81) -> 4
B28: 11.30 - 11.45 | C28: =AVERAGE('25.10.19 KISORO-CYANIKA-24h'!C28,'26.10 KISORO-CYANIKA'!C28,'27.10 KISORO-CYANIKA'!C28) -> 3 | D28: =AVERAGE('25.10.19 KISORO-CYANIKA-24h'!D28,'26.10 KISORO-CYANIKA'!D28,'27.10 KISORO-CYANIKA'!D28) -> 1.3333333 | E28: =AVERAGE('25.10.19 KISORO-CYANIKA-24h'!E28,'26.10 KISORO-CYANIKA'!E28,'27.10 KISORO-CYANIKA'!E28) -> 1 | F28: =AVERAGE('25.10.19 KISORO-CYANIKA-24h'!F28,'26.10 KISORO-CYANIKA'!F28,'27.10 KISORO-CYANIKA'!F28) -> 0.33333333 | G28: =AVERAGE('25.10.19 KISORO-CYANIKA-24h'!G28,'26.10 KISORO-CYANIKA'!G28,'27.10 KISORO-CYANIKA'!G28) -> 0 | H28: =AVERAGE('25.10.19 KISORO-CYANIKA-24h'!H28,'26.10 KISORO-CYANIKA'!H28,'27.10 KISORO-CYANIKA'!H28) -> 0 | I28: =AVERAGE('25.10.19 KISORO-CYANIKA-24h'!I28,'26.10 KISORO-CYANIKA'!I28,'27.10 KISORO-CYANIKA'!I28) -> 0.33333333 | J28: =AVERAGE('25.10.19 KISORO-CYANIKA-24h'!J28,'26.10 KISORO-CYANIKA'!J28,'27.10 KISORO-CYANIKA'!J28) -> 0 | ... N28: =AVERAGE('25.10.19 KISORO-CYANIKA-24h'!N28,'26.10 KISORO-CYANIKA'!N28,'27.10 KISORO-CYANIKA'!N28) -> 0 | O28: =SUM(C28:L28,N28) -> 6 | P28: =SUM(C28:N28) -> 39.666667 | R28: 0100-0200 | S28: =SUM(C82:C85) -> 0 | T28: =SUM(D82:D85) -> 1 | U28: =SUM(E82:E85) -> 0 | V28: =SUM(F82:F85) -> 0 | W28: =SUM(G82:G85) -> 0 | X28: =SUM(H82:H85) -> 0 | Y28: =SUM(I82:I85) -> 0 | Z28: =SUM(J82:J85) -> 0 | ... AF28: =SUM(P82:P85) -> 2
B29: 11.45 - 12.00 | C29: =AVERAGE('25.10.19 KISORO-CYANIKA-24h'!C29,'26.10 KISORO-CYANIKA'!C29,'27.10 KISORO-CYANIKA'!C29) -> 3.3333333 | D29: =AVERAGE('25.10.19 KISORO-CYANIKA-24h'!D29,'26.10 KISORO-CYANIKA'!D29,'27.10 KISORO-CYANIKA'!D29) -> 1 | E29: =AVERAGE('25.10.19 KISORO-CYANIKA-24h'!E29,'26.10 KISORO-CYANIKA'!E29,'27.10 KISORO-CYANIKA'!E29) -> 0.66666667 | F29: =AVERAGE('25.10.19 KISORO-CYANIKA-24h'!F29,'26.10 KISORO-CYANIKA'!F29,'27.10 KISORO-CYANIKA'!F29) -> 0 | G29: =AVERAGE('25.10.19 KISORO-CYANIKA-24h'!G29,'26.10 KISORO-CYANIKA'!G29,'27.10 KISORO-CYANIKA'!G29) -> 0 | H29: =AVERAGE('25.10.19 KISORO-CYANIKA-24h'!H29,'26.10 KISORO-CYANIKA'!H29,'27.10 KISORO-CYANIKA'!H29) -> 0 | I29: =AVERAGE('25.10.19 KISORO-CYANIKA-24h'!I29,'26.10 KISORO-CYANIKA'!I29,'27.10 KISORO-CYANIKA'!I29) -> 0.66666667 | J29: =AVERAGE('25.10.19 KISORO-CYANIKA-24h'!J29,'26.10 KISORO-CYANIKA'!J29,'27.10 KISORO-CYANIKA'!J29) -> 0.33333333 | ... N29: =AVERAGE('25.10.19 KISORO-CYANIKA-24h'!N29,'26.10 KISORO-CYANIKA'!N29,'27.10 KISORO-CYANIKA'!N29) -> 0 | O29: =SUM(C29:L29,N29) -> 6 | P29: =SUM(C29:N29) -> 39.333333 | R29: 0200-0300 | S29: =SUM(C86:C89) -> 0 | T29: =SUM(D86:D89) -> 0 | U29: =SUM(E86:E89) -> 0 | V29: =SUM(F86:F89) -> 0 | W29: =SUM(G86:G89) -> 0 | X29: =SUM(H86:H89) -> 0 | Y29: =SUM(I86:I89) -> 0 | Z29: =SUM(J86:J89) -> 1 | ... AF29: =SUM(P86:P89) -> 1
B30: 12.00 - 12.15 | C30: =AVERAGE('25.10.19 KISORO-CYANIKA-24h'!C30,'26.10 KISORO-CYANIKA'!C30,'27.10 KISORO-CYANIKA'!C30) -> 0.66666667 | D30: =AVERAGE('25.10.19 KISORO-CYANIKA-24h'!D30,'26.10 KISORO-CYANIKA'!D30,'27.10 KISORO-CYANIKA'!D30) -> 1 | E30: =AVERAGE('25.10.19 KISORO-CYANIKA-24h'!E30,'26.10 KISORO-CYANIKA'!E30,'27.10 KISORO-CYANIKA'!E30) -> 2 | F30: =AVERAGE('25.10.19 KISORO-CYANIKA-24h'!F30,'26.10 KISORO-CYANIKA'!F30,'27.10 KISORO-CYANIKA'!F30) -> 0 | G30: =AVERAGE('25.10.19 KISORO-CYANIKA-24h'!G30,'26.10 KISORO-CYANIKA'!G30,'27.10 KISORO-CYANIKA'!G30) -> 0 | H30: =AVERAGE('25.10.19 KISORO-CYANIKA-24h'!H30,'26.10 KISORO-CYANIKA'!H30,'27.10 KISORO-CYANIKA'!H30) -> 0 | I30: =AVERAGE('25.10.19 KISORO-CYANIKA-24h'!I30,'26.10 KISORO-CYANIKA'!I30,'27.10 KISORO-CYANIKA'!I30) -> 1 | J30: =AVERAGE('25.10.19 KISORO-CYANIKA-24h'!J30,'26.10 KISORO-CYANIKA'!J30,'27.10 KISORO-CYANIKA'!J30) -> 0.66666667 | ... N30: =AVERAGE('25.10.19 KISORO-CYANIKA-24h'!N30,'26.10 KISORO-CYANIKA'!N30,'27.10 KISORO-CYANIKA'!N30) -> 0 | O30: =SUM(C30:L30,N30) -> 5.3333333 | P30: =SUM(C30:N30) -> 41.333333 | R30: 0300-0400 | S30: =SUM(C90:C93) -> 0 | T30: =SUM(D90:D93) -> 0 | U30: =SUM(E90:E93) -> 0 | V30: =SUM(F90:F93) -> 0 | W30: =SUM(G90:G93) -> 0 | X30: =SUM(H90:H93) -> 0 | Y30: =SUM(I90:I93) -> 0 | Z30: =SUM(J90:J93) -> 0 | ... AF30: =SUM(P90:P93) -> 0
