Workbook

Sheet 29.07 Pakwach-Karuma
B1: Consultancy services for Preparation of Expressway Development Master Plan (EDMP) for Uganda
B2: MANUAL CLASSIFIED COUNT (MCC)
B3: ROAD NAME: | C3: MCC - C5 - STN115 - KARUMA-PAKWACH ROAD
C5: Date | D5: 29.07.19 | F5: Location | G5: xxx | J5: Surveyor | K5: xxx
C6: Dir. From | D6: pakwach | F6: Dir. To | G6: karuma | J6: Supervisor | K6: xxx
B8: Time / Veh Type | R8: SUMMARY TRAFFIC VOLUMES
C9: 1. Car | D9: 2. Station Wagon | E9: 3. Pickups | F9: 4. Minibus, matatu | G9: 5. Medium bus | H9: 6. Large Bus | I9: 7. Light Truck | J9: 8. Medium Truck | K9: 9. Heavy truck | L9: 10. Truck Trailer | M9: 11. Motor cycles | N9: 12. Tractors | O9: Total Excl M/Cycles | P9: Total All | R9: Time | S9: 1. Car | T9: 2. Station Wagon | U9: 3. Pickups | V9: 4. Minibus, matatu | W9: 5. Medium bus | X9: 6. Large Bus | Y9: 7. Light Truck | Z9: 8. Medium Truck | AA9: 9. Heavy truck | AB9: 10. Truck Trailer | AC9: 11. Motorcycles | AD9: 12. Tractors, Graders | AE9: Total Excl M/ Cycles | AF9: Total All
B10: 07.00 - 07.15 | C10: 0 | D10: 0 | E10: 1 | F10: 0 | G10: 0 | H10: 0 | I10: 0 | J10: 0 | K10: 0 | L10: 0 | M10: 2 | N10: 0 | O10: =SUM(C10:L10,N10) -> 1 | P10: =SUM(C10:N10) -> 3 | R10: 0700-0800 | S10: =SUM(C10:C13) -> 0 | T10: =SUM(D10:D13) -> 1 | U10: =SUM(E10:E13) -> 4 | V10: =SUM(F10:F13) -> 0 | W10: =SUM(G10:G13) -> 0 | X10: =SUM(H10:H13) -> 0 | Y10: =SUM(I10:I13) -> 0 | Z10: =SUM(J10:J13) -> 0 | ... AF10: =SUM(P10:P13) -> 17
B11: 07.15 - 07.30 | C11: 0 | D11: 1 | E11: 2 | F11: 0 | G11: 0 | H11: 0 | I11: 0 | J11: 0 | K11: 1 | L11: 1 | M11: 3 | N11: 0 | O11: =SUM(C11:L11,N11) -> 5 | P11: =SUM(C11:N11) -> 8 | R11: 0800-0900 | S11: =SUM(C14:C17) -> 1 | T11: =SUM(D14:D17) -> 1 | U11: =SUM(E14:E17) -> 4 | V11: =SUM(F14:F17) -> 0 | W11: =SUM(G14:G17) -> 3 | X11: =SUM(H14:H17) -> 0 | Y11: =SUM(I14:I17) -> 4 | Z11: =SUM(J14:J17) -> 2 | ... AF11: =SUM(P14:P17) -> 53
B12: 07.30 - 07.45 | C12: 0 | D12: 0 | E12: 1 | F12: 0 | G12: 0 | H12: 0 | I12: 0 | J12: 0 | K12: 0 | L12: 0 | M12: 2 | N12: 0 | O12: =SUM(C12:L12,N12) -> 1 | P12: =SUM(C12:N12) -> 3 | R12: 0900-1000 | S12: =SUM(C18:C21) -> 6 | T12: =SUM(D18:D21) -> 0 | U12: =SUM(E18:E21) -> 5 | V12: =SUM(F18:F21) -> 0 | W12: =SUM(G18:G21) -> 5 | X12: =SUM(H18:H21) -> 0 | Y12: =SUM(I18:I21) -> 3 | Z12: =SUM(J18:J21) -> 1 | ... AF12: =SUM(P18:P21) -> 58
B13: 07.45 - 08.00 | C13: 0 | D13: 0 | E13: 0 | F13: 0 | G13: 0 | H13: 0 | I13: 0 | J13: 0 | K13: 1 | L13: 0 | M13: 2 | N13: 0 | O13: =SUM(C13:L13,N13) -> 1 | P13: =SUM(C13:N13) -> 3 | R13: 1000-1100 | S13: =SUM(C22:C25) -> 3 | T13: =SUM(D22:D25) -> 1 | U13: =SUM(E22:E25) -> 6 | V13: =SUM(F22:F25) -> 0 | W13: =SUM(G22:G25) -> 5 | X13: =SUM(H22:H25) -> 0 | Y13: =SUM(I22:I25) -> 3 | Z13: =SUM(J22:J25) -> 2 | ... AF13: =SUM(P22:P25) -> 37
B14: 08.00 - 08.15 | C14: 0 | D14: 0 | E14: 0 | F14: 0 | G14: 0 | H14: 0 | I14: 1 | J14: 0 | K14: 1 | L14: 3 | M14: 4 | N14: 0 | O14: =SUM(C14:L14,N14) -> 5 | P14: =SUM(C14:N14) -> 9 | R14: 1100-1200 | S14: =SUM(C26:C29) -> 4 | T14: =SUM(D26:D29) -> 5 | U14: =SUM(E26:E29) -> 13 | V14: =SUM(F26:F29) -> 1 | W14: =SUM(G26:G29) -> 12 | X14: =SUM(H26:H29) -> 1 | Y14: =SUM(I26:I29) -> 2 | Z14: =SUM(J26:J29) -> 3 | ... AF14: =SUM(P26:P29) -> 74
B15: 08.15 - 08.30 | C15: 0 | D15: 0 | E15: 1 | F15: 0 | G15: 1 | H15: 0 | I15: 2 | J15: 0 | K15: 1 | L15: 1 | M15: 7 | N15: 1 | O15: =SUM(C15:L15,N15) -> 7 | P15: =SUM(C15:N15) -> 14 | R15: 1200-1300 | S15: =SUM(C30:C33) -> 3 | T15: =SUM(D30:D33) -> 1 | U15: =SUM(E30:E33) -> 8 | V15: =SUM(F30:F33) -> 1 | W15: =SUM(G30:G33) -> 4 | X15: =SUM(H30:H33) -> 0 | Y15: =SUM(I30:I33) -> 0 | Z15: =SUM(J30:J33) -> 1 | ... AF15: =SUM(P30:P33) -> 31
B16: 08.30 - 08.45 | C16: 0 | D16: 0 | E16: 1 | F16: 0 | G16: 0 | H16: 0 | I16: 0 | J16: 0 | K16: 1 | L16: 5 | M16: 3 | N16: 3 | O16: =SUM(C16:L16,N16) -> 10 | P16: =SUM(C16:N16) -> 13 | R16: 1300-1400 | S16: =SUM(C34:C37) -> 0 | T16: =SUM(D34:D37) -> 1 | U16: =SUM(E34:E37) -> 5 | V16: =SUM(F34:F37) -> 0 | W16: =SUM(G34:G37) -> 2 | X16: =SUM(H34:H37) -> 0 | Y16: =SUM(I34:I37) -> 1 | Z16: =SUM(J34:J37) -> 0 | ... AF16: =SUM(P34:P37) -> 19
B17: 08.45 - 9.00 | C17: 1 | D17: 1 | E17: 2 | F17: 0 | G17: 2 | H17: 0 | I17: 1 | J17: 2 | K17: 0 | L17: 1 | M17: 7 | N17: 0 | O17: =SUM(C17:L17,N17) -> 10 | P17: =SUM(C17:N17) -> 17 | R17: 1400-1500 | S17: =SUM(C38:C41) -> 2 | T17: =SUM(D38:D41) -> 2 | U17: =SUM(E38:E41) -> 10 | V17: =SUM(F38:F41) -> 0 | W17: =SUM(G38:G41) -> 5 | X17: =SUM(H38:H41) -> 3 | Y17: =SUM(I38:I41) -> 3 | Z17: =SUM(J38:J41) -> 0 | ... AF17: =SUM(P38:P41) -> 44
B18: 09.00 - 09.15 | C18: 2 | D18: 0 | E18: 0 | F18: 0 | G18: 1 | H18: 0 | I18: 0 | J18: 0 | K18: 0 | L18: 3 | M18: 8 | N18: 2 | O18: =SUM(C18:L18,N18) -> 8 | P18: =SUM(C18:N18) -> 16 | R18: 1500-1600 | S18: =SUM(C42:C45) -> 1 | T18: =SUM(D42:D45) -> 1 | U18: =SUM(E42:E45) -> 8 | V18: =SUM(F42:F45) -> 1 | W18: =SUM(G42:G45) -> 4 | X18: =SUM(H42:H45) -> 1 | Y18: =SUM(I42:I45) -> 1 | Z18: =SUM(J42:J45) -> 2 | ... AF18: =SUM(P42:P45) -> 43
B19: 09.15 - 09.30 | C19: 0 | D19: 0 | E19: 2 | F19: 0 | G19: 2 | H19: 0 | I19: 0 | J19: 0 | K19: 0 | L19: 1 | M19: 11 | N19: 0 | O19: =SUM(C19:L19,N19) -> 5 | P19: =SUM(C19:N19) -> 16 | R19: 1600-1700 | S19: =SUM(C46:C49) -> 5 | T19: =SUM(D46:D49) -> 6 | U19: =SUM(E46:E49) -> 13 | V19: =SUM(F46:F49) -> 0 | W19: =SUM(G46:G49) -> 7 | X19: =SUM(H46:H49) -> 1 | Y19: =SUM(I46:I49) -> 2 | Z19: =SUM(J46:J49) -> 1 | ... AF19: =SUM(P46:P49) -> 51
B20: 09.30 - 09.45 | C20: 1 | D20: 0 | E20: 2 | F20: 0 | G20: 0 | H20: 0 | I20: 2 | J20: 1 | K20: 0 | L20: 0 | M20: 9 | N20: 0 | O20: =SUM(C20:L20,N20) -> 6 | P20: =SUM(C20:N20) -> 15 | R20: 1700-1800 | S20: =SUM(C50:C53) -> 2 | T20: =SUM(D50:D53) -> 6 | U20: =SUM(E50:E53) -> 16 | V20: =SUM(F50:F53) -> 2 | W20: =SUM(G50:G53) -> 6 | X20: =SUM(H50:H53) -> 4 | Y20: =SUM(I50:I53) -> 2 | Z20: =SUM(J50:J53) -> 4 | ... AF20: =SUM(P50:P53) -> 72
B21: 09.45 - 10.00 | C21: 3 | D21: 0 | E21: 1 | F21: 0 | G21: 2 | H21: 0 | I21: 1 | J21: 0 | K21: 0 | L21: 1 | M21: 3 | N21: 0 | O21: =SUM(C21:L21,N21) -> 8 | P21: =SUM(C21:N21) -> 11 | R21: 1800-1900 | S21: =SUM(C54:C57) -> 0 | T21: =SUM(D54:D57) -> 0 | U21: =SUM(E54:E57) -> 8 | V21: =SUM(F54:F57) -> 0 | W21: =SUM(G54:G57) -> 8 | X21: =SUM(H54:H57) -> 2 | Y21: =SUM(I54:I57) -> 2 | Z21: =SUM(J54:J57) -> 1 | ... AF21: =SUM(P54:P57) -> 45
B22: 10.00 - 10.15 | C22: 1 | D22: 1 | E22: 3 | F22: 0 | G22: 0 | H22: 0 | I22: 1 | J22: 0 | K22: 0 | L22: 0 | M22: 2 | N22: 0 | O22: =SUM(C22:L22,N22) -> 6 | P22: =SUM(C22:N22) -> 8 | R22: AM Peak Hr | S22: =MAX(S10:S12) -> 6 | T22: =MAX(T10:T12) -> 1 | U22: =MAX(U10:U12) -> 5 | V22: =MAX(V10:V12) -> 0 | W22: =MAX(W10:W12) -> 5 | X22: =MAX(X10:X12) -> 0 | Y22: =MAX(Y10:Y12) -> 4 | Z22: =MAX(Z10:Z12) -> 2 | ... AF22: =MAX(AF10:AF12) -> 58
B23: 10.15 - 10.30 | C23: 2 | D23: 0 | E23: 2 | F23: 0 | G23: 2 | H23: 0 | I23: 0 | J23: 0 | K23: 0 | L23: 0 | M23: 3 | N23: 0 | O23: =SUM(C23:L23,N23) -> 6 | P23: =SUM(C23:N23) -> 9 | R23: IP Peak Hr | S23: =MAX(S13:S18) -> 4 | T23: =MAX(T13:T18) -> 5 | U23: =MAX(U13:U18) -> 13 | V23: =MAX(V13:V18) -> 1 | W23: =MAX(W13:W18) -> 12 | X23: =MAX(X13:X18) -> 3 | Y23: =MAX(Y13:Y18) -> 3 | Z23: =MAX(Z13:Z18) -> 3 | ... AF23: =MAX(AF13:AF18) -> 74
B24: 10.30 - 10.45 | C24: 0 | D24: 0 | E24: 1 | F24: 0 | G24: 0 | H24: 0 | I24: 0 | J24: 0 | K24: 0 | L24: 0 | M24: 4 | N24: 0 | O24: =SUM(C24:L24,N24) -> 1 | P24: =SUM(C24:N24) -> 5 | R24: PM Peak Hr | S24: =MAX(S19:S21) -> 5 | T24: =MAX(T19:T21) -> 6 | U24: =MAX(U19:U21) -> 16 | V24: =MAX(V19:V21) -> 2 | W24: =MAX(W19:W21) -> 8 | X24: =MAX(X19:X21) -> 4 | Y24: =MAX(Y19:Y21) -> 2 | Z24: =MAX(Z19:Z21) -> 4 | ... AF24: =MAX(AF19:AF21) -> 72
B25: 10.45 - 11.00 | C25: 0 | D25: 0 | E25: 0 | F25: 0 | G25: 3 | H25: 0 | I25: 2 | J25: 2 | K25: 0 | L25: 2 | M25: 6 | N25: 0 | O25: =SUM(C25:L25,N25) -> 9 | P25: =SUM(C25:N25) -> 15 | R25: AM Period | S25: =SUM(S10:S12) -> 7 | T25: =SUM(T10:T12) -> 2 | U25: =SUM(U10:U12) -> 13 | V25: =SUM(V10:V12) -> 0 | W25: =SUM(W10:W12) -> 8 | X25: =SUM(X10:X12) -> 0 | Y25: =SUM(Y10:Y12) -> 7 | Z25: =SUM(Z10:Z12) -> 3 | ... AF25: =SUM(AF10:AF12) -> 128
B26: 11.00 - 11.15 | C26: 2 | D26: 1 | E26: 2 | F26: 0 | G26: 2 | H26: 0 | I26: 1 | J26: 0 | K26: 1 | L26: 0 | M26: 12 | N26: 1 | O26: =SUM(C26:L26,N26) -> 10 | P26: =SUM(C26:N26) -> 22 | R26: IP Period | S26: =SUM(S13:S18) -> 13 | T26: =SUM(T13:T18) -> 11 | U26: =SUM(U13:U18) -> 50 | V26: =SUM(V13:V18) -> 3 | W26: =SUM(W13:W18) -> 32 | X26: =SUM(X13:X18) -> 5 | Y26: =SUM(Y13:Y18) -> 10 | Z26: =SUM(Z13:Z18) -> 8 | ... AF26: =SUM(AF13:AF18) -> 248
B27: 11.15 - 11.30 | C27: 2 | D27: 2 | E27: 4 | F27: 1 | G27: 2 | H27: 0 | I27: 1 | J27: 0 | K27: 0 | L27: 1 | M27: 9 | N27: 0 | O27: =SUM(C27:L27,N27) -> 13 | P27: =SUM(C27:N27) -> 22 | R27: PM Period | S27: =SUM(S19:S21) -> 7 | T27: =SUM(T19:T21) -> 12 | U27: =SUM(U19:U21) -> 37 | V27: =SUM(V19:V21) -> 2 | W27: =SUM(W19:W21) -> 21 | X27: =SUM(X19:X21) -> 7 | Y27: =SUM(Y19:Y21) -> 6 | Z27: =SUM(Z19:Z21) -> 6 | ... AF27: =SUM(AF19:AF21) -> 168
B28: 11.30 - 11.45 | C28: 0 | D28: 1 | E28: 4 | F28: 0 | G28: 3 | H28: 0 | I28: 0 | J28: 0 | K28: 0 | L28: 1 | M28: 3 | N28: 0 | O28: =SUM(C28:L28,N28) -> 9 | P28: =SUM(C28:N28) -> 12 | R28: 12 Hours | S28: =SUM(S10:S21) -> 27 | T28: =SUM(T10:T21) -> 25 | U28: =SUM(U10:U21) -> 100 | V28: =SUM(V10:V21) -> 5 | W28: =SUM(W10:W21) -> 61 | X28: =SUM(X10:X21) -> 12 | Y28: =SUM(Y10:Y21) -> 23 | Z28: =SUM(Z10:Z21) -> 17 | ... AF28: =SUM(AF10:AF21) -> 544
B29: 11.45 - 12.00 | C29: 0 | D29: 1 | E29: 3 | F29: 0 | G29: 5 | H29: 1 | I29: 0 | J29: 3 | K29: 0 | L29: 0 | M29: 5 | N29: 0 | O29: =SUM(C29:L29,N29) -> 13 | P29: =SUM(C29:N29) -> 18
B30: 12.00 - 12.15 | C30: 0 | D30: 0 | E30: 2 | F30: 0 | G30: 0 | H30: 0 | I30: 0 | J30: 0 | K30: 0 | L30: 0 | M30: 4 | N30: 0 | O30: =SUM(C30:L30,N30) -> 2 | P30: =SUM(C30:N30) -> 6
B31: 12.15 - 12.30 | C31: 1 | D31: 0 | E31: 2 | F31: 1 | G31: 0 | H31: 0 | I31: 0 | J31: 0 | K31: 0 | L31: 0 | M31: 3 | N31: 0 | O31: =SUM(C31:L31,N31) -> 4 | P31: =SUM(C31:N31) -> 7
B32: 12.30 - 12.45 | C32: 1 | D32: 0 | E32: 2 | F32: 0 | G32: 1 | H32: 0 | I32: 0 | J32: 0 | K32: 0 | L32: 0 | M32: 2 | N32: 0 | O32: =SUM(C32:L32,N32) -> 4 | P32: =SUM(C32:N32) -> 6
B33: 12.45 - 13.00 | C33: 1 | D33: 1 | E33: 2 | F33: 0 | G33: 3 | H33: 0 | I33: 0 | J33: 1 | K33: 0 | L33: 0 | M33: 3 | N33: 1 | O33: =SUM(C33:L33,N33) -> 9 | P33: =SUM(C33:N33) -> 12
B34: 13.00 - 13.15 | C34: 0 | D34: 0 | E34: 1 | F34: 0 | G34: 1 | H34: 0 | I34: 0 | J34: 0 | K34: 0 | L34: 0 | M34: 5 | N34: 0 | O34: =SUM(C34:L34,N34) -> 2 | P34: =SUM(C34:N34) -> 7
B35: 13.15 - 13.30 | C35: 0 | D35: 0 | E35: 1 | F35: 0 | G35: 0 | H35: 0 | I35: 0 | J35: 0 | K35: 0 | L35: 0 | M35: 3 | N35: 0 | O35: =SUM(C35:L35,N35) -> 1 | P35: =SUM(C35:N35) -> 4
B36: 13.30 - 13.45 | C36: 0 | D36: 0 | E36: 1 | F36: 0 | G36: 0 | H36: 0 | I36: 0 | J36: 0 | K36: 0 | L36: 0 | M36: 0 | N36: 0 | O36: =SUM(C36:L36,N36) -> 1 | P36: =SUM(C36:N36) -> 1
B37: 13.45 - 14.00 | C37: 0 | D37: 1 | E37: 2 | F37: 0 | G37: 1 | H37: 0 | I37: 1 | J37: 0 | K37: 0 | L37: 0 | M37: 2 | N37: 0 | O37: =SUM(C37:L37,N37) -> 5 | P37: =SUM(C37:N37) -> 7
B38: 14.00 - 14.15 | C38: 1 | D38: 1 | E38: 3 | F38: 0 | G38: 1 | H38: 0 | I38: 0 | J38: 0 | K38: 0 | L38: 5 | M38: 4 | N38: 1 | O38: =SUM(C38:L38,N38) -> 12 | P38: =SUM(C38:N38) -> 16
B39: 14.15 - 14.30 | C39: 0 | D39: 0 | E39: 2 | F39: 0 | G39: 1 | H39: 1 | I39: 1 | J39: 0 | K39: 0 | L39: 1 | M39: 3 | N39: 0 | O39: =SUM(C39:L39,N39) -> 6 | P39: =SUM(C39:N39) -> 9
B40: 14.30 - 14.45 | C40: 0 | D40: 0 | E40: 2 | F40: 0 | G40: 0 | H40: 2 | I40: 1 | J40: 0 | K40: 0 | L40: 0 | M40: 2 | N40: 0 | O40: =SUM(C40:L40,N40) -> 5 | P40: =SUM(C40:N40) -> 7
... B57: 18.45 - 19.00 | C57: 0 | D57: 0 | E57: 2 | F57: 0 | G57: 1 | H57: 0 | I57: 0 | J57: 0 | K57: 0 | L57: 2 | M57: 3 | N57: 0 | O57: =SUM(C57:L57,N57) -> 5 | P57: =SUM(C57:N57) -> 8
B58: Totals | C58: =SUM(C10:C57) -> 27 | D58: =SUM(D10:D57) -> 25 | E58: =SUM(E10:E57) -> 100 | F58: =SUM(F10:F57) -> 5 | G58: =SUM(G10:G57) -> 61 | H58: =SUM(H10:H57) -> 12 | I58: =SUM(I10:I57) -> 23 | J58: =SUM(J10:J57) -> 17 | ... P58: =SUM(P10:P57) -> 544
B59: %ges + MCs | C59: =C58/$P$58 -> 0.049632353 | D59: =D58/$P$58 -> 0.045955882 | E59: =E58/$P$58 -> 0.18382353 | F59: =F58/$P$58 -> 0.0091911765 | G59: =G58/$P$58 -> 0.11213235 | H59: =H58/$P$58 -> 0.022058824 | I59: =I58/$P$58 -> 0.042279412 | J59: =J58/$P$58 -> 0.03125 | ... N59: =N58/$P$58 -> 0.023897059
B60: %ges w/o MCs | C60: =C58/$O$58 -> 0.080118694 | D60: =D58/$O$58 -> 0.074183976 | E60: =E58/$O$58 -> 0.29673591 | F60: =F58/$O$58 -> 0.014836795 | G60: =G58/$O$58 -> 0.1810089 | H60: =H58/$O$58 -> 0.035608309 | I60: =I58/$O$58 -> 0.068249258 | J60: =J58/$O$58 -> 0.050445104 | ... L60: =L58/$O$58 -> 0.13649852 | N60: =N58/$O$58 -> 0.038575668

Sheet 29.07 karuma-pakwach
B1: Consultancy services for Preparation of Expressway Development Master Plan (EDMP) for Uganda
B2: MANUAL CLASSIFIED COUNT (MCC)
B3: ROAD NAME: | C3: ='29.07 Pakwach-Karuma'!C3:G3 -> MCC - C5 - STN115 - KARUMA-PAKWACH ROAD
C5: Date | D5: 29.07.19 | F5: Location | G5: ='29.07 Pakwach-Karuma'!G5:H5 -> xxx | J5: Surveyor | K5: ='29.07 Pakwach-Karuma'!K5:L5 -> xxx
C6: Dir. From | D6: karuma | F6: Dir. To | G6: pakwach | J6: Supervisor | K6: ='29.07 Pakwach-Karuma'!K6:L6 -> xxx
B8: Time / Veh Type | R8: SUMMARY TRAFFIC VOLUMES
C9: 1. Car | D9: 2. Station Wagon | E9: 3. Pickups | F9: 4. Minibus, matatu | G9: 5. Medium bus | H9: 6. Large Bus | I9: 7. Light Truck | J9: 8. Medium Truck | K9: 9. Heavy truck | L9: 10. Truck Trailer | M9: 11. Motor cycles | N9: 12. Tractors | O9: Total Excl M/Cycles | P9: Total All | R9: Time | S9: 1. Car | T9: 2. Station Wagon | U9: 3. Pickups | V9: 4. Minibus, matatu | W9: 5. Medium bus | X9: 6. Large Bus | Y9: 7. Light Truck | Z9: 8. Medium Truck | AA9: 9. Heavy truck | AB9: 10. Truck Trailer | AC9: 11. Motorcycles | AD9: 12. Tractors, Graders | AE9: Total Excl M/ Cycles | AF9: Total All
B10: 07.00 - 07.15 | C10: 1 | D10: 0 | E10: 1 | F10: ='[1]RD115 MCC'!$J$48 -> 2 | G10: 0 | H10: 0 | I10: 0 | J10: 0 | K10: 0 | L10: 2 | M10: 1 | N10: 0 | O10: =SUM(C10:L10,N10) -> 6 | P10: =SUM(C10:N10) -> 7 | R10: 0700-0800 | S10: =SUM(C10:C13) -> 2 | T10: =SUM(D10:D13) -> 0 | U10: =SUM(E10:E13) -> 2 | V10: =SUM(F10:F13) -> 2 | W10: =SUM(G10:G13) -> 0 | X10: =SUM(H10:H13) -> 0 | Y10: =SUM(I10:I13) -> 0 | Z10: =SUM(J10:J13) -> 0 | ... AF10: =SUM(P10:P13) -> 15
B11: 07.15 - 07.30 | C11: 0 | D11: 0 | E11: 0 | F11: 0 | G11: 0 | H11: 0 | I11: 0 | J11: 0 | K11: 0 | L11: 0 | M11: 3 | N11: 0 | O11: =SUM(C11:L11,N11) -> 0 | P11: =SUM(C11:N11) -> 3 | R11: 0800-0900 | S11: =SUM(C14:C17) -> 2 | T11: =SUM(D14:D17) -> 0 | U11: =SUM(E14:E17) -> 5 | V11: =SUM(F14:F17) -> 0 | W11: =SUM(G14:G17) -> 5 | X11: =SUM(H14:H17) -> 1 | Y11: =SUM(I14:I17) -> 1 | Z11: =SUM(J14:J17) -> 0 | ... AF11: =SUM(P14:P17) -> 34
B12: 07.30 - 07.45 | C12: 1 | D12: 0 | E12: 0 | F12: 0 | G12: 0 | H12: 0 | I12: 0 | J12: 0 | K12: 0 | L12: 0 | M12: 2 | N12: 0 | O12: =SUM(C12:L12,N12) -> 1 | P12: =SUM(C12:N12) -> 3 | R12: 0900-1000 | S12: =SUM(C18:C21) -> 1 | T12: =SUM(D18:D21) -> 0 | U12: =SUM(E18:E21) -> 3 | V12: =SUM(F18:F21) -> 0 | W12: =SUM(G18:G21) -> 5 | X12: =SUM(H18:H21) -> 2 | Y12: =SUM(I18:I21) -> 0 | Z12: =SUM(J18:J21) -> 0 | ... AF12: =SUM(P18:P21) -> 24
B13: 07.45 - 08.00 | C13: 0 | D13: 0 | E13: 1 | F13: 0 | G13: 0 | H13: 0 | I13: 0 | J13: 0 | K13: 0 | L13: 0 | M13: 1 | N13: 0 | O13: =SUM(C13:L13,N13) -> 1 | P13: =SUM(C13:N13) -> 2 | R13: 1000-1100 | S13: =SUM(C22:C25) -> 3 | T13: =SUM(D22:D25) -> 1 | U13: =SUM(E22:E25) -> 7 | V13: =SUM(F22:F25) -> 0 | W13: =SUM(G22:G25) -> 11 | X13: =SUM(H22:H25) -> 4 | Y13: =SUM(I22:I25) -> 2 | Z13: =SUM(J22:J25) -> 2 | ... AF13: =SUM(P22:P25) -> 40
B14: 08.00 - 08.15 | C14: 0 | D14: 0 | E14: 2 | F14: 0 | G14: 0 | H14: 0 | I14: 0 | J14: 0 | K14: 0 | L14: 2 | M14: 2 | N14: 0 | O14: =SUM(C14:L14,N14) -> 4 | P14: =SUM(C14:N14) -> 6 | R14: 1100-1200 | S14: =SUM(C26:C29) -> 2 | T14: =SUM(D26:D29) -> 0 | U14: =SUM(E26:E29) -> 7 | V14: =SUM(F26:F29) -> 0 | W14: =SUM(G26:G29) -> 8 | X14: =SUM(H26:H29) -> 0 | Y14: =SUM(I26:I29) -> 7 | Z14: =SUM(J26:J29) -> 2 | ... AF14: =SUM(P26:P29) -> 51
B15: 08.15 - 08.30 | C15: 2 | D15: 0 | E15: 0 | F15: 0 | G15: 0 | H15: 0 | I15: 0 | J15: 0 | K15: 0 | L15: 0 | M15: 4 | N15: 0 | O15: =SUM(C15:L15,N15) -> 2 | P15: =SUM(C15:N15) -> 6 | R15: 1200-1300 | S15: =SUM(C30:C33) -> 2 | T15: =SUM(D30:D33) -> 0 | U15: =SUM(E30:E33) -> 4 | V15: =SUM(F30:F33) -> 0 | W15: =SUM(G30:G33) -> 3 | X15: =SUM(H30:H33) -> 4 | Y15: =SUM(I30:I33) -> 0 | Z15: =SUM(J30:J33) -> 1 | ... AF15: =SUM(P30:P33) -> 19
B16: 08.30 - 08.45 | C16: 0 | D16: 0 | E16: 1 | F16: 0 | G16: 0 | H16: 0 | I16: 1 | J16: 0 | K16: 0 | L16: 0 | M16: 4 | N16: 1 | O16: =SUM(C16:L16,N16) -> 3 | P16: =SUM(C16:N16) -> 7 | R16: 1300-1400 | S16: =SUM(C34:C37) -> 5 | T16: =SUM(D34:D37) -> 0 | U16: =SUM(E34:E37) -> 2 | V16: =SUM(F34:F37) -> 0 | W16: =SUM(G34:G37) -> 1 | X16: =SUM(H34:H37) -> 0 | Y16: =SUM(I34:I37) -> 0 | Z16: =SUM(J34:J37) -> 0 | ... AF16: =SUM(P34:P37) -> 23
B17: 08.45 - 9.00 | C17: 0 | D17: 0 | E17: 2 | F17: 0 | G17: 5 | H17: 1 | I17: 0 | J17: 0 | K17: 0 | L17: 1 | M17: 6 | N17: 0 | O17: =SUM(C17:L17,N17) -> 9 | P17: =SUM(C17:N17) -> 15 | R17: 1400-1500 | S17: =SUM(C38:C41) -> 2 | T17: =SUM(D38:D41) -> 1 | U17: =SUM(E38:E41) -> 8 | V17: =SUM(F38:F41) -> 0 | W17: =SUM(G38:G41) -> 2 | X17: =SUM(H38:H41) -> 2 | Y17: =SUM(I38:I41) -> 2 | Z17: =SUM(J38:J41) -> 0 | ... AF17: =SUM(P38:P41) -> 39
B18: 09.00 - 09.15 | C18: 0 | D18: 0 | E18: 0 | F18: 0 | G18: 0 | H18: 0 | I18: 0 | J18: 0 | K18: 0 | L18: 1 | M18: 0 | N18: 0 | O18: =SUM(C18:L18,N18) -> 1 | P18: =SUM(C18:N18) -> 1 | R18: 1500-1600 | S18: =SUM(C42:C45) -> 1 | T18: =SUM(D42:D45) -> 0 | U18: =SUM(E42:E45) -> 4 | V18: =SUM(F42:F45) -> 0 | W18: =SUM(G42:G45) -> 3 | X18: =SUM(H42:H45) -> 3 | Y18: =SUM(I42:I45) -> 2 | Z18: =SUM(J42:J45) -> 3 | ... AF18: =SUM(P42:P45) -> 48
B19: 09.15 - 09.30 | C19: 1 | D19: 0 | E19: 0 | F19: 0 | G19: 0 | H19: 0 | I19: 0 | J19: 0 | K19: 0 | L19: 2 | M19: 2 | N19: 0 | O19: =SUM(C19:L19,N19) -> 3 | P19: =SUM(C19:N19) -> 5 | R19: 1600-1700 | S19: =SUM(C46:C49) -> 0 | T19: =SUM(D46:D49) -> 0 | U19: =SUM(E46:E49) -> 2 | V19: =SUM(F46:F49) -> 0 | W19: =SUM(G46:G49) -> 4 | X19: =SUM(H46:H49) -> 0 | Y19: =SUM(I46:I49) -> 1 | Z19: =SUM(J46:J49) -> 2 | ... AF19: =SUM(P46:P49) -> 26
B20: 09.30 - 09.45 | C20: 0 | D20: 0 | E20: 1 | F20: 0 | G20: 0 | H20: 1 | I20: 0 | J20: 0 | K20: 0 | L20: 0 | M20: 4 | N20: 0 | O20: =SUM(C20:L20,N20) -> 2 | P20: =SUM(C20:N20) -> 6 | R20: 1700-1800 | S20: =SUM(C50:C53) -> 2 | T20: =SUM(D50:D53) -> 0 | U20: =SUM(E50:E53) -> 5 | V20: =SUM(F50:F53) -> 0 | W20: =SUM(G50:G53) -> 4 | X20: =SUM(H50:H53) -> 0 | Y20: =SUM(I50:I53) -> 0 | Z20: =SUM(J50:J53) -> 1 | ... AF20: =SUM(P50:P53) -> 23
B21: 09.45 - 10.00 | C21: 0 | D21: 0 | E21: 2 | F21: 0 | G21: 5 | H21: 1 | I21: 0 | J21: 0 | K21: 0 | L21: 0 | M21: 4 | N21: 0 | O21: =SUM(C21:L21,N21) -> 8 | P21: =SUM(C21:N21) -> 12 | R21: 1800-1900 | S21: =SUM(C54:C57) -> 2 | T21: =SUM(D54:D57) -> 0 | U21: =SUM(E54:E57) -> 3 | V21: =SUM(F54:F57) -> 0 | W21: =SUM(G54:G57) -> 1 | X21: =SUM(H54:H57) -> 0 | Y21: =SUM(I54:I57) -> 3 | Z21: =SUM(J54:J57) -> 0 | ... AF21: =SUM(P54:P57) -> 27
B22: 10.00 - 10.15 | C22: 1 | D22: 0 | E22: 2 | F22: 0 | G22: 2 | H22: 0 | I22: 0 | J22: 0 | K22: 0 | L22: 0 | M22: 2 | N22: 0 | O22: =SUM(C22:L22,N22) -> 5 | P22: =SUM(C22:N22) -> 7 | R22: AM Peak Hr | S22: =MAX(S10:S12) -> 2 | T22: =MAX(T10:T12) -> 0 | U22: =MAX(U10:U12) -> 5 | V22: =MAX(V10:V12) -> 2 | W22: =MAX(W10:W12) -> 5 | X22: =MAX(X10:X12) -> 2 | Y22: =MAX(Y10:Y12) -> 1 | Z22: =MAX(Z10:Z12) -> 0 | ... AF22: =MAX(AF10:AF12) -> 34
B23: 10.15 - 10.30 | C23: 2 | D23: 1 | E23: 4 | F23: 0 | G23: 3 | H23: 1 | I23: 0 | J23: 0 | K23: 1 | L23: 0 | M23: 3 | N23: 0 | O23: =SUM(C23:L23,N23) -> 12 | P23: =SUM(C23:N23) -> 15 | R23: IP Peak Hr | S23: =MAX(S13:S18) -> 5 | T23: =MAX(T13:T18) -> 1 | U23: =MAX(U13:U18) -> 8 | V23: =MAX(V13:V18) -> 0 | W23: =MAX(W13:W18) -> 11 | X23: =MAX(X13:X18) -> 4 | Y23: =MAX(Y13:Y18) -> 7 | Z23: =MAX(Z13:Z18) -> 3 | ... AF23: =MAX(AF13:AF18) -> 51
B24: 10.30 - 10.45 | C24: 0 | D24: 0 | E24: 1 | F24: 0 | G24: 5 | H24: 3 | I24: 2 | J24: 2 | K24: 1 | L24: 1 | M24: 2 | N24: 0 | O24: =SUM(C24:L24,N24) -> 15 | P24: =SUM(C24:N24) -> 17 | R24: PM Peak Hr | S24: =MAX(S19:S21) -> 2 | T24: =MAX(T19:T21) -> 0 | U24: =MAX(U19:U21) -> 5 | V24: =MAX(V19:V21) -> 0 | W24: =MAX(W19:W21) -> 4 | X24: =MAX(X19:X21) -> 0 | Y24: =MAX(Y19:Y21) -> 3 | Z24: =MAX(Z19:Z21) -> 2 | ... AF24: =MAX(AF19:AF21) -> 27
B25: 10.45 - 11.00 | C25: 0 | D25: 0 | E25: 0 | F25: 0 | G25: 1 | H25: 0 | I25: 0 | J25: 0 | K25: 0 | L25: 0 | M25: 0 | N25: 0 | O25: =SUM(C25:L25,N25) -> 1 | P25: =SUM(C25:N25) -> 1 | R25: AM Period | S25: =SUM(S10:S12) -> 5 | T25: =SUM(T10:T12) -> 0 | U25: =SUM(U10:U12) -> 10 | V25: =SUM(V10:V12) -> 2 | W25: =SUM(W10:W12) -> 10 | X25: =SUM(X10:X12) -> 3 | Y25: =SUM(Y10:Y12) -> 1 | Z25: =SUM(Z10:Z12) -> 0 | ... AF25: =SUM(AF10:AF12) -> 73
B26: 11.00 - 11.15 | C26: 0 | D26: 0 | E26: 2 | F26: 0 | G26: 4 | H26: 0 | I26: 1 | J26: 0 | K26: 0 | L26: 2 | M26: 2 | N26: 0 | O26: =SUM(C26:L26,N26) -> 9 | P26: =SUM(C26:N26) -> 11 | R26: IP Period | S26: =SUM(S13:S18) -> 15 | T26: =SUM(T13:T18) -> 2 | U26: =SUM(U13:U18) -> 32 | V26: =SUM(V13:V18) -> 0 | W26: =SUM(W13:W18) -> 28 | X26: =SUM(X13:X18) -> 13 | Y26: =SUM(Y13:Y18) -> 13 | Z26: =SUM(Z13:Z18) -> 8 | ... AF26: =SUM(AF13:AF18) -> 220
B27: 11.15 - 11.30 | C27: 0 | D27: 0 | E27: 1 | F27: 0 | G27: 3 | H27: 0 | I27: 3 | J27: 1 | K27: 0 | L27: 1 | M27: 3 | N27: 1 | O27: =SUM(C27:L27,N27) -> 10 | P27: =SUM(C27:N27) -> 13 | R27: PM Period | S27: =SUM(S19:S21) -> 4 | T27: =SUM(T19:T21) -> 0 | U27: =SUM(U19:U21) -> 10 | V27: =SUM(V19:V21) -> 0 | W27: =SUM(W19:W21) -> 9 | X27: =SUM(X19:X21) -> 0 | Y27: =SUM(Y19:Y21) -> 4 | Z27: =SUM(Z19:Z21) -> 3 | ... AF27: =SUM(AF19:AF21) -> 76
B28: 11.30 - 11.45 | C28: 2 | D28: 0 | E28: 2 | F28: 0 | G28: 1 | H28: 0 | I28: 0 | J28: 0 | K28: 0 | L28: 1 | M28: 5 | N28: 0 | O28: =SUM(C28:L28,N28) -> 6 | P28: =SUM(C28:N28) -> 11 | R28: 12 Hours | S28: =SUM(S10:S21) -> 24 | T28: =SUM(T10:T21) -> 2 | U28: =SUM(U10:U21) -> 52 | V28: =SUM(V10:V21) -> 2 | W28: =SUM(W10:W21) -> 47 | X28: =SUM(X10:X21) -> 16 | Y28: =SUM(Y10:Y21) -> 18 | Z28: =SUM(Z10:Z21) -> 11 | ... AF28: =SUM(AF10:AF21) -> 369
B29: 11.45 - 12.00 | C29: 0 | D29: 0 | E29: 2 | F29: 0 | G29: 0 | H29: 0 | I29: 3 | J29: 1 | K29: 0 | L29: 0 | M29: 10 | N29: 0 | O29: =SUM(C29:L29,N29) -> 6 | P29: =SUM(C29:N29) -> 16
B30: 12.00 - 12.15 | C30: 1 | D30: 0 | E30: 0 | F30: 0 | G30: 0 | H30: 0 | I30: 0 | J30: 0 | K30: 0 | L30: 0 | M30: 0 | N30: 0 | O30: =SUM(C30:L30,N30) -> 1 | P30: =SUM(C30:N30) -> 1
B31: 12.15 - 12.30 | C31: 0 | D31: 0 | E31: 1 | F31: 0 | G31: 0 | H31: 2 | I31: 0 | J31: 0 | K31: 0 | L31: 0 | M31: 0 | N31: 0 | O31: =SUM(C31:L31,N31) -> 3 | P31: =SUM(C31:N31) -> 3
B32: 12.30 - 12.45 | C32: 1 | D32: 0 | E32: 1 | F32: 0 | G32: 2 | H32: 0 | I32: 0 | J32: 0 | K32: 0 | L32: 0 | M32: 2 | N32: 0 | O32: =SUM(C32:L32,N32) -> 4 | P32: =SUM(C32:N32) -> 6
B33: 12.45 - 13.00 | C33: 0 | D33: 0 | E33: 2 | F33: 0 | G33: 1 | H33: 2 | I33: 0 | J33: 1 | K33: 0 | L33: 1 | M33: 2 | N33: 0 | O33: =SUM(C33:L33,N33) -> 7 | P33: =SUM(C33:N33) -> 9
B34: 13.00 - 13.15 | C34: 2 | D34: 0 | E34: 0 | F34: 0 | G34: 0 | H34: 0 | I34: 0 | J34: 0 | K34: 0 | L34: 0 | M34: 9 | N34: 0 | O34: =SUM(C34:L34,N34) -> 2 | P34: =SUM(C34:N34) -> 11
B35: 13.15 - 13.30 | C35: 1 | D35: 0 | E35: 0 | F35: 0 | G35: 0 | H35: 0 | I35: 0 | J35: 0 | K35: 0 | L35: 0 | M35: 1 | N35: 0 | O35: =SUM(C35:L35,N35) -> 1 | P35: =SUM(C35:N35) -> 2
B36: 13.30 - 13.45 | C36: 2 | D36: 0 | E36: 0 | F36: 0 | G36: 0 | H36: 0 | I36: 0 | J36: 0 | K36: 0 | L36: 0 | M36: 3 | N36: 0 | O36: =SUM(C36:L36,N36) -> 2 | P36: =SUM(C36:N36) -> 5
B37: 13.45 - 14.00 | C37: 0 | D37: 0 | E37: 2 | F37: 0 | G37: 1 | H37: 0 | I37: 0 | J37: 0 | K37: 0 | L37: 0 | M37: 2 | N37: 0 | O37: =SUM(C37:L37,N37) -> 3 | P37: =SUM(C37:N37) -> 5
B38: 14.00 - 14.15 | C38: 1 | D38: 1 | E38: 4 | F38: 0 | G38: 0 | H38: 1 | I38: 0 | J38: 0 | K38: 0 | L38: 2 | M38: 7 | N38: 1 | O38: =SUM(C38:L38,N38) -> 10 | P38: =SUM(C38:N38) -> 17
B39: 14.15 - 14.30 | C39: 0 | D39: 0 | E39: 1 | F39: 0 | G39: 0 | H39: 1 | I39: 0 | J39: 0 | K39: 2 | L39: 0 | M39: 4 | N39: 0 | O39: =SUM(C39:L39,N39) -> 4 | P39: =SUM(C39:N39) -> 8
B40: 14.30 - 14.45 | C40: 1 | D40: 0 | E40: 2 | F40: 0 | G40: 1 | H40: 0 | I40: 1 | J40: 0 | K40: 0 | L40: 0 | M40: 3 | N40: 0 | O40: =SUM(C40:L40,N40) -> 5 | P40: =SUM(C40:N40) -> 8
... B57: 18.45 - 19.00 | C57: 1 | D57: 0 | E57: 2 | F57: 0 | G57: 1 | H57: 0 | I57: 0 | J57: 0 | K57: 0 | L57: 1 | M57: 6 | N57: 0 | O57: =SUM(C57:L57,N57) -> 5 | P57: =SUM(C57:N57) -> 11
B58: Totals | C58: 0 | D58: =SUM(D10:D57) -> 2 | E58: 0 | F58: =SUM(F10:F57) -> 2 | G58: 0 | H58: 0 | I58: 0 | J58: 0 | K58: 0 | L58: =SUM(L10:L57) -> 37 | M58: 0 | N58: 0 | O58: =SUM(O10:O57) -> 234 | P58: =SUM(P10:P57) -> 369
B59: %ges + MCs | C59: 0 | D59: =D58/$P$58 -> 0.0054200542 | E59: 0 | F59: =F58/$P$58 -> 0.0054200542 | G59: 0 | H59: 0 | I59: 0 | J59: 0 | K59: 0 | L59: =L58/$P$58 -> 0.100271 | M59: 0 | N59: 0
B60: %ges w/o MCs | C60: 0 | D60: =D58/$O$58 -> 0.0085470085 | E60: 0 | F60: =F58/$O$58 -> 0.0085470085 | G60: 0 | H60: 0 | I60: 0 | J60: 0 | K60: 0 | L60: =L58/$O$58 -> 0.15811966 | M60: 0 | N60: 0
C61: 0 | E61: 0 | G61: 0 | H61: 0 | I61: 0 | J61: 0 | K61: 0 | M61: 0 | N61: 0

Sheet 30.07.19 pakwach-karuma
B1: Consultancy services for Preparation of Expressway Development Master Plan (EDMP) for Uganda
B2: MANUAL CLASSIFIED COUNT (MCC)
B3: ROAD NAME: | C3: ='29.07 Pakwach-Karuma'!C3:G3 -> MCC - C5 - STN115 - KARUMA-PAKWACH ROAD
C5: Date | D5: 30.07.19 | F5: Location | G5: ='29.07 Pakwach-Karuma'!G5:H5 -> xxx | J5: Surveyor | K5: ='29.07 Pakwach-Karuma'!K5:L5 -> xxx
C6: Dir. From | D6: pakwach | F6: Dir. To | G6: karuma | J6: Supervisor | K6: ='29.07 Pakwach-Karuma'!K6:L6 -> xxx
B8: Time / Veh Type | R8: SUMMARY TRAFFIC VOLUMES
C9: 1. Car | D9: 2. Station Wagon | E9: 3. Pickups | F9: 4. Minibus, matatu | G9: 5. Medium bus | H9: 6. Large Bus | I9: 7. Light Truck | J9: 8. Medium Truck | K9: 9. Heavy truck | L9: 10. Truck Trailer | M9: 11. Motor cycles | N9: 12. Tractors | O9: Total Excl M/Cycles | P9: Total All | R9: Time | S9: 1. Car | T9: 2. Station Wagon | U9: 3. Pickups | V9: 4. Minibus, matatu | W9: 5. Medium bus | X9: 6. Large Bus | Y9: 7. Light Truck | Z9: 8. Medium Truck | AA9: 9. Heavy truck | AB9: 10. Truck Trailer | AC9: 11. Motorcycles | AD9: 12. Tractors, Graders | AE9: Total Excl M/ Cycles | AF9: Total All
B10: 07.00 - 07.15 | C10: 3 | D10: 1 | E10: 4 | F10: 0 | G10: 0 | H10: 0 | I10: 2 | J10: 0 | K10: 0 | L10: 2 | M10: 6 | N10: 1 | O10: =SUM(C10:L10,N10) -> 13 | P10: =SUM(C10:N10) -> 19 | R10: 0700-0800 | S10: =SUM(C10:C13) -> 4 | T10: =SUM(D10:D13) -> 3 | U10: =SUM(E10:E13) -> 12 | V10: =SUM(F10:F13) -> 3 | W10: =SUM(G10:G13) -> 0 | X10: =SUM(H10:H13) -> 0 | Y10: =SUM(I10:I13) -> 2 | Z10: =SUM(J10:J13) -> 6 | ... AF10: =SUM(P10:P13) -> 62
B11: 07.15 - 07.30 | C11: 1 | D11: 0 | E11: 0 | F11: 0 | G11: 0 | H11: 0 | I11: 0 | J11: 1 | K11: 2 | L11: 3 | M11: 7 | N11: 0 | O11: =SUM(C11:L11,N11) -> 7 | P11: =SUM(C11:N11) -> 14 | R11: 0800-0900 | S11: =SUM(C14:C17) -> 1 | T11: =SUM(D14:D17) -> 2 | U11: =SUM(E14:E17) -> 8 | V11: =SUM(F14:F17) -> 4 | W11: =SUM(G14:G17) -> 0 | X11: =SUM(H14:H17) -> 0 | Y11: =SUM(I14:I17) -> 3 | Z11: =SUM(J14:J17) -> 6 | ... AF11: =SUM(P14:P17) -> 40
B12: 07.30 - 07.45 | C12: 0 | D12: 0 | E12: 2 | F12: 3 | G12: 0 | H12: 0 | I12: 0 | J12: 3 | K12: 0 | L12: 3 | M12: 3 | N12: 2 | O12: =SUM(C12:L12,N12) -> 13 | P12: =SUM(C12:N12) -> 16 | R12: 0900-1000 | S12: =SUM(C18:C21) -> 1 | T12: =SUM(D18:D21) -> 0 | U12: =SUM(E18:E21) -> 3 | V12: =SUM(F18:F21) -> 4 | W12: =SUM(G18:G21) -> 0 | X12: =SUM(H18:H21) -> 1 | Y12: =SUM(I18:I21) -> 0 | Z12: =SUM(J18:J21) -> 2 | ... AF12: =SUM(P18:P21) -> 30
B13: 07.45 - 08.00 | C13: 0 | D13: 2 | E13: 6 | F13: 0 | G13: 0 | H13: 0 | I13: 0 | J13: 2 | K13: 0 | L13: 0 | M13: 3 | N13: 0 | O13: =SUM(C13:L13,N13) -> 10 | P13: =SUM(C13:N13) -> 13 | R13: 1000-1100 | S13: =SUM(C22:C25) -> 2 | T13: =SUM(D22:D25) -> 0 | U13: =SUM(E22:E25) -> 6 | V13: =SUM(F22:F25) -> 7 | W13: =SUM(G22:G25) -> 0 | X13: =SUM(H22:H25) -> 0 | Y13: =SUM(I22:I25) -> 0 | Z13: =SUM(J22:J25) -> 4 | ... AF13: =SUM(P22:P25) -> 44
B14: 08.00 - 08.15 | C14: 0 | D14: 0 | E14: 0 | F14: 0 | G14: 0 | H14: 0 | I14: 1 | J14: 3 | K14: 1 | L14: 1 | M14: 0 | N14: 1 | O14: =SUM(C14:L14,N14) -> 7 | P14: =SUM(C14:N14) -> 7 | R14: 1100-1200 | S14: =SUM(C26:C29) -> 0 | T14: =SUM(D26:D29) -> 1 | U14: =SUM(E26:E29) -> 7 | V14: =SUM(F26:F29) -> 7 | W14: =SUM(G26:G29) -> 0 | X14: =SUM(H26:H29) -> 0 | Y14: =SUM(I26:I29) -> 3 | Z14: =SUM(J26:J29) -> 1 | ... AF14: =SUM(P26:P29) -> 46
B15: 08.15 - 08.30 | C15: 0 | D15: 1 | E15: 3 | F15: 2 | G15: 0 | H15: 0 | I15: 2 | J15: 2 | K15: 0 | L15: 0 | M15: 3 | N15: 0 | O15: =SUM(C15:L15,N15) -> 10 | P15: =SUM(C15:N15) -> 13 | R15: 1200-1300 | S15: =SUM(C30:C33) -> 1 | T15: =SUM(D30:D33) -> 1 | U15: =SUM(E30:E33) -> 11 | V15: =SUM(F30:F33) -> 6 | W15: =SUM(G30:G33) -> 0 | X15: =SUM(H30:H33) -> 2 | Y15: =SUM(I30:I33) -> 0 | Z15: =SUM(J30:J33) -> 1 | ... AF15: =SUM(P30:P33) -> 43
B16: 08.30 - 08.45 | C16: 1 | D16: 1 | E16: 3 | F16: 2 | G16: 0 | H16: 0 | I16: 0 | J16: 0 | K16: 0 | L16: 2 | M16: 2 | N16: 1 | O16: =SUM(C16:L16,N16) -> 10 | P16: =SUM(C16:N16) -> 12 | R16: 1300-1400 | S16: =SUM(C34:C37) -> 5 | T16: =SUM(D34:D37) -> 0 | U16: =SUM(E34:E37) -> 4 | V16: =SUM(F34:F37) -> 6 | W16: =SUM(G34:G37) -> 0 | X16: =SUM(H34:H37) -> 0 | Y16: =SUM(I34:I37) -> 2 | Z16: =SUM(J34:J37) -> 0 | ... AF16: =SUM(P34:P37) -> 37
B17: 08.45 - 9.00 | C17: 0 | D17: 0 | E17: 2 | F17: 0 | G17: 0 | H17: 0 | I17: 0 | J17: 1 | K17: 0 | L17: 0 | M17: 4 | N17: 1 | O17: =SUM(C17:L17,N17) -> 4 | P17: =SUM(C17:N17) -> 8 | R17: 1400-1500 | S17: =SUM(C38:C41) -> 3 | T17: =SUM(D38:D41) -> 1 | U17: =SUM(E38:E41) -> 7 | V17: =SUM(F38:F41) -> 5 | W17: =SUM(G38:G41) -> 1 | X17: =SUM(H38:H41) -> 4 | Y17: =SUM(I38:I41) -> 0 | Z17: =SUM(J38:J41) -> 2 | ... AF17: =SUM(P38:P41) -> 42
B18: 09.00 - 09.15 | C18: 1 | D18: 0 | E18: 1 | F18: 0 | G18: 0 | H18: 0 | I18: 0 | J18: 0 | K18: 0 | L18: 0 | M18: 1 | N18: 0 | O18: =SUM(C18:L18,N18) -> 2 | P18: =SUM(C18:N18) -> 3 | R18: 1500-1600 | S18: =SUM(C42:C45) -> 4 | T18: =SUM(D42:D45) -> 0 | U18: =SUM(E42:E45) -> 6 | V18: =SUM(F42:F45) -> 2 | W18: =SUM(G42:G45) -> 0 | X18: =SUM(H42:H45) -> 1 | Y18: =SUM(I42:I45) -> 1 | Z18: =SUM(J42:J45) -> 0 | ... AF18: =SUM(P42:P45) -> 31
B19: 09.15 - 09.30 | C19: 0 | D19: 0 | E19: 2 | F19: 0 | G19: 0 | H19: 1 | I19: 0 | J19: 0 | K19: 0 | L19: 0 | M19: 9 | N19: 0 | O19: =SUM(C19:L19,N19) -> 3 | P19: =SUM(C19:N19) -> 12 | R19: 1600-1700 | S19: =SUM(C46:C49) -> 0 | T19: =SUM(D46:D49) -> 1 | U19: =SUM(E46:E49) -> 7 | V19: =SUM(F46:F49) -> 10 | W19: =SUM(G46:G49) -> 0 | X19: =SUM(H46:H49) -> 2 | Y19: =SUM(I46:I49) -> 3 | Z19: =SUM(J46:J49) -> 1 | ... AF19: =SUM(P46:P49) -> 50
B20: 09.30 - 09.45 | C20: 0 | D20: 0 | E20: 0 | F20: 2 | G20: 0 | H20: 0 | I20: 0 | J20: 1 | K20: 0 | L20: 1 | M20: 2 | N20: 0 | O20: =SUM(C20:L20,N20) -> 4 | P20: =SUM(C20:N20) -> 6 | R20: 1700-1800 | S20: =SUM(C50:C53) -> 6 | T20: =SUM(D50:D53) -> 2 | U20: =SUM(E50:E53) -> 9 | V20: =SUM(F50:F53) -> 5 | W20: =SUM(G50:G53) -> 0 | X20: =SUM(H50:H53) -> 3 | Y20: =SUM(I50:I53) -> 2 | Z20: =SUM(J50:J53) -> 3 | ... AF20: =SUM(P50:P53) -> 41
B21: 09.45 - 10.00 | C21: 0 | D21: 0 | E21: 0 | F21: 2 | G21: 0 | H21: 0 | I21: 0 | J21: 1 | K21: 0 | L21: 0 | M21: 6 | N21: 0 | O21: =SUM(C21:L21,N21) -> 3 | P21: =SUM(C21:N21) -> 9 | R21: 1800-1900 | S21: =SUM(C54:C57) -> 1 | T21: =SUM(D54:D57) -> 3 | U21: =SUM(E54:E57) -> 13 | V21: =SUM(F54:F57) -> 3 | W21: =SUM(G54:G57) -> 0 | X21: =SUM(H54:H57) -> 2 | Y21: =SUM(I54:I57) -> 2 | Z21: =SUM(J54:J57) -> 1 | ... AF21: =SUM(P54:P57) -> 44
B22: 10.00 - 10.15 | C22: 1 | D22: 0 | E22: 2 | F22: 1 | G22: 0 | H22: 0 | I22: 0 | J22: 0 | K22: 1 | L22: 2 | M22: 6 | N22: 0 | O22: =SUM(C22:L22,N22) -> 7 | P22: =SUM(C22:N22) -> 13 | R22: AM Peak Hr | S22: =MAX(S10:S12) -> 4 | T22: =MAX(T10:T12) -> 3 | U22: =MAX(U10:U12) -> 12 | V22: =MAX(V10:V12) -> 4 | W22: =MAX(W10:W12) -> 0 | X22: =MAX(X10:X12) -> 1 | Y22: =MAX(Y10:Y12) -> 3 | Z22: =MAX(Z10:Z12) -> 6 | ... AF22: =MAX(AF10:AF12) -> 62
B23: 10.15 - 10.30 | C23: 0 | D23: 0 | E23: 2 | F23: 2 | G23: 0 | H23: 0 | I23: 0 | J23: 0 | K23: 0 | L23: 2 | M23: 2 | N23: 0 | O23: =SUM(C23:L23,N23) -> 6 | P23: =SUM(C23:N23) -> 8 | R23: IP Peak Hr | S23: =MAX(S13:S18) -> 5 | T23: =MAX(T13:T18) -> 1 | U23: =MAX(U13:U18) -> 11 | V23: =MAX(V13:V18) -> 7 | W23: =MAX(W13:W18) -> 1 | X23: =MAX(X13:X18) -> 4 | Y23: =MAX(Y13:Y18) -> 3 | Z23: =MAX(Z13:Z18) -> 4 | ... AF23: =MAX(AF13:AF18) -> 46
B24: 10.30 - 10.45 | C24: 1 | D24: 0 | E24: 2 | F24: 2 | G24: 0 | H24: 0 | I24: 0 | J24: 4 | K24: 0 | L24: 0 | M24: 9 | N24: 0 | O24: =SUM(C24:L24,N24) -> 9 | P24: =SUM(C24:N24) -> 18 | R24: PM Peak Hr | S24: =MAX(S19:S21) -> 6 | T24: =MAX(T19:T21) -> 3 | U24: =MAX(U19:U21) -> 13 | V24: =MAX(V19:V21) -> 10 | W24: =MAX(W19:W21) -> 0 | X24: =MAX(X19:X21) -> 3 | Y24: =MAX(Y19:Y21) -> 3 | Z24: =MAX(Z19:Z21) -> 3 | ... AF24: =MAX(AF19:AF21) -> 50
B25: 10.45 - 11.00 | C25: 0 | D25: 0 | E25: 0 | F25: 2 | G25: 0 | H25: 0 | I25: 0 | J25: 0 | K25: 0 | L25: 0 | M25: 3 | N25: 0 | O25: =SUM(C25:L25,N25) -> 2 | P25: =SUM(C25:N25) -> 5 | R25: AM Period | S25: =SUM(S10:S12) -> 6 | T25: =SUM(T10:T12) -> 5 | U25: =SUM(U10:U12) -> 23 | V25: =SUM(V10:V12) -> 11 | W25: =SUM(W10:W12) -> 0 | X25: =SUM(X10:X12) -> 1 | Y25: =SUM(Y10:Y12) -> 5 | Z25: =SUM(Z10:Z12) -> 14 | ... AF25: =SUM(AF10:AF12) -> 132
B26: 11.00 - 11.15 | C26: 0 | D26: 0 | E26: 0 | F26: 3 | G26: 0 | H26: 0 | I26: 1 | J26: 0 | K26: 0 | L26: 1 | M26: 6 | N26: 0 | O26: =SUM(C26:L26,N26) -> 5 | P26: =SUM(C26:N26) -> 11 | R26: IP Period | S26: =SUM(S13:S18) -> 15 | T26: =SUM(T13:T18) -> 3 | U26: =SUM(U13:U18) -> 41 | V26: =SUM(V13:V18) -> 33 | W26: =SUM(W13:W18) -> 1 | X26: =SUM(X13:X18) -> 7 | Y26: =SUM(Y13:Y18) -> 6 | Z26: =SUM(Z13:Z18) -> 8 | ... AF26: =SUM(AF13:AF18) -> 243
B27: 11.15 - 11.30 | C27: 0 | D27: 0 | E27: 1 | F27: 2 | G27: 0 | H27: 0 | I27: 0 | J27: 0 | K27: 0 | L27: 1 | M27: 6 | N27: 1 | O27: =SUM(C27:L27,N27) -> 5 | P27: =SUM(C27:N27) -> 11 | R27: PM Period | S27: =SUM(S19:S21) -> 7 | T27: =SUM(T19:T21) -> 6 | U27: =SUM(U19:U21) -> 29 | V27: =SUM(V19:V21) -> 18 | W27: =SUM(W19:W21) -> 0 | X27: =SUM(X19:X21) -> 7 | Y27: =SUM(Y19:Y21) -> 7 | Z27: =SUM(Z19:Z21) -> 5 | ... AF27: =SUM(AF19:AF21) -> 135
B28: 11.30 - 11.45 | C28: 0 | D28: 0 | E28: 2 | F28: 1 | G28: 0 | H28: 0 | I28: 0 | J28: 0 | K28: 0 | L28: 0 | M28: 4 | N28: 0 | O28: =SUM(C28:L28,N28) -> 3 | P28: =SUM(C28:N28) -> 7 | R28: 12 Hours | S28: =SUM(S10:S21) -> 28 | T28: =SUM(T10:T21) -> 14 | U28: =SUM(U10:U21) -> 93 | V28: =SUM(V10:V21) -> 62 | W28: =SUM(W10:W21) -> 1 | X28: =SUM(X10:X21) -> 15 | Y28: =SUM(Y10:Y21) -> 18 | Z28: =SUM(Z10:Z21) -> 27 | ... AF28: =SUM(AF10:AF21) -> 510
B29: 11.45 - 12.00 | C29: 0 | D29: 1 | E29: 4 | F29: 1 | G29: 0 | H29: 0 | I29: 2 | J29: 1 | K29: 0 | L29: 0 | M29: 8 | N29: 0 | O29: =SUM(C29:L29,N29) -> 9 | P29: =SUM(C29:N29) -> 17
B30: 12.00 - 12.15 | C30: 0 | D30: 0 | E30: 2 | F30: 2 | G30: 0 | H30: 0 | I30: 0 | J30: 0 | K30: 0 | L30: 0 | M30: 5 | N30: 0 | O30: =SUM(C30:L30,N30) -> 4 | P30: =SUM(C30:N30) -> 9
B31: 12.15 - 12.30 | C31: 1 | D31: 0 | E31: 2 | F31: 0 | G31: 0 | H31: 0 | I31: 0 | J31: 1 | K31: 0 | L31: 0 | M31: 7 | N31: 0 | O31: =SUM(C31:L31,N31) -> 4 | P31: =SUM(C31:N31) -> 11
B32: 12.30 - 12.45 | C32: 0 | D32: 1 | E32: 5 | F32: 2 | G32: 0 | H32: 1 | I32: 0 | J32: 0 | K32: 0 | L32: 1 | M32: 6 | N32: 0 | O32: =SUM(C32:L32,N32) -> 10 | P32: =SUM(C32:N32) -> 16
B33: 12.45 - 13.00 | C33: 0 | D33: 0 | E33: 2 | F33: 2 | G33: 0 | H33: 1 | I33: 0 | J33: 0 | K33: 0 | L33: 0 | M33: 2 | N33: 0 | O33: =SUM(C33:L33,N33) -> 5 | P33: =SUM(C33:N33) -> 7
B34: 13.00 - 13.15 | C34: 3 | D34: 0 | E34: 2 | F34: 1 | G34: 0 | H34: 0 | I34: 2 | J34: 0 | K34: 0 | L34: 2 | M34: 5 | N34: 0 | O34: =SUM(C34:L34,N34) -> 10 | P34: =SUM(C34:N34) -> 15
B35: 13.15 - 13.30 | C35: 1 | D35: 0 | E35: 0 | F35: 1 | G35: 0 | H35: 0 | I35: 0 | J35: 0 | K35: 0 | L35: 0 | M35: 5 | N35: 0 | O35: =SUM(C35:L35,N35) -> 2 | P35: =SUM(C35:N35) -> 7
B36: 13.30 - 13.45 | C36: 1 | D36: 0 | E36: 1 | F36: 2 | G36: 0 | H36: 0 | I36: 0 | J36: 0 | K36: 0 | L36: 0 | M36: 4 | N36: 0 | O36: =SUM(C36:L36,N36) -> 4 | P36: =SUM(C36:N36) -> 8
B37: 13.45 - 14.00 | C37: 0 | D37: 0 | E37: 1 | F37: 2 | G37: 0 | H37: 0 | I37: 0 | J37: 0 | K37: 1 | L37: 0 | M37: 3 | N37: 0 | O37: =SUM(C37:L37,N37) -> 4 | P37: =SUM(C37:N37) -> 7
B38: 14.00 - 14.15 | C38: 0 | D38: 0 | E38: 1 | F38: 0 | G38: 0 | H38: 0 | I38: 0 | J38: 0 | K38: 1 | L38: 0 | M38: 2 | N38: 0 | O38: =SUM(C38:L38,N38) -> 2 | P38: =SUM(C38:N38) -> 4
B39: 14.15 - 14.30 | C39: 0 | D39: 1 | E39: 3 | F39: 2 | G39: 0 | H39: 0 | I39: 0 | J39: 0 | K39: 0 | L39: 0 | M39: 1 | N39: 0 | O39: =SUM(C39:L39,N39) -> 6 | P39: =SUM(C39:N39) -> 7
B40: 14.30 - 14.45 | C40: 2 | D40: 0 | E40: 2 | F40: 1 | G40: 1 | H40: 4 | I40: 0 | J40: 1 | K40: 0 | L40: 1 | M40: 8 | N40: 0 | O40: =SUM(C40:L40,N40) -> 12 | P40: =SUM(C40:N40) -> 20
... B57: 18.45 - 19.00 | C57: 0 | D57: 2 | E57: 6 | F57: 1 | G57: 0 | H57: 0 | I57: 1 | J57: 0 | K57: 1 | L57: 0 | M57: 2 | N57: 0 | O57: =SUM(C57:L57,N57) -> 11 | P57: =SUM(C57:N57) -> 13
B58: Totals | C58: 0 | D58: =SUM(D10:D57) -> 14 | E58: 0 | F58: 0 | G58: 0 | H58: 0 | I58: 0 | J58: 0 | K58: 0 | L58: =SUM(L10:L57) -> 31 | M58: 0 | N58: 0 | O58: =SUM(O10:O57) -> 309 | P58: =SUM(P10:P57) -> 510
B59: %ges + MCs | C59: 0 | D59: =D58/$P$58 -> 0.02745098 | E59: 0 | F59: 0 | G59: 0 | H59: 0 | I59: 0 | J59: 0 | K59: 0 | L59: =L58/$P$58 -> 0.060784314 | M59: 0 | N59: 0
B60: %ges w/o MCs | C60: 0 | D60: =D58/$O$58 -> 0.045307443 | E60: 0 | F60: 0 | G60: 0 | H60: 0 | I60: 0 | J60: 0 | K60: 0 | L60: =L58/$O$58 -> 0.10032362 | M60: 0 | N60: 0
C61: 0 | E61: 0 | F61: 0 | G61: 0 | H61: 0 | I61: 0 | J61: 0 | K61: 0 | M61: 0 | N61: 0
C62: 0 | E62: 0 | F62: 0 | G62: 0 | H62: 0 | I62: 0 | J62: 0 | K62: 0 | M62: 0 | N62: 0

Sheet 30.07 karuma-pakwach
B1: Consultancy services for Preparation of Expressway Development Master Plan (EDMP) for Uganda
B2: MANUAL CLASSIFIED COUNT (MCC)
B3: ROAD NAME: | C3: ='29.07 karuma-pakwach'!C3:G3 -> MCC - C5 - STN115 - KARUMA-PAKWACH ROAD
C5: Date | D5: 30.07.19 | F5: Location | G5: ='29.07 Pakwach-Karuma'!G5:H5 -> xxx | J5: Surveyor | K5: ='29.07 Pakwach-Karuma'!K5:L5 -> xxx
C6: Dir. From | D6: karuma | F6: Dir. To | G6: pakwach | J6: Supervisor | K6: ='29.07 Pakwach-Karuma'!K6:L6 -> xxx
B8: Time / Veh Type | R8: SUMMARY TRAFFIC VOLUMES
C9: 1. Car | D9: 2. Station Wagon | E9: 3. Pickups | F9: 4. Minibus, matatu | G9: 5. Medium bus | H9: 6. Large Bus | I9: 7. Light Truck | J9: 8. Medium Truck | K9: 9. Heavy truck | L9: 10. Truck Trailer | M9: 11. Motor cycles | N9: 12. Tractors | O9: Total Excl M/Cycles | P9: Total All | R9: Time | S9: 1. Car | T9: 2. Station Wagon | U9: 3. Pickups | V9: 4. Minibus, matatu | W9: 5. Medium bus | X9: 6. Large Bus | Y9: 7. Light Truck | Z9: 8. Medium Truck | AA9: 9. Heavy truck | AB9: 10. Truck Trailer | AC9: 11. Motorcycles | AD9: 12. Tractors, Graders | AE9: Total Excl M/ Cycles | AF9: Total All
B10: 07.00 - 07.15 | C10: 2 | D10: 0 | E10: 0 | F10: 0 | G10: 0 | H10: 0 | I10: 0 | J10: 0 | K10: 0 | L10: 1 | M10: 3 | N10: 0 | O10: =SUM(C10:L10,N10) -> 3 | P10: =SUM(C10:N10) -> 6 | R10: 0700-0800 | S10: =SUM(C10:C13) -> 3 | T10: =SUM(D10:D13) -> 0 | U10: =SUM(E10:E13) -> 0 | V10: =SUM(F10:F13) -> 1 | W10: =SUM(G10:G13) -> 0 | X10: =SUM(H10:H13) -> 1 | Y10: =SUM(I10:I13) -> 3 | Z10: =SUM(J10:J13) -> 0 | ... AF10: =SUM(P10:P13) -> 22
B11: 07.15 - 07.30 | C11: 0 | D11: 0 | E11: 0 | F11: 0 | G11: 0 | H11: 1 | I11: 2 | J11: 0 | K11: 0 | L11: 1 | M11: 1 | N11: 0 | O11: =SUM(C11:L11,N11) -> 4 | P11: =SUM(C11:N11) -> 5 | R11: 0800-0900 | S11: =SUM(C14:C17) -> 0 | T11: =SUM(D14:D17) -> 0 | U11: =SUM(E14:E17) -> 3 | V11: =SUM(F14:F17) -> 1 | W11: =SUM(G14:G17) -> 0 | X11: =SUM(H14:H17) -> 0 | Y11: =SUM(I14:I17) -> 0 | Z11: =SUM(J14:J17) -> 1 | ... AF11: =SUM(P14:P17) -> 22
B12: 07.30 - 07.45 | C12: 0 | D12: 0 | E12: 0 | F12: 0 | G12: 0 | H12: 0 | I12: 0 | J12: 0 | K12: 0 | L12: 3 | M12: 1 | N12: 1 | O12: =SUM(C12:L12,N12) -> 4 | P12: =SUM(C12:N12) -> 5 | R12: 0900-1000 | S12: =SUM(C18:C21) -> 0 | T12: =SUM(D18:D21) -> 0 | U12: =SUM(E18:E21) -> 2 | V12: =SUM(F18:F21) -> 3 | W12: =SUM(G18:G21) -> 0 | X12: =SUM(H18:H21) -> 1 | Y12: =SUM(I18:I21) -> 1 | Z12: =SUM(J18:J21) -> 0 | ... AF12: =SUM(P18:P21) -> 21
B13: 07.45 - 08.00 | C13: 1 | D13: 0 | E13: 0 | F13: 1 | G13: 0 | H13: 0 | I13: 1 | J13: 0 | K13: 0 | L13: 0 | M13: 3 | N13: 0 | O13: =SUM(C13:L13,N13) -> 3 | P13: =SUM(C13:N13) -> 6 | R13: 1000-1100 | S13: =SUM(C22:C25) -> 2 | T13: =SUM(D22:D25) -> 0 | U13: =SUM(E22:E25) -> 4 | V13: =SUM(F22:F25) -> 2 | W13: =SUM(G22:G25) -> 0 | X13: =SUM(H22:H25) -> 3 | Y13: =SUM(I22:I25) -> 5 | Z13: =SUM(J22:J25) -> 0 | ... AF13: =SUM(P22:P25) -> 26
B14: 08.00 - 08.15 | C14: 0 | D14: 0 | E14: 0 | F14: 0 | G14: 0 | H14: 0 | I14: 0 | J14: 1 | K14: 0 | L14: 2 | M14: 2 | N14: 0 | O14: =SUM(C14:L14,N14) -> 3 | P14: =SUM(C14:N14) -> 5 | R14: 1100-1200 | S14: =SUM(C26:C29) -> 3 | T14: =SUM(D26:D29) -> 0 | U14: =SUM(E26:E29) -> 1 | V14: =SUM(F26:F29) -> 2 | W14: =SUM(G26:G29) -> 1 | X14: =SUM(H26:H29) -> 3 | Y14: =SUM(I26:I29) -> 1 | Z14: =SUM(J26:J29) -> 3 | ... AF14: =SUM(P26:P29) -> 31
B15: 08.15 - 08.30 | C15: 0 | D15: 0 | E15: 2 | F15: 0 | G15: 0 | H15: 0 | I15: 0 | J15: 0 | K15: 0 | L15: 3 | M15: 2 | N15: 1 | O15: =SUM(C15:L15,N15) -> 6 | P15: =SUM(C15:N15) -> 8 | R15: 1200-1300 | S15: =SUM(C30:C33) -> 3 | T15: =SUM(D30:D33) -> 0 | U15: =SUM(E30:E33) -> 4 | V15: =SUM(F30:F33) -> 4 | W15: =SUM(G30:G33) -> 2 | X15: =SUM(H30:H33) -> 0 | Y15: =SUM(I30:I33) -> 3 | Z15: =SUM(J30:J33) -> 1 | ... AF15: =SUM(P30:P33) -> 39
B16: 08.30 - 08.45 | C16: 0 | D16: 0 | E16: 1 | F16: 1 | G16: 0 | H16: 0 | I16: 0 | J16: 0 | K16: 0 | L16: 1 | M16: 4 | N16: 0 | O16: =SUM(C16:L16,N16) -> 3 | P16: =SUM(C16:N16) -> 7 | R16: 1300-1400 | S16: =SUM(C34:C37) -> 4 | T16: =SUM(D34:D37) -> 1 | U16: =SUM(E34:E37) -> 5 | V16: =SUM(F34:F37) -> 2 | W16: =SUM(G34:G37) -> 0 | X16: =SUM(H34:H37) -> 2 | Y16: =SUM(I34:I37) -> 4 | Z16: =SUM(J34:J37) -> 0 | ... AF16: =SUM(P34:P37) -> 30
B17: 08.45 - 9.00 | C17: 0 | D17: 0 | E17: 0 | F17: 0 | G17: 0 | H17: 0 | I17: 0 | J17: 0 | K17: 0 | L17: 1 | M17: 1 | N17: 0 | O17: =SUM(C17:L17,N17) -> 1 | P17: =SUM(C17:N17) -> 2 | R17: 1400-1500 | S17: =SUM(C38:C41) -> 3 | T17: =SUM(D38:D41) -> 0 | U17: =SUM(E38:E41) -> 3 | V17: =SUM(F38:F41) -> 1 | W17: =SUM(G38:G41) -> 0 | X17: =SUM(H38:H41) -> 1 | Y17: =SUM(I38:I41) -> 1 | Z17: =SUM(J38:J41) -> 1 | ... AF17: =SUM(P38:P41) -> 15
B18: 09.00 - 09.15 | C18: 0 | D18: 0 | E18: 1 | F18: 1 | G18: 0 | H18: 0 | I18: 0 | J18: 0 | K18: 0 | L18: 0 | M18: 3 | N18: 0 | O18: =SUM(C18:L18,N18) -> 2 | P18: =SUM(C18:N18) -> 5 | R18: 1500-1600 | S18: =SUM(C42:C45) -> 5 | T18: =SUM(D42:D45) -> 1 | U18: =SUM(E42:E45) -> 5 | V18: =SUM(F42:F45) -> 3 | W18: =SUM(G42:G45) -> 0 | X18: =SUM(H42:H45) -> 2 | Y18: =SUM(I42:I45) -> 7 | Z18: =SUM(J42:J45) -> 1 | ... AF18: =SUM(P42:P45) -> 46
B19: 09.15 - 09.30 | C19: 0 | D19: 0 | E19: 1 | F19: 1 | G19: 0 | H19: 1 | I19: 1 | J19: 0 | K19: 0 | L19: 0 | M19: 2 | N19: 0 | O19: =SUM(C19:L19,N19) -> 4 | P19: =SUM(C19:N19) -> 6 | R19: 1600-1700 | S19: =SUM(C46:C49) -> 2 | T19: =SUM(D46:D49) -> 0 | U19: =SUM(E46:E49) -> 3 | V19: =SUM(F46:F49) -> 2 | W19: =SUM(G46:G49) -> 0 | X19: =SUM(H46:H49) -> 1 | Y19: =SUM(I46:I49) -> 4 | Z19: =SUM(J46:J49) -> 0 | ... AF19: =SUM(P46:P49) -> 26
B20: 09.30 - 09.45 | C20: 0 | D20: 0 | E20: 0 | F20: 1 | G20: 0 | H20: 0 | I20: 0 | J20: 0 | K20: 0 | L20: 0 | M20: 2 | N20: 0 | O20: =SUM(C20:L20,N20) -> 1 | P20: =SUM(C20:N20) -> 3 | R20: 1700-1800 | S20: =SUM(C50:C53) -> 7 | T20: =SUM(D50:D53) -> 1 | U20: =SUM(E50:E53) -> 4 | V20: =SUM(F50:F53) -> 4 | W20: =SUM(G50:G53) -> 1 | X20: =SUM(H50:H53) -> 0 | Y20: =SUM(I50:I53) -> 0 | Z20: =SUM(J50:J53) -> 1 | ... AF20: =SUM(P50:P53) -> 31
B21: 09.45 - 10.00 | C21: 0 | D21: 0 | E21: 0 | F21: 0 | G21: 0 | H21: 0 | I21: 0 | J21: 0 | K21: 0 | L21: 0 | M21: 7 | N21: 0 | O21: =SUM(C21:L21,N21) -> 0 | P21: =SUM(C21:N21) -> 7 | R21: 1800-1900 | S21: =SUM(C54:C57) -> 1 | T21: =SUM(D54:D57) -> 1 | U21: =SUM(E54:E57) -> 2 | V21: =SUM(F54:F57) -> 0 | W21: =SUM(G54:G57) -> 0 | X21: =SUM(H54:H57) -> 0 | Y21: =SUM(I54:I57) -> 3 | Z21: =SUM(J54:J57) -> 0 | ... AF21: =SUM(P54:P57) -> 19
B22: 10.00 - 10.15 | C22: 0 | D22: 0 | E22: 0 | F22: 1 | G22: 0 | H22: 1 | I22: 1 | J22: 0 | K22: 0 | L22: 1 | M22: 4 | N22: 0 | O22: =SUM(C22:L22,N22) -> 4 | P22: =SUM(C22:N22) -> 8 | R22: AM Peak Hr | S22: =MAX(S10:S12) -> 3 | T22: =MAX(T10:T12) -> 0 | U22: =MAX(U10:U12) -> 3 | V22: =MAX(V10:V12) -> 3 | W22: =MAX(W10:W12) -> 0 | X22: =MAX(X10:X12) -> 1 | Y22: =MAX(Y10:Y12) -> 3 | Z22: =MAX(Z10:Z12) -> 1 | ... AF22: =MAX(AF10:AF12) -> 22
B23: 10.15 - 10.30 | C23: 2 | D23: 0 | E23: 2 | F23: 1 | G23: 0 | H23: 1 | I23: 2 | J23: 0 | K23: 0 | L23: 0 | M23: 0 | N23: 0 | O23: =SUM(C23:L23,N23) -> 8 | P23: =SUM(C23:N23) -> 8 | R23: IP Peak Hr | S23: =MAX(S13:S18) -> 5 | T23: =MAX(T13:T18) -> 1 | U23: =MAX(U13:U18) -> 5 | V23: =MAX(V13:V18) -> 4 | W23: =MAX(W13:W18) -> 2 | X23: =MAX(X13:X18) -> 3 | Y23: =MAX(Y13:Y18) -> 7 | Z23: =MAX(Z13:Z18) -> 3 | ... AF23: =MAX(AF13:AF18) -> 46
B24: 10.30 - 10.45 | C24: 0 | D24: 0 | E24: 0 | F24: 0 | G24: 0 | H24: 0 | I24: 0 | J24: 0 | K24: 0 | L24: 0 | M24: 1 | N24: 0 | O24: =SUM(C24:L24,N24) -> 0 | P24: =SUM(C24:N24) -> 1 | R24: PM Peak Hr | S24: =MAX(S19:S21) -> 7 | T24: =MAX(T19:T21) -> 1 | U24: =MAX(U19:U21) -> 4 | V24: =MAX(V19:V21) -> 4 | W24: =MAX(W19:W21) -> 1 | X24: =MAX(X19:X21) -> 1 | Y24: =MAX(Y19:Y21) -> 4 | Z24: =MAX(Z19:Z21) -> 1 | ... AF24: =MAX(AF19:AF21) -> 31
B25: 10.45 - 11.00 | C25: 0 | D25: 0 | E25: 2 | F25: 0 | G25: 0 | H25: 1 | I25: 2 | J25: 0 | K25: 0 | L25: 1 | M25: 3 | N25: 0 | O25: =SUM(C25:L25,N25) -> 6 | P25: =SUM(C25:N25) -> 9 | R25: AM Period | S25: =SUM(S10:S12) -> 3 | T25: =SUM(T10:T12) -> 0 | U25: =SUM(U10:U12) -> 5 | V25: =SUM(V10:V12) -> 5 | W25: =SUM(W10:W12) -> 0 | X25: =SUM(X10:X12) -> 2 | Y25: =SUM(Y10:Y12) -> 4 | Z25: =SUM(Z10:Z12) -> 1 | ... AF25: =SUM(AF10:AF12) -> 65
B26: 11.00 - 11.15 | C26: 0 | D26: 0 | E26: 0 | F26: 0 | G26: 0 | H26: 1 | I26: 0 | J26: 1 | K26: 0 | L26: 2 | M26: 6 | N26: 0 | O26: =SUM(C26:L26,N26) -> 4 | P26: =SUM(C26:N26) -> 10 | R26: IP Period | S26: =SUM(S13:S18) -> 20 | T26: =SUM(T13:T18) -> 2 | U26: =SUM(U13:U18) -> 22 | V26: =SUM(V13:V18) -> 14 | W26: =SUM(W13:W18) -> 3 | X26: =SUM(X13:X18) -> 11 | Y26: =SUM(Y13:Y18) -> 21 | Z26: =SUM(Z13:Z18) -> 6 | ... AF26: =SUM(AF13:AF18) -> 187
B27: 11.15 - 11.30 | C27: 0 | D27: 0 | E27: 1 | F27: 0 | G27: 0 | H27: 2 | I27: 0 | J27: 0 | K27: 0 | L27: 1 | M27: 2 | N27: 0 | O27: =SUM(C27:L27,N27) -> 4 | P27: =SUM(C27:N27) -> 6 | R27: PM Period | S27: =SUM(S19:S21) -> 10 | T27: =SUM(T19:T21) -> 2 | U27: =SUM(U19:U21) -> 9 | V27: =SUM(V19:V21) -> 6 | W27: =SUM(W19:W21) -> 1 | X27: =SUM(X19:X21) -> 1 | Y27: =SUM(Y19:Y21) -> 7 | Z27: =SUM(Z19:Z21) -> 1 | ... AF27: =SUM(AF19:AF21) -> 76
B28: 11.30 - 11.45 | C28: 1 | D28: 0 | E28: 0 | F28: 0 | G28: 0 | H28: 0 | I28: 0 | J28: 1 | K28: 0 | L28: 0 | M28: 3 | N28: 0 | O28: =SUM(C28:L28,N28) -> 2 | P28: =SUM(C28:N28) -> 5 | R28: 12 Hours | S28: =SUM(S10:S21) -> 33 | T28: =SUM(T10:T21) -> 4 | U28: =SUM(U10:U21) -> 36 | V28: =SUM(V10:V21) -> 25 | W28: =SUM(W10:W21) -> 4 | X28: =SUM(X10:X21) -> 14 | Y28: =SUM(Y10:Y21) -> 32 | Z28: =SUM(Z10:Z21) -> 8 | ... AF28: =SUM(AF10:AF21) -> 328
B29: 11.45 - 12.00 | C29: 2 | D29: 0 | E29: 0 | F29: 2 | G29: 1 | H29: 0 | I29: 1 | J29: 1 | K29: 0 | L29: 0 | M29: 3 | N29: 0 | O29: =SUM(C29:L29,N29) -> 7 | P29: =SUM(C29:N29) -> 10
B30: 12.00 - 12.15 | C30: 1 | D30: 0 | E30: 0 | F30: 1 | G30: 0 | H30: 0 | I30: 0 | J30: 0 | K30: 0 | L30: 2 | M30: 3 | N30: 0 | O30: =SUM(C30:L30,N30) -> 4 | P30: =SUM(C30:N30) -> 7
B31: 12.15 - 12.30 | C31: 0 | D31: 0 | E31: 1 | F31: 0 | G31: 0 | H31: 0 | I31: 0 | J31: 1 | K31: 0 | L31: 0 | M31: 1 | N31: 0 | O31: =SUM(C31:L31,N31) -> 2 | P31: =SUM(C31:N31) -> 3
B32: 12.30 - 12.45 | C32: 1 | D32: 0 | E32: 2 | F32: 2 | G32: 1 | H32: 0 | I32: 2 | J32: 0 | K32: 0 | L32: 0 | M32: 8 | N32: 1 | O32: =SUM(C32:L32,N32) -> 9 | P32: =SUM(C32:N32) -> 17
B33: 12.45 - 13.00 | C33: 1 | D33: 0 | E33: 1 | F33: 1 | G33: 1 | H33: 0 | I33: 1 | J33: 0 | K33: 0 | L33: 2 | M33: 4 | N33: 1 | O33: =SUM(C33:L33,N33) -> 8 | P33: =SUM(C33:N33) -> 12
B34: 13.00 - 13.15 | C34: 0 | D34: 0 | E34: 0 | F34: 0 | G34: 0 | H34: 0 | I34: 1 | J34: 0 | K34: 0 | L34: 0 | M34: 2 | N34: 0 | O34: =SUM(C34:L34,N34) -> 1 | P34: =SUM(C34:N34) -> 3
B35: 13.15 - 13.30 | C35: 4 | D35: 0 | E35: 1 | F35: 2 | G35: 0 | H35: 1 | I35: 2 | J35: 0 | K35: 0 | L35: 2 | M35: 1 | N35: 0 | O35: =SUM(C35:L35,N35) -> 12 | P35: =SUM(C35:N35) -> 13
B36: 13.30 - 13.45 | C36: 0 | D36: 0 | E36: 2 | F36: 0 | G36: 0 | H36: 1 | I36: 0 | J36: 0 | K36: 0 | L36: 2 | M36: 2 | N36: 0 | O36: =SUM(C36:L36,N36) -> 5 | P36: =SUM(C36:N36) -> 7
B37: 13.45 - 14.00 | C37: 0 | D37: 1 | E37: 2 | F37: 0 | G37: 0 | H37: 0 | I37: 1 | J37: 0 | K37: 0 | L37: 1 | M37: 1 | N37: 1 | O37: =SUM(C37:L37,N37) -> 6 | P37: =SUM(C37:N37) -> 7
B38: 14.00 - 14.15 | C38: 1 | D38: 0 | E38: 2 | F38: 0 | G38: 0 | H38: 0 | I38: 0 | J38: 1 | K38: 0 | L38: 0 | M38: 1 | N38: 0 | O38: =SUM(C38:L38,N38) -> 4 | P38: =SUM(C38:N38) -> 5
B39: 14.15 - 14.30 | C39: 0 | D39: 0 | E39: 0 | F39: 0 | G39: 0 | H39: 0 | I39: 1 | J39: 0 | K39: 0 | L39: 1 | M39: 1 | N39: 0 | O39: =SUM(C39:L39,N39) -> 2 | P39: =SUM(C39:N39) -> 3
B40: 14.30 - 14.45 | C40: 0 | D40: 0 | E40: 0 | F40: 1 | G40: 0 | H40: 0 | I40: 0 | J40: 0 | K40: 0 | L40: 0 | M40: 0 | N40: 0 | O40: =SUM(C40:L40,N40) -> 1 | P40: =SUM(C40:N40) -> 1
... B57: 18.45 - 19.00 | C57: 0 | D57: 0 | E57: 0 | F57: 0 | G57: 0 | H57: 0 | I57: 0 | J57: 0 | K57: 0 | L57: 0 | M57: 0 | N57: 0 | O57: =SUM(C57:L57,N57) -> 0 | P57: =SUM(C57:N57) -> 0
B58: Totals | C58: 0 | D58: =SUM(D10:D57) -> 4 | E58: 0 | F58: 0 | G58: 0 | H58: 0 | I58: 0 | J58: 0 | K58: 0 | L58: =SUM(L10:L57) -> 36 | M58: 0 | N58: 0 | O58: =SUM(O10:O57) -> 207 | P58: =SUM(P10:P57) -> 328
B59: %ges + MCs | C59: 0 | D59: =D58/$P$58 -> 0.012195122 | E59: 0 | F59: 0 | G59: 0 | H59: 0 | I59: 0 | J59: 0 | K59: 0 | L59: =L58/$P$58 -> 0.1097561 | M59: 0 | N59: 0
B60: %ges w/o MCs | C60: 0 | D60: =D58/$O$58 -> 0.019323671 | E60: 0 | F60: 0 | G60: 0 | H60: 0 | I60: 0 | J60: 0 | K60: 0 | L60: =L58/$O$58 -> 0.17391304 | M60: 0 | N60: 0

Sheet 31.07 pakwach-karuma
B1: Consultancy services for Preparation of Expressway Development Master Plan (EDMP) for Uganda
B2: MANUAL CLASSIFIED COUNT (MCC)
B3: ROAD NAME: | C3: ='29.07 Pakwach-Karuma'!C3:G3 -> MCC - C5 - STN115 - KARUMA-PAKWACH ROAD
C5: Date | D5: 31.07.19 | F5: Location | G5: ='29.07 Pakwach-Karuma'!G5:H5 -> xxx | J5: Surveyor | K5: ='29.07 Pakwach-Karuma'!K5:L5 -> xxx
C6: Dir. From | D6: pakwach | F6: Dir. To | G6: karuma | J6: Supervisor | K6: ='29.07 Pakwach-Karuma'!K6:L6 -> xxx
B8: Time / Veh Type | R8: SUMMARY TRAFFIC VOLUMES
C9: 1. Car | D9: 2. Station Wagon | E9: 3. Pickups | F9: 4. Minibus, matatu | G9: 5. Medium bus | H9: 6. Large Bus | I9: 7. Light Truck | J9: 8. Medium Truck | K9: 9. Heavy truck | L9: 10. Truck Trailer | M9: 11. Motor cycles | N9: 12. Tractors | O9: Total Excl M/Cycles | P9: Total All | R9: Time | S9: 1. Car | T9: 2. Station Wagon | U9: 3. Pickups | V9: 4. Minibus, matatu | W9: 5. Medium bus | X9: 6. Large Bus | Y9: 7. Light Truck | Z9: 8. Medium Truck | AA9: 9. Heavy truck | AB9: 10. Truck Trailer | AC9: 11. Motorcycles | AD9: 12. Tractors, Graders | AE9: Total Excl M/ Cycles | AF9: Total All
B10: 07.00 - 07.15 | C10: 1 | D10: 0 | E10: 2 | F10: 0 | G10: 0 | H10: 0 | I10: 0 | J10: 0 | K10: 0 | L10: 0 | M10: 3 | N10: 0 | O10: =SUM(C10:L10,N10) -> 3 | P10: =SUM(C10:N10) -> 6 | R10: 0700-0800 | S10: =SUM(C10:C13) -> 2 | T10: =SUM(D10:D13) -> 0 | U10: =SUM(E10:E13) -> 7 | V10: =SUM(F10:F13) -> 2 | W10: =SUM(G10:G13) -> 1 | X10: =SUM(H10:H13) -> 0 | Y10: =SUM(I10:I13) -> 0 | Z10: =SUM(J10:J13) -> 1 | ... AF10: =SUM(P10:P13) -> 26
B11: 07.15 - 07.30 | C11: 1 | D11: 0 | E11: 2 | F11: 2 | G11: 0 | H11: 0 | I11: 0 | J11: 0 | K11: 0 | L11: 0 | M11: 1 | N11: 0 | O11: =SUM(C11:L11,N11) -> 5 | P11: =SUM(C11:N11) -> 6 | R11: 0800-0900 | S11: =SUM(C14:C17) -> 11 | T11: =SUM(D14:D17) -> 1 | U11: =SUM(E14:E17) -> 5 | V11: =SUM(F14:F17) -> 0 | W11: =SUM(G14:G17) -> 0 | X11: =SUM(H14:H17) -> 0 | Y11: =SUM(I14:I17) -> 3 | Z11: =SUM(J14:J17) -> 3 | ... AF11: =SUM(P14:P17) -> 43
B12: 07.30 - 07.45 | C12: 0 | D12: 0 | E12: 2 | F12: 0 | G12: 1 | H12: 0 | I12: 0 | J12: 1 | K12: 1 | L12: 1 | M12: 3 | N12: 0 | O12: =SUM(C12:L12,N12) -> 6 | P12: =SUM(C12:N12) -> 9 | R12: 0900-1000 | S12: =SUM(C18:C21) -> 3 | T12: =SUM(D18:D21) -> 2 | U12: =SUM(E18:E21) -> 5 | V12: =SUM(F18:F21) -> 2 | W12: =SUM(G18:G21) -> 0 | X12: =SUM(H18:H21) -> 0 | Y12: =SUM(I18:I21) -> 2 | Z12: =SUM(J18:J21) -> 2 | ... AF12: =SUM(P18:P21) -> 35
B13: 07.45 - 08.00 | C13: 0 | D13: 0 | E13: 1 | F13: 0 | G13: 0 | H13: 0 | I13: 0 | J13: 0 | K13: 0 | L13: 2 | M13: 2 | N13: 0 | O13: =SUM(C13:L13,N13) -> 3 | P13: =SUM(C13:N13) -> 5 | R13: 1000-1100 | S13: =SUM(C22:C25) -> 1 | T13: =SUM(D22:D25) -> 1 | U13: =SUM(E22:E25) -> 6 | V13: =SUM(F22:F25) -> 4 | W13: =SUM(G22:G25) -> 1 | X13: =SUM(H22:H25) -> 0 | Y13: =SUM(I22:I25) -> 2 | Z13: =SUM(J22:J25) -> 4 | ... AF13: =SUM(P22:P25) -> 41
B14: 08.00 - 08.15 | C14: 3 | D14: 0 | E14: 1 | F14: 0 | G14: 0 | H14: 0 | I14: 0 | J14: 1 | K14: 0 | L14: 1 | M14: 2 | N14: 0 | O14: =SUM(C14:L14,N14) -> 6 | P14: =SUM(C14:N14) -> 8 | R14: 1100-1200 | S14: =SUM(C26:C29) -> 3 | T14: =SUM(D26:D29) -> 1 | U14: =SUM(E26:E29) -> 6 | V14: =SUM(F26:F29) -> 7 | W14: =SUM(G26:G29) -> 0 | X14: =SUM(H26:H29) -> 0 | Y14: =SUM(I26:I29) -> 0 | Z14: =SUM(J26:J29) -> 1 | ... AF14: =SUM(P26:P29) -> 33
B15: 08.15 - 08.30 | C15: 3 | D15: 0 | E15: 0 | F15: 0 | G15: 0 | H15: 0 | I15: 2 | J15: 0 | K15: 2 | L15: 0 | M15: 3 | N15: 0 | O15: =SUM(C15:L15,N15) -> 7 | P15: =SUM(C15:N15) -> 10 | R15: 1200-1300 | S15: =SUM(C30:C33) -> 1 | T15: =SUM(D30:D33) -> 1 | U15: =SUM(E30:E33) -> 4 | V15: =SUM(F30:F33) -> 6 | W15: =SUM(G30:G33) -> 0 | X15: =SUM(H30:H33) -> 1 | Y15: =SUM(I30:I33) -> 0 | Z15: =SUM(J30:J33) -> 0 | ... AF15: =SUM(P30:P33) -> 40
B16: 08.30 - 08.45 | C16: 4 | D16: 1 | E16: 2 | F16: 0 | G16: 0 | H16: 0 | I16: 0 | J16: 0 | K16: 2 | L16: 0 | M16: 4 | N16: 0 | O16: =SUM(C16:L16,N16) -> 9 | P16: =SUM(C16:N16) -> 13 | R16: 1300-1400 | S16: =SUM(C34:C37) -> 1 | T16: =SUM(D34:D37) -> 2 | U16: =SUM(E34:E37) -> 9 | V16: =SUM(F34:F37) -> 3 | W16: =SUM(G34:G37) -> 1 | X16: =SUM(H34:H37) -> 1 | Y16: =SUM(I34:I37) -> 4 | Z16: =SUM(J34:J37) -> 0 | ... AF16: =SUM(P34:P37) -> 40
B17: 08.45 - 9.00 | C17: 1 | D17: 0 | E17: 2 | F17: 0 | G17: 0 | H17: 0 | I17: 1 | J17: 2 | K17: 0 | L17: 2 | M17: 4 | N17: 0 | O17: =SUM(C17:L17,N17) -> 8 | P17: =SUM(C17:N17) -> 12 | R17: 1400-1500 | S17: =SUM(C38:C41) -> 0 | T17: =SUM(D38:D41) -> 2 | U17: =SUM(E38:E41) -> 4 | V17: =SUM(F38:F41) -> 4 | W17: =SUM(G38:G41) -> 1 | X17: =SUM(H38:H41) -> 2 | Y17: =SUM(I38:I41) -> 0 | Z17: =SUM(J38:J41) -> 1 | ... AF17: =SUM(P38:P41) -> 33
B18: 09.00 - 09.15 | C18: 0 | D18: 0 | E18: 1 | F18: 0 | G18: 0 | H18: 0 | I18: 0 | J18: 0 | K18: 0 | L18: 0 | M18: 3 | N18: 1 | O18: =SUM(C18:L18,N18) -> 2 | P18: =SUM(C18:N18) -> 5 | R18: 1500-1600 | S18: =SUM(C42:C45) -> 1 | T18: =SUM(D42:D45) -> 2 | U18: =SUM(E42:E45) -> 6 | V18: =SUM(F42:F45) -> 5 | W18: =SUM(G42:G45) -> 0 | X18: =SUM(H42:H45) -> 1 | Y18: =SUM(I42:I45) -> 3 | Z18: =SUM(J42:J45) -> 0 | ... AF18: =SUM(P42:P45) -> 41
B19: 09.15 - 09.30 | C19: 1 | D19: 0 | E19: 0 | F19: 0 | G19: 0 | H19: 0 | I19: 0 | J19: 0 | K19: 0 | L19: 0 | M19: 1 | N19: 0 | O19: =SUM(C19:L19,N19) -> 1 | P19: =SUM(C19:N19) -> 2 | R19: 1600-1700 | S19: =SUM(C46:C49) -> 3 | T19: =SUM(D46:D49) -> 1 | U19: =SUM(E46:E49) -> 3 | V19: =SUM(F46:F49) -> 4 | W19: =SUM(G46:G49) -> 0 | X19: =SUM(H46:H49) -> 3 | Y19: =SUM(I46:I49) -> 0 | Z19: =SUM(J46:J49) -> 1 | ... AF19: =SUM(P46:P49) -> 46
B20: 09.30 - 09.45 | C20: 2 | D20: 1 | E20: 2 | F20: 1 | G20: 0 | H20: 0 | I20: 0 | J20: 2 | K20: 0 | L20: 2 | M20: 6 | N20: 0 | O20: =SUM(C20:L20,N20) -> 10 | P20: =SUM(C20:N20) -> 16 | R20: 1700-1800 | S20: =SUM(C50:C53) -> 3 | T20: =SUM(D50:D53) -> 0 | U20: =SUM(E50:E53) -> 6 | V20: =SUM(F50:F53) -> 3 | W20: =SUM(G50:G53) -> 0 | X20: =SUM(H50:H53) -> 3 | Y20: =SUM(I50:I53) -> 1 | Z20: =SUM(J50:J53) -> 3 | ... AF20: =SUM(P50:P53) -> 41
B21: 09.45 - 10.00 | C21: 0 | D21: 1 | E21: 2 | F21: 1 | G21: 0 | H21: 0 | I21: 2 | J21: 0 | K21: 1 | L21: 0 | M21: 5 | N21: 0 | O21: =SUM(C21:L21,N21) -> 7 | P21: =SUM(C21:N21) -> 12 | R21: 1800-1900 | S21: =SUM(C54:C57) -> 1 | T21: =SUM(D54:D57) -> 0 | U21: =SUM(E54:E57) -> 2 | V21: =SUM(F54:F57) -> 4 | W21: =SUM(G54:G57) -> 3 | X21: =SUM(H54:H57) -> 2 | Y21: =SUM(I54:I57) -> 0 | Z21: =SUM(J54:J57) -> 0 | ... AF21: =SUM(P54:P57) -> 40
B22: 10.00 - 10.15 | C22: 0 | D22: 0 | E22: 1 | F22: 2 | G22: 0 | H22: 0 | I22: 1 | J22: 2 | K22: 0 | L22: 2 | M22: 4 | N22: 0 | O22: =SUM(C22:L22,N22) -> 8 | P22: =SUM(C22:N22) -> 12 | R22: AM Peak Hr | S22: =MAX(S10:S12) -> 11 | T22: =MAX(T10:T12) -> 2 | U22: =MAX(U10:U12) -> 7 | V22: =MAX(V10:V12) -> 2 | W22: =MAX(W10:W12) -> 1 | X22: =MAX(X10:X12) -> 0 | Y22: =MAX(Y10:Y12) -> 3 | Z22: =MAX(Z10:Z12) -> 3 | ... AF22: =MAX(AF10:AF12) -> 43
B23: 10.15 - 10.30 | C23: 0 | D23: 0 | E23: 2 | F23: 1 | G23: 1 | H23: 0 | I23: 0 | J23: 1 | K23: 0 | L23: 2 | M23: 4 | N23: 1 | O23: =SUM(C23:L23,N23) -> 8 | P23: =SUM(C23:N23) -> 12 | R23: IP Peak Hr | S23: =MAX(S13:S18) -> 3 | T23: =MAX(T13:T18) -> 2 | U23: =MAX(U13:U18) -> 9 | V23: =MAX(V13:V18) -> 7 | W23: =MAX(W13:W18) -> 1 | X23: =MAX(X13:X18) -> 2 | Y23: =MAX(Y13:Y18) -> 4 | Z23: =MAX(Z13:Z18) -> 4 | ... AF23: =MAX(AF13:AF18) -> 41
B24: 10.30 - 10.45 | C24: 0 | D24: 1 | E24: 2 | F24: 0 | G24: 0 | H24: 0 | I24: 1 | J24: 1 | K24: 0 | L24: 1 | M24: 5 | N24: 0 | O24: =SUM(C24:L24,N24) -> 6 | P24: =SUM(C24:N24) -> 11 | R24: PM Peak Hr | S24: =MAX(S19:S21) -> 3 | T24: =MAX(T19:T21) -> 1 | U24: =MAX(U19:U21) -> 6 | V24: =MAX(V19:V21) -> 4 | W24: =MAX(W19:W21) -> 3 | X24: =MAX(X19:X21) -> 3 | Y24: =MAX(Y19:Y21) -> 1 | Z24: =MAX(Z19:Z21) -> 3 | ... AF24: =MAX(AF19:AF21) -> 46
B25: 10.45 - 11.00 | C25: 1 | D25: 0 | E25: 1 | F25: 1 | G25: 0 | H25: 0 | I25: 0 | J25: 0 | K25: 1 | L25: 0 | M25: 2 | N25: 0 | O25: =SUM(C25:L25,N25) -> 4 | P25: =SUM(C25:N25) -> 6 | R25: AM Period | S25: =SUM(S10:S12) -> 16 | T25: =SUM(T10:T12) -> 3 | U25: =SUM(U10:U12) -> 17 | V25: =SUM(V10:V12) -> 4 | W25: =SUM(W10:W12) -> 1 | X25: =SUM(X10:X12) -> 0 | Y25: =SUM(Y10:Y12) -> 5 | Z25: =SUM(Z10:Z12) -> 6 | ... AF25: =SUM(AF10:AF12) -> 104
B26: 11.00 - 11.15 | C26: 1 | D26: 0 | E26: 2 | F26: 4 | G26: 0 | H26: 0 | I26: 0 | J26: 0 | K26: 1 | L26: 1 | M26: 1 | N26: 0 | O26: =SUM(C26:L26,N26) -> 9 | P26: =SUM(C26:N26) -> 10 | R26: IP Period | S26: =SUM(S13:S18) -> 7 | T26: =SUM(T13:T18) -> 9 | U26: =SUM(U13:U18) -> 35 | V26: =SUM(V13:V18) -> 29 | W26: =SUM(W13:W18) -> 3 | X26: =SUM(X13:X18) -> 5 | Y26: =SUM(Y13:Y18) -> 9 | Z26: =SUM(Z13:Z18) -> 6 | ... AF26: =SUM(AF13:AF18) -> 228
B27: 11.15 - 11.30 | C27: 1 | D27: 0 | E27: 1 | F27: 1 | G27: 0 | H27: 0 | I27: 0 | J27: 1 | K27: 0 | L27: 0 | M27: 5 | N27: 0 | O27: =SUM(C27:L27,N27) -> 4 | P27: =SUM(C27:N27) -> 9 | R27: PM Period | S27: =SUM(S19:S21) -> 7 | T27: =SUM(T19:T21) -> 1 | U27: =SUM(U19:U21) -> 11 | V27: =SUM(V19:V21) -> 11 | W27: =SUM(W19:W21) -> 3 | X27: =SUM(X19:X21) -> 8 | Y27: =SUM(Y19:Y21) -> 1 | Z27: =SUM(Z19:Z21) -> 4 | ... AF27: =SUM(AF19:AF21) -> 127
B28: 11.30 - 11.45 | C28: 0 | D28: 0 | E28: 1 | F28: 0 | G28: 0 | H28: 0 | I28: 0 | J28: 0 | K28: 0 | L28: 0 | M28: 4 | N28: 0 | O28: =SUM(C28:L28,N28) -> 1 | P28: =SUM(C28:N28) -> 5 | R28: 12 Hours | S28: =SUM(S10:S21) -> 30 | T28: =SUM(T10:T21) -> 13 | U28: =SUM(U10:U21) -> 63 | V28: =SUM(V10:V21) -> 44 | W28: =SUM(W10:W21) -> 7 | X28: =SUM(X10:X21) -> 13 | Y28: =SUM(Y10:Y21) -> 15 | Z28: =SUM(Z10:Z21) -> 16 | ... AF28: =SUM(AF10:AF21) -> 459
B29: 11.45 - 12.00 | C29: 1 | D29: 1 | E29: 2 | F29: 2 | G29: 0 | H29: 0 | I29: 0 | J29: 0 | K29: 0 | L29: 0 | M29: 3 | N29: 0 | O29: =SUM(C29:L29,N29) -> 6 | P29: =SUM(C29:N29) -> 9
B30: 12.00 - 12.15 | C30: 0 | D30: 0 | E30: 1 | F30: 2 | G30: 0 | H30: 0 | I30: 0 | J30: 0 | K30: 0 | L30: 0 | M30: 9 | N30: 0 | O30: =SUM(C30:L30,N30) -> 3 | P30: =SUM(C30:N30) -> 12
B31: 12.15 - 12.30 | C31: 1 | D31: 0 | E31: 1 | F31: 1 | G31: 0 | H31: 0 | I31: 0 | J31: 0 | K31: 1 | L31: 1 | M31: 4 | N31: 0 | O31: =SUM(C31:L31,N31) -> 5 | P31: =SUM(C31:N31) -> 9
B32: 12.30 - 12.45 | C32: 0 | D32: 0 | E32: 0 | F32: 1 | G32: 0 | H32: 0 | I32: 0 | J32: 0 | K32: 1 | L32: 0 | M32: 5 | N32: 0 | O32: =SUM(C32:L32,N32) -> 2 | P32: =SUM(C32:N32) -> 7
B33: 12.45 - 13.00 | C33: 0 | D33: 1 | E33: 2 | F33: 2 | G33: 0 | H33: 1 | I33: 0 | J33: 0 | K33: 0 | L33: 0 | M33: 6 | N33: 0 | O33: =SUM(C33:L33,N33) -> 6 | P33: =SUM(C33:N33) -> 12
B34: 13.00 - 13.15 | C34: 0 | D34: 0 | E34: 2 | F34: 2 | G34: 0 | H34: 0 | I34: 1 | J34: 0 | K34: 0 | L34: 2 | M34: 6 | N34: 0 | O34: =SUM(C34:L34,N34) -> 7 | P34: =SUM(C34:N34) -> 13
B35: 13.15 - 13.30 | C35: 1 | D35: 0 | E35: 2 | F35: 1 | G35: 0 | H35: 0 | I35: 2 | J35: 0 | K35: 0 | L35: 1 | M35: 2 | N35: 0 | O35: =SUM(C35:L35,N35) -> 7 | P35: =SUM(C35:N35) -> 9
B36: 13.30 - 13.45 | C36: 0 | D36: 2 | E36: 3 | F36: 0 | G36: 1 | H36: 0 | I36: 1 | J36: 0 | K36: 0 | L36: 0 | M36: 3 | N36: 0 | O36: =SUM(C36:L36,N36) -> 7 | P36: =SUM(C36:N36) -> 10
B37: 13.45 - 14.00 | C37: 0 | D37: 0 | E37: 2 | F37: 0 | G37: 0 | H37: 1 | I37: 0 | J37: 0 | K37: 0 | L37: 2 | M37: 3 | N37: 0 | O37: =SUM(C37:L37,N37) -> 5 | P37: =SUM(C37:N37) -> 8
B38: 14.00 - 14.15 | C38: 0 | D38: 0 | E38: 0 | F38: 3 | G38: 0 | H38: 1 | I38: 0 | J38: 1 | K38: 1 | L38: 1 | M38: 5 | N38: 0 | O38: =SUM(C38:L38,N38) -> 7 | P38: =SUM(C38:N38) -> 12
B39: 14.15 - 14.30 | C39: 0 | D39: 0 | E39: 0 | F39: 0 | G39: 0 | H39: 0 | I39: 0 | J39: 0 | K39: 0 | L39: 0 | M39: 3 | N39: 0 | O39: =SUM(C39:L39,N39) -> 0 | P39: =SUM(C39:N39) -> 3
B40: 14.30 - 14.45 | C40: 0 | D40: 1 | E40: 2 | F40: 0 | G40: 1 | H40: 1 | I40: 0 | J40: 0 | K40: 0 | L40: 1 | M40: 4 | N40: 1 | O40: =SUM(C40:L40,N40) -> 7 | P40: =SUM(C40:N40) -> 11
... B57: 18.45 - 19.00 | C57: 0 | D57: 0 | E57: 0 | F57: 0 | G57: 2 | H57: 0 | I57: 0 | J57: 0 | K57: 0 | L57: 0 | M57: 0 | N57: 0 | O57: =SUM(C57:L57,N57) -> 2 | P57: =SUM(C57:N57) -> 2
B58: Totals | C58: 0 | D58: 0 | E58: =SUM(E10:E57) -> 63 | F58: 0 | G58: 0 | H58: 0 | I58: 0 | J58: 0 | K58: 0 | L58: =SUM(L10:L57) -> 37 | M58: 0 | N58: 0 | O58: =SUM(O10:O57) -> 256 | P58: =SUM(P10:P57) -> 459
B59: %ges + MCs | C59: 0 | D59: 0 | E59: =E58/$P$58 -> 0.1372549 | F59: 0 | G59: 0 | H59: 0 | I59: 0 | J59: 0 | K59: 0 | L59: =L58/$P$58 -> 0.080610022 | M59: 0 | N59: 0
B60: %ges w/o MCs | C60: 0 | D60: 0 | E60: =E58/$O$58 -> 0.24609375 | F60: 0 | G60: 0 | H60: 0 | I60: 0 | J60: 0 | K60: 0 | L60: =L58/$O$58 -> 0.14453125 | M60: 0 | N60: 0
C61: 0 | D61: 0 | F61: 0 | G61: 0 | H61: 0 | I61: 0 | J61: 0 | K61: 0 | M61: 0 | N61: 0

Sheet 31.07 karuma-pakwach
B1: Consultancy services for Preparation of Expressway Development Master Plan (EDMP) for Uganda
B2: MANUAL CLASSIFIED COUNT (MCC)
B3: ROAD NAME: | C3: ='29.07 karuma-pakwach'!C3:G3 -> MCC - C5 - STN115 - KARUMA-PAKWACH ROAD
C5: Date | D5: 31.07.19 | F5: Location | G5: ='29.07 Pakwach-Karuma'!G5:H5 -> xxx | J5: Surveyor | K5: ='29.07 Pakwach-Karuma'!K5:L5 -> xxx
C6: Dir. From | D6: karuma | F6: Dir. To | G6: pakwach | J6: Supervisor | K6: ='29.07 Pakwach-Karuma'!K6:L6 -> xxx
B8: Time / Veh Type | R8: SUMMARY TRAFFIC VOLUMES
C9: 1. Car | D9: 2. Station Wagon | E9: 3. Pickups | F9: 4. Minibus, matatu | G9: 5. Medium bus | H9: 6. Large Bus | I9: 7. Light Truck | J9: 8. Medium Truck | K9: 9. Heavy truck | L9: 10. Truck Trailer | M9: 11. Motor cycles | N9: 12. Tractors | O9: Total Excl M/Cycles | P9: Total All | R9: Time | S9: 1. Car | T9: 2. Station Wagon | U9: 3. Pickups | V9: 4. Minibus, matatu | W9: 5. Medium bus | X9: 6. Large Bus | Y9: 7. Light Truck | Z9: 8. Medium Truck | AA9: 9. Heavy truck | AB9: 10. Truck Trailer | AC9: 11. Motorcycles | AD9: 12. Tractors, Graders | AE9: Total Excl M/ Cycles | AF9: Total All
B10: 07.00 - 07.15 | C10: 0 | D10: 0 | E10: 1 | F10: 0 | G10: 0 | H10: 0 | I10: 0 | J10: 0 | K10: 0 | L10: 1 | M10: 0 | N10: 0 | O10: =SUM(C10:L10,N10) -> 2 | P10: =SUM(C10:N10) -> 2 | R10: 0700-0800 | S10: =SUM(C10:C13) -> 2 | T10: =SUM(D10:D13) -> 0 | U10: =SUM(E10:E13) -> 1 | V10: =SUM(F10:F13) -> 2 | W10: =SUM(G10:G13) -> 0 | X10: =SUM(H10:H13) -> 0 | Y10: =SUM(I10:I13) -> 0 | Z10: =SUM(J10:J13) -> 0 | ... AF10: =SUM(P10:P13) -> 10
B11: 07.15 - 07.30 | C11: 2 | D11: 0 | E11: 0 | F11: 0 | G11: 0 | H11: 0 | I11: 0 | J11: 0 | K11: 0 | L11: 1 | M11: 1 | N11: 0 | O11: =SUM(C11:L11,N11) -> 3 | P11: =SUM(C11:N11) -> 4 | R11: 0800-0900 | S11: =SUM(C14:C17) -> 3 | T11: =SUM(D14:D17) -> 0 | U11: =SUM(E14:E17) -> 4 | V11: =SUM(F14:F17) -> 3 | W11: =SUM(G14:G17) -> 0 | X11: =SUM(H14:H17) -> 0 | Y11: =SUM(I14:I17) -> 1 | Z11: =SUM(J14:J17) -> 0 | ... AF11: =SUM(P14:P17) -> 16
B12: 07.30 - 07.45 | C12: 0 | D12: 0 | E12: 0 | F12: 0 | G12: 0 | H12: 0 | I12: 0 | J12: 0 | K12: 0 | L12: 0 | M12: 2 | N12: 0 | O12: =SUM(C12:L12,N12) -> 0 | P12: =SUM(C12:N12) -> 2 | R12: 0900-1000 | S12: =SUM(C18:C21) -> 0 | T12: =SUM(D18:D21) -> 0 | U12: =SUM(E18:E21) -> 4 | V12: =SUM(F18:F21) -> 2 | W12: =SUM(G18:G21) -> 0 | X12: =SUM(H18:H21) -> 1 | Y12: =SUM(I18:I21) -> 4 | Z12: =SUM(J18:J21) -> 0 | ... AF12: =SUM(P18:P21) -> 30
B13: 07.45 - 08.00 | C13: 0 | D13: 0 | E13: 0 | F13: 2 | G13: 0 | H13: 0 | I13: 0 | J13: 0 | K13: 0 | L13: 0 | M13: 0 | N13: 0 | O13: =SUM(C13:L13,N13) -> 2 | P13: =SUM(C13:N13) -> 2 | R13: 1000-1100 | S13: =SUM(C22:C25) -> 2 | T13: =SUM(D22:D25) -> 1 | U13: =SUM(E22:E25) -> 6 | V13: =SUM(F22:F25) -> 5 | W13: =SUM(G22:G25) -> 0 | X13: =SUM(H22:H25) -> 2 | Y13: =SUM(I22:I25) -> 4 | Z13: =SUM(J22:J25) -> 0 | ... AF13: =SUM(P22:P25) -> 29
B14: 08.00 - 08.15 | C14: 0 | D14: 0 | E14: 1 | F14: 1 | G14: 0 | H14: 0 | I14: 0 | J14: 0 | K14: 0 | L14: 0 | M14: 3 | N14: 0 | O14: =SUM(C14:L14,N14) -> 2 | P14: =SUM(C14:N14) -> 5 | R14: 1100-1200 | S14: =SUM(C26:C29) -> 3 | T14: =SUM(D26:D29) -> 1 | U14: =SUM(E26:E29) -> 6 | V14: =SUM(F26:F29) -> 3 | W14: =SUM(G26:G29) -> 1 | X14: =SUM(H26:H29) -> 16 | Y14: =SUM(I26:I29) -> 2 | Z14: =SUM(J26:J29) -> 0 | ... AF14: =SUM(P26:P29) -> 40
B15: 08.15 - 08.30 | C15: 0 | D15: 0 | E15: 1 | F15: 1 | G15: 0 | H15: 0 | I15: 1 | J15: 0 | K15: 0 | L15: 0 | M15: 0 | N15: 0 | O15: =SUM(C15:L15,N15) -> 3 | P15: =SUM(C15:N15) -> 3 | R15: 1200-1300 | S15: =SUM(C30:C33) -> 3 | T15: =SUM(D30:D33) -> 1 | U15: =SUM(E30:E33) -> 7 | V15: =SUM(F30:F33) -> 5 | W15: =SUM(G30:G33) -> 0 | X15: =SUM(H30:H33) -> 0 | Y15: =SUM(I30:I33) -> 2 | Z15: =SUM(J30:J33) -> 0 | ... AF15: =SUM(P30:P33) -> 24
B16: 08.30 - 08.45 | C16: 1 | D16: 0 | E16: 0 | F16: 1 | G16: 0 | H16: 0 | I16: 0 | J16: 0 | K16: 0 | L16: 0 | M16: 1 | N16: 0 | O16: =SUM(C16:L16,N16) -> 2 | P16: =SUM(C16:N16) -> 3 | R16: 1300-1400 | S16: =SUM(C34:C37) -> 5 | T16: =SUM(D34:D37) -> 1 | U16: =SUM(E34:E37) -> 6 | V16: =SUM(F34:F37) -> 5 | W16: =SUM(G34:G37) -> 0 | X16: =SUM(H34:H37) -> 2 | Y16: =SUM(I34:I37) -> 4 | Z16: =SUM(J34:J37) -> 1 | ... AF16: =SUM(P34:P37) -> 42
B17: 08.45 - 9.00 | C17: 2 | D17: 0 | E17: 2 | F17: 0 | G17: 0 | H17: 0 | I17: 0 | J17: 0 | K17: 0 | L17: 1 | M17: 0 | N17: 0 | O17: =SUM(C17:L17,N17) -> 5 | P17: =SUM(C17:N17) -> 5 | R17: 1400-1500 | S17: =SUM(C38:C41) -> 2 | T17: =SUM(D38:D41) -> 1 | U17: =SUM(E38:E41) -> 7 | V17: =SUM(F38:F41) -> 0 | W17: =SUM(G38:G41) -> 0 | X17: =SUM(H38:H41) -> 1 | Y17: =SUM(I38:I41) -> 3 | Z17: =SUM(J38:J41) -> 2 | ... AF17: =SUM(P38:P41) -> 33
B18: 09.00 - 09.15 | C18: 0 | D18: 0 | E18: 1 | F18: 0 | G18: 0 | H18: 0 | I18: 1 | J18: 0 | K18: 0 | L18: 0 | M18: 8 | N18: 0 | O18: =SUM(C18:L18,N18) -> 2 | P18: =SUM(C18:N18) -> 10 | R18: 1500-1600 | S18: =SUM(C42:C45) -> 2 | T18: =SUM(D42:D45) -> 0 | U18: =SUM(E42:E45) -> 2 | V18: =SUM(F42:F45) -> 3 | W18: =SUM(G42:G45) -> 0 | X18: =SUM(H42:H45) -> 2 | Y18: =SUM(I42:I45) -> 2 | Z18: =SUM(J42:J45) -> 0 | ... AF18: =SUM(P42:P45) -> 33
B19: 09.15 - 09.30 | C19: 0 | D19: 0 | E19: 1 | F19: 1 | G19: 0 | H19: 0 | I19: 1 | J19: 0 | K19: 0 | L19: 0 | M19: 3 | N19: 0 | O19: =SUM(C19:L19,N19) -> 3 | P19: =SUM(C19:N19) -> 6 | R19: 1600-1700 | S19: =SUM(C46:C49) -> 3 | T19: =SUM(D46:D49) -> 1 | U19: =SUM(E46:E49) -> 7 | V19: =SUM(F46:F49) -> 5 | W19: =SUM(G46:G49) -> 0 | X19: =SUM(H46:H49) -> 1 | Y19: =SUM(I46:I49) -> 8 | Z19: =SUM(J46:J49) -> 0 | ... AF19: =SUM(P46:P49) -> 46
B20: 09.30 - 09.45 | C20: 0 | D20: 0 | E20: 0 | F20: 0 | G20: 0 | H20: 0 | I20: 1 | J20: 0 | K20: 0 | L20: 0 | M20: 6 | N20: 1 | O20: =SUM(C20:L20,N20) -> 2 | P20: =SUM(C20:N20) -> 8 | R20: 1700-1800 | S20: =SUM(C50:C53) -> 1 | T20: =SUM(D50:D53) -> 0 | U20: =SUM(E50:E53) -> 3 | V20: =SUM(F50:F53) -> 2 | W20: =SUM(G50:G53) -> 0 | X20: =SUM(H50:H53) -> 0 | Y20: =SUM(I50:I53) -> 5 | Z20: =SUM(J50:J53) -> 0 | ... AF20: =SUM(P50:P53) -> 31
B21: 09.45 - 10.00 | C21: 0 | D21: 0 | E21: 2 | F21: 1 | G21: 0 | H21: 1 | I21: 1 | J21: 0 | K21: 0 | L21: 0 | M21: 1 | N21: 0 | O21: =SUM(C21:L21,N21) -> 5 | P21: =SUM(C21:N21) -> 6 | R21: 1800-1900 | S21: =SUM(C54:C57) -> 4 | T21: =SUM(D54:D57) -> 0 | U21: =SUM(E54:E57) -> 7 | V21: =SUM(F54:F57) -> 5 | W21: =SUM(G54:G57) -> 0 | X21: =SUM(H54:H57) -> 0 | Y21: =SUM(I54:I57) -> 2 | Z21: =SUM(J54:J57) -> 0 | ... AF21: =SUM(P54:P57) -> 34
B22: 10.00 - 10.15 | C22: 2 | D22: 0 | E22: 1 | F22: 2 | G22: 0 | H22: 0 | I22: 1 | J22: 0 | K22: 0 | L22: 0 | M22: 2 | N22: 0 | O22: =SUM(C22:L22,N22) -> 6 | P22: =SUM(C22:N22) -> 8 | R22: AM Peak Hr | S22: =MAX(S10:S12) -> 3 | T22: =MAX(T10:T12) -> 0 | U22: =MAX(U10:U12) -> 4 | V22: =MAX(V10:V12) -> 3 | W22: =MAX(W10:W12) -> 0 | X22: =MAX(X10:X12) -> 1 | Y22: =MAX(Y10:Y12) -> 4 | Z22: =MAX(Z10:Z12) -> 0 | ... AF22: =MAX(AF10:AF12) -> 30
B23: 10.15 - 10.30 | C23: 0 | D23: 0 | E23: 1 | F23: 2 | G23: 0 | H23: 1 | I23: 0 | J23: 0 | K23: 0 | L23: 0 | M23: 3 | N23: 0 | O23: =SUM(C23:L23,N23) -> 4 | P23: =SUM(C23:N23) -> 7 | R23: IP Peak Hr | S23: =MAX(S13:S18) -> 5 | T23: =MAX(T13:T18) -> 1 | U23: =MAX(U13:U18) -> 7 | V23: =MAX(V13:V18) -> 5 | W23: =MAX(W13:W18) -> 1 | X23: =MAX(X13:X18) -> 16 | Y23: =MAX(Y13:Y18) -> 4 | Z23: =MAX(Z13:Z18) -> 2 | ... AF23: =MAX(AF13:AF18) -> 42
B24: 10.30 - 10.45 | C24: 0 | D24: 0 | E24: 1 | F24: 0 | G24: 0 | H24: 0 | I24: 0 | J24: 0 | K24: 0 | L24: 0 | M24: 1 | N24: 0 | O24: =SUM(C24:L24,N24) -> 1 | P24: =SUM(C24:N24) -> 2 | R24: PM Peak Hr | S24: =MAX(S19:S21) -> 4 | T24: =MAX(T19:T21) -> 1 | U24: =MAX(U19:U21) -> 7 | V24: =MAX(V19:V21) -> 5 | W24: =MAX(W19:W21) -> 0 | X24: =MAX(X19:X21) -> 1 | Y24: =MAX(Y19:Y21) -> 8 | Z24: =MAX(Z19:Z21) -> 0 | ... AF24: =MAX(AF19:AF21) -> 46
B25: 10.45 - 11.00 | C25: 0 | D25: 1 | E25: 3 | F25: 1 | G25: 0 | H25: 1 | I25: 3 | J25: 0 | K25: 0 | L25: 1 | M25: 2 | N25: 0 | O25: =SUM(C25:L25,N25) -> 10 | P25: =SUM(C25:N25) -> 12 | R25: AM Period | S25: =SUM(S10:S12) -> 5 | T25: =SUM(T10:T12) -> 0 | U25: =SUM(U10:U12) -> 9 | V25: =SUM(V10:V12) -> 7 | W25: =SUM(W10:W12) -> 0 | X25: =SUM(X10:X12) -> 1 | Y25: =SUM(Y10:Y12) -> 5 | Z25: =SUM(Z10:Z12) -> 0 | ... AF25: =SUM(AF10:AF12) -> 56
B26: 11.00 - 11.15 | C26: 1 | D26: 0 | E26: 1 | F26: 2 | G26: 0 | H26: 1 | I26: 0 | J26: 0 | K26: 0 | L26: 0 | M26: 1 | N26: 0 | O26: =SUM(C26:L26,N26) -> 5 | P26: =SUM(C26:N26) -> 6 | R26: IP Period | S26: =SUM(S13:S18) -> 17 | T26: =SUM(T13:T18) -> 5 | U26: =SUM(U13:U18) -> 34 | V26: =SUM(V13:V18) -> 21 | W26: =SUM(W13:W18) -> 1 | X26: =SUM(X13:X18) -> 23 | Y26: =SUM(Y13:Y18) -> 17 | Z26: =SUM(Z13:Z18) -> 3 | ... AF26: =SUM(AF13:AF18) -> 201
B27: 11.15 - 11.30 | C27: 2 | D27: 0 | E27: 0 | F27: 0 | G27: 1 | H27: 3 | I27: 0 | J27: 0 | K27: 0 | L27: 0 | M27: 0 | N27: 0 | O27: =SUM(C27:L27,N27) -> 6 | P27: =SUM(C27:N27) -> 6 | R27: PM Period | S27: =SUM(S19:S21) -> 8 | T27: =SUM(T19:T21) -> 1 | U27: =SUM(U19:U21) -> 17 | V27: =SUM(V19:V21) -> 12 | W27: =SUM(W19:W21) -> 0 | X27: =SUM(X19:X21) -> 1 | Y27: =SUM(Y19:Y21) -> 15 | Z27: =SUM(Z19:Z21) -> 0 | ... AF27: =SUM(AF19:AF21) -> 111
B28: 11.30 - 11.45 | C28: 0 | D28: 1 | E28: 3 | F28: 1 | G28: 0 | H28: 1 | I28: 2 | J28: 0 | K28: 3 | L28: 0 | M28: 3 | N28: 0 | O28: =SUM(C28:L28,N28) -> 11 | P28: =SUM(C28:N28) -> 14 | R28: 12 Hours | S28: =SUM(S10:S21) -> 30 | T28: =SUM(T10:T21) -> 6 | U28: =SUM(U10:U21) -> 60 | V28: =SUM(V10:V21) -> 40 | W28: =SUM(W10:W21) -> 1 | X28: =SUM(X10:X21) -> 25 | Y28: =SUM(Y10:Y21) -> 37 | Z28: =SUM(Z10:Z21) -> 3 | ... AF28: =SUM(AF10:AF21) -> 368
B29: 11.45 - 12.00 | C29: 0 | D29: 0 | E29: 2 | F29: 0 | G29: 0 | H29: 11 | I29: 0 | J29: 0 | K29: 0 | L29: 0 | M29: 1 | N29: 0 | O29: =SUM(C29:L29,N29) -> 13 | P29: =SUM(C29:N29) -> 14
B30: 12.00 - 12.15 | C30: 1 | D30: 0 | E30: 2 | F30: 2 | G30: 0 | H30: 0 | I30: 0 | J30: 0 | K30: 0 | L30: 0 | M30: 0 | N30: 0 | O30: =SUM(C30:L30,N30) -> 5 | P30: =SUM(C30:N30) -> 5
B31: 12.15 - 12.30 | C31: 0 | D31: 1 | E31: 4 | F31: 0 | G31: 0 | H31: 0 | I31: 1 | J31: 0 | K31: 0 | L31: 0 | M31: 1 | N31: 0 | O31: =SUM(C31:L31,N31) -> 6 | P31: =SUM(C31:N31) -> 7
B32: 12.30 - 12.45 | C32: 0 | D32: 0 | E32: 0 | F32: 1 | G32: 0 | H32: 0 | I32: 0 | J32: 0 | K32: 0 | L32: 0 | M32: 1 | N32: 0 | O32: =SUM(C32:L32,N32) -> 1 | P32: =SUM(C32:N32) -> 2
B33: 12.45 - 13.00 | C33: 2 | D33: 0 | E33: 1 | F33: 2 | G33: 0 | H33: 0 | I33: 1 | J33: 0 | K33: 0 | L33: 0 | M33: 4 | N33: 0 | O33: =SUM(C33:L33,N33) -> 6 | P33: =SUM(C33:N33) -> 10
B34: 13.00 - 13.15 | C34: 1 | D34: 1 | E34: 2 | F34: 2 | G34: 0 | H34: 0 | I34: 0 | J34: 0 | K34: 0 | L34: 0 | M34: 4 | N34: 1 | O34: =SUM(C34:L34,N34) -> 7 | P34: =SUM(C34:N34) -> 11
B35: 13.15 - 13.30 | C35: 1 | D35: 0 | E35: 2 | F35: 1 | G35: 0 | H35: 0 | I35: 1 | J35: 0 | K35: 1 | L35: 1 | M35: 1 | N35: 0 | O35: =SUM(C35:L35,N35) -> 7 | P35: =SUM(C35:N35) -> 8
B36: 13.30 - 13.45 | C36: 2 | D36: 0 | E36: 0 | F36: 2 | G36: 0 | H36: 2 | I36: 1 | J36: 1 | K36: 0 | L36: 2 | M36: 5 | N36: 1 | O36: =SUM(C36:L36,N36) -> 11 | P36: =SUM(C36:N36) -> 16
B37: 13.45 - 14.00 | C37: 1 | D37: 0 | E37: 2 | F37: 0 | G37: 0 | H37: 0 | I37: 2 | J37: 0 | K37: 0 | L37: 0 | M37: 2 | N37: 0 | O37: =SUM(C37:L37,N37) -> 5 | P37: =SUM(C37:N37) -> 7
B38: 14.00 - 14.15 | C38: 0 | D38: 1 | E38: 4 | F38: 0 | G38: 0 | H38: 1 | I38: 1 | J38: 1 | K38: 0 | L38: 4 | M38: 2 | N38: 1 | O38: =SUM(C38:L38,N38) -> 13 | P38: =SUM(C38:N38) -> 15
B39: 14.15 - 14.30 | C39: 1 | D39: 0 | E39: 1 | F39: 0 | G39: 0 | H39: 0 | I39: 1 | J39: 0 | K39: 0 | L39: 1 | M39: 5 | N39: 0 | O39: =SUM(C39:L39,N39) -> 4 | P39: =SUM(C39:N39) -> 9
B40: 14.30 - 14.45 | C40: 0 | D40: 0 | E40: 1 | F40: 0 | G40: 0 | H40: 0 | I40: 0 | J40: 1 | K40: 1 | L40: 0 | M40: 0 | N40: 0 | O40: =SUM(C40:L40,N40) -> 3 | P40: =SUM(C40:N40) -> 3
... B57: 18.45 - 19.00 | C57: 0 | D57: 0 | E57: 2 | F57: 1 | G57: 0 | H57: 0 | I57: 1 | J57: 0 | K57: 0 | L57: 0 | M57: 2 | N57: 0 | O57: =SUM(C57:L57,N57) -> 4 | P57: =SUM(C57:N57) -> 6
B58: Totals | C58: 0 | D58: =SUM(D10:D57) -> 6 | E58: 1 | F58: 0 | G58: 0 | H58: 0 | I58: 0 | J58: 0 | K58: 0 | L58: =SUM(L10:L57) -> 34 | M58: 2 | N58: 0 | O58: =SUM(O10:O57) -> 248 | P58: =SUM(P10:P57) -> 368
B59: %ges + MCs | C59: 0 | D59: =D58/$P$58 -> 0.016304348 | E59: 0 | F59: 0 | G59: 0 | H59: 0 | I59: 0 | J59: 0 | K59: 0 | L59: =L58/$P$58 -> 0.092391304 | M59: 0 | N59: 0
B60: %ges w/o MCs | C60: 0 | D60: =D58/$O$58 -> 0.024193548 | E60: 0 | F60: 0 | G60: 0 | H60: 0 | I60: 0 | J60: 0 | K60: 0 | L60: =L58/$O$58 -> 0.13709677 | M60: 0 | N60: 0
C61: 0 | E61: 0 | F61: 0 | G61: 0 | H61: 0 | I61: 0 | J61: 0 | K61: 0 | M61: 0 | N61: 0

Sheet 01.08 pakwach-karuma
B1: Consultancy services for Preparation of Expressway Development Master Plan (EDMP) for Uganda
B2: MANUAL CLASSIFIED COUNT (MCC)
B3: ROAD NAME: | C3: ='29.07 Pakwach-Karuma'!C3:G3 -> MCC - C5 - STN115 - KARUMA-PAKWACH ROAD
C5: Date | D5: 01.08.19 | F5: Location | G5: ='31.07 karuma-pakwach'!G5:H5 -> xxx | J5: Surveyor | K5: ='31.07 karuma-pakwach'!K5:L5 -> xxx
C6: Dir. From | D6: pakwach | F6: Dir. To | G6: karuma | J6: Supervisor | K6: ='31.07 karuma-pakwach'!K6:L6 -> xxx
B8: Time / Veh Type | R8: SUMMARY TRAFFIC VOLUMES
C9: 1. Car | D9: 2. Station Wagon | E9: 3. Pickups | F9: 4. Minibus, matatu | G9: 5. Medium bus | H9: 6. Large Bus | I9: 7. Light Truck | J9: 8. Medium Truck | K9: 9. Heavy truck | L9: 10. Truck Trailer | M9: 11. Motor cycles | N9: 12. Tractors | O9: Total Excl M/Cycles | P9: Total All | R9: Time | S9: 1. Car | T9: 2. Station Wagon | U9: 3. Pickups | V9: 4. Minibus, matatu | W9: 5. Medium bus | X9: 6. Large Bus | Y9: 7. Light Truck | Z9: 8. Medium Truck | AA9: 9. Heavy truck | AB9: 10. Truck Trailer | AC9: 11. Motorcycles | AD9: 12. Tractors, Graders | AE9: Total Excl M/ Cycles | AF9: Total All
B10: 07.00 - 07.15 | C10: 0 | D10: 0 | E10: 0 | F10: 0 | G10: 0 | H10: 0 | I10: 1 | J10: 1 | K10: 0 | L10: 3 | M10: 1 | N10: 1 | O10: =SUM(C10:L10,N10) -> 6 | P10: =SUM(C10:N10) -> 7 | R10: 0700-0800 | S10: =SUM(C10:C13) -> 2 | T10: =SUM(D10:D13) -> 0 | U10: =SUM(E10:E13) -> 2 | V10: =SUM(F10:F13) -> 1 | W10: =SUM(G10:G13) -> 0 | X10: =SUM(H10:H13) -> 0 | Y10: =SUM(I10:I13) -> 1 | Z10: =SUM(J10:J13) -> 3 | ... AF10: =SUM(P10:P13) -> 34
B11: 07.15 - 07.30 | C11: 0 | D11: 0 | E11: 0 | F11: 0 | G11: 0 | H11: 0 | I11: 0 | J11: 1 | K11: 0 | L11: 0 | M11: 1 | N11: 0 | O11: =SUM(C11:L11,N11) -> 1 | P11: =SUM(C11:N11) -> 2 | R11: 0800-0900 | S11: =SUM(C14:C17) -> 0 | T11: =SUM(D14:D17) -> 0 | U11: =SUM(E14:E17) -> 3 | V11: =SUM(F14:F17) -> 0 | W11: =SUM(G14:G17) -> 0 | X11: =SUM(H14:H17) -> 0 | Y11: =SUM(I14:I17) -> 2 | Z11: =SUM(J14:J17) -> 1 | ... AF11: =SUM(P14:P17) -> 30
B12: 07.30 - 07.45 | C12: 1 | D12: 0 | E12: 2 | F12: 1 | G12: 0 | H12: 0 | I12: 0 | J12: 0 | K12: 0 | L12: 4 | M12: 6 | N12: 1 | O12: =SUM(C12:L12,N12) -> 9 | P12: =SUM(C12:N12) -> 15 | R12: 0900-1000 | S12: =SUM(C18:C21) -> 0 | T12: =SUM(D18:D21) -> 2 | U12: =SUM(E18:E21) -> 5 | V12: =SUM(F18:F21) -> 2 | W12: =SUM(G18:G21) -> 0 | X12: =SUM(H18:H21) -> 0 | Y12: =SUM(I18:I21) -> 1 | Z12: =SUM(J18:J21) -> 0 | ... AF12: =SUM(P18:P21) -> 34
B13: 07.45 - 08.00 | C13: 1 | D13: 0 | E13: 0 | F13: 0 | G13: 0 | H13: 0 | I13: 0 | J13: 1 | K13: 0 | L13: 3 | M13: 5 | N13: 0 | O13: =SUM(C13:L13,N13) -> 5 | P13: =SUM(C13:N13) -> 10 | R13: 1000-1100 | S13: =SUM(C22:C25) -> 1 | T13: =SUM(D22:D25) -> 0 | U13: =SUM(E22:E25) -> 7 | V13: =SUM(F22:F25) -> 3 | W13: =SUM(G22:G25) -> 2 | X13: =SUM(H22:H25) -> 0 | Y13: =SUM(I22:I25) -> 4 | Z13: =SUM(J22:J25) -> 1 | ... AF13: =SUM(P22:P25) -> 35
B14: 08.00 - 08.15 | C14: 0 | D14: 0 | E14: 0 | F14: 0 | G14: 0 | H14: 0 | I14: 1 | J14: 1 | K14: 0 | L14: 4 | M14: 1 | N14: 0 | O14: =SUM(C14:L14,N14) -> 6 | P14: =SUM(C14:N14) -> 7 | R14: 1100-1200 | S14: =SUM(C26:C29) -> 8 | T14: =SUM(D26:D29) -> 0 | U14: =SUM(E26:E29) -> 4 | V14: =SUM(F26:F29) -> 4 | W14: =SUM(G26:G29) -> 1 | X14: =SUM(H26:H29) -> 0 | Y14: =SUM(I26:I29) -> 5 | Z14: =SUM(J26:J29) -> 0 | ... AF14: =SUM(P26:P29) -> 53
B15: 08.15 - 08.30 | C15: 0 | D15: 0 | E15: 1 | F15: 0 | G15: 0 | H15: 0 | I15: 1 | J15: 0 | K15: 1 | L15: 1 | M15: 4 | N15: 0 | O15: =SUM(C15:L15,N15) -> 4 | P15: =SUM(C15:N15) -> 8 | R15: 1200-1300 | S15: =SUM(C30:C33) -> 4 | T15: =SUM(D30:D33) -> 2 | U15: =SUM(E30:E33) -> 7 | V15: =SUM(F30:F33) -> 3 | W15: =SUM(G30:G33) -> 0 | X15: =SUM(H30:H33) -> 1 | Y15: =SUM(I30:I33) -> 0 | Z15: =SUM(J30:J33) -> 1 | ... AF15: =SUM(P30:P33) -> 32
B16: 08.30 - 08.45 | C16: 0 | D16: 0 | E16: 2 | F16: 0 | G16: 0 | H16: 0 | I16: 0 | J16: 0 | K16: 0 | L16: 4 | M16: 3 | N16: 0 | O16: =SUM(C16:L16,N16) -> 6 | P16: =SUM(C16:N16) -> 9 | R16: 1300-1400 | S16: =SUM(C34:C37) -> 3 | T16: =SUM(D34:D37) -> 2 | U16: =SUM(E34:E37) -> 5 | V16: =SUM(F34:F37) -> 1 | W16: =SUM(G34:G37) -> 2 | X16: =SUM(H34:H37) -> 1 | Y16: =SUM(I34:I37) -> 1 | Z16: =SUM(J34:J37) -> 1 | ... AF16: =SUM(P34:P37) -> 39
B17: 08.45 - 9.00 | C17: 0 | D17: 0 | E17: 0 | F17: 0 | G17: 0 | H17: 0 | I17: 0 | J17: 0 | K17: 0 | L17: 1 | M17: 5 | N17: 0 | O17: =SUM(C17:L17,N17) -> 1 | P17: =SUM(C17:N17) -> 6 | R17: 1400-1500 | S17: =SUM(C38:C41) -> 4 | T17: =SUM(D38:D41) -> 5 | U17: =SUM(E38:E41) -> 12 | V17: =SUM(F38:F41) -> 1 | W17: =SUM(G38:G41) -> 0 | X17: =SUM(H38:H41) -> 4 | Y17: =SUM(I38:I41) -> 3 | Z17: =SUM(J38:J41) -> 0 | ... AF17: =SUM(P38:P41) -> 54
B18: 09.00 - 09.15 | C18: 0 | D18: 0 | E18: 0 | F18: 0 | G18: 0 | H18: 0 | I18: 0 | J18: 0 | K18: 1 | L18: 2 | M18: 7 | N18: 0 | O18: =SUM(C18:L18,N18) -> 3 | P18: =SUM(C18:N18) -> 10 | R18: 1500-1600 | S18: =SUM(C42:C45) -> 5 | T18: =SUM(D42:D45) -> 4 | U18: =SUM(E42:E45) -> 10 | V18: =SUM(F42:F45) -> 4 | W18: =SUM(G42:G45) -> 5 | X18: =SUM(H42:H45) -> 2 | Y18: =SUM(I42:I45) -> 4 | Z18: =SUM(J42:J45) -> 1 | ... AF18: =SUM(P42:P45) -> 74
B19: 09.15 - 09.30 | C19: 0 | D19: 2 | E19: 3 | F19: 1 | G19: 0 | H19: 0 | I19: 1 | J19: 0 | K19: 0 | L19: 1 | M19: 5 | N19: 0 | O19: =SUM(C19:L19,N19) -> 8 | P19: =SUM(C19:N19) -> 13 | R19: 1600-1700 | S19: =SUM(C46:C49) -> 5 | T19: =SUM(D46:D49) -> 4 | U19: =SUM(E46:E49) -> 10 | V19: =SUM(F46:F49) -> 0 | W19: =SUM(G46:G49) -> 0 | X19: =SUM(H46:H49) -> 1 | Y19: =SUM(I46:I49) -> 0 | Z19: =SUM(J46:J49) -> 0 | ... AF19: =SUM(P46:P49) -> 48
B20: 09.30 - 09.45 | C20: 0 | D20: 0 | E20: 1 | F20: 1 | G20: 0 | H20: 0 | I20: 0 | J20: 0 | K20: 0 | L20: 0 | M20: 3 | N20: 0 | O20: =SUM(C20:L20,N20) -> 2 | P20: =SUM(C20:N20) -> 5 | R20: 1700-1800 | S20: =SUM(C50:C53) -> 5 | T20: =SUM(D50:D53) -> 2 | U20: =SUM(E50:E53) -> 7 | V20: =SUM(F50:F53) -> 4 | W20: =SUM(G50:G53) -> 0 | X20: =SUM(H50:H53) -> 4 | Y20: =SUM(I50:I53) -> 4 | Z20: =SUM(J50:J53) -> 4 | ... AF20: =SUM(P50:P53) -> 69
B21: 09.45 - 10.00 | C21: 0 | D21: 0 | E21: 1 | F21: 0 | G21: 0 | H21: 0 | I21: 0 | J21: 0 | K21: 0 | L21: 1 | M21: 4 | N21: 0 | O21: =SUM(C21:L21,N21) -> 2 | P21: =SUM(C21:N21) -> 6 | R21: 1800-1900 | S21: =SUM(C54:C57) -> 1 | T21: =SUM(D54:D57) -> 2 | U21: =SUM(E54:E57) -> 7 | V21: =SUM(F54:F57) -> 2 | W21: =SUM(G54:G57) -> 0 | X21: =SUM(H54:H57) -> 5 | Y21: =SUM(I54:I57) -> 1 | Z21: =SUM(J54:J57) -> 3 | ... AF21: =SUM(P54:P57) -> 44
B22: 10.00 - 10.15 | C22: 0 | D22: 0 | E22: 2 | F22: 0 | G22: 1 | H22: 0 | I22: 3 | J22: 1 | K22: 0 | L22: 1 | M22: 5 | N22: 0 | O22: =SUM(C22:L22,N22) -> 8 | P22: =SUM(C22:N22) -> 13 | R22: AM Peak Hr | S22: =MAX(S10:S12) -> 2 | T22: =MAX(T10:T12) -> 2 | U22: =MAX(U10:U12) -> 5 | V22: =MAX(V10:V12) -> 2 | W22: =MAX(W10:W12) -> 0 | X22: =MAX(X10:X12) -> 0 | Y22: =MAX(Y10:Y12) -> 2 | Z22: =MAX(Z10:Z12) -> 3 | ... AF22: =MAX(AF10:AF12) -> 34
B23: 10.15 - 10.30 | C23: 0 | D23: 0 | E23: 1 | F23: 1 | G23: 0 | H23: 0 | I23: 0 | J23: 0 | K23: 0 | L23: 2 | M23: 2 | N23: 0 | O23: =SUM(C23:L23,N23) -> 4 | P23: =SUM(C23:N23) -> 6 | R23: IP Peak Hr | S23: =MAX(S13:S18) -> 8 | T23: =MAX(T13:T18) -> 5 | U23: =MAX(U13:U18) -> 12 | V23: =MAX(V13:V18) -> 4 | W23: =MAX(W13:W18) -> 5 | X23: =MAX(X13:X18) -> 4 | Y23: =MAX(Y13:Y18) -> 5 | Z23: =MAX(Z13:Z18) -> 1 | ... AF23: =MAX(AF13:AF18) -> 74
B24: 10.30 - 10.45 | C24: 0 | D24: 0 | E24: 2 | F24: 1 | G24: 1 | H24: 0 | I24: 0 | J24: 0 | K24: 0 | L24: 0 | M24: 2 | N24: 1 | O24: =SUM(C24:L24,N24) -> 5 | P24: =SUM(C24:N24) -> 7 | R24: PM Peak Hr | S24: =MAX(S19:S21) -> 5 | T24: =MAX(T19:T21) -> 4 | U24: =MAX(U19:U21) -> 10 | V24: =MAX(V19:V21) -> 4 | W24: =MAX(W19:W21) -> 0 | X24: =MAX(X19:X21) -> 5 | Y24: =MAX(Y19:Y21) -> 4 | Z24: =MAX(Z19:Z21) -> 4 | ... AF24: =MAX(AF19:AF21) -> 69
B25: 10.45 - 11.00 | C25: 1 | D25: 0 | E25: 2 | F25: 1 | G25: 0 | H25: 0 | I25: 1 | J25: 0 | K25: 0 | L25: 2 | M25: 1 | N25: 1 | O25: =SUM(C25:L25,N25) -> 8 | P25: =SUM(C25:N25) -> 9 | R25: AM Period | S25: =SUM(S10:S12) -> 2 | T25: =SUM(T10:T12) -> 2 | U25: =SUM(U10:U12) -> 10 | V25: =SUM(V10:V12) -> 3 | W25: =SUM(W10:W12) -> 0 | X25: =SUM(X10:X12) -> 0 | Y25: =SUM(Y10:Y12) -> 4 | Z25: =SUM(Z10:Z12) -> 4 | ... AF25: =SUM(AF10:AF12) -> 98
B26: 11.00 - 11.15 | C26: 3 | D26: 0 | E26: 2 | F26: 0 | G26: 0 | H26: 0 | I26: 1 | J26: 0 | K26: 0 | L26: 1 | M26: 6 | N26: 0 | O26: =SUM(C26:L26,N26) -> 7 | P26: =SUM(C26:N26) -> 13 | R26: IP Period | S26: =SUM(S13:S18) -> 25 | T26: =SUM(T13:T18) -> 13 | U26: =SUM(U13:U18) -> 45 | V26: =SUM(V13:V18) -> 16 | W26: =SUM(W13:W18) -> 10 | X26: =SUM(X13:X18) -> 8 | Y26: =SUM(Y13:Y18) -> 17 | Z26: =SUM(Z13:Z18) -> 4 | ... AF26: =SUM(AF13:AF18) -> 287
B27: 11.15 - 11.30 | C27: 1 | D27: 0 | E27: 0 | F27: 1 | G27: 0 | H27: 0 | I27: 3 | J27: 0 | K27: 2 | L27: 2 | M27: 5 | N27: 0 | O27: =SUM(C27:L27,N27) -> 9 | P27: =SUM(C27:N27) -> 14 | R27: PM Period | S27: =SUM(S19:S21) -> 11 | T27: =SUM(T19:T21) -> 8 | U27: =SUM(U19:U21) -> 24 | V27: =SUM(V19:V21) -> 6 | W27: =SUM(W19:W21) -> 0 | X27: =SUM(X19:X21) -> 10 | Y27: =SUM(Y19:Y21) -> 5 | Z27: =SUM(Z19:Z21) -> 7 | ... AF27: =SUM(AF19:AF21) -> 161
B28: 11.30 - 11.45 | C28: 4 | D28: 0 | E28: 1 | F28: 0 | G28: 1 | H28: 0 | I28: 0 | J28: 0 | K28: 0 | L28: 4 | M28: 6 | N28: 1 | O28: =SUM(C28:L28,N28) -> 11 | P28: =SUM(C28:N28) -> 17 | R28: 12 Hours | S28: =SUM(S10:S21) -> 38 | T28: =SUM(T10:T21) -> 23 | U28: =SUM(U10:U21) -> 79 | V28: =SUM(V10:V21) -> 25 | W28: =SUM(W10:W21) -> 10 | X28: =SUM(X10:X21) -> 18 | Y28: =SUM(Y10:Y21) -> 26 | Z28: =SUM(Z10:Z21) -> 15 | ... AF28: =SUM(AF10:AF21) -> 546
B29: 11.45 - 12.00 | C29: 0 | D29: 0 | E29: 1 | F29: 3 | G29: 0 | H29: 0 | I29: 1 | J29: 0 | K29: 0 | L29: 1 | M29: 3 | N29: 0 | O29: =SUM(C29:L29,N29) -> 6 | P29: =SUM(C29:N29) -> 9
B30: 12.00 - 12.15 | C30: 2 | D30: 1 | E30: 2 | F30: 2 | G30: 0 | H30: 0 | I30: 0 | J30: 0 | K30: 0 | L30: 1 | M30: 3 | N30: 1 | O30: =SUM(C30:L30,N30) -> 9 | P30: =SUM(C30:N30) -> 12
B31: 12.15 - 12.30 | C31: 2 | D31: 1 | E31: 3 | F31: 1 | G31: 0 | H31: 0 | I31: 0 | J31: 0 | K31: 0 | L31: 0 | M31: 0 | N31: 0 | O31: =SUM(C31:L31,N31) -> 7 | P31: =SUM(C31:N31) -> 7
B32: 12.30 - 12.45 | C32: 0 | D32: 0 | E32: 2 | F32: 0 | G32: 0 | H32: 0 | I32: 0 | J32: 1 | K32: 0 | L32: 2 | M32: 3 | N32: 0 | O32: =SUM(C32:L32,N32) -> 5 | P32: =SUM(C32:N32) -> 8
B33: 12.45 - 13.00 | C33: 0 | D33: 0 | E33: 0 | F33: 0 | G33: 0 | H33: 1 | I33: 0 | J33: 0 | K33: 1 | L33: 0 | M33: 3 | N33: 0 | O33: =SUM(C33:L33,N33) -> 2 | P33: =SUM(C33:N33) -> 5
B34: 13.00 - 13.15 | C34: 0 | D34: 2 | E34: 3 | F34: 0 | G34: 1 | H34: 0 | I34: 0 | J34: 0 | K34: 0 | L34: 2 | M34: 6 | N34: 1 | O34: =SUM(C34:L34,N34) -> 9 | P34: =SUM(C34:N34) -> 15
B35: 13.15 - 13.30 | C35: 2 | D35: 0 | E35: 1 | F35: 1 | G35: 0 | H35: 1 | I35: 0 | J35: 1 | K35: 0 | L35: 1 | M35: 1 | N35: 0 | O35: =SUM(C35:L35,N35) -> 7 | P35: =SUM(C35:N35) -> 8
B36: 13.30 - 13.45 | C36: 1 | D36: 0 | E36: 0 | F36: 0 | G36: 1 | H36: 0 | I36: 1 | J36: 0 | K36: 0 | L36: 2 | M36: 3 | N36: 0 | O36: =SUM(C36:L36,N36) -> 5 | P36: =SUM(C36:N36) -> 8
B37: 13.45 - 14.00 | C37: 0 | D37: 0 | E37: 1 | F37: 0 | G37: 0 | H37: 0 | I37: 0 | J37: 0 | K37: 0 | L37: 0 | M37: 7 | N37: 0 | O37: =SUM(C37:L37,N37) -> 1 | P37: =SUM(C37:N37) -> 8
B38: 14.00 - 14.15 | C38: 2 | D38: 3 | E38: 5 | F38: 1 | G38: 0 | H38: 1 | I38: 1 | J38: 0 | K38: 0 | L38: 2 | M38: 8 | N38: 0 | O38: =SUM(C38:L38,N38) -> 15 | P38: =SUM(C38:N38) -> 23
B39: 14.15 - 14.30 | C39: 0 | D39: 0 | E39: 1 | F39: 0 | G39: 0 | H39: 1 | I39: 0 | J39: 0 | K39: 1 | L39: 0 | M39: 2 | N39: 0 | O39: =SUM(C39:L39,N39) -> 3 | P39: =SUM(C39:N39) -> 5
B40: 14.30 - 14.45 | C40: 0 | D40: 0 | E40: 2 | F40: 0 | G40: 0 | H40: 1 | I40: 0 | J40: 0 | K40: 0 | L40: 0 | M40: 3 | N40: 1 | O40: =SUM(C40:L40,N40) -> 4 | P40: =SUM(C40:N40) -> 7
... B57: 18.45 - 19.00 | C57: 0 | D57: 0 | E57: 0 | F57: 0 | G57: 0 | H57: 2 | I57: 0 | J57: 0 | K57: 0 | L57: 0 | M57: 4 | N57: 0 | O57: =SUM(C57:L57,N57) -> 2 | P57: =SUM(C57:N57) -> 6
B58: Totals | C58: 0 | D58: =SUM(D10:D57) -> 23 | E58: 0 | F58: 0 | G58: 0 | H58: 0 | I58: 0 | J58: 0 | K58: 0 | L58: =SUM(L10:L57) -> 81 | M58: 0 | N58: 0 | O58: =SUM(O10:O57) -> 352 | P58: =SUM(P10:P57) -> 546
B59: %ges + MCs | C59: 0 | D59: =D58/$P$58 -> 0.042124542 | E59: 0 | F59: 0 | G59: 0 | H59: 0 | I59: 0 | J59: 0 | K59: 0 | L59: =L58/$P$58 -> 0.14835165 | M59: 0 | N59: 0
B60: %ges w/o MCs | C60: 0 | D60: =D58/$O$58 -> 0.065340909 | E60: 0 | F60: 0 | G60: 0 | H60: 0 | I60: 0 | J60: 0 | K60: 0 | L60: =L58/$O$58 -> 0.23011364 | M60: 0 | N60: 0
C61: 0 | E61: 0 | F61: 0 | G61: 0 | H61: 0 | I61: 0 | J61: 0 | K61: 0 | M61: 0 | N61: 0

Sheet 01.08 karuma-pakwach
B1: Consultancy services for Preparation of Expressway Development Master Plan (EDMP) for Uganda
B2: MANUAL CLASSIFIED COUNT (MCC)
B3: ROAD NAME: | C3: ='29.07 karuma-pakwach'!C3:G3 -> MCC - C5 - STN115 - KARUMA-PAKWACH ROAD
C5: Date | D5: 01.08.19 | F5: Location | G5: ='01.08 pakwach-karuma'!G5:H5 -> xxx | J5: Surveyor | K5: ='01.08 pakwach-karuma'!K5:L5 -> xxx
C6: Dir. From | D6: karuma | F6: Dir. To | G6: pakwach | J6: Supervisor | K6: ='01.08 pakwach-karuma'!K6:L6 -> xxx
B8: Time / Veh Type | R8: SUMMARY TRAFFIC VOLUMES
C9: 1. Car | D9: 2. Station Wagon | E9: 3. Pickups | F9: 4. Minibus, matatu | G9: 5. Medium bus | H9: 6. Large Bus | I9: 7. Light Truck | J9: 8. Medium Truck | K9: 9. Heavy truck | L9: 10. Truck Trailer | M9: 11. Motor cycles | N9: 12. Tractors | O9: Total Excl M/Cycles | P9: Total All | R9: Time | S9: 1. Car | T9: 2. Station Wagon | U9: 3. Pickups | V9: 4. Minibus, matatu | W9: 5. Medium bus | X9: 6. Large Bus | Y9: 7. Light Truck | Z9: 8. Medium Truck | AA9: 9. Heavy truck | AB9: 10. Truck Trailer | AC9: 11. Motorcycles | AD9: 12. Tractors, Graders | AE9: Total Excl M/ Cycles | AF9: Total All
B10: 07.00 - 07.15 | C10: 0 | D10: 0 | E10: 1 | F10: 0 | G10: 0 | H10: 0 | I10: 0 | J10: 0 | K10: 0 | L10: 0 | M10: 3 | N10: 0 | O10: =SUM(C10:L10,N10) -> 1 | P10: =SUM(C10:N10) -> 4 | R10: 0700-0800 | S10: =SUM(C10:C13) -> 1 | T10: =SUM(D10:D13) -> 2 | U10: =SUM(E10:E13) -> 5 | V10: =SUM(F10:F13) -> 1 | W10: =SUM(G10:G13) -> 0 | X10: =SUM(H10:H13) -> 0 | Y10: =SUM(I10:I13) -> 0 | Z10: =SUM(J10:J13) -> 1 | ... AF10: =SUM(P10:P13) -> 19
B11: 07.15 - 07.30 | C11: 0 | D11: 1 | E11: 2 | F11: 1 | G11: 0 | H11: 0 | I11: 0 | J11: 0 | K11: 0 | L11: 0 | M11: 0 | N11: 0 | O11: =SUM(C11:L11,N11) -> 4 | P11: =SUM(C11:N11) -> 4 | R11: 0800-0900 | S11: =SUM(C14:C17) -> 0 | T11: =SUM(D14:D17) -> 1 | U11: =SUM(E14:E17) -> 5 | V11: =SUM(F14:F17) -> 2 | W11: =SUM(G14:G17) -> 0 | X11: =SUM(H14:H17) -> 0 | Y11: =SUM(I14:I17) -> 1 | Z11: =SUM(J14:J17) -> 0 | ... AF11: =SUM(P14:P17) -> 29
B12: 07.30 - 07.45 | C12: 1 | D12: 0 | E12: 0 | F12: 0 | G12: 0 | H12: 0 | I12: 0 | J12: 0 | K12: 0 | L12: 0 | M12: 2 | N12: 0 | O12: =SUM(C12:L12,N12) -> 1 | P12: =SUM(C12:N12) -> 3 | R12: 0900-1000 | S12: =SUM(C18:C21) -> 2 | T12: =SUM(D18:D21) -> 2 | U12: =SUM(E18:E21) -> 5 | V12: =SUM(F18:F21) -> 6 | W12: =SUM(G18:G21) -> 0 | X12: =SUM(H18:H21) -> 1 | Y12: =SUM(I18:I21) -> 1 | Z12: =SUM(J18:J21) -> 0 | ... AF12: =SUM(P18:P21) -> 36
B13: 07.45 - 08.00 | C13: 0 | D13: 1 | E13: 2 | F13: 0 | G13: 0 | H13: 0 | I13: 0 | J13: 1 | K13: 0 | L13: 0 | M13: 4 | N13: 0 | O13: =SUM(C13:L13,N13) -> 4 | P13: =SUM(C13:N13) -> 8 | R13: 1000-1100 | S13: =SUM(C22:C25) -> 0 | T13: =SUM(D22:D25) -> 2 | U13: =SUM(E22:E25) -> 7 | V13: =SUM(F22:F25) -> 3 | W13: =SUM(G22:G25) -> 2 | X13: =SUM(H22:H25) -> 7 | Y13: =SUM(I22:I25) -> 1 | Z13: =SUM(J22:J25) -> 0 | ... AF13: =SUM(P22:P25) -> 33
B14: 08.00 - 08.15 | C14: 0 | D14: 0 | E14: 0 | F14: 0 | G14: 0 | H14: 0 | I14: 0 | J14: 0 | K14: 0 | L14: 0 | M14: 2 | N14: 0 | O14: =SUM(C14:L14,N14) -> 0 | P14: =SUM(C14:N14) -> 2 | R14: 1100-1200 | S14: =SUM(C26:C29) -> 2 | T14: =SUM(D26:D29) -> 1 | U14: =SUM(E26:E29) -> 7 | V14: =SUM(F26:F29) -> 6 | W14: =SUM(G26:G29) -> 1 | X14: =SUM(H26:H29) -> 1 | Y14: =SUM(I26:I29) -> 1 | Z14: =SUM(J26:J29) -> 0 | ... AF14: =SUM(P26:P29) -> 28
B15: 08.15 - 08.30 | C15: 0 | D15: 0 | E15: 1 | F15: 0 | G15: 0 | H15: 0 | I15: 0 | J15: 0 | K15: 0 | L15: 2 | M15: 3 | N15: 0 | O15: =SUM(C15:L15,N15) -> 3 | P15: =SUM(C15:N15) -> 6 | R15: 1200-1300 | S15: =SUM(C30:C33) -> 4 | T15: =SUM(D30:D33) -> 0 | U15: =SUM(E30:E33) -> 4 | V15: =SUM(F30:F33) -> 2 | W15: =SUM(G30:G33) -> 0 | X15: =SUM(H30:H33) -> 2 | Y15: =SUM(I30:I33) -> 0 | Z15: =SUM(J30:J33) -> 1 | ... AF15: =SUM(P30:P33) -> 26
B16: 08.30 - 08.45 | C16: 0 | D16: 1 | E16: 2 | F16: 2 | G16: 0 | H16: 0 | I16: 0 | J16: 0 | K16: 0 | L16: 0 | M16: 7 | N16: 0 | O16: =SUM(C16:L16,N16) -> 5 | P16: =SUM(C16:N16) -> 12 | R16: 1300-1400 | S16: =SUM(C34:C37) -> 4 | T16: =SUM(D34:D37) -> 0 | U16: =SUM(E34:E37) -> 3 | V16: =SUM(F34:F37) -> 6 | W16: =SUM(G34:G37) -> 0 | X16: =SUM(H34:H37) -> 1 | Y16: =SUM(I34:I37) -> 3 | Z16: =SUM(J34:J37) -> 0 | ... AF16: =SUM(P34:P37) -> 38
B17: 08.45 - 9.00 | C17: 0 | D17: 0 | E17: 2 | F17: 0 | G17: 0 | H17: 0 | I17: 1 | J17: 0 | K17: 0 | L17: 1 | M17: 1 | N17: 4 | O17: =SUM(C17:L17,N17) -> 8 | P17: =SUM(C17:N17) -> 9 | R17: 1400-1500 | S17: =SUM(C38:C41) -> 7 | T17: =SUM(D38:D41) -> 2 | U17: =SUM(E38:E41) -> 8 | V17: =SUM(F38:F41) -> 3 | W17: =SUM(G38:G41) -> 0 | X17: =SUM(H38:H41) -> 3 | Y17: =SUM(I38:I41) -> 5 | Z17: =SUM(J38:J41) -> 1 | ... AF17: =SUM(P38:P41) -> 68
B18: 09.00 - 09.15 | C18: 0 | D18: 0 | E18: 0 | F18: 0 | G18: 0 | H18: 0 | I18: 0 | J18: 0 | K18: 0 | L18: 0 | M18: 4 | N18: 0 | O18: =SUM(C18:L18,N18) -> 0 | P18: =SUM(C18:N18) -> 4 | R18: 1500-1600 | S18: =SUM(C42:C45) -> 4 | T18: =SUM(D42:D45) -> 1 | U18: =SUM(E42:E45) -> 5 | V18: =SUM(F42:F45) -> 3 | W18: =SUM(G42:G45) -> 0 | X18: =SUM(H42:H45) -> 1 | Y18: =SUM(I42:I45) -> 4 | Z18: =SUM(J42:J45) -> 2 | ... AF18: =SUM(P42:P45) -> 50
B19: 09.15 - 09.30 | C19: 1 | D19: 1 | E19: 2 | F19: 2 | G19: 0 | H19: 0 | I19: 0 | J19: 0 | K19: 0 | L19: 0 | M19: 1 | N19: 0 | O19: =SUM(C19:L19,N19) -> 6 | P19: =SUM(C19:N19) -> 7 | R19: 1600-1700 | S19: =SUM(C46:C49) -> 4 | T19: =SUM(D46:D49) -> 1 | U19: =SUM(E46:E49) -> 3 | V19: =SUM(F46:F49) -> 3 | W19: =SUM(G46:G49) -> 1 | X19: =SUM(H46:H49) -> 1 | Y19: =SUM(I46:I49) -> 9 | Z19: =SUM(J46:J49) -> 3 | ... AF19: =SUM(P46:P49) -> 54
B20: 09.30 - 09.45 | C20: 1 | D20: 1 | E20: 2 | F20: 2 | G20: 0 | H20: 1 | I20: 0 | J20: 0 | K20: 0 | L20: 0 | M20: 8 | N20: 0 | O20: =SUM(C20:L20,N20) -> 7 | P20: =SUM(C20:N20) -> 15 | R20: 1700-1800 | S20: =SUM(C50:C53) -> 3 | T20: =SUM(D50:D53) -> 1 | U20: =SUM(E50:E53) -> 4 | V20: =SUM(F50:F53) -> 2 | W20: =SUM(G50:G53) -> 0 | X20: =SUM(H50:H53) -> 0 | Y20: =SUM(I50:I53) -> 6 | Z20: =SUM(J50:J53) -> 1 | ... AF20: =SUM(P50:P53) -> 46
B21: 09.45 - 10.00 | C21: 0 | D21: 0 | E21: 1 | F21: 2 | G21: 0 | H21: 0 | I21: 1 | J21: 0 | K21: 0 | L21: 0 | M21: 6 | N21: 0 | O21: =SUM(C21:L21,N21) -> 4 | P21: =SUM(C21:N21) -> 10 | R21: 1800-1900 | S21: =SUM(C54:C57) -> 0 | T21: =SUM(D54:D57) -> 0 | U21: =SUM(E54:E57) -> 1 | V21: =SUM(F54:F57) -> 0 | W21: =SUM(G54:G57) -> 0 | X21: =SUM(H54:H57) -> 1 | Y21: =SUM(I54:I57) -> 0 | Z21: =SUM(J54:J57) -> 0 | ... AF21: =SUM(P54:P57) -> 3
B22: 10.00 - 10.15 | C22: 0 | D22: 0 | E22: 0 | F22: 1 | G22: 1 | H22: 1 | I22: 0 | J22: 0 | K22: 0 | L22: 0 | M22: 1 | N22: 0 | O22: =SUM(C22:L22,N22) -> 3 | P22: =SUM(C22:N22) -> 4 | R22: AM Peak Hr | S22: =MAX(S10:S12) -> 2 | T22: =MAX(T10:T12) -> 2 | U22: =MAX(U10:U12) -> 5 | V22: =MAX(V10:V12) -> 6 | W22: =MAX(W10:W12) -> 0 | X22: =MAX(X10:X12) -> 1 | Y22: =MAX(Y10:Y12) -> 1 | Z22: =MAX(Z10:Z12) -> 1 | ... AF22: =MAX(AF10:AF12) -> 36
B23: 10.15 - 10.30 | C23: 0 | D23: 1 | E23: 3 | F23: 2 | G23: 1 | H23: 1 | I23: 1 | J23: 0 | K23: 0 | L23: 1 | M23: 4 | N23: 0 | O23: =SUM(C23:L23,N23) -> 10 | P23: =SUM(C23:N23) -> 14 | R23: IP Peak Hr | S23: =MAX(S13:S18) -> 7 | T23: =MAX(T13:T18) -> 2 | U23: =MAX(U13:U18) -> 8 | V23: =MAX(V13:V18) -> 6 | W23: =MAX(W13:W18) -> 2 | X23: =MAX(X13:X18) -> 7 | Y23: =MAX(Y13:Y18) -> 5 | Z23: =MAX(Z13:Z18) -> 2 | ... AF23: =MAX(AF13:AF18) -> 68
B24: 10.30 - 10.45 | C24: 0 | D24: 0 | E24: 1 | F24: 0 | G24: 0 | H24: 0 | I24: 0 | J24: 0 | K24: 0 | L24: 0 | M24: 2 | N24: 0 | O24: =SUM(C24:L24,N24) -> 1 | P24: =SUM(C24:N24) -> 3 | R24: PM Peak Hr | S24: =MAX(S19:S21) -> 4 | T24: =MAX(T19:T21) -> 1 | U24: =MAX(U19:U21) -> 4 | V24: =MAX(V19:V21) -> 3 | W24: =MAX(W19:W21) -> 1 | X24: =MAX(X19:X21) -> 1 | Y24: =MAX(Y19:Y21) -> 9 | Z24: =MAX(Z19:Z21) -> 3 | ... AF24: =MAX(AF19:AF21) -> 54
B25: 10.45 - 11.00 | C25: 0 | D25: 1 | E25: 3 | F25: 0 | G25: 0 | H25: 5 | I25: 0 | J25: 0 | K25: 0 | L25: 2 | M25: 1 | N25: 0 | O25: =SUM(C25:L25,N25) -> 11 | P25: =SUM(C25:N25) -> 12 | R25: AM Period | S25: =SUM(S10:S12) -> 3 | T25: =SUM(T10:T12) -> 5 | U25: =SUM(U10:U12) -> 15 | V25: =SUM(V10:V12) -> 9 | W25: =SUM(W10:W12) -> 0 | X25: =SUM(X10:X12) -> 1 | Y25: =SUM(Y10:Y12) -> 2 | Z25: =SUM(Z10:Z12) -> 1 | ... AF25: =SUM(AF10:AF12) -> 84
B26: 11.00 - 11.15 | C26: 1 | D26: 0 | E26: 0 | F26: 2 | G26: 0 | H26: 1 | I26: 0 | J26: 0 | K26: 0 | L26: 0 | M26: 1 | N26: 0 | O26: =SUM(C26:L26,N26) -> 4 | P26: =SUM(C26:N26) -> 5 | R26: IP Period | S26: =SUM(S13:S18) -> 21 | T26: =SUM(T13:T18) -> 6 | U26: =SUM(U13:U18) -> 34 | V26: =SUM(V13:V18) -> 23 | W26: =SUM(W13:W18) -> 3 | X26: =SUM(X13:X18) -> 15 | Y26: =SUM(Y13:Y18) -> 14 | Z26: =SUM(Z13:Z18) -> 4 | ... AF26: =SUM(AF13:AF18) -> 243
B27: 11.15 - 11.30 | C27: 0 | D27: 0 | E27: 1 | F27: 0 | G27: 0 | H27: 0 | I27: 0 | J27: 0 | K27: 0 | L27: 0 | M27: 2 | N27: 0 | O27: =SUM(C27:L27,N27) -> 1 | P27: =SUM(C27:N27) -> 3 | R27: PM Period | S27: =SUM(S19:S21) -> 7 | T27: =SUM(T19:T21) -> 2 | U27: =SUM(U19:U21) -> 8 | V27: =SUM(V19:V21) -> 5 | W27: =SUM(W19:W21) -> 1 | X27: =SUM(X19:X21) -> 2 | Y27: =SUM(Y19:Y21) -> 15 | Z27: =SUM(Z19:Z21) -> 4 | ... AF27: =SUM(AF19:AF21) -> 103
B28: 11.30 - 11.45 | C28: 0 | D28: 1 | E28: 4 | F28: 0 | G28: 0 | H28: 0 | I28: 0 | J28: 0 | K28: 0 | L28: 0 | M28: 4 | N28: 0 | O28: =SUM(C28:L28,N28) -> 5 | P28: =SUM(C28:N28) -> 9 | R28: 12 Hours | S28: =SUM(S10:S21) -> 31 | T28: =SUM(T10:T21) -> 13 | U28: =SUM(U10:U21) -> 57 | V28: =SUM(V10:V21) -> 37 | W28: =SUM(W10:W21) -> 4 | X28: =SUM(X10:X21) -> 18 | Y28: =SUM(Y10:Y21) -> 31 | Z28: =SUM(Z10:Z21) -> 9 | ... AF28: =SUM(AF10:AF21) -> 430
B29: 11.45 - 12.00 | C29: 1 | D29: 0 | E29: 2 | F29: 4 | G29: 1 | H29: 0 | I29: 1 | J29: 0 | K29: 0 | L29: 2 | M29: 0 | N29: 0 | O29: =SUM(C29:L29,N29) -> 11 | P29: =SUM(C29:N29) -> 11
B30: 12.00 - 12.15 | C30: 1 | D30: 0 | E30: 1 | F30: 0 | G30: 0 | H30: 1 | I30: 0 | J30: 0 | K30: 0 | L30: 0 | M30: 2 | N30: 0 | O30: =SUM(C30:L30,N30) -> 3 | P30: =SUM(C30:N30) -> 5
B31: 12.15 - 12.30 | C31: 1 | D31: 0 | E31: 1 | F31: 1 | G31: 0 | H31: 1 | I31: 0 | J31: 0 | K31: 0 | L31: 0 | M31: 2 | N31: 0 | O31: =SUM(C31:L31,N31) -> 4 | P31: =SUM(C31:N31) -> 6
B32: 12.30 - 12.45 | C32: 1 | D32: 0 | E32: 0 | F32: 0 | G32: 0 | H32: 0 | I32: 0 | J32: 1 | K32: 0 | L32: 1 | M32: 1 | N32: 2 | O32: =SUM(C32:L32,N32) -> 5 | P32: =SUM(C32:N32) -> 6
B33: 12.45 - 13.00 | C33: 1 | D33: 0 | E33: 2 | F33: 1 | G33: 0 | H33: 0 | I33: 0 | J33: 0 | K33: 0 | L33: 0 | M33: 5 | N33: 0 | O33: =SUM(C33:L33,N33) -> 4 | P33: =SUM(C33:N33) -> 9
B34: 13.00 - 13.15 | C34: 0 | D34: 0 | E34: 2 | F34: 0 | G34: 0 | H34: 0 | I34: 0 | J34: 0 | K34: 0 | L34: 2 | M34: 4 | N34: 0 | O34: =SUM(C34:L34,N34) -> 4 | P34: =SUM(C34:N34) -> 8
B35: 13.15 - 13.30 | C35: 0 | D35: 0 | E35: 1 | F35: 3 | G35: 0 | H35: 0 | I35: 0 | J35: 0 | K35: 0 | L35: 0 | M35: 1 | N35: 0 | O35: =SUM(C35:L35,N35) -> 4 | P35: =SUM(C35:N35) -> 5
B36: 13.30 - 13.45 | C36: 2 | D36: 0 | E36: 0 | F36: 1 | G36: 0 | H36: 0 | I36: 1 | J36: 0 | K36: 0 | L36: 1 | M36: 3 | N36: 0 | O36: =SUM(C36:L36,N36) -> 5 | P36: =SUM(C36:N36) -> 8
B37: 13.45 - 14.00 | C37: 2 | D37: 0 | E37: 0 | F37: 2 | G37: 0 | H37: 1 | I37: 2 | J37: 0 | K37: 1 | L37: 2 | M37: 7 | N37: 0 | O37: =SUM(C37:L37,N37) -> 10 | P37: =SUM(C37:N37) -> 17
B38: 14.00 - 14.15 | C38: 1 | D38: 0 | E38: 2 | F38: 1 | G38: 0 | H38: 2 | I38: 2 | J38: 0 | K38: 2 | L38: 3 | M38: 5 | N38: 1 | O38: =SUM(C38:L38,N38) -> 14 | P38: =SUM(C38:N38) -> 19
B39: 14.15 - 14.30 | C39: 2 | D39: 0 | E39: 2 | F39: 0 | G39: 0 | H39: 0 | I39: 2 | J39: 1 | K39: 0 | L39: 2 | M39: 8 | N39: 0 | O39: =SUM(C39:L39,N39) -> 9 | P39: =SUM(C39:N39) -> 17
B40: 14.30 - 14.45 | C40: 1 | D40: 1 | E40: 2 | F40: 0 | G40: 0 | H40: 0 | I40: 0 | J40: 0 | K40: 0 | L40: 2 | M40: 9 | N40: 0 | O40: =SUM(C40:L40,N40) -> 6 | P40: =SUM(C40:N40) -> 15
... B57: 18.45 - 19.00 | C57: 0 | D57: 0 | E57: 0 | F57: 0 | G57: 0 | H57: 0 | I57: 0 | J57: 0 | K57: 0 | L57: 0 | M57: 0 | N57: 0 | O57: =SUM(C57:L57,N57) -> 0 | P57: =SUM(C57:N57) -> 0
B58: Totals | C58: 0 | D58: =SUM(D10:D57) -> 13 | E58: 0 | F58: 0 | G58: 0 | H58: 0 | I58: 0 | J58: 0 | K58: 0 | L58: =SUM(L10:L57) -> 45 | M58: 0 | N58: 0 | O58: =SUM(O10:O57) -> 260 | P58: =SUM(P10:P57) -> 430
B59: %ges + MCs | C59: 0 | D59: =D58/$P$58 -> 0.030232558 | E59: 0 | F59: 0 | G59: 0 | H59: 0 | I59: 0 | J59: 0 | K59: 0 | L59: =L58/$P$58 -> 0.10465116 | M59: 0 | N59: 0
B60: %ges w/o MCs | C60: 0 | D60: =D58/$O$58 -> 0.05 | E60: 0 | F60: 0 | G60: 0 | H60: 0 | I60: 0 | J60: 0 | K60: 0 | L60: =L58/$O$58 -> 0.17307692 | M60: 0 | N60: 0
C61: 0 | E61: 0 | F61: 0 | G61: 0 | H61: 0 | I61: 0 | J61: 0 | K61: 0 | M61: 0 | N61: 0

Sheet 2.08 Pakwach-Karuma-24h
B1: Consultancy services for Preparation of Expressway Development Master Plan (EDMP) for Uganda
B2: MANUAL CLASSIFIED COUNT (MCC)
B3: ROAD NAME: | C3: ='29.07 Pakwach-Karuma'!C3:G3 -> MCC - C5 - STN115 - KARUMA-PAKWACH ROAD
C5: Date | D5: 26.07.19 | F5: Location | G5: ='01.08 karuma-pakwach'!G5:H5 -> xxx | J5: Surveyor | K5: ='01.08 karuma-pakwach'!K5:L5 -> xxx
C6: Dir. From | D6: ='29.07 Pakwach-Karuma'!D6:E6 -> pakwach | F6: Dir. To | G6: ='29.07 Pakwach-Karuma'!G6:H6 -> karuma | J6: Supervisor | K6: ='01.08 karuma-pakwach'!K6:L6 -> xxx
B8: Time / Veh Type | R8: SUMMARY TRAFFIC VOLUMES
C9: 1. Car | D9: 2. Station Wagon | E9: 3. Pickups | F9: 4. Minibus, matatu | G9: 5. Medium bus | H9: 6. Large Bus | I9: 7. Light Truck | J9: 8. Medium Truck | K9: 9. Heavy truck | L9: 10. Truck Trailer | M9: 11. Motor cycles | N9: 12. Tractors | O9: Total Excl M/Cycles | P9: Total All | R9: Time | S9: 1. Car | T9: 2. Station Wagon | U9: 3. Pickups | V9: 4. Minibus, matatu | W9: 5. Medium bus | X9: 6. Large Bus | Y9: 7. Light Truck | Z9: 8. Medium Truck | AA9: 9. Heavy truck | AB9: 10. Truck Trailer | AC9: 11. Motorcycles | AD9: 12. Tractors, Graders | AE9: Total Excl M/ Cycles | AF9: Total All
B10: 07.00 - 07.15 | C10: 1 | D10: 0 | E10: 2 | F10: 3 | G10: 0 | H10: 0 | I10: 0 | J10: 0 | K10: 0 | L10: 3 | M10: 3 | N10: 1 | O10: =SUM(C10:L10,N10) -> 10 | P10: =SUM(C10:N10) -> 13 | R10: 0700-0800 | S10: =SUM(C10:C13) -> 3 | T10: =SUM(D10:D13) -> 0 | U10: =SUM(E10:E13) -> 3 | V10: =SUM(F10:F13) -> 4 | W10: =SUM(G10:G13) -> 0 | X10: =SUM(H10:H13) -> 0 | Y10: =SUM(I10:I13) -> 0 | Z10: =SUM(J10:J13) -> 5 | ... AF10: =SUM(P10:P13) -> 44
B11: 07.15 - 07.30 | C11: 0 | D11: 0 | E11: 0 | F11: 0 | G11: 0 | H11: 0 | I11: 0 | J11: 1 | K11: 0 | L11: 1 | M11: 2 | N11: 0 | O11: =SUM(C11:L11,N11) -> 2 | P11: =SUM(C11:N11) -> 4 | R11: 0800-0900 | S11: =SUM(C14:C17) -> 0 | T11: =SUM(D14:D17) -> 0 | U11: =SUM(E14:E17) -> 3 | V11: =SUM(F14:F17) -> 0 | W11: =SUM(G14:G17) -> 0 | X11: =SUM(H14:H17) -> 0 | Y11: =SUM(I14:I17) -> 1 | Z11: =SUM(J14:J17) -> 0 | ... AF11: =SUM(P14:P17) -> 23
B12: 07.30 - 07.45 | C12: 2 | D12: 0 | E12: 1 | F12: 1 | G12: 0 | H12: 0 | I12: 0 | J12: 2 | K12: 2 | L12: 1 | M12: 11 | N12: 0 | O12: =SUM(C12:L12,N12) -> 9 | P12: =SUM(C12:N12) -> 20 | R12: 0900-1000 | S12: =SUM(C18:C21) -> 8 | T12: =SUM(D18:D21) -> 2 | U12: =SUM(E18:E21) -> 7 | V12: =SUM(F18:F21) -> 6 | W12: =SUM(G18:G21) -> 1 | X12: =SUM(H18:H21) -> 0 | Y12: =SUM(I18:I21) -> 1 | Z12: =SUM(J18:J21) -> 4 | ... AF12: =SUM(P18:P21) -> 55
B13: 07.45 - 08.00 | C13: 0 | D13: 0 | E13: 0 | F13: 0 | G13: 0 | H13: 0 | I13: 0 | J13: 2 | K13: 0 | L13: 1 | M13: 2 | N13: 2 | O13: =SUM(C13:L13,N13) -> 5 | P13: =SUM(C13:N13) -> 7 | R13: 1000-1100 | S13: =SUM(C22:C25) -> 1 | T13: =SUM(D22:D25) -> 0 | U13: =SUM(E22:E25) -> 4 | V13: =SUM(F22:F25) -> 2 | W13: =SUM(G22:G25) -> 1 | X13: =SUM(H22:H25) -> 1 | Y13: =SUM(I22:I25) -> 0 | Z13: =SUM(J22:J25) -> 2 | ... AF13: =SUM(P22:P25) -> 32
B14: 08.00 - 08.15 | C14: 0 | D14: 0 | E14: 1 | F14: 0 | G14: 0 | H14: 0 | I14: 1 | J14: 0 | K14: 1 | L14: 2 | M14: 7 | N14: 0 | O14: =SUM(C14:L14,N14) -> 5 | P14: =SUM(C14:N14) -> 12 | R14: 1100-1200 | S14: =SUM(C26:C29) -> 1 | T14: =SUM(D26:D29) -> 1 | U14: =SUM(E26:E29) -> 8 | V14: =SUM(F26:F29) -> 2 | W14: =SUM(G26:G29) -> 0 | X14: =SUM(H26:H29) -> 1 | Y14: =SUM(I26:I29) -> 2 | Z14: =SUM(J26:J29) -> 1 | ... AF14: =SUM(P26:P29) -> 41
B15: 08.15 - 08.30 | C15: 0 | D15: 0 | E15: 1 | F15: 0 | G15: 0 | H15: 0 | I15: 0 | J15: 0 | K15: 0 | L15: 2 | M15: 0 | N15: 0 | O15: =SUM(C15:L15,N15) -> 3 | P15: =SUM(C15:N15) -> 3 | R15: 1200-1300 | S15: =SUM(C30:C33) -> 0 | T15: =SUM(D30:D33) -> 2 | U15: =SUM(E30:E33) -> 9 | V15: =SUM(F30:F33) -> 1 | W15: =SUM(G30:G33) -> 0 | X15: =SUM(H30:H33) -> 0 | Y15: =SUM(I30:I33) -> 1 | Z15: =SUM(J30:J33) -> 0 | ... AF15: =SUM(P30:P33) -> 23
B16: 08.30 - 08.45 | C16: 0 | D16: 0 | E16: 1 | F16: 0 | G16: 0 | H16: 0 | I16: 0 | J16: 0 | K16: 0 | L16: 0 | M16: 3 | N16: 0 | O16: =SUM(C16:L16,N16) -> 1 | P16: =SUM(C16:N16) -> 4 | R16: 1300-1400 | S16: =SUM(C34:C37) -> 0 | T16: =SUM(D34:D37) -> 2 | U16: =SUM(E34:E37) -> 6 | V16: =SUM(F34:F37) -> 2 | W16: =SUM(G34:G37) -> 1 | X16: =SUM(H34:H37) -> 2 | Y16: =SUM(I34:I37) -> 0 | Z16: =SUM(J34:J37) -> 0 | ... AF16: =SUM(P34:P37) -> 36
B17: 08.45 - 9.00 | C17: 0 | D17: 0 | E17: 0 | F17: 0 | G17: 0 | H17: 0 | I17: 0 | J17: 0 | K17: 0 | L17: 2 | M17: 2 | N17: 0 | O17: =SUM(C17:L17,N17) -> 2 | P17: =SUM(C17:N17) -> 4 | R17: 1400-1500 | S17: =SUM(C38:C41) -> 6 | T17: =SUM(D38:D41) -> 2 | U17: =SUM(E38:E41) -> 8 | V17: =SUM(F38:F41) -> 6 | W17: =SUM(G38:G41) -> 5 | X17: =SUM(H38:H41) -> 3 | Y17: =SUM(I38:I41) -> 0 | Z17: =SUM(J38:J41) -> 0 | ... AF17: =SUM(P38:P41) -> 52
B18: 09.00 - 09.15 | C18: 0 | D18: 0 | E18: 1 | F18: 1 | G18: 0 | H18: 0 | I18: 1 | J18: 0 | K18: 0 | L18: 2 | M18: 3 | N18: 0 | O18: =SUM(C18:L18,N18) -> 5 | P18: =SUM(C18:N18) -> 8 | R18: 1500-1600 | S18: =SUM(C42:C45) -> 7 | T18: =SUM(D42:D45) -> 1 | U18: =SUM(E42:E45) -> 6 | V18: =SUM(F42:F45) -> 2 | W18: =SUM(G42:G45) -> 1 | X18: =SUM(H42:H45) -> 0 | Y18: =SUM(I42:I45) -> 0 | Z18: =SUM(J42:J45) -> 1 | ... AF18: =SUM(P42:P45) -> 40
B19: 09.15 - 09.30 | C19: 0 | D19: 0 | E19: 2 | F19: 0 | G19: 0 | H19: 0 | I19: 0 | J19: 0 | K19: 1 | L19: 0 | M19: 0 | N19: 0 | O19: =SUM(C19:L19,N19) -> 3 | P19: =SUM(C19:N19) -> 3 | R19: 1600-1700 | S19: =SUM(C46:C49) -> 8 | T19: =SUM(D46:D49) -> 3 | U19: =SUM(E46:E49) -> 7 | V19: =SUM(F46:F49) -> 8 | W19: =SUM(G46:G49) -> 0 | X19: =SUM(H46:H49) -> 6 | Y19: =SUM(I46:I49) -> 0 | Z19: =SUM(J46:J49) -> 1 | ... AF19: =SUM(P46:P49) -> 60
B20: 09.30 - 09.45 | C20: 5 | D20: 2 | E20: 4 | F20: 5 | G20: 0 | H20: 0 | I20: 0 | J20: 3 | K20: 1 | L20: 2 | M20: 9 | N20: 1 | O20: =SUM(C20:L20,N20) -> 23 | P20: =SUM(C20:N20) -> 32 | R20: 1700-1800 | S20: =SUM(C50:C53) -> 6 | T20: =SUM(D50:D53) -> 5 | U20: =SUM(E50:E53) -> 12 | V20: =SUM(F50:F53) -> 6 | W20: =SUM(G50:G53) -> 0 | X20: =SUM(H50:H53) -> 2 | Y20: =SUM(I50:I53) -> 0 | Z20: =SUM(J50:J53) -> 0 | ... AF20: =SUM(P50:P53) -> 57
B21: 09.45 - 10.00 | C21: 3 | D21: 0 | E21: 0 | F21: 0 | G21: 1 | H21: 0 | I21: 0 | J21: 1 | K21: 1 | L21: 0 | M21: 6 | N21: 0 | O21: =SUM(C21:L21,N21) -> 6 | P21: =SUM(C21:N21) -> 12 | R21: 1800-1900 | S21: =SUM(C54:C57) -> 3 | T21: =SUM(D54:D57) -> 3 | U21: =SUM(E54:E57) -> 11 | V21: =SUM(F54:F57) -> 7 | W21: =SUM(G54:G57) -> 1 | X21: =SUM(H54:H57) -> 3 | Y21: =SUM(I54:I57) -> 3 | Z21: =SUM(J54:J57) -> 1 | ... AF21: =SUM(P54:P57) -> 50
B22: 10.00 - 10.15 | C22: 1 | D22: 0 | E22: 0 | F22: 0 | G22: 0 | H22: 0 | I22: 0 | J22: 1 | K22: 3 | L22: 1 | M22: 3 | N22: 0 | O22: =SUM(C22:L22,N22) -> 6 | P22: =SUM(C22:N22) -> 9 | R22: 1900-2000 | S22: =SUM(C58:C61) -> 1 | T22: =SUM(D58:D61) -> 0 | U22: =SUM(E58:E61) -> 4 | V22: =SUM(F58:F61) -> 1 | W22: =SUM(G58:G61) -> 0 | X22: =SUM(H58:H61) -> 0 | Y22: =SUM(I58:I61) -> 0 | Z22: =SUM(J58:J61) -> 2 | ... AF22: =SUM(P58:P61) -> 21
B23: 10.15 - 10.30 | C23: 0 | D23: 0 | E23: 1 | F23: 0 | G23: 0 | H23: 1 | I23: 0 | J23: 0 | K23: 1 | L23: 0 | M23: 4 | N23: 0 | O23: =SUM(C23:L23,N23) -> 3 | P23: =SUM(C23:N23) -> 7 | R23: 2000-2100 | S23: =SUM(C62:C65) -> 1 | T23: =SUM(D62:D65) -> 0 | U23: =SUM(E62:E65) -> 3 | V23: =SUM(F62:F65) -> 0 | W23: =SUM(G62:G65) -> 0 | X23: =SUM(H62:H65) -> 0 | Y23: =SUM(I62:I65) -> 1 | Z23: =SUM(J62:J65) -> 3 | ... AF23: =SUM(P62:P65) -> 21
B24: 10.30 - 10.45 | C24: 0 | D24: 0 | E24: 1 | F24: 1 | G24: 1 | H24: 0 | I24: 0 | J24: 0 | K24: 0 | L24: 1 | M24: 2 | N24: 0 | O24: =SUM(C24:L24,N24) -> 4 | P24: =SUM(C24:N24) -> 6 | R24: 2100-2200 | S24: =SUM(C66:C69) -> 2 | T24: =SUM(D66:D69) -> 0 | U24: =SUM(E66:E69) -> 3 | V24: =SUM(F66:F69) -> 2 | W24: =SUM(G66:G69) -> 0 | X24: =SUM(H66:H69) -> 0 | Y24: =SUM(I66:I69) -> 0 | Z24: =SUM(J66:J69) -> 1 | ... AF24: =SUM(P66:P69) -> 25
B25: 10.45 - 11.00 | C25: 0 | D25: 0 | E25: 2 | F25: 1 | G25: 0 | H25: 0 | I25: 0 | J25: 1 | K25: 0 | L25: 0 | M25: 6 | N25: 0 | O25: =SUM(C25:L25,N25) -> 4 | P25: =SUM(C25:N25) -> 10 | R25: 2200-2300 | S25: =SUM(C70:C73) -> 0 | T25: =SUM(D70:D73) -> 0 | U25: =SUM(E70:E73) -> 4 | V25: =SUM(F70:F73) -> 1 | W25: =SUM(G70:G73) -> 0 | X25: =SUM(H70:H73) -> 0 | Y25: =SUM(I70:I73) -> 1 | Z25: =SUM(J70:J73) -> 1 | ... AF25: =SUM(P70:P73) -> 18
B26: 11.00 - 11.15 | C26: 0 | D26: 0 | E26: 1 | F26: 1 | G26: 0 | H26: 0 | I26: 0 | J26: 0 | K26: 0 | L26: 1 | M26: 1 | N26: 0 | O26: =SUM(C26:L26,N26) -> 3 | P26: =SUM(C26:N26) -> 4 | R26: 2300-0000 | S26: =SUM(C74:C77) -> 2 | T26: =SUM(D74:D77) -> 1 | U26: =SUM(E74:E77) -> 5 | V26: =SUM(F74:F77) -> 3 | W26: =SUM(G74:G77) -> 1 | X26: =SUM(H74:H77) -> 0 | Y26: =SUM(I74:I77) -> 2 | Z26: =SUM(J74:J77) -> 0 | ... AF26: =SUM(P74:P77) -> 23
B27: 11.15 - 11.30 | C27: 0 | D27: 0 | E27: 2 | F27: 0 | G27: 0 | H27: 0 | I27: 1 | J27: 0 | K27: 0 | L27: 1 | M27: 6 | N27: 0 | O27: =SUM(C27:L27,N27) -> 4 | P27: =SUM(C27:N27) -> 10 | R27: 0000-0100 | S27: =SUM(C78:C81) -> 1 | T27: =SUM(D78:D81) -> 0 | U27: =SUM(E78:E81) -> 1 | V27: =SUM(F78:F81) -> 2 | W27: =SUM(G78:G81) -> 0 | X27: =SUM(H78:H81) -> 0 | Y27: =SUM(I78:I81) -> 0 | Z27: =SUM(J78:J81) -> 0 | ... AF27: =SUM(P78:P81) -> 10
B28: 11.30 - 11.45 | C28: 1 | D28: 0 | E28: 2 | F28: 0 | G28: 0 | H28: 1 | I28: 1 | J28: 1 | K28: 2 | L28: 2 | M28: 7 | N28: 1 | O28: =SUM(C28:L28,N28) -> 11 | P28: =SUM(C28:N28) -> 18 | R28: 0100-0200 | S28: =SUM(C82:C85) -> 1 | T28: =SUM(D82:D85) -> 0 | U28: =SUM(E82:E85) -> 3 | V28: =SUM(F82:F85) -> 1 | W28: =SUM(G82:G85) -> 0 | X28: =SUM(H82:H85) -> 0 | Y28: =SUM(I82:I85) -> 0 | Z28: =SUM(J82:J85) -> 0 | ... AF28: =SUM(P82:P85) -> 11
B29: 11.45 - 12.00 | C29: 0 | D29: 1 | E29: 3 | F29: 1 | G29: 0 | H29: 0 | I29: 0 | J29: 0 | K29: 0 | L29: 0 | M29: 4 | N29: 0 | O29: =SUM(C29:L29,N29) -> 5 | P29: =SUM(C29:N29) -> 9 | R29: 0200-0300 | S29: =SUM(C86:C89) -> 1 | T29: =SUM(D86:D89) -> 2 | U29: =SUM(E86:E89) -> 5 | V29: =SUM(F86:F89) -> 3 | W29: =SUM(G86:G89) -> 1 | X29: =SUM(H86:H89) -> 2 | Y29: =SUM(I86:I89) -> 0 | Z29: =SUM(J86:J89) -> 0 | ... AF29: =SUM(P86:P89) -> 16
B30: 12.00 - 12.15 | C30: 0 | D30: 1 | E30: 3 | F30: 0 | G30: 0 | H30: 0 | I30: 0 | J30: 0 | K30: 0 | L30: 0 | M30: 1 | N30: 0 | O30: =SUM(C30:L30,N30) -> 4 | P30: =SUM(C30:N30) -> 5 | R30: 0300-0400 | S30: =SUM(C90:C93) -> 1 | T30: =SUM(D90:D93) -> 0 | U30: =SUM(E90:E93) -> 1 | V30: =SUM(F90:F93) -> 1 | W30: =SUM(G90:G93) -> 0 | X30: =SUM(H90:H93) -> 0 | Y30: =SUM(I90:I93) -> 0 | Z30: =SUM(J90:J93) -> 0 | ... AF30: =SUM(P90:P93) -> 3
B31: 12.15 - 12.30 | C31: 0 | D31: 0 | E31: 2 | F31: 0 | G31: 0 | H31: 0 | I31: 0 | J31: 0 | K31: 0 | L31: 0 | M31: 2 | N31: 0 | O31: =SUM(C31:L31,N31) -> 2 | P31: =SUM(C31:N31) -> 4 | R31: 0400-0500 | S31: =SUM(C94:C97) -> 2 | T31: =SUM(D94:D97) -> 1 | U31: =SUM(E94:E97) -> 2 | V31: =SUM(F94:F97) -> 1 | W31: =SUM(G94:G97) -> 0 | X31: =SUM(H94:H97) -> 2 | Y31: =SUM(I94:I97) -> 0 | Z31: =SUM(J94:J97) -> 0 | ... AF31: =SUM(P94:P97) -> 12
B32: 12.30 - 12.45 | C32: 0 | D32: 0 | E32: 2 | F32: 1 | G32: 0 | H32: 0 | I32: 0 | J32: 0 | K32: 0 | L32: 0 | M32: 5 | N32: 0 | O32: =SUM(C32:L32,N32) -> 3 | P32: =SUM(C32:N32) -> 8 | R32: 0500-0600 | S32: =SUM(C98:C101) -> 2 | T32: =SUM(D98:D101) -> 2 | U32: =SUM(E98:E101) -> 5 | V32: =SUM(F98:F101) -> 2 | W32: =SUM(G98:G101) -> 0 | X32: =SUM(H98:H101) -> 1 | Y32: =SUM(I98:I101) -> 0 | Z32: =SUM(J98:J101) -> 1 | ... AF32: =SUM(P98:P101) -> 17
B33: 12.45 - 13.00 | C33: 0 | D33: 1 | E33: 2 | F33: 0 | G33: 0 | H33: 0 | I33: 1 | J33: 0 | K33: 0 | L33: 0 | M33: 2 | N33: 0 | O33: =SUM(C33:L33,N33) -> 4 | P33: =SUM(C33:N33) -> 6 | R33: 0600-0700 | S33: =SUM(C102:C105) -> 4 | T33: =SUM(D102:D105) -> 0 | U33: =SUM(E102:E105) -> 5 | V33: =SUM(F102:F105) -> 2 | W33: =SUM(G102:G105) -> 0 | X33: =SUM(H102:H105) -> 1 | Y33: =SUM(I102:I105) -> 0 | Z33: =SUM(J102:J105) -> 0 | ... AF33: =SUM(P102:P105) -> 23
B34: 13.00 - 13.15 | C34: 0 | D34: 1 | E34: 2 | F34: 1 | G34: 0 | H34: 1 | I34: 0 | J34: 0 | K34: 0 | L34: 1 | M34: 8 | N34: 0 | O34: =SUM(C34:L34,N34) -> 6 | P34: =SUM(C34:N34) -> 14 | R34: AM Peak Hr | S34: =MAX(S10:S12) -> 8 | T34: =MAX(T10:T12) -> 2 | U34: =MAX(U10:U12) -> 7 | V34: =MAX(V10:V12) -> 6 | W34: =MAX(W10:W12) -> 1 | X34: =MAX(X10:X12) -> 0 | Y34: =MAX(Y10:Y12) -> 1 | Z34: =MAX(Z10:Z12) -> 5 | ... AF34: =MAX(AF10:AF12) -> 55
B35: 13.15 - 13.30 | C35: 0 | D35: 0 | E35: 0 | F35: 0 | G35: 0 | H35: 0 | I35: 0 | J35: 0 | K35: 0 | L35: 3 | M35: 4 | N35: 0 | O35: =SUM(C35:L35,N35) -> 3 | P35: =SUM(C35:N35) -> 7 | R35: IP Peak Hr | S35: =MAX(S13:S18) -> 7 | T35: =MAX(T13:T18) -> 2 | U35: =MAX(U13:U18) -> 9 | V35: =MAX(V13:V18) -> 6 | W35: =MAX(W13:W18) -> 5 | X35: =MAX(X13:X18) -> 3 | Y35: =MAX(Y13:Y18) -> 2 | Z35: =MAX(Z13:Z18) -> 2 | ... AF35: =MAX(AF13:AF18) -> 52
B36: 13.30 - 13.45 | C36: 0 | D36: 1 | E36: 4 | F36: 1 | G36: 1 | H36: 0 | I36: 0 | J36: 0 | K36: 0 | L36: 0 | M36: 1 | N36: 0 | O36: =SUM(C36:L36,N36) -> 7 | P36: =SUM(C36:N36) -> 8 | R36: PM Peak Hr | S36: =MAX(S19:S21) -> 8 | T36: =MAX(T19:T21) -> 5 | U36: =MAX(U19:U21) -> 12 | V36: =MAX(V19:V21) -> 8 | W36: =MAX(W19:W21) -> 1 | X36: =MAX(X19:X21) -> 6 | Y36: =MAX(Y19:Y21) -> 3 | Z36: =MAX(Z19:Z21) -> 1 | ... AF36: =MAX(AF19:AF21) -> 60
B37: 13.45 - 14.00 | C37: 0 | D37: 0 | E37: 0 | F37: 0 | G37: 0 | H37: 1 | I37: 0 | J37: 0 | K37: 1 | L37: 0 | M37: 5 | N37: 0 | O37: =SUM(C37:L37,N37) -> 2 | P37: =SUM(C37:N37) -> 7 | R37: AM Period | S37: =SUM(S10:S12) -> 11 | T37: =SUM(T10:T12) -> 2 | U37: =SUM(U10:U12) -> 13 | V37: =SUM(V10:V12) -> 10 | W37: =SUM(W10:W12) -> 1 | X37: =SUM(X10:X12) -> 0 | Y37: =SUM(Y10:Y12) -> 2 | Z37: =SUM(Z10:Z12) -> 9 | ... AF37: =SUM(AF10:AF12) -> 122
B38: 14.00 - 14.15 | C38: 0 | D38: 0 | E38: 2 | F38: 1 | G38: 0 | H38: 0 | I38: 0 | J38: 0 | K38: 1 | L38: 0 | M38: 3 | N38: 0 | O38: =SUM(C38:L38,N38) -> 4 | P38: =SUM(C38:N38) -> 7 | R38: IP Period | S38: =SUM(S13:S18) -> 15 | T38: =SUM(T13:T18) -> 8 | U38: =SUM(U13:U18) -> 41 | V38: =SUM(V13:V18) -> 15 | W38: =SUM(W13:W18) -> 8 | X38: =SUM(X13:X18) -> 7 | Y38: =SUM(Y13:Y18) -> 3 | Z38: =SUM(Z13:Z18) -> 4 | ... AF38: =SUM(AF13:AF18) -> 224
B39: 14.15 - 14.30 | C39: 0 | D39: 1 | E39: 3 | F39: 1 | G39: 0 | H39: 0 | I39: 0 | J39: 0 | K39: 0 | L39: 0 | M39: 4 | N39: 0 | O39: =SUM(C39:L39,N39) -> 5 | P39: =SUM(C39:N39) -> 9 | R39: PM Period | S39: =SUM(S19:S21) -> 17 | T39: =SUM(T19:T21) -> 11 | U39: =SUM(U19:U21) -> 30 | V39: =SUM(V19:V21) -> 21 | W39: =SUM(W19:W21) -> 1 | X39: =SUM(X19:X21) -> 11 | Y39: =SUM(Y19:Y21) -> 3 | Z39: =SUM(Z19:Z21) -> 2 | ... AF39: =SUM(AF19:AF21) -> 167
B40: 14.30 - 14.45 | C40: 2 | D40: 0 | E40: 1 | F40: 2 | G40: 2 | H40: 1 | I40: 0 | J40: 0 | K40: 0 | L40: 0 | M40: 2 | N40: 0 | O40: =SUM(C40:L40,N40) -> 8 | P40: =SUM(C40:N40) -> 10 | R40: 12 Hours | S40: =SUM(S10:S21) -> 43 | T40: =SUM(T10:T21) -> 21 | U40: =SUM(U10:U21) -> 84 | V40: =SUM(V10:V21) -> 46 | W40: =SUM(W10:W21) -> 10 | X40: =SUM(X10:X21) -> 18 | Y40: =SUM(Y10:Y21) -> 8 | Z40: =SUM(Z10:Z21) -> 15 | ... AF40: =SUM(AF10:AF21) -> 513
B41: 14.45 - 15.00 | C41: 4 | D41: 1 | E41: 2 | F41: 2 | G41: 3 | H41: 2 | I41: 0 | J41: 0 | K41: 0 | L41: 2 | M41: 10 | N41: 0 | O41: =SUM(C41:L41,N41) -> 16 | P41: =SUM(C41:N41) -> 26 | R41: 24 Hrs/ADT | S41: =SUM(S10:S33) -> 61 | T41: =SUM(T10:T33) -> 27 | U41: =SUM(U10:U33) -> 125 | V41: =SUM(V10:V33) -> 65 | W41: =SUM(W10:W33) -> 12 | X41: =SUM(X10:X33) -> 24 | Y41: =SUM(Y10:Y33) -> 12 | Z41: =SUM(Z10:Z33) -> 23 | ... AF41: =SUM(AF10:AF33) -> 713
B42: 15.00 - 15.15 | C42: 2 | D42: 1 | E42: 3 | F42: 2 | G42: 1 | H42: 0 | I42: 0 | J42: 0 | K42: 0 | L42: 3 | M42: 5 | N42: 0 | O42: =SUM(C42:L42,N42) -> 12 | P42: =SUM(C42:N42) -> 17 | R42: NEF | S42: =S41/S40 -> 1.4186047 | T42: =T41/T40 -> 1.2857143 | U42: =U41/U40 -> 1.4880952 | V42: =V41/V40 -> 1.4130435 | W42: =W41/W40 -> 1.2 | X42: =X41/X40 -> 1.3333333 | Y42: =Y41/Y40 -> 1.5 | Z42: =Z41/Z40 -> 1.5333333 | ... AF42: =AF41/AF40 -> 1.3898635
B43: 15.15 - 15.30 | C43: 3 | D43: 0 | E43: 1 | F43: 0 | G43: 0 | H43: 0 | I43: 0 | J43: 0 | K43: 2 | L43: 2 | M43: 3 | N43: 0 | O43: =SUM(C43:L43,N43) -> 8 | P43: =SUM(C43:N43) -> 11
B44: 15.30 - 15.45 | C44: 1 | D44: 0 | E44: 1 | F44: 0 | G44: 0 | H44: 0 | I44: 0 | J44: 0 | K44: 0 | L44: 0 | M44: 2 | N44: 0 | O44: =SUM(C44:L44,N44) -> 2 | P44: =SUM(C44:N44) -> 4
B45: 15.45 - 16.00 | C45: 1 | D45: 0 | E45: 1 | F45: 0 | G45: 0 | H45: 0 | I45: 0 | J45: 1 | K45: 0 | L45: 1 | M45: 4 | N45: 0 | O45: =SUM(C45:L45,N45) -> 4 | P45: =SUM(C45:N45) -> 8
B46: 16.00 - 16.15 | C46: 2 | D46: 0 | E46: 1 | F46: 2 | G46: 0 | H46: 0 | I46: 0 | J46: 0 | K46: 0 | L46: 1 | M46: 5 | N46: 0 | O46: =SUM(C46:L46,N46) -> 6 | P46: =SUM(C46:N46) -> 11
B47: 16.15 -16.30 | C47: 0 | D47: 1 | E47: 2 | F47: 2 | G47: 0 | H47: 1 | I47: 0 | J47: 0 | K47: 2 | L47: 2 | M47: 3 | N47: 0 | O47: =SUM(C47:L47,N47) -> 10 | P47: =SUM(C47:N47) -> 13
B48: 16.30 -16.45 | C48: 5 | D48: 1 | E48: 2 | F48: 2 | G48: 0 | H48: 2 | I48: 0 | J48: 0 | K48: 0 | L48: 1 | M48: 7 | N48: 0 | O48: =SUM(C48:L48,N48) -> 13 | P48: =SUM(C48:N48) -> 20
B49: 16.45 -17.00 | C49: 1 | D49: 1 | E49: 2 | F49: 2 | G49: 0 | H49: 3 | I49: 0 | J49: 1 | K49: 0 | L49: 3 | M49: 3 | N49: 0 | O49: =SUM(C49:L49,N49) -> 13 | P49: =SUM(C49:N49) -> 16
B50: 17.00 -17.15 | C50: 0 | D50: 2 | E50: 4 | F50: 2 | G50: 0 | H50: 0 | I50: 0 | J50: 0 | K50: 0 | L50: 1 | M50: 3 | N50: 2 | O50: =SUM(C50:L50,N50) -> 11 | P50: =SUM(C50:N50) -> 14
B51: 17.15 -17.30 | C51: 1 | D51: 0 | E51: 1 | F51: 3 | G51: 0 | H51: 1 | I51: 0 | J51: 0 | K51: 0 | L51: 0 | M51: 5 | N51: 0 | O51: =SUM(C51:L51,N51) -> 6 | P51: =SUM(C51:N51) -> 11
B52: 17.30 -17.45 | C52: 2 | D52: 1 | E52: 2 | F52: 1 | G52: 0 | H52: 1 | I52: 0 | J52: 0 | K52: 0 | L52: 1 | M52: 5 | N52: 1 | O52: =SUM(C52:L52,N52) -> 9 | P52: =SUM(C52:N52) -> 14
B53: 17.45 -18.00 | C53: 3 | D53: 2 | E53: 5 | F53: 0 | G53: 0 | H53: 0 | I53: 0 | J53: 0 | K53: 1 | L53: 1 | M53: 6 | N53: 0 | O53: =SUM(C53:L53,N53) -> 12 | P53: =SUM(C53:N53) -> 18
B54: 18.00 - 18.15 | C54: 0 | D54: 1 | E54: 2 | F54: 1 | G54: 0 | H54: 1 | I54: 1 | J54: 1 | K54: 0 | L54: 3 | M54: 2 | N54: 0 | O54: =SUM(C54:L54,N54) -> 10 | P54: =SUM(C54:N54) -> 12
... B105: 06.45 - 07.00 | C105: 1 | D105: 0 | E105: 1 | F105: 0 | G105: 0 | H105: 0 | I105: 0 | J105: 0 | K105: 0 | L105: 1 | M105: 3 | N105: 0 | O105: =SUM(C105:L105,N105) -> 3 | P105: =SUM(C105:N105) -> 6
B106: Totals | C106: =SUM(C10:C105) -> 61 | D106: =SUM(D10:D105) -> 27 | E106: =SUM(E10:E105) -> 125 | F106: =SUM(F10:F105) -> 65 | G106: =SUM(G10:G105) -> 12 | H106: =SUM(H10:H105) -> 24 | I106: =SUM(I10:I105) -> 12 | J106: =SUM(J10:J105) -> 23 | ... P106: =SUM(P10:P105) -> 713
B107: %ges + MCs | C107: =C106/$P$106 -> 0.085553997 | D107: =D106/$P$106 -> 0.037868163 | E107: =E106/$P$106 -> 0.17531557 | F107: =F106/$P$106 -> 0.091164095 | G107: =G106/$P$106 -> 0.016830295 | H107: =H106/$P$106 -> 0.033660589 | I107: =I106/$P$106 -> 0.016830295 | J107: =J106/$P$106 -> 0.032258065 | ... N107: =N106/$P$106 -> 0.011220196
B108: %ges w/o MCs | C108: =C106/$O$106 -> 0.13377193 | D108: =D106/$O$106 -> 0.059210526 | E108: =E106/$O$106 -> 0.27412281 | F108: =F106/$O$106 -> 0.14254386 | G108: =G106/$O$106 -> 0.026315789 | H108: =H106/$O$106 -> 0.052631579 | I108: =I106/$O$106 -> 0.026315789 | J108: =J106/$O$106 -> 0.050438596 | ... L108: =L106/$O$106 -> 0.17105263 | N108: =N106/$O$106 -> 0.01754386

Sheet 2.08 Karuma-Pakwach-24h
B1: Consultancy services for Preparation of Expressway Development Master Plan (EDMP) for Uganda
B2: MANUAL CLASSIFIED COUNT (MCC)
B3: ROAD NAME: | C3: ='29.07 Pakwach-Karuma'!C3:G3 -> MCC - C5 - STN115 - KARUMA-PAKWACH ROAD
C5: Date | D5: ='2.08 Pakwach-Karuma-24h'!D5 -> 26.07.19 | F5: Location | G5: ='2.08 Pakwach-Karuma-24h'!G5:H5 -> xxx | J5: Surveyor | K5: ='2.08 Pakwach-Karuma-24h'!K5:L5 -> xxx
C6: Dir. From | D6: ='29.07 karuma-pakwach'!D6:E6 -> karuma | F6: Dir. To | G6: ='30.07 karuma-pakwach'!G6:H6 -> pakwach | J6: Supervisor | K6: ='2.08 Pakwach-Karuma-24h'!K6:L6 -> xxx
B8: Time / Veh Type | R8: SUMMARY TRAFFIC VOLUMES
C9: 1. Car | D9: 2. Station Wagon | E9: 3. Pickups | F9: 4. Minibus, matatu | G9: 5. Medium bus | H9: 6. Large Bus | I9: 7. Light Truck | J9: 8. Medium Truck | K9: 9. Heavy truck | L9: 10. Truck Trailer | M9: 11. Motor cycles | N9: 12. Tractors | O9: Total Excl M/Cycles | P9: Total All | R9: Time | S9: 1. Car | T9: 2. Station Wagon | U9: 3. Pickups | V9: 4. Minibus, matatu | W9: 5. Medium bus | X9: 6. Large Bus | Y9: 7. Light Truck | Z9: 8. Medium Truck | AA9: 9. Heavy truck | AB9: 10. Truck Trailer | AC9: 11. Motorcycles | AD9: 12. Tractors, Graders | AE9: Total Excl M/ Cycles | AF9: Total All
B10: 07.00 - 07.15 | C10: 0 | D10: 0 | E10: 2 | F10: 0 | G10: 0 | H10: 0 | I10: 0 | J10: 0 | K10: 0 | L10: 2 | M10: 3 | N10: 0 | O10: =SUM(C10:L10,N10) -> 4 | P10: =SUM(C10:N10) -> 7 | R10: 0700-0800 | S10: =SUM(C10:C13) -> 1 | T10: =SUM(D10:D13) -> 0 | U10: =SUM(E10:E13) -> 5 | V10: =SUM(F10:F13) -> 0 | W10: =SUM(G10:G13) -> 1 | X10: =SUM(H10:H13) -> 0 | Y10: =SUM(I10:I13) -> 0 | Z10: =SUM(J10:J13) -> 1 | ... AF10: =SUM(P10:P13) -> 22
B11: 07.15 - 07.30 | C11: 1 | D11: 0 | E11: 0 | F11: 0 | G11: 0 | H11: 0 | I11: 0 | J11: 0 | K11: 0 | L11: 2 | M11: 3 | N11: 0 | O11: =SUM(C11:L11,N11) -> 3 | P11: =SUM(C11:N11) -> 6 | R11: 0800-0900 | S11: =SUM(C14:C17) -> 0 | T11: =SUM(D14:D17) -> 1 | U11: =SUM(E14:E17) -> 2 | V11: =SUM(F14:F17) -> 6 | W11: =SUM(G14:G17) -> 1 | X11: =SUM(H14:H17) -> 0 | Y11: =SUM(I14:I17) -> 2 | Z11: =SUM(J14:J17) -> 2 | ... AF11: =SUM(P14:P17) -> 33
B12: 07.30 - 07.45 | C12: 0 | D12: 0 | E12: 2 | F12: 0 | G12: 0 | H12: 0 | I12: 0 | J12: 0 | K12: 0 | L12: 0 | M12: 1 | N12: 0 | O12: =SUM(C12:L12,N12) -> 2 | P12: =SUM(C12:N12) -> 3 | R12: 0900-1000 | S12: =SUM(C18:C21) -> 2 | T12: =SUM(D18:D21) -> 3 | U12: =SUM(E18:E21) -> 7 | V12: =SUM(F18:F21) -> 3 | W12: =SUM(G18:G21) -> 0 | X12: =SUM(H18:H21) -> 0 | Y12: =SUM(I18:I21) -> 1 | Z12: =SUM(J18:J21) -> 3 | ... AF12: =SUM(P18:P21) -> 56
B13: 07.45 - 08.00 | C13: 0 | D13: 0 | E13: 1 | F13: 0 | G13: 1 | H13: 0 | I13: 0 | J13: 1 | K13: 0 | L13: 0 | M13: 3 | N13: 0 | O13: =SUM(C13:L13,N13) -> 3 | P13: =SUM(C13:N13) -> 6 | R13: 1000-1100 | S13: =SUM(C22:C25) -> 2 | T13: =SUM(D22:D25) -> 2 | U13: =SUM(E22:E25) -> 7 | V13: =SUM(F22:F25) -> 5 | W13: =SUM(G22:G25) -> 0 | X13: =SUM(H22:H25) -> 3 | Y13: =SUM(I22:I25) -> 0 | Z13: =SUM(J22:J25) -> 0 | ... AF13: =SUM(P22:P25) -> 45
B14: 08.00 - 08.15 | C14: 0 | D14: 0 | E14: 0 | F14: 0 | G14: 0 | H14: 0 | I14: 1 | J14: 0 | K14: 0 | L14: 0 | M14: 2 | N14: 0 | O14: =SUM(C14:L14,N14) -> 1 | P14: =SUM(C14:N14) -> 3 | R14: 1100-1200 | S14: =SUM(C26:C29) -> 1 | T14: =SUM(D26:D29) -> 2 | U14: =SUM(E26:E29) -> 5 | V14: =SUM(F26:F29) -> 4 | W14: =SUM(G26:G29) -> 3 | X14: =SUM(H26:H29) -> 0 | Y14: =SUM(I26:I29) -> 0 | Z14: =SUM(J26:J29) -> 3 | ... AF14: =SUM(P26:P29) -> 30
B15: 08.15 - 08.30 | C15: 0 | D15: 1 | E15: 2 | F15: 1 | G15: 1 | H15: 0 | I15: 0 | J15: 0 | K15: 0 | L15: 0 | M15: 4 | N15: 1 | O15: =SUM(C15:L15,N15) -> 6 | P15: =SUM(C15:N15) -> 10 | R15: 1200-1300 | S15: =SUM(C30:C33) -> 1 | T15: =SUM(D30:D33) -> 1 | U15: =SUM(E30:E33) -> 5 | V15: =SUM(F30:F33) -> 2 | W15: =SUM(G30:G33) -> 0 | X15: =SUM(H30:H33) -> 2 | Y15: =SUM(I30:I33) -> 0 | Z15: =SUM(J30:J33) -> 3 | ... AF15: =SUM(P30:P33) -> 36
B16: 08.30 - 08.45 | C16: 0 | D16: 0 | E16: 0 | F16: 3 | G16: 0 | H16: 0 | I16: 1 | J16: 0 | K16: 0 | L16: 0 | M16: 4 | N16: 0 | O16: =SUM(C16:L16,N16) -> 4 | P16: =SUM(C16:N16) -> 8 | R16: 1300-1400 | S16: =SUM(C34:C37) -> 6 | T16: =SUM(D34:D37) -> 2 | U16: =SUM(E34:E37) -> 5 | V16: =SUM(F34:F37) -> 3 | W16: =SUM(G34:G37) -> 3 | X16: =SUM(H34:H37) -> 2 | Y16: =SUM(I34:I37) -> 3 | Z16: =SUM(J34:J37) -> 4 | ... AF16: =SUM(P34:P37) -> 43
B17: 08.45 - 9.00 | C17: 0 | D17: 0 | E17: 0 | F17: 2 | G17: 0 | H17: 0 | I17: 0 | J17: 2 | K17: 0 | L17: 0 | M17: 8 | N17: 0 | O17: =SUM(C17:L17,N17) -> 4 | P17: =SUM(C17:N17) -> 12 | R17: 1400-1500 | S17: =SUM(C38:C41) -> 4 | T17: =SUM(D38:D41) -> 2 | U17: =SUM(E38:E41) -> 8 | V17: =SUM(F38:F41) -> 3 | W17: =SUM(G38:G41) -> 0 | X17: =SUM(H38:H41) -> 4 | Y17: =SUM(I38:I41) -> 3 | Z17: =SUM(J38:J41) -> 6 | ... AF17: =SUM(P38:P41) -> 52
B18: 09.00 - 09.15 | C18: 0 | D18: 0 | E18: 1 | F18: 1 | G18: 0 | H18: 0 | I18: 0 | J18: 0 | K18: 0 | L18: 0 | M18: 5 | N18: 0 | O18: =SUM(C18:L18,N18) -> 2 | P18: =SUM(C18:N18) -> 7 | R18: 1500-1600 | S18: =SUM(C42:C45) -> 3 | T18: =SUM(D42:D45) -> 4 | U18: =SUM(E42:E45) -> 9 | V18: =SUM(F42:F45) -> 9 | W18: =SUM(G42:G45) -> 0 | X18: =SUM(H42:H45) -> 4 | Y18: =SUM(I42:I45) -> 2 | Z18: =SUM(J42:J45) -> 3 | ... AF18: =SUM(P42:P45) -> 63
B19: 09.15 - 09.30 | C19: 0 | D19: 0 | E19: 0 | F19: 0 | G19: 0 | H19: 0 | I19: 0 | J19: 1 | K19: 0 | L19: 5 | M19: 0 | N19: 0 | O19: =SUM(C19:L19,N19) -> 6 | P19: =SUM(C19:N19) -> 6 | R19: 1600-1700 | S19: =SUM(C46:C49) -> 5 | T19: =SUM(D46:D49) -> 0 | U19: =SUM(E46:E49) -> 5 | V19: =SUM(F46:F49) -> 6 | W19: =SUM(G46:G49) -> 2 | X19: =SUM(H46:H49) -> 0 | Y19: =SUM(I46:I49) -> 1 | Z19: =SUM(J46:J49) -> 1 | ... AF19: =SUM(P46:P49) -> 46
B20: 09.30 - 09.45 | C20: 0 | D20: 1 | E20: 2 | F20: 1 | G20: 0 | H20: 0 | I20: 1 | J20: 1 | K20: 1 | L20: 0 | M20: 15 | N20: 0 | O20: =SUM(C20:L20,N20) -> 7 | P20: =SUM(C20:N20) -> 22 | R20: 1700-1800 | S20: =SUM(C50:C53) -> 10 | T20: =SUM(D50:D53) -> 2 | U20: =SUM(E50:E53) -> 7 | V20: =SUM(F50:F53) -> 7 | W20: =SUM(G50:G53) -> 1 | X20: =SUM(H50:H53) -> 0 | Y20: =SUM(I50:I53) -> 1 | Z20: =SUM(J50:J53) -> 5 | ... AF20: =SUM(P50:P53) -> 54
B21: 09.45 - 10.00 | C21: 2 | D21: 2 | E21: 4 | F21: 1 | G21: 0 | H21: 0 | I21: 0 | J21: 1 | K21: 0 | L21: 5 | M21: 6 | N21: 0 | O21: =SUM(C21:L21,N21) -> 15 | P21: =SUM(C21:N21) -> 21 | R21: 1800-1900 | S21: =SUM(C54:C57) -> 4 | T21: =SUM(D54:D57) -> 0 | U21: =SUM(E54:E57) -> 4 | V21: =SUM(F54:F57) -> 3 | W21: =SUM(G54:G57) -> 1 | X21: =SUM(H54:H57) -> 6 | Y21: =SUM(I54:I57) -> 0 | Z21: =SUM(J54:J57) -> 3 | ... AF21: =SUM(P54:P57) -> 51
B22: 10.00 - 10.15 | C22: 2 | D22: 1 | E22: 2 | F22: 1 | G22: 0 | H22: 1 | I22: 0 | J22: 0 | K22: 1 | L22: 1 | M22: 3 | N22: 0 | O22: =SUM(C22:L22,N22) -> 9 | P22: =SUM(C22:N22) -> 12 | R22: 1900-2000 | S22: =SUM(C58:C61) -> 1 | T22: =SUM(D58:D61) -> 0 | U22: =SUM(E58:E61) -> 4 | V22: =SUM(F58:F61) -> 1 | W22: =SUM(G58:G61) -> 0 | X22: =SUM(H58:H61) -> 0 | Y22: =SUM(I58:I61) -> 0 | Z22: =SUM(J58:J61) -> 2 | ... AF22: =SUM(P58:P61) -> 19
B23: 10.15 - 10.30 | C23: 0 | D23: 0 | E23: 1 | F23: 2 | G23: 0 | H23: 1 | I23: 0 | J23: 0 | K23: 0 | L23: 2 | M23: 10 | N23: 0 | O23: =SUM(C23:L23,N23) -> 6 | P23: =SUM(C23:N23) -> 16 | R23: 2000-2100 | S23: =SUM(C62:C65) -> 1 | T23: =SUM(D62:D65) -> 0 | U23: =SUM(E62:E65) -> 3 | V23: =SUM(F62:F65) -> 0 | W23: =SUM(G62:G65) -> 0 | X23: =SUM(H62:H65) -> 0 | Y23: =SUM(I62:I65) -> 1 | Z23: =SUM(J62:J65) -> 3 | ... AF23: =SUM(P62:P65) -> 20
B24: 10.30 - 10.45 | C24: 0 | D24: 1 | E24: 2 | F24: 0 | G24: 0 | H24: 0 | I24: 0 | J24: 0 | K24: 1 | L24: 1 | M24: 2 | N24: 0 | O24: =SUM(C24:L24,N24) -> 5 | P24: =SUM(C24:N24) -> 7 | R24: 2100-2200 | S24: =SUM(C66:C69) -> 2 | T24: =SUM(D66:D69) -> 0 | U24: =SUM(E66:E69) -> 3 | V24: =SUM(F66:F69) -> 2 | W24: =SUM(G66:G69) -> 0 | X24: =SUM(H66:H69) -> 0 | Y24: =SUM(I66:I69) -> 0 | Z24: =SUM(J66:J69) -> 1 | ... AF24: =SUM(P66:P69) -> 22
B25: 10.45 - 11.00 | C25: 0 | D25: 0 | E25: 2 | F25: 2 | G25: 0 | H25: 1 | I25: 0 | J25: 0 | K25: 0 | L25: 1 | M25: 4 | N25: 0 | O25: =SUM(C25:L25,N25) -> 6 | P25: =SUM(C25:N25) -> 10 | R25: 2200-2300 | S25: =SUM(C70:C73) -> 0 | T25: =SUM(D70:D73) -> 0 | U25: =SUM(E70:E73) -> 4 | V25: =SUM(F70:F73) -> 1 | W25: =SUM(G70:G73) -> 0 | X25: =SUM(H70:H73) -> 0 | Y25: =SUM(I70:I73) -> 1 | Z25: =SUM(J70:J73) -> 1 | ... AF25: =SUM(P70:P73) -> 16
B26: 11.00 - 11.15 | C26: 0 | D26: 0 | E26: 1 | F26: 3 | G26: 0 | H26: 0 | I26: 0 | J26: 2 | K26: 0 | L26: 2 | M26: 2 | N26: 0 | O26: =SUM(C26:L26,N26) -> 8 | P26: =SUM(C26:N26) -> 10 | R26: 2300-0000 | S26: =SUM(C74:C77) -> 2 | T26: =SUM(D74:D77) -> 1 | U26: =SUM(E74:E77) -> 5 | V26: =SUM(F74:F77) -> 3 | W26: =SUM(G74:G77) -> 1 | X26: =SUM(H74:H77) -> 0 | Y26: =SUM(I74:I77) -> 2 | Z26: =SUM(J74:J77) -> 0 | ... AF26: =SUM(P74:P77) -> 19
B27: 11.15 - 11.30 | C27: 0 | D27: 0 | E27: 0 | F27: 0 | G27: 1 | H27: 0 | I27: 0 | J27: 1 | K27: 0 | L27: 0 | M27: 5 | N27: 0 | O27: =SUM(C27:L27,N27) -> 2 | P27: =SUM(C27:N27) -> 7 | R27: 0000-0100 | S27: =SUM(C78:C81) -> 1 | T27: =SUM(D78:D81) -> 0 | U27: =SUM(E78:E81) -> 1 | V27: =SUM(F78:F81) -> 2 | W27: =SUM(G78:G81) -> 0 | X27: =SUM(H78:H81) -> 0 | Y27: =SUM(I78:I81) -> 0 | Z27: =SUM(J78:J81) -> 0 | ... AF27: =SUM(P78:P81) -> 10
B28: 11.30 - 11.45 | C28: 1 | D28: 2 | E28: 3 | F28: 1 | G28: 0 | H28: 0 | I28: 0 | J28: 0 | K28: 0 | L28: 0 | M28: 1 | N28: 0 | O28: =SUM(C28:L28,N28) -> 7 | P28: =SUM(C28:N28) -> 8 | R28: 0100-0200 | S28: =SUM(C82:C85) -> 1 | T28: =SUM(D82:D85) -> 0 | U28: =SUM(E82:E85) -> 3 | V28: =SUM(F82:F85) -> 1 | W28: =SUM(G82:G85) -> 0 | X28: =SUM(H82:H85) -> 0 | Y28: =SUM(I82:I85) -> 0 | Z28: =SUM(J82:J85) -> 0 | ... AF28: =SUM(P82:P85) -> 11
B29: 11.45 - 12.00 | C29: 0 | D29: 0 | E29: 1 | F29: 0 | G29: 2 | H29: 0 | I29: 0 | J29: 0 | K29: 0 | L29: 0 | M29: 2 | N29: 0 | O29: =SUM(C29:L29,N29) -> 3 | P29: =SUM(C29:N29) -> 5 | R29: 0200-0300 | S29: =SUM(C86:C89) -> 1 | T29: =SUM(D86:D89) -> 2 | U29: =SUM(E86:E89) -> 5 | V29: =SUM(F86:F89) -> 3 | W29: =SUM(G86:G89) -> 1 | X29: =SUM(H86:H89) -> 2 | Y29: =SUM(I86:I89) -> 0 | Z29: =SUM(J86:J89) -> 0 | ... AF29: =SUM(P86:P89) -> 16
B30: 12.00 - 12.15 | C30: 0 | D30: 0 | E30: 0 | F30: 0 | G30: 0 | H30: 1 | I30: 0 | J30: 1 | K30: 0 | L30: 1 | M30: 0 | N30: 0 | O30: =SUM(C30:L30,N30) -> 3 | P30: =SUM(C30:N30) -> 3 | R30: 0300-0400 | S30: =SUM(C90:C93) -> 1 | T30: =SUM(D90:D93) -> 0 | U30: =SUM(E90:E93) -> 1 | V30: =SUM(F90:F93) -> 1 | W30: =SUM(G90:G93) -> 0 | X30: =SUM(H90:H93) -> 0 | Y30: =SUM(I90:I93) -> 0 | Z30: =SUM(J90:J93) -> 0 | ... AF30: =SUM(P90:P93) -> 3
B31: 12.15 - 12.30 | C31: 1 | D31: 1 | E31: 3 | F31: 0 | G31: 0 | H31: 0 | I31: 0 | J31: 2 | K31: 0 | L31: 0 | M31: 5 | N31: 0 | O31: =SUM(C31:L31,N31) -> 7 | P31: =SUM(C31:N31) -> 12 | R31: 0400-0500 | S31: =SUM(C94:C97) -> 2 | T31: =SUM(D94:D97) -> 1 | U31: =SUM(E94:E97) -> 2 | V31: =SUM(F94:F97) -> 1 | W31: =SUM(G94:G97) -> 0 | X31: =SUM(H94:H97) -> 2 | Y31: =SUM(I94:I97) -> 0 | Z31: =SUM(J94:J97) -> 0 | ... AF31: =SUM(P94:P97) -> 12
B32: 12.30 - 12.45 | C32: 0 | D32: 0 | E32: 1 | F32: 2 | G32: 0 | H32: 1 | I32: 0 | J32: 0 | K32: 0 | L32: 0 | M32: 3 | N32: 0 | O32: =SUM(C32:L32,N32) -> 4 | P32: =SUM(C32:N32) -> 7 | R32: 0500-0600 | S32: =SUM(C98:C101) -> 2 | T32: =SUM(D98:D101) -> 2 | U32: =SUM(E98:E101) -> 5 | V32: =SUM(F98:F101) -> 2 | W32: =SUM(G98:G101) -> 0 | X32: =SUM(H98:H101) -> 1 | Y32: =SUM(I98:I101) -> 0 | Z32: =SUM(J98:J101) -> 1 | ... AF32: =SUM(P98:P101) -> 17
B33: 12.45 - 13.00 | C33: 0 | D33: 0 | E33: 1 | F33: 0 | G33: 0 | H33: 0 | I33: 0 | J33: 0 | K33: 3 | L33: 0 | M33: 10 | N33: 0 | O33: =SUM(C33:L33,N33) -> 4 | P33: =SUM(C33:N33) -> 14 | R33: 0600-0700 | S33: =SUM(C102:C105) -> 3 | T33: =SUM(D102:D105) -> 0 | U33: =SUM(E102:E105) -> 5 | V33: =SUM(F102:F105) -> 2 | W33: =SUM(G102:G105) -> 0 | X33: =SUM(H102:H105) -> 1 | Y33: =SUM(I102:I105) -> 0 | Z33: =SUM(J102:J105) -> 0 | ... AF33: =SUM(P102:P105) -> 20
B34: 13.00 - 13.15 | C34: 2 | D34: 1 | E34: 2 | F34: 2 | G34: 0 | H34: 0 | I34: 0 | J34: 0 | K34: 0 | L34: 0 | M34: 2 | N34: 1 | O34: =SUM(C34:L34,N34) -> 8 | P34: =SUM(C34:N34) -> 10 | R34: AM Peak Hr | S34: =MAX(S10:S12) -> 2 | T34: =MAX(T10:T12) -> 3 | U34: =MAX(U10:U12) -> 7 | V34: =MAX(V10:V12) -> 6 | W34: =MAX(W10:W12) -> 1 | X34: =MAX(X10:X12) -> 0 | Y34: =MAX(Y10:Y12) -> 2 | Z34: =MAX(Z10:Z12) -> 3 | ... AF34: =MAX(AF10:AF12) -> 56
B35: 13.15 - 13.30 | C35: 2 | D35: 0 | E35: 0 | F35: 0 | G35: 1 | H35: 1 | I35: 0 | J35: 0 | K35: 0 | L35: 3 | M35: 3 | N35: 0 | O35: =SUM(C35:L35,N35) -> 7 | P35: =SUM(C35:N35) -> 10 | R35: IP Peak Hr | S35: =MAX(S13:S18) -> 6 | T35: =MAX(T13:T18) -> 4 | U35: =MAX(U13:U18) -> 9 | V35: =MAX(V13:V18) -> 9 | W35: =MAX(W13:W18) -> 3 | X35: =MAX(X13:X18) -> 4 | Y35: =MAX(Y13:Y18) -> 3 | Z35: =MAX(Z13:Z18) -> 6 | ... AF35: =MAX(AF13:AF18) -> 63
B36: 13.30 - 13.45 | C36: 1 | D36: 0 | E36: 1 | F36: 1 | G36: 2 | H36: 0 | I36: 3 | J36: 3 | K36: 1 | L36: 1 | M36: 2 | N36: 0 | O36: =SUM(C36:L36,N36) -> 13 | P36: =SUM(C36:N36) -> 15 | R36: PM Peak Hr | S36: =MAX(S19:S21) -> 10 | T36: =MAX(T19:T21) -> 2 | U36: =MAX(U19:U21) -> 7 | V36: =MAX(V19:V21) -> 7 | W36: =MAX(W19:W21) -> 2 | X36: =MAX(X19:X21) -> 6 | Y36: =MAX(Y19:Y21) -> 1 | Z36: =MAX(Z19:Z21) -> 5 | ... AF36: =MAX(AF19:AF21) -> 54
B37: 13.45 - 14.00 | C37: 1 | D37: 1 | E37: 2 | F37: 0 | G37: 0 | H37: 1 | I37: 0 | J37: 1 | K37: 0 | L37: 0 | M37: 2 | N37: 0 | O37: =SUM(C37:L37,N37) -> 6 | P37: =SUM(C37:N37) -> 8 | R37: AM Period | S37: =SUM(S10:S12) -> 3 | T37: =SUM(T10:T12) -> 4 | U37: =SUM(U10:U12) -> 14 | V37: =SUM(V10:V12) -> 9 | W37: =SUM(W10:W12) -> 2 | X37: =SUM(X10:X12) -> 0 | Y37: =SUM(Y10:Y12) -> 3 | Z37: =SUM(Z10:Z12) -> 6 | ... AF37: =SUM(AF10:AF12) -> 111
B38: 14.00 - 14.15 | C38: 1 | D38: 1 | E38: 2 | F38: 0 | G38: 0 | H38: 1 | I38: 0 | J38: 1 | K38: 1 | L38: 1 | M38: 5 | N38: 0 | O38: =SUM(C38:L38,N38) -> 8 | P38: =SUM(C38:N38) -> 13 | R38: IP Period | S38: =SUM(S13:S18) -> 17 | T38: =SUM(T13:T18) -> 13 | U38: =SUM(U13:U18) -> 39 | V38: =SUM(V13:V18) -> 26 | W38: =SUM(W13:W18) -> 6 | X38: =SUM(X13:X18) -> 15 | Y38: =SUM(Y13:Y18) -> 8 | Z38: =SUM(Z13:Z18) -> 19 | ... AF38: =SUM(AF13:AF18) -> 269
B39: 14.15 - 14.30 | C39: 1 | D39: 0 | E39: 2 | F39: 2 | G39: 0 | H39: 0 | I39: 0 | J39: 1 | K39: 0 | L39: 3 | M39: 2 | N39: 0 | O39: =SUM(C39:L39,N39) -> 9 | P39: =SUM(C39:N39) -> 11 | R39: PM Period | S39: =SUM(S19:S21) -> 19 | T39: =SUM(T19:T21) -> 2 | U39: =SUM(U19:U21) -> 16 | V39: =SUM(V19:V21) -> 16 | W39: =SUM(W19:W21) -> 4 | X39: =SUM(X19:X21) -> 6 | Y39: =SUM(Y19:Y21) -> 2 | Z39: =SUM(Z19:Z21) -> 9 | ... AF39: =SUM(AF19:AF21) -> 151
B40: 14.30 - 14.45 | C40: 1 | D40: 0 | E40: 2 | F40: 1 | G40: 0 | H40: 1 | I40: 0 | J40: 4 | K40: 0 | L40: 0 | M40: 4 | N40: 0 | O40: =SUM(C40:L40,N40) -> 9 | P40: =SUM(C40:N40) -> 13 | R40: 12 Hours | S40: =SUM(S10:S21) -> 39 | T40: =SUM(T10:T21) -> 19 | U40: =SUM(U10:U21) -> 69 | V40: =SUM(V10:V21) -> 51 | W40: =SUM(W10:W21) -> 12 | X40: =SUM(X10:X21) -> 21 | Y40: =SUM(Y10:Y21) -> 13 | Z40: =SUM(Z10:Z21) -> 34 | ... AF40: =SUM(AF10:AF21) -> 531
B41: 14.45 - 15.00 | C41: 1 | D41: 1 | E41: 2 | F41: 0 | G41: 0 | H41: 2 | I41: 3 | J41: 0 | K41: 0 | L41: 4 | M41: 2 | N41: 0 | O41: =SUM(C41:L41,N41) -> 13 | P41: =SUM(C41:N41) -> 15 | R41: 24 Hrs/ADT | S41: =SUM(S10:S33) -> 56 | T41: =SUM(T10:T33) -> 25 | U41: =SUM(U10:U33) -> 110 | V41: =SUM(V10:V33) -> 70 | W41: =SUM(W10:W33) -> 14 | X41: =SUM(X10:X33) -> 27 | Y41: =SUM(Y10:Y33) -> 17 | Z41: =SUM(Z10:Z33) -> 42 | ... AF41: =SUM(AF10:AF33) -> 716
B42: 15.00 - 15.15 | C42: 0 | D42: 2 | E42: 3 | F42: 5 | G42: 0 | H42: 2 | I42: 2 | J42: 1 | K42: 1 | L42: 0 | M42: 11 | N42: 0 | O42: =SUM(C42:L42,N42) -> 16 | P42: =SUM(C42:N42) -> 27 | R42: NEF | S42: =S41/S40 -> 1.4358974 | T42: =T41/T40 -> 1.3157895 | U42: =U41/U40 -> 1.5942029 | V42: =V41/V40 -> 1.372549 | W42: =W41/W40 -> 1.1666667 | X42: =X41/X40 -> 1.2857143 | Y42: =Y41/Y40 -> 1.3076923 | Z42: =Z41/Z40 -> 1.2352941 | ... AF42: =AF41/AF40 -> 1.3483992
B43: 15.15 - 15.30 | C43: 0 | D43: 0 | E43: 1 | F43: 1 | G43: 0 | H43: 0 | I43: 0 | J43: 0 | K43: 1 | L43: 0 | M43: 3 | N43: 0 | O43: =SUM(C43:L43,N43) -> 3 | P43: =SUM(C43:N43) -> 6
B44: 15.30 - 15.45 | C44: 2 | D44: 1 | E44: 3 | F44: 1 | G44: 0 | H44: 0 | I44: 0 | J44: 0 | K44: 2 | L44: 0 | M44: 3 | N44: 0 | O44: =SUM(C44:L44,N44) -> 9 | P44: =SUM(C44:N44) -> 12
B45: 15.45 - 16.00 | C45: 1 | D45: 1 | E45: 2 | F45: 2 | G45: 0 | H45: 2 | I45: 0 | J45: 2 | K45: 3 | L45: 0 | M45: 5 | N45: 0 | O45: =SUM(C45:L45,N45) -> 13 | P45: =SUM(C45:N45) -> 18
B46: 16.00 - 16.15 | C46: 1 | D46: 0 | E46: 2 | F46: 1 | G46: 0 | H46: 0 | I46: 0 | J46: 1 | K46: 1 | L46: 2 | M46: 6 | N46: 0 | O46: =SUM(C46:L46,N46) -> 8 | P46: =SUM(C46:N46) -> 14
B47: 16.15 -16.30 | C47: 2 | D47: 0 | E47: 0 | F47: 3 | G47: 0 | H47: 0 | I47: 1 | J47: 0 | K47: 0 | L47: 0 | M47: 4 | N47: 0 | O47: =SUM(C47:L47,N47) -> 6 | P47: =SUM(C47:N47) -> 10
B48: 16.30 -16.45 | C48: 1 | D48: 0 | E48: 1 | F48: 0 | G48: 1 | H48: 0 | I48: 0 | J48: 0 | K48: 0 | L48: 0 | M48: 6 | N48: 0 | O48: =SUM(C48:L48,N48) -> 3 | P48: =SUM(C48:N48) -> 9
B49: 16.45 -17.00 | C49: 1 | D49: 0 | E49: 2 | F49: 2 | G49: 1 | H49: 0 | I49: 0 | J49: 0 | K49: 0 | L49: 1 | M49: 6 | N49: 0 | O49: =SUM(C49:L49,N49) -> 7 | P49: =SUM(C49:N49) -> 13
B50: 17.00 -17.15 | C50: 5 | D50: 1 | E50: 2 | F50: 4 | G50: 0 | H50: 0 | I50: 0 | J50: 0 | K50: 0 | L50: 0 | M50: 5 | N50: 1 | O50: =SUM(C50:L50,N50) -> 13 | P50: =SUM(C50:N50) -> 18
B51: 17.15 -17.30 | C51: 1 | D51: 0 | E51: 1 | F51: 1 | G51: 1 | H51: 0 | I51: 0 | J51: 3 | K51: 0 | L51: 0 | M51: 3 | N51: 0 | O51: =SUM(C51:L51,N51) -> 7 | P51: =SUM(C51:N51) -> 10
B52: 17.30 -17.45 | C52: 1 | D52: 0 | E52: 2 | F52: 1 | G52: 0 | H52: 0 | I52: 0 | J52: 1 | K52: 0 | L52: 3 | M52: 3 | N52: 0 | O52: =SUM(C52:L52,N52) -> 8 | P52: =SUM(C52:N52) -> 11
B53: 17.45 -18.00 | C53: 3 | D53: 1 | E53: 2 | F53: 1 | G53: 0 | H53: 0 | I53: 1 | J53: 1 | K53: 0 | L53: 0 | M53: 6 | N53: 0 | O53: =SUM(C53:L53,N53) -> 9 | P53: =SUM(C53:N53) -> 15
B54: 18.00 - 18.15 | C54: 1 | D54: 0 | E54: 0 | F54: 1 | G54: 0 | H54: 2 | I54: 0 | J54: 1 | K54: 3 | L54: 1 | M54: 3 | N54: 1 | O54: =SUM(C54:L54,N54) -> 10 | P54: =SUM(C54:N54) -> 13
... B105: 06.45 - 07.00 | C105: 1 | D105: 0 | E105: 1 | F105: 0 | G105: 0 | H105: 0 | I105: 0 | J105: 0 | K105: 0 | L105: 1 | M105: 2 | N105: 0 | O105: =SUM(C105:L105,N105) -> 3 | P105: =SUM(C105:N105) -> 5
B106: Totals | C106: =SUM(C10:C105) -> 56 | D106: =SUM(D10:D105) -> 25 | E106: =SUM(E10:E105) -> 110 | F106: =SUM(F10:F105) -> 70 | G106: =SUM(G10:G105) -> 14 | H106: =SUM(H10:H105) -> 27 | I106: =SUM(I10:I105) -> 17 | J106: =SUM(J10:J105) -> 42 | ... P106: =SUM(P10:P105) -> 716
B107: %ges + MCs | C107: =C106/$P$106 -> 0.078212291 | D107: =D106/$P$106 -> 0.034916201 | E107: =E106/$P$106 -> 0.15363128 | F107: =F106/$P$106 -> 0.097765363 | G107: =G106/$P$106 -> 0.019553073 | H107: =H106/$P$106 -> 0.037709497 | I107: =I106/$P$106 -> 0.023743017 | J107: =J106/$P$106 -> 0.058659218 | ... N107: =N106/$P$106 -> 0.0097765363
B108: %ges w/o MCs | C108: =C106/$O$106 -> 0.12095032 | D108: =D106/$O$106 -> 0.05399568 | E108: =E106/$O$106 -> 0.23758099 | F108: =F106/$O$106 -> 0.1511879 | G108: =G106/$O$106 -> 0.030237581 | H108: =H106/$O$106 -> 0.058315335 | I108: =I106/$O$106 -> 0.036717063 | J108: =J106/$O$106 -> 0.090712743 | ... L108: =L106/$O$106 -> 0.15334773 | N108: =N106/$O$106 -> 0.01511879

Sheet 3.08 Pakwach-Karuma-24h
B1: Consultancy services for Preparation of Expressway Development Master Plan (EDMP) for Uganda
B2: MANUAL CLASSIFIED COUNT (MCC)
B3: ROAD NAME: | C3: ='29.07 Pakwach-Karuma'!C3:G3 -> MCC - C5 - STN115 - KARUMA-PAKWACH ROAD
C5: Date | D5: 27.07.19 | F5: Location | G5: ='2.08 Karuma-Pakwach-24h'!G5:H5 -> xxx | J5: Surveyor | K5: ='2.08 Karuma-Pakwach-24h'!K5:L5 -> xxx
C6: Dir. From | D6: ='29.07 Pakwach-Karuma'!D6:E6 -> pakwach | F6: Dir. To | G6: ='29.07 Pakwach-Karuma'!G6:H6 -> karuma | J6: Supervisor | K6: ='2.08 Karuma-Pakwach-24h'!K6:L6 -> xxx
B8: Time / Veh Type | R8: SUMMARY TRAFFIC VOLUMES
C9: 1. Car | D9: 2. Station Wagon | E9: 3. Pickups | F9: 4. Minibus, matatu | G9: 5. Medium bus | H9: 6. Large Bus | I9: 7. Light Truck | J9: 8. Medium Truck | K9: 9. Heavy truck | L9: 10. Truck Trailer | M9: 11. Motor cycles | N9: 12. Tractors | O9: Total Excl M/Cycles | P9: Total All | R9: Time | S9: 1. Car | T9: 2. Station Wagon | U9: 3. Pickups | V9: 4. Minibus, matatu | W9: 5. Medium bus | X9: 6. Large Bus | Y9: 7. Light Truck | Z9: 8. Medium Truck | AA9: 9. Heavy truck | AB9: 10. Truck Trailer | AC9: 11. Motorcycles | AD9: 12. Tractors, Graders | AE9: Total Excl M/ Cycles | AF9: Total All
B10: 07.00 - 07.15 | C10: 1 | D10: 0 | E10: 2 | F10: 0 | G10: 0 | H10: 0 | I10: 0 | J10: 0 | K10: 0 | L10: 0 | M10: 3 | N10: 0 | O10: =SUM(C10:L10,N10) -> 3 | P10: =SUM(C10:N10) -> 6 | R10: 0700-0800 | S10: =SUM(C10:C13) -> 5 | T10: =SUM(D10:D13) -> 0 | U10: =SUM(E10:E13) -> 7 | V10: =SUM(F10:F13) -> 0 | W10: =SUM(G10:G13) -> 0 | X10: =SUM(H10:H13) -> 0 | Y10: =SUM(I10:I13) -> 0 | Z10: =SUM(J10:J13) -> 2 | ... AF10: =SUM(P10:P13) -> 36
B11: 07.15 - 07.30 | C11: 1 | D11: 0 | E11: 2 | F11: 0 | G11: 0 | H11: 0 | I11: 0 | J11: 0 | K11: 0 | L11: 0 | M11: 3 | N11: 0 | O11: =SUM(C11:L11,N11) -> 3 | P11: =SUM(C11:N11) -> 6 | R11: 0800-0900 | S11: =SUM(C14:C17) -> 2 | T11: =SUM(D14:D17) -> 0 | U11: =SUM(E14:E17) -> 3 | V11: =SUM(F14:F17) -> 0 | W11: =SUM(G14:G17) -> 0 | X11: =SUM(H14:H17) -> 0 | Y11: =SUM(I14:I17) -> 1 | Z11: =SUM(J14:J17) -> 8 | ... AF11: =SUM(P14:P17) -> 35
B12: 07.30 - 07.45 | C12: 1 | D12: 0 | E12: 2 | F12: 0 | G12: 0 | H12: 0 | I12: 0 | J12: 0 | K12: 0 | L12: 0 | M12: 3 | N12: 0 | O12: =SUM(C12:L12,N12) -> 3 | P12: =SUM(C12:N12) -> 6 | R12: 0900-1000 | S12: =SUM(C18:C21) -> 1 | T12: =SUM(D18:D21) -> 1 | U12: =SUM(E18:E21) -> 6 | V12: =SUM(F18:F21) -> 4 | W12: =SUM(G18:G21) -> 0 | X12: =SUM(H18:H21) -> 1 | Y12: =SUM(I18:I21) -> 0 | Z12: =SUM(J18:J21) -> 5 | ... AF12: =SUM(P18:P21) -> 43
B13: 07.45 - 08.00 | C13: 2 | D13: 0 | E13: 1 | F13: 0 | G13: 0 | H13: 0 | I13: 0 | J13: 2 | K13: 0 | L13: 6 | M13: 6 | N13: 1 | O13: =SUM(C13:L13,N13) -> 12 | P13: =SUM(C13:N13) -> 18 | R13: 1000-1100 | S13: =SUM(C22:C25) -> 3 | T13: =SUM(D22:D25) -> 5 | U13: =SUM(E22:E25) -> 11 | V13: =SUM(F22:F25) -> 4 | W13: =SUM(G22:G25) -> 0 | X13: =SUM(H22:H25) -> 0 | Y13: =SUM(I22:I25) -> 2 | Z13: =SUM(J22:J25) -> 2 | ... AF13: =SUM(P22:P25) -> 56
B14: 08.00 - 08.15 | C14: 0 | D14: 0 | E14: 0 | F14: 0 | G14: 0 | H14: 0 | I14: 0 | J14: 1 | K14: 0 | L14: 0 | M14: 3 | N14: 0 | O14: =SUM(C14:L14,N14) -> 1 | P14: =SUM(C14:N14) -> 4 | R14: 1100-1200 | S14: =SUM(C26:C29) -> 0 | T14: =SUM(D26:D29) -> 2 | U14: =SUM(E26:E29) -> 7 | V14: =SUM(F26:F29) -> 5 | W14: =SUM(G26:G29) -> 0 | X14: =SUM(H26:H29) -> 0 | Y14: =SUM(I26:I29) -> 3 | Z14: =SUM(J26:J29) -> 1 | ... AF14: =SUM(P26:P29) -> 32
B15: 08.15 - 08.30 | C15: 0 | D15: 0 | E15: 1 | F15: 0 | G15: 0 | H15: 0 | I15: 1 | J15: 3 | K15: 0 | L15: 5 | M15: 2 | N15: 0 | O15: =SUM(C15:L15,N15) -> 10 | P15: =SUM(C15:N15) -> 12 | R15: 1200-1300 | S15: =SUM(C30:C33) -> 6 | T15: =SUM(D30:D33) -> 1 | U15: =SUM(E30:E33) -> 7 | V15: =SUM(F30:F33) -> 1 | W15: =SUM(G30:G33) -> 0 | X15: =SUM(H30:H33) -> 0 | Y15: =SUM(I30:I33) -> 1 | Z15: =SUM(J30:J33) -> 0 | ... AF15: =SUM(P30:P33) -> 41
B16: 08.30 - 08.45 | C16: 0 | D16: 0 | E16: 1 | F16: 0 | G16: 0 | H16: 0 | I16: 0 | J16: 4 | K16: 1 | L16: 1 | M16: 3 | N16: 0 | O16: =SUM(C16:L16,N16) -> 7 | P16: =SUM(C16:N16) -> 10 | R16: 1300-1400 | S16: =SUM(C34:C37) -> 2 | T16: =SUM(D34:D37) -> 0 | U16: =SUM(E34:E37) -> 7 | V16: =SUM(F34:F37) -> 2 | W16: =SUM(G34:G37) -> 0 | X16: =SUM(H34:H37) -> 0 | Y16: =SUM(I34:I37) -> 0 | Z16: =SUM(J34:J37) -> 3 | ... AF16: =SUM(P34:P37) -> 39
B17: 08.45 - 9.00 | C17: 2 | D17: 0 | E17: 1 | F17: 0 | G17: 0 | H17: 0 | I17: 0 | J17: 0 | K17: 0 | L17: 2 | M17: 4 | N17: 0 | O17: =SUM(C17:L17,N17) -> 5 | P17: =SUM(C17:N17) -> 9 | R17: 1400-1500 | S17: =SUM(C38:C41) -> 5 | T17: =SUM(D38:D41) -> 1 | U17: =SUM(E38:E41) -> 7 | V17: =SUM(F38:F41) -> 7 | W17: =SUM(G38:G41) -> 0 | X17: =SUM(H38:H41) -> 3 | Y17: =SUM(I38:I41) -> 0 | Z17: =SUM(J38:J41) -> 1 | ... AF17: =SUM(P38:P41) -> 43
B18: 09.00 - 09.15 | C18: 0 | D18: 0 | E18: 1 | F18: 1 | G18: 0 | H18: 0 | I18: 0 | J18: 2 | K18: 0 | L18: 1 | M18: 2 | N18: 0 | O18: =SUM(C18:L18,N18) -> 5 | P18: =SUM(C18:N18) -> 7 | R18: 1500-1600 | S18: =SUM(C42:C45) -> 2 | T18: =SUM(D42:D45) -> 1 | U18: =SUM(E42:E45) -> 3 | V18: =SUM(F42:F45) -> 0 | W18: =SUM(G42:G45) -> 0 | X18: =SUM(H42:H45) -> 2 | Y18: =SUM(I42:I45) -> 0 | Z18: =SUM(J42:J45) -> 3 | ... AF18: =SUM(P42:P45) -> 29
B19: 09.15 - 09.30 | C19: 0 | D19: 1 | E19: 2 | F19: 0 | G19: 0 | H19: 0 | I19: 0 | J19: 1 | K19: 0 | L19: 1 | M19: 7 | N19: 0 | O19: =SUM(C19:L19,N19) -> 5 | P19: =SUM(C19:N19) -> 12 | R19: 1600-1700 | S19: =SUM(C46:C49) -> 3 | T19: =SUM(D46:D49) -> 1 | U19: =SUM(E46:E49) -> 4 | V19: =SUM(F46:F49) -> 3 | W19: =SUM(G46:G49) -> 0 | X19: =SUM(H46:H49) -> 2 | Y19: =SUM(I46:I49) -> 0 | Z19: =SUM(J46:J49) -> 2 | ... AF19: =SUM(P46:P49) -> 44
B20: 09.30 - 09.45 | C20: 1 | D20: 0 | E20: 1 | F20: 1 | G20: 0 | H20: 1 | I20: 0 | J20: 2 | K20: 0 | L20: 2 | M20: 2 | N20: 0 | O20: =SUM(C20:L20,N20) -> 8 | P20: =SUM(C20:N20) -> 10 | R20: 1700-1800 | S20: =SUM(C50:C53) -> 8 | T20: =SUM(D50:D53) -> 3 | U20: =SUM(E50:E53) -> 10 | V20: =SUM(F50:F53) -> 1 | W20: =SUM(G50:G53) -> 0 | X20: =SUM(H50:H53) -> 0 | Y20: =SUM(I50:I53) -> 0 | Z20: =SUM(J50:J53) -> 4 | ... AF20: =SUM(P50:P53) -> 54
B21: 09.45 - 10.00 | C21: 0 | D21: 0 | E21: 2 | F21: 2 | G21: 0 | H21: 0 | I21: 0 | J21: 0 | K21: 0 | L21: 0 | M21: 10 | N21: 0 | O21: =SUM(C21:L21,N21) -> 4 | P21: =SUM(C21:N21) -> 14 | R21: 1800-1900 | S21: =SUM(C54:C57) -> 5 | T21: =SUM(D54:D57) -> 1 | U21: =SUM(E54:E57) -> 5 | V21: =SUM(F54:F57) -> 1 | W21: =SUM(G54:G57) -> 0 | X21: =SUM(H54:H57) -> 1 | Y21: =SUM(I54:I57) -> 0 | Z21: =SUM(J54:J57) -> 1 | ... AF21: =SUM(P54:P57) -> 38
B22: 10.00 - 10.15 | C22: 0 | D22: 0 | E22: 1 | F22: 1 | G22: 0 | H22: 0 | I22: 1 | J22: 0 | K22: 0 | L22: 0 | M22: 4 | N22: 0 | O22: =SUM(C22:L22,N22) -> 3 | P22: =SUM(C22:N22) -> 7 | R22: 1900-2000 | S22: =SUM(C58:C61) -> 1 | T22: =SUM(D58:D61) -> 0 | U22: =SUM(E58:E61) -> 4 | V22: =SUM(F58:F61) -> 1 | W22: =SUM(G58:G61) -> 0 | X22: =SUM(H58:H61) -> 0 | Y22: =SUM(I58:I61) -> 0 | Z22: =SUM(J58:J61) -> 2 | ... AF22: =SUM(P58:P61) -> 19
B23: 10.15 - 10.30 | C23: 1 | D23: 2 | E23: 4 | F23: 0 | G23: 0 | H23: 0 | I23: 0 | J23: 0 | K23: 0 | L23: 1 | M23: 7 | N23: 1 | O23: =SUM(C23:L23,N23) -> 9 | P23: =SUM(C23:N23) -> 16 | R23: 2000-2100 | S23: =SUM(C62:C65) -> 1 | T23: =SUM(D62:D65) -> 0 | U23: =SUM(E62:E65) -> 3 | V23: =SUM(F62:F65) -> 0 | W23: =SUM(G62:G65) -> 0 | X23: =SUM(H62:H65) -> 0 | Y23: =SUM(I62:I65) -> 1 | Z23: =SUM(J62:J65) -> 3 | ... AF23: =SUM(P62:P65) -> 20
B24: 10.30 - 10.45 | C24: 0 | D24: 2 | E24: 4 | F24: 0 | G24: 0 | H24: 0 | I24: 0 | J24: 1 | K24: 0 | L24: 3 | M24: 5 | N24: 2 | O24: =SUM(C24:L24,N24) -> 12 | P24: =SUM(C24:N24) -> 17 | R24: 2100-2200 | S24: =SUM(C66:C69) -> 2 | T24: =SUM(D66:D69) -> 0 | U24: =SUM(E66:E69) -> 3 | V24: =SUM(F66:F69) -> 2 | W24: =SUM(G66:G69) -> 0 | X24: =SUM(H66:H69) -> 0 | Y24: =SUM(I66:I69) -> 0 | Z24: =SUM(J66:J69) -> 1 | ... AF24: =SUM(P66:P69) -> 22
B25: 10.45 - 11.00 | C25: 2 | D25: 1 | E25: 2 | F25: 3 | G25: 0 | H25: 0 | I25: 1 | J25: 1 | K25: 0 | L25: 0 | M25: 6 | N25: 0 | O25: =SUM(C25:L25,N25) -> 10 | P25: =SUM(C25:N25) -> 16 | R25: 2200-2300 | S25: =SUM(C70:C73) -> 0 | T25: =SUM(D70:D73) -> 0 | U25: =SUM(E70:E73) -> 4 | V25: =SUM(F70:F73) -> 1 | W25: =SUM(G70:G73) -> 0 | X25: =SUM(H70:H73) -> 0 | Y25: =SUM(I70:I73) -> 1 | Z25: =SUM(J70:J73) -> 1 | ... AF25: =SUM(P70:P73) -> 16
B26: 11.00 - 11.15 | C26: 0 | D26: 0 | E26: 1 | F26: 2 | G26: 0 | H26: 0 | I26: 0 | J26: 0 | K26: 0 | L26: 0 | M26: 2 | N26: 0 | O26: =SUM(C26:L26,N26) -> 3 | P26: =SUM(C26:N26) -> 5 | R26: 2300-0000 | S26: =SUM(C74:C77) -> 2 | T26: =SUM(D74:D77) -> 1 | U26: =SUM(E74:E77) -> 5 | V26: =SUM(F74:F77) -> 3 | W26: =SUM(G74:G77) -> 1 | X26: =SUM(H74:H77) -> 0 | Y26: =SUM(I74:I77) -> 2 | Z26: =SUM(J74:J77) -> 0 | ... AF26: =SUM(P74:P77) -> 19
B27: 11.15 - 11.30 | C27: 0 | D27: 0 | E27: 2 | F27: 2 | G27: 0 | H27: 0 | I27: 1 | J27: 1 | K27: 0 | L27: 0 | M27: 4 | N27: 0 | O27: =SUM(C27:L27,N27) -> 6 | P27: =SUM(C27:N27) -> 10 | R27: 0000-0100 | S27: =SUM(C78:C81) -> 1 | T27: =SUM(D78:D81) -> 0 | U27: =SUM(E78:E81) -> 1 | V27: =SUM(F78:F81) -> 2 | W27: =SUM(G78:G81) -> 0 | X27: =SUM(H78:H81) -> 0 | Y27: =SUM(I78:I81) -> 0 | Z27: =SUM(J78:J81) -> 0 | ... AF27: =SUM(P78:P81) -> 10
B28: 11.30 - 11.45 | C28: 0 | D28: 0 | E28: 0 | F28: 0 | G28: 0 | H28: 0 | I28: 0 | J28: 0 | K28: 0 | L28: 0 | M28: 1 | N28: 0 | O28: =SUM(C28:L28,N28) -> 0 | P28: =SUM(C28:N28) -> 1 | R28: 0100-0200 | S28: =SUM(C82:C85) -> 1 | T28: =SUM(D82:D85) -> 0 | U28: =SUM(E82:E85) -> 3 | V28: =SUM(F82:F85) -> 1 | W28: =SUM(G82:G85) -> 0 | X28: =SUM(H82:H85) -> 0 | Y28: =SUM(I82:I85) -> 0 | Z28: =SUM(J82:J85) -> 0 | ... AF28: =SUM(P82:P85) -> 11
B29: 11.45 - 12.00 | C29: 0 | D29: 2 | E29: 4 | F29: 1 | G29: 0 | H29: 0 | I29: 2 | J29: 0 | K29: 2 | L29: 3 | M29: 2 | N29: 0 | O29: =SUM(C29:L29,N29) -> 14 | P29: =SUM(C29:N29) -> 16 | R29: 0200-0300 | S29: =SUM(C86:C89) -> 1 | T29: =SUM(D86:D89) -> 2 | U29: =SUM(E86:E89) -> 5 | V29: =SUM(F86:F89) -> 3 | W29: =SUM(G86:G89) -> 1 | X29: =SUM(H86:H89) -> 2 | Y29: =SUM(I86:I89) -> 0 | Z29: =SUM(J86:J89) -> 0 | ... AF29: =SUM(P86:P89) -> 16
B30: 12.00 - 12.15 | C30: 0 | D30: 1 | E30: 2 | F30: 0 | G30: 0 | H30: 0 | I30: 0 | J30: 0 | K30: 1 | L30: 1 | M30: 5 | N30: 0 | O30: =SUM(C30:L30,N30) -> 5 | P30: =SUM(C30:N30) -> 10 | R30: 0300-0400 | S30: =SUM(C90:C93) -> 2 | T30: =SUM(D90:D93) -> 0 | U30: =SUM(E90:E93) -> 1 | V30: =SUM(F90:F93) -> 1 | W30: =SUM(G90:G93) -> 0 | X30: =SUM(H90:H93) -> 0 | Y30: =SUM(I90:I93) -> 0 | Z30: =SUM(J90:J93) -> 0 | ... AF30: =SUM(P90:P93) -> 4
B31: 12.15 - 12.30 | C31: 0 | D31: 0 | E31: 2 | F31: 0 | G31: 0 | H31: 0 | I31: 1 | J31: 0 | K31: 0 | L31: 1 | M31: 2 | N31: 1 | O31: =SUM(C31:L31,N31) -> 5 | P31: =SUM(C31:N31) -> 7 | R31: 0400-0500 | S31: =SUM(C94:C97) -> 2 | T31: =SUM(D94:D97) -> 1 | U31: =SUM(E94:E97) -> 1 | V31: =SUM(F94:F97) -> 1 | W31: =SUM(G94:G97) -> 0 | X31: =SUM(H94:H97) -> 2 | Y31: =SUM(I94:I97) -> 0 | Z31: =SUM(J94:J97) -> 0 | ... AF31: =SUM(P94:P97) -> 11
B32: 12.30 - 12.45 | C32: 3 | D32: 0 | E32: 1 | F32: 1 | G32: 0 | H32: 0 | I32: 0 | J32: 0 | K32: 0 | L32: 2 | M32: 5 | N32: 1 | O32: =SUM(C32:L32,N32) -> 8 | P32: =SUM(C32:N32) -> 13 | R32: 0500-0600 | S32: =SUM(C98:C101) -> 2 | T32: =SUM(D98:D101) -> 2 | U32: =SUM(E98:E101) -> 4 | V32: =SUM(F98:F101) -> 2 | W32: =SUM(G98:G101) -> 0 | X32: =SUM(H98:H101) -> 1 | Y32: =SUM(I98:I101) -> 0 | Z32: =SUM(J98:J101) -> 1 | ... AF32: =SUM(P98:P101) -> 15
B33: 12.45 - 13.00 | C33: 3 | D33: 0 | E33: 2 | F33: 0 | G33: 0 | H33: 0 | I33: 0 | J33: 0 | K33: 0 | L33: 3 | M33: 3 | N33: 0 | O33: =SUM(C33:L33,N33) -> 8 | P33: =SUM(C33:N33) -> 11 | R33: 0600-0700 | S33: =SUM(C102:C105) -> 3 | T33: =SUM(D102:D105) -> 0 | U33: =SUM(E102:E105) -> 5 | V33: =SUM(F102:F105) -> 2 | W33: =SUM(G102:G105) -> 0 | X33: =SUM(H102:H105) -> 1 | Y33: =SUM(I102:I105) -> 0 | Z33: =SUM(J102:J105) -> 0 | ... AF33: =SUM(P102:P105) -> 20
B34: 13.00 - 13.15 | C34: 1 | D34: 0 | E34: 2 | F34: 0 | G34: 0 | H34: 0 | I34: 0 | J34: 0 | K34: 0 | L34: 0 | M34: 5 | N34: 0 | O34: =SUM(C34:L34,N34) -> 3 | P34: =SUM(C34:N34) -> 8 | R34: AM Peak Hr | S34: =MAX(S10:S12) -> 5 | T34: =MAX(T10:T12) -> 1 | U34: =MAX(U10:U12) -> 7 | V34: =MAX(V10:V12) -> 4 | W34: =MAX(W10:W12) -> 0 | X34: =MAX(X10:X12) -> 1 | Y34: =MAX(Y10:Y12) -> 1 | Z34: =MAX(Z10:Z12) -> 8 | ... AF34: =MAX(AF10:AF12) -> 43
B35: 13.15 - 13.30 | C35: 1 | D35: 0 | E35: 1 | F35: 2 | G35: 0 | H35: 0 | I35: 0 | J35: 3 | K35: 0 | L35: 6 | M35: 4 | N35: 2 | O35: =SUM(C35:L35,N35) -> 15 | P35: =SUM(C35:N35) -> 19 | R35: IP Peak Hr | S35: =MAX(S13:S18) -> 6 | T35: =MAX(T13:T18) -> 5 | U35: =MAX(U13:U18) -> 11 | V35: =MAX(V13:V18) -> 7 | W35: =MAX(W13:W18) -> 0 | X35: =MAX(X13:X18) -> 3 | Y35: =MAX(Y13:Y18) -> 3 | Z35: =MAX(Z13:Z18) -> 3 | ... AF35: =MAX(AF13:AF18) -> 56
B36: 13.30 - 13.45 | C36: 0 | D36: 0 | E36: 2 | F36: 0 | G36: 0 | H36: 0 | I36: 0 | J36: 0 | K36: 0 | L36: 0 | M36: 4 | N36: 0 | O36: =SUM(C36:L36,N36) -> 2 | P36: =SUM(C36:N36) -> 6 | R36: PM Peak Hr | S36: =MAX(S19:S21) -> 8 | T36: =MAX(T19:T21) -> 3 | U36: =MAX(U19:U21) -> 10 | V36: =MAX(V19:V21) -> 3 | W36: =MAX(W19:W21) -> 0 | X36: =MAX(X19:X21) -> 2 | Y36: =MAX(Y19:Y21) -> 0 | Z36: =MAX(Z19:Z21) -> 4 | ... AF36: =MAX(AF19:AF21) -> 54
B37: 13.45 - 14.00 | C37: 0 | D37: 0 | E37: 2 | F37: 0 | G37: 0 | H37: 0 | I37: 0 | J37: 0 | K37: 0 | L37: 0 | M37: 4 | N37: 0 | O37: =SUM(C37:L37,N37) -> 2 | P37: =SUM(C37:N37) -> 6 | R37: AM Period | S37: =SUM(S10:S12) -> 8 | T37: =SUM(T10:T12) -> 1 | U37: =SUM(U10:U12) -> 16 | V37: =SUM(V10:V12) -> 4 | W37: =SUM(W10:W12) -> 0 | X37: =SUM(X10:X12) -> 1 | Y37: =SUM(Y10:Y12) -> 1 | Z37: =SUM(Z10:Z12) -> 15 | ... AF37: =SUM(AF10:AF12) -> 114
B38: 14.00 - 14.15 | C38: 3 | D38: 1 | E38: 2 | F38: 4 | G38: 0 | H38: 0 | I38: 0 | J38: 0 | K38: 0 | L38: 0 | M38: 5 | N38: 0 | O38: =SUM(C38:L38,N38) -> 10 | P38: =SUM(C38:N38) -> 15 | R38: IP Period | S38: =SUM(S13:S18) -> 18 | T38: =SUM(T13:T18) -> 10 | U38: =SUM(U13:U18) -> 42 | V38: =SUM(V13:V18) -> 19 | W38: =SUM(W13:W18) -> 0 | X38: =SUM(X13:X18) -> 5 | Y38: =SUM(Y13:Y18) -> 6 | Z38: =SUM(Z13:Z18) -> 10 | ... AF38: =SUM(AF13:AF18) -> 240
B39: 14.15 - 14.30 | C39: 1 | D39: 0 | E39: 1 | F39: 3 | G39: 0 | H39: 0 | I39: 0 | J39: 0 | K39: 0 | L39: 0 | M39: 4 | N39: 0 | O39: =SUM(C39:L39,N39) -> 5 | P39: =SUM(C39:N39) -> 9 | R39: PM Period | S39: =SUM(S19:S21) -> 16 | T39: =SUM(T19:T21) -> 5 | U39: =SUM(U19:U21) -> 19 | V39: =SUM(V19:V21) -> 5 | W39: =SUM(W19:W21) -> 0 | X39: =SUM(X19:X21) -> 3 | Y39: =SUM(Y19:Y21) -> 0 | Z39: =SUM(Z19:Z21) -> 7 | ... AF39: =SUM(AF19:AF21) -> 136
B40: 14.30 - 14.45 | C40: 0 | D40: 0 | E40: 2 | F40: 0 | G40: 0 | H40: 1 | I40: 0 | J40: 0 | K40: 0 | L40: 2 | M40: 5 | N40: 0 | O40: =SUM(C40:L40,N40) -> 5 | P40: =SUM(C40:N40) -> 10 | R40: 12 Hours | S40: =SUM(S10:S21) -> 42 | T40: =SUM(T10:T21) -> 16 | U40: =SUM(U10:U21) -> 77 | V40: =SUM(V10:V21) -> 28 | W40: =SUM(W10:W21) -> 0 | X40: =SUM(X10:X21) -> 9 | Y40: =SUM(Y10:Y21) -> 7 | Z40: =SUM(Z10:Z21) -> 32 | ... AF40: =SUM(AF10:AF21) -> 490
B41: 14.45 - 15.00 | C41: 1 | D41: 0 | E41: 2 | F41: 0 | G41: 0 | H41: 2 | I41: 0 | J41: 1 | K41: 2 | L41: 0 | M41: 1 | N41: 0 | O41: =SUM(C41:L41,N41) -> 8 | P41: =SUM(C41:N41) -> 9 | R41: 24 Hrs/ADT | S41: =SUM(S10:S33) -> 60 | T41: =SUM(T10:T33) -> 22 | U41: =SUM(U10:U33) -> 116 | V41: =SUM(V10:V33) -> 47 | W41: =SUM(W10:W33) -> 2 | X41: =SUM(X10:X33) -> 15 | Y41: =SUM(Y10:Y33) -> 11 | Z41: =SUM(Z10:Z33) -> 40 | ... AF41: =SUM(AF10:AF33) -> 673
B42: 15.00 - 15.15 | C42: 1 | D42: 0 | E42: 1 | F42: 0 | G42: 0 | H42: 1 | I42: 0 | J42: 2 | K42: 0 | L42: 0 | M42: 6 | N42: 0 | O42: =SUM(C42:L42,N42) -> 5 | P42: =SUM(C42:N42) -> 11 | R42: NEF | S42: =S41/S40 -> 1.4285714 | T42: =T41/T40 -> 1.375 | U42: =U41/U40 -> 1.5064935 | V42: =V41/V40 -> 1.6785714 | W42: =W41/W40 -> #DIV/0! | X42: =X41/X40 -> 1.6666667 | Y42: =Y41/Y40 -> 1.5714286 | Z42: =Z41/Z40 -> 1.25 | ... AF42: =AF41/AF40 -> 1.3734694
B43: 15.15 - 15.30 | C43: 0 | D43: 1 | E43: 2 | F43: 0 | G43: 0 | H43: 0 | I43: 0 | J43: 0 | K43: 0 | L43: 2 | M43: 5 | N43: 1 | O43: =SUM(C43:L43,N43) -> 6 | P43: =SUM(C43:N43) -> 11
B44: 15.30 - 15.45 | C44: 1 | D44: 0 | E44: 0 | F44: 0 | G44: 0 | H44: 1 | I44: 0 | J44: 1 | K44: 0 | L44: 0 | M44: 2 | N44: 0 | O44: =SUM(C44:L44,N44) -> 3 | P44: =SUM(C44:N44) -> 5
B45: 15.45 - 16.00 | C45: 0 | D45: 0 | E45: 0 | F45: 0 | G45: 0 | H45: 0 | I45: 0 | J45: 0 | K45: 0 | L45: 0 | M45: 2 | N45: 0 | O45: =SUM(C45:L45,N45) -> 0 | P45: =SUM(C45:N45) -> 2
B46: 16.00 - 16.15 | C46: 2 | D46: 0 | E46: 2 | F46: 0 | G46: 0 | H46: 0 | I46: 0 | J46: 1 | K46: 2 | L46: 3 | M46: 3 | N46: 0 | O46: =SUM(C46:L46,N46) -> 10 | P46: =SUM(C46:N46) -> 13
B47: 16.15 -16.30 | C47: 0 | D47: 1 | E47: 2 | F47: 1 | G47: 0 | H47: 1 | I47: 0 | J47: 1 | K47: 0 | L47: 0 | M47: 3 | N47: 0 | O47: =SUM(C47:L47,N47) -> 6 | P47: =SUM(C47:N47) -> 9
B48: 16.30 -16.45 | C48: 0 | D48: 0 | E48: 0 | F48: 0 | G48: 0 | H48: 1 | I48: 0 | J48: 0 | K48: 2 | L48: 2 | M48: 5 | N48: 1 | O48: =SUM(C48:L48,N48) -> 6 | P48: =SUM(C48:N48) -> 11
B49: 16.45 -17.00 | C49: 1 | D49: 0 | E49: 0 | F49: 2 | G49: 0 | H49: 0 | I49: 0 | J49: 0 | K49: 1 | L49: 1 | M49: 6 | N49: 0 | O49: =SUM(C49:L49,N49) -> 5 | P49: =SUM(C49:N49) -> 11
B50: 17.00 -17.15 | C50: 1 | D50: 1 | E50: 2 | F50: 1 | G50: 0 | H50: 0 | I50: 0 | J50: 2 | K50: 0 | L50: 0 | M50: 7 | N50: 0 | O50: =SUM(C50:L50,N50) -> 7 | P50: =SUM(C50:N50) -> 14
B51: 17.15 -17.30 | C51: 1 | D51: 1 | E51: 4 | F51: 0 | G51: 0 | H51: 0 | I51: 0 | J51: 1 | K51: 0 | L51: 2 | M51: 6 | N51: 0 | O51: =SUM(C51:L51,N51) -> 9 | P51: =SUM(C51:N51) -> 15
B52: 17.30 -17.45 | C52: 3 | D52: 0 | E52: 2 | F52: 0 | G52: 0 | H52: 0 | I52: 0 | J52: 1 | K52: 0 | L52: 0 | M52: 4 | N52: 0 | O52: =SUM(C52:L52,N52) -> 6 | P52: =SUM(C52:N52) -> 10
B53: 17.45 -18.00 | C53: 3 | D53: 1 | E53: 2 | F53: 0 | G53: 0 | H53: 0 | I53: 0 | J53: 0 | K53: 0 | L53: 3 | M53: 6 | N53: 0 | O53: =SUM(C53:L53,N53) -> 9 | P53: =SUM(C53:N53) -> 15
B54: 18.00 - 18.15 | C54: 3 | D54: 1 | E54: 2 | F54: 1 | G54: 0 | H54: 1 | I54: 0 | J54: 1 | K54: 1 | L54: 1 | M54: 8 | N54: 0 | O54: =SUM(C54:L54,N54) -> 11 | P54: =SUM(C54:N54) -> 19
... B105: 06.45 - 07.00 | C105: 1 | D105: 0 | E105: 1 | F105: 0 | G105: 0 | H105: 0 | I105: 0 | J105: 0 | K105: 0 | L105: 1 | M105: 2 | N105: 0 | O105: =SUM(C105:L105,N105) -> 3 | P105: =SUM(C105:N105) -> 5
B106: Totals | C106: =SUM(C10:C105) -> 60 | D106: =SUM(D10:D105) -> 22 | E106: =SUM(E10:E105) -> 116 | F106: =SUM(F10:F105) -> 47 | G106: =SUM(G10:G105) -> 2 | H106: =SUM(H10:H105) -> 15 | I106: =SUM(I10:I105) -> 11 | J106: =SUM(J10:J105) -> 40 | ... P106: =SUM(P10:P105) -> 673
B107: %ges + MCs | C107: =C106/$P$106 -> 0.089153046 | D107: =D106/$P$106 -> 0.03268945 | E107: =E106/$P$106 -> 0.17236256 | F107: =F106/$P$106 -> 0.069836553 | G107: =G106/$P$106 -> 0.0029717682 | H107: =H106/$P$106 -> 0.022288262 | I107: =I106/$P$106 -> 0.016344725 | J107: =J106/$P$106 -> 0.059435364 | ... N107: =N106/$P$106 -> 0.014858841
B108: %ges w/o MCs | C108: =C106/$O$106 -> 0.14218009 | D108: =D106/$O$106 -> 0.052132701 | E108: =E106/$O$106 -> 0.27488152 | F108: =F106/$O$106 -> 0.11137441 | G108: =G106/$O$106 -> 0.0047393365 | H108: =H106/$O$106 -> 0.035545024 | I108: =I106/$O$106 -> 0.026066351 | J108: =J106/$O$106 -> 0.09478673 | ... L108: =L106/$O$106 -> 0.2014218 | N108: =N106/$O$106 -> 0.023696682

Sheet 3.08 Karuma-Pakwach-24h
B1: Consultancy services for Preparation of Expressway Development Master Plan (EDMP) for Uganda
B2: MANUAL CLASSIFIED COUNT (MCC)
B3: ROAD NAME: | C3: ='29.07 Pakwach-Karuma'!C3:G3 -> MCC - C5 - STN115 - KARUMA-PAKWACH ROAD
C5: Date | D5: ='3.08 Pakwach-Karuma-24h'!D5 -> 27.07.19 | F5: Location | G5: ='3.08 Pakwach-Karuma-24h'!G5:H5 -> xxx | J5: Surveyor | K5: ='3.08 Pakwach-Karuma-24h'!K5:L5 -> xxx
C6: Dir. From | D6: ='29.07 karuma-pakwach'!D6:E6 -> karuma | F6: Dir. To | G6: ='29.07 karuma-pakwach'!G6:H6 -> pakwach | J6: Supervisor | K6: ='3.08 Pakwach-Karuma-24h'!K6:L6 -> xxx
B8: Time / Veh Type | R8: SUMMARY TRAFFIC VOLUMES
C9: 1. Car | D9: 2. Station Wagon | E9: 3. Pickups | F9: 4. Minibus, matatu | G9: 5. Medium bus | H9: 6. Large Bus | I9: 7. Light Truck | J9: 8. Medium Truck | K9: 9. Heavy truck | L9: 10. Truck Trailer | M9: 11. Motor cycles | N9: 12. Tractors | O9: Total Excl M/Cycles | P9: Total All | R9: Time | S9: 1. Car | T9: 2. Station Wagon | U9: 3. Pickups | V9: 4. Minibus, matatu | W9: 5. Medium bus | X9: 6. Large Bus | Y9: 7. Light Truck | Z9: 8. Medium Truck | AA9: 9. Heavy truck | AB9: 10. Truck Trailer | AC9: 11. Motorcycles | AD9: 12. Tractors, Graders | AE9: Total Excl M/ Cycles | AF9: Total All
B10: 07.00 - 07.15 | C10: 2 | D10: 0 | E10: 0 | F10: 1 | G10: 0 | H10: 0 | I10: 1 | J10: 0 | K10: 0 | L10: 0 | M10: 5 | N10: 0 | O10: =SUM(C10:L10,N10) -> 4 | P10: =SUM(C10:N10) -> 9 | R10: 0700-0800 | S10: =SUM(C10:C13) -> 3 | T10: =SUM(D10:D13) -> 0 | U10: =SUM(E10:E13) -> 2 | V10: =SUM(F10:F13) -> 4 | W10: =SUM(G10:G13) -> 0 | X10: =SUM(H10:H13) -> 0 | Y10: =SUM(I10:I13) -> 1 | Z10: =SUM(J10:J13) -> 1 | ... AF10: =SUM(P10:P13) -> 28
B11: 07.15 - 07.30 | C11: 0 | D11: 0 | E11: 2 | F11: 0 | G11: 0 | H11: 0 | I11: 0 | J11: 0 | K11: 0 | L11: 0 | M11: 0 | N11: 0 | O11: =SUM(C11:L11,N11) -> 2 | P11: =SUM(C11:N11) -> 2 | R11: 0800-0900 | S11: =SUM(C14:C17) -> 4 | T11: =SUM(D14:D17) -> 1 | U11: =SUM(E14:E17) -> 8 | V11: =SUM(F14:F17) -> 2 | W11: =SUM(G14:G17) -> 0 | X11: =SUM(H14:H17) -> 0 | Y11: =SUM(I14:I17) -> 2 | Z11: =SUM(J14:J17) -> 0 | ... AF11: =SUM(P14:P17) -> 29
B12: 07.30 - 07.45 | C12: 1 | D12: 0 | E12: 0 | F12: 3 | G12: 0 | H12: 0 | I12: 0 | J12: 1 | K12: 0 | L12: 3 | M12: 3 | N12: 0 | O12: =SUM(C12:L12,N12) -> 8 | P12: =SUM(C12:N12) -> 11 | R12: 0900-1000 | S12: =SUM(C18:C21) -> 1 | T12: =SUM(D18:D21) -> 1 | U12: =SUM(E18:E21) -> 3 | V12: =SUM(F18:F21) -> 2 | W12: =SUM(G18:G21) -> 0 | X12: =SUM(H18:H21) -> 1 | Y12: =SUM(I18:I21) -> 1 | Z12: =SUM(J18:J21) -> 0 | ... AF12: =SUM(P18:P21) -> 23
B13: 07.45 - 08.00 | C13: 0 | D13: 0 | E13: 0 | F13: 0 | G13: 0 | H13: 0 | I13: 0 | J13: 0 | K13: 1 | L13: 1 | M13: 4 | N13: 0 | O13: =SUM(C13:L13,N13) -> 2 | P13: =SUM(C13:N13) -> 6 | R13: 1000-1100 | S13: =SUM(C22:C25) -> 5 | T13: =SUM(D22:D25) -> 1 | U13: =SUM(E22:E25) -> 7 | V13: =SUM(F22:F25) -> 4 | W13: =SUM(G22:G25) -> 1 | X13: =SUM(H22:H25) -> 2 | Y13: =SUM(I22:I25) -> 1 | Z13: =SUM(J22:J25) -> 4 | ... AF13: =SUM(P22:P25) -> 49
B14: 08.00 - 08.15 | C14: 0 | D14: 1 | E14: 3 | F14: 0 | G14: 0 | H14: 0 | I14: 0 | J14: 0 | K14: 0 | L14: 0 | M14: 0 | N14: 0 | O14: =SUM(C14:L14,N14) -> 4 | P14: =SUM(C14:N14) -> 4 | R14: 1100-1200 | S14: =SUM(C26:C29) -> 2 | T14: =SUM(D26:D29) -> 3 | U14: =SUM(E26:E29) -> 10 | V14: =SUM(F26:F29) -> 5 | W14: =SUM(G26:G29) -> 0 | X14: =SUM(H26:H29) -> 2 | Y14: =SUM(I26:I29) -> 3 | Z14: =SUM(J26:J29) -> 0 | ... AF14: =SUM(P26:P29) -> 41
B15: 08.15 - 08.30 | C15: 2 | D15: 0 | E15: 1 | F15: 0 | G15: 0 | H15: 0 | I15: 0 | J15: 0 | K15: 0 | L15: 0 | M15: 6 | N15: 0 | O15: =SUM(C15:L15,N15) -> 3 | P15: =SUM(C15:N15) -> 9 | R15: 1200-1300 | S15: =SUM(C30:C33) -> 3 | T15: =SUM(D30:D33) -> 0 | U15: =SUM(E30:E33) -> 2 | V15: =SUM(F30:F33) -> 0 | W15: =SUM(G30:G33) -> 1 | X15: =SUM(H30:H33) -> 2 | Y15: =SUM(I30:I33) -> 1 | Z15: =SUM(J30:J33) -> 1 | ... AF15: =SUM(P30:P33) -> 42
B16: 08.30 - 08.45 | C16: 1 | D16: 0 | E16: 2 | F16: 1 | G16: 0 | H16: 0 | I16: 1 | J16: 0 | K16: 0 | L16: 0 | M16: 4 | N16: 0 | O16: =SUM(C16:L16,N16) -> 5 | P16: =SUM(C16:N16) -> 9 | R16: 1300-1400 | S16: =SUM(C34:C37) -> 4 | T16: =SUM(D34:D37) -> 0 | U16: =SUM(E34:E37) -> 3 | V16: =SUM(F34:F37) -> 5 | W16: =SUM(G34:G37) -> 0 | X16: =SUM(H34:H37) -> 1 | Y16: =SUM(I34:I37) -> 4 | Z16: =SUM(J34:J37) -> 0 | ... AF16: =SUM(P34:P37) -> 36
B17: 08.45 - 9.00 | C17: 1 | D17: 0 | E17: 2 | F17: 1 | G17: 0 | H17: 0 | I17: 1 | J17: 0 | K17: 1 | L17: 0 | M17: 1 | N17: 0 | O17: =SUM(C17:L17,N17) -> 6 | P17: =SUM(C17:N17) -> 7 | R17: 1400-1500 | S17: =SUM(C38:C41) -> 5 | T17: =SUM(D38:D41) -> 0 | U17: =SUM(E38:E41) -> 3 | V17: =SUM(F38:F41) -> 6 | W17: =SUM(G38:G41) -> 0 | X17: =SUM(H38:H41) -> 2 | Y17: =SUM(I38:I41) -> 6 | Z17: =SUM(J38:J41) -> 2 | ... AF17: =SUM(P38:P41) -> 49
B18: 09.00 - 09.15 | C18: 0 | D18: 0 | E18: 0 | F18: 1 | G18: 0 | H18: 0 | I18: 1 | J18: 0 | K18: 0 | L18: 0 | M18: 4 | N18: 0 | O18: =SUM(C18:L18,N18) -> 2 | P18: =SUM(C18:N18) -> 6 | R18: 1500-1600 | S18: =SUM(C42:C45) -> 2 | T18: =SUM(D42:D45) -> 3 | U18: =SUM(E42:E45) -> 9 | V18: =SUM(F42:F45) -> 3 | W18: =SUM(G42:G45) -> 0 | X18: =SUM(H42:H45) -> 1 | Y18: =SUM(I42:I45) -> 4 | Z18: =SUM(J42:J45) -> 2 | ... AF18: =SUM(P42:P45) -> 37
B19: 09.15 - 09.30 | C19: 0 | D19: 1 | E19: 3 | F19: 0 | G19: 0 | H19: 0 | I19: 0 | J19: 0 | K19: 0 | L19: 0 | M19: 1 | N19: 0 | O19: =SUM(C19:L19,N19) -> 4 | P19: =SUM(C19:N19) -> 5 | R19: 1600-1700 | S19: =SUM(C46:C49) -> 1 | T19: =SUM(D46:D49) -> 0 | U19: =SUM(E46:E49) -> 4 | V19: =SUM(F46:F49) -> 4 | W19: =SUM(G46:G49) -> 0 | X19: =SUM(H46:H49) -> 0 | Y19: =SUM(I46:I49) -> 3 | Z19: =SUM(J46:J49) -> 0 | ... AF19: =SUM(P46:P49) -> 33
B20: 09.30 - 09.45 | C20: 0 | D20: 0 | E20: 0 | F20: 1 | G20: 0 | H20: 1 | I20: 0 | J20: 0 | K20: 0 | L20: 0 | M20: 5 | N20: 0 | O20: =SUM(C20:L20,N20) -> 2 | P20: =SUM(C20:N20) -> 7 | R20: 1700-1800 | S20: =SUM(C50:C53) -> 3 | T20: =SUM(D50:D53) -> 1 | U20: =SUM(E50:E53) -> 6 | V20: =SUM(F50:F53) -> 3 | W20: =SUM(G50:G53) -> 0 | X20: =SUM(H50:H53) -> 0 | Y20: =SUM(I50:I53) -> 4 | Z20: =SUM(J50:J53) -> 1 | ... AF20: =SUM(P50:P53) -> 37
B21: 09.45 - 10.00 | C21: 1 | D21: 0 | E21: 0 | F21: 0 | G21: 0 | H21: 0 | I21: 0 | J21: 0 | K21: 0 | L21: 0 | M21: 4 | N21: 0 | O21: =SUM(C21:L21,N21) -> 1 | P21: =SUM(C21:N21) -> 5 | R21: 1800-1900 | S21: =SUM(C54:C57) -> 3 | T21: =SUM(D54:D57) -> 0 | U21: =SUM(E54:E57) -> 6 | V21: =SUM(F54:F57) -> 3 | W21: =SUM(G54:G57) -> 0 | X21: =SUM(H54:H57) -> 3 | Y21: =SUM(I54:I57) -> 1 | Z21: =SUM(J54:J57) -> 3 | ... AF21: =SUM(P54:P57) -> 43
B22: 10.00 - 10.15 | C22: 0 | D22: 0 | E22: 1 | F22: 2 | G22: 1 | H22: 1 | I22: 0 | J22: 1 | K22: 0 | L22: 0 | M22: 8 | N22: 0 | O22: =SUM(C22:L22,N22) -> 6 | P22: =SUM(C22:N22) -> 14 | R22: 1900-2000 | S22: =SUM(C58:C61) -> 1 | T22: =SUM(D58:D61) -> 0 | U22: =SUM(E58:E61) -> 4 | V22: =SUM(F58:F61) -> 1 | W22: =SUM(G58:G61) -> 0 | X22: =SUM(H58:H61) -> 0 | Y22: =SUM(I58:I61) -> 0 | Z22: =SUM(J58:J61) -> 2 | ... AF22: =SUM(P58:P61) -> 19
B23: 10.15 - 10.30 | C23: 1 | D23: 0 | E23: 1 | F23: 0 | G23: 0 | H23: 0 | I23: 1 | J23: 0 | K23: 0 | L23: 1 | M23: 6 | N23: 0 | O23: =SUM(C23:L23,N23) -> 4 | P23: =SUM(C23:N23) -> 10 | R23: 2000-2100 | S23: =SUM(C62:C65) -> 1 | T23: =SUM(D62:D65) -> 0 | U23: =SUM(E62:E65) -> 3 | V23: =SUM(F62:F65) -> 0 | W23: =SUM(G62:G65) -> 0 | X23: =SUM(H62:H65) -> 0 | Y23: =SUM(I62:I65) -> 1 | Z23: =SUM(J62:J65) -> 3 | ... AF23: =SUM(P62:P65) -> 20
B24: 10.30 - 10.45 | C24: 3 | D24: 1 | E24: 4 | F24: 2 | G24: 0 | H24: 1 | I24: 0 | J24: 3 | K24: 0 | L24: 0 | M24: 6 | N24: 0 | O24: =SUM(C24:L24,N24) -> 14 | P24: =SUM(C24:N24) -> 20 | R24: 2100-2200 | S24: =SUM(C66:C69) -> 2 | T24: =SUM(D66:D69) -> 0 | U24: =SUM(E66:E69) -> 3 | V24: =SUM(F66:F69) -> 2 | W24: =SUM(G66:G69) -> 0 | X24: =SUM(H66:H69) -> 0 | Y24: =SUM(I66:I69) -> 0 | Z24: =SUM(J66:J69) -> 1 | ... AF24: =SUM(P66:P69) -> 22
B25: 10.45 - 11.00 | C25: 1 | D25: 0 | E25: 1 | F25: 0 | G25: 0 | H25: 0 | I25: 0 | J25: 0 | K25: 0 | L25: 1 | M25: 2 | N25: 0 | O25: =SUM(C25:L25,N25) -> 3 | P25: =SUM(C25:N25) -> 5 | R25: 2200-2300 | S25: =SUM(C70:C73) -> 0 | T25: =SUM(D70:D73) -> 0 | U25: =SUM(E70:E73) -> 4 | V25: =SUM(F70:F73) -> 1 | W25: =SUM(G70:G73) -> 0 | X25: =SUM(H70:H73) -> 0 | Y25: =SUM(I70:I73) -> 1 | Z25: =SUM(J70:J73) -> 1 | ... AF25: =SUM(P70:P73) -> 16
B26: 11.00 - 11.15 | C26: 1 | D26: 1 | E26: 4 | F26: 3 | G26: 0 | H26: 2 | I26: 1 | J26: 0 | K26: 0 | L26: 1 | M26: 6 | N26: 0 | O26: =SUM(C26:L26,N26) -> 13 | P26: =SUM(C26:N26) -> 19 | R26: 2300-0000 | S26: =SUM(C74:C77) -> 2 | T26: =SUM(D74:D77) -> 1 | U26: =SUM(E74:E77) -> 5 | V26: =SUM(F74:F77) -> 3 | W26: =SUM(G74:G77) -> 1 | X26: =SUM(H74:H77) -> 0 | Y26: =SUM(I74:I77) -> 2 | Z26: =SUM(J74:J77) -> 0 | ... AF26: =SUM(P74:P77) -> 19
B27: 11.15 - 11.30 | C27: 0 | D27: 0 | E27: 0 | F27: 1 | G27: 0 | H27: 0 | I27: 1 | J27: 0 | K27: 0 | L27: 0 | M27: 2 | N27: 0 | O27: =SUM(C27:L27,N27) -> 2 | P27: =SUM(C27:N27) -> 4 | R27: 0000-0100 | S27: =SUM(C78:C81) -> 2 | T27: =SUM(D78:D81) -> 0 | U27: =SUM(E78:E81) -> 1 | V27: =SUM(F78:F81) -> 2 | W27: =SUM(G78:G81) -> 0 | X27: =SUM(H78:H81) -> 0 | Y27: =SUM(I78:I81) -> 0 | Z27: =SUM(J78:J81) -> 0 | ... AF27: =SUM(P78:P81) -> 11
B28: 11.30 - 11.45 | C28: 0 | D28: 2 | E28: 6 | F28: 0 | G28: 0 | H28: 0 | I28: 0 | J28: 0 | K28: 0 | L28: 0 | M28: 4 | N28: 0 | O28: =SUM(C28:L28,N28) -> 8 | P28: =SUM(C28:N28) -> 12 | R28: 0100-0200 | S28: =SUM(C82:C85) -> 1 | T28: =SUM(D82:D85) -> 0 | U28: =SUM(E82:E85) -> 3 | V28: =SUM(F82:F85) -> 1 | W28: =SUM(G82:G85) -> 0 | X28: =SUM(H82:H85) -> 0 | Y28: =SUM(I82:I85) -> 0 | Z28: =SUM(J82:J85) -> 0 | ... AF28: =SUM(P82:P85) -> 11
B29: 11.45 - 12.00 | C29: 1 | D29: 0 | E29: 0 | F29: 1 | G29: 0 | H29: 0 | I29: 1 | J29: 0 | K29: 0 | L29: 0 | M29: 3 | N29: 0 | O29: =SUM(C29:L29,N29) -> 3 | P29: =SUM(C29:N29) -> 6 | R29: 0200-0300 | S29: =SUM(C86:C89) -> 1 | T29: =SUM(D86:D89) -> 2 | U29: =SUM(E86:E89) -> 5 | V29: =SUM(F86:F89) -> 3 | W29: =SUM(G86:G89) -> 1 | X29: =SUM(H86:H89) -> 2 | Y29: =SUM(I86:I89) -> 0 | Z29: =SUM(J86:J89) -> 0 | ... AF29: =SUM(P86:P89) -> 16
B30: 12.00 - 12.15 | C30: 1 | D30: 0 | E30: 0 | F30: 0 | G30: 0 | H30: 1 | I30: 0 | J30: 0 | K30: 1 | L30: 0 | M30: 7 | N30: 0 | O30: =SUM(C30:L30,N30) -> 3 | P30: =SUM(C30:N30) -> 10 | R30: 0300-0400 | S30: =SUM(C90:C93) -> 1 | T30: =SUM(D90:D93) -> 0 | U30: =SUM(E90:E93) -> 1 | V30: =SUM(F90:F93) -> 1 | W30: =SUM(G90:G93) -> 0 | X30: =SUM(H90:H93) -> 0 | Y30: =SUM(I90:I93) -> 0 | Z30: =SUM(J90:J93) -> 0 | ... AF30: =SUM(P90:P93) -> 3
B31: 12.15 - 12.30 | C31: 1 | D31: 0 | E31: 0 | F31: 0 | G31: 0 | H31: 1 | I31: 0 | J31: 0 | K31: 0 | L31: 0 | M31: 10 | N31: 0 | O31: =SUM(C31:L31,N31) -> 2 | P31: =SUM(C31:N31) -> 12 | R31: 0400-0500 | S31: =SUM(C94:C97) -> 2 | T31: =SUM(D94:D97) -> 1 | U31: =SUM(E94:E97) -> 2 | V31: =SUM(F94:F97) -> 1 | W31: =SUM(G94:G97) -> 0 | X31: =SUM(H94:H97) -> 1 | Y31: =SUM(I94:I97) -> 0 | Z31: =SUM(J94:J97) -> 0 | ... AF31: =SUM(P94:P97) -> 11
B32: 12.30 - 12.45 | C32: 0 | D32: 0 | E32: 2 | F32: 0 | G32: 0 | H32: 0 | I32: 1 | J32: 1 | K32: 0 | L32: 1 | M32: 5 | N32: 0 | O32: =SUM(C32:L32,N32) -> 5 | P32: =SUM(C32:N32) -> 10 | R32: 0500-0600 | S32: =SUM(C98:C101) -> 2 | T32: =SUM(D98:D101) -> 2 | U32: =SUM(E98:E101) -> 4 | V32: =SUM(F98:F101) -> 2 | W32: =SUM(G98:G101) -> 0 | X32: =SUM(H98:H101) -> 1 | Y32: =SUM(I98:I101) -> 0 | Z32: =SUM(J98:J101) -> 1 | ... AF32: =SUM(P98:P101) -> 16
B33: 12.45 - 13.00 | C33: 1 | D33: 0 | E33: 0 | F33: 0 | G33: 1 | H33: 0 | I33: 0 | J33: 0 | K33: 0 | L33: 1 | M33: 7 | N33: 0 | O33: =SUM(C33:L33,N33) -> 3 | P33: =SUM(C33:N33) -> 10 | R33: 0600-0700 | S33: =SUM(C102:C105) -> 4 | T33: =SUM(D102:D105) -> 0 | U33: =SUM(E102:E105) -> 3 | V33: =SUM(F102:F105) -> 2 | W33: =SUM(G102:G105) -> 0 | X33: =SUM(H102:H105) -> 1 | Y33: =SUM(I102:I105) -> 0 | Z33: =SUM(J102:J105) -> 0 | ... AF33: =SUM(P102:P105) -> 21
B34: 13.00 - 13.15 | C34: 1 | D34: 0 | E34: 1 | F34: 1 | G34: 0 | H34: 0 | I34: 0 | J34: 0 | K34: 1 | L34: 1 | M34: 3 | N34: 0 | O34: =SUM(C34:L34,N34) -> 5 | P34: =SUM(C34:N34) -> 8 | R34: AM Peak Hr | S34: =MAX(S10:S12) -> 4 | T34: =MAX(T10:T12) -> 1 | U34: =MAX(U10:U12) -> 8 | V34: =MAX(V10:V12) -> 4 | W34: =MAX(W10:W12) -> 0 | X34: =MAX(X10:X12) -> 1 | Y34: =MAX(Y10:Y12) -> 2 | Z34: =MAX(Z10:Z12) -> 1 | ... AF34: =MAX(AF10:AF12) -> 29
B35: 13.15 - 13.30 | C35: 0 | D35: 0 | E35: 0 | F35: 2 | G35: 0 | H35: 0 | I35: 1 | J35: 0 | K35: 0 | L35: 0 | M35: 1 | N35: 0 | O35: =SUM(C35:L35,N35) -> 3 | P35: =SUM(C35:N35) -> 4 | R35: IP Peak Hr | S35: =MAX(S13:S18) -> 5 | T35: =MAX(T13:T18) -> 3 | U35: =MAX(U13:U18) -> 10 | V35: =MAX(V13:V18) -> 6 | W35: =MAX(W13:W18) -> 1 | X35: =MAX(X13:X18) -> 2 | Y35: =MAX(Y13:Y18) -> 6 | Z35: =MAX(Z13:Z18) -> 4 | ... AF35: =MAX(AF13:AF18) -> 49
B36: 13.30 - 13.45 | C36: 1 | D36: 0 | E36: 1 | F36: 0 | G36: 0 | H36: 1 | I36: 3 | J36: 0 | K36: 2 | L36: 0 | M36: 6 | N36: 0 | O36: =SUM(C36:L36,N36) -> 8 | P36: =SUM(C36:N36) -> 14 | R36: PM Peak Hr | S36: =MAX(S19:S21) -> 3 | T36: =MAX(T19:T21) -> 1 | U36: =MAX(U19:U21) -> 6 | V36: =MAX(V19:V21) -> 4 | W36: =MAX(W19:W21) -> 0 | X36: =MAX(X19:X21) -> 3 | Y36: =MAX(Y19:Y21) -> 4 | Z36: =MAX(Z19:Z21) -> 3 | ... AF36: =MAX(AF19:AF21) -> 43
B37: 13.45 - 14.00 | C37: 2 | D37: 0 | E37: 1 | F37: 2 | G37: 0 | H37: 0 | I37: 0 | J37: 0 | K37: 0 | L37: 2 | M37: 3 | N37: 0 | O37: =SUM(C37:L37,N37) -> 7 | P37: =SUM(C37:N37) -> 10 | R37: AM Period | S37: =SUM(S10:S12) -> 8 | T37: =SUM(T10:T12) -> 2 | U37: =SUM(U10:U12) -> 13 | V37: =SUM(V10:V12) -> 8 | W37: =SUM(W10:W12) -> 0 | X37: =SUM(X10:X12) -> 1 | Y37: =SUM(Y10:Y12) -> 4 | Z37: =SUM(Z10:Z12) -> 1 | ... AF37: =SUM(AF10:AF12) -> 80
B38: 14.00 - 14.15 | C38: 3 | D38: 0 | E38: 0 | F38: 1 | G38: 0 | H38: 0 | I38: 1 | J38: 0 | K38: 3 | L38: 0 | M38: 4 | N38: 0 | O38: =SUM(C38:L38,N38) -> 8 | P38: =SUM(C38:N38) -> 12 | R38: IP Period | S38: =SUM(S13:S18) -> 21 | T38: =SUM(T13:T18) -> 7 | U38: =SUM(U13:U18) -> 34 | V38: =SUM(V13:V18) -> 23 | W38: =SUM(W13:W18) -> 2 | X38: =SUM(X13:X18) -> 10 | Y38: =SUM(Y13:Y18) -> 19 | Z38: =SUM(Z13:Z18) -> 9 | ... AF38: =SUM(AF13:AF18) -> 254
B39: 14.15 - 14.30 | C39: 1 | D39: 0 | E39: 1 | F39: 0 | G39: 0 | H39: 1 | I39: 2 | J39: 0 | K39: 0 | L39: 3 | M39: 4 | N39: 0 | O39: =SUM(C39:L39,N39) -> 8 | P39: =SUM(C39:N39) -> 12 | R39: PM Period | S39: =SUM(S19:S21) -> 7 | T39: =SUM(T19:T21) -> 1 | U39: =SUM(U19:U21) -> 16 | V39: =SUM(V19:V21) -> 10 | W39: =SUM(W19:W21) -> 0 | X39: =SUM(X19:X21) -> 3 | Y39: =SUM(Y19:Y21) -> 8 | Z39: =SUM(Z19:Z21) -> 4 | ... AF39: =SUM(AF19:AF21) -> 113
B40: 14.30 - 14.45 | C40: 1 | D40: 0 | E40: 1 | F40: 0 | G40: 0 | H40: 0 | I40: 1 | J40: 0 | K40: 0 | L40: 2 | M40: 5 | N40: 0 | O40: =SUM(C40:L40,N40) -> 5 | P40: =SUM(C40:N40) -> 10 | R40: 12 Hours | S40: =SUM(S10:S21) -> 36 | T40: =SUM(T10:T21) -> 10 | U40: =SUM(U10:U21) -> 63 | V40: =SUM(V10:V21) -> 41 | W40: =SUM(W10:W21) -> 2 | X40: =SUM(X10:X21) -> 14 | Y40: =SUM(Y10:Y21) -> 31 | Z40: =SUM(Z10:Z21) -> 14 | ... AF40: =SUM(AF10:AF21) -> 447
B41: 14.45 - 15.00 | C41: 0 | D41: 0 | E41: 1 | F41: 5 | G41: 0 | H41: 1 | I41: 2 | J41: 2 | K41: 1 | L41: 0 | M41: 3 | N41: 0 | O41: =SUM(C41:L41,N41) -> 12 | P41: =SUM(C41:N41) -> 15 | R41: 24 Hrs/ADT | S41: =SUM(S10:S33) -> 55 | T41: =SUM(T10:T33) -> 16 | U41: =SUM(U10:U33) -> 101 | V41: =SUM(V10:V33) -> 60 | W41: =SUM(W10:W33) -> 4 | X41: =SUM(X10:X33) -> 19 | Y41: =SUM(Y10:Y33) -> 35 | Z41: =SUM(Z10:Z33) -> 22 | ... AF41: =SUM(AF10:AF33) -> 632
B42: 15.00 - 15.15 | C42: 1 | D42: 0 | E42: 0 | F42: 1 | G42: 0 | H42: 0 | I42: 2 | J42: 2 | K42: 0 | L42: 0 | M42: 4 | N42: 0 | O42: =SUM(C42:L42,N42) -> 6 | P42: =SUM(C42:N42) -> 10 | R42: NEF | S42: =S41/S40 -> 1.5277778 | T42: =T41/T40 -> 1.6 | U42: =U41/U40 -> 1.6031746 | V42: =V41/V40 -> 1.4634146 | W42: =W41/W40 -> 2 | X42: =X41/X40 -> 1.3571429 | Y42: =Y41/Y40 -> 1.1290323 | Z42: =Z41/Z40 -> 1.5714286 | ... AF42: =AF41/AF40 -> 1.4138702
B43: 15.15 - 15.30 | C43: 0 | D43: 0 | E43: 1 | F43: 0 | G43: 0 | H43: 0 | I43: 0 | J43: 0 | K43: 0 | L43: 1 | M43: 1 | N43: 0 | O43: =SUM(C43:L43,N43) -> 2 | P43: =SUM(C43:N43) -> 3
B44: 15.30 - 15.45 | C44: 0 | D44: 3 | E44: 7 | F44: 0 | G44: 0 | H44: 1 | I44: 0 | J44: 0 | K44: 0 | L44: 0 | M44: 1 | N44: 0 | O44: =SUM(C44:L44,N44) -> 11 | P44: =SUM(C44:N44) -> 12
B45: 15.45 - 16.00 | C45: 1 | D45: 0 | E45: 1 | F45: 2 | G45: 0 | H45: 0 | I45: 2 | J45: 0 | K45: 0 | L45: 5 | M45: 1 | N45: 0 | O45: =SUM(C45:L45,N45) -> 11 | P45: =SUM(C45:N45) -> 12
B46: 16.00 - 16.15 | C46: 0 | D46: 0 | E46: 0 | F46: 1 | G46: 0 | H46: 0 | I46: 2 | J46: 0 | K46: 0 | L46: 0 | M46: 3 | N46: 0 | O46: =SUM(C46:L46,N46) -> 3 | P46: =SUM(C46:N46) -> 6
B47: 16.15 -16.30 | C47: 0 | D47: 0 | E47: 1 | F47: 1 | G47: 0 | H47: 0 | I47: 0 | J47: 0 | K47: 0 | L47: 1 | M47: 5 | N47: 0 | O47: =SUM(C47:L47,N47) -> 3 | P47: =SUM(C47:N47) -> 8
B48: 16.30 -16.45 | C48: 0 | D48: 0 | E48: 2 | F48: 0 | G48: 0 | H48: 0 | I48: 1 | J48: 0 | K48: 0 | L48: 0 | M48: 2 | N48: 0 | O48: =SUM(C48:L48,N48) -> 3 | P48: =SUM(C48:N48) -> 5
B49: 16.45 -17.00 | C49: 1 | D49: 0 | E49: 1 | F49: 2 | G49: 0 | H49: 0 | I49: 0 | J49: 0 | K49: 0 | L49: 5 | M49: 5 | N49: 0 | O49: =SUM(C49:L49,N49) -> 9 | P49: =SUM(C49:N49) -> 14
B50: 17.00 -17.15 | C50: 0 | D50: 0 | E50: 1 | F50: 0 | G50: 0 | H50: 0 | I50: 1 | J50: 0 | K50: 0 | L50: 1 | M50: 3 | N50: 0 | O50: =SUM(C50:L50,N50) -> 3 | P50: =SUM(C50:N50) -> 6
B51: 17.15 -17.30 | C51: 0 | D51: 0 | E51: 0 | F51: 1 | G51: 0 | H51: 0 | I51: 0 | J51: 0 | K51: 1 | L51: 2 | M51: 2 | N51: 0 | O51: =SUM(C51:L51,N51) -> 4 | P51: =SUM(C51:N51) -> 6
B52: 17.30 -17.45 | C52: 2 | D52: 0 | E52: 1 | F52: 1 | G52: 0 | H52: 0 | I52: 2 | J52: 0 | K52: 0 | L52: 3 | M52: 4 | N52: 0 | O52: =SUM(C52:L52,N52) -> 9 | P52: =SUM(C52:N52) -> 13
B53: 17.45 -18.00 | C53: 1 | D53: 1 | E53: 4 | F53: 1 | G53: 0 | H53: 0 | I53: 1 | J53: 1 | K53: 0 | L53: 0 | M53: 3 | N53: 0 | O53: =SUM(C53:L53,N53) -> 9 | P53: =SUM(C53:N53) -> 12
B54: 18.00 - 18.15 | C54: 2 | D54: 0 | E54: 1 | F54: 1 | G54: 0 | H54: 2 | I54: 0 | J54: 0 | K54: 0 | L54: 1 | M54: 4 | N54: 0 | O54: =SUM(C54:L54,N54) -> 7 | P54: =SUM(C54:N54) -> 11
... B105: 06.45 - 07.00 | C105: 1 | D105: 0 | E105: 1 | F105: 0 | G105: 0 | H105: 0 | I105: 0 | J105: 0 | K105: 0 | L105: 0 | M105: 4 | N105: 0 | O105: =SUM(C105:L105,N105) -> 2 | P105: =SUM(C105:N105) -> 6
B106: Totals | C106: =SUM(C10:C105) -> 55 | D106: =SUM(D10:D105) -> 16 | E106: =SUM(E10:E105) -> 101 | F106: =SUM(F10:F105) -> 60 | G106: =SUM(G10:G105) -> 4 | H106: =SUM(H10:H105) -> 19 | I106: =SUM(I10:I105) -> 35 | J106: =SUM(J10:J105) -> 22 | ... P106: =SUM(P10:P105) -> 632
B107: %ges + MCs | C107: =C106/$P$106 -> 0.087025316 | D107: =D106/$P$106 -> 0.025316456 | E107: =E106/$P$106 -> 0.15981013 | F107: =F106/$P$106 -> 0.094936709 | G107: =G106/$P$106 -> 0.0063291139 | H107: =H106/$P$106 -> 0.030063291 | I107: =I106/$P$106 -> 0.055379747 | J107: =J106/$P$106 -> 0.034810127 | ... N107: =N106/$P$106 -> 0
B108: %ges w/o MCs | C108: =C106/$O$106 -> 0.13924051 | D108: =D106/$O$106 -> 0.040506329 | E108: =E106/$O$106 -> 0.2556962 | F108: =F106/$O$106 -> 0.15189873 | G108: =G106/$O$106 -> 0.010126582 | H108: =H106/$O$106 -> 0.048101266 | I108: =I106/$O$106 -> 0.088607595 | J108: =J106/$O$106 -> 0.055696203 | ... L108: =L106/$O$106 -> 0.17721519 | N108: =N106/$O$106 -> 0

Sheet 4.08 Pakwach-Karuma 
B1: Consultancy services for Preparation of Expressway Development Master Plan (EDMP) for Uganda
B2: MANUAL CLASSIFIED COUNT (MCC)
B3: ROAD NAME: | C3: ='29.07 Pakwach-Karuma'!C3:G3 -> MCC - C5 - STN115 - KARUMA-PAKWACH ROAD
C5: Date | D5: 01.08.19 | F5: Location | G5: ='31.07 karuma-pakwach'!G5:H5 -> xxx | J5: Surveyor | K5: ='31.07 karuma-pakwach'!K5:L5 -> xxx
C6: Dir. From | D6: pakwach | F6: Dir. To | G6: karuma | J6: Supervisor | K6: ='31.07 karuma-pakwach'!K6:L6 -> xxx
B8: Time / Veh Type | R8: SUMMARY TRAFFIC VOLUMES
C9: 1. Car | D9: 2. Station Wagon | E9: 3. Pickups | F9: 4. Minibus, matatu | G9: 5. Medium bus | H9: 6. Large Bus | I9: 7. Light Truck | J9: 8. Medium Truck | K9: 9. Heavy truck | L9: 10. Truck Trailer | M9: 11. Motor cycles | N9: 12. Tractors | O9: Total Excl M/Cycles | P9: Total All | R9: Time | S9: 1. Car | T9: 2. Station Wagon | U9: 3. Pickups | V9: 4. Minibus, matatu | W9: 5. Medium bus | X9: 6. Large Bus | Y9: 7. Light Truck | Z9: 8. Medium Truck | AA9: 9. Heavy truck | AB9: 10. Truck Trailer | AC9: 11. Motorcycles | AD9: 12. Tractors, Graders | AE9: Total Excl M/ Cycles | AF9: Total All
B10: 07.00 - 07.15 | C10: 1 | D10: 0 | E10: 1 | F10: 0 | G10: 0 | H10: 0 | I10: 0 | J10: 0 | K10: 0 | L10: 1 | M10: 2 | N10: 0 | O10: 3 | P10: =SUM(C10:N10) -> 5 | R10: 0700-0800 | S10: =SUM(C10:C13) -> 1 | T10: =SUM(D10:D13) -> 0 | U10: =SUM(E10:E13) -> 4 | V10: =SUM(F10:F13) -> 1 | W10: =SUM(G10:G13) -> 0 | X10: =SUM(H10:H13) -> 0 | Y10: =SUM(I10:I13) -> 0 | Z10: =SUM(J10:J13) -> 2 | ... AF10: =SUM(P10:P13) -> 21
B11: 07.15 - 07.30 | C11: 0 | D11: 0 | E11: 1 | F11: 0 | G11: 0 | H11: 0 | I11: 0 | J11: 0 | K11: 0 | L11: 1 | M11: 2 | N11: 0 | O11: 2 | P11: =SUM(C11:N11) -> 4 | R11: 0800-0900 | S11: =SUM(C14:C17) -> 1 | T11: =SUM(D14:D17) -> 0 | U11: =SUM(E14:E17) -> 3 | V11: =SUM(F14:F17) -> 0 | W11: =SUM(G14:G17) -> 0 | X11: =SUM(H14:H17) -> 0 | Y11: =SUM(I14:I17) -> 1 | Z11: =SUM(J14:J17) -> 3 | ... AF11: =SUM(P14:P17) -> 21
B12: 07.30 - 07.45 | C12: 0 | D12: 0 | E12: 1 | F12: 1 | G12: 0 | H12: 0 | I12: 0 | J12: 1 | K12: 0 | L12: 1 | M12: 3 | N12: 0 | O12: 4 | P12: =SUM(C12:N12) -> 7 | R12: 0900-1000 | S12: =SUM(C18:C21) -> 2 | T12: =SUM(D18:D21) -> 0 | U12: =SUM(E18:E21) -> 3 | V12: =SUM(F18:F21) -> 2 | W12: =SUM(G18:G21) -> 0 | X12: =SUM(H18:H21) -> 0 | Y12: =SUM(I18:I21) -> 0 | Z12: =SUM(J18:J21) -> 1 | ... AF12: =SUM(P18:P21) -> 25
B13: 07.45 - 08.00 | C13: 0 | D13: 0 | E13: 1 | F13: 0 | G13: 0 | H13: 0 | I13: 0 | J13: 1 | K13: 0 | L13: 1 | M13: 2 | N13: 0 | O13: 3 | P13: =SUM(C13:N13) -> 5 | R13: 1000-1100 | S13: =SUM(C22:C25) -> 0 | T13: =SUM(D22:D25) -> 0 | U13: =SUM(E22:E25) -> 4 | V13: =SUM(F22:F25) -> 1 | W13: =SUM(G22:G25) -> 0 | X13: =SUM(H22:H25) -> 0 | Y13: =SUM(I22:I25) -> 1 | Z13: =SUM(J22:J25) -> 1 | ... AF13: =SUM(P22:P25) -> 22
B14: 08.00 - 08.15 | C14: 0 | D14: 0 | E14: 0 | F14: 0 | G14: 0 | H14: 0 | I14: 0 | J14: 1 | K14: 0 | L14: 1 | M14: 2 | N14: 0 | O14: 2 | P14: =SUM(C14:N14) -> 4 | R14: 1100-1200 | S14: =SUM(C26:C29) -> 2 | T14: =SUM(D26:D29) -> 1 | U14: =SUM(E26:E29) -> 5 | V14: =SUM(F26:F29) -> 3 | W14: =SUM(G26:G29) -> 1 | X14: =SUM(H26:H29) -> 0 | Y14: =SUM(I26:I29) -> 2 | Z14: =SUM(J26:J29) -> 0 | ... AF14: =SUM(P26:P29) -> 29
B15: 08.15 - 08.30 | C15: 0 | D15: 0 | E15: 1 | F15: 0 | G15: 0 | H15: 0 | I15: 1 | J15: 1 | K15: 0 | L15: 1 | M15: 2 | N15: 0 | O15: 4 | P15: =SUM(C15:N15) -> 6 | R15: 1200-1300 | S15: =SUM(C30:C33) -> 1 | T15: =SUM(D30:D33) -> 0 | U15: =SUM(E30:E33) -> 4 | V15: =SUM(F30:F33) -> 2 | W15: =SUM(G30:G33) -> 0 | X15: =SUM(H30:H33) -> 0 | Y15: =SUM(I30:I33) -> 0 | Z15: =SUM(J30:J33) -> 0 | ... AF15: =SUM(P30:P33) -> 18
B16: 08.30 - 08.45 | C16: 1 | D16: 0 | E16: 1 | F16: 0 | G16: 0 | H16: 0 | I16: 0 | J16: 0 | K16: 0 | L16: 1 | M16: 2 | N16: 0 | O16: 3 | P16: =SUM(C16:N16) -> 5 | R16: 1300-1400 | S16: =SUM(C34:C37) -> 1 | T16: =SUM(D34:D37) -> 0 | U16: =SUM(E34:E37) -> 4 | V16: =SUM(F34:F37) -> 1 | W16: =SUM(G34:G37) -> 0 | X16: =SUM(H34:H37) -> 0 | Y16: =SUM(I34:I37) -> 0 | Z16: =SUM(J34:J37) -> 0 | ... AF16: =SUM(P34:P37) -> 19
B17: 08.45 - 9.00 | C17: 0 | D17: 0 | E17: 1 | F17: 0 | G17: 0 | H17: 0 | I17: 0 | J17: 1 | K17: 0 | L17: 1 | M17: 3 | N17: 0 | O17: 3 | P17: =SUM(C17:N17) -> 6 | R17: 1400-1500 | S17: =SUM(C38:C41) -> 2 | T17: =SUM(D38:D41) -> 2 | U17: =SUM(E38:E41) -> 6 | V17: =SUM(F38:F41) -> 3 | W17: =SUM(G38:G41) -> 1 | X17: =SUM(H38:H41) -> 2 | Y17: =SUM(I38:I41) -> 0 | Z17: =SUM(J38:J41) -> 0 | ... AF17: =SUM(P38:P41) -> 29
B18: 09.00 - 09.15 | C18: 0 | D18: 0 | E18: 0 | F18: 0 | G18: 0 | H18: 0 | I18: 0 | J18: 0 | K18: 0 | L18: 1 | M18: 3 | N18: 0 | O18: 1 | P18: =SUM(C18:N18) -> 4 | R18: 1500-1600 | S18: =SUM(C42:C45) -> 3 | T18: =SUM(D42:D45) -> 0 | U18: =SUM(E42:E45) -> 4 | V18: =SUM(F42:F45) -> 1 | W18: =SUM(G42:G45) -> 0 | X18: =SUM(H42:H45) -> 0 | Y18: =SUM(I42:I45) -> 0 | Z18: =SUM(J42:J45) -> 0 | ... AF18: =SUM(P42:P45) -> 22
B19: 09.15 - 09.30 | C19: 0 | D19: 0 | E19: 1 | F19: 0 | G19: 0 | H19: 0 | I19: 0 | J19: 0 | K19: 0 | L19: 0 | M19: 4 | N19: 0 | O19: 1 | P19: =SUM(C19:N19) -> 5 | R19: 1600-1700 | S19: =SUM(C46:C49) -> 3 | T19: =SUM(D46:D49) -> 1 | U19: =SUM(E46:E49) -> 4 | V19: =SUM(F46:F49) -> 2 | W19: =SUM(G46:G49) -> 0 | X19: =SUM(H46:H49) -> 2 | Y19: =SUM(I46:I49) -> 0 | Z19: =SUM(J46:J49) -> 0 | ... AF19: =SUM(P46:P49) -> 31
B20: 09.30 - 09.45 | C20: 1 | D20: 0 | E20: 1 | F20: 1 | G20: 0 | H20: 0 | I20: 0 | J20: 1 | K20: 0 | L20: 1 | M20: 4 | N20: 0 | O20: 5 | P20: =SUM(C20:N20) -> 9 | R20: 1700-1800 | S20: =SUM(C50:C53) -> 4 | T20: =SUM(D50:D53) -> 3 | U20: =SUM(E50:E53) -> 8 | V20: =SUM(F50:F53) -> 3 | W20: =SUM(G50:G53) -> 0 | X20: =SUM(H50:H53) -> 2 | Y20: =SUM(I50:I53) -> 0 | Z20: =SUM(J50:J53) -> 1 | ... AF20: =SUM(P50:P53) -> 37
B21: 09.45 - 10.00 | C21: 1 | D21: 0 | E21: 1 | F21: 1 | G21: 0 | H21: 0 | I21: 0 | J21: 0 | K21: 0 | L21: 0 | M21: 4 | N21: 0 | O21: 3 | P21: =SUM(C21:N21) -> 7 | R21: 1800-1900 | S21: =SUM(C54:C57) -> 1 | T21: =SUM(D54:D57) -> 0 | U21: =SUM(E54:E57) -> 5 | V21: =SUM(F54:F57) -> 1 | W21: =SUM(G54:G57) -> 0 | X21: =SUM(H54:H57) -> 1 | Y21: =SUM(I54:I57) -> 0 | Z21: =SUM(J54:J57) -> 0 | ... AF21: =SUM(P54:P57) -> 22
B22: 10.00 - 10.15 | C22: 0 | D22: 0 | E22: 1 | F22: 0 | G22: 0 | H22: 0 | I22: 1 | J22: 0 | K22: 0 | L22: 1 | M22: 3 | N22: 0 | O22: 3 | P22: =SUM(C22:N22) -> 6 | R22: AM Peak Hr | S22: =MAX(S10:S12) -> 2 | T22: =MAX(T10:T12) -> 0 | U22: =MAX(U10:U12) -> 4 | V22: =MAX(V10:V12) -> 2 | W22: =MAX(W10:W12) -> 0 | X22: =MAX(X10:X12) -> 0 | Y22: =MAX(Y10:Y12) -> 1 | Z22: =MAX(Z10:Z12) -> 3 | ... AF22: =MAX(AF10:AF12) -> 25
B23: 10.15 - 10.30 | C23: 0 | D23: 0 | E23: 1 | F23: 0 | G23: 0 | H23: 0 | I23: 0 | J23: 0 | K23: 0 | L23: 1 | M23: 3 | N23: 0 | O23: 2 | P23: =SUM(C23:N23) -> 5 | R23: IP Peak Hr | S23: =MAX(S13:S18) -> 3 | T23: =MAX(T13:T18) -> 2 | U23: =MAX(U13:U18) -> 6 | V23: =MAX(V13:V18) -> 3 | W23: =MAX(W13:W18) -> 1 | X23: =MAX(X13:X18) -> 2 | Y23: =MAX(Y13:Y18) -> 2 | Z23: =MAX(Z13:Z18) -> 1 | ... AF23: =MAX(AF13:AF18) -> 29
B24: 10.30 - 10.45 | C24: 0 | D24: 0 | E24: 1 | F24: 0 | G24: 0 | H24: 0 | I24: 0 | J24: 1 | K24: 0 | L24: 1 | M24: 3 | N24: 0 | O24: 3 | P24: =SUM(C24:N24) -> 6 | R24: PM Peak Hr | S24: =MAX(S19:S21) -> 4 | T24: =MAX(T19:T21) -> 3 | U24: =MAX(U19:U21) -> 8 | V24: =MAX(V19:V21) -> 3 | W24: =MAX(W19:W21) -> 0 | X24: =MAX(X19:X21) -> 2 | Y24: =MAX(Y19:Y21) -> 0 | Z24: =MAX(Z19:Z21) -> 1 | ... AF24: =MAX(AF19:AF21) -> 37
B25: 10.45 - 11.00 | C25: 0 | D25: 0 | E25: 1 | F25: 1 | G25: 0 | H25: 0 | I25: 0 | J25: 0 | K25: 0 | L25: 0 | M25: 3 | N25: 0 | O25: 2 | P25: =SUM(C25:N25) -> 5 | R25: AM Period | S25: =SUM(S10:S12) -> 4 | T25: =SUM(T10:T12) -> 0 | U25: =SUM(U10:U12) -> 10 | V25: =SUM(V10:V12) -> 3 | W25: =SUM(W10:W12) -> 0 | X25: =SUM(X10:X12) -> 0 | Y25: =SUM(Y10:Y12) -> 1 | Z25: =SUM(Z10:Z12) -> 6 | ... AF25: =SUM(AF10:AF12) -> 67
B26: 11.00 - 11.15 | C26: 1 | D26: 0 | E26: 1 | F26: 1 | G26: 0 | H26: 0 | I26: 0 | J26: 0 | K26: 0 | L26: 0 | M26: 3 | N26: 0 | O26: 3 | P26: =SUM(C26:N26) -> 6 | R26: IP Period | S26: =SUM(S13:S18) -> 9 | T26: =SUM(T13:T18) -> 3 | U26: =SUM(U13:U18) -> 27 | V26: =SUM(V13:V18) -> 11 | W26: =SUM(W13:W18) -> 2 | X26: =SUM(X13:X18) -> 2 | Y26: =SUM(Y13:Y18) -> 3 | Z26: =SUM(Z13:Z18) -> 1 | ... AF26: =SUM(AF13:AF18) -> 139
B27: 11.15 - 11.30 | C27: 0 | D27: 0 | E27: 1 | F27: 1 | G27: 0 | H27: 0 | I27: 1 | J27: 0 | K27: 0 | L27: 1 | M27: 4 | N27: 0 | O27: 4 | P27: =SUM(C27:N27) -> 8 | R27: PM Period | S27: =SUM(S19:S21) -> 8 | T27: =SUM(T19:T21) -> 4 | U27: =SUM(U19:U21) -> 17 | V27: =SUM(V19:V21) -> 6 | W27: =SUM(W19:W21) -> 0 | X27: =SUM(X19:X21) -> 5 | Y27: =SUM(Y19:Y21) -> 0 | Z27: =SUM(Z19:Z21) -> 1 | ... AF27: =SUM(AF19:AF21) -> 90
B28: 11.30 - 11.45 | C28: 1 | D28: 0 | E28: 1 | F28: 0 | G28: 0 | H28: 0 | I28: 0 | J28: 0 | K28: 0 | L28: 1 | M28: 3 | N28: 0 | O28: 3 | P28: =SUM(C28:N28) -> 6 | R28: 12 Hours | S28: =SUM(S10:S21) -> 21 | T28: =SUM(T10:T21) -> 7 | U28: =SUM(U10:U21) -> 54 | V28: =SUM(V10:V21) -> 20 | W28: =SUM(W10:W21) -> 2 | X28: =SUM(X10:X21) -> 7 | Y28: =SUM(Y10:Y21) -> 4 | Z28: =SUM(Z10:Z21) -> 8 | ... AF28: =SUM(AF10:AF21) -> 296
B29: 11.45 - 12.00 | C29: 0 | D29: 1 | E29: 2 | F29: 1 | G29: 1 | H29: 0 | I29: 1 | J29: 0 | K29: 0 | L29: 0 | M29: 3 | N29: 0 | O29: 6 | P29: =SUM(C29:N29) -> 9
B30: 12.00 - 12.15 | C30: 0 | D30: 0 | E30: 1 | F30: 1 | G30: 0 | H30: 0 | I30: 0 | J30: 0 | K30: 0 | L30: 0 | M30: 3 | N30: 0 | O30: 2 | P30: =SUM(C30:N30) -> 5
B31: 12.15 - 12.30 | C31: 1 | D31: 0 | E31: 1 | F31: 0 | G31: 0 | H31: 0 | I31: 0 | J31: 0 | K31: 0 | L31: 0 | M31: 2 | N31: 0 | O31: 2 | P31: =SUM(C31:N31) -> 4
B32: 12.30 - 12.45 | C32: 0 | D32: 0 | E32: 1 | F32: 1 | G32: 0 | H32: 0 | I32: 0 | J32: 0 | K32: 0 | L32: 1 | M32: 3 | N32: 0 | O32: 3 | P32: =SUM(C32:N32) -> 6
B33: 12.45 - 13.00 | C33: 0 | D33: 0 | E33: 1 | F33: 0 | G33: 0 | H33: 0 | I33: 0 | J33: 0 | K33: 0 | L33: 0 | M33: 2 | N33: 0 | O33: 1 | P33: =SUM(C33:N33) -> 3
B34: 13.00 - 13.15 | C34: 0 | D34: 0 | E34: 1 | F34: 0 | G34: 0 | H34: 0 | I34: 0 | J34: 0 | K34: 0 | L34: 1 | M34: 4 | N34: 0 | O34: 2 | P34: =SUM(C34:N34) -> 6
B35: 13.15 - 13.30 | C35: 1 | D35: 0 | E35: 1 | F35: 1 | G35: 0 | H35: 0 | I35: 0 | J35: 0 | K35: 0 | L35: 1 | M35: 2 | N35: 0 | O35: 4 | P35: =SUM(C35:N35) -> 6
B36: 13.30 - 13.45 | C36: 0 | D36: 0 | E36: 1 | F36: 0 | G36: 0 | H36: 0 | I36: 0 | J36: 0 | K36: 0 | L36: 0 | M36: 2 | N36: 0 | O36: 1 | P36: =SUM(C36:N36) -> 3
B37: 13.45 - 14.00 | C37: 0 | D37: 0 | E37: 1 | F37: 0 | G37: 0 | H37: 0 | I37: 0 | J37: 0 | K37: 0 | L37: 0 | M37: 3 | N37: 0 | O37: 1 | P37: =SUM(C37:N37) -> 4
B38: 14.00 - 14.15 | C38: 1 | D38: 1 | E38: 2 | F38: 1 | G38: 0 | H38: 0 | I38: 0 | J38: 0 | K38: 0 | L38: 1 | M38: 3 | N38: 0 | O38: 6 | P38: =SUM(C38:N38) -> 9
B39: 14.15 - 14.30 | C39: 0 | D39: 0 | E39: 1 | F39: 1 | G39: 0 | H39: 0 | I39: 0 | J39: 0 | K39: 0 | L39: 0 | M39: 2 | N39: 0 | O39: 2 | P39: =SUM(C39:N39) -> 4
B40: 14.30 - 14.45 | C40: 0 | D40: 0 | E40: 1 | F40: 0 | G40: 0 | H40: 1 | I40: 0 | J40: 0 | K40: 0 | L40: 0 | M40: 3 | N40: 0 | O40: 2 | P40: =SUM(C40:N40) -> 5
... B57: 18.45 - 19.00 | C57: 0 | D57: 0 | E57: 1 | F57: 0 | G57: 0 | H57: 0 | I57: 0 | J57: 0 | K57: 0 | L57: 1 | M57: 2 | N57: 0 | O57: 2 | P57: =SUM(C57:N57) -> 4
B58: Totals | C58: 0 | D58: =SUM(D10:D57) -> 7 | E58: 0 | F58: 0 | G58: 0 | H58: 0 | I58: 0 | J58: 0 | K58: 0 | L58: =SUM(L10:L57) -> 33 | M58: 0 | N58: 0 | O58: =SUM(O10:O57) -> 158 | P58: =SUM(P10:P57) -> 296
B59: %ges + MCs | C59: 0 | D59: =D58/$P$58 -> 0.023648649 | E59: 0 | F59: 0 | G59: 0 | H59: 0 | I59: 0 | J59: 0 | K59: 0 | L59: =L58/$P$58 -> 0.11148649 | M59: 0 | N59: 0
B60: %ges w/o MCs | C60: 0 | D60: =D58/$O$58 -> 0.044303797 | E60: 0 | F60: 0 | G60: 0 | H60: 0 | I60: 0 | J60: 0 | K60: 0 | L60: =L58/$O$58 -> 0.20886076 | M60: 0 | N60: 0
C61: 0 | E61: 0 | F61: 0 | G61: 0 | H61: 0 | I61: 0 | J61: 0 | K61: 0 | M61: 0 | N61: 0

Sheet 04.08 Karuma-Pakwach
B1: Consultancy services for Preparation of Expressway Development Master Plan (EDMP) for Uganda
B2: MANUAL CLASSIFIED COUNT (MCC)
B3: ROAD NAME: | C3: ='29.07 karuma-pakwach'!C3:G3 -> MCC - C5 - STN115 - KARUMA-PAKWACH ROAD
C5: Date | D5: 01.08.19 | F5: Location | G5: ='01.08 pakwach-karuma'!G5:H5 -> xxx | J5: Surveyor | K5: ='01.08 pakwach-karuma'!K5:L5 -> xxx
C6: Dir. From | D6: karuma | F6: Dir. To | G6: pakwach | J6: Supervisor | K6: ='01.08 pakwach-karuma'!K6:L6 -> xxx
B8: Time / Veh Type | R8: SUMMARY TRAFFIC VOLUMES
C9: 1. Car | D9: 2. Station Wagon | E9: 3. Pickups | F9: 4. Minibus, matatu | G9: 5. Medium bus | H9: 6. Large Bus | I9: 7. Light Truck | J9: 8. Medium Truck | K9: 9. Heavy truck | L9: 10. Truck Trailer | M9: 11. Motor cycles | N9: 12. Tractors | O9: Total Excl M/Cycles | P9: Total All | R9: Time | S9: 1. Car | T9: 2. Station Wagon | U9: 3. Pickups | V9: 4. Minibus, matatu | W9: 5. Medium bus | X9: 6. Large Bus | Y9: 7. Light Truck | Z9: 8. Medium Truck | AA9: 9. Heavy truck | AB9: 10. Truck Trailer | AC9: 11. Motorcycles | AD9: 12. Tractors, Graders | AE9: Total Excl M/ Cycles | AF9: Total All
B10: 07.00 - 07.15 | C10: 0 | D10: 0 | E10: 0 | F10: 0 | G10: 0 | H10: 0 | I10: 0 | J10: 0 | K10: 0 | L10: 0 | M10: 1 | N10: 0 | O10: =SUM(C10:L10,N10) -> 0 | P10: =SUM(C10:N10) -> 1 | R10: 0700-0800 | S10: =SUM(C10:C13) -> 0 | T10: =SUM(D10:D13) -> 0 | U10: =SUM(E10:E13) -> 0 | V10: =SUM(F10:F13) -> 0 | W10: =SUM(G10:G13) -> 0 | X10: =SUM(H10:H13) -> 0 | Y10: =SUM(I10:I13) -> 0 | Z10: =SUM(J10:J13) -> 0 | ... AF10: =SUM(P10:P13) -> 4
B11: 07.15 - 07.30 | C11: 0 | D11: 0 | E11: 0 | F11: 0 | G11: 0 | H11: 0 | I11: 0 | J11: 0 | K11: 0 | L11: 0 | M11: 1 | N11: 0 | O11: =SUM(C11:L11,N11) -> 0 | P11: =SUM(C11:N11) -> 1 | R11: 0800-0900 | S11: =SUM(C14:C17) -> 0 | T11: =SUM(D14:D17) -> 0 | U11: =SUM(E14:E17) -> 1 | V11: =SUM(F14:F17) -> 1 | W11: =SUM(G14:G17) -> 0 | X11: =SUM(H14:H17) -> 0 | Y11: =SUM(I14:I17) -> 0 | Z11: =SUM(J14:J17) -> 0 | ... AF11: =SUM(P14:P17) -> 7
B12: 07.30 - 07.45 | C12: 0 | D12: 0 | E12: 0 | F12: 0 | G12: 0 | H12: 0 | I12: 0 | J12: 0 | K12: 0 | L12: 0 | M12: 1 | N12: 0 | O12: =SUM(C12:L12,N12) -> 0 | P12: =SUM(C12:N12) -> 1 | R12: 0900-1000 | S12: =SUM(C18:C21) -> 0 | T12: =SUM(D18:D21) -> 0 | U12: =SUM(E18:E21) -> 1 | V12: =SUM(F18:F21) -> 0 | W12: =SUM(G18:G21) -> 0 | X12: =SUM(H18:H21) -> 0 | Y12: =SUM(I18:I21) -> 0 | Z12: =SUM(J18:J21) -> 0 | ... AF12: =SUM(P18:P21) -> 9
B13: 07.45 - 08.00 | C13: 0 | D13: 0 | E13: 0 | F13: 0 | G13: 0 | H13: 0 | I13: 0 | J13: 0 | K13: 0 | L13: 0 | M13: 1 | N13: 0 | O13: =SUM(C13:L13,N13) -> 0 | P13: =SUM(C13:N13) -> 1 | R13: 1000-1100 | S13: =SUM(C22:C25) -> 0 | T13: =SUM(D22:D25) -> 0 | U13: =SUM(E22:E25) -> 3 | V13: =SUM(F22:F25) -> 0 | W13: =SUM(G22:G25) -> 0 | X13: =SUM(H22:H25) -> 1 | Y13: =SUM(I22:I25) -> 0 | Z13: =SUM(J22:J25) -> 0 | ... AF13: =SUM(P22:P25) -> 9
B14: 08.00 - 08.15 | C14: 0 | D14: 0 | E14: 0 | F14: 0 | G14: 0 | H14: 0 | I14: 0 | J14: 0 | K14: 0 | L14: 0 | M14: 1 | N14: 0 | O14: =SUM(C14:L14,N14) -> 0 | P14: =SUM(C14:N14) -> 1 | R14: 1100-1200 | S14: =SUM(C26:C29) -> 0 | T14: =SUM(D26:D29) -> 0 | U14: =SUM(E26:E29) -> 2 | V14: =SUM(F26:F29) -> 1 | W14: =SUM(G26:G29) -> 0 | X14: =SUM(H26:H29) -> 1 | Y14: =SUM(I26:I29) -> 0 | Z14: =SUM(J26:J29) -> 0 | ... AF14: =SUM(P26:P29) -> 8
B15: 08.15 - 08.30 | C15: 0 | D15: 0 | E15: 0 | F15: 0 | G15: 0 | H15: 0 | I15: 0 | J15: 0 | K15: 0 | L15: 0 | M15: 1 | N15: 0 | O15: =SUM(C15:L15,N15) -> 0 | P15: =SUM(C15:N15) -> 1 | R15: 1200-1300 | S15: =SUM(C30:C33) -> 0 | T15: =SUM(D30:D33) -> 0 | U15: =SUM(E30:E33) -> 1 | V15: =SUM(F30:F33) -> 0 | W15: =SUM(G30:G33) -> 0 | X15: =SUM(H30:H33) -> 0 | Y15: =SUM(I30:I33) -> 0 | Z15: =SUM(J30:J33) -> 0 | ... AF15: =SUM(P30:P33) -> 6
B16: 08.30 - 08.45 | C16: 0 | D16: 0 | E16: 0 | F16: 1 | G16: 0 | H16: 0 | I16: 0 | J16: 0 | K16: 0 | L16: 0 | M16: 2 | N16: 0 | O16: =SUM(C16:L16,N16) -> 1 | P16: =SUM(C16:N16) -> 3 | R16: 1300-1400 | S16: =SUM(C34:C37) -> 2 | T16: =SUM(D34:D37) -> 0 | U16: =SUM(E34:E37) -> 1 | V16: =SUM(F34:F37) -> 1 | W16: =SUM(G34:G37) -> 0 | X16: =SUM(H34:H37) -> 0 | Y16: =SUM(I34:I37) -> 1 | Z16: =SUM(J34:J37) -> 0 | ... AF16: =SUM(P34:P37) -> 10
B17: 08.45 - 9.00 | C17: 0 | D17: 0 | E17: 1 | F17: 0 | G17: 0 | H17: 0 | I17: 0 | J17: 0 | K17: 0 | L17: 0 | M17: 1 | N17: 0 | O17: =SUM(C17:L17,N17) -> 1 | P17: =SUM(C17:N17) -> 2 | R17: 1400-1500 | S17: =SUM(C38:C41) -> 0 | T17: =SUM(D38:D41) -> 0 | U17: =SUM(E38:E41) -> 3 | V17: =SUM(F38:F41) -> 0 | W17: =SUM(G38:G41) -> 0 | X17: =SUM(H38:H41) -> 0 | Y17: =SUM(I38:I41) -> 1 | Z17: =SUM(J38:J41) -> 0 | ... AF17: =SUM(P38:P41) -> 12
B18: 09.00 - 09.15 | C18: 0 | D18: 0 | E18: 0 | F18: 0 | G18: 0 | H18: 0 | I18: 0 | J18: 0 | K18: 0 | L18: 0 | M18: 2 | N18: 0 | O18: =SUM(C18:L18,N18) -> 0 | P18: =SUM(C18:N18) -> 2 | R18: 1500-1600 | S18: =SUM(C42:C45) -> 1 | T18: =SUM(D42:D45) -> 0 | U18: =SUM(E42:E45) -> 2 | V18: =SUM(F42:F45) -> 1 | W18: =SUM(G42:G45) -> 0 | X18: =SUM(H42:H45) -> 0 | Y18: =SUM(I42:I45) -> 0 | Z18: =SUM(J42:J45) -> 0 | ... AF18: =SUM(P42:P45) -> 13
B19: 09.15 - 09.30 | C19: 0 | D19: 0 | E19: 0 | F19: 0 | G19: 0 | H19: 0 | I19: 0 | J19: 0 | K19: 0 | L19: 0 | M19: 1 | N19: 0 | O19: =SUM(C19:L19,N19) -> 0 | P19: =SUM(C19:N19) -> 1 | R19: 1600-1700 | S19: =SUM(C46:C49) -> 0 | T19: =SUM(D46:D49) -> 0 | U19: =SUM(E46:E49) -> 1 | V19: =SUM(F46:F49) -> 0 | W19: =SUM(G46:G49) -> 0 | X19: =SUM(H46:H49) -> 0 | Y19: =SUM(I46:I49) -> 1 | Z19: =SUM(J46:J49) -> 0 | ... AF19: =SUM(P46:P49) -> 9
B20: 09.30 - 09.45 | C20: 0 | D20: 0 | E20: 0 | F20: 0 | G20: 0 | H20: 0 | I20: 0 | J20: 0 | K20: 0 | L20: 0 | M20: 3 | N20: 0 | O20: =SUM(C20:L20,N20) -> 0 | P20: =SUM(C20:N20) -> 3 | R20: 1700-1800 | S20: =SUM(C50:C53) -> 1 | T20: =SUM(D50:D53) -> 0 | U20: =SUM(E50:E53) -> 1 | V20: =SUM(F50:F53) -> 0 | W20: =SUM(G50:G53) -> 0 | X20: =SUM(H50:H53) -> 0 | Y20: =SUM(I50:I53) -> 0 | Z20: =SUM(J50:J53) -> 0 | ... AF20: =SUM(P50:P53) -> 9
B21: 09.45 - 10.00 | C21: 0 | D21: 0 | E21: 1 | F21: 0 | G21: 0 | H21: 0 | I21: 0 | J21: 0 | K21: 0 | L21: 0 | M21: 2 | N21: 0 | O21: =SUM(C21:L21,N21) -> 1 | P21: =SUM(C21:N21) -> 3 | R21: 1800-1900 | S21: =SUM(C54:C57) -> 0 | T21: =SUM(D54:D57) -> 0 | U21: =SUM(E54:E57) -> 1 | V21: =SUM(F54:F57) -> 0 | W21: =SUM(G54:G57) -> 0 | X21: =SUM(H54:H57) -> 0 | Y21: =SUM(I54:I57) -> 0 | Z21: =SUM(J54:J57) -> 0 | ... AF21: =SUM(P54:P57) -> 5
B22: 10.00 - 10.15 | C22: 0 | D22: 0 | E22: 0 | F22: 0 | G22: 0 | H22: 0 | I22: 0 | J22: 0 | K22: 0 | L22: 0 | M22: 1 | N22: 0 | O22: =SUM(C22:L22,N22) -> 0 | P22: =SUM(C22:N22) -> 1 | R22: AM Peak Hr | S22: =MAX(S10:S12) -> 0 | T22: =MAX(T10:T12) -> 0 | U22: =MAX(U10:U12) -> 1 | V22: =MAX(V10:V12) -> 1 | W22: =MAX(W10:W12) -> 0 | X22: =MAX(X10:X12) -> 0 | Y22: =MAX(Y10:Y12) -> 0 | Z22: =MAX(Z10:Z12) -> 0 | ... AF22: =MAX(AF10:AF12) -> 9
B23: 10.15 - 10.30 | C23: 0 | D23: 0 | E23: 1 | F23: 0 | G23: 0 | H23: 0 | I23: 0 | J23: 0 | K23: 0 | L23: 0 | M23: 2 | N23: 0 | O23: =SUM(C23:L23,N23) -> 1 | P23: =SUM(C23:N23) -> 3 | R23: IP Peak Hr | S23: =MAX(S13:S18) -> 2 | T23: =MAX(T13:T18) -> 0 | U23: =MAX(U13:U18) -> 3 | V23: =MAX(V13:V18) -> 1 | W23: =MAX(W13:W18) -> 0 | X23: =MAX(X13:X18) -> 1 | Y23: =MAX(Y13:Y18) -> 1 | Z23: =MAX(Z13:Z18) -> 0 | ... AF23: =MAX(AF13:AF18) -> 13
B24: 10.30 - 10.45 | C24: 0 | D24: 0 | E24: 1 | F24: 0 | G24: 0 | H24: 0 | I24: 0 | J24: 0 | K24: 0 | L24: 0 | M24: 1 | N24: 0 | O24: =SUM(C24:L24,N24) -> 1 | P24: =SUM(C24:N24) -> 2 | R24: PM Peak Hr | S24: =MAX(S19:S21) -> 1 | T24: =MAX(T19:T21) -> 0 | U24: =MAX(U19:U21) -> 1 | V24: =MAX(V19:V21) -> 0 | W24: =MAX(W19:W21) -> 0 | X24: =MAX(X19:X21) -> 0 | Y24: =MAX(Y19:Y21) -> 1 | Z24: =MAX(Z19:Z21) -> 0 | ... AF24: =MAX(AF19:AF21) -> 9
B25: 10.45 - 11.00 | C25: 0 | D25: 0 | E25: 1 | F25: 0 | G25: 0 | H25: 1 | I25: 0 | J25: 0 | K25: 0 | L25: 0 | M25: 1 | N25: 0 | O25: =SUM(C25:L25,N25) -> 2 | P25: =SUM(C25:N25) -> 3 | R25: AM Period | S25: =SUM(S10:S12) -> 0 | T25: =SUM(T10:T12) -> 0 | U25: =SUM(U10:U12) -> 2 | V25: =SUM(V10:V12) -> 1 | W25: =SUM(W10:W12) -> 0 | X25: =SUM(X10:X12) -> 0 | Y25: =SUM(Y10:Y12) -> 0 | Z25: =SUM(Z10:Z12) -> 0 | ... AF25: =SUM(AF10:AF12) -> 20
B26: 11.00 - 11.15 | C26: 0 | D26: 0 | E26: 1 | F26: 1 | G26: 0 | H26: 0 | I26: 0 | J26: 0 | K26: 0 | L26: 0 | M26: 1 | N26: 0 | O26: =SUM(C26:L26,N26) -> 2 | P26: =SUM(C26:N26) -> 3 | R26: IP Period | S26: =SUM(S13:S18) -> 3 | T26: =SUM(T13:T18) -> 0 | U26: =SUM(U13:U18) -> 12 | V26: =SUM(V13:V18) -> 3 | W26: =SUM(W13:W18) -> 0 | X26: =SUM(X13:X18) -> 2 | Y26: =SUM(Y13:Y18) -> 2 | Z26: =SUM(Z13:Z18) -> 0 | ... AF26: =SUM(AF13:AF18) -> 58
B27: 11.15 - 11.30 | C27: 0 | D27: 0 | E27: 0 | F27: 0 | G27: 0 | H27: 0 | I27: 0 | J27: 0 | K27: 0 | L27: 0 | M27: 1 | N27: 0 | O27: =SUM(C27:L27,N27) -> 0 | P27: =SUM(C27:N27) -> 1 | R27: PM Period | S27: =SUM(S19:S21) -> 1 | T27: =SUM(T19:T21) -> 0 | U27: =SUM(U19:U21) -> 3 | V27: =SUM(V19:V21) -> 0 | W27: =SUM(W19:W21) -> 0 | X27: =SUM(X19:X21) -> 0 | Y27: =SUM(Y19:Y21) -> 1 | Z27: =SUM(Z19:Z21) -> 0 | ... AF27: =SUM(AF19:AF21) -> 23
B28: 11.30 - 11.45 | C28: 0 | D28: 0 | E28: 1 | F28: 0 | G28: 0 | H28: 0 | I28: 0 | J28: 0 | K28: 0 | L28: 0 | M28: 1 | N28: 0 | O28: =SUM(C28:L28,N28) -> 1 | P28: =SUM(C28:N28) -> 2 | R28: 12 Hours | S28: =SUM(S10:S21) -> 4 | T28: =SUM(T10:T21) -> 0 | U28: =SUM(U10:U21) -> 17 | V28: =SUM(V10:V21) -> 4 | W28: =SUM(W10:W21) -> 0 | X28: =SUM(X10:X21) -> 2 | Y28: =SUM(Y10:Y21) -> 3 | Z28: =SUM(Z10:Z21) -> 0 | ... AF28: =SUM(AF10:AF21) -> 101
B29: 11.45 - 12.00 | C29: 0 | D29: 0 | E29: 0 | F29: 0 | G29: 0 | H29: 1 | I29: 0 | J29: 0 | K29: 0 | L29: 0 | M29: 1 | N29: 0 | O29: =SUM(C29:L29,N29) -> 1 | P29: =SUM(C29:N29) -> 2
B30: 12.00 - 12.15 | C30: 0 | D30: 0 | E30: 0 | F30: 0 | G30: 0 | H30: 0 | I30: 0 | J30: 0 | K30: 0 | L30: 0 | M30: 1 | N30: 0 | O30: =SUM(C30:L30,N30) -> 0 | P30: =SUM(C30:N30) -> 1
