Workbook

Sheet 07.09. Ishaka-Katungulu-24h
B1: Consultancy services for Preparation of Expressway Development Master Plan (EDMP) for Uganda
B2: MANUAL CLASSIFIED COUNT (MCC)
B3: ROAD NAME: | C3: ='09.09 Ishaka-Katungulu'!C3:G3 -> MCC - C4 - STN104 - ISHAKA KATUNGULU ROAD
C5: Date | D5: 07.09.19 | F5: Location | G5: ='12.09 Katungulu-Ishaka'!G5:H5 -> Rubirizi | J5: Surveyor | K5: ='12.09 Katungulu-Ishaka'!K5:L5 -> xxx
C6: Dir. From | D6: ='09.09 Ishaka-Katungulu'!D6:E6 -> Ishaka | F6: Dir. To | G6: ='09.09 Ishaka-Katungulu'!G6:H6 -> Katungulu | J6: Supervisor | K6: ='12.09 Katungulu-Ishaka'!K6:L6 -> xxx
B8: Time / Veh Type | R8: SUMMARY TRAFFIC VOLUMES
C9: 1. Car | D9: 2. Station Wagon | E9: 3. Pickups | F9: 4. Minibus, matatu | G9: 5. Medium bus | H9: 6. Large Bus | I9: 7. Light Truck | J9: 8. Medium Truck | K9: 9. Heavy truck | L9: 10. Truck Trailer | M9: 11. Motor cycles | N9: 12. Tractors | O9: Total Excl M/Cycles | P9: Total All | R9: Time | S9: 1. Car | T9: 2. Station Wagon | U9: 3. Pickups | V9: 4. Minibus, matatu | W9: 5. Medium bus | X9: 6. Large Bus | Y9: 7. Light Truck | Z9: 8. Medium Truck | AA9: 9. Heavy truck | AB9: 10. Truck Trailer | AC9: 11. Motorcycles | AD9: 12. Tractors, Graders | AE9: Total Excl M/ Cycles | AF9: Total All
B10: 07.00 - 07.15 | C10: 2 | D10: 0 | E10: 0 | F10: 2 | G10: 0 | H10: 0 | I10: 0 | J10: 1 | K10: 0 | L10: 2 | M10: 5 | N10: 0 | O10: =SUM(C10:L10,N10) -> 7 | P10: =SUM(C10:N10) -> 12 | R10: 0700-0800 | S10: =SUM(C10:C13) -> 13 | T10: =SUM(D10:D13) -> 0 | U10: =SUM(E10:E13) -> 0 | V10: =SUM(F10:F13) -> 5 | W10: =SUM(G10:G13) -> 2 | X10: =SUM(H10:H13) -> 0 | Y10: =SUM(I10:I13) -> 0 | Z10: =SUM(J10:J13) -> 6 | ... AF10: =SUM(P10:P13) -> 78
B11: 07.15 - 07.30 | C11: 3 | D11: 0 | E11: 0 | F11: 3 | G11: 1 | H11: 0 | I11: 0 | J11: 2 | K11: 1 | L11: 3 | M11: 8 | N11: 0 | O11: =SUM(C11:L11,N11) -> 13 | P11: =SUM(C11:N11) -> 21 | R11: 0800-0900 | S11: =SUM(C14:C17) -> 8 | T11: =SUM(D14:D17) -> 4 | U11: =SUM(E14:E17) -> 7 | V11: =SUM(F14:F17) -> 16 | W11: =SUM(G14:G17) -> 0 | X11: =SUM(H14:H17) -> 1 | Y11: =SUM(I14:I17) -> 3 | Z11: =SUM(J14:J17) -> 16 | ... AF11: =SUM(P14:P17) -> 221
B12: 07.30 - 07.45 | C12: 3 | D12: 0 | E12: 0 | F12: 0 | G12: 0 | H12: 0 | I12: 0 | J12: 1 | K12: 0 | L12: 0 | M12: 12 | N12: 0 | O12: =SUM(C12:L12,N12) -> 4 | P12: =SUM(C12:N12) -> 16 | R12: 0900-1000 | S12: =SUM(C18:C21) -> 19 | T12: =SUM(D18:D21) -> 6 | U12: =SUM(E18:E21) -> 11 | V12: =SUM(F18:F21) -> 13 | W12: =SUM(G18:G21) -> 0 | X12: =SUM(H18:H21) -> 0 | Y12: =SUM(I18:I21) -> 1 | Z12: =SUM(J18:J21) -> 6 | ... AF12: =SUM(P18:P21) -> 224
B13: 07.45 - 08.00 | C13: 5 | D13: 0 | E13: 0 | F13: 0 | G13: 1 | H13: 0 | I13: 0 | J13: 2 | K13: 0 | L13: 1 | M13: 20 | N13: 0 | O13: =SUM(C13:L13,N13) -> 9 | P13: =SUM(C13:N13) -> 29 | R13: 1000-1100 | S13: =SUM(C22:C25) -> 16 | T13: =SUM(D22:D25) -> 8 | U13: =SUM(E22:E25) -> 9 | V13: =SUM(F22:F25) -> 10 | W13: =SUM(G22:G25) -> 1 | X13: =SUM(H22:H25) -> 0 | Y13: =SUM(I22:I25) -> 1 | Z13: =SUM(J22:J25) -> 4 | ... AF13: =SUM(P22:P25) -> 243
B14: 08.00 - 08.15 | C14: 3 | D14: 1 | E14: 2 | F14: 4 | G14: 0 | H14: 0 | I14: 1 | J14: 2 | K14: 3 | L14: 4 | M14: 23 | N14: 0 | O14: =SUM(C14:L14,N14) -> 20 | P14: =SUM(C14:N14) -> 43 | R14: 1100-1200 | S14: =SUM(C26:C29) -> 37 | T14: =SUM(D26:D29) -> 8 | U14: =SUM(E26:E29) -> 12 | V14: =SUM(F26:F29) -> 17 | W14: =SUM(G26:G29) -> 1 | X14: =SUM(H26:H29) -> 0 | Y14: =SUM(I26:I29) -> 6 | Z14: =SUM(J26:J29) -> 0 | ... AF14: =SUM(P26:P29) -> 267
B15: 08.15 - 08.30 | C15: 5 | D15: 2 | E15: 3 | F15: 6 | G15: 0 | H15: 1 | I15: 2 | J15: 3 | K15: 5 | L15: 5 | M15: 39 | N15: 1 | O15: =SUM(C15:L15,N15) -> 33 | P15: =SUM(C15:N15) -> 72 | R15: 1200-1300 | S15: =SUM(C30:C33) -> 32 | T15: =SUM(D30:D33) -> 11 | U15: =SUM(E30:E33) -> 16 | V15: =SUM(F30:F33) -> 9 | W15: =SUM(G30:G33) -> 0 | X15: =SUM(H30:H33) -> 0 | Y15: =SUM(I30:I33) -> 4 | Z15: =SUM(J30:J33) -> 6 | ... AF15: =SUM(P30:P33) -> 260
B16: 08.30 - 08.45 | C16: 0 | D16: 0 | E16: 1 | F16: 2 | G16: 0 | H16: 0 | I16: 0 | J16: 4 | K16: 2 | L16: 2 | M16: 28 | N16: 0 | O16: =SUM(C16:L16,N16) -> 11 | P16: =SUM(C16:N16) -> 39 | R16: 1300-1400 | S16: =SUM(C34:C37) -> 27 | T16: =SUM(D34:D37) -> 6 | U16: =SUM(E34:E37) -> 8 | V16: =SUM(F34:F37) -> 20 | W16: =SUM(G34:G37) -> 0 | X16: =SUM(H34:H37) -> 0 | Y16: =SUM(I34:I37) -> 3 | Z16: =SUM(J34:J37) -> 8 | ... AF16: =SUM(P34:P37) -> 261
B17: 08.45 - 9.00 | C17: 0 | D17: 1 | E17: 1 | F17: 4 | G17: 0 | H17: 0 | I17: 0 | J17: 7 | K17: 3 | L17: 4 | M17: 47 | N17: 0 | O17: =SUM(C17:L17,N17) -> 20 | P17: =SUM(C17:N17) -> 67 | R17: 1400-1500 | S17: =SUM(C38:C41) -> 32 | T17: =SUM(D38:D41) -> 9 | U17: =SUM(E38:E41) -> 14 | V17: =SUM(F38:F41) -> 16 | W17: =SUM(G38:G41) -> 0 | X17: =SUM(H38:H41) -> 0 | Y17: =SUM(I38:I41) -> 14 | Z17: =SUM(J38:J41) -> 1 | ... AF17: =SUM(P38:P41) -> 285
B18: 09.00 - 09.15 | C18: 4 | D18: 0 | E18: 0 | F18: 1 | G18: 0 | H18: 0 | I18: 0 | J18: 2 | K18: 0 | L18: 0 | M18: 27 | N18: 0 | O18: =SUM(C18:L18,N18) -> 7 | P18: =SUM(C18:N18) -> 34 | R18: 1500-1600 | S18: =SUM(C42:C45) -> 16 | T18: =SUM(D42:D45) -> 7 | U18: =SUM(E42:E45) -> 10 | V18: =SUM(F42:F45) -> 14 | W18: =SUM(G42:G45) -> 0 | X18: =SUM(H42:H45) -> 0 | Y18: =SUM(I42:I45) -> 6 | Z18: =SUM(J42:J45) -> 9 | ... AF18: =SUM(P42:P45) -> 243
B19: 09.15 - 09.30 | C19: 7 | D19: 0 | E19: 1 | F19: 2 | G19: 0 | H19: 0 | I19: 1 | J19: 3 | K19: 1 | L19: 0 | M19: 45 | N19: 0 | O19: =SUM(C19:L19,N19) -> 15 | P19: =SUM(C19:N19) -> 60 | R19: 1600-1700 | S19: =SUM(C46:C49) -> 26 | T19: =SUM(D46:D49) -> 6 | U19: =SUM(E46:E49) -> 10 | V19: =SUM(F46:F49) -> 11 | W19: =SUM(G46:G49) -> 0 | X19: =SUM(H46:H49) -> 0 | Y19: =SUM(I46:I49) -> 5 | Z19: =SUM(J46:J49) -> 3 | ... AF19: =SUM(P46:P49) -> 163
B20: 09.30 - 09.45 | C20: 3 | D20: 2 | E20: 4 | F20: 4 | G20: 0 | H20: 0 | I20: 0 | J20: 0 | K20: 4 | L20: 0 | M20: 31 | N20: 0 | O20: =SUM(C20:L20,N20) -> 17 | P20: =SUM(C20:N20) -> 48 | R20: 1700-1800 | S20: =SUM(C50:C53) -> 45 | T20: =SUM(D50:D53) -> 10 | U20: =SUM(E50:E53) -> 15 | V20: =SUM(F50:F53) -> 15 | W20: =SUM(G50:G53) -> 0 | X20: =SUM(H50:H53) -> 1 | Y20: =SUM(I50:I53) -> 9 | Z20: =SUM(J50:J53) -> 4 | ... AF20: =SUM(P50:P53) -> 306
B21: 09.45 - 10.00 | C21: 5 | D21: 4 | E21: 6 | F21: 6 | G21: 0 | H21: 0 | I21: 0 | J21: 1 | K21: 7 | L21: 1 | M21: 52 | N21: 0 | O21: =SUM(C21:L21,N21) -> 30 | P21: =SUM(C21:N21) -> 82 | R21: 1800-1900 | S21: =SUM(C54:C57) -> 34 | T21: =SUM(D54:D57) -> 12 | U21: =SUM(E54:E57) -> 17 | V21: =SUM(F54:F57) -> 16 | W21: =SUM(G54:G57) -> 0 | X21: =SUM(H54:H57) -> 0 | Y21: =SUM(I54:I57) -> 3 | Z21: =SUM(J54:J57) -> 5 | ... AF21: =SUM(P54:P57) -> 254
B22: 10.00 - 10.15 | C22: 3 | D22: 1 | E22: 1 | F22: 2 | G22: 0 | H22: 0 | I22: 0 | J22: 1 | K22: 4 | L22: 2 | M22: 28 | N22: 0 | O22: =SUM(C22:L22,N22) -> 14 | P22: =SUM(C22:N22) -> 42 | R22: 1900-2000 | S22: =SUM(C58:C61) -> 32 | T22: =SUM(D58:D61) -> 11 | U22: =SUM(E58:E61) -> 18 | V22: =SUM(F58:F61) -> 13 | W22: =SUM(G58:G61) -> 0 | X22: =SUM(H58:H61) -> 2 | Y22: =SUM(I58:I61) -> 1 | Z22: =SUM(J58:J61) -> 0 | ... AF22: =SUM(P58:P61) -> 260
B23: 10.15 - 10.30 | C23: 5 | D23: 2 | E23: 2 | F23: 3 | G23: 1 | H23: 0 | I23: 1 | J23: 2 | K23: 6 | L23: 4 | M23: 46 | N23: 0 | O23: =SUM(C23:L23,N23) -> 26 | P23: =SUM(C23:N23) -> 72 | R23: 2000-2100 | S23: =SUM(C62:C65) -> 9 | T23: =SUM(D62:D65) -> 10 | U23: =SUM(E62:E65) -> 14 | V23: =SUM(F62:F65) -> 8 | W23: =SUM(G62:G65) -> 0 | X23: =SUM(H62:H65) -> 1 | Y23: =SUM(I62:I65) -> 5 | Z23: =SUM(J62:J65) -> 0 | ... AF23: =SUM(P62:P65) -> 113
B24: 10.30 - 10.45 | C24: 3 | D24: 2 | E24: 2 | F24: 2 | G24: 0 | H24: 0 | I24: 0 | J24: 0 | K24: 1 | L24: 0 | M24: 38 | N24: 0 | O24: =SUM(C24:L24,N24) -> 10 | P24: =SUM(C24:N24) -> 48 | R24: 2100-2200 | S24: =SUM(C66:C69) -> 11 | T24: =SUM(D66:D69) -> 2 | U24: =SUM(E66:E69) -> 4 | V24: =SUM(F66:F69) -> 12 | W24: =SUM(G66:G69) -> 0 | X24: =SUM(H66:H69) -> 0 | Y24: =SUM(I66:I69) -> 6 | Z24: =SUM(J66:J69) -> 0 | ... AF24: =SUM(P66:P69) -> 77
B25: 10.45 - 11.00 | C25: 5 | D25: 3 | E25: 4 | F25: 3 | G25: 0 | H25: 0 | I25: 0 | J25: 1 | K25: 2 | L25: 0 | M25: 63 | N25: 0 | O25: =SUM(C25:L25,N25) -> 18 | P25: =SUM(C25:N25) -> 81 | R25: 2200-2300 | S25: =SUM(C70:C73) -> 15 | T25: =SUM(D70:D73) -> 3 | U25: =SUM(E70:E73) -> 4 | V25: =SUM(F70:F73) -> 3 | W25: =SUM(G70:G73) -> 0 | X25: =SUM(H70:H73) -> 0 | Y25: =SUM(I70:I73) -> 1 | Z25: =SUM(J70:J73) -> 11 | ... AF25: =SUM(P70:P73) -> 65
B26: 11.00 - 11.15 | C26: 7 | D26: 2 | E26: 2 | F26: 4 | G26: 0 | H26: 0 | I26: 2 | J26: 0 | K26: 0 | L26: 0 | M26: 29 | N26: 0 | O26: =SUM(C26:L26,N26) -> 17 | P26: =SUM(C26:N26) -> 46 | R26: 2300-0000 | S26: =SUM(C74:C77) -> 9 | T26: =SUM(D74:D77) -> 3 | U26: =SUM(E74:E77) -> 5 | V26: =SUM(F74:F77) -> 13 | W26: =SUM(G74:G77) -> 0 | X26: =SUM(H74:H77) -> 1 | Y26: =SUM(I74:I77) -> 9 | Z26: =SUM(J74:J77) -> 5 | ... AF26: =SUM(P74:P77) -> 78
B27: 11.15 - 11.30 | C27: 11 | D27: 2 | E27: 4 | F27: 7 | G27: 1 | H27: 0 | I27: 3 | J27: 0 | K27: 1 | L27: 1 | M27: 48 | N27: 0 | O27: =SUM(C27:L27,N27) -> 30 | P27: =SUM(C27:N27) -> 78 | R27: 0000-0100 | S27: =SUM(C78:C81) -> 4 | T27: =SUM(D78:D81) -> 0 | U27: =SUM(E78:E81) -> 1 | V27: =SUM(F78:F81) -> 1 | W27: =SUM(G78:G81) -> 1 | X27: =SUM(H78:H81) -> 3 | Y27: =SUM(I78:I81) -> 1 | Z27: =SUM(J78:J81) -> 0 | ... AF27: =SUM(P78:P81) -> 28
B28: 11.30 - 11.45 | C28: 7 | D28: 2 | E28: 2 | F28: 2 | G28: 0 | H28: 0 | I28: 0 | J28: 0 | K28: 1 | L28: 1 | M28: 38 | N28: 0 | O28: =SUM(C28:L28,N28) -> 15 | P28: =SUM(C28:N28) -> 53 | R28: 0100-0200 | S28: =SUM(C82:C85) -> 1 | T28: =SUM(D82:D85) -> 0 | U28: =SUM(E82:E85) -> 1 | V28: =SUM(F82:F85) -> 0 | W28: =SUM(G82:G85) -> 0 | X28: =SUM(H82:H85) -> 0 | Y28: =SUM(I82:I85) -> 0 | Z28: =SUM(J82:J85) -> 1 | ... AF28: =SUM(P82:P85) -> 11
B29: 11.45 - 12.00 | C29: 12 | D29: 2 | E29: 4 | F29: 4 | G29: 0 | H29: 0 | I29: 1 | J29: 0 | K29: 2 | L29: 2 | M29: 63 | N29: 0 | O29: =SUM(C29:L29,N29) -> 27 | P29: =SUM(C29:N29) -> 90 | R29: 0200-0300 | S29: =SUM(C86:C89) -> 3 | T29: =SUM(D86:D89) -> 0 | U29: =SUM(E86:E89) -> 1 | V29: =SUM(F86:F89) -> 0 | W29: =SUM(G86:G89) -> 0 | X29: =SUM(H86:H89) -> 0 | Y29: =SUM(I86:I89) -> 0 | Z29: =SUM(J86:J89) -> 2 | ... AF29: =SUM(P86:P89) -> 7
B30: 12.00 - 12.15 | C30: 7 | D30: 2 | E30: 3 | F30: 2 | G30: 0 | H30: 0 | I30: 0 | J30: 0 | K30: 0 | L30: 0 | M30: 40 | N30: 0 | O30: =SUM(C30:L30,N30) -> 14 | P30: =SUM(C30:N30) -> 54 | R30: 0300-0400 | S30: =SUM(C90:C93) -> 0 | T30: =SUM(D90:D93) -> 0 | U30: =SUM(E90:E93) -> 1 | V30: =SUM(F90:F93) -> 0 | W30: =SUM(G90:G93) -> 0 | X30: =SUM(H90:H93) -> 0 | Y30: =SUM(I90:I93) -> 0 | Z30: =SUM(J90:J93) -> 0 | ... AF30: =SUM(P90:P93) -> 1
B31: 12.15 - 12.30 | C31: 11 | D31: 4 | E31: 5 | F31: 4 | G31: 0 | H31: 0 | I31: 1 | J31: 1 | K31: 0 | L31: 1 | M31: 67 | N31: 0 | O31: =SUM(C31:L31,N31) -> 27 | P31: =SUM(C31:N31) -> 94 | R31: 0400-0500 | S31: =SUM(C94:C97) -> 0 | T31: =SUM(D94:D97) -> 0 | U31: =SUM(E94:E97) -> 1 | V31: =SUM(F94:F97) -> 0 | W31: =SUM(G94:G97) -> 0 | X31: =SUM(H94:H97) -> 0 | Y31: =SUM(I94:I97) -> 0 | Z31: =SUM(J94:J97) -> 1 | ... AF31: =SUM(P94:P97) -> 4
B32: 12.30 - 12.45 | C32: 5 | D32: 2 | E32: 3 | F32: 1 | G32: 0 | H32: 0 | I32: 1 | J32: 2 | K32: 0 | L32: 0 | M32: 27 | N32: 0 | O32: =SUM(C32:L32,N32) -> 14 | P32: =SUM(C32:N32) -> 41 | R32: 0500-0600 | S32: =SUM(C98:C101) -> 1 | T32: =SUM(D98:D101) -> 1 | U32: =SUM(E98:E101) -> 2 | V32: =SUM(F98:F101) -> 2 | W32: =SUM(G98:G101) -> 0 | X32: =SUM(H98:H101) -> 0 | Y32: =SUM(I98:I101) -> 0 | Z32: =SUM(J98:J101) -> 0 | ... AF32: =SUM(P98:P101) -> 14
B33: 12.45 - 13.00 | C33: 9 | D33: 3 | E33: 5 | F33: 2 | G33: 0 | H33: 0 | I33: 2 | J33: 3 | K33: 1 | L33: 1 | M33: 45 | N33: 0 | O33: =SUM(C33:L33,N33) -> 26 | P33: =SUM(C33:N33) -> 71 | R33: 0600-0700 | S33: =SUM(C102:C105) -> 9 | T33: =SUM(D102:D105) -> 3 | U33: =SUM(E102:E105) -> 5 | V33: =SUM(F102:F105) -> 4 | W33: =SUM(G102:G105) -> 0 | X33: =SUM(H102:H105) -> 0 | Y33: =SUM(I102:I105) -> 0 | Z33: =SUM(J102:J105) -> 0 | ... AF33: =SUM(P102:P105) -> 36
B34: 13.00 - 13.15 | C34: 6 | D34: 1 | E34: 1 | F34: 4 | G34: 0 | H34: 0 | I34: 0 | J34: 2 | K34: 0 | L34: 0 | M34: 28 | N34: 0 | O34: =SUM(C34:L34,N34) -> 14 | P34: =SUM(C34:N34) -> 42 | R34: AM Peak Hr | S34: =MAX(S10:S12) -> 19 | T34: =MAX(T10:T12) -> 6 | U34: =MAX(U10:U12) -> 11 | V34: =MAX(V10:V12) -> 16 | W34: =MAX(W10:W12) -> 2 | X34: =MAX(X10:X12) -> 1 | Y34: =MAX(Y10:Y12) -> 3 | Z34: =MAX(Z10:Z12) -> 16 | ... AF34: =MAX(AF10:AF12) -> 224
B35: 13.15 - 13.30 | C35: 10 | D35: 2 | E35: 2 | F35: 6 | G35: 0 | H35: 0 | I35: 0 | J35: 3 | K35: 1 | L35: 0 | M35: 47 | N35: 0 | O35: =SUM(C35:L35,N35) -> 24 | P35: =SUM(C35:N35) -> 71 | R35: IP Peak Hr | S35: =MAX(S13:S18) -> 37 | T35: =MAX(T13:T18) -> 11 | U35: =MAX(U13:U18) -> 16 | V35: =MAX(V13:V18) -> 20 | W35: =MAX(W13:W18) -> 1 | X35: =MAX(X13:X18) -> 0 | Y35: =MAX(Y13:Y18) -> 14 | Z35: =MAX(Z13:Z18) -> 9 | ... AF35: =MAX(AF13:AF18) -> 285
B36: 13.30 - 13.45 | C36: 4 | D36: 1 | E36: 2 | F36: 4 | G36: 0 | H36: 0 | I36: 1 | J36: 1 | K36: 1 | L36: 0 | M36: 41 | N36: 0 | O36: =SUM(C36:L36,N36) -> 14 | P36: =SUM(C36:N36) -> 55 | R36: PM Peak Hr | S36: =MAX(S19:S21) -> 45 | T36: =MAX(T19:T21) -> 12 | U36: =MAX(U19:U21) -> 17 | V36: =MAX(V19:V21) -> 16 | W36: =MAX(W19:W21) -> 0 | X36: =MAX(X19:X21) -> 1 | Y36: =MAX(Y19:Y21) -> 9 | Z36: =MAX(Z19:Z21) -> 5 | ... AF36: =MAX(AF19:AF21) -> 306
B37: 13.45 - 14.00 | C37: 7 | D37: 2 | E37: 3 | F37: 6 | G37: 0 | H37: 0 | I37: 2 | J37: 2 | K37: 2 | L37: 1 | M37: 68 | N37: 0 | O37: =SUM(C37:L37,N37) -> 25 | P37: =SUM(C37:N37) -> 93 | R37: AM Period | S37: =SUM(S10:S12) -> 40 | T37: =SUM(T10:T12) -> 10 | U37: =SUM(U10:U12) -> 18 | V37: =SUM(V10:V12) -> 34 | W37: =SUM(W10:W12) -> 2 | X37: =SUM(X10:X12) -> 1 | Y37: =SUM(Y10:Y12) -> 4 | Z37: =SUM(Z10:Z12) -> 28 | ... AF37: =SUM(AF10:AF12) -> 523
B38: 14.00 - 14.15 | C38: 10 | D38: 2 | E38: 2 | F38: 4 | G38: 0 | H38: 0 | I38: 3 | J38: 0 | K38: 3 | L38: 0 | M38: 38 | N38: 0 | O38: =SUM(C38:L38,N38) -> 24 | P38: =SUM(C38:N38) -> 62 | R38: IP Period | S38: =SUM(S13:S18) -> 160 | T38: =SUM(T13:T18) -> 49 | U38: =SUM(U13:U18) -> 69 | V38: =SUM(V13:V18) -> 86 | W38: =SUM(W13:W18) -> 2 | X38: =SUM(X13:X18) -> 0 | Y38: =SUM(Y13:Y18) -> 34 | Z38: =SUM(Z13:Z18) -> 28 | ... AF38: =SUM(AF13:AF18) -> 1559
B39: 14.15 - 14.30 | C39: 16 | D39: 2 | E39: 4 | F39: 6 | G39: 0 | H39: 0 | I39: 5 | J39: 1 | K39: 5 | L39: 1 | M39: 64 | N39: 0 | O39: =SUM(C39:L39,N39) -> 40 | P39: =SUM(C39:N39) -> 104 | R39: PM Period | S39: =SUM(S19:S21) -> 105 | T39: =SUM(T19:T21) -> 28 | U39: =SUM(U19:U21) -> 42 | V39: =SUM(V19:V21) -> 42 | W39: =SUM(W19:W21) -> 0 | X39: =SUM(X19:X21) -> 1 | Y39: =SUM(Y19:Y21) -> 17 | Z39: =SUM(Z19:Z21) -> 12 | ... AF39: =SUM(AF19:AF21) -> 723
B40: 14.30 - 14.45 | C40: 2 | D40: 2 | E40: 3 | F40: 2 | G40: 0 | H40: 0 | I40: 2 | J40: 0 | K40: 2 | L40: 0 | M40: 31 | N40: 0 | O40: =SUM(C40:L40,N40) -> 13 | P40: =SUM(C40:N40) -> 44 | R40: 12 Hours | S40: =SUM(S10:S21) -> 305 | T40: =SUM(T10:T21) -> 87 | U40: =SUM(U10:U21) -> 129 | V40: =SUM(V10:V21) -> 162 | W40: =SUM(W10:W21) -> 4 | X40: =SUM(X10:X21) -> 2 | Y40: =SUM(Y10:Y21) -> 55 | Z40: =SUM(Z10:Z21) -> 68 | ... AF40: =SUM(AF10:AF21) -> 2805
B41: 14.45 - 15.00 | C41: 4 | D41: 3 | E41: 5 | F41: 4 | G41: 0 | H41: 0 | I41: 4 | J41: 0 | K41: 3 | L41: 1 | M41: 51 | N41: 0 | O41: =SUM(C41:L41,N41) -> 24 | P41: =SUM(C41:N41) -> 75 | R41: 24 Hrs/ADT | S41: =SUM(S10:S33) -> 399 | T41: =SUM(T10:T33) -> 120 | U41: =SUM(U10:U33) -> 186 | V41: =SUM(V10:V33) -> 218 | W41: =SUM(W10:W33) -> 5 | X41: =SUM(X10:X33) -> 9 | Y41: =SUM(Y10:Y33) -> 78 | Z41: =SUM(Z10:Z33) -> 88 | ... AF41: =SUM(AF10:AF33) -> 3499
B42: 15.00 - 15.15 | C42: 2 | D42: 0 | E42: 1 | F42: 2 | G42: 0 | H42: 0 | I42: 2 | J42: 2 | K42: 2 | L42: 2 | M42: 29 | N42: 0 | O42: =SUM(C42:L42,N42) -> 13 | P42: =SUM(C42:N42) -> 42 | R42: NEF | S42: =S41/S40 -> 1.3081967 | T42: =T41/T40 -> 1.3793103 | U42: =U41/U40 -> 1.4418605 | V42: =V41/V40 -> 1.345679 | W42: =W41/W40 -> 1.25 | X42: =X41/X40 -> 4.5 | Y42: =Y41/Y40 -> 1.4181818 | Z42: =Z41/Z40 -> 1.2941176 | ... AF42: =AF41/AF40 -> 1.2474153
B43: 15.15 - 15.30 | C43: 4 | D43: 1 | E43: 1 | F43: 4 | G43: 0 | H43: 0 | I43: 3 | J43: 4 | K43: 4 | L43: 3 | M43: 49 | N43: 0 | O43: =SUM(C43:L43,N43) -> 24 | P43: =SUM(C43:N43) -> 73
B44: 15.30 - 15.45 | C44: 4 | D44: 2 | E44: 3 | F44: 3 | G44: 0 | H44: 0 | I44: 0 | J44: 1 | K44: 2 | L44: 0 | M44: 32 | N44: 0 | O44: =SUM(C44:L44,N44) -> 15 | P44: =SUM(C44:N44) -> 47
B45: 15.45 - 16.00 | C45: 6 | D45: 4 | E45: 5 | F45: 5 | G45: 0 | H45: 0 | I45: 1 | J45: 2 | K45: 3 | L45: 1 | M45: 54 | N45: 0 | O45: =SUM(C45:L45,N45) -> 27 | P45: =SUM(C45:N45) -> 81
B46: 16.00 - 16.15 | C46: 4 | D46: 1 | E46: 2 | F46: 1 | G46: 0 | H46: 0 | I46: 0 | J46: 0 | K46: 1 | L46: 0 | M46: 12 | N46: 0 | O46: =SUM(C46:L46,N46) -> 9 | P46: =SUM(C46:N46) -> 21
B47: 16.15 -16.30 | C47: 6 | D47: 2 | E47: 3 | F47: 2 | G47: 0 | H47: 0 | I47: 0 | J47: 0 | K47: 2 | L47: 1 | M47: 20 | N47: 0 | O47: =SUM(C47:L47,N47) -> 16 | P47: =SUM(C47:N47) -> 36
B48: 16.30 -16.45 | C48: 6 | D48: 1 | E48: 2 | F48: 3 | G48: 0 | H48: 0 | I48: 2 | J48: 1 | K48: 0 | L48: 0 | M48: 24 | N48: 0 | O48: =SUM(C48:L48,N48) -> 15 | P48: =SUM(C48:N48) -> 39
B49: 16.45 -17.00 | C49: 10 | D49: 2 | E49: 3 | F49: 5 | G49: 0 | H49: 0 | I49: 3 | J49: 2 | K49: 1 | L49: 1 | M49: 40 | N49: 0 | O49: =SUM(C49:L49,N49) -> 27 | P49: =SUM(C49:N49) -> 67
B50: 17.00 -17.15 | C50: 8 | D50: 3 | E50: 5 | F50: 2 | G50: 0 | H50: 0 | I50: 2 | J50: 1 | K50: 0 | L50: 2 | M50: 34 | N50: 0 | O50: =SUM(C50:L50,N50) -> 23 | P50: =SUM(C50:N50) -> 57
B51: 17.15 -17.30 | C51: 13 | D51: 6 | E51: 8 | F51: 3 | G51: 0 | H51: 1 | I51: 4 | J51: 2 | K51: 1 | L51: 3 | M51: 57 | N51: 0 | O51: =SUM(C51:L51,N51) -> 41 | P51: =SUM(C51:N51) -> 98
B52: 17.30 -17.45 | C52: 9 | D52: 0 | E52: 1 | F52: 4 | G52: 0 | H52: 0 | I52: 1 | J52: 0 | K52: 2 | L52: 1 | M52: 38 | N52: 0 | O52: =SUM(C52:L52,N52) -> 18 | P52: =SUM(C52:N52) -> 56
B53: 17.45 -18.00 | C53: 15 | D53: 1 | E53: 1 | F53: 6 | G53: 0 | H53: 0 | I53: 2 | J53: 1 | K53: 3 | L53: 2 | M53: 64 | N53: 0 | O53: =SUM(C53:L53,N53) -> 31 | P53: =SUM(C53:N53) -> 95
B54: 18.00 - 18.15 | C54: 7 | D54: 3 | E54: 4 | F54: 2 | G54: 0 | H54: 0 | I54: 0 | J54: 2 | K54: 1 | L54: 0 | M54: 34 | N54: 0 | O54: =SUM(C54:L54,N54) -> 19 | P54: =SUM(C54:N54) -> 53
... B105: 06.45 - 07.00 | C105: 4 | D105: 1 | E105: 1 | F105: 1 | G105: 0 | H105: 0 | I105: 0 | J105: 0 | K105: 1 | L105: 2 | M105: 2 | N105: 0 | O105: =SUM(C105:L105,N105) -> 10 | P105: =SUM(C105:N105) -> 12
B106: Totals | C106: =SUM(C10:C105) -> 399 | D106: =SUM(D10:D105) -> 120 | E106: =SUM(E10:E105) -> 186 | F106: =SUM(F10:F105) -> 218 | G106: =SUM(G10:G105) -> 5 | H106: =SUM(H10:H105) -> 9 | I106: =SUM(I10:I105) -> 78 | J106: =SUM(J10:J105) -> 88 | ... P106: =SUM(P10:P105) -> 3499
B107: %ges + MCs | C107: =C106/$P$106 -> 0.11403258 | D107: =D106/$P$106 -> 0.034295513 | E107: =E106/$P$106 -> 0.053158045 | F107: =F106/$P$106 -> 0.062303515 | G107: =G106/$P$106 -> 0.0014289797 | H107: =H106/$P$106 -> 0.0025721635 | I107: =I106/$P$106 -> 0.022292083 | J107: =J106/$P$106 -> 0.025150043 | ... N107: =N106/$P$106 -> 0.00028579594
B108: %ges w/o MCs | C108: =C106/$O$106 -> 0.30551302 | D108: =D106/$O$106 -> 0.091883614 | E108: =E106/$O$106 -> 0.1424196 | F108: =F106/$O$106 -> 0.1669219 | G108: =G106/$O$106 -> 0.0038284839 | H108: =H106/$O$106 -> 0.0068912711 | I108: =I106/$O$106 -> 0.059724349 | J108: =J106/$O$106 -> 0.067381317 | ... L108: =L106/$O$106 -> 0.076569678 | N108: =N106/$O$106 -> 0.00076569678

Sheet 07.09. Katungulu-Ishaka-24h
B1: Consultancy services for Preparation of Expressway Development Master Plan (EDMP) for Uganda
B2: MANUAL CLASSIFIED COUNT (MCC)
B3: ROAD NAME: | C3: ='09.09 Ishaka-Katungulu'!C3:G3 -> MCC - C4 - STN104 - ISHAKA KATUNGULU ROAD
C5: Date | D5: ='07.09. Ishaka-Katungulu-24h'!D5 -> 07.09.19 | F5: Location | G5: ='07.09. Ishaka-Katungulu-24h'!G5:H5 -> Rubirizi | J5: Surveyor | K5: ='07.09. Ishaka-Katungulu-24h'!K5:L5 -> xxx
C6: Dir. From | D6: ='09.09 Katungulu-Ishaka'!D6:E6 -> Katungulu | F6: Dir. To | G6: ='10.09 Katungulu-Ishaka'!G6:H6 -> Ishaka | J6: Supervisor | K6: ='07.09. Ishaka-Katungulu-24h'!K6:L6 -> xxx
B8: Time / Veh Type | R8: SUMMARY TRAFFIC VOLUMES
C9: 1. Car | D9: 2. Station Wagon | E9: 3. Pickups | F9: 4. Minibus, matatu | G9: 5. Medium bus | H9: 6. Large Bus | I9: 7. Light Truck | J9: 8. Medium Truck | K9: 9. Heavy truck | L9: 10. Truck Trailer | M9: 11. Motor cycles | N9: 12. Tractors | O9: Total Excl M/Cycles | P9: Total All | R9: Time | S9: 1. Car | T9: 2. Station Wagon | U9: 3. Pickups | V9: 4. Minibus, matatu | W9: 5. Medium bus | X9: 6. Large Bus | Y9: 7. Light Truck | Z9: 8. Medium Truck | AA9: 9. Heavy truck | AB9: 10. Truck Trailer | AC9: 11. Motorcycles | AD9: 12. Tractors, Graders | AE9: Total Excl M/ Cycles | AF9: Total All
B10: 07.00 - 07.15 | C10: 1 | D10: 0 | E10: 0 | F10: 2 | G10: 0 | H10: 0 | I10: 0 | J10: 2 | K10: 0 | L10: 0 | M10: 2 | N10: 0 | O10: =SUM(C10:L10,N10) -> 5 | P10: =SUM(C10:N10) -> 7 | R10: 0700-0800 | S10: =SUM(C10:C13) -> 3 | T10: =SUM(D10:D13) -> 0 | U10: =SUM(E10:E13) -> 0 | V10: =SUM(F10:F13) -> 6 | W10: =SUM(G10:G13) -> 0 | X10: =SUM(H10:H13) -> 0 | Y10: =SUM(I10:I13) -> 0 | Z10: =SUM(J10:J13) -> 5 | ... AF10: =SUM(P10:P13) -> 43
B11: 07.15 - 07.30 | C11: 2 | D11: 0 | E11: 0 | F11: 3 | G11: 0 | H11: 0 | I11: 0 | J11: 3 | K11: 0 | L11: 1 | M11: 3 | N11: 0 | O11: =SUM(C11:L11,N11) -> 9 | P11: =SUM(C11:N11) -> 12 | R11: 0800-0900 | S11: =SUM(C14:C17) -> 11 | T11: =SUM(D14:D17) -> 1 | U11: =SUM(E14:E17) -> 3 | V11: =SUM(F14:F17) -> 11 | W11: =SUM(G14:G17) -> 0 | X11: =SUM(H14:H17) -> 0 | Y11: =SUM(I14:I17) -> 6 | Z11: =SUM(J14:J17) -> 1 | ... AF11: =SUM(P14:P17) -> 168
B12: 07.30 - 07.45 | C12: 0 | D12: 0 | E12: 0 | F12: 0 | G12: 0 | H12: 0 | I12: 0 | J12: 0 | K12: 0 | L12: 1 | M12: 7 | N12: 0 | O12: =SUM(C12:L12,N12) -> 1 | P12: =SUM(C12:N12) -> 8 | R12: 0900-1000 | S12: =SUM(C18:C21) -> 22 | T12: =SUM(D18:D21) -> 4 | U12: =SUM(E18:E21) -> 7 | V12: =SUM(F18:F21) -> 13 | W12: =SUM(G18:G21) -> 6 | X12: =SUM(H18:H21) -> 2 | Y12: =SUM(I18:I21) -> 1 | Z12: =SUM(J18:J21) -> 1 | ... AF12: =SUM(P18:P21) -> 264
B13: 07.45 - 08.00 | C13: 0 | D13: 0 | E13: 0 | F13: 1 | G13: 0 | H13: 0 | I13: 0 | J13: 0 | K13: 1 | L13: 2 | M13: 12 | N13: 0 | O13: =SUM(C13:L13,N13) -> 4 | P13: =SUM(C13:N13) -> 16 | R13: 1000-1100 | S13: =SUM(C22:C25) -> 17 | T13: =SUM(D22:D25) -> 7 | U13: =SUM(E22:E25) -> 11 | V13: =SUM(F22:F25) -> 18 | W13: =SUM(G22:G25) -> 0 | X13: =SUM(H22:H25) -> 0 | Y13: =SUM(I22:I25) -> 8 | Z13: =SUM(J22:J25) -> 0 | ... AF13: =SUM(P22:P25) -> 236
B14: 08.00 - 08.15 | C14: 1 | D14: 0 | E14: 1 | F14: 2 | G14: 0 | H14: 0 | I14: 1 | J14: 0 | K14: 0 | L14: 0 | M14: 23 | N14: 0 | O14: =SUM(C14:L14,N14) -> 5 | P14: =SUM(C14:N14) -> 28 | R14: 1100-1200 | S14: =SUM(C26:C29) -> 19 | T14: =SUM(D26:D29) -> 6 | U14: =SUM(E26:E29) -> 9 | V14: =SUM(F26:F29) -> 22 | W14: =SUM(G26:G29) -> 0 | X14: =SUM(H26:H29) -> 1 | Y14: =SUM(I26:I29) -> 1 | Z14: =SUM(J26:J29) -> 1 | ... AF14: =SUM(P26:P29) -> 251
B15: 08.15 - 08.30 | C15: 2 | D15: 1 | E15: 1 | F15: 4 | G15: 0 | H15: 0 | I15: 2 | J15: 0 | K15: 0 | L15: 0 | M15: 39 | N15: 0 | O15: =SUM(C15:L15,N15) -> 10 | P15: =SUM(C15:N15) -> 49 | R15: 1200-1300 | S15: =SUM(C30:C33) -> 16 | T15: =SUM(D30:D33) -> 9 | U15: =SUM(E30:E33) -> 13 | V15: =SUM(F30:F33) -> 11 | W15: =SUM(G30:G33) -> 0 | X15: =SUM(H30:H33) -> 0 | Y15: =SUM(I30:I33) -> 3 | Z15: =SUM(J30:J33) -> 14 | ... AF15: =SUM(P30:P33) -> 266
B16: 08.30 - 08.45 | C16: 3 | D16: 0 | E16: 0 | F16: 2 | G16: 0 | H16: 0 | I16: 1 | J16: 0 | K16: 0 | L16: 0 | M16: 27 | N16: 0 | O16: =SUM(C16:L16,N16) -> 6 | P16: =SUM(C16:N16) -> 33 | R16: 1300-1400 | S16: =SUM(C34:C37) -> 23 | T16: =SUM(D34:D37) -> 6 | U16: =SUM(E34:E37) -> 10 | V16: =SUM(F34:F37) -> 13 | W16: =SUM(G34:G37) -> 0 | X16: =SUM(H34:H37) -> 0 | Y16: =SUM(I34:I37) -> 8 | Z16: =SUM(J34:J37) -> 3 | ... AF16: =SUM(P34:P37) -> 195
B17: 08.45 - 9.00 | C17: 5 | D17: 0 | E17: 1 | F17: 3 | G17: 0 | H17: 0 | I17: 2 | J17: 1 | K17: 1 | L17: 0 | M17: 45 | N17: 0 | O17: =SUM(C17:L17,N17) -> 13 | P17: =SUM(C17:N17) -> 58 | R17: 1400-1500 | S17: =SUM(C38:C41) -> 29 | T17: =SUM(D38:D41) -> 8 | U17: =SUM(E38:E41) -> 9 | V17: =SUM(F38:F41) -> 16 | W17: =SUM(G38:G41) -> 0 | X17: =SUM(H38:H41) -> 0 | Y17: =SUM(I38:I41) -> 6 | Z17: =SUM(J38:J41) -> 6 | ... AF17: =SUM(P38:P41) -> 281
B18: 09.00 - 09.15 | C18: 4 | D18: 0 | E18: 1 | F18: 3 | G18: 0 | H18: 0 | I18: 0 | J18: 0 | K18: 0 | L18: 1 | M18: 36 | N18: 0 | O18: =SUM(C18:L18,N18) -> 9 | P18: =SUM(C18:N18) -> 45 | R18: 1500-1600 | S18: =SUM(C42:C45) -> 23 | T18: =SUM(D42:D45) -> 6 | U18: =SUM(E42:E45) -> 9 | V18: =SUM(F42:F45) -> 15 | W18: =SUM(G42:G45) -> 0 | X18: =SUM(H42:H45) -> 0 | Y18: =SUM(I42:I45) -> 4 | Z18: =SUM(J42:J45) -> 1 | ... AF18: =SUM(P42:P45) -> 240
B19: 09.15 - 09.30 | C19: 7 | D19: 1 | E19: 1 | F19: 5 | G19: 0 | H19: 1 | I19: 0 | J19: 0 | K19: 0 | L19: 2 | M19: 60 | N19: 0 | O19: =SUM(C19:L19,N19) -> 17 | P19: =SUM(C19:N19) -> 77 | R19: 1600-1700 | S19: =SUM(C46:C49) -> 35 | T19: =SUM(D46:D49) -> 9 | U19: =SUM(E46:E49) -> 15 | V19: =SUM(F46:F49) -> 16 | W19: =SUM(G46:G49) -> 1 | X19: =SUM(H46:H49) -> 0 | Y19: =SUM(I46:I49) -> 10 | Z19: =SUM(J46:J49) -> 13 | ... AF19: =SUM(P46:P49) -> 239
B20: 09.30 - 09.45 | C20: 4 | D20: 1 | E20: 2 | F20: 2 | G20: 2 | H20: 0 | I20: 0 | J20: 0 | K20: 0 | L20: 1 | M20: 40 | N20: 0 | O20: =SUM(C20:L20,N20) -> 12 | P20: =SUM(C20:N20) -> 52 | R20: 1700-1800 | S20: =SUM(C50:C53) -> 49 | T20: =SUM(D50:D53) -> 16 | U20: =SUM(E50:E53) -> 23 | V20: =SUM(F50:F53) -> 12 | W20: =SUM(G50:G53) -> 0 | X20: =SUM(H50:H53) -> 0 | Y20: =SUM(I50:I53) -> 12 | Z20: =SUM(J50:J53) -> 9 | ... AF20: =SUM(P50:P53) -> 384
B21: 09.45 - 10.00 | C21: 7 | D21: 2 | E21: 3 | F21: 3 | G21: 4 | H21: 1 | I21: 1 | J21: 1 | K21: 0 | L21: 2 | M21: 66 | N21: 0 | O21: =SUM(C21:L21,N21) -> 24 | P21: =SUM(C21:N21) -> 90 | R21: 1800-1900 | S21: =SUM(C54:C57) -> 35 | T21: =SUM(D54:D57) -> 12 | U21: =SUM(E54:E57) -> 17 | V21: =SUM(F54:F57) -> 16 | W21: =SUM(G54:G57) -> 0 | X21: =SUM(H54:H57) -> 0 | Y21: =SUM(I54:I57) -> 6 | Z21: =SUM(J54:J57) -> 8 | ... AF21: =SUM(P54:P57) -> 291
B22: 10.00 - 10.15 | C22: 4 | D22: 2 | E22: 2 | F22: 2 | G22: 0 | H22: 0 | I22: 1 | J22: 0 | K22: 4 | L22: 0 | M22: 29 | N22: 0 | O22: =SUM(C22:L22,N22) -> 15 | P22: =SUM(C22:N22) -> 44 | R22: 1900-2000 | S22: =SUM(C58:C61) -> 38 | T22: =SUM(D58:D61) -> 9 | U22: =SUM(E58:E61) -> 14 | V22: =SUM(F58:F61) -> 21 | W22: =SUM(G58:G61) -> 3 | X22: =SUM(H58:H61) -> 0 | Y22: =SUM(I58:I61) -> 1 | Z22: =SUM(J58:J61) -> 7 | ... AF22: =SUM(P58:P61) -> 266
B23: 10.15 - 10.30 | C23: 7 | D23: 2 | E23: 4 | F23: 3 | G23: 0 | H23: 0 | I23: 2 | J23: 0 | K23: 6 | L23: 1 | M23: 48 | N23: 0 | O23: =SUM(C23:L23,N23) -> 25 | P23: =SUM(C23:N23) -> 73 | R23: 2000-2100 | S23: =SUM(C62:C65) -> 11 | T23: =SUM(D62:D65) -> 9 | U23: =SUM(E62:E65) -> 15 | V23: =SUM(F62:F65) -> 14 | W23: =SUM(G62:G65) -> 1 | X23: =SUM(H62:H65) -> 6 | Y23: =SUM(I62:I65) -> 1 | Z23: =SUM(J62:J65) -> 6 | ... AF23: =SUM(P62:P65) -> 168
B24: 10.30 - 10.45 | C24: 2 | D24: 1 | E24: 2 | F24: 5 | G24: 0 | H24: 0 | I24: 2 | J24: 0 | K24: 2 | L24: 2 | M24: 28 | N24: 0 | O24: =SUM(C24:L24,N24) -> 16 | P24: =SUM(C24:N24) -> 44 | R24: 2100-2200 | S24: =SUM(C66:C69) -> 11 | T24: =SUM(D66:D69) -> 4 | U24: =SUM(E66:E69) -> 5 | V24: =SUM(F66:F69) -> 9 | W24: =SUM(G66:G69) -> 3 | X24: =SUM(H66:H69) -> 1 | Y24: =SUM(I66:I69) -> 0 | Z24: =SUM(J66:J69) -> 1 | ... AF24: =SUM(P66:P69) -> 104
B25: 10.45 - 11.00 | C25: 4 | D25: 2 | E25: 3 | F25: 8 | G25: 0 | H25: 0 | I25: 3 | J25: 0 | K25: 4 | L25: 4 | M25: 47 | N25: 0 | O25: =SUM(C25:L25,N25) -> 28 | P25: =SUM(C25:N25) -> 75 | R25: 2200-2300 | S25: =SUM(C70:C73) -> 4 | T25: =SUM(D70:D73) -> 5 | U25: =SUM(E70:E73) -> 6 | V25: =SUM(F70:F73) -> 5 | W25: =SUM(G70:G73) -> 0 | X25: =SUM(H70:H73) -> 1 | Y25: =SUM(I70:I73) -> 3 | Z25: =SUM(J70:J73) -> 8 | ... AF25: =SUM(P70:P73) -> 78
B26: 11.00 - 11.15 | C26: 2 | D26: 1 | E26: 1 | F26: 4 | G26: 0 | H26: 0 | I26: 0 | J26: 0 | K26: 2 | L26: 0 | M26: 38 | N26: 0 | O26: =SUM(C26:L26,N26) -> 10 | P26: =SUM(C26:N26) -> 48 | R26: 2300-0000 | S26: =SUM(C74:C77) -> 5 | T26: =SUM(D74:D77) -> 4 | U26: =SUM(E74:E77) -> 5 | V26: =SUM(F74:F77) -> 1 | W26: =SUM(G74:G77) -> 2 | X26: =SUM(H74:H77) -> 1 | Y26: =SUM(I74:I77) -> 1 | Z26: =SUM(J74:J77) -> 6 | ... AF26: =SUM(P74:P77) -> 53
B27: 11.15 - 11.30 | C27: 4 | D27: 1 | E27: 2 | F27: 7 | G27: 0 | H27: 0 | I27: 1 | J27: 0 | K27: 3 | L27: 1 | M27: 64 | N27: 0 | O27: =SUM(C27:L27,N27) -> 19 | P27: =SUM(C27:N27) -> 83 | R27: 0000-0100 | S27: =SUM(C78:C81) -> 4 | T27: =SUM(D78:D81) -> 0 | U27: =SUM(E78:E81) -> 1 | V27: =SUM(F78:F81) -> 4 | W27: =SUM(G78:G81) -> 0 | X27: =SUM(H78:H81) -> 3 | Y27: =SUM(I78:I81) -> 0 | Z27: =SUM(J78:J81) -> 8 | ... AF27: =SUM(P78:P81) -> 36
B28: 11.30 - 11.45 | C28: 5 | D28: 2 | E28: 2 | F28: 4 | G28: 0 | H28: 0 | I28: 0 | J28: 0 | K28: 2 | L28: 1 | M28: 28 | N28: 0 | O28: =SUM(C28:L28,N28) -> 16 | P28: =SUM(C28:N28) -> 44 | R28: 0100-0200 | S28: =SUM(C82:C85) -> 0 | T28: =SUM(D82:D85) -> 0 | U28: =SUM(E82:E85) -> 0 | V28: =SUM(F82:F85) -> 0 | W28: =SUM(G82:G85) -> 0 | X28: =SUM(H82:H85) -> 1 | Y28: =SUM(I82:I85) -> 0 | Z28: =SUM(J82:J85) -> 0 | ... AF28: =SUM(P82:P85) -> 14
B29: 11.45 - 12.00 | C29: 8 | D29: 2 | E29: 4 | F29: 7 | G29: 0 | H29: 1 | I29: 0 | J29: 1 | K29: 3 | L29: 3 | M29: 47 | N29: 0 | O29: =SUM(C29:L29,N29) -> 29 | P29: =SUM(C29:N29) -> 76 | R29: 0200-0300 | S29: =SUM(C86:C89) -> 0 | T29: =SUM(D86:D89) -> 0 | U29: =SUM(E86:E89) -> 0 | V29: =SUM(F86:F89) -> 1 | W29: =SUM(G86:G89) -> 0 | X29: =SUM(H86:H89) -> 0 | Y29: =SUM(I86:I89) -> 0 | Z29: =SUM(J86:J89) -> 0 | ... AF29: =SUM(P86:P89) -> 3
B30: 12.00 - 12.15 | C30: 4 | D30: 2 | E30: 3 | F30: 2 | G30: 0 | H30: 0 | I30: 0 | J30: 3 | K30: 4 | L30: 0 | M30: 41 | N30: 0 | O30: =SUM(C30:L30,N30) -> 18 | P30: =SUM(C30:N30) -> 59 | R30: 0300-0400 | S30: =SUM(C90:C93) -> 0 | T30: =SUM(D90:D93) -> 0 | U30: =SUM(E90:E93) -> 0 | V30: =SUM(F90:F93) -> 1 | W30: =SUM(G90:G93) -> 0 | X30: =SUM(H90:H93) -> 0 | Y30: =SUM(I90:I93) -> 0 | Z30: =SUM(J90:J93) -> 1 | ... AF30: =SUM(P90:P93) -> 2
B31: 12.15 - 12.30 | C31: 7 | D31: 4 | E31: 5 | F31: 4 | G31: 0 | H31: 0 | I31: 0 | J31: 5 | K31: 6 | L31: 1 | M31: 68 | N31: 0 | O31: =SUM(C31:L31,N31) -> 32 | P31: =SUM(C31:N31) -> 100 | R31: 0400-0500 | S31: =SUM(C94:C97) -> 0 | T31: =SUM(D94:D97) -> 0 | U31: =SUM(E94:E97) -> 0 | V31: =SUM(F94:F97) -> 0 | W31: =SUM(G94:G97) -> 0 | X31: =SUM(H94:H97) -> 0 | Y31: =SUM(I94:I97) -> 0 | Z31: =SUM(J94:J97) -> 0 | ... AF31: =SUM(P94:P97) -> 1
B32: 12.30 - 12.45 | C32: 2 | D32: 1 | E32: 2 | F32: 2 | G32: 0 | H32: 0 | I32: 1 | J32: 2 | K32: 2 | L32: 2 | M32: 26 | N32: 0 | O32: =SUM(C32:L32,N32) -> 14 | P32: =SUM(C32:N32) -> 40 | R32: 0500-0600 | S32: =SUM(C98:C101) -> 4 | T32: =SUM(D98:D101) -> 0 | U32: =SUM(E98:E101) -> 2 | V32: =SUM(F98:F101) -> 6 | W32: =SUM(G98:G101) -> 0 | X32: =SUM(H98:H101) -> 0 | Y32: =SUM(I98:I101) -> 0 | Z32: =SUM(J98:J101) -> 0 | ... AF32: =SUM(P98:P101) -> 24
B33: 12.45 - 13.00 | C33: 3 | D33: 2 | E33: 3 | F33: 3 | G33: 0 | H33: 0 | I33: 2 | J33: 4 | K33: 3 | L33: 3 | M33: 44 | N33: 0 | O33: =SUM(C33:L33,N33) -> 23 | P33: =SUM(C33:N33) -> 67 | R33: 0600-0700 | S33: =SUM(C102:C105) -> 11 | T33: =SUM(D102:D105) -> 1 | U33: =SUM(E102:E105) -> 3 | V33: =SUM(F102:F105) -> 6 | W33: =SUM(G102:G105) -> 0 | X33: =SUM(H102:H105) -> 0 | Y33: =SUM(I102:I105) -> 0 | Z33: =SUM(J102:J105) -> 0 | ... AF33: =SUM(P102:P105) -> 37
B34: 13.00 - 13.15 | C34: 2 | D34: 1 | E34: 2 | F34: 2 | G34: 0 | H34: 0 | I34: 2 | J34: 0 | K34: 3 | L34: 2 | M34: 4 | N34: 0 | O34: =SUM(C34:L34,N34) -> 14 | P34: =SUM(C34:N34) -> 18 | R34: AM Peak Hr | S34: =MAX(S10:S12) -> 22 | T34: =MAX(T10:T12) -> 4 | U34: =MAX(U10:U12) -> 7 | V34: =MAX(V10:V12) -> 13 | W34: =MAX(W10:W12) -> 6 | X34: =MAX(X10:X12) -> 2 | Y34: =MAX(Y10:Y12) -> 6 | Z34: =MAX(Z10:Z12) -> 5 | ... AF34: =MAX(AF10:AF12) -> 264
B35: 13.15 - 13.30 | C35: 4 | D35: 2 | E35: 3 | F35: 3 | G35: 0 | H35: 0 | I35: 3 | J35: 0 | K35: 5 | L35: 4 | M35: 6 | N35: 0 | O35: =SUM(C35:L35,N35) -> 24 | P35: =SUM(C35:N35) -> 30 | R35: IP Peak Hr | S35: =MAX(S13:S18) -> 29 | T35: =MAX(T13:T18) -> 9 | U35: =MAX(U13:U18) -> 13 | V35: =MAX(V13:V18) -> 22 | W35: =MAX(W13:W18) -> 0 | X35: =MAX(X13:X18) -> 1 | Y35: =MAX(Y13:Y18) -> 8 | Z35: =MAX(Z13:Z18) -> 14 | ... AF35: =MAX(AF13:AF18) -> 281
B36: 13.30 - 13.45 | C36: 6 | D36: 1 | E36: 2 | F36: 3 | G36: 0 | H36: 0 | I36: 1 | J36: 1 | K36: 0 | L36: 1 | M36: 39 | N36: 0 | O36: =SUM(C36:L36,N36) -> 15 | P36: =SUM(C36:N36) -> 54 | R36: PM Peak Hr | S36: =MAX(S19:S21) -> 49 | T36: =MAX(T19:T21) -> 16 | U36: =MAX(U19:U21) -> 23 | V36: =MAX(V19:V21) -> 16 | W36: =MAX(W19:W21) -> 1 | X36: =MAX(X19:X21) -> 0 | Y36: =MAX(Y19:Y21) -> 12 | Z36: =MAX(Z19:Z21) -> 13 | ... AF36: =MAX(AF19:AF21) -> 384
B37: 13.45 - 14.00 | C37: 11 | D37: 2 | E37: 3 | F37: 5 | G37: 0 | H37: 0 | I37: 2 | J37: 2 | K37: 1 | L37: 2 | M37: 65 | N37: 0 | O37: =SUM(C37:L37,N37) -> 28 | P37: =SUM(C37:N37) -> 93 | R37: AM Period | S37: =SUM(S10:S12) -> 36 | T37: =SUM(T10:T12) -> 5 | U37: =SUM(U10:U12) -> 10 | V37: =SUM(V10:V12) -> 30 | W37: =SUM(W10:W12) -> 6 | X37: =SUM(X10:X12) -> 2 | Y37: =SUM(Y10:Y12) -> 7 | Z37: =SUM(Z10:Z12) -> 7 | ... AF37: =SUM(AF10:AF12) -> 475
B38: 14.00 - 14.15 | C38: 5 | D38: 1 | E38: 1 | F38: 2 | G38: 0 | H38: 0 | I38: 1 | J38: 0 | K38: 0 | L38: 0 | M38: 37 | N38: 0 | O38: =SUM(C38:L38,N38) -> 10 | P38: =SUM(C38:N38) -> 47 | R38: IP Period | S38: =SUM(S13:S18) -> 127 | T38: =SUM(T13:T18) -> 42 | U38: =SUM(U13:U18) -> 61 | V38: =SUM(V13:V18) -> 95 | W38: =SUM(W13:W18) -> 0 | X38: =SUM(X13:X18) -> 1 | Y38: =SUM(Y13:Y18) -> 30 | Z38: =SUM(Z13:Z18) -> 25 | ... AF38: =SUM(AF13:AF18) -> 1469
B39: 14.15 - 14.30 | C39: 8 | D39: 2 | E39: 2 | F39: 4 | G39: 0 | H39: 0 | I39: 2 | J39: 0 | K39: 1 | L39: 1 | M39: 62 | N39: 0 | O39: =SUM(C39:L39,N39) -> 20 | P39: =SUM(C39:N39) -> 82 | R39: PM Period | S39: =SUM(S19:S21) -> 119 | T39: =SUM(T19:T21) -> 37 | U39: =SUM(U19:U21) -> 55 | V39: =SUM(V19:V21) -> 44 | W39: =SUM(W19:W21) -> 1 | X39: =SUM(X19:X21) -> 0 | Y39: =SUM(Y19:Y21) -> 28 | Z39: =SUM(Z19:Z21) -> 30 | ... AF39: =SUM(AF19:AF21) -> 914
B40: 14.30 - 14.45 | C40: 6 | D40: 2 | E40: 2 | F40: 4 | G40: 0 | H40: 0 | I40: 1 | J40: 2 | K40: 4 | L40: 1 | M40: 26 | N40: 0 | O40: =SUM(C40:L40,N40) -> 22 | P40: =SUM(C40:N40) -> 48 | R40: 12 Hours | S40: =SUM(S10:S21) -> 282 | T40: =SUM(T10:T21) -> 84 | U40: =SUM(U10:U21) -> 126 | V40: =SUM(V10:V21) -> 169 | W40: =SUM(W10:W21) -> 7 | X40: =SUM(X10:X21) -> 3 | Y40: =SUM(Y10:Y21) -> 65 | Z40: =SUM(Z10:Z21) -> 62 | ... AF40: =SUM(AF10:AF21) -> 2858
B41: 14.45 - 15.00 | C41: 10 | D41: 3 | E41: 4 | F41: 6 | G41: 0 | H41: 0 | I41: 2 | J41: 4 | K41: 7 | L41: 2 | M41: 66 | N41: 0 | O41: =SUM(C41:L41,N41) -> 38 | P41: =SUM(C41:N41) -> 104 | R41: 24 Hrs/ADT | S41: =SUM(S10:S33) -> 370 | T41: =SUM(T10:T33) -> 116 | U41: =SUM(U10:U33) -> 177 | V41: =SUM(V10:V33) -> 237 | W41: =SUM(W10:W33) -> 16 | X41: =SUM(X10:X33) -> 16 | Y41: =SUM(Y10:Y33) -> 71 | Z41: =SUM(Z10:Z33) -> 99 | ... AF41: =SUM(AF10:AF33) -> 3644
B42: 15.00 - 15.15 | C42: 4 | D42: 1 | E42: 1 | F42: 4 | G42: 0 | H42: 0 | I42: 1 | J42: 0 | K42: 4 | L42: 0 | M42: 34 | N42: 0 | O42: =SUM(C42:L42,N42) -> 15 | P42: =SUM(C42:N42) -> 49 | R42: NEF | S42: =S41/S40 -> 1.3120567 | T42: =T41/T40 -> 1.3809524 | U42: =U41/U40 -> 1.4047619 | V42: =V41/V40 -> 1.4023669 | W42: =W41/W40 -> 2.2857143 | X42: =X41/X40 -> 5.3333333 | Y42: =Y41/Y40 -> 1.0923077 | Z42: =Z41/Z40 -> 1.5967742 | ... AF42: =AF41/AF40 -> 1.2750175
B43: 15.15 - 15.30 | C43: 6 | D43: 1 | E43: 2 | F43: 6 | G43: 0 | H43: 0 | I43: 2 | J43: 1 | K43: 6 | L43: 1 | M43: 56 | N43: 0 | O43: =SUM(C43:L43,N43) -> 25 | P43: =SUM(C43:N43) -> 81
B44: 15.30 - 15.45 | C44: 5 | D44: 2 | E44: 2 | F44: 2 | G44: 0 | H44: 0 | I44: 0 | J44: 0 | K44: 1 | L44: 0 | M44: 29 | N44: 0 | O44: =SUM(C44:L44,N44) -> 12 | P44: =SUM(C44:N44) -> 41
B45: 15.45 - 16.00 | C45: 8 | D45: 2 | E45: 4 | F45: 3 | G45: 0 | H45: 0 | I45: 1 | J45: 0 | K45: 2 | L45: 0 | M45: 49 | N45: 0 | O45: =SUM(C45:L45,N45) -> 20 | P45: =SUM(C45:N45) -> 69
B46: 16.00 - 16.15 | C46: 8 | D46: 2 | E46: 4 | F46: 4 | G46: 0 | H46: 0 | I46: 4 | J46: 4 | K46: 1 | L46: 0 | M46: 15 | N46: 0 | O46: =SUM(C46:L46,N46) -> 27 | P46: =SUM(C46:N46) -> 42
B47: 16.15 -16.30 | C47: 13 | D47: 4 | E47: 6 | F47: 7 | G47: 0 | H47: 0 | I47: 6 | J47: 6 | K47: 2 | L47: 0 | M47: 25 | N47: 0 | O47: =SUM(C47:L47,N47) -> 44 | P47: =SUM(C47:N47) -> 69
B48: 16.30 -16.45 | C48: 5 | D48: 1 | E48: 2 | F48: 2 | G48: 0 | H48: 0 | I48: 0 | J48: 1 | K48: 2 | L48: 0 | M48: 34 | N48: 0 | O48: =SUM(C48:L48,N48) -> 13 | P48: =SUM(C48:N48) -> 47
B49: 16.45 -17.00 | C49: 9 | D49: 2 | E49: 3 | F49: 3 | G49: 1 | H49: 0 | I49: 0 | J49: 2 | K49: 4 | L49: 1 | M49: 56 | N49: 0 | O49: =SUM(C49:L49,N49) -> 25 | P49: =SUM(C49:N49) -> 81
B50: 17.00 -17.15 | C50: 7 | D50: 3 | E50: 4 | F50: 2 | G50: 0 | H50: 0 | I50: 2 | J50: 1 | K50: 4 | L50: 0 | M50: 59 | N50: 0 | O50: =SUM(C50:L50,N50) -> 23 | P50: =SUM(C50:N50) -> 82
B51: 17.15 -17.30 | C51: 12 | D51: 5 | E51: 8 | F51: 4 | G51: 0 | H51: 0 | I51: 4 | J51: 2 | K51: 7 | L51: 0 | M51: 98 | N51: 0 | O51: =SUM(C51:L51,N51) -> 42 | P51: =SUM(C51:N51) -> 140
B52: 17.30 -17.45 | C52: 11 | D52: 3 | E52: 4 | F52: 2 | G52: 0 | H52: 0 | I52: 2 | J52: 2 | K52: 1 | L52: 0 | M52: 34 | N52: 0 | O52: =SUM(C52:L52,N52) -> 25 | P52: =SUM(C52:N52) -> 59
B53: 17.45 -18.00 | C53: 19 | D53: 5 | E53: 7 | F53: 4 | G53: 0 | H53: 0 | I53: 4 | J53: 4 | K53: 2 | L53: 1 | M53: 57 | N53: 0 | O53: =SUM(C53:L53,N53) -> 46 | P53: =SUM(C53:N53) -> 103
B54: 18.00 - 18.15 | C54: 8 | D54: 2 | E54: 2 | F54: 3 | G54: 0 | H54: 0 | I54: 2 | J54: 2 | K54: 0 | L54: 0 | M54: 47 | N54: 0 | O54: =SUM(C54:L54,N54) -> 19 | P54: =SUM(C54:N54) -> 66
... B105: 06.45 - 07.00 | C105: 4 | D105: 0 | E105: 1 | F105: 3 | G105: 0 | H105: 0 | I105: 0 | J105: 0 | K105: 1 | L105: 2 | M105: 4 | N105: 0 | O105: =SUM(C105:L105,N105) -> 11 | P105: =SUM(C105:N105) -> 15
B106: Totals | C106: =SUM(C10:C105) -> 370 | D106: =SUM(D10:D105) -> 116 | E106: =SUM(E10:E105) -> 177 | F106: =SUM(F10:F105) -> 237 | G106: =SUM(G10:G105) -> 16 | H106: =SUM(H10:H105) -> 16 | I106: =SUM(I10:I105) -> 71 | J106: =SUM(J10:J105) -> 99 | ... P106: =SUM(P10:P105) -> 3644
B107: %ges + MCs | C107: =C106/$P$106 -> 0.10153677 | D107: =D106/$P$106 -> 0.03183315 | E107: =E106/$P$106 -> 0.048572997 | F107: =F106/$P$106 -> 0.065038419 | G107: =G106/$P$106 -> 0.0043907794 | H107: =H106/$P$106 -> 0.0043907794 | I107: =I106/$P$106 -> 0.019484083 | J107: =J106/$P$106 -> 0.027167947 | ... N107: =N106/$P$106 -> 0
B108: %ges w/o MCs | C108: =C106/$O$106 -> 0.27529762 | D108: =D106/$O$106 -> 0.086309524 | E108: =E106/$O$106 -> 0.13169643 | F108: =F106/$O$106 -> 0.17633929 | G108: =G106/$O$106 -> 0.011904762 | H108: =H106/$O$106 -> 0.011904762 | I108: =I106/$O$106 -> 0.052827381 | J108: =J106/$O$106 -> 0.073660714 | ... L108: =L106/$O$106 -> 0.048363095 | N108: =N106/$O$106 -> 0

Sheet 08.09 Ishaka-Katungulu-24h
B1: Consultancy services for Preparation of Expressway Development Master Plan (EDMP) for Uganda
B2: MANUAL CLASSIFIED COUNT (MCC)
B3: ROAD NAME: | C3: ='09.09 Ishaka-Katungulu'!C3:G3 -> MCC - C4 - STN104 - ISHAKA KATUNGULU ROAD
C5: Date | D5: 08.09.19 | F5: Location | G5: ='07.09. Katungulu-Ishaka-24h'!G5:H5 -> Rubirizi | J5: Surveyor | K5: ='07.09. Katungulu-Ishaka-24h'!K5:L5 -> xxx
C6: Dir. From | D6: ='09.09 Ishaka-Katungulu'!D6:E6 -> Ishaka | F6: Dir. To | G6: ='09.09 Ishaka-Katungulu'!G6:H6 -> Katungulu | J6: Supervisor | K6: ='07.09. Katungulu-Ishaka-24h'!K6:L6 -> xxx
B8: Time / Veh Type | R8: SUMMARY TRAFFIC VOLUMES
C9: 1. Car | D9: 2. Station Wagon | E9: 3. Pickups | F9: 4. Minibus, matatu | G9: 5. Medium bus | H9: 6. Large Bus | I9: 7. Light Truck | J9: 8. Medium Truck | K9: 9. Heavy truck | L9: 10. Truck Trailer | M9: 11. Motor cycles | N9: 12. Tractors | O9: Total Excl M/Cycles | P9: Total All | R9: Time | S9: 1. Car | T9: 2. Station Wagon | U9: 3. Pickups | V9: 4. Minibus, matatu | W9: 5. Medium bus | X9: 6. Large Bus | Y9: 7. Light Truck | Z9: 8. Medium Truck | AA9: 9. Heavy truck | AB9: 10. Truck Trailer | AC9: 11. Motorcycles | AD9: 12. Tractors, Graders | AE9: Total Excl M/ Cycles | AF9: Total All
B10: 07.00 - 07.15 | C10: 2 | D10: =ROUND((0.4*E10),0) -> 0 | E10: 1 | F10: 0 | G10: 0 | H10: 0 | I10: 0 | J10: 0 | K10: 0 | L10: 0 | M10: 8 | N10: 0 | O10: =SUM(C10:L10,N10) -> 3 | P10: =SUM(C10:N10) -> 11 | R10: 0700-0800 | S10: =SUM(C10:C13) -> 8 | T10: =SUM(D10:D13) -> 1 | U10: =SUM(E10:E13) -> 5 | V10: =SUM(F10:F13) -> 6 | W10: =SUM(G10:G13) -> 0 | X10: =SUM(H10:H13) -> 0 | Y10: =SUM(I10:I13) -> 0 | Z10: =SUM(J10:J13) -> 3 | ... AF10: =SUM(P10:P13) -> 149
B11: 07.15 - 07.30 | C11: 6 | D11: =ROUND((0.4*E11),0) -> 1 | E11: 3 | F11: 0 | G11: 0 | H11: 0 | I11: 0 | J11: 0 | K11: 0 | L11: 1 | M11: 21 | N11: 0 | O11: =SUM(C11:L11,N11) -> 11 | P11: =SUM(C11:N11) -> 32 | R11: 0800-0900 | S11: =SUM(C14:C17) -> 14 | T11: =SUM(D14:D17) -> 3 | U11: =SUM(E14:E17) -> 8 | V11: =SUM(F14:F17) -> 11 | W11: =SUM(G14:G17) -> 0 | X11: =SUM(H14:H17) -> 0 | Y11: =SUM(I14:I17) -> 1 | Z11: =SUM(J14:J17) -> 7 | ... AF11: =SUM(P14:P17) -> 369
B12: 07.30 - 07.45 | C12: 0 | D12: =ROUND((0.4*E12),0) -> 0 | E12: 0 | F12: 2 | G12: 0 | H12: 0 | I12: 0 | J12: 1 | K12: 0 | L12: 0 | M12: 27 | N12: 0 | O12: =SUM(C12:L12,N12) -> 3 | P12: =SUM(C12:N12) -> 30 | R12: 0900-1000 | S12: =SUM(C18:C21) -> 23 | T12: =SUM(D18:D21) -> 2 | U12: =SUM(E18:E21) -> 7 | V12: =SUM(F18:F21) -> 7 | W12: =SUM(G18:G21) -> 0 | X12: =SUM(H18:H21) -> 3 | Y12: =SUM(I18:I21) -> 2 | Z12: =SUM(J18:J21) -> 6 | ... AF12: =SUM(P18:P21) -> 311
B13: 07.45 - 08.00 | C13: 0 | D13: =ROUND((0.4*E13),0) -> 0 | E13: 1 | F13: 4 | G13: 0 | H13: 0 | I13: 0 | J13: 2 | K13: 1 | L13: 1 | M13: 67 | N13: 0 | O13: =SUM(C13:L13,N13) -> 9 | P13: =SUM(C13:N13) -> 76 | R13: 1000-1100 | S13: =SUM(C22:C25) -> 22 | T13: =SUM(D22:D25) -> 10 | U13: =SUM(E22:E25) -> 25 | V13: =SUM(F22:F25) -> 11 | W13: =SUM(G22:G25) -> 0 | X13: =SUM(H22:H25) -> 0 | Y13: =SUM(I22:I25) -> 0 | Z13: =SUM(J22:J25) -> 8 | ... AF13: =SUM(P22:P25) -> 321
B14: 08.00 - 08.15 | C14: 2 | D14: =ROUND((0.4*E14),0) -> 0 | E14: 0 | F14: 2 | G14: 0 | H14: 0 | I14: 0 | J14: 2 | K14: 4 | L14: 1 | M14: 41 | N14: 0 | O14: =SUM(C14:L14,N14) -> 11 | P14: =SUM(C14:N14) -> 52 | R14: 1100-1200 | S14: =SUM(C26:C29) -> 19 | T14: =SUM(D26:D29) -> 7 | U14: =SUM(E26:E29) -> 18 | V14: =SUM(F26:F29) -> 8 | W14: =SUM(G26:G29) -> 0 | X14: =SUM(H26:H29) -> 0 | Y14: =SUM(I26:I29) -> 2 | Z14: =SUM(J26:J29) -> 2 | ... AF14: =SUM(P26:P29) -> 290
B15: 08.15 - 08.30 | C15: 6 | D15: =ROUND((0.4*E15),0) -> 0 | E15: 1 | F15: 5 | G15: 0 | H15: 0 | I15: 0 | J15: 4 | K15: 9 | L15: 2 | M15: 103 | N15: 0 | O15: =SUM(C15:L15,N15) -> 27 | P15: =SUM(C15:N15) -> 130 | R15: 1200-1300 | S15: =SUM(C30:C33) -> 27 | T15: =SUM(D30:D33) -> 7 | U15: =SUM(E30:E33) -> 19 | V15: =SUM(F30:F33) -> 17 | W15: =SUM(G30:G33) -> 0 | X15: =SUM(H30:H33) -> 0 | Y15: =SUM(I30:I33) -> 4 | Z15: =SUM(J30:J33) -> 2 | ... AF15: =SUM(P30:P33) -> 351
B16: 08.30 - 08.45 | C16: 2 | D16: =ROUND((0.4*E16),0) -> 1 | E16: 2 | F16: 1 | G16: 0 | H16: 0 | I16: 0 | J16: 0 | K16: 2 | L16: 1 | M16: 44 | N16: 0 | O16: =SUM(C16:L16,N16) -> 9 | P16: =SUM(C16:N16) -> 53 | R16: 1300-1400 | S16: =SUM(C34:C37) -> 38 | T16: =SUM(D34:D37) -> 3 | U16: =SUM(E34:E37) -> 9 | V16: =SUM(F34:F37) -> 12 | W16: =SUM(G34:G37) -> 0 | X16: =SUM(H34:H37) -> 1 | Y16: =SUM(I34:I37) -> 1 | Z16: =SUM(J34:J37) -> 11 | ... AF16: =SUM(P34:P37) -> 410
B17: 08.45 - 9.00 | C17: 4 | D17: =ROUND((0.4*E17),0) -> 2 | E17: 5 | F17: 3 | G17: 0 | H17: 0 | I17: 1 | J17: 1 | K17: 5 | L17: 3 | M17: 110 | N17: 0 | O17: =SUM(C17:L17,N17) -> 24 | P17: =SUM(C17:N17) -> 134 | R17: 1400-1500 | S17: =SUM(C38:C41) -> 11 | T17: =SUM(D38:D41) -> 2 | U17: =SUM(E38:E41) -> 7 | V17: =SUM(F38:F41) -> 14 | W17: =SUM(G38:G41) -> 0 | X17: =SUM(H38:H41) -> 0 | Y17: =SUM(I38:I41) -> 4 | Z17: =SUM(J38:J41) -> 2 | ... AF17: =SUM(P38:P41) -> 253
B18: 09.00 - 09.15 | C18: 4 | D18: =ROUND((0.4*E18),0) -> 0 | E18: 1 | F18: 2 | G18: 0 | H18: 1 | I18: 0 | J18: 1 | K18: 1 | L18: 0 | M18: 38 | N18: 0 | O18: =SUM(C18:L18,N18) -> 10 | P18: =SUM(C18:N18) -> 48 | R18: 1500-1600 | S18: =SUM(C42:C45) -> 21 | T18: =SUM(D42:D45) -> 6 | U18: =SUM(E42:E45) -> 13 | V18: =SUM(F42:F45) -> 13 | W18: =SUM(G42:G45) -> 0 | X18: =SUM(H42:H45) -> 0 | Y18: =SUM(I42:I45) -> 3 | Z18: =SUM(J42:J45) -> 7 | ... AF18: =SUM(P42:P45) -> 316
B19: 09.15 - 09.30 | C19: 11 | D19: =ROUND((0.4*E19),0) -> 1 | E19: 2 | F19: 4 | G19: 0 | H19: 2 | I19: 1 | J19: 2 | K19: 3 | L19: 0 | M19: 94 | N19: 0 | O19: =SUM(C19:L19,N19) -> 26 | P19: =SUM(C19:N19) -> 120 | R19: 1600-1700 | S19: =SUM(C46:C49) -> 14 | T19: =SUM(D46:D49) -> 6 | U19: =SUM(E46:E49) -> 15 | V19: =SUM(F46:F49) -> 10 | W19: =SUM(G46:G49) -> 0 | X19: =SUM(H46:H49) -> 0 | Y19: =SUM(I46:I49) -> 1 | Z19: =SUM(J46:J49) -> 1 | ... AF19: =SUM(P46:P49) -> 263
B20: 09.30 - 09.45 | C20: 2 | D20: =ROUND((0.4*E20),0) -> 0 | E20: 1 | F20: 0 | G20: 0 | H20: 0 | I20: 0 | J20: 1 | K20: 2 | L20: 0 | M20: 34 | N20: 0 | O20: =SUM(C20:L20,N20) -> 6 | P20: =SUM(C20:N20) -> 40 | R20: 1700-1800 | S20: =SUM(C50:C53) -> 24 | T20: =SUM(D50:D53) -> 0 | U20: =SUM(E50:E53) -> 2 | V20: =SUM(F50:F53) -> 10 | W20: =SUM(G50:G53) -> 0 | X20: =SUM(H50:H53) -> 0 | Y20: =SUM(I50:I53) -> 4 | Z20: =SUM(J50:J53) -> 5 | ... AF20: =SUM(P50:P53) -> 344
B21: 09.45 - 10.00 | C21: 6 | D21: =ROUND((0.4*E21),0) -> 1 | E21: 3 | F21: 1 | G21: 0 | H21: 0 | I21: 1 | J21: 2 | K21: 4 | L21: 1 | M21: 84 | N21: 0 | O21: =SUM(C21:L21,N21) -> 19 | P21: =SUM(C21:N21) -> 103 | R21: 1800-1900 | S21: =SUM(C54:C57) -> 20 | T21: =SUM(D54:D57) -> 6 | U21: =SUM(E54:E57) -> 13 | V21: =SUM(F54:F57) -> 14 | W21: =SUM(G54:G57) -> 0 | X21: =SUM(H54:H57) -> 1 | Y21: =SUM(I54:I57) -> 3 | Z21: =SUM(J54:J57) -> 4 | ... AF21: =SUM(P54:P57) -> 302
B22: 10.00 - 10.15 | C22: 2 | D22: =ROUND((0.4*E22),0) -> 1 | E22: 3 | F22: 1 | G22: 0 | H22: 0 | I22: 0 | J22: 0 | K22: 2 | L22: 1 | M22: 32 | N22: 0 | O22: =SUM(C22:L22,N22) -> 10 | P22: =SUM(C22:N22) -> 42 | R22: 1900-2000 | S22: =SUM(C58:C61) -> 16 | T22: =SUM(D58:D61) -> 14 | U22: =SUM(E58:E61) -> 36 | V22: =SUM(F58:F61) -> 6 | W22: =SUM(G58:G61) -> 0 | X22: =SUM(H58:H61) -> 0 | Y22: =SUM(I58:I61) -> 2 | Z22: =SUM(J58:J61) -> 0 | ... AF22: =SUM(P58:P61) -> 309
B23: 10.15 - 10.30 | C23: 6 | D23: =ROUND((0.4*E23),0) -> 3 | E23: 8 | F23: 2 | G23: 0 | H23: 0 | I23: 0 | J23: 1 | K23: 4 | L23: 2 | M23: 81 | N23: 0 | O23: =SUM(C23:L23,N23) -> 26 | P23: =SUM(C23:N23) -> 107 | R23: 2000-2100 | S23: =SUM(C62:C65) -> 18 | T23: =SUM(D62:D65) -> 4 | U23: =SUM(E62:E65) -> 11 | V23: =SUM(F62:F65) -> 9 | W23: =SUM(G62:G65) -> 1 | X23: =SUM(H62:H65) -> 0 | Y23: =SUM(I62:I65) -> 3 | Z23: =SUM(J62:J65) -> 4 | ... AF23: =SUM(P62:P65) -> 185
B24: 10.30 - 10.45 | C24: 4 | D24: =ROUND((0.4*E24),0) -> 2 | E24: 4 | F24: 2 | G24: 0 | H24: 0 | I24: 0 | J24: 2 | K24: 1 | L24: 0 | M24: 34 | N24: 0 | O24: =SUM(C24:L24,N24) -> 15 | P24: =SUM(C24:N24) -> 49 | R24: 2100-2200 | S24: =SUM(C66:C69) -> 12 | T24: =SUM(D66:D69) -> 7 | U24: =SUM(E66:E69) -> 17 | V24: =SUM(F66:F69) -> 9 | W24: =SUM(G66:G69) -> 0 | X24: =SUM(H66:H69) -> 0 | Y24: =SUM(I66:I69) -> 1 | Z24: =SUM(J66:J69) -> 0 | ... AF24: =SUM(P66:P69) -> 97
B25: 10.45 - 11.00 | C25: 10 | D25: =ROUND((0.4*E25),0) -> 4 | E25: 10 | F25: 6 | G25: 0 | H25: 0 | I25: 0 | J25: 5 | K25: 2 | L25: 0 | M25: 86 | N25: 0 | O25: =SUM(C25:L25,N25) -> 37 | P25: =SUM(C25:N25) -> 123 | R25: 2200-2300 | S25: =SUM(C70:C73) -> 8 | T25: =SUM(D70:D73) -> 7 | U25: =SUM(E70:E73) -> 16 | V25: =SUM(F70:F73) -> 7 | W25: =SUM(G70:G73) -> 1 | X25: =SUM(H70:H73) -> 1 | Y25: =SUM(I70:I73) -> 1 | Z25: =SUM(J70:J73) -> 3 | ... AF25: =SUM(P70:P73) -> 74
B26: 11.00 - 11.15 | C26: 2 | D26: =ROUND((0.4*E26),0) -> 1 | E26: 3 | F26: 1 | G26: 0 | H26: 0 | I26: 0 | J26: 0 | K26: 0 | L26: 1 | M26: 32 | N26: 0 | O26: =SUM(C26:L26,N26) -> 8 | P26: =SUM(C26:N26) -> 40 | R26: 2300-0000 | S26: =SUM(C74:C77) -> 4 | T26: =SUM(D74:D77) -> 1 | U26: =SUM(E74:E77) -> 4 | V26: =SUM(F74:F77) -> 5 | W26: =SUM(G74:G77) -> 0 | X26: =SUM(H74:H77) -> 0 | Y26: =SUM(I74:I77) -> 0 | Z26: =SUM(J74:J77) -> 0 | ... AF26: =SUM(P74:P77) -> 35
B27: 11.15 - 11.30 | C27: 6 | D27: =ROUND((0.4*E27),0) -> 3 | E27: 8 | F27: 3 | G27: 0 | H27: 0 | I27: 1 | J27: 1 | K27: 0 | L27: 3 | M27: 81 | N27: 0 | O27: =SUM(C27:L27,N27) -> 25 | P27: =SUM(C27:N27) -> 106 | R27: 0000-0100 | S27: =SUM(C78:C81) -> 1 | T27: =SUM(D78:D81) -> 1 | U27: =SUM(E78:E81) -> 4 | V27: =SUM(F78:F81) -> 4 | W27: =SUM(G78:G81) -> 0 | X27: =SUM(H78:H81) -> 0 | Y27: =SUM(I78:I81) -> 3 | Z27: =SUM(J78:J81) -> 3 | ... AF27: =SUM(P78:P81) -> 25
B28: 11.30 - 11.45 | C28: 3 | D28: =ROUND((0.4*E28),0) -> 1 | E28: 2 | F28: 1 | G28: 0 | H28: 0 | I28: 0 | J28: 0 | K28: 0 | L28: 0 | M28: 33 | N28: 0 | O28: =SUM(C28:L28,N28) -> 7 | P28: =SUM(C28:N28) -> 40 | R28: 0100-0200 | S28: =SUM(C82:C85) -> 2 | T28: =SUM(D82:D85) -> 1 | U28: =SUM(E82:E85) -> 4 | V28: =SUM(F82:F85) -> 0 | W28: =SUM(G82:G85) -> 0 | X28: =SUM(H82:H85) -> 0 | Y28: =SUM(I82:I85) -> 0 | Z28: =SUM(J82:J85) -> 1 | ... AF28: =SUM(P82:P85) -> 15
B29: 11.45 - 12.00 | C29: 8 | D29: =ROUND((0.4*E29),0) -> 2 | E29: 5 | F29: 3 | G29: 0 | H29: 0 | I29: 1 | J29: 1 | K29: 0 | L29: 1 | M29: 83 | N29: 0 | O29: =SUM(C29:L29,N29) -> 21 | P29: =SUM(C29:N29) -> 104 | R29: 0200-0300 | S29: =SUM(C86:C89) -> 0 | T29: =SUM(D86:D89) -> 0 | U29: =SUM(E86:E89) -> 1 | V29: =SUM(F86:F89) -> 0 | W29: =SUM(G86:G89) -> 0 | X29: =SUM(H86:H89) -> 0 | Y29: =SUM(I86:I89) -> 0 | Z29: =SUM(J86:J89) -> 0 | ... AF29: =SUM(P86:P89) -> 3
B30: 12.00 - 12.15 | C30: 4 | D30: =ROUND((0.4*E30),0) -> 1 | E30: 2 | F30: 3 | G30: 0 | H30: 0 | I30: 1 | J30: 0 | K30: 0 | L30: 1 | M30: 42 | N30: 0 | O30: =SUM(C30:L30,N30) -> 12 | P30: =SUM(C30:N30) -> 54 | R30: 0300-0400 | S30: =SUM(C90:C93) -> 0 | T30: =SUM(D90:D93) -> 0 | U30: =SUM(E90:E93) -> 0 | V30: =SUM(F90:F93) -> 0 | W30: =SUM(G90:G93) -> 0 | X30: =SUM(H90:H93) -> 0 | Y30: =SUM(I90:I93) -> 0 | Z30: =SUM(J90:J93) -> 0 | ... AF30: =SUM(P90:P93) -> 3
B31: 12.15 - 12.30 | C31: 10 | D31: =ROUND((0.4*E31),0) -> 2 | E31: 6 | F31: 7 | G31: 0 | H31: 0 | I31: 2 | J31: 1 | K31: 0 | L31: 2 | M31: 104 | N31: 0 | O31: =SUM(C31:L31,N31) -> 30 | P31: =SUM(C31:N31) -> 134 | R31: 0400-0500 | S31: =SUM(C94:C97) -> 0 | T31: =SUM(D94:D97) -> 0 | U31: =SUM(E94:E97) -> 1 | V31: =SUM(F94:F97) -> 0 | W31: =SUM(G94:G97) -> 0 | X31: =SUM(H94:H97) -> 0 | Y31: =SUM(I94:I97) -> 0 | Z31: =SUM(J94:J97) -> 0 | ... AF31: =SUM(P94:P97) -> 4
B32: 12.30 - 12.45 | C32: 4 | D32: =ROUND((0.4*E32),0) -> 1 | E32: 3 | F32: 2 | G32: 0 | H32: 0 | I32: 0 | J32: 0 | K32: 0 | L32: 1 | M32: 35 | N32: 0 | O32: =SUM(C32:L32,N32) -> 11 | P32: =SUM(C32:N32) -> 46 | R32: 0500-0600 | S32: =SUM(C98:C101) -> 1 | T32: =SUM(D98:D101) -> 0 | U32: =SUM(E98:E101) -> 0 | V32: =SUM(F98:F101) -> 3 | W32: =SUM(G98:G101) -> 0 | X32: =SUM(H98:H101) -> 0 | Y32: =SUM(I98:I101) -> 0 | Z32: =SUM(J98:J101) -> 0 | ... AF32: =SUM(P98:P101) -> 10
B33: 12.45 - 13.00 | C33: 9 | D33: =ROUND((0.4*E33),0) -> 3 | E33: 8 | F33: 5 | G33: 0 | H33: 0 | I33: 1 | J33: 1 | K33: 1 | L33: 2 | M33: 87 | N33: 0 | O33: =SUM(C33:L33,N33) -> 30 | P33: =SUM(C33:N33) -> 117 | R33: 0600-0700 | S33: =SUM(C102:C105) -> 10 | T33: =SUM(D102:D105) -> 2 | U33: =SUM(E102:E105) -> 6 | V33: =SUM(F102:F105) -> 4 | W33: =SUM(G102:G105) -> 0 | X33: =SUM(H102:H105) -> 0 | Y33: =SUM(I102:I105) -> 0 | Z33: =SUM(J102:J105) -> 0 | ... AF33: =SUM(P102:P105) -> 37
B34: 13.00 - 13.15 | C34: 5 | D34: =ROUND((0.4*E34),0) -> 0 | E34: 0 | F34: 2 | G34: 0 | H34: 0 | I34: 0 | J34: 1 | K34: 1 | L34: 0 | M34: 46 | N34: 0 | O34: =SUM(C34:L34,N34) -> 9 | P34: =SUM(C34:N34) -> 55 | R34: AM Peak Hr | S34: =MAX(S10:S12) -> 23 | T34: =MAX(T10:T12) -> 3 | U34: =MAX(U10:U12) -> 8 | V34: =MAX(V10:V12) -> 11 | W34: =MAX(W10:W12) -> 0 | X34: =MAX(X10:X12) -> 3 | Y34: =MAX(Y10:Y12) -> 2 | Z34: =MAX(Z10:Z12) -> 7 | ... AF34: =MAX(AF10:AF12) -> 369
B35: 13.15 - 13.30 | C35: 12 | D35: =ROUND((0.4*E35),0) -> 0 | E35: 1 | F35: 4 | G35: 0 | H35: 0 | I35: 0 | J35: 3 | K35: 2 | L35: 1 | M35: 114 | N35: 0 | O35: =SUM(C35:L35,N35) -> 23 | P35: =SUM(C35:N35) -> 137 | R35: IP Peak Hr | S35: =MAX(S13:S18) -> 38 | T35: =MAX(T13:T18) -> 10 | U35: =MAX(U13:U18) -> 25 | V35: =MAX(V13:V18) -> 17 | W35: =MAX(W13:W18) -> 0 | X35: =MAX(X13:X18) -> 1 | Y35: =MAX(Y13:Y18) -> 4 | Z35: =MAX(Z13:Z18) -> 11 | ... AF35: =MAX(AF13:AF18) -> 410
B36: 13.30 - 13.45 | C36: 6 | D36: =ROUND((0.4*E36),0) -> 1 | E36: 2 | F36: 2 | G36: 0 | H36: 0 | I36: 0 | J36: 2 | K36: 1 | L36: 0 | M36: 48 | N36: 0 | O36: =SUM(C36:L36,N36) -> 14 | P36: =SUM(C36:N36) -> 62 | R36: PM Peak Hr | S36: =MAX(S19:S21) -> 24 | T36: =MAX(T19:T21) -> 6 | U36: =MAX(U19:U21) -> 15 | V36: =MAX(V19:V21) -> 14 | W36: =MAX(W19:W21) -> 0 | X36: =MAX(X19:X21) -> 1 | Y36: =MAX(Y19:Y21) -> 4 | Z36: =MAX(Z19:Z21) -> 5 | ... AF36: =MAX(AF19:AF21) -> 344
B37: 13.45 - 14.00 | C37: 15 | D37: =ROUND((0.4*E37),0) -> 2 | E37: 6 | F37: 4 | G37: 0 | H37: 1 | I37: 1 | J37: 5 | K37: 2 | L37: 1 | M37: 119 | N37: 0 | O37: =SUM(C37:L37,N37) -> 37 | P37: =SUM(C37:N37) -> 156 | R37: AM Period | S37: =SUM(S10:S12) -> 45 | T37: =SUM(T10:T12) -> 6 | U37: =SUM(U10:U12) -> 20 | V37: =SUM(V10:V12) -> 24 | W37: =SUM(W10:W12) -> 0 | X37: =SUM(X10:X12) -> 3 | Y37: =SUM(Y10:Y12) -> 3 | Z37: =SUM(Z10:Z12) -> 16 | ... AF37: =SUM(AF10:AF12) -> 829
B38: 14.00 - 14.15 | C38: 0 | D38: =ROUND((0.4*E38),0) -> 0 | E38: 1 | F38: 3 | G38: 0 | H38: 0 | I38: 0 | J38: 0 | K38: 1 | L38: 1 | M38: 29 | N38: 0 | O38: =SUM(C38:L38,N38) -> 6 | P38: =SUM(C38:N38) -> 35 | R38: IP Period | S38: =SUM(S13:S18) -> 138 | T38: =SUM(T13:T18) -> 35 | U38: =SUM(U13:U18) -> 91 | V38: =SUM(V13:V18) -> 75 | W38: =SUM(W13:W18) -> 0 | X38: =SUM(X13:X18) -> 1 | Y38: =SUM(Y13:Y18) -> 14 | Z38: =SUM(Z13:Z18) -> 32 | ... AF38: =SUM(AF13:AF18) -> 1941
B39: 14.15 - 14.30 | C39: 1 | D39: =ROUND((0.4*E39),0) -> 1 | E39: 2 | F39: 7 | G39: 0 | H39: 0 | I39: 1 | J39: 1 | K39: 2 | L39: 3 | M39: 72 | N39: 0 | O39: =SUM(C39:L39,N39) -> 18 | P39: =SUM(C39:N39) -> 90 | R39: PM Period | S39: =SUM(S19:S21) -> 58 | T39: =SUM(T19:T21) -> 12 | U39: =SUM(U19:U21) -> 30 | V39: =SUM(V19:V21) -> 34 | W39: =SUM(W19:W21) -> 0 | X39: =SUM(X19:X21) -> 1 | Y39: =SUM(Y19:Y21) -> 8 | Z39: =SUM(Z19:Z21) -> 10 | ... AF39: =SUM(AF19:AF21) -> 909
B40: 14.30 - 14.45 | C40: 3 | D40: =ROUND((0.4*E40),0) -> 0 | E40: 1 | F40: 1 | G40: 0 | H40: 0 | I40: 1 | J40: 0 | K40: 0 | L40: 1 | M40: 29 | N40: 0 | O40: =SUM(C40:L40,N40) -> 7 | P40: =SUM(C40:N40) -> 36 | R40: 12 Hours | S40: =SUM(S10:S21) -> 241 | T40: =SUM(T10:T21) -> 53 | U40: =SUM(U10:U21) -> 141 | V40: =SUM(V10:V21) -> 133 | W40: =SUM(W10:W21) -> 0 | X40: =SUM(X10:X21) -> 5 | Y40: =SUM(Y10:Y21) -> 25 | Z40: =SUM(Z10:Z21) -> 58 | ... AF40: =SUM(AF10:AF21) -> 3679
B41: 14.45 - 15.00 | C41: 7 | D41: =ROUND((0.4*E41),0) -> 1 | E41: 3 | F41: 3 | G41: 0 | H41: 0 | I41: 2 | J41: 1 | K41: 1 | L41: 2 | M41: 72 | N41: 0 | O41: =SUM(C41:L41,N41) -> 20 | P41: =SUM(C41:N41) -> 92 | R41: 24 Hrs/ADT | S41: =SUM(S10:S33) -> 313 | T41: =SUM(T10:T33) -> 90 | U41: =SUM(U10:U33) -> 241 | V41: =SUM(V10:V33) -> 180 | W41: =SUM(W10:W33) -> 2 | X41: =SUM(X10:X33) -> 6 | Y41: =SUM(Y10:Y33) -> 35 | Z41: =SUM(Z10:Z33) -> 69 | ... AF41: =SUM(AF10:AF33) -> 4476
B42: 15.00 - 15.15 | C42: 4 | D42: =ROUND((0.4*E42),0) -> 1 | E42: 2 | F42: 2 | G42: 0 | H42: 0 | I42: 1 | J42: 1 | K42: 2 | L42: 0 | M42: 34 | N42: 0 | O42: =SUM(C42:L42,N42) -> 13 | P42: =SUM(C42:N42) -> 47 | R42: NEF | S42: =S41/S40 -> 1.2987552 | T42: =T41/T40 -> 1.6981132 | U42: =U41/U40 -> 1.7092199 | V42: =V41/V40 -> 1.3533835 | W42: =W41/W40 -> #DIV/0! | X42: =X41/X40 -> 1.2 | Y42: =Y41/Y40 -> 1.4 | Z42: =Z41/Z40 -> 1.1896552 | ... AF42: =AF41/AF40 -> 1.216635
B43: 15.15 - 15.30 | C43: 9 | D43: =ROUND((0.4*E43),0) -> 2 | E43: 4 | F43: 5 | G43: 0 | H43: 0 | I43: 2 | J43: 3 | K43: 5 | L43: 0 | M43: 85 | N43: 0 | O43: =SUM(C43:L43,N43) -> 30 | P43: =SUM(C43:N43) -> 115
B44: 15.30 - 15.45 | C44: 2 | D44: =ROUND((0.4*E44),0) -> 1 | E44: 2 | F44: 2 | G44: 0 | H44: 0 | I44: 0 | J44: 1 | K44: 2 | L44: 0 | M44: 34 | N44: 0 | O44: =SUM(C44:L44,N44) -> 10 | P44: =SUM(C44:N44) -> 44
B45: 15.45 - 16.00 | C45: 6 | D45: =ROUND((0.4*E45),0) -> 2 | E45: 5 | F45: 4 | G45: 0 | H45: 0 | I45: 0 | J45: 2 | K45: 4 | L45: 1 | M45: 86 | N45: 0 | O45: =SUM(C45:L45,N45) -> 24 | P45: =SUM(C45:N45) -> 110
B46: 16.00 - 16.15 | C46: 2 | D46: =ROUND((0.4*E46),0) -> 1 | E46: 2 | F46: 1 | G46: 0 | H46: 0 | I46: 0 | J46: 0 | K46: 1 | L46: 1 | M46: 24 | N46: 0 | O46: =SUM(C46:L46,N46) -> 8 | P46: =SUM(C46:N46) -> 32
B47: 16.15 -16.30 | C47: 5 | D47: =ROUND((0.4*E47),0) -> 2 | E47: 5 | F47: 3 | G47: 0 | H47: 0 | I47: 0 | J47: 1 | K47: 2 | L47: 2 | M47: 59 | N47: 0 | O47: =SUM(C47:L47,N47) -> 20 | P47: =SUM(C47:N47) -> 79
B48: 16.30 -16.45 | C48: 2 | D48: =ROUND((0.4*E48),0) -> 1 | E48: 2 | F48: 2 | G48: 0 | H48: 0 | I48: 0 | J48: 0 | K48: 0 | L48: 1 | M48: 35 | N48: 0 | O48: =SUM(C48:L48,N48) -> 8 | P48: =SUM(C48:N48) -> 43
B49: 16.45 -17.00 | C49: 5 | D49: =ROUND((0.4*E49),0) -> 2 | E49: 6 | F49: 4 | G49: 0 | H49: 0 | I49: 1 | J49: 0 | K49: 0 | L49: 3 | M49: 88 | N49: 0 | O49: =SUM(C49:L49,N49) -> 21 | P49: =SUM(C49:N49) -> 109
B50: 17.00 -17.15 | C50: 4 | D50: =ROUND((0.4*E50),0) -> 0 | E50: 0 | F50: 1 | G50: 0 | H50: 0 | I50: 0 | J50: 0 | K50: 1 | L50: 0 | M50: 43 | N50: 0 | O50: =SUM(C50:L50,N50) -> 6 | P50: =SUM(C50:N50) -> 49
B51: 17.15 -17.30 | C51: 9 | D51: =ROUND((0.4*E51),0) -> 0 | E51: 1 | F51: 3 | G51: 0 | H51: 0 | I51: 1 | J51: 1 | K51: 3 | L51: 0 | M51: 108 | N51: 0 | O51: =SUM(C51:L51,N51) -> 18 | P51: =SUM(C51:N51) -> 126
B52: 17.30 -17.45 | C52: 3 | D52: =ROUND((0.4*E52),0) -> 0 | E52: 0 | F52: 2 | G52: 0 | H52: 0 | I52: 1 | J52: 1 | K52: 1 | L52: 0 | M52: 40 | N52: 0 | O52: =SUM(C52:L52,N52) -> 8 | P52: =SUM(C52:N52) -> 48
B53: 17.45 -18.00 | C53: 8 | D53: =ROUND((0.4*E53),0) -> 0 | E53: 1 | F53: 4 | G53: 0 | H53: 0 | I53: 2 | J53: 3 | K53: 3 | L53: 1 | M53: 99 | N53: 0 | O53: =SUM(C53:L53,N53) -> 22 | P53: =SUM(C53:N53) -> 121
B54: 18.00 - 18.15 | C54: 3 | D54: =ROUND((0.4*E54),0) -> 1 | E54: 2 | F54: 2 | G54: 0 | H54: 0 | I54: 1 | J54: 1 | K54: 0 | L54: 0 | M54: 38 | N54: 0 | O54: =SUM(C54:L54,N54) -> 10 | P54: =SUM(C54:N54) -> 48
... B105: 06.45 - 07.00 | C105: 4 | D105: =ROUND((0.4*E105),0) -> 1 | E105: 2 | F105: 1 | G105: 0 | H105: 0 | I105: 0 | J105: 0 | K105: 0 | L105: 3 | M105: 3 | N105: 0 | O105: =SUM(C105:L105,N105) -> 11 | P105: =SUM(C105:N105) -> 14
B106: Totals | C106: =SUM(C10:C105) -> 313 | D106: =SUM(D10:D105) -> 90 | E106: =SUM(E10:E105) -> 241 | F106: =SUM(F10:F105) -> 180 | G106: =SUM(G10:G105) -> 2 | H106: =SUM(H10:H105) -> 6 | I106: =SUM(I10:I105) -> 35 | J106: =SUM(J10:J105) -> 69 | ... P106: =SUM(P10:P105) -> 4476
B107: %ges + MCs | C107: =C106/$P$106 -> 0.069928508 | D107: =D106/$P$106 -> 0.020107239 | E107: =E106/$P$106 -> 0.053842717 | F107: =F106/$P$106 -> 0.040214477 | G107: =G106/$P$106 -> 0.00044682752 | H107: =H106/$P$106 -> 0.0013404826 | I107: =I106/$P$106 -> 0.0078194817 | J107: =J106/$P$106 -> 0.01541555 | ... N107: =N106/$P$106 -> 0
B108: %ges w/o MCs | C108: =C106/$O$106 -> 0.28480437 | D108: =D106/$O$106 -> 0.08189263 | E108: =E106/$O$106 -> 0.21929026 | F108: =F106/$O$106 -> 0.16378526 | G108: =G106/$O$106 -> 0.0018198362 | H108: =H106/$O$106 -> 0.0054595086 | I108: =I106/$O$106 -> 0.031847134 | J108: =J106/$O$106 -> 0.062784349 | ... L108: =L106/$O$106 -> 0.068243858 | N108: =N106/$O$106 -> 0

Sheet 08.09 Katungulu-Ishaka-24h
B1: Consultancy services for Preparation of Expressway Development Master Plan (EDMP) for Uganda
B2: MANUAL CLASSIFIED COUNT (MCC)
B3: ROAD NAME: | C3: ='09.09 Ishaka-Katungulu'!C3:G3 -> MCC - C4 - STN104 - ISHAKA KATUNGULU ROAD
C5: Date | D5: ='08.09 Ishaka-Katungulu-24h'!D5 -> 08.09.19 | F5: Location | G5: ='08.09 Ishaka-Katungulu-24h'!G5:H5 -> Rubirizi | J5: Surveyor | K5: ='08.09 Ishaka-Katungulu-24h'!K5:L5 -> xxx
C6: Dir. From | D6: ='09.09 Katungulu-Ishaka'!D6:E6 -> Katungulu | F6: Dir. To | G6: ='09.09 Katungulu-Ishaka'!G6:H6 -> Ishaka | J6: Supervisor | K6: ='08.09 Ishaka-Katungulu-24h'!K6:L6 -> xxx
B8: Time / Veh Type | R8: SUMMARY TRAFFIC VOLUMES
C9: 1. Car | D9: 2. Station Wagon | E9: 3. Pickups | F9: 4. Minibus, matatu | G9: 5. Medium bus | H9: 6. Large Bus | I9: 7. Light Truck | J9: 8. Medium Truck | K9: 9. Heavy truck | L9: 10. Truck Trailer | M9: 11. Motor cycles | N9: 12. Tractors | O9: Total Excl M/Cycles | P9: Total All | R9: Time | S9: 1. Car | T9: 2. Station Wagon | U9: 3. Pickups | V9: 4. Minibus, matatu | W9: 5. Medium bus | X9: 6. Large Bus | Y9: 7. Light Truck | Z9: 8. Medium Truck | AA9: 9. Heavy truck | AB9: 10. Truck Trailer | AC9: 11. Motorcycles | AD9: 12. Tractors, Graders | AE9: Total Excl M/ Cycles | AF9: Total All
B10: 07.00 - 07.15 | C10: 2 | D10: =ROUND((0.4*E10),0) -> 0 | E10: 0 | F10: 0 | G10: 0 | H10: 0 | I10: 0 | J10: 0 | K10: 0 | L10: 0 | M10: 8 | N10: 0 | O10: =SUM(C10:L10,N10) -> 2 | P10: =SUM(C10:N10) -> 10 | R10: 0700-0800 | S10: =SUM(C10:C13) -> 7 | T10: =SUM(D10:D13) -> 1 | U10: =SUM(E10:E13) -> 3 | V10: =SUM(F10:F13) -> 5 | W10: =SUM(G10:G13) -> 0 | X10: =SUM(H10:H13) -> 0 | Y10: =SUM(I10:I13) -> 0 | Z10: =SUM(J10:J13) -> 0 | ... AF10: =SUM(P10:P13) -> 120
B11: 07.15 - 07.30 | C11: 4 | D11: =ROUND((0.4*E11),0) -> 0 | E11: 0 | F11: 1 | G11: 0 | H11: 0 | I11: 0 | J11: 0 | K11: 0 | L11: 0 | M11: 20 | N11: 0 | O11: =SUM(C11:L11,N11) -> 5 | P11: =SUM(C11:N11) -> 25 | R11: 0800-0900 | S11: =SUM(C14:C17) -> 9 | T11: =SUM(D14:D17) -> 1 | U11: =SUM(E14:E17) -> 5 | V11: =SUM(F14:F17) -> 7 | W11: =SUM(G14:G17) -> 1 | X11: =SUM(H14:H17) -> 0 | Y11: =SUM(I14:I17) -> 5 | Z11: =SUM(J14:J17) -> 7 | ... AF11: =SUM(P14:P17) -> 317
B12: 07.30 - 07.45 | C12: 0 | D12: =ROUND((0.4*E12),0) -> 0 | E12: 1 | F12: 1 | G12: 0 | H12: 0 | I12: 0 | J12: 0 | K12: 0 | L12: 0 | M12: 22 | N12: 0 | O12: =SUM(C12:L12,N12) -> 2 | P12: =SUM(C12:N12) -> 24 | R12: 0900-1000 | S12: =SUM(C18:C21) -> 14 | T12: =SUM(D18:D21) -> 4 | U12: =SUM(E18:E21) -> 11 | V12: =SUM(F18:F21) -> 11 | W12: =SUM(G18:G21) -> 0 | X12: =SUM(H18:H21) -> 2 | Y12: =SUM(I18:I21) -> 6 | Z12: =SUM(J18:J21) -> 1 | ... AF12: =SUM(P18:P21) -> 354
B13: 07.45 - 08.00 | C13: 1 | D13: =ROUND((0.4*E13),0) -> 1 | E13: 2 | F13: 3 | G13: 0 | H13: 0 | I13: 0 | J13: 0 | K13: 0 | L13: 0 | M13: 54 | N13: 0 | O13: =SUM(C13:L13,N13) -> 7 | P13: =SUM(C13:N13) -> 61 | R13: 1000-1100 | S13: =SUM(C22:C25) -> 17 | T13: =SUM(D22:D25) -> 3 | U13: =SUM(E22:E25) -> 7 | V13: =SUM(F22:F25) -> 12 | W13: =SUM(G22:G25) -> 0 | X13: =SUM(H22:H25) -> 1 | Y13: =SUM(I22:I25) -> 0 | Z13: =SUM(J22:J25) -> 4 | ... AF13: =SUM(P22:P25) -> 323
B14: 08.00 - 08.15 | C14: 2 | D14: =ROUND((0.4*E14),0) -> 0 | E14: 1 | F14: 1 | G14: 0 | H14: 0 | I14: 0 | J14: 0 | K14: 0 | L14: 0 | M14: 37 | N14: 0 | O14: =SUM(C14:L14,N14) -> 4 | P14: =SUM(C14:N14) -> 41 | R14: 1100-1200 | S14: =SUM(C26:C29) -> 23 | T14: =SUM(D26:D29) -> 4 | U14: =SUM(E26:E29) -> 11 | V14: =SUM(F26:F29) -> 11 | W14: =SUM(G26:G29) -> 0 | X14: =SUM(H26:H29) -> 0 | Y14: =SUM(I26:I29) -> 1 | Z14: =SUM(J26:J29) -> 4 | ... AF14: =SUM(P26:P29) -> 284
B15: 08.15 - 08.30 | C15: 4 | D15: =ROUND((0.4*E15),0) -> 1 | E15: 3 | F15: 3 | G15: 1 | H15: 0 | I15: 1 | J15: 0 | K15: 0 | L15: 0 | M15: 92 | N15: 0 | O15: =SUM(C15:L15,N15) -> 13 | P15: =SUM(C15:N15) -> 105 | R15: 1200-1300 | S15: =SUM(C30:C33) -> 18 | T15: =SUM(D30:D33) -> 7 | U15: =SUM(E30:E33) -> 17 | V15: =SUM(F30:F33) -> 9 | W15: =SUM(G30:G33) -> 1 | X15: =SUM(H30:H33) -> 0 | Y15: =SUM(I30:I33) -> 2 | Z15: =SUM(J30:J33) -> 4 | ... AF15: =SUM(P30:P33) -> 294
B16: 08.30 - 08.45 | C16: 1 | D16: =ROUND((0.4*E16),0) -> 0 | E16: 0 | F16: 1 | G16: 0 | H16: 0 | I16: 1 | J16: 2 | K16: 0 | L16: 1 | M16: 43 | N16: 0 | O16: =SUM(C16:L16,N16) -> 6 | P16: =SUM(C16:N16) -> 49 | R16: 1300-1400 | S16: =SUM(C34:C37) -> 27 | T16: =SUM(D34:D37) -> 6 | U16: =SUM(E34:E37) -> 14 | V16: =SUM(F34:F37) -> 14 | W16: =SUM(G34:G37) -> 0 | X16: =SUM(H34:H37) -> 0 | Y16: =SUM(I34:I37) -> 4 | Z16: =SUM(J34:J37) -> 2 | ... AF16: =SUM(P34:P37) -> 340
B17: 08.45 - 9.00 | C17: 2 | D17: =ROUND((0.4*E17),0) -> 0 | E17: 1 | F17: 2 | G17: 0 | H17: 0 | I17: 3 | J17: 5 | K17: 0 | L17: 2 | M17: 107 | N17: 0 | O17: =SUM(C17:L17,N17) -> 15 | P17: =SUM(C17:N17) -> 122 | R17: 1400-1500 | S17: =SUM(C38:C41) -> 28 | T17: =SUM(D38:D41) -> 7 | U17: =SUM(E38:E41) -> 16 | V17: =SUM(F38:F41) -> 10 | W17: =SUM(G38:G41) -> 1 | X17: =SUM(H38:H41) -> 0 | Y17: =SUM(I38:I41) -> 2 | Z17: =SUM(J38:J41) -> 4 | ... AF17: =SUM(P38:P41) -> 314
B18: 09.00 - 09.15 | C18: 2 | D18: =ROUND((0.4*E18),0) -> 0 | E18: 1 | F18: 2 | G18: 0 | H18: 0 | I18: 1 | J18: 0 | K18: 0 | L18: 1 | M18: 43 | N18: 0 | O18: =SUM(C18:L18,N18) -> 7 | P18: =SUM(C18:N18) -> 50 | R18: 1500-1600 | S18: =SUM(C42:C45) -> 26 | T18: =SUM(D42:D45) -> 7 | U18: =SUM(E42:E45) -> 16 | V18: =SUM(F42:F45) -> 10 | W18: =SUM(G42:G45) -> 1 | X18: =SUM(H42:H45) -> 3 | Y18: =SUM(I42:I45) -> 6 | Z18: =SUM(J42:J45) -> 3 | ... AF18: =SUM(P42:P45) -> 361
B19: 09.15 - 09.30 | C19: 4 | D19: =ROUND((0.4*E19),0) -> 1 | E19: 2 | F19: 5 | G19: 0 | H19: 1 | I19: 2 | J19: 0 | K19: 1 | L19: 2 | M19: 108 | N19: 0 | O19: =SUM(C19:L19,N19) -> 18 | P19: =SUM(C19:N19) -> 126 | R19: 1600-1700 | S19: =SUM(C46:C49) -> 18 | T19: =SUM(D46:D49) -> 9 | U19: =SUM(E46:E49) -> 22 | V19: =SUM(F46:F49) -> 14 | W19: =SUM(G46:G49) -> 1 | X19: =SUM(H46:H49) -> 3 | Y19: =SUM(I46:I49) -> 4 | Z19: =SUM(J46:J49) -> 1 | ... AF19: =SUM(P46:P49) -> 369
B20: 09.30 - 09.45 | C20: 2 | D20: =ROUND((0.4*E20),0) -> 1 | E20: 2 | F20: 1 | G20: 0 | H20: 0 | I20: 1 | J20: 0 | K20: 1 | L20: 1 | M20: 41 | N20: 0 | O20: =SUM(C20:L20,N20) -> 9 | P20: =SUM(C20:N20) -> 50 | R20: 1700-1800 | S20: =SUM(C50:C53) -> 33 | T20: =SUM(D50:D53) -> 9 | U20: =SUM(E50:E53) -> 21 | V20: =SUM(F50:F53) -> 13 | W20: =SUM(G50:G53) -> 0 | X20: =SUM(H50:H53) -> 0 | Y20: =SUM(I50:I53) -> 9 | Z20: =SUM(J50:J53) -> 3 | ... AF20: =SUM(P50:P53) -> 410
B21: 09.45 - 10.00 | C21: 6 | D21: =ROUND((0.4*E21),0) -> 2 | E21: 6 | F21: 3 | G21: 0 | H21: 1 | I21: 2 | J21: 1 | K21: 2 | L21: 2 | M21: 103 | N21: 0 | O21: =SUM(C21:L21,N21) -> 25 | P21: =SUM(C21:N21) -> 128 | R21: 1800-1900 | S21: =SUM(C54:C57) -> 28 | T21: =SUM(D54:D57) -> 2 | U21: =SUM(E54:E57) -> 7 | V21: =SUM(F54:F57) -> 15 | W21: =SUM(G54:G57) -> 0 | X21: =SUM(H54:H57) -> 0 | Y21: =SUM(I54:I57) -> 7 | Z21: =SUM(J54:J57) -> 4 | ... AF21: =SUM(P54:P57) -> 332
B22: 10.00 - 10.15 | C22: 3 | D22: =ROUND((0.4*E22),0) -> 1 | E22: 2 | F22: 1 | G22: 0 | H22: 0 | I22: 0 | J22: 1 | K22: 2 | L22: 1 | M22: 38 | N22: 0 | O22: =SUM(C22:L22,N22) -> 11 | P22: =SUM(C22:N22) -> 49 | R22: 1900-2000 | S22: =SUM(C58:C61) -> 37 | T22: =SUM(D58:D61) -> 7 | U22: =SUM(E58:E61) -> 18 | V22: =SUM(F58:F61) -> 4 | W22: =SUM(G58:G61) -> 3 | X22: =SUM(H58:H61) -> 0 | Y22: =SUM(I58:I61) -> 5 | Z22: =SUM(J58:J61) -> 3 | ... AF22: =SUM(P58:P61) -> 431
B23: 10.15 - 10.30 | C23: 7 | D23: =ROUND((0.4*E23),0) -> 2 | E23: 4 | F23: 3 | G23: 0 | H23: 1 | I23: 0 | J23: 3 | K23: 4 | L23: 2 | M23: 96 | N23: 0 | O23: =SUM(C23:L23,N23) -> 26 | P23: =SUM(C23:N23) -> 122 | R23: 2000-2100 | S23: =SUM(C62:C65) -> 13 | T23: =SUM(D62:D65) -> 6 | U23: =SUM(E62:E65) -> 15 | V23: =SUM(F62:F65) -> 8 | W23: =SUM(G62:G65) -> 0 | X23: =SUM(H62:H65) -> 0 | Y23: =SUM(I62:I65) -> 3 | Z23: =SUM(J62:J65) -> 13 | ... AF23: =SUM(P62:P65) -> 315
B24: 10.30 - 10.45 | C24: 2 | D24: =ROUND((0.4*E24),0) -> 0 | E24: 0 | F24: 2 | G24: 0 | H24: 0 | I24: 0 | J24: 0 | K24: 1 | L24: 2 | M24: 36 | N24: 0 | O24: =SUM(C24:L24,N24) -> 7 | P24: =SUM(C24:N24) -> 43 | R24: 2100-2200 | S24: =SUM(C66:C69) -> 14 | T24: =SUM(D66:D69) -> 9 | U24: =SUM(E66:E69) -> 20 | V24: =SUM(F66:F69) -> 2 | W24: =SUM(G66:G69) -> 0 | X24: =SUM(H66:H69) -> 0 | Y24: =SUM(I66:I69) -> 0 | Z24: =SUM(J66:J69) -> 1 | ... AF24: =SUM(P66:P69) -> 123
B25: 10.45 - 11.00 | C25: 5 | D25: =ROUND((0.4*E25),0) -> 0 | E25: 1 | F25: 6 | G25: 0 | H25: 0 | I25: 0 | J25: 0 | K25: 3 | L25: 3 | M25: 90 | N25: 1 | O25: =SUM(C25:L25,N25) -> 19 | P25: =SUM(C25:N25) -> 109 | R25: 2200-2300 | S25: =SUM(C70:C73) -> 13 | T25: =SUM(D70:D73) -> 9 | U25: =SUM(E70:E73) -> 20 | V25: =SUM(F70:F73) -> 1 | W25: =SUM(G70:G73) -> 0 | X25: =SUM(H70:H73) -> 0 | Y25: =SUM(I70:I73) -> 0 | Z25: =SUM(J70:J73) -> 4 | ... AF25: =SUM(P70:P73) -> 83
B26: 11.00 - 11.15 | C26: 4 | D26: =ROUND((0.4*E26),0) -> 0 | E26: 1 | F26: 1 | G26: 0 | H26: 0 | I26: 0 | J26: 1 | K26: 3 | L26: 0 | M26: 34 | N26: 0 | O26: =SUM(C26:L26,N26) -> 10 | P26: =SUM(C26:N26) -> 44 | R26: 2300-0000 | S26: =SUM(C74:C77) -> 2 | T26: =SUM(D74:D77) -> 0 | U26: =SUM(E74:E77) -> 1 | V26: =SUM(F74:F77) -> 4 | W26: =SUM(G74:G77) -> 0 | X26: =SUM(H74:H77) -> 1 | Y26: =SUM(I74:I77) -> 1 | Z26: =SUM(J74:J77) -> 0 | ... AF26: =SUM(P74:P77) -> 30
B27: 11.15 - 11.30 | C27: 9 | D27: =ROUND((0.4*E27),0) -> 1 | E27: 2 | F27: 2 | G27: 0 | H27: 0 | I27: 1 | J27: 2 | K27: 7 | L27: 1 | M27: 86 | N27: 0 | O27: =SUM(C27:L27,N27) -> 25 | P27: =SUM(C27:N27) -> 111 | R27: 0000-0100 | S27: =SUM(C78:C81) -> 1 | T27: =SUM(D78:D81) -> 3 | U27: =SUM(E78:E81) -> 6 | V27: =SUM(F78:F81) -> 8 | W27: =SUM(G78:G81) -> 0 | X27: =SUM(H78:H81) -> 1 | Y27: =SUM(I78:I81) -> 0 | Z27: =SUM(J78:J81) -> 2 | ... AF27: =SUM(P78:P81) -> 26
B28: 11.30 - 11.45 | C28: 3 | D28: =ROUND((0.4*E28),0) -> 1 | E28: 2 | F28: 2 | G28: 0 | H28: 0 | I28: 0 | J28: 0 | K28: 1 | L28: 2 | M28: 26 | N28: 0 | O28: =SUM(C28:L28,N28) -> 11 | P28: =SUM(C28:N28) -> 37 | R28: 0100-0200 | S28: =SUM(C82:C85) -> 2 | T28: =SUM(D82:D85) -> 1 | U28: =SUM(E82:E85) -> 4 | V28: =SUM(F82:F85) -> 4 | W28: =SUM(G82:G85) -> 0 | X28: =SUM(H82:H85) -> 0 | Y28: =SUM(I82:I85) -> 0 | Z28: =SUM(J82:J85) -> 3 | ... AF28: =SUM(P82:P85) -> 26
B29: 11.45 - 12.00 | C29: 7 | D29: =ROUND((0.4*E29),0) -> 2 | E29: 6 | F29: 6 | G29: 0 | H29: 0 | I29: 0 | J29: 1 | K29: 2 | L29: 4 | M29: 64 | N29: 0 | O29: =SUM(C29:L29,N29) -> 28 | P29: =SUM(C29:N29) -> 92 | R29: 0200-0300 | S29: =SUM(C86:C89) -> 0 | T29: =SUM(D86:D89) -> 0 | U29: =SUM(E86:E89) -> 1 | V29: =SUM(F86:F89) -> 0 | W29: =SUM(G86:G89) -> 0 | X29: =SUM(H86:H89) -> 0 | Y29: =SUM(I86:I89) -> 0 | Z29: =SUM(J86:J89) -> 0 | ... AF29: =SUM(P86:P89) -> 8
B30: 12.00 - 12.15 | C30: 2 | D30: =ROUND((0.4*E30),0) -> 1 | E30: 2 | F30: 2 | G30: 0 | H30: 0 | I30: 0 | J30: 0 | K30: 0 | L30: 0 | M30: 29 | N30: 0 | O30: =SUM(C30:L30,N30) -> 7 | P30: =SUM(C30:N30) -> 36 | R30: 0300-0400 | S30: =SUM(C90:C93) -> 0 | T30: =SUM(D90:D93) -> 0 | U30: =SUM(E90:E93) -> 0 | V30: =SUM(F90:F93) -> 0 | W30: =SUM(G90:G93) -> 0 | X30: =SUM(H90:H93) -> 0 | Y30: =SUM(I90:I93) -> 0 | Z30: =SUM(J90:J93) -> 0 | ... AF30: =SUM(P90:P93) -> 1
B31: 12.15 - 12.30 | C31: 6 | D31: =ROUND((0.4*E31),0) -> 2 | E31: 4 | F31: 4 | G31: 0 | H31: 0 | I31: 1 | J31: 0 | K31: 0 | L31: 1 | M31: 73 | N31: 0 | O31: =SUM(C31:L31,N31) -> 18 | P31: =SUM(C31:N31) -> 91 | R31: 0400-0500 | S31: =SUM(C94:C97) -> 4 | T31: =SUM(D94:D97) -> 0 | U31: =SUM(E94:E97) -> 0 | V31: =SUM(F94:F97) -> 0 | W31: =SUM(G94:G97) -> 0 | X31: =SUM(H94:H97) -> 0 | Y31: =SUM(I94:I97) -> 0 | Z31: =SUM(J94:J97) -> 0 | ... AF31: =SUM(P94:P97) -> 9
B32: 12.30 - 12.45 | C32: 3 | D32: =ROUND((0.4*E32),0) -> 1 | E32: 3 | F32: 1 | G32: 0 | H32: 0 | I32: 0 | J32: 1 | K32: 2 | L32: 0 | M32: 36 | N32: 0 | O32: =SUM(C32:L32,N32) -> 11 | P32: =SUM(C32:N32) -> 47 | R32: 0500-0600 | S32: =SUM(C98:C101) -> 7 | T32: =SUM(D98:D101) -> 1 | U32: =SUM(E98:E101) -> 4 | V32: =SUM(F98:F101) -> 5 | W32: =SUM(G98:G101) -> 0 | X32: =SUM(H98:H101) -> 0 | Y32: =SUM(I98:I101) -> 0 | Z32: =SUM(J98:J101) -> 0 | ... AF32: =SUM(P98:P101) -> 37
B33: 12.45 - 13.00 | C33: 7 | D33: =ROUND((0.4*E33),0) -> 3 | E33: 8 | F33: 2 | G33: 1 | H33: 0 | I33: 1 | J33: 3 | K33: 6 | L33: 0 | M33: 89 | N33: 0 | O33: =SUM(C33:L33,N33) -> 31 | P33: =SUM(C33:N33) -> 120 | R33: 0600-0700 | S33: =SUM(C102:C105) -> 10 | T33: =SUM(D102:D105) -> 1 | U33: =SUM(E102:E105) -> 5 | V33: =SUM(F102:F105) -> 9 | W33: =SUM(G102:G105) -> 0 | X33: =SUM(H102:H105) -> 0 | Y33: =SUM(I102:I105) -> 0 | Z33: =SUM(J102:J105) -> 1 | ... AF33: =SUM(P102:P105) -> 54
B34: 13.00 - 13.15 | C34: 3 | D34: =ROUND((0.4*E34),0) -> 1 | E34: 2 | F34: 2 | G34: 0 | H34: 0 | I34: 1 | J34: 0 | K34: 0 | L34: 0 | M34: 34 | N34: 0 | O34: =SUM(C34:L34,N34) -> 9 | P34: =SUM(C34:N34) -> 43 | R34: AM Peak Hr | S34: =MAX(S10:S12) -> 14 | T34: =MAX(T10:T12) -> 4 | U34: =MAX(U10:U12) -> 11 | V34: =MAX(V10:V12) -> 11 | W34: =MAX(W10:W12) -> 1 | X34: =MAX(X10:X12) -> 2 | Y34: =MAX(Y10:Y12) -> 6 | Z34: =MAX(Z10:Z12) -> 7 | ... AF34: =MAX(AF10:AF12) -> 354
B35: 13.15 - 13.30 | C35: 7 | D35: =ROUND((0.4*E35),0) -> 2 | E35: 6 | F35: 4 | G35: 0 | H35: 0 | I35: 2 | J35: 1 | K35: 1 | L35: 0 | M35: 86 | N35: 0 | O35: =SUM(C35:L35,N35) -> 23 | P35: =SUM(C35:N35) -> 109 | R35: IP Peak Hr | S35: =MAX(S13:S18) -> 28 | T35: =MAX(T13:T18) -> 7 | U35: =MAX(U13:U18) -> 17 | V35: =MAX(V13:V18) -> 14 | W35: =MAX(W13:W18) -> 1 | X35: =MAX(X13:X18) -> 3 | Y35: =MAX(Y13:Y18) -> 6 | Z35: =MAX(Z13:Z18) -> 4 | ... AF35: =MAX(AF13:AF18) -> 361
B36: 13.30 - 13.45 | C36: 5 | D36: =ROUND((0.4*E36),0) -> 1 | E36: 2 | F36: 2 | G36: 0 | H36: 0 | I36: 0 | J36: 0 | K36: 1 | L36: 1 | M36: 41 | N36: 0 | O36: =SUM(C36:L36,N36) -> 12 | P36: =SUM(C36:N36) -> 53 | R36: PM Peak Hr | S36: =MAX(S19:S21) -> 33 | T36: =MAX(T19:T21) -> 9 | U36: =MAX(U19:U21) -> 22 | V36: =MAX(V19:V21) -> 15 | W36: =MAX(W19:W21) -> 1 | X36: =MAX(X19:X21) -> 3 | Y36: =MAX(Y19:Y21) -> 9 | Z36: =MAX(Z19:Z21) -> 4 | ... AF36: =MAX(AF19:AF21) -> 410
B37: 13.45 - 14.00 | C37: 12 | D37: =ROUND((0.4*E37),0) -> 2 | E37: 4 | F37: 6 | G37: 0 | H37: 0 | I37: 1 | J37: 1 | K37: 3 | L37: 3 | M37: 103 | N37: 0 | O37: =SUM(C37:L37,N37) -> 32 | P37: =SUM(C37:N37) -> 135 | R37: AM Period | S37: =SUM(S10:S12) -> 30 | T37: =SUM(T10:T12) -> 6 | U37: =SUM(U10:U12) -> 19 | V37: =SUM(V10:V12) -> 23 | W37: =SUM(W10:W12) -> 1 | X37: =SUM(X10:X12) -> 2 | Y37: =SUM(Y10:Y12) -> 11 | Z37: =SUM(Z10:Z12) -> 8 | ... AF37: =SUM(AF10:AF12) -> 791
B38: 14.00 - 14.15 | C38: 5 | D38: =ROUND((0.4*E38),0) -> 1 | E38: 3 | F38: 2 | G38: 0 | H38: 0 | I38: 0 | J38: 1 | K38: 0 | L38: 0 | M38: 30 | N38: 0 | O38: =SUM(C38:L38,N38) -> 12 | P38: =SUM(C38:N38) -> 42 | R38: IP Period | S38: =SUM(S13:S18) -> 139 | T38: =SUM(T13:T18) -> 34 | U38: =SUM(U13:U18) -> 81 | V38: =SUM(V13:V18) -> 66 | W38: =SUM(W13:W18) -> 3 | X38: =SUM(X13:X18) -> 4 | Y38: =SUM(Y13:Y18) -> 15 | Z38: =SUM(Z13:Z18) -> 21 | ... AF38: =SUM(AF13:AF18) -> 1916
B39: 14.15 - 14.30 | C39: 12 | D39: =ROUND((0.4*E39),0) -> 3 | E39: 7 | F39: 4 | G39: 0 | H39: 0 | I39: 1 | J39: 3 | K39: 0 | L39: 0 | M39: 76 | N39: 0 | O39: =SUM(C39:L39,N39) -> 30 | P39: =SUM(C39:N39) -> 106 | R39: PM Period | S39: =SUM(S19:S21) -> 79 | T39: =SUM(T19:T21) -> 20 | U39: =SUM(U19:U21) -> 50 | V39: =SUM(V19:V21) -> 42 | W39: =SUM(W19:W21) -> 1 | X39: =SUM(X19:X21) -> 3 | Y39: =SUM(Y19:Y21) -> 20 | Z39: =SUM(Z19:Z21) -> 8 | ... AF39: =SUM(AF19:AF21) -> 1111
B40: 14.30 - 14.45 | C40: 3 | D40: =ROUND((0.4*E40),0) -> 1 | E40: 2 | F40: 1 | G40: 0 | H40: 0 | I40: 0 | J40: 0 | K40: 1 | L40: 1 | M40: 38 | N40: 0 | O40: =SUM(C40:L40,N40) -> 9 | P40: =SUM(C40:N40) -> 47 | R40: 12 Hours | S40: =SUM(S10:S21) -> 248 | T40: =SUM(T10:T21) -> 60 | U40: =SUM(U10:U21) -> 150 | V40: =SUM(V10:V21) -> 131 | W40: =SUM(W10:W21) -> 5 | X40: =SUM(X10:X21) -> 9 | Y40: =SUM(Y10:Y21) -> 46 | Z40: =SUM(Z10:Z21) -> 37 | ... AF40: =SUM(AF10:AF21) -> 3818
B41: 14.45 - 15.00 | C41: 8 | D41: =ROUND((0.4*E41),0) -> 2 | E41: 4 | F41: 3 | G41: 1 | H41: 0 | I41: 1 | J41: 0 | K41: 2 | L41: 2 | M41: 96 | N41: 0 | O41: =SUM(C41:L41,N41) -> 23 | P41: =SUM(C41:N41) -> 119 | R41: 24 Hrs/ADT | S41: =SUM(S10:S33) -> 351 | T41: =SUM(T10:T33) -> 97 | U41: =SUM(U10:U33) -> 244 | V41: =SUM(V10:V33) -> 176 | W41: =SUM(W10:W33) -> 8 | X41: =SUM(X10:X33) -> 11 | Y41: =SUM(Y10:Y33) -> 55 | Z41: =SUM(Z10:Z33) -> 64 | ... AF41: =SUM(AF10:AF33) -> 4961
B42: 15.00 - 15.15 | C42: 3 | D42: =ROUND((0.4*E42),0) -> 1 | E42: 3 | F42: 2 | G42: 0 | H42: 1 | I42: 0 | J42: 1 | K42: 2 | L42: 1 | M42: 37 | N42: 0 | O42: =SUM(C42:L42,N42) -> 14 | P42: =SUM(C42:N42) -> 51 | R42: NEF | S42: =S41/S40 -> 1.4153226 | T42: =T41/T40 -> 1.6166667 | U42: =U41/U40 -> 1.6266667 | V42: =V41/V40 -> 1.3435115 | W42: =W41/W40 -> 1.6 | X42: =X41/X40 -> 1.2222222 | Y42: =Y41/Y40 -> 1.1956522 | Z42: =Z41/Z40 -> 1.7297297 | ... AF42: =AF41/AF40 -> 1.2993714
B43: 15.15 - 15.30 | C43: 8 | D43: =ROUND((0.4*E43),0) -> 3 | E43: 7 | F43: 4 | G43: 1 | H43: 2 | I43: 0 | J43: 2 | K43: 5 | L43: 2 | M43: 93 | N43: 0 | O43: =SUM(C43:L43,N43) -> 34 | P43: =SUM(C43:N43) -> 127
B44: 15.30 - 15.45 | C44: 4 | D44: =ROUND((0.4*E44),0) -> 1 | E44: 2 | F44: 1 | G44: 0 | H44: 0 | I44: 2 | J44: 0 | K44: 1 | L44: 0 | M44: 41 | N44: 0 | O44: =SUM(C44:L44,N44) -> 11 | P44: =SUM(C44:N44) -> 52
B45: 15.45 - 16.00 | C45: 11 | D45: =ROUND((0.4*E45),0) -> 2 | E45: 4 | F45: 3 | G45: 0 | H45: 0 | I45: 4 | J45: 0 | K45: 3 | L45: 1 | M45: 103 | N45: 0 | O45: =SUM(C45:L45,N45) -> 28 | P45: =SUM(C45:N45) -> 131
B46: 16.00 - 16.15 | C46: 3 | D46: =ROUND((0.4*E46),0) -> 1 | E46: 2 | F46: 2 | G46: 0 | H46: 1 | I46: 1 | J46: 0 | K46: 3 | L46: 1 | M46: 42 | N46: 0 | O46: =SUM(C46:L46,N46) -> 14 | P46: =SUM(C46:N46) -> 56
B47: 16.15 -16.30 | C47: 8 | D47: =ROUND((0.4*E47),0) -> 2 | E47: 6 | F47: 5 | G47: 1 | H47: 2 | I47: 2 | J47: 1 | K47: 7 | L47: 2 | M47: 106 | N47: 0 | O47: =SUM(C47:L47,N47) -> 36 | P47: =SUM(C47:N47) -> 142
B48: 16.30 -16.45 | C48: 2 | D48: =ROUND((0.4*E48),0) -> 2 | E48: 4 | F48: 2 | G48: 0 | H48: 0 | I48: 0 | J48: 0 | K48: 2 | L48: 0 | M48: 37 | N48: 0 | O48: =SUM(C48:L48,N48) -> 12 | P48: =SUM(C48:N48) -> 49
B49: 16.45 -17.00 | C49: 5 | D49: =ROUND((0.4*E49),0) -> 4 | E49: 10 | F49: 5 | G49: 0 | H49: 0 | I49: 1 | J49: 0 | K49: 4 | L49: 1 | M49: 92 | N49: 0 | O49: =SUM(C49:L49,N49) -> 30 | P49: =SUM(C49:N49) -> 122
B50: 17.00 -17.15 | C50: 4 | D50: =ROUND((0.4*E50),0) -> 1 | E50: 2 | F50: 2 | G50: 0 | H50: 0 | I50: 0 | J50: 1 | K50: 2 | L50: 1 | M50: 48 | N50: 0 | O50: =SUM(C50:L50,N50) -> 13 | P50: =SUM(C50:N50) -> 61
B51: 17.15 -17.30 | C51: 11 | D51: =ROUND((0.4*E51),0) -> 2 | E51: 6 | F51: 4 | G51: 0 | H51: 0 | I51: 1 | J51: 2 | K51: 4 | L51: 2 | M51: 119 | N51: 0 | O51: =SUM(C51:L51,N51) -> 32 | P51: =SUM(C51:N51) -> 151
B52: 17.30 -17.45 | C52: 5 | D52: =ROUND((0.4*E52),0) -> 2 | E52: 4 | F52: 2 | G52: 0 | H52: 0 | I52: 2 | J52: 0 | K52: 0 | L52: 0 | M52: 42 | N52: 0 | O52: =SUM(C52:L52,N52) -> 15 | P52: =SUM(C52:N52) -> 57
B53: 17.45 -18.00 | C53: 13 | D53: =ROUND((0.4*E53),0) -> 4 | E53: 9 | F53: 5 | G53: 0 | H53: 0 | I53: 6 | J53: 0 | K53: 0 | L53: 0 | M53: 104 | N53: 0 | O53: =SUM(C53:L53,N53) -> 37 | P53: =SUM(C53:N53) -> 141
B54: 18.00 - 18.15 | C54: 4 | D54: =ROUND((0.4*E54),0) -> 0 | E54: 1 | F54: 2 | G54: 0 | H54: 0 | I54: 1 | J54: 1 | K54: 2 | L54: 0 | M54: 39 | N54: 0 | O54: =SUM(C54:L54,N54) -> 11 | P54: =SUM(C54:N54) -> 50
... B105: 06.45 - 07.00 | C105: 3 | D105: =ROUND((0.4*E105),0) -> 0 | E105: 1 | F105: 4 | G105: 0 | H105: 0 | I105: 0 | J105: 1 | K105: 0 | L105: 1 | M105: 12 | N105: 0 | O105: =SUM(C105:L105,N105) -> 10 | P105: =SUM(C105:N105) -> 22
B106: Totals | C106: =SUM(C10:C105) -> 351 | D106: =SUM(D10:D105) -> 97 | E106: =SUM(E10:E105) -> 244 | F106: =SUM(F10:F105) -> 176 | G106: =SUM(G10:G105) -> 8 | H106: =SUM(H10:H105) -> 11 | I106: =SUM(I10:I105) -> 55 | J106: =SUM(J10:J105) -> 64 | ... P106: =SUM(P10:P105) -> 4961
B107: %ges + MCs | C107: =C106/$P$106 -> 0.070751865 | D107: =D106/$P$106 -> 0.01955251 | E107: =E106/$P$106 -> 0.049183632 | F107: =F106/$P$106 -> 0.035476718 | G107: =G106/$P$106 -> 0.0016125781 | H107: =H106/$P$106 -> 0.0022172949 | I107: =I106/$P$106 -> 0.011086475 | J107: =J106/$P$106 -> 0.012900625 | ... N107: =N106/$P$106 -> 0.00020157226
B108: %ges w/o MCs | C108: =C106/$O$106 -> 0.28841413 | D108: =D106/$O$106 -> 0.079704191 | E108: =E106/$O$106 -> 0.20049302 | F108: =F106/$O$106 -> 0.14461791 | G108: =G106/$O$106 -> 0.0065735415 | H108: =H106/$O$106 -> 0.0090386196 | I108: =I106/$O$106 -> 0.045193098 | J108: =J106/$O$106 -> 0.052588332 | ... L108: =L106/$O$106 -> 0.047658176 | N108: =N106/$O$106 -> 0.00082169269

Sheet 09.09 Ishaka-Katungulu
B1: Consultancy services for Preparation of Expressway Development Master Plan (EDMP) for Uganda
B2: MANUAL CLASSIFIED COUNT (MCC)
B3: ROAD NAME: | C3: MCC - C4 - STN104 - ISHAKA KATUNGULU ROAD
C5: Date | D5: 09.09.19 | F5: Location | G5: Rubirizi | J5: Surveyor | K5: xxx
C6: Dir. From | D6: Ishaka | F6: Dir. To | G6: Katungulu | J6: Supervisor | K6: xxx
B8: Time / Veh Type | R8: SUMMARY TRAFFIC VOLUMES
C9: 1. Car | D9: 2. Station Wagon | E9: 3. Pickups | F9: 4. Minibus, matatu | G9: 5. Medium bus | H9: 6. Large Bus | I9: 7. Light Truck | J9: 8. Medium Truck | K9: 9. Heavy truck | L9: 10. Truck Trailer | M9: 11. Motor cycles | N9: 12. Tractors | O9: Total Excl M/Cycles | P9: Total All | R9: Time | S9: 1. Car | T9: 2. Station Wagon | U9: 3. Pickups | V9: 4. Minibus, matatu | W9: 5. Medium bus | X9: 6. Large Bus | Y9: 7. Light Truck | Z9: 8. Medium Truck | AA9: 9. Heavy truck | AB9: 10. Truck Trailer | AC9: 11. Motorcycles | AD9: 12. Tractors, Graders | AE9: Total Excl M/ Cycles | AF9: Total All
B10: 07.00 - 07.15 | C10: 0 | D10: 0 | E10: 0 | F10: 0 | G10: 0 | H10: 0 | I10: 0 | J10: 1 | K10: 0 | L10: 0 | M10: 2 | N10: 0 | O10: =SUM(C10:L10,N10) -> 1 | P10: =SUM(C10:N10) -> 3 | R10: 0700-0800 | S10: =SUM(C10:C13) -> 4 | T10: =SUM(D10:D13) -> 0 | U10: =SUM(E10:E13) -> 0 | V10: =SUM(F10:F13) -> 1 | W10: =SUM(G10:G13) -> 1 | X10: =SUM(H10:H13) -> 0 | Y10: =SUM(I10:I13) -> 0 | Z10: =SUM(J10:J13) -> 3 | ... AF10: =SUM(P10:P13) -> 26
B11: 07.15 - 07.30 | C11: 1 | D11: 0 | E11: 0 | F11: 0 | G11: 1 | H11: 0 | I11: 0 | J11: 2 | K11: 0 | L11: 1 | M11: 3 | N11: 0 | O11: =SUM(C11:L11,N11) -> 5 | P11: =SUM(C11:N11) -> 8 | R11: 0800-0900 | S11: =SUM(C14:C17) -> 8 | T11: =SUM(D14:D17) -> 0 | U11: =SUM(E14:E17) -> 0 | V11: =SUM(F14:F17) -> 7 | W11: =SUM(G14:G17) -> 1 | X11: =SUM(H14:H17) -> 0 | Y11: =SUM(I14:I17) -> 3 | Z11: =SUM(J14:J17) -> 8 | ... AF11: =SUM(P14:P17) -> 102
B12: 07.30 - 07.45 | C12: 1 | D12: 0 | E12: 0 | F12: 0 | G12: 0 | H12: 0 | I12: 0 | J12: 0 | K12: 0 | L12: 0 | M12: 4 | N12: 0 | O12: =SUM(C12:L12,N12) -> 1 | P12: =SUM(C12:N12) -> 5 | R12: 0900-1000 | S12: =SUM(C18:C21) -> 12 | T12: =SUM(D18:D21) -> 0 | U12: =SUM(E18:E21) -> 6 | V12: =SUM(F18:F21) -> 6 | W12: =SUM(G18:G21) -> 0 | X12: =SUM(H18:H21) -> 0 | Y12: =SUM(I18:I21) -> 1 | Z12: =SUM(J18:J21) -> 3 | ... AF12: =SUM(P18:P21) -> 151
B13: 07.45 - 08.00 | C13: 2 | D13: 0 | E13: 0 | F13: 1 | G13: 0 | H13: 0 | I13: 0 | J13: 0 | K13: 0 | L13: 0 | M13: 7 | N13: 0 | O13: =SUM(C13:L13,N13) -> 3 | P13: =SUM(C13:N13) -> 10 | R13: 1000-1100 | S13: =SUM(C22:C25) -> 25 | T13: =SUM(D22:D25) -> 0 | U13: =SUM(E22:E25) -> 6 | V13: =SUM(F22:F25) -> 9 | W13: =SUM(G22:G25) -> 0 | X13: =SUM(H22:H25) -> 0 | Y13: =SUM(I22:I25) -> 4 | Z13: =SUM(J22:J25) -> 3 | ... AF13: =SUM(P22:P25) -> 224
B14: 08.00 - 08.15 | C14: 1 | D14: 0 | E14: 0 | F14: 0 | G14: 0 | H14: 0 | I14: 0 | J14: 1 | K14: 0 | L14: 0 | M14: 14 | N14: 0 | O14: =SUM(C14:L14,N14) -> 2 | P14: =SUM(C14:N14) -> 16 | R14: 1100-1200 | S14: =SUM(C26:C29) -> 29 | T14: =SUM(D26:D29) -> 2 | U14: =SUM(E26:E29) -> 16 | V14: =SUM(F26:F29) -> 11 | W14: =SUM(G26:G29) -> 1 | X14: =SUM(H26:H29) -> 0 | Y14: =SUM(I26:I29) -> 4 | Z14: =SUM(J26:J29) -> 5 | ... AF14: =SUM(P26:P29) -> 206
B15: 08.15 - 08.30 | C15: 2 | D15: 0 | E15: 0 | F15: 1 | G15: 1 | H15: 0 | I15: 0 | J15: 2 | K15: 0 | L15: 0 | M15: 23 | N15: 0 | O15: =SUM(C15:L15,N15) -> 6 | P15: =SUM(C15:N15) -> 29 | R15: 1200-1300 | S15: =SUM(C30:C33) -> 32 | T15: =SUM(D30:D33) -> 2 | U15: =SUM(E30:E33) -> 17 | V15: =SUM(F30:F33) -> 11 | W15: =SUM(G30:G33) -> 0 | X15: =SUM(H30:H33) -> 0 | Y15: =SUM(I30:I33) -> 1 | Z15: =SUM(J30:J33) -> 1 | ... AF15: =SUM(P30:P33) -> 181
B16: 08.30 - 08.45 | C16: 2 | D16: 0 | E16: 0 | F16: 2 | G16: 0 | H16: 0 | I16: 1 | J16: 2 | K16: 0 | L16: 0 | M16: 14 | N16: 0 | O16: =SUM(C16:L16,N16) -> 7 | P16: =SUM(C16:N16) -> 21 | R16: 1300-1400 | S16: =SUM(C34:C37) -> 30 | T16: =SUM(D34:D37) -> 4 | U16: =SUM(E34:E37) -> 31 | V16: =SUM(F34:F37) -> 15 | W16: =SUM(G34:G37) -> 3 | X16: =SUM(H34:H37) -> 2 | Y16: =SUM(I34:I37) -> 4 | Z16: =SUM(J34:J37) -> 4 | ... AF16: =SUM(P34:P37) -> 213
B17: 08.45 - 9.00 | C17: 3 | D17: 0 | E17: 0 | F17: 4 | G17: 0 | H17: 0 | I17: 2 | J17: 3 | K17: 1 | L17: 0 | M17: 23 | N17: 0 | O17: =SUM(C17:L17,N17) -> 13 | P17: =SUM(C17:N17) -> 36 | R17: 1400-1500 | S17: =SUM(C38:C41) -> 21 | T17: =SUM(D38:D41) -> 1 | U17: =SUM(E38:E41) -> 13 | V17: =SUM(F38:F41) -> 21 | W17: =SUM(G38:G41) -> 0 | X17: =SUM(H38:H41) -> 0 | Y17: =SUM(I38:I41) -> 3 | Z17: =SUM(J38:J41) -> 1 | ... AF17: =SUM(P38:P41) -> 208
B18: 09.00 - 09.15 | C18: 2 | D18: 0 | E18: 0 | F18: 0 | G18: 0 | H18: 0 | I18: 0 | J18: 1 | K18: 0 | L18: 2 | M18: 14 | N18: 0 | O18: =SUM(C18:L18,N18) -> 5 | P18: =SUM(C18:N18) -> 19 | R18: 1500-1600 | S18: =SUM(C42:C45) -> 22 | T18: =SUM(D42:D45) -> 0 | U18: =SUM(E42:E45) -> 12 | V18: =SUM(F42:F45) -> 13 | W18: =SUM(G42:G45) -> 0 | X18: =SUM(H42:H45) -> 0 | Y18: =SUM(I42:I45) -> 3 | Z18: =SUM(J42:J45) -> 1 | ... AF18: =SUM(P42:P45) -> 197
B19: 09.15 - 09.30 | C19: 4 | D19: 0 | E19: 1 | F19: 1 | G19: 0 | H19: 0 | I19: 0 | J19: 2 | K19: 1 | L19: 4 | M19: 23 | N19: 0 | O19: =SUM(C19:L19,N19) -> 13 | P19: =SUM(C19:N19) -> 36 | R19: 1600-1700 | S19: =SUM(C46:C49) -> 29 | T19: =SUM(D46:D49) -> 0 | U19: =SUM(E46:E49) -> 9 | V19: =SUM(F46:F49) -> 11 | W19: =SUM(G46:G49) -> 0 | X19: =SUM(H46:H49) -> 0 | Y19: =SUM(I46:I49) -> 5 | Z19: =SUM(J46:J49) -> 0 | ... AF19: =SUM(P46:P49) -> 245
B20: 09.30 - 09.45 | C20: 2 | D20: 0 | E20: 2 | F20: 2 | G20: 0 | H20: 0 | I20: 0 | J20: 0 | K20: 0 | L20: 0 | M20: 29 | N20: 0 | O20: =SUM(C20:L20,N20) -> 6 | P20: =SUM(C20:N20) -> 35 | R20: 1700-1800 | S20: =SUM(C50:C53) -> 16 | T20: =SUM(D50:D53) -> 1 | U20: =SUM(E50:E53) -> 14 | V20: =SUM(F50:F53) -> 15 | W20: =SUM(G50:G53) -> 0 | X20: =SUM(H50:H53) -> 0 | Y20: =SUM(I50:I53) -> 6 | Z20: =SUM(J50:J53) -> 3 | ... AF20: =SUM(P50:P53) -> 177
B21: 09.45 - 10.00 | C21: 4 | D21: 0 | E21: 3 | F21: 3 | G21: 0 | H21: 0 | I21: 1 | J21: 0 | K21: 0 | L21: 1 | M21: 49 | N21: 0 | O21: =SUM(C21:L21,N21) -> 12 | P21: =SUM(C21:N21) -> 61 | R21: 1800-1900 | S21: =SUM(C54:C57) -> 23 | T21: =SUM(D54:D57) -> 0 | U21: =SUM(E54:E57) -> 4 | V21: =SUM(F54:F57) -> 9 | W21: =SUM(G54:G57) -> 0 | X21: =SUM(H54:H57) -> 0 | Y21: =SUM(I54:I57) -> 4 | Z21: =SUM(J54:J57) -> 4 | ... AF21: =SUM(P54:P57) -> 228
B22: 10.00 - 10.15 | C22: 2 | D22: 0 | E22: 2 | F22: 0 | G22: 0 | H22: 0 | I22: 0 | J22: 1 | K22: 0 | L22: 1 | M22: 26 | N22: 0 | O22: =SUM(C22:L22,N22) -> 6 | P22: =SUM(C22:N22) -> 32 | R22: AM Peak Hr | S22: =MAX(S10:S12) -> 12 | T22: =MAX(T10:T12) -> 0 | U22: =MAX(U10:U12) -> 6 | V22: =MAX(V10:V12) -> 7 | W22: =MAX(W10:W12) -> 1 | X22: =MAX(X10:X12) -> 0 | Y22: =MAX(Y10:Y12) -> 3 | Z22: =MAX(Z10:Z12) -> 8 | ... AF22: =MAX(AF10:AF12) -> 151
B23: 10.15 - 10.30 | C23: 4 | D23: 0 | E23: 3 | F23: 1 | G23: 0 | H23: 0 | I23: 1 | J23: 2 | K23: 0 | L23: 2 | M23: 43 | N23: 0 | O23: =SUM(C23:L23,N23) -> 13 | P23: =SUM(C23:N23) -> 56 | R23: IP Peak Hr | S23: =MAX(S13:S18) -> 32 | T23: =MAX(T13:T18) -> 4 | U23: =MAX(U13:U18) -> 31 | V23: =MAX(V13:V18) -> 21 | W23: =MAX(W13:W18) -> 3 | X23: =MAX(X13:X18) -> 2 | Y23: =MAX(Y13:Y18) -> 4 | Z23: =MAX(Z13:Z18) -> 5 | ... AF23: =MAX(AF13:AF18) -> 224
B24: 10.30 - 10.45 | C24: 7 | D24: 0 | E24: 0 | F24: 3 | G24: 0 | H24: 0 | I24: 1 | J24: 0 | K24: 0 | L24: 1 | M24: 38 | N24: 0 | O24: =SUM(C24:L24,N24) -> 12 | P24: =SUM(C24:N24) -> 50 | R24: PM Peak Hr | S24: =MAX(S19:S21) -> 29 | T24: =MAX(T19:T21) -> 1 | U24: =MAX(U19:U21) -> 14 | V24: =MAX(V19:V21) -> 15 | W24: =MAX(W19:W21) -> 0 | X24: =MAX(X19:X21) -> 0 | Y24: =MAX(Y19:Y21) -> 6 | Z24: =MAX(Z19:Z21) -> 4 | ... AF24: =MAX(AF19:AF21) -> 245
B25: 10.45 - 11.00 | C25: 12 | D25: 0 | E25: 1 | F25: 5 | G25: 0 | H25: 0 | I25: 2 | J25: 0 | K25: 0 | L25: 2 | M25: 64 | N25: 0 | O25: =SUM(C25:L25,N25) -> 22 | P25: =SUM(C25:N25) -> 86 | R25: AM Period | S25: =SUM(S10:S12) -> 24 | T25: =SUM(T10:T12) -> 0 | U25: =SUM(U10:U12) -> 6 | V25: =SUM(V10:V12) -> 14 | W25: =SUM(W10:W12) -> 2 | X25: =SUM(X10:X12) -> 0 | Y25: =SUM(Y10:Y12) -> 4 | Z25: =SUM(Z10:Z12) -> 14 | ... AF25: =SUM(AF10:AF12) -> 279
B26: 11.00 - 11.15 | C26: 7 | D26: 0 | E26: 4 | F26: 2 | G26: 0 | H26: 0 | I26: 1 | J26: 2 | K26: 0 | L26: 1 | M26: 31 | N26: 0 | O26: =SUM(C26:L26,N26) -> 17 | P26: =SUM(C26:N26) -> 48 | R26: IP Period | S26: =SUM(S13:S18) -> 159 | T26: =SUM(T13:T18) -> 9 | U26: =SUM(U13:U18) -> 95 | V26: =SUM(V13:V18) -> 80 | W26: =SUM(W13:W18) -> 4 | X26: =SUM(X13:X18) -> 2 | Y26: =SUM(Y13:Y18) -> 19 | Z26: =SUM(Z13:Z18) -> 15 | ... AF26: =SUM(AF13:AF18) -> 1229
B27: 11.15 - 11.30 | C27: 11 | D27: 1 | E27: 5 | F27: 3 | G27: 1 | H27: 0 | I27: 2 | J27: 3 | K27: 1 | L27: 2 | M27: 52 | N27: 0 | O27: =SUM(C27:L27,N27) -> 29 | P27: =SUM(C27:N27) -> 81 | R27: PM Period | S27: =SUM(S19:S21) -> 68 | T27: =SUM(T19:T21) -> 1 | U27: =SUM(U19:U21) -> 27 | V27: =SUM(V19:V21) -> 35 | W27: =SUM(W19:W21) -> 0 | X27: =SUM(X19:X21) -> 0 | Y27: =SUM(Y19:Y21) -> 15 | Z27: =SUM(Z19:Z21) -> 7 | ... AF27: =SUM(AF19:AF21) -> 650
B28: 11.30 - 11.45 | C28: 4 | D28: 0 | E28: 3 | F28: 2 | G28: 0 | H28: 0 | I28: 0 | J28: 0 | K28: 0 | L28: 2 | M28: 17 | N28: 0 | O28: =SUM(C28:L28,N28) -> 11 | P28: =SUM(C28:N28) -> 28 | R28: 12 Hours | S28: =SUM(S10:S21) -> 251 | T28: =SUM(T10:T21) -> 10 | U28: =SUM(U10:U21) -> 128 | V28: =SUM(V10:V21) -> 129 | W28: =SUM(W10:W21) -> 6 | X28: =SUM(X10:X21) -> 2 | Y28: =SUM(Y10:Y21) -> 38 | Z28: =SUM(Z10:Z21) -> 36 | ... AF28: =SUM(AF10:AF21) -> 2158
B29: 11.45 - 12.00 | C29: 7 | D29: 1 | E29: 4 | F29: 4 | G29: 0 | H29: 0 | I29: 1 | J29: 0 | K29: 0 | L29: 4 | M29: 28 | N29: 0 | O29: =SUM(C29:L29,N29) -> 21 | P29: =SUM(C29:N29) -> 49
B30: 12.00 - 12.15 | C30: 6 | D30: 0 | E30: 3 | F30: 2 | G30: 0 | H30: 0 | I30: 0 | J30: 0 | K30: 0 | L30: 0 | M30: 23 | N30: 0 | O30: =SUM(C30:L30,N30) -> 11 | P30: =SUM(C30:N30) -> 34
B31: 12.15 - 12.30 | C31: 10 | D31: 1 | E31: 4 | F31: 4 | G31: 0 | H31: 0 | I31: 1 | J31: 1 | K31: 0 | L31: 1 | M31: 38 | N31: 0 | O31: =SUM(C31:L31,N31) -> 22 | P31: =SUM(C31:N31) -> 60
B32: 12.30 - 12.45 | C32: 6 | D32: 0 | E32: 4 | F32: 2 | G32: 0 | H32: 0 | I32: 0 | J32: 0 | K32: 0 | L32: 0 | M32: 20 | N32: 0 | O32: =SUM(C32:L32,N32) -> 12 | P32: =SUM(C32:N32) -> 32
B33: 12.45 - 13.00 | C33: 10 | D33: 1 | E33: 6 | F33: 3 | G33: 0 | H33: 0 | I33: 0 | J33: 0 | K33: 1 | L33: 1 | M33: 33 | N33: 0 | O33: =SUM(C33:L33,N33) -> 22 | P33: =SUM(C33:N33) -> 55
B34: 13.00 - 13.15 | C34: 6 | D34: 0 | E34: 4 | F34: 2 | G34: 1 | H34: 0 | I34: 1 | J34: 1 | K34: 0 | L34: 1 | M34: 18 | N34: 0 | O34: =SUM(C34:L34,N34) -> 16 | P34: =SUM(C34:N34) -> 34
B35: 13.15 - 13.30 | C35: 10 | D35: 1 | E35: 6 | F35: 3 | G35: 2 | H35: 1 | I35: 2 | J35: 2 | K35: 0 | L35: 2 | M35: 30 | N35: 0 | O35: =SUM(C35:L35,N35) -> 29 | P35: =SUM(C35:N35) -> 59
B36: 13.30 - 13.45 | C36: 5 | D36: 1 | E36: 8 | F36: 4 | G36: 0 | H36: 0 | I36: 0 | J36: 0 | K36: 1 | L36: 4 | M36: 21 | N36: 0 | O36: =SUM(C36:L36,N36) -> 23 | P36: =SUM(C36:N36) -> 44
B37: 13.45 - 14.00 | C37: 9 | D37: 2 | E37: 13 | F37: 6 | G37: 0 | H37: 1 | I37: 1 | J37: 1 | K37: 2 | L37: 5 | M37: 35 | N37: 1 | O37: =SUM(C37:L37,N37) -> 41 | P37: =SUM(C37:N37) -> 76
B38: 14.00 - 14.15 | C38: 7 | D38: 0 | E38: 3 | F38: 5 | G38: 0 | H38: 0 | I38: 0 | J38: 0 | K38: 0 | L38: 1 | M38: 29 | N38: 0 | O38: =SUM(C38:L38,N38) -> 16 | P38: =SUM(C38:N38) -> 45
B39: 14.15 - 14.30 | C39: 11 | D39: 1 | E39: 5 | F39: 8 | G39: 0 | H39: 0 | I39: 0 | J39: 0 | K39: 1 | L39: 2 | M39: 48 | N39: 0 | O39: =SUM(C39:L39,N39) -> 28 | P39: =SUM(C39:N39) -> 76
B40: 14.30 - 14.45 | C40: 1 | D40: 0 | E40: 2 | F40: 3 | G40: 0 | H40: 0 | I40: 1 | J40: 0 | K40: 0 | L40: 2 | M40: 23 | N40: 0 | O40: =SUM(C40:L40,N40) -> 9 | P40: =SUM(C40:N40) -> 32
... B57: 18.45 - 19.00 | C57: 8 | D57: 0 | E57: 2 | F57: 2 | G57: 0 | H57: 0 | I57: 1 | J57: 1 | K57: 0 | L57: 2 | M57: 67 | N57: 0 | O57: =SUM(C57:L57,N57) -> 16 | P57: =SUM(C57:N57) -> 83
B58: Totals | C58: =SUM(C10:C57) -> 251 | D58: =SUM(D10:D57) -> 10 | E58: =SUM(E10:E57) -> 128 | F58: =SUM(F10:F57) -> 129 | G58: =SUM(G10:G57) -> 6 | H58: =SUM(H10:H57) -> 2 | I58: =SUM(I10:I57) -> 38 | J58: =SUM(J10:J57) -> 36 | ... P58: =SUM(P10:P57) -> 2158
B59: %ges + MCs | C59: =C58/$P$58 -> 0.1163114 | D59: =D58/$P$58 -> 0.0046339203 | E59: =E58/$P$58 -> 0.05931418 | F59: =F58/$P$58 -> 0.059777572 | G59: =G58/$P$58 -> 0.0027803522 | H59: =H58/$P$58 -> 0.00092678406 | I59: =I58/$P$58 -> 0.017608897 | J59: =J58/$P$58 -> 0.016682113 | ... N59: =N58/$P$58 -> 0.00046339203
B60: %ges w/o MCs | C60: =C58/$O$58 -> 0.36966127 | D60: =D58/$O$58 -> 0.014727541 | E60: =E58/$O$58 -> 0.18851252 | F60: =F58/$O$58 -> 0.18998527 | G60: =G58/$O$58 -> 0.0088365243 | H60: =H58/$O$58 -> 0.0029455081 | I60: =I58/$O$58 -> 0.055964654 | J60: =J58/$O$58 -> 0.053019146 | ... L60: =L58/$O$58 -> 0.097201767 | N60: =N58/$O$58 -> 0.0014727541

Sheet 09.09 Katungulu-Ishaka
B1: Consultancy services for Preparation of Expressway Development Master Plan (EDMP) for Uganda
B2: MANUAL CLASSIFIED COUNT (MCC)
B3: ROAD NAME: | C3: ='09.09 Ishaka-Katungulu'!C3:G3 -> MCC - C4 - STN104 - ISHAKA KATUNGULU ROAD
C5: Date | D5: ='09.09 Ishaka-Katungulu'!D5 -> 09.09.19 | F5: Location | G5: ='09.09 Ishaka-Katungulu'!G5:H5 -> Rubirizi | J5: Surveyor | K5: ='09.09 Ishaka-Katungulu'!K5:L5 -> xxx
C6: Dir. From | D6: Katungulu | F6: Dir. To | G6: Ishaka | J6: Supervisor | K6: ='09.09 Ishaka-Katungulu'!K6:L6 -> xxx
B8: Time / Veh Type | R8: SUMMARY TRAFFIC VOLUMES
C9: 1. Car | D9: 2. Station Wagon | E9: 3. Pickups | F9: 4. Minibus, matatu | G9: 5. Medium bus | H9: 6. Large Bus | I9: 7. Light Truck | J9: 8. Medium Truck | K9: 9. Heavy truck | L9: 10. Truck Trailer | M9: 11. Motor cycles | N9: 12. Tractors | O9: Total Excl M/Cycles | P9: Total All | R9: Time | S9: 1. Car | T9: 2. Station Wagon | U9: 3. Pickups | V9: 4. Minibus, matatu | W9: 5. Medium bus | X9: 6. Large Bus | Y9: 7. Light Truck | Z9: 8. Medium Truck | AA9: 9. Heavy truck | AB9: 10. Truck Trailer | AC9: 11. Motorcycles | AD9: 12. Tractors, Graders | AE9: Total Excl M/ Cycles | AF9: Total All
B10: 07.00 - 07.15 | C10: 0 | D10: 0 | E10: 0 | F10: 0 | G10: 0 | H10: 0 | I10: 0 | J10: 0 | K10: 0 | L10: 0 | M10: 2 | N10: 0 | O10: =SUM(C10:L10,N10) -> 0 | P10: =SUM(C10:N10) -> 2 | R10: 0700-0800 | S10: =SUM(C10:C13) -> 7 | T10: =SUM(D10:D13) -> 0 | U10: =SUM(E10:E13) -> 1 | V10: =SUM(F10:F13) -> 4 | W10: =SUM(G10:G13) -> 0 | X10: =SUM(H10:H13) -> 0 | Y10: =SUM(I10:I13) -> 0 | Z10: =SUM(J10:J13) -> 1 | ... AF10: =SUM(P10:P13) -> 41
B11: 07.15 - 07.30 | C11: 1 | D11: 0 | E11: 0 | F11: 1 | G11: 0 | H11: 0 | I11: 0 | J11: 0 | K11: 0 | L11: 0 | M11: 3 | N11: 0 | O11: =SUM(C11:L11,N11) -> 2 | P11: =SUM(C11:N11) -> 5 | R11: 0800-0900 | S11: =SUM(C14:C17) -> 8 | T11: =SUM(D14:D17) -> 0 | U11: =SUM(E14:E17) -> 7 | V11: =SUM(F14:F17) -> 13 | W11: =SUM(G14:G17) -> 0 | X11: =SUM(H14:H17) -> 1 | Y11: =SUM(I14:I17) -> 4 | Z11: =SUM(J14:J17) -> 0 | ... AF11: =SUM(P14:P17) -> 111
B12: 07.30 - 07.45 | C12: 2 | D12: 0 | E12: 0 | F12: 1 | G12: 0 | H12: 0 | I12: 0 | J12: 0 | K12: 0 | L12: 0 | M12: 8 | N12: 0 | O12: =SUM(C12:L12,N12) -> 3 | P12: =SUM(C12:N12) -> 11 | R12: 0900-1000 | S12: =SUM(C18:C21) -> 13 | T12: =SUM(D18:D21) -> 0 | U12: =SUM(E18:E21) -> 9 | V12: =SUM(F18:F21) -> 13 | W12: =SUM(G18:G21) -> 0 | X12: =SUM(H18:H21) -> 0 | Y12: =SUM(I18:I21) -> 2 | Z12: =SUM(J18:J21) -> 1 | ... AF12: =SUM(P18:P21) -> 189
B13: 07.45 - 08.00 | C13: 4 | D13: 0 | E13: 1 | F13: 2 | G13: 0 | H13: 0 | I13: 0 | J13: 1 | K13: 1 | L13: 0 | M13: 14 | N13: 0 | O13: =SUM(C13:L13,N13) -> 9 | P13: =SUM(C13:N13) -> 23 | R13: 1000-1100 | S13: =SUM(C22:C25) -> 29 | T13: =SUM(D22:D25) -> 1 | U13: =SUM(E22:E25) -> 12 | V13: =SUM(F22:F25) -> 9 | W13: =SUM(G22:G25) -> 0 | X13: =SUM(H22:H25) -> 2 | Y13: =SUM(I22:I25) -> 4 | Z13: =SUM(J22:J25) -> 0 | ... AF13: =SUM(P22:P25) -> 221
B14: 08.00 - 08.15 | C14: 2 | D14: 0 | E14: 2 | F14: 3 | G14: 0 | H14: 0 | I14: 0 | J14: 0 | K14: 0 | L14: 0 | M14: 12 | N14: 0 | O14: =SUM(C14:L14,N14) -> 7 | P14: =SUM(C14:N14) -> 19 | R14: 1100-1200 | S14: =SUM(C26:C29) -> 16 | T14: =SUM(D26:D29) -> 2 | U14: =SUM(E26:E29) -> 14 | V14: =SUM(F26:F29) -> 11 | W14: =SUM(G26:G29) -> 0 | X14: =SUM(H26:H29) -> 0 | Y14: =SUM(I26:I29) -> 1 | Z14: =SUM(J26:J29) -> 4 | ... AF14: =SUM(P26:P29) -> 204
B15: 08.15 - 08.30 | C15: 3 | D15: 0 | E15: 4 | F15: 5 | G15: 0 | H15: 0 | I15: 1 | J15: 0 | K15: 0 | L15: 0 | M15: 20 | N15: 0 | O15: =SUM(C15:L15,N15) -> 13 | P15: =SUM(C15:N15) -> 33 | R15: 1200-1300 | S15: =SUM(C30:C33) -> 22 | T15: =SUM(D30:D33) -> 0 | U15: =SUM(E30:E33) -> 6 | V15: =SUM(F30:F33) -> 16 | W15: =SUM(G30:G33) -> 0 | X15: =SUM(H30:H33) -> 0 | Y15: =SUM(I30:I33) -> 6 | Z15: =SUM(J30:J33) -> 0 | ... AF15: =SUM(P30:P33) -> 172
B16: 08.30 - 08.45 | C16: 1 | D16: 0 | E16: 0 | F16: 2 | G16: 0 | H16: 0 | I16: 1 | J16: 0 | K16: 0 | L16: 0 | M16: 17 | N16: 0 | O16: =SUM(C16:L16,N16) -> 4 | P16: =SUM(C16:N16) -> 21 | R16: 1300-1400 | S16: =SUM(C34:C37) -> 37 | T16: =SUM(D34:D37) -> 2 | U16: =SUM(E34:E37) -> 30 | V16: =SUM(F34:F37) -> 14 | W16: =SUM(G34:G37) -> 1 | X16: =SUM(H34:H37) -> 0 | Y16: =SUM(I34:I37) -> 4 | Z16: =SUM(J34:J37) -> 4 | ... AF16: =SUM(P34:P37) -> 225
B17: 08.45 - 9.00 | C17: 2 | D17: 0 | E17: 1 | F17: 3 | G17: 0 | H17: 1 | I17: 2 | J17: 0 | K17: 1 | L17: 0 | M17: 28 | N17: 0 | O17: =SUM(C17:L17,N17) -> 10 | P17: =SUM(C17:N17) -> 38 | R17: 1400-1500 | S17: =SUM(C38:C41) -> 27 | T17: =SUM(D38:D41) -> 2 | U17: =SUM(E38:E41) -> 17 | V17: =SUM(F38:F41) -> 18 | W17: =SUM(G38:G41) -> 0 | X17: =SUM(H38:H41) -> 0 | Y17: =SUM(I38:I41) -> 2 | Z17: =SUM(J38:J41) -> 1 | ... AF17: =SUM(P38:P41) -> 192
B18: 09.00 - 09.15 | C18: 1 | D18: 0 | E18: 2 | F18: 1 | G18: 0 | H18: 0 | I18: 0 | J18: 0 | K18: 0 | L18: 1 | M18: 23 | N18: 0 | O18: =SUM(C18:L18,N18) -> 5 | P18: =SUM(C18:N18) -> 28 | R18: 1500-1600 | S18: =SUM(C42:C45) -> 31 | T18: =SUM(D42:D45) -> 1 | U18: =SUM(E42:E45) -> 9 | V18: =SUM(F42:F45) -> 18 | W18: =SUM(G42:G45) -> 0 | X18: =SUM(H42:H45) -> 0 | Y18: =SUM(I42:I45) -> 3 | Z18: =SUM(J42:J45) -> 4 | ... AF18: =SUM(P42:P45) -> 203
B19: 09.15 - 09.30 | C19: 2 | D19: 0 | E19: 4 | F19: 2 | G19: 0 | H19: 0 | I19: 1 | J19: 0 | K19: 0 | L19: 2 | M19: 38 | N19: 0 | O19: =SUM(C19:L19,N19) -> 11 | P19: =SUM(C19:N19) -> 49 | R19: 1600-1700 | S19: =SUM(C46:C49) -> 48 | T19: =SUM(D46:D49) -> 1 | U19: =SUM(E46:E49) -> 19 | V19: =SUM(F46:F49) -> 15 | W19: =SUM(G46:G49) -> 0 | X19: =SUM(H46:H49) -> 1 | Y19: =SUM(I46:I49) -> 7 | Z19: =SUM(J46:J49) -> 5 | ... AF19: =SUM(P46:P49) -> 295
B20: 09.30 - 09.45 | C20: 4 | D20: 0 | E20: 1 | F20: 4 | G20: 0 | H20: 0 | I20: 0 | J20: 0 | K20: 0 | L20: 1 | M20: 31 | N20: 0 | O20: =SUM(C20:L20,N20) -> 10 | P20: =SUM(C20:N20) -> 41 | R20: 1700-1800 | S20: =SUM(C50:C53) -> 55 | T20: =SUM(D50:D53) -> 4 | U20: =SUM(E50:E53) -> 48 | V20: =SUM(F50:F53) -> 16 | W20: =SUM(G50:G53) -> 6 | X20: =SUM(H50:H53) -> 0 | Y20: =SUM(I50:I53) -> 9 | Z20: =SUM(J50:J53) -> 4 | ... AF20: =SUM(P50:P53) -> 294
B21: 09.45 - 10.00 | C21: 6 | D21: 0 | E21: 2 | F21: 6 | G21: 0 | H21: 0 | I21: 1 | J21: 1 | K21: 0 | L21: 3 | M21: 52 | N21: 0 | O21: =SUM(C21:L21,N21) -> 19 | P21: =SUM(C21:N21) -> 71 | R21: 1800-1900 | S21: =SUM(C54:C57) -> 38 | T21: =SUM(D54:D57) -> 1 | U21: =SUM(E54:E57) -> 11 | V21: =SUM(F54:F57) -> 24 | W21: =SUM(G54:G57) -> 4 | X21: =SUM(H54:H57) -> 0 | Y21: =SUM(I54:I57) -> 11 | Z21: =SUM(J54:J57) -> 3 | ... AF21: =SUM(P54:P57) -> 253
B22: 10.00 - 10.15 | C22: 4 | D22: 0 | E22: 2 | F22: 2 | G22: 0 | H22: 0 | I22: 0 | J22: 0 | K22: 0 | L22: 0 | M22: 30 | N22: 0 | O22: =SUM(C22:L22,N22) -> 8 | P22: =SUM(C22:N22) -> 38 | R22: AM Peak Hr | S22: =MAX(S10:S12) -> 13 | T22: =MAX(T10:T12) -> 0 | U22: =MAX(U10:U12) -> 9 | V22: =MAX(V10:V12) -> 13 | W22: =MAX(W10:W12) -> 0 | X22: =MAX(X10:X12) -> 1 | Y22: =MAX(Y10:Y12) -> 4 | Z22: =MAX(Z10:Z12) -> 1 | ... AF22: =MAX(AF10:AF12) -> 189
B23: 10.15 - 10.30 | C23: 6 | D23: 0 | E23: 4 | F23: 4 | G23: 0 | H23: 1 | I23: 1 | J23: 0 | K23: 0 | L23: 0 | M23: 50 | N23: 0 | O23: =SUM(C23:L23,N23) -> 16 | P23: =SUM(C23:N23) -> 66 | R23: IP Peak Hr | S23: =MAX(S13:S18) -> 37 | T23: =MAX(T13:T18) -> 2 | U23: =MAX(U13:U18) -> 30 | V23: =MAX(V13:V18) -> 18 | W23: =MAX(W13:W18) -> 1 | X23: =MAX(X13:X18) -> 2 | Y23: =MAX(Y13:Y18) -> 6 | Z23: =MAX(Z13:Z18) -> 4 | ... AF23: =MAX(AF13:AF18) -> 225
B24: 10.30 - 10.45 | C24: 7 | D24: 0 | E24: 2 | F24: 1 | G24: 0 | H24: 0 | I24: 1 | J24: 0 | K24: 0 | L24: 0 | M24: 31 | N24: 0 | O24: =SUM(C24:L24,N24) -> 11 | P24: =SUM(C24:N24) -> 42 | R24: PM Peak Hr | S24: =MAX(S19:S21) -> 55 | T24: =MAX(T19:T21) -> 4 | U24: =MAX(U19:U21) -> 48 | V24: =MAX(V19:V21) -> 24 | W24: =MAX(W19:W21) -> 6 | X24: =MAX(X19:X21) -> 1 | Y24: =MAX(Y19:Y21) -> 11 | Z24: =MAX(Z19:Z21) -> 5 | ... AF24: =MAX(AF19:AF21) -> 295
B25: 10.45 - 11.00 | C25: 12 | D25: 1 | E25: 4 | F25: 2 | G25: 0 | H25: 1 | I25: 2 | J25: 0 | K25: 0 | L25: 1 | M25: 52 | N25: 0 | O25: =SUM(C25:L25,N25) -> 23 | P25: =SUM(C25:N25) -> 75 | R25: AM Period | S25: =SUM(S10:S12) -> 28 | T25: =SUM(T10:T12) -> 0 | U25: =SUM(U10:U12) -> 17 | V25: =SUM(V10:V12) -> 30 | W25: =SUM(W10:W12) -> 0 | X25: =SUM(X10:X12) -> 1 | Y25: =SUM(Y10:Y12) -> 6 | Z25: =SUM(Z10:Z12) -> 2 | ... AF25: =SUM(AF10:AF12) -> 341
B26: 11.00 - 11.15 | C26: 2 | D26: 0 | E26: 2 | F26: 4 | G26: 0 | H26: 0 | I26: 0 | J26: 1 | K26: 0 | L26: 1 | M26: 33 | N26: 0 | O26: =SUM(C26:L26,N26) -> 10 | P26: =SUM(C26:N26) -> 43 | R26: IP Period | S26: =SUM(S13:S18) -> 162 | T26: =SUM(T13:T18) -> 8 | U26: =SUM(U13:U18) -> 88 | V26: =SUM(V13:V18) -> 86 | W26: =SUM(W13:W18) -> 1 | X26: =SUM(X13:X18) -> 2 | Y26: =SUM(Y13:Y18) -> 20 | Z26: =SUM(Z13:Z18) -> 13 | ... AF26: =SUM(AF13:AF18) -> 1217
B27: 11.15 - 11.30 | C27: 4 | D27: 1 | E27: 4 | F27: 6 | G27: 0 | H27: 0 | I27: 1 | J27: 3 | K27: 1 | L27: 2 | M27: 55 | N27: 0 | O27: =SUM(C27:L27,N27) -> 22 | P27: =SUM(C27:N27) -> 77 | R27: PM Period | S27: =SUM(S19:S21) -> 141 | T27: =SUM(T19:T21) -> 6 | U27: =SUM(U19:U21) -> 78 | V27: =SUM(V19:V21) -> 55 | W27: =SUM(W19:W21) -> 10 | X27: =SUM(X19:X21) -> 1 | Y27: =SUM(Y19:Y21) -> 27 | Z27: =SUM(Z19:Z21) -> 12 | ... AF27: =SUM(AF19:AF21) -> 842
B28: 11.30 - 11.45 | C28: 4 | D28: 0 | E28: 3 | F28: 0 | G28: 0 | H28: 0 | I28: 0 | J28: 0 | K28: 1 | L28: 1 | M28: 22 | N28: 0 | O28: =SUM(C28:L28,N28) -> 9 | P28: =SUM(C28:N28) -> 31 | R28: 12 Hours | S28: =SUM(S10:S21) -> 331 | T28: =SUM(T10:T21) -> 14 | U28: =SUM(U10:U21) -> 183 | V28: =SUM(V10:V21) -> 171 | W28: =SUM(W10:W21) -> 11 | X28: =SUM(X10:X21) -> 4 | Y28: =SUM(Y10:Y21) -> 53 | Z28: =SUM(Z10:Z21) -> 27 | ... AF28: =SUM(AF10:AF21) -> 2400
B29: 11.45 - 12.00 | C29: 6 | D29: 1 | E29: 5 | F29: 1 | G29: 0 | H29: 0 | I29: 0 | J29: 0 | K29: 2 | L29: 2 | M29: 36 | N29: 0 | O29: =SUM(C29:L29,N29) -> 17 | P29: =SUM(C29:N29) -> 53
B30: 12.00 - 12.15 | C30: 4 | D30: 0 | E30: 2 | F30: 2 | G30: 0 | H30: 0 | I30: 0 | J30: 0 | K30: 0 | L30: 1 | M30: 23 | N30: 0 | O30: =SUM(C30:L30,N30) -> 9 | P30: =SUM(C30:N30) -> 32
B31: 12.15 - 12.30 | C31: 7 | D31: 0 | E31: 3 | F31: 4 | G31: 0 | H31: 0 | I31: 1 | J31: 0 | K31: 0 | L31: 2 | M31: 38 | N31: 0 | O31: =SUM(C31:L31,N31) -> 17 | P31: =SUM(C31:N31) -> 55
B32: 12.30 - 12.45 | C32: 4 | D32: 0 | E32: 0 | F32: 4 | G32: 0 | H32: 0 | I32: 2 | J32: 0 | K32: 0 | L32: 1 | M32: 20 | N32: 0 | O32: =SUM(C32:L32,N32) -> 11 | P32: =SUM(C32:N32) -> 31
B33: 12.45 - 13.00 | C33: 7 | D33: 0 | E33: 1 | F33: 6 | G33: 0 | H33: 0 | I33: 3 | J33: 0 | K33: 1 | L33: 2 | M33: 34 | N33: 0 | O33: =SUM(C33:L33,N33) -> 20 | P33: =SUM(C33:N33) -> 54
B34: 13.00 - 13.15 | C34: 8 | D34: 0 | E34: 6 | F34: 2 | G34: 0 | H34: 0 | I34: 1 | J34: 1 | K34: 0 | L34: 1 | M34: 19 | N34: 0 | O34: =SUM(C34:L34,N34) -> 19 | P34: =SUM(C34:N34) -> 38
B35: 13.15 - 13.30 | C35: 13 | D35: 1 | E35: 10 | F35: 4 | G35: 1 | H35: 0 | I35: 2 | J35: 2 | K35: 0 | L35: 2 | M35: 31 | N35: 0 | O35: =SUM(C35:L35,N35) -> 35 | P35: =SUM(C35:N35) -> 66
B36: 13.30 - 13.45 | C36: 6 | D36: 0 | E36: 5 | F36: 3 | G36: 0 | H36: 0 | I36: 0 | J36: 0 | K36: 0 | L36: 0 | M36: 29 | N36: 0 | O36: =SUM(C36:L36,N36) -> 14 | P36: =SUM(C36:N36) -> 43
B37: 13.45 - 14.00 | C37: 10 | D37: 1 | E37: 9 | F37: 5 | G37: 0 | H37: 0 | I37: 1 | J37: 1 | K37: 1 | L37: 1 | M37: 49 | N37: 0 | O37: =SUM(C37:L37,N37) -> 29 | P37: =SUM(C37:N37) -> 78
B38: 14.00 - 14.15 | C38: 8 | D38: 0 | E38: 3 | F38: 4 | G38: 0 | H38: 0 | I38: 0 | J38: 0 | K38: 0 | L38: 0 | M38: 17 | N38: 0 | O38: =SUM(C38:L38,N38) -> 15 | P38: =SUM(C38:N38) -> 32
B39: 14.15 - 14.30 | C39: 13 | D39: 1 | E39: 5 | F39: 6 | G39: 0 | H39: 0 | I39: 1 | J39: 0 | K39: 0 | L39: 0 | M39: 28 | N39: 0 | O39: =SUM(C39:L39,N39) -> 26 | P39: =SUM(C39:N39) -> 54
B40: 14.30 - 14.45 | C40: 2 | D40: 0 | E40: 3 | F40: 3 | G40: 0 | H40: 0 | I40: 0 | J40: 0 | K40: 0 | L40: 1 | M40: 29 | N40: 0 | O40: =SUM(C40:L40,N40) -> 9 | P40: =SUM(C40:N40) -> 38
... B57: 18.45 - 19.00 | C57: 12 | D57: 1 | E57: 4 | F57: 2 | G57: 1 | H57: 0 | I57: 4 | J57: 2 | K57: 0 | L57: 1 | M57: 56 | N57: 0 | O57: =SUM(C57:L57,N57) -> 27 | P57: =SUM(C57:N57) -> 83
B58: Totals | C58: =SUM(C10:C57) -> 331 | D58: =SUM(D10:D57) -> 14 | E58: =SUM(E10:E57) -> 183 | F58: =SUM(F10:F57) -> 171 | G58: =SUM(G10:G57) -> 11 | H58: =SUM(H10:H57) -> 4 | I58: =SUM(I10:I57) -> 53 | J58: =SUM(J10:J57) -> 27 | ... P58: =SUM(P10:P57) -> 2400
B59: %ges + MCs | C59: =C58/$P$58 -> 0.13791667 | D59: =D58/$P$58 -> 0.0058333333 | E59: =E58/$P$58 -> 0.07625 | F59: =F58/$P$58 -> 0.07125 | G59: =G58/$P$58 -> 0.0045833333 | H59: =H58/$P$58 -> 0.0016666667 | I59: =I58/$P$58 -> 0.022083333 | J59: =J58/$P$58 -> 0.01125 | ... N59: =N58/$P$58 -> 0
B60: %ges w/o MCs | C60: =C58/$O$58 -> 0.38941176 | D60: =D58/$O$58 -> 0.016470588 | E60: =E58/$O$58 -> 0.21529412 | F60: =F58/$O$58 -> 0.20117647 | G60: =G58/$O$58 -> 0.012941176 | H60: =H58/$O$58 -> 0.0047058824 | I60: =I58/$O$58 -> 0.062352941 | J60: =J58/$O$58 -> 0.031764706 | ... L60: =L58/$O$58 -> 0.043529412 | N60: =N58/$O$58 -> 0

Sheet 10.09 Ishaka-Katungulu
B1: Consultancy services for Preparation of Expressway Development Master Plan (EDMP) for Uganda
B2: MANUAL CLASSIFIED COUNT (MCC)
B3: ROAD NAME: | C3: ='09.09 Ishaka-Katungulu'!C3:G3 -> MCC - C4 - STN104 - ISHAKA KATUNGULU ROAD
C5: Date | D5: 10.09.19 | F5: Location | G5: ='09.09 Ishaka-Katungulu'!G5:H5 -> Rubirizi | J5: Surveyor | K5: ='09.09 Ishaka-Katungulu'!K5:L5 -> xxx
C6: Dir. From | D6: ='09.09 Ishaka-Katungulu'!D6:E6 -> Ishaka | F6: Dir. To | G6: ='09.09 Ishaka-Katungulu'!G6:H6 -> Katungulu | J6: Supervisor | K6: ='09.09 Ishaka-Katungulu'!K6:L6 -> xxx
B8: Time / Veh Type | R8: SUMMARY TRAFFIC VOLUMES
C9: 1. Car | D9: 2. Station Wagon | E9: 3. Pickups | F9: 4. Minibus, matatu | G9: 5. Medium bus | H9: 6. Large Bus | I9: 7. Light Truck | J9: 8. Medium Truck | K9: 9. Heavy truck | L9: 10. Truck Trailer | M9: 11. Motor cycles | N9: 12. Tractors | O9: Total Excl M/Cycles | P9: Total All | R9: Time | S9: 1. Car | T9: 2. Station Wagon | U9: 3. Pickups | V9: 4. Minibus, matatu | W9: 5. Medium bus | X9: 6. Large Bus | Y9: 7. Light Truck | Z9: 8. Medium Truck | AA9: 9. Heavy truck | AB9: 10. Truck Trailer | AC9: 11. Motorcycles | AD9: 12. Tractors, Graders | AE9: Total Excl M/ Cycles | AF9: Total All
B10: 07.00 - 07.15 | C10: 1 | D10: 0 | E10: 2 | F10: 3 | G10: 0 | H10: 0 | I10: 0 | J10: 0 | K10: 0 | L10: 0 | M10: 2 | N10: 0 | O10: =SUM(C10:L10,N10) -> 6 | P10: =SUM(C10:N10) -> 8 | R10: 0700-0800 | S10: =SUM(C10:C13) -> 6 | T10: =SUM(D10:D13) -> 0 | U10: =SUM(E10:E13) -> 10 | V10: =SUM(F10:F13) -> 16 | W10: =SUM(G10:G13) -> 0 | X10: =SUM(H10:H13) -> 0 | Y10: =SUM(I10:I13) -> 0 | Z10: =SUM(J10:J13) -> 2 | ... AF10: =SUM(P10:P13) -> 72
B11: 07.15 - 07.30 | C11: 2 | D11: 0 | E11: 3 | F11: 5 | G11: 0 | H11: 0 | I11: 0 | J11: 1 | K11: 0 | L11: 1 | M11: 4 | N11: 0 | O11: =SUM(C11:L11,N11) -> 12 | P11: =SUM(C11:N11) -> 16 | R11: 0800-0900 | S11: =SUM(C14:C17) -> 9 | T11: =SUM(D14:D17) -> 0 | U11: =SUM(E14:E17) -> 7 | V11: =SUM(F14:F17) -> 11 | W11: =SUM(G14:G17) -> 0 | X11: =SUM(H14:H17) -> 0 | Y11: =SUM(I14:I17) -> 0 | Z11: =SUM(J14:J17) -> 2 | ... AF11: =SUM(P14:P17) -> 211
B12: 07.30 - 07.45 | C12: 1 | D12: 0 | E12: 2 | F12: 3 | G12: 0 | H12: 0 | I12: 0 | J12: 0 | K12: 0 | L12: 0 | M12: 11 | N12: 0 | O12: =SUM(C12:L12,N12) -> 6 | P12: =SUM(C12:N12) -> 17 | R12: 0900-1000 | S12: =SUM(C18:C21) -> 16 | T12: =SUM(D18:D21) -> 1 | U12: =SUM(E18:E21) -> 13 | V12: =SUM(F18:F21) -> 9 | W12: =SUM(G18:G21) -> 0 | X12: =SUM(H18:H21) -> 1 | Y12: =SUM(I18:I21) -> 5 | Z12: =SUM(J18:J21) -> 0 | ... AF12: =SUM(P18:P21) -> 201
B13: 07.45 - 08.00 | C13: 2 | D13: 0 | E13: 3 | F13: 5 | G13: 0 | H13: 0 | I13: 0 | J13: 1 | K13: 1 | L13: 1 | M13: 18 | N13: 0 | O13: =SUM(C13:L13,N13) -> 13 | P13: =SUM(C13:N13) -> 31 | R13: 1000-1100 | S13: =SUM(C22:C25) -> 24 | T13: =SUM(D22:D25) -> 2 | U13: =SUM(E22:E25) -> 16 | V13: =SUM(F22:F25) -> 9 | W13: =SUM(G22:G25) -> 0 | X13: =SUM(H22:H25) -> 0 | Y13: =SUM(I22:I25) -> 4 | Z13: =SUM(J22:J25) -> 0 | ... AF13: =SUM(P22:P25) -> 246
B14: 08.00 - 08.15 | C14: 0 | D14: 0 | E14: 2 | F14: 2 | G14: 0 | H14: 0 | I14: 0 | J14: 0 | K14: 5 | L14: 0 | M14: 25 | N14: 0 | O14: =SUM(C14:L14,N14) -> 9 | P14: =SUM(C14:N14) -> 34 | R14: 1100-1200 | S14: =SUM(C26:C29) -> 16 | T14: =SUM(D26:D29) -> 1 | U14: =SUM(E26:E29) -> 15 | V14: =SUM(F26:F29) -> 4 | W14: =SUM(G26:G29) -> 0 | X14: =SUM(H26:H29) -> 0 | Y14: =SUM(I26:I29) -> 4 | Z14: =SUM(J26:J29) -> 3 | ... AF14: =SUM(P26:P29) -> 213
B15: 08.15 - 08.30 | C15: 1 | D15: 0 | E15: 4 | F15: 4 | G15: 0 | H15: 0 | I15: 0 | J15: 1 | K15: 9 | L15: 0 | M15: 41 | N15: 0 | O15: =SUM(C15:L15,N15) -> 19 | P15: =SUM(C15:N15) -> 60 | R15: 1200-1300 | S15: =SUM(C30:C33) -> 13 | T15: =SUM(D30:D33) -> 0 | U15: =SUM(E30:E33) -> 7 | V15: =SUM(F30:F33) -> 19 | W15: =SUM(G30:G33) -> 0 | X15: =SUM(H30:H33) -> 0 | Y15: =SUM(I30:I33) -> 8 | Z15: =SUM(J30:J33) -> 0 | ... AF15: =SUM(P30:P33) -> 235
B16: 08.30 - 08.45 | C16: 3 | D16: 0 | E16: 0 | F16: 2 | G16: 0 | H16: 0 | I16: 0 | J16: 0 | K16: 4 | L16: 1 | M16: 32 | N16: 0 | O16: =SUM(C16:L16,N16) -> 10 | P16: =SUM(C16:N16) -> 42 | R16: 1300-1400 | S16: =SUM(C34:C37) -> 19 | T16: =SUM(D34:D37) -> 2 | U16: =SUM(E34:E37) -> 21 | V16: =SUM(F34:F37) -> 12 | W16: =SUM(G34:G37) -> 0 | X16: =SUM(H34:H37) -> 0 | Y16: =SUM(I34:I37) -> 11 | Z16: =SUM(J34:J37) -> 6 | ... AF16: =SUM(P34:P37) -> 233
B17: 08.45 - 9.00 | C17: 5 | D17: 0 | E17: 1 | F17: 3 | G17: 0 | H17: 0 | I17: 0 | J17: 1 | K17: 6 | L17: 2 | M17: 57 | N17: 0 | O17: =SUM(C17:L17,N17) -> 18 | P17: =SUM(C17:N17) -> 75 | R17: 1400-1500 | S17: =SUM(C38:C41) -> 16 | T17: =SUM(D38:D41) -> 0 | U17: =SUM(E38:E41) -> 11 | V17: =SUM(F38:F41) -> 18 | W17: =SUM(G38:G41) -> 0 | X17: =SUM(H38:H41) -> 0 | Y17: =SUM(I38:I41) -> 5 | Z17: =SUM(J38:J41) -> 1 | ... AF17: =SUM(P38:P41) -> 166
B18: 09.00 - 09.15 | C18: 3 | D18: 0 | E18: 3 | F18: 1 | G18: 0 | H18: 0 | I18: 2 | J18: 0 | K18: 1 | L18: 0 | M18: 41 | N18: 0 | O18: =SUM(C18:L18,N18) -> 10 | P18: =SUM(C18:N18) -> 51 | R18: 1500-1600 | S18: =SUM(C42:C45) -> 16 | T18: =SUM(D42:D45) -> 1 | U18: =SUM(E42:E45) -> 17 | V18: =SUM(F42:F45) -> 11 | W18: =SUM(G42:G45) -> 0 | X18: =SUM(H42:H45) -> 0 | Y18: =SUM(I42:I45) -> 6 | Z18: =SUM(J42:J45) -> 3 | ... AF18: =SUM(P42:P45) -> 246
B19: 09.15 - 09.30 | C19: 5 | D19: 1 | E19: 4 | F19: 2 | G19: 0 | H19: 1 | I19: 3 | J19: 0 | K19: 2 | L19: 0 | M19: 69 | N19: 0 | O19: =SUM(C19:L19,N19) -> 18 | P19: =SUM(C19:N19) -> 87 | R19: 1600-1700 | S19: =SUM(C46:C49) -> 16 | T19: =SUM(D46:D49) -> 2 | U19: =SUM(E46:E49) -> 19 | V19: =SUM(F46:F49) -> 14 | W19: =SUM(G46:G49) -> 1 | X19: =SUM(H46:H49) -> 0 | Y19: =SUM(I46:I49) -> 11 | Z19: =SUM(J46:J49) -> 11 | ... AF19: =SUM(P46:P49) -> 232
B20: 09.30 - 09.45 | C20: 3 | D20: 0 | E20: 2 | F20: 2 | G20: 0 | H20: 0 | I20: 0 | J20: 0 | K20: 4 | L20: 0 | M20: 12 | N20: 0 | O20: =SUM(C20:L20,N20) -> 11 | P20: =SUM(C20:N20) -> 23 | R20: 1700-1800 | S20: =SUM(C50:C53) -> 8 | T20: =SUM(D50:D53) -> 1 | U20: =SUM(E50:E53) -> 13 | V20: =SUM(F50:F53) -> 17 | W20: =SUM(G50:G53) -> 0 | X20: =SUM(H50:H53) -> 0 | Y20: =SUM(I50:I53) -> 6 | Z20: =SUM(J50:J53) -> 7 | ... AF20: =SUM(P50:P53) -> 280
B21: 09.45 - 10.00 | C21: 5 | D21: 0 | E21: 4 | F21: 4 | G21: 0 | H21: 0 | I21: 0 | J21: 0 | K21: 6 | L21: 1 | M21: 20 | N21: 0 | O21: =SUM(C21:L21,N21) -> 20 | P21: =SUM(C21:N21) -> 40 | R21: 1800-1900 | S21: =SUM(C54:C57) -> 30 | T21: =SUM(D54:D57) -> 1 | U21: =SUM(E54:E57) -> 14 | V21: =SUM(F54:F57) -> 20 | W21: =SUM(G54:G57) -> 0 | X21: =SUM(H54:H57) -> 1 | Y21: =SUM(I54:I57) -> 9 | Z21: =SUM(J54:J57) -> 0 | ... AF21: =SUM(P54:P57) -> 285
B22: 10.00 - 10.15 | C22: 4 | D22: 0 | E22: 3 | F22: 1 | G22: 0 | H22: 0 | I22: 0 | J22: 0 | K22: 5 | L22: 2 | M22: 40 | N22: 0 | O22: =SUM(C22:L22,N22) -> 15 | P22: =SUM(C22:N22) -> 55 | R22: AM Peak Hr | S22: =MAX(S10:S12) -> 16 | T22: =MAX(T10:T12) -> 1 | U22: =MAX(U10:U12) -> 13 | V22: =MAX(V10:V12) -> 16 | W22: =MAX(W10:W12) -> 0 | X22: =MAX(X10:X12) -> 1 | Y22: =MAX(Y10:Y12) -> 5 | Z22: =MAX(Z10:Z12) -> 2 | ... AF22: =MAX(AF10:AF12) -> 211
B23: 10.15 - 10.30 | C23: 7 | D23: 1 | E23: 4 | F23: 3 | G23: 0 | H23: 0 | I23: 1 | J23: 0 | K23: 8 | L23: 4 | M23: 66 | N23: 0 | O23: =SUM(C23:L23,N23) -> 28 | P23: =SUM(C23:N23) -> 94 | R23: IP Peak Hr | S23: =MAX(S13:S18) -> 24 | T23: =MAX(T13:T18) -> 2 | U23: =MAX(U13:U18) -> 21 | V23: =MAX(V13:V18) -> 19 | W23: =MAX(W13:W18) -> 0 | X23: =MAX(X13:X18) -> 0 | Y23: =MAX(Y13:Y18) -> 11 | Z23: =MAX(Z13:Z18) -> 6 | ... AF23: =MAX(AF13:AF18) -> 246
B24: 10.30 - 10.45 | C24: 5 | D24: 0 | E24: 4 | F24: 2 | G24: 0 | H24: 0 | I24: 1 | J24: 0 | K24: 0 | L24: 0 | M24: 24 | N24: 0 | O24: =SUM(C24:L24,N24) -> 12 | P24: =SUM(C24:N24) -> 36 | R24: PM Peak Hr | S24: =MAX(S19:S21) -> 30 | T24: =MAX(T19:T21) -> 2 | U24: =MAX(U19:U21) -> 19 | V24: =MAX(V19:V21) -> 20 | W24: =MAX(W19:W21) -> 1 | X24: =MAX(X19:X21) -> 1 | Y24: =MAX(Y19:Y21) -> 11 | Z24: =MAX(Z19:Z21) -> 11 | ... AF24: =MAX(AF19:AF21) -> 285
B25: 10.45 - 11.00 | C25: 8 | D25: 1 | E25: 5 | F25: 3 | G25: 0 | H25: 0 | I25: 2 | J25: 0 | K25: 1 | L25: 1 | M25: 40 | N25: 0 | O25: =SUM(C25:L25,N25) -> 21 | P25: =SUM(C25:N25) -> 61 | R25: AM Period | S25: =SUM(S10:S12) -> 31 | T25: =SUM(T10:T12) -> 1 | U25: =SUM(U10:U12) -> 30 | V25: =SUM(V10:V12) -> 36 | W25: =SUM(W10:W12) -> 0 | X25: =SUM(X10:X12) -> 1 | Y25: =SUM(Y10:Y12) -> 5 | Z25: =SUM(Z10:Z12) -> 4 | ... AF25: =SUM(AF10:AF12) -> 484
B26: 11.00 - 11.15 | C26: 4 | D26: 0 | E26: 4 | F26: 1 | G26: 0 | H26: 0 | I26: 1 | J26: 0 | K26: 0 | L26: 2 | M26: 32 | N26: 0 | O26: =SUM(C26:L26,N26) -> 12 | P26: =SUM(C26:N26) -> 44 | R26: IP Period | S26: =SUM(S13:S18) -> 104 | T26: =SUM(T13:T18) -> 6 | U26: =SUM(U13:U18) -> 87 | V26: =SUM(V13:V18) -> 73 | W26: =SUM(W13:W18) -> 0 | X26: =SUM(X13:X18) -> 0 | Y26: =SUM(Y13:Y18) -> 38 | Z26: =SUM(Z13:Z18) -> 13 | ... AF26: =SUM(AF13:AF18) -> 1339
B27: 11.15 - 11.30 | C27: 6 | D27: 1 | E27: 5 | F27: 2 | G27: 0 | H27: 0 | I27: 2 | J27: 0 | K27: 1 | L27: 4 | M27: 54 | N27: 0 | O27: =SUM(C27:L27,N27) -> 21 | P27: =SUM(C27:N27) -> 75 | R27: PM Period | S27: =SUM(S19:S21) -> 54 | T27: =SUM(T19:T21) -> 4 | U27: =SUM(U19:U21) -> 46 | V27: =SUM(V19:V21) -> 51 | W27: =SUM(W19:W21) -> 1 | X27: =SUM(X19:X21) -> 1 | Y27: =SUM(Y19:Y21) -> 26 | Z27: =SUM(Z19:Z21) -> 18 | ... AF27: =SUM(AF19:AF21) -> 797
B28: 11.30 - 11.45 | C28: 2 | D28: 0 | E28: 2 | F28: 0 | G28: 0 | H28: 0 | I28: 0 | J28: 1 | K28: 1 | L28: 0 | M28: 28 | N28: 0 | O28: =SUM(C28:L28,N28) -> 6 | P28: =SUM(C28:N28) -> 34 | R28: 12 Hours | S28: =SUM(S10:S21) -> 189 | T28: =SUM(T10:T21) -> 11 | U28: =SUM(U10:U21) -> 163 | V28: =SUM(V10:V21) -> 160 | W28: =SUM(W10:W21) -> 1 | X28: =SUM(X10:X21) -> 2 | Y28: =SUM(Y10:Y21) -> 69 | Z28: =SUM(Z10:Z21) -> 35 | ... AF28: =SUM(AF10:AF21) -> 2620
B29: 11.45 - 12.00 | C29: 4 | D29: 0 | E29: 4 | F29: 1 | G29: 0 | H29: 0 | I29: 1 | J29: 2 | K29: 2 | L29: 0 | M29: 46 | N29: 0 | O29: =SUM(C29:L29,N29) -> 14 | P29: =SUM(C29:N29) -> 60
B30: 12.00 - 12.15 | C30: 1 | D30: 0 | E30: 0 | F30: 2 | G30: 0 | H30: 0 | I30: 1 | J30: 0 | K30: 2 | L30: 0 | M30: 29 | N30: 0 | O30: =SUM(C30:L30,N30) -> 6 | P30: =SUM(C30:N30) -> 35
B31: 12.15 - 12.30 | C31: 2 | D31: 0 | E31: 1 | F31: 4 | G31: 0 | H31: 0 | I31: 2 | J31: 0 | K31: 4 | L31: 1 | M31: 48 | N31: 0 | O31: =SUM(C31:L31,N31) -> 14 | P31: =SUM(C31:N31) -> 62
B32: 12.30 - 12.45 | C32: 4 | D32: 0 | E32: 2 | F32: 5 | G32: 0 | H32: 0 | I32: 2 | J32: 0 | K32: 2 | L32: 3 | M32: 34 | N32: 0 | O32: =SUM(C32:L32,N32) -> 18 | P32: =SUM(C32:N32) -> 52
B33: 12.45 - 13.00 | C33: 6 | D33: 0 | E33: 4 | F33: 8 | G33: 0 | H33: 0 | I33: 3 | J33: 0 | K33: 3 | L33: 4 | M33: 57 | N33: 1 | O33: =SUM(C33:L33,N33) -> 29 | P33: =SUM(C33:N33) -> 86
B34: 13.00 - 13.15 | C34: 2 | D34: 0 | E34: 5 | F34: 2 | G34: 0 | H34: 0 | I34: 2 | J34: 0 | K34: 0 | L34: 2 | M34: 27 | N34: 0 | O34: =SUM(C34:L34,N34) -> 13 | P34: =SUM(C34:N34) -> 40
B35: 13.15 - 13.30 | C35: 3 | D35: 1 | E35: 7 | F35: 4 | G35: 0 | H35: 0 | I35: 4 | J35: 0 | K35: 0 | L35: 3 | M35: 45 | N35: 0 | O35: =SUM(C35:L35,N35) -> 22 | P35: =SUM(C35:N35) -> 67
B36: 13.30 - 13.45 | C36: 5 | D36: 0 | E36: 4 | F36: 2 | G36: 0 | H36: 0 | I36: 2 | J36: 2 | K36: 0 | L36: 0 | M36: 31 | N36: 0 | O36: =SUM(C36:L36,N36) -> 15 | P36: =SUM(C36:N36) -> 46
B37: 13.45 - 14.00 | C37: 9 | D37: 1 | E37: 5 | F37: 4 | G37: 0 | H37: 0 | I37: 3 | J37: 4 | K37: 1 | L37: 1 | M37: 52 | N37: 0 | O37: =SUM(C37:L37,N37) -> 28 | P37: =SUM(C37:N37) -> 80
B38: 14.00 - 14.15 | C38: 5 | D38: 0 | E38: 2 | F38: 5 | G38: 0 | H38: 0 | I38: 2 | J38: 0 | K38: 2 | L38: 0 | M38: 25 | N38: 0 | O38: =SUM(C38:L38,N38) -> 16 | P38: =SUM(C38:N38) -> 41
B39: 14.15 - 14.30 | C39: 8 | D39: 0 | E39: 3 | F39: 8 | G39: 0 | H39: 0 | I39: 3 | J39: 0 | K39: 3 | L39: 1 | M39: 42 | N39: 0 | O39: =SUM(C39:L39,N39) -> 26 | P39: =SUM(C39:N39) -> 68
B40: 14.30 - 14.45 | C40: 1 | D40: 0 | E40: 2 | F40: 2 | G40: 0 | H40: 0 | I40: 0 | J40: 0 | K40: 1 | L40: 0 | M40: 14 | N40: 0 | O40: =SUM(C40:L40,N40) -> 6 | P40: =SUM(C40:N40) -> 20
... B57: 18.45 - 19.00 | C57: 12 | D57: 1 | E57: 8 | F57: 6 | G57: 0 | H57: 1 | I57: 2 | J57: 0 | K57: 4 | L57: 2 | M57: 55 | N57: 0 | O57: =SUM(C57:L57,N57) -> 36 | P57: =SUM(C57:N57) -> 91
B58: Totals | C58: =SUM(C10:C57) -> 189 | D58: =SUM(D10:D57) -> 11 | E58: =SUM(E10:E57) -> 163 | F58: =SUM(F10:F57) -> 160 | G58: =SUM(G10:G57) -> 1 | H58: =SUM(H10:H57) -> 2 | I58: =SUM(I10:I57) -> 69 | J58: =SUM(J10:J57) -> 35 | ... P58: =SUM(P10:P57) -> 2620
B59: %ges + MCs | C59: =C58/$P$58 -> 0.072137405 | D59: =D58/$P$58 -> 0.0041984733 | E59: =E58/$P$58 -> 0.06221374 | F59: =F58/$P$58 -> 0.061068702 | G59: =G58/$P$58 -> 0.00038167939 | H59: =H58/$P$58 -> 0.00076335878 | I59: =I58/$P$58 -> 0.026335878 | J59: =J58/$P$58 -> 0.013358779 | ... N59: =N58/$P$58 -> 0.00038167939
B60: %ges w/o MCs | C60: =C58/$O$58 -> 0.24015248 | D60: =D58/$O$58 -> 0.013977128 | E60: =E58/$O$58 -> 0.20711563 | F60: =F58/$O$58 -> 0.20330368 | G60: =G58/$O$58 -> 0.001270648 | H60: =H58/$O$58 -> 0.0025412961 | I60: =I58/$O$58 -> 0.087674714 | J60: =J58/$O$58 -> 0.044472681 | ... L60: =L58/$O$58 -> 0.073697586 | N60: =N58/$O$58 -> 0.001270648

Sheet 10.09 Katungulu-Ishaka
B1: Consultancy services for Preparation of Expressway Development Master Plan (EDMP) for Uganda
B2: MANUAL CLASSIFIED COUNT (MCC)
B3: ROAD NAME: | C3: ='09.09 Katungulu-Ishaka'!C3:G3 -> MCC - C4 - STN104 - ISHAKA KATUNGULU ROAD
C5: Date | D5: ='10.09 Ishaka-Katungulu'!D5 -> 10.09.19 | F5: Location | G5: ='09.09 Ishaka-Katungulu'!G5:H5 -> Rubirizi | J5: Surveyor | K5: ='09.09 Ishaka-Katungulu'!K5:L5 -> xxx
C6: Dir. From | D6: ='09.09 Katungulu-Ishaka'!D6:E6 -> Katungulu | F6: Dir. To | G6: ='09.09 Katungulu-Ishaka'!G6:H6 -> Ishaka | J6: Supervisor | K6: ='09.09 Ishaka-Katungulu'!K6:L6 -> xxx
B8: Time / Veh Type | R8: SUMMARY TRAFFIC VOLUMES
C9: 1. Car | D9: 2. Station Wagon | E9: 3. Pickups | F9: 4. Minibus, matatu | G9: 5. Medium bus | H9: 6. Large Bus | I9: 7. Light Truck | J9: 8. Medium Truck | K9: 9. Heavy truck | L9: 10. Truck Trailer | M9: 11. Motor cycles | N9: 12. Tractors | O9: Total Excl M/Cycles | P9: Total All | R9: Time | S9: 1. Car | T9: 2. Station Wagon | U9: 3. Pickups | V9: 4. Minibus, matatu | W9: 5. Medium bus | X9: 6. Large Bus | Y9: 7. Light Truck | Z9: 8. Medium Truck | AA9: 9. Heavy truck | AB9: 10. Truck Trailer | AC9: 11. Motorcycles | AD9: 12. Tractors, Graders | AE9: Total Excl M/ Cycles | AF9: Total All
B10: 07.00 - 07.15 | C10: 1 | D10: 0 | E10: 0 | F10: 2 | G10: 0 | H10: 0 | I10: 0 | J10: 0 | K10: 0 | L10: 1 | M10: 4 | N10: 0 | O10: =SUM(C10:L10,N10) -> 4 | P10: =SUM(C10:N10) -> 8 | R10: 0700-0800 | S10: =SUM(C10:C13) -> 4 | T10: =SUM(D10:D13) -> 0 | U10: =SUM(E10:E13) -> 2 | V10: =SUM(F10:F13) -> 11 | W10: =SUM(G10:G13) -> 0 | X10: =SUM(H10:H13) -> 0 | Y10: =SUM(I10:I13) -> 1 | Z10: =SUM(J10:J13) -> 0 | ... AF10: =SUM(P10:P13) -> 55
B11: 07.15 - 07.30 | C11: 2 | D11: 0 | E11: 1 | F11: 3 | G11: 0 | H11: 0 | I11: 0 | J11: 0 | K11: 0 | L11: 2 | M11: 7 | N11: 0 | O11: =SUM(C11:L11,N11) -> 8 | P11: =SUM(C11:N11) -> 15 | R11: 0800-0900 | S11: =SUM(C14:C17) -> 10 | T11: =SUM(D14:D17) -> 0 | U11: =SUM(E14:E17) -> 8 | V11: =SUM(F14:F17) -> 10 | W11: =SUM(G14:G17) -> 0 | X11: =SUM(H14:H17) -> 1 | Y11: =SUM(I14:I17) -> 6 | Z11: =SUM(J14:J17) -> 3 | ... AF11: =SUM(P14:P17) -> 196
B12: 07.30 - 07.45 | C12: 0 | D12: 0 | E12: 0 | F12: 2 | G12: 0 | H12: 0 | I12: 0 | J12: 0 | K12: 0 | L12: 0 | M12: 8 | N12: 0 | O12: =SUM(C12:L12,N12) -> 2 | P12: =SUM(C12:N12) -> 10 | R12: 0900-1000 | S12: =SUM(C18:C21) -> 13 | T12: =SUM(D18:D21) -> 0 | U12: =SUM(E18:E21) -> 9 | V12: =SUM(F18:F21) -> 11 | W12: =SUM(G18:G21) -> 0 | X12: =SUM(H18:H21) -> 0 | Y12: =SUM(I18:I21) -> 3 | Z12: =SUM(J18:J21) -> 1 | ... AF12: =SUM(P18:P21) -> 224
B13: 07.45 - 08.00 | C13: 1 | D13: 0 | E13: 1 | F13: 4 | G13: 0 | H13: 0 | I13: 1 | J13: 0 | K13: 0 | L13: 1 | M13: 14 | N13: 0 | O13: =SUM(C13:L13,N13) -> 8 | P13: =SUM(C13:N13) -> 22 | R13: 1000-1100 | S13: =SUM(C22:C25) -> 29 | T13: =SUM(D22:D25) -> 1 | U13: =SUM(E22:E25) -> 15 | V13: =SUM(F22:F25) -> 24 | W13: =SUM(G22:G25) -> 0 | X13: =SUM(H22:H25) -> 1 | Y13: =SUM(I22:I25) -> 6 | Z13: =SUM(J22:J25) -> 0 | ... AF13: =SUM(P22:P25) -> 254
B14: 08.00 - 08.15 | C14: 2 | D14: 0 | E14: 1 | F14: 2 | G14: 0 | H14: 0 | I14: 1 | J14: 1 | K14: 0 | L14: 0 | M14: 20 | N14: 0 | O14: =SUM(C14:L14,N14) -> 7 | P14: =SUM(C14:N14) -> 27 | R14: 1100-1200 | S14: =SUM(C26:C29) -> 27 | T14: =SUM(D26:D29) -> 0 | U14: =SUM(E26:E29) -> 12 | V14: =SUM(F26:F29) -> 14 | W14: =SUM(G26:G29) -> 0 | X14: =SUM(H26:H29) -> 0 | Y14: =SUM(I26:I29) -> 1 | Z14: =SUM(J26:J29) -> 1 | ... AF14: =SUM(P26:P29) -> 251
B15: 08.15 - 08.30 | C15: 3 | D15: 0 | E15: 2 | F15: 3 | G15: 0 | H15: 0 | I15: 2 | J15: 2 | K15: 1 | L15: 0 | M15: 34 | N15: 0 | O15: =SUM(C15:L15,N15) -> 13 | P15: =SUM(C15:N15) -> 47 | R15: 1200-1300 | S15: =SUM(C30:C33) -> 11 | T15: =SUM(D30:D33) -> 1 | U15: =SUM(E30:E33) -> 12 | V15: =SUM(F30:F33) -> 11 | W15: =SUM(G30:G33) -> 0 | X15: =SUM(H30:H33) -> 0 | Y15: =SUM(I30:I33) -> 4 | Z15: =SUM(J30:J33) -> 1 | ... AF15: =SUM(P30:P33) -> 244
B16: 08.30 - 08.45 | C16: 2 | D16: 0 | E16: 2 | F16: 2 | G16: 0 | H16: 0 | I16: 1 | J16: 0 | K16: 1 | L16: 0 | M16: 37 | N16: 0 | O16: =SUM(C16:L16,N16) -> 8 | P16: =SUM(C16:N16) -> 45 | R16: 1300-1400 | S16: =SUM(C34:C37) -> 19 | T16: =SUM(D34:D37) -> 1 | U16: =SUM(E34:E37) -> 12 | V16: =SUM(F34:F37) -> 23 | W16: =SUM(G34:G37) -> 0 | X16: =SUM(H34:H37) -> 0 | Y16: =SUM(I34:I37) -> 14 | Z16: =SUM(J34:J37) -> 4 | ... AF16: =SUM(P34:P37) -> 269
B17: 08.45 - 9.00 | C17: 3 | D17: 0 | E17: 3 | F17: 3 | G17: 0 | H17: 1 | I17: 2 | J17: 0 | K17: 2 | L17: 1 | M17: 62 | N17: 0 | O17: =SUM(C17:L17,N17) -> 15 | P17: =SUM(C17:N17) -> 77 | R17: 1400-1500 | S17: =SUM(C38:C41) -> 16 | T17: =SUM(D38:D41) -> 1 | U17: =SUM(E38:E41) -> 13 | V17: =SUM(F38:F41) -> 11 | W17: =SUM(G38:G41) -> 0 | X17: =SUM(H38:H41) -> 0 | Y17: =SUM(I38:I41) -> 4 | Z17: =SUM(J38:J41) -> 1 | ... AF17: =SUM(P38:P41) -> 171
B18: 09.00 - 09.15 | C18: 3 | D18: 0 | E18: 2 | F18: 3 | G18: 0 | H18: 0 | I18: 0 | J18: 0 | K18: 0 | L18: 2 | M18: 36 | N18: 0 | O18: =SUM(C18:L18,N18) -> 10 | P18: =SUM(C18:N18) -> 46 | R18: 1500-1600 | S18: =SUM(C42:C45) -> 19 | T18: =SUM(D42:D45) -> 0 | U18: =SUM(E42:E45) -> 9 | V18: =SUM(F42:F45) -> 10 | W18: =SUM(G42:G45) -> 0 | X18: =SUM(H42:H45) -> 0 | Y18: =SUM(I42:I45) -> 2 | Z18: =SUM(J42:J45) -> 0 | ... AF18: =SUM(P42:P45) -> 178
B19: 09.15 - 09.30 | C19: 5 | D19: 0 | E19: 4 | F19: 5 | G19: 0 | H19: 0 | I19: 0 | J19: 1 | K19: 1 | L19: 3 | M19: 60 | N19: 0 | O19: =SUM(C19:L19,N19) -> 19 | P19: =SUM(C19:N19) -> 79 | R19: 1600-1700 | S19: =SUM(C46:C49) -> 16 | T19: =SUM(D46:D49) -> 2 | U19: =SUM(E46:E49) -> 16 | V19: =SUM(F46:F49) -> 19 | W19: =SUM(G46:G49) -> 0 | X19: =SUM(H46:H49) -> 0 | Y19: =SUM(I46:I49) -> 4 | Z19: =SUM(J46:J49) -> 6 | ... AF19: =SUM(P46:P49) -> 269
B20: 09.30 - 09.45 | C20: 2 | D20: 0 | E20: 1 | F20: 1 | G20: 0 | H20: 0 | I20: 1 | J20: 0 | K20: 0 | L20: 4 | M20: 28 | N20: 0 | O20: =SUM(C20:L20,N20) -> 9 | P20: =SUM(C20:N20) -> 37 | R20: 1700-1800 | S20: =SUM(C50:C53) -> 22 | T20: =SUM(D50:D53) -> 2 | U20: =SUM(E50:E53) -> 16 | V20: =SUM(F50:F53) -> 16 | W20: =SUM(G50:G53) -> 0 | X20: =SUM(H50:H53) -> 0 | Y20: =SUM(I50:I53) -> 11 | Z20: =SUM(J50:J53) -> 6 | ... AF20: =SUM(P50:P53) -> 260
B21: 09.45 - 10.00 | C21: 3 | D21: 0 | E21: 2 | F21: 2 | G21: 0 | H21: 0 | I21: 2 | J21: 0 | K21: 0 | L21: 5 | M21: 47 | N21: 1 | O21: =SUM(C21:L21,N21) -> 15 | P21: =SUM(C21:N21) -> 62 | R21: 1800-1900 | S21: =SUM(C54:C57) -> 18 | T21: =SUM(D54:D57) -> 1 | U21: =SUM(E54:E57) -> 13 | V21: =SUM(F54:F57) -> 19 | W21: =SUM(G54:G57) -> 0 | X21: =SUM(H54:H57) -> 0 | Y21: =SUM(I54:I57) -> 6 | Z21: =SUM(J54:J57) -> 6 | ... AF21: =SUM(P54:P57) -> 286
B22: 10.00 - 10.15 | C22: 4 | D22: 0 | E22: 4 | F22: 5 | G22: 0 | H22: 0 | I22: 2 | J22: 0 | K22: 4 | L22: 3 | M22: 34 | N22: 0 | O22: =SUM(C22:L22,N22) -> 22 | P22: =SUM(C22:N22) -> 56 | R22: AM Peak Hr | S22: =MAX(S10:S12) -> 13 | T22: =MAX(T10:T12) -> 0 | U22: =MAX(U10:U12) -> 9 | V22: =MAX(V10:V12) -> 11 | W22: =MAX(W10:W12) -> 0 | X22: =MAX(X10:X12) -> 1 | Y22: =MAX(Y10:Y12) -> 6 | Z22: =MAX(Z10:Z12) -> 3 | ... AF22: =MAX(AF10:AF12) -> 224
B23: 10.15 - 10.30 | C23: 7 | D23: 1 | E23: 5 | F23: 9 | G23: 0 | H23: 1 | I23: 3 | J23: 0 | K23: 6 | L23: 4 | M23: 56 | N23: 1 | O23: =SUM(C23:L23,N23) -> 37 | P23: =SUM(C23:N23) -> 93 | R23: IP Peak Hr | S23: =MAX(S13:S18) -> 29 | T23: =MAX(T13:T18) -> 1 | U23: =MAX(U13:U18) -> 15 | V23: =MAX(V13:V18) -> 24 | W23: =MAX(W13:W18) -> 0 | X23: =MAX(X13:X18) -> 1 | Y23: =MAX(Y13:Y18) -> 14 | Z23: =MAX(Z13:Z18) -> 4 | ... AF23: =MAX(AF13:AF18) -> 269
B24: 10.30 - 10.45 | C24: 7 | D24: 0 | E24: 2 | F24: 4 | G24: 0 | H24: 0 | I24: 0 | J24: 0 | K24: 2 | L24: 0 | M24: 24 | N24: 0 | O24: =SUM(C24:L24,N24) -> 15 | P24: =SUM(C24:N24) -> 39 | R24: PM Peak Hr | S24: =MAX(S19:S21) -> 22 | T24: =MAX(T19:T21) -> 2 | U24: =MAX(U19:U21) -> 16 | V24: =MAX(V19:V21) -> 19 | W24: =MAX(W19:W21) -> 0 | X24: =MAX(X19:X21) -> 0 | Y24: =MAX(Y19:Y21) -> 11 | Z24: =MAX(Z19:Z21) -> 6 | ... AF24: =MAX(AF19:AF21) -> 286
B25: 10.45 - 11.00 | C25: 11 | D25: 0 | E25: 4 | F25: 6 | G25: 0 | H25: 0 | I25: 1 | J25: 0 | K25: 3 | L25: 1 | M25: 40 | N25: 0 | O25: =SUM(C25:L25,N25) -> 26 | P25: =SUM(C25:N25) -> 66 | R25: AM Period | S25: =SUM(S10:S12) -> 27 | T25: =SUM(T10:T12) -> 0 | U25: =SUM(U10:U12) -> 19 | V25: =SUM(V10:V12) -> 32 | W25: =SUM(W10:W12) -> 0 | X25: =SUM(X10:X12) -> 1 | Y25: =SUM(Y10:Y12) -> 10 | Z25: =SUM(Z10:Z12) -> 4 | ... AF25: =SUM(AF10:AF12) -> 475
B26: 11.00 - 11.15 | C26: 5 | D26: 0 | E26: 2 | F26: 3 | G26: 0 | H26: 0 | I26: 0 | J26: 0 | K26: 1 | L26: 1 | M26: 40 | N26: 0 | O26: =SUM(C26:L26,N26) -> 12 | P26: =SUM(C26:N26) -> 52 | R26: IP Period | S26: =SUM(S13:S18) -> 121 | T26: =SUM(T13:T18) -> 4 | U26: =SUM(U13:U18) -> 73 | V26: =SUM(V13:V18) -> 93 | W26: =SUM(W13:W18) -> 0 | X26: =SUM(X13:X18) -> 1 | Y26: =SUM(Y13:Y18) -> 31 | Z26: =SUM(Z13:Z18) -> 7 | ... AF26: =SUM(AF13:AF18) -> 1367
B27: 11.15 - 11.30 | C27: 8 | D27: 0 | E27: 4 | F27: 5 | G27: 0 | H27: 0 | I27: 1 | J27: 1 | K27: 2 | L27: 2 | M27: 66 | N27: 0 | O27: =SUM(C27:L27,N27) -> 23 | P27: =SUM(C27:N27) -> 89 | R27: PM Period | S27: =SUM(S19:S21) -> 56 | T27: =SUM(T19:T21) -> 5 | U27: =SUM(U19:U21) -> 45 | V27: =SUM(V19:V21) -> 54 | W27: =SUM(W19:W21) -> 0 | X27: =SUM(X19:X21) -> 0 | Y27: =SUM(Y19:Y21) -> 21 | Z27: =SUM(Z19:Z21) -> 18 | ... AF27: =SUM(AF19:AF21) -> 815
B28: 11.30 - 11.45 | C28: 5 | D28: 0 | E28: 2 | F28: 2 | G28: 0 | H28: 0 | I28: 0 | J28: 0 | K28: 2 | L28: 1 | M28: 28 | N28: 0 | O28: =SUM(C28:L28,N28) -> 12 | P28: =SUM(C28:N28) -> 40 | R28: 12 Hours | S28: =SUM(S10:S21) -> 204 | T28: =SUM(T10:T21) -> 9 | U28: =SUM(U10:U21) -> 137 | V28: =SUM(V10:V21) -> 179 | W28: =SUM(W10:W21) -> 0 | X28: =SUM(X10:X21) -> 2 | Y28: =SUM(Y10:Y21) -> 62 | Z28: =SUM(Z10:Z21) -> 29 | ... AF28: =SUM(AF10:AF21) -> 2657
B29: 11.45 - 12.00 | C29: 9 | D29: 0 | E29: 4 | F29: 4 | G29: 0 | H29: 0 | I29: 0 | J29: 0 | K29: 4 | L29: 2 | M29: 47 | N29: 0 | O29: =SUM(C29:L29,N29) -> 23 | P29: =SUM(C29:N29) -> 70
B30: 12.00 - 12.15 | C30: 2 | D30: 0 | E30: 2 | F30: 2 | G30: 0 | H30: 0 | I30: 1 | J30: 0 | K30: 1 | L30: 0 | M30: 30 | N30: 0 | O30: =SUM(C30:L30,N30) -> 8 | P30: =SUM(C30:N30) -> 38
B31: 12.15 - 12.30 | C31: 4 | D31: 0 | E31: 3 | F31: 3 | G31: 0 | H31: 0 | I31: 2 | J31: 1 | K31: 2 | L31: 1 | M31: 50 | N31: 0 | O31: =SUM(C31:L31,N31) -> 16 | P31: =SUM(C31:N31) -> 66
B32: 12.30 - 12.45 | C32: 2 | D32: 0 | E32: 3 | F32: 2 | G32: 0 | H32: 0 | I32: 0 | J32: 0 | K32: 0 | L32: 0 | M32: 45 | N32: 0 | O32: =SUM(C32:L32,N32) -> 7 | P32: =SUM(C32:N32) -> 52
B33: 12.45 - 13.00 | C33: 3 | D33: 1 | E33: 4 | F33: 4 | G33: 0 | H33: 0 | I33: 1 | J33: 0 | K33: 0 | L33: 0 | M33: 75 | N33: 0 | O33: =SUM(C33:L33,N33) -> 13 | P33: =SUM(C33:N33) -> 88
B34: 13.00 - 13.15 | C34: 2 | D34: 0 | E34: 3 | F34: 5 | G34: 0 | H34: 0 | I34: 4 | J34: 0 | K34: 1 | L34: 0 | M34: 31 | N34: 0 | O34: =SUM(C34:L34,N34) -> 15 | P34: =SUM(C34:N34) -> 46
B35: 13.15 - 13.30 | C35: 4 | D35: 1 | E35: 4 | F35: 8 | G35: 0 | H35: 0 | I35: 7 | J35: 1 | K35: 2 | L35: 0 | M35: 51 | N35: 0 | O35: =SUM(C35:L35,N35) -> 27 | P35: =SUM(C35:N35) -> 78
B36: 13.30 - 13.45 | C36: 5 | D36: 0 | E36: 2 | F36: 4 | G36: 0 | H36: 0 | I36: 1 | J36: 1 | K36: 2 | L36: 2 | M36: 38 | N36: 0 | O36: =SUM(C36:L36,N36) -> 17 | P36: =SUM(C36:N36) -> 55
B37: 13.45 - 14.00 | C37: 8 | D37: 0 | E37: 3 | F37: 6 | G37: 0 | H37: 0 | I37: 2 | J37: 2 | K37: 3 | L37: 3 | M37: 63 | N37: 0 | O37: =SUM(C37:L37,N37) -> 27 | P37: =SUM(C37:N37) -> 90
B38: 14.00 - 14.15 | C38: 4 | D38: 0 | E38: 4 | F38: 1 | G38: 0 | H38: 0 | I38: 0 | J38: 0 | K38: 1 | L38: 0 | M38: 19 | N38: 0 | O38: =SUM(C38:L38,N38) -> 10 | P38: =SUM(C38:N38) -> 29
B39: 14.15 - 14.30 | C39: 7 | D39: 1 | E39: 6 | F39: 2 | G39: 0 | H39: 0 | I39: 1 | J39: 0 | K39: 2 | L39: 0 | M39: 31 | N39: 0 | O39: =SUM(C39:L39,N39) -> 19 | P39: =SUM(C39:N39) -> 50
B40: 14.30 - 14.45 | C40: 2 | D40: 0 | E40: 1 | F40: 3 | G40: 0 | H40: 0 | I40: 1 | J40: 0 | K40: 2 | L40: 0 | M40: 28 | N40: 0 | O40: =SUM(C40:L40,N40) -> 9 | P40: =SUM(C40:N40) -> 37
... B57: 18.45 - 19.00 | C57: 5 | D57: 1 | E57: 4 | F57: 5 | G57: 0 | H57: 0 | I57: 2 | J57: 0 | K57: 3 | L57: 3 | M57: 68 | N57: 0 | O57: =SUM(C57:L57,N57) -> 23 | P57: =SUM(C57:N57) -> 91
B58: Totals | C58: =SUM(C10:C57) -> 204 | D58: =SUM(D10:D57) -> 9 | E58: =SUM(E10:E57) -> 137 | F58: =SUM(F10:F57) -> 179 | G58: =SUM(G10:G57) -> 0 | H58: =SUM(H10:H57) -> 2 | I58: =SUM(I10:I57) -> 62 | J58: =SUM(J10:J57) -> 29 | ... P58: =SUM(P10:P57) -> 2657
B59: %ges + MCs | C59: =C58/$P$58 -> 0.076778321 | D59: =D58/$P$58 -> 0.0033872789 | E59: =E58/$P$58 -> 0.051561912 | F59: =F58/$P$58 -> 0.067369213 | G59: =G58/$P$58 -> 0 | H59: =H58/$P$58 -> 0.00075272864 | I59: =I58/$P$58 -> 0.023334588 | J59: =J58/$P$58 -> 0.010914565 | ... N59: =N58/$P$58 -> 0.00075272864
B60: %ges w/o MCs | C60: =C58/$O$58 -> 0.27163782 | D60: =D58/$O$58 -> 0.011984021 | E60: =E58/$O$58 -> 0.18242344 | F60: =F58/$O$58 -> 0.23834887 | G60: =G58/$O$58 -> 0 | H60: =H58/$O$58 -> 0.0026631158 | I60: =I58/$O$58 -> 0.082556591 | J60: =J58/$O$58 -> 0.03861518 | ... L60: =L58/$O$58 -> 0.07723036 | N60: =N58/$O$58 -> 0.0026631158

Sheet 11.09 Ishaka-Katungulu
B1: Consultancy services for Preparation of Expressway Development Master Plan (EDMP) for Uganda
B2: MANUAL CLASSIFIED COUNT (MCC)
B3: ROAD NAME: | C3: ='09.09 Ishaka-Katungulu'!C3:G3 -> MCC - C4 - STN104 - ISHAKA KATUNGULU ROAD
C5: Date | D5: 11.09.19 | F5: Location | G5: ='09.09 Ishaka-Katungulu'!G5:H5 -> Rubirizi | J5: Surveyor | K5: ='09.09 Ishaka-Katungulu'!K5:L5 -> xxx
C6: Dir. From | D6: ='09.09 Ishaka-Katungulu'!D6:E6 -> Ishaka | F6: Dir. To | G6: ='09.09 Ishaka-Katungulu'!G6:H6 -> Katungulu | J6: Supervisor | K6: ='09.09 Ishaka-Katungulu'!K6:L6 -> xxx
B8: Time / Veh Type | R8: SUMMARY TRAFFIC VOLUMES
C9: 1. Car | D9: 2. Station Wagon | E9: 3. Pickups | F9: 4. Minibus, matatu | G9: 5. Medium bus | H9: 6. Large Bus | I9: 7. Light Truck | J9: 8. Medium Truck | K9: 9. Heavy truck | L9: 10. Truck Trailer | M9: 11. Motor cycles | N9: 12. Tractors | O9: Total Excl M/Cycles | P9: Total All | R9: Time | S9: 1. Car | T9: 2. Station Wagon | U9: 3. Pickups | V9: 4. Minibus, matatu | W9: 5. Medium bus | X9: 6. Large Bus | Y9: 7. Light Truck | Z9: 8. Medium Truck | AA9: 9. Heavy truck | AB9: 10. Truck Trailer | AC9: 11. Motorcycles | AD9: 12. Tractors, Graders | AE9: Total Excl M/ Cycles | AF9: Total All
B10: 07.00 - 07.15 | C10: 0 | D10: 0 | E10: 0 | F10: 0 | G10: 0 | H10: 0 | I10: 0 | J10: 0 | K10: 0 | L10: 1 | M10: 2 | N10: 0 | O10: =SUM(C10:L10,N10) -> 1 | P10: =SUM(C10:N10) -> 3 | R10: 0700-0800 | S10: =SUM(C10:C13) -> 6 | T10: =SUM(D10:D13) -> 0 | U10: =SUM(E10:E13) -> 1 | V10: =SUM(F10:F13) -> 7 | W10: =SUM(G10:G13) -> 0 | X10: =SUM(H10:H13) -> 0 | Y10: =SUM(I10:I13) -> 1 | Z10: =SUM(J10:J13) -> 1 | ... AF10: =SUM(P10:P13) -> 62
B11: 07.15 - 07.30 | C11: 1 | D11: 0 | E11: 0 | F11: 1 | G11: 0 | H11: 0 | I11: 0 | J11: 0 | K11: 1 | L11: 2 | M11: 3 | N11: 0 | O11: =SUM(C11:L11,N11) -> 5 | P11: =SUM(C11:N11) -> 8 | R11: 0800-0900 | S11: =SUM(C14:C17) -> 18 | T11: =SUM(D14:D17) -> 1 | U11: =SUM(E14:E17) -> 15 | V11: =SUM(F14:F17) -> 14 | W11: =SUM(G14:G17) -> 0 | X11: =SUM(H14:H17) -> 0 | Y11: =SUM(I14:I17) -> 4 | Z11: =SUM(J14:J17) -> 5 | ... AF11: =SUM(P14:P17) -> 223
B12: 07.30 - 07.45 | C12: 2 | D12: 0 | E12: 0 | F12: 2 | G12: 0 | H12: 0 | I12: 0 | J12: 0 | K12: 1 | L12: 0 | M12: 13 | N12: 0 | O12: =SUM(C12:L12,N12) -> 5 | P12: =SUM(C12:N12) -> 18 | R12: 0900-1000 | S12: =SUM(C18:C21) -> 16 | T12: =SUM(D18:D21) -> 2 | U12: =SUM(E18:E21) -> 22 | V12: =SUM(F18:F21) -> 14 | W12: =SUM(G18:G21) -> 0 | X12: =SUM(H18:H21) -> 0 | Y12: =SUM(I18:I21) -> 6 | Z12: =SUM(J18:J21) -> 1 | ... AF12: =SUM(P18:P21) -> 280
B13: 07.45 - 08.00 | C13: 3 | D13: 0 | E13: 1 | F13: 4 | G13: 0 | H13: 0 | I13: 1 | J13: 1 | K13: 2 | L13: 0 | M13: 21 | N13: 0 | O13: =SUM(C13:L13,N13) -> 12 | P13: =SUM(C13:N13) -> 33 | R13: 1000-1100 | S13: =SUM(C22:C25) -> 14 | T13: =SUM(D22:D25) -> 2 | U13: =SUM(E22:E25) -> 26 | V13: =SUM(F22:F25) -> 10 | W13: =SUM(G22:G25) -> 0 | X13: =SUM(H22:H25) -> 0 | Y13: =SUM(I22:I25) -> 6 | Z13: =SUM(J22:J25) -> 0 | ... AF13: =SUM(P22:P25) -> 247
B14: 08.00 - 08.15 | C14: 3 | D14: 0 | E14: 4 | F14: 2 | G14: 0 | H14: 0 | I14: 1 | J14: 2 | K14: 4 | L14: 0 | M14: 24 | N14: 0 | O14: =SUM(C14:L14,N14) -> 16 | P14: =SUM(C14:N14) -> 40 | R14: 1100-1200 | S14: =SUM(C26:C29) -> 13 | T14: =SUM(D26:D29) -> 0 | U14: =SUM(E26:E29) -> 6 | V14: =SUM(F26:F29) -> 15 | W14: =SUM(G26:G29) -> 0 | X14: =SUM(H26:H29) -> 0 | Y14: =SUM(I26:I29) -> 2 | Z14: =SUM(J26:J29) -> 1 | ... AF14: =SUM(P26:P29) -> 195
B15: 08.15 - 08.30 | C15: 5 | D15: 1 | E15: 6 | F15: 4 | G15: 0 | H15: 0 | I15: 2 | J15: 3 | K15: 7 | L15: 1 | M15: 40 | N15: 0 | O15: =SUM(C15:L15,N15) -> 29 | P15: =SUM(C15:N15) -> 69 | R15: 1200-1300 | S15: =SUM(C30:C33) -> 23 | T15: =SUM(D30:D33) -> 1 | U15: =SUM(E30:E33) -> 18 | V15: =SUM(F30:F33) -> 9 | W15: =SUM(G30:G33) -> 5 | X15: =SUM(H30:H33) -> 5 | Y15: =SUM(I30:I33) -> 6 | Z15: =SUM(J30:J33) -> 6 | ... AF15: =SUM(P30:P33) -> 224
B16: 08.30 - 08.45 | C16: 4 | D16: 0 | E16: 2 | F16: 3 | G16: 0 | H16: 0 | I16: 0 | J16: 0 | K16: 0 | L16: 0 | M16: 33 | N16: 0 | O16: =SUM(C16:L16,N16) -> 9 | P16: =SUM(C16:N16) -> 42 | R16: 1300-1400 | S16: =SUM(C34:C37) -> 16 | T16: =SUM(D34:D37) -> 0 | U16: =SUM(E34:E37) -> 10 | V16: =SUM(F34:F37) -> 17 | W16: =SUM(G34:G37) -> 0 | X16: =SUM(H34:H37) -> 0 | Y16: =SUM(I34:I37) -> 10 | Z16: =SUM(J34:J37) -> 4 | ... AF16: =SUM(P34:P37) -> 261
B17: 08.45 - 9.00 | C17: 6 | D17: 0 | E17: 3 | F17: 5 | G17: 0 | H17: 0 | I17: 1 | J17: 0 | K17: 1 | L17: 1 | M17: 55 | N17: 0 | O17: =SUM(C17:L17,N17) -> 17 | P17: =SUM(C17:N17) -> 72 | R17: 1400-1500 | S17: =SUM(C38:C41) -> 24 | T17: =SUM(D38:D41) -> 2 | U17: =SUM(E38:E41) -> 17 | V17: =SUM(F38:F41) -> 16 | W17: =SUM(G38:G41) -> 0 | X17: =SUM(H38:H41) -> 0 | Y17: =SUM(I38:I41) -> 4 | Z17: =SUM(J38:J41) -> 2 | ... AF17: =SUM(P38:P41) -> 121
B18: 09.00 - 09.15 | C18: 1 | D18: 0 | E18: 4 | F18: 2 | G18: 0 | H18: 0 | I18: 2 | J18: 0 | K18: 3 | L18: 1 | M18: 34 | N18: 0 | O18: =SUM(C18:L18,N18) -> 13 | P18: =SUM(C18:N18) -> 47 | R18: 1500-1600 | S18: =SUM(C42:C45) -> 12 | T18: =SUM(D42:D45) -> 1 | U18: =SUM(E42:E45) -> 15 | V18: =SUM(F42:F45) -> 16 | W18: =SUM(G42:G45) -> 1 | X18: =SUM(H42:H45) -> 1 | Y18: =SUM(I42:I45) -> 8 | Z18: =SUM(J42:J45) -> 0 | ... AF18: =SUM(P42:P45) -> 222
B19: 09.15 - 09.30 | C19: 2 | D19: 1 | E19: 6 | F19: 4 | G19: 0 | H19: 0 | I19: 4 | J19: 0 | K19: 5 | L19: 2 | M19: 56 | N19: 0 | O19: =SUM(C19:L19,N19) -> 24 | P19: =SUM(C19:N19) -> 80 | R19: 1600-1700 | S19: =SUM(C46:C49) -> 11 | T19: =SUM(D46:D49) -> 2 | U19: =SUM(E46:E49) -> 21 | V19: =SUM(F46:F49) -> 10 | W19: =SUM(G46:G49) -> 0 | X19: =SUM(H46:H49) -> 0 | Y19: =SUM(I46:I49) -> 6 | Z19: =SUM(J46:J49) -> 0 | ... AF19: =SUM(P46:P49) -> 233
B20: 09.30 - 09.45 | C20: 5 | D20: 0 | E20: 5 | F20: 3 | G20: 0 | H20: 0 | I20: 0 | J20: 0 | K20: 1 | L20: 2 | M20: 41 | N20: 0 | O20: =SUM(C20:L20,N20) -> 16 | P20: =SUM(C20:N20) -> 57 | R20: 1700-1800 | S20: =SUM(C50:C53) -> 31 | T20: =SUM(D50:D53) -> 3 | U20: =SUM(E50:E53) -> 37 | V20: =SUM(F50:F53) -> 9 | W20: =SUM(G50:G53) -> 0 | X20: =SUM(H50:H53) -> 0 | Y20: =SUM(I50:I53) -> 11 | Z20: =SUM(J50:J53) -> 6 | ... AF20: =SUM(P50:P53) -> 318
B21: 09.45 - 10.00 | C21: 8 | D21: 1 | E21: 7 | F21: 5 | G21: 0 | H21: 0 | I21: 0 | J21: 1 | K21: 2 | L21: 3 | M21: 69 | N21: 0 | O21: =SUM(C21:L21,N21) -> 27 | P21: =SUM(C21:N21) -> 96 | R21: 1800-1900 | S21: =SUM(C54:C57) -> 32 | T21: =SUM(D54:D57) -> 1 | U21: =SUM(E54:E57) -> 18 | V21: =SUM(F54:F57) -> 17 | W21: =SUM(G54:G57) -> 0 | X21: =SUM(H54:H57) -> 1 | Y21: =SUM(I54:I57) -> 6 | Z21: =SUM(J54:J57) -> 1 | ... AF21: =SUM(P54:P57) -> 297
B22: 10.00 - 10.15 | C22: 4 | D22: 0 | E22: 5 | F22: 2 | G22: 0 | H22: 0 | I22: 1 | J22: 0 | K22: 1 | L22: 0 | M22: 40 | N22: 0 | O22: =SUM(C22:L22,N22) -> 13 | P22: =SUM(C22:N22) -> 53 | R22: AM Peak Hr | S22: =MAX(S10:S12) -> 18 | T22: =MAX(T10:T12) -> 2 | U22: =MAX(U10:U12) -> 22 | V22: =MAX(V10:V12) -> 14 | W22: =MAX(W10:W12) -> 0 | X22: =MAX(X10:X12) -> 0 | Y22: =MAX(Y10:Y12) -> 6 | Z22: =MAX(Z10:Z12) -> 5 | ... AF22: =MAX(AF10:AF12) -> 280
B23: 10.15 - 10.30 | C23: 7 | D23: 1 | E23: 8 | F23: 3 | G23: 0 | H23: 0 | I23: 2 | J23: 0 | K23: 2 | L23: 0 | M23: 66 | N23: 0 | O23: =SUM(C23:L23,N23) -> 23 | P23: =SUM(C23:N23) -> 89 | R23: IP Peak Hr | S23: =MAX(S13:S18) -> 24 | T23: =MAX(T13:T18) -> 2 | U23: =MAX(U13:U18) -> 26 | V23: =MAX(V13:V18) -> 17 | W23: =MAX(W13:W18) -> 5 | X23: =MAX(X13:X18) -> 5 | Y23: =MAX(Y13:Y18) -> 10 | Z23: =MAX(Z13:Z18) -> 6 | ... AF23: =MAX(AF13:AF18) -> 261
B24: 10.30 - 10.45 | C24: 1 | D24: 0 | E24: 5 | F24: 2 | G24: 0 | H24: 0 | I24: 1 | J24: 0 | K24: 0 | L24: 0 | M24: 29 | N24: 0 | O24: =SUM(C24:L24,N24) -> 9 | P24: =SUM(C24:N24) -> 38 | R24: PM Peak Hr | S24: =MAX(S19:S21) -> 32 | T24: =MAX(T19:T21) -> 3 | U24: =MAX(U19:U21) -> 37 | V24: =MAX(V19:V21) -> 17 | W24: =MAX(W19:W21) -> 0 | X24: =MAX(X19:X21) -> 1 | Y24: =MAX(Y19:Y21) -> 11 | Z24: =MAX(Z19:Z21) -> 6 | ... AF24: =MAX(AF19:AF21) -> 318
B25: 10.45 - 11.00 | C25: 2 | D25: 1 | E25: 8 | F25: 3 | G25: 0 | H25: 0 | I25: 2 | J25: 0 | K25: 1 | L25: 1 | M25: 49 | N25: 0 | O25: =SUM(C25:L25,N25) -> 18 | P25: =SUM(C25:N25) -> 67 | R25: AM Period | S25: =SUM(S10:S12) -> 40 | T25: =SUM(T10:T12) -> 3 | U25: =SUM(U10:U12) -> 38 | V25: =SUM(V10:V12) -> 35 | W25: =SUM(W10:W12) -> 0 | X25: =SUM(X10:X12) -> 0 | Y25: =SUM(Y10:Y12) -> 11 | Z25: =SUM(Z10:Z12) -> 7 | ... AF25: =SUM(AF10:AF12) -> 565
B26: 11.00 - 11.15 | C26: 4 | D26: 0 | E26: 1 | F26: 4 | G26: 0 | H26: 0 | I26: 0 | J26: 0 | K26: 1 | L26: 0 | M26: 36 | N26: 0 | O26: =SUM(C26:L26,N26) -> 10 | P26: =SUM(C26:N26) -> 46 | R26: IP Period | S26: =SUM(S13:S18) -> 102 | T26: =SUM(T13:T18) -> 6 | U26: =SUM(U13:U18) -> 92 | V26: =SUM(V13:V18) -> 83 | W26: =SUM(W13:W18) -> 6 | X26: =SUM(X13:X18) -> 6 | Y26: =SUM(Y13:Y18) -> 36 | Z26: =SUM(Z13:Z18) -> 13 | ... AF26: =SUM(AF13:AF18) -> 1270
B27: 11.15 - 11.30 | C27: 6 | D27: 0 | E27: 2 | F27: 6 | G27: 0 | H27: 0 | I27: 1 | J27: 1 | K27: 2 | L27: 1 | M27: 60 | N27: 0 | O27: =SUM(C27:L27,N27) -> 19 | P27: =SUM(C27:N27) -> 79 | R27: PM Period | S27: =SUM(S19:S21) -> 74 | T27: =SUM(T19:T21) -> 6 | U27: =SUM(U19:U21) -> 76 | V27: =SUM(V19:V21) -> 36 | W27: =SUM(W19:W21) -> 0 | X27: =SUM(X19:X21) -> 1 | Y27: =SUM(Y19:Y21) -> 23 | Z27: =SUM(Z19:Z21) -> 7 | ... AF27: =SUM(AF19:AF21) -> 848
B28: 11.30 - 11.45 | C28: 1 | D28: 0 | E28: 1 | F28: 2 | G28: 0 | H28: 0 | I28: 0 | J28: 0 | K28: 1 | L28: 2 | M28: 19 | N28: 0 | O28: =SUM(C28:L28,N28) -> 7 | P28: =SUM(C28:N28) -> 26 | R28: 12 Hours | S28: =SUM(S10:S21) -> 216 | T28: =SUM(T10:T21) -> 15 | U28: =SUM(U10:U21) -> 206 | V28: =SUM(V10:V21) -> 154 | W28: =SUM(W10:W21) -> 6 | X28: =SUM(X10:X21) -> 7 | Y28: =SUM(Y10:Y21) -> 70 | Z28: =SUM(Z10:Z21) -> 27 | ... AF28: =SUM(AF10:AF21) -> 2683
B29: 11.45 - 12.00 | C29: 2 | D29: 0 | E29: 2 | F29: 3 | G29: 0 | H29: 0 | I29: 1 | J29: 0 | K29: 2 | L29: 3 | M29: 31 | N29: 0 | O29: =SUM(C29:L29,N29) -> 13 | P29: =SUM(C29:N29) -> 44
B30: 12.00 - 12.15 | C30: 4 | D30: 0 | E30: 5 | F30: 3 | G30: 0 | H30: 2 | I30: 2 | J30: 1 | K30: 0 | L30: 1 | M30: 28 | N30: 0 | O30: =SUM(C30:L30,N30) -> 18 | P30: =SUM(C30:N30) -> 46
B31: 12.15 - 12.30 | C31: 6 | D31: 1 | E31: 7 | F31: 5 | G31: 1 | H31: 3 | I31: 3 | J31: 2 | K31: 0 | L31: 2 | M31: 47 | N31: 0 | O31: =SUM(C31:L31,N31) -> 30 | P31: =SUM(C31:N31) -> 77
B32: 12.30 - 12.45 | C32: 4 | D32: 0 | E32: 2 | F32: 0 | G32: 1 | H32: 0 | I32: 0 | J32: 1 | K32: 1 | L32: 1 | M32: 19 | N32: 0 | O32: =SUM(C32:L32,N32) -> 10 | P32: =SUM(C32:N32) -> 29
B33: 12.45 - 13.00 | C33: 9 | D33: 0 | E33: 4 | F33: 1 | G33: 3 | H33: 0 | I33: 1 | J33: 2 | K33: 2 | L33: 3 | M33: 47 | N33: 0 | O33: =SUM(C33:L33,N33) -> 25 | P33: =SUM(C33:N33) -> 72
B34: 13.00 - 13.15 | C34: 4 | D34: 0 | E34: 2 | F34: 2 | G34: 0 | H34: 0 | I34: 2 | J34: 0 | K34: 2 | L34: 1 | M34: 46 | N34: 0 | O34: =SUM(C34:L34,N34) -> 13 | P34: =SUM(C34:N34) -> 59
B35: 13.15 - 13.30 | C35: 6 | D35: 0 | E35: 3 | F35: 4 | G35: 0 | H35: 0 | I35: 3 | J35: 1 | K35: 4 | L35: 2 | M35: 76 | N35: 0 | O35: =SUM(C35:L35,N35) -> 23 | P35: =SUM(C35:N35) -> 99
B36: 13.30 - 13.45 | C36: 2 | D36: 0 | E36: 2 | F36: 4 | G36: 0 | H36: 0 | I36: 2 | J36: 1 | K36: 1 | L36: 0 | M36: 26 | N36: 0 | O36: =SUM(C36:L36,N36) -> 12 | P36: =SUM(C36:N36) -> 38
B37: 13.45 - 14.00 | C37: 4 | D37: 0 | E37: 3 | F37: 7 | G37: 0 | H37: 0 | I37: 3 | J37: 2 | K37: 2 | L37: 1 | M37: 43 | N37: 0 | O37: =SUM(C37:L37,N37) -> 22 | P37: =SUM(C37:N37) -> 65
B38: 14.00 - 14.15 | C38: 3 | D38: 0 | E38: 4 | F38: 2 | G38: 0 | H38: 0 | I38: 1 | J38: 0 | K38: 0 | L38: 0 | M38: 1 | N38: 0 | O38: =SUM(C38:L38,N38) -> 10 | P38: =SUM(C38:N38) -> 11
B39: 14.15 - 14.30 | C39: 5 | D39: 1 | E39: 6 | F39: 4 | G39: 0 | H39: 0 | I39: 2 | J39: 1 | K39: 1 | L39: 0 | M39: 2 | N39: 0 | O39: =SUM(C39:L39,N39) -> 20 | P39: =SUM(C39:N39) -> 22
B40: 14.30 - 14.45 | C40: 6 | D40: 0 | E40: 3 | F40: 4 | G40: 0 | H40: 0 | I40: 0 | J40: 0 | K40: 3 | L40: 0 | M40: 16 | N40: 0 | O40: =SUM(C40:L40,N40) -> 16 | P40: =SUM(C40:N40) -> 32
... B57: 18.45 - 19.00 | C57: 10 | D57: 1 | E57: 8 | F57: 4 | G57: 0 | H57: 1 | I57: 3 | J57: 1 | K57: 3 | L57: 0 | M57: 61 | N57: 0 | O57: =SUM(C57:L57,N57) -> 31 | P57: =SUM(C57:N57) -> 92
B58: Totals | C58: =SUM(C10:C57) -> 216 | D58: =SUM(D10:D57) -> 15 | E58: =SUM(E10:E57) -> 206 | F58: =SUM(F10:F57) -> 154 | G58: =SUM(G10:G57) -> 6 | H58: =SUM(H10:H57) -> 7 | I58: =SUM(I10:I57) -> 70 | J58: =SUM(J10:J57) -> 27 | ... P58: =SUM(P10:P57) -> 2683
B59: %ges + MCs | C59: =C58/$P$58 -> 0.080506895 | D59: =D58/$P$58 -> 0.0055907566 | E59: =E58/$P$58 -> 0.076779724 | F59: =F58/$P$58 -> 0.057398435 | G59: =G58/$P$58 -> 0.0022363026 | H59: =H58/$P$58 -> 0.0026090198 | I59: =I58/$P$58 -> 0.026090198 | J59: =J58/$P$58 -> 0.010063362 | ... N59: =N58/$P$58 -> 0
B60: %ges w/o MCs | C60: =C58/$O$58 -> 0.26245443 | D60: =D58/$O$58 -> 0.018226002 | E60: =E58/$O$58 -> 0.25030377 | F60: =F58/$O$58 -> 0.18712029 | G60: =G58/$O$58 -> 0.007290401 | H60: =H58/$O$58 -> 0.0085054678 | I60: =I58/$O$58 -> 0.085054678 | J60: =J58/$O$58 -> 0.032806804 | ... L60: =L58/$O$58 -> 0.060753341 | N60: =N58/$O$58 -> 0

Sheet 11.09 Katungulu-Ishaka
B1: Consultancy services for Preparation of Expressway Development Master Plan (EDMP) for Uganda
B2: MANUAL CLASSIFIED COUNT (MCC)
B3: ROAD NAME: | C3: ='09.09 Katungulu-Ishaka'!C3:G3 -> MCC - C4 - STN104 - ISHAKA KATUNGULU ROAD
C5: Date | D5: ='11.09 Ishaka-Katungulu'!D5 -> 11.09.19 | F5: Location | G5: ='09.09 Ishaka-Katungulu'!G5:H5 -> Rubirizi | J5: Surveyor | K5: ='09.09 Ishaka-Katungulu'!K5:L5 -> xxx
C6: Dir. From | D6: ='09.09 Katungulu-Ishaka'!D6:E6 -> Katungulu | F6: Dir. To | G6: ='09.09 Katungulu-Ishaka'!G6:H6 -> Ishaka | J6: Supervisor | K6: ='09.09 Ishaka-Katungulu'!K6:L6 -> xxx
B8: Time / Veh Type | R8: SUMMARY TRAFFIC VOLUMES
C9: 1. Car | D9: 2. Station Wagon | E9: 3. Pickups | F9: 4. Minibus, matatu | G9: 5. Medium bus | H9: 6. Large Bus | I9: 7. Light Truck | J9: 8. Medium Truck | K9: 9. Heavy truck | L9: 10. Truck Trailer | M9: 11. Motor cycles | N9: 12. Tractors | O9: Total Excl M/Cycles | P9: Total All | R9: Time | S9: 1. Car | T9: 2. Station Wagon | U9: 3. Pickups | V9: 4. Minibus, matatu | W9: 5. Medium bus | X9: 6. Large Bus | Y9: 7. Light Truck | Z9: 8. Medium Truck | AA9: 9. Heavy truck | AB9: 10. Truck Trailer | AC9: 11. Motorcycles | AD9: 12. Tractors, Graders | AE9: Total Excl M/ Cycles | AF9: Total All
B10: 07.00 - 07.15 | C10: 1 | D10: 0 | E10: 0 | F10: 1 | G10: 0 | H10: 0 | I10: 0 | J10: 0 | K10: 0 | L10: 0 | M10: 2 | N10: 0 | O10: =SUM(C10:L10,N10) -> 2 | P10: =SUM(C10:N10) -> 4 | R10: 0700-0800 | S10: =SUM(C10:C13) -> 4 | T10: =SUM(D10:D13) -> 0 | U10: =SUM(E10:E13) -> 2 | V10: =SUM(F10:F13) -> 6 | W10: =SUM(G10:G13) -> 0 | X10: =SUM(H10:H13) -> 0 | Y10: =SUM(I10:I13) -> 0 | Z10: =SUM(J10:J13) -> 0 | ... AF10: =SUM(P10:P13) -> 39
B11: 07.15 - 07.30 | C11: 2 | D11: 0 | E11: 1 | F11: 2 | G11: 0 | H11: 0 | I11: 0 | J11: 0 | K11: 0 | L11: 1 | M11: 3 | N11: 0 | O11: =SUM(C11:L11,N11) -> 6 | P11: =SUM(C11:N11) -> 9 | R11: 0800-0900 | S11: =SUM(C14:C17) -> 11 | T11: =SUM(D14:D17) -> 0 | U11: =SUM(E14:E17) -> 6 | V11: =SUM(F14:F17) -> 14 | W11: =SUM(G14:G17) -> 0 | X11: =SUM(H14:H17) -> 2 | Y11: =SUM(I14:I17) -> 4 | Z11: =SUM(J14:J17) -> 0 | ... AF11: =SUM(P14:P17) -> 198
B12: 07.30 - 07.45 | C12: 0 | D12: 0 | E12: 0 | F12: 1 | G12: 0 | H12: 0 | I12: 0 | J12: 0 | K12: 0 | L12: 1 | M12: 7 | N12: 0 | O12: =SUM(C12:L12,N12) -> 2 | P12: =SUM(C12:N12) -> 9 | R12: 0900-1000 | S12: =SUM(C18:C21) -> 11 | T12: =SUM(D18:D21) -> 1 | U12: =SUM(E18:E21) -> 17 | V12: =SUM(F18:F21) -> 21 | W12: =SUM(G18:G21) -> 0 | X12: =SUM(H18:H21) -> 2 | Y12: =SUM(I18:I21) -> 4 | Z12: =SUM(J18:J21) -> 0 | ... AF12: =SUM(P18:P21) -> 254
B13: 07.45 - 08.00 | C13: 1 | D13: 0 | E13: 1 | F13: 2 | G13: 0 | H13: 0 | I13: 0 | J13: 0 | K13: 0 | L13: 2 | M13: 11 | N13: 0 | O13: =SUM(C13:L13,N13) -> 6 | P13: =SUM(C13:N13) -> 17 | R13: 1000-1100 | S13: =SUM(C22:C25) -> 23 | T13: =SUM(D22:D25) -> 1 | U13: =SUM(E22:E25) -> 11 | V13: =SUM(F22:F25) -> 15 | W13: =SUM(G22:G25) -> 0 | X13: =SUM(H22:H25) -> 0 | Y13: =SUM(I22:I25) -> 9 | Z13: =SUM(J22:J25) -> 1 | ... AF13: =SUM(P22:P25) -> 250
B14: 08.00 - 08.15 | C14: 2 | D14: 0 | E14: 2 | F14: 2 | G14: 0 | H14: 0 | I14: 1 | J14: 0 | K14: 0 | L14: 1 | M14: 26 | N14: 0 | O14: =SUM(C14:L14,N14) -> 8 | P14: =SUM(C14:N14) -> 34 | R14: 1100-1200 | S14: =SUM(C26:C29) -> 25 | T14: =SUM(D26:D29) -> 2 | U14: =SUM(E26:E29) -> 17 | V14: =SUM(F26:F29) -> 13 | W14: =SUM(G26:G29) -> 0 | X14: =SUM(H26:H29) -> 0 | Y14: =SUM(I26:I29) -> 5 | Z14: =SUM(J26:J29) -> 2 | ... AF14: =SUM(P26:P29) -> 244
B15: 08.15 - 08.30 | C15: 3 | D15: 0 | E15: 3 | F15: 4 | G15: 0 | H15: 1 | I15: 2 | J15: 0 | K15: 1 | L15: 3 | M15: 43 | N15: 0 | O15: =SUM(C15:L15,N15) -> 17 | P15: =SUM(C15:N15) -> 60 | R15: 1200-1300 | S15: =SUM(C30:C33) -> 30 | T15: =SUM(D30:D33) -> 0 | U15: =SUM(E30:E33) -> 9 | V15: =SUM(F30:F33) -> 16 | W15: =SUM(G30:G33) -> 0 | X15: =SUM(H30:H33) -> 0 | Y15: =SUM(I30:I33) -> 4 | Z15: =SUM(J30:J33) -> 6 | ... AF15: =SUM(P30:P33) -> 262
B16: 08.30 - 08.45 | C16: 2 | D16: 0 | E16: 0 | F16: 3 | G16: 0 | H16: 0 | I16: 0 | J16: 0 | K16: 0 | L16: 0 | M16: 32 | N16: 0 | O16: =SUM(C16:L16,N16) -> 5 | P16: =SUM(C16:N16) -> 37 | R16: 1300-1400 | S16: =SUM(C34:C37) -> 11 | T16: =SUM(D34:D37) -> 2 | U16: =SUM(E34:E37) -> 25 | V16: =SUM(F34:F37) -> 12 | W16: =SUM(G34:G37) -> 0 | X16: =SUM(H34:H37) -> 1 | Y16: =SUM(I34:I37) -> 7 | Z16: =SUM(J34:J37) -> 10 | ... AF16: =SUM(P34:P37) -> 241
B17: 08.45 - 9.00 | C17: 4 | D17: 0 | E17: 1 | F17: 5 | G17: 0 | H17: 1 | I17: 1 | J17: 0 | K17: 1 | L17: 1 | M17: 53 | N17: 0 | O17: =SUM(C17:L17,N17) -> 14 | P17: =SUM(C17:N17) -> 67 | R17: 1400-1500 | S17: =SUM(C38:C41) -> 40 | T17: =SUM(D38:D41) -> 1 | U17: =SUM(E38:E41) -> 18 | V17: =SUM(F38:F41) -> 16 | W17: =SUM(G38:G41) -> 0 | X17: =SUM(H38:H41) -> 0 | Y17: =SUM(I38:I41) -> 4 | Z17: =SUM(J38:J41) -> 10 | ... AF17: =SUM(P38:P41) -> 152
B18: 09.00 - 09.15 | C18: 0 | D18: 0 | E18: 2 | F18: 4 | G18: 0 | H18: 0 | I18: 0 | J18: 0 | K18: 0 | L18: 2 | M18: 32 | N18: 0 | O18: =SUM(C18:L18,N18) -> 8 | P18: =SUM(C18:N18) -> 40 | R18: 1500-1600 | S18: =SUM(C42:C45) -> 18 | T18: =SUM(D42:D45) -> 2 | U18: =SUM(E42:E45) -> 16 | V18: =SUM(F42:F45) -> 12 | W18: =SUM(G42:G45) -> 0 | X18: =SUM(H42:H45) -> 0 | Y18: =SUM(I42:I45) -> 11 | Z18: =SUM(J42:J45) -> 11 | ... AF18: =SUM(P42:P45) -> 271
B19: 09.15 - 09.30 | C19: 1 | D19: 0 | E19: 3 | F19: 7 | G19: 0 | H19: 1 | I19: 1 | J19: 0 | K19: 1 | L19: 3 | M19: 53 | N19: 0 | O19: =SUM(C19:L19,N19) -> 17 | P19: =SUM(C19:N19) -> 70 | R19: 1600-1700 | S19: =SUM(C46:C49) -> 24 | T19: =SUM(D46:D49) -> 0 | U19: =SUM(E46:E49) -> 11 | V19: =SUM(F46:F49) -> 19 | W19: =SUM(G46:G49) -> 0 | X19: =SUM(H46:H49) -> 0 | Y19: =SUM(I46:I49) -> 18 | Z19: =SUM(J46:J49) -> 4 | ... AF19: =SUM(P46:P49) -> 250
B20: 09.30 - 09.45 | C20: 4 | D20: 0 | E20: 5 | F20: 4 | G20: 0 | H20: 0 | I20: 1 | J20: 0 | K20: 0 | L20: 3 | M20: 37 | N20: 0 | O20: =SUM(C20:L20,N20) -> 17 | P20: =SUM(C20:N20) -> 54 | R20: 1700-1800 | S20: =SUM(C50:C53) -> 14 | T20: =SUM(D50:D53) -> 2 | U20: =SUM(E50:E53) -> 22 | V20: =SUM(F50:F53) -> 20 | W20: =SUM(G50:G53) -> 0 | X20: =SUM(H50:H53) -> 0 | Y20: =SUM(I50:I53) -> 11 | Z20: =SUM(J50:J53) -> 8 | ... AF20: =SUM(P50:P53) -> 287
B21: 09.45 - 10.00 | C21: 6 | D21: 1 | E21: 7 | F21: 6 | G21: 0 | H21: 1 | I21: 2 | J21: 0 | K21: 0 | L21: 4 | M21: 62 | N21: 1 | O21: =SUM(C21:L21,N21) -> 28 | P21: =SUM(C21:N21) -> 90 | R21: 1800-1900 | S21: =SUM(C54:C57) -> 20 | T21: =SUM(D54:D57) -> 2 | U21: =SUM(E54:E57) -> 22 | V21: =SUM(F54:F57) -> 11 | W21: =SUM(G54:G57) -> 0 | X21: =SUM(H54:H57) -> 0 | Y21: =SUM(I54:I57) -> 15 | Z21: =SUM(J54:J57) -> 8 | ... AF21: =SUM(P54:P57) -> 295
B22: 10.00 - 10.15 | C22: 5 | D22: 0 | E22: 0 | F22: 4 | G22: 0 | H22: 0 | I22: 0 | J22: 0 | K22: 2 | L22: 2 | M22: 38 | N22: 0 | O22: =SUM(C22:L22,N22) -> 13 | P22: =SUM(C22:N22) -> 51 | R22: AM Peak Hr | S22: =MAX(S10:S12) -> 11 | T22: =MAX(T10:T12) -> 1 | U22: =MAX(U10:U12) -> 17 | V22: =MAX(V10:V12) -> 21 | W22: =MAX(W10:W12) -> 0 | X22: =MAX(X10:X12) -> 2 | Y22: =MAX(Y10:Y12) -> 4 | Z22: =MAX(Z10:Z12) -> 0 | ... AF22: =MAX(AF10:AF12) -> 254
B23: 10.15 - 10.30 | C23: 8 | D23: 0 | E23: 1 | F23: 6 | G23: 0 | H23: 0 | I23: 1 | J23: 0 | K23: 3 | L23: 3 | M23: 64 | N23: 0 | O23: =SUM(C23:L23,N23) -> 22 | P23: =SUM(C23:N23) -> 86 | R23: IP Peak Hr | S23: =MAX(S13:S18) -> 40 | T23: =MAX(T13:T18) -> 2 | U23: =MAX(U13:U18) -> 25 | V23: =MAX(V13:V18) -> 16 | W23: =MAX(W13:W18) -> 0 | X23: =MAX(X13:X18) -> 1 | Y23: =MAX(Y13:Y18) -> 11 | Z23: =MAX(Z13:Z18) -> 11 | ... AF23: =MAX(AF13:AF18) -> 271
B24: 10.30 - 10.45 | C24: 4 | D24: 0 | E24: 4 | F24: 2 | G24: 0 | H24: 0 | I24: 3 | J24: 0 | K24: 0 | L24: 1 | M24: 28 | N24: 0 | O24: =SUM(C24:L24,N24) -> 14 | P24: =SUM(C24:N24) -> 42 | R24: PM Peak Hr | S24: =MAX(S19:S21) -> 24 | T24: =MAX(T19:T21) -> 2 | U24: =MAX(U19:U21) -> 22 | V24: =MAX(V19:V21) -> 20 | W24: =MAX(W19:W21) -> 0 | X24: =MAX(X19:X21) -> 0 | Y24: =MAX(Y19:Y21) -> 18 | Z24: =MAX(Z19:Z21) -> 8 | ... AF24: =MAX(AF19:AF21) -> 295
B25: 10.45 - 11.00 | C25: 6 | D25: 1 | E25: 6 | F25: 3 | G25: 0 | H25: 0 | I25: 5 | J25: 1 | K25: 0 | L25: 2 | M25: 47 | N25: 0 | O25: =SUM(C25:L25,N25) -> 24 | P25: =SUM(C25:N25) -> 71 | R25: AM Period | S25: =SUM(S10:S12) -> 26 | T25: =SUM(T10:T12) -> 1 | U25: =SUM(U10:U12) -> 25 | V25: =SUM(V10:V12) -> 41 | W25: =SUM(W10:W12) -> 0 | X25: =SUM(X10:X12) -> 4 | Y25: =SUM(Y10:Y12) -> 8 | Z25: =SUM(Z10:Z12) -> 0 | ... AF25: =SUM(AF10:AF12) -> 491
B26: 11.00 - 11.15 | C26: 5 | D26: 0 | E26: 3 | F26: 4 | G26: 0 | H26: 0 | I26: 0 | J26: 0 | K26: 0 | L26: 2 | M26: 34 | N26: 0 | O26: =SUM(C26:L26,N26) -> 14 | P26: =SUM(C26:N26) -> 48 | R26: IP Period | S26: =SUM(S13:S18) -> 147 | T26: =SUM(T13:T18) -> 8 | U26: =SUM(U13:U18) -> 96 | V26: =SUM(V13:V18) -> 84 | W26: =SUM(W13:W18) -> 0 | X26: =SUM(X13:X18) -> 1 | Y26: =SUM(Y13:Y18) -> 40 | Z26: =SUM(Z13:Z18) -> 40 | ... AF26: =SUM(AF13:AF18) -> 1420
B27: 11.15 - 11.30 | C27: 9 | D27: 1 | E27: 4 | F27: 6 | G27: 0 | H27: 0 | I27: 0 | J27: 1 | K27: 0 | L27: 3 | M27: 57 | N27: 0 | O27: =SUM(C27:L27,N27) -> 24 | P27: =SUM(C27:N27) -> 81 | R27: PM Period | S27: =SUM(S19:S21) -> 58 | T27: =SUM(T19:T21) -> 4 | U27: =SUM(U19:U21) -> 55 | V27: =SUM(V19:V21) -> 50 | W27: =SUM(W19:W21) -> 0 | X27: =SUM(X19:X21) -> 0 | Y27: =SUM(Y19:Y21) -> 44 | Z27: =SUM(Z19:Z21) -> 20 | ... AF27: =SUM(AF19:AF21) -> 832
B28: 11.30 - 11.45 | C28: 4 | D28: 0 | E28: 4 | F28: 1 | G28: 0 | H28: 0 | I28: 2 | J28: 0 | K28: 2 | L28: 0 | M28: 29 | N28: 0 | O28: =SUM(C28:L28,N28) -> 13 | P28: =SUM(C28:N28) -> 42 | R28: 12 Hours | S28: =SUM(S10:S21) -> 231 | T28: =SUM(T10:T21) -> 13 | U28: =SUM(U10:U21) -> 176 | V28: =SUM(V10:V21) -> 175 | W28: =SUM(W10:W21) -> 0 | X28: =SUM(X10:X21) -> 5 | Y28: =SUM(Y10:Y21) -> 92 | Z28: =SUM(Z10:Z21) -> 60 | ... AF28: =SUM(AF10:AF21) -> 2743
B29: 11.45 - 12.00 | C29: 7 | D29: 1 | E29: 6 | F29: 2 | G29: 0 | H29: 0 | I29: 3 | J29: 1 | K29: 4 | L29: 0 | M29: 49 | N29: 0 | O29: =SUM(C29:L29,N29) -> 24 | P29: =SUM(C29:N29) -> 73
B30: 12.00 - 12.15 | C30: 8 | D30: 0 | E30: 2 | F30: 3 | G30: 0 | H30: 0 | I30: 1 | J30: 2 | K30: 0 | L30: 0 | M30: 41 | N30: 0 | O30: =SUM(C30:L30,N30) -> 16 | P30: =SUM(C30:N30) -> 57
B31: 12.15 - 12.30 | C31: 14 | D31: 0 | E31: 4 | F31: 5 | G31: 0 | H31: 0 | I31: 2 | J31: 3 | K31: 1 | L31: 1 | M31: 69 | N31: 0 | O31: =SUM(C31:L31,N31) -> 30 | P31: =SUM(C31:N31) -> 99
B32: 12.30 - 12.45 | C32: 3 | D32: 0 | E32: 1 | F32: 3 | G32: 0 | H32: 0 | I32: 0 | J32: 0 | K32: 0 | L32: 0 | M32: 31 | N32: 0 | O32: =SUM(C32:L32,N32) -> 7 | P32: =SUM(C32:N32) -> 38
B33: 12.45 - 13.00 | C33: 5 | D33: 0 | E33: 2 | F33: 5 | G33: 0 | H33: 0 | I33: 1 | J33: 1 | K33: 1 | L33: 1 | M33: 52 | N33: 0 | O33: =SUM(C33:L33,N33) -> 16 | P33: =SUM(C33:N33) -> 68
B34: 13.00 - 13.15 | C34: 1 | D34: 0 | E34: 6 | F34: 2 | G34: 0 | H34: 0 | I34: 2 | J34: 2 | K34: 2 | L34: 0 | M34: 38 | N34: 0 | O34: =SUM(C34:L34,N34) -> 15 | P34: =SUM(C34:N34) -> 53
B35: 13.15 - 13.30 | C35: 2 | D35: 1 | E35: 9 | F35: 4 | G35: 0 | H35: 1 | I35: 4 | J35: 3 | K35: 3 | L35: 0 | M35: 63 | N35: 0 | O35: =SUM(C35:L35,N35) -> 27 | P35: =SUM(C35:N35) -> 90
B36: 13.30 - 13.45 | C36: 3 | D36: 0 | E36: 4 | F36: 2 | G36: 0 | H36: 0 | I36: 0 | J36: 2 | K36: 2 | L36: 2 | M36: 21 | N36: 0 | O36: =SUM(C36:L36,N36) -> 15 | P36: =SUM(C36:N36) -> 36
B37: 13.45 - 14.00 | C37: 5 | D37: 1 | E37: 6 | F37: 4 | G37: 0 | H37: 0 | I37: 1 | J37: 3 | K37: 4 | L37: 3 | M37: 35 | N37: 0 | O37: =SUM(C37:L37,N37) -> 27 | P37: =SUM(C37:N37) -> 62
B38: 14.00 - 14.15 | C38: 7 | D38: 0 | E38: 2 | F38: 2 | G38: 0 | H38: 0 | I38: 0 | J38: 2 | K38: 0 | L38: 2 | M38: 0 | N38: 0 | O38: =SUM(C38:L38,N38) -> 15 | P38: =SUM(C38:N38) -> 15
B39: 14.15 - 14.30 | C39: 12 | D39: 0 | E39: 4 | F39: 4 | G39: 0 | H39: 0 | I39: 1 | J39: 3 | K39: 0 | L39: 3 | M39: 0 | N39: 0 | O39: =SUM(C39:L39,N39) -> 27 | P39: =SUM(C39:N39) -> 27
B40: 14.30 - 14.45 | C40: 8 | D40: 0 | E40: 5 | F40: 4 | G40: 0 | H40: 0 | I40: 1 | J40: 2 | K40: 1 | L40: 0 | M40: 20 | N40: 0 | O40: =SUM(C40:L40,N40) -> 21 | P40: =SUM(C40:N40) -> 41
... B57: 18.45 - 19.00 | C57: 6 | D57: 1 | E57: 6 | F57: 4 | G57: 0 | H57: 0 | I57: 6 | J57: 2 | K57: 3 | L57: 2 | M57: 69 | N57: 0 | O57: =SUM(C57:L57,N57) -> 30 | P57: =SUM(C57:N57) -> 99
B58: Totals | C58: =SUM(C10:C57) -> 231 | D58: =SUM(D10:D57) -> 13 | E58: =SUM(E10:E57) -> 176 | F58: =SUM(F10:F57) -> 175 | G58: =SUM(G10:G57) -> 0 | H58: =SUM(H10:H57) -> 5 | I58: =SUM(I10:I57) -> 92 | J58: =SUM(J10:J57) -> 60 | ... P58: =SUM(P10:P57) -> 2743
B59: %ges + MCs | C59: =C58/$P$58 -> 0.084214364 | D59: =D58/$P$58 -> 0.0047393365 | E59: =E58/$P$58 -> 0.064163325 | F59: =F58/$P$58 -> 0.06379876 | G59: =G58/$P$58 -> 0 | H59: =H58/$P$58 -> 0.0018228217 | I59: =I58/$P$58 -> 0.03353992 | J59: =J58/$P$58 -> 0.021873861 | ... N59: =N58/$P$58 -> 0.00036456435
B60: %ges w/o MCs | C60: =C58/$O$58 -> 0.26860465 | D60: =D58/$O$58 -> 0.015116279 | E60: =E58/$O$58 -> 0.20465116 | F60: =F58/$O$58 -> 0.20348837 | G60: =G58/$O$58 -> 0 | H60: =H58/$O$58 -> 0.0058139535 | I60: =I58/$O$58 -> 0.10697674 | J60: =J58/$O$58 -> 0.069767442 | ... L60: =L58/$O$58 -> 0.068604651 | N60: =N58/$O$58 -> 0.0011627907

Sheet 12.09 Ishaka-Katungulu
B1: Consultancy services for Preparation of Expressway Development Master Plan (EDMP) for Uganda
B2: MANUAL CLASSIFIED COUNT (MCC)
B3: ROAD NAME: | C3: ='09.09 Ishaka-Katungulu'!C3:G3 -> MCC - C4 - STN104 - ISHAKA KATUNGULU ROAD
C5: Date | D5: 12.09.19 | F5: Location | G5: ='11.09 Katungulu-Ishaka'!G5:H5 -> Rubirizi | J5: Surveyor | K5: ='11.09 Katungulu-Ishaka'!K5:L5 -> xxx
C6: Dir. From | D6: ='09.09 Ishaka-Katungulu'!D6:E6 -> Ishaka | F6: Dir. To | G6: ='09.09 Ishaka-Katungulu'!G6:H6 -> Katungulu | J6: Supervisor | K6: ='11.09 Katungulu-Ishaka'!K6:L6 -> xxx
B8: Time / Veh Type | R8: SUMMARY TRAFFIC VOLUMES
C9: 1. Car | D9: 2. Station Wagon | E9: 3. Pickups | F9: 4. Minibus, matatu | G9: 5. Medium bus | H9: 6. Large Bus | I9: 7. Light Truck | J9: 8. Medium Truck | K9: 9. Heavy truck | L9: 10. Truck Trailer | M9: 11. Motor cycles | N9: 12. Tractors | O9: Total Excl M/Cycles | P9: Total All | R9: Time | S9: 1. Car | T9: 2. Station Wagon | U9: 3. Pickups | V9: 4. Minibus, matatu | W9: 5. Medium bus | X9: 6. Large Bus | Y9: 7. Light Truck | Z9: 8. Medium Truck | AA9: 9. Heavy truck | AB9: 10. Truck Trailer | AC9: 11. Motorcycles | AD9: 12. Tractors, Graders | AE9: Total Excl M/ Cycles | AF9: Total All
B10: 07.00 - 07.15 | C10: 1 | D10: 0 | E10: 0 | F10: 0 | G10: 0 | H10: 0 | I10: 0 | J10: 0 | K10: 1 | L10: 0 | M10: 8 | N10: 0 | O10: =SUM(C10:L10,N10) -> 2 | P10: =SUM(C10:N10) -> 10 | R10: 0700-0800 | S10: =SUM(C10:C13) -> 4 | T10: =SUM(D10:D13) -> 0 | U10: =SUM(E10:E13) -> 1 | V10: =SUM(F10:F13) -> 5 | W10: =SUM(G10:G13) -> 0 | X10: =SUM(H10:H13) -> 0 | Y10: =SUM(I10:I13) -> 1 | Z10: =SUM(J10:J13) -> 0 | ... AF10: =SUM(P10:P13) -> 123
B11: 07.15 - 07.30 | C11: 2 | D11: 0 | E11: 1 | F11: 0 | G11: 0 | H11: 0 | I11: 0 | J11: 0 | K11: 2 | L11: 0 | M11: 13 | N11: 0 | O11: =SUM(C11:L11,N11) -> 5 | P11: =SUM(C11:N11) -> 18 | R11: 0800-0900 | S11: =SUM(C14:C17) -> 8 | T11: =SUM(D14:D17) -> 0 | U11: =SUM(E14:E17) -> 12 | V11: =SUM(F14:F17) -> 16 | W11: =SUM(G14:G17) -> 0 | X11: =SUM(H14:H17) -> 0 | Y11: =SUM(I14:I17) -> 3 | Z11: =SUM(J14:J17) -> 3 | ... AF11: =SUM(P14:P17) -> 299
B12: 07.30 - 07.45 | C12: 0 | D12: 0 | E12: 0 | F12: 2 | G12: 0 | H12: 0 | I12: 0 | J12: 0 | K12: 1 | L12: 2 | M12: 30 | N12: 0 | O12: =SUM(C12:L12,N12) -> 5 | P12: =SUM(C12:N12) -> 35 | R12: 0900-1000 | S12: =SUM(C18:C21) -> 15 | T12: =SUM(D18:D21) -> 1 | U12: =SUM(E18:E21) -> 12 | V12: =SUM(F18:F21) -> 12 | W12: =SUM(G18:G21) -> 0 | X12: =SUM(H18:H21) -> 0 | Y12: =SUM(I18:I21) -> 4 | Z12: =SUM(J18:J21) -> 2 | ... AF12: =SUM(P18:P21) -> 309
B13: 07.45 - 08.00 | C13: 1 | D13: 0 | E13: 0 | F13: 3 | G13: 0 | H13: 0 | I13: 1 | J13: 0 | K13: 2 | L13: 3 | M13: 50 | N13: 0 | O13: =SUM(C13:L13,N13) -> 10 | P13: =SUM(C13:N13) -> 60 | R13: 1000-1100 | S13: =SUM(C22:C25) -> 16 | T13: =SUM(D22:D25) -> 2 | U13: =SUM(E22:E25) -> 21 | V13: =SUM(F22:F25) -> 13 | W13: =SUM(G22:G25) -> 0 | X13: =SUM(H22:H25) -> 0 | Y13: =SUM(I22:I25) -> 6 | Z13: =SUM(J22:J25) -> 3 | ... AF13: =SUM(P22:P25) -> 361
B14: 08.00 - 08.15 | C14: 2 | D14: 0 | E14: 2 | F14: 4 | G14: 0 | H14: 0 | I14: 0 | J14: 1 | K14: 4 | L14: 0 | M14: 41 | N14: 0 | O14: =SUM(C14:L14,N14) -> 13 | P14: =SUM(C14:N14) -> 54 | R14: 1100-1200 | S14: =SUM(C26:C29) -> 18 | T14: =SUM(D26:D29) -> 2 | U14: =SUM(E26:E29) -> 27 | V14: =SUM(F26:F29) -> 9 | W14: =SUM(G26:G29) -> 0 | X14: =SUM(H26:H29) -> 0 | Y14: =SUM(I26:I29) -> 1 | Z14: =SUM(J26:J29) -> 1 | ... AF14: =SUM(P26:P29) -> 325
B15: 08.15 - 08.30 | C15: 3 | D15: 0 | E15: 4 | F15: 6 | G15: 0 | H15: 0 | I15: 0 | J15: 2 | K15: 7 | L15: 1 | M15: 85 | N15: 0 | O15: =SUM(C15:L15,N15) -> 23 | P15: =SUM(C15:N15) -> 108 | R15: 1200-1300 | S15: =SUM(C30:C33) -> 21 | T15: =SUM(D30:D33) -> 2 | U15: =SUM(E30:E33) -> 17 | V15: =SUM(F30:F33) -> 13 | W15: =SUM(G30:G33) -> 0 | X15: =SUM(H30:H33) -> 0 | Y15: =SUM(I30:I33) -> 12 | Z15: =SUM(J30:J33) -> 0 | ... AF15: =SUM(P30:P33) -> 254
B16: 08.30 - 08.45 | C16: 1 | D16: 0 | E16: 2 | F16: 2 | G16: 0 | H16: 0 | I16: 1 | J16: 0 | K16: 2 | L16: 0 | M16: 42 | N16: 0 | O16: =SUM(C16:L16,N16) -> 8 | P16: =SUM(C16:N16) -> 50 | R16: 1300-1400 | S16: =SUM(C34:C37) -> 20 | T16: =SUM(D34:D37) -> 0 | U16: =SUM(E34:E37) -> 10 | V16: =SUM(F34:F37) -> 20 | W16: =SUM(G34:G37) -> 0 | X16: =SUM(H34:H37) -> 0 | Y16: =SUM(I34:I37) -> 6 | Z16: =SUM(J34:J37) -> 0 | ... AF16: =SUM(P34:P37) -> 250
B17: 08.45 - 9.00 | C17: 2 | D17: 0 | E17: 4 | F17: 4 | G17: 0 | H17: 0 | I17: 2 | J17: 0 | K17: 4 | L17: 1 | M17: 70 | N17: 0 | O17: =SUM(C17:L17,N17) -> 17 | P17: =SUM(C17:N17) -> 87 | R17: 1400-1500 | S17: =SUM(C38:C41) -> 18 | T17: =SUM(D38:D41) -> 2 | U17: =SUM(E38:E41) -> 19 | V17: =SUM(F38:F41) -> 16 | W17: =SUM(G38:G41) -> 0 | X17: =SUM(H38:H41) -> 0 | Y17: =SUM(I38:I41) -> 13 | Z17: =SUM(J38:J41) -> 4 | ... AF17: =SUM(P38:P41) -> 262
B18: 09.00 - 09.15 | C18: 2 | D18: 0 | E18: 1 | F18: 2 | G18: 0 | H18: 0 | I18: 0 | J18: 0 | K18: 0 | L18: 2 | M18: 35 | N18: 0 | O18: =SUM(C18:L18,N18) -> 7 | P18: =SUM(C18:N18) -> 42 | R18: 1500-1600 | S18: =SUM(C42:C45) -> 19 | T18: =SUM(D42:D45) -> 1 | U18: =SUM(E42:E45) -> 18 | V18: =SUM(F42:F45) -> 10 | W18: =SUM(G42:G45) -> 0 | X18: =SUM(H42:H45) -> 0 | Y18: =SUM(I42:I45) -> 6 | Z18: =SUM(J42:J45) -> 1 | ... AF18: =SUM(P42:P45) -> 223
B19: 09.15 - 09.30 | C19: 3 | D19: 0 | E19: 2 | F19: 4 | G19: 0 | H19: 0 | I19: 1 | J19: 1 | K19: 1 | L19: 3 | M19: 59 | N19: 0 | O19: =SUM(C19:L19,N19) -> 15 | P19: =SUM(C19:N19) -> 74 | R19: 1600-1700 | S19: =SUM(C46:C49) -> 24 | T19: =SUM(D46:D49) -> 2 | U19: =SUM(E46:E49) -> 20 | V19: =SUM(F46:F49) -> 16 | W19: =SUM(G46:G49) -> 0 | X19: =SUM(H46:H49) -> 0 | Y19: =SUM(I46:I49) -> 15 | Z19: =SUM(J46:J49) -> 1 | ... AF19: =SUM(P46:P49) -> 284
B20: 09.30 - 09.45 | C20: 4 | D20: 0 | E20: 4 | F20: 2 | G20: 0 | H20: 0 | I20: 1 | J20: 0 | K20: 0 | L20: 2 | M20: 59 | N20: 0 | O20: =SUM(C20:L20,N20) -> 13 | P20: =SUM(C20:N20) -> 72 | R20: 1700-1800 | S20: =SUM(C50:C53) -> 19 | T20: =SUM(D50:D53) -> 2 | U20: =SUM(E50:E53) -> 16 | V20: =SUM(F50:F53) -> 14 | W20: =SUM(G50:G53) -> 0 | X20: =SUM(H50:H53) -> 0 | Y20: =SUM(I50:I53) -> 11 | Z20: =SUM(J50:J53) -> 1 | ... AF20: =SUM(P50:P53) -> 250
B21: 09.45 - 10.00 | C21: 6 | D21: 1 | E21: 5 | F21: 4 | G21: 0 | H21: 0 | I21: 2 | J21: 1 | K21: 0 | L21: 4 | M21: 98 | N21: 0 | O21: =SUM(C21:L21,N21) -> 23 | P21: =SUM(C21:N21) -> 121 | R21: 1800-1900 | S21: =SUM(C54:C57) -> 15 | T21: =SUM(D54:D57) -> 0 | U21: =SUM(E54:E57) -> 11 | V21: =SUM(F54:F57) -> 12 | W21: =SUM(G54:G57) -> 0 | X21: =SUM(H54:H57) -> 1 | Y21: =SUM(I54:I57) -> 3 | Z21: =SUM(J54:J57) -> 0 | ... AF21: =SUM(P54:P57) -> 193
B22: 10.00 - 10.15 | C22: 2 | D22: 0 | E22: 5 | F22: 1 | G22: 0 | H22: 0 | I22: 2 | J22: 0 | K22: 0 | L22: 2 | M22: 47 | N22: 0 | O22: =SUM(C22:L22,N22) -> 12 | P22: =SUM(C22:N22) -> 59 | R22: AM Peak Hr | S22: =MAX(S10:S12) -> 15 | T22: =MAX(T10:T12) -> 1 | U22: =MAX(U10:U12) -> 12 | V22: =MAX(V10:V12) -> 16 | W22: =MAX(W10:W12) -> 0 | X22: =MAX(X10:X12) -> 0 | Y22: =MAX(Y10:Y12) -> 4 | Z22: =MAX(Z10:Z12) -> 3 | ... AF22: =MAX(AF10:AF12) -> 309
B23: 10.15 - 10.30 | C23: 4 | D23: 1 | E23: 7 | F23: 2 | G23: 0 | H23: 0 | I23: 3 | J23: 0 | K23: 1 | L23: 4 | M23: 78 | N23: 0 | O23: =SUM(C23:L23,N23) -> 22 | P23: =SUM(C23:N23) -> 100 | R23: IP Peak Hr | S23: =MAX(S13:S18) -> 21 | T23: =MAX(T13:T18) -> 2 | U23: =MAX(U13:U18) -> 27 | V23: =MAX(V13:V18) -> 20 | W23: =MAX(W13:W18) -> 0 | X23: =MAX(X13:X18) -> 0 | Y23: =MAX(Y13:Y18) -> 13 | Z23: =MAX(Z13:Z18) -> 4 | ... AF23: =MAX(AF13:AF18) -> 361
B24: 10.30 - 10.45 | C24: 4 | D24: 0 | E24: 4 | F24: 4 | G24: 0 | H24: 0 | I24: 0 | J24: 1 | K24: 0 | L24: 2 | M24: 61 | N24: 0 | O24: =SUM(C24:L24,N24) -> 15 | P24: =SUM(C24:N24) -> 76 | R24: PM Peak Hr | S24: =MAX(S19:S21) -> 24 | T24: =MAX(T19:T21) -> 2 | U24: =MAX(U19:U21) -> 20 | V24: =MAX(V19:V21) -> 16 | W24: =MAX(W19:W21) -> 0 | X24: =MAX(X19:X21) -> 1 | Y24: =MAX(Y19:Y21) -> 15 | Z24: =MAX(Z19:Z21) -> 1 | ... AF24: =MAX(AF19:AF21) -> 284
B25: 10.45 - 11.00 | C25: 6 | D25: 1 | E25: 5 | F25: 6 | G25: 0 | H25: 0 | I25: 1 | J25: 2 | K25: 0 | L25: 3 | M25: 102 | N25: 0 | O25: =SUM(C25:L25,N25) -> 24 | P25: =SUM(C25:N25) -> 126 | R25: AM Period | S25: =SUM(S10:S12) -> 27 | T25: =SUM(T10:T12) -> 1 | U25: =SUM(U10:U12) -> 25 | V25: =SUM(V10:V12) -> 33 | W25: =SUM(W10:W12) -> 0 | X25: =SUM(X10:X12) -> 0 | Y25: =SUM(Y10:Y12) -> 8 | Z25: =SUM(Z10:Z12) -> 5 | ... AF25: =SUM(AF10:AF12) -> 731
B26: 11.00 - 11.15 | C26: 2 | D26: 0 | E26: 4 | F26: 3 | G26: 0 | H26: 0 | I26: 0 | J26: 0 | K26: 0 | L26: 2 | M26: 56 | N26: 0 | O26: =SUM(C26:L26,N26) -> 11 | P26: =SUM(C26:N26) -> 67 | R26: IP Period | S26: =SUM(S13:S18) -> 112 | T26: =SUM(T13:T18) -> 9 | U26: =SUM(U13:U18) -> 112 | V26: =SUM(V13:V18) -> 81 | W26: =SUM(W13:W18) -> 0 | X26: =SUM(X13:X18) -> 0 | Y26: =SUM(Y13:Y18) -> 44 | Z26: =SUM(Z13:Z18) -> 9 | ... AF26: =SUM(AF13:AF18) -> 1675
B27: 11.15 - 11.30 | C27: 3 | D27: 1 | E27: 6 | F27: 5 | G27: 0 | H27: 0 | I27: 0 | J27: 0 | K27: 1 | L27: 4 | M27: 93 | N27: 0 | O27: =SUM(C27:L27,N27) -> 20 | P27: =SUM(C27:N27) -> 113 | R27: PM Period | S27: =SUM(S19:S21) -> 58 | T27: =SUM(T19:T21) -> 4 | U27: =SUM(U19:U21) -> 47 | V27: =SUM(V19:V21) -> 42 | W27: =SUM(W19:W21) -> 0 | X27: =SUM(X19:X21) -> 1 | Y27: =SUM(Y19:Y21) -> 29 | Z27: =SUM(Z19:Z21) -> 2 | ... AF27: =SUM(AF19:AF21) -> 727
B28: 11.30 - 11.45 | C28: 5 | D28: 0 | E28: 7 | F28: 0 | G28: 0 | H28: 0 | I28: 0 | J28: 0 | K28: 0 | L28: 0 | M28: 41 | N28: 0 | O28: =SUM(C28:L28,N28) -> 12 | P28: =SUM(C28:N28) -> 53 | R28: 12 Hours | S28: =SUM(S10:S21) -> 197 | T28: =SUM(T10:T21) -> 14 | U28: =SUM(U10:U21) -> 184 | V28: =SUM(V10:V21) -> 156 | W28: =SUM(W10:W21) -> 0 | X28: =SUM(X10:X21) -> 1 | Y28: =SUM(Y10:Y21) -> 81 | Z28: =SUM(Z10:Z21) -> 16 | ... AF28: =SUM(AF10:AF21) -> 3133
B29: 11.45 - 12.00 | C29: 8 | D29: 1 | E29: 10 | F29: 1 | G29: 0 | H29: 0 | I29: 1 | J29: 1 | K29: 0 | L29: 1 | M29: 69 | N29: 0 | O29: =SUM(C29:L29,N29) -> 23 | P29: =SUM(C29:N29) -> 92
B30: 12.00 - 12.15 | C30: 5 | D30: 0 | E30: 3 | F30: 2 | G30: 0 | H30: 0 | I30: 2 | J30: 0 | K30: 0 | L30: 0 | M30: 35 | N30: 0 | O30: =SUM(C30:L30,N30) -> 12 | P30: =SUM(C30:N30) -> 47
B31: 12.15 - 12.30 | C31: 8 | D31: 1 | E31: 4 | F31: 3 | G31: 0 | H31: 0 | I31: 4 | J31: 0 | K31: 1 | L31: 1 | M31: 59 | N31: 0 | O31: =SUM(C31:L31,N31) -> 22 | P31: =SUM(C31:N31) -> 81
B32: 12.30 - 12.45 | C32: 3 | D32: 0 | E32: 4 | F32: 3 | G32: 0 | H32: 0 | I32: 2 | J32: 0 | K32: 0 | L32: 1 | M32: 34 | N32: 0 | O32: =SUM(C32:L32,N32) -> 13 | P32: =SUM(C32:N32) -> 47
B33: 12.45 - 13.00 | C33: 5 | D33: 1 | E33: 6 | F33: 5 | G33: 0 | H33: 0 | I33: 4 | J33: 0 | K33: 0 | L33: 2 | M33: 56 | N33: 0 | O33: =SUM(C33:L33,N33) -> 23 | P33: =SUM(C33:N33) -> 79
B34: 13.00 - 13.15 | C34: 4 | D34: 0 | E34: 2 | F34: 4 | G34: 0 | H34: 0 | I34: 0 | J34: 0 | K34: 0 | L34: 1 | M34: 39 | N34: 0 | O34: =SUM(C34:L34,N34) -> 11 | P34: =SUM(C34:N34) -> 50
B35: 13.15 - 13.30 | C35: 6 | D35: 0 | E35: 3 | F35: 6 | G35: 0 | H35: 0 | I35: 0 | J35: 0 | K35: 1 | L35: 2 | M35: 65 | N35: 0 | O35: =SUM(C35:L35,N35) -> 18 | P35: =SUM(C35:N35) -> 83
B36: 13.30 - 13.45 | C36: 4 | D36: 0 | E36: 2 | F36: 4 | G36: 0 | H36: 0 | I36: 2 | J36: 0 | K36: 0 | L36: 0 | M36: 32 | N36: 0 | O36: =SUM(C36:L36,N36) -> 12 | P36: =SUM(C36:N36) -> 44
B37: 13.45 - 14.00 | C37: 6 | D37: 0 | E37: 3 | F37: 6 | G37: 0 | H37: 0 | I37: 4 | J37: 0 | K37: 0 | L37: 1 | M37: 53 | N37: 0 | O37: =SUM(C37:L37,N37) -> 20 | P37: =SUM(C37:N37) -> 73
B38: 14.00 - 14.15 | C38: 5 | D38: 0 | E38: 4 | F38: 3 | G38: 0 | H38: 0 | I38: 4 | J38: 1 | K38: 2 | L38: 1 | M38: 31 | N38: 0 | O38: =SUM(C38:L38,N38) -> 20 | P38: =SUM(C38:N38) -> 51
B39: 14.15 - 14.30 | C39: 8 | D39: 1 | E39: 5 | F39: 5 | G39: 0 | H39: 0 | I39: 6 | J39: 2 | K39: 4 | L39: 2 | M39: 51 | N39: 0 | O39: =SUM(C39:L39,N39) -> 33 | P39: =SUM(C39:N39) -> 84
B40: 14.30 - 14.45 | C40: 2 | D40: 0 | E40: 4 | F40: 3 | G40: 0 | H40: 0 | I40: 1 | J40: 0 | K40: 0 | L40: 0 | M40: 37 | N40: 0 | O40: =SUM(C40:L40,N40) -> 10 | P40: =SUM(C40:N40) -> 47
... B57: 18.45 - 19.00 | C57: 6 | D57: 0 | E57: 3 | F57: 4 | G57: 0 | H57: 0 | I57: 2 | J57: 0 | K57: 0 | L57: 1 | M57: 74 | N57: 0 | O57: =SUM(C57:L57,N57) -> 16 | P57: =SUM(C57:N57) -> 90
B58: Totals | C58: =SUM(C10:C57) -> 197 | D58: =SUM(D10:D57) -> 14 | E58: =SUM(E10:E57) -> 184 | F58: =SUM(F10:F57) -> 156 | G58: =SUM(G10:G57) -> 0 | H58: =SUM(H10:H57) -> 1 | I58: =SUM(I10:I57) -> 81 | J58: =SUM(J10:J57) -> 16 | ... P58: =SUM(P10:P57) -> 3133
B59: %ges + MCs | C59: =C58/$P$58 -> 0.06287903 | D59: =D58/$P$58 -> 0.0044685605 | E59: =E58/$P$58 -> 0.058729652 | F59: =F58/$P$58 -> 0.049792531 | G59: =G58/$P$58 -> 0 | H59: =H58/$P$58 -> 0.00031918289 | I59: =I58/$P$58 -> 0.025853814 | J59: =J58/$P$58 -> 0.0051069263 | ... N59: =N58/$P$58 -> 0
B60: %ges w/o MCs | C60: =C58/$O$58 -> 0.25989446 | D60: =D58/$O$58 -> 0.018469657 | E60: =E58/$O$58 -> 0.24274406 | F60: =F58/$O$58 -> 0.20580475 | G60: =G58/$O$58 -> 0 | H60: =H58/$O$58 -> 0.0013192612 | I60: =I58/$O$58 -> 0.10686016 | J60: =J58/$O$58 -> 0.021108179 | ... L60: =L58/$O$58 -> 0.077836412 | N60: =N58/$O$58 -> 0

Sheet 12.09 Katungulu-Ishaka
B1: Consultancy services for Preparation of Expressway Development Master Plan (EDMP) for Uganda
B2: MANUAL CLASSIFIED COUNT (MCC)
B3: ROAD NAME: | C3: ='09.09 Katungulu-Ishaka'!C3:G3 -> MCC - C4 - STN104 - ISHAKA KATUNGULU ROAD
C5: Date | D5: ='12.09 Ishaka-Katungulu'!D5 -> 12.09.19 | F5: Location | G5: ='12.09 Ishaka-Katungulu'!G5:H5 -> Rubirizi | J5: Surveyor | K5: ='12.09 Ishaka-Katungulu'!K5:L5 -> xxx
C6: Dir. From | D6: ='09.09 Katungulu-Ishaka'!D6:E6 -> Katungulu | F6: Dir. To | G6: ='09.09 Katungulu-Ishaka'!G6:H6 -> Ishaka | J6: Supervisor | K6: ='12.09 Ishaka-Katungulu'!K6:L6 -> xxx
B8: Time / Veh Type | R8: SUMMARY TRAFFIC VOLUMES
C9: 1. Car | D9: 2. Station Wagon | E9: 3. Pickups | F9: 4. Minibus, matatu | G9: 5. Medium bus | H9: 6. Large Bus | I9: 7. Light Truck | J9: 8. Medium Truck | K9: 9. Heavy truck | L9: 10. Truck Trailer | M9: 11. Motor cycles | N9: 12. Tractors | O9: Total Excl M/Cycles | P9: Total All | R9: Time | S9: 1. Car | T9: 2. Station Wagon | U9: 3. Pickups | V9: 4. Minibus, matatu | W9: 5. Medium bus | X9: 6. Large Bus | Y9: 7. Light Truck | Z9: 8. Medium Truck | AA9: 9. Heavy truck | AB9: 10. Truck Trailer | AC9: 11. Motorcycles | AD9: 12. Tractors, Graders | AE9: Total Excl M/ Cycles | AF9: Total All
B10: 07.00 - 07.15 | C10: 1 | D10: 0 | E10: 0 | F10: 0 | G10: 0 | H10: 0 | I10: 0 | J10: 0 | K10: 0 | L10: 0 | M10: 4 | N10: 0 | O10: =SUM(C10:L10,N10) -> 1 | P10: =SUM(C10:N10) -> 5 | R10: 0700-0800 | S10: =SUM(C10:C13) -> 8 | T10: =SUM(D10:D13) -> 0 | U10: =SUM(E10:E13) -> 3 | V10: =SUM(F10:F13) -> 2 | W10: =SUM(G10:G13) -> 0 | X10: =SUM(H10:H13) -> 0 | Y10: =SUM(I10:I13) -> 3 | Z10: =SUM(J10:J13) -> 1 | ... AF10: =SUM(P10:P13) -> 86
B11: 07.15 - 07.30 | C11: 2 | D11: 0 | E11: 0 | F11: 1 | G11: 0 | H11: 0 | I11: 0 | J11: 0 | K11: 0 | L11: 0 | M11: 7 | N11: 0 | O11: =SUM(C11:L11,N11) -> 3 | P11: =SUM(C11:N11) -> 10 | R11: 0800-0900 | S11: =SUM(C14:C17) -> 6 | T11: =SUM(D14:D17) -> 0 | U11: =SUM(E14:E17) -> 7 | V11: =SUM(F14:F17) -> 9 | W11: =SUM(G14:G17) -> 0 | X11: =SUM(H14:H17) -> 0 | Y11: =SUM(I14:I17) -> 0 | Z11: =SUM(J14:J17) -> 4 | ... AF11: =SUM(P14:P17) -> 260
B12: 07.30 - 07.45 | C12: 2 | D12: 0 | E12: 1 | F12: 0 | G12: 0 | H12: 0 | I12: 1 | J12: 0 | K12: 0 | L12: 0 | M12: 22 | N12: 0 | O12: =SUM(C12:L12,N12) -> 4 | P12: =SUM(C12:N12) -> 26 | R12: 0900-1000 | S12: =SUM(C18:C21) -> 22 | T12: =SUM(D18:D21) -> 1 | U12: =SUM(E18:E21) -> 16 | V12: =SUM(F18:F21) -> 14 | W12: =SUM(G18:G21) -> 0 | X12: =SUM(H18:H21) -> 1 | Y12: =SUM(I18:I21) -> 2 | Z12: =SUM(J18:J21) -> 4 | ... AF12: =SUM(P18:P21) -> 344
B13: 07.45 - 08.00 | C13: 3 | D13: 0 | E13: 2 | F13: 1 | G13: 0 | H13: 0 | I13: 2 | J13: 1 | K13: 0 | L13: 0 | M13: 36 | N13: 0 | O13: =SUM(C13:L13,N13) -> 9 | P13: =SUM(C13:N13) -> 45 | R13: 1000-1100 | S13: =SUM(C22:C25) -> 19 | T13: =SUM(D22:D25) -> 1 | U13: =SUM(E22:E25) -> 11 | V13: =SUM(F22:F25) -> 18 | W13: =SUM(G22:G25) -> 0 | X13: =SUM(H22:H25) -> 1 | Y13: =SUM(I22:I25) -> 2 | Z13: =SUM(J22:J25) -> 0 | ... AF13: =SUM(P22:P25) -> 375
B14: 08.00 - 08.15 | C14: 2 | D14: 0 | E14: 2 | F14: 2 | G14: 0 | H14: 0 | I14: 0 | J14: 0 | K14: 0 | L14: 0 | M14: 44 | N14: 0 | O14: =SUM(C14:L14,N14) -> 6 | P14: =SUM(C14:N14) -> 50 | R14: 1100-1200 | S14: =SUM(C26:C29) -> 17 | T14: =SUM(D26:D29) -> 1 | U14: =SUM(E26:E29) -> 16 | V14: =SUM(F26:F29) -> 19 | W14: =SUM(G26:G29) -> 0 | X14: =SUM(H26:H29) -> 0 | Y14: =SUM(I26:I29) -> 1 | Z14: =SUM(J26:J29) -> 4 | ... AF14: =SUM(P26:P29) -> 290
B15: 08.15 - 08.30 | C15: 3 | D15: 0 | E15: 4 | F15: 4 | G15: 0 | H15: 0 | I15: 0 | J15: 1 | K15: 0 | L15: 0 | M15: 73 | N15: 0 | O15: =SUM(C15:L15,N15) -> 12 | P15: =SUM(C15:N15) -> 85 | R15: 1200-1300 | S15: =SUM(C30:C33) -> 14 | T15: =SUM(D30:D33) -> 1 | U15: =SUM(E30:E33) -> 15 | V15: =SUM(F30:F33) -> 17 | W15: =SUM(G30:G33) -> 0 | X15: =SUM(H30:H33) -> 0 | Y15: =SUM(I30:I33) -> 11 | Z15: =SUM(J30:J33) -> 1 | ... AF15: =SUM(P30:P33) -> 262
B16: 08.30 - 08.45 | C16: 0 | D16: 0 | E16: 0 | F16: 1 | G16: 0 | H16: 0 | I16: 0 | J16: 1 | K16: 0 | L16: 0 | M16: 44 | N16: 0 | O16: =SUM(C16:L16,N16) -> 2 | P16: =SUM(C16:N16) -> 46 | R16: 1300-1400 | S16: =SUM(C34:C37) -> 37 | T16: =SUM(D34:D37) -> 2 | U16: =SUM(E34:E37) -> 24 | V16: =SUM(F34:F37) -> 18 | W16: =SUM(G34:G37) -> 0 | X16: =SUM(H34:H37) -> 0 | Y16: =SUM(I34:I37) -> 6 | Z16: =SUM(J34:J37) -> 0 | ... AF16: =SUM(P34:P37) -> 341
B17: 08.45 - 9.00 | C17: 1 | D17: 0 | E17: 1 | F17: 2 | G17: 0 | H17: 0 | I17: 0 | J17: 2 | K17: 0 | L17: 0 | M17: 73 | N17: 0 | O17: =SUM(C17:L17,N17) -> 6 | P17: =SUM(C17:N17) -> 79 | R17: 1400-1500 | S17: =SUM(C38:C41) -> 20 | T17: =SUM(D38:D41) -> 1 | U17: =SUM(E38:E41) -> 14 | V17: =SUM(F38:F41) -> 16 | W17: =SUM(G38:G41) -> 0 | X17: =SUM(H38:H41) -> 0 | Y17: =SUM(I38:I41) -> 8 | Z17: =SUM(J38:J41) -> 0 | ... AF17: =SUM(P38:P41) -> 261
B18: 09.00 - 09.15 | C18: 5 | D18: 0 | E18: 1 | F18: 2 | G18: 0 | H18: 0 | I18: 0 | J18: 0 | K18: 0 | L18: 2 | M18: 55 | N18: 0 | O18: =SUM(C18:L18,N18) -> 10 | P18: =SUM(C18:N18) -> 65 | R18: 1500-1600 | S18: =SUM(C42:C45) -> 12 | T18: =SUM(D42:D45) -> 2 | U18: =SUM(E42:E45) -> 21 | V18: =SUM(F42:F45) -> 11 | W18: =SUM(G42:G45) -> 0 | X18: =SUM(H42:H45) -> 0 | Y18: =SUM(I42:I45) -> 8 | Z18: =SUM(J42:J45) -> 3 | ... AF18: =SUM(P42:P45) -> 254
B19: 09.15 - 09.30 | C19: 9 | D19: 0 | E19: 2 | F19: 4 | G19: 0 | H19: 1 | I19: 1 | J19: 1 | K19: 0 | L19: 3 | M19: 91 | N19: 0 | O19: =SUM(C19:L19,N19) -> 21 | P19: =SUM(C19:N19) -> 112 | R19: 1600-1700 | S19: =SUM(C46:C49) -> 11 | T19: =SUM(D46:D49) -> 1 | U19: =SUM(E46:E49) -> 20 | V19: =SUM(F46:F49) -> 15 | W19: =SUM(G46:G49) -> 0 | X19: =SUM(H46:H49) -> 0 | Y19: =SUM(I46:I49) -> 18 | Z19: =SUM(J46:J49) -> 6 | ... AF19: =SUM(P46:P49) -> 264
B20: 09.30 - 09.45 | C20: 3 | D20: 0 | E20: 5 | F20: 3 | G20: 0 | H20: 0 | I20: 0 | J20: 1 | K20: 0 | L20: 1 | M20: 42 | N20: 0 | O20: =SUM(C20:L20,N20) -> 13 | P20: =SUM(C20:N20) -> 55 | R20: 1700-1800 | S20: =SUM(C50:C53) -> 18 | T20: =SUM(D50:D53) -> 2 | U20: =SUM(E50:E53) -> 26 | V20: =SUM(F50:F53) -> 9 | W20: =SUM(G50:G53) -> 1 | X20: =SUM(H50:H53) -> 1 | Y20: =SUM(I50:I53) -> 10 | Z20: =SUM(J50:J53) -> 1 | ... AF20: =SUM(P50:P53) -> 274
B21: 09.45 - 10.00 | C21: 5 | D21: 1 | E21: 8 | F21: 5 | G21: 0 | H21: 0 | I21: 1 | J21: 2 | K21: 1 | L21: 2 | M21: 87 | N21: 0 | O21: =SUM(C21:L21,N21) -> 25 | P21: =SUM(C21:N21) -> 112 | R21: 1800-1900 | S21: =SUM(C54:C57) -> 26 | T21: =SUM(D54:D57) -> 1 | U21: =SUM(E54:E57) -> 14 | V21: =SUM(F54:F57) -> 12 | W21: =SUM(G54:G57) -> 1 | X21: =SUM(H54:H57) -> 0 | Y21: =SUM(I54:I57) -> 4 | Z21: =SUM(J54:J57) -> 4 | ... AF21: =SUM(P54:P57) -> 198
B22: 10.00 - 10.15 | C22: 3 | D22: 0 | E22: 1 | F22: 5 | G22: 0 | H22: 0 | I22: 0 | J22: 0 | K22: 0 | L22: 1 | M22: 60 | N22: 0 | O22: =SUM(C22:L22,N22) -> 10 | P22: =SUM(C22:N22) -> 70 | R22: AM Peak Hr | S22: =MAX(S10:S12) -> 22 | T22: =MAX(T10:T12) -> 1 | U22: =MAX(U10:U12) -> 16 | V22: =MAX(V10:V12) -> 14 | W22: =MAX(W10:W12) -> 0 | X22: =MAX(X10:X12) -> 1 | Y22: =MAX(Y10:Y12) -> 3 | Z22: =MAX(Z10:Z12) -> 4 | ... AF22: =MAX(AF10:AF12) -> 344
B23: 10.15 - 10.30 | C23: 5 | D23: 0 | E23: 2 | F23: 8 | G23: 0 | H23: 1 | I23: 1 | J23: 0 | K23: 0 | L23: 2 | M23: 100 | N23: 0 | O23: =SUM(C23:L23,N23) -> 19 | P23: =SUM(C23:N23) -> 119 | R23: IP Peak Hr | S23: =MAX(S13:S18) -> 37 | T23: =MAX(T13:T18) -> 2 | U23: =MAX(U13:U18) -> 24 | V23: =MAX(V13:V18) -> 19 | W23: =MAX(W13:W18) -> 0 | X23: =MAX(X13:X18) -> 1 | Y23: =MAX(Y13:Y18) -> 11 | Z23: =MAX(Z13:Z18) -> 4 | ... AF23: =MAX(AF13:AF18) -> 375
B24: 10.30 - 10.45 | C24: 4 | D24: 0 | E24: 3 | F24: 2 | G24: 0 | H24: 0 | I24: 0 | J24: 0 | K24: 0 | L24: 1 | M24: 59 | N24: 0 | O24: =SUM(C24:L24,N24) -> 10 | P24: =SUM(C24:N24) -> 69 | R24: PM Peak Hr | S24: =MAX(S19:S21) -> 26 | T24: =MAX(T19:T21) -> 2 | U24: =MAX(U19:U21) -> 26 | V24: =MAX(V19:V21) -> 15 | W24: =MAX(W19:W21) -> 1 | X24: =MAX(X19:X21) -> 1 | Y24: =MAX(Y19:Y21) -> 18 | Z24: =MAX(Z19:Z21) -> 6 | ... AF24: =MAX(AF19:AF21) -> 274
B25: 10.45 - 11.00 | C25: 7 | D25: 1 | E25: 5 | F25: 3 | G25: 0 | H25: 0 | I25: 1 | J25: 0 | K25: 0 | L25: 2 | M25: 98 | N25: 0 | O25: =SUM(C25:L25,N25) -> 19 | P25: =SUM(C25:N25) -> 117 | R25: AM Period | S25: =SUM(S10:S12) -> 36 | T25: =SUM(T10:T12) -> 1 | U25: =SUM(U10:U12) -> 26 | V25: =SUM(V10:V12) -> 25 | W25: =SUM(W10:W12) -> 0 | X25: =SUM(X10:X12) -> 1 | Y25: =SUM(Y10:Y12) -> 5 | Z25: =SUM(Z10:Z12) -> 9 | ... AF25: =SUM(AF10:AF12) -> 690
B26: 11.00 - 11.15 | C26: 1 | D26: 0 | E26: 4 | F26: 3 | G26: 0 | H26: 0 | I26: 0 | J26: 0 | K26: 0 | L26: 0 | M26: 42 | N26: 0 | O26: =SUM(C26:L26,N26) -> 8 | P26: =SUM(C26:N26) -> 50 | R26: IP Period | S26: =SUM(S13:S18) -> 119 | T26: =SUM(T13:T18) -> 8 | U26: =SUM(U13:U18) -> 101 | V26: =SUM(V13:V18) -> 99 | W26: =SUM(W13:W18) -> 0 | X26: =SUM(X13:X18) -> 1 | Y26: =SUM(Y13:Y18) -> 36 | Z26: =SUM(Z13:Z18) -> 8 | ... AF26: =SUM(AF13:AF18) -> 1783
B27: 11.15 - 11.30 | C27: 2 | D27: 1 | E27: 6 | F27: 5 | G27: 0 | H27: 0 | I27: 1 | J27: 1 | K27: 0 | L27: 0 | M27: 87 | N27: 0 | O27: =SUM(C27:L27,N27) -> 16 | P27: =SUM(C27:N27) -> 103 | R27: PM Period | S27: =SUM(S19:S21) -> 55 | T27: =SUM(T19:T21) -> 4 | U27: =SUM(U19:U21) -> 60 | V27: =SUM(V19:V21) -> 36 | W27: =SUM(W19:W21) -> 2 | X27: =SUM(X19:X21) -> 1 | Y27: =SUM(Y19:Y21) -> 32 | Z27: =SUM(Z19:Z21) -> 11 | ... AF27: =SUM(AF19:AF21) -> 736
B28: 11.30 - 11.45 | C28: 5 | D28: 0 | E28: 2 | F28: 4 | G28: 0 | H28: 0 | I28: 0 | J28: 1 | K28: 2 | L28: 2 | M28: 34 | N28: 0 | O28: =SUM(C28:L28,N28) -> 16 | P28: =SUM(C28:N28) -> 50 | R28: 12 Hours | S28: =SUM(S10:S21) -> 210 | T28: =SUM(T10:T21) -> 13 | U28: =SUM(U10:U21) -> 187 | V28: =SUM(V10:V21) -> 160 | W28: =SUM(W10:W21) -> 2 | X28: =SUM(X10:X21) -> 3 | Y28: =SUM(Y10:Y21) -> 73 | Z28: =SUM(Z10:Z21) -> 28 | ... AF28: =SUM(AF10:AF21) -> 3209
B29: 11.45 - 12.00 | C29: 9 | D29: 0 | E29: 4 | F29: 7 | G29: 0 | H29: 0 | I29: 0 | J29: 2 | K29: 3 | L29: 4 | M29: 58 | N29: 0 | O29: =SUM(C29:L29,N29) -> 29 | P29: =SUM(C29:N29) -> 87
B30: 12.00 - 12.15 | C30: 4 | D30: 0 | E30: 2 | F30: 2 | G30: 0 | H30: 0 | I30: 0 | J30: 0 | K30: 0 | L30: 1 | M30: 40 | N30: 0 | O30: =SUM(C30:L30,N30) -> 9 | P30: =SUM(C30:N30) -> 49
B31: 12.15 - 12.30 | C31: 7 | D31: 0 | E31: 3 | F31: 4 | G31: 0 | H31: 0 | I31: 0 | J31: 1 | K31: 0 | L31: 2 | M31: 66 | N31: 0 | O31: =SUM(C31:L31,N31) -> 17 | P31: =SUM(C31:N31) -> 83
B32: 12.30 - 12.45 | C32: 1 | D32: 0 | E32: 4 | F32: 4 | G32: 0 | H32: 0 | I32: 4 | J32: 0 | K32: 0 | L32: 0 | M32: 34 | N32: 0 | O32: =SUM(C32:L32,N32) -> 13 | P32: =SUM(C32:N32) -> 47
B33: 12.45 - 13.00 | C33: 2 | D33: 1 | E33: 6 | F33: 7 | G33: 0 | H33: 0 | I33: 7 | J33: 0 | K33: 1 | L33: 1 | M33: 58 | N33: 0 | O33: =SUM(C33:L33,N33) -> 25 | P33: =SUM(C33:N33) -> 83
B34: 13.00 - 13.15 | C34: 11 | D34: 0 | E34: 5 | F34: 5 | G34: 0 | H34: 0 | I34: 2 | J34: 0 | K34: 2 | L34: 0 | M34: 61 | N34: 0 | O34: =SUM(C34:L34,N34) -> 25 | P34: =SUM(C34:N34) -> 86
B35: 13.15 - 13.30 | C35: 18 | D35: 1 | E35: 8 | F35: 8 | G35: 0 | H35: 0 | I35: 4 | J35: 0 | K35: 3 | L35: 1 | M35: 102 | N35: 0 | O35: =SUM(C35:L35,N35) -> 43 | P35: =SUM(C35:N35) -> 145
B36: 13.30 - 13.45 | C36: 3 | D36: 0 | E36: 4 | F36: 2 | G36: 0 | H36: 0 | I36: 0 | J36: 0 | K36: 0 | L36: 2 | M36: 30 | N36: 0 | O36: =SUM(C36:L36,N36) -> 11 | P36: =SUM(C36:N36) -> 41
B37: 13.45 - 14.00 | C37: 5 | D37: 1 | E37: 7 | F37: 3 | G37: 0 | H37: 0 | I37: 0 | J37: 0 | K37: 0 | L37: 3 | M37: 50 | N37: 0 | O37: =SUM(C37:L37,N37) -> 19 | P37: =SUM(C37:N37) -> 69
B38: 14.00 - 14.15 | C38: 2 | D38: 0 | E38: 3 | F38: 3 | G38: 0 | H38: 0 | I38: 1 | J38: 0 | K38: 0 | L38: 4 | M38: 38 | N38: 0 | O38: =SUM(C38:L38,N38) -> 13 | P38: =SUM(C38:N38) -> 51
B39: 14.15 - 14.30 | C39: 4 | D39: 1 | E39: 5 | F39: 5 | G39: 0 | H39: 0 | I39: 2 | J39: 0 | K39: 0 | L39: 5 | M39: 63 | N39: 1 | O39: =SUM(C39:L39,N39) -> 23 | P39: =SUM(C39:N39) -> 86
B40: 14.30 - 14.45 | C40: 5 | D40: 0 | E40: 2 | F40: 3 | G40: 0 | H40: 0 | I40: 2 | J40: 0 | K40: 0 | L40: 3 | M40: 31 | N40: 0 | O40: =SUM(C40:L40,N40) -> 15 | P40: =SUM(C40:N40) -> 46
... B57: 18.45 - 19.00 | C57: 6 | D57: 1 | E57: 5 | F57: 4 | G57: 0 | H57: 0 | I57: 1 | J57: 1 | K57: 8 | L57: 1 | M57: 54 | N57: 0 | O57: =SUM(C57:L57,N57) -> 27 | P57: =SUM(C57:N57) -> 81
B58: Totals | C58: =SUM(C10:C57) -> 210 | D58: =SUM(D10:D57) -> 13 | E58: =SUM(E10:E57) -> 187 | F58: =SUM(F10:F57) -> 160 | G58: =SUM(G10:G57) -> 2 | H58: =SUM(H10:H57) -> 3 | I58: =SUM(I10:I57) -> 73 | J58: =SUM(J10:J57) -> 28 | ... P58: =SUM(P10:P57) -> 3209
B59: %ges + MCs | C59: =C58/$P$58 -> 0.065440947 | D59: =D58/$P$58 -> 0.0040511063 | E59: =E58/$P$58 -> 0.058273605 | F59: =F58/$P$58 -> 0.049859769 | G59: =G58/$P$58 -> 0.00062324712 | H59: =H58/$P$58 -> 0.00093487068 | I59: =I58/$P$58 -> 0.02274852 | J59: =J58/$P$58 -> 0.0087254596 | ... N59: =N58/$P$58 -> 0.00062324712
B60: %ges w/o MCs | C60: =C58/$O$58 -> 0.27131783 | D60: =D58/$O$58 -> 0.016795866 | E60: =E58/$O$58 -> 0.24160207 | F60: =F58/$O$58 -> 0.20671835 | G60: =G58/$O$58 -> 0.0025839793 | H60: =H58/$O$58 -> 0.003875969 | I60: =I58/$O$58 -> 0.094315245 | J60: =J58/$O$58 -> 0.036175711 | ... L60: =L58/$O$58 -> 0.081395349 | N60: =N58/$O$58 -> 0.0025839793

Sheet 13.09 Ishaka-Katungulu
B1: Consultancy services for Preparation of Expressway Development Master Plan (EDMP) for Uganda
B2: MANUAL CLASSIFIED COUNT (MCC)
B3: ROAD NAME: | C3: ='09.09 Ishaka-Katungulu'!C3:G3 -> MCC - C4 - STN104 - ISHAKA KATUNGULU ROAD
C5: Date | D5: 13.09.19 | F5: Location | G5: ='08.09 Katungulu-Ishaka-24h'!G5:H5 -> Rubirizi | J5: Surveyor | K5: ='08.09 Katungulu-Ishaka-24h'!K5:L5 -> xxx
C6: Dir. From | D6: ='09.09 Ishaka-Katungulu'!D6:E6 -> Ishaka | F6: Dir. To | G6: ='09.09 Ishaka-Katungulu'!G6:H6 -> Katungulu | J6: Supervisor | K6: ='08.09 Katungulu-Ishaka-24h'!K6:L6 -> xxx
B8: Time / Veh Type | R8: SUMMARY TRAFFIC VOLUMES
C9: 1. Car | D9: 2. Station Wagon | E9: 3. Pickups | F9: 4. Minibus, matatu | G9: 5. Medium bus | H9: 6. Large Bus | I9: 7. Light Truck | J9: 8. Medium Truck | K9: 9. Heavy truck | L9: 10. Truck Trailer | M9: 11. Motor cycles | N9: 12. Tractors | O9: Total Excl M/Cycles | P9: Total All | R9: Time | S9: 1. Car | T9: 2. Station Wagon | U9: 3. Pickups | V9: 4. Minibus, matatu | W9: 5. Medium bus | X9: 6. Large Bus | Y9: 7. Light Truck | Z9: 8. Medium Truck | AA9: 9. Heavy truck | AB9: 10. Truck Trailer | AC9: 11. Motorcycles | AD9: 12. Tractors, Graders | AE9: Total Excl M/ Cycles | AF9: Total All
B10: 07.00 - 07.15 | C10: 0 | D10: 0 | E10: 0 | F10: 1 | G10: 0 | H10: 0 | I10: 0 | J10: 0 | K10: 0 | L10: 0 | M10: 5 | N10: 0 | O10: =SUM(C10:L10,N10) -> 1 | P10: =SUM(C10:N10) -> 6 | R10: 0700-0800 | S10: =SUM(C10:C13) -> 4 | T10: =SUM(D10:D13) -> 0 | U10: =SUM(E10:E13) -> 3 | V10: =SUM(F10:F13) -> 8 | W10: =SUM(G10:G13) -> 0 | X10: =SUM(H10:H13) -> 0 | Y10: =SUM(I10:I13) -> 0 | Z10: =SUM(J10:J13) -> 6 | ... AF10: =SUM(P10:P13) -> 60
B11: 07.15 - 07.30 | C11: 1 | D11: 0 | E11: 0 | F11: 2 | G11: 0 | H11: 0 | I11: 0 | J11: 1 | K11: 0 | L11: 0 | M11: 8 | N11: 0 | O11: =SUM(C11:L11,N11) -> 4 | P11: =SUM(C11:N11) -> 12 | R11: 0800-0900 | S11: =SUM(C14:C17) -> 8 | T11: =SUM(D14:D17) -> 1 | U11: =SUM(E14:E17) -> 15 | V11: =SUM(F14:F17) -> 4 | W11: =SUM(G14:G17) -> 1 | X11: =SUM(H14:H17) -> 0 | Y11: =SUM(I14:I17) -> 1 | Z11: =SUM(J14:J17) -> 4 | ... AF11: =SUM(P14:P17) -> 138
B12: 07.30 - 07.45 | C12: 1 | D12: 0 | E12: 1 | F12: 2 | G12: 0 | H12: 0 | I12: 0 | J12: 2 | K12: 0 | L12: 2 | M12: 8 | N12: 0 | O12: =SUM(C12:L12,N12) -> 8 | P12: =SUM(C12:N12) -> 16 | R12: 0900-1000 | S12: =SUM(C18:C21) -> 16 | T12: =SUM(D18:D21) -> 0 | U12: =SUM(E18:E21) -> 8 | V12: =SUM(F18:F21) -> 2 | W12: =SUM(G18:G21) -> 1 | X12: =SUM(H18:H21) -> 6 | Y12: =SUM(I18:I21) -> 2 | Z12: =SUM(J18:J21) -> 3 | ... AF12: =SUM(P18:P21) -> 176
B13: 07.45 - 08.00 | C13: 2 | D13: 0 | E13: 2 | F13: 3 | G13: 0 | H13: 0 | I13: 0 | J13: 3 | K13: 0 | L13: 3 | M13: 13 | N13: 0 | O13: =SUM(C13:L13,N13) -> 13 | P13: =SUM(C13:N13) -> 26 | R13: 1000-1100 | S13: =SUM(C22:C25) -> 11 | T13: =SUM(D22:D25) -> 1 | U13: =SUM(E22:E25) -> 15 | V13: =SUM(F22:F25) -> 13 | W13: =SUM(G22:G25) -> 0 | X13: =SUM(H22:H25) -> 3 | Y13: =SUM(I22:I25) -> 4 | Z13: =SUM(J22:J25) -> 1 | ... AF13: =SUM(P22:P25) -> 236
B14: 08.00 - 08.15 | C14: 2 | D14: 0 | E14: 2 | F14: 0 | G14: 0 | H14: 0 | I14: 0 | J14: 0 | K14: 4 | L14: 2 | M14: 6 | N14: 0 | O14: =SUM(C14:L14,N14) -> 10 | P14: =SUM(C14:N14) -> 16 | R14: 1100-1200 | S14: =SUM(C26:C29) -> 28 | T14: =SUM(D26:D29) -> 1 | U14: =SUM(E26:E29) -> 19 | V14: =SUM(F26:F29) -> 16 | W14: =SUM(G26:G29) -> 2 | X14: =SUM(H26:H29) -> 1 | Y14: =SUM(I26:I29) -> 1 | Z14: =SUM(J26:J29) -> 2 | ... AF14: =SUM(P26:P29) -> 289
B15: 08.15 - 08.30 | C15: 3 | D15: 0 | E15: 3 | F15: 1 | G15: 0 | H15: 0 | I15: 0 | J15: 1 | K15: 6 | L15: 4 | M15: 10 | N15: 0 | O15: =SUM(C15:L15,N15) -> 18 | P15: =SUM(C15:N15) -> 28 | R15: 1200-1300 | S15: =SUM(C30:C33) -> 12 | T15: =SUM(D30:D33) -> 1 | U15: =SUM(E30:E33) -> 15 | V15: =SUM(F30:F33) -> 13 | W15: =SUM(G30:G33) -> 6 | X15: =SUM(H30:H33) -> 6 | Y15: =SUM(I30:I33) -> 11 | Z15: =SUM(J30:J33) -> 1 | ... AF15: =SUM(P30:P33) -> 226
B16: 08.30 - 08.45 | C16: 1 | D16: 0 | E16: 4 | F16: 1 | G16: 0 | H16: 0 | I16: 0 | J16: 1 | K16: 2 | L16: 2 | M16: 23 | N16: 0 | O16: =SUM(C16:L16,N16) -> 11 | P16: =SUM(C16:N16) -> 34 | R16: 1300-1400 | S16: =SUM(C34:C37) -> 14 | T16: =SUM(D34:D37) -> 1 | U16: =SUM(E34:E37) -> 11 | V16: =SUM(F34:F37) -> 19 | W16: =SUM(G34:G37) -> 1 | X16: =SUM(H34:H37) -> 0 | Y16: =SUM(I34:I37) -> 2 | Z16: =SUM(J34:J37) -> 4 | ... AF16: =SUM(P34:P37) -> 218
B17: 08.45 - 9.00 | C17: 2 | D17: 1 | E17: 6 | F17: 2 | G17: 1 | H17: 0 | I17: 1 | J17: 2 | K17: 3 | L17: 3 | M17: 39 | N17: 0 | O17: =SUM(C17:L17,N17) -> 21 | P17: =SUM(C17:N17) -> 60 | R17: 1400-1500 | S17: =SUM(C38:C41) -> 13 | T17: =SUM(D38:D41) -> 1 | U17: =SUM(E38:E41) -> 11 | V17: =SUM(F38:F41) -> 14 | W17: =SUM(G38:G41) -> 0 | X17: =SUM(H38:H41) -> 0 | Y17: =SUM(I38:I41) -> 6 | Z17: =SUM(J38:J41) -> 2 | ... AF17: =SUM(P38:P41) -> 178
B18: 09.00 - 09.15 | C18: 2 | D18: 0 | E18: 2 | F18: 0 | G18: 0 | H18: 0 | I18: 0 | J18: 1 | K18: 2 | L18: 0 | M18: 26 | N18: 0 | O18: =SUM(C18:L18,N18) -> 7 | P18: =SUM(C18:N18) -> 33 | R18: 1500-1600 | S18: =SUM(C42:C45) -> 11 | T18: =SUM(D42:D45) -> 1 | U18: =SUM(E42:E45) -> 11 | V18: =SUM(F42:F45) -> 15 | W18: =SUM(G42:G45) -> 0 | X18: =SUM(H42:H45) -> 3 | Y18: =SUM(I42:I45) -> 4 | Z18: =SUM(J42:J45) -> 3 | ... AF18: =SUM(P42:P45) -> 215
B19: 09.15 - 09.30 | C19: 4 | D19: 0 | E19: 3 | F19: 1 | G19: 0 | H19: 1 | I19: 1 | J19: 2 | K19: 4 | L19: 0 | M19: 44 | N19: 0 | O19: =SUM(C19:L19,N19) -> 16 | P19: =SUM(C19:N19) -> 60 | R19: 1600-1700 | S19: =SUM(C46:C49) -> 24 | T19: =SUM(D46:D49) -> 1 | U19: =SUM(E46:E49) -> 13 | V19: =SUM(F46:F49) -> 13 | W19: =SUM(G46:G49) -> 0 | X19: =SUM(H46:H49) -> 3 | Y19: =SUM(I46:I49) -> 6 | Z19: =SUM(J46:J49) -> 6 | ... AF19: =SUM(P46:P49) -> 230
B20: 09.30 - 09.45 | C20: 4 | D20: 0 | E20: 1 | F20: 0 | G20: 0 | H20: 2 | I20: 0 | J20: 0 | K20: 0 | L20: 0 | M20: 23 | N20: 0 | O20: =SUM(C20:L20,N20) -> 7 | P20: =SUM(C20:N20) -> 30 | R20: 1700-1800 | S20: =SUM(C50:C53) -> 17 | T20: =SUM(D50:D53) -> 1 | U20: =SUM(E50:E53) -> 15 | V20: =SUM(F50:F53) -> 16 | W20: =SUM(G50:G53) -> 1 | X20: =SUM(H50:H53) -> 0 | Y20: =SUM(I50:I53) -> 4 | Z20: =SUM(J50:J53) -> 4 | ... AF20: =SUM(P50:P53) -> 239
B21: 09.45 - 10.00 | C21: 6 | D21: 0 | E21: 2 | F21: 1 | G21: 1 | H21: 3 | I21: 1 | J21: 0 | K21: 0 | L21: 1 | M21: 38 | N21: 0 | O21: =SUM(C21:L21,N21) -> 15 | P21: =SUM(C21:N21) -> 53 | R21: 1800-1900 | S21: =SUM(C54:C57) -> 17 | T21: =SUM(D54:D57) -> 1 | U21: =SUM(E54:E57) -> 14 | V21: =SUM(F54:F57) -> 5 | W21: =SUM(G54:G57) -> 0 | X21: =SUM(H54:H57) -> 0 | Y21: =SUM(I54:I57) -> 11 | Z21: =SUM(J54:J57) -> 1 | ... AF21: =SUM(P54:P57) -> 85
B22: 10.00 - 10.15 | C22: 2 | D22: 0 | E22: 4 | F22: 3 | G22: 0 | H22: 0 | I22: 1 | J22: 0 | K22: 0 | L22: 2 | M22: 38 | N22: 0 | O22: =SUM(C22:L22,N22) -> 12 | P22: =SUM(C22:N22) -> 50 | R22: AM Peak Hr | S22: =MAX(S10:S12) -> 16 | T22: =MAX(T10:T12) -> 1 | U22: =MAX(U10:U12) -> 15 | V22: =MAX(V10:V12) -> 8 | W22: =MAX(W10:W12) -> 1 | X22: =MAX(X10:X12) -> 6 | Y22: =MAX(Y10:Y12) -> 2 | Z22: =MAX(Z10:Z12) -> 6 | ... AF22: =MAX(AF10:AF12) -> 176
B23: 10.15 - 10.30 | C23: 3 | D23: 1 | E23: 6 | F23: 5 | G23: 0 | H23: 0 | I23: 2 | J23: 0 | K23: 0 | L23: 3 | M23: 63 | N23: 0 | O23: =SUM(C23:L23,N23) -> 20 | P23: =SUM(C23:N23) -> 83 | R23: IP Peak Hr | S23: =MAX(S13:S18) -> 28 | T23: =MAX(T13:T18) -> 1 | U23: =MAX(U13:U18) -> 19 | V23: =MAX(V13:V18) -> 19 | W23: =MAX(W13:W18) -> 6 | X23: =MAX(X13:X18) -> 6 | Y23: =MAX(Y13:Y18) -> 11 | Z23: =MAX(Z13:Z18) -> 4 | ... AF23: =MAX(AF13:AF18) -> 289
B24: 10.30 - 10.45 | C24: 2 | D24: 0 | E24: 2 | F24: 2 | G24: 0 | H24: 1 | I24: 0 | J24: 0 | K24: 0 | L24: 1 | M24: 30 | N24: 0 | O24: =SUM(C24:L24,N24) -> 8 | P24: =SUM(C24:N24) -> 38 | R24: PM Peak Hr | S24: =MAX(S19:S21) -> 24 | T24: =MAX(T19:T21) -> 1 | U24: =MAX(U19:U21) -> 15 | V24: =MAX(V19:V21) -> 16 | W24: =MAX(W19:W21) -> 1 | X24: =MAX(X19:X21) -> 3 | Y24: =MAX(Y19:Y21) -> 11 | Z24: =MAX(Z19:Z21) -> 6 | ... AF24: =MAX(AF19:AF21) -> 239
B25: 10.45 - 11.00 | C25: 4 | D25: 0 | E25: 3 | F25: 3 | G25: 0 | H25: 2 | I25: 1 | J25: 1 | K25: 1 | L25: 2 | M25: 48 | N25: 0 | O25: =SUM(C25:L25,N25) -> 17 | P25: =SUM(C25:N25) -> 65 | R25: AM Period | S25: =SUM(S10:S12) -> 28 | T25: =SUM(T10:T12) -> 1 | U25: =SUM(U10:U12) -> 26 | V25: =SUM(V10:V12) -> 14 | W25: =SUM(W10:W12) -> 2 | X25: =SUM(X10:X12) -> 6 | Y25: =SUM(Y10:Y12) -> 3 | Z25: =SUM(Z10:Z12) -> 13 | ... AF25: =SUM(AF10:AF12) -> 374
B26: 11.00 - 11.15 | C26: 5 | D26: 0 | E26: 2 | F26: 3 | G26: 0 | H26: 0 | I26: 0 | J26: 0 | K26: 0 | L26: 0 | M26: 36 | N26: 0 | O26: =SUM(C26:L26,N26) -> 10 | P26: =SUM(C26:N26) -> 46 | R26: IP Period | S26: =SUM(S13:S18) -> 89 | T26: =SUM(T13:T18) -> 6 | U26: =SUM(U13:U18) -> 82 | V26: =SUM(V13:V18) -> 90 | W26: =SUM(W13:W18) -> 9 | X26: =SUM(X13:X18) -> 13 | Y26: =SUM(Y13:Y18) -> 28 | Z26: =SUM(Z13:Z18) -> 13 | ... AF26: =SUM(AF13:AF18) -> 1362
B27: 11.15 - 11.30 | C27: 9 | D27: 0 | E27: 3 | F27: 5 | G27: 1 | H27: 0 | I27: 1 | J27: 1 | K27: 0 | L27: 0 | M27: 60 | N27: 0 | O27: =SUM(C27:L27,N27) -> 20 | P27: =SUM(C27:N27) -> 80 | R27: PM Period | S27: =SUM(S19:S21) -> 58 | T27: =SUM(T19:T21) -> 3 | U27: =SUM(U19:U21) -> 42 | V27: =SUM(V19:V21) -> 34 | W27: =SUM(W19:W21) -> 1 | X27: =SUM(X19:X21) -> 3 | Y27: =SUM(Y19:Y21) -> 21 | Z27: =SUM(Z19:Z21) -> 11 | ... AF27: =SUM(AF19:AF21) -> 554
B28: 11.30 - 11.45 | C28: 5 | D28: 0 | E28: 5 | F28: 3 | G28: 0 | H28: 0 | I28: 0 | J28: 0 | K28: 0 | L28: 0 | M28: 46 | N28: 0 | O28: =SUM(C28:L28,N28) -> 13 | P28: =SUM(C28:N28) -> 59 | R28: 12 Hours | S28: =SUM(S10:S21) -> 175 | T28: =SUM(T10:T21) -> 10 | U28: =SUM(U10:U21) -> 150 | V28: =SUM(V10:V21) -> 138 | W28: =SUM(W10:W21) -> 12 | X28: =SUM(X10:X21) -> 22 | Y28: =SUM(Y10:Y21) -> 52 | Z28: =SUM(Z10:Z21) -> 37 | ... AF28: =SUM(AF10:AF21) -> 2290
B29: 11.45 - 12.00 | C29: 9 | D29: 1 | E29: 9 | F29: 5 | G29: 1 | H29: 1 | I29: 0 | J29: 1 | K29: 0 | L29: 0 | M29: 77 | N29: 0 | O29: =SUM(C29:L29,N29) -> 27 | P29: =SUM(C29:N29) -> 104
B30: 12.00 - 12.15 | C30: 2 | D30: 0 | E30: 2 | F30: 3 | G30: 1 | H30: 0 | I30: 1 | J30: 0 | K30: 0 | L30: 0 | M30: 31 | N30: 0 | O30: =SUM(C30:L30,N30) -> 9 | P30: =SUM(C30:N30) -> 40
B31: 12.15 - 12.30 | C31: 4 | D31: 0 | E31: 3 | F31: 5 | G31: 2 | H31: 1 | I31: 2 | J31: 1 | K31: 0 | L31: 0 | M31: 52 | N31: 0 | O31: =SUM(C31:L31,N31) -> 18 | P31: =SUM(C31:N31) -> 70
B32: 12.30 - 12.45 | C32: 2 | D32: 0 | E32: 4 | F32: 2 | G32: 1 | H32: 2 | I32: 3 | J32: 0 | K32: 0 | L32: 0 | M32: 29 | N32: 0 | O32: =SUM(C32:L32,N32) -> 14 | P32: =SUM(C32:N32) -> 43
B33: 12.45 - 13.00 | C33: 4 | D33: 1 | E33: 6 | F33: 3 | G33: 2 | H33: 3 | I33: 5 | J33: 0 | K33: 0 | L33: 0 | M33: 49 | N33: 0 | O33: =SUM(C33:L33,N33) -> 24 | P33: =SUM(C33:N33) -> 73
B34: 13.00 - 13.15 | C34: 2 | D34: 0 | E34: 1 | F34: 4 | G34: 0 | H34: 0 | I34: 0 | J34: 1 | K34: 1 | L34: 0 | M34: 34 | N34: 0 | O34: =SUM(C34:L34,N34) -> 9 | P34: =SUM(C34:N34) -> 43
B35: 13.15 - 13.30 | C35: 4 | D35: 0 | E35: 2 | F35: 7 | G35: 1 | H35: 0 | I35: 1 | J35: 2 | K35: 2 | L35: 1 | M35: 57 | N35: 0 | O35: =SUM(C35:L35,N35) -> 20 | P35: =SUM(C35:N35) -> 77
B36: 13.30 - 13.45 | C36: 3 | D36: 0 | E36: 3 | F36: 3 | G36: 0 | H36: 0 | I36: 0 | J36: 0 | K36: 0 | L36: 1 | M36: 25 | N36: 0 | O36: =SUM(C36:L36,N36) -> 10 | P36: =SUM(C36:N36) -> 35
B37: 13.45 - 14.00 | C37: 5 | D37: 1 | E37: 5 | F37: 5 | G37: 0 | H37: 0 | I37: 1 | J37: 1 | K37: 1 | L37: 2 | M37: 42 | N37: 0 | O37: =SUM(C37:L37,N37) -> 21 | P37: =SUM(C37:N37) -> 63
B38: 14.00 - 14.15 | C38: 3 | D38: 0 | E38: 1 | F38: 2 | G38: 0 | H38: 0 | I38: 2 | J38: 0 | K38: 0 | L38: 0 | M38: 29 | N38: 0 | O38: =SUM(C38:L38,N38) -> 8 | P38: =SUM(C38:N38) -> 37
B39: 14.15 - 14.30 | C39: 5 | D39: 0 | E39: 2 | F39: 4 | G39: 0 | H39: 0 | I39: 3 | J39: 1 | K39: 1 | L39: 0 | M39: 48 | N39: 0 | O39: =SUM(C39:L39,N39) -> 16 | P39: =SUM(C39:N39) -> 64
B40: 14.30 - 14.45 | C40: 2 | D40: 0 | E40: 3 | F40: 3 | G40: 0 | H40: 0 | I40: 0 | J40: 0 | K40: 0 | L40: 0 | M40: 19 | N40: 0 | O40: =SUM(C40:L40,N40) -> 8 | P40: =SUM(C40:N40) -> 27
... B57: 18.45 - 19.00 | C57: 2 | D57: 0 | E57: 2 | F57: 0 | G57: 0 | H57: 0 | I57: 3 | J57: 0 | K57: 1 | L57: 1 | M57: 13 | N57: 0 | O57: =SUM(C57:L57,N57) -> 9 | P57: =SUM(C57:N57) -> 22
B58: Totals | C58: =SUM(C10:C57) -> 175 | D58: =SUM(D10:D57) -> 10 | E58: =SUM(E10:E57) -> 150 | F58: =SUM(F10:F57) -> 138 | G58: =SUM(G10:G57) -> 12 | H58: =SUM(H10:H57) -> 22 | I58: =SUM(I10:I57) -> 52 | J58: =SUM(J10:J57) -> 37 | ... P58: =SUM(P10:P57) -> 2290
B59: %ges + MCs | C59: =C58/$P$58 -> 0.076419214 | D59: =D58/$P$58 -> 0.0043668122 | E59: =E58/$P$58 -> 0.065502183 | F59: =F58/$P$58 -> 0.060262009 | G59: =G58/$P$58 -> 0.0052401747 | H59: =H58/$P$58 -> 0.0096069869 | I59: =I58/$P$58 -> 0.022707424 | J59: =J58/$P$58 -> 0.016157205 | ... N59: =N58/$P$58 -> 0
B60: %ges w/o MCs | C60: =C58/$O$58 -> 0.25510204 | D60: =D58/$O$58 -> 0.014577259 | E60: =E58/$O$58 -> 0.21865889 | F60: =F58/$O$58 -> 0.20116618 | G60: =G58/$O$58 -> 0.017492711 | H60: =H58/$O$58 -> 0.032069971 | I60: =I58/$O$58 -> 0.075801749 | J60: =J58/$O$58 -> 0.05393586 | ... L60: =L58/$O$58 -> 0.080174927 | N60: =N58/$O$58 -> 0

Sheet 13.09 Katungulu-Ishaka
B1: Consultancy services for Preparation of Expressway Development Master Plan (EDMP) for Uganda
B2: MANUAL CLASSIFIED COUNT (MCC)
B3: ROAD NAME: | C3: ='09.09 Katungulu-Ishaka'!C3:G3 -> MCC - C4 - STN104 - ISHAKA KATUNGULU ROAD
C5: Date | D5: ='13.09 Ishaka-Katungulu'!D5 -> 13.09.19 | F5: Location | G5: ='13.09 Ishaka-Katungulu'!G5:H5 -> Rubirizi | J5: Surveyor | K5: ='13.09 Ishaka-Katungulu'!K5:L5 -> xxx
C6: Dir. From | D6: ='09.09 Katungulu-Ishaka'!D6:E6 -> Katungulu | F6: Dir. To | G6: ='09.09 Katungulu-Ishaka'!G6:H6 -> Ishaka | J6: Supervisor | K6: ='13.09 Ishaka-Katungulu'!K6:L6 -> xxx
B8: Time / Veh Type | R8: SUMMARY TRAFFIC VOLUMES
C9: 1. Car | D9: 2. Station Wagon | E9: 3. Pickups | F9: 4. Minibus, matatu | G9: 5. Medium bus | H9: 6. Large Bus | I9: 7. Light Truck | J9: 8. Medium Truck | K9: 9. Heavy truck | L9: 10. Truck Trailer | M9: 11. Motor cycles | N9: 12. Tractors | O9: Total Excl M/Cycles | P9: Total All | R9: Time | S9: 1. Car | T9: 2. Station Wagon | U9: 3. Pickups | V9: 4. Minibus, matatu | W9: 5. Medium bus | X9: 6. Large Bus | Y9: 7. Light Truck | Z9: 8. Medium Truck | AA9: 9. Heavy truck | AB9: 10. Truck Trailer | AC9: 11. Motorcycles | AD9: 12. Tractors, Graders | AE9: Total Excl M/ Cycles | AF9: Total All
B10: 07.00 - 07.15 | C10: 0 | D10: 0 | E10: 0 | F10: 0 | G10: 0 | H10: 0 | I10: 0 | J10: 0 | K10: 0 | L10: 0 | M10: 2 | N10: 0 | O10: =SUM(C10:L10,N10) -> 0 | P10: =SUM(C10:N10) -> 2 | R10: 0700-0800 | S10: =SUM(C10:C13) -> 1 | T10: =SUM(D10:D13) -> 0 | U10: =SUM(E10:E13) -> 1 | V10: =SUM(F10:F13) -> 3 | W10: =SUM(G10:G13) -> 0 | X10: =SUM(H10:H13) -> 1 | Y10: =SUM(I10:I13) -> 0 | Z10: =SUM(J10:J13) -> 0 | ... AF10: =SUM(P10:P13) -> 35
