Workbook

Sheet 25.10 KYENJOJO-HOIMA
B1: Consultancy services for Preparation of Expressway Development Master Plan (EDMP) for Uganda
B2: MANUAL CLASSIFIED COUNT (MCC)
B3: ROAD NAME: | C3: MCC - C4 - STN108 - HOIMA ROAD
C5: Date | D5: 25.10.19 | F5: Location | G5: KYENJOJO | J5: Surveyor | K5: OLOYA FELIX
C6: Dir. From | D6: KYENJOJO | F6: Dir. To | G6: HOIMA | J6: Supervisor | K6: FELIX
B8: Time / Veh Type | R8: SUMMARY TRAFFIC VOLUMES
C9: 1. Car | D9: 2. Station Wagon | E9: 3. Pickups | F9: 4. Minibus, matatu | G9: 5. Medium bus | H9: 6. Large Bus | I9: 7. Light Truck | J9: 8. Medium Truck | K9: 9. Heavy truck | L9: 10. Truck Trailer | M9: 11. Motor cycles | N9: 12. Tractors | O9: Total Excl M/Cycles | P9: Total All | R9: Time | S9: 1. Car | T9: 2. Station Wagon | U9: 3. Pickups | V9: 4. Minibus, matatu | W9: 5. Medium bus | X9: 6. Large Bus | Y9: 7. Light Truck | Z9: 8. Medium Truck | AA9: 9. Heavy truck | AB9: 10. Truck Trailer | AC9: 11. Motorcycles | AD9: 12. Tractors, Graders | AE9: Total Excl M/ Cycles | AF9: Total All
B10: 07.00 - 07.15 | C10: 0 | D10: 1 | E10: 1 | F10: 0 | G10: 0 | H10: 0 | I10: 0 | J10: 2 | K10: 1 | L10: 0 | M10: 8 | N10: 0 | O10: =SUM(C10:L10,N10) -> 5 | P10: =SUM(C10:N10) -> 13 | R10: 0700-0800 | S10: =SUM(C10:C13) -> 11 | T10: =SUM(D10:D13) -> 3 | U10: =SUM(E10:E13) -> 2 | V10: =SUM(F10:F13) -> 3 | W10: =SUM(G10:G13) -> 0 | X10: =SUM(H10:H13) -> 0 | Y10: =SUM(I10:I13) -> 1 | Z10: =SUM(J10:J13) -> 2 | ... AF10: =SUM(P10:P13) -> 103
B11: 07.15 - 07.30 | C11: 3 | D11: 1 | E11: 0 | F11: 2 | G11: 0 | H11: 0 | I11: 0 | J11: 0 | K11: 0 | L11: 0 | M11: 32 | N11: 0 | O11: =SUM(C11:L11,N11) -> 6 | P11: =SUM(C11:N11) -> 38 | R11: 0800-0900 | S11: =SUM(C14:C17) -> 28 | T11: =SUM(D14:D17) -> 0 | U11: =SUM(E14:E17) -> 4 | V11: =SUM(F14:F17) -> 2 | W11: =SUM(G14:G17) -> 0 | X11: =SUM(H14:H17) -> 0 | Y11: =SUM(I14:I17) -> 4 | Z11: =SUM(J14:J17) -> 3 | ... AF11: =SUM(P14:P17) -> 143
B12: 07.30 - 07.45 | C12: 1 | D12: 0 | E12: 0 | F12: 0 | G12: 0 | H12: 0 | I12: 0 | J12: 0 | K12: 0 | L12: 0 | M12: 16 | N12: 0 | O12: =SUM(C12:L12,N12) -> 1 | P12: =SUM(C12:N12) -> 17 | R12: 0900-1000 | S12: =SUM(C18:C21) -> 16 | T12: =SUM(D18:D21) -> 2 | U12: =SUM(E18:E21) -> 9 | V12: =SUM(F18:F21) -> 3 | W12: =SUM(G18:G21) -> 0 | X12: =SUM(H18:H21) -> 0 | Y12: =SUM(I18:I21) -> 5 | Z12: =SUM(J18:J21) -> 3 | ... AF12: =SUM(P18:P21) -> 150
B13: 07.45 - 08.00 | C13: 7 | D13: 1 | E13: 1 | F13: 1 | G13: 0 | H13: 0 | I13: 1 | J13: 0 | K13: 0 | L13: 0 | M13: 24 | N13: 0 | O13: =SUM(C13:L13,N13) -> 11 | P13: =SUM(C13:N13) -> 35 | R13: 1000-1100 | S13: =SUM(C22:C25) -> 56 | T13: =SUM(D22:D25) -> 2 | U13: =SUM(E22:E25) -> 13 | V13: =SUM(F22:F25) -> 8 | W13: =SUM(G22:G25) -> 0 | X13: =SUM(H22:H25) -> 0 | Y13: =SUM(I22:I25) -> 2 | Z13: =SUM(J22:J25) -> 2 | ... AF13: =SUM(P22:P25) -> 247
B14: 08.00 - 08.15 | C14: 5 | D14: 0 | E14: 1 | F14: 0 | G14: 0 | H14: 0 | I14: 2 | J14: 1 | K14: 0 | L14: 0 | M14: 25 | N14: 0 | O14: =SUM(C14:L14,N14) -> 9 | P14: =SUM(C14:N14) -> 34 | R14: 1100-1200 | S14: =SUM(C26:C29) -> 18 | T14: =SUM(D26:D29) -> 1 | U14: =SUM(E26:E29) -> 4 | V14: =SUM(F26:F29) -> 1 | W14: =SUM(G26:G29) -> 0 | X14: =SUM(H26:H29) -> 0 | Y14: =SUM(I26:I29) -> 0 | Z14: =SUM(J26:J29) -> 1 | ... AF14: =SUM(P26:P29) -> 160
B15: 08.15 - 08.30 | C15: 8 | D15: 0 | E15: 3 | F15: 0 | G15: 0 | H15: 0 | I15: 0 | J15: 0 | K15: 0 | L15: 0 | M15: 27 | N15: 0 | O15: =SUM(C15:L15,N15) -> 11 | P15: =SUM(C15:N15) -> 38 | R15: 1200-1300 | S15: =SUM(C30:C33) -> 24 | T15: =SUM(D30:D33) -> 4 | U15: =SUM(E30:E33) -> 4 | V15: =SUM(F30:F33) -> 4 | W15: =SUM(G30:G33) -> 0 | X15: =SUM(H30:H33) -> 0 | Y15: =SUM(I30:I33) -> 4 | Z15: =SUM(J30:J33) -> 2 | ... AF15: =SUM(P30:P33) -> 203
B16: 08.30 - 08.45 | C16: 9 | D16: 0 | E16: 0 | F16: 2 | G16: 0 | H16: 0 | I16: 2 | J16: 0 | K16: 0 | L16: 0 | M16: 33 | N16: 0 | O16: =SUM(C16:L16,N16) -> 13 | P16: =SUM(C16:N16) -> 46 | R16: 1300-1400 | S16: =SUM(C34:C37) -> 28 | T16: =SUM(D34:D37) -> 3 | U16: =SUM(E34:E37) -> 4 | V16: =SUM(F34:F37) -> 4 | W16: =SUM(G34:G37) -> 0 | X16: =SUM(H34:H37) -> 0 | Y16: =SUM(I34:I37) -> 2 | Z16: =SUM(J34:J37) -> 2 | ... AF16: =SUM(P34:P37) -> 223
B17: 08.45 - 9.00 | C17: 6 | D17: 0 | E17: 0 | F17: 0 | G17: 0 | H17: 0 | I17: 0 | J17: 2 | K17: 0 | L17: 0 | M17: 17 | N17: 0 | O17: =SUM(C17:L17,N17) -> 8 | P17: =SUM(C17:N17) -> 25 | R17: 1400-1500 | S17: =SUM(C38:C41) -> 18 | T17: =SUM(D38:D41) -> 2 | U17: =SUM(E38:E41) -> 5 | V17: =SUM(F38:F41) -> 0 | W17: =SUM(G38:G41) -> 0 | X17: =SUM(H38:H41) -> 0 | Y17: =SUM(I38:I41) -> 1 | Z17: =SUM(J38:J41) -> 0 | ... AF17: =SUM(P38:P41) -> 156
B18: 09.00 - 09.15 | C18: 2 | D18: 0 | E18: 3 | F18: 0 | G18: 0 | H18: 0 | I18: 1 | J18: 2 | K18: 0 | L18: 0 | M18: 17 | N18: 0 | O18: =SUM(C18:L18,N18) -> 8 | P18: =SUM(C18:N18) -> 25 | R18: 1500-1600 | S18: =SUM(C42:C45) -> 21 | T18: =SUM(D42:D45) -> 0 | U18: =SUM(E42:E45) -> 5 | V18: =SUM(F42:F45) -> 3 | W18: =SUM(G42:G45) -> 0 | X18: =SUM(H42:H45) -> 0 | Y18: =SUM(I42:I45) -> 2 | Z18: =SUM(J42:J45) -> 2 | ... AF18: =SUM(P42:P45) -> 207
B19: 09.15 - 09.30 | C19: 5 | D19: 0 | E19: 0 | F19: 0 | G19: 0 | H19: 0 | I19: 1 | J19: 1 | K19: 0 | L19: 0 | M19: 25 | N19: 0 | O19: =SUM(C19:L19,N19) -> 7 | P19: =SUM(C19:N19) -> 32 | R19: 1600-1700 | S19: =SUM(C46:C49) -> 26 | T19: =SUM(D46:D49) -> 3 | U19: =SUM(E46:E49) -> 2 | V19: =SUM(F46:F49) -> 10 | W19: =SUM(G46:G49) -> 0 | X19: =SUM(H46:H49) -> 0 | Y19: =SUM(I46:I49) -> 5 | Z19: =SUM(J46:J49) -> 3 | ... AF19: =SUM(P46:P49) -> 208
B20: 09.30 - 09.45 | C20: 4 | D20: 0 | E20: 4 | F20: 2 | G20: 0 | H20: 0 | I20: 2 | J20: 0 | K20: 0 | L20: 0 | M20: 42 | N20: 0 | O20: =SUM(C20:L20,N20) -> 12 | P20: =SUM(C20:N20) -> 54 | R20: 1700-1800 | S20: =SUM(C50:C53) -> 27 | T20: =SUM(D50:D53) -> 6 | U20: =SUM(E50:E53) -> 7 | V20: =SUM(F50:F53) -> 2 | W20: =SUM(G50:G53) -> 0 | X20: =SUM(H50:H53) -> 0 | Y20: =SUM(I50:I53) -> 4 | Z20: =SUM(J50:J53) -> 7 | ... AF20: =SUM(P50:P53) -> 189
B21: 09.45 - 10.00 | C21: 5 | D21: 2 | E21: 2 | F21: 1 | G21: 0 | H21: 0 | I21: 1 | J21: 0 | K21: 0 | L21: 0 | M21: 28 | N21: 0 | O21: =SUM(C21:L21,N21) -> 11 | P21: =SUM(C21:N21) -> 39 | R21: 1800-1900 | S21: =SUM(C54:C57) -> 36 | T21: =SUM(D54:D57) -> 1 | U21: =SUM(E54:E57) -> 2 | V21: =SUM(F54:F57) -> 2 | W21: =SUM(G54:G57) -> 0 | X21: =SUM(H54:H57) -> 0 | Y21: =SUM(I54:I57) -> 2 | Z21: =SUM(J54:J57) -> 3 | ... AF21: =SUM(P54:P57) -> 186
B22: 10.00 - 10.15 | C22: 11 | D22: 2 | E22: 1 | F22: 1 | G22: 0 | H22: 0 | I22: 1 | J22: 1 | K22: 0 | L22: 0 | M22: 26 | N22: 0 | O22: =SUM(C22:L22,N22) -> 17 | P22: =SUM(C22:N22) -> 43 | R22: AM Peak Hr | S22: =MAX(S10:S12) -> 28 | T22: =MAX(T10:T12) -> 3 | U22: =MAX(U10:U12) -> 9 | V22: =MAX(V10:V12) -> 3 | W22: =MAX(W10:W12) -> 0 | X22: =MAX(X10:X12) -> 0 | Y22: =MAX(Y10:Y12) -> 5 | Z22: =MAX(Z10:Z12) -> 3 | ... AF22: =MAX(AF10:AF12) -> 150
B23: 10.15 - 10.30 | C23: 18 | D23: 0 | E23: 7 | F23: 3 | G23: 0 | H23: 0 | I23: 0 | J23: 0 | K23: 0 | L23: 0 | M23: 43 | N23: 0 | O23: =SUM(C23:L23,N23) -> 28 | P23: =SUM(C23:N23) -> 71 | R23: IP Peak Hr | S23: =MAX(S13:S18) -> 56 | T23: =MAX(T13:T18) -> 4 | U23: =MAX(U13:U18) -> 13 | V23: =MAX(V13:V18) -> 8 | W23: =MAX(W13:W18) -> 0 | X23: =MAX(X13:X18) -> 0 | Y23: =MAX(Y13:Y18) -> 4 | Z23: =MAX(Z13:Z18) -> 2 | ... AF23: =MAX(AF13:AF18) -> 247
B24: 10.30 - 10.45 | C24: 15 | D24: 0 | E24: 3 | F24: 3 | G24: 0 | H24: 0 | I24: 0 | J24: 1 | K24: 1 | L24: 1 | M24: 47 | N24: 0 | O24: =SUM(C24:L24,N24) -> 24 | P24: =SUM(C24:N24) -> 71 | R24: PM Peak Hr | S24: =MAX(S19:S21) -> 36 | T24: =MAX(T19:T21) -> 6 | U24: =MAX(U19:U21) -> 7 | V24: =MAX(V19:V21) -> 10 | W24: =MAX(W19:W21) -> 0 | X24: =MAX(X19:X21) -> 0 | Y24: =MAX(Y19:Y21) -> 5 | Z24: =MAX(Z19:Z21) -> 7 | ... AF24: =MAX(AF19:AF21) -> 208
B25: 10.45 - 11.00 | C25: 12 | D25: 0 | E25: 2 | F25: 1 | G25: 0 | H25: 0 | I25: 1 | J25: 0 | K25: 0 | L25: 0 | M25: 45 | N25: 1 | O25: =SUM(C25:L25,N25) -> 17 | P25: =SUM(C25:N25) -> 62 | R25: AM Period | S25: =SUM(S10:S12) -> 55 | T25: =SUM(T10:T12) -> 5 | U25: =SUM(U10:U12) -> 15 | V25: =SUM(V10:V12) -> 8 | W25: =SUM(W10:W12) -> 0 | X25: =SUM(X10:X12) -> 0 | Y25: =SUM(Y10:Y12) -> 10 | Z25: =SUM(Z10:Z12) -> 8 | ... AF25: =SUM(AF10:AF12) -> 396
B26: 11.00 - 11.15 | C26: 6 | D26: 0 | E26: 1 | F26: 1 | G26: 0 | H26: 0 | I26: 0 | J26: 0 | K26: 0 | L26: 0 | M26: 25 | N26: 0 | O26: =SUM(C26:L26,N26) -> 8 | P26: =SUM(C26:N26) -> 33 | R26: IP Period | S26: =SUM(S13:S18) -> 165 | T26: =SUM(T13:T18) -> 12 | U26: =SUM(U13:U18) -> 35 | V26: =SUM(V13:V18) -> 20 | W26: =SUM(W13:W18) -> 0 | X26: =SUM(X13:X18) -> 0 | Y26: =SUM(Y13:Y18) -> 11 | Z26: =SUM(Z13:Z18) -> 9 | ... AF26: =SUM(AF13:AF18) -> 1196
B27: 11.15 - 11.30 | C27: 7 | D27: 1 | E27: 0 | F27: 0 | G27: 0 | H27: 0 | I27: 0 | J27: 1 | K27: 0 | L27: 0 | M27: 42 | N27: 0 | O27: =SUM(C27:L27,N27) -> 9 | P27: =SUM(C27:N27) -> 51 | R27: PM Period | S27: =SUM(S19:S21) -> 89 | T27: =SUM(T19:T21) -> 10 | U27: =SUM(U19:U21) -> 11 | V27: =SUM(V19:V21) -> 14 | W27: =SUM(W19:W21) -> 0 | X27: =SUM(X19:X21) -> 0 | Y27: =SUM(Y19:Y21) -> 11 | Z27: =SUM(Z19:Z21) -> 13 | ... AF27: =SUM(AF19:AF21) -> 583
B28: 11.30 - 11.45 | C28: 3 | D28: 0 | E28: 0 | F28: 0 | G28: 0 | H28: 0 | I28: 0 | J28: 0 | K28: 0 | L28: 0 | M28: 29 | N28: 0 | O28: =SUM(C28:L28,N28) -> 3 | P28: =SUM(C28:N28) -> 32 | R28: 12 Hours | S28: =SUM(S10:S21) -> 309 | T28: =SUM(T10:T21) -> 27 | U28: =SUM(U10:U21) -> 61 | V28: =SUM(V10:V21) -> 42 | W28: =SUM(W10:W21) -> 0 | X28: =SUM(X10:X21) -> 0 | Y28: =SUM(Y10:Y21) -> 32 | Z28: =SUM(Z10:Z21) -> 30 | ... AF28: =SUM(AF10:AF21) -> 2175
B29: 11.45 - 12.00 | C29: 2 | D29: 0 | E29: 3 | F29: 0 | G29: 0 | H29: 0 | I29: 0 | J29: 0 | K29: 1 | L29: 1 | M29: 37 | N29: 0 | O29: =SUM(C29:L29,N29) -> 7 | P29: =SUM(C29:N29) -> 44
B30: 12.00 - 12.15 | C30: 5 | D30: 0 | E30: 1 | F30: 1 | G30: 0 | H30: 0 | I30: 1 | J30: 0 | K30: 0 | L30: 0 | M30: 35 | N30: 0 | O30: =SUM(C30:L30,N30) -> 8 | P30: =SUM(C30:N30) -> 43
B31: 12.15 - 12.30 | C31: 8 | D31: 1 | E31: 0 | F31: 3 | G31: 0 | H31: 0 | I31: 0 | J31: 0 | K31: 0 | L31: 0 | M31: 41 | N31: 0 | O31: =SUM(C31:L31,N31) -> 12 | P31: =SUM(C31:N31) -> 53
B32: 12.30 - 12.45 | C32: 4 | D32: 2 | E32: 1 | F32: 0 | G32: 0 | H32: 0 | I32: 2 | J32: 2 | K32: 0 | L32: 0 | M32: 44 | N32: 0 | O32: =SUM(C32:L32,N32) -> 11 | P32: =SUM(C32:N32) -> 55
B33: 12.45 - 13.00 | C33: 7 | D33: 1 | E33: 2 | F33: 0 | G33: 0 | H33: 0 | I33: 1 | J33: 0 | K33: 0 | L33: 0 | M33: 41 | N33: 0 | O33: =SUM(C33:L33,N33) -> 11 | P33: =SUM(C33:N33) -> 52
B34: 13.00 - 13.15 | C34: 6 | D34: 0 | E34: 1 | F34: 0 | G34: 0 | H34: 0 | I34: 0 | J34: 1 | K34: 0 | L34: 0 | M34: 35 | N34: 0 | O34: =SUM(C34:L34,N34) -> 8 | P34: =SUM(C34:N34) -> 43
B35: 13.15 - 13.30 | C35: 3 | D35: 0 | E35: 1 | F35: 2 | G35: 0 | H35: 0 | I35: 1 | J35: 0 | K35: 0 | L35: 0 | M35: 45 | N35: 0 | O35: =SUM(C35:L35,N35) -> 7 | P35: =SUM(C35:N35) -> 52
B36: 13.30 - 13.45 | C36: 7 | D36: 2 | E36: 1 | F36: 1 | G36: 0 | H36: 0 | I36: 0 | J36: 0 | K36: 0 | L36: 1 | M36: 37 | N36: 0 | O36: =SUM(C36:L36,N36) -> 12 | P36: =SUM(C36:N36) -> 49
B37: 13.45 - 14.00 | C37: 12 | D37: 1 | E37: 1 | F37: 1 | G37: 0 | H37: 0 | I37: 1 | J37: 1 | K37: 0 | L37: 1 | M37: 61 | N37: 0 | O37: =SUM(C37:L37,N37) -> 18 | P37: =SUM(C37:N37) -> 79
B38: 14.00 - 14.15 | C38: 5 | D38: 0 | E38: 1 | F38: 0 | G38: 0 | H38: 0 | I38: 1 | J38: 0 | K38: 0 | L38: 0 | M38: 32 | N38: 0 | O38: =SUM(C38:L38,N38) -> 7 | P38: =SUM(C38:N38) -> 39
B39: 14.15 - 14.30 | C39: 8 | D39: 0 | E39: 3 | F39: 0 | G39: 0 | H39: 0 | I39: 0 | J39: 0 | K39: 0 | L39: 1 | M39: 22 | N39: 0 | O39: =SUM(C39:L39,N39) -> 12 | P39: =SUM(C39:N39) -> 34
B40: 14.30 - 14.45 | C40: 0 | D40: 0 | E40: 0 | F40: 0 | G40: 0 | H40: 0 | I40: 0 | J40: 0 | K40: 0 | L40: 0 | M40: 44 | N40: 0 | O40: =SUM(C40:L40,N40) -> 0 | P40: =SUM(C40:N40) -> 44
... B57: 18.45 - 19.00 | C57: 5 | D57: 0 | E57: 0 | F57: 0 | G57: 0 | H57: 0 | I57: 0 | J57: 1 | K57: 0 | L57: 0 | M57: 21 | N57: 0 | O57: =SUM(C57:L57,N57) -> 6 | P57: =SUM(C57:N57) -> 27
B58: Totals | C58: =SUM(C10:C57) -> 309 | D58: =SUM(D10:D57) -> 27 | E58: =SUM(E10:E57) -> 61 | F58: =SUM(F10:F57) -> 42 | G58: =SUM(G10:G57) -> 0 | H58: =SUM(H10:H57) -> 0 | I58: =SUM(I10:I57) -> 32 | J58: =SUM(J10:J57) -> 30 | ... P58: =SUM(P10:P57) -> 2175
B59: %ges + MCs | C59: =C58/$P$58 -> 0.14206897 | D59: =D58/$P$58 -> 0.012413793 | E59: =E58/$P$58 -> 0.028045977 | F59: =F58/$P$58 -> 0.019310345 | G59: =G58/$P$58 -> 0 | H59: =H58/$P$58 -> 0 | I59: =I58/$P$58 -> 0.014712644 | J59: =J58/$P$58 -> 0.013793103 | ... N59: =N58/$P$58 -> 0.00045977011
B60: %ges w/o MCs | C60: =C58/$O$58 -> 0.59883721 | D60: =D58/$O$58 -> 0.052325581 | E60: =E58/$O$58 -> 0.11821705 | F60: =F58/$O$58 -> 0.081395349 | G60: =G58/$O$58 -> 0 | H60: =H58/$O$58 -> 0 | I60: =I58/$O$58 -> 0.062015504 | J60: =J58/$O$58 -> 0.058139535 | ... L60: =L58/$O$58 -> 0.013565891 | N60: =N58/$O$58 -> 0.0019379845

Sheet 25.10 HOIMA-KYENJOJO
B1: Consultancy services for Preparation of Expressway Development Master Plan (EDMP) for Uganda
B2: MANUAL CLASSIFIED COUNT (MCC)
B3: ROAD NAME: | C3: ='25.10 KYENJOJO-HOIMA'!C3:G3 -> MCC - C4 - STN108 - HOIMA ROAD
C5: Date | D5: ='25.10 KYENJOJO-HOIMA'!D5 -> 25.10.19 | F5: Location | G5: ='25.10 KYENJOJO-HOIMA'!G5:H5 -> KYENJOJO | J5: Surveyor | K5: BABIRYE PHIONA
C6: Dir. From | D6: HOIMA | F6: Dir. To | G6: KYENJOJO | J6: Supervisor | K6: FELIX
B8: Time / Veh Type | R8: SUMMARY TRAFFIC VOLUMES
C9: 1. Car | D9: 2. Station Wagon | E9: 3. Pickups | F9: 4. Minibus, matatu | G9: 5. Medium bus | H9: 6. Large Bus | I9: 7. Light Truck | J9: 8. Medium Truck | K9: 9. Heavy truck | L9: 10. Truck Trailer | M9: 11. Motor cycles | N9: 12. Tractors | O9: Total Excl M/Cycles | P9: Total All | R9: Time | S9: 1. Car | T9: 2. Station Wagon | U9: 3. Pickups | V9: 4. Minibus, matatu | W9: 5. Medium bus | X9: 6. Large Bus | Y9: 7. Light Truck | Z9: 8. Medium Truck | AA9: 9. Heavy truck | AB9: 10. Truck Trailer | AC9: 11. Motorcycles | AD9: 12. Tractors, Graders | AE9: Total Excl M/ Cycles | AF9: Total All
B10: 07.00 - 07.15 | C10: 2 | D10: 0 | E10: 0 | F10: 0 | G10: 0 | H10: 0 | I10: 0 | J10: 0 | K10: 0 | L10: 0 | M10: 15 | N10: 0 | O10: =SUM(C10:L10,N10) -> 2 | P10: =SUM(C10:N10) -> 17 | R10: 0700-0800 | S10: =SUM(C10:C13) -> 15 | T10: =SUM(D10:D13) -> 3 | U10: =SUM(E10:E13) -> 4 | V10: =SUM(F10:F13) -> 6 | W10: =SUM(G10:G13) -> 0 | X10: =SUM(H10:H13) -> 0 | Y10: =SUM(I10:I13) -> 4 | Z10: =SUM(J10:J13) -> 1 | ... AF10: =SUM(P10:P13) -> 163
B11: 07.15 - 07.30 | C11: 6 | D11: 1 | E11: 2 | F11: 0 | G11: 0 | H11: 0 | I11: 1 | J11: 1 | K11: 1 | L11: 0 | M11: 40 | N11: 0 | O11: =SUM(C11:L11,N11) -> 12 | P11: =SUM(C11:N11) -> 52 | R11: 0800-0900 | S11: =SUM(C14:C17) -> 23 | T11: =SUM(D14:D17) -> 7 | U11: =SUM(E14:E17) -> 4 | V11: =SUM(F14:F17) -> 4 | W11: =SUM(G14:G17) -> 0 | X11: =SUM(H14:H17) -> 1 | Y11: =SUM(I14:I17) -> 5 | Z11: =SUM(J14:J17) -> 1 | ... AF11: =SUM(P14:P17) -> 199
B12: 07.30 - 07.45 | C12: 4 | D12: 2 | E12: 1 | F12: 3 | G12: 0 | H12: 0 | I12: 2 | J12: 0 | K12: 0 | L12: 0 | M12: 41 | N12: 0 | O12: =SUM(C12:L12,N12) -> 12 | P12: =SUM(C12:N12) -> 53 | R12: 0900-1000 | S12: =SUM(C18:C21) -> 16 | T12: =SUM(D18:D21) -> 8 | U12: =SUM(E18:E21) -> 5 | V12: =SUM(F18:F21) -> 5 | W12: =SUM(G18:G21) -> 0 | X12: =SUM(H18:H21) -> 0 | Y12: =SUM(I18:I21) -> 3 | Z12: =SUM(J18:J21) -> 4 | ... AF12: =SUM(P18:P21) -> 210
B13: 07.45 - 08.00 | C13: 3 | D13: 0 | E13: 1 | F13: 3 | G13: 0 | H13: 0 | I13: 1 | J13: 0 | K13: 0 | L13: 0 | M13: 33 | N13: 0 | O13: =SUM(C13:L13,N13) -> 8 | P13: =SUM(C13:N13) -> 41 | R13: 1000-1100 | S13: =SUM(C22:C25) -> 15 | T13: =SUM(D22:D25) -> 5 | U13: =SUM(E22:E25) -> 6 | V13: =SUM(F22:F25) -> 2 | W13: =SUM(G22:G25) -> 0 | X13: =SUM(H22:H25) -> 0 | Y13: =SUM(I22:I25) -> 5 | Z13: =SUM(J22:J25) -> 2 | ... AF13: =SUM(P22:P25) -> 130
B14: 08.00 - 08.15 | C14: 2 | D14: 0 | E14: 1 | F14: 0 | G14: 0 | H14: 1 | I14: 1 | J14: 1 | K14: 0 | L14: 0 | M14: 34 | N14: 0 | O14: =SUM(C14:L14,N14) -> 6 | P14: =SUM(C14:N14) -> 40 | R14: 1100-1200 | S14: =SUM(C26:C29) -> 18 | T14: =SUM(D26:D29) -> 6 | U14: =SUM(E26:E29) -> 8 | V14: =SUM(F26:F29) -> 3 | W14: =SUM(G26:G29) -> 0 | X14: =SUM(H26:H29) -> 0 | Y14: =SUM(I26:I29) -> 2 | Z14: =SUM(J26:J29) -> 0 | ... AF14: =SUM(P26:P29) -> 173
B15: 08.15 - 08.30 | C15: 3 | D15: 3 | E15: 1 | F15: 2 | G15: 0 | H15: 0 | I15: 2 | J15: 0 | K15: 0 | L15: 0 | M15: 35 | N15: 0 | O15: =SUM(C15:L15,N15) -> 11 | P15: =SUM(C15:N15) -> 46 | R15: 1200-1300 | S15: =SUM(C30:C33) -> 22 | T15: =SUM(D30:D33) -> 6 | U15: =SUM(E30:E33) -> 7 | V15: =SUM(F30:F33) -> 2 | W15: =SUM(G30:G33) -> 0 | X15: =SUM(H30:H33) -> 1 | Y15: =SUM(I30:I33) -> 2 | Z15: =SUM(J30:J33) -> 1 | ... AF15: =SUM(P30:P33) -> 216
B16: 08.30 - 08.45 | C16: 10 | D16: 1 | E16: 1 | F16: 2 | G16: 0 | H16: 0 | I16: 1 | J16: 0 | K16: 0 | L16: 0 | M16: 48 | N16: 0 | O16: =SUM(C16:L16,N16) -> 15 | P16: =SUM(C16:N16) -> 63 | R16: 1300-1400 | S16: =SUM(C34:C37) -> 30 | T16: =SUM(D34:D37) -> 4 | U16: =SUM(E34:E37) -> 5 | V16: =SUM(F34:F37) -> 3 | W16: =SUM(G34:G37) -> 0 | X16: =SUM(H34:H37) -> 0 | Y16: =SUM(I34:I37) -> 1 | Z16: =SUM(J34:J37) -> 2 | ... AF16: =SUM(P34:P37) -> 195
B17: 08.45 - 9.00 | C17: 8 | D17: 3 | E17: 1 | F17: 0 | G17: 0 | H17: 0 | I17: 1 | J17: 0 | K17: 0 | L17: 0 | M17: 37 | N17: 0 | O17: =SUM(C17:L17,N17) -> 13 | P17: =SUM(C17:N17) -> 50 | R17: 1400-1500 | S17: =SUM(C38:C41) -> 47 | T17: =SUM(D38:D41) -> 10 | U17: =SUM(E38:E41) -> 6 | V17: =SUM(F38:F41) -> 9 | W17: =SUM(G38:G41) -> 0 | X17: =SUM(H38:H41) -> 0 | Y17: =SUM(I38:I41) -> 9 | Z17: =SUM(J38:J41) -> 1 | ... AF17: =SUM(P38:P41) -> 230
B18: 09.00 - 09.15 | C18: 7 | D18: 2 | E18: 1 | F18: 1 | G18: 0 | H18: 0 | I18: 1 | J18: 1 | K18: 0 | L18: 0 | M18: 31 | N18: 0 | O18: =SUM(C18:L18,N18) -> 13 | P18: =SUM(C18:N18) -> 44 | R18: 1500-1600 | S18: =SUM(C42:C45) -> 10 | T18: =SUM(D42:D45) -> 8 | U18: =SUM(E42:E45) -> 1 | V18: =SUM(F42:F45) -> 11 | W18: =SUM(G42:G45) -> 0 | X18: =SUM(H42:H45) -> 0 | Y18: =SUM(I42:I45) -> 4 | Z18: =SUM(J42:J45) -> 3 | ... AF18: =SUM(P42:P45) -> 213
B19: 09.15 - 09.30 | C19: 5 | D19: 2 | E19: 2 | F19: 0 | G19: 0 | H19: 0 | I19: 2 | J19: 2 | K19: 0 | L19: 0 | M19: 35 | N19: 0 | O19: =SUM(C19:L19,N19) -> 13 | P19: =SUM(C19:N19) -> 48 | R19: 1600-1700 | S19: =SUM(C46:C49) -> 21 | T19: =SUM(D46:D49) -> 2 | U19: =SUM(E46:E49) -> 1 | V19: =SUM(F46:F49) -> 5 | W19: =SUM(G46:G49) -> 0 | X19: =SUM(H46:H49) -> 0 | Y19: =SUM(I46:I49) -> 4 | Z19: =SUM(J46:J49) -> 2 | ... AF19: =SUM(P46:P49) -> 220
B20: 09.30 - 09.45 | C20: 2 | D20: 1 | E20: 2 | F20: 2 | G20: 0 | H20: 0 | I20: 0 | J20: 1 | K20: 0 | L20: 0 | M20: 55 | N20: 0 | O20: =SUM(C20:L20,N20) -> 8 | P20: =SUM(C20:N20) -> 63 | R20: 1700-1800 | S20: =SUM(C50:C53) -> 20 | T20: =SUM(D50:D53) -> 1 | U20: =SUM(E50:E53) -> 3 | V20: =SUM(F50:F53) -> 2 | W20: =SUM(G50:G53) -> 1 | X20: =SUM(H50:H53) -> 2 | Y20: =SUM(I50:I53) -> 3 | Z20: =SUM(J50:J53) -> 5 | ... AF20: =SUM(P50:P53) -> 164
B21: 09.45 - 10.00 | C21: 2 | D21: 3 | E21: 0 | F21: 2 | G21: 0 | H21: 0 | I21: 0 | J21: 0 | K21: 2 | L21: 0 | M21: 46 | N21: 0 | O21: =SUM(C21:L21,N21) -> 9 | P21: =SUM(C21:N21) -> 55 | R21: 1800-1900 | S21: =SUM(C54:C57) -> 23 | T21: =SUM(D54:D57) -> 1 | U21: =SUM(E54:E57) -> 5 | V21: =SUM(F54:F57) -> 4 | W21: =SUM(G54:G57) -> 0 | X21: =SUM(H54:H57) -> 0 | Y21: =SUM(I54:I57) -> 2 | Z21: =SUM(J54:J57) -> 2 | ... AF21: =SUM(P54:P57) -> 161
B22: 10.00 - 10.15 | C22: 3 | D22: 0 | E22: 3 | F22: 2 | G22: 0 | H22: 0 | I22: 0 | J22: 0 | K22: 0 | L22: 0 | M22: 26 | N22: 0 | O22: =SUM(C22:L22,N22) -> 8 | P22: =SUM(C22:N22) -> 34 | R22: AM Peak Hr | S22: =MAX(S10:S12) -> 23 | T22: =MAX(T10:T12) -> 8 | U22: =MAX(U10:U12) -> 5 | V22: =MAX(V10:V12) -> 6 | W22: =MAX(W10:W12) -> 0 | X22: =MAX(X10:X12) -> 1 | Y22: =MAX(Y10:Y12) -> 5 | Z22: =MAX(Z10:Z12) -> 4 | ... AF22: =MAX(AF10:AF12) -> 210
B23: 10.15 - 10.30 | C23: 6 | D23: 2 | E23: 0 | F23: 0 | G23: 0 | H23: 0 | I23: 1 | J23: 1 | K23: 0 | L23: 0 | M23: 20 | N23: 0 | O23: =SUM(C23:L23,N23) -> 10 | P23: =SUM(C23:N23) -> 30 | R23: IP Peak Hr | S23: =MAX(S13:S18) -> 47 | T23: =MAX(T13:T18) -> 10 | U23: =MAX(U13:U18) -> 8 | V23: =MAX(V13:V18) -> 11 | W23: =MAX(W13:W18) -> 0 | X23: =MAX(X13:X18) -> 1 | Y23: =MAX(Y13:Y18) -> 9 | Z23: =MAX(Z13:Z18) -> 3 | ... AF23: =MAX(AF13:AF18) -> 230
B24: 10.30 - 10.45 | C24: 4 | D24: 2 | E24: 0 | F24: 0 | G24: 0 | H24: 0 | I24: 2 | J24: 1 | K24: 0 | L24: 0 | M24: 35 | N24: 0 | O24: =SUM(C24:L24,N24) -> 9 | P24: =SUM(C24:N24) -> 44 | R24: PM Peak Hr | S24: =MAX(S19:S21) -> 23 | T24: =MAX(T19:T21) -> 2 | U24: =MAX(U19:U21) -> 5 | V24: =MAX(V19:V21) -> 5 | W24: =MAX(W19:W21) -> 1 | X24: =MAX(X19:X21) -> 2 | Y24: =MAX(Y19:Y21) -> 4 | Z24: =MAX(Z19:Z21) -> 5 | ... AF24: =MAX(AF19:AF21) -> 220
B25: 10.45 - 11.00 | C25: 2 | D25: 1 | E25: 3 | F25: 0 | G25: 0 | H25: 0 | I25: 2 | J25: 0 | K25: 0 | L25: 0 | M25: 14 | N25: 0 | O25: =SUM(C25:L25,N25) -> 8 | P25: =SUM(C25:N25) -> 22 | R25: AM Period | S25: =SUM(S10:S12) -> 54 | T25: =SUM(T10:T12) -> 18 | U25: =SUM(U10:U12) -> 13 | V25: =SUM(V10:V12) -> 15 | W25: =SUM(W10:W12) -> 0 | X25: =SUM(X10:X12) -> 1 | Y25: =SUM(Y10:Y12) -> 12 | Z25: =SUM(Z10:Z12) -> 6 | ... AF25: =SUM(AF10:AF12) -> 572
B26: 11.00 - 11.15 | C26: 8 | D26: 5 | E26: 3 | F26: 1 | G26: 0 | H26: 0 | I26: 0 | J26: 0 | K26: 0 | L26: 0 | M26: 44 | N26: 0 | O26: =SUM(C26:L26,N26) -> 17 | P26: =SUM(C26:N26) -> 61 | R26: IP Period | S26: =SUM(S13:S18) -> 142 | T26: =SUM(T13:T18) -> 39 | U26: =SUM(U13:U18) -> 33 | V26: =SUM(V13:V18) -> 30 | W26: =SUM(W13:W18) -> 0 | X26: =SUM(X13:X18) -> 1 | Y26: =SUM(Y13:Y18) -> 23 | Z26: =SUM(Z13:Z18) -> 9 | ... AF26: =SUM(AF13:AF18) -> 1157
B27: 11.15 - 11.30 | C27: 6 | D27: 1 | E27: 1 | F27: 1 | G27: 0 | H27: 0 | I27: 0 | J27: 0 | K27: 0 | L27: 0 | M27: 30 | N27: 0 | O27: =SUM(C27:L27,N27) -> 9 | P27: =SUM(C27:N27) -> 39 | R27: PM Period | S27: =SUM(S19:S21) -> 64 | T27: =SUM(T19:T21) -> 4 | U27: =SUM(U19:U21) -> 9 | V27: =SUM(V19:V21) -> 11 | W27: =SUM(W19:W21) -> 1 | X27: =SUM(X19:X21) -> 2 | Y27: =SUM(Y19:Y21) -> 9 | Z27: =SUM(Z19:Z21) -> 9 | ... AF27: =SUM(AF19:AF21) -> 545
B28: 11.30 - 11.45 | C28: 2 | D28: 0 | E28: 3 | F28: 1 | G28: 0 | H28: 0 | I28: 2 | J28: 0 | K28: 0 | L28: 0 | M28: 31 | N28: 1 | O28: =SUM(C28:L28,N28) -> 9 | P28: =SUM(C28:N28) -> 40 | R28: 12 Hours | S28: =SUM(S10:S21) -> 260 | T28: =SUM(T10:T21) -> 61 | U28: =SUM(U10:U21) -> 55 | V28: =SUM(V10:V21) -> 56 | W28: =SUM(W10:W21) -> 1 | X28: =SUM(X10:X21) -> 4 | Y28: =SUM(Y10:Y21) -> 44 | Z28: =SUM(Z10:Z21) -> 24 | ... AF28: =SUM(AF10:AF21) -> 2274
B29: 11.45 - 12.00 | C29: 2 | D29: 0 | E29: 1 | F29: 0 | G29: 0 | H29: 0 | I29: 0 | J29: 0 | K29: 0 | L29: 0 | M29: 30 | N29: 0 | O29: =SUM(C29:L29,N29) -> 3 | P29: =SUM(C29:N29) -> 33
B30: 12.00 - 12.15 | C30: 4 | D30: 2 | E30: 3 | F30: 0 | G30: 0 | H30: 0 | I30: 0 | J30: 0 | K30: 0 | L30: 0 | M30: 34 | N30: 0 | O30: =SUM(C30:L30,N30) -> 9 | P30: =SUM(C30:N30) -> 43
B31: 12.15 - 12.30 | C31: 7 | D31: 0 | E31: 0 | F31: 0 | G31: 0 | H31: 0 | I31: 0 | J31: 0 | K31: 0 | L31: 0 | M31: 53 | N31: 0 | O31: =SUM(C31:L31,N31) -> 7 | P31: =SUM(C31:N31) -> 60
B32: 12.30 - 12.45 | C32: 6 | D32: 1 | E32: 2 | F32: 1 | G32: 0 | H32: 1 | I32: 0 | J32: 1 | K32: 0 | L32: 0 | M32: 43 | N32: 0 | O32: =SUM(C32:L32,N32) -> 12 | P32: =SUM(C32:N32) -> 55
B33: 12.45 - 13.00 | C33: 5 | D33: 3 | E33: 2 | F33: 1 | G33: 0 | H33: 0 | I33: 2 | J33: 0 | K33: 0 | L33: 0 | M33: 45 | N33: 0 | O33: =SUM(C33:L33,N33) -> 13 | P33: =SUM(C33:N33) -> 58
B34: 13.00 - 13.15 | C34: 6 | D34: 1 | E34: 2 | F34: 3 | G34: 0 | H34: 0 | I34: 1 | J34: 0 | K34: 1 | L34: 0 | M34: 27 | N34: 0 | O34: =SUM(C34:L34,N34) -> 14 | P34: =SUM(C34:N34) -> 41
B35: 13.15 - 13.30 | C35: 4 | D35: 2 | E35: 1 | F35: 0 | G35: 0 | H35: 0 | I35: 0 | J35: 0 | K35: 0 | L35: 0 | M35: 50 | N35: 0 | O35: =SUM(C35:L35,N35) -> 7 | P35: =SUM(C35:N35) -> 57
B36: 13.30 - 13.45 | C36: 7 | D36: 0 | E36: 2 | F36: 0 | G36: 0 | H36: 0 | I36: 0 | J36: 1 | K36: 1 | L36: 0 | M36: 31 | N36: 0 | O36: =SUM(C36:L36,N36) -> 11 | P36: =SUM(C36:N36) -> 42
B37: 13.45 - 14.00 | C37: 13 | D37: 1 | E37: 0 | F37: 0 | G37: 0 | H37: 0 | I37: 0 | J37: 1 | K37: 1 | L37: 0 | M37: 39 | N37: 0 | O37: =SUM(C37:L37,N37) -> 16 | P37: =SUM(C37:N37) -> 55
B38: 14.00 - 14.15 | C38: 31 | D38: 2 | E38: 3 | F38: 3 | G38: 0 | H38: 0 | I38: 2 | J38: 0 | K38: 0 | L38: 0 | M38: 50 | N38: 0 | O38: =SUM(C38:L38,N38) -> 41 | P38: =SUM(C38:N38) -> 91
B39: 14.15 - 14.30 | C39: 8 | D39: 4 | E39: 0 | F39: 1 | G39: 0 | H39: 0 | I39: 3 | J39: 0 | K39: 0 | L39: 0 | M39: 29 | N39: 0 | O39: =SUM(C39:L39,N39) -> 16 | P39: =SUM(C39:N39) -> 45
B40: 14.30 - 14.45 | C40: 6 | D40: 2 | E40: 1 | F40: 2 | G40: 0 | H40: 0 | I40: 2 | J40: 0 | K40: 0 | L40: 0 | M40: 38 | N40: 0 | O40: =SUM(C40:L40,N40) -> 13 | P40: =SUM(C40:N40) -> 51
... B57: 18.45 - 19.00 | C57: 4 | D57: 1 | E57: 1 | F57: 3 | G57: 0 | H57: 0 | I57: 0 | J57: 0 | K57: 0 | L57: 0 | M57: 23 | N57: 0 | O57: =SUM(C57:L57,N57) -> 9 | P57: =SUM(C57:N57) -> 32
B58: Totals | C58: =SUM(C10:C57) -> 260 | D58: =SUM(D10:D57) -> 61 | E58: =SUM(E10:E57) -> 55 | F58: =SUM(F10:F57) -> 56 | G58: =SUM(G10:G57) -> 1 | H58: =SUM(H10:H57) -> 4 | I58: =SUM(I10:I57) -> 44 | J58: =SUM(J10:J57) -> 24 | ... P58: =SUM(P10:P57) -> 2274
B59: %ges + MCs | C59: =C58/$P$58 -> 0.11433597 | D59: =D58/$P$58 -> 0.026824978 | E59: =E58/$P$58 -> 0.024186456 | F59: =F58/$P$58 -> 0.024626209 | G59: =G58/$P$58 -> 0.00043975374 | H59: =H58/$P$58 -> 0.001759015 | I59: =I58/$P$58 -> 0.019349164 | J59: =J58/$P$58 -> 0.01055409 | ... N59: =N58/$P$58 -> 0.00043975374
B60: %ges w/o MCs | C60: =C58/$O$58 -> 0.5019305 | D60: =D58/$O$58 -> 0.11776062 | E60: =E58/$O$58 -> 0.10617761 | F60: =F58/$O$58 -> 0.10810811 | G60: =G58/$O$58 -> 0.0019305019 | H60: =H58/$O$58 -> 0.0077220077 | I60: =I58/$O$58 -> 0.084942085 | J60: =J58/$O$58 -> 0.046332046 | ... L60: =L58/$O$58 -> 0 | N60: =N58/$O$58 -> 0.0019305019

Sheet 26.10 KYENJOJO-HOIMA-24h
B1: Consultancy services for Preparation of Expressway Development Master Plan (EDMP) for Uganda
B2: MANUAL CLASSIFIED COUNT (MCC)
B3: ROAD NAME: | C3: ='25.10 KYENJOJO-HOIMA'!C3:G3 -> MCC - C4 - STN108 - HOIMA ROAD
C5: Date | D5: 26.07.19 | F5: Location | G5: ='30.10 HOIMA-KYENJOJO'!G5:H5 -> KYENJOJO | J5: Surveyor | K5: MOSES
C6: Dir. From | D6: ='25.10 KYENJOJO-HOIMA'!D6:E6 -> KYENJOJO | F6: Dir. To | G6: ='25.10 KYENJOJO-HOIMA'!G6:H6 -> HOIMA | J6: Supervisor | K6: ='30.10 HOIMA-KYENJOJO'!K6:L6 -> FELIX
B8: Time / Veh Type | R8: SUMMARY TRAFFIC VOLUMES
C9: 1. Car | D9: 2. Station Wagon | E9: 3. Pickups | F9: 4. Minibus, matatu | G9: 5. Medium bus | H9: 6. Large Bus | I9: 7. Light Truck | J9: 8. Medium Truck | K9: 9. Heavy truck | L9: 10. Truck Trailer | M9: 11. Motor cycles | N9: 12. Tractors | O9: Total Excl M/Cycles | P9: Total All | R9: Time | S9: 1. Car | T9: 2. Station Wagon | U9: 3. Pickups | V9: 4. Minibus, matatu | W9: 5. Medium bus | X9: 6. Large Bus | Y9: 7. Light Truck | Z9: 8. Medium Truck | AA9: 9. Heavy truck | AB9: 10. Truck Trailer | AC9: 11. Motorcycles | AD9: 12. Tractors, Graders | AE9: Total Excl M/ Cycles | AF9: Total All
B10: 07.00 - 07.15 | C10: 0 | D10: 0 | E10: 0 | F10: 0 | G10: 0 | H10: 0 | I10: 0 | J10: 0 | K10: 0 | L10: 0 | M10: 0 | N10: 0 | O10: =SUM(C10:L10,N10) -> 0 | P10: =SUM(C10:N10) -> 0 | R10: 0700-0800 | S10: =SUM(C10:C13) -> 2 | T10: =SUM(D10:D13) -> 2 | U10: =SUM(E10:E13) -> 1 | V10: =SUM(F10:F13) -> 4 | W10: =SUM(G10:G13) -> 0 | X10: =SUM(H10:H13) -> 0 | Y10: =SUM(I10:I13) -> 0 | Z10: =SUM(J10:J13) -> 0 | ... AF10: =SUM(P10:P13) -> 12
B11: 07.15 - 07.30 | C11: 2 | D11: 0 | E11: 1 | F11: 3 | G11: 0 | H11: 0 | I11: 0 | J11: 0 | K11: 0 | L11: 2 | M11: 0 | N11: 0 | O11: =SUM(C11:L11,N11) -> 8 | P11: =SUM(C11:N11) -> 8 | R11: 0800-0900 | S11: =SUM(C14:C17) -> 3 | T11: =SUM(D14:D17) -> 0 | U11: =SUM(E14:E17) -> 1 | V11: =SUM(F14:F17) -> 3 | W11: =SUM(G14:G17) -> 0 | X11: =SUM(H14:H17) -> 0 | Y11: =SUM(I14:I17) -> 0 | Z11: =SUM(J14:J17) -> 0 | ... AF11: =SUM(P14:P17) -> 16
B12: 07.30 - 07.45 | C12: 0 | D12: 2 | E12: 0 | F12: 1 | G12: 0 | H12: 0 | I12: 0 | J12: 0 | K12: 0 | L12: 0 | M12: 0 | N12: 0 | O12: =SUM(C12:L12,N12) -> 3 | P12: =SUM(C12:N12) -> 3 | R12: 0900-1000 | S12: =SUM(C18:C21) -> 15 | T12: =SUM(D18:D21) -> 1 | U12: =SUM(E18:E21) -> 1 | V12: =SUM(F18:F21) -> 3 | W12: =SUM(G18:G21) -> 0 | X12: =SUM(H18:H21) -> 0 | Y12: =SUM(I18:I21) -> 0 | Z12: =SUM(J18:J21) -> 1 | ... AF12: =SUM(P18:P21) -> 66
B13: 07.45 - 08.00 | C13: 0 | D13: 0 | E13: 0 | F13: 0 | G13: 0 | H13: 0 | I13: 0 | J13: 0 | K13: 0 | L13: 0 | M13: 1 | N13: 0 | O13: =SUM(C13:L13,N13) -> 0 | P13: =SUM(C13:N13) -> 1 | R13: 1000-1100 | S13: =SUM(C22:C25) -> 24 | T13: =SUM(D22:D25) -> 4 | U13: =SUM(E22:E25) -> 7 | V13: =SUM(F22:F25) -> 8 | W13: =SUM(G22:G25) -> 0 | X13: =SUM(H22:H25) -> 0 | Y13: =SUM(I22:I25) -> 3 | Z13: =SUM(J22:J25) -> 3 | ... AF13: =SUM(P22:P25) -> 126
B14: 08.00 - 08.15 | C14: 0 | D14: 0 | E14: 1 | F14: 0 | G14: 0 | H14: 0 | I14: 0 | J14: 0 | K14: 0 | L14: 0 | M14: 2 | N14: 0 | O14: =SUM(C14:L14,N14) -> 1 | P14: =SUM(C14:N14) -> 3 | R14: 1100-1200 | S14: =SUM(C26:C29) -> 17 | T14: =SUM(D26:D29) -> 4 | U14: =SUM(E26:E29) -> 5 | V14: =SUM(F26:F29) -> 4 | W14: =SUM(G26:G29) -> 0 | X14: =SUM(H26:H29) -> 0 | Y14: =SUM(I26:I29) -> 3 | Z14: =SUM(J26:J29) -> 1 | ... AF14: =SUM(P26:P29) -> 162
B15: 08.15 - 08.30 | C15: 1 | D15: 0 | E15: 0 | F15: 1 | G15: 0 | H15: 0 | I15: 0 | J15: 0 | K15: 0 | L15: 0 | M15: 2 | N15: 0 | O15: =SUM(C15:L15,N15) -> 2 | P15: =SUM(C15:N15) -> 4 | R15: 1200-1300 | S15: =SUM(C30:C33) -> 20 | T15: =SUM(D30:D33) -> 5 | U15: =SUM(E30:E33) -> 5 | V15: =SUM(F30:F33) -> 1 | W15: =SUM(G30:G33) -> 0 | X15: =SUM(H30:H33) -> 0 | Y15: =SUM(I30:I33) -> 2 | Z15: =SUM(J30:J33) -> 0 | ... AF15: =SUM(P30:P33) -> 163
B16: 08.30 - 08.45 | C16: 1 | D16: 0 | E16: 0 | F16: 2 | G16: 0 | H16: 0 | I16: 0 | J16: 0 | K16: 0 | L16: 0 | M16: 3 | N16: 0 | O16: =SUM(C16:L16,N16) -> 3 | P16: =SUM(C16:N16) -> 6 | R16: 1300-1400 | S16: =SUM(C34:C37) -> 21 | T16: =SUM(D34:D37) -> 1 | U16: =SUM(E34:E37) -> 5 | V16: =SUM(F34:F37) -> 3 | W16: =SUM(G34:G37) -> 1 | X16: =SUM(H34:H37) -> 0 | Y16: =SUM(I34:I37) -> 6 | Z16: =SUM(J34:J37) -> 1 | ... AF16: =SUM(P34:P37) -> 228
B17: 08.45 - 9.00 | C17: 1 | D17: 0 | E17: 0 | F17: 0 | G17: 0 | H17: 0 | I17: 0 | J17: 0 | K17: 0 | L17: 1 | M17: 1 | N17: 0 | O17: =SUM(C17:L17,N17) -> 2 | P17: =SUM(C17:N17) -> 3 | R17: 1400-1500 | S17: =SUM(C38:C41) -> 17 | T17: =SUM(D38:D41) -> 1 | U17: =SUM(E38:E41) -> 1 | V17: =SUM(F38:F41) -> 4 | W17: =SUM(G38:G41) -> 0 | X17: =SUM(H38:H41) -> 0 | Y17: =SUM(I38:I41) -> 7 | Z17: =SUM(J38:J41) -> 4 | ... AF17: =SUM(P38:P41) -> 224
B18: 09.00 - 09.15 | C18: 5 | D18: 1 | E18: 0 | F18: 1 | G18: 0 | H18: 0 | I18: 0 | J18: 0 | K18: 0 | L18: 0 | M18: 6 | N18: 0 | O18: =SUM(C18:L18,N18) -> 7 | P18: =SUM(C18:N18) -> 13 | R18: 1500-1600 | S18: =SUM(C42:C45) -> 22 | T18: =SUM(D42:D45) -> 2 | U18: =SUM(E42:E45) -> 3 | V18: =SUM(F42:F45) -> 2 | W18: =SUM(G42:G45) -> 1 | X18: =SUM(H42:H45) -> 0 | Y18: =SUM(I42:I45) -> 4 | Z18: =SUM(J42:J45) -> 2 | ... AF18: =SUM(P42:P45) -> 114
B19: 09.15 - 09.30 | C19: 4 | D19: 0 | E19: 1 | F19: 0 | G19: 0 | H19: 0 | I19: 0 | J19: 0 | K19: 0 | L19: 0 | M19: 8 | N19: 0 | O19: =SUM(C19:L19,N19) -> 5 | P19: =SUM(C19:N19) -> 13 | R19: 1600-1700 | S19: =SUM(C46:C49) -> 38 | T19: =SUM(D46:D49) -> 0 | U19: =SUM(E46:E49) -> 9 | V19: =SUM(F46:F49) -> 7 | W19: =SUM(G46:G49) -> 0 | X19: =SUM(H46:H49) -> 0 | Y19: =SUM(I46:I49) -> 1 | Z19: =SUM(J46:J49) -> 2 | ... AF19: =SUM(P46:P49) -> 141
B20: 09.30 - 09.45 | C20: 4 | D20: 0 | E20: 0 | F20: 2 | G20: 0 | H20: 0 | I20: 0 | J20: 0 | K20: 0 | L20: 0 | M20: 16 | N20: 0 | O20: =SUM(C20:L20,N20) -> 6 | P20: =SUM(C20:N20) -> 22 | R20: 1700-1800 | S20: =SUM(C50:C53) -> 28 | T20: =SUM(D50:D53) -> 2 | U20: =SUM(E50:E53) -> 3 | V20: =SUM(F50:F53) -> 0 | W20: =SUM(G50:G53) -> 0 | X20: =SUM(H50:H53) -> 0 | Y20: =SUM(I50:I53) -> 2 | Z20: =SUM(J50:J53) -> 0 | ... AF20: =SUM(P50:P53) -> 171
B21: 09.45 - 10.00 | C21: 2 | D21: 0 | E21: 0 | F21: 0 | G21: 0 | H21: 0 | I21: 0 | J21: 1 | K21: 0 | L21: 0 | M21: 15 | N21: 0 | O21: =SUM(C21:L21,N21) -> 3 | P21: =SUM(C21:N21) -> 18 | R21: 1800-1900 | S21: =SUM(C54:C57) -> 22 | T21: =SUM(D54:D57) -> 2 | U21: =SUM(E54:E57) -> 2 | V21: =SUM(F54:F57) -> 4 | W21: =SUM(G54:G57) -> 0 | X21: =SUM(H54:H57) -> 0 | Y21: =SUM(I54:I57) -> 1 | Z21: =SUM(J54:J57) -> 0 | ... AF21: =SUM(P54:P57) -> 165
B22: 10.00 - 10.15 | C22: 7 | D22: 1 | E22: 3 | F22: 2 | G22: 0 | H22: 0 | I22: 0 | J22: 1 | K22: 1 | L22: 0 | M22: 21 | N22: 0 | O22: =SUM(C22:L22,N22) -> 15 | P22: =SUM(C22:N22) -> 36 | R22: 1900-2000 | S22: =SUM(C58:C61) -> 37 | T22: =SUM(D58:D61) -> 1 | U22: =SUM(E58:E61) -> 2 | V22: =SUM(F58:F61) -> 0 | W22: =SUM(G58:G61) -> 0 | X22: =SUM(H58:H61) -> 0 | Y22: =SUM(I58:I61) -> 10 | Z22: =SUM(J58:J61) -> 1 | ... AF22: =SUM(P58:P61) -> 144
B23: 10.15 - 10.30 | C23: 8 | D23: 0 | E23: 0 | F23: 2 | G23: 0 | H23: 0 | I23: 0 | J23: 0 | K23: 0 | L23: 0 | M23: 20 | N23: 0 | O23: =SUM(C23:L23,N23) -> 10 | P23: =SUM(C23:N23) -> 30 | R23: 2000-2100 | S23: =SUM(C62:C65) -> 20 | T23: =SUM(D62:D65) -> 0 | U23: =SUM(E62:E65) -> 4 | V23: =SUM(F62:F65) -> 0 | W23: =SUM(G62:G65) -> 0 | X23: =SUM(H62:H65) -> 0 | Y23: =SUM(I62:I65) -> 2 | Z23: =SUM(J62:J65) -> 1 | ... AF23: =SUM(P62:P65) -> 82
B24: 10.30 - 10.45 | C24: 5 | D24: 2 | E24: 1 | F24: 0 | G24: 0 | H24: 0 | I24: 2 | J24: 1 | K24: 0 | L24: 0 | M24: 16 | N24: 0 | O24: =SUM(C24:L24,N24) -> 11 | P24: =SUM(C24:N24) -> 27 | R24: 2100-2200 | S24: =SUM(C66:C69) -> 13 | T24: =SUM(D66:D69) -> 5 | U24: =SUM(E66:E69) -> 3 | V24: =SUM(F66:F69) -> 0 | W24: =SUM(G66:G69) -> 0 | X24: =SUM(H66:H69) -> 0 | Y24: =SUM(I66:I69) -> 2 | Z24: =SUM(J66:J69) -> 1 | ... AF24: =SUM(P66:P69) -> 97
B25: 10.45 - 11.00 | C25: 4 | D25: 1 | E25: 3 | F25: 4 | G25: 0 | H25: 0 | I25: 1 | J25: 1 | K25: 0 | L25: 0 | M25: 19 | N25: 0 | O25: =SUM(C25:L25,N25) -> 14 | P25: =SUM(C25:N25) -> 33 | R25: 2200-2300 | S25: =SUM(C70:C73) -> 10 | T25: =SUM(D70:D73) -> 0 | U25: =SUM(E70:E73) -> 3 | V25: =SUM(F70:F73) -> 1 | W25: =SUM(G70:G73) -> 0 | X25: =SUM(H70:H73) -> 0 | Y25: =SUM(I70:I73) -> 2 | Z25: =SUM(J70:J73) -> 1 | ... AF25: =SUM(P70:P73) -> 53
B26: 11.00 - 11.15 | C26: 6 | D26: 0 | E26: 1 | F26: 2 | G26: 0 | H26: 0 | I26: 2 | J26: 1 | K26: 0 | L26: 0 | M26: 21 | N26: 0 | O26: =SUM(C26:L26,N26) -> 12 | P26: =SUM(C26:N26) -> 33 | R26: 2300-0000 | S26: =SUM(C74:C77) -> 9 | T26: =SUM(D74:D77) -> 0 | U26: =SUM(E74:E77) -> 1 | V26: =SUM(F74:F77) -> 1 | W26: =SUM(G74:G77) -> 0 | X26: =SUM(H74:H77) -> 0 | Y26: =SUM(I74:I77) -> 0 | Z26: =SUM(J74:J77) -> 0 | ... AF26: =SUM(P74:P77) -> 29
B27: 11.15 - 11.30 | C27: 2 | D27: 0 | E27: 0 | F27: 1 | G27: 0 | H27: 0 | I27: 0 | J27: 0 | K27: 0 | L27: 0 | M27: 31 | N27: 0 | O27: =SUM(C27:L27,N27) -> 3 | P27: =SUM(C27:N27) -> 34 | R27: 0000-0100 | S27: =SUM(C78:C81) -> 2 | T27: =SUM(D78:D81) -> 0 | U27: =SUM(E78:E81) -> 0 | V27: =SUM(F78:F81) -> 1 | W27: =SUM(G78:G81) -> 0 | X27: =SUM(H78:H81) -> 0 | Y27: =SUM(I78:I81) -> 0 | Z27: =SUM(J78:J81) -> 0 | ... AF27: =SUM(P78:P81) -> 16
B28: 11.30 - 11.45 | C28: 7 | D28: 3 | E28: 1 | F28: 0 | G28: 0 | H28: 0 | I28: 1 | J28: 0 | K28: 0 | L28: 0 | M28: 39 | N28: 0 | O28: =SUM(C28:L28,N28) -> 12 | P28: =SUM(C28:N28) -> 51 | R28: 0100-0200 | S28: =SUM(C82:C85) -> 1 | T28: =SUM(D82:D85) -> 0 | U28: =SUM(E82:E85) -> 0 | V28: =SUM(F82:F85) -> 1 | W28: =SUM(G82:G85) -> 0 | X28: =SUM(H82:H85) -> 0 | Y28: =SUM(I82:I85) -> 0 | Z28: =SUM(J82:J85) -> 1 | ... AF28: =SUM(P82:P85) -> 7
B29: 11.45 - 12.00 | C29: 2 | D29: 1 | E29: 3 | F29: 1 | G29: 0 | H29: 0 | I29: 0 | J29: 0 | K29: 0 | L29: 0 | M29: 37 | N29: 0 | O29: =SUM(C29:L29,N29) -> 7 | P29: =SUM(C29:N29) -> 44 | R29: 0200-0300 | S29: =SUM(C86:C89) -> 2 | T29: =SUM(D86:D89) -> 0 | U29: =SUM(E86:E89) -> 0 | V29: =SUM(F86:F89) -> 0 | W29: =SUM(G86:G89) -> 0 | X29: =SUM(H86:H89) -> 0 | Y29: =SUM(I86:I89) -> 0 | Z29: =SUM(J86:J89) -> 2 | ... AF29: =SUM(P86:P89) -> 5
B30: 12.00 - 12.15 | C30: 4 | D30: 2 | E30: 1 | F30: 0 | G30: 0 | H30: 0 | I30: 0 | J30: 0 | K30: 0 | L30: 0 | M30: 44 | N30: 0 | O30: =SUM(C30:L30,N30) -> 7 | P30: =SUM(C30:N30) -> 51 | R30: 0300-0400 | S30: =SUM(C90:C93) -> 0 | T30: =SUM(D90:D93) -> 0 | U30: =SUM(E90:E93) -> 1 | V30: =SUM(F90:F93) -> 0 | W30: =SUM(G90:G93) -> 1 | X30: =SUM(H90:H93) -> 0 | Y30: =SUM(I90:I93) -> 0 | Z30: =SUM(J90:J93) -> 0 | ... AF30: =SUM(P90:P93) -> 5
B31: 12.15 - 12.30 | C31: 4 | D31: 3 | E31: 0 | F31: 1 | G31: 0 | H31: 0 | I31: 0 | J31: 0 | K31: 0 | L31: 0 | M31: 23 | N31: 0 | O31: =SUM(C31:L31,N31) -> 8 | P31: =SUM(C31:N31) -> 31 | R31: 0400-0500 | S31: =SUM(C94:C97) -> 4 | T31: =SUM(D94:D97) -> 0 | U31: =SUM(E94:E97) -> 0 | V31: =SUM(F94:F97) -> 0 | W31: =SUM(G94:G97) -> 0 | X31: =SUM(H94:H97) -> 0 | Y31: =SUM(I94:I97) -> 1 | Z31: =SUM(J94:J97) -> 0 | ... AF31: =SUM(P94:P97) -> 14
B32: 12.30 - 12.45 | C32: 8 | D32: 0 | E32: 3 | F32: 0 | G32: 0 | H32: 0 | I32: 2 | J32: 0 | K32: 0 | L32: 0 | M32: 52 | N32: 0 | O32: =SUM(C32:L32,N32) -> 13 | P32: =SUM(C32:N32) -> 65 | R32: 0500-0600 | S32: =SUM(C98:C101) -> 1 | T32: =SUM(D98:D101) -> 0 | U32: =SUM(E98:E101) -> 0 | V32: =SUM(F98:F101) -> 0 | W32: =SUM(G98:G101) -> 0 | X32: =SUM(H98:H101) -> 0 | Y32: =SUM(I98:I101) -> 1 | Z32: =SUM(J98:J101) -> 0 | ... AF32: =SUM(P98:P101) -> 6
B33: 12.45 - 13.00 | C33: 4 | D33: 0 | E33: 1 | F33: 0 | G33: 0 | H33: 0 | I33: 0 | J33: 0 | K33: 0 | L33: 0 | M33: 11 | N33: 0 | O33: =SUM(C33:L33,N33) -> 5 | P33: =SUM(C33:N33) -> 16 | R33: 0600-0700 | S33: =SUM(C102:C105) -> 4 | T33: =SUM(D102:D105) -> 0 | U33: =SUM(E102:E105) -> 0 | V33: =SUM(F102:F105) -> 2 | W33: =SUM(G102:G105) -> 0 | X33: =SUM(H102:H105) -> 0 | Y33: =SUM(I102:I105) -> 0 | Z33: =SUM(J102:J105) -> 1 | ... AF33: =SUM(P102:P105) -> 18
B34: 13.00 - 13.15 | C34: 3 | D34: 0 | E34: 2 | F34: 0 | G34: 1 | H34: 0 | I34: 0 | J34: 0 | K34: 1 | L34: 0 | M34: 26 | N34: 0 | O34: =SUM(C34:L34,N34) -> 7 | P34: =SUM(C34:N34) -> 33 | R34: AM Peak Hr | S34: =MAX(S10:S12) -> 15 | T34: =MAX(T10:T12) -> 2 | U34: =MAX(U10:U12) -> 1 | V34: =MAX(V10:V12) -> 4 | W34: =MAX(W10:W12) -> 0 | X34: =MAX(X10:X12) -> 0 | Y34: =MAX(Y10:Y12) -> 0 | Z34: =MAX(Z10:Z12) -> 1 | ... AF34: =MAX(AF10:AF12) -> 66
B35: 13.15 - 13.30 | C35: 4 | D35: 1 | E35: 1 | F35: 1 | G35: 0 | H35: 0 | I35: 0 | J35: 1 | K35: 2 | L35: 0 | M35: 58 | N35: 0 | O35: =SUM(C35:L35,N35) -> 10 | P35: =SUM(C35:N35) -> 68 | R35: IP Peak Hr | S35: =MAX(S13:S18) -> 24 | T35: =MAX(T13:T18) -> 5 | U35: =MAX(U13:U18) -> 7 | V35: =MAX(V13:V18) -> 8 | W35: =MAX(W13:W18) -> 1 | X35: =MAX(X13:X18) -> 0 | Y35: =MAX(Y13:Y18) -> 7 | Z35: =MAX(Z13:Z18) -> 4 | ... AF35: =MAX(AF13:AF18) -> 228
B36: 13.30 - 13.45 | C36: 9 | D36: 0 | E36: 2 | F36: 1 | G36: 0 | H36: 0 | I36: 3 | J36: 0 | K36: 0 | L36: 0 | M36: 52 | N36: 0 | O36: =SUM(C36:L36,N36) -> 15 | P36: =SUM(C36:N36) -> 67 | R36: PM Peak Hr | S36: =MAX(S19:S21) -> 38 | T36: =MAX(T19:T21) -> 2 | U36: =MAX(U19:U21) -> 9 | V36: =MAX(V19:V21) -> 7 | W36: =MAX(W19:W21) -> 0 | X36: =MAX(X19:X21) -> 0 | Y36: =MAX(Y19:Y21) -> 2 | Z36: =MAX(Z19:Z21) -> 2 | ... AF36: =MAX(AF19:AF21) -> 171
B37: 13.45 - 14.00 | C37: 5 | D37: 0 | E37: 0 | F37: 1 | G37: 0 | H37: 0 | I37: 3 | J37: 0 | K37: 0 | L37: 0 | M37: 51 | N37: 0 | O37: =SUM(C37:L37,N37) -> 9 | P37: =SUM(C37:N37) -> 60 | R37: AM Period | S37: =SUM(S10:S12) -> 20 | T37: =SUM(T10:T12) -> 3 | U37: =SUM(U10:U12) -> 3 | V37: =SUM(V10:V12) -> 10 | W37: =SUM(W10:W12) -> 0 | X37: =SUM(X10:X12) -> 0 | Y37: =SUM(Y10:Y12) -> 0 | Z37: =SUM(Z10:Z12) -> 1 | ... AF37: =SUM(AF10:AF12) -> 94
B38: 14.00 - 14.15 | C38: 7 | D38: 0 | E38: 0 | F38: 0 | G38: 0 | H38: 0 | I38: 2 | J38: 0 | K38: 0 | L38: 0 | M38: 46 | N38: 0 | O38: =SUM(C38:L38,N38) -> 9 | P38: =SUM(C38:N38) -> 55 | R38: IP Period | S38: =SUM(S13:S18) -> 121 | T38: =SUM(T13:T18) -> 17 | U38: =SUM(U13:U18) -> 26 | V38: =SUM(V13:V18) -> 22 | W38: =SUM(W13:W18) -> 2 | X38: =SUM(X13:X18) -> 0 | Y38: =SUM(Y13:Y18) -> 25 | Z38: =SUM(Z13:Z18) -> 11 | ... AF38: =SUM(AF13:AF18) -> 1017
B39: 14.15 - 14.30 | C39: 5 | D39: 1 | E39: 0 | F39: 1 | G39: 0 | H39: 0 | I39: 3 | J39: 1 | K39: 0 | L39: 0 | M39: 60 | N39: 0 | O39: =SUM(C39:L39,N39) -> 11 | P39: =SUM(C39:N39) -> 71 | R39: PM Period | S39: =SUM(S19:S21) -> 88 | T39: =SUM(T19:T21) -> 4 | U39: =SUM(U19:U21) -> 14 | V39: =SUM(V19:V21) -> 11 | W39: =SUM(W19:W21) -> 0 | X39: =SUM(X19:X21) -> 0 | Y39: =SUM(Y19:Y21) -> 4 | Z39: =SUM(Z19:Z21) -> 2 | ... AF39: =SUM(AF19:AF21) -> 477
B40: 14.30 - 14.45 | C40: 1 | D40: 0 | E40: 0 | F40: 1 | G40: 0 | H40: 0 | I40: 0 | J40: 1 | K40: 0 | L40: 0 | M40: 47 | N40: 0 | O40: =SUM(C40:L40,N40) -> 3 | P40: =SUM(C40:N40) -> 50 | R40: 12 Hours | S40: =SUM(S10:S21) -> 229 | T40: =SUM(T10:T21) -> 24 | U40: =SUM(U10:U21) -> 43 | V40: =SUM(V10:V21) -> 43 | W40: =SUM(W10:W21) -> 2 | X40: =SUM(X10:X21) -> 0 | Y40: =SUM(Y10:Y21) -> 29 | Z40: =SUM(Z10:Z21) -> 14 | ... AF40: =SUM(AF10:AF21) -> 1588
B41: 14.45 - 15.00 | C41: 4 | D41: 0 | E41: 1 | F41: 2 | G41: 0 | H41: 0 | I41: 2 | J41: 2 | K41: 0 | L41: 0 | M41: 37 | N41: 0 | O41: =SUM(C41:L41,N41) -> 11 | P41: =SUM(C41:N41) -> 48 | R41: 24 Hrs/ADT | S41: =SUM(S10:S33) -> 332 | T41: =SUM(T10:T33) -> 30 | U41: =SUM(U10:U33) -> 57 | V41: =SUM(V10:V33) -> 49 | W41: =SUM(W10:W33) -> 3 | X41: =SUM(X10:X33) -> 0 | Y41: =SUM(Y10:Y33) -> 47 | Z41: =SUM(Z10:Z33) -> 22 | ... AF41: =SUM(AF10:AF33) -> 2064
B42: 15.00 - 15.15 | C42: 6 | D42: 0 | E42: 0 | F42: 0 | G42: 0 | H42: 0 | I42: 1 | J42: 1 | K42: 0 | L42: 0 | M42: 34 | N42: 0 | O42: =SUM(C42:L42,N42) -> 8 | P42: =SUM(C42:N42) -> 42 | R42: NEF | S42: =S41/S40 -> 1.4497817 | T42: =T41/T40 -> 1.25 | U42: =U41/U40 -> 1.3255814 | V42: =V41/V40 -> 1.1395349 | W42: =W41/W40 -> 1.5 | X42: =X41/X40 -> #DIV/0! | Y42: =Y41/Y40 -> 1.6206897 | Z42: =Z41/Z40 -> 1.5714286 | ... AF42: =AF41/AF40 -> 1.2997481
B43: 15.15 - 15.30 | C43: 3 | D43: 0 | E43: 0 | F43: 0 | G43: 0 | H43: 0 | I43: 1 | J43: 0 | K43: 0 | L43: 0 | M43: 3 | N43: 0 | O43: =SUM(C43:L43,N43) -> 4 | P43: =SUM(C43:N43) -> 7
B44: 15.30 - 15.45 | C44: 0 | D44: 1 | E44: 0 | F44: 1 | G44: 0 | H44: 0 | I44: 0 | J44: 0 | K44: 0 | L44: 0 | M44: 0 | N44: 0 | O44: =SUM(C44:L44,N44) -> 2 | P44: =SUM(C44:N44) -> 2
B45: 15.45 - 16.00 | C45: 13 | D45: 1 | E45: 3 | F45: 1 | G45: 1 | H45: 0 | I45: 2 | J45: 1 | K45: 0 | L45: 0 | M45: 41 | N45: 0 | O45: =SUM(C45:L45,N45) -> 22 | P45: =SUM(C45:N45) -> 63
B46: 16.00 - 16.15 | C46: 14 | D46: 0 | E46: 1 | F46: 3 | G46: 0 | H46: 0 | I46: 0 | J46: 2 | K46: 0 | L46: 0 | M46: 25 | N46: 0 | O46: =SUM(C46:L46,N46) -> 20 | P46: =SUM(C46:N46) -> 45
B47: 16.15 -16.30 | C47: 9 | D47: 0 | E47: 1 | F47: 0 | G47: 0 | H47: 0 | I47: 1 | J47: 0 | K47: 0 | L47: 0 | M47: 23 | N47: 0 | O47: =SUM(C47:L47,N47) -> 11 | P47: =SUM(C47:N47) -> 34
B48: 16.30 -16.45 | C48: 8 | D48: 0 | E48: 3 | F48: 0 | G48: 0 | H48: 0 | I48: 0 | J48: 0 | K48: 0 | L48: 0 | M48: 20 | N48: 0 | O48: =SUM(C48:L48,N48) -> 11 | P48: =SUM(C48:N48) -> 31
B49: 16.45 -17.00 | C49: 7 | D49: 0 | E49: 4 | F49: 4 | G49: 0 | H49: 0 | I49: 0 | J49: 0 | K49: 0 | L49: 0 | M49: 16 | N49: 0 | O49: =SUM(C49:L49,N49) -> 15 | P49: =SUM(C49:N49) -> 31
B50: 17.00 -17.15 | C50: 4 | D50: 2 | E50: 0 | F50: 0 | G50: 0 | H50: 0 | I50: 1 | J50: 0 | K50: 0 | L50: 0 | M50: 23 | N50: 0 | O50: =SUM(C50:L50,N50) -> 7 | P50: =SUM(C50:N50) -> 30
B51: 17.15 -17.30 | C51: 10 | D51: 0 | E51: 1 | F51: 0 | G51: 0 | H51: 0 | I51: 0 | J51: 0 | K51: 0 | L51: 1 | M51: 28 | N51: 0 | O51: =SUM(C51:L51,N51) -> 12 | P51: =SUM(C51:N51) -> 40
B52: 17.30 -17.45 | C52: 2 | D52: 0 | E52: 0 | F52: 0 | G52: 0 | H52: 0 | I52: 0 | J52: 0 | K52: 0 | L52: 0 | M52: 44 | N52: 0 | O52: =SUM(C52:L52,N52) -> 2 | P52: =SUM(C52:N52) -> 46
B53: 17.45 -18.00 | C53: 12 | D53: 0 | E53: 2 | F53: 0 | G53: 0 | H53: 0 | I53: 1 | J53: 0 | K53: 0 | L53: 0 | M53: 40 | N53: 0 | O53: =SUM(C53:L53,N53) -> 15 | P53: =SUM(C53:N53) -> 55
B54: 18.00 - 18.15 | C54: 3 | D54: 0 | E54: 0 | F54: 3 | G54: 0 | H54: 0 | I54: 0 | J54: 0 | K54: 0 | L54: 0 | M54: 22 | N54: 0 | O54: =SUM(C54:L54,N54) -> 6 | P54: =SUM(C54:N54) -> 28
... B105: 06.45 - 07.00 | C105: 2 | D105: 0 | E105: 0 | F105: 0 | G105: 0 | H105: 0 | I105: 0 | J105: 0 | K105: 0 | L105: 0 | M105: 5 | N105: 0 | O105: =SUM(C105:L105,N105) -> 2 | P105: =SUM(C105:N105) -> 7
B106: Totals | C106: =SUM(C10:C105) -> 332 | D106: =SUM(D10:D105) -> 30 | E106: =SUM(E10:E105) -> 57 | F106: =SUM(F10:F105) -> 49 | G106: =SUM(G10:G105) -> 3 | H106: =SUM(H10:H105) -> 0 | I106: =SUM(I10:I105) -> 47 | J106: =SUM(J10:J105) -> 22 | ... P106: =SUM(P10:P105) -> 2064
B107: %ges + MCs | C107: =C106/$P$106 -> 0.16085271 | D107: =D106/$P$106 -> 0.014534884 | E107: =E106/$P$106 -> 0.027616279 | F107: =F106/$P$106 -> 0.02374031 | G107: =G106/$P$106 -> 0.0014534884 | H107: =H106/$P$106 -> 0 | I107: =I106/$P$106 -> 0.022771318 | J107: =J106/$P$106 -> 0.010658915 | ... N107: =N106/$P$106 -> 0
B108: %ges w/o MCs | C108: =C106/$O$106 -> 0.60363636 | D108: =D106/$O$106 -> 0.054545455 | E108: =E106/$O$106 -> 0.10363636 | F108: =F106/$O$106 -> 0.089090909 | G108: =G106/$O$106 -> 0.0054545455 | H108: =H106/$O$106 -> 0 | I108: =I106/$O$106 -> 0.085454545 | J108: =J106/$O$106 -> 0.04 | ... L108: =L106/$O$106 -> 0.010909091 | N108: =N106/$O$106 -> 0

Sheet 26.10 HOIMA-KYENJOJO-24h
B1: Consultancy services for Preparation of Expressway Development Master Plan (EDMP) for Uganda
B2: MANUAL CLASSIFIED COUNT (MCC)
B3: ROAD NAME: | C3: ='25.10 KYENJOJO-HOIMA'!C3:G3 -> MCC - C4 - STN108 - HOIMA ROAD
C5: Date | D5: ='26.10 KYENJOJO-HOIMA-24h'!D5 -> 26.07.19 | F5: Location | G5: ='26.10 KYENJOJO-HOIMA-24h'!G5:H5 -> KYENJOJO | J5: Surveyor | K5: STEVEN
C6: Dir. From | D6: ='25.10 HOIMA-KYENJOJO'!D6:E6 -> HOIMA | F6: Dir. To | G6: ='27.10 HOIMA-KYENJOJO'!G6:H6 -> KYENJOJO | J6: Supervisor | K6: FELIX
B8: Time / Veh Type | R8: SUMMARY TRAFFIC VOLUMES
C9: 1. Car | D9: 2. Station Wagon | E9: 3. Pickups | F9: 4. Minibus, matatu | G9: 5. Medium bus | H9: 6. Large Bus | I9: 7. Light Truck | J9: 8. Medium Truck | K9: 9. Heavy truck | L9: 10. Truck Trailer | M9: 11. Motor cycles | N9: 12. Tractors | O9: Total Excl M/Cycles | P9: Total All | R9: Time | S9: 1. Car | T9: 2. Station Wagon | U9: 3. Pickups | V9: 4. Minibus, matatu | W9: 5. Medium bus | X9: 6. Large Bus | Y9: 7. Light Truck | Z9: 8. Medium Truck | AA9: 9. Heavy truck | AB9: 10. Truck Trailer | AC9: 11. Motorcycles | AD9: 12. Tractors, Graders | AE9: Total Excl M/ Cycles | AF9: Total All
B10: 07.00 - 07.15 | C10: 0 | D10: 0 | E10: 0 | F10: 0 | G10: 0 | H10: 0 | I10: 0 | J10: 0 | K10: 0 | L10: 0 | M10: 0 | N10: 0 | O10: =SUM(C10:L10,N10) -> 0 | P10: =SUM(C10:N10) -> 0 | R10: 0700-0800 | S10: =SUM(C10:C13) -> 3 | T10: =SUM(D10:D13) -> 1 | U10: =SUM(E10:E13) -> 0 | V10: =SUM(F10:F13) -> 2 | W10: =SUM(G10:G13) -> 0 | X10: =SUM(H10:H13) -> 0 | Y10: =SUM(I10:I13) -> 0 | Z10: =SUM(J10:J13) -> 0 | ... AF10: =SUM(P10:P13) -> 8
B11: 07.15 - 07.30 | C11: 1 | D11: 0 | E11: 0 | F11: 2 | G11: 0 | H11: 0 | I11: 0 | J11: 0 | K11: 0 | L11: 0 | M11: 0 | N11: 0 | O11: =SUM(C11:L11,N11) -> 3 | P11: =SUM(C11:N11) -> 3 | R11: 0800-0900 | S11: =SUM(C14:C17) -> 4 | T11: =SUM(D14:D17) -> 0 | U11: =SUM(E14:E17) -> 1 | V11: =SUM(F14:F17) -> 2 | W11: =SUM(G14:G17) -> 0 | X11: =SUM(H14:H17) -> 0 | Y11: =SUM(I14:I17) -> 0 | Z11: =SUM(J14:J17) -> 1 | ... AF11: =SUM(P14:P17) -> 13
B12: 07.30 - 07.45 | C12: 2 | D12: 1 | E12: 0 | F12: 0 | G12: 0 | H12: 0 | I12: 0 | J12: 0 | K12: 0 | L12: 0 | M12: 0 | N12: 0 | O12: =SUM(C12:L12,N12) -> 3 | P12: =SUM(C12:N12) -> 3 | R12: 0900-1000 | S12: =SUM(C18:C21) -> 17 | T12: =SUM(D18:D21) -> 2 | U12: =SUM(E18:E21) -> 1 | V12: =SUM(F18:F21) -> 2 | W12: =SUM(G18:G21) -> 0 | X12: =SUM(H18:H21) -> 0 | Y12: =SUM(I18:I21) -> 4 | Z12: =SUM(J18:J21) -> 0 | ... AF12: =SUM(P18:P21) -> 94
B13: 07.45 - 08.00 | C13: 0 | D13: 0 | E13: 0 | F13: 0 | G13: 0 | H13: 0 | I13: 0 | J13: 0 | K13: 0 | L13: 0 | M13: 2 | N13: 0 | O13: =SUM(C13:L13,N13) -> 0 | P13: =SUM(C13:N13) -> 2 | R13: 1000-1100 | S13: =SUM(C22:C25) -> 22 | T13: =SUM(D22:D25) -> 1 | U13: =SUM(E22:E25) -> 1 | V13: =SUM(F22:F25) -> 3 | W13: =SUM(G22:G25) -> 0 | X13: =SUM(H22:H25) -> 1 | Y13: =SUM(I22:I25) -> 2 | Z13: =SUM(J22:J25) -> 2 | ... AF13: =SUM(P22:P25) -> 121
B14: 08.00 - 08.15 | C14: 2 | D14: 0 | E14: 0 | F14: 0 | G14: 0 | H14: 0 | I14: 0 | J14: 0 | K14: 0 | L14: 0 | M14: 1 | N14: 0 | O14: =SUM(C14:L14,N14) -> 2 | P14: =SUM(C14:N14) -> 3 | R14: 1100-1200 | S14: =SUM(C26:C29) -> 15 | T14: =SUM(D26:D29) -> 5 | U14: =SUM(E26:E29) -> 3 | V14: =SUM(F26:F29) -> 7 | W14: =SUM(G26:G29) -> 0 | X14: =SUM(H26:H29) -> 0 | Y14: =SUM(I26:I29) -> 6 | Z14: =SUM(J26:J29) -> 3 | ... AF14: =SUM(P26:P29) -> 130
B15: 08.15 - 08.30 | C15: 1 | D15: 0 | E15: 1 | F15: 1 | G15: 0 | H15: 0 | I15: 0 | J15: 0 | K15: 0 | L15: 0 | M15: 1 | N15: 0 | O15: =SUM(C15:L15,N15) -> 3 | P15: =SUM(C15:N15) -> 4 | R15: 1200-1300 | S15: =SUM(C30:C33) -> 39 | T15: =SUM(D30:D33) -> 4 | U15: =SUM(E30:E33) -> 5 | V15: =SUM(F30:F33) -> 5 | W15: =SUM(G30:G33) -> 0 | X15: =SUM(H30:H33) -> 0 | Y15: =SUM(I30:I33) -> 3 | Z15: =SUM(J30:J33) -> 1 | ... AF15: =SUM(P30:P33) -> 153
B16: 08.30 - 08.45 | C16: 1 | D16: 0 | E16: 0 | F16: 1 | G16: 0 | H16: 0 | I16: 0 | J16: 1 | K16: 0 | L16: 0 | M16: 3 | N16: 0 | O16: =SUM(C16:L16,N16) -> 3 | P16: =SUM(C16:N16) -> 6 | R16: 1300-1400 | S16: =SUM(C34:C37) -> 16 | T16: =SUM(D34:D37) -> 0 | U16: =SUM(E34:E37) -> 3 | V16: =SUM(F34:F37) -> 7 | W16: =SUM(G34:G37) -> 0 | X16: =SUM(H34:H37) -> 0 | Y16: =SUM(I34:I37) -> 1 | Z16: =SUM(J34:J37) -> 2 | ... AF16: =SUM(P34:P37) -> 116
B17: 08.45 - 9.00 | C17: 0 | D17: 0 | E17: 0 | F17: 0 | G17: 0 | H17: 0 | I17: 0 | J17: 0 | K17: 0 | L17: 0 | M17: 0 | N17: 0 | O17: =SUM(C17:L17,N17) -> 0 | P17: =SUM(C17:N17) -> 0 | R17: 1400-1500 | S17: =SUM(C38:C41) -> 17 | T17: =SUM(D38:D41) -> 2 | U17: =SUM(E38:E41) -> 2 | V17: =SUM(F38:F41) -> 0 | W17: =SUM(G38:G41) -> 0 | X17: =SUM(H38:H41) -> 0 | Y17: =SUM(I38:I41) -> 7 | Z17: =SUM(J38:J41) -> 1 | ... AF17: =SUM(P38:P41) -> 145
B18: 09.00 - 09.15 | C18: 1 | D18: 2 | E18: 0 | F18: 0 | G18: 0 | H18: 0 | I18: 1 | J18: 0 | K18: 0 | L18: 0 | M18: 4 | N18: 0 | O18: =SUM(C18:L18,N18) -> 4 | P18: =SUM(C18:N18) -> 8 | R18: 1500-1600 | S18: =SUM(C42:C45) -> 18 | T18: =SUM(D42:D45) -> 0 | U18: =SUM(E42:E45) -> 3 | V18: =SUM(F42:F45) -> 0 | W18: =SUM(G42:G45) -> 0 | X18: =SUM(H42:H45) -> 0 | Y18: =SUM(I42:I45) -> 4 | Z18: =SUM(J42:J45) -> 2 | ... AF18: =SUM(P42:P45) -> 59
B19: 09.15 - 09.30 | C19: 5 | D19: 0 | E19: 1 | F19: 2 | G19: 0 | H19: 0 | I19: 1 | J19: 0 | K19: 0 | L19: 0 | M19: 16 | N19: 0 | O19: =SUM(C19:L19,N19) -> 9 | P19: =SUM(C19:N19) -> 25 | R19: 1600-1700 | S19: =SUM(C46:C49) -> 30 | T19: =SUM(D46:D49) -> 4 | U19: =SUM(E46:E49) -> 5 | V19: =SUM(F46:F49) -> 4 | W19: =SUM(G46:G49) -> 2 | X19: =SUM(H46:H49) -> 0 | Y19: =SUM(I46:I49) -> 3 | Z19: =SUM(J46:J49) -> 2 | ... AF19: =SUM(P46:P49) -> 89
B20: 09.30 - 09.45 | C20: 6 | D20: 0 | E20: 0 | F20: 0 | G20: 0 | H20: 0 | I20: 1 | J20: 0 | K20: 0 | L20: 0 | M20: 26 | N20: 0 | O20: =SUM(C20:L20,N20) -> 7 | P20: =SUM(C20:N20) -> 33 | R20: 1700-1800 | S20: =SUM(C50:C53) -> 16 | T20: =SUM(D50:D53) -> 1 | U20: =SUM(E50:E53) -> 1 | V20: =SUM(F50:F53) -> 3 | W20: =SUM(G50:G53) -> 0 | X20: =SUM(H50:H53) -> 0 | Y20: =SUM(I50:I53) -> 0 | Z20: =SUM(J50:J53) -> 1 | ... AF20: =SUM(P50:P53) -> 65
B21: 09.45 - 10.00 | C21: 5 | D21: 0 | E21: 0 | F21: 0 | G21: 0 | H21: 0 | I21: 1 | J21: 0 | K21: 0 | L21: 0 | M21: 22 | N21: 0 | O21: =SUM(C21:L21,N21) -> 6 | P21: =SUM(C21:N21) -> 28 | R21: 1800-1900 | S21: =SUM(C54:C57) -> 33 | T21: =SUM(D54:D57) -> 2 | U21: =SUM(E54:E57) -> 4 | V21: =SUM(F54:F57) -> 1 | W21: =SUM(G54:G57) -> 0 | X21: =SUM(H54:H57) -> 0 | Y21: =SUM(I54:I57) -> 7 | Z21: =SUM(J54:J57) -> 0 | ... AF21: =SUM(P54:P57) -> 158
B22: 10.00 - 10.15 | C22: 10 | D22: 0 | E22: 1 | F22: 0 | G22: 0 | H22: 1 | I22: 0 | J22: 0 | K22: 0 | L22: 0 | M22: 21 | N22: 0 | O22: =SUM(C22:L22,N22) -> 12 | P22: =SUM(C22:N22) -> 33 | R22: 1900-2000 | S22: =SUM(C58:C61) -> 34 | T22: =SUM(D58:D61) -> 3 | U22: =SUM(E58:E61) -> 4 | V22: =SUM(F58:F61) -> 3 | W22: =SUM(G58:G61) -> 0 | X22: =SUM(H58:H61) -> 0 | Y22: =SUM(I58:I61) -> 1 | Z22: =SUM(J58:J61) -> 1 | ... AF22: =SUM(P58:P61) -> 156
B23: 10.15 - 10.30 | C23: 4 | D23: 1 | E23: 0 | F23: 2 | G23: 0 | H23: 0 | I23: 1 | J23: 0 | K23: 1 | L23: 0 | M23: 20 | N23: 0 | O23: =SUM(C23:L23,N23) -> 9 | P23: =SUM(C23:N23) -> 29 | R23: 2000-2100 | S23: =SUM(C62:C65) -> 15 | T23: =SUM(D62:D65) -> 2 | U23: =SUM(E62:E65) -> 4 | V23: =SUM(F62:F65) -> 1 | W23: =SUM(G62:G65) -> 0 | X23: =SUM(H62:H65) -> 0 | Y23: =SUM(I62:I65) -> 1 | Z23: =SUM(J62:J65) -> 1 | ... AF23: =SUM(P62:P65) -> 74
B24: 10.30 - 10.45 | C24: 4 | D24: 0 | E24: 0 | F24: 0 | G24: 0 | H24: 0 | I24: 0 | J24: 2 | K24: 0 | L24: 0 | M24: 21 | N24: 0 | O24: =SUM(C24:L24,N24) -> 6 | P24: =SUM(C24:N24) -> 27 | R24: 2100-2200 | S24: =SUM(C66:C69) -> 10 | T24: =SUM(D66:D69) -> 1 | U24: =SUM(E66:E69) -> 2 | V24: =SUM(F66:F69) -> 1 | W24: =SUM(G66:G69) -> 0 | X24: =SUM(H66:H69) -> 0 | Y24: =SUM(I66:I69) -> 0 | Z24: =SUM(J66:J69) -> 0 | ... AF24: =SUM(P66:P69) -> 60
B25: 10.45 - 11.00 | C25: 4 | D25: 0 | E25: 0 | F25: 1 | G25: 0 | H25: 0 | I25: 1 | J25: 0 | K25: 0 | L25: 0 | M25: 26 | N25: 0 | O25: =SUM(C25:L25,N25) -> 6 | P25: =SUM(C25:N25) -> 32 | R25: 2200-2300 | S25: =SUM(C70:C73) -> 6 | T25: =SUM(D70:D73) -> 1 | U25: =SUM(E70:E73) -> 2 | V25: =SUM(F70:F73) -> 1 | W25: =SUM(G70:G73) -> 0 | X25: =SUM(H70:H73) -> 0 | Y25: =SUM(I70:I73) -> 4 | Z25: =SUM(J70:J73) -> 1 | ... AF25: =SUM(P70:P73) -> 52
B26: 11.00 - 11.15 | C26: 5 | D26: 3 | E26: 1 | F26: 0 | G26: 0 | H26: 0 | I26: 2 | J26: 0 | K26: 1 | L26: 0 | M26: 14 | N26: 0 | O26: =SUM(C26:L26,N26) -> 12 | P26: =SUM(C26:N26) -> 26 | R26: 2300-0000 | S26: =SUM(C74:C77) -> 7 | T26: =SUM(D74:D77) -> 1 | U26: =SUM(E74:E77) -> 1 | V26: =SUM(F74:F77) -> 0 | W26: =SUM(G74:G77) -> 0 | X26: =SUM(H74:H77) -> 0 | Y26: =SUM(I74:I77) -> 0 | Z26: =SUM(J74:J77) -> 0 | ... AF26: =SUM(P74:P77) -> 28
B27: 11.15 - 11.30 | C27: 4 | D27: 0 | E27: 0 | F27: 2 | G27: 0 | H27: 0 | I27: 1 | J27: 2 | K27: 0 | L27: 0 | M27: 23 | N27: 0 | O27: =SUM(C27:L27,N27) -> 9 | P27: =SUM(C27:N27) -> 32 | R27: 0000-0100 | S27: =SUM(C78:C81) -> 3 | T27: =SUM(D78:D81) -> 0 | U27: =SUM(E78:E81) -> 0 | V27: =SUM(F78:F81) -> 0 | W27: =SUM(G78:G81) -> 0 | X27: =SUM(H78:H81) -> 0 | Y27: =SUM(I78:I81) -> 1 | Z27: =SUM(J78:J81) -> 0 | ... AF27: =SUM(P78:P81) -> 17
B28: 11.30 - 11.45 | C28: 5 | D28: 1 | E28: 0 | F28: 2 | G28: 0 | H28: 0 | I28: 2 | J28: 1 | K28: 0 | L28: 0 | M28: 28 | N28: 0 | O28: =SUM(C28:L28,N28) -> 11 | P28: =SUM(C28:N28) -> 39 | R28: 0100-0200 | S28: =SUM(C82:C85) -> 0 | T28: =SUM(D82:D85) -> 0 | U28: =SUM(E82:E85) -> 0 | V28: =SUM(F82:F85) -> 0 | W28: =SUM(G82:G85) -> 0 | X28: =SUM(H82:H85) -> 0 | Y28: =SUM(I82:I85) -> 0 | Z28: =SUM(J82:J85) -> 0 | ... AF28: =SUM(P82:P85) -> 8
B29: 11.45 - 12.00 | C29: 1 | D29: 1 | E29: 2 | F29: 3 | G29: 0 | H29: 0 | I29: 1 | J29: 0 | K29: 0 | L29: 0 | M29: 25 | N29: 0 | O29: =SUM(C29:L29,N29) -> 8 | P29: =SUM(C29:N29) -> 33 | R29: 0200-0300 | S29: =SUM(C86:C89) -> 0 | T29: =SUM(D86:D89) -> 0 | U29: =SUM(E86:E89) -> 0 | V29: =SUM(F86:F89) -> 0 | W29: =SUM(G86:G89) -> 0 | X29: =SUM(H86:H89) -> 0 | Y29: =SUM(I86:I89) -> 0 | Z29: =SUM(J86:J89) -> 0 | ... AF29: =SUM(P86:P89) -> 5
B30: 12.00 - 12.15 | C30: 11 | D30: 2 | E30: 2 | F30: 2 | G30: 0 | H30: 0 | I30: 1 | J30: 1 | K30: 0 | L30: 0 | M30: 38 | N30: 0 | O30: =SUM(C30:L30,N30) -> 19 | P30: =SUM(C30:N30) -> 57 | R30: 0300-0400 | S30: =SUM(C90:C93) -> 0 | T30: =SUM(D90:D93) -> 0 | U30: =SUM(E90:E93) -> 0 | V30: =SUM(F90:F93) -> 1 | W30: =SUM(G90:G93) -> 0 | X30: =SUM(H90:H93) -> 0 | Y30: =SUM(I90:I93) -> 0 | Z30: =SUM(J90:J93) -> 0 | ... AF30: =SUM(P90:P93) -> 3
B31: 12.15 - 12.30 | C31: 10 | D31: 1 | E31: 1 | F31: 0 | G31: 0 | H31: 0 | I31: 0 | J31: 0 | K31: 0 | L31: 0 | M31: 7 | N31: 0 | O31: =SUM(C31:L31,N31) -> 12 | P31: =SUM(C31:N31) -> 19 | R31: 0400-0500 | S31: =SUM(C94:C97) -> 2 | T31: =SUM(D94:D97) -> 1 | U31: =SUM(E94:E97) -> 0 | V31: =SUM(F94:F97) -> 0 | W31: =SUM(G94:G97) -> 0 | X31: =SUM(H94:H97) -> 0 | Y31: =SUM(I94:I97) -> 1 | Z31: =SUM(J94:J97) -> 0 | ... AF31: =SUM(P94:P97) -> 5
B32: 12.30 - 12.45 | C32: 12 | D32: 0 | E32: 2 | F32: 1 | G32: 0 | H32: 0 | I32: 2 | J32: 0 | K32: 0 | L32: 0 | M32: 28 | N32: 0 | O32: =SUM(C32:L32,N32) -> 17 | P32: =SUM(C32:N32) -> 45 | R32: 0500-0600 | S32: =SUM(C98:C101) -> 1 | T32: =SUM(D98:D101) -> 1 | U32: =SUM(E98:E101) -> 0 | V32: =SUM(F98:F101) -> 1 | W32: =SUM(G98:G101) -> 0 | X32: =SUM(H98:H101) -> 0 | Y32: =SUM(I98:I101) -> 0 | Z32: =SUM(J98:J101) -> 0 | ... AF32: =SUM(P98:P101) -> 4
B33: 12.45 - 13.00 | C33: 6 | D33: 1 | E33: 0 | F33: 2 | G33: 0 | H33: 0 | I33: 0 | J33: 0 | K33: 0 | L33: 0 | M33: 23 | N33: 0 | O33: =SUM(C33:L33,N33) -> 9 | P33: =SUM(C33:N33) -> 32 | R33: 0600-0700 | S33: =SUM(C102:C105) -> 8 | T33: =SUM(D102:D105) -> 1 | U33: =SUM(E102:E105) -> 0 | V33: =SUM(F102:F105) -> 0 | W33: =SUM(G102:G105) -> 0 | X33: =SUM(H102:H105) -> 0 | Y33: =SUM(I102:I105) -> 0 | Z33: =SUM(J102:J105) -> 0 | ... AF33: =SUM(P102:P105) -> 27
B34: 13.00 - 13.15 | C34: 4 | D34: 0 | E34: 0 | F34: 3 | G34: 0 | H34: 0 | I34: 0 | J34: 0 | K34: 0 | L34: 0 | M34: 22 | N34: 0 | O34: =SUM(C34:L34,N34) -> 7 | P34: =SUM(C34:N34) -> 29 | R34: AM Peak Hr | S34: =MAX(S10:S12) -> 17 | T34: =MAX(T10:T12) -> 2 | U34: =MAX(U10:U12) -> 1 | V34: =MAX(V10:V12) -> 2 | W34: =MAX(W10:W12) -> 0 | X34: =MAX(X10:X12) -> 0 | Y34: =MAX(Y10:Y12) -> 4 | Z34: =MAX(Z10:Z12) -> 1 | ... AF34: =MAX(AF10:AF12) -> 94
B35: 13.15 - 13.30 | C35: 2 | D35: 0 | E35: 1 | F35: 0 | G35: 0 | H35: 0 | I35: 1 | J35: 0 | K35: 0 | L35: 0 | M35: 18 | N35: 0 | O35: =SUM(C35:L35,N35) -> 4 | P35: =SUM(C35:N35) -> 22 | R35: IP Peak Hr | S35: =MAX(S13:S18) -> 39 | T35: =MAX(T13:T18) -> 5 | U35: =MAX(U13:U18) -> 5 | V35: =MAX(V13:V18) -> 7 | W35: =MAX(W13:W18) -> 0 | X35: =MAX(X13:X18) -> 1 | Y35: =MAX(Y13:Y18) -> 7 | Z35: =MAX(Z13:Z18) -> 3 | ... AF35: =MAX(AF13:AF18) -> 153
B36: 13.30 - 13.45 | C36: 7 | D36: 0 | E36: 1 | F36: 2 | G36: 0 | H36: 0 | I36: 0 | J36: 1 | K36: 1 | L36: 0 | M36: 32 | N36: 0 | O36: =SUM(C36:L36,N36) -> 12 | P36: =SUM(C36:N36) -> 44 | R36: PM Peak Hr | S36: =MAX(S19:S21) -> 33 | T36: =MAX(T19:T21) -> 4 | U36: =MAX(U19:U21) -> 5 | V36: =MAX(V19:V21) -> 4 | W36: =MAX(W19:W21) -> 2 | X36: =MAX(X19:X21) -> 0 | Y36: =MAX(Y19:Y21) -> 7 | Z36: =MAX(Z19:Z21) -> 2 | ... AF36: =MAX(AF19:AF21) -> 158
B37: 13.45 - 14.00 | C37: 3 | D37: 0 | E37: 1 | F37: 2 | G37: 0 | H37: 0 | I37: 0 | J37: 1 | K37: 1 | L37: 0 | M37: 13 | N37: 0 | O37: =SUM(C37:L37,N37) -> 8 | P37: =SUM(C37:N37) -> 21 | R37: AM Period | S37: =SUM(S10:S12) -> 24 | T37: =SUM(T10:T12) -> 3 | U37: =SUM(U10:U12) -> 2 | V37: =SUM(V10:V12) -> 6 | W37: =SUM(W10:W12) -> 0 | X37: =SUM(X10:X12) -> 0 | Y37: =SUM(Y10:Y12) -> 4 | Z37: =SUM(Z10:Z12) -> 1 | ... AF37: =SUM(AF10:AF12) -> 115
B38: 14.00 - 14.15 | C38: 8 | D38: 2 | E38: 0 | F38: 0 | G38: 0 | H38: 0 | I38: 1 | J38: 0 | K38: 0 | L38: 0 | M38: 45 | N38: 0 | O38: =SUM(C38:L38,N38) -> 11 | P38: =SUM(C38:N38) -> 56 | R38: IP Period | S38: =SUM(S13:S18) -> 127 | T38: =SUM(T13:T18) -> 12 | U38: =SUM(U13:U18) -> 17 | V38: =SUM(V13:V18) -> 22 | W38: =SUM(W13:W18) -> 0 | X38: =SUM(X13:X18) -> 1 | Y38: =SUM(Y13:Y18) -> 23 | Z38: =SUM(Z13:Z18) -> 11 | ... AF38: =SUM(AF13:AF18) -> 724
B39: 14.15 - 14.30 | C39: 1 | D39: 0 | E39: 1 | F39: 0 | G39: 0 | H39: 0 | I39: 1 | J39: 0 | K39: 0 | L39: 0 | M39: 33 | N39: 0 | O39: =SUM(C39:L39,N39) -> 3 | P39: =SUM(C39:N39) -> 36 | R39: PM Period | S39: =SUM(S19:S21) -> 79 | T39: =SUM(T19:T21) -> 7 | U39: =SUM(U19:U21) -> 10 | V39: =SUM(V19:V21) -> 8 | W39: =SUM(W19:W21) -> 2 | X39: =SUM(X19:X21) -> 0 | Y39: =SUM(Y19:Y21) -> 10 | Z39: =SUM(Z19:Z21) -> 3 | ... AF39: =SUM(AF19:AF21) -> 312
B40: 14.30 - 14.45 | C40: 4 | D40: 0 | E40: 1 | F40: 0 | G40: 0 | H40: 0 | I40: 4 | J40: 0 | K40: 0 | L40: 0 | M40: 18 | N40: 0 | O40: =SUM(C40:L40,N40) -> 9 | P40: =SUM(C40:N40) -> 27 | R40: 12 Hours | S40: =SUM(S10:S21) -> 230 | T40: =SUM(T10:T21) -> 22 | U40: =SUM(U10:U21) -> 29 | V40: =SUM(V10:V21) -> 36 | W40: =SUM(W10:W21) -> 2 | X40: =SUM(X10:X21) -> 1 | Y40: =SUM(Y10:Y21) -> 37 | Z40: =SUM(Z10:Z21) -> 15 | ... AF40: =SUM(AF10:AF21) -> 1151
B41: 14.45 - 15.00 | C41: 4 | D41: 0 | E41: 0 | F41: 0 | G41: 0 | H41: 0 | I41: 1 | J41: 1 | K41: 0 | L41: 0 | M41: 20 | N41: 0 | O41: =SUM(C41:L41,N41) -> 6 | P41: =SUM(C41:N41) -> 26 | R41: 24 Hrs/ADT | S41: =SUM(S10:S33) -> 316 | T41: =SUM(T10:T33) -> 33 | U41: =SUM(U10:U33) -> 42 | V41: =SUM(V10:V33) -> 44 | W41: =SUM(W10:W33) -> 2 | X41: =SUM(X10:X33) -> 1 | Y41: =SUM(Y10:Y33) -> 45 | Z41: =SUM(Z10:Z33) -> 18 | ... AF41: =SUM(AF10:AF33) -> 1590
B42: 15.00 - 15.15 | C42: 2 | D42: 0 | E42: 0 | F42: 0 | G42: 0 | H42: 0 | I42: 1 | J42: 0 | K42: 0 | L42: 0 | M42: 15 | N42: 0 | O42: =SUM(C42:L42,N42) -> 3 | P42: =SUM(C42:N42) -> 18 | R42: NEF | S42: =S41/S40 -> 1.373913 | T42: =T41/T40 -> 1.5 | U42: =U41/U40 -> 1.4482759 | V42: =V41/V40 -> 1.2222222 | W42: =W41/W40 -> 1 | X42: =X41/X40 -> 1 | Y42: =Y41/Y40 -> 1.2162162 | Z42: =Z41/Z40 -> 1.2 | ... AF42: =AF41/AF40 -> 1.3814075
B43: 15.15 - 15.30 | C43: 7 | D43: 0 | E43: 0 | F43: 0 | G43: 0 | H43: 0 | I43: 1 | J43: 1 | K43: 1 | L43: 0 | M43: 5 | N43: 0 | O43: =SUM(C43:L43,N43) -> 10 | P43: =SUM(C43:N43) -> 15
B44: 15.30 - 15.45 | C44: 1 | D44: 0 | E44: 1 | F44: 0 | G44: 0 | H44: 0 | I44: 1 | J44: 1 | K44: 1 | L44: 0 | M44: 1 | N44: 0 | O44: =SUM(C44:L44,N44) -> 5 | P44: =SUM(C44:N44) -> 6
B45: 15.45 - 16.00 | C45: 8 | D45: 0 | E45: 2 | F45: 0 | G45: 0 | H45: 0 | I45: 1 | J45: 0 | K45: 1 | L45: 0 | M45: 8 | N45: 0 | O45: =SUM(C45:L45,N45) -> 12 | P45: =SUM(C45:N45) -> 20
B46: 16.00 - 16.15 | C46: 2 | D46: 0 | E46: 1 | F46: 1 | G46: 0 | H46: 0 | I46: 1 | J46: 0 | K46: 0 | L46: 0 | M46: 0 | N46: 0 | O46: =SUM(C46:L46,N46) -> 5 | P46: =SUM(C46:N46) -> 5
B47: 16.15 -16.30 | C47: 13 | D47: 1 | E47: 3 | F47: 2 | G47: 2 | H47: 0 | I47: 1 | J47: 0 | K47: 0 | L47: 0 | M47: 7 | N47: 0 | O47: =SUM(C47:L47,N47) -> 22 | P47: =SUM(C47:N47) -> 29
B48: 16.30 -16.45 | C48: 10 | D48: 1 | E48: 1 | F48: 0 | G48: 0 | H48: 0 | I48: 0 | J48: 2 | K48: 0 | L48: 0 | M48: 25 | N48: 0 | O48: =SUM(C48:L48,N48) -> 14 | P48: =SUM(C48:N48) -> 39
B49: 16.45 -17.00 | C49: 5 | D49: 2 | E49: 0 | F49: 1 | G49: 0 | H49: 0 | I49: 1 | J49: 0 | K49: 1 | L49: 0 | M49: 6 | N49: 0 | O49: =SUM(C49:L49,N49) -> 10 | P49: =SUM(C49:N49) -> 16
B50: 17.00 -17.15 | C50: 5 | D50: 0 | E50: 0 | F50: 2 | G50: 0 | H50: 0 | I50: 0 | J50: 0 | K50: 0 | L50: 0 | M50: 13 | N50: 0 | O50: =SUM(C50:L50,N50) -> 7 | P50: =SUM(C50:N50) -> 20
B51: 17.15 -17.30 | C51: 4 | D51: 0 | E51: 0 | F51: 1 | G51: 0 | H51: 0 | I51: 0 | J51: 1 | K51: 0 | L51: 0 | M51: 16 | N51: 0 | O51: =SUM(C51:L51,N51) -> 6 | P51: =SUM(C51:N51) -> 22
B52: 17.30 -17.45 | C52: 4 | D52: 1 | E52: 1 | F52: 0 | G52: 0 | H52: 0 | I52: 0 | J52: 0 | K52: 0 | L52: 0 | M52: 11 | N52: 0 | O52: =SUM(C52:L52,N52) -> 6 | P52: =SUM(C52:N52) -> 17
B53: 17.45 -18.00 | C53: 3 | D53: 0 | E53: 0 | F53: 0 | G53: 0 | H53: 0 | I53: 0 | J53: 0 | K53: 0 | L53: 0 | M53: 3 | N53: 0 | O53: =SUM(C53:L53,N53) -> 3 | P53: =SUM(C53:N53) -> 6
B54: 18.00 - 18.15 | C54: 7 | D54: 1 | E54: 1 | F54: 0 | G54: 0 | H54: 0 | I54: 5 | J54: 0 | K54: 0 | L54: 0 | M54: 23 | N54: 0 | O54: =SUM(C54:L54,N54) -> 14 | P54: =SUM(C54:N54) -> 37
... B105: 06.45 - 07.00 | C105: 3 | D105: 0 | E105: 0 | F105: 0 | G105: 0 | H105: 0 | I105: 0 | J105: 0 | K105: 0 | L105: 0 | M105: 8 | N105: 0 | O105: =SUM(C105:L105,N105) -> 3 | P105: =SUM(C105:N105) -> 11
B106: Totals | C106: =SUM(C10:C105) -> 316 | D106: =SUM(D10:D105) -> 33 | E106: =SUM(E10:E105) -> 42 | F106: =SUM(F10:F105) -> 44 | G106: =SUM(G10:G105) -> 2 | H106: =SUM(H10:H105) -> 1 | I106: =SUM(I10:I105) -> 45 | J106: =SUM(J10:J105) -> 18 | ... P106: =SUM(P10:P105) -> 1590
B107: %ges + MCs | C107: =C106/$P$106 -> 0.19874214 | D107: =D106/$P$106 -> 0.020754717 | E107: =E106/$P$106 -> 0.026415094 | F107: =F106/$P$106 -> 0.027672956 | G107: =G106/$P$106 -> 0.0012578616 | H107: =H106/$P$106 -> 0.00062893082 | I107: =I106/$P$106 -> 0.028301887 | J107: =J106/$P$106 -> 0.011320755 | ... N107: =N106/$P$106 -> 0
B108: %ges w/o MCs | C108: =C106/$O$106 -> 0.62082515 | D108: =D106/$O$106 -> 0.064833006 | E108: =E106/$O$106 -> 0.082514735 | F108: =F106/$O$106 -> 0.086444008 | G108: =G106/$O$106 -> 0.0039292731 | H108: =H106/$O$106 -> 0.0019646365 | I108: =I106/$O$106 -> 0.088408644 | J108: =J106/$O$106 -> 0.035363458 | ... L108: =L106/$O$106 -> 0 | N108: =N106/$O$106 -> 0

Sheet 27.10 KYENJOJO-HOIMA
B1: Consultancy services for Preparation of Expressway Development Master Plan (EDMP) for Uganda
B2: MANUAL CLASSIFIED COUNT (MCC)
B3: ROAD NAME: | C3: ='25.10 KYENJOJO-HOIMA'!C3:G3 -> MCC - C4 - STN108 - HOIMA ROAD
C5: Date | D5: 27.10.19 | F5: Location | G5: ='25.10 KYENJOJO-HOIMA'!G5:H5 -> KYENJOJO | J5: Surveyor | K5: ='25.10 KYENJOJO-HOIMA'!K5:L5 -> OLOYA FELIX
C6: Dir. From | D6: ='25.10 KYENJOJO-HOIMA'!D6:E6 -> KYENJOJO | F6: Dir. To | G6: ='25.10 KYENJOJO-HOIMA'!G6:H6 -> HOIMA | J6: Supervisor | K6: ='25.10 KYENJOJO-HOIMA'!K6:L6 -> FELIX
B8: Time / Veh Type | R8: SUMMARY TRAFFIC VOLUMES
C9: 1. Car | D9: 2. Station Wagon | E9: 3. Pickups | F9: 4. Minibus, matatu | G9: 5. Medium bus | H9: 6. Large Bus | I9: 7. Light Truck | J9: 8. Medium Truck | K9: 9. Heavy truck | L9: 10. Truck Trailer | M9: 11. Motor cycles | N9: 12. Tractors | O9: Total Excl M/Cycles | P9: Total All | R9: Time | S9: 1. Car | T9: 2. Station Wagon | U9: 3. Pickups | V9: 4. Minibus, matatu | W9: 5. Medium bus | X9: 6. Large Bus | Y9: 7. Light Truck | Z9: 8. Medium Truck | AA9: 9. Heavy truck | AB9: 10. Truck Trailer | AC9: 11. Motorcycles | AD9: 12. Tractors, Graders | AE9: Total Excl M/ Cycles | AF9: Total All
B10: 07.00 - 07.15 | C10: 1 | D10: 0 | E10: 0 | F10: 0 | G10: 0 | H10: 0 | I10: 1 | J10: 1 | K10: 1 | L10: 1 | M10: 4 | N10: 0 | O10: =SUM(C10:L10,N10) -> 5 | P10: =SUM(C10:N10) -> 9 | R10: 0700-0800 | S10: =SUM(C10:C13) -> 5 | T10: =SUM(D10:D13) -> 0 | U10: =SUM(E10:E13) -> 0 | V10: =SUM(F10:F13) -> 1 | W10: =SUM(G10:G13) -> 0 | X10: =SUM(H10:H13) -> 0 | Y10: =SUM(I10:I13) -> 1 | Z10: =SUM(J10:J13) -> 1 | ... AF10: =SUM(P10:P13) -> 55
B11: 07.15 - 07.30 | C11: 3 | D11: 0 | E11: 0 | F11: 0 | G11: 0 | H11: 0 | I11: 0 | J11: 0 | K11: 0 | L11: 0 | M11: 12 | N11: 0 | O11: =SUM(C11:L11,N11) -> 3 | P11: =SUM(C11:N11) -> 15 | R11: 0800-0900 | S11: =SUM(C14:C17) -> 13 | T11: =SUM(D14:D17) -> 0 | U11: =SUM(E14:E17) -> 2 | V11: =SUM(F14:F17) -> 2 | W11: =SUM(G14:G17) -> 0 | X11: =SUM(H14:H17) -> 0 | Y11: =SUM(I14:I17) -> 2 | Z11: =SUM(J14:J17) -> 5 | ... AF11: =SUM(P14:P17) -> 133
B12: 07.30 - 07.45 | C12: 0 | D12: 0 | E12: 0 | F12: 0 | G12: 0 | H12: 0 | I12: 0 | J12: 0 | K12: 0 | L12: 0 | M12: 9 | N12: 0 | O12: =SUM(C12:L12,N12) -> 0 | P12: =SUM(C12:N12) -> 9 | R12: 0900-1000 | S12: =SUM(C18:C21) -> 18 | T12: =SUM(D18:D21) -> 1 | U12: =SUM(E18:E21) -> 2 | V12: =SUM(F18:F21) -> 0 | W12: =SUM(G18:G21) -> 0 | X12: =SUM(H18:H21) -> 0 | Y12: =SUM(I18:I21) -> 3 | Z12: =SUM(J18:J21) -> 3 | ... AF12: =SUM(P18:P21) -> 175
B13: 07.45 - 08.00 | C13: 1 | D13: 0 | E13: 0 | F13: 1 | G13: 0 | H13: 0 | I13: 0 | J13: 0 | K13: 0 | L13: 0 | M13: 20 | N13: 0 | O13: =SUM(C13:L13,N13) -> 2 | P13: =SUM(C13:N13) -> 22 | R13: 1000-1100 | S13: =SUM(C22:C25) -> 17 | T13: =SUM(D22:D25) -> 2 | U13: =SUM(E22:E25) -> 4 | V13: =SUM(F22:F25) -> 2 | W13: =SUM(G22:G25) -> 0 | X13: =SUM(H22:H25) -> 0 | Y13: =SUM(I22:I25) -> 4 | Z13: =SUM(J22:J25) -> 2 | ... AF13: =SUM(P22:P25) -> 207
B14: 08.00 - 08.15 | C14: 0 | D14: 0 | E14: 0 | F14: 1 | G14: 0 | H14: 0 | I14: 0 | J14: 0 | K14: 0 | L14: 1 | M14: 27 | N14: 0 | O14: =SUM(C14:L14,N14) -> 2 | P14: =SUM(C14:N14) -> 29 | R14: 1100-1200 | S14: =SUM(C26:C29) -> 36 | T14: =SUM(D26:D29) -> 0 | U14: =SUM(E26:E29) -> 4 | V14: =SUM(F26:F29) -> 0 | W14: =SUM(G26:G29) -> 0 | X14: =SUM(H26:H29) -> 0 | Y14: =SUM(I26:I29) -> 4 | Z14: =SUM(J26:J29) -> 3 | ... AF14: =SUM(P26:P29) -> 248
B15: 08.15 - 08.30 | C15: 3 | D15: 0 | E15: 1 | F15: 0 | G15: 0 | H15: 0 | I15: 1 | J15: 1 | K15: 0 | L15: 0 | M15: 19 | N15: 0 | O15: =SUM(C15:L15,N15) -> 6 | P15: =SUM(C15:N15) -> 25 | R15: 1200-1300 | S15: =SUM(C30:C33) -> 9 | T15: =SUM(D30:D33) -> 2 | U15: =SUM(E30:E33) -> 5 | V15: =SUM(F30:F33) -> 3 | W15: =SUM(G30:G33) -> 0 | X15: =SUM(H30:H33) -> 0 | Y15: =SUM(I30:I33) -> 2 | Z15: =SUM(J30:J33) -> 0 | ... AF15: =SUM(P30:P33) -> 180
B16: 08.30 - 08.45 | C16: 4 | D16: 0 | E16: 0 | F16: 0 | G16: 0 | H16: 0 | I16: 0 | J16: 2 | K16: 0 | L16: 0 | M16: 25 | N16: 0 | O16: =SUM(C16:L16,N16) -> 6 | P16: =SUM(C16:N16) -> 31 | R16: 1300-1400 | S16: =SUM(C34:C37) -> 25 | T16: =SUM(D34:D37) -> 2 | U16: =SUM(E34:E37) -> 4 | V16: =SUM(F34:F37) -> 3 | W16: =SUM(G34:G37) -> 0 | X16: =SUM(H34:H37) -> 0 | Y16: =SUM(I34:I37) -> 2 | Z16: =SUM(J34:J37) -> 4 | ... AF16: =SUM(P34:P37) -> 202
B17: 08.45 - 9.00 | C17: 6 | D17: 0 | E17: 1 | F17: 1 | G17: 0 | H17: 0 | I17: 1 | J17: 2 | K17: 0 | L17: 0 | M17: 37 | N17: 0 | O17: =SUM(C17:L17,N17) -> 11 | P17: =SUM(C17:N17) -> 48 | R17: 1400-1500 | S17: =SUM(C38:C41) -> 24 | T17: =SUM(D38:D41) -> 0 | U17: =SUM(E38:E41) -> 1 | V17: =SUM(F38:F41) -> 3 | W17: =SUM(G38:G41) -> 0 | X17: =SUM(H38:H41) -> 0 | Y17: =SUM(I38:I41) -> 3 | Z17: =SUM(J38:J41) -> 1 | ... AF17: =SUM(P38:P41) -> 166
B18: 09.00 - 09.15 | C18: 5 | D18: 0 | E18: 0 | F18: 0 | G18: 0 | H18: 0 | I18: 0 | J18: 1 | K18: 0 | L18: 0 | M18: 35 | N18: 0 | O18: =SUM(C18:L18,N18) -> 6 | P18: =SUM(C18:N18) -> 41 | R18: 1500-1600 | S18: =SUM(C42:C45) -> 29 | T18: =SUM(D42:D45) -> 0 | U18: =SUM(E42:E45) -> 4 | V18: =SUM(F42:F45) -> 1 | W18: =SUM(G42:G45) -> 0 | X18: =SUM(H42:H45) -> 0 | Y18: =SUM(I42:I45) -> 2 | Z18: =SUM(J42:J45) -> 1 | ... AF18: =SUM(P42:P45) -> 163
B19: 09.15 - 09.30 | C19: 5 | D19: 0 | E19: 1 | F19: 0 | G19: 0 | H19: 0 | I19: 1 | J19: 1 | K19: 0 | L19: 0 | M19: 26 | N19: 0 | O19: =SUM(C19:L19,N19) -> 8 | P19: =SUM(C19:N19) -> 34 | R19: 1600-1700 | S19: =SUM(C46:C49) -> 33 | T19: =SUM(D46:D49) -> 2 | U19: =SUM(E46:E49) -> 1 | V19: =SUM(F46:F49) -> 2 | W19: =SUM(G46:G49) -> 0 | X19: =SUM(H46:H49) -> 0 | Y19: =SUM(I46:I49) -> 3 | Z19: =SUM(J46:J49) -> 0 | ... AF19: =SUM(P46:P49) -> 187
B20: 09.30 - 09.45 | C20: 4 | D20: 0 | E20: 0 | F20: 0 | G20: 0 | H20: 0 | I20: 1 | J20: 0 | K20: 0 | L20: 0 | M20: 49 | N20: 0 | O20: =SUM(C20:L20,N20) -> 5 | P20: =SUM(C20:N20) -> 54 | R20: 1700-1800 | S20: =SUM(C50:C53) -> 26 | T20: =SUM(D50:D53) -> 5 | U20: =SUM(E50:E53) -> 6 | V20: =SUM(F50:F53) -> 0 | W20: =SUM(G50:G53) -> 0 | X20: =SUM(H50:H53) -> 0 | Y20: =SUM(I50:I53) -> 4 | Z20: =SUM(J50:J53) -> 1 | ... AF20: =SUM(P50:P53) -> 183
B21: 09.45 - 10.00 | C21: 4 | D21: 1 | E21: 1 | F21: 0 | G21: 0 | H21: 0 | I21: 1 | J21: 1 | K21: 0 | L21: 0 | M21: 38 | N21: 0 | O21: =SUM(C21:L21,N21) -> 8 | P21: =SUM(C21:N21) -> 46 | R21: 1800-1900 | S21: =SUM(C54:C57) -> 23 | T21: =SUM(D54:D57) -> 1 | U21: =SUM(E54:E57) -> 3 | V21: =SUM(F54:F57) -> 1 | W21: =SUM(G54:G57) -> 0 | X21: =SUM(H54:H57) -> 0 | Y21: =SUM(I54:I57) -> 4 | Z21: =SUM(J54:J57) -> 1 | ... AF21: =SUM(P54:P57) -> 162
B22: 10.00 - 10.15 | C22: 4 | D22: 2 | E22: 1 | F22: 1 | G22: 0 | H22: 0 | I22: 0 | J22: 2 | K22: 0 | L22: 0 | M22: 35 | N22: 0 | O22: =SUM(C22:L22,N22) -> 10 | P22: =SUM(C22:N22) -> 45 | R22: AM Peak Hr | S22: =MAX(S10:S12) -> 18 | T22: =MAX(T10:T12) -> 1 | U22: =MAX(U10:U12) -> 2 | V22: =MAX(V10:V12) -> 2 | W22: =MAX(W10:W12) -> 0 | X22: =MAX(X10:X12) -> 0 | Y22: =MAX(Y10:Y12) -> 3 | Z22: =MAX(Z10:Z12) -> 5 | ... AF22: =MAX(AF10:AF12) -> 175
B23: 10.15 - 10.30 | C23: 1 | D23: 0 | E23: 1 | F23: 1 | G23: 0 | H23: 0 | I23: 0 | J23: 0 | K23: 0 | L23: 0 | M23: 44 | N23: 0 | O23: =SUM(C23:L23,N23) -> 3 | P23: =SUM(C23:N23) -> 47 | R23: IP Peak Hr | S23: =MAX(S13:S18) -> 36 | T23: =MAX(T13:T18) -> 2 | U23: =MAX(U13:U18) -> 5 | V23: =MAX(V13:V18) -> 3 | W23: =MAX(W13:W18) -> 0 | X23: =MAX(X13:X18) -> 0 | Y23: =MAX(Y13:Y18) -> 4 | Z23: =MAX(Z13:Z18) -> 4 | ... AF23: =MAX(AF13:AF18) -> 248
B24: 10.30 - 10.45 | C24: 1 | D24: 0 | E24: 0 | F24: 0 | G24: 0 | H24: 0 | I24: 1 | J24: 0 | K24: 0 | L24: 1 | M24: 46 | N24: 0 | O24: =SUM(C24:L24,N24) -> 3 | P24: =SUM(C24:N24) -> 49 | R24: PM Peak Hr | S24: =MAX(S19:S21) -> 33 | T24: =MAX(T19:T21) -> 5 | U24: =MAX(U19:U21) -> 6 | V24: =MAX(V19:V21) -> 2 | W24: =MAX(W19:W21) -> 0 | X24: =MAX(X19:X21) -> 0 | Y24: =MAX(Y19:Y21) -> 4 | Z24: =MAX(Z19:Z21) -> 1 | ... AF24: =MAX(AF19:AF21) -> 187
B25: 10.45 - 11.00 | C25: 11 | D25: 0 | E25: 2 | F25: 0 | G25: 0 | H25: 0 | I25: 3 | J25: 0 | K25: 0 | L25: 0 | M25: 50 | N25: 0 | O25: =SUM(C25:L25,N25) -> 16 | P25: =SUM(C25:N25) -> 66 | R25: AM Period | S25: =SUM(S10:S12) -> 36 | T25: =SUM(T10:T12) -> 1 | U25: =SUM(U10:U12) -> 4 | V25: =SUM(V10:V12) -> 3 | W25: =SUM(W10:W12) -> 0 | X25: =SUM(X10:X12) -> 0 | Y25: =SUM(Y10:Y12) -> 6 | Z25: =SUM(Z10:Z12) -> 9 | ... AF25: =SUM(AF10:AF12) -> 363
B26: 11.00 - 11.15 | C26: 10 | D26: 0 | E26: 1 | F26: 0 | G26: 0 | H26: 0 | I26: 0 | J26: 2 | K26: 0 | L26: 0 | M26: 67 | N26: 0 | O26: =SUM(C26:L26,N26) -> 13 | P26: =SUM(C26:N26) -> 80 | R26: IP Period | S26: =SUM(S13:S18) -> 140 | T26: =SUM(T13:T18) -> 6 | U26: =SUM(U13:U18) -> 22 | V26: =SUM(V13:V18) -> 12 | W26: =SUM(W13:W18) -> 0 | X26: =SUM(X13:X18) -> 0 | Y26: =SUM(Y13:Y18) -> 17 | Z26: =SUM(Z13:Z18) -> 11 | ... AF26: =SUM(AF13:AF18) -> 1166
B27: 11.15 - 11.30 | C27: 8 | D27: 0 | E27: 1 | F27: 0 | G27: 0 | H27: 0 | I27: 0 | J27: 1 | K27: 0 | L27: 0 | M27: 42 | N27: 0 | O27: =SUM(C27:L27,N27) -> 10 | P27: =SUM(C27:N27) -> 52 | R27: PM Period | S27: =SUM(S19:S21) -> 82 | T27: =SUM(T19:T21) -> 8 | U27: =SUM(U19:U21) -> 10 | V27: =SUM(V19:V21) -> 3 | W27: =SUM(W19:W21) -> 0 | X27: =SUM(X19:X21) -> 0 | Y27: =SUM(Y19:Y21) -> 11 | Z27: =SUM(Z19:Z21) -> 2 | ... AF27: =SUM(AF19:AF21) -> 532
B28: 11.30 - 11.45 | C28: 12 | D28: 0 | E28: 1 | F28: 0 | G28: 0 | H28: 0 | I28: 1 | J28: 0 | K28: 0 | L28: 0 | M28: 52 | N28: 0 | O28: =SUM(C28:L28,N28) -> 14 | P28: =SUM(C28:N28) -> 66 | R28: 12 Hours | S28: =SUM(S10:S21) -> 258 | T28: =SUM(T10:T21) -> 15 | U28: =SUM(U10:U21) -> 36 | V28: =SUM(V10:V21) -> 18 | W28: =SUM(W10:W21) -> 0 | X28: =SUM(X10:X21) -> 0 | Y28: =SUM(Y10:Y21) -> 34 | Z28: =SUM(Z10:Z21) -> 22 | ... AF28: =SUM(AF10:AF21) -> 2061
B29: 11.45 - 12.00 | C29: 6 | D29: 0 | E29: 1 | F29: 0 | G29: 0 | H29: 0 | I29: 3 | J29: 0 | K29: 0 | L29: 0 | M29: 40 | N29: 0 | O29: =SUM(C29:L29,N29) -> 10 | P29: =SUM(C29:N29) -> 50
B30: 12.00 - 12.15 | C30: 3 | D30: 1 | E30: 2 | F30: 2 | G30: 0 | H30: 0 | I30: 0 | J30: 0 | K30: 0 | L30: 0 | M30: 46 | N30: 0 | O30: =SUM(C30:L30,N30) -> 8 | P30: =SUM(C30:N30) -> 54
B31: 12.15 - 12.30 | C31: 3 | D31: 0 | E31: 1 | F31: 0 | G31: 0 | H31: 0 | I31: 0 | J31: 0 | K31: 0 | L31: 0 | M31: 31 | N31: 0 | O31: =SUM(C31:L31,N31) -> 4 | P31: =SUM(C31:N31) -> 35
B32: 12.30 - 12.45 | C32: 2 | D32: 0 | E32: 2 | F32: 1 | G32: 0 | H32: 0 | I32: 1 | J32: 0 | K32: 0 | L32: 0 | M32: 50 | N32: 0 | O32: =SUM(C32:L32,N32) -> 6 | P32: =SUM(C32:N32) -> 56
B33: 12.45 - 13.00 | C33: 1 | D33: 1 | E33: 0 | F33: 0 | G33: 0 | H33: 0 | I33: 1 | J33: 0 | K33: 0 | L33: 0 | M33: 32 | N33: 0 | O33: =SUM(C33:L33,N33) -> 3 | P33: =SUM(C33:N33) -> 35
B34: 13.00 - 13.15 | C34: 6 | D34: 0 | E34: 1 | F34: 1 | G34: 0 | H34: 0 | I34: 1 | J34: 1 | K34: 0 | L34: 0 | M34: 41 | N34: 0 | O34: =SUM(C34:L34,N34) -> 10 | P34: =SUM(C34:N34) -> 51
B35: 13.15 - 13.30 | C35: 8 | D35: 2 | E35: 0 | F35: 0 | G35: 0 | H35: 0 | I35: 0 | J35: 1 | K35: 0 | L35: 0 | M35: 32 | N35: 0 | O35: =SUM(C35:L35,N35) -> 11 | P35: =SUM(C35:N35) -> 43
B36: 13.30 - 13.45 | C36: 3 | D36: 0 | E36: 2 | F36: 1 | G36: 0 | H36: 0 | I36: 0 | J36: 2 | K36: 0 | L36: 0 | M36: 48 | N36: 0 | O36: =SUM(C36:L36,N36) -> 8 | P36: =SUM(C36:N36) -> 56
B37: 13.45 - 14.00 | C37: 8 | D37: 0 | E37: 1 | F37: 1 | G37: 0 | H37: 0 | I37: 1 | J37: 0 | K37: 0 | L37: 1 | M37: 40 | N37: 0 | O37: =SUM(C37:L37,N37) -> 12 | P37: =SUM(C37:N37) -> 52
B38: 14.00 - 14.15 | C38: 6 | D38: 0 | E38: 1 | F38: 0 | G38: 0 | H38: 0 | I38: 0 | J38: 0 | K38: 0 | L38: 0 | M38: 20 | N38: 0 | O38: =SUM(C38:L38,N38) -> 7 | P38: =SUM(C38:N38) -> 27
B39: 14.15 - 14.30 | C39: 8 | D39: 0 | E39: 0 | F39: 1 | G39: 0 | H39: 0 | I39: 0 | J39: 1 | K39: 0 | L39: 0 | M39: 41 | N39: 0 | O39: =SUM(C39:L39,N39) -> 10 | P39: =SUM(C39:N39) -> 51
B40: 14.30 - 14.45 | C40: 4 | D40: 0 | E40: 0 | F40: 0 | G40: 0 | H40: 0 | I40: 2 | J40: 0 | K40: 0 | L40: 0 | M40: 35 | N40: 0 | O40: =SUM(C40:L40,N40) -> 6 | P40: =SUM(C40:N40) -> 41
... B57: 18.45 - 19.00 | C57: 2 | D57: 0 | E57: 0 | F57: 0 | G57: 0 | H57: 0 | I57: 1 | J57: 0 | K57: 0 | L57: 0 | M57: 24 | N57: 0 | O57: =SUM(C57:L57,N57) -> 3 | P57: =SUM(C57:N57) -> 27
B58: Totals | C58: =SUM(C10:C57) -> 258 | D58: =SUM(D10:D57) -> 15 | E58: =SUM(E10:E57) -> 36 | F58: =SUM(F10:F57) -> 18 | G58: =SUM(G10:G57) -> 0 | H58: =SUM(H10:H57) -> 0 | I58: =SUM(I10:I57) -> 34 | J58: =SUM(J10:J57) -> 22 | ... P58: =SUM(P10:P57) -> 2061
B59: %ges + MCs | C59: =C58/$P$58 -> 0.12518195 | D59: =D58/$P$58 -> 0.0072780204 | E59: =E58/$P$58 -> 0.017467249 | F59: =F58/$P$58 -> 0.0087336245 | G59: =G58/$P$58 -> 0 | H59: =H58/$P$58 -> 0 | I59: =I58/$P$58 -> 0.016496846 | J59: =J58/$P$58 -> 0.01067443 | ... N59: =N58/$P$58 -> 0
B60: %ges w/o MCs | C60: =C58/$O$58 -> 0.65316456 | D60: =D58/$O$58 -> 0.037974684 | E60: =E58/$O$58 -> 0.091139241 | F60: =F58/$O$58 -> 0.04556962 | G60: =G58/$O$58 -> 0 | H60: =H58/$O$58 -> 0 | I60: =I58/$O$58 -> 0.086075949 | J60: =J58/$O$58 -> 0.055696203 | ... L60: =L58/$O$58 -> 0.027848101 | N60: =N58/$O$58 -> 0

Sheet 27.10 HOIMA-KYENJOJO
B1: Consultancy services for Preparation of Expressway Development Master Plan (EDMP) for Uganda
B2: MANUAL CLASSIFIED COUNT (MCC)
B3: ROAD NAME: | C3: ='25.10 HOIMA-KYENJOJO'!C3:G3 -> MCC - C4 - STN108 - HOIMA ROAD
C5: Date | D5: ='27.10 KYENJOJO-HOIMA'!D5 -> 27.10.19 | F5: Location | G5: ='25.10 KYENJOJO-HOIMA'!G5:H5 -> KYENJOJO | J5: Surveyor | K5: ='25.10 KYENJOJO-HOIMA'!K5:L5 -> OLOYA FELIX
C6: Dir. From | D6: ='25.10 HOIMA-KYENJOJO'!D6:E6 -> HOIMA | F6: Dir. To | G6: ='25.10 HOIMA-KYENJOJO'!G6:H6 -> KYENJOJO | J6: Supervisor | K6: ='25.10 KYENJOJO-HOIMA'!K6:L6 -> FELIX
B8: Time / Veh Type | R8: SUMMARY TRAFFIC VOLUMES
C9: 1. Car | D9: 2. Station Wagon | E9: 3. Pickups | F9: 4. Minibus, matatu | G9: 5. Medium bus | H9: 6. Large Bus | I9: 7. Light Truck | J9: 8. Medium Truck | K9: 9. Heavy truck | L9: 10. Truck Trailer | M9: 11. Motor cycles | N9: 12. Tractors | O9: Total Excl M/Cycles | P9: Total All | R9: Time | S9: 1. Car | T9: 2. Station Wagon | U9: 3. Pickups | V9: 4. Minibus, matatu | W9: 5. Medium bus | X9: 6. Large Bus | Y9: 7. Light Truck | Z9: 8. Medium Truck | AA9: 9. Heavy truck | AB9: 10. Truck Trailer | AC9: 11. Motorcycles | AD9: 12. Tractors, Graders | AE9: Total Excl M/ Cycles | AF9: Total All
B10: 07.00 - 07.15 | C10: 0 | D10: 0 | E10: 0 | F10: 0 | G10: 0 | H10: 0 | I10: 0 | J10: 0 | K10: 0 | L10: 0 | M10: 7 | N10: 0 | O10: =SUM(C10:L10,N10) -> 0 | P10: =SUM(C10:N10) -> 7 | R10: 0700-0800 | S10: =SUM(C10:C13) -> 5 | T10: =SUM(D10:D13) -> 0 | U10: =SUM(E10:E13) -> 0 | V10: =SUM(F10:F13) -> 1 | W10: =SUM(G10:G13) -> 1 | X10: =SUM(H10:H13) -> 0 | Y10: =SUM(I10:I13) -> 0 | Z10: =SUM(J10:J13) -> 0 | ... AF10: =SUM(P10:P13) -> 71
B11: 07.15 - 07.30 | C11: 1 | D11: 0 | E11: 0 | F11: 0 | G11: 0 | H11: 0 | I11: 0 | J11: 0 | K11: 0 | L11: 0 | M11: 18 | N11: 0 | O11: =SUM(C11:L11,N11) -> 1 | P11: =SUM(C11:N11) -> 19 | R11: 0800-0900 | S11: =SUM(C14:C17) -> 17 | T11: =SUM(D14:D17) -> 0 | U11: =SUM(E14:E17) -> 1 | V11: =SUM(F14:F17) -> 1 | W11: =SUM(G14:G17) -> 0 | X11: =SUM(H14:H17) -> 0 | Y11: =SUM(I14:I17) -> 5 | Z11: =SUM(J14:J17) -> 3 | ... AF11: =SUM(P14:P17) -> 132
B12: 07.30 - 07.45 | C12: 3 | D12: 0 | E12: 0 | F12: 0 | G12: 1 | H12: 0 | I12: 0 | J12: 0 | K12: 0 | L12: 0 | M12: 13 | N12: 0 | O12: =SUM(C12:L12,N12) -> 4 | P12: =SUM(C12:N12) -> 17 | R12: 0900-1000 | S12: =SUM(C18:C21) -> 19 | T12: =SUM(D18:D21) -> 0 | U12: =SUM(E18:E21) -> 2 | V12: =SUM(F18:F21) -> 1 | W12: =SUM(G18:G21) -> 0 | X12: =SUM(H18:H21) -> 0 | Y12: =SUM(I18:I21) -> 1 | Z12: =SUM(J18:J21) -> 0 | ... AF12: =SUM(P18:P21) -> 157
B13: 07.45 - 08.00 | C13: 1 | D13: 0 | E13: 0 | F13: 1 | G13: 0 | H13: 0 | I13: 0 | J13: 0 | K13: 0 | L13: 0 | M13: 26 | N13: 0 | O13: =SUM(C13:L13,N13) -> 2 | P13: =SUM(C13:N13) -> 28 | R13: 1000-1100 | S13: =SUM(C22:C25) -> 26 | T13: =SUM(D22:D25) -> 2 | U13: =SUM(E22:E25) -> 2 | V13: =SUM(F22:F25) -> 3 | W13: =SUM(G22:G25) -> 0 | X13: =SUM(H22:H25) -> 0 | Y13: =SUM(I22:I25) -> 3 | Z13: =SUM(J22:J25) -> 3 | ... AF13: =SUM(P22:P25) -> 196
B14: 08.00 - 08.15 | C14: 0 | D14: 0 | E14: 0 | F14: 1 | G14: 0 | H14: 0 | I14: 1 | J14: 1 | K14: 0 | L14: 0 | M14: 19 | N14: 0 | O14: =SUM(C14:L14,N14) -> 3 | P14: =SUM(C14:N14) -> 22 | R14: 1100-1200 | S14: =SUM(C26:C29) -> 28 | T14: =SUM(D26:D29) -> 2 | U14: =SUM(E26:E29) -> 3 | V14: =SUM(F26:F29) -> 1 | W14: =SUM(G26:G29) -> 0 | X14: =SUM(H26:H29) -> 1 | Y14: =SUM(I26:I29) -> 4 | Z14: =SUM(J26:J29) -> 5 | ... AF14: =SUM(P26:P29) -> 250
B15: 08.15 - 08.30 | C15: 5 | D15: 0 | E15: 1 | F15: 0 | G15: 0 | H15: 0 | I15: 1 | J15: 2 | K15: 0 | L15: 0 | M15: 25 | N15: 0 | O15: =SUM(C15:L15,N15) -> 9 | P15: =SUM(C15:N15) -> 34 | R15: 1200-1300 | S15: =SUM(C30:C33) -> 19 | T15: =SUM(D30:D33) -> 1 | U15: =SUM(E30:E33) -> 5 | V15: =SUM(F30:F33) -> 2 | W15: =SUM(G30:G33) -> 0 | X15: =SUM(H30:H33) -> 0 | Y15: =SUM(I30:I33) -> 3 | Z15: =SUM(J30:J33) -> 3 | ... AF15: =SUM(P30:P33) -> 196
B16: 08.30 - 08.45 | C16: 5 | D16: 0 | E16: 0 | F16: 0 | G16: 0 | H16: 0 | I16: 1 | J16: 0 | K16: 0 | L16: 0 | M16: 30 | N16: 0 | O16: =SUM(C16:L16,N16) -> 6 | P16: =SUM(C16:N16) -> 36 | R16: 1300-1400 | S16: =SUM(C34:C37) -> 25 | T16: =SUM(D34:D37) -> 6 | U16: =SUM(E34:E37) -> 6 | V16: =SUM(F34:F37) -> 4 | W16: =SUM(G34:G37) -> 0 | X16: =SUM(H34:H37) -> 0 | Y16: =SUM(I34:I37) -> 3 | Z16: =SUM(J34:J37) -> 6 | ... AF16: =SUM(P34:P37) -> 203
B17: 08.45 - 9.00 | C17: 7 | D17: 0 | E17: 0 | F17: 0 | G17: 0 | H17: 0 | I17: 2 | J17: 0 | K17: 0 | L17: 0 | M17: 31 | N17: 0 | O17: =SUM(C17:L17,N17) -> 9 | P17: =SUM(C17:N17) -> 40 | R17: 1400-1500 | S17: =SUM(C38:C41) -> 21 | T17: =SUM(D38:D41) -> 1 | U17: =SUM(E38:E41) -> 2 | V17: =SUM(F38:F41) -> 3 | W17: =SUM(G38:G41) -> 0 | X17: =SUM(H38:H41) -> 0 | Y17: =SUM(I38:I41) -> 3 | Z17: =SUM(J38:J41) -> 2 | ... AF17: =SUM(P38:P41) -> 166
B18: 09.00 - 09.15 | C18: 4 | D18: 0 | E18: 0 | F18: 0 | G18: 0 | H18: 0 | I18: 1 | J18: 0 | K18: 0 | L18: 0 | M18: 41 | N18: 0 | O18: =SUM(C18:L18,N18) -> 5 | P18: =SUM(C18:N18) -> 46 | R18: 1500-1600 | S18: =SUM(C42:C45) -> 27 | T18: =SUM(D42:D45) -> 1 | U18: =SUM(E42:E45) -> 3 | V18: =SUM(F42:F45) -> 3 | W18: =SUM(G42:G45) -> 0 | X18: =SUM(H42:H45) -> 0 | Y18: =SUM(I42:I45) -> 4 | Z18: =SUM(J42:J45) -> 2 | ... AF18: =SUM(P42:P45) -> 194
B19: 09.15 - 09.30 | C19: 6 | D19: 0 | E19: 1 | F19: 1 | G19: 0 | H19: 0 | I19: 0 | J19: 0 | K19: 0 | L19: 0 | M19: 31 | N19: 0 | O19: =SUM(C19:L19,N19) -> 8 | P19: =SUM(C19:N19) -> 39 | R19: 1600-1700 | S19: =SUM(C46:C49) -> 29 | T19: =SUM(D46:D49) -> 2 | U19: =SUM(E46:E49) -> 1 | V19: =SUM(F46:F49) -> 2 | W19: =SUM(G46:G49) -> 0 | X19: =SUM(H46:H49) -> 0 | Y19: =SUM(I46:I49) -> 1 | Z19: =SUM(J46:J49) -> 0 | ... AF19: =SUM(P46:P49) -> 190
B20: 09.30 - 09.45 | C20: 5 | D20: 0 | E20: 0 | F20: 0 | G20: 0 | H20: 0 | I20: 0 | J20: 0 | K20: 0 | L20: 0 | M20: 25 | N20: 0 | O20: =SUM(C20:L20,N20) -> 5 | P20: =SUM(C20:N20) -> 30 | R20: 1700-1800 | S20: =SUM(C50:C53) -> 14 | T20: =SUM(D50:D53) -> 3 | U20: =SUM(E50:E53) -> 3 | V20: =SUM(F50:F53) -> 1 | W20: =SUM(G50:G53) -> 0 | X20: =SUM(H50:H53) -> 1 | Y20: =SUM(I50:I53) -> 1 | Z20: =SUM(J50:J53) -> 2 | ... AF20: =SUM(P50:P53) -> 155
B21: 09.45 - 10.00 | C21: 4 | D21: 0 | E21: 1 | F21: 0 | G21: 0 | H21: 0 | I21: 0 | J21: 0 | K21: 0 | L21: 0 | M21: 37 | N21: 0 | O21: =SUM(C21:L21,N21) -> 5 | P21: =SUM(C21:N21) -> 42 | R21: 1800-1900 | S21: =SUM(C54:C57) -> 14 | T21: =SUM(D54:D57) -> 2 | U21: =SUM(E54:E57) -> 2 | V21: =SUM(F54:F57) -> 4 | W21: =SUM(G54:G57) -> 0 | X21: =SUM(H54:H57) -> 0 | Y21: =SUM(I54:I57) -> 4 | Z21: =SUM(J54:J57) -> 4 | ... AF21: =SUM(P54:P57) -> 149
B22: 10.00 - 10.15 | C22: 11 | D22: 2 | E22: 1 | F22: 1 | G22: 0 | H22: 0 | I22: 0 | J22: 0 | K22: 0 | L22: 0 | M22: 37 | N22: 0 | O22: =SUM(C22:L22,N22) -> 15 | P22: =SUM(C22:N22) -> 52 | R22: AM Peak Hr | S22: =MAX(S10:S12) -> 19 | T22: =MAX(T10:T12) -> 0 | U22: =MAX(U10:U12) -> 2 | V22: =MAX(V10:V12) -> 1 | W22: =MAX(W10:W12) -> 1 | X22: =MAX(X10:X12) -> 0 | Y22: =MAX(Y10:Y12) -> 5 | Z22: =MAX(Z10:Z12) -> 3 | ... AF22: =MAX(AF10:AF12) -> 157
B23: 10.15 - 10.30 | C23: 9 | D23: 0 | E23: 1 | F23: 0 | G23: 0 | H23: 0 | I23: 1 | J23: 1 | K23: 0 | L23: 0 | M23: 36 | N23: 0 | O23: =SUM(C23:L23,N23) -> 12 | P23: =SUM(C23:N23) -> 48 | R23: IP Peak Hr | S23: =MAX(S13:S18) -> 28 | T23: =MAX(T13:T18) -> 6 | U23: =MAX(U13:U18) -> 6 | V23: =MAX(V13:V18) -> 4 | W23: =MAX(W13:W18) -> 0 | X23: =MAX(X13:X18) -> 1 | Y23: =MAX(Y13:Y18) -> 4 | Z23: =MAX(Z13:Z18) -> 6 | ... AF23: =MAX(AF13:AF18) -> 250
B24: 10.30 - 10.45 | C24: 2 | D24: 0 | E24: 0 | F24: 0 | G24: 0 | H24: 0 | I24: 1 | J24: 0 | K24: 0 | L24: 0 | M24: 45 | N24: 1 | O24: =SUM(C24:L24,N24) -> 4 | P24: =SUM(C24:N24) -> 49 | R24: PM Peak Hr | S24: =MAX(S19:S21) -> 29 | T24: =MAX(T19:T21) -> 3 | U24: =MAX(U19:U21) -> 3 | V24: =MAX(V19:V21) -> 4 | W24: =MAX(W19:W21) -> 0 | X24: =MAX(X19:X21) -> 1 | Y24: =MAX(Y19:Y21) -> 4 | Z24: =MAX(Z19:Z21) -> 4 | ... AF24: =MAX(AF19:AF21) -> 190
B25: 10.45 - 11.00 | C25: 4 | D25: 0 | E25: 0 | F25: 2 | G25: 0 | H25: 0 | I25: 1 | J25: 2 | K25: 0 | L25: 1 | M25: 37 | N25: 0 | O25: =SUM(C25:L25,N25) -> 10 | P25: =SUM(C25:N25) -> 47 | R25: AM Period | S25: =SUM(S10:S12) -> 41 | T25: =SUM(T10:T12) -> 0 | U25: =SUM(U10:U12) -> 3 | V25: =SUM(V10:V12) -> 3 | W25: =SUM(W10:W12) -> 1 | X25: =SUM(X10:X12) -> 0 | Y25: =SUM(Y10:Y12) -> 6 | Z25: =SUM(Z10:Z12) -> 3 | ... AF25: =SUM(AF10:AF12) -> 360
B26: 11.00 - 11.15 | C26: 6 | D26: 1 | E26: 0 | F26: 0 | G26: 0 | H26: 0 | I26: 1 | J26: 4 | K26: 1 | L26: 0 | M26: 62 | N26: 1 | O26: =SUM(C26:L26,N26) -> 14 | P26: =SUM(C26:N26) -> 76 | R26: IP Period | S26: =SUM(S13:S18) -> 146 | T26: =SUM(T13:T18) -> 13 | U26: =SUM(U13:U18) -> 21 | V26: =SUM(V13:V18) -> 16 | W26: =SUM(W13:W18) -> 0 | X26: =SUM(X13:X18) -> 1 | Y26: =SUM(Y13:Y18) -> 20 | Z26: =SUM(Z13:Z18) -> 21 | ... AF26: =SUM(AF13:AF18) -> 1205
B27: 11.15 - 11.30 | C27: 5 | D27: 1 | E27: 1 | F27: 1 | G27: 0 | H27: 0 | I27: 0 | J27: 0 | K27: 0 | L27: 0 | M27: 50 | N27: 0 | O27: =SUM(C27:L27,N27) -> 8 | P27: =SUM(C27:N27) -> 58 | R27: PM Period | S27: =SUM(S19:S21) -> 57 | T27: =SUM(T19:T21) -> 7 | U27: =SUM(U19:U21) -> 6 | V27: =SUM(V19:V21) -> 7 | W27: =SUM(W19:W21) -> 0 | X27: =SUM(X19:X21) -> 1 | Y27: =SUM(Y19:Y21) -> 6 | Z27: =SUM(Z19:Z21) -> 6 | ... AF27: =SUM(AF19:AF21) -> 494
B28: 11.30 - 11.45 | C28: 13 | D28: 0 | E28: 0 | F28: 0 | G28: 0 | H28: 0 | I28: 3 | J28: 1 | K28: 0 | L28: 0 | M28: 51 | N28: 0 | O28: =SUM(C28:L28,N28) -> 17 | P28: =SUM(C28:N28) -> 68 | R28: 12 Hours | S28: =SUM(S10:S21) -> 244 | T28: =SUM(T10:T21) -> 20 | U28: =SUM(U10:U21) -> 30 | V28: =SUM(V10:V21) -> 26 | W28: =SUM(W10:W21) -> 1 | X28: =SUM(X10:X21) -> 2 | Y28: =SUM(Y10:Y21) -> 32 | Z28: =SUM(Z10:Z21) -> 30 | ... AF28: =SUM(AF10:AF21) -> 2059
B29: 11.45 - 12.00 | C29: 4 | D29: 0 | E29: 2 | F29: 0 | G29: 0 | H29: 1 | I29: 0 | J29: 0 | K29: 0 | L29: 0 | M29: 41 | N29: 0 | O29: =SUM(C29:L29,N29) -> 7 | P29: =SUM(C29:N29) -> 48
B30: 12.00 - 12.15 | C30: 5 | D30: 0 | E30: 2 | F30: 1 | G30: 0 | H30: 0 | I30: 2 | J30: 0 | K30: 0 | L30: 0 | M30: 45 | N30: 0 | O30: =SUM(C30:L30,N30) -> 10 | P30: =SUM(C30:N30) -> 55
B31: 12.15 - 12.30 | C31: 6 | D31: 0 | E31: 2 | F31: 1 | G31: 0 | H31: 0 | I31: 0 | J31: 0 | K31: 0 | L31: 0 | M31: 41 | N31: 0 | O31: =SUM(C31:L31,N31) -> 9 | P31: =SUM(C31:N31) -> 50
B32: 12.30 - 12.45 | C32: 3 | D32: 1 | E32: 0 | F32: 0 | G32: 0 | H32: 0 | I32: 1 | J32: 0 | K32: 3 | L32: 0 | M32: 39 | N32: 0 | O32: =SUM(C32:L32,N32) -> 8 | P32: =SUM(C32:N32) -> 47
B33: 12.45 - 13.00 | C33: 5 | D33: 0 | E33: 1 | F33: 0 | G33: 0 | H33: 0 | I33: 0 | J33: 3 | K33: 1 | L33: 0 | M33: 34 | N33: 0 | O33: =SUM(C33:L33,N33) -> 10 | P33: =SUM(C33:N33) -> 44
B34: 13.00 - 13.15 | C34: 4 | D34: 1 | E34: 3 | F34: 0 | G34: 0 | H34: 0 | I34: 0 | J34: 2 | K34: 0 | L34: 0 | M34: 31 | N34: 0 | O34: =SUM(C34:L34,N34) -> 10 | P34: =SUM(C34:N34) -> 41
B35: 13.15 - 13.30 | C35: 5 | D35: 3 | E35: 1 | F35: 1 | G35: 0 | H35: 0 | I35: 0 | J35: 1 | K35: 0 | L35: 0 | M35: 52 | N35: 0 | O35: =SUM(C35:L35,N35) -> 11 | P35: =SUM(C35:N35) -> 63
B36: 13.30 - 13.45 | C36: 7 | D36: 2 | E36: 2 | F36: 1 | G36: 0 | H36: 0 | I36: 3 | J36: 1 | K36: 0 | L36: 0 | M36: 29 | N36: 0 | O36: =SUM(C36:L36,N36) -> 16 | P36: =SUM(C36:N36) -> 45
B37: 13.45 - 14.00 | C37: 9 | D37: 0 | E37: 0 | F37: 2 | G37: 0 | H37: 0 | I37: 0 | J37: 2 | K37: 0 | L37: 0 | M37: 41 | N37: 0 | O37: =SUM(C37:L37,N37) -> 13 | P37: =SUM(C37:N37) -> 54
B38: 14.00 - 14.15 | C38: 6 | D38: 0 | E38: 1 | F38: 1 | G38: 0 | H38: 0 | I38: 0 | J38: 2 | K38: 0 | L38: 0 | M38: 38 | N38: 0 | O38: =SUM(C38:L38,N38) -> 10 | P38: =SUM(C38:N38) -> 48
B39: 14.15 - 14.30 | C39: 5 | D39: 0 | E39: 1 | F39: 0 | G39: 0 | H39: 0 | I39: 0 | J39: 0 | K39: 0 | L39: 0 | M39: 28 | N39: 0 | O39: =SUM(C39:L39,N39) -> 6 | P39: =SUM(C39:N39) -> 34
B40: 14.30 - 14.45 | C40: 7 | D40: 1 | E40: 0 | F40: 1 | G40: 0 | H40: 0 | I40: 2 | J40: 0 | K40: 1 | L40: 0 | M40: 31 | N40: 0 | O40: =SUM(C40:L40,N40) -> 12 | P40: =SUM(C40:N40) -> 43
... B57: 18.45 - 19.00 | C57: 1 | D57: 0 | E57: 0 | F57: 0 | G57: 0 | H57: 0 | I57: 0 | J57: 0 | K57: 2 | L57: 0 | M57: 15 | N57: 0 | O57: =SUM(C57:L57,N57) -> 3 | P57: =SUM(C57:N57) -> 18
B58: Totals | C58: =SUM(C10:C57) -> 244 | D58: =SUM(D10:D57) -> 20 | E58: =SUM(E10:E57) -> 30 | F58: =SUM(F10:F57) -> 26 | G58: =SUM(G10:G57) -> 1 | H58: =SUM(H10:H57) -> 2 | I58: =SUM(I10:I57) -> 32 | J58: =SUM(J10:J57) -> 30 | ... P58: =SUM(P10:P57) -> 2059
B59: %ges + MCs | C59: =C58/$P$58 -> 0.11850413 | D59: =D58/$P$58 -> 0.0097134531 | E59: =E58/$P$58 -> 0.01457018 | F59: =F58/$P$58 -> 0.012627489 | G59: =G58/$P$58 -> 0.00048567266 | H59: =H58/$P$58 -> 0.00097134531 | I59: =I58/$P$58 -> 0.015541525 | J59: =J58/$P$58 -> 0.01457018 | ... N59: =N58/$P$58 -> 0.00097134531
B60: %ges w/o MCs | C60: =C58/$O$58 -> 0.6039604 | D60: =D58/$O$58 -> 0.04950495 | E60: =E58/$O$58 -> 0.074257426 | F60: =F58/$O$58 -> 0.064356436 | G60: =G58/$O$58 -> 0.0024752475 | H60: =H58/$O$58 -> 0.004950495 | I60: =I58/$O$58 -> 0.079207921 | J60: =J58/$O$58 -> 0.074257426 | ... L60: =L58/$O$58 -> 0.004950495 | N60: =N58/$O$58 -> 0.004950495

Sheet 28.10 KYENJOJO-HOIMA-24h
B1: Consultancy services for Preparation of Expressway Development Master Plan (EDMP) for Uganda
B2: MANUAL CLASSIFIED COUNT (MCC)
B3: ROAD NAME: | C3: ='25.10 KYENJOJO-HOIMA'!C3:G3 -> MCC - C4 - STN108 - HOIMA ROAD
C5: Date | D5: 27.07.19 | F5: Location | G5: ='26.10 HOIMA-KYENJOJO-24h'!G5:H5 -> KYENJOJO | J5: Surveyor | K5: ='26.10 HOIMA-KYENJOJO-24h'!K5:L5 -> STEVEN
C6: Dir. From | D6: ='25.10 KYENJOJO-HOIMA'!D6:E6 -> KYENJOJO | F6: Dir. To | G6: ='25.10 KYENJOJO-HOIMA'!G6:H6 -> HOIMA | J6: Supervisor | K6: ='26.10 HOIMA-KYENJOJO-24h'!K6:L6 -> FELIX
B8: Time / Veh Type | R8: SUMMARY TRAFFIC VOLUMES
C9: 1. Car | D9: 2. Station Wagon | E9: 3. Pickups | F9: 4. Minibus, matatu | G9: 5. Medium bus | H9: 6. Large Bus | I9: 7. Light Truck | J9: 8. Medium Truck | K9: 9. Heavy truck | L9: 10. Truck Trailer | M9: 11. Motor cycles | N9: 12. Tractors | O9: Total Excl M/Cycles | P9: Total All | R9: Time | S9: 1. Car | T9: 2. Station Wagon | U9: 3. Pickups | V9: 4. Minibus, matatu | W9: 5. Medium bus | X9: 6. Large Bus | Y9: 7. Light Truck | Z9: 8. Medium Truck | AA9: 9. Heavy truck | AB9: 10. Truck Trailer | AC9: 11. Motorcycles | AD9: 12. Tractors, Graders | AE9: Total Excl M/ Cycles | AF9: Total All
B10: 07.00 - 07.15 | C10: 0 | D10: 0 | E10: 0 | F10: 0 | G10: 0 | H10: 0 | I10: 0 | J10: 0 | K10: 0 | L10: 0 | M10: 0 | N10: 0 | O10: =SUM(C10:L10,N10) -> 0 | P10: =SUM(C10:N10) -> 0 | R10: 0700-0800 | S10: =SUM(C10:C13) -> 7 | T10: =SUM(D10:D13) -> 2 | U10: =SUM(E10:E13) -> 1 | V10: =SUM(F10:F13) -> 3 | W10: =SUM(G10:G13) -> 0 | X10: =SUM(H10:H13) -> 0 | Y10: =SUM(I10:I13) -> 1 | Z10: =SUM(J10:J13) -> 2 | ... AF10: =SUM(P10:P13) -> 95
B11: 07.15 - 07.30 | C11: 1 | D11: 1 | E11: 0 | F11: 2 | G11: 0 | H11: 0 | I11: 0 | J11: 0 | K11: 0 | L11: 1 | M11: 27 | N11: 0 | O11: =SUM(C11:L11,N11) -> 5 | P11: =SUM(C11:N11) -> 32 | R11: 0800-0900 | S11: =SUM(C14:C17) -> 25 | T11: =SUM(D14:D17) -> 3 | U11: =SUM(E14:E17) -> 1 | V11: =SUM(F14:F17) -> 2 | W11: =SUM(G14:G17) -> 0 | X11: =SUM(H14:H17) -> 0 | Y11: =SUM(I14:I17) -> 4 | Z11: =SUM(J14:J17) -> 3 | ... AF11: =SUM(P14:P17) -> 156
B12: 07.30 - 07.45 | C12: 3 | D12: 1 | E12: 0 | F12: 1 | G12: 0 | H12: 0 | I12: 1 | J12: 2 | K12: 0 | L12: 1 | M12: 34 | N12: 0 | O12: =SUM(C12:L12,N12) -> 9 | P12: =SUM(C12:N12) -> 43 | R12: 0900-1000 | S12: =SUM(C18:C21) -> 28 | T12: =SUM(D18:D21) -> 0 | U12: =SUM(E18:E21) -> 2 | V12: =SUM(F18:F21) -> 5 | W12: =SUM(G18:G21) -> 0 | X12: =SUM(H18:H21) -> 0 | Y12: =SUM(I18:I21) -> 4 | Z12: =SUM(J18:J21) -> 2 | ... AF12: =SUM(P18:P21) -> 135
B13: 07.45 - 08.00 | C13: 3 | D13: 0 | E13: 1 | F13: 0 | G13: 0 | H13: 0 | I13: 0 | J13: 0 | K13: 0 | L13: 0 | M13: 16 | N13: 0 | O13: =SUM(C13:L13,N13) -> 4 | P13: =SUM(C13:N13) -> 20 | R13: 1000-1100 | S13: =SUM(C22:C25) -> 32 | T13: =SUM(D22:D25) -> 3 | U13: =SUM(E22:E25) -> 4 | V13: =SUM(F22:F25) -> 3 | W13: =SUM(G22:G25) -> 0 | X13: =SUM(H22:H25) -> 0 | Y13: =SUM(I22:I25) -> 1 | Z13: =SUM(J22:J25) -> 0 | ... AF13: =SUM(P22:P25) -> 175
B14: 08.00 - 08.15 | C14: 6 | D14: 1 | E14: 0 | F14: 1 | G14: 0 | H14: 0 | I14: 3 | J14: 0 | K14: 0 | L14: 0 | M14: 33 | N14: 0 | O14: =SUM(C14:L14,N14) -> 11 | P14: =SUM(C14:N14) -> 44 | R14: 1100-1200 | S14: =SUM(C26:C29) -> 21 | T14: =SUM(D26:D29) -> 1 | U14: =SUM(E26:E29) -> 4 | V14: =SUM(F26:F29) -> 2 | W14: =SUM(G26:G29) -> 0 | X14: =SUM(H26:H29) -> 0 | Y14: =SUM(I26:I29) -> 2 | Z14: =SUM(J26:J29) -> 4 | ... AF14: =SUM(P26:P29) -> 132
B15: 08.15 - 08.30 | C15: 8 | D15: 2 | E15: 1 | F15: 0 | G15: 0 | H15: 0 | I15: 1 | J15: 0 | K15: 0 | L15: 0 | M15: 42 | N15: 0 | O15: =SUM(C15:L15,N15) -> 12 | P15: =SUM(C15:N15) -> 54 | R15: 1200-1300 | S15: =SUM(C30:C33) -> 15 | T15: =SUM(D30:D33) -> 2 | U15: =SUM(E30:E33) -> 4 | V15: =SUM(F30:F33) -> 2 | W15: =SUM(G30:G33) -> 2 | X15: =SUM(H30:H33) -> 0 | Y15: =SUM(I30:I33) -> 4 | Z15: =SUM(J30:J33) -> 3 | ... AF15: =SUM(P30:P33) -> 151
B16: 08.30 - 08.45 | C16: 8 | D16: 0 | E16: 0 | F16: 1 | G16: 0 | H16: 0 | I16: 0 | J16: 3 | K16: 0 | L16: 0 | M16: 28 | N16: 0 | O16: =SUM(C16:L16,N16) -> 12 | P16: =SUM(C16:N16) -> 40 | R16: 1300-1400 | S16: =SUM(C34:C37) -> 19 | T16: =SUM(D34:D37) -> 1 | U16: =SUM(E34:E37) -> 10 | V16: =SUM(F34:F37) -> 2 | W16: =SUM(G34:G37) -> 0 | X16: =SUM(H34:H37) -> 0 | Y16: =SUM(I34:I37) -> 2 | Z16: =SUM(J34:J37) -> 3 | ... AF16: =SUM(P34:P37) -> 152
B17: 08.45 - 9.00 | C17: 3 | D17: 0 | E17: 0 | F17: 0 | G17: 0 | H17: 0 | I17: 0 | J17: 0 | K17: 0 | L17: 0 | M17: 15 | N17: 0 | O17: =SUM(C17:L17,N17) -> 3 | P17: =SUM(C17:N17) -> 18 | R17: 1400-1500 | S17: =SUM(C38:C41) -> 11 | T17: =SUM(D38:D41) -> 1 | U17: =SUM(E38:E41) -> 3 | V17: =SUM(F38:F41) -> 3 | W17: =SUM(G38:G41) -> 0 | X17: =SUM(H38:H41) -> 0 | Y17: =SUM(I38:I41) -> 5 | Z17: =SUM(J38:J41) -> 0 | ... AF17: =SUM(P38:P41) -> 139
B18: 09.00 - 09.15 | C18: 14 | D18: 0 | E18: 1 | F18: 5 | G18: 0 | H18: 0 | I18: 3 | J18: 2 | K18: 0 | L18: 0 | M18: 35 | N18: 0 | O18: =SUM(C18:L18,N18) -> 25 | P18: =SUM(C18:N18) -> 60 | R18: 1500-1600 | S18: =SUM(C42:C45) -> 20 | T18: =SUM(D42:D45) -> 2 | U18: =SUM(E42:E45) -> 11 | V18: =SUM(F42:F45) -> 4 | W18: =SUM(G42:G45) -> 1 | X18: =SUM(H42:H45) -> 0 | Y18: =SUM(I42:I45) -> 1 | Z18: =SUM(J42:J45) -> 1 | ... AF18: =SUM(P42:P45) -> 192
B19: 09.15 - 09.30 | C19: 2 | D19: 0 | E19: 1 | F19: 0 | G19: 0 | H19: 0 | I19: 0 | J19: 0 | K19: 0 | L19: 0 | M19: 20 | N19: 0 | O19: =SUM(C19:L19,N19) -> 3 | P19: =SUM(C19:N19) -> 23 | R19: 1600-1700 | S19: =SUM(C46:C49) -> 28 | T19: =SUM(D46:D49) -> 2 | U19: =SUM(E46:E49) -> 7 | V19: =SUM(F46:F49) -> 1 | W19: =SUM(G46:G49) -> 5 | X19: =SUM(H46:H49) -> 0 | Y19: =SUM(I46:I49) -> 4 | Z19: =SUM(J46:J49) -> 2 | ... AF19: =SUM(P46:P49) -> 194
B20: 09.30 - 09.45 | C20: 6 | D20: 0 | E20: 0 | F20: 0 | G20: 0 | H20: 0 | I20: 1 | J20: 0 | K20: 0 | L20: 0 | M20: 24 | N20: 0 | O20: =SUM(C20:L20,N20) -> 7 | P20: =SUM(C20:N20) -> 31 | R20: 1700-1800 | S20: =SUM(C50:C53) -> 35 | T20: =SUM(D50:D53) -> 0 | U20: =SUM(E50:E53) -> 7 | V20: =SUM(F50:F53) -> 1 | W20: =SUM(G50:G53) -> 1 | X20: =SUM(H50:H53) -> 0 | Y20: =SUM(I50:I53) -> 3 | Z20: =SUM(J50:J53) -> 3 | ... AF20: =SUM(P50:P53) -> 175
B21: 09.45 - 10.00 | C21: 6 | D21: 0 | E21: 0 | F21: 0 | G21: 0 | H21: 0 | I21: 0 | J21: 0 | K21: 0 | L21: 0 | M21: 15 | N21: 0 | O21: =SUM(C21:L21,N21) -> 6 | P21: =SUM(C21:N21) -> 21 | R21: 1800-1900 | S21: =SUM(C54:C57) -> 22 | T21: =SUM(D54:D57) -> 1 | U21: =SUM(E54:E57) -> 7 | V21: =SUM(F54:F57) -> 3 | W21: =SUM(G54:G57) -> 0 | X21: =SUM(H54:H57) -> 0 | Y21: =SUM(I54:I57) -> 1 | Z21: =SUM(J54:J57) -> 3 | ... AF21: =SUM(P54:P57) -> 183
B22: 10.00 - 10.15 | C22: 5 | D22: 1 | E22: 2 | F22: 1 | G22: 0 | H22: 0 | I22: 0 | J22: 0 | K22: 0 | L22: 0 | M22: 29 | N22: 0 | O22: =SUM(C22:L22,N22) -> 9 | P22: =SUM(C22:N22) -> 38 | R22: 1900-2000 | S22: =SUM(C58:C61) -> 20 | T22: =SUM(D58:D61) -> 9 | U22: =SUM(E58:E61) -> 4 | V22: =SUM(F58:F61) -> 13 | W22: =SUM(G58:G61) -> 0 | X22: =SUM(H58:H61) -> 2 | Y22: =SUM(I58:I61) -> 5 | Z22: =SUM(J58:J61) -> 4 | ... AF22: =SUM(P58:P61) -> 237
B23: 10.15 - 10.30 | C23: 4 | D23: 1 | E23: 0 | F23: 1 | G23: 0 | H23: 0 | I23: 1 | J23: 0 | K23: 0 | L23: 0 | M23: 34 | N23: 0 | O23: =SUM(C23:L23,N23) -> 7 | P23: =SUM(C23:N23) -> 41 | R23: 2000-2100 | S23: =SUM(C62:C65) -> 11 | T23: =SUM(D62:D65) -> 13 | U23: =SUM(E62:E65) -> 8 | V23: =SUM(F62:F65) -> 6 | W23: =SUM(G62:G65) -> 2 | X23: =SUM(H62:H65) -> 0 | Y23: =SUM(I62:I65) -> 7 | Z23: =SUM(J62:J65) -> 7 | ... AF23: =SUM(P62:P65) -> 142
B24: 10.30 - 10.45 | C24: 11 | D24: 0 | E24: 1 | F24: 0 | G24: 0 | H24: 0 | I24: 0 | J24: 0 | K24: 0 | L24: 0 | M24: 46 | N24: 0 | O24: =SUM(C24:L24,N24) -> 12 | P24: =SUM(C24:N24) -> 58 | R24: 2100-2200 | S24: =SUM(C66:C69) -> 14 | T24: =SUM(D66:D69) -> 2 | U24: =SUM(E66:E69) -> 4 | V24: =SUM(F66:F69) -> 4 | W24: =SUM(G66:G69) -> 3 | X24: =SUM(H66:H69) -> 0 | Y24: =SUM(I66:I69) -> 3 | Z24: =SUM(J66:J69) -> 1 | ... AF24: =SUM(P66:P69) -> 95
B25: 10.45 - 11.00 | C25: 12 | D25: 1 | E25: 1 | F25: 1 | G25: 0 | H25: 0 | I25: 0 | J25: 0 | K25: 0 | L25: 0 | M25: 23 | N25: 0 | O25: =SUM(C25:L25,N25) -> 15 | P25: =SUM(C25:N25) -> 38 | R25: 2200-2300 | S25: =SUM(C70:C73) -> 7 | T25: =SUM(D70:D73) -> 5 | U25: =SUM(E70:E73) -> 1 | V25: =SUM(F70:F73) -> 1 | W25: =SUM(G70:G73) -> 0 | X25: =SUM(H70:H73) -> 0 | Y25: =SUM(I70:I73) -> 1 | Z25: =SUM(J70:J73) -> 0 | ... AF25: =SUM(P70:P73) -> 40
B26: 11.00 - 11.15 | C26: 9 | D26: 0 | E26: 0 | F26: 0 | G26: 0 | H26: 0 | I26: 1 | J26: 1 | K26: 0 | L26: 0 | M26: 27 | N26: 0 | O26: =SUM(C26:L26,N26) -> 11 | P26: =SUM(C26:N26) -> 38 | R26: 2300-0000 | S26: =SUM(C74:C77) -> 2 | T26: =SUM(D74:D77) -> 2 | U26: =SUM(E74:E77) -> 1 | V26: =SUM(F74:F77) -> 2 | W26: =SUM(G74:G77) -> 0 | X26: =SUM(H74:H77) -> 0 | Y26: =SUM(I74:I77) -> 1 | Z26: =SUM(J74:J77) -> 0 | ... AF26: =SUM(P74:P77) -> 23
B27: 11.15 - 11.30 | C27: 2 | D27: 0 | E27: 2 | F27: 0 | G27: 0 | H27: 0 | I27: 1 | J27: 1 | K27: 0 | L27: 0 | M27: 27 | N27: 0 | O27: =SUM(C27:L27,N27) -> 6 | P27: =SUM(C27:N27) -> 33 | R27: 0000-0100 | S27: =SUM(C78:C81) -> 3 | T27: =SUM(D78:D81) -> 1 | U27: =SUM(E78:E81) -> 0 | V27: =SUM(F78:F81) -> 0 | W27: =SUM(G78:G81) -> 0 | X27: =SUM(H78:H81) -> 0 | Y27: =SUM(I78:I81) -> 0 | Z27: =SUM(J78:J81) -> 0 | ... AF27: =SUM(P78:P81) -> 15
B28: 11.30 - 11.45 | C28: 5 | D28: 0 | E28: 0 | F28: 1 | G28: 0 | H28: 0 | I28: 0 | J28: 1 | K28: 0 | L28: 0 | M28: 26 | N28: 0 | O28: =SUM(C28:L28,N28) -> 7 | P28: =SUM(C28:N28) -> 33 | R28: 0100-0200 | S28: =SUM(C82:C85) -> 3 | T28: =SUM(D82:D85) -> 2 | U28: =SUM(E82:E85) -> 0 | V28: =SUM(F82:F85) -> 2 | W28: =SUM(G82:G85) -> 0 | X28: =SUM(H82:H85) -> 0 | Y28: =SUM(I82:I85) -> 0 | Z28: =SUM(J82:J85) -> 0 | ... AF28: =SUM(P82:P85) -> 16
B29: 11.45 - 12.00 | C29: 5 | D29: 1 | E29: 2 | F29: 1 | G29: 0 | H29: 0 | I29: 0 | J29: 1 | K29: 0 | L29: 0 | M29: 18 | N29: 0 | O29: =SUM(C29:L29,N29) -> 10 | P29: =SUM(C29:N29) -> 28 | R29: 0200-0300 | S29: =SUM(C86:C89) -> 1 | T29: =SUM(D86:D89) -> 0 | U29: =SUM(E86:E89) -> 0 | V29: =SUM(F86:F89) -> 0 | W29: =SUM(G86:G89) -> 0 | X29: =SUM(H86:H89) -> 0 | Y29: =SUM(I86:I89) -> 0 | Z29: =SUM(J86:J89) -> 0 | ... AF29: =SUM(P86:P89) -> 4
B30: 12.00 - 12.15 | C30: 5 | D30: 1 | E30: 0 | F30: 0 | G30: 0 | H30: 0 | I30: 1 | J30: 1 | K30: 0 | L30: 0 | M30: 34 | N30: 0 | O30: =SUM(C30:L30,N30) -> 8 | P30: =SUM(C30:N30) -> 42 | R30: 0300-0400 | S30: =SUM(C90:C93) -> 0 | T30: =SUM(D90:D93) -> 0 | U30: =SUM(E90:E93) -> 0 | V30: =SUM(F90:F93) -> 0 | W30: =SUM(G90:G93) -> 0 | X30: =SUM(H90:H93) -> 0 | Y30: =SUM(I90:I93) -> 0 | Z30: =SUM(J90:J93) -> 0 | ... AF30: =SUM(P90:P93) -> 0
B31: 12.15 - 12.30 | C31: 6 | D31: 0 | E31: 0 | F31: 2 | G31: 0 | H31: 0 | I31: 0 | J31: 0 | K31: 0 | L31: 0 | M31: 36 | N31: 0 | O31: =SUM(C31:L31,N31) -> 8 | P31: =SUM(C31:N31) -> 44 | R31: 0400-0500 | S31: =SUM(C94:C97) -> 2 | T31: =SUM(D94:D97) -> 0 | U31: =SUM(E94:E97) -> 0 | V31: =SUM(F94:F97) -> 1 | W31: =SUM(G94:G97) -> 0 | X31: =SUM(H94:H97) -> 0 | Y31: =SUM(I94:I97) -> 2 | Z31: =SUM(J94:J97) -> 0 | ... AF31: =SUM(P94:P97) -> 11
B32: 12.30 - 12.45 | C32: 1 | D32: 0 | E32: 1 | F32: 0 | G32: 1 | H32: 0 | I32: 2 | J32: 0 | K32: 0 | L32: 0 | M32: 24 | N32: 0 | O32: =SUM(C32:L32,N32) -> 5 | P32: =SUM(C32:N32) -> 29 | R32: 0500-0600 | S32: =SUM(C98:C101) -> 3 | T32: =SUM(D98:D101) -> 0 | U32: =SUM(E98:E101) -> 4 | V32: =SUM(F98:F101) -> 1 | W32: =SUM(G98:G101) -> 0 | X32: =SUM(H98:H101) -> 0 | Y32: =SUM(I98:I101) -> 4 | Z32: =SUM(J98:J101) -> 0 | ... AF32: =SUM(P98:P101) -> 26
B33: 12.45 - 13.00 | C33: 3 | D33: 1 | E33: 3 | F33: 0 | G33: 1 | H33: 0 | I33: 1 | J33: 2 | K33: 0 | L33: 0 | M33: 25 | N33: 0 | O33: =SUM(C33:L33,N33) -> 11 | P33: =SUM(C33:N33) -> 36 | R33: 0600-0700 | S33: =SUM(C102:C105) -> 0 | T33: =SUM(D102:D105) -> 0 | U33: =SUM(E102:E105) -> 4 | V33: =SUM(F102:F105) -> 2 | W33: =SUM(G102:G105) -> 0 | X33: =SUM(H102:H105) -> 1 | Y33: =SUM(I102:I105) -> 3 | Z33: =SUM(J102:J105) -> 0 | ... AF33: =SUM(P102:P105) -> 24
B34: 13.00 - 13.15 | C34: 6 | D34: 1 | E34: 1 | F34: 0 | G34: 0 | H34: 0 | I34: 0 | J34: 1 | K34: 2 | L34: 0 | M34: 31 | N34: 0 | O34: =SUM(C34:L34,N34) -> 11 | P34: =SUM(C34:N34) -> 42 | R34: AM Peak Hr | S34: =MAX(S10:S12) -> 28 | T34: =MAX(T10:T12) -> 3 | U34: =MAX(U10:U12) -> 2 | V34: =MAX(V10:V12) -> 5 | W34: =MAX(W10:W12) -> 0 | X34: =MAX(X10:X12) -> 0 | Y34: =MAX(Y10:Y12) -> 4 | Z34: =MAX(Z10:Z12) -> 3 | ... AF34: =MAX(AF10:AF12) -> 156
B35: 13.15 - 13.30 | C35: 4 | D35: 0 | E35: 1 | F35: 1 | G35: 0 | H35: 0 | I35: 0 | J35: 0 | K35: 1 | L35: 0 | M35: 24 | N35: 0 | O35: =SUM(C35:L35,N35) -> 7 | P35: =SUM(C35:N35) -> 31 | R35: IP Peak Hr | S35: =MAX(S13:S18) -> 32 | T35: =MAX(T13:T18) -> 3 | U35: =MAX(U13:U18) -> 11 | V35: =MAX(V13:V18) -> 4 | W35: =MAX(W13:W18) -> 2 | X35: =MAX(X13:X18) -> 0 | Y35: =MAX(Y13:Y18) -> 5 | Z35: =MAX(Z13:Z18) -> 4 | ... AF35: =MAX(AF13:AF18) -> 192
B36: 13.30 - 13.45 | C36: 6 | D36: 0 | E36: 8 | F36: 0 | G36: 0 | H36: 0 | I36: 1 | J36: 0 | K36: 0 | L36: 0 | M36: 41 | N36: 0 | O36: =SUM(C36:L36,N36) -> 15 | P36: =SUM(C36:N36) -> 56 | R36: PM Peak Hr | S36: =MAX(S19:S21) -> 35 | T36: =MAX(T19:T21) -> 2 | U36: =MAX(U19:U21) -> 7 | V36: =MAX(V19:V21) -> 3 | W36: =MAX(W19:W21) -> 5 | X36: =MAX(X19:X21) -> 0 | Y36: =MAX(Y19:Y21) -> 4 | Z36: =MAX(Z19:Z21) -> 3 | ... AF36: =MAX(AF19:AF21) -> 194
B37: 13.45 - 14.00 | C37: 3 | D37: 0 | E37: 0 | F37: 1 | G37: 0 | H37: 0 | I37: 1 | J37: 2 | K37: 0 | L37: 1 | M37: 15 | N37: 0 | O37: =SUM(C37:L37,N37) -> 8 | P37: =SUM(C37:N37) -> 23 | R37: AM Period | S37: =SUM(S10:S12) -> 60 | T37: =SUM(T10:T12) -> 5 | U37: =SUM(U10:U12) -> 4 | V37: =SUM(V10:V12) -> 10 | W37: =SUM(W10:W12) -> 0 | X37: =SUM(X10:X12) -> 0 | Y37: =SUM(Y10:Y12) -> 9 | Z37: =SUM(Z10:Z12) -> 7 | ... AF37: =SUM(AF10:AF12) -> 386
B38: 14.00 - 14.15 | C38: 3 | D38: 0 | E38: 0 | F38: 2 | G38: 0 | H38: 0 | I38: 0 | J38: 0 | K38: 0 | L38: 0 | M38: 27 | N38: 0 | O38: =SUM(C38:L38,N38) -> 5 | P38: =SUM(C38:N38) -> 32 | R38: IP Period | S38: =SUM(S13:S18) -> 118 | T38: =SUM(T13:T18) -> 10 | U38: =SUM(U13:U18) -> 36 | V38: =SUM(V13:V18) -> 16 | W38: =SUM(W13:W18) -> 3 | X38: =SUM(X13:X18) -> 0 | Y38: =SUM(Y13:Y18) -> 15 | Z38: =SUM(Z13:Z18) -> 11 | ... AF38: =SUM(AF13:AF18) -> 941
B39: 14.15 - 14.30 | C39: 2 | D39: 0 | E39: 3 | F39: 1 | G39: 0 | H39: 0 | I39: 1 | J39: 0 | K39: 0 | L39: 1 | M39: 33 | N39: 0 | O39: =SUM(C39:L39,N39) -> 8 | P39: =SUM(C39:N39) -> 41 | R39: PM Period | S39: =SUM(S19:S21) -> 85 | T39: =SUM(T19:T21) -> 3 | U39: =SUM(U19:U21) -> 21 | V39: =SUM(V19:V21) -> 5 | W39: =SUM(W19:W21) -> 6 | X39: =SUM(X19:X21) -> 0 | Y39: =SUM(Y19:Y21) -> 8 | Z39: =SUM(Z19:Z21) -> 8 | ... AF39: =SUM(AF19:AF21) -> 552
B40: 14.30 - 14.45 | C40: 3 | D40: 0 | E40: 0 | F40: 0 | G40: 0 | H40: 0 | I40: 2 | J40: 0 | K40: 0 | L40: 0 | M40: 19 | N40: 0 | O40: =SUM(C40:L40,N40) -> 5 | P40: =SUM(C40:N40) -> 24 | R40: 12 Hours | S40: =SUM(S10:S21) -> 263 | T40: =SUM(T10:T21) -> 18 | U40: =SUM(U10:U21) -> 61 | V40: =SUM(V10:V21) -> 31 | W40: =SUM(W10:W21) -> 9 | X40: =SUM(X10:X21) -> 0 | Y40: =SUM(Y10:Y21) -> 32 | Z40: =SUM(Z10:Z21) -> 26 | ... AF40: =SUM(AF10:AF21) -> 1879
B41: 14.45 - 15.00 | C41: 3 | D41: 1 | E41: 0 | F41: 0 | G41: 0 | H41: 0 | I41: 2 | J41: 0 | K41: 0 | L41: 0 | M41: 36 | N41: 0 | O41: =SUM(C41:L41,N41) -> 6 | P41: =SUM(C41:N41) -> 42 | R41: 24 Hrs/ADT | S41: =SUM(S10:S33) -> 329 | T41: =SUM(T10:T33) -> 52 | U41: =SUM(U10:U33) -> 87 | V41: =SUM(V10:V33) -> 63 | W41: =SUM(W10:W33) -> 14 | X41: =SUM(X10:X33) -> 3 | Y41: =SUM(Y10:Y33) -> 58 | Z41: =SUM(Z10:Z33) -> 38 | ... AF41: =SUM(AF10:AF33) -> 2512
B42: 15.00 - 15.15 | C42: 10 | D42: 1 | E42: 0 | F42: 0 | G42: 0 | H42: 0 | I42: 1 | J42: 1 | K42: 0 | L42: 0 | M42: 35 | N42: 0 | O42: =SUM(C42:L42,N42) -> 13 | P42: =SUM(C42:N42) -> 48 | R42: NEF | S42: =S41/S40 -> 1.2509506 | T42: =T41/T40 -> 2.8888889 | U42: =U41/U40 -> 1.4262295 | V42: =V41/V40 -> 2.0322581 | W42: =W41/W40 -> 1.5555556 | X42: =X41/X40 -> #DIV/0! | Y42: =Y41/Y40 -> 1.8125 | Z42: =Z41/Z40 -> 1.4615385 | ... AF42: =AF41/AF40 -> 1.3368813
B43: 15.15 - 15.30 | C43: 5 | D43: 0 | E43: 4 | F43: 0 | G43: 1 | H43: 0 | I43: 0 | J43: 0 | K43: 0 | L43: 0 | M43: 24 | N43: 0 | O43: =SUM(C43:L43,N43) -> 10 | P43: =SUM(C43:N43) -> 34
B44: 15.30 - 15.45 | C44: 4 | D44: 1 | E44: 6 | F44: 1 | G44: 0 | H44: 0 | I44: 0 | J44: 0 | K44: 1 | L44: 0 | M44: 46 | N44: 0 | O44: =SUM(C44:L44,N44) -> 13 | P44: =SUM(C44:N44) -> 59
B45: 15.45 - 16.00 | C45: 1 | D45: 0 | E45: 1 | F45: 3 | G45: 0 | H45: 0 | I45: 0 | J45: 0 | K45: 0 | L45: 0 | M45: 46 | N45: 0 | O45: =SUM(C45:L45,N45) -> 5 | P45: =SUM(C45:N45) -> 51
B46: 16.00 - 16.15 | C46: 3 | D46: 0 | E46: 1 | F46: 0 | G46: 1 | H46: 0 | I46: 2 | J46: 1 | K46: 0 | L46: 0 | M46: 33 | N46: 0 | O46: =SUM(C46:L46,N46) -> 8 | P46: =SUM(C46:N46) -> 41
B47: 16.15 -16.30 | C47: 6 | D47: 1 | E47: 2 | F47: 0 | G47: 2 | H47: 0 | I47: 1 | J47: 1 | K47: 0 | L47: 0 | M47: 36 | N47: 0 | O47: =SUM(C47:L47,N47) -> 13 | P47: =SUM(C47:N47) -> 49
B48: 16.30 -16.45 | C48: 9 | D48: 1 | E48: 1 | F48: 1 | G48: 0 | H48: 0 | I48: 0 | J48: 0 | K48: 0 | L48: 0 | M48: 30 | N48: 0 | O48: =SUM(C48:L48,N48) -> 12 | P48: =SUM(C48:N48) -> 42
B49: 16.45 -17.00 | C49: 10 | D49: 0 | E49: 3 | F49: 0 | G49: 2 | H49: 0 | I49: 1 | J49: 0 | K49: 0 | L49: 0 | M49: 46 | N49: 0 | O49: =SUM(C49:L49,N49) -> 16 | P49: =SUM(C49:N49) -> 62
B50: 17.00 -17.15 | C50: 13 | D50: 0 | E50: 1 | F50: 0 | G50: 0 | H50: 0 | I50: 1 | J50: 0 | K50: 0 | L50: 0 | M50: 43 | N50: 0 | O50: =SUM(C50:L50,N50) -> 15 | P50: =SUM(C50:N50) -> 58
B51: 17.15 -17.30 | C51: 6 | D51: 0 | E51: 1 | F51: 0 | G51: 0 | H51: 0 | I51: 1 | J51: 2 | K51: 0 | L51: 0 | M51: 32 | N51: 0 | O51: =SUM(C51:L51,N51) -> 10 | P51: =SUM(C51:N51) -> 42
B52: 17.30 -17.45 | C52: 7 | D52: 0 | E52: 3 | F52: 0 | G52: 1 | H52: 0 | I52: 0 | J52: 0 | K52: 0 | L52: 0 | M52: 26 | N52: 0 | O52: =SUM(C52:L52,N52) -> 11 | P52: =SUM(C52:N52) -> 37
B53: 17.45 -18.00 | C53: 9 | D53: 0 | E53: 2 | F53: 1 | G53: 0 | H53: 0 | I53: 1 | J53: 1 | K53: 1 | L53: 0 | M53: 23 | N53: 0 | O53: =SUM(C53:L53,N53) -> 15 | P53: =SUM(C53:N53) -> 38
B54: 18.00 - 18.15 | C54: 13 | D54: 0 | E54: 1 | F54: 2 | G54: 0 | H54: 0 | I54: 0 | J54: 0 | K54: 0 | L54: 0 | M54: 47 | N54: 0 | O54: =SUM(C54:L54,N54) -> 16 | P54: =SUM(C54:N54) -> 63
... B105: 06.45 - 07.00 | C105: 0 | D105: 0 | E105: 0 | F105: 0 | G105: 0 | H105: 0 | I105: 0 | J105: 0 | K105: 0 | L105: 0 | M105: 0 | N105: 0 | O105: =SUM(C105:L105,N105) -> 0 | P105: =SUM(C105:N105) -> 0
B106: Totals | C106: =SUM(C10:C105) -> 329 | D106: =SUM(D10:D105) -> 52 | E106: =SUM(E10:E105) -> 87 | F106: =SUM(F10:F105) -> 63 | G106: =SUM(G10:G105) -> 14 | H106: =SUM(H10:H105) -> 3 | I106: =SUM(I10:I105) -> 58 | J106: =SUM(J10:J105) -> 38 | ... P106: =SUM(P10:P105) -> 2512
B107: %ges + MCs | C107: =C106/$P$106 -> 0.13097134 | D107: =D106/$P$106 -> 0.020700637 | E107: =E106/$P$106 -> 0.034633758 | F107: =F106/$P$106 -> 0.025079618 | G107: =G106/$P$106 -> 0.0055732484 | H107: =H106/$P$106 -> 0.0011942675 | I107: =I106/$P$106 -> 0.023089172 | J107: =J106/$P$106 -> 0.015127389 | ... N107: =N106/$P$106 -> 0
B108: %ges w/o MCs | C108: =C106/$O$106 -> 0.48958333 | D108: =D106/$O$106 -> 0.077380952 | E108: =E106/$O$106 -> 0.12946429 | F108: =F106/$O$106 -> 0.09375 | G108: =G106/$O$106 -> 0.020833333 | H108: =H106/$O$106 -> 0.0044642857 | I108: =I106/$O$106 -> 0.086309524 | J108: =J106/$O$106 -> 0.056547619 | ... L108: =L106/$O$106 -> 0.010416667 | N108: =N106/$O$106 -> 0

Sheet 28.10 HOIMA-KYENJOJO-24h
B1: Consultancy services for Preparation of Expressway Development Master Plan (EDMP) for Uganda
B2: MANUAL CLASSIFIED COUNT (MCC)
B3: ROAD NAME: | C3: ='25.10 KYENJOJO-HOIMA'!C3:G3 -> MCC - C4 - STN108 - HOIMA ROAD
C5: Date | D5: 28.10.19 | F5: Location | G5: ='28.10 KYENJOJO-HOIMA-24h'!G5:H5 -> KYENJOJO | J5: Surveyor | K5: ='28.10 KYENJOJO-HOIMA-24h'!K5:L5 -> STEVEN
C6: Dir. From | D6: ='25.10 HOIMA-KYENJOJO'!D6:E6 -> HOIMA | F6: Dir. To | G6: ='25.10 HOIMA-KYENJOJO'!G6:H6 -> KYENJOJO | J6: Supervisor | K6: ='28.10 KYENJOJO-HOIMA-24h'!K6:L6 -> FELIX
B8: Time / Veh Type | R8: SUMMARY TRAFFIC VOLUMES
C9: 1. Car | D9: 2. Station Wagon | E9: 3. Pickups | F9: 4. Minibus, matatu | G9: 5. Medium bus | H9: 6. Large Bus | I9: 7. Light Truck | J9: 8. Medium Truck | K9: 9. Heavy truck | L9: 10. Truck Trailer | M9: 11. Motor cycles | N9: 12. Tractors | O9: Total Excl M/Cycles | P9: Total All | R9: Time | S9: 1. Car | T9: 2. Station Wagon | U9: 3. Pickups | V9: 4. Minibus, matatu | W9: 5. Medium bus | X9: 6. Large Bus | Y9: 7. Light Truck | Z9: 8. Medium Truck | AA9: 9. Heavy truck | AB9: 10. Truck Trailer | AC9: 11. Motorcycles | AD9: 12. Tractors, Graders | AE9: Total Excl M/ Cycles | AF9: Total All
B10: 07.00 - 07.15 | C10: 0 | D10: 0 | E10: 0 | F10: 0 | G10: 0 | H10: 0 | I10: 0 | J10: 0 | K10: 0 | L10: 0 | M10: 0 | N10: 0 | O10: =SUM(C10:L10,N10) -> 0 | P10: =SUM(C10:N10) -> 0 | R10: 0700-0800 | S10: =SUM(C10:C13) -> 13 | T10: =SUM(D10:D13) -> 2 | U10: =SUM(E10:E13) -> 2 | V10: =SUM(F10:F13) -> 2 | W10: =SUM(G10:G13) -> 0 | X10: =SUM(H10:H13) -> 0 | Y10: =SUM(I10:I13) -> 1 | Z10: =SUM(J10:J13) -> 0 | ... AF10: =SUM(P10:P13) -> 159
B11: 07.15 - 07.30 | C11: 3 | D11: 1 | E11: 1 | F11: 0 | G11: 0 | H11: 0 | I11: 0 | J11: 0 | K11: 0 | L11: 0 | M11: 19 | N11: 0 | O11: =SUM(C11:L11,N11) -> 5 | P11: =SUM(C11:N11) -> 24 | R11: 0800-0900 | S11: =SUM(C14:C17) -> 43 | T11: =SUM(D14:D17) -> 0 | U11: =SUM(E14:E17) -> 0 | V11: =SUM(F14:F17) -> 4 | W11: =SUM(G14:G17) -> 0 | X11: =SUM(H14:H17) -> 0 | Y11: =SUM(I14:I17) -> 2 | Z11: =SUM(J14:J17) -> 1 | ... AF11: =SUM(P14:P17) -> 220
B12: 07.30 - 07.45 | C12: 6 | D12: 1 | E12: 0 | F12: 1 | G12: 0 | H12: 0 | I12: 0 | J12: 0 | K12: 0 | L12: 0 | M12: 55 | N12: 0 | O12: =SUM(C12:L12,N12) -> 8 | P12: =SUM(C12:N12) -> 63 | R12: 0900-1000 | S12: =SUM(C18:C21) -> 25 | T12: =SUM(D18:D21) -> 2 | U12: =SUM(E18:E21) -> 2 | V12: =SUM(F18:F21) -> 3 | W12: =SUM(G18:G21) -> 0 | X12: =SUM(H18:H21) -> 0 | Y12: =SUM(I18:I21) -> 3 | Z12: =SUM(J18:J21) -> 4 | ... AF12: =SUM(P18:P21) -> 192
B13: 07.45 - 08.00 | C13: 4 | D13: 0 | E13: 1 | F13: 1 | G13: 0 | H13: 0 | I13: 1 | J13: 0 | K13: 0 | L13: 0 | M13: 65 | N13: 0 | O13: =SUM(C13:L13,N13) -> 7 | P13: =SUM(C13:N13) -> 72 | R13: 1000-1100 | S13: =SUM(C22:C25) -> 31 | T13: =SUM(D22:D25) -> 2 | U13: =SUM(E22:E25) -> 8 | V13: =SUM(F22:F25) -> 6 | W13: =SUM(G22:G25) -> 0 | X13: =SUM(H22:H25) -> 0 | Y13: =SUM(I22:I25) -> 5 | Z13: =SUM(J22:J25) -> 4 | ... AF13: =SUM(P22:P25) -> 203
B14: 08.00 - 08.15 | C14: 5 | D14: 0 | E14: 0 | F14: 2 | G14: 0 | H14: 0 | I14: 1 | J14: 0 | K14: 0 | L14: 0 | M14: 27 | N14: 0 | O14: =SUM(C14:L14,N14) -> 8 | P14: =SUM(C14:N14) -> 35 | R14: 1100-1200 | S14: =SUM(C26:C29) -> 15 | T14: =SUM(D26:D29) -> 0 | U14: =SUM(E26:E29) -> 2 | V14: =SUM(F26:F29) -> 1 | W14: =SUM(G26:G29) -> 0 | X14: =SUM(H26:H29) -> 0 | Y14: =SUM(I26:I29) -> 6 | Z14: =SUM(J26:J29) -> 3 | ... AF14: =SUM(P26:P29) -> 126
B15: 08.15 - 08.30 | C15: 10 | D15: 0 | E15: 0 | F15: 1 | G15: 0 | H15: 0 | I15: 0 | J15: 1 | K15: 0 | L15: 0 | M15: 41 | N15: 0 | O15: =SUM(C15:L15,N15) -> 12 | P15: =SUM(C15:N15) -> 53 | R15: 1200-1300 | S15: =SUM(C30:C33) -> 10 | T15: =SUM(D30:D33) -> 3 | U15: =SUM(E30:E33) -> 0 | V15: =SUM(F30:F33) -> 4 | W15: =SUM(G30:G33) -> 0 | X15: =SUM(H30:H33) -> 0 | Y15: =SUM(I30:I33) -> 1 | Z15: =SUM(J30:J33) -> 2 | ... AF15: =SUM(P30:P33) -> 169
B16: 08.30 - 08.45 | C16: 17 | D16: 0 | E16: 0 | F16: 1 | G16: 0 | H16: 0 | I16: 1 | J16: 0 | K16: 0 | L16: 0 | M16: 55 | N16: 0 | O16: =SUM(C16:L16,N16) -> 19 | P16: =SUM(C16:N16) -> 74 | R16: 1300-1400 | S16: =SUM(C34:C37) -> 15 | T16: =SUM(D34:D37) -> 5 | U16: =SUM(E34:E37) -> 2 | V16: =SUM(F34:F37) -> 1 | W16: =SUM(G34:G37) -> 0 | X16: =SUM(H34:H37) -> 0 | Y16: =SUM(I34:I37) -> 2 | Z16: =SUM(J34:J37) -> 3 | ... AF16: =SUM(P34:P37) -> 177
B17: 08.45 - 9.00 | C17: 11 | D17: 0 | E17: 0 | F17: 0 | G17: 0 | H17: 0 | I17: 0 | J17: 0 | K17: 0 | L17: 0 | M17: 47 | N17: 0 | O17: =SUM(C17:L17,N17) -> 11 | P17: =SUM(C17:N17) -> 58 | R17: 1400-1500 | S17: =SUM(C38:C41) -> 13 | T17: =SUM(D38:D41) -> 0 | U17: =SUM(E38:E41) -> 4 | V17: =SUM(F38:F41) -> 3 | W17: =SUM(G38:G41) -> 0 | X17: =SUM(H38:H41) -> 0 | Y17: =SUM(I38:I41) -> 6 | Z17: =SUM(J38:J41) -> 4 | ... AF17: =SUM(P38:P41) -> 200
B18: 09.00 - 09.15 | C18: 10 | D18: 1 | E18: 0 | F18: 0 | G18: 0 | H18: 0 | I18: 2 | J18: 0 | K18: 0 | L18: 1 | M18: 33 | N18: 0 | O18: =SUM(C18:L18,N18) -> 14 | P18: =SUM(C18:N18) -> 47 | R18: 1500-1600 | S18: =SUM(C42:C45) -> 26 | T18: =SUM(D42:D45) -> 1 | U18: =SUM(E42:E45) -> 3 | V18: =SUM(F42:F45) -> 7 | W18: =SUM(G42:G45) -> 0 | X18: =SUM(H42:H45) -> 2 | Y18: =SUM(I42:I45) -> 4 | Z18: =SUM(J42:J45) -> 2 | ... AF18: =SUM(P42:P45) -> 226
B19: 09.15 - 09.30 | C19: 3 | D19: 0 | E19: 0 | F19: 1 | G19: 0 | H19: 0 | I19: 0 | J19: 1 | K19: 0 | L19: 0 | M19: 39 | N19: 0 | O19: =SUM(C19:L19,N19) -> 5 | P19: =SUM(C19:N19) -> 44 | R19: 1600-1700 | S19: =SUM(C46:C49) -> 25 | T19: =SUM(D46:D49) -> 1 | U19: =SUM(E46:E49) -> 8 | V19: =SUM(F46:F49) -> 6 | W19: =SUM(G46:G49) -> 0 | X19: =SUM(H46:H49) -> 0 | Y19: =SUM(I46:I49) -> 3 | Z19: =SUM(J46:J49) -> 3 | ... AF19: =SUM(P46:P49) -> 228
B20: 09.30 - 09.45 | C20: 5 | D20: 0 | E20: 0 | F20: 2 | G20: 0 | H20: 0 | I20: 0 | J20: 0 | K20: 0 | L20: 0 | M20: 29 | N20: 0 | O20: =SUM(C20:L20,N20) -> 7 | P20: =SUM(C20:N20) -> 36 | R20: 1700-1800 | S20: =SUM(C50:C53) -> 27 | T20: =SUM(D50:D53) -> 3 | U20: =SUM(E50:E53) -> 3 | V20: =SUM(F50:F53) -> 1 | W20: =SUM(G50:G53) -> 2 | X20: =SUM(H50:H53) -> 1 | Y20: =SUM(I50:I53) -> 10 | Z20: =SUM(J50:J53) -> 3 | ... AF20: =SUM(P50:P53) -> 252
B21: 09.45 - 10.00 | C21: 7 | D21: 1 | E21: 2 | F21: 0 | G21: 0 | H21: 0 | I21: 1 | J21: 3 | K21: 0 | L21: 0 | M21: 51 | N21: 0 | O21: =SUM(C21:L21,N21) -> 14 | P21: =SUM(C21:N21) -> 65 | R21: 1800-1900 | S21: =SUM(C54:C57) -> 18 | T21: =SUM(D54:D57) -> 4 | U21: =SUM(E54:E57) -> 8 | V21: =SUM(F54:F57) -> 1 | W21: =SUM(G54:G57) -> 0 | X21: =SUM(H54:H57) -> 0 | Y21: =SUM(I54:I57) -> 4 | Z21: =SUM(J54:J57) -> 2 | ... AF21: =SUM(P54:P57) -> 198
B22: 10.00 - 10.15 | C22: 8 | D22: 0 | E22: 4 | F22: 3 | G22: 0 | H22: 0 | I22: 0 | J22: 1 | K22: 0 | L22: 0 | M22: 45 | N22: 0 | O22: =SUM(C22:L22,N22) -> 16 | P22: =SUM(C22:N22) -> 61 | R22: 1900-2000 | S22: =SUM(C58:C61) -> 17 | T22: =SUM(D58:D61) -> 0 | U22: =SUM(E58:E61) -> 2 | V22: =SUM(F58:F61) -> 6 | W22: =SUM(G58:G61) -> 0 | X22: =SUM(H58:H61) -> 0 | Y22: =SUM(I58:I61) -> 4 | Z22: =SUM(J58:J61) -> 4 | ... AF22: =SUM(P58:P61) -> 183
B23: 10.15 - 10.30 | C23: 10 | D23: 0 | E23: 2 | F23: 2 | G23: 0 | H23: 0 | I23: 2 | J23: 0 | K23: 0 | L23: 0 | M23: 40 | N23: 0 | O23: =SUM(C23:L23,N23) -> 16 | P23: =SUM(C23:N23) -> 56 | R23: 2000-2100 | S23: =SUM(C62:C65) -> 11 | T23: =SUM(D62:D65) -> 0 | U23: =SUM(E62:E65) -> 2 | V23: =SUM(F62:F65) -> 3 | W23: =SUM(G62:G65) -> 0 | X23: =SUM(H62:H65) -> 0 | Y23: =SUM(I62:I65) -> 2 | Z23: =SUM(J62:J65) -> 2 | ... AF23: =SUM(P62:P65) -> 120
B24: 10.30 - 10.45 | C24: 5 | D24: 1 | E24: 1 | F24: 0 | G24: 0 | H24: 0 | I24: 2 | J24: 2 | K24: 0 | L24: 0 | M24: 32 | N24: 0 | O24: =SUM(C24:L24,N24) -> 11 | P24: =SUM(C24:N24) -> 43 | R24: 2100-2200 | S24: =SUM(C66:C69) -> 10 | T24: =SUM(D66:D69) -> 2 | U24: =SUM(E66:E69) -> 0 | V24: =SUM(F66:F69) -> 1 | W24: =SUM(G66:G69) -> 0 | X24: =SUM(H66:H69) -> 0 | Y24: =SUM(I66:I69) -> 1 | Z24: =SUM(J66:J69) -> 2 | ... AF24: =SUM(P66:P69) -> 72
B25: 10.45 - 11.00 | C25: 8 | D25: 1 | E25: 1 | F25: 1 | G25: 0 | H25: 0 | I25: 1 | J25: 1 | K25: 0 | L25: 0 | M25: 30 | N25: 0 | O25: =SUM(C25:L25,N25) -> 13 | P25: =SUM(C25:N25) -> 43 | R25: 2200-2300 | S25: =SUM(C70:C73) -> 6 | T25: =SUM(D70:D73) -> 0 | U25: =SUM(E70:E73) -> 1 | V25: =SUM(F70:F73) -> 0 | W25: =SUM(G70:G73) -> 0 | X25: =SUM(H70:H73) -> 0 | Y25: =SUM(I70:I73) -> 0 | Z25: =SUM(J70:J73) -> 0 | ... AF25: =SUM(P70:P73) -> 32
B26: 11.00 - 11.15 | C26: 3 | D26: 0 | E26: 1 | F26: 0 | G26: 0 | H26: 0 | I26: 1 | J26: 1 | K26: 2 | L26: 0 | M26: 16 | N26: 0 | O26: =SUM(C26:L26,N26) -> 8 | P26: =SUM(C26:N26) -> 24 | R26: 2300-0000 | S26: =SUM(C74:C77) -> 1 | T26: =SUM(D74:D77) -> 0 | U26: =SUM(E74:E77) -> 0 | V26: =SUM(F74:F77) -> 1 | W26: =SUM(G74:G77) -> 0 | X26: =SUM(H74:H77) -> 0 | Y26: =SUM(I74:I77) -> 0 | Z26: =SUM(J74:J77) -> 0 | ... AF26: =SUM(P74:P77) -> 20
B27: 11.15 - 11.30 | C27: 8 | D27: 0 | E27: 0 | F27: 0 | G27: 0 | H27: 0 | I27: 3 | J27: 2 | K27: 0 | L27: 0 | M27: 30 | N27: 0 | O27: =SUM(C27:L27,N27) -> 13 | P27: =SUM(C27:N27) -> 43 | R27: 0000-0100 | S27: =SUM(C78:C81) -> 0 | T27: =SUM(D78:D81) -> 0 | U27: =SUM(E78:E81) -> 0 | V27: =SUM(F78:F81) -> 0 | W27: =SUM(G78:G81) -> 0 | X27: =SUM(H78:H81) -> 0 | Y27: =SUM(I78:I81) -> 0 | Z27: =SUM(J78:J81) -> 0 | ... AF27: =SUM(P78:P81) -> 6
B28: 11.30 - 11.45 | C28: 2 | D28: 0 | E28: 1 | F28: 1 | G28: 0 | H28: 0 | I28: 0 | J28: 0 | K28: 0 | L28: 0 | M28: 23 | N28: 0 | O28: =SUM(C28:L28,N28) -> 4 | P28: =SUM(C28:N28) -> 27 | R28: 0100-0200 | S28: =SUM(C82:C85) -> 1 | T28: =SUM(D82:D85) -> 0 | U28: =SUM(E82:E85) -> 0 | V28: =SUM(F82:F85) -> 0 | W28: =SUM(G82:G85) -> 0 | X28: =SUM(H82:H85) -> 0 | Y28: =SUM(I82:I85) -> 0 | Z28: =SUM(J82:J85) -> 0 | ... AF28: =SUM(P82:P85) -> 5
B29: 11.45 - 12.00 | C29: 2 | D29: 0 | E29: 0 | F29: 0 | G29: 0 | H29: 0 | I29: 2 | J29: 0 | K29: 0 | L29: 0 | M29: 28 | N29: 0 | O29: =SUM(C29:L29,N29) -> 4 | P29: =SUM(C29:N29) -> 32 | R29: 0200-0300 | S29: =SUM(C86:C89) -> 0 | T29: =SUM(D86:D89) -> 0 | U29: =SUM(E86:E89) -> 0 | V29: =SUM(F86:F89) -> 0 | W29: =SUM(G86:G89) -> 0 | X29: =SUM(H86:H89) -> 0 | Y29: =SUM(I86:I89) -> 0 | Z29: =SUM(J86:J89) -> 0 | ... AF29: =SUM(P86:P89) -> 0
B30: 12.00 - 12.15 | C30: 4 | D30: 1 | E30: 0 | F30: 2 | G30: 0 | H30: 0 | I30: 0 | J30: 0 | K30: 0 | L30: 0 | M30: 39 | N30: 0 | O30: =SUM(C30:L30,N30) -> 7 | P30: =SUM(C30:N30) -> 46 | R30: 0300-0400 | S30: =SUM(C90:C93) -> 0 | T30: =SUM(D90:D93) -> 0 | U30: =SUM(E90:E93) -> 0 | V30: =SUM(F90:F93) -> 0 | W30: =SUM(G90:G93) -> 0 | X30: =SUM(H90:H93) -> 0 | Y30: =SUM(I90:I93) -> 0 | Z30: =SUM(J90:J93) -> 0 | ... AF30: =SUM(P90:P93) -> 0
B31: 12.15 - 12.30 | C31: 2 | D31: 0 | E31: 0 | F31: 1 | G31: 0 | H31: 0 | I31: 0 | J31: 2 | K31: 0 | L31: 0 | M31: 32 | N31: 0 | O31: =SUM(C31:L31,N31) -> 5 | P31: =SUM(C31:N31) -> 37 | R31: 0400-0500 | S31: =SUM(C94:C97) -> 0 | T31: =SUM(D94:D97) -> 0 | U31: =SUM(E94:E97) -> 0 | V31: =SUM(F94:F97) -> 0 | W31: =SUM(G94:G97) -> 0 | X31: =SUM(H94:H97) -> 0 | Y31: =SUM(I94:I97) -> 0 | Z31: =SUM(J94:J97) -> 0 | ... AF31: =SUM(P94:P97) -> 0
B32: 12.30 - 12.45 | C32: 1 | D32: 2 | E32: 0 | F32: 0 | G32: 0 | H32: 0 | I32: 0 | J32: 0 | K32: 0 | L32: 0 | M32: 36 | N32: 0 | O32: =SUM(C32:L32,N32) -> 3 | P32: =SUM(C32:N32) -> 39 | R32: 0500-0600 | S32: =SUM(C98:C101) -> 3 | T32: =SUM(D98:D101) -> 0 | U32: =SUM(E98:E101) -> 1 | V32: =SUM(F98:F101) -> 0 | W32: =SUM(G98:G101) -> 0 | X32: =SUM(H98:H101) -> 0 | Y32: =SUM(I98:I101) -> 0 | Z32: =SUM(J98:J101) -> 1 | ... AF32: =SUM(P98:P101) -> 16
B33: 12.45 - 13.00 | C33: 3 | D33: 0 | E33: 0 | F33: 1 | G33: 0 | H33: 0 | I33: 1 | J33: 0 | K33: 0 | L33: 0 | M33: 42 | N33: 0 | O33: =SUM(C33:L33,N33) -> 5 | P33: =SUM(C33:N33) -> 47 | R33: 0600-0700 | S33: =SUM(C102:C105) -> 5 | T33: =SUM(D102:D105) -> 3 | U33: =SUM(E102:E105) -> 0 | V33: =SUM(F102:F105) -> 0 | W33: =SUM(G102:G105) -> 0 | X33: =SUM(H102:H105) -> 0 | Y33: =SUM(I102:I105) -> 0 | Z33: =SUM(J102:J105) -> 0 | ... AF33: =SUM(P102:P105) -> 50
B34: 13.00 - 13.15 | C34: 3 | D34: 2 | E34: 1 | F34: 0 | G34: 0 | H34: 0 | I34: 0 | J34: 2 | K34: 0 | L34: 0 | M34: 32 | N34: 0 | O34: =SUM(C34:L34,N34) -> 8 | P34: =SUM(C34:N34) -> 40 | R34: AM Peak Hr | S34: =MAX(S10:S12) -> 43 | T34: =MAX(T10:T12) -> 2 | U34: =MAX(U10:U12) -> 2 | V34: =MAX(V10:V12) -> 4 | W34: =MAX(W10:W12) -> 0 | X34: =MAX(X10:X12) -> 0 | Y34: =MAX(Y10:Y12) -> 3 | Z34: =MAX(Z10:Z12) -> 4 | ... AF34: =MAX(AF10:AF12) -> 220
B35: 13.15 - 13.30 | C35: 3 | D35: 0 | E35: 0 | F35: 1 | G35: 0 | H35: 0 | I35: 1 | J35: 0 | K35: 0 | L35: 0 | M35: 34 | N35: 0 | O35: =SUM(C35:L35,N35) -> 5 | P35: =SUM(C35:N35) -> 39 | R35: IP Peak Hr | S35: =MAX(S13:S18) -> 31 | T35: =MAX(T13:T18) -> 5 | U35: =MAX(U13:U18) -> 8 | V35: =MAX(V13:V18) -> 7 | W35: =MAX(W13:W18) -> 0 | X35: =MAX(X13:X18) -> 2 | Y35: =MAX(Y13:Y18) -> 6 | Z35: =MAX(Z13:Z18) -> 4 | ... AF35: =MAX(AF13:AF18) -> 226
B36: 13.30 - 13.45 | C36: 8 | D36: 1 | E36: 1 | F36: 0 | G36: 0 | H36: 0 | I36: 0 | J36: 1 | K36: 1 | L36: 0 | M36: 29 | N36: 0 | O36: =SUM(C36:L36,N36) -> 12 | P36: =SUM(C36:N36) -> 41 | R36: PM Peak Hr | S36: =MAX(S19:S21) -> 27 | T36: =MAX(T19:T21) -> 4 | U36: =MAX(U19:U21) -> 8 | V36: =MAX(V19:V21) -> 6 | W36: =MAX(W19:W21) -> 2 | X36: =MAX(X19:X21) -> 1 | Y36: =MAX(Y19:Y21) -> 10 | Z36: =MAX(Z19:Z21) -> 3 | ... AF36: =MAX(AF19:AF21) -> 252
B37: 13.45 - 14.00 | C37: 1 | D37: 2 | E37: 0 | F37: 0 | G37: 0 | H37: 0 | I37: 1 | J37: 0 | K37: 0 | L37: 0 | M37: 53 | N37: 0 | O37: =SUM(C37:L37,N37) -> 4 | P37: =SUM(C37:N37) -> 57 | R37: AM Period | S37: =SUM(S10:S12) -> 81 | T37: =SUM(T10:T12) -> 4 | U37: =SUM(U10:U12) -> 4 | V37: =SUM(V10:V12) -> 9 | W37: =SUM(W10:W12) -> 0 | X37: =SUM(X10:X12) -> 0 | Y37: =SUM(Y10:Y12) -> 6 | Z37: =SUM(Z10:Z12) -> 5 | ... AF37: =SUM(AF10:AF12) -> 571
B38: 14.00 - 14.15 | C38: 6 | D38: 0 | E38: 1 | F38: 2 | G38: 0 | H38: 0 | I38: 0 | J38: 1 | K38: 0 | L38: 0 | M38: 46 | N38: 0 | O38: =SUM(C38:L38,N38) -> 10 | P38: =SUM(C38:N38) -> 56 | R38: IP Period | S38: =SUM(S13:S18) -> 110 | T38: =SUM(T13:T18) -> 11 | U38: =SUM(U13:U18) -> 19 | V38: =SUM(V13:V18) -> 22 | W38: =SUM(W13:W18) -> 0 | X38: =SUM(X13:X18) -> 2 | Y38: =SUM(Y13:Y18) -> 24 | Z38: =SUM(Z13:Z18) -> 18 | ... AF38: =SUM(AF13:AF18) -> 1101
B39: 14.15 - 14.30 | C39: 2 | D39: 0 | E39: 1 | F39: 1 | G39: 0 | H39: 0 | I39: 0 | J39: 3 | K39: 0 | L39: 0 | M39: 41 | N39: 0 | O39: =SUM(C39:L39,N39) -> 7 | P39: =SUM(C39:N39) -> 48 | R39: PM Period | S39: =SUM(S19:S21) -> 70 | T39: =SUM(T19:T21) -> 8 | U39: =SUM(U19:U21) -> 19 | V39: =SUM(V19:V21) -> 8 | W39: =SUM(W19:W21) -> 2 | X39: =SUM(X19:X21) -> 1 | Y39: =SUM(Y19:Y21) -> 17 | Z39: =SUM(Z19:Z21) -> 8 | ... AF39: =SUM(AF19:AF21) -> 678
B40: 14.30 - 14.45 | C40: 1 | D40: 0 | E40: 2 | F40: 0 | G40: 0 | H40: 0 | I40: 5 | J40: 0 | K40: 0 | L40: 0 | M40: 45 | N40: 0 | O40: =SUM(C40:L40,N40) -> 8 | P40: =SUM(C40:N40) -> 53 | R40: 12 Hours | S40: =SUM(S10:S21) -> 261 | T40: =SUM(T10:T21) -> 23 | U40: =SUM(U10:U21) -> 42 | V40: =SUM(V10:V21) -> 39 | W40: =SUM(W10:W21) -> 2 | X40: =SUM(X10:X21) -> 3 | Y40: =SUM(Y10:Y21) -> 47 | Z40: =SUM(Z10:Z21) -> 31 | ... AF40: =SUM(AF10:AF21) -> 2350
B41: 14.45 - 15.00 | C41: 4 | D41: 0 | E41: 0 | F41: 0 | G41: 0 | H41: 0 | I41: 1 | J41: 0 | K41: 0 | L41: 0 | M41: 38 | N41: 0 | O41: =SUM(C41:L41,N41) -> 5 | P41: =SUM(C41:N41) -> 43 | R41: 24 Hrs/ADT | S41: =SUM(S10:S33) -> 315 | T41: =SUM(T10:T33) -> 28 | U41: =SUM(U10:U33) -> 48 | V41: =SUM(V10:V33) -> 50 | W41: =SUM(W10:W33) -> 2 | X41: =SUM(X10:X33) -> 3 | Y41: =SUM(Y10:Y33) -> 54 | Z41: =SUM(Z10:Z33) -> 40 | ... AF41: =SUM(AF10:AF33) -> 2854
B42: 15.00 - 15.15 | C42: 4 | D42: 0 | E42: 0 | F42: 0 | G42: 0 | H42: 0 | I42: 1 | J42: 0 | K42: 0 | L42: 0 | M42: 40 | N42: 0 | O42: =SUM(C42:L42,N42) -> 5 | P42: =SUM(C42:N42) -> 45 | R42: NEF | S42: =S41/S40 -> 1.2068966 | T42: =T41/T40 -> 1.2173913 | U42: =U41/U40 -> 1.1428571 | V42: =V41/V40 -> 1.2820513 | W42: =W41/W40 -> 1 | X42: =X41/X40 -> 1 | Y42: =Y41/Y40 -> 1.1489362 | Z42: =Z41/Z40 -> 1.2903226 | ... AF42: =AF41/AF40 -> 1.2144681
B43: 15.15 - 15.30 | C43: 8 | D43: 1 | E43: 3 | F43: 1 | G43: 0 | H43: 2 | I43: 1 | J43: 0 | K43: 0 | L43: 0 | M43: 46 | N43: 0 | O43: =SUM(C43:L43,N43) -> 16 | P43: =SUM(C43:N43) -> 62
B44: 15.30 - 15.45 | C44: 9 | D44: 0 | E44: 0 | F44: 3 | G44: 0 | H44: 0 | I44: 0 | J44: 2 | K44: 0 | L44: 0 | M44: 37 | N44: 0 | O44: =SUM(C44:L44,N44) -> 14 | P44: =SUM(C44:N44) -> 51
B45: 15.45 - 16.00 | C45: 5 | D45: 0 | E45: 0 | F45: 3 | G45: 0 | H45: 0 | I45: 2 | J45: 0 | K45: 0 | L45: 0 | M45: 58 | N45: 0 | O45: =SUM(C45:L45,N45) -> 10 | P45: =SUM(C45:N45) -> 68
B46: 16.00 - 16.15 | C46: 3 | D46: 0 | E46: 2 | F46: 0 | G46: 0 | H46: 0 | I46: 0 | J46: 1 | K46: 0 | L46: 0 | M46: 41 | N46: 0 | O46: =SUM(C46:L46,N46) -> 6 | P46: =SUM(C46:N46) -> 47
B47: 16.15 -16.30 | C47: 3 | D47: 0 | E47: 3 | F47: 2 | G47: 0 | H47: 0 | I47: 2 | J47: 1 | K47: 0 | L47: 0 | M47: 56 | N47: 0 | O47: =SUM(C47:L47,N47) -> 11 | P47: =SUM(C47:N47) -> 67
B48: 16.30 -16.45 | C48: 7 | D48: 0 | E48: 1 | F48: 1 | G48: 0 | H48: 0 | I48: 1 | J48: 1 | K48: 0 | L48: 1 | M48: 37 | N48: 0 | O48: =SUM(C48:L48,N48) -> 12 | P48: =SUM(C48:N48) -> 49
B49: 16.45 -17.00 | C49: 12 | D49: 1 | E49: 2 | F49: 3 | G49: 0 | H49: 0 | I49: 0 | J49: 0 | K49: 1 | L49: 0 | M49: 46 | N49: 0 | O49: =SUM(C49:L49,N49) -> 19 | P49: =SUM(C49:N49) -> 65
B50: 17.00 -17.15 | C50: 7 | D50: 0 | E50: 1 | F50: 0 | G50: 0 | H50: 0 | I50: 2 | J50: 0 | K50: 0 | L50: 0 | M50: 56 | N50: 0 | O50: =SUM(C50:L50,N50) -> 10 | P50: =SUM(C50:N50) -> 66
B51: 17.15 -17.30 | C51: 6 | D51: 0 | E51: 0 | F51: 0 | G51: 0 | H51: 0 | I51: 0 | J51: 0 | K51: 0 | L51: 0 | M51: 55 | N51: 0 | O51: =SUM(C51:L51,N51) -> 6 | P51: =SUM(C51:N51) -> 61
B52: 17.30 -17.45 | C52: 6 | D52: 1 | E52: 0 | F52: 1 | G52: 1 | H52: 1 | I52: 7 | J52: 1 | K52: 0 | L52: 0 | M52: 48 | N52: 0 | O52: =SUM(C52:L52,N52) -> 18 | P52: =SUM(C52:N52) -> 66
B53: 17.45 -18.00 | C53: 8 | D53: 2 | E53: 2 | F53: 0 | G53: 1 | H53: 0 | I53: 1 | J53: 2 | K53: 2 | L53: 0 | M53: 41 | N53: 0 | O53: =SUM(C53:L53,N53) -> 18 | P53: =SUM(C53:N53) -> 59
B54: 18.00 - 18.15 | C54: 9 | D54: 2 | E54: 2 | F54: 0 | G54: 0 | H54: 0 | I54: 1 | J54: 1 | K54: 1 | L54: 0 | M54: 54 | N54: 0 | O54: =SUM(C54:L54,N54) -> 16 | P54: =SUM(C54:N54) -> 70
... B105: 06.45 - 07.00 | C105: 1 | D105: 1 | E105: 0 | F105: 0 | G105: 0 | H105: 0 | I105: 0 | J105: 0 | K105: 0 | L105: 0 | M105: 16 | N105: 0 | O105: =SUM(C105:L105,N105) -> 2 | P105: =SUM(C105:N105) -> 18
B106: Totals | C106: =SUM(C10:C105) -> 315 | D106: =SUM(D10:D105) -> 28 | E106: =SUM(E10:E105) -> 48 | F106: =SUM(F10:F105) -> 50 | G106: =SUM(G10:G105) -> 2 | H106: =SUM(H10:H105) -> 3 | I106: =SUM(I10:I105) -> 54 | J106: =SUM(J10:J105) -> 40 | ... P106: =SUM(P10:P105) -> 2854
B107: %ges + MCs | C107: =C106/$P$106 -> 0.11037141 | D107: =D106/$P$106 -> 0.0098107919 | E107: =E106/$P$106 -> 0.0168185 | F107: =F106/$P$106 -> 0.017519271 | G107: =G106/$P$106 -> 0.00070077085 | H107: =H106/$P$106 -> 0.0010511563 | I107: =I106/$P$106 -> 0.018920813 | J107: =J106/$P$106 -> 0.014015417 | ... N107: =N106/$P$106 -> 0
B108: %ges w/o MCs | C108: =C106/$O$106 -> 0.5565371 | D108: =D106/$O$106 -> 0.049469965 | E108: =E106/$O$106 -> 0.084805654 | F108: =F106/$O$106 -> 0.088339223 | G108: =G106/$O$106 -> 0.0035335689 | H108: =H106/$O$106 -> 0.0053003534 | I108: =I106/$O$106 -> 0.09540636 | J108: =J106/$O$106 -> 0.070671378 | ... L108: =L106/$O$106 -> 0.0053003534 | N108: =N106/$O$106 -> 0

Sheet 29.10 KYENJOJO-HOIMA
B1: Consultancy services for Preparation of Expressway Development Master Plan (EDMP) for Uganda
B2: MANUAL CLASSIFIED COUNT (MCC)
B3: ROAD NAME: | C3: ='25.10 KYENJOJO-HOIMA'!C3:G3 -> MCC - C4 - STN108 - HOIMA ROAD
C5: Date | D5: 29.10.19 | F5: Location | G5: ='25.10 KYENJOJO-HOIMA'!G5:H5 -> KYENJOJO | J5: Surveyor | K5: ='25.10 KYENJOJO-HOIMA'!K5:L5 -> OLOYA FELIX
C6: Dir. From | D6: ='25.10 KYENJOJO-HOIMA'!D6:E6 -> KYENJOJO | F6: Dir. To | G6: ='25.10 KYENJOJO-HOIMA'!G6:H6 -> HOIMA | J6: Supervisor | K6: ='25.10 KYENJOJO-HOIMA'!K6:L6 -> FELIX
B8: Time / Veh Type | R8: SUMMARY TRAFFIC VOLUMES
C9: 1. Car | D9: 2. Station Wagon | E9: 3. Pickups | F9: 4. Minibus, matatu | G9: 5. Medium bus | H9: 6. Large Bus | I9: 7. Light Truck | J9: 8. Medium Truck | K9: 9. Heavy truck | L9: 10. Truck Trailer | M9: 11. Motor cycles | N9: 12. Tractors | O9: Total Excl M/Cycles | P9: Total All | R9: Time | S9: 1. Car | T9: 2. Station Wagon | U9: 3. Pickups | V9: 4. Minibus, matatu | W9: 5. Medium bus | X9: 6. Large Bus | Y9: 7. Light Truck | Z9: 8. Medium Truck | AA9: 9. Heavy truck | AB9: 10. Truck Trailer | AC9: 11. Motorcycles | AD9: 12. Tractors, Graders | AE9: Total Excl M/ Cycles | AF9: Total All
B10: 07.00 - 07.15 | C10: 3 | D10: 1 | E10: 0 | F10: 0 | G10: 0 | H10: 0 | I10: 0 | J10: 0 | K10: 1 | L10: 0 | M10: 6 | N10: 0 | O10: =SUM(C10:L10,N10) -> 5 | P10: =SUM(C10:N10) -> 11 | R10: 0700-0800 | S10: =SUM(C10:C13) -> 10 | T10: =SUM(D10:D13) -> 2 | U10: =SUM(E10:E13) -> 0 | V10: =SUM(F10:F13) -> 2 | W10: =SUM(G10:G13) -> 0 | X10: =SUM(H10:H13) -> 0 | Y10: =SUM(I10:I13) -> 4 | Z10: =SUM(J10:J13) -> 0 | ... AF10: =SUM(P10:P13) -> 82
B11: 07.15 - 07.30 | C11: 1 | D11: 0 | E11: 0 | F11: 0 | G11: 0 | H11: 0 | I11: 0 | J11: 0 | K11: 0 | L11: 0 | M11: 23 | N11: 0 | O11: =SUM(C11:L11,N11) -> 1 | P11: =SUM(C11:N11) -> 24 | R11: 0800-0900 | S11: =SUM(C14:C17) -> 22 | T11: =SUM(D14:D17) -> 5 | U11: =SUM(E14:E17) -> 8 | V11: =SUM(F14:F17) -> 0 | W11: =SUM(G14:G17) -> 0 | X11: =SUM(H14:H17) -> 2 | Y11: =SUM(I14:I17) -> 4 | Z11: =SUM(J14:J17) -> 3 | ... AF11: =SUM(P14:P17) -> 180
B12: 07.30 - 07.45 | C12: 1 | D12: 1 | E12: 0 | F12: 2 | G12: 0 | H12: 0 | I12: 1 | J12: 0 | K12: 0 | L12: 0 | M12: 9 | N12: 0 | O12: =SUM(C12:L12,N12) -> 5 | P12: =SUM(C12:N12) -> 14 | R12: 0900-1000 | S12: =SUM(C18:C21) -> 17 | T12: =SUM(D18:D21) -> 2 | U12: =SUM(E18:E21) -> 6 | V12: =SUM(F18:F21) -> 1 | W12: =SUM(G18:G21) -> 0 | X12: =SUM(H18:H21) -> 0 | Y12: =SUM(I18:I21) -> 5 | Z12: =SUM(J18:J21) -> 2 | ... AF12: =SUM(P18:P21) -> 113
B13: 07.45 - 08.00 | C13: 5 | D13: 0 | E13: 0 | F13: 0 | G13: 0 | H13: 0 | I13: 3 | J13: 0 | K13: 0 | L13: 0 | M13: 25 | N13: 0 | O13: =SUM(C13:L13,N13) -> 8 | P13: =SUM(C13:N13) -> 33 | R13: 1000-1100 | S13: =SUM(C22:C25) -> 28 | T13: =SUM(D22:D25) -> 3 | U13: =SUM(E22:E25) -> 6 | V13: =SUM(F22:F25) -> 1 | W13: =SUM(G22:G25) -> 0 | X13: =SUM(H22:H25) -> 0 | Y13: =SUM(I22:I25) -> 4 | Z13: =SUM(J22:J25) -> 0 | ... AF13: =SUM(P22:P25) -> 223
B14: 08.00 - 08.15 | C14: 3 | D14: 2 | E14: 3 | F14: 0 | G14: 0 | H14: 0 | I14: 1 | J14: 0 | K14: 0 | L14: 0 | M14: 21 | N14: 0 | O14: =SUM(C14:L14,N14) -> 9 | P14: =SUM(C14:N14) -> 30 | R14: 1100-1200 | S14: =SUM(C26:C29) -> 28 | T14: =SUM(D26:D29) -> 3 | U14: =SUM(E26:E29) -> 4 | V14: =SUM(F26:F29) -> 4 | W14: =SUM(G26:G29) -> 0 | X14: =SUM(H26:H29) -> 0 | Y14: =SUM(I26:I29) -> 4 | Z14: =SUM(J26:J29) -> 3 | ... AF14: =SUM(P26:P29) -> 228
B15: 08.15 - 08.30 | C15: 5 | D15: 2 | E15: 2 | F15: 0 | G15: 0 | H15: 2 | I15: 0 | J15: 0 | K15: 0 | L15: 0 | M15: 37 | N15: 0 | O15: =SUM(C15:L15,N15) -> 11 | P15: =SUM(C15:N15) -> 48 | R15: 1200-1300 | S15: =SUM(C30:C33) -> 29 | T15: =SUM(D30:D33) -> 3 | U15: =SUM(E30:E33) -> 8 | V15: =SUM(F30:F33) -> 5 | W15: =SUM(G30:G33) -> 0 | X15: =SUM(H30:H33) -> 0 | Y15: =SUM(I30:I33) -> 2 | Z15: =SUM(J30:J33) -> 5 | ... AF15: =SUM(P30:P33) -> 206
B16: 08.30 - 08.45 | C16: 8 | D16: 1 | E16: 2 | F16: 0 | G16: 0 | H16: 0 | I16: 2 | J16: 1 | K16: 0 | L16: 0 | M16: 43 | N16: 0 | O16: =SUM(C16:L16,N16) -> 14 | P16: =SUM(C16:N16) -> 57 | R16: 1300-1400 | S16: =SUM(C34:C37) -> 28 | T16: =SUM(D34:D37) -> 1 | U16: =SUM(E34:E37) -> 6 | V16: =SUM(F34:F37) -> 3 | W16: =SUM(G34:G37) -> 0 | X16: =SUM(H34:H37) -> 0 | Y16: =SUM(I34:I37) -> 3 | Z16: =SUM(J34:J37) -> 1 | ... AF16: =SUM(P34:P37) -> 167
B17: 08.45 - 9.00 | C17: 6 | D17: 0 | E17: 1 | F17: 0 | G17: 0 | H17: 0 | I17: 1 | J17: 2 | K17: 0 | L17: 0 | M17: 35 | N17: 0 | O17: =SUM(C17:L17,N17) -> 10 | P17: =SUM(C17:N17) -> 45 | R17: 1400-1500 | S17: =SUM(C38:C41) -> 18 | T17: =SUM(D38:D41) -> 1 | U17: =SUM(E38:E41) -> 3 | V17: =SUM(F38:F41) -> 3 | W17: =SUM(G38:G41) -> 0 | X17: =SUM(H38:H41) -> 0 | Y17: =SUM(I38:I41) -> 3 | Z17: =SUM(J38:J41) -> 3 | ... AF17: =SUM(P38:P41) -> 203
B18: 09.00 - 09.15 | C18: 0 | D18: 0 | E18: 0 | F18: 0 | G18: 0 | H18: 0 | I18: 0 | J18: 0 | K18: 0 | L18: 0 | M18: 20 | N18: 0 | O18: =SUM(C18:L18,N18) -> 0 | P18: =SUM(C18:N18) -> 20 | R18: 1500-1600 | S18: =SUM(C42:C45) -> 16 | T18: =SUM(D42:D45) -> 2 | U18: =SUM(E42:E45) -> 3 | V18: =SUM(F42:F45) -> 5 | W18: =SUM(G42:G45) -> 0 | X18: =SUM(H42:H45) -> 0 | Y18: =SUM(I42:I45) -> 1 | Z18: =SUM(J42:J45) -> 1 | ... AF18: =SUM(P42:P45) -> 155
B19: 09.15 - 09.30 | C19: 5 | D19: 2 | E19: 5 | F19: 0 | G19: 0 | H19: 0 | I19: 1 | J19: 1 | K19: 0 | L19: 0 | M19: 15 | N19: 0 | O19: =SUM(C19:L19,N19) -> 14 | P19: =SUM(C19:N19) -> 29 | R19: 1600-1700 | S19: =SUM(C46:C49) -> 22 | T19: =SUM(D46:D49) -> 0 | U19: =SUM(E46:E49) -> 3 | V19: =SUM(F46:F49) -> 3 | W19: =SUM(G46:G49) -> 0 | X19: =SUM(H46:H49) -> 0 | Y19: =SUM(I46:I49) -> 7 | Z19: =SUM(J46:J49) -> 1 | ... AF19: =SUM(P46:P49) -> 202
B20: 09.30 - 09.45 | C20: 4 | D20: 0 | E20: 1 | F20: 1 | G20: 0 | H20: 0 | I20: 3 | J20: 0 | K20: 1 | L20: 0 | M20: 20 | N20: 0 | O20: =SUM(C20:L20,N20) -> 10 | P20: =SUM(C20:N20) -> 30 | R20: 1700-1800 | S20: =SUM(C50:C53) -> 40 | T20: =SUM(D50:D53) -> 3 | U20: =SUM(E50:E53) -> 3 | V20: =SUM(F50:F53) -> 2 | W20: =SUM(G50:G53) -> 0 | X20: =SUM(H50:H53) -> 0 | Y20: =SUM(I50:I53) -> 7 | Z20: =SUM(J50:J53) -> 5 | ... AF20: =SUM(P50:P53) -> 267
B21: 09.45 - 10.00 | C21: 8 | D21: 0 | E21: 0 | F21: 0 | G21: 0 | H21: 0 | I21: 1 | J21: 1 | K21: 0 | L21: 0 | M21: 24 | N21: 0 | O21: =SUM(C21:L21,N21) -> 10 | P21: =SUM(C21:N21) -> 34 | R21: 1800-1900 | S21: =SUM(C54:C57) -> 26 | T21: =SUM(D54:D57) -> 4 | U21: =SUM(E54:E57) -> 2 | V21: =SUM(F54:F57) -> 1 | W21: =SUM(G54:G57) -> 0 | X21: =SUM(H54:H57) -> 0 | Y21: =SUM(I54:I57) -> 3 | Z21: =SUM(J54:J57) -> 1 | ... AF21: =SUM(P54:P57) -> 224
B22: 10.00 - 10.15 | C22: 3 | D22: 0 | E22: 0 | F22: 0 | G22: 0 | H22: 0 | I22: 0 | J22: 0 | K22: 0 | L22: 0 | M22: 45 | N22: 0 | O22: =SUM(C22:L22,N22) -> 3 | P22: =SUM(C22:N22) -> 48 | R22: AM Peak Hr | S22: =MAX(S10:S12) -> 22 | T22: =MAX(T10:T12) -> 5 | U22: =MAX(U10:U12) -> 8 | V22: =MAX(V10:V12) -> 2 | W22: =MAX(W10:W12) -> 0 | X22: =MAX(X10:X12) -> 2 | Y22: =MAX(Y10:Y12) -> 5 | Z22: =MAX(Z10:Z12) -> 3 | ... AF22: =MAX(AF10:AF12) -> 180
B23: 10.15 - 10.30 | C23: 7 | D23: 0 | E23: 2 | F23: 0 | G23: 0 | H23: 0 | I23: 2 | J23: 0 | K23: 0 | L23: 0 | M23: 48 | N23: 0 | O23: =SUM(C23:L23,N23) -> 11 | P23: =SUM(C23:N23) -> 59 | R23: IP Peak Hr | S23: =MAX(S13:S18) -> 29 | T23: =MAX(T13:T18) -> 3 | U23: =MAX(U13:U18) -> 8 | V23: =MAX(V13:V18) -> 5 | W23: =MAX(W13:W18) -> 0 | X23: =MAX(X13:X18) -> 0 | Y23: =MAX(Y13:Y18) -> 4 | Z23: =MAX(Z13:Z18) -> 5 | ... AF23: =MAX(AF13:AF18) -> 228
B24: 10.30 - 10.45 | C24: 11 | D24: 3 | E24: 2 | F24: 0 | G24: 0 | H24: 0 | I24: 0 | J24: 0 | K24: 0 | L24: 0 | M24: 42 | N24: 0 | O24: =SUM(C24:L24,N24) -> 16 | P24: =SUM(C24:N24) -> 58 | R24: PM Peak Hr | S24: =MAX(S19:S21) -> 40 | T24: =MAX(T19:T21) -> 4 | U24: =MAX(U19:U21) -> 3 | V24: =MAX(V19:V21) -> 3 | W24: =MAX(W19:W21) -> 0 | X24: =MAX(X19:X21) -> 0 | Y24: =MAX(Y19:Y21) -> 7 | Z24: =MAX(Z19:Z21) -> 5 | ... AF24: =MAX(AF19:AF21) -> 267
B25: 10.45 - 11.00 | C25: 7 | D25: 0 | E25: 2 | F25: 1 | G25: 0 | H25: 0 | I25: 2 | J25: 0 | K25: 0 | L25: 0 | M25: 46 | N25: 0 | O25: =SUM(C25:L25,N25) -> 12 | P25: =SUM(C25:N25) -> 58 | R25: AM Period | S25: =SUM(S10:S12) -> 49 | T25: =SUM(T10:T12) -> 9 | U25: =SUM(U10:U12) -> 14 | V25: =SUM(V10:V12) -> 3 | W25: =SUM(W10:W12) -> 0 | X25: =SUM(X10:X12) -> 2 | Y25: =SUM(Y10:Y12) -> 13 | Z25: =SUM(Z10:Z12) -> 5 | ... AF25: =SUM(AF10:AF12) -> 375
B26: 11.00 - 11.15 | C26: 8 | D26: 1 | E26: 1 | F26: 1 | G26: 0 | H26: 0 | I26: 2 | J26: 0 | K26: 0 | L26: 0 | M26: 48 | N26: 1 | O26: =SUM(C26:L26,N26) -> 14 | P26: =SUM(C26:N26) -> 62 | R26: IP Period | S26: =SUM(S13:S18) -> 147 | T26: =SUM(T13:T18) -> 13 | U26: =SUM(U13:U18) -> 30 | V26: =SUM(V13:V18) -> 21 | W26: =SUM(W13:W18) -> 0 | X26: =SUM(X13:X18) -> 0 | Y26: =SUM(Y13:Y18) -> 17 | Z26: =SUM(Z13:Z18) -> 13 | ... AF26: =SUM(AF13:AF18) -> 1182
B27: 11.15 - 11.30 | C27: 6 | D27: 0 | E27: 1 | F27: 3 | G27: 0 | H27: 0 | I27: 1 | J27: 0 | K27: 0 | L27: 0 | M27: 36 | N27: 0 | O27: =SUM(C27:L27,N27) -> 11 | P27: =SUM(C27:N27) -> 47 | R27: PM Period | S27: =SUM(S19:S21) -> 88 | T27: =SUM(T19:T21) -> 7 | U27: =SUM(U19:U21) -> 8 | V27: =SUM(V19:V21) -> 6 | W27: =SUM(W19:W21) -> 0 | X27: =SUM(X19:X21) -> 0 | Y27: =SUM(Y19:Y21) -> 17 | Z27: =SUM(Z19:Z21) -> 7 | ... AF27: =SUM(AF19:AF21) -> 693
B28: 11.30 - 11.45 | C28: 7 | D28: 2 | E28: 0 | F28: 0 | G28: 0 | H28: 0 | I28: 0 | J28: 2 | K28: 0 | L28: 0 | M28: 43 | N28: 0 | O28: =SUM(C28:L28,N28) -> 11 | P28: =SUM(C28:N28) -> 54 | R28: 12 Hours | S28: =SUM(S10:S21) -> 284 | T28: =SUM(T10:T21) -> 29 | U28: =SUM(U10:U21) -> 52 | V28: =SUM(V10:V21) -> 30 | W28: =SUM(W10:W21) -> 0 | X28: =SUM(X10:X21) -> 2 | Y28: =SUM(Y10:Y21) -> 47 | Z28: =SUM(Z10:Z21) -> 25 | ... AF28: =SUM(AF10:AF21) -> 2250
B29: 11.45 - 12.00 | C29: 7 | D29: 0 | E29: 2 | F29: 0 | G29: 0 | H29: 0 | I29: 1 | J29: 1 | K29: 0 | L29: 1 | M29: 53 | N29: 0 | O29: =SUM(C29:L29,N29) -> 12 | P29: =SUM(C29:N29) -> 65
B30: 12.00 - 12.15 | C30: 4 | D30: 2 | E30: 0 | F30: 1 | G30: 0 | H30: 0 | I30: 0 | J30: 1 | K30: 0 | L30: 2 | M30: 39 | N30: 0 | O30: =SUM(C30:L30,N30) -> 10 | P30: =SUM(C30:N30) -> 49
B31: 12.15 - 12.30 | C31: 6 | D31: 0 | E31: 2 | F31: 2 | G31: 0 | H31: 0 | I31: 1 | J31: 0 | K31: 0 | L31: 0 | M31: 35 | N31: 0 | O31: =SUM(C31:L31,N31) -> 11 | P31: =SUM(C31:N31) -> 46
B32: 12.30 - 12.45 | C32: 9 | D32: 0 | E32: 3 | F32: 0 | G32: 0 | H32: 0 | I32: 1 | J32: 0 | K32: 0 | L32: 0 | M32: 33 | N32: 0 | O32: =SUM(C32:L32,N32) -> 13 | P32: =SUM(C32:N32) -> 46
B33: 12.45 - 13.00 | C33: 10 | D33: 1 | E33: 3 | F33: 2 | G33: 0 | H33: 0 | I33: 0 | J33: 4 | K33: 0 | L33: 0 | M33: 45 | N33: 0 | O33: =SUM(C33:L33,N33) -> 20 | P33: =SUM(C33:N33) -> 65
B34: 13.00 - 13.15 | C34: 5 | D34: 0 | E34: 1 | F34: 1 | G34: 0 | H34: 0 | I34: 0 | J34: 0 | K34: 1 | L34: 0 | M34: 14 | N34: 0 | O34: =SUM(C34:L34,N34) -> 8 | P34: =SUM(C34:N34) -> 22
B35: 13.15 - 13.30 | C35: 8 | D35: 1 | E35: 0 | F35: 1 | G35: 0 | H35: 0 | I35: 0 | J35: 0 | K35: 0 | L35: 0 | M35: 30 | N35: 0 | O35: =SUM(C35:L35,N35) -> 10 | P35: =SUM(C35:N35) -> 40
B36: 13.30 - 13.45 | C36: 8 | D36: 0 | E36: 2 | F36: 1 | G36: 0 | H36: 0 | I36: 0 | J36: 0 | K36: 0 | L36: 0 | M36: 33 | N36: 0 | O36: =SUM(C36:L36,N36) -> 11 | P36: =SUM(C36:N36) -> 44
B37: 13.45 - 14.00 | C37: 7 | D37: 0 | E37: 3 | F37: 0 | G37: 0 | H37: 0 | I37: 3 | J37: 1 | K37: 0 | L37: 1 | M37: 46 | N37: 0 | O37: =SUM(C37:L37,N37) -> 15 | P37: =SUM(C37:N37) -> 61
B38: 14.00 - 14.15 | C38: 4 | D38: 1 | E38: 1 | F38: 2 | G38: 0 | H38: 0 | I38: 2 | J38: 2 | K38: 0 | L38: 0 | M38: 40 | N38: 0 | O38: =SUM(C38:L38,N38) -> 12 | P38: =SUM(C38:N38) -> 52
B39: 14.15 - 14.30 | C39: 4 | D39: 0 | E39: 1 | F39: 0 | G39: 0 | H39: 0 | I39: 1 | J39: 0 | K39: 0 | L39: 0 | M39: 30 | N39: 0 | O39: =SUM(C39:L39,N39) -> 6 | P39: =SUM(C39:N39) -> 36
B40: 14.30 - 14.45 | C40: 5 | D40: 0 | E40: 0 | F40: 1 | G40: 0 | H40: 0 | I40: 0 | J40: 1 | K40: 0 | L40: 0 | M40: 48 | N40: 0 | O40: =SUM(C40:L40,N40) -> 7 | P40: =SUM(C40:N40) -> 55
... B57: 18.45 - 19.00 | C57: 5 | D57: 2 | E57: 0 | F57: 0 | G57: 0 | H57: 0 | I57: 0 | J57: 0 | K57: 0 | L57: 0 | M57: 22 | N57: 0 | O57: =SUM(C57:L57,N57) -> 7 | P57: =SUM(C57:N57) -> 29
B58: Totals | C58: =SUM(C10:C57) -> 284 | D58: =SUM(D10:D57) -> 29 | E58: =SUM(E10:E57) -> 52 | F58: =SUM(F10:F57) -> 30 | G58: =SUM(G10:G57) -> 0 | H58: =SUM(H10:H57) -> 2 | I58: =SUM(I10:I57) -> 47 | J58: =SUM(J10:J57) -> 25 | ... P58: =SUM(P10:P57) -> 2250
B59: %ges + MCs | C59: =C58/$P$58 -> 0.12622222 | D59: =D58/$P$58 -> 0.012888889 | E59: =E58/$P$58 -> 0.023111111 | F59: =F58/$P$58 -> 0.013333333 | G59: =G58/$P$58 -> 0 | H59: =H58/$P$58 -> 0.00088888889 | I59: =I58/$P$58 -> 0.020888889 | J59: =J58/$P$58 -> 0.011111111 | ... N59: =N58/$P$58 -> 0.00044444444
B60: %ges w/o MCs | C60: =C58/$O$58 -> 0.58677686 | D60: =D58/$O$58 -> 0.059917355 | E60: =E58/$O$58 -> 0.10743802 | F60: =F58/$O$58 -> 0.061983471 | G60: =G58/$O$58 -> 0 | H60: =H58/$O$58 -> 0.0041322314 | I60: =I58/$O$58 -> 0.097107438 | J60: =J58/$O$58 -> 0.051652893 | ... L60: =L58/$O$58 -> 0.016528926 | N60: =N58/$O$58 -> 0.0020661157

Sheet 29.10 HOIMA-KYENJOJO
B1: Consultancy services for Preparation of Expressway Development Master Plan (EDMP) for Uganda
B2: MANUAL CLASSIFIED COUNT (MCC)
B3: ROAD NAME: | C3: ='25.10 HOIMA-KYENJOJO'!C3:G3 -> MCC - C4 - STN108 - HOIMA ROAD
C5: Date | D5: ='29.10 KYENJOJO-HOIMA'!D5 -> 29.10.19 | F5: Location | G5: ='25.10 KYENJOJO-HOIMA'!G5:H5 -> KYENJOJO | J5: Surveyor | K5: ='25.10 KYENJOJO-HOIMA'!K5:L5 -> OLOYA FELIX
C6: Dir. From | D6: ='25.10 HOIMA-KYENJOJO'!D6:E6 -> HOIMA | F6: Dir. To | G6: ='25.10 HOIMA-KYENJOJO'!G6:H6 -> KYENJOJO | J6: Supervisor | K6: ='25.10 KYENJOJO-HOIMA'!K6:L6 -> FELIX
B8: Time / Veh Type | R8: SUMMARY TRAFFIC VOLUMES
C9: 1. Car | D9: 2. Station Wagon | E9: 3. Pickups | F9: 4. Minibus, matatu | G9: 5. Medium bus | H9: 6. Large Bus | I9: 7. Light Truck | J9: 8. Medium Truck | K9: 9. Heavy truck | L9: 10. Truck Trailer | M9: 11. Motor cycles | N9: 12. Tractors | O9: Total Excl M/Cycles | P9: Total All | R9: Time | S9: 1. Car | T9: 2. Station Wagon | U9: 3. Pickups | V9: 4. Minibus, matatu | W9: 5. Medium bus | X9: 6. Large Bus | Y9: 7. Light Truck | Z9: 8. Medium Truck | AA9: 9. Heavy truck | AB9: 10. Truck Trailer | AC9: 11. Motorcycles | AD9: 12. Tractors, Graders | AE9: Total Excl M/ Cycles | AF9: Total All
B10: 07.00 - 07.15 | C10: 6 | D10: 0 | E10: 0 | F10: 0 | G10: 0 | H10: 0 | I10: 0 | J10: 8 | K10: 0 | L10: 0 | M10: 27 | N10: 0 | O10: =SUM(C10:L10,N10) -> 14 | P10: =SUM(C10:N10) -> 41 | R10: 0700-0800 | S10: =SUM(C10:C13) -> 16 | T10: =SUM(D10:D13) -> 1 | U10: =SUM(E10:E13) -> 1 | V10: =SUM(F10:F13) -> 1 | W10: =SUM(G10:G13) -> 0 | X10: =SUM(H10:H13) -> 0 | Y10: =SUM(I10:I13) -> 0 | Z10: =SUM(J10:J13) -> 10 | ... AF10: =SUM(P10:P13) -> 149
B11: 07.15 - 07.30 | C11: 2 | D11: 0 | E11: 0 | F11: 0 | G11: 0 | H11: 0 | I11: 0 | J11: 2 | K11: 0 | L11: 0 | M11: 28 | N11: 0 | O11: =SUM(C11:L11,N11) -> 4 | P11: =SUM(C11:N11) -> 32 | R11: 0800-0900 | S11: =SUM(C14:C17) -> 30 | T11: =SUM(D14:D17) -> 4 | U11: =SUM(E14:E17) -> 3 | V11: =SUM(F14:F17) -> 5 | W11: =SUM(G14:G17) -> 0 | X11: =SUM(H14:H17) -> 0 | Y11: =SUM(I14:I17) -> 4 | Z11: =SUM(J14:J17) -> 2 | ... AF11: =SUM(P14:P17) -> 181
B12: 07.30 - 07.45 | C12: 1 | D12: 1 | E12: 1 | F12: 1 | G12: 0 | H12: 0 | I12: 0 | J12: 0 | K12: 0 | L12: 0 | M12: 13 | N12: 0 | O12: =SUM(C12:L12,N12) -> 4 | P12: =SUM(C12:N12) -> 17 | R12: 0900-1000 | S12: =SUM(C18:C21) -> 23 | T12: =SUM(D18:D21) -> 2 | U12: =SUM(E18:E21) -> 3 | V12: =SUM(F18:F21) -> 6 | W12: =SUM(G18:G21) -> 0 | X12: =SUM(H18:H21) -> 0 | Y12: =SUM(I18:I21) -> 4 | Z12: =SUM(J18:J21) -> 1 | ... AF12: =SUM(P18:P21) -> 147
B13: 07.45 - 08.00 | C13: 7 | D13: 0 | E13: 0 | F13: 0 | G13: 0 | H13: 0 | I13: 0 | J13: 0 | K13: 0 | L13: 0 | M13: 52 | N13: 0 | O13: =SUM(C13:L13,N13) -> 7 | P13: =SUM(C13:N13) -> 59 | R13: 1000-1100 | S13: =SUM(C22:C25) -> 30 | T13: =SUM(D22:D25) -> 1 | U13: =SUM(E22:E25) -> 5 | V13: =SUM(F22:F25) -> 3 | W13: =SUM(G22:G25) -> 0 | X13: =SUM(H22:H25) -> 0 | Y13: =SUM(I22:I25) -> 2 | Z13: =SUM(J22:J25) -> 4 | ... AF13: =SUM(P22:P25) -> 229
B14: 08.00 - 08.15 | C14: 5 | D14: 1 | E14: 0 | F14: 0 | G14: 0 | H14: 0 | I14: 2 | J14: 0 | K14: 0 | L14: 0 | M14: 33 | N14: 0 | O14: =SUM(C14:L14,N14) -> 8 | P14: =SUM(C14:N14) -> 41 | R14: 1100-1200 | S14: =SUM(C26:C29) -> 27 | T14: =SUM(D26:D29) -> 0 | U14: =SUM(E26:E29) -> 4 | V14: =SUM(F26:F29) -> 1 | W14: =SUM(G26:G29) -> 0 | X14: =SUM(H26:H29) -> 0 | Y14: =SUM(I26:I29) -> 3 | Z14: =SUM(J26:J29) -> 1 | ... AF14: =SUM(P26:P29) -> 192
B15: 08.15 - 08.30 | C15: 10 | D15: 2 | E15: 1 | F15: 2 | G15: 0 | H15: 0 | I15: 1 | J15: 0 | K15: 2 | L15: 0 | M15: 37 | N15: 0 | O15: =SUM(C15:L15,N15) -> 18 | P15: =SUM(C15:N15) -> 55 | R15: 1200-1300 | S15: =SUM(C30:C33) -> 16 | T15: =SUM(D30:D33) -> 3 | U15: =SUM(E30:E33) -> 2 | V15: =SUM(F30:F33) -> 3 | W15: =SUM(G30:G33) -> 0 | X15: =SUM(H30:H33) -> 0 | Y15: =SUM(I30:I33) -> 4 | Z15: =SUM(J30:J33) -> 1 | ... AF15: =SUM(P30:P33) -> 166
B16: 08.30 - 08.45 | C16: 11 | D16: 1 | E16: 1 | F16: 1 | G16: 0 | H16: 0 | I16: 0 | J16: 1 | K16: 0 | L16: 0 | M16: 28 | N16: 0 | O16: =SUM(C16:L16,N16) -> 15 | P16: =SUM(C16:N16) -> 43 | R16: 1300-1400 | S16: =SUM(C34:C37) -> 25 | T16: =SUM(D34:D37) -> 1 | U16: =SUM(E34:E37) -> 1 | V16: =SUM(F34:F37) -> 3 | W16: =SUM(G34:G37) -> 0 | X16: =SUM(H34:H37) -> 0 | Y16: =SUM(I34:I37) -> 1 | Z16: =SUM(J34:J37) -> 3 | ... AF16: =SUM(P34:P37) -> 169
B17: 08.45 - 9.00 | C17: 4 | D17: 0 | E17: 1 | F17: 2 | G17: 0 | H17: 0 | I17: 1 | J17: 1 | K17: 0 | L17: 0 | M17: 33 | N17: 0 | O17: =SUM(C17:L17,N17) -> 9 | P17: =SUM(C17:N17) -> 42 | R17: 1400-1500 | S17: =SUM(C38:C41) -> 14 | T17: =SUM(D38:D41) -> 4 | U17: =SUM(E38:E41) -> 6 | V17: =SUM(F38:F41) -> 8 | W17: =SUM(G38:G41) -> 0 | X17: =SUM(H38:H41) -> 0 | Y17: =SUM(I38:I41) -> 5 | Z17: =SUM(J38:J41) -> 2 | ... AF17: =SUM(P38:P41) -> 145
B18: 09.00 - 09.15 | C18: 4 | D18: 1 | E18: 1 | F18: 2 | G18: 0 | H18: 0 | I18: 0 | J18: 0 | K18: 0 | L18: 0 | M18: 25 | N18: 0 | O18: =SUM(C18:L18,N18) -> 8 | P18: =SUM(C18:N18) -> 33 | R18: 1500-1600 | S18: =SUM(C42:C45) -> 20 | T18: =SUM(D42:D45) -> 2 | U18: =SUM(E42:E45) -> 3 | V18: =SUM(F42:F45) -> 2 | W18: =SUM(G42:G45) -> 1 | X18: =SUM(H42:H45) -> 0 | Y18: =SUM(I42:I45) -> 2 | Z18: =SUM(J42:J45) -> 1 | ... AF18: =SUM(P42:P45) -> 164
B19: 09.15 - 09.30 | C19: 6 | D19: 1 | E19: 0 | F19: 0 | G19: 0 | H19: 0 | I19: 1 | J19: 0 | K19: 0 | L19: 0 | M19: 22 | N19: 0 | O19: =SUM(C19:L19,N19) -> 8 | P19: =SUM(C19:N19) -> 30 | R19: 1600-1700 | S19: =SUM(C46:C49) -> 26 | T19: =SUM(D46:D49) -> 1 | U19: =SUM(E46:E49) -> 5 | V19: =SUM(F46:F49) -> 3 | W19: =SUM(G46:G49) -> 0 | X19: =SUM(H46:H49) -> 0 | Y19: =SUM(I46:I49) -> 4 | Z19: =SUM(J46:J49) -> 3 | ... AF19: =SUM(P46:P49) -> 157
B20: 09.30 - 09.45 | C20: 5 | D20: 0 | E20: 2 | F20: 1 | G20: 0 | H20: 0 | I20: 3 | J20: 1 | K20: 0 | L20: 0 | M20: 35 | N20: 0 | O20: =SUM(C20:L20,N20) -> 12 | P20: =SUM(C20:N20) -> 47 | R20: 1700-1800 | S20: =SUM(C50:C53) -> 19 | T20: =SUM(D50:D53) -> 2 | U20: =SUM(E50:E53) -> 5 | V20: =SUM(F50:F53) -> 2 | W20: =SUM(G50:G53) -> 0 | X20: =SUM(H50:H53) -> 1 | Y20: =SUM(I50:I53) -> 5 | Z20: =SUM(J50:J53) -> 6 | ... AF20: =SUM(P50:P53) -> 210
B21: 09.45 - 10.00 | C21: 8 | D21: 0 | E21: 0 | F21: 3 | G21: 0 | H21: 0 | I21: 0 | J21: 0 | K21: 0 | L21: 0 | M21: 26 | N21: 0 | O21: =SUM(C21:L21,N21) -> 11 | P21: =SUM(C21:N21) -> 37 | R21: 1800-1900 | S21: =SUM(C54:C57) -> 20 | T21: =SUM(D54:D57) -> 2 | U21: =SUM(E54:E57) -> 6 | V21: =SUM(F54:F57) -> 10 | W21: =SUM(G54:G57) -> 0 | X21: =SUM(H54:H57) -> 0 | Y21: =SUM(I54:I57) -> 1 | Z21: =SUM(J54:J57) -> 4 | ... AF21: =SUM(P54:P57) -> 223
B22: 10.00 - 10.15 | C22: 6 | D22: 0 | E22: 0 | F22: 0 | G22: 0 | H22: 0 | I22: 0 | J22: 0 | K22: 9 | L22: 0 | M22: 42 | N22: 0 | O22: =SUM(C22:L22,N22) -> 15 | P22: =SUM(C22:N22) -> 57 | R22: AM Peak Hr | S22: =MAX(S10:S12) -> 30 | T22: =MAX(T10:T12) -> 4 | U22: =MAX(U10:U12) -> 3 | V22: =MAX(V10:V12) -> 6 | W22: =MAX(W10:W12) -> 0 | X22: =MAX(X10:X12) -> 0 | Y22: =MAX(Y10:Y12) -> 4 | Z22: =MAX(Z10:Z12) -> 10 | ... AF22: =MAX(AF10:AF12) -> 181
B23: 10.15 - 10.30 | C23: 5 | D23: 0 | E23: 1 | F23: 1 | G23: 0 | H23: 0 | I23: 1 | J23: 1 | K23: 0 | L23: 0 | M23: 35 | N23: 0 | O23: =SUM(C23:L23,N23) -> 9 | P23: =SUM(C23:N23) -> 44 | R23: IP Peak Hr | S23: =MAX(S13:S18) -> 30 | T23: =MAX(T13:T18) -> 4 | U23: =MAX(U13:U18) -> 6 | V23: =MAX(V13:V18) -> 8 | W23: =MAX(W13:W18) -> 1 | X23: =MAX(X13:X18) -> 0 | Y23: =MAX(Y13:Y18) -> 5 | Z23: =MAX(Z13:Z18) -> 4 | ... AF23: =MAX(AF13:AF18) -> 229
B24: 10.30 - 10.45 | C24: 12 | D24: 0 | E24: 2 | F24: 1 | G24: 0 | H24: 0 | I24: 0 | J24: 3 | K24: 0 | L24: 0 | M24: 40 | N24: 0 | O24: =SUM(C24:L24,N24) -> 18 | P24: =SUM(C24:N24) -> 58 | R24: PM Peak Hr | S24: =MAX(S19:S21) -> 26 | T24: =MAX(T19:T21) -> 2 | U24: =MAX(U19:U21) -> 6 | V24: =MAX(V19:V21) -> 10 | W24: =MAX(W19:W21) -> 0 | X24: =MAX(X19:X21) -> 1 | Y24: =MAX(Y19:Y21) -> 5 | Z24: =MAX(Z19:Z21) -> 6 | ... AF24: =MAX(AF19:AF21) -> 223
B25: 10.45 - 11.00 | C25: 7 | D25: 1 | E25: 2 | F25: 1 | G25: 0 | H25: 0 | I25: 1 | J25: 0 | K25: 0 | L25: 0 | M25: 58 | N25: 0 | O25: =SUM(C25:L25,N25) -> 12 | P25: =SUM(C25:N25) -> 70 | R25: AM Period | S25: =SUM(S10:S12) -> 69 | T25: =SUM(T10:T12) -> 7 | U25: =SUM(U10:U12) -> 7 | V25: =SUM(V10:V12) -> 12 | W25: =SUM(W10:W12) -> 0 | X25: =SUM(X10:X12) -> 0 | Y25: =SUM(Y10:Y12) -> 8 | Z25: =SUM(Z10:Z12) -> 13 | ... AF25: =SUM(AF10:AF12) -> 477
B26: 11.00 - 11.15 | C26: 7 | D26: 0 | E26: 2 | F26: 0 | G26: 0 | H26: 0 | I26: 2 | J26: 1 | K26: 0 | L26: 0 | M26: 41 | N26: 0 | O26: =SUM(C26:L26,N26) -> 12 | P26: =SUM(C26:N26) -> 53 | R26: IP Period | S26: =SUM(S13:S18) -> 132 | T26: =SUM(T13:T18) -> 11 | U26: =SUM(U13:U18) -> 21 | V26: =SUM(V13:V18) -> 20 | W26: =SUM(W13:W18) -> 1 | X26: =SUM(X13:X18) -> 0 | Y26: =SUM(Y13:Y18) -> 17 | Z26: =SUM(Z13:Z18) -> 12 | ... AF26: =SUM(AF13:AF18) -> 1065
B27: 11.15 - 11.30 | C27: 7 | D27: 0 | E27: 0 | F27: 1 | G27: 0 | H27: 0 | I27: 0 | J27: 0 | K27: 0 | L27: 1 | M27: 22 | N27: 0 | O27: =SUM(C27:L27,N27) -> 9 | P27: =SUM(C27:N27) -> 31 | R27: PM Period | S27: =SUM(S19:S21) -> 65 | T27: =SUM(T19:T21) -> 5 | U27: =SUM(U19:U21) -> 16 | V27: =SUM(V19:V21) -> 15 | W27: =SUM(W19:W21) -> 0 | X27: =SUM(X19:X21) -> 1 | Y27: =SUM(Y19:Y21) -> 10 | Z27: =SUM(Z19:Z21) -> 13 | ... AF27: =SUM(AF19:AF21) -> 590
B28: 11.30 - 11.45 | C28: 5 | D28: 0 | E28: 1 | F28: 0 | G28: 0 | H28: 0 | I28: 1 | J28: 0 | K28: 0 | L28: 0 | M28: 42 | N28: 0 | O28: =SUM(C28:L28,N28) -> 7 | P28: =SUM(C28:N28) -> 49 | R28: 12 Hours | S28: =SUM(S10:S21) -> 266 | T28: =SUM(T10:T21) -> 23 | U28: =SUM(U10:U21) -> 44 | V28: =SUM(V10:V21) -> 47 | W28: =SUM(W10:W21) -> 1 | X28: =SUM(X10:X21) -> 1 | Y28: =SUM(Y10:Y21) -> 35 | Z28: =SUM(Z10:Z21) -> 38 | ... AF28: =SUM(AF10:AF21) -> 2132
B29: 11.45 - 12.00 | C29: 8 | D29: 0 | E29: 1 | F29: 0 | G29: 0 | H29: 0 | I29: 0 | J29: 0 | K29: 0 | L29: 0 | M29: 49 | N29: 1 | O29: =SUM(C29:L29,N29) -> 10 | P29: =SUM(C29:N29) -> 59
B30: 12.00 - 12.15 | C30: 3 | D30: 0 | E30: 0 | F30: 0 | G30: 0 | H30: 0 | I30: 3 | J30: 0 | K30: 0 | L30: 0 | M30: 32 | N30: 0 | O30: =SUM(C30:L30,N30) -> 6 | P30: =SUM(C30:N30) -> 38
B31: 12.15 - 12.30 | C31: 6 | D31: 1 | E31: 1 | F31: 2 | G31: 0 | H31: 0 | I31: 1 | J31: 1 | K31: 0 | L31: 0 | M31: 39 | N31: 0 | O31: =SUM(C31:L31,N31) -> 12 | P31: =SUM(C31:N31) -> 51
B32: 12.30 - 12.45 | C32: 3 | D32: 1 | E32: 0 | F32: 0 | G32: 0 | H32: 0 | I32: 0 | J32: 0 | K32: 0 | L32: 0 | M32: 34 | N32: 0 | O32: =SUM(C32:L32,N32) -> 4 | P32: =SUM(C32:N32) -> 38
B33: 12.45 - 13.00 | C33: 4 | D33: 1 | E33: 1 | F33: 1 | G33: 0 | H33: 0 | I33: 0 | J33: 0 | K33: 0 | L33: 0 | M33: 32 | N33: 0 | O33: =SUM(C33:L33,N33) -> 7 | P33: =SUM(C33:N33) -> 39
B34: 13.00 - 13.15 | C34: 2 | D34: 0 | E34: 0 | F34: 2 | G34: 0 | H34: 0 | I34: 0 | J34: 0 | K34: 0 | L34: 0 | M34: 26 | N34: 0 | O34: =SUM(C34:L34,N34) -> 4 | P34: =SUM(C34:N34) -> 30
B35: 13.15 - 13.30 | C35: 11 | D35: 0 | E35: 0 | F35: 0 | G35: 0 | H35: 0 | I35: 0 | J35: 0 | K35: 0 | L35: 0 | M35: 30 | N35: 0 | O35: =SUM(C35:L35,N35) -> 11 | P35: =SUM(C35:N35) -> 41
B36: 13.30 - 13.45 | C36: 6 | D36: 1 | E36: 0 | F36: 1 | G36: 0 | H36: 0 | I36: 0 | J36: 2 | K36: 0 | L36: 0 | M36: 35 | N36: 0 | O36: =SUM(C36:L36,N36) -> 10 | P36: =SUM(C36:N36) -> 45
B37: 13.45 - 14.00 | C37: 6 | D37: 0 | E37: 1 | F37: 0 | G37: 0 | H37: 0 | I37: 1 | J37: 1 | K37: 1 | L37: 0 | M37: 43 | N37: 0 | O37: =SUM(C37:L37,N37) -> 10 | P37: =SUM(C37:N37) -> 53
B38: 14.00 - 14.15 | C38: 4 | D38: 0 | E38: 2 | F38: 5 | G38: 0 | H38: 0 | I38: 2 | J38: 1 | K38: 1 | L38: 0 | M38: 36 | N38: 0 | O38: =SUM(C38:L38,N38) -> 15 | P38: =SUM(C38:N38) -> 51
B39: 14.15 - 14.30 | C39: 3 | D39: 2 | E39: 1 | F39: 1 | G39: 0 | H39: 0 | I39: 1 | J39: 1 | K39: 1 | L39: 0 | M39: 20 | N39: 0 | O39: =SUM(C39:L39,N39) -> 10 | P39: =SUM(C39:N39) -> 30
B40: 14.30 - 14.45 | C40: 3 | D40: 0 | E40: 1 | F40: 0 | G40: 0 | H40: 0 | I40: 1 | J40: 0 | K40: 0 | L40: 0 | M40: 24 | N40: 0 | O40: =SUM(C40:L40,N40) -> 5 | P40: =SUM(C40:N40) -> 29
... B57: 18.45 - 19.00 | C57: 6 | D57: 0 | E57: 0 | F57: 1 | G57: 0 | H57: 0 | I57: 0 | J57: 0 | K57: 0 | L57: 0 | M57: 33 | N57: 0 | O57: =SUM(C57:L57,N57) -> 7 | P57: =SUM(C57:N57) -> 40
B58: Totals | C58: =SUM(C10:C57) -> 266 | D58: =SUM(D10:D57) -> 23 | E58: =SUM(E10:E57) -> 44 | F58: =SUM(F10:F57) -> 47 | G58: =SUM(G10:G57) -> 1 | H58: =SUM(H10:H57) -> 1 | I58: =SUM(I10:I57) -> 35 | J58: =SUM(J10:J57) -> 38 | ... P58: =SUM(P10:P57) -> 2132
B59: %ges + MCs | C59: =C58/$P$58 -> 0.12476548 | D59: =D58/$P$58 -> 0.010787992 | E59: =E58/$P$58 -> 0.020637899 | F59: =F58/$P$58 -> 0.022045028 | G59: =G58/$P$58 -> 0.00046904315 | H59: =H58/$P$58 -> 0.00046904315 | I59: =I58/$P$58 -> 0.01641651 | J59: =J58/$P$58 -> 0.01782364 | ... N59: =N58/$P$58 -> 0.00046904315
B60: %ges w/o MCs | C60: =C58/$O$58 -> 0.55882353 | D60: =D58/$O$58 -> 0.048319328 | E60: =E58/$O$58 -> 0.092436975 | F60: =F58/$O$58 -> 0.098739496 | G60: =G58/$O$58 -> 0.0021008403 | H60: =H58/$O$58 -> 0.0021008403 | I60: =I58/$O$58 -> 0.073529412 | J60: =J58/$O$58 -> 0.079831933 | ... L60: =L58/$O$58 -> 0.006302521 | N60: =N58/$O$58 -> 0.0021008403

Sheet 30.10 KYENJOJO-HOIMA
B1: Consultancy services for Preparation of Expressway Development Master Plan (EDMP) for Uganda
B2: MANUAL CLASSIFIED COUNT (MCC)
B3: ROAD NAME: | C3: ='25.10 KYENJOJO-HOIMA'!C3:G3 -> MCC - C4 - STN108 - HOIMA ROAD
C5: Date | D5: 30.10.19 | F5: Location | G5: ='29.10 HOIMA-KYENJOJO'!G5:H5 -> KYENJOJO | J5: Surveyor | K5: ='29.10 HOIMA-KYENJOJO'!K5:L5 -> OLOYA FELIX
C6: Dir. From | D6: ='25.10 KYENJOJO-HOIMA'!D6:E6 -> KYENJOJO | F6: Dir. To | G6: ='25.10 KYENJOJO-HOIMA'!G6:H6 -> HOIMA | J6: Supervisor | K6: ='29.10 HOIMA-KYENJOJO'!K6:L6 -> FELIX
B8: Time / Veh Type | R8: SUMMARY TRAFFIC VOLUMES
C9: 1. Car | D9: 2. Station Wagon | E9: 3. Pickups | F9: 4. Minibus, matatu | G9: 5. Medium bus | H9: 6. Large Bus | I9: 7. Light Truck | J9: 8. Medium Truck | K9: 9. Heavy truck | L9: 10. Truck Trailer | M9: 11. Motor cycles | N9: 12. Tractors | O9: Total Excl M/Cycles | P9: Total All | R9: Time | S9: 1. Car | T9: 2. Station Wagon | U9: 3. Pickups | V9: 4. Minibus, matatu | W9: 5. Medium bus | X9: 6. Large Bus | Y9: 7. Light Truck | Z9: 8. Medium Truck | AA9: 9. Heavy truck | AB9: 10. Truck Trailer | AC9: 11. Motorcycles | AD9: 12. Tractors, Graders | AE9: Total Excl M/ Cycles | AF9: Total All
B10: 07.00 - 07.15 | C10: 5 | D10: 0 | E10: 0 | F10: 2 | G10: 0 | H10: 0 | I10: 0 | J10: 2 | K10: 0 | L10: 0 | M10: 19 | N10: 0 | O10: =SUM(C10:L10,N10) -> 9 | P10: =SUM(C10:N10) -> 28 | R10: 0700-0800 | S10: =SUM(C10:C13) -> 17 | T10: =SUM(D10:D13) -> 3 | U10: =SUM(E10:E13) -> 2 | V10: =SUM(F10:F13) -> 5 | W10: =SUM(G10:G13) -> 0 | X10: =SUM(H10:H13) -> 0 | Y10: =SUM(I10:I13) -> 4 | Z10: =SUM(J10:J13) -> 4 | ... AF10: =SUM(P10:P13) -> 160
B11: 07.15 - 07.30 | C11: 2 | D11: 1 | E11: 0 | F11: 0 | G11: 0 | H11: 0 | I11: 0 | J11: 2 | K11: 0 | L11: 0 | M11: 24 | N11: 0 | O11: =SUM(C11:L11,N11) -> 5 | P11: =SUM(C11:N11) -> 29 | R11: 0800-0900 | S11: =SUM(C14:C17) -> 33 | T11: =SUM(D14:D17) -> 3 | U11: =SUM(E14:E17) -> 4 | V11: =SUM(F14:F17) -> 1 | W11: =SUM(G14:G17) -> 0 | X11: =SUM(H14:H17) -> 0 | Y11: =SUM(I14:I17) -> 10 | Z11: =SUM(J14:J17) -> 1 | ... AF11: =SUM(P14:P17) -> 217
B12: 07.30 - 07.45 | C12: 6 | D12: 2 | E12: 0 | F12: 1 | G12: 0 | H12: 0 | I12: 2 | J12: 0 | K12: 0 | L12: 0 | M12: 44 | N12: 0 | O12: =SUM(C12:L12,N12) -> 11 | P12: =SUM(C12:N12) -> 55 | R12: 0900-1000 | S12: =SUM(C18:C21) -> 24 | T12: =SUM(D18:D21) -> 1 | U12: =SUM(E18:E21) -> 3 | V12: =SUM(F18:F21) -> 0 | W12: =SUM(G18:G21) -> 0 | X12: =SUM(H18:H21) -> 0 | Y12: =SUM(I18:I21) -> 3 | Z12: =SUM(J18:J21) -> 4 | ... AF12: =SUM(P18:P21) -> 156
B13: 07.45 - 08.00 | C13: 4 | D13: 0 | E13: 2 | F13: 2 | G13: 0 | H13: 0 | I13: 2 | J13: 0 | K13: 0 | L13: 0 | M13: 38 | N13: 0 | O13: =SUM(C13:L13,N13) -> 10 | P13: =SUM(C13:N13) -> 48 | R13: 1000-1100 | S13: =SUM(C22:C25) -> 21 | T13: =SUM(D22:D25) -> 0 | U13: =SUM(E22:E25) -> 11 | V13: =SUM(F22:F25) -> 0 | W13: =SUM(G22:G25) -> 0 | X13: =SUM(H22:H25) -> 0 | Y13: =SUM(I22:I25) -> 8 | Z13: =SUM(J22:J25) -> 1 | ... AF13: =SUM(P22:P25) -> 225
B14: 08.00 - 08.15 | C14: 3 | D14: 2 | E14: 1 | F14: 1 | G14: 0 | H14: 0 | I14: 2 | J14: 0 | K14: 0 | L14: 0 | M14: 50 | N14: 0 | O14: =SUM(C14:L14,N14) -> 9 | P14: =SUM(C14:N14) -> 59 | R14: 1100-1200 | S14: =SUM(C26:C29) -> 22 | T14: =SUM(D26:D29) -> 2 | U14: =SUM(E26:E29) -> 5 | V14: =SUM(F26:F29) -> 3 | W14: =SUM(G26:G29) -> 0 | X14: =SUM(H26:H29) -> 0 | Y14: =SUM(I26:I29) -> 3 | Z14: =SUM(J26:J29) -> 1 | ... AF14: =SUM(P26:P29) -> 175
B15: 08.15 - 08.30 | C15: 14 | D15: 0 | E15: 2 | F15: 0 | G15: 0 | H15: 0 | I15: 2 | J15: 0 | K15: 0 | L15: 0 | M15: 40 | N15: 0 | O15: =SUM(C15:L15,N15) -> 18 | P15: =SUM(C15:N15) -> 58 | R15: 1200-1300 | S15: =SUM(C30:C33) -> 33 | T15: =SUM(D30:D33) -> 4 | U15: =SUM(E30:E33) -> 8 | V15: =SUM(F30:F33) -> 4 | W15: =SUM(G30:G33) -> 0 | X15: =SUM(H30:H33) -> 0 | Y15: =SUM(I30:I33) -> 10 | Z15: =SUM(J30:J33) -> 2 | ... AF15: =SUM(P30:P33) -> 213
B16: 08.30 - 08.45 | C16: 7 | D16: 0 | E16: 1 | F16: 0 | G16: 0 | H16: 0 | I16: 1 | J16: 1 | K16: 0 | L16: 1 | M16: 33 | N16: 0 | O16: =SUM(C16:L16,N16) -> 11 | P16: =SUM(C16:N16) -> 44 | R16: 1300-1400 | S16: =SUM(C34:C37) -> 22 | T16: =SUM(D34:D37) -> 3 | U16: =SUM(E34:E37) -> 2 | V16: =SUM(F34:F37) -> 4 | W16: =SUM(G34:G37) -> 0 | X16: =SUM(H34:H37) -> 0 | Y16: =SUM(I34:I37) -> 5 | Z16: =SUM(J34:J37) -> 0 | ... AF16: =SUM(P34:P37) -> 175
B17: 08.45 - 9.00 | C17: 9 | D17: 1 | E17: 0 | F17: 0 | G17: 0 | H17: 0 | I17: 5 | J17: 0 | K17: 0 | L17: 0 | M17: 41 | N17: 0 | O17: =SUM(C17:L17,N17) -> 15 | P17: =SUM(C17:N17) -> 56 | R17: 1400-1500 | S17: =SUM(C38:C41) -> 17 | T17: =SUM(D38:D41) -> 0 | U17: =SUM(E38:E41) -> 0 | V17: =SUM(F38:F41) -> 3 | W17: =SUM(G38:G41) -> 0 | X17: =SUM(H38:H41) -> 0 | Y17: =SUM(I38:I41) -> 7 | Z17: =SUM(J38:J41) -> 5 | ... AF17: =SUM(P38:P41) -> 128
B18: 09.00 - 09.15 | C18: 6 | D18: 0 | E18: 0 | F18: 0 | G18: 0 | H18: 0 | I18: 1 | J18: 1 | K18: 0 | L18: 0 | M18: 26 | N18: 0 | O18: =SUM(C18:L18,N18) -> 8 | P18: =SUM(C18:N18) -> 34 | R18: 1500-1600 | S18: =SUM(C42:C45) -> 29 | T18: =SUM(D42:D45) -> 4 | U18: =SUM(E42:E45) -> 5 | V18: =SUM(F42:F45) -> 5 | W18: =SUM(G42:G45) -> 0 | X18: =SUM(H42:H45) -> 0 | Y18: =SUM(I42:I45) -> 9 | Z18: =SUM(J42:J45) -> 0 | ... AF18: =SUM(P42:P45) -> 184
B19: 09.15 - 09.30 | C19: 7 | D19: 1 | E19: 2 | F19: 0 | G19: 0 | H19: 0 | I19: 2 | J19: 1 | K19: 1 | L19: 0 | M19: 27 | N19: 0 | O19: =SUM(C19:L19,N19) -> 14 | P19: =SUM(C19:N19) -> 41 | R19: 1600-1700 | S19: =SUM(C46:C49) -> 26 | T19: =SUM(D46:D49) -> 4 | U19: =SUM(E46:E49) -> 3 | V19: =SUM(F46:F49) -> 5 | W19: =SUM(G46:G49) -> 0 | X19: =SUM(H46:H49) -> 0 | Y19: =SUM(I46:I49) -> 0 | Z19: =SUM(J46:J49) -> 5 | ... AF19: =SUM(P46:P49) -> 169
B20: 09.30 - 09.45 | C20: 3 | D20: 0 | E20: 1 | F20: 0 | G20: 0 | H20: 0 | I20: 0 | J20: 0 | K20: 0 | L20: 0 | M20: 31 | N20: 1 | O20: =SUM(C20:L20,N20) -> 5 | P20: =SUM(C20:N20) -> 36 | R20: 1700-1800 | S20: =SUM(C50:C53) -> 30 | T20: =SUM(D50:D53) -> 3 | U20: =SUM(E50:E53) -> 12 | V20: =SUM(F50:F53) -> 3 | W20: =SUM(G50:G53) -> 0 | X20: =SUM(H50:H53) -> 1 | Y20: =SUM(I50:I53) -> 6 | Z20: =SUM(J50:J53) -> 2 | ... AF20: =SUM(P50:P53) -> 213
B21: 09.45 - 10.00 | C21: 8 | D21: 0 | E21: 0 | F21: 0 | G21: 0 | H21: 0 | I21: 0 | J21: 2 | K21: 0 | L21: 0 | M21: 35 | N21: 0 | O21: =SUM(C21:L21,N21) -> 10 | P21: =SUM(C21:N21) -> 45 | R21: 1800-1900 | S21: =SUM(C54:C57) -> 27 | T21: =SUM(D54:D57) -> 4 | U21: =SUM(E54:E57) -> 2 | V21: =SUM(F54:F57) -> 2 | W21: =SUM(G54:G57) -> 0 | X21: =SUM(H54:H57) -> 0 | Y21: =SUM(I54:I57) -> 0 | Z21: =SUM(J54:J57) -> 2 | ... AF21: =SUM(P54:P57) -> 221
B22: 10.00 - 10.15 | C22: 5 | D22: 0 | E22: 3 | F22: 0 | G22: 0 | H22: 0 | I22: 1 | J22: 0 | K22: 1 | L22: 0 | M22: 52 | N22: 0 | O22: =SUM(C22:L22,N22) -> 10 | P22: =SUM(C22:N22) -> 62 | R22: AM Peak Hr | S22: =MAX(S10:S12) -> 33 | T22: =MAX(T10:T12) -> 3 | U22: =MAX(U10:U12) -> 4 | V22: =MAX(V10:V12) -> 5 | W22: =MAX(W10:W12) -> 0 | X22: =MAX(X10:X12) -> 0 | Y22: =MAX(Y10:Y12) -> 10 | Z22: =MAX(Z10:Z12) -> 4 | ... AF22: =MAX(AF10:AF12) -> 217
B23: 10.15 - 10.30 | C23: 4 | D23: 0 | E23: 4 | F23: 0 | G23: 0 | H23: 0 | I23: 3 | J23: 1 | K23: 0 | L23: 0 | M23: 30 | N23: 0 | O23: =SUM(C23:L23,N23) -> 12 | P23: =SUM(C23:N23) -> 42 | R23: IP Peak Hr | S23: =MAX(S13:S18) -> 33 | T23: =MAX(T13:T18) -> 4 | U23: =MAX(U13:U18) -> 11 | V23: =MAX(V13:V18) -> 5 | W23: =MAX(W13:W18) -> 0 | X23: =MAX(X13:X18) -> 0 | Y23: =MAX(Y13:Y18) -> 10 | Z23: =MAX(Z13:Z18) -> 5 | ... AF23: =MAX(AF13:AF18) -> 225
B24: 10.30 - 10.45 | C24: 8 | D24: 0 | E24: 2 | F24: 0 | G24: 0 | H24: 0 | I24: 2 | J24: 0 | K24: 0 | L24: 0 | M24: 51 | N24: 0 | O24: =SUM(C24:L24,N24) -> 12 | P24: =SUM(C24:N24) -> 63 | R24: PM Peak Hr | S24: =MAX(S19:S21) -> 30 | T24: =MAX(T19:T21) -> 4 | U24: =MAX(U19:U21) -> 12 | V24: =MAX(V19:V21) -> 5 | W24: =MAX(W19:W21) -> 0 | X24: =MAX(X19:X21) -> 1 | Y24: =MAX(Y19:Y21) -> 6 | Z24: =MAX(Z19:Z21) -> 5 | ... AF24: =MAX(AF19:AF21) -> 221
B25: 10.45 - 11.00 | C25: 4 | D25: 0 | E25: 2 | F25: 0 | G25: 0 | H25: 0 | I25: 2 | J25: 0 | K25: 0 | L25: 0 | M25: 50 | N25: 0 | O25: =SUM(C25:L25,N25) -> 8 | P25: =SUM(C25:N25) -> 58 | R25: AM Period | S25: =SUM(S10:S12) -> 74 | T25: =SUM(T10:T12) -> 7 | U25: =SUM(U10:U12) -> 9 | V25: =SUM(V10:V12) -> 6 | W25: =SUM(W10:W12) -> 0 | X25: =SUM(X10:X12) -> 0 | Y25: =SUM(Y10:Y12) -> 17 | Z25: =SUM(Z10:Z12) -> 9 | ... AF25: =SUM(AF10:AF12) -> 533
B26: 11.00 - 11.15 | C26: 5 | D26: 1 | E26: 1 | F26: 2 | G26: 0 | H26: 0 | I26: 0 | J26: 0 | K26: 0 | L26: 0 | M26: 29 | N26: 0 | O26: =SUM(C26:L26,N26) -> 9 | P26: =SUM(C26:N26) -> 38 | R26: IP Period | S26: =SUM(S13:S18) -> 144 | T26: =SUM(T13:T18) -> 13 | U26: =SUM(U13:U18) -> 31 | V26: =SUM(V13:V18) -> 19 | W26: =SUM(W13:W18) -> 0 | X26: =SUM(X13:X18) -> 0 | Y26: =SUM(Y13:Y18) -> 42 | Z26: =SUM(Z13:Z18) -> 9 | ... AF26: =SUM(AF13:AF18) -> 1100
B27: 11.15 - 11.30 | C27: 5 | D27: 0 | E27: 1 | F27: 1 | G27: 0 | H27: 0 | I27: 0 | J27: 1 | K27: 0 | L27: 0 | M27: 34 | N27: 0 | O27: =SUM(C27:L27,N27) -> 8 | P27: =SUM(C27:N27) -> 42 | R27: PM Period | S27: =SUM(S19:S21) -> 83 | T27: =SUM(T19:T21) -> 11 | U27: =SUM(U19:U21) -> 17 | V27: =SUM(V19:V21) -> 10 | W27: =SUM(W19:W21) -> 0 | X27: =SUM(X19:X21) -> 1 | Y27: =SUM(Y19:Y21) -> 6 | Z27: =SUM(Z19:Z21) -> 9 | ... AF27: =SUM(AF19:AF21) -> 603
B28: 11.30 - 11.45 | C28: 4 | D28: 1 | E28: 2 | F28: 0 | G28: 0 | H28: 0 | I28: 1 | J28: 0 | K28: 0 | L28: 0 | M28: 38 | N28: 0 | O28: =SUM(C28:L28,N28) -> 8 | P28: =SUM(C28:N28) -> 46 | R28: 12 Hours | S28: =SUM(S10:S21) -> 301 | T28: =SUM(T10:T21) -> 31 | U28: =SUM(U10:U21) -> 57 | V28: =SUM(V10:V21) -> 35 | W28: =SUM(W10:W21) -> 0 | X28: =SUM(X10:X21) -> 1 | Y28: =SUM(Y10:Y21) -> 65 | Z28: =SUM(Z10:Z21) -> 27 | ... AF28: =SUM(AF10:AF21) -> 2236
B29: 11.45 - 12.00 | C29: 8 | D29: 0 | E29: 1 | F29: 0 | G29: 0 | H29: 0 | I29: 2 | J29: 0 | K29: 0 | L29: 0 | M29: 38 | N29: 0 | O29: =SUM(C29:L29,N29) -> 11 | P29: =SUM(C29:N29) -> 49
B30: 12.00 - 12.15 | C30: 7 | D30: 1 | E30: 1 | F30: 2 | G30: 0 | H30: 0 | I30: 3 | J30: 0 | K30: 0 | L30: 0 | M30: 37 | N30: 0 | O30: =SUM(C30:L30,N30) -> 14 | P30: =SUM(C30:N30) -> 51
B31: 12.15 - 12.30 | C31: 11 | D31: 0 | E31: 1 | F31: 1 | G31: 0 | H31: 0 | I31: 0 | J31: 1 | K31: 0 | L31: 0 | M31: 32 | N31: 0 | O31: =SUM(C31:L31,N31) -> 14 | P31: =SUM(C31:N31) -> 46
B32: 12.30 - 12.45 | C32: 5 | D32: 0 | E32: 4 | F32: 0 | G32: 0 | H32: 0 | I32: 1 | J32: 0 | K32: 0 | L32: 0 | M32: 53 | N32: 0 | O32: =SUM(C32:L32,N32) -> 10 | P32: =SUM(C32:N32) -> 63
B33: 12.45 - 13.00 | C33: 10 | D33: 3 | E33: 2 | F33: 1 | G33: 0 | H33: 0 | I33: 6 | J33: 1 | K33: 0 | L33: 0 | M33: 30 | N33: 0 | O33: =SUM(C33:L33,N33) -> 23 | P33: =SUM(C33:N33) -> 53
B34: 13.00 - 13.15 | C34: 6 | D34: 1 | E34: 0 | F34: 0 | G34: 0 | H34: 0 | I34: 1 | J34: 0 | K34: 0 | L34: 0 | M34: 52 | N34: 0 | O34: =SUM(C34:L34,N34) -> 8 | P34: =SUM(C34:N34) -> 60
B35: 13.15 - 13.30 | C35: 2 | D35: 1 | E35: 0 | F35: 2 | G35: 0 | H35: 0 | I35: 0 | J35: 0 | K35: 0 | L35: 0 | M35: 32 | N35: 0 | O35: =SUM(C35:L35,N35) -> 5 | P35: =SUM(C35:N35) -> 37
B36: 13.30 - 13.45 | C36: 6 | D36: 1 | E36: 1 | F36: 1 | G36: 0 | H36: 0 | I36: 2 | J36: 0 | K36: 0 | L36: 0 | M36: 28 | N36: 0 | O36: =SUM(C36:L36,N36) -> 11 | P36: =SUM(C36:N36) -> 39
B37: 13.45 - 14.00 | C37: 8 | D37: 0 | E37: 1 | F37: 1 | G37: 0 | H37: 0 | I37: 2 | J37: 0 | K37: 0 | L37: 0 | M37: 27 | N37: 0 | O37: =SUM(C37:L37,N37) -> 12 | P37: =SUM(C37:N37) -> 39
B38: 14.00 - 14.15 | C38: 5 | D38: 0 | E38: 0 | F38: 2 | G38: 0 | H38: 0 | I38: 4 | J38: 2 | K38: 0 | L38: 0 | M38: 31 | N38: 0 | O38: =SUM(C38:L38,N38) -> 13 | P38: =SUM(C38:N38) -> 44
B39: 14.15 - 14.30 | C39: 2 | D39: 0 | E39: 0 | F39: 0 | G39: 0 | H39: 0 | I39: 0 | J39: 0 | K39: 0 | L39: 0 | M39: 21 | N39: 0 | O39: =SUM(C39:L39,N39) -> 2 | P39: =SUM(C39:N39) -> 23
B40: 14.30 - 14.45 | C40: 5 | D40: 0 | E40: 0 | F40: 1 | G40: 0 | H40: 0 | I40: 1 | J40: 2 | K40: 0 | L40: 0 | M40: 15 | N40: 0 | O40: =SUM(C40:L40,N40) -> 9 | P40: =SUM(C40:N40) -> 24
... B57: 18.45 - 19.00 | C57: 7 | D57: 2 | E57: 1 | F57: 0 | G57: 0 | H57: 0 | I57: 0 | J57: 0 | K57: 0 | L57: 0 | M57: 71 | N57: 0 | O57: =SUM(C57:L57,N57) -> 10 | P57: =SUM(C57:N57) -> 81
B58: Totals | C58: =SUM(C10:C57) -> 301 | D58: =SUM(D10:D57) -> 31 | E58: =SUM(E10:E57) -> 57 | F58: =SUM(F10:F57) -> 35 | G58: =SUM(G10:G57) -> 0 | H58: =SUM(H10:H57) -> 1 | I58: =SUM(I10:I57) -> 65 | J58: =SUM(J10:J57) -> 27 | ... P58: =SUM(P10:P57) -> 2236
B59: %ges + MCs | C59: =C58/$P$58 -> 0.13461538 | D59: =D58/$P$58 -> 0.013864043 | E59: =E58/$P$58 -> 0.02549195 | F59: =F58/$P$58 -> 0.015652952 | G59: =G58/$P$58 -> 0 | H59: =H58/$P$58 -> 0.00044722719 | I59: =I58/$P$58 -> 0.029069767 | J59: =J58/$P$58 -> 0.012075134 | ... N59: =N58/$P$58 -> 0.00044722719
B60: %ges w/o MCs | C60: =C58/$O$58 -> 0.57552581 | D60: =D58/$O$58 -> 0.059273423 | E60: =E58/$O$58 -> 0.10898662 | F60: =F58/$O$58 -> 0.066921606 | G60: =G58/$O$58 -> 0 | H60: =H58/$O$58 -> 0.0019120459 | I60: =I58/$O$58 -> 0.12428298 | J60: =J58/$O$58 -> 0.051625239 | ... L60: =L58/$O$58 -> 0.0019120459 | N60: =N58/$O$58 -> 0.0019120459

Sheet 30.10 HOIMA-KYENJOJO
B1: Consultancy services for Preparation of Expressway Development Master Plan (EDMP) for Uganda
B2: MANUAL CLASSIFIED COUNT (MCC)
B3: ROAD NAME: | C3: ='25.10 HOIMA-KYENJOJO'!C3:G3 -> MCC - C4 - STN108 - HOIMA ROAD
C5: Date | D5: ='30.10 KYENJOJO-HOIMA'!D5 -> 30.10.19 | F5: Location | G5: ='30.10 KYENJOJO-HOIMA'!G5:H5 -> KYENJOJO | J5: Surveyor | K5: ='30.10 KYENJOJO-HOIMA'!K5:L5 -> OLOYA FELIX
C6: Dir. From | D6: ='25.10 HOIMA-KYENJOJO'!D6:E6 -> HOIMA | F6: Dir. To | G6: ='25.10 HOIMA-KYENJOJO'!G6:H6 -> KYENJOJO | J6: Supervisor | K6: ='30.10 KYENJOJO-HOIMA'!K6:L6 -> FELIX
B8: Time / Veh Type | R8: SUMMARY TRAFFIC VOLUMES
C9: 1. Car | D9: 2. Station Wagon | E9: 3. Pickups | F9: 4. Minibus, matatu | G9: 5. Medium bus | H9: 6. Large Bus | I9: 7. Light Truck | J9: 8. Medium Truck | K9: 9. Heavy truck | L9: 10. Truck Trailer | M9: 11. Motor cycles | N9: 12. Tractors | O9: Total Excl M/Cycles | P9: Total All | R9: Time | S9: 1. Car | T9: 2. Station Wagon | U9: 3. Pickups | V9: 4. Minibus, matatu | W9: 5. Medium bus | X9: 6. Large Bus | Y9: 7. Light Truck | Z9: 8. Medium Truck | AA9: 9. Heavy truck | AB9: 10. Truck Trailer | AC9: 11. Motorcycles | AD9: 12. Tractors, Graders | AE9: Total Excl M/ Cycles | AF9: Total All
B10: 07.00 - 07.15 | C10: 4 | D10: 0 | E10: 0 | F10: 0 | G10: 0 | H10: 0 | I10: 0 | J10: 0 | K10: 0 | L10: 0 | M10: 17 | N10: 0 | O10: =SUM(C10:L10,N10) -> 4 | P10: =SUM(C10:N10) -> 21 | R10: 0700-0800 | S10: =SUM(C10:C13) -> 33 | T10: =SUM(D10:D13) -> 3 | U10: =SUM(E10:E13) -> 6 | V10: =SUM(F10:F13) -> 3 | W10: =SUM(G10:G13) -> 0 | X10: =SUM(H10:H13) -> 0 | Y10: =SUM(I10:I13) -> 7 | Z10: =SUM(J10:J13) -> 1 | ... AF10: =SUM(P10:P13) -> 195
B11: 07.15 - 07.30 | C11: 14 | D11: 3 | E11: 1 | F11: 1 | G11: 0 | H11: 0 | I11: 3 | J11: 0 | K11: 0 | L11: 0 | M11: 32 | N11: 0 | O11: =SUM(C11:L11,N11) -> 22 | P11: =SUM(C11:N11) -> 54 | R11: 0800-0900 | S11: =SUM(C14:C17) -> 28 | T11: =SUM(D14:D17) -> 1 | U11: =SUM(E14:E17) -> 5 | V11: =SUM(F14:F17) -> 3 | W11: =SUM(G14:G17) -> 0 | X11: =SUM(H14:H17) -> 0 | Y11: =SUM(I14:I17) -> 4 | Z11: =SUM(J14:J17) -> 2 | ... AF11: =SUM(P14:P17) -> 207
B12: 07.30 - 07.45 | C12: 7 | D12: 0 | E12: 3 | F12: 1 | G12: 0 | H12: 0 | I12: 2 | J12: 0 | K12: 0 | L12: 0 | M12: 43 | N12: 0 | O12: =SUM(C12:L12,N12) -> 13 | P12: =SUM(C12:N12) -> 56 | R12: 0900-1000 | S12: =SUM(C18:C21) -> 28 | T12: =SUM(D18:D21) -> 3 | U12: =SUM(E18:E21) -> 5 | V12: =SUM(F18:F21) -> 3 | W12: =SUM(G18:G21) -> 0 | X12: =SUM(H18:H21) -> 0 | Y12: =SUM(I18:I21) -> 4 | Z12: =SUM(J18:J21) -> 5 | ... AF12: =SUM(P18:P21) -> 196
B13: 07.45 - 08.00 | C13: 8 | D13: 0 | E13: 2 | F13: 1 | G13: 0 | H13: 0 | I13: 2 | J13: 1 | K13: 0 | L13: 0 | M13: 50 | N13: 0 | O13: =SUM(C13:L13,N13) -> 14 | P13: =SUM(C13:N13) -> 64 | R13: 1000-1100 | S13: =SUM(C22:C25) -> 19 | T13: =SUM(D22:D25) -> 2 | U13: =SUM(E22:E25) -> 11 | V13: =SUM(F22:F25) -> 5 | W13: =SUM(G22:G25) -> 0 | X13: =SUM(H22:H25) -> 0 | Y13: =SUM(I22:I25) -> 0 | Z13: =SUM(J22:J25) -> 3 | ... AF13: =SUM(P22:P25) -> 190
B14: 08.00 - 08.15 | C14: 5 | D14: 1 | E14: 1 | F14: 2 | G14: 0 | H14: 0 | I14: 2 | J14: 0 | K14: 0 | L14: 0 | M14: 65 | N14: 0 | O14: =SUM(C14:L14,N14) -> 11 | P14: =SUM(C14:N14) -> 76 | R14: 1100-1200 | S14: =SUM(C26:C29) -> 22 | T14: =SUM(D26:D29) -> 2 | U14: =SUM(E26:E29) -> 3 | V14: =SUM(F26:F29) -> 1 | W14: =SUM(G26:G29) -> 0 | X14: =SUM(H26:H29) -> 0 | Y14: =SUM(I26:I29) -> 2 | Z14: =SUM(J26:J29) -> 9 | ... AF14: =SUM(P26:P29) -> 159
B15: 08.15 - 08.30 | C15: 4 | D15: 0 | E15: 3 | F15: 0 | G15: 0 | H15: 0 | I15: 1 | J15: 0 | K15: 0 | L15: 0 | M15: 45 | N15: 0 | O15: =SUM(C15:L15,N15) -> 8 | P15: =SUM(C15:N15) -> 53 | R15: 1200-1300 | S15: =SUM(C30:C33) -> 28 | T15: =SUM(D30:D33) -> 2 | U15: =SUM(E30:E33) -> 4 | V15: =SUM(F30:F33) -> 3 | W15: =SUM(G30:G33) -> 0 | X15: =SUM(H30:H33) -> 0 | Y15: =SUM(I30:I33) -> 1 | Z15: =SUM(J30:J33) -> 1 | ... AF15: =SUM(P30:P33) -> 190
B16: 08.30 - 08.45 | C16: 16 | D16: 0 | E16: 1 | F16: 1 | G16: 0 | H16: 0 | I16: 0 | J16: 2 | K16: 1 | L16: 0 | M16: 28 | N16: 0 | O16: =SUM(C16:L16,N16) -> 21 | P16: =SUM(C16:N16) -> 49 | R16: 1300-1400 | S16: =SUM(C34:C37) -> 17 | T16: =SUM(D34:D37) -> 5 | U16: =SUM(E34:E37) -> 2 | V16: =SUM(F34:F37) -> 0 | W16: =SUM(G34:G37) -> 0 | X16: =SUM(H34:H37) -> 0 | Y16: =SUM(I34:I37) -> 4 | Z16: =SUM(J34:J37) -> 12 | ... AF16: =SUM(P34:P37) -> 173
B17: 08.45 - 9.00 | C17: 3 | D17: 0 | E17: 0 | F17: 0 | G17: 0 | H17: 0 | I17: 1 | J17: 0 | K17: 0 | L17: 0 | M17: 25 | N17: 0 | O17: =SUM(C17:L17,N17) -> 4 | P17: =SUM(C17:N17) -> 29 | R17: 1400-1500 | S17: =SUM(C38:C41) -> 18 | T17: =SUM(D38:D41) -> 3 | U17: =SUM(E38:E41) -> 2 | V17: =SUM(F38:F41) -> 3 | W17: =SUM(G38:G41) -> 0 | X17: =SUM(H38:H41) -> 0 | Y17: =SUM(I38:I41) -> 4 | Z17: =SUM(J38:J41) -> 10 | ... AF17: =SUM(P38:P41) -> 134
B18: 09.00 - 09.15 | C18: 5 | D18: 0 | E18: 0 | F18: 1 | G18: 0 | H18: 0 | I18: 0 | J18: 1 | K18: 0 | L18: 0 | M18: 25 | N18: 0 | O18: =SUM(C18:L18,N18) -> 7 | P18: =SUM(C18:N18) -> 32 | R18: 1500-1600 | S18: =SUM(C42:C45) -> 20 | T18: =SUM(D42:D45) -> 3 | U18: =SUM(E42:E45) -> 7 | V18: =SUM(F42:F45) -> 3 | W18: =SUM(G42:G45) -> 0 | X18: =SUM(H42:H45) -> 0 | Y18: =SUM(I42:I45) -> 7 | Z18: =SUM(J42:J45) -> 2 | ... AF18: =SUM(P42:P45) -> 152
B19: 09.15 - 09.30 | C19: 8 | D19: 2 | E19: 1 | F19: 0 | G19: 0 | H19: 0 | I19: 3 | J19: 2 | K19: 0 | L19: 0 | M19: 44 | N19: 0 | O19: =SUM(C19:L19,N19) -> 16 | P19: =SUM(C19:N19) -> 60 | R19: 1600-1700 | S19: =SUM(C46:C49) -> 20 | T19: =SUM(D46:D49) -> 4 | U19: =SUM(E46:E49) -> 5 | V19: =SUM(F46:F49) -> 3 | W19: =SUM(G46:G49) -> 1 | X19: =SUM(H46:H49) -> 1 | Y19: =SUM(I46:I49) -> 2 | Z19: =SUM(J46:J49) -> 5 | ... AF19: =SUM(P46:P49) -> 188
B20: 09.30 - 09.45 | C20: 9 | D20: 1 | E20: 1 | F20: 0 | G20: 0 | H20: 0 | I20: 0 | J20: 0 | K20: 0 | L20: 0 | M20: 40 | N20: 0 | O20: =SUM(C20:L20,N20) -> 11 | P20: =SUM(C20:N20) -> 51 | R20: 1700-1800 | S20: =SUM(C50:C53) -> 23 | T20: =SUM(D50:D53) -> 5 | U20: =SUM(E50:E53) -> 8 | V20: =SUM(F50:F53) -> 9 | W20: =SUM(G50:G53) -> 1 | X20: =SUM(H50:H53) -> 1 | Y20: =SUM(I50:I53) -> 5 | Z20: =SUM(J50:J53) -> 5 | ... AF20: =SUM(P50:P53) -> 210
B21: 09.45 - 10.00 | C21: 6 | D21: 0 | E21: 3 | F21: 2 | G21: 0 | H21: 0 | I21: 1 | J21: 2 | K21: 0 | L21: 0 | M21: 39 | N21: 0 | O21: =SUM(C21:L21,N21) -> 14 | P21: =SUM(C21:N21) -> 53 | R21: 1800-1900 | S21: =SUM(C54:C57) -> 26 | T21: =SUM(D54:D57) -> 6 | U21: =SUM(E54:E57) -> 7 | V21: =SUM(F54:F57) -> 2 | W21: =SUM(G54:G57) -> 0 | X21: =SUM(H54:H57) -> 0 | Y21: =SUM(I54:I57) -> 0 | Z21: =SUM(J54:J57) -> 5 | ... AF21: =SUM(P54:P57) -> 220
B22: 10.00 - 10.15 | C22: 3 | D22: 0 | E22: 3 | F22: 1 | G22: 0 | H22: 0 | I22: 0 | J22: 1 | K22: 0 | L22: 0 | M22: 42 | N22: 0 | O22: =SUM(C22:L22,N22) -> 8 | P22: =SUM(C22:N22) -> 50 | R22: AM Peak Hr | S22: =MAX(S10:S12) -> 33 | T22: =MAX(T10:T12) -> 3 | U22: =MAX(U10:U12) -> 6 | V22: =MAX(V10:V12) -> 3 | W22: =MAX(W10:W12) -> 0 | X22: =MAX(X10:X12) -> 0 | Y22: =MAX(Y10:Y12) -> 7 | Z22: =MAX(Z10:Z12) -> 5 | ... AF22: =MAX(AF10:AF12) -> 207
B23: 10.15 - 10.30 | C23: 7 | D23: 1 | E23: 5 | F23: 0 | G23: 0 | H23: 0 | I23: 0 | J23: 0 | K23: 0 | L23: 0 | M23: 41 | N23: 0 | O23: =SUM(C23:L23,N23) -> 13 | P23: =SUM(C23:N23) -> 54 | R23: IP Peak Hr | S23: =MAX(S13:S18) -> 28 | T23: =MAX(T13:T18) -> 5 | U23: =MAX(U13:U18) -> 11 | V23: =MAX(V13:V18) -> 5 | W23: =MAX(W13:W18) -> 0 | X23: =MAX(X13:X18) -> 0 | Y23: =MAX(Y13:Y18) -> 7 | Z23: =MAX(Z13:Z18) -> 12 | ... AF23: =MAX(AF13:AF18) -> 190
B24: 10.30 - 10.45 | C24: 4 | D24: 1 | E24: 1 | F24: 3 | G24: 0 | H24: 0 | I24: 0 | J24: 1 | K24: 0 | L24: 0 | M24: 45 | N24: 0 | O24: =SUM(C24:L24,N24) -> 10 | P24: =SUM(C24:N24) -> 55 | R24: PM Peak Hr | S24: =MAX(S19:S21) -> 26 | T24: =MAX(T19:T21) -> 6 | U24: =MAX(U19:U21) -> 8 | V24: =MAX(V19:V21) -> 9 | W24: =MAX(W19:W21) -> 1 | X24: =MAX(X19:X21) -> 1 | Y24: =MAX(Y19:Y21) -> 5 | Z24: =MAX(Z19:Z21) -> 5 | ... AF24: =MAX(AF19:AF21) -> 220
B25: 10.45 - 11.00 | C25: 5 | D25: 0 | E25: 2 | F25: 1 | G25: 0 | H25: 0 | I25: 0 | J25: 1 | K25: 0 | L25: 0 | M25: 22 | N25: 0 | O25: =SUM(C25:L25,N25) -> 9 | P25: =SUM(C25:N25) -> 31 | R25: AM Period | S25: =SUM(S10:S12) -> 89 | T25: =SUM(T10:T12) -> 7 | U25: =SUM(U10:U12) -> 16 | V25: =SUM(V10:V12) -> 9 | W25: =SUM(W10:W12) -> 0 | X25: =SUM(X10:X12) -> 0 | Y25: =SUM(Y10:Y12) -> 15 | Z25: =SUM(Z10:Z12) -> 8 | ... AF25: =SUM(AF10:AF12) -> 598
B26: 11.00 - 11.15 | C26: 5 | D26: 0 | E26: 1 | F26: 0 | G26: 0 | H26: 0 | I26: 1 | J26: 2 | K26: 0 | L26: 0 | M26: 30 | N26: 0 | O26: =SUM(C26:L26,N26) -> 9 | P26: =SUM(C26:N26) -> 39 | R26: IP Period | S26: =SUM(S13:S18) -> 124 | T26: =SUM(T13:T18) -> 17 | U26: =SUM(U13:U18) -> 29 | V26: =SUM(V13:V18) -> 15 | W26: =SUM(W13:W18) -> 0 | X26: =SUM(X13:X18) -> 0 | Y26: =SUM(Y13:Y18) -> 18 | Z26: =SUM(Z13:Z18) -> 37 | ... AF26: =SUM(AF13:AF18) -> 998
B27: 11.15 - 11.30 | C27: 4 | D27: 0 | E27: 0 | F27: 1 | G27: 0 | H27: 0 | I27: 0 | J27: 4 | K27: 0 | L27: 0 | M27: 33 | N27: 0 | O27: =SUM(C27:L27,N27) -> 9 | P27: =SUM(C27:N27) -> 42 | R27: PM Period | S27: =SUM(S19:S21) -> 69 | T27: =SUM(T19:T21) -> 15 | U27: =SUM(U19:U21) -> 20 | V27: =SUM(V19:V21) -> 14 | W27: =SUM(W19:W21) -> 2 | X27: =SUM(X19:X21) -> 2 | Y27: =SUM(Y19:Y21) -> 7 | Z27: =SUM(Z19:Z21) -> 15 | ... AF27: =SUM(AF19:AF21) -> 618
B28: 11.30 - 11.45 | C28: 5 | D28: 2 | E28: 1 | F28: 0 | G28: 0 | H28: 0 | I28: 0 | J28: 3 | K28: 0 | L28: 0 | M28: 21 | N28: 0 | O28: =SUM(C28:L28,N28) -> 11 | P28: =SUM(C28:N28) -> 32 | R28: 12 Hours | S28: =SUM(S10:S21) -> 282 | T28: =SUM(T10:T21) -> 39 | U28: =SUM(U10:U21) -> 65 | V28: =SUM(V10:V21) -> 38 | W28: =SUM(W10:W21) -> 2 | X28: =SUM(X10:X21) -> 2 | Y28: =SUM(Y10:Y21) -> 40 | Z28: =SUM(Z10:Z21) -> 60 | ... AF28: =SUM(AF10:AF21) -> 2214
B29: 11.45 - 12.00 | C29: 8 | D29: 0 | E29: 1 | F29: 0 | G29: 0 | H29: 0 | I29: 1 | J29: 0 | K29: 1 | L29: 0 | M29: 35 | N29: 0 | O29: =SUM(C29:L29,N29) -> 11 | P29: =SUM(C29:N29) -> 46
B30: 12.00 - 12.15 | C30: 4 | D30: 0 | E30: 0 | F30: 1 | G30: 0 | H30: 0 | I30: 1 | J30: 1 | K30: 0 | L30: 0 | M30: 40 | N30: 0 | O30: =SUM(C30:L30,N30) -> 7 | P30: =SUM(C30:N30) -> 47
B31: 12.15 - 12.30 | C31: 11 | D31: 1 | E31: 1 | F31: 1 | G31: 0 | H31: 0 | I31: 0 | J31: 0 | K31: 1 | L31: 0 | M31: 38 | N31: 0 | O31: =SUM(C31:L31,N31) -> 15 | P31: =SUM(C31:N31) -> 53
B32: 12.30 - 12.45 | C32: 8 | D32: 1 | E32: 1 | F32: 1 | G32: 0 | H32: 0 | I32: 0 | J32: 0 | K32: 0 | L32: 0 | M32: 41 | N32: 0 | O32: =SUM(C32:L32,N32) -> 11 | P32: =SUM(C32:N32) -> 52
B33: 12.45 - 13.00 | C33: 5 | D33: 0 | E33: 2 | F33: 0 | G33: 0 | H33: 0 | I33: 0 | J33: 0 | K33: 0 | L33: 0 | M33: 31 | N33: 0 | O33: =SUM(C33:L33,N33) -> 7 | P33: =SUM(C33:N33) -> 38
B34: 13.00 - 13.15 | C34: 3 | D34: 2 | E34: 1 | F34: 0 | G34: 0 | H34: 0 | I34: 1 | J34: 6 | K34: 0 | L34: 0 | M34: 37 | N34: 0 | O34: =SUM(C34:L34,N34) -> 13 | P34: =SUM(C34:N34) -> 50
B35: 13.15 - 13.30 | C35: 3 | D35: 0 | E35: 0 | F35: 0 | G35: 0 | H35: 0 | I35: 1 | J35: 1 | K35: 0 | L35: 0 | M35: 28 | N35: 0 | O35: =SUM(C35:L35,N35) -> 5 | P35: =SUM(C35:N35) -> 33
B36: 13.30 - 13.45 | C36: 5 | D36: 3 | E36: 1 | F36: 0 | G36: 0 | H36: 0 | I36: 0 | J36: 2 | K36: 3 | L36: 0 | M36: 25 | N36: 0 | O36: =SUM(C36:L36,N36) -> 14 | P36: =SUM(C36:N36) -> 39
B37: 13.45 - 14.00 | C37: 6 | D37: 0 | E37: 0 | F37: 0 | G37: 0 | H37: 0 | I37: 2 | J37: 3 | K37: 0 | L37: 0 | M37: 40 | N37: 0 | O37: =SUM(C37:L37,N37) -> 11 | P37: =SUM(C37:N37) -> 51
B38: 14.00 - 14.15 | C38: 2 | D38: 0 | E38: 0 | F38: 1 | G38: 0 | H38: 0 | I38: 2 | J38: 0 | K38: 0 | L38: 0 | M38: 20 | N38: 0 | O38: =SUM(C38:L38,N38) -> 5 | P38: =SUM(C38:N38) -> 25
B39: 14.15 - 14.30 | C39: 5 | D39: 2 | E39: 0 | F39: 1 | G39: 0 | H39: 0 | I39: 1 | J39: 2 | K39: 0 | L39: 0 | M39: 25 | N39: 0 | O39: =SUM(C39:L39,N39) -> 11 | P39: =SUM(C39:N39) -> 36
B40: 14.30 - 14.45 | C40: 2 | D40: 0 | E40: 2 | F40: 0 | G40: 0 | H40: 0 | I40: 1 | J40: 2 | K40: 0 | L40: 0 | M40: 23 | N40: 0 | O40: =SUM(C40:L40,N40) -> 7 | P40: =SUM(C40:N40) -> 30
... B52: 17.30 -17.45 | C52: 6 | D52: 2 | E52: 3 | F52: 1 | G52: 1 | H52: 0 | I52: 1 | J52: 1 | K52: 0 | L52: 0 | M52: 45 | N52: 0 | O52: =SUM(C52:L52,N52) -> 15 | P52: =SUM(C52:N52) -> 60
B53: 17.45 -18.00 | C53: 7 | D53: 0 | E53: 0 | F53: 4 | G53: 0 | H53: 0 | I53: 2 | J53: 1 | K53: 1 | L53: 0 | M53: 21 | O53: =SUM(C53:L53,N53) -> 15 | P53: =SUM(C53:N53) -> 36
B54: 18.00 - 18.15 | C54: 7 | D54: 0 | E54: 1 | F54: 0 | G54: 0 | H54: 0 | I54: 0 | J54: 0 | K54: 0 | L54: 0 | M54: 25 | N54: 0 | O54: =SUM(C54:L54,N54) -> 8 | P54: =SUM(C54:N54) -> 33
B55: 18.15 - 18.30 | C55: 4 | D55: 0 | E55: 2 | F55: 0 | G55: 0 | H55: 0 | I55: 0 | J55: 0 | K55: 0 | L55: 0 | M55: 39 | N55: 0 | O55: =SUM(C55:L55,N55) -> 6 | P55: =SUM(C55:N55) -> 45
B56: 18.30 - 18.45 | C56: 5 | D56: 1 | E56: 1 | F56: 1 | G56: 0 | H56: 0 | I56: 0 | J56: 0 | K56: 1 | L56: 0 | M56: 60 | N56: 0 | O56: =SUM(C56:L56,N56) -> 9 | P56: =SUM(C56:N56) -> 69
B57: 18.45 - 19.00 | C57: 10 | D57: 5 | E57: 3 | F57: 1 | G57: 0 | H57: 0 | I57: 0 | J57: 5 | K57: 4 | L57: 0 | M57: 45 | N57: 0 | O57: =SUM(C57:L57,N57) -> 28 | P57: =SUM(C57:N57) -> 73
B58: Totals | C58: =SUM(C10:C57) -> 282 | D58: =SUM(D10:D57) -> 39 | E58: =SUM(E10:E57) -> 65 | F58: =SUM(F10:F57) -> 38 | G58: =SUM(G10:G57) -> 2 | H58: =SUM(H10:H57) -> 2 | I58: =SUM(I10:I57) -> 40 | J58: =SUM(J10:J57) -> 60 | ... P58: =SUM(P10:P57) -> 2214
B59: %ges + MCs | C59: =C58/$P$58 -> 0.12737127 | D59: =D58/$P$58 -> 0.017615176 | E59: =E58/$P$58 -> 0.029358627 | F59: =F58/$P$58 -> 0.017163505 | G59: =G58/$P$58 -> 0.00090334237 | H59: =H58/$P$58 -> 0.00090334237 | I59: =I58/$P$58 -> 0.018066847 | J59: =J58/$P$58 -> 0.027100271 | ... N59: =N58/$P$58 -> 0
B60: %ges w/o MCs | C60: =C58/$O$58 -> 0.51648352 | D60: =D58/$O$58 -> 0.071428571 | E60: =E58/$O$58 -> 0.11904762 | F60: =F58/$O$58 -> 0.06959707 | G60: =G58/$O$58 -> 0.0036630037 | H60: =H58/$O$58 -> 0.0036630037 | I60: =I58/$O$58 -> 0.073260073 | J60: =J58/$O$58 -> 0.10989011 | ... L60: =L58/$O$58 -> 0.0036630037 | N60: =N58/$O$58 -> 0

Sheet 31.10 KYENJOJO-HOIMA
B1: Consultancy services for Preparation of Expressway Development Master Plan (EDMP) for Uganda
B2: MANUAL CLASSIFIED COUNT (MCC)
B3: ROAD NAME: | C3: ='25.10 KYENJOJO-HOIMA'!C3:G3 -> MCC - C4 - STN108 - HOIMA ROAD
C5: Date | D5: 31.10.19 | F5: Location | G5: ='28.10 HOIMA-KYENJOJO-24h'!G5:H5 -> KYENJOJO | J5: Surveyor | K5: ='28.10 HOIMA-KYENJOJO-24h'!K5:L5 -> STEVEN
C6: Dir. From | D6: ='25.10 KYENJOJO-HOIMA'!D6:E6 -> KYENJOJO | F6: Dir. To | G6: ='25.10 KYENJOJO-HOIMA'!G6:H6 -> HOIMA | J6: Supervisor | K6: ='28.10 HOIMA-KYENJOJO-24h'!K6:L6 -> FELIX
B8: Time / Veh Type | R8: SUMMARY TRAFFIC VOLUMES
C9: 1. Car | D9: 2. Station Wagon | E9: 3. Pickups | F9: 4. Minibus, matatu | G9: 5. Medium bus | H9: 6. Large Bus | I9: 7. Light Truck | J9: 8. Medium Truck | K9: 9. Heavy truck | L9: 10. Truck Trailer | M9: 11. Motor cycles | N9: 12. Tractors | O9: Total Excl M/Cycles | P9: Total All | R9: Time | S9: 1. Car | T9: 2. Station Wagon | U9: 3. Pickups | V9: 4. Minibus, matatu | W9: 5. Medium bus | X9: 6. Large Bus | Y9: 7. Light Truck | Z9: 8. Medium Truck | AA9: 9. Heavy truck | AB9: 10. Truck Trailer | AC9: 11. Motorcycles | AD9: 12. Tractors, Graders | AE9: Total Excl M/ Cycles | AF9: Total All
B10: 07.00 - 07.15 | C10: 4 | D10: 0 | E10: 0 | F10: 0 | G10: 0 | H10: 0 | I10: 0 | J10: 0 | K10: 0 | L10: 0 | M10: 13 | N10: 0 | O10: =SUM(C10:L10,N10) -> 4 | P10: =SUM(C10:N10) -> 17 | R10: 0700-0800 | S10: =SUM(C10:C13) -> 16 | T10: =SUM(D10:D13) -> 2 | U10: =SUM(E10:E13) -> 3 | V10: =SUM(F10:F13) -> 3 | W10: =SUM(G10:G13) -> 0 | X10: =SUM(H10:H13) -> 0 | Y10: =SUM(I10:I13) -> 4 | Z10: =SUM(J10:J13) -> 4 | ... AF10: =SUM(P10:P13) -> 79
B11: 07.15 - 07.30 | C11: 3 | D11: 1 | E11: 0 | F11: 1 | G11: 0 | H11: 0 | I11: 0 | J11: 3 | K11: 0 | L11: 1 | M11: 18 | N11: 0 | O11: =SUM(C11:L11,N11) -> 9 | P11: =SUM(C11:N11) -> 27 | R11: 0800-0900 | S11: =SUM(C14:C17) -> 19 | T11: =SUM(D14:D17) -> 2 | U11: =SUM(E14:E17) -> 5 | V11: =SUM(F14:F17) -> 1 | W11: =SUM(G14:G17) -> 0 | X11: =SUM(H14:H17) -> 0 | Y11: =SUM(I14:I17) -> 0 | Z11: =SUM(J14:J17) -> 0 | ... AF11: =SUM(P14:P17) -> 113
B12: 07.30 - 07.45 | C12: 4 | D12: 0 | E12: 1 | F12: 1 | G12: 0 | H12: 0 | I12: 2 | J12: 1 | K12: 0 | L12: 0 | M12: 10 | N12: 0 | O12: =SUM(C12:L12,N12) -> 9 | P12: =SUM(C12:N12) -> 19 | R12: 0900-1000 | S12: =SUM(C18:C21) -> 15 | T12: =SUM(D18:D21) -> 5 | U12: =SUM(E18:E21) -> 8 | V12: =SUM(F18:F21) -> 3 | W12: =SUM(G18:G21) -> 0 | X12: =SUM(H18:H21) -> 0 | Y12: =SUM(I18:I21) -> 1 | Z12: =SUM(J18:J21) -> 1 | ... AF12: =SUM(P18:P21) -> 108
B13: 07.45 - 08.00 | C13: 5 | D13: 1 | E13: 2 | F13: 1 | G13: 0 | H13: 0 | I13: 2 | J13: 0 | K13: 0 | L13: 0 | M13: 5 | N13: 0 | O13: =SUM(C13:L13,N13) -> 11 | P13: =SUM(C13:N13) -> 16 | R13: 1000-1100 | S13: =SUM(C22:C25) -> 24 | T13: =SUM(D22:D25) -> 2 | U13: =SUM(E22:E25) -> 4 | V13: =SUM(F22:F25) -> 1 | W13: =SUM(G22:G25) -> 0 | X13: =SUM(H22:H25) -> 0 | Y13: =SUM(I22:I25) -> 5 | Z13: =SUM(J22:J25) -> 3 | ... AF13: =SUM(P22:P25) -> 136
B14: 08.00 - 08.15 | C14: 3 | D14: 0 | E14: 0 | F14: 1 | G14: 0 | H14: 0 | I14: 0 | J14: 0 | K14: 0 | L14: 0 | M14: 18 | N14: 0 | O14: =SUM(C14:L14,N14) -> 4 | P14: =SUM(C14:N14) -> 22 | R14: 1100-1200 | S14: =SUM(C26:C29) -> 24 | T14: =SUM(D26:D29) -> 2 | U14: =SUM(E26:E29) -> 8 | V14: =SUM(F26:F29) -> 1 | W14: =SUM(G26:G29) -> 0 | X14: =SUM(H26:H29) -> 0 | Y14: =SUM(I26:I29) -> 5 | Z14: =SUM(J26:J29) -> 4 | ... AF14: =SUM(P26:P29) -> 164
B15: 08.15 - 08.30 | C15: 5 | D15: 1 | E15: 1 | F15: 0 | G15: 0 | H15: 0 | I15: 0 | J15: 0 | K15: 0 | L15: 0 | M15: 18 | N15: 0 | O15: =SUM(C15:L15,N15) -> 7 | P15: =SUM(C15:N15) -> 25 | R15: 1200-1300 | S15: =SUM(C30:C33) -> 32 | T15: =SUM(D30:D33) -> 3 | U15: =SUM(E30:E33) -> 5 | V15: =SUM(F30:F33) -> 2 | W15: =SUM(G30:G33) -> 0 | X15: =SUM(H30:H33) -> 0 | Y15: =SUM(I30:I33) -> 3 | Z15: =SUM(J30:J33) -> 0 | ... AF15: =SUM(P30:P33) -> 176
B16: 08.30 - 08.45 | C16: 5 | D16: 0 | E16: 2 | F16: 0 | G16: 0 | H16: 0 | I16: 0 | J16: 0 | K16: 0 | L16: 0 | M16: 32 | N16: 0 | O16: =SUM(C16:L16,N16) -> 7 | P16: =SUM(C16:N16) -> 39 | R16: 1300-1400 | S16: =SUM(C34:C37) -> 23 | T16: =SUM(D34:D37) -> 2 | U16: =SUM(E34:E37) -> 3 | V16: =SUM(F34:F37) -> 2 | W16: =SUM(G34:G37) -> 0 | X16: =SUM(H34:H37) -> 0 | Y16: =SUM(I34:I37) -> 2 | Z16: =SUM(J34:J37) -> 3 | ... AF16: =SUM(P34:P37) -> 151
B17: 08.45 - 9.00 | C17: 6 | D17: 1 | E17: 2 | F17: 0 | G17: 0 | H17: 0 | I17: 0 | J17: 0 | K17: 0 | L17: 0 | M17: 18 | N17: 0 | O17: =SUM(C17:L17,N17) -> 9 | P17: =SUM(C17:N17) -> 27 | R17: 1400-1500 | S17: =SUM(C38:C41) -> 26 | T17: =SUM(D38:D41) -> 1 | U17: =SUM(E38:E41) -> 3 | V17: =SUM(F38:F41) -> 5 | W17: =SUM(G38:G41) -> 0 | X17: =SUM(H38:H41) -> 0 | Y17: =SUM(I38:I41) -> 5 | Z17: =SUM(J38:J41) -> 1 | ... AF17: =SUM(P38:P41) -> 178
B18: 09.00 - 09.15 | C18: 4 | D18: 2 | E18: 2 | F18: 1 | G18: 0 | H18: 0 | I18: 1 | J18: 1 | K18: 0 | L18: 0 | M18: 31 | N18: 0 | O18: =SUM(C18:L18,N18) -> 11 | P18: =SUM(C18:N18) -> 42 | R18: 1500-1600 | S18: =SUM(C42:C45) -> 21 | T18: =SUM(D42:D45) -> 0 | U18: =SUM(E42:E45) -> 4 | V18: =SUM(F42:F45) -> 2 | W18: =SUM(G42:G45) -> 0 | X18: =SUM(H42:H45) -> 0 | Y18: =SUM(I42:I45) -> 6 | Z18: =SUM(J42:J45) -> 3 | ... AF18: =SUM(P42:P45) -> 176
B19: 09.15 - 09.30 | C19: 6 | D19: 2 | E19: 3 | F19: 1 | G19: 0 | H19: 0 | I19: 0 | J19: 0 | K19: 0 | L19: 0 | M19: 24 | N19: 0 | O19: =SUM(C19:L19,N19) -> 12 | P19: =SUM(C19:N19) -> 36 | R19: 1600-1700 | S19: =SUM(C46:C49) -> 25 | T19: =SUM(D46:D49) -> 3 | U19: =SUM(E46:E49) -> 5 | V19: =SUM(F46:F49) -> 3 | W19: =SUM(G46:G49) -> 0 | X19: =SUM(H46:H49) -> 0 | Y19: =SUM(I46:I49) -> 3 | Z19: =SUM(J46:J49) -> 2 | ... AF19: =SUM(P46:P49) -> 233
B20: 09.30 - 09.45 | C20: 3 | D20: 1 | E20: 0 | F20: 0 | G20: 0 | H20: 0 | I20: 0 | J20: 0 | K20: 0 | L20: 0 | M20: 11 | N20: 0 | O20: =SUM(C20:L20,N20) -> 4 | P20: =SUM(C20:N20) -> 15 | R20: 1700-1800 | S20: =SUM(C50:C53) -> 28 | T20: =SUM(D50:D53) -> 4 | U20: =SUM(E50:E53) -> 11 | V20: =SUM(F50:F53) -> 2 | W20: =SUM(G50:G53) -> 0 | X20: =SUM(H50:H53) -> 0 | Y20: =SUM(I50:I53) -> 3 | Z20: =SUM(J50:J53) -> 5 | ... AF20: =SUM(P50:P53) -> 193
B21: 09.45 - 10.00 | C21: 2 | D21: 0 | E21: 3 | F21: 1 | G21: 0 | H21: 0 | I21: 0 | J21: 0 | K21: 0 | L21: 0 | M21: 9 | N21: 0 | O21: =SUM(C21:L21,N21) -> 6 | P21: =SUM(C21:N21) -> 15 | R21: 1800-1900 | S21: =SUM(C54:C57) -> 25 | T21: =SUM(D54:D57) -> 0 | U21: =SUM(E54:E57) -> 4 | V21: =SUM(F54:F57) -> 2 | W21: =SUM(G54:G57) -> 0 | X21: =SUM(H54:H57) -> 0 | Y21: =SUM(I54:I57) -> 2 | Z21: =SUM(J54:J57) -> 0 | ... AF21: =SUM(P54:P57) -> 211
B22: 10.00 - 10.15 | C22: 4 | D22: 0 | E22: 1 | F22: 0 | G22: 0 | H22: 0 | I22: 1 | J22: 0 | K22: 0 | L22: 1 | M22: 13 | N22: 0 | O22: =SUM(C22:L22,N22) -> 7 | P22: =SUM(C22:N22) -> 20 | R22: AM Peak Hr | S22: =MAX(S10:S12) -> 19 | T22: =MAX(T10:T12) -> 5 | U22: =MAX(U10:U12) -> 8 | V22: =MAX(V10:V12) -> 3 | W22: =MAX(W10:W12) -> 0 | X22: =MAX(X10:X12) -> 0 | Y22: =MAX(Y10:Y12) -> 4 | Z22: =MAX(Z10:Z12) -> 4 | ... AF22: =MAX(AF10:AF12) -> 113
B23: 10.15 - 10.30 | C23: 7 | D23: 1 | E23: 1 | F23: 1 | G23: 0 | H23: 0 | I23: 2 | J23: 1 | K23: 0 | L23: 0 | M23: 34 | N23: 0 | O23: =SUM(C23:L23,N23) -> 13 | P23: =SUM(C23:N23) -> 47 | R23: IP Peak Hr | S23: =MAX(S13:S18) -> 32 | T23: =MAX(T13:T18) -> 3 | U23: =MAX(U13:U18) -> 8 | V23: =MAX(V13:V18) -> 5 | W23: =MAX(W13:W18) -> 0 | X23: =MAX(X13:X18) -> 0 | Y23: =MAX(Y13:Y18) -> 6 | Z23: =MAX(Z13:Z18) -> 4 | ... AF23: =MAX(AF13:AF18) -> 178
B24: 10.30 - 10.45 | C24: 10 | D24: 1 | E24: 1 | F24: 0 | G24: 0 | H24: 0 | I24: 2 | J24: 2 | K24: 0 | L24: 0 | M24: 28 | N24: 0 | O24: =SUM(C24:L24,N24) -> 16 | P24: =SUM(C24:N24) -> 44 | R24: PM Peak Hr | S24: =MAX(S19:S21) -> 28 | T24: =MAX(T19:T21) -> 4 | U24: =MAX(U19:U21) -> 11 | V24: =MAX(V19:V21) -> 3 | W24: =MAX(W19:W21) -> 0 | X24: =MAX(X19:X21) -> 0 | Y24: =MAX(Y19:Y21) -> 3 | Z24: =MAX(Z19:Z21) -> 5 | ... AF24: =MAX(AF19:AF21) -> 233
B25: 10.45 - 11.00 | C25: 3 | D25: 0 | E25: 1 | F25: 0 | G25: 0 | H25: 0 | I25: 0 | J25: 0 | K25: 0 | L25: 0 | M25: 21 | N25: 0 | O25: =SUM(C25:L25,N25) -> 4 | P25: =SUM(C25:N25) -> 25 | R25: AM Period | S25: =SUM(S10:S12) -> 50 | T25: =SUM(T10:T12) -> 9 | U25: =SUM(U10:U12) -> 16 | V25: =SUM(V10:V12) -> 7 | W25: =SUM(W10:W12) -> 0 | X25: =SUM(X10:X12) -> 0 | Y25: =SUM(Y10:Y12) -> 5 | Z25: =SUM(Z10:Z12) -> 5 | ... AF25: =SUM(AF10:AF12) -> 300
B26: 11.00 - 11.15 | C26: 6 | D26: 0 | E26: 4 | F26: 1 | G26: 0 | H26: 0 | I26: 1 | J26: 1 | K26: 0 | L26: 0 | M26: 39 | N26: 0 | O26: =SUM(C26:L26,N26) -> 13 | P26: =SUM(C26:N26) -> 52 | R26: IP Period | S26: =SUM(S13:S18) -> 150 | T26: =SUM(T13:T18) -> 10 | U26: =SUM(U13:U18) -> 27 | V26: =SUM(V13:V18) -> 13 | W26: =SUM(W13:W18) -> 0 | X26: =SUM(X13:X18) -> 0 | Y26: =SUM(Y13:Y18) -> 26 | Z26: =SUM(Z13:Z18) -> 14 | ... AF26: =SUM(AF13:AF18) -> 981
B27: 11.15 - 11.30 | C27: 9 | D27: 0 | E27: 1 | F27: 0 | G27: 0 | H27: 0 | I27: 1 | J27: 0 | K27: 0 | L27: 0 | M27: 31 | N27: 0 | O27: =SUM(C27:L27,N27) -> 11 | P27: =SUM(C27:N27) -> 42 | R27: PM Period | S27: =SUM(S19:S21) -> 78 | T27: =SUM(T19:T21) -> 7 | U27: =SUM(U19:U21) -> 20 | V27: =SUM(V19:V21) -> 7 | W27: =SUM(W19:W21) -> 0 | X27: =SUM(X19:X21) -> 0 | Y27: =SUM(Y19:Y21) -> 8 | Z27: =SUM(Z19:Z21) -> 7 | ... AF27: =SUM(AF19:AF21) -> 637
B28: 11.30 - 11.45 | C28: 7 | D28: 2 | E28: 2 | F28: 0 | G28: 0 | H28: 0 | I28: 2 | J28: 2 | K28: 0 | L28: 0 | M28: 30 | N28: 0 | O28: =SUM(C28:L28,N28) -> 15 | P28: =SUM(C28:N28) -> 45 | R28: 12 Hours | S28: =SUM(S10:S21) -> 278 | T28: =SUM(T10:T21) -> 26 | U28: =SUM(U10:U21) -> 63 | V28: =SUM(V10:V21) -> 27 | W28: =SUM(W10:W21) -> 0 | X28: =SUM(X10:X21) -> 0 | Y28: =SUM(Y10:Y21) -> 39 | Z28: =SUM(Z10:Z21) -> 26 | ... AF28: =SUM(AF10:AF21) -> 1918
B29: 11.45 - 12.00 | C29: 2 | D29: 0 | E29: 1 | F29: 0 | G29: 0 | H29: 0 | I29: 1 | J29: 1 | K29: 0 | L29: 0 | M29: 20 | N29: 0 | O29: =SUM(C29:L29,N29) -> 5 | P29: =SUM(C29:N29) -> 25
B30: 12.00 - 12.15 | C30: 10 | D30: 1 | E30: 3 | F30: 0 | G30: 0 | H30: 0 | I30: 1 | J30: 0 | K30: 0 | L30: 0 | M30: 31 | N30: 0 | O30: =SUM(C30:L30,N30) -> 15 | P30: =SUM(C30:N30) -> 46
B31: 12.15 - 12.30 | C31: 5 | D31: 0 | E31: 1 | F31: 0 | G31: 0 | H31: 0 | I31: 0 | J31: 0 | K31: 0 | L31: 0 | M31: 26 | N31: 0 | O31: =SUM(C31:L31,N31) -> 6 | P31: =SUM(C31:N31) -> 32
B32: 12.30 - 12.45 | C32: 9 | D32: 1 | E32: 1 | F32: 1 | G32: 0 | H32: 0 | I32: 0 | J32: 0 | K32: 0 | L32: 0 | M32: 27 | N32: 0 | O32: =SUM(C32:L32,N32) -> 12 | P32: =SUM(C32:N32) -> 39
B33: 12.45 - 13.00 | C33: 8 | D33: 1 | E33: 0 | F33: 1 | G33: 0 | H33: 0 | I33: 2 | J33: 0 | K33: 0 | L33: 2 | M33: 45 | N33: 0 | O33: =SUM(C33:L33,N33) -> 14 | P33: =SUM(C33:N33) -> 59
B34: 13.00 - 13.15 | C34: 4 | D34: 1 | E34: 2 | F34: 1 | G34: 0 | H34: 0 | I34: 1 | J34: 1 | K34: 0 | L34: 0 | M34: 49 | N34: 0 | O34: =SUM(C34:L34,N34) -> 10 | P34: =SUM(C34:N34) -> 59
B35: 13.15 - 13.30 | C35: 6 | D35: 0 | E35: 0 | F35: 1 | G35: 0 | H35: 0 | I35: 0 | J35: 2 | K35: 0 | L35: 0 | M35: 22 | N35: 0 | O35: =SUM(C35:L35,N35) -> 9 | P35: =SUM(C35:N35) -> 31
B36: 13.30 - 13.45 | C36: 3 | D36: 0 | E36: 0 | F36: 0 | G36: 0 | H36: 0 | I36: 0 | J36: 0 | K36: 0 | L36: 0 | M36: 8 | N36: 0 | O36: =SUM(C36:L36,N36) -> 3 | P36: =SUM(C36:N36) -> 11
B37: 13.45 - 14.00 | C37: 10 | D37: 1 | E37: 1 | F37: 0 | G37: 0 | H37: 0 | I37: 1 | J37: 0 | K37: 0 | L37: 0 | M37: 37 | N37: 0 | O37: =SUM(C37:L37,N37) -> 13 | P37: =SUM(C37:N37) -> 50
B38: 14.00 - 14.15 | C38: 5 | D38: 0 | E38: 0 | F38: 1 | G38: 0 | H38: 0 | I38: 1 | J38: 0 | K38: 0 | L38: 0 | M38: 39 | N38: 0 | O38: =SUM(C38:L38,N38) -> 7 | P38: =SUM(C38:N38) -> 46
B39: 14.15 - 14.30 | C39: 5 | D39: 0 | E39: 0 | F39: 3 | G39: 0 | H39: 0 | I39: 0 | J39: 0 | K39: 0 | L39: 1 | M39: 40 | N39: 0 | O39: =SUM(C39:L39,N39) -> 9 | P39: =SUM(C39:N39) -> 49
B40: 14.30 - 14.45 | C40: 11 | D40: 1 | E40: 2 | F40: 0 | G40: 0 | H40: 0 | I40: 2 | J40: 1 | K40: 0 | L40: 0 | M40: 30 | N40: 0 | O40: =SUM(C40:L40,N40) -> 17 | P40: =SUM(C40:N40) -> 47
... B57: 18.45 - 19.00 | C57: 9 | D57: 0 | E57: 2 | F57: 0 | G57: 0 | H57: 0 | I57: 1 | J57: 0 | K57: 0 | L57: 0 | M57: 58 | N57: 0 | O57: =SUM(C57:L57,N57) -> 12 | P57: =SUM(C57:N57) -> 70
B58: Totals | C58: =SUM(C10:C57) -> 278 | D58: =SUM(D10:D57) -> 26 | E58: =SUM(E10:E57) -> 63 | F58: =SUM(F10:F57) -> 27 | G58: =SUM(G10:G57) -> 0 | H58: =SUM(H10:H57) -> 0 | I58: =SUM(I10:I57) -> 39 | J58: =SUM(J10:J57) -> 26 | ... P58: =SUM(P10:P57) -> 1918
B59: %ges + MCs | C59: =C58/$P$58 -> 0.14494265 | D59: =D58/$P$58 -> 0.013555787 | E59: =E58/$P$58 -> 0.032846715 | F59: =F58/$P$58 -> 0.014077164 | G59: =G58/$P$58 -> 0 | H59: =H58/$P$58 -> 0 | I59: =I58/$P$58 -> 0.020333681 | J59: =J58/$P$58 -> 0.013555787 | ... N59: =N58/$P$58 -> 0
B60: %ges w/o MCs | C60: =C58/$O$58 -> 0.59656652 | D60: =D58/$O$58 -> 0.055793991 | E60: =E58/$O$58 -> 0.13519313 | F60: =F58/$O$58 -> 0.057939914 | G60: =G58/$O$58 -> 0 | H60: =H58/$O$58 -> 0 | I60: =I58/$O$58 -> 0.083690987 | J60: =J58/$O$58 -> 0.055793991 | ... L60: =L58/$O$58 -> 0.012875536 | N60: =N58/$O$58 -> 0

Sheet 31.10 HOIMA-KYENJOJO
B1: Consultancy services for Preparation of Expressway Development Master Plan (EDMP) for Uganda
B2: MANUAL CLASSIFIED COUNT (MCC)
B3: ROAD NAME: | C3: ='25.10 HOIMA-KYENJOJO'!C3:G3 -> MCC - C4 - STN108 - HOIMA ROAD
C5: Date | D5: ='31.10 KYENJOJO-HOIMA'!D5 -> 31.10.19 | F5: Location | G5: ='31.10 KYENJOJO-HOIMA'!G5:H5 -> KYENJOJO | J5: Surveyor | K5: ='31.10 KYENJOJO-HOIMA'!K5:L5 -> STEVEN
C6: Dir. From | D6: ='25.10 HOIMA-KYENJOJO'!D6:E6 -> HOIMA | F6: Dir. To | G6: ='25.10 HOIMA-KYENJOJO'!G6:H6 -> KYENJOJO | J6: Supervisor | K6: ='31.10 KYENJOJO-HOIMA'!K6:L6 -> FELIX
B8: Time / Veh Type | R8: SUMMARY TRAFFIC VOLUMES
C9: 1. Car | D9: 2. Station Wagon | E9: 3. Pickups | F9: 4. Minibus, matatu | G9: 5. Medium bus | H9: 6. Large Bus | I9: 7. Light Truck | J9: 8. Medium Truck | K9: 9. Heavy truck | L9: 10. Truck Trailer | M9: 11. Motor cycles | N9: 12. Tractors | O9: Total Excl M/Cycles | P9: Total All | R9: Time | S9: 1. Car | T9: 2. Station Wagon | U9: 3. Pickups | V9: 4. Minibus, matatu | W9: 5. Medium bus | X9: 6. Large Bus | Y9: 7. Light Truck | Z9: 8. Medium Truck | AA9: 9. Heavy truck | AB9: 10. Truck Trailer | AC9: 11. Motorcycles | AD9: 12. Tractors, Graders | AE9: Total Excl M/ Cycles | AF9: Total All
B10: 07.00 - 07.15 | C10: 3 | D10: 0 | E10: 0 | F10: 0 | G10: 0 | H10: 0 | I10: 0 | J10: 1 | K10: 0 | L10: 0 | M10: 13 | N10: 0 | O10: =SUM(C10:L10,N10) -> 4 | P10: =SUM(C10:N10) -> 17 | R10: 0700-0800 | S10: =SUM(C10:C13) -> 19 | T10: =SUM(D10:D13) -> 5 | U10: =SUM(E10:E13) -> 2 | V10: =SUM(F10:F13) -> 1 | W10: =SUM(G10:G13) -> 1 | X10: =SUM(H10:H13) -> 0 | Y10: =SUM(I10:I13) -> 1 | Z10: =SUM(J10:J13) -> 1 | ... AF10: =SUM(P10:P13) -> 115
B11: 07.15 - 07.30 | C11: 6 | D11: 1 | E11: 1 | F11: 0 | G11: 1 | H11: 0 | I11: 0 | J11: 0 | K11: 0 | L11: 0 | M11: 41 | N11: 0 | O11: =SUM(C11:L11,N11) -> 9 | P11: =SUM(C11:N11) -> 50 | R11: 0800-0900 | S11: =SUM(C14:C17) -> 24 | T11: =SUM(D14:D17) -> 4 | U11: =SUM(E14:E17) -> 12 | V11: =SUM(F14:F17) -> 3 | W11: =SUM(G14:G17) -> 1 | X11: =SUM(H14:H17) -> 0 | Y11: =SUM(I14:I17) -> 1 | Z11: =SUM(J14:J17) -> 4 | ... AF11: =SUM(P14:P17) -> 157
B12: 07.30 - 07.45 | C12: 5 | D12: 3 | E12: 1 | F12: 0 | G12: 0 | H12: 0 | I12: 0 | J12: 0 | K12: 0 | L12: 0 | M12: 22 | N12: 0 | O12: =SUM(C12:L12,N12) -> 9 | P12: =SUM(C12:N12) -> 31 | R12: 0900-1000 | S12: =SUM(C18:C21) -> 20 | T12: =SUM(D18:D21) -> 4 | U12: =SUM(E18:E21) -> 8 | V12: =SUM(F18:F21) -> 2 | W12: =SUM(G18:G21) -> 0 | X12: =SUM(H18:H21) -> 0 | Y12: =SUM(I18:I21) -> 0 | Z12: =SUM(J18:J21) -> 2 | ... AF12: =SUM(P18:P21) -> 139
B13: 07.45 - 08.00 | C13: 5 | D13: 1 | E13: 0 | F13: 1 | G13: 0 | H13: 0 | I13: 1 | J13: 0 | K13: 0 | L13: 0 | M13: 9 | N13: 0 | O13: =SUM(C13:L13,N13) -> 8 | P13: =SUM(C13:N13) -> 17 | R13: 1000-1100 | S13: =SUM(C22:C25) -> 23 | T13: =SUM(D22:D25) -> 2 | U13: =SUM(E22:E25) -> 4 | V13: =SUM(F22:F25) -> 1 | W13: =SUM(G22:G25) -> 0 | X13: =SUM(H22:H25) -> 0 | Y13: =SUM(I22:I25) -> 2 | Z13: =SUM(J22:J25) -> 4 | ... AF13: =SUM(P22:P25) -> 117
B14: 08.00 - 08.15 | C14: 5 | D14: 1 | E14: 1 | F14: 0 | G14: 0 | H14: 0 | I14: 1 | J14: 1 | K14: 0 | L14: 1 | M14: 17 | N14: 0 | O14: =SUM(C14:L14,N14) -> 10 | P14: =SUM(C14:N14) -> 27 | R14: 1100-1200 | S14: =SUM(C26:C29) -> 29 | T14: =SUM(D26:D29) -> 3 | U14: =SUM(E26:E29) -> 3 | V14: =SUM(F26:F29) -> 2 | W14: =SUM(G26:G29) -> 0 | X14: =SUM(H26:H29) -> 0 | Y14: =SUM(I26:I29) -> 2 | Z14: =SUM(J26:J29) -> 5 | ... AF14: =SUM(P26:P29) -> 216
B15: 08.15 - 08.30 | C15: 7 | D15: 1 | E15: 3 | F15: 0 | G15: 1 | H15: 0 | I15: 0 | J15: 1 | K15: 0 | L15: 0 | M15: 31 | N15: 0 | O15: =SUM(C15:L15,N15) -> 13 | P15: =SUM(C15:N15) -> 44 | R15: 1200-1300 | S15: =SUM(C30:C33) -> 20 | T15: =SUM(D30:D33) -> 3 | U15: =SUM(E30:E33) -> 1 | V15: =SUM(F30:F33) -> 2 | W15: =SUM(G30:G33) -> 0 | X15: =SUM(H30:H33) -> 0 | Y15: =SUM(I30:I33) -> 0 | Z15: =SUM(J30:J33) -> 1 | ... AF15: =SUM(P30:P33) -> 160
B16: 08.30 - 08.45 | C16: 8 | D16: 1 | E16: 2 | F16: 1 | G16: 0 | H16: 0 | I16: 0 | J16: 1 | K16: 1 | L16: 0 | M16: 30 | N16: 0 | O16: =SUM(C16:L16,N16) -> 14 | P16: =SUM(C16:N16) -> 44 | R16: 1300-1400 | S16: =SUM(C34:C37) -> 17 | T16: =SUM(D34:D37) -> 6 | U16: =SUM(E34:E37) -> 8 | V16: =SUM(F34:F37) -> 0 | W16: =SUM(G34:G37) -> 0 | X16: =SUM(H34:H37) -> 0 | Y16: =SUM(I34:I37) -> 4 | Z16: =SUM(J34:J37) -> 2 | ... AF16: =SUM(P34:P37) -> 161
