Workbook

Sheet 22.07 Ndeeba-Nyanama
B1: Consultancy services for Preparation of Expressway Development Master Plan (EDMP) for Uganda
B2: MANUAL CLASSIFIED COUNT (MCC)
B3: ROAD NAME: | C3: MCC - C1 - STN04 - WERAGA ROAD
C5: Date | D5: 22.07.19 | F5: Location | G5: Golden Mille Hotel | J5: Surveyor | K5: Steven Dan
C6: Dir. From | D6: Ndeeba | F6: Dir. To | G6: Nyanama | J6: Supervisor | K6: Denis
B8: Time / Veh Type | R8: SUMMARY TRAFFIC VOLUMES
C9: 1. Car | D9: 2. Station Wagon | E9: 3. Pickups | F9: 4. Minibus, matatu | G9: 5. Medium bus | H9: 6. Large Bus | I9: 7. Light Truck | J9: 8. Medium Truck | K9: 9. Heavy truck | L9: 10. Truck Trailer | M9: 11. Motor cycles | N9: 12. Tractors | O9: Total Excl M/Cycles | P9: Total All | R9: Time | S9: 1. Car | T9: 2. Station Wagon | U9: 3. Pickups | V9: 4. Minibus, matatu | W9: 5. Medium bus | X9: 6. Large Bus | Y9: 7. Light Truck | Z9: 8. Medium Truck | AA9: 9. Heavy truck | AB9: 10. Truck Trailer | AC9: 11. Motorcycles | AD9: 12. Tractors, Graders | AE9: Total Excl M/ Cycles | AF9: Total All
B10: 07.00 - 07.15 | C10: 11 | D10: 2 | E10: 1 | F10: 3 | G10: 0 | H10: 0 | I10: 0 | J10: 0 | K10: 0 | L10: 0 | M10: 20 | N10: 0 | O10: =SUM(C10:L10,N10) -> 17 | P10: =SUM(C10:N10) -> 37 | R10: 0700-0800 | S10: =SUM(C10:C13) -> 52 | T10: =SUM(D10:D13) -> 6 | U10: =SUM(E10:E13) -> 3 | V10: =SUM(F10:F13) -> 13 | W10: =SUM(G10:G13) -> 0 | X10: =SUM(H10:H13) -> 0 | Y10: =SUM(I10:I13) -> 3 | Z10: =SUM(J10:J13) -> 0 | ... AF10: =SUM(P10:P13) -> 393
B11: 07.15 - 07.30 | C11: 17 | D11: 2 | E11: 0 | F11: 4 | G11: 0 | H11: 0 | I11: 0 | J11: 0 | K11: 0 | L11: 0 | M11: 107 | N11: 0 | O11: =SUM(C11:L11,N11) -> 23 | P11: =SUM(C11:N11) -> 130 | R11: 0800-0900 | S11: =SUM(C14:C17) -> 66 | T11: =SUM(D14:D17) -> 5 | U11: =SUM(E14:E17) -> 15 | V11: =SUM(F14:F17) -> 51 | W11: =SUM(G14:G17) -> 0 | X11: =SUM(H14:H17) -> 0 | Y11: =SUM(I14:I17) -> 1 | Z11: =SUM(J14:J17) -> 1 | ... AF11: =SUM(P14:P17) -> 760
B12: 07.30 - 07.45 | C12: 13 | D12: 0 | E12: 1 | F12: 3 | G12: 0 | H12: 0 | I12: 0 | J12: 0 | K12: 0 | L12: 0 | M12: 65 | N12: 0 | O12: =SUM(C12:L12,N12) -> 17 | P12: =SUM(C12:N12) -> 82 | R12: 0900-1000 | S12: =SUM(C18:C21) -> 65 | T12: =SUM(D18:D21) -> 0 | U12: =SUM(E18:E21) -> 2 | V12: =SUM(F18:F21) -> 34 | W12: =SUM(G18:G21) -> 1 | X12: =SUM(H18:H21) -> 0 | Y12: =SUM(I18:I21) -> 18 | Z12: =SUM(J18:J21) -> 3 | ... AF12: =SUM(P18:P21) -> 636
B13: 07.45 - 08.00 | C13: 11 | D13: 2 | E13: 1 | F13: 3 | G13: 0 | H13: 0 | I13: 3 | J13: 0 | K13: 0 | L13: 0 | M13: 124 | N13: 0 | O13: =SUM(C13:L13,N13) -> 20 | P13: =SUM(C13:N13) -> 144 | R13: 1000-1100 | S13: =SUM(C22:C25) -> 94 | T13: =SUM(D22:D25) -> 9 | U13: =SUM(E22:E25) -> 6 | V13: =SUM(F22:F25) -> 31 | W13: =SUM(G22:G25) -> 1 | X13: =SUM(H22:H25) -> 0 | Y13: =SUM(I22:I25) -> 12 | Z13: =SUM(J22:J25) -> 5 | ... AF13: =SUM(P22:P25) -> 652
B14: 08.00 - 08.15 | C14: 15 | D14: 2 | E14: 6 | F14: 21 | G14: 0 | H14: 0 | I14: 0 | J14: 0 | K14: 0 | L14: 0 | M14: 140 | N14: 0 | O14: =SUM(C14:L14,N14) -> 44 | P14: =SUM(C14:N14) -> 184 | R14: 1100-1200 | S14: =SUM(C26:C29) -> 97 | T14: =SUM(D26:D29) -> 2 | U14: =SUM(E26:E29) -> 8 | V14: =SUM(F26:F29) -> 25 | W14: =SUM(G26:G29) -> 1 | X14: =SUM(H26:H29) -> 1 | Y14: =SUM(I26:I29) -> 11 | Z14: =SUM(J26:J29) -> 2 | ... AF14: =SUM(P26:P29) -> 552
B15: 08.15 - 08.30 | C15: 20 | D15: 1 | E15: 1 | F15: 10 | G15: 0 | H15: 0 | I15: 0 | J15: 1 | K15: 0 | L15: 0 | M15: 140 | N15: 0 | O15: =SUM(C15:L15,N15) -> 33 | P15: =SUM(C15:N15) -> 173 | R15: 1200-1300 | S15: =SUM(C30:C33) -> 123 | T15: =SUM(D30:D33) -> 9 | U15: =SUM(E30:E33) -> 11 | V15: =SUM(F30:F33) -> 21 | W15: =SUM(G30:G33) -> 0 | X15: =SUM(H30:H33) -> 0 | Y15: =SUM(I30:I33) -> 10 | Z15: =SUM(J30:J33) -> 6 | ... AF15: =SUM(P30:P33) -> 672
B16: 08.30 - 08.45 | C16: 18 | D16: 2 | E16: 6 | F16: 7 | G16: 0 | H16: 0 | I16: 0 | J16: 0 | K16: 0 | L16: 0 | M16: 155 | N16: 0 | O16: =SUM(C16:L16,N16) -> 33 | P16: =SUM(C16:N16) -> 188 | R16: 1300-1400 | S16: =SUM(C34:C37) -> 110 | T16: =SUM(D34:D37) -> 8 | U16: =SUM(E34:E37) -> 14 | V16: =SUM(F34:F37) -> 33 | W16: =SUM(G34:G37) -> 1 | X16: =SUM(H34:H37) -> 0 | Y16: =SUM(I34:I37) -> 4 | Z16: =SUM(J34:J37) -> 2 | ... AF16: =SUM(P34:P37) -> 633
B17: 08.45 - 9.00 | C17: 13 | D17: 0 | E17: 2 | F17: 13 | G17: 0 | H17: 0 | I17: 1 | J17: 0 | K17: 1 | L17: 0 | M17: 185 | N17: 0 | O17: =SUM(C17:L17,N17) -> 30 | P17: =SUM(C17:N17) -> 215 | R17: 1400-1500 | S17: =SUM(C38:C41) -> 124 | T17: =SUM(D38:D41) -> 4 | U17: =SUM(E38:E41) -> 13 | V17: =SUM(F38:F41) -> 18 | W17: =SUM(G38:G41) -> 1 | X17: =SUM(H38:H41) -> 0 | Y17: =SUM(I38:I41) -> 13 | Z17: =SUM(J38:J41) -> 2 | ... AF17: =SUM(P38:P41) -> 464
B18: 09.00 - 09.15 | C18: 19 | D18: 0 | E18: 2 | F18: 7 | G18: 0 | H18: 0 | I18: 3 | J18: 0 | K18: 1 | L18: 0 | M18: 141 | N18: 0 | O18: =SUM(C18:L18,N18) -> 32 | P18: =SUM(C18:N18) -> 173 | R18: 1500-1600 | S18: =SUM(C42:C45) -> 136 | T18: =SUM(D42:D45) -> 7 | U18: =SUM(E42:E45) -> 8 | V18: =SUM(F42:F45) -> 26 | W18: =SUM(G42:G45) -> 1 | X18: =SUM(H42:H45) -> 1 | Y18: =SUM(I42:I45) -> 21 | Z18: =SUM(J42:J45) -> 2 | ... AF18: =SUM(P42:P45) -> 353
B19: 09.15 - 09.30 | C19: 12 | D19: 0 | E19: 0 | F19: 9 | G19: 1 | H19: 0 | I19: 4 | J19: 0 | K19: 2 | L19: 1 | M19: 125 | N19: 0 | O19: =SUM(C19:L19,N19) -> 29 | P19: =SUM(C19:N19) -> 154 | R19: 1600-1700 | S19: =SUM(C46:C49) -> 225 | T19: =SUM(D46:D49) -> 9 | U19: =SUM(E46:E49) -> 8 | V19: =SUM(F46:F49) -> 36 | W19: =SUM(G46:G49) -> 5 | X19: =SUM(H46:H49) -> 0 | Y19: =SUM(I46:I49) -> 15 | Z19: =SUM(J46:J49) -> 3 | ... AF19: =SUM(P46:P49) -> 672
B20: 09.30 - 09.45 | C20: 21 | D20: 0 | E20: 0 | F20: 7 | G20: 0 | H20: 0 | I20: 5 | J20: 2 | K20: 0 | L20: 1 | M20: 130 | N20: 0 | O20: =SUM(C20:L20,N20) -> 36 | P20: =SUM(C20:N20) -> 166 | R20: 1700-1800 | S20: =SUM(C50:C53) -> 228 | T20: =SUM(D50:D53) -> 4 | U20: =SUM(E50:E53) -> 7 | V20: =SUM(F50:F53) -> 59 | W20: =SUM(G50:G53) -> 0 | X20: =SUM(H50:H53) -> 0 | Y20: =SUM(I50:I53) -> 8 | Z20: =SUM(J50:J53) -> 1 | ... AF20: =SUM(P50:P53) -> 682
B21: 09.45 - 10.00 | C21: 13 | D21: 0 | E21: 0 | F21: 11 | G21: 0 | H21: 0 | I21: 6 | J21: 1 | K21: 0 | L21: 0 | M21: 112 | N21: 0 | O21: =SUM(C21:L21,N21) -> 31 | P21: =SUM(C21:N21) -> 143 | R21: 1800-1900 | S21: =SUM(C54:C57) -> 424 | T21: =SUM(D54:D57) -> 43 | U21: =SUM(E54:E57) -> 22 | V21: =SUM(F54:F57) -> 129 | W21: =SUM(G54:G57) -> 1 | X21: =SUM(H54:H57) -> 0 | Y21: =SUM(I54:I57) -> 18 | Z21: =SUM(J54:J57) -> 4 | ... AF21: =SUM(P54:P57) -> 1236
B22: 10.00 - 10.15 | C22: 18 | D22: 3 | E22: 1 | F22: 6 | G22: 1 | H22: 0 | I22: 5 | J22: 2 | K22: 0 | L22: 0 | M22: 138 | N22: 0 | O22: =SUM(C22:L22,N22) -> 36 | P22: =SUM(C22:N22) -> 174 | R22: AM Peak Hr | S22: =MAX(S10:S12) -> 66 | T22: =MAX(T10:T12) -> 6 | U22: =MAX(U10:U12) -> 15 | V22: =MAX(V10:V12) -> 51 | W22: =MAX(W10:W12) -> 1 | X22: =MAX(X10:X12) -> 0 | Y22: =MAX(Y10:Y12) -> 18 | Z22: =MAX(Z10:Z12) -> 3 | ... AF22: =MAX(AF10:AF12) -> 760
B23: 10.15 - 10.30 | C23: 28 | D23: 4 | E23: 2 | F23: 7 | G23: 0 | H23: 0 | I23: 1 | J23: 3 | K23: 1 | L23: 1 | M23: 120 | N23: 0 | O23: =SUM(C23:L23,N23) -> 47 | P23: =SUM(C23:N23) -> 167 | R23: IP Peak Hr | S23: =MAX(S13:S18) -> 136 | T23: =MAX(T13:T18) -> 9 | U23: =MAX(U13:U18) -> 14 | V23: =MAX(V13:V18) -> 33 | W23: =MAX(W13:W18) -> 1 | X23: =MAX(X13:X18) -> 1 | Y23: =MAX(Y13:Y18) -> 21 | Z23: =MAX(Z13:Z18) -> 6 | ... AF23: =MAX(AF13:AF18) -> 672
B24: 10.30 - 10.45 | C24: 25 | D24: 0 | E24: 3 | F24: 8 | G24: 0 | H24: 0 | I24: 2 | J24: 0 | K24: 0 | L24: 0 | M24: 138 | N24: 0 | O24: =SUM(C24:L24,N24) -> 38 | P24: =SUM(C24:N24) -> 176 | R24: PM Peak Hr | S24: =MAX(S19:S21) -> 424 | T24: =MAX(T19:T21) -> 43 | U24: =MAX(U19:U21) -> 22 | V24: =MAX(V19:V21) -> 129 | W24: =MAX(W19:W21) -> 5 | X24: =MAX(X19:X21) -> 0 | Y24: =MAX(Y19:Y21) -> 18 | Z24: =MAX(Z19:Z21) -> 4 | ... AF24: =MAX(AF19:AF21) -> 1236
B25: 10.45 - 11.00 | C25: 23 | D25: 2 | E25: 0 | F25: 10 | G25: 0 | H25: 0 | I25: 4 | J25: 0 | K25: 1 | L25: 0 | M25: 95 | N25: 0 | O25: =SUM(C25:L25,N25) -> 40 | P25: =SUM(C25:N25) -> 135 | R25: AM Period | S25: =SUM(S10:S12) -> 183 | T25: =SUM(T10:T12) -> 11 | U25: =SUM(U10:U12) -> 20 | V25: =SUM(V10:V12) -> 98 | W25: =SUM(W10:W12) -> 1 | X25: =SUM(X10:X12) -> 0 | Y25: =SUM(Y10:Y12) -> 22 | Z25: =SUM(Z10:Z12) -> 4 | ... AF25: =SUM(AF10:AF12) -> 1789
B26: 11.00 - 11.15 | C26: 31 | D26: 0 | E26: 3 | F26: 6 | G26: 0 | H26: 0 | I26: 3 | J26: 1 | K26: 0 | L26: 0 | M26: 100 | N26: 0 | O26: =SUM(C26:L26,N26) -> 44 | P26: =SUM(C26:N26) -> 144 | R26: IP Period | S26: =SUM(S13:S18) -> 684 | T26: =SUM(T13:T18) -> 39 | U26: =SUM(U13:U18) -> 60 | V26: =SUM(V13:V18) -> 154 | W26: =SUM(W13:W18) -> 5 | X26: =SUM(X13:X18) -> 2 | Y26: =SUM(Y13:Y18) -> 71 | Z26: =SUM(Z13:Z18) -> 19 | ... AF26: =SUM(AF13:AF18) -> 3326
B27: 11.15 - 11.30 | C27: 20 | D27: 0 | E27: 2 | F27: 5 | G27: 1 | H27: 1 | I27: 4 | J27: 1 | K27: 0 | L27: 0 | M27: 105 | N27: 0 | O27: =SUM(C27:L27,N27) -> 34 | P27: =SUM(C27:N27) -> 139 | R27: PM Period | S27: =SUM(S19:S21) -> 877 | T27: =SUM(T19:T21) -> 56 | U27: =SUM(U19:U21) -> 37 | V27: =SUM(V19:V21) -> 224 | W27: =SUM(W19:W21) -> 6 | X27: =SUM(X19:X21) -> 0 | Y27: =SUM(Y19:Y21) -> 41 | Z27: =SUM(Z19:Z21) -> 8 | ... AF27: =SUM(AF19:AF21) -> 2590
B28: 11.30 - 11.45 | C28: 22 | D28: 2 | E28: 2 | F28: 9 | G28: 0 | H28: 0 | I28: 3 | J28: 0 | K28: 1 | L28: 0 | M28: 93 | N28: 0 | O28: =SUM(C28:L28,N28) -> 39 | P28: =SUM(C28:N28) -> 132 | R28: 12 Hours | S28: =SUM(S10:S21) -> 1744 | T28: =SUM(T10:T21) -> 106 | U28: =SUM(U10:U21) -> 117 | V28: =SUM(V10:V21) -> 476 | W28: =SUM(W10:W21) -> 12 | X28: =SUM(X10:X21) -> 2 | Y28: =SUM(Y10:Y21) -> 134 | Z28: =SUM(Z10:Z21) -> 31 | ... AF28: =SUM(AF10:AF21) -> 7705
B29: 11.45 - 12.00 | C29: 24 | D29: 0 | E29: 1 | F29: 5 | G29: 0 | H29: 0 | I29: 1 | J29: 0 | K29: 1 | L29: 0 | M29: 105 | N29: 0 | O29: =SUM(C29:L29,N29) -> 32 | P29: =SUM(C29:N29) -> 137
B30: 12.00 - 12.15 | C30: 33 | D30: 2 | E30: 4 | F30: 8 | G30: 0 | H30: 0 | I30: 4 | J30: 4 | K30: 1 | L30: 0 | M30: 125 | N30: 0 | O30: =SUM(C30:L30,N30) -> 56 | P30: =SUM(C30:N30) -> 181
B31: 12.15 - 12.30 | C31: 33 | D31: 2 | E31: 2 | F31: 3 | G31: 0 | H31: 0 | I31: 4 | J31: 0 | K31: 1 | L31: 1 | M31: 118 | N31: 0 | O31: =SUM(C31:L31,N31) -> 46 | P31: =SUM(C31:N31) -> 164
B32: 12.30 - 12.45 | C32: 37 | D32: 1 | E32: 1 | F32: 6 | G32: 0 | H32: 0 | I32: 1 | J32: 1 | K32: 0 | L32: 0 | M32: 131 | N32: 0 | O32: =SUM(C32:L32,N32) -> 47 | P32: =SUM(C32:N32) -> 178
B33: 12.45 - 13.00 | C33: 20 | D33: 4 | E33: 4 | F33: 4 | G33: 0 | H33: 0 | I33: 1 | J33: 1 | K33: 0 | L33: 0 | M33: 115 | N33: 0 | O33: =SUM(C33:L33,N33) -> 34 | P33: =SUM(C33:N33) -> 149
B34: 13.00 - 13.15 | C34: 17 | D34: 0 | E34: 2 | F34: 6 | G34: 0 | H34: 0 | I34: 1 | J34: 1 | K34: 0 | L34: 0 | M34: 105 | N34: 0 | O34: =SUM(C34:L34,N34) -> 27 | P34: =SUM(C34:N34) -> 132
B35: 13.15 - 13.30 | C35: 32 | D35: 4 | E35: 7 | F35: 8 | G35: 0 | H35: 0 | I35: 2 | J35: 1 | K35: 0 | L35: 0 | M35: 110 | N35: 0 | O35: =SUM(C35:L35,N35) -> 54 | P35: =SUM(C35:N35) -> 164
B36: 13.30 - 13.45 | C36: 28 | D36: 2 | E36: 0 | F36: 7 | G36: 0 | H36: 0 | I36: 1 | J36: 0 | K36: 0 | L36: 1 | M36: 140 | N36: 0 | O36: =SUM(C36:L36,N36) -> 39 | P36: =SUM(C36:N36) -> 179
B37: 13.45 - 14.00 | C37: 33 | D37: 2 | E37: 5 | F37: 12 | G37: 1 | H37: 0 | I37: 0 | J37: 0 | K37: 0 | L37: 0 | M37: 105 | N37: 0 | O37: =SUM(C37:L37,N37) -> 53 | P37: =SUM(C37:N37) -> 158
B38: 14.00 - 14.15 | C38: 26 | D38: 0 | E38: 3 | F38: 2 | G38: 0 | H38: 0 | I38: 1 | J38: 0 | K38: 1 | L38: 0 | M38: 80 | N38: 0 | O38: =SUM(C38:L38,N38) -> 33 | P38: =SUM(C38:N38) -> 113
B39: 14.15 - 14.30 | C39: 46 | D39: 1 | E39: 4 | F39: 3 | G39: 0 | H39: 0 | I39: 2 | J39: 0 | K39: 1 | L39: 0 | M39: 75 | N39: 0 | O39: =SUM(C39:L39,N39) -> 57 | P39: =SUM(C39:N39) -> 132
B40: 14.30 - 14.45 | C40: 16 | D40: 2 | E40: 3 | F40: 5 | G40: 1 | H40: 0 | I40: 4 | J40: 2 | K40: 3 | L40: 0 | M40: 79 | N40: 0 | O40: =SUM(C40:L40,N40) -> 36 | P40: =SUM(C40:N40) -> 115
... B57: 18.45 - 19.00 | C57: 125 | D57: 2 | E57: 1 | F57: 27 | G57: 0 | H57: 0 | I57: 4 | J57: 1 | K57: 0 | L57: 0 | M57: 185 | N57: 0 | O57: =SUM(C57:L57,N57) -> 160 | P57: =SUM(C57:N57) -> 345
B58: Totals | C58: =SUM(C10:C57) -> 1744 | D58: =SUM(D10:D57) -> 106 | E58: =SUM(E10:E57) -> 117 | F58: =SUM(F10:F57) -> 476 | G58: =SUM(G10:G57) -> 12 | H58: =SUM(H10:H57) -> 2 | I58: =SUM(I10:I57) -> 134 | J58: =SUM(J10:J57) -> 31 | ... P58: =SUM(P10:P57) -> 7705
B59: %ges + MCs | C59: =C58/$P$58 -> 0.22634653 | D59: =D58/$P$58 -> 0.0137573 | E59: =E58/$P$58 -> 0.015184945 | F59: =F58/$P$58 -> 0.061778066 | G59: =G58/$P$58 -> 0.0015574302 | H59: =H58/$P$58 -> 0.00025957171 | I59: =I58/$P$58 -> 0.017391304 | J59: =J58/$P$58 -> 0.0040233615 | ... N59: =N58/$P$58 -> 0
B60: %ges w/o MCs | C60: =C58/$O$58 -> 0.65985622 | D60: =D58/$O$58 -> 0.04010594 | E60: =E58/$O$58 -> 0.044267877 | F60: =F58/$O$58 -> 0.18009837 | G60: =G58/$O$58 -> 0.0045402951 | H60: =H58/$O$58 -> 0.00075671585 | I60: =I58/$O$58 -> 0.050699962 | J60: =J58/$O$58 -> 0.011729096 | ... L60: =L58/$O$58 -> 0.0018917896 | N60: =N58/$O$58 -> 0

Sheet 22.07 Nyanama-Ndeeba
B1: Consultancy services for Preparation of Expressway Development Master Plan (EDMP) for Uganda
B2: MANUAL CLASSIFIED COUNT (MCC)
B3: ROAD NAME: | C3: ='22.07 Ndeeba-Nyanama'!C3:G3 -> MCC - C1 - STN04 - WERAGA ROAD
C5: Date | D5: ='22.07 Ndeeba-Nyanama'!D5 -> 22.07.19 | F5: Location | G5: ='22.07 Ndeeba-Nyanama'!G5:H5 -> Golden Mille Hotel | J5: Surveyor | K5: Walter
C6: Dir. From | D6: Nyanama | F6: Dir. To | G6: Ndeeba | J6: Supervisor | K6: ='22.07 Ndeeba-Nyanama'!K6:L6 -> Denis
B8: Time / Veh Type | R8: SUMMARY TRAFFIC VOLUMES
C9: 1. Car | D9: 2. Station Wagon | E9: 3. Pickups | F9: 4. Minibus, matatu | G9: 5. Medium bus | H9: 6. Large Bus | I9: 7. Light Truck | J9: 8. Medium Truck | K9: 9. Heavy truck | L9: 10. Truck Trailer | M9: 11. Motor cycles | N9: 12. Tractors | O9: Total Excl M/Cycles | P9: Total All | R9: Time | S9: 1. Car | T9: 2. Station Wagon | U9: 3. Pickups | V9: 4. Minibus, matatu | W9: 5. Medium bus | X9: 6. Large Bus | Y9: 7. Light Truck | Z9: 8. Medium Truck | AA9: 9. Heavy truck | AB9: 10. Truck Trailer | AC9: 11. Motorcycles | AD9: 12. Tractors, Graders | AE9: Total Excl M/ Cycles | AF9: Total All
B10: 07.00 - 07.15 | C10: 24 | D10: 2 | E10: 1 | F10: 10 | G10: 0 | H10: 0 | I10: 0 | J10: 0 | K10: 0 | L10: 0 | M10: 20 | N10: 0 | O10: =SUM(C10:L10,N10) -> 37 | P10: =SUM(C10:N10) -> 57 | R10: 0700-0800 | S10: =SUM(C10:C13) -> 160 | T10: =SUM(D10:D13) -> 15 | U10: =SUM(E10:E13) -> 13 | V10: =SUM(F10:F13) -> 75 | W10: =SUM(G10:G13) -> 0 | X10: =SUM(H10:H13) -> 0 | Y10: =SUM(I10:I13) -> 2 | Z10: =SUM(J10:J13) -> 4 | ... AF10: =SUM(P10:P13) -> 469
B11: 07.15 - 07.30 | C11: 38 | D11: 3 | E11: 3 | F11: 13 | G11: 0 | H11: 0 | I11: 0 | J11: 1 | K11: 1 | L11: 0 | M11: 35 | N11: 0 | O11: =SUM(C11:L11,N11) -> 59 | P11: =SUM(C11:N11) -> 94 | R11: 0800-0900 | S11: =SUM(C14:C17) -> 279 | T11: =SUM(D14:D17) -> 24 | U11: =SUM(E14:E17) -> 18 | V11: =SUM(F14:F17) -> 146 | W11: =SUM(G14:G17) -> 1 | X11: =SUM(H14:H17) -> 0 | Y11: =SUM(I14:I17) -> 7 | Z11: =SUM(J14:J17) -> 9 | ... AF11: =SUM(P14:P17) -> 984
B12: 07.30 - 07.45 | C12: 37 | D12: 6 | E12: 3 | F12: 16 | G12: 0 | H12: 0 | I12: 1 | J12: 2 | K12: 1 | L12: 0 | M12: 36 | N12: 0 | O12: =SUM(C12:L12,N12) -> 66 | P12: =SUM(C12:N12) -> 102 | R12: 0900-1000 | S12: =SUM(C18:C21) -> 200 | T12: =SUM(D18:D21) -> 31 | U12: =SUM(E18:E21) -> 18 | V12: =SUM(F18:F21) -> 63 | W12: =SUM(G18:G21) -> 2 | X12: =SUM(H18:H21) -> 0 | Y12: =SUM(I18:I21) -> 12 | Z12: =SUM(J18:J21) -> 5 | ... AF12: =SUM(P18:P21) -> 770
B13: 07.45 - 08.00 | C13: 61 | D13: 4 | E13: 6 | F13: 36 | G13: 0 | H13: 0 | I13: 1 | J13: 1 | K13: 1 | L13: 0 | M13: 106 | N13: 0 | O13: =SUM(C13:L13,N13) -> 110 | P13: =SUM(C13:N13) -> 216 | R13: 1000-1100 | S13: =SUM(C22:C25) -> 160 | T13: =SUM(D22:D25) -> 16 | U13: =SUM(E22:E25) -> 17 | V13: =SUM(F22:F25) -> 37 | W13: =SUM(G22:G25) -> 0 | X13: =SUM(H22:H25) -> 0 | Y13: =SUM(I22:I25) -> 14 | Z13: =SUM(J22:J25) -> 6 | ... AF13: =SUM(P22:P25) -> 667
B14: 08.00 - 08.15 | C14: 80 | D14: 7 | E14: 6 | F14: 37 | G14: 0 | H14: 0 | I14: 3 | J14: 2 | K14: 2 | L14: 0 | M14: 103 | N14: 0 | O14: =SUM(C14:L14,N14) -> 137 | P14: =SUM(C14:N14) -> 240 | R14: 1100-1200 | S14: =SUM(C26:C29) -> 143 | T14: =SUM(D26:D29) -> 24 | U14: =SUM(E26:E29) -> 17 | V14: =SUM(F26:F29) -> 35 | W14: =SUM(G26:G29) -> 3 | X14: =SUM(H26:H29) -> 0 | Y14: =SUM(I26:I29) -> 19 | Z14: =SUM(J26:J29) -> 4 | ... AF14: =SUM(P26:P29) -> 548
B15: 08.15 - 08.30 | C15: 70 | D15: 6 | E15: 4 | F15: 51 | G15: 1 | H15: 0 | I15: 0 | J15: 5 | K15: 0 | L15: 0 | M15: 143 | N15: 0 | O15: =SUM(C15:L15,N15) -> 137 | P15: =SUM(C15:N15) -> 280 | R15: 1200-1300 | S15: =SUM(C30:C33) -> 152 | T15: =SUM(D30:D33) -> 11 | U15: =SUM(E30:E33) -> 12 | V15: =SUM(F30:F33) -> 26 | W15: =SUM(G30:G33) -> 1 | X15: =SUM(H30:H33) -> 0 | Y15: =SUM(I30:I33) -> 15 | Z15: =SUM(J30:J33) -> 8 | ... AF15: =SUM(P30:P33) -> 540
B16: 08.30 - 08.45 | C16: 68 | D16: 7 | E16: 3 | F16: 38 | G16: 0 | H16: 0 | I16: 2 | J16: 2 | K16: 0 | L16: 0 | M16: 148 | N16: 0 | O16: =SUM(C16:L16,N16) -> 120 | P16: =SUM(C16:N16) -> 268 | R16: 1300-1400 | S16: =SUM(C34:C37) -> 143 | T16: =SUM(D34:D37) -> 9 | U16: =SUM(E34:E37) -> 10 | V16: =SUM(F34:F37) -> 34 | W16: =SUM(G34:G37) -> 1 | X16: =SUM(H34:H37) -> 0 | Y16: =SUM(I34:I37) -> 10 | Z16: =SUM(J34:J37) -> 4 | ... AF16: =SUM(P34:P37) -> 504
B17: 08.45 - 9.00 | C17: 61 | D17: 4 | E17: 5 | F17: 20 | G17: 0 | H17: 0 | I17: 2 | J17: 0 | K17: 1 | L17: 0 | M17: 103 | N17: 0 | O17: =SUM(C17:L17,N17) -> 93 | P17: =SUM(C17:N17) -> 196 | R17: 1400-1500 | S17: =SUM(C38:C41) -> 120 | T17: =SUM(D38:D41) -> 18 | U17: =SUM(E38:E41) -> 18 | V17: =SUM(F38:F41) -> 34 | W17: =SUM(G38:G41) -> 0 | X17: =SUM(H38:H41) -> 0 | Y17: =SUM(I38:I41) -> 11 | Z17: =SUM(J38:J41) -> 3 | ... AF17: =SUM(P38:P41) -> 461
B18: 09.00 - 09.15 | C18: 48 | D18: 10 | E18: 4 | F18: 13 | G18: 2 | H18: 0 | I18: 2 | J18: 2 | K18: 0 | L18: 0 | M18: 126 | N18: 0 | O18: =SUM(C18:L18,N18) -> 81 | P18: =SUM(C18:N18) -> 207 | R18: 1500-1600 | S18: =SUM(C42:C45) -> 109 | T18: =SUM(D42:D45) -> 8 | U18: =SUM(E42:E45) -> 14 | V18: =SUM(F42:F45) -> 19 | W18: =SUM(G42:G45) -> 0 | X18: =SUM(H42:H45) -> 0 | Y18: =SUM(I42:I45) -> 7 | Z18: =SUM(J42:J45) -> 1 | ... AF18: =SUM(P42:P45) -> 339
B19: 09.15 - 09.30 | C19: 43 | D19: 8 | E19: 4 | F19: 17 | G19: 0 | H19: 0 | I19: 3 | J19: 0 | K19: 0 | L19: 0 | M19: 90 | N19: 0 | O19: =SUM(C19:L19,N19) -> 75 | P19: =SUM(C19:N19) -> 165 | R19: 1600-1700 | S19: =SUM(C46:C49) -> 128 | T19: =SUM(D46:D49) -> 22 | U19: =SUM(E46:E49) -> 14 | V19: =SUM(F46:F49) -> 23 | W19: =SUM(G46:G49) -> 0 | X19: =SUM(H46:H49) -> 0 | Y19: =SUM(I46:I49) -> 13 | Z19: =SUM(J46:J49) -> 2 | ... AF19: =SUM(P46:P49) -> 475
B20: 09.30 - 09.45 | C20: 55 | D20: 8 | E20: 3 | F20: 13 | G20: 0 | H20: 0 | I20: 2 | J20: 3 | K20: 0 | L20: 0 | M20: 115 | N20: 0 | O20: =SUM(C20:L20,N20) -> 84 | P20: =SUM(C20:N20) -> 199 | R20: 1700-1800 | S20: =SUM(C50:C53) -> 104 | T20: =SUM(D50:D53) -> 14 | U20: =SUM(E50:E53) -> 15 | V20: =SUM(F50:F53) -> 25 | W20: =SUM(G50:G53) -> 1 | X20: =SUM(H50:H53) -> 0 | Y20: =SUM(I50:I53) -> 8 | Z20: =SUM(J50:J53) -> 1 | ... AF20: =SUM(P50:P53) -> 404
B21: 09.45 - 10.00 | C21: 54 | D21: 5 | E21: 7 | F21: 20 | G21: 0 | H21: 0 | I21: 5 | J21: 0 | K21: 0 | L21: 0 | M21: 108 | N21: 0 | O21: =SUM(C21:L21,N21) -> 91 | P21: =SUM(C21:N21) -> 199 | R21: 1800-1900 | S21: =SUM(C54:C57) -> 97 | T21: =SUM(D54:D57) -> 11 | U21: =SUM(E54:E57) -> 12 | V21: =SUM(F54:F57) -> 28 | W21: =SUM(G54:G57) -> 3 | X21: =SUM(H54:H57) -> 2 | Y21: =SUM(I54:I57) -> 7 | Z21: =SUM(J54:J57) -> 4 | ... AF21: =SUM(P54:P57) -> 504
B22: 10.00 - 10.15 | C22: 37 | D22: 4 | E22: 2 | F22: 6 | G22: 0 | H22: 0 | I22: 5 | J22: 1 | K22: 1 | L22: 0 | M22: 93 | N22: 0 | O22: =SUM(C22:L22,N22) -> 56 | P22: =SUM(C22:N22) -> 149 | R22: AM Peak Hr | S22: =MAX(S10:S12) -> 279 | T22: =MAX(T10:T12) -> 31 | U22: =MAX(U10:U12) -> 18 | V22: =MAX(V10:V12) -> 146 | W22: =MAX(W10:W12) -> 2 | X22: =MAX(X10:X12) -> 0 | Y22: =MAX(Y10:Y12) -> 12 | Z22: =MAX(Z10:Z12) -> 9 | ... AF22: =MAX(AF10:AF12) -> 984
B23: 10.15 - 10.30 | C23: 47 | D23: 5 | E23: 5 | F23: 8 | G23: 0 | H23: 0 | I23: 2 | J23: 2 | K23: 0 | L23: 0 | M23: 112 | N23: 0 | O23: =SUM(C23:L23,N23) -> 69 | P23: =SUM(C23:N23) -> 181 | R23: IP Peak Hr | S23: =MAX(S13:S18) -> 160 | T23: =MAX(T13:T18) -> 24 | U23: =MAX(U13:U18) -> 18 | V23: =MAX(V13:V18) -> 37 | W23: =MAX(W13:W18) -> 3 | X23: =MAX(X13:X18) -> 0 | Y23: =MAX(Y13:Y18) -> 19 | Z23: =MAX(Z13:Z18) -> 8 | ... AF23: =MAX(AF13:AF18) -> 667
B24: 10.30 - 10.45 | C24: 41 | D24: 4 | E24: 6 | F24: 13 | G24: 0 | H24: 0 | I24: 1 | J24: 2 | K24: 0 | L24: 0 | M24: 109 | N24: 0 | O24: =SUM(C24:L24,N24) -> 67 | P24: =SUM(C24:N24) -> 176 | R24: PM Peak Hr | S24: =MAX(S19:S21) -> 128 | T24: =MAX(T19:T21) -> 22 | U24: =MAX(U19:U21) -> 15 | V24: =MAX(V19:V21) -> 28 | W24: =MAX(W19:W21) -> 3 | X24: =MAX(X19:X21) -> 2 | Y24: =MAX(Y19:Y21) -> 13 | Z24: =MAX(Z19:Z21) -> 4 | ... AF24: =MAX(AF19:AF21) -> 504
B25: 10.45 - 11.00 | C25: 35 | D25: 3 | E25: 4 | F25: 10 | G25: 0 | H25: 0 | I25: 6 | J25: 1 | K25: 0 | L25: 0 | M25: 102 | N25: 0 | O25: =SUM(C25:L25,N25) -> 59 | P25: =SUM(C25:N25) -> 161 | R25: AM Period | S25: =SUM(S10:S12) -> 639 | T25: =SUM(T10:T12) -> 70 | U25: =SUM(U10:U12) -> 49 | V25: =SUM(V10:V12) -> 284 | W25: =SUM(W10:W12) -> 3 | X25: =SUM(X10:X12) -> 0 | Y25: =SUM(Y10:Y12) -> 21 | Z25: =SUM(Z10:Z12) -> 18 | ... AF25: =SUM(AF10:AF12) -> 2223
B26: 11.00 - 11.15 | C26: 43 | D26: 4 | E26: 5 | F26: 8 | G26: 1 | H26: 0 | I26: 5 | J26: 0 | K26: 0 | L26: 0 | M26: 85 | N26: 0 | O26: =SUM(C26:L26,N26) -> 66 | P26: =SUM(C26:N26) -> 151 | R26: IP Period | S26: =SUM(S13:S18) -> 827 | T26: =SUM(T13:T18) -> 86 | U26: =SUM(U13:U18) -> 88 | V26: =SUM(V13:V18) -> 185 | W26: =SUM(W13:W18) -> 5 | X26: =SUM(X13:X18) -> 0 | Y26: =SUM(Y13:Y18) -> 76 | Z26: =SUM(Z13:Z18) -> 26 | ... AF26: =SUM(AF13:AF18) -> 3059
B27: 11.15 - 11.30 | C27: 34 | D27: 6 | E27: 3 | F27: 7 | G27: 0 | H27: 0 | I27: 6 | J27: 2 | K27: 1 | L27: 0 | M27: 59 | N27: 0 | O27: =SUM(C27:L27,N27) -> 59 | P27: =SUM(C27:N27) -> 118 | R27: PM Period | S27: =SUM(S19:S21) -> 329 | T27: =SUM(T19:T21) -> 47 | U27: =SUM(U19:U21) -> 41 | V27: =SUM(V19:V21) -> 76 | W27: =SUM(W19:W21) -> 4 | X27: =SUM(X19:X21) -> 2 | Y27: =SUM(Y19:Y21) -> 28 | Z27: =SUM(Z19:Z21) -> 7 | ... AF27: =SUM(AF19:AF21) -> 1383
B28: 11.30 - 11.45 | C28: 38 | D28: 6 | E28: 3 | F28: 12 | G28: 1 | H28: 0 | I28: 7 | J28: 2 | K28: 1 | L28: 1 | M28: 75 | N28: 0 | O28: =SUM(C28:L28,N28) -> 71 | P28: =SUM(C28:N28) -> 146 | R28: 12 Hours | S28: =SUM(S10:S21) -> 1795 | T28: =SUM(T10:T21) -> 203 | U28: =SUM(U10:U21) -> 178 | V28: =SUM(V10:V21) -> 545 | W28: =SUM(W10:W21) -> 12 | X28: =SUM(X10:X21) -> 2 | Y28: =SUM(Y10:Y21) -> 125 | Z28: =SUM(Z10:Z21) -> 51 | ... AF28: =SUM(AF10:AF21) -> 6665
B29: 11.45 - 12.00 | C29: 28 | D29: 8 | E29: 6 | F29: 8 | G29: 1 | H29: 0 | I29: 1 | J29: 0 | K29: 0 | L29: 0 | M29: 81 | N29: 0 | O29: =SUM(C29:L29,N29) -> 52 | P29: =SUM(C29:N29) -> 133
B30: 12.00 - 12.15 | C30: 33 | D30: 5 | E30: 4 | F30: 5 | G30: 0 | H30: 0 | I30: 5 | J30: 3 | K30: 0 | L30: 0 | M30: 63 | N30: 0 | O30: =SUM(C30:L30,N30) -> 55 | P30: =SUM(C30:N30) -> 118
B31: 12.15 - 12.30 | C31: 46 | D31: 2 | E31: 2 | F31: 5 | G31: 0 | H31: 0 | I31: 4 | J31: 1 | K31: 0 | L31: 0 | M31: 87 | N31: 0 | O31: =SUM(C31:L31,N31) -> 60 | P31: =SUM(C31:N31) -> 147
B32: 12.30 - 12.45 | C32: 28 | D32: 1 | E32: 2 | F32: 5 | G32: 1 | H32: 0 | I32: 3 | J32: 3 | K32: 0 | L32: 0 | M32: 60 | N32: 0 | O32: =SUM(C32:L32,N32) -> 43 | P32: =SUM(C32:N32) -> 103
B33: 12.45 - 13.00 | C33: 45 | D33: 3 | E33: 4 | F33: 11 | G33: 0 | H33: 0 | I33: 3 | J33: 1 | K33: 0 | L33: 0 | M33: 105 | N33: 0 | O33: =SUM(C33:L33,N33) -> 67 | P33: =SUM(C33:N33) -> 172
B34: 13.00 - 13.15 | C34: 27 | D34: 1 | E34: 3 | F34: 9 | G34: 0 | H34: 0 | I34: 3 | J34: 0 | K34: 0 | L34: 0 | M34: 68 | N34: 0 | O34: =SUM(C34:L34,N34) -> 43 | P34: =SUM(C34:N34) -> 111
B35: 13.15 - 13.30 | C35: 27 | D35: 5 | E35: 1 | F35: 8 | G35: 0 | H35: 0 | I35: 2 | J35: 2 | K35: 0 | L35: 0 | M35: 65 | N35: 0 | O35: =SUM(C35:L35,N35) -> 45 | P35: =SUM(C35:N35) -> 110
B36: 13.30 - 13.45 | C36: 42 | D36: 1 | E36: 1 | F36: 10 | G36: 1 | H36: 0 | I36: 2 | J36: 1 | K36: 0 | L36: 0 | M36: 87 | N36: 0 | O36: =SUM(C36:L36,N36) -> 58 | P36: =SUM(C36:N36) -> 145
B37: 13.45 - 14.00 | C37: 47 | D37: 2 | E37: 5 | F37: 7 | G37: 0 | H37: 0 | I37: 3 | J37: 1 | K37: 1 | L37: 0 | M37: 72 | N37: 0 | O37: =SUM(C37:L37,N37) -> 66 | P37: =SUM(C37:N37) -> 138
B38: 14.00 - 14.15 | C38: 26 | D38: 7 | E38: 0 | F38: 10 | G38: 0 | H38: 0 | I38: 2 | J38: 1 | K38: 0 | L38: 0 | M38: 87 | N38: 0 | O38: =SUM(C38:L38,N38) -> 46 | P38: =SUM(C38:N38) -> 133
B39: 14.15 - 14.30 | C39: 30 | D39: 2 | E39: 6 | F39: 6 | G39: 0 | H39: 0 | I39: 1 | J39: 2 | K39: 0 | L39: 0 | M39: 80 | N39: 0 | O39: =SUM(C39:L39,N39) -> 47 | P39: =SUM(C39:N39) -> 127
B40: 14.30 - 14.45 | C40: 27 | D40: 2 | E40: 5 | F40: 9 | G40: 0 | H40: 0 | I40: 3 | J40: 0 | K40: 0 | L40: 0 | M40: 60 | N40: 0 | O40: =SUM(C40:L40,N40) -> 46 | P40: =SUM(C40:N40) -> 106
... B57: 18.45 - 19.00 | C57: 28 | D57: 2 | E57: 1 | F57: 8 | G57: 2 | H57: 0 | I57: 3 | J57: 0 | K57: 1 | L57: 0 | M57: 90 | N57: 0 | O57: =SUM(C57:L57,N57) -> 45 | P57: =SUM(C57:N57) -> 135
B58: Totals | C58: =SUM(C10:C57) -> 1795 | D58: =SUM(D10:D57) -> 203 | E58: =SUM(E10:E57) -> 178 | F58: =SUM(F10:F57) -> 545 | G58: =SUM(G10:G57) -> 12 | H58: =SUM(H10:H57) -> 2 | I58: =SUM(I10:I57) -> 125 | J58: =SUM(J10:J57) -> 51 | ... P58: =SUM(P10:P57) -> 6665
B59: %ges + MCs | C59: =C58/$P$58 -> 0.26931733 | D59: =D58/$P$58 -> 0.030457614 | E59: =E58/$P$58 -> 0.026706677 | F59: =F58/$P$58 -> 0.081770443 | G59: =G58/$P$58 -> 0.0018004501 | H59: =H58/$P$58 -> 0.00030007502 | I59: =I58/$P$58 -> 0.018754689 | J59: =J58/$P$58 -> 0.007651913 | ... N59: =N58/$P$58 -> 0
B60: %ges w/o MCs | C60: =C58/$O$58 -> 0.61367521 | D60: =D58/$O$58 -> 0.069401709 | E60: =E58/$O$58 -> 0.060854701 | F60: =F58/$O$58 -> 0.18632479 | G60: =G58/$O$58 -> 0.0041025641 | H60: =H58/$O$58 -> 0.00068376068 | I60: =I58/$O$58 -> 0.042735043 | J60: =J58/$O$58 -> 0.017435897 | ... L60: =L58/$O$58 -> 0.001025641 | N60: =N58/$O$58 -> 0

Sheet 23.07 Ndeeba-Nyanama
B1: Consultancy services for Preparation of Expressway Development Master Plan (EDMP) for Uganda
B2: MANUAL CLASSIFIED COUNT (MCC)
B3: ROAD NAME: | C3: ='22.07 Ndeeba-Nyanama'!C3:G3 -> MCC - C1 - STN04 - WERAGA ROAD
C5: Date | D5: 23.07.19 | F5: Location | G5: ='22.07 Ndeeba-Nyanama'!G5:H5 -> Golden Mille Hotel | J5: Surveyor | K5: Steven Dan
C6: Dir. From | D6: ='22.07 Ndeeba-Nyanama'!D6:E6 -> Ndeeba | F6: Dir. To | G6: ='22.07 Ndeeba-Nyanama'!G6:H6 -> Nyanama | J6: Supervisor | K6: ='22.07 Ndeeba-Nyanama'!K6:L6 -> Denis
B8: Time / Veh Type | R8: SUMMARY TRAFFIC VOLUMES
C9: 1. Car | D9: 2. Station Wagon | E9: 3. Pickups | F9: 4. Minibus, matatu | G9: 5. Medium bus | H9: 6. Large Bus | I9: 7. Light Truck | J9: 8. Medium Truck | K9: 9. Heavy truck | L9: 10. Truck Trailer | M9: 11. Motor cycles | N9: 12. Tractors | O9: Total Excl M/Cycles | P9: Total All | R9: Time | S9: 1. Car | T9: 2. Station Wagon | U9: 3. Pickups | V9: 4. Minibus, matatu | W9: 5. Medium bus | X9: 6. Large Bus | Y9: 7. Light Truck | Z9: 8. Medium Truck | AA9: 9. Heavy truck | AB9: 10. Truck Trailer | AC9: 11. Motorcycles | AD9: 12. Tractors, Graders | AE9: Total Excl M/ Cycles | AF9: Total All
B10: 07.00 - 07.15 | C10: 65 | D10: 3 | E10: 8 | F10: 39 | G10: 0 | H10: 0 | I10: 0 | J10: 0 | K10: 0 | L10: 0 | M10: 130 | N10: 0 | O10: =SUM(C10:L10,N10) -> 115 | P10: =SUM(C10:N10) -> 245 | R10: 0700-0800 | S10: =SUM(C10:C13) -> 220 | T10: =SUM(D10:D13) -> 5 | U10: =SUM(E10:E13) -> 20 | V10: =SUM(F10:F13) -> 102 | W10: =SUM(G10:G13) -> 1 | X10: =SUM(H10:H13) -> 0 | Y10: =SUM(I10:I13) -> 3 | Z10: =SUM(J10:J13) -> 3 | ... AF10: =SUM(P10:P13) -> 942
B11: 07.15 - 07.30 | C11: 70 | D11: 0 | E11: 6 | F11: 49 | G11: 0 | H11: 0 | I11: 1 | J11: 0 | K11: 0 | L11: 0 | M11: 140 | N11: 0 | O11: =SUM(C11:L11,N11) -> 126 | P11: =SUM(C11:N11) -> 266 | R11: 0800-0900 | S11: =SUM(C14:C17) -> 208 | T11: =SUM(D14:D17) -> 4 | U11: =SUM(E14:E17) -> 5 | V11: =SUM(F14:F17) -> 28 | W11: =SUM(G14:G17) -> 0 | X11: =SUM(H14:H17) -> 0 | Y11: =SUM(I14:I17) -> 6 | Z11: =SUM(J14:J17) -> 2 | ... AF11: =SUM(P14:P17) -> 762
B12: 07.30 - 07.45 | C12: 50 | D12: 2 | E12: 4 | F12: 5 | G12: 0 | H12: 0 | I12: 2 | J12: 1 | K12: 0 | L12: 0 | M12: 168 | N12: 0 | O12: =SUM(C12:L12,N12) -> 64 | P12: =SUM(C12:N12) -> 232 | R12: 0900-1000 | S12: =SUM(C18:C21) -> 194 | T12: =SUM(D18:D21) -> 5 | U12: =SUM(E18:E21) -> 18 | V12: =SUM(F18:F21) -> 33 | W12: =SUM(G18:G21) -> 3 | X12: =SUM(H18:H21) -> 1 | Y12: =SUM(I18:I21) -> 8 | Z12: =SUM(J18:J21) -> 4 | ... AF12: =SUM(P18:P21) -> 679
B13: 07.45 - 08.00 | C13: 35 | D13: 0 | E13: 2 | F13: 9 | G13: 1 | H13: 0 | I13: 0 | J13: 2 | K13: 0 | L13: 0 | M13: 150 | N13: 0 | O13: =SUM(C13:L13,N13) -> 49 | P13: =SUM(C13:N13) -> 199 | R13: 1000-1100 | S13: =SUM(C22:C25) -> 182 | T13: =SUM(D22:D25) -> 7 | U13: =SUM(E22:E25) -> 12 | V13: =SUM(F22:F25) -> 30 | W13: =SUM(G22:G25) -> 0 | X13: =SUM(H22:H25) -> 0 | Y13: =SUM(I22:I25) -> 9 | Z13: =SUM(J22:J25) -> 3 | ... AF13: =SUM(P22:P25) -> 800
B14: 08.00 - 08.15 | C14: 55 | D14: 1 | E14: 2 | F14: 7 | G14: 0 | H14: 0 | I14: 1 | J14: 0 | K14: 0 | L14: 0 | M14: 155 | N14: 0 | O14: =SUM(C14:L14,N14) -> 66 | P14: =SUM(C14:N14) -> 221 | R14: 1100-1200 | S14: =SUM(C26:C29) -> 186 | T14: =SUM(D26:D29) -> 8 | U14: =SUM(E26:E29) -> 11 | V14: =SUM(F26:F29) -> 18 | W14: =SUM(G26:G29) -> 0 | X14: =SUM(H26:H29) -> 1 | Y14: =SUM(I26:I29) -> 12 | Z14: =SUM(J26:J29) -> 8 | ... AF14: =SUM(P26:P29) -> 637
B15: 08.15 - 08.30 | C15: 61 | D15: 0 | E15: 1 | F15: 8 | G15: 0 | H15: 0 | I15: 4 | J15: 0 | K15: 0 | L15: 0 | M15: 133 | N15: 0 | O15: =SUM(C15:L15,N15) -> 74 | P15: =SUM(C15:N15) -> 207 | R15: 1200-1300 | S15: =SUM(C30:C33) -> 260 | T15: =SUM(D30:D33) -> 4 | U15: =SUM(E30:E33) -> 20 | V15: =SUM(F30:F33) -> 34 | W15: =SUM(G30:G33) -> 3 | X15: =SUM(H30:H33) -> 0 | Y15: =SUM(I30:I33) -> 15 | Z15: =SUM(J30:J33) -> 6 | ... AF15: =SUM(P30:P33) -> 779
B16: 08.30 - 08.45 | C16: 42 | D16: 3 | E16: 2 | F16: 4 | G16: 0 | H16: 0 | I16: 1 | J16: 0 | K16: 1 | L16: 0 | M16: 105 | N16: 0 | O16: =SUM(C16:L16,N16) -> 53 | P16: =SUM(C16:N16) -> 158 | R16: 1300-1400 | S16: =SUM(C34:C37) -> 329 | T16: =SUM(D34:D37) -> 8 | U16: =SUM(E34:E37) -> 15 | V16: =SUM(F34:F37) -> 21 | W16: =SUM(G34:G37) -> 0 | X16: =SUM(H34:H37) -> 0 | Y16: =SUM(I34:I37) -> 9 | Z16: =SUM(J34:J37) -> 7 | ... AF16: =SUM(P34:P37) -> 770
B17: 08.45 - 9.00 | C17: 50 | D17: 0 | E17: 0 | F17: 9 | G17: 0 | H17: 0 | I17: 0 | J17: 2 | K17: 0 | L17: 0 | M17: 115 | N17: 0 | O17: =SUM(C17:L17,N17) -> 61 | P17: =SUM(C17:N17) -> 176 | R17: 1400-1500 | S17: =SUM(C38:C41) -> 260 | T17: =SUM(D38:D41) -> 5 | U17: =SUM(E38:E41) -> 13 | V17: =SUM(F38:F41) -> 19 | W17: =SUM(G38:G41) -> 0 | X17: =SUM(H38:H41) -> 0 | Y17: =SUM(I38:I41) -> 5 | Z17: =SUM(J38:J41) -> 3 | ... AF17: =SUM(P38:P41) -> 811
B18: 09.00 - 09.15 | C18: 34 | D18: 0 | E18: 4 | F18: 6 | G18: 2 | H18: 0 | I18: 2 | J18: 1 | K18: 0 | L18: 0 | M18: 75 | N18: 0 | O18: =SUM(C18:L18,N18) -> 49 | P18: =SUM(C18:N18) -> 124 | R18: 1500-1600 | S18: =SUM(C42:C45) -> 220 | T18: =SUM(D42:D45) -> 0 | U18: =SUM(E42:E45) -> 9 | V18: =SUM(F42:F45) -> 12 | W18: =SUM(G42:G45) -> 0 | X18: =SUM(H42:H45) -> 0 | Y18: =SUM(I42:I45) -> 14 | Z18: =SUM(J42:J45) -> 5 | ... AF18: =SUM(P42:P45) -> 612
B19: 09.15 - 09.30 | C19: 31 | D19: 2 | E19: 2 | F19: 7 | G19: 0 | H19: 1 | I19: 2 | J19: 0 | K19: 0 | L19: 0 | M19: 87 | N19: 0 | O19: =SUM(C19:L19,N19) -> 45 | P19: =SUM(C19:N19) -> 132 | R19: 1600-1700 | S19: =SUM(C46:C49) -> 251 | T19: =SUM(D46:D49) -> 7 | U19: =SUM(E46:E49) -> 14 | V19: =SUM(F46:F49) -> 24 | W19: =SUM(G46:G49) -> 4 | X19: =SUM(H46:H49) -> 0 | Y19: =SUM(I46:I49) -> 8 | Z19: =SUM(J46:J49) -> 5 | ... AF19: =SUM(P46:P49) -> 696
B20: 09.30 - 09.45 | C20: 60 | D20: 0 | E20: 1 | F20: 7 | G20: 1 | H20: 0 | I20: 3 | J20: 0 | K20: 0 | L20: 0 | M20: 101 | N20: 0 | O20: =SUM(C20:L20,N20) -> 72 | P20: =SUM(C20:N20) -> 173 | R20: 1700-1800 | S20: =SUM(C50:C53) -> 440 | T20: =SUM(D50:D53) -> 23 | U20: =SUM(E50:E53) -> 17 | V20: =SUM(F50:F53) -> 53 | W20: =SUM(G50:G53) -> 0 | X20: =SUM(H50:H53) -> 0 | Y20: =SUM(I50:I53) -> 22 | Z20: =SUM(J50:J53) -> 6 | ... AF20: =SUM(P50:P53) -> 1102
B21: 09.45 - 10.00 | C21: 69 | D21: 3 | E21: 11 | F21: 13 | G21: 0 | H21: 0 | I21: 1 | J21: 3 | K21: 0 | L21: 0 | M21: 150 | N21: 0 | O21: =SUM(C21:L21,N21) -> 100 | P21: =SUM(C21:N21) -> 250 | R21: 1800-1900 | S21: =SUM(C54:C57) -> 354 | T21: =SUM(D54:D57) -> 8 | U21: =SUM(E54:E57) -> 15 | V21: =SUM(F54:F57) -> 123 | W21: =SUM(G54:G57) -> 1 | X21: =SUM(H54:H57) -> 0 | Y21: =SUM(I54:I57) -> 18 | Z21: =SUM(J54:J57) -> 4 | ... AF21: =SUM(P54:P57) -> 1073
B22: 10.00 - 10.15 | C22: 79 | D22: 1 | E22: 4 | F22: 13 | G22: 0 | H22: 0 | I22: 1 | J22: 0 | K22: 0 | L22: 0 | M22: 169 | N22: 0 | O22: =SUM(C22:L22,N22) -> 98 | P22: =SUM(C22:N22) -> 267 | R22: AM Peak Hr | S22: =MAX(S10:S12) -> 220 | T22: =MAX(T10:T12) -> 5 | U22: =MAX(U10:U12) -> 20 | V22: =MAX(V10:V12) -> 102 | W22: =MAX(W10:W12) -> 3 | X22: =MAX(X10:X12) -> 1 | Y22: =MAX(Y10:Y12) -> 8 | Z22: =MAX(Z10:Z12) -> 4 | ... AF22: =MAX(AF10:AF12) -> 942
B23: 10.15 - 10.30 | C23: 47 | D23: 4 | E23: 4 | F23: 7 | G23: 0 | H23: 0 | I23: 3 | J23: 0 | K23: 0 | L23: 0 | M23: 140 | N23: 0 | O23: =SUM(C23:L23,N23) -> 65 | P23: =SUM(C23:N23) -> 205 | R23: IP Peak Hr | S23: =MAX(S13:S18) -> 329 | T23: =MAX(T13:T18) -> 8 | U23: =MAX(U13:U18) -> 20 | V23: =MAX(V13:V18) -> 34 | W23: =MAX(W13:W18) -> 3 | X23: =MAX(X13:X18) -> 1 | Y23: =MAX(Y13:Y18) -> 15 | Z23: =MAX(Z13:Z18) -> 8 | ... AF23: =MAX(AF13:AF18) -> 811
B24: 10.30 - 10.45 | C24: 30 | D24: 1 | E24: 2 | F24: 6 | G24: 0 | H24: 0 | I24: 4 | J24: 1 | K24: 0 | L24: 0 | M24: 138 | N24: 0 | O24: =SUM(C24:L24,N24) -> 44 | P24: =SUM(C24:N24) -> 182 | R24: PM Peak Hr | S24: =MAX(S19:S21) -> 440 | T24: =MAX(T19:T21) -> 23 | U24: =MAX(U19:U21) -> 17 | V24: =MAX(V19:V21) -> 123 | W24: =MAX(W19:W21) -> 4 | X24: =MAX(X19:X21) -> 0 | Y24: =MAX(Y19:Y21) -> 22 | Z24: =MAX(Z19:Z21) -> 6 | ... AF24: =MAX(AF19:AF21) -> 1102
B25: 10.45 - 11.00 | C25: 26 | D25: 1 | E25: 2 | F25: 4 | G25: 0 | H25: 0 | I25: 1 | J25: 2 | K25: 0 | L25: 0 | M25: 110 | N25: 0 | O25: =SUM(C25:L25,N25) -> 36 | P25: =SUM(C25:N25) -> 146 | R25: AM Period | S25: =SUM(S10:S12) -> 622 | T25: =SUM(T10:T12) -> 14 | U25: =SUM(U10:U12) -> 43 | V25: =SUM(V10:V12) -> 163 | W25: =SUM(W10:W12) -> 4 | X25: =SUM(X10:X12) -> 1 | Y25: =SUM(Y10:Y12) -> 17 | Z25: =SUM(Z10:Z12) -> 9 | ... AF25: =SUM(AF10:AF12) -> 2383
B26: 11.00 - 11.15 | C26: 32 | D26: 0 | E26: 3 | F26: 3 | G26: 0 | H26: 0 | I26: 2 | J26: 1 | K26: 1 | L26: 0 | M26: 125 | N26: 0 | O26: =SUM(C26:L26,N26) -> 42 | P26: =SUM(C26:N26) -> 167 | R26: IP Period | S26: =SUM(S13:S18) -> 1437 | T26: =SUM(T13:T18) -> 32 | U26: =SUM(U13:U18) -> 80 | V26: =SUM(V13:V18) -> 134 | W26: =SUM(W13:W18) -> 3 | X26: =SUM(X13:X18) -> 1 | Y26: =SUM(Y13:Y18) -> 64 | Z26: =SUM(Z13:Z18) -> 32 | ... AF26: =SUM(AF13:AF18) -> 4409
B27: 11.15 - 11.30 | C27: 56 | D27: 6 | E27: 2 | F27: 8 | G27: 0 | H27: 0 | I27: 6 | J27: 3 | K27: 0 | L27: 0 | M27: 95 | N27: 0 | O27: =SUM(C27:L27,N27) -> 81 | P27: =SUM(C27:N27) -> 176 | R27: PM Period | S27: =SUM(S19:S21) -> 1045 | T27: =SUM(T19:T21) -> 38 | U27: =SUM(U19:U21) -> 46 | V27: =SUM(V19:V21) -> 200 | W27: =SUM(W19:W21) -> 5 | X27: =SUM(X19:X21) -> 0 | Y27: =SUM(Y19:Y21) -> 48 | Z27: =SUM(Z19:Z21) -> 15 | ... AF27: =SUM(AF19:AF21) -> 2871
B28: 11.30 - 11.45 | C28: 45 | D28: 1 | E28: 3 | F28: 3 | G28: 0 | H28: 0 | I28: 2 | J28: 4 | K28: 2 | L28: 0 | M28: 80 | N28: 0 | O28: =SUM(C28:L28,N28) -> 60 | P28: =SUM(C28:N28) -> 140 | R28: 12 Hours | S28: =SUM(S10:S21) -> 3104 | T28: =SUM(T10:T21) -> 84 | U28: =SUM(U10:U21) -> 169 | V28: =SUM(V10:V21) -> 497 | W28: =SUM(W10:W21) -> 12 | X28: =SUM(X10:X21) -> 2 | Y28: =SUM(Y10:Y21) -> 129 | Z28: =SUM(Z10:Z21) -> 56 | ... AF28: =SUM(AF10:AF21) -> 9663
B29: 11.45 - 12.00 | C29: 53 | D29: 1 | E29: 3 | F29: 4 | G29: 0 | H29: 1 | I29: 2 | J29: 0 | K29: 0 | L29: 0 | M29: 90 | N29: 0 | O29: =SUM(C29:L29,N29) -> 64 | P29: =SUM(C29:N29) -> 154
B30: 12.00 - 12.15 | C30: 75 | D30: 0 | E30: 8 | F30: 11 | G30: 0 | H30: 0 | I30: 6 | J30: 3 | K30: 0 | L30: 0 | M30: 156 | N30: 0 | O30: =SUM(C30:L30,N30) -> 103 | P30: =SUM(C30:N30) -> 259
B31: 12.15 - 12.30 | C31: 45 | D31: 3 | E31: 6 | F31: 3 | G31: 0 | H31: 0 | I31: 7 | J31: 2 | K31: 0 | L31: 0 | M31: 100 | N31: 0 | O31: =SUM(C31:L31,N31) -> 66 | P31: =SUM(C31:N31) -> 166
B32: 12.30 - 12.45 | C32: 60 | D32: 0 | E32: 1 | F32: 6 | G32: 3 | H32: 0 | I32: 2 | J32: 1 | K32: 0 | L32: 0 | M32: 105 | N32: 0 | O32: =SUM(C32:L32,N32) -> 73 | P32: =SUM(C32:N32) -> 178
B33: 12.45 - 13.00 | C33: 80 | D33: 1 | E33: 5 | F33: 14 | G33: 0 | H33: 0 | I33: 0 | J33: 0 | K33: 1 | L33: 0 | M33: 75 | N33: 0 | O33: =SUM(C33:L33,N33) -> 101 | P33: =SUM(C33:N33) -> 176
B34: 13.00 - 13.15 | C34: 79 | D34: 3 | E34: 8 | F34: 3 | G34: 0 | H34: 0 | I34: 0 | J34: 4 | K34: 2 | L34: 1 | M34: 85 | N34: 0 | O34: =SUM(C34:L34,N34) -> 100 | P34: =SUM(C34:N34) -> 185
B35: 13.15 - 13.30 | C35: 75 | D35: 2 | E35: 1 | F35: 9 | G35: 0 | H35: 0 | I35: 0 | J35: 3 | K35: 0 | L35: 1 | M35: 110 | N35: 0 | O35: =SUM(C35:L35,N35) -> 91 | P35: =SUM(C35:N35) -> 201
B36: 13.30 - 13.45 | C36: 80 | D36: 2 | E36: 0 | F36: 1 | G36: 0 | H36: 0 | I36: 3 | J36: 0 | K36: 1 | L36: 0 | M36: 65 | N36: 0 | O36: =SUM(C36:L36,N36) -> 87 | P36: =SUM(C36:N36) -> 152
B37: 13.45 - 14.00 | C37: 95 | D37: 1 | E37: 6 | F37: 8 | G37: 0 | H37: 0 | I37: 6 | J37: 0 | K37: 0 | L37: 1 | M37: 115 | N37: 0 | O37: =SUM(C37:L37,N37) -> 117 | P37: =SUM(C37:N37) -> 232
B38: 14.00 - 14.15 | C38: 75 | D38: 1 | E38: 2 | F38: 5 | G38: 0 | H38: 0 | I38: 4 | J38: 0 | K38: 0 | L38: 0 | M38: 154 | N38: 0 | O38: =SUM(C38:L38,N38) -> 87 | P38: =SUM(C38:N38) -> 241
B39: 14.15 - 14.30 | C39: 80 | D39: 3 | E39: 4 | F39: 3 | G39: 0 | H39: 0 | I39: 1 | J39: 0 | K39: 1 | L39: 0 | M39: 150 | N39: 0 | O39: =SUM(C39:L39,N39) -> 92 | P39: =SUM(C39:N39) -> 242
B40: 14.30 - 14.45 | C40: 50 | D40: 1 | E40: 7 | F40: 4 | G40: 0 | H40: 0 | I40: 0 | J40: 1 | K40: 0 | L40: 1 | M40: 105 | N40: 0 | O40: =SUM(C40:L40,N40) -> 64 | P40: =SUM(C40:N40) -> 169
... B57: 18.45 - 19.00 | C57: 78 | D57: 0 | E57: 3 | F57: 53 | G57: 0 | H57: 0 | I57: 3 | J57: 2 | K57: 0 | L57: 0 | M57: 125 | N57: 0 | O57: =SUM(C57:L57,N57) -> 139 | P57: =SUM(C57:N57) -> 264
B58: Totals | C58: =SUM(C10:C57) -> 3104 | D58: =SUM(D10:D57) -> 84 | E58: =SUM(E10:E57) -> 169 | F58: =SUM(F10:F57) -> 497 | G58: =SUM(G10:G57) -> 12 | H58: =SUM(H10:H57) -> 2 | I58: =SUM(I10:I57) -> 129 | J58: =SUM(J10:J57) -> 56 | ... P58: =SUM(P10:P57) -> 9663
B59: %ges + MCs | C59: =C58/$P$58 -> 0.32122529 | D59: =D58/$P$58 -> 0.0086929525 | E59: =E58/$P$58 -> 0.017489393 | F59: =F58/$P$58 -> 0.051433302 | G59: =G58/$P$58 -> 0.0012418504 | H59: =H58/$P$58 -> 0.00020697506 | I59: =I58/$P$58 -> 0.013349891 | J59: =J58/$P$58 -> 0.0057953017 | ... N59: =N58/$P$58 -> 0
B60: %ges w/o MCs | C60: =C58/$O$58 -> 0.76227898 | D60: =D58/$O$58 -> 0.020628684 | E60: =E58/$O$58 -> 0.041502947 | F60: =F58/$O$58 -> 0.12205305 | G60: =G58/$O$58 -> 0.0029469548 | H60: =H58/$O$58 -> 0.00049115914 | I60: =I58/$O$58 -> 0.031679764 | J60: =J58/$O$58 -> 0.013752456 | ... L60: =L58/$O$58 -> 0.00098231827 | N60: =N58/$O$58 -> 0

Sheet 23.07 Nyanama-Ndeeba
B1: Consultancy services for Preparation of Expressway Development Master Plan (EDMP) for Uganda
B2: MANUAL CLASSIFIED COUNT (MCC)
B3: ROAD NAME: | C3: ='22.07 Nyanama-Ndeeba'!C3:G3 -> MCC - C1 - STN04 - WERAGA ROAD
C5: Date | D5: ='23.07 Ndeeba-Nyanama'!D5 -> 23.07.19 | F5: Location | G5: ='22.07 Ndeeba-Nyanama'!G5:H5 -> Golden Mille Hotel | J5: Surveyor | K5: Walter
C6: Dir. From | D6: ='22.07 Nyanama-Ndeeba'!D6:E6 -> Nyanama | F6: Dir. To | G6: ='22.07 Nyanama-Ndeeba'!G6:H6 -> Ndeeba | J6: Supervisor | K6: ='22.07 Ndeeba-Nyanama'!K6:L6 -> Denis
B8: Time / Veh Type | R8: SUMMARY TRAFFIC VOLUMES
C9: 1. Car | D9: 2. Station Wagon | E9: 3. Pickups | F9: 4. Minibus, matatu | G9: 5. Medium bus | H9: 6. Large Bus | I9: 7. Light Truck | J9: 8. Medium Truck | K9: 9. Heavy truck | L9: 10. Truck Trailer | M9: 11. Motor cycles | N9: 12. Tractors | O9: Total Excl M/Cycles | P9: Total All | R9: Time | S9: 1. Car | T9: 2. Station Wagon | U9: 3. Pickups | V9: 4. Minibus, matatu | W9: 5. Medium bus | X9: 6. Large Bus | Y9: 7. Light Truck | Z9: 8. Medium Truck | AA9: 9. Heavy truck | AB9: 10. Truck Trailer | AC9: 11. Motorcycles | AD9: 12. Tractors, Graders | AE9: Total Excl M/ Cycles | AF9: Total All
B10: 07.00 - 07.15 | C10: 21 | D10: 5 | E10: 6 | F10: 12 | G10: 0 | H10: 0 | I10: 3 | J10: 2 | K10: 3 | L10: 0 | M10: 17 | N10: 0 | O10: =SUM(C10:L10,N10) -> 52 | P10: =SUM(C10:N10) -> 69 | R10: 0700-0800 | S10: =SUM(C10:C13) -> 222 | T10: =SUM(D10:D13) -> 29 | U10: =SUM(E10:E13) -> 26 | V10: =SUM(F10:F13) -> 121 | W10: =SUM(G10:G13) -> 1 | X10: =SUM(H10:H13) -> 0 | Y10: =SUM(I10:I13) -> 16 | Z10: =SUM(J10:J13) -> 4 | ... AF10: =SUM(P10:P13) -> 827
B11: 07.15 - 07.30 | C11: 60 | D11: 7 | E11: 6 | F11: 31 | G11: 1 | H11: 0 | I11: 3 | J11: 1 | K11: 0 | L11: 0 | M11: 112 | N11: 0 | O11: =SUM(C11:L11,N11) -> 109 | P11: =SUM(C11:N11) -> 221 | R11: 0800-0900 | S11: =SUM(C14:C17) -> 207 | T11: =SUM(D14:D17) -> 24 | U11: =SUM(E14:E17) -> 14 | V11: =SUM(F14:F17) -> 99 | W11: =SUM(G14:G17) -> 0 | X11: =SUM(H14:H17) -> 0 | Y11: =SUM(I14:I17) -> 11 | Z11: =SUM(J14:J17) -> 2 | ... AF11: =SUM(P14:P17) -> 783
B12: 07.30 - 07.45 | C12: 78 | D12: 9 | E12: 7 | F12: 44 | G12: 0 | H12: 0 | I12: 3 | J12: 1 | K12: 4 | L12: 0 | M12: 153 | N12: 0 | O12: =SUM(C12:L12,N12) -> 146 | P12: =SUM(C12:N12) -> 299 | R12: 0900-1000 | S12: =SUM(C18:C21) -> 182 | T12: =SUM(D18:D21) -> 27 | U12: =SUM(E18:E21) -> 22 | V12: =SUM(F18:F21) -> 49 | W12: =SUM(G18:G21) -> 1 | X12: =SUM(H18:H21) -> 1 | Y12: =SUM(I18:I21) -> 15 | Z12: =SUM(J18:J21) -> 2 | ... AF12: =SUM(P18:P21) -> 689
B13: 07.45 - 08.00 | C13: 63 | D13: 8 | E13: 7 | F13: 34 | G13: 0 | H13: 0 | I13: 7 | J13: 0 | K13: 2 | L13: 0 | M13: 117 | N13: 0 | O13: =SUM(C13:L13,N13) -> 121 | P13: =SUM(C13:N13) -> 238 | R13: 1000-1100 | S13: =SUM(C22:C25) -> 153 | T13: =SUM(D22:D25) -> 21 | U13: =SUM(E22:E25) -> 19 | V13: =SUM(F22:F25) -> 27 | W13: =SUM(G22:G25) -> 1 | X13: =SUM(H22:H25) -> 0 | Y13: =SUM(I22:I25) -> 10 | Z13: =SUM(J22:J25) -> 0 | ... AF13: =SUM(P22:P25) -> 566
B14: 08.00 - 08.15 | C14: 60 | D14: 5 | E14: 3 | F14: 35 | G14: 0 | H14: 0 | I14: 3 | J14: 0 | K14: 0 | L14: 0 | M14: 113 | N14: 0 | O14: =SUM(C14:L14,N14) -> 106 | P14: =SUM(C14:N14) -> 219 | R14: 1100-1200 | S14: =SUM(C26:C29) -> 132 | T14: =SUM(D26:D29) -> 10 | U14: =SUM(E26:E29) -> 18 | V14: =SUM(F26:F29) -> 28 | W14: =SUM(G26:G29) -> 2 | X14: =SUM(H26:H29) -> 0 | Y14: =SUM(I26:I29) -> 7 | Z14: =SUM(J26:J29) -> 9 | ... AF14: =SUM(P26:P29) -> 532
B15: 08.15 - 08.30 | C15: 58 | D15: 6 | E15: 2 | F15: 28 | G15: 0 | H15: 0 | I15: 4 | J15: 0 | K15: 0 | L15: 0 | M15: 103 | N15: 0 | O15: =SUM(C15:L15,N15) -> 98 | P15: =SUM(C15:N15) -> 201 | R15: 1200-1300 | S15: =SUM(C30:C33) -> 133 | T15: =SUM(D30:D33) -> 13 | U15: =SUM(E30:E33) -> 22 | V15: =SUM(F30:F33) -> 27 | W15: =SUM(G30:G33) -> 0 | X15: =SUM(H30:H33) -> 0 | Y15: =SUM(I30:I33) -> 13 | Z15: =SUM(J30:J33) -> 2 | ... AF15: =SUM(P30:P33) -> 549
B16: 08.30 - 08.45 | C16: 54 | D16: 5 | E16: 5 | F16: 23 | G16: 0 | H16: 0 | I16: 3 | J16: 1 | K16: 0 | L16: 0 | M16: 100 | N16: 0 | O16: =SUM(C16:L16,N16) -> 91 | P16: =SUM(C16:N16) -> 191 | R16: 1300-1400 | S16: =SUM(C34:C37) -> 109 | T16: =SUM(D34:D37) -> 20 | U16: =SUM(E34:E37) -> 13 | V16: =SUM(F34:F37) -> 22 | W16: =SUM(G34:G37) -> 0 | X16: =SUM(H34:H37) -> 0 | Y16: =SUM(I34:I37) -> 9 | Z16: =SUM(J34:J37) -> 2 | ... AF16: =SUM(P34:P37) -> 435
B17: 08.45 - 9.00 | C17: 35 | D17: 8 | E17: 4 | F17: 13 | G17: 0 | H17: 0 | I17: 1 | J17: 1 | K17: 0 | L17: 1 | M17: 109 | N17: 0 | O17: =SUM(C17:L17,N17) -> 63 | P17: =SUM(C17:N17) -> 172 | R17: 1400-1500 | S17: =SUM(C38:C41) -> 99 | T17: =SUM(D38:D41) -> 20 | U17: =SUM(E38:E41) -> 14 | V17: =SUM(F38:F41) -> 26 | W17: =SUM(G38:G41) -> 2 | X17: =SUM(H38:H41) -> 0 | Y17: =SUM(I38:I41) -> 6 | Z17: =SUM(J38:J41) -> 1 | ... AF17: =SUM(P38:P41) -> 416
B18: 09.00 - 09.15 | C18: 49 | D18: 7 | E18: 6 | F18: 16 | G18: 0 | H18: 1 | I18: 4 | J18: 0 | K18: 0 | L18: 0 | M18: 118 | N18: 0 | O18: =SUM(C18:L18,N18) -> 83 | P18: =SUM(C18:N18) -> 201 | R18: 1500-1600 | S18: =SUM(C42:C45) -> 113 | T18: =SUM(D42:D45) -> 15 | U18: =SUM(E42:E45) -> 9 | V18: =SUM(F42:F45) -> 17 | W18: =SUM(G42:G45) -> 0 | X18: =SUM(H42:H45) -> 0 | Y18: =SUM(I42:I45) -> 9 | Z18: =SUM(J42:J45) -> 6 | ... AF18: =SUM(P42:P45) -> 401
B19: 09.15 - 09.30 | C19: 47 | D19: 10 | E19: 7 | F19: 8 | G19: 1 | H19: 0 | I19: 2 | J19: 0 | K19: 0 | L19: 0 | M19: 87 | N19: 0 | O19: =SUM(C19:L19,N19) -> 75 | P19: =SUM(C19:N19) -> 162 | R19: 1600-1700 | S19: =SUM(C46:C49) -> 89 | T19: =SUM(D46:D49) -> 17 | U19: =SUM(E46:E49) -> 17 | V19: =SUM(F46:F49) -> 17 | W19: =SUM(G46:G49) -> 0 | X19: =SUM(H46:H49) -> 0 | Y19: =SUM(I46:I49) -> 5 | Z19: =SUM(J46:J49) -> 2 | ... AF19: =SUM(P46:P49) -> 399
B20: 09.30 - 09.45 | C20: 51 | D20: 5 | E20: 5 | F20: 6 | G20: 0 | H20: 0 | I20: 5 | J20: 1 | K20: 0 | L20: 0 | M20: 105 | N20: 0 | O20: =SUM(C20:L20,N20) -> 73 | P20: =SUM(C20:N20) -> 178 | R20: 1700-1800 | S20: =SUM(C50:C53) -> 133 | T20: =SUM(D50:D53) -> 28 | U20: =SUM(E50:E53) -> 15 | V20: =SUM(F50:F53) -> 35 | W20: =SUM(G50:G53) -> 1 | X20: =SUM(H50:H53) -> 0 | Y20: =SUM(I50:I53) -> 10 | Z20: =SUM(J50:J53) -> 2 | ... AF20: =SUM(P50:P53) -> 531
B21: 09.45 - 10.00 | C21: 35 | D21: 5 | E21: 4 | F21: 19 | G21: 0 | H21: 0 | I21: 4 | J21: 1 | K21: 0 | L21: 1 | M21: 79 | N21: 0 | O21: =SUM(C21:L21,N21) -> 69 | P21: =SUM(C21:N21) -> 148 | R21: 1800-1900 | S21: =SUM(C54:C57) -> 105 | T21: =SUM(D54:D57) -> 12 | U21: =SUM(E54:E57) -> 10 | V21: =SUM(F54:F57) -> 37 | W21: =SUM(G54:G57) -> 2 | X21: =SUM(H54:H57) -> 1 | Y21: =SUM(I54:I57) -> 6 | Z21: =SUM(J54:J57) -> 3 | ... AF21: =SUM(P54:P57) -> 497
B22: 10.00 - 10.15 | C22: 54 | D22: 3 | E22: 5 | F22: 9 | G22: 0 | H22: 0 | I22: 3 | J22: 0 | K22: 0 | L22: 0 | M22: 90 | N22: 0 | O22: =SUM(C22:L22,N22) -> 74 | P22: =SUM(C22:N22) -> 164 | R22: AM Peak Hr | S22: =MAX(S10:S12) -> 222 | T22: =MAX(T10:T12) -> 29 | U22: =MAX(U10:U12) -> 26 | V22: =MAX(V10:V12) -> 121 | W22: =MAX(W10:W12) -> 1 | X22: =MAX(X10:X12) -> 1 | Y22: =MAX(Y10:Y12) -> 16 | Z22: =MAX(Z10:Z12) -> 4 | ... AF22: =MAX(AF10:AF12) -> 827
B23: 10.15 - 10.30 | C23: 45 | D23: 10 | E23: 6 | F23: 7 | G23: 1 | H23: 0 | I23: 3 | J23: 0 | K23: 2 | L23: 0 | M23: 82 | N23: 0 | O23: =SUM(C23:L23,N23) -> 74 | P23: =SUM(C23:N23) -> 156 | R23: IP Peak Hr | S23: =MAX(S13:S18) -> 153 | T23: =MAX(T13:T18) -> 21 | U23: =MAX(U13:U18) -> 22 | V23: =MAX(V13:V18) -> 28 | W23: =MAX(W13:W18) -> 2 | X23: =MAX(X13:X18) -> 0 | Y23: =MAX(Y13:Y18) -> 13 | Z23: =MAX(Z13:Z18) -> 9 | ... AF23: =MAX(AF13:AF18) -> 566
B24: 10.30 - 10.45 | C24: 33 | D24: 2 | E24: 4 | F24: 4 | G24: 0 | H24: 0 | I24: 2 | J24: 0 | K24: 0 | L24: 0 | M24: 86 | N24: 0 | O24: =SUM(C24:L24,N24) -> 45 | P24: =SUM(C24:N24) -> 131 | R24: PM Peak Hr | S24: =MAX(S19:S21) -> 133 | T24: =MAX(T19:T21) -> 28 | U24: =MAX(U19:U21) -> 17 | V24: =MAX(V19:V21) -> 37 | W24: =MAX(W19:W21) -> 2 | X24: =MAX(X19:X21) -> 1 | Y24: =MAX(Y19:Y21) -> 10 | Z24: =MAX(Z19:Z21) -> 3 | ... AF24: =MAX(AF19:AF21) -> 531
B25: 10.45 - 11.00 | C25: 21 | D25: 6 | E25: 4 | F25: 7 | G25: 0 | H25: 0 | I25: 2 | J25: 0 | K25: 0 | L25: 0 | M25: 75 | N25: 0 | O25: =SUM(C25:L25,N25) -> 40 | P25: =SUM(C25:N25) -> 115 | R25: AM Period | S25: =SUM(S10:S12) -> 611 | T25: =SUM(T10:T12) -> 80 | U25: =SUM(U10:U12) -> 62 | V25: =SUM(V10:V12) -> 269 | W25: =SUM(W10:W12) -> 2 | X25: =SUM(X10:X12) -> 1 | Y25: =SUM(Y10:Y12) -> 42 | Z25: =SUM(Z10:Z12) -> 8 | ... AF25: =SUM(AF10:AF12) -> 2299
B26: 11.00 - 11.15 | C26: 26 | D26: 1 | E26: 7 | F26: 5 | G26: 1 | H26: 0 | I26: 3 | J26: 3 | K26: 0 | L26: 0 | M26: 74 | N26: 0 | O26: =SUM(C26:L26,N26) -> 46 | P26: =SUM(C26:N26) -> 120 | R26: IP Period | S26: =SUM(S13:S18) -> 739 | T26: =SUM(T13:T18) -> 99 | U26: =SUM(U13:U18) -> 95 | V26: =SUM(V13:V18) -> 147 | W26: =SUM(W13:W18) -> 5 | X26: =SUM(X13:X18) -> 0 | Y26: =SUM(Y13:Y18) -> 54 | Z26: =SUM(Z13:Z18) -> 20 | ... AF26: =SUM(AF13:AF18) -> 2899
B27: 11.15 - 11.30 | C27: 34 | D27: 5 | E27: 3 | F27: 8 | G27: 0 | H27: 0 | I27: 3 | J27: 1 | K27: 0 | L27: 0 | M27: 104 | N27: 0 | O27: =SUM(C27:L27,N27) -> 54 | P27: =SUM(C27:N27) -> 158 | R27: PM Period | S27: =SUM(S19:S21) -> 327 | T27: =SUM(T19:T21) -> 57 | U27: =SUM(U19:U21) -> 42 | V27: =SUM(V19:V21) -> 89 | W27: =SUM(W19:W21) -> 3 | X27: =SUM(X19:X21) -> 1 | Y27: =SUM(Y19:Y21) -> 21 | Z27: =SUM(Z19:Z21) -> 7 | ... AF27: =SUM(AF19:AF21) -> 1427
B28: 11.30 - 11.45 | C28: 31 | D28: 0 | E28: 5 | F28: 9 | G28: 0 | H28: 0 | I28: 1 | J28: 2 | K28: 0 | L28: 0 | M28: 78 | N28: 0 | O28: =SUM(C28:L28,N28) -> 48 | P28: =SUM(C28:N28) -> 126 | R28: 12 Hours | S28: =SUM(S10:S21) -> 1677 | T28: =SUM(T10:T21) -> 236 | U28: =SUM(U10:U21) -> 199 | V28: =SUM(V10:V21) -> 505 | W28: =SUM(W10:W21) -> 10 | X28: =SUM(X10:X21) -> 2 | Y28: =SUM(Y10:Y21) -> 117 | Z28: =SUM(Z10:Z21) -> 35 | ... AF28: =SUM(AF10:AF21) -> 6625
B29: 11.45 - 12.00 | C29: 41 | D29: 4 | E29: 3 | F29: 6 | G29: 1 | H29: 0 | I29: 0 | J29: 3 | K29: 1 | L29: 0 | M29: 69 | N29: 0 | O29: =SUM(C29:L29,N29) -> 59 | P29: =SUM(C29:N29) -> 128
B30: 12.00 - 12.15 | C30: 31 | D30: 4 | E30: 5 | F30: 5 | G30: 0 | H30: 0 | I30: 1 | J30: 0 | K30: 0 | L30: 0 | M30: 78 | N30: 0 | O30: =SUM(C30:L30,N30) -> 46 | P30: =SUM(C30:N30) -> 124
B31: 12.15 - 12.30 | C31: 39 | D31: 1 | E31: 9 | F31: 6 | G31: 0 | H31: 0 | I31: 5 | J31: 2 | K31: 0 | L31: 0 | M31: 82 | N31: 0 | O31: =SUM(C31:L31,N31) -> 62 | P31: =SUM(C31:N31) -> 144
B32: 12.30 - 12.45 | C32: 29 | D32: 5 | E32: 3 | F32: 9 | G32: 0 | H32: 0 | I32: 3 | J32: 0 | K32: 0 | L32: 0 | M32: 72 | N32: 0 | O32: =SUM(C32:L32,N32) -> 49 | P32: =SUM(C32:N32) -> 121
B33: 12.45 - 13.00 | C33: 34 | D33: 3 | E33: 5 | F33: 7 | G33: 0 | H33: 0 | I33: 4 | J33: 0 | K33: 1 | L33: 1 | M33: 105 | N33: 0 | O33: =SUM(C33:L33,N33) -> 55 | P33: =SUM(C33:N33) -> 160
B34: 13.00 - 13.15 | C34: 28 | D34: 5 | E34: 2 | F34: 4 | G34: 0 | H34: 0 | I34: 2 | J34: 1 | K34: 1 | L34: 0 | M34: 67 | N34: 0 | O34: =SUM(C34:L34,N34) -> 43 | P34: =SUM(C34:N34) -> 110
B35: 13.15 - 13.30 | C35: 26 | D35: 5 | E35: 4 | F35: 6 | G35: 0 | H35: 0 | I35: 2 | J35: 1 | K35: 0 | L35: 0 | M35: 72 | N35: 0 | O35: =SUM(C35:L35,N35) -> 44 | P35: =SUM(C35:N35) -> 116
B36: 13.30 - 13.45 | C36: 27 | D36: 6 | E36: 3 | F36: 7 | G36: 0 | H36: 0 | I36: 3 | J36: 0 | K36: 0 | L36: 0 | M36: 56 | N36: 0 | O36: =SUM(C36:L36,N36) -> 46 | P36: =SUM(C36:N36) -> 102
B37: 13.45 - 14.00 | C37: 28 | D37: 4 | E37: 4 | F37: 5 | G37: 0 | H37: 0 | I37: 2 | J37: 0 | K37: 0 | L37: 0 | M37: 64 | N37: 0 | O37: =SUM(C37:L37,N37) -> 43 | P37: =SUM(C37:N37) -> 107
B38: 14.00 - 14.15 | C38: 23 | D38: 5 | E38: 1 | F38: 6 | G38: 0 | H38: 0 | I38: 2 | J38: 0 | K38: 1 | L38: 0 | M38: 55 | N38: 0 | O38: =SUM(C38:L38,N38) -> 38 | P38: =SUM(C38:N38) -> 93
B39: 14.15 - 14.30 | C39: 26 | D39: 6 | E39: 4 | F39: 6 | G39: 2 | H39: 0 | I39: 1 | J39: 1 | K39: 0 | L39: 0 | M39: 68 | N39: 0 | O39: =SUM(C39:L39,N39) -> 46 | P39: =SUM(C39:N39) -> 114
B40: 14.30 - 14.45 | C40: 28 | D40: 5 | E40: 3 | F40: 8 | G40: 0 | H40: 0 | I40: 2 | J40: 0 | K40: 0 | L40: 0 | M40: 69 | N40: 0 | O40: =SUM(C40:L40,N40) -> 46 | P40: =SUM(C40:N40) -> 115
... B57: 18.45 - 19.00 | C57: 22 | D57: 2 | E57: 6 | F57: 10 | G57: 0 | H57: 0 | I57: 1 | J57: 1 | K57: 2 | L57: 0 | M57: 102 | N57: 0 | O57: =SUM(C57:L57,N57) -> 44 | P57: =SUM(C57:N57) -> 146
B58: Totals | C58: =SUM(C10:C57) -> 1677 | D58: =SUM(D10:D57) -> 236 | E58: =SUM(E10:E57) -> 199 | F58: =SUM(F10:F57) -> 505 | G58: =SUM(G10:G57) -> 10 | H58: =SUM(H10:H57) -> 2 | I58: =SUM(I10:I57) -> 117 | J58: =SUM(J10:J57) -> 35 | ... P58: =SUM(P10:P57) -> 6625
B59: %ges + MCs | C59: =C58/$P$58 -> 0.25313208 | D59: =D58/$P$58 -> 0.035622642 | E59: =E58/$P$58 -> 0.030037736 | F59: =F58/$P$58 -> 0.076226415 | G59: =G58/$P$58 -> 0.001509434 | H59: =H58/$P$58 -> 0.00030188679 | I59: =I58/$P$58 -> 0.017660377 | J59: =J58/$P$58 -> 0.0052830189 | ... N59: =N58/$P$58 -> 0
B60: %ges w/o MCs | C60: =C58/$O$58 -> 0.59828755 | D60: =D58/$O$58 -> 0.084195505 | E60: =E58/$O$58 -> 0.070995362 | F60: =F58/$O$58 -> 0.18016411 | G60: =G58/$O$58 -> 0.0035676061 | H60: =H58/$O$58 -> 0.00071352123 | I60: =I58/$O$58 -> 0.041740992 | J60: =J58/$O$58 -> 0.012486621 | ... L60: =L58/$O$58 -> 0.0010702818 | N60: =N58/$O$58 -> 0

Sheet 24.07 Ndeeba-Nyanama
B1: Consultancy services for Preparation of Expressway Development Master Plan (EDMP) for Uganda
B2: MANUAL CLASSIFIED COUNT (MCC)
B3: ROAD NAME: | C3: ='22.07 Ndeeba-Nyanama'!C3:G3 -> MCC - C1 - STN04 - WERAGA ROAD
C5: Date | D5: 24.07.19 | F5: Location | G5: ='22.07 Ndeeba-Nyanama'!G5:H5 -> Golden Mille Hotel | J5: Surveyor | K5: ='22.07 Ndeeba-Nyanama'!K5:L5 -> Steven Dan
C6: Dir. From | D6: ='22.07 Ndeeba-Nyanama'!D6:E6 -> Ndeeba | F6: Dir. To | G6: ='22.07 Ndeeba-Nyanama'!G6:H6 -> Nyanama | J6: Supervisor | K6: ='22.07 Ndeeba-Nyanama'!K6:L6 -> Denis
B8: Time / Veh Type | R8: SUMMARY TRAFFIC VOLUMES
C9: 1. Car | D9: 2. Station Wagon | E9: 3. Pickups | F9: 4. Minibus, matatu | G9: 5. Medium bus | H9: 6. Large Bus | I9: 7. Light Truck | J9: 8. Medium Truck | K9: 9. Heavy truck | L9: 10. Truck Trailer | M9: 11. Motor cycles | N9: 12. Tractors | O9: Total Excl M/Cycles | P9: Total All | R9: Time | S9: 1. Car | T9: 2. Station Wagon | U9: 3. Pickups | V9: 4. Minibus, matatu | W9: 5. Medium bus | X9: 6. Large Bus | Y9: 7. Light Truck | Z9: 8. Medium Truck | AA9: 9. Heavy truck | AB9: 10. Truck Trailer | AC9: 11. Motorcycles | AD9: 12. Tractors, Graders | AE9: Total Excl M/ Cycles | AF9: Total All
B10: 07.00 - 07.15 | C10: 50 | D10: 0 | E10: 1 | F10: 52 | G10: 0 | H10: 0 | I10: 1 | J10: 0 | K10: 0 | L10: 0 | M10: 134 | N10: 0 | O10: =SUM(C10:L10,N10) -> 104 | P10: =SUM(C10:N10) -> 238 | R10: 0700-0800 | S10: =SUM(C10:C13) -> 201 | T10: =SUM(D10:D13) -> 4 | U10: =SUM(E10:E13) -> 13 | V10: =SUM(F10:F13) -> 99 | W10: =SUM(G10:G13) -> 0 | X10: =SUM(H10:H13) -> 0 | Y10: =SUM(I10:I13) -> 8 | Z10: =SUM(J10:J13) -> 0 | ... AF10: =SUM(P10:P13) -> 849
B11: 07.15 - 07.30 | C11: 75 | D11: 1 | E11: 0 | F11: 28 | G11: 0 | H11: 0 | I11: 1 | J11: 0 | K11: 1 | L11: 0 | M11: 138 | N11: 0 | O11: =SUM(C11:L11,N11) -> 106 | P11: =SUM(C11:N11) -> 244 | R11: 0800-0900 | S11: =SUM(C14:C17) -> 137 | T11: =SUM(D14:D17) -> 8 | U11: =SUM(E14:E17) -> 17 | V11: =SUM(F14:F17) -> 55 | W11: =SUM(G14:G17) -> 1 | X11: =SUM(H14:H17) -> 0 | Y11: =SUM(I14:I17) -> 5 | Z11: =SUM(J14:J17) -> 1 | ... AF11: =SUM(P14:P17) -> 672
B12: 07.30 - 07.45 | C12: 34 | D12: 2 | E12: 4 | F12: 10 | G12: 0 | H12: 0 | I12: 3 | J12: 0 | K12: 0 | L12: 0 | M12: 130 | N12: 0 | O12: =SUM(C12:L12,N12) -> 53 | P12: =SUM(C12:N12) -> 183 | R12: 0900-1000 | S12: =SUM(C18:C21) -> 220 | T12: =SUM(D18:D21) -> 2 | U12: =SUM(E18:E21) -> 2 | V12: =SUM(F18:F21) -> 38 | W12: =SUM(G18:G21) -> 0 | X12: =SUM(H18:H21) -> 0 | Y12: =SUM(I18:I21) -> 7 | Z12: =SUM(J18:J21) -> 4 | ... AF12: =SUM(P18:P21) -> 580
B13: 07.45 - 08.00 | C13: 42 | D13: 1 | E13: 8 | F13: 9 | G13: 0 | H13: 0 | I13: 3 | J13: 0 | K13: 0 | L13: 1 | M13: 120 | N13: 0 | O13: =SUM(C13:L13,N13) -> 64 | P13: =SUM(C13:N13) -> 184 | R13: 1000-1100 | S13: =SUM(C22:C25) -> 168 | T13: =SUM(D22:D25) -> 1 | U13: =SUM(E22:E25) -> 10 | V13: =SUM(F22:F25) -> 46 | W13: =SUM(G22:G25) -> 1 | X13: =SUM(H22:H25) -> 0 | Y13: =SUM(I22:I25) -> 9 | Z13: =SUM(J22:J25) -> 0 | ... AF13: =SUM(P22:P25) -> 561
B14: 08.00 - 08.15 | C14: 37 | D14: 2 | E14: 7 | F14: 7 | G14: 0 | H14: 0 | I14: 1 | J14: 0 | K14: 0 | L14: 0 | M14: 160 | N14: 0 | O14: =SUM(C14:L14,N14) -> 54 | P14: =SUM(C14:N14) -> 214 | R14: 1100-1200 | S14: =SUM(C26:C29) -> 203 | T14: =SUM(D26:D29) -> 15 | U14: =SUM(E26:E29) -> 7 | V14: =SUM(F26:F29) -> 39 | W14: =SUM(G26:G29) -> 1 | X14: =SUM(H26:H29) -> 0 | Y14: =SUM(I26:I29) -> 8 | Z14: =SUM(J26:J29) -> 4 | ... AF14: =SUM(P26:P29) -> 605
B15: 08.15 - 08.30 | C15: 40 | D15: 3 | E15: 5 | F15: 28 | G15: 1 | H15: 0 | I15: 2 | J15: 1 | K15: 0 | L15: 0 | M15: 100 | N15: 0 | O15: =SUM(C15:L15,N15) -> 80 | P15: =SUM(C15:N15) -> 180 | R15: 1200-1300 | S15: =SUM(C30:C33) -> 212 | T15: =SUM(D30:D33) -> 5 | U15: =SUM(E30:E33) -> 9 | V15: =SUM(F30:F33) -> 18 | W15: =SUM(G30:G33) -> 1 | X15: =SUM(H30:H33) -> 0 | Y15: =SUM(I30:I33) -> 8 | Z15: =SUM(J30:J33) -> 7 | ... AF15: =SUM(P30:P33) -> 658
B16: 08.30 - 08.45 | C16: 33 | D16: 1 | E16: 0 | F16: 0 | G16: 0 | H16: 0 | I16: 0 | J16: 0 | K16: 0 | L16: 0 | M16: 115 | N16: 0 | O16: =SUM(C16:L16,N16) -> 34 | P16: =SUM(C16:N16) -> 149 | R16: 1300-1400 | S16: =SUM(C34:C37) -> 148 | T16: =SUM(D34:D37) -> 1 | U16: =SUM(E34:E37) -> 10 | V16: =SUM(F34:F37) -> 23 | W16: =SUM(G34:G37) -> 1 | X16: =SUM(H34:H37) -> 0 | Y16: =SUM(I34:I37) -> 7 | Z16: =SUM(J34:J37) -> 8 | ... AF16: =SUM(P34:P37) -> 589
B17: 08.45 - 9.00 | C17: 27 | D17: 2 | E17: 5 | F17: 20 | G17: 0 | H17: 0 | I17: 2 | J17: 0 | K17: 0 | L17: 0 | M17: 73 | N17: 0 | O17: =SUM(C17:L17,N17) -> 56 | P17: =SUM(C17:N17) -> 129 | R17: 1400-1500 | S17: =SUM(C38:C41) -> 122 | T17: =SUM(D38:D41) -> 4 | U17: =SUM(E38:E41) -> 4 | V17: =SUM(F38:F41) -> 21 | W17: =SUM(G38:G41) -> 0 | X17: =SUM(H38:H41) -> 0 | Y17: =SUM(I38:I41) -> 4 | Z17: =SUM(J38:J41) -> 3 | ... AF17: =SUM(P38:P41) -> 383
B18: 09.00 - 09.15 | C18: 33 | D18: 0 | E18: 1 | F18: 2 | G18: 0 | H18: 0 | I18: 4 | J18: 1 | K18: 0 | L18: 0 | M18: 110 | N18: 0 | O18: =SUM(C18:L18,N18) -> 41 | P18: =SUM(C18:N18) -> 151 | R18: 1500-1600 | S18: =SUM(C42:C45) -> 283 | T18: =SUM(D42:D45) -> 3 | U18: =SUM(E42:E45) -> 11 | V18: =SUM(F42:F45) -> 16 | W18: =SUM(G42:G45) -> 2 | X18: =SUM(H42:H45) -> 1 | Y18: =SUM(I42:I45) -> 4 | Z18: =SUM(J42:J45) -> 8 | ... AF18: =SUM(P42:P45) -> 745
B19: 09.15 - 09.30 | C19: 55 | D19: 2 | E19: 1 | F19: 25 | G19: 0 | H19: 0 | I19: 1 | J19: 0 | K19: 0 | L19: 1 | M19: 90 | N19: 0 | O19: =SUM(C19:L19,N19) -> 85 | P19: =SUM(C19:N19) -> 175 | R19: 1600-1700 | S19: =SUM(C46:C49) -> 244 | T19: =SUM(D46:D49) -> 9 | U19: =SUM(E46:E49) -> 19 | V19: =SUM(F46:F49) -> 21 | W19: =SUM(G46:G49) -> 2 | X19: =SUM(H46:H49) -> 0 | Y19: =SUM(I46:I49) -> 5 | Z19: =SUM(J46:J49) -> 2 | ... AF19: =SUM(P46:P49) -> 676
B20: 09.30 - 09.45 | C20: 60 | D20: 0 | E20: 0 | F20: 1 | G20: 0 | H20: 0 | I20: 0 | J20: 0 | K20: 0 | L20: 0 | M20: 60 | N20: 0 | O20: =SUM(C20:L20,N20) -> 61 | P20: =SUM(C20:N20) -> 121 | R20: 1700-1800 | S20: =SUM(C50:C53) -> 366 | T20: =SUM(D50:D53) -> 8 | U20: =SUM(E50:E53) -> 18 | V20: =SUM(F50:F53) -> 119 | W20: =SUM(G50:G53) -> 0 | X20: =SUM(H50:H53) -> 0 | Y20: =SUM(I50:I53) -> 28 | Z20: =SUM(J50:J53) -> 3 | ... AF20: =SUM(P50:P53) -> 964
B21: 09.45 - 10.00 | C21: 72 | D21: 0 | E21: 0 | F21: 10 | G21: 0 | H21: 0 | I21: 2 | J21: 3 | K21: 1 | L21: 0 | M21: 45 | N21: 0 | O21: =SUM(C21:L21,N21) -> 88 | P21: =SUM(C21:N21) -> 133 | R21: 1800-1900 | S21: =SUM(C54:C57) -> 344 | T21: =SUM(D54:D57) -> 23 | U21: =SUM(E54:E57) -> 14 | V21: =SUM(F54:F57) -> 119 | W21: =SUM(G54:G57) -> 1 | X21: =SUM(H54:H57) -> 0 | Y21: =SUM(I54:I57) -> 24 | Z21: =SUM(J54:J57) -> 4 | ... AF21: =SUM(P54:P57) -> 1008
B22: 10.00 - 10.15 | C22: 26 | D22: 0 | E22: 0 | F22: 7 | G22: 0 | H22: 0 | I22: 1 | J22: 0 | K22: 1 | L22: 0 | M22: 70 | N22: 0 | O22: =SUM(C22:L22,N22) -> 35 | P22: =SUM(C22:N22) -> 105 | R22: AM Peak Hr | S22: =MAX(S10:S12) -> 220 | T22: =MAX(T10:T12) -> 8 | U22: =MAX(U10:U12) -> 17 | V22: =MAX(V10:V12) -> 99 | W22: =MAX(W10:W12) -> 1 | X22: =MAX(X10:X12) -> 0 | Y22: =MAX(Y10:Y12) -> 8 | Z22: =MAX(Z10:Z12) -> 4 | ... AF22: =MAX(AF10:AF12) -> 849
B23: 10.15 - 10.30 | C23: 40 | D23: 0 | E23: 4 | F23: 11 | G23: 1 | H23: 0 | I23: 3 | J23: 0 | K23: 0 | L23: 0 | M23: 100 | N23: 0 | O23: =SUM(C23:L23,N23) -> 59 | P23: =SUM(C23:N23) -> 159 | R23: IP Peak Hr | S23: =MAX(S13:S18) -> 283 | T23: =MAX(T13:T18) -> 15 | U23: =MAX(U13:U18) -> 11 | V23: =MAX(V13:V18) -> 46 | W23: =MAX(W13:W18) -> 2 | X23: =MAX(X13:X18) -> 1 | Y23: =MAX(Y13:Y18) -> 9 | Z23: =MAX(Z13:Z18) -> 8 | ... AF23: =MAX(AF13:AF18) -> 745
B24: 10.30 - 10.45 | C24: 32 | D24: 1 | E24: 2 | F24: 3 | G24: 0 | H24: 0 | I24: 2 | J24: 0 | K24: 0 | L24: 3 | M24: 70 | N24: 0 | O24: =SUM(C24:L24,N24) -> 43 | P24: =SUM(C24:N24) -> 113 | R24: PM Peak Hr | S24: =MAX(S19:S21) -> 366 | T24: =MAX(T19:T21) -> 23 | U24: =MAX(U19:U21) -> 19 | V24: =MAX(V19:V21) -> 119 | W24: =MAX(W19:W21) -> 2 | X24: =MAX(X19:X21) -> 0 | Y24: =MAX(Y19:Y21) -> 28 | Z24: =MAX(Z19:Z21) -> 4 | ... AF24: =MAX(AF19:AF21) -> 1008
B25: 10.45 - 11.00 | C25: 70 | D25: 0 | E25: 4 | F25: 25 | G25: 0 | H25: 0 | I25: 3 | J25: 0 | K25: 0 | L25: 0 | M25: 82 | N25: 0 | O25: =SUM(C25:L25,N25) -> 102 | P25: =SUM(C25:N25) -> 184 | R25: AM Period | S25: =SUM(S10:S12) -> 558 | T25: =SUM(T10:T12) -> 14 | U25: =SUM(U10:U12) -> 32 | V25: =SUM(V10:V12) -> 192 | W25: =SUM(W10:W12) -> 1 | X25: =SUM(X10:X12) -> 0 | Y25: =SUM(Y10:Y12) -> 20 | Z25: =SUM(Z10:Z12) -> 5 | ... AF25: =SUM(AF10:AF12) -> 2101
B26: 11.00 - 11.15 | C26: 60 | D26: 3 | E26: 1 | F26: 26 | G26: 0 | H26: 0 | I26: 2 | J26: 1 | K26: 0 | L26: 1 | M26: 90 | N26: 0 | O26: =SUM(C26:L26,N26) -> 94 | P26: =SUM(C26:N26) -> 184 | R26: IP Period | S26: =SUM(S13:S18) -> 1136 | T26: =SUM(T13:T18) -> 29 | U26: =SUM(U13:U18) -> 51 | V26: =SUM(V13:V18) -> 163 | W26: =SUM(W13:W18) -> 6 | X26: =SUM(X13:X18) -> 1 | Y26: =SUM(Y13:Y18) -> 40 | Z26: =SUM(Z13:Z18) -> 30 | ... AF26: =SUM(AF13:AF18) -> 3541
B27: 11.15 - 11.30 | C27: 30 | D27: 0 | E27: 2 | F27: 7 | G27: 0 | H27: 0 | I27: 2 | J27: 1 | K27: 0 | L27: 0 | M27: 60 | N27: 0 | O27: =SUM(C27:L27,N27) -> 42 | P27: =SUM(C27:N27) -> 102 | R27: PM Period | S27: =SUM(S19:S21) -> 954 | T27: =SUM(T19:T21) -> 40 | U27: =SUM(U19:U21) -> 51 | V27: =SUM(V19:V21) -> 259 | W27: =SUM(W19:W21) -> 3 | X27: =SUM(X19:X21) -> 0 | Y27: =SUM(Y19:Y21) -> 57 | Z27: =SUM(Z19:Z21) -> 9 | ... AF27: =SUM(AF19:AF21) -> 2648
B28: 11.30 - 11.45 | C28: 73 | D28: 1 | E28: 1 | F28: 6 | G28: 1 | H28: 0 | I28: 3 | J28: 2 | K28: 2 | L28: 0 | M28: 80 | N28: 0 | O28: =SUM(C28:L28,N28) -> 89 | P28: =SUM(C28:N28) -> 169 | R28: 12 Hours | S28: =SUM(S10:S21) -> 2648 | T28: =SUM(T10:T21) -> 83 | U28: =SUM(U10:U21) -> 134 | V28: =SUM(V10:V21) -> 614 | W28: =SUM(W10:W21) -> 10 | X28: =SUM(X10:X21) -> 1 | Y28: =SUM(Y10:Y21) -> 117 | Z28: =SUM(Z10:Z21) -> 44 | ... AF28: =SUM(AF10:AF21) -> 8290
B29: 11.45 - 12.00 | C29: 40 | D29: 11 | E29: 3 | F29: 0 | G29: 0 | H29: 0 | I29: 1 | J29: 0 | K29: 0 | L29: 0 | M29: 95 | N29: 0 | O29: =SUM(C29:L29,N29) -> 55 | P29: =SUM(C29:N29) -> 150
B30: 12.00 - 12.15 | C30: 66 | D30: 0 | E30: 3 | F30: 4 | G30: 0 | H30: 0 | I30: 3 | J30: 2 | K30: 0 | L30: 0 | M30: 100 | N30: 0 | O30: =SUM(C30:L30,N30) -> 78 | P30: =SUM(C30:N30) -> 178
B31: 12.15 - 12.30 | C31: 48 | D31: 2 | E31: 4 | F31: 3 | G31: 0 | H31: 0 | I31: 3 | J31: 1 | K31: 0 | L31: 1 | M31: 120 | N31: 0 | O31: =SUM(C31:L31,N31) -> 62 | P31: =SUM(C31:N31) -> 182
B32: 12.30 - 12.45 | C32: 56 | D32: 1 | E32: 0 | F32: 4 | G32: 1 | H32: 0 | I32: 0 | J32: 1 | K32: 0 | L32: 0 | M32: 80 | N32: 0 | O32: =SUM(C32:L32,N32) -> 63 | P32: =SUM(C32:N32) -> 143
B33: 12.45 - 13.00 | C33: 42 | D33: 2 | E33: 2 | F33: 7 | G33: 0 | H33: 0 | I33: 2 | J33: 3 | K33: 1 | L33: 0 | M33: 96 | N33: 0 | O33: =SUM(C33:L33,N33) -> 59 | P33: =SUM(C33:N33) -> 155
B34: 13.00 - 13.15 | C34: 33 | D34: 0 | E34: 2 | F34: 5 | G34: 0 | H34: 0 | I34: 2 | J34: 2 | K34: 1 | L34: 0 | M34: 80 | N34: 0 | O34: =SUM(C34:L34,N34) -> 45 | P34: =SUM(C34:N34) -> 125
B35: 13.15 - 13.30 | C35: 55 | D35: 1 | E35: 3 | F35: 7 | G35: 0 | H35: 0 | I35: 0 | J35: 4 | K35: 0 | L35: 0 | M35: 94 | N35: 0 | O35: =SUM(C35:L35,N35) -> 70 | P35: =SUM(C35:N35) -> 164
B36: 13.30 - 13.45 | C36: 40 | D36: 0 | E36: 4 | F36: 3 | G36: 0 | H36: 0 | I36: 0 | J36: 1 | K36: 0 | L36: 0 | M36: 110 | N36: 0 | O36: =SUM(C36:L36,N36) -> 48 | P36: =SUM(C36:N36) -> 158
B37: 13.45 - 14.00 | C37: 20 | D37: 0 | E37: 1 | F37: 8 | G37: 1 | H37: 0 | I37: 5 | J37: 1 | K37: 1 | L37: 0 | M37: 105 | N37: 0 | O37: =SUM(C37:L37,N37) -> 37 | P37: =SUM(C37:N37) -> 142
B38: 14.00 - 14.15 | C38: 38 | D38: 1 | E38: 2 | F38: 8 | G38: 0 | H38: 0 | I38: 0 | J38: 2 | K38: 0 | L38: 1 | M38: 40 | N38: 0 | O38: =SUM(C38:L38,N38) -> 52 | P38: =SUM(C38:N38) -> 92
B39: 14.15 - 14.30 | C39: 25 | D39: 0 | E39: 1 | F39: 0 | G39: 0 | H39: 0 | I39: 2 | J39: 1 | K39: 0 | L39: 0 | M39: 53 | N39: 0 | O39: =SUM(C39:L39,N39) -> 29 | P39: =SUM(C39:N39) -> 82
B40: 14.30 - 14.45 | C40: 34 | D40: 2 | E40: 1 | F40: 3 | G40: 0 | H40: 0 | I40: 2 | J40: 0 | K40: 3 | L40: 0 | M40: 51 | N40: 0 | O40: =SUM(C40:L40,N40) -> 45 | P40: =SUM(C40:N40) -> 96
... B57: 18.45 - 19.00 | C57: 96 | D57: 11 | E57: 9 | F57: 44 | G57: 0 | H57: 0 | I57: 6 | J57: 0 | K57: 2 | L57: 1 | M57: 135 | N57: 0 | O57: =SUM(C57:L57,N57) -> 169 | P57: =SUM(C57:N57) -> 304
B58: Totals | C58: =SUM(C10:C57) -> 2648 | D58: =SUM(D10:D57) -> 83 | E58: =SUM(E10:E57) -> 134 | F58: =SUM(F10:F57) -> 614 | G58: =SUM(G10:G57) -> 10 | H58: =SUM(H10:H57) -> 1 | I58: =SUM(I10:I57) -> 117 | J58: =SUM(J10:J57) -> 44 | ... P58: =SUM(P10:P57) -> 8290
B59: %ges + MCs | C59: =C58/$P$58 -> 0.31942099 | D59: =D58/$P$58 -> 0.010012063 | E59: =E58/$P$58 -> 0.016164053 | F59: =F58/$P$58 -> 0.074065139 | G59: =G58/$P$58 -> 0.0012062726 | H59: =H58/$P$58 -> 0.00012062726 | I59: =I58/$P$58 -> 0.01411339 | J59: =J58/$P$58 -> 0.0053075995 | ... N59: =N58/$P$58 -> 0
B60: %ges w/o MCs | C60: =C58/$O$58 -> 0.71858887 | D60: =D58/$O$58 -> 0.022523745 | E60: =E58/$O$58 -> 0.036363636 | F60: =F58/$O$58 -> 0.16662144 | G60: =G58/$O$58 -> 0.0027137042 | H60: =H58/$O$58 -> 0.00027137042 | I60: =I58/$O$58 -> 0.031750339 | J60: =J58/$O$58 -> 0.011940299 | ... L60: =L58/$O$58 -> 0.0040705563 | N60: =N58/$O$58 -> 0

Sheet 24.07 Nyanama-Ndeeba
B1: Consultancy services for Preparation of Expressway Development Master Plan (EDMP) for Uganda
B2: MANUAL CLASSIFIED COUNT (MCC)
B3: ROAD NAME: | C3: ='22.07 Nyanama-Ndeeba'!C3:G3 -> MCC - C1 - STN04 - WERAGA ROAD
C5: Date | D5: ='24.07 Ndeeba-Nyanama'!D5 -> 24.07.19 | F5: Location | G5: ='22.07 Ndeeba-Nyanama'!G5:H5 -> Golden Mille Hotel | J5: Surveyor | K5: Walter
C6: Dir. From | D6: ='22.07 Nyanama-Ndeeba'!D6:E6 -> Nyanama | F6: Dir. To | G6: ='22.07 Nyanama-Ndeeba'!G6:H6 -> Ndeeba | J6: Supervisor | K6: ='22.07 Ndeeba-Nyanama'!K6:L6 -> Denis
B8: Time / Veh Type | R8: SUMMARY TRAFFIC VOLUMES
C9: 1. Car | D9: 2. Station Wagon | E9: 3. Pickups | F9: 4. Minibus, matatu | G9: 5. Medium bus | H9: 6. Large Bus | I9: 7. Light Truck | J9: 8. Medium Truck | K9: 9. Heavy truck | L9: 10. Truck Trailer | M9: 11. Motor cycles | N9: 12. Tractors | O9: Total Excl M/Cycles | P9: Total All | R9: Time | S9: 1. Car | T9: 2. Station Wagon | U9: 3. Pickups | V9: 4. Minibus, matatu | W9: 5. Medium bus | X9: 6. Large Bus | Y9: 7. Light Truck | Z9: 8. Medium Truck | AA9: 9. Heavy truck | AB9: 10. Truck Trailer | AC9: 11. Motorcycles | AD9: 12. Tractors, Graders | AE9: Total Excl M/ Cycles | AF9: Total All
B10: 07.00 - 07.15 | C10: 72 | D10: 12 | E10: 6 | F10: 34 | G10: 1 | H10: 0 | I10: 1 | J10: 0 | K10: 0 | L10: 0 | M10: 103 | N10: 0 | O10: =SUM(C10:L10,N10) -> 126 | P10: =SUM(C10:N10) -> 229 | R10: 0700-0800 | S10: =SUM(C10:C13) -> 271 | T10: =SUM(D10:D13) -> 39 | U10: =SUM(E10:E13) -> 24 | V10: =SUM(F10:F13) -> 165 | W10: =SUM(G10:G13) -> 3 | X10: =SUM(H10:H13) -> 0 | Y10: =SUM(I10:I13) -> 7 | Z10: =SUM(J10:J13) -> 1 | ... AF10: =SUM(P10:P13) -> 970
B11: 07.15 - 07.30 | C11: 63 | D11: 13 | E11: 4 | F11: 38 | G11: 1 | H11: 0 | I11: 1 | J11: 0 | K11: 2 | L11: 0 | M11: 107 | N11: 0 | O11: =SUM(C11:L11,N11) -> 122 | P11: =SUM(C11:N11) -> 229 | R11: 0800-0900 | S11: =SUM(C14:C17) -> 228 | T11: =SUM(D14:D17) -> 22 | U11: =SUM(E14:E17) -> 19 | V11: =SUM(F14:F17) -> 78 | W11: =SUM(G14:G17) -> 1 | X11: =SUM(H14:H17) -> 0 | Y11: =SUM(I14:I17) -> 10 | Z11: =SUM(J14:J17) -> 2 | ... AF11: =SUM(P14:P17) -> 816
B12: 07.30 - 07.45 | C12: 62 | D12: 7 | E12: 5 | F12: 41 | G12: 1 | H12: 0 | I12: 3 | J12: 0 | K12: 5 | L12: 0 | M12: 123 | N12: 0 | O12: =SUM(C12:L12,N12) -> 124 | P12: =SUM(C12:N12) -> 247 | R12: 0900-1000 | S12: =SUM(C18:C21) -> 226 | T12: =SUM(D18:D21) -> 24 | U12: =SUM(E18:E21) -> 33 | V12: =SUM(F18:F21) -> 52 | W12: =SUM(G18:G21) -> 1 | X12: =SUM(H18:H21) -> 0 | Y12: =SUM(I18:I21) -> 4 | Z12: =SUM(J18:J21) -> 4 | ... AF12: =SUM(P18:P21) -> 754
B13: 07.45 - 08.00 | C13: 74 | D13: 7 | E13: 9 | F13: 52 | G13: 0 | H13: 0 | I13: 2 | J13: 1 | K13: 0 | L13: 0 | M13: 120 | N13: 0 | O13: =SUM(C13:L13,N13) -> 145 | P13: =SUM(C13:N13) -> 265 | R13: 1000-1100 | S13: =SUM(C22:C25) -> 147 | T13: =SUM(D22:D25) -> 25 | U13: =SUM(E22:E25) -> 19 | V13: =SUM(F22:F25) -> 31 | W13: =SUM(G22:G25) -> 1 | X13: =SUM(H22:H25) -> 0 | Y13: =SUM(I22:I25) -> 13 | Z13: =SUM(J22:J25) -> 5 | ... AF13: =SUM(P22:P25) -> 576
B14: 08.00 - 08.15 | C14: 69 | D14: 7 | E14: 7 | F14: 36 | G14: 1 | H14: 0 | I14: 2 | J14: 0 | K14: 0 | L14: 0 | M14: 132 | N14: 0 | O14: =SUM(C14:L14,N14) -> 122 | P14: =SUM(C14:N14) -> 254 | R14: 1100-1200 | S14: =SUM(C26:C29) -> 151 | T14: =SUM(D26:D29) -> 23 | U14: =SUM(E26:E29) -> 19 | V14: =SUM(F26:F29) -> 29 | W14: =SUM(G26:G29) -> 4 | X14: =SUM(H26:H29) -> 0 | Y14: =SUM(I26:I29) -> 16 | Z14: =SUM(J26:J29) -> 3 | ... AF14: =SUM(P26:P29) -> 536
B15: 08.15 - 08.30 | C15: 55 | D15: 7 | E15: 2 | F15: 18 | G15: 0 | H15: 0 | I15: 3 | J15: 1 | K15: 1 | L15: 1 | M15: 117 | N15: 0 | O15: =SUM(C15:L15,N15) -> 88 | P15: =SUM(C15:N15) -> 205 | R15: 1200-1300 | S15: =SUM(C30:C33) -> 134 | T15: =SUM(D30:D33) -> 11 | U15: =SUM(E30:E33) -> 9 | V15: =SUM(F30:F33) -> 28 | W15: =SUM(G30:G33) -> 0 | X15: =SUM(H30:H33) -> 0 | Y15: =SUM(I30:I33) -> 9 | Z15: =SUM(J30:J33) -> 6 | ... AF15: =SUM(P30:P33) -> 497
B16: 08.30 - 08.45 | C16: 46 | D16: 3 | E16: 5 | F16: 10 | G16: 0 | H16: 0 | I16: 2 | J16: 0 | K16: 0 | L16: 0 | M16: 88 | N16: 0 | O16: =SUM(C16:L16,N16) -> 66 | P16: =SUM(C16:N16) -> 154 | R16: 1300-1400 | S16: =SUM(C34:C37) -> 95 | T16: =SUM(D34:D37) -> 17 | U16: =SUM(E34:E37) -> 19 | V16: =SUM(F34:F37) -> 26 | W16: =SUM(G34:G37) -> 0 | X16: =SUM(H34:H37) -> 0 | Y16: =SUM(I34:I37) -> 12 | Z16: =SUM(J34:J37) -> 5 | ... AF16: =SUM(P34:P37) -> 422
B17: 08.45 - 9.00 | C17: 58 | D17: 5 | E17: 5 | F17: 14 | G17: 0 | H17: 0 | I17: 3 | J17: 1 | K17: 0 | L17: 0 | M17: 117 | N17: 0 | O17: =SUM(C17:L17,N17) -> 86 | P17: =SUM(C17:N17) -> 203 | R17: 1400-1500 | S17: =SUM(C38:C41) -> 106 | T17: =SUM(D38:D41) -> 10 | U17: =SUM(E38:E41) -> 13 | V17: =SUM(F38:F41) -> 18 | W17: =SUM(G38:G41) -> 1 | X17: =SUM(H38:H41) -> 0 | Y17: =SUM(I38:I41) -> 7 | Z17: =SUM(J38:J41) -> 2 | ... AF17: =SUM(P38:P41) -> 387
B18: 09.00 - 09.15 | C18: 58 | D18: 7 | E18: 12 | F18: 14 | G18: 1 | H18: 0 | I18: 2 | J18: 1 | K18: 0 | L18: 0 | M18: 101 | N18: 0 | O18: =SUM(C18:L18,N18) -> 95 | P18: =SUM(C18:N18) -> 196 | R18: 1500-1600 | S18: =SUM(C42:C45) -> 98 | T18: =SUM(D42:D45) -> 12 | U18: =SUM(E42:E45) -> 12 | V18: =SUM(F42:F45) -> 23 | W18: =SUM(G42:G45) -> 0 | X18: =SUM(H42:H45) -> 0 | Y18: =SUM(I42:I45) -> 4 | Z18: =SUM(J42:J45) -> 7 | ... AF18: =SUM(P42:P45) -> 425
B19: 09.15 - 09.30 | C19: 53 | D19: 9 | E19: 6 | F19: 14 | G19: 0 | H19: 0 | I19: 1 | J19: 1 | K19: 0 | L19: 0 | M19: 116 | N19: 0 | O19: =SUM(C19:L19,N19) -> 84 | P19: =SUM(C19:N19) -> 200 | R19: 1600-1700 | S19: =SUM(C46:C49) -> 118 | T19: =SUM(D46:D49) -> 16 | U19: =SUM(E46:E49) -> 9 | V19: =SUM(F46:F49) -> 23 | W19: =SUM(G46:G49) -> 1 | X19: =SUM(H46:H49) -> 0 | Y19: =SUM(I46:I49) -> 5 | Z19: =SUM(J46:J49) -> 3 | ... AF19: =SUM(P46:P49) -> 472
B20: 09.30 - 09.45 | C20: 52 | D20: 1 | E20: 7 | F20: 17 | G20: 0 | H20: 0 | I20: 0 | J20: 1 | K20: 0 | L20: 0 | M20: 85 | N20: 0 | O20: =SUM(C20:L20,N20) -> 78 | P20: =SUM(C20:N20) -> 163 | R20: 1700-1800 | S20: =SUM(C50:C53) -> 158 | T20: =SUM(D50:D53) -> 14 | U20: =SUM(E50:E53) -> 14 | V20: =SUM(F50:F53) -> 38 | W20: =SUM(G50:G53) -> 1 | X20: =SUM(H50:H53) -> 1 | Y20: =SUM(I50:I53) -> 10 | Z20: =SUM(J50:J53) -> 3 | ... AF20: =SUM(P50:P53) -> 663
B21: 09.45 - 10.00 | C21: 63 | D21: 7 | E21: 8 | F21: 7 | G21: 0 | H21: 0 | I21: 1 | J21: 1 | K21: 1 | L21: 0 | M21: 107 | N21: 0 | O21: =SUM(C21:L21,N21) -> 88 | P21: =SUM(C21:N21) -> 195 | R21: 1800-1900 | S21: =SUM(C54:C57) -> 105 | T21: =SUM(D54:D57) -> 16 | U21: =SUM(E54:E57) -> 21 | V21: =SUM(F54:F57) -> 35 | W21: =SUM(G54:G57) -> 2 | X21: =SUM(H54:H57) -> 2 | Y21: =SUM(I54:I57) -> 10 | Z21: =SUM(J54:J57) -> 1 | ... AF21: =SUM(P54:P57) -> 616
B22: 10.00 - 10.15 | C22: 41 | D22: 5 | E22: 5 | F22: 7 | G22: 0 | H22: 0 | I22: 1 | J22: 1 | K22: 2 | L22: 0 | M22: 102 | N22: 0 | O22: =SUM(C22:L22,N22) -> 62 | P22: =SUM(C22:N22) -> 164 | R22: AM Peak Hr | S22: =MAX(S10:S12) -> 271 | T22: =MAX(T10:T12) -> 39 | U22: =MAX(U10:U12) -> 33 | V22: =MAX(V10:V12) -> 165 | W22: =MAX(W10:W12) -> 3 | X22: =MAX(X10:X12) -> 0 | Y22: =MAX(Y10:Y12) -> 10 | Z22: =MAX(Z10:Z12) -> 4 | ... AF22: =MAX(AF10:AF12) -> 970
B23: 10.15 - 10.30 | C23: 32 | D23: 7 | E23: 4 | F23: 8 | G23: 0 | H23: 0 | I23: 3 | J23: 1 | K23: 0 | L23: 0 | M23: 81 | N23: 0 | O23: =SUM(C23:L23,N23) -> 55 | P23: =SUM(C23:N23) -> 136 | R23: IP Peak Hr | S23: =MAX(S13:S18) -> 151 | T23: =MAX(T13:T18) -> 25 | U23: =MAX(U13:U18) -> 19 | V23: =MAX(V13:V18) -> 31 | W23: =MAX(W13:W18) -> 4 | X23: =MAX(X13:X18) -> 0 | Y23: =MAX(Y13:Y18) -> 16 | Z23: =MAX(Z13:Z18) -> 7 | ... AF23: =MAX(AF13:AF18) -> 576
B24: 10.30 - 10.45 | C24: 27 | D24: 9 | E24: 2 | F24: 6 | G24: 1 | H24: 0 | I24: 5 | J24: 2 | K24: 0 | L24: 0 | M24: 73 | N24: 0 | O24: =SUM(C24:L24,N24) -> 52 | P24: =SUM(C24:N24) -> 125 | R24: PM Peak Hr | S24: =MAX(S19:S21) -> 158 | T24: =MAX(T19:T21) -> 16 | U24: =MAX(U19:U21) -> 21 | V24: =MAX(V19:V21) -> 38 | W24: =MAX(W19:W21) -> 2 | X24: =MAX(X19:X21) -> 2 | Y24: =MAX(Y19:Y21) -> 10 | Z24: =MAX(Z19:Z21) -> 3 | ... AF24: =MAX(AF19:AF21) -> 663
B25: 10.45 - 11.00 | C25: 47 | D25: 4 | E25: 8 | F25: 10 | G25: 0 | H25: 0 | I25: 4 | J25: 1 | K25: 0 | L25: 0 | M25: 77 | N25: 0 | O25: =SUM(C25:L25,N25) -> 74 | P25: =SUM(C25:N25) -> 151 | R25: AM Period | S25: =SUM(S10:S12) -> 725 | T25: =SUM(T10:T12) -> 85 | U25: =SUM(U10:U12) -> 76 | V25: =SUM(V10:V12) -> 295 | W25: =SUM(W10:W12) -> 5 | X25: =SUM(X10:X12) -> 0 | Y25: =SUM(Y10:Y12) -> 21 | Z25: =SUM(Z10:Z12) -> 7 | ... AF25: =SUM(AF10:AF12) -> 2540
B26: 11.00 - 11.15 | C26: 37 | D26: 3 | E26: 7 | F26: 6 | G26: 2 | H26: 0 | I26: 2 | J26: 0 | K26: 0 | L26: 0 | M26: 71 | N26: 0 | O26: =SUM(C26:L26,N26) -> 57 | P26: =SUM(C26:N26) -> 128 | R26: IP Period | S26: =SUM(S13:S18) -> 731 | T26: =SUM(T13:T18) -> 98 | U26: =SUM(U13:U18) -> 91 | V26: =SUM(V13:V18) -> 155 | W26: =SUM(W13:W18) -> 6 | X26: =SUM(X13:X18) -> 0 | Y26: =SUM(Y13:Y18) -> 61 | Z26: =SUM(Z13:Z18) -> 28 | ... AF26: =SUM(AF13:AF18) -> 2843
B27: 11.15 - 11.30 | C27: 38 | D27: 4 | E27: 4 | F27: 7 | G27: 1 | H27: 0 | I27: 3 | J27: 0 | K27: 0 | L27: 0 | M27: 63 | N27: 0 | O27: =SUM(C27:L27,N27) -> 57 | P27: =SUM(C27:N27) -> 120 | R27: PM Period | S27: =SUM(S19:S21) -> 381 | T27: =SUM(T19:T21) -> 46 | U27: =SUM(U19:U21) -> 44 | V27: =SUM(V19:V21) -> 96 | W27: =SUM(W19:W21) -> 4 | X27: =SUM(X19:X21) -> 3 | Y27: =SUM(Y19:Y21) -> 25 | Z27: =SUM(Z19:Z21) -> 7 | ... AF27: =SUM(AF19:AF21) -> 1751
B28: 11.30 - 11.45 | C28: 44 | D28: 6 | E28: 4 | F28: 8 | G28: 0 | H28: 0 | I28: 6 | J28: 0 | K28: 0 | L28: 0 | M28: 77 | N28: 0 | O28: =SUM(C28:L28,N28) -> 68 | P28: =SUM(C28:N28) -> 145 | R28: 12 Hours | S28: =SUM(S10:S21) -> 1837 | T28: =SUM(T10:T21) -> 229 | U28: =SUM(U10:U21) -> 211 | V28: =SUM(V10:V21) -> 546 | W28: =SUM(W10:W21) -> 15 | X28: =SUM(X10:X21) -> 3 | Y28: =SUM(Y10:Y21) -> 107 | Z28: =SUM(Z10:Z21) -> 42 | ... AF28: =SUM(AF10:AF21) -> 7134
B29: 11.45 - 12.00 | C29: 32 | D29: 10 | E29: 4 | F29: 8 | G29: 1 | H29: 0 | I29: 5 | J29: 3 | K29: 1 | L29: 0 | M29: 79 | N29: 0 | O29: =SUM(C29:L29,N29) -> 64 | P29: =SUM(C29:N29) -> 143
B30: 12.00 - 12.15 | C30: 41 | D30: 2 | E30: 1 | F30: 9 | G30: 0 | H30: 0 | I30: 1 | J30: 3 | K30: 0 | L30: 0 | M30: 72 | N30: 0 | O30: =SUM(C30:L30,N30) -> 57 | P30: =SUM(C30:N30) -> 129
B31: 12.15 - 12.30 | C31: 42 | D31: 4 | E31: 6 | F31: 7 | G31: 0 | H31: 0 | I31: 3 | J31: 1 | K31: 0 | L31: 0 | M31: 82 | N31: 0 | O31: =SUM(C31:L31,N31) -> 63 | P31: =SUM(C31:N31) -> 145
B32: 12.30 - 12.45 | C32: 25 | D32: 2 | E32: 1 | F32: 3 | G32: 0 | H32: 0 | I32: 3 | J32: 0 | K32: 0 | L32: 0 | M32: 68 | N32: 0 | O32: =SUM(C32:L32,N32) -> 34 | P32: =SUM(C32:N32) -> 102
B33: 12.45 - 13.00 | C33: 26 | D33: 3 | E33: 1 | F33: 9 | G33: 0 | H33: 0 | I33: 2 | J33: 2 | K33: 0 | L33: 0 | M33: 78 | N33: 0 | O33: =SUM(C33:L33,N33) -> 43 | P33: =SUM(C33:N33) -> 121
B34: 13.00 - 13.15 | C34: 29 | D34: 5 | E34: 6 | F34: 5 | G34: 0 | H34: 0 | I34: 5 | J34: 3 | K34: 0 | L34: 0 | M34: 59 | N34: 0 | O34: =SUM(C34:L34,N34) -> 53 | P34: =SUM(C34:N34) -> 112
B35: 13.15 - 13.30 | C35: 22 | D35: 3 | E35: 3 | F35: 5 | G35: 0 | H35: 0 | I35: 3 | J35: 2 | K35: 0 | L35: 0 | M35: 58 | N35: 0 | O35: =SUM(C35:L35,N35) -> 38 | P35: =SUM(C35:N35) -> 96
B36: 13.30 - 13.45 | C36: 21 | D36: 3 | E36: 4 | F36: 6 | G36: 0 | H36: 0 | I36: 3 | J36: 0 | K36: 0 | L36: 0 | M36: 63 | N36: 0 | O36: =SUM(C36:L36,N36) -> 37 | P36: =SUM(C36:N36) -> 100
B37: 13.45 - 14.00 | C37: 23 | D37: 6 | E37: 6 | F37: 10 | G37: 0 | H37: 0 | I37: 1 | J37: 0 | K37: 0 | L37: 0 | M37: 68 | N37: 0 | O37: =SUM(C37:L37,N37) -> 46 | P37: =SUM(C37:N37) -> 114
B38: 14.00 - 14.15 | C38: 22 | D38: 2 | E38: 2 | F38: 3 | G38: 0 | H38: 0 | I38: 2 | J38: 2 | K38: 0 | L38: 0 | M38: 54 | N38: 0 | O38: =SUM(C38:L38,N38) -> 33 | P38: =SUM(C38:N38) -> 87
B39: 14.15 - 14.30 | C39: 25 | D39: 2 | E39: 3 | F39: 6 | G39: 0 | H39: 0 | I39: 2 | J39: 0 | K39: 0 | L39: 0 | M39: 60 | N39: 0 | O39: =SUM(C39:L39,N39) -> 38 | P39: =SUM(C39:N39) -> 98
B40: 14.30 - 14.45 | C40: 29 | D40: 4 | E40: 5 | F40: 5 | G40: 0 | H40: 0 | I40: 2 | J40: 0 | K40: 0 | L40: 0 | M40: 52 | N40: 0 | O40: =SUM(C40:L40,N40) -> 45 | P40: =SUM(C40:N40) -> 97
... B57: 18.45 - 19.00 | C57: 25 | D57: 7 | E57: 10 | F57: 11 | G57: 0 | H57: 0 | I57: 3 | J57: 0 | K57: 0 | L57: 0 | M57: 107 | N57: 0 | O57: =SUM(C57:L57,N57) -> 56 | P57: =SUM(C57:N57) -> 163
B58: Totals | C58: =SUM(C10:C57) -> 1837 | D58: =SUM(D10:D57) -> 229 | E58: =SUM(E10:E57) -> 211 | F58: =SUM(F10:F57) -> 546 | G58: =SUM(G10:G57) -> 15 | H58: =SUM(H10:H57) -> 3 | I58: =SUM(I10:I57) -> 107 | J58: =SUM(J10:J57) -> 42 | ... P58: =SUM(P10:P57) -> 7134
B59: %ges + MCs | C59: =C58/$P$58 -> 0.2574993 | D59: =D58/$P$58 -> 0.032099804 | E59: =E58/$P$58 -> 0.029576675 | F59: =F58/$P$58 -> 0.076534903 | G59: =G58/$P$58 -> 0.0021026072 | H59: =H58/$P$58 -> 0.00042052145 | I59: =I58/$P$58 -> 0.014998598 | J59: =J58/$P$58 -> 0.0058873003 | ... N59: =N58/$P$58 -> 0.00014017382
B60: %ges w/o MCs | C60: =C58/$O$58 -> 0.610299 | D60: =D58/$O$58 -> 0.076079734 | E60: =E58/$O$58 -> 0.070099668 | F60: =F58/$O$58 -> 0.18139535 | G60: =G58/$O$58 -> 0.0049833887 | H60: =H58/$O$58 -> 0.00099667774 | I60: =I58/$O$58 -> 0.035548173 | J60: =J58/$O$58 -> 0.013953488 | ... L60: =L58/$O$58 -> 0.00066445183 | N60: =N58/$O$58 -> 0.00033222591

Sheet 25.07 Ndeeba-Nyanama
B1: Consultancy services for Preparation of Expressway Development Master Plan (EDMP) for Uganda
B2: MANUAL CLASSIFIED COUNT (MCC)
B3: ROAD NAME: | C3: ='22.07 Ndeeba-Nyanama'!C3:G3 -> MCC - C1 - STN04 - WERAGA ROAD
C5: Date | D5: 25.07.19 | F5: Location | G5: ='24.07 Nyanama-Ndeeba'!G5:H5 -> Golden Mille Hotel | J5: Surveyor | K5: Steven Dan
C6: Dir. From | D6: ='22.07 Ndeeba-Nyanama'!D6:E6 -> Ndeeba | F6: Dir. To | G6: ='22.07 Ndeeba-Nyanama'!G6:H6 -> Nyanama | J6: Supervisor | K6: ='24.07 Nyanama-Ndeeba'!K6:L6 -> Denis
B8: Time / Veh Type | R8: SUMMARY TRAFFIC VOLUMES
C9: 1. Car | D9: 2. Station Wagon | E9: 3. Pickups | F9: 4. Minibus, matatu | G9: 5. Medium bus | H9: 6. Large Bus | I9: 7. Light Truck | J9: 8. Medium Truck | K9: 9. Heavy truck | L9: 10. Truck Trailer | M9: 11. Motor cycles | N9: 12. Tractors | O9: Total Excl M/Cycles | P9: Total All | R9: Time | S9: 1. Car | T9: 2. Station Wagon | U9: 3. Pickups | V9: 4. Minibus, matatu | W9: 5. Medium bus | X9: 6. Large Bus | Y9: 7. Light Truck | Z9: 8. Medium Truck | AA9: 9. Heavy truck | AB9: 10. Truck Trailer | AC9: 11. Motorcycles | AD9: 12. Tractors, Graders | AE9: Total Excl M/ Cycles | AF9: Total All
B10: 07.00 - 07.15 | C10: 58 | D10: 0 | E10: 0 | F10: 18 | G10: 0 | H10: 0 | I10: 0 | J10: 0 | K10: 0 | L10: 0 | M10: 60 | N10: 0 | O10: =SUM(C10:L10,N10) -> 76 | P10: =SUM(C10:N10) -> 136 | R10: 0700-0800 | S10: =SUM(C10:C13) -> 143 | T10: =SUM(D10:D13) -> 6 | U10: =SUM(E10:E13) -> 7 | V10: =SUM(F10:F13) -> 44 | W10: =SUM(G10:G13) -> 2 | X10: =SUM(H10:H13) -> 0 | Y10: =SUM(I10:I13) -> 3 | Z10: =SUM(J10:J13) -> 1 | ... AF10: =SUM(P10:P13) -> 600
B11: 07.15 - 07.30 | C11: 36 | D11: 0 | E11: 0 | F11: 7 | G11: 0 | H11: 0 | I11: 0 | J11: 0 | K11: 0 | L11: 0 | M11: 73 | N11: 0 | O11: =SUM(C11:L11,N11) -> 43 | P11: =SUM(C11:N11) -> 116 | R11: 0800-0900 | S11: =SUM(C14:C17) -> 125 | T11: =SUM(D14:D17) -> 1 | U11: =SUM(E14:E17) -> 2 | V11: =SUM(F14:F17) -> 37 | W11: =SUM(G14:G17) -> 3 | X11: =SUM(H14:H17) -> 0 | Y11: =SUM(I14:I17) -> 14 | Z11: =SUM(J14:J17) -> 0 | ... AF11: =SUM(P14:P17) -> 573
B12: 07.30 - 07.45 | C12: 33 | D12: 4 | E12: 3 | F12: 8 | G12: 1 | H12: 0 | I12: 1 | J12: 0 | K12: 1 | L12: 0 | M12: 110 | N12: 0 | O12: =SUM(C12:L12,N12) -> 51 | P12: =SUM(C12:N12) -> 161 | R12: 0900-1000 | S12: =SUM(C18:C21) -> 144 | T12: =SUM(D18:D21) -> 0 | U12: =SUM(E18:E21) -> 6 | V12: =SUM(F18:F21) -> 103 | W12: =SUM(G18:G21) -> 1 | X12: =SUM(H18:H21) -> 0 | Y12: =SUM(I18:I21) -> 8 | Z12: =SUM(J18:J21) -> 1 | ... AF12: =SUM(P18:P21) -> 642
B13: 07.45 - 08.00 | C13: 16 | D13: 2 | E13: 4 | F13: 11 | G13: 1 | H13: 0 | I13: 2 | J13: 1 | K13: 0 | L13: 0 | M13: 150 | N13: 0 | O13: =SUM(C13:L13,N13) -> 37 | P13: =SUM(C13:N13) -> 187 | R13: 1000-1100 | S13: =SUM(C22:C25) -> 310 | T13: =SUM(D22:D25) -> 0 | U13: =SUM(E22:E25) -> 8 | V13: =SUM(F22:F25) -> 46 | W13: =SUM(G22:G25) -> 0 | X13: =SUM(H22:H25) -> 0 | Y13: =SUM(I22:I25) -> 9 | Z13: =SUM(J22:J25) -> 3 | ... AF13: =SUM(P22:P25) -> 692
B14: 08.00 - 08.15 | C14: 25 | D14: 0 | E14: 0 | F14: 14 | G14: 0 | H14: 0 | I14: 5 | J14: 0 | K14: 0 | L14: 1 | M14: 90 | N14: 0 | O14: =SUM(C14:L14,N14) -> 45 | P14: =SUM(C14:N14) -> 135 | R14: 1100-1200 | S14: =SUM(C26:C29) -> 287 | T14: =SUM(D26:D29) -> 2 | U14: =SUM(E26:E29) -> 18 | V14: =SUM(F26:F29) -> 62 | W14: =SUM(G26:G29) -> 4 | X14: =SUM(H26:H29) -> 0 | Y14: =SUM(I26:I29) -> 15 | Z14: =SUM(J26:J29) -> 3 | ... AF14: =SUM(P26:P29) -> 667
B15: 08.15 - 08.30 | C15: 33 | D15: 1 | E15: 1 | F15: 7 | G15: 0 | H15: 0 | I15: 0 | J15: 0 | K15: 0 | L15: 0 | M15: 98 | N15: 0 | O15: =SUM(C15:L15,N15) -> 42 | P15: =SUM(C15:N15) -> 140 | R15: 1200-1300 | S15: =SUM(C30:C33) -> 264 | T15: =SUM(D30:D33) -> 3 | U15: =SUM(E30:E33) -> 5 | V15: =SUM(F30:F33) -> 42 | W15: =SUM(G30:G33) -> 1 | X15: =SUM(H30:H33) -> 0 | Y15: =SUM(I30:I33) -> 14 | Z15: =SUM(J30:J33) -> 0 | ... AF15: =SUM(P30:P33) -> 648
B16: 08.30 - 08.45 | C16: 17 | D16: 0 | E16: 0 | F16: 9 | G16: 2 | H16: 0 | I16: 7 | J16: 0 | K16: 0 | L16: 0 | M16: 110 | N16: 0 | O16: =SUM(C16:L16,N16) -> 35 | P16: =SUM(C16:N16) -> 145 | R16: 1300-1400 | S16: =SUM(C34:C37) -> 245 | T16: =SUM(D34:D37) -> 3 | U16: =SUM(E34:E37) -> 9 | V16: =SUM(F34:F37) -> 22 | W16: =SUM(G34:G37) -> 1 | X16: =SUM(H34:H37) -> 0 | Y16: =SUM(I34:I37) -> 12 | Z16: =SUM(J34:J37) -> 3 | ... AF16: =SUM(P34:P37) -> 596
B17: 08.45 - 9.00 | C17: 50 | D17: 0 | E17: 1 | F17: 7 | G17: 1 | H17: 0 | I17: 2 | J17: 0 | K17: 0 | L17: 0 | M17: 92 | N17: 0 | O17: =SUM(C17:L17,N17) -> 61 | P17: =SUM(C17:N17) -> 153 | R17: 1400-1500 | S17: =SUM(C38:C41) -> 200 | T17: =SUM(D38:D41) -> 8 | U17: =SUM(E38:E41) -> 11 | V17: =SUM(F38:F41) -> 44 | W17: =SUM(G38:G41) -> 0 | X17: =SUM(H38:H41) -> 0 | Y17: =SUM(I38:I41) -> 9 | Z17: =SUM(J38:J41) -> 3 | ... AF17: =SUM(P38:P41) -> 490
B18: 09.00 - 09.15 | C18: 17 | D18: 0 | E18: 1 | F18: 15 | G18: 0 | H18: 0 | I18: 4 | J18: 0 | K18: 0 | L18: 0 | M18: 120 | N18: 0 | O18: =SUM(C18:L18,N18) -> 37 | P18: =SUM(C18:N18) -> 157 | R18: 1500-1600 | S18: =SUM(C42:C45) -> 253 | T18: =SUM(D42:D45) -> 6 | U18: =SUM(E42:E45) -> 14 | V18: =SUM(F42:F45) -> 113 | W18: =SUM(G42:G45) -> 1 | X18: =SUM(H42:H45) -> 0 | Y18: =SUM(I42:I45) -> 21 | Z18: =SUM(J42:J45) -> 7 | ... AF18: =SUM(P42:P45) -> 650
B19: 09.15 - 09.30 | C19: 33 | D19: 0 | E19: 0 | F19: 12 | G19: 1 | H19: 0 | I19: 0 | J19: 1 | K19: 0 | L19: 0 | M19: 85 | N19: 0 | O19: =SUM(C19:L19,N19) -> 47 | P19: =SUM(C19:N19) -> 132 | R19: 1600-1700 | S19: =SUM(C46:C49) -> 358 | T19: =SUM(D46:D49) -> 11 | U19: =SUM(E46:E49) -> 24 | V19: =SUM(F46:F49) -> 169 | W19: =SUM(G46:G49) -> 1 | X19: =SUM(H46:H49) -> 0 | Y19: =SUM(I46:I49) -> 17 | Z19: =SUM(J46:J49) -> 3 | ... AF19: =SUM(P46:P49) -> 1050
B20: 09.30 - 09.45 | C20: 54 | D20: 0 | E20: 3 | F20: 37 | G20: 0 | H20: 0 | I20: 4 | J20: 0 | K20: 1 | L20: 1 | M20: 90 | N20: 0 | O20: =SUM(C20:L20,N20) -> 100 | P20: =SUM(C20:N20) -> 190 | R20: 1700-1800 | S20: =SUM(C50:C53) -> 386 | T20: =SUM(D50:D53) -> 12 | U20: =SUM(E50:E53) -> 16 | V20: =SUM(F50:F53) -> 259 | W20: =SUM(G50:G53) -> 1 | X20: =SUM(H50:H53) -> 0 | Y20: =SUM(I50:I53) -> 17 | Z20: =SUM(J50:J53) -> 0 | ... AF20: =SUM(P50:P53) -> 1072
B21: 09.45 - 10.00 | C21: 40 | D21: 0 | E21: 2 | F21: 39 | G21: 0 | H21: 0 | I21: 0 | J21: 0 | K21: 0 | L21: 0 | M21: 82 | N21: 0 | O21: =SUM(C21:L21,N21) -> 81 | P21: =SUM(C21:N21) -> 163 | R21: 1800-1900 | S21: =SUM(C54:C57) -> 368 | T21: =SUM(D54:D57) -> 5 | U21: =SUM(E54:E57) -> 12 | V21: =SUM(F54:F57) -> 207 | W21: =SUM(G54:G57) -> 3 | X21: =SUM(H54:H57) -> 0 | Y21: =SUM(I54:I57) -> 21 | Z21: =SUM(J54:J57) -> 7 | ... AF21: =SUM(P54:P57) -> 958
B22: 10.00 - 10.15 | C22: 90 | D22: 0 | E22: 2 | F22: 13 | G22: 0 | H22: 0 | I22: 0 | J22: 0 | K22: 0 | L22: 0 | M22: 80 | N22: 0 | O22: =SUM(C22:L22,N22) -> 105 | P22: =SUM(C22:N22) -> 185 | R22: AM Peak Hr | S22: =MAX(S10:S12) -> 144 | T22: =MAX(T10:T12) -> 6 | U22: =MAX(U10:U12) -> 7 | V22: =MAX(V10:V12) -> 103 | W22: =MAX(W10:W12) -> 3 | X22: =MAX(X10:X12) -> 0 | Y22: =MAX(Y10:Y12) -> 14 | Z22: =MAX(Z10:Z12) -> 1 | ... AF22: =MAX(AF10:AF12) -> 642
B23: 10.15 - 10.30 | C23: 70 | D23: 0 | E23: 3 | F23: 4 | G23: 0 | H23: 0 | I23: 3 | J23: 0 | K23: 0 | L23: 0 | M23: 95 | N23: 0 | O23: =SUM(C23:L23,N23) -> 80 | P23: =SUM(C23:N23) -> 175 | R23: IP Peak Hr | S23: =MAX(S13:S18) -> 310 | T23: =MAX(T13:T18) -> 8 | U23: =MAX(U13:U18) -> 18 | V23: =MAX(V13:V18) -> 113 | W23: =MAX(W13:W18) -> 4 | X23: =MAX(X13:X18) -> 0 | Y23: =MAX(Y13:Y18) -> 21 | Z23: =MAX(Z13:Z18) -> 7 | ... AF23: =MAX(AF13:AF18) -> 692
B24: 10.30 - 10.45 | C24: 85 | D24: 0 | E24: 2 | F24: 16 | G24: 0 | H24: 0 | I24: 6 | J24: 0 | K24: 0 | L24: 0 | M24: 80 | N24: 0 | O24: =SUM(C24:L24,N24) -> 109 | P24: =SUM(C24:N24) -> 189 | R24: PM Peak Hr | S24: =MAX(S19:S21) -> 386 | T24: =MAX(T19:T21) -> 12 | U24: =MAX(U19:U21) -> 24 | V24: =MAX(V19:V21) -> 259 | W24: =MAX(W19:W21) -> 3 | X24: =MAX(X19:X21) -> 0 | Y24: =MAX(Y19:Y21) -> 21 | Z24: =MAX(Z19:Z21) -> 7 | ... AF24: =MAX(AF19:AF21) -> 1072
B25: 10.45 - 11.00 | C25: 65 | D25: 0 | E25: 1 | F25: 13 | G25: 0 | H25: 0 | I25: 0 | J25: 3 | K25: 0 | L25: 1 | M25: 60 | N25: 0 | O25: =SUM(C25:L25,N25) -> 83 | P25: =SUM(C25:N25) -> 143 | R25: AM Period | S25: =SUM(S10:S12) -> 412 | T25: =SUM(T10:T12) -> 7 | U25: =SUM(U10:U12) -> 15 | V25: =SUM(V10:V12) -> 184 | W25: =SUM(W10:W12) -> 6 | X25: =SUM(X10:X12) -> 0 | Y25: =SUM(Y10:Y12) -> 25 | Z25: =SUM(Z10:Z12) -> 2 | ... AF25: =SUM(AF10:AF12) -> 1815
B26: 11.00 - 11.15 | C26: 90 | D26: 0 | E26: 2 | F26: 12 | G26: 2 | H26: 0 | I26: 7 | J26: 0 | K26: 0 | L26: 1 | M26: 60 | N26: 1 | O26: =SUM(C26:L26,N26) -> 115 | P26: =SUM(C26:N26) -> 175 | R26: IP Period | S26: =SUM(S13:S18) -> 1559 | T26: =SUM(T13:T18) -> 22 | U26: =SUM(U13:U18) -> 65 | V26: =SUM(V13:V18) -> 329 | W26: =SUM(W13:W18) -> 7 | X26: =SUM(X13:X18) -> 0 | Y26: =SUM(Y13:Y18) -> 80 | Z26: =SUM(Z13:Z18) -> 19 | ... AF26: =SUM(AF13:AF18) -> 3743
B27: 11.15 - 11.30 | C27: 50 | D27: 1 | E27: 1 | F27: 4 | G27: 0 | H27: 0 | I27: 5 | J27: 3 | K27: 0 | L27: 0 | M27: 75 | N27: 0 | O27: =SUM(C27:L27,N27) -> 64 | P27: =SUM(C27:N27) -> 139 | R27: PM Period | S27: =SUM(S19:S21) -> 1112 | T27: =SUM(T19:T21) -> 28 | U27: =SUM(U19:U21) -> 52 | V27: =SUM(V19:V21) -> 635 | W27: =SUM(W19:W21) -> 5 | X27: =SUM(X19:X21) -> 0 | Y27: =SUM(Y19:Y21) -> 55 | Z27: =SUM(Z19:Z21) -> 10 | ... AF27: =SUM(AF19:AF21) -> 3080
B28: 11.30 - 11.45 | C28: 80 | D28: 0 | E28: 4 | F28: 40 | G28: 1 | H28: 0 | I28: 3 | J28: 0 | K28: 1 | L28: 0 | M28: 88 | N28: 0 | O28: =SUM(C28:L28,N28) -> 129 | P28: =SUM(C28:N28) -> 217 | R28: 12 Hours | S28: =SUM(S10:S21) -> 3083 | T28: =SUM(T10:T21) -> 57 | U28: =SUM(U10:U21) -> 132 | V28: =SUM(V10:V21) -> 1148 | W28: =SUM(W10:W21) -> 18 | X28: =SUM(X10:X21) -> 0 | Y28: =SUM(Y10:Y21) -> 160 | Z28: =SUM(Z10:Z21) -> 31 | ... AF28: =SUM(AF10:AF21) -> 8638
B29: 11.45 - 12.00 | C29: 67 | D29: 1 | E29: 11 | F29: 6 | G29: 1 | H29: 0 | I29: 0 | J29: 0 | K29: 2 | L29: 1 | M29: 47 | N29: 0 | O29: =SUM(C29:L29,N29) -> 89 | P29: =SUM(C29:N29) -> 136
B30: 12.00 - 12.15 | C30: 45 | D30: 2 | E30: 1 | F30: 5 | G30: 0 | H30: 0 | I30: 1 | J30: 0 | K30: 0 | L30: 0 | M30: 70 | N30: 0 | O30: =SUM(C30:L30,N30) -> 54 | P30: =SUM(C30:N30) -> 124
B31: 12.15 - 12.30 | C31: 60 | D31: 0 | E31: 0 | F31: 23 | G31: 0 | H31: 0 | I31: 3 | J31: 0 | K31: 1 | L31: 0 | M31: 100 | N31: 0 | O31: =SUM(C31:L31,N31) -> 87 | P31: =SUM(C31:N31) -> 187
B32: 12.30 - 12.45 | C32: 85 | D32: 0 | E32: 3 | F32: 10 | G32: 0 | H32: 0 | I32: 8 | J32: 0 | K32: 0 | L32: 2 | M32: 93 | N32: 0 | O32: =SUM(C32:L32,N32) -> 108 | P32: =SUM(C32:N32) -> 201
B33: 12.45 - 13.00 | C33: 74 | D33: 1 | E33: 1 | F33: 4 | G33: 1 | H33: 0 | I33: 2 | J33: 0 | K33: 1 | L33: 2 | M33: 50 | N33: 0 | O33: =SUM(C33:L33,N33) -> 86 | P33: =SUM(C33:N33) -> 136
B34: 13.00 - 13.15 | C34: 80 | D34: 0 | E34: 2 | F34: 11 | G34: 1 | H34: 0 | I34: 0 | J34: 1 | K34: 0 | L34: 0 | M34: 70 | N34: 0 | O34: =SUM(C34:L34,N34) -> 95 | P34: =SUM(C34:N34) -> 165
B35: 13.15 - 13.30 | C35: 55 | D35: 1 | E35: 0 | F35: 3 | G35: 0 | H35: 0 | I35: 4 | J35: 2 | K35: 0 | L35: 3 | M35: 90 | N35: 0 | O35: =SUM(C35:L35,N35) -> 68 | P35: =SUM(C35:N35) -> 158
B36: 13.30 - 13.45 | C36: 60 | D36: 2 | E36: 4 | F36: 5 | G36: 0 | H36: 0 | I36: 3 | J36: 0 | K36: 0 | L36: 0 | M36: 80 | N36: 0 | O36: =SUM(C36:L36,N36) -> 74 | P36: =SUM(C36:N36) -> 154
B37: 13.45 - 14.00 | C37: 50 | D37: 0 | E37: 3 | F37: 3 | G37: 0 | H37: 0 | I37: 5 | J37: 0 | K37: 1 | L37: 0 | M37: 57 | N37: 0 | O37: =SUM(C37:L37,N37) -> 62 | P37: =SUM(C37:N37) -> 119
B38: 14.00 - 14.15 | C38: 43 | D38: 1 | E38: 3 | F38: 4 | G38: 0 | H38: 0 | I38: 4 | J38: 0 | K38: 1 | L38: 0 | M38: 39 | N38: 1 | O38: =SUM(C38:L38,N38) -> 57 | P38: =SUM(C38:N38) -> 96
B39: 14.15 - 14.30 | C39: 80 | D39: 1 | E39: 4 | F39: 8 | G39: 0 | H39: 0 | I39: 3 | J39: 0 | K39: 1 | L39: 0 | M39: 48 | N39: 0 | O39: =SUM(C39:L39,N39) -> 97 | P39: =SUM(C39:N39) -> 145
B40: 14.30 - 14.45 | C40: 45 | D40: 2 | E40: 3 | F40: 12 | G40: 0 | H40: 0 | I40: 2 | J40: 1 | K40: 0 | L40: 0 | M40: 65 | N40: 0 | O40: =SUM(C40:L40,N40) -> 65 | P40: =SUM(C40:N40) -> 130
... B57: 18.45 - 19.00 | C57: 93 | D57: 0 | E57: 3 | F57: 0 | G57: 2 | H57: 0 | I57: 3 | J57: 1 | K57: 0 | L57: 0 | M57: 68 | N57: 0 | O57: =SUM(C57:L57,N57) -> 102 | P57: =SUM(C57:N57) -> 170
B58: Totals | C58: =SUM(C10:C57) -> 3083 | D58: =SUM(D10:D57) -> 57 | E58: =SUM(E10:E57) -> 132 | F58: =SUM(F10:F57) -> 1148 | G58: =SUM(G10:G57) -> 18 | H58: =SUM(H10:H57) -> 0 | I58: =SUM(I10:I57) -> 160 | J58: =SUM(J10:J57) -> 31 | ... P58: =SUM(P10:P57) -> 8638
B59: %ges + MCs | C59: =C58/$P$58 -> 0.35691132 | D59: =D58/$P$58 -> 0.0065987497 | E59: =E58/$P$58 -> 0.015281315 | F59: =F58/$P$58 -> 0.13290113 | G59: =G58/$P$58 -> 0.0020838157 | H59: =H58/$P$58 -> 0 | I59: =I58/$P$58 -> 0.018522806 | J59: =J58/$P$58 -> 0.0035887937 | ... N59: =N58/$P$58 -> 0.00023153508
B60: %ges w/o MCs | C60: =C58/$O$58 -> 0.66045416 | D60: =D58/$O$58 -> 0.012210797 | E60: =E58/$O$58 -> 0.028277635 | F60: =F58/$O$58 -> 0.24592973 | G60: =G58/$O$58 -> 0.0038560411 | H60: =H58/$O$58 -> 0 | I60: =I58/$O$58 -> 0.034275921 | J60: =J58/$O$58 -> 0.0066409597 | ... L60: =L58/$O$58 -> 0.0051413882 | N60: =N58/$O$58 -> 0.00042844901

Sheet 25.07 Nyanama-Ndeeba
B1: Consultancy services for Preparation of Expressway Development Master Plan (EDMP) for Uganda
B2: MANUAL CLASSIFIED COUNT (MCC)
B3: ROAD NAME: | C3: ='22.07 Nyanama-Ndeeba'!C3:G3 -> MCC - C1 - STN04 - WERAGA ROAD
C5: Date | D5: ='25.07 Ndeeba-Nyanama'!D5 -> 25.07.19 | F5: Location | G5: ='25.07 Ndeeba-Nyanama'!G5:H5 -> Golden Mille Hotel | J5: Surveyor | K5: Walter
C6: Dir. From | D6: ='22.07 Nyanama-Ndeeba'!D6:E6 -> Nyanama | F6: Dir. To | G6: ='22.07 Nyanama-Ndeeba'!G6:H6 -> Ndeeba | J6: Supervisor | K6: ='25.07 Ndeeba-Nyanama'!K6:L6 -> Denis
B8: Time / Veh Type | R8: SUMMARY TRAFFIC VOLUMES
C9: 1. Car | D9: 2. Station Wagon | E9: 3. Pickups | F9: 4. Minibus, matatu | G9: 5. Medium bus | H9: 6. Large Bus | I9: 7. Light Truck | J9: 8. Medium Truck | K9: 9. Heavy truck | L9: 10. Truck Trailer | M9: 11. Motor cycles | N9: 12. Tractors | O9: Total Excl M/Cycles | P9: Total All | R9: Time | S9: 1. Car | T9: 2. Station Wagon | U9: 3. Pickups | V9: 4. Minibus, matatu | W9: 5. Medium bus | X9: 6. Large Bus | Y9: 7. Light Truck | Z9: 8. Medium Truck | AA9: 9. Heavy truck | AB9: 10. Truck Trailer | AC9: 11. Motorcycles | AD9: 12. Tractors, Graders | AE9: Total Excl M/ Cycles | AF9: Total All
B10: 07.00 - 07.15 | C10: 55 | D10: 0 | E10: 0 | F10: 34 | G10: 0 | H10: 0 | I10: 4 | J10: 0 | K10: 0 | L10: 0 | M10: 112 | N10: 0 | O10: =SUM(C10:L10,N10) -> 93 | P10: =SUM(C10:N10) -> 205 | R10: 0700-0800 | S10: =SUM(C10:C13) -> 262 | T10: =SUM(D10:D13) -> 21 | U10: =SUM(E10:E13) -> 13 | V10: =SUM(F10:F13) -> 121 | W10: =SUM(G10:G13) -> 5 | X10: =SUM(H10:H13) -> 0 | Y10: =SUM(I10:I13) -> 10 | Z10: =SUM(J10:J13) -> 1 | ... AF10: =SUM(P10:P13) -> 922
B11: 07.15 - 07.30 | C11: 64 | D11: 6 | E11: 4 | F11: 29 | G11: 1 | H11: 0 | I11: 1 | J11: 0 | K11: 5 | L11: 0 | M11: 115 | N11: 0 | O11: =SUM(C11:L11,N11) -> 110 | P11: =SUM(C11:N11) -> 225 | R11: 0800-0900 | S11: =SUM(C14:C17) -> 221 | T11: =SUM(D14:D17) -> 43 | U11: =SUM(E14:E17) -> 22 | V11: =SUM(F14:F17) -> 75 | W11: =SUM(G14:G17) -> 2 | X11: =SUM(H14:H17) -> 0 | Y11: =SUM(I14:I17) -> 10 | Z11: =SUM(J14:J17) -> 3 | ... AF11: =SUM(P14:P17) -> 817
B12: 07.30 - 07.45 | C12: 63 | D12: 7 | E12: 7 | F12: 31 | G12: 0 | H12: 0 | I12: 3 | J12: 0 | K12: 2 | L12: 0 | M12: 122 | N12: 0 | O12: =SUM(C12:L12,N12) -> 113 | P12: =SUM(C12:N12) -> 235 | R12: 0900-1000 | S12: =SUM(C18:C21) -> 208 | T12: =SUM(D18:D21) -> 28 | U12: =SUM(E18:E21) -> 21 | V12: =SUM(F18:F21) -> 48 | W12: =SUM(G18:G21) -> 1 | X12: =SUM(H18:H21) -> 0 | Y12: =SUM(I18:I21) -> 13 | Z12: =SUM(J18:J21) -> 9 | ... AF12: =SUM(P18:P21) -> 721
B13: 07.45 - 08.00 | C13: 80 | D13: 8 | E13: 2 | F13: 27 | G13: 4 | H13: 0 | I13: 2 | J13: 1 | K13: 0 | L13: 0 | M13: 133 | N13: 0 | O13: =SUM(C13:L13,N13) -> 124 | P13: =SUM(C13:N13) -> 257 | R13: 1000-1100 | S13: =SUM(C22:C25) -> 176 | T13: =SUM(D22:D25) -> 19 | U13: =SUM(E22:E25) -> 8 | V13: =SUM(F22:F25) -> 25 | W13: =SUM(G22:G25) -> 4 | X13: =SUM(H22:H25) -> 0 | Y13: =SUM(I22:I25) -> 14 | Z13: =SUM(J22:J25) -> 5 | ... AF13: =SUM(P22:P25) -> 619
B14: 08.00 - 08.15 | C14: 53 | D14: 21 | E14: 8 | F14: 24 | G14: 1 | H14: 0 | I14: 4 | J14: 1 | K14: 0 | L14: 0 | M14: 115 | N14: 0 | O14: =SUM(C14:L14,N14) -> 112 | P14: =SUM(C14:N14) -> 227 | R14: 1100-1200 | S14: =SUM(C26:C29) -> 119 | T14: =SUM(D26:D29) -> 19 | U14: =SUM(E26:E29) -> 12 | V14: =SUM(F26:F29) -> 29 | W14: =SUM(G26:G29) -> 2 | X14: =SUM(H26:H29) -> 0 | Y14: =SUM(I26:I29) -> 14 | Z14: =SUM(J26:J29) -> 6 | ... AF14: =SUM(P26:P29) -> 500
B15: 08.15 - 08.30 | C15: 55 | D15: 10 | E15: 6 | F15: 20 | G15: 0 | H15: 0 | I15: 3 | J15: 0 | K15: 0 | L15: 0 | M15: 113 | N15: 0 | O15: =SUM(C15:L15,N15) -> 94 | P15: =SUM(C15:N15) -> 207 | R15: 1200-1300 | S15: =SUM(C30:C33) -> 118 | T15: =SUM(D30:D33) -> 16 | U15: =SUM(E30:E33) -> 10 | V15: =SUM(F30:F33) -> 21 | W15: =SUM(G30:G33) -> 0 | X15: =SUM(H30:H33) -> 4 | Y15: =SUM(I30:I33) -> 10 | Z15: =SUM(J30:J33) -> 6 | ... AF15: =SUM(P30:P33) -> 480
B16: 08.30 - 08.45 | C16: 56 | D16: 7 | E16: 5 | F16: 15 | G16: 1 | H16: 0 | I16: 1 | J16: 0 | K16: 0 | L16: 0 | M16: 123 | N16: 0 | O16: =SUM(C16:L16,N16) -> 85 | P16: =SUM(C16:N16) -> 208 | R16: 1300-1400 | S16: =SUM(C34:C37) -> 96 | T16: =SUM(D34:D37) -> 14 | U16: =SUM(E34:E37) -> 16 | V16: =SUM(F34:F37) -> 25 | W16: =SUM(G34:G37) -> 0 | X16: =SUM(H34:H37) -> 0 | Y16: =SUM(I34:I37) -> 8 | Z16: =SUM(J34:J37) -> 7 | ... AF16: =SUM(P34:P37) -> 408
B17: 08.45 - 9.00 | C17: 57 | D17: 5 | E17: 3 | F17: 16 | G17: 0 | H17: 0 | I17: 2 | J17: 2 | K17: 0 | L17: 0 | M17: 90 | N17: 0 | O17: =SUM(C17:L17,N17) -> 85 | P17: =SUM(C17:N17) -> 175 | R17: 1400-1500 | S17: =SUM(C38:C41) -> 99 | T17: =SUM(D38:D41) -> 11 | U17: =SUM(E38:E41) -> 14 | V17: =SUM(F38:F41) -> 32 | W17: =SUM(G38:G41) -> 3 | X17: =SUM(H38:H41) -> 0 | Y17: =SUM(I38:I41) -> 9 | Z17: =SUM(J38:J41) -> 8 | ... AF17: =SUM(P38:P41) -> 408
B18: 09.00 - 09.15 | C18: 50 | D18: 4 | E18: 2 | F18: 16 | G18: 1 | H18: 0 | I18: 3 | J18: 1 | K18: 0 | L18: 0 | M18: 98 | N18: 0 | O18: =SUM(C18:L18,N18) -> 77 | P18: =SUM(C18:N18) -> 175 | R18: 1500-1600 | S18: =SUM(C42:C45) -> 108 | T18: =SUM(D42:D45) -> 16 | U18: =SUM(E42:E45) -> 15 | V18: =SUM(F42:F45) -> 23 | W18: =SUM(G42:G45) -> 0 | X18: =SUM(H42:H45) -> 0 | Y18: =SUM(I42:I45) -> 8 | Z18: =SUM(J42:J45) -> 5 | ... AF18: =SUM(P42:P45) -> 428
B19: 09.15 - 09.30 | C19: 59 | D19: 8 | E19: 8 | F19: 9 | G19: 0 | H19: 0 | I19: 5 | J19: 3 | K19: 0 | L19: 0 | M19: 101 | N19: 0 | O19: =SUM(C19:L19,N19) -> 92 | P19: =SUM(C19:N19) -> 193 | R19: 1600-1700 | S19: =SUM(C46:C49) -> 105 | T19: =SUM(D46:D49) -> 17 | U19: =SUM(E46:E49) -> 15 | V19: =SUM(F46:F49) -> 29 | W19: =SUM(G46:G49) -> 1 | X19: =SUM(H46:H49) -> 0 | Y19: =SUM(I46:I49) -> 16 | Z19: =SUM(J46:J49) -> 2 | ... AF19: =SUM(P46:P49) -> 443
B20: 09.30 - 09.45 | C20: 58 | D20: 4 | E20: 5 | F20: 12 | G20: 0 | H20: 0 | I20: 3 | J20: 2 | K20: 0 | L20: 0 | M20: 96 | N20: 0 | O20: =SUM(C20:L20,N20) -> 84 | P20: =SUM(C20:N20) -> 180 | R20: 1700-1800 | S20: =SUM(C50:C53) -> 111 | T20: =SUM(D50:D53) -> 14 | U20: =SUM(E50:E53) -> 12 | V20: =SUM(F50:F53) -> 26 | W20: =SUM(G50:G53) -> 3 | X20: =SUM(H50:H53) -> 1 | Y20: =SUM(I50:I53) -> 7 | Z20: =SUM(J50:J53) -> 5 | ... AF20: =SUM(P50:P53) -> 469
B21: 09.45 - 10.00 | C21: 41 | D21: 12 | E21: 6 | F21: 11 | G21: 0 | H21: 0 | I21: 2 | J21: 3 | K21: 0 | L21: 0 | M21: 98 | N21: 0 | O21: =SUM(C21:L21,N21) -> 75 | P21: =SUM(C21:N21) -> 173 | R21: 1800-1900 | S21: =SUM(C54:C57) -> 151 | T21: =SUM(D54:D57) -> 11 | U21: =SUM(E54:E57) -> 5 | V21: =SUM(F54:F57) -> 37 | W21: =SUM(G54:G57) -> 1 | X21: =SUM(H54:H57) -> 1 | Y21: =SUM(I54:I57) -> 5 | Z21: =SUM(J54:J57) -> 3 | ... AF21: =SUM(P54:P57) -> 592
B22: 10.00 - 10.15 | C22: 52 | D22: 3 | E22: 3 | F22: 6 | G22: 2 | H22: 0 | I22: 1 | J22: 0 | K22: 0 | L22: 0 | M22: 103 | N22: 0 | O22: =SUM(C22:L22,N22) -> 67 | P22: =SUM(C22:N22) -> 170 | R22: AM Peak Hr | S22: =MAX(S10:S12) -> 262 | T22: =MAX(T10:T12) -> 43 | U22: =MAX(U10:U12) -> 22 | V22: =MAX(V10:V12) -> 121 | W22: =MAX(W10:W12) -> 5 | X22: =MAX(X10:X12) -> 0 | Y22: =MAX(Y10:Y12) -> 13 | Z22: =MAX(Z10:Z12) -> 9 | ... AF22: =MAX(AF10:AF12) -> 922
B23: 10.15 - 10.30 | C23: 47 | D23: 4 | E23: 1 | F23: 7 | G23: 1 | H23: 0 | I23: 5 | J23: 2 | K23: 0 | L23: 0 | M23: 87 | N23: 0 | O23: =SUM(C23:L23,N23) -> 67 | P23: =SUM(C23:N23) -> 154 | R23: IP Peak Hr | S23: =MAX(S13:S18) -> 176 | T23: =MAX(T13:T18) -> 19 | U23: =MAX(U13:U18) -> 16 | V23: =MAX(V13:V18) -> 32 | W23: =MAX(W13:W18) -> 4 | X23: =MAX(X13:X18) -> 4 | Y23: =MAX(Y13:Y18) -> 14 | Z23: =MAX(Z13:Z18) -> 8 | ... AF23: =MAX(AF13:AF18) -> 619
B24: 10.30 - 10.45 | C24: 39 | D24: 9 | E24: 2 | F24: 7 | G24: 1 | H24: 0 | I24: 2 | J24: 2 | K24: 0 | L24: 0 | M24: 95 | N24: 0 | O24: =SUM(C24:L24,N24) -> 62 | P24: =SUM(C24:N24) -> 157 | R24: PM Peak Hr | S24: =MAX(S19:S21) -> 151 | T24: =MAX(T19:T21) -> 17 | U24: =MAX(U19:U21) -> 15 | V24: =MAX(V19:V21) -> 37 | W24: =MAX(W19:W21) -> 3 | X24: =MAX(X19:X21) -> 1 | Y24: =MAX(Y19:Y21) -> 16 | Z24: =MAX(Z19:Z21) -> 5 | ... AF24: =MAX(AF19:AF21) -> 592
B25: 10.45 - 11.00 | C25: 38 | D25: 3 | E25: 2 | F25: 5 | G25: 0 | H25: 0 | I25: 6 | J25: 1 | K25: 0 | L25: 0 | M25: 83 | N25: 0 | O25: =SUM(C25:L25,N25) -> 55 | P25: =SUM(C25:N25) -> 138 | R25: AM Period | S25: =SUM(S10:S12) -> 691 | T25: =SUM(T10:T12) -> 92 | U25: =SUM(U10:U12) -> 56 | V25: =SUM(V10:V12) -> 244 | W25: =SUM(W10:W12) -> 8 | X25: =SUM(X10:X12) -> 0 | Y25: =SUM(Y10:Y12) -> 33 | Z25: =SUM(Z10:Z12) -> 13 | ... AF25: =SUM(AF10:AF12) -> 2460
B26: 11.00 - 11.15 | C26: 23 | D26: 3 | E26: 4 | F26: 12 | G26: 1 | H26: 0 | I26: 5 | J26: 2 | K26: 0 | L26: 0 | M26: 86 | N26: 0 | O26: =SUM(C26:L26,N26) -> 50 | P26: =SUM(C26:N26) -> 136 | R26: IP Period | S26: =SUM(S13:S18) -> 716 | T26: =SUM(T13:T18) -> 95 | U26: =SUM(U13:U18) -> 75 | V26: =SUM(V13:V18) -> 155 | W26: =SUM(W13:W18) -> 9 | X26: =SUM(X13:X18) -> 4 | Y26: =SUM(Y13:Y18) -> 63 | Z26: =SUM(Z13:Z18) -> 37 | ... AF26: =SUM(AF13:AF18) -> 2843
B27: 11.15 - 11.30 | C27: 32 | D27: 3 | E27: 1 | F27: 6 | G27: 1 | H27: 0 | I27: 5 | J27: 0 | K27: 0 | L27: 0 | M27: 63 | N27: 0 | O27: =SUM(C27:L27,N27) -> 48 | P27: =SUM(C27:N27) -> 111 | R27: PM Period | S27: =SUM(S19:S21) -> 367 | T27: =SUM(T19:T21) -> 42 | U27: =SUM(U19:U21) -> 32 | V27: =SUM(V19:V21) -> 92 | W27: =SUM(W19:W21) -> 5 | X27: =SUM(X19:X21) -> 2 | Y27: =SUM(Y19:Y21) -> 28 | Z27: =SUM(Z19:Z21) -> 10 | ... AF27: =SUM(AF19:AF21) -> 1504
B28: 11.30 - 11.45 | C28: 29 | D28: 7 | E28: 3 | F28: 7 | G28: 0 | H28: 0 | I28: 3 | J28: 2 | K28: 0 | L28: 0 | M28: 73 | N28: 0 | O28: =SUM(C28:L28,N28) -> 51 | P28: =SUM(C28:N28) -> 124 | R28: 12 Hours | S28: =SUM(S10:S21) -> 1774 | T28: =SUM(T10:T21) -> 229 | U28: =SUM(U10:U21) -> 163 | V28: =SUM(V10:V21) -> 491 | W28: =SUM(W10:W21) -> 22 | X28: =SUM(X10:X21) -> 6 | Y28: =SUM(Y10:Y21) -> 124 | Z28: =SUM(Z10:Z21) -> 60 | ... AF28: =SUM(AF10:AF21) -> 6807
B29: 11.45 - 12.00 | C29: 35 | D29: 6 | E29: 4 | F29: 4 | G29: 0 | H29: 0 | I29: 1 | J29: 2 | K29: 0 | L29: 0 | M29: 77 | N29: 0 | O29: =SUM(C29:L29,N29) -> 52 | P29: =SUM(C29:N29) -> 129
B30: 12.00 - 12.15 | C30: 34 | D30: 8 | E30: 2 | F30: 5 | G30: 0 | H30: 0 | I30: 2 | J30: 1 | K30: 0 | L30: 0 | M30: 82 | N30: 0 | O30: =SUM(C30:L30,N30) -> 52 | P30: =SUM(C30:N30) -> 134
B31: 12.15 - 12.30 | C31: 31 | D31: 4 | E31: 3 | F31: 10 | G31: 0 | H31: 0 | I31: 3 | J31: 2 | K31: 0 | L31: 0 | M31: 74 | N31: 0 | O31: =SUM(C31:L31,N31) -> 53 | P31: =SUM(C31:N31) -> 127
B32: 12.30 - 12.45 | C32: 29 | D32: 4 | E32: 3 | F32: 3 | G32: 0 | H32: 4 | I32: 2 | J32: 1 | K32: 0 | L32: 0 | M32: 75 | N32: 0 | O32: =SUM(C32:L32,N32) -> 46 | P32: =SUM(C32:N32) -> 121
B33: 12.45 - 13.00 | C33: 24 | D33: 0 | E33: 2 | F33: 3 | G33: 0 | H33: 0 | I33: 3 | J33: 2 | K33: 0 | L33: 0 | M33: 64 | N33: 0 | O33: =SUM(C33:L33,N33) -> 34 | P33: =SUM(C33:N33) -> 98
B34: 13.00 - 13.15 | C34: 23 | D34: 4 | E34: 3 | F34: 4 | G34: 0 | H34: 0 | I34: 3 | J34: 2 | K34: 0 | L34: 0 | M34: 61 | N34: 0 | O34: =SUM(C34:L34,N34) -> 39 | P34: =SUM(C34:N34) -> 100
B35: 13.15 - 13.30 | C35: 26 | D35: 4 | E35: 3 | F35: 6 | G35: 0 | H35: 0 | I35: 1 | J35: 2 | K35: 1 | L35: 0 | M35: 54 | N35: 0 | O35: =SUM(C35:L35,N35) -> 43 | P35: =SUM(C35:N35) -> 97
B36: 13.30 - 13.45 | C36: 22 | D36: 2 | E36: 4 | F36: 6 | G36: 0 | H36: 0 | I36: 2 | J36: 1 | K36: 0 | L36: 0 | M36: 58 | N36: 0 | O36: =SUM(C36:L36,N36) -> 37 | P36: =SUM(C36:N36) -> 95
B37: 13.45 - 14.00 | C37: 25 | D37: 4 | E37: 6 | F37: 9 | G37: 0 | H37: 0 | I37: 2 | J37: 2 | K37: 1 | L37: 0 | M37: 67 | N37: 0 | O37: =SUM(C37:L37,N37) -> 49 | P37: =SUM(C37:N37) -> 116
B38: 14.00 - 14.15 | C38: 27 | D38: 4 | E38: 2 | F38: 6 | G38: 2 | H38: 0 | I38: 2 | J38: 3 | K38: 0 | L38: 0 | M38: 59 | N38: 1 | O38: =SUM(C38:L38,N38) -> 47 | P38: =SUM(C38:N38) -> 106
B39: 14.15 - 14.30 | C39: 28 | D39: 3 | E39: 4 | F39: 8 | G39: 0 | H39: 0 | I39: 2 | J39: 2 | K39: 0 | L39: 0 | M39: 55 | N39: 0 | O39: =SUM(C39:L39,N39) -> 47 | P39: =SUM(C39:N39) -> 102
B40: 14.30 - 14.45 | C40: 25 | D40: 2 | E40: 5 | F40: 8 | G40: 0 | H40: 0 | I40: 3 | J40: 2 | K40: 0 | L40: 0 | M40: 61 | N40: 0 | O40: =SUM(C40:L40,N40) -> 45 | P40: =SUM(C40:N40) -> 106
... B57: 18.45 - 19.00 | C57: 38 | D57: 4 | E57: 3 | F57: 11 | G57: 0 | H57: 0 | I57: 1 | J57: 1 | K57: 0 | L57: 0 | M57: 98 | N57: 0 | O57: =SUM(C57:L57,N57) -> 58 | P57: =SUM(C57:N57) -> 156
B58: Totals | C58: =SUM(C10:C57) -> 1774 | D58: =SUM(D10:D57) -> 229 | E58: =SUM(E10:E57) -> 163 | F58: =SUM(F10:F57) -> 491 | G58: =SUM(G10:G57) -> 22 | H58: =SUM(H10:H57) -> 6 | I58: =SUM(I10:I57) -> 124 | J58: =SUM(J10:J57) -> 60 | ... P58: =SUM(P10:P57) -> 6807
B59: %ges + MCs | C59: =C58/$P$58 -> 0.26061407 | D59: =D58/$P$58 -> 0.033641839 | E59: =E58/$P$58 -> 0.023945938 | F59: =F58/$P$58 -> 0.072131629 | G59: =G58/$P$58 -> 0.0032319671 | H59: =H58/$P$58 -> 0.00088144557 | I59: =I58/$P$58 -> 0.018216542 | J59: =J58/$P$58 -> 0.0088144557 | ... N59: =N58/$P$58 -> 0.00044072279
B60: %ges w/o MCs | C60: =C58/$O$58 -> 0.6136285 | D60: =D58/$O$58 -> 0.079211346 | E60: =E58/$O$58 -> 0.056381875 | F60: =F58/$O$58 -> 0.16983743 | G60: =G58/$O$58 -> 0.0076098236 | H60: =H58/$O$58 -> 0.0020754064 | I60: =I58/$O$58 -> 0.042891733 | J60: =J58/$O$58 -> 0.020754064 | ... L60: =L58/$O$58 -> 0.00069180214 | N60: =N58/$O$58 -> 0.0010377032

Sheet 26.07 Ndeeba-Nyanama-24h
B1: Consultancy services for Preparation of Expressway Development Master Plan (EDMP) for Uganda
B2: MANUAL CLASSIFIED COUNT (MCC)
B3: ROAD NAME: | C3: ='22.07 Ndeeba-Nyanama'!C3:G3 -> MCC - C1 - STN04 - WERAGA ROAD
C5: Date | D5: 26.07.19 | F5: Location | G5: ='25.07 Nyanama-Ndeeba'!G5:H5 -> Golden Mille Hotel | J5: Surveyor | K5: Steven & Omeje Brian
C6: Dir. From | D6: ='22.07 Ndeeba-Nyanama'!D6:E6 -> Ndeeba | F6: Dir. To | G6: ='22.07 Ndeeba-Nyanama'!G6:H6 -> Nyanama | J6: Supervisor | K6: ='25.07 Nyanama-Ndeeba'!K6:L6 -> Denis
B8: Time / Veh Type | R8: SUMMARY TRAFFIC VOLUMES
C9: 1. Car | D9: 2. Station Wagon | E9: 3. Pickups | F9: 4. Minibus, matatu | G9: 5. Medium bus | H9: 6. Large Bus | I9: 7. Light Truck | J9: 8. Medium Truck | K9: 9. Heavy truck | L9: 10. Truck Trailer | M9: 11. Motor cycles | N9: 12. Tractors | O9: Total Excl M/Cycles | P9: Total All | R9: Time | S9: 1. Car | T9: 2. Station Wagon | U9: 3. Pickups | V9: 4. Minibus, matatu | W9: 5. Medium bus | X9: 6. Large Bus | Y9: 7. Light Truck | Z9: 8. Medium Truck | AA9: 9. Heavy truck | AB9: 10. Truck Trailer | AC9: 11. Motorcycles | AD9: 12. Tractors, Graders | AE9: Total Excl M/ Cycles | AF9: Total All
B10: 07.00 - 07.15 | C10: 85 | D10: 3 | E10: 27 | F10: 39 | G10: 2 | H10: 0 | I10: 1 | J10: 0 | K10: 0 | L10: 0 | M10: 70 | N10: 0 | O10: =SUM(C10:L10,N10) -> 157 | P10: =SUM(C10:N10) -> 227 | R10: 0700-0800 | S10: =SUM(C10:C13) -> 330 | T10: =SUM(D10:D13) -> 16 | U10: =SUM(E10:E13) -> 99 | V10: =SUM(F10:F13) -> 202 | W10: =SUM(G10:G13) -> 2 | X10: =SUM(H10:H13) -> 1 | Y10: =SUM(I10:I13) -> 3 | Z10: =SUM(J10:J13) -> 0 | ... AF10: =SUM(P10:P13) -> 992
B11: 07.15 - 07.30 | C11: 90 | D11: 7 | E11: 43 | F11: 50 | G11: 0 | H11: 1 | I11: 0 | J11: 0 | K11: 0 | L11: 0 | M11: 84 | N11: 0 | O11: =SUM(C11:L11,N11) -> 191 | P11: =SUM(C11:N11) -> 275 | R11: 0800-0900 | S11: =SUM(C14:C17) -> 261 | T11: =SUM(D14:D17) -> 4 | U11: =SUM(E14:E17) -> 5 | V11: =SUM(F14:F17) -> 142 | W11: =SUM(G14:G17) -> 2 | X11: =SUM(H14:H17) -> 0 | Y11: =SUM(I14:I17) -> 4 | Z11: =SUM(J14:J17) -> 3 | ... AF11: =SUM(P14:P17) -> 734
B12: 07.30 - 07.45 | C12: 80 | D12: 5 | E12: 11 | F12: 68 | G12: 0 | H12: 0 | I12: 2 | J12: 0 | K12: 0 | L12: 0 | M12: 90 | N12: 0 | O12: =SUM(C12:L12,N12) -> 166 | P12: =SUM(C12:N12) -> 256 | R12: 0900-1000 | S12: =SUM(C18:C21) -> 224 | T12: =SUM(D18:D21) -> 1 | U12: =SUM(E18:E21) -> 22 | V12: =SUM(F18:F21) -> 165 | W12: =SUM(G18:G21) -> 2 | X12: =SUM(H18:H21) -> 1 | Y12: =SUM(I18:I21) -> 8 | Z12: =SUM(J18:J21) -> 6 | ... AF12: =SUM(P18:P21) -> 714
B13: 07.45 - 08.00 | C13: 75 | D13: 1 | E13: 18 | F13: 45 | G13: 0 | H13: 0 | I13: 0 | J13: 0 | K13: 0 | L13: 0 | M13: 95 | N13: 0 | O13: =SUM(C13:L13,N13) -> 139 | P13: =SUM(C13:N13) -> 234 | R13: 1000-1100 | S13: =SUM(C22:C25) -> 249 | T13: =SUM(D22:D25) -> 5 | U13: =SUM(E22:E25) -> 21 | V13: =SUM(F22:F25) -> 224 | W13: =SUM(G22:G25) -> 5 | X13: =SUM(H22:H25) -> 0 | Y13: =SUM(I22:I25) -> 10 | Z13: =SUM(J22:J25) -> 2 | ... AF13: =SUM(P22:P25) -> 832
B14: 08.00 - 08.15 | C14: 65 | D14: 0 | E14: 5 | F14: 48 | G14: 0 | H14: 0 | I14: 0 | J14: 3 | K14: 0 | L14: 1 | M14: 63 | N14: 0 | O14: =SUM(C14:L14,N14) -> 122 | P14: =SUM(C14:N14) -> 185 | R14: 1100-1200 | S14: =SUM(C26:C29) -> 248 | T14: =SUM(D26:D29) -> 4 | U14: =SUM(E26:E29) -> 9 | V14: =SUM(F26:F29) -> 38 | W14: =SUM(G26:G29) -> 3 | X14: =SUM(H26:H29) -> 0 | Y14: =SUM(I26:I29) -> 8 | Z14: =SUM(J26:J29) -> 4 | ... AF14: =SUM(P26:P29) -> 653
B15: 08.15 - 08.30 | C15: 50 | D15: 0 | E15: 0 | F15: 19 | G15: 0 | H15: 0 | I15: 3 | J15: 0 | K15: 2 | L15: 0 | M15: 82 | N15: 0 | O15: =SUM(C15:L15,N15) -> 74 | P15: =SUM(C15:N15) -> 156 | R15: 1200-1300 | S15: =SUM(C30:C33) -> 165 | T15: =SUM(D30:D33) -> 1 | U15: =SUM(E30:E33) -> 8 | V15: =SUM(F30:F33) -> 46 | W15: =SUM(G30:G33) -> 1 | X15: =SUM(H30:H33) -> 0 | Y15: =SUM(I30:I33) -> 8 | Z15: =SUM(J30:J33) -> 4 | ... AF15: =SUM(P30:P33) -> 560
B16: 08.30 - 08.45 | C16: 56 | D16: 4 | E16: 0 | F16: 35 | G16: 2 | H16: 0 | I16: 0 | J16: 0 | K16: 0 | L16: 0 | M16: 90 | N16: 0 | O16: =SUM(C16:L16,N16) -> 97 | P16: =SUM(C16:N16) -> 187 | R16: 1300-1400 | S16: =SUM(C34:C37) -> 275 | T16: =SUM(D34:D37) -> 4 | U16: =SUM(E34:E37) -> 7 | V16: =SUM(F34:F37) -> 81 | W16: =SUM(G34:G37) -> 2 | X16: =SUM(H34:H37) -> 0 | Y16: =SUM(I34:I37) -> 1 | Z16: =SUM(J34:J37) -> 4 | ... AF16: =SUM(P34:P37) -> 650
B17: 08.45 - 9.00 | C17: 90 | D17: 0 | E17: 0 | F17: 40 | G17: 0 | H17: 0 | I17: 1 | J17: 0 | K17: 0 | L17: 0 | M17: 75 | N17: 0 | O17: =SUM(C17:L17,N17) -> 131 | P17: =SUM(C17:N17) -> 206 | R17: 1400-1500 | S17: =SUM(C38:C41) -> 234 | T17: =SUM(D38:D41) -> 4 | U17: =SUM(E38:E41) -> 15 | V17: =SUM(F38:F41) -> 100 | W17: =SUM(G38:G41) -> 1 | X17: =SUM(H38:H41) -> 0 | Y17: =SUM(I38:I41) -> 3 | Z17: =SUM(J38:J41) -> 0 | ... AF17: =SUM(P38:P41) -> 667
B18: 09.00 - 09.15 | C18: 45 | D18: 1 | E18: 3 | F18: 39 | G18: 0 | H18: 0 | I18: 3 | J18: 2 | K18: 0 | L18: 0 | M18: 86 | N18: 0 | O18: =SUM(C18:L18,N18) -> 93 | P18: =SUM(C18:N18) -> 179 | R18: 1500-1600 | S18: =SUM(C42:C45) -> 239 | T18: =SUM(D42:D45) -> 9 | U18: =SUM(E42:E45) -> 52 | V18: =SUM(F42:F45) -> 64 | W18: =SUM(G42:G45) -> 2 | X18: =SUM(H42:H45) -> 0 | Y18: =SUM(I42:I45) -> 16 | Z18: =SUM(J42:J45) -> 5 | ... AF18: =SUM(P42:P45) -> 683
B19: 09.15 - 09.30 | C19: 60 | D19: 0 | E19: 7 | F19: 22 | G19: 0 | H19: 1 | I19: 0 | J19: 1 | K19: 0 | L19: 0 | M19: 65 | N19: 0 | O19: =SUM(C19:L19,N19) -> 91 | P19: =SUM(C19:N19) -> 156 | R19: 1600-1700 | S19: =SUM(C46:C49) -> 323 | T19: =SUM(D46:D49) -> 16 | U19: =SUM(E46:E49) -> 11 | V19: =SUM(F46:F49) -> 115 | W19: =SUM(G46:G49) -> 0 | X19: =SUM(H46:H49) -> 0 | Y19: =SUM(I46:I49) -> 20 | Z19: =SUM(J46:J49) -> 1 | ... AF19: =SUM(P46:P49) -> 806
B20: 09.30 - 09.45 | C20: 64 | D20: 0 | E20: 12 | F20: 24 | G20: 2 | H20: 0 | I20: 2 | J20: 2 | K20: 0 | L20: 0 | M20: 69 | N20: 0 | O20: =SUM(C20:L20,N20) -> 106 | P20: =SUM(C20:N20) -> 175 | R20: 1700-1800 | S20: =SUM(C50:C53) -> 308 | T20: =SUM(D50:D53) -> 13 | U20: =SUM(E50:E53) -> 12 | V20: =SUM(F50:F53) -> 222 | W20: =SUM(G50:G53) -> 3 | X20: =SUM(H50:H53) -> 0 | Y20: =SUM(I50:I53) -> 19 | Z20: =SUM(J50:J53) -> 4 | ... AF20: =SUM(P50:P53) -> 934
B21: 09.45 - 10.00 | C21: 55 | D21: 0 | E21: 0 | F21: 80 | G21: 0 | H21: 0 | I21: 3 | J21: 1 | K21: 0 | L21: 0 | M21: 65 | N21: 0 | O21: =SUM(C21:L21,N21) -> 139 | P21: =SUM(C21:N21) -> 204 | R21: 1800-1900 | S21: =SUM(C54:C57) -> 280 | T21: =SUM(D54:D57) -> 6 | U21: =SUM(E54:E57) -> 5 | V21: =SUM(F54:F57) -> 254 | W21: =SUM(G54:G57) -> 2 | X21: =SUM(H54:H57) -> 0 | Y21: =SUM(I54:I57) -> 23 | Z21: =SUM(J54:J57) -> 4 | ... AF21: =SUM(P54:P57) -> 927
B22: 10.00 - 10.15 | C22: 55 | D22: 3 | E22: 2 | F22: 42 | G22: 1 | H22: 0 | I22: 5 | J22: 0 | K22: 1 | L22: 0 | M22: 85 | N22: 0 | O22: =SUM(C22:L22,N22) -> 109 | P22: =SUM(C22:N22) -> 194 | R22: 1900-2000 | S22: =SUM(C58:C61) -> 306 | T22: =SUM(D58:D61) -> 0 | U22: =SUM(E58:E61) -> 16 | V22: =SUM(F58:F61) -> 137 | W22: =SUM(G58:G61) -> 0 | X22: =SUM(H58:H61) -> 0 | Y22: =SUM(I58:I61) -> 23 | Z22: =SUM(J58:J61) -> 1 | ... AF22: =SUM(P58:P61) -> 942
B23: 10.15 - 10.30 | C23: 52 | D23: 0 | E23: 4 | F23: 47 | G23: 0 | H23: 0 | I23: 0 | J23: 2 | K23: 0 | L23: 0 | M23: 70 | N23: 0 | O23: =SUM(C23:L23,N23) -> 105 | P23: =SUM(C23:N23) -> 175 | R23: 2000-2100 | S23: =SUM(C62:C65) -> 289 | T23: =SUM(D62:D65) -> 24 | U23: =SUM(E62:E65) -> 12 | V23: =SUM(F62:F65) -> 123 | W23: =SUM(G62:G65) -> 1 | X23: =SUM(H62:H65) -> 0 | Y23: =SUM(I62:I65) -> 21 | Z23: =SUM(J62:J65) -> 2 | ... AF23: =SUM(P62:P65) -> 867
B24: 10.30 - 10.45 | C24: 82 | D24: 2 | E24: 12 | F24: 60 | G24: 0 | H24: 0 | I24: 3 | J24: 0 | K24: 0 | L24: 0 | M24: 94 | N24: 0 | O24: =SUM(C24:L24,N24) -> 159 | P24: =SUM(C24:N24) -> 253 | R24: 2100-2200 | S24: =SUM(C66:C69) -> 272 | T24: =SUM(D66:D69) -> 10 | U24: =SUM(E66:E69) -> 15 | V24: =SUM(F66:F69) -> 131 | W24: =SUM(G66:G69) -> 1 | X24: =SUM(H66:H69) -> 0 | Y24: =SUM(I66:I69) -> 16 | Z24: =SUM(J66:J69) -> 2 | ... AF24: =SUM(P66:P69) -> 773
B25: 10.45 - 11.00 | C25: 60 | D25: 0 | E25: 3 | F25: 75 | G25: 4 | H25: 0 | I25: 2 | J25: 0 | K25: 0 | L25: 1 | M25: 65 | N25: 0 | O25: =SUM(C25:L25,N25) -> 145 | P25: =SUM(C25:N25) -> 210 | R25: 2200-2300 | S25: =SUM(C70:C73) -> 205 | T25: =SUM(D70:D73) -> 10 | U25: =SUM(E70:E73) -> 6 | V25: =SUM(F70:F73) -> 18 | W25: =SUM(G70:G73) -> 2 | X25: =SUM(H70:H73) -> 0 | Y25: =SUM(I70:I73) -> 10 | Z25: =SUM(J70:J73) -> 2 | ... AF25: =SUM(P70:P73) -> 526
B26: 11.00 - 11.15 | C26: 70 | D26: 1 | E26: 4 | F26: 15 | G26: 2 | H26: 0 | I26: 3 | J26: 0 | K26: 0 | L26: 0 | M26: 100 | N26: 0 | O26: =SUM(C26:L26,N26) -> 95 | P26: =SUM(C26:N26) -> 195 | R26: 2300-0000 | S26: =SUM(C74:C77) -> 118 | T26: =SUM(D74:D77) -> 27 | U26: =SUM(E74:E77) -> 6 | V26: =SUM(F74:F77) -> 8 | W26: =SUM(G74:G77) -> 1 | X26: =SUM(H74:H77) -> 0 | Y26: =SUM(I74:I77) -> 7 | Z26: =SUM(J74:J77) -> 3 | ... AF26: =SUM(P74:P77) -> 375
B27: 11.15 - 11.30 | C27: 58 | D27: 0 | E27: 3 | F27: 9 | G27: 1 | H27: 0 | I27: 0 | J27: 2 | K27: 0 | L27: 1 | M27: 95 | N27: 0 | O27: =SUM(C27:L27,N27) -> 74 | P27: =SUM(C27:N27) -> 169 | R27: 0000-0100 | S27: =SUM(C78:C81) -> 53 | T27: =SUM(D78:D81) -> 2 | U27: =SUM(E78:E81) -> 2 | V27: =SUM(F78:F81) -> 3 | W27: =SUM(G78:G81) -> 0 | X27: =SUM(H78:H81) -> 0 | Y27: =SUM(I78:I81) -> 4 | Z27: =SUM(J78:J81) -> 1 | ... AF27: =SUM(P78:P81) -> 149
B28: 11.30 - 11.45 | C28: 70 | D28: 3 | E28: 2 | F28: 10 | G28: 0 | H28: 0 | I28: 3 | J28: 1 | K28: 0 | L28: 2 | M28: 66 | N28: 0 | O28: =SUM(C28:L28,N28) -> 91 | P28: =SUM(C28:N28) -> 157 | R28: 0100-0200 | S28: =SUM(C82:C85) -> 24 | T28: =SUM(D82:D85) -> 2 | U28: =SUM(E82:E85) -> 0 | V28: =SUM(F82:F85) -> 1 | W28: =SUM(G82:G85) -> 0 | X28: =SUM(H82:H85) -> 0 | Y28: =SUM(I82:I85) -> 4 | Z28: =SUM(J82:J85) -> 6 | ... AF28: =SUM(P82:P85) -> 113
B29: 11.45 - 12.00 | C29: 50 | D29: 0 | E29: 0 | F29: 4 | G29: 0 | H29: 0 | I29: 2 | J29: 1 | K29: 0 | L29: 0 | M29: 75 | N29: 0 | O29: =SUM(C29:L29,N29) -> 57 | P29: =SUM(C29:N29) -> 132 | R29: 0200-0300 | S29: =SUM(C86:C89) -> 20 | T29: =SUM(D86:D89) -> 1 | U29: =SUM(E86:E89) -> 0 | V29: =SUM(F86:F89) -> 2 | W29: =SUM(G86:G89) -> 0 | X29: =SUM(H86:H89) -> 0 | Y29: =SUM(I86:I89) -> 5 | Z29: =SUM(J86:J89) -> 0 | ... AF29: =SUM(P86:P89) -> 81
B30: 12.00 - 12.15 | C30: 31 | D30: 0 | E30: 2 | F30: 2 | G30: 0 | H30: 0 | I30: 2 | J30: 1 | K30: 0 | L30: 1 | M30: 60 | N30: 0 | O30: =SUM(C30:L30,N30) -> 39 | P30: =SUM(C30:N30) -> 99 | R30: 0300-0400 | S30: =SUM(C90:C93) -> 8 | T30: =SUM(D90:D93) -> 1 | U30: =SUM(E90:E93) -> 0 | V30: =SUM(F90:F93) -> 1 | W30: =SUM(G90:G93) -> 0 | X30: =SUM(H90:H93) -> 0 | Y30: =SUM(I90:I93) -> 1 | Z30: =SUM(J90:J93) -> 0 | ... AF30: =SUM(P90:P93) -> 35
B31: 12.15 - 12.30 | C31: 48 | D31: 1 | E31: 1 | F31: 18 | G31: 0 | H31: 0 | I31: 1 | J31: 2 | K31: 0 | L31: 2 | M31: 100 | N31: 0 | O31: =SUM(C31:L31,N31) -> 73 | P31: =SUM(C31:N31) -> 173 | R31: 0400-0500 | S31: =SUM(C94:C97) -> 16 | T31: =SUM(D94:D97) -> 1 | U31: =SUM(E94:E97) -> 0 | V31: =SUM(F94:F97) -> 0 | W31: =SUM(G94:G97) -> 0 | X31: =SUM(H94:H97) -> 0 | Y31: =SUM(I94:I97) -> 2 | Z31: =SUM(J94:J97) -> 0 | ... AF31: =SUM(P94:P97) -> 34
B32: 12.30 - 12.45 | C32: 58 | D32: 0 | E32: 2 | F32: 3 | G32: 0 | H32: 0 | I32: 0 | J32: 1 | K32: 0 | L32: 3 | M32: 74 | N32: 0 | O32: =SUM(C32:L32,N32) -> 67 | P32: =SUM(C32:N32) -> 141 | R32: 0500-0600 | S32: =SUM(C98:C101) -> 24 | T32: =SUM(D98:D101) -> 0 | U32: =SUM(E98:E101) -> 0 | V32: =SUM(F98:F101) -> 3 | W32: =SUM(G98:G101) -> 0 | X32: =SUM(H98:H101) -> 0 | Y32: =SUM(I98:I101) -> 7 | Z32: =SUM(J98:J101) -> 0 | ... AF32: =SUM(P98:P101) -> 79
B33: 12.45 - 13.00 | C33: 28 | D33: 0 | E33: 3 | F33: 23 | G33: 1 | H33: 0 | I33: 5 | J33: 0 | K33: 2 | L33: 5 | M33: 80 | N33: 0 | O33: =SUM(C33:L33,N33) -> 67 | P33: =SUM(C33:N33) -> 147 | R33: 0600-0700 | S33: =SUM(C102:C105) -> 28 | T33: =SUM(D102:D105) -> 0 | U33: =SUM(E102:E105) -> 3 | V33: =SUM(F102:F105) -> 11 | W33: =SUM(G102:G105) -> 0 | X33: =SUM(H102:H105) -> 0 | Y33: =SUM(I102:I105) -> 4 | Z33: =SUM(J102:J105) -> 0 | ... AF33: =SUM(P102:P105) -> 177
B34: 13.00 - 13.15 | C34: 65 | D34: 1 | E34: 0 | F34: 8 | G34: 0 | H34: 0 | I34: 1 | J34: 0 | K34: 0 | L34: 0 | M34: 65 | N34: 0 | O34: =SUM(C34:L34,N34) -> 75 | P34: =SUM(C34:N34) -> 140 | R34: AM Peak Hr | S34: =MAX(S10:S12) -> 330 | T34: =MAX(T10:T12) -> 16 | U34: =MAX(U10:U12) -> 99 | V34: =MAX(V10:V12) -> 202 | W34: =MAX(W10:W12) -> 2 | X34: =MAX(X10:X12) -> 1 | Y34: =MAX(Y10:Y12) -> 8 | Z34: =MAX(Z10:Z12) -> 6 | ... AF34: =MAX(AF10:AF12) -> 992
B35: 13.15 - 13.30 | C35: 55 | D35: 0 | E35: 5 | F35: 11 | G35: 0 | H35: 0 | I35: 0 | J35: 3 | K35: 1 | L35: 1 | M35: 80 | N35: 0 | O35: =SUM(C35:L35,N35) -> 76 | P35: =SUM(C35:N35) -> 156 | R35: IP Peak Hr | S35: =MAX(S13:S18) -> 275 | T35: =MAX(T13:T18) -> 9 | U35: =MAX(U13:U18) -> 52 | V35: =MAX(V13:V18) -> 224 | W35: =MAX(W13:W18) -> 5 | X35: =MAX(X13:X18) -> 0 | Y35: =MAX(Y13:Y18) -> 16 | Z35: =MAX(Z13:Z18) -> 5 | ... AF35: =MAX(AF13:AF18) -> 832
B36: 13.30 - 13.45 | C36: 80 | D36: 3 | E36: 2 | F36: 15 | G36: 1 | H36: 0 | I36: 0 | J36: 0 | K36: 0 | L36: 0 | M36: 74 | N36: 0 | O36: =SUM(C36:L36,N36) -> 101 | P36: =SUM(C36:N36) -> 175 | R36: PM Peak Hr | S36: =MAX(S19:S21) -> 323 | T36: =MAX(T19:T21) -> 16 | U36: =MAX(U19:U21) -> 12 | V36: =MAX(V19:V21) -> 254 | W36: =MAX(W19:W21) -> 3 | X36: =MAX(X19:X21) -> 0 | Y36: =MAX(Y19:Y21) -> 23 | Z36: =MAX(Z19:Z21) -> 4 | ... AF36: =MAX(AF19:AF21) -> 934
B37: 13.45 - 14.00 | C37: 75 | D37: 0 | E37: 0 | F37: 47 | G37: 1 | H37: 0 | I37: 0 | J37: 1 | K37: 0 | L37: 0 | M37: 55 | N37: 0 | O37: =SUM(C37:L37,N37) -> 124 | P37: =SUM(C37:N37) -> 179 | R37: AM Period | S37: =SUM(S10:S12) -> 815 | T37: =SUM(T10:T12) -> 21 | U37: =SUM(U10:U12) -> 126 | V37: =SUM(V10:V12) -> 509 | W37: =SUM(W10:W12) -> 6 | X37: =SUM(X10:X12) -> 2 | Y37: =SUM(Y10:Y12) -> 15 | Z37: =SUM(Z10:Z12) -> 9 | ... AF37: =SUM(AF10:AF12) -> 2440
B38: 14.00 - 14.15 | C38: 39 | D38: 2 | E38: 3 | F38: 7 | G38: 0 | H38: 0 | I38: 2 | J38: 0 | K38: 0 | L38: 0 | M38: 85 | N38: 0 | O38: =SUM(C38:L38,N38) -> 53 | P38: =SUM(C38:N38) -> 138 | R38: IP Period | S38: =SUM(S13:S18) -> 1410 | T38: =SUM(T13:T18) -> 27 | U38: =SUM(U13:U18) -> 112 | V38: =SUM(V13:V18) -> 553 | W38: =SUM(W13:W18) -> 14 | X38: =SUM(X13:X18) -> 0 | Y38: =SUM(Y13:Y18) -> 46 | Z38: =SUM(Z13:Z18) -> 19 | ... AF38: =SUM(AF13:AF18) -> 4045
B39: 14.15 - 14.30 | C39: 60 | D39: 1 | E39: 8 | F39: 32 | G39: 0 | H39: 0 | I39: 0 | J39: 0 | K39: 3 | L39: 0 | M39: 55 | N39: 0 | O39: =SUM(C39:L39,N39) -> 104 | P39: =SUM(C39:N39) -> 159 | R39: PM Period | S39: =SUM(S19:S21) -> 911 | T39: =SUM(T19:T21) -> 35 | U39: =SUM(U19:U21) -> 28 | V39: =SUM(V19:V21) -> 591 | W39: =SUM(W19:W21) -> 5 | X39: =SUM(X19:X21) -> 0 | Y39: =SUM(Y19:Y21) -> 62 | Z39: =SUM(Z19:Z21) -> 9 | ... AF39: =SUM(AF19:AF21) -> 2667
B40: 14.30 - 14.45 | C40: 70 | D40: 0 | E40: 2 | F40: 46 | G40: 0 | H40: 0 | I40: 1 | J40: 0 | K40: 0 | L40: 1 | M40: 90 | N40: 0 | O40: =SUM(C40:L40,N40) -> 120 | P40: =SUM(C40:N40) -> 210 | R40: 12 Hours | S40: =SUM(S10:S21) -> 3136 | T40: =SUM(T10:T21) -> 83 | U40: =SUM(U10:U21) -> 266 | V40: =SUM(V10:V21) -> 1653 | W40: =SUM(W10:W21) -> 25 | X40: =SUM(X10:X21) -> 2 | Y40: =SUM(Y10:Y21) -> 123 | Z40: =SUM(Z10:Z21) -> 37 | ... AF40: =SUM(AF10:AF21) -> 9152
B41: 14.45 - 15.00 | C41: 65 | D41: 1 | E41: 2 | F41: 15 | G41: 1 | H41: 0 | I41: 0 | J41: 0 | K41: 0 | L41: 1 | M41: 75 | N41: 0 | O41: =SUM(C41:L41,N41) -> 85 | P41: =SUM(C41:N41) -> 160 | R41: 24 Hrs/ADT | S41: =SUM(S10:S33) -> 4499 | T41: =SUM(T10:T33) -> 161 | U41: =SUM(U10:U33) -> 326 | V41: =SUM(V10:V33) -> 2091 | W41: =SUM(W10:W33) -> 30 | X41: =SUM(X10:X33) -> 2 | Y41: =SUM(Y10:Y33) -> 227 | Z41: =SUM(Z10:Z33) -> 54 | ... AF41: =SUM(AF10:AF33) -> 13303
B42: 15.00 - 15.15 | C42: 55 | D42: 5 | E42: 3 | F42: 30 | G42: 0 | H42: 0 | I42: 7 | J42: 0 | K42: 0 | L42: 1 | M42: 80 | N42: 0 | O42: =SUM(C42:L42,N42) -> 101 | P42: =SUM(C42:N42) -> 181 | R42: NEF | S42: =S41/S40 -> 1.4346301 | T42: =T41/T40 -> 1.939759 | U42: =U41/U40 -> 1.2255639 | V42: =V41/V40 -> 1.2649728 | W42: =W41/W40 -> 1.2 | X42: =X41/X40 -> 1 | Y42: =Y41/Y40 -> 1.8455285 | Z42: =Z41/Z40 -> 1.4594595 | ... AF42: =AF41/AF40 -> 1.4535621
B43: 15.15 - 15.30 | C43: 45 | D43: 3 | E43: 30 | F43: 1 | G43: 2 | H43: 0 | I43: 0 | J43: 0 | K43: 1 | L43: 0 | M43: 60 | N43: 0 | O43: =SUM(C43:L43,N43) -> 82 | P43: =SUM(C43:N43) -> 142
B44: 15.30 - 15.45 | C44: 79 | D44: 0 | E44: 18 | F44: 15 | G44: 0 | H44: 0 | I44: 8 | J44: 3 | K44: 0 | L44: 2 | M44: 70 | N44: 0 | O44: =SUM(C44:L44,N44) -> 125 | P44: =SUM(C44:N44) -> 195
B45: 15.45 - 16.00 | C45: 60 | D45: 1 | E45: 1 | F45: 18 | G45: 0 | H45: 0 | I45: 1 | J45: 2 | K45: 0 | L45: 3 | M45: 79 | N45: 0 | O45: =SUM(C45:L45,N45) -> 86 | P45: =SUM(C45:N45) -> 165
B46: 16.00 - 16.15 | C46: 110 | D46: 14 | E46: 2 | F46: 24 | G46: 0 | H46: 0 | I46: 3 | J46: 0 | K46: 0 | L46: 0 | M46: 55 | N46: 0 | O46: =SUM(C46:L46,N46) -> 153 | P46: =SUM(C46:N46) -> 208
B47: 16.15 -16.30 | C47: 50 | D47: 2 | E47: 3 | F47: 18 | G47: 0 | H47: 0 | I47: 1 | J47: 0 | K47: 0 | L47: 0 | M47: 70 | N47: 0 | O47: =SUM(C47:L47,N47) -> 74 | P47: =SUM(C47:N47) -> 144
B48: 16.30 -16.45 | C48: 70 | D48: 0 | E48: 4 | F48: 40 | G48: 0 | H48: 0 | I48: 3 | J48: 1 | K48: 0 | L48: 0 | M48: 100 | N48: 0 | O48: =SUM(C48:L48,N48) -> 118 | P48: =SUM(C48:N48) -> 218
B49: 16.45 -17.00 | C49: 93 | D49: 0 | E49: 2 | F49: 33 | G49: 0 | H49: 0 | I49: 13 | J49: 0 | K49: 0 | L49: 0 | M49: 95 | N49: 0 | O49: =SUM(C49:L49,N49) -> 141 | P49: =SUM(C49:N49) -> 236
B50: 17.00 -17.15 | C50: 65 | D50: 7 | E50: 2 | F50: 49 | G50: 1 | H50: 0 | I50: 3 | J50: 0 | K50: 0 | L50: 0 | M50: 100 | N50: 0 | O50: =SUM(C50:L50,N50) -> 127 | P50: =SUM(C50:N50) -> 227
B51: 17.15 -17.30 | C51: 86 | D51: 2 | E51: 1 | F51: 53 | G51: 2 | H51: 0 | I51: 0 | J51: 0 | K51: 0 | L51: 0 | M51: 99 | N51: 0 | O51: =SUM(C51:L51,N51) -> 144 | P51: =SUM(C51:N51) -> 243
B52: 17.30 -17.45 | C52: 77 | D52: 4 | E52: 7 | F52: 80 | G52: 0 | H52: 0 | I52: 12 | J52: 0 | K52: 0 | L52: 1 | M52: 70 | N52: 0 | O52: =SUM(C52:L52,N52) -> 181 | P52: =SUM(C52:N52) -> 251
B53: 17.45 -18.00 | C53: 80 | D53: 0 | E53: 2 | F53: 40 | G53: 0 | H53: 0 | I53: 4 | J53: 4 | K53: 0 | L53: 0 | M53: 83 | N53: 0 | O53: =SUM(C53:L53,N53) -> 130 | P53: =SUM(C53:N53) -> 213
B54: 18.00 - 18.15 | C54: 80 | D54: 0 | E54: 2 | F54: 48 | G54: 1 | H54: 0 | I54: 4 | J54: 0 | K54: 0 | L54: 0 | M54: 104 | N54: 0 | O54: =SUM(C54:L54,N54) -> 135 | P54: =SUM(C54:N54) -> 239
... B105: 06.45 - 07.00 | C105: 10 | D105: 0 | E105: 2 | F105: 5 | G105: 0 | H105: 0 | I105: 1 | J105: 0 | K105: 0 | L105: 0 | M105: 47 | N105: 0 | O105: =SUM(C105:L105,N105) -> 18 | P105: =SUM(C105:N105) -> 65
B106: Totals | C106: =SUM(C10:C105) -> 4499 | D106: =SUM(D10:D105) -> 161 | E106: =SUM(E10:E105) -> 326 | F106: =SUM(F10:F105) -> 2091 | G106: =SUM(G10:G105) -> 30 | H106: =SUM(H10:H105) -> 2 | I106: =SUM(I10:I105) -> 227 | J106: =SUM(J10:J105) -> 54 | ... P106: =SUM(P10:P105) -> 13303
B107: %ges + MCs | C107: =C106/$P$106 -> 0.33819439 | D107: =D106/$P$106 -> 0.012102533 | E107: =E106/$P$106 -> 0.024505751 | F107: =F106/$P$106 -> 0.15718259 | G107: =G106/$P$106 -> 0.0022551304 | H107: =H106/$P$106 -> 0.00015034203 | I107: =I106/$P$106 -> 0.01706382 | J107: =J106/$P$106 -> 0.0040592348 | ... N107: =N106/$P$106 -> 0
B108: %ges w/o MCs | C108: =C106/$O$106 -> 0.60462303 | D108: =D106/$O$106 -> 0.021636877 | E108: =E106/$O$106 -> 0.043811316 | F108: =F106/$O$106 -> 0.28101062 | G108: =G106/$O$106 -> 0.0040317162 | H108: =H106/$O$106 -> 0.00026878108 | I108: =I106/$O$106 -> 0.030506652 | J108: =J106/$O$106 -> 0.0072570891 | ... L108: =L106/$O$106 -> 0.0036285446 | N108: =N106/$O$106 -> 0

Sheet 26.07 Nyanama-Ndeeba-24h
B1: Consultancy services for Preparation of Expressway Development Master Plan (EDMP) for Uganda
B2: MANUAL CLASSIFIED COUNT (MCC)
B3: ROAD NAME: | C3: ='22.07 Ndeeba-Nyanama'!C3:G3 -> MCC - C1 - STN04 - WERAGA ROAD
C5: Date | D5: ='26.07 Ndeeba-Nyanama-24h'!D5 -> 26.07.19 | F5: Location | G5: ='26.07 Ndeeba-Nyanama-24h'!G5:H5 -> Golden Mille Hotel | J5: Surveyor | K5: Walter & Kaala Richard
C6: Dir. From | D6: ='22.07 Nyanama-Ndeeba'!D6:E6 -> Nyanama | F6: Dir. To | G6: ='23.07 Nyanama-Ndeeba'!G6:H6 -> Ndeeba | J6: Supervisor | K6: ='26.07 Ndeeba-Nyanama-24h'!K6:L6 -> Denis
B8: Time / Veh Type | R8: SUMMARY TRAFFIC VOLUMES
C9: 1. Car | D9: 2. Station Wagon | E9: 3. Pickups | F9: 4. Minibus, matatu | G9: 5. Medium bus | H9: 6. Large Bus | I9: 7. Light Truck | J9: 8. Medium Truck | K9: 9. Heavy truck | L9: 10. Truck Trailer | M9: 11. Motor cycles | N9: 12. Tractors | O9: Total Excl M/Cycles | P9: Total All | R9: Time | S9: 1. Car | T9: 2. Station Wagon | U9: 3. Pickups | V9: 4. Minibus, matatu | W9: 5. Medium bus | X9: 6. Large Bus | Y9: 7. Light Truck | Z9: 8. Medium Truck | AA9: 9. Heavy truck | AB9: 10. Truck Trailer | AC9: 11. Motorcycles | AD9: 12. Tractors, Graders | AE9: Total Excl M/ Cycles | AF9: Total All
B10: 07.00 - 07.15 | C10: 75 | D10: 6 | E10: 0 | F10: 33 | G10: 0 | H10: 0 | I10: 3 | J10: 0 | K10: 1 | L10: 0 | M10: 93 | N10: 0 | O10: =SUM(C10:L10,N10) -> 118 | P10: =SUM(C10:N10) -> 211 | R10: 0700-0800 | S10: =SUM(C10:C13) -> 303 | T10: =SUM(D10:D13) -> 25 | U10: =SUM(E10:E13) -> 7 | V10: =SUM(F10:F13) -> 123 | W10: =SUM(G10:G13) -> 1 | X10: =SUM(H10:H13) -> 0 | Y10: =SUM(I10:I13) -> 21 | Z10: =SUM(J10:J13) -> 0 | ... AF10: =SUM(P10:P13) -> 908
B11: 07.15 - 07.30 | C11: 72 | D11: 3 | E11: 0 | F11: 29 | G11: 0 | H11: 0 | I11: 4 | J11: 0 | K11: 1 | L11: 0 | M11: 102 | N11: 0 | O11: =SUM(C11:L11,N11) -> 109 | P11: =SUM(C11:N11) -> 211 | R11: 0800-0900 | S11: =SUM(C14:C17) -> 210 | T11: =SUM(D14:D17) -> 31 | U11: =SUM(E14:E17) -> 18 | V11: =SUM(F14:F17) -> 69 | W11: =SUM(G14:G17) -> 3 | X11: =SUM(H14:H17) -> 0 | Y11: =SUM(I14:I17) -> 12 | Z11: =SUM(J14:J17) -> 3 | ... AF11: =SUM(P14:P17) -> 816
B12: 07.30 - 07.45 | C12: 78 | D12: 7 | E12: 0 | F12: 33 | G12: 1 | H12: 0 | I12: 7 | J12: 0 | K12: 2 | L12: 0 | M12: 110 | N12: 0 | O12: =SUM(C12:L12,N12) -> 128 | P12: =SUM(C12:N12) -> 238 | R12: 0900-1000 | S12: =SUM(C18:C21) -> 168 | T12: =SUM(D18:D21) -> 30 | U12: =SUM(E18:E21) -> 21 | V12: =SUM(F18:F21) -> 52 | W12: =SUM(G18:G21) -> 2 | X12: =SUM(H18:H21) -> 0 | Y12: =SUM(I18:I21) -> 13 | Z12: =SUM(J18:J21) -> 4 | ... AF12: =SUM(P18:P21) -> 777
B13: 07.45 - 08.00 | C13: 78 | D13: 9 | E13: 7 | F13: 28 | G13: 0 | H13: 0 | I13: 7 | J13: 0 | K13: 1 | L13: 0 | M13: 118 | N13: 0 | O13: =SUM(C13:L13,N13) -> 130 | P13: =SUM(C13:N13) -> 248 | R13: 1000-1100 | S13: =SUM(C22:C25) -> 143 | T13: =SUM(D22:D25) -> 23 | U13: =SUM(E22:E25) -> 15 | V13: =SUM(F22:F25) -> 40 | W13: =SUM(G22:G25) -> 0 | X13: =SUM(H22:H25) -> 0 | Y13: =SUM(I22:I25) -> 18 | Z13: =SUM(J22:J25) -> 4 | ... AF13: =SUM(P22:P25) -> 643
B14: 08.00 - 08.15 | C14: 50 | D14: 8 | E14: 2 | F14: 19 | G14: 1 | H14: 0 | I14: 4 | J14: 0 | K14: 1 | L14: 0 | M14: 122 | N14: 0 | O14: =SUM(C14:L14,N14) -> 85 | P14: =SUM(C14:N14) -> 207 | R14: 1100-1200 | S14: =SUM(C26:C29) -> 97 | T14: =SUM(D26:D29) -> 16 | U14: =SUM(E26:E29) -> 16 | V14: =SUM(F26:F29) -> 27 | W14: =SUM(G26:G29) -> 0 | X14: =SUM(H26:H29) -> 0 | Y14: =SUM(I26:I29) -> 16 | Z14: =SUM(J26:J29) -> 7 | ... AF14: =SUM(P26:P29) -> 548
B15: 08.15 - 08.30 | C15: 54 | D15: 8 | E15: 6 | F15: 17 | G15: 1 | H15: 0 | I15: 3 | J15: 1 | K15: 0 | L15: 0 | M15: 110 | N15: 0 | O15: =SUM(C15:L15,N15) -> 90 | P15: =SUM(C15:N15) -> 200 | R15: 1200-1300 | S15: =SUM(C30:C33) -> 125 | T15: =SUM(D30:D33) -> 16 | U15: =SUM(E30:E33) -> 13 | V15: =SUM(F30:F33) -> 27 | W15: =SUM(G30:G33) -> 1 | X15: =SUM(H30:H33) -> 0 | Y15: =SUM(I30:I33) -> 10 | Z15: =SUM(J30:J33) -> 3 | ... AF15: =SUM(P30:P33) -> 493
B16: 08.30 - 08.45 | C16: 43 | D16: 8 | E16: 4 | F16: 17 | G16: 1 | H16: 0 | I16: 2 | J16: 1 | K16: 0 | L16: 0 | M16: 117 | N16: 0 | O16: =SUM(C16:L16,N16) -> 76 | P16: =SUM(C16:N16) -> 193 | R16: 1300-1400 | S16: =SUM(C34:C37) -> 105 | T16: =SUM(D34:D37) -> 20 | U16: =SUM(E34:E37) -> 12 | V16: =SUM(F34:F37) -> 29 | W16: =SUM(G34:G37) -> 0 | X16: =SUM(H34:H37) -> 0 | Y16: =SUM(I34:I37) -> 8 | Z16: =SUM(J34:J37) -> 4 | ... AF16: =SUM(P34:P37) -> 456
B17: 08.45 - 9.00 | C17: 63 | D17: 7 | E17: 6 | F17: 16 | G17: 0 | H17: 0 | I17: 3 | J17: 1 | K17: 0 | L17: 0 | M17: 120 | N17: 0 | O17: =SUM(C17:L17,N17) -> 96 | P17: =SUM(C17:N17) -> 216 | R17: 1400-1500 | S17: =SUM(C38:C41) -> 118 | T17: =SUM(D38:D41) -> 14 | U17: =SUM(E38:E41) -> 15 | V17: =SUM(F38:F41) -> 32 | W17: =SUM(G38:G41) -> 1 | X17: =SUM(H38:H41) -> 0 | Y17: =SUM(I38:I41) -> 9 | Z17: =SUM(J38:J41) -> 11 | ... AF17: =SUM(P38:P41) -> 482
B18: 09.00 - 09.15 | C18: 37 | D18: 8 | E18: 6 | F18: 15 | G18: 0 | H18: 0 | I18: 3 | J18: 4 | K18: 0 | L18: 1 | M18: 115 | N18: 0 | O18: =SUM(C18:L18,N18) -> 74 | P18: =SUM(C18:N18) -> 189 | R18: 1500-1600 | S18: =SUM(C42:C45) -> 127 | T18: =SUM(D42:D45) -> 24 | U18: =SUM(E42:E45) -> 15 | V18: =SUM(F42:F45) -> 25 | W18: =SUM(G42:G45) -> 0 | X18: =SUM(H42:H45) -> 0 | Y18: =SUM(I42:I45) -> 11 | Z18: =SUM(J42:J45) -> 8 | ... AF18: =SUM(P42:P45) -> 485
B19: 09.15 - 09.30 | C19: 45 | D19: 11 | E19: 6 | F19: 15 | G19: 1 | H19: 0 | I19: 5 | J19: 0 | K19: 0 | L19: 0 | M19: 120 | N19: 0 | O19: =SUM(C19:L19,N19) -> 83 | P19: =SUM(C19:N19) -> 203 | R19: 1600-1700 | S19: =SUM(C46:C49) -> 141 | T19: =SUM(D46:D49) -> 17 | U19: =SUM(E46:E49) -> 22 | V19: =SUM(F46:F49) -> 33 | W19: =SUM(G46:G49) -> 0 | X19: =SUM(H46:H49) -> 0 | Y19: =SUM(I46:I49) -> 10 | Z19: =SUM(J46:J49) -> 2 | ... AF19: =SUM(P46:P49) -> 495
B20: 09.30 - 09.45 | C20: 47 | D20: 6 | E20: 5 | F20: 9 | G20: 0 | H20: 0 | I20: 3 | J20: 0 | K20: 2 | L20: 0 | M20: 124 | N20: 0 | O20: =SUM(C20:L20,N20) -> 72 | P20: =SUM(C20:N20) -> 196 | R20: 1700-1800 | S20: =SUM(C50:C53) -> 122 | T20: =SUM(D50:D53) -> 15 | U20: =SUM(E50:E53) -> 626 | V20: =SUM(F50:F53) -> 23 | W20: =SUM(G50:G53) -> 4 | X20: =SUM(H50:H53) -> 4 | Y20: =SUM(I50:I53) -> 9 | Z20: =SUM(J50:J53) -> 4 | ... AF20: =SUM(P50:P53) -> 1224
B21: 09.45 - 10.00 | C21: 39 | D21: 5 | E21: 4 | F21: 13 | G21: 1 | H21: 0 | I21: 2 | J21: 0 | K21: 0 | L21: 0 | M21: 125 | N21: 0 | O21: =SUM(C21:L21,N21) -> 64 | P21: =SUM(C21:N21) -> 189 | R21: 1800-1900 | S21: =SUM(C54:C57) -> 106 | T21: =SUM(D54:D57) -> 22 | U21: =SUM(E54:E57) -> 14 | V21: =SUM(F54:F57) -> 34 | W21: =SUM(G54:G57) -> 7 | X21: =SUM(H54:H57) -> 1 | Y21: =SUM(I54:I57) -> 9 | Z21: =SUM(J54:J57) -> 4 | ... AF21: =SUM(P54:P57) -> 619
B22: 10.00 - 10.15 | C22: 37 | D22: 2 | E22: 5 | F22: 10 | G22: 0 | H22: 0 | I22: 4 | J22: 0 | K22: 0 | L22: 0 | M22: 103 | N22: 0 | O22: =SUM(C22:L22,N22) -> 58 | P22: =SUM(C22:N22) -> 161 | R22: 1900-2000 | S22: =SUM(C58:C61) -> 189 | T22: =SUM(D58:D61) -> 91 | U22: =SUM(E58:E61) -> 69 | V22: =SUM(F58:F61) -> 115 | W22: =SUM(G58:G61) -> 13 | X22: =SUM(H58:H61) -> 3 | Y22: =SUM(I58:I61) -> 27 | Z22: =SUM(J58:J61) -> 25 | ... AF22: =SUM(P58:P61) -> 852
B23: 10.15 - 10.30 | C23: 34 | D23: 4 | E23: 3 | F23: 7 | G23: 0 | H23: 0 | I23: 7 | J23: 0 | K23: 0 | L23: 0 | M23: 108 | N23: 0 | O23: =SUM(C23:L23,N23) -> 55 | P23: =SUM(C23:N23) -> 163 | R23: 2000-2100 | S23: =SUM(C62:C65) -> 104 | T23: =SUM(D62:D65) -> 7 | U23: =SUM(E62:E65) -> 19 | V23: =SUM(F62:F65) -> 59 | W23: =SUM(G62:G65) -> 3 | X23: =SUM(H62:H65) -> 0 | Y23: =SUM(I62:I65) -> 10 | Z23: =SUM(J62:J65) -> 0 | ... AF23: =SUM(P62:P65) -> 397
B24: 10.30 - 10.45 | C24: 38 | D24: 8 | E24: 3 | F24: 11 | G24: 0 | H24: 0 | I24: 4 | J24: 2 | K24: 0 | L24: 0 | M24: 97 | N24: 0 | O24: =SUM(C24:L24,N24) -> 66 | P24: =SUM(C24:N24) -> 163 | R24: 2100-2200 | S24: =SUM(C66:C69) -> 79 | T24: =SUM(D66:D69) -> 13 | U24: =SUM(E66:E69) -> 7 | V24: =SUM(F66:F69) -> 28 | W24: =SUM(G66:G69) -> 0 | X24: =SUM(H66:H69) -> 0 | Y24: =SUM(I66:I69) -> 6 | Z24: =SUM(J66:J69) -> 1 | ... AF24: =SUM(P66:P69) -> 335
B25: 10.45 - 11.00 | C25: 34 | D25: 9 | E25: 4 | F25: 12 | G25: 0 | H25: 0 | I25: 3 | J25: 2 | K25: 0 | L25: 0 | M25: 92 | N25: 0 | O25: =SUM(C25:L25,N25) -> 64 | P25: =SUM(C25:N25) -> 156 | R25: 2200-2300 | S25: =SUM(C70:C73) -> 89 | T25: =SUM(D70:D73) -> 14 | U25: =SUM(E70:E73) -> 9 | V25: =SUM(F70:F73) -> 20 | W25: =SUM(G70:G73) -> 0 | X25: =SUM(H70:H73) -> 0 | Y25: =SUM(I70:I73) -> 4 | Z25: =SUM(J70:J73) -> 1 | ... AF25: =SUM(P70:P73) -> 429
B26: 11.00 - 11.15 | C26: 26 | D26: 6 | E26: 4 | F26: 10 | G26: 0 | H26: 0 | I26: 7 | J26: 2 | K26: 0 | L26: 0 | M26: 87 | N26: 0 | O26: =SUM(C26:L26,N26) -> 55 | P26: =SUM(C26:N26) -> 142 | R26: 2300-0000 | S26: =SUM(C74:C77) -> 64 | T26: =SUM(D74:D77) -> 7 | U26: =SUM(E74:E77) -> 5 | V26: =SUM(F74:F77) -> 10 | W26: =SUM(G74:G77) -> 0 | X26: =SUM(H74:H77) -> 0 | Y26: =SUM(I74:I77) -> 5 | Z26: =SUM(J74:J77) -> 2 | ... AF26: =SUM(P74:P77) -> 295
B27: 11.15 - 11.30 | C27: 27 | D27: 4 | E27: 2 | F27: 6 | G27: 0 | H27: 0 | I27: 4 | J27: 1 | K27: 0 | L27: 0 | M27: 93 | N27: 0 | O27: =SUM(C27:L27,N27) -> 44 | P27: =SUM(C27:N27) -> 137 | R27: 0000-0100 | S27: =SUM(C78:C81) -> 25 | T27: =SUM(D78:D81) -> 4 | U27: =SUM(E78:E81) -> 2 | V27: =SUM(F78:F81) -> 8 | W27: =SUM(G78:G81) -> 0 | X27: =SUM(H78:H81) -> 0 | Y27: =SUM(I78:I81) -> 0 | Z27: =SUM(J78:J81) -> 0 | ... AF27: =SUM(P78:P81) -> 145
B28: 11.30 - 11.45 | C28: 22 | D28: 2 | E28: 4 | F28: 5 | G28: 0 | H28: 0 | I28: 2 | J28: 2 | K28: 0 | L28: 0 | M28: 90 | N28: 0 | O28: =SUM(C28:L28,N28) -> 37 | P28: =SUM(C28:N28) -> 127 | R28: 0100-0200 | S28: =SUM(C82:C85) -> 20 | T28: =SUM(D82:D85) -> 8 | U28: =SUM(E82:E85) -> 4 | V28: =SUM(F82:F85) -> 7 | W28: =SUM(G82:G85) -> 0 | X28: =SUM(H82:H85) -> 0 | Y28: =SUM(I82:I85) -> 12 | Z28: =SUM(J82:J85) -> 1 | ... AF28: =SUM(P82:P85) -> 174
B29: 11.45 - 12.00 | C29: 22 | D29: 4 | E29: 6 | F29: 6 | G29: 0 | H29: 0 | I29: 3 | J29: 2 | K29: 0 | L29: 0 | M29: 99 | N29: 0 | O29: =SUM(C29:L29,N29) -> 43 | P29: =SUM(C29:N29) -> 142 | R29: 0200-0300 | S29: =SUM(C86:C89) -> 11 | T29: =SUM(D86:D89) -> 5 | U29: =SUM(E86:E89) -> 1 | V29: =SUM(F86:F89) -> 3 | W29: =SUM(G86:G89) -> 0 | X29: =SUM(H86:H89) -> 0 | Y29: =SUM(I86:I89) -> 2 | Z29: =SUM(J86:J89) -> 0 | ... AF29: =SUM(P86:P89) -> 90
B30: 12.00 - 12.15 | C30: 35 | D30: 7 | E30: 5 | F30: 8 | G30: 1 | H30: 0 | I30: 3 | J30: 1 | K30: 0 | L30: 0 | M30: 68 | N30: 0 | O30: =SUM(C30:L30,N30) -> 60 | P30: =SUM(C30:N30) -> 128 | R30: 0300-0400 | S30: =SUM(C90:C93) -> 10 | T30: =SUM(D90:D93) -> 1 | U30: =SUM(E90:E93) -> 1 | V30: =SUM(F90:F93) -> 0 | W30: =SUM(G90:G93) -> 0 | X30: =SUM(H90:H93) -> 0 | Y30: =SUM(I90:I93) -> 2 | Z30: =SUM(J90:J93) -> 0 | ... AF30: =SUM(P90:P93) -> 56
B31: 12.15 - 12.30 | C31: 34 | D31: 3 | E31: 2 | F31: 6 | G31: 0 | H31: 0 | I31: 2 | J31: 0 | K31: 0 | L31: 0 | M31: 83 | N31: 0 | O31: =SUM(C31:L31,N31) -> 47 | P31: =SUM(C31:N31) -> 130 | R31: 0400-0500 | S31: =SUM(C94:C97) -> 7 | T31: =SUM(D94:D97) -> 1 | U31: =SUM(E94:E97) -> 0 | V31: =SUM(F94:F97) -> 2 | W31: =SUM(G94:G97) -> 0 | X31: =SUM(H94:H97) -> 0 | Y31: =SUM(I94:I97) -> 3 | Z31: =SUM(J94:J97) -> 0 | ... AF31: =SUM(P94:P97) -> 43
B32: 12.30 - 12.45 | C32: 28 | D32: 4 | E32: 3 | F32: 6 | G32: 0 | H32: 0 | I32: 3 | J32: 1 | K32: 0 | L32: 1 | M32: 78 | N32: 0 | O32: =SUM(C32:L32,N32) -> 46 | P32: =SUM(C32:N32) -> 124 | R32: 0500-0600 | S32: =SUM(C98:C101) -> 15 | T32: =SUM(D98:D101) -> 4 | U32: =SUM(E98:E101) -> 0 | V32: =SUM(F98:F101) -> 17 | W32: =SUM(G98:G101) -> 1 | X32: =SUM(H98:H101) -> 0 | Y32: =SUM(I98:I101) -> 4 | Z32: =SUM(J98:J101) -> 0 | ... AF32: =SUM(P98:P101) -> 146
B33: 12.45 - 13.00 | C33: 28 | D33: 2 | E33: 3 | F33: 7 | G33: 0 | H33: 0 | I33: 2 | J33: 1 | K33: 0 | L33: 0 | M33: 68 | N33: 0 | O33: =SUM(C33:L33,N33) -> 43 | P33: =SUM(C33:N33) -> 111 | R33: 0600-0700 | S33: =SUM(C102:C105) -> 59 | T33: =SUM(D102:D105) -> 34 | U33: =SUM(E102:E105) -> 3 | V33: =SUM(F102:F105) -> 56 | W33: =SUM(G102:G105) -> 0 | X33: =SUM(H102:H105) -> 0 | Y33: =SUM(I102:I105) -> 13 | Z33: =SUM(J102:J105) -> 0 | ... AF33: =SUM(P102:P105) -> 365
B34: 13.00 - 13.15 | C34: 18 | D34: 3 | E34: 1 | F34: 4 | G34: 0 | H34: 0 | I34: 1 | J34: 0 | K34: 1 | L34: 0 | M34: 56 | N34: 0 | O34: =SUM(C34:L34,N34) -> 28 | P34: =SUM(C34:N34) -> 84 | R34: AM Peak Hr | S34: =MAX(S10:S12) -> 303 | T34: =MAX(T10:T12) -> 31 | U34: =MAX(U10:U12) -> 21 | V34: =MAX(V10:V12) -> 123 | W34: =MAX(W10:W12) -> 3 | X34: =MAX(X10:X12) -> 0 | Y34: =MAX(Y10:Y12) -> 21 | Z34: =MAX(Z10:Z12) -> 4 | ... AF34: =MAX(AF10:AF12) -> 908
B35: 13.15 - 13.30 | C35: 32 | D35: 6 | E35: 4 | F35: 10 | G35: 0 | H35: 0 | I35: 4 | J35: 2 | K35: 0 | L35: 0 | M35: 77 | N35: 0 | O35: =SUM(C35:L35,N35) -> 58 | P35: =SUM(C35:N35) -> 135 | R35: IP Peak Hr | S35: =MAX(S13:S18) -> 143 | T35: =MAX(T13:T18) -> 24 | U35: =MAX(U13:U18) -> 16 | V35: =MAX(V13:V18) -> 40 | W35: =MAX(W13:W18) -> 1 | X35: =MAX(X13:X18) -> 0 | Y35: =MAX(Y13:Y18) -> 18 | Z35: =MAX(Z13:Z18) -> 11 | ... AF35: =MAX(AF13:AF18) -> 643
B36: 13.30 - 13.45 | C36: 23 | D36: 2 | E36: 5 | F36: 7 | G36: 0 | H36: 0 | I36: 0 | J36: 2 | K36: 1 | L36: 0 | M36: 62 | N36: 0 | O36: =SUM(C36:L36,N36) -> 40 | P36: =SUM(C36:N36) -> 102 | R36: PM Peak Hr | S36: =MAX(S19:S21) -> 141 | T36: =MAX(T19:T21) -> 22 | U36: =MAX(U19:U21) -> 626 | V36: =MAX(V19:V21) -> 34 | W36: =MAX(W19:W21) -> 7 | X36: =MAX(X19:X21) -> 4 | Y36: =MAX(Y19:Y21) -> 10 | Z36: =MAX(Z19:Z21) -> 4 | ... AF36: =MAX(AF19:AF21) -> 1224
B37: 13.45 - 14.00 | C37: 32 | D37: 9 | E37: 2 | F37: 8 | G37: 0 | H37: 0 | I37: 3 | J37: 0 | K37: 2 | L37: 0 | M37: 79 | N37: 0 | O37: =SUM(C37:L37,N37) -> 56 | P37: =SUM(C37:N37) -> 135 | R37: AM Period | S37: =SUM(S10:S12) -> 681 | T37: =SUM(T10:T12) -> 86 | U37: =SUM(U10:U12) -> 46 | V37: =SUM(V10:V12) -> 244 | W37: =SUM(W10:W12) -> 6 | X37: =SUM(X10:X12) -> 0 | Y37: =SUM(Y10:Y12) -> 46 | Z37: =SUM(Z10:Z12) -> 7 | ... AF37: =SUM(AF10:AF12) -> 2501
B38: 14.00 - 14.15 | C38: 33 | D38: 2 | E38: 4 | F38: 5 | G38: 0 | H38: 0 | I38: 2 | J38: 2 | K38: 0 | L38: 0 | M38: 65 | N38: 0 | O38: =SUM(C38:L38,N38) -> 48 | P38: =SUM(C38:N38) -> 113 | R38: IP Period | S38: =SUM(S13:S18) -> 715 | T38: =SUM(T13:T18) -> 113 | U38: =SUM(U13:U18) -> 86 | V38: =SUM(V13:V18) -> 180 | W38: =SUM(W13:W18) -> 2 | X38: =SUM(X13:X18) -> 0 | Y38: =SUM(Y13:Y18) -> 72 | Z38: =SUM(Z13:Z18) -> 37 | ... AF38: =SUM(AF13:AF18) -> 3107
B39: 14.15 - 14.30 | C39: 20 | D39: 5 | E39: 3 | F39: 10 | G39: 0 | H39: 0 | I39: 4 | J39: 4 | K39: 0 | L39: 0 | M39: 68 | N39: 0 | O39: =SUM(C39:L39,N39) -> 46 | P39: =SUM(C39:N39) -> 114 | R39: PM Period | S39: =SUM(S19:S21) -> 369 | T39: =SUM(T19:T21) -> 54 | U39: =SUM(U19:U21) -> 662 | V39: =SUM(V19:V21) -> 90 | W39: =SUM(W19:W21) -> 11 | X39: =SUM(X19:X21) -> 5 | Y39: =SUM(Y19:Y21) -> 28 | Z39: =SUM(Z19:Z21) -> 10 | ... AF39: =SUM(AF19:AF21) -> 2338
B40: 14.30 - 14.45 | C40: 36 | D40: 4 | E40: 5 | F40: 9 | G40: 1 | H40: 0 | I40: 0 | J40: 1 | K40: 1 | L40: 1 | M40: 72 | N40: 0 | O40: =SUM(C40:L40,N40) -> 58 | P40: =SUM(C40:N40) -> 130 | R40: 12 Hours | S40: =SUM(S10:S21) -> 1765 | T40: =SUM(T10:T21) -> 253 | U40: =SUM(U10:U21) -> 794 | V40: =SUM(V10:V21) -> 514 | W40: =SUM(W10:W21) -> 19 | X40: =SUM(X10:X21) -> 5 | Y40: =SUM(Y10:Y21) -> 146 | Z40: =SUM(Z10:Z21) -> 54 | ... AF40: =SUM(AF10:AF21) -> 7946
B41: 14.45 - 15.00 | C41: 29 | D41: 3 | E41: 3 | F41: 8 | G41: 0 | H41: 0 | I41: 3 | J41: 4 | K41: 0 | L41: 0 | M41: 75 | N41: 0 | O41: =SUM(C41:L41,N41) -> 50 | P41: =SUM(C41:N41) -> 125 | R41: 24 Hrs/ADT | S41: =SUM(S10:S33) -> 2437 | T41: =SUM(T10:T33) -> 442 | U41: =SUM(U10:U33) -> 914 | V41: =SUM(V10:V33) -> 839 | W41: =SUM(W10:W33) -> 36 | X41: =SUM(X10:X33) -> 8 | Y41: =SUM(Y10:Y33) -> 234 | Z41: =SUM(Z10:Z33) -> 84 | ... AF41: =SUM(AF10:AF33) -> 11273
B42: 15.00 - 15.15 | C42: 32 | D42: 4 | E42: 2 | F42: 8 | G42: 0 | H42: 0 | I42: 3 | J42: 0 | K42: 0 | L42: 0 | M42: 62 | N42: 0 | O42: =SUM(C42:L42,N42) -> 49 | P42: =SUM(C42:N42) -> 111 | R42: NEF | S42: =S41/S40 -> 1.3807365 | T42: =T41/T40 -> 1.7470356 | U42: =U41/U40 -> 1.1511335 | V42: =V41/V40 -> 1.6322957 | W42: =W41/W40 -> 1.8947368 | X42: =X41/X40 -> 1.6 | Y42: =Y41/Y40 -> 1.6027397 | Z42: =Z41/Z40 -> 1.5555556 | ... AF42: =AF41/AF40 -> 1.4187012
B43: 15.15 - 15.30 | C43: 28 | D43: 4 | E43: 3 | F43: 6 | G43: 0 | H43: 0 | I43: 3 | J43: 1 | K43: 0 | L43: 1 | M43: 73 | N43: 0 | O43: =SUM(C43:L43,N43) -> 46 | P43: =SUM(C43:N43) -> 119
B44: 15.30 - 15.45 | C44: 30 | D44: 7 | E44: 4 | F44: 6 | G44: 0 | H44: 0 | I44: 3 | J44: 2 | K44: 1 | L44: 0 | M44: 83 | N44: 0 | O44: =SUM(C44:L44,N44) -> 53 | P44: =SUM(C44:N44) -> 136
B45: 15.45 - 16.00 | C45: 37 | D45: 9 | E45: 6 | F45: 5 | G45: 0 | H45: 0 | I45: 2 | J45: 5 | K45: 1 | L45: 1 | M45: 53 | N45: 0 | O45: =SUM(C45:L45,N45) -> 66 | P45: =SUM(C45:N45) -> 119
B46: 16.00 - 16.15 | C46: 32 | D46: 4 | E46: 7 | F46: 6 | G46: 0 | H46: 0 | I46: 4 | J46: 1 | K46: 0 | L46: 0 | M46: 67 | N46: 0 | O46: =SUM(C46:L46,N46) -> 54 | P46: =SUM(C46:N46) -> 121
B47: 16.15 -16.30 | C47: 35 | D47: 3 | E47: 8 | F47: 7 | G47: 0 | H47: 0 | I47: 4 | J47: 0 | K47: 0 | L47: 0 | M47: 65 | N47: 0 | O47: =SUM(C47:L47,N47) -> 57 | P47: =SUM(C47:N47) -> 122
B48: 16.30 -16.45 | C48: 36 | D48: 4 | E48: 3 | F48: 10 | G48: 0 | H48: 0 | I48: 2 | J48: 1 | K48: 1 | L48: 0 | M48: 68 | N48: 0 | O48: =SUM(C48:L48,N48) -> 57 | P48: =SUM(C48:N48) -> 125
B49: 16.45 -17.00 | C49: 38 | D49: 6 | E49: 4 | F49: 10 | G49: 0 | H49: 0 | I49: 0 | J49: 0 | K49: 0 | L49: 0 | M49: 69 | N49: 0 | O49: =SUM(C49:L49,N49) -> 58 | P49: =SUM(C49:N49) -> 127
B50: 17.00 -17.15 | C50: 38 | D50: 3 | E50: 611 | F50: 0 | G50: 0 | H50: 4 | I50: 2 | J50: 0 | K50: 0 | L50: 0 | M50: 103 | N50: 0 | O50: =SUM(C50:L50,N50) -> 658 | P50: =SUM(C50:N50) -> 761
B51: 17.15 -17.30 | C51: 31 | D51: 3 | E51: 5 | F51: 5 | G51: 0 | H51: 0 | I51: 1 | J51: 2 | K51: 1 | L51: 0 | M51: 99 | N51: 0 | O51: =SUM(C51:L51,N51) -> 48 | P51: =SUM(C51:N51) -> 147
B52: 17.30 -17.45 | C52: 25 | D52: 7 | E52: 5 | F52: 12 | G52: 2 | H52: 0 | I52: 4 | J52: 0 | K52: 0 | L52: 0 | M52: 107 | N52: 0 | O52: =SUM(C52:L52,N52) -> 55 | P52: =SUM(C52:N52) -> 162
B53: 17.45 -18.00 | C53: 28 | D53: 2 | E53: 5 | F53: 6 | G53: 2 | H53: 0 | I53: 2 | J53: 2 | K53: 0 | L53: 0 | M53: 107 | N53: 0 | O53: =SUM(C53:L53,N53) -> 47 | P53: =SUM(C53:N53) -> 154
B54: 18.00 - 18.15 | C54: 24 | D54: 2 | E54: 5 | F54: 7 | G54: 1 | H54: 0 | I54: 1 | J54: 1 | K54: 0 | L54: 0 | M54: 100 | N54: 0 | O54: =SUM(C54:L54,N54) -> 41 | P54: =SUM(C54:N54) -> 141
... B105: 06.45 - 07.00 | C105: 13 | D105: 26 | E105: 0 | F105: 7 | G105: 0 | H105: 0 | I105: 1 | J105: 0 | K105: 1 | L105: 0 | M105: 59 | N105: 0 | O105: =SUM(C105:L105,N105) -> 48 | P105: =SUM(C105:N105) -> 107
B106: Totals | C106: =SUM(C10:C105) -> 2437 | D106: =SUM(D10:D105) -> 442 | E106: =SUM(E10:E105) -> 914 | F106: =SUM(F10:F105) -> 839 | G106: =SUM(G10:G105) -> 36 | H106: =SUM(H10:H105) -> 8 | I106: =SUM(I10:I105) -> 234 | J106: =SUM(J10:J105) -> 84 | ... P106: =SUM(P10:P105) -> 11273
B107: %ges + MCs | C107: =C106/$P$106 -> 0.21618025 | D107: =D106/$P$106 -> 0.039208729 | E107: =E106/$P$106 -> 0.081078684 | F107: =F106/$P$106 -> 0.074425619 | G107: =G106/$P$106 -> 0.0031934711 | H107: =H106/$P$106 -> 0.00070966025 | I107: =I106/$P$106 -> 0.020757562 | J107: =J106/$P$106 -> 0.0074514326 | ... N107: =N106/$P$106 -> 0
B108: %ges w/o MCs | C108: =C106/$O$106 -> 0.48162055 | D108: =D106/$O$106 -> 0.087351779 | E108: =E106/$O$106 -> 0.18063241 | F108: =F106/$O$106 -> 0.16581028 | G108: =G106/$O$106 -> 0.0071146245 | H108: =H106/$O$106 -> 0.0015810277 | I108: =I106/$O$106 -> 0.046245059 | J108: =J106/$O$106 -> 0.016600791 | ... L108: =L106/$O$106 -> 0.0033596838 | N108: =N106/$O$106 -> 0

Sheet 27.07 Ndeeba-Nyanama-24h
B1: Consultancy services for Preparation of Expressway Development Master Plan (EDMP) for Uganda
B2: MANUAL CLASSIFIED COUNT (MCC)
B3: ROAD NAME: | C3: ='22.07 Ndeeba-Nyanama'!C3:G3 -> MCC - C1 - STN04 - WERAGA ROAD
C5: Date | D5: 27.07.19 | F5: Location | G5: ='26.07 Nyanama-Ndeeba-24h'!G5:H5 -> Golden Mille Hotel | J5: Surveyor | K5: Steven & Omeje
C6: Dir. From | D6: ='22.07 Ndeeba-Nyanama'!D6:E6 -> Ndeeba | F6: Dir. To | G6: ='22.07 Ndeeba-Nyanama'!G6:H6 -> Nyanama | J6: Supervisor | K6: ='26.07 Nyanama-Ndeeba-24h'!K6:L6 -> Denis
B8: Time / Veh Type | R8: SUMMARY TRAFFIC VOLUMES
C9: 1. Car | D9: 2. Station Wagon | E9: 3. Pickups | F9: 4. Minibus, matatu | G9: 5. Medium bus | H9: 6. Large Bus | I9: 7. Light Truck | J9: 8. Medium Truck | K9: 9. Heavy truck | L9: 10. Truck Trailer | M9: 11. Motor cycles | N9: 12. Tractors | O9: Total Excl M/Cycles | P9: Total All | R9: Time | S9: 1. Car | T9: 2. Station Wagon | U9: 3. Pickups | V9: 4. Minibus, matatu | W9: 5. Medium bus | X9: 6. Large Bus | Y9: 7. Light Truck | Z9: 8. Medium Truck | AA9: 9. Heavy truck | AB9: 10. Truck Trailer | AC9: 11. Motorcycles | AD9: 12. Tractors, Graders | AE9: Total Excl M/ Cycles | AF9: Total All
B10: 07.00 - 07.15 | C10: 28 | D10: 1 | E10: 2 | F10: 42 | G10: 0 | H10: 0 | I10: 2 | J10: 0 | K10: 0 | L10: 0 | M10: 85 | N10: 0 | O10: =SUM(C10:L10,N10) -> 75 | P10: =SUM(C10:N10) -> 160 | R10: 0700-0800 | S10: =SUM(C10:C13) -> 201 | T10: =SUM(D10:D13) -> 6 | U10: =SUM(E10:E13) -> 6 | V10: =SUM(F10:F13) -> 163 | W10: =SUM(G10:G13) -> 0 | X10: =SUM(H10:H13) -> 0 | Y10: =SUM(I10:I13) -> 6 | Z10: =SUM(J10:J13) -> 1 | ... AF10: =SUM(P10:P13) -> 780
B11: 07.15 - 07.30 | C11: 46 | D11: 0 | E11: 0 | F11: 34 | G11: 0 | H11: 0 | I11: 0 | J11: 0 | K11: 0 | L11: 0 | M11: 103 | N11: 0 | O11: =SUM(C11:L11,N11) -> 80 | P11: =SUM(C11:N11) -> 183 | R11: 0800-0900 | S11: =SUM(C14:C17) -> 107 | T11: =SUM(D14:D17) -> 8 | U11: =SUM(E14:E17) -> 7 | V11: =SUM(F14:F17) -> 68 | W11: =SUM(G14:G17) -> 0 | X11: =SUM(H14:H17) -> 1 | Y11: =SUM(I14:I17) -> 13 | Z11: =SUM(J14:J17) -> 3 | ... AF11: =SUM(P14:P17) -> 609
B12: 07.30 - 07.45 | C12: 78 | D12: 3 | E12: 1 | F12: 40 | G12: 0 | H12: 0 | I12: 0 | J12: 0 | K12: 0 | L12: 0 | M12: 110 | N12: 0 | O12: =SUM(C12:L12,N12) -> 122 | P12: =SUM(C12:N12) -> 232 | R12: 0900-1000 | S12: =SUM(C18:C21) -> 65 | T12: =SUM(D18:D21) -> 2 | U12: =SUM(E18:E21) -> 4 | V12: =SUM(F18:F21) -> 52 | W12: =SUM(G18:G21) -> 0 | X12: =SUM(H18:H21) -> 0 | Y12: =SUM(I18:I21) -> 3 | Z12: =SUM(J18:J21) -> 3 | ... AF12: =SUM(P18:P21) -> 489
B13: 07.45 - 08.00 | C13: 49 | D13: 2 | E13: 3 | F13: 47 | G13: 0 | H13: 0 | I13: 4 | J13: 1 | K13: 0 | L13: 0 | M13: 99 | N13: 0 | O13: =SUM(C13:L13,N13) -> 106 | P13: =SUM(C13:N13) -> 205 | R13: 1000-1100 | S13: =SUM(C22:C25) -> 123 | T13: =SUM(D22:D25) -> 7 | U13: =SUM(E22:E25) -> 8 | V13: =SUM(F22:F25) -> 65 | W13: =SUM(G22:G25) -> 0 | X13: =SUM(H22:H25) -> 0 | Y13: =SUM(I22:I25) -> 4 | Z13: =SUM(J22:J25) -> 6 | ... AF13: =SUM(P22:P25) -> 610
B14: 08.00 - 08.15 | C14: 41 | D14: 3 | E14: 1 | F14: 35 | G14: 0 | H14: 1 | I14: 5 | J14: 0 | K14: 0 | L14: 0 | M14: 110 | N14: 0 | O14: =SUM(C14:L14,N14) -> 86 | P14: =SUM(C14:N14) -> 196 | R14: 1100-1200 | S14: =SUM(C26:C29) -> 156 | T14: =SUM(D26:D29) -> 10 | U14: =SUM(E26:E29) -> 17 | V14: =SUM(F26:F29) -> 40 | W14: =SUM(G26:G29) -> 0 | X14: =SUM(H26:H29) -> 0 | Y14: =SUM(I26:I29) -> 20 | Z14: =SUM(J26:J29) -> 1 | ... AF14: =SUM(P26:P29) -> 645
B15: 08.15 - 08.30 | C15: 11 | D15: 1 | E15: 1 | F15: 8 | G15: 0 | H15: 0 | I15: 2 | J15: 2 | K15: 0 | L15: 3 | M15: 100 | N15: 0 | O15: =SUM(C15:L15,N15) -> 28 | P15: =SUM(C15:N15) -> 128 | R15: 1200-1300 | S15: =SUM(C30:C33) -> 173 | T15: =SUM(D30:D33) -> 5 | U15: =SUM(E30:E33) -> 8 | V15: =SUM(F30:F33) -> 32 | W15: =SUM(G30:G33) -> 1 | X15: =SUM(H30:H33) -> 0 | Y15: =SUM(I30:I33) -> 12 | Z15: =SUM(J30:J33) -> 3 | ... AF15: =SUM(P30:P33) -> 583
B16: 08.30 - 08.45 | C16: 29 | D16: 1 | E16: 3 | F16: 13 | G16: 0 | H16: 0 | I16: 3 | J16: 1 | K16: 0 | L16: 0 | M16: 108 | N16: 0 | O16: =SUM(C16:L16,N16) -> 50 | P16: =SUM(C16:N16) -> 158 | R16: 1300-1400 | S16: =SUM(C34:C37) -> 182 | T16: =SUM(D34:D37) -> 4 | U16: =SUM(E34:E37) -> 13 | V16: =SUM(F34:F37) -> 26 | W16: =SUM(G34:G37) -> 0 | X16: =SUM(H34:H37) -> 0 | Y16: =SUM(I34:I37) -> 19 | Z16: =SUM(J34:J37) -> 4 | ... AF16: =SUM(P34:P37) -> 597
B17: 08.45 - 9.00 | C17: 26 | D17: 3 | E17: 2 | F17: 12 | G17: 0 | H17: 0 | I17: 3 | J17: 0 | K17: 0 | L17: 2 | M17: 79 | N17: 0 | O17: =SUM(C17:L17,N17) -> 48 | P17: =SUM(C17:N17) -> 127 | R17: 1400-1500 | S17: =SUM(C38:C41) -> 107 | T17: =SUM(D38:D41) -> 2 | U17: =SUM(E38:E41) -> 1 | V17: =SUM(F38:F41) -> 47 | W17: =SUM(G38:G41) -> 0 | X17: =SUM(H38:H41) -> 0 | Y17: =SUM(I38:I41) -> 5 | Z17: =SUM(J38:J41) -> 5 | ... AF17: =SUM(P38:P41) -> 399
B18: 09.00 - 09.15 | C18: 11 | D18: 1 | E18: 0 | F18: 12 | G18: 0 | H18: 0 | I18: 1 | J18: 0 | K18: 0 | L18: 0 | M18: 100 | N18: 0 | O18: =SUM(C18:L18,N18) -> 25 | P18: =SUM(C18:N18) -> 125 | R18: 1500-1600 | S18: =SUM(C42:C45) -> 156 | T18: =SUM(D42:D45) -> 4 | U18: =SUM(E42:E45) -> 9 | V18: =SUM(F42:F45) -> 24 | W18: =SUM(G42:G45) -> 0 | X18: =SUM(H42:H45) -> 0 | Y18: =SUM(I42:I45) -> 11 | Z18: =SUM(J42:J45) -> 3 | ... AF18: =SUM(P42:P45) -> 423
B19: 09.15 - 09.30 | C19: 7 | D19: 0 | E19: 1 | F19: 20 | G19: 0 | H19: 0 | I19: 0 | J19: 0 | K19: 0 | L19: 0 | M19: 80 | N19: 0 | O19: =SUM(C19:L19,N19) -> 28 | P19: =SUM(C19:N19) -> 108 | R19: 1600-1700 | S19: =SUM(C46:C49) -> 152 | T19: =SUM(D46:D49) -> 3 | U19: =SUM(E46:E49) -> 7 | V19: =SUM(F46:F49) -> 54 | W19: =SUM(G46:G49) -> 1 | X19: =SUM(H46:H49) -> 0 | Y19: =SUM(I46:I49) -> 7 | Z19: =SUM(J46:J49) -> 4 | ... AF19: =SUM(P46:P49) -> 473
B20: 09.30 - 09.45 | C20: 30 | D20: 0 | E20: 2 | F20: 11 | G20: 0 | H20: 0 | I20: 0 | J20: 2 | K20: 0 | L20: 0 | M20: 73 | N20: 0 | O20: =SUM(C20:L20,N20) -> 45 | P20: =SUM(C20:N20) -> 118 | R20: 1700-1800 | S20: =SUM(C50:C53) -> 177 | T20: =SUM(D50:D53) -> 4 | U20: =SUM(E50:E53) -> 12 | V20: =SUM(F50:F53) -> 58 | W20: =SUM(G50:G53) -> 0 | X20: =SUM(H50:H53) -> 0 | Y20: =SUM(I50:I53) -> 6 | Z20: =SUM(J50:J53) -> 6 | ... AF20: =SUM(P50:P53) -> 527
B21: 09.45 - 10.00 | C21: 17 | D21: 1 | E21: 1 | F21: 9 | G21: 0 | H21: 0 | I21: 2 | J21: 1 | K21: 0 | L21: 2 | M21: 105 | N21: 0 | O21: =SUM(C21:L21,N21) -> 33 | P21: =SUM(C21:N21) -> 138 | R21: 1800-1900 | S21: =SUM(C54:C57) -> 164 | T21: =SUM(D54:D57) -> 5 | U21: =SUM(E54:E57) -> 6 | V21: =SUM(F54:F57) -> 112 | W21: =SUM(G54:G57) -> 0 | X21: =SUM(H54:H57) -> 0 | Y21: =SUM(I54:I57) -> 19 | Z21: =SUM(J54:J57) -> 4 | ... AF21: =SUM(P54:P57) -> 544
B22: 10.00 - 10.15 | C22: 18 | D22: 1 | E22: 2 | F22: 12 | G22: 0 | H22: 0 | I22: 1 | J22: 3 | K22: 0 | L22: 0 | M22: 110 | N22: 0 | O22: =SUM(C22:L22,N22) -> 37 | P22: =SUM(C22:N22) -> 147 | R22: 1900-2000 | S22: =SUM(C58:C61) -> 151 | T22: =SUM(D58:D61) -> 12 | U22: =SUM(E58:E61) -> 6 | V22: =SUM(F58:F61) -> 63 | W22: =SUM(G58:G61) -> 0 | X22: =SUM(H58:H61) -> 0 | Y22: =SUM(I58:I61) -> 8 | Z22: =SUM(J58:J61) -> 0 | ... AF22: =SUM(P58:P61) -> 488
B23: 10.15 - 10.30 | C23: 40 | D23: 2 | E23: 2 | F23: 21 | G23: 0 | H23: 0 | I23: 0 | J23: 2 | K23: 0 | L23: 0 | M23: 89 | N23: 0 | O23: =SUM(C23:L23,N23) -> 67 | P23: =SUM(C23:N23) -> 156 | R23: 2000-2100 | S23: =SUM(C62:C65) -> 273 | T23: =SUM(D62:D65) -> 20 | U23: =SUM(E62:E65) -> 13 | V23: =SUM(F62:F65) -> 113 | W23: =SUM(G62:G65) -> 2 | X23: =SUM(H62:H65) -> 0 | Y23: =SUM(I62:I65) -> 28 | Z23: =SUM(J62:J65) -> 12 | ... AF23: =SUM(P62:P65) -> 837
B24: 10.30 - 10.45 | C24: 29 | D24: 4 | E24: 3 | F24: 23 | G24: 0 | H24: 0 | I24: 3 | J24: 0 | K24: 0 | L24: 0 | M24: 90 | N24: 0 | O24: =SUM(C24:L24,N24) -> 62 | P24: =SUM(C24:N24) -> 152 | R24: 2100-2200 | S24: =SUM(C66:C69) -> 324 | T24: =SUM(D66:D69) -> 16 | U24: =SUM(E66:E69) -> 12 | V24: =SUM(F66:F69) -> 81 | W24: =SUM(G66:G69) -> 0 | X24: =SUM(H66:H69) -> 0 | Y24: =SUM(I66:I69) -> 28 | Z24: =SUM(J66:J69) -> 8 | ... AF24: =SUM(P66:P69) -> 1060
B25: 10.45 - 11.00 | C25: 36 | D25: 0 | E25: 1 | F25: 9 | G25: 0 | H25: 0 | I25: 0 | J25: 1 | K25: 3 | L25: 0 | M25: 105 | N25: 0 | O25: =SUM(C25:L25,N25) -> 50 | P25: =SUM(C25:N25) -> 155 | R25: 2200-2300 | S25: =SUM(C70:C73) -> 233 | T25: =SUM(D70:D73) -> 13 | U25: =SUM(E70:E73) -> 5 | V25: =SUM(F70:F73) -> 26 | W25: =SUM(G70:G73) -> 1 | X25: =SUM(H70:H73) -> 0 | Y25: =SUM(I70:I73) -> 16 | Z25: =SUM(J70:J73) -> 7 | ... AF25: =SUM(P70:P73) -> 648
B26: 11.00 - 11.15 | C26: 19 | D26: 1 | E26: 2 | F26: 4 | G26: 0 | H26: 0 | I26: 1 | J26: 0 | K26: 0 | L26: 0 | M26: 130 | N26: 0 | O26: =SUM(C26:L26,N26) -> 27 | P26: =SUM(C26:N26) -> 157 | R26: 2300-0000 | S26: =SUM(C74:C77) -> 169 | T26: =SUM(D74:D77) -> 5 | U26: =SUM(E74:E77) -> 6 | V26: =SUM(F74:F77) -> 19 | W26: =SUM(G74:G77) -> 0 | X26: =SUM(H74:H77) -> 1 | Y26: =SUM(I74:I77) -> 5 | Z26: =SUM(J74:J77) -> 7 | ... AF26: =SUM(P74:P77) -> 434
B27: 11.15 - 11.30 | C27: 42 | D27: 0 | E27: 0 | F27: 12 | G27: 0 | H27: 0 | I27: 7 | J27: 0 | K27: 0 | L27: 0 | M27: 80 | N27: 0 | O27: =SUM(C27:L27,N27) -> 61 | P27: =SUM(C27:N27) -> 141 | R27: 0000-0100 | S27: =SUM(C78:C81) -> 63 | T27: =SUM(D78:D81) -> 10 | U27: =SUM(E78:E81) -> 4 | V27: =SUM(F78:F81) -> 33 | W27: =SUM(G78:G81) -> 0 | X27: =SUM(H78:H81) -> 0 | Y27: =SUM(I78:I81) -> 3 | Z27: =SUM(J78:J81) -> 4 | ... AF27: =SUM(P78:P81) -> 244
B28: 11.30 - 11.45 | C28: 50 | D28: 3 | E28: 10 | F28: 15 | G28: 0 | H28: 0 | I28: 4 | J28: 1 | K28: 0 | L28: 3 | M28: 100 | N28: 0 | O28: =SUM(C28:L28,N28) -> 86 | P28: =SUM(C28:N28) -> 186 | R28: 0100-0200 | S28: =SUM(C82:C85) -> 64 | T28: =SUM(D82:D85) -> 3 | U28: =SUM(E82:E85) -> 3 | V28: =SUM(F82:F85) -> 11 | W28: =SUM(G82:G85) -> 0 | X28: =SUM(H82:H85) -> 0 | Y28: =SUM(I82:I85) -> 8 | Z28: =SUM(J82:J85) -> 2 | ... AF28: =SUM(P82:P85) -> 210
B29: 11.45 - 12.00 | C29: 45 | D29: 6 | E29: 5 | F29: 9 | G29: 0 | H29: 0 | I29: 8 | J29: 0 | K29: 2 | L29: 1 | M29: 85 | N29: 0 | O29: =SUM(C29:L29,N29) -> 76 | P29: =SUM(C29:N29) -> 161 | R29: 0200-0300 | S29: =SUM(C86:C89) -> 25 | T29: =SUM(D86:D89) -> 0 | U29: =SUM(E86:E89) -> 0 | V29: =SUM(F86:F89) -> 0 | W29: =SUM(G86:G89) -> 0 | X29: =SUM(H86:H89) -> 0 | Y29: =SUM(I86:I89) -> 0 | Z29: =SUM(J86:J89) -> 2 | ... AF29: =SUM(P86:P89) -> 99
B30: 12.00 - 12.15 | C30: 38 | D30: 0 | E30: 1 | F30: 7 | G30: 1 | H30: 0 | I30: 2 | J30: 0 | K30: 0 | L30: 0 | M30: 90 | N30: 0 | O30: =SUM(C30:L30,N30) -> 49 | P30: =SUM(C30:N30) -> 139 | R30: 0300-0400 | S30: =SUM(C90:C93) -> 28 | T30: =SUM(D90:D93) -> 1 | U30: =SUM(E90:E93) -> 0 | V30: =SUM(F90:F93) -> 0 | W30: =SUM(G90:G93) -> 0 | X30: =SUM(H90:H93) -> 0 | Y30: =SUM(I90:I93) -> 2 | Z30: =SUM(J90:J93) -> 0 | ... AF30: =SUM(P90:P93) -> 69
B31: 12.15 - 12.30 | C31: 25 | D31: 1 | E31: 3 | F31: 4 | G31: 0 | H31: 0 | I31: 6 | J31: 1 | K31: 0 | L31: 1 | M31: 85 | N31: 0 | O31: =SUM(C31:L31,N31) -> 41 | P31: =SUM(C31:N31) -> 126 | R31: 0400-0500 | S31: =SUM(C94:C97) -> 14 | T31: =SUM(D94:D97) -> 0 | U31: =SUM(E94:E97) -> 0 | V31: =SUM(F94:F97) -> 0 | W31: =SUM(G94:G97) -> 0 | X31: =SUM(H94:H97) -> 0 | Y31: =SUM(I94:I97) -> 1 | Z31: =SUM(J94:J97) -> 1 | ... AF31: =SUM(P94:P97) -> 45
B32: 12.30 - 12.45 | C32: 59 | D32: 2 | E32: 0 | F32: 12 | G32: 0 | H32: 0 | I32: 1 | J32: 0 | K32: 0 | L32: 0 | M32: 80 | N32: 0 | O32: =SUM(C32:L32,N32) -> 74 | P32: =SUM(C32:N32) -> 154 | R32: 0500-0600 | S32: =SUM(C98:C101) -> 16 | T32: =SUM(D98:D101) -> 2 | U32: =SUM(E98:E101) -> 0 | V32: =SUM(F98:F101) -> 1 | W32: =SUM(G98:G101) -> 1 | X32: =SUM(H98:H101) -> 0 | Y32: =SUM(I98:I101) -> 3 | Z32: =SUM(J98:J101) -> 1 | ... AF32: =SUM(P98:P101) -> 109
B33: 12.45 - 13.00 | C33: 51 | D33: 2 | E33: 4 | F33: 9 | G33: 0 | H33: 0 | I33: 3 | J33: 2 | K33: 0 | L33: 0 | M33: 93 | N33: 0 | O33: =SUM(C33:L33,N33) -> 71 | P33: =SUM(C33:N33) -> 164 | R33: 0600-0700 | S33: =SUM(C102:C105) -> 21 | T33: =SUM(D102:D105) -> 1 | U33: =SUM(E102:E105) -> 1 | V33: =SUM(F102:F105) -> 3 | W33: =SUM(G102:G105) -> 0 | X33: =SUM(H102:H105) -> 0 | Y33: =SUM(I102:I105) -> 1 | Z33: =SUM(J102:J105) -> 0 | ... AF33: =SUM(P102:P105) -> 96
B34: 13.00 - 13.15 | C34: 50 | D34: 0 | E34: 1 | F34: 9 | G34: 0 | H34: 0 | I34: 9 | J34: 1 | K34: 0 | L34: 0 | M34: 122 | N34: 0 | O34: =SUM(C34:L34,N34) -> 70 | P34: =SUM(C34:N34) -> 192 | R34: AM Peak Hr | S34: =MAX(S10:S12) -> 201 | T34: =MAX(T10:T12) -> 8 | U34: =MAX(U10:U12) -> 7 | V34: =MAX(V10:V12) -> 163 | W34: =MAX(W10:W12) -> 0 | X34: =MAX(X10:X12) -> 1 | Y34: =MAX(Y10:Y12) -> 13 | Z34: =MAX(Z10:Z12) -> 3 | ... AF34: =MAX(AF10:AF12) -> 780
B35: 13.15 - 13.30 | C35: 37 | D35: 3 | E35: 7 | F35: 7 | G35: 0 | H35: 0 | I35: 5 | J35: 2 | K35: 1 | L35: 2 | M35: 110 | N35: 0 | O35: =SUM(C35:L35,N35) -> 64 | P35: =SUM(C35:N35) -> 174 | R35: IP Peak Hr | S35: =MAX(S13:S18) -> 182 | T35: =MAX(T13:T18) -> 10 | U35: =MAX(U13:U18) -> 17 | V35: =MAX(V13:V18) -> 65 | W35: =MAX(W13:W18) -> 1 | X35: =MAX(X13:X18) -> 0 | Y35: =MAX(Y13:Y18) -> 20 | Z35: =MAX(Z13:Z18) -> 6 | ... AF35: =MAX(AF13:AF18) -> 645
B36: 13.30 - 13.45 | C36: 30 | D36: 1 | E36: 1 | F36: 10 | G36: 0 | H36: 0 | I36: 3 | J36: 1 | K36: 0 | L36: 0 | M36: 65 | N36: 0 | O36: =SUM(C36:L36,N36) -> 46 | P36: =SUM(C36:N36) -> 111 | R36: PM Peak Hr | S36: =MAX(S19:S21) -> 177 | T36: =MAX(T19:T21) -> 5 | U36: =MAX(U19:U21) -> 12 | V36: =MAX(V19:V21) -> 112 | W36: =MAX(W19:W21) -> 1 | X36: =MAX(X19:X21) -> 0 | Y36: =MAX(Y19:Y21) -> 19 | Z36: =MAX(Z19:Z21) -> 6 | ... AF36: =MAX(AF19:AF21) -> 544
B37: 13.45 - 14.00 | C37: 65 | D37: 0 | E37: 4 | F37: 0 | G37: 0 | H37: 0 | I37: 2 | J37: 0 | K37: 0 | L37: 1 | M37: 48 | N37: 0 | O37: =SUM(C37:L37,N37) -> 72 | P37: =SUM(C37:N37) -> 120 | R37: AM Period | S37: =SUM(S10:S12) -> 373 | T37: =SUM(T10:T12) -> 16 | U37: =SUM(U10:U12) -> 17 | V37: =SUM(V10:V12) -> 283 | W37: =SUM(W10:W12) -> 0 | X37: =SUM(X10:X12) -> 1 | Y37: =SUM(Y10:Y12) -> 22 | Z37: =SUM(Z10:Z12) -> 7 | ... AF37: =SUM(AF10:AF12) -> 1878
B38: 14.00 - 14.15 | C38: 43 | D38: 1 | E38: 1 | F38: 11 | G38: 0 | H38: 0 | I38: 2 | J38: 4 | K38: 0 | L38: 2 | M38: 85 | N38: 0 | O38: =SUM(C38:L38,N38) -> 64 | P38: =SUM(C38:N38) -> 149 | R38: IP Period | S38: =SUM(S13:S18) -> 897 | T38: =SUM(T13:T18) -> 32 | U38: =SUM(U13:U18) -> 56 | V38: =SUM(V13:V18) -> 234 | W38: =SUM(W13:W18) -> 1 | X38: =SUM(X13:X18) -> 0 | Y38: =SUM(Y13:Y18) -> 71 | Z38: =SUM(Z13:Z18) -> 22 | ... AF38: =SUM(AF13:AF18) -> 3257
B39: 14.15 - 14.30 | C39: 22 | D39: 0 | E39: 0 | F39: 3 | G39: 0 | H39: 0 | I39: 0 | J39: 1 | K39: 0 | L39: 1 | M39: 51 | N39: 0 | O39: =SUM(C39:L39,N39) -> 27 | P39: =SUM(C39:N39) -> 78 | R39: PM Period | S39: =SUM(S19:S21) -> 493 | T39: =SUM(T19:T21) -> 12 | U39: =SUM(U19:U21) -> 25 | V39: =SUM(V19:V21) -> 224 | W39: =SUM(W19:W21) -> 1 | X39: =SUM(X19:X21) -> 0 | Y39: =SUM(Y19:Y21) -> 32 | Z39: =SUM(Z19:Z21) -> 14 | ... AF39: =SUM(AF19:AF21) -> 1544
B40: 14.30 - 14.45 | C40: 25 | D40: 1 | E40: 0 | F40: 9 | G40: 0 | H40: 0 | I40: 2 | J40: 0 | K40: 0 | L40: 0 | M40: 36 | N40: 0 | O40: =SUM(C40:L40,N40) -> 37 | P40: =SUM(C40:N40) -> 73 | R40: 12 Hours | S40: =SUM(S10:S21) -> 1763 | T40: =SUM(T10:T21) -> 60 | U40: =SUM(U10:U21) -> 98 | V40: =SUM(V10:V21) -> 741 | W40: =SUM(W10:W21) -> 2 | X40: =SUM(X10:X21) -> 1 | Y40: =SUM(Y10:Y21) -> 125 | Z40: =SUM(Z10:Z21) -> 43 | ... AF40: =SUM(AF10:AF21) -> 6679
B41: 14.45 - 15.00 | C41: 17 | D41: 0 | E41: 0 | F41: 24 | G41: 0 | H41: 0 | I41: 1 | J41: 0 | K41: 0 | L41: 1 | M41: 56 | N41: 0 | O41: =SUM(C41:L41,N41) -> 43 | P41: =SUM(C41:N41) -> 99 | R41: 24 Hrs/ADT | S41: =SUM(S10:S33) -> 3144 | T41: =SUM(T10:T33) -> 143 | U41: =SUM(U10:U33) -> 148 | V41: =SUM(V10:V33) -> 1091 | W41: =SUM(W10:W33) -> 6 | X41: =SUM(X10:X33) -> 2 | Y41: =SUM(Y10:Y33) -> 228 | Z41: =SUM(Z10:Z33) -> 87 | ... AF41: =SUM(AF10:AF33) -> 11018
B42: 15.00 - 15.15 | C42: 23 | D42: 1 | E42: 6 | F42: 3 | G42: 0 | H42: 0 | I42: 2 | J42: 1 | K42: 1 | L42: 1 | M42: 31 | N42: 0 | O42: =SUM(C42:L42,N42) -> 38 | P42: =SUM(C42:N42) -> 69 | R42: NEF | S42: =S41/S40 -> 1.7833239 | T42: =T41/T40 -> 2.3833333 | U42: =U41/U40 -> 1.5102041 | V42: =V41/V40 -> 1.4723347 | W42: =W41/W40 -> 3 | X42: =X41/X40 -> 2 | Y42: =Y41/Y40 -> 1.824 | Z42: =Z41/Z40 -> 2.0232558 | ... AF42: =AF41/AF40 -> 1.6496482
B43: 15.15 - 15.30 | C43: 32 | D43: 2 | E43: 2 | F43: 10 | G43: 0 | H43: 0 | I43: 3 | J43: 0 | K43: 0 | L43: 0 | M43: 55 | N43: 0 | O43: =SUM(C43:L43,N43) -> 49 | P43: =SUM(C43:N43) -> 104
B44: 15.30 - 15.45 | C44: 48 | D44: 0 | E44: 1 | F44: 6 | G44: 0 | H44: 0 | I44: 2 | J44: 0 | K44: 0 | L44: 0 | M44: 44 | N44: 0 | O44: =SUM(C44:L44,N44) -> 57 | P44: =SUM(C44:N44) -> 101
B45: 15.45 - 16.00 | C45: 53 | D45: 1 | E45: 0 | F45: 5 | G45: 0 | H45: 0 | I45: 4 | J45: 2 | K45: 0 | L45: 2 | M45: 82 | N45: 0 | O45: =SUM(C45:L45,N45) -> 67 | P45: =SUM(C45:N45) -> 149
B46: 16.00 - 16.15 | C46: 52 | D46: 3 | E46: 4 | F46: 7 | G46: 0 | H46: 0 | I46: 3 | J46: 1 | K46: 0 | L46: 0 | M46: 69 | N46: 0 | O46: =SUM(C46:L46,N46) -> 70 | P46: =SUM(C46:N46) -> 139
B47: 16.15 -16.30 | C47: 43 | D47: 0 | E47: 1 | F47: 11 | G47: 0 | H47: 0 | I47: 3 | J47: 2 | K47: 0 | L47: 0 | M47: 60 | N47: 0 | O47: =SUM(C47:L47,N47) -> 60 | P47: =SUM(C47:N47) -> 120
B48: 16.30 -16.45 | C48: 25 | D48: 0 | E48: 0 | F48: 16 | G48: 0 | H48: 0 | I48: 0 | J48: 1 | K48: 0 | L48: 0 | M48: 60 | N48: 0 | O48: =SUM(C48:L48,N48) -> 42 | P48: =SUM(C48:N48) -> 102
B49: 16.45 -17.00 | C49: 32 | D49: 0 | E49: 2 | F49: 20 | G49: 1 | H49: 0 | I49: 1 | J49: 0 | K49: 0 | L49: 0 | M49: 56 | N49: 0 | O49: =SUM(C49:L49,N49) -> 56 | P49: =SUM(C49:N49) -> 112
B50: 17.00 -17.15 | C50: 55 | D50: 0 | E50: 6 | F50: 25 | G50: 0 | H50: 0 | I50: 1 | J50: 2 | K50: 0 | L50: 0 | M50: 75 | N50: 0 | O50: =SUM(C50:L50,N50) -> 89 | P50: =SUM(C50:N50) -> 164
B51: 17.15 -17.30 | C51: 25 | D51: 1 | E51: 0 | F51: 31 | G51: 0 | H51: 0 | I51: 2 | J51: 4 | K51: 0 | L51: 0 | M51: 66 | N51: 0 | O51: =SUM(C51:L51,N51) -> 63 | P51: =SUM(C51:N51) -> 129
B52: 17.30 -17.45 | C52: 43 | D52: 0 | E52: 1 | F52: 2 | G52: 0 | H52: 0 | I52: 3 | J52: 0 | K52: 0 | L52: 0 | M52: 77 | N52: 0 | O52: =SUM(C52:L52,N52) -> 49 | P52: =SUM(C52:N52) -> 126
B53: 17.45 -18.00 | C53: 54 | D53: 3 | E53: 5 | F53: 0 | G53: 0 | H53: 0 | I53: 0 | J53: 0 | K53: 1 | L53: 1 | M53: 44 | N53: 0 | O53: =SUM(C53:L53,N53) -> 64 | P53: =SUM(C53:N53) -> 108
B54: 18.00 - 18.15 | C54: 32 | D54: 2 | E54: 1 | F54: 37 | G54: 0 | H54: 0 | I54: 4 | J54: 1 | K54: 0 | L54: 0 | M54: 69 | N54: 0 | O54: =SUM(C54:L54,N54) -> 77 | P54: =SUM(C54:N54) -> 146
... B105: 06.45 - 07.00 | C105: 6 | D105: 0 | E105: 0 | F105: 0 | G105: 0 | H105: 0 | I105: 0 | J105: 0 | K105: 0 | L105: 0 | M105: 5 | N105: 0 | O105: =SUM(C105:L105,N105) -> 6 | P105: =SUM(C105:N105) -> 11
B106: Totals | C106: =SUM(C10:C105) -> 3144 | D106: =SUM(D10:D105) -> 143 | E106: =SUM(E10:E105) -> 148 | F106: =SUM(F10:F105) -> 1091 | G106: =SUM(G10:G105) -> 6 | H106: =SUM(H10:H105) -> 2 | I106: =SUM(I10:I105) -> 228 | J106: =SUM(J10:J105) -> 87 | ... P106: =SUM(P10:P105) -> 11018
B107: %ges + MCs | C107: =C106/$P$106 -> 0.28535124 | D107: =D106/$P$106 -> 0.012978762 | E107: =E106/$P$106 -> 0.013432565 | F107: =F106/$P$106 -> 0.099019786 | G107: =G106/$P$106 -> 0.00054456344 | H107: =H106/$P$106 -> 0.00018152115 | I107: =I106/$P$106 -> 0.020693411 | J107: =J106/$P$106 -> 0.0078961699 | ... N107: =N106/$P$106 -> 0
B108: %ges w/o MCs | C108: =C106/$O$106 -> 0.64176363 | D108: =D106/$O$106 -> 0.029189631 | E108: =E106/$O$106 -> 0.030210247 | F108: =F106/$O$106 -> 0.22269851 | G108: =G106/$O$106 -> 0.0012247397 | H108: =H106/$O$106 -> 0.00040824658 | I108: =I106/$O$106 -> 0.04654011 | J108: =J106/$O$106 -> 0.017758726 | ... L108: =L106/$O$106 -> 0.0046948357 | N108: =N106/$O$106 -> 0

Sheet 27.07 Nyanama-Ndeeba-24h
B1: Consultancy services for Preparation of Expressway Development Master Plan (EDMP) for Uganda
B2: MANUAL CLASSIFIED COUNT (MCC)
B3: ROAD NAME: | C3: ='22.07 Ndeeba-Nyanama'!C3:G3 -> MCC - C1 - STN04 - WERAGA ROAD
C5: Date | D5: ='27.07 Ndeeba-Nyanama-24h'!D5 -> 27.07.19 | F5: Location | G5: ='27.07 Ndeeba-Nyanama-24h'!G5:H5 -> Golden Mille Hotel | J5: Surveyor | K5: Walter & Kaala
C6: Dir. From | D6: ='22.07 Nyanama-Ndeeba'!D6:E6 -> Nyanama | F6: Dir. To | G6: ='22.07 Nyanama-Ndeeba'!G6:H6 -> Ndeeba | J6: Supervisor | K6: ='27.07 Ndeeba-Nyanama-24h'!K6:L6 -> Denis
B8: Time / Veh Type | R8: SUMMARY TRAFFIC VOLUMES
C9: 1. Car | D9: 2. Station Wagon | E9: 3. Pickups | F9: 4. Minibus, matatu | G9: 5. Medium bus | H9: 6. Large Bus | I9: 7. Light Truck | J9: 8. Medium Truck | K9: 9. Heavy truck | L9: 10. Truck Trailer | M9: 11. Motor cycles | N9: 12. Tractors | O9: Total Excl M/Cycles | P9: Total All | R9: Time | S9: 1. Car | T9: 2. Station Wagon | U9: 3. Pickups | V9: 4. Minibus, matatu | W9: 5. Medium bus | X9: 6. Large Bus | Y9: 7. Light Truck | Z9: 8. Medium Truck | AA9: 9. Heavy truck | AB9: 10. Truck Trailer | AC9: 11. Motorcycles | AD9: 12. Tractors, Graders | AE9: Total Excl M/ Cycles | AF9: Total All
B10: 07.00 - 07.15 | C10: 25 | D10: 2 | E10: 4 | F10: 6 | G10: 0 | H10: 0 | I10: 6 | J10: 0 | K10: 0 | L10: 0 | M10: 100 | N10: 0 | O10: =SUM(C10:L10,N10) -> 43 | P10: =SUM(C10:N10) -> 143 | R10: 0700-0800 | S10: =SUM(C10:C13) -> 177 | T10: =SUM(D10:D13) -> 23 | U10: =SUM(E10:E13) -> 13 | V10: =SUM(F10:F13) -> 44 | W10: =SUM(G10:G13) -> 0 | X10: =SUM(H10:H13) -> 0 | Y10: =SUM(I10:I13) -> 16 | Z10: =SUM(J10:J13) -> 5 | ... AF10: =SUM(P10:P13) -> 736
B11: 07.15 - 07.30 | C11: 53 | D11: 6 | E11: 0 | F11: 13 | G11: 0 | H11: 0 | I11: 3 | J11: 3 | K11: 0 | L11: 0 | M11: 113 | N11: 0 | O11: =SUM(C11:L11,N11) -> 78 | P11: =SUM(C11:N11) -> 191 | R11: 0800-0900 | S11: =SUM(C14:C17) -> 257 | T11: =SUM(D14:D17) -> 32 | U11: =SUM(E14:E17) -> 23 | V11: =SUM(F14:F17) -> 69 | W11: =SUM(G14:G17) -> 2 | X11: =SUM(H14:H17) -> 0 | Y11: =SUM(I14:I17) -> 4 | Z11: =SUM(J14:J17) -> 2 | ... AF11: =SUM(P14:P17) -> 860
B12: 07.30 - 07.45 | C12: 54 | D12: 7 | E12: 3 | F12: 13 | G12: 0 | H12: 0 | I12: 4 | J12: 0 | K12: 4 | L12: 0 | M12: 109 | N12: 0 | O12: =SUM(C12:L12,N12) -> 85 | P12: =SUM(C12:N12) -> 194 | R12: 0900-1000 | S12: =SUM(C18:C21) -> 309 | T12: =SUM(D18:D21) -> 25 | U12: =SUM(E18:E21) -> 17 | V12: =SUM(F18:F21) -> 74 | W12: =SUM(G18:G21) -> 1 | X12: =SUM(H18:H21) -> 0 | Y12: =SUM(I18:I21) -> 15 | Z12: =SUM(J18:J21) -> 4 | ... AF12: =SUM(P18:P21) -> 922
B13: 07.45 - 08.00 | C13: 45 | D13: 8 | E13: 6 | F13: 12 | G13: 0 | H13: 0 | I13: 3 | J13: 2 | K13: 0 | L13: 0 | M13: 132 | N13: 0 | O13: =SUM(C13:L13,N13) -> 76 | P13: =SUM(C13:N13) -> 208 | R13: 1000-1100 | S13: =SUM(C22:C25) -> 296 | T13: =SUM(D22:D25) -> 26 | U13: =SUM(E22:E25) -> 23 | V13: =SUM(F22:F25) -> 32 | W13: =SUM(G22:G25) -> 3 | X13: =SUM(H22:H25) -> 0 | Y13: =SUM(I22:I25) -> 8 | Z13: =SUM(J22:J25) -> 10 | ... AF13: =SUM(P22:P25) -> 809
B14: 08.00 - 08.15 | C14: 43 | D14: 9 | E14: 2 | F14: 10 | G14: 0 | H14: 0 | I14: 0 | J14: 0 | K14: 0 | L14: 0 | M14: 109 | N14: 0 | O14: =SUM(C14:L14,N14) -> 64 | P14: =SUM(C14:N14) -> 173 | R14: 1100-1200 | S14: =SUM(C26:C29) -> 225 | T14: =SUM(D26:D29) -> 27 | U14: =SUM(E26:E29) -> 21 | V14: =SUM(F26:F29) -> 32 | W14: =SUM(G26:G29) -> 0 | X14: =SUM(H26:H29) -> 0 | Y14: =SUM(I26:I29) -> 15 | Z14: =SUM(J26:J29) -> 13 | ... AF14: =SUM(P26:P29) -> 779
B15: 08.15 - 08.30 | C15: 74 | D15: 12 | E15: 11 | F15: 23 | G15: 0 | H15: 0 | I15: 0 | J15: 1 | K15: 0 | L15: 0 | M15: 105 | N15: 0 | O15: =SUM(C15:L15,N15) -> 121 | P15: =SUM(C15:N15) -> 226 | R15: 1200-1300 | S15: =SUM(C30:C33) -> 167 | T15: =SUM(D30:D33) -> 17 | U15: =SUM(E30:E33) -> 16 | V15: =SUM(F30:F33) -> 22 | W15: =SUM(G30:G33) -> 0 | X15: =SUM(H30:H33) -> 0 | Y15: =SUM(I30:I33) -> 6 | Z15: =SUM(J30:J33) -> 5 | ... AF15: =SUM(P30:P33) -> 661
B16: 08.30 - 08.45 | C16: 60 | D16: 5 | E16: 3 | F16: 22 | G16: 2 | H16: 0 | I16: 2 | J16: 0 | K16: 0 | L16: 0 | M16: 120 | N16: 0 | O16: =SUM(C16:L16,N16) -> 94 | P16: =SUM(C16:N16) -> 214 | R16: 1300-1400 | S16: =SUM(C34:C37) -> 125 | T16: =SUM(D34:D37) -> 15 | U16: =SUM(E34:E37) -> 18 | V16: =SUM(F34:F37) -> 18 | W16: =SUM(G34:G37) -> 0 | X16: =SUM(H34:H37) -> 0 | Y16: =SUM(I34:I37) -> 13 | Z16: =SUM(J34:J37) -> 4 | ... AF16: =SUM(P34:P37) -> 469
B17: 08.45 - 9.00 | C17: 80 | D17: 6 | E17: 7 | F17: 14 | G17: 0 | H17: 0 | I17: 2 | J17: 1 | K17: 2 | L17: 0 | M17: 135 | N17: 0 | O17: =SUM(C17:L17,N17) -> 112 | P17: =SUM(C17:N17) -> 247 | R17: 1400-1500 | S17: =SUM(C38:C41) -> 125 | T17: =SUM(D38:D41) -> 23 | U17: =SUM(E38:E41) -> 12 | V17: =SUM(F38:F41) -> 22 | W17: =SUM(G38:G41) -> 0 | X17: =SUM(H38:H41) -> 0 | Y17: =SUM(I38:I41) -> 10 | Z17: =SUM(J38:J41) -> 3 | ... AF17: =SUM(P38:P41) -> 478
B18: 09.00 - 09.15 | C18: 70 | D18: 4 | E18: 2 | F18: 13 | G18: 1 | H18: 0 | I18: 5 | J18: 0 | K18: 0 | L18: 0 | M18: 118 | N18: 0 | O18: =SUM(C18:L18,N18) -> 95 | P18: =SUM(C18:N18) -> 213 | R18: 1500-1600 | S18: =SUM(C42:C45) -> 132 | T18: =SUM(D42:D45) -> 14 | U18: =SUM(E42:E45) -> 15 | V18: =SUM(F42:F45) -> 19 | W18: =SUM(G42:G45) -> 0 | X18: =SUM(H42:H45) -> 0 | Y18: =SUM(I42:I45) -> 10 | Z18: =SUM(J42:J45) -> 3 | ... AF18: =SUM(P42:P45) -> 447
B19: 09.15 - 09.30 | C19: 88 | D19: 7 | E19: 2 | F19: 22 | G19: 0 | H19: 0 | I19: 3 | J19: 2 | K19: 0 | L19: 0 | M19: 123 | N19: 0 | O19: =SUM(C19:L19,N19) -> 124 | P19: =SUM(C19:N19) -> 247 | R19: 1600-1700 | S19: =SUM(C46:C49) -> 153 | T19: =SUM(D46:D49) -> 15 | U19: =SUM(E46:E49) -> 7 | V19: =SUM(F46:F49) -> 31 | W19: =SUM(G46:G49) -> 1 | X19: =SUM(H46:H49) -> 0 | Y19: =SUM(I46:I49) -> 12 | Z19: =SUM(J46:J49) -> 5 | ... AF19: =SUM(P46:P49) -> 518
B20: 09.30 - 09.45 | C20: 94 | D20: 10 | E20: 8 | F20: 31 | G20: 0 | H20: 0 | I20: 1 | J20: 1 | K20: 1 | L20: 0 | M20: 120 | N20: 0 | O20: =SUM(C20:L20,N20) -> 146 | P20: =SUM(C20:N20) -> 266 | R20: 1700-1800 | S20: =SUM(C50:C53) -> 120 | T20: =SUM(D50:D53) -> 13 | U20: =SUM(E50:E53) -> 13 | V20: =SUM(F50:F53) -> 27 | W20: =SUM(G50:G53) -> 1 | X20: =SUM(H50:H53) -> 0 | Y20: =SUM(I50:I53) -> 10 | Z20: =SUM(J50:J53) -> 1 | ... AF20: =SUM(P50:P53) -> 553
B21: 09.45 - 10.00 | C21: 57 | D21: 4 | E21: 5 | F21: 8 | G21: 0 | H21: 0 | I21: 6 | J21: 1 | K21: 0 | L21: 0 | M21: 115 | N21: 0 | O21: =SUM(C21:L21,N21) -> 81 | P21: =SUM(C21:N21) -> 196 | R21: 1800-1900 | S21: =SUM(C54:C57) -> 133 | T21: =SUM(D54:D57) -> 25 | U21: =SUM(E54:E57) -> 14 | V21: =SUM(F54:F57) -> 38 | W21: =SUM(G54:G57) -> 0 | X21: =SUM(H54:H57) -> 0 | Y21: =SUM(I54:I57) -> 8 | Z21: =SUM(J54:J57) -> 2 | ... AF21: =SUM(P54:P57) -> 652
B22: 10.00 - 10.15 | C22: 66 | D22: 5 | E22: 7 | F22: 9 | G22: 2 | H22: 0 | I22: 2 | J22: 2 | K22: 0 | L22: 0 | M22: 98 | N22: 0 | O22: =SUM(C22:L22,N22) -> 93 | P22: =SUM(C22:N22) -> 191 | R22: 1900-2000 | S22: =SUM(C58:C61) -> 59 | T22: =SUM(D58:D61) -> 34 | U22: =SUM(E58:E61) -> 5 | V22: =SUM(F58:F61) -> 10 | W22: =SUM(G58:G61) -> 1 | X22: =SUM(H58:H61) -> 0 | Y22: =SUM(I58:I61) -> 1 | Z22: =SUM(J58:J61) -> 1 | ... AF22: =SUM(P58:P61) -> 296
B23: 10.15 - 10.30 | C23: 63 | D23: 7 | E23: 5 | F23: 7 | G23: 0 | H23: 0 | I23: 2 | J23: 3 | K23: 0 | L23: 0 | M23: 104 | N23: 0 | O23: =SUM(C23:L23,N23) -> 87 | P23: =SUM(C23:N23) -> 191 | R23: 2000-2100 | S23: =SUM(C62:C65) -> 137 | T23: =SUM(D62:D65) -> 84 | U23: =SUM(E62:E65) -> 30 | V23: =SUM(F62:F65) -> 69 | W23: =SUM(G62:G65) -> 1 | X23: =SUM(H62:H65) -> 29 | Y23: =SUM(I62:I65) -> 26 | Z23: =SUM(J62:J65) -> 8 | ... AF23: =SUM(P62:P65) -> 555
B24: 10.30 - 10.45 | C24: 69 | D24: 9 | E24: 6 | F24: 9 | G24: 1 | H24: 0 | I24: 2 | J24: 1 | K24: 0 | L24: 0 | M24: 100 | N24: 0 | O24: =SUM(C24:L24,N24) -> 97 | P24: =SUM(C24:N24) -> 197 | R24: 2100-2200 | S24: =SUM(C66:C69) -> 145 | T24: =SUM(D66:D69) -> 84 | U24: =SUM(E66:E69) -> 15 | V24: =SUM(F66:F69) -> 67 | W24: =SUM(G66:G69) -> 3 | X24: =SUM(H66:H69) -> 0 | Y24: =SUM(I66:I69) -> 19 | Z24: =SUM(J66:J69) -> 3 | ... AF24: =SUM(P66:P69) -> 536
B25: 10.45 - 11.00 | C25: 98 | D25: 5 | E25: 5 | F25: 7 | G25: 0 | H25: 0 | I25: 2 | J25: 4 | K25: 0 | L25: 0 | M25: 109 | N25: 0 | O25: =SUM(C25:L25,N25) -> 121 | P25: =SUM(C25:N25) -> 230 | R25: 2200-2300 | S25: =SUM(C70:C73) -> 143 | T25: =SUM(D70:D73) -> 110 | U25: =SUM(E70:E73) -> 15 | V25: =SUM(F70:F73) -> 54 | W25: =SUM(G70:G73) -> 3 | X25: =SUM(H70:H73) -> 1 | Y25: =SUM(I70:I73) -> 11 | Z25: =SUM(J70:J73) -> 14 | ... AF25: =SUM(P70:P73) -> 609
B26: 11.00 - 11.15 | C26: 44 | D26: 7 | E26: 2 | F26: 6 | G26: 0 | H26: 0 | I26: 2 | J26: 2 | K26: 0 | L26: 0 | M26: 103 | N26: 0 | O26: =SUM(C26:L26,N26) -> 63 | P26: =SUM(C26:N26) -> 166 | R26: 2300-0000 | S26: =SUM(C74:C77) -> 87 | T26: =SUM(D74:D77) -> 67 | U26: =SUM(E74:E77) -> 8 | V26: =SUM(F74:F77) -> 28 | W26: =SUM(G74:G77) -> 0 | X26: =SUM(H74:H77) -> 1 | Y26: =SUM(I74:I77) -> 9 | Z26: =SUM(J74:J77) -> 10 | ... AF26: =SUM(P74:P77) -> 476
B27: 11.15 - 11.30 | C27: 57 | D27: 9 | E27: 9 | F27: 10 | G27: 0 | H27: 0 | I27: 4 | J27: 4 | K27: 0 | L27: 0 | M27: 120 | N27: 0 | O27: =SUM(C27:L27,N27) -> 93 | P27: =SUM(C27:N27) -> 213 | R27: 0000-0100 | S27: =SUM(C78:C81) -> 70 | T27: =SUM(D78:D81) -> 50 | U27: =SUM(E78:E81) -> 12 | V27: =SUM(F78:F81) -> 14 | W27: =SUM(G78:G81) -> 0 | X27: =SUM(H78:H81) -> 0 | Y27: =SUM(I78:I81) -> 13 | Z27: =SUM(J78:J81) -> 4 | ... AF27: =SUM(P78:P81) -> 323
B28: 11.30 - 11.45 | C28: 63 | D28: 7 | E28: 4 | F28: 7 | G28: 0 | H28: 0 | I28: 5 | J28: 3 | K28: 0 | L28: 0 | M28: 108 | N28: 0 | O28: =SUM(C28:L28,N28) -> 89 | P28: =SUM(C28:N28) -> 197 | R28: 0100-0200 | S28: =SUM(C82:C85) -> 43 | T28: =SUM(D82:D85) -> 23 | U28: =SUM(E82:E85) -> 9 | V28: =SUM(F82:F85) -> 11 | W28: =SUM(G82:G85) -> 0 | X28: =SUM(H82:H85) -> 0 | Y28: =SUM(I82:I85) -> 9 | Z28: =SUM(J82:J85) -> 1 | ... AF28: =SUM(P82:P85) -> 300
B29: 11.45 - 12.00 | C29: 61 | D29: 4 | E29: 6 | F29: 9 | G29: 0 | H29: 0 | I29: 4 | J29: 4 | K29: 1 | L29: 1 | M29: 113 | N29: 0 | O29: =SUM(C29:L29,N29) -> 90 | P29: =SUM(C29:N29) -> 203 | R29: 0200-0300 | S29: =SUM(C86:C89) -> 13 | T29: =SUM(D86:D89) -> 4 | U29: =SUM(E86:E89) -> 0 | V29: =SUM(F86:F89) -> 0 | W29: =SUM(G86:G89) -> 0 | X29: =SUM(H86:H89) -> 0 | Y29: =SUM(I86:I89) -> 1 | Z29: =SUM(J86:J89) -> 6 | ... AF29: =SUM(P86:P89) -> 96
B30: 12.00 - 12.15 | C30: 39 | D30: 3 | E30: 5 | F30: 6 | G30: 0 | H30: 0 | I30: 3 | J30: 2 | K30: 0 | L30: 0 | M30: 93 | N30: 0 | O30: =SUM(C30:L30,N30) -> 58 | P30: =SUM(C30:N30) -> 151 | R30: 0300-0400 | S30: =SUM(C90:C93) -> 8 | T30: =SUM(D90:D93) -> 3 | U30: =SUM(E90:E93) -> 0 | V30: =SUM(F90:F93) -> 2 | W30: =SUM(G90:G93) -> 0 | X30: =SUM(H90:H93) -> 0 | Y30: =SUM(I90:I93) -> 0 | Z30: =SUM(J90:J93) -> 0 | ... AF30: =SUM(P90:P93) -> 63
B31: 12.15 - 12.30 | C31: 41 | D31: 7 | E31: 5 | F31: 6 | G31: 0 | H31: 0 | I31: 1 | J31: 2 | K31: 1 | L31: 0 | M31: 108 | N31: 0 | O31: =SUM(C31:L31,N31) -> 63 | P31: =SUM(C31:N31) -> 171 | R31: 0400-0500 | S31: =SUM(C94:C97) -> 10 | T31: =SUM(D94:D97) -> 2 | U31: =SUM(E94:E97) -> 1 | V31: =SUM(F94:F97) -> 0 | W31: =SUM(G94:G97) -> 0 | X31: =SUM(H94:H97) -> 0 | Y31: =SUM(I94:I97) -> 0 | Z31: =SUM(J94:J97) -> 0 | ... AF31: =SUM(P94:P97) -> 62
B32: 12.30 - 12.45 | C32: 41 | D32: 5 | E32: 3 | F32: 5 | G32: 0 | H32: 0 | I32: 2 | J32: 1 | K32: 0 | L32: 0 | M32: 111 | N32: 0 | O32: =SUM(C32:L32,N32) -> 57 | P32: =SUM(C32:N32) -> 168 | R32: 0500-0600 | S32: =SUM(C98:C101) -> 18 | T32: =SUM(D98:D101) -> 7 | U32: =SUM(E98:E101) -> 5 | V32: =SUM(F98:F101) -> 12 | W32: =SUM(G98:G101) -> 0 | X32: =SUM(H98:H101) -> 0 | Y32: =SUM(I98:I101) -> 2 | Z32: =SUM(J98:J101) -> 1 | ... AF32: =SUM(P98:P101) -> 173
B33: 12.45 - 13.00 | C33: 46 | D33: 2 | E33: 3 | F33: 5 | G33: 0 | H33: 0 | I33: 0 | J33: 0 | K33: 0 | L33: 0 | M33: 115 | N33: 0 | O33: =SUM(C33:L33,N33) -> 56 | P33: =SUM(C33:N33) -> 171 | R33: 0600-0700 | S33: =SUM(C102:C105) -> 13 | T33: =SUM(D102:D105) -> 4 | U33: =SUM(E102:E105) -> 3 | V33: =SUM(F102:F105) -> 9 | W33: =SUM(G102:G105) -> 0 | X33: =SUM(H102:H105) -> 0 | Y33: =SUM(I102:I105) -> 3 | Z33: =SUM(J102:J105) -> 2 | ... AF33: =SUM(P102:P105) -> 109
B34: 13.00 - 13.15 | C34: 27 | D34: 3 | E34: 5 | F34: 6 | G34: 0 | H34: 0 | I34: 2 | J34: 0 | K34: 0 | L34: 0 | M34: 67 | N34: 0 | O34: =SUM(C34:L34,N34) -> 43 | P34: =SUM(C34:N34) -> 110 | R34: AM Peak Hr | S34: =MAX(S10:S12) -> 309 | T34: =MAX(T10:T12) -> 32 | U34: =MAX(U10:U12) -> 23 | V34: =MAX(V10:V12) -> 74 | W34: =MAX(W10:W12) -> 2 | X34: =MAX(X10:X12) -> 0 | Y34: =MAX(Y10:Y12) -> 16 | Z34: =MAX(Z10:Z12) -> 5 | ... AF34: =MAX(AF10:AF12) -> 922
B35: 13.15 - 13.30 | C35: 26 | D35: 3 | E35: 4 | F35: 4 | G35: 0 | H35: 0 | I35: 5 | J35: 0 | K35: 0 | L35: 0 | M35: 63 | N35: 0 | O35: =SUM(C35:L35,N35) -> 42 | P35: =SUM(C35:N35) -> 105 | R35: IP Peak Hr | S35: =MAX(S13:S18) -> 296 | T35: =MAX(T13:T18) -> 27 | U35: =MAX(U13:U18) -> 23 | V35: =MAX(V13:V18) -> 32 | W35: =MAX(W13:W18) -> 3 | X35: =MAX(X13:X18) -> 0 | Y35: =MAX(Y13:Y18) -> 15 | Z35: =MAX(Z13:Z18) -> 13 | ... AF35: =MAX(AF13:AF18) -> 809
B36: 13.30 - 13.45 | C36: 35 | D36: 3 | E36: 3 | F36: 3 | G36: 0 | H36: 0 | I36: 2 | J36: 4 | K36: 0 | L36: 0 | M36: 74 | N36: 0 | O36: =SUM(C36:L36,N36) -> 50 | P36: =SUM(C36:N36) -> 124 | R36: PM Peak Hr | S36: =MAX(S19:S21) -> 153 | T36: =MAX(T19:T21) -> 25 | U36: =MAX(U19:U21) -> 14 | V36: =MAX(V19:V21) -> 38 | W36: =MAX(W19:W21) -> 1 | X36: =MAX(X19:X21) -> 0 | Y36: =MAX(Y19:Y21) -> 12 | Z36: =MAX(Z19:Z21) -> 5 | ... AF36: =MAX(AF19:AF21) -> 652
B37: 13.45 - 14.00 | C37: 37 | D37: 6 | E37: 6 | F37: 5 | G37: 0 | H37: 0 | I37: 4 | J37: 0 | K37: 0 | L37: 0 | M37: 72 | N37: 0 | O37: =SUM(C37:L37,N37) -> 58 | P37: =SUM(C37:N37) -> 130 | R37: AM Period | S37: =SUM(S10:S12) -> 743 | T37: =SUM(T10:T12) -> 80 | U37: =SUM(U10:U12) -> 53 | V37: =SUM(V10:V12) -> 187 | W37: =SUM(W10:W12) -> 3 | X37: =SUM(X10:X12) -> 0 | Y37: =SUM(Y10:Y12) -> 35 | Z37: =SUM(Z10:Z12) -> 11 | ... AF37: =SUM(AF10:AF12) -> 2518
B38: 14.00 - 14.15 | C38: 25 | D38: 2 | E38: 3 | F38: 5 | G38: 0 | H38: 0 | I38: 3 | J38: 0 | K38: 0 | L38: 0 | M38: 65 | N38: 0 | O38: =SUM(C38:L38,N38) -> 38 | P38: =SUM(C38:N38) -> 103 | R38: IP Period | S38: =SUM(S13:S18) -> 1070 | T38: =SUM(T13:T18) -> 122 | U38: =SUM(U13:U18) -> 105 | V38: =SUM(V13:V18) -> 145 | W38: =SUM(W13:W18) -> 3 | X38: =SUM(X13:X18) -> 0 | Y38: =SUM(Y13:Y18) -> 62 | Z38: =SUM(Z13:Z18) -> 38 | ... AF38: =SUM(AF13:AF18) -> 3643
B39: 14.15 - 14.30 | C39: 32 | D39: 3 | E39: 3 | F39: 5 | G39: 0 | H39: 0 | I39: 3 | J39: 0 | K39: 0 | L39: 0 | M39: 66 | N39: 0 | O39: =SUM(C39:L39,N39) -> 46 | P39: =SUM(C39:N39) -> 112 | R39: PM Period | S39: =SUM(S19:S21) -> 406 | T39: =SUM(T19:T21) -> 53 | U39: =SUM(U19:U21) -> 34 | V39: =SUM(V19:V21) -> 96 | W39: =SUM(W19:W21) -> 2 | X39: =SUM(X19:X21) -> 0 | Y39: =SUM(Y19:Y21) -> 30 | Z39: =SUM(Z19:Z21) -> 8 | ... AF39: =SUM(AF19:AF21) -> 1723
B40: 14.30 - 14.45 | C40: 33 | D40: 8 | E40: 3 | F40: 5 | G40: 0 | H40: 0 | I40: 1 | J40: 1 | K40: 2 | L40: 0 | M40: 73 | N40: 0 | O40: =SUM(C40:L40,N40) -> 53 | P40: =SUM(C40:N40) -> 126 | R40: 12 Hours | S40: =SUM(S10:S21) -> 2219 | T40: =SUM(T10:T21) -> 255 | U40: =SUM(U10:U21) -> 192 | V40: =SUM(V10:V21) -> 428 | W40: =SUM(W10:W21) -> 8 | X40: =SUM(X10:X21) -> 0 | Y40: =SUM(Y10:Y21) -> 127 | Z40: =SUM(Z10:Z21) -> 57 | ... AF40: =SUM(AF10:AF21) -> 7884
B41: 14.45 - 15.00 | C41: 35 | D41: 10 | E41: 3 | F41: 7 | G41: 0 | H41: 0 | I41: 3 | J41: 2 | K41: 0 | L41: 0 | M41: 77 | N41: 0 | O41: =SUM(C41:L41,N41) -> 60 | P41: =SUM(C41:N41) -> 137 | R41: 24 Hrs/ADT | S41: =SUM(S10:S33) -> 2965 | T41: =SUM(T10:T33) -> 727 | U41: =SUM(U10:U33) -> 295 | V41: =SUM(V10:V33) -> 704 | W41: =SUM(W10:W33) -> 16 | X41: =SUM(X10:X33) -> 31 | Y41: =SUM(Y10:Y33) -> 221 | Z41: =SUM(Z10:Z33) -> 107 | ... AF41: =SUM(AF10:AF33) -> 11482
B42: 15.00 - 15.15 | C42: 29 | D42: 3 | E42: 7 | F42: 7 | G42: 0 | H42: 0 | I42: 1 | J42: 0 | K42: 0 | L42: 0 | M42: 62 | N42: 0 | O42: =SUM(C42:L42,N42) -> 47 | P42: =SUM(C42:N42) -> 109 | R42: NEF | S42: =S41/S40 -> 1.3361875 | T42: =T41/T40 -> 2.8509804 | U42: =U41/U40 -> 1.5364583 | V42: =V41/V40 -> 1.6448598 | W42: =W41/W40 -> 2 | X42: =X41/X40 -> #DIV/0! | Y42: =Y41/Y40 -> 1.7401575 | Z42: =Z41/Z40 -> 1.877193 | ... AF42: =AF41/AF40 -> 1.4563673
B43: 15.15 - 15.30 | C43: 33 | D43: 2 | E43: 4 | F43: 5 | G43: 0 | H43: 0 | I43: 3 | J43: 0 | K43: 0 | L43: 0 | M43: 67 | N43: 0 | O43: =SUM(C43:L43,N43) -> 47 | P43: =SUM(C43:N43) -> 114
B44: 15.30 - 15.45 | C44: 33 | D44: 4 | E44: 4 | F44: 0 | G44: 0 | H44: 0 | I44: 3 | J44: 2 | K44: 0 | L44: 0 | M44: 67 | N44: 0 | O44: =SUM(C44:L44,N44) -> 46 | P44: =SUM(C44:N44) -> 113
B45: 15.45 - 16.00 | C45: 37 | D45: 5 | E45: 0 | F45: 7 | G45: 0 | H45: 0 | I45: 3 | J45: 1 | K45: 0 | L45: 0 | M45: 58 | N45: 0 | O45: =SUM(C45:L45,N45) -> 53 | P45: =SUM(C45:N45) -> 111
B46: 16.00 - 16.15 | C46: 39 | D46: 4 | E46: 5 | F46: 7 | G46: 0 | H46: 0 | I46: 1 | J46: 1 | K46: 0 | L46: 0 | M46: 72 | N46: 0 | O46: =SUM(C46:L46,N46) -> 57 | P46: =SUM(C46:N46) -> 129
B47: 16.15 -16.30 | C47: 34 | D47: 4 | E47: 1 | F47: 6 | G47: 0 | H47: 0 | I47: 5 | J47: 2 | K47: 0 | L47: 0 | M47: 70 | N47: 0 | O47: =SUM(C47:L47,N47) -> 52 | P47: =SUM(C47:N47) -> 122
B48: 16.30 -16.45 | C48: 40 | D48: 4 | E48: 1 | F48: 9 | G48: 1 | H48: 0 | I48: 5 | J48: 1 | K48: 0 | L48: 0 | M48: 77 | N48: 0 | O48: =SUM(C48:L48,N48) -> 61 | P48: =SUM(C48:N48) -> 138
B49: 16.45 -17.00 | C49: 40 | D49: 3 | E49: 0 | F49: 9 | G49: 0 | H49: 0 | I49: 1 | J49: 1 | K49: 0 | L49: 0 | M49: 75 | N49: 0 | O49: =SUM(C49:L49,N49) -> 54 | P49: =SUM(C49:N49) -> 129
B50: 17.00 -17.15 | C50: 37 | D50: 3 | E50: 1 | F50: 11 | G50: 1 | H50: 0 | I50: 4 | J50: 0 | K50: 0 | L50: 0 | M50: 98 | N50: 0 | O50: =SUM(C50:L50,N50) -> 57 | P50: =SUM(C50:N50) -> 155
B51: 17.15 -17.30 | C51: 28 | D51: 2 | E51: 6 | F51: 7 | G51: 0 | H51: 0 | I51: 2 | J51: 0 | K51: 0 | L51: 0 | M51: 85 | N51: 0 | O51: =SUM(C51:L51,N51) -> 45 | P51: =SUM(C51:N51) -> 130
B52: 17.30 -17.45 | C52: 30 | D52: 4 | E52: 2 | F52: 7 | G52: 0 | H52: 0 | I52: 4 | J52: 1 | K52: 1 | L52: 0 | M52: 84 | N52: 0 | O52: =SUM(C52:L52,N52) -> 49 | P52: =SUM(C52:N52) -> 133
B53: 17.45 -18.00 | C53: 25 | D53: 4 | E53: 4 | F53: 2 | G53: 0 | H53: 0 | I53: 0 | J53: 0 | K53: 1 | L53: 0 | M53: 99 | N53: 0 | O53: =SUM(C53:L53,N53) -> 36 | P53: =SUM(C53:N53) -> 135
B54: 18.00 - 18.15 | C54: 41 | D54: 10 | E54: 2 | F54: 12 | G54: 0 | H54: 0 | I54: 2 | J54: 0 | K54: 1 | L54: 1 | M54: 105 | N54: 0 | O54: =SUM(C54:L54,N54) -> 69 | P54: =SUM(C54:N54) -> 174
... B105: 06.45 - 07.00 | C105: 2 | D105: 1 | E105: 0 | F105: 3 | G105: 0 | H105: 0 | I105: 1 | J105: 0 | K105: 0 | L105: 0 | M105: 16 | N105: 0 | O105: =SUM(C105:L105,N105) -> 7 | P105: =SUM(C105:N105) -> 23
B106: Totals | C106: =SUM(C10:C105) -> 2965 | D106: =SUM(D10:D105) -> 727 | E106: =SUM(E10:E105) -> 295 | F106: =SUM(F10:F105) -> 704 | G106: =SUM(G10:G105) -> 16 | H106: =SUM(H10:H105) -> 31 | I106: =SUM(I10:I105) -> 221 | J106: =SUM(J10:J105) -> 107 | ... P106: =SUM(P10:P105) -> 11482
B107: %ges + MCs | C107: =C106/$P$106 -> 0.25823027 | D107: =D106/$P$106 -> 0.063316495 | E107: =E106/$P$106 -> 0.025692388 | F107: =F106/$P$106 -> 0.06131336 | G107: =G106/$P$106 -> 0.0013934855 | H107: =H106/$P$106 -> 0.0026998781 | I107: =I106/$P$106 -> 0.019247518 | J107: =J106/$P$106 -> 0.009318934 | ... N107: =N106/$P$106 -> 0
B108: %ges w/o MCs | C108: =C106/$O$106 -> 0.57989439 | D108: =D106/$O$106 -> 0.14218658 | E108: =E106/$O$106 -> 0.057696069 | F108: =F106/$O$106 -> 0.13768825 | G108: =G106/$O$106 -> 0.0031292783 | H108: =H106/$O$106 -> 0.0060629767 | I108: =I106/$O$106 -> 0.043223157 | J108: =J106/$O$106 -> 0.020927049 | ... L108: =L106/$O$106 -> 0.0011734794 | N108: =N106/$O$106 -> 0

Sheet 28.07 Ndeeba-Nyanama
B1: Consultancy services for Preparation of Expressway Development Master Plan (EDMP) for Uganda
B2: MANUAL CLASSIFIED COUNT (MCC)
B3: ROAD NAME: | C3: ='22.07 Ndeeba-Nyanama'!C3:G3 -> MCC - C1 - STN04 - WERAGA ROAD
C5: Date | D5: 28.07.19 | F5: Location | G5: ='27.07 Nyanama-Ndeeba-24h'!G5:H5 -> Golden Mille Hotel | J5: Surveyor | K5: Steven
C6: Dir. From | D6: ='22.07 Ndeeba-Nyanama'!D6:E6 -> Ndeeba | F6: Dir. To | G6: ='22.07 Ndeeba-Nyanama'!G6:H6 -> Nyanama | J6: Supervisor | K6: ='27.07 Nyanama-Ndeeba-24h'!K6:L6 -> Denis
B8: Time / Veh Type | R8: SUMMARY TRAFFIC VOLUMES
C9: 1. Car | D9: 2. Station Wagon | E9: 3. Pickups | F9: 4. Minibus, matatu | G9: 5. Medium bus | H9: 6. Large Bus | I9: 7. Light Truck | J9: 8. Medium Truck | K9: 9. Heavy truck | L9: 10. Truck Trailer | M9: 11. Motor cycles | N9: 12. Tractors | O9: Total Excl M/Cycles | P9: Total All | R9: Time | S9: 1. Car | T9: 2. Station Wagon | U9: 3. Pickups | V9: 4. Minibus, matatu | W9: 5. Medium bus | X9: 6. Large Bus | Y9: 7. Light Truck | Z9: 8. Medium Truck | AA9: 9. Heavy truck | AB9: 10. Truck Trailer | AC9: 11. Motorcycles | AD9: 12. Tractors, Graders | AE9: Total Excl M/ Cycles | AF9: Total All
B10: 07.00 - 07.15 | C10: 4 | D10: 1 | E10: 2 | F10: 9 | G10: 0 | H10: 0 | I10: 0 | J10: 0 | K10: 0 | L10: 0 | M10: 23 | N10: 0 | O10: =SUM(C10:L10,N10) -> 16 | P10: =SUM(C10:N10) -> 39 | R10: 0700-0800 | S10: =SUM(C10:C13) -> 17 | T10: =SUM(D10:D13) -> 2 | U10: =SUM(E10:E13) -> 5 | V10: =SUM(F10:F13) -> 26 | W10: =SUM(G10:G13) -> 1 | X10: =SUM(H10:H13) -> 0 | Y10: =SUM(I10:I13) -> 3 | Z10: =SUM(J10:J13) -> 0 | ... AF10: =SUM(P10:P13) -> 181
B11: 07.15 - 07.30 | C11: 7 | D11: 0 | E11: 0 | F11: 7 | G11: 0 | H11: 0 | I11: 2 | J11: 0 | K11: 1 | L11: 1 | M11: 47 | N11: 0 | O11: =SUM(C11:L11,N11) -> 18 | P11: =SUM(C11:N11) -> 65 | R11: 0800-0900 | S11: =SUM(C14:C17) -> 62 | T11: =SUM(D14:D17) -> 3 | U11: =SUM(E14:E17) -> 12 | V11: =SUM(F14:F17) -> 32 | W11: =SUM(G14:G17) -> 2 | X11: =SUM(H14:H17) -> 0 | Y11: =SUM(I14:I17) -> 4 | Z11: =SUM(J14:J17) -> 3 | ... AF11: =SUM(P14:P17) -> 327
B12: 07.30 - 07.45 | C12: 4 | D12: 0 | E12: 2 | F12: 4 | G12: 1 | H12: 0 | I12: 1 | J12: 0 | K12: 0 | L12: 0 | M12: 17 | N12: 0 | O12: =SUM(C12:L12,N12) -> 12 | P12: =SUM(C12:N12) -> 29 | R12: 0900-1000 | S12: =SUM(C18:C21) -> 73 | T12: =SUM(D18:D21) -> 4 | U12: =SUM(E18:E21) -> 4 | V12: =SUM(F18:F21) -> 27 | W12: =SUM(G18:G21) -> 2 | X12: =SUM(H18:H21) -> 0 | Y12: =SUM(I18:I21) -> 6 | Z12: =SUM(J18:J21) -> 7 | ... AF12: =SUM(P18:P21) -> 349
B13: 07.45 - 08.00 | C13: 2 | D13: 1 | E13: 1 | F13: 6 | G13: 0 | H13: 0 | I13: 0 | J13: 0 | K13: 0 | L13: 0 | M13: 38 | N13: 0 | O13: =SUM(C13:L13,N13) -> 10 | P13: =SUM(C13:N13) -> 48 | R13: 1000-1100 | S13: =SUM(C22:C25) -> 83 | T13: =SUM(D22:D25) -> 2 | U13: =SUM(E22:E25) -> 3 | V13: =SUM(F22:F25) -> 31 | W13: =SUM(G22:G25) -> 1 | X13: =SUM(H22:H25) -> 0 | Y13: =SUM(I22:I25) -> 6 | Z13: =SUM(J22:J25) -> 3 | ... AF13: =SUM(P22:P25) -> 337
B14: 08.00 - 08.15 | C14: 10 | D14: 0 | E14: 2 | F14: 9 | G14: 0 | H14: 0 | I14: 2 | J14: 0 | K14: 0 | L14: 0 | M14: 55 | N14: 0 | O14: =SUM(C14:L14,N14) -> 23 | P14: =SUM(C14:N14) -> 78 | R14: 1100-1200 | S14: =SUM(C26:C29) -> 104 | T14: =SUM(D26:D29) -> 2 | U14: =SUM(E26:E29) -> 3 | V14: =SUM(F26:F29) -> 18 | W14: =SUM(G26:G29) -> 1 | X14: =SUM(H26:H29) -> 0 | Y14: =SUM(I26:I29) -> 6 | Z14: =SUM(J26:J29) -> 5 | ... AF14: =SUM(P26:P29) -> 357
B15: 08.15 - 08.30 | C15: 18 | D15: 2 | E15: 2 | F15: 7 | G15: 0 | H15: 0 | I15: 1 | J15: 0 | K15: 0 | L15: 1 | M15: 61 | N15: 0 | O15: =SUM(C15:L15,N15) -> 31 | P15: =SUM(C15:N15) -> 92 | R15: 1200-1300 | S15: =SUM(C30:C33) -> 109 | T15: =SUM(D30:D33) -> 7 | U15: =SUM(E30:E33) -> 7 | V15: =SUM(F30:F33) -> 23 | W15: =SUM(G30:G33) -> 0 | X15: =SUM(H30:H33) -> 0 | Y15: =SUM(I30:I33) -> 4 | Z15: =SUM(J30:J33) -> 1 | ... AF15: =SUM(P30:P33) -> 360
B16: 08.30 - 08.45 | C16: 11 | D16: 0 | E16: 3 | F16: 9 | G16: 0 | H16: 0 | I16: 0 | J16: 3 | K16: 0 | L16: 0 | M16: 49 | N16: 0 | O16: =SUM(C16:L16,N16) -> 26 | P16: =SUM(C16:N16) -> 75 | R16: 1300-1400 | S16: =SUM(C34:C37) -> 145 | T16: =SUM(D34:D37) -> 1 | U16: =SUM(E34:E37) -> 7 | V16: =SUM(F34:F37) -> 27 | W16: =SUM(G34:G37) -> 0 | X16: =SUM(H34:H37) -> 0 | Y16: =SUM(I34:I37) -> 6 | Z16: =SUM(J34:J37) -> 3 | ... AF16: =SUM(P34:P37) -> 488
B17: 08.45 - 9.00 | C17: 23 | D17: 1 | E17: 5 | F17: 7 | G17: 2 | H17: 0 | I17: 1 | J17: 0 | K17: 0 | L17: 1 | M17: 42 | N17: 0 | O17: =SUM(C17:L17,N17) -> 40 | P17: =SUM(C17:N17) -> 82 | R17: 1400-1500 | S17: =SUM(C38:C41) -> 167 | T17: =SUM(D38:D41) -> 1 | U17: =SUM(E38:E41) -> 4 | V17: =SUM(F38:F41) -> 13 | W17: =SUM(G38:G41) -> 1 | X17: =SUM(H38:H41) -> 0 | Y17: =SUM(I38:I41) -> 5 | Z17: =SUM(J38:J41) -> 0 | ... AF17: =SUM(P38:P41) -> 505
B18: 09.00 - 09.15 | C18: 18 | D18: 3 | E18: 0 | F18: 6 | G18: 1 | H18: 0 | I18: 3 | J18: 0 | K18: 0 | L18: 0 | M18: 76 | N18: 0 | O18: =SUM(C18:L18,N18) -> 31 | P18: =SUM(C18:N18) -> 107 | R18: 1500-1600 | S18: =SUM(C42:C45) -> 166 | T18: =SUM(D42:D45) -> 0 | U18: =SUM(E42:E45) -> 6 | V18: =SUM(F42:F45) -> 42 | W18: =SUM(G42:G45) -> 0 | X18: =SUM(H42:H45) -> 0 | Y18: =SUM(I42:I45) -> 5 | Z18: =SUM(J42:J45) -> 4 | ... AF18: =SUM(P42:P45) -> 464
B19: 09.15 - 09.30 | C19: 23 | D19: 1 | E19: 1 | F19: 9 | G19: 1 | H19: 0 | I19: 2 | J19: 3 | K19: 0 | L19: 0 | M19: 62 | N19: 0 | O19: =SUM(C19:L19,N19) -> 40 | P19: =SUM(C19:N19) -> 102 | R19: 1600-1700 | S19: =SUM(C46:C49) -> 148 | T19: =SUM(D46:D49) -> 8 | U19: =SUM(E46:E49) -> 9 | V19: =SUM(F46:F49) -> 27 | W19: =SUM(G46:G49) -> 2 | X19: =SUM(H46:H49) -> 0 | Y19: =SUM(I46:I49) -> 6 | Z19: =SUM(J46:J49) -> 2 | ... AF19: =SUM(P46:P49) -> 420
B20: 09.30 - 09.45 | C20: 15 | D20: 0 | E20: 0 | F20: 7 | G20: 0 | H20: 0 | I20: 1 | J20: 3 | K20: 0 | L20: 0 | M20: 41 | N20: 0 | O20: =SUM(C20:L20,N20) -> 26 | P20: =SUM(C20:N20) -> 67 | R20: 1700-1800 | S20: =SUM(C50:C53) -> 152 | T20: =SUM(D50:D53) -> 0 | U20: =SUM(E50:E53) -> 4 | V20: =SUM(F50:F53) -> 43 | W20: =SUM(G50:G53) -> 0 | X20: =SUM(H50:H53) -> 0 | Y20: =SUM(I50:I53) -> 12 | Z20: =SUM(J50:J53) -> 2 | ... AF20: =SUM(P50:P53) -> 503
B21: 09.45 - 10.00 | C21: 17 | D21: 0 | E21: 3 | F21: 5 | G21: 0 | H21: 0 | I21: 0 | J21: 1 | K21: 2 | L21: 0 | M21: 45 | N21: 0 | O21: =SUM(C21:L21,N21) -> 28 | P21: =SUM(C21:N21) -> 73 | R21: 1800-1900 | S21: =SUM(C54:C57) -> 166 | T21: =SUM(D54:D57) -> 1 | U21: =SUM(E54:E57) -> 6 | V21: =SUM(F54:F57) -> 80 | W21: =SUM(G54:G57) -> 0 | X21: =SUM(H54:H57) -> 0 | Y21: =SUM(I54:I57) -> 9 | Z21: =SUM(J54:J57) -> 0 | ... AF21: =SUM(P54:P57) -> 537
B22: 10.00 - 10.15 | C22: 19 | D22: 0 | E22: 3 | F22: 15 | G22: 0 | H22: 0 | I22: 2 | J22: 0 | K22: 0 | L22: 0 | M22: 52 | N22: 0 | O22: =SUM(C22:L22,N22) -> 39 | P22: =SUM(C22:N22) -> 91 | R22: AM Peak Hr | S22: =MAX(S10:S12) -> 73 | T22: =MAX(T10:T12) -> 4 | U22: =MAX(U10:U12) -> 12 | V22: =MAX(V10:V12) -> 32 | W22: =MAX(W10:W12) -> 2 | X22: =MAX(X10:X12) -> 0 | Y22: =MAX(Y10:Y12) -> 6 | Z22: =MAX(Z10:Z12) -> 7 | ... AF22: =MAX(AF10:AF12) -> 349
B23: 10.15 - 10.30 | C23: 18 | D23: 1 | E23: 0 | F23: 6 | G23: 0 | H23: 0 | I23: 0 | J23: 1 | K23: 0 | L23: 1 | M23: 60 | N23: 0 | O23: =SUM(C23:L23,N23) -> 27 | P23: =SUM(C23:N23) -> 87 | R23: IP Peak Hr | S23: =MAX(S13:S18) -> 167 | T23: =MAX(T13:T18) -> 7 | U23: =MAX(U13:U18) -> 7 | V23: =MAX(V13:V18) -> 42 | W23: =MAX(W13:W18) -> 1 | X23: =MAX(X13:X18) -> 0 | Y23: =MAX(Y13:Y18) -> 6 | Z23: =MAX(Z13:Z18) -> 5 | ... AF23: =MAX(AF13:AF18) -> 505
B24: 10.30 - 10.45 | C24: 24 | D24: 1 | E24: 0 | F24: 9 | G24: 1 | H24: 0 | I24: 4 | J24: 2 | K24: 0 | L24: 0 | M24: 52 | N24: 0 | O24: =SUM(C24:L24,N24) -> 41 | P24: =SUM(C24:N24) -> 93 | R24: PM Peak Hr | S24: =MAX(S19:S21) -> 166 | T24: =MAX(T19:T21) -> 8 | U24: =MAX(U19:U21) -> 9 | V24: =MAX(V19:V21) -> 80 | W24: =MAX(W19:W21) -> 2 | X24: =MAX(X19:X21) -> 0 | Y24: =MAX(Y19:Y21) -> 12 | Z24: =MAX(Z19:Z21) -> 2 | ... AF24: =MAX(AF19:AF21) -> 537
B25: 10.45 - 11.00 | C25: 22 | D25: 0 | E25: 0 | F25: 1 | G25: 0 | H25: 0 | I25: 0 | J25: 0 | K25: 0 | L25: 0 | M25: 43 | N25: 0 | O25: =SUM(C25:L25,N25) -> 23 | P25: =SUM(C25:N25) -> 66 | R25: AM Period | S25: =SUM(S10:S12) -> 152 | T25: =SUM(T10:T12) -> 9 | U25: =SUM(U10:U12) -> 21 | V25: =SUM(V10:V12) -> 85 | W25: =SUM(W10:W12) -> 5 | X25: =SUM(X10:X12) -> 0 | Y25: =SUM(Y10:Y12) -> 13 | Z25: =SUM(Z10:Z12) -> 10 | ... AF25: =SUM(AF10:AF12) -> 857
B26: 11.00 - 11.15 | C26: 31 | D26: 2 | E26: 1 | F26: 6 | G26: 0 | H26: 0 | I26: 0 | J26: 0 | K26: 1 | L26: 0 | M26: 61 | N26: 0 | O26: =SUM(C26:L26,N26) -> 41 | P26: =SUM(C26:N26) -> 102 | R26: IP Period | S26: =SUM(S13:S18) -> 774 | T26: =SUM(T13:T18) -> 13 | U26: =SUM(U13:U18) -> 30 | V26: =SUM(V13:V18) -> 154 | W26: =SUM(W13:W18) -> 3 | X26: =SUM(X13:X18) -> 0 | Y26: =SUM(Y13:Y18) -> 32 | Z26: =SUM(Z13:Z18) -> 16 | ... AF26: =SUM(AF13:AF18) -> 2511
B27: 11.15 - 11.30 | C27: 39 | D27: 0 | E27: 2 | F27: 4 | G27: 0 | H27: 0 | I27: 0 | J27: 3 | K27: 1 | L27: 0 | M27: 60 | N27: 0 | O27: =SUM(C27:L27,N27) -> 49 | P27: =SUM(C27:N27) -> 109 | R27: PM Period | S27: =SUM(S19:S21) -> 466 | T27: =SUM(T19:T21) -> 9 | U27: =SUM(U19:U21) -> 19 | V27: =SUM(V19:V21) -> 150 | W27: =SUM(W19:W21) -> 2 | X27: =SUM(X19:X21) -> 0 | Y27: =SUM(Y19:Y21) -> 27 | Z27: =SUM(Z19:Z21) -> 4 | ... AF27: =SUM(AF19:AF21) -> 1460
B28: 11.30 - 11.45 | C28: 22 | D28: 0 | E28: 0 | F28: 4 | G28: 1 | H28: 0 | I28: 2 | J28: 0 | K28: 1 | L28: 0 | M28: 44 | N28: 0 | O28: =SUM(C28:L28,N28) -> 30 | P28: =SUM(C28:N28) -> 74 | R28: 12 Hours | S28: =SUM(S10:S21) -> 1392 | T28: =SUM(T10:T21) -> 31 | U28: =SUM(U10:U21) -> 70 | V28: =SUM(V10:V21) -> 389 | W28: =SUM(W10:W21) -> 10 | X28: =SUM(X10:X21) -> 0 | Y28: =SUM(Y10:Y21) -> 72 | Z28: =SUM(Z10:Z21) -> 30 | ... AF28: =SUM(AF10:AF21) -> 4828
B29: 11.45 - 12.00 | C29: 12 | D29: 0 | E29: 0 | F29: 4 | G29: 0 | H29: 0 | I29: 4 | J29: 2 | K29: 1 | L29: 0 | M29: 49 | N29: 0 | O29: =SUM(C29:L29,N29) -> 23 | P29: =SUM(C29:N29) -> 72
B30: 12.00 - 12.15 | C30: 16 | D30: 1 | E30: 0 | F30: 3 | G30: 0 | H30: 0 | I30: 1 | J30: 0 | K30: 1 | L30: 0 | M30: 50 | N30: 0 | O30: =SUM(C30:L30,N30) -> 22 | P30: =SUM(C30:N30) -> 72
B31: 12.15 - 12.30 | C31: 37 | D31: 4 | E31: 1 | F31: 6 | G31: 0 | H31: 0 | I31: 1 | J31: 0 | K31: 0 | L31: 0 | M31: 56 | N31: 1 | O31: =SUM(C31:L31,N31) -> 50 | P31: =SUM(C31:N31) -> 106
B32: 12.30 - 12.45 | C32: 21 | D32: 1 | E32: 2 | F32: 8 | G32: 0 | H32: 0 | I32: 0 | J32: 1 | K32: 0 | L32: 0 | M32: 45 | N32: 0 | O32: =SUM(C32:L32,N32) -> 33 | P32: =SUM(C32:N32) -> 78
B33: 12.45 - 13.00 | C33: 35 | D33: 1 | E33: 4 | F33: 6 | G33: 0 | H33: 0 | I33: 2 | J33: 0 | K33: 2 | L33: 0 | M33: 54 | N33: 0 | O33: =SUM(C33:L33,N33) -> 50 | P33: =SUM(C33:N33) -> 104
B34: 13.00 - 13.15 | C34: 42 | D34: 0 | E34: 5 | F34: 12 | G34: 0 | H34: 0 | I34: 1 | J34: 1 | K34: 0 | L34: 0 | M34: 63 | N34: 0 | O34: =SUM(C34:L34,N34) -> 61 | P34: =SUM(C34:N34) -> 124
B35: 13.15 - 13.30 | C35: 28 | D35: 0 | E35: 0 | F35: 2 | G35: 0 | H35: 0 | I35: 3 | J35: 0 | K35: 0 | L35: 0 | M35: 63 | N35: 0 | O35: =SUM(C35:L35,N35) -> 33 | P35: =SUM(C35:N35) -> 96
B36: 13.30 - 13.45 | C36: 41 | D36: 1 | E36: 2 | F36: 4 | G36: 0 | H36: 0 | I36: 1 | J36: 2 | K36: 0 | L36: 0 | M36: 87 | N36: 0 | O36: =SUM(C36:L36,N36) -> 51 | P36: =SUM(C36:N36) -> 138
B37: 13.45 - 14.00 | C37: 34 | D37: 0 | E37: 0 | F37: 9 | G37: 0 | H37: 0 | I37: 1 | J37: 0 | K37: 1 | L37: 1 | M37: 84 | N37: 0 | O37: =SUM(C37:L37,N37) -> 46 | P37: =SUM(C37:N37) -> 130
B38: 14.00 - 14.15 | C38: 37 | D38: 0 | E38: 2 | F38: 2 | G38: 1 | H38: 0 | I38: 3 | J38: 0 | K38: 0 | L38: 0 | M38: 74 | N38: 0 | O38: =SUM(C38:L38,N38) -> 45 | P38: =SUM(C38:N38) -> 119
B39: 14.15 - 14.30 | C39: 28 | D39: 1 | E39: 0 | F39: 3 | G39: 0 | H39: 0 | I39: 1 | J39: 0 | K39: 0 | L39: 0 | M39: 65 | N39: 0 | O39: =SUM(C39:L39,N39) -> 33 | P39: =SUM(C39:N39) -> 98
B40: 14.30 - 14.45 | C40: 43 | D40: 0 | E40: 0 | F40: 1 | G40: 0 | H40: 0 | I40: 1 | J40: 0 | K40: 0 | L40: 0 | M40: 88 | N40: 0 | O40: =SUM(C40:L40,N40) -> 45 | P40: =SUM(C40:N40) -> 133
... B57: 18.45 - 19.00 | C57: 46 | D57: 0 | E57: 2 | F57: 32 | G57: 0 | H57: 0 | I57: 0 | J57: 0 | K57: 1 | L57: 0 | M57: 49 | N57: 0 | O57: =SUM(C57:L57,N57) -> 81 | P57: =SUM(C57:N57) -> 130
B58: Totals | C58: =SUM(C10:C57) -> 1392 | D58: =SUM(D10:D57) -> 31 | E58: =SUM(E10:E57) -> 70 | F58: =SUM(F10:F57) -> 389 | G58: =SUM(G10:G57) -> 10 | H58: =SUM(H10:H57) -> 0 | I58: =SUM(I10:I57) -> 72 | J58: =SUM(J10:J57) -> 30 | ... P58: =SUM(P10:P57) -> 4828
B59: %ges + MCs | C59: =C58/$P$58 -> 0.28831814 | D59: =D58/$P$58 -> 0.0064208782 | E59: =E58/$P$58 -> 0.014498757 | F59: =F58/$P$58 -> 0.080571665 | G59: =G58/$P$58 -> 0.002071251 | H59: =H58/$P$58 -> 0 | I59: =I58/$P$58 -> 0.014913007 | J59: =J58/$P$58 -> 0.0062137531 | ... N59: =N58/$P$58 -> 0.0002071251
B60: %ges w/o MCs | C60: =C58/$O$58 -> 0.6884273 | D60: =D58/$O$58 -> 0.015331355 | E60: =E58/$O$58 -> 0.034619189 | F60: =F58/$O$58 -> 0.19238378 | G60: =G58/$O$58 -> 0.0049455984 | H60: =H58/$O$58 -> 0 | I60: =I58/$O$58 -> 0.035608309 | J60: =J58/$O$58 -> 0.014836795 | ... L60: =L58/$O$58 -> 0.0034619189 | N60: =N58/$O$58 -> 0.00049455984

Sheet 28.07 Nyanama-Ndeeba
B1: Consultancy services for Preparation of Expressway Development Master Plan (EDMP) for Uganda
B2: MANUAL CLASSIFIED COUNT (MCC)
B3: ROAD NAME: | C3: ='22.07 Nyanama-Ndeeba'!C3:G3 -> MCC - C1 - STN04 - WERAGA ROAD
C5: Date | D5: ='28.07 Ndeeba-Nyanama'!D5 -> 28.07.19 | F5: Location | G5: ='28.07 Ndeeba-Nyanama'!G5:H5 -> Golden Mille Hotel | J5: Surveyor | K5: Walter
C6: Dir. From | D6: ='22.07 Nyanama-Ndeeba'!D6:E6 -> Nyanama | F6: Dir. To | G6: ='22.07 Nyanama-Ndeeba'!G6:H6 -> Ndeeba | J6: Supervisor | K6: ='28.07 Ndeeba-Nyanama'!K6:L6 -> Denis
B8: Time / Veh Type | R8: SUMMARY TRAFFIC VOLUMES
C9: 1. Car | D9: 2. Station Wagon | E9: 3. Pickups | F9: 4. Minibus, matatu | G9: 5. Medium bus | H9: 6. Large Bus | I9: 7. Light Truck | J9: 8. Medium Truck | K9: 9. Heavy truck | L9: 10. Truck Trailer | M9: 11. Motor cycles | N9: 12. Tractors | O9: Total Excl M/Cycles | P9: Total All | R9: Time | S9: 1. Car | T9: 2. Station Wagon | U9: 3. Pickups | V9: 4. Minibus, matatu | W9: 5. Medium bus | X9: 6. Large Bus | Y9: 7. Light Truck | Z9: 8. Medium Truck | AA9: 9. Heavy truck | AB9: 10. Truck Trailer | AC9: 11. Motorcycles | AD9: 12. Tractors, Graders | AE9: Total Excl M/ Cycles | AF9: Total All
B10: 07.00 - 07.15 | C10: 12 | D10: 1 | E10: 2 | F10: 5 | G10: 0 | H10: 0 | I10: 0 | J10: 0 | K10: 0 | L10: 0 | M10: 52 | N10: 0 | O10: =SUM(C10:L10,N10) -> 20 | P10: =SUM(C10:N10) -> 72 | R10: 0700-0800 | S10: =SUM(C10:C13) -> 72 | T10: =SUM(D10:D13) -> 5 | U10: =SUM(E10:E13) -> 11 | V10: =SUM(F10:F13) -> 25 | W10: =SUM(G10:G13) -> 0 | X10: =SUM(H10:H13) -> 0 | Y10: =SUM(I10:I13) -> 9 | Z10: =SUM(J10:J13) -> 0 | ... AF10: =SUM(P10:P13) -> 390
B11: 07.15 - 07.30 | C11: 17 | D11: 0 | E11: 1 | F11: 7 | G11: 0 | H11: 0 | I11: 1 | J11: 0 | K11: 0 | L11: 0 | M11: 57 | N11: 0 | O11: =SUM(C11:L11,N11) -> 26 | P11: =SUM(C11:N11) -> 83 | R11: 0800-0900 | S11: =SUM(C14:C17) -> 128 | T11: =SUM(D14:D17) -> 17 | U11: =SUM(E14:E17) -> 11 | V11: =SUM(F14:F17) -> 35 | W11: =SUM(G14:G17) -> 3 | X11: =SUM(H14:H17) -> 0 | Y11: =SUM(I14:I17) -> 9 | Z11: =SUM(J14:J17) -> 0 | ... AF11: =SUM(P14:P17) -> 582
