Workbook
Name Veh_Type: 'PT-16'!$C$9:$C$23
Name zones: #REF!
Name zones: #REF!
Name Zones_Ndeke: #REF!
Name Zones_Ndeke: #REF!

Sheet PT-16
B1: Consultancy services for Preparation of Expressway Development Master Plan (EDMP) for Uganda
B2: Public Transport/Bus Surveys
B4: Date: | D4: 21.10.19 | G4: Location | H4: Kabale park | J4: Coded By: | K4: Isaac A. | N4: Chkd By: | O4: Bakole. D.M
B5: Enumerator: | D5: Ndahura John | G5: Supervisor: | H5: Denis
B7: Time | C7: Veh_Type | D7: Type of Veh. | E7: Veh_Reg_No. | F7: IN / OUT | G7: Origin_Address | J7: Destination_Address | M7: No. Passengers | N7: Cost of Trip (UGX) | O7: Approx_Journey Time (Hrs)
G8: Town | H8: District | I8: Country | J8: Town | K8: District | L8: Journey_Desc
B9: 0.58333333 | C9: 6 | D9: =IF(C9="", "",VLOOKUP(C9,Key!$A$5:$B$7,2,FALSE)) -> Large Bus | E9: UAL 264L | F9: out | G9: Kabale | H9: Kabale | I9: Uga | J9: Kampala | K9: Kampala | L9: =H9&"-"&K9 -> Kabale-Kampala | M9: 58 | N9: 30000 | O9: 6.5
B10: 0.62222222 | C10: 6 | D10: =IF(C10="", "",VLOOKUP(C10,Key!$A$5:$B$7,2,FALSE)) -> Large Bus | E10: UAL 942T | F10: out | G10: Kabale | H10: Kabale | I10: Uga | J10: Kampala | K10: Kampala | L10: =H10&"-"&K10 -> Kabale-Kampala | M10: 64 | N10: 30000 | O10: 6.5
B11: 0.63541667 | C11: 6 | D11: =IF(C11="", "",VLOOKUP(C11,Key!$A$5:$B$7,2,FALSE)) -> Large Bus | E11: UBB 419V | F11: out | G11: Kisoro | H11: Kisoro | I11: Uga | J11: Kampala | K11: Kampala | L11: =H11&"-"&K11 -> Kisoro-Kampala | M11: 60 | N11: 40000 | O11: 9
B12: 0.71527778 | C12: 6 | D12: =IF(C12="", "",VLOOKUP(C12,Key!$A$5:$B$7,2,FALSE)) -> Large Bus | E12: UAZ 438Z | F12: in | G12: Kampala | H12: Kampala | I12: Uga | J12: Kabale | K12: Kabale | L12: =H12&"-"&K12 -> Kampala-Kabale | M12: 64 | N12: 30000 | O12: 6.5
B13: 0.83333333 | C13: 6 | D13: =IF(C13="", "",VLOOKUP(C13,Key!$A$5:$B$7,2,FALSE)) -> Large Bus | E13: UAZ 712C | F13: out | G13: Kabale | H13: Kabale | I13: Uga | J13: Kampala | K13: Kampala | L13: =H13&"-"&K13 -> Kabale-Kampala | M13: 40 | N13: 30000 | O13: 6.5
B14: 0.91666667 | C14: 6 | D14: =IF(C14="", "",VLOOKUP(C14,Key!$A$5:$B$7,2,FALSE)) -> Large Bus | E14: UBE 977S | F14: in | G14: Kampala | H14: Kampala | I14: Uga | J14: Kabale | K14: Kabale | L14: =H14&"-"&K14 -> Kampala-Kabale | M14: 42 | N14: 30000 | O14: 6.5
B15: 0.34027778 | C15: 6 | D15: =IF(C15="", "",VLOOKUP(C15,Key!$A$5:$B$7,2,FALSE)) -> Large Bus | E15: UAS 201N | F15: out | G15: Kabale | H15: Kabale | I15: Uga | J15: Kampala | K15: Kampala | L15: =H15&"-"&K15 -> Kabale-Kampala | M15: 64 | N15: 30000 | O15: 7
B16: 0.40625 | C16: 6 | D16: =IF(C16="", "",VLOOKUP(C16,Key!$A$5:$B$7,2,FALSE)) -> Large Bus | E16: UAS 741N | F16: out | G16: Kisoro | H16: Kisoro | I16: Uga | J16: Kampala | K16: Kampala | L16: =H16&"-"&K16 -> Kisoro-Kampala | M16: 34 | N16: 40000 | O16: 9
B17: 0.54166667 | C17: 6 | D17: =IF(C17="", "",VLOOKUP(C17,Key!$A$5:$B$7,2,FALSE)) -> Large Bus | E17: UAS 744T | F17: in | G17: Kampala | H17: Kampala | I17: Uga | J17: Kisoro | K17: Kisoro | L17: =H17&"-"&K17 -> Kampala-Kisoro | M17: 64 | N17: 40000 | O17: 9
B18: 0.58333333 | C18: 6 | D18: =IF(C18="", "",VLOOKUP(C18,Key!$A$5:$B$7,2,FALSE)) -> Large Bus | E18: UAX 241K | F18: in | G18: Kampala | H18: Kampala | I18: Uga | J18: Kisoro | K18: Kisoro | L18: =H18&"-"&K18 -> Kampala-Kisoro | M18: 31 | N18: 40000 | O18: 9
B19: 0.59652778 | C19: 6 | D19: =IF(C19="", "",VLOOKUP(C19,Key!$A$5:$B$7,2,FALSE)) -> Large Bus | E19: UAL 347T | F19: in | G19: Kampala | H19: Kampala | I19: Uga | J19: Kisoro | K19: Kisoro | L19: =H19&"-"&K19 -> Kampala-Kisoro | M19: 30 | N19: 40000 | O19: 9
B20: 0.66666667 | C20: 6 | D20: =IF(C20="", "",VLOOKUP(C20,Key!$A$5:$B$7,2,FALSE)) -> Large Bus | E20: UBB 364M | F20: in | G20: Kampala | H20: Kampala | I20: Uga | J20: Ishaka | K20: Ishaka | L20: =H20&"-"&K20 -> Kampala-Ishaka | M20: 64 | N20: 25000 | O20: 5.5
... B23: 0.95833333 | C23: 6 | D23: =IF(C23="", "",VLOOKUP(C23,Key!$A$5:$B$7,2,FALSE)) -> Large Bus | E23: UAZ 483D | F23: in | G23: Kampala | H23: Kampala | I23: Uga | J23: Kyanika | K23: Kyanika | L23: =H23&"-"&K23 -> Kampala-Kyanika | M23: 64 | N23: 40000 | O23: 8

Sheet RSI FORM
B1: Feasibility Study and Detailed Design of Kampala - Jinja Highway
B2: Roadside OD Interview Survey
B4: Date: | C4: 40465 | D4: Interviewer: | G4: Survey Station: | H4: Bweyogerere | J4: Direction: | K4: Bweyogerere-Kireka | L4: Coded By: | N4: Chkd By:
B7: Time Period | C7: Veh_Type | D7: Veh_Other | E7: Occupancy | F7: Origin_Address | H7: Origin_Purpose | I7: Origin_other | J7: Destination_Address | L7: Destination_Purpose | M7: Destination_Other | N7: Origin_Zone | O7: Dest_Zone | P7: WTP
F8: Village/Town | G8: City/Country | J8: Village/Town | K8: City/Country
B9: AM | C9: 3 | E9: 2 | F9: Entebbe | G9: Kla, Ug | H9: 1 | J9: Kla | K9: Kla, Ug | L9: 2 | N9: Blank | O9: Blank | P9: Yes | Q9: 3000
B10: AM | C10: 1 | E10: 1 | F10: Kiwanga | G10: Kla, Ug | H10: 1 | J10: Kla | K10: Kla, Ug | L10: 2 | N10: Blank | O10: Blank | P10: Yes | Q10: 2000
B11: AM | E11: 1 | F11: Bukoto | G11: Kla, Ug | H11: 3 | J11: Kla | K11: Kla, Ug | L11: 1 | N11: Blank | O11: Blank
B12: AM
B13: AM
B14: AM
B15: AM
B16: AM
B17: AM
B18: AM
B19: AM
B20: AM
B21: AM
B22: AM
B23: AM
... B53: AM

Sheet Summary
B2: BUS OPERATIONS AT KABALE
D4: BUS JOURNEY | J4: PASSENGER DETAILS
B5: STATION | C5: DIRECTION | D5: ORIGIN | E5: DESTINATION | F5: ROUTE ID | G5: BUS TRIPS / DAY | H5: JOURNEY DISTANCE (KM) | I5: JOURNEY TIME/ TRIP (HRS) | J5: EST. PAX/ BUS | K5: AVERAGE PAX FARE (UGX)
B6: KABALE | C6: FROM KAMPALA | D6: KAMPALA | E6: ISHAKA | F6: =D6&"-"&E6 -> KAMPALA-ISHAKA | G6: =ROUNDUP(COUNTIF('PT-16'!$L$9:$L$233,Summary!F6),0) -> 1 | H6: 331 | I6: =AVERAGEIF('PT-16'!$L$9:$L$233,Summary!F6,'PT-16'!$O$9:$O$233) -> 5.5 | J6: =AVERAGEIF('PT-16'!$L$9:$L$233,Summary!F6,'PT-16'!$M$9:$M$233) -> 64 | K6: =AVERAGEIF('PT-16'!$L$9:$L$233,Summary!F6,'PT-16'!$N$9:$N$233) -> 25000
B7: KABALE | C7: FROM KAMPALA | D7: KAMPALA | E7: KABALE | F7: =D7&"-"&E7 -> KAMPALA-KABALE | G7: =ROUNDUP(COUNTIF('PT-16'!$L$9:$L$233,Summary!F7),0) -> 3 | H7: 410 | I7: =AVERAGEIF('PT-16'!$L$9:$L$233,Summary!F7,'PT-16'!$O$9:$O$233) -> 6.5 | J7: =AVERAGEIF('PT-16'!$L$9:$L$233,Summary!F7,'PT-16'!$M$9:$M$233) -> 48.666667 | K7: =AVERAGEIF('PT-16'!$L$9:$L$233,Summary!F7,'PT-16'!$N$9:$N$233) -> 30000
B8: KABALE | C8: FROM KAMPALA | D8: KAMPALA | E8: KISORO | F8: =D8&"-"&E8 -> KAMPALA-KISORO | G8: =ROUNDUP(COUNTIF('PT-16'!$L$9:$L$233,Summary!F8),0) -> 3 | H8: 467 | I8: =AVERAGEIF('PT-16'!$L$9:$L$233,Summary!F8,'PT-16'!$O$9:$O$233) -> 9 | J8: =AVERAGEIF('PT-16'!$L$9:$L$233,Summary!F8,'PT-16'!$M$9:$M$233) -> 41.666667 | K8: =AVERAGEIF('PT-16'!$L$9:$L$233,Summary!F8,'PT-16'!$N$9:$N$233) -> 40000
B9: KABALE | C9: FROM KAMPALA | D9: KAMPALA | E9: KYANIKA | F9: =D9&"-"&E9 -> KAMPALA-KYANIKA | G9: =ROUNDUP(COUNTIF('PT-16'!$L$9:$L$233,Summary!F9),0) -> 1 | H9: 470 | I9: =AVERAGEIF('PT-16'!$L$9:$L$233,Summary!F9,'PT-16'!$O$9:$O$233) -> 8 | J9: =AVERAGEIF('PT-16'!$L$9:$L$233,Summary!F9,'PT-16'!$M$9:$M$233) -> 64 | K9: =AVERAGEIF('PT-16'!$L$9:$L$233,Summary!F9,'PT-16'!$N$9:$N$233) -> 40000
B10: KABALE | C10: TO KAMPALA | D10: KABALE | E10: KAMPALA | F10: =D10&"-"&E10 -> KABALE-KAMPALA | G10: =ROUNDUP(COUNTIF('PT-16'!$L$9:$L$233,Summary!F10),0) -> 5 | H10: 410 | I10: =AVERAGEIF('PT-16'!$L$9:$L$233,Summary!F10,'PT-16'!$O$9:$O$233) -> 6.6 | J10: =AVERAGEIF('PT-16'!$L$9:$L$233,Summary!F10,'PT-16'!$M$9:$M$233) -> 53.6 | K10: =AVERAGEIF('PT-16'!$L$9:$L$233,Summary!F10,'PT-16'!$N$9:$N$233) -> 30000
B11: KABALE | C11: TO KAMPALA | D11: KISORO | E11: KAMPALA | F11: =D11&"-"&E11 -> KISORO-KAMPALA | G11: =ROUNDUP(COUNTIF('PT-16'!$L$9:$L$233,Summary!F11),0) -> 2 | H11: 467 | I11: =AVERAGEIF('PT-16'!$L$9:$L$233,Summary!F11,'PT-16'!$O$9:$O$233) -> 9 | J11: =AVERAGEIF('PT-16'!$L$9:$L$233,Summary!F11,'PT-16'!$M$9:$M$233) -> 47 | K11: =AVERAGEIF('PT-16'!$L$9:$L$233,Summary!F11,'PT-16'!$N$9:$N$233) -> 40000

Sheet Key
B1: Vehicle Type
A2: 1 | B2: Car
A3: 2 | B3: Station Wagon
A4: 3 | B4: Pickups
A5: 4 | B5: Minibus, matatu
A6: 5 | B6: Medium bus
A7: 6 | B7: Large Bus
A8: 7 | B8: Light Truck
A9: 8 | B9: Medium Truck
A10: 9 | B10: Heavy truck
A11: 10 | B11: Truck Trailer
A12: 11 | B12: Motor cycles
A13: 12 | B13: Tractors
