Workbook

Sheet 23.09 Bombo-Matugga 
B1: Consultancy services for Preparation of Expressway Development Master Plan (EDMP) for Uganda
B2: MANUAL CLASSIFIED COUNT (MCC)
B3: ROAD NAME: | C3: MCC - C2 - STN067- BOMBO ROAD
C5: Date | D5: 23.09.19 | F5: Location | G5: Matugga Gaz | J5: Surveyor | K5: Babirye
C6: Dir. From | D6: Bombo | F6: Dir. To | G6: Matugga | J6: Supervisor | K6: Nusura
B8: Time / Veh Type | R8: SUMMARY TRAFFIC VOLUMES
C9: 1. Car | D9: 2. Station Wagon | E9: 3. Pickups | F9: 4. Minibus, matatu | G9: 5. Medium bus | H9: 6. Large Bus | I9: 7. Light Truck | J9: 8. Medium Truck | K9: 9. Heavy truck | L9: 10. Truck Trailer | M9: 11. Motor cycles | N9: 12. Tractors | O9: Total Excl M/Cycles | P9: Total All | R9: Time | S9: 1. Car | T9: 2. Station Wagon | U9: 3. Pickups | V9: 4. Minibus, matatu | W9: 5. Medium bus | X9: 6. Large Bus | Y9: 7. Light Truck | Z9: 8. Medium Truck | AA9: 9. Heavy truck | AB9: 10. Truck Trailer | AC9: 11. Motorcycles | AD9: 12. Tractors, Graders | AE9: Total Excl M/ Cycles | AF9: Total All
B10: 07.00 - 07.15 | C10: 17 | D10: 0 | E10: 2 | F10: 5 | G10: 1 | H10: 0 | I10: 7 | J10: 0 | K10: 1 | L10: 0 | M10: 105 | N10: 0 | O10: =SUM(C10:L10,N10) -> 33 | P10: =SUM(C10:N10) -> 138 | R10: 0700-0800 | S10: =SUM(C10:C13) -> 105 | T10: =SUM(D10:D13) -> 19 | U10: =SUM(E10:E13) -> 16 | V10: =SUM(F10:F13) -> 123 | W10: =SUM(G10:G13) -> 2 | X10: =SUM(H10:H13) -> 3 | Y10: =SUM(I10:I13) -> 25 | Z10: =SUM(J10:J13) -> 4 | ... AF10: =SUM(P10:P13) -> 669
B11: 07.15 - 07.30 | C11: 38 | D11: 11 | E11: 5 | F11: 33 | G11: 1 | H11: 0 | I11: 5 | J11: 0 | K11: 0 | L11: 0 | M11: 90 | N11: 0 | O11: =SUM(C11:L11,N11) -> 93 | P11: =SUM(C11:N11) -> 183 | R11: 0800-0900 | S11: =SUM(C14:C17) -> 109 | T11: =SUM(D14:D17) -> 28 | U11: =SUM(E14:E17) -> 29 | V11: =SUM(F14:F17) -> 152 | W11: =SUM(G14:G17) -> 6 | X11: =SUM(H14:H17) -> 2 | Y11: =SUM(I14:I17) -> 35 | Z11: =SUM(J14:J17) -> 7 | ... AF11: =SUM(P14:P17) -> 787
B12: 07.30 - 07.45 | C12: 31 | D12: 6 | E12: 6 | F12: 50 | G12: 0 | H12: 1 | I12: 3 | J12: 2 | K12: 0 | L12: 0 | M12: 93 | N12: 0 | O12: =SUM(C12:L12,N12) -> 99 | P12: =SUM(C12:N12) -> 192 | R12: 0900-1000 | S12: =SUM(C18:C21) -> 102 | T12: =SUM(D18:D21) -> 16 | U12: =SUM(E18:E21) -> 18 | V12: =SUM(F18:F21) -> 179 | W12: =SUM(G18:G21) -> 0 | X12: =SUM(H18:H21) -> 1 | Y12: =SUM(I18:I21) -> 40 | Z12: =SUM(J18:J21) -> 9 | ... AF12: =SUM(P18:P21) -> 707
B13: 07.45 - 08.00 | C13: 19 | D13: 2 | E13: 3 | F13: 35 | G13: 0 | H13: 2 | I13: 10 | J13: 2 | K13: 0 | L13: 1 | M13: 82 | N13: 0 | O13: =SUM(C13:L13,N13) -> 74 | P13: =SUM(C13:N13) -> 156 | R13: 1000-1100 | S13: =SUM(C22:C25) -> 112 | T13: =SUM(D22:D25) -> 17 | U13: =SUM(E22:E25) -> 16 | V13: =SUM(F22:F25) -> 149 | W13: =SUM(G22:G25) -> 0 | X13: =SUM(H22:H25) -> 1 | Y13: =SUM(I22:I25) -> 52 | Z13: =SUM(J22:J25) -> 8 | ... AF13: =SUM(P22:P25) -> 644
B14: 08.00 - 08.15 | C14: 30 | D14: 9 | E14: 10 | F14: 65 | G14: 1 | H14: 2 | I14: 13 | J14: 3 | K14: 0 | L14: 2 | M14: 91 | N14: 0 | O14: =SUM(C14:L14,N14) -> 135 | P14: =SUM(C14:N14) -> 226 | R14: 1100-1200 | S14: =SUM(C26:C29) -> 96 | T14: =SUM(D26:D29) -> 30 | U14: =SUM(E26:E29) -> 12 | V14: =SUM(F26:F29) -> 146 | W14: =SUM(G26:G29) -> 3 | X14: =SUM(H26:H29) -> 0 | Y14: =SUM(I26:I29) -> 70 | Z14: =SUM(J26:J29) -> 4 | ... AF14: =SUM(P26:P29) -> 612
B15: 08.15 - 08.30 | C15: 21 | D15: 9 | E15: 5 | F15: 26 | G15: 1 | H15: 0 | I15: 3 | J15: 3 | K15: 1 | L15: 2 | M15: 92 | N15: 0 | O15: =SUM(C15:L15,N15) -> 71 | P15: =SUM(C15:N15) -> 163 | R15: 1200-1300 | S15: =SUM(C30:C33) -> 95 | T15: =SUM(D30:D33) -> 16 | U15: =SUM(E30:E33) -> 19 | V15: =SUM(F30:F33) -> 112 | W15: =SUM(G30:G33) -> 3 | X15: =SUM(H30:H33) -> 3 | Y15: =SUM(I30:I33) -> 34 | Z15: =SUM(J30:J33) -> 4 | ... AF15: =SUM(P30:P33) -> 547
B16: 08.30 - 08.45 | C16: 27 | D16: 3 | E16: 6 | F16: 36 | G16: 2 | H16: 0 | I16: 9 | J16: 0 | K16: 3 | L16: 2 | M16: 125 | N16: 0 | O16: =SUM(C16:L16,N16) -> 88 | P16: =SUM(C16:N16) -> 213 | R16: 1300-1400 | S16: =SUM(C34:C37) -> 101 | T16: =SUM(D34:D37) -> 49 | U16: =SUM(E34:E37) -> 9 | V16: =SUM(F34:F37) -> 141 | W16: =SUM(G34:G37) -> 0 | X16: =SUM(H34:H37) -> 1 | Y16: =SUM(I34:I37) -> 41 | Z16: =SUM(J34:J37) -> 1 | ... AF16: =SUM(P34:P37) -> 502
B17: 08.45 - 9.00 | C17: 31 | D17: 7 | E17: 8 | F17: 25 | G17: 2 | H17: 0 | I17: 10 | J17: 1 | K17: 8 | L17: 3 | M17: 90 | N17: 0 | O17: =SUM(C17:L17,N17) -> 95 | P17: =SUM(C17:N17) -> 185 | R17: 1400-1500 | S17: =SUM(C38:C41) -> 89 | T17: =SUM(D38:D41) -> 30 | U17: =SUM(E38:E41) -> 13 | V17: =SUM(F38:F41) -> 110 | W17: =SUM(G38:G41) -> 0 | X17: =SUM(H38:H41) -> 0 | Y17: =SUM(I38:I41) -> 31 | Z17: =SUM(J38:J41) -> 8 | ... AF17: =SUM(P38:P41) -> 488
B18: 09.00 - 09.15 | C18: 29 | D18: 10 | E18: 7 | F18: 54 | G18: 0 | H18: 0 | I18: 19 | J18: 2 | K18: 1 | L18: 3 | M18: 95 | N18: 0 | O18: =SUM(C18:L18,N18) -> 125 | P18: =SUM(C18:N18) -> 220 | R18: 1500-1600 | S18: =SUM(C42:C45) -> 129 | T18: =SUM(D42:D45) -> 26 | U18: =SUM(E42:E45) -> 32 | V18: =SUM(F42:F45) -> 127 | W18: =SUM(G42:G45) -> 1 | X18: =SUM(H42:H45) -> 7 | Y18: =SUM(I42:I45) -> 43 | Z18: =SUM(J42:J45) -> 4 | ... AF18: =SUM(P42:P45) -> 548
B19: 09.15 - 09.30 | C19: 20 | D19: 2 | E19: 5 | F19: 45 | G19: 0 | H19: 1 | I19: 9 | J19: 1 | K19: 2 | L19: 2 | M19: 73 | N19: 0 | O19: =SUM(C19:L19,N19) -> 87 | P19: =SUM(C19:N19) -> 160 | R19: 1600-1700 | S19: =SUM(C46:C49) -> 149 | T19: =SUM(D46:D49) -> 27 | U19: =SUM(E46:E49) -> 31 | V19: =SUM(F46:F49) -> 109 | W19: =SUM(G46:G49) -> 3 | X19: =SUM(H46:H49) -> 4 | Y19: =SUM(I46:I49) -> 27 | Z19: =SUM(J46:J49) -> 7 | ... AF19: =SUM(P46:P49) -> 500
B20: 09.30 - 09.45 | C20: 26 | D20: 3 | E20: 4 | F20: 47 | G20: 0 | H20: 0 | I20: 7 | J20: 3 | K20: 0 | L20: 1 | M20: 77 | N20: 0 | O20: =SUM(C20:L20,N20) -> 91 | P20: =SUM(C20:N20) -> 168 | R20: 1700-1800 | S20: =SUM(C50:C53) -> 189 | T20: =SUM(D50:D53) -> 45 | U20: =SUM(E50:E53) -> 30 | V20: =SUM(F50:F53) -> 159 | W20: =SUM(G50:G53) -> 17 | X20: =SUM(H50:H53) -> 1 | Y20: =SUM(I50:I53) -> 33 | Z20: =SUM(J50:J53) -> 24 | ... AF20: =SUM(P50:P53) -> 708
B21: 09.45 - 10.00 | C21: 27 | D21: 1 | E21: 2 | F21: 33 | G21: 0 | H21: 0 | I21: 5 | J21: 3 | K21: 0 | L21: 1 | M21: 87 | N21: 0 | O21: =SUM(C21:L21,N21) -> 72 | P21: =SUM(C21:N21) -> 159 | R21: 1800-1900 | S21: =SUM(C54:C57) -> 194 | T21: =SUM(D54:D57) -> 45 | U21: =SUM(E54:E57) -> 40 | V21: =SUM(F54:F57) -> 221 | W21: =SUM(G54:G57) -> 18 | X21: =SUM(H54:H57) -> 6 | Y21: =SUM(I54:I57) -> 44 | Z21: =SUM(J54:J57) -> 26 | ... AF21: =SUM(P54:P57) -> 861
B22: 10.00 - 10.15 | C22: 25 | D22: 2 | E22: 2 | F22: 41 | G22: 0 | H22: 0 | I22: 7 | J22: 1 | K22: 0 | L22: 1 | M22: 63 | N22: 0 | O22: =SUM(C22:L22,N22) -> 79 | P22: =SUM(C22:N22) -> 142 | R22: AM Peak Hr | S22: =MAX(S10:S12) -> 109 | T22: =MAX(T10:T12) -> 28 | U22: =MAX(U10:U12) -> 29 | V22: =MAX(V10:V12) -> 179 | W22: =MAX(W10:W12) -> 6 | X22: =MAX(X10:X12) -> 3 | Y22: =MAX(Y10:Y12) -> 40 | Z22: =MAX(Z10:Z12) -> 9 | ... AF22: =MAX(AF10:AF12) -> 787
B23: 10.15 - 10.30 | C23: 36 | D23: 5 | E23: 6 | F23: 37 | G23: 0 | H23: 1 | I23: 9 | J23: 4 | K23: 2 | L23: 1 | M23: 80 | N23: 0 | O23: =SUM(C23:L23,N23) -> 101 | P23: =SUM(C23:N23) -> 181 | R23: IP Peak Hr | S23: =MAX(S13:S18) -> 129 | T23: =MAX(T13:T18) -> 49 | U23: =MAX(U13:U18) -> 32 | V23: =MAX(V13:V18) -> 149 | W23: =MAX(W13:W18) -> 3 | X23: =MAX(X13:X18) -> 7 | Y23: =MAX(Y13:Y18) -> 70 | Z23: =MAX(Z13:Z18) -> 8 | ... AF23: =MAX(AF13:AF18) -> 644
B24: 10.30 - 10.45 | C24: 28 | D24: 4 | E24: 5 | F24: 37 | G24: 0 | H24: 0 | I24: 11 | J24: 0 | K24: 2 | L24: 1 | M24: 68 | N24: 0 | O24: =SUM(C24:L24,N24) -> 88 | P24: =SUM(C24:N24) -> 156 | R24: PM Peak Hr | S24: =MAX(S19:S21) -> 194 | T24: =MAX(T19:T21) -> 45 | U24: =MAX(U19:U21) -> 40 | V24: =MAX(V19:V21) -> 221 | W24: =MAX(W19:W21) -> 18 | X24: =MAX(X19:X21) -> 6 | Y24: =MAX(Y19:Y21) -> 44 | Z24: =MAX(Z19:Z21) -> 26 | ... AF24: =MAX(AF19:AF21) -> 861
B25: 10.45 - 11.00 | C25: 23 | D25: 6 | E25: 3 | F25: 34 | G25: 0 | H25: 0 | I25: 25 | J25: 3 | K25: 1 | L25: 5 | M25: 65 | N25: 0 | O25: =SUM(C25:L25,N25) -> 100 | P25: =SUM(C25:N25) -> 165 | R25: AM Period | S25: =SUM(S10:S12) -> 316 | T25: =SUM(T10:T12) -> 63 | U25: =SUM(U10:U12) -> 63 | V25: =SUM(V10:V12) -> 454 | W25: =SUM(W10:W12) -> 8 | X25: =SUM(X10:X12) -> 6 | Y25: =SUM(Y10:Y12) -> 100 | Z25: =SUM(Z10:Z12) -> 20 | ... AF25: =SUM(AF10:AF12) -> 2163
B26: 11.00 - 11.15 | C26: 27 | D26: 8 | E26: 3 | F26: 41 | G26: 1 | H26: 0 | I26: 2 | J26: 0 | K26: 1 | L26: 0 | M26: 50 | N26: 0 | O26: =SUM(C26:L26,N26) -> 83 | P26: =SUM(C26:N26) -> 133 | R26: IP Period | S26: =SUM(S13:S18) -> 622 | T26: =SUM(T13:T18) -> 168 | U26: =SUM(U13:U18) -> 101 | V26: =SUM(V13:V18) -> 785 | W26: =SUM(W13:W18) -> 7 | X26: =SUM(X13:X18) -> 12 | Y26: =SUM(Y13:Y18) -> 271 | Z26: =SUM(Z13:Z18) -> 29 | ... AF26: =SUM(AF13:AF18) -> 3341
B27: 11.15 - 11.30 | C27: 13 | D27: 5 | E27: 2 | F27: 45 | G27: 1 | H27: 0 | I27: 40 | J27: 2 | K27: 1 | L27: 1 | M27: 65 | N27: 0 | O27: =SUM(C27:L27,N27) -> 110 | P27: =SUM(C27:N27) -> 175 | R27: PM Period | S27: =SUM(S19:S21) -> 532 | T27: =SUM(T19:T21) -> 117 | U27: =SUM(U19:U21) -> 101 | V27: =SUM(V19:V21) -> 489 | W27: =SUM(W19:W21) -> 38 | X27: =SUM(X19:X21) -> 11 | Y27: =SUM(Y19:Y21) -> 104 | Z27: =SUM(Z19:Z21) -> 57 | ... AF27: =SUM(AF19:AF21) -> 2069
B28: 11.30 - 11.45 | C28: 30 | D28: 2 | E28: 0 | F28: 23 | G28: 1 | H28: 0 | I28: 17 | J28: 0 | K28: 1 | L28: 2 | M28: 75 | N28: 0 | O28: =SUM(C28:L28,N28) -> 76 | P28: =SUM(C28:N28) -> 151 | R28: 12 Hours | S28: =SUM(S10:S21) -> 1470 | T28: =SUM(T10:T21) -> 348 | U28: =SUM(U10:U21) -> 265 | V28: =SUM(V10:V21) -> 1728 | W28: =SUM(W10:W21) -> 53 | X28: =SUM(X10:X21) -> 29 | Y28: =SUM(Y10:Y21) -> 475 | Z28: =SUM(Z10:Z21) -> 106 | ... AF28: =SUM(AF10:AF21) -> 7573
B29: 11.45 - 12.00 | C29: 26 | D29: 15 | E29: 7 | F29: 37 | G29: 0 | H29: 0 | I29: 11 | J29: 2 | K29: 2 | L29: 3 | M29: 50 | N29: 0 | O29: =SUM(C29:L29,N29) -> 103 | P29: =SUM(C29:N29) -> 153
B30: 12.00 - 12.15 | C30: 19 | D30: 7 | E30: 5 | F30: 31 | G30: 1 | H30: 1 | I30: 12 | J30: 2 | K30: 1 | L30: 5 | M30: 54 | N30: 0 | O30: =SUM(C30:L30,N30) -> 84 | P30: =SUM(C30:N30) -> 138
B31: 12.15 - 12.30 | C31: 23 | D31: 3 | E31: 2 | F31: 35 | G31: 1 | H31: 0 | I31: 15 | J31: 1 | K31: 2 | L31: 2 | M31: 60 | N31: 0 | O31: =SUM(C31:L31,N31) -> 84 | P31: =SUM(C31:N31) -> 144
B32: 12.30 - 12.45 | C32: 20 | D32: 3 | E32: 5 | F32: 18 | G32: 0 | H32: 0 | I32: 3 | J32: 1 | K32: 0 | L32: 3 | M32: 63 | N32: 0 | O32: =SUM(C32:L32,N32) -> 53 | P32: =SUM(C32:N32) -> 116
B33: 12.45 - 13.00 | C33: 33 | D33: 3 | E33: 7 | F33: 28 | G33: 1 | H33: 2 | I33: 4 | J33: 0 | K33: 0 | L33: 0 | M33: 71 | N33: 0 | O33: =SUM(C33:L33,N33) -> 78 | P33: =SUM(C33:N33) -> 149
B34: 13.00 - 13.15 | C34: 18 | D34: 9 | E34: 4 | F34: 25 | G34: 0 | H34: 1 | I34: 8 | J34: 0 | K34: 1 | L34: 1 | M34: 35 | N34: 0 | O34: =SUM(C34:L34,N34) -> 67 | P34: =SUM(C34:N34) -> 102
B35: 13.15 - 13.30 | C35: 26 | D35: 3 | E35: 4 | F35: 39 | G35: 0 | H35: 0 | I35: 8 | J35: 1 | K35: 0 | L35: 3 | M35: 33 | N35: 0 | O35: =SUM(C35:L35,N35) -> 84 | P35: =SUM(C35:N35) -> 117
B36: 13.30 - 13.45 | C36: 27 | D36: 12 | E36: 1 | F36: 40 | G36: 0 | H36: 0 | I36: 11 | J36: 0 | K36: 0 | L36: 1 | M36: 41 | N36: 0 | O36: =SUM(C36:L36,N36) -> 92 | P36: =SUM(C36:N36) -> 133
B37: 13.45 - 14.00 | C37: 30 | D37: 25 | E37: 0 | F37: 37 | G37: 0 | H37: 0 | I37: 14 | J37: 0 | K37: 0 | L37: 3 | M37: 40 | N37: 1 | O37: =SUM(C37:L37,N37) -> 110 | P37: =SUM(C37:N37) -> 150
B38: 14.00 - 14.15 | C38: 24 | D38: 3 | E38: 1 | F38: 32 | G38: 0 | H38: 0 | I38: 5 | J38: 2 | K38: 0 | L38: 1 | M38: 52 | N38: 0 | O38: =SUM(C38:L38,N38) -> 68 | P38: =SUM(C38:N38) -> 120
B39: 14.15 - 14.30 | C39: 16 | D39: 8 | E39: 6 | F39: 19 | G39: 0 | H39: 0 | I39: 14 | J39: 3 | K39: 0 | L39: 2 | M39: 45 | N39: 0 | O39: =SUM(C39:L39,N39) -> 68 | P39: =SUM(C39:N39) -> 113
B40: 14.30 - 14.45 | C40: 25 | D40: 6 | E40: 2 | F40: 34 | G40: 0 | H40: 0 | I40: 8 | J40: 3 | K40: 0 | L40: 1 | M40: 53 | N40: 0 | O40: =SUM(C40:L40,N40) -> 79 | P40: =SUM(C40:N40) -> 132
... B57: 18.45 - 19.00 | C57: 51 | D57: 15 | E57: 12 | F57: 42 | G57: 1 | H57: 2 | I57: 14 | J57: 7 | K57: 3 | L57: 1 | M57: 85 | N57: 0 | O57: =SUM(C57:L57,N57) -> 148 | P57: =SUM(C57:N57) -> 233
B58: Totals | C58: =SUM(C10:C57) -> 1470 | D58: =SUM(D10:D57) -> 348 | E58: =SUM(E10:E57) -> 265 | F58: =SUM(F10:F57) -> 1728 | G58: =SUM(G10:G57) -> 53 | H58: =SUM(H10:H57) -> 29 | I58: =SUM(I10:I57) -> 475 | J58: =SUM(J10:J57) -> 106 | ... P58: =SUM(P10:P57) -> 7573
B59: %ges + MCs | C59: =C58/$P$58 -> 0.19411066 | D59: =D58/$P$58 -> 0.045952727 | E59: =E58/$P$58 -> 0.034992737 | F59: =F58/$P$58 -> 0.22817906 | G59: =G58/$P$58 -> 0.0069985475 | H59: =H58/$P$58 -> 0.0038293939 | I59: =I58/$P$58 -> 0.062722831 | J59: =J58/$P$58 -> 0.013997095 | ... N59: =N58/$P$58 -> 0.0003961442
B60: %ges w/o MCs | C60: =C58/$O$58 -> 0.3182507 | D60: =D58/$O$58 -> 0.075340983 | E60: =E58/$O$58 -> 0.057371725 | F60: =F58/$O$58 -> 0.37410695 | G60: =G58/$O$58 -> 0.011474345 | H60: =H58/$O$58 -> 0.0062784152 | I60: =I58/$O$58 -> 0.10283611 | J60: =J58/$O$58 -> 0.02294869 | ... L60: =L58/$O$58 -> 0.018618749 | N60: =N58/$O$58 -> 0.00064949123

Sheet 23.09 Matugga-Bombo
B1: Consultancy services for Preparation of Expressway Development Master Plan (EDMP) for Uganda
B2: MANUAL CLASSIFIED COUNT (MCC)
B3: ROAD NAME: | C3: ='23.09 Bombo-Matugga '!C3:G3 -> MCC - C2 - STN067- BOMBO ROAD
C5: Date | D5: ='23.09 Bombo-Matugga '!D5 -> 23.09.19 | F5: Location | G5: ='23.09 Bombo-Matugga '!G5:H5 -> Matugga Gaz | J5: Surveyor | K5: Omeje Brian
C6: Dir. From | D6: Matugga | F6: Dir. To | G6: Bombo | J6: Supervisor | K6: Nusura
B8: Time / Veh Type | R8: SUMMARY TRAFFIC VOLUMES
C9: 1. Car | D9: 2. Station Wagon | E9: 3. Pickups | F9: 4. Minibus, matatu | G9: 5. Medium bus | H9: 6. Large Bus | I9: 7. Light Truck | J9: 8. Medium Truck | K9: 9. Heavy truck | L9: 10. Truck Trailer | M9: 11. Motor cycles | N9: 12. Tractors | O9: Total Excl M/Cycles | P9: Total All | R9: Time | S9: 1. Car | T9: 2. Station Wagon | U9: 3. Pickups | V9: 4. Minibus, matatu | W9: 5. Medium bus | X9: 6. Large Bus | Y9: 7. Light Truck | Z9: 8. Medium Truck | AA9: 9. Heavy truck | AB9: 10. Truck Trailer | AC9: 11. Motorcycles | AD9: 12. Tractors, Graders | AE9: Total Excl M/ Cycles | AF9: Total All
B10: 07.00 - 07.15 | C10: 33 | D10: 0 | E10: 0 | F10: 1 | G10: 0 | H10: 0 | I10: 3 | J10: 4 | K10: 1 | L10: 0 | M10: 50 | N10: 0 | O10: =SUM(C10:L10,N10) -> 42 | P10: =SUM(C10:N10) -> 92 | R10: 0700-0800 | S10: =SUM(C10:C13) -> 135 | T10: =SUM(D10:D13) -> 35 | U10: =SUM(E10:E13) -> 14 | V10: =SUM(F10:F13) -> 63 | W10: =SUM(G10:G13) -> 29 | X10: =SUM(H10:H13) -> 2 | Y10: =SUM(I10:I13) -> 38 | Z10: =SUM(J10:J13) -> 14 | ... AF10: =SUM(P10:P13) -> 603
B11: 07.15 - 07.30 | C11: 26 | D11: 11 | E11: 4 | F11: 28 | G11: 0 | H11: 1 | I11: 10 | J11: 4 | K11: 1 | L11: 0 | M11: 61 | N11: 0 | O11: =SUM(C11:L11,N11) -> 85 | P11: =SUM(C11:N11) -> 146 | R11: 0800-0900 | S11: =SUM(C14:C17) -> 160 | T11: =SUM(D14:D17) -> 48 | U11: =SUM(E14:E17) -> 25 | V11: =SUM(F14:F17) -> 123 | W11: =SUM(G14:G17) -> 3 | X11: =SUM(H14:H17) -> 1 | Y11: =SUM(I14:I17) -> 43 | Z11: =SUM(J14:J17) -> 11 | ... AF11: =SUM(P14:P17) -> 791
B12: 07.30 - 07.45 | C12: 48 | D12: 12 | E12: 9 | F12: 34 | G12: 0 | H12: 1 | I12: 15 | J12: 4 | K12: 2 | L12: 0 | M12: 90 | N12: 0 | O12: =SUM(C12:L12,N12) -> 125 | P12: =SUM(C12:N12) -> 215 | R12: 0900-1000 | S12: =SUM(C18:C21) -> 151 | T12: =SUM(D18:D21) -> 49 | U12: =SUM(E18:E21) -> 21 | V12: =SUM(F18:F21) -> 165 | W12: =SUM(G18:G21) -> 3 | X12: =SUM(H18:H21) -> 3 | Y12: =SUM(I18:I21) -> 52 | Z12: =SUM(J18:J21) -> 16 | ... AF12: =SUM(P18:P21) -> 819
B13: 07.45 - 08.00 | C13: 28 | D13: 12 | E13: 1 | F13: 0 | G13: 29 | H13: 0 | I13: 10 | J13: 2 | K13: 3 | L13: 0 | M13: 65 | N13: 0 | O13: =SUM(C13:L13,N13) -> 85 | P13: =SUM(C13:N13) -> 150 | R13: 1000-1100 | S13: =SUM(C22:C25) -> 125 | T13: =SUM(D22:D25) -> 36 | U13: =SUM(E22:E25) -> 27 | V13: =SUM(F22:F25) -> 160 | W13: =SUM(G22:G25) -> 6 | X13: =SUM(H22:H25) -> 0 | Y13: =SUM(I22:I25) -> 76 | Z13: =SUM(J22:J25) -> 13 | ... AF13: =SUM(P22:P25) -> 752
B14: 08.00 - 08.15 | C14: 48 | D14: 13 | E14: 7 | F14: 43 | G14: 0 | H14: 1 | I14: 13 | J14: 6 | K14: 7 | L14: 2 | M14: 100 | N14: 1 | O14: =SUM(C14:L14,N14) -> 141 | P14: =SUM(C14:N14) -> 241 | R14: 1100-1200 | S14: =SUM(C26:C29) -> 119 | T14: =SUM(D26:D29) -> 43 | U14: =SUM(E26:E29) -> 35 | V14: =SUM(F26:F29) -> 168 | W14: =SUM(G26:G29) -> 6 | X14: =SUM(H26:H29) -> 7 | Y14: =SUM(I26:I29) -> 61 | Z14: =SUM(J26:J29) -> 11 | ... AF14: =SUM(P26:P29) -> 768
B15: 08.15 - 08.30 | C15: 36 | D15: 10 | E15: 6 | F15: 32 | G15: 1 | H15: 0 | I15: 9 | J15: 0 | K15: 3 | L15: 0 | M15: 82 | N15: 0 | O15: =SUM(C15:L15,N15) -> 97 | P15: =SUM(C15:N15) -> 179 | R15: 1200-1300 | S15: =SUM(C30:C33) -> 138 | T15: =SUM(D30:D33) -> 25 | U15: =SUM(E30:E33) -> 23 | V15: =SUM(F30:F33) -> 119 | W15: =SUM(G30:G33) -> 8 | X15: =SUM(H30:H33) -> 3 | Y15: =SUM(I30:I33) -> 75 | Z15: =SUM(J30:J33) -> 19 | ... AF15: =SUM(P30:P33) -> 720
B16: 08.30 - 08.45 | C16: 49 | D16: 11 | E16: 4 | F16: 30 | G16: 2 | H16: 0 | I16: 9 | J16: 3 | K16: 2 | L16: 0 | M16: 83 | N16: 1 | O16: =SUM(C16:L16,N16) -> 111 | P16: =SUM(C16:N16) -> 194 | R16: 1300-1400 | S16: =SUM(C34:C37) -> 110 | T16: =SUM(D34:D37) -> 50 | U16: =SUM(E34:E37) -> 28 | V16: =SUM(F34:F37) -> 146 | W16: =SUM(G34:G37) -> 8 | X16: =SUM(H34:H37) -> 6 | Y16: =SUM(I34:I37) -> 42 | Z16: =SUM(J34:J37) -> 24 | ... AF16: =SUM(P34:P37) -> 653
B17: 08.45 - 9.00 | C17: 27 | D17: 14 | E17: 8 | F17: 18 | G17: 0 | H17: 0 | I17: 12 | J17: 2 | K17: 1 | L17: 0 | M17: 95 | N17: 0 | O17: =SUM(C17:L17,N17) -> 82 | P17: =SUM(C17:N17) -> 177 | R17: 1400-1500 | S17: =SUM(C38:C41) -> 109 | T17: =SUM(D38:D41) -> 18 | U17: =SUM(E38:E41) -> 20 | V17: =SUM(F38:F41) -> 151 | W17: =SUM(G38:G41) -> 7 | X17: =SUM(H38:H41) -> 8 | Y17: =SUM(I38:I41) -> 93 | Z17: =SUM(J38:J41) -> 27 | ... AF17: =SUM(P38:P41) -> 699
B18: 09.00 - 09.15 | C18: 40 | D18: 8 | E18: 4 | F18: 32 | G18: 1 | H18: 1 | I18: 17 | J18: 4 | K18: 2 | L18: 1 | M18: 91 | N18: 0 | O18: =SUM(C18:L18,N18) -> 110 | P18: =SUM(C18:N18) -> 201 | R18: 1500-1600 | S18: =SUM(C42:C45) -> 102 | T18: =SUM(D42:D45) -> 15 | U18: =SUM(E42:E45) -> 35 | V18: =SUM(F42:F45) -> 124 | W18: =SUM(G42:G45) -> 4 | X18: =SUM(H42:H45) -> 5 | Y18: =SUM(I42:I45) -> 65 | Z18: =SUM(J42:J45) -> 27 | ... AF18: =SUM(P42:P45) -> 557
B19: 09.15 - 09.30 | C19: 42 | D19: 11 | E19: 5 | F19: 50 | G19: 0 | H19: 1 | I19: 6 | J19: 1 | K19: 0 | L19: 1 | M19: 80 | N19: 0 | O19: =SUM(C19:L19,N19) -> 117 | P19: =SUM(C19:N19) -> 197 | R19: 1600-1700 | S19: =SUM(C46:C49) -> 58 | T19: =SUM(D46:D49) -> 9 | U19: =SUM(E46:E49) -> 5 | V19: =SUM(F46:F49) -> 54 | W19: =SUM(G46:G49) -> 0 | X19: =SUM(H46:H49) -> 10 | Y19: =SUM(I46:I49) -> 42 | Z19: =SUM(J46:J49) -> 21 | ... AF19: =SUM(P46:P49) -> 345
B20: 09.30 - 09.45 | C20: 39 | D20: 18 | E20: 3 | F20: 50 | G20: 2 | H20: 1 | I20: 18 | J20: 8 | K20: 4 | L20: 0 | M20: 95 | N20: 0 | O20: =SUM(C20:L20,N20) -> 143 | P20: =SUM(C20:N20) -> 238 | R20: 1700-1800 | S20: =SUM(C50:C53) -> 137 | T20: =SUM(D50:D53) -> 17 | U20: =SUM(E50:E53) -> 20 | V20: =SUM(F50:F53) -> 174 | W20: =SUM(G50:G53) -> 5 | X20: =SUM(H50:H53) -> 4 | Y20: =SUM(I50:I53) -> 46 | Z20: =SUM(J50:J53) -> 15 | ... AF20: =SUM(P50:P53) -> 621
B21: 09.45 - 10.00 | C21: 30 | D21: 12 | E21: 9 | F21: 33 | G21: 0 | H21: 0 | I21: 11 | J21: 3 | K21: 1 | L21: 3 | M21: 81 | N21: 0 | O21: =SUM(C21:L21,N21) -> 102 | P21: =SUM(C21:N21) -> 183 | R21: 1800-1900 | S21: =SUM(C54:C57) -> 99 | T21: =SUM(D54:D57) -> 22 | U21: =SUM(E54:E57) -> 20 | V21: =SUM(F54:F57) -> 163 | W21: =SUM(G54:G57) -> 3 | X21: =SUM(H54:H57) -> 1 | Y21: =SUM(I54:I57) -> 61 | Z21: =SUM(J54:J57) -> 13 | ... AF21: =SUM(P54:P57) -> 604
B22: 10.00 - 10.15 | C22: 27 | D22: 6 | E22: 4 | F22: 43 | G22: 0 | H22: 0 | I22: 8 | J22: 0 | K22: 1 | L22: 1 | M22: 75 | N22: 0 | O22: =SUM(C22:L22,N22) -> 90 | P22: =SUM(C22:N22) -> 165 | R22: AM Peak Hr | S22: =MAX(S10:S12) -> 160 | T22: =MAX(T10:T12) -> 49 | U22: =MAX(U10:U12) -> 25 | V22: =MAX(V10:V12) -> 165 | W22: =MAX(W10:W12) -> 29 | X22: =MAX(X10:X12) -> 3 | Y22: =MAX(Y10:Y12) -> 52 | Z22: =MAX(Z10:Z12) -> 16 | ... AF22: =MAX(AF10:AF12) -> 819
B23: 10.15 - 10.30 | C23: 28 | D23: 8 | E23: 8 | F23: 35 | G23: 0 | H23: 0 | I23: 20 | J23: 6 | K23: 3 | L23: 2 | M23: 70 | N23: 0 | O23: =SUM(C23:L23,N23) -> 110 | P23: =SUM(C23:N23) -> 180 | R23: IP Peak Hr | S23: =MAX(S13:S18) -> 138 | T23: =MAX(T13:T18) -> 50 | U23: =MAX(U13:U18) -> 35 | V23: =MAX(V13:V18) -> 168 | W23: =MAX(W13:W18) -> 8 | X23: =MAX(X13:X18) -> 8 | Y23: =MAX(Y13:Y18) -> 93 | Z23: =MAX(Z13:Z18) -> 27 | ... AF23: =MAX(AF13:AF18) -> 768
B24: 10.30 - 10.45 | C24: 40 | D24: 11 | E24: 10 | F24: 48 | G24: 2 | H24: 0 | I24: 18 | J24: 4 | K24: 3 | L24: 0 | M24: 76 | N24: 0 | O24: =SUM(C24:L24,N24) -> 136 | P24: =SUM(C24:N24) -> 212 | R24: PM Peak Hr | S24: =MAX(S19:S21) -> 137 | T24: =MAX(T19:T21) -> 22 | U24: =MAX(U19:U21) -> 20 | V24: =MAX(V19:V21) -> 174 | W24: =MAX(W19:W21) -> 5 | X24: =MAX(X19:X21) -> 10 | Y24: =MAX(Y19:Y21) -> 61 | Z24: =MAX(Z19:Z21) -> 21 | ... AF24: =MAX(AF19:AF21) -> 621
B25: 10.45 - 11.00 | C25: 30 | D25: 11 | E25: 5 | F25: 34 | G25: 4 | H25: 0 | I25: 30 | J25: 3 | K25: 1 | L25: 2 | M25: 75 | N25: 0 | O25: =SUM(C25:L25,N25) -> 120 | P25: =SUM(C25:N25) -> 195 | R25: AM Period | S25: =SUM(S10:S12) -> 446 | T25: =SUM(T10:T12) -> 132 | U25: =SUM(U10:U12) -> 60 | V25: =SUM(V10:V12) -> 351 | W25: =SUM(W10:W12) -> 35 | X25: =SUM(X10:X12) -> 6 | Y25: =SUM(Y10:Y12) -> 133 | Z25: =SUM(Z10:Z12) -> 41 | ... AF25: =SUM(AF10:AF12) -> 2213
B26: 11.00 - 11.15 | C26: 26 | D26: 9 | E26: 7 | F26: 39 | G26: 0 | H26: 3 | I26: 19 | J26: 2 | K26: 1 | L26: 1 | M26: 75 | N26: 0 | O26: =SUM(C26:L26,N26) -> 107 | P26: =SUM(C26:N26) -> 182 | R26: IP Period | S26: =SUM(S13:S18) -> 703 | T26: =SUM(T13:T18) -> 187 | U26: =SUM(U13:U18) -> 168 | V26: =SUM(V13:V18) -> 868 | W26: =SUM(W13:W18) -> 39 | X26: =SUM(X13:X18) -> 29 | Y26: =SUM(Y13:Y18) -> 412 | Z26: =SUM(Z13:Z18) -> 121 | ... AF26: =SUM(AF13:AF18) -> 4149
B27: 11.15 - 11.30 | C27: 35 | D27: 15 | E27: 10 | F27: 40 | G27: 1 | H27: 1 | I27: 16 | J27: 7 | K27: 3 | L27: 0 | M27: 77 | N27: 0 | O27: =SUM(C27:L27,N27) -> 128 | P27: =SUM(C27:N27) -> 205 | R27: PM Period | S27: =SUM(S19:S21) -> 294 | T27: =SUM(T19:T21) -> 48 | U27: =SUM(U19:U21) -> 45 | V27: =SUM(V19:V21) -> 391 | W27: =SUM(W19:W21) -> 8 | X27: =SUM(X19:X21) -> 15 | Y27: =SUM(Y19:Y21) -> 149 | Z27: =SUM(Z19:Z21) -> 49 | ... AF27: =SUM(AF19:AF21) -> 1570
B28: 11.30 - 11.45 | C28: 30 | D28: 9 | E28: 11 | F28: 38 | G28: 3 | H28: 2 | I28: 12 | J28: 0 | K28: 5 | L28: 3 | M28: 71 | N28: 0 | O28: =SUM(C28:L28,N28) -> 113 | P28: =SUM(C28:N28) -> 184 | R28: 12 Hours | S28: =SUM(S10:S21) -> 1443 | T28: =SUM(T10:T21) -> 367 | U28: =SUM(U10:U21) -> 273 | V28: =SUM(V10:V21) -> 1610 | W28: =SUM(W10:W21) -> 82 | X28: =SUM(X10:X21) -> 50 | Y28: =SUM(Y10:Y21) -> 694 | Z28: =SUM(Z10:Z21) -> 211 | ... AF28: =SUM(AF10:AF21) -> 7932
B29: 11.45 - 12.00 | C29: 28 | D29: 10 | E29: 7 | F29: 51 | G29: 2 | H29: 1 | I29: 14 | J29: 2 | K29: 1 | L29: 0 | M29: 81 | N29: 0 | O29: =SUM(C29:L29,N29) -> 116 | P29: =SUM(C29:N29) -> 197
B30: 12.00 - 12.15 | C30: 32 | D30: 9 | E30: 3 | F30: 34 | G30: 2 | H30: 1 | I30: 24 | J30: 6 | K30: 3 | L30: 2 | M30: 78 | N30: 0 | O30: =SUM(C30:L30,N30) -> 116 | P30: =SUM(C30:N30) -> 194
B31: 12.15 - 12.30 | C31: 39 | D31: 10 | E31: 6 | F31: 41 | G31: 2 | H31: 2 | I31: 20 | J31: 5 | K31: 2 | L31: 2 | M31: 92 | N31: 1 | O31: =SUM(C31:L31,N31) -> 130 | P31: =SUM(C31:N31) -> 222
B32: 12.30 - 12.45 | C32: 33 | D32: 3 | E32: 5 | F32: 23 | G32: 1 | H32: 0 | I32: 10 | J32: 4 | K32: 1 | L32: 0 | M32: 40 | N32: 0 | O32: =SUM(C32:L32,N32) -> 80 | P32: =SUM(C32:N32) -> 120
B33: 12.45 - 13.00 | C33: 34 | D33: 3 | E33: 9 | F33: 21 | G33: 3 | H33: 0 | I33: 21 | J33: 4 | K33: 3 | L33: 2 | M33: 84 | N33: 0 | O33: =SUM(C33:L33,N33) -> 100 | P33: =SUM(C33:N33) -> 184
B34: 13.00 - 13.15 | C34: 18 | D34: 12 | E34: 3 | F34: 26 | G34: 2 | H34: 3 | I34: 8 | J34: 7 | K34: 4 | L34: 1 | M34: 70 | N34: 0 | O34: =SUM(C34:L34,N34) -> 84 | P34: =SUM(C34:N34) -> 154
B35: 13.15 - 13.30 | C35: 21 | D35: 11 | E35: 7 | F35: 31 | G35: 3 | H35: 1 | I35: 9 | J35: 7 | K35: 3 | L35: 1 | M35: 42 | N35: 0 | O35: =SUM(C35:L35,N35) -> 94 | P35: =SUM(C35:N35) -> 136
B36: 13.30 - 13.45 | C36: 28 | D36: 11 | E36: 11 | F36: 44 | G36: 1 | H36: 2 | I36: 12 | J36: 6 | K36: 3 | L36: 3 | M36: 49 | N36: 0 | O36: =SUM(C36:L36,N36) -> 121 | P36: =SUM(C36:N36) -> 170
B37: 13.45 - 14.00 | C37: 43 | D37: 16 | E37: 7 | F37: 45 | G37: 2 | H37: 0 | I37: 13 | J37: 4 | K37: 2 | L37: 1 | M37: 60 | N37: 0 | O37: =SUM(C37:L37,N37) -> 133 | P37: =SUM(C37:N37) -> 193
B38: 14.00 - 14.15 | C38: 35 | D38: 6 | E38: 6 | F38: 50 | G38: 4 | H38: 3 | I38: 24 | J38: 7 | K38: 3 | L38: 0 | M38: 55 | N38: 0 | O38: =SUM(C38:L38,N38) -> 138 | P38: =SUM(C38:N38) -> 193
B39: 14.15 - 14.30 | C39: 23 | D39: 8 | E39: 6 | F39: 32 | G39: 0 | H39: 0 | I39: 19 | J39: 9 | K39: 2 | L39: 2 | M39: 60 | N39: 0 | O39: =SUM(C39:L39,N39) -> 101 | P39: =SUM(C39:N39) -> 161
B40: 14.30 - 14.45 | C40: 36 | D40: 2 | E40: 5 | F40: 51 | G40: 1 | H40: 3 | I40: 37 | J40: 8 | K40: 2 | L40: 4 | M40: 64 | N40: 0 | O40: =SUM(C40:L40,N40) -> 149 | P40: =SUM(C40:N40) -> 213
... B57: 18.45 - 19.00 | C57: 27 | D57: 5 | E57: 6 | F57: 32 | G57: 0 | H57: 0 | I57: 18 | J57: 4 | K57: 0 | L57: 0 | M57: 45 | N57: 0 | O57: =SUM(C57:L57,N57) -> 92 | P57: =SUM(C57:N57) -> 137
B58: Totals | C58: =SUM(C10:C57) -> 1443 | D58: =SUM(D10:D57) -> 367 | E58: =SUM(E10:E57) -> 273 | F58: =SUM(F10:F57) -> 1610 | G58: =SUM(G10:G57) -> 82 | H58: =SUM(H10:H57) -> 50 | I58: =SUM(I10:I57) -> 694 | J58: =SUM(J10:J57) -> 211 | ... P58: =SUM(P10:P57) -> 7932
B59: %ges + MCs | C59: =C58/$P$58 -> 0.18192133 | D59: =D58/$P$58 -> 0.04626828 | E59: =E58/$P$58 -> 0.034417549 | F59: =F58/$P$58 -> 0.20297529 | G59: =G58/$P$58 -> 0.010337872 | H59: =H58/$P$58 -> 0.0063035804 | I59: =I58/$P$58 -> 0.087493696 | J59: =J58/$P$58 -> 0.026601109 | ... N59: =N58/$P$58 -> 0.00037821483
B60: %ges w/o MCs | C60: =C58/$O$58 -> 0.29317351 | D60: =D58/$O$58 -> 0.074563186 | E60: =E58/$O$58 -> 0.055465258 | F60: =F58/$O$58 -> 0.3271028 | G60: =G58/$O$58 -> 0.016659894 | H60: =H58/$O$58 -> 0.010158472 | I60: =I58/$O$58 -> 0.14099959 | J60: =J58/$O$58 -> 0.042868753 | ... L60: =L58/$O$58 -> 0.013409183 | N60: =N58/$O$58 -> 0.00060950833

Sheet 24.09 Bombo-Matugga
B1: Consultancy services for Preparation of Expressway Development Master Plan (EDMP) for Uganda
B2: MANUAL CLASSIFIED COUNT (MCC)
B3: ROAD NAME: | C3: MCC-C2-STN67-MATUGGA GAZ
C5: Date | D5: 24.09.19 | F5: Location | G5: GAZ | J5: Surveyor | K5: BABIRYE ROSE
C6: Dir. From | D6: BOMBO | F6: Dir. To | G6: MATUGGA | J6: Supervisor | K6: NUSURAH
B8: Time / Veh Type | R8: SUMMARY TRAFFIC VOLUMES
C9: 1. Car | D9: 2. Station Wagon | E9: 3. Pickups | F9: 4. Minibus, matatu | G9: 5. Medium bus | H9: 6. Large Bus | I9: 7. Light Truck | J9: 8. Medium Truck | K9: 9. Heavy truck | L9: 10. Truck Trailer | M9: 11. Motor cycles | N9: 12. Tractors | O9: Total Excl M/Cycles | P9: Total All | R9: Time | S9: 1. Car | T9: 2. Station Wagon | U9: 3. Pickups | V9: 4. Minibus, matatu | W9: 5. Medium bus | X9: 6. Large Bus | Y9: 7. Light Truck | Z9: 8. Medium Truck | AA9: 9. Heavy truck | AB9: 10. Truck Trailer | AC9: 11. Motorcycles | AD9: 12. Tractors, Graders | AE9: Total Excl M/ Cycles | AF9: Total All
B10: 07.00 - 07.15 | C10: 30 | D10: 5 | E10: 5 | F10: 20 | G10: 0 | H10: 0 | I10: 8 | J10: 4 | K10: 2 | L10: 0 | M10: 92 | N10: 0 | O10: =SUM(C10:L10,N10) -> 74 | P10: =SUM(C10:N10) -> 166 | R10: 0700-0800 | S10: =SUM(C10:C13) -> 110 | T10: =SUM(D10:D13) -> 14 | U10: =SUM(E10:E13) -> 19 | V10: =SUM(F10:F13) -> 106 | W10: =SUM(G10:G13) -> 2 | X10: =SUM(H10:H13) -> 1 | Y10: =SUM(I10:I13) -> 43 | Z10: =SUM(J10:J13) -> 6 | ... AF10: =SUM(P10:P13) -> 720
B11: 07.15 - 07.30 | C11: 21 | D11: 3 | E11: 2 | F11: 27 | G11: 1 | H11: 0 | I11: 12 | J11: 1 | K11: 0 | L11: 0 | M11: 96 | N11: 0 | O11: =SUM(C11:L11,N11) -> 67 | P11: =SUM(C11:N11) -> 163 | R11: 0800-0900 | S11: =SUM(C14:C17) -> 87 | T11: =SUM(D14:D17) -> 16 | U11: =SUM(E14:E17) -> 20 | V11: =SUM(F14:F17) -> 126 | W11: =SUM(G14:G17) -> 2 | X11: =SUM(H14:H17) -> 0 | Y11: =SUM(I14:I17) -> 46 | Z11: =SUM(J14:J17) -> 4 | ... AF11: =SUM(P14:P17) -> 674
B12: 07.30 - 07.45 | C12: 33 | D12: 0 | E12: 7 | F12: 36 | G12: 1 | H12: 0 | I12: 15 | J12: 0 | K12: 0 | L12: 5 | M12: 121 | N12: 0 | O12: =SUM(C12:L12,N12) -> 97 | P12: =SUM(C12:N12) -> 218 | R12: 0900-1000 | S12: =SUM(C18:C21) -> 89 | T12: =SUM(D18:D21) -> 20 | U12: =SUM(E18:E21) -> 15 | V12: =SUM(F18:F21) -> 137 | W12: =SUM(G18:G21) -> 1 | X12: =SUM(H18:H21) -> 1 | Y12: =SUM(I18:I21) -> 55 | Z12: =SUM(J18:J21) -> 4 | ... AF12: =SUM(P18:P21) -> 683
B13: 07.45 - 08.00 | C13: 26 | D13: 6 | E13: 5 | F13: 23 | G13: 0 | H13: 1 | I13: 8 | J13: 1 | K13: 0 | L13: 3 | M13: 100 | N13: 0 | O13: =SUM(C13:L13,N13) -> 73 | P13: =SUM(C13:N13) -> 173 | R13: 1000-1100 | S13: =SUM(C22:C25) -> 91 | T13: =SUM(D22:D25) -> 24 | U13: =SUM(E22:E25) -> 11 | V13: =SUM(F22:F25) -> 128 | W13: =SUM(G22:G25) -> 3 | X13: =SUM(H22:H25) -> 1 | Y13: =SUM(I22:I25) -> 78 | Z13: =SUM(J22:J25) -> 11 | ... AF13: =SUM(P22:P25) -> 689
B14: 08.00 - 08.15 | C14: 28 | D14: 5 | E14: 2 | F14: 35 | G14: 1 | H14: 0 | I14: 16 | J14: 0 | K14: 1 | L14: 2 | M14: 85 | N14: 0 | O14: =SUM(C14:L14,N14) -> 90 | P14: =SUM(C14:N14) -> 175 | R14: 1100-1200 | S14: =SUM(C26:C29) -> 90 | T14: =SUM(D26:D29) -> 21 | U14: =SUM(E26:E29) -> 15 | V14: =SUM(F26:F29) -> 86 | W14: =SUM(G26:G29) -> 2 | X14: =SUM(H26:H29) -> 2 | Y14: =SUM(I26:I29) -> 77 | Z14: =SUM(J26:J29) -> 4 | ... AF14: =SUM(P26:P29) -> 559
B15: 08.15 - 08.30 | C15: 20 | D15: 9 | E15: 9 | F15: 29 | G15: 0 | H15: 0 | I15: 10 | J15: 0 | K15: 0 | L15: 6 | M15: 108 | N15: 0 | O15: =SUM(C15:L15,N15) -> 83 | P15: =SUM(C15:N15) -> 191 | R15: 1200-1300 | S15: =SUM(C30:C33) -> 106 | T15: =SUM(D30:D33) -> 23 | U15: =SUM(E30:E33) -> 29 | V15: =SUM(F30:F33) -> 109 | W15: =SUM(G30:G33) -> 2 | X15: =SUM(H30:H33) -> 1 | Y15: =SUM(I30:I33) -> 78 | Z15: =SUM(J30:J33) -> 6 | ... AF15: =SUM(P30:P33) -> 647
B16: 08.30 - 08.45 | C16: 16 | D16: 1 | E16: 6 | F16: 34 | G16: 1 | H16: 0 | I16: 10 | J16: 2 | K16: 0 | L16: 2 | M16: 85 | N16: 0 | O16: =SUM(C16:L16,N16) -> 72 | P16: =SUM(C16:N16) -> 157 | R16: 1300-1400 | S16: =SUM(C34:C37) -> 114 | T16: =SUM(D34:D37) -> 46 | U16: =SUM(E34:E37) -> 17 | V16: =SUM(F34:F37) -> 120 | W16: =SUM(G34:G37) -> 0 | X16: =SUM(H34:H37) -> 6 | Y16: =SUM(I34:I37) -> 92 | Z16: =SUM(J34:J37) -> 7 | ... AF16: =SUM(P34:P37) -> 700
B17: 08.45 - 9.00 | C17: 23 | D17: 1 | E17: 3 | F17: 28 | G17: 0 | H17: 0 | I17: 10 | J17: 2 | K17: 2 | L17: 2 | M17: 80 | N17: 0 | O17: =SUM(C17:L17,N17) -> 71 | P17: =SUM(C17:N17) -> 151 | R17: 1400-1500 | S17: =SUM(C38:C41) -> 132 | T17: =SUM(D38:D41) -> 32 | U17: =SUM(E38:E41) -> 24 | V17: =SUM(F38:F41) -> 128 | W17: =SUM(G38:G41) -> 1 | X17: =SUM(H38:H41) -> 5 | Y17: =SUM(I38:I41) -> 91 | Z17: =SUM(J38:J41) -> 11 | ... AF17: =SUM(P38:P41) -> 660
B18: 09.00 - 09.15 | C18: 22 | D18: 4 | E18: 5 | F18: 32 | G18: 0 | H18: 0 | I18: 10 | J18: 0 | K18: 0 | L18: 0 | M18: 83 | N18: 0 | O18: =SUM(C18:L18,N18) -> 73 | P18: =SUM(C18:N18) -> 156 | R18: 1500-1600 | S18: =SUM(C42:C45) -> 148 | T18: =SUM(D42:D45) -> 36 | U18: =SUM(E42:E45) -> 30 | V18: =SUM(F42:F45) -> 125 | W18: =SUM(G42:G45) -> 1 | X18: =SUM(H42:H45) -> 6 | Y18: =SUM(I42:I45) -> 90 | Z18: =SUM(J42:J45) -> 27 | ... AF18: =SUM(P42:P45) -> 671
B19: 09.15 - 09.30 | C19: 20 | D19: 6 | E19: 5 | F19: 37 | G19: 0 | H19: 1 | I19: 17 | J19: 2 | K19: 0 | L19: 1 | M19: 111 | N19: 0 | O19: =SUM(C19:L19,N19) -> 89 | P19: =SUM(C19:N19) -> 200 | R19: 1600-1700 | S19: =SUM(C46:C49) -> 160 | T19: =SUM(D46:D49) -> 30 | U19: =SUM(E46:E49) -> 32 | V19: =SUM(F46:F49) -> 141 | W19: =SUM(G46:G49) -> 2 | X19: =SUM(H46:H49) -> 4 | Y19: =SUM(I46:I49) -> 122 | Z19: =SUM(J46:J49) -> 4 | ... AF19: =SUM(P46:P49) -> 708
B20: 09.30 - 09.45 | C20: 23 | D20: 6 | E20: 4 | F20: 32 | G20: 1 | H20: 0 | I20: 12 | J20: 1 | K20: 0 | L20: 2 | M20: 92 | N20: 0 | O20: =SUM(C20:L20,N20) -> 81 | P20: =SUM(C20:N20) -> 173 | R20: 1700-1800 | S20: =SUM(C50:C53) -> 173 | T20: =SUM(D50:D53) -> 35 | U20: =SUM(E50:E53) -> 43 | V20: =SUM(F50:F53) -> 136 | W20: =SUM(G50:G53) -> 3 | X20: =SUM(H50:H53) -> 2 | Y20: =SUM(I50:I53) -> 118 | Z20: =SUM(J50:J53) -> 4 | ... AF20: =SUM(P50:P53) -> 795
B21: 09.45 - 10.00 | C21: 24 | D21: 4 | E21: 1 | F21: 36 | G21: 0 | H21: 0 | I21: 16 | J21: 1 | K21: 0 | L21: 2 | M21: 70 | N21: 0 | O21: =SUM(C21:L21,N21) -> 84 | P21: =SUM(C21:N21) -> 154 | R21: 1800-1900 | S21: =SUM(C54:C57) -> 188 | T21: =SUM(D54:D57) -> 29 | U21: =SUM(E54:E57) -> 32 | V21: =SUM(F54:F57) -> 209 | W21: =SUM(G54:G57) -> 7 | X21: =SUM(H54:H57) -> 5 | Y21: =SUM(I54:I57) -> 70 | Z21: =SUM(J54:J57) -> 8 | ... AF21: =SUM(P54:P57) -> 830
B22: 10.00 - 10.15 | C22: 20 | D22: 2 | E22: 0 | F22: 34 | G22: 1 | H22: 0 | I22: 24 | J22: 5 | K22: 1 | L22: 1 | M22: 77 | N22: 0 | O22: =SUM(C22:L22,N22) -> 88 | P22: =SUM(C22:N22) -> 165 | R22: AM Peak Hr | S22: =MAX(S10:S12) -> 110 | T22: =MAX(T10:T12) -> 20 | U22: =MAX(U10:U12) -> 20 | V22: =MAX(V10:V12) -> 137 | W22: =MAX(W10:W12) -> 2 | X22: =MAX(X10:X12) -> 1 | Y22: =MAX(Y10:Y12) -> 55 | Z22: =MAX(Z10:Z12) -> 6 | ... AF22: =MAX(AF10:AF12) -> 720
B23: 10.15 - 10.30 | C23: 17 | D23: 7 | E23: 2 | F23: 35 | G23: 0 | H23: 1 | I23: 18 | J23: 1 | K23: 0 | L23: 2 | M23: 90 | N23: 0 | O23: =SUM(C23:L23,N23) -> 83 | P23: =SUM(C23:N23) -> 173 | R23: IP Peak Hr | S23: =MAX(S13:S18) -> 148 | T23: =MAX(T13:T18) -> 46 | U23: =MAX(U13:U18) -> 30 | V23: =MAX(V13:V18) -> 128 | W23: =MAX(W13:W18) -> 3 | X23: =MAX(X13:X18) -> 6 | Y23: =MAX(Y13:Y18) -> 92 | Z23: =MAX(Z13:Z18) -> 27 | ... AF23: =MAX(AF13:AF18) -> 700
B24: 10.30 - 10.45 | C24: 31 | D24: 10 | E24: 3 | F24: 36 | G24: 2 | H24: 0 | I24: 29 | J24: 4 | K24: 0 | L24: 1 | M24: 87 | N24: 0 | O24: =SUM(C24:L24,N24) -> 116 | P24: =SUM(C24:N24) -> 203 | R24: PM Peak Hr | S24: =MAX(S19:S21) -> 188 | T24: =MAX(T19:T21) -> 35 | U24: =MAX(U19:U21) -> 43 | V24: =MAX(V19:V21) -> 209 | W24: =MAX(W19:W21) -> 7 | X24: =MAX(X19:X21) -> 5 | Y24: =MAX(Y19:Y21) -> 122 | Z24: =MAX(Z19:Z21) -> 8 | ... AF24: =MAX(AF19:AF21) -> 830
B25: 10.45 - 11.00 | C25: 23 | D25: 5 | E25: 6 | F25: 23 | G25: 0 | H25: 0 | I25: 7 | J25: 1 | K25: 3 | L25: 2 | M25: 78 | N25: 0 | O25: =SUM(C25:L25,N25) -> 70 | P25: =SUM(C25:N25) -> 148 | R25: AM Period | S25: =SUM(S10:S12) -> 286 | T25: =SUM(T10:T12) -> 50 | U25: =SUM(U10:U12) -> 54 | V25: =SUM(V10:V12) -> 369 | W25: =SUM(W10:W12) -> 5 | X25: =SUM(X10:X12) -> 2 | Y25: =SUM(Y10:Y12) -> 144 | Z25: =SUM(Z10:Z12) -> 14 | ... AF25: =SUM(AF10:AF12) -> 2077
B26: 11.00 - 11.15 | C26: 19 | D26: 9 | E26: 2 | F26: 32 | G26: 0 | H26: 1 | I26: 21 | J26: 1 | K26: 1 | L26: 1 | M26: 60 | N26: 0 | O26: =SUM(C26:L26,N26) -> 87 | P26: =SUM(C26:N26) -> 147 | R26: IP Period | S26: =SUM(S13:S18) -> 681 | T26: =SUM(T13:T18) -> 182 | U26: =SUM(U13:U18) -> 126 | V26: =SUM(V13:V18) -> 696 | W26: =SUM(W13:W18) -> 9 | X26: =SUM(X13:X18) -> 21 | Y26: =SUM(Y13:Y18) -> 506 | Z26: =SUM(Z13:Z18) -> 66 | ... AF26: =SUM(AF13:AF18) -> 3926
B27: 11.15 - 11.30 | C27: 15 | D27: 4 | E27: 3 | F27: 3 | G27: 1 | H27: 0 | I27: 24 | J27: 3 | K27: 2 | L27: 1 | M27: 70 | N27: 0 | O27: =SUM(C27:L27,N27) -> 56 | P27: =SUM(C27:N27) -> 126 | R27: PM Period | S27: =SUM(S19:S21) -> 521 | T27: =SUM(T19:T21) -> 94 | U27: =SUM(U19:U21) -> 107 | V27: =SUM(V19:V21) -> 486 | W27: =SUM(W19:W21) -> 12 | X27: =SUM(X19:X21) -> 11 | Y27: =SUM(Y19:Y21) -> 310 | Z27: =SUM(Z19:Z21) -> 16 | ... AF27: =SUM(AF19:AF21) -> 2333
B28: 11.30 - 11.45 | C28: 27 | D28: 3 | E28: 5 | F28: 22 | G28: 0 | H28: 0 | I28: 13 | J28: 0 | K28: 0 | L28: 0 | M28: 63 | N28: 0 | O28: =SUM(C28:L28,N28) -> 70 | P28: =SUM(C28:N28) -> 133 | R28: 12 Hours | S28: =SUM(S10:S21) -> 1488 | T28: =SUM(T10:T21) -> 326 | U28: =SUM(U10:U21) -> 287 | V28: =SUM(V10:V21) -> 1551 | W28: =SUM(W10:W21) -> 26 | X28: =SUM(X10:X21) -> 34 | Y28: =SUM(Y10:Y21) -> 960 | Z28: =SUM(Z10:Z21) -> 96 | ... AF28: =SUM(AF10:AF21) -> 8336
B29: 11.45 - 12.00 | C29: 29 | D29: 5 | E29: 5 | F29: 29 | G29: 1 | H29: 1 | I29: 19 | J29: 0 | K29: 0 | L29: 2 | M29: 62 | N29: 0 | O29: =SUM(C29:L29,N29) -> 91 | P29: =SUM(C29:N29) -> 153
B30: 12.00 - 12.15 | C30: 25 | D30: 4 | E30: 10 | F30: 29 | G30: 0 | H30: 0 | I30: 26 | J30: 1 | K30: 0 | L30: 1 | M30: 80 | N30: 0 | O30: =SUM(C30:L30,N30) -> 96 | P30: =SUM(C30:N30) -> 176
B31: 12.15 - 12.30 | C31: 24 | D31: 7 | E31: 7 | F31: 21 | G31: 0 | H31: 0 | I31: 11 | J31: 0 | K31: 1 | L31: 1 | M31: 56 | N31: 0 | O31: =SUM(C31:L31,N31) -> 72 | P31: =SUM(C31:N31) -> 128
B32: 12.30 - 12.45 | C32: 21 | D32: 7 | E32: 6 | F32: 29 | G32: 0 | H32: 1 | I32: 19 | J32: 3 | K32: 0 | L32: 2 | M32: 74 | N32: 0 | O32: =SUM(C32:L32,N32) -> 88 | P32: =SUM(C32:N32) -> 162
B33: 12.45 - 13.00 | C33: 36 | D33: 5 | E33: 6 | F33: 30 | G33: 2 | H33: 0 | I33: 22 | J33: 2 | K33: 0 | L33: 0 | M33: 78 | N33: 0 | O33: =SUM(C33:L33,N33) -> 103 | P33: =SUM(C33:N33) -> 181
B34: 13.00 - 13.15 | C34: 22 | D34: 9 | E34: 4 | F34: 25 | G34: 0 | H34: 0 | I34: 19 | J34: 1 | K34: 0 | L34: 0 | M34: 78 | N34: 0 | O34: =SUM(C34:L34,N34) -> 80 | P34: =SUM(C34:N34) -> 158
B35: 13.15 - 13.30 | C35: 26 | D35: 6 | E35: 5 | F35: 25 | G35: 0 | H35: 0 | I35: 24 | J35: 1 | K35: 0 | L35: 1 | M35: 84 | N35: 0 | O35: =SUM(C35:L35,N35) -> 88 | P35: =SUM(C35:N35) -> 172
B36: 13.30 - 13.45 | C36: 45 | D36: 15 | E36: 6 | F36: 40 | G36: 0 | H36: 3 | I36: 27 | J36: 2 | K36: 2 | L36: 3 | M36: 65 | N36: 1 | O36: =SUM(C36:L36,N36) -> 144 | P36: =SUM(C36:N36) -> 209
B37: 13.45 - 14.00 | C37: 21 | D37: 16 | E37: 2 | F37: 30 | G37: 0 | H37: 3 | I37: 22 | J37: 3 | K37: 2 | L37: 2 | M37: 60 | N37: 0 | O37: =SUM(C37:L37,N37) -> 101 | P37: =SUM(C37:N37) -> 161
B38: 14.00 - 14.15 | C38: 27 | D38: 11 | E38: 10 | F38: 34 | G38: 0 | H38: 0 | I38: 17 | J38: 3 | K38: 0 | L38: 3 | M38: 55 | N38: 0 | O38: =SUM(C38:L38,N38) -> 105 | P38: =SUM(C38:N38) -> 160
B39: 14.15 - 14.30 | C39: 30 | D39: 7 | E39: 4 | F39: 35 | G39: 0 | H39: 1 | I39: 34 | J39: 0 | K39: 2 | L39: 0 | M39: 60 | N39: 0 | O39: =SUM(C39:L39,N39) -> 113 | P39: =SUM(C39:N39) -> 173
B40: 14.30 - 14.45 | C40: 31 | D40: 8 | E40: 8 | F40: 29 | G40: 1 | H40: 3 | I40: 25 | J40: 4 | K40: 0 | L40: 4 | M40: 55 | N40: 2 | O40: =SUM(C40:L40,N40) -> 115 | P40: =SUM(C40:N40) -> 170
... B57: 18.45 - 19.00 | C57: 50 | D57: 5 | E57: 10 | F57: 60 | G57: 2 | H57: 0 | I57: 23 | J57: 2 | K57: 1 | L57: 1 | M57: 80 | N57: 0 | O57: =SUM(C57:L57,N57) -> 154 | P57: =SUM(C57:N57) -> 234
B58: Totals | C58: =SUM(C10:C57) -> 1488 | D58: =SUM(D10:D57) -> 326 | E58: =SUM(E10:E57) -> 287 | F58: =SUM(F10:F57) -> 1551 | G58: =SUM(G10:G57) -> 26 | H58: =SUM(H10:H57) -> 34 | I58: =SUM(I10:I57) -> 960 | J58: =SUM(J10:J57) -> 96 | ... P58: =SUM(P10:P57) -> 8336
B59: %ges + MCs | C59: =C58/$P$58 -> 0.17850288 | D59: =D58/$P$58 -> 0.039107486 | E59: =E58/$P$58 -> 0.034428983 | F59: =F58/$P$58 -> 0.18606046 | G59: =G58/$P$58 -> 0.0031190019 | H59: =H58/$P$58 -> 0.0040786948 | I59: =I58/$P$58 -> 0.11516315 | J59: =J58/$P$58 -> 0.011516315 | ... N59: =N58/$P$58 -> 0.00059980806
B60: %ges w/o MCs | C60: =C58/$O$58 -> 0.30454359 | D60: =D58/$O$58 -> 0.066721244 | E60: =E58/$O$58 -> 0.058739255 | F60: =F58/$O$58 -> 0.31743758 | G60: =G58/$O$58 -> 0.0053213262 | H60: =H58/$O$58 -> 0.0069586574 | I60: =I58/$O$58 -> 0.19647974 | J60: =J58/$O$58 -> 0.019647974 | ... L60: =L58/$O$58 -> 0.016373312 | N60: =N58/$O$58 -> 0.001023332

Sheet 24.09 Matugga-Bombo
B1: Consultancy services for Preparation of Expressway Development Master Plan (EDMP) for Uganda
B2: MANUAL CLASSIFIED COUNT (MCC)
B3: ROAD NAME: | C3: ='[1]24.09.2019 BOMBO-MATUGGA'!C3:G3 -> MCC-C2-STN67-MATUGGA GAZ
C5: Date | D5: ='[1]24.09.2019 BOMBO-MATUGGA'!D5 -> 24.09.19 | F5: Location | G5: GAZ | J5: Surveyor | K5: SANDRA MUKISA
C6: Dir. From | D6: MATUGGA | F6: Dir. To | G6: BOMBO | J6: Supervisor | K6: NUSURAH
B8: Time / Veh Type | R8: SUMMARY TRAFFIC VOLUMES
C9: 1. Car | D9: 2. Station Wagon | E9: 3. Pickups | F9: 4. Minibus, matatu | G9: 5. Medium bus | H9: 6. Large Bus | I9: 7. Light Truck | J9: 8. Medium Truck | K9: 9. Heavy truck | L9: 10. Truck Trailer | M9: 11. Motor cycles | N9: 12. Tractors | O9: Total Excl M/Cycles | P9: Total All | R9: Time | S9: 1. Car | T9: 2. Station Wagon | U9: 3. Pickups | V9: 4. Minibus, matatu | W9: 5. Medium bus | X9: 6. Large Bus | Y9: 7. Light Truck | Z9: 8. Medium Truck | AA9: 9. Heavy truck | AB9: 10. Truck Trailer | AC9: 11. Motorcycles | AD9: 12. Tractors, Graders | AE9: Total Excl M/ Cycles | AF9: Total All
B10: 07.00 - 07.15 | C10: 19 | D10: 7 | E10: 1 | F10: 9 | G10: 0 | H10: 0 | I10: 6 | J10: 1 | K10: 2 | L10: 0 | M10: 90 | N10: 0 | O10: =SUM(C10:L10,N10) -> 45 | P10: =SUM(C10:N10) -> 135 | R10: 0700-0800 | S10: =SUM(C10:C13) -> 130 | T10: =SUM(D10:D13) -> 31 | U10: =SUM(E10:E13) -> 34 | V10: =SUM(F10:F13) -> 106 | W10: =SUM(G10:G13) -> 2 | X10: =SUM(H10:H13) -> 1 | Y10: =SUM(I10:I13) -> 46 | Z10: =SUM(J10:J13) -> 16 | ... AF10: =SUM(P10:P13) -> 790
B11: 07.15 - 07.30 | C11: 38 | D11: 7 | E11: 8 | F11: 32 | G11: 1 | H11: 0 | I11: 15 | J11: 3 | K11: 4 | L11: 3 | M11: 123 | N11: 0 | O11: =SUM(C11:L11,N11) -> 111 | P11: =SUM(C11:N11) -> 234 | R11: 0800-0900 | S11: =SUM(C14:C17) -> 142 | T11: =SUM(D14:D17) -> 39 | U11: =SUM(E14:E17) -> 34 | V11: =SUM(F14:F17) -> 142 | W11: =SUM(G14:G17) -> 3 | X11: =SUM(H14:H17) -> 4 | Y11: =SUM(I14:I17) -> 54 | Z11: =SUM(J14:J17) -> 16 | ... AF11: =SUM(P14:P17) -> 841
B12: 07.30 - 07.45 | C12: 34 | D12: 5 | E12: 10 | F12: 29 | G12: 0 | H12: 1 | I12: 12 | J12: 2 | K12: 1 | L12: 1 | M12: 80 | N12: 0 | O12: =SUM(C12:L12,N12) -> 95 | P12: =SUM(C12:N12) -> 175 | R12: 0900-1000 | S12: =SUM(C18:C21) -> 145 | T12: =SUM(D18:D21) -> 52 | U12: =SUM(E18:E21) -> 33 | V12: =SUM(F18:F21) -> 168 | W12: =SUM(G18:G21) -> 1 | X12: =SUM(H18:H21) -> 2 | Y12: =SUM(I18:I21) -> 88 | Z12: =SUM(J18:J21) -> 23 | ... AF12: =SUM(P18:P21) -> 875
B13: 07.45 - 08.00 | C13: 39 | D13: 12 | E13: 15 | F13: 36 | G13: 1 | H13: 0 | I13: 13 | J13: 10 | K13: 4 | L13: 1 | M13: 115 | N13: 0 | O13: =SUM(C13:L13,N13) -> 131 | P13: =SUM(C13:N13) -> 246 | R13: 1000-1100 | S13: =SUM(C22:C25) -> 108 | T13: =SUM(D22:D25) -> 64 | U13: =SUM(E22:E25) -> 27 | V13: =SUM(F22:F25) -> 139 | W13: =SUM(G22:G25) -> 0 | X13: =SUM(H22:H25) -> 6 | Y13: =SUM(I22:I25) -> 72 | Z13: =SUM(J22:J25) -> 26 | ... AF13: =SUM(P22:P25) -> 796
B14: 08.00 - 08.15 | C14: 56 | D14: 5 | E14: 8 | F14: 39 | G14: 1 | H14: 2 | I14: 21 | J14: 3 | K14: 2 | L14: 1 | M14: 113 | N14: 0 | O14: =SUM(C14:L14,N14) -> 138 | P14: =SUM(C14:N14) -> 251 | R14: 1100-1200 | S14: =SUM(C26:C29) -> 78 | T14: =SUM(D26:D29) -> 29 | U14: =SUM(E26:E29) -> 24 | V14: =SUM(F26:F29) -> 92 | W14: =SUM(G26:G29) -> 0 | X14: =SUM(H26:H29) -> 1 | Y14: =SUM(I26:I29) -> 71 | Z14: =SUM(J26:J29) -> 27 | ... AF14: =SUM(P26:P29) -> 603
B15: 08.15 - 08.30 | C15: 31 | D15: 12 | E15: 10 | F15: 36 | G15: 1 | H15: 1 | I15: 15 | J15: 4 | K15: 1 | L15: 3 | M15: 108 | N15: 0 | O15: =SUM(C15:L15,N15) -> 114 | P15: =SUM(C15:N15) -> 222 | R15: 1200-1300 | S15: =SUM(C30:C33) -> 132 | T15: =SUM(D30:D33) -> 52 | U15: =SUM(E30:E33) -> 37 | V15: =SUM(F30:F33) -> 134 | W15: =SUM(G30:G33) -> 2 | X15: =SUM(H30:H33) -> 10 | Y15: =SUM(I30:I33) -> 81 | Z15: =SUM(J30:J33) -> 34 | ... AF15: =SUM(P30:P33) -> 773
B16: 08.30 - 08.45 | C16: 24 | D16: 10 | E16: 7 | F16: 31 | G16: 1 | H16: 0 | I16: 8 | J16: 5 | K16: 3 | L16: 0 | M16: 65 | N16: 0 | O16: =SUM(C16:L16,N16) -> 89 | P16: =SUM(C16:N16) -> 154 | R16: 1300-1400 | S16: =SUM(C34:C38) -> 134 | T16: =SUM(D34:D38) -> 44 | U16: =SUM(E34:E38) -> 58 | V16: =SUM(F34:F38) -> 199 | W16: =SUM(G34:G38) -> 1 | X16: =SUM(H34:H38) -> 10 | Y16: =SUM(I34:I38) -> 110 | Z16: =SUM(J34:J38) -> 30 | ... AC16: =SUM(M34:M38) -> 357 | AD16: =SUM(N34:N37) -> 1 | AE16: =SUM(O34:O37) -> 501 | AF16: =SUM(P34:P37) -> 787
B17: 08.45 - 9.00 | C17: 31 | D17: 12 | E17: 9 | F17: 36 | G17: 0 | H17: 1 | I17: 10 | J17: 4 | K17: 3 | L17: 3 | M17: 105 | N17: 0 | O17: =SUM(C17:L17,N17) -> 109 | P17: =SUM(C17:N17) -> 214 | R17: 1400-1500 | S17: =SUM(C39:C42) -> 123 | T17: =SUM(D39:D42) -> 31 | U17: =SUM(E39:E42) -> 32 | V17: =SUM(F39:F42) -> 147 | W17: =SUM(G39:G42) -> 2 | X17: =SUM(H39:H42) -> 2 | Y17: =SUM(I39:I42) -> 72 | Z17: =SUM(J39:J42) -> 42 | ... AC17: =SUM(M39:M42) -> 245 | AD17: =SUM(N38:N41) -> 2 | AE17: =SUM(O38:O41) -> 473 | AF17: =SUM(P38:P41) -> 744
B18: 09.00 - 09.15 | C18: 34 | D18: 14 | E18: 9 | F18: 30 | G18: 0 | H18: 1 | I18: 18 | J18: 4 | K18: 5 | L18: 3 | M18: 99 | N18: 0 | O18: =SUM(C18:L18,N18) -> 118 | P18: =SUM(C18:N18) -> 217 | R18: 1500-1600 | S18: =SUM(C43:C46) -> 104 | T18: =SUM(D43:D46) -> 45 | U18: =SUM(E43:E46) -> 35 | V18: =SUM(F43:F46) -> 124 | W18: =SUM(G43:G46) -> 0 | X18: =SUM(H43:H46) -> 2 | Y18: =SUM(I43:I46) -> 75 | Z18: =SUM(J43:J46) -> 25 | ... AC18: =SUM(M43:M46) -> 242 | AD18: =SUM(N42:N45) -> 0 | AE18: =SUM(O42:O45) -> 453 | AF18: =SUM(P42:P45) -> 680
B19: 09.15 - 09.30 | C19: 35 | D19: 15 | E19: 6 | F19: 41 | G19: 1 | H19: 0 | I19: 29 | J19: 7 | K19: 4 | L19: 0 | M19: 85 | N19: 0 | O19: =SUM(C19:L19,N19) -> 138 | P19: =SUM(C19:N19) -> 223 | R19: 1600-1700 | S19: =SUM(C47:C50) -> 122 | T19: =SUM(D47:D50) -> 25 | U19: =SUM(E47:E50) -> 19 | V19: =SUM(F47:F50) -> 147 | W19: =SUM(G47:G50) -> 1 | X19: =SUM(H47:H50) -> 5 | Y19: =SUM(I47:I50) -> 89 | Z19: =SUM(J47:J50) -> 40 | ... AC19: =SUM(M47:M50) -> 263 | AD19: =SUM(N46:N49) -> 0 | AE19: =SUM(O46:O49) -> 456 | AF19: =SUM(P46:P49) -> 704
B20: 09.30 - 09.45 | C20: 40 | D20: 14 | E20: 9 | F20: 61 | G20: 0 | H20: 1 | I20: 17 | J20: 6 | K20: 2 | L20: 1 | M20: 80 | N20: 0 | O20: =SUM(C20:L20,N20) -> 151 | P20: =SUM(C20:N20) -> 231 | R20: 1700-1800 | S20: =SUM(C51:C53) -> 88 | T20: =SUM(D51:D53) -> 26 | U20: =SUM(E51:E53) -> 17 | V20: =SUM(F51:F53) -> 129 | W20: =SUM(G51:G53) -> 0 | X20: =SUM(H51:H53) -> 2 | Y20: =SUM(I51:I53) -> 45 | Z20: =SUM(J51:J53) -> 20 | ... AC20: =SUM(M51:M53) -> 229 | AD20: =SUM(N50:N53) -> 0 | AE20: =SUM(O50:O53) -> 460 | AF20: =SUM(P50:P53) -> 764
B21: 09.45 - 10.00 | C21: 36 | D21: 9 | E21: 9 | F21: 36 | G21: 0 | H21: 0 | I21: 24 | J21: 6 | K21: 3 | L21: 0 | M21: 81 | N21: 0 | O21: =SUM(C21:L21,N21) -> 123 | P21: =SUM(C21:N21) -> 204 | R21: 1800-1900 | S21: =SUM(C54:C57) -> 134 | T21: =SUM(D54:D57) -> 30 | U21: =SUM(E54:E57) -> 20 | V21: =SUM(F54:F57) -> 183 | W21: =SUM(G54:G57) -> 4 | X21: =SUM(H54:H57) -> 2 | Y21: =SUM(I54:I57) -> 38 | Z21: =SUM(J54:J57) -> 22 | ... AF21: =SUM(P54:P57) -> 702
B22: 10.00 - 10.15 | C22: 40 | D22: 16 | E22: 10 | F22: 41 | G22: 0 | H22: 0 | I22: 13 | J22: 3 | K22: 2 | L22: 1 | M22: 90 | N22: 0 | O22: =SUM(C22:L22,N22) -> 126 | P22: =SUM(C22:N22) -> 216 | R22: AM Peak Hr | S22: =MAX(S10:S12) -> 145 | T22: =MAX(T10:T12) -> 52 | U22: =MAX(U10:U12) -> 34 | V22: =MAX(V10:V12) -> 168 | W22: =MAX(W10:W12) -> 3 | X22: =MAX(X10:X12) -> 4 | Y22: =MAX(Y10:Y12) -> 88 | Z22: =MAX(Z10:Z12) -> 23 | ... AF22: =MAX(AF10:AF12) -> 875
B23: 10.15 - 10.30 | C23: 18 | D23: 20 | E23: 4 | F23: 28 | G23: 0 | H23: 3 | I23: 15 | J23: 10 | K23: 6 | L23: 4 | M23: 75 | N23: 0 | O23: =SUM(C23:L23,N23) -> 108 | P23: =SUM(C23:N23) -> 183 | R23: IP Peak Hr | S23: =MAX(S13:S18) -> 134 | T23: =MAX(T13:T18) -> 64 | U23: =MAX(U13:U18) -> 58 | V23: =MAX(V13:V18) -> 199 | W23: =MAX(W13:W18) -> 2 | X23: =MAX(X13:X18) -> 10 | Y23: =MAX(Y13:Y18) -> 110 | Z23: =MAX(Z13:Z18) -> 42 | ... AF23: =MAX(AF13:AF18) -> 796
B24: 10.30 - 10.45 | C24: 23 | D24: 13 | E24: 3 | F24: 26 | G24: 0 | H24: 3 | I24: 24 | J24: 5 | K24: 3 | L24: 4 | M24: 92 | N24: 0 | O24: =SUM(C24:L24,N24) -> 104 | P24: =SUM(C24:N24) -> 196 | R24: PM Peak Hr | S24: =MAX(S19:S21) -> 134 | T24: =MAX(T19:T21) -> 30 | U24: =MAX(U19:U21) -> 20 | V24: =MAX(V19:V21) -> 183 | W24: =MAX(W19:W21) -> 4 | X24: =MAX(X19:X21) -> 5 | Y24: =MAX(Y19:Y21) -> 89 | Z24: =MAX(Z19:Z21) -> 40 | ... AF24: =MAX(AF19:AF21) -> 764
B25: 10.45 - 11.00 | C25: 27 | D25: 15 | E25: 10 | F25: 44 | G25: 0 | H25: 0 | I25: 20 | J25: 8 | K25: 1 | L25: 1 | M25: 74 | N25: 1 | O25: =SUM(C25:L25,N25) -> 127 | P25: =SUM(C25:N25) -> 201 | R25: AM Period | S25: =SUM(S10:S12) -> 417 | T25: =SUM(T10:T12) -> 122 | U25: =SUM(U10:U12) -> 101 | V25: =SUM(V10:V12) -> 416 | W25: =SUM(W10:W12) -> 6 | X25: =SUM(X10:X12) -> 7 | Y25: =SUM(Y10:Y12) -> 188 | Z25: =SUM(Z10:Z12) -> 55 | ... AF25: =SUM(AF10:AF12) -> 2506
B26: 11.00 - 11.15 | C26: 12 | D26: 5 | E26: 1 | F26: 18 | G26: 0 | H26: 0 | I26: 15 | J26: 7 | K26: 2 | L26: 1 | M26: 80 | N26: 0 | O26: =SUM(C26:L26,N26) -> 61 | P26: =SUM(C26:N26) -> 141 | R26: IP Period | S26: =SUM(S13:S18) -> 679 | T26: =SUM(T13:T18) -> 265 | U26: =SUM(U13:U18) -> 213 | V26: =SUM(V13:V18) -> 835 | W26: =SUM(W13:W18) -> 5 | X26: =SUM(X13:X18) -> 31 | Y26: =SUM(Y13:Y18) -> 481 | Z26: =SUM(Z13:Z18) -> 184 | ... AF26: =SUM(AF13:AF18) -> 4383
B27: 11.15 - 11.30 | C27: 15 | D27: 4 | E27: 10 | F27: 17 | G27: 0 | H27: 0 | I27: 17 | J27: 3 | K27: 5 | L27: 1 | M27: 61 | N27: 0 | O27: =SUM(C27:L27,N27) -> 72 | P27: =SUM(C27:N27) -> 133 | R27: PM Period | S27: =SUM(S19:S21) -> 344 | T27: =SUM(T19:T21) -> 81 | U27: =SUM(U19:U21) -> 56 | V27: =SUM(V19:V21) -> 459 | W27: =SUM(W19:W21) -> 5 | X27: =SUM(X19:X21) -> 9 | Y27: =SUM(Y19:Y21) -> 172 | Z27: =SUM(Z19:Z21) -> 82 | ... AF27: =SUM(AF19:AF21) -> 2170
B28: 11.30 - 11.45 | C28: 24 | D28: 11 | E28: 5 | F28: 24 | G28: 0 | H28: 1 | I28: 18 | J28: 9 | K28: 2 | L28: 1 | M28: 45 | N28: 0 | O28: =SUM(C28:L28,N28) -> 95 | P28: =SUM(C28:N28) -> 140 | R28: 12 Hours | S28: =SUM(S10:S21) -> 1440 | T28: =SUM(T10:T21) -> 468 | U28: =SUM(U10:U21) -> 370 | V28: =SUM(V10:V21) -> 1710 | W28: =SUM(W10:W21) -> 16 | X28: =SUM(X10:X21) -> 47 | Y28: =SUM(Y10:Y21) -> 841 | Z28: =SUM(Z10:Z21) -> 321 | ... AF28: =SUM(AF10:AF21) -> 9059
B29: 11.45 - 12.00 | C29: 27 | D29: 9 | E29: 8 | F29: 33 | G29: 0 | H29: 0 | I29: 21 | J29: 8 | K29: 0 | L29: 1 | M29: 82 | N29: 0 | O29: =SUM(C29:L29,N29) -> 107 | P29: =SUM(C29:N29) -> 189
B30: 12.00 - 12.15 | C30: 38 | D30: 13 | E30: 14 | F30: 33 | G30: 1 | H30: 3 | I30: 21 | J30: 11 | K30: 1 | L30: 1 | M30: 54 | N30: 0 | O30: =SUM(C30:L30,N30) -> 136 | P30: =SUM(C30:N30) -> 190
B31: 12.15 - 12.30 | C31: 34 | D31: 12 | E31: 5 | F31: 42 | G31: 0 | H31: 1 | I31: 17 | J31: 7 | K31: 4 | L31: 0 | M31: 65 | N31: 0 | O31: =SUM(C31:L31,N31) -> 122 | P31: =SUM(C31:N31) -> 187
B32: 12.30 - 12.45 | C32: 35 | D32: 13 | E32: 9 | F32: 29 | G32: 0 | H32: 4 | I32: 24 | J32: 8 | K32: 4 | L32: 3 | M32: 72 | N32: 0 | O32: =SUM(C32:L32,N32) -> 129 | P32: =SUM(C32:N32) -> 201
B33: 12.45 - 13.00 | C33: 25 | D33: 14 | E33: 9 | F33: 30 | G33: 1 | H33: 2 | I33: 19 | J33: 8 | K33: 5 | L33: 2 | M33: 80 | N33: 0 | O33: =SUM(C33:L33,N33) -> 115 | P33: =SUM(C33:N33) -> 195
B34: 13.00 - 13.15 | C34: 24 | D34: 5 | E34: 6 | F34: 51 | G34: 0 | H34: 3 | I34: 26 | J34: 8 | K34: 1 | L34: 3 | M34: 73 | N34: 0 | O34: =SUM(C34:L34,N34) -> 127 | P34: =SUM(C34:N34) -> 200
B35: 13.15 - 13.30 | C35: 32 | D35: 7 | E35: 14 | F35: 26 | G35: 0 | H35: 1 | I35: 17 | J35: 2 | K35: 1 | L35: 2 | M35: 69 | N35: 0 | O35: =SUM(C35:L35,N35) -> 102 | P35: =SUM(C35:N35) -> 171
B36: 13.30 - 13.45 | C36: 34 | D36: 6 | E36: 14 | F36: 44 | G36: 1 | H36: 2 | I36: 21 | J36: 5 | K36: 2 | L36: 4 | M36: 85 | N36: 1 | O36: =SUM(C36:L36,N36) -> 134 | P36: =SUM(C36:N36) -> 219
B37: 13.45 - 14.00 | C37: 23 | D37: 14 | E37: 17 | F37: 45 | G37: 0 | H37: 4 | I37: 20 | J37: 7 | K37: 1 | L37: 7 | M37: 59 | N37: 0 | O37: =SUM(C37:L37,N37) -> 138 | P37: =SUM(C37:N37) -> 197
B38: 14.00 - 14.15 | C38: 21 | D38: 12 | E38: 7 | F38: 33 | G38: 0 | H38: 0 | I38: 26 | J38: 8 | K38: 3 | L38: 5 | M38: 71 | N38: 2 | O38: =SUM(C38:L38,N38) -> 117 | P38: =SUM(C38:N38) -> 188
B39: 14.15 - 14.30 | C39: 38 | D39: 10 | E39: 6 | F39: 40 | G39: 2 | H39: 0 | I39: 16 | J39: 10 | K39: 5 | L39: 3 | M39: 80 | N39: 0 | O39: =SUM(C39:L39,N39) -> 130 | P39: =SUM(C39:N39) -> 210
B40: 14.30 - 14.45 | C40: 23 | D40: 4 | E40: 5 | F40: 30 | G40: 0 | H40: 1 | I40: 21 | J40: 6 | K40: 3 | L40: 3 | M40: 50 | N40: 0 | O40: =SUM(C40:L40,N40) -> 96 | P40: =SUM(C40:N40) -> 146
... B57: 18.45 - 19.00 | C57: 33 | D57: 11 | E57: 5 | F57: 52 | G57: 0 | H57: 0 | I57: 8 | J57: 7 | K57: 1 | L57: 2 | M57: 60 | N57: 0 | O57: =SUM(C57:L57,N57) -> 119 | P57: =SUM(C57:N57) -> 179
B58: Totals | C58: =SUM(C10:C57) -> 1440 | D58: =SUM(D10:D57) -> 468 | E58: =SUM(E10:E57) -> 370 | F58: =SUM(F10:F57) -> 1710 | G58: =SUM(G10:G57) -> 16 | H58: =SUM(H10:H57) -> 47 | I58: =SUM(I10:I57) -> 841 | J58: =SUM(J10:J57) -> 321 | ... N58: =SUM(N10:N57) -> 4 | O58: =SUM(C58:L58,N58) -> 5466 | P58: =SUM(P10:P57) -> 9059
B59: %ges + MCs | C59: =C58/$P$58 -> 0.15895794 | D59: =D58/$P$58 -> 0.051661331 | E59: =E58/$P$58 -> 0.04084336 | F59: =F58/$P$58 -> 0.18876256 | G59: =G58/$P$58 -> 0.0017661994 | H59: =H58/$P$58 -> 0.0051882106 | I59: =I58/$P$58 -> 0.092835854 | J59: =J58/$P$58 -> 0.035434375 | ... N59: =N58/$P$58 -> 0.00044154984
B60: %ges w/o MCs | C60: =C58/$O$58 -> 0.26344676 | D60: =D58/$O$58 -> 0.085620198 | E60: =E58/$O$58 -> 0.067691182 | F60: =F58/$O$58 -> 0.31284303 | G60: =G58/$O$58 -> 0.0029271862 | H60: =H58/$O$58 -> 0.0085986096 | I60: =I58/$O$58 -> 0.15386023 | J60: =J58/$O$58 -> 0.058726674 | ... L60: =L58/$O$58 -> 0.019941456 | N60: =N58/$O$58 -> 0.00073179656

Sheet 25.09 Bombo-Matugga
B1: Consultancy services for Preparation of Expressway Development Master Plan (EDMP) for Uganda
B2: MANUAL CLASSIFIED COUNT (MCC)
B3: ROAD NAME: | C3: MCC-C2-STN67-BOMBO ROAD
C5: Date | D5: 25.09.19 | F5: Location | G5: MATUGGA GAZ | J5: Surveyor | K5: BABIRYE. R
C6: Dir. From | D6: BOMBO | F6: Dir. To | G6: MATUGGA | J6: Supervisor | K6: NUSURAH
B8: Time / Veh Type | R8: SUMMARY TRAFFIC VOLUMES
C9: 1. Car | D9: 2. Station Wagon | E9: 3. Pickups | F9: 4. Minibus, matatu | G9: 5. Medium bus | H9: 6. Large Bus | I9: 7. Light Truck | J9: 8. Medium Truck | K9: 9. Heavy truck | L9: 10. Truck Trailer | M9: 11. Motor cycles | N9: 12. Tractors | O9: Total Excl M/Cycles | P9: Total All | R9: Time | S9: 1. Car | T9: 2. Station Wagon | U9: 3. Pickups | V9: 4. Minibus, matatu | W9: 5. Medium bus | X9: 6. Large Bus | Y9: 7. Light Truck | Z9: 8. Medium Truck | AA9: 9. Heavy truck | AB9: 10. Truck Trailer | AC9: 11. Motorcycles | AD9: 12. Tractors, Graders | AE9: Total Excl M/ Cycles | AF9: Total All
B10: 07.00 - 07.15 | C10: 22 | D10: 2 | E10: 0 | F10: 28 | G10: 0 | H10: 1 | I10: 7 | J10: 1 | K10: 0 | L10: 2 | M10: 75 | N10: 0 | O10: =SUM(C10:L10,N10) -> 63 | P10: =SUM(C10:N10) -> 138 | R10: 0700-0800 | S10: =SUM(C10:C13) -> 102 | T10: =SUM(D10:D13) -> 12 | U10: =SUM(E10:E13) -> 11 | V10: =SUM(F10:F13) -> 153 | W10: =SUM(G10:G13) -> 1 | X10: =SUM(H10:H13) -> 2 | Y10: =SUM(I10:I13) -> 39 | Z10: =SUM(J10:J13) -> 3 | ... AF10: =SUM(P10:P13) -> 634
B11: 07.15 - 07.30 | C11: 39 | D11: 5 | E11: 3 | F11: 40 | G11: 1 | H11: 0 | I11: 9 | J11: 0 | K11: 2 | L11: 1 | M11: 88 | N11: 0 | O11: =SUM(C11:L11,N11) -> 100 | P11: =SUM(C11:N11) -> 188 | R11: 0800-0900 | S11: =SUM(C14:C17) -> 97 | T11: =SUM(D14:D17) -> 17 | U11: =SUM(E14:E17) -> 11 | V11: =SUM(F14:F17) -> 140 | W11: =SUM(G14:G17) -> 0 | X11: =SUM(H14:H17) -> 1 | Y11: =SUM(I14:I17) -> 44 | Z11: =SUM(J14:J17) -> 4 | ... AF11: =SUM(P14:P17) -> 602
B12: 07.30 - 07.45 | C12: 18 | D12: 4 | E12: 4 | F12: 45 | G12: 0 | H12: 0 | I12: 13 | J12: 2 | K12: 0 | L12: 0 | M12: 85 | N12: 0 | O12: =SUM(C12:L12,N12) -> 86 | P12: =SUM(C12:N12) -> 171 | R12: 0900-1000 | S12: =SUM(C18:C21) -> 52 | T12: =SUM(D18:D21) -> 8 | U12: =SUM(E18:E21) -> 10 | V12: =SUM(F18:F21) -> 107 | W12: =SUM(G18:G21) -> 1 | X12: =SUM(H18:H21) -> 1 | Y12: =SUM(I18:I21) -> 69 | Z12: =SUM(J18:J21) -> 3 | ... AF12: =SUM(P18:P21) -> 531
B13: 07.45 - 08.00 | C13: 23 | D13: 1 | E13: 4 | F13: 40 | G13: 0 | H13: 1 | I13: 10 | J13: 0 | K13: 0 | L13: 0 | M13: 58 | N13: 0 | O13: =SUM(C13:L13,N13) -> 79 | P13: =SUM(C13:N13) -> 137 | R13: 1000-1100 | S13: =SUM(C22:C25) -> 111 | T13: =SUM(D22:D25) -> 21 | U13: =SUM(E22:E25) -> 18 | V13: =SUM(F22:F25) -> 125 | W13: =SUM(G22:G25) -> 0 | X13: =SUM(H22:H25) -> 1 | Y13: =SUM(I22:I25) -> 70 | Z13: =SUM(J22:J25) -> 4 | ... AF13: =SUM(P22:P25) -> 704
B14: 08.00 - 08.15 | C14: 25 | D14: 5 | E14: 5 | F14: 39 | G14: 0 | H14: 0 | I14: 7 | J14: 1 | K14: 0 | L14: 1 | M14: 78 | N14: 0 | O14: =SUM(C14:L14,N14) -> 83 | P14: =SUM(C14:N14) -> 161 | R14: 1100-1200 | S14: =SUM(C26:C29) -> 78 | T14: =SUM(D26:D29) -> 31 | U14: =SUM(E26:E29) -> 14 | V14: =SUM(F26:F29) -> 99 | W14: =SUM(G26:G29) -> 3 | X14: =SUM(H26:H29) -> 0 | Y14: =SUM(I26:I29) -> 61 | Z14: =SUM(J26:J29) -> 10 | ... AF14: =SUM(P26:P29) -> 599
B15: 08.15 - 08.30 | C15: 25 | D15: 5 | E15: 2 | F15: 33 | G15: 0 | H15: 0 | I15: 12 | J15: 1 | K15: 0 | L15: 2 | M15: 61 | N15: 0 | O15: =SUM(C15:L15,N15) -> 80 | P15: =SUM(C15:N15) -> 141 | R15: 1200-1300 | S15: =SUM(C30:C33) -> 92 | T15: =SUM(D30:D33) -> 24 | U15: =SUM(E30:E33) -> 19 | V15: =SUM(F30:F33) -> 90 | W15: =SUM(G30:G33) -> 0 | X15: =SUM(H30:H33) -> 3 | Y15: =SUM(I30:I33) -> 60 | Z15: =SUM(J30:J33) -> 19 | ... AF15: =SUM(P30:P33) -> 497
B16: 08.30 - 08.45 | C16: 27 | D16: 4 | E16: 3 | F16: 40 | G16: 0 | H16: 0 | I16: 12 | J16: 2 | K16: 1 | L16: 1 | M16: 68 | N16: 0 | O16: =SUM(C16:L16,N16) -> 90 | P16: =SUM(C16:N16) -> 158 | R16: 1300-1400 | S16: =SUM(C34:C37) -> 100 | T16: =SUM(D34:D37) -> 21 | U16: =SUM(E34:E37) -> 12 | V16: =SUM(F34:F37) -> 132 | W16: =SUM(G34:G37) -> 3 | X16: =SUM(H34:H37) -> 4 | Y16: =SUM(I34:I37) -> 129 | Z16: =SUM(J34:J37) -> 12 | ... AF16: =SUM(P34:P37) -> 693
B17: 08.45 - 9.00 | C17: 20 | D17: 3 | E17: 1 | F17: 28 | G17: 0 | H17: 1 | I17: 13 | J17: 0 | K17: 2 | L17: 2 | M17: 72 | N17: 0 | O17: =SUM(C17:L17,N17) -> 70 | P17: =SUM(C17:N17) -> 142 | R17: 1400-1500 | S17: =SUM(C38:C41) -> 129 | T17: =SUM(D38:D41) -> 33 | U17: =SUM(E38:E41) -> 21 | V17: =SUM(F38:F41) -> 111 | W17: =SUM(G38:G41) -> 0 | X17: =SUM(H38:H41) -> 4 | Y17: =SUM(I38:I41) -> 105 | Z17: =SUM(J38:J41) -> 0 | ... AF17: =SUM(P38:P41) -> 631
B18: 09.00 - 09.15 | C18: 11 | D18: 2 | E18: 4 | F18: 30 | G18: 0 | H18: 1 | I18: 11 | J18: 1 | K18: 0 | L18: 3 | M18: 50 | N18: 0 | O18: =SUM(C18:L18,N18) -> 63 | P18: =SUM(C18:N18) -> 113 | R18: 1500-1600 | S18: =SUM(C42:C45) -> 137 | T18: =SUM(D42:D45) -> 53 | U18: =SUM(E42:E45) -> 24 | V18: =SUM(F42:F45) -> 107 | W18: =SUM(G42:G45) -> 1 | X18: =SUM(H42:H45) -> 2 | Y18: =SUM(I42:I45) -> 87 | Z18: =SUM(J42:J45) -> 7 | ... AF18: =SUM(P42:P45) -> 621
B19: 09.15 - 09.30 | C19: 4 | D19: 1 | E19: 1 | F19: 28 | G19: 0 | H19: 0 | I19: 20 | J19: 0 | K19: 1 | L19: 0 | M19: 62 | N19: 0 | O19: =SUM(C19:L19,N19) -> 55 | P19: =SUM(C19:N19) -> 117 | R19: 1600-1700 | S19: =SUM(C46:C49) -> 158 | T19: =SUM(D46:D49) -> 50 | U19: =SUM(E46:E49) -> 38 | V19: =SUM(F46:F49) -> 131 | W19: =SUM(G46:G49) -> 2 | X19: =SUM(H46:H49) -> 5 | Y19: =SUM(I46:I49) -> 101 | Z19: =SUM(J46:J49) -> 9 | ... AF19: =SUM(P46:P49) -> 717
B20: 09.30 - 09.45 | C20: 14 | D20: 0 | E20: 1 | F20: 19 | G20: 1 | H20: 0 | I20: 22 | J20: 1 | K20: 1 | L20: 3 | M20: 78 | N20: 0 | O20: =SUM(C20:L20,N20) -> 62 | P20: =SUM(C20:N20) -> 140 | R20: 1700-1800 | S20: =SUM(C50:C53) -> 198 | T20: =SUM(D50:D53) -> 51 | U20: =SUM(E50:E53) -> 39 | V20: =SUM(F50:F53) -> 117 | W20: =SUM(G50:G53) -> 5 | X20: =SUM(H50:H53) -> 3 | Y20: =SUM(I50:I53) -> 101 | Z20: =SUM(J50:J53) -> 5 | ... AF20: =SUM(P50:P53) -> 825
B21: 09.45 - 10.00 | C21: 23 | D21: 5 | E21: 4 | F21: 30 | G21: 0 | H21: 0 | I21: 16 | J21: 1 | K21: 2 | L21: 2 | M21: 78 | N21: 0 | O21: =SUM(C21:L21,N21) -> 83 | P21: =SUM(C21:N21) -> 161 | R21: 1800-1900 | S21: =SUM(C54:C57) -> 189 | T21: =SUM(D54:D57) -> 50 | U21: =SUM(E54:E57) -> 44 | V21: =SUM(F54:F57) -> 183 | W21: =SUM(G54:G57) -> 7 | X21: =SUM(H54:H57) -> 7 | Y21: =SUM(I54:I57) -> 70 | Z21: =SUM(J54:J57) -> 21 | ... AF21: =SUM(P54:P57) -> 767
B22: 10.00 - 10.15 | C22: 34 | D22: 7 | E22: 5 | F22: 36 | G22: 0 | H22: 0 | I22: 17 | J22: 1 | K22: 0 | L22: 3 | M22: 89 | N22: 0 | O22: =SUM(C22:L22,N22) -> 103 | P22: =SUM(C22:N22) -> 192 | R22: AM Peak Hr | S22: =MAX(S10:S12) -> 102 | T22: =MAX(T10:T12) -> 17 | U22: =MAX(U10:U12) -> 11 | V22: =MAX(V10:V12) -> 153 | W22: =MAX(W10:W12) -> 1 | X22: =MAX(X10:X12) -> 2 | Y22: =MAX(Y10:Y12) -> 69 | Z22: =MAX(Z10:Z12) -> 4 | ... AF22: =MAX(AF10:AF12) -> 634
B23: 10.15 - 10.30 | C23: 25 | D23: 3 | E23: 7 | F23: 27 | G23: 0 | H23: 0 | I23: 21 | J23: 1 | K23: 0 | L23: 2 | M23: 69 | N23: 0 | O23: =SUM(C23:L23,N23) -> 86 | P23: =SUM(C23:N23) -> 155 | R23: IP Peak Hr | S23: =MAX(S13:S18) -> 137 | T23: =MAX(T13:T18) -> 53 | U23: =MAX(U13:U18) -> 24 | V23: =MAX(V13:V18) -> 132 | W23: =MAX(W13:W18) -> 3 | X23: =MAX(X13:X18) -> 4 | Y23: =MAX(Y13:Y18) -> 129 | Z23: =MAX(Z13:Z18) -> 19 | ... AF23: =MAX(AF13:AF18) -> 704
B24: 10.30 - 10.45 | C24: 22 | D24: 4 | E24: 3 | F24: 29 | G24: 0 | H24: 0 | I24: 13 | J24: 1 | K24: 3 | L24: 2 | M24: 93 | N24: 0 | O24: =SUM(C24:L24,N24) -> 77 | P24: =SUM(C24:N24) -> 170 | R24: PM Peak Hr | S24: =MAX(S19:S21) -> 198 | T24: =MAX(T19:T21) -> 51 | U24: =MAX(U19:U21) -> 44 | V24: =MAX(V19:V21) -> 183 | W24: =MAX(W19:W21) -> 7 | X24: =MAX(X19:X21) -> 7 | Y24: =MAX(Y19:Y21) -> 101 | Z24: =MAX(Z19:Z21) -> 21 | ... AF24: =MAX(AF19:AF21) -> 825
B25: 10.45 - 11.00 | C25: 30 | D25: 7 | E25: 3 | F25: 33 | G25: 0 | H25: 1 | I25: 19 | J25: 1 | K25: 0 | L25: 2 | M25: 91 | N25: 0 | O25: =SUM(C25:L25,N25) -> 96 | P25: =SUM(C25:N25) -> 187 | R25: AM Period | S25: =SUM(S10:S12) -> 251 | T25: =SUM(T10:T12) -> 37 | U25: =SUM(U10:U12) -> 32 | V25: =SUM(V10:V12) -> 400 | W25: =SUM(W10:W12) -> 2 | X25: =SUM(X10:X12) -> 4 | Y25: =SUM(Y10:Y12) -> 152 | Z25: =SUM(Z10:Z12) -> 10 | ... AF25: =SUM(AF10:AF12) -> 1767
B26: 11.00 - 11.15 | C26: 17 | D26: 10 | E26: 3 | F26: 25 | G26: 1 | H26: 0 | I26: 15 | J26: 1 | K26: 0 | L26: 0 | M26: 90 | N26: 0 | O26: =SUM(C26:L26,N26) -> 72 | P26: =SUM(C26:N26) -> 162 | R26: IP Period | S26: =SUM(S13:S18) -> 647 | T26: =SUM(T13:T18) -> 183 | U26: =SUM(U13:U18) -> 108 | V26: =SUM(V13:V18) -> 664 | W26: =SUM(W13:W18) -> 7 | X26: =SUM(X13:X18) -> 14 | Y26: =SUM(Y13:Y18) -> 512 | Z26: =SUM(Z13:Z18) -> 52 | ... AF26: =SUM(AF13:AF18) -> 3745
B27: 11.15 - 11.30 | C27: 18 | D27: 6 | E27: 3 | F27: 24 | G27: 0 | H27: 0 | I27: 15 | J27: 2 | K27: 0 | L27: 2 | M27: 74 | N27: 0 | O27: =SUM(C27:L27,N27) -> 70 | P27: =SUM(C27:N27) -> 144 | R27: PM Period | S27: =SUM(S19:S21) -> 545 | T27: =SUM(T19:T21) -> 151 | U27: =SUM(U19:U21) -> 121 | V27: =SUM(V19:V21) -> 431 | W27: =SUM(W19:W21) -> 14 | X27: =SUM(X19:X21) -> 15 | Y27: =SUM(Y19:Y21) -> 272 | Z27: =SUM(Z19:Z21) -> 35 | ... AF27: =SUM(AF19:AF21) -> 2309
B28: 11.30 - 11.45 | C28: 26 | D28: 8 | E28: 3 | F28: 20 | G28: 0 | H28: 0 | I28: 20 | J28: 2 | K28: 0 | L28: 1 | M28: 91 | N28: 0 | O28: =SUM(C28:L28,N28) -> 80 | P28: =SUM(C28:N28) -> 171 | R28: 12 Hours | S28: =SUM(S10:S21) -> 1443 | T28: =SUM(T10:T21) -> 371 | U28: =SUM(U10:U21) -> 261 | V28: =SUM(V10:V21) -> 1495 | W28: =SUM(W10:W21) -> 23 | X28: =SUM(X10:X21) -> 33 | Y28: =SUM(Y10:Y21) -> 936 | Z28: =SUM(Z10:Z21) -> 97 | ... AF28: =SUM(AF10:AF21) -> 7821
B29: 11.45 - 12.00 | C29: 17 | D29: 7 | E29: 5 | F29: 30 | G29: 2 | H29: 0 | I29: 11 | J29: 5 | K29: 1 | L29: 3 | M29: 40 | N29: 1 | O29: =SUM(C29:L29,N29) -> 82 | P29: =SUM(C29:N29) -> 122
B30: 12.00 - 12.15 | C30: 10 | D30: 5 | E30: 5 | F30: 10 | G30: 0 | H30: 0 | I30: 14 | J30: 3 | K30: 1 | L30: 1 | M30: 30 | N30: 0 | O30: =SUM(C30:L30,N30) -> 49 | P30: =SUM(C30:N30) -> 79
B31: 12.15 - 12.30 | C31: 19 | D31: 7 | E31: 8 | F31: 30 | G31: 0 | H31: 2 | I31: 19 | J31: 5 | K31: 2 | L31: 2 | M31: 55 | N31: 0 | O31: =SUM(C31:L31,N31) -> 94 | P31: =SUM(C31:N31) -> 149
B32: 12.30 - 12.45 | C32: 34 | D32: 9 | E32: 4 | F32: 26 | G32: 0 | H32: 1 | I32: 15 | J32: 5 | K32: 1 | L32: 1 | M32: 35 | N32: 0 | O32: =SUM(C32:L32,N32) -> 96 | P32: =SUM(C32:N32) -> 131
B33: 12.45 - 13.00 | C33: 29 | D33: 3 | E33: 2 | F33: 24 | G33: 0 | H33: 0 | I33: 12 | J33: 6 | K33: 3 | L33: 4 | M33: 55 | N33: 0 | O33: =SUM(C33:L33,N33) -> 83 | P33: =SUM(C33:N33) -> 138
B34: 13.00 - 13.15 | C34: 21 | D34: 6 | E34: 3 | F34: 29 | G34: 1 | H34: 2 | I34: 21 | J34: 8 | K34: 1 | L34: 3 | M34: 92 | N34: 0 | O34: =SUM(C34:L34,N34) -> 95 | P34: =SUM(C34:N34) -> 187
B35: 13.15 - 13.30 | C35: 27 | D35: 10 | E35: 7 | F35: 41 | G35: 1 | H35: 2 | I35: 36 | J35: 2 | K35: 1 | L35: 4 | M35: 63 | N35: 0 | O35: =SUM(C35:L35,N35) -> 131 | P35: =SUM(C35:N35) -> 194
B36: 13.30 - 13.45 | C36: 40 | D36: 0 | E36: 0 | F36: 40 | G36: 0 | H36: 0 | I36: 47 | J36: 0 | K36: 0 | L36: 0 | M36: 54 | N36: 0 | O36: =SUM(C36:L36,N36) -> 127 | P36: =SUM(C36:N36) -> 181
B37: 13.45 - 14.00 | C37: 12 | D37: 5 | E37: 2 | F37: 22 | G37: 1 | H37: 0 | I37: 25 | J37: 2 | K37: 0 | L37: 2 | M37: 60 | N37: 0 | O37: =SUM(C37:L37,N37) -> 71 | P37: =SUM(C37:N37) -> 131
B38: 14.00 - 14.15 | C38: 33 | D38: 6 | E38: 6 | F38: 33 | G38: 0 | H38: 1 | I38: 17 | J38: 0 | K38: 0 | L38: 0 | M38: 72 | N38: 0 | O38: =SUM(C38:L38,N38) -> 96 | P38: =SUM(C38:N38) -> 168
B39: 14.15 - 14.30 | C39: 29 | D39: 11 | E39: 4 | F39: 20 | G39: 0 | H39: 0 | I39: 28 | J39: 0 | K39: 0 | L39: 3 | M39: 50 | N39: 0 | O39: =SUM(C39:L39,N39) -> 95 | P39: =SUM(C39:N39) -> 145
B40: 14.30 - 14.45 | C40: 38 | D40: 10 | E40: 4 | F40: 28 | G40: 0 | H40: 1 | I40: 33 | J40: 0 | K40: 0 | L40: 0 | M40: 54 | N40: 0 | O40: =SUM(C40:L40,N40) -> 114 | P40: =SUM(C40:N40) -> 168
... B57: 18.45 - 19.00 | C57: 36 | D57: 6 | E57: 5 | F57: 50 | G57: 1 | H57: 4 | I57: 32 | J57: 9 | K57: 1 | L57: 1 | M57: 40 | N57: 0 | O57: =SUM(C57:L57,N57) -> 145 | P57: =SUM(C57:N57) -> 185
B58: Totals | C58: =SUM(C10:C57) -> 1443 | D58: =SUM(D10:D57) -> 371 | E58: =SUM(E10:E57) -> 261 | F58: =SUM(F10:F57) -> 1495 | G58: =SUM(G10:G57) -> 23 | H58: =SUM(H10:H57) -> 33 | I58: =SUM(I10:I57) -> 936 | J58: =SUM(J10:J57) -> 97 | ... P58: =SUM(P10:P57) -> 7821
B59: %ges + MCs | C59: =C58/$P$58 -> 0.18450326 | D59: =D58/$P$58 -> 0.047436389 | E59: =E58/$P$58 -> 0.033371692 | F59: =F58/$P$58 -> 0.19115203 | G59: =G58/$P$58 -> 0.0029408004 | H59: =H58/$P$58 -> 0.0042194093 | I59: =I58/$P$58 -> 0.11967779 | J59: =J58/$P$58 -> 0.012402506 | ... N59: =N58/$P$58 -> 0.00051144355
B60: %ges w/o MCs | C60: =C58/$O$58 -> 0.30093848 | D60: =D58/$O$58 -> 0.077372263 | E60: =E58/$O$58 -> 0.0544317 | F60: =F58/$O$58 -> 0.31178311 | G60: =G58/$O$58 -> 0.0047966632 | H60: =H58/$O$58 -> 0.0068821689 | I60: =I58/$O$58 -> 0.19520334 | J60: =J58/$O$58 -> 0.020229406 | ... L60: =L58/$O$58 -> 0.018978102 | N60: =N58/$O$58 -> 0.00083420229

Sheet 25.09 Matugga-Bombo
B1: Consultancy services for Preparation of Expressway Development Master Plan (EDMP) for Uganda
B2: MANUAL CLASSIFIED COUNT (MCC)
B3: ROAD NAME: | C3: ='23.09 Matugga-Bombo'!C3:G3 -> MCC - C2 - STN067- BOMBO ROAD
C5: Date | D5: ='25.09 Bombo-Matugga'!D5 -> 25.09.19 | F5: Location | G5: ='25.09 Bombo-Matugga'!G5:H5 -> MATUGGA GAZ | J5: Surveyor | K5: OMEJJE
C6: Dir. From | D6: ='23.09 Matugga-Bombo'!D6:E6 -> Matugga | F6: Dir. To | G6: ='23.09 Matugga-Bombo'!G6:H6 -> Bombo | J6: Supervisor | K6: ='25.09 Bombo-Matugga'!K6:L6 -> NUSURAH
B8: Time / Veh Type | R8: SUMMARY TRAFFIC VOLUMES
C9: 1. Car | D9: 2. Station Wagon | E9: 3. Pickups | F9: 4. Minibus, matatu | G9: 5. Medium bus | H9: 6. Large Bus | I9: 7. Light Truck | J9: 8. Medium Truck | K9: 9. Heavy truck | L9: 10. Truck Trailer | M9: 11. Motor cycles | N9: 12. Tractors | O9: Total Excl M/Cycles | P9: Total All | R9: Time | S9: 1. Car | T9: 2. Station Wagon | U9: 3. Pickups | V9: 4. Minibus, matatu | W9: 5. Medium bus | X9: 6. Large Bus | Y9: 7. Light Truck | Z9: 8. Medium Truck | AA9: 9. Heavy truck | AB9: 10. Truck Trailer | AC9: 11. Motorcycles | AD9: 12. Tractors, Graders | AE9: Total Excl M/ Cycles | AF9: Total All
B10: 07.00 - 07.15 | C10: 40 | D10: 21 | E10: 7 | F10: 37 | G10: 0 | H10: 0 | I10: 17 | J10: 4 | K10: 2 | L10: 1 | M10: 69 | N10: 0 | O10: =SUM(C10:L10,N10) -> 129 | P10: =SUM(C10:N10) -> 198 | R10: 0700-0800 | S10: =SUM(C10:C13) -> 121 | T10: =SUM(D10:D13) -> 54 | U10: =SUM(E10:E13) -> 42 | V10: =SUM(F10:F13) -> 146 | W10: =SUM(G10:G13) -> 2 | X10: =SUM(H10:H13) -> 1 | Y10: =SUM(I10:I13) -> 59 | Z10: =SUM(J10:J13) -> 17 | ... AF10: =SUM(P10:P13) -> 746
B11: 07.15 - 07.30 | C11: 21 | D11: 13 | E11: 6 | F11: 40 | G11: 0 | H11: 0 | I11: 10 | J11: 1 | K11: 5 | L11: 0 | M11: 49 | N11: 0 | O11: =SUM(C11:L11,N11) -> 96 | P11: =SUM(C11:N11) -> 145 | R11: 0800-0900 | S11: =SUM(C14:C17) -> 124 | T11: =SUM(D14:D17) -> 66 | U11: =SUM(E14:E17) -> 30 | V11: =SUM(F14:F17) -> 113 | W11: =SUM(G14:G17) -> 0 | X11: =SUM(H14:H17) -> 1 | Y11: =SUM(I14:I17) -> 63 | Z11: =SUM(J14:J17) -> 16 | ... AF11: =SUM(P14:P17) -> 741
B12: 07.30 - 07.45 | C12: 32 | D12: 10 | E12: 15 | F12: 34 | G12: 0 | H12: 1 | I12: 9 | J12: 7 | K12: 4 | L12: 3 | M12: 69 | N12: 0 | O12: =SUM(C12:L12,N12) -> 115 | P12: =SUM(C12:N12) -> 184 | R12: 0900-1000 | S12: =SUM(C18:C21) -> 110 | T12: =SUM(D18:D21) -> 55 | U12: =SUM(E18:E21) -> 35 | V12: =SUM(F18:F21) -> 134 | W12: =SUM(G18:G21) -> 1 | X12: =SUM(H18:H21) -> 3 | Y12: =SUM(I18:I21) -> 56 | Z12: =SUM(J18:J21) -> 24 | ... AF12: =SUM(P18:P21) -> 704
B13: 07.45 - 08.00 | C13: 28 | D13: 10 | E13: 14 | F13: 35 | G13: 2 | H13: 0 | I13: 23 | J13: 5 | K13: 1 | L13: 1 | M13: 100 | N13: 0 | O13: =SUM(C13:L13,N13) -> 119 | P13: =SUM(C13:N13) -> 219 | R13: 1000-1100 | S13: =SUM(C22:C25) -> 169 | T13: =SUM(D22:D25) -> 64 | U13: =SUM(E22:E25) -> 38 | V13: =SUM(F22:F25) -> 163 | W13: =SUM(G22:G25) -> 3 | X13: =SUM(H22:H25) -> 5 | Y13: =SUM(I22:I25) -> 92 | Z13: =SUM(J22:J25) -> 16 | ... AF13: =SUM(P22:P25) -> 859
B14: 08.00 - 08.15 | C14: 37 | D14: 24 | E14: 13 | F14: 27 | G14: 0 | H14: 0 | I14: 20 | J14: 5 | K14: 1 | L14: 0 | M14: 95 | N14: 0 | O14: =SUM(C14:L14,N14) -> 127 | P14: =SUM(C14:N14) -> 222 | R14: 1100-1200 | S14: =SUM(C26:C29) -> 150 | T14: =SUM(D26:D29) -> 74 | U14: =SUM(E26:E29) -> 40 | V14: =SUM(F26:F29) -> 150 | W14: =SUM(G26:G29) -> 1 | X14: =SUM(H26:H29) -> 4 | Y14: =SUM(I26:I29) -> 87 | Z14: =SUM(J26:J29) -> 29 | ... AF14: =SUM(P26:P29) -> 806
B15: 08.15 - 08.30 | C15: 28 | D15: 14 | E15: 7 | F15: 42 | G15: 0 | H15: 0 | I15: 11 | J15: 3 | K15: 4 | L15: 0 | M15: 80 | N15: 0 | O15: =SUM(C15:L15,N15) -> 109 | P15: =SUM(C15:N15) -> 189 | R15: 1200-1300 | S15: =SUM(C30:C33) -> 144 | T15: =SUM(D30:D33) -> 42 | U15: =SUM(E30:E33) -> 31 | V15: =SUM(F30:F33) -> 144 | W15: =SUM(G30:G33) -> 4 | X15: =SUM(H30:H33) -> 7 | Y15: =SUM(I30:I33) -> 79 | Z15: =SUM(J30:J33) -> 38 | ... AF15: =SUM(P30:P33) -> 767
B16: 08.30 - 08.45 | C16: 33 | D16: 13 | E16: 9 | F16: 20 | G16: 0 | H16: 1 | I16: 14 | J16: 7 | K16: 2 | L16: 2 | M16: 75 | N16: 0 | O16: =SUM(C16:L16,N16) -> 101 | P16: =SUM(C16:N16) -> 176 | R16: 1300-1400 | S16: =SUM(C34:C37) -> 128 | T16: =SUM(D34:D37) -> 25 | U16: =SUM(E34:E37) -> 25 | V16: =SUM(F34:F37) -> 138 | W16: =SUM(G34:G37) -> 5 | X16: =SUM(H34:H37) -> 4 | Y16: =SUM(I34:I37) -> 75 | Z16: =SUM(J34:J37) -> 22 | ... AF16: =SUM(P34:P37) -> 700
B17: 08.45 - 9.00 | C17: 26 | D17: 15 | E17: 1 | F17: 24 | G17: 0 | H17: 0 | I17: 18 | J17: 1 | K17: 3 | L17: 2 | M17: 64 | N17: 0 | O17: =SUM(C17:L17,N17) -> 90 | P17: =SUM(C17:N17) -> 154 | R17: 1400-1500 | S17: =SUM(C38:C41) -> 104 | T17: =SUM(D38:D41) -> 30 | U17: =SUM(E38:E41) -> 36 | V17: =SUM(F38:F41) -> 141 | W17: =SUM(G38:G41) -> 4 | X17: =SUM(H38:H41) -> 6 | Y17: =SUM(I38:I41) -> 85 | Z17: =SUM(J38:J41) -> 27 | ... AF17: =SUM(P38:P41) -> 716
B18: 09.00 - 09.15 | C18: 24 | D18: 4 | E18: 11 | F18: 27 | G18: 1 | H18: 1 | I18: 11 | J18: 7 | K18: 1 | L18: 0 | M18: 80 | N18: 0 | O18: =SUM(C18:L18,N18) -> 87 | P18: =SUM(C18:N18) -> 167 | R18: 1500-1600 | S18: =SUM(C42:C45) -> 103 | T18: =SUM(D42:D45) -> 40 | U18: =SUM(E42:E45) -> 29 | V18: =SUM(F42:F45) -> 137 | W18: =SUM(G42:G45) -> 0 | X18: =SUM(H42:H45) -> 4 | Y18: =SUM(I42:I45) -> 121 | Z18: =SUM(J42:J45) -> 18 | ... AF18: =SUM(P42:P45) -> 687
B19: 09.15 - 09.30 | C19: 24 | D19: 16 | E19: 4 | F19: 33 | G19: 0 | H19: 0 | I19: 15 | J19: 5 | K19: 2 | L19: 1 | M19: 55 | N19: 0 | O19: =SUM(C19:L19,N19) -> 100 | P19: =SUM(C19:N19) -> 155 | R19: 1600-1700 | S19: =SUM(C46:C49) -> 124 | T19: =SUM(D46:D49) -> 44 | U19: =SUM(E46:E49) -> 26 | V19: =SUM(F46:F49) -> 141 | W19: =SUM(G46:G49) -> 4 | X19: =SUM(H46:H49) -> 3 | Y19: =SUM(I46:I49) -> 64 | Z19: =SUM(J46:J49) -> 26 | ... AF19: =SUM(P46:P49) -> 682
B20: 09.30 - 09.45 | C20: 32 | D20: 13 | E20: 8 | F20: 32 | G20: 0 | H20: 1 | I20: 13 | J20: 5 | K20: 0 | L20: 0 | M20: 61 | N20: 0 | O20: =SUM(C20:L20,N20) -> 104 | P20: =SUM(C20:N20) -> 165 | R20: 1700-1800 | S20: =SUM(C50:C53) -> 114 | T20: =SUM(D50:D53) -> 35 | U20: =SUM(E50:E53) -> 43 | V20: =SUM(F50:F53) -> 156 | W20: =SUM(G50:G53) -> 1 | X20: =SUM(H50:H53) -> 5 | Y20: =SUM(I50:I53) -> 71 | Z20: =SUM(J50:J53) -> 22 | ... AF20: =SUM(P50:P53) -> 677
B21: 09.45 - 10.00 | C21: 30 | D21: 22 | E21: 12 | F21: 42 | G21: 0 | H21: 1 | I21: 17 | J21: 7 | K21: 1 | L21: 0 | M21: 85 | N21: 0 | O21: =SUM(C21:L21,N21) -> 132 | P21: =SUM(C21:N21) -> 217 | R21: 1800-1900 | S21: =SUM(C54:C57) -> 139 | T21: =SUM(D54:D57) -> 25 | U21: =SUM(E54:E57) -> 24 | V21: =SUM(F54:F57) -> 197 | W21: =SUM(G54:G57) -> 6 | X21: =SUM(H54:H57) -> 4 | Y21: =SUM(I54:I57) -> 50 | Z21: =SUM(J54:J57) -> 25 | ... AF21: =SUM(P54:P57) -> 765
B22: 10.00 - 10.15 | C22: 47 | D22: 18 | E22: 8 | F22: 36 | G22: 1 | H22: 2 | I22: 15 | J22: 5 | K22: 1 | L22: 0 | M22: 70 | N22: 0 | O22: =SUM(C22:L22,N22) -> 133 | P22: =SUM(C22:N22) -> 203 | R22: AM Peak Hr | S22: =MAX(S10:S12) -> 124 | T22: =MAX(T10:T12) -> 66 | U22: =MAX(U10:U12) -> 42 | V22: =MAX(V10:V12) -> 146 | W22: =MAX(W10:W12) -> 2 | X22: =MAX(X10:X12) -> 3 | Y22: =MAX(Y10:Y12) -> 63 | Z22: =MAX(Z10:Z12) -> 24 | ... AF22: =MAX(AF10:AF12) -> 746
B23: 10.15 - 10.30 | C23: 18 | D23: 15 | E23: 6 | F23: 38 | G23: 0 | H23: 0 | I23: 21 | J23: 1 | K23: 0 | L23: 2 | M23: 60 | N23: 0 | O23: =SUM(C23:L23,N23) -> 101 | P23: =SUM(C23:N23) -> 161 | R23: IP Peak Hr | S23: =MAX(S13:S18) -> 169 | T23: =MAX(T13:T18) -> 74 | U23: =MAX(U13:U18) -> 40 | V23: =MAX(V13:V18) -> 163 | W23: =MAX(W13:W18) -> 5 | X23: =MAX(X13:X18) -> 7 | Y23: =MAX(Y13:Y18) -> 121 | Z23: =MAX(Z13:Z18) -> 38 | ... AF23: =MAX(AF13:AF18) -> 859
B24: 10.30 - 10.45 | C24: 43 | D24: 16 | E24: 12 | F24: 47 | G24: 0 | H24: 0 | I24: 22 | J24: 5 | K24: 2 | L24: 4 | M24: 75 | N24: 0 | O24: =SUM(C24:L24,N24) -> 151 | P24: =SUM(C24:N24) -> 226 | R24: PM Peak Hr | S24: =MAX(S19:S21) -> 139 | T24: =MAX(T19:T21) -> 44 | U24: =MAX(U19:U21) -> 43 | V24: =MAX(V19:V21) -> 197 | W24: =MAX(W19:W21) -> 6 | X24: =MAX(X19:X21) -> 5 | Y24: =MAX(Y19:Y21) -> 71 | Z24: =MAX(Z19:Z21) -> 26 | ... AF24: =MAX(AF19:AF21) -> 765
B25: 10.45 - 11.00 | C25: 61 | D25: 15 | E25: 12 | F25: 42 | G25: 2 | H25: 3 | I25: 34 | J25: 5 | K25: 2 | L25: 3 | M25: 90 | N25: 0 | O25: =SUM(C25:L25,N25) -> 179 | P25: =SUM(C25:N25) -> 269 | R25: AM Period | S25: =SUM(S10:S12) -> 355 | T25: =SUM(T10:T12) -> 175 | U25: =SUM(U10:U12) -> 107 | V25: =SUM(V10:V12) -> 393 | W25: =SUM(W10:W12) -> 3 | X25: =SUM(X10:X12) -> 5 | Y25: =SUM(Y10:Y12) -> 178 | Z25: =SUM(Z10:Z12) -> 57 | ... AF25: =SUM(AF10:AF12) -> 2191
B26: 11.00 - 11.15 | C26: 37 | D26: 18 | E26: 12 | F26: 30 | G26: 0 | H26: 0 | I26: 19 | J26: 6 | K26: 1 | L26: 2 | M26: 55 | N26: 0 | O26: =SUM(C26:L26,N26) -> 125 | P26: =SUM(C26:N26) -> 180 | R26: IP Period | S26: =SUM(S13:S18) -> 798 | T26: =SUM(T13:T18) -> 275 | U26: =SUM(U13:U18) -> 199 | V26: =SUM(V13:V18) -> 873 | W26: =SUM(W13:W18) -> 17 | X26: =SUM(X13:X18) -> 30 | Y26: =SUM(Y13:Y18) -> 539 | Z26: =SUM(Z13:Z18) -> 150 | ... AF26: =SUM(AF13:AF18) -> 4535
B27: 11.15 - 11.30 | C27: 51 | D27: 22 | E27: 15 | F27: 35 | G27: 0 | H27: 1 | I27: 24 | J27: 9 | K27: 3 | L27: 3 | M27: 90 | N27: 0 | O27: =SUM(C27:L27,N27) -> 163 | P27: =SUM(C27:N27) -> 253 | R27: PM Period | S27: =SUM(S19:S21) -> 377 | T27: =SUM(T19:T21) -> 104 | U27: =SUM(U19:U21) -> 93 | V27: =SUM(V19:V21) -> 494 | W27: =SUM(W19:W21) -> 11 | X27: =SUM(X19:X21) -> 12 | Y27: =SUM(Y19:Y21) -> 185 | Z27: =SUM(Z19:Z21) -> 73 | ... AF27: =SUM(AF19:AF21) -> 2124
B28: 11.30 - 11.45 | C28: 41 | D28: 20 | E28: 8 | F28: 51 | G28: 1 | H28: 2 | I28: 26 | J28: 11 | K28: 3 | L28: 4 | M28: 50 | N28: 0 | O28: =SUM(C28:L28,N28) -> 167 | P28: =SUM(C28:N28) -> 217 | R28: 12 Hours | S28: =SUM(S10:S21) -> 1530 | T28: =SUM(T10:T21) -> 554 | U28: =SUM(U10:U21) -> 399 | V28: =SUM(V10:V21) -> 1760 | W28: =SUM(W10:W21) -> 31 | X28: =SUM(X10:X21) -> 47 | Y28: =SUM(Y10:Y21) -> 902 | Z28: =SUM(Z10:Z21) -> 280 | ... AF28: =SUM(AF10:AF21) -> 8850
B29: 11.45 - 12.00 | C29: 21 | D29: 14 | E29: 5 | F29: 34 | G29: 0 | H29: 1 | I29: 18 | J29: 3 | K29: 1 | L29: 3 | M29: 55 | N29: 1 | O29: =SUM(C29:L29,N29) -> 101 | P29: =SUM(C29:N29) -> 156
B30: 12.00 - 12.15 | C30: 36 | D30: 15 | E30: 7 | F30: 33 | G30: 0 | H30: 0 | I30: 25 | J30: 13 | K30: 2 | L30: 2 | M30: 56 | N30: 0 | O30: =SUM(C30:L30,N30) -> 133 | P30: =SUM(C30:N30) -> 189
B31: 12.15 - 12.30 | C31: 44 | D31: 12 | E31: 11 | F31: 40 | G31: 0 | H31: 4 | I31: 19 | J31: 4 | K31: 4 | L31: 2 | M31: 79 | N31: 0 | O31: =SUM(C31:L31,N31) -> 140 | P31: =SUM(C31:N31) -> 219
B32: 12.30 - 12.45 | C32: 33 | D32: 8 | E32: 9 | F32: 29 | G32: 2 | H32: 1 | I32: 19 | J32: 8 | K32: 1 | L32: 2 | M32: 60 | N32: 0 | O32: =SUM(C32:L32,N32) -> 112 | P32: =SUM(C32:N32) -> 172
B33: 12.45 - 13.00 | C33: 31 | D33: 7 | E33: 4 | F33: 42 | G33: 2 | H33: 2 | I33: 16 | J33: 13 | K33: 1 | L33: 2 | M33: 67 | N33: 0 | O33: =SUM(C33:L33,N33) -> 120 | P33: =SUM(C33:N33) -> 187
B34: 13.00 - 13.15 | C34: 39 | D34: 6 | E34: 6 | F34: 35 | G34: 0 | H34: 2 | I34: 25 | J34: 7 | K34: 1 | L34: 4 | M34: 70 | N34: 0 | O34: =SUM(C34:L34,N34) -> 125 | P34: =SUM(C34:N34) -> 195
B35: 13.15 - 13.30 | C35: 19 | D35: 4 | E35: 11 | F35: 35 | G35: 0 | H35: 0 | I35: 17 | J35: 2 | K35: 0 | L35: 1 | M35: 55 | N35: 0 | O35: =SUM(C35:L35,N35) -> 89 | P35: =SUM(C35:N35) -> 144
B36: 13.30 - 13.45 | C36: 32 | D36: 2 | E36: 2 | F36: 37 | G36: 1 | H36: 1 | I36: 16 | J36: 6 | K36: 2 | L36: 5 | M36: 60 | N36: 0 | O36: =SUM(C36:L36,N36) -> 104 | P36: =SUM(C36:N36) -> 164
B37: 13.45 - 14.00 | C37: 38 | D37: 13 | E37: 6 | F37: 31 | G37: 4 | H37: 1 | I37: 17 | J37: 7 | K37: 6 | L37: 3 | M37: 70 | N37: 1 | O37: =SUM(C37:L37,N37) -> 127 | P37: =SUM(C37:N37) -> 197
B38: 14.00 - 14.15 | C38: 27 | D38: 9 | E38: 8 | F38: 33 | G38: 0 | H38: 0 | I38: 13 | J38: 7 | K38: 2 | L38: 4 | M38: 80 | N38: 0 | O38: =SUM(C38:L38,N38) -> 103 | P38: =SUM(C38:N38) -> 183
B39: 14.15 - 14.30 | C39: 17 | D39: 3 | E39: 2 | F39: 24 | G39: 0 | H39: 2 | I39: 20 | J39: 9 | K39: 3 | L39: 1 | M39: 45 | N39: 0 | O39: =SUM(C39:L39,N39) -> 81 | P39: =SUM(C39:N39) -> 126
B40: 14.30 - 14.45 | C40: 28 | D40: 12 | E40: 7 | F40: 36 | G40: 3 | H40: 4 | I40: 19 | J40: 6 | K40: 2 | L40: 4 | M40: 55 | N40: 0 | O40: =SUM(C40:L40,N40) -> 121 | P40: =SUM(C40:N40) -> 176
... B57: 18.45 - 19.00 | C57: 30 | D57: 5 | E57: 7 | F57: 49 | G57: 2 | H57: 2 | I57: 12 | J57: 6 | K57: 4 | L57: 0 | M57: 55 | N57: 0 | O57: =SUM(C57:L57,N57) -> 117 | P57: =SUM(C57:N57) -> 172
B58: Totals | C58: =SUM(C10:C57) -> 1530 | D58: =SUM(D10:D57) -> 554 | E58: =SUM(E10:E57) -> 399 | F58: =SUM(F10:F57) -> 1760 | G58: =SUM(G10:G57) -> 31 | H58: =SUM(H10:H57) -> 47 | I58: =SUM(I10:I57) -> 902 | J58: =SUM(J10:J57) -> 280 | ... P58: =SUM(P10:P57) -> 8850
B59: %ges + MCs | C59: =C58/$P$58 -> 0.17288136 | D59: =D58/$P$58 -> 0.06259887 | E59: =E58/$P$58 -> 0.045084746 | F59: =F58/$P$58 -> 0.19887006 | G59: =G58/$P$58 -> 0.0035028249 | H59: =H58/$P$58 -> 0.0053107345 | I59: =I58/$P$58 -> 0.1019209 | J59: =J58/$P$58 -> 0.031638418 | ... N59: =N58/$P$58 -> 0.0002259887
B60: %ges w/o MCs | C60: =C58/$O$58 -> 0.26678291 | D60: =D58/$O$58 -> 0.096599826 | E60: =E58/$O$58 -> 0.069572799 | F60: =F58/$O$58 -> 0.30688753 | G60: =G58/$O$58 -> 0.0054054054 | H60: =H58/$O$58 -> 0.0081952921 | I60: =I58/$O$58 -> 0.15727986 | J60: =J58/$O$58 -> 0.048823017 | ... L60: =L58/$O$58 -> 0.019529207 | N60: =N58/$O$58 -> 0.00034873583

Sheet 26.09 Bombo-Matugga-24h
B1: Consultancy services for Preparation of Expressway Development Master Plan (EDMP) for Uganda
B2: MANUAL CLASSIFIED COUNT (MCC)
B3: ROAD NAME: | C3: BOMBO ROAD
C5: Date | D5: 26.9.19 | F5: Location | G5: ='27.09 Matugga-Bombo'!G5:H5 -> MATUGGA GAZ | J5: Surveyor | K5: ='27.09 Matugga-Bombo'!K5:L5 -> OMEJJE
C6: Dir. From | D6: BOMBO | F6: Dir. To | G6: MATUGGA GAZ | J6: Supervisor | K6: ='27.09 Matugga-Bombo'!K6:L6 -> NUSURAH
B8: Time / Veh Type | R8: SUMMARY TRAFFIC VOLUMES
C9: 1. Car | D9: 2. Station Wagon | E9: 3. Pickups | F9: 4. Minibus, matatu | G9: 5. Medium bus | H9: 6. Large Bus | I9: 7. Light Truck | J9: 8. Medium Truck | K9: 9. Heavy truck | L9: 10. Truck Trailer | M9: 11. Motor cycles | N9: 12. Tractors | O9: Total Excl M/Cycles | P9: Total All | R9: Time | S9: 1. Car | T9: 2. Station Wagon | U9: 3. Pickups | V9: 4. Minibus, matatu | W9: 5. Medium bus | X9: 6. Large Bus | Y9: 7. Light Truck | Z9: 8. Medium Truck | AA9: 9. Heavy truck | AB9: 10. Truck Trailer | AC9: 11. Motorcycles | AD9: 12. Tractors, Graders | AE9: Total Excl M/ Cycles | AF9: Total All
B10: 07.00 - 07.15 | C10: 30 | D10: 4 | E10: 1 | F10: 35 | G10: 1 | H10: 0 | I10: 3 | J10: 1 | K10: 0 | L10: 0 | M10: 80 | N10: 0 | O10: =SUM(C10:L10,N10) -> 75 | P10: =SUM(C10:N10) -> 155 | R10: 0700-0800 | S10: =SUM(C10:C13) -> 129 | T10: =SUM(D10:D13) -> 17 | U10: =SUM(E10:E13) -> 16 | V10: =SUM(F10:F13) -> 156 | W10: =SUM(G10:G13) -> 4 | X10: =SUM(H10:H13) -> 1 | Y10: =SUM(I10:I13) -> 23 | Z10: =SUM(J10:J13) -> 7 | ... AF10: =SUM(P10:P13) -> 815
B11: 07.15 - 07.30 | C11: 30 | D11: 5 | E11: 2 | F11: 33 | G11: 1 | H11: 0 | I11: 3 | J11: 2 | K11: 2 | L11: 3 | M11: 105 | N11: 0 | O11: =SUM(C11:L11,N11) -> 81 | P11: =SUM(C11:N11) -> 186 | R11: 0800-0900 | S11: =SUM(C14:C17) -> 62 | T11: =SUM(D14:D17) -> 38 | U11: =SUM(E14:E17) -> 22 | V11: =SUM(F14:F17) -> 111 | W11: =SUM(G14:G17) -> 47 | X11: =SUM(H14:H17) -> 1 | Y11: =SUM(I14:I17) -> 39 | Z11: =SUM(J14:J17) -> 20 | ... AF11: =SUM(P14:P17) -> 761
B12: 07.30 - 07.45 | C12: 39 | D12: 5 | E12: 9 | F12: 46 | G12: 1 | H12: 0 | I12: 9 | J12: 2 | K12: 5 | L12: 5 | M12: 130 | N12: 0 | O12: =SUM(C12:L12,N12) -> 121 | P12: =SUM(C12:N12) -> 251 | R12: 0900-1000 | S12: =SUM(C18:C21) -> 57 | T12: =SUM(D18:D21) -> 45 | U12: =SUM(E18:E21) -> 16 | V12: =SUM(F18:F21) -> 106 | W12: =SUM(G18:G21) -> 30 | X12: =SUM(H18:H21) -> 0 | Y12: =SUM(I18:I21) -> 53 | Z12: =SUM(J18:J21) -> 17 | ... AF12: =SUM(P18:P21) -> 611
B13: 07.45 - 08.00 | C13: 30 | D13: 3 | E13: 4 | F13: 42 | G13: 1 | H13: 1 | I13: 8 | J13: 2 | K13: 2 | L13: 2 | M13: 128 | N13: 0 | O13: =SUM(C13:L13,N13) -> 95 | P13: =SUM(C13:N13) -> 223 | R13: 1000-1100 | S13: =SUM(C22:C25) -> 96 | T13: =SUM(D22:D25) -> 15 | U13: =SUM(E22:E25) -> 18 | V13: =SUM(F22:F25) -> 123 | W13: =SUM(G22:G25) -> 1 | X13: =SUM(H22:H25) -> 0 | Y13: =SUM(I22:I25) -> 37 | Z13: =SUM(J22:J25) -> 23 | ... AF13: =SUM(P22:P25) -> 566
B14: 08.00 - 08.15 | C14: 20 | D14: 2 | E14: 4 | F14: 30 | G14: 1 | H14: 0 | I14: 5 | J14: 2 | K14: 0 | L14: 2 | M14: 119 | N14: 0 | O14: =SUM(C14:L14,N14) -> 66 | P14: =SUM(C14:N14) -> 185 | R14: 1100-1200 | S14: =SUM(C26:C29) -> 92 | T14: =SUM(D26:D29) -> 27 | U14: =SUM(E26:E29) -> 34 | V14: =SUM(F26:F29) -> 119 | W14: =SUM(G26:G29) -> 1 | X14: =SUM(H26:H29) -> 2 | Y14: =SUM(I26:I29) -> 40 | Z14: =SUM(J26:J29) -> 24 | ... AF14: =SUM(P26:P29) -> 561
B15: 08.15 - 08.30 | C15: 17 | D15: 6 | E15: 2 | F15: 38 | G15: 0 | H15: 0 | I15: 6 | J15: 4 | K15: 3 | L15: 0 | M15: 98 | N15: 0 | O15: =SUM(C15:L15,N15) -> 76 | P15: =SUM(C15:N15) -> 174 | R15: 1200-1300 | S15: =SUM(C30:C33) -> 276 | T15: =SUM(D30:D33) -> 19 | U15: =SUM(E30:E33) -> 18 | V15: =SUM(F30:F33) -> 113 | W15: =SUM(G30:G33) -> 1 | X15: =SUM(H30:H33) -> 3 | Y15: =SUM(I30:I33) -> 42 | Z15: =SUM(J30:J33) -> 28 | ... AF15: =SUM(P30:P33) -> 708
B16: 08.30 - 08.45 | C16: 0 | D16: 25 | E16: 6 | F16: 4 | G16: 46 | H16: 1 | I16: 8 | J16: 6 | K16: 5 | L16: 4 | M16: 77 | N16: 0 | O16: =SUM(C16:L16,N16) -> 105 | P16: =SUM(C16:N16) -> 182 | R16: 1300-1400 | S16: =SUM(C34:C37) -> 93 | T16: =SUM(D34:D37) -> 36 | U16: =SUM(E34:E37) -> 28 | V16: =SUM(F34:F37) -> 119 | W16: =SUM(G34:G37) -> 2 | X16: =SUM(H34:H37) -> 3 | Y16: =SUM(I34:I37) -> 45 | Z16: =SUM(J34:J37) -> 38 | ... AF16: =SUM(P34:P37) -> 585
B17: 08.45 - 9.00 | C17: 25 | D17: 5 | E17: 10 | F17: 39 | G17: 0 | H17: 0 | I17: 20 | J17: 8 | K17: 5 | L17: 2 | M17: 106 | N17: 0 | O17: =SUM(C17:L17,N17) -> 114 | P17: =SUM(C17:N17) -> 220 | R17: 1400-1500 | S17: =SUM(C38:C41) -> 117 | T17: =SUM(D38:D41) -> 29 | U17: =SUM(E38:E41) -> 32 | V17: =SUM(F38:F41) -> 138 | W17: =SUM(G38:G41) -> 1 | X17: =SUM(H38:H41) -> 4 | Y17: =SUM(I38:I41) -> 53 | Z17: =SUM(J38:J41) -> 38 | ... AF17: =SUM(P38:P41) -> 572
B18: 09.00 - 09.15 | C18: 18 | D18: 3 | E18: 2 | F18: 35 | G18: 0 | H18: 0 | I18: 11 | J18: 5 | K18: 2 | L18: 3 | M18: 65 | N18: 0 | O18: =SUM(C18:L18,N18) -> 79 | P18: =SUM(C18:N18) -> 144 | R18: 1500-1600 | S18: =SUM(C42:C45) -> 119 | T18: =SUM(D42:D45) -> 24 | U18: =SUM(E42:E45) -> 21 | V18: =SUM(F42:F45) -> 132 | W18: =SUM(G42:G45) -> 3 | X18: =SUM(H42:H45) -> 2 | Y18: =SUM(I42:I45) -> 43 | Z18: =SUM(J42:J45) -> 29 | ... AF18: =SUM(P42:P45) -> 538
B19: 09.15 - 09.30 | C19: 24 | D19: 6 | E19: 2 | F19: 34 | G19: 0 | H19: 0 | I19: 10 | J19: 5 | K19: 1 | L19: 0 | M19: 45 | N19: 0 | O19: =SUM(C19:L19,N19) -> 82 | P19: =SUM(C19:N19) -> 127 | R19: 1600-1700 | S19: =SUM(C46:C49) -> 146 | T19: =SUM(D46:D49) -> 63 | U19: =SUM(E46:E49) -> 27 | V19: =SUM(F46:F49) -> 147 | W19: =SUM(G46:G49) -> 3 | X19: =SUM(H46:H49) -> 8 | Y19: =SUM(I46:I49) -> 83 | Z19: =SUM(J46:J49) -> 7 | ... AF19: =SUM(P46:P49) -> 742
B20: 09.30 - 09.45 | C20: 15 | D20: 5 | E20: 7 | F20: 30 | G20: 0 | H20: 0 | I20: 17 | J20: 3 | K20: 0 | L20: 1 | M20: 78 | N20: 0 | O20: =SUM(C20:L20,N20) -> 78 | P20: =SUM(C20:N20) -> 156 | R20: 1700-1800 | S20: =SUM(C50:C53) -> 181 | T20: =SUM(D50:D53) -> 47 | U20: =SUM(E50:E53) -> 40 | V20: =SUM(F50:F53) -> 174 | W20: =SUM(G50:G53) -> 9 | X20: =SUM(H50:H53) -> 1 | Y20: =SUM(I50:I53) -> 50 | Z20: =SUM(J50:J53) -> 37 | ... AF20: =SUM(P50:P53) -> 867
B21: 09.45 - 10.00 | C21: 0 | D21: 31 | E21: 5 | F21: 7 | G21: 30 | H21: 0 | I21: 15 | J21: 4 | K21: 2 | L21: 2 | M21: 88 | N21: 0 | O21: =SUM(C21:L21,N21) -> 96 | P21: =SUM(C21:N21) -> 184 | R21: 1800-1900 | S21: =SUM(C54:C57) -> 189 | T21: =SUM(D54:D57) -> 46 | U21: =SUM(E54:E57) -> 40 | V21: =SUM(F54:F57) -> 164 | W21: =SUM(G54:G57) -> 2 | X21: =SUM(H54:H57) -> 2 | Y21: =SUM(I54:I57) -> 37 | Z21: =SUM(J54:J57) -> 43 | ... AF21: =SUM(P54:P57) -> 813
B22: 10.00 - 10.15 | C22: 26 | D22: 3 | E22: 3 | F22: 36 | G22: 0 | H22: 0 | I22: 14 | J22: 8 | K22: 1 | L22: 2 | M22: 62 | N22: 0 | O22: =SUM(C22:L22,N22) -> 93 | P22: =SUM(C22:N22) -> 155 | R22: 1900-2000 | S22: =SUM(C58:C61) -> 161 | T22: =SUM(D58:D61) -> 56 | U22: =SUM(E58:E61) -> 33 | V22: =SUM(F58:F61) -> 125 | W22: =SUM(G58:G61) -> 4 | X22: =SUM(H58:H61) -> 12 | Y22: =SUM(I58:I61) -> 77 | Z22: =SUM(J58:J61) -> 7 | ... AF22: =SUM(P58:P61) -> 658
B23: 10.15 - 10.30 | C23: 24 | D23: 4 | E23: 3 | F23: 35 | G23: 0 | H23: 0 | I23: 11 | J23: 3 | K23: 1 | L23: 4 | M23: 60 | N23: 0 | O23: =SUM(C23:L23,N23) -> 85 | P23: =SUM(C23:N23) -> 145 | R23: 2000-2100 | S23: =SUM(C62:C65) -> 116 | T23: =SUM(D62:D65) -> 46 | U23: =SUM(E62:E65) -> 46 | V23: =SUM(F62:F65) -> 129 | W23: =SUM(G62:G65) -> 1 | X23: =SUM(H62:H65) -> 4 | Y23: =SUM(I62:I65) -> 98 | Z23: =SUM(J62:J65) -> 1 | ... AF23: =SUM(P62:P65) -> 646
B24: 10.30 - 10.45 | C24: 20 | D24: 6 | E24: 7 | F24: 21 | G24: 1 | H24: 0 | I24: 6 | J24: 8 | K24: 4 | L24: 3 | M24: 67 | N24: 0 | O24: =SUM(C24:L24,N24) -> 76 | P24: =SUM(C24:N24) -> 143 | R24: 2100-2200 | S24: =SUM(C66:C69) -> 72 | T24: =SUM(D66:D69) -> 15 | U24: =SUM(E66:E69) -> 17 | V24: =SUM(F66:F69) -> 122 | W24: =SUM(G66:G69) -> 3 | X24: =SUM(H66:H69) -> 2 | Y24: =SUM(I66:I69) -> 107 | Z24: =SUM(J66:J69) -> 1 | ... AF24: =SUM(P66:P69) -> 450
B25: 10.45 - 11.00 | C25: 26 | D25: 2 | E25: 5 | F25: 31 | G25: 0 | H25: 0 | I25: 6 | J25: 4 | K25: 1 | L25: 3 | M25: 45 | N25: 0 | O25: =SUM(C25:L25,N25) -> 78 | P25: =SUM(C25:N25) -> 123 | R25: 2200-2300 | S25: =SUM(C70:C73) -> 40 | T25: =SUM(D70:D73) -> 14 | U25: =SUM(E70:E73) -> 14 | V25: =SUM(F70:F73) -> 81 | W25: =SUM(G70:G73) -> 0 | X25: =SUM(H70:H73) -> 3 | Y25: =SUM(I70:I73) -> 68 | Z25: =SUM(J70:J73) -> 2 | ... AF25: =SUM(P70:P73) -> 317
B26: 11.00 - 11.15 | C26: 22 | D26: 8 | E26: 9 | F26: 28 | G26: 0 | H26: 0 | I26: 12 | J26: 8 | K26: 1 | L26: 4 | M26: 62 | N26: 0 | O26: =SUM(C26:L26,N26) -> 92 | P26: =SUM(C26:N26) -> 154 | R26: 2300-0000 | S26: =SUM(C74:C77) -> 34 | T26: =SUM(D74:D77) -> 7 | U26: =SUM(E74:E77) -> 8 | V26: =SUM(F74:F77) -> 37 | W26: =SUM(G74:G77) -> 0 | X26: =SUM(H74:H77) -> 0 | Y26: =SUM(I74:I77) -> 59 | Z26: =SUM(J74:J77) -> 1 | ... AF26: =SUM(P74:P77) -> 214
B27: 11.15 - 11.30 | C27: 18 | D27: 5 | E27: 5 | F27: 30 | G27: 0 | H27: 1 | I27: 10 | J27: 3 | K27: 3 | L27: 3 | M27: 50 | N27: 0 | O27: =SUM(C27:L27,N27) -> 78 | P27: =SUM(C27:N27) -> 128 | R27: 0000-0100 | S27: =SUM(C78:C81) -> 20 | T27: =SUM(D78:D81) -> 1 | U27: =SUM(E78:E81) -> 5 | V27: =SUM(F78:F81) -> 20 | W27: =SUM(G78:G81) -> 1 | X27: =SUM(H78:H81) -> 2 | Y27: =SUM(I78:I81) -> 55 | Z27: =SUM(J78:J81) -> 3 | ... AF27: =SUM(P78:P81) -> 147
B28: 11.30 - 11.45 | C28: 31 | D28: 7 | E28: 8 | F28: 36 | G28: 0 | H28: 1 | I28: 11 | J28: 4 | K28: 6 | L28: 3 | M28: 52 | N28: 0 | O28: =SUM(C28:L28,N28) -> 107 | P28: =SUM(C28:N28) -> 159 | R28: 0100-0200 | S28: =SUM(C82:C85) -> 6 | T28: =SUM(D82:D85) -> 2 | U28: =SUM(E82:E85) -> 1 | V28: =SUM(F82:F85) -> 5 | W28: =SUM(G82:G85) -> 0 | X28: =SUM(H82:H85) -> 1 | Y28: =SUM(I82:I85) -> 19 | Z28: =SUM(J82:J85) -> 2 | ... AF28: =SUM(P82:P85) -> 65
B29: 11.45 - 12.00 | C29: 21 | D29: 7 | E29: 12 | F29: 25 | G29: 1 | H29: 0 | I29: 7 | J29: 9 | K29: 1 | L29: 1 | M29: 36 | N29: 0 | O29: =SUM(C29:L29,N29) -> 84 | P29: =SUM(C29:N29) -> 120 | R29: 0200-0300 | S29: =SUM(C86:C89) -> 3 | T29: =SUM(D86:D89) -> 0 | U29: =SUM(E86:E89) -> 2 | V29: =SUM(F86:F89) -> 2 | W29: =SUM(G86:G89) -> 2 | X29: =SUM(H86:H89) -> 5 | Y29: =SUM(I86:I89) -> 9 | Z29: =SUM(J86:J89) -> 13 | ... AF29: =SUM(P86:P89) -> 49
B30: 12.00 - 12.15 | C30: 199 | D30: 5 | E30: 4 | F30: 28 | G30: 1 | H30: 2 | I30: 7 | J30: 5 | K30: 4 | L30: 1 | M30: 37 | N30: 0 | O30: =SUM(C30:L30,N30) -> 256 | P30: =SUM(C30:N30) -> 293 | R30: 0300-0400 | S30: =SUM(C90:C93) -> 6 | T30: =SUM(D90:D93) -> 0 | U30: =SUM(E90:E93) -> 1 | V30: =SUM(F90:F93) -> 2 | W30: =SUM(G90:G93) -> 0 | X30: =SUM(H90:H93) -> 7 | Y30: =SUM(I90:I93) -> 23 | Z30: =SUM(J90:J93) -> 8 | ... AF30: =SUM(P90:P93) -> 68
B31: 12.15 - 12.30 | C31: 23 | D31: 5 | E31: 3 | F31: 33 | G31: 0 | H31: 0 | I31: 10 | J31: 3 | K31: 2 | L31: 1 | M31: 48 | N31: 0 | O31: =SUM(C31:L31,N31) -> 80 | P31: =SUM(C31:N31) -> 128 | R31: 0400-0500 | S31: =SUM(C94:C97) -> 12 | T31: =SUM(D94:D97) -> 5 | U31: =SUM(E94:E97) -> 3 | V31: =SUM(F94:F97) -> 12 | W31: =SUM(G94:G97) -> 1 | X31: =SUM(H94:H97) -> 18 | Y31: =SUM(I94:I97) -> 53 | Z31: =SUM(J94:J97) -> 1 | ... AF31: =SUM(P94:P97) -> 135
B32: 12.30 - 12.45 | C32: 30 | D32: 5 | E32: 7 | F32: 28 | G32: 0 | H32: 0 | I32: 16 | J32: 16 | K32: 5 | L32: 0 | M32: 51 | N32: 0 | O32: =SUM(C32:L32,N32) -> 107 | P32: =SUM(C32:N32) -> 158 | R32: 0500-0600 | S32: =SUM(C98:C101) -> 24 | T32: =SUM(D98:D101) -> 10 | U32: =SUM(E98:E101) -> 3 | V32: =SUM(F98:F101) -> 62 | W32: =SUM(G98:G101) -> 2 | X32: =SUM(H98:H101) -> 6 | Y32: =SUM(I98:I101) -> 44 | Z32: =SUM(J98:J101) -> 2 | ... AF32: =SUM(P98:P101) -> 212
B33: 12.45 - 13.00 | C33: 24 | D33: 4 | E33: 4 | F33: 24 | G33: 0 | H33: 1 | I33: 9 | J33: 4 | K33: 0 | L33: 1 | M33: 58 | N33: 0 | O33: =SUM(C33:L33,N33) -> 71 | P33: =SUM(C33:N33) -> 129 | R33: 0600-0700 | S33: =SUM(C102:C105) -> 116 | T33: =SUM(D102:D105) -> 31 | U33: =SUM(E102:E105) -> 21 | V33: =SUM(F102:F105) -> 126 | W33: =SUM(G102:G105) -> 10 | X33: =SUM(H102:H105) -> 4 | Y33: =SUM(I102:I105) -> 117 | Z33: =SUM(J102:J105) -> 10 | ... AF33: =SUM(P102:P105) -> 930
B34: 13.00 - 13.15 | C34: 27 | D34: 14 | E34: 9 | F34: 37 | G34: 0 | H34: 0 | I34: 18 | J34: 9 | K34: 2 | L34: 3 | M34: 59 | N34: 0 | O34: =SUM(C34:L34,N34) -> 119 | P34: =SUM(C34:N34) -> 178 | R34: AM Peak Hr | S34: =MAX(S10:S12) -> 129 | T34: =MAX(T10:T12) -> 45 | U34: =MAX(U10:U12) -> 22 | V34: =MAX(V10:V12) -> 156 | W34: =MAX(W10:W12) -> 47 | X34: =MAX(X10:X12) -> 1 | Y34: =MAX(Y10:Y12) -> 53 | Z34: =MAX(Z10:Z12) -> 20 | ... AF34: =MAX(AF10:AF12) -> 815
B35: 13.15 - 13.30 | C35: 21 | D35: 6 | E35: 6 | F35: 26 | G35: 1 | H35: 2 | I35: 10 | J35: 11 | K35: 4 | L35: 1 | M35: 54 | N35: 0 | O35: =SUM(C35:L35,N35) -> 88 | P35: =SUM(C35:N35) -> 142 | R35: IP Peak Hr | S35: =MAX(S13:S18) -> 276 | T35: =MAX(T13:T18) -> 36 | U35: =MAX(U13:U18) -> 34 | V35: =MAX(V13:V18) -> 138 | W35: =MAX(W13:W18) -> 3 | X35: =MAX(X13:X18) -> 4 | Y35: =MAX(Y13:Y18) -> 53 | Z35: =MAX(Z13:Z18) -> 38 | ... AF35: =MAX(AF13:AF18) -> 708
B36: 13.30 - 13.45 | C36: 20 | D36: 8 | E36: 7 | F36: 30 | G36: 1 | H36: 1 | I36: 10 | J36: 12 | K36: 4 | L36: 2 | M36: 32 | N36: 0 | O36: =SUM(C36:L36,N36) -> 95 | P36: =SUM(C36:N36) -> 127 | R36: PM Peak Hr | S36: =MAX(S19:S21) -> 189 | T36: =MAX(T19:T21) -> 63 | U36: =MAX(U19:U21) -> 40 | V36: =MAX(V19:V21) -> 174 | W36: =MAX(W19:W21) -> 9 | X36: =MAX(X19:X21) -> 8 | Y36: =MAX(Y19:Y21) -> 83 | Z36: =MAX(Z19:Z21) -> 43 | ... AF36: =MAX(AF19:AF21) -> 867
B37: 13.45 - 14.00 | C37: 25 | D37: 8 | E37: 6 | F37: 26 | G37: 0 | H37: 0 | I37: 7 | J37: 6 | K37: 2 | L37: 1 | M37: 57 | N37: 0 | O37: =SUM(C37:L37,N37) -> 81 | P37: =SUM(C37:N37) -> 138 | R37: AM Period | S37: =SUM(S10:S12) -> 248 | T37: =SUM(T10:T12) -> 100 | U37: =SUM(U10:U12) -> 54 | V37: =SUM(V10:V12) -> 373 | W37: =SUM(W10:W12) -> 81 | X37: =SUM(X10:X12) -> 2 | Y37: =SUM(Y10:Y12) -> 115 | Z37: =SUM(Z10:Z12) -> 44 | ... AF37: =SUM(AF10:AF12) -> 2187
B38: 14.00 - 14.15 | C38: 25 | D38: 7 | E38: 9 | F38: 30 | G38: 0 | H38: 0 | I38: 10 | J38: 14 | K38: 4 | L38: 1 | M38: 37 | N38: 0 | O38: =SUM(C38:L38,N38) -> 100 | P38: =SUM(C38:N38) -> 137 | R38: IP Period | S38: =SUM(S13:S18) -> 793 | T38: =SUM(T13:T18) -> 150 | U38: =SUM(U13:U18) -> 151 | V38: =SUM(V13:V18) -> 744 | W38: =SUM(W13:W18) -> 9 | X38: =SUM(X13:X18) -> 14 | Y38: =SUM(Y13:Y18) -> 260 | Z38: =SUM(Z13:Z18) -> 180 | ... AF38: =SUM(AF13:AF18) -> 3530
B39: 14.15 - 14.30 | C39: 28 | D39: 5 | E39: 7 | F39: 33 | G39: 0 | H39: 0 | I39: 15 | J39: 4 | K39: 2 | L39: 1 | M39: 36 | N39: 0 | O39: =SUM(C39:L39,N39) -> 95 | P39: =SUM(C39:N39) -> 131 | R39: PM Period | S39: =SUM(S19:S21) -> 516 | T39: =SUM(T19:T21) -> 156 | U39: =SUM(U19:U21) -> 107 | V39: =SUM(V19:V21) -> 485 | W39: =SUM(W19:W21) -> 14 | X39: =SUM(X19:X21) -> 11 | Y39: =SUM(Y19:Y21) -> 170 | Z39: =SUM(Z19:Z21) -> 87 | ... AF39: =SUM(AF19:AF21) -> 2422
B40: 14.30 - 14.45 | C40: 34 | D40: 10 | E40: 8 | F40: 37 | G40: 1 | H40: 1 | I40: 11 | J40: 10 | K40: 1 | L40: 5 | M40: 39 | N40: 0 | O40: =SUM(C40:L40,N40) -> 118 | P40: =SUM(C40:N40) -> 157 | R40: 12 Hours | S40: =SUM(S10:S21) -> 1557 | T40: =SUM(T10:T21) -> 406 | U40: =SUM(U10:U21) -> 312 | V40: =SUM(V10:V21) -> 1602 | W40: =SUM(W10:W21) -> 104 | X40: =SUM(X10:X21) -> 27 | Y40: =SUM(Y10:Y21) -> 545 | Z40: =SUM(Z10:Z21) -> 311 | ... AF40: =SUM(AF10:AF21) -> 8139
B41: 14.45 - 15.00 | C41: 30 | D41: 7 | E41: 8 | F41: 38 | G41: 0 | H41: 3 | I41: 17 | J41: 10 | K41: 5 | L41: 0 | M41: 29 | N41: 0 | O41: =SUM(C41:L41,N41) -> 118 | P41: =SUM(C41:N41) -> 147 | R41: 24 Hrs/ADT | S41: =SUM(S10:S33) -> 2167 | T41: =SUM(T10:T33) -> 593 | U41: =SUM(U10:U33) -> 466 | V41: =SUM(V10:V33) -> 2325 | W41: =SUM(W10:W33) -> 128 | X41: =SUM(X10:X33) -> 91 | Y41: =SUM(Y10:Y33) -> 1274 | Z41: =SUM(Z10:Z33) -> 362 | ... AF41: =SUM(AF10:AF33) -> 12030
B42: 15.00 - 15.15 | C42: 28 | D42: 8 | E42: 4 | F42: 39 | G42: 0 | H42: 0 | I42: 13 | J42: 10 | K42: 2 | L42: 2 | M42: 4 | N42: 0 | O42: =SUM(C42:L42,N42) -> 106 | P42: =SUM(C42:N42) -> 110 | R42: NEF | S42: =S41/S40 -> 1.3917791 | T42: =T41/T40 -> 1.4605911 | U42: =U41/U40 -> 1.4935897 | V42: =V41/V40 -> 1.4513109 | W42: =W41/W40 -> 1.2307692 | X42: =X41/X40 -> 3.3703704 | Y42: =Y41/Y40 -> 2.3376147 | Z42: =Z41/Z40 -> 1.1639871 | ... AF42: =AF41/AF40 -> 1.4780686
B43: 15.15 - 15.30 | C43: 23 | D43: 3 | E43: 6 | F43: 34 | G43: 1 | H43: 0 | I43: 15 | J43: 4 | K43: 5 | L43: 0 | M43: 35 | N43: 0 | O43: =SUM(C43:L43,N43) -> 91 | P43: =SUM(C43:N43) -> 126
B44: 15.30 - 15.45 | C44: 42 | D44: 5 | E44: 6 | F44: 30 | G44: 1 | H44: 2 | I44: 10 | J44: 5 | K44: 2 | L44: 5 | M44: 45 | N44: 0 | O44: =SUM(C44:L44,N44) -> 108 | P44: =SUM(C44:N44) -> 153
B45: 15.45 - 16.00 | C45: 26 | D45: 8 | E45: 5 | F45: 29 | G45: 1 | H45: 0 | I45: 5 | J45: 10 | K45: 6 | L45: 7 | M45: 52 | N45: 0 | O45: =SUM(C45:L45,N45) -> 97 | P45: =SUM(C45:N45) -> 149
B46: 16.00 - 16.15 | C46: 30 | D46: 33 | E46: 3 | F46: 50 | G46: 0 | H46: 3 | I46: 16 | J46: 3 | K46: 0 | L46: 5 | M46: 63 | N46: 0 | O46: =SUM(C46:L46,N46) -> 143 | P46: =SUM(C46:N46) -> 206
B47: 16.15 -16.30 | C47: 35 | D47: 7 | E47: 10 | F47: 39 | G47: 0 | H47: 2 | I47: 25 | J47: 1 | K47: 2 | L47: 6 | M47: 70 | N47: 0 | O47: =SUM(C47:L47,N47) -> 127 | P47: =SUM(C47:N47) -> 197
B48: 16.30 -16.45 | C48: 42 | D48: 5 | E48: 4 | F48: 31 | G48: 1 | H48: 2 | I48: 22 | J48: 3 | K48: 0 | L48: 3 | M48: 52 | N48: 0 | O48: =SUM(C48:L48,N48) -> 113 | P48: =SUM(C48:N48) -> 165
B49: 16.45 -17.00 | C49: 39 | D49: 18 | E49: 10 | F49: 27 | G49: 2 | H49: 1 | I49: 20 | J49: 0 | K49: 0 | L49: 2 | M49: 55 | N49: 0 | O49: =SUM(C49:L49,N49) -> 119 | P49: =SUM(C49:N49) -> 174
B50: 17.00 -17.15 | C50: 37 | D50: 10 | E50: 7 | F50: 50 | G50: 3 | H50: 0 | I50: 10 | J50: 4 | K50: 1 | L50: 1 | M50: 65 | N50: 0 | O50: =SUM(C50:L50,N50) -> 123 | P50: =SUM(C50:N50) -> 188
B51: 17.15 -17.30 | C51: 39 | D51: 18 | E51: 15 | F51: 37 | G51: 2 | H51: 1 | I51: 12 | J51: 14 | K51: 2 | L51: 2 | M51: 81 | N51: 0 | O51: =SUM(C51:L51,N51) -> 142 | P51: =SUM(C51:N51) -> 223
B52: 17.30 -17.45 | C52: 53 | D52: 8 | E52: 5 | F52: 38 | G52: 1 | H52: 0 | I52: 16 | J52: 7 | K52: 3 | L52: 1 | M52: 85 | N52: 0 | O52: =SUM(C52:L52,N52) -> 132 | P52: =SUM(C52:N52) -> 217
B53: 17.45 -18.00 | C53: 52 | D53: 11 | E53: 13 | F53: 49 | G53: 3 | H53: 0 | I53: 12 | J53: 12 | K53: 7 | L53: 2 | M53: 78 | N53: 0 | O53: =SUM(C53:L53,N53) -> 161 | P53: =SUM(C53:N53) -> 239
B54: 18.00 - 18.15 | C54: 53 | D54: 17 | E54: 10 | F54: 41 | G54: 2 | H54: 1 | I54: 9 | J54: 16 | K54: 4 | L54: 0 | M54: 88 | N54: 0 | O54: =SUM(C54:L54,N54) -> 153 | P54: =SUM(C54:N54) -> 241
... B105: 06.45 - 07.00 | C105: 33 | D105: 2 | E105: 1 | F105: 33 | G105: 0 | H105: 0 | I105: 55 | J105: 2 | K105: 2 | L105: 3 | M105: 128 | N105: 0 | O105: =SUM(C105:L105,N105) -> 131 | P105: =SUM(C105:N105) -> 259
B106: Totals | C106: =SUM(C10:C105) -> 2167 | D106: =SUM(D10:D105) -> 593 | E106: =SUM(E10:E105) -> 466 | F106: =SUM(F10:F105) -> 2325 | G106: =SUM(G10:G105) -> 128 | H106: =SUM(H10:H105) -> 91 | I106: =SUM(I10:I105) -> 1274 | J106: =SUM(J10:J105) -> 362 | ... P106: =SUM(P10:P105) -> 12030
B107: %ges + MCs | C107: =C106/$P$106 -> 0.180133 | D107: =D106/$P$106 -> 0.049293433 | E107: =E106/$P$106 -> 0.038736492 | F107: =F106/$P$106 -> 0.19326683 | G107: =G106/$P$106 -> 0.010640067 | H107: =H106/$P$106 -> 0.0075644223 | I107: =I106/$P$106 -> 0.10590191 | J107: =J106/$P$106 -> 0.030091438 | ... N107: =N106/$P$106 -> 8.312552e-05
B108: %ges w/o MCs | C108: =C106/$O$106 -> 0.27979342 | D108: =D106/$O$106 -> 0.076565526 | E108: =E106/$O$106 -> 0.06016785 | F108: =F106/$O$106 -> 0.30019367 | G108: =G106/$O$106 -> 0.016526791 | H108: =H106/$O$106 -> 0.011749516 | I108: =I106/$O$106 -> 0.16449322 | J108: =J106/$O$106 -> 0.046739832 | ... L108: =L106/$O$106 -> 0.024531956 | N108: =N106/$O$106 -> 0.00012911556

Sheet 26.09 Matugga-Bombo-24h
B1: Consultancy services for Preparation of Expressway Development Master Plan (EDMP) for Uganda
B2: MANUAL CLASSIFIED COUNT (MCC)
B3: ROAD NAME: | C3: BOMBO ROAD
C5: Date | D5: ='26.09 Bombo-Matugga-24h'!D5 -> 26.9.19 | F5: Location | G5: ='26.09 Bombo-Matugga-24h'!G5:H5 -> MATUGGA GAZ | J5: Surveyor | K5: ='26.09 Bombo-Matugga-24h'!K5:L5 -> OMEJJE
C6: Dir. From | D6: ='23.09 Matugga-Bombo'!D6:E6 -> Matugga | F6: Dir. To | G6: ='24.09 Matugga-Bombo'!G6:H6 -> BOMBO | J6: Supervisor | K6: ='26.09 Bombo-Matugga-24h'!K6:L6 -> NUSURAH
B8: Time / Veh Type | R8: SUMMARY TRAFFIC VOLUMES
C9: 1. Car | D9: 2. Station Wagon | E9: 3. Pickups | F9: 4. Minibus, matatu | G9: 5. Medium bus | H9: 6. Large Bus | I9: 7. Light Truck | J9: 8. Medium Truck | K9: 9. Heavy truck | L9: 10. Truck Trailer | M9: 11. Motor cycles | N9: 12. Tractors | O9: Total Excl M/Cycles | P9: Total All | R9: Time | S9: 1. Car | T9: 2. Station Wagon | U9: 3. Pickups | V9: 4. Minibus, matatu | W9: 5. Medium bus | X9: 6. Large Bus | Y9: 7. Light Truck | Z9: 8. Medium Truck | AA9: 9. Heavy truck | AB9: 10. Truck Trailer | AC9: 11. Motorcycles | AD9: 12. Tractors, Graders | AE9: Total Excl M/ Cycles | AF9: Total All
B10: 07.00 - 07.15 | C10: 30 | D10: 17 | E10: 8 | F10: 37 | G10: 1 | H10: 0 | I10: 9 | J10: 1 | K10: 1 | L10: 1 | M10: 71 | N10: 0 | O10: =SUM(C10:L10,N10) -> 105 | P10: =SUM(C10:N10) -> 176 | R10: 0700-0800 | S10: =SUM(C10:C13) -> 120 | T10: =SUM(D10:D13) -> 51 | U10: =SUM(E10:E13) -> 30 | V10: =SUM(F10:F13) -> 110 | W10: =SUM(G10:G13) -> 3 | X10: =SUM(H10:H13) -> 1 | Y10: =SUM(I10:I13) -> 55 | Z10: =SUM(J10:J13) -> 11 | ... AF10: =SUM(P10:P13) -> 725
B11: 07.15 - 07.30 | C11: 27 | D11: 11 | E11: 4 | F11: 31 | G11: 0 | H11: 0 | I11: 16 | J11: 6 | K11: 5 | L11: 5 | M11: 81 | N11: 0 | O11: =SUM(C11:L11,N11) -> 105 | P11: =SUM(C11:N11) -> 186 | R11: 0800-0900 | S11: =SUM(C14:C17) -> 126 | T11: =SUM(D14:D17) -> 45 | U11: =SUM(E14:E17) -> 28 | V11: =SUM(F14:F17) -> 125 | W11: =SUM(G14:G17) -> 2 | X11: =SUM(H14:H17) -> 2 | Y11: =SUM(I14:I17) -> 64 | Z11: =SUM(J14:J17) -> 20 | ... AF11: =SUM(P14:P17) -> 736
B12: 07.30 - 07.45 | C12: 33 | D12: 9 | E12: 6 | F12: 23 | G12: 0 | H12: 1 | I12: 17 | J12: 0 | K12: 0 | L12: 0 | M12: 90 | N12: 0 | O12: =SUM(C12:L12,N12) -> 89 | P12: =SUM(C12:N12) -> 179 | R12: 0900-1000 | S12: =SUM(C18:C21) -> 111 | T12: =SUM(D18:D21) -> 37 | U12: =SUM(E18:E21) -> 33 | V12: =SUM(F18:F21) -> 107 | W12: =SUM(G18:G21) -> 0 | X12: =SUM(H18:H21) -> 4 | Y12: =SUM(I18:I21) -> 72 | Z12: =SUM(J18:J21) -> 22 | ... AF12: =SUM(P18:P21) -> 650
B13: 07.45 - 08.00 | C13: 30 | D13: 14 | E13: 12 | F13: 19 | G13: 2 | H13: 0 | I13: 13 | J13: 4 | K13: 0 | L13: 3 | M13: 87 | N13: 0 | O13: =SUM(C13:L13,N13) -> 97 | P13: =SUM(C13:N13) -> 184 | R13: 1000-1100 | S13: =SUM(C22:C25) -> 135 | T13: =SUM(D22:D25) -> 61 | U13: =SUM(E22:E25) -> 33 | V13: =SUM(F22:F25) -> 142 | W13: =SUM(G22:G25) -> 3 | X13: =SUM(H22:H25) -> 4 | Y13: =SUM(I22:I25) -> 60 | Z13: =SUM(J22:J25) -> 13 | ... AF13: =SUM(P22:P25) -> 725
B14: 08.00 - 08.15 | C14: 21 | D14: 10 | E14: 4 | F14: 41 | G14: 2 | H14: 0 | I14: 15 | J14: 4 | K14: 1 | L14: 5 | M14: 95 | N14: 0 | O14: =SUM(C14:L14,N14) -> 103 | P14: =SUM(C14:N14) -> 198 | R14: 1100-1200 | S14: =SUM(C26:C29) -> 116 | T14: =SUM(D26:D29) -> 50 | U14: =SUM(E26:E29) -> 18 | V14: =SUM(F26:F29) -> 119 | W14: =SUM(G26:G29) -> 6 | X14: =SUM(H26:H29) -> 6 | Y14: =SUM(I26:I29) -> 70 | Z14: =SUM(J26:J29) -> 24 | ... AF14: =SUM(P26:P29) -> 686
B15: 08.15 - 08.30 | C15: 45 | D15: 9 | E15: 6 | F15: 43 | G15: 0 | H15: 0 | I15: 18 | J15: 5 | K15: 1 | L15: 0 | M15: 80 | N15: 0 | O15: =SUM(C15:L15,N15) -> 127 | P15: =SUM(C15:N15) -> 207 | R15: 1200-1300 | S15: =SUM(C30:C33) -> 124 | T15: =SUM(D30:D33) -> 32 | U15: =SUM(E30:E33) -> 28 | V15: =SUM(F30:F33) -> 146 | W15: =SUM(G30:G33) -> 4 | X15: =SUM(H30:H33) -> 4 | Y15: =SUM(I30:I33) -> 62 | Z15: =SUM(J30:J33) -> 21 | ... AF15: =SUM(P30:P33) -> 720
B16: 08.30 - 08.45 | C16: 26 | D16: 18 | E16: 9 | F16: 22 | G16: 0 | H16: 2 | I16: 11 | J16: 3 | K16: 2 | L16: 0 | M16: 90 | N16: 0 | O16: =SUM(C16:L16,N16) -> 93 | P16: =SUM(C16:N16) -> 183 | R16: 1300-1400 | S16: =SUM(C34:C37) -> 107 | T16: =SUM(D34:D37) -> 54 | U16: =SUM(E34:E37) -> 31 | V16: =SUM(F34:F37) -> 144 | W16: =SUM(G34:G37) -> 7 | X16: =SUM(H34:H37) -> 4 | Y16: =SUM(I34:I37) -> 80 | Z16: =SUM(J34:J37) -> 19 | ... AF16: =SUM(P34:P37) -> 717
B17: 08.45 - 9.00 | C17: 34 | D17: 8 | E17: 9 | F17: 19 | G17: 0 | H17: 0 | I17: 20 | J17: 8 | K17: 0 | L17: 0 | M17: 50 | N17: 0 | O17: =SUM(C17:L17,N17) -> 98 | P17: =SUM(C17:N17) -> 148 | R17: 1400-1500 | S17: =SUM(C38:C41) -> 135 | T17: =SUM(D38:D41) -> 44 | U17: =SUM(E38:E41) -> 28 | V17: =SUM(F38:F41) -> 164 | W17: =SUM(G38:G41) -> 4 | X17: =SUM(H38:H41) -> 8 | Y17: =SUM(I38:I41) -> 78 | Z17: =SUM(J38:J41) -> 23 | ... AF17: =SUM(P38:P41) -> 725
B18: 09.00 - 09.15 | C18: 29 | D18: 7 | E18: 6 | F18: 31 | G18: 0 | H18: 2 | I18: 15 | J18: 2 | K18: 0 | L18: 0 | M18: 65 | N18: 0 | O18: =SUM(C18:L18,N18) -> 92 | P18: =SUM(C18:N18) -> 157 | R18: 1500-1600 | S18: =SUM(C42:C45) -> 95 | T18: =SUM(D42:D45) -> 27 | U18: =SUM(E42:E45) -> 24 | V18: =SUM(F42:F45) -> 136 | W18: =SUM(G42:G45) -> 0 | X18: =SUM(H42:H45) -> 2 | Y18: =SUM(I42:I45) -> 56 | Z18: =SUM(J42:J45) -> 23 | ... AF18: =SUM(P42:P45) -> 626
B19: 09.15 - 09.30 | C19: 25 | D19: 10 | E19: 14 | F19: 20 | G19: 0 | H19: 1 | I19: 20 | J19: 6 | K19: 1 | L19: 4 | M19: 55 | N19: 0 | O19: =SUM(C19:L19,N19) -> 101 | P19: =SUM(C19:N19) -> 156 | R19: 1600-1700 | S19: =SUM(C46:C49) -> 95 | T19: =SUM(D46:D49) -> 28 | U19: =SUM(E46:E49) -> 21 | V19: =SUM(F46:F49) -> 124 | W19: =SUM(G46:G49) -> 1 | X19: =SUM(H46:H49) -> 4 | Y19: =SUM(I46:I49) -> 86 | Z19: =SUM(J46:J49) -> 22 | ... AF19: =SUM(P46:P49) -> 606
B20: 09.30 - 09.45 | C20: 34 | D20: 12 | E20: 8 | F20: 35 | G20: 0 | H20: 1 | I20: 21 | J20: 7 | K20: 4 | L20: 0 | M20: 67 | N20: 0 | O20: =SUM(C20:L20,N20) -> 122 | P20: =SUM(C20:N20) -> 189 | R20: 1700-1800 | S20: =SUM(C50:C53) -> 118 | T20: =SUM(D50:D53) -> 20 | U20: =SUM(E50:E53) -> 26 | V20: =SUM(F50:F53) -> 138 | W20: =SUM(G50:G53) -> 1 | X20: =SUM(H50:H53) -> 1 | Y20: =SUM(I50:I53) -> 62 | Z20: =SUM(J50:J53) -> 17 | ... AF20: =SUM(P50:P53) -> 621
B21: 09.45 - 10.00 | C21: 23 | D21: 8 | E21: 5 | F21: 21 | G21: 0 | H21: 0 | I21: 16 | J21: 7 | K21: 1 | L21: 1 | M21: 65 | N21: 1 | O21: =SUM(C21:L21,N21) -> 83 | P21: =SUM(C21:N21) -> 148 | R21: 1800-1900 | S21: =SUM(C54:C57) -> 109 | T21: =SUM(D54:D57) -> 24 | U21: =SUM(E54:E57) -> 19 | V21: =SUM(F54:F57) -> 190 | W21: =SUM(G54:G57) -> 1 | X21: =SUM(H54:H57) -> 11 | Y21: =SUM(I54:I57) -> 72 | Z21: =SUM(J54:J57) -> 22 | ... AF21: =SUM(P54:P57) -> 650
B22: 10.00 - 10.15 | C22: 36 | D22: 12 | E22: 8 | F22: 27 | G22: 0 | H22: 0 | I22: 20 | J22: 1 | K22: 0 | L22: 1 | M22: 56 | N22: 0 | O22: =SUM(C22:L22,N22) -> 105 | P22: =SUM(C22:N22) -> 161 | R22: 1900-2000 | S22: =SUM(C58:C61) -> 90 | T22: =SUM(D58:D61) -> 24 | U22: =SUM(E58:E61) -> 21 | V22: =SUM(F58:F61) -> 122 | W22: =SUM(G58:G61) -> 4 | X22: =SUM(H58:H61) -> 2 | Y22: =SUM(I58:I61) -> 48 | Z22: =SUM(J58:J61) -> 28 | ... AF22: =SUM(P58:P61) -> 504
B23: 10.15 - 10.30 | C23: 24 | D23: 18 | E23: 10 | F23: 40 | G23: 0 | H23: 0 | I23: 11 | J23: 4 | K23: 1 | L23: 4 | M23: 60 | N23: 0 | O23: =SUM(C23:L23,N23) -> 112 | P23: =SUM(C23:N23) -> 172 | R23: 2000-2100 | S23: =SUM(C62:C65) -> 104 | T23: =SUM(D62:D65) -> 17 | U23: =SUM(E62:E65) -> 17 | V23: =SUM(F62:F65) -> 92 | W23: =SUM(G62:G65) -> 13 | X23: =SUM(H62:H65) -> 1 | Y23: =SUM(I62:I65) -> 36 | Z23: =SUM(J62:J65) -> 29 | ... AF23: =SUM(P62:P65) -> 450
B24: 10.30 - 10.45 | C24: 50 | D24: 22 | E24: 5 | F24: 33 | G24: 0 | H24: 2 | I24: 4 | J24: 2 | K24: 3 | L24: 2 | M24: 65 | N24: 0 | O24: =SUM(C24:L24,N24) -> 123 | P24: =SUM(C24:N24) -> 188 | R24: 2100-2200 | S24: =SUM(C66:C69) -> 81 | T24: =SUM(D66:D69) -> 9 | U24: =SUM(E66:E69) -> 11 | V24: =SUM(F66:F69) -> 74 | W24: =SUM(G66:G69) -> 2 | X24: =SUM(H66:H69) -> 11 | Y24: =SUM(I66:I69) -> 30 | Z24: =SUM(J66:J69) -> 28 | ... AF24: =SUM(P66:P69) -> 365
B25: 10.45 - 11.00 | C25: 25 | D25: 9 | E25: 10 | F25: 42 | G25: 3 | H25: 2 | I25: 25 | J25: 6 | K25: 6 | L25: 1 | M25: 75 | N25: 0 | O25: =SUM(C25:L25,N25) -> 129 | P25: =SUM(C25:N25) -> 204 | R25: 2200-2300 | S25: =SUM(C70:C73) -> 45 | T25: =SUM(D70:D73) -> 10 | U25: =SUM(E70:E73) -> 13 | V25: =SUM(F70:F73) -> 60 | W25: =SUM(G70:G73) -> 13 | X25: =SUM(H70:H73) -> 16 | Y25: =SUM(I70:I73) -> 27 | Z25: =SUM(J70:J73) -> 22 | ... AF25: =SUM(P70:P73) -> 292
B26: 11.00 - 11.15 | C26: 30 | D26: 15 | E26: 4 | F26: 27 | G26: 3 | H26: 2 | I26: 16 | J26: 5 | K26: 5 | L26: 3 | M26: 50 | N26: 0 | O26: =SUM(C26:L26,N26) -> 110 | P26: =SUM(C26:N26) -> 160 | R26: 2300-0000 | S26: =SUM(C74:C77) -> 36 | T26: =SUM(D74:D77) -> 5 | U26: =SUM(E74:E77) -> 8 | V26: =SUM(F74:F77) -> 21 | W26: =SUM(G74:G77) -> 5 | X26: =SUM(H74:H77) -> 6 | Y26: =SUM(I74:I77) -> 25 | Z26: =SUM(J74:J77) -> 13 | ... AF26: =SUM(P74:P77) -> 204
B27: 11.15 - 11.30 | C27: 35 | D27: 16 | E27: 3 | F27: 38 | G27: 2 | H27: 0 | I27: 14 | J27: 6 | K27: 5 | L27: 3 | M27: 60 | N27: 0 | O27: =SUM(C27:L27,N27) -> 122 | P27: =SUM(C27:N27) -> 182 | R27: 0000-0100 | S27: =SUM(C78:C81) -> 16 | T27: =SUM(D78:D81) -> 4 | U27: =SUM(E78:E81) -> 2 | V27: =SUM(F78:F81) -> 17 | W27: =SUM(G78:G81) -> 1 | X27: =SUM(H78:H81) -> 6 | Y27: =SUM(I78:I81) -> 21 | Z27: =SUM(J78:J81) -> 17 | ... AF27: =SUM(P78:P81) -> 139
B28: 11.30 - 11.45 | C28: 23 | D28: 11 | E28: 6 | F28: 30 | G28: 0 | H28: 2 | I28: 19 | J28: 7 | K28: 6 | L28: 0 | M28: 71 | N28: 0 | O28: =SUM(C28:L28,N28) -> 104 | P28: =SUM(C28:N28) -> 175 | R28: 0100-0200 | S28: =SUM(C82:C85) -> 13 | T28: =SUM(D82:D85) -> 5 | U28: =SUM(E82:E85) -> 1 | V28: =SUM(F82:F85) -> 7 | W28: =SUM(G82:G85) -> 0 | X28: =SUM(H82:H85) -> 1 | Y28: =SUM(I82:I85) -> 12 | Z28: =SUM(J82:J85) -> 10 | ... AF28: =SUM(P82:P85) -> 71
B29: 11.45 - 12.00 | C29: 28 | D29: 8 | E29: 5 | F29: 24 | G29: 1 | H29: 2 | I29: 21 | J29: 6 | K29: 4 | L29: 0 | M29: 70 | N29: 0 | O29: =SUM(C29:L29,N29) -> 99 | P29: =SUM(C29:N29) -> 169 | R29: 0200-0300 | S29: =SUM(C86:C89) -> 1 | T29: =SUM(D86:D89) -> 0 | U29: =SUM(E86:E89) -> 2 | V29: =SUM(F86:F89) -> 0 | W29: =SUM(G86:G89) -> 1 | X29: =SUM(H86:H89) -> 0 | Y29: =SUM(I86:I89) -> 18 | Z29: =SUM(J86:J89) -> 3 | ... AF29: =SUM(P86:P89) -> 40
B30: 12.00 - 12.15 | C30: 20 | D30: 6 | E30: 4 | F30: 34 | G30: 2 | H30: 1 | I30: 18 | J30: 6 | K30: 2 | L30: 4 | M30: 75 | N30: 0 | O30: =SUM(C30:L30,N30) -> 97 | P30: =SUM(C30:N30) -> 172 | R30: 0300-0400 | S30: =SUM(C90:C93) -> 3 | T30: =SUM(D90:D93) -> 0 | U30: =SUM(E90:E93) -> 1 | V30: =SUM(F90:F93) -> 2 | W30: =SUM(G90:G93) -> 0 | X30: =SUM(H90:H93) -> 0 | Y30: =SUM(I90:I93) -> 15 | Z30: =SUM(J90:J93) -> 10 | ... AF30: =SUM(P90:P93) -> 42
B31: 12.15 - 12.30 | C31: 35 | D31: 6 | E31: 11 | F31: 33 | G31: 1 | H31: 1 | I31: 14 | J31: 3 | K31: 3 | L31: 3 | M31: 77 | N31: 0 | O31: =SUM(C31:L31,N31) -> 110 | P31: =SUM(C31:N31) -> 187 | R31: 0400-0500 | S31: =SUM(C94:C97) -> 9 | T31: =SUM(D94:D97) -> 1 | U31: =SUM(E94:E97) -> 2 | V31: =SUM(F94:F97) -> 27 | W31: =SUM(G94:G97) -> 0 | X31: =SUM(H94:H97) -> 0 | Y31: =SUM(I94:I97) -> 23 | Z31: =SUM(J94:J97) -> 12 | ... AF31: =SUM(P94:P97) -> 120
B32: 12.30 - 12.45 | C32: 31 | D32: 8 | E32: 6 | F32: 43 | G32: 0 | H32: 2 | I32: 14 | J32: 9 | K32: 2 | L32: 4 | M32: 50 | N32: 0 | O32: =SUM(C32:L32,N32) -> 119 | P32: =SUM(C32:N32) -> 169 | R32: 0500-0600 | S32: =SUM(C98:C101) -> 25 | T32: =SUM(D98:D101) -> 12 | U32: =SUM(E98:E101) -> 7 | V32: =SUM(F98:F101) -> 62 | W32: =SUM(G98:G101) -> 2 | X32: =SUM(H98:H101) -> 0 | Y32: =SUM(I98:I101) -> 35 | Z32: =SUM(J98:J101) -> 16 | ... AF32: =SUM(P98:P101) -> 218
B33: 12.45 - 13.00 | C33: 38 | D33: 12 | E33: 7 | F33: 36 | G33: 1 | H33: 0 | I33: 16 | J33: 3 | K33: 2 | L33: 2 | M33: 75 | N33: 0 | O33: =SUM(C33:L33,N33) -> 117 | P33: =SUM(C33:N33) -> 192 | R33: 0600-0700 | S33: =SUM(C102:C105) -> 66 | T33: =SUM(D102:D105) -> 14 | U33: =SUM(E102:E105) -> 20 | V33: =SUM(F102:F105) -> 77 | W33: =SUM(G102:G105) -> 8 | X33: =SUM(H102:H105) -> 0 | Y33: =SUM(I102:I105) -> 39 | Z33: =SUM(J102:J105) -> 17 | ... AF33: =SUM(P102:P105) -> 374
B34: 13.00 - 13.15 | C34: 23 | D34: 9 | E34: 6 | F34: 23 | G34: 2 | H34: 1 | I34: 15 | J34: 3 | K34: 3 | L34: 2 | M34: 80 | N34: 0 | O34: =SUM(C34:L34,N34) -> 87 | P34: =SUM(C34:N34) -> 167 | R34: AM Peak Hr | S34: =MAX(S10:S12) -> 126 | T34: =MAX(T10:T12) -> 51 | U34: =MAX(U10:U12) -> 33 | V34: =MAX(V10:V12) -> 125 | W34: =MAX(W10:W12) -> 3 | X34: =MAX(X10:X12) -> 4 | Y34: =MAX(Y10:Y12) -> 72 | Z34: =MAX(Z10:Z12) -> 22 | ... AF34: =MAX(AF10:AF12) -> 736
B35: 13.15 - 13.30 | C35: 30 | D35: 13 | E35: 7 | F35: 36 | G35: 2 | H35: 1 | I35: 24 | J35: 3 | K35: 5 | L35: 4 | M35: 65 | N35: 0 | O35: =SUM(C35:L35,N35) -> 125 | P35: =SUM(C35:N35) -> 190 | R35: IP Peak Hr | S35: =MAX(S13:S18) -> 135 | T35: =MAX(T13:T18) -> 61 | U35: =MAX(U13:U18) -> 33 | V35: =MAX(V13:V18) -> 164 | W35: =MAX(W13:W18) -> 7 | X35: =MAX(X13:X18) -> 8 | Y35: =MAX(Y13:Y18) -> 80 | Z35: =MAX(Z13:Z18) -> 24 | ... AF35: =MAX(AF13:AF18) -> 725
B36: 13.30 - 13.45 | C36: 33 | D36: 20 | E36: 9 | F36: 56 | G36: 3 | H36: 0 | I36: 28 | J36: 8 | K36: 9 | L36: 2 | M36: 55 | N36: 0 | O36: =SUM(C36:L36,N36) -> 168 | P36: =SUM(C36:N36) -> 223 | R36: PM Peak Hr | S36: =MAX(S19:S21) -> 118 | T36: =MAX(T19:T21) -> 28 | U36: =MAX(U19:U21) -> 26 | V36: =MAX(V19:V21) -> 190 | W36: =MAX(W19:W21) -> 1 | X36: =MAX(X19:X21) -> 11 | Y36: =MAX(Y19:Y21) -> 86 | Z36: =MAX(Z19:Z21) -> 22 | ... AF36: =MAX(AF19:AF21) -> 650
B37: 13.45 - 14.00 | C37: 21 | D37: 12 | E37: 9 | F37: 29 | G37: 0 | H37: 2 | I37: 13 | J37: 5 | K37: 1 | L37: 0 | M37: 45 | N37: 0 | O37: =SUM(C37:L37,N37) -> 92 | P37: =SUM(C37:N37) -> 137 | R37: AM Period | S37: =SUM(S10:S12) -> 357 | T37: =SUM(T10:T12) -> 133 | U37: =SUM(U10:U12) -> 91 | V37: =SUM(V10:V12) -> 342 | W37: =SUM(W10:W12) -> 5 | X37: =SUM(X10:X12) -> 7 | Y37: =SUM(Y10:Y12) -> 191 | Z37: =SUM(Z10:Z12) -> 53 | ... AF37: =SUM(AF10:AF12) -> 2111
B38: 14.00 - 14.15 | C38: 43 | D38: 14 | E38: 8 | F38: 38 | G38: 1 | H38: 6 | I38: 21 | J38: 7 | K38: 2 | L38: 2 | M38: 50 | N38: 0 | O38: =SUM(C38:L38,N38) -> 142 | P38: =SUM(C38:N38) -> 192 | R38: IP Period | S38: =SUM(S13:S18) -> 712 | T38: =SUM(T13:T18) -> 268 | U38: =SUM(U13:U18) -> 162 | V38: =SUM(V13:V18) -> 851 | W38: =SUM(W13:W18) -> 24 | X38: =SUM(X13:X18) -> 28 | Y38: =SUM(Y13:Y18) -> 406 | Z38: =SUM(Z13:Z18) -> 123 | ... AF38: =SUM(AF13:AF18) -> 4199
B39: 14.15 - 14.30 | C39: 36 | D39: 13 | E39: 5 | F39: 42 | G39: 1 | H39: 0 | I39: 11 | J39: 6 | K39: 1 | L39: 3 | M39: 60 | N39: 0 | O39: =SUM(C39:L39,N39) -> 118 | P39: =SUM(C39:N39) -> 178 | R39: PM Period | S39: =SUM(S19:S21) -> 322 | T39: =SUM(T19:T21) -> 72 | U39: =SUM(U19:U21) -> 66 | V39: =SUM(V19:V21) -> 452 | W39: =SUM(W19:W21) -> 3 | X39: =SUM(X19:X21) -> 16 | Y39: =SUM(Y19:Y21) -> 220 | Z39: =SUM(Z19:Z21) -> 61 | ... AF39: =SUM(AF19:AF21) -> 1877
B40: 14.30 - 14.45 | C40: 27 | D40: 10 | E40: 9 | F40: 48 | G40: 0 | H40: 2 | I40: 30 | J40: 7 | K40: 1 | L40: 1 | M40: 70 | N40: 0 | O40: =SUM(C40:L40,N40) -> 135 | P40: =SUM(C40:N40) -> 205 | R40: 12 Hours | S40: =SUM(S10:S21) -> 1391 | T40: =SUM(T10:T21) -> 473 | U40: =SUM(U10:U21) -> 319 | V40: =SUM(V10:V21) -> 1645 | W40: =SUM(W10:W21) -> 32 | X40: =SUM(X10:X21) -> 51 | Y40: =SUM(Y10:Y21) -> 817 | Z40: =SUM(Z10:Z21) -> 237 | ... AF40: =SUM(AF10:AF21) -> 8187
B41: 14.45 - 15.00 | C41: 29 | D41: 7 | E41: 6 | F41: 36 | G41: 2 | H41: 0 | I41: 16 | J41: 3 | K41: 0 | L41: 1 | M41: 50 | N41: 0 | O41: =SUM(C41:L41,N41) -> 100 | P41: =SUM(C41:N41) -> 150 | R41: 24 Hrs/ADT | S41: =SUM(S10:S33) -> 1880 | T41: =SUM(T10:T33) -> 574 | U41: =SUM(U10:U33) -> 424 | V41: =SUM(V10:V33) -> 2206 | W41: =SUM(W10:W33) -> 81 | X41: =SUM(X10:X33) -> 94 | Y41: =SUM(Y10:Y33) -> 1146 | Z41: =SUM(Z10:Z33) -> 442 | ... AF41: =SUM(AF10:AF33) -> 11006
B42: 15.00 - 15.15 | C42: 30 | D42: 9 | E42: 5 | F42: 39 | G42: 0 | H42: 1 | I42: 12 | J42: 5 | K42: 1 | L42: 2 | M42: 80 | N42: 0 | O42: =SUM(C42:L42,N42) -> 104 | P42: =SUM(C42:N42) -> 184 | R42: NEF | S42: =S41/S40 -> 1.3515457 | T42: =T41/T40 -> 1.2135307 | U42: =U41/U40 -> 1.3291536 | V42: =V41/V40 -> 1.3410334 | W42: =W41/W40 -> 2.53125 | X42: =X41/X40 -> 1.8431373 | Y42: =Y41/Y40 -> 1.4026928 | Z42: =Z41/Z40 -> 1.8649789 | ... AF42: =AF41/AF40 -> 1.3443264
B43: 15.15 - 15.30 | C43: 21 | D43: 3 | E43: 5 | F43: 26 | G43: 0 | H43: 0 | I43: 11 | J43: 8 | K43: 1 | L43: 1 | M43: 50 | N43: 0 | O43: =SUM(C43:L43,N43) -> 76 | P43: =SUM(C43:N43) -> 126
B44: 15.30 - 15.45 | C44: 21 | D44: 7 | E44: 4 | F44: 40 | G44: 0 | H44: 1 | I44: 14 | J44: 2 | K44: 1 | L44: 2 | M44: 65 | N44: 0 | O44: =SUM(C44:L44,N44) -> 92 | P44: =SUM(C44:N44) -> 157
B45: 15.45 - 16.00 | C45: 23 | D45: 8 | E45: 10 | F45: 31 | G45: 0 | H45: 0 | I45: 19 | J45: 8 | K45: 4 | L45: 1 | M45: 55 | N45: 0 | O45: =SUM(C45:L45,N45) -> 104 | P45: =SUM(C45:N45) -> 159
B46: 16.00 - 16.15 | C46: 18 | D46: 10 | E46: 3 | F46: 31 | G46: 0 | H46: 3 | I46: 20 | J46: 2 | K46: 1 | L46: 3 | M46: 45 | N46: 0 | O46: =SUM(C46:L46,N46) -> 91 | P46: =SUM(C46:N46) -> 136
B47: 16.15 -16.30 | C47: 24 | D47: 4 | E47: 3 | F47: 19 | G47: 0 | H47: 0 | I47: 29 | J47: 5 | K47: 2 | L47: 5 | M47: 50 | N47: 0 | O47: =SUM(C47:L47,N47) -> 91 | P47: =SUM(C47:N47) -> 141
B48: 16.30 -16.45 | C48: 28 | D48: 7 | E48: 7 | F48: 38 | G48: 1 | H48: 1 | I48: 12 | J48: 8 | K48: 1 | L48: 2 | M48: 49 | N48: 0 | O48: =SUM(C48:L48,N48) -> 105 | P48: =SUM(C48:N48) -> 154
B49: 16.45 -17.00 | C49: 25 | D49: 7 | E49: 8 | F49: 36 | G49: 0 | H49: 0 | I49: 25 | J49: 7 | K49: 1 | L49: 6 | M49: 60 | N49: 0 | O49: =SUM(C49:L49,N49) -> 115 | P49: =SUM(C49:N49) -> 175
B50: 17.00 -17.15 | C50: 33 | D50: 10 | E50: 14 | F50: 26 | G50: 1 | H50: 1 | I50: 17 | J50: 3 | K50: 4 | L50: 2 | M50: 60 | N50: 0 | O50: =SUM(C50:L50,N50) -> 111 | P50: =SUM(C50:N50) -> 171
B51: 17.15 -17.30 | C51: 35 | D51: 5 | E51: 3 | F51: 60 | G51: 0 | H51: 0 | I51: 19 | J51: 8 | K51: 2 | L51: 3 | M51: 60 | N51: 0 | O51: =SUM(C51:L51,N51) -> 135 | P51: =SUM(C51:N51) -> 195
B52: 17.30 -17.45 | C52: 30 | D52: 4 | E52: 6 | F52: 30 | G52: 0 | H52: 0 | I52: 15 | J52: 3 | K52: 3 | L52: 0 | M52: 50 | N52: 0 | O52: =SUM(C52:L52,N52) -> 91 | P52: =SUM(C52:N52) -> 141
B53: 17.45 -18.00 | C53: 20 | D53: 1 | E53: 3 | F53: 22 | G53: 0 | H53: 0 | I53: 11 | J53: 3 | K53: 1 | L53: 2 | M53: 51 | N53: 0 | O53: =SUM(C53:L53,N53) -> 63 | P53: =SUM(C53:N53) -> 114
B54: 18.00 - 18.15 | C54: 35 | D54: 4 | E54: 1 | F54: 25 | G54: 1 | H54: 1 | I54: 9 | J54: 8 | K54: 5 | L54: 0 | M54: 40 | N54: 0 | O54: =SUM(C54:L54,N54) -> 89 | P54: =SUM(C54:N54) -> 129
... B105: 06.45 - 07.00 | C105: 22 | D105: 7 | E105: 7 | F105: 13 | G105: 3 | H105: 0 | I105: 4 | J105: 4 | K105: 2 | L105: 0 | M105: 49 | N105: 0 | O105: =SUM(C105:L105,N105) -> 62 | P105: =SUM(C105:N105) -> 111
B106: Totals | C106: =SUM(C10:C105) -> 1880 | D106: =SUM(D10:D105) -> 574 | E106: =SUM(E10:E105) -> 424 | F106: =SUM(F10:F105) -> 2206 | G106: =SUM(G10:G105) -> 81 | H106: =SUM(H10:H105) -> 94 | I106: =SUM(I10:I105) -> 1146 | J106: =SUM(J10:J105) -> 442 | ... P106: =SUM(P10:P105) -> 11006
B107: %ges + MCs | C107: =C106/$P$106 -> 0.17081592 | D107: =D106/$P$106 -> 0.052153371 | E107: =E106/$P$106 -> 0.038524441 | F107: =F106/$P$106 -> 0.20043613 | G107: =G106/$P$106 -> 0.007359622 | H107: =H106/$P$106 -> 0.0085407959 | I107: =I106/$P$106 -> 0.10412502 | J107: =J106/$P$106 -> 0.040159913 | ... N107: =N106/$P$106 -> 9.0859531e-05
B108: %ges w/o MCs | C108: =C106/$O$106 -> 0.26227679 | D108: =D106/$O$106 -> 0.080078125 | E108: =E106/$O$106 -> 0.059151786 | F108: =F106/$O$106 -> 0.3077567 | G108: =G106/$O$106 -> 0.011300223 | H108: =H106/$O$106 -> 0.013113839 | I108: =I106/$O$106 -> 0.15987723 | J108: =J106/$O$106 -> 0.061662946 | ... L108: =L106/$O$106 -> 0.020089286 | N108: =N106/$O$106 -> 0.00013950893

Sheet 27.09 Bombo-Matugga
B1: Consultancy services for Preparation of Expressway Development Master Plan (EDMP) for Uganda
B2: MANUAL CLASSIFIED COUNT (MCC)
B3: ROAD NAME: | C3: BOMBO ROAD
C5: Date | D5: 27.9.19 | F5: Location | G5: ='25.09 Matugga-Bombo'!G5:H5 -> MATUGGA GAZ | J5: Surveyor | K5: ='25.09 Matugga-Bombo'!K5:L5 -> OMEJJE
C6: Dir. From | D6: BOMBO | F6: Dir. To | G6: MATUGGA GAZ | J6: Supervisor | K6: ='25.09 Matugga-Bombo'!K6:L6 -> NUSURAH
B8: Time / Veh Type | R8: SUMMARY TRAFFIC VOLUMES
C9: 1. Car | D9: 2. Station Wagon | E9: 3. Pickups | F9: 4. Minibus, matatu | G9: 5. Medium bus | H9: 6. Large Bus | I9: 7. Light Truck | J9: 8. Medium Truck | K9: 9. Heavy truck | L9: 10. Truck Trailer | M9: 11. Motor cycles | N9: 12. Tractors | O9: Total Excl M/Cycles | P9: Total All | R9: Time | S9: 1. Car | T9: 2. Station Wagon | U9: 3. Pickups | V9: 4. Minibus, matatu | W9: 5. Medium bus | X9: 6. Large Bus | Y9: 7. Light Truck | Z9: 8. Medium Truck | AA9: 9. Heavy truck | AB9: 10. Truck Trailer | AC9: 11. Motorcycles | AD9: 12. Tractors, Graders | AE9: Total Excl M/ Cycles | AF9: Total All
B10: 07.00 - 07.15 | C10: 22 | D10: 3 | E10: 2 | F10: 20 | G10: 1 | H10: 2 | I10: 6 | J10: 0 | K10: 0 | L10: 1 | M10: 55 | N10: 0 | O10: =SUM(C10:L10,N10) -> 57 | P10: =SUM(C10:N10) -> 112 | R10: 0700-0800 | S10: =SUM(C10:C13) -> 116 | T10: =SUM(D10:D13) -> 14 | U10: =SUM(E10:E13) -> 9 | V10: =SUM(F10:F13) -> 128 | W10: =SUM(G10:G13) -> 3 | X10: =SUM(H10:H13) -> 4 | Y10: =SUM(I10:I13) -> 44 | Z10: =SUM(J10:J13) -> 0 | ... AF10: =SUM(P10:P13) -> 580
B11: 07.15 - 07.30 | C11: 38 | D11: 6 | E11: 3 | F11: 42 | G11: 1 | H11: 0 | I11: 8 | J11: 0 | K11: 0 | L11: 1 | M11: 68 | N11: 0 | O11: =SUM(C11:L11,N11) -> 99 | P11: =SUM(C11:N11) -> 167 | R11: 0800-0900 | S11: =SUM(C14:C17) -> 92 | T11: =SUM(D14:D17) -> 16 | U11: =SUM(E14:E17) -> 9 | V11: =SUM(F14:F17) -> 120 | W11: =SUM(G14:G17) -> 3 | X11: =SUM(H14:H17) -> 0 | Y11: =SUM(I14:I17) -> 52 | Z11: =SUM(J14:J17) -> 5 | ... AF11: =SUM(P14:P17) -> 534
B12: 07.30 - 07.45 | C12: 31 | D12: 2 | E12: 2 | F12: 35 | G12: 1 | H12: 0 | I12: 10 | J12: 0 | K12: 0 | L12: 2 | M12: 73 | N12: 0 | O12: =SUM(C12:L12,N12) -> 83 | P12: =SUM(C12:N12) -> 156 | R12: 0900-1000 | S12: =SUM(C18:C21) -> 62 | T12: =SUM(D18:D21) -> 21 | U12: =SUM(E18:E21) -> 8 | V12: =SUM(F18:F21) -> 85 | W12: =SUM(G18:G21) -> 1 | X12: =SUM(H18:H21) -> 3 | Y12: =SUM(I18:I21) -> 75 | Z12: =SUM(J18:J21) -> 21 | ... AF12: =SUM(P18:P21) -> 556
B13: 07.45 - 08.00 | C13: 25 | D13: 3 | E13: 2 | F13: 31 | G13: 0 | H13: 2 | I13: 20 | J13: 0 | K13: 0 | L13: 0 | M13: 62 | N13: 0 | O13: =SUM(C13:L13,N13) -> 83 | P13: =SUM(C13:N13) -> 145 | R13: 1000-1100 | S13: =SUM(C22:C25) -> 79 | T13: =SUM(D22:D25) -> 28 | U13: =SUM(E22:E25) -> 27 | V13: =SUM(F22:F25) -> 104 | W13: =SUM(G22:G25) -> 6 | X13: =SUM(H22:H25) -> 2 | Y13: =SUM(I22:I25) -> 45 | Z13: =SUM(J22:J25) -> 21 | ... AF13: =SUM(P22:P25) -> 539
B14: 08.00 - 08.15 | C14: 25 | D14: 2 | E14: 3 | F14: 30 | G14: 0 | H14: 0 | I14: 6 | J14: 2 | K14: 0 | L14: 0 | M14: 65 | N14: 1 | O14: =SUM(C14:L14,N14) -> 69 | P14: =SUM(C14:N14) -> 134 | R14: 1100-1200 | S14: =SUM(C26:C29) -> 104 | T14: =SUM(D26:D29) -> 25 | U14: =SUM(E26:E29) -> 20 | V14: =SUM(F26:F29) -> 125 | W14: =SUM(G26:G29) -> 1 | X14: =SUM(H26:H29) -> 1 | Y14: =SUM(I26:I29) -> 80 | Z14: =SUM(J26:J29) -> 1 | ... AF14: =SUM(P26:P29) -> 634
B15: 08.15 - 08.30 | C15: 21 | D15: 4 | E15: 3 | F15: 33 | G15: 0 | H15: 0 | I15: 16 | J15: 2 | K15: 1 | L15: 2 | M15: 60 | N15: 0 | O15: =SUM(C15:L15,N15) -> 82 | P15: =SUM(C15:N15) -> 142 | R15: 1200-1300 | S15: =SUM(C30:C33) -> 115 | T15: =SUM(D30:D33) -> 32 | U15: =SUM(E30:E33) -> 32 | V15: =SUM(F30:F33) -> 95 | W15: =SUM(G30:G33) -> 1 | X15: =SUM(H30:H33) -> 4 | Y15: =SUM(I30:I33) -> 37 | Z15: =SUM(J30:J33) -> 1 | ... AF15: =SUM(P30:P33) -> 501
B16: 08.30 - 08.45 | C16: 18 | D16: 3 | E16: 1 | F16: 30 | G16: 1 | H16: 0 | I16: 13 | J16: 1 | K16: 1 | L16: 0 | M16: 50 | N16: 0 | O16: =SUM(C16:L16,N16) -> 68 | P16: =SUM(C16:N16) -> 118 | R16: 1300-1400 | S16: =SUM(C34:C37) -> 92 | T16: =SUM(D34:D37) -> 22 | U16: =SUM(E34:E37) -> 15 | V16: =SUM(F34:F37) -> 78 | W16: =SUM(G34:G37) -> 1 | X16: =SUM(H34:H37) -> 4 | Y16: =SUM(I34:I37) -> 40 | Z16: =SUM(J34:J37) -> 3 | ... AF16: =SUM(P34:P37) -> 403
B17: 08.45 - 9.00 | C17: 28 | D17: 7 | E17: 2 | F17: 27 | G17: 2 | H17: 0 | I17: 17 | J17: 0 | K17: 0 | L17: 2 | M17: 55 | N17: 0 | O17: =SUM(C17:L17,N17) -> 85 | P17: =SUM(C17:N17) -> 140 | R17: 1400-1500 | S17: =SUM(C38:C41) -> 116 | T17: =SUM(D38:D41) -> 33 | U17: =SUM(E38:E41) -> 46 | V17: =SUM(F38:F41) -> 109 | W17: =SUM(G38:G41) -> 0 | X17: =SUM(H38:H41) -> 2 | Y17: =SUM(I38:I41) -> 87 | Z17: =SUM(J38:J41) -> 6 | ... AF17: =SUM(P38:P41) -> 489
B18: 09.00 - 09.15 | C18: 10 | D18: 0 | E18: 1 | F18: 10 | G18: 0 | H18: 2 | I18: 11 | J18: 3 | K18: 0 | L18: 4 | M18: 54 | N18: 0 | O18: =SUM(C18:L18,N18) -> 41 | P18: =SUM(C18:N18) -> 95 | R18: 1500-1600 | S18: =SUM(C42:C45) -> 147 | T18: =SUM(D42:D45) -> 32 | U18: =SUM(E42:E45) -> 33 | V18: =SUM(F42:F45) -> 111 | W18: =SUM(G42:G45) -> 3 | X18: =SUM(H42:H45) -> 3 | Y18: =SUM(I42:I45) -> 71 | Z18: =SUM(J42:J45) -> 4 | ... AF18: =SUM(P42:P45) -> 545
B19: 09.15 - 09.30 | C19: 12 | D19: 12 | E19: 2 | F19: 22 | G19: 1 | H19: 1 | I19: 26 | J19: 1 | K19: 0 | L19: 3 | M19: 72 | N19: 0 | O19: =SUM(C19:L19,N19) -> 80 | P19: =SUM(C19:N19) -> 152 | R19: 1600-1700 | S19: =SUM(C46:C49) -> 96 | T19: =SUM(D46:D49) -> 41 | U19: =SUM(E46:E49) -> 31 | V19: =SUM(F46:F49) -> 122 | W19: =SUM(G46:G49) -> 5 | X19: =SUM(H46:H49) -> 5 | Y19: =SUM(I46:I49) -> 57 | Z19: =SUM(J46:J49) -> 14 | ... AF19: =SUM(P46:P49) -> 598
B20: 09.30 - 09.45 | C20: 22 | D20: 5 | E20: 4 | F20: 33 | G20: 0 | H20: 0 | I20: 20 | J20: 3 | K20: 0 | L20: 1 | M20: 79 | N20: 0 | O20: =SUM(C20:L20,N20) -> 88 | P20: =SUM(C20:N20) -> 167 | R20: 1700-1800 | S20: =SUM(C50:C53) -> 169 | T20: =SUM(D50:D53) -> 60 | U20: =SUM(E50:E53) -> 44 | V20: =SUM(F50:F53) -> 140 | W20: =SUM(G50:G53) -> 2 | X20: =SUM(H50:H53) -> 2 | Y20: =SUM(I50:I53) -> 77 | Z20: =SUM(J50:J53) -> 5 | ... AF20: =SUM(P50:P53) -> 765
B21: 09.45 - 10.00 | C21: 18 | D21: 4 | E21: 1 | F21: 20 | G21: 0 | H21: 0 | I21: 18 | J21: 14 | K21: 1 | L21: 1 | M21: 65 | N21: 0 | O21: =SUM(C21:L21,N21) -> 77 | P21: =SUM(C21:N21) -> 142 | R21: 1800-1900 | S21: =SUM(C54:C57) -> 177 | T21: =SUM(D54:D57) -> 34 | U21: =SUM(E54:E57) -> 43 | V21: =SUM(F54:F57) -> 160 | W21: =SUM(G54:G57) -> 1 | X21: =SUM(H54:H57) -> 4 | Y21: =SUM(I54:I57) -> 108 | Z21: =SUM(J54:J57) -> 1 | ... AF21: =SUM(P54:P57) -> 811
B22: 10.00 - 10.15 | C22: 16 | D22: 3 | E22: 4 | F22: 24 | G22: 1 | H22: 0 | I22: 11 | J22: 3 | K22: 0 | L22: 0 | M22: 58 | N22: 0 | O22: =SUM(C22:L22,N22) -> 62 | P22: =SUM(C22:N22) -> 120 | R22: AM Peak Hr | S22: =MAX(S10:S12) -> 116 | T22: =MAX(T10:T12) -> 21 | U22: =MAX(U10:U12) -> 9 | V22: =MAX(V10:V12) -> 128 | W22: =MAX(W10:W12) -> 3 | X22: =MAX(X10:X12) -> 4 | Y22: =MAX(Y10:Y12) -> 75 | Z22: =MAX(Z10:Z12) -> 21 | ... AF22: =MAX(AF10:AF12) -> 580
B23: 10.15 - 10.30 | C23: 21 | D23: 8 | E23: 9 | F23: 35 | G23: 0 | H23: 0 | I23: 7 | J23: 9 | K23: 3 | L23: 2 | M23: 53 | N23: 0 | O23: =SUM(C23:L23,N23) -> 94 | P23: =SUM(C23:N23) -> 147 | R23: IP Peak Hr | S23: =MAX(S13:S18) -> 147 | T23: =MAX(T13:T18) -> 33 | U23: =MAX(U13:U18) -> 46 | V23: =MAX(V13:V18) -> 125 | W23: =MAX(W13:W18) -> 6 | X23: =MAX(X13:X18) -> 4 | Y23: =MAX(Y13:Y18) -> 87 | Z23: =MAX(Z13:Z18) -> 21 | ... AF23: =MAX(AF13:AF18) -> 634
B24: 10.30 - 10.45 | C24: 25 | D24: 8 | E24: 6 | F24: 30 | G24: 3 | H24: 2 | I24: 9 | J24: 7 | K24: 6 | L24: 2 | M24: 34 | N24: 0 | O24: =SUM(C24:L24,N24) -> 98 | P24: =SUM(C24:N24) -> 132 | R24: PM Peak Hr | S24: =MAX(S19:S21) -> 177 | T24: =MAX(T19:T21) -> 60 | U24: =MAX(U19:U21) -> 44 | V24: =MAX(V19:V21) -> 160 | W24: =MAX(W19:W21) -> 5 | X24: =MAX(X19:X21) -> 5 | Y24: =MAX(Y19:Y21) -> 108 | Z24: =MAX(Z19:Z21) -> 14 | ... AF24: =MAX(AF19:AF21) -> 811
B25: 10.45 - 11.00 | C25: 17 | D25: 9 | E25: 8 | F25: 15 | G25: 2 | H25: 0 | I25: 18 | J25: 2 | K25: 0 | L25: 1 | M25: 68 | N25: 0 | O25: =SUM(C25:L25,N25) -> 72 | P25: =SUM(C25:N25) -> 140 | R25: AM Period | S25: =SUM(S10:S12) -> 270 | T25: =SUM(T10:T12) -> 51 | U25: =SUM(U10:U12) -> 26 | V25: =SUM(V10:V12) -> 333 | W25: =SUM(W10:W12) -> 7 | X25: =SUM(X10:X12) -> 7 | Y25: =SUM(Y10:Y12) -> 171 | Z25: =SUM(Z10:Z12) -> 26 | ... AF25: =SUM(AF10:AF12) -> 1670
B26: 11.00 - 11.15 | C26: 29 | D26: 9 | E26: 5 | F26: 39 | G26: 0 | H26: 0 | I26: 11 | J26: 0 | K26: 1 | L26: 1 | M26: 60 | N26: 0 | O26: =SUM(C26:L26,N26) -> 95 | P26: =SUM(C26:N26) -> 155 | R26: IP Period | S26: =SUM(S13:S18) -> 653 | T26: =SUM(T13:T18) -> 172 | U26: =SUM(U13:U18) -> 173 | V26: =SUM(V13:V18) -> 622 | W26: =SUM(W13:W18) -> 12 | X26: =SUM(X13:X18) -> 16 | Y26: =SUM(Y13:Y18) -> 360 | Z26: =SUM(Z13:Z18) -> 36 | ... AF26: =SUM(AF13:AF18) -> 3111
B27: 11.15 - 11.30 | C27: 30 | D27: 6 | E27: 7 | F27: 27 | G27: 1 | H27: 0 | I27: 29 | J27: 0 | K27: 0 | L27: 1 | M27: 76 | N27: 0 | O27: =SUM(C27:L27,N27) -> 101 | P27: =SUM(C27:N27) -> 177 | R27: PM Period | S27: =SUM(S19:S21) -> 442 | T27: =SUM(T19:T21) -> 135 | U27: =SUM(U19:U21) -> 118 | V27: =SUM(V19:V21) -> 422 | W27: =SUM(W19:W21) -> 8 | X27: =SUM(X19:X21) -> 11 | Y27: =SUM(Y19:Y21) -> 242 | Z27: =SUM(Z19:Z21) -> 20 | ... AF27: =SUM(AF19:AF21) -> 2174
B28: 11.30 - 11.45 | C28: 19 | D28: 4 | E28: 3 | F28: 29 | G28: 0 | H28: 0 | I28: 14 | J28: 1 | K28: 1 | L28: 1 | M28: 70 | N28: 0 | O28: =SUM(C28:L28,N28) -> 72 | P28: =SUM(C28:N28) -> 142 | R28: 12 Hours | S28: =SUM(S10:S21) -> 1365 | T28: =SUM(T10:T21) -> 358 | U28: =SUM(U10:U21) -> 317 | V28: =SUM(V10:V21) -> 1377 | W28: =SUM(W10:W21) -> 27 | X28: =SUM(X10:X21) -> 34 | Y28: =SUM(Y10:Y21) -> 773 | Z28: =SUM(Z10:Z21) -> 82 | ... AF28: =SUM(AF10:AF21) -> 6955
B29: 11.45 - 12.00 | C29: 26 | D29: 6 | E29: 5 | F29: 30 | G29: 0 | H29: 1 | I29: 26 | J29: 0 | K29: 0 | L29: 3 | M29: 63 | N29: 0 | O29: =SUM(C29:L29,N29) -> 97 | P29: =SUM(C29:N29) -> 160
B30: 12.00 - 12.15 | C30: 34 | D30: 6 | E30: 13 | F30: 32 | G30: 1 | H30: 1 | I30: 6 | J30: 0 | K30: 0 | L30: 1 | M30: 45 | N30: 0 | O30: =SUM(C30:L30,N30) -> 94 | P30: =SUM(C30:N30) -> 139
B31: 12.15 - 12.30 | C31: 20 | D31: 7 | E31: 4 | F31: 13 | G31: 0 | H31: 0 | I31: 9 | J31: 0 | K31: 0 | L31: 0 | M31: 45 | N31: 0 | O31: =SUM(C31:L31,N31) -> 53 | P31: =SUM(C31:N31) -> 98
B32: 12.30 - 12.45 | C32: 25 | D32: 4 | E32: 9 | F32: 24 | G32: 0 | H32: 1 | I32: 7 | J32: 1 | K32: 0 | L32: 1 | M32: 40 | N32: 0 | O32: =SUM(C32:L32,N32) -> 72 | P32: =SUM(C32:N32) -> 112
B33: 12.45 - 13.00 | C33: 36 | D33: 15 | E33: 6 | F33: 26 | G33: 0 | H33: 2 | I33: 15 | J33: 0 | K33: 0 | L33: 2 | M33: 50 | N33: 0 | O33: =SUM(C33:L33,N33) -> 102 | P33: =SUM(C33:N33) -> 152
B34: 13.00 - 13.15 | C34: 20 | D34: 9 | E34: 2 | F34: 15 | G34: 1 | H34: 1 | I34: 17 | J34: 1 | K34: 2 | L34: 0 | M34: 30 | N34: 0 | O34: =SUM(C34:L34,N34) -> 68 | P34: =SUM(C34:N34) -> 98
B35: 13.15 - 13.30 | C35: 26 | D35: 3 | E35: 2 | F35: 23 | G35: 0 | H35: 3 | I35: 2 | J35: 0 | K35: 0 | L35: 3 | M35: 23 | N35: 0 | O35: =SUM(C35:L35,N35) -> 62 | P35: =SUM(C35:N35) -> 85
B36: 13.30 - 13.45 | C36: 11 | D36: 6 | E36: 2 | F36: 15 | G36: 0 | H36: 0 | I36: 6 | J36: 2 | K36: 1 | L36: 2 | M36: 46 | N36: 0 | O36: =SUM(C36:L36,N36) -> 45 | P36: =SUM(C36:N36) -> 91
B37: 13.45 - 14.00 | C37: 35 | D37: 4 | E37: 9 | F37: 25 | G37: 0 | H37: 0 | I37: 15 | J37: 0 | K37: 1 | L37: 5 | M37: 35 | N37: 0 | O37: =SUM(C37:L37,N37) -> 94 | P37: =SUM(C37:N37) -> 129
B38: 14.00 - 14.15 | C38: 41 | D38: 12 | E38: 15 | F38: 32 | G38: 0 | H38: 0 | I38: 17 | J38: 2 | K38: 1 | L38: 3 | M38: 21 | N38: 0 | O38: =SUM(C38:L38,N38) -> 123 | P38: =SUM(C38:N38) -> 144
B39: 14.15 - 14.30 | C39: 29 | D39: 7 | E39: 10 | F39: 28 | G39: 0 | H39: 1 | I39: 24 | J39: 1 | K39: 0 | L39: 1 | M39: 14 | N39: 0 | O39: =SUM(C39:L39,N39) -> 101 | P39: =SUM(C39:N39) -> 115
B40: 14.30 - 14.45 | C40: 32 | D40: 9 | E40: 11 | F40: 26 | G40: 0 | H40: 0 | I40: 14 | J40: 1 | K40: 0 | L40: 3 | M40: 20 | N40: 0 | O40: =SUM(C40:L40,N40) -> 96 | P40: =SUM(C40:N40) -> 116
... B57: 18.45 - 19.00 | C57: 50 | D57: 6 | E57: 13 | F57: 49 | G57: 0 | H57: 1 | I57: 33 | J57: 0 | K57: 1 | L57: 1 | M57: 70 | N57: 0 | O57: =SUM(C57:L57,N57) -> 154 | P57: =SUM(C57:N57) -> 224
B58: Totals | C58: =SUM(C10:C57) -> 1365 | D58: =SUM(D10:D57) -> 358 | E58: =SUM(E10:E57) -> 317 | F58: =SUM(F10:F57) -> 1377 | G58: =SUM(G10:G57) -> 27 | H58: =SUM(H10:H57) -> 34 | I58: =SUM(I10:I57) -> 773 | J58: =SUM(J10:J57) -> 82 | ... P58: =SUM(P10:P57) -> 6955
B59: %ges + MCs | C59: =C58/$P$58 -> 0.19626168 | D59: =D58/$P$58 -> 0.05147376 | E59: =E58/$P$58 -> 0.04557872 | F59: =F58/$P$58 -> 0.19798706 | G59: =G58/$P$58 -> 0.0038820992 | H59: =H58/$P$58 -> 0.0048885694 | I59: =I58/$P$58 -> 0.11114306 | J59: =J58/$P$58 -> 0.011790079 | ... N59: =N58/$P$58 -> 0.0002875629
B60: %ges w/o MCs | C60: =C58/$O$58 -> 0.30523256 | D60: =D58/$O$58 -> 0.080053667 | E60: =E58/$O$58 -> 0.07088551 | F60: =F58/$O$58 -> 0.30791592 | G60: =G58/$O$58 -> 0.0060375671 | H60: =H58/$O$58 -> 0.0076028623 | I60: =I58/$O$58 -> 0.17285331 | J60: =J58/$O$58 -> 0.018336315 | ... L60: =L58/$O$58 -> 0.02236136 | N60: =N58/$O$58 -> 0.00044722719

Sheet 27.09 Matugga-Bombo
B1: Consultancy services for Preparation of Expressway Development Master Plan (EDMP) for Uganda
B2: MANUAL CLASSIFIED COUNT (MCC)
B3: ROAD NAME: | C3: ='23.09 Matugga-Bombo'!C3:G3 -> MCC - C2 - STN067- BOMBO ROAD
C5: Date | D5: ='27.09 Bombo-Matugga'!D5 -> 27.9.19 | F5: Location | G5: ='27.09 Bombo-Matugga'!G5:H5 -> MATUGGA GAZ | J5: Surveyor | K5: ='27.09 Bombo-Matugga'!K5:L5 -> OMEJJE
C6: Dir. From | D6: ='23.09 Matugga-Bombo'!D6:E6 -> Matugga | F6: Dir. To | G6: ='23.09 Matugga-Bombo'!G6:H6 -> Bombo | J6: Supervisor | K6: ='27.09 Bombo-Matugga'!K6:L6 -> NUSURAH
B8: Time / Veh Type | R8: SUMMARY TRAFFIC VOLUMES
C9: 1. Car | D9: 2. Station Wagon | E9: 3. Pickups | F9: 4. Minibus, matatu | G9: 5. Medium bus | H9: 6. Large Bus | I9: 7. Light Truck | J9: 8. Medium Truck | K9: 9. Heavy truck | L9: 10. Truck Trailer | M9: 11. Motor cycles | N9: 12. Tractors | O9: Total Excl M/Cycles | P9: Total All | R9: Time | S9: 1. Car | T9: 2. Station Wagon | U9: 3. Pickups | V9: 4. Minibus, matatu | W9: 5. Medium bus | X9: 6. Large Bus | Y9: 7. Light Truck | Z9: 8. Medium Truck | AA9: 9. Heavy truck | AB9: 10. Truck Trailer | AC9: 11. Motorcycles | AD9: 12. Tractors, Graders | AE9: Total Excl M/ Cycles | AF9: Total All
B10: 07.00 - 07.15 | C10: 37 | D10: 7 | E10: 3 | F10: 20 | G10: 0 | H10: 0 | I10: 4 | J10: 3 | K10: 0 | L10: 1 | M10: 36 | N10: 0 | O10: =SUM(C10:L10,N10) -> 75 | P10: =SUM(C10:N10) -> 111 | R10: 0700-0800 | S10: =SUM(C10:C13) -> 120 | T10: =SUM(D10:D13) -> 22 | U10: =SUM(E10:E13) -> 8 | V10: =SUM(F10:F13) -> 123 | W10: =SUM(G10:G13) -> 3 | X10: =SUM(H10:H13) -> 3 | Y10: =SUM(I10:I13) -> 60 | Z10: =SUM(J10:J13) -> 14 | ... AF10: =SUM(P10:P13) -> 613
B11: 07.15 - 07.30 | C11: 31 | D11: 4 | E11: 1 | F11: 46 | G11: 1 | H11: 2 | I11: 18 | J11: 5 | K11: 4 | L11: 1 | M11: 75 | N11: 0 | O11: =SUM(C11:L11,N11) -> 113 | P11: =SUM(C11:N11) -> 188 | R11: 0800-0900 | S11: =SUM(C14:C17) -> 120 | T11: =SUM(D14:D17) -> 22 | U11: =SUM(E14:E17) -> 22 | V11: =SUM(F14:F17) -> 121 | W11: =SUM(G14:G17) -> 6 | X11: =SUM(H14:H17) -> 2 | Y11: =SUM(I14:I17) -> 80 | Z11: =SUM(J14:J17) -> 26 | ... AF11: =SUM(P14:P17) -> 655
B12: 07.30 - 07.45 | C12: 33 | D12: 11 | E12: 0 | F12: 34 | G12: 0 | H12: 1 | I12: 26 | J12: 3 | K12: 0 | L12: 1 | M12: 76 | N12: 0 | O12: =SUM(C12:L12,N12) -> 109 | P12: =SUM(C12:N12) -> 185 | R12: 0900-1000 | S12: =SUM(C18:C21) -> 126 | T12: =SUM(D18:D21) -> 36 | U12: =SUM(E18:E21) -> 22 | V12: =SUM(F18:F21) -> 123 | W12: =SUM(G18:G21) -> 1 | X12: =SUM(H18:H21) -> 7 | Y12: =SUM(I18:I21) -> 65 | Z12: =SUM(J18:J21) -> 18 | ... AF12: =SUM(P18:P21) -> 659
B13: 07.45 - 08.00 | C13: 19 | D13: 0 | E13: 4 | F13: 23 | G13: 2 | H13: 0 | I13: 12 | J13: 3 | K13: 2 | L13: 1 | M13: 63 | N13: 0 | O13: =SUM(C13:L13,N13) -> 66 | P13: =SUM(C13:N13) -> 129 | R13: 1000-1100 | S13: =SUM(C22:C25) -> 150 | T13: =SUM(D22:D25) -> 44 | U13: =SUM(E22:E25) -> 36 | V13: =SUM(F22:F25) -> 156 | W13: =SUM(G22:G25) -> 7 | X13: =SUM(H22:H25) -> 3 | Y13: =SUM(I22:I25) -> 55 | Z13: =SUM(J22:J25) -> 7 | ... AF13: =SUM(P22:P25) -> 732
B14: 08.00 - 08.15 | C14: 25 | D14: 3 | E14: 2 | F14: 15 | G14: 2 | H14: 1 | I14: 21 | J14: 6 | K14: 2 | L14: 0 | M14: 55 | N14: 0 | O14: =SUM(C14:L14,N14) -> 77 | P14: =SUM(C14:N14) -> 132 | R14: 1100-1200 | S14: =SUM(C26:C29) -> 178 | T14: =SUM(D26:D29) -> 42 | U14: =SUM(E26:E29) -> 54 | V14: =SUM(F26:F29) -> 157 | W14: =SUM(G26:G29) -> 2 | X14: =SUM(H26:H29) -> 6 | Y14: =SUM(I26:I29) -> 67 | Z14: =SUM(J26:J29) -> 31 | ... AF14: =SUM(P26:P29) -> 753
B15: 08.15 - 08.30 | C15: 35 | D15: 3 | E15: 7 | F15: 45 | G15: 1 | H15: 0 | I15: 25 | J15: 7 | K15: 0 | L15: 5 | M15: 80 | N15: 0 | O15: =SUM(C15:L15,N15) -> 128 | P15: =SUM(C15:N15) -> 208 | R15: 1200-1300 | S15: =SUM(C30:C33) -> 84 | T15: =SUM(D30:D33) -> 31 | U15: =SUM(E30:E33) -> 27 | V15: =SUM(F30:F33) -> 100 | W15: =SUM(G30:G33) -> 1 | X15: =SUM(H30:H33) -> 3 | Y15: =SUM(I30:I33) -> 84 | Z15: =SUM(J30:J33) -> 35 | ... AF15: =SUM(P30:P33) -> 597
B16: 08.30 - 08.45 | C16: 30 | D16: 3 | E16: 7 | F16: 45 | G16: 1 | H16: 0 | I16: 14 | J16: 6 | K16: 2 | L16: 0 | M16: 65 | N16: 0 | O16: =SUM(C16:L16,N16) -> 108 | P16: =SUM(C16:N16) -> 173 | R16: 1300-1400 | S16: =SUM(C34:C37) -> 82 | T16: =SUM(D34:D37) -> 29 | U16: =SUM(E34:E37) -> 15 | V16: =SUM(F34:F37) -> 89 | W16: =SUM(G34:G37) -> 0 | X16: =SUM(H34:H37) -> 5 | Y16: =SUM(I34:I37) -> 56 | Z16: =SUM(J34:J37) -> 19 | ... AF16: =SUM(P34:P37) -> 393
B17: 08.45 - 9.00 | C17: 30 | D17: 13 | E17: 6 | F17: 16 | G17: 2 | H17: 1 | I17: 20 | J17: 7 | K17: 1 | L17: 1 | M17: 45 | N17: 0 | O17: =SUM(C17:L17,N17) -> 97 | P17: =SUM(C17:N17) -> 142 | R17: 1400-1500 | S17: =SUM(C38:C41) -> 128 | T17: =SUM(D38:D41) -> 38 | U17: =SUM(E38:E41) -> 30 | V17: =SUM(F38:F41) -> 199 | W17: =SUM(G38:G41) -> 1 | X17: =SUM(H38:H41) -> 3 | Y17: =SUM(I38:I41) -> 52 | Z17: =SUM(J38:J41) -> 15 | ... AF17: =SUM(P38:P41) -> 635
B18: 09.00 - 09.15 | C18: 11 | D18: 3 | E18: 0 | F18: 27 | G18: 0 | H18: 4 | I18: 5 | J18: 1 | K18: 0 | L18: 1 | M18: 60 | N18: 0 | O18: =SUM(C18:L18,N18) -> 52 | P18: =SUM(C18:N18) -> 112 | R18: 1500-1600 | S18: =SUM(C42:C45) -> 129 | T18: =SUM(D42:D45) -> 59 | U18: =SUM(E42:E45) -> 38 | V18: =SUM(F42:F45) -> 152 | W18: =SUM(G42:G45) -> 2 | X18: =SUM(H42:H45) -> 6 | Y18: =SUM(I42:I45) -> 57 | Z18: =SUM(J42:J45) -> 22 | ... AF18: =SUM(P42:P45) -> 652
B19: 09.15 - 09.30 | C19: 41 | D19: 11 | E19: 4 | F19: 20 | G19: 1 | H19: 1 | I19: 16 | J19: 6 | K19: 1 | L19: 0 | M19: 76 | N19: 0 | O19: =SUM(C19:L19,N19) -> 101 | P19: =SUM(C19:N19) -> 177 | R19: 1600-1700 | S19: =SUM(C46:C49) -> 128 | T19: =SUM(D46:D49) -> 32 | U19: =SUM(E46:E49) -> 42 | V19: =SUM(F46:F49) -> 137 | W19: =SUM(G46:G49) -> 3 | X19: =SUM(H46:H49) -> 1 | Y19: =SUM(I46:I49) -> 84 | Z19: =SUM(J46:J49) -> 25 | ... AF19: =SUM(P46:P49) -> 669
B20: 09.30 - 09.45 | C20: 46 | D20: 7 | E20: 8 | F20: 48 | G20: 0 | H20: 1 | I20: 24 | J20: 4 | K20: 5 | L20: 1 | M20: 73 | N20: 0 | O20: =SUM(C20:L20,N20) -> 144 | P20: =SUM(C20:N20) -> 217 | R20: 1700-1800 | S20: =SUM(C50:C53) -> 159 | T20: =SUM(D50:D53) -> 45 | U20: =SUM(E50:E53) -> 30 | V20: =SUM(F50:F53) -> 162 | W20: =SUM(G50:G53) -> 3 | X20: =SUM(H50:H53) -> 3 | Y20: =SUM(I50:I53) -> 72 | Z20: =SUM(J50:J53) -> 20 | ... AF20: =SUM(P50:P53) -> 695
B21: 09.45 - 10.00 | C21: 28 | D21: 15 | E21: 10 | F21: 28 | G21: 0 | H21: 1 | I21: 20 | J21: 7 | K21: 2 | L21: 2 | M21: 40 | N21: 0 | O21: =SUM(C21:L21,N21) -> 113 | P21: =SUM(C21:N21) -> 153 | R21: 1800-1900 | S21: =SUM(C54:C57) -> 122 | T21: =SUM(D54:D57) -> 22 | U21: =SUM(E54:E57) -> 19 | V21: =SUM(F54:F57) -> 159 | W21: =SUM(G54:G57) -> 7 | X21: =SUM(H54:H57) -> 2 | Y21: =SUM(I54:I57) -> 56 | Z21: =SUM(J54:J57) -> 27 | ... AF21: =SUM(P54:P57) -> 652
B22: 10.00 - 10.15 | C22: 43 | D22: 11 | E22: 5 | F22: 38 | G22: 2 | H22: 0 | I22: 16 | J22: 3 | K22: 5 | L22: 2 | M22: 55 | N22: 0 | O22: =SUM(C22:L22,N22) -> 125 | P22: =SUM(C22:N22) -> 180 | R22: AM Peak Hr | S22: =MAX(S10:S12) -> 126 | T22: =MAX(T10:T12) -> 36 | U22: =MAX(U10:U12) -> 22 | V22: =MAX(V10:V12) -> 123 | W22: =MAX(W10:W12) -> 6 | X22: =MAX(X10:X12) -> 7 | Y22: =MAX(Y10:Y12) -> 80 | Z22: =MAX(Z10:Z12) -> 26 | ... AF22: =MAX(AF10:AF12) -> 659
B23: 10.15 - 10.30 | C23: 34 | D23: 11 | E23: 10 | F23: 38 | G23: 1 | H23: 1 | I23: 12 | J23: 1 | K23: 0 | L23: 1 | M23: 70 | N23: 0 | O23: =SUM(C23:L23,N23) -> 109 | P23: =SUM(C23:N23) -> 179 | R23: IP Peak Hr | S23: =MAX(S13:S18) -> 178 | T23: =MAX(T13:T18) -> 59 | U23: =MAX(U13:U18) -> 54 | V23: =MAX(V13:V18) -> 199 | W23: =MAX(W13:W18) -> 7 | X23: =MAX(X13:X18) -> 6 | Y23: =MAX(Y13:Y18) -> 84 | Z23: =MAX(Z13:Z18) -> 35 | ... AF23: =MAX(AF13:AF18) -> 753
B24: 10.30 - 10.45 | C24: 43 | D24: 8 | E24: 10 | F24: 41 | G24: 1 | H24: 2 | I24: 12 | J24: 1 | K24: 5 | L24: 6 | M24: 71 | N24: 0 | O24: =SUM(C24:L24,N24) -> 129 | P24: =SUM(C24:N24) -> 200 | R24: PM Peak Hr | S24: =MAX(S19:S21) -> 159 | T24: =MAX(T19:T21) -> 45 | U24: =MAX(U19:U21) -> 42 | V24: =MAX(V19:V21) -> 162 | W24: =MAX(W19:W21) -> 7 | X24: =MAX(X19:X21) -> 3 | Y24: =MAX(Y19:Y21) -> 84 | Z24: =MAX(Z19:Z21) -> 27 | ... AF24: =MAX(AF19:AF21) -> 695
B25: 10.45 - 11.00 | C25: 30 | D25: 14 | E25: 11 | F25: 39 | G25: 3 | H25: 0 | I25: 15 | J25: 2 | K25: 5 | L25: 4 | M25: 50 | N25: 0 | O25: =SUM(C25:L25,N25) -> 123 | P25: =SUM(C25:N25) -> 173 | R25: AM Period | S25: =SUM(S10:S12) -> 366 | T25: =SUM(T10:T12) -> 80 | U25: =SUM(U10:U12) -> 52 | V25: =SUM(V10:V12) -> 367 | W25: =SUM(W10:W12) -> 10 | X25: =SUM(X10:X12) -> 12 | Y25: =SUM(Y10:Y12) -> 205 | Z25: =SUM(Z10:Z12) -> 58 | ... AF25: =SUM(AF10:AF12) -> 1927
B26: 11.00 - 11.15 | C26: 60 | D26: 18 | E26: 19 | F26: 48 | G26: 1 | H26: 2 | I26: 21 | J26: 7 | K26: 2 | L26: 5 | M26: 40 | N26: 0 | O26: =SUM(C26:L26,N26) -> 183 | P26: =SUM(C26:N26) -> 223 | R26: IP Period | S26: =SUM(S13:S18) -> 751 | T26: =SUM(T13:T18) -> 243 | U26: =SUM(U13:U18) -> 200 | V26: =SUM(V13:V18) -> 853 | W26: =SUM(W13:W18) -> 13 | X26: =SUM(X13:X18) -> 26 | Y26: =SUM(Y13:Y18) -> 371 | Z26: =SUM(Z13:Z18) -> 129 | ... AF26: =SUM(AF13:AF18) -> 3762
B27: 11.15 - 11.30 | C27: 38 | D27: 7 | E27: 6 | F27: 39 | G27: 0 | H27: 0 | I27: 15 | J27: 8 | K27: 1 | L27: 4 | M27: 45 | N27: 0 | O27: =SUM(C27:L27,N27) -> 118 | P27: =SUM(C27:N27) -> 163 | R27: PM Period | S27: =SUM(S19:S21) -> 409 | T27: =SUM(T19:T21) -> 99 | U27: =SUM(U19:U21) -> 91 | V27: =SUM(V19:V21) -> 458 | W27: =SUM(W19:W21) -> 13 | X27: =SUM(X19:X21) -> 6 | Y27: =SUM(Y19:Y21) -> 212 | Z27: =SUM(Z19:Z21) -> 72 | ... AF27: =SUM(AF19:AF21) -> 2016
B28: 11.30 - 11.45 | C28: 45 | D28: 10 | E28: 18 | F28: 39 | G28: 0 | H28: 2 | I28: 12 | J28: 9 | K28: 5 | L28: 4 | M28: 50 | N28: 0 | O28: =SUM(C28:L28,N28) -> 144 | P28: =SUM(C28:N28) -> 194 | R28: 12 Hours | S28: =SUM(S10:S21) -> 1526 | T28: =SUM(T10:T21) -> 422 | U28: =SUM(U10:U21) -> 343 | V28: =SUM(V10:V21) -> 1678 | W28: =SUM(W10:W21) -> 36 | X28: =SUM(X10:X21) -> 44 | Y28: =SUM(Y10:Y21) -> 788 | Z28: =SUM(Z10:Z21) -> 259 | ... AF28: =SUM(AF10:AF21) -> 7705
B29: 11.45 - 12.00 | C29: 35 | D29: 7 | E29: 11 | F29: 31 | G29: 1 | H29: 2 | I29: 19 | J29: 7 | K29: 3 | L29: 6 | M29: 51 | N29: 0 | O29: =SUM(C29:L29,N29) -> 122 | P29: =SUM(C29:N29) -> 173
B30: 12.00 - 12.15 | C30: 20 | D30: 6 | E30: 1 | F30: 22 | G30: 0 | H30: 0 | I30: 24 | J30: 13 | K30: 2 | L30: 1 | M30: 60 | N30: 0 | O30: =SUM(C30:L30,N30) -> 89 | P30: =SUM(C30:N30) -> 149
B31: 12.15 - 12.30 | C31: 23 | D31: 8 | E31: 10 | F31: 23 | G31: 0 | H31: 0 | I31: 23 | J31: 7 | K31: 3 | L31: 5 | M31: 40 | N31: 0 | O31: =SUM(C31:L31,N31) -> 102 | P31: =SUM(C31:N31) -> 142
B32: 12.30 - 12.45 | C32: 33 | D32: 12 | E32: 7 | F32: 20 | G32: 1 | H32: 2 | I32: 14 | J32: 8 | K32: 2 | L32: 2 | M32: 60 | N32: 0 | O32: =SUM(C32:L32,N32) -> 101 | P32: =SUM(C32:N32) -> 161
B33: 12.45 - 13.00 | C33: 8 | D33: 5 | E33: 9 | F33: 35 | G33: 0 | H33: 1 | I33: 23 | J33: 7 | K33: 0 | L33: 5 | M33: 51 | N33: 1 | O33: =SUM(C33:L33,N33) -> 94 | P33: =SUM(C33:N33) -> 145
B34: 13.00 - 13.15 | C34: 23 | D34: 12 | E34: 3 | F34: 25 | G34: 0 | H34: 1 | I34: 20 | J34: 4 | K34: 3 | L34: 2 | M34: 25 | N34: 0 | O34: =SUM(C34:L34,N34) -> 93 | P34: =SUM(C34:N34) -> 118
B35: 13.15 - 13.30 | C35: 13 | D35: 5 | E35: 6 | F35: 20 | G35: 0 | H35: 1 | I35: 8 | J35: 6 | K35: 3 | L35: 3 | M35: 26 | N35: 0 | O35: =SUM(C35:L35,N35) -> 65 | P35: =SUM(C35:N35) -> 91
B36: 13.30 - 13.45 | C36: 13 | D36: 5 | E36: 3 | F36: 14 | G36: 0 | H36: 0 | I36: 15 | J36: 6 | K36: 1 | L36: 1 | M36: 9 | N36: 0 | O36: =SUM(C36:L36,N36) -> 58 | P36: =SUM(C36:N36) -> 67
B37: 13.45 - 14.00 | C37: 33 | D37: 7 | E37: 3 | F37: 30 | G37: 0 | H37: 3 | I37: 13 | J37: 3 | K37: 2 | L37: 3 | M37: 20 | N37: 0 | O37: =SUM(C37:L37,N37) -> 97 | P37: =SUM(C37:N37) -> 117
B38: 14.00 - 14.15 | C38: 39 | D38: 8 | E38: 11 | F38: 46 | G38: 1 | H38: 2 | I38: 15 | J38: 4 | K38: 1 | L38: 2 | M38: 40 | N38: 0 | O38: =SUM(C38:L38,N38) -> 129 | P38: =SUM(C38:N38) -> 169
B39: 14.15 - 14.30 | C39: 37 | D39: 8 | E39: 8 | F39: 48 | G39: 0 | H39: 0 | I39: 7 | J39: 5 | K39: 2 | L39: 4 | M39: 25 | N39: 0 | O39: =SUM(C39:L39,N39) -> 119 | P39: =SUM(C39:N39) -> 144
B40: 14.30 - 14.45 | C40: 27 | D40: 13 | E40: 10 | F40: 56 | G40: 0 | H40: 1 | I40: 14 | J40: 5 | K40: 3 | L40: 6 | M40: 55 | N40: 0 | O40: =SUM(C40:L40,N40) -> 135 | P40: =SUM(C40:N40) -> 190
... B57: 18.45 - 19.00 | C57: 30 | D57: 4 | E57: 4 | F57: 30 | G57: 1 | H57: 0 | I57: 14 | J57: 5 | K57: 2 | L57: 3 | M57: 60 | N57: 0 | O57: =SUM(C57:L57,N57) -> 93 | P57: =SUM(C57:N57) -> 153
B58: Totals | C58: =SUM(C10:C57) -> 1526 | D58: =SUM(D10:D57) -> 422 | E58: =SUM(E10:E57) -> 343 | F58: =SUM(F10:F57) -> 1678 | G58: =SUM(G10:G57) -> 36 | H58: =SUM(H10:H57) -> 44 | I58: =SUM(I10:I57) -> 788 | J58: =SUM(J10:J57) -> 259 | ... P58: =SUM(P10:P57) -> 7705
B59: %ges + MCs | C59: =C58/$P$58 -> 0.19805321 | D59: =D58/$P$58 -> 0.05476963 | E59: =E58/$P$58 -> 0.044516548 | F59: =F58/$P$58 -> 0.21778066 | G59: =G58/$P$58 -> 0.0046722907 | H59: =H58/$P$58 -> 0.0057105775 | I59: =I58/$P$58 -> 0.10227125 | J59: =J58/$P$58 -> 0.033614536 | ... N59: =N58/$P$58 -> 0.00012978585
B60: %ges w/o MCs | C60: =C58/$O$58 -> 0.28705794 | D60: =D58/$O$58 -> 0.079382995 | E60: =E58/$O$58 -> 0.064522197 | F60: =F58/$O$58 -> 0.31565087 | G60: =G58/$O$58 -> 0.006772009 | H60: =H58/$O$58 -> 0.0082768999 | I60: =I58/$O$58 -> 0.14823175 | J60: =J58/$O$58 -> 0.048720843 | ... L60: =L58/$O$58 -> 0.021632807 | N60: =N58/$O$58 -> 0.00018811136

Sheet 28.09 Bombo-Matugga-24h
B1: Consultancy services for Preparation of Expressway Development Master Plan (EDMP) for Uganda
B2: MANUAL CLASSIFIED COUNT (MCC)
B3: ROAD NAME: | C3: BOMBO ROAD
C5: Date | D5: 28.9.19 | F5: Location | G5: ='[2]28.09 MATUGGA-BOMBO-24h'!G5:H5 -> MATUGGA GAZ | J5: Surveyor | K5: ='[2]28.09 MATUGGA-BOMBO-24h'!K5:L5 -> OMEJJE
C6: Dir. From | D6: BOMBO | F6: Dir. To | G6: MATUGGA GAZ | J6: Supervisor | K6: ='[2]28.09 MATUGGA-BOMBO-24h'!K6:L6 -> NUSURAH
B8: Time / Veh Type | R8: SUMMARY TRAFFIC VOLUMES
C9: 1. Car | D9: 2. Station Wagon | E9: 3. Pickups | F9: 4. Minibus, matatu | G9: 5. Medium bus | H9: 6. Large Bus | I9: 7. Light Truck | J9: 8. Medium Truck | K9: 9. Heavy truck | L9: 10. Truck Trailer | M9: 11. Motor cycles | N9: 12. Tractors | O9: Total Excl M/Cycles | P9: Total All | R9: Time | S9: 1. Car | T9: 2. Station Wagon | U9: 3. Pickups | V9: 4. Minibus, matatu | W9: 5. Medium bus | X9: 6. Large Bus | Y9: 7. Light Truck | Z9: 8. Medium Truck | AA9: 9. Heavy truck | AB9: 10. Truck Trailer | AC9: 11. Motorcycles | AD9: 12. Tractors, Graders | AE9: Total Excl M/ Cycles | AF9: Total All
B10: 07.00 - 07.15 | C10: 28 | D10: 8 | E10: 3 | F10: 27 | G10: 2 | H10: 2 | I10: 12 | J10: 3 | K10: 0 | L10: 4 | M10: 59 | N10: 0 | O10: =SUM(C10:L10,N10) -> 89 | P10: =SUM(C10:N10) -> 148 | R10: 0700-0800 | S10: =SUM(C10:C13) -> 126 | T10: =SUM(D10:D13) -> 37 | U10: =SUM(E10:E13) -> 23 | V10: =SUM(F10:F13) -> 131 | W10: =SUM(G10:G13) -> 3 | X10: =SUM(H10:H13) -> 6 | Y10: =SUM(I10:I13) -> 45 | Z10: =SUM(J10:J13) -> 8 | ... AF10: =SUM(P10:P13) -> 627
B11: 07.15 - 07.30 | C11: 35 | D11: 9 | E11: 5 | F11: 37 | G11: 1 | H11: 3 | I11: 11 | J11: 0 | K11: 0 | L11: 3 | M11: 63 | N11: 0 | O11: =SUM(C11:L11,N11) -> 104 | P11: =SUM(C11:N11) -> 167 | R11: 0800-0900 | S11: =SUM(C14:C17) -> 101 | T11: =SUM(D14:D17) -> 12 | U11: =SUM(E14:E17) -> 17 | V11: =SUM(F14:F17) -> 183 | W11: =SUM(G14:G17) -> 6 | X11: =SUM(H14:H17) -> 0 | Y11: =SUM(I14:I17) -> 34 | Z11: =SUM(J14:J17) -> 6 | ... AF11: =SUM(P14:P17) -> 618
B12: 07.30 - 07.45 | C12: 30 | D12: 11 | E12: 8 | F12: 35 | G12: 0 | H12: 1 | I12: 0 | J12: 0 | K12: 0 | L12: 0 | M12: 44 | N12: 0 | O12: =SUM(C12:L12,N12) -> 85 | P12: =SUM(C12:N12) -> 129 | R12: 0900-1000 | S12: =SUM(C18:C21) -> 150 | T12: =SUM(D18:D21) -> 28 | U12: =SUM(E18:E21) -> 23 | V12: =SUM(F18:F21) -> 165 | W12: =SUM(G18:G21) -> 7 | X12: =SUM(H18:H21) -> 3 | Y12: =SUM(I18:I21) -> 55 | Z12: =SUM(J18:J21) -> 10 | ... AF12: =SUM(P18:P21) -> 655
B13: 07.45 - 08.00 | C13: 33 | D13: 9 | E13: 7 | F13: 32 | G13: 0 | H13: 0 | I13: 22 | J13: 5 | K13: 2 | L13: 1 | M13: 72 | N13: 0 | O13: =SUM(C13:L13,N13) -> 111 | P13: =SUM(C13:N13) -> 183 | R13: 1000-1100 | S13: =SUM(C22:C25) -> 101 | T13: =SUM(D22:D25) -> 18 | U13: =SUM(E22:E25) -> 18 | V13: =SUM(F22:F25) -> 119 | W13: =SUM(G22:G25) -> 14 | X13: =SUM(H22:H25) -> 0 | Y13: =SUM(I22:I25) -> 77 | Z13: =SUM(J22:J25) -> 8 | ... AF13: =SUM(P22:P25) -> 546
B14: 08.00 - 08.15 | C14: 28 | D14: 2 | E14: 1 | F14: 50 | G14: 2 | H14: 0 | I14: 6 | J14: 3 | K14: 0 | L14: 3 | M14: 55 | N14: 0 | O14: =SUM(C14:L14,N14) -> 95 | P14: =SUM(C14:N14) -> 150 | R14: 1100-1200 | S14: =SUM(C26:C29) -> 117 | T14: =SUM(D26:D29) -> 39 | U14: =SUM(E26:E29) -> 44 | V14: =SUM(F26:F29) -> 138 | W14: =SUM(G26:G29) -> 2 | X14: =SUM(H26:H29) -> 1 | Y14: =SUM(I26:I29) -> 63 | Z14: =SUM(J26:J29) -> 4 | ... AF14: =SUM(P26:P29) -> 690
B15: 08.15 - 08.30 | C15: 19 | D15: 2 | E15: 1 | F15: 50 | G15: 2 | H15: 0 | I15: 8 | J15: 1 | K15: 1 | L15: 2 | M15: 68 | N15: 0 | O15: =SUM(C15:L15,N15) -> 86 | P15: =SUM(C15:N15) -> 154 | R15: 1200-1300 | S15: =SUM(C30:C33) -> 132 | T15: =SUM(D30:D33) -> 24 | U15: =SUM(E30:E33) -> 30 | V15: =SUM(F30:F33) -> 120 | W15: =SUM(G30:G33) -> 2 | X15: =SUM(H30:H33) -> 5 | Y15: =SUM(I30:I33) -> 91 | Z15: =SUM(J30:J33) -> 9 | ... AF15: =SUM(P30:P33) -> 659
B16: 08.30 - 08.45 | C16: 19 | D16: 6 | E16: 5 | F16: 47 | G16: 0 | H16: 0 | I16: 11 | J16: 2 | K16: 0 | L16: 1 | M16: 65 | N16: 0 | O16: =SUM(C16:L16,N16) -> 91 | P16: =SUM(C16:N16) -> 156 | R16: 1300-1400 | S16: =SUM(C34:C37) -> 124 | T16: =SUM(D34:D37) -> 43 | U16: =SUM(E34:E37) -> 26 | V16: =SUM(F34:F37) -> 98 | W16: =SUM(G34:G37) -> 2 | X16: =SUM(H34:H37) -> 7 | Y16: =SUM(I34:I37) -> 56 | Z16: =SUM(J34:J37) -> 12 | ... AF16: =SUM(P34:P37) -> 522
B17: 08.45 - 9.00 | C17: 35 | D17: 2 | E17: 10 | F17: 36 | G17: 2 | H17: 0 | I17: 9 | J17: 0 | K17: 0 | L17: 2 | M17: 62 | N17: 0 | O17: =SUM(C17:L17,N17) -> 96 | P17: =SUM(C17:N17) -> 158 | R17: 1400-1500 | S17: =SUM(C38:C41) -> 140 | T17: =SUM(D38:D41) -> 28 | U17: =SUM(E38:E41) -> 25 | V17: =SUM(F38:F41) -> 86 | W17: =SUM(G38:G41) -> 6 | X17: =SUM(H38:H41) -> 4 | Y17: =SUM(I38:I41) -> 43 | Z17: =SUM(J38:J41) -> 17 | ... AF17: =SUM(P38:P41) -> 509
B18: 09.00 - 09.15 | C18: 39 | D18: 3 | E18: 5 | F18: 39 | G18: 2 | H18: 2 | I18: 11 | J18: 7 | K18: 0 | L18: 0 | M18: 45 | N18: 0 | O18: =SUM(C18:L18,N18) -> 108 | P18: =SUM(C18:N18) -> 153 | R18: 1500-1600 | S18: =SUM(C42:C45) -> 157 | T18: =SUM(D42:D45) -> 36 | U18: =SUM(E42:E45) -> 29 | V18: =SUM(F42:F45) -> 140 | W18: =SUM(G42:G45) -> 0 | X18: =SUM(H42:H45) -> 4 | Y18: =SUM(I42:I45) -> 83 | Z18: =SUM(J42:J45) -> 6 | ... AF18: =SUM(P42:P45) -> 638
B19: 09.15 - 09.30 | C19: 30 | D19: 8 | E19: 6 | F19: 43 | G19: 1 | H19: 0 | I19: 22 | J19: 1 | K19: 0 | L19: 1 | M19: 57 | N19: 0 | O19: =SUM(C19:L19,N19) -> 112 | P19: =SUM(C19:N19) -> 169 | R19: 1600-1700 | S19: =SUM(C46:C49) -> 198 | T19: =SUM(D46:D49) -> 56 | U19: =SUM(E46:E49) -> 43 | V19: =SUM(F46:F49) -> 139 | W19: =SUM(G46:G49) -> 0 | X19: =SUM(H46:H49) -> 7 | Y19: =SUM(I46:I49) -> 90 | Z19: =SUM(J46:J49) -> 9 | ... AF19: =SUM(P46:P49) -> 773
B20: 09.30 - 09.45 | C20: 46 | D20: 13 | E20: 6 | F20: 47 | G20: 3 | H20: 0 | I20: 12 | J20: 1 | K20: 0 | L20: 1 | M20: 53 | N20: 0 | O20: =SUM(C20:L20,N20) -> 129 | P20: =SUM(C20:N20) -> 182 | R20: 1700-1800 | S20: =SUM(C50:C53) -> 319 | T20: =SUM(D50:D53) -> 63 | U20: =SUM(E50:E53) -> 43 | V20: =SUM(F50:F53) -> 204 | W20: =SUM(G50:G53) -> 17 | X20: =SUM(H50:H53) -> 0 | Y20: =SUM(I50:I53) -> 109 | Z20: =SUM(J50:J53) -> 10 | ... AF20: =SUM(P50:P53) -> 1005
B21: 09.45 - 10.00 | C21: 35 | D21: 4 | E21: 6 | F21: 36 | G21: 1 | H21: 1 | I21: 10 | J21: 1 | K21: 0 | L21: 2 | M21: 55 | N21: 0 | O21: =SUM(C21:L21,N21) -> 96 | P21: =SUM(C21:N21) -> 151 | R21: 1800-1900 | S21: =SUM(C54:C57) -> 253 | T21: =SUM(D54:D57) -> 70 | U21: =SUM(E54:E57) -> 49 | V21: =SUM(F54:F57) -> 150 | W21: =SUM(G54:G57) -> 19 | X21: =SUM(H54:H57) -> 5 | Y21: =SUM(I54:I57) -> 77 | Z21: =SUM(J54:J57) -> 1 | ... AF21: =SUM(P54:P57) -> 855
B22: 10.00 - 10.15 | C22: 23 | D22: 6 | E22: 6 | F22: 29 | G22: 13 | H22: 0 | I22: 13 | J22: 2 | K22: 0 | L22: 2 | M22: 51 | N22: 0 | O22: =SUM(C22:L22,N22) -> 94 | P22: =SUM(C22:N22) -> 145 | R22: 1900-2000 | S22: =SUM(C58:C61) -> 105 | T22: =SUM(D58:D61) -> 18 | U22: =SUM(E58:E61) -> 13 | V22: =SUM(F58:F61) -> 70 | W22: =SUM(G58:G61) -> 2 | X22: =SUM(H58:H61) -> 3 | Y22: =SUM(I58:I61) -> 40 | Z22: =SUM(J58:J61) -> 25 | ... AF22: =SUM(P58:P61) -> 437
B23: 10.15 - 10.30 | C23: 29 | D23: 3 | E23: 4 | F23: 32 | G23: 1 | H23: 0 | I23: 17 | J23: 1 | K23: 1 | L23: 1 | M23: 42 | N23: 0 | O23: =SUM(C23:L23,N23) -> 89 | P23: =SUM(C23:N23) -> 131 | R23: 2000-2100 | S23: =SUM(C62:C65) -> 56 | T23: =SUM(D62:D65) -> 16 | U23: =SUM(E62:E65) -> 6 | V23: =SUM(F62:F65) -> 72 | W23: =SUM(G62:G65) -> 5 | X23: =SUM(H62:H65) -> 2 | Y23: =SUM(I62:I65) -> 22 | Z23: =SUM(J62:J65) -> 8 | ... AF23: =SUM(P62:P65) -> 310
B24: 10.30 - 10.45 | C24: 31 | D24: 6 | E24: 4 | F24: 31 | G24: 0 | H24: 0 | I24: 23 | J24: 2 | K24: 4 | L24: 1 | M24: 47 | N24: 0 | O24: =SUM(C24:L24,N24) -> 102 | P24: =SUM(C24:N24) -> 149 | R24: 2100-2200 | S24: =SUM(C66:C69) -> 79 | T24: =SUM(D66:D69) -> 17 | U24: =SUM(E66:E69) -> 18 | V24: =SUM(F66:F69) -> 52 | W24: =SUM(G66:G69) -> 4 | X24: =SUM(H66:H69) -> 4 | Y24: =SUM(I66:I69) -> 8 | Z24: =SUM(J66:J69) -> 7 | ... AF24: =SUM(P66:P69) -> 295
B25: 10.45 - 11.00 | C25: 18 | D25: 3 | E25: 4 | F25: 27 | G25: 0 | H25: 0 | I25: 24 | J25: 3 | K25: 0 | L25: 2 | M25: 40 | N25: 0 | O25: =SUM(C25:L25,N25) -> 81 | P25: =SUM(C25:N25) -> 121 | R25: 2200-2300 | S25: =SUM(C70:C73) -> 66 | T25: =SUM(D70:D73) -> 14 | U25: =SUM(E70:E73) -> 8 | V25: =SUM(F70:F73) -> 83 | W25: =SUM(G70:G73) -> 1 | X25: =SUM(H70:H73) -> 4 | Y25: =SUM(I70:I73) -> 28 | Z25: =SUM(J70:J73) -> 11 | ... AF25: =SUM(P70:P73) -> 281
B26: 11.00 - 11.15 | C26: 35 | D26: 7 | E26: 1 | F26: 36 | G26: 0 | H26: 1 | I26: 15 | J26: 1 | K26: 0 | L26: 2 | M26: 60 | N26: 0 | O26: =SUM(C26:L26,N26) -> 98 | P26: =SUM(C26:N26) -> 158 | R26: 2300-0000 | S26: =SUM(C74:C77) -> 29 | T26: =SUM(D74:D77) -> 4 | U26: =SUM(E74:E77) -> 7 | V26: =SUM(F74:F77) -> 30 | W26: =SUM(G74:G77) -> 1 | X26: =SUM(H74:H77) -> 0 | Y26: =SUM(I74:I77) -> 21 | Z26: =SUM(J74:J77) -> 21 | ... AF26: =SUM(P74:P77) -> 163
B27: 11.15 - 11.30 | C27: 28 | D27: 11 | E27: 7 | F27: 33 | G27: 0 | H27: 0 | I27: 11 | J27: 0 | K27: 0 | L27: 1 | M27: 70 | N27: 0 | O27: =SUM(C27:L27,N27) -> 91 | P27: =SUM(C27:N27) -> 161 | R27: 0000-0100 | S27: =SUM(C78:C81) -> 13 | T27: =SUM(D78:D81) -> 1 | U27: =SUM(E78:E81) -> 8 | V27: =SUM(F78:F81) -> 11 | W27: =SUM(G78:G81) -> 1 | X27: =SUM(H78:H81) -> 1 | Y27: =SUM(I78:I81) -> 20 | Z27: =SUM(J78:J81) -> 20 | ... AF27: =SUM(P78:P81) -> 106
B28: 11.30 - 11.45 | C28: 28 | D28: 14 | E28: 3 | F28: 31 | G28: 1 | H28: 0 | I28: 12 | J28: 3 | K28: 1 | L28: 1 | M28: 93 | N28: 0 | O28: =SUM(C28:L28,N28) -> 94 | P28: =SUM(C28:N28) -> 187 | R28: 0100-0200 | S28: =SUM(C82:C85) -> 13 | T28: =SUM(D82:D85) -> 2 | U28: =SUM(E82:E85) -> 1 | V28: =SUM(F82:F85) -> 5 | W28: =SUM(G82:G85) -> 1 | X28: =SUM(H82:H85) -> 3 | Y28: =SUM(I82:I85) -> 6 | Z28: =SUM(J82:J85) -> 7 | ... AF28: =SUM(P82:P85) -> 64
B29: 11.45 - 12.00 | C29: 26 | D29: 7 | E29: 33 | F29: 38 | G29: 1 | H29: 0 | I29: 25 | J29: 0 | K29: 0 | L29: 2 | M29: 52 | N29: 0 | O29: =SUM(C29:L29,N29) -> 132 | P29: =SUM(C29:N29) -> 184 | R29: 0200-0300 | S29: =SUM(C86:C89) -> 11 | T29: =SUM(D86:D89) -> 3 | U29: =SUM(E86:E89) -> 0 | V29: =SUM(F86:F89) -> 2 | W29: =SUM(G86:G89) -> 2 | X29: =SUM(H86:H89) -> 5 | Y29: =SUM(I86:I89) -> 19 | Z29: =SUM(J86:J89) -> 15 | ... AF29: =SUM(P86:P89) -> 84
B30: 12.00 - 12.15 | C30: 36 | D30: 5 | E30: 11 | F30: 29 | G30: 0 | H30: 2 | I30: 29 | J30: 3 | K30: 0 | L30: 1 | M30: 75 | N30: 0 | O30: =SUM(C30:L30,N30) -> 116 | P30: =SUM(C30:N30) -> 191 | R30: 0300-0400 | S30: =SUM(C90:C93) -> 2 | T30: =SUM(D90:D93) -> 0 | U30: =SUM(E90:E93) -> 0 | V30: =SUM(F90:F93) -> 4 | W30: =SUM(G90:G93) -> 0 | X30: =SUM(H90:H93) -> 9 | Y30: =SUM(I90:I93) -> 16 | Z30: =SUM(J90:J93) -> 12 | ... AF30: =SUM(P90:P93) -> 69
B31: 12.15 - 12.30 | C31: 34 | D31: 3 | E31: 10 | F31: 38 | G31: 1 | H31: 2 | I31: 37 | J31: 2 | K31: 4 | L31: 0 | M31: 63 | N31: 0 | O31: =SUM(C31:L31,N31) -> 131 | P31: =SUM(C31:N31) -> 194 | R31: 0400-0500 | S31: =SUM(C94:C97) -> 5 | T31: =SUM(D94:D97) -> 0 | U31: =SUM(E94:E97) -> 3 | V31: =SUM(F94:F97) -> 8 | W31: =SUM(G94:G97) -> 1 | X31: =SUM(H94:H97) -> 12 | Y31: =SUM(I94:I97) -> 21 | Z31: =SUM(J94:J97) -> 10 | ... AF31: =SUM(P94:P97) -> 74
B32: 12.30 - 12.45 | C32: 29 | D32: 7 | E32: 6 | F32: 22 | G32: 1 | H32: 1 | I32: 20 | J32: 1 | K32: 2 | L32: 3 | M32: 55 | N32: 0 | O32: =SUM(C32:L32,N32) -> 92 | P32: =SUM(C32:N32) -> 147 | R32: 0500-0600 | S32: =SUM(C98:C101) -> 18 | T32: =SUM(D98:D101) -> 3 | U32: =SUM(E98:E101) -> 3 | V32: =SUM(F98:F101) -> 37 | W32: =SUM(G98:G101) -> 1 | X32: =SUM(H98:H101) -> 6 | Y32: =SUM(I98:I101) -> 19 | Z32: =SUM(J98:J101) -> 16 | ... AF32: =SUM(P98:P101) -> 137
B33: 12.45 - 13.00 | C33: 33 | D33: 9 | E33: 3 | F33: 31 | G33: 0 | H33: 0 | I33: 5 | J33: 3 | K33: 1 | L33: 2 | M33: 40 | N33: 0 | O33: =SUM(C33:L33,N33) -> 87 | P33: =SUM(C33:N33) -> 127 | R33: 0600-0700 | S33: =SUM(C102:C105) -> 65 | T33: =SUM(D102:D105) -> 26 | U33: =SUM(E102:E105) -> 19 | V33: =SUM(F102:F105) -> 84 | W33: =SUM(G102:G105) -> 4 | X33: =SUM(H102:H105) -> 2 | Y33: =SUM(I102:I105) -> 14 | Z33: =SUM(J102:J105) -> 12 | ... AF33: =SUM(P102:P105) -> 289
B34: 13.00 - 13.15 | C34: 25 | D34: 9 | E34: 4 | F34: 24 | G34: 1 | H34: 3 | I34: 11 | J34: 5 | K34: 2 | L34: 1 | M34: 35 | N34: 0 | O34: =SUM(C34:L34,N34) -> 85 | P34: =SUM(C34:N34) -> 120 | R34: AM Peak Hr | S34: =MAX(S10:S12) -> 150 | T34: =MAX(T10:T12) -> 37 | U34: =MAX(U10:U12) -> 23 | V34: =MAX(V10:V12) -> 183 | W34: =MAX(W10:W12) -> 7 | X34: =MAX(X10:X12) -> 6 | Y34: =MAX(Y10:Y12) -> 55 | Z34: =MAX(Z10:Z12) -> 10 | ... AF34: =MAX(AF10:AF12) -> 655
B35: 13.15 - 13.30 | C35: 35 | D35: 8 | E35: 8 | F35: 20 | G35: 0 | H35: 1 | I35: 11 | J35: 4 | K35: 1 | L35: 0 | M35: 35 | N35: 0 | O35: =SUM(C35:L35,N35) -> 88 | P35: =SUM(C35:N35) -> 123 | R35: IP Peak Hr | S35: =MAX(S13:S18) -> 157 | T35: =MAX(T13:T18) -> 43 | U35: =MAX(U13:U18) -> 44 | V35: =MAX(V13:V18) -> 140 | W35: =MAX(W13:W18) -> 14 | X35: =MAX(X13:X18) -> 7 | Y35: =MAX(Y13:Y18) -> 91 | Z35: =MAX(Z13:Z18) -> 17 | ... AF35: =MAX(AF13:AF18) -> 690
B36: 13.30 - 13.45 | C36: 36 | D36: 15 | E36: 9 | F36: 32 | G36: 0 | H36: 1 | I36: 27 | J36: 0 | K36: 0 | L36: 1 | M36: 41 | N36: 0 | O36: =SUM(C36:L36,N36) -> 121 | P36: =SUM(C36:N36) -> 162 | R36: PM Peak Hr | S36: =MAX(S19:S21) -> 319 | T36: =MAX(T19:T21) -> 70 | U36: =MAX(U19:U21) -> 49 | V36: =MAX(V19:V21) -> 204 | W36: =MAX(W19:W21) -> 19 | X36: =MAX(X19:X21) -> 7 | Y36: =MAX(Y19:Y21) -> 109 | Z36: =MAX(Z19:Z21) -> 10 | ... AF36: =MAX(AF19:AF21) -> 1005
B37: 13.45 - 14.00 | C37: 28 | D37: 11 | E37: 5 | F37: 22 | G37: 1 | H37: 2 | I37: 7 | J37: 3 | K37: 0 | L37: 0 | M37: 38 | N37: 0 | O37: =SUM(C37:L37,N37) -> 79 | P37: =SUM(C37:N37) -> 117 | R37: AM Period | S37: =SUM(S10:S12) -> 377 | T37: =SUM(T10:T12) -> 77 | U37: =SUM(U10:U12) -> 63 | V37: =SUM(V10:V12) -> 479 | W37: =SUM(W10:W12) -> 16 | X37: =SUM(X10:X12) -> 9 | Y37: =SUM(Y10:Y12) -> 134 | Z37: =SUM(Z10:Z12) -> 24 | ... AF37: =SUM(AF10:AF12) -> 1900
B38: 14.00 - 14.15 | C38: 24 | D38: 2 | E38: 4 | F38: 14 | G38: 5 | H38: 0 | I38: 6 | J38: 4 | K38: 1 | L38: 2 | M38: 40 | N38: 0 | O38: =SUM(C38:L38,N38) -> 62 | P38: =SUM(C38:N38) -> 102 | R38: IP Period | S38: =SUM(S13:S18) -> 771 | T38: =SUM(T13:T18) -> 188 | U38: =SUM(U13:U18) -> 172 | V38: =SUM(V13:V18) -> 701 | W38: =SUM(W13:W18) -> 26 | X38: =SUM(X13:X18) -> 21 | Y38: =SUM(Y13:Y18) -> 413 | Z38: =SUM(Z13:Z18) -> 56 | ... AF38: =SUM(AF13:AF18) -> 3564
B39: 14.15 - 14.30 | C39: 30 | D39: 13 | E39: 3 | F39: 20 | G39: 0 | H39: 1 | I39: 8 | J39: 3 | K39: 4 | L39: 2 | M39: 30 | N39: 1 | O39: =SUM(C39:L39,N39) -> 85 | P39: =SUM(C39:N39) -> 115 | R39: PM Period | S39: =SUM(S19:S21) -> 770 | T39: =SUM(T19:T21) -> 189 | U39: =SUM(U19:U21) -> 135 | V39: =SUM(V19:V21) -> 493 | W39: =SUM(W19:W21) -> 36 | X39: =SUM(X19:X21) -> 12 | Y39: =SUM(Y19:Y21) -> 276 | Z39: =SUM(Z19:Z21) -> 20 | ... AF39: =SUM(AF19:AF21) -> 2633
B40: 14.30 - 14.45 | C40: 40 | D40: 9 | E40: 10 | F40: 25 | G40: 1 | H40: 2 | I40: 16 | J40: 5 | K40: 2 | L40: 0 | M40: 30 | N40: 0 | O40: =SUM(C40:L40,N40) -> 110 | P40: =SUM(C40:N40) -> 140 | R40: 12 Hours | S40: =SUM(S10:S21) -> 1918 | T40: =SUM(T10:T21) -> 454 | U40: =SUM(U10:U21) -> 370 | V40: =SUM(V10:V21) -> 1673 | W40: =SUM(W10:W21) -> 78 | X40: =SUM(X10:X21) -> 42 | Y40: =SUM(Y10:Y21) -> 823 | Z40: =SUM(Z10:Z21) -> 100 | ... AF40: =SUM(AF10:AF21) -> 8097
B41: 14.45 - 15.00 | C41: 46 | D41: 4 | E41: 8 | F41: 27 | G41: 0 | H41: 1 | I41: 13 | J41: 5 | K41: 3 | L41: 0 | M41: 45 | N41: 0 | O41: =SUM(C41:L41,N41) -> 107 | P41: =SUM(C41:N41) -> 152 | R41: 24 Hrs/ADT | S41: =SUM(S10:S33) -> 2380 | T41: =SUM(T10:T33) -> 558 | U41: =SUM(U10:U33) -> 456 | V41: =SUM(V10:V33) -> 2131 | W41: =SUM(W10:W33) -> 101 | X41: =SUM(X10:X33) -> 93 | Y41: =SUM(Y10:Y33) -> 1057 | Z41: =SUM(Z10:Z33) -> 264 | ... AF41: =SUM(AF10:AF33) -> 10406
B42: 15.00 - 15.15 | C42: 37 | D42: 4 | E42: 9 | F42: 27 | G42: 0 | H42: 1 | I42: 15 | J42: 1 | K42: 0 | L42: 3 | M42: 31 | N42: 0 | O42: =SUM(C42:L42,N42) -> 97 | P42: =SUM(C42:N42) -> 128 | R42: NEF | S42: =S41/S40 -> 1.2408759 | T42: =T41/T40 -> 1.2290749 | U42: =U41/U40 -> 1.2324324 | V42: =V41/V40 -> 1.2737597 | W42: =W41/W40 -> 1.2948718 | X42: =X41/X40 -> 2.2142857 | Y42: =Y41/Y40 -> 1.2843256 | Z42: =Z41/Z40 -> 2.64 | ... AF42: =AF41/AF40 -> 1.2851673
B43: 15.15 - 15.30 | C43: 38 | D43: 13 | E43: 2 | F43: 33 | G43: 0 | H43: 0 | I43: 30 | J43: 1 | K43: 2 | L43: 2 | M43: 35 | N43: 0 | O43: =SUM(C43:L43,N43) -> 121 | P43: =SUM(C43:N43) -> 156
B44: 15.30 - 15.45 | C44: 44 | D44: 12 | E44: 15 | F44: 40 | G44: 0 | H44: 0 | I44: 19 | J44: 2 | K44: 2 | L44: 2 | M44: 51 | N44: 0 | O44: =SUM(C44:L44,N44) -> 136 | P44: =SUM(C44:N44) -> 187
B45: 15.45 - 16.00 | C45: 38 | D45: 7 | E45: 3 | F45: 40 | G45: 0 | H45: 3 | I45: 19 | J45: 2 | K45: 2 | L45: 2 | M45: 51 | N45: 0 | O45: =SUM(C45:L45,N45) -> 116 | P45: =SUM(C45:N45) -> 167
B46: 16.00 - 16.15 | C46: 46 | D46: 7 | E46: 12 | F46: 40 | G46: 0 | H46: 3 | I46: 23 | J46: 1 | K46: 2 | L46: 2 | M46: 50 | N46: 0 | O46: =SUM(C46:L46,N46) -> 136 | P46: =SUM(C46:N46) -> 186
B47: 16.15 -16.30 | C47: 39 | D47: 12 | E47: 6 | F47: 34 | G47: 0 | H47: 0 | I47: 7 | J47: 1 | K47: 0 | L47: 3 | M47: 77 | N47: 0 | O47: =SUM(C47:L47,N47) -> 102 | P47: =SUM(C47:N47) -> 179
B48: 16.30 -16.45 | C48: 62 | D48: 17 | E48: 14 | F48: 34 | G48: 0 | H48: 2 | I48: 28 | J48: 3 | K48: 0 | L48: 4 | M48: 33 | N48: 0 | O48: =SUM(C48:L48,N48) -> 164 | P48: =SUM(C48:N48) -> 197
B49: 16.45 -17.00 | C49: 51 | D49: 20 | E49: 11 | F49: 31 | G49: 0 | H49: 2 | I49: 32 | J49: 4 | K49: 2 | L49: 3 | M49: 55 | N49: 0 | O49: =SUM(C49:L49,N49) -> 156 | P49: =SUM(C49:N49) -> 211
B50: 17.00 -17.15 | C50: 87 | D50: 17 | E50: 17 | F50: 50 | G50: 2 | H50: 0 | I50: 21 | J50: 2 | K50: 1 | L50: 5 | M50: 59 | N50: 1 | O50: =SUM(C50:L50,N50) -> 203 | P50: =SUM(C50:N50) -> 262
B51: 17.15 -17.30 | C51: 79 | D51: 11 | E51: 9 | F51: 44 | G51: 4 | H51: 0 | I51: 25 | J51: 0 | K51: 0 | L51: 5 | M51: 54 | N51: 1 | O51: =SUM(C51:L51,N51) -> 178 | P51: =SUM(C51:N51) -> 232
B52: 17.30 -17.45 | C52: 76 | D52: 22 | E52: 5 | F52: 48 | G52: 4 | H52: 0 | I52: 31 | J52: 5 | K52: 1 | L52: 9 | M52: 50 | N52: 1 | O52: =SUM(C52:L52,N52) -> 202 | P52: =SUM(C52:N52) -> 252
B53: 17.45 -18.00 | C53: 77 | D53: 13 | E53: 12 | F53: 62 | G53: 7 | H53: 0 | I53: 32 | J53: 3 | K53: 0 | L53: 0 | M53: 53 | N53: 0 | O53: =SUM(C53:L53,N53) -> 206 | P53: =SUM(C53:N53) -> 259
B54: 18.00 - 18.15 | C54: 70 | D54: 16 | E54: 11 | F54: 49 | G54: 14 | H54: 2 | I54: 23 | J54: 1 | K54: 1 | L54: 2 | M54: 68 | N54: 0 | O54: =SUM(C54:L54,N54) -> 189 | P54: =SUM(C54:N54) -> 257
... B105: 06.45 - 07.00 | C105: 22 | D105: 11 | E105: 9 | F105: 27 | G105: 0 | H105: 0 | I105: 3 | J105: 5 | K105: 1 | L105: 2 | M105: 12 | N105: 0 | O105: =SUM(C105:L105,N105) -> 80 | P105: =SUM(C105:N105) -> 92
B106: Totals | C106: =SUM(C10:C105) -> 2380 | D106: =SUM(D10:D105) -> 558 | E106: =SUM(E10:E105) -> 456 | F106: =SUM(F10:F105) -> 2131 | G106: =SUM(G10:G105) -> 101 | H106: =SUM(H10:H105) -> 93 | I106: =SUM(I10:I105) -> 1057 | J106: =SUM(J10:J105) -> 264 | ... P106: =SUM(P10:P105) -> 10406
B107: %ges + MCs | C107: =C106/$P$106 -> 0.2287142 | D107: =D106/$P$106 -> 0.05362291 | E107: =E106/$P$106 -> 0.043820873 | F107: =F106/$P$106 -> 0.2047857 | G107: =G106/$P$106 -> 0.0097059389 | H107: =H106/$P$106 -> 0.0089371516 | I107: =I106/$P$106 -> 0.10157601 | J107: =J106/$P$106 -> 0.025369979 | ... N107: =N106/$P$106 -> 0.0032673458
B108: %ges w/o MCs | C108: =C106/$O$106 -> 0.32402995 | D108: =D106/$O$106 -> 0.075970048 | E108: =E106/$O$106 -> 0.06208305 | F108: =F106/$O$106 -> 0.29012934 | G108: =G106/$O$106 -> 0.013750851 | H108: =H106/$O$106 -> 0.012661675 | I108: =I106/$O$106 -> 0.14390742 | J108: =J106/$O$106 -> 0.035942818 | ... L108: =L106/$O$106 -> 0.020285909 | N108: =N106/$O$106 -> 0.0046289993

Sheet 28.09 Matugga-Bombo-24h
B1: Consultancy services for Preparation of Expressway Development Master Plan (EDMP) for Uganda
B2: MANUAL CLASSIFIED COUNT (MCC)
B3: ROAD NAME: | C3: BOMBO ROAD
C5: Date | D5: 28.9.19 | F5: Location | G5: ='[2]26.07 Makindye-Kibuye-24h'!G5:H5 -> MATUGGA GAZ | J5: Surveyor | K5: ='[2]26.07 Makindye-Kibuye-24h'!K5:L5 -> OMEJJE
C6: Dir. From | D6: MATUGGA | F6: Dir. To | G6: BOMBO | J6: Supervisor | K6: ='[2]26.07 Makindye-Kibuye-24h'!K6:L6 -> NUSURAH
B8: Time / Veh Type | R8: SUMMARY TRAFFIC VOLUMES
C9: 1. Car | D9: 2. Station Wagon | E9: 3. Pickups | F9: 4. Minibus, matatu | G9: 5. Medium bus | H9: 6. Large Bus | I9: 7. Light Truck | J9: 8. Medium Truck | K9: 9. Heavy truck | L9: 10. Truck Trailer | M9: 11. Motor cycles | N9: 12. Tractors | O9: Total Excl M/Cycles | P9: Total All | R9: Time | S9: 1. Car | T9: 2. Station Wagon | U9: 3. Pickups | V9: 4. Minibus, matatu | W9: 5. Medium bus | X9: 6. Large Bus | Y9: 7. Light Truck | Z9: 8. Medium Truck | AA9: 9. Heavy truck | AB9: 10. Truck Trailer | AC9: 11. Motorcycles | AD9: 12. Tractors, Graders | AE9: Total Excl M/ Cycles | AF9: Total All
B10: 07.00 - 07.15 | C10: 20 | D10: 1 | E10: 4 | F10: 30 | G10: 1 | H10: 3 | I10: 11 | J10: 1 | K10: 2 | L10: 2 | M10: 40 | N10: 0 | O10: =SUM(C10:L10,N10) -> 75 | P10: =SUM(C10:N10) -> 115 | R10: 0700-0800 | S10: =SUM(C10:C13) -> 145 | T10: =SUM(D10:D13) -> 21 | U10: =SUM(E10:E13) -> 22 | V10: =SUM(F10:F13) -> 170 | W10: =SUM(G10:G13) -> 7 | X10: =SUM(H10:H13) -> 5 | Y10: =SUM(I10:I13) -> 62 | Z10: =SUM(J10:J13) -> 19 | ... AF10: =SUM(P10:P13) -> 695
B11: 07.15 - 07.30 | C11: 48 | D11: 10 | E11: 6 | F11: 45 | G11: 1 | H11: 0 | I11: 15 | J11: 7 | K11: 6 | L11: 1 | M11: 64 | N11: 0 | O11: =SUM(C11:L11,N11) -> 139 | P11: =SUM(C11:N11) -> 203 | R11: 0800-0900 | S11: =SUM(C14:C17) -> 157 | T11: =SUM(D14:D17) -> 29 | U11: =SUM(E14:E17) -> 29 | V11: =SUM(F14:F17) -> 174 | W11: =SUM(G14:G17) -> 5 | X11: =SUM(H14:H17) -> 1 | Y11: =SUM(I14:I17) -> 70 | Z11: =SUM(J14:J17) -> 18 | ... AF11: =SUM(P14:P17) -> 734
B12: 07.30 - 07.45 | C12: 30 | D12: 5 | E12: 5 | F12: 40 | G12: 2 | H12: 0 | I12: 15 | J12: 5 | K12: 5 | L12: 3 | M12: 55 | N12: 0 | O12: =SUM(C12:L12,N12) -> 110 | P12: =SUM(C12:N12) -> 165 | R12: 0900-1000 | S12: =SUM(C18:C21) -> 204 | T12: =SUM(D18:D21) -> 32 | U12: =SUM(E18:E21) -> 27 | V12: =SUM(F18:F21) -> 168 | W12: =SUM(G18:G21) -> 1 | X12: =SUM(H18:H21) -> 4 | Y12: =SUM(I18:I21) -> 62 | Z12: =SUM(J18:J21) -> 23 | ... AF12: =SUM(P18:P21) -> 778
B13: 07.45 - 08.00 | C13: 47 | D13: 5 | E13: 7 | F13: 55 | G13: 3 | H13: 2 | I13: 21 | J13: 6 | K13: 4 | L13: 2 | M13: 60 | N13: 0 | O13: =SUM(C13:L13,N13) -> 152 | P13: =SUM(C13:N13) -> 212 | R13: 1000-1100 | S13: =SUM(C22:C25) -> 226 | T13: =SUM(D22:D25) -> 32 | U13: =SUM(E22:E25) -> 36 | V13: =SUM(F22:F25) -> 182 | W13: =SUM(G22:G25) -> 9 | X13: =SUM(H22:H25) -> 3 | Y13: =SUM(I22:I25) -> 67 | Z13: =SUM(J22:J25) -> 21 | ... AF13: =SUM(P22:P25) -> 818
B14: 08.00 - 08.15 | C14: 36 | D14: 6 | E14: 10 | F14: 56 | G14: 4 | H14: 0 | I14: 25 | J14: 7 | K14: 1 | L14: 2 | M14: 60 | N14: 0 | O14: =SUM(C14:L14,N14) -> 147 | P14: =SUM(C14:N14) -> 207 | R14: 1100-1200 | S14: =SUM(C26:C29) -> 236 | T14: =SUM(D26:D29) -> 80 | U14: =SUM(E26:E29) -> 43 | V14: =SUM(F26:F29) -> 192 | W14: =SUM(G26:G29) -> 9 | X14: =SUM(H26:H29) -> 2 | Y14: =SUM(I26:I29) -> 73 | Z14: =SUM(J26:J29) -> 29 | ... AF14: =SUM(P26:P29) -> 925
B15: 08.15 - 08.30 | C15: 37 | D15: 6 | E15: 7 | F15: 40 | G15: 0 | H15: 0 | I15: 8 | J15: 1 | K15: 0 | L15: 0 | M15: 50 | N15: 0 | O15: =SUM(C15:L15,N15) -> 99 | P15: =SUM(C15:N15) -> 149 | R15: 1200-1300 | S15: =SUM(C30:C33) -> 270 | T15: =SUM(D30:D33) -> 82 | U15: =SUM(E30:E33) -> 47 | V15: =SUM(F30:F33) -> 179 | W15: =SUM(G30:G33) -> 9 | X15: =SUM(H30:H33) -> 8 | Y15: =SUM(I30:I33) -> 109 | Z15: =SUM(J30:J33) -> 22 | ... AF15: =SUM(P30:P33) -> 993
B16: 08.30 - 08.45 | C16: 40 | D16: 7 | E16: 8 | F16: 46 | G16: 0 | H16: 1 | I16: 20 | J16: 4 | K16: 1 | L16: 12 | M16: 60 | N16: 0 | O16: =SUM(C16:L16,N16) -> 139 | P16: =SUM(C16:N16) -> 199 | R16: 1300-1400 | S16: =SUM(C34:C37) -> 258 | T16: =SUM(D34:D37) -> 79 | U16: =SUM(E34:E37) -> 31 | V16: =SUM(F34:F37) -> 176 | W16: =SUM(G34:G37) -> 8 | X16: =SUM(H34:H37) -> 7 | Y16: =SUM(I34:I37) -> 73 | Z16: =SUM(J34:J37) -> 29 | ... AF16: =SUM(P34:P37) -> 836
B17: 08.45 - 9.00 | C17: 44 | D17: 10 | E17: 4 | F17: 32 | G17: 1 | H17: 0 | I17: 17 | J17: 6 | K17: 6 | L17: 3 | M17: 56 | N17: 0 | O17: =SUM(C17:L17,N17) -> 123 | P17: =SUM(C17:N17) -> 179 | R17: 1400-1500 | S17: =SUM(C38:C41) -> 210 | T17: =SUM(D38:D41) -> 71 | U17: =SUM(E38:E41) -> 56 | V17: =SUM(F38:F41) -> 165 | W17: =SUM(G38:G41) -> 5 | X17: =SUM(H38:H41) -> 5 | Y17: =SUM(I38:I41) -> 73 | Z17: =SUM(J38:J41) -> 20 | ... AF17: =SUM(P38:P41) -> 822
B18: 09.00 - 09.15 | C18: 50 | D18: 5 | E18: 4 | F18: 49 | G18: 0 | H18: 0 | I18: 13 | J18: 8 | K18: 3 | L18: 4 | M18: 50 | N18: 0 | O18: =SUM(C18:L18,N18) -> 136 | P18: =SUM(C18:N18) -> 186 | R18: 1500-1600 | S18: =SUM(C42:C45) -> 162 | T18: =SUM(D42:D45) -> 63 | U18: =SUM(E42:E45) -> 46 | V18: =SUM(F42:F45) -> 152 | W18: =SUM(G42:G45) -> 2 | X18: =SUM(H42:H45) -> 6 | Y18: =SUM(I42:I45) -> 72 | Z18: =SUM(J42:J45) -> 28 | ... AF18: =SUM(P42:P45) -> 792
B19: 09.15 - 09.30 | C19: 47 | D19: 6 | E19: 6 | F19: 42 | G19: 0 | H19: 1 | I19: 13 | J19: 4 | K19: 2 | L19: 0 | M19: 60 | N19: 0 | O19: =SUM(C19:L19,N19) -> 121 | P19: =SUM(C19:N19) -> 181 | R19: 1600-1700 | S19: =SUM(C46:C49) -> 130 | T19: =SUM(D46:D49) -> 37 | U19: =SUM(E46:E49) -> 29 | V19: =SUM(F46:F49) -> 116 | W19: =SUM(G46:G49) -> 1 | X19: =SUM(H46:H49) -> 2 | Y19: =SUM(I46:I49) -> 64 | Z19: =SUM(J46:J49) -> 25 | ... AF19: =SUM(P46:P49) -> 585
B20: 09.30 - 09.45 | C20: 47 | D20: 11 | E20: 9 | F20: 37 | G20: 1 | H20: 0 | I20: 19 | J20: 6 | K20: 4 | L20: 2 | M20: 55 | N20: 0 | O20: =SUM(C20:L20,N20) -> 136 | P20: =SUM(C20:N20) -> 191 | R20: 1700-1800 | S20: =SUM(C50:C53) -> 179 | T20: =SUM(D50:D53) -> 44 | U20: =SUM(E50:E53) -> 25 | V20: =SUM(F50:F53) -> 145 | W20: =SUM(G50:G53) -> 1 | X20: =SUM(H50:H53) -> 2 | Y20: =SUM(I50:I53) -> 68 | Z20: =SUM(J50:J53) -> 35 | ... AF20: =SUM(P50:P53) -> 702
B21: 09.45 - 10.00 | C21: 60 | D21: 10 | E21: 8 | F21: 40 | G21: 0 | H21: 3 | I21: 17 | J21: 5 | K21: 3 | L21: 2 | M21: 72 | N21: 0 | O21: =SUM(C21:L21,N21) -> 148 | P21: =SUM(C21:N21) -> 220 | R21: 1800-1900 | S21: =SUM(C54:C57) -> 114 | T21: =SUM(D54:D57) -> 26 | U21: =SUM(E54:E57) -> 16 | V21: =SUM(F54:F57) -> 120 | W21: =SUM(G54:G57) -> 2 | X21: =SUM(H54:H57) -> 1 | Y21: =SUM(I54:I57) -> 57 | Z21: =SUM(J54:J57) -> 38 | ... AF21: =SUM(P54:P57) -> 635
B22: 10.00 - 10.15 | C22: 56 | D22: 12 | E22: 6 | F22: 56 | G22: 1 | H22: 0 | I22: 15 | J22: 6 | K22: 2 | L22: 2 | M22: 70 | N22: 0 | O22: =SUM(C22:L22,N22) -> 156 | P22: =SUM(C22:N22) -> 226 | R22: 1900-2000 | S22: =SUM(C58:C61) -> 102 | T22: =SUM(D58:D61) -> 24 | U22: =SUM(E58:E61) -> 19 | V22: =SUM(F58:F61) -> 112 | W22: =SUM(G58:G61) -> 17 | X22: =SUM(H58:H61) -> 0 | Y22: =SUM(I58:I61) -> 19 | Z22: =SUM(J58:J61) -> 19 | ... AF22: =SUM(P58:P61) -> 495
B23: 10.15 - 10.30 | C23: 72 | D23: 1 | E23: 9 | F23: 40 | G23: 3 | H23: 0 | I23: 22 | J23: 3 | K23: 1 | L23: 0 | M23: 55 | N23: 1 | O23: =SUM(C23:L23,N23) -> 152 | P23: =SUM(C23:N23) -> 207 | R23: 2000-2100 | S23: =SUM(C62:C65) -> 77 | T23: =SUM(D62:D65) -> 13 | U23: =SUM(E62:E65) -> 13 | V23: =SUM(F62:F65) -> 79 | W23: =SUM(G62:G65) -> 9 | X23: =SUM(H62:H65) -> 3 | Y23: =SUM(I62:I65) -> 27 | Z23: =SUM(J62:J65) -> 13 | ... AF23: =SUM(P62:P65) -> 401
B24: 10.30 - 10.45 | C24: 55 | D24: 10 | E24: 11 | F24: 41 | G24: 2 | H24: 1 | I24: 13 | J24: 6 | K24: 1 | L24: 1 | M24: 60 | N24: 0 | O24: =SUM(C24:L24,N24) -> 141 | P24: =SUM(C24:N24) -> 201 | R24: 2100-2200 | S24: =SUM(C66:C69) -> 67 | T24: =SUM(D66:D69) -> 22 | U24: =SUM(E66:E69) -> 14 | V24: =SUM(F66:F69) -> 81 | W24: =SUM(G66:G69) -> 3 | X24: =SUM(H66:H69) -> 3 | Y24: =SUM(I66:I69) -> 25 | Z24: =SUM(J66:J69) -> 30 | ... AF24: =SUM(P66:P69) -> 381
B25: 10.45 - 11.00 | C25: 43 | D25: 9 | E25: 10 | F25: 45 | G25: 3 | H25: 2 | I25: 17 | J25: 6 | K25: 2 | L25: 2 | M25: 45 | N25: 0 | O25: =SUM(C25:L25,N25) -> 139 | P25: =SUM(C25:N25) -> 184 | R25: 2200-2300 | S25: =SUM(C70:C73) -> 98 | T25: =SUM(D70:D73) -> 17 | U25: =SUM(E70:E73) -> 11 | V25: =SUM(F70:F73) -> 141 | W25: =SUM(G70:G73) -> 9 | X25: =SUM(H70:H73) -> 11 | Y25: =SUM(I70:I73) -> 27 | Z25: =SUM(J70:J73) -> 23 | ... AF25: =SUM(P70:P73) -> 443
B26: 11.00 - 11.15 | C26: 54 | D26: 13 | E26: 8 | F26: 60 | G26: 2 | H26: 0 | I26: 21 | J26: 9 | K26: 1 | L26: 4 | M26: 65 | N26: 0 | O26: =SUM(C26:L26,N26) -> 172 | P26: =SUM(C26:N26) -> 237 | R26: 2300-0000 | S26: =SUM(C74:C77) -> 96 | T26: =SUM(D74:D77) -> 34 | U26: =SUM(E74:E77) -> 6 | V26: =SUM(F74:F77) -> 95 | W26: =SUM(G74:G77) -> 1 | X26: =SUM(H74:H77) -> 14 | Y26: =SUM(I74:I77) -> 20 | Z26: =SUM(J74:J77) -> 18 | ... AF26: =SUM(P74:P77) -> 359
B27: 11.15 - 11.30 | C27: 65 | D27: 12 | E27: 10 | F27: 50 | G27: 4 | H27: 0 | I27: 22 | J27: 9 | K27: 3 | L27: 5 | M27: 66 | N27: 0 | O27: =SUM(C27:L27,N27) -> 180 | P27: =SUM(C27:N27) -> 246 | R27: 0000-0100 | S27: =SUM(C78:C81) -> 79 | T27: =SUM(D78:D81) -> 12 | U27: =SUM(E78:E81) -> 7 | V27: =SUM(F78:F81) -> 56 | W27: =SUM(G78:G81) -> 1 | X27: =SUM(H78:H81) -> 15 | Y27: =SUM(I78:I81) -> 14 | Z27: =SUM(J78:J81) -> 12 | ... AF27: =SUM(P78:P81) -> 243
B28: 11.30 - 11.45 | C28: 69 | D28: 25 | E28: 18 | F28: 44 | G28: 0 | H28: 1 | I28: 17 | J28: 2 | K28: 2 | L28: 3 | M28: 45 | N28: 0 | O28: =SUM(C28:L28,N28) -> 181 | P28: =SUM(C28:N28) -> 226 | R28: 0100-0200 | S28: =SUM(C82:C85) -> 24 | T28: =SUM(D82:D85) -> 9 | U28: =SUM(E82:E85) -> 4 | V28: =SUM(F82:F85) -> 16 | W28: =SUM(G82:G85) -> 0 | X28: =SUM(H82:H85) -> 2 | Y28: =SUM(I82:I85) -> 14 | Z28: =SUM(J82:J85) -> 14 | ... AF28: =SUM(P82:P85) -> 179
B29: 11.45 - 12.00 | C29: 48 | D29: 30 | E29: 7 | F29: 38 | G29: 3 | H29: 1 | I29: 13 | J29: 9 | K29: 2 | L29: 0 | M29: 65 | N29: 0 | O29: =SUM(C29:L29,N29) -> 151 | P29: =SUM(C29:N29) -> 216 | R29: 0200-0300 | S29: =SUM(C86:C89) -> 12 | T29: =SUM(D86:D89) -> 2 | U29: =SUM(E86:E89) -> 4 | V29: =SUM(F86:F89) -> 6 | W29: =SUM(G86:G89) -> 0 | X29: =SUM(H86:H89) -> 1 | Y29: =SUM(I86:I89) -> 12 | Z29: =SUM(J86:J89) -> 4 | ... AF29: =SUM(P86:P89) -> 65
B30: 12.00 - 12.15 | C30: 64 | D30: 18 | E30: 14 | F30: 41 | G30: 0 | H30: 1 | I30: 17 | J30: 10 | K30: 1 | L30: 3 | M30: 60 | N30: 0 | O30: =SUM(C30:L30,N30) -> 169 | P30: =SUM(C30:N30) -> 229 | R30: 0300-0400 | S30: =SUM(C90:C93) -> 13 | T30: =SUM(D90:D93) -> 2 | U30: =SUM(E90:E93) -> 2 | V30: =SUM(F90:F93) -> 5 | W30: =SUM(G90:G93) -> 0 | X30: =SUM(H90:H93) -> 0 | Y30: =SUM(I90:I93) -> 6 | Z30: =SUM(J90:J93) -> 3 | ... AF30: =SUM(P90:P93) -> 43
B31: 12.15 - 12.30 | C31: 77 | D31: 26 | E31: 12 | F31: 56 | G31: 5 | H31: 0 | I31: 27 | J31: 10 | K31: 2 | L31: 1 | M31: 70 | N31: 0 | O31: =SUM(C31:L31,N31) -> 216 | P31: =SUM(C31:N31) -> 286 | R31: 0400-0500 | S31: =SUM(C94:C97) -> 12 | T31: =SUM(D94:D97) -> 3 | U31: =SUM(E94:E97) -> 3 | V31: =SUM(F94:F97) -> 6 | W31: =SUM(G94:G97) -> 0 | X31: =SUM(H94:H97) -> 0 | Y31: =SUM(I94:I97) -> 10 | Z31: =SUM(J94:J97) -> 7 | ... AF31: =SUM(P94:P97) -> 54
B32: 12.30 - 12.45 | C32: 57 | D32: 24 | E32: 14 | F32: 41 | G32: 1 | H32: 5 | I32: 45 | J32: 1 | K32: 0 | L32: 1 | M32: 62 | N32: 0 | O32: =SUM(C32:L32,N32) -> 189 | P32: =SUM(C32:N32) -> 251 | R32: 0500-0600 | S32: =SUM(C98:C101) -> 19 | T32: =SUM(D98:D101) -> 9 | U32: =SUM(E98:E101) -> 5 | V32: =SUM(F98:F101) -> 34 | W32: =SUM(G98:G101) -> 1 | X32: =SUM(H98:H101) -> 0 | Y32: =SUM(I98:I101) -> 26 | Z32: =SUM(J98:J101) -> 5 | ... AF32: =SUM(P98:P101) -> 138
B33: 12.45 - 13.00 | C33: 72 | D33: 14 | E33: 7 | F33: 41 | G33: 3 | H33: 2 | I33: 20 | J33: 1 | K33: 1 | L33: 2 | M33: 64 | N33: 0 | O33: =SUM(C33:L33,N33) -> 163 | P33: =SUM(C33:N33) -> 227 | R33: 0600-0700 | S33: =SUM(C102:C105) -> 50 | T33: =SUM(D102:D105) -> 9 | U33: =SUM(E102:E105) -> 10 | V33: =SUM(F102:F105) -> 101 | W33: =SUM(G102:G105) -> 1 | X33: =SUM(H102:H105) -> 1 | Y33: =SUM(I102:I105) -> 34 | Z33: =SUM(J102:J105) -> 32 | ... AF33: =SUM(P102:P105) -> 377
B34: 13.00 - 13.15 | C34: 84 | D34: 33 | E34: 7 | F34: 52 | G34: 2 | H34: 3 | I34: 8 | J34: 4 | K34: 1 | L34: 1 | M34: 30 | N34: 0 | O34: =SUM(C34:L34,N34) -> 195 | P34: =SUM(C34:N34) -> 225 | R34: AM Peak Hr | S34: =MAX(S10:S12) -> 204 | T34: =MAX(T10:T12) -> 32 | U34: =MAX(U10:U12) -> 29 | V34: =MAX(V10:V12) -> 174 | W34: =MAX(W10:W12) -> 7 | X34: =MAX(X10:X12) -> 5 | Y34: =MAX(Y10:Y12) -> 70 | Z34: =MAX(Z10:Z12) -> 23 | ... AF34: =MAX(AF10:AF12) -> 778
B35: 13.15 - 13.30 | C35: 52 | D35: 12 | E35: 7 | F35: 27 | G35: 2 | H35: 0 | I35: 10 | J35: 10 | K35: 5 | L35: 2 | M35: 40 | N35: 0 | O35: =SUM(C35:L35,N35) -> 127 | P35: =SUM(C35:N35) -> 167 | R35: IP Peak Hr | S35: =MAX(S13:S18) -> 270 | T35: =MAX(T13:T18) -> 82 | U35: =MAX(U13:U18) -> 56 | V35: =MAX(V13:V18) -> 192 | W35: =MAX(W13:W18) -> 9 | X35: =MAX(X13:X18) -> 8 | Y35: =MAX(Y13:Y18) -> 109 | Z35: =MAX(Z13:Z18) -> 29 | ... AF35: =MAX(AF13:AF18) -> 993
B36: 13.30 - 13.45 | C36: 55 | D36: 21 | E36: 11 | F36: 56 | G36: 2 | H36: 4 | I36: 36 | J36: 6 | K36: 4 | L36: 1 | M36: 36 | N36: 0 | O36: =SUM(C36:L36,N36) -> 196 | P36: =SUM(C36:N36) -> 232 | R36: PM Peak Hr | S36: =MAX(S19:S21) -> 179 | T36: =MAX(T19:T21) -> 44 | U36: =MAX(U19:U21) -> 29 | V36: =MAX(V19:V21) -> 145 | W36: =MAX(W19:W21) -> 2 | X36: =MAX(X19:X21) -> 2 | Y36: =MAX(Y19:Y21) -> 68 | Z36: =MAX(Z19:Z21) -> 38 | ... AF36: =MAX(AF19:AF21) -> 702
B37: 13.45 - 14.00 | C37: 67 | D37: 13 | E37: 6 | F37: 41 | G37: 2 | H37: 0 | I37: 19 | J37: 9 | K37: 4 | L37: 1 | M37: 50 | N37: 0 | O37: =SUM(C37:L37,N37) -> 162 | P37: =SUM(C37:N37) -> 212 | R37: AM Period | S37: =SUM(S10:S12) -> 506 | T37: =SUM(T10:T12) -> 82 | U37: =SUM(U10:U12) -> 78 | V37: =SUM(V10:V12) -> 512 | W37: =SUM(W10:W12) -> 13 | X37: =SUM(X10:X12) -> 10 | Y37: =SUM(Y10:Y12) -> 194 | Z37: =SUM(Z10:Z12) -> 60 | ... AF37: =SUM(AF10:AF12) -> 2207
B38: 14.00 - 14.15 | C38: 56 | D38: 21 | E38: 16 | F38: 43 | G38: 1 | H38: 0 | I38: 23 | J38: 12 | K38: 1 | L38: 3 | M38: 50 | N38: 0 | O38: =SUM(C38:L38,N38) -> 176 | P38: =SUM(C38:N38) -> 226 | R38: IP Period | S38: =SUM(S13:S18) -> 1362 | T38: =SUM(T13:T18) -> 407 | U38: =SUM(U13:U18) -> 259 | V38: =SUM(V13:V18) -> 1046 | W38: =SUM(W13:W18) -> 42 | X38: =SUM(X13:X18) -> 31 | Y38: =SUM(Y13:Y18) -> 467 | Z38: =SUM(Z13:Z18) -> 149 | ... AF38: =SUM(AF13:AF18) -> 5186
B39: 14.15 - 14.30 | C39: 37 | D39: 20 | E39: 11 | F39: 34 | G39: 1 | H39: 3 | I39: 13 | J39: 3 | K39: 0 | L39: 3 | M39: 45 | N39: 0 | O39: =SUM(C39:L39,N39) -> 125 | P39: =SUM(C39:N39) -> 170 | R39: PM Period | S39: =SUM(S19:S21) -> 423 | T39: =SUM(T19:T21) -> 107 | U39: =SUM(U19:U21) -> 70 | V39: =SUM(V19:V21) -> 381 | W39: =SUM(W19:W21) -> 4 | X39: =SUM(X19:X21) -> 5 | Y39: =SUM(Y19:Y21) -> 189 | Z39: =SUM(Z19:Z21) -> 98 | ... AF39: =SUM(AF19:AF21) -> 1922
B40: 14.30 - 14.45 | C40: 77 | D40: 22 | E40: 20 | F40: 62 | G40: 2 | H40: 1 | I40: 15 | J40: 3 | K40: 2 | L40: 4 | M40: 61 | N40: 1 | O40: =SUM(C40:L40,N40) -> 209 | P40: =SUM(C40:N40) -> 270 | R40: 12 Hours | S40: =SUM(S10:S21) -> 2291 | T40: =SUM(T10:T21) -> 596 | U40: =SUM(U10:U21) -> 407 | V40: =SUM(V10:V21) -> 1939 | W40: =SUM(W10:W21) -> 59 | X40: =SUM(X10:X21) -> 46 | Y40: =SUM(Y10:Y21) -> 850 | Z40: =SUM(Z10:Z21) -> 307 | ... AF40: =SUM(AF10:AF21) -> 9315
B41: 14.45 - 15.00 | C41: 40 | D41: 8 | E41: 9 | F41: 26 | G41: 1 | H41: 1 | I41: 22 | J41: 2 | K41: 4 | L41: 3 | M41: 40 | N41: 0 | O41: =SUM(C41:L41,N41) -> 116 | P41: =SUM(C41:N41) -> 156 | R41: 24 Hrs/ADT | S41: =SUM(S10:S33) -> 2940 | T41: =SUM(T10:T33) -> 752 | U41: =SUM(U10:U33) -> 505 | V41: =SUM(V10:V33) -> 2671 | W41: =SUM(W10:W33) -> 101 | X41: =SUM(X10:X33) -> 96 | Y41: =SUM(Y10:Y33) -> 1084 | Z41: =SUM(Z10:Z33) -> 487 | ... AF41: =SUM(AF10:AF33) -> 12493
B42: 15.00 - 15.15 | C42: 54 | D42: 18 | E42: 7 | F42: 44 | G42: 1 | H42: 3 | I42: 19 | J42: 8 | K42: 4 | L42: 0 | M42: 50 | N42: 0 | O42: =SUM(C42:L42,N42) -> 158 | P42: =SUM(C42:N42) -> 208 | R42: NEF | S42: =S41/S40 -> 1.2832824 | T42: =T41/T40 -> 1.261745 | U42: =U41/U40 -> 1.2407862 | V42: =V41/V40 -> 1.3775142 | W42: =W41/W40 -> 1.7118644 | X42: =X41/X40 -> 2.0869565 | Y42: =Y41/Y40 -> 1.2752941 | Z42: =Z41/Z40 -> 1.5863192 | ... AF42: =AF41/AF40 -> 1.3411702
B43: 15.15 - 15.30 | C43: 19 | D43: 11 | E43: 7 | F43: 23 | G43: 1 | H43: 1 | I43: 20 | J43: 6 | K43: 1 | L43: 4 | M43: 53 | N43: 0 | O43: =SUM(C43:L43,N43) -> 93 | P43: =SUM(C43:N43) -> 146
B44: 15.30 - 15.45 | C44: 60 | D44: 14 | E44: 24 | F44: 38 | G44: 0 | H44: 1 | I44: 22 | J44: 10 | K44: 5 | L44: 7 | M44: 64 | N44: 0 | O44: =SUM(C44:L44,N44) -> 181 | P44: =SUM(C44:N44) -> 245
B45: 15.45 - 16.00 | C45: 29 | D45: 20 | E45: 8 | F45: 47 | G45: 0 | H45: 1 | I45: 11 | J45: 4 | K45: 2 | L45: 1 | M45: 70 | N45: 0 | O45: =SUM(C45:L45,N45) -> 123 | P45: =SUM(C45:N45) -> 193
B46: 16.00 - 16.15 | C46: 28 | D46: 12 | E46: 11 | F46: 27 | G46: 1 | H46: 0 | I46: 23 | J46: 7 | K46: 3 | L46: 4 | M46: 40 | N46: 0 | O46: =SUM(C46:L46,N46) -> 116 | P46: =SUM(C46:N46) -> 156
B47: 16.15 -16.30 | C47: 39 | D47: 6 | E47: 8 | F47: 21 | G47: 0 | H47: 0 | I47: 10 | J47: 8 | K47: 3 | L47: 2 | M47: 35 | N47: 0 | O47: =SUM(C47:L47,N47) -> 97 | P47: =SUM(C47:N47) -> 132
B48: 16.30 -16.45 | C48: 42 | D48: 12 | E48: 7 | F48: 45 | G48: 0 | H48: 1 | I48: 11 | J48: 5 | K48: 2 | L48: 3 | M48: 45 | N48: 0 | O48: =SUM(C48:L48,N48) -> 128 | P48: =SUM(C48:N48) -> 173
B49: 16.45 -17.00 | C49: 21 | D49: 7 | E49: 3 | F49: 23 | G49: 0 | H49: 1 | I49: 20 | J49: 5 | K49: 1 | L49: 2 | M49: 41 | N49: 0 | O49: =SUM(C49:L49,N49) -> 83 | P49: =SUM(C49:N49) -> 124
B50: 17.00 -17.15 | C50: 57 | D50: 10 | E50: 5 | F50: 44 | G50: 0 | H50: 2 | I50: 22 | J50: 10 | K50: 3 | L50: 3 | M50: 45 | N50: 0 | O50: =SUM(C50:L50,N50) -> 156 | P50: =SUM(C50:N50) -> 201
B51: 17.15 -17.30 | C51: 35 | D51: 5 | E51: 8 | F51: 28 | G51: 0 | H51: 0 | I51: 10 | J51: 3 | K51: 5 | L51: 2 | M51: 50 | N51: 0 | O51: =SUM(C51:L51,N51) -> 96 | P51: =SUM(C51:N51) -> 146
B52: 17.30 -17.45 | C52: 50 | D52: 8 | E52: 7 | F52: 41 | G52: 0 | H52: 0 | I52: 20 | J52: 11 | K52: 1 | L52: 9 | M52: 40 | N52: 0 | O52: =SUM(C52:L52,N52) -> 147 | P52: =SUM(C52:N52) -> 187
B53: 17.45 -18.00 | C53: 37 | D53: 21 | E53: 5 | F53: 32 | G53: 1 | H53: 0 | I53: 16 | J53: 11 | K53: 8 | L53: 2 | M53: 35 | N53: 0 | O53: =SUM(C53:L53,N53) -> 133 | P53: =SUM(C53:N53) -> 168
B54: 18.00 - 18.15 | C54: 32 | D54: 9 | E54: 3 | F54: 20 | G54: 1 | H54: 0 | I54: 20 | J54: 10 | K54: 2 | L54: 6 | M54: 47 | N54: 0 | O54: =SUM(C54:L54,N54) -> 103 | P54: =SUM(C54:N54) -> 150
... B105: 06.45 - 07.00 | C105: 15 | D105: 2 | E105: 3 | F105: 25 | G105: 0 | H105: 0 | I105: 14 | J105: 11 | K105: 2 | L105: 0 | M105: 48 | N105: 0 | O105: =SUM(C105:L105,N105) -> 72 | P105: =SUM(C105:N105) -> 120
B106: Totals | C106: =SUM(C10:C105) -> 2940 | D106: =SUM(D10:D105) -> 752 | E106: =SUM(E10:E105) -> 505 | F106: =SUM(F10:F105) -> 2671 | G106: =SUM(G10:G105) -> 101 | H106: =SUM(H10:H105) -> 96 | I106: =SUM(I10:I105) -> 1084 | J106: =SUM(J10:J105) -> 487 | ... P106: =SUM(P10:P105) -> 12493
B107: %ges + MCs | C107: =C106/$P$106 -> 0.23533179 | D107: =D106/$P$106 -> 0.060193708 | E107: =E106/$P$106 -> 0.040422637 | F107: =F106/$P$106 -> 0.21379973 | G107: =G106/$P$106 -> 0.0080845273 | H107: =H106/$P$106 -> 0.0076843032 | I107: =I106/$P$106 -> 0.08676859 | J107: =J106/$P$106 -> 0.03898183 | ... N107: =N106/$P$106 -> 0.00016008965
B108: %ges w/o MCs | C108: =C106/$O$106 -> 0.32489778 | D108: =D106/$O$106 -> 0.083103105 | E108: =E106/$O$106 -> 0.055807272 | F108: =F106/$O$106 -> 0.29517074 | G108: =G106/$O$106 -> 0.011161454 | H108: =H106/$O$106 -> 0.010608907 | I108: =I106/$O$106 -> 0.11979224 | J108: =J106/$O$106 -> 0.053818101 | ... L108: =L106/$O$106 -> 0.021438833 | N108: =N106/$O$106 -> 0.0002210189

Sheet 29.09 Bombo-Matugga
B1: Consultancy services for Preparation of Expressway Development Master Plan (EDMP) for Uganda
B2: MANUAL CLASSIFIED COUNT (MCC)
B3: ROAD NAME: | C3: BOMBO ROAD
C5: Date | D5: 29.9.19 | F5: Location | G5: ='[2]28.09 BOMBO-MATUGGA-24h'!G5:H5 -> MATUGGA GAZ | J5: Surveyor | K5: ='[2]28.09 BOMBO-MATUGGA-24h'!K5:L5 -> OMEJJE
C6: Dir. From | D6: BOMBO | F6: Dir. To | G6: MATUGGA GAZ | J6: Supervisor | K6: ='[2]28.09 BOMBO-MATUGGA-24h'!K6:L6 -> NUSURAH
B8: Time / Veh Type | R8: SUMMARY TRAFFIC VOLUMES
C9: 1. Car | D9: 2. Station Wagon | E9: 3. Pickups | F9: 4. Minibus, matatu | G9: 5. Medium bus | H9: 6. Large Bus | I9: 7. Light Truck | J9: 8. Medium Truck | K9: 9. Heavy truck | L9: 10. Truck Trailer | M9: 11. Motor cycles | N9: 12. Tractors | O9: Total Excl M/Cycles | P9: Total All | R9: Time | S9: 1. Car | T9: 2. Station Wagon | U9: 3. Pickups | V9: 4. Minibus, matatu | W9: 5. Medium bus | X9: 6. Large Bus | Y9: 7. Light Truck | Z9: 8. Medium Truck | AA9: 9. Heavy truck | AB9: 10. Truck Trailer | AC9: 11. Motorcycles | AD9: 12. Tractors, Graders | AE9: Total Excl M/ Cycles | AF9: Total All
B10: 07.00 - 07.15 | C10: 20 | D10: 1 | E10: 1 | F10: 32 | G10: 0 | H10: 0 | I10: 10 | J10: 2 | K10: 0 | L10: 1 | M10: 87 | N10: 0 | O10: =SUM(C10:L10,N10) -> 67 | P10: =SUM(C10:N10) -> 154 | R10: 0700-0800 | S10: =SUM(C10:C13) -> 81 | T10: =SUM(D10:D13) -> 12 | U10: =SUM(E10:E13) -> 8 | V10: =SUM(F10:F13) -> 133 | W10: =SUM(G10:G13) -> 2 | X10: =SUM(H10:H13) -> 0 | Y10: =SUM(I10:I13) -> 30 | Z10: =SUM(J10:J13) -> 2 | ... AF10: =SUM(P10:P13) -> 562
B11: 07.15 - 07.30 | C11: 22 | D11: 2 | E11: 3 | F11: 37 | G11: 0 | H11: 0 | I11: 7 | J11: 0 | K11: 0 | L11: 2 | M11: 46 | N11: 0 | O11: =SUM(C11:L11,N11) -> 73 | P11: =SUM(C11:N11) -> 119 | R11: 0800-0900 | S11: =SUM(C14:C17) -> 81 | T11: =SUM(D14:D17) -> 12 | U11: =SUM(E14:E17) -> 9 | V11: =SUM(F14:F17) -> 146 | W11: =SUM(G14:G17) -> 2 | X11: =SUM(H14:H17) -> 0 | Y11: =SUM(I14:I17) -> 42 | Z11: =SUM(J14:J17) -> 1 | ... AF11: =SUM(P14:P17) -> 575
B12: 07.30 - 07.45 | C12: 22 | D12: 4 | E12: 1 | F12: 31 | G12: 0 | H12: 0 | I12: 5 | J12: 0 | K12: 3 | L12: 0 | M12: 63 | N12: 0 | O12: =SUM(C12:L12,N12) -> 66 | P12: =SUM(C12:N12) -> 129 | R12: 0900-1000 | S12: =SUM(C18:C21) -> 119 | T12: =SUM(D18:D21) -> 21 | U12: =SUM(E18:E21) -> 13 | V12: =SUM(F18:F21) -> 127 | W12: =SUM(G18:G21) -> 1 | X12: =SUM(H18:H21) -> 2 | Y12: =SUM(I18:I21) -> 47 | Z12: =SUM(J18:J21) -> 2 | ... AF12: =SUM(P18:P21) -> 592
B13: 07.45 - 08.00 | C13: 17 | D13: 5 | E13: 3 | F13: 33 | G13: 2 | H13: 0 | I13: 8 | J13: 0 | K13: 0 | L13: 2 | M13: 89 | N13: 1 | O13: =SUM(C13:L13,N13) -> 71 | P13: =SUM(C13:N13) -> 160 | R13: 1000-1100 | S13: =SUM(C22:C25) -> 129 | T13: =SUM(D22:D25) -> 22 | U13: =SUM(E22:E25) -> 14 | V13: =SUM(F22:F25) -> 131 | W13: =SUM(G22:G25) -> 0 | X13: =SUM(H22:H25) -> 0 | Y13: =SUM(I22:I25) -> 51 | Z13: =SUM(J22:J25) -> 1 | ... AF13: =SUM(P22:P25) -> 575
B14: 08.00 - 08.15 | C14: 35 | D14: 4 | E14: 2 | F14: 37 | G14: 2 | H14: 0 | I14: 13 | J14: 0 | K14: 0 | L14: 0 | M14: 70 | N14: 0 | O14: =SUM(C14:L14,N14) -> 93 | P14: =SUM(C14:N14) -> 163 | R14: 1100-1200 | S14: =SUM(C26:C29) -> 86 | T14: =SUM(D26:D29) -> 6 | U14: =SUM(E26:E29) -> 9 | V14: =SUM(F26:F29) -> 129 | W14: =SUM(G26:G29) -> 0 | X14: =SUM(H26:H29) -> 0 | Y14: =SUM(I26:I29) -> 56 | Z14: =SUM(J26:J29) -> 8 | ... AF14: =SUM(P26:P29) -> 560
B15: 08.15 - 08.30 | C15: 14 | D15: 2 | E15: 4 | F15: 38 | G15: 0 | H15: 0 | I15: 11 | J15: 0 | K15: 0 | L15: 2 | M15: 65 | N15: 0 | O15: =SUM(C15:L15,N15) -> 71 | P15: =SUM(C15:N15) -> 136 | R15: 1200-1300 | S15: =SUM(C30:C33) -> 120 | T15: =SUM(D30:D33) -> 23 | U15: =SUM(E30:E33) -> 23 | V15: =SUM(F30:F33) -> 153 | W15: =SUM(G30:G33) -> 1 | X15: =SUM(H30:H33) -> 3 | Y15: =SUM(I30:I33) -> 33 | Z15: =SUM(J30:J33) -> 6 | ... AF15: =SUM(P30:P33) -> 469
B16: 08.30 - 08.45 | C16: 16 | D16: 1 | E16: 2 | F16: 37 | G16: 0 | H16: 0 | I16: 8 | J16: 1 | K16: 1 | L16: 2 | M16: 51 | N16: 1 | O16: =SUM(C16:L16,N16) -> 69 | P16: =SUM(C16:N16) -> 120 | R16: 1300-1400 | S16: =SUM(C34:C37) -> 161 | T16: =SUM(D34:D37) -> 30 | U16: =SUM(E34:E37) -> 21 | V16: =SUM(F34:F37) -> 117 | W16: =SUM(G34:G37) -> 1 | X16: =SUM(H34:H37) -> 2 | Y16: =SUM(I34:I37) -> 49 | Z16: =SUM(J34:J37) -> 3 | ... AF16: =SUM(P34:P37) -> 528
B17: 08.45 - 9.00 | C17: 16 | D17: 5 | E17: 1 | F17: 34 | G17: 0 | H17: 0 | I17: 10 | J17: 0 | K17: 1 | L17: 3 | M17: 86 | N17: 0 | O17: =SUM(C17:L17,N17) -> 70 | P17: =SUM(C17:N17) -> 156 | R17: 1400-1500 | S17: =SUM(C38:C41) -> 135 | T17: =SUM(D38:D41) -> 29 | U17: =SUM(E38:E41) -> 20 | V17: =SUM(F38:F41) -> 117 | W17: =SUM(G38:G41) -> 1 | X17: =SUM(H38:H41) -> 4 | Y17: =SUM(I38:I41) -> 71 | Z17: =SUM(J38:J41) -> 2 | ... AF17: =SUM(P38:P41) -> 640
B18: 09.00 - 09.15 | C18: 30 | D18: 2 | E18: 5 | F18: 22 | G18: 0 | H18: 0 | I18: 6 | J18: 1 | K18: 0 | L18: 1 | M18: 67 | N18: 0 | O18: =SUM(C18:L18,N18) -> 67 | P18: =SUM(C18:N18) -> 134 | R18: 1500-1600 | S18: =SUM(C42:C45) -> 188 | T18: =SUM(D42:D45) -> 43 | U18: =SUM(E42:E45) -> 29 | V18: =SUM(F42:F45) -> 143 | W18: =SUM(G42:G45) -> 3 | X18: =SUM(H42:H45) -> 5 | Y18: =SUM(I42:I45) -> 79 | Z18: =SUM(J42:J45) -> 4 | ... AF18: =SUM(P42:P45) -> 749
B19: 09.15 - 09.30 | C19: 29 | D19: 8 | E19: 3 | F19: 34 | G19: 0 | H19: 0 | I19: 13 | J19: 1 | K19: 1 | L19: 0 | M19: 71 | N19: 0 | O19: =SUM(C19:L19,N19) -> 89 | P19: =SUM(C19:N19) -> 160 | R19: 1600-1700 | S19: =SUM(C46:C49) -> 194 | T19: =SUM(D46:D49) -> 42 | U19: =SUM(E46:E49) -> 33 | V19: =SUM(F46:F49) -> 164 | W19: =SUM(G46:G49) -> 9 | X19: =SUM(H46:H49) -> 5 | Y19: =SUM(I46:I49) -> 61 | Z19: =SUM(J46:J49) -> 1 | ... AF19: =SUM(P46:P49) -> 771
B20: 09.30 - 09.45 | C20: 30 | D20: 4 | E20: 3 | F20: 33 | G20: 1 | H20: 0 | I20: 10 | J20: 0 | K20: 0 | L20: 3 | M20: 52 | N20: 0 | O20: =SUM(C20:L20,N20) -> 84 | P20: =SUM(C20:N20) -> 136 | R20: 1700-1800 | S20: =SUM(C50:C53) -> 253 | T20: =SUM(D50:D53) -> 56 | U20: =SUM(E50:E53) -> 31 | V20: =SUM(F50:F53) -> 139 | W20: =SUM(G50:G53) -> 5 | X20: =SUM(H50:H53) -> 3 | Y20: =SUM(I50:I53) -> 80 | Z20: =SUM(J50:J53) -> 2 | ... AF20: =SUM(P50:P53) -> 881
B21: 09.45 - 10.00 | C21: 30 | D21: 7 | E21: 2 | F21: 38 | G21: 0 | H21: 2 | I21: 18 | J21: 0 | K21: 0 | L21: 3 | M21: 62 | N21: 0 | O21: =SUM(C21:L21,N21) -> 100 | P21: =SUM(C21:N21) -> 162 | R21: 1800-1900 | S21: =SUM(C54:C57) -> 342 | T21: =SUM(D54:D57) -> 65 | U21: =SUM(E54:E57) -> 50 | V21: =SUM(F54:F57) -> 195 | W21: =SUM(G54:G57) -> 3 | X21: =SUM(H54:H57) -> 6 | Y21: =SUM(I54:I57) -> 78 | Z21: =SUM(J54:J57) -> 1 | ... AF21: =SUM(P54:P57) -> 1019
B22: 10.00 - 10.15 | C22: 31 | D22: 4 | E22: 3 | F22: 37 | G22: 0 | H22: 0 | I22: 16 | J22: 1 | K22: 0 | L22: 0 | M22: 58 | N22: 0 | O22: =SUM(C22:L22,N22) -> 92 | P22: =SUM(C22:N22) -> 150 | R22: AM Peak Hr | S22: =MAX(S10:S12) -> 119 | T22: =MAX(T10:T12) -> 21 | U22: =MAX(U10:U12) -> 13 | V22: =MAX(V10:V12) -> 146 | W22: =MAX(W10:W12) -> 2 | X22: =MAX(X10:X12) -> 2 | Y22: =MAX(Y10:Y12) -> 47 | Z22: =MAX(Z10:Z12) -> 2 | ... AF22: =MAX(AF10:AF12) -> 592
B23: 10.15 - 10.30 | C23: 31 | D23: 8 | E23: 1 | F23: 40 | G23: 0 | H23: 0 | I23: 12 | J23: 0 | K23: 0 | L23: 0 | M23: 53 | N23: 0 | O23: =SUM(C23:L23,N23) -> 92 | P23: =SUM(C23:N23) -> 145 | R23: IP Peak Hr | S23: =MAX(S13:S18) -> 188 | T23: =MAX(T13:T18) -> 43 | U23: =MAX(U13:U18) -> 29 | V23: =MAX(V13:V18) -> 153 | W23: =MAX(W13:W18) -> 3 | X23: =MAX(X13:X18) -> 5 | Y23: =MAX(Y13:Y18) -> 79 | Z23: =MAX(Z13:Z18) -> 8 | ... AF23: =MAX(AF13:AF18) -> 749
B24: 10.30 - 10.45 | C24: 35 | D24: 6 | E24: 5 | F24: 27 | G24: 0 | H24: 0 | I24: 11 | J24: 0 | K24: 0 | L24: 0 | M24: 52 | N24: 0 | O24: =SUM(C24:L24,N24) -> 84 | P24: =SUM(C24:N24) -> 136 | R24: PM Peak Hr | S24: =MAX(S19:S21) -> 342 | T24: =MAX(T19:T21) -> 65 | U24: =MAX(U19:U21) -> 50 | V24: =MAX(V19:V21) -> 195 | W24: =MAX(W19:W21) -> 9 | X24: =MAX(X19:X21) -> 6 | Y24: =MAX(Y19:Y21) -> 80 | Z24: =MAX(Z19:Z21) -> 2 | ... AF24: =MAX(AF19:AF21) -> 1019
B25: 10.45 - 11.00 | C25: 32 | D25: 4 | E25: 5 | F25: 27 | G25: 0 | H25: 0 | I25: 12 | J25: 0 | K25: 0 | L25: 2 | M25: 62 | N25: 0 | O25: =SUM(C25:L25,N25) -> 82 | P25: =SUM(C25:N25) -> 144 | R25: AM Period | S25: =SUM(S10:S12) -> 281 | T25: =SUM(T10:T12) -> 45 | U25: =SUM(U10:U12) -> 30 | V25: =SUM(V10:V12) -> 406 | W25: =SUM(W10:W12) -> 5 | X25: =SUM(X10:X12) -> 2 | Y25: =SUM(Y10:Y12) -> 119 | Z25: =SUM(Z10:Z12) -> 5 | ... AF25: =SUM(AF10:AF12) -> 1729
B26: 11.00 - 11.15 | C26: 28 | D26: 1 | E26: 3 | F26: 29 | G26: 0 | H26: 0 | I26: 19 | J26: 0 | K26: 1 | L26: 0 | M26: 50 | N26: 0 | O26: =SUM(C26:L26,N26) -> 81 | P26: =SUM(C26:N26) -> 131 | R26: IP Period | S26: =SUM(S13:S18) -> 819 | T26: =SUM(T13:T18) -> 153 | U26: =SUM(U13:U18) -> 116 | V26: =SUM(V13:V18) -> 790 | W26: =SUM(W13:W18) -> 6 | X26: =SUM(X13:X18) -> 14 | Y26: =SUM(Y13:Y18) -> 339 | Z26: =SUM(Z13:Z18) -> 24 | ... AF26: =SUM(AF13:AF18) -> 3521
B27: 11.15 - 11.30 | C27: 20 | D27: 0 | E27: 0 | F27: 40 | G27: 0 | H27: 0 | I27: 11 | J27: 3 | K27: 0 | L27: 2 | M27: 58 | N27: 0 | O27: =SUM(C27:L27,N27) -> 76 | P27: =SUM(C27:N27) -> 134 | R27: PM Period | S27: =SUM(S19:S21) -> 789 | T27: =SUM(T19:T21) -> 163 | U27: =SUM(U19:U21) -> 114 | V27: =SUM(V19:V21) -> 498 | W27: =SUM(W19:W21) -> 17 | X27: =SUM(X19:X21) -> 14 | Y27: =SUM(Y19:Y21) -> 219 | Z27: =SUM(Z19:Z21) -> 4 | ... AF27: =SUM(AF19:AF21) -> 2671
B28: 11.30 - 11.45 | C28: 20 | D28: 4 | E28: 1 | F28: 30 | G28: 0 | H28: 0 | I28: 12 | J28: 2 | K28: 0 | L28: 0 | M28: 72 | N28: 0 | O28: =SUM(C28:L28,N28) -> 69 | P28: =SUM(C28:N28) -> 141 | R28: 12 Hours | S28: =SUM(S10:S21) -> 1889 | T28: =SUM(T10:T21) -> 361 | U28: =SUM(U10:U21) -> 260 | V28: =SUM(V10:V21) -> 1694 | W28: =SUM(W10:W21) -> 28 | X28: =SUM(X10:X21) -> 30 | Y28: =SUM(Y10:Y21) -> 677 | Z28: =SUM(Z10:Z21) -> 33 | ... AF28: =SUM(AF10:AF21) -> 7921
B29: 11.45 - 12.00 | C29: 18 | D29: 1 | E29: 5 | F29: 30 | G29: 0 | H29: 0 | I29: 14 | J29: 3 | K29: 2 | L29: 1 | M29: 80 | N29: 0 | O29: =SUM(C29:L29,N29) -> 74 | P29: =SUM(C29:N29) -> 154
B30: 12.00 - 12.15 | C30: 18 | D30: 2 | E30: 8 | F30: 42 | G30: 1 | H30: 1 | I30: 8 | J30: 1 | K30: 1 | L30: 2 | M30: 6 | N30: 0 | O30: =SUM(C30:L30,N30) -> 84 | P30: =SUM(C30:N30) -> 90
B31: 12.15 - 12.30 | C31: 37 | D31: 5 | E31: 5 | F31: 30 | G31: 0 | H31: 0 | I31: 10 | J31: 4 | K31: 0 | L31: 0 | M31: 53 | N31: 0 | O31: =SUM(C31:L31,N31) -> 91 | P31: =SUM(C31:N31) -> 144
B32: 12.30 - 12.45 | C32: 30 | D32: 10 | E32: 7 | F32: 40 | G32: 0 | H32: 0 | I32: 9 | J32: 1 | K32: 0 | L32: 2 | M32: 25 | N32: 1 | O32: =SUM(C32:L32,N32) -> 100 | P32: =SUM(C32:N32) -> 125
B33: 12.45 - 13.00 | C33: 35 | D33: 6 | E33: 3 | F33: 41 | G33: 0 | H33: 2 | I33: 6 | J33: 0 | K33: 0 | L33: 2 | M33: 15 | N33: 0 | O33: =SUM(C33:L33,N33) -> 95 | P33: =SUM(C33:N33) -> 110
B34: 13.00 - 13.15 | C34: 35 | D34: 9 | E34: 4 | F34: 30 | G34: 0 | H34: 1 | I34: 16 | J34: 0 | K34: 0 | L34: 3 | M34: 23 | N34: 0 | O34: =SUM(C34:L34,N34) -> 98 | P34: =SUM(C34:N34) -> 121
B35: 13.15 - 13.30 | C35: 40 | D35: 8 | E35: 5 | F35: 30 | G35: 0 | H35: 0 | I35: 10 | J35: 1 | K35: 0 | L35: 2 | M35: 41 | N35: 0 | O35: =SUM(C35:L35,N35) -> 96 | P35: =SUM(C35:N35) -> 137
B36: 13.30 - 13.45 | C36: 41 | D36: 4 | E36: 7 | F36: 22 | G36: 1 | H36: 1 | I36: 12 | J36: 1 | K36: 1 | L36: 2 | M36: 27 | N36: 0 | O36: =SUM(C36:L36,N36) -> 92 | P36: =SUM(C36:N36) -> 119
B37: 13.45 - 14.00 | C37: 45 | D37: 9 | E37: 5 | F37: 35 | G37: 0 | H37: 0 | I37: 11 | J37: 1 | K37: 0 | L37: 0 | M37: 45 | N37: 0 | O37: =SUM(C37:L37,N37) -> 106 | P37: =SUM(C37:N37) -> 151
B38: 14.00 - 14.15 | C38: 34 | D38: 8 | E38: 3 | F38: 25 | G38: 0 | H38: 0 | I38: 10 | J38: 1 | K38: 0 | L38: 2 | M38: 56 | N38: 0 | O38: =SUM(C38:L38,N38) -> 83 | P38: =SUM(C38:N38) -> 139
B39: 14.15 - 14.30 | C39: 45 | D39: 12 | E39: 11 | F39: 27 | G39: 0 | H39: 1 | I39: 21 | J39: 0 | K39: 0 | L39: 2 | M39: 50 | N39: 0 | O39: =SUM(C39:L39,N39) -> 119 | P39: =SUM(C39:N39) -> 169
B40: 14.30 - 14.45 | C40: 25 | D40: 5 | E40: 0 | F40: 30 | G40: 1 | H40: 3 | I40: 22 | J40: 0 | K40: 0 | L40: 0 | M40: 53 | N40: 0 | O40: =SUM(C40:L40,N40) -> 86 | P40: =SUM(C40:N40) -> 139
... B57: 18.45 - 19.00 | C57: 75 | D57: 14 | E57: 10 | F57: 45 | G57: 0 | H57: 1 | I57: 22 | J57: 0 | K57: 0 | L57: 2 | M57: 82 | N57: 0 | O57: =SUM(C57:L57,N57) -> 169 | P57: =SUM(C57:N57) -> 251
B58: Totals | C58: =SUM(C10:C57) -> 1889 | D58: =SUM(D10:D57) -> 361 | E58: =SUM(E10:E57) -> 260 | F58: =SUM(F10:F57) -> 1694 | G58: =SUM(G10:G57) -> 28 | H58: =SUM(H10:H57) -> 30 | I58: =SUM(I10:I57) -> 677 | J58: =SUM(J10:J57) -> 33 | ... P58: =SUM(P10:P57) -> 7921
B59: %ges + MCs | C59: =C58/$P$58 -> 0.23847999 | D59: =D58/$P$58 -> 0.045575054 | E59: =E58/$P$58 -> 0.032824138 | F59: =F58/$P$58 -> 0.21386189 | G59: =G58/$P$58 -> 0.0035349072 | H59: =H58/$P$58 -> 0.0037874006 | I59: =I58/$P$58 -> 0.085469006 | J59: =J58/$P$58 -> 0.0041661406 | ... N59: =N58/$P$58 -> 0.00063123343
B60: %ges w/o MCs | C60: =C58/$O$58 -> 0.37309895 | D60: =D58/$O$58 -> 0.0713016 | E60: =E58/$O$58 -> 0.051352953 | F60: =F58/$O$58 -> 0.33458424 | G60: =G58/$O$58 -> 0.005530318 | H60: =H58/$O$58 -> 0.0059253407 | I60: =I58/$O$58 -> 0.13371519 | J60: =J58/$O$58 -> 0.0065178748 | ... L60: =L58/$O$58 -> 0.012838238 | N60: =N58/$O$58 -> 0.00098755678

Sheet 29.09 Matugga-Bombo
B1: Consultancy services for Preparation of Expressway Development Master Plan (EDMP) for Uganda
B2: MANUAL CLASSIFIED COUNT (MCC)
B3: ROAD NAME: | C3: ='[2]23.09 Matugga-Bombo'!C3:G3 -> MCC - C2 - STN067- BOMBO ROAD
C5: Date | D5: ='[2]29.09 BOMBO-MATUGGA'!D5 -> 29.9.19 | F5: Location | G5: ='[2]29.09 BOMBO-MATUGGA'!G5:H5 -> MATUGGA GAZ | J5: Surveyor | K5: ='[2]29.09 BOMBO-MATUGGA'!K5:L5 -> OMEJJE
C6: Dir. From | D6: ='[2]23.09 Matugga-Bombo'!D6:E6 -> Matugga | F6: Dir. To | G6: ='[2]23.09 Matugga-Bombo'!G6:H6 -> Bombo | J6: Supervisor | K6: ='[2]29.09 BOMBO-MATUGGA'!K6:L6 -> NUSURAH
B8: Time / Veh Type | R8: SUMMARY TRAFFIC VOLUMES
