Workbook

Sheet DAY1
A1: Consultancy services for Preparation of Expressway Development Master Plan (EDMP) for Uganda
A2: AXLE LOAD SURVEY FORM
A3: Date: | D3: Station: | E3: ABELOKODI
A4: 43675 | H4: GULU - NIMULE
A5: S/No. | B5: Time | C5: Reg. Number | D5: Vehicle Type | E5: Number of Axles | F5: Axle Configuration | G5: Front | H5: TONNES | N5: Total (Tonnes) | O5: Total (ESA's) | P5: COMMENTS
G6: Axle 1 | H6: Axle 2 | I6: Axle 3 | J6: Axle 4 | K6: Axle 5 | L6: Axle 6 | M6: Axle 7
A7: 1 | B7: 0.32638889 | C7: UAT 749G | D7: 11 | F7: 11*222 | G7: 8.36 | H7: 7.26 | I7: 15.84 | J7: 12.1 | K7: 0.88 | P7: Building mat./H. ware
A8: 2 | B8: 0.34236111 | C8: UAW 693R | D8: 8 | F8: 1*2 | G8: 6.16 | H8: 7.92 | P8: Agric Produce
A9: 3 | B9: 0.34444444 | C9: KBU 718F | D9: 12 | F9: 1*12*222 | G9: 4.62 | H9: 5.5 | I9: 9.02 | J9: 7.26 | K9: 8.8 | L9: 7.7 | P9: Fertilizer & Chemicals
A10: 4 | B10: 0.35416667 | C10: KCH 738B | D10: 12 | F10: 1*22-222 | G10: 6.616 | H10: 5.06 | I10: 5.5 | J10: 8.58 | K10: 6.6 | L10: 6.38 | P10: Agric Produce
A11: 5 | B11: 0.35694444 | C11: KBJ 767X | D11: 12 | F11: 1:22-222 | G11: 5.06 | H11: 3.74 | I11: 3.3 | J11: 4.4 | K11: 4.18 | L11: 2.42
A12: 6 | B12: 0.35902778 | C12: KBM 575D | D12: 12 | F12: 1*22-222 | G12: 6.16 | H12: 6.6 | I12: 6.82 | J12: 7.48 | K12: 7.7 | L12: 7.48 | P12: Agric Produce
A13: 7 | B13: 0.36319444 | C13: UAH 486T | D13: 11 | F13: 11*221 | G13: 5.94 | H13: 7.48 | I13: 9.02 | J13: 5.28 | K13: 3.74 | L13: 3.3 | P13: Agric Produce
A14: 8 | B14: 0.37152778 | C14: KAZ 983E | D14: 12 | F14: 1*22-222 | G14: 6.38 | H14: 6.82 | I14: 7.04 | J14: 3.74 | K14: 3.3 | L14: 3.52 | P14: Others
A15: 9 | B15: 0.375 | C15: UAH 697H | D15: 11 | F15: 11*222 | G15: 5.06 | H15: 11.22 | I15: 13.2 | J15: 7.04 | K15: 2.64 | P15: Agric Produce
A16: 10 | B16: 0.37847222 | C16: UBB 053Q | D16: 10 | F16: 11*222 | G16: 8.3 | H16: 7.7 | I16: 11.88 | J16: 11.66 | K16: 3.74 | P16: Agric Produce
A17: 11 | B17: 0.38194444 | C17: UAP 643U | D17: 8 | F17: 1*2 | G17: 5.28 | H17: 6.6 | P17: Agric Produce
A18: 12 | B18: 0.38333333 | C18: KBV 984C | D18: 10 | F18: 1*22-222 | G18: 5.72 | H18: 7.04 | I18: 7.26 | J18: 9.9 | K18: 7.92 | L18: 5.5 | P18: Building mat./H. ware
A19: 13 | B19: 0.39236111 | C19: KBP 596R | D19: 10 | F19: 1*12-222 | G19: 5.28 | H19: 2.86 | I19: 7.04 | J19: 6.38 | K19: 5.5 | L19: 4.18 | P19: Agric Produce
A20: 14 | B20: 0.40138889 | C20: KBA 665H | D20: 10 | F20: 1*12-222 | G20: 6.38 | H20: 4.62 | I20: 6.38 | J20: 7.04 | K20: 7.04 | L20: 7.48 | P20: Fuels(gas & Liquid)
A21: 15 | B21: 0.40416667 | C21: UAT 364P | D21: 10 | F21: 1*22-222 | G21: 8.4 | H21: 6.6 | I21: 6.38 | J21: 4.62 | K21: 5.28 | L21: 6.6 | P21: Agric Produce
A22: 16 | B22: 0.40625 | C22: UAX 096C | D22: 8 | F22: 1*2 | G22: 6.16 | H22: 8.92 | P22: Building mat./H. ware
A23: 17 | B23: 0.43611111 | C23: UAP 050X | D23: 10 | F23: 11*222 | G23: 6.6 | H23: 6.6 | I23: 10.56 | J23: 9.9 | K23: 0.88 | P23: Agric Produce
A24: 18 | B24: 0.45 | C24: UAW 964F | D24: 10 | F24: 1*22-222 | G24: 5.06 | H24: 5.06 | I24: 6.82 | J24: 5.28 | K24: 5.28 | L24: 6.6 | P24: Agric Produce
A25: 19 | B25: 0.45347222 | C25: UBB 645R | D25: 9 | F25: 1*22 | G25: 6.38 | H25: 12.54 | I25: 7.04 | P25: Agric Produce
A26: 20 | B26: 0.45694444 | C26: SSD 468B | D26: 10 | F26: 1*22-222 | G26: 4.18 | H26: 5.5 | I26: 1.32 | J26: 2.86 | K26: 3.52 | L26: 5.5 | P26: Others
A27: 21 | B27: 0.45972222 | C27: KBQ 327U | D27: 10 | F27: 1*22-222 | G27: 7.04 | H27: 1.76 | I27: 8.14 | J27: 9.9 | K27: 7.04 | L27: 8.36 | P27: Agric Produce
A28: 22 | B28: 0.46180556 | C28: KCQ 013V | D28: 10 | F28: 1*22-222 | G28: 4.18 | H28: 7.26 | I28: 7.04 | J28: 9.02 | K28: 7.04 | L28: 5.94 | P28: Processed foods and beverages
A29: 23 | B29: 0.46388889 | C29: XCL 357E | D29: 10 | F29: 1*22-222 | G29: 5.72 | H29: 10.12 | I29: 8.36 | J29: 8.8 | K29: 6.38 | L29: 8.58 | P29: Building mat./H. ware
A30: 24 | B30: 0.48055556 | C30: SSD 104G | D30: 10 | F30: 1*22-222 | G30: 5.5 | H30: 5.28 | I30: 4.84 | J30: 4.62 | K30: 4.4 | L30: 5.72 | P30: Shop items
A31: 25 | B31: 0.49791667 | C31: UAH 249V | D31: 10 | F31: 1*22-222 | G31: 6.16 | H31: 6.6 | I31: 7.92 | J31: 7.92 | K31: 7.7 | L31: 7.7 | P31: Processed foods and beverages
A32: 26 | B32: 0.51041667 | C32: UAR 767L | D32: 10 | F32: 1*22-222 | G32: 6.6 | H32: 6.82 | I32: 5.28 | J32: 6.16 | K32: 5.94 | L32: 7.26 | P32: Processed foods and beverages
A33: 27 | B33: 0.51388889 | C33: UAY 864S | D33: 10 | F33: 1*22-222 | G33: 5.94 | H33: 8.36 | I33: 8.36 | J33: 10.78 | K33: 7.7 | L33: 7.7 | P33: Processed foods and beverages
A34: 28 | B34: 0.081944444 | C34: UAR 978C | D34: 10 | F34: 1*22-222 | G34: 5.28 | H34: 4.84 | I34: 4.62 | J34: 6.38 | K34: 6.82 | L34: 9.02 | P34: Equipment
A35: 29 | B35: 0.12013889 | C35: KBR 624T | D35: 10 | F35: 1*22-222 | G35: 5.28 | H35: 6.82 | I35: 6.16 | J35: 5.94 | K35: 7.04 | L35: 4.62 | P35: Others
A36: 30 | B36: 0.15763889 | C36: KAL 773R | D36: 10 | F36: 1*22-222 | G36: 5.72 | H36: 5.06 | I36: 6.16 | J36: 5.28 | K36: 5.72 | L36: 4.62 | P36: Fuels(gas & Liquid)
A37: 31 | B37: 0.22013889 | C37: UAT 168D | D37: 10 | F37: 1*22-222 | G37: 4.18 | H37: 5.94 | I37: 3.96 | J37: 1.1 | K37: 3.74 | L37: 4.18
H38: NIMULE - GULU
A39: 1 | B39: 0.2625 | C39: KCF 124T | D39: 10 | F39: 1*22-222 | G39: 4.4 | H39: 1.98 | I39: 2.64 | J39: 2.64 | K39: 2.42 | L39: 3.08 | P39: Empty
A40: 2 | B40: 0.26736111 | C40: KCK 234G | D40: 10 | F40: 1*22-222 | G40: 5.06 | H40: 2.2 | I40: 2.86 | J40: 2.86 | K40: 2.64 | L40: 2.42 | P40: Empty
A41: 3 | B41: 0.26944444 | C41: UAR 674C | D41: 10 | F41: 1*1-22 | G41: 6.82 | H41: 5.72 | I41: 11.6 | J41: 6.16 | P41: Empty

Sheet DAY2
A1: Consultancy services for Preparation of Expressway Development Master Plan (EDMP) for Uganda
A2: AXLE LOAD SURVEY FORM
A3: Date: | D3: Station Name: | E3: ABELOKODI
A4: 43676 | H4: GULU - NIMULE
A5: S/No. | B5: Time | C5: Reg. Number | D5: Vehicle Type | E5: Number of Axles | F5: Axle Configuration | G5: Front | H5: TONNES | N5: Total (Tonnes) | O5: Total (ESA's) | P5: COMMENTS
G6: Axle 1 | H6: Axle 2 | I6: Axle 3 | J6: Axle 4 | K6: Axle 5 | L6: Axle 6 | M6: Axle 7
A7: 1 | B7: 0.29861111 | C7: UAR 579R | D7: 8 | F7: 1*2 | G7: 5.72 | H7: 11.88 | P7: Agric Produce
A8: 2 | B8: 0.30902778 | C8: SSD 519C | D8: 8 | F8: 1*2 | G8: 3.96 | H8: 12.1 | P8: Processed foods and beverages
A9: 3 | B9: 0.31041667 | C9: UAT 422U | D9: 9 | F9: 1*22 | G9: 7.26 | H9: 8.36 | I9: 3.52 | P9: Shop items
A10: 4 | B10: 0.31597222 | C10: UAY 948S | D10: 10 | F10: 1*22-222 | G10: 5.72 | H10: 3.74 | I10: 3.74 | J10: 2.64 | K10: 2.64 | L10: 3.74 | P10: Building mat./H. ware
A11: 5 | B11: 0.31805556 | C11: KBC 770M | D11: 10 | F11: 1*22-222 | G11: 6.38 | H11: 5.5 | I11: 6.82 | J11: 7.04 | K11: 5.5 | L11: 5.72 | P11: Fuels(gas & Liquid)
A12: 6 | B12: 0.33680556 | C12: UEC 853 | D12: 10 | F12: 1*22-22-22 | G12: 7.26 | H12: 5.94 | I12: 5.28 | J12: 6.16 | K12: 5.28 | L12: 8.8 | M12: 5.06 | P12: Fuels(gas & Liquid)
A13: 7 | B13: 0.34930556 | C13: UAP 768U | D13: 10 | F13: 1*22-22-22 | G13: 8.14 | H13: 8.58 | I13: 5.06 | J13: 8.58 | K13: 7.92 | L13: 9.24 | M13: 6.38 | P13: Shop items
A14: 8 | B14: 0.35277778 | C14: UBE 556J | D14: 8 | F14: 1*2 | G14: 3.74 | H14: 13.2 | P14: Agric Produce
A15: 9 | B15: 0.35416667 | C15: UAX 958X | D15: 9 | F15: 1*22 | G15: 8.36 | H15: 7.92 | I15: 6.16 | P15: Processed foods and beverages
A16: 10 | B16: 0.35833333 | C16: UAR 965C | D16: 8 | F16: 1*2 | G16: 5.72 | H16: 6.82 | P16: Shop items
A17: 11 | B17: 0.36666667 | C17: UBE 174Q | D17: 10 | F17: 1*1-22 | G17: 5.5 | H17: 6.38 | I17: 12.32 | J17: 11.22 | K17: 0.66 | P17: Processed foods and beverages
A18: 12 | B18: 0.36944444 | C18: UBB 116P | D18: 10 | F18: 1*22-222 | G18: 5.72 | H18: 7.92 | I18: 6.6 | J18: 10.12 | K18: 6.38 | L18: 7.04 | P18: Processed foods and beverages
A19: 13 | B19: 0.37152778 | C19: UBF 376L | D19: 10 | F19: 1*22-222 | G19: 2.64 | H19: 3.74 | I19: 2.2 | J19: 2.64 | K19: 2.2 | L19: 5.28 | P19: Processed foods and beverages
A20: 14 | B20: 0.40625 | C20: UAY 917N | D20: 10 | F20: 1*22-222 | G20: 6.16 | H20: 7.7 | I20: 6.16 | J20: 7.7 | K20: 8.36 | L20: 5.72 | P20: Processed foods and beverages
A21: 15 | B21: 0.47430556 | C21: UAQ 390T | D21: 10 | F21: 11*221 | G21: 6.38 | H21: 7.7 | I21: 11 | J21: 5.06 | K21: 3.52 | P21: Agric Produce
A22: 16 | B22: 0.49305556 | C22: UAP 963U | D22: 10 | F22: 11*222 | G22: 6.38 | H22: 3.52 | I22: 12.76 | J22: 7.92 | K22: 2.86 | P22: Agric Produce
A23: 17 | B23: 0.49722222 | C23: UAT 660U | D23: 10 | F23: 11*22 | G23: 9.68 | H23: 3.74 | I23: 14.3 | J23: 8.36 | P23: Agric Produce
A24: 18 | B24: 0.50347222 | C24: KBR 976G | D24: 10 | F24: 1*12-222 | G24: 7.04 | H24: 0.44 | I24: 7.48 | J24: 3.08 | K24: 6.6 | L24: 5.5 | P24: Fuels(gas & Liquid)
A25: 19 | B25: 0.51041667 | C25: KBC 501M | D25: 10 | F25: 1*22-222 | G25: 6.16 | H25: 8.36 | I25: 7.92 | J25: 7.26 | K25: 7.04 | L25: 7.04 | P25: Others
A26: 20 | B26: 0.52083333 | C26: UAR 805R | D26: 10 | F26: 1*22-22-22 | G26: 7.26 | H26: 6.38 | I26: 4.18 | J26: 4.4 | K26: 4.62 | L26: 2.64 | M26: 6.38 | P26: Processed foods and beverages
A27: 21 | B27: 0.10138889 | C27: UAQ 235T | D27: 10 | F27: 1*22-222 | G27: 5.72 | H27: 10.12 | I27: 11.66 | J27: 9.46 | K27: 6.38 | L27: 8.58 | P27: Building mat./H. ware
A28: 22 | B28: 0.11597222 | C28: UAZ 965D | D28: 10 | F28: 1:22-22-22 | G28: 8.58 | H28: 6.38 | I28: 5.5 | J28: 9.24 | K28: 5.72 | L28: 7.7 | M28: 6.6 | P28: Building mat./H. ware
A29: 23 | B29: 0.20138889 | C29: UAW 416E | D29: 8 | F29: 1*2 | G29: 3.52 | H29: 6.6 | P29: Agric Produce
A30: 24 | B30: 0.22916667 | C30: KBQ 516V | D30: 10 | F30: 1*12-222 | G30: 6.16 | H30: 5.28 | I30: 5.94 | J30: 5.28 | K30: 6.38 | L30: 3.96 | P30: Building mat./H. ware
A31: 25 | B31: 0.27083333 | C31: KBB 037D | D31: 10 | F31: 1*22-222 | G31: 7.04 | H31: 7.92 | I31: 6.16 | J31: 6.38 | K31: 7.04 | L31: 6.82 | P31: Others
H32: NIMULE - GULU
A33: 1 | B33: 0.36597222 | C33: UBB 462A | D33: 8 | F33: 1*2 | G33: 2.86 | H33: 1.98 | P33: Livestock
A34: 2 | B34: 0.38541667 | C34: UBA 098Q | D34: 10 | F34: 1*12-222 | G34: 6.16 | H34: 8.58 | I34: 5.94 | J34: 7.7 | K34: 7.04 | L34: 6.16 | P34: Empty
A35: 3 | B35: 0.3875 | C35: UAU 780F | D35: 10 | F35: 11*222 | G35: 2.86 | H35: 2.86 | I35: 3.3 | J35: 2.42 | K35: 2.2 | P35: Empty
A36: 4 | B36: 0.47777778 | C36: KBL 644P | D36: 10 | F36: 1*12-222 | G36: 6.16 | H36: 7.7 | I36: 6.16 | J36: 8.36 | K36: 7.26 | L36: 7.26 | P36: Empty
A37: 5 | B37: 0.48263889 | C37: SSD 714D | D37: 10 | F37: 1*22-222 | G37: 5.28 | H37: 2.64 | I37: 2.64 | J37: 2.86 | K37: 3.08 | L37: 3.08 | P37: Empty
A38: 6 | B38: 0.48819444 | C38: KBU 836F | D38: 10 | F38: 1*22-222 | G38: 4.4 | H38: 2.64 | I38: 2.42 | J38: 3.3 | K38: 2.64 | L38: 2.86 | P38: Empty
A39: 7 | B39: 0.50555556 | C39: UAG 765T | D39: 10 | F39: 1*22-22-22 | G39: 4.62 | H39: 3.52 | I39: 2.64 | J39: 1.54 | K39: 2.64 | L39: 1.54 | M39: 2.42 | P39: Empty
A40: 8 | B40: 0.043055556 | C40: UAW 408F | D40: 10 | F40: 1*22-222 | G40: 5.06 | H40: 2.2 | I40: 1.98 | J40: 2.64 | K40: 2.86 | L40: 2.2 | P40: Empty
A41: 9 | B41: 0.054166667 | C41: UBD 490Q | D41: 5 | F41: 1*2 | G41: 3.96 | H41: 6.6 | P41: Empty
A42: 10 | B42: 0.15694444 | C42: UAS 526Q | D42: 5 | F42: 1*2 | G42: 6.38 | H42: 10.56 | P42: Others
A43: 11 | B43: 0.1625 | C43: RAD 268R | D43: 5 | F43: 1*21 | G43: 7.48 | H43: 4.84 | I43: 4.18 | P43: Others
A44: 12 | B44: 0.1875 | C44: UAS 442B | D44: 5 | F44: 1*2 | G44: 7.48 | H44: 6.6 | P44: Others

Sheet DAY3
A1: AXLE LOAD SURVEY FORM
A2: Date: | D2: Station Name: | E2: ABELOKODI
A3: 43677 | H3: GULU - NIMULE
A4: S/No. | B4: Time | C4: Reg. Number | D4: Vehicle Type | E4: Number of Axles | F4: Axle Configuration | G4: Front | N4: Total (Tonnes) | O4: Total (ESA's) | P4: COMMENTS
G5: Axle 1 | H5: Axle 2 | I5: Axle 3 | J5: Axle 4 | K5: Axle 5 | L5: Axle 6 | M5: Axle 7
A6: 1 | B6: 0.29861111 | C6: KAW 505M | D6: 10 | F6: 1*22-222 | G6: 6.82 | H6: 0.44 | I6: 7.92 | J6: 4.18 | K6: 2.86 | L6: 4.4 | P6: Fertilizer & Chemicals
A7: 2 | B7: 0.30208333 | C7: UAU 003N | D7: 10 | F7: 1*12-222 | G7: 5.5 | H7: 4.84 | I7: 5.28 | J7: 10.56 | K7: 8.8 | L7: 6.38 | P7: Agric Produce
A8: 3 | B8: 0.31597222 | C8: UAW 589E | D8: 10 | F8: 1*22-222 | G8: 6.6 | H8: 6.82 | I8: 5.72 | J8: 4.62 | K8: 4.62 | L8: 6.38 | P8: Processed foods and beverages
A9: 4 | B9: 0.325 | C9: SSD 483C | D9: 8 | F9: 1*2 | G9: 5.28 | H9: 7.04 | P9: Others
A10: 5 | B10: 0.34444444 | C10: UAU 639Y | D10: 10 | F10: 11*222 | G10: 8.8 | H10: 8.36 | I10: 12.54 | J10: 6.6 | K10: 2.64 | P10: Agric Produce
A11: 6 | B11: 0.35069444 | C11: SSD 780A | D11: 10 | F11: 1*12-222 | G11: 1.65 | H11: 5.28 | I11: 6.6 | J11: 5.28 | K11: 5.94 | L11: 5.72 | P11: Building mat./H. ware
A12: 7 | B12: 0.35416667 | C12: T 124CTH | D12: 10 | F12: 1*12-111 | G12: 5.94 | H12: 5.72 | I12: 4.62 | J12: 11 | K12: 8.36 | L12: 7.04 | P12: Building mat./H. ware
A13: 8 | B13: 0.38611111 | C13: UAS 836Q | D13: 10 | F13: 11*221 | G13: 7.92 | H13: 5.2 | I13: 14.96 | J13: 9.9 | K13: 1.32 | P13: Agric Produce
A14: 9 | B14: 0.38888889 | C14: UAG 923T | D14: 8 | F14: 1*2 | G14: 4.18 | H14: 13.2 | P14: Agric Produce
A15: 10 | B15: 0.42222222 | C15: UBB 118P | D15: 10 | F15: 1*22-222 | G15: 5.5 | H15: 6.16 | I15: 5.94 | J15: 9.68 | K15: 6.6 | L15: 6.16 | P15: Processed foods and beverages
A16: 11 | B16: 0.425 | C16: KCG 184V | D16: 10 | F16: 1*22-222 | G16: 5.94 | H16: 5.5 | I16: 4.4 | J16: 5.28 | K16: 3.96 | L16: 3.96 | P16: Processed foods and beverages
A17: 12 | B17: 0.43472222 | C17: KBQ 844M | D17: 10 | F17: 1*22-222 | G17: 4.62 | H17: 5.06 | I17: 1.98 | J17: 6.38 | K17: 5.5 | L17: 3.96 | P17: Others
A18: 13 | B18: 0.44236111 | C18: UAY 028C | D18: 10 | F18: 1*22-222 | G18: 4.62 | H18: 7.26 | I18: 6.16 | J18: 7.92 | K18: 7.26 | L18: 10.12 | P18: Agric Produce
A19: 14 | B19: 0.46875 | C19: KBS 198X | D19: 10 | F19: 1*1-222 | G19: 6.38 | H19: 8.58 | I19: 3.96 | J19: 4.84 | K19: 4.62 | P19: Others
A20: 15 | B20: 0.48055556 | C20: UAX 918S | D20: 10 | F20: 11*222 | G20: 6.6 | H20: 6.82 | I20: 13.42 | J20: 12.32 | K20: 1.1 | P20: Building mat./H. ware
A21: 16 | B21: 0.49861111 | C21: UAT 903H | D21: 8 | F21: 1*2 | G21: 3.52 | H21: 5.94 | P21: Shop items
A22: 17 | B22: 0.51597222 | C22: SSD 555C | D22: 5 | F22: 1*2 | G22: 6.6 | H22: 9.02 | P22: Others
A23: 18 | B23: 0.52291667 | C23: UBE 088C | D23: 9 | F23: 1*22 | G23: 5.72 | H23: 11.66 | I23: 6.82 | P23: Agric Produce
A24: 19 | B24: 0.53055556 | C24: KBY 743Q | D24: 10 | F24: 1*22-222 | G24: 6.6 | H24: 5.06 | I24: 3.96 | J24: 6.82 | K24: 3.52 | L24: 4.18 | P24: Equipment
A25: 20 | B25: 0.068055556 | C25: UBD 383G | D25: 10 | F25: 11*222 | G25: 4.18 | H25: 8.36 | I25: 12.1 | J25: 9.9 | K25: 6.6 | P25: Processed foods and beverages
A26: 21 | B26: 0.070833333 | C26: K27A 432 | D26: 10 | F26: 1*22-222 | G26: 6.82 | H26: 6.38 | I26: 3.3 | J26: 4.62 | K26: 4.4 | L26: 3.96 | P26: Agric Produce
A27: 22 | B27: 0.073611111 | C27: KX27 A433 | D27: 10 | F27: 1*22-222 | G27: 5.72 | H27: 7.7 | I27: 7.04 | J27: 6.16 | K27: 6.16 | L27: 5.28 | P27: Agric Produce
A28: 23 | B28: 0.12430556 | C28: SSD 639A | D28: 10 | F28: 1*22-222 | G28: 6.16 | H28: 9.24 | I28: 10.78 | J28: 5.06 | K28: 5.28 | L28: 10.78 | P28: Agric Produce
A29: 24 | B29: 0.17013889 | C29: KCC 562J | D29: 10 | F29: 1*22-222 | G29: 6.38 | H29: 2.42 | I29: 10.12 | J29: 5.72 | K29: 4.62 | L29: 6.38 | P29: Others
A30: 25 | B30: 0.17361111 | C30: SSD 599F | D30: 10 | F30: 1*22-222 | G30: 4.62 | H30: 8.14 | I30: 2.42 | J30: 5.28 | K30: 2.64 | L30: 4.18 | P30: Fuels(gas & Liquid)
A31: 26 | B31: 0.17847222 | C31: UAY 310H | D31: 10 | F31: 11*222 | G31: 7.04 | H31: 7.7 | I31: 9.9 | J31: 10.12 | K31: 2.64 | L31: 2.86 | P31: Shop items
A32: 27 | B32: 0.21597222 | C32: UAY 389W | D32: 8 | F32: 1*2 | G32: 5.28 | H32: 9.02 | P32: Building mat./H. ware
H33: NIMULE - GULU
A34: 1 | B34: 0.41527778 | C34: UBD 150Q | D34: 10 | F34: 1*22-222 | G34: 5.72 | H34: 5.53 | I34: 2.86 | J34: 2.42 | K34: 2.86 | L34: 2.42 | P34: Empty
A35: 2 | B35: 0.42708333 | C35: KBZ 433A | D35: 10 | F35: 1*22-222 | G35: 4.62 | H35: 5.06 | I35: 1.98 | J35: 6.38 | K35: 5.5 | L35: 3.96 | P35: Empty
A36: 3 | B36: 0.43958333 | C36: KCC 702X | D36: 10 | F36: 1*22-222 | G36: 5.5 | H36: 2.42 | I36: 2.42 | J36: 2.2 | K36: 2.2 | L36: 2.2 | P36: Empty
A37: 4 | B37: 0.45138889 | C37: UBB 947S | D37: 5 | F37: 1*2 | G37: 6.6 | H37: 6.6 | P37: Empty
A38: 5 | B38: 0.49305556 | C38: UAR 533M | D38: 10 | F38: 11*22 | G38: 3.3 | H38: 2.64 | I38: 4.84 | J38: 3.08 | P38: Empty
A39: 6 | B39: 0.53333333 | C39: KAX 604C | D39: 10 | F39: 1*22-222 | G39: 6.16 | H39: 3.16 | I39: 3.16 | J39: 2.64 | K39: 1.98 | L39: 1.76 | P39: Empty
A40: 7 | B40: 0.045138889 | C40: KBX 376Q | D40: 8 | F40: 1*2 | G40: 2.42 | H40: 2.2 | P40: Empty
A41: 8 | B41: 0.078472222 | C41: SSD 946F | D41: 10 | F41: 1*12-222 | G41: 5.06 | H41: 2.2 | I41: 2.86 | J41: 3.08 | K41: 2.2 | L41: 2.2 | P41: Empty
A42: 9 | B42: 0.12152778 | C42: UAS 159M | D42: 5 | F42: 1*2 | G42: 6.38 | H42: 4.84 | P42: Empty
A43: 10 | B43: 0.15972222 | C43: UAU 823J | D43: 10 | F43: 11*222 | G43: 2.64 | H43: 4.18 | I43: 4.62 | J43: 2.64 | K43: 4.4 | P43: Empty
A44: 11 | B44: 0.17708333 | C44: UAN 283Z | D44: 5 | F44: 1*2 | G44: 5.28 | H44: 7.48 | P44: Empty
A45: 12 | B45: 0.20625 | C45: UBD 195D | D45: 9 | F45: 1*22 | G45: 2.42 | H45: 2.42 | I45: 0.44 | P45: Empty
A46: 13 | B46: 0.20972222 | C46: UBB 657U | D46: 8 | F46: 1*2 | G46: 2.64 | H46: 3.3 | P46: Empty
A47: 14 | B47: 0.23611111 | C47: UAQ 944Q | D47: 10 | F47: 1*22-222 | G47: 4.84 | H47: 2.86 | I47: 2.86 | J47: 1.1 | K47: 1.54 | L47: 1.98 | P47: Empty
A48: 15 | B48: 0.26527778 | C48: UAR 338X | D48: 10 | F48: 1*22-222 | G48: 4.62 | H48: 3.08 | I48: 2.86 | J48: 2.2 | K48: 2.64 | L48: 2.42 | P48: Empty
A49: 16 | B49: 0.25347222 | C49: SSD 117A | D49: 5 | F49: 1*2 | G49: 5.5 | H49: 8.5 | P49: Processed foods and beverages

Sheet Gulu-Nimule
A1: Consultancy services for Preparation of Expressway Development Master Plan (EDMP) for Uganda
A2: AXLE LOAD SURVEY FORM
A3: Date: | D3: Station: | E3: ABELOKODI
A4: 43675 | H4: GULU - NIMULE
A5: S/No. | B5: Time | C5: Reg. Number | D5: Vehicle Type | E5: Number of Axles | F5: Axle Configuration | G5: Front | H5: TONNES | N5: Total (Tonnes) | O5: Total (ESA's) | P5: Load limit (Tonnes) | W5: OVERLOADED? | X5: Overloaded by? | Y5: Overload Bands | Z5: COMMENTS
G6: Axle 1 | H6: Axle 2 | I6: Axle 3 | J6: Axle 4 | K6: Axle 5 | L6: Axle 6 | M6: Axle 7 | P6: Axle 1 | Q6: Axle 2 | R6: Axle 3 | S6: Axle 4 | T6: Axle 5 | U6: Axle 6 | V6: Axle 7
A7: 2 | B7: 0.34236111 | C7: UAW 693R | D7: =IF(COUNT(G7:M7)>3,10,IF(COUNT(G7:M7)>2,9,7)) -> 7 | F7: 1*2 | G7: 6.16 | H7: 7.92 | N7: =SUM(G7:M7) -> 14.08 | O7: =(N7/8.16)^4.5 -> 11.644108 | P7: 8 | Q7: 10 | R7: 9 | S7: 9 | T7: 9 | U7: 9 | V7: 9 | W7: =IF(G7>P7,"Y",IF(H7>Q7,"Y",IF(I7>R7,"Y",IF(J7>S7,"Y",IF(K7>T7,"Y",IF(L7>U7,"Y",IF(M7>V7,"Y","N"))))))) -> N | X7: =IF(W7="Y",MAX((G7-P7),(H7-Q7),(I7-R7),(J7-S7),(K7-T7),(L7-U7),(M7-V7))/10,0) -> 0 | Y7: =IF(X7<5%,"0-4.9%",IF(X7<25%,"5-25%",IF(X7<50%,"25-50%","Over 50%"))) -> 0-4.9% | Z7: Agricultural produce
A8: 11 | B8: 0.38194444 | C8: UAP 643U | D8: =IF(COUNT(G8:M8)>3,10,IF(COUNT(G8:M8)>2,9,7)) -> 7 | F8: 1*2 | G8: 5.28 | H8: 6.6 | N8: =SUM(G8:M8) -> 11.88 | O8: =(N8/8.16)^4.5 -> 5.420861 | P8: 8 | Q8: 10 | R8: 9 | S8: 9 | T8: 9 | U8: 9 | V8: 9 | W8: =IF(G8>P8,"Y",IF(H8>Q8,"Y",IF(I8>R8,"Y",IF(J8>S8,"Y",IF(K8>T8,"Y",IF(L8>U8,"Y",IF(M8>V8,"Y","N"))))))) -> N | X8: =IF(W8="Y",MAX((G8-P8),(H8-Q8),(I8-R8),(J8-S8),(K8-T8),(L8-U8),(M8-V8))/10,0) -> 0 | Y8: =IF(X8<5%,"0-4.9%",IF(X8<25%,"5-25%",IF(X8<50%,"25-50%","Over 50%"))) -> 0-4.9% | Z8: Agricultural produce
A9: 16 | B9: 0.40625 | C9: UAX 096C | D9: =IF(COUNT(G9:M9)>3,10,IF(COUNT(G9:M9)>2,9,7)) -> 7 | F9: 1*2 | G9: 6.16 | H9: 8.92 | N9: =SUM(G9:M9) -> 15.08 | O9: =(N9/8.16)^4.5 -> 15.856244 | P9: 8 | Q9: 10 | R9: 9 | S9: 9 | T9: 9 | U9: 9 | V9: 9 | W9: =IF(G9>P9,"Y",IF(H9>Q9,"Y",IF(I9>R9,"Y",IF(J9>S9,"Y",IF(K9>T9,"Y",IF(L9>U9,"Y",IF(M9>V9,"Y","N"))))))) -> N | X9: =IF(W9="Y",MAX((G9-P9),(H9-Q9),(I9-R9),(J9-S9),(K9-T9),(L9-U9),(M9-V9))/10,0) -> 0 | Y9: =IF(X9<5%,"0-4.9%",IF(X9<25%,"5-25%",IF(X9<50%,"25-50%","Over 50%"))) -> 0-4.9% | Z9: Construction Material
A10: 1 | B10: 0.29861111 | C10: UAR 579R | D10: =IF(COUNT(G10:M10)>3,10,IF(COUNT(G10:M10)>2,9,7)) -> 7 | F10: 1*2 | G10: 5.72 | H10: 11.88 | N10: =SUM(G10:M10) -> 17.6 | O10: =(N10/8.16)^4.5 -> 31.783469 | P10: 8 | Q10: 10 | R10: 9 | S10: 9 | T10: 9 | U10: 9 | V10: 9 | W10: =IF(G10>P10,"Y",IF(H10>Q10,"Y",IF(I10>R10,"Y",IF(J10>S10,"Y",IF(K10>T10,"Y",IF(L10>U10,"Y",IF(M10>V10,"Y","N"))))))) -> Y | X10: =IF(W10="Y",MAX((G10-P10),(H10-Q10),(I10-R10),(J10-S10),(K10-T10),(L10-U10),(M10-V10))/10,0) -> 0.188 | Y10: =IF(X10<5%,"0-4.9%",IF(X10<25%,"5-25%",IF(X10<50%,"25-50%","Over 50%"))) -> 5-25% | Z10: Agricultural produce
A11: 2 | B11: 0.30902778 | C11: SSD 519C | D11: =IF(COUNT(G11:M11)>3,10,IF(COUNT(G11:M11)>2,9,7)) -> 7 | F11: 1*2 | G11: 3.96 | H11: 12.1 | N11: =SUM(G11:M11) -> 16.06 | O11: =(N11/8.16)^4.5 -> 21.04986 | P11: 8 | Q11: 10 | R11: 9 | S11: 9 | T11: 9 | U11: 9 | V11: 9 | W11: =IF(G11>P11,"Y",IF(H11>Q11,"Y",IF(I11>R11,"Y",IF(J11>S11,"Y",IF(K11>T11,"Y",IF(L11>U11,"Y",IF(M11>V11,"Y","N"))))))) -> Y | X11: =IF(W11="Y",MAX((G11-P11),(H11-Q11),(I11-R11),(J11-S11),(K11-T11),(L11-U11),(M11-V11))/10,0) -> 0.21 | Y11: =IF(X11<5%,"0-4.9%",IF(X11<25%,"5-25%",IF(X11<50%,"25-50%","Over 50%"))) -> 5-25% | Z11: Household retail products
A12: 8 | B12: 0.35277778 | C12: UBE 556J | D12: =IF(COUNT(G12:M12)>3,10,IF(COUNT(G12:M12)>2,9,7)) -> 7 | F12: 1*2 | G12: 3.74 | H12: 13.2 | N12: =SUM(G12:M12) -> 16.94 | O12: =(N12/8.16)^4.5 -> 26.76114 | P12: 8 | Q12: 10 | R12: 9 | S12: 9 | T12: 9 | U12: 9 | V12: 9 | W12: =IF(G12>P12,"Y",IF(H12>Q12,"Y",IF(I12>R12,"Y",IF(J12>S12,"Y",IF(K12>T12,"Y",IF(L12>U12,"Y",IF(M12>V12,"Y","N"))))))) -> Y | X12: =IF(W12="Y",MAX((G12-P12),(H12-Q12),(I12-R12),(J12-S12),(K12-T12),(L12-U12),(M12-V12))/10,0) -> 0.32 | Y12: =IF(X12<5%,"0-4.9%",IF(X12<25%,"5-25%",IF(X12<50%,"25-50%","Over 50%"))) -> 25-50% | Z12: Agricultural produce
A13: 10 | B13: 0.35833333 | C13: UAR 965C | D13: =IF(COUNT(G13:M13)>3,10,IF(COUNT(G13:M13)>2,9,7)) -> 7 | F13: 1*2 | G13: 5.72 | H13: 6.82 | N13: =SUM(G13:M13) -> 12.54 | O13: =(N13/8.16)^4.5 -> 6.9140609 | P13: 8 | Q13: 10 | R13: 9 | S13: 9 | T13: 9 | U13: 9 | V13: 9 | W13: =IF(G13>P13,"Y",IF(H13>Q13,"Y",IF(I13>R13,"Y",IF(J13>S13,"Y",IF(K13>T13,"Y",IF(L13>U13,"Y",IF(M13>V13,"Y","N"))))))) -> N | X13: =IF(W13="Y",MAX((G13-P13),(H13-Q13),(I13-R13),(J13-S13),(K13-T13),(L13-U13),(M13-V13))/10,0) -> 0 | Y13: =IF(X13<5%,"0-4.9%",IF(X13<25%,"5-25%",IF(X13<50%,"25-50%","Over 50%"))) -> 0-4.9% | Z13: Household retail products
A14: 23 | B14: 0.20138889 | C14: UAW 416E | D14: =IF(COUNT(G14:M14)>3,10,IF(COUNT(G14:M14)>2,9,7)) -> 7 | F14: 1*2 | G14: 3.52 | H14: 6.6 | N14: =SUM(G14:M14) -> 10.12 | O14: =(N14/8.16)^4.5 -> 2.6345509 | P14: 8 | Q14: 10 | R14: 9 | S14: 9 | T14: 9 | U14: 9 | V14: 9 | W14: =IF(G14>P14,"Y",IF(H14>Q14,"Y",IF(I14>R14,"Y",IF(J14>S14,"Y",IF(K14>T14,"Y",IF(L14>U14,"Y",IF(M14>V14,"Y","N"))))))) -> N | X14: =IF(W14="Y",MAX((G14-P14),(H14-Q14),(I14-R14),(J14-S14),(K14-T14),(L14-U14),(M14-V14))/10,0) -> 0 | Y14: =IF(X14<5%,"0-4.9%",IF(X14<25%,"5-25%",IF(X14<50%,"25-50%","Over 50%"))) -> 0-4.9% | Z14: Agricultural produce
A15: 4 | B15: 0.325 | C15: SSD 483C | D15: =IF(COUNT(G15:M15)>3,10,IF(COUNT(G15:M15)>2,9,7)) -> 7 | F15: 1*2 | G15: 5.28 | H15: 7.04 | N15: =SUM(G15:M15) -> 12.32 | O15: =(N15/8.16)^4.5 -> 6.384729 | P15: 8 | Q15: 10 | R15: 9 | S15: 9 | T15: 9 | U15: 9 | V15: 9 | W15: =IF(G15>P15,"Y",IF(H15>Q15,"Y",IF(I15>R15,"Y",IF(J15>S15,"Y",IF(K15>T15,"Y",IF(L15>U15,"Y",IF(M15>V15,"Y","N"))))))) -> N | X15: =IF(W15="Y",MAX((G15-P15),(H15-Q15),(I15-R15),(J15-S15),(K15-T15),(L15-U15),(M15-V15))/10,0) -> 0 | Y15: =IF(X15<5%,"0-4.9%",IF(X15<25%,"5-25%",IF(X15<50%,"25-50%","Over 50%"))) -> 0-4.9% | Z15: Others
A16: 9 | B16: 0.38888889 | C16: UAG 923T | D16: =IF(COUNT(G16:M16)>3,10,IF(COUNT(G16:M16)>2,9,7)) -> 7 | F16: 1*2 | G16: 4.18 | H16: 13.2 | N16: =SUM(G16:M16) -> 17.38 | O16: =(N16/8.16)^4.5 -> 30.034352 | P16: 8 | Q16: 10 | R16: 9 | S16: 9 | T16: 9 | U16: 9 | V16: 9 | W16: =IF(G16>P16,"Y",IF(H16>Q16,"Y",IF(I16>R16,"Y",IF(J16>S16,"Y",IF(K16>T16,"Y",IF(L16>U16,"Y",IF(M16>V16,"Y","N"))))))) -> Y | X16: =IF(W16="Y",MAX((G16-P16),(H16-Q16),(I16-R16),(J16-S16),(K16-T16),(L16-U16),(M16-V16))/10,0) -> 0.32 | Y16: =IF(X16<5%,"0-4.9%",IF(X16<25%,"5-25%",IF(X16<50%,"25-50%","Over 50%"))) -> 25-50% | Z16: Agricultural produce
A17: 16 | B17: 0.49861111 | C17: UAT 903H | D17: =IF(COUNT(G17:M17)>3,10,IF(COUNT(G17:M17)>2,9,7)) -> 7 | F17: 1*2 | G17: 3.52 | H17: 5.94 | N17: =SUM(G17:M17) -> 9.46 | O17: =(N17/8.16)^4.5 -> 1.9449319 | P17: 8 | Q17: 10 | R17: 9 | S17: 9 | T17: 9 | U17: 9 | V17: 9 | W17: =IF(G17>P17,"Y",IF(H17>Q17,"Y",IF(I17>R17,"Y",IF(J17>S17,"Y",IF(K17>T17,"Y",IF(L17>U17,"Y",IF(M17>V17,"Y","N"))))))) -> N | X17: =IF(W17="Y",MAX((G17-P17),(H17-Q17),(I17-R17),(J17-S17),(K17-T17),(L17-U17),(M17-V17))/10,0) -> 0 | Y17: =IF(X17<5%,"0-4.9%",IF(X17<25%,"5-25%",IF(X17<50%,"25-50%","Over 50%"))) -> 0-4.9% | Z17: Household retail products
A18: 17 | B18: 0.51597222 | C18: SSD 555C | D18: =IF(COUNT(G18:M18)>3,10,IF(COUNT(G18:M18)>2,9,7)) -> 7 | F18: 1*2 | G18: 6.6 | H18: 9.02 | N18: =SUM(G18:M18) -> 15.62 | O18: =(N18/8.16)^4.5 -> 18.576287 | P18: 8 | Q18: 10 | R18: 9 | S18: 9 | T18: 9 | U18: 9 | V18: 9 | W18: =IF(G18>P18,"Y",IF(H18>Q18,"Y",IF(I18>R18,"Y",IF(J18>S18,"Y",IF(K18>T18,"Y",IF(L18>U18,"Y",IF(M18>V18,"Y","N"))))))) -> N | X18: =IF(W18="Y",MAX((G18-P18),(H18-Q18),(I18-R18),(J18-S18),(K18-T18),(L18-U18),(M18-V18))/10,0) -> 0 | Y18: =IF(X18<5%,"0-4.9%",IF(X18<25%,"5-25%",IF(X18<50%,"25-50%","Over 50%"))) -> 0-4.9% | Z18: Others
A19: 27 | B19: 0.21597222 | C19: UAY 389W | D19: =IF(COUNT(G19:M19)>3,10,IF(COUNT(G19:M19)>2,9,7)) -> 7 | F19: 1*2 | G19: 5.28 | H19: 9.02 | N19: =SUM(G19:M19) -> 14.3 | O19: =(N19/8.16)^4.5 -> 12.485515 | P19: 8 | Q19: 10 | R19: 9 | S19: 9 | T19: 9 | U19: 9 | V19: 9 | W19: =IF(G19>P19,"Y",IF(H19>Q19,"Y",IF(I19>R19,"Y",IF(J19>S19,"Y",IF(K19>T19,"Y",IF(L19>U19,"Y",IF(M19>V19,"Y","N"))))))) -> N | X19: =IF(W19="Y",MAX((G19-P19),(H19-Q19),(I19-R19),(J19-S19),(K19-T19),(L19-U19),(M19-V19))/10,0) -> 0 | Y19: =IF(X19<5%,"0-4.9%",IF(X19<25%,"5-25%",IF(X19<50%,"25-50%","Over 50%"))) -> 0-4.9% | Z19: Construction Material
A20: 19 | B20: 0.45347222 | C20: UBB 645R | D20: =IF(COUNT(G20:M20)>3,10,IF(COUNT(G20:M20)>2,9,7)) -> 9 | F20: 1*22 | G20: 6.38 | H20: 12.54 | I20: 7.04 | N20: =SUM(G20:M20) -> 25.96 | O20: =(N20/8.16)^4.5 -> 182.71129 | P20: 8 | Q20: 10 | R20: 9 | S20: 9 | T20: 9 | U20: 9 | V20: 9 | W20: =IF(G20>P20,"Y",IF(H20>Q20,"Y",IF(I20>R20,"Y",IF(J20>S20,"Y",IF(K20>T20,"Y",IF(L20>U20,"Y",IF(M20>V20,"Y","N"))))))) -> Y | X20: =IF(W20="Y",MAX((G20-P20),(H20-Q20),(I20-R20),(J20-S20),(K20-T20),(L20-U20),(M20-V20))/10,0) -> 0.254 | Y20: =IF(X20<5%,"0-4.9%",IF(X20<25%,"5-25%",IF(X20<50%,"25-50%","Over 50%"))) -> 25-50% | Z20: Agricultural produce
A21: 3 | B21: 0.31041667 | C21: UAT 422U | D21: =IF(COUNT(G21:M21)>3,10,IF(COUNT(G21:M21)>2,9,7)) -> 9 | F21: 1*22 | G21: 7.26 | H21: 8.36 | I21: 3.52 | N21: =SUM(G21:M21) -> 19.14 | O21: =(N21/8.16)^4.5 -> 46.358885 | P21: 8 | Q21: 10 | R21: 9 | S21: 9 | T21: 9 | U21: 9 | V21: 9 | W21: =IF(G21>P21,"Y",IF(H21>Q21,"Y",IF(I21>R21,"Y",IF(J21>S21,"Y",IF(K21>T21,"Y",IF(L21>U21,"Y",IF(M21>V21,"Y","N"))))))) -> N | X21: =IF(W21="Y",MAX((G21-P21),(H21-Q21),(I21-R21),(J21-S21),(K21-T21),(L21-U21),(M21-V21))/10,0) -> 0 | Y21: =IF(X21<5%,"0-4.9%",IF(X21<25%,"5-25%",IF(X21<50%,"25-50%","Over 50%"))) -> 0-4.9% | Z21: Household retail products
A22: 9 | B22: 0.35416667 | C22: UAX 958X | D22: =IF(COUNT(G22:M22)>3,10,IF(COUNT(G22:M22)>2,9,7)) -> 9 | F22: 1*22 | G22: 8.36 | H22: 7.92 | I22: 6.16 | N22: =SUM(G22:M22) -> 22.44 | O22: =(N22/8.16)^4.5 -> 94.841218 | P22: 8 | Q22: 10 | R22: 9 | S22: 9 | T22: 9 | U22: 9 | V22: 9 | W22: =IF(G22>P22,"Y",IF(H22>Q22,"Y",IF(I22>R22,"Y",IF(J22>S22,"Y",IF(K22>T22,"Y",IF(L22>U22,"Y",IF(M22>V22,"Y","N"))))))) -> Y | X22: =IF(W22="Y",MAX((G22-P22),(H22-Q22),(I22-R22),(J22-S22),(K22-T22),(L22-U22),(M22-V22))/10,0) -> 0.036 | Y22: =IF(X22<5%,"0-4.9%",IF(X22<25%,"5-25%",IF(X22<50%,"25-50%","Over 50%"))) -> 0-4.9% | Z22: Household retail products
A23: 18 | B23: 0.52291667 | C23: UBE 088C | D23: =IF(COUNT(G23:M23)>3,10,IF(COUNT(G23:M23)>2,9,7)) -> 9 | F23: 1*22 | G23: 5.72 | H23: 11.66 | I23: 6.82 | N23: =SUM(G23:M23) -> 24.2 | O23: =(N23/8.16)^4.5 -> 133.21816 | P23: 8 | Q23: 10 | R23: 9 | S23: 9 | T23: 9 | U23: 9 | V23: 9 | W23: =IF(G23>P23,"Y",IF(H23>Q23,"Y",IF(I23>R23,"Y",IF(J23>S23,"Y",IF(K23>T23,"Y",IF(L23>U23,"Y",IF(M23>V23,"Y","N"))))))) -> Y | X23: =IF(W23="Y",MAX((G23-P23),(H23-Q23),(I23-R23),(J23-S23),(K23-T23),(L23-U23),(M23-V23))/10,0) -> 0.166 | Y23: =IF(X23<5%,"0-4.9%",IF(X23<25%,"5-25%",IF(X23<50%,"25-50%","Over 50%"))) -> 5-25% | Z23: Agricultural produce
A24: 1 | B24: 0.32638889 | C24: UAT 749G | D24: =IF(COUNT(G24:M24)>3,10,IF(COUNT(G24:M24)>2,9,7)) -> 10 | F24: 11*222 | G24: 8.36 | H24: 7.26 | I24: 15.84 | J24: 12.1 | K24: 0.88 | N24: =SUM(G24:M24) -> 44.44 | O24: =(N24/8.16)^4.5 -> 2052.9459 | P24: 8 | Q24: 10 | R24: 9 | S24: 9 | T24: 9 | U24: 9 | V24: 9 | W24: =IF(G24>P24,"Y",IF(H24>Q24,"Y",IF(I24>R24,"Y",IF(J24>S24,"Y",IF(K24>T24,"Y",IF(L24>U24,"Y",IF(M24>V24,"Y","N"))))))) -> Y | X24: =IF(W24="Y",MAX((G24-P24),(H24-Q24),(I24-R24),(J24-S24),(K24-T24),(L24-U24),(M24-V24))/10,0) -> 0.684 | Y24: =IF(X24<5%,"0-4.9%",IF(X24<25%,"5-25%",IF(X24<50%,"25-50%","Over 50%"))) -> Over 50% | Z24: Construction Material
A25: 3 | B25: 0.34444444 | C25: KBU 718F | D25: =IF(COUNT(G25:M25)>3,10,IF(COUNT(G25:M25)>2,9,7)) -> 10 | F25: 1*12*222 | G25: 4.62 | H25: 5.5 | I25: 9.02 | J25: 7.26 | K25: 8.8 | L25: 7.7 | N25: =SUM(G25:M25) -> 42.9 | O25: =(N25/8.16)^4.5 -> 1751.6692 | P25: 8 | Q25: 10 | R25: 9 | S25: 9 | T25: 9 | U25: 9 | V25: 9 | W25: =IF(G25>P25,"Y",IF(H25>Q25,"Y",IF(I25>R25,"Y",IF(J25>S25,"Y",IF(K25>T25,"Y",IF(L25>U25,"Y",IF(M25>V25,"Y","N"))))))) -> Y | X25: =IF(W25="Y",MAX((G25-P25),(H25-Q25),(I25-R25),(J25-S25),(K25-T25),(L25-U25),(M25-V25))/10,0) -> 0.002 | Y25: =IF(X25<5%,"0-4.9%",IF(X25<25%,"5-25%",IF(X25<50%,"25-50%","Over 50%"))) -> 0-4.9% | Z25: Chemical Products
A26: 4 | B26: 0.35416667 | C26: KCH 738B | D26: =IF(COUNT(G26:M26)>3,10,IF(COUNT(G26:M26)>2,9,7)) -> 10 | F26: 1*22-222 | G26: 6.616 | H26: 5.06 | I26: 5.5 | J26: 8.58 | K26: 6.6 | L26: 6.38 | N26: =SUM(G26:M26) -> 38.736 | O26: =(N26/8.16)^4.5 -> 1106.3964 | P26: 8 | Q26: 10 | R26: 9 | S26: 9 | T26: 9 | U26: 9 | V26: 9 | W26: =IF(G26>P26,"Y",IF(H26>Q26,"Y",IF(I26>R26,"Y",IF(J26>S26,"Y",IF(K26>T26,"Y",IF(L26>U26,"Y",IF(M26>V26,"Y","N"))))))) -> N | X26: =IF(W26="Y",MAX((G26-P26),(H26-Q26),(I26-R26),(J26-S26),(K26-T26),(L26-U26),(M26-V26))/10,0) -> 0 | Y26: =IF(X26<5%,"0-4.9%",IF(X26<25%,"5-25%",IF(X26<50%,"25-50%","Over 50%"))) -> 0-4.9% | Z26: Agricultural produce
A27: 5 | B27: 0.35694444 | C27: KBJ 767X | D27: =IF(COUNT(G27:M27)>3,10,IF(COUNT(G27:M27)>2,9,7)) -> 10 | F27: 1:22-222 | G27: 5.06 | H27: 3.74 | I27: 3.3 | J27: 4.4 | K27: 4.18 | L27: 2.42 | N27: =SUM(G27:M27) -> 23.1 | O27: =(N27/8.16)^4.5 -> 108.05583 | P27: 8 | Q27: 10 | R27: 9 | S27: 9 | T27: 9 | U27: 9 | V27: 9 | W27: =IF(G27>P27,"Y",IF(H27>Q27,"Y",IF(I27>R27,"Y",IF(J27>S27,"Y",IF(K27>T27,"Y",IF(L27>U27,"Y",IF(M27>V27,"Y","N"))))))) -> N | X27: =IF(W27="Y",MAX((G27-P27),(H27-Q27),(I27-R27),(J27-S27),(K27-T27),(L27-U27),(M27-V27))/10,0) -> 0 | Y27: =IF(X27<5%,"0-4.9%",IF(X27<25%,"5-25%",IF(X27<50%,"25-50%","Over 50%"))) -> 0-4.9% | Z27: Empty
A28: 6 | B28: 0.35902778 | C28: KBM 575D | D28: =IF(COUNT(G28:M28)>3,10,IF(COUNT(G28:M28)>2,9,7)) -> 10 | F28: 1*22-222 | G28: 6.16 | H28: 6.6 | I28: 6.82 | J28: 7.48 | K28: 7.7 | L28: 7.48 | N28: =SUM(G28:M28) -> 42.24 | O28: =(N28/8.16)^4.5 -> 1633.6231 | P28: 8 | Q28: 10 | R28: 9 | S28: 9 | T28: 9 | U28: 9 | V28: 9 | W28: =IF(G28>P28,"Y",IF(H28>Q28,"Y",IF(I28>R28,"Y",IF(J28>S28,"Y",IF(K28>T28,"Y",IF(L28>U28,"Y",IF(M28>V28,"Y","N"))))))) -> N | X28: =IF(W28="Y",MAX((G28-P28),(H28-Q28),(I28-R28),(J28-S28),(K28-T28),(L28-U28),(M28-V28))/10,0) -> 0 | Y28: =IF(X28<5%,"0-4.9%",IF(X28<25%,"5-25%",IF(X28<50%,"25-50%","Over 50%"))) -> 0-4.9% | Z28: Agricultural produce
A29: 7 | B29: 0.36319444 | C29: UAH 486T | D29: =IF(COUNT(G29:M29)>3,10,IF(COUNT(G29:M29)>2,9,7)) -> 10 | F29: 11*221 | G29: 5.94 | H29: 7.48 | I29: 9.02 | J29: 5.28 | K29: 3.74 | L29: 3.3 | N29: =SUM(G29:M29) -> 34.76 | O29: =(N29/8.16)^4.5 -> 679.5998 | P29: 8 | Q29: 10 | R29: 9 | S29: 9 | T29: 9 | U29: 9 | V29: 9 | W29: =IF(G29>P29,"Y",IF(H29>Q29,"Y",IF(I29>R29,"Y",IF(J29>S29,"Y",IF(K29>T29,"Y",IF(L29>U29,"Y",IF(M29>V29,"Y","N"))))))) -> Y | X29: =IF(W29="Y",MAX((G29-P29),(H29-Q29),(I29-R29),(J29-S29),(K29-T29),(L29-U29),(M29-V29))/10,0) -> 0.002 | Y29: =IF(X29<5%,"0-4.9%",IF(X29<25%,"5-25%",IF(X29<50%,"25-50%","Over 50%"))) -> 0-4.9% | Z29: Agricultural produce
A30: 8 | B30: 0.37152778 | C30: KAZ 983E | D30: =IF(COUNT(G30:M30)>3,10,IF(COUNT(G30:M30)>2,9,7)) -> 10 | F30: 1*22-222 | G30: 6.38 | H30: 6.82 | I30: 7.04 | J30: 3.74 | K30: 3.3 | L30: 3.52 | N30: =SUM(G30:M30) -> 30.8 | O30: =(N30/8.16)^4.5 -> 394.34152 | P30: 8 | Q30: 10 | R30: 9 | S30: 9 | T30: 9 | U30: 9 | V30: 9 | W30: =IF(G30>P30,"Y",IF(H30>Q30,"Y",IF(I30>R30,"Y",IF(J30>S30,"Y",IF(K30>T30,"Y",IF(L30>U30,"Y",IF(M30>V30,"Y","N"))))))) -> N | X30: =IF(W30="Y",MAX((G30-P30),(H30-Q30),(I30-R30),(J30-S30),(K30-T30),(L30-U30),(M30-V30))/10,0) -> 0 | Y30: =IF(X30<5%,"0-4.9%",IF(X30<25%,"5-25%",IF(X30<50%,"25-50%","Over 50%"))) -> 0-4.9% | Z30: Others
A31: 9 | B31: 0.375 | C31: UAH 697H | D31: =IF(COUNT(G31:M31)>3,10,IF(COUNT(G31:M31)>2,9,7)) -> 10 | F31: 11*222 | G31: 5.06 | H31: 11.22 | I31: 13.2 | J31: 7.04 | K31: 2.64 | N31: =SUM(G31:M31) -> 39.16 | O31: =(N31/8.16)^4.5 -> 1161.9471 | P31: 8 | Q31: 10 | R31: 9 | S31: 9 | T31: 9 | U31: 9 | V31: 9 | W31: =IF(G31>P31,"Y",IF(H31>Q31,"Y",IF(I31>R31,"Y",IF(J31>S31,"Y",IF(K31>T31,"Y",IF(L31>U31,"Y",IF(M31>V31,"Y","N"))))))) -> Y | X31: =IF(W31="Y",MAX((G31-P31),(H31-Q31),(I31-R31),(J31-S31),(K31-T31),(L31-U31),(M31-V31))/10,0) -> 0.42 | Y31: =IF(X31<5%,"0-4.9%",IF(X31<25%,"5-25%",IF(X31<50%,"25-50%","Over 50%"))) -> 25-50% | Z31: Agricultural produce
A32: 10 | B32: 0.37847222 | C32: UBB 053Q | D32: =IF(COUNT(G32:M32)>3,10,IF(COUNT(G32:M32)>2,9,7)) -> 10 | F32: 11*222 | G32: 8.3 | H32: 7.7 | I32: 11.88 | J32: 11.66 | K32: 3.74 | N32: =SUM(G32:M32) -> 43.28 | O32: =(N32/8.16)^4.5 -> 1822.5813 | P32: 8 | Q32: 10 | R32: 9 | S32: 9 | T32: 9 | U32: 9 | V32: 9 | W32: =IF(G32>P32,"Y",IF(H32>Q32,"Y",IF(I32>R32,"Y",IF(J32>S32,"Y",IF(K32>T32,"Y",IF(L32>U32,"Y",IF(M32>V32,"Y","N"))))))) -> Y | X32: =IF(W32="Y",MAX((G32-P32),(H32-Q32),(I32-R32),(J32-S32),(K32-T32),(L32-U32),(M32-V32))/10,0) -> 0.288 | Y32: =IF(X32<5%,"0-4.9%",IF(X32<25%,"5-25%",IF(X32<50%,"25-50%","Over 50%"))) -> 25-50% | Z32: Agricultural produce
A33: 12 | B33: 0.38333333 | C33: KBV 984C | D33: =IF(COUNT(G33:M33)>3,10,IF(COUNT(G33:M33)>2,9,7)) -> 10 | F33: 1*22-222 | G33: 5.72 | H33: 7.04 | I33: 7.26 | J33: 9.9 | K33: 7.92 | L33: 5.5 | N33: =SUM(G33:M33) -> 43.34 | O33: =(N33/8.16)^4.5 -> 1833.979 | P33: 8 | Q33: 10 | R33: 9 | S33: 9 | T33: 9 | U33: 9 | V33: 9 | W33: =IF(G33>P33,"Y",IF(H33>Q33,"Y",IF(I33>R33,"Y",IF(J33>S33,"Y",IF(K33>T33,"Y",IF(L33>U33,"Y",IF(M33>V33,"Y","N"))))))) -> Y | X33: =IF(W33="Y",MAX((G33-P33),(H33-Q33),(I33-R33),(J33-S33),(K33-T33),(L33-U33),(M33-V33))/10,0) -> 0.09 | Y33: =IF(X33<5%,"0-4.9%",IF(X33<25%,"5-25%",IF(X33<50%,"25-50%","Over 50%"))) -> 5-25% | Z33: Construction Material
A34: 13 | B34: 0.39236111 | C34: KBP 596R | D34: =IF(COUNT(G34:M34)>3,10,IF(COUNT(G34:M34)>2,9,7)) -> 10 | F34: 1*12-222 | G34: 5.28 | H34: 2.86 | I34: 7.04 | J34: 6.38 | K34: 5.5 | L34: 4.18 | N34: =SUM(G34:M34) -> 31.24 | O34: =(N34/8.16)^4.5 -> 420.3334 | P34: 8 | Q34: 10 | R34: 9 | S34: 9 | T34: 9 | U34: 9 | V34: 9 | W34: =IF(G34>P34,"Y",IF(H34>Q34,"Y",IF(I34>R34,"Y",IF(J34>S34,"Y",IF(K34>T34,"Y",IF(L34>U34,"Y",IF(M34>V34,"Y","N"))))))) -> N | X34: =IF(W34="Y",MAX((G34-P34),(H34-Q34),(I34-R34),(J34-S34),(K34-T34),(L34-U34),(M34-V34))/10,0) -> 0 | Y34: =IF(X34<5%,"0-4.9%",IF(X34<25%,"5-25%",IF(X34<50%,"25-50%","Over 50%"))) -> 0-4.9% | Z34: Agricultural produce
A35: 14 | B35: 0.40138889 | C35: KBA 665H | D35: =IF(COUNT(G35:M35)>3,10,IF(COUNT(G35:M35)>2,9,7)) -> 10 | F35: 1*12-222 | G35: 6.38 | H35: 4.62 | I35: 6.38 | J35: 7.04 | K35: 7.04 | L35: 7.48 | N35: =SUM(G35:M35) -> 38.94 | O35: =(N35/8.16)^4.5 -> 1132.8595 | P35: 8 | Q35: 10 | R35: 9 | S35: 9 | T35: 9 | U35: 9 | V35: 9 | W35: =IF(G35>P35,"Y",IF(H35>Q35,"Y",IF(I35>R35,"Y",IF(J35>S35,"Y",IF(K35>T35,"Y",IF(L35>U35,"Y",IF(M35>V35,"Y","N"))))))) -> N | X35: =IF(W35="Y",MAX((G35-P35),(H35-Q35),(I35-R35),(J35-S35),(K35-T35),(L35-U35),(M35-V35))/10,0) -> 0 | Y35: =IF(X35<5%,"0-4.9%",IF(X35<25%,"5-25%",IF(X35<50%,"25-50%","Over 50%"))) -> 0-4.9% | Z35: Fuels
A36: 15 | B36: 0.40416667 | C36: UAT 364P | D36: =IF(COUNT(G36:M36)>3,10,IF(COUNT(G36:M36)>2,9,7)) -> 10 | F36: 1*22-222 | G36: 8.4 | H36: 6.6 | I36: 6.38 | J36: 4.62 | K36: 5.28 | L36: 6.6 | N36: =SUM(G36:M36) -> 37.88 | O36: =(N36/8.16)^4.5 -> 1000.5508 | P36: 8 | Q36: 10 | R36: 9 | S36: 9 | T36: 9 | U36: 9 | V36: 9 | W36: =IF(G36>P36,"Y",IF(H36>Q36,"Y",IF(I36>R36,"Y",IF(J36>S36,"Y",IF(K36>T36,"Y",IF(L36>U36,"Y",IF(M36>V36,"Y","N"))))))) -> Y | X36: =IF(W36="Y",MAX((G36-P36),(H36-Q36),(I36-R36),(J36-S36),(K36-T36),(L36-U36),(M36-V36))/10,0) -> 0.04 | Y36: =IF(X36<5%,"0-4.9%",IF(X36<25%,"5-25%",IF(X36<50%,"25-50%","Over 50%"))) -> 0-4.9% | Z36: Agricultural produce
A37: 17 | B37: 0.43611111 | C37: UAP 050X | D37: =IF(COUNT(G37:M37)>3,10,IF(COUNT(G37:M37)>2,9,7)) -> 10 | F37: 11*222 | G37: 6.6 | H37: 6.6 | I37: 10.56 | J37: 9.9 | K37: 0.88 | N37: =SUM(G37:M37) -> 34.54 | O37: =(N37/8.16)^4.5 -> 660.45736 | P37: 8 | Q37: 10 | R37: 9 | S37: 9 | T37: 9 | U37: 9 | V37: 9 | W37: =IF(G37>P37,"Y",IF(H37>Q37,"Y",IF(I37>R37,"Y",IF(J37>S37,"Y",IF(K37>T37,"Y",IF(L37>U37,"Y",IF(M37>V37,"Y","N"))))))) -> Y | X37: =IF(W37="Y",MAX((G37-P37),(H37-Q37),(I37-R37),(J37-S37),(K37-T37),(L37-U37),(M37-V37))/10,0) -> 0.156 | Y37: =IF(X37<5%,"0-4.9%",IF(X37<25%,"5-25%",IF(X37<50%,"25-50%","Over 50%"))) -> 5-25% | Z37: Agricultural produce
A38: 18 | B38: 0.45 | C38: UAW 964F | D38: =IF(COUNT(G38:M38)>3,10,IF(COUNT(G38:M38)>2,9,7)) -> 10 | F38: 1*22-222 | G38: 5.06 | H38: 5.06 | I38: 6.82 | J38: 5.28 | K38: 5.28 | L38: 6.6 | N38: =SUM(G38:M38) -> 34.1 | O38: =(N38/8.16)^4.5 -> 623.43186 | P38: 8 | Q38: 10 | R38: 9 | S38: 9 | T38: 9 | U38: 9 | V38: 9 | W38: =IF(G38>P38,"Y",IF(H38>Q38,"Y",IF(I38>R38,"Y",IF(J38>S38,"Y",IF(K38>T38,"Y",IF(L38>U38,"Y",IF(M38>V38,"Y","N"))))))) -> N | X38: =IF(W38="Y",MAX((G38-P38),(H38-Q38),(I38-R38),(J38-S38),(K38-T38),(L38-U38),(M38-V38))/10,0) -> 0 | Y38: =IF(X38<5%,"0-4.9%",IF(X38<25%,"5-25%",IF(X38<50%,"25-50%","Over 50%"))) -> 0-4.9% | Z38: Agricultural produce
A39: 20 | B39: 0.45694444 | C39: SSD 468B | D39: =IF(COUNT(G39:M39)>3,10,IF(COUNT(G39:M39)>2,9,7)) -> 10 | F39: 1*22-222 | G39: 4.18 | H39: 5.5 | I39: 1.32 | J39: 2.86 | K39: 3.52 | L39: 5.5 | N39: =SUM(G39:M39) -> 22.88 | O39: =(N39/8.16)^4.5 -> 103.50144 | P39: 8 | Q39: 10 | R39: 9 | S39: 9 | T39: 9 | U39: 9 | V39: 9 | W39: =IF(G39>P39,"Y",IF(H39>Q39,"Y",IF(I39>R39,"Y",IF(J39>S39,"Y",IF(K39>T39,"Y",IF(L39>U39,"Y",IF(M39>V39,"Y","N"))))))) -> N | X39: =IF(W39="Y",MAX((G39-P39),(H39-Q39),(I39-R39),(J39-S39),(K39-T39),(L39-U39),(M39-V39))/10,0) -> 0 | Y39: =IF(X39<5%,"0-4.9%",IF(X39<25%,"5-25%",IF(X39<50%,"25-50%","Over 50%"))) -> 0-4.9% | Z39: Others
A40: 21 | B40: 0.45972222 | C40: KBQ 327U | D40: =IF(COUNT(G40:M40)>3,10,IF(COUNT(G40:M40)>2,9,7)) -> 10 | F40: 1*22-222 | G40: 7.04 | H40: 1.76 | I40: 8.14 | J40: 9.9 | K40: 7.04 | L40: 8.36 | N40: =SUM(G40:M40) -> 42.24 | O40: =(N40/8.16)^4.5 -> 1633.6231 | P40: 8 | Q40: 10 | R40: 9 | S40: 9 | T40: 9 | U40: 9 | V40: 9 | W40: =IF(G40>P40,"Y",IF(H40>Q40,"Y",IF(I40>R40,"Y",IF(J40>S40,"Y",IF(K40>T40,"Y",IF(L40>U40,"Y",IF(M40>V40,"Y","N"))))))) -> Y | X40: =IF(W40="Y",MAX((G40-P40),(H40-Q40),(I40-R40),(J40-S40),(K40-T40),(L40-U40),(M40-V40))/10,0) -> 0.09 | Y40: =IF(X40<5%,"0-4.9%",IF(X40<25%,"5-25%",IF(X40<50%,"25-50%","Over 50%"))) -> 5-25% | Z40: Agricultural produce
A41: 22 | B41: 0.46180556 | C41: KCQ 013V | D41: =IF(COUNT(G41:M41)>3,10,IF(COUNT(G41:M41)>2,9,7)) -> 10 | F41: 1*22-222 | G41: 4.18 | H41: 7.26 | I41: 7.04 | J41: 9.02 | K41: 7.04 | L41: 5.94 | N41: =SUM(G41:M41) -> 40.48 | O41: =(N41/8.16)^4.5 -> 1348.8901 | P41: 8 | Q41: 10 | R41: 9 | S41: 9 | T41: 9 | U41: 9 | V41: 9 | W41: =IF(G41>P41,"Y",IF(H41>Q41,"Y",IF(I41>R41,"Y",IF(J41>S41,"Y",IF(K41>T41,"Y",IF(L41>U41,"Y",IF(M41>V41,"Y","N"))))))) -> Y | X41: =IF(W41="Y",MAX((G41-P41),(H41-Q41),(I41-R41),(J41-S41),(K41-T41),(L41-U41),(M41-V41))/10,0) -> 0.002 | Y41: =IF(X41<5%,"0-4.9%",IF(X41<25%,"5-25%",IF(X41<50%,"25-50%","Over 50%"))) -> 0-4.9% | Z41: Household retail products
A42: 23 | B42: 0.46388889 | C42: XCL 357E | D42: =IF(COUNT(G42:M42)>3,10,IF(COUNT(G42:M42)>2,9,7)) -> 10 | F42: 1*22-222 | G42: 5.72 | H42: 10.12 | I42: 8.36 | J42: 8.8 | K42: 6.38 | L42: 8.58 | N42: =SUM(G42:M42) -> 47.96 | O42: =(N42/8.16)^4.5 -> 2893.0142 | P42: 8 | Q42: 10 | R42: 9 | S42: 9 | T42: 9 | U42: 9 | V42: 9 | W42: =IF(G42>P42,"Y",IF(H42>Q42,"Y",IF(I42>R42,"Y",IF(J42>S42,"Y",IF(K42>T42,"Y",IF(L42>U42,"Y",IF(M42>V42,"Y","N"))))))) -> Y | X42: =IF(W42="Y",MAX((G42-P42),(H42-Q42),(I42-R42),(J42-S42),(K42-T42),(L42-U42),(M42-V42))/10,0) -> 0.012 | Y42: =IF(X42<5%,"0-4.9%",IF(X42<25%,"5-25%",IF(X42<50%,"25-50%","Over 50%"))) -> 0-4.9% | Z42: Construction Material
A43: 24 | B43: 0.48055556 | C43: SSD 104G | D43: =IF(COUNT(G43:M43)>3,10,IF(COUNT(G43:M43)>2,9,7)) -> 10 | F43: 1*22-222 | G43: 5.5 | H43: 5.28 | I43: 4.84 | J43: 4.62 | K43: 4.4 | L43: 5.72 | N43: =SUM(G43:M43) -> 30.36 | O43: =(N43/8.16)^4.5 -> 369.61726 | P43: 8 | Q43: 10 | R43: 9 | S43: 9 | T43: 9 | U43: 9 | V43: 9 | W43: =IF(G43>P43,"Y",IF(H43>Q43,"Y",IF(I43>R43,"Y",IF(J43>S43,"Y",IF(K43>T43,"Y",IF(L43>U43,"Y",IF(M43>V43,"Y","N"))))))) -> N | X43: =IF(W43="Y",MAX((G43-P43),(H43-Q43),(I43-R43),(J43-S43),(K43-T43),(L43-U43),(M43-V43))/10,0) -> 0 | Y43: =IF(X43<5%,"0-4.9%",IF(X43<25%,"5-25%",IF(X43<50%,"25-50%","Over 50%"))) -> 0-4.9% | Z43: Household retail products
A44: 25 | B44: 0.49791667 | C44: UAH 249V | D44: =IF(COUNT(G44:M44)>3,10,IF(COUNT(G44:M44)>2,9,7)) -> 10 | F44: 1*22-222 | G44: 6.16 | H44: 6.6 | I44: 7.92 | J44: 7.92 | K44: 7.7 | L44: 7.7 | N44: =SUM(G44:M44) -> 44 | O44: =(N44/8.16)^4.5 -> 1963.0499 | P44: 8 | Q44: 10 | R44: 9 | S44: 9 | T44: 9 | U44: 9 | V44: 9 | W44: =IF(G44>P44,"Y",IF(H44>Q44,"Y",IF(I44>R44,"Y",IF(J44>S44,"Y",IF(K44>T44,"Y",IF(L44>U44,"Y",IF(M44>V44,"Y","N"))))))) -> N | X44: =IF(W44="Y",MAX((G44-P44),(H44-Q44),(I44-R44),(J44-S44),(K44-T44),(L44-U44),(M44-V44))/10,0) -> 0 | Y44: =IF(X44<5%,"0-4.9%",IF(X44<25%,"5-25%",IF(X44<50%,"25-50%","Over 50%"))) -> 0-4.9% | Z44: Household retail products
A45: 26 | B45: 0.51041667 | C45: UAR 767L | D45: =IF(COUNT(G45:M45)>3,10,IF(COUNT(G45:M45)>2,9,7)) -> 10 | F45: 1*22-222 | G45: 6.6 | H45: 6.82 | I45: 5.28 | J45: 6.16 | K45: 5.94 | L45: 7.26 | N45: =SUM(G45:M45) -> 38.06 | O45: =(N45/8.16)^4.5 -> 1022.1245 | P45: 8 | Q45: 10 | R45: 9 | S45: 9 | T45: 9 | U45: 9 | V45: 9 | W45: =IF(G45>P45,"Y",IF(H45>Q45,"Y",IF(I45>R45,"Y",IF(J45>S45,"Y",IF(K45>T45,"Y",IF(L45>U45,"Y",IF(M45>V45,"Y","N"))))))) -> N | X45: =IF(W45="Y",MAX((G45-P45),(H45-Q45),(I45-R45),(J45-S45),(K45-T45),(L45-U45),(M45-V45))/10,0) -> 0 | Y45: =IF(X45<5%,"0-4.9%",IF(X45<25%,"5-25%",IF(X45<50%,"25-50%","Over 50%"))) -> 0-4.9% | Z45: Household retail products
A46: 27 | B46: 0.51388889 | C46: UAY 864S | D46: =IF(COUNT(G46:M46)>3,10,IF(COUNT(G46:M46)>2,9,7)) -> 10 | F46: 1*22-222 | G46: 5.94 | H46: 8.36 | I46: 8.36 | J46: 10.78 | K46: 7.7 | L46: 7.7 | N46: =SUM(G46:M46) -> 48.84 | O46: =(N46/8.16)^4.5 -> 3139.6753 | P46: 8 | Q46: 10 | R46: 9 | S46: 9 | T46: 9 | U46: 9 | V46: 9 | W46: =IF(G46>P46,"Y",IF(H46>Q46,"Y",IF(I46>R46,"Y",IF(J46>S46,"Y",IF(K46>T46,"Y",IF(L46>U46,"Y",IF(M46>V46,"Y","N"))))))) -> Y | X46: =IF(W46="Y",MAX((G46-P46),(H46-Q46),(I46-R46),(J46-S46),(K46-T46),(L46-U46),(M46-V46))/10,0) -> 0.178 | Y46: =IF(X46<5%,"0-4.9%",IF(X46<25%,"5-25%",IF(X46<50%,"25-50%","Over 50%"))) -> 5-25% | Z46: Household retail products
A47: 28 | B47: 0.081944444 | C47: UAR 978C | D47: =IF(COUNT(G47:M47)>3,10,IF(COUNT(G47:M47)>2,9,7)) -> 10 | F47: 1*22-222 | G47: 5.28 | H47: 4.84 | I47: 4.62 | J47: 6.38 | K47: 6.82 | L47: 9.02 | N47: =SUM(G47:M47) -> 36.96 | O47: =(N47/8.16)^4.5 -> 895.75268 | P47: 8 | Q47: 10 | R47: 9 | S47: 9 | T47: 9 | U47: 9 | V47: 9 | W47: =IF(G47>P47,"Y",IF(H47>Q47,"Y",IF(I47>R47,"Y",IF(J47>S47,"Y",IF(K47>T47,"Y",IF(L47>U47,"Y",IF(M47>V47,"Y","N"))))))) -> Y | X47: =IF(W47="Y",MAX((G47-P47),(H47-Q47),(I47-R47),(J47-S47),(K47-T47),(L47-U47),(M47-V47))/10,0) -> 0.002 | Y47: =IF(X47<5%,"0-4.9%",IF(X47<25%,"5-25%",IF(X47<50%,"25-50%","Over 50%"))) -> 0-4.9% | Z47: Construction Material
A48: 29 | B48: 0.12013889 | C48: KBR 624T | D48: =IF(COUNT(G48:M48)>3,10,IF(COUNT(G48:M48)>2,9,7)) -> 10 | F48: 1*22-222 | G48: 5.28 | H48: 6.82 | I48: 6.16 | J48: 5.94 | K48: 7.04 | L48: 4.62 | N48: =SUM(G48:M48) -> 35.86 | O48: =(N48/8.16)^4.5 -> 781.88084 | P48: 8 | Q48: 10 | R48: 9 | S48: 9 | T48: 9 | U48: 9 | V48: 9 | W48: =IF(G48>P48,"Y",IF(H48>Q48,"Y",IF(I48>R48,"Y",IF(J48>S48,"Y",IF(K48>T48,"Y",IF(L48>U48,"Y",IF(M48>V48,"Y","N"))))))) -> N | X48: =IF(W48="Y",MAX((G48-P48),(H48-Q48),(I48-R48),(J48-S48),(K48-T48),(L48-U48),(M48-V48))/10,0) -> 0 | Y48: =IF(X48<5%,"0-4.9%",IF(X48<25%,"5-25%",IF(X48<50%,"25-50%","Over 50%"))) -> 0-4.9% | Z48: Others
A49: 30 | B49: 0.15763889 | C49: KAL 773R | D49: =IF(COUNT(G49:M49)>3,10,IF(COUNT(G49:M49)>2,9,7)) -> 10 | F49: 1*22-222 | G49: 5.72 | H49: 5.06 | I49: 6.16 | J49: 5.28 | K49: 5.72 | L49: 4.62 | N49: =SUM(G49:M49) -> 32.56 | O49: =(N49/8.16)^4.5 -> 506.37711 | P49: 8 | Q49: 10 | R49: 9 | S49: 9 | T49: 9 | U49: 9 | V49: 9 | W49: =IF(G49>P49,"Y",IF(H49>Q49,"Y",IF(I49>R49,"Y",IF(J49>S49,"Y",IF(K49>T49,"Y",IF(L49>U49,"Y",IF(M49>V49,"Y","N"))))))) -> N | X49: =IF(W49="Y",MAX((G49-P49),(H49-Q49),(I49-R49),(J49-S49),(K49-T49),(L49-U49),(M49-V49))/10,0) -> 0 | Y49: =IF(X49<5%,"0-4.9%",IF(X49<25%,"5-25%",IF(X49<50%,"25-50%","Over 50%"))) -> 0-4.9% | Z49: Fuels
... A52: 5 | B52: 0.31805556 | C52: KBC 770M | D52: =IF(COUNT(G52:M52)>3,10,IF(COUNT(G52:M52)>2,9,7)) -> 10 | F52: 1*22-222 | G52: 6.38 | H52: 5.5 | I52: 6.82 | J52: 7.04 | K52: 5.5 | L52: 5.72 | N52: =SUM(G52:M52) -> 36.96 | O52: =(N52/8.16)^4.5 -> 895.75268 | P52: 8 | Q52: 10 | R52: 9 | S52: 9 | T52: 9 | U52: 9 | V52: 9 | W52: =IF(G52>P52,"Y",IF(H52>Q52,"Y",IF(I52>R52,"Y",IF(J52>S52,"Y",IF(K52>T52,"Y",IF(L52>U52,"Y",IF(M52>V52,"Y","N"))))))) -> N | X52: =IF(W52="Y",MAX((G52-P52),(H52-Q52),(I52-R52),(J52-S52),(K52-T52),(L52-U52),(M52-V52))/10,0) -> 0 | Y52: =IF(X52<5%,"0-4.9%",IF(X52<25%,"5-25%",IF(X52<50%,"25-50%","Over 50%"))) -> 0-4.9% | Z52: Fuels
A53: 6 | B53: 0.33680556 | C53: UEC 853 | D53: =IF(COUNT(G53:M53)>3,10,IF(COUNT(G53:M53)>2,9,7)) -> 10 | F53: 1*22-22-22 | G53: 7.26 | H53: 5.94 | I53: 5.28 | J53: 6.16 | K53: 5.28 | L53: 8.8 | M53: 5.06 | N53: =SUM(G53:M53) -> 43.78 | O53: =(N53/8.16)^4.5 -> 1919.2661 | P53: 8 | Q53: 10 | R53: 9 | S53: 9 | T53: 9 | U53: 9 | V53: 9 | W53: =IF(G53>P53,"Y",IF(H53>Q53,"Y",IF(I53>R53,"Y",IF(J53>S53,"Y",IF(K53>T53,"Y",IF(L53>U53,"Y",IF(M53>V53,"Y","N"))))))) -> N | X53: =IF(W53="Y",MAX((G53-P53),(H53-Q53),(I53-R53),(J53-S53),(K53-T53),(L53-U53),(M53-V53))/10,0) -> 0 | Y53: =IF(X53<5%,"0-4.9%",IF(X53<25%,"5-25%",IF(X53<50%,"25-50%","Over 50%"))) -> 0-4.9% | Z53: Fuels
A54: 7 | B54: 0.34930556 | C54: UAP 768U | D54: =IF(COUNT(G54:M54)>3,10,IF(COUNT(G54:M54)>2,9,7)) -> 10 | F54: 1*22-22-22 | G54: 8.14 | H54: 8.58 | I54: 5.06 | J54: 8.58 | K54: 7.92 | L54: 9.24 | M54: 6.38 | N54: =SUM(G54:M54) -> 53.9 | O54: =(N54/8.16)^4.5 -> 4892.6453 | P54: 8 | Q54: 10 | R54: 9 | S54: 9 | T54: 9 | U54: 9 | V54: 9 | W54: =IF(G54>P54,"Y",IF(H54>Q54,"Y",IF(I54>R54,"Y",IF(J54>S54,"Y",IF(K54>T54,"Y",IF(L54>U54,"Y",IF(M54>V54,"Y","N"))))))) -> Y | X54: =IF(W54="Y",MAX((G54-P54),(H54-Q54),(I54-R54),(J54-S54),(K54-T54),(L54-U54),(M54-V54))/10,0) -> 0.024 | Y54: =IF(X54<5%,"0-4.9%",IF(X54<25%,"5-25%",IF(X54<50%,"25-50%","Over 50%"))) -> 0-4.9% | Z54: Household retail products
A55: 11 | B55: 0.36666667 | C55: UBE 174Q | D55: =IF(COUNT(G55:M55)>3,10,IF(COUNT(G55:M55)>2,9,7)) -> 10 | F55: 1*1-22 | G55: 5.5 | H55: 6.38 | I55: 12.32 | J55: 11.22 | K55: 0.66 | N55: =SUM(G55:M55) -> 36.08 | O55: =(N55/8.16)^4.5 -> 803.69944 | P55: 8 | Q55: 10 | R55: 9 | S55: 9 | T55: 9 | U55: 9 | V55: 9 | W55: =IF(G55>P55,"Y",IF(H55>Q55,"Y",IF(I55>R55,"Y",IF(J55>S55,"Y",IF(K55>T55,"Y",IF(L55>U55,"Y",IF(M55>V55,"Y","N"))))))) -> Y | X55: =IF(W55="Y",MAX((G55-P55),(H55-Q55),(I55-R55),(J55-S55),(K55-T55),(L55-U55),(M55-V55))/10,0) -> 0.332 | Y55: =IF(X55<5%,"0-4.9%",IF(X55<25%,"5-25%",IF(X55<50%,"25-50%","Over 50%"))) -> 25-50% | Z55: Household retail products
A56: 12 | B56: 0.36944444 | C56: UBB 116P | D56: =IF(COUNT(G56:M56)>3,10,IF(COUNT(G56:M56)>2,9,7)) -> 10 | F56: 1*22-222 | G56: 5.72 | H56: 7.92 | I56: 6.6 | J56: 10.12 | K56: 6.38 | L56: 7.04 | N56: =SUM(G56:M56) -> 43.78 | O56: =(N56/8.16)^4.5 -> 1919.2661 | P56: 8 | Q56: 10 | R56: 9 | S56: 9 | T56: 9 | U56: 9 | V56: 9 | W56: =IF(G56>P56,"Y",IF(H56>Q56,"Y",IF(I56>R56,"Y",IF(J56>S56,"Y",IF(K56>T56,"Y",IF(L56>U56,"Y",IF(M56>V56,"Y","N"))))))) -> Y | X56: =IF(W56="Y",MAX((G56-P56),(H56-Q56),(I56-R56),(J56-S56),(K56-T56),(L56-U56),(M56-V56))/10,0) -> 0.112 | Y56: =IF(X56<5%,"0-4.9%",IF(X56<25%,"5-25%",IF(X56<50%,"25-50%","Over 50%"))) -> 5-25% | Z56: Household retail products
A57: 13 | B57: 0.37152778 | C57: UBF 376L | D57: =IF(COUNT(G57:M57)>3,10,IF(COUNT(G57:M57)>2,9,7)) -> 10 | F57: 1*22-222 | G57: 2.64 | H57: 3.74 | I57: 2.2 | J57: 2.64 | K57: 2.2 | L57: 5.28 | N57: =SUM(G57:M57) -> 18.7 | O57: =(N57/8.16)^4.5 -> 41.752407 | P57: 8 | Q57: 10 | R57: 9 | S57: 9 | T57: 9 | U57: 9 | V57: 9 | W57: =IF(G57>P57,"Y",IF(H57>Q57,"Y",IF(I57>R57,"Y",IF(J57>S57,"Y",IF(K57>T57,"Y",IF(L57>U57,"Y",IF(M57>V57,"Y","N"))))))) -> N | X57: =IF(W57="Y",MAX((G57-P57),(H57-Q57),(I57-R57),(J57-S57),(K57-T57),(L57-U57),(M57-V57))/10,0) -> 0 | Y57: =IF(X57<5%,"0-4.9%",IF(X57<25%,"5-25%",IF(X57<50%,"25-50%","Over 50%"))) -> 0-4.9% | Z57: Household retail products
A58: 14 | B58: 0.40625 | C58: UAY 917N | D58: =IF(COUNT(G58:M58)>3,10,IF(COUNT(G58:M58)>2,9,7)) -> 10 | F58: 1*22-222 | G58: 6.16 | H58: 7.7 | I58: 6.16 | J58: 7.7 | K58: 8.36 | L58: 5.72 | N58: =SUM(G58:M58) -> 41.8 | O58: =(N58/8.16)^4.5 -> 1558.4309 | P58: 8 | Q58: 10 | R58: 9 | S58: 9 | T58: 9 | U58: 9 | V58: 9 | W58: =IF(G58>P58,"Y",IF(H58>Q58,"Y",IF(I58>R58,"Y",IF(J58>S58,"Y",IF(K58>T58,"Y",IF(L58>U58,"Y",IF(M58>V58,"Y","N"))))))) -> N | X58: =IF(W58="Y",MAX((G58-P58),(H58-Q58),(I58-R58),(J58-S58),(K58-T58),(L58-U58),(M58-V58))/10,0) -> 0 | Y58: =IF(X58<5%,"0-4.9%",IF(X58<25%,"5-25%",IF(X58<50%,"25-50%","Over 50%"))) -> 0-4.9% | Z58: Household retail products
A59: 15 | B59: 0.47430556 | C59: UAQ 390T | D59: =IF(COUNT(G59:M59)>3,10,IF(COUNT(G59:M59)>2,9,7)) -> 10 | F59: 11*221 | G59: 6.38 | H59: 7.7 | I59: 11 | J59: 5.06 | K59: 3.52 | N59: =SUM(G59:M59) -> 33.66 | O59: =(N59/8.16)^4.5 -> 588.04124 | P59: 8 | Q59: 10 | R59: 9 | S59: 9 | T59: 9 | U59: 9 | V59: 9 | W59: =IF(G59>P59,"Y",IF(H59>Q59,"Y",IF(I59>R59,"Y",IF(J59>S59,"Y",IF(K59>T59,"Y",IF(L59>U59,"Y",IF(M59>V59,"Y","N"))))))) -> Y | X59: =IF(W59="Y",MAX((G59-P59),(H59-Q59),(I59-R59),(J59-S59),(K59-T59),(L59-U59),(M59-V59))/10,0) -> 0.2 | Y59: =IF(X59<5%,"0-4.9%",IF(X59<25%,"5-25%",IF(X59<50%,"25-50%","Over 50%"))) -> 5-25% | Z59: Agricultural produce
A60: 16 | B60: 0.49305556 | C60: UAP 963U | D60: =IF(COUNT(G60:M60)>3,10,IF(COUNT(G60:M60)>2,9,7)) -> 10 | F60: 11*222 | G60: 6.38 | H60: 3.52 | I60: 12.76 | J60: 7.92 | K60: 2.86 | N60: =SUM(G60:M60) -> 33.44 | O60: =(N60/8.16)^4.5 -> 570.94266 | P60: 8 | Q60: 10 | R60: 9 | S60: 9 | T60: 9 | U60: 9 | V60: 9 | W60: =IF(G60>P60,"Y",IF(H60>Q60,"Y",IF(I60>R60,"Y",IF(J60>S60,"Y",IF(K60>T60,"Y",IF(L60>U60,"Y",IF(M60>V60,"Y","N"))))))) -> Y | X60: =IF(W60="Y",MAX((G60-P60),(H60-Q60),(I60-R60),(J60-S60),(K60-T60),(L60-U60),(M60-V60))/10,0) -> 0.376 | Y60: =IF(X60<5%,"0-4.9%",IF(X60<25%,"5-25%",IF(X60<50%,"25-50%","Over 50%"))) -> 25-50% | Z60: Agricultural produce
A61: 17 | B61: 0.49722222 | C61: UAT 660U | D61: =IF(COUNT(G61:M61)>3,10,IF(COUNT(G61:M61)>2,9,7)) -> 10 | F61: 11*22 | G61: 9.68 | H61: 3.74 | I61: 14.3 | J61: 8.36 | N61: =SUM(G61:M61) -> 36.08 | O61: =(N61/8.16)^4.5 -> 803.69944 | P61: 8 | Q61: 10 | R61: 9 | S61: 9 | T61: 9 | U61: 9 | V61: 9 | W61: =IF(G61>P61,"Y",IF(H61>Q61,"Y",IF(I61>R61,"Y",IF(J61>S61,"Y",IF(K61>T61,"Y",IF(L61>U61,"Y",IF(M61>V61,"Y","N"))))))) -> Y | X61: =IF(W61="Y",MAX((G61-P61),(H61-Q61),(I61-R61),(J61-S61),(K61-T61),(L61-U61),(M61-V61))/10,0) -> 0.53 | Y61: =IF(X61<5%,"0-4.9%",IF(X61<25%,"5-25%",IF(X61<50%,"25-50%","Over 50%"))) -> Over 50% | Z61: Agricultural produce
A62: 18 | B62: 0.50347222 | C62: KBR 976G | D62: =IF(COUNT(G62:M62)>3,10,IF(COUNT(G62:M62)>2,9,7)) -> 10 | F62: 1*12-222 | G62: 7.04 | H62: 0.44 | I62: 7.48 | J62: 3.08 | K62: 6.6 | L62: 5.5 | N62: =SUM(G62:M62) -> 30.14 | O62: =(N62/8.16)^4.5 -> 357.71644 | P62: 8 | Q62: 10 | R62: 9 | S62: 9 | T62: 9 | U62: 9 | V62: 9 | W62: =IF(G62>P62,"Y",IF(H62>Q62,"Y",IF(I62>R62,"Y",IF(J62>S62,"Y",IF(K62>T62,"Y",IF(L62>U62,"Y",IF(M62>V62,"Y","N"))))))) -> N | X62: =IF(W62="Y",MAX((G62-P62),(H62-Q62),(I62-R62),(J62-S62),(K62-T62),(L62-U62),(M62-V62))/10,0) -> 0 | Y62: =IF(X62<5%,"0-4.9%",IF(X62<25%,"5-25%",IF(X62<50%,"25-50%","Over 50%"))) -> 0-4.9% | Z62: Fuels
A63: 19 | B63: 0.51041667 | C63: KBC 501M | D63: =IF(COUNT(G63:M63)>3,10,IF(COUNT(G63:M63)>2,9,7)) -> 10 | F63: 1*22-222 | G63: 6.16 | H63: 8.36 | I63: 7.92 | J63: 7.26 | K63: 7.04 | L63: 7.04 | N63: =SUM(G63:M63) -> 43.78 | O63: =(N63/8.16)^4.5 -> 1919.2661 | P63: 8 | Q63: 10 | R63: 9 | S63: 9 | T63: 9 | U63: 9 | V63: 9 | W63: =IF(G63>P63,"Y",IF(H63>Q63,"Y",IF(I63>R63,"Y",IF(J63>S63,"Y",IF(K63>T63,"Y",IF(L63>U63,"Y",IF(M63>V63,"Y","N"))))))) -> N | X63: =IF(W63="Y",MAX((G63-P63),(H63-Q63),(I63-R63),(J63-S63),(K63-T63),(L63-U63),(M63-V63))/10,0) -> 0 | Y63: =IF(X63<5%,"0-4.9%",IF(X63<25%,"5-25%",IF(X63<50%,"25-50%","Over 50%"))) -> 0-4.9% | Z63: Others
A64: 20 | B64: 0.52083333 | C64: UAR 805R | D64: =IF(COUNT(G64:M64)>3,10,IF(COUNT(G64:M64)>2,9,7)) -> 10 | F64: 1*22-22-22 | G64: 7.26 | H64: 6.38 | I64: 4.18 | J64: 4.4 | K64: 4.62 | L64: 2.64 | M64: 6.38 | N64: =SUM(G64:M64) -> 35.86 | O64: =(N64/8.16)^4.5 -> 781.88084 | P64: 8 | Q64: 10 | R64: 9 | S64: 9 | T64: 9 | U64: 9 | V64: 9 | W64: =IF(G64>P64,"Y",IF(H64>Q64,"Y",IF(I64>R64,"Y",IF(J64>S64,"Y",IF(K64>T64,"Y",IF(L64>U64,"Y",IF(M64>V64,"Y","N"))))))) -> N | X64: =IF(W64="Y",MAX((G64-P64),(H64-Q64),(I64-R64),(J64-S64),(K64-T64),(L64-U64),(M64-V64))/10,0) -> 0 | Y64: =IF(X64<5%,"0-4.9%",IF(X64<25%,"5-25%",IF(X64<50%,"25-50%","Over 50%"))) -> 0-4.9% | Z64: Household retail products
A65: 21 | B65: 0.10138889 | C65: UAQ 235T | D65: =IF(COUNT(G65:M65)>3,10,IF(COUNT(G65:M65)>2,9,7)) -> 10 | F65: 1*22-222 | G65: 5.72 | H65: 10.12 | I65: 11.66 | J65: 9.46 | K65: 6.38 | L65: 8.58 | N65: =SUM(G65:M65) -> 51.92 | O65: =(N65/8.16)^4.5 -> 4134.2845 | P65: 8 | Q65: 10 | R65: 9 | S65: 9 | T65: 9 | U65: 9 | V65: 9 | W65: =IF(G65>P65,"Y",IF(H65>Q65,"Y",IF(I65>R65,"Y",IF(J65>S65,"Y",IF(K65>T65,"Y",IF(L65>U65,"Y",IF(M65>V65,"Y","N"))))))) -> Y | X65: =IF(W65="Y",MAX((G65-P65),(H65-Q65),(I65-R65),(J65-S65),(K65-T65),(L65-U65),(M65-V65))/10,0) -> 0.266 | Y65: =IF(X65<5%,"0-4.9%",IF(X65<25%,"5-25%",IF(X65<50%,"25-50%","Over 50%"))) -> 25-50% | Z65: Construction Material
A66: 22 | B66: 0.11597222 | C66: UAZ 965D | D66: =IF(COUNT(G66:M66)>3,10,IF(COUNT(G66:M66)>2,9,7)) -> 10 | F66: 1:22-22-22 | G66: 8.58 | H66: 6.38 | I66: 5.5 | J66: 9.24 | K66: 5.72 | L66: 7.7 | M66: 6.6 | N66: =SUM(G66:M66) -> 49.72 | O66: =(N66/8.16)^4.5 -> 3402.3918 | P66: 8 | Q66: 10 | R66: 9 | S66: 9 | T66: 9 | U66: 9 | V66: 9 | W66: =IF(G66>P66,"Y",IF(H66>Q66,"Y",IF(I66>R66,"Y",IF(J66>S66,"Y",IF(K66>T66,"Y",IF(L66>U66,"Y",IF(M66>V66,"Y","N"))))))) -> Y | X66: =IF(W66="Y",MAX((G66-P66),(H66-Q66),(I66-R66),(J66-S66),(K66-T66),(L66-U66),(M66-V66))/10,0) -> 0.058 | Y66: =IF(X66<5%,"0-4.9%",IF(X66<25%,"5-25%",IF(X66<50%,"25-50%","Over 50%"))) -> 5-25% | Z66: Construction Material
A67: 24 | B67: 0.22916667 | C67: KBQ 516V | D67: =IF(COUNT(G67:M67)>3,10,IF(COUNT(G67:M67)>2,9,7)) -> 10 | F67: 1*12-222 | G67: 6.16 | H67: 5.28 | I67: 5.94 | J67: 5.28 | K67: 6.38 | L67: 3.96 | N67: =SUM(G67:M67) -> 33 | O67: =(N67/8.16)^4.5 -> 537.90678 | P67: 8 | Q67: 10 | R67: 9 | S67: 9 | T67: 9 | U67: 9 | V67: 9 | W67: =IF(G67>P67,"Y",IF(H67>Q67,"Y",IF(I67>R67,"Y",IF(J67>S67,"Y",IF(K67>T67,"Y",IF(L67>U67,"Y",IF(M67>V67,"Y","N"))))))) -> N | X67: =IF(W67="Y",MAX((G67-P67),(H67-Q67),(I67-R67),(J67-S67),(K67-T67),(L67-U67),(M67-V67))/10,0) -> 0 | Y67: =IF(X67<5%,"0-4.9%",IF(X67<25%,"5-25%",IF(X67<50%,"25-50%","Over 50%"))) -> 0-4.9% | Z67: Construction Material
A68: 25 | B68: 0.27083333 | C68: KBB 037D | D68: =IF(COUNT(G68:M68)>3,10,IF(COUNT(G68:M68)>2,9,7)) -> 10 | F68: 1*22-222 | G68: 7.04 | H68: 7.92 | I68: 6.16 | J68: 6.38 | K68: 7.04 | L68: 6.82 | N68: =SUM(G68:M68) -> 41.36 | O68: =(N68/8.16)^4.5 -> 1485.9585 | P68: 8 | Q68: 10 | R68: 9 | S68: 9 | T68: 9 | U68: 9 | V68: 9 | W68: =IF(G68>P68,"Y",IF(H68>Q68,"Y",IF(I68>R68,"Y",IF(J68>S68,"Y",IF(K68>T68,"Y",IF(L68>U68,"Y",IF(M68>V68,"Y","N"))))))) -> N | X68: =IF(W68="Y",MAX((G68-P68),(H68-Q68),(I68-R68),(J68-S68),(K68-T68),(L68-U68),(M68-V68))/10,0) -> 0 | Y68: =IF(X68<5%,"0-4.9%",IF(X68<25%,"5-25%",IF(X68<50%,"25-50%","Over 50%"))) -> 0-4.9% | Z68: Others
A69: 1 | B69: 0.29861111 | C69: KAW 505M | D69: =IF(COUNT(G69:M69)>3,10,IF(COUNT(G69:M69)>2,9,7)) -> 10 | F69: 1*22-222 | G69: 6.82 | H69: 0.44 | I69: 7.92 | J69: 4.18 | K69: 2.86 | L69: 4.4 | N69: =SUM(G69:M69) -> 26.62 | O69: =(N69/8.16)^4.5 -> 204.56462 | P69: 8 | Q69: 10 | R69: 9 | S69: 9 | T69: 9 | U69: 9 | V69: 9 | W69: =IF(G69>P69,"Y",IF(H69>Q69,"Y",IF(I69>R69,"Y",IF(J69>S69,"Y",IF(K69>T69,"Y",IF(L69>U69,"Y",IF(M69>V69,"Y","N"))))))) -> N | X69: =IF(W69="Y",MAX((G69-P69),(H69-Q69),(I69-R69),(J69-S69),(K69-T69),(L69-U69),(M69-V69))/10,0) -> 0 | Y69: =IF(X69<5%,"0-4.9%",IF(X69<25%,"5-25%",IF(X69<50%,"25-50%","Over 50%"))) -> 0-4.9% | Z69: Chemical Products
A70: 2 | B70: 0.30208333 | C70: UAU 003N | D70: =IF(COUNT(G70:M70)>3,10,IF(COUNT(G70:M70)>2,9,7)) -> 10 | F70: 1*12-222 | G70: 5.5 | H70: 4.84 | I70: 5.28 | J70: 10.56 | K70: 8.8 | L70: 6.38 | N70: =SUM(G70:M70) -> 41.36 | O70: =(N70/8.16)^4.5 -> 1485.9585 | P70: 8 | Q70: 10 | R70: 9 | S70: 9 | T70: 9 | U70: 9 | V70: 9 | W70: =IF(G70>P70,"Y",IF(H70>Q70,"Y",IF(I70>R70,"Y",IF(J70>S70,"Y",IF(K70>T70,"Y",IF(L70>U70,"Y",IF(M70>V70,"Y","N"))))))) -> Y | X70: =IF(W70="Y",MAX((G70-P70),(H70-Q70),(I70-R70),(J70-S70),(K70-T70),(L70-U70),(M70-V70))/10,0) -> 0.156 | Y70: =IF(X70<5%,"0-4.9%",IF(X70<25%,"5-25%",IF(X70<50%,"25-50%","Over 50%"))) -> 5-25% | Z70: Agricultural produce
A71: 3 | B71: 0.31597222 | C71: UAW 589E | D71: =IF(COUNT(G71:M71)>3,10,IF(COUNT(G71:M71)>2,9,7)) -> 10 | F71: 1*22-222 | G71: 6.6 | H71: 6.82 | I71: 5.72 | J71: 4.62 | K71: 4.62 | L71: 6.38 | N71: =SUM(G71:M71) -> 34.76 | O71: =(N71/8.16)^4.5 -> 679.5998 | P71: 8 | Q71: 10 | R71: 9 | S71: 9 | T71: 9 | U71: 9 | V71: 9 | W71: =IF(G71>P71,"Y",IF(H71>Q71,"Y",IF(I71>R71,"Y",IF(J71>S71,"Y",IF(K71>T71,"Y",IF(L71>U71,"Y",IF(M71>V71,"Y","N"))))))) -> N | X71: =IF(W71="Y",MAX((G71-P71),(H71-Q71),(I71-R71),(J71-S71),(K71-T71),(L71-U71),(M71-V71))/10,0) -> 0 | Y71: =IF(X71<5%,"0-4.9%",IF(X71<25%,"5-25%",IF(X71<50%,"25-50%","Over 50%"))) -> 0-4.9% | Z71: Household retail products
A72: 5 | B72: 0.34444444 | C72: UAU 639Y | D72: =IF(COUNT(G72:M72)>3,10,IF(COUNT(G72:M72)>2,9,7)) -> 10 | F72: 11*222 | G72: 8.8 | H72: 8.36 | I72: 12.54 | J72: 6.6 | K72: 2.64 | N72: =SUM(G72:M72) -> 38.94 | O72: =(N72/8.16)^4.5 -> 1132.8595 | P72: 8 | Q72: 10 | R72: 9 | S72: 9 | T72: 9 | U72: 9 | V72: 9 | W72: =IF(G72>P72,"Y",IF(H72>Q72,"Y",IF(I72>R72,"Y",IF(J72>S72,"Y",IF(K72>T72,"Y",IF(L72>U72,"Y",IF(M72>V72,"Y","N"))))))) -> Y | X72: =IF(W72="Y",MAX((G72-P72),(H72-Q72),(I72-R72),(J72-S72),(K72-T72),(L72-U72),(M72-V72))/10,0) -> 0.354 | Y72: =IF(X72<5%,"0-4.9%",IF(X72<25%,"5-25%",IF(X72<50%,"25-50%","Over 50%"))) -> 25-50% | Z72: Agricultural produce
A73: 6 | B73: 0.35069444 | C73: SSD 780A | D73: =IF(COUNT(G73:M73)>3,10,IF(COUNT(G73:M73)>2,9,7)) -> 10 | F73: 1*12-222 | G73: 1.65 | H73: 5.28 | I73: 6.6 | J73: 5.28 | K73: 5.94 | L73: 5.72 | N73: =SUM(G73:M73) -> 30.47 | O73: =(N73/8.16)^4.5 -> 375.68195 | P73: 8 | Q73: 10 | R73: 9 | S73: 9 | T73: 9 | U73: 9 | V73: 9 | W73: =IF(G73>P73,"Y",IF(H73>Q73,"Y",IF(I73>R73,"Y",IF(J73>S73,"Y",IF(K73>T73,"Y",IF(L73>U73,"Y",IF(M73>V73,"Y","N"))))))) -> N | X73: =IF(W73="Y",MAX((G73-P73),(H73-Q73),(I73-R73),(J73-S73),(K73-T73),(L73-U73),(M73-V73))/10,0) -> 0 | Y73: =IF(X73<5%,"0-4.9%",IF(X73<25%,"5-25%",IF(X73<50%,"25-50%","Over 50%"))) -> 0-4.9% | Z73: Construction Material
A74: 7 | B74: 0.35416667 | C74: T 124CTH | D74: =IF(COUNT(G74:M74)>3,10,IF(COUNT(G74:M74)>2,9,7)) -> 10 | F74: 1*12-111 | G74: 5.94 | H74: 5.72 | I74: 4.62 | J74: 11 | K74: 8.36 | L74: 7.04 | N74: =SUM(G74:M74) -> 42.68 | O74: =(N74/8.16)^4.5 -> 1711.6073 | P74: 8 | Q74: 10 | R74: 9 | S74: 9 | T74: 9 | U74: 9 | V74: 9 | W74: =IF(G74>P74,"Y",IF(H74>Q74,"Y",IF(I74>R74,"Y",IF(J74>S74,"Y",IF(K74>T74,"Y",IF(L74>U74,"Y",IF(M74>V74,"Y","N"))))))) -> Y | X74: =IF(W74="Y",MAX((G74-P74),(H74-Q74),(I74-R74),(J74-S74),(K74-T74),(L74-U74),(M74-V74))/10,0) -> 0.2 | Y74: =IF(X74<5%,"0-4.9%",IF(X74<25%,"5-25%",IF(X74<50%,"25-50%","Over 50%"))) -> 5-25% | Z74: Construction Material
A75: 8 | B75: 0.38611111 | C75: UAS 836Q | D75: =IF(COUNT(G75:M75)>3,10,IF(COUNT(G75:M75)>2,9,7)) -> 10 | F75: 11*221 | G75: 7.92 | H75: 5.2 | I75: 14.96 | J75: 9.9 | K75: 1.32 | N75: =SUM(G75:M75) -> 39.3 | O75: =(N75/8.16)^4.5 -> 1180.7576 | P75: 8 | Q75: 10 | R75: 9 | S75: 9 | T75: 9 | U75: 9 | V75: 9 | W75: =IF(G75>P75,"Y",IF(H75>Q75,"Y",IF(I75>R75,"Y",IF(J75>S75,"Y",IF(K75>T75,"Y",IF(L75>U75,"Y",IF(M75>V75,"Y","N"))))))) -> Y | X75: =IF(W75="Y",MAX((G75-P75),(H75-Q75),(I75-R75),(J75-S75),(K75-T75),(L75-U75),(M75-V75))/10,0) -> 0.596 | Y75: =IF(X75<5%,"0-4.9%",IF(X75<25%,"5-25%",IF(X75<50%,"25-50%","Over 50%"))) -> Over 50% | Z75: Agricultural produce
A76: 10 | B76: 0.42222222 | C76: UBB 118P | D76: =IF(COUNT(G76:M76)>3,10,IF(COUNT(G76:M76)>2,9,7)) -> 10 | F76: 1*22-222 | G76: 5.5 | H76: 6.16 | I76: 5.94 | J76: 9.68 | K76: 6.6 | L76: 6.16 | N76: =SUM(G76:M76) -> 40.04 | O76: =(N76/8.16)^4.5 -> 1284.1554 | P76: 8 | Q76: 10 | R76: 9 | S76: 9 | T76: 9 | U76: 9 | V76: 9 | W76: =IF(G76>P76,"Y",IF(H76>Q76,"Y",IF(I76>R76,"Y",IF(J76>S76,"Y",IF(K76>T76,"Y",IF(L76>U76,"Y",IF(M76>V76,"Y","N"))))))) -> Y | X76: =IF(W76="Y",MAX((G76-P76),(H76-Q76),(I76-R76),(J76-S76),(K76-T76),(L76-U76),(M76-V76))/10,0) -> 0.068 | Y76: =IF(X76<5%,"0-4.9%",IF(X76<25%,"5-25%",IF(X76<50%,"25-50%","Over 50%"))) -> 5-25% | Z76: Household retail products
A77: 11 | B77: 0.425 | C77: KCG 184V | D77: =IF(COUNT(G77:M77)>3,10,IF(COUNT(G77:M77)>2,9,7)) -> 10 | F77: 1*22-222 | G77: 5.94 | H77: 5.5 | I77: 4.4 | J77: 5.28 | K77: 3.96 | L77: 3.96 | N77: =SUM(G77:M77) -> 29.04 | O77: =(N77/8.16)^4.5 -> 302.60705 | P77: 8 | Q77: 10 | R77: 9 | S77: 9 | T77: 9 | U77: 9 | V77: 9 | W77: =IF(G77>P77,"Y",IF(H77>Q77,"Y",IF(I77>R77,"Y",IF(J77>S77,"Y",IF(K77>T77,"Y",IF(L77>U77,"Y",IF(M77>V77,"Y","N"))))))) -> N | X77: =IF(W77="Y",MAX((G77-P77),(H77-Q77),(I77-R77),(J77-S77),(K77-T77),(L77-U77),(M77-V77))/10,0) -> 0 | Y77: =IF(X77<5%,"0-4.9%",IF(X77<25%,"5-25%",IF(X77<50%,"25-50%","Over 50%"))) -> 0-4.9% | Z77: Household retail products
A78: 12 | B78: 0.43472222 | C78: KBQ 844M | D78: =IF(COUNT(G78:M78)>3,10,IF(COUNT(G78:M78)>2,9,7)) -> 10 | F78: 1*22-222 | G78: 4.62 | H78: 5.06 | I78: 1.98 | J78: 6.38 | K78: 5.5 | L78: 3.96 | N78: =SUM(G78:M78) -> 27.5 | O78: =(N78/8.16)^4.5 -> 236.80529 | P78: 8 | Q78: 10 | R78: 9 | S78: 9 | T78: 9 | U78: 9 | V78: 9 | W78: =IF(G78>P78,"Y",IF(H78>Q78,"Y",IF(I78>R78,"Y",IF(J78>S78,"Y",IF(K78>T78,"Y",IF(L78>U78,"Y",IF(M78>V78,"Y","N"))))))) -> N | X78: =IF(W78="Y",MAX((G78-P78),(H78-Q78),(I78-R78),(J78-S78),(K78-T78),(L78-U78),(M78-V78))/10,0) -> 0 | Y78: =IF(X78<5%,"0-4.9%",IF(X78<25%,"5-25%",IF(X78<50%,"25-50%","Over 50%"))) -> 0-4.9% | Z78: Others
A79: 13 | B79: 0.44236111 | C79: UAY 028C | D79: =IF(COUNT(G79:M79)>3,10,IF(COUNT(G79:M79)>2,9,7)) -> 10 | F79: 1*22-222 | G79: 4.62 | H79: 7.26 | I79: 6.16 | J79: 7.92 | K79: 7.26 | L79: 10.12 | N79: =SUM(G79:M79) -> 43.34 | O79: =(N79/8.16)^4.5 -> 1833.979 | P79: 8 | Q79: 10 | R79: 9 | S79: 9 | T79: 9 | U79: 9 | V79: 9 | W79: =IF(G79>P79,"Y",IF(H79>Q79,"Y",IF(I79>R79,"Y",IF(J79>S79,"Y",IF(K79>T79,"Y",IF(L79>U79,"Y",IF(M79>V79,"Y","N"))))))) -> Y | X79: =IF(W79="Y",MAX((G79-P79),(H79-Q79),(I79-R79),(J79-S79),(K79-T79),(L79-U79),(M79-V79))/10,0) -> 0.112 | Y79: =IF(X79<5%,"0-4.9%",IF(X79<25%,"5-25%",IF(X79<50%,"25-50%","Over 50%"))) -> 5-25% | Z79: Agricultural produce
A80: 14 | B80: 0.46875 | C80: KBS 198X | D80: =IF(COUNT(G80:M80)>3,10,IF(COUNT(G80:M80)>2,9,7)) -> 10 | F80: 1*1-222 | G80: 6.38 | H80: 8.58 | I80: 3.96 | J80: 4.84 | K80: 4.62 | N80: =SUM(G80:M80) -> 28.38 | O80: =(N80/8.16)^4.5 -> 272.86639 | P80: 8 | Q80: 10 | R80: 9 | S80: 9 | T80: 9 | U80: 9 | V80: 9 | W80: =IF(G80>P80,"Y",IF(H80>Q80,"Y",IF(I80>R80,"Y",IF(J80>S80,"Y",IF(K80>T80,"Y",IF(L80>U80,"Y",IF(M80>V80,"Y","N"))))))) -> N | X80: =IF(W80="Y",MAX((G80-P80),(H80-Q80),(I80-R80),(J80-S80),(K80-T80),(L80-U80),(M80-V80))/10,0) -> 0 | Y80: =IF(X80<5%,"0-4.9%",IF(X80<25%,"5-25%",IF(X80<50%,"25-50%","Over 50%"))) -> 0-4.9% | Z80: Others
A81: 15 | B81: 0.48055556 | C81: UAX 918S | D81: =IF(COUNT(G81:M81)>3,10,IF(COUNT(G81:M81)>2,9,7)) -> 10 | F81: 11*222 | G81: 6.6 | H81: 6.82 | I81: 13.42 | J81: 12.32 | K81: 1.1 | N81: =SUM(G81:M81) -> 40.26 | O81: =(N81/8.16)^4.5 -> 1316.2132 | P81: 8 | Q81: 10 | R81: 9 | S81: 9 | T81: 9 | U81: 9 | V81: 9 | W81: =IF(G81>P81,"Y",IF(H81>Q81,"Y",IF(I81>R81,"Y",IF(J81>S81,"Y",IF(K81>T81,"Y",IF(L81>U81,"Y",IF(M81>V81,"Y","N"))))))) -> Y | X81: =IF(W81="Y",MAX((G81-P81),(H81-Q81),(I81-R81),(J81-S81),(K81-T81),(L81-U81),(M81-V81))/10,0) -> 0.442 | Y81: =IF(X81<5%,"0-4.9%",IF(X81<25%,"5-25%",IF(X81<50%,"25-50%","Over 50%"))) -> 25-50% | Z81: Construction Material
A82: 19 | B82: 0.53055556 | C82: KBY 743Q | D82: =IF(COUNT(G82:M82)>3,10,IF(COUNT(G82:M82)>2,9,7)) -> 10 | F82: 1*22-222 | G82: 6.6 | H82: 5.06 | I82: 3.96 | J82: 6.82 | K82: 3.52 | L82: 4.18 | N82: =SUM(G82:M82) -> 30.14 | O82: =(N82/8.16)^4.5 -> 357.71644 | P82: 8 | Q82: 10 | R82: 9 | S82: 9 | T82: 9 | U82: 9 | V82: 9 | W82: =IF(G82>P82,"Y",IF(H82>Q82,"Y",IF(I82>R82,"Y",IF(J82>S82,"Y",IF(K82>T82,"Y",IF(L82>U82,"Y",IF(M82>V82,"Y","N"))))))) -> N | X82: =IF(W82="Y",MAX((G82-P82),(H82-Q82),(I82-R82),(J82-S82),(K82-T82),(L82-U82),(M82-V82))/10,0) -> 0 | Y82: =IF(X82<5%,"0-4.9%",IF(X82<25%,"5-25%",IF(X82<50%,"25-50%","Over 50%"))) -> 0-4.9% | Z82: Construction Material
A83: 20 | B83: 0.068055556 | C83: UBD 383G | D83: =IF(COUNT(G83:M83)>3,10,IF(COUNT(G83:M83)>2,9,7)) -> 10 | F83: 11*222 | G83: 4.18 | H83: 8.36 | I83: 12.1 | J83: 9.9 | K83: 6.6 | N83: =SUM(G83:M83) -> 41.14 | O83: =(N83/8.16)^4.5 -> 1450.7199 | P83: 8 | Q83: 10 | R83: 9 | S83: 9 | T83: 9 | U83: 9 | V83: 9 | W83: =IF(G83>P83,"Y",IF(H83>Q83,"Y",IF(I83>R83,"Y",IF(J83>S83,"Y",IF(K83>T83,"Y",IF(L83>U83,"Y",IF(M83>V83,"Y","N"))))))) -> Y | X83: =IF(W83="Y",MAX((G83-P83),(H83-Q83),(I83-R83),(J83-S83),(K83-T83),(L83-U83),(M83-V83))/10,0) -> 0.31 | Y83: =IF(X83<5%,"0-4.9%",IF(X83<25%,"5-25%",IF(X83<50%,"25-50%","Over 50%"))) -> 25-50% | Z83: Household retail products
A84: 21 | B84: 0.070833333 | C84: K27A 432 | D84: =IF(COUNT(G84:M84)>3,10,IF(COUNT(G84:M84)>2,9,7)) -> 10 | F84: 1*22-222 | G84: 6.82 | H84: 6.38 | I84: 3.3 | J84: 4.62 | K84: 4.4 | L84: 3.96 | N84: =SUM(G84:M84) -> 29.48 | O84: =(N84/8.16)^4.5 -> 323.79336 | P84: 8 | Q84: 10 | R84: 9 | S84: 9 | T84: 9 | U84: 9 | V84: 9 | W84: =IF(G84>P84,"Y",IF(H84>Q84,"Y",IF(I84>R84,"Y",IF(J84>S84,"Y",IF(K84>T84,"Y",IF(L84>U84,"Y",IF(M84>V84,"Y","N"))))))) -> N | X84: =IF(W84="Y",MAX((G84-P84),(H84-Q84),(I84-R84),(J84-S84),(K84-T84),(L84-U84),(M84-V84))/10,0) -> 0 | Y84: =IF(X84<5%,"0-4.9%",IF(X84<25%,"5-25%",IF(X84<50%,"25-50%","Over 50%"))) -> 0-4.9% | Z84: Agricultural produce
A85: 22 | B85: 0.073611111 | C85: KX27 A433 | D85: =IF(COUNT(G85:M85)>3,10,IF(COUNT(G85:M85)>2,9,7)) -> 10 | F85: 1*22-222 | G85: 5.72 | H85: 7.7 | I85: 7.04 | J85: 6.16 | K85: 6.16 | L85: 5.28 | N85: =SUM(G85:M85) -> 38.06 | O85: =(N85/8.16)^4.5 -> 1022.1245 | P85: 8 | Q85: 10 | R85: 9 | S85: 9 | T85: 9 | U85: 9 | V85: 9 | W85: =IF(G85>P85,"Y",IF(H85>Q85,"Y",IF(I85>R85,"Y",IF(J85>S85,"Y",IF(K85>T85,"Y",IF(L85>U85,"Y",IF(M85>V85,"Y","N"))))))) -> N | X85: =IF(W85="Y",MAX((G85-P85),(H85-Q85),(I85-R85),(J85-S85),(K85-T85),(L85-U85),(M85-V85))/10,0) -> 0 | Y85: =IF(X85<5%,"0-4.9%",IF(X85<25%,"5-25%",IF(X85<50%,"25-50%","Over 50%"))) -> 0-4.9% | Z85: Agricultural produce
A86: 23 | B86: 0.12430556 | C86: SSD 639A | D86: =IF(COUNT(G86:M86)>3,10,IF(COUNT(G86:M86)>2,9,7)) -> 10 | F86: 1*22-222 | G86: 6.16 | H86: 9.24 | I86: 10.78 | J86: 5.06 | K86: 5.28 | L86: 10.78 | N86: =SUM(G86:M86) -> 47.3 | O86: =(N86/8.16)^4.5 -> 2718.125 | P86: 8 | Q86: 10 | R86: 9 | S86: 9 | T86: 9 | U86: 9 | V86: 9 | W86: =IF(G86>P86,"Y",IF(H86>Q86,"Y",IF(I86>R86,"Y",IF(J86>S86,"Y",IF(K86>T86,"Y",IF(L86>U86,"Y",IF(M86>V86,"Y","N"))))))) -> Y | X86: =IF(W86="Y",MAX((G86-P86),(H86-Q86),(I86-R86),(J86-S86),(K86-T86),(L86-U86),(M86-V86))/10,0) -> 0.178 | Y86: =IF(X86<5%,"0-4.9%",IF(X86<25%,"5-25%",IF(X86<50%,"25-50%","Over 50%"))) -> 5-25% | Z86: Agricultural produce
A87: 24 | B87: 0.17013889 | C87: KCC 562J | D87: =IF(COUNT(G87:M87)>3,10,IF(COUNT(G87:M87)>2,9,7)) -> 10 | F87: 1*22-222 | G87: 6.38 | H87: 2.42 | I87: 10.12 | J87: 5.72 | K87: 4.62 | L87: 6.38 | N87: =SUM(G87:M87) -> 35.64 | O87: =(N87/8.16)^4.5 -> 760.52574 | P87: 8 | Q87: 10 | R87: 9 | S87: 9 | T87: 9 | U87: 9 | V87: 9 | W87: =IF(G87>P87,"Y",IF(H87>Q87,"Y",IF(I87>R87,"Y",IF(J87>S87,"Y",IF(K87>T87,"Y",IF(L87>U87,"Y",IF(M87>V87,"Y","N"))))))) -> Y | X87: =IF(W87="Y",MAX((G87-P87),(H87-Q87),(I87-R87),(J87-S87),(K87-T87),(L87-U87),(M87-V87))/10,0) -> 0.112 | Y87: =IF(X87<5%,"0-4.9%",IF(X87<25%,"5-25%",IF(X87<50%,"25-50%","Over 50%"))) -> 5-25% | Z87: Others
A88: 25 | B88: 0.17361111 | C88: SSD 599F | D88: =IF(COUNT(G88:M88)>3,10,IF(COUNT(G88:M88)>2,9,7)) -> 10 | F88: 1*22-222 | G88: 4.62 | H88: 8.14 | I88: 2.42 | J88: 5.28 | K88: 2.64 | L88: 4.18 | N88: =SUM(G88:M88) -> 27.28 | O88: =(N88/8.16)^4.5 -> 228.39886 | P88: 8 | Q88: 10 | R88: 9 | S88: 9 | T88: 9 | U88: 9 | V88: 9 | W88: =IF(G88>P88,"Y",IF(H88>Q88,"Y",IF(I88>R88,"Y",IF(J88>S88,"Y",IF(K88>T88,"Y",IF(L88>U88,"Y",IF(M88>V88,"Y","N"))))))) -> N | X88: =IF(W88="Y",MAX((G88-P88),(H88-Q88),(I88-R88),(J88-S88),(K88-T88),(L88-U88),(M88-V88))/10,0) -> 0 | Y88: =IF(X88<5%,"0-4.9%",IF(X88<25%,"5-25%",IF(X88<50%,"25-50%","Over 50%"))) -> 0-4.9% | Z88: Fuels
A89: 26 | B89: 0.17847222 | C89: UAY 310H | D89: =IF(COUNT(G89:M89)>3,10,IF(COUNT(G89:M89)>2,9,7)) -> 10 | F89: 11*222 | G89: 7.04 | H89: 7.7 | I89: 9.9 | J89: 10.12 | K89: 2.64 | L89: 2.86 | N89: =SUM(G89:M89) -> 40.26 | O89: =(N89/8.16)^4.5 -> 1316.2132 | P89: 8 | Q89: 10 | R89: 9 | S89: 9 | T89: 9 | U89: 9 | V89: 9 | W89: =IF(G89>P89,"Y",IF(H89>Q89,"Y",IF(I89>R89,"Y",IF(J89>S89,"Y",IF(K89>T89,"Y",IF(L89>U89,"Y",IF(M89>V89,"Y","N"))))))) -> Y | X89: =IF(W89="Y",MAX((G89-P89),(H89-Q89),(I89-R89),(J89-S89),(K89-T89),(L89-U89),(M89-V89))/10,0) -> 0.112 | Y89: =IF(X89<5%,"0-4.9%",IF(X89<25%,"5-25%",IF(X89<50%,"25-50%","Over 50%"))) -> 5-25% | Z89: Household retail products

Sheet Nimule-Gulu
A1: Consultancy services for Preparation of Expressway Development Master Plan (EDMP) for Uganda
A2: AXLE LOAD SURVEY FORM
A3: Date: | D3: Station: | E3: ABELOKODI
A4: 43675 | H4: NIMULE-GULU
A5: S/No. | B5: Time | C5: Reg. Number | D5: Vehicle Type | E5: Number of Axles | F5: Axle Configuration | G5: Front | H5: TONNES | N5: Total (Tonnes) | O5: Total (ESA's) | P5: Load limit (Tonnes) | W5: OVERLOADED? | X5: Overloaded by? | Y5: Overload Bands | Z5: COMMENTS
G6: Axle 1 | H6: Axle 2 | I6: Axle 3 | J6: Axle 4 | K6: Axle 5 | L6: Axle 6 | M6: Axle 7 | P6: Axle 1 | Q6: Axle 2 | R6: Axle 3 | S6: Axle 4 | T6: Axle 5 | U6: Axle 6 | V6: Axle 7
A7: 1 | B7: 0.36597222 | C7: UBB 462A | D7: =IF(COUNT(G7:M7)>3,10,IF(COUNT(G7:M7)>2,9,7)) -> 7 | F7: 1*2 | G7: 2.86 | H7: 1.98 | N7: =SUM(G7:M7) -> 4.84 | O7: =(N7/8.16)^4.5 -> 0.095323156 | P7: 8 | Q7: 10 | R7: 9 | S7: 9 | T7: 9 | U7: 9 | V7: 9 | W7: =IF(G7>P7,"Y",IF(H7>Q7,"Y",IF(I7>R7,"Y",IF(J7>S7,"Y",IF(K7>T7,"Y",IF(L7>U7,"Y",IF(M7>V7,"Y","N"))))))) -> N | X7: =IF(W7="Y",MAX((G7-P7),(H7-Q7),(I7-R7),(J7-S7),(K7-T7),(L7-U7),(M7-V7))/10,0) -> 0 | Y7: =IF(X7<5%,"0-4.9%",IF(X7<25%,"5-25%",IF(X7<50%,"25-50%","Over 50%"))) -> 0-4.9% | Z7: Livestock
A8: 9 | B8: 0.054166667 | C8: UBD 490Q | D8: =IF(COUNT(G8:M8)>3,10,IF(COUNT(G8:M8)>2,9,7)) -> 7 | F8: 1*2 | G8: 3.96 | H8: 6.6 | N8: =SUM(G8:M8) -> 10.56 | O8: =(N8/8.16)^4.5 -> 3.1906702 | P8: 8 | Q8: 10 | R8: 9 | S8: 9 | T8: 9 | U8: 9 | V8: 9 | W8: =IF(G8>P8,"Y",IF(H8>Q8,"Y",IF(I8>R8,"Y",IF(J8>S8,"Y",IF(K8>T8,"Y",IF(L8>U8,"Y",IF(M8>V8,"Y","N"))))))) -> N | X8: =IF(W8="Y",MAX((G8-P8),(H8-Q8),(I8-R8),(J8-S8),(K8-T8),(L8-U8),(M8-V8))/10,0) -> 0 | Y8: =IF(X8<5%,"0-4.9%",IF(X8<25%,"5-25%",IF(X8<50%,"25-50%","Over 50%"))) -> 0-4.9% | Z8: Empty
A9: 10 | B9: 0.15694444 | C9: UAS 526Q | D9: =IF(COUNT(G9:M9)>3,10,IF(COUNT(G9:M9)>2,9,7)) -> 7 | F9: 1*2 | G9: 6.38 | H9: 10.56 | N9: =SUM(G9:M9) -> 16.94 | O9: =(N9/8.16)^4.5 -> 26.76114 | P9: 8 | Q9: 10 | R9: 9 | S9: 9 | T9: 9 | U9: 9 | V9: 9 | W9: =IF(G9>P9,"Y",IF(H9>Q9,"Y",IF(I9>R9,"Y",IF(J9>S9,"Y",IF(K9>T9,"Y",IF(L9>U9,"Y",IF(M9>V9,"Y","N"))))))) -> Y | X9: =IF(W9="Y",MAX((G9-P9),(H9-Q9),(I9-R9),(J9-S9),(K9-T9),(L9-U9),(M9-V9))/10,0) -> 0.056 | Y9: =IF(X9<5%,"0-4.9%",IF(X9<25%,"5-25%",IF(X9<50%,"25-50%","Over 50%"))) -> 5-25% | Z9: Others
A10: 12 | B10: 0.1875 | C10: UAS 442B | D10: =IF(COUNT(G10:M10)>3,10,IF(COUNT(G10:M10)>2,9,7)) -> 7 | F10: 1*2 | G10: 7.48 | H10: 6.6 | N10: =SUM(G10:M10) -> 14.08 | O10: =(N10/8.16)^4.5 -> 11.644108 | P10: 8 | Q10: 10 | R10: 9 | S10: 9 | T10: 9 | U10: 9 | V10: 9 | W10: =IF(G10>P10,"Y",IF(H10>Q10,"Y",IF(I10>R10,"Y",IF(J10>S10,"Y",IF(K10>T10,"Y",IF(L10>U10,"Y",IF(M10>V10,"Y","N"))))))) -> N | X10: =IF(W10="Y",MAX((G10-P10),(H10-Q10),(I10-R10),(J10-S10),(K10-T10),(L10-U10),(M10-V10))/10,0) -> 0 | Y10: =IF(X10<5%,"0-4.9%",IF(X10<25%,"5-25%",IF(X10<50%,"25-50%","Over 50%"))) -> 0-4.9% | Z10: Others
A11: 4 | B11: 0.45138889 | C11: UBB 947S | D11: =IF(COUNT(G11:M11)>3,10,IF(COUNT(G11:M11)>2,9,7)) -> 7 | F11: 1*2 | G11: 6.6 | H11: 6.6 | N11: =SUM(G11:M11) -> 13.2 | O11: =(N11/8.16)^4.5 -> 8.7091742 | P11: 8 | Q11: 10 | R11: 9 | S11: 9 | T11: 9 | U11: 9 | V11: 9 | W11: =IF(G11>P11,"Y",IF(H11>Q11,"Y",IF(I11>R11,"Y",IF(J11>S11,"Y",IF(K11>T11,"Y",IF(L11>U11,"Y",IF(M11>V11,"Y","N"))))))) -> N | X11: =IF(W11="Y",MAX((G11-P11),(H11-Q11),(I11-R11),(J11-S11),(K11-T11),(L11-U11),(M11-V11))/10,0) -> 0 | Y11: =IF(X11<5%,"0-4.9%",IF(X11<25%,"5-25%",IF(X11<50%,"25-50%","Over 50%"))) -> 0-4.9% | Z11: Empty
A12: 7 | B12: 0.045138889 | C12: KBX 376Q | D12: =IF(COUNT(G12:M12)>3,10,IF(COUNT(G12:M12)>2,9,7)) -> 7 | F12: 1*2 | G12: 2.42 | H12: 2.2 | N12: =SUM(G12:M12) -> 4.62 | O12: =(N12/8.16)^4.5 -> 0.077318456 | P12: 8 | Q12: 10 | R12: 9 | S12: 9 | T12: 9 | U12: 9 | V12: 9 | W12: =IF(G12>P12,"Y",IF(H12>Q12,"Y",IF(I12>R12,"Y",IF(J12>S12,"Y",IF(K12>T12,"Y",IF(L12>U12,"Y",IF(M12>V12,"Y","N"))))))) -> N | X12: =IF(W12="Y",MAX((G12-P12),(H12-Q12),(I12-R12),(J12-S12),(K12-T12),(L12-U12),(M12-V12))/10,0) -> 0 | Y12: =IF(X12<5%,"0-4.9%",IF(X12<25%,"5-25%",IF(X12<50%,"25-50%","Over 50%"))) -> 0-4.9% | Z12: Empty
A13: 9 | B13: 0.12152778 | C13: UAS 159M | D13: =IF(COUNT(G13:M13)>3,10,IF(COUNT(G13:M13)>2,9,7)) -> 7 | F13: 1*2 | G13: 6.38 | H13: 4.84 | N13: =SUM(G13:M13) -> 11.22 | O13: =(N13/8.16)^4.5 -> 4.1914293 | P13: 8 | Q13: 10 | R13: 9 | S13: 9 | T13: 9 | U13: 9 | V13: 9 | W13: =IF(G13>P13,"Y",IF(H13>Q13,"Y",IF(I13>R13,"Y",IF(J13>S13,"Y",IF(K13>T13,"Y",IF(L13>U13,"Y",IF(M13>V13,"Y","N"))))))) -> N | X13: =IF(W13="Y",MAX((G13-P13),(H13-Q13),(I13-R13),(J13-S13),(K13-T13),(L13-U13),(M13-V13))/10,0) -> 0 | Y13: =IF(X13<5%,"0-4.9%",IF(X13<25%,"5-25%",IF(X13<50%,"25-50%","Over 50%"))) -> 0-4.9% | Z13: Empty
A14: 11 | B14: 0.17708333 | C14: UAN 283Z | D14: =IF(COUNT(G14:M14)>3,10,IF(COUNT(G14:M14)>2,9,7)) -> 7 | F14: 1*2 | G14: 5.28 | H14: 7.48 | N14: =SUM(G14:M14) -> 12.76 | O14: =(N14/8.16)^4.5 -> 7.4769129 | P14: 8 | Q14: 10 | R14: 9 | S14: 9 | T14: 9 | U14: 9 | V14: 9 | W14: =IF(G14>P14,"Y",IF(H14>Q14,"Y",IF(I14>R14,"Y",IF(J14>S14,"Y",IF(K14>T14,"Y",IF(L14>U14,"Y",IF(M14>V14,"Y","N"))))))) -> N | X14: =IF(W14="Y",MAX((G14-P14),(H14-Q14),(I14-R14),(J14-S14),(K14-T14),(L14-U14),(M14-V14))/10,0) -> 0 | Y14: =IF(X14<5%,"0-4.9%",IF(X14<25%,"5-25%",IF(X14<50%,"25-50%","Over 50%"))) -> 0-4.9% | Z14: Empty
A15: 13 | B15: 0.20972222 | C15: UBB 657U | D15: =IF(COUNT(G15:M15)>3,10,IF(COUNT(G15:M15)>2,9,7)) -> 7 | F15: 1*2 | G15: 2.64 | H15: 3.3 | N15: =SUM(G15:M15) -> 5.94 | O15: =(N15/8.16)^4.5 -> 0.23957047 | P15: 8 | Q15: 10 | R15: 9 | S15: 9 | T15: 9 | U15: 9 | V15: 9 | W15: =IF(G15>P15,"Y",IF(H15>Q15,"Y",IF(I15>R15,"Y",IF(J15>S15,"Y",IF(K15>T15,"Y",IF(L15>U15,"Y",IF(M15>V15,"Y","N"))))))) -> N | X15: =IF(W15="Y",MAX((G15-P15),(H15-Q15),(I15-R15),(J15-S15),(K15-T15),(L15-U15),(M15-V15))/10,0) -> 0 | Y15: =IF(X15<5%,"0-4.9%",IF(X15<25%,"5-25%",IF(X15<50%,"25-50%","Over 50%"))) -> 0-4.9% | Z15: Empty
A16: 16 | B16: 0.25347222 | C16: SSD 117A | D16: =IF(COUNT(G16:M16)>3,10,IF(COUNT(G16:M16)>2,9,7)) -> 7 | F16: 1*2 | G16: 5.5 | H16: 8.5 | N16: =SUM(G16:M16) -> 14 | O16: =(N16/8.16)^4.5 -> 11.349336 | P16: 8 | Q16: 10 | R16: 9 | S16: 9 | T16: 9 | U16: 9 | V16: 9 | W16: =IF(G16>P16,"Y",IF(H16>Q16,"Y",IF(I16>R16,"Y",IF(J16>S16,"Y",IF(K16>T16,"Y",IF(L16>U16,"Y",IF(M16>V16,"Y","N"))))))) -> N | X16: =IF(W16="Y",MAX((G16-P16),(H16-Q16),(I16-R16),(J16-S16),(K16-T16),(L16-U16),(M16-V16))/10,0) -> 0 | Y16: =IF(X16<5%,"0-4.9%",IF(X16<25%,"5-25%",IF(X16<50%,"25-50%","Over 50%"))) -> 0-4.9% | Z16: Household retail products
A17: 11 | B17: 0.1625 | C17: RAD 268R | D17: =IF(COUNT(G17:M17)>3,10,IF(COUNT(G17:M17)>2,9,7)) -> 9 | F17: 1*21 | G17: 7.48 | H17: 4.84 | I17: 4.18 | N17: =SUM(G17:M17) -> 16.5 | O17: =(N17/8.16)^4.5 -> 23.772346 | P17: 8 | Q17: 10 | R17: 9 | S17: 9 | T17: 9 | U17: 9 | V17: 9 | W17: =IF(G17>P17,"Y",IF(H17>Q17,"Y",IF(I17>R17,"Y",IF(J17>S17,"Y",IF(K17>T17,"Y",IF(L17>U17,"Y",IF(M17>V17,"Y","N"))))))) -> N | X17: =IF(W17="Y",MAX((G17-P17),(H17-Q17),(I17-R17),(J17-S17),(K17-T17),(L17-U17),(M17-V17))/10,0) -> 0 | Y17: =IF(X17<5%,"0-4.9%",IF(X17<25%,"5-25%",IF(X17<50%,"25-50%","Over 50%"))) -> 0-4.9% | Z17: Others
A18: 12 | B18: 0.20625 | C18: UBD 195D | D18: =IF(COUNT(G18:M18)>3,10,IF(COUNT(G18:M18)>2,9,7)) -> 9 | F18: 1*22 | G18: 2.42 | H18: 2.42 | I18: 0.44 | N18: =SUM(G18:M18) -> 5.28 | O18: =(N18/8.16)^4.5 -> 0.14100903 | P18: 8 | Q18: 10 | R18: 9 | S18: 9 | T18: 9 | U18: 9 | V18: 9 | W18: =IF(G18>P18,"Y",IF(H18>Q18,"Y",IF(I18>R18,"Y",IF(J18>S18,"Y",IF(K18>T18,"Y",IF(L18>U18,"Y",IF(M18>V18,"Y","N"))))))) -> N | X18: =IF(W18="Y",MAX((G18-P18),(H18-Q18),(I18-R18),(J18-S18),(K18-T18),(L18-U18),(M18-V18))/10,0) -> 0 | Y18: =IF(X18<5%,"0-4.9%",IF(X18<25%,"5-25%",IF(X18<50%,"25-50%","Over 50%"))) -> 0-4.9% | Z18: Empty
A19: 1 | B19: 0.2625 | C19: KCF 124T | D19: =IF(COUNT(G19:M19)>3,10,IF(COUNT(G19:M19)>2,9,7)) -> 10 | F19: 1*22-222 | G19: 4.4 | H19: 1.98 | I19: 2.64 | J19: 2.64 | K19: 2.42 | L19: 3.08 | N19: =SUM(G19:M19) -> 17.16 | O19: =(N19/8.16)^4.5 -> 28.361034 | P19: 8 | Q19: 10 | R19: 9 | S19: 9 | T19: 9 | U19: 9 | V19: 9 | W19: =IF(G19>P19,"Y",IF(H19>Q19,"Y",IF(I19>R19,"Y",IF(J19>S19,"Y",IF(K19>T19,"Y",IF(L19>U19,"Y",IF(M19>V19,"Y","N"))))))) -> N | X19: =IF(W19="Y",MAX((G19-P19),(H19-Q19),(I19-R19),(J19-S19),(K19-T19),(L19-U19),(M19-V19))/10,0) -> 0 | Y19: =IF(X19<5%,"0-4.9%",IF(X19<25%,"5-25%",IF(X19<50%,"25-50%","Over 50%"))) -> 0-4.9% | Z19: Empty
A20: 2 | B20: 0.26736111 | C20: KCK 234G | D20: =IF(COUNT(G20:M20)>3,10,IF(COUNT(G20:M20)>2,9,7)) -> 10 | F20: 1*22-222 | G20: 5.06 | H20: 2.2 | I20: 2.86 | J20: 2.86 | K20: 2.64 | L20: 2.42 | N20: =SUM(G20:M20) -> 18.04 | O20: =(N20/8.16)^4.5 -> 35.518833 | P20: 8 | Q20: 10 | R20: 9 | S20: 9 | T20: 9 | U20: 9 | V20: 9 | W20: =IF(G20>P20,"Y",IF(H20>Q20,"Y",IF(I20>R20,"Y",IF(J20>S20,"Y",IF(K20>T20,"Y",IF(L20>U20,"Y",IF(M20>V20,"Y","N"))))))) -> N | X20: =IF(W20="Y",MAX((G20-P20),(H20-Q20),(I20-R20),(J20-S20),(K20-T20),(L20-U20),(M20-V20))/10,0) -> 0 | Y20: =IF(X20<5%,"0-4.9%",IF(X20<25%,"5-25%",IF(X20<50%,"25-50%","Over 50%"))) -> 0-4.9% | Z20: Empty
A21: 3 | B21: 0.26944444 | C21: UAR 674C | D21: =IF(COUNT(G21:M21)>3,10,IF(COUNT(G21:M21)>2,9,7)) -> 10 | F21: 1*1-22 | G21: 6.82 | H21: 5.72 | I21: 11.6 | J21: 6.16 | N21: =SUM(G21:M21) -> 30.3 | O21: =(N21/8.16)^4.5 -> 366.3415 | P21: 8 | Q21: 10 | R21: 9 | S21: 9 | T21: 9 | U21: 9 | V21: 9 | W21: =IF(G21>P21,"Y",IF(H21>Q21,"Y",IF(I21>R21,"Y",IF(J21>S21,"Y",IF(K21>T21,"Y",IF(L21>U21,"Y",IF(M21>V21,"Y","N"))))))) -> Y | X21: =IF(W21="Y",MAX((G21-P21),(H21-Q21),(I21-R21),(J21-S21),(K21-T21),(L21-U21),(M21-V21))/10,0) -> 0.26 | Y21: =IF(X21<5%,"0-4.9%",IF(X21<25%,"5-25%",IF(X21<50%,"25-50%","Over 50%"))) -> 25-50% | Z21: Empty
A22: 2 | B22: 0.38541667 | C22: UBA 098Q | D22: =IF(COUNT(G22:M22)>3,10,IF(COUNT(G22:M22)>2,9,7)) -> 10 | F22: 1*12-222 | G22: 6.16 | H22: 8.58 | I22: 5.94 | J22: 7.7 | K22: 7.04 | L22: 6.16 | N22: =SUM(G22:M22) -> 41.58 | O22: =(N22/8.16)^4.5 -> 1521.8592 | P22: 8 | Q22: 10 | R22: 9 | S22: 9 | T22: 9 | U22: 9 | V22: 9 | W22: =IF(G22>P22,"Y",IF(H22>Q22,"Y",IF(I22>R22,"Y",IF(J22>S22,"Y",IF(K22>T22,"Y",IF(L22>U22,"Y",IF(M22>V22,"Y","N"))))))) -> N | X22: =IF(W22="Y",MAX((G22-P22),(H22-Q22),(I22-R22),(J22-S22),(K22-T22),(L22-U22),(M22-V22))/10,0) -> 0 | Y22: =IF(X22<5%,"0-4.9%",IF(X22<25%,"5-25%",IF(X22<50%,"25-50%","Over 50%"))) -> 0-4.9% | Z22: Empty
A23: 3 | B23: 0.3875 | C23: UAU 780F | D23: =IF(COUNT(G23:M23)>3,10,IF(COUNT(G23:M23)>2,9,7)) -> 10 | F23: 11*222 | G23: 2.86 | H23: 2.86 | I23: 3.3 | J23: 2.42 | K23: 2.2 | N23: =SUM(G23:M23) -> 13.64 | O23: =(N23/8.16)^4.5 -> 10.093899 | P23: 8 | Q23: 10 | R23: 9 | S23: 9 | T23: 9 | U23: 9 | V23: 9 | W23: =IF(G23>P23,"Y",IF(H23>Q23,"Y",IF(I23>R23,"Y",IF(J23>S23,"Y",IF(K23>T23,"Y",IF(L23>U23,"Y",IF(M23>V23,"Y","N"))))))) -> N | X23: =IF(W23="Y",MAX((G23-P23),(H23-Q23),(I23-R23),(J23-S23),(K23-T23),(L23-U23),(M23-V23))/10,0) -> 0 | Y23: =IF(X23<5%,"0-4.9%",IF(X23<25%,"5-25%",IF(X23<50%,"25-50%","Over 50%"))) -> 0-4.9% | Z23: Empty
A24: 4 | B24: 0.47777778 | C24: KBL 644P | D24: =IF(COUNT(G24:M24)>3,10,IF(COUNT(G24:M24)>2,9,7)) -> 10 | F24: 1*12-222 | G24: 6.16 | H24: 7.7 | I24: 6.16 | J24: 8.36 | K24: 7.26 | L24: 7.26 | N24: =SUM(G24:M24) -> 42.9 | O24: =(N24/8.16)^4.5 -> 1751.6692 | P24: 8 | Q24: 10 | R24: 9 | S24: 9 | T24: 9 | U24: 9 | V24: 9 | W24: =IF(G24>P24,"Y",IF(H24>Q24,"Y",IF(I24>R24,"Y",IF(J24>S24,"Y",IF(K24>T24,"Y",IF(L24>U24,"Y",IF(M24>V24,"Y","N"))))))) -> N | X24: =IF(W24="Y",MAX((G24-P24),(H24-Q24),(I24-R24),(J24-S24),(K24-T24),(L24-U24),(M24-V24))/10,0) -> 0 | Y24: =IF(X24<5%,"0-4.9%",IF(X24<25%,"5-25%",IF(X24<50%,"25-50%","Over 50%"))) -> 0-4.9% | Z24: Empty
A25: 5 | B25: 0.48263889 | C25: SSD 714D | D25: =IF(COUNT(G25:M25)>3,10,IF(COUNT(G25:M25)>2,9,7)) -> 10 | F25: 1*22-222 | G25: 5.28 | H25: 2.64 | I25: 2.64 | J25: 2.86 | K25: 3.08 | L25: 3.08 | N25: =SUM(G25:M25) -> 19.58 | O25: =(N25/8.16)^4.5 -> 51.351293 | P25: 8 | Q25: 10 | R25: 9 | S25: 9 | T25: 9 | U25: 9 | V25: 9 | W25: =IF(G25>P25,"Y",IF(H25>Q25,"Y",IF(I25>R25,"Y",IF(J25>S25,"Y",IF(K25>T25,"Y",IF(L25>U25,"Y",IF(M25>V25,"Y","N"))))))) -> N | X25: =IF(W25="Y",MAX((G25-P25),(H25-Q25),(I25-R25),(J25-S25),(K25-T25),(L25-U25),(M25-V25))/10,0) -> 0 | Y25: =IF(X25<5%,"0-4.9%",IF(X25<25%,"5-25%",IF(X25<50%,"25-50%","Over 50%"))) -> 0-4.9% | Z25: Empty
A26: 6 | B26: 0.48819444 | C26: KBU 836F | D26: =IF(COUNT(G26:M26)>3,10,IF(COUNT(G26:M26)>2,9,7)) -> 10 | F26: 1*22-222 | G26: 4.4 | H26: 2.64 | I26: 2.42 | J26: 3.3 | K26: 2.64 | L26: 2.86 | N26: =SUM(G26:M26) -> 18.26 | O26: =(N26/8.16)^4.5 -> 37.510061 | P26: 8 | Q26: 10 | R26: 9 | S26: 9 | T26: 9 | U26: 9 | V26: 9 | W26: =IF(G26>P26,"Y",IF(H26>Q26,"Y",IF(I26>R26,"Y",IF(J26>S26,"Y",IF(K26>T26,"Y",IF(L26>U26,"Y",IF(M26>V26,"Y","N"))))))) -> N | X26: =IF(W26="Y",MAX((G26-P26),(H26-Q26),(I26-R26),(J26-S26),(K26-T26),(L26-U26),(M26-V26))/10,0) -> 0 | Y26: =IF(X26<5%,"0-4.9%",IF(X26<25%,"5-25%",IF(X26<50%,"25-50%","Over 50%"))) -> 0-4.9% | Z26: Empty
A27: 7 | B27: 0.50555556 | C27: UAG 765T | D27: =IF(COUNT(G27:M27)>3,10,IF(COUNT(G27:M27)>2,9,7)) -> 10 | F27: 1*22-22-22 | G27: 4.62 | H27: 3.52 | I27: 2.64 | J27: 1.54 | K27: 2.64 | L27: 1.54 | M27: 2.42 | N27: =SUM(G27:M27) -> 18.92 | O27: =(N27/8.16)^4.5 -> 44.008785 | P27: 8 | Q27: 10 | R27: 9 | S27: 9 | T27: 9 | U27: 9 | V27: 9 | W27: =IF(G27>P27,"Y",IF(H27>Q27,"Y",IF(I27>R27,"Y",IF(J27>S27,"Y",IF(K27>T27,"Y",IF(L27>U27,"Y",IF(M27>V27,"Y","N"))))))) -> N | X27: =IF(W27="Y",MAX((G27-P27),(H27-Q27),(I27-R27),(J27-S27),(K27-T27),(L27-U27),(M27-V27))/10,0) -> 0 | Y27: =IF(X27<5%,"0-4.9%",IF(X27<25%,"5-25%",IF(X27<50%,"25-50%","Over 50%"))) -> 0-4.9% | Z27: Empty
A28: 8 | B28: 0.043055556 | C28: UAW 408F | D28: =IF(COUNT(G28:M28)>3,10,IF(COUNT(G28:M28)>2,9,7)) -> 10 | F28: 1*22-222 | G28: 5.06 | H28: 2.2 | I28: 1.98 | J28: 2.64 | K28: 2.86 | L28: 2.2 | N28: =SUM(G28:M28) -> 16.94 | O28: =(N28/8.16)^4.5 -> 26.76114 | P28: 8 | Q28: 10 | R28: 9 | S28: 9 | T28: 9 | U28: 9 | V28: 9 | W28: =IF(G28>P28,"Y",IF(H28>Q28,"Y",IF(I28>R28,"Y",IF(J28>S28,"Y",IF(K28>T28,"Y",IF(L28>U28,"Y",IF(M28>V28,"Y","N"))))))) -> N | X28: =IF(W28="Y",MAX((G28-P28),(H28-Q28),(I28-R28),(J28-S28),(K28-T28),(L28-U28),(M28-V28))/10,0) -> 0 | Y28: =IF(X28<5%,"0-4.9%",IF(X28<25%,"5-25%",IF(X28<50%,"25-50%","Over 50%"))) -> 0-4.9% | Z28: Empty
A29: 1 | B29: 0.41527778 | C29: UBD 150Q | D29: =IF(COUNT(G29:M29)>3,10,IF(COUNT(G29:M29)>2,9,7)) -> 10 | F29: 1*22-222 | G29: 5.72 | H29: 5.53 | I29: 2.86 | J29: 2.42 | K29: 2.86 | L29: 2.42 | N29: =SUM(G29:M29) -> 21.81 | O29: =(N29/8.16)^4.5 -> 83.43433 | P29: 8 | Q29: 10 | R29: 9 | S29: 9 | T29: 9 | U29: 9 | V29: 9 | W29: =IF(G29>P29,"Y",IF(H29>Q29,"Y",IF(I29>R29,"Y",IF(J29>S29,"Y",IF(K29>T29,"Y",IF(L29>U29,"Y",IF(M29>V29,"Y","N"))))))) -> N | X29: =IF(W29="Y",MAX((G29-P29),(H29-Q29),(I29-R29),(J29-S29),(K29-T29),(L29-U29),(M29-V29))/10,0) -> 0 | Y29: =IF(X29<5%,"0-4.9%",IF(X29<25%,"5-25%",IF(X29<50%,"25-50%","Over 50%"))) -> 0-4.9% | Z29: Empty
A30: 2 | B30: 0.42708333 | C30: KBZ 433A | D30: =IF(COUNT(G30:M30)>3,10,IF(COUNT(G30:M30)>2,9,7)) -> 10 | F30: 1*22-222 | G30: 4.62 | H30: 5.06 | I30: 1.98 | J30: 6.38 | K30: 5.5 | L30: 3.96 | N30: =SUM(G30:M30) -> 27.5 | O30: =(N30/8.16)^4.5 -> 236.80529 | P30: 8 | Q30: 10 | R30: 9 | S30: 9 | T30: 9 | U30: 9 | V30: 9 | W30: =IF(G30>P30,"Y",IF(H30>Q30,"Y",IF(I30>R30,"Y",IF(J30>S30,"Y",IF(K30>T30,"Y",IF(L30>U30,"Y",IF(M30>V30,"Y","N"))))))) -> N | X30: =IF(W30="Y",MAX((G30-P30),(H30-Q30),(I30-R30),(J30-S30),(K30-T30),(L30-U30),(M30-V30))/10,0) -> 0 | Y30: =IF(X30<5%,"0-4.9%",IF(X30<25%,"5-25%",IF(X30<50%,"25-50%","Over 50%"))) -> 0-4.9% | Z30: Empty
A31: 3 | B31: 0.43958333 | C31: KCC 702X | D31: =IF(COUNT(G31:M31)>3,10,IF(COUNT(G31:M31)>2,9,7)) -> 10 | F31: 1*22-222 | G31: 5.5 | H31: 2.42 | I31: 2.42 | J31: 2.2 | K31: 2.2 | L31: 2.2 | N31: =SUM(G31:M31) -> 16.94 | O31: =(N31/8.16)^4.5 -> 26.76114 | P31: 8 | Q31: 10 | R31: 9 | S31: 9 | T31: 9 | U31: 9 | V31: 9 | W31: =IF(G31>P31,"Y",IF(H31>Q31,"Y",IF(I31>R31,"Y",IF(J31>S31,"Y",IF(K31>T31,"Y",IF(L31>U31,"Y",IF(M31>V31,"Y","N"))))))) -> N | X31: =IF(W31="Y",MAX((G31-P31),(H31-Q31),(I31-R31),(J31-S31),(K31-T31),(L31-U31),(M31-V31))/10,0) -> 0 | Y31: =IF(X31<5%,"0-4.9%",IF(X31<25%,"5-25%",IF(X31<50%,"25-50%","Over 50%"))) -> 0-4.9% | Z31: Empty
A32: 5 | B32: 0.49305556 | C32: UAR 533M | D32: =IF(COUNT(G32:M32)>3,10,IF(COUNT(G32:M32)>2,9,7)) -> 10 | F32: 11*22 | G32: 3.3 | H32: 2.64 | I32: 4.84 | J32: 3.08 | N32: =SUM(G32:M32) -> 13.86 | O32: =(N32/8.16)^4.5 -> 10.847479 | P32: 8 | Q32: 10 | R32: 9 | S32: 9 | T32: 9 | U32: 9 | V32: 9 | W32: =IF(G32>P32,"Y",IF(H32>Q32,"Y",IF(I32>R32,"Y",IF(J32>S32,"Y",IF(K32>T32,"Y",IF(L32>U32,"Y",IF(M32>V32,"Y","N"))))))) -> N | X32: =IF(W32="Y",MAX((G32-P32),(H32-Q32),(I32-R32),(J32-S32),(K32-T32),(L32-U32),(M32-V32))/10,0) -> 0 | Y32: =IF(X32<5%,"0-4.9%",IF(X32<25%,"5-25%",IF(X32<50%,"25-50%","Over 50%"))) -> 0-4.9% | Z32: Empty
A33: 6 | B33: 0.53333333 | C33: KAX 604C | D33: =IF(COUNT(G33:M33)>3,10,IF(COUNT(G33:M33)>2,9,7)) -> 10 | F33: 1*22-222 | G33: 6.16 | H33: 3.16 | I33: 3.16 | J33: 2.64 | K33: 1.98 | L33: 1.76 | N33: =SUM(G33:M33) -> 18.86 | O33: =(N33/8.16)^4.5 -> 43.384229 | P33: 8 | Q33: 10 | R33: 9 | S33: 9 | T33: 9 | U33: 9 | V33: 9 | W33: =IF(G33>P33,"Y",IF(H33>Q33,"Y",IF(I33>R33,"Y",IF(J33>S33,"Y",IF(K33>T33,"Y",IF(L33>U33,"Y",IF(M33>V33,"Y","N"))))))) -> N | X33: =IF(W33="Y",MAX((G33-P33),(H33-Q33),(I33-R33),(J33-S33),(K33-T33),(L33-U33),(M33-V33))/10,0) -> 0 | Y33: =IF(X33<5%,"0-4.9%",IF(X33<25%,"5-25%",IF(X33<50%,"25-50%","Over 50%"))) -> 0-4.9% | Z33: Empty
A34: 8 | B34: 0.078472222 | C34: SSD 946F | D34: =IF(COUNT(G34:M34)>3,10,IF(COUNT(G34:M34)>2,9,7)) -> 10 | F34: 1*12-222 | G34: 5.06 | H34: 2.2 | I34: 2.86 | J34: 3.08 | K34: 2.2 | L34: 2.2 | N34: =SUM(G34:M34) -> 17.6 | O34: =(N34/8.16)^4.5 -> 31.783469 | P34: 8 | Q34: 10 | R34: 9 | S34: 9 | T34: 9 | U34: 9 | V34: 9 | W34: =IF(G34>P34,"Y",IF(H34>Q34,"Y",IF(I34>R34,"Y",IF(J34>S34,"Y",IF(K34>T34,"Y",IF(L34>U34,"Y",IF(M34>V34,"Y","N"))))))) -> N | X34: =IF(W34="Y",MAX((G34-P34),(H34-Q34),(I34-R34),(J34-S34),(K34-T34),(L34-U34),(M34-V34))/10,0) -> 0 | Y34: =IF(X34<5%,"0-4.9%",IF(X34<25%,"5-25%",IF(X34<50%,"25-50%","Over 50%"))) -> 0-4.9% | Z34: Empty
A35: 10 | B35: 0.15972222 | C35: UAU 823J | D35: =IF(COUNT(G35:M35)>3,10,IF(COUNT(G35:M35)>2,9,7)) -> 10 | F35: 11*222 | G35: 2.64 | H35: 4.18 | I35: 4.62 | J35: 2.64 | K35: 4.4 | N35: =SUM(G35:M35) -> 18.48 | O35: =(N35/8.16)^4.5 -> 39.58705 | P35: 8 | Q35: 10 | R35: 9 | S35: 9 | T35: 9 | U35: 9 | V35: 9 | W35: =IF(G35>P35,"Y",IF(H35>Q35,"Y",IF(I35>R35,"Y",IF(J35>S35,"Y",IF(K35>T35,"Y",IF(L35>U35,"Y",IF(M35>V35,"Y","N"))))))) -> N | X35: =IF(W35="Y",MAX((G35-P35),(H35-Q35),(I35-R35),(J35-S35),(K35-T35),(L35-U35),(M35-V35))/10,0) -> 0 | Y35: =IF(X35<5%,"0-4.9%",IF(X35<25%,"5-25%",IF(X35<50%,"25-50%","Over 50%"))) -> 0-4.9% | Z35: Empty
A36: 14 | B36: 0.23611111 | C36: UAQ 944Q | D36: =IF(COUNT(G36:M36)>3,10,IF(COUNT(G36:M36)>2,9,7)) -> 10 | F36: 1*22-222 | G36: 4.84 | H36: 2.86 | I36: 2.86 | J36: 1.1 | K36: 1.54 | L36: 1.98 | N36: =SUM(G36:M36) -> 15.18 | O36: =(N36/8.16)^4.5 -> 16.334929 | P36: 8 | Q36: 10 | R36: 9 | S36: 9 | T36: 9 | U36: 9 | V36: 9 | W36: =IF(G36>P36,"Y",IF(H36>Q36,"Y",IF(I36>R36,"Y",IF(J36>S36,"Y",IF(K36>T36,"Y",IF(L36>U36,"Y",IF(M36>V36,"Y","N"))))))) -> N | X36: =IF(W36="Y",MAX((G36-P36),(H36-Q36),(I36-R36),(J36-S36),(K36-T36),(L36-U36),(M36-V36))/10,0) -> 0 | Y36: =IF(X36<5%,"0-4.9%",IF(X36<25%,"5-25%",IF(X36<50%,"25-50%","Over 50%"))) -> 0-4.9% | Z36: Empty
A37: 15 | B37: 0.26527778 | C37: UAR 338X | D37: =IF(COUNT(G37:M37)>3,10,IF(COUNT(G37:M37)>2,9,7)) -> 10 | F37: 1*22-222 | G37: 4.62 | H37: 3.08 | I37: 2.86 | J37: 2.2 | K37: 2.64 | L37: 2.42 | N37: =SUM(G37:M37) -> 17.82 | O37: =(N37/8.16)^4.5 -> 33.610807 | P37: 8 | Q37: 10 | R37: 9 | S37: 9 | T37: 9 | U37: 9 | V37: 9 | W37: =IF(G37>P37,"Y",IF(H37>Q37,"Y",IF(I37>R37,"Y",IF(J37>S37,"Y",IF(K37>T37,"Y",IF(L37>U37,"Y",IF(M37>V37,"Y","N"))))))) -> N | X37: =IF(W37="Y",MAX((G37-P37),(H37-Q37),(I37-R37),(J37-S37),(K37-T37),(L37-U37),(M37-V37))/10,0) -> 0 | Y37: =IF(X37<5%,"0-4.9%",IF(X37<25%,"5-25%",IF(X37<50%,"25-50%","Over 50%"))) -> 0-4.9% | Z37: Empty

Sheet Graphs
B1: AXLE LOAD DATA ANALYSIS (GULU-NIMULE HIGHWAY)
A3: Vehicle Categories | L3: Load Description
B4: Truck Type | C4: Gulu-Nimule | D4: Nimule-Gulu | E4: Both Directions | L4: Category | M4: Gulu-Nimule | N4: Nimule-Gulu
A5: 7 | B5: Light/Medium Trucks | C5: =COUNTIF('Gulu-Nimule'!$D$7:$D$500,A5) -> 13 | D5: =COUNTIF('Nimule-Gulu'!$D$7:$D$500,A5) -> 10 | E5: =SUM(C5:D5) -> 23 | L5: Agricultural produce | M5: =COUNTIF('Gulu-Nimule'!$Z$7:$Z$500,L5)/$M$16 -> 0.3373494 | N5: =COUNTIF('Nimule-Gulu'!$Z$7:$Z$187,L5)/$N$16 -> 0
A6: 9 | B6: Heavy Trucks | C6: =COUNTIF('Gulu-Nimule'!$D$7:$D$500,A6) -> 4 | D6: =COUNTIF('Nimule-Gulu'!$D$7:$D$500,A6) -> 2 | E6: =SUM(C6:D6) -> 6 | L6: Perishable | M6: =COUNTIF('Gulu-Nimule'!$Z$7:$Z$500,L6)/$M$16 -> 0 | N6: =COUNTIF('Nimule-Gulu'!$Z$7:$Z$187,L6)/$N$16 -> 0
A7: 10 | B7: Truck/Trailer | C7: =COUNTIF('Gulu-Nimule'!$D$7:$D$500,A7) -> 66 | D7: =COUNTIF('Nimule-Gulu'!$D$7:$D$500,A7) -> 19 | E7: =SUM(C7:D7) -> 85 | L7: Construction Material | M7: =COUNTIF('Gulu-Nimule'!$Z$7:$Z$500,L7)/$M$16 -> 0.1686747 | N7: =COUNTIF('Nimule-Gulu'!$Z$7:$Z$187,L7)/$N$16 -> 0
B8: Totals | C8: =SUM(C5:C7) -> 83 | D8: =SUM(D5:D7) -> 31 | E8: =SUM(E5:E7) -> 114 | L8: Metal/machinery | M8: =COUNTIF('Gulu-Nimule'!$Z$7:$Z$500,L8)/$M$16 -> 0 | N8: =COUNTIF('Nimule-Gulu'!$Z$7:$Z$187,L8)/$N$16 -> 0
L9: Forestry products | M9: =COUNTIF('Gulu-Nimule'!$Z$7:$Z$500,L9)/$M$16 -> 0 | N9: =COUNTIF('Nimule-Gulu'!$Z$7:$Z$187,L9)/$N$16 -> 0
L10: Fuels | M10: =COUNTIF('Gulu-Nimule'!$Z$7:$Z$500,L10)/$M$16 -> 0.072289157 | N10: =COUNTIF('Nimule-Gulu'!$Z$7:$Z$187,L10)/$N$16 -> 0
L11: Chemical Products | M11: =COUNTIF('Gulu-Nimule'!$Z$7:$Z$500,L11)/$M$16 -> 0.024096386 | N11: =COUNTIF('Nimule-Gulu'!$Z$7:$Z$187,L11)/$N$16 -> 0
L12: Livestock | M12: =COUNTIF('Gulu-Nimule'!$Z$7:$Z$500,L12)/$M$16 -> 0 | N12: =COUNTIF('Nimule-Gulu'!$Z$7:$Z$187,L12)/$N$16 -> 0.032258065
L13: Household retail products | M13: =COUNTIF('Gulu-Nimule'!$Z$7:$Z$500,L13)/$M$16 -> 0.25301205 | N13: =COUNTIF('Nimule-Gulu'!$Z$7:$Z$187,L13)/$N$16 -> 0.032258065
L14: Empty | M14: =COUNTIF('Gulu-Nimule'!$Z$7:$Z$500,L14)/$M$16 -> 0.024096386 | N14: =COUNTIF('Nimule-Gulu'!$Z$7:$Z$187,L14)/$N$16 -> 0.83870968
L15: Others | M15: =COUNTIF('Gulu-Nimule'!$Z$7:$Z$500,L15)/$M$16 -> 0.12048193 | N15: =COUNTIF('Nimule-Gulu'!$Z$7:$Z$187,L15)/$N$16 -> 0.096774194
L16: Total | M16: =C8 -> 83 | N16: =D8 -> 31
A27: Average Total Loading (Tonnes)
B28: Truck Type | C28: Gulu-Nimule | D28: Nimule-Gulu | E28: Both Directions | F28: Limit
A29: 7 | B29: Light/Medium Trucks | C29: =AVERAGEIF('Gulu-Nimule'!$D$7:$D$500,Graphs!A29,'Gulu-Nimule'!$N$7:$N$500) -> 14.106154 | D29: =AVERAGEIF('Nimule-Gulu'!$D$7:$D$500,Graphs!A29,'Nimule-Gulu'!$N$7:$N$500) -> 10.816 | E29: =AVERAGE(C29:D29) -> 12.461077 | F29: 18
A30: 9 | B30: Heavy Trucks | C30: =AVERAGEIF('Gulu-Nimule'!$D$7:$D$500,Graphs!A30,'Gulu-Nimule'!$N$7:$N$500) -> 22.935 | D30: =AVERAGEIF('Nimule-Gulu'!$D$7:$D$500,Graphs!A30,'Nimule-Gulu'!$N$7:$N$500) -> 10.89 | E30: =AVERAGE(C30:D30) -> 16.9125 | F30: 27
A31: 10 | B31: Truck/Trailer | C31: =AVERAGEIF('Gulu-Nimule'!$D$7:$D$500,Graphs!A31,'Gulu-Nimule'!$N$7:$N$500) -> 36.983727 | D31: =AVERAGEIF('Nimule-Gulu'!$D$7:$D$500,Graphs!A31,'Nimule-Gulu'!$N$7:$N$500) -> 21.335263 | E31: =AVERAGE(C31:D31) -> 29.159495 | F31: 54
B32: Totals
L39: Proportion of Overloaded Trucks
M40: Truck Type | N40: Gulu-Nimule | O40: Nimule-Gulu | P40: Both Directions
M41: 0-4.9% | N41: =COUNTIF('Gulu-Nimule'!$Y$7:$Y$500,M41)/$N$45 -> 0.62650602 | O41: =COUNTIF('Nimule-Gulu'!$Y$7:$Y$187,M41)/$O$45 -> 0.93548387 | P41: =AVERAGE(N41:O41) -> 0.78099495
M42: 5-25% | N42: =COUNTIF('Gulu-Nimule'!$Y$7:$Y$500,M42)/$N$45 -> 0.20481928 | O42: =COUNTIF('Nimule-Gulu'!$Y$7:$Y$187,M42)/$O$45 -> 0.032258065 | P42: =AVERAGE(N42:O42) -> 0.11853867
M43: 25-50% | N43: =COUNTIF('Gulu-Nimule'!$Y$7:$Y$500,M43)/$N$45 -> 0.13253012 | O43: =COUNTIF('Nimule-Gulu'!$Y$7:$Y$187,M43)/$O$45 -> 0.032258065 | P43: =AVERAGE(N43:O43) -> 0.082394092
M44: Over 50% | N44: =COUNTIF('Gulu-Nimule'!$Y$7:$Y$500,M44)/$N$45 -> 0.036144578 | O44: =COUNTIF('Nimule-Gulu'!$Y$7:$Y$187,M44)/$O$45 -> 0 | P44: =AVERAGE(N44:O44) -> 0.018072289
N45: =C8 -> 83 | O45: =D8 -> 31
A55: Proportion of Overloaded Trucks
B56: Truck Type | C56: Gulu-Nimule | D56: Nimule-Gulu | E56: Both Directions
A57: 7 | B57: Light/Medium Trucks | C57: =COUNTIF('Gulu-Nimule'!W7:W19,"Y")/C5 -> 0.30769231 | D57: =COUNTIF('Nimule-Gulu'!W7:W16,"Y")/D5 -> 0.1 | E57: =AVERAGE(C57:D57) -> 0.20384615
A58: 9 | B58: Heavy Trucks | C58: =COUNTIF('Gulu-Nimule'!W20:W23,"Y")/C6 -> 0.75 | D58: =COUNTIF('Nimule-Gulu'!W17:W18,"y")/D6 -> 0 | E58: =AVERAGE(C58:D58) -> 0.375
A59: 10 | B59: Truck/Trailer | C59: =COUNTIF('Gulu-Nimule'!W24:W500,"Y")/C7 -> 0.48484848 | D59: =COUNTIF('Nimule-Gulu'!W19:W187,"Y")/D7 -> 0.052631579 | E59: =AVERAGE(C59:D59) -> 0.26874003
B60: Overall | C60: =COUNTIF('Gulu-Nimule'!W7:W500,"Y")/C8 -> 0.46987952 | D60: =COUNTIF('Nimule-Gulu'!W7:W187,"Y")/D8 -> 0.064516129

Sheet KEY
I1: Axle Configuration
A2: TRUCK TYPES | I2: 2-Axles | J2: 2-Axles | K2: 3-Axle | L2: 4-Axle | M2: 5-Axle | N2: 6-Axle | O2: 7-Axle
A4: 7 | B4: LIGHT SINGLE UNIT TRUCK-DYNAS AND TRACTORS(2 axles) | I4: 1.1 | J4: 1.2
A5: 8 | B5: LIGHT/MEDIUM SINGLE UNIT TRUCKS (3 axles) | K5: 1.22
A6: 9 | B6: MEDIUM - SINGLE UNIT TRUCKS-LORRIES, FUSOS (4 axles) | L6: 1.1-22
L7: 1.222
A10: 10 | B10: HEAVY TRUCK RIGID (5 axles) | M10: 1.1-222
M11: 1.2-222
M12: 1.22-22
A13: 11 | B13: TRUCK TRAILER AND SEMI TRAILER (6 axles) | N13: 1.12-222
N14: 1.22-222
N15: 1.22+1-22
N16: 1.22+2-22
N17: 1.21-222
N18: 1.22-111
A19: 12 | B19: TRUCK TRAILER TYPE 2 (7 axles) | O19: 1.11+11-11
O20: 1.22+22-22
O21: 1.12+11-22
B29: 7. Light Truck
B30: 8. Medium Truck
B31: 9. Heavy truck
B32: 10. Truck Trailer
B35: 1*1 | C35: Light Truck | D35: 7 | E35: 18
B36: 1*2 | C36: Light Truck | D36: 7 | E36: 18
B37: 1*21 | C37: Medium Truck | D37: 8 | E37: 26
B38: 1*22 | C38: Heavy Truck | D38: 9 | E38: 26
B39: 1*2*2 | C39: Truck Trailer | D39: 10 | E39: 46
B40: 1*2*22 | C40: Truck Trailer | D40: 10 | E40: 46
B41: 1*22-22 | C41: Truck Trailer | D41: 10 | E41: 46
B42: 1*2*2*2 | C42: Truck Trailer | D42: 10 | E42: 46
B43: 1*22*2*22 | C43: Truck Trailer | D43: 10 | E43: 46
B44: 11*22 | C44: Heavy Truck | D44: 9 | E44: 34
