Workbook

Sheet DAY1
A1: Consultancy services for Preparation of Expressway Development Master Plan (EDMP) for Uganda
A2: AXLE LOAD SURVEY FORM
A3: Date: | D3: Station Name: | F3: BUJUUKO
A4: 43704 | H4: KAMPALA-MITYANA
A5: S/No. | B5: Time | C5: Reg. Number | D5: Vehicle Type | E5: Number of Axles | F5: Axle Configuration | G5: Front | H5: KGS | N5: Total (Tonnes) | O5: Total (ESA's) | P5: COMMENTS
G6: Axle 1 | H6: Axle 2 | I6: Axle 3 | J6: Axle 4 | K6: Axle 5 | L6: Axle 6 | M6: Axle 7
A7: 1 | B7: 0.34375 | C7: UGANDA | D7: 5 | F7: 1*2 | G7: 9080 | H7: 11160 | P7: Others
A8: 2 | B8: 0.34722222 | C8: UGANDA | D8: 7 | F8: 1*2 | G8: 1960 | H8: 1720
A9: 3 | B9: 0.34861111 | C9: UGANDA | D9: 10 | F9: 1*22-111 | G9: 7420 | H9: 3960 | I9: 3000 | J9: 4500 | K9: 3000
A10: 4 | B10: 0.35208333 | C10: UGANDA | D10: 8 | F10: 1*2 | G10: 2020 | H10: 3940
A11: 5 | B11: 0.35347222 | C11: UGANDA | D11: 8 | F11: 1*2 | G11: 3980 | H11: 4340
A12: 6 | B12: 0.35625 | C12: UGANDA | D12: 8 | F12: 1*2 | G12: 3200 | H12: 6700
A13: 7 | B13: 0.35763889 | C13: UGANDA | D13: 10 | F13: 1*22-222 | G13: 8120 | H13: 12440 | I13: 11520 | J13: 15560 | K13: 14720 | L13: 18460 | P13: Processed foods and beverages
A14: 8 | B14: 0.35902778 | C14: UGANDA | D14: 8 | F14: 1*2 | G14: 9180 | H14: 16520 | P14: Fertilizer & Chemicals
A15: 9 | B15: 0.35972222 | C15: UGANDA | D15: 8 | F15: 1*2 | G15: 3160 | H15: 3400
A16: 10 | B16: 0.36597222 | C16: UGANDA | D16: 8 | F16: 1*2 | G16: 3360 | H16: 3220
A17: 11 | B17: 0.40833333 | C17: UGANDA | D17: 7 | F17: 1*2 | G17: 2620 | H17: 2860 | P17: Fuels(gas & Liquid)
A18: 12 | B18: 0.41111111 | C18: UGANDA | D18: 8 | F18: 1*2 | G18: 4320 | H18: 4960 | P18: Others
A19: 13 | B19: 0.41319444 | C19: UGANDA | D19: 7 | F19: 1*2 | G19: 3100 | H19: 3560 | P19: Shop items
A20: 14 | B20: 0.41458333 | C20: UGANDA | D20: 10 | F20: 1*22-222 | G20: 8920 | H20: 13580 | I20: 12780 | J20: 17960 | K20: 13940 | L20: 13540 | P20: Building mat./H. ware
A21: 15 | B21: 0.41666667 | C21: UGANDA | D21: 5 | F21: 1*2 | G21: 12140 | H21: 20260 | P21: Others
A22: 16 | B22: 0.42152778 | C22: UGANDA | D22: 8 | F22: 1*2 | G22: 4060 | H22: 4340
A23: 17 | B23: 0.42291667 | C23: UGANDA | D23: 5 | F23: 1*2 | G23: 9320 | H23: 14300 | P23: Others
A24: 18 | B24: 0.42361111 | C24: UGANDA | D24: 8 | F24: 1*2 | G24: 2880 | H24: 4360 | P24: Others
A25: 19 | B25: 0.42430556 | C25: UGANDA | D25: 8 | F25: 1*2 | G25: 3780 | H25: 2860
A26: 20 | B26: 0.43055556 | C26: UGANDA | D26: 10 | F26: 1*12-222 | G26: 6800 | H26: 9200 | I26: 14600 | J26: 15200 | K26: 12700 | L26: 15620 | P26: Building mat./H. ware
A27: 21 | B27: 0.43888889 | C27: UGANDA | D27: 5 | F27: 1*2 | G27: 7780 | H27: 15500 | P27: Others
A28: 22 | B28: 0.44791667 | C28: UGANDA | D28: 10 | F28: 1*2+2*22 | G28: 7080 | H28: 11500 | I28: 8520 | J28: 11880 | K28: 11580 | P28: Shop items
A29: 23 | B29: 0.45416667 | C29: UGANDA | D29: 10 | F29: 1*12-111 | G29: 6200 | H29: 3340 | I29: 5840 | J29: 3440 | K29: 2580 | L29: 5100
A30: 24 | B30: 0.45555556 | C30: UGANDA | D30: 10 | F30: 1*22+22*22 | G30: 4260 | H30: 8020 | I30: 3040 | J30: 2060 | K30: 4020 | L30: 3020 | M30: 4900
A31: 25 | B31: 0.45763889 | C31: UGANDA | D31: 8 | F31: 1*2 | G31: 8140 | H31: 16040 | P31: Agric Produce
A32: 26 | B32: 0.46527778 | C32: UGANDA | D32: 9 | F32: 1*22 | G32: 8640 | H32: 14800 | I32: 8560 | P32: Shop items
A33: 27 | B33: 0.46597222 | C33: UGANDA | D33: 8 | F33: 1*2 | G33: 5880 | H33: 15260 | P33: Fuels(gas & Liquid)
A34: 28 | B34: 0.46666667 | C34: UGANDA | D34: 10 | F34: 1*22-222 | G34: 6720 | H34: 10120 | I34: 6080 | J34: 8060 | K34: 7080 | L34: 8060 | P34: Processed foods and beverages
A35: 29 | B35: 0.46736111 | C35: UGANDA | D35: 10 | F35: 1*22-222 | G35: 7580 | H35: 6080 | I35: 6040 | J35: 7040 | K35: 7050 | L35: 7040 | P35: Processed foods and beverages
A36: 30 | B36: 0.46805556 | C36: UGANDA | D36: 9 | F36: 1*22 | G36: 7560 | H36: 7080 | I36: 6080 | P36: Others
A37: 31 | B37: 0.47013889 | C37: UGANDA | D37: 10 | F37: 1*22-222 | G37: 7780 | H37: 5100 | I37: 4520 | J37: 4500 | K37: 4160 | L37: 4040
A38: 32 | B38: 0.47083333 | C38: UGANDA | D38: 10 | F38: 1*12-222 | G38: 8880 | H38: 3860 | I38: 7080 | J38: 6040 | K38: 6040 | L38: 7040 | P38: Processed foods and beverages
A39: 33 | B39: 0.47222222 | C39: UGANDA | D39: 5 | F39: 1*2 | G39: 10500 | H39: 8060 | P39: Others
A40: 34 | B40: 0.48402778 | C40: UGANDA | D40: 9 | F40: 1*22 | G40: 3140 | H40: 4900 | I40: 760
A41: 35 | B41: 0.48680556 | C41: UGANDA | D41: 10 | F41: 1*22-222 | G41: 6820 | H41: 5120 | I41: 4740 | J41: 4200 | K41: 4560 | L41: 4060
A42: 36 | B42: 0.49652778 | C42: UGANDA | D42: 10 | F42: 1*22-222 | G42: 7780 | H42: 7080 | I42: 6020 | J42: 8080 | K42: 7840 | L42: 9040 | P42: Agric Produce
A43: 37 | B43: 0.49930556 | C43: UGANDA | D43: 5 | F43: 1*2 | G43: 9960 | H43: 8040 | P43: Others
A44: 38 | B44: 0.5 | C44: UGANDA | D44: 10 | F44: 1*22+22*22 | G44: 9740 | H44: 6080 | I44: 6080 | J44: 8040 | K44: 8060 | L44: 9040 | M44: 7040 | P44: Shop items
A45: 39 | B45: 0.50069444 | C45: UGANDA | D45: 5 | F45: 1*2 | G45: 8880 | H45: 11120 | P45: Others
A46: 40 | B46: 0.51041667 | C46: UGANDA | D46: 8 | F46: 1*2 | G46: 2140 | H46: 3060
A47: 41 | B47: 0.51319444 | C47: UGANDA | D47: 8 | F47: 1*2 | G47: 5400 | H47: 5880
A48: 42 | B48: 0.51805556 | C48: UGANDA | D48: 10 | F48: 1*22-222 | G48: 8020 | H48: 6260 | I48: 3260 | J48: 3580 | K48: 4600 | L48: 4860
A49: 43 | B49: 0.52013889 | C49: UGANDA | D49: 10 | F49: 1*22+22*22 | G49: 7540 | H49: 5920 | I49: 6360 | J49: 5100 | K49: 3960 | L49: 3960 | M49: 4200
A50: 44 | B50: 0.52638889 | C50: UGANDA | D50: 10 | F50: 1*22-222 | G50: 8140 | H50: 11780 | I50: 10980 | J50: 10640 | K50: 9880 | L50: 9840 | P50: Processed foods and beverages
A51: 45 | B51: 0.52777778 | C51: UGANDA | D51: 10 | F51: 1*221 | G51: 5800 | H51: 5820 | I51: 6120 | J51: 820
A52: 46 | B52: 0.52847222 | C52: UGANDA | D52: 5 | F52: 1*21 | G52: 9960 | H52: 15080 | I52: 5500 | P52: Others
A53: 47 | B53: 0.52916667 | C53: UGANDA | D53: 9 | F53: 1*22 | G53: 6780 | H53: 10840 | I53: 10620 | P53: Building mat./H. ware
A54: 48 | B54: 0.53194444 | C54: UGANDA | D54: 9 | F54: 1*22 | G54: 6000 | H54: 4480 | I54: 4600
A55: 49 | B55: 0.53541667 | C55: KENYA | D55: 10 | F55: 1*22-222 | G55: 8640 | H55: 10860 | I55: 15120 | J55: 11040 | K55: 9040 | L55: 10480 | P55: Equipment
A56: 50 | B56: 0.53611111 | C56: KENYA | D56: 10 | F56: 1*12-222 | G56: 7620 | H56: 5520 | I56: 10120 | J56: 9060 | K56: 9480 | L56: 11540 | P56: Equipment
A57: 51 | B57: 0.53680556 | C57: UGANDA | D57: 10 | F57: 11*22 | G57: 10340 | H57: 11480 | I57: 13680 | J57: 12020 | P57: Processed foods and beverages
A58: 52 | B58: 0.53819444 | C58: UGANDA | D58: 10 | F58: 1*22-111 | G58: 6680 | H58: 4780 | I58: 4020 | J58: 3640 | K58: 2700 | L58: 3780
A59: 53 | B59: 0.045833333 | C59: UGANDA | D59: 10 | F59: 1*12-222 | G59: 6200 | H59: 3560 | I59: 5540 | J59: 3080 | K59: 2480 | L59: 3680
A60: 54 | B60: 0.047222222 | C60: UGANDA | D60: 10 | F60: 11*22 | G60: 11200 | H60: 8840 | I60: 12460 | J60: 10280 | P60: Building mat./H. ware
A61: 55 | B61: 0.054861111 | C61: UGANDA | D61: 8 | F61: 1*2 | G61: 3120 | H61: 4180
A62: 56 | B62: 0.057638889 | C62: UGANDA | D62: 10 | F62: 11*22 | G62: 10960 | H62: 9240 | I62: 12640 | J62: 8080 | P62: Shop items
A63: 57 | B63: 0.059027778 | C63: UGANDA | D63: 9 | F63: 1*22 | G63: 6500 | H63: 6100 | I63: 4600 | P63: Others
A64: 58 | B64: 0.061805556 | C64: UGANDA | D64: 8 | F64: 1*2 | G64: 6420 | H64: 6040 | P64: Fuels(gas & Liquid)
A65: 59 | B65: 0.063888889 | C65: UGANDA | D65: 10 | F65: 1*22-222 | G65: 7060 | H65: 5060 | I65: 4060 | J65: 5040 | K65: 4080 | L65: 4920
A66: 60 | B66: 0.075694444 | C66: UGANDA | D66: 10 | F66: 1*12-222 | G66: 7200 | H66: 3200 | I66: 5240 | J66: 4420 | K66: 3340 | L66: 3400
A67: 61 | B67: 0.097222222 | C67: UGANDA | D67: 5 | F67: 1*2 | G67: 5860 | H67: 10260 | P67: Others
A68: 62 | B68: 0.10486111 | C68: UGANDA | D68: 8 | F68: 1*2 | G68: 6900 | H68: 12220 | P68: Shop items
A69: 63 | B69: 0.10902778 | C69: UGANDA | D69: 9 | F69: 1*22 | G69: 5860 | H69: 4900 | I69: 4680
A70: 64 | B70: 0.10972222 | C70: UGANDA | D70: 8 | F70: 1*2 | G70: 2760 | H70: 3660 | P70: Building mat./H. ware
A71: 65 | B71: 0.11111111 | C71: UGANDA | D71: 5 | F71: 1*2 | G71: 10340 | H71: 12780 | P71: Others
A72: 66 | B72: 0.11527778 | C72: UGANDA | D72: 8 | F72: 1*2 | G72: 2700 | H72: 5000
A73: 67 | B73: 0.11597222 | C73: UGANDA | D73: 8 | F73: 1*2 | G73: 3880 | H73: 4380
A74: 68 | B74: 0.13055556 | C74: UGANDA | D74: 10 | F74: 1*22-222 | G74: 6340 | H74: 6960 | I74: 3140 | J74: 3740 | K74: 3120 | L74: 3660
A75: 69 | B75: 0.13472222 | C75: UGANDA | D75: 8 | F75: 1*2 | G75: 3980 | H75: 8480 | P75: Processed foods and beverages
A76: 70 | B76: 0.13958333 | C76: UGANDA | D76: 5 | F76: 1*2 | G76: 12180 | H76: 19980 | P76: Others
A77: 71 | B77: 0.14375 | C77: UGANDA | D77: 8 | F77: 1*2 | G77: 3180 | H77: 4020
A78: 72 | B78: 0.14444444 | C78: UGANDA | D78: 9 | F78: 1*22 | G78: 5580 | H78: 5420 | I78: 4520
A79: 73 | B79: 0.14583333 | C79: UGANDA | D79: 5 | F79: 1*2 | G79: 9120 | H79: 17860 | P79: Others
A80: 74 | B80: 0.14652778 | C80: UGANDA | D80: 8 | F80: 1*2 | G80: 6820 | H80: 10200 | P80: Others
A81: 75 | B81: 0.14791667 | C81: UGANDA | D81: 8 | F81: 1*2 | G81: 4200 | H81: 8000 | P81: Equipment
A82: 76 | B82: 0.14930556 | C82: UGANDA | D82: 10 | F82: 11*22 | G82: 9840 | H82: 10980 | I82: 14800 | J82: 14280 | P82: Building mat./H. ware
A83: 77 | B83: 0.15 | C83: UGANDA | D83: 8 | F83: 1*2 | G83: 3000 | H83: 4240
A84: 78 | B84: 0.15208333 | C84: UGANDA | D84: 10 | F84: 1*22+2*22 | G84: 9180 | H84: 11800 | I84: 10980 | J84: 10980 | K84: 10140 | L84: 9160 | P84: Processed foods and beverages
A85: 79 | B85: 0.15277778 | C85: UGANDA | D85: 5 | F85: 1*2 | G85: 9140 | H85: 7040 | P85: Others
A86: 80 | B86: 0.15347222 | C86: UGANDA | D86: 9 | F86: 1*22 | G86: 6300 | H86: 3960 | I86: 3960
A87: 81 | B87: 0.15555556 | C87: UGANDA | D87: 10 | F87: 1*22-222 | G87: 6340 | H87: 4220 | I87: 3840 | J87: 1060 | K87: 4080 | L87: 4060
H88: MITYANA-KAMPALA
A89: 1 | B89: 0.33888889 | C89: UGANDA | D89: 7 | F89: 1*2 | G89: 4120 | H89: 10060 | P89: Building mat./H. ware
A90: 2 | B90: 0.33958333 | C90: UGANDA | D90: 9 | F90: 1*22 | G90: 7760 | H90: 1184 | I90: 11820 | P90: Agric Produce
A91: 3 | B91: 0.40277778 | C91: UGANDA | D91: 8 | F91: 1*2 | G91: 3680 | H91: 3700
A92: 4 | B92: 0.40347222 | C92: UGANDA | D92: 8 | F92: 1*2 | G92: 4860 | H92: 10340 | P92: Building mat./H. ware
A93: 5 | B93: 0.40902778 | C93: UGANDA | D93: 10 | F93: 11*222 | G93: 11840 | H93: 12720 | I93: 21640 | J93: 14140 | K93: 1440 | P93: Agric Produce
A94: 6 | B94: 0.41319444 | C94: UGANDA | D94: 8 | F94: 1*2 | G94: 4460 | H94: 10980 | P94: Building mat./H. ware
A95: 7 | B95: 0.41666667 | C95: UGANDA | D95: 8 | F95: 1*2 | G95: 3020 | H95: 4480 | P95: Others
A96: 8 | B96: 0.41736111 | C96: UGANDA | D96: 8 | F96: 1*2 | G96: 4100 | H96: 11660 | P96: Building mat./H. ware
A97: 9 | B97: 0.41944444 | C97: UGANDA | D97: 8 | F97: 1*2 | G97: 8440 | H97: 19880 | P97: Building mat./H. ware
A98: 10 | B98: 0.42152778 | C98: UGANDA | D98: 8 | F98: 1*2 | G98: 3400 | H98: 4640 | P98: Shop items
A99: 11 | B99: 0.42222222 | C99: UGANDA | D99: 8 | F99: 1*2 | G99: 3600 | H99: 4860
A100: 12 | B100: 0.425 | C100: UGANDA | D100: 8 | F100: 1*2 | G100: 5680 | H100: 16020 | P100: Building mat./H. ware
...

Sheet DAY2
A1: Consultancy services for Preparation of Expressway Development Master Plan (EDMP) for Uganda
A2: AXLE LOAD SURVEY FORM
A3: Date: | D3: Station Name: | E3: BUJUUKO
A4: 43705 | H4: KAMPALA-MITYANA
A5: S/No. | B5: Time | C5: Reg. Number | D5: Vehicle Type | E5: Number of Axles | F5: Axle Configuration | G5: Front | H5: KGS | N5: Total (Tonnes) | O5: Total (ESA's) | P5: COMMENTS
G6: Axle 1 | H6: Axle 2 | I6: Axle 3 | J6: Axle 4 | K6: Axle 5 | L6: Axle 6 | M6: Axle 7
A7: 1 | B7: 0.15902778 | C7: UGANDA | D7: 9 | F7: 1*22 | G7: 7060 | H7: 6020 | I7: 5860
A8: 2 | B8: 0.16388889 | C8: KENYA | D8: 10 | F8: 1*22-222 | G8: 7080 | H8: 4800 | I8: 4700 | J8: 3560 | K8: 3780 | L8: 3440
A9: 3 | B9: 0.16944444 | C9: UGANDA | D9: 10 | F9: 11*222 | G9: 3880 | H9: 6580 | I9: 6220 | J9: 6000 | K9: 5980
A10: 4 | B10: 0.17083333 | C10: KENYA | D10: 10 | F10: 1*22-222 | G10: 6840 | H10: 4860 | I10: 3000 | J10: 3780 | K10: 3120 | L10: 3040
A11: 5 | B11: 0.17430556 | C11: KENYA | D11: 10 | F11: 1*22-222 | G11: 7320 | H11: 4940 | I11: 4860 | J11: 3340 | K11: 4020 | L11: 3860
A12: 6 | B12: 0.19236111 | C12: UGANDA | D12: 10 | F12: 11*222 | G12: 6000 | H12: 4100 | I12: 7980 | J12: 6620 | K12: 7000 | P12: Building mat./H. ware
A13: 7 | B13: 0.19444444 | C13: UGANDA | D13: 8 | F13: 1*2 | G13: 3520 | H13: 4100
A14: 8 | B14: 0.20347222 | C14: UGANDA | D14: 9 | F14: 11*22 | G14: 5660 | H14: 5800 | I14: 11480 | J14: 6820 | P14: Building mat./H. ware
A15: 9 | B15: 0.31111111 | C15: UGANDA | D15: 5 | F15: 1*2 | G15: 10700 | H15: 10580 | P15: Others
A16: 10 | B16: 0.31180556 | C16: UGANDA | D16: 8 | F16: 1*2 | G16: 7680 | H16: 12580 | P16: Shop items
A17: 11 | B17: 0.3125 | C17: UGANDA | D17: 10 | F17: 11*222 | G17: 4740 | H17: 5000 | I17: 5520 | J17: 5720 | K17: 1980
A18: 12 | B18: 0.32916667 | C18: UGANDA | D18: 5 | F18: 1*2 | G18: 10450 | H18: 11500 | P18: Others
A19: 13 | B19: 0.34375 | C19: UGANDA | D19: 8 | F19: 1*2 | G19: 6400 | H19: 8420 | P19: Building mat./H. ware
A20: 14 | B20: 0.34722222 | C20: UGANDA | D20: 8 | F20: 1*2 | G20: 3380 | H20: 5840
A21: 15 | B21: 0.34861111 | C21: UGANDA | D21: 9 | F21: 1*22 | G21: 5400 | H21: 5120 | I21: 4180
A22: 16 | B22: 0.35208333 | C22: UGANDA | D22: 8 | F22: 1*2 | G22: 1780 | H22: 2360
A23: 17 | B23: 0.35347222 | C23: UGANDA | D23: 8 | F23: 1*2 | G23: 3340 | H23: 4680
A24: 18 | B24: 0.35625 | C24: UGANDA | D24: 10 | F24: 11*22 | G24: 8240 | H24: 8380 | I24: 13460 | J24: 10460 | P24: Fuels(gas & Liquid)
A25: 19 | B25: 0.35763889 | C25: UGANDA | D25: 10 | F25: 1*22-222 | G25: 7340 | H25: 4860 | I25: 4340 | J25: 5660 | K25: 3620 | L25: 3600
A26: 20 | B26: 0.35902778 | C26: UGANDA | D26: 8 | F26: 1*2 | G26: 4620 | H26: 4140
A27: 21 | B27: 0.35972222 | C27: UGANDA | D27: 5 | F27: 1*2 | G27: 8200 | H27: 13420 | P27: Others
A28: 22 | B28: 0.36597222 | C28: UGANDA | D28: 8 | F28: 1*2 | G28: 2140 | H28: 2240
A29: 23 | B29: 0.40833333 | C29: UGANDA | D29: 8 | F29: 1*2 | G29: 8080 | H29: 12300 | P29: Building mat./H. ware
A30: 24 | B30: 0.41111111 | C30: UGANDA | D30: 8 | F30: 1*2 | G30: 2980 | H30: 7740 | P30: Fuels(gas & Liquid)
A31: 25 | B31: 0.41319444 | C31: UGANDA | D31: 10 | F31: 1*22-222 | G31: 7980 | H31: 10290 | I31: 10480 | J31: 10920 | K31: 10200 | L31: 10300 | P31: Building mat./H. ware
A32: 26 | B32: 0.41458333 | C32: UGANDA | D32: 10 | F32: 11*22 | G32: 5360 | H32: 4360 | I32: 5180
A33: 27 | B33: 0.41666667 | C33: UGANDA | D33: 8 | F33: 1*2 | G33: 7320 | H33: 11580 | P33: Shop items
A34: 28 | B34: 0.42152778 | C34: KENYA | D34: 10 | F34: 1*12-222 | G34: 6280 | H34: 9060 | I34: 10200 | J34: 7340 | K34: 5360 | L34: 6360 | P34: Fuels(gas & Liquid)
A35: 29 | B35: 0.42291667 | C35: UGANDA | D35: 5 | F35: 1*2 | G35: 8080 | H35: 12740 | P35: Others
A36: 30 | B36: 0.42361111 | C36: UGANDA | D36: 9 | F36: 1*22 | G36: 7160 | H36: 11760 | I36: 12000 | P36: Building mat./H. ware
A37: 31 | B37: 0.42430556 | C37: UGANDA | D37: 9 | F37: 1*22 | G37: 8860 | H37: 5060 | I37: 6400 | P37: Building mat./H. ware
A38: 32 | B38: 0.43055556 | C38: UGANDA | D38: 8 | F38: 1*2 | G38: 4220 | H38: 5660
A39: 33 | B39: 0.43888889 | C39: UGANDA | D39: 8 | F39: 1*2 | G39: 3100 | H39: 4060
A40: 34 | B40: 0.44791667 | C40: UGANDA | D40: 10 | F40: 11*22 | G40: 6920 | H40: 8320 | I40: 1220 | J40: 1220 | P40: Fuels(gas & Liquid)
A41: 35 | B41: 0.45416667 | C41: UGANDA | D41: 8 | F41: 1*2 | G41: 3080 | H41: 2840
A42: 36 | B42: 0.45555556 | C42: UGANDA | D42: 8 | F42: 1*2 | G42: 6820 | H42: 12320 | P42: Building mat./H. ware
A43: 37 | B43: 0.45763889 | C43: UGANDA | D43: 5 | F43: 1*2 | G43: 7960 | H43: 8080 | P43: Others
A44: 38 | B44: 0.46527778 | C44: UGANDA | D44: 9 | F44: 1*22 | G44: 8060 | H44: 8010 | I44: 7280 | P44: Fertilizer & Chemicals
A45: 39 | B45: 0.46597222 | C45: UGANDA | D45: 10 | F45: 1*22-222 | G45: 7060 | H45: 9120 | I45: 10160 | J45: 8600 | K45: 9580 | L45: 9780 | P45: Building mat./H. ware
A46: 40 | B46: 0.46666667 | C46: UGANDA | D46: 8 | F46: 1*2 | G46: 3200 | H46: 4000
A47: 41 | B47: 0.46736111 | C47: UGANDA | D47: 9 | F47: 1*22 | G47: 6080 | H47: 3940 | I47: 4000
A48: 42 | B48: 0.46805556 | C48: UGANDA | D48: 9 | F48: 1*22 | G48: 4120 | H48: 4960 | I48: 4640
A49: 43 | B49: 0.47013889 | C49: UGANDA | D49: 8 | F49: 1*2 | G49: 3960 | H49: 4000
A50: 44 | B50: 0.47083333 | C50: UGANDA | D50: 8 | F50: 1*2 | G50: 4580 | H50: 3700
A51: 45 | B51: 0.47222222 | C51: UGANDA | D51: 8 | F51: 1*2 | G51: 3520 | H51: 3800
A52: 46 | B52: 0.48402778 | C52: UGANDA | D52: 10 | F52: 1*22+22*22 | G52: 9900 | H52: 8600 | I52: 8700 | J52: 10320 | K52: 10420 | L52: 8700 | M52: 7700 | P52: Shop items
A53: 47 | B53: 0.48680556 | C53: UGANDA | D53: 10 | F53: 1*22-222 | G53: 7100 | H53: 5600 | I53: 5360 | J53: 3420 | K53: 2460 | L53: 3940
A54: 48 | B54: 0.49652778 | C54: UGANDA | D54: 9 | F54: 1*22 | G54: 5920 | H54: 3420 | I54: 3060
A55: 49 | B55: 0.49930556 | C55: UGANDA | D55: 8 | F55: 1*2 | G55: 3680 | H55: 2540 | P55: Shop items
A56: 50 | B56: 0.5 | C56: UGANDA | D56: 8 | F56: 1*2 | G56: 3020 | H56: 5120 | P56: Shop items
A57: 51 | B57: 0.50069444 | C57: UGANDA | D57: 10 | F57: 1*22-222 | G57: 8560 | H57: 9060 | I57: 9080 | J57: 8600 | K57: 9060 | L57: 10600 | P57: Building mat./H. ware
A58: 52 | B58: 0.51041667 | C58: KENYA | D58: 9 | F58: 1*22 | G58: 6700 | H58: 7960 | I58: 7400 | P58: Others
A59: 53 | B59: 0.51319444 | C59: UGANDA | D59: 9 | F59: 1*22 | G59: 3800 | H59: 3920 | I59: 4020
A60: 54 | B60: 0.51805556 | C60: UGANDA | D60: 10 | F60: 11*22 | G60: 10680 | H60: 9080 | I60: 11000 | J60: 12060 | P60: Building mat./H. ware
A61: 55 | B61: 0.52013889 | C61: UGANDA | D61: 8 | F61: 1*2 | G61: 3400 | H61: 3300
A62: 56 | B62: 0.52638889 | C62: UGANDA | D62: 9 | F62: 1*22 | G62: 4100 | H62: 5060 | I62: 6160 | P62: Others
A63: 57 | B63: 0.52777778 | C63: UGANDA | D63: 8 | F63: 1*2 | G63: 6200 | H63: 3600
A64: 58 | B64: 0.52847222 | C64: UGANDA | D64: 5 | F64: 1*12 | G64: 8090 | H64: 10260 | I64: 6880 | P64: Others
A65: 59 | B65: 0.52916667 | C65: UGANDA | D65: 8 | F65: 1*2 | G65: 3120 | H65: 3200
A66: 60 | B66: 0.53194444 | C66: UGANDA | D66: 8 | F66: 1*2 | G66: 2960 | H66: 3880
A67: 61 | B67: 0.53541667 | C67: KENYA | D67: 10 | F67: 1*22-222 | G67: 8480 | H67: 11040 | I67: 8920 | J67: 12040 | K67: 9060 | L67: 9020 | P67: Fuels(gas & Liquid)
A68: 62 | B68: 0.53611111 | C68: UGANDA | D68: 8 | F68: 1*2 | G68: 8840 | H68: 13520 | P68: Others
A69: 63 | B69: 0.53680556 | C69: UGANDA | D69: 8 | F69: 1*2 | G69: 3360 | H69: 3400
A70: 64 | B70: 0.53819444 | C70: UGANDA | D70: 8 | F70: 1*2 | G70: 3240 | H70: 3040
A71: 65 | B71: 0.045833333 | C71: UGANDA | D71: 10 | F71: 11*222 | G71: 4520 | H71: 5400 | I71: 3060 | J71: 3600 | K71: 3400
A72: 66 | B72: 0.047222222 | C72: UGANDA | D72: 8 | F72: 1*2 | G72: 5060 | H72: 11780 | P72: Others
A73: 67 | B73: 0.054861111 | C73: UGANDA | D73: 8 | F73: 1*2 | G73: 5180 | H73: 10680 | P73: Fuels(gas & Liquid)
A74: 68 | B74: 0.057638889 | C74: UGANDA | D74: 8 | F74: 1*2 | G74: 3400 | H74: 3360
A75: 69 | B75: 0.059027778 | C75: UGANDA | D75: 8 | F75: 1*2 | G75: 3360 | H75: 4420
A76: 70 | B76: 0.061805556 | C76: UGANDA | D76: 10 | F76: 11*22 | G76: 8260 | H76: 7240 | I76: 11880 | J76: 12480 | P76: Building mat./H. ware
A77: 71 | B77: 0.063888889 | C77: UGANDA | D77: 5 | F77: 1*2 | G77: 7440 | H77: 10260 | P77: Others
A78: 72 | B78: 0.075694444 | C78: UGANDA | D78: 10 | F78: 112-222 | G78: 7660 | H78: 4860 | I78: 3080 | J78: 2820 | K78: 3020
A79: 73 | B79: 0.097222222 | C79: UGANDA | D79: 8 | F79: 1*2 | G79: 3500 | H79: 4020
A80: 74 | B80: 0.10486111 | C80: UGANDA | D80: 8 | F80: 1*2 | G80: 2760 | H80: 4640
A81: 75 | B81: 0.10902778 | C81: UGANDA | D81: 8 | F81: 1*2 | G81: 4100 | H81: 4480
A82: 76 | B82: 0.10972222 | C82: UGANDA | D82: 10 | F82: 1*22-222 | G82: 7520 | H82: 5100 | I82: 4440 | J82: 3460 | K82: 2980 | L82: 3400
A83: 77 | B83: 0.11111111 | C83: UGANDA | D83: 8 | F83: 1*2 | G83: 3840 | H83: 4320
A84: 78 | B84: 0.11527778 | C84: UGANDA | D84: 8 | F84: 1*2 | G84: 3760 | H84: 7200 | P84: Others
A85: 79 | B85: 0.11597222 | C85: UGANDA | D85: 8 | F85: 1*2 | G85: 2700 | H85: 3280
A86: 80 | B86: 0.13055556 | C86: UGANDA | D86: 8 | F86: 1*2 | G86: 2960 | H86: 4740 | P86: Others
H87: MITYANA - KAMPALA
A88: 1 | B88: 0.18055556 | C88: UGANDA | D88: 8 | F88: 1*2 | G88: 6920 | H88: 20360 | P88: Agric Produce
A89: 2 | B89: 0.18194444 | C89: UGANDA | D89: 8 | F89: 1*2 | G89: 4620 | H89: 9440 | P89: Shop items
A90: 3 | B90: 0.18402778 | C90: UGANDA | D90: 10 | F90: 1*12-222 | G90: 7740 | H90: 4520 | I90: 7920 | J90: 6580 | K90: 5820 | L90: 8220
A91: 4 | B91: 0.19097222 | C91: UGANDA | D91: 8 | F91: 1*2 | G91: 7020 | H91: 12180 | P91: Agric Produce
A92: 5 | B92: 0.19722222 | C92: UGANDA | D92: 8 | F92: 1*2 | G92: 7860 | H92: 10400 | P92: Agric Produce
A93: 6 | B93: 0.20416667 | C93: UGANDA | D93: 8 | F93: 1*2 | G93: 2400 | H93: 18540 | P93: Building mat./H. ware
A94: 7 | B94: 0.34305556 | C94: UGANDA | D94: 10 | F94: 1*22-222 | G94: 7920 | H94: 5080 | I94: 5380 | J94: 5700 | K94: 5960 | L94: 5460
A95: 8 | B95: 0.34375 | C95: UGANDA | D95: 5 | F95: 1*2 | G95: 9960 | H95: 12600 | P95: Others
A96: 9 | B96: 0.34444444 | C96: UGANDA | D96: 10 | F96: 1*22-222 | G96: 6760 | H96: 10380 | I96: 8050 | J96: 10300 | K96: 7060 | L96: 10200 | P96: Agric Produce
A97: 10 | B97: 0.34652778 | C97: UGANDA | D97: 8 | F97: 1*2 | G97: 7060 | H97: 12540 | P97: Agric Produce
A98: 11 | B98: 0.34722222 | C98: UGANDA | D98: 8 | F98: 1*2 | G98: 7480 | H98: 11400 | P98: Agric Produce
A99: 12 | B99: 0.34791667 | C99: UGANDA | D99: 8 | F99: 1*2 | G99: 6020 | H99: 12420 | P99: Agric Produce
A100: 13 | B100: 0.35069444 | C100: UGANDA | D100: 8 | F100: 1*2 | G100: 7340 | H100: 12040 | P100: Agric Produce
...

Sheet DAY3
A1: Consultancy services for Preparation of Expressway Development Master Plan (EDMP) for Uganda
A2: AXLE LOAD SURVEY FORM
A3: Date: | D3: Station Name: | E3: BUJUUKO
A4: 43706 | H4: KAMPALA-MITYANA
A5: S/No. | B5: Time | C5: Reg. Number | D5: Vehicle Type | E5: Number of Axles | F5: Axle Configuration | G5: Front | H5: KGS | N5: Total (Tonnes) | O5: Total (ESA's) | P5: COMMENTS
G6: Axle 1 | H6: Axle 2 | I6: Axle 3 | J6: Axle 4 | K6: Axle 5 | L6: Axle 6 | M6: Axle 7
A7: 1 | B7: 0.13472222 | C7: UGANDA | D7: 10 | F7: 1*12-111 | G7: 5660 | H7: 4220 | I7: 8580 | J7: 4440 | K7: 3760 | L7: 3200
A8: 2 | B8: 0.13958333 | C8: UGANDA | D8: 8 | F8: 1*2 | G8: 3460 | H8: 4620 | P8: Others
A9: 3 | B9: 0.14375 | C9: UGANDA | D9: 10 | F9: 1*22-222 | G9: 7760 | H9: 12080 | I9: 10740 | J9: 15240 | K9: 10900 | L9: 10520 | P9: Building mat./H. ware
A10: 4 | B10: 0.14444444 | C10: UGANDA | D10: 10 | F10: 1*22-222 | G10: 7700 | H10: 10720 | I10: 10480 | J10: 15240 | K10: 10720 | L10: 10680
A11: 5 | B11: 0.14583333 | C11: UGANDA | D11: 8 | F11: 1*2 | G11: 3000 | H11: 3520
A12: 6 | B12: 0.14652778 | C12: UGANDA | D12: 8 | F12: 1*2 | G12: 6180 | H12: 11760 | P12: Fuels(gas & Liquid)
A13: 7 | B13: 0.14791667 | C13: UGANDA | D13: 8 | F13: 1*2 | G13: 6280 | H13: 10440 | P13: Shop items
A14: 8 | B14: 0.14930556 | C14: UGANDA | D14: 9 | F14: 1*22 | G14: 3960 | H14: 3520 | I14: 3420
A15: 9 | B15: 0.15 | C15: UGANDA | D15: 8 | F15: 1*2 | G15: 6040 | H15: 12400 | P15: Shop items
A16: 10 | B16: 0.15208333 | C16: UGANDA | D16: 5 | F16: 1*2 | G16: 9060 | H16: 13080 | P16: Others
A17: 11 | B17: 0.15277778 | C17: UGANDA | D17: 9 | F17: 1*21 | G17: 8680 | H17: 11200 | I17: 6300 | P17: Fertilizer & Chemicals
A18: 12 | B18: 0.15347222 | C18: UGANDA | D18: 10 | F18: 11*222 | G18: 6060 | H18: 3020 | I18: 4540 | J18: 4440 | K18: 1220
A19: 13 | B19: 0.15555556 | C19: UGANDA | D19: 10 | F19: 1*22-222 | G19: 6920 | H19: 5600 | I19: 5020 | J19: 3660 | K19: 3040 | L19: 4820
A20: 14 | B20: 0.15902778 | C20: UGANDA | D20: 8 | F20: 1*2 | G20: 7680 | H20: 10480 | P20: Building mat./H. ware
A21: 15 | B21: 0.16388889 | C21: UGANDA | D21: 9 | F21: 1*22 | G21: 5960 | H21: 5940 | I21: 4140 | P21: Others
A22: 16 | B22: 0.16944444 | C22: UGANDA | D22: 8 | F22: 1*2 | G22: 6500 | H22: 10940 | P22: Others
A23: 17 | B23: 0.17083333 | C23: UGANDA | D23: 8 | F23: 1*2 | G23: 5500 | H23: 10720 | P23: Equipment
A24: 18 | B24: 0.17430556 | C24: UGANDA | D24: 10 | F24: 1*12-222 | G24: 8480 | H24: 10120 | I24: 14920 | J24: 9820 | K24: 10240 | L24: 11460 | P24: Building mat./H. ware
A25: 19 | B25: 0.19236111 | C25: UGANDA | D25: 9 | F25: 1*22 | G25: 6260 | H25: 10020 | I25: 9180 | P25: Processed foods and beverages
A26: 20 | B26: 0.19444444 | C26: UGANDA | D26: 8 | F26: 1*2 | G26: 7080 | H26: 10820 | P26: Agric Produce
A27: 21 | B27: 0.20347222 | C27: UGANDA | D27: 10 | F27: 1*12-111 | G27: 9240 | H27: 11420 | I27: 12640 | J27: 10820 | K27: 11220 | L27: 12840 | P27: Building mat./H. ware
A28: 22 | B28: 0.34305556 | C28: UGANDA | D28: 8 | F28: 1*2 | G28: 3620 | H28: 5520 | P28: Others
A29: 23 | B29: 0.34375 | C29: UGANDA | D29: 10 | F29: 1*22-222 | G29: 7220 | H29: 4880 | I29: 4180 | J29: 4780 | K29: 2900 | L29: 4780
A30: 24 | B30: 0.34444444 | C30: UGANDA | D30: 10 | F30: 1*222 | G30: 10520 | H30: 15500 | I30: 16200 | J30: 2120 | P30: Fuels(gas & Liquid)
A31: 25 | B31: 0.34652778 | C31: UGANDA | D31: 8 | F31: 1*2 | G31: 10600 | H31: 11480 | P31: Building mat./H. ware
A32: 26 | B32: 0.34722222 | C32: UGANDA | D32: 10 | F32: 1*2-222 | G32: 8080 | H32: 6660 | I32: 4960 | J32: 4860 | K32: 3760
A33: 27 | B33: 0.34791667 | C33: UGANDA | D33: 5 | F33: 1*2 | G33: 9540 | H33: 5500 | P33: Others
A34: 28 | B34: 0.35069444 | C34: UGANDA | D34: 8 | F34: 1*2 | G34: 9820 | H34: 6500 | I34: 6980 | P34: Fuels(gas & Liquid)
A35: 29 | B35: 0.35277778 | C35: UGANDA | D35: 8 | F35: 1*2 | G35: 1840 | H35: 1860
A36: 30 | B36: 0.35763889 | C36: UGANDA | D36: 10 | F36: 1*22-222 | G36: 6520 | H36: 16400 | I36: 11180 | J36: 19880 | K36: 13480 | L36: 12800 | P36: Building mat./H. ware
A37: 31 | B37: 0.35902778 | C37: UGANDA | D37: 9 | F37: 1*22 | G37: 8360 | H37: 10840 | I37: 10400 | P37: Shop items
A38: 32 | B38: 0.36458333 | C38: UGANDA | D38: 8 | F38: 1*2 | G38: 3400 | H38: 5220
A39: 33 | B39: 0.36597222 | C39: UGANDA | D39: 8 | F39: 1*2 | G39: 3360 | H39: 3460
A40: 34 | B40: 0.37430556 | C40: UGANDA | D40: 10 | F40: 11*22 | G40: 9380 | H40: 9760 | I40: 11480 | J40: 10560 | P40: Shop items
A41: 35 | B41: 0.37847222 | C41: UGANDA | D41: 9 | F41: 1*22 | G41: 10140 | H41: 13100 | I41: 10160 | P41: Fuels(gas & Liquid)
A42: 36 | B42: 0.37986111 | C42: UGANDA | D42: 8 | F42: 1*2 | G42: 2920 | H42: 2660
A43: 37 | B43: 0.38888889 | C43: UGANDA | D43: 10 | F43: 1*22-222 | G43: 9920 | H43: 13760 | I43: 12380 | J43: 12600 | K43: 12740 | L43: 11780 | P43: Agric Produce
A44: 38 | B44: 0.39513889 | C44: UGANDA | D44: 10 | F44: 1*22-222 | G44: 7340 | H44: 10400 | I44: 10560 | J44: 15480 | K44: 12260 | L44: 13180 | P44: Processed foods and beverages
A45: 39 | B45: 0.40694444 | C45: UGANDA | D45: 8 | F45: 1*2 | G45: 7280 | H45: 12040 | P45: Shop items
A46: 40 | B46: 0.41180556 | C46: UGANDA | D46: 9 | F46: 1*22 | G46: 7180 | H46: 10600 | I46: 4240 | P46: Shop items
A47: 41 | B47: 0.41736111 | C47: UGANDA | D47: 8 | F47: 1*2 | G47: 5640 | H47: 11800 | P47: Shop items
A48: 42 | B48: 0.42083333 | C48: UGANDA | D48: 10 | F48: 1*22-222 | G48: 6840 | H48: 10840 | I48: 7980 | J48: 15020 | K48: 10600 | L48: 10380 | P48: Fuels(gas & Liquid)
A49: 43 | B49: 0.42708333 | C49: UGANDA | D49: 9 | F49: 1*22 | G49: 5960 | H49: 10260 | I49: 10320 | P49: Fuels(gas & Liquid)
A50: 44 | B50: 0.4375 | C50: UGANDA | D50: 10 | F50: 1*22-222 | G50: 7540 | H50: 11640 | I50: 11100 | J50: 10920 | K50: 10460 | L50: 10280 | P50: Shop items
A51: 45 | B51: 0.44027778 | C51: UGANDA | D51: 5 | F51: 1*2 | G51: 10080 | H51: 5700 | P51: Others
A52: 46 | B52: 0.44166667 | C52: UGANDA | D52: 8 | F52: 1*2 | G52: 6960 | H52: 10960 | P52: Agric Produce
A53: 47 | B53: 0.44652778 | C53: UGANDA | D53: 9 | F53: 1*22 | G53: 9660 | H53: 10560 | I53: 10920 | P53: Processed foods and beverages
A54: 48 | B54: 0.44722222 | C54: UGANDA | D54: 10 | F54: 1*12-222 | G54: 7680 | H54: 9060 | I54: 10100 | J54: 10480 | K54: 10200 | L54: 10140 | P54: Building mat./H. ware
A55: 49 | B55: 0.44791667 | C55: UGANDA | D55: 8 | F55: 1*2 | G55: 9200 | H55: 12180 | P55: Fuels(gas & Liquid)
A56: 50 | B56: 0.45 | C56: UGANDA | D56: 8 | F56: 1*2 | G56: 5980 | H56: 14200 | P56: Fuels(gas & Liquid)
A57: 51 | B57: 0.45138889 | C57: UGANDA | D57: 8 | F57: 1*2 | G57: 8020 | H57: 7660 | P57: Building mat./H. ware
A58: 52 | B58: 0.45486111 | C58: UGANDA | D58: 10 | F58: 1*12-222 | G58: 8140 | H58: 10200 | I58: 10200 | J58: 11000 | K58: 10320 | L58: 10300 | P58: Processed foods and beverages
A59: 53 | B59: 0.45555556 | C59: UGANDA | D59: 8 | F59: 1*2 | G59: 4920 | H59: 5440
A60: 54 | B60: 0.45902778 | C60: UGANDA | D60: 10 | F60: 1*22-222 | G60: 7120 | H60: 10380 | I60: 10180 | J60: 10240 | K60: 8030 | L60: 8060 | P60: Building mat./H. ware
A61: 55 | B61: 0.46111111 | C61: UGANDA | D61: 10 | F61: 1*12-111 | G61: 8100 | H61: 9540 | I61: 10120 | J61: 8060 | K61: 9360 | P61: Building mat./H. ware
A62: 56 | B62: 0.46388889 | C62: UGANDA | D62: 5 | F62: 1*2 | G62: 10060 | H62: 8680 | P62: Others
A63: 57 | B63: 0.46527778 | C63: UGANDA | D63: 5 | F63: 1*2 | G63: 10660 | H63: 11180 | P63: Others
A64: 58 | B64: 0.46597222 | C64: UGANDA | D64: 8 | F64: 1*2 | G64: 6400 | H64: 10250 | P64: Fuels(gas & Liquid)
A65: 59 | B65: 0.46805556 | C65: UGANDA | D65: 8 | F65: 1*2 | G65: 3180 | H65: 3180
A66: 60 | B66: 0.47152778 | C66: UGANDA | D66: 8 | F66: 1*2 | G66: 2740 | H66: 8660 | P66: Building mat./H. ware
A67: 61 | B67: 0.47361111 | C67: UGANDA | D67: 8 | F67: 1*2 | G67: 5900 | H67: 12080 | P67: Others
A68: 62 | B68: 0.475 | C68: UGANDA | D68: 9 | F68: 1*22 | G68: 9980 | H68: 10240 | I68: 10900 | P68: Processed foods and beverages
A69: 63 | B69: 0.47638889 | C69: UGANDA | D69: 10 | F69: 1*2+2*22 | G69: 6340 | H69: 8020 | I69: 5020 | J69: 4320 | K69: 4620
A70: 64 | B70: 0.47847222 | C70: UGANDA | D70: 10 | F70: 1*22-111 | G70: 9980 | H70: 13060 | I70: 12520 | J70: 10740 | K70: 10700 | L70: 10560 | P70: Fuels(gas & Liquid)
A71: 65 | B71: 0.47847222 | C71: UGANDA | D71: 10 | F71: 11*222 | G71: 6420 | H71: 3980 | I71: 4760 | J71: 4380 | K71: 1380
A72: 66 | B72: 0.47986111 | C72: UGANDA | D72: 10 | F72: 1*22-22 | G72: 8500 | H72: 5560 | I72: 5240 | J72: 5420 | K72: 5000 | L72: 5140
A73: 67 | B73: 0.48194444 | C73: UGANDA | D73: 10 | F73: 1*21*222 | G73: 5660 | H73: 4920 | I73: 8020 | J73: 6080 | K73: 8040 | P73: Fuels(gas & Liquid)
A74: 68 | B74: 0.48402778 | C74: UGANDA | D74: 10 | F74: 1*12-222 | G74: 4860 | H74: 5820 | I74: 10380 | J74: 10220 | K74: 10860 | L74: 8980 | P74: Building mat./H. ware
A75: 69 | B75: 0.48472222 | C75: UGANDA | D75: 10 | F75: 11*22 | G75: 8660 | H75: 8940 | I75: 8000 | J75: 6500 | P75: Fuels(gas & Liquid)
A76: 70 | B76: 0.48541667 | C76: UGANDA | D76: 10 | F76: 1*22-222 | G76: 2880 | H76: 5060 | I76: 660 | J76: 3020 | K76: 3000 | L76: 3380
A77: 71 | B77: 0.48958333 | C77: UGANDA | D77: 5 | F77: 1*2 | G77: 10800 | H77: 7200 | P77: Others
A78: 72 | B78: 0.48958333 | C78: UGANDA | D78: 8 | F78: 1*2 | G78: 7860 | H78: 13480 | P78: Processed foods and beverages
A79: 73 | B79: 0.49027778 | C79: UGANDA | D79: 10 | F79: 1*22-222 | G79: 7080 | H79: 10800 | I79: 9600 | J79: 10500 | K79: 10740 | L79: 10160 | P79: Others
A80: 74 | B80: 0.49305556 | C80: UGANDA | D80: 5 | F80: 1*2 | G80: 8560 | H80: 10540 | P80: Others
A81: 75 | B81: 0.49444444 | C81: UGANDA | D81: 10 | F81: 11*22 | G81: 8060 | H81: 11080 | I81: 25300 | J81: 25600 | P81: Building mat./H. ware
A82: 76 | B82: 0.50138889 | C82: UGANDA | D82: 9 | F82: 1*22 | G82: 8980 | H82: 14000 | I82: 14260 | P82: Building mat./H. ware
A83: 77 | C83: UGANDA | D83: 8 | F83: 1*2 | G83: 5180 | H83: 14920 | P83: Agric Produce
A84: 78 | B84: 0.50347222 | C84: UGANDA | D84: 10 | F84: 11*22 | G84: 2660 | H84: 3020 | I84: 3400 | J84: 2580
A85: 79 | B85: 0.50416667 | C85: UGANDA | D85: 8 | F85: 1*2 | G85: 3620 | H85: 4000
A86: 80 | B86: 0.50486111 | C86: UGANDA | D86: 5 | F86: 1*2 | G86: 8070 | H86: 12140 | P86: Others
A87: 81 | B87: 0.50763889 | C87: UGANDA | D87: 5 | F87: 1*2 | G87: 9950 | H87: 10740 | P87: Others
A88: 82 | B88: 0.50833333 | C88: UGANDA | D88: 10 | F88: 1*12-111 | G88: 8040 | H88: 1280 | I88: 14180 | J88: 10800 | K88: 8060 | L88: 8560 | P88: Shop items
H89: MITYANA-KAMPALA
A90: 1 | B90: 0.49444444 | C90: UGANDA | D90: 8 | F90: 1*2 | G90: 4220 | H90: 10560 | P90: Agric Produce
A91: 2 | B91: 0.50138889 | C91: UGANDA | D91: 8 | F91: 1*2 | G91: 7860 | H91: 12380 | P91: Agric Produce
A92: 3 | C92: UGANDA | D92: 10 | F92: 1*12-222 | G92: 9300 | H92: 10680 | I92: 16460 | J92: 10420 | K92: 8080 | L92: 8820 | P92: Others
A93: 4 | B93: 0.50347222 | C93: UGANDA | D93: 8 | F93: 1*2 | G93: 7860 | H93: 12320 | P93: Agric Produce
A94: 5 | B94: 0.50416667 | C94: UGANDA | D94: 8 | F94: 1*2 | G94: 7060 | H94: 15660 | P94: Agric Produce
A95: 6 | B95: 0.50486111 | C95: UGANDA | D95: 8 | F95: 1*2 | G95: 4500 | H95: 10100 | P95: Others
A96: 7 | B96: 0.50763889 | C96: UGANDA | D96: 8 | F96: 1*2 | G96: 4220 | H96: 8060 | P96: Others
A97: 8 | B97: 0.50833333 | C97: UGANDA | D97: 10 | F97: 1*22-222 | G97: 5920 | H97: 7530 | I97: 7200 | J97: 8590 | K97: 7020 | L97: 7310 | P97: Agric Produce
A98: 9 | B98: 0.50972222 | C98: UGANDA | D98: 10 | F98: 11*222 | G98: 1920 | H98: 11740 | I98: 17360 | J98: 17960 | K98: 5860 | P98: Agric Produce
A99: 10 | B99: 0.51041667 | C99: UGANDA | D99: 9 | F99: 1*22 | G99: 7100 | H99: 7490 | I99: 4290 | P99: Agric Produce
A100: 11 | B100: 0.5125 | C100: UGANDA | D100: 9 | F100: 1*22 | G100: 780 | H100: 9840 | I100: 4740 | P100: #N/A
...

Sheet Kla-Mityana
A1: Consultancy services for Preparation of Expressway Development Master Plan (EDMP) for Uganda
A2: AXLE LOAD SURVEY FORM
A3: Date: | D3: Station Name: | F3: BUJUUKO
A4: 43704 | H4: KAMPALA-MITYANA
A5: S/No. | B5: Time | C5: Reg. Number | D5: Vehicle Type | E5: Number of Axles | F5: Axle Configuration | G5: Front | H5: KGS | N5: Total (Tonnes) | O5: Total (ESA's) | P5: Load limit (Tonnes) | W5: OVERLOADED? | X5: Overloaded by? | Y5: Overload Bands | Z5: COMMENTS | AB5: Front | AC5: KGS
G6: Axle 1 | H6: Axle 2 | I6: Axle 3 | J6: Axle 4 | K6: Axle 5 | L6: Axle 6 | M6: Axle 7 | P6: Axle 1 | Q6: Axle 2 | R6: Axle 3 | S6: Axle 4 | T6: Axle 5 | U6: Axle 6 | V6: Axle 7 | AB6: Axle 1 | AC6: Axle 2 | AD6: Axle 3 | AE6: Axle 4 | AF6: Axle 5 | AG6: Axle 6 | AH6: Axle 7
A7: 1 | B7: 0.34375 | C7: UGANDA | D7: =IF(COUNT(G7:M7)>3,10,IF(COUNT(G7:M7)>2,9,7)) -> 7 | F7: 1*2 | G7: =AB7/1000 -> 9.08 | H7: =AC7/1000 -> 11.16 | N7: =SUM(G7:M7) -> 20.24 | O7: =(N7/8.16)^4.5 -> 59.613082 | P7: 8 | Q7: 10 | R7: 9 | S7: 9 | T7: 9 | U7: 9 | V7: 9 | W7: =IF(G7>P7,"Y",IF(H7>Q7,"Y",IF(I7>R7,"Y",IF(J7>S7,"Y",IF(K7>T7,"Y",IF(L7>U7,"Y",IF(M7>V7,"Y","N"))))))) -> Y | X7: =IF(W7="Y",MAX((G7-P7),(H7-Q7),(I7-R7),(J7-S7),(K7-T7),(L7-U7),(M7-V7))/10,0) -> 0.116 | Y7: =IF(X7<5%,"0-4.9%",IF(X7<25%,"5-25%",IF(X7<50%,"25-50%","Over 50%"))) -> 5-25% | Z7: Others | AB7: 9080 | AC7: 11160
A8: 2 | B8: 0.34722222 | C8: UGANDA | D8: =IF(COUNT(G8:M8)>3,10,IF(COUNT(G8:M8)>2,9,7)) -> 7 | F8: 1*2 | G8: =AB8/1000 -> 1.96 | H8: =AC8/1000 -> 1.72 | N8: =SUM(G8:M8) -> 3.68 | O8: =(N8/8.16)^4.5 -> 0.027778543 | P8: 8 | Q8: 10 | R8: 9 | S8: 9 | T8: 9 | U8: 9 | V8: 9 | W8: =IF(G8>P8,"Y",IF(H8>Q8,"Y",IF(I8>R8,"Y",IF(J8>S8,"Y",IF(K8>T8,"Y",IF(L8>U8,"Y",IF(M8>V8,"Y","N"))))))) -> N | X8: =IF(W8="Y",MAX((G8-P8),(H8-Q8),(I8-R8),(J8-S8),(K8-T8),(L8-U8),(M8-V8))/10,0) -> 0 | Y8: =IF(X8<5%,"0-4.9%",IF(X8<25%,"5-25%",IF(X8<50%,"25-50%","Over 50%"))) -> 0-4.9% | Z8: Empty | AB8: 1960 | AC8: 1720
A9: 4 | B9: 0.35208333 | C9: UGANDA | D9: =IF(COUNT(G9:M9)>3,10,IF(COUNT(G9:M9)>2,9,7)) -> 7 | F9: 1*2 | G9: =AB9/1000 -> 2.02 | H9: =AC9/1000 -> 3.94 | N9: =SUM(G9:M9) -> 5.96 | O9: =(N9/8.16)^4.5 -> 0.24322178 | P9: 8 | Q9: 10 | R9: 9 | S9: 9 | T9: 9 | U9: 9 | V9: 9 | W9: =IF(G9>P9,"Y",IF(H9>Q9,"Y",IF(I9>R9,"Y",IF(J9>S9,"Y",IF(K9>T9,"Y",IF(L9>U9,"Y",IF(M9>V9,"Y","N"))))))) -> N | X9: =IF(W9="Y",MAX((G9-P9),(H9-Q9),(I9-R9),(J9-S9),(K9-T9),(L9-U9),(M9-V9))/10,0) -> 0 | Y9: =IF(X9<5%,"0-4.9%",IF(X9<25%,"5-25%",IF(X9<50%,"25-50%","Over 50%"))) -> 0-4.9% | Z9: Empty | AB9: 2020 | AC9: 3940
A10: 5 | B10: 0.35347222 | C10: UGANDA | D10: =IF(COUNT(G10:M10)>3,10,IF(COUNT(G10:M10)>2,9,7)) -> 7 | F10: 1*2 | G10: =AB10/1000 -> 3.98 | H10: =AC10/1000 -> 4.34 | N10: =SUM(G10:M10) -> 8.32 | O10: =(N10/8.16)^4.5 -> 1.0913128 | P10: 8 | Q10: 10 | R10: 9 | S10: 9 | T10: 9 | U10: 9 | V10: 9 | W10: =IF(G10>P10,"Y",IF(H10>Q10,"Y",IF(I10>R10,"Y",IF(J10>S10,"Y",IF(K10>T10,"Y",IF(L10>U10,"Y",IF(M10>V10,"Y","N"))))))) -> N | X10: =IF(W10="Y",MAX((G10-P10),(H10-Q10),(I10-R10),(J10-S10),(K10-T10),(L10-U10),(M10-V10))/10,0) -> 0 | Y10: =IF(X10<5%,"0-4.9%",IF(X10<25%,"5-25%",IF(X10<50%,"25-50%","Over 50%"))) -> 0-4.9% | Z10: Empty | AB10: 3980 | AC10: 4340
A11: 6 | B11: 0.35625 | C11: UGANDA | D11: =IF(COUNT(G11:M11)>3,10,IF(COUNT(G11:M11)>2,9,7)) -> 7 | F11: 1*2 | G11: =AB11/1000 -> 3.2 | H11: =AC11/1000 -> 6.7 | N11: =SUM(G11:M11) -> 9.9 | O11: =(N11/8.16)^4.5 -> 2.3864518 | P11: 8 | Q11: 10 | R11: 9 | S11: 9 | T11: 9 | U11: 9 | V11: 9 | W11: =IF(G11>P11,"Y",IF(H11>Q11,"Y",IF(I11>R11,"Y",IF(J11>S11,"Y",IF(K11>T11,"Y",IF(L11>U11,"Y",IF(M11>V11,"Y","N"))))))) -> N | X11: =IF(W11="Y",MAX((G11-P11),(H11-Q11),(I11-R11),(J11-S11),(K11-T11),(L11-U11),(M11-V11))/10,0) -> 0 | Y11: =IF(X11<5%,"0-4.9%",IF(X11<25%,"5-25%",IF(X11<50%,"25-50%","Over 50%"))) -> 0-4.9% | Z11: Empty | AB11: 3200 | AC11: 6700
A12: 8 | B12: 0.35902778 | C12: UGANDA | D12: =IF(COUNT(G12:M12)>3,10,IF(COUNT(G12:M12)>2,9,7)) -> 7 | F12: 1*2 | G12: =AB12/1000 -> 9.18 | H12: =AC12/1000 -> 16.52 | N12: =SUM(G12:M12) -> 25.7 | O12: =(N12/8.16)^4.5 -> 174.61974 | P12: 8 | Q12: 10 | R12: 9 | S12: 9 | T12: 9 | U12: 9 | V12: 9 | W12: =IF(G12>P12,"Y",IF(H12>Q12,"Y",IF(I12>R12,"Y",IF(J12>S12,"Y",IF(K12>T12,"Y",IF(L12>U12,"Y",IF(M12>V12,"Y","N"))))))) -> Y | X12: =IF(W12="Y",MAX((G12-P12),(H12-Q12),(I12-R12),(J12-S12),(K12-T12),(L12-U12),(M12-V12))/10,0) -> 0.652 | Y12: =IF(X12<5%,"0-4.9%",IF(X12<25%,"5-25%",IF(X12<50%,"25-50%","Over 50%"))) -> Over 50% | Z12: Chemical Products | AB12: 9180 | AC12: 16520
A13: 9 | B13: 0.35972222 | C13: UGANDA | D13: =IF(COUNT(G13:M13)>3,10,IF(COUNT(G13:M13)>2,9,7)) -> 7 | F13: 1*2 | G13: =AB13/1000 -> 3.16 | H13: =AC13/1000 -> 3.4 | N13: =SUM(G13:M13) -> 6.56 | O13: =(N13/8.16)^4.5 -> 0.3745084 | P13: 8 | Q13: 10 | R13: 9 | S13: 9 | T13: 9 | U13: 9 | V13: 9 | W13: =IF(G13>P13,"Y",IF(H13>Q13,"Y",IF(I13>R13,"Y",IF(J13>S13,"Y",IF(K13>T13,"Y",IF(L13>U13,"Y",IF(M13>V13,"Y","N"))))))) -> N | X13: =IF(W13="Y",MAX((G13-P13),(H13-Q13),(I13-R13),(J13-S13),(K13-T13),(L13-U13),(M13-V13))/10,0) -> 0 | Y13: =IF(X13<5%,"0-4.9%",IF(X13<25%,"5-25%",IF(X13<50%,"25-50%","Over 50%"))) -> 0-4.9% | Z13: Empty | AB13: 3160 | AC13: 3400
A14: 10 | B14: 0.36597222 | C14: UGANDA | D14: =IF(COUNT(G14:M14)>3,10,IF(COUNT(G14:M14)>2,9,7)) -> 7 | F14: 1*2 | G14: =AB14/1000 -> 3.36 | H14: =AC14/1000 -> 3.22 | N14: =SUM(G14:M14) -> 6.58 | O14: =(N14/8.16)^4.5 -> 0.37967396 | P14: 8 | Q14: 10 | R14: 9 | S14: 9 | T14: 9 | U14: 9 | V14: 9 | W14: =IF(G14>P14,"Y",IF(H14>Q14,"Y",IF(I14>R14,"Y",IF(J14>S14,"Y",IF(K14>T14,"Y",IF(L14>U14,"Y",IF(M14>V14,"Y","N"))))))) -> N | X14: =IF(W14="Y",MAX((G14-P14),(H14-Q14),(I14-R14),(J14-S14),(K14-T14),(L14-U14),(M14-V14))/10,0) -> 0 | Y14: =IF(X14<5%,"0-4.9%",IF(X14<25%,"5-25%",IF(X14<50%,"25-50%","Over 50%"))) -> 0-4.9% | Z14: Empty | AB14: 3360 | AC14: 3220
A15: 11 | B15: 0.40833333 | C15: UGANDA | D15: =IF(COUNT(G15:M15)>3,10,IF(COUNT(G15:M15)>2,9,7)) -> 7 | F15: 1*2 | G15: =AB15/1000 -> 2.62 | H15: =AC15/1000 -> 2.86 | N15: =SUM(G15:M15) -> 5.48 | O15: =(N15/8.16)^4.5 -> 0.16668895 | P15: 8 | Q15: 10 | R15: 9 | S15: 9 | T15: 9 | U15: 9 | V15: 9 | W15: =IF(G15>P15,"Y",IF(H15>Q15,"Y",IF(I15>R15,"Y",IF(J15>S15,"Y",IF(K15>T15,"Y",IF(L15>U15,"Y",IF(M15>V15,"Y","N"))))))) -> N | X15: =IF(W15="Y",MAX((G15-P15),(H15-Q15),(I15-R15),(J15-S15),(K15-T15),(L15-U15),(M15-V15))/10,0) -> 0 | Y15: =IF(X15<5%,"0-4.9%",IF(X15<25%,"5-25%",IF(X15<50%,"25-50%","Over 50%"))) -> 0-4.9% | Z15: Fuels | AB15: 2620 | AC15: 2860
A16: 12 | B16: 0.41111111 | C16: UGANDA | D16: =IF(COUNT(G16:M16)>3,10,IF(COUNT(G16:M16)>2,9,7)) -> 7 | F16: 1*2 | G16: =AB16/1000 -> 4.32 | H16: =AC16/1000 -> 4.96 | N16: =SUM(G16:M16) -> 9.28 | O16: =(N16/8.16)^4.5 -> 1.7838576 | P16: 8 | Q16: 10 | R16: 9 | S16: 9 | T16: 9 | U16: 9 | V16: 9 | W16: =IF(G16>P16,"Y",IF(H16>Q16,"Y",IF(I16>R16,"Y",IF(J16>S16,"Y",IF(K16>T16,"Y",IF(L16>U16,"Y",IF(M16>V16,"Y","N"))))))) -> N | X16: =IF(W16="Y",MAX((G16-P16),(H16-Q16),(I16-R16),(J16-S16),(K16-T16),(L16-U16),(M16-V16))/10,0) -> 0 | Y16: =IF(X16<5%,"0-4.9%",IF(X16<25%,"5-25%",IF(X16<50%,"25-50%","Over 50%"))) -> 0-4.9% | Z16: Others | AB16: 4320 | AC16: 4960
A17: 13 | B17: 0.41319444 | C17: UGANDA | D17: =IF(COUNT(G17:M17)>3,10,IF(COUNT(G17:M17)>2,9,7)) -> 7 | F17: 1*2 | G17: =AB17/1000 -> 3.1 | H17: =AC17/1000 -> 3.56 | N17: =SUM(G17:M17) -> 6.66 | O17: =(N17/8.16)^4.5 -> 0.40089286 | P17: 8 | Q17: 10 | R17: 9 | S17: 9 | T17: 9 | U17: 9 | V17: 9 | W17: =IF(G17>P17,"Y",IF(H17>Q17,"Y",IF(I17>R17,"Y",IF(J17>S17,"Y",IF(K17>T17,"Y",IF(L17>U17,"Y",IF(M17>V17,"Y","N"))))))) -> N | X17: =IF(W17="Y",MAX((G17-P17),(H17-Q17),(I17-R17),(J17-S17),(K17-T17),(L17-U17),(M17-V17))/10,0) -> 0 | Y17: =IF(X17<5%,"0-4.9%",IF(X17<25%,"5-25%",IF(X17<50%,"25-50%","Over 50%"))) -> 0-4.9% | Z17: Household retail products | AB17: 3100 | AC17: 3560
A18: 15 | B18: 0.41666667 | C18: UGANDA | D18: =IF(COUNT(G18:M18)>3,10,IF(COUNT(G18:M18)>2,9,7)) -> 7 | F18: 1*2 | G18: =AB18/1000 -> 12.14 | H18: =AC18/1000 -> 20.26 | N18: =SUM(G18:M18) -> 32.4 | O18: =(N18/8.16)^4.5 -> 495.27548 | P18: 8 | Q18: 10 | R18: 9 | S18: 9 | T18: 9 | U18: 9 | V18: 9 | W18: =IF(G18>P18,"Y",IF(H18>Q18,"Y",IF(I18>R18,"Y",IF(J18>S18,"Y",IF(K18>T18,"Y",IF(L18>U18,"Y",IF(M18>V18,"Y","N"))))))) -> Y | X18: =IF(W18="Y",MAX((G18-P18),(H18-Q18),(I18-R18),(J18-S18),(K18-T18),(L18-U18),(M18-V18))/10,0) -> 1.026 | Y18: =IF(X18<5%,"0-4.9%",IF(X18<25%,"5-25%",IF(X18<50%,"25-50%","Over 50%"))) -> Over 50% | Z18: Others | AB18: 12140 | AC18: 20260
... A110: 41 | B110: 0.41736111 | C110: UGANDA | D110: =IF(COUNT(G110:M110)>3,10,IF(COUNT(G110:M110)>2,9,7)) -> 7 | F110: 1*2 | G110: =AB110/1000 -> 5.64 | H110: =AC110/1000 -> 11.8 | N110: =SUM(G110:M110) -> 17.44 | O110: =(N110/8.16)^4.5 -> 30.503765 | P110: 8 | Q110: 10 | R110: 9 | S110: 9 | T110: 9 | U110: 9 | V110: 9 | W110: =IF(G110>P110,"Y",IF(H110>Q110,"Y",IF(I110>R110,"Y",IF(J110>S110,"Y",IF(K110>T110,"Y",IF(L110>U110,"Y",IF(M110>V110,"Y","N"))))))) -> Y | X110: =IF(W110="Y",MAX((G110-P110),(H110-Q110),(I110-R110),(J110-S110),(K110-T110),(L110-U110),(M110-V110))/10,0) -> 0.18 | Y110: =IF(X110<5%,"0-4.9%",IF(X110<25%,"5-25%",IF(X110<50%,"25-50%","Over 50%"))) -> 5-25% | Z110: Household retail products | AB110: 5640 | AC110: 11800
A111: 45 | B111: 0.44027778 | C111: UGANDA | D111: =IF(COUNT(G111:M111)>3,10,IF(COUNT(G111:M111)>2,9,7)) -> 9 | F111: 1*22 | G111: =AB111/1000 -> 10.08 | H111: =AC111/1000 -> 5.7 | I111: =AD111/1000 -> 8.56 | N111: =SUM(G111:M111) -> 24.34 | O111: =(N111/8.16)^4.5 -> 136.72152 | P111: 8 | Q111: 10 | R111: 9 | S111: 9 | T111: 9 | U111: 9 | V111: 9 | W111: =IF(G111>P111,"Y",IF(H111>Q111,"Y",IF(I111>R111,"Y",IF(J111>S111,"Y",IF(K111>T111,"Y",IF(L111>U111,"Y",IF(M111>V111,"Y","N"))))))) -> Y | X111: =IF(W111="Y",MAX((G111-P111),(H111-Q111),(I111-R111),(J111-S111),(K111-T111),(L111-U111),(M111-V111))/10,0) -> 0.208 | Y111: =IF(X111<5%,"0-4.9%",IF(X111<25%,"5-25%",IF(X111<50%,"25-50%","Over 50%"))) -> 5-25% | Z111: Others | AB111: 10080 | AC111: 5700 | AD111: 8560
A112: 46 | B112: 0.44166667 | C112: UGANDA | D112: =IF(COUNT(G112:M112)>3,10,IF(COUNT(G112:M112)>2,9,7)) -> 9 | F112: 1*22 | G112: =AB112/1000 -> 6.96 | H112: =AC112/1000 -> 10.96 | I112: =AD112/1000 -> 6.08 | N112: =SUM(G112:M112) -> 24 | O112: =(N112/8.16)^4.5 -> 128.33493 | P112: 8 | Q112: 10 | R112: 9 | S112: 9 | T112: 9 | U112: 9 | V112: 9 | W112: =IF(G112>P112,"Y",IF(H112>Q112,"Y",IF(I112>R112,"Y",IF(J112>S112,"Y",IF(K112>T112,"Y",IF(L112>U112,"Y",IF(M112>V112,"Y","N"))))))) -> Y | X112: =IF(W112="Y",MAX((G112-P112),(H112-Q112),(I112-R112),(J112-S112),(K112-T112),(L112-U112),(M112-V112))/10,0) -> 0.096 | Y112: =IF(X112<5%,"0-4.9%",IF(X112<25%,"5-25%",IF(X112<50%,"25-50%","Over 50%"))) -> 5-25% | Z112: Agricultural produce | AB112: 6960 | AC112: 10960 | AD112: 6080
A113: 49 | B113: 0.44791667 | C113: UGANDA | D113: =IF(COUNT(G113:M113)>3,10,IF(COUNT(G113:M113)>2,9,7)) -> 9 | F113: 1*22 | G113: =AB113/1000 -> 9.2 | H113: =AC113/1000 -> 12.18 | I113: =AD113/1000 -> 0.76 | N113: =SUM(G113:M113) -> 22.14 | O113: =(N113/8.16)^4.5 -> 89.267539 | P113: 8 | Q113: 10 | R113: 9 | S113: 9 | T113: 9 | U113: 9 | V113: 9 | W113: =IF(G113>P113,"Y",IF(H113>Q113,"Y",IF(I113>R113,"Y",IF(J113>S113,"Y",IF(K113>T113,"Y",IF(L113>U113,"Y",IF(M113>V113,"Y","N"))))))) -> Y | X113: =IF(W113="Y",MAX((G113-P113),(H113-Q113),(I113-R113),(J113-S113),(K113-T113),(L113-U113),(M113-V113))/10,0) -> 0.218 | Y113: =IF(X113<5%,"0-4.9%",IF(X113<25%,"5-25%",IF(X113<50%,"25-50%","Over 50%"))) -> 5-25% | Z113: Fuels | AB113: 9200 | AC113: 12180 | AD113: 760
A114: 50 | B114: 0.45 | C114: UGANDA | D114: =IF(COUNT(G114:M114)>3,10,IF(COUNT(G114:M114)>2,9,7)) -> 9 | F114: 1*22 | G114: =AB114/1000 -> 5.98 | H114: =AC114/1000 -> 14.2 | I114: =AD114/1000 -> 5.5 | N114: =SUM(G114:M114) -> 25.68 | O114: =(N114/8.16)^4.5 -> 174.00906 | P114: 8 | Q114: 10 | R114: 9 | S114: 9 | T114: 9 | U114: 9 | V114: 9 | W114: =IF(G114>P114,"Y",IF(H114>Q114,"Y",IF(I114>R114,"Y",IF(J114>S114,"Y",IF(K114>T114,"Y",IF(L114>U114,"Y",IF(M114>V114,"Y","N"))))))) -> Y | X114: =IF(W114="Y",MAX((G114-P114),(H114-Q114),(I114-R114),(J114-S114),(K114-T114),(L114-U114),(M114-V114))/10,0) -> 0.42 | Y114: =IF(X114<5%,"0-4.9%",IF(X114<25%,"5-25%",IF(X114<50%,"25-50%","Over 50%"))) -> 25-50% | Z114: Fuels | AB114: 5980 | AC114: 14200 | AD114: 5500
A115: 51 | B115: 0.45138889 | C115: UGANDA | D115: =IF(COUNT(G115:M115)>3,10,IF(COUNT(G115:M115)>2,9,7)) -> 9 | F115: 1*22 | G115: =AB115/1000 -> 8.02 | H115: =AC115/1000 -> 7.66 | I115: =AD115/1000 -> 10.62 | N115: =SUM(G115:M115) -> 26.3 | O115: =(N115/8.16)^4.5 -> 193.72923 | P115: 8 | Q115: 10 | R115: 9 | S115: 9 | T115: 9 | U115: 9 | V115: 9 | W115: =IF(G115>P115,"Y",IF(H115>Q115,"Y",IF(I115>R115,"Y",IF(J115>S115,"Y",IF(K115>T115,"Y",IF(L115>U115,"Y",IF(M115>V115,"Y","N"))))))) -> Y | X115: =IF(W115="Y",MAX((G115-P115),(H115-Q115),(I115-R115),(J115-S115),(K115-T115),(L115-U115),(M115-V115))/10,0) -> 0.162 | Y115: =IF(X115<5%,"0-4.9%",IF(X115<25%,"5-25%",IF(X115<50%,"25-50%","Over 50%"))) -> 5-25% | Z115: Construction Material | AB115: 8020 | AC115: 7660 | AD115: 10620
A116: 53 | B116: 0.45555556 | C116: UGANDA | D116: =IF(COUNT(G116:M116)>3,10,IF(COUNT(G116:M116)>2,9,7)) -> 9 | F116: 1*22 | G116: =AB116/1000 -> 4.92 | H116: =AC116/1000 -> 5.44 | I116: =AD116/1000 -> 4.6 | N116: =SUM(G116:M116) -> 14.96 | O116: =(N116/8.16)^4.5 -> 15.296302 | P116: 8 | Q116: 10 | R116: 9 | S116: 9 | T116: 9 | U116: 9 | V116: 9 | W116: =IF(G116>P116,"Y",IF(H116>Q116,"Y",IF(I116>R116,"Y",IF(J116>S116,"Y",IF(K116>T116,"Y",IF(L116>U116,"Y",IF(M116>V116,"Y","N"))))))) -> N | X116: =IF(W116="Y",MAX((G116-P116),(H116-Q116),(I116-R116),(J116-S116),(K116-T116),(L116-U116),(M116-V116))/10,0) -> 0 | Y116: =IF(X116<5%,"0-4.9%",IF(X116<25%,"5-25%",IF(X116<50%,"25-50%","Over 50%"))) -> 0-4.9% | Z116: Empty | AB116: 4920 | AC116: 5440 | AD116: 4600
A117: 56 | B117: 0.46388889 | C117: UGANDA | D117: =IF(COUNT(G117:M117)>3,10,IF(COUNT(G117:M117)>2,9,7)) -> 9 | F117: 1*22 | G117: =AB117/1000 -> 10.06 | H117: =AC117/1000 -> 8.68 | I117: =AD117/1000 -> 4.6 | N117: =SUM(G117:M117) -> 23.34 | O117: =(N117/8.16)^4.5 -> 113.20044 | P117: 8 | Q117: 10 | R117: 9 | S117: 9 | T117: 9 | U117: 9 | V117: 9 | W117: =IF(G117>P117,"Y",IF(H117>Q117,"Y",IF(I117>R117,"Y",IF(J117>S117,"Y",IF(K117>T117,"Y",IF(L117>U117,"Y",IF(M117>V117,"Y","N"))))))) -> Y | X117: =IF(W117="Y",MAX((G117-P117),(H117-Q117),(I117-R117),(J117-S117),(K117-T117),(L117-U117),(M117-V117))/10,0) -> 0.206 | Y117: =IF(X117<5%,"0-4.9%",IF(X117<25%,"5-25%",IF(X117<50%,"25-50%","Over 50%"))) -> 5-25% | Z117: Others | AB117: 10060 | AC117: 8680 | AD117: 4600
A118: 57 | B118: 0.46527778 | C118: UGANDA | D118: =IF(COUNT(G118:M118)>3,10,IF(COUNT(G118:M118)>2,9,7)) -> 9 | F118: 1*22 | G118: =AB118/1000 -> 10.66 | H118: =AC118/1000 -> 11.18 | I118: =AD118/1000 -> 4.68 | N118: =SUM(G118:M118) -> 26.52 | O118: =(N118/8.16)^4.5 -> 201.1292 | P118: 8 | Q118: 10 | R118: 9 | S118: 9 | T118: 9 | U118: 9 | V118: 9 | W118: =IF(G118>P118,"Y",IF(H118>Q118,"Y",IF(I118>R118,"Y",IF(J118>S118,"Y",IF(K118>T118,"Y",IF(L118>U118,"Y",IF(M118>V118,"Y","N"))))))) -> Y | X118: =IF(W118="Y",MAX((G118-P118),(H118-Q118),(I118-R118),(J118-S118),(K118-T118),(L118-U118),(M118-V118))/10,0) -> 0.266 | Y118: =IF(X118<5%,"0-4.9%",IF(X118<25%,"5-25%",IF(X118<50%,"25-50%","Over 50%"))) -> 25-50% | Z118: Others | AB118: 10660 | AC118: 11180 | AD118: 4680
A119: 58 | B119: 0.46597222 | C119: UGANDA | D119: =IF(COUNT(G119:M119)>3,10,IF(COUNT(G119:M119)>2,9,7)) -> 9 | F119: 1*22 | G119: =AB119/1000 -> 6.4 | H119: =AC119/1000 -> 10.25 | I119: =AD119/1000 -> 4.52 | N119: =SUM(G119:M119) -> 21.17 | O119: =(N119/8.16)^4.5 -> 72.968958 | P119: 8 | Q119: 10 | R119: 9 | S119: 9 | T119: 9 | U119: 9 | V119: 9 | W119: =IF(G119>P119,"Y",IF(H119>Q119,"Y",IF(I119>R119,"Y",IF(J119>S119,"Y",IF(K119>T119,"Y",IF(L119>U119,"Y",IF(M119>V119,"Y","N"))))))) -> Y | X119: =IF(W119="Y",MAX((G119-P119),(H119-Q119),(I119-R119),(J119-S119),(K119-T119),(L119-U119),(M119-V119))/10,0) -> 0.025 | Y119: =IF(X119<5%,"0-4.9%",IF(X119<25%,"5-25%",IF(X119<50%,"25-50%","Over 50%"))) -> 0-4.9% | Z119: Fuels | AB119: 6400 | AC119: 10250 | AD119: 4520
A120: 59 | B120: 0.46805556 | C120: UGANDA | D120: =IF(COUNT(G120:M120)>3,10,IF(COUNT(G120:M120)>2,9,7)) -> 9 | F120: 1*22 | G120: =AB120/1000 -> 3.18 | H120: =AC120/1000 -> 3.18 | I120: =AD120/1000 -> 3.96 | N120: =SUM(G120:M120) -> 10.32 | O120: =(N120/8.16)^4.5 -> 2.8770865 | P120: 8 | Q120: 10 | R120: 9 | S120: 9 | T120: 9 | U120: 9 | V120: 9 | W120: =IF(G120>P120,"Y",IF(H120>Q120,"Y",IF(I120>R120,"Y",IF(J120>S120,"Y",IF(K120>T120,"Y",IF(L120>U120,"Y",IF(M120>V120,"Y","N"))))))) -> N | X120: =IF(W120="Y",MAX((G120-P120),(H120-Q120),(I120-R120),(J120-S120),(K120-T120),(L120-U120),(M120-V120))/10,0) -> 0 | Y120: =IF(X120<5%,"0-4.9%",IF(X120<25%,"5-25%",IF(X120<50%,"25-50%","Over 50%"))) -> 0-4.9% | Z120: Empty | AB120: 3180 | AC120: 3180 | AD120: 3960
A121: 60 | B121: 0.47152778 | C121: UGANDA | D121: =IF(COUNT(G121:M121)>3,10,IF(COUNT(G121:M121)>2,9,7)) -> 9 | F121: 1*22 | G121: =AB121/1000 -> 2.74 | H121: =AC121/1000 -> 8.66 | I121: =AD121/1000 -> 5.86 | N121: =SUM(G121:M121) -> 17.26 | O121: =(N121/8.16)^4.5 -> 29.112389 | P121: 8 | Q121: 10 | R121: 9 | S121: 9 | T121: 9 | U121: 9 | V121: 9 | W121: =IF(G121>P121,"Y",IF(H121>Q121,"Y",IF(I121>R121,"Y",IF(J121>S121,"Y",IF(K121>T121,"Y",IF(L121>U121,"Y",IF(M121>V121,"Y","N"))))))) -> N | X121: =IF(W121="Y",MAX((G121-P121),(H121-Q121),(I121-R121),(J121-S121),(K121-T121),(L121-U121),(M121-V121))/10,0) -> 0 | Y121: =IF(X121<5%,"0-4.9%",IF(X121<25%,"5-25%",IF(X121<50%,"25-50%","Over 50%"))) -> 0-4.9% | Z121: Construction Material | AB121: 2740 | AC121: 8660 | AD121: 5860
A122: 61 | B122: 0.47361111 | C122: UGANDA | D122: =IF(COUNT(G122:M122)>3,10,IF(COUNT(G122:M122)>2,9,7)) -> 9 | F122: 1*22 | G122: =AB122/1000 -> 5.9 | H122: =AC122/1000 -> 12.08 | I122: =AD122/1000 -> 4.18 | N122: =SUM(G122:M122) -> 22.16 | O122: =(N122/8.16)^4.5 -> 89.630989 | P122: 8 | Q122: 10 | R122: 9 | S122: 9 | T122: 9 | U122: 9 | V122: 9 | W122: =IF(G122>P122,"Y",IF(H122>Q122,"Y",IF(I122>R122,"Y",IF(J122>S122,"Y",IF(K122>T122,"Y",IF(L122>U122,"Y",IF(M122>V122,"Y","N"))))))) -> Y | X122: =IF(W122="Y",MAX((G122-P122),(H122-Q122),(I122-R122),(J122-S122),(K122-T122),(L122-U122),(M122-V122))/10,0) -> 0.208 | Y122: =IF(X122<5%,"0-4.9%",IF(X122<25%,"5-25%",IF(X122<50%,"25-50%","Over 50%"))) -> 5-25% | Z122: Others | AB122: 5900 | AC122: 12080 | AD122: 4180
... A125: 74 | B125: 0.49305556 | C125: UGANDA | D125: =IF(COUNT(G125:M125)>3,10,IF(COUNT(G125:M125)>2,9,7)) -> 9 | F125: 1*22 | G125: =AB125/1000 -> 8.56 | H125: =AC125/1000 -> 10.54 | I125: =AD125/1000 -> 6.4 | N125: =SUM(G125:M125) -> 25.5 | O125: =(N125/8.16)^4.5 -> 168.58739 | P125: 8 | Q125: 10 | R125: 9 | S125: 9 | T125: 9 | U125: 9 | V125: 9 | W125: =IF(G125>P125,"Y",IF(H125>Q125,"Y",IF(I125>R125,"Y",IF(J125>S125,"Y",IF(K125>T125,"Y",IF(L125>U125,"Y",IF(M125>V125,"Y","N"))))))) -> Y | X125: =IF(W125="Y",MAX((G125-P125),(H125-Q125),(I125-R125),(J125-S125),(K125-T125),(L125-U125),(M125-V125))/10,0) -> 0.056 | Y125: =IF(X125<5%,"0-4.9%",IF(X125<25%,"5-25%",IF(X125<50%,"25-50%","Over 50%"))) -> 5-25% | Z125: Others | AB125: 8560 | AC125: 10540 | AD125: 6400
A126: 77 | C126: UGANDA | D126: =IF(COUNT(G126:M126)>3,10,IF(COUNT(G126:M126)>2,9,7)) -> 9 | F126: 1*22 | G126: =AB126/1000 -> 5.18 | H126: =AC126/1000 -> 14.92 | I126: =AD126/1000 -> 7.28 | N126: =SUM(G126:M126) -> 27.38 | O126: =(N126/8.16)^4.5 -> 232.19068 | P126: 8 | Q126: 10 | R126: 9 | S126: 9 | T126: 9 | U126: 9 | V126: 9 | W126: =IF(G126>P126,"Y",IF(H126>Q126,"Y",IF(I126>R126,"Y",IF(J126>S126,"Y",IF(K126>T126,"Y",IF(L126>U126,"Y",IF(M126>V126,"Y","N"))))))) -> Y | X126: =IF(W126="Y",MAX((G126-P126),(H126-Q126),(I126-R126),(J126-S126),(K126-T126),(L126-U126),(M126-V126))/10,0) -> 0.492 | Y126: =IF(X126<5%,"0-4.9%",IF(X126<25%,"5-25%",IF(X126<50%,"25-50%","Over 50%"))) -> 25-50% | Z126: Agricultural produce | AB126: 5180 | AC126: 14920 | AD126: 7280
A127: 79 | B127: 0.50416667 | C127: UGANDA | D127: =IF(COUNT(G127:M127)>3,10,IF(COUNT(G127:M127)>2,9,7)) -> 9 | F127: 1*22 | G127: =AB127/1000 -> 3.62 | H127: =AC127/1000 -> 4 | I127: =AD127/1000 -> 4 | N127: =SUM(G127:M127) -> 11.62 | O127: =(N127/8.16)^4.5 -> 4.9070656 | P127: 8 | Q127: 10 | R127: 9 | S127: 9 | T127: 9 | U127: 9 | V127: 9 | W127: =IF(G127>P127,"Y",IF(H127>Q127,"Y",IF(I127>R127,"Y",IF(J127>S127,"Y",IF(K127>T127,"Y",IF(L127>U127,"Y",IF(M127>V127,"Y","N"))))))) -> N | X127: =IF(W127="Y",MAX((G127-P127),(H127-Q127),(I127-R127),(J127-S127),(K127-T127),(L127-U127),(M127-V127))/10,0) -> 0 | Y127: =IF(X127<5%,"0-4.9%",IF(X127<25%,"5-25%",IF(X127<50%,"25-50%","Over 50%"))) -> 0-4.9% | Z127: Empty | AB127: 3620 | AC127: 4000 | AD127: 4000
A128: 80 | B128: 0.50486111 | C128: UGANDA | D128: =IF(COUNT(G128:M128)>3,10,IF(COUNT(G128:M128)>2,9,7)) -> 9 | F128: 1*22 | G128: =AB128/1000 -> 8.07 | H128: =AC128/1000 -> 12.14 | I128: =AD128/1000 -> 4.64 | N128: =SUM(G128:M128) -> 24.85 | O128: =(N128/8.16)^4.5 -> 150.0939 | P128: 8 | Q128: 10 | R128: 9 | S128: 9 | T128: 9 | U128: 9 | V128: 9 | W128: =IF(G128>P128,"Y",IF(H128>Q128,"Y",IF(I128>R128,"Y",IF(J128>S128,"Y",IF(K128>T128,"Y",IF(L128>U128,"Y",IF(M128>V128,"Y","N"))))))) -> Y | X128: =IF(W128="Y",MAX((G128-P128),(H128-Q128),(I128-R128),(J128-S128),(K128-T128),(L128-U128),(M128-V128))/10,0) -> 0.214 | Y128: =IF(X128<5%,"0-4.9%",IF(X128<25%,"5-25%",IF(X128<50%,"25-50%","Over 50%"))) -> 5-25% | Z128: Others | AB128: 8070 | AC128: 12140 | AD128: 4640
A129: 81 | B129: 0.50763889 | C129: UGANDA | D129: =IF(COUNT(G129:M129)>3,10,IF(COUNT(G129:M129)>2,9,7)) -> 9 | F129: 1*22 | G129: =AB129/1000 -> 9.95 | H129: =AC129/1000 -> 10.74 | I129: =AD129/1000 -> 3.06 | N129: =SUM(G129:M129) -> 23.75 | O129: =(N129/8.16)^4.5 -> 122.42794 | P129: 8 | Q129: 10 | R129: 9 | S129: 9 | T129: 9 | U129: 9 | V129: 9 | W129: =IF(G129>P129,"Y",IF(H129>Q129,"Y",IF(I129>R129,"Y",IF(J129>S129,"Y",IF(K129>T129,"Y",IF(L129>U129,"Y",IF(M129>V129,"Y","N"))))))) -> Y | X129: =IF(W129="Y",MAX((G129-P129),(H129-Q129),(I129-R129),(J129-S129),(K129-T129),(L129-U129),(M129-V129))/10,0) -> 0.195 | Y129: =IF(X129<5%,"0-4.9%",IF(X129<25%,"5-25%",IF(X129<50%,"25-50%","Over 50%"))) -> 5-25% | Z129: Others | AB129: 9950 | AC129: 10740 | AD129: 3060
A130: 26 | B130: 0.46527778 | C130: UGANDA | D130: =IF(COUNT(G130:M130)>3,10,IF(COUNT(G130:M130)>2,9,7)) -> 9 | F130: 1*22 | G130: =AB130/1000 -> 8.64 | H130: =AC130/1000 -> 14.8 | I130: =AD130/1000 -> 7.4 | N130: =SUM(G130:M130) -> 30.84 | O130: =(N130/8.16)^4.5 -> 396.65136 | P130: 8 | Q130: 10 | R130: 9 | S130: 9 | T130: 9 | U130: 9 | V130: 9 | W130: =IF(G130>P130,"Y",IF(H130>Q130,"Y",IF(I130>R130,"Y",IF(J130>S130,"Y",IF(K130>T130,"Y",IF(L130>U130,"Y",IF(M130>V130,"Y","N"))))))) -> Y | X130: =IF(W130="Y",MAX((G130-P130),(H130-Q130),(I130-R130),(J130-S130),(K130-T130),(L130-U130),(M130-V130))/10,0) -> 0.48 | Y130: =IF(X130<5%,"0-4.9%",IF(X130<25%,"5-25%",IF(X130<50%,"25-50%","Over 50%"))) -> 25-50% | Z130: Household retail products | AB130: 8640 | AC130: 14800 | AD130: 7400
A131: 30 | B131: 0.46805556 | C131: UGANDA | D131: =IF(COUNT(G131:M131)>3,10,IF(COUNT(G131:M131)>2,9,7)) -> 9 | F131: 1*22 | G131: =AB131/1000 -> 7.56 | H131: =AC131/1000 -> 7.08 | I131: =AD131/1000 -> 4.02 | N131: =SUM(G131:M131) -> 18.66 | O131: =(N131/8.16)^4.5 -> 41.352014 | P131: 8 | Q131: 10 | R131: 9 | S131: 9 | T131: 9 | U131: 9 | V131: 9 | W131: =IF(G131>P131,"Y",IF(H131>Q131,"Y",IF(I131>R131,"Y",IF(J131>S131,"Y",IF(K131>T131,"Y",IF(L131>U131,"Y",IF(M131>V131,"Y","N"))))))) -> N | X131: =IF(W131="Y",MAX((G131-P131),(H131-Q131),(I131-R131),(J131-S131),(K131-T131),(L131-U131),(M131-V131))/10,0) -> 0 | Y131: =IF(X131<5%,"0-4.9%",IF(X131<25%,"5-25%",IF(X131<50%,"25-50%","Over 50%"))) -> 0-4.9% | Z131: Others | AB131: 7560 | AC131: 7080 | AD131: 4020
A132: 34 | B132: 0.48402778 | C132: UGANDA | D132: =IF(COUNT(G132:M132)>3,10,IF(COUNT(G132:M132)>2,9,7)) -> 9 | F132: 1*22 | G132: =AB132/1000 -> 3.14 | H132: =AC132/1000 -> 4.9 | I132: =AD132/1000 -> 6.16 | N132: =SUM(G132:M132) -> 14.2 | O132: =(N132/8.16)^4.5 -> 12.097394 | P132: 8 | Q132: 10 | R132: 9 | S132: 9 | T132: 9 | U132: 9 | V132: 9 | W132: =IF(G132>P132,"Y",IF(H132>Q132,"Y",IF(I132>R132,"Y",IF(J132>S132,"Y",IF(K132>T132,"Y",IF(L132>U132,"Y",IF(M132>V132,"Y","N"))))))) -> N | X132: =IF(W132="Y",MAX((G132-P132),(H132-Q132),(I132-R132),(J132-S132),(K132-T132),(L132-U132),(M132-V132))/10,0) -> 0 | Y132: =IF(X132<5%,"0-4.9%",IF(X132<25%,"5-25%",IF(X132<50%,"25-50%","Over 50%"))) -> 0-4.9% | Z132: Empty | AB132: 3140 | AC132: 4900 | AD132: 6160
A133: 46 | B133: 0.52847222 | C133: UGANDA | D133: =IF(COUNT(G133:M133)>3,10,IF(COUNT(G133:M133)>2,9,7)) -> 9 | F133: 1*22 | G133: =AB133/1000 -> 9.96 | H133: =AC133/1000 -> 15.08 | I133: =AD133/1000 -> 6.88 | N133: =SUM(G133:M133) -> 31.92 | O133: =(N133/8.16)^4.5 -> 463.10264 | P133: 8 | Q133: 10 | R133: 9 | S133: 9 | T133: 9 | U133: 9 | V133: 9 | W133: =IF(G133>P133,"Y",IF(H133>Q133,"Y",IF(I133>R133,"Y",IF(J133>S133,"Y",IF(K133>T133,"Y",IF(L133>U133,"Y",IF(M133>V133,"Y","N"))))))) -> Y | X133: =IF(W133="Y",MAX((G133-P133),(H133-Q133),(I133-R133),(J133-S133),(K133-T133),(L133-U133),(M133-V133))/10,0) -> 0.508 | Y133: =IF(X133<5%,"0-4.9%",IF(X133<25%,"5-25%",IF(X133<50%,"25-50%","Over 50%"))) -> Over 50% | Z133: Others | AB133: 9960 | AC133: 15080 | AD133: 6880
A134: 47 | B134: 0.52916667 | C134: UGANDA | D134: =IF(COUNT(G134:M134)>3,10,IF(COUNT(G134:M134)>2,9,7)) -> 9 | F134: 1*22 | G134: =AB134/1000 -> 6.78 | H134: =AC134/1000 -> 10.84 | I134: =AD134/1000 -> 3.42 | N134: =SUM(G134:M134) -> 21.04 | O134: =(N134/8.16)^4.5 -> 70.974133 | P134: 8 | Q134: 10 | R134: 9 | S134: 9 | T134: 9 | U134: 9 | V134: 9 | W134: =IF(G134>P134,"Y",IF(H134>Q134,"Y",IF(I134>R134,"Y",IF(J134>S134,"Y",IF(K134>T134,"Y",IF(L134>U134,"Y",IF(M134>V134,"Y","N"))))))) -> Y | X134: =IF(W134="Y",MAX((G134-P134),(H134-Q134),(I134-R134),(J134-S134),(K134-T134),(L134-U134),(M134-V134))/10,0) -> 0.084 | Y134: =IF(X134<5%,"0-4.9%",IF(X134<25%,"5-25%",IF(X134<50%,"25-50%","Over 50%"))) -> 5-25% | Z134: Construction Material | AB134: 6780 | AC134: 10840 | AD134: 3420
A135: 48 | B135: 0.53194444 | C135: UGANDA | D135: =IF(COUNT(G135:M135)>3,10,IF(COUNT(G135:M135)>2,9,7)) -> 9 | F135: 1*22 | G135: =AB135/1000 -> 6 | H135: =AC135/1000 -> 4.48 | I135: =AD135/1000 -> 6.3 | N135: =SUM(G135:M135) -> 16.78 | O135: =(N135/8.16)^4.5 -> 25.642366 | P135: 8 | Q135: 10 | R135: 9 | S135: 9 | T135: 9 | U135: 9 | V135: 9 | W135: =IF(G135>P135,"Y",IF(H135>Q135,"Y",IF(I135>R135,"Y",IF(J135>S135,"Y",IF(K135>T135,"Y",IF(L135>U135,"Y",IF(M135>V135,"Y","N"))))))) -> N | X135: =IF(W135="Y",MAX((G135-P135),(H135-Q135),(I135-R135),(J135-S135),(K135-T135),(L135-U135),(M135-V135))/10,0) -> 0 | Y135: =IF(X135<5%,"0-4.9%",IF(X135<25%,"5-25%",IF(X135<50%,"25-50%","Over 50%"))) -> 0-4.9% | Z135: Empty | AB135: 6000 | AC135: 4480 | AD135: 6300
A136: 57 | B136: 0.059027778 | C136: UGANDA | D136: =IF(COUNT(G136:M136)>3,10,IF(COUNT(G136:M136)>2,9,7)) -> 9 | F136: 1*22 | G136: =AB136/1000 -> 6.5 | H136: =AC136/1000 -> 6.1 | I136: =AD136/1000 -> 4.14 | N136: =SUM(G136:M136) -> 16.74 | O136: =(N136/8.16)^4.5 -> 25.368444 | P136: 8 | Q136: 10 | R136: 9 | S136: 9 | T136: 9 | U136: 9 | V136: 9 | W136: =IF(G136>P136,"Y",IF(H136>Q136,"Y",IF(I136>R136,"Y",IF(J136>S136,"Y",IF(K136>T136,"Y",IF(L136>U136,"Y",IF(M136>V136,"Y","N"))))))) -> N | X136: =IF(W136="Y",MAX((G136-P136),(H136-Q136),(I136-R136),(J136-S136),(K136-T136),(L136-U136),(M136-V136))/10,0) -> 0 | Y136: =IF(X136<5%,"0-4.9%",IF(X136<25%,"5-25%",IF(X136<50%,"25-50%","Over 50%"))) -> 0-4.9% | Z136: Others | AB136: 6500 | AC136: 6100 | AD136: 4140
A137: 63 | B137: 0.10902778 | C137: UGANDA | D137: =IF(COUNT(G137:M137)>3,10,IF(COUNT(G137:M137)>2,9,7)) -> 9 | F137: 1*22 | G137: =AB137/1000 -> 5.86 | H137: =AC137/1000 -> 4.9 | I137: =AD137/1000 -> 9.18 | N137: =SUM(G137:M137) -> 19.94 | O137: =(N137/8.16)^4.5 -> 55.738783 | P137: 8 | Q137: 10 | R137: 9 | S137: 9 | T137: 9 | U137: 9 | V137: 9 | W137: =IF(G137>P137,"Y",IF(H137>Q137,"Y",IF(I137>R137,"Y",IF(J137>S137,"Y",IF(K137>T137,"Y",IF(L137>U137,"Y",IF(M137>V137,"Y","N"))))))) -> Y | X137: =IF(W137="Y",MAX((G137-P137),(H137-Q137),(I137-R137),(J137-S137),(K137-T137),(L137-U137),(M137-V137))/10,0) -> 0.018 | Y137: =IF(X137<5%,"0-4.9%",IF(X137<25%,"5-25%",IF(X137<50%,"25-50%","Over 50%"))) -> 0-4.9% | Z137: Empty | AB137: 5860 | AC137: 4900 | AD137: 9180
A138: 72 | B138: 0.14444444 | C138: UGANDA | D138: =IF(COUNT(G138:M138)>3,10,IF(COUNT(G138:M138)>2,9,7)) -> 9 | F138: 1*22 | G138: =AB138/1000 -> 5.58 | H138: =AC138/1000 -> 5.42 | I138: =AD138/1000 -> 6.98 | N138: =SUM(G138:M138) -> 17.98 | O138: =(N138/8.16)^4.5 -> 34.990317 | P138: 8 | Q138: 10 | R138: 9 | S138: 9 | T138: 9 | U138: 9 | V138: 9 | W138: =IF(G138>P138,"Y",IF(H138>Q138,"Y",IF(I138>R138,"Y",IF(J138>S138,"Y",IF(K138>T138,"Y",IF(L138>U138,"Y",IF(M138>V138,"Y","N"))))))) -> N | X138: =IF(W138="Y",MAX((G138-P138),(H138-Q138),(I138-R138),(J138-S138),(K138-T138),(L138-U138),(M138-V138))/10,0) -> 0 | Y138: =IF(X138<5%,"0-4.9%",IF(X138<25%,"5-25%",IF(X138<50%,"25-50%","Over 50%"))) -> 0-4.9% | Z138: Empty | AB138: 5580 | AC138: 5420 | AD138: 6980
... A145: 38 | B145: 0.46527778 | C145: UGANDA | D145: =IF(COUNT(G145:M145)>3,10,IF(COUNT(G145:M145)>2,9,7)) -> 9 | F145: 1*22 | G145: =AB145/1000 -> 8.06 | H145: =AC145/1000 -> 8.01 | I145: =AD145/1000 -> 14.26 | N145: =SUM(G145:M145) -> 30.33 | O145: =(N145/8.16)^4.5 -> 367.97654 | P145: 8 | Q145: 10 | R145: 9 | S145: 9 | T145: 9 | U145: 9 | V145: 9 | W145: =IF(G145>P145,"Y",IF(H145>Q145,"Y",IF(I145>R145,"Y",IF(J145>S145,"Y",IF(K145>T145,"Y",IF(L145>U145,"Y",IF(M145>V145,"Y","N"))))))) -> Y | X145: =IF(W145="Y",MAX((G145-P145),(H145-Q145),(I145-R145),(J145-S145),(K145-T145),(L145-U145),(M145-V145))/10,0) -> 0.526 | Y145: =IF(X145<5%,"0-4.9%",IF(X145<25%,"5-25%",IF(X145<50%,"25-50%","Over 50%"))) -> Over 50% | Z145: Chemical Products | AB145: 8060 | AC145: 8010 | AD145: 14260
A146: 41 | B146: 0.46736111 | C146: UGANDA | D146: =IF(COUNT(G146:M146)>3,10,IF(COUNT(G146:M146)>2,9,7)) -> 10 | F146: 1*22-22 | G146: =AB146/1000 -> 6.08 | H146: =AC146/1000 -> 3.94 | I146: =AD146/1000 -> 3 | J146: =AE146/1000 -> 4.5 | K146: =AF146/1000 -> 3 | N146: =SUM(G146:M146) -> 20.52 | O146: =(N146/8.16)^4.5 -> 63.415057 | P146: 8 | Q146: 10 | R146: 9 | S146: 9 | T146: 9 | U146: 9 | V146: 9 | W146: =IF(G146>P146,"Y",IF(H146>Q146,"Y",IF(I146>R146,"Y",IF(J146>S146,"Y",IF(K146>T146,"Y",IF(L146>U146,"Y",IF(M146>V146,"Y","N"))))))) -> N | X146: =IF(W146="Y",MAX((G146-P146),(H146-Q146),(I146-R146),(J146-S146),(K146-T146),(L146-U146),(M146-V146))/10,0) -> 0 | Y146: =IF(X146<5%,"0-4.9%",IF(X146<25%,"5-25%",IF(X146<50%,"25-50%","Over 50%"))) -> 0-4.9% | Z146: Empty | AB146: 6080 | AC146: 3940 | AD146: 3000 | AE146: 4500 | AF146: 3000
A147: 42 | B147: 0.46805556 | C147: UGANDA | D147: =IF(COUNT(G147:M147)>3,10,IF(COUNT(G147:M147)>2,9,7)) -> 10 | F147: 1*22-222 | G147: =AB147/1000 -> 4.12 | H147: =AC147/1000 -> 4.96 | I147: =AD147/1000 -> 11.52 | J147: =AE147/1000 -> 15.56 | K147: =AF147/1000 -> 14.72 | L147: =AG147/1000 -> 18.46 | N147: =SUM(G147:M147) -> 69.34 | O147: =(N147/8.16)^4.5 -> 15199.229 | P147: 8 | Q147: 10 | R147: 9 | S147: 9 | T147: 9 | U147: 9 | V147: 9 | W147: =IF(G147>P147,"Y",IF(H147>Q147,"Y",IF(I147>R147,"Y",IF(J147>S147,"Y",IF(K147>T147,"Y",IF(L147>U147,"Y",IF(M147>V147,"Y","N"))))))) -> Y | X147: =IF(W147="Y",MAX((G147-P147),(H147-Q147),(I147-R147),(J147-S147),(K147-T147),(L147-U147),(M147-V147))/10,0) -> 0.946 | Y147: =IF(X147<5%,"0-4.9%",IF(X147<25%,"5-25%",IF(X147<50%,"25-50%","Over 50%"))) -> Over 50% | Z147: Empty | AB147: 4120 | AC147: 4960 | AD147: 11520 | AE147: 15560 | AF147: 14720 | AG147: 18460
A148: 48 | B148: 0.49652778 | C148: UGANDA | D148: =IF(COUNT(G148:M148)>3,10,IF(COUNT(G148:M148)>2,9,7)) -> 10 | F148: 1*22-222 | G148: =AB148/1000 -> 5.92 | H148: =AC148/1000 -> 3.42 | I148: =AD148/1000 -> 12.78 | J148: =AE148/1000 -> 17.96 | K148: =AF148/1000 -> 13.94 | L148: =AG148/1000 -> 13.54 | N148: =SUM(G148:M148) -> 67.56 | O148: =(N148/8.16)^4.5 -> 13520.653 | P148: 8 | Q148: 10 | R148: 9 | S148: 9 | T148: 9 | U148: 9 | V148: 9 | W148: =IF(G148>P148,"Y",IF(H148>Q148,"Y",IF(I148>R148,"Y",IF(J148>S148,"Y",IF(K148>T148,"Y",IF(L148>U148,"Y",IF(M148>V148,"Y","N"))))))) -> Y | X148: =IF(W148="Y",MAX((G148-P148),(H148-Q148),(I148-R148),(J148-S148),(K148-T148),(L148-U148),(M148-V148))/10,0) -> 0.896 | Y148: =IF(X148<5%,"0-4.9%",IF(X148<25%,"5-25%",IF(X148<50%,"25-50%","Over 50%"))) -> Over 50% | Z148: Empty | AB148: 5920 | AC148: 3420 | AD148: 12780 | AE148: 17960 | AF148: 13940 | AG148: 13540
A149: 52 | B149: 0.51041667 | C149: KENYA | D149: =IF(COUNT(G149:M149)>3,10,IF(COUNT(G149:M149)>2,9,7)) -> 10 | F149: 1*22-222 | G149: =AB149/1000 -> 6.7 | H149: =AC149/1000 -> 7.96 | I149: =AD149/1000 -> 14.6 | J149: =AE149/1000 -> 15.2 | K149: =AF149/1000 -> 12.7 | L149: =AG149/1000 -> 15.62 | N149: =SUM(G149:M149) -> 72.78 | O149: =(N149/8.16)^4.5 -> 18899.422 | P149: 8 | Q149: 10 | R149: 9 | S149: 9 | T149: 9 | U149: 9 | V149: 9 | W149: =IF(G149>P149,"Y",IF(H149>Q149,"Y",IF(I149>R149,"Y",IF(J149>S149,"Y",IF(K149>T149,"Y",IF(L149>U149,"Y",IF(M149>V149,"Y","N"))))))) -> Y | X149: =IF(W149="Y",MAX((G149-P149),(H149-Q149),(I149-R149),(J149-S149),(K149-T149),(L149-U149),(M149-V149))/10,0) -> 0.662 | Y149: =IF(X149<5%,"0-4.9%",IF(X149<25%,"5-25%",IF(X149<50%,"25-50%","Over 50%"))) -> Over 50% | Z149: Others | AB149: 6700 | AC149: 7960 | AD149: 14600 | AE149: 15200 | AF149: 12700 | AG149: 15620
A150: 53 | B150: 0.51319444 | C150: UGANDA | D150: =IF(COUNT(G150:M150)>3,10,IF(COUNT(G150:M150)>2,9,7)) -> 10 | F150: 1*22-22 | G150: =AB150/1000 -> 3.8 | H150: =AC150/1000 -> 3.92 | I150: =AD150/1000 -> 8.52 | J150: =AE150/1000 -> 11.88 | K150: =AF150/1000 -> 11.58 | N150: =SUM(G150:M150) -> 39.7 | O150: =(N150/8.16)^4.5 -> 1235.8096 | P150: 8 | Q150: 10 | R150: 9 | S150: 9 | T150: 9 | U150: 9 | V150: 9 | W150: =IF(G150>P150,"Y",IF(H150>Q150,"Y",IF(I150>R150,"Y",IF(J150>S150,"Y",IF(K150>T150,"Y",IF(L150>U150,"Y",IF(M150>V150,"Y","N"))))))) -> Y | X150: =IF(W150="Y",MAX((G150-P150),(H150-Q150),(I150-R150),(J150-S150),(K150-T150),(L150-U150),(M150-V150))/10,0) -> 0.288 | Y150: =IF(X150<5%,"0-4.9%",IF(X150<25%,"5-25%",IF(X150<50%,"25-50%","Over 50%"))) -> 25-50% | Z150: Empty | AB150: 3800 | AC150: 3920 | AD150: 8520 | AE150: 11880 | AF150: 11580
A151: 56 | B151: 0.52638889 | C151: UGANDA | D151: =IF(COUNT(G151:M151)>3,10,IF(COUNT(G151:M151)>2,9,7)) -> 10 | F151: 1*22-222 | G151: =AB151/1000 -> 4.1 | H151: =AC151/1000 -> 5.06 | I151: =AD151/1000 -> 5.84 | J151: =AE151/1000 -> 3.44 | K151: =AF151/1000 -> 2.58 | L151: =AG151/1000 -> 5.1 | N151: =SUM(G151:M151) -> 26.12 | O151: =(N151/8.16)^4.5 -> 187.83372 | P151: 8 | Q151: 10 | R151: 9 | S151: 9 | T151: 9 | U151: 9 | V151: 9 | W151: =IF(G151>P151,"Y",IF(H151>Q151,"Y",IF(I151>R151,"Y",IF(J151>S151,"Y",IF(K151>T151,"Y",IF(L151>U151,"Y",IF(M151>V151,"Y","N"))))))) -> N | X151: =IF(W151="Y",MAX((G151-P151),(H151-Q151),(I151-R151),(J151-S151),(K151-T151),(L151-U151),(M151-V151))/10,0) -> 0 | Y151: =IF(X151<5%,"0-4.9%",IF(X151<25%,"5-25%",IF(X151<50%,"25-50%","Over 50%"))) -> 0-4.9% | Z151: Others | AB151: 4100 | AC151: 5060 | AD151: 5840 | AE151: 3440 | AF151: 2580 | AG151: 5100
A152: 58 | B152: 0.52847222 | C152: UGANDA | D152: =IF(COUNT(G152:M152)>3,10,IF(COUNT(G152:M152)>2,9,7)) -> 10 | F152: 1*22-222-1 | G152: =AB152/1000 -> 8.09 | H152: =AC152/1000 -> 10.26 | I152: =AD152/1000 -> 3.04 | J152: =AE152/1000 -> 2.06 | K152: =AF152/1000 -> 4.02 | L152: =AG152/1000 -> 3.02 | M152: =AH152/1000 -> 4.9 | N152: =SUM(G152:M152) -> 35.39 | O152: =(N152/8.16)^4.5 -> 736.81222 | P152: 8 | Q152: 10 | R152: 9 | S152: 9 | T152: 9 | U152: 9 | V152: 9 | W152: =IF(G152>P152,"Y",IF(H152>Q152,"Y",IF(I152>R152,"Y",IF(J152>S152,"Y",IF(K152>T152,"Y",IF(L152>U152,"Y",IF(M152>V152,"Y","N"))))))) -> Y | X152: =IF(W152="Y",MAX((G152-P152),(H152-Q152),(I152-R152),(J152-S152),(K152-T152),(L152-U152),(M152-V152))/10,0) -> 0.026 | Y152: =IF(X152<5%,"0-4.9%",IF(X152<25%,"5-25%",IF(X152<50%,"25-50%","Over 50%"))) -> 0-4.9% | Z152: Others | AB152: 8090 | AC152: 10260 | AD152: 3040 | AE152: 2060 | AF152: 4020 | AG152: 3020 | AH152: 4900
A153: 8 | B153: 0.14930556 | C153: UGANDA | D153: =IF(COUNT(G153:M153)>3,10,IF(COUNT(G153:M153)>2,9,7)) -> 10 | F153: 1*22-222 | G153: =AB153/1000 -> 3.96 | H153: =AC153/1000 -> 3.52 | I153: =AD153/1000 -> 6.08 | J153: =AE153/1000 -> 8.06 | K153: =AF153/1000 -> 7.08 | L153: =AG153/1000 -> 8.06 | N153: =SUM(G153:M153) -> 36.76 | O153: =(N153/8.16)^4.5 -> 874.14615 | P153: 8 | Q153: 10 | R153: 9 | S153: 9 | T153: 9 | U153: 9 | V153: 9 | W153: =IF(G153>P153,"Y",IF(H153>Q153,"Y",IF(I153>R153,"Y",IF(J153>S153,"Y",IF(K153>T153,"Y",IF(L153>U153,"Y",IF(M153>V153,"Y","N"))))))) -> N | X153: =IF(W153="Y",MAX((G153-P153),(H153-Q153),(I153-R153),(J153-S153),(K153-T153),(L153-U153),(M153-V153))/10,0) -> 0 | Y153: =IF(X153<5%,"0-4.9%",IF(X153<25%,"5-25%",IF(X153<50%,"25-50%","Over 50%"))) -> 0-4.9% | Z153: Empty | AB153: 3960 | AC153: 3520 | AD153: 6080 | AE153: 8060 | AF153: 7080 | AG153: 8060
A154: 11 | B154: 0.15277778 | C154: UGANDA | D154: =IF(COUNT(G154:M154)>3,10,IF(COUNT(G154:M154)>2,9,7)) -> 10 | F154: 1*22-222 | G154: =AB154/1000 -> 8.68 | H154: =AC154/1000 -> 11.2 | I154: =AD154/1000 -> 6.04 | J154: =AE154/1000 -> 7.04 | K154: =AF154/1000 -> 7.05 | L154: =AG154/1000 -> 7.04 | N154: =SUM(G154:M154) -> 47.05 | O154: =(N154/8.16)^4.5 -> 2654.0715 | P154: 8 | Q154: 10 | R154: 9 | S154: 9 | T154: 9 | U154: 9 | V154: 9 | W154: =IF(G154>P154,"Y",IF(H154>Q154,"Y",IF(I154>R154,"Y",IF(J154>S154,"Y",IF(K154>T154,"Y",IF(L154>U154,"Y",IF(M154>V154,"Y","N"))))))) -> Y | X154: =IF(W154="Y",MAX((G154-P154),(H154-Q154),(I154-R154),(J154-S154),(K154-T154),(L154-U154),(M154-V154))/10,0) -> 0.12 | Y154: =IF(X154<5%,"0-4.9%",IF(X154<25%,"5-25%",IF(X154<50%,"25-50%","Over 50%"))) -> 5-25% | Z154: Chemical Products | AB154: 8680 | AC154: 11200 | AD154: 6040 | AE154: 7040 | AF154: 7050 | AG154: 7040
A155: 15 | B155: 0.16388889 | C155: UGANDA | D155: =IF(COUNT(G155:M155)>3,10,IF(COUNT(G155:M155)>2,9,7)) -> 10 | F155: 1*22-222 | G155: =AB155/1000 -> 5.96 | H155: =AC155/1000 -> 5.94 | I155: =AD155/1000 -> 4.52 | J155: =AE155/1000 -> 4.5 | K155: =AF155/1000 -> 4.16 | L155: =AG155/1000 -> 4.04 | N155: =SUM(G155:M155) -> 29.12 | O155: =(N155/8.16)^4.5 -> 306.3765 | P155: 8 | Q155: 10 | R155: 9 | S155: 9 | T155: 9 | U155: 9 | V155: 9 | W155: =IF(G155>P155,"Y",IF(H155>Q155,"Y",IF(I155>R155,"Y",IF(J155>S155,"Y",IF(K155>T155,"Y",IF(L155>U155,"Y",IF(M155>V155,"Y","N"))))))) -> N | X155: =IF(W155="Y",MAX((G155-P155),(H155-Q155),(I155-R155),(J155-S155),(K155-T155),(L155-U155),(M155-V155))/10,0) -> 0 | Y155: =IF(X155<5%,"0-4.9%",IF(X155<25%,"5-25%",IF(X155<50%,"25-50%","Over 50%"))) -> 0-4.9% | Z155: Others | AB155: 5960 | AC155: 5940 | AD155: 4520 | AE155: 4500 | AF155: 4160 | AG155: 4040
A156: 19 | B156: 0.19236111 | C156: UGANDA | D156: =IF(COUNT(G156:M156)>3,10,IF(COUNT(G156:M156)>2,9,7)) -> 10 | F156: 1*22-222 | G156: =AB156/1000 -> 6.26 | H156: =AC156/1000 -> 10.02 | I156: =AD156/1000 -> 7.08 | J156: =AE156/1000 -> 6.04 | K156: =AF156/1000 -> 6.04 | L156: =AG156/1000 -> 7.04 | N156: =SUM(G156:M156) -> 42.48 | O156: =(N156/8.16)^4.5 -> 1675.8092 | P156: 8 | Q156: 10 | R156: 9 | S156: 9 | T156: 9 | U156: 9 | V156: 9 | W156: =IF(G156>P156,"Y",IF(H156>Q156,"Y",IF(I156>R156,"Y",IF(J156>S156,"Y",IF(K156>T156,"Y",IF(L156>U156,"Y",IF(M156>V156,"Y","N"))))))) -> Y | X156: =IF(W156="Y",MAX((G156-P156),(H156-Q156),(I156-R156),(J156-S156),(K156-T156),(L156-U156),(M156-V156))/10,0) -> 0.002 | Y156: =IF(X156<5%,"0-4.9%",IF(X156<25%,"5-25%",IF(X156<50%,"25-50%","Over 50%"))) -> 0-4.9% | Z156: Household retail products | AB156: 6260 | AC156: 10020 | AD156: 7080 | AE156: 6040 | AF156: 6040 | AG156: 7040
A157: 28 | B157: 0.35069444 | C157: UGANDA | D157: =IF(COUNT(G157:M157)>3,10,IF(COUNT(G157:M157)>2,9,7)) -> 10 | F157: 1*22-222 | G157: =AB157/1000 -> 9.82 | H157: =AC157/1000 -> 6.5 | I157: =AD157/1000 -> 4.74 | J157: =AE157/1000 -> 4.2 | K157: =AF157/1000 -> 4.56 | L157: =AG157/1000 -> 4.06 | N157: =SUM(G157:M157) -> 33.88 | O157: =(N157/8.16)^4.5 -> 605.53548 | P157: 8 | Q157: 10 | R157: 9 | S157: 9 | T157: 9 | U157: 9 | V157: 9 | W157: =IF(G157>P157,"Y",IF(H157>Q157,"Y",IF(I157>R157,"Y",IF(J157>S157,"Y",IF(K157>T157,"Y",IF(L157>U157,"Y",IF(M157>V157,"Y","N"))))))) -> Y | X157: =IF(W157="Y",MAX((G157-P157),(H157-Q157),(I157-R157),(J157-S157),(K157-T157),(L157-U157),(M157-V157))/10,0) -> 0.182 | Y157: =IF(X157<5%,"0-4.9%",IF(X157<25%,"5-25%",IF(X157<50%,"25-50%","Over 50%"))) -> 5-25% | Z157: Fuels | AB157: 9820 | AC157: 6500 | AD157: 4740 | AE157: 4200 | AF157: 4560 | AG157: 4060
A158: 31 | B158: 0.35902778 | C158: UGANDA | D158: =IF(COUNT(G158:M158)>3,10,IF(COUNT(G158:M158)>2,9,7)) -> 10 | F158: 1*22-222 | G158: =AB158/1000 -> 8.36 | H158: =AC158/1000 -> 10.84 | I158: =AD158/1000 -> 6.02 | J158: =AE158/1000 -> 8.08 | K158: =AF158/1000 -> 7.84 | L158: =AG158/1000 -> 9.04 | N158: =SUM(G158:M158) -> 50.18 | O158: =(N158/8.16)^4.5 -> 3546.3553 | P158: 8 | Q158: 10 | R158: 9 | S158: 9 | T158: 9 | U158: 9 | V158: 9 | W158: =IF(G158>P158,"Y",IF(H158>Q158,"Y",IF(I158>R158,"Y",IF(J158>S158,"Y",IF(K158>T158,"Y",IF(L158>U158,"Y",IF(M158>V158,"Y","N"))))))) -> Y | X158: =IF(W158="Y",MAX((G158-P158),(H158-Q158),(I158-R158),(J158-S158),(K158-T158),(L158-U158),(M158-V158))/10,0) -> 0.084 | Y158: =IF(X158<5%,"0-4.9%",IF(X158<25%,"5-25%",IF(X158<50%,"25-50%","Over 50%"))) -> 5-25% | Z158: Household retail products | AB158: 8360 | AC158: 10840 | AD158: 6020 | AE158: 8080 | AF158: 7840 | AG158: 9040
A159: 35 | B159: 0.37847222 | C159: UGANDA | D159: =IF(COUNT(G159:M159)>3,10,IF(COUNT(G159:M159)>2,9,7)) -> 10 | F159: 1*22-222-1 | G159: =AB159/1000 -> 10.14 | H159: =AC159/1000 -> 13.1 | I159: =AD159/1000 -> 6.08 | J159: =AE159/1000 -> 8.04 | K159: =AF159/1000 -> 8.06 | L159: =AG159/1000 -> 9.04 | M159: =AH159/1000 -> 7.04 | N159: =SUM(G159:M159) -> 61.5 | O159: =(N159/8.16)^4.5 -> 8857.9313 | P159: 8 | Q159: 10 | R159: 9 | S159: 9 | T159: 9 | U159: 9 | V159: 9 | W159: =IF(G159>P159,"Y",IF(H159>Q159,"Y",IF(I159>R159,"Y",IF(J159>S159,"Y",IF(K159>T159,"Y",IF(L159>U159,"Y",IF(M159>V159,"Y","N"))))))) -> Y | X159: =IF(W159="Y",MAX((G159-P159),(H159-Q159),(I159-R159),(J159-S159),(K159-T159),(L159-U159),(M159-V159))/10,0) -> 0.31 | Y159: =IF(X159<5%,"0-4.9%",IF(X159<25%,"5-25%",IF(X159<50%,"25-50%","Over 50%"))) -> 25-50% | Z159: Fuels | AB159: 10140 | AC159: 13100 | AD159: 6080 | AE159: 8040 | AF159: 8060 | AG159: 9040 | AH159: 7040
A160: 40 | B160: 0.41180556 | C160: UGANDA | D160: =IF(COUNT(G160:M160)>3,10,IF(COUNT(G160:M160)>2,9,7)) -> 10 | F160: 1*22-222 | G160: =AB160/1000 -> 7.18 | H160: =AC160/1000 -> 10.6 | I160: =AD160/1000 -> 3.26 | J160: =AE160/1000 -> 3.58 | K160: =AF160/1000 -> 4.6 | L160: =AG160/1000 -> 4.86 | N160: =SUM(G160:M160) -> 34.08 | O160: =(N160/8.16)^4.5 -> 621.78812 | P160: 8 | Q160: 10 | R160: 9 | S160: 9 | T160: 9 | U160: 9 | V160: 9 | W160: =IF(G160>P160,"Y",IF(H160>Q160,"Y",IF(I160>R160,"Y",IF(J160>S160,"Y",IF(K160>T160,"Y",IF(L160>U160,"Y",IF(M160>V160,"Y","N"))))))) -> Y | X160: =IF(W160="Y",MAX((G160-P160),(H160-Q160),(I160-R160),(J160-S160),(K160-T160),(L160-U160),(M160-V160))/10,0) -> 0.06 | Y160: =IF(X160<5%,"0-4.9%",IF(X160<25%,"5-25%",IF(X160<50%,"25-50%","Over 50%"))) -> 5-25% | Z160: Household retail products | AB160: 7180 | AC160: 10600 | AD160: 3260 | AE160: 3580 | AF160: 4600 | AG160: 4860
A161: 43 | B161: 0.42708333 | C161: UGANDA | D161: =IF(COUNT(G161:M161)>3,10,IF(COUNT(G161:M161)>2,9,7)) -> 10 | F161: 1*22-222-1 | G161: =AB161/1000 -> 5.96 | H161: =AC161/1000 -> 10.26 | I161: =AD161/1000 -> 6.36 | J161: =AE161/1000 -> 5.1 | K161: =AF161/1000 -> 3.96 | L161: =AG161/1000 -> 3.96 | M161: =AH161/1000 -> 4.2 | N161: =SUM(G161:M161) -> 39.8 | O161: =(N161/8.16)^4.5 -> 1249.8794 | P161: 8 | Q161: 10 | R161: 9 | S161: 9 | T161: 9 | U161: 9 | V161: 9 | W161: =IF(G161>P161,"Y",IF(H161>Q161,"Y",IF(I161>R161,"Y",IF(J161>S161,"Y",IF(K161>T161,"Y",IF(L161>U161,"Y",IF(M161>V161,"Y","N"))))))) -> Y | X161: =IF(W161="Y",MAX((G161-P161),(H161-Q161),(I161-R161),(J161-S161),(K161-T161),(L161-U161),(M161-V161))/10,0) -> 0.026 | Y161: =IF(X161<5%,"0-4.9%",IF(X161<25%,"5-25%",IF(X161<50%,"25-50%","Over 50%"))) -> 0-4.9% | Z161: Fuels | AB161: 5960 | AC161: 10260 | AD161: 6360 | AE161: 5100 | AF161: 3960 | AG161: 3960 | AH161: 4200
A162: 47 | B162: 0.44652778 | C162: UGANDA | D162: =IF(COUNT(G162:M162)>3,10,IF(COUNT(G162:M162)>2,9,7)) -> 10 | F162: 1*22-222 | G162: =AB162/1000 -> 9.66 | H162: =AC162/1000 -> 10.56 | I162: =AD162/1000 -> 10.98 | J162: =AE162/1000 -> 10.64 | K162: =AF162/1000 -> 9.88 | L162: =AG162/1000 -> 9.84 | N162: =SUM(G162:M162) -> 61.56 | O162: =(N162/8.16)^4.5 -> 8896.8862 | P162: 8 | Q162: 10 | R162: 9 | S162: 9 | T162: 9 | U162: 9 | V162: 9 | W162: =IF(G162>P162,"Y",IF(H162>Q162,"Y",IF(I162>R162,"Y",IF(J162>S162,"Y",IF(K162>T162,"Y",IF(L162>U162,"Y",IF(M162>V162,"Y","N"))))))) -> Y | X162: =IF(W162="Y",MAX((G162-P162),(H162-Q162),(I162-R162),(J162-S162),(K162-T162),(L162-U162),(M162-V162))/10,0) -> 0.198 | Y162: =IF(X162<5%,"0-4.9%",IF(X162<25%,"5-25%",IF(X162<50%,"25-50%","Over 50%"))) -> 5-25% | Z162: Household retail products | AB162: 9660 | AC162: 10560 | AD162: 10980 | AE162: 10640 | AF162: 9880 | AG162: 9840
A163: 62 | B163: 0.475 | C163: UGANDA | D163: =IF(COUNT(G163:M163)>3,10,IF(COUNT(G163:M163)>2,9,7)) -> 10 | F163: 1*22-222 | G163: =AB163/1000 -> 9.98 | H163: =AC163/1000 -> 10.24 | I163: =AD163/1000 -> 6.12 | J163: =AE163/1000 -> 0.82 | K163: =AF163/1000 -> 0 | L163: =AG163/1000 -> 0 | N163: =SUM(G163:M163) -> 27.16 | O163: =(N163/8.16)^4.5 -> 223.91244 | P163: 8 | Q163: 10 | R163: 9 | S163: 9 | T163: 9 | U163: 9 | V163: 9 | W163: =IF(G163>P163,"Y",IF(H163>Q163,"Y",IF(I163>R163,"Y",IF(J163>S163,"Y",IF(K163>T163,"Y",IF(L163>U163,"Y",IF(M163>V163,"Y","N"))))))) -> Y | X163: =IF(W163="Y",MAX((G163-P163),(H163-Q163),(I163-R163),(J163-S163),(K163-T163),(L163-U163),(M163-V163))/10,0) -> 0.198 | Y163: =IF(X163<5%,"0-4.9%",IF(X163<25%,"5-25%",IF(X163<50%,"25-50%","Over 50%"))) -> 5-25% | Z163: Household retail products | AB163: 9980 | AC163: 10240 | AD163: 6120 | AE163: 820
A164: 76 | B164: 0.50138889 | C164: UGANDA | D164: =IF(COUNT(G164:M164)>3,10,IF(COUNT(G164:M164)>2,9,7)) -> 10 | F164: 1*22-222 | G164: =AB164/1000 -> 8.98 | H164: =AC164/1000 -> 14 | I164: =AD164/1000 -> 15.12 | J164: =AE164/1000 -> 11.04 | K164: =AF164/1000 -> 9.04 | L164: =AG164/1000 -> 10.48 | N164: =SUM(G164:M164) -> 68.66 | O164: =(N164/8.16)^4.5 -> 14539.899 | P164: 8 | Q164: 10 | R164: 9 | S164: 9 | T164: 9 | U164: 9 | V164: 9 | W164: =IF(G164>P164,"Y",IF(H164>Q164,"Y",IF(I164>R164,"Y",IF(J164>S164,"Y",IF(K164>T164,"Y",IF(L164>U164,"Y",IF(M164>V164,"Y","N"))))))) -> Y | X164: =IF(W164="Y",MAX((G164-P164),(H164-Q164),(I164-R164),(J164-S164),(K164-T164),(L164-U164),(M164-V164))/10,0) -> 0.612 | Y164: =IF(X164<5%,"0-4.9%",IF(X164<25%,"5-25%",IF(X164<50%,"25-50%","Over 50%"))) -> Over 50% | Z164: Construction Material | AB164: 8980 | AC164: 14000 | AD164: 15120 | AE164: 11040 | AF164: 9040 | AG164: 10480
A165: 3 | B165: 0.34861111 | C165: UGANDA | D165: =IF(COUNT(G165:M165)>3,10,IF(COUNT(G165:M165)>2,9,7)) -> 10 | F165: 1*22-111 | G165: =AB165/1000 -> 7.42 | H165: =AC165/1000 -> 3.96 | I165: =AD165/1000 -> 10.12 | J165: =AE165/1000 -> 9.06 | K165: =AF165/1000 -> 9.48 | L165: =AG165/1000 -> 11.54 | N165: =SUM(G165:M165) -> 51.58 | O165: =(N165/8.16)^4.5 -> 4013.8423 | P165: 8 | Q165: 10 | R165: 9 | S165: 9 | T165: 9 | U165: 9 | V165: 9 | W165: =IF(G165>P165,"Y",IF(H165>Q165,"Y",IF(I165>R165,"Y",IF(J165>S165,"Y",IF(K165>T165,"Y",IF(L165>U165,"Y",IF(M165>V165,"Y","N"))))))) -> Y | X165: =IF(W165="Y",MAX((G165-P165),(H165-Q165),(I165-R165),(J165-S165),(K165-T165),(L165-U165),(M165-V165))/10,0) -> 0.254 | Y165: =IF(X165<5%,"0-4.9%",IF(X165<25%,"5-25%",IF(X165<50%,"25-50%","Over 50%"))) -> 25-50% | Z165: Empty | AB165: 7420 | AC165: 3960 | AD165: 10120 | AE165: 9060 | AF165: 9480 | AG165: 11540
A166: 7 | B166: 0.35763889 | C166: UGANDA | D166: =IF(COUNT(G166:M166)>3,10,IF(COUNT(G166:M166)>2,9,7)) -> 10 | F166: 1*22-222 | G166: =AB166/1000 -> 8.12 | H166: =AC166/1000 -> 12.44 | I166: =AD166/1000 -> 13.68 | J166: =AE166/1000 -> 12.02 | K166: =AF166/1000 -> 0 | L166: =AG166/1000 -> 0 | N166: =SUM(G166:M166) -> 46.26 | O166: =(N166/8.16)^4.5 -> 2459.3459 | P166: 8 | Q166: 10 | R166: 9 | S166: 9 | T166: 9 | U166: 9 | V166: 9 | W166: =IF(G166>P166,"Y",IF(H166>Q166,"Y",IF(I166>R166,"Y",IF(J166>S166,"Y",IF(K166>T166,"Y",IF(L166>U166,"Y",IF(M166>V166,"Y","N"))))))) -> Y | X166: =IF(W166="Y",MAX((G166-P166),(H166-Q166),(I166-R166),(J166-S166),(K166-T166),(L166-U166),(M166-V166))/10,0) -> 0.468 | Y166: =IF(X166<5%,"0-4.9%",IF(X166<25%,"5-25%",IF(X166<50%,"25-50%","Over 50%"))) -> 25-50% | Z166: Household retail products | AB166: 8120 | AC166: 12440 | AD166: 13680 | AE166: 12020
A167: 14 | B167: 0.41458333 | C167: UGANDA | D167: =IF(COUNT(G167:M167)>3,10,IF(COUNT(G167:M167)>2,9,7)) -> 10 | F167: 1*22-222 | G167: =AB167/1000 -> 8.92 | H167: =AC167/1000 -> 13.58 | I167: =AD167/1000 -> 4.02 | J167: =AE167/1000 -> 3.64 | K167: =AF167/1000 -> 2.7 | L167: =AG167/1000 -> 3.78 | N167: =SUM(G167:M167) -> 36.64 | O167: =(N167/8.16)^4.5 -> 861.3782 | P167: 8 | Q167: 10 | R167: 9 | S167: 9 | T167: 9 | U167: 9 | V167: 9 | W167: =IF(G167>P167,"Y",IF(H167>Q167,"Y",IF(I167>R167,"Y",IF(J167>S167,"Y",IF(K167>T167,"Y",IF(L167>U167,"Y",IF(M167>V167,"Y","N"))))))) -> Y | X167: =IF(W167="Y",MAX((G167-P167),(H167-Q167),(I167-R167),(J167-S167),(K167-T167),(L167-U167),(M167-V167))/10,0) -> 0.358 | Y167: =IF(X167<5%,"0-4.9%",IF(X167<25%,"5-25%",IF(X167<50%,"25-50%","Over 50%"))) -> 25-50% | Z167: Construction Material | AB167: 8920 | AC167: 13580 | AD167: 4020 | AE167: 3640 | AF167: 2700 | AG167: 3780
A168: 20 | B168: 0.43055556 | C168: UGANDA | D168: =IF(COUNT(G168:M168)>3,10,IF(COUNT(G168:M168)>2,9,7)) -> 10 | F168: 1*12-222 | G168: =AB168/1000 -> 6.8 | H168: =AC168/1000 -> 9.2 | I168: =AD168/1000 -> 5.54 | J168: =AE168/1000 -> 3.08 | K168: =AF168/1000 -> 2.48 | L168: =AG168/1000 -> 3.68 | N168: =SUM(G168:M168) -> 30.78 | O168: =(N168/8.16)^4.5 -> 393.19054 | P168: 8 | Q168: 10 | R168: 9 | S168: 9 | T168: 9 | U168: 9 | V168: 9 | W168: =IF(G168>P168,"Y",IF(H168>Q168,"Y",IF(I168>R168,"Y",IF(J168>S168,"Y",IF(K168>T168,"Y",IF(L168>U168,"Y",IF(M168>V168,"Y","N"))))))) -> N | X168: =IF(W168="Y",MAX((G168-P168),(H168-Q168),(I168-R168),(J168-S168),(K168-T168),(L168-U168),(M168-V168))/10,0) -> 0 | Y168: =IF(X168<5%,"0-4.9%",IF(X168<25%,"5-25%",IF(X168<50%,"25-50%","Over 50%"))) -> 0-4.9% | Z168: Construction Material | AB168: 6800 | AC168: 9200 | AD168: 5540 | AE168: 3080 | AF168: 2480 | AG168: 3680
A169: 22 | B169: 0.44791667 | C169: UGANDA | D169: =IF(COUNT(G169:M169)>3,10,IF(COUNT(G169:M169)>2,9,7)) -> 10 | F169: 1*2+2*22 | G169: =AB169/1000 -> 7.08 | H169: =AC169/1000 -> 11.5 | I169: =AD169/1000 -> 12.46 | J169: =AE169/1000 -> 10.28 | N169: =SUM(G169:M169) -> 41.32 | O169: =(N169/8.16)^4.5 -> 1479.5025 | P169: 8 | Q169: 10 | R169: 9 | S169: 9 | T169: 9 | U169: 9 | V169: 9 | W169: =IF(G169>P169,"Y",IF(H169>Q169,"Y",IF(I169>R169,"Y",IF(J169>S169,"Y",IF(K169>T169,"Y",IF(L169>U169,"Y",IF(M169>V169,"Y","N"))))))) -> Y | X169: =IF(W169="Y",MAX((G169-P169),(H169-Q169),(I169-R169),(J169-S169),(K169-T169),(L169-U169),(M169-V169))/10,0) -> 0.346 | Y169: =IF(X169<5%,"0-4.9%",IF(X169<25%,"5-25%",IF(X169<50%,"25-50%","Over 50%"))) -> 25-50% | Z169: Household retail products | AB169: 7080 | AC169: 11500 | AD169: 12460 | AE169: 10280
A170: 23 | B170: 0.45416667 | C170: UGANDA | D170: =IF(COUNT(G170:M170)>3,10,IF(COUNT(G170:M170)>2,9,7)) -> 10 | F170: 1*12-111 | G170: =AB170/1000 -> 6.2 | H170: =AC170/1000 -> 3.34 | I170: =AD170/1000 -> 12.64 | J170: =AE170/1000 -> 8.08 | N170: =SUM(G170:M170) -> 30.26 | O170: =(N170/8.16)^4.5 -> 364.17023 | P170: 8 | Q170: 10 | R170: 9 | S170: 9 | T170: 9 | U170: 9 | V170: 9 | W170: =IF(G170>P170,"Y",IF(H170>Q170,"Y",IF(I170>R170,"Y",IF(J170>S170,"Y",IF(K170>T170,"Y",IF(L170>U170,"Y",IF(M170>V170,"Y","N"))))))) -> Y | X170: =IF(W170="Y",MAX((G170-P170),(H170-Q170),(I170-R170),(J170-S170),(K170-T170),(L170-U170),(M170-V170))/10,0) -> 0.364 | Y170: =IF(X170<5%,"0-4.9%",IF(X170<25%,"5-25%",IF(X170<50%,"25-50%","Over 50%"))) -> 25-50% | Z170: Empty | AB170: 6200 | AC170: 3340 | AD170: 12640 | AE170: 8080
A171: 24 | B171: 0.45555556 | C171: UGANDA | D171: =IF(COUNT(G171:M171)>3,10,IF(COUNT(G171:M171)>2,9,7)) -> 10 | F171: 1*22+22*22 | G171: =AB171/1000 -> 4.26 | H171: =AC171/1000 -> 8.02 | I171: =AD171/1000 -> 4.06 | J171: =AE171/1000 -> 5.04 | K171: =AF171/1000 -> 4.08 | L171: =AG171/1000 -> 4.92 | N171: =SUM(G171:M171) -> 30.38 | O171: =(N171/8.16)^4.5 -> 370.71422 | P171: 8 | Q171: 10 | R171: 9 | S171: 9 | T171: 9 | U171: 9 | V171: 9 | W171: =IF(G171>P171,"Y",IF(H171>Q171,"Y",IF(I171>R171,"Y",IF(J171>S171,"Y",IF(K171>T171,"Y",IF(L171>U171,"Y",IF(M171>V171,"Y","N"))))))) -> N | X171: =IF(W171="Y",MAX((G171-P171),(H171-Q171),(I171-R171),(J171-S171),(K171-T171),(L171-U171),(M171-V171))/10,0) -> 0 | Y171: =IF(X171<5%,"0-4.9%",IF(X171<25%,"5-25%",IF(X171<50%,"25-50%","Over 50%"))) -> 0-4.9% | Z171: Empty | AB171: 4260 | AC171: 8020 | AD171: 4060 | AE171: 5040 | AF171: 4080 | AG171: 4920
A172: 28 | B172: 0.46666667 | C172: UGANDA | D172: =IF(COUNT(G172:M172)>3,10,IF(COUNT(G172:M172)>2,9,7)) -> 10 | F172: 1*22-222 | G172: =AB172/1000 -> 6.72 | H172: =AC172/1000 -> 10.12 | I172: =AD172/1000 -> 5.24 | J172: =AE172/1000 -> 4.42 | K172: =AF172/1000 -> 3.34 | L172: =AG172/1000 -> 3.4 | N172: =SUM(G172:M172) -> 33.24 | O172: =(N172/8.16)^4.5 -> 555.73641 | P172: 8 | Q172: 10 | R172: 9 | S172: 9 | T172: 9 | U172: 9 | V172: 9 | W172: =IF(G172>P172,"Y",IF(H172>Q172,"Y",IF(I172>R172,"Y",IF(J172>S172,"Y",IF(K172>T172,"Y",IF(L172>U172,"Y",IF(M172>V172,"Y","N"))))))) -> Y | X172: =IF(W172="Y",MAX((G172-P172),(H172-Q172),(I172-R172),(J172-S172),(K172-T172),(L172-U172),(M172-V172))/10,0) -> 0.012 | Y172: =IF(X172<5%,"0-4.9%",IF(X172<25%,"5-25%",IF(X172<50%,"25-50%","Over 50%"))) -> 0-4.9% | Z172: Household retail products | AB172: 6720 | AC172: 10120 | AD172: 5240 | AE172: 4420 | AF172: 3340 | AG172: 3400
A173: 29 | B173: 0.46736111 | C173: UGANDA | D173: =IF(COUNT(G173:M173)>3,10,IF(COUNT(G173:M173)>2,9,7)) -> 10 | F173: 1*22-222 | G173: =AB173/1000 -> 7.58 | H173: =AC173/1000 -> 6.08 | I173: =AD173/1000 -> 3.14 | J173: =AE173/1000 -> 3.74 | K173: =AF173/1000 -> 3.12 | L173: =AG173/1000 -> 3.66 | N173: =SUM(G173:M173) -> 27.32 | O173: =(N173/8.16)^4.5 -> 229.90976 | P173: 8 | Q173: 10 | R173: 9 | S173: 9 | T173: 9 | U173: 9 | V173: 9 | W173: =IF(G173>P173,"Y",IF(H173>Q173,"Y",IF(I173>R173,"Y",IF(J173>S173,"Y",IF(K173>T173,"Y",IF(L173>U173,"Y",IF(M173>V173,"Y","N"))))))) -> N | X173: =IF(W173="Y",MAX((G173-P173),(H173-Q173),(I173-R173),(J173-S173),(K173-T173),(L173-U173),(M173-V173))/10,0) -> 0 | Y173: =IF(X173<5%,"0-4.9%",IF(X173<25%,"5-25%",IF(X173<50%,"25-50%","Over 50%"))) -> 0-4.9% | Z173: Household retail products | AB173: 7580 | AC173: 6080 | AD173: 3140 | AE173: 3740 | AF173: 3120 | AG173: 3660
A174: 31 | B174: 0.47013889 | C174: UGANDA | D174: =IF(COUNT(G174:M174)>3,10,IF(COUNT(G174:M174)>2,9,7)) -> 10 | F174: 1*22-222 | G174: =AB174/1000 -> 7.78 | H174: =AC174/1000 -> 5.1 | I174: =AD174/1000 -> 14.8 | J174: =AE174/1000 -> 14.28 | K174: =AF174/1000 -> 0 | L174: =AG174/1000 -> 0 | N174: =SUM(G174:M174) -> 41.96 | O174: =(N174/8.16)^4.5 -> 1585.4551 | P174: 8 | Q174: 10 | R174: 9 | S174: 9 | T174: 9 | U174: 9 | V174: 9 | W174: =IF(G174>P174,"Y",IF(H174>Q174,"Y",IF(I174>R174,"Y",IF(J174>S174,"Y",IF(K174>T174,"Y",IF(L174>U174,"Y",IF(M174>V174,"Y","N"))))))) -> Y | X174: =IF(W174="Y",MAX((G174-P174),(H174-Q174),(I174-R174),(J174-S174),(K174-T174),(L174-U174),(M174-V174))/10,0) -> 0.58 | Y174: =IF(X174<5%,"0-4.9%",IF(X174<25%,"5-25%",IF(X174<50%,"25-50%","Over 50%"))) -> Over 50% | Z174: Empty | AB174: 7780 | AC174: 5100 | AD174: 14800 | AE174: 14280
A175: 32 | B175: 0.47083333 | C175: UGANDA | D175: =IF(COUNT(G175:M175)>3,10,IF(COUNT(G175:M175)>2,9,7)) -> 10 | F175: 1*12-222 | G175: =AB175/1000 -> 8.88 | H175: =AC175/1000 -> 3.86 | I175: =AD175/1000 -> 10.98 | J175: =AE175/1000 -> 10.98 | K175: =AF175/1000 -> 10.14 | L175: =AG175/1000 -> 9.16 | N175: =SUM(G175:M175) -> 54 | O175: =(N175/8.16)^4.5 -> 4933.6258 | P175: 8 | Q175: 10 | R175: 9 | S175: 9 | T175: 9 | U175: 9 | V175: 9 | W175: =IF(G175>P175,"Y",IF(H175>Q175,"Y",IF(I175>R175,"Y",IF(J175>S175,"Y",IF(K175>T175,"Y",IF(L175>U175,"Y",IF(M175>V175,"Y","N"))))))) -> Y | X175: =IF(W175="Y",MAX((G175-P175),(H175-Q175),(I175-R175),(J175-S175),(K175-T175),(L175-U175),(M175-V175))/10,0) -> 0.198 | Y175: =IF(X175<5%,"0-4.9%",IF(X175<25%,"5-25%",IF(X175<50%,"25-50%","Over 50%"))) -> 5-25% | Z175: Household retail products | AB175: 8880 | AC175: 3860 | AD175: 10980 | AE175: 10980 | AF175: 10140 | AG175: 9160
A176: 35 | B176: 0.48680556 | C176: UGANDA | D176: =IF(COUNT(G176:M176)>3,10,IF(COUNT(G176:M176)>2,9,7)) -> 10 | F176: 1*22-222 | G176: =AB176/1000 -> 6.82 | H176: =AC176/1000 -> 5.12 | I176: =AD176/1000 -> 3.84 | J176: =AE176/1000 -> 1.06 | K176: =AF176/1000 -> 4.08 | L176: =AG176/1000 -> 4.06 | N176: =SUM(G176:M176) -> 24.98 | O176: =(N176/8.16)^4.5 -> 153.65979 | P176: 8 | Q176: 10 | R176: 9 | S176: 9 | T176: 9 | U176: 9 | V176: 9 | W176: =IF(G176>P176,"Y",IF(H176>Q176,"Y",IF(I176>R176,"Y",IF(J176>S176,"Y",IF(K176>T176,"Y",IF(L176>U176,"Y",IF(M176>V176,"Y","N"))))))) -> N | X176: =IF(W176="Y",MAX((G176-P176),(H176-Q176),(I176-R176),(J176-S176),(K176-T176),(L176-U176),(M176-V176))/10,0) -> 0 | Y176: =IF(X176<5%,"0-4.9%",IF(X176<25%,"5-25%",IF(X176<50%,"25-50%","Over 50%"))) -> 0-4.9% | Z176: Empty | AB176: 6820 | AC176: 5120 | AD176: 3840 | AE176: 1060 | AF176: 4080 | AG176: 4060
A177: 36 | B177: 0.49652778 | C177: UGANDA | D177: =IF(COUNT(G177:M177)>3,10,IF(COUNT(G177:M177)>2,9,7)) -> 10 | F177: 1*22-222 | G177: =AB177/1000 -> 7.78 | H177: =AC177/1000 -> 7.08 | I177: =AD177/1000 -> 4.7 | J177: =AE177/1000 -> 3.56 | K177: =AF177/1000 -> 3.78 | L177: =AG177/1000 -> 3.44 | N177: =SUM(G177:M177) -> 30.34 | O177: =(N177/8.16)^4.5 -> 368.52281 | P177: 8 | Q177: 10 | R177: 9 | S177: 9 | T177: 9 | U177: 9 | V177: 9 | W177: =IF(G177>P177,"Y",IF(H177>Q177,"Y",IF(I177>R177,"Y",IF(J177>S177,"Y",IF(K177>T177,"Y",IF(L177>U177,"Y",IF(M177>V177,"Y","N"))))))) -> N | X177: =IF(W177="Y",MAX((G177-P177),(H177-Q177),(I177-R177),(J177-S177),(K177-T177),(L177-U177),(M177-V177))/10,0) -> 0 | Y177: =IF(X177<5%,"0-4.9%",IF(X177<25%,"5-25%",IF(X177<50%,"25-50%","Over 50%"))) -> 0-4.9% | Z177: Agricultural produce | AB177: 7780 | AC177: 7080 | AD177: 4700 | AE177: 3560 | AF177: 3780 | AG177: 3440
A178: 38 | B178: 0.5 | C178: UGANDA | D178: =IF(COUNT(G178:M178)>3,10,IF(COUNT(G178:M178)>2,9,7)) -> 10 | F178: 1*22+22*22 | G178: =AB178/1000 -> 9.74 | H178: =AC178/1000 -> 6.08 | I178: =AD178/1000 -> 6.22 | J178: =AE178/1000 -> 6 | K178: =AF178/1000 -> 5.98 | N178: =SUM(G178:M178) -> 34.02 | O178: =(N178/8.16)^4.5 -> 616.87714 | P178: 8 | Q178: 10 | R178: 9 | S178: 9 | T178: 9 | U178: 9 | V178: 9 | W178: =IF(G178>P178,"Y",IF(H178>Q178,"Y",IF(I178>R178,"Y",IF(J178>S178,"Y",IF(K178>T178,"Y",IF(L178>U178,"Y",IF(M178>V178,"Y","N"))))))) -> Y | X178: =IF(W178="Y",MAX((G178-P178),(H178-Q178),(I178-R178),(J178-S178),(K178-T178),(L178-U178),(M178-V178))/10,0) -> 0.174 | Y178: =IF(X178<5%,"0-4.9%",IF(X178<25%,"5-25%",IF(X178<50%,"25-50%","Over 50%"))) -> 5-25% | Z178: Household retail products | AB178: 9740 | AC178: 6080 | AD178: 6220 | AE178: 6000 | AF178: 5980
A179: 42 | B179: 0.51805556 | C179: UGANDA | D179: =IF(COUNT(G179:M179)>3,10,IF(COUNT(G179:M179)>2,9,7)) -> 10 | F179: 1*22-222 | G179: =AB179/1000 -> 8.02 | H179: =AC179/1000 -> 6.26 | I179: =AD179/1000 -> 3 | J179: =AE179/1000 -> 3.78 | K179: =AF179/1000 -> 3.12 | L179: =AG179/1000 -> 3.04 | N179: =SUM(G179:M179) -> 27.22 | O179: =(N179/8.16)^4.5 -> 226.147 | P179: 8 | Q179: 10 | R179: 9 | S179: 9 | T179: 9 | U179: 9 | V179: 9 | W179: =IF(G179>P179,"Y",IF(H179>Q179,"Y",IF(I179>R179,"Y",IF(J179>S179,"Y",IF(K179>T179,"Y",IF(L179>U179,"Y",IF(M179>V179,"Y","N"))))))) -> Y | X179: =IF(W179="Y",MAX((G179-P179),(H179-Q179),(I179-R179),(J179-S179),(K179-T179),(L179-U179),(M179-V179))/10,0) -> 0.002 | Y179: =IF(X179<5%,"0-4.9%",IF(X179<25%,"5-25%",IF(X179<50%,"25-50%","Over 50%"))) -> 0-4.9% | Z179: Empty | AB179: 8020 | AC179: 6260 | AD179: 3000 | AE179: 3780 | AF179: 3120 | AG179: 3040
A180: 43 | B180: 0.52013889 | C180: UGANDA | D180: =IF(COUNT(G180:M180)>3,10,IF(COUNT(G180:M180)>2,9,7)) -> 10 | F180: 1*22+22*22 | G180: =AB180/1000 -> 7.54 | H180: =AC180/1000 -> 5.92 | I180: =AD180/1000 -> 4.86 | J180: =AE180/1000 -> 3.34 | K180: =AF180/1000 -> 4.02 | L180: =AG180/1000 -> 3.86 | N180: =SUM(G180:M180) -> 29.54 | O180: =(N180/8.16)^4.5 -> 326.76949 | P180: 8 | Q180: 10 | R180: 9 | S180: 9 | T180: 9 | U180: 9 | V180: 9 | W180: =IF(G180>P180,"Y",IF(H180>Q180,"Y",IF(I180>R180,"Y",IF(J180>S180,"Y",IF(K180>T180,"Y",IF(L180>U180,"Y",IF(M180>V180,"Y","N"))))))) -> N | X180: =IF(W180="Y",MAX((G180-P180),(H180-Q180),(I180-R180),(J180-S180),(K180-T180),(L180-U180),(M180-V180))/10,0) -> 0 | Y180: =IF(X180<5%,"0-4.9%",IF(X180<25%,"5-25%",IF(X180<50%,"25-50%","Over 50%"))) -> 0-4.9% | Z180: Empty | AB180: 7540 | AC180: 5920 | AD180: 4860 | AE180: 3340 | AF180: 4020 | AG180: 3860
A181: 44 | B181: 0.52638889 | C181: UGANDA | D181: =IF(COUNT(G181:M181)>3,10,IF(COUNT(G181:M181)>2,9,7)) -> 10 | F181: 1*22-222 | G181: =AB181/1000 -> 8.14 | H181: =AC181/1000 -> 11.78 | I181: =AD181/1000 -> 7.98 | J181: =AE181/1000 -> 6.62 | K181: =AF181/1000 -> 7 | N181: =SUM(G181:M181) -> 41.52 | O181: =(N181/8.16)^4.5 -> 1512.0019 | P181: 8 | Q181: 10 | R181: 9 | S181: 9 | T181: 9 | U181: 9 | V181: 9 | W181: =IF(G181>P181,"Y",IF(H181>Q181,"Y",IF(I181>R181,"Y",IF(J181>S181,"Y",IF(K181>T181,"Y",IF(L181>U181,"Y",IF(M181>V181,"Y","N"))))))) -> Y | X181: =IF(W181="Y",MAX((G181-P181),(H181-Q181),(I181-R181),(J181-S181),(K181-T181),(L181-U181),(M181-V181))/10,0) -> 0.178 | Y181: =IF(X181<5%,"0-4.9%",IF(X181<25%,"5-25%",IF(X181<50%,"25-50%","Over 50%"))) -> 5-25% | Z181: Household retail products | AB181: 8140 | AC181: 11780 | AD181: 7980 | AE181: 6620 | AF181: 7000
A182: 45 | B182: 0.52777778 | C182: UGANDA | D182: =IF(COUNT(G182:M182)>3,10,IF(COUNT(G182:M182)>2,9,7)) -> 10 | F182: 1*221 | G182: =AB182/1000 -> 5.8 | H182: =AC182/1000 -> 5.82 | I182: =AD182/1000 -> 11.48 | J182: =AE182/1000 -> 6.82 | N182: =SUM(G182:M182) -> 29.92 | O182: =(N182/8.16)^4.5 -> 346.11581 | P182: 8 | Q182: 10 | R182: 9 | S182: 9 | T182: 9 | U182: 9 | V182: 9 | W182: =IF(G182>P182,"Y",IF(H182>Q182,"Y",IF(I182>R182,"Y",IF(J182>S182,"Y",IF(K182>T182,"Y",IF(L182>U182,"Y",IF(M182>V182,"Y","N"))))))) -> Y | X182: =IF(W182="Y",MAX((G182-P182),(H182-Q182),(I182-R182),(J182-S182),(K182-T182),(L182-U182),(M182-V182))/10,0) -> 0.248 | Y182: =IF(X182<5%,"0-4.9%",IF(X182<25%,"5-25%",IF(X182<50%,"25-50%","Over 50%"))) -> 5-25% | Z182: Empty | AB182: 5800 | AC182: 5820 | AD182: 11480 | AE182: 6820
A183: 49 | B183: 0.53541667 | C183: KENYA | D183: =IF(COUNT(G183:M183)>3,10,IF(COUNT(G183:M183)>2,9,7)) -> 10 | F183: 1*22-222 | G183: =AB183/1000 -> 8.64 | H183: =AC183/1000 -> 10.86 | I183: =AD183/1000 -> 5.52 | J183: =AE183/1000 -> 5.72 | K183: =AF183/1000 -> 1.98 | N183: =SUM(G183:M183) -> 32.72 | O183: =(N183/8.16)^4.5 -> 517.67133 | P183: 8 | Q183: 10 | R183: 9 | S183: 9 | T183: 9 | U183: 9 | V183: 9 | W183: =IF(G183>P183,"Y",IF(H183>Q183,"Y",IF(I183>R183,"Y",IF(J183>S183,"Y",IF(K183>T183,"Y",IF(L183>U183,"Y",IF(M183>V183,"Y","N"))))))) -> Y | X183: =IF(W183="Y",MAX((G183-P183),(H183-Q183),(I183-R183),(J183-S183),(K183-T183),(L183-U183),(M183-V183))/10,0) -> 0.086 | Y183: =IF(X183<5%,"0-4.9%",IF(X183<25%,"5-25%",IF(X183<50%,"25-50%","Over 50%"))) -> 5-25% | Z183: Metal/machinery | AB183: 8640 | AC183: 10860 | AD183: 5520 | AE183: 5720 | AF183: 1980
A184: 50 | B184: 0.53611111 | C184: KENYA | D184: =IF(COUNT(G184:M184)>3,10,IF(COUNT(G184:M184)>2,9,7)) -> 10 | F184: 1*12-222 | G184: =AB184/1000 -> 7.62 | H184: =AC184/1000 -> 5.52 | I184: =AD184/1000 -> 13.46 | J184: =AE184/1000 -> 10.46 | N184: =SUM(G184:M184) -> 37.06 | O184: =(N184/8.16)^4.5 -> 906.71052 | P184: 8 | Q184: 10 | R184: 9 | S184: 9 | T184: 9 | U184: 9 | V184: 9 | W184: =IF(G184>P184,"Y",IF(H184>Q184,"Y",IF(I184>R184,"Y",IF(J184>S184,"Y",IF(K184>T184,"Y",IF(L184>U184,"Y",IF(M184>V184,"Y","N"))))))) -> Y | X184: =IF(W184="Y",MAX((G184-P184),(H184-Q184),(I184-R184),(J184-S184),(K184-T184),(L184-U184),(M184-V184))/10,0) -> 0.446 | Y184: =IF(X184<5%,"0-4.9%",IF(X184<25%,"5-25%",IF(X184<50%,"25-50%","Over 50%"))) -> 25-50% | Z184: Metal/machinery | AB184: 7620 | AC184: 5520 | AD184: 13460 | AE184: 10460
A185: 51 | B185: 0.53680556 | C185: UGANDA | D185: =IF(COUNT(G185:M185)>3,10,IF(COUNT(G185:M185)>2,9,7)) -> 10 | F185: 11*22 | G185: =AB185/1000 -> 10.34 | H185: =AC185/1000 -> 11.48 | I185: =AD185/1000 -> 4.34 | J185: =AE185/1000 -> 5.66 | K185: =AF185/1000 -> 3.62 | L185: =AG185/1000 -> 3.6 | N185: =SUM(G185:M185) -> 39.04 | O185: =(N185/8.16)^4.5 -> 1146.01 | P185: 8 | Q185: 10 | R185: 9 | S185: 9 | T185: 9 | U185: 9 | V185: 9 | W185: =IF(G185>P185,"Y",IF(H185>Q185,"Y",IF(I185>R185,"Y",IF(J185>S185,"Y",IF(K185>T185,"Y",IF(L185>U185,"Y",IF(M185>V185,"Y","N"))))))) -> Y | X185: =IF(W185="Y",MAX((G185-P185),(H185-Q185),(I185-R185),(J185-S185),(K185-T185),(L185-U185),(M185-V185))/10,0) -> 0.234 | Y185: =IF(X185<5%,"0-4.9%",IF(X185<25%,"5-25%",IF(X185<50%,"25-50%","Over 50%"))) -> 5-25% | Z185: Household retail products | AB185: 10340 | AC185: 11480 | AD185: 4340 | AE185: 5660 | AF185: 3620 | AG185: 3600
A186: 52 | B186: 0.53819444 | C186: UGANDA | D186: =IF(COUNT(G186:M186)>3,10,IF(COUNT(G186:M186)>2,9,7)) -> 10 | F186: 1*22-111 | G186: =AB186/1000 -> 6.68 | H186: =AC186/1000 -> 4.78 | I186: =AD186/1000 -> 10.48 | J186: =AE186/1000 -> 10.92 | K186: =AF186/1000 -> 10.2 | L186: =AG186/1000 -> 10.3 | N186: =SUM(G186:M186) -> 53.36 | O186: =(N186/8.16)^4.5 -> 4675.9029 | P186: 8 | Q186: 10 | R186: 9 | S186: 9 | T186: 9 | U186: 9 | V186: 9 | W186: =IF(G186>P186,"Y",IF(H186>Q186,"Y",IF(I186>R186,"Y",IF(J186>S186,"Y",IF(K186>T186,"Y",IF(L186>U186,"Y",IF(M186>V186,"Y","N"))))))) -> Y | X186: =IF(W186="Y",MAX((G186-P186),(H186-Q186),(I186-R186),(J186-S186),(K186-T186),(L186-U186),(M186-V186))/10,0) -> 0.192 | Y186: =IF(X186<5%,"0-4.9%",IF(X186<25%,"5-25%",IF(X186<50%,"25-50%","Over 50%"))) -> 5-25% | Z186: Empty | AB186: 6680 | AC186: 4780 | AD186: 10480 | AE186: 10920 | AF186: 10200 | AG186: 10300
A187: 53 | B187: 0.045833333 | C187: UGANDA | D187: =IF(COUNT(G187:M187)>3,10,IF(COUNT(G187:M187)>2,9,7)) -> 10 | F187: 1*12-222 | G187: =AB187/1000 -> 6.2 | H187: =AC187/1000 -> 3.56 | I187: =AD187/1000 -> 10.2 | J187: =AE187/1000 -> 7.34 | K187: =AF187/1000 -> 5.36 | L187: =AG187/1000 -> 6.36 | N187: =SUM(G187:M187) -> 39.02 | O187: =(N187/8.16)^4.5 -> 1143.3705 | P187: 8 | Q187: 10 | R187: 9 | S187: 9 | T187: 9 | U187: 9 | V187: 9 | W187: =IF(G187>P187,"Y",IF(H187>Q187,"Y",IF(I187>R187,"Y",IF(J187>S187,"Y",IF(K187>T187,"Y",IF(L187>U187,"Y",IF(M187>V187,"Y","N"))))))) -> Y | X187: =IF(W187="Y",MAX((G187-P187),(H187-Q187),(I187-R187),(J187-S187),(K187-T187),(L187-U187),(M187-V187))/10,0) -> 0.12 | Y187: =IF(X187<5%,"0-4.9%",IF(X187<25%,"5-25%",IF(X187<50%,"25-50%","Over 50%"))) -> 5-25% | Z187: Empty | AB187: 6200 | AC187: 3560 | AD187: 10200 | AE187: 7340 | AF187: 5360 | AG187: 6360
A188: 54 | B188: 0.047222222 | C188: UGANDA | D188: =IF(COUNT(G188:M188)>3,10,IF(COUNT(G188:M188)>2,9,7)) -> 10 | F188: 11*22 | G188: =AB188/1000 -> 11.2 | H188: =AC188/1000 -> 8.84 | I188: =AD188/1000 -> 1.22 | J188: =AE188/1000 -> 1.22 | N188: =SUM(G188:M188) -> 22.48 | O188: =(N188/8.16)^4.5 -> 95.604353 | P188: 8 | Q188: 10 | R188: 9 | S188: 9 | T188: 9 | U188: 9 | V188: 9 | W188: =IF(G188>P188,"Y",IF(H188>Q188,"Y",IF(I188>R188,"Y",IF(J188>S188,"Y",IF(K188>T188,"Y",IF(L188>U188,"Y",IF(M188>V188,"Y","N"))))))) -> Y | X188: =IF(W188="Y",MAX((G188-P188),(H188-Q188),(I188-R188),(J188-S188),(K188-T188),(L188-U188),(M188-V188))/10,0) -> 0.32 | Y188: =IF(X188<5%,"0-4.9%",IF(X188<25%,"5-25%",IF(X188<50%,"25-50%","Over 50%"))) -> 25-50% | Z188: Construction Material | AB188: 11200 | AC188: 8840 | AD188: 1220 | AE188: 1220
A189: 56 | B189: 0.057638889 | C189: UGANDA | D189: =IF(COUNT(G189:M189)>3,10,IF(COUNT(G189:M189)>2,9,7)) -> 10 | F189: 11*22 | G189: =AB189/1000 -> 10.96 | H189: =AC189/1000 -> 9.24 | I189: =AD189/1000 -> 10.16 | J189: =AE189/1000 -> 8.6 | K189: =AF189/1000 -> 9.58 | L189: =AG189/1000 -> 9.78 | N189: =SUM(G189:M189) -> 58.32 | O189: =(N189/8.16)^4.5 -> 6975.464 | P189: 8 | Q189: 10 | R189: 9 | S189: 9 | T189: 9 | U189: 9 | V189: 9 | W189: =IF(G189>P189,"Y",IF(H189>Q189,"Y",IF(I189>R189,"Y",IF(J189>S189,"Y",IF(K189>T189,"Y",IF(L189>U189,"Y",IF(M189>V189,"Y","N"))))))) -> Y | X189: =IF(W189="Y",MAX((G189-P189),(H189-Q189),(I189-R189),(J189-S189),(K189-T189),(L189-U189),(M189-V189))/10,0) -> 0.296 | Y189: =IF(X189<5%,"0-4.9%",IF(X189<25%,"5-25%",IF(X189<50%,"25-50%","Over 50%"))) -> 25-50% | Z189: Household retail products | AB189: 10960 | AC189: 9240 | AD189: 10160 | AE189: 8600 | AF189: 9580 | AG189: 9780
A190: 59 | B190: 0.063888889 | C190: UGANDA | D190: =IF(COUNT(G190:M190)>3,10,IF(COUNT(G190:M190)>2,9,7)) -> 10 | F190: 1*22-222 | G190: =AB190/1000 -> 7.06 | H190: =AC190/1000 -> 5.06 | I190: =AD190/1000 -> 8.7 | J190: =AE190/1000 -> 10.32 | K190: =AF190/1000 -> 10.42 | L190: =AG190/1000 -> 8.7 | N190: =SUM(G190:M190) -> 50.26 | O190: =(N190/8.16)^4.5 -> 3571.8685 | P190: 8 | Q190: 10 | R190: 9 | S190: 9 | T190: 9 | U190: 9 | V190: 9 | W190: =IF(G190>P190,"Y",IF(H190>Q190,"Y",IF(I190>R190,"Y",IF(J190>S190,"Y",IF(K190>T190,"Y",IF(L190>U190,"Y",IF(M190>V190,"Y","N"))))))) -> Y | X190: =IF(W190="Y",MAX((G190-P190),(H190-Q190),(I190-R190),(J190-S190),(K190-T190),(L190-U190),(M190-V190))/10,0) -> 0.142 | Y190: =IF(X190<5%,"0-4.9%",IF(X190<25%,"5-25%",IF(X190<50%,"25-50%","Over 50%"))) -> 5-25% | Z190: Empty | AB190: 7060 | AC190: 5060 | AD190: 8700 | AE190: 10320 | AF190: 10420 | AG190: 8700 | AH190: 7700
A191: 60 | B191: 0.075694444 | C191: UGANDA | D191: =IF(COUNT(G191:M191)>3,10,IF(COUNT(G191:M191)>2,9,7)) -> 10 | F191: 1*12-222 | G191: =AB191/1000 -> 7.2 | H191: =AC191/1000 -> 3.2 | I191: =AD191/1000 -> 5.36 | J191: =AE191/1000 -> 3.42 | K191: =AF191/1000 -> 2.46 | L191: =AG191/1000 -> 3.94 | N191: =SUM(G191:M191) -> 25.58 | O191: =(N191/8.16)^4.5 -> 170.98055 | P191: 8 | Q191: 10 | R191: 9 | S191: 9 | T191: 9 | U191: 9 | V191: 9 | W191: =IF(G191>P191,"Y",IF(H191>Q191,"Y",IF(I191>R191,"Y",IF(J191>S191,"Y",IF(K191>T191,"Y",IF(L191>U191,"Y",IF(M191>V191,"Y","N"))))))) -> N | X191: =IF(W191="Y",MAX((G191-P191),(H191-Q191),(I191-R191),(J191-S191),(K191-T191),(L191-U191),(M191-V191))/10,0) -> 0 | Y191: =IF(X191<5%,"0-4.9%",IF(X191<25%,"5-25%",IF(X191<50%,"25-50%","Over 50%"))) -> 0-4.9% | Z191: Empty | AB191: 7200 | AC191: 3200 | AD191: 5360 | AE191: 3420 | AF191: 2460 | AG191: 3940
A192: 68 | B192: 0.13055556 | C192: UGANDA | D192: =IF(COUNT(G192:M192)>3,10,IF(COUNT(G192:M192)>2,9,7)) -> 10 | F192: 1*22-222 | G192: =AB192/1000 -> 6.34 | H192: =AC192/1000 -> 6.96 | I192: =AD192/1000 -> 9.08 | J192: =AE192/1000 -> 8.6 | K192: =AF192/1000 -> 9.06 | L192: =AG192/1000 -> 10.6 | N192: =SUM(G192:M192) -> 50.64 | O192: =(N192/8.16)^4.5 -> 3695.0126 | P192: 8 | Q192: 10 | R192: 9 | S192: 9 | T192: 9 | U192: 9 | V192: 9 | W192: =IF(G192>P192,"Y",IF(H192>Q192,"Y",IF(I192>R192,"Y",IF(J192>S192,"Y",IF(K192>T192,"Y",IF(L192>U192,"Y",IF(M192>V192,"Y","N"))))))) -> Y | X192: =IF(W192="Y",MAX((G192-P192),(H192-Q192),(I192-R192),(J192-S192),(K192-T192),(L192-U192),(M192-V192))/10,0) -> 0.16 | Y192: =IF(X192<5%,"0-4.9%",IF(X192<25%,"5-25%",IF(X192<50%,"25-50%","Over 50%"))) -> 5-25% | Z192: Empty | AB192: 6340 | AC192: 6960 | AD192: 9080 | AE192: 8600 | AF192: 9060 | AG192: 10600
A193: 76 | B193: 0.14930556 | C193: UGANDA | D193: =IF(COUNT(G193:M193)>3,10,IF(COUNT(G193:M193)>2,9,7)) -> 10 | F193: 11*22 | G193: =AB193/1000 -> 9.84 | H193: =AC193/1000 -> 10.98 | I193: =AD193/1000 -> 11 | J193: =AE193/1000 -> 12.06 | N193: =SUM(G193:M193) -> 43.88 | O193: =(N193/8.16)^4.5 -> 1939.0726 | P193: 8 | Q193: 10 | R193: 9 | S193: 9 | T193: 9 | U193: 9 | V193: 9 | W193: =IF(G193>P193,"Y",IF(H193>Q193,"Y",IF(I193>R193,"Y",IF(J193>S193,"Y",IF(K193>T193,"Y",IF(L193>U193,"Y",IF(M193>V193,"Y","N"))))))) -> Y | X193: =IF(W193="Y",MAX((G193-P193),(H193-Q193),(I193-R193),(J193-S193),(K193-T193),(L193-U193),(M193-V193))/10,0) -> 0.306 | Y193: =IF(X193<5%,"0-4.9%",IF(X193<25%,"5-25%",IF(X193<50%,"25-50%","Over 50%"))) -> 25-50% | Z193: Construction Material | AB193: 9840 | AC193: 10980 | AD193: 11000 | AE193: 12060
A194: 78 | B194: 0.15208333 | C194: UGANDA | D194: =IF(COUNT(G194:M194)>3,10,IF(COUNT(G194:M194)>2,9,7)) -> 10 | F194: 1*22+2*22 | G194: =AB194/1000 -> 9.18 | H194: =AC194/1000 -> 11.8 | I194: =AD194/1000 -> 8.92 | J194: =AE194/1000 -> 12.04 | K194: =AF194/1000 -> 9.06 | L194: =AG194/1000 -> 9.02 | N194: =SUM(G194:M194) -> 60.02 | O194: =(N194/8.16)^4.5 -> 7938.2769 | P194: 8 | Q194: 10 | R194: 9 | S194: 9 | T194: 9 | U194: 9 | V194: 9 | W194: =IF(G194>P194,"Y",IF(H194>Q194,"Y",IF(I194>R194,"Y",IF(J194>S194,"Y",IF(K194>T194,"Y",IF(L194>U194,"Y",IF(M194>V194,"Y","N"))))))) -> Y | X194: =IF(W194="Y",MAX((G194-P194),(H194-Q194),(I194-R194),(J194-S194),(K194-T194),(L194-U194),(M194-V194))/10,0) -> 0.304 | Y194: =IF(X194<5%,"0-4.9%",IF(X194<25%,"5-25%",IF(X194<50%,"25-50%","Over 50%"))) -> 25-50% | Z194: Household retail products | AB194: 9180 | AC194: 11800 | AD194: 8920 | AE194: 12040 | AF194: 9060 | AG194: 9020
A195: 81 | B195: 0.15555556 | C195: UGANDA | D195: =IF(COUNT(G195:M195)>3,10,IF(COUNT(G195:M195)>2,9,7)) -> 10 | F195: 1*22-222 | G195: =AB195/1000 -> 6.34 | H195: =AC195/1000 -> 4.22 | I195: =AD195/1000 -> 3.06 | J195: =AE195/1000 -> 3.6 | K195: =AF195/1000 -> 3.4 | N195: =SUM(G195:M195) -> 20.62 | O195: =(N195/8.16)^4.5 -> 64.817647 | P195: 8 | Q195: 10 | R195: 9 | S195: 9 | T195: 9 | U195: 9 | V195: 9 | W195: =IF(G195>P195,"Y",IF(H195>Q195,"Y",IF(I195>R195,"Y",IF(J195>S195,"Y",IF(K195>T195,"Y",IF(L195>U195,"Y",IF(M195>V195,"Y","N"))))))) -> N | X195: =IF(W195="Y",MAX((G195-P195),(H195-Q195),(I195-R195),(J195-S195),(K195-T195),(L195-U195),(M195-V195))/10,0) -> 0 | Y195: =IF(X195<5%,"0-4.9%",IF(X195<25%,"5-25%",IF(X195<50%,"25-50%","Over 50%"))) -> 0-4.9% | Z195: Empty | AB195: 6340 | AC195: 4220 | AD195: 3060 | AE195: 3600 | AF195: 3400
A196: 2 | B196: 0.16388889 | C196: KENYA | D196: =IF(COUNT(G196:M196)>3,10,IF(COUNT(G196:M196)>2,9,7)) -> 10 | F196: 1*22-222 | G196: =AB196/1000 -> 7.08 | H196: =AC196/1000 -> 4.8 | I196: =AD196/1000 -> 11.88 | J196: =AE196/1000 -> 12.48 | N196: =SUM(G196:M196) -> 36.24 | O196: =(N196/8.16)^4.5 -> 819.86271 | P196: 8 | Q196: 10 | R196: 9 | S196: 9 | T196: 9 | U196: 9 | V196: 9 | W196: =IF(G196>P196,"Y",IF(H196>Q196,"Y",IF(I196>R196,"Y",IF(J196>S196,"Y",IF(K196>T196,"Y",IF(L196>U196,"Y",IF(M196>V196,"Y","N"))))))) -> Y | X196: =IF(W196="Y",MAX((G196-P196),(H196-Q196),(I196-R196),(J196-S196),(K196-T196),(L196-U196),(M196-V196))/10,0) -> 0.348 | Y196: =IF(X196<5%,"0-4.9%",IF(X196<25%,"5-25%",IF(X196<50%,"25-50%","Over 50%"))) -> 25-50% | Z196: Empty | AB196: 7080 | AC196: 4800 | AD196: 11880 | AE196: 12480
A197: 3 | B197: 0.16944444 | C197: UGANDA | D197: =IF(COUNT(G197:M197)>3,10,IF(COUNT(G197:M197)>2,9,7)) -> 10 | F197: 11*222 | G197: =AB197/1000 -> 3.88 | H197: =AC197/1000 -> 6.58 | I197: =AD197/1000 -> 3.08 | J197: =AE197/1000 -> 2.82 | K197: =AF197/1000 -> 3.02 | N197: =SUM(G197:M197) -> 19.38 | O197: =(N197/8.16)^4.5 -> 49.032751 | P197: 8 | Q197: 10 | R197: 9 | S197: 9 | T197: 9 | U197: 9 | V197: 9 | W197: =IF(G197>P197,"Y",IF(H197>Q197,"Y",IF(I197>R197,"Y",IF(J197>S197,"Y",IF(K197>T197,"Y",IF(L197>U197,"Y",IF(M197>V197,"Y","N"))))))) -> N | X197: =IF(W197="Y",MAX((G197-P197),(H197-Q197),(I197-R197),(J197-S197),(K197-T197),(L197-U197),(M197-V197))/10,0) -> 0 | Y197: =IF(X197<5%,"0-4.9%",IF(X197<25%,"5-25%",IF(X197<50%,"25-50%","Over 50%"))) -> 0-4.9% | Z197: Empty | AB197: 3880 | AC197: 6580 | AD197: 3080 | AE197: 2820 | AF197: 3020
A198: 4 | B198: 0.17083333 | C198: KENYA | D198: =IF(COUNT(G198:M198)>3,10,IF(COUNT(G198:M198)>2,9,7)) -> 10 | F198: 1*22-222 | G198: =AB198/1000 -> 6.84 | H198: =AC198/1000 -> 4.86 | I198: =AD198/1000 -> 4.44 | J198: =AE198/1000 -> 3.46 | K198: =AF198/1000 -> 2.98 | L198: =AG198/1000 -> 3.4 | N198: =SUM(G198:M198) -> 25.98 | O198: =(N198/8.16)^4.5 -> 183.34558 | P198: 8 | Q198: 10 | R198: 9 | S198: 9 | T198: 9 | U198: 9 | V198: 9 | W198: =IF(G198>P198,"Y",IF(H198>Q198,"Y",IF(I198>R198,"Y",IF(J198>S198,"Y",IF(K198>T198,"Y",IF(L198>U198,"Y",IF(M198>V198,"Y","N"))))))) -> N | X198: =IF(W198="Y",MAX((G198-P198),(H198-Q198),(I198-R198),(J198-S198),(K198-T198),(L198-U198),(M198-V198))/10,0) -> 0 | Y198: =IF(X198<5%,"0-4.9%",IF(X198<25%,"5-25%",IF(X198<50%,"25-50%","Over 50%"))) -> 0-4.9% | Z198: Empty | AB198: 6840 | AC198: 4860 | AD198: 4440 | AE198: 3460 | AF198: 2980 | AG198: 3400
A199: 5 | B199: 0.17430556 | C199: KENYA | D199: =IF(COUNT(G199:M199)>3,10,IF(COUNT(G199:M199)>2,9,7)) -> 10 | F199: 1*22-222 | G199: =AB199/1000 -> 7.32 | H199: =AC199/1000 -> 4.94 | I199: =AD199/1000 -> 8.58 | J199: =AE199/1000 -> 4.44 | K199: =AF199/1000 -> 3.76 | L199: =AG199/1000 -> 3.2 | N199: =SUM(G199:M199) -> 32.24 | O199: =(N199/8.16)^4.5 -> 484.36409 | P199: 8 | Q199: 10 | R199: 9 | S199: 9 | T199: 9 | U199: 9 | V199: 9 | W199: =IF(G199>P199,"Y",IF(H199>Q199,"Y",IF(I199>R199,"Y",IF(J199>S199,"Y",IF(K199>T199,"Y",IF(L199>U199,"Y",IF(M199>V199,"Y","N"))))))) -> N | X199: =IF(W199="Y",MAX((G199-P199),(H199-Q199),(I199-R199),(J199-S199),(K199-T199),(L199-U199),(M199-V199))/10,0) -> 0 | Y199: =IF(X199<5%,"0-4.9%",IF(X199<25%,"5-25%",IF(X199<50%,"25-50%","Over 50%"))) -> 0-4.9% | Z199: Empty | AB199: 7320 | AC199: 4940 | AD199: 8580 | AE199: 4440 | AF199: 3760 | AG199: 3200
...

Sheet Mityana-Kla
A1: Consultancy services for Preparation of Expressway Development Master Plan (EDMP) for Uganda
A2: AXLE LOAD SURVEY FORM
A3: Date: | D3: Station Name: | F3: BUJUUKO
A4: 43704 | H4: KAMPALA-MITYANA
A5: S/No. | B5: Time | C5: Reg. Number | D5: Vehicle Type | E5: Number of Axles | F5: Axle Configuration | G5: Front | H5: KGS | N5: Total (Tonnes) | O5: Total (ESA's) | P5: Load limit (Tonnes) | W5: OVERLOADED? | X5: Overloaded by? | Y5: Overload Bands | Z5: COMMENTS | AB5: Front | AC5: KGS
G6: Axle 1 | H6: Axle 2 | I6: Axle 3 | J6: Axle 4 | K6: Axle 5 | L6: Axle 6 | M6: Axle 7 | P6: Axle 1 | Q6: Axle 2 | R6: Axle 3 | S6: Axle 4 | T6: Axle 5 | U6: Axle 6 | V6: Axle 7 | AB6: Axle 1 | AC6: Axle 2 | AD6: Axle 3 | AE6: Axle 4 | AF6: Axle 5 | AG6: Axle 6 | AH6: Axle 7
A7: 1 | B7: 0.33888889 | C7: UGANDA | D7: =IF(COUNT(G7:M7)>3,10,IF(COUNT(G7:M7)>2,9,7)) -> 7 | F7: 1*2 | G7: =AB7/1000 -> 4.12 | H7: =AC7/1000 -> 10.06 | N7: =SUM(G7:M7) -> 14.18 | O7: =(N7/8.16)^4.5 -> 12.020909 | P7: 8 | Q7: 10 | R7: 9 | S7: 9 | T7: 9 | U7: 9 | V7: 9 | W7: =IF(G7>P7,"Y",IF(H7>Q7,"Y",IF(I7>R7,"Y",IF(J7>S7,"Y",IF(K7>T7,"Y",IF(L7>U7,"Y",IF(M7>V7,"Y","N"))))))) -> Y | X7: =IF(W7="Y",MAX((G7-P7),(H7-Q7),(I7-R7),(J7-S7),(K7-T7),(L7-U7),(M7-V7))/10,0) -> 0.006 | Y7: =IF(X7<5%,"0-4.9%",IF(X7<25%,"5-25%",IF(X7<50%,"25-50%","Over 50%"))) -> 0-4.9% | Z7: Construction Material | AB7: 4120 | AC7: 10060
A8: 3 | B8: 0.40277778 | C8: UGANDA | D8: =IF(COUNT(G8:M8)>3,10,IF(COUNT(G8:M8)>2,9,7)) -> 7 | F8: 1*2 | G8: =AB8/1000 -> 3.68 | H8: =AC8/1000 -> 3.7 | N8: =SUM(G8:M8) -> 7.38 | O8: =(N8/8.16)^4.5 -> 0.63627947 | P8: 8 | Q8: 10 | R8: 9 | S8: 9 | T8: 9 | U8: 9 | V8: 9 | W8: =IF(G8>P8,"Y",IF(H8>Q8,"Y",IF(I8>R8,"Y",IF(J8>S8,"Y",IF(K8>T8,"Y",IF(L8>U8,"Y",IF(M8>V8,"Y","N"))))))) -> N | X8: =IF(W8="Y",MAX((G8-P8),(H8-Q8),(I8-R8),(J8-S8),(K8-T8),(L8-U8),(M8-V8))/10,0) -> 0 | Y8: =IF(X8<5%,"0-4.9%",IF(X8<25%,"5-25%",IF(X8<50%,"25-50%","Over 50%"))) -> 0-4.9% | Z8: Empty | AB8: 3680 | AC8: 3700
A9: 4 | B9: 0.40347222 | C9: UGANDA | D9: =IF(COUNT(G9:M9)>3,10,IF(COUNT(G9:M9)>2,9,7)) -> 7 | F9: 1*2 | G9: =AB9/1000 -> 4.86 | H9: =AC9/1000 -> 10.34 | N9: =SUM(G9:M9) -> 15.2 | O9: =(N9/8.16)^4.5 -> 16.432 | P9: 8 | Q9: 10 | R9: 9 | S9: 9 | T9: 9 | U9: 9 | V9: 9 | W9: =IF(G9>P9,"Y",IF(H9>Q9,"Y",IF(I9>R9,"Y",IF(J9>S9,"Y",IF(K9>T9,"Y",IF(L9>U9,"Y",IF(M9>V9,"Y","N"))))))) -> Y | X9: =IF(W9="Y",MAX((G9-P9),(H9-Q9),(I9-R9),(J9-S9),(K9-T9),(L9-U9),(M9-V9))/10,0) -> 0.034 | Y9: =IF(X9<5%,"0-4.9%",IF(X9<25%,"5-25%",IF(X9<50%,"25-50%","Over 50%"))) -> 0-4.9% | Z9: Construction Material | AB9: 4860 | AC9: 10340
A10: 6 | B10: 0.41319444 | C10: UGANDA | D10: =IF(COUNT(G10:M10)>3,10,IF(COUNT(G10:M10)>2,9,7)) -> 7 | F10: 1*2 | G10: =AB10/1000 -> 4.46 | H10: =AC10/1000 -> 10.98 | N10: =SUM(G10:M10) -> 15.44 | O10: =(N10/8.16)^4.5 -> 17.632225 | P10: 8 | Q10: 10 | R10: 9 | S10: 9 | T10: 9 | U10: 9 | V10: 9 | W10: =IF(G10>P10,"Y",IF(H10>Q10,"Y",IF(I10>R10,"Y",IF(J10>S10,"Y",IF(K10>T10,"Y",IF(L10>U10,"Y",IF(M10>V10,"Y","N"))))))) -> Y | X10: =IF(W10="Y",MAX((G10-P10),(H10-Q10),(I10-R10),(J10-S10),(K10-T10),(L10-U10),(M10-V10))/10,0) -> 0.098 | Y10: =IF(X10<5%,"0-4.9%",IF(X10<25%,"5-25%",IF(X10<50%,"25-50%","Over 50%"))) -> 5-25% | Z10: Construction Material | AB10: 4460 | AC10: 10980
A11: 7 | B11: 0.41666667 | C11: UGANDA | D11: =IF(COUNT(G11:M11)>3,10,IF(COUNT(G11:M11)>2,9,7)) -> 7 | F11: 1*2 | G11: =AB11/1000 -> 3.02 | H11: =AC11/1000 -> 4.48 | N11: =SUM(G11:M11) -> 7.5 | O11: =(N11/8.16)^4.5 -> 0.68417936 | P11: 8 | Q11: 10 | R11: 9 | S11: 9 | T11: 9 | U11: 9 | V11: 9 | W11: =IF(G11>P11,"Y",IF(H11>Q11,"Y",IF(I11>R11,"Y",IF(J11>S11,"Y",IF(K11>T11,"Y",IF(L11>U11,"Y",IF(M11>V11,"Y","N"))))))) -> N | X11: =IF(W11="Y",MAX((G11-P11),(H11-Q11),(I11-R11),(J11-S11),(K11-T11),(L11-U11),(M11-V11))/10,0) -> 0 | Y11: =IF(X11<5%,"0-4.9%",IF(X11<25%,"5-25%",IF(X11<50%,"25-50%","Over 50%"))) -> 0-4.9% | Z11: Others | AB11: 3020 | AC11: 4480
A12: 8 | B12: 0.41736111 | C12: UGANDA | D12: =IF(COUNT(G12:M12)>3,10,IF(COUNT(G12:M12)>2,9,7)) -> 7 | F12: 1*2 | G12: =AB12/1000 -> 4.1 | H12: =AC12/1000 -> 11.66 | N12: =SUM(G12:M12) -> 15.76 | O12: =(N12/8.16)^4.5 -> 19.337363 | P12: 8 | Q12: 10 | R12: 9 | S12: 9 | T12: 9 | U12: 9 | V12: 9 | W12: =IF(G12>P12,"Y",IF(H12>Q12,"Y",IF(I12>R12,"Y",IF(J12>S12,"Y",IF(K12>T12,"Y",IF(L12>U12,"Y",IF(M12>V12,"Y","N"))))))) -> Y | X12: =IF(W12="Y",MAX((G12-P12),(H12-Q12),(I12-R12),(J12-S12),(K12-T12),(L12-U12),(M12-V12))/10,0) -> 0.166 | Y12: =IF(X12<5%,"0-4.9%",IF(X12<25%,"5-25%",IF(X12<50%,"25-50%","Over 50%"))) -> 5-25% | Z12: Construction Material | AB12: 4100 | AC12: 11660
A13: 9 | B13: 0.41944444 | C13: UGANDA | D13: =IF(COUNT(G13:M13)>3,10,IF(COUNT(G13:M13)>2,9,7)) -> 7 | F13: 1*2 | G13: =AB13/1000 -> 8.44 | H13: =AC13/1000 -> 19.88 | N13: =SUM(G13:M13) -> 28.32 | O13: =(N13/8.16)^4.5 -> 270.28 | P13: 8 | Q13: 10 | R13: 9 | S13: 9 | T13: 9 | U13: 9 | V13: 9 | W13: =IF(G13>P13,"Y",IF(H13>Q13,"Y",IF(I13>R13,"Y",IF(J13>S13,"Y",IF(K13>T13,"Y",IF(L13>U13,"Y",IF(M13>V13,"Y","N"))))))) -> Y | X13: =IF(W13="Y",MAX((G13-P13),(H13-Q13),(I13-R13),(J13-S13),(K13-T13),(L13-U13),(M13-V13))/10,0) -> 0.988 | Y13: =IF(X13<5%,"0-4.9%",IF(X13<25%,"5-25%",IF(X13<50%,"25-50%","Over 50%"))) -> Over 50% | Z13: Construction Material | AB13: 8440 | AC13: 19880
A14: 10 | B14: 0.42152778 | C14: UGANDA | D14: =IF(COUNT(G14:M14)>3,10,IF(COUNT(G14:M14)>2,9,7)) -> 7 | F14: 1*2 | G14: =AB14/1000 -> 3.4 | H14: =AC14/1000 -> 4.64 | N14: =SUM(G14:M14) -> 8.04 | O14: =(N14/8.16)^4.5 -> 0.93550584 | P14: 8 | Q14: 10 | R14: 9 | S14: 9 | T14: 9 | U14: 9 | V14: 9 | W14: =IF(G14>P14,"Y",IF(H14>Q14,"Y",IF(I14>R14,"Y",IF(J14>S14,"Y",IF(K14>T14,"Y",IF(L14>U14,"Y",IF(M14>V14,"Y","N"))))))) -> N | X14: =IF(W14="Y",MAX((G14-P14),(H14-Q14),(I14-R14),(J14-S14),(K14-T14),(L14-U14),(M14-V14))/10,0) -> 0 | Y14: =IF(X14<5%,"0-4.9%",IF(X14<25%,"5-25%",IF(X14<50%,"25-50%","Over 50%"))) -> 0-4.9% | Z14: Household retail products | AB14: 3400 | AC14: 4640
A15: 11 | B15: 0.42222222 | C15: UGANDA | D15: =IF(COUNT(G15:M15)>3,10,IF(COUNT(G15:M15)>2,9,7)) -> 7 | F15: 1*2 | G15: =AB15/1000 -> 3.6 | H15: =AC15/1000 -> 4.86 | N15: =SUM(G15:M15) -> 8.46 | O15: =(N15/8.16)^4.5 -> 1.176416 | P15: 8 | Q15: 10 | R15: 9 | S15: 9 | T15: 9 | U15: 9 | V15: 9 | W15: =IF(G15>P15,"Y",IF(H15>Q15,"Y",IF(I15>R15,"Y",IF(J15>S15,"Y",IF(K15>T15,"Y",IF(L15>U15,"Y",IF(M15>V15,"Y","N"))))))) -> N | X15: =IF(W15="Y",MAX((G15-P15),(H15-Q15),(I15-R15),(J15-S15),(K15-T15),(L15-U15),(M15-V15))/10,0) -> 0 | Y15: =IF(X15<5%,"0-4.9%",IF(X15<25%,"5-25%",IF(X15<50%,"25-50%","Over 50%"))) -> 0-4.9% | Z15: Empty | AB15: 3600 | AC15: 4860
A16: 12 | B16: 0.425 | C16: UGANDA | D16: =IF(COUNT(G16:M16)>3,10,IF(COUNT(G16:M16)>2,9,7)) -> 7 | F16: 1*2 | G16: =AB16/1000 -> 5.68 | H16: =AC16/1000 -> 16.02 | N16: =SUM(G16:M16) -> 21.7 | O16: =(N16/8.16)^4.5 -> 81.557347 | P16: 8 | Q16: 10 | R16: 9 | S16: 9 | T16: 9 | U16: 9 | V16: 9 | W16: =IF(G16>P16,"Y",IF(H16>Q16,"Y",IF(I16>R16,"Y",IF(J16>S16,"Y",IF(K16>T16,"Y",IF(L16>U16,"Y",IF(M16>V16,"Y","N"))))))) -> Y | X16: =IF(W16="Y",MAX((G16-P16),(H16-Q16),(I16-R16),(J16-S16),(K16-T16),(L16-U16),(M16-V16))/10,0) -> 0.602 | Y16: =IF(X16<5%,"0-4.9%",IF(X16<25%,"5-25%",IF(X16<50%,"25-50%","Over 50%"))) -> Over 50% | Z16: Construction Material | AB16: 5680 | AC16: 16020
A17: 13 | B17: 0.42638889 | C17: UGANDA | D17: =IF(COUNT(G17:M17)>3,10,IF(COUNT(G17:M17)>2,9,7)) -> 7 | F17: 1*2 | G17: =AB17/1000 -> 4.36 | H17: =AC17/1000 -> 5.14 | N17: =SUM(G17:M17) -> 9.5 | O17: =(N17/8.16)^4.5 -> 1.9822139 | P17: 8 | Q17: 10 | R17: 9 | S17: 9 | T17: 9 | U17: 9 | V17: 9 | W17: =IF(G17>P17,"Y",IF(H17>Q17,"Y",IF(I17>R17,"Y",IF(J17>S17,"Y",IF(K17>T17,"Y",IF(L17>U17,"Y",IF(M17>V17,"Y","N"))))))) -> N | X17: =IF(W17="Y",MAX((G17-P17),(H17-Q17),(I17-R17),(J17-S17),(K17-T17),(L17-U17),(M17-V17))/10,0) -> 0 | Y17: =IF(X17<5%,"0-4.9%",IF(X17<25%,"5-25%",IF(X17<50%,"25-50%","Over 50%"))) -> 0-4.9% | Z17: Empty | AB17: 4360 | AC17: 5140
A18: 14 | B18: 0.42638889 | C18: UGANDA | D18: =IF(COUNT(G18:M18)>3,10,IF(COUNT(G18:M18)>2,9,7)) -> 7 | F18: 1*2 | G18: =AB18/1000 -> 10.72 | H18: =AC18/1000 -> 14.66 | N18: =SUM(G18:M18) -> 25.38 | O18: =(N18/8.16)^4.5 -> 165.04659 | P18: 8 | Q18: 10 | R18: 9 | S18: 9 | T18: 9 | U18: 9 | V18: 9 | W18: =IF(G18>P18,"Y",IF(H18>Q18,"Y",IF(I18>R18,"Y",IF(J18>S18,"Y",IF(K18>T18,"Y",IF(L18>U18,"Y",IF(M18>V18,"Y","N"))))))) -> Y | X18: =IF(W18="Y",MAX((G18-P18),(H18-Q18),(I18-R18),(J18-S18),(K18-T18),(L18-U18),(M18-V18))/10,0) -> 0.466 | Y18: =IF(X18<5%,"0-4.9%",IF(X18<25%,"5-25%",IF(X18<50%,"25-50%","Over 50%"))) -> 25-50% | Z18: Agricultural produce | AB18: 10720 | AC18: 14660
... A115: 61 | B115: 0.094444444 | C115: UGANDA | D115: =IF(COUNT(G115:M115)>3,10,IF(COUNT(G115:M115)>2,9,7)) -> 7 | F115: 1*2 | G115: =AB115/1000 -> 4 | H115: =AC115/1000 -> 4.8 | N115: =SUM(G115:M115) -> 8.8 | O115: =(N115/8.16)^4.5 -> 1.4046441 | P115: 8 | Q115: 10 | R115: 9 | S115: 9 | T115: 9 | U115: 9 | V115: 9 | W115: =IF(G115>P115,"Y",IF(H115>Q115,"Y",IF(I115>R115,"Y",IF(J115>S115,"Y",IF(K115>T115,"Y",IF(L115>U115,"Y",IF(M115>V115,"Y","N"))))))) -> N | X115: =IF(W115="Y",MAX((G115-P115),(H115-Q115),(I115-R115),(J115-S115),(K115-T115),(L115-U115),(M115-V115))/10,0) -> 0 | Y115: =IF(X115<5%,"0-4.9%",IF(X115<25%,"5-25%",IF(X115<50%,"25-50%","Over 50%"))) -> 0-4.9% | Z115: Household retail products | AB115: 4000 | AC115: 4800
A116: 2 | B116: 0.33958333 | C116: UGANDA | D116: =IF(COUNT(G116:M116)>3,10,IF(COUNT(G116:M116)>2,9,7)) -> 9 | F116: 1*22 | G116: =AB116/1000 -> 7.76 | H116: =AC116/1000 -> 1.184 | I116: =AD116/1000 -> 11.82 | N116: =SUM(G116:M116) -> 20.764 | O116: =(N116/8.16)^4.5 -> 66.879632 | P116: 8 | Q116: 10 | R116: 9 | S116: 9 | T116: 9 | U116: 9 | V116: 9 | W116: =IF(G116>P116,"Y",IF(H116>Q116,"Y",IF(I116>R116,"Y",IF(J116>S116,"Y",IF(K116>T116,"Y",IF(L116>U116,"Y",IF(M116>V116,"Y","N"))))))) -> Y | X116: =IF(W116="Y",MAX((G116-P116),(H116-Q116),(I116-R116),(J116-S116),(K116-T116),(L116-U116),(M116-V116))/10,0) -> 0.282 | Y116: =IF(X116<5%,"0-4.9%",IF(X116<25%,"5-25%",IF(X116<50%,"25-50%","Over 50%"))) -> 25-50% | Z116: Agricultural produce | AB116: 7760 | AC116: 1184 | AD116: 11820
A117: 17 | B117: 0.42847222 | C117: UGANDA | D117: =IF(COUNT(G117:M117)>3,10,IF(COUNT(G117:M117)>2,9,7)) -> 9 | F117: 11*2 | G117: =AB117/1000 -> 4.88 | H117: =AC117/1000 -> 4.78 | I117: =AD117/1000 -> 3.04 | N117: =SUM(G117:M117) -> 12.7 | O117: =(N117/8.16)^4.5 -> 7.3199991 | P117: 8 | Q117: 10 | R117: 9 | S117: 9 | T117: 9 | U117: 9 | V117: 9 | W117: =IF(G117>P117,"Y",IF(H117>Q117,"Y",IF(I117>R117,"Y",IF(J117>S117,"Y",IF(K117>T117,"Y",IF(L117>U117,"Y",IF(M117>V117,"Y","N"))))))) -> N | X117: =IF(W117="Y",MAX((G117-P117),(H117-Q117),(I117-R117),(J117-S117),(K117-T117),(L117-U117),(M117-V117))/10,0) -> 0 | Y117: =IF(X117<5%,"0-4.9%",IF(X117<25%,"5-25%",IF(X117<50%,"25-50%","Over 50%"))) -> 0-4.9% | Z117: Empty | AB117: 4880 | AC117: 4780 | AD117: 3040
A118: 37 | B118: 0.50069444 | C118: UGANDA | D118: =IF(COUNT(G118:M118)>3,10,IF(COUNT(G118:M118)>2,9,7)) -> 9 | F118: 1*22 | G118: =AB118/1000 -> 4.4 | H118: =AC118/1000 -> 5.6 | I118: =AD118/1000 -> 5.36 | N118: =SUM(G118:M118) -> 15.36 | O118: =(N118/8.16)^4.5 -> 17.224823 | P118: 8 | Q118: 10 | R118: 9 | S118: 9 | T118: 9 | U118: 9 | V118: 9 | W118: =IF(G118>P118,"Y",IF(H118>Q118,"Y",IF(I118>R118,"Y",IF(J118>S118,"Y",IF(K118>T118,"Y",IF(L118>U118,"Y",IF(M118>V118,"Y","N"))))))) -> N | X118: =IF(W118="Y",MAX((G118-P118),(H118-Q118),(I118-R118),(J118-S118),(K118-T118),(L118-U118),(M118-V118))/10,0) -> 0 | Y118: =IF(X118<5%,"0-4.9%",IF(X118<25%,"5-25%",IF(X118<50%,"25-50%","Over 50%"))) -> 0-4.9% | Z118: Empty | AB118: 4400 | AC118: 5600 | AD118: 5360
A119: 48 | B119: 0.11388889 | C119: UGANDA | D119: =IF(COUNT(G119:M119)>3,10,IF(COUNT(G119:M119)>2,9,7)) -> 9 | F119: 1*22 | G119: =AB119/1000 -> 6.64 | H119: =AC119/1000 -> 10.74 | I119: =AD119/1000 -> 10.28 | N119: =SUM(G119:M119) -> 27.66 | O119: =(N119/8.16)^4.5 -> 243.06872 | P119: 8 | Q119: 10 | R119: 9 | S119: 9 | T119: 9 | U119: 9 | V119: 9 | W119: =IF(G119>P119,"Y",IF(H119>Q119,"Y",IF(I119>R119,"Y",IF(J119>S119,"Y",IF(K119>T119,"Y",IF(L119>U119,"Y",IF(M119>V119,"Y","N"))))))) -> Y | X119: =IF(W119="Y",MAX((G119-P119),(H119-Q119),(I119-R119),(J119-S119),(K119-T119),(L119-U119),(M119-V119))/10,0) -> 0.128 | Y119: =IF(X119<5%,"0-4.9%",IF(X119<25%,"5-25%",IF(X119<50%,"25-50%","Over 50%"))) -> 5-25% | Z119: Construction Material | AB119: 6640 | AC119: 10740 | AD119: 10280
A120: 49 | B120: 0.11805556 | C120: UGANDA | D120: =IF(COUNT(G120:M120)>3,10,IF(COUNT(G120:M120)>2,9,7)) -> 9 | F120: 1*22 | G120: =AB120/1000 -> 6.04 | H120: =AC120/1000 -> 10.28 | I120: =AD120/1000 -> 10.24 | N120: =SUM(G120:M120) -> 26.56 | O120: =(N120/8.16)^4.5 -> 202.49794 | P120: 8 | Q120: 10 | R120: 9 | S120: 9 | T120: 9 | U120: 9 | V120: 9 | W120: =IF(G120>P120,"Y",IF(H120>Q120,"Y",IF(I120>R120,"Y",IF(J120>S120,"Y",IF(K120>T120,"Y",IF(L120>U120,"Y",IF(M120>V120,"Y","N"))))))) -> Y | X120: =IF(W120="Y",MAX((G120-P120),(H120-Q120),(I120-R120),(J120-S120),(K120-T120),(L120-U120),(M120-V120))/10,0) -> 0.124 | Y120: =IF(X120<5%,"0-4.9%",IF(X120<25%,"5-25%",IF(X120<50%,"25-50%","Over 50%"))) -> 5-25% | Z120: Construction Material | AB120: 6040 | AC120: 10280 | AD120: 10240
A121: 55 | B121: 0.14583333 | C121: UGANDA | D121: =IF(COUNT(G121:M121)>3,10,IF(COUNT(G121:M121)>2,9,7)) -> 9 | F121: 1*22 | G121: =AB121/1000 -> 5.36 | H121: =AC121/1000 -> 10.1 | I121: =AD121/1000 -> 4.26 | N121: =SUM(G121:M121) -> 19.72 | O121: =(N121/8.16)^4.5 -> 53.024354 | P121: 8 | Q121: 10 | R121: 9 | S121: 9 | T121: 9 | U121: 9 | V121: 9 | W121: =IF(G121>P121,"Y",IF(H121>Q121,"Y",IF(I121>R121,"Y",IF(J121>S121,"Y",IF(K121>T121,"Y",IF(L121>U121,"Y",IF(M121>V121,"Y","N"))))))) -> Y | X121: =IF(W121="Y",MAX((G121-P121),(H121-Q121),(I121-R121),(J121-S121),(K121-T121),(L121-U121),(M121-V121))/10,0) -> 0.01 | Y121: =IF(X121<5%,"0-4.9%",IF(X121<25%,"5-25%",IF(X121<50%,"25-50%","Over 50%"))) -> 0-4.9% | Z121: Agricultural produce | AB121: 5360 | AC121: 10100 | AD121: 4260
A122: 19 | B122: 0.37430556 | C122: UGANDA | D122: =IF(COUNT(G122:M122)>3,10,IF(COUNT(G122:M122)>2,9,7)) -> 9 | F122: 1*22 | G122: =AB122/1000 -> 8.82 | H122: =AC122/1000 -> 12.36 | I122: =AD122/1000 -> 10.82 | N122: =SUM(G122:M122) -> 32 | O122: =(N122/8.16)^4.5 -> 468.34856 | P122: 8 | Q122: 10 | R122: 9 | S122: 9 | T122: 9 | U122: 9 | V122: 9 | W122: =IF(G122>P122,"Y",IF(H122>Q122,"Y",IF(I122>R122,"Y",IF(J122>S122,"Y",IF(K122>T122,"Y",IF(L122>U122,"Y",IF(M122>V122,"Y","N"))))))) -> Y | X122: =IF(W122="Y",MAX((G122-P122),(H122-Q122),(I122-R122),(J122-S122),(K122-T122),(L122-U122),(M122-V122))/10,0) -> 0.236 | Y122: =IF(X122<5%,"0-4.9%",IF(X122<25%,"5-25%",IF(X122<50%,"25-50%","Over 50%"))) -> 5-25% | Z122: Metal/machinery | AB122: 8820 | AC122: 12360 | AD122: 10820
A123: 32 | B123: 0.44652778 | C123: UGANDA | D123: =IF(COUNT(G123:M123)>3,10,IF(COUNT(G123:M123)>2,9,7)) -> 9 | F123: 1*22 | G123: =AB123/1000 -> 10.1 | H123: =AC123/1000 -> 14.24 | I123: =AD123/1000 -> 13.64 | N123: =SUM(G123:M123) -> 37.98 | O123: =(N123/8.16)^4.5 -> 1012.492 | P123: 8 | Q123: 10 | R123: 9 | S123: 9 | T123: 9 | U123: 9 | V123: 9 | W123: =IF(G123>P123,"Y",IF(H123>Q123,"Y",IF(I123>R123,"Y",IF(J123>S123,"Y",IF(K123>T123,"Y",IF(L123>U123,"Y",IF(M123>V123,"Y","N"))))))) -> Y | X123: =IF(W123="Y",MAX((G123-P123),(H123-Q123),(I123-R123),(J123-S123),(K123-T123),(L123-U123),(M123-V123))/10,0) -> 0.464 | Y123: =IF(X123<5%,"0-4.9%",IF(X123<25%,"5-25%",IF(X123<50%,"25-50%","Over 50%"))) -> 25-50% | Z123: Construction Material | AB123: 10100 | AC123: 14240 | AD123: 13640
A124: 54 | B124: 0.48472222 | C124: UGANDA | D124: =IF(COUNT(G124:M124)>3,10,IF(COUNT(G124:M124)>2,9,7)) -> 9 | F124: 1*21 | G124: =AB124/1000 -> 10.34 | H124: =AC124/1000 -> 13.04 | I124: =AD124/1000 -> 6.06 | N124: =SUM(G124:M124) -> 29.44 | O124: =(N124/8.16)^4.5 -> 321.82102 | P124: 8 | Q124: 10 | R124: 9 | S124: 9 | T124: 9 | U124: 9 | V124: 9 | W124: =IF(G124>P124,"Y",IF(H124>Q124,"Y",IF(I124>R124,"Y",IF(J124>S124,"Y",IF(K124>T124,"Y",IF(L124>U124,"Y",IF(M124>V124,"Y","N"))))))) -> Y | X124: =IF(W124="Y",MAX((G124-P124),(H124-Q124),(I124-R124),(J124-S124),(K124-T124),(L124-U124),(M124-V124))/10,0) -> 0.304 | Y124: =IF(X124<5%,"0-4.9%",IF(X124<25%,"5-25%",IF(X124<50%,"25-50%","Over 50%"))) -> 25-50% | Z124: Others | AB124: 10340 | AC124: 13040 | AD124: 6060
A125: 10 | B125: 0.51041667 | C125: UGANDA | D125: =IF(COUNT(G125:M125)>3,10,IF(COUNT(G125:M125)>2,9,7)) -> 9 | F125: 1*22 | G125: =AB125/1000 -> 7.1 | H125: =AC125/1000 -> 7.49 | I125: =AD125/1000 -> 4.29 | N125: =SUM(G125:M125) -> 18.88 | O125: =(N125/8.16)^4.5 -> 43.591643 | P125: 8 | Q125: 10 | R125: 9 | S125: 9 | T125: 9 | U125: 9 | V125: 9 | W125: =IF(G125>P125,"Y",IF(H125>Q125,"Y",IF(I125>R125,"Y",IF(J125>S125,"Y",IF(K125>T125,"Y",IF(L125>U125,"Y",IF(M125>V125,"Y","N"))))))) -> N | X125: =IF(W125="Y",MAX((G125-P125),(H125-Q125),(I125-R125),(J125-S125),(K125-T125),(L125-U125),(M125-V125))/10,0) -> 0 | Y125: =IF(X125<5%,"0-4.9%",IF(X125<25%,"5-25%",IF(X125<50%,"25-50%","Over 50%"))) -> 0-4.9% | Z125: Agricultural produce | AB125: 7100 | AC125: 7490 | AD125: 4290
A126: 11 | B126: 0.5125 | C126: UGANDA | D126: =IF(COUNT(G126:M126)>3,10,IF(COUNT(G126:M126)>2,9,7)) -> 9 | F126: 1*22 | G126: =AB126/1000 -> 0.78 | H126: =AC126/1000 -> 9.84 | I126: =AD126/1000 -> 4.74 | N126: =SUM(G126:M126) -> 15.36 | O126: =(N126/8.16)^4.5 -> 17.224823 | P126: 8 | Q126: 10 | R126: 9 | S126: 9 | T126: 9 | U126: 9 | V126: 9 | W126: =IF(G126>P126,"Y",IF(H126>Q126,"Y",IF(I126>R126,"Y",IF(J126>S126,"Y",IF(K126>T126,"Y",IF(L126>U126,"Y",IF(M126>V126,"Y","N"))))))) -> N | X126: =IF(W126="Y",MAX((G126-P126),(H126-Q126),(I126-R126),(J126-S126),(K126-T126),(L126-U126),(M126-V126))/10,0) -> 0 | Y126: =IF(X126<5%,"0-4.9%",IF(X126<25%,"5-25%",IF(X126<50%,"25-50%","Over 50%"))) -> 0-4.9% | Z126: Empty | AB126: 780 | AC126: 9840 | AD126: 4740
A127: 12 | B127: 0.51319444 | C127: UGANDA | D127: =IF(COUNT(G127:M127)>3,10,IF(COUNT(G127:M127)>2,9,7)) -> 9 | F127: 1*22 | G127: =AB127/1000 -> 9.4 | H127: =AC127/1000 -> 14.9 | I127: =AD127/1000 -> 16.3 | N127: =SUM(G127:M127) -> 40.6 | O127: =(N127/8.16)^4.5 -> 1366.9777 | P127: 8 | Q127: 10 | R127: 9 | S127: 9 | T127: 9 | U127: 9 | V127: 9 | W127: =IF(G127>P127,"Y",IF(H127>Q127,"Y",IF(I127>R127,"Y",IF(J127>S127,"Y",IF(K127>T127,"Y",IF(L127>U127,"Y",IF(M127>V127,"Y","N"))))))) -> Y | X127: =IF(W127="Y",MAX((G127-P127),(H127-Q127),(I127-R127),(J127-S127),(K127-T127),(L127-U127),(M127-V127))/10,0) -> 0.73 | Y127: =IF(X127<5%,"0-4.9%",IF(X127<25%,"5-25%",IF(X127<50%,"25-50%","Over 50%"))) -> Over 50% | Z127: Construction Material | AB127: 9400 | AC127: 14900 | AD127: 16300
... A131: 54 | B131: 0.085416667 | C131: UGANDA | D131: =IF(COUNT(G131:M131)>3,10,IF(COUNT(G131:M131)>2,9,7)) -> 9 | F131: 1*22 | G131: =AB131/1000 -> 8.16 | H131: =AC131/1000 -> 8.04 | I131: =AD131/1000 -> 10.72 | N131: =SUM(G131:M131) -> 26.92 | O131: =(N131/8.16)^4.5 -> 215.14539 | P131: 8 | Q131: 10 | R131: 9 | S131: 9 | T131: 9 | U131: 9 | V131: 9 | W131: =IF(G131>P131,"Y",IF(H131>Q131,"Y",IF(I131>R131,"Y",IF(J131>S131,"Y",IF(K131>T131,"Y",IF(L131>U131,"Y",IF(M131>V131,"Y","N"))))))) -> Y | X131: =IF(W131="Y",MAX((G131-P131),(H131-Q131),(I131-R131),(J131-S131),(K131-T131),(L131-U131),(M131-V131))/10,0) -> 0.172 | Y131: =IF(X131<5%,"0-4.9%",IF(X131<25%,"5-25%",IF(X131<50%,"25-50%","Over 50%"))) -> 5-25% | Z131: Construction Material | AB131: 8160 | AC131: 8040 | AD131: 10720
A132: 5 | B132: 0.40902778 | C132: UGANDA | D132: =IF(COUNT(G132:M132)>3,10,IF(COUNT(G132:M132)>2,9,7)) -> 10 | F132: 11*222 | G132: =AB132/1000 -> 11.84 | H132: =AC132/1000 -> 12.72 | I132: =AD132/1000 -> 21.64 | J132: =AE132/1000 -> 14.14 | K132: =AF132/1000 -> 1.44 | L132: =AG132/1000 -> 0 | M132: =AH132/1000 -> 0 | N132: =SUM(G132:M132) -> 61.78 | O132: =(N132/8.16)^4.5 -> 9040.8623 | P132: 8 | Q132: 10 | R132: 9 | S132: 9 | T132: 9 | U132: 9 | V132: 9 | W132: =IF(G132>P132,"Y",IF(H132>Q132,"Y",IF(I132>R132,"Y",IF(J132>S132,"Y",IF(K132>T132,"Y",IF(L132>U132,"Y",IF(M132>V132,"Y","N"))))))) -> Y | X132: =IF(W132="Y",MAX((G132-P132),(H132-Q132),(I132-R132),(J132-S132),(K132-T132),(L132-U132),(M132-V132))/10,0) -> 1.264 | Y132: =IF(X132<5%,"0-4.9%",IF(X132<25%,"5-25%",IF(X132<50%,"25-50%","Over 50%"))) -> Over 50% | Z132: Agricultural produce | AB132: 11840 | AC132: 12720 | AD132: 21640 | AE132: 14140 | AF132: 1440
A133: 18 | B133: 0.4375 | C133: UGANDA | D133: =IF(COUNT(G133:M133)>3,10,IF(COUNT(G133:M133)>2,9,7)) -> 10 | F133: 1*22-222 | G133: =AB133/1000 -> 8.12 | H133: =AC133/1000 -> 14.42 | I133: =AD133/1000 -> 12.52 | J133: =AE133/1000 -> 12.08 | K133: =AF133/1000 -> 13.42 | L133: =AG133/1000 -> 14.9 | M133: =AH133/1000 -> 0 | N133: =SUM(G133:M133) -> 75.46 | O133: =(N133/8.16)^4.5 -> 22239.237 | P133: 8 | Q133: 10 | R133: 9 | S133: 9 | T133: 9 | U133: 9 | V133: 9 | W133: =IF(G133>P133,"Y",IF(H133>Q133,"Y",IF(I133>R133,"Y",IF(J133>S133,"Y",IF(K133>T133,"Y",IF(L133>U133,"Y",IF(M133>V133,"Y","N"))))))) -> Y | X133: =IF(W133="Y",MAX((G133-P133),(H133-Q133),(I133-R133),(J133-S133),(K133-T133),(L133-U133),(M133-V133))/10,0) -> 0.59 | Y133: =IF(X133<5%,"0-4.9%",IF(X133<25%,"5-25%",IF(X133<50%,"25-50%","Over 50%"))) -> Over 50% | Z133: Construction Material | AB133: 8120 | AC133: 14420 | AD133: 12520 | AE133: 12080 | AF133: 13420 | AG133: 14900
A134: 19 | B134: 0.43958333 | C134: UGANDA | D134: =IF(COUNT(G134:M134)>3,10,IF(COUNT(G134:M134)>2,9,7)) -> 10 | F134: 1*22-222 | G134: =AB134/1000 -> 7.54 | H134: =AC134/1000 -> 14.62 | I134: =AD134/1000 -> 12.86 | J134: =AE134/1000 -> 11.1 | K134: =AF134/1000 -> 7.46 | L134: =AG134/1000 -> 11.08 | M134: =AH134/1000 -> 0 | N134: =SUM(G134:M134) -> 64.66 | O134: =(N134/8.16)^4.5 -> 11098.261 | P134: 8 | Q134: 10 | R134: 9 | S134: 9 | T134: 9 | U134: 9 | V134: 9 | W134: =IF(G134>P134,"Y",IF(H134>Q134,"Y",IF(I134>R134,"Y",IF(J134>S134,"Y",IF(K134>T134,"Y",IF(L134>U134,"Y",IF(M134>V134,"Y","N"))))))) -> Y | X134: =IF(W134="Y",MAX((G134-P134),(H134-Q134),(I134-R134),(J134-S134),(K134-T134),(L134-U134),(M134-V134))/10,0) -> 0.462 | Y134: =IF(X134<5%,"0-4.9%",IF(X134<25%,"5-25%",IF(X134<50%,"25-50%","Over 50%"))) -> 25-50% | Z134: Construction Material | AB134: 7540 | AC134: 14620 | AD134: 12860 | AE134: 11100 | AF134: 7460 | AG134: 11080
A135: 21 | B135: 0.4625 | C135: UGANDA | D135: =IF(COUNT(G135:M135)>3,10,IF(COUNT(G135:M135)>2,9,7)) -> 10 | F135: 1*22-222 | G135: =AB135/1000 -> 7.54 | H135: =AC135/1000 -> 14.62 | I135: =AD135/1000 -> 12.86 | J135: =AE135/1000 -> 11.1 | K135: =AF135/1000 -> 7.46 | L135: =AG135/1000 -> 11.08 | M135: =AH135/1000 -> 0 | N135: =SUM(G135:M135) -> 64.66 | O135: =(N135/8.16)^4.5 -> 11098.261 | P135: 8 | Q135: 10 | R135: 9 | S135: 9 | T135: 9 | U135: 9 | V135: 9 | W135: =IF(G135>P135,"Y",IF(H135>Q135,"Y",IF(I135>R135,"Y",IF(J135>S135,"Y",IF(K135>T135,"Y",IF(L135>U135,"Y",IF(M135>V135,"Y","N"))))))) -> Y | X135: =IF(W135="Y",MAX((G135-P135),(H135-Q135),(I135-R135),(J135-S135),(K135-T135),(L135-U135),(M135-V135))/10,0) -> 0.462 | Y135: =IF(X135<5%,"0-4.9%",IF(X135<25%,"5-25%",IF(X135<50%,"25-50%","Over 50%"))) -> 25-50% | Z135: Empty | AB135: 7540 | AC135: 14620 | AD135: 12860 | AE135: 11100 | AF135: 7460 | AG135: 11080
A136: 24 | B136: 0.48472222 | C136: UGANDA | D136: =IF(COUNT(G136:M136)>3,10,IF(COUNT(G136:M136)>2,9,7)) -> 10 | F136: 1*2-222 | G136: =AB136/1000 -> 7.06 | H136: =AC136/1000 -> 5.12 | I136: =AD136/1000 -> 6.82 | J136: =AE136/1000 -> 2.82 | K136: =AF136/1000 -> 2.04 | L136: =AG136/1000 -> 0 | M136: =AH136/1000 -> 0 | N136: =SUM(G136:M136) -> 23.86 | O136: =(N136/8.16)^4.5 -> 125.00036 | P136: 8 | Q136: 10 | R136: 9 | S136: 9 | T136: 9 | U136: 9 | V136: 9 | W136: =IF(G136>P136,"Y",IF(H136>Q136,"Y",IF(I136>R136,"Y",IF(J136>S136,"Y",IF(K136>T136,"Y",IF(L136>U136,"Y",IF(M136>V136,"Y","N"))))))) -> N | X136: =IF(W136="Y",MAX((G136-P136),(H136-Q136),(I136-R136),(J136-S136),(K136-T136),(L136-U136),(M136-V136))/10,0) -> 0 | Y136: =IF(X136<5%,"0-4.9%",IF(X136<25%,"5-25%",IF(X136<50%,"25-50%","Over 50%"))) -> 0-4.9% | Z136: Empty | AB136: 7060 | AC136: 5120 | AD136: 6820 | AE136: 2820 | AF136: 2040
A137: 25 | B137: 0.49027778 | C137: UGANDA | D137: =IF(COUNT(G137:M137)>3,10,IF(COUNT(G137:M137)>2,9,7)) -> 10 | F137: 11*222 | G137: =AB137/1000 -> 9.88 | H137: =AC137/1000 -> 1.35 | I137: =AD137/1000 -> 7.06 | J137: =AE137/1000 -> 8.06 | K137: =AF137/1000 -> 7.04 | L137: =AG137/1000 -> 0 | M137: =AH137/1000 -> 0 | N137: =SUM(G137:M137) -> 33.39 | O137: =(N137/8.16)^4.5 -> 567.11113 | P137: 8 | Q137: 10 | R137: 9 | S137: 9 | T137: 9 | U137: 9 | V137: 9 | W137: =IF(G137>P137,"Y",IF(H137>Q137,"Y",IF(I137>R137,"Y",IF(J137>S137,"Y",IF(K137>T137,"Y",IF(L137>U137,"Y",IF(M137>V137,"Y","N"))))))) -> Y | X137: =IF(W137="Y",MAX((G137-P137),(H137-Q137),(I137-R137),(J137-S137),(K137-T137),(L137-U137),(M137-V137))/10,0) -> 0.188 | Y137: =IF(X137<5%,"0-4.9%",IF(X137<25%,"5-25%",IF(X137<50%,"25-50%","Over 50%"))) -> 5-25% | Z137: Agricultural produce | AB137: 9880 | AC137: 1350 | AD137: 7060 | AE137: 8060 | AF137: 7040
A138: 28 | B138: 0.50694444 | C138: UGANDA | D138: =IF(COUNT(G138:M138)>3,10,IF(COUNT(G138:M138)>2,9,7)) -> 10 | F138: 1*12-222 | G138: =AB138/1000 -> 7.02 | H138: =AC138/1000 -> 6.36 | I138: =AD138/1000 -> 9.32 | J138: =AE138/1000 -> 9.02 | K138: =AF138/1000 -> 8.68 | L138: =AG138/1000 -> 9.24 | M138: =AH138/1000 -> 0 | N138: =SUM(G138:M138) -> 49.64 | O138: =(N138/8.16)^4.5 -> 3377.8259 | P138: 8 | Q138: 10 | R138: 9 | S138: 9 | T138: 9 | U138: 9 | V138: 9 | W138: =IF(G138>P138,"Y",IF(H138>Q138,"Y",IF(I138>R138,"Y",IF(J138>S138,"Y",IF(K138>T138,"Y",IF(L138>U138,"Y",IF(M138>V138,"Y","N"))))))) -> Y | X138: =IF(W138="Y",MAX((G138-P138),(H138-Q138),(I138-R138),(J138-S138),(K138-T138),(L138-U138),(M138-V138))/10,0) -> 0.032 | Y138: =IF(X138<5%,"0-4.9%",IF(X138<25%,"5-25%",IF(X138<50%,"25-50%","Over 50%"))) -> 0-4.9% | Z138: Others | AB138: 7020 | AC138: 6360 | AD138: 9320 | AE138: 9020 | AF138: 8680 | AG138: 9240
A139: 31 | B139: 0.51458333 | C139: KENYA | D139: =IF(COUNT(G139:M139)>3,10,IF(COUNT(G139:M139)>2,9,7)) -> 10 | F139: 1*12-222 | G139: =AB139/1000 -> 6.76 | H139: =AC139/1000 -> 3.34 | I139: =AD139/1000 -> 4.86 | J139: =AE139/1000 -> 4.62 | K139: =AF139/1000 -> 3.5 | L139: =AG139/1000 -> 3.16 | M139: =AH139/1000 -> 0 | N139: =SUM(G139:M139) -> 26.24 | O139: =(N139/8.16)^4.5 -> 191.7483 | P139: 8 | Q139: 10 | R139: 9 | S139: 9 | T139: 9 | U139: 9 | V139: 9 | W139: =IF(G139>P139,"Y",IF(H139>Q139,"Y",IF(I139>R139,"Y",IF(J139>S139,"Y",IF(K139>T139,"Y",IF(L139>U139,"Y",IF(M139>V139,"Y","N"))))))) -> N | X139: =IF(W139="Y",MAX((G139-P139),(H139-Q139),(I139-R139),(J139-S139),(K139-T139),(L139-U139),(M139-V139))/10,0) -> 0 | Y139: =IF(X139<5%,"0-4.9%",IF(X139<25%,"5-25%",IF(X139<50%,"25-50%","Over 50%"))) -> 0-4.9% | Z139: Empty | AB139: 6760 | AC139: 3340 | AD139: 4860 | AE139: 4620 | AF139: 3500 | AG139: 3160
A140: 32 | B140: 0.51458333 | C140: KENYA | D140: =IF(COUNT(G140:M140)>3,10,IF(COUNT(G140:M140)>2,9,7)) -> 10 | F140: 1*12-222 | G140: =AB140/1000 -> 6.78 | H140: =AC140/1000 -> 3.04 | I140: =AD140/1000 -> 5.42 | J140: =AE140/1000 -> 3.68 | K140: =AF140/1000 -> 3.02 | L140: =AG140/1000 -> 4.14 | M140: =AH140/1000 -> 0 | N140: =SUM(G140:M140) -> 26.08 | O140: =(N140/8.16)^4.5 -> 186.54277 | P140: 8 | Q140: 10 | R140: 9 | S140: 9 | T140: 9 | U140: 9 | V140: 9 | W140: =IF(G140>P140,"Y",IF(H140>Q140,"Y",IF(I140>R140,"Y",IF(J140>S140,"Y",IF(K140>T140,"Y",IF(L140>U140,"Y",IF(M140>V140,"Y","N"))))))) -> N | X140: =IF(W140="Y",MAX((G140-P140),(H140-Q140),(I140-R140),(J140-S140),(K140-T140),(L140-U140),(M140-V140))/10,0) -> 0 | Y140: =IF(X140<5%,"0-4.9%",IF(X140<25%,"5-25%",IF(X140<50%,"25-50%","Over 50%"))) -> 0-4.9% | Z140: Empty | AB140: 6780 | AC140: 3040 | AD140: 5420 | AE140: 3680 | AF140: 3020 | AG140: 4140
A141: 34 | B141: 0.52777778 | C141: UGANDA | D141: =IF(COUNT(G141:M141)>3,10,IF(COUNT(G141:M141)>2,9,7)) -> 10 | F141: 1*12-222 | G141: =AB141/1000 -> 6.66 | H141: =AC141/1000 -> 4.44 | I141: =AD141/1000 -> 12.74 | J141: =AE141/1000 -> 13.52 | K141: =AF141/1000 -> 9.96 | L141: =AG141/1000 -> 10.56 | M141: =AH141/1000 -> 0 | N141: =SUM(G141:M141) -> 57.88 | O141: =(N141/8.16)^4.5 -> 6741.7499 | P141: 8 | Q141: 10 | R141: 9 | S141: 9 | T141: 9 | U141: 9 | V141: 9 | W141: =IF(G141>P141,"Y",IF(H141>Q141,"Y",IF(I141>R141,"Y",IF(J141>S141,"Y",IF(K141>T141,"Y",IF(L141>U141,"Y",IF(M141>V141,"Y","N"))))))) -> Y | X141: =IF(W141="Y",MAX((G141-P141),(H141-Q141),(I141-R141),(J141-S141),(K141-T141),(L141-U141),(M141-V141))/10,0) -> 0.452 | Y141: =IF(X141<5%,"0-4.9%",IF(X141<25%,"5-25%",IF(X141<50%,"25-50%","Over 50%"))) -> 25-50% | Z141: Agricultural produce | AB141: 6660 | AC141: 4440 | AD141: 12740 | AE141: 13520 | AF141: 9960 | AG141: 10560
A142: 36 | B142: 0.54097222 | C142: UGANDA | D142: =IF(COUNT(G142:M142)>3,10,IF(COUNT(G142:M142)>2,9,7)) -> 10 | F142: 1*22-222 | G142: =AB142/1000 -> 7.58 | H142: =AC142/1000 -> 14.68 | I142: =AD142/1000 -> 14.04 | J142: =AE142/1000 -> 10.48 | K142: =AF142/1000 -> 15.8 | L142: =AG142/1000 -> 9.06 | M142: =AH142/1000 -> 0 | N142: =SUM(G142:M142) -> 71.64 | O142: =(N142/8.16)^4.5 -> 17603.312 | P142: 8 | Q142: 10 | R142: 9 | S142: 9 | T142: 9 | U142: 9 | V142: 9 | W142: =IF(G142>P142,"Y",IF(H142>Q142,"Y",IF(I142>R142,"Y",IF(J142>S142,"Y",IF(K142>T142,"Y",IF(L142>U142,"Y",IF(M142>V142,"Y","N"))))))) -> Y | X142: =IF(W142="Y",MAX((G142-P142),(H142-Q142),(I142-R142),(J142-S142),(K142-T142),(L142-U142),(M142-V142))/10,0) -> 0.68 | Y142: =IF(X142<5%,"0-4.9%",IF(X142<25%,"5-25%",IF(X142<50%,"25-50%","Over 50%"))) -> Over 50% | Z142: Construction Material | AB142: 7580 | AC142: 14680 | AD142: 14040 | AE142: 10480 | AF142: 15800 | AG142: 9060
A143: 41 | B143: 0.092361111 | C143: UGANDA | D143: =IF(COUNT(G143:M143)>3,10,IF(COUNT(G143:M143)>2,9,7)) -> 10 | F143: 1*22-222 | G143: =AB143/1000 -> 9.78 | H143: =AC143/1000 -> 11.34 | I143: =AD143/1000 -> 8.06 | J143: =AE143/1000 -> 10.62 | K143: =AF143/1000 -> 10.75 | L143: =AG143/1000 -> 13.82 | M143: =AH143/1000 -> 0 | N143: =SUM(G143:M143) -> 64.37 | O143: =(N143/8.16)^4.5 -> 10876.022 | P143: 8 | Q143: 10 | R143: 9 | S143: 9 | T143: 9 | U143: 9 | V143: 9 | W143: =IF(G143>P143,"Y",IF(H143>Q143,"Y",IF(I143>R143,"Y",IF(J143>S143,"Y",IF(K143>T143,"Y",IF(L143>U143,"Y",IF(M143>V143,"Y","N"))))))) -> Y | X143: =IF(W143="Y",MAX((G143-P143),(H143-Q143),(I143-R143),(J143-S143),(K143-T143),(L143-U143),(M143-V143))/10,0) -> 0.482 | Y143: =IF(X143<5%,"0-4.9%",IF(X143<25%,"5-25%",IF(X143<50%,"25-50%","Over 50%"))) -> 25-50% | Z143: Agricultural produce | AB143: 9780 | AC143: 11340 | AD143: 8060 | AE143: 10620 | AF143: 10750 | AG143: 13820
A144: 45 | B144: 0.10972222 | C144: UGANDA | D144: =IF(COUNT(G144:M144)>3,10,IF(COUNT(G144:M144)>2,9,7)) -> 10 | F144: 1*22-222 | G144: =AB144/1000 -> 8.24 | H144: =AC144/1000 -> 13.86 | I144: =AD144/1000 -> 10.12 | J144: =AE144/1000 -> 10.32 | K144: =AF144/1000 -> 10.154 | L144: =AG144/1000 -> 10.34 | M144: =AH144/1000 -> 0 | N144: =SUM(G144:M144) -> 63.034 | O144: =(N144/8.16)^4.5 -> 9896.49 | P144: 8 | Q144: 10 | R144: 9 | S144: 9 | T144: 9 | U144: 9 | V144: 9 | W144: =IF(G144>P144,"Y",IF(H144>Q144,"Y",IF(I144>R144,"Y",IF(J144>S144,"Y",IF(K144>T144,"Y",IF(L144>U144,"Y",IF(M144>V144,"Y","N"))))))) -> Y | X144: =IF(W144="Y",MAX((G144-P144),(H144-Q144),(I144-R144),(J144-S144),(K144-T144),(L144-U144),(M144-V144))/10,0) -> 0.386 | Y144: =IF(X144<5%,"0-4.9%",IF(X144<25%,"5-25%",IF(X144<50%,"25-50%","Over 50%"))) -> 25-50% | Z144: Construction Material | AB144: 8240 | AC144: 13860 | AD144: 10120 | AE144: 10320 | AF144: 10154 | AG144: 10340
A145: 52 | B145: 0.12638889 | C145: UGANDA | D145: =IF(COUNT(G145:M145)>3,10,IF(COUNT(G145:M145)>2,9,7)) -> 10 | F145: 1*12-111 | G145: =AB145/1000 -> 8.98 | H145: =AC145/1000 -> 1.58 | I145: =AD145/1000 -> 16.98 | J145: =AE145/1000 -> 12.34 | K145: =AF145/1000 -> 10.38 | L145: =AG145/1000 -> 8.92 | M145: =AH145/1000 -> 0 | N145: =SUM(G145:M145) -> 59.18 | O145: =(N145/8.16)^4.5 -> 7450.4346 | P145: 8 | Q145: 10 | R145: 9 | S145: 9 | T145: 9 | U145: 9 | V145: 9 | W145: =IF(G145>P145,"Y",IF(H145>Q145,"Y",IF(I145>R145,"Y",IF(J145>S145,"Y",IF(K145>T145,"Y",IF(L145>U145,"Y",IF(M145>V145,"Y","N"))))))) -> Y | X145: =IF(W145="Y",MAX((G145-P145),(H145-Q145),(I145-R145),(J145-S145),(K145-T145),(L145-U145),(M145-V145))/10,0) -> 0.798 | Y145: =IF(X145<5%,"0-4.9%",IF(X145<25%,"5-25%",IF(X145<50%,"25-50%","Over 50%"))) -> Over 50% | Z145: Construction Material | AB145: 8980 | AC145: 1580 | AD145: 16980 | AE145: 12340 | AF145: 10380 | AG145: 8920
A146: 53 | B146: 0.12708333 | C146: UGANDA | D146: =IF(COUNT(G146:M146)>3,10,IF(COUNT(G146:M146)>2,9,7)) -> 10 | F146: 1*12-222 | G146: =AB146/1000 -> 8.6 | H146: =AC146/1000 -> 10.54 | I146: =AD146/1000 -> 12.6 | J146: =AE146/1000 -> 10.88 | K146: =AF146/1000 -> 10.54 | L146: =AG146/1000 -> 10.72 | M146: =AH146/1000 -> 0 | N146: =SUM(G146:M146) -> 63.88 | O146: =(N146/8.16)^4.5 -> 10508.395 | P146: 8 | Q146: 10 | R146: 9 | S146: 9 | T146: 9 | U146: 9 | V146: 9 | W146: =IF(G146>P146,"Y",IF(H146>Q146,"Y",IF(I146>R146,"Y",IF(J146>S146,"Y",IF(K146>T146,"Y",IF(L146>U146,"Y",IF(M146>V146,"Y","N"))))))) -> Y | X146: =IF(W146="Y",MAX((G146-P146),(H146-Q146),(I146-R146),(J146-S146),(K146-T146),(L146-U146),(M146-V146))/10,0) -> 0.36 | Y146: =IF(X146<5%,"0-4.9%",IF(X146<25%,"5-25%",IF(X146<50%,"25-50%","Over 50%"))) -> 25-50% | Z146: Construction Material | AB146: 8600 | AC146: 10540 | AD146: 12600 | AE146: 10880 | AF146: 10540 | AG146: 10720
A147: 54 | B147: 0.12847222 | C147: UGANDA | D147: =IF(COUNT(G147:M147)>3,10,IF(COUNT(G147:M147)>2,9,7)) -> 10 | F147: 1*12-111 | G147: =AB147/1000 -> 7.96 | H147: =AC147/1000 -> 3.94 | I147: =AD147/1000 -> 10.2 | J147: =AE147/1000 -> 10.72 | K147: =AF147/1000 -> 10.74 | L147: =AG147/1000 -> 10.36 | M147: =AH147/1000 -> 0 | N147: =SUM(G147:M147) -> 53.92 | O147: =(N147/8.16)^4.5 -> 4900.8201 | P147: 8 | Q147: 10 | R147: 9 | S147: 9 | T147: 9 | U147: 9 | V147: 9 | W147: =IF(G147>P147,"Y",IF(H147>Q147,"Y",IF(I147>R147,"Y",IF(J147>S147,"Y",IF(K147>T147,"Y",IF(L147>U147,"Y",IF(M147>V147,"Y","N"))))))) -> Y | X147: =IF(W147="Y",MAX((G147-P147),(H147-Q147),(I147-R147),(J147-S147),(K147-T147),(L147-U147),(M147-V147))/10,0) -> 0.174 | Y147: =IF(X147<5%,"0-4.9%",IF(X147<25%,"5-25%",IF(X147<50%,"25-50%","Over 50%"))) -> 5-25% | Z147: Construction Material | AB147: 7960 | AC147: 3940 | AD147: 10200 | AE147: 10720 | AF147: 10740 | AG147: 10360
A148: 56 | B148: 0.14791667 | C148: UGANDA | D148: =IF(COUNT(G148:M148)>3,10,IF(COUNT(G148:M148)>2,9,7)) -> 10 | F148: 1*22-222 | G148: =AB148/1000 -> 8.28 | H148: =AC148/1000 -> 10.6 | I148: =AD148/1000 -> 10.66 | J148: =AE148/1000 -> 11.84 | K148: =AF148/1000 -> 11 | L148: =AG148/1000 -> 10.64 | M148: =AH148/1000 -> 0 | N148: =SUM(G148:M148) -> 63.02 | O148: =(N148/8.16)^4.5 -> 9886.6027 | P148: 8 | Q148: 10 | R148: 9 | S148: 9 | T148: 9 | U148: 9 | V148: 9 | W148: =IF(G148>P148,"Y",IF(H148>Q148,"Y",IF(I148>R148,"Y",IF(J148>S148,"Y",IF(K148>T148,"Y",IF(L148>U148,"Y",IF(M148>V148,"Y","N"))))))) -> Y | X148: =IF(W148="Y",MAX((G148-P148),(H148-Q148),(I148-R148),(J148-S148),(K148-T148),(L148-U148),(M148-V148))/10,0) -> 0.284 | Y148: =IF(X148<5%,"0-4.9%",IF(X148<25%,"5-25%",IF(X148<50%,"25-50%","Over 50%"))) -> 25-50% | Z148: Construction Material | AB148: 8280 | AC148: 10600 | AD148: 10660 | AE148: 11840 | AF148: 11000 | AG148: 10640
A149: 60 | B149: 0.17083333 | C149: UGANDA | D149: =IF(COUNT(G149:M149)>3,10,IF(COUNT(G149:M149)>2,9,7)) -> 10 | F149: 1*12-222 | G149: =AB149/1000 -> 7.72 | H149: =AC149/1000 -> 7.34 | I149: =AD149/1000 -> 10.68 | J149: =AE149/1000 -> 10.72 | K149: =AF149/1000 -> 10.84 | L149: =AG149/1000 -> 10.76 | M149: =AH149/1000 -> 0 | N149: =SUM(G149:M149) -> 58.06 | O149: =(N149/8.16)^4.5 -> 6836.6119 | P149: 8 | Q149: 10 | R149: 9 | S149: 9 | T149: 9 | U149: 9 | V149: 9 | W149: =IF(G149>P149,"Y",IF(H149>Q149,"Y",IF(I149>R149,"Y",IF(J149>S149,"Y",IF(K149>T149,"Y",IF(L149>U149,"Y",IF(M149>V149,"Y","N"))))))) -> Y | X149: =IF(W149="Y",MAX((G149-P149),(H149-Q149),(I149-R149),(J149-S149),(K149-T149),(L149-U149),(M149-V149))/10,0) -> 0.184 | Y149: =IF(X149<5%,"0-4.9%",IF(X149<25%,"5-25%",IF(X149<50%,"25-50%","Over 50%"))) -> 5-25% | Z149: Construction Material | AB149: 7720 | AC149: 7340 | AD149: 10680 | AE149: 10720 | AF149: 10840 | AG149: 10760
... A153: 25 | B153: 0.41180556 | C153: UGANDA | D153: =IF(COUNT(G153:M153)>3,10,IF(COUNT(G153:M153)>2,9,7)) -> 10 | F153: 1*12-222 | G153: =AB153/1000 -> 7.68 | H153: =AC153/1000 -> 3.44 | I153: =AD153/1000 -> 19.08 | J153: =AE153/1000 -> 80.78 | K153: =AF153/1000 -> 1.08 | L153: =AG153/1000 -> 12.82 | M153: =AH153/1000 -> 0 | N153: =SUM(G153:M153) -> 124.88 | O153: =(N153/8.16)^4.5 -> 214591.39 | P153: 8 | Q153: 10 | R153: 9 | S153: 9 | T153: 9 | U153: 9 | V153: 9 | W153: =IF(G153>P153,"Y",IF(H153>Q153,"Y",IF(I153>R153,"Y",IF(J153>S153,"Y",IF(K153>T153,"Y",IF(L153>U153,"Y",IF(M153>V153,"Y","N"))))))) -> Y | X153: =IF(W153="Y",MAX((G153-P153),(H153-Q153),(I153-R153),(J153-S153),(K153-T153),(L153-U153),(M153-V153))/10,0) -> 7.178 | Y153: =IF(X153<5%,"0-4.9%",IF(X153<25%,"5-25%",IF(X153<50%,"25-50%","Over 50%"))) -> Over 50% | Z153: Construction Material | AB153: 7680 | AC153: 3440 | AD153: 19080 | AE153: 80780 | AF153: 1080 | AG153: 12820
A154: 28 | B154: 0.42708333 | C154: UGANDA | D154: =IF(COUNT(G154:M154)>3,10,IF(COUNT(G154:M154)>2,9,7)) -> 10 | F154: 1*22-222 | G154: =AB154/1000 -> 6.9 | H154: =AC154/1000 -> 9.16 | I154: =AD154/1000 -> 9.06 | J154: =AE154/1000 -> 9.36 | K154: =AF154/1000 -> 8.08 | L154: =AG154/1000 -> 0 | M154: =AH154/1000 -> 0 | N154: =SUM(G154:M154) -> 42.56 | O154: =(N154/8.16)^4.5 -> 1690.0579 | P154: 8 | Q154: 10 | R154: 9 | S154: 9 | T154: 9 | U154: 9 | V154: 9 | W154: =IF(G154>P154,"Y",IF(H154>Q154,"Y",IF(I154>R154,"Y",IF(J154>S154,"Y",IF(K154>T154,"Y",IF(L154>U154,"Y",IF(M154>V154,"Y","N"))))))) -> Y | X154: =IF(W154="Y",MAX((G154-P154),(H154-Q154),(I154-R154),(J154-S154),(K154-T154),(L154-U154),(M154-V154))/10,0) -> 0.036 | Y154: =IF(X154<5%,"0-4.9%",IF(X154<25%,"5-25%",IF(X154<50%,"25-50%","Over 50%"))) -> 0-4.9% | Z154: Household retail products | AB154: 6900 | AC154: 9160 | AD154: 9060 | AE154: 9360 | AF154: 8080
A155: 33 | B155: 0.44722222 | C155: KENYA | D155: =IF(COUNT(G155:M155)>3,10,IF(COUNT(G155:M155)>2,9,7)) -> 10 | F155: 1*12-222 | G155: =AB155/1000 -> 8.34 | H155: =AC155/1000 -> 2.84 | I155: =AD155/1000 -> 3.84 | J155: =AE155/1000 -> 4.54 | K155: =AF155/1000 -> 3.46 | L155: =AG155/1000 -> 4.12 | M155: =AH155/1000 -> 0 | N155: =SUM(G155:M155) -> 27.14 | O155: =(N155/8.16)^4.5 -> 223.17142 | P155: 8 | Q155: 10 | R155: 9 | S155: 9 | T155: 9 | U155: 9 | V155: 9 | W155: =IF(G155>P155,"Y",IF(H155>Q155,"Y",IF(I155>R155,"Y",IF(J155>S155,"Y",IF(K155>T155,"Y",IF(L155>U155,"Y",IF(M155>V155,"Y","N"))))))) -> Y | X155: =IF(W155="Y",MAX((G155-P155),(H155-Q155),(I155-R155),(J155-S155),(K155-T155),(L155-U155),(M155-V155))/10,0) -> 0.034 | Y155: =IF(X155<5%,"0-4.9%",IF(X155<25%,"5-25%",IF(X155<50%,"25-50%","Over 50%"))) -> 0-4.9% | Z155: Empty | AB155: 8340 | AC155: 2840 | AD155: 3840 | AE155: 4540 | AF155: 3460 | AG155: 4120
A156: 35 | B156: 0.45 | C156: UGANDA | D156: =IF(COUNT(G156:M156)>3,10,IF(COUNT(G156:M156)>2,9,7)) -> 10 | F156: 11*222 | G156: =AB156/1000 -> 14.96 | H156: =AC156/1000 -> 10.72 | I156: =AD156/1000 -> 20.38 | J156: =AE156/1000 -> 17.55 | K156: =AF156/1000 -> 7.02 | L156: =AG156/1000 -> 0 | M156: =AH156/1000 -> 0 | N156: =SUM(G156:M156) -> 70.63 | O156: =(N156/8.16)^4.5 -> 16513.75 | P156: 8 | Q156: 10 | R156: 9 | S156: 9 | T156: 9 | U156: 9 | V156: 9 | W156: =IF(G156>P156,"Y",IF(H156>Q156,"Y",IF(I156>R156,"Y",IF(J156>S156,"Y",IF(K156>T156,"Y",IF(L156>U156,"Y",IF(M156>V156,"Y","N"))))))) -> Y | X156: =IF(W156="Y",MAX((G156-P156),(H156-Q156),(I156-R156),(J156-S156),(K156-T156),(L156-U156),(M156-V156))/10,0) -> 1.138 | Y156: =IF(X156<5%,"0-4.9%",IF(X156<25%,"5-25%",IF(X156<50%,"25-50%","Over 50%"))) -> Over 50% | Z156: Others | AB156: 14960 | AC156: 10720 | AD156: 20380 | AE156: 17550 | AF156: 7020
A157: 38 | B157: 0.45555556 | C157: UGANDA | D157: =IF(COUNT(G157:M157)>3,10,IF(COUNT(G157:M157)>2,9,7)) -> 10 | F157: 1*22-222 | G157: =AB157/1000 -> 8.68 | H157: =AC157/1000 -> 1.22 | I157: =AD157/1000 -> 12.5 | J157: =AE157/1000 -> 1.08 | K157: =AF157/1000 -> 10.42 | L157: =AG157/1000 -> 0 | M157: =AH157/1000 -> 0 | N157: =SUM(G157:M157) -> 33.9 | O157: =(N157/8.16)^4.5 -> 607.14571 | P157: 8 | Q157: 10 | R157: 9 | S157: 9 | T157: 9 | U157: 9 | V157: 9 | W157: =IF(G157>P157,"Y",IF(H157>Q157,"Y",IF(I157>R157,"Y",IF(J157>S157,"Y",IF(K157>T157,"Y",IF(L157>U157,"Y",IF(M157>V157,"Y","N"))))))) -> Y | X157: =IF(W157="Y",MAX((G157-P157),(H157-Q157),(I157-R157),(J157-S157),(K157-T157),(L157-U157),(M157-V157))/10,0) -> 0.35 | Y157: =IF(X157<5%,"0-4.9%",IF(X157<25%,"5-25%",IF(X157<50%,"25-50%","Over 50%"))) -> 25-50% | Z157: Agricultural produce | AB157: 8680 | AC157: 1220 | AD157: 12500 | AE157: 1080 | AF157: 10420
A158: 41 | B158: 0.46388889 | C158: UGANDA | D158: =IF(COUNT(G158:M158)>3,10,IF(COUNT(G158:M158)>2,9,7)) -> 10 | F158: 1*12-111 | G158: =AB158/1000 -> 7.78 | H158: =AC158/1000 -> 8.2 | I158: =AD158/1000 -> 10.44 | J158: =AE158/1000 -> 10.45 | K158: =AF158/1000 -> 10.28 | L158: =AG158/1000 -> 10.44 | M158: =AH158/1000 -> 0 | N158: =SUM(G158:M158) -> 57.59 | O158: =(N158/8.16)^4.5 -> 6591.0733 | P158: 8 | Q158: 10 | R158: 9 | S158: 9 | T158: 9 | U158: 9 | V158: 9 | W158: =IF(G158>P158,"Y",IF(H158>Q158,"Y",IF(I158>R158,"Y",IF(J158>S158,"Y",IF(K158>T158,"Y",IF(L158>U158,"Y",IF(M158>V158,"Y","N"))))))) -> Y | X158: =IF(W158="Y",MAX((G158-P158),(H158-Q158),(I158-R158),(J158-S158),(K158-T158),(L158-U158),(M158-V158))/10,0) -> 0.145 | Y158: =IF(X158<5%,"0-4.9%",IF(X158<25%,"5-25%",IF(X158<50%,"25-50%","Over 50%"))) -> 5-25% | Z158: Empty | AB158: 7780 | AC158: 8200 | AD158: 10440 | AE158: 10450 | AF158: 10280 | AG158: 10440
A159: 42 | B159: 0.46527778 | C159: UGANDA | D159: =IF(COUNT(G159:M159)>3,10,IF(COUNT(G159:M159)>2,9,7)) -> 10 | F159: 11*22 | G159: =AB159/1000 -> 6.6 | H159: =AC159/1000 -> 8.28 | I159: =AD159/1000 -> 5.18 | J159: =AE159/1000 -> 4.88 | K159: =AF159/1000 -> 0 | L159: =AG159/1000 -> 0 | M159: =AH159/1000 -> 0 | N159: =SUM(G159:M159) -> 24.94 | O159: =(N159/8.16)^4.5 -> 152.55565 | P159: 8 | Q159: 10 | R159: 9 | S159: 9 | T159: 9 | U159: 9 | V159: 9 | W159: =IF(G159>P159,"Y",IF(H159>Q159,"Y",IF(I159>R159,"Y",IF(J159>S159,"Y",IF(K159>T159,"Y",IF(L159>U159,"Y",IF(M159>V159,"Y","N"))))))) -> N | X159: =IF(W159="Y",MAX((G159-P159),(H159-Q159),(I159-R159),(J159-S159),(K159-T159),(L159-U159),(M159-V159))/10,0) -> 0 | Y159: =IF(X159<5%,"0-4.9%",IF(X159<25%,"5-25%",IF(X159<50%,"25-50%","Over 50%"))) -> 0-4.9% | Z159: Empty | AB159: 6600 | AC159: 8280 | AD159: 5180 | AE159: 4880
A160: 43 | B160: 0.46597222 | C160: UGANDA | D160: =IF(COUNT(G160:M160)>3,10,IF(COUNT(G160:M160)>2,9,7)) -> 10 | F160: 1*12-111 | G160: =AB160/1000 -> 6.62 | H160: =AC160/1000 -> 5.98 | I160: =AD160/1000 -> 3.06 | J160: =AE160/1000 -> 4.26 | K160: =AF160/1000 -> 4.02 | L160: =AG160/1000 -> 2.44 | M160: =AH160/1000 -> 0 | N160: =SUM(G160:M160) -> 26.38 | O160: =(N160/8.16)^4.5 -> 196.39519 | P160: 8 | Q160: 10 | R160: 9 | S160: 9 | T160: 9 | U160: 9 | V160: 9 | W160: =IF(G160>P160,"Y",IF(H160>Q160,"Y",IF(I160>R160,"Y",IF(J160>S160,"Y",IF(K160>T160,"Y",IF(L160>U160,"Y",IF(M160>V160,"Y","N"))))))) -> N | X160: =IF(W160="Y",MAX((G160-P160),(H160-Q160),(I160-R160),(J160-S160),(K160-T160),(L160-U160),(M160-V160))/10,0) -> 0 | Y160: =IF(X160<5%,"0-4.9%",IF(X160<25%,"5-25%",IF(X160<50%,"25-50%","Over 50%"))) -> 0-4.9% | Z160: Empty | AB160: 6620 | AC160: 5980 | AD160: 3060 | AE160: 4260 | AF160: 4020 | AG160: 2440
A161: 45 | B161: 0.47152778 | C161: KENYA | D161: =IF(COUNT(G161:M161)>3,10,IF(COUNT(G161:M161)>2,9,7)) -> 10 | F161: 1*22-222 | G161: =AB161/1000 -> 7.84 | H161: =AC161/1000 -> 4.14 | I161: =AD161/1000 -> 4.02 | J161: =AE161/1000 -> 4 | K161: =AF161/1000 -> 3.82 | L161: =AG161/1000 -> 3.6 | M161: =AH161/1000 -> 0 | N161: =SUM(G161:M161) -> 27.42 | O161: =(N161/8.16)^4.5 -> 233.72104 | P161: 8 | Q161: 10 | R161: 9 | S161: 9 | T161: 9 | U161: 9 | V161: 9 | W161: =IF(G161>P161,"Y",IF(H161>Q161,"Y",IF(I161>R161,"Y",IF(J161>S161,"Y",IF(K161>T161,"Y",IF(L161>U161,"Y",IF(M161>V161,"Y","N"))))))) -> N | X161: =IF(W161="Y",MAX((G161-P161),(H161-Q161),(I161-R161),(J161-S161),(K161-T161),(L161-U161),(M161-V161))/10,0) -> 0 | Y161: =IF(X161<5%,"0-4.9%",IF(X161<25%,"5-25%",IF(X161<50%,"25-50%","Over 50%"))) -> 0-4.9% | Z161: Empty | AB161: 7840 | AC161: 4140 | AD161: 4020 | AE161: 4000 | AF161: 3820 | AG161: 3600
A162: 56 | B162: 0.48958333 | C162: KENYA | D162: =IF(COUNT(G162:M162)>3,10,IF(COUNT(G162:M162)>2,9,7)) -> 10 | F162: 1*12-222 | G162: =AB162/1000 -> 3.12 | H162: =AC162/1000 -> 3.58 | I162: =AD162/1000 -> 4.62 | J162: =AE162/1000 -> 3.7 | K162: =AF162/1000 -> 3.34 | L162: =AG162/1000 -> 4.3 | M162: =AH162/1000 -> 0 | N162: =SUM(G162:M162) -> 22.66 | O162: =(N162/8.16)^4.5 -> 99.097765 | P162: 8 | Q162: 10 | R162: 9 | S162: 9 | T162: 9 | U162: 9 | V162: 9 | W162: =IF(G162>P162,"Y",IF(H162>Q162,"Y",IF(I162>R162,"Y",IF(J162>S162,"Y",IF(K162>T162,"Y",IF(L162>U162,"Y",IF(M162>V162,"Y","N"))))))) -> N | X162: =IF(W162="Y",MAX((G162-P162),(H162-Q162),(I162-R162),(J162-S162),(K162-T162),(L162-U162),(M162-V162))/10,0) -> 0 | Y162: =IF(X162<5%,"0-4.9%",IF(X162<25%,"5-25%",IF(X162<50%,"25-50%","Over 50%"))) -> 0-4.9% | Z162: Empty | AB162: 3120 | AC162: 3580 | AD162: 4620 | AE162: 3700 | AF162: 3340 | AG162: 4300
A163: 58 | B163: 0.49027778 | C163: KENYA | D163: =IF(COUNT(G163:M163)>3,10,IF(COUNT(G163:M163)>2,9,7)) -> 10 | F163: 1*22-222 | G163: =AB163/1000 -> 6.66 | H163: =AC163/1000 -> 8.96 | I163: =AD163/1000 -> 8.62 | J163: =AE163/1000 -> 7.65 | K163: =AF163/1000 -> 7.79 | L163: =AG163/1000 -> 8.6 | M163: =AH163/1000 -> 0 | N163: =SUM(G163:M163) -> 48.28 | O163: =(N163/8.16)^4.5 -> 2980.8969 | P163: 8 | Q163: 10 | R163: 9 | S163: 9 | T163: 9 | U163: 9 | V163: 9 | W163: =IF(G163>P163,"Y",IF(H163>Q163,"Y",IF(I163>R163,"Y",IF(J163>S163,"Y",IF(K163>T163,"Y",IF(L163>U163,"Y",IF(M163>V163,"Y","N"))))))) -> N | X163: =IF(W163="Y",MAX((G163-P163),(H163-Q163),(I163-R163),(J163-S163),(K163-T163),(L163-U163),(M163-V163))/10,0) -> 0 | Y163: =IF(X163<5%,"0-4.9%",IF(X163<25%,"5-25%",IF(X163<50%,"25-50%","Over 50%"))) -> 0-4.9% | Z163: Construction Material | AB163: 6660 | AC163: 8960 | AD163: 8620 | AE163: 7650 | AF163: 7790 | AG163: 8600
A164: 3 | C164: UGANDA | D164: =IF(COUNT(G164:M164)>3,10,IF(COUNT(G164:M164)>2,9,7)) -> 10 | F164: 1*12-222 | G164: =AB164/1000 -> 9.3 | H164: =AC164/1000 -> 10.68 | I164: =AD164/1000 -> 16.46 | J164: =AE164/1000 -> 10.42 | K164: =AF164/1000 -> 8.08 | L164: =AG164/1000 -> 8.82 | M164: =AH164/1000 -> 0 | N164: =SUM(G164:M164) -> 63.76 | O164: =(N164/8.16)^4.5 -> 10419.855 | P164: 8 | Q164: 10 | R164: 9 | S164: 9 | T164: 9 | U164: 9 | V164: 9 | W164: =IF(G164>P164,"Y",IF(H164>Q164,"Y",IF(I164>R164,"Y",IF(J164>S164,"Y",IF(K164>T164,"Y",IF(L164>U164,"Y",IF(M164>V164,"Y","N"))))))) -> Y | X164: =IF(W164="Y",MAX((G164-P164),(H164-Q164),(I164-R164),(J164-S164),(K164-T164),(L164-U164),(M164-V164))/10,0) -> 0.746 | Y164: =IF(X164<5%,"0-4.9%",IF(X164<25%,"5-25%",IF(X164<50%,"25-50%","Over 50%"))) -> Over 50% | Z164: Others | AB164: 9300 | AC164: 10680 | AD164: 16460 | AE164: 10420 | AF164: 8080 | AG164: 8820
A165: 8 | B165: 0.50833333 | C165: UGANDA | D165: =IF(COUNT(G165:M165)>3,10,IF(COUNT(G165:M165)>2,9,7)) -> 10 | F165: 1*22-222 | G165: =AB165/1000 -> 5.92 | H165: =AC165/1000 -> 7.53 | I165: =AD165/1000 -> 7.2 | J165: =AE165/1000 -> 8.59 | K165: =AF165/1000 -> 7.02 | L165: =AG165/1000 -> 7.31 | M165: =AH165/1000 -> 0 | N165: =SUM(G165:M165) -> 43.57 | O165: =(N165/8.16)^4.5 -> 1878.1847 | P165: 8 | Q165: 10 | R165: 9 | S165: 9 | T165: 9 | U165: 9 | V165: 9 | W165: =IF(G165>P165,"Y",IF(H165>Q165,"Y",IF(I165>R165,"Y",IF(J165>S165,"Y",IF(K165>T165,"Y",IF(L165>U165,"Y",IF(M165>V165,"Y","N"))))))) -> N | X165: =IF(W165="Y",MAX((G165-P165),(H165-Q165),(I165-R165),(J165-S165),(K165-T165),(L165-U165),(M165-V165))/10,0) -> 0 | Y165: =IF(X165<5%,"0-4.9%",IF(X165<25%,"5-25%",IF(X165<50%,"25-50%","Over 50%"))) -> 0-4.9% | Z165: Agricultural produce | AB165: 5920 | AC165: 7530 | AD165: 7200 | AE165: 8590 | AF165: 7020 | AG165: 7310
A166: 9 | B166: 0.50972222 | C166: UGANDA | D166: =IF(COUNT(G166:M166)>3,10,IF(COUNT(G166:M166)>2,9,7)) -> 10 | F166: 11*222 | G166: =AB166/1000 -> 1.92 | H166: =AC166/1000 -> 11.74 | I166: =AD166/1000 -> 17.36 | J166: =AE166/1000 -> 17.96 | K166: =AF166/1000 -> 5.86 | L166: =AG166/1000 -> 0 | M166: =AH166/1000 -> 0 | N166: =SUM(G166:M166) -> 54.84 | O166: =(N166/8.16)^4.5 -> 5288.5035 | P166: 8 | Q166: 10 | R166: 9 | S166: 9 | T166: 9 | U166: 9 | V166: 9 | W166: =IF(G166>P166,"Y",IF(H166>Q166,"Y",IF(I166>R166,"Y",IF(J166>S166,"Y",IF(K166>T166,"Y",IF(L166>U166,"Y",IF(M166>V166,"Y","N"))))))) -> Y | X166: =IF(W166="Y",MAX((G166-P166),(H166-Q166),(I166-R166),(J166-S166),(K166-T166),(L166-U166),(M166-V166))/10,0) -> 0.896 | Y166: =IF(X166<5%,"0-4.9%",IF(X166<25%,"5-25%",IF(X166<50%,"25-50%","Over 50%"))) -> Over 50% | Z166: Agricultural produce | AB166: 1920 | AC166: 11740 | AD166: 17360 | AE166: 17960 | AF166: 5860
A167: 13 | B167: 0.51458333 | C167: UGANDA | D167: =IF(COUNT(G167:M167)>3,10,IF(COUNT(G167:M167)>2,9,7)) -> 10 | F167: 1*22-222 | G167: =AB167/1000 -> 6.8 | H167: =AC167/1000 -> 8.58 | I167: =AD167/1000 -> 7.86 | J167: =AE167/1000 -> 11.28 | K167: =AF167/1000 -> 7.82 | L167: =AG167/1000 -> 10.44 | M167: =AH167/1000 -> 0 | N167: =SUM(G167:M167) -> 52.78 | O167: =(N167/8.16)^4.5 -> 4451.5015 | P167: 8 | Q167: 10 | R167: 9 | S167: 9 | T167: 9 | U167: 9 | V167: 9 | W167: =IF(G167>P167,"Y",IF(H167>Q167,"Y",IF(I167>R167,"Y",IF(J167>S167,"Y",IF(K167>T167,"Y",IF(L167>U167,"Y",IF(M167>V167,"Y","N"))))))) -> Y | X167: =IF(W167="Y",MAX((G167-P167),(H167-Q167),(I167-R167),(J167-S167),(K167-T167),(L167-U167),(M167-V167))/10,0) -> 0.228 | Y167: =IF(X167<5%,"0-4.9%",IF(X167<25%,"5-25%",IF(X167<50%,"25-50%","Over 50%"))) -> 5-25% | Z167: Household retail products | AB167: 6800 | AC167: 8580 | AD167: 7860 | AE167: 11280 | AF167: 7820 | AG167: 10440
A168: 14 | B168: 0.51458333 | C168: UGANDA | D168: =IF(COUNT(G168:M168)>3,10,IF(COUNT(G168:M168)>2,9,7)) -> 10 | F168: 1*22-222 | G168: =AB168/1000 -> 8.16 | H168: =AC168/1000 -> 11.02 | I168: =AD168/1000 -> 10.36 | J168: =AE168/1000 -> 10.4 | K168: =AF168/1000 -> 10.34 | L168: =AG168/1000 -> 10.34 | M168: =AH168/1000 -> 0 | N168: =SUM(G168:M168) -> 60.62 | O168: =(N168/8.16)^4.5 -> 8301.6798 | P168: 8 | Q168: 10 | R168: 9 | S168: 9 | T168: 9 | U168: 9 | V168: 9 | W168: =IF(G168>P168,"Y",IF(H168>Q168,"Y",IF(I168>R168,"Y",IF(J168>S168,"Y",IF(K168>T168,"Y",IF(L168>U168,"Y",IF(M168>V168,"Y","N"))))))) -> Y | X168: =IF(W168="Y",MAX((G168-P168),(H168-Q168),(I168-R168),(J168-S168),(K168-T168),(L168-U168),(M168-V168))/10,0) -> 0.14 | Y168: =IF(X168<5%,"0-4.9%",IF(X168<25%,"5-25%",IF(X168<50%,"25-50%","Over 50%"))) -> 5-25% | Z168: Others | AB168: 8160 | AC168: 11020 | AD168: 10360 | AE168: 10400 | AF168: 10340 | AG168: 10340
A169: 21 | B169: 0.52152778 | C169: UGANDA | D169: =IF(COUNT(G169:M169)>3,10,IF(COUNT(G169:M169)>2,9,7)) -> 10 | F169: 1*12-222 | G169: =AB169/1000 -> 7.78 | H169: =AC169/1000 -> 9.08 | I169: =AD169/1000 -> 14.22 | J169: =AE169/1000 -> 13.42 | K169: =AF169/1000 -> 13.6 | L169: =AG169/1000 -> 12.6 | M169: =AH169/1000 -> 0 | N169: =SUM(G169:M169) -> 70.7 | O169: =(N169/8.16)^4.5 -> 16587.527 | P169: 8 | Q169: 10 | R169: 9 | S169: 9 | T169: 9 | U169: 9 | V169: 9 | W169: =IF(G169>P169,"Y",IF(H169>Q169,"Y",IF(I169>R169,"Y",IF(J169>S169,"Y",IF(K169>T169,"Y",IF(L169>U169,"Y",IF(M169>V169,"Y","N"))))))) -> Y | X169: =IF(W169="Y",MAX((G169-P169),(H169-Q169),(I169-R169),(J169-S169),(K169-T169),(L169-U169),(M169-V169))/10,0) -> 0.522 | Y169: =IF(X169<5%,"0-4.9%",IF(X169<25%,"5-25%",IF(X169<50%,"25-50%","Over 50%"))) -> Over 50% | Z169: Construction Material | AB169: 7780 | AC169: 9080 | AD169: 14220 | AE169: 13420 | AF169: 13600 | AG169: 12600
A170: 22 | B170: 0.52222222 | C170: UGANDA | D170: =IF(COUNT(G170:M170)>3,10,IF(COUNT(G170:M170)>2,9,7)) -> 10 | F170: 1*22+22*22 | G170: =AB170/1000 -> 10.22 | H170: =AC170/1000 -> 10.4 | I170: =AD170/1000 -> 11.36 | J170: =AE170/1000 -> 10.72 | K170: =AF170/1000 -> 10.98 | L170: =AG170/1000 -> 10.26 | M170: =AH170/1000 -> 11.36 | N170: =SUM(G170:M170) -> 75.3 | O170: =(N170/8.16)^4.5 -> 22027.828 | P170: 8 | Q170: 10 | R170: 9 | S170: 9 | T170: 9 | U170: 9 | V170: 9 | W170: =IF(G170>P170,"Y",IF(H170>Q170,"Y",IF(I170>R170,"Y",IF(J170>S170,"Y",IF(K170>T170,"Y",IF(L170>U170,"Y",IF(M170>V170,"Y","N"))))))) -> Y | X170: =IF(W170="Y",MAX((G170-P170),(H170-Q170),(I170-R170),(J170-S170),(K170-T170),(L170-U170),(M170-V170))/10,0) -> 0.236 | Y170: =IF(X170<5%,"0-4.9%",IF(X170<25%,"5-25%",IF(X170<50%,"25-50%","Over 50%"))) -> 5-25% | Z170: Construction Material | AB170: 10220 | AC170: 10400 | AD170: 11360 | AE170: 10720 | AF170: 10980 | AG170: 10260 | AH170: 11360
A171: 23 | B171: 0.53333333 | C171: UGANDA | D171: =IF(COUNT(G171:M171)>3,10,IF(COUNT(G171:M171)>2,9,7)) -> 10 | F171: 1*22-222 | G171: =AB171/1000 -> 8.2 | H171: =AC171/1000 -> 10.68 | I171: =AD171/1000 -> 11.88 | J171: =AE171/1000 -> 10.86 | K171: =AF171/1000 -> 12 | L171: =AG171/1000 -> 11.48 | M171: =AH171/1000 -> 0 | N171: =SUM(G171:M171) -> 65.1 | O171: =(N171/8.16)^4.5 -> 11442.179 | P171: 8 | Q171: 10 | R171: 9 | S171: 9 | T171: 9 | U171: 9 | V171: 9 | W171: =IF(G171>P171,"Y",IF(H171>Q171,"Y",IF(I171>R171,"Y",IF(J171>S171,"Y",IF(K171>T171,"Y",IF(L171>U171,"Y",IF(M171>V171,"Y","N"))))))) -> Y | X171: =IF(W171="Y",MAX((G171-P171),(H171-Q171),(I171-R171),(J171-S171),(K171-T171),(L171-U171),(M171-V171))/10,0) -> 0.3 | Y171: =IF(X171<5%,"0-4.9%",IF(X171<25%,"5-25%",IF(X171<50%,"25-50%","Over 50%"))) -> 25-50% | Z171: Construction Material | AB171: 8200 | AC171: 10680 | AD171: 11880 | AE171: 10860 | AF171: 12000 | AG171: 11480
A172: 25 | B172: 0.53611111 | C172: UGANDA | D172: =IF(COUNT(G172:M172)>3,10,IF(COUNT(G172:M172)>2,9,7)) -> 10 | F172: 1*22-222 | G172: =AB172/1000 -> 8.66 | H172: =AC172/1000 -> 10.12 | I172: =AD172/1000 -> 10.64 | J172: =AE172/1000 -> 10.74 | K172: =AF172/1000 -> 10.68 | L172: =AG172/1000 -> 10.44 | M172: =AH172/1000 -> 0 | N172: =SUM(G172:M172) -> 61.28 | O172: =(N172/8.16)^4.5 -> 8716.2302 | P172: 8 | Q172: 10 | R172: 9 | S172: 9 | T172: 9 | U172: 9 | V172: 9 | W172: =IF(G172>P172,"Y",IF(H172>Q172,"Y",IF(I172>R172,"Y",IF(J172>S172,"Y",IF(K172>T172,"Y",IF(L172>U172,"Y",IF(M172>V172,"Y","N"))))))) -> Y | X172: =IF(W172="Y",MAX((G172-P172),(H172-Q172),(I172-R172),(J172-S172),(K172-T172),(L172-U172),(M172-V172))/10,0) -> 0.174 | Y172: =IF(X172<5%,"0-4.9%",IF(X172<25%,"5-25%",IF(X172<50%,"25-50%","Over 50%"))) -> 5-25% | Z172: Construction Material | AB172: 8660 | AC172: 10120 | AD172: 10640 | AE172: 10740 | AF172: 10680 | AG172: 10440
A173: 27 | B173: 0.5375 | C173: UGANDA | D173: =IF(COUNT(G173:M173)>3,10,IF(COUNT(G173:M173)>2,9,7)) -> 10 | F173: 1*22+22*22 | G173: =AB173/1000 -> 7.64 | H173: =AC173/1000 -> 14 | I173: =AD173/1000 -> 14.6 | J173: =AE173/1000 -> 8.98 | K173: =AF173/1000 -> 7.76 | L173: =AG173/1000 -> 14.12 | M173: =AH173/1000 -> 14.32 | N173: =SUM(G173:M173) -> 81.42 | O173: =(N173/8.16)^4.5 -> 31310.084 | P173: 8 | Q173: 10 | R173: 9 | S173: 9 | T173: 9 | U173: 9 | V173: 9 | W173: =IF(G173>P173,"Y",IF(H173>Q173,"Y",IF(I173>R173,"Y",IF(J173>S173,"Y",IF(K173>T173,"Y",IF(L173>U173,"Y",IF(M173>V173,"Y","N"))))))) -> Y | X173: =IF(W173="Y",MAX((G173-P173),(H173-Q173),(I173-R173),(J173-S173),(K173-T173),(L173-U173),(M173-V173))/10,0) -> 0.56 | Y173: =IF(X173<5%,"0-4.9%",IF(X173<25%,"5-25%",IF(X173<50%,"25-50%","Over 50%"))) -> Over 50% | Z173: Construction Material | AB173: 7640 | AC173: 14000 | AD173: 14600 | AE173: 8980 | AF173: 7760 | AG173: 14120 | AH173: 14320
A174: 31 | B174: 0.042361111 | C174: KENYA | D174: =IF(COUNT(G174:M174)>3,10,IF(COUNT(G174:M174)>2,9,7)) -> 10 | F174: 1*12-222 | G174: =AB174/1000 -> 7.92 | H174: =AC174/1000 -> 2.32 | I174: =AD174/1000 -> 4.74 | J174: =AE174/1000 -> 4.26 | K174: =AF174/1000 -> 3.64 | L174: =AG174/1000 -> 3.22 | M174: =AH174/1000 -> 0 | N174: =SUM(G174:M174) -> 26.1 | O174: =(N174/8.16)^4.5 -> 187.18738 | P174: 8 | Q174: 10 | R174: 9 | S174: 9 | T174: 9 | U174: 9 | V174: 9 | W174: =IF(G174>P174,"Y",IF(H174>Q174,"Y",IF(I174>R174,"Y",IF(J174>S174,"Y",IF(K174>T174,"Y",IF(L174>U174,"Y",IF(M174>V174,"Y","N"))))))) -> N | X174: =IF(W174="Y",MAX((G174-P174),(H174-Q174),(I174-R174),(J174-S174),(K174-T174),(L174-U174),(M174-V174))/10,0) -> 0 | Y174: =IF(X174<5%,"0-4.9%",IF(X174<25%,"5-25%",IF(X174<50%,"25-50%","Over 50%"))) -> 0-4.9% | Z174: Empty | AB174: 7920 | AC174: 2320 | AD174: 4740 | AE174: 4260 | AF174: 3640 | AG174: 3220
A175: 33 | B175: 0.047222222 | C175: UGANDA | D175: =IF(COUNT(G175:M175)>3,10,IF(COUNT(G175:M175)>2,9,7)) -> 10 | F175: 11*222 | G175: =AB175/1000 -> 4.36 | H175: =AC175/1000 -> 4.78 | I175: =AD175/1000 -> 4.08 | J175: =AE175/1000 -> 5.46 | K175: =AF175/1000 -> 0.9 | L175: =AG175/1000 -> 0 | M175: =AH175/1000 -> 0 | N175: =SUM(G175:M175) -> 19.58 | O175: =(N175/8.16)^4.5 -> 51.351293 | P175: 8 | Q175: 10 | R175: 9 | S175: 9 | T175: 9 | U175: 9 | V175: 9 | W175: =IF(G175>P175,"Y",IF(H175>Q175,"Y",IF(I175>R175,"Y",IF(J175>S175,"Y",IF(K175>T175,"Y",IF(L175>U175,"Y",IF(M175>V175,"Y","N"))))))) -> N | X175: =IF(W175="Y",MAX((G175-P175),(H175-Q175),(I175-R175),(J175-S175),(K175-T175),(L175-U175),(M175-V175))/10,0) -> 0 | Y175: =IF(X175<5%,"0-4.9%",IF(X175<25%,"5-25%",IF(X175<50%,"25-50%","Over 50%"))) -> 0-4.9% | Z175: Empty | AB175: 4360 | AC175: 4780 | AD175: 4080 | AE175: 5460 | AF175: 900
A176: 34 | B176: 0.05 | C176: UGANDA | D176: =IF(COUNT(G176:M176)>3,10,IF(COUNT(G176:M176)>2,9,7)) -> 10 | F176: 11*22 | G176: =AB176/1000 -> 10.75 | H176: =AC176/1000 -> 10.12 | I176: =AD176/1000 -> 12.15 | J176: =AE176/1000 -> 9.98 | K176: =AF176/1000 -> 0 | L176: =AG176/1000 -> 0 | M176: =AH176/1000 -> 0 | N176: =SUM(G176:M176) -> 43 | O176: =(N176/8.16)^4.5 -> 1770.1185 | P176: 8 | Q176: 10 | R176: 9 | S176: 9 | T176: 9 | U176: 9 | V176: 9 | W176: =IF(G176>P176,"Y",IF(H176>Q176,"Y",IF(I176>R176,"Y",IF(J176>S176,"Y",IF(K176>T176,"Y",IF(L176>U176,"Y",IF(M176>V176,"Y","N"))))))) -> Y | X176: =IF(W176="Y",MAX((G176-P176),(H176-Q176),(I176-R176),(J176-S176),(K176-T176),(L176-U176),(M176-V176))/10,0) -> 0.315 | Y176: =IF(X176<5%,"0-4.9%",IF(X176<25%,"5-25%",IF(X176<50%,"25-50%","Over 50%"))) -> 25-50% | Z176: Agricultural produce | AB176: 10750 | AC176: 10120 | AD176: 12150 | AE176: 9980
A177: 35 | B177: 0.055555556 | C177: UGANDA | D177: =IF(COUNT(G177:M177)>3,10,IF(COUNT(G177:M177)>2,9,7)) -> 10 | F177: 1*22-22 | G177: =AB177/1000 -> 7.22 | H177: =AC177/1000 -> 7.84 | I177: =AD177/1000 -> 6.94 | J177: =AE177/1000 -> 10.48 | K177: =AF177/1000 -> 7.58 | L177: =AG177/1000 -> 0 | M177: =AH177/1000 -> 0 | N177: =SUM(G177:M177) -> 40.06 | O177: =(N177/8.16)^4.5 -> 1287.0444 | P177: 8 | Q177: 10 | R177: 9 | S177: 9 | T177: 9 | U177: 9 | V177: 9 | W177: =IF(G177>P177,"Y",IF(H177>Q177,"Y",IF(I177>R177,"Y",IF(J177>S177,"Y",IF(K177>T177,"Y",IF(L177>U177,"Y",IF(M177>V177,"Y","N"))))))) -> Y | X177: =IF(W177="Y",MAX((G177-P177),(H177-Q177),(I177-R177),(J177-S177),(K177-T177),(L177-U177),(M177-V177))/10,0) -> 0.148 | Y177: =IF(X177<5%,"0-4.9%",IF(X177<25%,"5-25%",IF(X177<50%,"25-50%","Over 50%"))) -> 5-25% | Z177: Metal/machinery | AB177: 7220 | AC177: 7840 | AD177: 6940 | AE177: 10480 | AF177: 7580
A178: 37 | B178: 0.05625 | C178: UGANDA | D178: =IF(COUNT(G178:M178)>3,10,IF(COUNT(G178:M178)>2,9,7)) -> 10 | F178: 1*12-222 | G178: =AB178/1000 -> 8.94 | H178: =AC178/1000 -> 10.3 | I178: =AD178/1000 -> 12.88 | J178: =AE178/1000 -> 13.98 | K178: =AF178/1000 -> 10.28 | L178: =AG178/1000 -> 14.8 | M178: =AH178/1000 -> 0 | N178: =SUM(G178:M178) -> 71.18 | O178: =(N178/8.16)^4.5 -> 17100.358 | P178: 8 | Q178: 10 | R178: 9 | S178: 9 | T178: 9 | U178: 9 | V178: 9 | W178: =IF(G178>P178,"Y",IF(H178>Q178,"Y",IF(I178>R178,"Y",IF(J178>S178,"Y",IF(K178>T178,"Y",IF(L178>U178,"Y",IF(M178>V178,"Y","N"))))))) -> Y | X178: =IF(W178="Y",MAX((G178-P178),(H178-Q178),(I178-R178),(J178-S178),(K178-T178),(L178-U178),(M178-V178))/10,0) -> 0.58 | Y178: =IF(X178<5%,"0-4.9%",IF(X178<25%,"5-25%",IF(X178<50%,"25-50%","Over 50%"))) -> Over 50% | Z178: Construction Material | AB178: 8940 | AC178: 10300 | AD178: 12880 | AE178: 13980 | AF178: 10280 | AG178: 14800
A179: 39 | B179: 0.058333333 | C179: UGANDA | D179: =IF(COUNT(G179:M179)>3,10,IF(COUNT(G179:M179)>2,9,7)) -> 10 | F179: 1*22-222 | G179: =AB179/1000 -> 8.78 | H179: =AC179/1000 -> 12.38 | I179: =AD179/1000 -> 12.1 | J179: =AE179/1000 -> 16.1 | K179: =AF179/1000 -> 11.84 | L179: =AG179/1000 -> 12.06 | M179: =AH179/1000 -> 0 | N179: =SUM(G179:M179) -> 73.26 | O179: =(N179/8.16)^4.5 -> 19466.837 | P179: 8 | Q179: 10 | R179: 9 | S179: 9 | T179: 9 | U179: 9 | V179: 9 | W179: =IF(G179>P179,"Y",IF(H179>Q179,"Y",IF(I179>R179,"Y",IF(J179>S179,"Y",IF(K179>T179,"Y",IF(L179>U179,"Y",IF(M179>V179,"Y","N"))))))) -> Y | X179: =IF(W179="Y",MAX((G179-P179),(H179-Q179),(I179-R179),(J179-S179),(K179-T179),(L179-U179),(M179-V179))/10,0) -> 0.71 | Y179: =IF(X179<5%,"0-4.9%",IF(X179<25%,"5-25%",IF(X179<50%,"25-50%","Over 50%"))) -> Over 50% | Z179: Agricultural produce | AB179: 8780 | AC179: 12380 | AD179: 12100 | AE179: 16100 | AF179: 11840 | AG179: 12060
A180: 41 | B180: 0.060416667 | C180: UGANDA | D180: =IF(COUNT(G180:M180)>3,10,IF(COUNT(G180:M180)>2,9,7)) -> 10 | F180: 1*12-222 | G180: =AB180/1000 -> 6.98 | H180: =AC180/1000 -> 6.48 | I180: =AD180/1000 -> 11.66 | J180: =AE180/1000 -> 14.16 | K180: =AF180/1000 -> 13.18 | L180: =AG180/1000 -> 12.84 | M180: =AH180/1000 -> 0 | N180: =SUM(G180:M180) -> 65.3 | O180: =(N180/8.16)^4.5 -> 11601.218 | P180: 8 | Q180: 10 | R180: 9 | S180: 9 | T180: 9 | U180: 9 | V180: 9 | W180: =IF(G180>P180,"Y",IF(H180>Q180,"Y",IF(I180>R180,"Y",IF(J180>S180,"Y",IF(K180>T180,"Y",IF(L180>U180,"Y",IF(M180>V180,"Y","N"))))))) -> Y | X180: =IF(W180="Y",MAX((G180-P180),(H180-Q180),(I180-R180),(J180-S180),(K180-T180),(L180-U180),(M180-V180))/10,0) -> 0.516 | Y180: =IF(X180<5%,"0-4.9%",IF(X180<25%,"5-25%",IF(X180<50%,"25-50%","Over 50%"))) -> Over 50% | Z180: Agricultural produce | AB180: 6980 | AC180: 6480 | AD180: 11660 | AE180: 14160 | AF180: 13180 | AG180: 12840
A181: 43 | B181: 0.065972222 | C181: UGANDA | D181: =IF(COUNT(G181:M181)>3,10,IF(COUNT(G181:M181)>2,9,7)) -> 10 | F181: 1*12-222 | G181: =AB181/1000 -> 7.26 | H181: =AC181/1000 -> 2.8 | I181: =AD181/1000 -> 4.92 | J181: =AE181/1000 -> 2.78 | K181: =AF181/1000 -> 2.68 | L181: =AG181/1000 -> 4.18 | M181: =AH181/1000 -> 0 | N181: =SUM(G181:M181) -> 24.62 | O181: =(N181/8.16)^4.5 -> 143.94298 | P181: 8 | Q181: 10 | R181: 9 | S181: 9 | T181: 9 | U181: 9 | V181: 9 | W181: =IF(G181>P181,"Y",IF(H181>Q181,"Y",IF(I181>R181,"Y",IF(J181>S181,"Y",IF(K181>T181,"Y",IF(L181>U181,"Y",IF(M181>V181,"Y","N"))))))) -> N | X181: =IF(W181="Y",MAX((G181-P181),(H181-Q181),(I181-R181),(J181-S181),(K181-T181),(L181-U181),(M181-V181))/10,0) -> 0 | Y181: =IF(X181<5%,"0-4.9%",IF(X181<25%,"5-25%",IF(X181<50%,"25-50%","Over 50%"))) -> 0-4.9% | Z181: Empty | AB181: 7260 | AC181: 2800 | AD181: 4920 | AE181: 2780 | AF181: 2680 | AG181: 4180
A182: 48 | B182: 0.076388889 | C182: KENYA | D182: =IF(COUNT(G182:M182)>3,10,IF(COUNT(G182:M182)>2,9,7)) -> 10 | F182: 1*22-222 | G182: =AB182/1000 -> 4.46 | H182: =AC182/1000 -> 4 | I182: =AD182/1000 -> 4.02 | J182: =AE182/1000 -> 2.06 | K182: =AF182/1000 -> 2 | L182: =AG182/1000 -> 2.04 | M182: =AH182/1000 -> 0 | N182: =SUM(G182:M182) -> 18.58 | O182: =(N182/8.16)^4.5 -> 40.56019 | P182: 8 | Q182: 10 | R182: 9 | S182: 9 | T182: 9 | U182: 9 | V182: 9 | W182: =IF(G182>P182,"Y",IF(H182>Q182,"Y",IF(I182>R182,"Y",IF(J182>S182,"Y",IF(K182>T182,"Y",IF(L182>U182,"Y",IF(M182>V182,"Y","N"))))))) -> N | X182: =IF(W182="Y",MAX((G182-P182),(H182-Q182),(I182-R182),(J182-S182),(K182-T182),(L182-U182),(M182-V182))/10,0) -> 0 | Y182: =IF(X182<5%,"0-4.9%",IF(X182<25%,"5-25%",IF(X182<50%,"25-50%","Over 50%"))) -> 0-4.9% | Z182: Empty | AB182: 4460 | AC182: 4000 | AD182: 4020 | AE182: 2060 | AF182: 2000 | AG182: 2040
A183: 50 | B183: 0.079861111 | C183: UGANDA | D183: =IF(COUNT(G183:M183)>3,10,IF(COUNT(G183:M183)>2,9,7)) -> 10 | F183: 1*12-222 | G183: =AB183/1000 -> 3.7 | H183: =AC183/1000 -> 3.76 | I183: =AD183/1000 -> 6.54 | J183: =AE183/1000 -> 8.9 | K183: =AF183/1000 -> 8.2 | L183: =AG183/1000 -> 8.01 | M183: =AH183/1000 -> 0 | N183: =SUM(G183:M183) -> 39.11 | O183: =(N183/8.16)^4.5 -> 1155.2859 | P183: 8 | Q183: 10 | R183: 9 | S183: 9 | T183: 9 | U183: 9 | V183: 9 | W183: =IF(G183>P183,"Y",IF(H183>Q183,"Y",IF(I183>R183,"Y",IF(J183>S183,"Y",IF(K183>T183,"Y",IF(L183>U183,"Y",IF(M183>V183,"Y","N"))))))) -> N | X183: =IF(W183="Y",MAX((G183-P183),(H183-Q183),(I183-R183),(J183-S183),(K183-T183),(L183-U183),(M183-V183))/10,0) -> 0 | Y183: =IF(X183<5%,"0-4.9%",IF(X183<25%,"5-25%",IF(X183<50%,"25-50%","Over 50%"))) -> 0-4.9% | Z183: Construction Material | AB183: 3700 | AC183: 3760 | AD183: 6540 | AE183: 8900 | AF183: 8200 | AG183: 8010
A184: 52 | B184: 0.082638889 | C184: UGANDA | D184: =IF(COUNT(G184:M184)>3,10,IF(COUNT(G184:M184)>2,9,7)) -> 10 | F184: 11*22 | G184: =AB184/1000 -> 3.42 | H184: =AC184/1000 -> 6.02 | I184: =AD184/1000 -> 3.04 | J184: =AE184/1000 -> 3.88 | K184: =AF184/1000 -> 0 | L184: =AG184/1000 -> 0 | M184: =AH184/1000 -> 0 | N184: =SUM(G184:M184) -> 16.36 | O184: =(N184/8.16)^4.5 -> 22.878057 | P184: 8 | Q184: 10 | R184: 9 | S184: 9 | T184: 9 | U184: 9 | V184: 9 | W184: =IF(G184>P184,"Y",IF(H184>Q184,"Y",IF(I184>R184,"Y",IF(J184>S184,"Y",IF(K184>T184,"Y",IF(L184>U184,"Y",IF(M184>V184,"Y","N"))))))) -> N | X184: =IF(W184="Y",MAX((G184-P184),(H184-Q184),(I184-R184),(J184-S184),(K184-T184),(L184-U184),(M184-V184))/10,0) -> 0 | Y184: =IF(X184<5%,"0-4.9%",IF(X184<25%,"5-25%",IF(X184<50%,"25-50%","Over 50%"))) -> 0-4.9% | Z184: Empty | AB184: 3420 | AC184: 6020 | AD184: 3040 | AE184: 3880
A185: 55 | B185: 0.086111111 | C185: UGANDA | D185: =IF(COUNT(G185:M185)>3,10,IF(COUNT(G185:M185)>2,9,7)) -> 10 | F185: 1*2-222 | G185: =AB185/1000 -> 3.26 | H185: =AC185/1000 -> 3.04 | I185: =AD185/1000 -> 3.04 | J185: =AE185/1000 -> 3.04 | K185: =AF185/1000 -> 2.74 | L185: =AG185/1000 -> 0 | M185: =AH185/1000 -> 0 | N185: =SUM(G185:M185) -> 15.12 | O185: =(N185/8.16)^4.5 -> 16.04639 | P185: 8 | Q185: 10 | R185: 9 | S185: 9 | T185: 9 | U185: 9 | V185: 9 | W185: =IF(G185>P185,"Y",IF(H185>Q185,"Y",IF(I185>R185,"Y",IF(J185>S185,"Y",IF(K185>T185,"Y",IF(L185>U185,"Y",IF(M185>V185,"Y","N"))))))) -> N | X185: =IF(W185="Y",MAX((G185-P185),(H185-Q185),(I185-R185),(J185-S185),(K185-T185),(L185-U185),(M185-V185))/10,0) -> 0 | Y185: =IF(X185<5%,"0-4.9%",IF(X185<25%,"5-25%",IF(X185<50%,"25-50%","Over 50%"))) -> 0-4.9% | Z185: Empty | AB185: 3260 | AC185: 3040 | AD185: 3040 | AE185: 3040 | AF185: 2740
A186: 57 | B186: 0.0875 | C186: UGANDA | D186: =IF(COUNT(G186:M186)>3,10,IF(COUNT(G186:M186)>2,9,7)) -> 10 | F186: 1*22-222 | G186: =AB186/1000 -> 7.64 | H186: =AC186/1000 -> 4.72 | I186: =AD186/1000 -> 4.1 | J186: =AE186/1000 -> 3.56 | K186: =AF186/1000 -> 4.04 | L186: =AG186/1000 -> 8.4 | M186: =AH186/1000 -> 0 | N186: =SUM(G186:M186) -> 32.46 | O186: =(N186/8.16)^4.5 -> 499.41618 | P186: 8 | Q186: 10 | R186: 9 | S186: 9 | T186: 9 | U186: 9 | V186: 9 | W186: =IF(G186>P186,"Y",IF(H186>Q186,"Y",IF(I186>R186,"Y",IF(J186>S186,"Y",IF(K186>T186,"Y",IF(L186>U186,"Y",IF(M186>V186,"Y","N"))))))) -> N | X186: =IF(W186="Y",MAX((G186-P186),(H186-Q186),(I186-R186),(J186-S186),(K186-T186),(L186-U186),(M186-V186))/10,0) -> 0 | Y186: =IF(X186<5%,"0-4.9%",IF(X186<25%,"5-25%",IF(X186<50%,"25-50%","Over 50%"))) -> 0-4.9% | Z186: Others | AB186: 7640 | AC186: 4720 | AD186: 4100 | AE186: 3560 | AF186: 4040 | AG186: 8400
A187: 58 | B187: 0.089583333 | C187: UGANDA | D187: =IF(COUNT(G187:M187)>3,10,IF(COUNT(G187:M187)>2,9,7)) -> 10 | F187: 1*12-111 | G187: =AB187/1000 -> 3.82 | H187: =AC187/1000 -> 2.42 | I187: =AD187/1000 -> 2.14 | J187: =AE187/1000 -> 2.86 | K187: =AF187/1000 -> 2.8 | L187: =AG187/1000 -> 2.82 | M187: =AH187/1000 -> 0 | N187: =SUM(G187:M187) -> 16.86 | O187: =(N187/8.16)^4.5 -> 26.197108 | P187: 8 | Q187: 10 | R187: 9 | S187: 9 | T187: 9 | U187: 9 | V187: 9 | W187: =IF(G187>P187,"Y",IF(H187>Q187,"Y",IF(I187>R187,"Y",IF(J187>S187,"Y",IF(K187>T187,"Y",IF(L187>U187,"Y",IF(M187>V187,"Y","N"))))))) -> N | X187: =IF(W187="Y",MAX((G187-P187),(H187-Q187),(I187-R187),(J187-S187),(K187-T187),(L187-U187),(M187-V187))/10,0) -> 0 | Y187: =IF(X187<5%,"0-4.9%",IF(X187<25%,"5-25%",IF(X187<50%,"25-50%","Over 50%"))) -> 0-4.9% | Z187: Empty | AB187: 3820 | AC187: 2420 | AD187: 2140 | AE187: 2860 | AF187: 2800 | AG187: 2820

Sheet Graphs
B1: AXLE LOAD DATA ANALYSIS (KAMPALA - MITYANA HIGHWAY)
A3: Vehicle Categories | L3: Load Description
B4: Truck Type | C4: Kampala-Mityana | D4: Mityana-Kampala | E4: Both Directions | L4: Category | M4: Kampala-Mityana | N4: Mityana-Kampala
A5: 7 | B5: Light/Medium Trucks | C5: =COUNTIF('Kla-Mityana'!$D$7:$D$500,7) -> 104 | D5: =COUNTIF('Mityana-Kla'!$D$7:$D$500,7) -> 109 | E5: =SUM(C5:D5) -> 213 | L5: Agricultural produce | M5: =COUNTIF('Kla-Mityana'!$Z$7:$Z$230,L5)/$M$16 -> 0.026785714 | N5: =COUNTIF('Mityana-Kla'!$Z$7:$Z$187,L5)/$N$16 -> 0.33701657
A6: 9 | B6: Heavy Trucks | C6: =COUNTIF('Kla-Mityana'!$D$7:$D$500,9) -> 35 | D6: =COUNTIF('Mityana-Kla'!$D$7:$D$500,9) -> 16 | E6: =SUM(C6:D6) -> 51 | L6: Perishable | M6: =COUNTIF('Kla-Mityana'!$Z$7:$Z$230,L6)/$M$16 -> 0 | N6: =COUNTIF('Mityana-Kla'!$Z$7:$Z$187,L6)/$N$16 -> 0
A7: 10 | B7: Truck/Trailer | C7: =COUNTIF('Kla-Mityana'!$D$7:$D$500,10) -> 85 | D7: =COUNTIF('Mityana-Kla'!$D$7:$D$500,10) -> 56 | E7: =SUM(C7:D7) -> 141 | L7: Construction Material | M7: =COUNTIF('Kla-Mityana'!$Z$7:$Z$230,L7)/$M$16 -> 0.12053571 | N7: =44/$N$16 -> 0.24309392
B8: Totals | C8: =SUM(C5:C7) -> 224 | D8: =SUM(D5:D7) -> 181 | E8: =SUM(E5:E7) -> 405 | L8: Metal/machinery | M8: =COUNTIF('Kla-Mityana'!$Z$7:$Z$230,L8)/$M$16 -> 0.017857143 | N8: =COUNTIF('Mityana-Kla'!$Z$7:$Z$187,L8)/$N$16 -> 0.011049724
L9: Forestry products | M9: =COUNTIF('Kla-Mityana'!$Z$7:$Z$230,L9)/$M$16 -> 0 | N9: =COUNTIF('Mityana-Kla'!$Z$7:$Z$187,L9)/$N$16 -> 0
L10: Fuels | M10: =COUNTIF('Kla-Mityana'!$Z$7:$Z$230,L10)/$M$16 -> 0.075892857 | N10: =COUNTIF('Mityana-Kla'!$Z$7:$Z$187,L10)/$N$16 -> 0
L11: Chemical Products | M11: =COUNTIF('Kla-Mityana'!$Z$7:$Z$230,L11)/$M$16 -> 0.013392857 | N11: =COUNTIF('Mityana-Kla'!$Z$7:$Z$187,L11)/$N$16 -> 0
L12: Livestock | M12: =COUNTIF('Kla-Mityana'!$Z$7:$Z$230,L12)/$M$16 -> 0 | N12: =COUNTIF('Mityana-Kla'!$Z$7:$Z$187,L12)/$N$16 -> 0
L13: Household retail products | M13: =COUNTIF('Kla-Mityana'!$Z$7:$Z$230,L13)/$M$16 -> 0.13392857 | N13: =5/$N$16 -> 0.027624309
L14: Empty | M14: =COUNTIF('Kla-Mityana'!$Z$7:$Z$230,L14)/$M$16 -> 0.41071429 | N14: =COUNTIF('Mityana-Kla'!$Z$7:$Z$187,L14)/$N$16 -> 0.21546961
L15: Others | M15: =COUNTIF('Kla-Mityana'!$Z$7:$Z$230,L15)/$M$16 -> 0.20089286 | N15: =COUNTIF('Mityana-Kla'!$Z$7:$Z$187,L15)/$N$16 -> 0.16574586
L16: Total | M16: =C8 -> 224 | N16: =D8 -> 181
A27: Average Total Loading (Tonnes)
B28: Truck Type | C28: Kampala-Mityana | D28: Mityana-Kampala | E28: Both Directions | F28: Limit
A29: 7 | B29: Light/Medium Trucks | C29: =AVERAGEIF('Kla-Mityana'!$D$7:$D$230,Graphs!A29,'Kla-Mityana'!$N$7:$N$230) -> 12.788365 | D29: =AVERAGEIF('Mityana-Kla'!$D$7:$D$187,Graphs!A29,'Mityana-Kla'!$N$7:$N$187) -> 17.222936 | E29: =AVERAGE(C29:D29) -> 15.005651 | F29: 18
A30: 9 | B30: Heavy Trucks | C30: =AVERAGEIF('Kla-Mityana'!$D$7:$D$230,Graphs!A30,'Kla-Mityana'!$N$7:$N$230) -> 22.274286 | D30: =AVERAGEIF('Mityana-Kla'!$D$7:$D$187,Graphs!A30,'Mityana-Kla'!$N$7:$N$187) -> 24.79025 | E30: =AVERAGE(C30:D30) -> 23.532268 | F30: 27
A31: 10 | B31: Truck/Trailer | C31: =AVERAGEIF('Kla-Mityana'!$D$7:$D$230,Graphs!A31,'Kla-Mityana'!$N$7:$N$230) -> 42.791059 | D31: =AVERAGEIF('Mityana-Kla'!$D$7:$D$187,Graphs!A31,'Mityana-Kla'!$N$7:$N$187) -> 49.056143 | E31: =AVERAGE(C31:D31) -> 45.923601 | F31: 54
B32: Totals
L39: Proportion of Overloaded Trucks
M40: Truck Type | N40: Kampala-Mityana | O40: Mityana-Kampala | P40: Both Directions
M41: 0-4.9% | N41: =COUNTIF('Kla-Mityana'!$Y$7:$Y$230,M41)/$N$45 -> 0.48214286 | O41: =COUNTIF('Mityana-Kla'!$Y$7:$Y$187,M41)/$O$45 -> 0.36464088 | P41: =AVERAGE(N41:O41) -> 0.42339187
M42: 5-25% | N42: =COUNTIF('Kla-Mityana'!$Y$7:$Y$230,M42)/$N$45 -> 0.26785714 | O42: =COUNTIF('Mityana-Kla'!$Y$7:$Y$187,M42)/$O$45 -> 0.24861878 | P42: =AVERAGE(N42:O42) -> 0.25823796
M43: 25-50% | N43: =COUNTIF('Kla-Mityana'!$Y$7:$Y$230,M43)/$N$45 -> 0.14285714 | O43: =COUNTIF('Mityana-Kla'!$Y$7:$Y$187,M43)/$O$45 -> 0.20994475 | P43: =AVERAGE(N43:O43) -> 0.17640095
M44: Over 50% | N44: =COUNTIF('Kla-Mityana'!$Y$7:$Y$230,M44)/$N$45 -> 0.10714286 | O44: =COUNTIF('Mityana-Kla'!$Y$7:$Y$187,M44)/$O$45 -> 0.17679558 | P44: =AVERAGE(N44:O44) -> 0.14196922
N45: =C8 -> 224 | O45: =D8 -> 181
A55: Proportion of Overloaded Trucks
B56: Truck Type | C56: Kampala-Mityana | D56: Mityana-Kampala | E56: Both Directions
A57: 7 | B57: Light/Medium Trucks | C57: =COUNTIF('Kla-Mityana'!W7:W110,"Y")/C5 -> 0.39423077 | D57: =COUNTIF('Mityana-Kla'!W7:W115,"Y")/D5 -> 0.73394495 | E57: =AVERAGE(C57:D57) -> 0.56408786
A58: 9 | B58: Heavy Trucks | C58: =COUNTIF('Kla-Mityana'!W111:W145,"Y")/C6 -> 0.71428571 | D58: =COUNTIF('Mityana-Kla'!W116:W131,"y")/D6 -> 0.6875 | E58: =AVERAGE(C58:D58) -> 0.70089286
A59: 10 | B59: Truck/Trailer | C59: =COUNTIF('Kla-Mityana'!W146:W230,"Y")/C7 -> 0.75294118 | D59: =COUNTIF('Mityana-Kla'!W132:W187,"Y")/D7 -> 0.64285714 | E59: =AVERAGE(C59:D59) -> 0.69789916
B60: Overall | C60: =COUNTIF('Kla-Mityana'!W7:W230,"Y")/C8 -> 0.58035714 | D60: =COUNTIF('Mityana-Kla'!W7:W187,"Y")/D8 -> 0.70165746

Sheet KEY
I1: Axle Configuration
A2: TRUCK TYPES | I2: 2-Axles | J2: 2-Axles | K2: 3-Axle | L2: 4-Axle | M2: 5-Axle | N2: 6-Axle | O2: 7-Axle
A4: 7 | B4: LIGHT SINGLE UNIT TRUCK-DYNAS AND TRACTORS(2 axles) | I4: 1.1 | J4: 1.2
A5: 8 | B5: LIGHT/MEDIUM SINGLE UNIT TRUCKS (3 axles) | K5: 1.22
A6: 9 | B6: MEDIUM - SINGLE UNIT TRUCKS-LORRIES, FUSOS (4 axles) | L6: 1.1-22
L7: 1.222
A10: 10 | B10: HEAVY TRUCK RIGID (5 axles) | M10: 1.1-222
M11: 1.2-222
M12: 1.22-22
A13: 11 | B13: TRUCK TRAILER AND SEMI TRAILER (6 axles) | N13: 1.12-222
N14: 1.22-222
N15: 1.22+1-22
N16: 1.22+2-22
N17: 1.21-222
N18: 1.22-111
A19: 12 | B19: TRUCK TRAILER TYPE 2 (7 axles) | O19: 1.11+11-11
O20: 1.22+22-22
O21: 1.12+11-22
B29: 7. Light Truck
B30: 8. Medium Truck
B31: 9. Heavy truck
B32: 10. Truck Trailer
B35: 1*1 | C35: Light Truck | D35: 7 | E35: 18
B36: 1*2 | C36: Light Truck | D36: 7 | E36: 18
B37: 1*21 | C37: Medium Truck | D37: 8 | E37: 26
B38: 1*22 | C38: Heavy Truck | D38: 9 | E38: 26
B39: 1*2*2 | C39: Truck Trailer | D39: 10 | E39: 46
B40: 1*2*22 | C40: Truck Trailer | D40: 10 | E40: 46
B41: 1*22-22 | C41: Truck Trailer | D41: 10 | E41: 46
B42: 1*2*2*2 | C42: Truck Trailer | D42: 10 | E42: 46
B43: 1*22*2*22 | C43: Truck Trailer | D43: 10 | E43: 46
B44: 11*22 | C44: Heavy Truck | D44: 9 | E44: 34

Sheet Desc
A2: 1 | B2: Food crop (Maize,rice,wheat etc)
A3: 2 | B3: Cash Crops (coffee,tea etc)
A4: 3 | B4: Perishable (fish,milk,tea etc)
A5: 4 | B5: Construction Material (cement, gravel,stones,gravel,pipes)
A6: 5 | B6: Metal/machinery
A7: 6 | B7: Forestry products (timber & charcoal)
A8: 7 | B8: Fuels (any petroleum products)
A9: 8 | B9: Chemical Products (fertilizer,paints)
A10: 9 | B10: Livestock (cows,goats,camel etc)
A11: 10 | B11: Household retail products (beverage,oil,sugar,salt,flour)
A12: 11 | B12: Empty
A13: 12 | B13: Others (Pl specify)
A14: 4 | B14: CEMENT
