Workbook

Sheet DAY1
A1: AXLE LOAD SURVEY FORM
A2: Date: | D2: Station Name: | E2: NAKIBIZZI
A3: 43772 | H3: JINJA-KAMPALA
A4: S/No. | B4: Time | C4: Reg. Number | D4: Vehicle Type | E4: Number of Axles | F4: Axle Configuration | G4: Front | N4: Total (Tonnes) | O4: Total (ESA's) | P4: COMMENTS
G5: Axle 1 | H5: Axle 2 | I5: Axle 3 | J5: Axle 4 | K5: Axle 5 | L5: Axle 6 | M5: Axle 7
A6: 1 | B6: 0.40625 | C6: UBC 648D | D6: 12 | E6: 6 | F6: 1*22-222 | G6: 6.8 | H6: 7.8 | I6: 7.4 | J6: 7.3 | K6: 6.1 | L6: 6.3 | N6: =SUM(G6:M6) -> 41.7 | P6: AGRICULTURAL PRODUCTS
A7: 2 | B7: 0.41875 | C7: KAX 251 U | D7: 12 | E7: 6 | F7: 1*22-222 | G7: 5.55 | H7: 3.8 | I7: 7.6 | J7: 5.45 | K7: 5.1 | L7: 4.75 | N7: =SUM(G7:M7) -> 32.25 | P7: AGRICULTURAL PRODUCTS
A8: 3 | B8: 0.42361111 | C8: KAW 037 R | D8: 12 | E8: 6 | F8: 1*22-222 | G8: 5.1 | H8: 3.35 | I8: 10.2 | J8: 8.1 | K8: 7.9 | L8: 7.3 | N8: =SUM(G8:M8) -> 41.95 | P8: OTHERS
A9: 4 | B9: 0.4375 | C9: KCV 613 F | D9: 12 | E9: 6 | F9: 1*22-222 | G9: 5.7 | H9: 5.95 | I9: 8.9 | J9: 8.2 | K9: 6.6 | L9: 7.45 | N9: =SUM(G9:M9) -> 42.8 | P9: OTHERS
A10: 5 | B10: 0.44097222 | C10: UAY 484 B | D10: 7 | E10: 2 | F10: 1*2 | G10: 3.4 | H10: 8.55 | N10: =SUM(G10:M10) -> 11.95 | P10: OTHERS
A11: 6 | B11: 0.4625 | C11: A 2588A | D11: 13 | E11: 7 | F11: 1*22+22*22 | G11: 5.75 | H11: 5.1 | I11: 3.85 | J11: 5.45 | K11: 4.5 | L11: 5.75 | M11: 5.25 | N11: =SUM(G11:M11) -> 35.65 | P11: MINERAL ROCK
A12: 7 | B12: 0.47152778 | C12: UAX 416B | D12: 8 | E12: 3 | F12: 1*21 | G12: 7.1 | H12: 9.2 | I12: 5.8 | N12: =SUM(G12:M12) -> 22.1 | P12: PROCESSED FOODS
A13: 8 | B13: 0.49305556 | C13: KCN 135 Q | D13: 12 | E13: 6 | F13: 1*22-222 | G13: 4.9 | H13: 6.6 | I13: 6.75 | J13: 8.3 | K13: 8.25 | L13: 8.05 | N13: =SUM(G13:M13) -> 42.85 | P13: EQUIPMENT
A14: 9 | B14: 0.50833333 | C14: UAH 982 V | D14: 8 | E14: 3 | F14: 1*22 | G14: 7.45 | H14: 7.3 | I14: 7.75 | N14: =SUM(G14:M14) -> 22.5 | P14: FUEL
A15: 10 | B15: 0.52083333 | C15: UAN 676X | D15: 7 | E15: 2 | F15: 1*2 | G15: 3.9 | H15: 9.2 | N15: =SUM(G15:M15) -> 13.1 | P15: FERTILIZER
A16: 11 | B16: 0.52430556 | C16: UAG 982 T | D16: 10 | E16: 4 | F16: 1*222 | G16: 6.9 | H16: 10.1 | I16: 7.25 | J16: 2.6 | N16: =SUM(G16:M16) -> 26.85 | P16: PROCESSED FOODS
A17: 12 | B17: 0.52777778 | C17: KCT 248 R | D17: 12 | E17: 6 | F17: 1*22-222 | G17: 6.6 | H17: 5.25 | I17: 8.2 | J17: 7.05 | K17: 5.75 | L17: 6.85 | N17: =SUM(G17:M17) -> 39.7 | P17: MINERAL ROCK
A18: 13 | B18: 0.54652778 | C18: UAZ 536X | D18: 7 | E18: 2 | F18: 1*2 | G18: 3.25 | H18: 12.85 | N18: =SUM(G18:M18) -> 16.1 | P18: AGRICULTURAL PRODUCTS
A19: 14 | B19: 0.54722222 | C19: KBU 781S | D19: 12 | E19: 6 | F19: 1*22-222 | G19: 5.75 | H19: 5.4 | I19: 5.5 | J19: 6.3 | K19: 7.2 | L19: 5.3 | N19: =SUM(G19:M19) -> 35.45 | P19: OTHERS
A20: 15 | B20: 0.55555556 | C20: UAN 583A | D20: 7 | E20: 2 | F20: 1*2 | G20: 3.85 | H20: 9.1 | N20: =SUM(G20:M20) -> 12.95 | P20: PROCESSED FOODS
A21: 16 | B21: 0.60416667 | C21: UAM 548 H | D21: 10 | E21: 4 | F21: 1*222 | G21: 6.85 | H21: 8.6 | I21: 9.6 | J21: 2.75 | N21: =SUM(G21:M21) -> 27.8 | P21: PROCESSED FOODS
A22: 17 | B22: 0.60625 | C22: UBE 620S | D22: 10 | E22: 4 | F22: 11*22 | G22: 6.55 | H22: 8 | I22: 9 | J22: 7.8 | N22: =SUM(G22:M22) -> 31.35 | P22: BUILDING MATERIAL
A23: 18 | B23: 0.61944444 | C23: UAN 272 D | D23: 8 | E23: 3 | F23: 1*22 | G23: 5.3 | H23: 9.6 | I23: 9.3 | N23: =SUM(G23:M23) -> 24.2 | P23: PROCESSED FOODS
A24: 19 | B24: 0.63888889 | C24: UBD 675Y | D24: 7 | E24: 2 | F24: 1*2 | G24: 3.7 | H24: 9.75 | N24: =SUM(G24:M24) -> 13.45 | P24: AGRICULTURAL PRODUCTS
A25: 20 | B25: 0.64236111 | C25: KBV 876S | D25: 12 | E25: 6 | F25: 1*22-222 | G25: 6.6 | H25: 8.7 | I25: 7.4 | J25: 7.5 | K25: 7.6 | L25: 8.4 | N25: =SUM(G25:M25) -> 46.2 | P25: MINERAL ROCK
A26: 21 | B26: 0.66875 | C26: UAK 990A | D26: 13 | E26: 7 | F26: 1*22+22*22 | G26: 7.1 | H26: 7.65 | I26: 6.4 | J26: 6.25 | K26: 8.3 | L26: 5.9 | M26: 5.65 | N26: =SUM(G26:M26) -> 47.25 | P26: PROCESSED FOODS
A27: 22 | B27: 0.67361111 | C27: UAE 744R | D27: 12 | E27: 6 | F27: 1*22-222 | G27: 6.1 | H27: 7.35 | I27: 6.9 | J27: 6.55 | K27: 7.15 | L27: 9.1 | N27: =SUM(G27:M27) -> 43.15 | P27: AGRICULTURAL PRODUCTS
A28: 23 | B28: 0.72916667 | C28: UAD 925D | D28: 12 | E28: 6 | F28: 1*22-222 | G28: 5.2 | H28: 4.95 | I28: 3.45 | J28: 4.05 | K28: 4 | L28: 4.9 | N28: =SUM(G28:M28) -> 26.55 | P28: OTHERS
A29: 24 | B29: 0.75 | C29: UAR 067R | D29: 12 | E29: 6 | F29: 1*22-222 | G29: 6.1 | H29: 4.9 | I29: 7.4 | J29: 5.3 | K29: 7 | L29: 7.5 | N29: =SUM(G29:M29) -> 38.2 | P29: BUILDING MATERIAL

Sheet DAY 2
A1: AXLE LOAD SURVEY FORM
A2: Date: | D2: Station Name: | E2: NAKIBIZZI
A3: 43773 | D3: JINJA-KAMPALA | H3: JINJA-KAMPALA
A4: S/No. | B4: Time | C4: Reg. Number | D4: Vehicle Type | E4: Number of Axles | F4: Axle Configuration | G4: Front | N4: Total (Tonnes) | O4: Total (ESA's) | P4: COMMENTS
G5: Axle 1 | H5: Axle 2 | I5: Axle 3 | J5: Axle 4 | K5: Axle 5 | L5: Axle 6 | M5: Axle 7
A6: 1 | B6: 0.34027778 | C6: UAW 025N | D6: 13 | E6: 7 | F6: 1*22+22*22 | G6: 5.95 | H6: 12.25 | I6: 5 | J6: 8.35 | K6: 6.15 | L6: 8.5 | M6: 7.35 | N6: =SUM(G6:M6) -> 53.55 | P6: BUILDING MATERIAL
A7: 2 | B7: 0.34583333 | C7: KCC 578M | D7: 12 | E7: 6 | F7: 1*22-222 | G7: 6.8 | H7: 8.8 | I7: 7.5 | J7: 8.4 | K7: 8.2 | L7: 6.8 | N7: =SUM(G7:M7) -> 46.5 | P7: BUILDING MATERIAL
A8: 3 | B8: 0.37152778 | C8: UBD 281X | D8: 8 | E8: 3 | F8: 1*22 | G8: 4.65 | H8: 8.6 | I8: 10.25 | N8: =SUM(G8:M8) -> 23.5 | P8: AGRICULTURAL PRODUCT
A9: 4 | B9: 0.37569444 | C9: KCL 960B | D9: 12 | E9: 6 | F9: 1*22-222 | G9: 6.6 | H9: 6.7 | I9: 6.1 | J9: 7 | K9: 6.8 | L9: 8 | N9: =SUM(G9:M9) -> 41.2 | P9: BUILDING MATERIAL
A10: 5 | B10: 0.38611111 | C10: UAP 906F | D10: 7 | E10: 2 | F10: 1*2 | G10: 3.3 | H10: 12.65 | N10: =SUM(G10:M10) -> 15.95 | P10: AGRICULTURAL PRODUCT
A11: 6 | B11: 0.39583333 | C11: KCP 784T | D11: 12 | E11: 6 | F11: 1*22-222 | G11: 5.2 | H11: 2.9 | I11: 4.8 | J11: 5 | K11: 4.5 | L11: 4.5 | N11: =SUM(G11:M11) -> 26.9 | P11: EQUIPMENT
A12: 7 | B12: 0.43055556 | C12: UAD 400J | D12: 12 | E12: 6 | F12: 1*22-222 | G12: 5.4 | H12: 6.95 | I12: 8.45 | J12: 8.15 | K12: 8.1 | L12: 8.1 | N12: =SUM(G12:M12) -> 45.15 | P12: AGRICULTURAL PRODUCT
A13: 8 | B13: 0.43263889 | C13: UAU 152S | D13: 8 | E13: 3 | F13: 1*22 | G13: 6.2 | H13: 14.7 | I13: 4.65 | N13: =SUM(G13:M13) -> 25.55 | P13: PROCESSED FOODS
A14: 9 | B14: 0.44722222 | C14: KBR 933V | D14: 12 | E14: 6 | F14: 1*22-222 | G14: 5.25 | H14: 4.05 | I14: 6.6 | J14: 6.45 | K14: 5.65 | L14: 6.1 | N14: =SUM(G14:M14) -> 34.1 | P14: PROCESSED FOODS
A15: 10 | B15: 0.46180556 | C15: UAV 368E | D15: 8 | E15: 3 | F15: 1*22 | G15: 7 | H15: 12.8 | I15: 4.75 | N15: =SUM(G15:M15) -> 24.55 | P15: PROCESSED FOODS
A16: 11 | B16: 0.50763889 | C16: KBU 739W | D16: 12 | E16: 6 | F16: 1*22-222 | G16: 5.5 | H16: 6.95 | I16: 7.15 | J16: 7.8 | K16: 6.7 | L16: 8.3 | N16: =SUM(G16:M16) -> 42.4 | P16: OTHERS
A17: 12 | B17: 0.51388889 | C17: KCU 353G | D17: 12 | E17: 6 | F17: 1*22-222 | G17: 6.05 | H17: 6.25 | I17: 6.75 | J17: 7.5 | K17: 7.85 | L17: 7.55 | N17: =SUM(G17:M17) -> 41.95 | P17: EQUIPMENT
A18: 13 | B18: 0.55694444 | C18: UBF 028K | D18: 7 | E18: 2 | F18: 1*2 | G18: 3.6 | H18: 12.1 | N18: =SUM(G18:M18) -> 15.7 | P18: AGRICULTURAL PRODUCT
A19: 14 | B19: 0.56944444 | C19: UAW 255B | D19: 7 | E19: 2 | F19: 1*2 | G19: 4.15 | H19: 9.45 | N19: =SUM(G19:M19) -> 13.6 | P19: AGRICULTURAL PRODUCT
A20: 15 | B20: 0.57986111 | C20: UAU 690M | D20: 7 | E20: 2 | F20: 1*2 | G20: 3.5 | H20: 7.15 | N20: =SUM(G20:M20) -> 10.65 | P20: OTHERS
A21: 16 | B21: 0.58402778 | C21: UAQ 159T | D21: 7 | E21: 2 | F21: 1*2 | G21: 5.6 | H21: 10.7 | N21: =SUM(G21:M21) -> 16.3 | P21: PROCESSED FOODS
A22: 17 | B22: 0.58888889 | C22: UBF 018K | D22: 7 | E22: 2 | F22: 1*2 | G22: 3.55 | H22: 10.1 | N22: =SUM(G22:M22) -> 13.65 | P22: AGRICULTURAL PRODUCT
A23: 18 | B23: 0.59236111 | C23: UAU 743H | D23: 7 | E23: 2 | F23: 1*2 | G23: 3.2 | H23: 11 | N23: =SUM(G23:M23) -> 14.2 | P23: AGRICULTURAL PRODUCT
A24: 19 | B24: 0.61111111 | C24: KCH 040P | D24: 12 | E24: 6 | F24: 1*22-222 | G24: 4.3 | H24: 4.95 | I24: 6.6 | J24: 6 | K24: 6.2 | L24: 7.2 | N24: =SUM(G24:M24) -> 35.25 | P24: OTHERS
A25: 20 | B25: 0.63263889 | C25: UAZ 192V | D25: 8 | E25: 3 | F25: 1*22 | G25: 4.35 | H25: 10.2 | I25: 10.85 | N25: =SUM(G25:M25) -> 25.4 | P25: AGRICULTURAL PRODUCT
A26: 21 | B26: 0.6375 | C26: UAS 962 U | D26: 12 | E26: 6 | F26: 1*22-222 | G26: 5.3 | H26: 6.8 | I26: 6.5 | J26: 7.4 | K26: 7.5 | L26: 8.1 | N26: =SUM(G26:M26) -> 41.6 | P26: PROCESSED FOODS
A27: 22 | B27: 0.63541667 | C27: UBA 967D | D27: 12 | E27: 6 | F27: 1*22-222 | G27: 5 | H27: 5.1 | I27: 6.3 | J27: 7.4 | K27: 6.7 | L27: 8 | N27: =SUM(G27:M27) -> 38.5 | P27: AGRICULTURAL PRODUCT
A28: 23 | B28: 0.66666667 | C28: UBA 473L | D28: 12 | E28: 6 | F28: 1*22-222 | G28: 6.5 | H28: 6.1 | I28: 5.6 | J28: 5.65 | K28: 7.9 | L28: 9.55 | N28: =SUM(G28:M28) -> 41.3 | P28: PROCESSED FOODS
A29: 24 | B29: 0.67916667 | C29: UBE 457R | D29: 8 | E29: 3 | F29: 1*22 | G29: 4.95 | H29: 9.05 | I29: 9.45 | N29: =SUM(G29:M29) -> 23.45 | P29: AGRICULTURAL PRODUCT

Sheet DAY 3
A1: AXLE LOAD SURVEY FORM
A2: Date: | D2: Station Name: | E2: NAKIBIZZI
A3: 43774 | D3: JINJA-KAMPALA | H3: JINJA KAMPALA
A4: S/No. | B4: Time | C4: Reg. Number | D4: Vehicle Type | E4: Number of Axles | F4: Axle Configuration | G4: Front | N4: Total (Tonnes) | O4: Total (ESA's) | P4: COMMENTS
G5: Axle 1 | H5: Axle 2 | I5: Axle 3 | J5: Axle 4 | K5: Axle 5 | L5: Axle 6 | M5: Axle 7
A6: 1 | B6: 0.38055556 | C6: KCS 027G | D6: 10 | E6: 6 | F6: 1*22-111 | G6: 5.3 | H6: 5.2 | I6: 9.1 | J6: 6.1 | K6: 7.3 | L6: 8 | N6: =SUM(G6:M6) -> 41 | P6: OTHERS
A7: 2 | B7: 0.38263889 | C7: KBQ 399M | D7: 10 | E7: 6 | F7: 1*22-222 | G7: 6.2 | H7: 8.4 | I7: 8.8 | J7: 7.4 | K7: 7.4 | L7: 8.2 | N7: =SUM(G7:M7) -> 46.4 | P7: OTHERS
A8: 3 | B8: 0.38888889 | C8: UAY 324T | D8: 8 | E8: 3 | F8: 1*22 | G8: 3.75 | H8: 11 | I8: 11.75 | N8: =SUM(G8:M8) -> 26.5 | P8: AGRICULTURAL PRODUCTS
A9: 4 | B9: 0.40902778 | C9: UAV 010F | D9: 8 | E9: 3 | F9: 1*22 | G9: 4.2 | H9: 9.8 | I9: 9.35 | N9: =SUM(G9:M9) -> 23.35 | P9: AGRICULTURAL PRODUCTS
A10: 5 | B10: 0.41944444 | C10: UAH 401Y | D10: 7 | E10: 2 | F10: 1*2 | G10: 3.4 | H10: 10.4 | N10: =SUM(G10:M10) -> 13.8 | P10: PROCESSED FOODS
A11: 6 | B11: 0.42361111 | C11: KCC 959G | D11: 10 | E11: 6 | F11: 1*22-222 | G11: 6.3 | H11: 3.45 | I11: 8.7 | J11: 6.4 | K11: 6.6 | L11: 5.2 | N11: =SUM(G11:M11) -> 36.65 | P11: OTHERS
A12: 7 | B12: 0.44097222 | C12: UAK 241L | D12: 7 | E12: 2 | F12: 1*2 | G12: 3.6 | H12: 8.3 | N12: =SUM(G12:M12) -> 11.9 | P12: PROCESSED FOODS
A13: 8 | B13: 0.45902778 | C13: UAT 527R | D13: 12 | E13: 6 | F13: 1*22-222 | G13: 5.25 | H13: 4.95 | I13: 9.4 | J13: 5.9 | K13: 7.7 | L13: 7.7 | N13: =SUM(G13:M13) -> 40.9 | P13: BUILDING MATERIAL
A14: 9 | B14: 0.46319444 | C14: KCD 213Z | D14: 12 | E14: 6 | F14: 1*22-222 | G14: 6.4 | H14: 7.55 | I14: 7.3 | J14: 7.6 | K14: 6.35 | L14: 10.94 | N14: =SUM(G14:M14) -> 46.14 | P14: PROCESSED FOODS
A15: 10 | B15: 0.47222222 | C15: KBT 780D | D15: 12 | E15: 6 | F15: 1*22-222 | G15: 6.1 | H15: 2.9 | I15: 12.1 | J15: 9.25 | K15: 7.7 | L15: 7.4 | N15: =SUM(G15:M15) -> 45.45 | P15: OTHERS
A16: 11 | B16: 0.47777778 | C16: UAW 961P | D16: 7 | E16: 2 | F16: 1*2 | G16: 3.6 | H16: 8.25 | N16: =SUM(G16:M16) -> 11.85 | P16: OTHERS
A17: 12 | B17: 0.48611111 | C17: UAZ 116X | D17: 12 | E17: 6 | F17: 1*22-222 | G17: 6.3 | H17: 8.25 | I17: 8.45 | J17: 8.95 | K17: 7.9 | L17: 7.7 | N17: =SUM(G17:M17) -> 47.55 | P17: AGRICULTURAL PRODUCTS
A18: 13 | B18: 0.50069444 | C18: KCM 709S | D18: 12 | E18: 6 | F18: 1*22-222 | G18: 6.2 | H18: 2.8 | I18: 12 | J18: 6.6 | K18: 9 | L18: 9 | N18: =SUM(G18:M18) -> 45.6 | P18: PROCESSED FOODS
A19: 14 | B19: 0.50763889 | C19: UAA 949C | D19: 7 | E19: 2 | F19: 1*2 | G19: 3.4 | H19: 12.6 | N19: =SUM(G19:M19) -> 16 | P19: AGRICULTURAL PRODUCTS
A20: 15 | B20: 0.51736111 | C20: UBE 081D | D20: 10 | E20: 4 | F20: 11*22 | G20: 6.25 | H20: 2.35 | I20: 10.2 | J20: 8.3 | N20: =SUM(G20:M20) -> 27.1 | P20: PROCESSED FOODS
A21: 16 | B21: 0.5375 | C21: UAF 433J | D21: 11 | E21: 5 | F21: 1*11-22 | G21: 6.6 | H21: 10.45 | I21: 7.1 | J21: 6.95 | K21: 7.7 | N21: =SUM(G21:M21) -> 38.8 | P21: BUILDING MATERIAL
A22: 17 | B22: 0.54305556 | C22: UAT 861N | D22: 12 | E22: 6 | F22: 1*22-222 | G22: 6 | H22: 2.5 | I22: 8 | J22: 8.4 | K22: 8 | L22: 8.2 | N22: =SUM(G22:M22) -> 41.1 | P22: BUILDING MATERIAL
A23: 18 | B23: 0.54861111 | C23: KCM 864T | D23: 12 | E23: 6 | F23: 1*22-222 | G23: 6.55 | H23: 8.3 | I23: 9.6 | J23: 7.6 | K23: 7.4 | L23: 6.2 | N23: =SUM(G23:M23) -> 45.65 | P23: AGRICULTURAL PRODUCTS
A24: 19 | B24: 0.56597222 | C24: UAY 645M | D24: 12 | E24: 6 | F24: 1*22-222 | G24: 5.7 | H24: 11 | I24: 4.5 | J24: 7.4 | K24: 8.4 | L24: 8.2 | N24: =SUM(G24:M24) -> 45.2 | P24: BUILDING MATERIAL
A25: 20 | B25: 0.59305556 | C25: UAU 183L | D25: 12 | E25: 6 | F25: 1*22-222 | G25: 5.9 | H25: 9.3 | I25: 8.8 | J25: 3.4 | K25: 3.6 | L25: 3.6 | N25: =SUM(G25:M25) -> 34.6 | P25: OTHERS
A26: 21 | B26: 0.59583333 | C26: UAL 914W | D26: 12 | E26: 6 | F26: 1*22-222 | G26: 7.4 | H26: 2.4 | I26: 12.1 | J26: 10.1 | K26: 8 | L26: 7.9 | N26: =SUM(G26:M26) -> 47.9 | P26: BUILDING MATERIAL
A27: 22 | B27: 0.60555556 | C27: UAZ 408W | D27: 12 | E27: 6 | F27: 1*12-111 | G27: 4.65 | H27: 8.55 | I27: 6.35 | J27: 6.4 | K27: 6.7 | L27: 9.4 | N27: =SUM(G27:M27) -> 42.05 | P27: PROCESSED FOODS
A28: 23 | B28: 0.61805556 | C28: KBT 223B | D28: 12 | E28: 6 | F28: 1*22-222 | G28: 4 | H28: 3.4 | I28: 7.2 | J28: 4.3 | K28: 4.2 | L28: 3 | N28: =SUM(G28:M28) -> 26.1 | P28: OTHERS
A29: 24 | B29: 0.62708333 | C29: UAS 576U | D29: 7 | E29: 2 | F29: 1*2 | G29: 4.3 | H29: 11.25 | N29: =SUM(G29:M29) -> 15.55 | P29: PROCESSED FOODS
A30: 25 | B30: 0.63194444 | C30: UAP 910L | D30: 7 | E30: 2 | F30: 1*2 | G30: 4.95 | H30: 9.9 | N30: =SUM(G30:M30) -> 14.85 | P30: PROCESSED FOODS
A31: 26 | B31: 0.6375 | C31: UAZ 192 H | D31: 8 | E31: 3 | F31: 1*22 | G31: 4.65 | H31: 11.35 | I31: 10.7 | N31: =SUM(G31:M31) -> 26.7 | P31: AGRICULTURAL PRODUCTS
A32: 27 | B32: 0.65972222 | C32: UBD 828J | D32: 8 | E32: 3 | F32: 1*22 | G32: 5.7 | H32: 8.7 | I32: 8.15 | N32: =SUM(G32:M32) -> 22.55 | P32: OTHERS
A33: 28 | B33: 0.72222222 | C33: UAZ 225T | D33: 8 | E33: 3 | F33: 1*22 | G33: 3.9 | H33: 9.95 | I33: 9.6 | N33: =SUM(G33:M33) -> 23.45 | P33: AGRICULTURAL PRODUCTS
G36: KAMPALA-JINJA
A37: 1 | B37: 0.64097222 | C37: UAW 415X | D37: 7 | E37: 2 | F37: 1*2 | G37: 2.9 | H37: 4.4 | N37: =SUM(G37:M37) -> 7.3 | P37: OTHERS
A38: 2 | B38: 0.66944444 | C38: UAH 162H | D38: 10 | E38: 4 | F38: 1*222 | G38: 8.6 | H38: 9.1 | I38: 7.2 | J38: 3.6 | N38: =SUM(G38:M38) -> 28.5 | P38: OTHERS
A39: 3 | B39: 0.68194444 | C39: UAJ 045T | D39: 10 | E39: 4 | F39: 1*222 | G39: 8.45 | H39: 11.15 | I39: 7.25 | J39: 2.8 | N39: =SUM(G39:M39) -> 29.65 | P39: OTHERS
A40: 4 | B40: 0.70138889 | C40: UAE 881L | D40: 10 | E40: 4 | F40: 1*222 | G40: 7.2 | H40: 11.2 | I40: 11.2 | J40: 2.4 | N40: =SUM(G40:M40) -> 32 | P40: OTHERS
A41: 5 | B41: 0.7125 | C41: UBD 799H | D41: 7 | E41: 2 | F41: 1*2 | G41: 4.2 | H41: 11.1 | N41: =SUM(G41:M41) -> 15.3 | P41: AGRICULTURAL PRODUCTS

Sheet Kla-Jinja
A1: Feasibility Study and Detailed Design of Kampala-Jinja Highway
A2: Axle Load Survey
A4: Station: Nakibizzi | G4: Direction From: Kampala | J4: Direction To: Jinja | M4: Date: 29/09/2010 | N4: Time: 7:00-19:00
A6: Measure No. | C6: Reg.No | D6: Vehicle Type | E6: Number of Axles | F6: Configuration | G6: Axle Load(T) | N6: Total (Tonnes) | O6: Total (ESA's) | P6: Load limit (Tonnes) | W6: OVERLOADED? | X6: Overloaded by? | Y6: Overload Bands | Z6: Load Type
G7: Axle-1 | H7: Axle -2 | I7: Axle-3 | J7: Axle-4 | K7: Axle-5 | L7: Axle-6 | M7: Axle-7 | P7: Axle 1 | Q7: Axle 2 | R7: Axle 3 | S7: Axle 4 | T7: Axle 5 | U7: Axle 6 | V7: Axle 7
A8: 046 | C8: UAM 785T | D8: =IF(COUNT(G8:M8)>3,10,IF(COUNT(G8:M8)>2,9,7)) -> 7 | F8: S2.S4 | G8: 4.2 | H8: 9.6 | N8: =SUM(G8:M8) -> 13.8 | O8: =(N8/8.16)^4.5 -> 10.63776 | P8: 8 | Q8: 10 | R8: 9 | S8: 9 | T8: 9 | U8: 9 | V8: 9 | W8: =IF(G8>P8,"Y",IF(H8>Q8,"Y",IF(I8>R8,"Y",IF(J8>S8,"Y",IF(K8>T8,"Y",IF(L8>U8,"Y",IF(M8>V8,"Y","N"))))))) -> N | X8: =IF(W8="Y",MAX((G8-P8),(H8-Q8),(I8-R8),(J8-S8),(K8-T8),(L8-U8),(M8-V8))/10,0) -> 0 | Y8: =IF(X8<5%,"0-4.9%",IF(X8<25%,"5-25%",IF(X8<50%,"25-50%","Over 50%"))) -> 0-4.9% | Z8: Agricultural produce
A9: 047 | C9: UAM 814J | D9: =IF(COUNT(G9:M9)>3,10,IF(COUNT(G9:M9)>2,9,7)) -> 7 | F9: S2.S4 | G9: 2.9 | H9: 7.4 | N9: =SUM(G9:M9) -> 10.3 | O9: =(N9/8.16)^4.5 -> 2.8520806 | P9: 8 | Q9: 10 | R9: 9 | S9: 9 | T9: 9 | U9: 9 | V9: 9 | W9: =IF(G9>P9,"Y",IF(H9>Q9,"Y",IF(I9>R9,"Y",IF(J9>S9,"Y",IF(K9>T9,"Y",IF(L9>U9,"Y",IF(M9>V9,"Y","N"))))))) -> N | X9: =IF(W9="Y",MAX((G9-P9),(H9-Q9),(I9-R9),(J9-S9),(K9-T9),(L9-U9),(M9-V9))/10,0) -> 0 | Y9: =IF(X9<5%,"0-4.9%",IF(X9<25%,"5-25%",IF(X9<50%,"25-50%","Over 50%"))) -> 0-4.9% | Z9: Household retail products
A10: 048 | C10: UAN 818A | D10: =IF(COUNT(G10:M10)>3,10,IF(COUNT(G10:M10)>2,9,7)) -> 7 | F10: S2.S4 | G10: 4.85 | H10: 9.25 | N10: =SUM(G10:M10) -> 14.1 | O10: =(N10/8.16)^4.5 -> 11.718723 | P10: 8 | Q10: 10 | R10: 9 | S10: 9 | T10: 9 | U10: 9 | V10: 9 | W10: =IF(G10>P10,"Y",IF(H10>Q10,"Y",IF(I10>R10,"Y",IF(J10>S10,"Y",IF(K10>T10,"Y",IF(L10>U10,"Y",IF(M10>V10,"Y","N"))))))) -> N | X10: =IF(W10="Y",MAX((G10-P10),(H10-Q10),(I10-R10),(J10-S10),(K10-T10),(L10-U10),(M10-V10))/10,0) -> 0 | Y10: =IF(X10<5%,"0-4.9%",IF(X10<25%,"5-25%",IF(X10<50%,"25-50%","Over 50%"))) -> 0-4.9% | Z10: Household retail products
A11: 052 | C11: UAG 504A | D11: =IF(COUNT(G11:M11)>3,10,IF(COUNT(G11:M11)>2,9,7)) -> 7 | F11: S2.S4 | G11: 4.75 | H11: 8.9 | N11: =SUM(G11:M11) -> 13.65 | O11: =(N11/8.16)^4.5 -> 10.127243 | P11: 8 | Q11: 10 | R11: 9 | S11: 9 | T11: 9 | U11: 9 | V11: 9 | W11: =IF(G11>P11,"Y",IF(H11>Q11,"Y",IF(I11>R11,"Y",IF(J11>S11,"Y",IF(K11>T11,"Y",IF(L11>U11,"Y",IF(M11>V11,"Y","N"))))))) -> N | X11: =IF(W11="Y",MAX((G11-P11),(H11-Q11),(I11-R11),(J11-S11),(K11-T11),(L11-U11),(M11-V11))/10,0) -> 0 | Y11: =IF(X11<5%,"0-4.9%",IF(X11<25%,"5-25%",IF(X11<50%,"25-50%","Over 50%"))) -> 0-4.9% | Z11: Household retail products
A12: 056 | C12: UAM 927Q | D12: =IF(COUNT(G12:M12)>3,10,IF(COUNT(G12:M12)>2,9,7)) -> 7 | F12: S2.S4 | G12: 3.95 | H12: 10.7 | N12: =SUM(G12:M12) -> 14.65 | O12: =(N12/8.16)^4.5 -> 13.920781 | P12: 8 | Q12: 10 | R12: 9 | S12: 9 | T12: 9 | U12: 9 | V12: 9 | W12: =IF(G12>P12,"Y",IF(H12>Q12,"Y",IF(I12>R12,"Y",IF(J12>S12,"Y",IF(K12>T12,"Y",IF(L12>U12,"Y",IF(M12>V12,"Y","N"))))))) -> Y | X12: =IF(W12="Y",MAX((G12-P12),(H12-Q12),(I12-R12),(J12-S12),(K12-T12),(L12-U12),(M12-V12))/10,0) -> 0.07 | Y12: =IF(X12<5%,"0-4.9%",IF(X12<25%,"5-25%",IF(X12<50%,"25-50%","Over 50%"))) -> 5-25% | Z12: Chemical Products
A13: 064 | C13: 0959AA107 | D13: =IF(COUNT(G13:M13)>3,10,IF(COUNT(G13:M13)>2,9,7)) -> 7 | F13: S2.S4 | G13: 4.75 | H13: 11.05 | N13: =SUM(G13:M13) -> 15.8 | O13: =(N13/8.16)^4.5 -> 19.559204 | P13: 8 | Q13: 10 | R13: 9 | S13: 9 | T13: 9 | U13: 9 | V13: 9 | W13: =IF(G13>P13,"Y",IF(H13>Q13,"Y",IF(I13>R13,"Y",IF(J13>S13,"Y",IF(K13>T13,"Y",IF(L13>U13,"Y",IF(M13>V13,"Y","N"))))))) -> Y | X13: =IF(W13="Y",MAX((G13-P13),(H13-Q13),(I13-R13),(J13-S13),(K13-T13),(L13-U13),(M13-V13))/10,0) -> 0.105 | Y13: =IF(X13<5%,"0-4.9%",IF(X13<25%,"5-25%",IF(X13<50%,"25-50%","Over 50%"))) -> 5-25% | Z13: Agricultural produce
A14: 067 | C14: UAG 270T | D14: =IF(COUNT(G14:M14)>3,10,IF(COUNT(G14:M14)>2,9,7)) -> 7 | F14: S2.S4 | G14: 4.75 | H14: 11.05 | N14: =SUM(G14:M14) -> 15.8 | O14: =(N14/8.16)^4.5 -> 19.559204 | P14: 8 | Q14: 10 | R14: 9 | S14: 9 | T14: 9 | U14: 9 | V14: 9 | W14: =IF(G14>P14,"Y",IF(H14>Q14,"Y",IF(I14>R14,"Y",IF(J14>S14,"Y",IF(K14>T14,"Y",IF(L14>U14,"Y",IF(M14>V14,"Y","N"))))))) -> Y | X14: =IF(W14="Y",MAX((G14-P14),(H14-Q14),(I14-R14),(J14-S14),(K14-T14),(L14-U14),(M14-V14))/10,0) -> 0.105 | Y14: =IF(X14<5%,"0-4.9%",IF(X14<25%,"5-25%",IF(X14<50%,"25-50%","Over 50%"))) -> 5-25% | Z14: Agricultural produce
A15: 070 | C15: UAH 161T | D15: =IF(COUNT(G15:M15)>3,10,IF(COUNT(G15:M15)>2,9,7)) -> 7 | F15: S2.S4 | G15: 3.35 | H15: 6.05 | N15: =SUM(G15:M15) -> 9.4 | O15: =(N15/8.16)^4.5 -> 1.890034 | P15: 8 | Q15: 10 | R15: 9 | S15: 9 | T15: 9 | U15: 9 | V15: 9 | W15: =IF(G15>P15,"Y",IF(H15>Q15,"Y",IF(I15>R15,"Y",IF(J15>S15,"Y",IF(K15>T15,"Y",IF(L15>U15,"Y",IF(M15>V15,"Y","N"))))))) -> N | X15: =IF(W15="Y",MAX((G15-P15),(H15-Q15),(I15-R15),(J15-S15),(K15-T15),(L15-U15),(M15-V15))/10,0) -> 0 | Y15: =IF(X15<5%,"0-4.9%",IF(X15<25%,"5-25%",IF(X15<50%,"25-50%","Over 50%"))) -> 0-4.9% | Z15: Household retail products
A16: 071 | C16: UAK 969T | D16: =IF(COUNT(G16:M16)>3,10,IF(COUNT(G16:M16)>2,9,7)) -> 7 | F16: S2.S4 | G16: 4.05 | H16: 9.25 | N16: =SUM(G16:M16) -> 13.3 | O16: =(N16/8.16)^4.5 -> 9.010039 | P16: 8 | Q16: 10 | R16: 9 | S16: 9 | T16: 9 | U16: 9 | V16: 9 | W16: =IF(G16>P16,"Y",IF(H16>Q16,"Y",IF(I16>R16,"Y",IF(J16>S16,"Y",IF(K16>T16,"Y",IF(L16>U16,"Y",IF(M16>V16,"Y","N"))))))) -> N | X16: =IF(W16="Y",MAX((G16-P16),(H16-Q16),(I16-R16),(J16-S16),(K16-T16),(L16-U16),(M16-V16))/10,0) -> 0 | Y16: =IF(X16<5%,"0-4.9%",IF(X16<25%,"5-25%",IF(X16<50%,"25-50%","Over 50%"))) -> 0-4.9% | Z16: Agricultural produce
A17: 141 | C17: UAJ 299R | D17: =IF(COUNT(G17:M17)>3,10,IF(COUNT(G17:M17)>2,9,7)) -> 7 | F17: S2.S4 | G17: 3.4 | H17: 7.2 | N17: =SUM(G17:M17) -> 10.6 | O17: =(N17/8.16)^4.5 -> 3.2454183 | P17: 8 | Q17: 10 | R17: 9 | S17: 9 | T17: 9 | U17: 9 | V17: 9 | W17: =IF(G17>P17,"Y",IF(H17>Q17,"Y",IF(I17>R17,"Y",IF(J17>S17,"Y",IF(K17>T17,"Y",IF(L17>U17,"Y",IF(M17>V17,"Y","N"))))))) -> N | X17: =IF(W17="Y",MAX((G17-P17),(H17-Q17),(I17-R17),(J17-S17),(K17-T17),(L17-U17),(M17-V17))/10,0) -> 0 | Y17: =IF(X17<5%,"0-4.9%",IF(X17<25%,"5-25%",IF(X17<50%,"25-50%","Over 50%"))) -> 0-4.9% | Z17: Household retail products
A18: 142 | C18: UAL 910L | D18: =IF(COUNT(G18:M18)>3,10,IF(COUNT(G18:M18)>2,9,7)) -> 7 | F18: S2.S4 | G18: 3.95 | H18: 6.45 | N18: =SUM(G18:M18) -> 10.4 | O18: =(N18/8.16)^4.5 -> 2.9788204 | P18: 8 | Q18: 10 | R18: 9 | S18: 9 | T18: 9 | U18: 9 | V18: 9 | W18: =IF(G18>P18,"Y",IF(H18>Q18,"Y",IF(I18>R18,"Y",IF(J18>S18,"Y",IF(K18>T18,"Y",IF(L18>U18,"Y",IF(M18>V18,"Y","N"))))))) -> N | X18: =IF(W18="Y",MAX((G18-P18),(H18-Q18),(I18-R18),(J18-S18),(K18-T18),(L18-U18),(M18-V18))/10,0) -> 0 | Y18: =IF(X18<5%,"0-4.9%",IF(X18<25%,"5-25%",IF(X18<50%,"25-50%","Over 50%"))) -> 0-4.9% | Z18: Agricultural produce
A19: 144 | C19: UAL 025X | D19: =IF(COUNT(G19:M19)>3,10,IF(COUNT(G19:M19)>2,9,7)) -> 7 | F19: S2.S4 | G19: 3.2 | H19: 10.2 | N19: =SUM(G19:M19) -> 13.4 | O19: =(N19/8.16)^4.5 -> 9.3189263 | P19: 8 | Q19: 10 | R19: 9 | S19: 9 | T19: 9 | U19: 9 | V19: 9 | W19: =IF(G19>P19,"Y",IF(H19>Q19,"Y",IF(I19>R19,"Y",IF(J19>S19,"Y",IF(K19>T19,"Y",IF(L19>U19,"Y",IF(M19>V19,"Y","N"))))))) -> Y | X19: =IF(W19="Y",MAX((G19-P19),(H19-Q19),(I19-R19),(J19-S19),(K19-T19),(L19-U19),(M19-V19))/10,0) -> 0.02 | Y19: =IF(X19<5%,"0-4.9%",IF(X19<25%,"5-25%",IF(X19<50%,"25-50%","Over 50%"))) -> 0-4.9% | Z19: Household retail products
... A154: 165 | C154: UAA 916E | D154: =IF(COUNT(G154:M154)>3,10,IF(COUNT(G154:M154)>2,9,7)) -> 7 | F154: S2.S4 | G154: 4.75 | H154: 4.75 | N154: =SUM(G154:M154) -> 9.5 | O154: =(N154/8.16)^4.5 -> 1.9822139 | P154: 8 | Q154: 10 | R154: 9 | S154: 9 | T154: 9 | U154: 9 | V154: 9 | W154: =IF(G154>P154,"Y",IF(H154>Q154,"Y",IF(I154>R154,"Y",IF(J154>S154,"Y",IF(K154>T154,"Y",IF(L154>U154,"Y",IF(M154>V154,"Y","N"))))))) -> N | X154: =IF(W154="Y",MAX((G154-P154),(H154-Q154),(I154-R154),(J154-S154),(K154-T154),(L154-U154),(M154-V154))/10,0) -> 0 | Y154: =IF(X154<5%,"0-4.9%",IF(X154<25%,"5-25%",IF(X154<50%,"25-50%","Over 50%"))) -> 0-4.9% | Z154: Metal/machinery
A155: 166 | C155: UAK 635E | D155: =IF(COUNT(G155:M155)>3,10,IF(COUNT(G155:M155)>2,9,7)) -> 7 | F155: S2.S4 | G155: 4.05 | H155: 9.35 | N155: =SUM(G155:M155) -> 13.4 | O155: =(N155/8.16)^4.5 -> 9.3189263 | P155: 8 | Q155: 10 | R155: 9 | S155: 9 | T155: 9 | U155: 9 | V155: 9 | W155: =IF(G155>P155,"Y",IF(H155>Q155,"Y",IF(I155>R155,"Y",IF(J155>S155,"Y",IF(K155>T155,"Y",IF(L155>U155,"Y",IF(M155>V155,"Y","N"))))))) -> N | X155: =IF(W155="Y",MAX((G155-P155),(H155-Q155),(I155-R155),(J155-S155),(K155-T155),(L155-U155),(M155-V155))/10,0) -> 0 | Y155: =IF(X155<5%,"0-4.9%",IF(X155<25%,"5-25%",IF(X155<50%,"25-50%","Over 50%"))) -> 0-4.9% | Z155: Agricultural produce
A156: 051 | C156: KAK 157V | D156: =IF(COUNT(G156:M156)>3,10,IF(COUNT(G156:M156)>2,9,7)) -> 9 | F156: S2.T8 | G156: 6.05 | H156: 8 | I156: 8 | N156: =SUM(G156:M156) -> 22.05 | O156: =(N156/8.16)^4.5 -> 87.646173 | P156: 8 | Q156: 10 | R156: 9 | S156: 9 | T156: 9 | U156: 9 | V156: 9 | W156: =IF(G156>P156,"Y",IF(H156>Q156,"Y",IF(I156>R156,"Y",IF(J156>S156,"Y",IF(K156>T156,"Y",IF(L156>U156,"Y",IF(M156>V156,"Y","N"))))))) -> N | X156: =IF(W156="Y",MAX((G156-P156),(H156-Q156),(I156-R156),(J156-S156),(K156-T156),(L156-U156),(M156-V156))/10,0) -> 0 | Y156: =IF(X156<5%,"0-4.9%",IF(X156<25%,"5-25%",IF(X156<50%,"25-50%","Over 50%"))) -> 0-4.9% | Z156: Others
A157: 055 | C157: UAN 859G | D157: =IF(COUNT(G157:M157)>3,10,IF(COUNT(G157:M157)>2,9,7)) -> 9 | F157: S2.T8 | G157: 6.75 | H157: 11.5 | I157: 8.7 | N157: =SUM(G157:M157) -> 26.95 | O157: =(N157/8.16)^4.5 -> 216.22642 | P157: 8 | Q157: 10 | R157: 9 | S157: 9 | T157: 9 | U157: 9 | V157: 9 | W157: =IF(G157>P157,"Y",IF(H157>Q157,"Y",IF(I157>R157,"Y",IF(J157>S157,"Y",IF(K157>T157,"Y",IF(L157>U157,"Y",IF(M157>V157,"Y","N"))))))) -> Y | X157: =IF(W157="Y",MAX((G157-P157),(H157-Q157),(I157-R157),(J157-S157),(K157-T157),(L157-U157),(M157-V157))/10,0) -> 0.15 | Y157: =IF(X157<5%,"0-4.9%",IF(X157<25%,"5-25%",IF(X157<50%,"25-50%","Over 50%"))) -> 5-25% | Z157: Household retail products
A158: 057 | C158: KAT 108B | D158: =IF(COUNT(G158:M158)>3,10,IF(COUNT(G158:M158)>2,9,7)) -> 9 | F158: S2.T8 | G158: 6.95 | H158: 16 | I158: 10 | N158: =SUM(G158:M158) -> 32.95 | O158: =(N158/8.16)^4.5 -> 534.24894 | P158: 8 | Q158: 10 | R158: 9 | S158: 9 | T158: 9 | U158: 9 | V158: 9 | W158: =IF(G158>P158,"Y",IF(H158>Q158,"Y",IF(I158>R158,"Y",IF(J158>S158,"Y",IF(K158>T158,"Y",IF(L158>U158,"Y",IF(M158>V158,"Y","N"))))))) -> Y | X158: =IF(W158="Y",MAX((G158-P158),(H158-Q158),(I158-R158),(J158-S158),(K158-T158),(L158-U158),(M158-V158))/10,0) -> 0.6 | Y158: =IF(X158<5%,"0-4.9%",IF(X158<25%,"5-25%",IF(X158<50%,"25-50%","Over 50%"))) -> Over 50% | Z158: Household retail products
A159: 065 | C159: UAN 627A | D159: =IF(COUNT(G159:M159)>3,10,IF(COUNT(G159:M159)>2,9,7)) -> 9 | F159: S2.T8 | G159: 8.4 | H159: 7.4 | I159: 7.95 | N159: =SUM(G159:M159) -> 23.75 | O159: =(N159/8.16)^4.5 -> 122.42794 | P159: 8 | Q159: 10 | R159: 9 | S159: 9 | T159: 9 | U159: 9 | V159: 9 | W159: =IF(G159>P159,"Y",IF(H159>Q159,"Y",IF(I159>R159,"Y",IF(J159>S159,"Y",IF(K159>T159,"Y",IF(L159>U159,"Y",IF(M159>V159,"Y","N"))))))) -> Y | X159: =IF(W159="Y",MAX((G159-P159),(H159-Q159),(I159-R159),(J159-S159),(K159-T159),(L159-U159),(M159-V159))/10,0) -> 0.04 | Y159: =IF(X159<5%,"0-4.9%",IF(X159<25%,"5-25%",IF(X159<50%,"25-50%","Over 50%"))) -> 0-4.9% | Z159: Agricultural produce
A160: 010 | C160: UAK 394E | D160: =IF(COUNT(G160:M160)>3,10,IF(COUNT(G160:M160)>2,9,7)) -> 9 | F160: S2.T8 | G160: 7.75 | H160: 7.6 | I160: 7.35 | N160: =SUM(G160:M160) -> 22.7 | O160: =(N160/8.16)^4.5 -> 99.887385 | P160: 8 | Q160: 10 | R160: 9 | S160: 9 | T160: 9 | U160: 9 | V160: 9 | W160: =IF(G160>P160,"Y",IF(H160>Q160,"Y",IF(I160>R160,"Y",IF(J160>S160,"Y",IF(K160>T160,"Y",IF(L160>U160,"Y",IF(M160>V160,"Y","N"))))))) -> N | X160: =IF(W160="Y",MAX((G160-P160),(H160-Q160),(I160-R160),(J160-S160),(K160-T160),(L160-U160),(M160-V160))/10,0) -> 0 | Y160: =IF(X160<5%,"0-4.9%",IF(X160<25%,"5-25%",IF(X160<50%,"25-50%","Over 50%"))) -> 0-4.9% | Z160: Household retail products
A161: 014 | C161: UAL 480R | D161: =IF(COUNT(G161:M161)>3,10,IF(COUNT(G161:M161)>2,9,7)) -> 9 | F161: S2.T8 | G161: 3.4 | H161: 2.75 | I161: 2.8 | N161: =SUM(G161:M161) -> 8.95 | O161: =(N161/8.16)^4.5 -> 1.5156466 | P161: 8 | Q161: 10 | R161: 9 | S161: 9 | T161: 9 | U161: 9 | V161: 9 | W161: =IF(G161>P161,"Y",IF(H161>Q161,"Y",IF(I161>R161,"Y",IF(J161>S161,"Y",IF(K161>T161,"Y",IF(L161>U161,"Y",IF(M161>V161,"Y","N"))))))) -> N | X161: =IF(W161="Y",MAX((G161-P161),(H161-Q161),(I161-R161),(J161-S161),(K161-T161),(L161-U161),(M161-V161))/10,0) -> 0 | Y161: =IF(X161<5%,"0-4.9%",IF(X161<25%,"5-25%",IF(X161<50%,"25-50%","Over 50%"))) -> 0-4.9% | Z161: Agricultural produce
A162: 015 | C162: UAN 902J | D162: =IF(COUNT(G162:M162)>3,10,IF(COUNT(G162:M162)>2,9,7)) -> 9 | F162: S2.T8 | G162: 6.5 | H162: 7.3 | I162: 7.3 | N162: =SUM(G162:M162) -> 21.1 | O162: =(N162/8.16)^4.5 -> 71.889479 | P162: 8 | Q162: 10 | R162: 9 | S162: 9 | T162: 9 | U162: 9 | V162: 9 | W162: =IF(G162>P162,"Y",IF(H162>Q162,"Y",IF(I162>R162,"Y",IF(J162>S162,"Y",IF(K162>T162,"Y",IF(L162>U162,"Y",IF(M162>V162,"Y","N"))))))) -> N | X162: =IF(W162="Y",MAX((G162-P162),(H162-Q162),(I162-R162),(J162-S162),(K162-T162),(L162-U162),(M162-V162))/10,0) -> 0 | Y162: =IF(X162<5%,"0-4.9%",IF(X162<25%,"5-25%",IF(X162<50%,"25-50%","Over 50%"))) -> 0-4.9% | Z162: Household retail products
A163: 020 | C163: UAL 626U | D163: =IF(COUNT(G163:M163)>3,10,IF(COUNT(G163:M163)>2,9,7)) -> 9 | F163: S2.T8 | G163: 4.15 | H163: 4.15 | I163: 2.7 | N163: =SUM(G163:M163) -> 11 | O163: =(N163/8.16)^4.5 -> 3.8340818 | P163: 8 | Q163: 10 | R163: 9 | S163: 9 | T163: 9 | U163: 9 | V163: 9 | W163: =IF(G163>P163,"Y",IF(H163>Q163,"Y",IF(I163>R163,"Y",IF(J163>S163,"Y",IF(K163>T163,"Y",IF(L163>U163,"Y",IF(M163>V163,"Y","N"))))))) -> N | X163: =IF(W163="Y",MAX((G163-P163),(H163-Q163),(I163-R163),(J163-S163),(K163-T163),(L163-U163),(M163-V163))/10,0) -> 0 | Y163: =IF(X163<5%,"0-4.9%",IF(X163<25%,"5-25%",IF(X163<50%,"25-50%","Over 50%"))) -> 0-4.9% | Z163: Metal/machinery
A164: 046 | C164: UAL 210N | D164: =IF(COUNT(G164:M164)>3,10,IF(COUNT(G164:M164)>2,9,7)) -> 9 | F164: S2.T8 | G164: 4.8 | H164: 3.7 | I164: 3.4 | N164: =SUM(G164:M164) -> 11.9 | O164: =(N164/8.16)^4.5 -> 5.4620493 | P164: 8 | Q164: 10 | R164: 9 | S164: 9 | T164: 9 | U164: 9 | V164: 9 | W164: =IF(G164>P164,"Y",IF(H164>Q164,"Y",IF(I164>R164,"Y",IF(J164>S164,"Y",IF(K164>T164,"Y",IF(L164>U164,"Y",IF(M164>V164,"Y","N"))))))) -> N | X164: =IF(W164="Y",MAX((G164-P164),(H164-Q164),(I164-R164),(J164-S164),(K164-T164),(L164-U164),(M164-V164))/10,0) -> 0 | Y164: =IF(X164<5%,"0-4.9%",IF(X164<25%,"5-25%",IF(X164<50%,"25-50%","Over 50%"))) -> 0-4.9% | Z164: Household retail products
A165: 052 | C165: UAM 890F | D165: =IF(COUNT(G165:M165)>3,10,IF(COUNT(G165:M165)>2,9,7)) -> 9 | F165: S2.T8 | G165: 4.75 | H165: 3.85 | I165: 3.4 | N165: =SUM(G165:M165) -> 12 | O165: =(N165/8.16)^4.5 -> 5.6716561 | P165: 8 | Q165: 10 | R165: 9 | S165: 9 | T165: 9 | U165: 9 | V165: 9 | W165: =IF(G165>P165,"Y",IF(H165>Q165,"Y",IF(I165>R165,"Y",IF(J165>S165,"Y",IF(K165>T165,"Y",IF(L165>U165,"Y",IF(M165>V165,"Y","N"))))))) -> N | X165: =IF(W165="Y",MAX((G165-P165),(H165-Q165),(I165-R165),(J165-S165),(K165-T165),(L165-U165),(M165-V165))/10,0) -> 0 | Y165: =IF(X165<5%,"0-4.9%",IF(X165<25%,"5-25%",IF(X165<50%,"25-50%","Over 50%"))) -> 0-4.9% | Z165: Household retail products
A166: 057 | C166: UAG 157Y | D166: =IF(COUNT(G166:M166)>3,10,IF(COUNT(G166:M166)>2,9,7)) -> 9 | F166: S2.T8 | G166: 4.55 | H166: 4.3 | I166: 2.9 | N166: =SUM(G166:M166) -> 11.75 | O166: =(N166/8.16)^4.5 -> 5.15899 | P166: 8 | Q166: 10 | R166: 9 | S166: 9 | T166: 9 | U166: 9 | V166: 9 | W166: =IF(G166>P166,"Y",IF(H166>Q166,"Y",IF(I166>R166,"Y",IF(J166>S166,"Y",IF(K166>T166,"Y",IF(L166>U166,"Y",IF(M166>V166,"Y","N"))))))) -> N | X166: =IF(W166="Y",MAX((G166-P166),(H166-Q166),(I166-R166),(J166-S166),(K166-T166),(L166-U166),(M166-V166))/10,0) -> 0 | Y166: =IF(X166<5%,"0-4.9%",IF(X166<25%,"5-25%",IF(X166<50%,"25-50%","Over 50%"))) -> 0-4.9% | Z166: Household retail products
A167: 060 | C167: UAN 616A | D167: =IF(COUNT(G167:M167)>3,10,IF(COUNT(G167:M167)>2,9,7)) -> 9 | F167: S2.T8 | G167: 4.65 | H167: 3 | I167: 2.8 | N167: =SUM(G167:M167) -> 10.45 | O167: =(N167/8.16)^4.5 -> 3.0438104 | P167: 8 | Q167: 10 | R167: 9 | S167: 9 | T167: 9 | U167: 9 | V167: 9 | W167: =IF(G167>P167,"Y",IF(H167>Q167,"Y",IF(I167>R167,"Y",IF(J167>S167,"Y",IF(K167>T167,"Y",IF(L167>U167,"Y",IF(M167>V167,"Y","N"))))))) -> N | X167: =IF(W167="Y",MAX((G167-P167),(H167-Q167),(I167-R167),(J167-S167),(K167-T167),(L167-U167),(M167-V167))/10,0) -> 0 | Y167: =IF(X167<5%,"0-4.9%",IF(X167<25%,"5-25%",IF(X167<50%,"25-50%","Over 50%"))) -> 0-4.9% | Z167: Empty
... A214: 159 | C214: UAG 556T | D214: =IF(COUNT(G214:M214)>3,10,IF(COUNT(G214:M214)>2,9,7)) -> 9 | F214: S2.T8 | G214: 6.45 | H214: 8.3 | I214: 8.05 | N214: =SUM(G214:M214) -> 22.8 | O214: =(N214/8.16)^4.5 -> 101.88285 | P214: 8 | Q214: 10 | R214: 9 | S214: 9 | T214: 9 | U214: 9 | V214: 9 | W214: =IF(G214>P214,"Y",IF(H214>Q214,"Y",IF(I214>R214,"Y",IF(J214>S214,"Y",IF(K214>T214,"Y",IF(L214>U214,"Y",IF(M214>V214,"Y","N"))))))) -> N | X214: =IF(W214="Y",MAX((G214-P214),(H214-Q214),(I214-R214),(J214-S214),(K214-T214),(L214-U214),(M214-V214))/10,0) -> 0 | Y214: =IF(X214<5%,"0-4.9%",IF(X214<25%,"5-25%",IF(X214<50%,"25-50%","Over 50%"))) -> 0-4.9% | Z214: Household retail products
A215: 045 | C215: KBG 46 | D215: =IF(COUNT(G215:M215)>3,10,IF(COUNT(G215:M215)>2,9,7)) -> 10 | F215: =#REF! -> #REF! | G215: 6.05 | H215: 8.25 | I215: 8.3 | J215: 8.3 | K215: 8.45 | L215: 9.8 | N215: =SUM(G215:M215) -> 49.15 | O215: =(N215/8.16)^4.5 -> 3230.3541 | P215: 8 | Q215: 10 | R215: 9 | S215: 9 | T215: 9 | U215: 9 | V215: 9 | W215: =IF(G215>P215,"Y",IF(H215>Q215,"Y",IF(I215>R215,"Y",IF(J215>S215,"Y",IF(K215>T215,"Y",IF(L215>U215,"Y",IF(M215>V215,"Y","N"))))))) -> Y | X215: =IF(W215="Y",MAX((G215-P215),(H215-Q215),(I215-R215),(J215-S215),(K215-T215),(L215-U215),(M215-V215))/10,0) -> 0.08 | Y215: =IF(X215<5%,"0-4.9%",IF(X215<25%,"5-25%",IF(X215<50%,"25-50%","Over 50%"))) -> 5-25% | Z215: Others
A216: 049 | C216: KAW 687K | D216: =IF(COUNT(G216:M216)>3,10,IF(COUNT(G216:M216)>2,9,7)) -> 10 | F216: S2.T8.T12 | G216: 6.25 | H216: 6.1 | I216: 6.65 | J216: 6.9 | K216: 6.8 | L216: 8 | N216: =SUM(G216:M216) -> 40.7 | O216: =(N216/8.16)^4.5 -> 1382.1944 | P216: 8 | Q216: 10 | R216: 9 | S216: 9 | T216: 9 | U216: 9 | V216: 9 | W216: =IF(G216>P216,"Y",IF(H216>Q216,"Y",IF(I216>R216,"Y",IF(J216>S216,"Y",IF(K216>T216,"Y",IF(L216>U216,"Y",IF(M216>V216,"Y","N"))))))) -> N | X216: =IF(W216="Y",MAX((G216-P216),(H216-Q216),(I216-R216),(J216-S216),(K216-T216),(L216-U216),(M216-V216))/10,0) -> 0 | Y216: =IF(X216<5%,"0-4.9%",IF(X216<25%,"5-25%",IF(X216<50%,"25-50%","Over 50%"))) -> 0-4.9% | Z216: Household retail products
A217: 050 | C217: KAP 544F | D217: =IF(COUNT(G217:M217)>3,10,IF(COUNT(G217:M217)>2,9,7)) -> 10 | F217: =F216 -> S2.T8.T12 | G217: 5.85 | H217: 7.5 | I217: 7.15 | J217: 7.2 | K217: 7.75 | L217: 10.4 | N217: =SUM(G217:M217) -> 45.85 | O217: =(N217/8.16)^4.5 -> 2362.7693 | P217: 8 | Q217: 10 | R217: 9 | S217: 9 | T217: 9 | U217: 9 | V217: 9 | W217: =IF(G217>P217,"Y",IF(H217>Q217,"Y",IF(I217>R217,"Y",IF(J217>S217,"Y",IF(K217>T217,"Y",IF(L217>U217,"Y",IF(M217>V217,"Y","N"))))))) -> Y | X217: =IF(W217="Y",MAX((G217-P217),(H217-Q217),(I217-R217),(J217-S217),(K217-T217),(L217-U217),(M217-V217))/10,0) -> 0.14 | Y217: =IF(X217<5%,"0-4.9%",IF(X217<25%,"5-25%",IF(X217<50%,"25-50%","Over 50%"))) -> 5-25% | Z217: Household retail products
A218: 053 | C218: KAU 130U | D218: =IF(COUNT(G218:M218)>3,10,IF(COUNT(G218:M218)>2,9,7)) -> 10 | F218: S2.T8.T12 | G218: 4 | H218: 10.25 | I218: 4.5 | J218: 10.05 | K218: 8.45 | L218: 9.15 | N218: =SUM(G218:M218) -> 46.4 | O218: =(N218/8.16)^4.5 -> 2493.0168 | P218: 8 | Q218: 10 | R218: 9 | S218: 9 | T218: 9 | U218: 9 | V218: 9 | W218: =IF(G218>P218,"Y",IF(H218>Q218,"Y",IF(I218>R218,"Y",IF(J218>S218,"Y",IF(K218>T218,"Y",IF(L218>U218,"Y",IF(M218>V218,"Y","N"))))))) -> Y | X218: =IF(W218="Y",MAX((G218-P218),(H218-Q218),(I218-R218),(J218-S218),(K218-T218),(L218-U218),(M218-V218))/10,0) -> 0.105 | Y218: =IF(X218<5%,"0-4.9%",IF(X218<25%,"5-25%",IF(X218<50%,"25-50%","Over 50%"))) -> 5-25% | Z218: Construction Material
A219: 054 | C219: KBK 554R | D219: =IF(COUNT(G219:M219)>3,10,IF(COUNT(G219:M219)>2,9,7)) -> 10 | F219: S2.T6.T12 | G219: 6.85 | H219: 7.55 | I219: 6.15 | J219: 6.2 | K219: 8.8 | L219: 12.35 | N219: =SUM(G219:M219) -> 47.9 | O219: =(N219/8.16)^4.5 -> 2876.7631 | P219: 8 | Q219: 10 | R219: 9 | S219: 9 | T219: 9 | U219: 9 | V219: 9 | W219: =IF(G219>P219,"Y",IF(H219>Q219,"Y",IF(I219>R219,"Y",IF(J219>S219,"Y",IF(K219>T219,"Y",IF(L219>U219,"Y",IF(M219>V219,"Y","N"))))))) -> Y | X219: =IF(W219="Y",MAX((G219-P219),(H219-Q219),(I219-R219),(J219-S219),(K219-T219),(L219-U219),(M219-V219))/10,0) -> 0.335 | Y219: =IF(X219<5%,"0-4.9%",IF(X219<25%,"5-25%",IF(X219<50%,"25-50%","Over 50%"))) -> 25-50% | Z219: Household retail products
A220: 058 | C220: KBK 200P | D220: =IF(COUNT(G220:M220)>3,10,IF(COUNT(G220:M220)>2,9,7)) -> 10 | F220: S2.T8.T12 | G220: 5.3 | H220: 8.6 | I220: 6.95 | J220: 8.5 | K220: 8.85 | L220: 10.75 | N220: =SUM(G220:M220) -> 48.95 | O220: =(N220/8.16)^4.5 -> 3171.622 | P220: 8 | Q220: 10 | R220: 9 | S220: 9 | T220: 9 | U220: 9 | V220: 9 | W220: =IF(G220>P220,"Y",IF(H220>Q220,"Y",IF(I220>R220,"Y",IF(J220>S220,"Y",IF(K220>T220,"Y",IF(L220>U220,"Y",IF(M220>V220,"Y","N"))))))) -> Y | X220: =IF(W220="Y",MAX((G220-P220),(H220-Q220),(I220-R220),(J220-S220),(K220-T220),(L220-U220),(M220-V220))/10,0) -> 0.175 | Y220: =IF(X220<5%,"0-4.9%",IF(X220<25%,"5-25%",IF(X220<50%,"25-50%","Over 50%"))) -> 5-25% | Z220: Household retail products
A221: 059 | C221: KAK 084B | D221: =IF(COUNT(G221:M221)>3,10,IF(COUNT(G221:M221)>2,9,7)) -> 10 | F221: =F220 -> S2.T8.T12 | G221: 7.2 | H221: 8.55 | I221: 6.55 | J221: 9.95 | K221: 8.45 | L221: 9.9 | N221: =SUM(G221:M221) -> 50.6 | O221: =(N221/8.16)^4.5 -> 3681.8968 | P221: 8 | Q221: 10 | R221: 9 | S221: 9 | T221: 9 | U221: 9 | V221: 9 | W221: =IF(G221>P221,"Y",IF(H221>Q221,"Y",IF(I221>R221,"Y",IF(J221>S221,"Y",IF(K221>T221,"Y",IF(L221>U221,"Y",IF(M221>V221,"Y","N"))))))) -> Y | X221: =IF(W221="Y",MAX((G221-P221),(H221-Q221),(I221-R221),(J221-S221),(K221-T221),(L221-U221),(M221-V221))/10,0) -> 0.095 | Y221: =IF(X221<5%,"0-4.9%",IF(X221<25%,"5-25%",IF(X221<50%,"25-50%","Over 50%"))) -> 5-25% | Z221: Household retail products
A222: 060 | C222: KBF 375H | D222: =IF(COUNT(G222:M222)>3,10,IF(COUNT(G222:M222)>2,9,7)) -> 10 | F222: =F221 -> S2.T8.T12 | G222: 5.9 | H222: 6.5 | I222: 8.15 | J222: 7.6 | K222: 8.9 | L222: 8.55 | N222: =SUM(G222:M222) -> 45.6 | O222: =(N222/8.16)^4.5 -> 2305.3458 | P222: 8 | Q222: 10 | R222: 9 | S222: 9 | T222: 9 | U222: 9 | V222: 9 | W222: =IF(G222>P222,"Y",IF(H222>Q222,"Y",IF(I222>R222,"Y",IF(J222>S222,"Y",IF(K222>T222,"Y",IF(L222>U222,"Y",IF(M222>V222,"Y","N"))))))) -> N | X222: =IF(W222="Y",MAX((G222-P222),(H222-Q222),(I222-R222),(J222-S222),(K222-T222),(L222-U222),(M222-V222))/10,0) -> 0 | Y222: =IF(X222<5%,"0-4.9%",IF(X222<25%,"5-25%",IF(X222<50%,"25-50%","Over 50%"))) -> 0-4.9% | Z222: Others
A223: 061 | C223: KAT 780Q | D223: =IF(COUNT(G223:M223)>3,10,IF(COUNT(G223:M223)>2,9,7)) -> 10 | F223: S2.S4.T12 | G223: 5.75 | H223: 2.9 | I223: 4.8 | J223: 3.2 | K223: 3.25 | L223: 3.4 | N223: =SUM(G223:M223) -> 23.3 | O223: =(N223/8.16)^4.5 -> 112.33004 | P223: 8 | Q223: 10 | R223: 9 | S223: 9 | T223: 9 | U223: 9 | V223: 9 | W223: =IF(G223>P223,"Y",IF(H223>Q223,"Y",IF(I223>R223,"Y",IF(J223>S223,"Y",IF(K223>T223,"Y",IF(L223>U223,"Y",IF(M223>V223,"Y","N"))))))) -> N | X223: =IF(W223="Y",MAX((G223-P223),(H223-Q223),(I223-R223),(J223-S223),(K223-T223),(L223-U223),(M223-V223))/10,0) -> 0 | Y223: =IF(X223<5%,"0-4.9%",IF(X223<25%,"5-25%",IF(X223<50%,"25-50%","Over 50%"))) -> 0-4.9% | Z223: Forestry products
A224: 062 | C224: UAB 674T | D224: =IF(COUNT(G224:M224)>3,10,IF(COUNT(G224:M224)>2,9,7)) -> 10 | F224: S2.S4.T12 | G224: 4.9 | H224: 7 | I224: 3.7 | J224: 2.85 | K224: 8.55 | N224: =SUM(G224:M224) -> 27 | O224: =(N224/8.16)^4.5 -> 218.03752 | P224: 8 | Q224: 10 | R224: 9 | S224: 9 | T224: 9 | U224: 9 | V224: 9 | W224: =IF(G224>P224,"Y",IF(H224>Q224,"Y",IF(I224>R224,"Y",IF(J224>S224,"Y",IF(K224>T224,"Y",IF(L224>U224,"Y",IF(M224>V224,"Y","N"))))))) -> N | X224: =IF(W224="Y",MAX((G224-P224),(H224-Q224),(I224-R224),(J224-S224),(K224-T224),(L224-U224),(M224-V224))/10,0) -> 0 | Y224: =IF(X224<5%,"0-4.9%",IF(X224<25%,"5-25%",IF(X224<50%,"25-50%","Over 50%"))) -> 0-4.9% | Z224: Construction Material
A225: 063 | C225: KAT 986P | D225: =IF(COUNT(G225:M225)>3,10,IF(COUNT(G225:M225)>2,9,7)) -> 10 | F225: =F224 -> S2.S4.T12 | G225: 5.55 | H225: 7.05 | I225: 6.15 | J225: 5.05 | K225: 7.2 | L225: 11.65 | N225: =SUM(G225:M225) -> 42.65 | O225: =(N225/8.16)^4.5 -> 1706.2 | P225: 8 | Q225: 10 | R225: 9 | S225: 9 | T225: 9 | U225: 9 | V225: 9 | W225: =IF(G225>P225,"Y",IF(H225>Q225,"Y",IF(I225>R225,"Y",IF(J225>S225,"Y",IF(K225>T225,"Y",IF(L225>U225,"Y",IF(M225>V225,"Y","N"))))))) -> Y | X225: =IF(W225="Y",MAX((G225-P225),(H225-Q225),(I225-R225),(J225-S225),(K225-T225),(L225-U225),(M225-V225))/10,0) -> 0.265 | Y225: =IF(X225<5%,"0-4.9%",IF(X225<25%,"5-25%",IF(X225<50%,"25-50%","Over 50%"))) -> 25-50% | Z225: Construction Material
A226: 066 | C226: UXJ 053 | D226: =IF(COUNT(G226:M226)>3,10,IF(COUNT(G226:M226)>2,9,7)) -> 10 | F226: S2.S4.T12 | G226: 4.8 | H226: 11.4 | I226: 6.2 | J226: 6.35 | K226: 9.25 | N226: =SUM(G226:M226) -> 38 | O226: =(N226/8.16)^4.5 -> 1014.8935 | P226: 8 | Q226: 10 | R226: 9 | S226: 9 | T226: 9 | U226: 9 | V226: 9 | W226: =IF(G226>P226,"Y",IF(H226>Q226,"Y",IF(I226>R226,"Y",IF(J226>S226,"Y",IF(K226>T226,"Y",IF(L226>U226,"Y",IF(M226>V226,"Y","N"))))))) -> Y | X226: =IF(W226="Y",MAX((G226-P226),(H226-Q226),(I226-R226),(J226-S226),(K226-T226),(L226-U226),(M226-V226))/10,0) -> 0.14 | Y226: =IF(X226<5%,"0-4.9%",IF(X226<25%,"5-25%",IF(X226<50%,"25-50%","Over 50%"))) -> 5-25% | Z226: Agricultural produce
A227: 068 | C227: KAK 876T | D227: =IF(COUNT(G227:M227)>3,10,IF(COUNT(G227:M227)>2,9,7)) -> 10 | F227: S2.T8.T12 | G227: 5.6 | H227: 7.85 | I227: 9 | J227: 7.45 | K227: 8.05 | L227: 9.3 | N227: =SUM(G227:M227) -> 47.25 | O227: =(N227/8.16)^4.5 -> 2705.2191 | P227: 8 | Q227: 10 | R227: 9 | S227: 9 | T227: 9 | U227: 9 | V227: 9 | W227: =IF(G227>P227,"Y",IF(H227>Q227,"Y",IF(I227>R227,"Y",IF(J227>S227,"Y",IF(K227>T227,"Y",IF(L227>U227,"Y",IF(M227>V227,"Y","N"))))))) -> Y | X227: =IF(W227="Y",MAX((G227-P227),(H227-Q227),(I227-R227),(J227-S227),(K227-T227),(L227-U227),(M227-V227))/10,0) -> 0.03 | Y227: =IF(X227<5%,"0-4.9%",IF(X227<25%,"5-25%",IF(X227<50%,"25-50%","Over 50%"))) -> 0-4.9% | Z227: Construction Material
A228: 069 | C228: KBB 004G | D228: =IF(COUNT(G228:M228)>3,10,IF(COUNT(G228:M228)>2,9,7)) -> 10 | F228: S2.T8.T12 | G228: 6.05 | H228: 7.25 | I228: 7.3 | J228: 8.1 | K228: 8.1 | L228: 11.7 | N228: =SUM(G228:M228) -> 48.5 | O228: =(N228/8.16)^4.5 -> 3042.5107 | P228: 8 | Q228: 10 | R228: 9 | S228: 9 | T228: 9 | U228: 9 | V228: 9 | W228: =IF(G228>P228,"Y",IF(H228>Q228,"Y",IF(I228>R228,"Y",IF(J228>S228,"Y",IF(K228>T228,"Y",IF(L228>U228,"Y",IF(M228>V228,"Y","N"))))))) -> Y | X228: =IF(W228="Y",MAX((G228-P228),(H228-Q228),(I228-R228),(J228-S228),(K228-T228),(L228-U228),(M228-V228))/10,0) -> 0.27 | Y228: =IF(X228<5%,"0-4.9%",IF(X228<25%,"5-25%",IF(X228<50%,"25-50%","Over 50%"))) -> 25-50% | Z228: Fuels
A229: 137 | C229: KAT 960R | D229: =IF(COUNT(G229:M229)>3,10,IF(COUNT(G229:M229)>2,9,7)) -> 10 | F229: S2.T8.T12 | G229: 3.9 | H229: 9.1 | I229: 4.6 | J229: 8.85 | K229: 6.3 | L229: 8.15 | N229: =SUM(G229:M229) -> 40.9 | O229: =(N229/8.16)^4.5 -> 1413.0228 | P229: 8 | Q229: 10 | R229: 9 | S229: 9 | T229: 9 | U229: 9 | V229: 9 | W229: =IF(G229>P229,"Y",IF(H229>Q229,"Y",IF(I229>R229,"Y",IF(J229>S229,"Y",IF(K229>T229,"Y",IF(L229>U229,"Y",IF(M229>V229,"Y","N"))))))) -> N | X229: =IF(W229="Y",MAX((G229-P229),(H229-Q229),(I229-R229),(J229-S229),(K229-T229),(L229-U229),(M229-V229))/10,0) -> 0 | Y229: =IF(X229<5%,"0-4.9%",IF(X229<25%,"5-25%",IF(X229<50%,"25-50%","Over 50%"))) -> 0-4.9% | Z229: Others
A230: 138 | C230: KAT 970R | D230: =IF(COUNT(G230:M230)>3,10,IF(COUNT(G230:M230)>2,9,7)) -> 10 | F230: S2.T8.T12 | G230: 5.65 | H230: 3.35 | I230: 7.9 | J230: 7.05 | K230: 8.05 | L230: 9.55 | N230: =SUM(G230:M230) -> 41.55 | O230: =(N230/8.16)^4.5 -> 1516.9243 | P230: 8 | Q230: 10 | R230: 9 | S230: 9 | T230: 9 | U230: 9 | V230: 9 | W230: =IF(G230>P230,"Y",IF(H230>Q230,"Y",IF(I230>R230,"Y",IF(J230>S230,"Y",IF(K230>T230,"Y",IF(L230>U230,"Y",IF(M230>V230,"Y","N"))))))) -> Y | X230: =IF(W230="Y",MAX((G230-P230),(H230-Q230),(I230-R230),(J230-S230),(K230-T230),(L230-U230),(M230-V230))/10,0) -> 0.055 | Y230: =IF(X230<5%,"0-4.9%",IF(X230<25%,"5-25%",IF(X230<50%,"25-50%","Over 50%"))) -> 5-25% | Z230: Others
A231: 139 | C231: UAL 845D | D231: =IF(COUNT(G231:M231)>3,10,IF(COUNT(G231:M231)>2,9,7)) -> 10 | F231: S2.T8.T12 | G231: 6.05 | H231: 9.5 | I231: 9.7 | J231: 8.15 | K231: 7.75 | L231: 8.8 | N231: =SUM(G231:M231) -> 49.95 | O231: =(N231/8.16)^4.5 -> 3473.7935 | P231: 8 | Q231: 10 | R231: 9 | S231: 9 | T231: 9 | U231: 9 | V231: 9 | W231: =IF(G231>P231,"Y",IF(H231>Q231,"Y",IF(I231>R231,"Y",IF(J231>S231,"Y",IF(K231>T231,"Y",IF(L231>U231,"Y",IF(M231>V231,"Y","N"))))))) -> Y | X231: =IF(W231="Y",MAX((G231-P231),(H231-Q231),(I231-R231),(J231-S231),(K231-T231),(L231-U231),(M231-V231))/10,0) -> 0.07 | Y231: =IF(X231<5%,"0-4.9%",IF(X231<25%,"5-25%",IF(X231<50%,"25-50%","Over 50%"))) -> 5-25% | Z231: Others
A232: 140 | C232: KBK 224Q | D232: =IF(COUNT(G232:M232)>3,10,IF(COUNT(G232:M232)>2,9,7)) -> 10 | F232: S2.T8.T12 | G232: 5.3 | H232: 8.05 | I232: 7.6 | J232: 5.95 | K232: 8.9 | L232: 13.5 | N232: =SUM(G232:M232) -> 49.3 | O232: =(N232/8.16)^4.5 -> 3274.9556 | P232: 8 | Q232: 10 | R232: 9 | S232: 9 | T232: 9 | U232: 9 | V232: 9 | W232: =IF(G232>P232,"Y",IF(H232>Q232,"Y",IF(I232>R232,"Y",IF(J232>S232,"Y",IF(K232>T232,"Y",IF(L232>U232,"Y",IF(M232>V232,"Y","N"))))))) -> Y | X232: =IF(W232="Y",MAX((G232-P232),(H232-Q232),(I232-R232),(J232-S232),(K232-T232),(L232-U232),(M232-V232))/10,0) -> 0.45 | Y232: =IF(X232<5%,"0-4.9%",IF(X232<25%,"5-25%",IF(X232<50%,"25-50%","Over 50%"))) -> 25-50% | Z232: Others
A233: 143 | C233: KBL 207J | D233: =IF(COUNT(G233:M233)>3,10,IF(COUNT(G233:M233)>2,9,7)) -> 10 | F233: S2.T8.T12 | G233: 5.55 | H233: 4.5 | I233: 8.6 | J233: 6.9 | K233: 7.85 | L233: 7.68 | N233: =SUM(G233:M233) -> 41.08 | O233: =(N233/8.16)^4.5 -> 1441.2232 | P233: 8 | Q233: 10 | R233: 9 | S233: 9 | T233: 9 | U233: 9 | V233: 9 | W233: =IF(G233>P233,"Y",IF(H233>Q233,"Y",IF(I233>R233,"Y",IF(J233>S233,"Y",IF(K233>T233,"Y",IF(L233>U233,"Y",IF(M233>V233,"Y","N"))))))) -> N | X233: =IF(W233="Y",MAX((G233-P233),(H233-Q233),(I233-R233),(J233-S233),(K233-T233),(L233-U233),(M233-V233))/10,0) -> 0 | Y233: =IF(X233<5%,"0-4.9%",IF(X233<25%,"5-25%",IF(X233<50%,"25-50%","Over 50%"))) -> 0-4.9% | Z233: Fuels
A234: 148 | C234: KBE 993M | D234: =IF(COUNT(G234:M234)>3,10,IF(COUNT(G234:M234)>2,9,7)) -> 10 | F234: S2.T8.T12 | G234: 5.6 | H234: 5.3 | I234: 8.4 | J234: 7.25 | K234: 7.9 | L234: 8.4 | N234: =SUM(G234:M234) -> 42.85 | O234: =(N234/8.16)^4.5 -> 1742.5009 | P234: 8 | Q234: 10 | R234: 9 | S234: 9 | T234: 9 | U234: 9 | V234: 9 | W234: =IF(G234>P234,"Y",IF(H234>Q234,"Y",IF(I234>R234,"Y",IF(J234>S234,"Y",IF(K234>T234,"Y",IF(L234>U234,"Y",IF(M234>V234,"Y","N"))))))) -> N | X234: =IF(W234="Y",MAX((G234-P234),(H234-Q234),(I234-R234),(J234-S234),(K234-T234),(L234-U234),(M234-V234))/10,0) -> 0 | Y234: =IF(X234<5%,"0-4.9%",IF(X234<25%,"5-25%",IF(X234<50%,"25-50%","Over 50%"))) -> 0-4.9% | Z234: Others
A235: 149 | C235: KAM 445H | D235: =IF(COUNT(G235:M235)>3,10,IF(COUNT(G235:M235)>2,9,7)) -> 10 | F235: S2.T8.T12 | G235: 6.2 | H235: 7.25 | I235: 8.6 | J235: 7.55 | K235: 8.1 | L235: 10.45 | N235: =SUM(G235:M235) -> 48.15 | O235: =(N235/8.16)^4.5 -> 2944.9478 | P235: 8 | Q235: 10 | R235: 9 | S235: 9 | T235: 9 | U235: 9 | V235: 9 | W235: =IF(G235>P235,"Y",IF(H235>Q235,"Y",IF(I235>R235,"Y",IF(J235>S235,"Y",IF(K235>T235,"Y",IF(L235>U235,"Y",IF(M235>V235,"Y","N"))))))) -> Y | X235: =IF(W235="Y",MAX((G235-P235),(H235-Q235),(I235-R235),(J235-S235),(K235-T235),(L235-U235),(M235-V235))/10,0) -> 0.145 | Y235: =IF(X235<5%,"0-4.9%",IF(X235<25%,"5-25%",IF(X235<50%,"25-50%","Over 50%"))) -> 5-25% | Z235: Construction Material
A236: 150 | C236: KAE 538R | D236: =IF(COUNT(G236:M236)>3,10,IF(COUNT(G236:M236)>2,9,7)) -> 10 | F236: S2.T8.T12 | G236: 6.3 | H236: 7.5 | I236: 7.3 | J236: 8 | K236: 8.8 | L236: 9.85 | N236: =SUM(G236:M236) -> 47.75 | O236: =(N236/8.16)^4.5 -> 2836.4457 | P236: 8 | Q236: 10 | R236: 9 | S236: 9 | T236: 9 | U236: 9 | V236: 9 | W236: =IF(G236>P236,"Y",IF(H236>Q236,"Y",IF(I236>R236,"Y",IF(J236>S236,"Y",IF(K236>T236,"Y",IF(L236>U236,"Y",IF(M236>V236,"Y","N"))))))) -> Y | X236: =IF(W236="Y",MAX((G236-P236),(H236-Q236),(I236-R236),(J236-S236),(K236-T236),(L236-U236),(M236-V236))/10,0) -> 0.085 | Y236: =IF(X236<5%,"0-4.9%",IF(X236<25%,"5-25%",IF(X236<50%,"25-50%","Over 50%"))) -> 5-25% | Z236: Construction Material
A237: 151 | C237: KAP 942M | D237: =IF(COUNT(G237:M237)>3,10,IF(COUNT(G237:M237)>2,9,7)) -> 10 | F237: S2.T8.T12 | G237: 6.05 | H237: 9.2 | I237: 6.55 | J237: 7.15 | K237: 7.9 | L237: 10.15 | N237: =SUM(G237:M237) -> 47 | O237: =(N237/8.16)^4.5 -> 2641.4029 | P237: 8 | Q237: 10 | R237: 9 | S237: 9 | T237: 9 | U237: 9 | V237: 9 | W237: =IF(G237>P237,"Y",IF(H237>Q237,"Y",IF(I237>R237,"Y",IF(J237>S237,"Y",IF(K237>T237,"Y",IF(L237>U237,"Y",IF(M237>V237,"Y","N"))))))) -> Y | X237: =IF(W237="Y",MAX((G237-P237),(H237-Q237),(I237-R237),(J237-S237),(K237-T237),(L237-U237),(M237-V237))/10,0) -> 0.115 | Y237: =IF(X237<5%,"0-4.9%",IF(X237<25%,"5-25%",IF(X237<50%,"25-50%","Over 50%"))) -> 5-25% | Z237: Household retail products
A238: 152 | C238: KAS 360B | D238: =IF(COUNT(G238:M238)>3,10,IF(COUNT(G238:M238)>2,9,7)) -> 10 | F238: S2.T4.T12 | G238: 6.7 | H238: 7.85 | I238: 3.25 | J238: 4.4 | K238: 6.7 | N238: =SUM(G238:M238) -> 28.9 | O238: =(N238/8.16)^4.5 -> 296.09739 | P238: 8 | Q238: 10 | R238: 9 | S238: 9 | T238: 9 | U238: 9 | V238: 9 | W238: =IF(G238>P238,"Y",IF(H238>Q238,"Y",IF(I238>R238,"Y",IF(J238>S238,"Y",IF(K238>T238,"Y",IF(L238>U238,"Y",IF(M238>V238,"Y","N"))))))) -> N | X238: =IF(W238="Y",MAX((G238-P238),(H238-Q238),(I238-R238),(J238-S238),(K238-T238),(L238-U238),(M238-V238))/10,0) -> 0 | Y238: =IF(X238<5%,"0-4.9%",IF(X238<25%,"5-25%",IF(X238<50%,"25-50%","Over 50%"))) -> 0-4.9% | Z238: Others
A239: 153 | C239: KAU 518V | D239: =IF(COUNT(G239:M239)>3,10,IF(COUNT(G239:M239)>2,9,7)) -> 10 | F239: S2.T8.T12 | G239: 5.7 | H239: 8.15 | I239: 6.5 | J239: 6.35 | K239: 7.25 | L239: 12.05 | N239: =SUM(G239:M239) -> 46 | O239: =(N239/8.16)^4.5 -> 2397.7535 | P239: 8 | Q239: 10 | R239: 9 | S239: 9 | T239: 9 | U239: 9 | V239: 9 | W239: =IF(G239>P239,"Y",IF(H239>Q239,"Y",IF(I239>R239,"Y",IF(J239>S239,"Y",IF(K239>T239,"Y",IF(L239>U239,"Y",IF(M239>V239,"Y","N"))))))) -> Y | X239: =IF(W239="Y",MAX((G239-P239),(H239-Q239),(I239-R239),(J239-S239),(K239-T239),(L239-U239),(M239-V239))/10,0) -> 0.305 | Y239: =IF(X239<5%,"0-4.9%",IF(X239<25%,"5-25%",IF(X239<50%,"25-50%","Over 50%"))) -> 25-50% | Z239: Others
A240: 154 | C240: KBK 535V | D240: =IF(COUNT(G240:M240)>3,10,IF(COUNT(G240:M240)>2,9,7)) -> 10 | F240: S2.T8.T12 | G240: 5.85 | H240: 5.1 | I240: 8.9 | J240: 7.85 | K240: 8.75 | L240: 9.95 | N240: =SUM(G240:M240) -> 46.4 | O240: =(N240/8.16)^4.5 -> 2493.0168 | P240: 8 | Q240: 10 | R240: 9 | S240: 9 | T240: 9 | U240: 9 | V240: 9 | W240: =IF(G240>P240,"Y",IF(H240>Q240,"Y",IF(I240>R240,"Y",IF(J240>S240,"Y",IF(K240>T240,"Y",IF(L240>U240,"Y",IF(M240>V240,"Y","N"))))))) -> Y | X240: =IF(W240="Y",MAX((G240-P240),(H240-Q240),(I240-R240),(J240-S240),(K240-T240),(L240-U240),(M240-V240))/10,0) -> 0.095 | Y240: =IF(X240<5%,"0-4.9%",IF(X240<25%,"5-25%",IF(X240<50%,"25-50%","Over 50%"))) -> 5-25% | Z240: Others
A241: 156 | C241: KBK 528V | D241: =IF(COUNT(G241:M241)>3,10,IF(COUNT(G241:M241)>2,9,7)) -> 10 | F241: S2.T8.T12 | G241: 5.75 | H241: 6.25 | I241: 9.05 | J241: 6.7 | K241: 8.5 | L241: 8.85 | N241: =SUM(G241:M241) -> 45.1 | O241: =(N241/8.16)^4.5 -> 2193.758 | P241: 8 | Q241: 10 | R241: 9 | S241: 9 | T241: 9 | U241: 9 | V241: 9 | W241: =IF(G241>P241,"Y",IF(H241>Q241,"Y",IF(I241>R241,"Y",IF(J241>S241,"Y",IF(K241>T241,"Y",IF(L241>U241,"Y",IF(M241>V241,"Y","N"))))))) -> Y | X241: =IF(W241="Y",MAX((G241-P241),(H241-Q241),(I241-R241),(J241-S241),(K241-T241),(L241-U241),(M241-V241))/10,0) -> 0.005 | Y241: =IF(X241<5%,"0-4.9%",IF(X241<25%,"5-25%",IF(X241<50%,"25-50%","Over 50%"))) -> 0-4.9% | Z241: Others
A242: 157 | C242: UAM 611W | D242: =IF(COUNT(G242:M242)>3,10,IF(COUNT(G242:M242)>2,9,7)) -> 10 | F242: S2.T8.T12 | G242: 5.35 | H242: 4.4 | I242: 4.3 | J242: 6.85 | K242: 7.7 | L242: 10.25 | N242: =SUM(G242:M242) -> 38.85 | O242: =(N242/8.16)^4.5 -> 1121.1246 | P242: 8 | Q242: 10 | R242: 9 | S242: 9 | T242: 9 | U242: 9 | V242: 9 | W242: =IF(G242>P242,"Y",IF(H242>Q242,"Y",IF(I242>R242,"Y",IF(J242>S242,"Y",IF(K242>T242,"Y",IF(L242>U242,"Y",IF(M242>V242,"Y","N"))))))) -> Y | X242: =IF(W242="Y",MAX((G242-P242),(H242-Q242),(I242-R242),(J242-S242),(K242-T242),(L242-U242),(M242-V242))/10,0) -> 0.125 | Y242: =IF(X242<5%,"0-4.9%",IF(X242<25%,"5-25%",IF(X242<50%,"25-50%","Over 50%"))) -> 5-25% | Z242: Construction Material
A243: 159 | C243: KBB 381B | D243: =IF(COUNT(G243:M243)>3,10,IF(COUNT(G243:M243)>2,9,7)) -> 10 | F243: S2.T8.T12 | G243: 6.25 | H243: 4.5 | I243: 9.25 | J243: 8.4 | K243: 8.35 | L243: 13.55 | N243: =SUM(G243:M243) -> 50.3 | O243: =(N243/8.16)^4.5 -> 3584.6786 | P243: 8 | Q243: 10 | R243: 9 | S243: 9 | T243: 9 | U243: 9 | V243: 9 | W243: =IF(G243>P243,"Y",IF(H243>Q243,"Y",IF(I243>R243,"Y",IF(J243>S243,"Y",IF(K243>T243,"Y",IF(L243>U243,"Y",IF(M243>V243,"Y","N"))))))) -> Y | X243: =IF(W243="Y",MAX((G243-P243),(H243-Q243),(I243-R243),(J243-S243),(K243-T243),(L243-U243),(M243-V243))/10,0) -> 0.455 | Y243: =IF(X243<5%,"0-4.9%",IF(X243<25%,"5-25%",IF(X243<50%,"25-50%","Over 50%"))) -> 25-50% | Z243: Fuels
A244: 001 | C244: UAA 601A | D244: =IF(COUNT(G244:M244)>3,10,IF(COUNT(G244:M244)>2,9,7)) -> 10 | F244: S2.T8.S4.S4 | G244: 7.25 | H244: 8.55 | I244: 8.1 | J244: 8.15 | K244: 5.4 | N244: =SUM(G244:M244) -> 37.45 | O244: =(N244/8.16)^4.5 -> 950.44608 | P244: 8 | Q244: 10 | R244: 9 | S244: 9 | T244: 9 | U244: 9 | V244: 9 | W244: =IF(G244>P244,"Y",IF(H244>Q244,"Y",IF(I244>R244,"Y",IF(J244>S244,"Y",IF(K244>T244,"Y",IF(L244>U244,"Y",IF(M244>V244,"Y","N"))))))) -> N | X244: =IF(W244="Y",MAX((G244-P244),(H244-Q244),(I244-R244),(J244-S244),(K244-T244),(L244-U244),(M244-V244))/10,0) -> 0 | Y244: =IF(X244<5%,"0-4.9%",IF(X244<25%,"5-25%",IF(X244<50%,"25-50%","Over 50%"))) -> 0-4.9% | Z244: Household retail products
A245: 002 | C245: KBL 217E | D245: =IF(COUNT(G245:M245)>3,10,IF(COUNT(G245:M245)>2,9,7)) -> 10 | F245: S2.T8.T12 | G245: 5.7 | H245: 0.7 | I245: 5.7 | J245: 4.2 | K245: 3.1 | L245: 2.5 | N245: =SUM(G245:M245) -> 21.9 | O245: =(N245/8.16)^4.5 -> 84.994887 | P245: 8 | Q245: 10 | R245: 9 | S245: 9 | T245: 9 | U245: 9 | V245: 9 | W245: =IF(G245>P245,"Y",IF(H245>Q245,"Y",IF(I245>R245,"Y",IF(J245>S245,"Y",IF(K245>T245,"Y",IF(L245>U245,"Y",IF(M245>V245,"Y","N"))))))) -> N | X245: =IF(W245="Y",MAX((G245-P245),(H245-Q245),(I245-R245),(J245-S245),(K245-T245),(L245-U245),(M245-V245))/10,0) -> 0 | Y245: =IF(X245<5%,"0-4.9%",IF(X245<25%,"5-25%",IF(X245<50%,"25-50%","Over 50%"))) -> 0-4.9% | Z245: Others
A246: 003 | C246: KBL 779J | D246: =IF(COUNT(G246:M246)>3,10,IF(COUNT(G246:M246)>2,9,7)) -> 10 | F246: S2.T8.T12 | G246: 5.15 | H246: 4.5 | I246: 3.1 | J246: 3.35 | K246: 3.3 | L246: 3.25 | N246: =SUM(G246:M246) -> 22.65 | O246: =(N246/8.16)^4.5 -> 98.901121 | P246: 8 | Q246: 10 | R246: 9 | S246: 9 | T246: 9 | U246: 9 | V246: 9 | W246: =IF(G246>P246,"Y",IF(H246>Q246,"Y",IF(I246>R246,"Y",IF(J246>S246,"Y",IF(K246>T246,"Y",IF(L246>U246,"Y",IF(M246>V246,"Y","N"))))))) -> N | X246: =IF(W246="Y",MAX((G246-P246),(H246-Q246),(I246-R246),(J246-S246),(K246-T246),(L246-U246),(M246-V246))/10,0) -> 0 | Y246: =IF(X246<5%,"0-4.9%",IF(X246<25%,"5-25%",IF(X246<50%,"25-50%","Over 50%"))) -> 0-4.9% | Z246: Others
A247: 004 | C247: UAF 728F | D247: =IF(COUNT(G247:M247)>3,10,IF(COUNT(G247:M247)>2,9,7)) -> 10 | F247: S2.S4.T8 | G247: 3.5 | H247: 3.25 | I247: 3.65 | J247: 2.55 | N247: =SUM(G247:M247) -> 12.95 | O247: =(N247/8.16)^4.5 -> 7.9911309 | P247: 8 | Q247: 10 | R247: 9 | S247: 9 | T247: 9 | U247: 9 | V247: 9 | W247: =IF(G247>P247,"Y",IF(H247>Q247,"Y",IF(I247>R247,"Y",IF(J247>S247,"Y",IF(K247>T247,"Y",IF(L247>U247,"Y",IF(M247>V247,"Y","N"))))))) -> N | X247: =IF(W247="Y",MAX((G247-P247),(H247-Q247),(I247-R247),(J247-S247),(K247-T247),(L247-U247),(M247-V247))/10,0) -> 0 | Y247: =IF(X247<5%,"0-4.9%",IF(X247<25%,"5-25%",IF(X247<50%,"25-50%","Over 50%"))) -> 0-4.9% | Z247: Metal/machinery
A248: 005 | C248: KAR 216D | D248: =IF(COUNT(G248:M248)>3,10,IF(COUNT(G248:M248)>2,9,7)) -> 10 | F248: S2.T8.T12 | G248: 5.55 | H248: 4.1 | I248: 4.1 | J248: 3.2 | K248: 2.9 | L248: 3.45 | N248: =SUM(G248:M248) -> 23.3 | O248: =(N248/8.16)^4.5 -> 112.33004 | P248: 8 | Q248: 10 | R248: 9 | S248: 9 | T248: 9 | U248: 9 | V248: 9 | W248: =IF(G248>P248,"Y",IF(H248>Q248,"Y",IF(I248>R248,"Y",IF(J248>S248,"Y",IF(K248>T248,"Y",IF(L248>U248,"Y",IF(M248>V248,"Y","N"))))))) -> N | X248: =IF(W248="Y",MAX((G248-P248),(H248-Q248),(I248-R248),(J248-S248),(K248-T248),(L248-U248),(M248-V248))/10,0) -> 0 | Y248: =IF(X248<5%,"0-4.9%",IF(X248<25%,"5-25%",IF(X248<50%,"25-50%","Over 50%"))) -> 0-4.9% | Z248: Fuels
A249: 011 | C249: KBD 054Y | D249: =IF(COUNT(G249:M249)>3,10,IF(COUNT(G249:M249)>2,9,7)) -> 10 | F249: S2.T8.T12 | G249: 5.15 | H249: 3.3 | I249: 3.25 | J249: 2.2 | K249: 2.35 | L249: 2.5 | N249: =SUM(G249:M249) -> 18.75 | O249: =(N249/8.16)^4.5 -> 42.257131 | P249: 8 | Q249: 10 | R249: 9 | S249: 9 | T249: 9 | U249: 9 | V249: 9 | W249: =IF(G249>P249,"Y",IF(H249>Q249,"Y",IF(I249>R249,"Y",IF(J249>S249,"Y",IF(K249>T249,"Y",IF(L249>U249,"Y",IF(M249>V249,"Y","N"))))))) -> N | X249: =IF(W249="Y",MAX((G249-P249),(H249-Q249),(I249-R249),(J249-S249),(K249-T249),(L249-U249),(M249-V249))/10,0) -> 0 | Y249: =IF(X249<5%,"0-4.9%",IF(X249<25%,"5-25%",IF(X249<50%,"25-50%","Over 50%"))) -> 0-4.9% | Z249: Empty
A250: 017 | C250: UAG 871C | D250: =IF(COUNT(G250:M250)>3,10,IF(COUNT(G250:M250)>2,9,7)) -> 10 | F250: S2.T8.T12 | G250: 4.8 | H250: 3.9 | I250: 3.65 | J250: 2.2 | K250: 2.35 | L250: 3.3 | N250: =SUM(G250:M250) -> 20.2 | O250: =(N250/8.16)^4.5 -> 59.084756 | P250: 8 | Q250: 10 | R250: 9 | S250: 9 | T250: 9 | U250: 9 | V250: 9 | W250: =IF(G250>P250,"Y",IF(H250>Q250,"Y",IF(I250>R250,"Y",IF(J250>S250,"Y",IF(K250>T250,"Y",IF(L250>U250,"Y",IF(M250>V250,"Y","N"))))))) -> N | X250: =IF(W250="Y",MAX((G250-P250),(H250-Q250),(I250-R250),(J250-S250),(K250-T250),(L250-U250),(M250-V250))/10,0) -> 0 | Y250: =IF(X250<5%,"0-4.9%",IF(X250<25%,"5-25%",IF(X250<50%,"25-50%","Over 50%"))) -> 0-4.9% | Z250: Construction Material
A251: 021 | C251: 1421AB/19 | D251: =IF(COUNT(G251:M251)>3,10,IF(COUNT(G251:M251)>2,9,7)) -> 10 | F251: S2.T6.T12 | G251: 3.4 | H251: 3.55 | I251: 3.6 | J251: 2.5 | K251: 2.55 | L251: 2.65 | N251: =SUM(G251:M251) -> 18.25 | O251: =(N251/8.16)^4.5 -> 37.417709 | P251: 8 | Q251: 10 | R251: 9 | S251: 9 | T251: 9 | U251: 9 | V251: 9 | W251: =IF(G251>P251,"Y",IF(H251>Q251,"Y",IF(I251>R251,"Y",IF(J251>S251,"Y",IF(K251>T251,"Y",IF(L251>U251,"Y",IF(M251>V251,"Y","N"))))))) -> N | X251: =IF(W251="Y",MAX((G251-P251),(H251-Q251),(I251-R251),(J251-S251),(K251-T251),(L251-U251),(M251-V251))/10,0) -> 0 | Y251: =IF(X251<5%,"0-4.9%",IF(X251<25%,"5-25%",IF(X251<50%,"25-50%","Over 50%"))) -> 0-4.9% | Z251: Empty
A252: 023 | C252: UAA 773A | D252: =IF(COUNT(G252:M252)>3,10,IF(COUNT(G252:M252)>2,9,7)) -> 10 | F252: S2.T8.T12 | G252: 7.35 | H252: 8.9 | I252: 8.55 | J252: 7.75 | K252: 6.2 | L252: 5.65 | N252: =SUM(G252:M252) -> 44.4 | O252: =(N252/8.16)^4.5 -> 2044.6438 | P252: 8 | Q252: 10 | R252: 9 | S252: 9 | T252: 9 | U252: 9 | V252: 9 | W252: =IF(G252>P252,"Y",IF(H252>Q252,"Y",IF(I252>R252,"Y",IF(J252>S252,"Y",IF(K252>T252,"Y",IF(L252>U252,"Y",IF(M252>V252,"Y","N"))))))) -> N | X252: =IF(W252="Y",MAX((G252-P252),(H252-Q252),(I252-R252),(J252-S252),(K252-T252),(L252-U252),(M252-V252))/10,0) -> 0 | Y252: =IF(X252<5%,"0-4.9%",IF(X252<25%,"5-25%",IF(X252<50%,"25-50%","Over 50%"))) -> 0-4.9% | Z252: Household retail products
A253: 024 | C253: UAM 427Q | D253: =IF(COUNT(G253:M253)>3,10,IF(COUNT(G253:M253)>2,9,7)) -> 10 | F253: S2.T8.T8 | G253: 7.4 | H253: 6.05 | I253: 6.2 | J253: 7.35 | K253: 8.15 | N253: =SUM(G253:M253) -> 35.15 | O253: =(N253/8.16)^4.5 -> 714.59219 | P253: 8 | Q253: 10 | R253: 9 | S253: 9 | T253: 9 | U253: 9 | V253: 9 | W253: =IF(G253>P253,"Y",IF(H253>Q253,"Y",IF(I253>R253,"Y",IF(J253>S253,"Y",IF(K253>T253,"Y",IF(L253>U253,"Y",IF(M253>V253,"Y","N"))))))) -> N | X253: =IF(W253="Y",MAX((G253-P253),(H253-Q253),(I253-R253),(J253-S253),(K253-T253),(L253-U253),(M253-V253))/10,0) -> 0 | Y253: =IF(X253<5%,"0-4.9%",IF(X253<25%,"5-25%",IF(X253<50%,"25-50%","Over 50%"))) -> 0-4.9% | Z253: Others
A254: 028 | C254: KV2541BA | D254: =IF(COUNT(G254:M254)>3,10,IF(COUNT(G254:M254)>2,9,7)) -> 10 | F254: S2.T8.T8 | G254: 6.7 | H254: 10.45 | I254: 4.2 | J254: 6.75 | K254: 6.5 | N254: =SUM(G254:M254) -> 34.6 | O254: =(N254/8.16)^4.5 -> 665.63589 | P254: 8 | Q254: 10 | R254: 9 | S254: 9 | T254: 9 | U254: 9 | V254: 9 | W254: =IF(G254>P254,"Y",IF(H254>Q254,"Y",IF(I254>R254,"Y",IF(J254>S254,"Y",IF(K254>T254,"Y",IF(L254>U254,"Y",IF(M254>V254,"Y","N"))))))) -> Y | X254: =IF(W254="Y",MAX((G254-P254),(H254-Q254),(I254-R254),(J254-S254),(K254-T254),(L254-U254),(M254-V254))/10,0) -> 0.045 | Y254: =IF(X254<5%,"0-4.9%",IF(X254<25%,"5-25%",IF(X254<50%,"25-50%","Over 50%"))) -> 0-4.9% | Z254: Construction Material
A255: 029 | C255: RAA 011E | D255: =IF(COUNT(G255:M255)>3,10,IF(COUNT(G255:M255)>2,9,7)) -> 10 | F255: S2.T8.T12 | G255: 5.25 | H255: 4.1 | I255: 4.1 | J255: 3.5 | K255: 3.3 | L255: 3.05 | N255: =SUM(G255:M255) -> 23.3 | O255: =(N255/8.16)^4.5 -> 112.33004 | P255: 8 | Q255: 10 | R255: 9 | S255: 9 | T255: 9 | U255: 9 | V255: 9 | W255: =IF(G255>P255,"Y",IF(H255>Q255,"Y",IF(I255>R255,"Y",IF(J255>S255,"Y",IF(K255>T255,"Y",IF(L255>U255,"Y",IF(M255>V255,"Y","N"))))))) -> N | X255: =IF(W255="Y",MAX((G255-P255),(H255-Q255),(I255-R255),(J255-S255),(K255-T255),(L255-U255),(M255-V255))/10,0) -> 0 | Y255: =IF(X255<5%,"0-4.9%",IF(X255<25%,"5-25%",IF(X255<50%,"25-50%","Over 50%"))) -> 0-4.9% | Z255: Fuels
A256: 031 | C256: KAU 130U | D256: =IF(COUNT(G256:M256)>3,10,IF(COUNT(G256:M256)>2,9,7)) -> 10 | F256: S2.S4.T12 | G256: 4.35 | H256: 6.55 | I256: 3 | J256: 2.5 | K256: 2.6 | N256: =SUM(G256:M256) -> 19 | O256: =(N256/8.16)^4.5 -> 44.85238 | P256: 8 | Q256: 10 | R256: 9 | S256: 9 | T256: 9 | U256: 9 | V256: 9 | W256: =IF(G256>P256,"Y",IF(H256>Q256,"Y",IF(I256>R256,"Y",IF(J256>S256,"Y",IF(K256>T256,"Y",IF(L256>U256,"Y",IF(M256>V256,"Y","N"))))))) -> N | X256: =IF(W256="Y",MAX((G256-P256),(H256-Q256),(I256-R256),(J256-S256),(K256-T256),(L256-U256),(M256-V256))/10,0) -> 0 | Y256: =IF(X256<5%,"0-4.9%",IF(X256<25%,"5-25%",IF(X256<50%,"25-50%","Over 50%"))) -> 0-4.9% | Z256: Empty
A257: 032 | C257: UAL 795D | D257: =IF(COUNT(G257:M257)>3,10,IF(COUNT(G257:M257)>2,9,7)) -> 10 | F257: S2.S4.T8 | G257: 3.8 | H257: 9.95 | I257: 8.65 | J257: 8.7 | N257: =SUM(G257:M257) -> 31.1 | O257: =(N257/8.16)^4.5 -> 411.92299 | P257: 8 | Q257: 10 | R257: 9 | S257: 9 | T257: 9 | U257: 9 | V257: 9 | W257: =IF(G257>P257,"Y",IF(H257>Q257,"Y",IF(I257>R257,"Y",IF(J257>S257,"Y",IF(K257>T257,"Y",IF(L257>U257,"Y",IF(M257>V257,"Y","N"))))))) -> N | X257: =IF(W257="Y",MAX((G257-P257),(H257-Q257),(I257-R257),(J257-S257),(K257-T257),(L257-U257),(M257-V257))/10,0) -> 0 | Y257: =IF(X257<5%,"0-4.9%",IF(X257<25%,"5-25%",IF(X257<50%,"25-50%","Over 50%"))) -> 0-4.9% | Z257: Household retail products
A258: 035 | C258: KAX 294C | D258: =IF(COUNT(G258:M258)>3,10,IF(COUNT(G258:M258)>2,9,7)) -> 10 | F258: S2.T8.T12 | G258: 5.7 | H258: 4.2 | I258: 4.1 | J258: 3.4 | K258: 3.45 | L258: 3.75 | N258: =SUM(G258:M258) -> 24.6 | O258: =(N258/8.16)^4.5 -> 143.41754 | P258: 8 | Q258: 10 | R258: 9 | S258: 9 | T258: 9 | U258: 9 | V258: 9 | W258: =IF(G258>P258,"Y",IF(H258>Q258,"Y",IF(I258>R258,"Y",IF(J258>S258,"Y",IF(K258>T258,"Y",IF(L258>U258,"Y",IF(M258>V258,"Y","N"))))))) -> N | X258: =IF(W258="Y",MAX((G258-P258),(H258-Q258),(I258-R258),(J258-S258),(K258-T258),(L258-U258),(M258-V258))/10,0) -> 0 | Y258: =IF(X258<5%,"0-4.9%",IF(X258<25%,"5-25%",IF(X258<50%,"25-50%","Over 50%"))) -> 0-4.9% | Z258: Fuels
A259: 037 | C259: KAV 320T | D259: =IF(COUNT(G259:M259)>3,10,IF(COUNT(G259:M259)>2,9,7)) -> 10 | F259: S2.T6.T12 | G259: 4.95 | H259: 1.6 | I259: 2.3 | J259: 3.2 | K259: 2.65 | L259: 3.05 | N259: =SUM(G259:M259) -> 17.75 | O259: =(N259/8.16)^4.5 -> 33.020747 | P259: 8 | Q259: 10 | R259: 9 | S259: 9 | T259: 9 | U259: 9 | V259: 9 | W259: =IF(G259>P259,"Y",IF(H259>Q259,"Y",IF(I259>R259,"Y",IF(J259>S259,"Y",IF(K259>T259,"Y",IF(L259>U259,"Y",IF(M259>V259,"Y","N"))))))) -> N | X259: =IF(W259="Y",MAX((G259-P259),(H259-Q259),(I259-R259),(J259-S259),(K259-T259),(L259-U259),(M259-V259))/10,0) -> 0 | Y259: =IF(X259<5%,"0-4.9%",IF(X259<25%,"5-25%",IF(X259<50%,"25-50%","Over 50%"))) -> 0-4.9% | Z259: Fuels
A260: 040 | C260: KAP 948Y | D260: =IF(COUNT(G260:M260)>3,10,IF(COUNT(G260:M260)>2,9,7)) -> 10 | F260: S2.T8.T12 | G260: 4.85 | H260: 4.35 | I260: 2.15 | J260: 2.55 | K260: 2.75 | L260: 3.05 | N260: =SUM(G260:M260) -> 19.7 | O260: =(N260/8.16)^4.5 -> 52.782785 | P260: 8 | Q260: 10 | R260: 9 | S260: 9 | T260: 9 | U260: 9 | V260: 9 | W260: =IF(G260>P260,"Y",IF(H260>Q260,"Y",IF(I260>R260,"Y",IF(J260>S260,"Y",IF(K260>T260,"Y",IF(L260>U260,"Y",IF(M260>V260,"Y","N"))))))) -> N | X260: =IF(W260="Y",MAX((G260-P260),(H260-Q260),(I260-R260),(J260-S260),(K260-T260),(L260-U260),(M260-V260))/10,0) -> 0 | Y260: =IF(X260<5%,"0-4.9%",IF(X260<25%,"5-25%",IF(X260<50%,"25-50%","Over 50%"))) -> 0-4.9% | Z260: Fuels
A261: 042 | C261: UAL 605H | D261: =IF(COUNT(G261:M261)>3,10,IF(COUNT(G261:M261)>2,9,7)) -> 10 | F261: S2.T8.T12 | G261: 4.4 | H261: 3.35 | I261: 3.1 | J261: 3.2 | K261: 2.95 | L261: 3.1 | N261: =SUM(G261:M261) -> 20.1 | O261: =(N261/8.16)^4.5 -> 57.779868 | P261: 8 | Q261: 10 | R261: 9 | S261: 9 | T261: 9 | U261: 9 | V261: 9 | W261: =IF(G261>P261,"Y",IF(H261>Q261,"Y",IF(I261>R261,"Y",IF(J261>S261,"Y",IF(K261>T261,"Y",IF(L261>U261,"Y",IF(M261>V261,"Y","N"))))))) -> N | X261: =IF(W261="Y",MAX((G261-P261),(H261-Q261),(I261-R261),(J261-S261),(K261-T261),(L261-U261),(M261-V261))/10,0) -> 0 | Y261: =IF(X261<5%,"0-4.9%",IF(X261<25%,"5-25%",IF(X261<50%,"25-50%","Over 50%"))) -> 0-4.9% | Z261: Construction Material
A262: 043 | C262: KBD 851Q | D262: =IF(COUNT(G262:M262)>3,10,IF(COUNT(G262:M262)>2,9,7)) -> 10 | F262: S2.T6.T12 | G262: 6.15 | H262: 4.75 | I262: 8.3 | J262: 7.7 | K262: 7.7 | L262: 7.15 | N262: =SUM(G262:M262) -> 41.75 | O262: =(N262/8.16)^4.5 -> 1550.0598 | P262: 8 | Q262: 10 | R262: 9 | S262: 9 | T262: 9 | U262: 9 | V262: 9 | W262: =IF(G262>P262,"Y",IF(H262>Q262,"Y",IF(I262>R262,"Y",IF(J262>S262,"Y",IF(K262>T262,"Y",IF(L262>U262,"Y",IF(M262>V262,"Y","N"))))))) -> N | X262: =IF(W262="Y",MAX((G262-P262),(H262-Q262),(I262-R262),(J262-S262),(K262-T262),(L262-U262),(M262-V262))/10,0) -> 0 | Y262: =IF(X262<5%,"0-4.9%",IF(X262<25%,"5-25%",IF(X262<50%,"25-50%","Over 50%"))) -> 0-4.9% | Z262: Others
A263: 044 | C263: UAG 277J | D263: =IF(COUNT(G263:M263)>3,10,IF(COUNT(G263:M263)>2,9,7)) -> 10 | F263: S2.T8.12 | G263: 4.95 | H263: 3.25 | I263: 3.05 | J263: 2.95 | K263: 3.05 | L263: 3.15 | N263: =SUM(G263:M263) -> 20.4 | O263: =(N263/8.16)^4.5 -> 61.763236 | P263: 8 | Q263: 10 | R263: 9 | S263: 9 | T263: 9 | U263: 9 | V263: 9 | W263: =IF(G263>P263,"Y",IF(H263>Q263,"Y",IF(I263>R263,"Y",IF(J263>S263,"Y",IF(K263>T263,"Y",IF(L263>U263,"Y",IF(M263>V263,"Y","N"))))))) -> N | X263: =IF(W263="Y",MAX((G263-P263),(H263-Q263),(I263-R263),(J263-S263),(K263-T263),(L263-U263),(M263-V263))/10,0) -> 0 | Y263: =IF(X263<5%,"0-4.9%",IF(X263<25%,"5-25%",IF(X263<50%,"25-50%","Over 50%"))) -> 0-4.9% | Z263: Construction Material
A264: 045 | C264: KAR 644Z | D264: =IF(COUNT(G264:M264)>3,10,IF(COUNT(G264:M264)>2,9,7)) -> 10 | F264: S2.T6.T12 | G264: 4.9 | H264: 3.65 | I264: 2.5 | J264: 2.65 | K264: 2.5 | L264: 2.6 | N264: =SUM(G264:M264) -> 18.8 | O264: =(N264/8.16)^4.5 -> 42.766588 | P264: 8 | Q264: 10 | R264: 9 | S264: 9 | T264: 9 | U264: 9 | V264: 9 | W264: =IF(G264>P264,"Y",IF(H264>Q264,"Y",IF(I264>R264,"Y",IF(J264>S264,"Y",IF(K264>T264,"Y",IF(L264>U264,"Y",IF(M264>V264,"Y","N"))))))) -> N | X264: =IF(W264="Y",MAX((G264-P264),(H264-Q264),(I264-R264),(J264-S264),(K264-T264),(L264-U264),(M264-V264))/10,0) -> 0 | Y264: =IF(X264<5%,"0-4.9%",IF(X264<25%,"5-25%",IF(X264<50%,"25-50%","Over 50%"))) -> 0-4.9% | Z264: Empty
A265: 047 | C265: KAR 674X | D265: =IF(COUNT(G265:M265)>3,10,IF(COUNT(G265:M265)>2,9,7)) -> 10 | F265: S2.T8.T12 | G265: 5.75 | H265: 6.1 | I265: 10.8 | J265: 6.9 | K265: 8.1 | L265: 8.75 | N265: =SUM(G265:M265) -> 46.4 | O265: =(N265/8.16)^4.5 -> 2493.0168 | P265: 8 | Q265: 10 | R265: 9 | S265: 9 | T265: 9 | U265: 9 | V265: 9 | W265: =IF(G265>P265,"Y",IF(H265>Q265,"Y",IF(I265>R265,"Y",IF(J265>S265,"Y",IF(K265>T265,"Y",IF(L265>U265,"Y",IF(M265>V265,"Y","N"))))))) -> Y | X265: =IF(W265="Y",MAX((G265-P265),(H265-Q265),(I265-R265),(J265-S265),(K265-T265),(L265-U265),(M265-V265))/10,0) -> 0.18 | Y265: =IF(X265<5%,"0-4.9%",IF(X265<25%,"5-25%",IF(X265<50%,"25-50%","Over 50%"))) -> 5-25% | Z265: Others
A266: 048 | C266: KBJ 040L | D266: =IF(COUNT(G266:M266)>3,10,IF(COUNT(G266:M266)>2,9,7)) -> 10 | F266: S2.T6.T12 | G266: 5.4 | H266: 1.95 | I266: 4.15 | J266: 2.55 | K266: 2.85 | L266: 3 | N266: =SUM(G266:M266) -> 19.9 | O266: =(N266/8.16)^4.5 -> 55.237387 | P266: 8 | Q266: 10 | R266: 9 | S266: 9 | T266: 9 | U266: 9 | V266: 9 | W266: =IF(G266>P266,"Y",IF(H266>Q266,"Y",IF(I266>R266,"Y",IF(J266>S266,"Y",IF(K266>T266,"Y",IF(L266>U266,"Y",IF(M266>V266,"Y","N"))))))) -> N | X266: =IF(W266="Y",MAX((G266-P266),(H266-Q266),(I266-R266),(J266-S266),(K266-T266),(L266-U266),(M266-V266))/10,0) -> 0 | Y266: =IF(X266<5%,"0-4.9%",IF(X266<25%,"5-25%",IF(X266<50%,"25-50%","Over 50%"))) -> 0-4.9% | Z266: Others
A267: 049 | C267: KAY 233Z | D267: =IF(COUNT(G267:M267)>3,10,IF(COUNT(G267:M267)>2,9,7)) -> 10 | F267: S2.T6.T12 | G267: 5.15 | H267: 2.35 | I267: 4.2 | J267: 2.65 | K267: 2.85 | L267: 3.1 | N267: =SUM(G267:M267) -> 20.3 | O267: =(N267/8.16)^4.5 -> 60.412451 | P267: 8 | Q267: 10 | R267: 9 | S267: 9 | T267: 9 | U267: 9 | V267: 9 | W267: =IF(G267>P267,"Y",IF(H267>Q267,"Y",IF(I267>R267,"Y",IF(J267>S267,"Y",IF(K267>T267,"Y",IF(L267>U267,"Y",IF(M267>V267,"Y","N"))))))) -> N | X267: =IF(W267="Y",MAX((G267-P267),(H267-Q267),(I267-R267),(J267-S267),(K267-T267),(L267-U267),(M267-V267))/10,0) -> 0 | Y267: =IF(X267<5%,"0-4.9%",IF(X267<25%,"5-25%",IF(X267<50%,"25-50%","Over 50%"))) -> 0-4.9% | Z267: Others
A268: 050 | C268: KAP 942M | D268: =IF(COUNT(G268:M268)>3,10,IF(COUNT(G268:M268)>2,9,7)) -> 10 | F268: S2.T8.T12 | G268: 4.55 | H268: 4.75 | I268: 1.05 | J268: 2.2 | K268: 2.8 | L268: 3.45 | N268: =SUM(G268:M268) -> 18.8 | O268: =(N268/8.16)^4.5 -> 42.766588 | P268: 8 | Q268: 10 | R268: 9 | S268: 9 | T268: 9 | U268: 9 | V268: 9 | W268: =IF(G268>P268,"Y",IF(H268>Q268,"Y",IF(I268>R268,"Y",IF(J268>S268,"Y",IF(K268>T268,"Y",IF(L268>U268,"Y",IF(M268>V268,"Y","N"))))))) -> N | X268: =IF(W268="Y",MAX((G268-P268),(H268-Q268),(I268-R268),(J268-S268),(K268-T268),(L268-U268),(M268-V268))/10,0) -> 0 | Y268: =IF(X268<5%,"0-4.9%",IF(X268<25%,"5-25%",IF(X268<50%,"25-50%","Over 50%"))) -> 0-4.9% | Z268: Empty
A269: 051 | C269: KAW 655L | D269: =IF(COUNT(G269:M269)>3,10,IF(COUNT(G269:M269)>2,9,7)) -> 10 | F269: S2.S4.T12 | G269: 4.9 | H269: 1.4 | I269: 2 | J269: 2.45 | K269: 2.4 | N269: =SUM(G269:M269) -> 13.15 | O269: =(N269/8.16)^4.5 -> 8.5617033 | P269: 8 | Q269: 10 | R269: 9 | S269: 9 | T269: 9 | U269: 9 | V269: 9 | W269: =IF(G269>P269,"Y",IF(H269>Q269,"Y",IF(I269>R269,"Y",IF(J269>S269,"Y",IF(K269>T269,"Y",IF(L269>U269,"Y",IF(M269>V269,"Y","N"))))))) -> N | X269: =IF(W269="Y",MAX((G269-P269),(H269-Q269),(I269-R269),(J269-S269),(K269-T269),(L269-U269),(M269-V269))/10,0) -> 0 | Y269: =IF(X269<5%,"0-4.9%",IF(X269<25%,"5-25%",IF(X269<50%,"25-50%","Over 50%"))) -> 0-4.9% | Z269: Empty
A270: 053 | C270: KBB 709K | D270: =IF(COUNT(G270:M270)>3,10,IF(COUNT(G270:M270)>2,9,7)) -> 10 | F270: S2.T8.T12 | G270: 4.85 | H270: 3.65 | I270: 3.45 | J270: 2.7 | K270: 2.75 | L270: 3.2 | N270: =SUM(G270:M270) -> 20.6 | O270: =(N270/8.16)^4.5 -> 64.535217 | P270: 8 | Q270: 10 | R270: 9 | S270: 9 | T270: 9 | U270: 9 | V270: 9 | W270: =IF(G270>P270,"Y",IF(H270>Q270,"Y",IF(I270>R270,"Y",IF(J270>S270,"Y",IF(K270>T270,"Y",IF(L270>U270,"Y",IF(M270>V270,"Y","N"))))))) -> N | X270: =IF(W270="Y",MAX((G270-P270),(H270-Q270),(I270-R270),(J270-S270),(K270-T270),(L270-U270),(M270-V270))/10,0) -> 0 | Y270: =IF(X270<5%,"0-4.9%",IF(X270<25%,"5-25%",IF(X270<50%,"25-50%","Over 50%"))) -> 0-4.9% | Z270: Others
A271: 054 | C271: KAW 653L | D271: =IF(COUNT(G271:M271)>3,10,IF(COUNT(G271:M271)>2,9,7)) -> 10 | F271: S2.T8.T12 | G271: 5.25 | H271: 3.7 | I271: 2.35 | J271: 3.25 | K271: 2.3 | L271: 1.9 | N271: =SUM(G271:M271) -> 18.75 | O271: =(N271/8.16)^4.5 -> 42.257131 | P271: 8 | Q271: 10 | R271: 9 | S271: 9 | T271: 9 | U271: 9 | V271: 9 | W271: =IF(G271>P271,"Y",IF(H271>Q271,"Y",IF(I271>R271,"Y",IF(J271>S271,"Y",IF(K271>T271,"Y",IF(L271>U271,"Y",IF(M271>V271,"Y","N"))))))) -> N | X271: =IF(W271="Y",MAX((G271-P271),(H271-Q271),(I271-R271),(J271-S271),(K271-T271),(L271-U271),(M271-V271))/10,0) -> 0 | Y271: =IF(X271<5%,"0-4.9%",IF(X271<25%,"5-25%",IF(X271<50%,"25-50%","Over 50%"))) -> 0-4.9% | Z271: Construction Material
A272: 055 | C272: KBE 410Y | D272: =IF(COUNT(G272:M272)>3,10,IF(COUNT(G272:M272)>2,9,7)) -> 10 | F272: S2.S4.T12 | G272: 5.6 | H272: 5 | I272: 2.3 | J272: 2.5 | K272: 2.85 | N272: =SUM(G272:M272) -> 18.25 | O272: =(N272/8.16)^4.5 -> 37.417709 | P272: 8 | Q272: 10 | R272: 9 | S272: 9 | T272: 9 | U272: 9 | V272: 9 | W272: =IF(G272>P272,"Y",IF(H272>Q272,"Y",IF(I272>R272,"Y",IF(J272>S272,"Y",IF(K272>T272,"Y",IF(L272>U272,"Y",IF(M272>V272,"Y","N"))))))) -> N | X272: =IF(W272="Y",MAX((G272-P272),(H272-Q272),(I272-R272),(J272-S272),(K272-T272),(L272-U272),(M272-V272))/10,0) -> 0 | Y272: =IF(X272<5%,"0-4.9%",IF(X272<25%,"5-25%",IF(X272<50%,"25-50%","Over 50%"))) -> 0-4.9% | Z272: Others
A273: 056 | C273: KAR 364V | D273: =IF(COUNT(G273:M273)>3,10,IF(COUNT(G273:M273)>2,9,7)) -> 10 | F273: S2.T8.T12 | G273: 5.6 | H273: 3.55 | I273: 3.25 | J273: 2.9 | K273: 3 | L273: 2.6 | N273: =SUM(G273:M273) -> 20.9 | O273: =(N273/8.16)^4.5 -> 68.873567 | P273: 8 | Q273: 10 | R273: 9 | S273: 9 | T273: 9 | U273: 9 | V273: 9 | W273: =IF(G273>P273,"Y",IF(H273>Q273,"Y",IF(I273>R273,"Y",IF(J273>S273,"Y",IF(K273>T273,"Y",IF(L273>U273,"Y",IF(M273>V273,"Y","N"))))))) -> N | X273: =IF(W273="Y",MAX((G273-P273),(H273-Q273),(I273-R273),(J273-S273),(K273-T273),(L273-U273),(M273-V273))/10,0) -> 0 | Y273: =IF(X273<5%,"0-4.9%",IF(X273<25%,"5-25%",IF(X273<50%,"25-50%","Over 50%"))) -> 0-4.9% | Z273: Fuels
A274: 063 | C274: KAP 967S | D274: =IF(COUNT(G274:M274)>3,10,IF(COUNT(G274:M274)>2,9,7)) -> 10 | F274: S2.T8.T12 | G274: 4.7 | H274: 3.85 | I274: 3.7 | J274: 3.35 | K274: 3.55 | L274: 3.8 | N274: =SUM(G274:M274) -> 22.95 | O274: =(N274/8.16)^4.5 -> 104.93404 | P274: 8 | Q274: 10 | R274: 9 | S274: 9 | T274: 9 | U274: 9 | V274: 9 | W274: =IF(G274>P274,"Y",IF(H274>Q274,"Y",IF(I274>R274,"Y",IF(J274>S274,"Y",IF(K274>T274,"Y",IF(L274>U274,"Y",IF(M274>V274,"Y","N"))))))) -> N | X274: =IF(W274="Y",MAX((G274-P274),(H274-Q274),(I274-R274),(J274-S274),(K274-T274),(L274-U274),(M274-V274))/10,0) -> 0 | Y274: =IF(X274<5%,"0-4.9%",IF(X274<25%,"5-25%",IF(X274<50%,"25-50%","Over 50%"))) -> 0-4.9% | Z274: Fuels
A275: 064 | C275: UAF 166T | D275: =IF(COUNT(G275:M275)>3,10,IF(COUNT(G275:M275)>2,9,7)) -> 10 | F275: S2.T6.T12 | G275: 5.75 | H275: 0.75 | I275: 3.75 | J275: 2.55 | K275: 2.45 | L275: 2.4 | N275: =SUM(G275:M275) -> 17.65 | O275: =(N275/8.16)^4.5 -> 32.191816 | P275: 8 | Q275: 10 | R275: 9 | S275: 9 | T275: 9 | U275: 9 | V275: 9 | W275: =IF(G275>P275,"Y",IF(H275>Q275,"Y",IF(I275>R275,"Y",IF(J275>S275,"Y",IF(K275>T275,"Y",IF(L275>U275,"Y",IF(M275>V275,"Y","N"))))))) -> N | X275: =IF(W275="Y",MAX((G275-P275),(H275-Q275),(I275-R275),(J275-S275),(K275-T275),(L275-U275),(M275-V275))/10,0) -> 0 | Y275: =IF(X275<5%,"0-4.9%",IF(X275<25%,"5-25%",IF(X275<50%,"25-50%","Over 50%"))) -> 0-4.9% | Z275: Construction Material
A276: 065 | C276: KAV 451R | D276: =IF(COUNT(G276:M276)>3,10,IF(COUNT(G276:M276)>2,9,7)) -> 10 | F276: S2.T6.T12 | G276: 6.1 | H276: 4.55 | I276: 8.65 | J276: 4.55 | K276: 5.65 | L276: 4.9 | N276: =SUM(G276:M276) -> 34.4 | O276: =(N276/8.16)^4.5 -> 648.49596 | P276: 8 | Q276: 10 | R276: 9 | S276: 9 | T276: 9 | U276: 9 | V276: 9 | W276: =IF(G276>P276,"Y",IF(H276>Q276,"Y",IF(I276>R276,"Y",IF(J276>S276,"Y",IF(K276>T276,"Y",IF(L276>U276,"Y",IF(M276>V276,"Y","N"))))))) -> N | X276: =IF(W276="Y",MAX((G276-P276),(H276-Q276),(I276-R276),(J276-S276),(K276-T276),(L276-U276),(M276-V276))/10,0) -> 0 | Y276: =IF(X276<5%,"0-4.9%",IF(X276<25%,"5-25%",IF(X276<50%,"25-50%","Over 50%"))) -> 0-4.9% | Z276: Others
A277: 066 | C277: RAB 214H | D277: =IF(COUNT(G277:M277)>3,10,IF(COUNT(G277:M277)>2,9,7)) -> 10 | F277: S2.T8.T12 | G277: 4.75 | H277: 4 | I277: 3.9 | J277: 2.75 | K277: 3.05 | L277: 3.55 | N277: =SUM(G277:M277) -> 22 | O277: =(N277/8.16)^4.5 -> 86.755367 | P277: 8 | Q277: 10 | R277: 9 | S277: 9 | T277: 9 | U277: 9 | V277: 9 | W277: =IF(G277>P277,"Y",IF(H277>Q277,"Y",IF(I277>R277,"Y",IF(J277>S277,"Y",IF(K277>T277,"Y",IF(L277>U277,"Y",IF(M277>V277,"Y","N"))))))) -> N | X277: =IF(W277="Y",MAX((G277-P277),(H277-Q277),(I277-R277),(J277-S277),(K277-T277),(L277-U277),(M277-V277))/10,0) -> 0 | Y277: =IF(X277<5%,"0-4.9%",IF(X277<25%,"5-25%",IF(X277<50%,"25-50%","Over 50%"))) -> 0-4.9% | Z277: Fuels
A278: 068 | C278: KBM 460H | D278: =IF(COUNT(G278:M278)>3,10,IF(COUNT(G278:M278)>2,9,7)) -> 10 | F278: S2.T6.T8 | G278: 5.8 | H278: 2.2 | I278: 3.85 | J278: 2.65 | K278: 2.6 | N278: =SUM(G278:M278) -> 17.1 | O278: =(N278/8.16)^4.5 -> 27.917517 | P278: 8 | Q278: 10 | R278: 9 | S278: 9 | T278: 9 | U278: 9 | V278: 9 | W278: =IF(G278>P278,"Y",IF(H278>Q278,"Y",IF(I278>R278,"Y",IF(J278>S278,"Y",IF(K278>T278,"Y",IF(L278>U278,"Y",IF(M278>V278,"Y","N"))))))) -> N | X278: =IF(W278="Y",MAX((G278-P278),(H278-Q278),(I278-R278),(J278-S278),(K278-T278),(L278-U278),(M278-V278))/10,0) -> 0 | Y278: =IF(X278<5%,"0-4.9%",IF(X278<25%,"5-25%",IF(X278<50%,"25-50%","Over 50%"))) -> 0-4.9% | Z278: Others
A279: 070 | C279: KAU 518H | D279: =IF(COUNT(G279:M279)>3,10,IF(COUNT(G279:M279)>2,9,7)) -> 10 | F279: S2.T8.T12 | G279: 4.7 | H279: 4.25 | I279: 4.3 | J279: 3.25 | K279: 3.55 | L279: 3.6 | N279: =SUM(G279:M279) -> 23.65 | O279: =(N279/8.16)^4.5 -> 120.12529 | P279: 8 | Q279: 10 | R279: 9 | S279: 9 | T279: 9 | U279: 9 | V279: 9 | W279: =IF(G279>P279,"Y",IF(H279>Q279,"Y",IF(I279>R279,"Y",IF(J279>S279,"Y",IF(K279>T279,"Y",IF(L279>U279,"Y",IF(M279>V279,"Y","N"))))))) -> N | X279: =IF(W279="Y",MAX((G279-P279),(H279-Q279),(I279-R279),(J279-S279),(K279-T279),(L279-U279),(M279-V279))/10,0) -> 0 | Y279: =IF(X279<5%,"0-4.9%",IF(X279<25%,"5-25%",IF(X279<50%,"25-50%","Over 50%"))) -> 0-4.9% | Z279: Construction Material
A280: 071 | C280: KBD 465T | D280: =IF(COUNT(G280:M280)>3,10,IF(COUNT(G280:M280)>2,9,7)) -> 10 | F280: S2.T8.T12 | G280: 5.15 | H280: 4 | I280: 3.85 | J280: 2.95 | K280: 3.05 | L280: 3.4 | N280: =SUM(G280:M280) -> 22.4 | O280: =(N280/8.16)^4.5 -> 94.082829 | P280: 8 | Q280: 10 | R280: 9 | S280: 9 | T280: 9 | U280: 9 | V280: 9 | W280: =IF(G280>P280,"Y",IF(H280>Q280,"Y",IF(I280>R280,"Y",IF(J280>S280,"Y",IF(K280>T280,"Y",IF(L280>U280,"Y",IF(M280>V280,"Y","N"))))))) -> N | X280: =IF(W280="Y",MAX((G280-P280),(H280-Q280),(I280-R280),(J280-S280),(K280-T280),(L280-U280),(M280-V280))/10,0) -> 0 | Y280: =IF(X280<5%,"0-4.9%",IF(X280<25%,"5-25%",IF(X280<50%,"25-50%","Over 50%"))) -> 0-4.9% | Z280: Others
A281: 072 | C281: KBC 409C | D281: =IF(COUNT(G281:M281)>3,10,IF(COUNT(G281:M281)>2,9,7)) -> 10 | F281: S2.T8.T12 | G281: 4.7 | H281: 4.3 | I281: 4.3 | J281: 2.5 | K281: 3.1 | L281: 3.55 | N281: =SUM(G281:M281) -> 22.45 | O281: =(N281/8.16)^4.5 -> 95.031556 | P281: 8 | Q281: 10 | R281: 9 | S281: 9 | T281: 9 | U281: 9 | V281: 9 | W281: =IF(G281>P281,"Y",IF(H281>Q281,"Y",IF(I281>R281,"Y",IF(J281>S281,"Y",IF(K281>T281,"Y",IF(L281>U281,"Y",IF(M281>V281,"Y","N"))))))) -> N | X281: =IF(W281="Y",MAX((G281-P281),(H281-Q281),(I281-R281),(J281-S281),(K281-T281),(L281-U281),(M281-V281))/10,0) -> 0 | Y281: =IF(X281<5%,"0-4.9%",IF(X281<25%,"5-25%",IF(X281<50%,"25-50%","Over 50%"))) -> 0-4.9% | Z281: Others
A282: 073 | C282: KAR 186S | D282: =IF(COUNT(G282:M282)>3,10,IF(COUNT(G282:M282)>2,9,7)) -> 10 | F282: S2.S4.T12 | G282: 5.4 | H282: 5.15 | I282: 3.35 | J282: 3.05 | K282: 2.55 | N282: =SUM(G282:M282) -> 19.5 | O282: =(N282/8.16)^4.5 -> 50.41387 | P282: 8 | Q282: 10 | R282: 9 | S282: 9 | T282: 9 | U282: 9 | V282: 9 | W282: =IF(G282>P282,"Y",IF(H282>Q282,"Y",IF(I282>R282,"Y",IF(J282>S282,"Y",IF(K282>T282,"Y",IF(L282>U282,"Y",IF(M282>V282,"Y","N"))))))) -> N | X282: =IF(W282="Y",MAX((G282-P282),(H282-Q282),(I282-R282),(J282-S282),(K282-T282),(L282-U282),(M282-V282))/10,0) -> 0 | Y282: =IF(X282<5%,"0-4.9%",IF(X282<25%,"5-25%",IF(X282<50%,"25-50%","Over 50%"))) -> 0-4.9% | Z282: Construction Material
...

Sheet Jinja-Kla
A1: AXLE LOAD SURVEY FORM
A2: Date: | D2: Station Name: | E2: NAKIBIZZI
A3: 43772 | H3: JINJA-KAMPALA
A4: S/No. | B4: Time | C4: Reg. Number | D4: Vehicle Type | E4: Number of Axles | F4: Axle Configuration | G4: Front | N4: Total (Tonnes) | O4: Total (ESA's) | P4: Load limit (Tonnes) | W4: OVERLOADED? | X4: Overloaded by? | Y4: Overload Bands | Z4: COMMENTS
G5: Axle 1 | H5: Axle 2 | I5: Axle 3 | J5: Axle 4 | K5: Axle 5 | L5: Axle 6 | M5: Axle 7 | P5: Axle 1 | Q5: Axle 2 | R5: Axle 3 | S5: Axle 4 | T5: Axle 5 | U5: Axle 6 | V5: Axle 7
A6: 5 | B6: 0.44097222 | C6: UAY 484 B | D6: =IF(COUNT(G6:M6)>3,10,IF(COUNT(G6:M6)>2,9,7)) -> 7 | E6: 2 | F6: 1*2 | G6: 3.4 | H6: 8.55 | N6: =SUM(G6:M6) -> 11.95 | O6: =(N6/8.16)^4.5 -> 5.5660853 | P6: 8 | Q6: 10 | R6: 9 | S6: 9 | T6: 9 | U6: 9 | V6: 9 | W6: =IF(G6>P6,"Y",IF(H6>Q6,"Y",IF(I6>R6,"Y",IF(J6>S6,"Y",IF(K6>T6,"Y",IF(L6>U6,"Y",IF(M6>V6,"Y","N"))))))) -> N | X6: =IF(W6="Y",MAX((G6-P6),(H6-Q6),(I6-R6),(J6-S6),(K6-T6),(L6-U6),(M6-V6))/10,0) -> 0 | Y6: =IF(X6<5%,"0-4.9%",IF(X6<25%,"5-25%",IF(X6<50%,"25-50%","Over 50%"))) -> 0-4.9% | Z6: Others
A7: 10 | B7: 0.52083333 | C7: UAN 676X | D7: =IF(COUNT(G7:M7)>3,10,IF(COUNT(G7:M7)>2,9,7)) -> 7 | E7: 2 | F7: 1*2 | G7: 3.9 | H7: 9.2 | N7: =SUM(G7:M7) -> 13.1 | O7: =(N7/8.16)^4.5 -> 8.416182 | P7: 8 | Q7: 10 | R7: 9 | S7: 9 | T7: 9 | U7: 9 | V7: 9 | W7: =IF(G7>P7,"Y",IF(H7>Q7,"Y",IF(I7>R7,"Y",IF(J7>S7,"Y",IF(K7>T7,"Y",IF(L7>U7,"Y",IF(M7>V7,"Y","N"))))))) -> N | X7: =IF(W7="Y",MAX((G7-P7),(H7-Q7),(I7-R7),(J7-S7),(K7-T7),(L7-U7),(M7-V7))/10,0) -> 0 | Y7: =IF(X7<5%,"0-4.9%",IF(X7<25%,"5-25%",IF(X7<50%,"25-50%","Over 50%"))) -> 0-4.9% | Z7: Chemical Products
A8: 13 | B8: 0.54652778 | C8: UAZ 536X | D8: =IF(COUNT(G8:M8)>3,10,IF(COUNT(G8:M8)>2,9,7)) -> 7 | E8: 2 | F8: 1*2 | G8: 3.25 | H8: 12.85 | N8: =SUM(G8:M8) -> 16.1 | O8: =(N8/8.16)^4.5 -> 21.286817 | P8: 8 | Q8: 10 | R8: 9 | S8: 9 | T8: 9 | U8: 9 | V8: 9 | W8: =IF(G8>P8,"Y",IF(H8>Q8,"Y",IF(I8>R8,"Y",IF(J8>S8,"Y",IF(K8>T8,"Y",IF(L8>U8,"Y",IF(M8>V8,"Y","N"))))))) -> Y | X8: =IF(W8="Y",MAX((G8-P8),(H8-Q8),(I8-R8),(J8-S8),(K8-T8),(L8-U8),(M8-V8))/10,0) -> 0.285 | Y8: =IF(X8<5%,"0-4.9%",IF(X8<25%,"5-25%",IF(X8<50%,"25-50%","Over 50%"))) -> 25-50% | Z8: Agricultural produce
A9: 15 | B9: 0.55555556 | C9: UAN 583A | D9: =IF(COUNT(G9:M9)>3,10,IF(COUNT(G9:M9)>2,9,7)) -> 7 | E9: 2 | F9: 1*2 | G9: 3.85 | H9: 9.1 | N9: =SUM(G9:M9) -> 12.95 | O9: =(N9/8.16)^4.5 -> 7.9911309 | P9: 8 | Q9: 10 | R9: 9 | S9: 9 | T9: 9 | U9: 9 | V9: 9 | W9: =IF(G9>P9,"Y",IF(H9>Q9,"Y",IF(I9>R9,"Y",IF(J9>S9,"Y",IF(K9>T9,"Y",IF(L9>U9,"Y",IF(M9>V9,"Y","N"))))))) -> N | X9: =IF(W9="Y",MAX((G9-P9),(H9-Q9),(I9-R9),(J9-S9),(K9-T9),(L9-U9),(M9-V9))/10,0) -> 0 | Y9: =IF(X9<5%,"0-4.9%",IF(X9<25%,"5-25%",IF(X9<50%,"25-50%","Over 50%"))) -> 0-4.9% | Z9: Household retail products
A10: 19 | B10: 0.63888889 | C10: UBD 675Y | D10: =IF(COUNT(G10:M10)>3,10,IF(COUNT(G10:M10)>2,9,7)) -> 7 | E10: 2 | F10: 1*2 | G10: 3.7 | H10: 9.75 | N10: =SUM(G10:M10) -> 13.45 | O10: =(N10/8.16)^4.5 -> 9.4764258 | P10: 8 | Q10: 10 | R10: 9 | S10: 9 | T10: 9 | U10: 9 | V10: 9 | W10: =IF(G10>P10,"Y",IF(H10>Q10,"Y",IF(I10>R10,"Y",IF(J10>S10,"Y",IF(K10>T10,"Y",IF(L10>U10,"Y",IF(M10>V10,"Y","N"))))))) -> N | X10: =IF(W10="Y",MAX((G10-P10),(H10-Q10),(I10-R10),(J10-S10),(K10-T10),(L10-U10),(M10-V10))/10,0) -> 0 | Y10: =IF(X10<5%,"0-4.9%",IF(X10<25%,"5-25%",IF(X10<50%,"25-50%","Over 50%"))) -> 0-4.9% | Z10: Agricultural produce
A11: 5 | B11: 0.38611111 | C11: UAP 906F | D11: =IF(COUNT(G11:M11)>3,10,IF(COUNT(G11:M11)>2,9,7)) -> 7 | E11: 2 | F11: 1*2 | G11: 3.3 | H11: 12.65 | N11: =SUM(G11:M11) -> 15.95 | O11: =(N11/8.16)^4.5 -> 20.408796 | P11: 8 | Q11: 10 | R11: 9 | S11: 9 | T11: 9 | U11: 9 | V11: 9 | W11: =IF(G11>P11,"Y",IF(H11>Q11,"Y",IF(I11>R11,"Y",IF(J11>S11,"Y",IF(K11>T11,"Y",IF(L11>U11,"Y",IF(M11>V11,"Y","N"))))))) -> Y | X11: =IF(W11="Y",MAX((G11-P11),(H11-Q11),(I11-R11),(J11-S11),(K11-T11),(L11-U11),(M11-V11))/10,0) -> 0.265 | Y11: =IF(X11<5%,"0-4.9%",IF(X11<25%,"5-25%",IF(X11<50%,"25-50%","Over 50%"))) -> 25-50% | Z11: Agricultural produce
A12: 13 | B12: 0.55694444 | C12: UBF 028K | D12: =IF(COUNT(G12:M12)>3,10,IF(COUNT(G12:M12)>2,9,7)) -> 7 | E12: 2 | F12: 1*2 | G12: 3.6 | H12: 12.1 | N12: =SUM(G12:M12) -> 15.7 | O12: =(N12/8.16)^4.5 -> 19.008276 | P12: 8 | Q12: 10 | R12: 9 | S12: 9 | T12: 9 | U12: 9 | V12: 9 | W12: =IF(G12>P12,"Y",IF(H12>Q12,"Y",IF(I12>R12,"Y",IF(J12>S12,"Y",IF(K12>T12,"Y",IF(L12>U12,"Y",IF(M12>V12,"Y","N"))))))) -> Y | X12: =IF(W12="Y",MAX((G12-P12),(H12-Q12),(I12-R12),(J12-S12),(K12-T12),(L12-U12),(M12-V12))/10,0) -> 0.21 | Y12: =IF(X12<5%,"0-4.9%",IF(X12<25%,"5-25%",IF(X12<50%,"25-50%","Over 50%"))) -> 5-25% | Z12: Agricultural produce
A13: 14 | B13: 0.56944444 | C13: UAW 255B | D13: =IF(COUNT(G13:M13)>3,10,IF(COUNT(G13:M13)>2,9,7)) -> 7 | E13: 2 | F13: 1*2 | G13: 4.15 | H13: 9.45 | N13: =SUM(G13:M13) -> 13.6 | O13: =(N13/8.16)^4.5 -> 9.9613769 | P13: 8 | Q13: 10 | R13: 9 | S13: 9 | T13: 9 | U13: 9 | V13: 9 | W13: =IF(G13>P13,"Y",IF(H13>Q13,"Y",IF(I13>R13,"Y",IF(J13>S13,"Y",IF(K13>T13,"Y",IF(L13>U13,"Y",IF(M13>V13,"Y","N"))))))) -> N | X13: =IF(W13="Y",MAX((G13-P13),(H13-Q13),(I13-R13),(J13-S13),(K13-T13),(L13-U13),(M13-V13))/10,0) -> 0 | Y13: =IF(X13<5%,"0-4.9%",IF(X13<25%,"5-25%",IF(X13<50%,"25-50%","Over 50%"))) -> 0-4.9% | Z13: Agricultural produce
A14: 15 | B14: 0.57986111 | C14: UAU 690M | D14: =IF(COUNT(G14:M14)>3,10,IF(COUNT(G14:M14)>2,9,7)) -> 7 | E14: 2 | F14: 1*2 | G14: 3.5 | H14: 7.15 | N14: =SUM(G14:M14) -> 10.65 | O14: =(N14/8.16)^4.5 -> 3.3148778 | P14: 8 | Q14: 10 | R14: 9 | S14: 9 | T14: 9 | U14: 9 | V14: 9 | W14: =IF(G14>P14,"Y",IF(H14>Q14,"Y",IF(I14>R14,"Y",IF(J14>S14,"Y",IF(K14>T14,"Y",IF(L14>U14,"Y",IF(M14>V14,"Y","N"))))))) -> N | X14: =IF(W14="Y",MAX((G14-P14),(H14-Q14),(I14-R14),(J14-S14),(K14-T14),(L14-U14),(M14-V14))/10,0) -> 0 | Y14: =IF(X14<5%,"0-4.9%",IF(X14<25%,"5-25%",IF(X14<50%,"25-50%","Over 50%"))) -> 0-4.9% | Z14: Others
A15: 16 | B15: 0.58402778 | C15: UAQ 159T | D15: =IF(COUNT(G15:M15)>3,10,IF(COUNT(G15:M15)>2,9,7)) -> 7 | E15: 2 | F15: 1*2 | G15: 5.6 | H15: 10.7 | N15: =SUM(G15:M15) -> 16.3 | O15: =(N15/8.16)^4.5 -> 22.502901 | P15: 8 | Q15: 10 | R15: 9 | S15: 9 | T15: 9 | U15: 9 | V15: 9 | W15: =IF(G15>P15,"Y",IF(H15>Q15,"Y",IF(I15>R15,"Y",IF(J15>S15,"Y",IF(K15>T15,"Y",IF(L15>U15,"Y",IF(M15>V15,"Y","N"))))))) -> Y | X15: =IF(W15="Y",MAX((G15-P15),(H15-Q15),(I15-R15),(J15-S15),(K15-T15),(L15-U15),(M15-V15))/10,0) -> 0.07 | Y15: =IF(X15<5%,"0-4.9%",IF(X15<25%,"5-25%",IF(X15<50%,"25-50%","Over 50%"))) -> 5-25% | Z15: Household retail products
A16: 17 | B16: 0.58888889 | C16: UBF 018K | D16: =IF(COUNT(G16:M16)>3,10,IF(COUNT(G16:M16)>2,9,7)) -> 7 | E16: 2 | F16: 1*2 | G16: 3.55 | H16: 10.1 | N16: =SUM(G16:M16) -> 13.65 | O16: =(N16/8.16)^4.5 -> 10.127243 | P16: 8 | Q16: 10 | R16: 9 | S16: 9 | T16: 9 | U16: 9 | V16: 9 | W16: =IF(G16>P16,"Y",IF(H16>Q16,"Y",IF(I16>R16,"Y",IF(J16>S16,"Y",IF(K16>T16,"Y",IF(L16>U16,"Y",IF(M16>V16,"Y","N"))))))) -> Y | X16: =IF(W16="Y",MAX((G16-P16),(H16-Q16),(I16-R16),(J16-S16),(K16-T16),(L16-U16),(M16-V16))/10,0) -> 0.01 | Y16: =IF(X16<5%,"0-4.9%",IF(X16<25%,"5-25%",IF(X16<50%,"25-50%","Over 50%"))) -> 0-4.9% | Z16: Agricultural produce
A17: 18 | B17: 0.59236111 | C17: UAU 743H | D17: =IF(COUNT(G17:M17)>3,10,IF(COUNT(G17:M17)>2,9,7)) -> 7 | E17: 2 | F17: 1*2 | G17: 3.2 | H17: 11 | N17: =SUM(G17:M17) -> 14.2 | O17: =(N17/8.16)^4.5 -> 12.097394 | P17: 8 | Q17: 10 | R17: 9 | S17: 9 | T17: 9 | U17: 9 | V17: 9 | W17: =IF(G17>P17,"Y",IF(H17>Q17,"Y",IF(I17>R17,"Y",IF(J17>S17,"Y",IF(K17>T17,"Y",IF(L17>U17,"Y",IF(M17>V17,"Y","N"))))))) -> Y | X17: =IF(W17="Y",MAX((G17-P17),(H17-Q17),(I17-R17),(J17-S17),(K17-T17),(L17-U17),(M17-V17))/10,0) -> 0.1 | Y17: =IF(X17<5%,"0-4.9%",IF(X17<25%,"5-25%",IF(X17<50%,"25-50%","Over 50%"))) -> 5-25% | Z17: Agricultural produce
... A23: 25 | B23: 0.63194444 | C23: UAP 910L | D23: =IF(COUNT(G23:M23)>3,10,IF(COUNT(G23:M23)>2,9,7)) -> 7 | E23: 2 | F23: 1*2 | G23: 4.95 | H23: 9.9 | N23: =SUM(G23:M23) -> 14.85 | O23: =(N23/8.16)^4.5 -> 14.796647 | P23: 8 | Q23: 10 | R23: 9 | S23: 9 | T23: 9 | U23: 9 | V23: 9 | W23: =IF(G23>P23,"Y",IF(H23>Q23,"Y",IF(I23>R23,"Y",IF(J23>S23,"Y",IF(K23>T23,"Y",IF(L23>U23,"Y",IF(M23>V23,"Y","N"))))))) -> N | X23: =IF(W23="Y",MAX((G23-P23),(H23-Q23),(I23-R23),(J23-S23),(K23-T23),(L23-U23),(M23-V23))/10,0) -> 0 | Y23: =IF(X23<5%,"0-4.9%",IF(X23<25%,"5-25%",IF(X23<50%,"25-50%","Over 50%"))) -> 0-4.9% | Z23: Household retail products
A24: 7 | B24: 0.47152778 | C24: UAX 416B | D24: =IF(COUNT(G24:M24)>3,10,IF(COUNT(G24:M24)>2,9,7)) -> 9 | E24: 3 | F24: 1*21 | G24: 7.1 | H24: 9.2 | I24: 5.8 | N24: =SUM(G24:M24) -> 22.1 | O24: =(N24/8.16)^4.5 -> 88.544077 | P24: 8 | Q24: 10 | R24: 9 | S24: 9 | T24: 9 | U24: 9 | V24: 9 | W24: =IF(G24>P24,"Y",IF(H24>Q24,"Y",IF(I24>R24,"Y",IF(J24>S24,"Y",IF(K24>T24,"Y",IF(L24>U24,"Y",IF(M24>V24,"Y","N"))))))) -> N | X24: =IF(W24="Y",MAX((G24-P24),(H24-Q24),(I24-R24),(J24-S24),(K24-T24),(L24-U24),(M24-V24))/10,0) -> 0 | Y24: =IF(X24<5%,"0-4.9%",IF(X24<25%,"5-25%",IF(X24<50%,"25-50%","Over 50%"))) -> 0-4.9% | Z24: Household retail products
A25: 9 | B25: 0.50833333 | C25: UAH 982 V | D25: =IF(COUNT(G25:M25)>3,10,IF(COUNT(G25:M25)>2,9,7)) -> 9 | E25: 3 | F25: 1*22 | G25: 7.45 | H25: 7.3 | I25: 7.75 | N25: =SUM(G25:M25) -> 22.5 | O25: =(N25/8.16)^4.5 -> 95.987707 | P25: 8 | Q25: 10 | R25: 9 | S25: 9 | T25: 9 | U25: 9 | V25: 9 | W25: =IF(G25>P25,"Y",IF(H25>Q25,"Y",IF(I25>R25,"Y",IF(J25>S25,"Y",IF(K25>T25,"Y",IF(L25>U25,"Y",IF(M25>V25,"Y","N"))))))) -> N | X25: =IF(W25="Y",MAX((G25-P25),(H25-Q25),(I25-R25),(J25-S25),(K25-T25),(L25-U25),(M25-V25))/10,0) -> 0 | Y25: =IF(X25<5%,"0-4.9%",IF(X25<25%,"5-25%",IF(X25<50%,"25-50%","Over 50%"))) -> 0-4.9% | Z25: Fuels
A26: 18 | B26: 0.61944444 | C26: UAN 272 D | D26: =IF(COUNT(G26:M26)>3,10,IF(COUNT(G26:M26)>2,9,7)) -> 9 | E26: 3 | F26: 1*22 | G26: 5.3 | H26: 9.6 | I26: 9.3 | N26: =SUM(G26:M26) -> 24.2 | O26: =(N26/8.16)^4.5 -> 133.21816 | P26: 8 | Q26: 10 | R26: 9 | S26: 9 | T26: 9 | U26: 9 | V26: 9 | W26: =IF(G26>P26,"Y",IF(H26>Q26,"Y",IF(I26>R26,"Y",IF(J26>S26,"Y",IF(K26>T26,"Y",IF(L26>U26,"Y",IF(M26>V26,"Y","N"))))))) -> Y | X26: =IF(W26="Y",MAX((G26-P26),(H26-Q26),(I26-R26),(J26-S26),(K26-T26),(L26-U26),(M26-V26))/10,0) -> 0.03 | Y26: =IF(X26<5%,"0-4.9%",IF(X26<25%,"5-25%",IF(X26<50%,"25-50%","Over 50%"))) -> 0-4.9% | Z26: Household retail products
A27: 3 | B27: 0.37152778 | C27: UBD 281X | D27: =IF(COUNT(G27:M27)>3,10,IF(COUNT(G27:M27)>2,9,7)) -> 9 | E27: 3 | F27: 1*22 | G27: 4.65 | H27: 8.6 | I27: 10.25 | N27: =SUM(G27:M27) -> 23.5 | O27: =(N27/8.16)^4.5 -> 116.73462 | P27: 8 | Q27: 10 | R27: 9 | S27: 9 | T27: 9 | U27: 9 | V27: 9 | W27: =IF(G27>P27,"Y",IF(H27>Q27,"Y",IF(I27>R27,"Y",IF(J27>S27,"Y",IF(K27>T27,"Y",IF(L27>U27,"Y",IF(M27>V27,"Y","N"))))))) -> Y | X27: =IF(W27="Y",MAX((G27-P27),(H27-Q27),(I27-R27),(J27-S27),(K27-T27),(L27-U27),(M27-V27))/10,0) -> 0.125 | Y27: =IF(X27<5%,"0-4.9%",IF(X27<25%,"5-25%",IF(X27<50%,"25-50%","Over 50%"))) -> 5-25% | Z27: Agricultural produce
A28: 8 | B28: 0.43263889 | C28: UAU 152S | D28: =IF(COUNT(G28:M28)>3,10,IF(COUNT(G28:M28)>2,9,7)) -> 9 | E28: 3 | F28: 1*22 | G28: 6.2 | H28: 14.7 | I28: 4.65 | N28: =SUM(G28:M28) -> 25.55 | O28: =(N28/8.16)^4.5 -> 170.08004 | P28: 8 | Q28: 10 | R28: 9 | S28: 9 | T28: 9 | U28: 9 | V28: 9 | W28: =IF(G28>P28,"Y",IF(H28>Q28,"Y",IF(I28>R28,"Y",IF(J28>S28,"Y",IF(K28>T28,"Y",IF(L28>U28,"Y",IF(M28>V28,"Y","N"))))))) -> Y | X28: =IF(W28="Y",MAX((G28-P28),(H28-Q28),(I28-R28),(J28-S28),(K28-T28),(L28-U28),(M28-V28))/10,0) -> 0.47 | Y28: =IF(X28<5%,"0-4.9%",IF(X28<25%,"5-25%",IF(X28<50%,"25-50%","Over 50%"))) -> 25-50% | Z28: Household retail products
A29: 10 | B29: 0.46180556 | C29: UAV 368E | D29: =IF(COUNT(G29:M29)>3,10,IF(COUNT(G29:M29)>2,9,7)) -> 9 | E29: 3 | F29: 1*22 | G29: 7 | H29: 12.8 | I29: 4.75 | N29: =SUM(G29:M29) -> 24.55 | O29: =(N29/8.16)^4.5 -> 142.11045 | P29: 8 | Q29: 10 | R29: 9 | S29: 9 | T29: 9 | U29: 9 | V29: 9 | W29: =IF(G29>P29,"Y",IF(H29>Q29,"Y",IF(I29>R29,"Y",IF(J29>S29,"Y",IF(K29>T29,"Y",IF(L29>U29,"Y",IF(M29>V29,"Y","N"))))))) -> Y | X29: =IF(W29="Y",MAX((G29-P29),(H29-Q29),(I29-R29),(J29-S29),(K29-T29),(L29-U29),(M29-V29))/10,0) -> 0.28 | Y29: =IF(X29<5%,"0-4.9%",IF(X29<25%,"5-25%",IF(X29<50%,"25-50%","Over 50%"))) -> 25-50% | Z29: Household retail products
A30: 20 | B30: 0.63263889 | C30: UAZ 192V | D30: =IF(COUNT(G30:M30)>3,10,IF(COUNT(G30:M30)>2,9,7)) -> 9 | E30: 3 | F30: 1*22 | G30: 4.35 | H30: 10.2 | I30: 10.85 | N30: =SUM(G30:M30) -> 25.4 | O30: =(N30/8.16)^4.5 -> 165.63267 | P30: 8 | Q30: 10 | R30: 9 | S30: 9 | T30: 9 | U30: 9 | V30: 9 | W30: =IF(G30>P30,"Y",IF(H30>Q30,"Y",IF(I30>R30,"Y",IF(J30>S30,"Y",IF(K30>T30,"Y",IF(L30>U30,"Y",IF(M30>V30,"Y","N"))))))) -> Y | X30: =IF(W30="Y",MAX((G30-P30),(H30-Q30),(I30-R30),(J30-S30),(K30-T30),(L30-U30),(M30-V30))/10,0) -> 0.185 | Y30: =IF(X30<5%,"0-4.9%",IF(X30<25%,"5-25%",IF(X30<50%,"25-50%","Over 50%"))) -> 5-25% | Z30: Fuels
A31: 24 | B31: 0.67916667 | C31: UBE 457R | D31: =IF(COUNT(G31:M31)>3,10,IF(COUNT(G31:M31)>2,9,7)) -> 9 | E31: 3 | F31: 1*22 | G31: 4.95 | H31: 9.05 | I31: 9.45 | N31: =SUM(G31:M31) -> 23.45 | O31: =(N31/8.16)^4.5 -> 115.6211 | P31: 8 | Q31: 10 | R31: 9 | S31: 9 | T31: 9 | U31: 9 | V31: 9 | W31: =IF(G31>P31,"Y",IF(H31>Q31,"Y",IF(I31>R31,"Y",IF(J31>S31,"Y",IF(K31>T31,"Y",IF(L31>U31,"Y",IF(M31>V31,"Y","N"))))))) -> Y | X31: =IF(W31="Y",MAX((G31-P31),(H31-Q31),(I31-R31),(J31-S31),(K31-T31),(L31-U31),(M31-V31))/10,0) -> 0.045 | Y31: =IF(X31<5%,"0-4.9%",IF(X31<25%,"5-25%",IF(X31<50%,"25-50%","Over 50%"))) -> 0-4.9% | Z31: Agricultural produce
A32: 3 | B32: 0.38888889 | C32: UAY 324T | D32: =IF(COUNT(G32:M32)>3,10,IF(COUNT(G32:M32)>2,9,7)) -> 9 | E32: 3 | F32: 1*22 | G32: 3.75 | H32: 11 | I32: 11.75 | N32: =SUM(G32:M32) -> 26.5 | O32: =(N32/8.16)^4.5 -> 200.44753 | P32: 8 | Q32: 10 | R32: 9 | S32: 9 | T32: 9 | U32: 9 | V32: 9 | W32: =IF(G32>P32,"Y",IF(H32>Q32,"Y",IF(I32>R32,"Y",IF(J32>S32,"Y",IF(K32>T32,"Y",IF(L32>U32,"Y",IF(M32>V32,"Y","N"))))))) -> Y | X32: =IF(W32="Y",MAX((G32-P32),(H32-Q32),(I32-R32),(J32-S32),(K32-T32),(L32-U32),(M32-V32))/10,0) -> 0.275 | Y32: =IF(X32<5%,"0-4.9%",IF(X32<25%,"5-25%",IF(X32<50%,"25-50%","Over 50%"))) -> 25-50% | Z32: Agricultural produce
A33: 4 | B33: 0.40902778 | C33: UAV 010F | D33: =IF(COUNT(G33:M33)>3,10,IF(COUNT(G33:M33)>2,9,7)) -> 9 | E33: 3 | F33: 1*22 | G33: 4.2 | H33: 9.8 | I33: 9.35 | N33: =SUM(G33:M33) -> 23.35 | O33: =(N33/8.16)^4.5 -> 113.41886 | P33: 8 | Q33: 10 | R33: 9 | S33: 9 | T33: 9 | U33: 9 | V33: 9 | W33: =IF(G33>P33,"Y",IF(H33>Q33,"Y",IF(I33>R33,"Y",IF(J33>S33,"Y",IF(K33>T33,"Y",IF(L33>U33,"Y",IF(M33>V33,"Y","N"))))))) -> Y | X33: =IF(W33="Y",MAX((G33-P33),(H33-Q33),(I33-R33),(J33-S33),(K33-T33),(L33-U33),(M33-V33))/10,0) -> 0.035 | Y33: =IF(X33<5%,"0-4.9%",IF(X33<25%,"5-25%",IF(X33<50%,"25-50%","Over 50%"))) -> 0-4.9% | Z33: Agricultural produce
A34: 26 | B34: 0.6375 | C34: UAZ 192 H | D34: =IF(COUNT(G34:M34)>3,10,IF(COUNT(G34:M34)>2,9,7)) -> 9 | E34: 3 | F34: 1*22 | G34: 4.65 | H34: 11.35 | I34: 10.7 | N34: =SUM(G34:M34) -> 26.7 | O34: =(N34/8.16)^4.5 -> 207.34567 | P34: 8 | Q34: 10 | R34: 9 | S34: 9 | T34: 9 | U34: 9 | V34: 9 | W34: =IF(G34>P34,"Y",IF(H34>Q34,"Y",IF(I34>R34,"Y",IF(J34>S34,"Y",IF(K34>T34,"Y",IF(L34>U34,"Y",IF(M34>V34,"Y","N"))))))) -> Y | X34: =IF(W34="Y",MAX((G34-P34),(H34-Q34),(I34-R34),(J34-S34),(K34-T34),(L34-U34),(M34-V34))/10,0) -> 0.17 | Y34: =IF(X34<5%,"0-4.9%",IF(X34<25%,"5-25%",IF(X34<50%,"25-50%","Over 50%"))) -> 5-25% | Z34: Agricultural produce
A35: 27 | B35: 0.65972222 | C35: UBD 828J | D35: =IF(COUNT(G35:M35)>3,10,IF(COUNT(G35:M35)>2,9,7)) -> 9 | E35: 3 | F35: 1*22 | G35: 5.7 | H35: 8.7 | I35: 8.15 | N35: =SUM(G35:M35) -> 22.55 | O35: =(N35/8.16)^4.5 -> 96.951324 | P35: 8 | Q35: 10 | R35: 9 | S35: 9 | T35: 9 | U35: 9 | V35: 9 | W35: =IF(G35>P35,"Y",IF(H35>Q35,"Y",IF(I35>R35,"Y",IF(J35>S35,"Y",IF(K35>T35,"Y",IF(L35>U35,"Y",IF(M35>V35,"Y","N"))))))) -> N | X35: =IF(W35="Y",MAX((G35-P35),(H35-Q35),(I35-R35),(J35-S35),(K35-T35),(L35-U35),(M35-V35))/10,0) -> 0 | Y35: =IF(X35<5%,"0-4.9%",IF(X35<25%,"5-25%",IF(X35<50%,"25-50%","Over 50%"))) -> 0-4.9% | Z35: Others
A36: 28 | B36: 0.72222222 | C36: UAZ 225T | D36: =IF(COUNT(G36:M36)>3,10,IF(COUNT(G36:M36)>2,9,7)) -> 9 | E36: 3 | F36: 1*22 | G36: 3.9 | H36: 9.95 | I36: 9.6 | N36: =SUM(G36:M36) -> 23.45 | O36: =(N36/8.16)^4.5 -> 115.6211 | P36: 8 | Q36: 10 | R36: 9 | S36: 9 | T36: 9 | U36: 9 | V36: 9 | W36: =IF(G36>P36,"Y",IF(H36>Q36,"Y",IF(I36>R36,"Y",IF(J36>S36,"Y",IF(K36>T36,"Y",IF(L36>U36,"Y",IF(M36>V36,"Y","N"))))))) -> Y | X36: =IF(W36="Y",MAX((G36-P36),(H36-Q36),(I36-R36),(J36-S36),(K36-T36),(L36-U36),(M36-V36))/10,0) -> 0.06 | Y36: =IF(X36<5%,"0-4.9%",IF(X36<25%,"5-25%",IF(X36<50%,"25-50%","Over 50%"))) -> 5-25% | Z36: Agricultural produce
A37: 1 | B37: 0.40625 | C37: UBC 648D | D37: =IF(COUNT(G37:M37)>3,10,IF(COUNT(G37:M37)>2,9,7)) -> 10 | E37: 6 | F37: 1*22-222 | G37: 6.8 | H37: 7.8 | I37: 7.4 | J37: 7.3 | K37: 6.1 | L37: 6.3 | N37: =SUM(G37:M37) -> 41.7 | O37: =(N37/8.16)^4.5 -> 1541.7236 | P37: 8 | Q37: 10 | R37: 9 | S37: 9 | T37: 9 | U37: 9 | V37: 9 | W37: =IF(G37>P37,"Y",IF(H37>Q37,"Y",IF(I37>R37,"Y",IF(J37>S37,"Y",IF(K37>T37,"Y",IF(L37>U37,"Y",IF(M37>V37,"Y","N"))))))) -> N | X37: =IF(W37="Y",MAX((G37-P37),(H37-Q37),(I37-R37),(J37-S37),(K37-T37),(L37-U37),(M37-V37))/10,0) -> 0 | Y37: =IF(X37<5%,"0-4.9%",IF(X37<25%,"5-25%",IF(X37<50%,"25-50%","Over 50%"))) -> 0-4.9% | Z37: Agricultural produce
A38: 2 | B38: 0.41875 | C38: KAX 251 U | D38: =IF(COUNT(G38:M38)>3,10,IF(COUNT(G38:M38)>2,9,7)) -> 10 | E38: 6 | F38: 1*22-222 | G38: 5.55 | H38: 3.8 | I38: 7.6 | J38: 5.45 | K38: 5.1 | L38: 4.75 | N38: =SUM(G38:M38) -> 32.25 | O38: =(N38/8.16)^4.5 -> 485.04052 | P38: 8 | Q38: 10 | R38: 9 | S38: 9 | T38: 9 | U38: 9 | V38: 9 | W38: =IF(G38>P38,"Y",IF(H38>Q38,"Y",IF(I38>R38,"Y",IF(J38>S38,"Y",IF(K38>T38,"Y",IF(L38>U38,"Y",IF(M38>V38,"Y","N"))))))) -> N | X38: =IF(W38="Y",MAX((G38-P38),(H38-Q38),(I38-R38),(J38-S38),(K38-T38),(L38-U38),(M38-V38))/10,0) -> 0 | Y38: =IF(X38<5%,"0-4.9%",IF(X38<25%,"5-25%",IF(X38<50%,"25-50%","Over 50%"))) -> 0-4.9% | Z38: Agricultural produce
A39: 3 | B39: 0.42361111 | C39: KAW 037 R | D39: =IF(COUNT(G39:M39)>3,10,IF(COUNT(G39:M39)>2,9,7)) -> 10 | E39: 6 | F39: 1*22-222 | G39: 5.1 | H39: 3.35 | I39: 10.2 | J39: 8.1 | K39: 7.9 | L39: 7.3 | N39: =SUM(G39:M39) -> 41.95 | O39: =(N39/8.16)^4.5 -> 1583.7555 | P39: 8 | Q39: 10 | R39: 9 | S39: 9 | T39: 9 | U39: 9 | V39: 9 | W39: =IF(G39>P39,"Y",IF(H39>Q39,"Y",IF(I39>R39,"Y",IF(J39>S39,"Y",IF(K39>T39,"Y",IF(L39>U39,"Y",IF(M39>V39,"Y","N"))))))) -> Y | X39: =IF(W39="Y",MAX((G39-P39),(H39-Q39),(I39-R39),(J39-S39),(K39-T39),(L39-U39),(M39-V39))/10,0) -> 0.12 | Y39: =IF(X39<5%,"0-4.9%",IF(X39<25%,"5-25%",IF(X39<50%,"25-50%","Over 50%"))) -> 5-25% | Z39: Others
A40: 4 | B40: 0.4375 | C40: KCV 613 F | D40: =IF(COUNT(G40:M40)>3,10,IF(COUNT(G40:M40)>2,9,7)) -> 10 | E40: 6 | F40: 1*22-222 | G40: 5.7 | H40: 5.95 | I40: 8.9 | J40: 8.2 | K40: 6.6 | L40: 7.45 | N40: =SUM(G40:M40) -> 42.8 | O40: =(N40/8.16)^4.5 -> 1733.3699 | P40: 8 | Q40: 10 | R40: 9 | S40: 9 | T40: 9 | U40: 9 | V40: 9 | W40: =IF(G40>P40,"Y",IF(H40>Q40,"Y",IF(I40>R40,"Y",IF(J40>S40,"Y",IF(K40>T40,"Y",IF(L40>U40,"Y",IF(M40>V40,"Y","N"))))))) -> N | X40: =IF(W40="Y",MAX((G40-P40),(H40-Q40),(I40-R40),(J40-S40),(K40-T40),(L40-U40),(M40-V40))/10,0) -> 0 | Y40: =IF(X40<5%,"0-4.9%",IF(X40<25%,"5-25%",IF(X40<50%,"25-50%","Over 50%"))) -> 0-4.9% | Z40: Fuels
A41: 6 | B41: 0.4625 | C41: A 2588A | D41: =IF(COUNT(G41:M41)>3,10,IF(COUNT(G41:M41)>2,9,7)) -> 10 | E41: 7 | F41: 1*22+22*22 | G41: 5.75 | H41: 5.1 | I41: 3.85 | J41: 5.45 | K41: 4.5 | L41: 5.75 | M41: 5.25 | N41: =SUM(G41:M41) -> 35.65 | O41: =(N41/8.16)^4.5 -> 761.48647 | P41: 8 | Q41: 10 | R41: 9 | S41: 9 | T41: 9 | U41: 9 | V41: 9 | W41: =IF(G41>P41,"Y",IF(H41>Q41,"Y",IF(I41>R41,"Y",IF(J41>S41,"Y",IF(K41>T41,"Y",IF(L41>U41,"Y",IF(M41>V41,"Y","N"))))))) -> N | X41: =IF(W41="Y",MAX((G41-P41),(H41-Q41),(I41-R41),(J41-S41),(K41-T41),(L41-U41),(M41-V41))/10,0) -> 0 | Y41: =IF(X41<5%,"0-4.9%",IF(X41<25%,"5-25%",IF(X41<50%,"25-50%","Over 50%"))) -> 0-4.9% | Z41: Construction Material
A42: 8 | B42: 0.49305556 | C42: KCN 135 Q | D42: =IF(COUNT(G42:M42)>3,10,IF(COUNT(G42:M42)>2,9,7)) -> 10 | E42: 6 | F42: 1*22-222 | G42: 4.9 | H42: 6.6 | I42: 6.75 | J42: 8.3 | K42: 8.25 | L42: 8.05 | N42: =SUM(G42:M42) -> 42.85 | O42: =(N42/8.16)^4.5 -> 1742.5009 | P42: 8 | Q42: 10 | R42: 9 | S42: 9 | T42: 9 | U42: 9 | V42: 9 | W42: =IF(G42>P42,"Y",IF(H42>Q42,"Y",IF(I42>R42,"Y",IF(J42>S42,"Y",IF(K42>T42,"Y",IF(L42>U42,"Y",IF(M42>V42,"Y","N"))))))) -> N | X42: =IF(W42="Y",MAX((G42-P42),(H42-Q42),(I42-R42),(J42-S42),(K42-T42),(L42-U42),(M42-V42))/10,0) -> 0 | Y42: =IF(X42<5%,"0-4.9%",IF(X42<25%,"5-25%",IF(X42<50%,"25-50%","Over 50%"))) -> 0-4.9% | Z42: Metal/machinery
A43: 11 | B43: 0.52430556 | C43: UAG 982 T | D43: =IF(COUNT(G43:M43)>3,10,IF(COUNT(G43:M43)>2,9,7)) -> 10 | E43: 4 | F43: 1*222 | G43: 6.9 | H43: 10.1 | I43: 7.25 | J43: 2.6 | N43: =SUM(G43:M43) -> 26.85 | O43: =(N43/8.16)^4.5 -> 212.63933 | P43: 8 | Q43: 10 | R43: 9 | S43: 9 | T43: 9 | U43: 9 | V43: 9 | W43: =IF(G43>P43,"Y",IF(H43>Q43,"Y",IF(I43>R43,"Y",IF(J43>S43,"Y",IF(K43>T43,"Y",IF(L43>U43,"Y",IF(M43>V43,"Y","N"))))))) -> Y | X43: =IF(W43="Y",MAX((G43-P43),(H43-Q43),(I43-R43),(J43-S43),(K43-T43),(L43-U43),(M43-V43))/10,0) -> 0.01 | Y43: =IF(X43<5%,"0-4.9%",IF(X43<25%,"5-25%",IF(X43<50%,"25-50%","Over 50%"))) -> 0-4.9% | Z43: Household retail products
A44: 12 | B44: 0.52777778 | C44: KCT 248 R | D44: =IF(COUNT(G44:M44)>3,10,IF(COUNT(G44:M44)>2,9,7)) -> 10 | E44: 6 | F44: 1*22-222 | G44: 6.6 | H44: 5.25 | I44: 8.2 | J44: 7.05 | K44: 5.75 | L44: 6.85 | N44: =SUM(G44:M44) -> 39.7 | O44: =(N44/8.16)^4.5 -> 1235.8096 | P44: 8 | Q44: 10 | R44: 9 | S44: 9 | T44: 9 | U44: 9 | V44: 9 | W44: =IF(G44>P44,"Y",IF(H44>Q44,"Y",IF(I44>R44,"Y",IF(J44>S44,"Y",IF(K44>T44,"Y",IF(L44>U44,"Y",IF(M44>V44,"Y","N"))))))) -> N | X44: =IF(W44="Y",MAX((G44-P44),(H44-Q44),(I44-R44),(J44-S44),(K44-T44),(L44-U44),(M44-V44))/10,0) -> 0 | Y44: =IF(X44<5%,"0-4.9%",IF(X44<25%,"5-25%",IF(X44<50%,"25-50%","Over 50%"))) -> 0-4.9% | Z44: Construction Material
A45: 14 | B45: 0.54722222 | C45: KBU 781S | D45: =IF(COUNT(G45:M45)>3,10,IF(COUNT(G45:M45)>2,9,7)) -> 10 | E45: 6 | F45: 1*22-222 | G45: 5.75 | H45: 5.4 | I45: 5.5 | J45: 6.3 | K45: 7.2 | L45: 5.3 | N45: =SUM(G45:M45) -> 35.45 | O45: =(N45/8.16)^4.5 -> 742.45026 | P45: 8 | Q45: 10 | R45: 9 | S45: 9 | T45: 9 | U45: 9 | V45: 9 | W45: =IF(G45>P45,"Y",IF(H45>Q45,"Y",IF(I45>R45,"Y",IF(J45>S45,"Y",IF(K45>T45,"Y",IF(L45>U45,"Y",IF(M45>V45,"Y","N"))))))) -> N | X45: =IF(W45="Y",MAX((G45-P45),(H45-Q45),(I45-R45),(J45-S45),(K45-T45),(L45-U45),(M45-V45))/10,0) -> 0 | Y45: =IF(X45<5%,"0-4.9%",IF(X45<25%,"5-25%",IF(X45<50%,"25-50%","Over 50%"))) -> 0-4.9% | Z45: Others
A46: 16 | B46: 0.60416667 | C46: UAM 548 H | D46: =IF(COUNT(G46:M46)>3,10,IF(COUNT(G46:M46)>2,9,7)) -> 10 | E46: 4 | F46: 1*222 | G46: 6.85 | H46: 8.6 | I46: 9.6 | J46: 2.75 | N46: =SUM(G46:M46) -> 27.8 | O46: =(N46/8.16)^4.5 -> 248.65424 | P46: 8 | Q46: 10 | R46: 9 | S46: 9 | T46: 9 | U46: 9 | V46: 9 | W46: =IF(G46>P46,"Y",IF(H46>Q46,"Y",IF(I46>R46,"Y",IF(J46>S46,"Y",IF(K46>T46,"Y",IF(L46>U46,"Y",IF(M46>V46,"Y","N"))))))) -> Y | X46: =IF(W46="Y",MAX((G46-P46),(H46-Q46),(I46-R46),(J46-S46),(K46-T46),(L46-U46),(M46-V46))/10,0) -> 0.06 | Y46: =IF(X46<5%,"0-4.9%",IF(X46<25%,"5-25%",IF(X46<50%,"25-50%","Over 50%"))) -> 5-25% | Z46: Household retail products
A47: 17 | B47: 0.60625 | C47: UBE 620S | D47: =IF(COUNT(G47:M47)>3,10,IF(COUNT(G47:M47)>2,9,7)) -> 10 | E47: 4 | F47: 11*22 | G47: 6.55 | H47: 8 | I47: 9 | J47: 7.8 | N47: =SUM(G47:M47) -> 31.35 | O47: =(N47/8.16)^4.5 -> 427.03477 | P47: 8 | Q47: 10 | R47: 9 | S47: 9 | T47: 9 | U47: 9 | V47: 9 | W47: =IF(G47>P47,"Y",IF(H47>Q47,"Y",IF(I47>R47,"Y",IF(J47>S47,"Y",IF(K47>T47,"Y",IF(L47>U47,"Y",IF(M47>V47,"Y","N"))))))) -> N | X47: =IF(W47="Y",MAX((G47-P47),(H47-Q47),(I47-R47),(J47-S47),(K47-T47),(L47-U47),(M47-V47))/10,0) -> 0 | Y47: =IF(X47<5%,"0-4.9%",IF(X47<25%,"5-25%",IF(X47<50%,"25-50%","Over 50%"))) -> 0-4.9% | Z47: Construction Material
A48: 20 | B48: 0.64236111 | C48: KBV 876S | D48: =IF(COUNT(G48:M48)>3,10,IF(COUNT(G48:M48)>2,9,7)) -> 10 | E48: 6 | F48: 1*22-222 | G48: 6.6 | H48: 8.7 | I48: 7.4 | J48: 7.5 | K48: 7.6 | L48: 8.4 | N48: =SUM(G48:M48) -> 46.2 | O48: =(N48/8.16)^4.5 -> 2445.0243 | P48: 8 | Q48: 10 | R48: 9 | S48: 9 | T48: 9 | U48: 9 | V48: 9 | W48: =IF(G48>P48,"Y",IF(H48>Q48,"Y",IF(I48>R48,"Y",IF(J48>S48,"Y",IF(K48>T48,"Y",IF(L48>U48,"Y",IF(M48>V48,"Y","N"))))))) -> N | X48: =IF(W48="Y",MAX((G48-P48),(H48-Q48),(I48-R48),(J48-S48),(K48-T48),(L48-U48),(M48-V48))/10,0) -> 0 | Y48: =IF(X48<5%,"0-4.9%",IF(X48<25%,"5-25%",IF(X48<50%,"25-50%","Over 50%"))) -> 0-4.9% | Z48: Construction Material
A49: 21 | B49: 0.66875 | C49: UAK 990A | D49: =IF(COUNT(G49:M49)>3,10,IF(COUNT(G49:M49)>2,9,7)) -> 10 | E49: 7 | F49: 1*22+22*22 | G49: 7.1 | H49: 7.65 | I49: 6.4 | J49: 6.25 | K49: 8.3 | L49: 5.9 | M49: 5.65 | N49: =SUM(G49:M49) -> 47.25 | O49: =(N49/8.16)^4.5 -> 2705.2191 | P49: 8 | Q49: 10 | R49: 9 | S49: 9 | T49: 9 | U49: 9 | V49: 9 | W49: =IF(G49>P49,"Y",IF(H49>Q49,"Y",IF(I49>R49,"Y",IF(J49>S49,"Y",IF(K49>T49,"Y",IF(L49>U49,"Y",IF(M49>V49,"Y","N"))))))) -> N | X49: =IF(W49="Y",MAX((G49-P49),(H49-Q49),(I49-R49),(J49-S49),(K49-T49),(L49-U49),(M49-V49))/10,0) -> 0 | Y49: =IF(X49<5%,"0-4.9%",IF(X49<25%,"5-25%",IF(X49<50%,"25-50%","Over 50%"))) -> 0-4.9% | Z49: Fuels
A50: 22 | B50: 0.67361111 | C50: UAE 744R | D50: =IF(COUNT(G50:M50)>3,10,IF(COUNT(G50:M50)>2,9,7)) -> 10 | E50: 6 | F50: 1*22-222 | G50: 6.1 | H50: 7.35 | I50: 6.9 | J50: 6.55 | K50: 7.15 | L50: 9.1 | N50: =SUM(G50:M50) -> 43.15 | O50: =(N50/8.16)^4.5 -> 1798.0753 | P50: 8 | Q50: 10 | R50: 9 | S50: 9 | T50: 9 | U50: 9 | V50: 9 | W50: =IF(G50>P50,"Y",IF(H50>Q50,"Y",IF(I50>R50,"Y",IF(J50>S50,"Y",IF(K50>T50,"Y",IF(L50>U50,"Y",IF(M50>V50,"Y","N"))))))) -> Y | X50: =IF(W50="Y",MAX((G50-P50),(H50-Q50),(I50-R50),(J50-S50),(K50-T50),(L50-U50),(M50-V50))/10,0) -> 0.01 | Y50: =IF(X50<5%,"0-4.9%",IF(X50<25%,"5-25%",IF(X50<50%,"25-50%","Over 50%"))) -> 0-4.9% | Z50: Agricultural produce
A51: 23 | B51: 0.72916667 | C51: UAD 925D | D51: =IF(COUNT(G51:M51)>3,10,IF(COUNT(G51:M51)>2,9,7)) -> 10 | E51: 6 | F51: 1*22-222 | G51: 5.2 | H51: 4.95 | I51: 3.45 | J51: 4.05 | K51: 4 | L51: 4.9 | N51: =SUM(G51:M51) -> 26.55 | O51: =(N51/8.16)^4.5 -> 202.15508 | P51: 8 | Q51: 10 | R51: 9 | S51: 9 | T51: 9 | U51: 9 | V51: 9 | W51: =IF(G51>P51,"Y",IF(H51>Q51,"Y",IF(I51>R51,"Y",IF(J51>S51,"Y",IF(K51>T51,"Y",IF(L51>U51,"Y",IF(M51>V51,"Y","N"))))))) -> N | X51: =IF(W51="Y",MAX((G51-P51),(H51-Q51),(I51-R51),(J51-S51),(K51-T51),(L51-U51),(M51-V51))/10,0) -> 0 | Y51: =IF(X51<5%,"0-4.9%",IF(X51<25%,"5-25%",IF(X51<50%,"25-50%","Over 50%"))) -> 0-4.9% | Z51: Others
A52: 24 | B52: 0.75 | C52: UAR 067R | D52: =IF(COUNT(G52:M52)>3,10,IF(COUNT(G52:M52)>2,9,7)) -> 10 | E52: 6 | F52: 1*22-222 | G52: 6.1 | H52: 4.9 | I52: 7.4 | J52: 5.3 | K52: 7 | L52: 7.5 | N52: =SUM(G52:M52) -> 38.2 | O52: =(N52/8.16)^4.5 -> 1039.1528 | P52: 8 | Q52: 10 | R52: 9 | S52: 9 | T52: 9 | U52: 9 | V52: 9 | W52: =IF(G52>P52,"Y",IF(H52>Q52,"Y",IF(I52>R52,"Y",IF(J52>S52,"Y",IF(K52>T52,"Y",IF(L52>U52,"Y",IF(M52>V52,"Y","N"))))))) -> N | X52: =IF(W52="Y",MAX((G52-P52),(H52-Q52),(I52-R52),(J52-S52),(K52-T52),(L52-U52),(M52-V52))/10,0) -> 0 | Y52: =IF(X52<5%,"0-4.9%",IF(X52<25%,"5-25%",IF(X52<50%,"25-50%","Over 50%"))) -> 0-4.9% | Z52: Construction Material
A53: 1 | B53: 0.34027778 | C53: UAW 025N | D53: =IF(COUNT(G53:M53)>3,10,IF(COUNT(G53:M53)>2,9,7)) -> 10 | E53: 7 | F53: 1*22+22*22 | G53: 5.95 | H53: 12.25 | I53: 5 | J53: 8.35 | K53: 6.15 | L53: 8.5 | M53: 7.35 | N53: =SUM(G53:M53) -> 53.55 | O53: =(N53/8.16)^4.5 -> 4751.2942 | P53: 8 | Q53: 10 | R53: 9 | S53: 9 | T53: 9 | U53: 9 | V53: 9 | W53: =IF(G53>P53,"Y",IF(H53>Q53,"Y",IF(I53>R53,"Y",IF(J53>S53,"Y",IF(K53>T53,"Y",IF(L53>U53,"Y",IF(M53>V53,"Y","N"))))))) -> Y | X53: =IF(W53="Y",MAX((G53-P53),(H53-Q53),(I53-R53),(J53-S53),(K53-T53),(L53-U53),(M53-V53))/10,0) -> 0.225 | Y53: =IF(X53<5%,"0-4.9%",IF(X53<25%,"5-25%",IF(X53<50%,"25-50%","Over 50%"))) -> 5-25% | Z53: Fuels
A54: 2 | B54: 0.34583333 | C54: KCC 578M | D54: =IF(COUNT(G54:M54)>3,10,IF(COUNT(G54:M54)>2,9,7)) -> 10 | E54: 6 | F54: 1*22-222 | G54: 6.8 | H54: 8.8 | I54: 7.5 | J54: 8.4 | K54: 8.2 | L54: 6.8 | N54: =SUM(G54:M54) -> 46.5 | O54: =(N54/8.16)^4.5 -> 2517.2861 | P54: 8 | Q54: 10 | R54: 9 | S54: 9 | T54: 9 | U54: 9 | V54: 9 | W54: =IF(G54>P54,"Y",IF(H54>Q54,"Y",IF(I54>R54,"Y",IF(J54>S54,"Y",IF(K54>T54,"Y",IF(L54>U54,"Y",IF(M54>V54,"Y","N"))))))) -> N | X54: =IF(W54="Y",MAX((G54-P54),(H54-Q54),(I54-R54),(J54-S54),(K54-T54),(L54-U54),(M54-V54))/10,0) -> 0 | Y54: =IF(X54<5%,"0-4.9%",IF(X54<25%,"5-25%",IF(X54<50%,"25-50%","Over 50%"))) -> 0-4.9% | Z54: Construction Material
A55: 4 | B55: 0.37569444 | C55: KCL 960B | D55: =IF(COUNT(G55:M55)>3,10,IF(COUNT(G55:M55)>2,9,7)) -> 10 | E55: 6 | F55: 1*22-222 | G55: 6.6 | H55: 6.7 | I55: 6.1 | J55: 7 | K55: 6.8 | L55: 8 | N55: =SUM(G55:M55) -> 41.2 | O55: =(N55/8.16)^4.5 -> 1460.2653 | P55: 8 | Q55: 10 | R55: 9 | S55: 9 | T55: 9 | U55: 9 | V55: 9 | W55: =IF(G55>P55,"Y",IF(H55>Q55,"Y",IF(I55>R55,"Y",IF(J55>S55,"Y",IF(K55>T55,"Y",IF(L55>U55,"Y",IF(M55>V55,"Y","N"))))))) -> N | X55: =IF(W55="Y",MAX((G55-P55),(H55-Q55),(I55-R55),(J55-S55),(K55-T55),(L55-U55),(M55-V55))/10,0) -> 0 | Y55: =IF(X55<5%,"0-4.9%",IF(X55<25%,"5-25%",IF(X55<50%,"25-50%","Over 50%"))) -> 0-4.9% | Z55: Construction Material
A56: 6 | B56: 0.39583333 | C56: KCP 784T | D56: =IF(COUNT(G56:M56)>3,10,IF(COUNT(G56:M56)>2,9,7)) -> 10 | E56: 6 | F56: 1*22-222 | G56: 5.2 | H56: 2.9 | I56: 4.8 | J56: 5 | K56: 4.5 | L56: 4.5 | N56: =SUM(G56:M56) -> 26.9 | O56: =(N56/8.16)^4.5 -> 214.42704 | P56: 8 | Q56: 10 | R56: 9 | S56: 9 | T56: 9 | U56: 9 | V56: 9 | W56: =IF(G56>P56,"Y",IF(H56>Q56,"Y",IF(I56>R56,"Y",IF(J56>S56,"Y",IF(K56>T56,"Y",IF(L56>U56,"Y",IF(M56>V56,"Y","N"))))))) -> N | X56: =IF(W56="Y",MAX((G56-P56),(H56-Q56),(I56-R56),(J56-S56),(K56-T56),(L56-U56),(M56-V56))/10,0) -> 0 | Y56: =IF(X56<5%,"0-4.9%",IF(X56<25%,"5-25%",IF(X56<50%,"25-50%","Over 50%"))) -> 0-4.9% | Z56: Metal/machinery
A57: 7 | B57: 0.43055556 | C57: UAD 400J | D57: =IF(COUNT(G57:M57)>3,10,IF(COUNT(G57:M57)>2,9,7)) -> 10 | E57: 6 | F57: 1*22-222 | G57: 5.4 | H57: 6.95 | I57: 8.45 | J57: 8.15 | K57: 8.1 | L57: 8.1 | N57: =SUM(G57:M57) -> 45.15 | O57: =(N57/8.16)^4.5 -> 2204.7238 | P57: 8 | Q57: 10 | R57: 9 | S57: 9 | T57: 9 | U57: 9 | V57: 9 | W57: =IF(G57>P57,"Y",IF(H57>Q57,"Y",IF(I57>R57,"Y",IF(J57>S57,"Y",IF(K57>T57,"Y",IF(L57>U57,"Y",IF(M57>V57,"Y","N"))))))) -> N | X57: =IF(W57="Y",MAX((G57-P57),(H57-Q57),(I57-R57),(J57-S57),(K57-T57),(L57-U57),(M57-V57))/10,0) -> 0 | Y57: =IF(X57<5%,"0-4.9%",IF(X57<25%,"5-25%",IF(X57<50%,"25-50%","Over 50%"))) -> 0-4.9% | Z57: Agricultural produce
A58: 9 | B58: 0.44722222 | C58: KBR 933V | D58: =IF(COUNT(G58:M58)>3,10,IF(COUNT(G58:M58)>2,9,7)) -> 10 | E58: 6 | F58: 1*22-222 | G58: 5.25 | H58: 4.05 | I58: 6.6 | J58: 6.45 | K58: 5.65 | L58: 6.1 | N58: =SUM(G58:M58) -> 34.1 | O58: =(N58/8.16)^4.5 -> 623.43186 | P58: 8 | Q58: 10 | R58: 9 | S58: 9 | T58: 9 | U58: 9 | V58: 9 | W58: =IF(G58>P58,"Y",IF(H58>Q58,"Y",IF(I58>R58,"Y",IF(J58>S58,"Y",IF(K58>T58,"Y",IF(L58>U58,"Y",IF(M58>V58,"Y","N"))))))) -> N | X58: =IF(W58="Y",MAX((G58-P58),(H58-Q58),(I58-R58),(J58-S58),(K58-T58),(L58-U58),(M58-V58))/10,0) -> 0 | Y58: =IF(X58<5%,"0-4.9%",IF(X58<25%,"5-25%",IF(X58<50%,"25-50%","Over 50%"))) -> 0-4.9% | Z58: Household retail products
A59: 11 | B59: 0.50763889 | C59: KBU 739W | D59: =IF(COUNT(G59:M59)>3,10,IF(COUNT(G59:M59)>2,9,7)) -> 10 | E59: 6 | F59: 1*22-222 | G59: 5.5 | H59: 6.95 | I59: 7.15 | J59: 7.8 | K59: 6.7 | L59: 8.3 | N59: =SUM(G59:M59) -> 42.4 | O59: =(N59/8.16)^4.5 -> 1661.6542 | P59: 8 | Q59: 10 | R59: 9 | S59: 9 | T59: 9 | U59: 9 | V59: 9 | W59: =IF(G59>P59,"Y",IF(H59>Q59,"Y",IF(I59>R59,"Y",IF(J59>S59,"Y",IF(K59>T59,"Y",IF(L59>U59,"Y",IF(M59>V59,"Y","N"))))))) -> N | X59: =IF(W59="Y",MAX((G59-P59),(H59-Q59),(I59-R59),(J59-S59),(K59-T59),(L59-U59),(M59-V59))/10,0) -> 0 | Y59: =IF(X59<5%,"0-4.9%",IF(X59<25%,"5-25%",IF(X59<50%,"25-50%","Over 50%"))) -> 0-4.9% | Z59: Others
A60: 12 | B60: 0.51388889 | C60: KCU 353G | D60: =IF(COUNT(G60:M60)>3,10,IF(COUNT(G60:M60)>2,9,7)) -> 10 | E60: 6 | F60: 1*22-222 | G60: 6.05 | H60: 6.25 | I60: 6.75 | J60: 7.5 | K60: 7.85 | L60: 7.55 | N60: =SUM(G60:M60) -> 41.95 | O60: =(N60/8.16)^4.5 -> 1583.7555 | P60: 8 | Q60: 10 | R60: 9 | S60: 9 | T60: 9 | U60: 9 | V60: 9 | W60: =IF(G60>P60,"Y",IF(H60>Q60,"Y",IF(I60>R60,"Y",IF(J60>S60,"Y",IF(K60>T60,"Y",IF(L60>U60,"Y",IF(M60>V60,"Y","N"))))))) -> N | X60: =IF(W60="Y",MAX((G60-P60),(H60-Q60),(I60-R60),(J60-S60),(K60-T60),(L60-U60),(M60-V60))/10,0) -> 0 | Y60: =IF(X60<5%,"0-4.9%",IF(X60<25%,"5-25%",IF(X60<50%,"25-50%","Over 50%"))) -> 0-4.9% | Z60: Metal/machinery
A61: 19 | B61: 0.61111111 | C61: KCH 040P | D61: =IF(COUNT(G61:M61)>3,10,IF(COUNT(G61:M61)>2,9,7)) -> 10 | E61: 6 | F61: 1*22-222 | G61: 4.3 | H61: 4.95 | I61: 6.6 | J61: 6 | K61: 6.2 | L61: 7.2 | N61: =SUM(G61:M61) -> 35.25 | O61: =(N61/8.16)^4.5 -> 723.78626 | P61: 8 | Q61: 10 | R61: 9 | S61: 9 | T61: 9 | U61: 9 | V61: 9 | W61: =IF(G61>P61,"Y",IF(H61>Q61,"Y",IF(I61>R61,"Y",IF(J61>S61,"Y",IF(K61>T61,"Y",IF(L61>U61,"Y",IF(M61>V61,"Y","N"))))))) -> N | X61: =IF(W61="Y",MAX((G61-P61),(H61-Q61),(I61-R61),(J61-S61),(K61-T61),(L61-U61),(M61-V61))/10,0) -> 0 | Y61: =IF(X61<5%,"0-4.9%",IF(X61<25%,"5-25%",IF(X61<50%,"25-50%","Over 50%"))) -> 0-4.9% | Z61: Others
A62: 21 | B62: 0.6375 | C62: UAS 962 U | D62: =IF(COUNT(G62:M62)>3,10,IF(COUNT(G62:M62)>2,9,7)) -> 10 | E62: 6 | F62: 1*22-222 | G62: 5.3 | H62: 6.8 | I62: 6.5 | J62: 7.4 | K62: 7.5 | L62: 8.1 | N62: =SUM(G62:M62) -> 41.6 | O62: =(N62/8.16)^4.5 -> 1525.156 | P62: 8 | Q62: 10 | R62: 9 | S62: 9 | T62: 9 | U62: 9 | V62: 9 | W62: =IF(G62>P62,"Y",IF(H62>Q62,"Y",IF(I62>R62,"Y",IF(J62>S62,"Y",IF(K62>T62,"Y",IF(L62>U62,"Y",IF(M62>V62,"Y","N"))))))) -> N | X62: =IF(W62="Y",MAX((G62-P62),(H62-Q62),(I62-R62),(J62-S62),(K62-T62),(L62-U62),(M62-V62))/10,0) -> 0 | Y62: =IF(X62<5%,"0-4.9%",IF(X62<25%,"5-25%",IF(X62<50%,"25-50%","Over 50%"))) -> 0-4.9% | Z62: Fuels
A63: 22 | B63: 0.63541667 | C63: UBA 967D | D63: =IF(COUNT(G63:M63)>3,10,IF(COUNT(G63:M63)>2,9,7)) -> 10 | E63: 6 | F63: 1*22-222 | G63: 5 | H63: 5.1 | I63: 6.3 | J63: 7.4 | K63: 6.7 | L63: 8 | N63: =SUM(G63:M63) -> 38.5 | O63: =(N63/8.16)^4.5 -> 1076.3848 | P63: 8 | Q63: 10 | R63: 9 | S63: 9 | T63: 9 | U63: 9 | V63: 9 | W63: =IF(G63>P63,"Y",IF(H63>Q63,"Y",IF(I63>R63,"Y",IF(J63>S63,"Y",IF(K63>T63,"Y",IF(L63>U63,"Y",IF(M63>V63,"Y","N"))))))) -> N | X63: =IF(W63="Y",MAX((G63-P63),(H63-Q63),(I63-R63),(J63-S63),(K63-T63),(L63-U63),(M63-V63))/10,0) -> 0 | Y63: =IF(X63<5%,"0-4.9%",IF(X63<25%,"5-25%",IF(X63<50%,"25-50%","Over 50%"))) -> 0-4.9% | Z63: Agricultural produce
A64: 23 | B64: 0.66666667 | C64: UBA 473L | D64: =IF(COUNT(G64:M64)>3,10,IF(COUNT(G64:M64)>2,9,7)) -> 10 | E64: 6 | F64: 1*22-222 | G64: 6.5 | H64: 6.1 | I64: 5.6 | J64: 5.65 | K64: 7.9 | L64: 9.55 | N64: =SUM(G64:M64) -> 41.3 | O64: =(N64/8.16)^4.5 -> 1476.2827 | P64: 8 | Q64: 10 | R64: 9 | S64: 9 | T64: 9 | U64: 9 | V64: 9 | W64: =IF(G64>P64,"Y",IF(H64>Q64,"Y",IF(I64>R64,"Y",IF(J64>S64,"Y",IF(K64>T64,"Y",IF(L64>U64,"Y",IF(M64>V64,"Y","N"))))))) -> Y | X64: =IF(W64="Y",MAX((G64-P64),(H64-Q64),(I64-R64),(J64-S64),(K64-T64),(L64-U64),(M64-V64))/10,0) -> 0.055 | Y64: =IF(X64<5%,"0-4.9%",IF(X64<25%,"5-25%",IF(X64<50%,"25-50%","Over 50%"))) -> 5-25% | Z64: Household retail products
A65: 1 | B65: 0.38055556 | C65: KCS 027G | D65: =IF(COUNT(G65:M65)>3,10,IF(COUNT(G65:M65)>2,9,7)) -> 10 | E65: 6 | F65: 1*22-111 | G65: 5.3 | H65: 5.2 | I65: 9.1 | J65: 6.1 | K65: 7.3 | L65: 8 | N65: =SUM(G65:M65) -> 41 | O65: =(N65/8.16)^4.5 -> 1428.6362 | P65: 8 | Q65: 10 | R65: 9 | S65: 9 | T65: 9 | U65: 9 | V65: 9 | W65: =IF(G65>P65,"Y",IF(H65>Q65,"Y",IF(I65>R65,"Y",IF(J65>S65,"Y",IF(K65>T65,"Y",IF(L65>U65,"Y",IF(M65>V65,"Y","N"))))))) -> Y | X65: =IF(W65="Y",MAX((G65-P65),(H65-Q65),(I65-R65),(J65-S65),(K65-T65),(L65-U65),(M65-V65))/10,0) -> 0.01 | Y65: =IF(X65<5%,"0-4.9%",IF(X65<25%,"5-25%",IF(X65<50%,"25-50%","Over 50%"))) -> 0-4.9% | Z65: Fuels
... A72: 13 | B72: 0.50069444 | C72: KCM 709S | D72: =IF(COUNT(G72:M72)>3,10,IF(COUNT(G72:M72)>2,9,7)) -> 10 | E72: 6 | F72: 1*22-222 | G72: 6.2 | H72: 2.8 | I72: 12 | J72: 6.6 | K72: 9 | L72: 9 | N72: =SUM(G72:M72) -> 45.6 | O72: =(N72/8.16)^4.5 -> 2305.3458 | P72: 8 | Q72: 10 | R72: 9 | S72: 9 | T72: 9 | U72: 9 | V72: 9 | W72: =IF(G72>P72,"Y",IF(H72>Q72,"Y",IF(I72>R72,"Y",IF(J72>S72,"Y",IF(K72>T72,"Y",IF(L72>U72,"Y",IF(M72>V72,"Y","N"))))))) -> Y | X72: =IF(W72="Y",MAX((G72-P72),(H72-Q72),(I72-R72),(J72-S72),(K72-T72),(L72-U72),(M72-V72))/10,0) -> 0.3 | Y72: =IF(X72<5%,"0-4.9%",IF(X72<25%,"5-25%",IF(X72<50%,"25-50%","Over 50%"))) -> 25-50% | Z72: Household retail products
A73: 15 | B73: 0.51736111 | C73: UBE 081D | D73: =IF(COUNT(G73:M73)>3,10,IF(COUNT(G73:M73)>2,9,7)) -> 10 | E73: 4 | F73: 11*22 | G73: 6.25 | H73: 2.35 | I73: 10.2 | J73: 8.3 | N73: =SUM(G73:M73) -> 27.1 | O73: =(N73/8.16)^4.5 -> 221.6951 | P73: 8 | Q73: 10 | R73: 9 | S73: 9 | T73: 9 | U73: 9 | V73: 9 | W73: =IF(G73>P73,"Y",IF(H73>Q73,"Y",IF(I73>R73,"Y",IF(J73>S73,"Y",IF(K73>T73,"Y",IF(L73>U73,"Y",IF(M73>V73,"Y","N"))))))) -> Y | X73: =IF(W73="Y",MAX((G73-P73),(H73-Q73),(I73-R73),(J73-S73),(K73-T73),(L73-U73),(M73-V73))/10,0) -> 0.12 | Y73: =IF(X73<5%,"0-4.9%",IF(X73<25%,"5-25%",IF(X73<50%,"25-50%","Over 50%"))) -> 5-25% | Z73: Household retail products
A74: 16 | B74: 0.5375 | C74: UAF 433J | D74: =IF(COUNT(G74:M74)>3,10,IF(COUNT(G74:M74)>2,9,7)) -> 10 | E74: 5 | F74: 1*11-22 | G74: 6.6 | H74: 10.45 | I74: 7.1 | J74: 6.95 | K74: 7.7 | N74: =SUM(G74:M74) -> 38.8 | O74: =(N74/8.16)^4.5 -> 1114.6462 | P74: 8 | Q74: 10 | R74: 9 | S74: 9 | T74: 9 | U74: 9 | V74: 9 | W74: =IF(G74>P74,"Y",IF(H74>Q74,"Y",IF(I74>R74,"Y",IF(J74>S74,"Y",IF(K74>T74,"Y",IF(L74>U74,"Y",IF(M74>V74,"Y","N"))))))) -> Y | X74: =IF(W74="Y",MAX((G74-P74),(H74-Q74),(I74-R74),(J74-S74),(K74-T74),(L74-U74),(M74-V74))/10,0) -> 0.045 | Y74: =IF(X74<5%,"0-4.9%",IF(X74<25%,"5-25%",IF(X74<50%,"25-50%","Over 50%"))) -> 0-4.9% | Z74: Construction Material
A75: 17 | B75: 0.54305556 | C75: UAT 861N | D75: =IF(COUNT(G75:M75)>3,10,IF(COUNT(G75:M75)>2,9,7)) -> 10 | E75: 6 | F75: 1*22-222 | G75: 6 | H75: 2.5 | I75: 8 | J75: 8.4 | K75: 8 | L75: 8.2 | N75: =SUM(G75:M75) -> 41.1 | O75: =(N75/8.16)^4.5 -> 1444.3834 | P75: 8 | Q75: 10 | R75: 9 | S75: 9 | T75: 9 | U75: 9 | V75: 9 | W75: =IF(G75>P75,"Y",IF(H75>Q75,"Y",IF(I75>R75,"Y",IF(J75>S75,"Y",IF(K75>T75,"Y",IF(L75>U75,"Y",IF(M75>V75,"Y","N"))))))) -> N | X75: =IF(W75="Y",MAX((G75-P75),(H75-Q75),(I75-R75),(J75-S75),(K75-T75),(L75-U75),(M75-V75))/10,0) -> 0 | Y75: =IF(X75<5%,"0-4.9%",IF(X75<25%,"5-25%",IF(X75<50%,"25-50%","Over 50%"))) -> 0-4.9% | Z75: Construction Material
A76: 18 | B76: 0.54861111 | C76: KCM 864T | D76: =IF(COUNT(G76:M76)>3,10,IF(COUNT(G76:M76)>2,9,7)) -> 10 | E76: 6 | F76: 1*22-222 | G76: 6.55 | H76: 8.3 | I76: 9.6 | J76: 7.6 | K76: 7.4 | L76: 6.2 | N76: =SUM(G76:M76) -> 45.65 | O76: =(N76/8.16)^4.5 -> 2316.7427 | P76: 8 | Q76: 10 | R76: 9 | S76: 9 | T76: 9 | U76: 9 | V76: 9 | W76: =IF(G76>P76,"Y",IF(H76>Q76,"Y",IF(I76>R76,"Y",IF(J76>S76,"Y",IF(K76>T76,"Y",IF(L76>U76,"Y",IF(M76>V76,"Y","N"))))))) -> Y | X76: =IF(W76="Y",MAX((G76-P76),(H76-Q76),(I76-R76),(J76-S76),(K76-T76),(L76-U76),(M76-V76))/10,0) -> 0.06 | Y76: =IF(X76<5%,"0-4.9%",IF(X76<25%,"5-25%",IF(X76<50%,"25-50%","Over 50%"))) -> 5-25% | Z76: Agricultural produce
A77: 19 | B77: 0.56597222 | C77: UAY 645M | D77: =IF(COUNT(G77:M77)>3,10,IF(COUNT(G77:M77)>2,9,7)) -> 10 | E77: 6 | F77: 1*22-222 | G77: 5.7 | H77: 11 | I77: 4.5 | J77: 7.4 | K77: 8.4 | L77: 8.2 | N77: =SUM(G77:M77) -> 45.2 | O77: =(N77/8.16)^4.5 -> 2215.7321 | P77: 8 | Q77: 10 | R77: 9 | S77: 9 | T77: 9 | U77: 9 | V77: 9 | W77: =IF(G77>P77,"Y",IF(H77>Q77,"Y",IF(I77>R77,"Y",IF(J77>S77,"Y",IF(K77>T77,"Y",IF(L77>U77,"Y",IF(M77>V77,"Y","N"))))))) -> Y | X77: =IF(W77="Y",MAX((G77-P77),(H77-Q77),(I77-R77),(J77-S77),(K77-T77),(L77-U77),(M77-V77))/10,0) -> 0.1 | Y77: =IF(X77<5%,"0-4.9%",IF(X77<25%,"5-25%",IF(X77<50%,"25-50%","Over 50%"))) -> 5-25% | Z77: Construction Material
A78: 20 | B78: 0.59305556 | C78: UAU 183L | D78: =IF(COUNT(G78:M78)>3,10,IF(COUNT(G78:M78)>2,9,7)) -> 10 | E78: 6 | F78: 1*22-222 | G78: 5.9 | H78: 9.3 | I78: 8.8 | J78: 3.4 | K78: 3.6 | L78: 3.6 | N78: =SUM(G78:M78) -> 34.6 | O78: =(N78/8.16)^4.5 -> 665.63589 | P78: 8 | Q78: 10 | R78: 9 | S78: 9 | T78: 9 | U78: 9 | V78: 9 | W78: =IF(G78>P78,"Y",IF(H78>Q78,"Y",IF(I78>R78,"Y",IF(J78>S78,"Y",IF(K78>T78,"Y",IF(L78>U78,"Y",IF(M78>V78,"Y","N"))))))) -> N | X78: =IF(W78="Y",MAX((G78-P78),(H78-Q78),(I78-R78),(J78-S78),(K78-T78),(L78-U78),(M78-V78))/10,0) -> 0 | Y78: =IF(X78<5%,"0-4.9%",IF(X78<25%,"5-25%",IF(X78<50%,"25-50%","Over 50%"))) -> 0-4.9% | Z78: Fuels
A79: 21 | B79: 0.59583333 | C79: UAL 914W | D79: =IF(COUNT(G79:M79)>3,10,IF(COUNT(G79:M79)>2,9,7)) -> 10 | E79: 6 | F79: 1*22-222 | G79: 7.4 | H79: 2.4 | I79: 12.1 | J79: 10.1 | K79: 8 | L79: 7.9 | N79: =SUM(G79:M79) -> 47.9 | O79: =(N79/8.16)^4.5 -> 2876.7631 | P79: 8 | Q79: 10 | R79: 9 | S79: 9 | T79: 9 | U79: 9 | V79: 9 | W79: =IF(G79>P79,"Y",IF(H79>Q79,"Y",IF(I79>R79,"Y",IF(J79>S79,"Y",IF(K79>T79,"Y",IF(L79>U79,"Y",IF(M79>V79,"Y","N"))))))) -> Y | X79: =IF(W79="Y",MAX((G79-P79),(H79-Q79),(I79-R79),(J79-S79),(K79-T79),(L79-U79),(M79-V79))/10,0) -> 0.31 | Y79: =IF(X79<5%,"0-4.9%",IF(X79<25%,"5-25%",IF(X79<50%,"25-50%","Over 50%"))) -> 25-50% | Z79: Construction Material
A80: 22 | B80: 0.60555556 | C80: UAZ 408W | D80: =IF(COUNT(G80:M80)>3,10,IF(COUNT(G80:M80)>2,9,7)) -> 10 | E80: 6 | F80: 1*12-111 | G80: 4.65 | H80: 8.55 | I80: 6.35 | J80: 6.4 | K80: 6.7 | L80: 9.4 | N80: =SUM(G80:M80) -> 42.05 | O80: =(N80/8.16)^4.5 -> 1600.8155 | P80: 8 | Q80: 10 | R80: 9 | S80: 9 | T80: 9 | U80: 9 | V80: 9 | W80: =IF(G80>P80,"Y",IF(H80>Q80,"Y",IF(I80>R80,"Y",IF(J80>S80,"Y",IF(K80>T80,"Y",IF(L80>U80,"Y",IF(M80>V80,"Y","N"))))))) -> Y | X80: =IF(W80="Y",MAX((G80-P80),(H80-Q80),(I80-R80),(J80-S80),(K80-T80),(L80-U80),(M80-V80))/10,0) -> 0.04 | Y80: =IF(X80<5%,"0-4.9%",IF(X80<25%,"5-25%",IF(X80<50%,"25-50%","Over 50%"))) -> 0-4.9% | Z80: Household retail products
A81: 23 | B81: 0.61805556 | C81: KBT 223B | D81: =IF(COUNT(G81:M81)>3,10,IF(COUNT(G81:M81)>2,9,7)) -> 10 | E81: 6 | F81: 1*22-222 | G81: 4 | H81: 3.4 | I81: 7.2 | J81: 4.3 | K81: 4.2 | L81: 3 | N81: =SUM(G81:M81) -> 26.1 | O81: =(N81/8.16)^4.5 -> 187.18738 | P81: 8 | Q81: 10 | R81: 9 | S81: 9 | T81: 9 | U81: 9 | V81: 9 | W81: =IF(G81>P81,"Y",IF(H81>Q81,"Y",IF(I81>R81,"Y",IF(J81>S81,"Y",IF(K81>T81,"Y",IF(L81>U81,"Y",IF(M81>V81,"Y","N"))))))) -> N | X81: =IF(W81="Y",MAX((G81-P81),(H81-Q81),(I81-R81),(J81-S81),(K81-T81),(L81-U81),(M81-V81))/10,0) -> 0 | Y81: =IF(X81<5%,"0-4.9%",IF(X81<25%,"5-25%",IF(X81<50%,"25-50%","Over 50%"))) -> 0-4.9% | Z81: Fuels

Sheet Graphs
B1: AXLE LOAD DATA ANALYSIS (KAMPALA - JINJA HIGHWAY)
A3: Vehicle Categories | L3: Load Description
B4: Truck Type | C4: Kampala-Jinja | D4: Jinja-Kampala | E4: Both Directions | L4: Category | M4: Kampala-Jinja | N4: Jinja-Kampala
A5: 7 | B5: Light/Medium Trucks | C5: =COUNTIF('Kla-Jinja'!$D$7:$D$500,A5) -> 148 | D5: =COUNTIF('Jinja-Kla'!$D$7:$D$500,A5) -> 17 | E5: =SUM(C5:D5) -> 165 | L5: Agricultural produce | M5: =COUNTIF('Kla-Jinja'!$Z$7:$Z$500,L5)/$M$16 -> 0.094562648 | N5: =COUNTIF('Jinja-Kla'!$Z$7:$Z$187,L5)/$N$16 -> 0.28
A6: 9 | B6: Heavy Trucks | C6: =COUNTIF('Kla-Jinja'!$D$7:$D$500,A6) -> 59 | D6: =COUNTIF('Jinja-Kla'!$D$7:$D$500,A6) -> 13 | E6: =SUM(C6:D6) -> 72 | L6: Perishable | M6: =COUNTIF('Kla-Jinja'!$Z$7:$Z$500,L6)/$M$16 -> 0.0047281324 | N6: =COUNTIF('Jinja-Kla'!$Z$7:$Z$187,L6)/$N$16 -> 0
A7: 10 | B7: Truck/Trailer | C7: =COUNTIF('Kla-Jinja'!$D$7:$D$500,A7) -> 216 | D7: =COUNTIF('Jinja-Kla'!$D$7:$D$500,A7) -> 45 | E7: =SUM(C7:D7) -> 261 | L7: Construction Material | M7: =COUNTIF('Kla-Jinja'!$Z$7:$Z$500,L7)/$M$16 -> 0.089834515 | N7: =COUNTIF('Jinja-Kla'!$Z$7:$Z$187,L7)/$N$16 -> 0.16
B8: Totals | C8: =SUM(C5:C7) -> 423 | D8: =SUM(D5:D7) -> 75 | E8: =SUM(E5:E7) -> 498 | L8: Metal/machinery | M8: =COUNTIF('Kla-Jinja'!$Z$7:$Z$500,L8)/$M$16 -> 0.037825059 | N8: =COUNTIF('Jinja-Kla'!$Z$7:$Z$187,L8)/$N$16 -> 0.04
L9: Forestry products | M9: =COUNTIF('Kla-Jinja'!$Z$7:$Z$500,L9)/$M$16 -> 0.0070921986 | N9: =COUNTIF('Jinja-Kla'!$Z$7:$Z$187,L9)/$N$16 -> 0
L10: Fuels | M10: =COUNTIF('Kla-Jinja'!$Z$7:$Z$500,L10)/$M$16 -> 0.12765957 | N10: =COUNTIF('Jinja-Kla'!$Z$7:$Z$187,L10)/$N$16 -> 0.16
L11: Chemical Products | M11: =COUNTIF('Kla-Jinja'!$Z$7:$Z$500,L11)/$M$16 -> 0.0047281324 | N11: =COUNTIF('Jinja-Kla'!$Z$7:$Z$187,L11)/$N$16 -> 0.013333333
L12: Livestock | M12: =COUNTIF('Kla-Jinja'!$Z$7:$Z$500,L12)/$M$16 -> 0 | N12: =COUNTIF('Jinja-Kla'!$Z$7:$Z$187,L12)/$N$16 -> 0
L13: Household retail products | M13: =COUNTIF('Kla-Jinja'!$Z$7:$Z$500,L13)/$M$16 -> 0.18676123 | N13: =COUNTIF('Jinja-Kla'!$Z$7:$Z$187,L13)/$N$16 -> 0.24
L14: Empty | M14: =COUNTIF('Kla-Jinja'!$Z$7:$Z$500,L14)/$M$16 -> 0.29550827 | N14: =COUNTIF('Jinja-Kla'!$Z$7:$Z$187,L14)/$N$16 -> 0
L15: Others | M15: =COUNTIF('Kla-Jinja'!$Z$7:$Z$500,L15)/$M$16 -> 0.15130024 | N15: =COUNTIF('Jinja-Kla'!$Z$7:$Z$187,L15)/$N$16 -> 0.10666667
L16: Total | M16: =C8 -> 423 | N16: =D8 -> 75
A27: Average Total Loading (Tonnes)
B28: Truck Type | C28: Kampala-Jinja | D28: Jinja-Kampala | E28: Both Directions | F28: Limit
A29: 7 | B29: Light/Medium Trucks | C29: =AVERAGEIF('Kla-Jinja'!$D$7:$D$500,Graphs!A29,'Kla-Jinja'!$N$7:$N$500) -> 9.0525676 | D29: =AVERAGEIF('Jinja-Kla'!$D$7:$D$500,Graphs!A29,'Jinja-Kla'!$N$7:$N$500) -> 14.094118 | E29: =AVERAGE(C29:D29) -> 11.573343 | F29: 18
A30: 9 | B30: Heavy Trucks | C30: =AVERAGEIF('Kla-Jinja'!$D$7:$D$500,Graphs!A30,'Kla-Jinja'!$N$7:$N$500) -> 17.758475 | D30: =AVERAGEIF('Jinja-Kla'!$D$7:$D$500,Graphs!A30,'Jinja-Kla'!$N$7:$N$500) -> 24.138462 | E30: =AVERAGE(C30:D30) -> 20.948468 | F30: 27
A31: 10 | B31: Truck/Trailer | C31: =AVERAGEIF('Kla-Jinja'!$D$7:$D$500,Graphs!A31,'Kla-Jinja'!$N$7:$N$500) -> 27.766574 | D31: =AVERAGEIF('Jinja-Kla'!$D$7:$D$500,Graphs!A31,'Jinja-Kla'!$N$7:$N$500) -> 39.695333 | E31: =AVERAGE(C31:D31) -> 33.730954 | F31: 54
B32: Totals
L39: Proportion of Overloaded Trucks
M40: Truck Type | N40: Kampala-Jinja | O40: Jinja-Kampala | P40: Both Directions
M41: 0-4.9% | N41: =COUNTIF('Kla-Jinja'!$Y$7:$Y$500,M41)/$N$45 -> 0.85815603 | O41: =COUNTIF('Jinja-Kla'!$Y$7:$Y$187,M41)/$O$45 -> 0.66666667 | P41: =AVERAGE(N41:O41) -> 0.76241135
M42: 5-25% | N42: =COUNTIF('Kla-Jinja'!$Y$7:$Y$500,M42)/$N$45 -> 0.10401891 | O42: =COUNTIF('Jinja-Kla'!$Y$7:$Y$187,M42)/$O$45 -> 0.21333333 | P42: =AVERAGE(N42:O42) -> 0.15867612
M43: 25-50% | N43: =COUNTIF('Kla-Jinja'!$Y$7:$Y$500,M43)/$N$45 -> 0.028368794 | O43: =COUNTIF('Jinja-Kla'!$Y$7:$Y$187,M43)/$O$45 -> 0.12 | P43: =AVERAGE(N43:O43) -> 0.074184397
M44: Over 50% | N44: =COUNTIF('Kla-Jinja'!$Y$7:$Y$500,M44)/$N$45 -> 0.0094562648 | O44: =COUNTIF('Jinja-Kla'!$Y$7:$Y$187,M44)/$O$45 -> 0 | P44: =AVERAGE(N44:O44) -> 0.0047281324
N45: =C8 -> 423 | O45: =D8 -> 75
A55: Proportion of Overloaded Trucks
B56: Truck Type | C56: Kampala-Jinja | D56: Jinja-Kampala | E56: Both Directions
A57: 7 | B57: Light/Medium Trucks | C57: =COUNTIF('Kla-Jinja'!W7:W155,"Y")/C5 -> 0.14864865 | D57: =COUNTIF('Jinja-Kla'!W7:W23,"Y")/D5 -> 0.52941176 | E57: =AVERAGE(C57:D57) -> 0.33903021
A58: 9 | B58: Heavy Trucks | C58: =COUNTIF('Kla-Jinja'!W156:W214,"Y")/C6 -> 0.18644068 | D58: =COUNTIF('Jinja-Kla'!W24:W36,"y")/D6 -> 0.76923077 | E58: =AVERAGE(C58:D58) -> 0.47783572
A59: 10 | B59: Truck/Trailer | C59: =COUNTIF('Kla-Jinja'!W215:W500,"Y")/C7 -> 0.19907407 | D59: =COUNTIF('Jinja-Kla'!W37:W187,"Y")/D7 -> 0.37777778 | E59: =AVERAGE(C59:D59) -> 0.28842593
B60: Overall | C60: =COUNTIF('Kla-Jinja'!W7:W500,"Y")/C8 -> 0.17966903 | D60: =COUNTIF('Jinja-Kla'!W7:W187,"Y")/D8 -> 0.48

Sheet KEY
I1: Axle Configuration
A2: TRUCK TYPES | I2: 2-Axles | J2: 2-Axles | K2: 3-Axle | L2: 4-Axle | M2: 5-Axle | N2: 6-Axle | O2: 7-Axle
A4: 7 | B4: LIGHT SINGLE UNIT TRUCK-DYNAS AND TRACTORS(2 axles) | I4: 1.1 | J4: 1.2
A5: 8 | B5: LIGHT/MEDIUM SINGLE UNIT TRUCKS (3 axles) | K5: 1.22
A6: 9 | B6: MEDIUM - SINGLE UNIT TRUCKS-LORRIES, FUSOS (4 axles) | L6: 1.1-22
L7: 1.222
A10: 10 | B10: HEAVY TRUCK RIGID (5 axles) | M10: 1.1-222
M11: 1.2-222
M12: 1.22-22
A13: 11 | B13: TRUCK TRAILER AND SEMI TRAILER (6 axles) | N13: 1.12-222
N14: 1.22-222
N15: 1.22+1-22
N16: 1.22+2-22
N17: 1.21-222
N18: 1.22-111
A19: 12 | B19: TRUCK TRAILER TYPE 2 (7 axles) | O19: 1.11+11-11
O20: 1.22+22-22
O21: 1.12+11-22
B29: 7. Light Truck
B30: 8. Medium Truck
B31: 9. Heavy truck
B32: 10. Truck Trailer
B35: 1*1 | C35: Light Truck | D35: 7 | E35: 18
B36: 1*2 | C36: Light Truck | D36: 7 | E36: 18
B37: 1*21 | C37: Medium Truck | D37: 8 | E37: 26
B38: 1*22 | C38: Heavy Truck | D38: 9 | E38: 26
B39: 1*2*2 | C39: Truck Trailer | D39: 10 | E39: 46
B40: 1*2*22 | C40: Truck Trailer | D40: 10 | E40: 46
B41: 1*22-22 | C41: Truck Trailer | D41: 10 | E41: 46
B42: 1*2*2*2 | C42: Truck Trailer | D42: 10 | E42: 46
B43: 1*22*2*22 | C43: Truck Trailer | D43: 10 | E43: 46
B44: 11*22 | C44: Heavy Truck | D44: 9 | E44: 34

Sheet Desc
B1: Category | C1: Comment
A2: 1 | B2: Food crop | C2: (Maize,rice,wheat etc)
A3: 2 | B3: Cash Crops | C3: (coffee,tea etc)
A4: 3 | B4: Perishable | C4: (fish,milk,tea etc)
A5: 4 | B5: Construction Material | C5: (cement, gravel,stones,gravel,pipes)
A6: 5 | B6: Metal/machinery
A7: 6 | B7: Forestry products | C7: (timber & charcoal)
A8: 7 | B8: Fuels | C8: (any petroleum products)
A9: 8 | B9: Chemical Products | C9: (fertilizer,paints)
A10: 9 | B10: Livestock | C10: (cows,goats,camel etc)
A11: 10 | B11: Household retail products | C11: (beverage,oil,sugar,salt,flour)
A12: 11 | B12: Empty
A13: 12 | B13: Others (Pl specify)
A14: 4
