Workbook

Sheet 29.07 ClockTower-Nsambya
B1: Consultancy services for Preparation of Expressway Development Master Plan (EDMP) for Uganda
B2: MANUAL CLASSIFIED COUNT (MCC)
B3: ROAD NAME: | C3: MCC - C1 - STN50 - NSAMBYA ROAD
C5: Date | D5: 29.07.19 | F5: Location | G5: Gapco | J5: Surveyor | K5: Adong Agnes
C6: Dir. From | D6: Clock Tower | F6: Dir. To | G6: Nsambya | J6: Supervisor | K6: Felix
B8: Time / Veh Type | R8: SUMMARY TRAFFIC VOLUMES
C9: 1. Car | D9: 2. Station Wagon | E9: 3. Pickups | F9: 4. Minibus, matatu | G9: 5. Medium bus | H9: 6. Large Bus | I9: 7. Light Truck | J9: 8. Medium Truck | K9: 9. Heavy truck | L9: 10. Truck Trailer | M9: 11. Motor cycles | N9: 12. Tractors | O9: Total Excl M/Cycles | P9: Total All | R9: Time | S9: 1. Car | T9: 2. Station Wagon | U9: 3. Pickups | V9: 4. Minibus, matatu | W9: 5. Medium bus | X9: 6. Large Bus | Y9: 7. Light Truck | Z9: 8. Medium Truck | AA9: 9. Heavy truck | AB9: 10. Truck Trailer | AC9: 11. Motorcycles | AD9: 12. Tractors, Graders | AE9: Total Excl M/ Cycles | AF9: Total All
B10: 07.00 - 07.15 | C10: 60 | D10: 11 | E10: 5 | F10: 55 | G10: 7 | H10: 0 | I10: 2 | J10: 2 | K10: 0 | L10: 3 | M10: 633 | N10: 0 | O10: =SUM(C10:L10,N10) -> 145 | P10: =SUM(C10:N10) -> 778 | R10: 0700-0800 | S10: =SUM(C10:C13) -> 209 | T10: =SUM(D10:D13) -> 34 | U10: =SUM(E10:E13) -> 21 | V10: =SUM(F10:F13) -> 248 | W10: =SUM(G10:G13) -> 11 | X10: =SUM(H10:H13) -> 0 | Y10: =SUM(I10:I13) -> 10 | Z10: =SUM(J10:J13) -> 7 | ... AF10: =SUM(P10:P13) -> 3446
B11: 07.15 - 07.30 | C11: 45 | D11: 2 | E11: 2 | F11: 73 | G11: 1 | H11: 0 | I11: 3 | J11: 1 | K11: 4 | L11: 2 | M11: 656 | N11: 1 | O11: =SUM(C11:L11,N11) -> 134 | P11: =SUM(C11:N11) -> 790 | R11: 0800-0900 | S11: =SUM(C14:C17) -> 161 | T11: =SUM(D14:D17) -> 38 | U11: =SUM(E14:E17) -> 7 | V11: =SUM(F14:F17) -> 195 | W11: =SUM(G14:G17) -> 11 | X11: =SUM(H14:H17) -> 1 | Y11: =SUM(I14:I17) -> 17 | Z11: =SUM(J14:J17) -> 18 | ... AF11: =SUM(P14:P17) -> 2475
B12: 07.30 - 07.45 | C12: 74 | D12: 13 | E12: 7 | F12: 62 | G12: 2 | H12: 0 | I12: 2 | J12: 2 | K12: 5 | L12: 1 | M12: 702 | N12: 1 | O12: =SUM(C12:L12,N12) -> 169 | P12: =SUM(C12:N12) -> 871 | R12: 0900-1000 | S12: =SUM(C18:C21) -> 105 | T12: =SUM(D18:D21) -> 20 | U12: =SUM(E18:E21) -> 14 | V12: =SUM(F18:F21) -> 213 | W12: =SUM(G18:G21) -> 8 | X12: =SUM(H18:H21) -> 0 | Y12: =SUM(I18:I21) -> 31 | Z12: =SUM(J18:J21) -> 23 | ... AF12: =SUM(P18:P21) -> 1549
B13: 07.45 - 08.00 | C13: 30 | D13: 8 | E13: 7 | F13: 58 | G13: 1 | H13: 0 | I13: 3 | J13: 2 | K13: 2 | L13: 0 | M13: 896 | N13: 0 | O13: =SUM(C13:L13,N13) -> 111 | P13: =SUM(C13:N13) -> 1007 | R13: 1000-1100 | S13: =SUM(C22:C25) -> 145 | T13: =SUM(D22:D25) -> 18 | U13: =SUM(E22:E25) -> 10 | V13: =SUM(F22:F25) -> 155 | W13: =SUM(G22:G25) -> 6 | X13: =SUM(H22:H25) -> 0 | Y13: =SUM(I22:I25) -> 11 | Z13: =SUM(J22:J25) -> 20 | ... AF13: =SUM(P22:P25) -> 1206
B14: 08.00 - 08.15 | C14: 36 | D14: 6 | E14: 2 | F14: 52 | G14: 4 | H14: 0 | I14: 6 | J14: 5 | K14: 4 | L14: 4 | M14: 842 | N14: 1 | O14: =SUM(C14:L14,N14) -> 120 | P14: =SUM(C14:N14) -> 962 | R14: 1100-1200 | S14: =SUM(C26:C29) -> 150 | T14: =SUM(D26:D29) -> 60 | U14: =SUM(E26:E29) -> 25 | V14: =SUM(F26:F29) -> 144 | W14: =SUM(G26:G29) -> 3 | X14: =SUM(H26:H29) -> 0 | Y14: =SUM(I26:I29) -> 28 | Z14: =SUM(J26:J29) -> 29 | ... AF14: =SUM(P26:P29) -> 1740
B15: 08.15 - 08.30 | C15: 27 | D15: 10 | E15: 1 | F15: 42 | G15: 2 | H15: 0 | I15: 3 | J15: 5 | K15: 1 | L15: 6 | M15: 569 | N15: 0 | O15: =SUM(C15:L15,N15) -> 97 | P15: =SUM(C15:N15) -> 666 | R15: 1200-1300 | S15: =SUM(C30:C33) -> 292 | T15: =SUM(D30:D33) -> 166 | U15: =SUM(E30:E33) -> 104 | V15: =SUM(F30:F33) -> 175 | W15: =SUM(G30:G33) -> 2 | X15: =SUM(H30:H33) -> 1 | Y15: =SUM(I30:I33) -> 35 | Z15: =SUM(J30:J33) -> 13 | ... AF15: =SUM(P30:P33) -> 2596
B16: 08.30 - 08.45 | C16: 72 | D16: 16 | E16: 4 | F16: 57 | G16: 3 | H16: 0 | I16: 3 | J16: 4 | K16: 2 | L16: 1 | M16: 300 | N16: 0 | O16: =SUM(C16:L16,N16) -> 162 | P16: =SUM(C16:N16) -> 462 | R16: 1300-1400 | S16: =SUM(C34:C37) -> 375 | T16: =SUM(D34:D37) -> 287 | U16: =SUM(E34:E37) -> 113 | V16: =SUM(F34:F37) -> 134 | W16: =SUM(G34:G37) -> 3 | X16: =SUM(H34:H37) -> 3 | Y16: =SUM(I34:I37) -> 32 | Z16: =SUM(J34:J37) -> 22 | ... AF16: =SUM(P34:P37) -> 2904
B17: 08.45 - 9.00 | C17: 26 | D17: 6 | E17: 0 | F17: 44 | G17: 2 | H17: 1 | I17: 5 | J17: 4 | K17: 2 | L17: 2 | M17: 293 | N17: 0 | O17: =SUM(C17:L17,N17) -> 92 | P17: =SUM(C17:N17) -> 385 | R17: 1400-1500 | S17: =SUM(C38:C41) -> 494 | T17: =SUM(D38:D41) -> 146 | U17: =SUM(E38:E41) -> 78 | V17: =SUM(F38:F41) -> 158 | W17: =SUM(G38:G41) -> 1 | X17: =SUM(H38:H41) -> 0 | Y17: =SUM(I38:I41) -> 46 | Z17: =SUM(J38:J41) -> 21 | ... AF17: =SUM(P38:P41) -> 2928
B18: 09.00 - 09.15 | C18: 35 | D18: 7 | E18: 5 | F18: 42 | G18: 2 | H18: 0 | I18: 7 | J18: 4 | K18: 2 | L18: 2 | M18: 199 | N18: 0 | O18: =SUM(C18:L18,N18) -> 106 | P18: =SUM(C18:N18) -> 305 | R18: 1500-1600 | S18: =SUM(C42:C45) -> 339 | T18: =SUM(D42:D45) -> 101 | U18: =SUM(E42:E45) -> 49 | V18: =SUM(F42:F45) -> 142 | W18: =SUM(G42:G45) -> 2 | X18: =SUM(H42:H45) -> 1 | Y18: =SUM(I42:I45) -> 20 | Z18: =SUM(J42:J45) -> 29 | ... AF18: =SUM(P42:P45) -> 2233
B19: 09.15 - 09.30 | C19: 17 | D19: 1 | E19: 2 | F19: 80 | G19: 5 | H19: 0 | I19: 2 | J19: 3 | K19: 5 | L19: 2 | M19: 158 | N19: 0 | O19: =SUM(C19:L19,N19) -> 117 | P19: =SUM(C19:N19) -> 275 | R19: 1600-1700 | S19: =SUM(C46:C49) -> 269 | T19: =SUM(D46:D49) -> 181 | U19: =SUM(E46:E49) -> 55 | V19: =SUM(F46:F49) -> 103 | W19: =SUM(G46:G49) -> 4 | X19: =SUM(H46:H49) -> 4 | Y19: =SUM(I46:I49) -> 38 | Z19: =SUM(J46:J49) -> 19 | ... AF19: =SUM(P46:P49) -> 2245
B20: 09.30 - 09.45 | C20: 38 | D20: 8 | E20: 4 | F20: 62 | G20: 1 | H20: 0 | I20: 20 | J20: 8 | K20: 3 | L20: 4 | M20: 408 | N20: 0 | O20: =SUM(C20:L20,N20) -> 148 | P20: =SUM(C20:N20) -> 556 | R20: 1700-1800 | S20: =SUM(C50:C53) -> 449 | T20: =SUM(D50:D53) -> 210 | U20: =SUM(E50:E53) -> 41 | V20: =SUM(F50:F53) -> 165 | W20: =SUM(G50:G53) -> 4 | X20: =SUM(H50:H53) -> 0 | Y20: =SUM(I50:I53) -> 27 | Z20: =SUM(J50:J53) -> 13 | ... AF20: =SUM(P50:P53) -> 2515
B21: 09.45 - 10.00 | C21: 15 | D21: 4 | E21: 3 | F21: 29 | G21: 0 | H21: 0 | I21: 2 | J21: 8 | K21: 1 | L21: 0 | M21: 351 | N21: 0 | O21: =SUM(C21:L21,N21) -> 62 | P21: =SUM(C21:N21) -> 413 | R21: 1800-1900 | S21: =SUM(C54:C57) -> 262 | T21: =SUM(D54:D57) -> 67 | U21: =SUM(E54:E57) -> 41 | V21: =SUM(F54:F57) -> 124 | W21: =SUM(G54:G57) -> 3 | X21: =SUM(H54:H57) -> 0 | Y21: =SUM(I54:I57) -> 32 | Z21: =SUM(J54:J57) -> 22 | ... AF21: =SUM(P54:P57) -> 2574
B22: 10.00 - 10.15 | C22: 21 | D22: 5 | E22: 3 | F22: 19 | G22: 0 | H22: 0 | I22: 0 | J22: 7 | K22: 2 | L22: 1 | M22: 289 | N22: 0 | O22: =SUM(C22:L22,N22) -> 58 | P22: =SUM(C22:N22) -> 347 | R22: AM Peak Hr | S22: =MAX(S10:S12) -> 209 | T22: =MAX(T10:T12) -> 38 | U22: =MAX(U10:U12) -> 21 | V22: =MAX(V10:V12) -> 248 | W22: =MAX(W10:W12) -> 11 | X22: =MAX(X10:X12) -> 1 | Y22: =MAX(Y10:Y12) -> 31 | Z22: =MAX(Z10:Z12) -> 23 | ... AF22: =MAX(AF10:AF12) -> 3446
B23: 10.15 - 10.30 | C23: 37 | D23: 0 | E23: 3 | F23: 41 | G23: 1 | H23: 0 | I23: 6 | J23: 6 | K23: 4 | L23: 4 | M23: 192 | N23: 0 | O23: =SUM(C23:L23,N23) -> 102 | P23: =SUM(C23:N23) -> 294 | R23: IP Peak Hr | S23: =MAX(S13:S18) -> 494 | T23: =MAX(T13:T18) -> 287 | U23: =MAX(U13:U18) -> 113 | V23: =MAX(V13:V18) -> 175 | W23: =MAX(W13:W18) -> 6 | X23: =MAX(X13:X18) -> 3 | Y23: =MAX(Y13:Y18) -> 46 | Z23: =MAX(Z13:Z18) -> 29 | ... AF23: =MAX(AF13:AF18) -> 2928
B24: 10.30 - 10.45 | C24: 52 | D24: 3 | E24: 4 | F24: 73 | G24: 3 | H24: 0 | I24: 4 | J24: 4 | K24: 2 | L24: 3 | M24: 179 | N24: 0 | O24: =SUM(C24:L24,N24) -> 148 | P24: =SUM(C24:N24) -> 327 | R24: PM Peak Hr | S24: =MAX(S19:S21) -> 449 | T24: =MAX(T19:T21) -> 210 | U24: =MAX(U19:U21) -> 55 | V24: =MAX(V19:V21) -> 165 | W24: =MAX(W19:W21) -> 4 | X24: =MAX(X19:X21) -> 4 | Y24: =MAX(Y19:Y21) -> 38 | Z24: =MAX(Z19:Z21) -> 22 | ... AF24: =MAX(AF19:AF21) -> 2574
B25: 10.45 - 11.00 | C25: 35 | D25: 10 | E25: 0 | F25: 22 | G25: 2 | H25: 0 | I25: 1 | J25: 3 | K25: 5 | L25: 4 | M25: 156 | N25: 0 | O25: =SUM(C25:L25,N25) -> 82 | P25: =SUM(C25:N25) -> 238 | R25: AM Period | S25: =SUM(S10:S12) -> 475 | T25: =SUM(T10:T12) -> 92 | U25: =SUM(U10:U12) -> 42 | V25: =SUM(V10:V12) -> 656 | W25: =SUM(W10:W12) -> 30 | X25: =SUM(X10:X12) -> 1 | Y25: =SUM(Y10:Y12) -> 58 | Z25: =SUM(Z10:Z12) -> 48 | ... AF25: =SUM(AF10:AF12) -> 7470
B26: 11.00 - 11.15 | C26: 31 | D26: 10 | E26: 3 | F26: 52 | G26: 1 | H26: 0 | I26: 7 | J26: 4 | K26: 1 | L26: 2 | M26: 250 | N26: 0 | O26: =SUM(C26:L26,N26) -> 111 | P26: =SUM(C26:N26) -> 361 | R26: IP Period | S26: =SUM(S13:S18) -> 1795 | T26: =SUM(T13:T18) -> 778 | U26: =SUM(U13:U18) -> 379 | V26: =SUM(V13:V18) -> 908 | W26: =SUM(W13:W18) -> 17 | X26: =SUM(X13:X18) -> 5 | Y26: =SUM(Y13:Y18) -> 172 | Z26: =SUM(Z13:Z18) -> 134 | ... AF26: =SUM(AF13:AF18) -> 13607
B27: 11.15 - 11.30 | C27: 45 | D27: 15 | E27: 6 | F27: 39 | G27: 0 | H27: 0 | I27: 8 | J27: 9 | K27: 6 | L27: 2 | M27: 250 | N27: 0 | O27: =SUM(C27:L27,N27) -> 130 | P27: =SUM(C27:N27) -> 380 | R27: PM Period | S27: =SUM(S19:S21) -> 980 | T27: =SUM(T19:T21) -> 458 | U27: =SUM(U19:U21) -> 137 | V27: =SUM(V19:V21) -> 392 | W27: =SUM(W19:W21) -> 11 | X27: =SUM(X19:X21) -> 4 | Y27: =SUM(Y19:Y21) -> 97 | Z27: =SUM(Z19:Z21) -> 54 | ... AF27: =SUM(AF19:AF21) -> 7334
B28: 11.30 - 11.45 | C28: 22 | D28: 20 | E28: 6 | F28: 30 | G28: 0 | H28: 0 | I28: 5 | J28: 8 | K28: 1 | L28: 3 | M28: 350 | N28: 0 | O28: =SUM(C28:L28,N28) -> 95 | P28: =SUM(C28:N28) -> 445 | R28: 12 Hours | S28: =SUM(S10:S21) -> 3250 | T28: =SUM(T10:T21) -> 1328 | U28: =SUM(U10:U21) -> 558 | V28: =SUM(V10:V21) -> 1956 | W28: =SUM(W10:W21) -> 58 | X28: =SUM(X10:X21) -> 10 | Y28: =SUM(Y10:Y21) -> 327 | Z28: =SUM(Z10:Z21) -> 236 | ... AF28: =SUM(AF10:AF21) -> 28411
B29: 11.45 - 12.00 | C29: 52 | D29: 15 | E29: 10 | F29: 23 | G29: 2 | H29: 0 | I29: 8 | J29: 8 | K29: 1 | L29: 5 | M29: 430 | N29: 0 | O29: =SUM(C29:L29,N29) -> 124 | P29: =SUM(C29:N29) -> 554
B30: 12.00 - 12.15 | C30: 65 | D30: 45 | E30: 16 | F30: 52 | G30: 2 | H30: 0 | I30: 15 | J30: 3 | K30: 5 | L30: 2 | M30: 245 | N30: 0 | O30: =SUM(C30:L30,N30) -> 205 | P30: =SUM(C30:N30) -> 450
B31: 12.15 - 12.30 | C31: 49 | D31: 51 | E31: 22 | F31: 55 | G31: 0 | H31: 1 | I31: 10 | J31: 1 | K31: 4 | L31: 2 | M31: 665 | N31: 1 | O31: =SUM(C31:L31,N31) -> 196 | P31: =SUM(C31:N31) -> 861
B32: 12.30 - 12.45 | C32: 75 | D32: 46 | E32: 38 | F32: 28 | G32: 0 | H32: 0 | I32: 2 | J32: 2 | K32: 1 | L32: 1 | M32: 425 | N32: 0 | O32: =SUM(C32:L32,N32) -> 193 | P32: =SUM(C32:N32) -> 618
B33: 12.45 - 13.00 | C33: 103 | D33: 24 | E33: 28 | F33: 40 | G33: 0 | H33: 0 | I33: 8 | J33: 7 | K33: 5 | L33: 5 | M33: 447 | N33: 0 | O33: =SUM(C33:L33,N33) -> 220 | P33: =SUM(C33:N33) -> 667
B34: 13.00 - 13.15 | C34: 93 | D34: 57 | E34: 30 | F34: 37 | G34: 1 | H34: 1 | I34: 8 | J34: 7 | K34: 7 | L34: 5 | M34: 595 | N34: 0 | O34: =SUM(C34:L34,N34) -> 246 | P34: =SUM(C34:N34) -> 841
B35: 13.15 - 13.30 | C35: 150 | D35: 100 | E35: 38 | F35: 43 | G35: 0 | H35: 0 | I35: 3 | J35: 4 | K35: 2 | L35: 3 | M35: 382 | N35: 0 | O35: =SUM(C35:L35,N35) -> 343 | P35: =SUM(C35:N35) -> 725
B36: 13.30 - 13.45 | C36: 85 | D36: 95 | E36: 20 | F36: 25 | G36: 1 | H36: 2 | I36: 10 | J36: 3 | K36: 1 | L36: 7 | M36: 402 | N36: 0 | O36: =SUM(C36:L36,N36) -> 249 | P36: =SUM(C36:N36) -> 651
B37: 13.45 - 14.00 | C37: 47 | D37: 35 | E37: 25 | F37: 29 | G37: 1 | H37: 0 | I37: 11 | J37: 8 | K37: 6 | L37: 6 | M37: 519 | N37: 0 | O37: =SUM(C37:L37,N37) -> 168 | P37: =SUM(C37:N37) -> 687
B38: 14.00 - 14.15 | C38: 120 | D38: 55 | E38: 27 | F38: 38 | G38: 1 | H38: 0 | I38: 7 | J38: 4 | K38: 3 | L38: 4 | M38: 612 | N38: 0 | O38: =SUM(C38:L38,N38) -> 259 | P38: =SUM(C38:N38) -> 871
B39: 14.15 - 14.30 | C39: 183 | D39: 45 | E39: 31 | F39: 41 | G39: 0 | H39: 0 | I39: 21 | J39: 6 | K39: 3 | L39: 5 | M39: 481 | N39: 0 | O39: =SUM(C39:L39,N39) -> 335 | P39: =SUM(C39:N39) -> 816
B40: 14.30 - 14.45 | C40: 85 | D40: 30 | E40: 11 | F40: 43 | G40: 0 | H40: 0 | I40: 13 | J40: 7 | K40: 2 | L40: 4 | M40: 547 | N40: 0 | O40: =SUM(C40:L40,N40) -> 195 | P40: =SUM(C40:N40) -> 742
... B57: 18.45 - 19.00 | C57: 38 | D57: 16 | E57: 8 | F57: 52 | G57: 0 | H57: 0 | I57: 7 | J57: 6 | K57: 3 | L57: 0 | M57: 482 | N57: 0 | O57: =SUM(C57:L57,N57) -> 130 | P57: =SUM(C57:N57) -> 612
B58: Totals | C58: =SUM(C10:C57) -> 3250 | D58: =SUM(D10:D57) -> 1328 | E58: =SUM(E10:E57) -> 558 | F58: =SUM(F10:F57) -> 1956 | G58: =SUM(G10:G57) -> 58 | H58: =SUM(H10:H57) -> 10 | I58: =SUM(I10:I57) -> 327 | J58: =SUM(J10:J57) -> 236 | ... P58: =SUM(P10:P57) -> 28411
B59: %ges + MCs | C59: =C58/$P$58 -> 0.11439231 | D59: =D58/$P$58 -> 0.046742459 | E59: =E58/$P$58 -> 0.01964028 | F59: =F58/$P$58 -> 0.068846574 | G59: =G58/$P$58 -> 0.0020414628 | H59: =H58/$P$58 -> 0.00035197635 | I59: =I58/$P$58 -> 0.011509627 | J59: =J58/$P$58 -> 0.0083066418 | ... N59: =N58/$P$58 -> 0.00021118581
B60: %ges w/o MCs | C60: =C58/$O$58 -> 0.40645323 | D60: =D58/$O$58 -> 0.16608304 | E60: =E58/$O$58 -> 0.069784892 | F60: =F58/$O$58 -> 0.24462231 | G60: =G58/$O$58 -> 0.0072536268 | H60: =H58/$O$58 -> 0.0012506253 | I60: =I58/$O$58 -> 0.040895448 | J60: =J58/$O$58 -> 0.029514757 | ... L60: =L58/$O$58 -> 0.017383692 | N60: =N58/$O$58 -> 0.00075037519

Sheet 29.07 Nsambya-ClockTower
B1: Consultancy services for Preparation of Expressway Development Master Plan (EDMP) for Uganda
B2: MANUAL CLASSIFIED COUNT (MCC)
B3: ROAD NAME: | C3: ='29.07 ClockTower-Nsambya'!C3:G3 -> MCC - C1 - STN50 - NSAMBYA ROAD
C5: Date | D5: ='29.07 ClockTower-Nsambya'!D5 -> 29.07.19 | F5: Location | G5: ='29.07 ClockTower-Nsambya'!G5:H5 -> Gapco | J5: Surveyor | K5: Kizito Godfrey
C6: Dir. From | D6: Nsambya | F6: Dir. To | G6: ClockTower | J6: Supervisor | K6: ='29.07 ClockTower-Nsambya'!K6:L6 -> Felix
B8: Time / Veh Type | R8: SUMMARY TRAFFIC VOLUMES
C9: 1. Car | D9: 2. Station Wagon | E9: 3. Pickups | F9: 4. Minibus, matatu | G9: 5. Medium bus | H9: 6. Large Bus | I9: 7. Light Truck | J9: 8. Medium Truck | K9: 9. Heavy truck | L9: 10. Truck Trailer | M9: 11. Motor cycles | N9: 12. Tractors | O9: Total Excl M/Cycles | P9: Total All | R9: Time | S9: 1. Car | T9: 2. Station Wagon | U9: 3. Pickups | V9: 4. Minibus, matatu | W9: 5. Medium bus | X9: 6. Large Bus | Y9: 7. Light Truck | Z9: 8. Medium Truck | AA9: 9. Heavy truck | AB9: 10. Truck Trailer | AC9: 11. Motorcycles | AD9: 12. Tractors, Graders | AE9: Total Excl M/ Cycles | AF9: Total All
B10: 07.00 - 07.15 | C10: 98 | D10: 10 | E10: 14 | F10: 195 | G10: 1 | H10: 0 | I10: 4 | J10: 1 | K10: 0 | L10: 1 | M10: 260 | N10: 0 | O10: =SUM(C10:L10,N10) -> 324 | P10: =SUM(C10:N10) -> 584 | R10: 0700-0800 | S10: =SUM(C10:C13) -> 321 | T10: =SUM(D10:D13) -> 43 | U10: =SUM(E10:E13) -> 38 | V10: =SUM(F10:F13) -> 886 | W10: =SUM(G10:G13) -> 2 | X10: =SUM(H10:H13) -> 0 | Y10: =SUM(I10:I13) -> 16 | Z10: =SUM(J10:J13) -> 2 | ... AF10: =SUM(P10:P13) -> 2571
B11: 07.15 - 07.30 | C11: 75 | D11: 19 | E11: 8 | F11: 196 | G11: 0 | H11: 0 | I11: 4 | J11: 0 | K11: 0 | L11: 1 | M11: 305 | N11: 0 | O11: =SUM(C11:L11,N11) -> 303 | P11: =SUM(C11:N11) -> 608 | R11: 0800-0900 | S11: =SUM(C14:C17) -> 380 | T11: =SUM(D14:D17) -> 26 | U11: =SUM(E14:E17) -> 32 | V11: =SUM(F14:F17) -> 880 | W11: =SUM(G14:G17) -> 12 | X11: =SUM(H14:H17) -> 4 | Y11: =SUM(I14:I17) -> 17 | Z11: =SUM(J14:J17) -> 6 | ... AF11: =SUM(P14:P17) -> 3083
B12: 07.30 - 07.45 | C12: 107 | D12: 13 | E12: 8 | F12: 250 | G12: 1 | H12: 0 | I12: 6 | J12: 1 | K12: 0 | L12: 0 | M12: 335 | N12: 0 | O12: =SUM(C12:L12,N12) -> 386 | P12: =SUM(C12:N12) -> 721 | R12: 0900-1000 | S12: =SUM(C18:C21) -> 227 | T12: =SUM(D18:D21) -> 43 | U12: =SUM(E18:E21) -> 40 | V12: =SUM(F18:F21) -> 765 | W12: =SUM(G18:G21) -> 3 | X12: =SUM(H18:H21) -> 1 | Y12: =SUM(I18:I21) -> 25 | Z12: =SUM(J18:J21) -> 11 | ... AF12: =SUM(P18:P21) -> 2394
B13: 07.45 - 08.00 | C13: 41 | D13: 1 | E13: 8 | F13: 245 | G13: 0 | H13: 0 | I13: 2 | J13: 0 | K13: 0 | L13: 1 | M13: 360 | N13: 0 | O13: =SUM(C13:L13,N13) -> 298 | P13: =SUM(C13:N13) -> 658 | R13: 1000-1100 | S13: =SUM(C22:C25) -> 266 | T13: =SUM(D22:D25) -> 37 | U13: =SUM(E22:E25) -> 41 | V13: =SUM(F22:F25) -> 945 | W13: =SUM(G22:G25) -> 3 | X13: =SUM(H22:H25) -> 1 | Y13: =SUM(I22:I25) -> 24 | Z13: =SUM(J22:J25) -> 15 | ... AF13: =SUM(P22:P25) -> 2599
B14: 08.00 - 08.15 | C14: 92 | D14: 6 | E14: 12 | F14: 250 | G14: 2 | H14: 1 | I14: 4 | J14: 3 | K14: 0 | L14: 1 | M14: 390 | N14: 0 | O14: =SUM(C14:L14,N14) -> 371 | P14: =SUM(C14:N14) -> 761 | R14: 1100-1200 | S14: =SUM(C26:C29) -> 299 | T14: =SUM(D26:D29) -> 55 | U14: =SUM(E26:E29) -> 30 | V14: =SUM(F26:F29) -> 745 | W14: =SUM(G26:G29) -> 3 | X14: =SUM(H26:H29) -> 1 | Y14: =SUM(I26:I29) -> 39 | Z14: =SUM(J26:J29) -> 25 | ... AF14: =SUM(P26:P29) -> 2592
B15: 08.15 - 08.30 | C15: 104 | D15: 9 | E15: 8 | F15: 220 | G15: 3 | H15: 0 | I15: 2 | J15: 1 | K15: 0 | L15: 3 | M15: 445 | N15: 0 | O15: =SUM(C15:L15,N15) -> 350 | P15: =SUM(C15:N15) -> 795 | R15: 1200-1300 | S15: =SUM(C30:C33) -> 279 | T15: =SUM(D30:D33) -> 80 | U15: =SUM(E30:E33) -> 63 | V15: =SUM(F30:F33) -> 710 | W15: =SUM(G30:G33) -> 5 | X15: =SUM(H30:H33) -> 2 | Y15: =SUM(I30:I33) -> 28 | Z15: =SUM(J30:J33) -> 22 | ... AF15: =SUM(P30:P33) -> 3033
B16: 08.30 - 08.45 | C16: 75 | D16: 6 | E16: 4 | F16: 200 | G16: 5 | H16: 1 | I16: 6 | J16: 2 | K16: 1 | L16: 2 | M16: 375 | N16: 0 | O16: =SUM(C16:L16,N16) -> 302 | P16: =SUM(C16:N16) -> 677 | R16: 1300-1400 | S16: =SUM(C34:C37) -> 260 | T16: =SUM(D34:D37) -> 47 | U16: =SUM(E34:E37) -> 37 | V16: =SUM(F34:F37) -> 710 | W16: =SUM(G34:G37) -> 5 | X16: =SUM(H34:H37) -> 1 | Y16: =SUM(I34:I37) -> 60 | Z16: =SUM(J34:J37) -> 23 | ... AF16: =SUM(P34:P37) -> 2647
B17: 08.45 - 9.00 | C17: 109 | D17: 5 | E17: 8 | F17: 210 | G17: 2 | H17: 2 | I17: 5 | J17: 0 | K17: 2 | L17: 2 | M17: 505 | N17: 0 | O17: =SUM(C17:L17,N17) -> 345 | P17: =SUM(C17:N17) -> 850 | R17: 1400-1500 | S17: =SUM(C38:C41) -> 288 | T17: =SUM(D38:D41) -> 110 | U17: =SUM(E38:E41) -> 42 | V17: =SUM(F38:F41) -> 775 | W17: =SUM(G38:G41) -> 6 | X17: =SUM(H38:H41) -> 0 | Y17: =SUM(I38:I41) -> 32 | Z17: =SUM(J38:J41) -> 17 | ... AF17: =SUM(P38:P41) -> 2750
B18: 09.00 - 09.15 | C18: 47 | D18: 14 | E18: 7 | F18: 190 | G18: 0 | H18: 1 | I18: 6 | J18: 3 | K18: 4 | L18: 1 | M18: 360 | N18: 0 | O18: =SUM(C18:L18,N18) -> 273 | P18: =SUM(C18:N18) -> 633 | R18: 1500-1600 | S18: =SUM(C42:C45) -> 242 | T18: =SUM(D42:D45) -> 47 | U18: =SUM(E42:E45) -> 49 | V18: =SUM(F42:F45) -> 635 | W18: =SUM(G42:G45) -> 4 | X18: =SUM(H42:H45) -> 0 | Y18: =SUM(I42:I45) -> 102 | Z18: =SUM(J42:J45) -> 49 | ... AF18: =SUM(P42:P45) -> 2924
B19: 09.15 - 09.30 | C19: 100 | D19: 13 | E19: 13 | F19: 220 | G19: 0 | H19: 0 | I19: 2 | J19: 1 | K19: 2 | L19: 1 | M19: 315 | N19: 0 | O19: =SUM(C19:L19,N19) -> 352 | P19: =SUM(C19:N19) -> 667 | R19: 1600-1700 | S19: =SUM(C46:C49) -> 209 | T19: =SUM(D46:D49) -> 37 | U19: =SUM(E46:E49) -> 52 | V19: =SUM(F46:F49) -> 690 | W19: =SUM(G46:G49) -> 7 | X19: =SUM(H46:H49) -> 0 | Y19: =SUM(I46:I49) -> 33 | Z19: =SUM(J46:J49) -> 29 | ... AF19: =SUM(P46:P49) -> 2834
B20: 09.30 - 09.45 | C20: 45 | D20: 9 | E20: 10 | F20: 185 | G20: 1 | H20: 0 | I20: 11 | J20: 3 | K20: 1 | L20: 3 | M20: 280 | N20: 0 | O20: =SUM(C20:L20,N20) -> 268 | P20: =SUM(C20:N20) -> 548 | R20: 1700-1800 | S20: =SUM(C50:C53) -> 241 | T20: =SUM(D50:D53) -> 44 | U20: =SUM(E50:E53) -> 32 | V20: =SUM(F50:F53) -> 710 | W20: =SUM(G50:G53) -> 6 | X20: =SUM(H50:H53) -> 0 | Y20: =SUM(I50:I53) -> 29 | Z20: =SUM(J50:J53) -> 22 | ... AF20: =SUM(P50:P53) -> 2775
B21: 09.45 - 10.00 | C21: 35 | D21: 7 | E21: 10 | F21: 170 | G21: 2 | H21: 0 | I21: 6 | J21: 4 | K21: 1 | L21: 6 | M21: 305 | N21: 0 | O21: =SUM(C21:L21,N21) -> 241 | P21: =SUM(C21:N21) -> 546 | R21: 1800-1900 | S21: =SUM(C54:C57) -> 269 | T21: =SUM(D54:D57) -> 19 | U21: =SUM(E54:E57) -> 32 | V21: =SUM(F54:F57) -> 580 | W21: =SUM(G54:G57) -> 36 | X21: =SUM(H54:H57) -> 2 | Y21: =SUM(I54:I57) -> 46 | Z21: =SUM(J54:J57) -> 76 | ... AF21: =SUM(P54:P57) -> 2722
B22: 10.00 - 10.15 | C22: 44 | D22: 12 | E22: 9 | F22: 200 | G22: 3 | H22: 0 | I22: 6 | J22: 3 | K22: 2 | L22: 3 | M22: 300 | N22: 0 | O22: =SUM(C22:L22,N22) -> 282 | P22: =SUM(C22:N22) -> 582 | R22: AM Peak Hr | S22: =MAX(S10:S12) -> 380 | T22: =MAX(T10:T12) -> 43 | U22: =MAX(U10:U12) -> 40 | V22: =MAX(V10:V12) -> 886 | W22: =MAX(W10:W12) -> 12 | X22: =MAX(X10:X12) -> 4 | Y22: =MAX(Y10:Y12) -> 25 | Z22: =MAX(Z10:Z12) -> 11 | ... AF22: =MAX(AF10:AF12) -> 3083
B23: 10.15 - 10.30 | C23: 72 | D23: 7 | E23: 12 | F23: 190 | G23: 0 | H23: 0 | I23: 12 | J23: 7 | K23: 2 | L23: 6 | M23: 310 | N23: 0 | O23: =SUM(C23:L23,N23) -> 308 | P23: =SUM(C23:N23) -> 618 | R23: IP Peak Hr | S23: =MAX(S13:S18) -> 299 | T23: =MAX(T13:T18) -> 110 | U23: =MAX(U13:U18) -> 63 | V23: =MAX(V13:V18) -> 945 | W23: =MAX(W13:W18) -> 6 | X23: =MAX(X13:X18) -> 2 | Y23: =MAX(Y13:Y18) -> 102 | Z23: =MAX(Z13:Z18) -> 49 | ... AF23: =MAX(AF13:AF18) -> 3033
B24: 10.30 - 10.45 | C24: 65 | D24: 8 | E24: 10 | F24: 215 | G24: 0 | H24: 1 | I24: 4 | J24: 4 | K24: 0 | L24: 2 | M24: 330 | N24: 0 | O24: =SUM(C24:L24,N24) -> 309 | P24: =SUM(C24:N24) -> 639 | R24: PM Peak Hr | S24: =MAX(S19:S21) -> 269 | T24: =MAX(T19:T21) -> 44 | U24: =MAX(U19:U21) -> 52 | V24: =MAX(V19:V21) -> 710 | W24: =MAX(W19:W21) -> 36 | X24: =MAX(X19:X21) -> 2 | Y24: =MAX(Y19:Y21) -> 46 | Z24: =MAX(Z19:Z21) -> 76 | ... AF24: =MAX(AF19:AF21) -> 2834
B25: 10.45 - 11.00 | C25: 85 | D25: 10 | E25: 10 | F25: 340 | G25: 0 | H25: 0 | I25: 2 | J25: 1 | K25: 0 | L25: 2 | M25: 310 | N25: 0 | O25: =SUM(C25:L25,N25) -> 450 | P25: =SUM(C25:N25) -> 760 | R25: AM Period | S25: =SUM(S10:S12) -> 928 | T25: =SUM(T10:T12) -> 112 | U25: =SUM(U10:U12) -> 110 | V25: =SUM(V10:V12) -> 2531 | W25: =SUM(W10:W12) -> 17 | X25: =SUM(X10:X12) -> 5 | Y25: =SUM(Y10:Y12) -> 58 | Z25: =SUM(Z10:Z12) -> 19 | ... AF25: =SUM(AF10:AF12) -> 8048
B26: 11.00 - 11.15 | C26: 70 | D26: 12 | E26: 9 | F26: 200 | G26: 1 | H26: 0 | I26: 13 | J26: 5 | K26: 2 | L26: 5 | M26: 355 | N26: 0 | O26: =SUM(C26:L26,N26) -> 317 | P26: =SUM(C26:N26) -> 672 | R26: IP Period | S26: =SUM(S13:S18) -> 1634 | T26: =SUM(T13:T18) -> 376 | U26: =SUM(U13:U18) -> 262 | V26: =SUM(V13:V18) -> 4520 | W26: =SUM(W13:W18) -> 26 | X26: =SUM(X13:X18) -> 5 | Y26: =SUM(Y13:Y18) -> 285 | Z26: =SUM(Z13:Z18) -> 151 | ... AF26: =SUM(AF13:AF18) -> 16545
B27: 11.15 - 11.30 | C27: 46 | D27: 8 | E27: 6 | F27: 170 | G27: 2 | H27: 1 | I27: 15 | J27: 8 | K27: 1 | L27: 2 | M27: 335 | N27: 0 | O27: =SUM(C27:L27,N27) -> 259 | P27: =SUM(C27:N27) -> 594 | R27: PM Period | S27: =SUM(S19:S21) -> 719 | T27: =SUM(T19:T21) -> 100 | U27: =SUM(U19:U21) -> 116 | V27: =SUM(V19:V21) -> 1980 | W27: =SUM(W19:W21) -> 49 | X27: =SUM(X19:X21) -> 2 | Y27: =SUM(Y19:Y21) -> 108 | Z27: =SUM(Z19:Z21) -> 127 | ... AF27: =SUM(AF19:AF21) -> 8331
B28: 11.30 - 11.45 | C28: 58 | D28: 10 | E28: 8 | F28: 220 | G28: 0 | H28: 0 | I28: 4 | J28: 4 | K28: 1 | L28: 1 | M28: 285 | N28: 0 | O28: =SUM(C28:L28,N28) -> 306 | P28: =SUM(C28:N28) -> 591 | R28: 12 Hours | S28: =SUM(S10:S21) -> 3281 | T28: =SUM(T10:T21) -> 588 | U28: =SUM(U10:U21) -> 488 | V28: =SUM(V10:V21) -> 9031 | W28: =SUM(W10:W21) -> 92 | X28: =SUM(X10:X21) -> 12 | Y28: =SUM(Y10:Y21) -> 451 | Z28: =SUM(Z10:Z21) -> 297 | ... AF28: =SUM(AF10:AF21) -> 32924
B29: 11.45 - 12.00 | C29: 125 | D29: 25 | E29: 7 | F29: 155 | G29: 0 | H29: 0 | I29: 7 | J29: 8 | K29: 0 | L29: 2 | M29: 405 | N29: 1 | O29: =SUM(C29:L29,N29) -> 330 | P29: =SUM(C29:N29) -> 735
B30: 12.00 - 12.15 | C30: 105 | D30: 45 | E30: 30 | F30: 200 | G30: 1 | H30: 0 | I30: 7 | J30: 5 | K30: 1 | L30: 6 | M30: 395 | N30: 1 | O30: =SUM(C30:L30,N30) -> 401 | P30: =SUM(C30:N30) -> 796
B31: 12.15 - 12.30 | C31: 35 | D31: 17 | E31: 11 | F31: 170 | G31: 2 | H31: 1 | I31: 5 | J31: 3 | K31: 2 | L31: 5 | M31: 437 | N31: 2 | O31: =SUM(C31:L31,N31) -> 253 | P31: =SUM(C31:N31) -> 690
B32: 12.30 - 12.45 | C32: 70 | D32: 15 | E32: 11 | F32: 190 | G32: 2 | H32: 0 | I32: 6 | J32: 9 | K32: 5 | L32: 2 | M32: 479 | N32: 0 | O32: =SUM(C32:L32,N32) -> 310 | P32: =SUM(C32:N32) -> 789
B33: 12.45 - 13.00 | C33: 69 | D33: 3 | E33: 11 | F33: 150 | G33: 0 | H33: 1 | I33: 10 | J33: 5 | K33: 1 | L33: 2 | M33: 506 | N33: 0 | O33: =SUM(C33:L33,N33) -> 252 | P33: =SUM(C33:N33) -> 758
B34: 13.00 - 13.15 | C34: 75 | D34: 13 | E34: 8 | F34: 190 | G34: 1 | H34: 0 | I34: 15 | J34: 7 | K34: 9 | L34: 5 | M34: 445 | N34: 0 | O34: =SUM(C34:L34,N34) -> 323 | P34: =SUM(C34:N34) -> 768
B35: 13.15 - 13.30 | C35: 84 | D35: 7 | E35: 9 | F35: 165 | G35: 2 | H35: 1 | I35: 8 | J35: 7 | K35: 1 | L35: 8 | M35: 352 | N35: 0 | O35: =SUM(C35:L35,N35) -> 292 | P35: =SUM(C35:N35) -> 644
B36: 13.30 - 13.45 | C36: 55 | D36: 9 | E36: 8 | F36: 145 | G36: 1 | H36: 0 | I36: 11 | J36: 5 | K36: 3 | L36: 4 | M36: 328 | N36: 0 | O36: =SUM(C36:L36,N36) -> 241 | P36: =SUM(C36:N36) -> 569
B37: 13.45 - 14.00 | C37: 46 | D37: 18 | E37: 12 | F37: 210 | G37: 1 | H37: 0 | I37: 26 | J37: 4 | K37: 2 | L37: 3 | M37: 344 | N37: 0 | O37: =SUM(C37:L37,N37) -> 322 | P37: =SUM(C37:N37) -> 666
B38: 14.00 - 14.15 | C38: 65 | D38: 23 | E38: 10 | F38: 170 | G38: 3 | H38: 0 | I38: 6 | J38: 3 | K38: 3 | L38: 5 | M38: 360 | N38: 0 | O38: =SUM(C38:L38,N38) -> 288 | P38: =SUM(C38:N38) -> 648
B39: 14.15 - 14.30 | C39: 90 | D39: 38 | E39: 13 | F39: 165 | G39: 0 | H39: 0 | I39: 7 | J39: 2 | K39: 4 | L39: 6 | M39: 364 | N39: 0 | O39: =SUM(C39:L39,N39) -> 325 | P39: =SUM(C39:N39) -> 689
B40: 14.30 - 14.45 | C40: 60 | D40: 17 | E40: 7 | F40: 190 | G40: 1 | H40: 0 | I40: 11 | J40: 3 | K40: 4 | L40: 7 | M40: 339 | N40: 0 | O40: =SUM(C40:L40,N40) -> 300 | P40: =SUM(C40:N40) -> 639
... B57: 18.45 - 19.00 | C57: 75 | D57: 6 | E57: 8 | F57: 135 | G57: 30 | H57: 1 | I57: 16 | J57: 26 | K57: 50 | L57: 25 | M57: 409 | N57: 0 | O57: =SUM(C57:L57,N57) -> 372 | P57: =SUM(C57:N57) -> 781
B58: Totals | C58: =SUM(C10:C57) -> 3281 | D58: =SUM(D10:D57) -> 588 | E58: =SUM(E10:E57) -> 488 | F58: =SUM(F10:F57) -> 9031 | G58: =SUM(G10:G57) -> 92 | H58: =SUM(H10:H57) -> 12 | I58: =SUM(I10:I57) -> 451 | J58: =SUM(J10:J57) -> 297 | ... P58: =SUM(P10:P57) -> 32924
B59: %ges + MCs | C59: =C58/$P$58 -> 0.099653748 | D59: =D58/$P$58 -> 0.017859312 | E59: =E58/$P$58 -> 0.014822014 | F59: =F58/$P$58 -> 0.27429838 | G59: =G58/$P$58 -> 0.0027943142 | H59: =H58/$P$58 -> 0.00036447576 | I59: =I58/$P$58 -> 0.013698214 | J59: =J58/$P$58 -> 0.0090207751 | ... N59: =N58/$P$58 -> 0.00012149192
B60: %ges w/o MCs | C60: =C58/$O$58 -> 0.22446466 | D60: =D58/$O$58 -> 0.040227133 | E60: =E58/$O$58 -> 0.033385784 | F60: =F58/$O$58 -> 0.61784224 | G60: =G58/$O$58 -> 0.0062940412 | H60: =H58/$O$58 -> 0.00082096189 | I60: =I58/$O$58 -> 0.030854485 | J60: =J58/$O$58 -> 0.020318807 | ... L60: =L58/$O$58 -> 0.014024766 | N60: =N58/$O$58 -> 0.00027365396

Sheet 30.07 ClockTower-Nsambya
B1: Consultancy services for Preparation of Expressway Development Master Plan (EDMP) for Uganda
B2: MANUAL CLASSIFIED COUNT (MCC)
B3: ROAD NAME: | C3: ='29.07 ClockTower-Nsambya'!C3:G3 -> MCC - C1 - STN50 - NSAMBYA ROAD
C5: Date | D5: 30.07.19 | F5: Location | G5: ='29.07 ClockTower-Nsambya'!G5:H5 -> Gapco | J5: Surveyor | K5: ='29.07 ClockTower-Nsambya'!K5:L5 -> Adong Agnes
C6: Dir. From | D6: ='29.07 ClockTower-Nsambya'!D6:E6 -> Clock Tower | F6: Dir. To | G6: ='29.07 ClockTower-Nsambya'!G6:H6 -> Nsambya | J6: Supervisor | K6: ='29.07 ClockTower-Nsambya'!K6:L6 -> Felix
B8: Time / Veh Type | R8: SUMMARY TRAFFIC VOLUMES
C9: 1. Car | D9: 2. Station Wagon | E9: 3. Pickups | F9: 4. Minibus, matatu | G9: 5. Medium bus | H9: 6. Large Bus | I9: 7. Light Truck | J9: 8. Medium Truck | K9: 9. Heavy truck | L9: 10. Truck Trailer | M9: 11. Motor cycles | N9: 12. Tractors | O9: Total Excl M/Cycles | P9: Total All | R9: Time | S9: 1. Car | T9: 2. Station Wagon | U9: 3. Pickups | V9: 4. Minibus, matatu | W9: 5. Medium bus | X9: 6. Large Bus | Y9: 7. Light Truck | Z9: 8. Medium Truck | AA9: 9. Heavy truck | AB9: 10. Truck Trailer | AC9: 11. Motorcycles | AD9: 12. Tractors, Graders | AE9: Total Excl M/ Cycles | AF9: Total All
B10: 07.00 - 07.15 | C10: 68 | D10: 13 | E10: 4 | F10: 76 | G10: 3 | H10: 1 | I10: 2 | J10: 2 | K10: 3 | L10: 2 | M10: 671 | N10: 0 | O10: =SUM(C10:L10,N10) -> 174 | P10: =SUM(C10:N10) -> 845 | R10: 0700-0800 | S10: =SUM(C10:C13) -> 229 | T10: =SUM(D10:D13) -> 45 | U10: =SUM(E10:E13) -> 23 | V10: =SUM(F10:F13) -> 250 | W10: =SUM(G10:G13) -> 29 | X10: =SUM(H10:H13) -> 5 | Y10: =SUM(I10:I13) -> 12 | Z10: =SUM(J10:J13) -> 8 | ... AF10: =SUM(P10:P13) -> 2985
B11: 07.15 - 07.30 | C11: 64 | D11: 13 | E11: 6 | F11: 44 | G11: 1 | H11: 1 | I11: 1 | J11: 1 | K11: 3 | L11: 3 | M11: 501 | N11: 0 | O11: =SUM(C11:L11,N11) -> 137 | P11: =SUM(C11:N11) -> 638 | R11: 0800-0900 | S11: =SUM(C14:C17) -> 144 | T11: =SUM(D14:D17) -> 40 | U11: =SUM(E14:E17) -> 15 | V11: =SUM(F14:F17) -> 198 | W11: =SUM(G14:G17) -> 3 | X11: =SUM(H14:H17) -> 0 | Y11: =SUM(I14:I17) -> 23 | Z11: =SUM(J14:J17) -> 17 | ... AF11: =SUM(P14:P17) -> 1837
B12: 07.30 - 07.45 | C12: 49 | D12: 6 | E12: 6 | F12: 70 | G12: 22 | H12: 3 | I12: 4 | J12: 3 | K12: 3 | L12: 1 | M12: 613 | N12: 0 | O12: =SUM(C12:L12,N12) -> 167 | P12: =SUM(C12:N12) -> 780 | R12: 0900-1000 | S12: =SUM(C18:C21) -> 112 | T12: =SUM(D18:D21) -> 27 | U12: =SUM(E18:E21) -> 23 | V12: =SUM(F18:F21) -> 159 | W12: =SUM(G18:G21) -> 6 | X12: =SUM(H18:H21) -> 1 | Y12: =SUM(I18:I21) -> 28 | Z12: =SUM(J18:J21) -> 12 | ... AF12: =SUM(P18:P21) -> 1768
B13: 07.45 - 08.00 | C13: 48 | D13: 13 | E13: 7 | F13: 60 | G13: 3 | H13: 0 | I13: 5 | J13: 2 | K13: 0 | L13: 0 | M13: 584 | N13: 0 | O13: =SUM(C13:L13,N13) -> 138 | P13: =SUM(C13:N13) -> 722 | R13: 1000-1100 | S13: =SUM(C22:C25) -> 174 | T13: =SUM(D22:D25) -> 22 | U13: =SUM(E22:E25) -> 16 | V13: =SUM(F22:F25) -> 146 | W13: =SUM(G22:G25) -> 6 | X13: =SUM(H22:H25) -> 0 | Y13: =SUM(I22:I25) -> 73 | Z13: =SUM(J22:J25) -> 14 | ... AF13: =SUM(P22:P25) -> 1371
B14: 08.00 - 08.15 | C14: 57 | D14: 12 | E14: 6 | F14: 46 | G14: 1 | H14: 0 | I14: 5 | J14: 5 | K14: 2 | L14: 1 | M14: 412 | N14: 1 | O14: =SUM(C14:L14,N14) -> 136 | P14: =SUM(C14:N14) -> 548 | R14: 1100-1200 | S14: =SUM(C26:C29) -> 196 | T14: =SUM(D26:D29) -> 28 | U14: =SUM(E26:E29) -> 22 | V14: =SUM(F26:F29) -> 151 | W14: =SUM(G26:G29) -> 2 | X14: =SUM(H26:H29) -> 1 | Y14: =SUM(I26:I29) -> 25 | Z14: =SUM(J26:J29) -> 27 | ... AF14: =SUM(P26:P29) -> 1794
B15: 08.15 - 08.30 | C15: 39 | D15: 8 | E15: 3 | F15: 60 | G15: 0 | H15: 0 | I15: 4 | J15: 4 | K15: 1 | L15: 10 | M15: 406 | N15: 0 | O15: =SUM(C15:L15,N15) -> 129 | P15: =SUM(C15:N15) -> 535 | R15: 1200-1300 | S15: =SUM(C30:C33) -> 188 | T15: =SUM(D30:D33) -> 37 | U15: =SUM(E30:E33) -> 31 | V15: =SUM(F30:F33) -> 146 | W15: =SUM(G30:G33) -> 0 | X15: =SUM(H30:H33) -> 1 | Y15: =SUM(I30:I33) -> 36 | Z15: =SUM(J30:J33) -> 25 | ... AF15: =SUM(P30:P33) -> 1405
B16: 08.30 - 08.45 | C16: 36 | D16: 12 | E16: 4 | F16: 52 | G16: 1 | H16: 0 | I16: 4 | J16: 5 | K16: 2 | L16: 2 | M16: 249 | N16: 1 | O16: =SUM(C16:L16,N16) -> 119 | P16: =SUM(C16:N16) -> 368 | R16: 1300-1400 | S16: =SUM(C34:C37) -> 170 | T16: =SUM(D34:D37) -> 61 | U16: =SUM(E34:E37) -> 28 | V16: =SUM(F34:F37) -> 115 | W16: =SUM(G34:G37) -> 3 | X16: =SUM(H34:H37) -> 1 | Y16: =SUM(I34:I37) -> 9 | Z16: =SUM(J34:J37) -> 26 | ... AF16: =SUM(P34:P37) -> 1137
B17: 08.45 - 9.00 | C17: 12 | D17: 8 | E17: 2 | F17: 40 | G17: 1 | H17: 0 | I17: 10 | J17: 3 | K17: 2 | L17: 1 | M17: 307 | N17: 0 | O17: =SUM(C17:L17,N17) -> 79 | P17: =SUM(C17:N17) -> 386 | R17: 1400-1500 | S17: =SUM(C38:C41) -> 240 | T17: =SUM(D38:D41) -> 47 | U17: =SUM(E38:E41) -> 35 | V17: =SUM(F38:F41) -> 109 | W17: =SUM(G38:G41) -> 4 | X17: =SUM(H38:H41) -> 0 | Y17: =SUM(I38:I41) -> 60 | Z17: =SUM(J38:J41) -> 28 | ... AF17: =SUM(P38:P41) -> 1731
B18: 09.00 - 09.15 | C18: 22 | D18: 10 | E18: 4 | F18: 38 | G18: 2 | H18: 0 | I18: 2 | J18: 2 | K18: 3 | L18: 4 | M18: 496 | N18: 0 | O18: =SUM(C18:L18,N18) -> 87 | P18: =SUM(C18:N18) -> 583 | R18: 1500-1600 | S18: =SUM(C42:C45) -> 242 | T18: =SUM(D42:D45) -> 52 | U18: =SUM(E42:E45) -> 33 | V18: =SUM(F42:F45) -> 129 | W18: =SUM(G42:G45) -> 0 | X18: =SUM(H42:H45) -> 2 | Y18: =SUM(I42:I45) -> 55 | Z18: =SUM(J42:J45) -> 19 | ... AF18: =SUM(P42:P45) -> 2341
B19: 09.15 - 09.30 | C19: 33 | D19: 7 | E19: 8 | F19: 33 | G19: 0 | H19: 0 | I19: 5 | J19: 3 | K19: 1 | L19: 1 | M19: 368 | N19: 0 | O19: =SUM(C19:L19,N19) -> 91 | P19: =SUM(C19:N19) -> 459 | R19: 1600-1700 | S19: =SUM(C46:C49) -> 235 | T19: =SUM(D46:D49) -> 230 | U19: =SUM(E46:E49) -> 103 | V19: =SUM(F46:F49) -> 119 | W19: =SUM(G46:G49) -> 6 | X19: =SUM(H46:H49) -> 0 | Y19: =SUM(I46:I49) -> 120 | Z19: =SUM(J46:J49) -> 16 | ... AF19: =SUM(P46:P49) -> 4157
B20: 09.30 - 09.45 | C20: 27 | D20: 2 | E20: 1 | F20: 37 | G20: 1 | H20: 0 | I20: 6 | J20: 6 | K20: 0 | L20: 5 | M20: 350 | N20: 0 | O20: =SUM(C20:L20,N20) -> 85 | P20: =SUM(C20:N20) -> 435 | R20: 1700-1800 | S20: =SUM(C50:C53) -> 331 | T20: =SUM(D50:D53) -> 140 | U20: =SUM(E50:E53) -> 44 | V20: =SUM(F50:F53) -> 102 | W20: =SUM(G50:G53) -> 10 | X20: =SUM(H50:H53) -> 0 | Y20: =SUM(I50:I53) -> 0 | Z20: =SUM(J50:J53) -> 13 | ... AF20: =SUM(P50:P53) -> 3442
B21: 09.45 - 10.00 | C21: 30 | D21: 8 | E21: 10 | F21: 51 | G21: 3 | H21: 1 | I21: 15 | J21: 1 | K21: 1 | L21: 2 | M21: 168 | N21: 1 | O21: =SUM(C21:L21,N21) -> 123 | P21: =SUM(C21:N21) -> 291 | R21: 1800-1900 | S21: =SUM(C54:C57) -> 175 | T21: =SUM(D54:D57) -> 165 | U21: =SUM(E54:E57) -> 117 | V21: =SUM(F54:F57) -> 69 | W21: =SUM(G54:G57) -> 1 | X21: =SUM(H54:H57) -> 1 | Y21: =SUM(I54:I57) -> 82 | Z21: =SUM(J54:J57) -> 12 | ... AF21: =SUM(P54:P57) -> 3523
B22: 10.00 - 10.15 | C22: 21 | D22: 3 | E22: 2 | F22: 27 | G22: 0 | H22: 0 | I22: 8 | J22: 3 | K22: 1 | L22: 5 | M22: 248 | N22: 0 | O22: =SUM(C22:L22,N22) -> 70 | P22: =SUM(C22:N22) -> 318 | R22: AM Peak Hr | S22: =MAX(S10:S12) -> 229 | T22: =MAX(T10:T12) -> 45 | U22: =MAX(U10:U12) -> 23 | V22: =MAX(V10:V12) -> 250 | W22: =MAX(W10:W12) -> 29 | X22: =MAX(X10:X12) -> 5 | Y22: =MAX(Y10:Y12) -> 28 | Z22: =MAX(Z10:Z12) -> 17 | ... AF22: =MAX(AF10:AF12) -> 2985
B23: 10.15 - 10.30 | C23: 38 | D23: 7 | E23: 3 | F23: 33 | G23: 2 | H23: 0 | I23: 9 | J23: 2 | K23: 0 | L23: 2 | M23: 145 | N23: 0 | O23: =SUM(C23:L23,N23) -> 96 | P23: =SUM(C23:N23) -> 241 | R23: IP Peak Hr | S23: =MAX(S13:S18) -> 242 | T23: =MAX(T13:T18) -> 61 | U23: =MAX(U13:U18) -> 35 | V23: =MAX(V13:V18) -> 151 | W23: =MAX(W13:W18) -> 6 | X23: =MAX(X13:X18) -> 2 | Y23: =MAX(Y13:Y18) -> 73 | Z23: =MAX(Z13:Z18) -> 28 | ... AF23: =MAX(AF13:AF18) -> 2341
B24: 10.30 - 10.45 | C24: 59 | D24: 3 | E24: 2 | F24: 42 | G24: 0 | H24: 0 | I24: 10 | J24: 2 | K24: 3 | L24: 3 | M24: 206 | N24: 0 | O24: =SUM(C24:L24,N24) -> 124 | P24: =SUM(C24:N24) -> 330 | R24: PM Peak Hr | S24: =MAX(S19:S21) -> 331 | T24: =MAX(T19:T21) -> 230 | U24: =MAX(U19:U21) -> 117 | V24: =MAX(V19:V21) -> 119 | W24: =MAX(W19:W21) -> 10 | X24: =MAX(X19:X21) -> 1 | Y24: =MAX(Y19:Y21) -> 120 | Z24: =MAX(Z19:Z21) -> 16 | ... AF24: =MAX(AF19:AF21) -> 4157
B25: 10.45 - 11.00 | C25: 56 | D25: 9 | E25: 9 | F25: 44 | G25: 4 | H25: 0 | I25: 46 | J25: 7 | K25: 2 | L25: 4 | M25: 301 | N25: 0 | O25: =SUM(C25:L25,N25) -> 181 | P25: =SUM(C25:N25) -> 482 | R25: AM Period | S25: =SUM(S10:S12) -> 485 | T25: =SUM(T10:T12) -> 112 | U25: =SUM(U10:U12) -> 61 | V25: =SUM(V10:V12) -> 607 | W25: =SUM(W10:W12) -> 38 | X25: =SUM(X10:X12) -> 6 | Y25: =SUM(Y10:Y12) -> 63 | Z25: =SUM(Z10:Z12) -> 37 | ... AF25: =SUM(AF10:AF12) -> 6590
B26: 11.00 - 11.15 | C26: 59 | D26: 7 | E26: 9 | F26: 46 | G26: 0 | H26: 0 | I26: 14 | J26: 6 | K26: 3 | L26: 11 | M26: 402 | N26: 1 | O26: =SUM(C26:L26,N26) -> 156 | P26: =SUM(C26:N26) -> 558 | R26: IP Period | S26: =SUM(S13:S18) -> 1210 | T26: =SUM(T13:T18) -> 247 | U26: =SUM(U13:U18) -> 165 | V26: =SUM(V13:V18) -> 796 | W26: =SUM(W13:W18) -> 15 | X26: =SUM(X13:X18) -> 5 | Y26: =SUM(Y13:Y18) -> 258 | Z26: =SUM(Z13:Z18) -> 139 | ... AF26: =SUM(AF13:AF18) -> 9779
B27: 11.15 - 11.30 | C27: 47 | D27: 6 | E27: 4 | F27: 24 | G27: 0 | H27: 0 | I27: 2 | J27: 6 | K27: 0 | L27: 2 | M27: 363 | N27: 0 | O27: =SUM(C27:L27,N27) -> 91 | P27: =SUM(C27:N27) -> 454 | R27: PM Period | S27: =SUM(S19:S21) -> 741 | T27: =SUM(T19:T21) -> 535 | U27: =SUM(U19:U21) -> 264 | V27: =SUM(V19:V21) -> 290 | W27: =SUM(W19:W21) -> 17 | X27: =SUM(X19:X21) -> 1 | Y27: =SUM(Y19:Y21) -> 202 | Z27: =SUM(Z19:Z21) -> 41 | ... AF27: =SUM(AF19:AF21) -> 11122
B28: 11.30 - 11.45 | C28: 48 | D28: 8 | E28: 8 | F28: 54 | G28: 1 | H28: 0 | I28: 2 | J28: 9 | K28: 0 | L28: 7 | M28: 299 | N28: 0 | O28: =SUM(C28:L28,N28) -> 137 | P28: =SUM(C28:N28) -> 436 | R28: 12 Hours | S28: =SUM(S10:S21) -> 2436 | T28: =SUM(T10:T21) -> 894 | U28: =SUM(U10:U21) -> 490 | V28: =SUM(V10:V21) -> 1693 | W28: =SUM(W10:W21) -> 70 | X28: =SUM(X10:X21) -> 12 | Y28: =SUM(Y10:Y21) -> 523 | Z28: =SUM(Z10:Z21) -> 217 | ... AF28: =SUM(AF10:AF21) -> 27491
B29: 11.45 - 12.00 | C29: 42 | D29: 7 | E29: 1 | F29: 27 | G29: 1 | H29: 1 | I29: 7 | J29: 6 | K29: 1 | L29: 3 | M29: 250 | N29: 0 | O29: =SUM(C29:L29,N29) -> 96 | P29: =SUM(C29:N29) -> 346
B30: 12.00 - 12.15 | C30: 46 | D30: 7 | E30: 5 | F30: 41 | G30: 0 | H30: 0 | I30: 8 | J30: 5 | K30: 1 | L30: 1 | M30: 252 | N30: 0 | O30: =SUM(C30:L30,N30) -> 114 | P30: =SUM(C30:N30) -> 366
B31: 12.15 - 12.30 | C31: 58 | D31: 8 | E31: 11 | F31: 37 | G31: 0 | H31: 1 | I31: 12 | J31: 8 | K31: 2 | L31: 7 | M31: 266 | N31: 0 | O31: =SUM(C31:L31,N31) -> 144 | P31: =SUM(C31:N31) -> 410
B32: 12.30 - 12.45 | C32: 33 | D32: 13 | E32: 7 | F32: 50 | G32: 0 | H32: 0 | I32: 7 | J32: 7 | K32: 3 | L32: 1 | M32: 137 | N32: 0 | O32: =SUM(C32:L32,N32) -> 121 | P32: =SUM(C32:N32) -> 258
B33: 12.45 - 13.00 | C33: 51 | D33: 9 | E33: 8 | F33: 18 | G33: 0 | H33: 0 | I33: 9 | J33: 5 | K33: 2 | L33: 5 | M33: 264 | N33: 0 | O33: =SUM(C33:L33,N33) -> 107 | P33: =SUM(C33:N33) -> 371
B34: 13.00 - 13.15 | C34: 36 | D34: 22 | E34: 9 | F34: 38 | G34: 0 | H34: 0 | I34: 9 | J34: 3 | K34: 2 | L34: 3 | M34: 244 | N34: 0 | O34: =SUM(C34:L34,N34) -> 122 | P34: =SUM(C34:N34) -> 366
B35: 13.15 - 13.30 | C35: 60 | D35: 17 | E35: 6 | F35: 24 | G35: 0 | H35: 0 | I35: 0 | J35: 3 | K35: 2 | L35: 5 | M35: 121 | N35: 0 | O35: =SUM(C35:L35,N35) -> 117 | P35: =SUM(C35:N35) -> 238
B36: 13.30 - 13.45 | C36: 36 | D36: 6 | E36: 7 | F36: 24 | G36: 0 | H36: 0 | I36: 0 | J36: 9 | K36: 2 | L36: 4 | M36: 215 | N36: 0 | O36: =SUM(C36:L36,N36) -> 88 | P36: =SUM(C36:N36) -> 303
B37: 13.45 - 14.00 | C37: 38 | D37: 16 | E37: 6 | F37: 29 | G37: 3 | H37: 1 | I37: 0 | J37: 11 | K37: 3 | L37: 5 | M37: 118 | N37: 0 | O37: =SUM(C37:L37,N37) -> 112 | P37: =SUM(C37:N37) -> 230
B38: 14.00 - 14.15 | C38: 60 | D38: 8 | E38: 8 | F38: 24 | G38: 1 | H38: 0 | I38: 22 | J38: 4 | K38: 1 | L38: 4 | M38: 152 | N38: 0 | O38: =SUM(C38:L38,N38) -> 132 | P38: =SUM(C38:N38) -> 284
B39: 14.15 - 14.30 | C39: 35 | D39: 16 | E39: 9 | F39: 17 | G39: 0 | H39: 0 | I39: 14 | J39: 9 | K39: 1 | L39: 6 | M39: 407 | N39: 0 | O39: =SUM(C39:L39,N39) -> 107 | P39: =SUM(C39:N39) -> 514
B40: 14.30 - 14.45 | C40: 90 | D40: 12 | E40: 11 | F40: 30 | G40: 1 | H40: 0 | I40: 13 | J40: 6 | K40: 1 | L40: 4 | M40: 305 | N40: 0 | O40: =SUM(C40:L40,N40) -> 168 | P40: =SUM(C40:N40) -> 473
... B57: 18.45 - 19.00 | C57: 35 | D57: 40 | E57: 20 | F57: 5 | G57: 0 | H57: 1 | I57: 15 | J57: 4 | K57: 2 | L57: 2 | M57: 500 | N57: 0 | O57: =SUM(C57:L57,N57) -> 124 | P57: =SUM(C57:N57) -> 624
B58: Totals | C58: =SUM(C10:C57) -> 2436 | D58: =SUM(D10:D57) -> 894 | E58: =SUM(E10:E57) -> 490 | F58: =SUM(F10:F57) -> 1693 | G58: =SUM(G10:G57) -> 70 | H58: =SUM(H10:H57) -> 12 | I58: =SUM(I10:I57) -> 523 | J58: =SUM(J10:J57) -> 217 | ... P58: =SUM(P10:P57) -> 27491
B59: %ges + MCs | C59: =C58/$P$58 -> 0.088610818 | D59: =D58/$P$58 -> 0.032519734 | E59: =E58/$P$58 -> 0.017824015 | F59: =F58/$P$58 -> 0.061583791 | G59: =G58/$P$58 -> 0.0025462879 | H59: =H58/$P$58 -> 0.00043650649 | I59: =I58/$P$58 -> 0.019024408 | J59: =J58/$P$58 -> 0.0078934924 | ... N59: =N58/$P$58 -> 0.00014550216
B60: %ges w/o MCs | C60: =C58/$O$58 -> 0.37004405 | D60: =D58/$O$58 -> 0.13580434 | E60: =E58/$O$58 -> 0.074434149 | F60: =F58/$O$58 -> 0.25717758 | G60: =G58/$O$58 -> 0.01063345 | H60: =H58/$O$58 -> 0.0018228771 | I60: =I58/$O$58 -> 0.079447061 | J60: =J58/$O$58 -> 0.032963694 | ... L60: =L58/$O$58 -> 0.026735531 | N60: =N58/$O$58 -> 0.0006076257

Sheet 30.07 Nsambya-ClockTower
B1: Consultancy services for Preparation of Expressway Development Master Plan (EDMP) for Uganda
B2: MANUAL CLASSIFIED COUNT (MCC)
B3: ROAD NAME: | C3: ='29.07 Nsambya-ClockTower'!C3:G3 -> MCC - C1 - STN50 - NSAMBYA ROAD
C5: Date | D5: ='30.07 ClockTower-Nsambya'!D5 -> 30.07.19 | F5: Location | G5: ='29.07 ClockTower-Nsambya'!G5:H5 -> Gapco | J5: Surveyor | K5: ='29.07 Nsambya-ClockTower'!K5:L5 -> Kizito Godfrey
C6: Dir. From | D6: ='29.07 Nsambya-ClockTower'!D6:E6 -> Nsambya | F6: Dir. To | G6: ='29.07 Nsambya-ClockTower'!G6:H6 -> ClockTower | J6: Supervisor | K6: ='29.07 ClockTower-Nsambya'!K6:L6 -> Felix
B8: Time / Veh Type | R8: SUMMARY TRAFFIC VOLUMES
C9: 1. Car | D9: 2. Station Wagon | E9: 3. Pickups | F9: 4. Minibus, matatu | G9: 5. Medium bus | H9: 6. Large Bus | I9: 7. Light Truck | J9: 8. Medium Truck | K9: 9. Heavy truck | L9: 10. Truck Trailer | M9: 11. Motor cycles | N9: 12. Tractors | O9: Total Excl M/Cycles | P9: Total All | R9: Time | S9: 1. Car | T9: 2. Station Wagon | U9: 3. Pickups | V9: 4. Minibus, matatu | W9: 5. Medium bus | X9: 6. Large Bus | Y9: 7. Light Truck | Z9: 8. Medium Truck | AA9: 9. Heavy truck | AB9: 10. Truck Trailer | AC9: 11. Motorcycles | AD9: 12. Tractors, Graders | AE9: Total Excl M/ Cycles | AF9: Total All
B10: 07.00 - 07.15 | C10: 93 | D10: 15 | E10: 7 | F10: 80 | G10: 1 | H10: 2 | I10: 2 | J10: 1 | K10: 2 | L10: 7 | M10: 310 | N10: 1 | O10: =SUM(C10:L10,N10) -> 211 | P10: =SUM(C10:N10) -> 521 | R10: 0700-0800 | S10: =SUM(C10:C13) -> 448 | T10: =SUM(D10:D13) -> 55 | U10: =SUM(E10:E13) -> 24 | V10: =SUM(F10:F13) -> 461 | W10: =SUM(G10:G13) -> 3 | X10: =SUM(H10:H13) -> 2 | Y10: =SUM(I10:I13) -> 10 | Z10: =SUM(J10:J13) -> 5 | ... AF10: =SUM(P10:P13) -> 2515
B11: 07.15 - 07.30 | C11: 70 | D11: 20 | E11: 8 | F11: 130 | G11: 0 | H11: 0 | I11: 2 | J11: 1 | K11: 3 | L11: 0 | M11: 335 | N11: 1 | O11: =SUM(C11:L11,N11) -> 235 | P11: =SUM(C11:N11) -> 570 | R11: 0800-0900 | S11: =SUM(C14:C17) -> 399 | T11: =SUM(D14:D17) -> 52 | U11: =SUM(E14:E17) -> 37 | V11: =SUM(F14:F17) -> 245 | W11: =SUM(G14:G17) -> 7 | X11: =SUM(H14:H17) -> 2 | Y11: =SUM(I14:I17) -> 11 | Z11: =SUM(J14:J17) -> 7 | ... AF11: =SUM(P14:P17) -> 2775
B12: 07.30 - 07.45 | C12: 130 | D12: 7 | E12: 6 | F12: 136 | G12: 0 | H12: 0 | I12: 3 | J12: 0 | K12: 0 | L12: 0 | M12: 375 | N12: 0 | O12: =SUM(C12:L12,N12) -> 282 | P12: =SUM(C12:N12) -> 657 | R12: 0900-1000 | S12: =SUM(C18:C21) -> 410 | T12: =SUM(D18:D21) -> 97 | U12: =SUM(E18:E21) -> 58 | V12: =SUM(F18:F21) -> 322 | W12: =SUM(G18:G21) -> 4 | X12: =SUM(H18:H21) -> 1 | Y12: =SUM(I18:I21) -> 22 | Z12: =SUM(J18:J21) -> 17 | ... AF12: =SUM(P18:P21) -> 2702
B13: 07.45 - 08.00 | C13: 155 | D13: 13 | E13: 3 | F13: 115 | G13: 2 | H13: 0 | I13: 3 | J13: 3 | K13: 2 | L13: 2 | M13: 465 | N13: 4 | O13: =SUM(C13:L13,N13) -> 302 | P13: =SUM(C13:N13) -> 767 | R13: 1000-1100 | S13: =SUM(C22:C25) -> 308 | T13: =SUM(D22:D25) -> 56 | U13: =SUM(E22:E25) -> 41 | V13: =SUM(F22:F25) -> 253 | W13: =SUM(G22:G25) -> 5 | X13: =SUM(H22:H25) -> 0 | Y13: =SUM(I22:I25) -> 31 | Z13: =SUM(J22:J25) -> 21 | ... AF13: =SUM(P22:P25) -> 2610
B14: 08.00 - 08.15 | C14: 100 | D14: 13 | E14: 9 | F14: 95 | G14: 1 | H14: 0 | I14: 3 | J14: 1 | K14: 1 | L14: 2 | M14: 503 | N14: 0 | O14: =SUM(C14:L14,N14) -> 225 | P14: =SUM(C14:N14) -> 728 | R14: 1100-1200 | S14: =SUM(C26:C29) -> 245 | T14: =SUM(D26:D29) -> 81 | U14: =SUM(E26:E29) -> 29 | V14: =SUM(F26:F29) -> 285 | W14: =SUM(G26:G29) -> 7 | X14: =SUM(H26:H29) -> 0 | Y14: =SUM(I26:I29) -> 22 | Z14: =SUM(J26:J29) -> 26 | ... AF14: =SUM(P26:P29) -> 2338
B15: 08.15 - 08.30 | C15: 135 | D15: 8 | E15: 11 | F15: 40 | G15: 1 | H15: 0 | I15: 3 | J15: 1 | K15: 2 | L15: 7 | M15: 468 | N15: 0 | O15: =SUM(C15:L15,N15) -> 208 | P15: =SUM(C15:N15) -> 676 | R15: 1200-1300 | S15: =SUM(C30:C33) -> 275 | T15: =SUM(D30:D33) -> 81 | U15: =SUM(E30:E33) -> 36 | V15: =SUM(F30:F33) -> 372 | W15: =SUM(G30:G33) -> 6 | X15: =SUM(H30:H33) -> 1 | Y15: =SUM(I30:I33) -> 30 | Z15: =SUM(J30:J33) -> 24 | ... AF15: =SUM(P30:P33) -> 2683
B16: 08.30 - 08.45 | C16: 90 | D16: 15 | E16: 8 | F16: 65 | G16: 1 | H16: 1 | I16: 4 | J16: 2 | K16: 2 | L16: 4 | M16: 497 | N16: 1 | O16: =SUM(C16:L16,N16) -> 193 | P16: =SUM(C16:N16) -> 690 | R16: 1300-1400 | S16: =SUM(C34:C37) -> 413 | T16: =SUM(D34:D37) -> 46 | U16: =SUM(E34:E37) -> 41 | V16: =SUM(F34:F37) -> 354 | W16: =SUM(G34:G37) -> 10 | X16: =SUM(H34:H37) -> 0 | Y16: =SUM(I34:I37) -> 46 | Z16: =SUM(J34:J37) -> 16 | ... AF16: =SUM(P34:P37) -> 2656
B17: 08.45 - 9.00 | C17: 74 | D17: 16 | E17: 9 | F17: 45 | G17: 4 | H17: 1 | I17: 1 | J17: 3 | K17: 3 | L17: 0 | M17: 525 | N17: 0 | O17: =SUM(C17:L17,N17) -> 156 | P17: =SUM(C17:N17) -> 681 | R17: 1400-1500 | S17: =SUM(C38:C41) -> 438 | T17: =SUM(D38:D41) -> 70 | U17: =SUM(E38:E41) -> 62 | V17: =SUM(F38:F41) -> 356 | W17: =SUM(G38:G41) -> 5 | X17: =SUM(H38:H41) -> 4 | Y17: =SUM(I38:I41) -> 40 | Z17: =SUM(J38:J41) -> 28 | ... AF17: =SUM(P38:P41) -> 2560
B18: 09.00 - 09.15 | C18: 165 | D18: 39 | E18: 22 | F18: 55 | G18: 0 | H18: 0 | I18: 8 | J18: 3 | K18: 3 | L18: 2 | M18: 402 | N18: 0 | O18: =SUM(C18:L18,N18) -> 297 | P18: =SUM(C18:N18) -> 699 | R18: 1500-1600 | S18: =SUM(C42:C45) -> 390 | T18: =SUM(D42:D45) -> 34 | U18: =SUM(E42:E45) -> 29 | V18: =SUM(F42:F45) -> 380 | W18: =SUM(G42:G45) -> 3 | X18: =SUM(H42:H45) -> 0 | Y18: =SUM(I42:I45) -> 165 | Z18: =SUM(J42:J45) -> 22 | ... AF18: =SUM(P42:P45) -> 2135
B19: 09.15 - 09.30 | C19: 75 | D19: 28 | E19: 17 | F19: 65 | G19: 2 | H19: 0 | I19: 3 | J19: 6 | K19: 4 | L19: 3 | M19: 445 | N19: 0 | O19: =SUM(C19:L19,N19) -> 203 | P19: =SUM(C19:N19) -> 648 | R19: 1600-1700 | S19: =SUM(C46:C49) -> 265 | T19: =SUM(D46:D49) -> 63 | U19: =SUM(E46:E49) -> 32 | V19: =SUM(F46:F49) -> 563 | W19: =SUM(G46:G49) -> 8 | X19: =SUM(H46:H49) -> 0 | Y19: =SUM(I46:I49) -> 45 | Z19: =SUM(J46:J49) -> 34 | ... AF19: =SUM(P46:P49) -> 2489
B20: 09.30 - 09.45 | C20: 75 | D20: 15 | E20: 10 | F20: 120 | G20: 0 | H20: 0 | I20: 4 | J20: 4 | K20: 2 | L20: 3 | M20: 490 | N20: 0 | O20: =SUM(C20:L20,N20) -> 233 | P20: =SUM(C20:N20) -> 723 | R20: 1700-1800 | S20: =SUM(C50:C53) -> 345 | T20: =SUM(D50:D53) -> 30 | U20: =SUM(E50:E53) -> 72 | V20: =SUM(F50:F53) -> 345 | W20: =SUM(G50:G53) -> 5 | X20: =SUM(H50:H53) -> 2 | Y20: =SUM(I50:I53) -> 45 | Z20: =SUM(J50:J53) -> 28 | ... AF20: =SUM(P50:P53) -> 2894
B21: 09.45 - 10.00 | C21: 95 | D21: 15 | E21: 9 | F21: 82 | G21: 2 | H21: 1 | I21: 7 | J21: 4 | K21: 0 | L21: 2 | M21: 415 | N21: 0 | O21: =SUM(C21:L21,N21) -> 217 | P21: =SUM(C21:N21) -> 632 | R21: 1800-1900 | S21: =SUM(C54:C57) -> 288 | T21: =SUM(D54:D57) -> 29 | U21: =SUM(E54:E57) -> 104 | V21: =SUM(F54:F57) -> 211 | W21: =SUM(G54:G57) -> 5 | X21: =SUM(H54:H57) -> 2 | Y21: =SUM(I54:I57) -> 36 | Z21: =SUM(J54:J57) -> 26 | ... AF21: =SUM(P54:P57) -> 2644
B22: 10.00 - 10.15 | C22: 72 | D22: 7 | E22: 12 | F22: 65 | G22: 0 | H22: 0 | I22: 9 | J22: 3 | K22: 1 | L22: 3 | M22: 535 | N22: 0 | O22: =SUM(C22:L22,N22) -> 172 | P22: =SUM(C22:N22) -> 707 | R22: AM Peak Hr | S22: =MAX(S10:S12) -> 448 | T22: =MAX(T10:T12) -> 97 | U22: =MAX(U10:U12) -> 58 | V22: =MAX(V10:V12) -> 461 | W22: =MAX(W10:W12) -> 7 | X22: =MAX(X10:X12) -> 2 | Y22: =MAX(Y10:Y12) -> 22 | Z22: =MAX(Z10:Z12) -> 17 | ... AF22: =MAX(AF10:AF12) -> 2775
B23: 10.15 - 10.30 | C23: 56 | D23: 21 | E23: 9 | F23: 90 | G23: 2 | H23: 0 | I23: 8 | J23: 7 | K23: 3 | L23: 2 | M23: 467 | N23: 1 | O23: =SUM(C23:L23,N23) -> 199 | P23: =SUM(C23:N23) -> 666 | R23: IP Peak Hr | S23: =MAX(S13:S18) -> 438 | T23: =MAX(T13:T18) -> 81 | U23: =MAX(U13:U18) -> 62 | V23: =MAX(V13:V18) -> 380 | W23: =MAX(W13:W18) -> 10 | X23: =MAX(X13:X18) -> 4 | Y23: =MAX(Y13:Y18) -> 165 | Z23: =MAX(Z13:Z18) -> 28 | ... AF23: =MAX(AF13:AF18) -> 2683
B24: 10.30 - 10.45 | C24: 80 | D24: 15 | E24: 12 | F24: 80 | G24: 2 | H24: 0 | I24: 8 | J24: 6 | K24: 1 | L24: 6 | M24: 463 | N24: 1 | O24: =SUM(C24:L24,N24) -> 211 | P24: =SUM(C24:N24) -> 674 | R24: PM Peak Hr | S24: =MAX(S19:S21) -> 345 | T24: =MAX(T19:T21) -> 63 | U24: =MAX(U19:U21) -> 104 | V24: =MAX(V19:V21) -> 563 | W24: =MAX(W19:W21) -> 8 | X24: =MAX(X19:X21) -> 2 | Y24: =MAX(Y19:Y21) -> 45 | Z24: =MAX(Z19:Z21) -> 34 | ... AF24: =MAX(AF19:AF21) -> 2894
B25: 10.45 - 11.00 | C25: 100 | D25: 13 | E25: 8 | F25: 18 | G25: 1 | H25: 0 | I25: 6 | J25: 5 | K25: 0 | L25: 2 | M25: 410 | N25: 0 | O25: =SUM(C25:L25,N25) -> 153 | P25: =SUM(C25:N25) -> 563 | R25: AM Period | S25: =SUM(S10:S12) -> 1257 | T25: =SUM(T10:T12) -> 204 | U25: =SUM(U10:U12) -> 119 | V25: =SUM(V10:V12) -> 1028 | W25: =SUM(W10:W12) -> 14 | X25: =SUM(X10:X12) -> 5 | Y25: =SUM(Y10:Y12) -> 43 | Z25: =SUM(Z10:Z12) -> 29 | ... AF25: =SUM(AF10:AF12) -> 7992
B26: 11.00 - 11.15 | C26: 35 | D26: 12 | E26: 7 | F26: 70 | G26: 3 | H26: 0 | I26: 6 | J26: 5 | K26: 3 | L26: 417 | M26: 0 | N26: 0 | O26: =SUM(C26:L26,N26) -> 558 | P26: =SUM(C26:N26) -> 558 | R26: IP Period | S26: =SUM(S13:S18) -> 2069 | T26: =SUM(T13:T18) -> 368 | U26: =SUM(U13:U18) -> 238 | V26: =SUM(V13:V18) -> 2000 | W26: =SUM(W13:W18) -> 36 | X26: =SUM(X13:X18) -> 5 | Y26: =SUM(Y13:Y18) -> 334 | Z26: =SUM(Z13:Z18) -> 137 | ... AF26: =SUM(AF13:AF18) -> 14982
B27: 11.15 - 11.30 | C27: 45 | D27: 24 | E27: 9 | F27: 85 | G27: 1 | H27: 0 | I27: 4 | J27: 6 | K27: 7 | L27: 6 | M27: 391 | N27: 0 | O27: =SUM(C27:L27,N27) -> 187 | P27: =SUM(C27:N27) -> 578 | R27: PM Period | S27: =SUM(S19:S21) -> 898 | T27: =SUM(T19:T21) -> 122 | U27: =SUM(U19:U21) -> 208 | V27: =SUM(V19:V21) -> 1119 | W27: =SUM(W19:W21) -> 18 | X27: =SUM(X19:X21) -> 4 | Y27: =SUM(Y19:Y21) -> 126 | Z27: =SUM(Z19:Z21) -> 88 | ... AF27: =SUM(AF19:AF21) -> 8027
B28: 11.30 - 11.45 | C28: 60 | D28: 20 | E28: 7 | F28: 80 | G28: 2 | H28: 0 | I28: 7 | J28: 4 | K28: 5 | L28: 4 | M28: 405 | N28: 0 | O28: =SUM(C28:L28,N28) -> 189 | P28: =SUM(C28:N28) -> 594 | R28: 12 Hours | S28: =SUM(S10:S21) -> 4224 | T28: =SUM(T10:T21) -> 694 | U28: =SUM(U10:U21) -> 565 | V28: =SUM(V10:V21) -> 4147 | W28: =SUM(W10:W21) -> 68 | X28: =SUM(X10:X21) -> 14 | Y28: =SUM(Y10:Y21) -> 503 | Z28: =SUM(Z10:Z21) -> 254 | ... AF28: =SUM(AF10:AF21) -> 31001
B29: 11.45 - 12.00 | C29: 105 | D29: 25 | E29: 6 | F29: 50 | G29: 1 | H29: 0 | I29: 5 | J29: 11 | K29: 0 | L29: 4 | M29: 401 | N29: 0 | O29: =SUM(C29:L29,N29) -> 207 | P29: =SUM(C29:N29) -> 608
B30: 12.00 - 12.15 | C30: 46 | D30: 18 | E30: 5 | F30: 90 | G30: 2 | H30: 1 | I30: 3 | J30: 6 | K30: 4 | L30: 9 | M30: 472 | N30: 0 | O30: =SUM(C30:L30,N30) -> 184 | P30: =SUM(C30:N30) -> 656
B31: 12.15 - 12.30 | C31: 93 | D31: 13 | E31: 14 | F31: 95 | G31: 2 | H31: 0 | I31: 12 | J31: 3 | K31: 2 | L31: 7 | M31: 445 | N31: 0 | O31: =SUM(C31:L31,N31) -> 241 | P31: =SUM(C31:N31) -> 686
B32: 12.30 - 12.45 | C32: 75 | D32: 41 | E32: 9 | F32: 97 | G32: 1 | H32: 0 | I32: 7 | J32: 8 | K32: 5 | L32: 11 | M32: 435 | N32: 0 | O32: =SUM(C32:L32,N32) -> 254 | P32: =SUM(C32:N32) -> 689
B33: 12.45 - 13.00 | C33: 61 | D33: 9 | E33: 8 | F33: 90 | G33: 1 | H33: 0 | I33: 8 | J33: 7 | K33: 6 | L33: 8 | M33: 454 | N33: 0 | O33: =SUM(C33:L33,N33) -> 198 | P33: =SUM(C33:N33) -> 652
B34: 13.00 - 13.15 | C34: 121 | D34: 20 | E34: 11 | F34: 59 | G34: 1 | H34: 0 | I34: 8 | J34: 9 | K34: 2 | L34: 5 | M34: 420 | N34: 0 | O34: =SUM(C34:L34,N34) -> 236 | P34: =SUM(C34:N34) -> 656
B35: 13.15 - 13.30 | C35: 50 | D35: 12 | E35: 10 | F35: 105 | G35: 3 | H35: 0 | I35: 10 | J35: 2 | K35: 1 | L35: 5 | M35: 449 | N35: 1 | O35: =SUM(C35:L35,N35) -> 199 | P35: =SUM(C35:N35) -> 648
B36: 13.30 - 13.45 | C36: 90 | D36: 10 | E36: 12 | F36: 110 | G36: 4 | H36: 0 | I36: 16 | J36: 0 | K36: 6 | L36: 7 | M36: 386 | N36: 0 | O36: =SUM(C36:L36,N36) -> 255 | P36: =SUM(C36:N36) -> 641
B37: 13.45 - 14.00 | C37: 152 | D37: 4 | E37: 8 | F37: 80 | G37: 2 | H37: 0 | I37: 12 | J37: 5 | K37: 8 | L37: 5 | M37: 435 | N37: 0 | O37: =SUM(C37:L37,N37) -> 276 | P37: =SUM(C37:N37) -> 711
B38: 14.00 - 14.15 | C38: 175 | D38: 10 | E38: 17 | F38: 71 | G38: 1 | H38: 0 | I38: 6 | J38: 7 | K38: 3 | L38: 9 | M38: 444 | N38: 0 | O38: =SUM(C38:L38,N38) -> 299 | P38: =SUM(C38:N38) -> 743
B39: 14.15 - 14.30 | C39: 75 | D39: 5 | E39: 17 | F39: 110 | G39: 3 | H39: 3 | I39: 16 | J39: 8 | K39: 5 | L39: 4 | M39: 380 | N39: 0 | O39: =SUM(C39:L39,N39) -> 246 | P39: =SUM(C39:N39) -> 626
B40: 14.30 - 14.45 | C40: 83 | D40: 11 | E40: 12 | F40: 95 | G40: 1 | H40: 0 | I40: 10 | J40: 6 | K40: 4 | L40: 8 | M40: 355 | N40: 0 | O40: =SUM(C40:L40,N40) -> 230 | P40: =SUM(C40:N40) -> 585
... B57: 18.45 - 19.00 | C57: 50 | D57: 9 | E57: 8 | F57: 35 | G57: 1 | H57: 2 | I57: 6 | J57: 7 | K57: 9 | L57: 12 | M57: 463 | N57: 0 | O57: =SUM(C57:L57,N57) -> 139 | P57: =SUM(C57:N57) -> 602
B58: Totals | C58: =SUM(C10:C57) -> 4224 | D58: =SUM(D10:D57) -> 694 | E58: =SUM(E10:E57) -> 565 | F58: =SUM(F10:F57) -> 4147 | G58: =SUM(G10:G57) -> 68 | H58: =SUM(H10:H57) -> 14 | I58: =SUM(I10:I57) -> 503 | J58: =SUM(J10:J57) -> 254 | ... P58: =SUM(P10:P57) -> 31001
B59: %ges + MCs | C59: =C58/$P$58 -> 0.13625367 | D59: =D58/$P$58 -> 0.022386375 | E59: =E58/$P$58 -> 0.018225219 | F59: =F58/$P$58 -> 0.13376988 | G59: =G58/$P$58 -> 0.0021934776 | H59: =H58/$P$58 -> 0.00045159834 | I59: =I58/$P$58 -> 0.016225283 | J59: =J58/$P$58 -> 0.0081932841 | ... N59: =N58/$P$58 -> 0.00035482726
B60: %ges w/o MCs | C60: =C58/$O$58 -> 0.37357389 | D60: =D58/$O$58 -> 0.061377907 | E60: =E58/$O$58 -> 0.049969046 | F60: =F58/$O$58 -> 0.36676395 | G60: =G58/$O$58 -> 0.0060139736 | H60: =H58/$O$58 -> 0.001238171 | I60: =I58/$O$58 -> 0.044485717 | J60: =J58/$O$58 -> 0.02246396 | ... L60: =L58/$O$58 -> 0.060228177 | N60: =N58/$O$58 -> 0.00097284868

Sheet 31.07 ClockTower-Nsambya
B1: Consultancy services for Preparation of Expressway Development Master Plan (EDMP) for Uganda
B2: MANUAL CLASSIFIED COUNT (MCC)
B3: ROAD NAME: | C3: ='29.07 ClockTower-Nsambya'!C3:G3 -> MCC - C1 - STN50 - NSAMBYA ROAD
C5: Date | D5: 31.07.19 | F5: Location | G5: ='29.07 ClockTower-Nsambya'!G5:H5 -> Gapco | J5: Surveyor | K5: ='29.07 ClockTower-Nsambya'!K5:L5 -> Adong Agnes
C6: Dir. From | D6: ='29.07 ClockTower-Nsambya'!D6:E6 -> Clock Tower | F6: Dir. To | G6: ='29.07 ClockTower-Nsambya'!G6:H6 -> Nsambya | J6: Supervisor | K6: ='29.07 ClockTower-Nsambya'!K6:L6 -> Felix
B8: Time / Veh Type | R8: SUMMARY TRAFFIC VOLUMES
C9: 1. Car | D9: 2. Station Wagon | E9: 3. Pickups | F9: 4. Minibus, matatu | G9: 5. Medium bus | H9: 6. Large Bus | I9: 7. Light Truck | J9: 8. Medium Truck | K9: 9. Heavy truck | L9: 10. Truck Trailer | M9: 11. Motor cycles | N9: 12. Tractors | O9: Total Excl M/Cycles | P9: Total All | R9: Time | S9: 1. Car | T9: 2. Station Wagon | U9: 3. Pickups | V9: 4. Minibus, matatu | W9: 5. Medium bus | X9: 6. Large Bus | Y9: 7. Light Truck | Z9: 8. Medium Truck | AA9: 9. Heavy truck | AB9: 10. Truck Trailer | AC9: 11. Motorcycles | AD9: 12. Tractors, Graders | AE9: Total Excl M/ Cycles | AF9: Total All
B10: 07.00 - 07.15 | C10: 90 | D10: 9 | E10: 8 | F10: 60 | G10: 1 | H10: 1 | I10: 5 | J10: 6 | K10: 3 | L10: 5 | M10: 298 | N10: 0 | O10: =SUM(C10:L10,N10) -> 188 | P10: =SUM(C10:N10) -> 486 | R10: 0700-0800 | S10: =SUM(C10:C13) -> 402 | T10: =SUM(D10:D13) -> 49 | U10: =SUM(E10:E13) -> 42 | V10: =SUM(F10:F13) -> 236 | W10: =SUM(G10:G13) -> 5 | X10: =SUM(H10:H13) -> 2 | Y10: =SUM(I10:I13) -> 31 | Z10: =SUM(J10:J13) -> 14 | ... AF10: =SUM(P10:P13) -> 2223
B11: 07.15 - 07.30 | C11: 75 | D11: 8 | E11: 13 | F11: 55 | G11: 2 | H11: 0 | I11: 9 | J11: 3 | K11: 2 | L11: 6 | M11: 315 | N11: 0 | O11: =SUM(C11:L11,N11) -> 173 | P11: =SUM(C11:N11) -> 488 | R11: 0800-0900 | S11: =SUM(C14:C17) -> 485 | T11: =SUM(D14:D17) -> 62 | U11: =SUM(E14:E17) -> 51 | V11: =SUM(F14:F17) -> 273 | W11: =SUM(G14:G17) -> 2 | X11: =SUM(H14:H17) -> 1 | Y11: =SUM(I14:I17) -> 25 | Z11: =SUM(J14:J17) -> 9 | ... AF11: =SUM(P14:P17) -> 2563
B12: 07.30 - 07.45 | C12: 110 | D12: 15 | E12: 15 | F12: 56 | G12: 2 | H12: 0 | I12: 4 | J12: 3 | K12: 4 | L12: 1 | M12: 388 | N12: 1 | O12: =SUM(C12:L12,N12) -> 211 | P12: =SUM(C12:N12) -> 599 | R12: 0900-1000 | S12: =SUM(C18:C21) -> 450 | T12: =SUM(D18:D21) -> 42 | U12: =SUM(E18:E21) -> 48 | V12: =SUM(F18:F21) -> 396 | W12: =SUM(G18:G21) -> 9 | X12: =SUM(H18:H21) -> 2 | Y12: =SUM(I18:I21) -> 31 | Z12: =SUM(J18:J21) -> 16 | ... AF12: =SUM(P18:P21) -> 3255
B13: 07.45 - 08.00 | C13: 127 | D13: 17 | E13: 6 | F13: 65 | G13: 0 | H13: 1 | I13: 13 | J13: 2 | K13: 1 | L13: 2 | M13: 416 | N13: 0 | O13: =SUM(C13:L13,N13) -> 234 | P13: =SUM(C13:N13) -> 650 | R13: 1000-1100 | S13: =SUM(C22:C25) -> 356 | T13: =SUM(D22:D25) -> 57 | U13: =SUM(E22:E25) -> 47 | V13: =SUM(F22:F25) -> 449 | W13: =SUM(G22:G25) -> 8 | X13: =SUM(H22:H25) -> 2 | Y13: =SUM(I22:I25) -> 36 | Z13: =SUM(J22:J25) -> 23 | ... AF13: =SUM(P22:P25) -> 3027
B14: 08.00 - 08.15 | C14: 140 | D14: 21 | E14: 11 | F14: 70 | G14: 1 | H14: 0 | I14: 8 | J14: 3 | K14: 8 | L14: 1 | M14: 406 | N14: 0 | O14: =SUM(C14:L14,N14) -> 263 | P14: =SUM(C14:N14) -> 669 | R14: 1100-1200 | S14: =SUM(C26:C29) -> 380 | T14: =SUM(D26:D29) -> 62 | U14: =SUM(E26:E29) -> 52 | V14: =SUM(F26:F29) -> 402 | W14: =SUM(G26:G29) -> 7 | X14: =SUM(H26:H29) -> 1 | Y14: =SUM(I26:I29) -> 39 | Z14: =SUM(J26:J29) -> 24 | ... AF14: =SUM(P26:P29) -> 3065
B15: 08.15 - 08.30 | C15: 90 | D15: 7 | E15: 12 | F15: 66 | G15: 0 | H15: 0 | I15: 7 | J15: 2 | K15: 3 | L15: 2 | M15: 387 | N15: 0 | O15: =SUM(C15:L15,N15) -> 189 | P15: =SUM(C15:N15) -> 576 | R15: 1200-1300 | S15: =SUM(C30:C33) -> 414 | T15: =SUM(D30:D33) -> 39 | U15: =SUM(E30:E33) -> 36 | V15: =SUM(F30:F33) -> 435 | W15: =SUM(G30:G33) -> 8 | X15: =SUM(H30:H33) -> 3 | Y15: =SUM(I30:I33) -> 32 | Z15: =SUM(J30:J33) -> 32 | ... AF15: =SUM(P30:P33) -> 3005
B16: 08.30 - 08.45 | C16: 105 | D16: 23 | E16: 16 | F16: 60 | G16: 1 | H16: 0 | I16: 5 | J16: 2 | K16: 4 | L16: 2 | M16: 418 | N16: 1 | O16: =SUM(C16:L16,N16) -> 219 | P16: =SUM(C16:N16) -> 637 | R16: 1300-1400 | S16: =SUM(C34:C37) -> 405 | T16: =SUM(D34:D37) -> 61 | U16: =SUM(E34:E37) -> 69 | V16: =SUM(F34:F37) -> 360 | W16: =SUM(G34:G37) -> 14 | X16: =SUM(H34:H37) -> 3 | Y16: =SUM(I34:I37) -> 47 | Z16: =SUM(J34:J37) -> 39 | ... AF16: =SUM(P34:P37) -> 3132
B17: 08.45 - 9.00 | C17: 150 | D17: 11 | E17: 12 | F17: 77 | G17: 0 | H17: 1 | I17: 5 | J17: 2 | K17: 0 | L17: 1 | M17: 422 | N17: 0 | O17: =SUM(C17:L17,N17) -> 259 | P17: =SUM(C17:N17) -> 681 | R17: 1400-1500 | S17: =SUM(C38:C41) -> 430 | T17: =SUM(D38:D41) -> 62 | U17: =SUM(E38:E41) -> 57 | V17: =SUM(F38:F41) -> 343 | W17: =SUM(G38:G41) -> 13 | X17: =SUM(H38:H41) -> 0 | Y17: =SUM(I38:I41) -> 47 | Z17: =SUM(J38:J41) -> 33 | ... AF17: =SUM(P38:P41) -> 3313
B18: 09.00 - 09.15 | C18: 115 | D18: 12 | E18: 6 | F18: 100 | G18: 3 | H18: 1 | I18: 9 | J18: 8 | K18: 0 | L18: 0 | M18: 685 | N18: 1 | O18: =SUM(C18:L18,N18) -> 255 | P18: =SUM(C18:N18) -> 940 | R18: 1500-1600 | S18: =SUM(C42:C45) -> 378 | T18: =SUM(D42:D45) -> 95 | U18: =SUM(E42:E45) -> 67 | V18: =SUM(F42:F45) -> 424 | W18: =SUM(G42:G45) -> 7 | X18: =SUM(H42:H45) -> 0 | Y18: =SUM(I42:I45) -> 52 | Z18: =SUM(J42:J45) -> 29 | ... AF18: =SUM(P42:P45) -> 3297
B19: 09.15 - 09.30 | C19: 170 | D19: 12 | E19: 23 | F19: 80 | G19: 0 | H19: 0 | I19: 2 | J19: 1 | K19: 0 | L19: 3 | M19: 625 | N19: 0 | O19: =SUM(C19:L19,N19) -> 291 | P19: =SUM(C19:N19) -> 916 | R19: 1600-1700 | S19: =SUM(C46:C49) -> 393 | T19: =SUM(D46:D49) -> 66 | U19: =SUM(E46:E49) -> 59 | V19: =SUM(F46:F49) -> 390 | W19: =SUM(G46:G49) -> 4 | X19: =SUM(H46:H49) -> 0 | Y19: =SUM(I46:I49) -> 30 | Z19: =SUM(J46:J49) -> 31 | ... AF19: =SUM(P46:P49) -> 2777
B20: 09.30 - 09.45 | C20: 105 | D20: 8 | E20: 12 | F20: 106 | G20: 6 | H20: 1 | I20: 17 | J20: 3 | K20: 2 | L20: 1 | M20: 510 | N20: 1 | O20: =SUM(C20:L20,N20) -> 262 | P20: =SUM(C20:N20) -> 772 | R20: 1700-1800 | S20: =SUM(C50:C53) -> 380 | T20: =SUM(D50:D53) -> 47 | U20: =SUM(E50:E53) -> 62 | V20: =SUM(F50:F53) -> 281 | W20: =SUM(G50:G53) -> 4 | X20: =SUM(H50:H53) -> 0 | Y20: =SUM(I50:I53) -> 34 | Z20: =SUM(J50:J53) -> 20 | ... AF20: =SUM(P50:P53) -> 2569
B21: 09.45 - 10.00 | C21: 60 | D21: 10 | E21: 7 | F21: 110 | G21: 0 | H21: 0 | I21: 3 | J21: 4 | K21: 5 | L21: 2 | M21: 425 | N21: 1 | O21: =SUM(C21:L21,N21) -> 202 | P21: =SUM(C21:N21) -> 627 | R21: 1800-1900 | S21: =SUM(C54:C57) -> 248 | T21: =SUM(D54:D57) -> 45 | U21: =SUM(E54:E57) -> 33 | V21: =SUM(F54:F57) -> 172 | W21: =SUM(G54:G57) -> 5 | X21: =SUM(H54:H57) -> 2 | Y21: =SUM(I54:I57) -> 18 | Z21: =SUM(J54:J57) -> 23 | ... AF21: =SUM(P54:P57) -> 2693
B22: 10.00 - 10.15 | C22: 75 | D22: 7 | E22: 8 | F22: 135 | G22: 4 | H22: 1 | I22: 6 | J22: 3 | K22: 1 | L22: 5 | M22: 465 | N22: 0 | O22: =SUM(C22:L22,N22) -> 245 | P22: =SUM(C22:N22) -> 710 | R22: AM Peak Hr | S22: =MAX(S10:S12) -> 485 | T22: =MAX(T10:T12) -> 62 | U22: =MAX(U10:U12) -> 51 | V22: =MAX(V10:V12) -> 396 | W22: =MAX(W10:W12) -> 9 | X22: =MAX(X10:X12) -> 2 | Y22: =MAX(Y10:Y12) -> 31 | Z22: =MAX(Z10:Z12) -> 16 | ... AF22: =MAX(AF10:AF12) -> 3255
B23: 10.15 - 10.30 | C23: 95 | D23: 11 | E23: 12 | F23: 94 | G23: 0 | H23: 1 | I23: 13 | J23: 5 | K23: 5 | L23: 3 | M23: 475 | N23: 0 | O23: =SUM(C23:L23,N23) -> 239 | P23: =SUM(C23:N23) -> 714 | R23: IP Peak Hr | S23: =MAX(S13:S18) -> 430 | T23: =MAX(T13:T18) -> 95 | U23: =MAX(U13:U18) -> 69 | V23: =MAX(V13:V18) -> 449 | W23: =MAX(W13:W18) -> 14 | X23: =MAX(X13:X18) -> 3 | Y23: =MAX(Y13:Y18) -> 52 | Z23: =MAX(Z13:Z18) -> 39 | ... AF23: =MAX(AF13:AF18) -> 3313
B24: 10.30 - 10.45 | C24: 106 | D24: 9 | E24: 13 | F24: 120 | G24: 3 | H24: 0 | I24: 7 | J24: 6 | K24: 3 | L24: 5 | M24: 515 | N24: 0 | O24: =SUM(C24:L24,N24) -> 272 | P24: =SUM(C24:N24) -> 787 | R24: PM Peak Hr | S24: =MAX(S19:S21) -> 393 | T24: =MAX(T19:T21) -> 66 | U24: =MAX(U19:U21) -> 62 | V24: =MAX(V19:V21) -> 390 | W24: =MAX(W19:W21) -> 5 | X24: =MAX(X19:X21) -> 2 | Y24: =MAX(Y19:Y21) -> 34 | Z24: =MAX(Z19:Z21) -> 31 | ... AF24: =MAX(AF19:AF21) -> 2777
B25: 10.45 - 11.00 | C25: 80 | D25: 30 | E25: 14 | F25: 100 | G25: 1 | H25: 0 | I25: 10 | J25: 9 | K25: 1 | L25: 6 | M25: 565 | N25: 0 | O25: =SUM(C25:L25,N25) -> 251 | P25: =SUM(C25:N25) -> 816 | R25: AM Period | S25: =SUM(S10:S12) -> 1337 | T25: =SUM(T10:T12) -> 153 | U25: =SUM(U10:U12) -> 141 | V25: =SUM(V10:V12) -> 905 | W25: =SUM(W10:W12) -> 16 | X25: =SUM(X10:X12) -> 5 | Y25: =SUM(Y10:Y12) -> 87 | Z25: =SUM(Z10:Z12) -> 39 | ... AF25: =SUM(AF10:AF12) -> 8041
B26: 11.00 - 11.15 | C26: 135 | D26: 9 | E26: 6 | F26: 92 | G26: 1 | H26: 0 | I26: 12 | J26: 4 | K26: 5 | L26: 7 | M26: 585 | N26: 0 | O26: =SUM(C26:L26,N26) -> 271 | P26: =SUM(C26:N26) -> 856 | R26: IP Period | S26: =SUM(S13:S18) -> 2363 | T26: =SUM(T13:T18) -> 376 | U26: =SUM(U13:U18) -> 328 | V26: =SUM(V13:V18) -> 2413 | W26: =SUM(W13:W18) -> 57 | X26: =SUM(X13:X18) -> 9 | Y26: =SUM(Y13:Y18) -> 253 | Z26: =SUM(Z13:Z18) -> 180 | ... AF26: =SUM(AF13:AF18) -> 18839
B27: 11.15 - 11.30 | C27: 75 | D27: 23 | E27: 13 | F27: 100 | G27: 1 | H27: 1 | I27: 11 | J27: 6 | K27: 4 | L27: 9 | M27: 555 | N27: 0 | O27: =SUM(C27:L27,N27) -> 243 | P27: =SUM(C27:N27) -> 798 | R27: PM Period | S27: =SUM(S19:S21) -> 1021 | T27: =SUM(T19:T21) -> 158 | U27: =SUM(U19:U21) -> 154 | V27: =SUM(V19:V21) -> 843 | W27: =SUM(W19:W21) -> 13 | X27: =SUM(X19:X21) -> 2 | Y27: =SUM(Y19:Y21) -> 82 | Z27: =SUM(Z19:Z21) -> 74 | ... AF27: =SUM(AF19:AF21) -> 8039
B28: 11.30 - 11.45 | C28: 80 | D28: 16 | E28: 22 | F28: 70 | G28: 4 | H28: 0 | I28: 8 | J28: 8 | K28: 3 | L28: 2 | M28: 330 | N28: 0 | O28: =SUM(C28:L28,N28) -> 213 | P28: =SUM(C28:N28) -> 543 | R28: 12 Hours | S28: =SUM(S10:S21) -> 4721 | T28: =SUM(T10:T21) -> 687 | U28: =SUM(U10:U21) -> 623 | V28: =SUM(V10:V21) -> 4161 | W28: =SUM(W10:W21) -> 86 | X28: =SUM(X10:X21) -> 16 | Y28: =SUM(Y10:Y21) -> 422 | Z28: =SUM(Z10:Z21) -> 293 | ... AF28: =SUM(AF10:AF21) -> 34919
B29: 11.45 - 12.00 | C29: 90 | D29: 14 | E29: 11 | F29: 140 | G29: 1 | H29: 0 | I29: 8 | J29: 6 | K29: 3 | L29: 5 | M29: 590 | N29: 0 | O29: =SUM(C29:L29,N29) -> 278 | P29: =SUM(C29:N29) -> 868
B30: 12.00 - 12.15 | C30: 75 | D30: 10 | E30: 7 | F30: 110 | G30: 1 | H30: 1 | I30: 5 | J30: 6 | K30: 3 | L30: 2 | M30: 493 | N30: 0 | O30: =SUM(C30:L30,N30) -> 220 | P30: =SUM(C30:N30) -> 713
B31: 12.15 - 12.30 | C31: 120 | D31: 11 | E31: 13 | F31: 65 | G31: 2 | H31: 0 | I31: 11 | J31: 8 | K31: 4 | L31: 3 | M31: 482 | N31: 0 | O31: =SUM(C31:L31,N31) -> 237 | P31: =SUM(C31:N31) -> 719
B32: 12.30 - 12.45 | C32: 104 | D32: 12 | E32: 10 | F32: 130 | G32: 2 | H32: 1 | I32: 10 | J32: 10 | K32: 12 | L32: 12 | M32: 475 | N32: 0 | O32: =SUM(C32:L32,N32) -> 303 | P32: =SUM(C32:N32) -> 778
B33: 12.45 - 13.00 | C33: 115 | D33: 6 | E33: 6 | F33: 130 | G33: 3 | H33: 1 | I33: 6 | J33: 8 | K33: 3 | L33: 2 | M33: 515 | N33: 0 | O33: =SUM(C33:L33,N33) -> 280 | P33: =SUM(C33:N33) -> 795
B34: 13.00 - 13.15 | C34: 90 | D34: 9 | E34: 17 | F34: 70 | G34: 3 | H34: 2 | I34: 15 | J34: 13 | K34: 6 | L34: 9 | M34: 560 | N34: 1 | O34: =SUM(C34:L34,N34) -> 235 | P34: =SUM(C34:N34) -> 795
B35: 13.15 - 13.30 | C35: 85 | D35: 15 | E35: 14 | F35: 100 | G35: 6 | H35: 0 | I35: 12 | J35: 3 | K35: 5 | L35: 3 | M35: 533 | N35: 2 | O35: =SUM(C35:L35,N35) -> 245 | P35: =SUM(C35:N35) -> 778
B36: 13.30 - 13.45 | C36: 125 | D36: 25 | E36: 28 | F36: 85 | G36: 2 | H36: 0 | I36: 10 | J36: 9 | K36: 7 | L36: 4 | M36: 473 | N36: 0 | O36: =SUM(C36:L36,N36) -> 295 | P36: =SUM(C36:N36) -> 768
B37: 13.45 - 14.00 | C37: 105 | D37: 12 | E37: 10 | F37: 105 | G37: 3 | H37: 1 | I37: 10 | J37: 14 | K37: 6 | L37: 5 | M37: 520 | N37: 0 | O37: =SUM(C37:L37,N37) -> 271 | P37: =SUM(C37:N37) -> 791
B38: 14.00 - 14.15 | C38: 135 | D38: 20 | E38: 14 | F38: 88 | G38: 2 | H38: 0 | I38: 4 | J38: 8 | K38: 3 | L38: 10 | M38: 620 | N38: 7 | O38: =SUM(C38:L38,N38) -> 291 | P38: =SUM(C38:N38) -> 911
B39: 14.15 - 14.30 | C39: 90 | D39: 21 | E39: 22 | F39: 105 | G39: 8 | H39: 0 | I39: 11 | J39: 9 | K39: 4 | L39: 5 | M39: 565 | N39: 0 | O39: =SUM(C39:L39,N39) -> 275 | P39: =SUM(C39:N39) -> 840
B40: 14.30 - 14.45 | C40: 80 | D40: 9 | E40: 8 | F40: 60 | G40: 1 | H40: 0 | I40: 12 | J40: 5 | K40: 11 | L40: 4 | M40: 508 | N40: 0 | O40: =SUM(C40:L40,N40) -> 190 | P40: =SUM(C40:N40) -> 698
... B57: 18.45 - 19.00 | C57: 63 | D57: 9 | E57: 8 | F57: 30 | G57: 0 | H57: 1 | I57: 0 | J57: 2 | K57: 1 | L57: 0 | M57: 495 | N57: 0 | O57: =SUM(C57:L57,N57) -> 114 | P57: =SUM(C57:N57) -> 609
B58: Totals | C58: =SUM(C10:C57) -> 4721 | D58: =SUM(D10:D57) -> 687 | E58: =SUM(E10:E57) -> 623 | F58: =SUM(F10:F57) -> 4161 | G58: =SUM(G10:G57) -> 86 | H58: =SUM(H10:H57) -> 16 | I58: =SUM(I10:I57) -> 422 | J58: =SUM(J10:J57) -> 293 | ... P58: =SUM(P10:P57) -> 34919
B59: %ges + MCs | C59: =C58/$P$58 -> 0.1351986 | D59: =D58/$P$58 -> 0.019674103 | E59: =E58/$P$58 -> 0.01784129 | F59: =F58/$P$58 -> 0.11916149 | G59: =G58/$P$58 -> 0.0024628426 | H59: =H58/$P$58 -> 0.00045820327 | I59: =I58/$P$58 -> 0.012085111 | J59: =J58/$P$58 -> 0.0083908474 | ... N59: =N58/$P$58 -> 0.00057275409
B60: %ges w/o MCs | C60: =C58/$O$58 -> 0.41343375 | D60: =D58/$O$58 -> 0.060162886 | E60: =E58/$O$58 -> 0.054558192 | F60: =F58/$O$58 -> 0.36439268 | G60: =G58/$O$58 -> 0.0075313075 | H60: =H58/$O$58 -> 0.0014011735 | I60: =I58/$O$58 -> 0.036955951 | J60: =J58/$O$58 -> 0.025658989 | ... L60: =L58/$O$58 -> 0.016989228 | N60: =N58/$O$58 -> 0.0017514669

Sheet 31.07 Nsambya-ClockTower
B1: Consultancy services for Preparation of Expressway Development Master Plan (EDMP) for Uganda
B2: MANUAL CLASSIFIED COUNT (MCC)
B3: ROAD NAME: | C3: ='29.07 Nsambya-ClockTower'!C3:G3 -> MCC - C1 - STN50 - NSAMBYA ROAD
C5: Date | D5: ='31.07 ClockTower-Nsambya'!D5 -> 31.07.19 | F5: Location | G5: ='29.07 ClockTower-Nsambya'!G5:H5 -> Gapco | J5: Surveyor | K5: ='29.07 Nsambya-ClockTower'!K5:L5 -> Kizito Godfrey
C6: Dir. From | D6: ='29.07 Nsambya-ClockTower'!D6:E6 -> Nsambya | F6: Dir. To | G6: ='29.07 Nsambya-ClockTower'!G6:H6 -> ClockTower | J6: Supervisor | K6: ='29.07 ClockTower-Nsambya'!K6:L6 -> Felix
B8: Time / Veh Type | R8: SUMMARY TRAFFIC VOLUMES
C9: 1. Car | D9: 2. Station Wagon | E9: 3. Pickups | F9: 4. Minibus, matatu | G9: 5. Medium bus | H9: 6. Large Bus | I9: 7. Light Truck | J9: 8. Medium Truck | K9: 9. Heavy truck | L9: 10. Truck Trailer | M9: 11. Motor cycles | N9: 12. Tractors | O9: Total Excl M/Cycles | P9: Total All | R9: Time | S9: 1. Car | T9: 2. Station Wagon | U9: 3. Pickups | V9: 4. Minibus, matatu | W9: 5. Medium bus | X9: 6. Large Bus | Y9: 7. Light Truck | Z9: 8. Medium Truck | AA9: 9. Heavy truck | AB9: 10. Truck Trailer | AC9: 11. Motorcycles | AD9: 12. Tractors, Graders | AE9: Total Excl M/ Cycles | AF9: Total All
B10: 07.00 - 07.15 | C10: 70 | D10: 13 | E10: 5 | F10: 55 | G10: 1 | H10: 1 | I10: 5 | J10: 2 | K10: 1 | L10: 1 | M10: 649 | N10: 0 | O10: =SUM(C10:L10,N10) -> 154 | P10: =SUM(C10:N10) -> 803 | R10: 0700-0800 | S10: =SUM(C10:C13) -> 162 | T10: =SUM(D10:D13) -> 50 | U10: =SUM(E10:E13) -> 20 | V10: =SUM(F10:F13) -> 246 | W10: =SUM(G10:G13) -> 10 | X10: =SUM(H10:H13) -> 2 | Y10: =SUM(I10:I13) -> 12 | Z10: =SUM(J10:J13) -> 6 | ... AF10: =SUM(P10:P13) -> 2715
B11: 07.15 - 07.30 | C11: 30 | D11: 15 | E11: 9 | F11: 62 | G11: 5 | H11: 1 | I11: 3 | J11: 0 | K11: 0 | L11: 2 | M11: 525 | N11: 0 | O11: =SUM(C11:L11,N11) -> 127 | P11: =SUM(C11:N11) -> 652 | R11: 0800-0900 | S11: =SUM(C14:C17) -> 94 | T11: =SUM(D14:D17) -> 23 | U11: =SUM(E14:E17) -> 16 | V11: =SUM(F14:F17) -> 183 | W11: =SUM(G14:G17) -> 11 | X11: =SUM(H14:H17) -> 0 | Y11: =SUM(I14:I17) -> 6 | Z11: =SUM(J14:J17) -> 6 | ... AF11: =SUM(P14:P17) -> 2379
B12: 07.30 - 07.45 | C12: 37 | D12: 18 | E12: 4 | F12: 75 | G12: 3 | H12: 0 | I12: 0 | J12: 0 | K12: 0 | L12: 2 | M12: 496 | N12: 1 | O12: =SUM(C12:L12,N12) -> 140 | P12: =SUM(C12:N12) -> 636 | R12: 0900-1000 | S12: =SUM(C18:C21) -> 129 | T12: =SUM(D18:D21) -> 83 | U12: =SUM(E18:E21) -> 29 | V12: =SUM(F18:F21) -> 195 | W12: =SUM(G18:G21) -> 6 | X12: =SUM(H18:H21) -> 0 | Y12: =SUM(I18:I21) -> 21 | Z12: =SUM(J18:J21) -> 23 | ... AF12: =SUM(P18:P21) -> 3107
B13: 07.45 - 08.00 | C13: 25 | D13: 4 | E13: 2 | F13: 54 | G13: 1 | H13: 0 | I13: 4 | J13: 4 | K13: 0 | L13: 0 | M13: 530 | N13: 0 | O13: =SUM(C13:L13,N13) -> 94 | P13: =SUM(C13:N13) -> 624 | R13: 1000-1100 | S13: =SUM(C22:C25) -> 101 | T13: =SUM(D22:D25) -> 35 | U13: =SUM(E22:E25) -> 18 | V13: =SUM(F22:F25) -> 153 | W13: =SUM(G22:G25) -> 4 | X13: =SUM(H22:H25) -> 0 | Y13: =SUM(I22:I25) -> 21 | Z13: =SUM(J22:J25) -> 23 | ... AF13: =SUM(P22:P25) -> 3217
B14: 08.00 - 08.15 | C14: 32 | D14: 4 | E14: 2 | F14: 53 | G14: 4 | H14: 0 | I14: 2 | J14: 0 | K14: 2 | L14: 2 | M14: 625 | N14: 0 | O14: =SUM(C14:L14,N14) -> 101 | P14: =SUM(C14:N14) -> 726 | R14: 1100-1200 | S14: =SUM(C26:C29) -> 169 | T14: =SUM(D26:D29) -> 66 | U14: =SUM(E26:E29) -> 28 | V14: =SUM(F26:F29) -> 150 | W14: =SUM(G26:G29) -> 1 | X14: =SUM(H26:H29) -> 1 | Y14: =SUM(I26:I29) -> 35 | Z14: =SUM(J26:J29) -> 27 | ... AF14: =SUM(P26:P29) -> 3110
B15: 08.15 - 08.30 | C15: 10 | D15: 8 | E15: 3 | F15: 45 | G15: 3 | H15: 0 | I15: 1 | J15: 3 | K15: 2 | L15: 0 | M15: 240 | N15: 0 | O15: =SUM(C15:L15,N15) -> 75 | P15: =SUM(C15:N15) -> 315 | R15: 1200-1300 | S15: =SUM(C30:C33) -> 123 | T15: =SUM(D30:D33) -> 64 | U15: =SUM(E30:E33) -> 27 | V15: =SUM(F30:F33) -> 122 | W15: =SUM(G30:G33) -> 9 | X15: =SUM(H30:H33) -> 0 | Y15: =SUM(I30:I33) -> 26 | Z15: =SUM(J30:J33) -> 21 | ... AF15: =SUM(P30:P33) -> 2109
B16: 08.30 - 08.45 | C16: 31 | D16: 8 | E16: 1 | F16: 42 | G16: 3 | H16: 0 | I16: 1 | J16: 0 | K16: 0 | L16: 2 | M16: 180 | N16: 1 | O16: =SUM(C16:L16,N16) -> 89 | P16: =SUM(C16:N16) -> 269 | R16: 1300-1400 | S16: =SUM(C34:C37) -> 159 | T16: =SUM(D34:D37) -> 65 | U16: =SUM(E34:E37) -> 19 | V16: =SUM(F34:F37) -> 121 | W16: =SUM(G34:G37) -> 1 | X16: =SUM(H34:H37) -> 1 | Y16: =SUM(I34:I37) -> 19 | Z16: =SUM(J34:J37) -> 20 | ... AF16: =SUM(P34:P37) -> 1628
B17: 08.45 - 9.00 | C17: 21 | D17: 3 | E17: 10 | F17: 43 | G17: 1 | H17: 0 | I17: 2 | J17: 3 | K17: 0 | L17: 3 | M17: 982 | N17: 1 | O17: =SUM(C17:L17,N17) -> 87 | P17: =SUM(C17:N17) -> 1069 | R17: 1400-1500 | S17: =SUM(C38:C41) -> 248 | T17: =SUM(D38:D41) -> 102 | U17: =SUM(E38:E41) -> 49 | V17: =SUM(F38:F41) -> 133 | W17: =SUM(G38:G41) -> 4 | X17: =SUM(H38:H41) -> 0 | Y17: =SUM(I38:I41) -> 31 | Z17: =SUM(J38:J41) -> 20 | ... AF17: =SUM(P38:P41) -> 1841
B18: 09.00 - 09.15 | C18: 28 | D18: 14 | E18: 7 | F18: 48 | G18: 1 | H18: 0 | I18: 4 | J18: 3 | K18: 1 | L18: 1 | M18: 666 | N18: 0 | O18: =SUM(C18:L18,N18) -> 107 | P18: =SUM(C18:N18) -> 773 | R18: 1500-1600 | S18: =SUM(C42:C45) -> 196 | T18: =SUM(D42:D45) -> 147 | U18: =SUM(E42:E45) -> 46 | V18: =SUM(F42:F45) -> 105 | W18: =SUM(G42:G45) -> 1 | X18: =SUM(H42:H45) -> 2 | Y18: =SUM(I42:I45) -> 19 | Z18: =SUM(J42:J45) -> 9 | ... AF18: =SUM(P42:P45) -> 1776
B19: 09.15 - 09.30 | C19: 45 | D19: 41 | E19: 5 | F19: 60 | G19: 1 | H19: 0 | I19: 7 | J19: 7 | K19: 7 | L19: 7 | M19: 510 | N19: 0 | O19: =SUM(C19:L19,N19) -> 180 | P19: =SUM(C19:N19) -> 690 | R19: 1600-1700 | S19: =SUM(C46:C49) -> 344 | T19: =SUM(D46:D49) -> 145 | U19: =SUM(E46:E49) -> 110 | V19: =SUM(F46:F49) -> 101 | W19: =SUM(G46:G49) -> 5 | X19: =SUM(H46:H49) -> 1 | Y19: =SUM(I46:I49) -> 16 | Z19: =SUM(J46:J49) -> 7 | ... AF19: =SUM(P46:P49) -> 1936
B20: 09.30 - 09.45 | C20: 32 | D20: 23 | E20: 10 | F20: 45 | G20: 0 | H20: 0 | I20: 4 | J20: 4 | K20: 4 | L20: 5 | M20: 913 | N20: 0 | O20: =SUM(C20:L20,N20) -> 127 | P20: =SUM(C20:N20) -> 1040 | R20: 1700-1800 | S20: =SUM(C50:C53) -> 259 | T20: =SUM(D50:D53) -> 116 | U20: =SUM(E50:E53) -> 42 | V20: =SUM(F50:F53) -> 144 | W20: =SUM(G50:G53) -> 12 | X20: =SUM(H50:H53) -> 0 | Y20: =SUM(I50:I53) -> 14 | Z20: =SUM(J50:J53) -> 14 | ... AF20: =SUM(P50:P53) -> 2496
B21: 09.45 - 10.00 | C21: 24 | D21: 5 | E21: 7 | F21: 42 | G21: 4 | H21: 0 | I21: 6 | J21: 9 | K21: 5 | L21: 1 | M21: 501 | N21: 0 | O21: =SUM(C21:L21,N21) -> 103 | P21: =SUM(C21:N21) -> 604 | R21: 1800-1900 | S21: =SUM(C54:C57) -> 251 | T21: =SUM(D54:D57) -> 93 | U21: =SUM(E54:E57) -> 25 | V21: =SUM(F54:F57) -> 127 | W21: =SUM(G54:G57) -> 2 | X21: =SUM(H54:H57) -> 3 | Y21: =SUM(I54:I57) -> 17 | Z21: =SUM(J54:J57) -> 16 | ... AF21: =SUM(P54:P57) -> 2402
B22: 10.00 - 10.15 | C22: 19 | D22: 5 | E22: 5 | F22: 51 | G22: 2 | H22: 0 | I22: 6 | J22: 5 | K22: 7 | L22: 3 | M22: 737 | N22: 0 | O22: =SUM(C22:L22,N22) -> 103 | P22: =SUM(C22:N22) -> 840 | R22: AM Peak Hr | S22: =MAX(S10:S12) -> 162 | T22: =MAX(T10:T12) -> 83 | U22: =MAX(U10:U12) -> 29 | V22: =MAX(V10:V12) -> 246 | W22: =MAX(W10:W12) -> 11 | X22: =MAX(X10:X12) -> 2 | Y22: =MAX(Y10:Y12) -> 21 | Z22: =MAX(Z10:Z12) -> 23 | ... AF22: =MAX(AF10:AF12) -> 3107
B23: 10.15 - 10.30 | C23: 37 | D23: 12 | E23: 5 | F23: 42 | G23: 0 | H23: 0 | I23: 4 | J23: 3 | K23: 0 | L23: 5 | M23: 929 | N23: 0 | O23: =SUM(C23:L23,N23) -> 108 | P23: =SUM(C23:N23) -> 1037 | R23: IP Peak Hr | S23: =MAX(S13:S18) -> 248 | T23: =MAX(T13:T18) -> 147 | U23: =MAX(U13:U18) -> 49 | V23: =MAX(V13:V18) -> 153 | W23: =MAX(W13:W18) -> 9 | X23: =MAX(X13:X18) -> 2 | Y23: =MAX(Y13:Y18) -> 35 | Z23: =MAX(Z13:Z18) -> 27 | ... AF23: =MAX(AF13:AF18) -> 3217
B24: 10.30 - 10.45 | C24: 27 | D24: 8 | E24: 6 | F24: 36 | G24: 2 | H24: 0 | I24: 3 | J24: 6 | K24: 6 | L24: 6 | M24: 529 | N24: 0 | O24: =SUM(C24:L24,N24) -> 100 | P24: =SUM(C24:N24) -> 629 | R24: PM Peak Hr | S24: =MAX(S19:S21) -> 344 | T24: =MAX(T19:T21) -> 145 | U24: =MAX(U19:U21) -> 110 | V24: =MAX(V19:V21) -> 144 | W24: =MAX(W19:W21) -> 12 | X24: =MAX(X19:X21) -> 3 | Y24: =MAX(Y19:Y21) -> 17 | Z24: =MAX(Z19:Z21) -> 16 | ... AF24: =MAX(AF19:AF21) -> 2496
B25: 10.45 - 11.00 | C25: 18 | D25: 10 | E25: 2 | F25: 24 | G25: 0 | H25: 0 | I25: 8 | J25: 9 | K25: 1 | L25: 1 | M25: 638 | N25: 0 | O25: =SUM(C25:L25,N25) -> 73 | P25: =SUM(C25:N25) -> 711 | R25: AM Period | S25: =SUM(S10:S12) -> 385 | T25: =SUM(T10:T12) -> 156 | U25: =SUM(U10:U12) -> 65 | V25: =SUM(V10:V12) -> 624 | W25: =SUM(W10:W12) -> 27 | X25: =SUM(X10:X12) -> 2 | Y25: =SUM(Y10:Y12) -> 39 | Z25: =SUM(Z10:Z12) -> 35 | ... AF25: =SUM(AF10:AF12) -> 8201
B26: 11.00 - 11.15 | C26: 38 | D26: 12 | E26: 4 | F26: 40 | G26: 1 | H26: 0 | I26: 7 | J26: 6 | K26: 3 | L26: 2 | M26: 727 | N26: 0 | O26: =SUM(C26:L26,N26) -> 113 | P26: =SUM(C26:N26) -> 840 | R26: IP Period | S26: =SUM(S13:S18) -> 996 | T26: =SUM(T13:T18) -> 479 | U26: =SUM(U13:U18) -> 187 | V26: =SUM(V13:V18) -> 784 | W26: =SUM(W13:W18) -> 20 | X26: =SUM(X13:X18) -> 4 | Y26: =SUM(Y13:Y18) -> 151 | Z26: =SUM(Z13:Z18) -> 120 | ... AF26: =SUM(AF13:AF18) -> 13681
B27: 11.15 - 11.30 | C27: 48 | D27: 9 | E27: 14 | F27: 36 | G27: 0 | H27: 1 | I27: 5 | J27: 10 | K27: 0 | L27: 3 | M27: 765 | N27: 0 | O27: =SUM(C27:L27,N27) -> 126 | P27: =SUM(C27:N27) -> 891 | R27: PM Period | S27: =SUM(S19:S21) -> 854 | T27: =SUM(T19:T21) -> 354 | U27: =SUM(U19:U21) -> 177 | V27: =SUM(V19:V21) -> 372 | W27: =SUM(W19:W21) -> 19 | X27: =SUM(X19:X21) -> 4 | Y27: =SUM(Y19:Y21) -> 47 | Z27: =SUM(Z19:Z21) -> 37 | ... AF27: =SUM(AF19:AF21) -> 6834
B28: 11.30 - 11.45 | C28: 40 | D28: 20 | E28: 7 | F28: 36 | G28: 0 | H28: 0 | I28: 17 | J28: 3 | K28: 4 | L28: 1 | M28: 610 | N28: 0 | O28: =SUM(C28:L28,N28) -> 128 | P28: =SUM(C28:N28) -> 738 | R28: 12 Hours | S28: =SUM(S10:S21) -> 2235 | T28: =SUM(T10:T21) -> 989 | U28: =SUM(U10:U21) -> 429 | V28: =SUM(V10:V21) -> 1780 | W28: =SUM(W10:W21) -> 66 | X28: =SUM(X10:X21) -> 10 | Y28: =SUM(Y10:Y21) -> 237 | Z28: =SUM(Z10:Z21) -> 192 | ... AF28: =SUM(AF10:AF21) -> 28716
B29: 11.45 - 12.00 | C29: 43 | D29: 25 | E29: 3 | F29: 38 | G29: 0 | H29: 0 | I29: 6 | J29: 8 | K29: 0 | L29: 2 | M29: 516 | N29: 0 | O29: =SUM(C29:L29,N29) -> 125 | P29: =SUM(C29:N29) -> 641
B30: 12.00 - 12.15 | C30: 25 | D30: 8 | E30: 8 | F30: 31 | G30: 4 | H30: 0 | I30: 6 | J30: 7 | K30: 2 | L30: 4 | M30: 641 | N30: 1 | O30: =SUM(C30:L30,N30) -> 96 | P30: =SUM(C30:N30) -> 737
B31: 12.15 - 12.30 | C31: 23 | D31: 9 | E31: 6 | F31: 25 | G31: 0 | H31: 0 | I31: 8 | J31: 6 | K31: 2 | L31: 3 | M31: 403 | N31: 0 | O31: =SUM(C31:L31,N31) -> 82 | P31: =SUM(C31:N31) -> 485
B32: 12.30 - 12.45 | C32: 40 | D32: 30 | E32: 5 | F32: 30 | G32: 0 | H32: 0 | I32: 7 | J32: 5 | K32: 1 | L32: 2 | M32: 346 | N32: 0 | O32: =SUM(C32:L32,N32) -> 120 | P32: =SUM(C32:N32) -> 466
B33: 12.45 - 13.00 | C33: 35 | D33: 17 | E33: 8 | F33: 36 | G33: 5 | H33: 0 | I33: 5 | J33: 3 | K33: 1 | L33: 1 | M33: 310 | N33: 0 | O33: =SUM(C33:L33,N33) -> 111 | P33: =SUM(C33:N33) -> 421
B34: 13.00 - 13.15 | C34: 33 | D34: 26 | E34: 5 | F34: 40 | G34: 0 | H34: 0 | I34: 5 | J34: 11 | K34: 5 | L34: 6 | M34: 312 | N34: 0 | O34: =SUM(C34:L34,N34) -> 131 | P34: =SUM(C34:N34) -> 443
B35: 13.15 - 13.30 | C35: 42 | D35: 16 | E35: 6 | F35: 22 | G35: 0 | H35: 0 | I35: 5 | J35: 3 | K35: 10 | L35: 8 | M35: 319 | N35: 0 | O35: =SUM(C35:L35,N35) -> 112 | P35: =SUM(C35:N35) -> 431
B36: 13.30 - 13.45 | C36: 21 | D36: 10 | E36: 2 | F36: 23 | G36: 0 | H36: 0 | I36: 5 | J36: 2 | K36: 2 | L36: 3 | M36: 305 | N36: 0 | O36: =SUM(C36:L36,N36) -> 68 | P36: =SUM(C36:N36) -> 373
B37: 13.45 - 14.00 | C37: 63 | D37: 13 | E37: 6 | F37: 36 | G37: 1 | H37: 1 | I37: 4 | J37: 4 | K37: 3 | L37: 2 | M37: 248 | N37: 0 | O37: =SUM(C37:L37,N37) -> 133 | P37: =SUM(C37:N37) -> 381
B38: 14.00 - 14.15 | C38: 45 | D38: 16 | E38: 10 | F38: 25 | G38: 0 | H38: 0 | I38: 6 | J38: 4 | K38: 2 | L38: 2 | M38: 323 | N38: 0 | O38: =SUM(C38:L38,N38) -> 110 | P38: =SUM(C38:N38) -> 433
B39: 14.15 - 14.30 | C39: 48 | D39: 11 | E39: 6 | F39: 40 | G39: 1 | H39: 0 | I39: 11 | J39: 7 | K39: 5 | L39: 3 | M39: 300 | N39: 1 | O39: =SUM(C39:L39,N39) -> 133 | P39: =SUM(C39:N39) -> 433
B40: 14.30 - 14.45 | C40: 80 | D40: 30 | E40: 8 | F40: 47 | G40: 3 | H40: 0 | I40: 12 | J40: 5 | K40: 7 | L40: 9 | M40: 231 | N40: 0 | O40: =SUM(C40:L40,N40) -> 201 | P40: =SUM(C40:N40) -> 432
... B57: 18.45 - 19.00 | C57: 16 | D57: 10 | E57: 3 | F57: 44 | G57: 0 | H57: 0 | I57: 5 | J57: 3 | K57: 0 | L57: 3 | M57: 400 | N57: 0 | O57: =SUM(C57:L57,N57) -> 84 | P57: =SUM(C57:N57) -> 484
B58: Totals | C58: =SUM(C10:C57) -> 2235 | D58: =SUM(D10:D57) -> 989 | E58: =SUM(E10:E57) -> 429 | F58: =SUM(F10:F57) -> 1780 | G58: =SUM(G10:G57) -> 66 | H58: =SUM(H10:H57) -> 10 | I58: =SUM(I10:I57) -> 237 | J58: =SUM(J10:J57) -> 192 | ... P58: =SUM(P10:P57) -> 28716
B59: %ges + MCs | C59: =C58/$P$58 -> 0.077831174 | D59: =D58/$P$58 -> 0.03444073 | E59: =E58/$P$58 -> 0.014939407 | F59: =F58/$P$58 -> 0.061986349 | G59: =G58/$P$58 -> 0.0022983702 | H59: =H58/$P$58 -> 0.00034823792 | I59: =I58/$P$58 -> 0.0082532386 | J59: =J58/$P$58 -> 0.006686168 | ... N59: =N58/$P$58 -> 0.00017411896
B60: %ges w/o MCs | C60: =C58/$O$58 -> 0.36001933 | D60: =D58/$O$58 -> 0.15931057 | E60: =E58/$O$58 -> 0.069104381 | F60: =F58/$O$58 -> 0.2867268 | G60: =G58/$O$58 -> 0.010631443 | H60: =H58/$O$58 -> 0.0016108247 | I60: =I58/$O$58 -> 0.038176546 | J60: =J58/$O$58 -> 0.030927835 | ... L60: =L58/$O$58 -> 0.022068299 | N60: =N58/$O$58 -> 0.00080541237

Sheet 01.08 ClockTower-Nsambya-24h
B1: Consultancy services for Preparation of Expressway Development Master Plan (EDMP) for Uganda
B2: MANUAL CLASSIFIED COUNT (MCC)
B3: ROAD NAME: | C3: ='29.07 ClockTower-Nsambya'!C3:G3 -> MCC - C1 - STN50 - NSAMBYA ROAD
C5: Date | D5: 01.08.19 | F5: Location | G5: ='02.08 Nsambya-ClockTower'!G5:H5 -> Gapco | J5: Surveyor | K5: ='29.07 ClockTower-Nsambya'!K5:L5 -> Adong Agnes
C6: Dir. From | D6: ='29.07 ClockTower-Nsambya'!D6:E6 -> Clock Tower | F6: Dir. To | G6: ='29.07 ClockTower-Nsambya'!G6:H6 -> Nsambya | J6: Supervisor | K6: ='02.08 Nsambya-ClockTower'!K6:L6 -> Felix
B8: Time / Veh Type | R8: SUMMARY TRAFFIC VOLUMES
C9: 1. Car | D9: 2. Station Wagon | E9: 3. Pickups | F9: 4. Minibus, matatu | G9: 5. Medium bus | H9: 6. Large Bus | I9: 7. Light Truck | J9: 8. Medium Truck | K9: 9. Heavy truck | L9: 10. Truck Trailer | M9: 11. Motor cycles | N9: 12. Tractors | O9: Total Excl M/Cycles | P9: Total All | R9: Time | S9: 1. Car | T9: 2. Station Wagon | U9: 3. Pickups | V9: 4. Minibus, matatu | W9: 5. Medium bus | X9: 6. Large Bus | Y9: 7. Light Truck | Z9: 8. Medium Truck | AA9: 9. Heavy truck | AB9: 10. Truck Trailer | AC9: 11. Motorcycles | AD9: 12. Tractors, Graders | AE9: Total Excl M/ Cycles | AF9: Total All
B10: 07.00 - 07.15 | C10: 68 | D10: 4 | E10: 1 | F10: 62 | G10: 3 | H10: 1 | I10: 3 | J10: 1 | K10: 0 | L10: 1 | M10: 900 | N10: 0 | O10: =SUM(C10:L10,N10) -> 144 | P10: =SUM(C10:N10) -> 1044 | R10: 0700-0800 | S10: =SUM(C10:C13) -> 216 | T10: =SUM(D10:D13) -> 50 | U10: =SUM(E10:E13) -> 13 | V10: =SUM(F10:F13) -> 240 | W10: =SUM(G10:G13) -> 10 | X10: =SUM(H10:H13) -> 4 | Y10: =SUM(I10:I13) -> 8 | Z10: =SUM(J10:J13) -> 7 | ... AF10: =SUM(P10:P13) -> 4061
B11: 07.15 - 07.30 | C11: 51 | D11: 12 | E11: 4 | F11: 35 | G11: 4 | H11: 1 | I11: 1 | J11: 1 | K11: 1 | L11: 3 | M11: 911 | N11: 0 | O11: =SUM(C11:L11,N11) -> 113 | P11: =SUM(C11:N11) -> 1024 | R11: 0800-0900 | S11: =SUM(C14:C17) -> 134 | T11: =SUM(D14:D17) -> 26 | U11: =SUM(E14:E17) -> 10 | V11: =SUM(F14:F17) -> 212 | W11: =SUM(G14:G17) -> 8 | X11: =SUM(H14:H17) -> 2 | Y11: =SUM(I14:I17) -> 8 | Z11: =SUM(J14:J17) -> 11 | ... AF11: =SUM(P14:P17) -> 2763
B12: 07.30 - 07.45 | C12: 60 | D12: 16 | E12: 2 | F12: 78 | G12: 1 | H12: 2 | I12: 0 | J12: 1 | K12: 1 | L12: 0 | M12: 875 | N12: 0 | O12: =SUM(C12:L12,N12) -> 161 | P12: =SUM(C12:N12) -> 1036 | R12: 0900-1000 | S12: =SUM(C18:C21) -> 134 | T12: =SUM(D18:D21) -> 42 | U12: =SUM(E18:E21) -> 20 | V12: =SUM(F18:F21) -> 170 | W12: =SUM(G18:G21) -> 6 | X12: =SUM(H18:H21) -> 1 | Y12: =SUM(I18:I21) -> 34 | Z12: =SUM(J18:J21) -> 22 | ... AF12: =SUM(P18:P21) -> 2438
B13: 07.45 - 08.00 | C13: 37 | D13: 18 | E13: 6 | F13: 65 | G13: 2 | H13: 0 | I13: 4 | J13: 4 | K13: 4 | L13: 2 | M13: 815 | N13: 0 | O13: =SUM(C13:L13,N13) -> 142 | P13: =SUM(C13:N13) -> 957 | R13: 1000-1100 | S13: =SUM(C22:C25) -> 139 | T13: =SUM(D22:D25) -> 33 | U13: =SUM(E22:E25) -> 26 | V13: =SUM(F22:F25) -> 161 | W13: =SUM(G22:G25) -> 2 | X13: =SUM(H22:H25) -> 1 | Y13: =SUM(I22:I25) -> 43 | Z13: =SUM(J22:J25) -> 15 | ... AF13: =SUM(P22:P25) -> 1849
B14: 08.00 - 08.15 | C14: 33 | D14: 8 | E14: 2 | F14: 55 | G14: 1 | H14: 0 | I14: 1 | J14: 2 | K14: 0 | L14: 3 | M14: 647 | N14: 0 | O14: =SUM(C14:L14,N14) -> 105 | P14: =SUM(C14:N14) -> 752 | R14: 1100-1200 | S14: =SUM(C26:C29) -> 224 | T14: =SUM(D26:D29) -> 108 | U14: =SUM(E26:E29) -> 47 | V14: =SUM(F26:F29) -> 127 | W14: =SUM(G26:G29) -> 3 | X14: =SUM(H26:H29) -> 0 | Y14: =SUM(I26:I29) -> 21 | Z14: =SUM(J26:J29) -> 24 | ... AF14: =SUM(P26:P29) -> 2108
B15: 08.15 - 08.30 | C15: 32 | D15: 8 | E15: 3 | F15: 53 | G15: 4 | H15: 0 | I15: 0 | J15: 2 | K15: 1 | L15: 1 | M15: 610 | N15: 0 | O15: =SUM(C15:L15,N15) -> 104 | P15: =SUM(C15:N15) -> 714 | R15: 1200-1300 | S15: =SUM(C30:C33) -> 232 | T15: =SUM(D30:D33) -> 161 | U15: =SUM(E30:E33) -> 97 | V15: =SUM(F30:F33) -> 131 | W15: =SUM(G30:G33) -> 2 | X15: =SUM(H30:H33) -> 0 | Y15: =SUM(I30:I33) -> 25 | Z15: =SUM(J30:J33) -> 12 | ... AF15: =SUM(P30:P33) -> 1622
B16: 08.30 - 08.45 | C16: 35 | D16: 4 | E16: 1 | F16: 53 | G16: 2 | H16: 1 | I16: 1 | J16: 4 | K16: 1 | L16: 0 | M16: 585 | N16: 0 | O16: =SUM(C16:L16,N16) -> 102 | P16: =SUM(C16:N16) -> 687 | R16: 1300-1400 | S16: =SUM(C34:C37) -> 225 | T16: =SUM(D34:D37) -> 106 | U16: =SUM(E34:E37) -> 88 | V16: =SUM(F34:F37) -> 160 | W16: =SUM(G34:G37) -> 1 | X16: =SUM(H34:H37) -> 0 | Y16: =SUM(I34:I37) -> 46 | Z16: =SUM(J34:J37) -> 20 | ... AF16: =SUM(P34:P37) -> 1481
B17: 08.45 - 9.00 | C17: 34 | D17: 6 | E17: 4 | F17: 51 | G17: 1 | H17: 1 | I17: 6 | J17: 3 | K17: 2 | L17: 2 | M17: 500 | N17: 0 | O17: =SUM(C17:L17,N17) -> 110 | P17: =SUM(C17:N17) -> 610 | R17: 1400-1500 | S17: =SUM(C38:C41) -> 149 | T17: =SUM(D38:D41) -> 62 | U17: =SUM(E38:E41) -> 57 | V17: =SUM(F38:F41) -> 150 | W17: =SUM(G38:G41) -> 0 | X17: =SUM(H38:H41) -> 0 | Y17: =SUM(I38:I41) -> 48 | Z17: =SUM(J38:J41) -> 17 | ... AF17: =SUM(P38:P41) -> 1528
B18: 09.00 - 09.15 | C18: 35 | D18: 10 | E18: 6 | F18: 51 | G18: 1 | H18: 1 | I18: 2 | J18: 3 | K18: 3 | L18: 3 | M18: 652 | N18: 1 | O18: =SUM(C18:L18,N18) -> 116 | P18: =SUM(C18:N18) -> 768 | R18: 1500-1600 | S18: =SUM(C42:C45) -> 302 | T18: =SUM(D42:D45) -> 164 | U18: =SUM(E42:E45) -> 83 | V18: =SUM(F42:F45) -> 174 | W18: =SUM(G42:G45) -> 3 | X18: =SUM(H42:H45) -> 6 | Y18: =SUM(I42:I45) -> 34 | Z18: =SUM(J42:J45) -> 29 | ... AF18: =SUM(P42:P45) -> 1636
B19: 09.15 - 09.30 | C19: 30 | D19: 6 | E19: 3 | F19: 50 | G19: 0 | H19: 0 | I19: 8 | J19: 4 | K19: 2 | L19: 1 | M19: 544 | N19: 1 | O19: =SUM(C19:L19,N19) -> 105 | P19: =SUM(C19:N19) -> 649 | R19: 1600-1700 | S19: =SUM(C46:C49) -> 190 | T19: =SUM(D46:D49) -> 152 | U19: =SUM(E46:E49) -> 73 | V19: =SUM(F46:F49) -> 169 | W19: =SUM(G46:G49) -> 3 | X19: =SUM(H46:H49) -> 3 | Y19: =SUM(I46:I49) -> 26 | Z19: =SUM(J46:J49) -> 14 | ... AF19: =SUM(P46:P49) -> 2323
B20: 09.30 - 09.45 | C20: 39 | D20: 17 | E20: 8 | F20: 41 | G20: 3 | H20: 0 | I20: 6 | J20: 3 | K20: 2 | L20: 2 | M20: 333 | N20: 0 | O20: =SUM(C20:L20,N20) -> 121 | P20: =SUM(C20:N20) -> 454 | R20: 1700-1800 | S20: =SUM(C50:C53) -> 282 | T20: =SUM(D50:D53) -> 159 | U20: =SUM(E50:E53) -> 65 | V20: =SUM(F50:F53) -> 149 | W20: =SUM(G50:G53) -> 15 | X20: =SUM(H50:H53) -> 0 | Y20: =SUM(I50:I53) -> 27 | Z20: =SUM(J50:J53) -> 23 | ... AF20: =SUM(P50:P53) -> 2376
B21: 09.45 - 10.00 | C21: 30 | D21: 9 | E21: 3 | F21: 28 | G21: 2 | H21: 0 | I21: 18 | J21: 12 | K21: 1 | L21: 2 | M21: 462 | N21: 0 | O21: =SUM(C21:L21,N21) -> 105 | P21: =SUM(C21:N21) -> 567 | R21: 1800-1900 | S21: =SUM(C54:C57) -> 164 | T21: =SUM(D54:D57) -> 130 | U21: =SUM(E54:E57) -> 69 | V21: =SUM(F54:F57) -> 176 | W21: =SUM(G54:G57) -> 7 | X21: =SUM(H54:H57) -> 4 | Y21: =SUM(I54:I57) -> 21 | Z21: =SUM(J54:J57) -> 14 | ... AF21: =SUM(P54:P57) -> 2906
B22: 10.00 - 10.15 | C22: 20 | D22: 14 | E22: 7 | F22: 31 | G22: 0 | H22: 0 | I22: 9 | J22: 3 | K22: 4 | L22: 6 | M22: 359 | N22: 0 | O22: =SUM(C22:L22,N22) -> 94 | P22: =SUM(C22:N22) -> 453 | R22: 1900-2000 | S22: =SUM(C58:C61) -> 164 | T22: =SUM(D58:D61) -> 130 | U22: =SUM(E58:E61) -> 69 | V22: =SUM(F58:F61) -> 106 | W22: =SUM(G58:G61) -> 14 | X22: =SUM(H58:H61) -> 0 | Y22: =SUM(I58:I61) -> 9 | Z22: =SUM(J58:J61) -> 1 | ... AF22: =SUM(P58:P61) -> 3582
B23: 10.15 - 10.30 | C23: 36 | D23: 6 | E23: 8 | F23: 45 | G23: 0 | H23: 1 | I23: 10 | J23: 3 | K23: 2 | L23: 5 | M23: 410 | N23: 0 | O23: =SUM(C23:L23,N23) -> 116 | P23: =SUM(C23:N23) -> 526 | R23: 2000-2100 | S23: =SUM(C62:C65) -> 164 | T23: =SUM(D62:D65) -> 130 | U23: =SUM(E62:E65) -> 69 | V23: =SUM(F62:F65) -> 104 | W23: =SUM(G62:G65) -> 5 | X23: =SUM(H62:H65) -> 7 | Y23: =SUM(I62:I65) -> 4 | Z23: =SUM(J62:J65) -> 8 | ... AF23: =SUM(P62:P65) -> 2450
B24: 10.30 - 10.45 | C24: 57 | D24: 7 | E24: 4 | F24: 42 | G24: 2 | H24: 0 | I24: 15 | J24: 6 | K24: 2 | L24: 1 | M24: 328 | N24: 0 | O24: =SUM(C24:L24,N24) -> 136 | P24: =SUM(C24:N24) -> 464 | R24: 2100-2200 | S24: =SUM(C66:C69) -> 202 | T24: =SUM(D66:D69) -> 44 | U24: =SUM(E66:E69) -> 24 | V24: =SUM(F66:F69) -> 88 | W24: =SUM(G66:G69) -> 1 | X24: =SUM(H66:H69) -> 2 | Y24: =SUM(I66:I69) -> 10 | Z24: =SUM(J66:J69) -> 7 | ... AF24: =SUM(P66:P69) -> 2279
B25: 10.45 - 11.00 | C25: 26 | D25: 6 | E25: 7 | F25: 43 | G25: 0 | H25: 0 | I25: 9 | J25: 3 | K25: 2 | L25: 5 | M25: 305 | N25: 0 | O25: =SUM(C25:L25,N25) -> 101 | P25: =SUM(C25:N25) -> 406 | R25: 2200-2300 | S25: =SUM(C70:C73) -> 206 | T25: =SUM(D70:D73) -> 22 | U25: =SUM(E70:E73) -> 30 | V25: =SUM(F70:F73) -> 57 | W25: =SUM(G70:G73) -> 2 | X25: =SUM(H70:H73) -> 0 | Y25: =SUM(I70:I73) -> 0 | Z25: =SUM(J70:J73) -> 6 | ... AF25: =SUM(P70:P73) -> 1280
B26: 11.00 - 11.15 | C26: 57 | D26: 25 | E26: 11 | F26: 17 | G26: 1 | H26: 0 | I26: 5 | J26: 9 | K26: 3 | L26: 2 | M26: 384 | N26: 0 | O26: =SUM(C26:L26,N26) -> 130 | P26: =SUM(C26:N26) -> 514 | R26: 2300-0000 | S26: =SUM(C74:C77) -> 135 | T26: =SUM(D74:D77) -> 9 | U26: =SUM(E74:E77) -> 14 | V26: =SUM(F74:F77) -> 21 | W26: =SUM(G74:G77) -> 0 | X26: =SUM(H74:H77) -> 0 | Y26: =SUM(I74:I77) -> 3 | Z26: =SUM(J74:J77) -> 2 | ... AF26: =SUM(P74:P77) -> 1055
B27: 11.15 - 11.30 | C27: 35 | D27: 16 | E27: 4 | F27: 38 | G27: 0 | H27: 0 | I27: 7 | J27: 5 | K27: 3 | L27: 3 | M27: 353 | N27: 0 | O27: =SUM(C27:L27,N27) -> 111 | P27: =SUM(C27:N27) -> 464 | R27: 0000-0100 | S27: =SUM(C78:C81) -> 77 | T27: =SUM(D78:D81) -> 7 | U27: =SUM(E78:E81) -> 10 | V27: =SUM(F78:F81) -> 12 | W27: =SUM(G78:G81) -> 0 | X27: =SUM(H78:H81) -> 0 | Y27: =SUM(I78:I81) -> 6 | Z27: =SUM(J78:J81) -> 3 | ... AF27: =SUM(P78:P81) -> 407
B28: 11.30 - 11.45 | C28: 62 | D28: 35 | E28: 21 | F28: 38 | G28: 0 | H28: 0 | I28: 5 | J28: 6 | K28: 1 | L28: 0 | M28: 408 | N28: 0 | O28: =SUM(C28:L28,N28) -> 168 | P28: =SUM(C28:N28) -> 576 | R28: 0100-0200 | S28: =SUM(C82:C85) -> 33 | T28: =SUM(D82:D85) -> 3 | U28: =SUM(E82:E85) -> 4 | V28: =SUM(F82:F85) -> 2 | W28: =SUM(G82:G85) -> 0 | X28: =SUM(H82:H85) -> 0 | Y28: =SUM(I82:I85) -> 1 | Z28: =SUM(J82:J85) -> 0 | ... AF28: =SUM(P82:P85) -> 271
B29: 11.45 - 12.00 | C29: 70 | D29: 32 | E29: 11 | F29: 34 | G29: 2 | H29: 0 | I29: 4 | J29: 4 | K29: 1 | L29: 3 | M29: 392 | N29: 1 | O29: =SUM(C29:L29,N29) -> 162 | P29: =SUM(C29:N29) -> 554 | R29: 0200-0300 | S29: =SUM(C86:C89) -> 35 | T29: =SUM(D86:D89) -> 4 | U29: =SUM(E86:E89) -> 8 | V29: =SUM(F86:F89) -> 3 | W29: =SUM(G86:G89) -> 0 | X29: =SUM(H86:H89) -> 0 | Y29: =SUM(I86:I89) -> 2 | Z29: =SUM(J86:J89) -> 2 | ... AF29: =SUM(P86:P89) -> 155
B30: 12.00 - 12.15 | C30: 45 | D30: 30 | E30: 4 | F30: 20 | G30: 1 | H30: 0 | I30: 3 | J30: 1 | K30: 2 | L30: 2 | M30: 222 | N30: 0 | O30: =SUM(C30:L30,N30) -> 108 | P30: =SUM(C30:N30) -> 330 | R30: 0300-0400 | S30: =SUM(C90:C93) -> 22 | T30: =SUM(D90:D93) -> 1 | U30: =SUM(E90:E93) -> 2 | V30: =SUM(F90:F93) -> 1 | W30: =SUM(G90:G93) -> 0 | X30: =SUM(H90:H93) -> 1 | Y30: =SUM(I90:I93) -> 5 | Z30: =SUM(J90:J93) -> 6 | ... AF30: =SUM(P90:P93) -> 93
B31: 12.15 - 12.30 | C31: 52 | D31: 43 | E31: 45 | F31: 45 | G31: 0 | H31: 0 | I31: 8 | J31: 3 | K31: 2 | L31: 1 | M31: 270 | N31: 0 | O31: =SUM(C31:L31,N31) -> 199 | P31: =SUM(C31:N31) -> 469 | R31: 0400-0500 | S31: =SUM(C94:C97) -> 27 | T31: =SUM(D94:D97) -> 0 | U31: =SUM(E94:E97) -> 3 | V31: =SUM(F94:F97) -> 1 | W31: =SUM(G94:G97) -> 0 | X31: =SUM(H94:H97) -> 0 | Y31: =SUM(I94:I97) -> 7 | Z31: =SUM(J94:J97) -> 7 | ... AF31: =SUM(P94:P97) -> 127
B32: 12.30 - 12.45 | C32: 75 | D32: 50 | E32: 22 | F32: 38 | G32: 1 | H32: 0 | I32: 11 | J32: 2 | K32: 2 | L32: 2 | M32: 200 | N32: 0 | O32: =SUM(C32:L32,N32) -> 203 | P32: =SUM(C32:N32) -> 403 | R32: 0500-0600 | S32: =SUM(C98:C101) -> 34 | T32: =SUM(D98:D101) -> 3 | U32: =SUM(E98:E101) -> 7 | V32: =SUM(F98:F101) -> 47 | W32: =SUM(G98:G101) -> 2 | X32: =SUM(H98:H101) -> 0 | Y32: =SUM(I98:I101) -> 3 | Z32: =SUM(J98:J101) -> 13 | ... AF32: =SUM(P98:P101) -> 467
B33: 12.45 - 13.00 | C33: 60 | D33: 38 | E33: 26 | F33: 28 | G33: 0 | H33: 0 | I33: 3 | J33: 6 | K33: 4 | L33: 7 | M33: 248 | N33: 0 | O33: =SUM(C33:L33,N33) -> 172 | P33: =SUM(C33:N33) -> 420 | R33: 0600-0700 | S33: =SUM(C102:C105) -> 252 | T33: =SUM(D102:D105) -> 10 | U33: =SUM(E102:E105) -> 21 | V33: =SUM(F102:F105) -> 118 | W33: =SUM(G102:G105) -> 0 | X33: =SUM(H102:H105) -> 0 | Y33: =SUM(I102:I105) -> 18 | Z33: =SUM(J102:J105) -> 14 | ... AF33: =SUM(P102:P105) -> 1252
B34: 13.00 - 13.15 | C34: 70 | D34: 32 | E34: 21 | F34: 46 | G34: 1 | H34: 0 | I34: 5 | J34: 8 | K34: 2 | L34: 2 | M34: 236 | N34: 0 | O34: =SUM(C34:L34,N34) -> 187 | P34: =SUM(C34:N34) -> 423 | R34: AM Peak Hr | S34: =MAX(S10:S12) -> 216 | T34: =MAX(T10:T12) -> 50 | U34: =MAX(U10:U12) -> 20 | V34: =MAX(V10:V12) -> 240 | W34: =MAX(W10:W12) -> 10 | X34: =MAX(X10:X12) -> 4 | Y34: =MAX(Y10:Y12) -> 34 | Z34: =MAX(Z10:Z12) -> 22 | ... AF34: =MAX(AF10:AF12) -> 4061
B35: 13.15 - 13.30 | C35: 80 | D35: 30 | E35: 40 | F35: 38 | G35: 0 | H35: 0 | I35: 7 | J35: 4 | K35: 6 | L35: 4 | M35: 215 | N35: 0 | O35: =SUM(C35:L35,N35) -> 209 | P35: =SUM(C35:N35) -> 424 | R35: IP Peak Hr | S35: =MAX(S13:S18) -> 302 | T35: =MAX(T13:T18) -> 164 | U35: =MAX(U13:U18) -> 97 | V35: =MAX(V13:V18) -> 174 | W35: =MAX(W13:W18) -> 3 | X35: =MAX(X13:X18) -> 6 | Y35: =MAX(Y13:Y18) -> 48 | Z35: =MAX(Z13:Z18) -> 29 | ... AF35: =MAX(AF13:AF18) -> 2108
B36: 13.30 - 13.45 | C36: 38 | D36: 14 | E36: 11 | F36: 36 | G36: 0 | H36: 0 | I36: 24 | J36: 3 | K36: 5 | L36: 3 | M36: 198 | N36: 0 | O36: =SUM(C36:L36,N36) -> 134 | P36: =SUM(C36:N36) -> 332 | R36: PM Peak Hr | S36: =MAX(S19:S21) -> 282 | T36: =MAX(T19:T21) -> 159 | U36: =MAX(U19:U21) -> 73 | V36: =MAX(V19:V21) -> 176 | W36: =MAX(W19:W21) -> 15 | X36: =MAX(X19:X21) -> 4 | Y36: =MAX(Y19:Y21) -> 27 | Z36: =MAX(Z19:Z21) -> 23 | ... AF36: =MAX(AF19:AF21) -> 2906
B37: 13.45 - 14.00 | C37: 37 | D37: 30 | E37: 16 | F37: 40 | G37: 0 | H37: 0 | I37: 10 | J37: 5 | K37: 2 | L37: 2 | M37: 159 | N37: 1 | O37: =SUM(C37:L37,N37) -> 143 | P37: =SUM(C37:N37) -> 302 | R37: AM Period | S37: =SUM(S10:S12) -> 484 | T37: =SUM(T10:T12) -> 118 | U37: =SUM(U10:U12) -> 43 | V37: =SUM(V10:V12) -> 622 | W37: =SUM(W10:W12) -> 24 | X37: =SUM(X10:X12) -> 7 | Y37: =SUM(Y10:Y12) -> 50 | Z37: =SUM(Z10:Z12) -> 40 | ... AF37: =SUM(AF10:AF12) -> 9262
B38: 14.00 - 14.15 | C38: 51 | D38: 14 | E38: 10 | F38: 32 | G38: 0 | H38: 0 | I38: 11 | J38: 6 | K38: 2 | L38: 2 | M38: 256 | N38: 0 | O38: =SUM(C38:L38,N38) -> 128 | P38: =SUM(C38:N38) -> 384 | R38: IP Period | S38: =SUM(S13:S18) -> 1271 | T38: =SUM(T13:T18) -> 634 | U38: =SUM(U13:U18) -> 398 | V38: =SUM(V13:V18) -> 903 | W38: =SUM(W13:W18) -> 11 | X38: =SUM(X13:X18) -> 7 | Y38: =SUM(Y13:Y18) -> 217 | Z38: =SUM(Z13:Z18) -> 117 | ... AF38: =SUM(AF13:AF18) -> 10224
B39: 14.15 - 14.30 | C39: 28 | D39: 10 | E39: 5 | F39: 42 | G39: 0 | H39: 0 | I39: 8 | J39: 4 | K39: 3 | L39: 3 | M39: 321 | N39: 0 | O39: =SUM(C39:L39,N39) -> 103 | P39: =SUM(C39:N39) -> 424 | R39: PM Period | S39: =SUM(S19:S21) -> 636 | T39: =SUM(T19:T21) -> 441 | U39: =SUM(U19:U21) -> 207 | V39: =SUM(V19:V21) -> 494 | W39: =SUM(W19:W21) -> 25 | X39: =SUM(X19:X21) -> 7 | Y39: =SUM(Y19:Y21) -> 74 | Z39: =SUM(Z19:Z21) -> 51 | ... AF39: =SUM(AF19:AF21) -> 7605
B40: 14.30 - 14.45 | C40: 25 | D40: 10 | E40: 6 | F40: 36 | G40: 0 | H40: 0 | I40: 9 | J40: 5 | K40: 3 | L40: 5 | M40: 269 | N40: 0 | O40: =SUM(C40:L40,N40) -> 99 | P40: =SUM(C40:N40) -> 368 | R40: 12 Hours | S40: =SUM(S10:S21) -> 2391 | T40: =SUM(T10:T21) -> 1193 | U40: =SUM(U10:U21) -> 648 | V40: =SUM(V10:V21) -> 2019 | W40: =SUM(W10:W21) -> 60 | X40: =SUM(X10:X21) -> 21 | Y40: =SUM(Y10:Y21) -> 341 | Z40: =SUM(Z10:Z21) -> 208 | ... AF40: =SUM(AF10:AF21) -> 27091
B41: 14.45 - 15.00 | C41: 45 | D41: 28 | E41: 36 | F41: 40 | G41: 0 | H41: 0 | I41: 20 | J41: 2 | K41: 4 | L41: 5 | M41: 172 | N41: 0 | O41: =SUM(C41:L41,N41) -> 180 | P41: =SUM(C41:N41) -> 352 | R41: 24 Hrs/ADT | S41: =SUM(S10:S33) -> 3742 | T41: =SUM(T10:T33) -> 1556 | U41: =SUM(U10:U33) -> 909 | V41: =SUM(V10:V33) -> 2579 | W41: =SUM(W10:W33) -> 84 | X41: =SUM(X10:X33) -> 31 | Y41: =SUM(Y10:Y33) -> 409 | Z41: =SUM(Z10:Z33) -> 277 | ... AF41: =SUM(AF10:AF33) -> 40509
B42: 15.00 - 15.15 | C42: 32 | D42: 19 | E42: 3 | F42: 46 | G42: 1 | H42: 5 | I42: 8 | J42: 6 | K42: 5 | L42: 5 | M42: 199 | N42: 0 | O42: =SUM(C42:L42,N42) -> 130 | P42: =SUM(C42:N42) -> 329 | R42: NEF | S42: =S41/S40 -> 1.5650355 | T42: =T41/T40 -> 1.3042749 | U42: =U41/U40 -> 1.4027778 | V42: =V41/V40 -> 1.277365 | W42: =W41/W40 -> 1.4 | X42: =X41/X40 -> 1.4761905 | Y42: =Y41/Y40 -> 1.1994135 | Z42: =Z41/Z40 -> 1.3317308 | ... AF42: =AF41/AF40 -> 1.4952936
B43: 15.15 - 15.30 | C43: 110 | D43: 20 | E43: 15 | F43: 39 | G43: 0 | H43: 0 | I43: 11 | J43: 8 | K43: 0 | L43: 5 | M43: 183 | N43: 0 | O43: =SUM(C43:L43,N43) -> 208 | P43: =SUM(C43:N43) -> 391
B44: 15.30 - 15.45 | C44: 90 | D44: 50 | E44: 45 | F44: 49 | G44: 2 | H44: 1 | I44: 4 | J44: 5 | K44: 2 | L44: 3 | M44: 180 | N44: 0 | O44: =SUM(C44:L44,N44) -> 251 | P44: =SUM(C44:N44) -> 431
B45: 15.45 - 16.00 | C45: 70 | D45: 75 | E45: 20 | F45: 40 | G45: 0 | H45: 0 | I45: 11 | J45: 10 | K45: 3 | L45: 6 | M45: 250 | N45: 0 | O45: =SUM(C45:L45,N45) -> 235 | P45: =SUM(C45:N45) -> 485
B46: 16.00 - 16.15 | C46: 30 | D46: 41 | E46: 15 | F46: 40 | G46: 1 | H46: 2 | I46: 6 | J46: 3 | K46: 1 | L46: 3 | M46: 342 | N46: 0 | O46: =SUM(C46:L46,N46) -> 142 | P46: =SUM(C46:N46) -> 484
B47: 16.15 -16.30 | C47: 60 | D47: 40 | E47: 15 | F47: 40 | G47: 1 | H47: 0 | I47: 7 | J47: 4 | K47: 0 | L47: 2 | M47: 383 | N47: 0 | O47: =SUM(C47:L47,N47) -> 169 | P47: =SUM(C47:N47) -> 552
B48: 16.30 -16.45 | C48: 70 | D48: 35 | E48: 18 | F48: 36 | G48: 0 | H48: 1 | I48: 7 | J48: 3 | K48: 6 | L48: 3 | M48: 416 | N48: 1 | O48: =SUM(C48:L48,N48) -> 180 | P48: =SUM(C48:N48) -> 596
B49: 16.45 -17.00 | C49: 30 | D49: 36 | E49: 25 | F49: 53 | G49: 1 | H49: 0 | I49: 6 | J49: 4 | K49: 2 | L49: 1 | M49: 533 | N49: 0 | O49: =SUM(C49:L49,N49) -> 158 | P49: =SUM(C49:N49) -> 691
B50: 17.00 -17.15 | C50: 45 | D50: 50 | E50: 15 | F50: 35 | G50: 4 | H50: 0 | I50: 8 | J50: 6 | K50: 3 | L50: 2 | M50: 350 | N50: 0 | O50: =SUM(C50:L50,N50) -> 168 | P50: =SUM(C50:N50) -> 518
B51: 17.15 -17.30 | C51: 60 | D51: 30 | E51: 25 | F51: 26 | G51: 0 | H51: 0 | I51: 4 | J51: 8 | K51: 3 | L51: 4 | M51: 438 | N51: 1 | O51: =SUM(C51:L51,N51) -> 161 | P51: =SUM(C51:N51) -> 599
B52: 17.30 -17.45 | C52: 102 | D52: 27 | E52: 6 | F52: 48 | G52: 0 | H52: 0 | I52: 4 | J52: 1 | K52: 2 | L52: 1 | M52: 353 | N52: 0 | O52: =SUM(C52:L52,N52) -> 191 | P52: =SUM(C52:N52) -> 544
B53: 17.45 -18.00 | C53: 75 | D53: 52 | E53: 19 | F53: 40 | G53: 11 | H53: 0 | I53: 11 | J53: 8 | K53: 2 | L53: 1 | M53: 496 | N53: 0 | O53: =SUM(C53:L53,N53) -> 219 | P53: =SUM(C53:N53) -> 715
B54: 18.00 - 18.15 | C54: 39 | D54: 35 | E54: 12 | F54: 32 | G54: 3 | H54: 0 | I54: 10 | J54: 7 | K54: 1 | L54: 2 | M54: 506 | N54: 1 | O54: =SUM(C54:L54,N54) -> 142 | P54: =SUM(C54:N54) -> 648
... B105: 06.45 - 07.00 | C105: 50 | D105: 3 | E105: 7 | F105: 25 | G105: 0 | H105: 0 | I105: 2 | J105: 2 | K105: 1 | L105: 0 | M105: 305 | N105: 0 | O105: =SUM(C105:L105,N105) -> 90 | P105: =SUM(C105:N105) -> 395
B106: Totals | C106: =SUM(C10:C105) -> 3742 | D106: =SUM(D10:D105) -> 1556 | E106: =SUM(E10:E105) -> 909 | F106: =SUM(F10:F105) -> 2579 | G106: =SUM(G10:G105) -> 84 | H106: =SUM(H10:H105) -> 31 | I106: =SUM(I10:I105) -> 409 | J106: =SUM(J10:J105) -> 277 | ... P106: =SUM(P10:P105) -> 40509
B107: %ges + MCs | C107: =C106/$P$106 -> 0.092374534 | D107: =D106/$P$106 -> 0.038411217 | E107: =E106/$P$106 -> 0.022439458 | F107: =F106/$P$106 -> 0.063664865 | G107: =G106/$P$106 -> 0.0020736133 | H107: =H106/$P$106 -> 0.00076526204 | I107: =I106/$P$106 -> 0.010096522 | J107: =J106/$P$106 -> 0.0068379866 | ... N107: =N106/$P$106 -> 0.00032091634
B108: %ges w/o MCs | C108: =C106/$O$106 -> 0.37767461 | D108: =D106/$O$106 -> 0.15704481 | E108: =E106/$O$106 -> 0.091744045 | F108: =F106/$O$106 -> 0.26029471 | G108: =G106/$O$106 -> 0.0084779976 | H108: =H106/$O$106 -> 0.0031287848 | I108: =I106/$O$106 -> 0.041279774 | J108: =J106/$O$106 -> 0.027957206 | ... L108: =L106/$O$106 -> 0.014836496 | N108: =N106/$O$106 -> 0.0013120711

Sheet 01.08 Nsambya-ClockTower-24h
B1: Consultancy services for Preparation of Expressway Development Master Plan (EDMP) for Uganda
B2: MANUAL CLASSIFIED COUNT (MCC)
B3: ROAD NAME: | C3: ='29.07 ClockTower-Nsambya'!C3:G3 -> MCC - C1 - STN50 - NSAMBYA ROAD
C5: Date | D5: ='01.08 ClockTower-Nsambya-24h'!D5 -> 01.08.19 | F5: Location | G5: ='01.08 ClockTower-Nsambya-24h'!G5:H5 -> Gapco | J5: Surveyor | K5: ='29.07 Nsambya-ClockTower'!K5:L5 -> Kizito Godfrey
C6: Dir. From | D6: ='29.07 Nsambya-ClockTower'!D6:E6 -> Nsambya | F6: Dir. To | G6: ='30.07 Nsambya-ClockTower'!G6:H6 -> ClockTower | J6: Supervisor | K6: ='01.08 ClockTower-Nsambya-24h'!K6:L6 -> Felix
B8: Time / Veh Type | R8: SUMMARY TRAFFIC VOLUMES
C9: 1. Car | D9: 2. Station Wagon | E9: 3. Pickups | F9: 4. Minibus, matatu | G9: 5. Medium bus | H9: 6. Large Bus | I9: 7. Light Truck | J9: 8. Medium Truck | K9: 9. Heavy truck | L9: 10. Truck Trailer | M9: 11. Motor cycles | N9: 12. Tractors | O9: Total Excl M/Cycles | P9: Total All | R9: Time | S9: 1. Car | T9: 2. Station Wagon | U9: 3. Pickups | V9: 4. Minibus, matatu | W9: 5. Medium bus | X9: 6. Large Bus | Y9: 7. Light Truck | Z9: 8. Medium Truck | AA9: 9. Heavy truck | AB9: 10. Truck Trailer | AC9: 11. Motorcycles | AD9: 12. Tractors, Graders | AE9: Total Excl M/ Cycles | AF9: Total All
B10: 07.00 - 07.15 | C10: 60 | D10: 8 | E10: 8 | F10: 70 | G10: 1 | H10: 0 | I10: 13 | J10: 5 | K10: 4 | L10: 3 | M10: 395 | N10: 0 | O10: =SUM(C10:L10,N10) -> 172 | P10: =SUM(C10:N10) -> 567 | R10: 0700-0800 | S10: =SUM(C10:C13) -> 249 | T10: =SUM(D10:D13) -> 39 | U10: =SUM(E10:E13) -> 29 | V10: =SUM(F10:F13) -> 276 | W10: =SUM(G10:G13) -> 8 | X10: =SUM(H10:H13) -> 0 | Y10: =SUM(I10:I13) -> 21 | Z10: =SUM(J10:J13) -> 8 | ... AF10: =SUM(P10:P13) -> 2450
B11: 07.15 - 07.30 | C11: 80 | D11: 14 | E11: 4 | F11: 60 | G11: 0 | H11: 0 | I11: 4 | J11: 1 | K11: 2 | L11: 4 | M11: 413 | N11: 0 | O11: =SUM(C11:L11,N11) -> 169 | P11: =SUM(C11:N11) -> 582 | R11: 0800-0900 | S11: =SUM(C14:C17) -> 540 | T11: =SUM(D14:D17) -> 49 | U11: =SUM(E14:E17) -> 44 | V11: =SUM(F14:F17) -> 313 | W11: =SUM(G14:G17) -> 4 | X11: =SUM(H14:H17) -> 1 | Y11: =SUM(I14:I17) -> 13 | Z11: =SUM(J14:J17) -> 9 | ... AF11: =SUM(P14:P17) -> 3422
B12: 07.30 - 07.45 | C12: 95 | D12: 7 | E12: 6 | F12: 66 | G12: 0 | H12: 0 | I12: 2 | J12: 2 | K12: 0 | L12: 1 | M12: 440 | N12: 0 | O12: =SUM(C12:L12,N12) -> 179 | P12: =SUM(C12:N12) -> 619 | R12: 0900-1000 | S12: =SUM(C18:C21) -> 560 | T12: =SUM(D18:D21) -> 1159 | U12: =SUM(E18:E21) -> 125 | V12: =SUM(F18:F21) -> 381 | W12: =SUM(G18:G21) -> 7 | X12: =SUM(H18:H21) -> 0 | Y12: =SUM(I18:I21) -> 28 | Z12: =SUM(J18:J21) -> 24 | ... AF12: =SUM(P18:P21) -> 4664
B13: 07.45 - 08.00 | C13: 14 | D13: 10 | E13: 11 | F13: 80 | G13: 7 | H13: 0 | I13: 2 | J13: 0 | K13: 0 | L13: 3 | M13: 555 | N13: 0 | O13: =SUM(C13:L13,N13) -> 127 | P13: =SUM(C13:N13) -> 682 | R13: 1000-1100 | S13: =SUM(C22:C25) -> 425 | T13: =SUM(D22:D25) -> 52 | U13: =SUM(E22:E25) -> 42 | V13: =SUM(F22:F25) -> 521 | W13: =SUM(G22:G25) -> 9 | X13: =SUM(H22:H25) -> 1 | Y13: =SUM(I22:I25) -> 43 | Z13: =SUM(J22:J25) -> 22 | ... AF13: =SUM(P22:P25) -> 3096
B14: 08.00 - 08.15 | C14: 105 | D14: 11 | E14: 7 | F14: 90 | G14: 1 | H14: 0 | I14: 3 | J14: 2 | K14: 1 | L14: 1 | M14: 538 | N14: 0 | O14: =SUM(C14:L14,N14) -> 221 | P14: =SUM(C14:N14) -> 759 | R14: 1100-1200 | S14: =SUM(C26:C29) -> 358 | T14: =SUM(D26:D29) -> 59 | U14: =SUM(E26:E29) -> 55 | V14: =SUM(F26:F29) -> 465 | W14: =SUM(G26:G29) -> 6 | X14: =SUM(H26:H29) -> 2 | Y14: =SUM(I26:I29) -> 62 | Z14: =SUM(J26:J29) -> 36 | ... AF14: =SUM(P26:P29) -> 2793
B15: 08.15 - 08.30 | C15: 115 | D15: 9 | E15: 12 | F15: 62 | G15: 0 | H15: 0 | I15: 3 | J15: 2 | K15: 0 | L15: 4 | M15: 605 | N15: 1 | O15: =SUM(C15:L15,N15) -> 208 | P15: =SUM(C15:N15) -> 813 | R15: 1200-1300 | S15: =SUM(C30:C33) -> 307 | T15: =SUM(D30:D33) -> 58 | U15: =SUM(E30:E33) -> 54 | V15: =SUM(F30:F33) -> 391 | W15: =SUM(G30:G33) -> 8 | X15: =SUM(H30:H33) -> 4 | Y15: =SUM(I30:I33) -> 55 | Z15: =SUM(J30:J33) -> 27 | ... AF15: =SUM(P30:P33) -> 2596
B16: 08.30 - 08.45 | C16: 145 | D16: 18 | E16: 13 | F16: 76 | G16: 2 | H16: 0 | I16: 3 | J16: 3 | K16: 4 | L16: 1 | M16: 655 | N16: 0 | O16: =SUM(C16:L16,N16) -> 265 | P16: =SUM(C16:N16) -> 920 | R16: 1300-1400 | S16: =SUM(C34:C37) -> 297 | T16: =SUM(D34:D37) -> 70 | U16: =SUM(E34:E37) -> 68 | V16: =SUM(F34:F37) -> 480 | W16: =SUM(G34:G37) -> 10 | X16: =SUM(H34:H37) -> 1 | Y16: =SUM(I34:I37) -> 34 | Z16: =SUM(J34:J37) -> 20 | ... AF16: =SUM(P34:P37) -> 2842
B17: 08.45 - 9.00 | C17: 175 | D17: 11 | E17: 12 | F17: 85 | G17: 1 | H17: 1 | I17: 4 | J17: 2 | K17: 1 | L17: 3 | M17: 635 | N17: 0 | O17: =SUM(C17:L17,N17) -> 295 | P17: =SUM(C17:N17) -> 930 | R17: 1400-1500 | S17: =SUM(C38:C41) -> 281 | T17: =SUM(D38:D41) -> 111 | U17: =SUM(E38:E41) -> 95 | V17: =SUM(F38:F41) -> 450 | W17: =SUM(G38:G41) -> 12 | X17: =SUM(H38:H41) -> 1 | Y17: =SUM(I38:I41) -> 43 | Z17: =SUM(J38:J41) -> 29 | ... AF17: =SUM(P38:P41) -> 2803
B18: 09.00 - 09.15 | C18: 145 | D18: 10 | E18: 6 | F18: 135 | G18: 0 | H18: 0 | I18: 4 | J18: 8 | K18: 1 | L18: 0 | M18: 552 | N18: 0 | O18: =SUM(C18:L18,N18) -> 309 | P18: =SUM(C18:N18) -> 861 | R18: 1500-1600 | S18: =SUM(C42:C45) -> 401 | T18: =SUM(D42:D45) -> 56 | U18: =SUM(E42:E45) -> 70 | V18: =SUM(F42:F45) -> 440 | W18: =SUM(G42:G45) -> 6 | X18: =SUM(H42:H45) -> 0 | Y18: =SUM(I42:I45) -> 40 | Z18: =SUM(J42:J45) -> 34 | ... AF18: =SUM(P42:P45) -> 3096
B19: 09.15 - 09.30 | C19: 180 | D19: 1114 | E19: 90 | F19: 1 | G19: 1 | H19: 0 | I19: 3 | J19: 7 | K19: 1 | L19: 6 | M19: 634 | N19: 0 | O19: =SUM(C19:L19,N19) -> 1403 | P19: =SUM(C19:N19) -> 2037 | R19: 1600-1700 | S19: =SUM(C46:C49) -> 298 | T19: =SUM(D46:D49) -> 45 | U19: =SUM(E46:E49) -> 51 | V19: =SUM(F46:F49) -> 424 | W19: =SUM(G46:G49) -> 5 | X19: =SUM(H46:H49) -> 1 | Y19: =SUM(I46:I49) -> 34 | Z19: =SUM(J46:J49) -> 26 | ... AF19: =SUM(P46:P49) -> 3106
B20: 09.30 - 09.45 | C20: 95 | D20: 20 | E20: 11 | F20: 120 | G20: 0 | H20: 0 | I20: 16 | J20: 6 | K20: 5 | L20: 2 | M20: 575 | N20: 1 | O20: =SUM(C20:L20,N20) -> 276 | P20: =SUM(C20:N20) -> 851 | R20: 1700-1800 | S20: =SUM(C50:C53) -> 188 | T20: =SUM(D50:D53) -> 54 | U20: =SUM(E50:E53) -> 44 | V20: =SUM(F50:F53) -> 273 | W20: =SUM(G50:G53) -> 5 | X20: =SUM(H50:H53) -> 1 | Y20: =SUM(I50:I53) -> 33 | Z20: =SUM(J50:J53) -> 18 | ... AF20: =SUM(P50:P53) -> 3181
B21: 09.45 - 10.00 | C21: 140 | D21: 15 | E21: 18 | F21: 125 | G21: 6 | H21: 0 | I21: 5 | J21: 3 | K21: 0 | L21: 0 | M21: 603 | N21: 0 | O21: =SUM(C21:L21,N21) -> 312 | P21: =SUM(C21:N21) -> 915 | R21: 1800-1900 | S21: =SUM(C54:C57) -> 345 | T21: =SUM(D54:D57) -> 61 | U21: =SUM(E54:E57) -> 53 | V21: =SUM(F54:F57) -> 255 | W21: =SUM(G54:G57) -> 3 | X21: =SUM(H54:H57) -> 4 | Y21: =SUM(I54:I57) -> 31 | Z21: =SUM(J54:J57) -> 23 | ... AF21: =SUM(P54:P57) -> 3634
B22: 10.00 - 10.15 | C22: 120 | D22: 14 | E22: 9 | F22: 100 | G22: 0 | H22: 0 | I22: 13 | J22: 7 | K22: 3 | L22: 4 | M22: 470 | N22: 1 | O22: =SUM(C22:L22,N22) -> 271 | P22: =SUM(C22:N22) -> 741 | R22: 1900-2000 | S22: =SUM(C58:C61) -> 107 | T22: =SUM(D58:D61) -> 13 | U22: =SUM(E58:E61) -> 14 | V22: =SUM(F58:F61) -> 287 | W22: =SUM(G58:G61) -> 84 | X22: =SUM(H58:H61) -> 7 | Y22: =SUM(I58:I61) -> 26 | Z22: =SUM(J58:J61) -> 13 | ... AF22: =SUM(P58:P61) -> 2250
B23: 10.15 - 10.30 | C23: 115 | D23: 11 | E23: 17 | F23: 91 | G23: 5 | H23: 0 | I23: 8 | J23: 4 | K23: 1 | L23: 1 | M23: 492 | N23: 0 | O23: =SUM(C23:L23,N23) -> 253 | P23: =SUM(C23:N23) -> 745 | R23: 2000-2100 | S23: =SUM(C62:C65) -> 112 | T23: =SUM(D62:D65) -> 30 | U23: =SUM(E62:E65) -> 23 | V23: =SUM(F62:F65) -> 241 | W23: =SUM(G62:G65) -> 2 | X23: =SUM(H62:H65) -> 0 | Y23: =SUM(I62:I65) -> 20 | Z23: =SUM(J62:J65) -> 6 | ... AF23: =SUM(P62:P65) -> 1652
B24: 10.30 - 10.45 | C24: 85 | D24: 11 | E24: 7 | F24: 225 | G24: 3 | H24: 1 | I24: 19 | J24: 7 | K24: 5 | L24: 5 | M24: 504 | N24: 0 | O24: =SUM(C24:L24,N24) -> 368 | P24: =SUM(C24:N24) -> 872 | R24: 2100-2200 | S24: =SUM(C66:C69) -> 175 | T24: =SUM(D66:D69) -> 36 | U24: =SUM(E66:E69) -> 13 | V24: =SUM(F66:F69) -> 326 | W24: =SUM(G66:G69) -> 1 | X24: =SUM(H66:H69) -> 4 | Y24: =SUM(I66:I69) -> 6 | Z24: =SUM(J66:J69) -> 6 | ... AF24: =SUM(P66:P69) -> 1300
B25: 10.45 - 11.00 | C25: 105 | D25: 16 | E25: 9 | F25: 105 | G25: 1 | H25: 0 | I25: 3 | J25: 4 | K25: 3 | L25: 3 | M25: 489 | N25: 0 | O25: =SUM(C25:L25,N25) -> 249 | P25: =SUM(C25:N25) -> 738 | R25: 2200-2300 | S25: =SUM(C70:C73) -> 205 | T25: =SUM(D70:D73) -> 29 | U25: =SUM(E70:E73) -> 18 | V25: =SUM(F70:F73) -> 153 | W25: =SUM(G70:G73) -> 0 | X25: =SUM(H70:H73) -> 0 | Y25: =SUM(I70:I73) -> 12 | Z25: =SUM(J70:J73) -> 8 | ... AF25: =SUM(P70:P73) -> 926
B26: 11.00 - 11.15 | C26: 120 | D26: 13 | E26: 11 | F26: 135 | G26: 3 | H26: 1 | I26: 25 | J26: 16 | K26: 5 | L26: 2 | M26: 395 | N26: 0 | O26: =SUM(C26:L26,N26) -> 331 | P26: =SUM(C26:N26) -> 726 | R26: 2300-0000 | S26: =SUM(C74:C77) -> 208 | T26: =SUM(D74:D77) -> 35 | U26: =SUM(E74:E77) -> 18 | V26: =SUM(F74:F77) -> 61 | W26: =SUM(G74:G77) -> 1 | X26: =SUM(H74:H77) -> 1 | Y26: =SUM(I74:I77) -> 6 | Z26: =SUM(J74:J77) -> 8 | ... AF26: =SUM(P74:P77) -> 732
B27: 11.15 - 11.30 | C27: 75 | D27: 10 | E27: 19 | F27: 115 | G27: 1 | H27: 0 | I27: 16 | J27: 10 | K27: 3 | L27: 3 | M27: 396 | N27: 0 | O27: =SUM(C27:L27,N27) -> 252 | P27: =SUM(C27:N27) -> 648 | R27: 0000-0100 | S27: =SUM(C78:C81) -> 149 | T27: =SUM(D78:D81) -> 47 | U27: =SUM(E78:E81) -> 8 | V27: =SUM(F78:F81) -> 15 | W27: =SUM(G78:G81) -> 3 | X27: =SUM(H78:H81) -> 0 | Y27: =SUM(I78:I81) -> 4 | Z27: =SUM(J78:J81) -> 0 | ... AF27: =SUM(P78:P81) -> 476
B28: 11.30 - 11.45 | C28: 88 | D28: 13 | E28: 14 | F28: 85 | G28: 1 | H28: 0 | I28: 7 | J28: 3 | K28: 8 | L28: 4 | M28: 465 | N28: 0 | O28: =SUM(C28:L28,N28) -> 223 | P28: =SUM(C28:N28) -> 688 | R28: 0100-0200 | S28: =SUM(C82:C85) -> 71 | T28: =SUM(D82:D85) -> 2 | U28: =SUM(E82:E85) -> 3 | V28: =SUM(F82:F85) -> 9 | W28: =SUM(G82:G85) -> 0 | X28: =SUM(H82:H85) -> 0 | Y28: =SUM(I82:I85) -> 5 | Z28: =SUM(J82:J85) -> 5 | ... AF28: =SUM(P82:P85) -> 211
B29: 11.45 - 12.00 | C29: 75 | D29: 23 | E29: 11 | F29: 130 | G29: 1 | H29: 1 | I29: 14 | J29: 7 | K29: 6 | L29: 5 | M29: 457 | N29: 1 | O29: =SUM(C29:L29,N29) -> 274 | P29: =SUM(C29:N29) -> 731 | R29: 0200-0300 | S29: =SUM(C86:C89) -> 28 | T29: =SUM(D86:D89) -> 3 | U29: =SUM(E86:E89) -> 6 | V29: =SUM(F86:F89) -> 12 | W29: =SUM(G86:G89) -> 0 | X29: =SUM(H86:H89) -> 0 | Y29: =SUM(I86:I89) -> 2 | Z29: =SUM(J86:J89) -> 2 | ... AF29: =SUM(P86:P89) -> 101
B30: 12.00 - 12.15 | C30: 90 | D30: 11 | E30: 14 | F30: 76 | G30: 0 | H30: 2 | I30: 21 | J30: 5 | K30: 0 | L30: 2 | M30: 415 | N30: 0 | O30: =SUM(C30:L30,N30) -> 221 | P30: =SUM(C30:N30) -> 636 | R30: 0300-0400 | S30: =SUM(C90:C93) -> 39 | T30: =SUM(D90:D93) -> 6 | U30: =SUM(E90:E93) -> 2 | V30: =SUM(F90:F93) -> 11 | W30: =SUM(G90:G93) -> 0 | X30: =SUM(H90:H93) -> 0 | Y30: =SUM(I90:I93) -> 5 | Z30: =SUM(J90:J93) -> 2 | ... AF30: =SUM(P90:P93) -> 119
B31: 12.15 - 12.30 | C31: 60 | D31: 23 | E31: 18 | F31: 130 | G31: 4 | H31: 0 | I31: 15 | J31: 6 | K31: 1 | L31: 5 | M31: 430 | N31: 1 | O31: =SUM(C31:L31,N31) -> 263 | P31: =SUM(C31:N31) -> 693 | R31: 0400-0500 | S31: =SUM(C94:C97) -> 52 | T31: =SUM(D94:D97) -> 13 | U31: =SUM(E94:E97) -> 5 | V31: =SUM(F94:F97) -> 10 | W31: =SUM(G94:G97) -> 0 | X31: =SUM(H94:H97) -> 0 | Y31: =SUM(I94:I97) -> 2 | Z31: =SUM(J94:J97) -> 1 | ... AF31: =SUM(P94:P97) -> 113
B32: 12.30 - 12.45 | C32: 82 | D32: 9 | E32: 9 | F32: 100 | G32: 1 | H32: 0 | I32: 13 | J32: 6 | K32: 1 | L32: 10 | M32: 402 | N32: 0 | O32: =SUM(C32:L32,N32) -> 231 | P32: =SUM(C32:N32) -> 633 | R32: 0500-0600 | S32: =SUM(C98:C101) -> 100 | T32: =SUM(D98:D101) -> 12 | U32: =SUM(E98:E101) -> 9 | V32: =SUM(F98:F101) -> 37 | W32: =SUM(G98:G101) -> 4 | X32: =SUM(H98:H101) -> 1 | Y32: =SUM(I98:I101) -> 14 | Z32: =SUM(J98:J101) -> 7 | ... AF32: =SUM(P98:P101) -> 267
B33: 12.45 - 13.00 | C33: 75 | D33: 15 | E33: 13 | F33: 85 | G33: 3 | H33: 2 | I33: 6 | J33: 10 | K33: 1 | L33: 2 | M33: 422 | N33: 0 | O33: =SUM(C33:L33,N33) -> 212 | P33: =SUM(C33:N33) -> 634 | R33: 0600-0700 | S33: =SUM(C102:C105) -> 280 | T33: =SUM(D102:D105) -> 12 | U33: =SUM(E102:E105) -> 6 | V33: =SUM(F102:F105) -> 175 | W33: =SUM(G102:G105) -> 5 | X33: =SUM(H102:H105) -> 4 | Y33: =SUM(I102:I105) -> 21 | Z33: =SUM(J102:J105) -> 9 | ... AF33: =SUM(P102:P105) -> 906
B34: 13.00 - 13.15 | C34: 75 | D34: 15 | E34: 18 | F34: 130 | G34: 0 | H34: 0 | I34: 11 | J34: 3 | K34: 7 | L34: 8 | M34: 465 | N34: 0 | O34: =SUM(C34:L34,N34) -> 267 | P34: =SUM(C34:N34) -> 732 | R34: AM Peak Hr | S34: =MAX(S10:S12) -> 560 | T34: =MAX(T10:T12) -> 1159 | U34: =MAX(U10:U12) -> 125 | V34: =MAX(V10:V12) -> 381 | W34: =MAX(W10:W12) -> 8 | X34: =MAX(X10:X12) -> 1 | Y34: =MAX(Y10:Y12) -> 28 | Z34: =MAX(Z10:Z12) -> 24 | ... AF34: =MAX(AF10:AF12) -> 4664
B35: 13.15 - 13.30 | C35: 60 | D35: 12 | E35: 14 | F35: 120 | G35: 4 | H35: 0 | I35: 7 | J35: 10 | K35: 2 | L35: 6 | M35: 440 | N35: 0 | O35: =SUM(C35:L35,N35) -> 235 | P35: =SUM(C35:N35) -> 675 | R35: IP Peak Hr | S35: =MAX(S13:S18) -> 425 | T35: =MAX(T13:T18) -> 111 | U35: =MAX(U13:U18) -> 95 | V35: =MAX(V13:V18) -> 521 | W35: =MAX(W13:W18) -> 12 | X35: =MAX(X13:X18) -> 4 | Y35: =MAX(Y13:Y18) -> 62 | Z35: =MAX(Z13:Z18) -> 36 | ... AF35: =MAX(AF13:AF18) -> 3096
B36: 13.30 - 13.45 | C36: 79 | D36: 17 | E36: 12 | F36: 90 | G36: 2 | H36: 1 | I36: 5 | J36: 2 | K36: 3 | L36: 3 | M36: 447 | N36: 0 | O36: =SUM(C36:L36,N36) -> 214 | P36: =SUM(C36:N36) -> 661 | R36: PM Peak Hr | S36: =MAX(S19:S21) -> 345 | T36: =MAX(T19:T21) -> 61 | U36: =MAX(U19:U21) -> 53 | V36: =MAX(V19:V21) -> 424 | W36: =MAX(W19:W21) -> 5 | X36: =MAX(X19:X21) -> 4 | Y36: =MAX(Y19:Y21) -> 34 | Z36: =MAX(Z19:Z21) -> 26 | ... AF36: =MAX(AF19:AF21) -> 3634
B37: 13.45 - 14.00 | C37: 83 | D37: 26 | E37: 24 | F37: 140 | G37: 4 | H37: 0 | I37: 11 | J37: 5 | K37: 1 | L37: 5 | M37: 475 | N37: 0 | O37: =SUM(C37:L37,N37) -> 299 | P37: =SUM(C37:N37) -> 774 | R37: AM Period | S37: =SUM(S10:S12) -> 1349 | T37: =SUM(T10:T12) -> 1247 | U37: =SUM(U10:U12) -> 198 | V37: =SUM(V10:V12) -> 970 | W37: =SUM(W10:W12) -> 19 | X37: =SUM(X10:X12) -> 1 | Y37: =SUM(Y10:Y12) -> 62 | Z37: =SUM(Z10:Z12) -> 41 | ... AF37: =SUM(AF10:AF12) -> 10536
B38: 14.00 - 14.15 | C38: 65 | D38: 14 | E38: 15 | F38: 115 | G38: 3 | H38: 0 | I38: 6 | J38: 6 | K38: 1 | L38: 7 | M38: 424 | N38: 0 | O38: =SUM(C38:L38,N38) -> 232 | P38: =SUM(C38:N38) -> 656 | R38: IP Period | S38: =SUM(S13:S18) -> 2069 | T38: =SUM(T13:T18) -> 406 | U38: =SUM(U13:U18) -> 384 | V38: =SUM(V13:V18) -> 2747 | W38: =SUM(W13:W18) -> 51 | X38: =SUM(X13:X18) -> 9 | Y38: =SUM(Y13:Y18) -> 277 | Z38: =SUM(Z13:Z18) -> 168 | ... AF38: =SUM(AF13:AF18) -> 17226
B39: 14.15 - 14.30 | C39: 60 | D39: 16 | E39: 19 | F39: 130 | G39: 3 | H39: 0 | I39: 10 | J39: 5 | K39: 6 | L39: 7 | M39: 403 | N39: 0 | O39: =SUM(C39:L39,N39) -> 256 | P39: =SUM(C39:N39) -> 659 | R39: PM Period | S39: =SUM(S19:S21) -> 831 | T39: =SUM(T19:T21) -> 160 | U39: =SUM(U19:U21) -> 148 | V39: =SUM(V19:V21) -> 952 | W39: =SUM(W19:W21) -> 13 | X39: =SUM(X19:X21) -> 6 | Y39: =SUM(Y19:Y21) -> 98 | Z39: =SUM(Z19:Z21) -> 67 | ... AF39: =SUM(AF19:AF21) -> 9921
B40: 14.30 - 14.45 | C40: 78 | D40: 26 | E40: 22 | F40: 90 | G40: 4 | H40: 1 | I40: 18 | J40: 11 | K40: 0 | L40: 8 | M40: 448 | N40: 0 | O40: =SUM(C40:L40,N40) -> 258 | P40: =SUM(C40:N40) -> 706 | R40: 12 Hours | S40: =SUM(S10:S21) -> 4249 | T40: =SUM(T10:T21) -> 1813 | U40: =SUM(U10:U21) -> 730 | V40: =SUM(V10:V21) -> 4669 | W40: =SUM(W10:W21) -> 83 | X40: =SUM(X10:X21) -> 16 | Y40: =SUM(Y10:Y21) -> 437 | Z40: =SUM(Z10:Z21) -> 276 | ... AF40: =SUM(AF10:AF21) -> 37683
B41: 14.45 - 15.00 | C41: 78 | D41: 55 | E41: 39 | F41: 115 | G41: 2 | H41: 0 | I41: 9 | J41: 7 | K41: 3 | L41: 3 | M41: 471 | N41: 0 | O41: =SUM(C41:L41,N41) -> 311 | P41: =SUM(C41:N41) -> 782 | R41: 24 Hrs/ADT | S41: =SUM(S10:S33) -> 5775 | T41: =SUM(T10:T33) -> 2051 | U41: =SUM(U10:U33) -> 855 | V41: =SUM(V10:V33) -> 6006 | W41: =SUM(W10:W33) -> 183 | X41: =SUM(X10:X33) -> 33 | Y41: =SUM(Y10:Y33) -> 560 | Z41: =SUM(Z10:Z33) -> 343 | ... AF41: =SUM(AF10:AF33) -> 46736
B42: 15.00 - 15.15 | C42: 130 | D42: 17 | E42: 18 | F42: 123 | G42: 1 | H42: 0 | I42: 5 | J42: 6 | K42: 3 | L42: 5 | M42: 468 | N42: 0 | O42: =SUM(C42:L42,N42) -> 308 | P42: =SUM(C42:N42) -> 776 | R42: NEF | S42: =S41/S40 -> 1.3591433 | T42: =T41/T40 -> 1.1312741 | U42: =U41/U40 -> 1.1712329 | V42: =V41/V40 -> 1.2863568 | W42: =W41/W40 -> 2.2048193 | X42: =X41/X40 -> 2.0625 | Y42: =Y41/Y40 -> 1.2814645 | Z42: =Z41/Z40 -> 1.2427536 | ... AF42: =AF41/AF40 -> 1.240241
B43: 15.15 - 15.30 | C43: 100 | D43: 15 | E43: 30 | F43: 117 | G43: 2 | H43: 0 | I43: 16 | J43: 17 | K43: 5 | L43: 8 | M43: 503 | N43: 1 | O43: =SUM(C43:L43,N43) -> 311 | P43: =SUM(C43:N43) -> 814
B44: 15.30 - 15.45 | C44: 90 | D44: 10 | E44: 14 | F44: 131 | G44: 2 | H44: 0 | I44: 5 | J44: 6 | K44: 2 | L44: 3 | M44: 511 | N44: 0 | O44: =SUM(C44:L44,N44) -> 263 | P44: =SUM(C44:N44) -> 774
B45: 15.45 - 16.00 | C45: 81 | D45: 14 | E45: 8 | F45: 69 | G45: 1 | H45: 0 | I45: 14 | J45: 5 | K45: 6 | L45: 4 | M45: 530 | N45: 0 | O45: =SUM(C45:L45,N45) -> 202 | P45: =SUM(C45:N45) -> 732
B46: 16.00 - 16.15 | C46: 48 | D46: 8 | E46: 11 | F46: 124 | G46: 1 | H46: 0 | I46: 10 | J46: 4 | K46: 6 | L46: 5 | M46: 534 | N46: 0 | O46: =SUM(C46:L46,N46) -> 217 | P46: =SUM(C46:N46) -> 751
B47: 16.15 -16.30 | C47: 60 | D47: 6 | E47: 9 | F47: 105 | G47: 0 | H47: 0 | I47: 10 | J47: 9 | K47: 1 | L47: 1 | M47: 603 | N47: 0 | O47: =SUM(C47:L47,N47) -> 201 | P47: =SUM(C47:N47) -> 804
B48: 16.30 -16.45 | C48: 105 | D48: 11 | E48: 10 | F48: 110 | G48: 3 | H48: 1 | I48: 7 | J48: 7 | K48: 2 | L48: 4 | M48: 555 | N48: 1 | O48: =SUM(C48:L48,N48) -> 261 | P48: =SUM(C48:N48) -> 816
B49: 16.45 -17.00 | C49: 85 | D49: 20 | E49: 21 | F49: 85 | G49: 1 | H49: 0 | I49: 7 | J49: 6 | K49: 2 | L49: 2 | M49: 505 | N49: 1 | O49: =SUM(C49:L49,N49) -> 230 | P49: =SUM(C49:N49) -> 735
B50: 17.00 -17.15 | C50: 46 | D50: 17 | E50: 10 | F50: 55 | G50: 1 | H50: 0 | I50: 9 | J50: 6 | K50: 0 | L50: 4 | M50: 620 | N50: 0 | O50: =SUM(C50:L50,N50) -> 148 | P50: =SUM(C50:N50) -> 768
B51: 17.15 -17.30 | C51: 53 | D51: 14 | E51: 16 | F51: 54 | G51: 1 | H51: 0 | I51: 9 | J51: 2 | K51: 4 | L51: 2 | M51: 588 | N51: 0 | O51: =SUM(C51:L51,N51) -> 155 | P51: =SUM(C51:N51) -> 743
B52: 17.30 -17.45 | C52: 59 | D52: 15 | E52: 12 | F52: 70 | G52: 1 | H52: 1 | I52: 9 | J52: 3 | K52: 2 | L52: 3 | M52: 585 | N52: 0 | O52: =SUM(C52:L52,N52) -> 175 | P52: =SUM(C52:N52) -> 760
B53: 17.45 -18.00 | C53: 30 | D53: 8 | E53: 6 | F53: 94 | G53: 2 | H53: 0 | I53: 6 | J53: 7 | K53: 3 | L53: 1 | M53: 752 | N53: 1 | O53: =SUM(C53:L53,N53) -> 158 | P53: =SUM(C53:N53) -> 910
B54: 18.00 - 18.15 | C54: 60 | D54: 22 | E54: 12 | F54: 55 | G54: 2 | H54: 1 | I54: 18 | J54: 7 | K54: 4 | L54: 5 | M54: 705 | N54: 1 | O54: =SUM(C54:L54,N54) -> 187 | P54: =SUM(C54:N54) -> 892
... B105: 06.45 - 07.00 | C105: 60 | D105: 0 | E105: 4 | F105: 56 | G105: 1 | H105: 1 | I105: 4 | J105: 3 | K105: 1 | L105: 1 | M105: 150 | N105: 0 | O105: =SUM(C105:L105,N105) -> 131 | P105: =SUM(C105:N105) -> 281
B106: Totals | C106: =SUM(C10:C105) -> 5775 | D106: =SUM(D10:D105) -> 2051 | E106: =SUM(E10:E105) -> 855 | F106: =SUM(F10:F105) -> 6006 | G106: =SUM(G10:G105) -> 183 | H106: =SUM(H10:H105) -> 33 | I106: =SUM(I10:I105) -> 560 | J106: =SUM(J10:J105) -> 343 | ... P106: =SUM(P10:P105) -> 46736
B107: %ges + MCs | C107: =C106/$P$106 -> 0.12356642 | D107: =D106/$P$106 -> 0.0438848 | E107: =E106/$P$106 -> 0.018294249 | F107: =F106/$P$106 -> 0.12850907 | G107: =G106/$P$106 -> 0.0039156111 | H107: =H106/$P$106 -> 0.0007060938 | I107: =I106/$P$106 -> 0.011982198 | J107: =J106/$P$106 -> 0.0073390962 | ... N107: =N106/$P$106 -> 0.00029955495
B108: %ges w/o MCs | C108: =C106/$O$106 -> 0.35520974 | D108: =D106/$O$106 -> 0.12615328 | E108: =E106/$O$106 -> 0.052589494 | F108: =F106/$O$106 -> 0.36941813 | G108: =G106/$O$106 -> 0.011255997 | H108: =H106/$O$106 -> 0.00202977 | I108: =I106/$O$106 -> 0.034444581 | J108: =J106/$O$106 -> 0.021097306 | ... L108: =L106/$O$106 -> 0.015930619 | N108: =N106/$O$106 -> 0.00086111453

Sheet 02.08 ClockTower-Nsambya
B1: Consultancy services for Preparation of Expressway Development Master Plan (EDMP) for Uganda
B2: MANUAL CLASSIFIED COUNT (MCC)
B3: ROAD NAME: | C3: ='29.07 ClockTower-Nsambya'!C3:G3 -> MCC - C1 - STN50 - NSAMBYA ROAD
C5: Date | D5: 02.08.19 | F5: Location | G5: ='31.07 Nsambya-ClockTower'!G5:H5 -> Gapco | J5: Surveyor | K5: ='29.07 ClockTower-Nsambya'!K5:L5 -> Adong Agnes
C6: Dir. From | D6: ='29.07 ClockTower-Nsambya'!D6:E6 -> Clock Tower | F6: Dir. To | G6: ='29.07 ClockTower-Nsambya'!G6:H6 -> Nsambya | J6: Supervisor | K6: ='31.07 Nsambya-ClockTower'!K6:L6 -> Felix
B8: Time / Veh Type | R8: SUMMARY TRAFFIC VOLUMES
C9: 1. Car | D9: 2. Station Wagon | E9: 3. Pickups | F9: 4. Minibus, matatu | G9: 5. Medium bus | H9: 6. Large Bus | I9: 7. Light Truck | J9: 8. Medium Truck | K9: 9. Heavy truck | L9: 10. Truck Trailer | M9: 11. Motor cycles | N9: 12. Tractors | O9: Total Excl M/Cycles | P9: Total All | R9: Time | S9: 1. Car | T9: 2. Station Wagon | U9: 3. Pickups | V9: 4. Minibus, matatu | W9: 5. Medium bus | X9: 6. Large Bus | Y9: 7. Light Truck | Z9: 8. Medium Truck | AA9: 9. Heavy truck | AB9: 10. Truck Trailer | AC9: 11. Motorcycles | AD9: 12. Tractors, Graders | AE9: Total Excl M/ Cycles | AF9: Total All
B10: 07.00 - 07.15 | C10: 43 | D10: 8 | E10: 3 | F10: 53 | G10: 2 | H10: 1 | I10: 3 | J10: 3 | K10: 0 | L10: 2 | M10: 500 | N10: 0 | O10: =SUM(C10:L10,N10) -> 118 | P10: =SUM(C10:N10) -> 618 | R10: 0700-0800 | S10: =SUM(C10:C13) -> 215 | T10: =SUM(D10:D13) -> 30 | U10: =SUM(E10:E13) -> 13 | V10: =SUM(F10:F13) -> 377 | W10: =SUM(G10:G13) -> 10 | X10: =SUM(H10:H13) -> 1 | Y10: =SUM(I10:I13) -> 10 | Z10: =SUM(J10:J13) -> 8 | ... AF10: =SUM(P10:P13) -> 2579
B11: 07.15 - 07.30 | C11: 49 | D11: 6 | E11: 2 | F11: 75 | G11: 2 | H11: 0 | I11: 2 | J11: 2 | K11: 1 | L11: 3 | M11: 552 | N11: 0 | O11: =SUM(C11:L11,N11) -> 142 | P11: =SUM(C11:N11) -> 694 | R11: 0800-0900 | S11: =SUM(C14:C17) -> 176 | T11: =SUM(D14:D17) -> 17 | U11: =SUM(E14:E17) -> 20 | V11: =SUM(F14:F17) -> 417 | W11: =SUM(G14:G17) -> 11 | X11: =SUM(H14:H17) -> 1 | Y11: =SUM(I14:I17) -> 7 | Z11: =SUM(J14:J17) -> 17 | ... AF11: =SUM(P14:P17) -> 2747
B12: 07.30 - 07.45 | C12: 60 | D12: 6 | E12: 3 | F12: 101 | G12: 0 | H12: 0 | I12: 2 | J12: 3 | K12: 1 | L12: 1 | M12: 442 | N12: 0 | O12: =SUM(C12:L12,N12) -> 177 | P12: =SUM(C12:N12) -> 619 | R12: 0900-1000 | S12: =SUM(C18:C21) -> 211 | T12: =SUM(D18:D21) -> 28 | U12: =SUM(E18:E21) -> 14 | V12: =SUM(F18:F21) -> 399 | W12: =SUM(G18:G21) -> 10 | X12: =SUM(H18:H21) -> 3 | Y12: =SUM(I18:I21) -> 17 | Z12: =SUM(J18:J21) -> 21 | ... AF12: =SUM(P18:P21) -> 2496
B13: 07.45 - 08.00 | C13: 63 | D13: 10 | E13: 5 | F13: 148 | G13: 6 | H13: 0 | I13: 3 | J13: 0 | K13: 2 | L13: 1 | M13: 410 | N13: 0 | O13: =SUM(C13:L13,N13) -> 238 | P13: =SUM(C13:N13) -> 648 | R13: 1000-1100 | S13: =SUM(C22:C25) -> 222 | T13: =SUM(D22:D25) -> 26 | U13: =SUM(E22:E25) -> 23 | V13: =SUM(F22:F25) -> 309 | W13: =SUM(G22:G25) -> 6 | X13: =SUM(H22:H25) -> 1 | Y13: =SUM(I22:I25) -> 25 | Z13: =SUM(J22:J25) -> 21 | ... AF13: =SUM(P22:P25) -> 2061
B14: 08.00 - 08.15 | C14: 46 | D14: 8 | E14: 5 | F14: 92 | G14: 6 | H14: 0 | I14: 3 | J14: 5 | K14: 3 | L14: 1 | M14: 614 | N14: 0 | O14: =SUM(C14:L14,N14) -> 169 | P14: =SUM(C14:N14) -> 783 | R14: 1100-1200 | S14: =SUM(C26:C29) -> 120 | T14: =SUM(D26:D29) -> 63 | U14: =SUM(E26:E29) -> 20 | V14: =SUM(F26:F29) -> 138 | W14: =SUM(G26:G29) -> 2 | X14: =SUM(H26:H29) -> 0 | Y14: =SUM(I26:I29) -> 12 | Z14: =SUM(J26:J29) -> 10 | ... AF14: =SUM(P26:P29) -> 2209
B15: 08.15 - 08.30 | C15: 62 | D15: 2 | E15: 5 | F15: 100 | G15: 0 | H15: 1 | I15: 1 | J15: 5 | K15: 3 | L15: 2 | M15: 441 | N15: 0 | O15: =SUM(C15:L15,N15) -> 181 | P15: =SUM(C15:N15) -> 622 | R15: 1200-1300 | S15: =SUM(C30:C33) -> 144 | T15: =SUM(D30:D33) -> 70 | U15: =SUM(E30:E33) -> 24 | V15: =SUM(F30:F33) -> 169 | W15: =SUM(G30:G33) -> 1 | X15: =SUM(H30:H33) -> 0 | Y15: =SUM(I30:I33) -> 17 | Z15: =SUM(J30:J33) -> 14 | ... AF15: =SUM(P30:P33) -> 1756
B16: 08.30 - 08.45 | C16: 40 | D16: 5 | E16: 5 | F16: 80 | G16: 3 | H16: 0 | I16: 3 | J16: 3 | K16: 2 | L16: 1 | M16: 523 | N16: 0 | O16: =SUM(C16:L16,N16) -> 142 | P16: =SUM(C16:N16) -> 665 | R16: 1300-1400 | S16: =SUM(C34:C37) -> 148 | T16: =SUM(D34:D37) -> 78 | U16: =SUM(E34:E37) -> 41 | V16: =SUM(F34:F37) -> 150 | W16: =SUM(G34:G37) -> 3 | X16: =SUM(H34:H37) -> 0 | Y16: =SUM(I34:I37) -> 22 | Z16: =SUM(J34:J37) -> 11 | ... AF16: =SUM(P34:P37) -> 1773
B17: 08.45 - 9.00 | C17: 28 | D17: 2 | E17: 5 | F17: 145 | G17: 2 | H17: 0 | I17: 0 | J17: 4 | K17: 4 | L17: 1 | M17: 485 | N17: 1 | O17: =SUM(C17:L17,N17) -> 192 | P17: =SUM(C17:N17) -> 677 | R17: 1400-1500 | S17: =SUM(C38:C41) -> 225 | T17: =SUM(D38:D41) -> 88 | U17: =SUM(E38:E41) -> 41 | V17: =SUM(F38:F41) -> 116 | W17: =SUM(G38:G41) -> 0 | X17: =SUM(H38:H41) -> 0 | Y17: =SUM(I38:I41) -> 19 | Z17: =SUM(J38:J41) -> 14 | ... AF17: =SUM(P38:P41) -> 1730
B18: 09.00 - 09.15 | C18: 46 | D18: 6 | E18: 3 | F18: 125 | G18: 5 | H18: 1 | I18: 5 | J18: 5 | K18: 3 | L18: 3 | M18: 383 | N18: 1 | O18: =SUM(C18:L18,N18) -> 203 | P18: =SUM(C18:N18) -> 586 | R18: 1500-1600 | S18: =SUM(C42:C45) -> 280 | T18: =SUM(D42:D45) -> 70 | U18: =SUM(E42:E45) -> 35 | V18: =SUM(F42:F45) -> 138 | W18: =SUM(G42:G45) -> 0 | X18: =SUM(H42:H45) -> 1 | Y18: =SUM(I42:I45) -> 35 | Z18: =SUM(J42:J45) -> 27 | ... AF18: =SUM(P42:P45) -> 2109
B19: 09.15 - 09.30 | C19: 67 | D19: 4 | E19: 4 | F19: 112 | G19: 0 | H19: 0 | I19: 7 | J19: 11 | K19: 3 | L19: 2 | M19: 513 | N19: 1 | O19: =SUM(C19:L19,N19) -> 211 | P19: =SUM(C19:N19) -> 724 | R19: 1600-1700 | S19: =SUM(C46:C49) -> 239 | T19: =SUM(D46:D49) -> 112 | U19: =SUM(E46:E49) -> 33 | V19: =SUM(F46:F49) -> 124 | W19: =SUM(G46:G49) -> 11 | X19: =SUM(H46:H49) -> 1 | Y19: =SUM(I46:I49) -> 22 | Z19: =SUM(J46:J49) -> 15 | ... AF19: =SUM(P46:P49) -> 1627
B20: 09.30 - 09.45 | C20: 40 | D20: 11 | E20: 5 | F20: 78 | G20: 2 | H20: 1 | I20: 2 | J20: 2 | K20: 3 | L20: 1 | M20: 469 | N20: 1 | O20: =SUM(C20:L20,N20) -> 146 | P20: =SUM(C20:N20) -> 615 | R20: 1700-1800 | S20: =SUM(C50:C53) -> 290 | T20: =SUM(D50:D53) -> 107 | U20: =SUM(E50:E53) -> 36 | V20: =SUM(F50:F53) -> 103 | W20: =SUM(G50:G53) -> 3 | X20: =SUM(H50:H53) -> 0 | Y20: =SUM(I50:I53) -> 22 | Z20: =SUM(J50:J53) -> 16 | ... AF20: =SUM(P50:P53) -> 2164
B21: 09.45 - 10.00 | C21: 58 | D21: 7 | E21: 2 | F21: 84 | G21: 3 | H21: 1 | I21: 3 | J21: 3 | K21: 3 | L21: 2 | M21: 405 | N21: 0 | O21: =SUM(C21:L21,N21) -> 166 | P21: =SUM(C21:N21) -> 571 | R21: 1800-1900 | S21: =SUM(C54:C57) -> 221 | T21: =SUM(D54:D57) -> 140 | U21: =SUM(E54:E57) -> 21 | V21: =SUM(F54:F57) -> 137 | W21: =SUM(G54:G57) -> 7 | X21: =SUM(H54:H57) -> 1 | Y21: =SUM(I54:I57) -> 11 | Z21: =SUM(J54:J57) -> 17 | ... AF21: =SUM(P54:P57) -> 2426
B22: 10.00 - 10.15 | C22: 56 | D22: 8 | E22: 6 | F22: 66 | G22: 2 | H22: 1 | I22: 8 | J22: 7 | K22: 4 | L22: 4 | M22: 370 | N22: 0 | O22: =SUM(C22:L22,N22) -> 162 | P22: =SUM(C22:N22) -> 532 | R22: AM Peak Hr | S22: =MAX(S10:S12) -> 215 | T22: =MAX(T10:T12) -> 30 | U22: =MAX(U10:U12) -> 20 | V22: =MAX(V10:V12) -> 417 | W22: =MAX(W10:W12) -> 11 | X22: =MAX(X10:X12) -> 3 | Y22: =MAX(Y10:Y12) -> 17 | Z22: =MAX(Z10:Z12) -> 21 | ... AF22: =MAX(AF10:AF12) -> 2747
B23: 10.15 - 10.30 | C23: 76 | D23: 9 | E23: 4 | F23: 98 | G23: 1 | H23: 0 | I23: 7 | J23: 7 | K23: 5 | L23: 2 | M23: 313 | N23: 0 | O23: =SUM(C23:L23,N23) -> 209 | P23: =SUM(C23:N23) -> 522 | R23: IP Peak Hr | S23: =MAX(S13:S18) -> 280 | T23: =MAX(T13:T18) -> 88 | U23: =MAX(U13:U18) -> 41 | V23: =MAX(V13:V18) -> 309 | W23: =MAX(W13:W18) -> 6 | X23: =MAX(X13:X18) -> 1 | Y23: =MAX(Y13:Y18) -> 35 | Z23: =MAX(Z13:Z18) -> 27 | ... AF23: =MAX(AF13:AF18) -> 2209
B24: 10.30 - 10.45 | C24: 50 | D24: 4 | E24: 7 | F24: 90 | G24: 2 | H24: 0 | I24: 3 | J24: 3 | K24: 4 | L24: 1 | M24: 361 | N24: 0 | O24: =SUM(C24:L24,N24) -> 164 | P24: =SUM(C24:N24) -> 525 | R24: PM Peak Hr | S24: =MAX(S19:S21) -> 290 | T24: =MAX(T19:T21) -> 140 | U24: =MAX(U19:U21) -> 36 | V24: =MAX(V19:V21) -> 137 | W24: =MAX(W19:W21) -> 11 | X24: =MAX(X19:X21) -> 1 | Y24: =MAX(Y19:Y21) -> 22 | Z24: =MAX(Z19:Z21) -> 17 | ... AF24: =MAX(AF19:AF21) -> 2426
B25: 10.45 - 11.00 | C25: 40 | D25: 5 | E25: 6 | F25: 55 | G25: 1 | H25: 0 | I25: 7 | J25: 4 | K25: 4 | L25: 2 | M25: 358 | N25: 0 | O25: =SUM(C25:L25,N25) -> 124 | P25: =SUM(C25:N25) -> 482 | R25: AM Period | S25: =SUM(S10:S12) -> 602 | T25: =SUM(T10:T12) -> 75 | U25: =SUM(U10:U12) -> 47 | V25: =SUM(V10:V12) -> 1193 | W25: =SUM(W10:W12) -> 31 | X25: =SUM(X10:X12) -> 5 | Y25: =SUM(Y10:Y12) -> 34 | Z25: =SUM(Z10:Z12) -> 46 | ... AF25: =SUM(AF10:AF12) -> 7822
B26: 11.00 - 11.15 | C26: 29 | D26: 6 | E26: 3 | F26: 44 | G26: 2 | H26: 0 | I26: 2 | J26: 2 | K26: 2 | L26: 1 | M26: 274 | N26: 0 | O26: =SUM(C26:L26,N26) -> 91 | P26: =SUM(C26:N26) -> 365 | R26: IP Period | S26: =SUM(S13:S18) -> 1139 | T26: =SUM(T13:T18) -> 395 | U26: =SUM(U13:U18) -> 184 | V26: =SUM(V13:V18) -> 1020 | W26: =SUM(W13:W18) -> 12 | X26: =SUM(X13:X18) -> 2 | Y26: =SUM(Y13:Y18) -> 130 | Z26: =SUM(Z13:Z18) -> 97 | ... AF26: =SUM(AF13:AF18) -> 11638
B27: 11.15 - 11.30 | C27: 23 | D27: 15 | E27: 10 | F27: 38 | G27: 0 | H27: 0 | I27: 5 | J27: 0 | K27: 2 | L27: 0 | M27: 535 | N27: 0 | O27: =SUM(C27:L27,N27) -> 93 | P27: =SUM(C27:N27) -> 628 | R27: PM Period | S27: =SUM(S19:S21) -> 750 | T27: =SUM(T19:T21) -> 359 | U27: =SUM(U19:U21) -> 90 | V27: =SUM(V19:V21) -> 364 | W27: =SUM(W19:W21) -> 21 | X27: =SUM(X19:X21) -> 2 | Y27: =SUM(Y19:Y21) -> 55 | Z27: =SUM(Z19:Z21) -> 48 | ... AF27: =SUM(AF19:AF21) -> 6217
B28: 11.30 - 11.45 | C28: 35 | D28: 24 | E28: 4 | F28: 21 | G28: 0 | H28: 0 | I28: 4 | J28: 5 | K28: 1 | L28: 1 | M28: 603 | N28: 0 | O28: =SUM(C28:L28,N28) -> 95 | P28: =SUM(C28:N28) -> 698 | R28: 12 Hours | S28: =SUM(S10:S21) -> 2491 | T28: =SUM(T10:T21) -> 829 | U28: =SUM(U10:U21) -> 321 | V28: =SUM(V10:V21) -> 2577 | W28: =SUM(W10:W21) -> 64 | X28: =SUM(X10:X21) -> 9 | Y28: =SUM(Y10:Y21) -> 219 | Z28: =SUM(Z10:Z21) -> 191 | ... AF28: =SUM(AF10:AF21) -> 25677
B29: 11.45 - 12.00 | C29: 33 | D29: 18 | E29: 3 | F29: 35 | G29: 0 | H29: 0 | I29: 1 | J29: 3 | K29: 1 | L29: 1 | M29: 422 | N29: 1 | O29: =SUM(C29:L29,N29) -> 96 | P29: =SUM(C29:N29) -> 518
B30: 12.00 - 12.15 | C30: 39 | D30: 29 | E30: 3 | F30: 32 | G30: 0 | H30: 0 | I30: 5 | J30: 3 | K30: 3 | L30: 4 | M30: 248 | N30: 0 | O30: =SUM(C30:L30,N30) -> 118 | P30: =SUM(C30:N30) -> 366
B31: 12.15 - 12.30 | C31: 34 | D31: 10 | E31: 5 | F31: 41 | G31: 1 | H31: 0 | I31: 2 | J31: 4 | K31: 3 | L31: 3 | M31: 405 | N31: 0 | O31: =SUM(C31:L31,N31) -> 103 | P31: =SUM(C31:N31) -> 508
B32: 12.30 - 12.45 | C32: 29 | D32: 17 | E32: 6 | F32: 56 | G32: 0 | H32: 0 | I32: 4 | J32: 4 | K32: 3 | L32: 0 | M32: 341 | N32: 0 | O32: =SUM(C32:L32,N32) -> 119 | P32: =SUM(C32:N32) -> 460
B33: 12.45 - 13.00 | C33: 42 | D33: 14 | E33: 10 | F33: 40 | G33: 0 | H33: 0 | I33: 6 | J33: 3 | K33: 1 | L33: 6 | M33: 300 | N33: 0 | O33: =SUM(C33:L33,N33) -> 122 | P33: =SUM(C33:N33) -> 422
B34: 13.00 - 13.15 | C34: 16 | D34: 30 | E34: 9 | F34: 50 | G34: 0 | H34: 0 | I34: 6 | J34: 5 | K34: 3 | L34: 3 | M34: 405 | N34: 0 | O34: =SUM(C34:L34,N34) -> 122 | P34: =SUM(C34:N34) -> 527
B35: 13.15 - 13.30 | C35: 33 | D35: 17 | E35: 7 | F35: 27 | G35: 1 | H35: 0 | I35: 5 | J35: 1 | K35: 2 | L35: 4 | M35: 319 | N35: 0 | O35: =SUM(C35:L35,N35) -> 97 | P35: =SUM(C35:N35) -> 416
B36: 13.30 - 13.45 | C36: 52 | D36: 15 | E36: 12 | F36: 36 | G36: 2 | H36: 0 | I36: 2 | J36: 2 | K36: 2 | L36: 4 | M36: 345 | N36: 0 | O36: =SUM(C36:L36,N36) -> 127 | P36: =SUM(C36:N36) -> 472
B37: 13.45 - 14.00 | C37: 47 | D37: 16 | E37: 13 | F37: 37 | G37: 0 | H37: 0 | I37: 9 | J37: 3 | K37: 2 | L37: 1 | M37: 230 | N37: 0 | O37: =SUM(C37:L37,N37) -> 128 | P37: =SUM(C37:N37) -> 358
B38: 14.00 - 14.15 | C38: 40 | D38: 20 | E38: 16 | F38: 40 | G38: 0 | H38: 0 | I38: 1 | J38: 5 | K38: 0 | L38: 6 | M38: 346 | N38: 0 | O38: =SUM(C38:L38,N38) -> 128 | P38: =SUM(C38:N38) -> 474
B39: 14.15 - 14.30 | C39: 56 | D39: 16 | E39: 4 | F39: 21 | G39: 0 | H39: 0 | I39: 7 | J39: 1 | K39: 4 | L39: 0 | M39: 342 | N39: 0 | O39: =SUM(C39:L39,N39) -> 109 | P39: =SUM(C39:N39) -> 451
B40: 14.30 - 14.45 | C40: 87 | D40: 18 | E40: 14 | F40: 28 | G40: 0 | H40: 0 | I40: 4 | J40: 6 | K40: 5 | L40: 2 | M40: 248 | N40: 0 | O40: =SUM(C40:L40,N40) -> 164 | P40: =SUM(C40:N40) -> 412
... B57: 18.45 - 19.00 | C57: 25 | D57: 11 | E57: 6 | F57: 43 | G57: 1 | H57: 0 | I57: 3 | J57: 4 | K57: 2 | L57: 2 | M57: 613 | N57: 0 | O57: =SUM(C57:L57,N57) -> 97 | P57: =SUM(C57:N57) -> 710
B58: Totals | C58: =SUM(C10:C57) -> 2491 | D58: =SUM(D10:D57) -> 829 | E58: =SUM(E10:E57) -> 321 | F58: =SUM(F10:F57) -> 2577 | G58: =SUM(G10:G57) -> 64 | H58: =SUM(H10:H57) -> 9 | I58: =SUM(I10:I57) -> 219 | J58: =SUM(J10:J57) -> 191 | ... P58: =SUM(P10:P57) -> 25677
B59: %ges + MCs | C59: =C58/$P$58 -> 0.097012891 | D59: =D58/$P$58 -> 0.032285703 | E59: =E58/$P$58 -> 0.01250146 | F59: =F58/$P$58 -> 0.10036219 | G59: =G58/$P$58 -> 0.002492503 | H59: =H58/$P$58 -> 0.00035050824 | I59: =I58/$P$58 -> 0.0085290338 | J59: =J58/$P$58 -> 0.0074385637 | ... N59: =N58/$P$58 -> 0.00023367216
B60: %ges w/o MCs | C60: =C58/$O$58 -> 0.35846884 | D60: =D58/$O$58 -> 0.11929774 | E60: =E58/$O$58 -> 0.046193697 | F60: =F58/$O$58 -> 0.37084473 | G60: =G58/$O$58 -> 0.0092099583 | H60: =H58/$O$58 -> 0.0012951504 | I60: =I58/$O$58 -> 0.031515326 | J60: =J58/$O$58 -> 0.027485969 | ... L60: =L58/$O$58 -> 0.016117427 | N60: =N58/$O$58 -> 0.00086343359

Sheet 02.08 Nsambya-ClockTower
B1: Consultancy services for Preparation of Expressway Development Master Plan (EDMP) for Uganda
B2: MANUAL CLASSIFIED COUNT (MCC)
B3: ROAD NAME: | C3: ='29.07 Nsambya-ClockTower'!C3:G3 -> MCC - C1 - STN50 - NSAMBYA ROAD
C5: Date | D5: ='02.08 ClockTower-Nsambya'!D5 -> 02.08.19 | F5: Location | G5: ='02.08 ClockTower-Nsambya'!G5:H5 -> Gapco | J5: Surveyor | K5: ='02.08 ClockTower-Nsambya'!K5:L5 -> Adong Agnes
C6: Dir. From | D6: ClockTower | F6: Dir. To | G6: ='29.07 ClockTower-Nsambya'!G6:H6 -> Nsambya | J6: Supervisor | K6: ='02.08 ClockTower-Nsambya'!K6:L6 -> Felix
B8: Time / Veh Type | R8: SUMMARY TRAFFIC VOLUMES
C9: 1. Car | D9: 2. Station Wagon | E9: 3. Pickups | F9: 4. Minibus, matatu | G9: 5. Medium bus | H9: 6. Large Bus | I9: 7. Light Truck | J9: 8. Medium Truck | K9: 9. Heavy truck | L9: 10. Truck Trailer | M9: 11. Motor cycles | N9: 12. Tractors | O9: Total Excl M/Cycles | P9: Total All | R9: Time | S9: 1. Car | T9: 2. Station Wagon | U9: 3. Pickups | V9: 4. Minibus, matatu | W9: 5. Medium bus | X9: 6. Large Bus | Y9: 7. Light Truck | Z9: 8. Medium Truck | AA9: 9. Heavy truck | AB9: 10. Truck Trailer | AC9: 11. Motorcycles | AD9: 12. Tractors, Graders | AE9: Total Excl M/ Cycles | AF9: Total All
B10: 07.00 - 07.15 | C10: 75 | D10: 25 | E10: 7 | F10: 130 | G10: 2 | H10: 0 | I10: 2 | J10: 2 | K10: 0 | L10: 1 | M10: 840 | N10: 0 | O10: =SUM(C10:L10,N10) -> 244 | P10: =SUM(C10:N10) -> 1084 | R10: 0700-0800 | S10: =SUM(C10:C13) -> 360 | T10: =SUM(D10:D13) -> 113 | U10: =SUM(E10:E13) -> 28 | V10: =SUM(F10:F13) -> 495 | W10: =SUM(G10:G13) -> 5 | X10: =SUM(H10:H13) -> 2 | Y10: =SUM(I10:I13) -> 11 | Z10: =SUM(J10:J13) -> 6 | ... AF10: =SUM(P10:P13) -> 3359
B11: 07.15 - 07.30 | C11: 130 | D11: 30 | E11: 4 | F11: 95 | G11: 2 | H11: 1 | I11: 4 | J11: 3 | K11: 2 | L11: 3 | M11: 0 | N11: 0 | O11: =SUM(C11:L11,N11) -> 274 | P11: =SUM(C11:N11) -> 274 | R11: 0800-0900 | S11: =SUM(C14:C17) -> 420 | T11: =SUM(D14:D17) -> 147 | U11: =SUM(E14:E17) -> 42 | V11: =SUM(F14:F17) -> 445 | W11: =SUM(G14:G17) -> 36 | X11: =SUM(H14:H17) -> 17 | Y11: =SUM(I14:I17) -> 29 | Z11: =SUM(J14:J17) -> 13 | ... AF11: =SUM(P14:P17) -> 4309
B12: 07.30 - 07.45 | C12: 90 | D12: 17 | E12: 9 | F12: 135 | G12: 1 | H12: 1 | I12: 2 | J12: 1 | K12: 3 | L12: 2 | M12: 673 | N12: 0 | O12: =SUM(C12:L12,N12) -> 261 | P12: =SUM(C12:N12) -> 934 | R12: 0900-1000 | S12: =SUM(C18:C21) -> 236 | T12: =SUM(D18:D21) -> 143 | U12: =SUM(E18:E21) -> 80 | V12: =SUM(F18:F21) -> 462 | W12: =SUM(G18:G21) -> 22 | X12: =SUM(H18:H21) -> 5 | Y12: =SUM(I18:I21) -> 26 | Z12: =SUM(J18:J21) -> 29 | ... AF12: =SUM(P18:P21) -> 3743
B13: 07.45 - 08.00 | C13: 65 | D13: 41 | E13: 8 | F13: 135 | G13: 0 | H13: 0 | I13: 3 | J13: 0 | K13: 0 | L13: 0 | M13: 815 | N13: 0 | O13: =SUM(C13:L13,N13) -> 252 | P13: =SUM(C13:N13) -> 1067 | R13: 1000-1100 | S13: =SUM(C22:C25) -> 308 | T13: =SUM(D22:D25) -> 99 | U13: =SUM(E22:E25) -> 71 | V13: =SUM(F22:F25) -> 470 | W13: =SUM(G22:G25) -> 10 | X13: =SUM(H22:H25) -> 5 | Y13: =SUM(I22:I25) -> 18 | Z13: =SUM(J22:J25) -> 20 | ... AF13: =SUM(P22:P25) -> 3460
B14: 08.00 - 08.15 | C14: 125 | D14: 6 | E14: 4 | F14: 175 | G14: 5 | H14: 1 | I14: 6 | J14: 4 | K14: 0 | L14: 5 | M14: 790 | N14: 0 | O14: =SUM(C14:L14,N14) -> 331 | P14: =SUM(C14:N14) -> 1121 | R14: 1100-1200 | S14: =SUM(C26:C29) -> 253 | T14: =SUM(D26:D29) -> 81 | U14: =SUM(E26:E29) -> 90 | V14: =SUM(F26:F29) -> 400 | W14: =SUM(G26:G29) -> 12 | X14: =SUM(H26:H29) -> 6 | Y14: =SUM(I26:I29) -> 16 | Z14: =SUM(J26:J29) -> 11 | ... AF14: =SUM(P26:P29) -> 3380
B15: 08.15 - 08.30 | C15: 120 | D15: 60 | E15: 12 | F15: 95 | G15: 9 | H15: 5 | I15: 7 | J15: 2 | K15: 8 | L15: 4 | M15: 735 | N15: 1 | O15: =SUM(C15:L15,N15) -> 323 | P15: =SUM(C15:N15) -> 1058 | R15: 1200-1300 | S15: =SUM(C30:C33) -> 275 | T15: =SUM(D30:D33) -> 96 | U15: =SUM(E30:E33) -> 76 | V15: =SUM(F30:F33) -> 376 | W15: =SUM(G30:G33) -> 5 | X15: =SUM(H30:H33) -> 4 | Y15: =SUM(I30:I33) -> 21 | Z15: =SUM(J30:J33) -> 18 | ... AF15: =SUM(P30:P33) -> 3251
B16: 08.30 - 08.45 | C16: 55 | D16: 31 | E16: 6 | F16: 95 | G16: 11 | H16: 5 | I16: 6 | J16: 2 | K16: 6 | L16: 0 | M16: 780 | N16: 0 | O16: =SUM(C16:L16,N16) -> 217 | P16: =SUM(C16:N16) -> 997 | R16: 1300-1400 | S16: =SUM(C34:C37) -> 325 | T16: =SUM(D34:D37) -> 93 | U16: =SUM(E34:E37) -> 72 | V16: =SUM(F34:F37) -> 440 | W16: =SUM(G34:G37) -> 29 | X16: =SUM(H34:H37) -> 1 | Y16: =SUM(I34:I37) -> 43 | Z16: =SUM(J34:J37) -> 21 | ... AF16: =SUM(P34:P37) -> 3444
B17: 08.45 - 9.00 | C17: 120 | D17: 50 | E17: 20 | F17: 80 | G17: 11 | H17: 6 | I17: 10 | J17: 5 | K17: 6 | L17: 0 | M17: 825 | N17: 0 | O17: =SUM(C17:L17,N17) -> 308 | P17: =SUM(C17:N17) -> 1133 | R17: 1400-1500 | S17: =SUM(C38:C41) -> 376 | T17: =SUM(D38:D41) -> 74 | U17: =SUM(E38:E41) -> 86 | V17: =SUM(F38:F41) -> 403 | W17: =SUM(G38:G41) -> 15 | X17: =SUM(H38:H41) -> 2 | Y17: =SUM(I38:I41) -> 27 | Z17: =SUM(J38:J41) -> 24 | ... AF17: =SUM(P38:P41) -> 3204
B18: 09.00 - 09.15 | C18: 45 | D18: 47 | E18: 27 | F18: 150 | G18: 8 | H18: 0 | I18: 11 | J18: 8 | K18: 16 | L18: 10 | M18: 807 | N18: 0 | O18: =SUM(C18:L18,N18) -> 322 | P18: =SUM(C18:N18) -> 1129 | R18: 1500-1600 | S18: =SUM(C42:C45) -> 319 | T18: =SUM(D42:D45) -> 50 | U18: =SUM(E42:E45) -> 70 | V18: =SUM(F42:F45) -> 366 | W18: =SUM(G42:G45) -> 4 | X18: =SUM(H42:H45) -> 5 | Y18: =SUM(I42:I45) -> 17 | Z18: =SUM(J42:J45) -> 34 | ... AF18: =SUM(P42:P45) -> 3194
B19: 09.15 - 09.30 | C19: 75 | D19: 46 | E19: 15 | F19: 115 | G19: 5 | H19: 3 | I19: 6 | J19: 2 | K19: 5 | L19: 2 | M19: 645 | N19: 1 | O19: =SUM(C19:L19,N19) -> 275 | P19: =SUM(C19:N19) -> 920 | R19: 1600-1700 | S19: =SUM(C46:C49) -> 271 | T19: =SUM(D46:D49) -> 41 | U19: =SUM(E46:E49) -> 48 | V19: =SUM(F46:F49) -> 376 | W19: =SUM(G46:G49) -> 18 | X19: =SUM(H46:H49) -> 3 | Y19: =SUM(I46:I49) -> 88 | Z19: =SUM(J46:J49) -> 36 | ... AF19: =SUM(P46:P49) -> 3065
B20: 09.30 - 09.45 | C20: 90 | D20: 25 | E20: 23 | F20: 97 | G20: 7 | H20: 2 | I20: 4 | J20: 16 | K20: 2 | L20: 3 | M20: 610 | N20: 0 | O20: =SUM(C20:L20,N20) -> 269 | P20: =SUM(C20:N20) -> 879 | R20: 1700-1800 | S20: =SUM(C50:C53) -> 396 | T20: =SUM(D50:D53) -> 52 | U20: =SUM(E50:E53) -> 43 | V20: =SUM(F50:F53) -> 440 | W20: =SUM(G50:G53) -> 11 | X20: =SUM(H50:H53) -> 0 | Y20: =SUM(I50:I53) -> 47 | Z20: =SUM(J50:J53) -> 31 | ... AF20: =SUM(P50:P53) -> 3484
B21: 09.45 - 10.00 | C21: 26 | D21: 25 | E21: 15 | F21: 100 | G21: 2 | H21: 0 | I21: 5 | J21: 3 | K21: 3 | L21: 0 | M21: 635 | N21: 1 | O21: =SUM(C21:L21,N21) -> 180 | P21: =SUM(C21:N21) -> 815 | R21: 1800-1900 | S21: =SUM(C54:C57) -> 266 | T21: =SUM(D54:D57) -> 28 | U21: =SUM(E54:E57) -> 48 | V21: =SUM(F54:F57) -> 390 | W21: =SUM(G54:G57) -> 6 | X21: =SUM(H54:H57) -> 0 | Y21: =SUM(I54:I57) -> 26 | Z21: =SUM(J54:J57) -> 53 | ... AF21: =SUM(P54:P57) -> 3335
B22: 10.00 - 10.15 | C22: 85 | D22: 35 | E22: 11 | F22: 80 | G22: 2 | H22: 1 | I22: 8 | J22: 5 | K22: 5 | L22: 2 | M22: 600 | N22: 0 | O22: =SUM(C22:L22,N22) -> 234 | P22: =SUM(C22:N22) -> 834 | R22: AM Peak Hr | S22: =MAX(S10:S12) -> 420 | T22: =MAX(T10:T12) -> 147 | U22: =MAX(U10:U12) -> 80 | V22: =MAX(V10:V12) -> 495 | W22: =MAX(W10:W12) -> 36 | X22: =MAX(X10:X12) -> 17 | Y22: =MAX(Y10:Y12) -> 29 | Z22: =MAX(Z10:Z12) -> 29 | ... AF22: =MAX(AF10:AF12) -> 4309
B23: 10.15 - 10.30 | C23: 78 | D23: 33 | E23: 17 | F23: 145 | G23: 2 | H23: 3 | I23: 4 | J23: 5 | K23: 1 | L23: 3 | M23: 640 | N23: 0 | O23: =SUM(C23:L23,N23) -> 291 | P23: =SUM(C23:N23) -> 931 | R23: IP Peak Hr | S23: =MAX(S13:S18) -> 376 | T23: =MAX(T13:T18) -> 99 | U23: =MAX(U13:U18) -> 90 | V23: =MAX(V13:V18) -> 470 | W23: =MAX(W13:W18) -> 29 | X23: =MAX(X13:X18) -> 6 | Y23: =MAX(Y13:Y18) -> 43 | Z23: =MAX(Z13:Z18) -> 34 | ... AF23: =MAX(AF13:AF18) -> 3460
B24: 10.30 - 10.45 | C24: 75 | D24: 16 | E24: 22 | F24: 115 | G24: 3 | H24: 1 | I24: 2 | J24: 4 | K24: 0 | L24: 1 | M24: 635 | N24: 0 | O24: =SUM(C24:L24,N24) -> 239 | P24: =SUM(C24:N24) -> 874 | R24: PM Peak Hr | S24: =MAX(S19:S21) -> 396 | T24: =MAX(T19:T21) -> 52 | U24: =MAX(U19:U21) -> 48 | V24: =MAX(V19:V21) -> 440 | W24: =MAX(W19:W21) -> 18 | X24: =MAX(X19:X21) -> 3 | Y24: =MAX(Y19:Y21) -> 88 | Z24: =MAX(Z19:Z21) -> 53 | ... AF24: =MAX(AF19:AF21) -> 3484
B25: 10.45 - 11.00 | C25: 70 | D25: 15 | E25: 21 | F25: 130 | G25: 3 | H25: 0 | I25: 4 | J25: 6 | K25: 0 | L25: 2 | M25: 570 | N25: 0 | O25: =SUM(C25:L25,N25) -> 251 | P25: =SUM(C25:N25) -> 821 | R25: AM Period | S25: =SUM(S10:S12) -> 1016 | T25: =SUM(T10:T12) -> 403 | U25: =SUM(U10:U12) -> 150 | V25: =SUM(V10:V12) -> 1402 | W25: =SUM(W10:W12) -> 63 | X25: =SUM(X10:X12) -> 24 | Y25: =SUM(Y10:Y12) -> 66 | Z25: =SUM(Z10:Z12) -> 48 | ... AF25: =SUM(AF10:AF12) -> 11411
B26: 11.00 - 11.15 | C26: 50 | D26: 13 | E26: 15 | F26: 95 | G26: 5 | H26: 1 | I26: 5 | J26: 5 | K26: 6 | L26: 7 | M26: 660 | N26: 0 | O26: =SUM(C26:L26,N26) -> 202 | P26: =SUM(C26:N26) -> 862 | R26: IP Period | S26: =SUM(S13:S18) -> 1856 | T26: =SUM(T13:T18) -> 493 | U26: =SUM(U13:U18) -> 465 | V26: =SUM(V13:V18) -> 2455 | W26: =SUM(W13:W18) -> 75 | X26: =SUM(X13:X18) -> 23 | Y26: =SUM(Y13:Y18) -> 142 | Z26: =SUM(Z13:Z18) -> 128 | ... AF26: =SUM(AF13:AF18) -> 19933
B27: 11.15 - 11.30 | C27: 75 | D27: 21 | E27: 18 | F27: 110 | G27: 2 | H27: 3 | I27: 0 | J27: 1 | K27: 3 | L27: 6 | M27: 555 | N27: 1 | O27: =SUM(C27:L27,N27) -> 240 | P27: =SUM(C27:N27) -> 795 | R27: PM Period | S27: =SUM(S19:S21) -> 933 | T27: =SUM(T19:T21) -> 121 | U27: =SUM(U19:U21) -> 139 | V27: =SUM(V19:V21) -> 1206 | W27: =SUM(W19:W21) -> 35 | X27: =SUM(X19:X21) -> 3 | Y27: =SUM(Y19:Y21) -> 161 | Z27: =SUM(Z19:Z21) -> 120 | ... AF27: =SUM(AF19:AF21) -> 9884
B28: 11.30 - 11.45 | C28: 88 | D28: 17 | E28: 24 | F28: 100 | G28: 2 | H28: 0 | I28: 5 | J28: 3 | K28: 3 | L28: 6 | M28: 615 | N28: 0 | O28: =SUM(C28:L28,N28) -> 248 | P28: =SUM(C28:N28) -> 863 | R28: 12 Hours | S28: =SUM(S10:S21) -> 3805 | T28: =SUM(T10:T21) -> 1017 | U28: =SUM(U10:U21) -> 754 | V28: =SUM(V10:V21) -> 5063 | W28: =SUM(W10:W21) -> 173 | X28: =SUM(X10:X21) -> 50 | Y28: =SUM(Y10:Y21) -> 369 | Z28: =SUM(Z10:Z21) -> 296 | ... AF28: =SUM(AF10:AF21) -> 41228
B29: 11.45 - 12.00 | C29: 40 | D29: 30 | E29: 33 | F29: 95 | G29: 3 | H29: 2 | I29: 6 | J29: 2 | K29: 5 | L29: 7 | M29: 637 | N29: 0 | O29: =SUM(C29:L29,N29) -> 223 | P29: =SUM(C29:N29) -> 860
B30: 12.00 - 12.15 | C30: 79 | D30: 29 | E30: 19 | F30: 115 | G30: 2 | H30: 0 | I30: 6 | J30: 7 | K30: 5 | L30: 11 | M30: 610 | N30: 0 | O30: =SUM(C30:L30,N30) -> 273 | P30: =SUM(C30:N30) -> 883
B31: 12.15 - 12.30 | C31: 53 | D31: 18 | E31: 20 | F31: 80 | G31: 0 | H31: 0 | I31: 6 | J31: 5 | K31: 0 | L31: 4 | M31: 595 | N31: 0 | O31: =SUM(C31:L31,N31) -> 186 | P31: =SUM(C31:N31) -> 781
B32: 12.30 - 12.45 | C32: 73 | D32: 15 | E32: 14 | F32: 90 | G32: 2 | H32: 2 | I32: 1 | J32: 2 | K32: 3 | L32: 1 | M32: 560 | N32: 0 | O32: =SUM(C32:L32,N32) -> 203 | P32: =SUM(C32:N32) -> 763
B33: 12.45 - 13.00 | C33: 70 | D33: 34 | E33: 23 | F33: 91 | G33: 1 | H33: 2 | I33: 8 | J33: 4 | K33: 6 | L33: 1 | M33: 584 | N33: 0 | O33: =SUM(C33:L33,N33) -> 240 | P33: =SUM(C33:N33) -> 824
B34: 13.00 - 13.15 | C34: 115 | D34: 29 | E34: 19 | F34: 95 | G34: 2 | H34: 0 | I34: 5 | J34: 6 | K34: 1 | L34: 6 | M34: 565 | N34: 0 | O34: 597 | P34: =SUM(C34:N34) -> 843
B35: 13.15 - 13.30 | C35: 75 | D35: 23 | E35: 24 | F35: 125 | G35: 12 | H35: 0 | I35: 11 | J35: 3 | K35: 4 | L35: 6 | M35: 610 | N35: 0 | O35: =SUM(C35:L35,N35) -> 283 | P35: =SUM(C35:N35) -> 893
B36: 13.30 - 13.45 | C36: 60 | D36: 15 | E36: 16 | F36: 65 | G36: 7 | H36: 0 | I36: 5 | J36: 4 | K36: 3 | L36: 4 | M36: 597 | N36: 0 | O36: =SUM(C36:L36,N36) -> 179 | P36: =SUM(C36:N36) -> 776
B37: 13.45 - 14.00 | C37: 75 | D37: 26 | E37: 13 | F37: 155 | G37: 8 | H37: 1 | I37: 22 | J37: 8 | K37: 6 | L37: 2 | M37: 616 | N37: 0 | O37: =SUM(C37:L37,N37) -> 316 | P37: =SUM(C37:N37) -> 932
B38: 14.00 - 14.15 | C38: 75 | D38: 17 | E38: 29 | F38: 93 | G38: 3 | H38: 0 | I38: 6 | J38: 7 | K38: 8 | L38: 2 | M38: 480 | N38: 0 | O38: =SUM(C38:L38,N38) -> 240 | P38: =SUM(C38:N38) -> 720
B39: 14.15 - 14.30 | C39: 105 | D39: 15 | E39: 13 | F39: 110 | G39: 5 | H39: 1 | I39: 5 | J39: 6 | K39: 7 | L39: 1 | M39: 541 | N39: 0 | O39: =SUM(C39:L39,N39) -> 268 | P39: =SUM(C39:N39) -> 809
B40: 14.30 - 14.45 | C40: 108 | D40: 24 | E40: 23 | F40: 95 | G40: 2 | H40: 1 | I40: 11 | J40: 5 | K40: 10 | L40: 3 | M40: 490 | N40: 2 | O40: =SUM(C40:L40,N40) -> 284 | P40: =SUM(C40:N40) -> 774
B41: 14.45 - 15.00 | C41: 88 | D41: 18 | E41: 21 | F41: 105 | G41: 5 | H41: 0 | I41: 5 | J41: 6 | K41: 12 | L41: 5 | M41: 635 | N41: 1 | O41: =SUM(C41:L41,N41) -> 266 | P41: =SUM(C41:N41) -> 901
B42: 15.00 - 15.15 | C42: 75 | D42: 15 | E42: 27 | F42: 100 | G42: 1 | H42: 1 | I42: 5 | J42: 6 | K42: 7 | L42: 1 | M42: 510 | N42: 1 | O42: =SUM(C42:L42,N42) -> 239 | P42: =SUM(C42:N42) -> 749
B43: 15.15 - 15.30 | C43: 94 | D43: 9 | E43: 18 | F43: 145 | G43: 1 | H43: 0 | I43: 3 | J43: 11 | K43: 4 | L43: 5 | M43: 548 | N43: 0 | O43: =SUM(C43:L43,N43) -> 290 | P43: =SUM(C43:N43) -> 838
B44: 15.30 - 15.45 | C44: 75 | D44: 14 | E44: 12 | F44: 110 | G44: 1 | H44: 2 | I44: 6 | J44: 10 | K44: 8 | L44: 1 | M44: 579 | N44: 0 | O44: =SUM(C44:L44,N44) -> 239 | P44: =SUM(C44:N44) -> 818
B45: 15.45 - 16.00 | C45: 75 | D45: 12 | E45: 13 | F45: 11 | G45: 1 | H45: 2 | I45: 3 | J45: 7 | K45: 8 | L45: 1 | M45: 655 | N45: 1 | O45: =SUM(C45:L45,N45) -> 134 | P45: =SUM(C45:N45) -> 789
B46: 16.00 - 16.15 | C46: 62 | D46: 8 | E46: 9 | F46: 105 | G46: 4 | H46: 1 | I46: 60 | J46: 5 | K46: 4 | L46: 3 | M46: 592 | N46: 1 | O46: =SUM(C46:L46,N46) -> 262 | P46: =SUM(C46:N46) -> 854
... B57: 18.45 - 19.00 | C57: 40 | D57: 5 | E57: 8 | F57: 60 | G57: 2 | H57: 0 | I57: 5 | J57: 5 | K57: 3 | L57: 6 | M57: 612 | N57: 0 | O57: =SUM(C57:L57,N57) -> 134 | P57: =SUM(C57:N57) -> 746
B58: Totals | C58: =SUM(C10:C57) -> 3805 | D58: =SUM(D10:D57) -> 1017 | E58: =SUM(E10:E57) -> 754 | F58: =SUM(F10:F57) -> 5063 | G58: =SUM(G10:G57) -> 173 | H58: =SUM(H10:H57) -> 50 | I58: =SUM(I10:I57) -> 369 | J58: =SUM(J10:J57) -> 296 | ... P58: =SUM(P10:P57) -> 41228
B59: %ges + MCs | C59: =C58/$P$58 -> 0.092291646 | D59: =D58/$P$58 -> 0.024667702 | E59: =E58/$P$58 -> 0.018288542 | F59: =F58/$P$58 -> 0.12280489 | G59: =G58/$P$58 -> 0.0041961774 | H59: =H58/$P$58 -> 0.001212768 | I59: =I58/$P$58 -> 0.008950228 | J59: =J58/$P$58 -> 0.0071795867 | ... N59: =N58/$P$58 -> 0.00029106433
B60: %ges w/o MCs | C60: =C58/$O$58 -> 0.31035889 | D60: =D58/$O$58 -> 0.082952692 | E60: =E58/$O$58 -> 0.061500816 | F60: =F58/$O$58 -> 0.412969 | G60: =G58/$O$58 -> 0.01411093 | H60: =H58/$O$58 -> 0.0040783034 | I60: =I58/$O$58 -> 0.030097879 | J60: =J58/$O$58 -> 0.024143556 | ... L60: =L58/$O$58 -> 0.014355628 | N60: =N58/$O$58 -> 0.00097879282

Sheet 03.08 ClockTower-Nsambya-24h
B1: Consultancy services for Preparation of Expressway Development Master Plan (EDMP) for Uganda
B2: MANUAL CLASSIFIED COUNT (MCC)
B3: ROAD NAME: | C3: ='29.07 ClockTower-Nsambya'!C3:G3 -> MCC - C1 - STN50 - NSAMBYA ROAD
C5: Date | D5: 03.08.19 | F5: Location | G5: ='01.08 Nsambya-ClockTower-24h'!G5:H5 -> Gapco | J5: Surveyor | K5: ='29.07 ClockTower-Nsambya'!K5:L5 -> Adong Agnes
C6: Dir. From | D6: ='29.07 ClockTower-Nsambya'!D6:E6 -> Clock Tower | F6: Dir. To | G6: ='29.07 ClockTower-Nsambya'!G6:H6 -> Nsambya | J6: Supervisor | K6: ='01.08 Nsambya-ClockTower-24h'!K6:L6 -> Felix
B8: Time / Veh Type | R8: SUMMARY TRAFFIC VOLUMES
C9: 1. Car | D9: 2. Station Wagon | E9: 3. Pickups | F9: 4. Minibus, matatu | G9: 5. Medium bus | H9: 6. Large Bus | I9: 7. Light Truck | J9: 8. Medium Truck | K9: 9. Heavy truck | L9: 10. Truck Trailer | M9: 11. Motor cycles | N9: 12. Tractors | O9: Total Excl M/Cycles | P9: Total All | R9: Time | S9: 1. Car | T9: 2. Station Wagon | U9: 3. Pickups | V9: 4. Minibus, matatu | W9: 5. Medium bus | X9: 6. Large Bus | Y9: 7. Light Truck | Z9: 8. Medium Truck | AA9: 9. Heavy truck | AB9: 10. Truck Trailer | AC9: 11. Motorcycles | AD9: 12. Tractors, Graders | AE9: Total Excl M/ Cycles | AF9: Total All
B10: 07.00 - 07.15 | C10: 10 | D10: 7 | E10: 4 | F10: 72 | G10: 2 | H10: 0 | I10: 1 | J10: 2 | K10: 2 | L10: 3 | M10: 317 | N10: 0 | O10: =SUM(C10:L10,N10) -> 103 | P10: =SUM(C10:N10) -> 420 | R10: 0700-0800 | S10: =SUM(C10:C13) -> 65 | T10: =SUM(D10:D13) -> 27 | U10: =SUM(E10:E13) -> 16 | V10: =SUM(F10:F13) -> 215 | W10: =SUM(G10:G13) -> 4 | X10: =SUM(H10:H13) -> 1 | Y10: =SUM(I10:I13) -> 8 | Z10: =SUM(J10:J13) -> 10 | ... AF10: =SUM(P10:P13) -> 1707
B11: 07.15 - 07.30 | C11: 13 | D11: 8 | E11: 5 | F11: 47 | G11: 0 | H11: 0 | I11: 0 | J11: 1 | K11: 1 | L11: 0 | M11: 355 | N11: 0 | O11: =SUM(C11:L11,N11) -> 75 | P11: =SUM(C11:N11) -> 430 | R11: 0800-0900 | S11: =SUM(C14:C17) -> 112 | T11: =SUM(D14:D17) -> 44 | U11: =SUM(E14:E17) -> 21 | V11: =SUM(F14:F17) -> 233 | W11: =SUM(G14:G17) -> 5 | X11: =SUM(H14:H17) -> 0 | Y11: =SUM(I14:I17) -> 12 | Z11: =SUM(J14:J17) -> 12 | ... AF11: =SUM(P14:P17) -> 1845
B12: 07.30 - 07.45 | C12: 12 | D12: 5 | E12: 2 | F12: 49 | G12: 1 | H12: 0 | I12: 3 | J12: 3 | K12: 1 | L12: 1 | M12: 326 | N12: 0 | O12: =SUM(C12:L12,N12) -> 77 | P12: =SUM(C12:N12) -> 403 | R12: 0900-1000 | S12: =SUM(C18:C21) -> 101 | T12: =SUM(D18:D21) -> 56 | U12: =SUM(E18:E21) -> 16 | V12: =SUM(F18:F21) -> 126 | W12: =SUM(G18:G21) -> 0 | X12: =SUM(H18:H21) -> 0 | Y12: =SUM(I18:I21) -> 9 | Z12: =SUM(J18:J21) -> 20 | ... AF12: =SUM(P18:P21) -> 1986
B13: 07.45 - 08.00 | C13: 30 | D13: 7 | E13: 5 | F13: 47 | G13: 1 | H13: 1 | I13: 4 | J13: 4 | K13: 4 | L13: 2 | M13: 349 | N13: 0 | O13: =SUM(C13:L13,N13) -> 105 | P13: =SUM(C13:N13) -> 454 | R13: 1000-1100 | S13: =SUM(C22:C25) -> 90 | T13: =SUM(D22:D25) -> 55 | U13: =SUM(E22:E25) -> 43 | V13: =SUM(F22:F25) -> 150 | W13: =SUM(G22:G25) -> 1 | X13: =SUM(H22:H25) -> 0 | Y13: =SUM(I22:I25) -> 17 | Z13: =SUM(J22:J25) -> 16 | ... AF13: =SUM(P22:P25) -> 1390
B14: 08.00 - 08.15 | C14: 18 | D14: 11 | E14: 3 | F14: 67 | G14: 1 | H14: 0 | I14: 5 | J14: 3 | K14: 6 | L14: 0 | M14: 321 | N14: 0 | O14: =SUM(C14:L14,N14) -> 114 | P14: =SUM(C14:N14) -> 435 | R14: 1100-1200 | S14: =SUM(C26:C29) -> 82 | T14: =SUM(D26:D29) -> 47 | U14: =SUM(E26:E29) -> 34 | V14: =SUM(F26:F29) -> 96 | W14: =SUM(G26:G29) -> 2 | X14: =SUM(H26:H29) -> 1 | Y14: =SUM(I26:I29) -> 7 | Z14: =SUM(J26:J29) -> 16 | ... AF14: =SUM(P26:P29) -> 1517
B15: 08.15 - 08.30 | C15: 35 | D15: 9 | E15: 4 | F15: 64 | G15: 0 | H15: 0 | I15: 0 | J15: 2 | K15: 2 | L15: 2 | M15: 387 | N15: 0 | O15: =SUM(C15:L15,N15) -> 118 | P15: =SUM(C15:N15) -> 505 | R15: 1200-1300 | S15: =SUM(C30:C33) -> 130 | T15: =SUM(D30:D33) -> 108 | U15: =SUM(E30:E33) -> 40 | V15: =SUM(F30:F33) -> 155 | W15: =SUM(G30:G33) -> 0 | X15: =SUM(H30:H33) -> 3 | Y15: =SUM(I30:I33) -> 22 | Z15: =SUM(J30:J33) -> 19 | ... AF15: =SUM(P30:P33) -> 1659
B16: 08.30 - 08.45 | C16: 25 | D16: 11 | E16: 6 | F16: 49 | G16: 2 | H16: 0 | I16: 5 | J16: 2 | K16: 2 | L16: 1 | M16: 360 | N16: 0 | O16: =SUM(C16:L16,N16) -> 103 | P16: =SUM(C16:N16) -> 463 | R16: 1300-1400 | S16: =SUM(C34:C37) -> 124 | T16: =SUM(D34:D37) -> 52 | U16: =SUM(E34:E37) -> 21 | V16: =SUM(F34:F37) -> 107 | W16: =SUM(G34:G37) -> 2 | X16: =SUM(H34:H37) -> 2 | Y16: =SUM(I34:I37) -> 22 | Z16: =SUM(J34:J37) -> 19 | ... AF16: =SUM(P34:P37) -> 1865
B17: 08.45 - 9.00 | C17: 34 | D17: 13 | E17: 8 | F17: 53 | G17: 2 | H17: 0 | I17: 2 | J17: 5 | K17: 2 | L17: 2 | M17: 320 | N17: 1 | O17: =SUM(C17:L17,N17) -> 122 | P17: =SUM(C17:N17) -> 442 | R17: 1400-1500 | S17: =SUM(C38:C41) -> 179 | T17: =SUM(D38:D41) -> 68 | U17: =SUM(E38:E41) -> 27 | V17: =SUM(F38:F41) -> 90 | W17: =SUM(G38:G41) -> 3 | X17: =SUM(H38:H41) -> 0 | Y17: =SUM(I38:I41) -> 20 | Z17: =SUM(J38:J41) -> 27 | ... AF17: =SUM(P38:P41) -> 2077
B18: 09.00 - 09.15 | C18: 30 | D18: 15 | E18: 3 | F18: 37 | G18: 0 | H18: 0 | I18: 2 | J18: 1 | K18: 3 | L18: 3 | M18: 401 | N18: 0 | O18: =SUM(C18:L18,N18) -> 94 | P18: =SUM(C18:N18) -> 495 | R18: 1500-1600 | S18: =SUM(C42:C45) -> 171 | T18: =SUM(D42:D45) -> 94 | U18: =SUM(E42:E45) -> 34 | V18: =SUM(F42:F45) -> 120 | W18: =SUM(G42:G45) -> 0 | X18: =SUM(H42:H45) -> 2 | Y18: =SUM(I42:I45) -> 24 | Z18: =SUM(J42:J45) -> 18 | ... AF18: =SUM(P42:P45) -> 2040
B19: 09.15 - 09.30 | C19: 30 | D19: 8 | E19: 4 | F19: 39 | G19: 0 | H19: 0 | I19: 3 | J19: 7 | K19: 4 | L19: 1 | M19: 552 | N19: 0 | O19: =SUM(C19:L19,N19) -> 96 | P19: =SUM(C19:N19) -> 648 | R19: 1600-1700 | S19: =SUM(C46:C49) -> 132 | T19: =SUM(D46:D49) -> 94 | U19: =SUM(E46:E49) -> 41 | V19: =SUM(F46:F49) -> 146 | W19: =SUM(G46:G49) -> 3 | X19: =SUM(H46:H49) -> 1 | Y19: =SUM(I46:I49) -> 23 | Z19: =SUM(J46:J49) -> 17 | ... AF19: =SUM(P46:P49) -> 1682
B20: 09.30 - 09.45 | C20: 18 | D20: 20 | E20: 6 | F20: 30 | G20: 0 | H20: 0 | I20: 1 | J20: 5 | K20: 3 | L20: 2 | M20: 353 | N20: 0 | O20: =SUM(C20:L20,N20) -> 85 | P20: =SUM(C20:N20) -> 438 | R20: 1700-1800 | S20: =SUM(C50:C53) -> 185 | T20: =SUM(D50:D53) -> 96 | U20: =SUM(E50:E53) -> 42 | V20: =SUM(F50:F53) -> 118 | W20: =SUM(G50:G53) -> 2 | X20: =SUM(H50:H53) -> 0 | Y20: =SUM(I50:I53) -> 11 | Z20: =SUM(J50:J53) -> 11 | ... AF20: =SUM(P50:P53) -> 1869
B21: 09.45 - 10.00 | C21: 23 | D21: 13 | E21: 3 | F21: 20 | G21: 0 | H21: 0 | I21: 3 | J21: 7 | K21: 5 | L21: 2 | M21: 329 | N21: 0 | O21: =SUM(C21:L21,N21) -> 76 | P21: =SUM(C21:N21) -> 405 | R21: 1800-1900 | S21: =SUM(C54:C57) -> 154 | T21: =SUM(D54:D57) -> 105 | U21: =SUM(E54:E57) -> 37 | V21: =SUM(F54:F57) -> 180 | W21: =SUM(G54:G57) -> 1 | X21: =SUM(H54:H57) -> 0 | Y21: =SUM(I54:I57) -> 5 | Z21: =SUM(J54:J57) -> 8 | ... AF21: =SUM(P54:P57) -> 2073
B22: 10.00 - 10.15 | C22: 20 | D22: 15 | E22: 11 | F22: 38 | G22: 0 | H22: 0 | I22: 1 | J22: 2 | K22: 4 | L22: 4 | M22: 350 | N22: 0 | O22: =SUM(C22:L22,N22) -> 95 | P22: =SUM(C22:N22) -> 445 | R22: 1900-2000 | S22: =SUM(C58:C61) -> 275 | T22: =SUM(D58:D61) -> 96 | U22: =SUM(E58:E61) -> 24 | V22: =SUM(F58:F61) -> 142 | W22: =SUM(G58:G61) -> 0 | X22: =SUM(H58:H61) -> 0 | Y22: =SUM(I58:I61) -> 10 | Z22: =SUM(J58:J61) -> 5 | ... AF22: =SUM(P58:P61) -> 1856
B23: 10.15 - 10.30 | C23: 30 | D23: 10 | E23: 6 | F23: 22 | G23: 1 | H23: 0 | I23: 6 | J23: 3 | K23: 2 | L23: 3 | M23: 211 | N23: 0 | O23: =SUM(C23:L23,N23) -> 83 | P23: =SUM(C23:N23) -> 294 | R23: 2000-2100 | S23: =SUM(C62:C65) -> 203 | T23: =SUM(D62:D65) -> 55 | U23: =SUM(E62:E65) -> 45 | V23: =SUM(F62:F65) -> 160 | W23: =SUM(G62:G65) -> 1 | X23: =SUM(H62:H65) -> 1 | Y23: =SUM(I62:I65) -> 19 | Z23: =SUM(J62:J65) -> 4 | ... AF23: =SUM(P62:P65) -> 1516
B24: 10.30 - 10.45 | C24: 24 | D24: 20 | E24: 16 | F24: 34 | G24: 0 | H24: 0 | I24: 4 | J24: 6 | K24: 4 | L24: 0 | M24: 234 | N24: 0 | O24: =SUM(C24:L24,N24) -> 108 | P24: =SUM(C24:N24) -> 342 | R24: 2100-2200 | S24: =SUM(C66:C69) -> 190 | T24: =SUM(D66:D69) -> 32 | U24: =SUM(E66:E69) -> 9 | V24: =SUM(F66:F69) -> 177 | W24: =SUM(G66:G69) -> 1 | X24: =SUM(H66:H69) -> 0 | Y24: =SUM(I66:I69) -> 22 | Z24: =SUM(J66:J69) -> 6 | ... AF24: =SUM(P66:P69) -> 1370
B25: 10.45 - 11.00 | C25: 16 | D25: 10 | E25: 10 | F25: 56 | G25: 0 | H25: 0 | I25: 6 | J25: 5 | K25: 3 | L25: 3 | M25: 200 | N25: 0 | O25: =SUM(C25:L25,N25) -> 109 | P25: =SUM(C25:N25) -> 309 | R25: 2200-2300 | S25: =SUM(C70:C73) -> 180 | T25: =SUM(D70:D73) -> 9 | U25: =SUM(E70:E73) -> 13 | V25: =SUM(F70:F73) -> 49 | W25: =SUM(G70:G73) -> 0 | X25: =SUM(H70:H73) -> 1 | Y25: =SUM(I70:I73) -> 4 | Z25: =SUM(J70:J73) -> 2 | ... AF25: =SUM(P70:P73) -> 852
B26: 11.00 - 11.15 | C26: 12 | D26: 15 | E26: 8 | F26: 25 | G26: 0 | H26: 0 | I26: 1 | J26: 10 | K26: 4 | L26: 2 | M26: 306 | N26: 0 | O26: =SUM(C26:L26,N26) -> 77 | P26: =SUM(C26:N26) -> 383 | R26: 2300-0000 | S26: =SUM(C74:C77) -> 175 | T26: =SUM(D74:D77) -> 38 | U26: =SUM(E74:E77) -> 11 | V26: =SUM(F74:F77) -> 64 | W26: =SUM(G74:G77) -> 0 | X26: =SUM(H74:H77) -> 0 | Y26: =SUM(I74:I77) -> 11 | Z26: =SUM(J74:J77) -> 0 | ... AF26: =SUM(P74:P77) -> 620
B27: 11.15 - 11.30 | C27: 11 | D27: 4 | E27: 5 | F27: 25 | G27: 0 | H27: 0 | I27: 0 | J27: 2 | K27: 2 | L27: 2 | M27: 327 | N27: 0 | O27: =SUM(C27:L27,N27) -> 51 | P27: =SUM(C27:N27) -> 378 | R27: 0000-0100 | S27: =SUM(C78:C81) -> 72 | T27: =SUM(D78:D81) -> 75 | U27: =SUM(E78:E81) -> 8 | V27: =SUM(F78:F81) -> 32 | W27: =SUM(G78:G81) -> 1 | X27: =SUM(H78:H81) -> 0 | Y27: =SUM(I78:I81) -> 13 | Z27: =SUM(J78:J81) -> 2 | ... AF27: =SUM(P78:P81) -> 424
B28: 11.30 - 11.45 | C28: 32 | D28: 16 | E28: 8 | F28: 25 | G28: 1 | H28: 0 | I28: 5 | J28: 4 | K28: 3 | L28: 2 | M28: 269 | N28: 0 | O28: =SUM(C28:L28,N28) -> 96 | P28: =SUM(C28:N28) -> 365 | R28: 0100-0200 | S28: =SUM(C82:C85) -> 67 | T28: =SUM(D82:D85) -> 2 | U28: =SUM(E82:E85) -> 2 | V28: =SUM(F82:F85) -> 10 | W28: =SUM(G82:G85) -> 0 | X28: =SUM(H82:H85) -> 0 | Y28: =SUM(I82:I85) -> 8 | Z28: =SUM(J82:J85) -> 4 | ... AF28: =SUM(P82:P85) -> 191
B29: 11.45 - 12.00 | C29: 27 | D29: 12 | E29: 13 | F29: 21 | G29: 1 | H29: 1 | I29: 1 | J29: 0 | K29: 4 | L29: 1 | M29: 310 | N29: 0 | O29: =SUM(C29:L29,N29) -> 81 | P29: =SUM(C29:N29) -> 391 | R29: 0200-0300 | S29: =SUM(C86:C89) -> 44 | T29: =SUM(D86:D89) -> 1 | U29: =SUM(E86:E89) -> 0 | V29: =SUM(F86:F89) -> 3 | W29: =SUM(G86:G89) -> 0 | X29: =SUM(H86:H89) -> 0 | Y29: =SUM(I86:I89) -> 3 | Z29: =SUM(J86:J89) -> 2 | ... AF29: =SUM(P86:P89) -> 76
B30: 12.00 - 12.15 | C30: 40 | D30: 30 | E30: 7 | F30: 45 | G30: 0 | H30: 1 | I30: 9 | J30: 6 | K30: 5 | L30: 5 | M30: 176 | N30: 0 | O30: =SUM(C30:L30,N30) -> 148 | P30: =SUM(C30:N30) -> 324 | R30: 0300-0400 | S30: =SUM(C90:C93) -> 32 | T30: =SUM(D90:D93) -> 4 | U30: =SUM(E90:E93) -> 4 | V30: =SUM(F90:F93) -> 6 | W30: =SUM(G90:G93) -> 0 | X30: =SUM(H90:H93) -> 0 | Y30: =SUM(I90:I93) -> 2 | Z30: =SUM(J90:J93) -> 2 | ... AF30: =SUM(P90:P93) -> 70
B31: 12.15 - 12.30 | C31: 35 | D31: 30 | E31: 8 | F31: 47 | G31: 0 | H31: 1 | I31: 2 | J31: 0 | K31: 1 | L31: 3 | M31: 253 | N31: 0 | O31: =SUM(C31:L31,N31) -> 127 | P31: =SUM(C31:N31) -> 380 | R31: 0400-0500 | S31: =SUM(C94:C97) -> 33 | T31: =SUM(D94:D97) -> 4 | U31: =SUM(E94:E97) -> 2 | V31: =SUM(F94:F97) -> 12 | W31: =SUM(G94:G97) -> 0 | X31: =SUM(H94:H97) -> 0 | Y31: =SUM(I94:I97) -> 4 | Z31: =SUM(J94:J97) -> 4 | ... AF31: =SUM(P94:P97) -> 118
B32: 12.30 - 12.45 | C32: 29 | D32: 25 | E32: 15 | F32: 23 | G32: 0 | H32: 0 | I32: 4 | J32: 8 | K32: 2 | L32: 3 | M32: 323 | N32: 0 | O32: =SUM(C32:L32,N32) -> 109 | P32: =SUM(C32:N32) -> 432 | R32: 0500-0600 | S32: =SUM(C98:C101) -> 44 | T32: =SUM(D98:D101) -> 3 | U32: =SUM(E98:E101) -> 10 | V32: =SUM(F98:F101) -> 19 | W32: =SUM(G98:G101) -> 0 | X32: =SUM(H98:H101) -> 0 | Y32: =SUM(I98:I101) -> 16 | Z32: =SUM(J98:J101) -> 2 | ... AF32: =SUM(P98:P101) -> 224
B33: 12.45 - 13.00 | C33: 26 | D33: 23 | E33: 10 | F33: 40 | G33: 0 | H33: 1 | I33: 7 | J33: 5 | K33: 4 | L33: 7 | M33: 400 | N33: 0 | O33: =SUM(C33:L33,N33) -> 123 | P33: =SUM(C33:N33) -> 523 | R33: 0600-0700 | S33: =SUM(C102:C105) -> 48 | T33: =SUM(D102:D105) -> 8 | U33: =SUM(E102:E105) -> 0 | V33: =SUM(F102:F105) -> 59 | W33: =SUM(G102:G105) -> 1 | X33: =SUM(H102:H105) -> 0 | Y33: =SUM(I102:I105) -> 9 | Z33: =SUM(J102:J105) -> 7 | ... AF33: =SUM(P102:P105) -> 346
B34: 13.00 - 13.15 | C34: 11 | D34: 8 | E34: 4 | F34: 25 | G34: 0 | H34: 0 | I34: 7 | J34: 8 | K34: 6 | L34: 4 | M34: 436 | N34: 0 | O34: =SUM(C34:L34,N34) -> 73 | P34: =SUM(C34:N34) -> 509 | R34: AM Peak Hr | S34: =MAX(S10:S12) -> 112 | T34: =MAX(T10:T12) -> 56 | U34: =MAX(U10:U12) -> 21 | V34: =MAX(V10:V12) -> 233 | W34: =MAX(W10:W12) -> 5 | X34: =MAX(X10:X12) -> 1 | Y34: =MAX(Y10:Y12) -> 12 | Z34: =MAX(Z10:Z12) -> 20 | ... AF34: =MAX(AF10:AF12) -> 1986
B35: 13.15 - 13.30 | C35: 23 | D35: 20 | E35: 1 | F35: 18 | G35: 0 | H35: 1 | I35: 6 | J35: 8 | K35: 5 | L35: 4 | M35: 364 | N35: 0 | O35: =SUM(C35:L35,N35) -> 86 | P35: =SUM(C35:N35) -> 450 | R35: IP Peak Hr | S35: =MAX(S13:S18) -> 179 | T35: =MAX(T13:T18) -> 108 | U35: =MAX(U13:U18) -> 43 | V35: =MAX(V13:V18) -> 155 | W35: =MAX(W13:W18) -> 3 | X35: =MAX(X13:X18) -> 3 | Y35: =MAX(Y13:Y18) -> 24 | Z35: =MAX(Z13:Z18) -> 27 | ... AF35: =MAX(AF13:AF18) -> 2077
B36: 13.30 - 13.45 | C36: 31 | D36: 11 | E36: 6 | F36: 43 | G36: 2 | H36: 1 | I36: 7 | J36: 2 | K36: 4 | L36: 3 | M36: 388 | N36: 0 | O36: =SUM(C36:L36,N36) -> 110 | P36: =SUM(C36:N36) -> 498 | R36: PM Peak Hr | S36: =MAX(S19:S21) -> 185 | T36: =MAX(T19:T21) -> 105 | U36: =MAX(U19:U21) -> 42 | V36: =MAX(V19:V21) -> 180 | W36: =MAX(W19:W21) -> 3 | X36: =MAX(X19:X21) -> 1 | Y36: =MAX(Y19:Y21) -> 23 | Z36: =MAX(Z19:Z21) -> 17 | ... AF36: =MAX(AF19:AF21) -> 2073
B37: 13.45 - 14.00 | C37: 59 | D37: 13 | E37: 10 | F37: 21 | G37: 0 | H37: 0 | I37: 2 | J37: 1 | K37: 2 | L37: 0 | M37: 300 | N37: 0 | O37: =SUM(C37:L37,N37) -> 108 | P37: =SUM(C37:N37) -> 408 | R37: AM Period | S37: =SUM(S10:S12) -> 278 | T37: =SUM(T10:T12) -> 127 | U37: =SUM(U10:U12) -> 53 | V37: =SUM(V10:V12) -> 574 | W37: =SUM(W10:W12) -> 9 | X37: =SUM(X10:X12) -> 1 | Y37: =SUM(Y10:Y12) -> 29 | Z37: =SUM(Z10:Z12) -> 42 | ... AF37: =SUM(AF10:AF12) -> 5538
B38: 14.00 - 14.15 | C38: 58 | D38: 37 | E38: 8 | F38: 29 | G38: 0 | H38: 0 | I38: 7 | J38: 6 | K38: 4 | L38: 5 | M38: 503 | N38: 1 | O38: =SUM(C38:L38,N38) -> 155 | P38: =SUM(C38:N38) -> 658 | R38: IP Period | S38: =SUM(S13:S18) -> 776 | T38: =SUM(T13:T18) -> 424 | U38: =SUM(U13:U18) -> 199 | V38: =SUM(V13:V18) -> 718 | W38: =SUM(W13:W18) -> 8 | X38: =SUM(X13:X18) -> 8 | Y38: =SUM(Y13:Y18) -> 112 | Z38: =SUM(Z13:Z18) -> 115 | ... AF38: =SUM(AF13:AF18) -> 10548
B39: 14.15 - 14.30 | C39: 50 | D39: 14 | E39: 8 | F39: 21 | G39: 0 | H39: 0 | I39: 2 | J39: 9 | K39: 1 | L39: 2 | M39: 400 | N39: 0 | O39: =SUM(C39:L39,N39) -> 107 | P39: =SUM(C39:N39) -> 507 | R39: PM Period | S39: =SUM(S19:S21) -> 471 | T39: =SUM(T19:T21) -> 295 | U39: =SUM(U19:U21) -> 120 | V39: =SUM(V19:V21) -> 444 | W39: =SUM(W19:W21) -> 6 | X39: =SUM(X19:X21) -> 1 | Y39: =SUM(Y19:Y21) -> 39 | Z39: =SUM(Z19:Z21) -> 36 | ... AF39: =SUM(AF19:AF21) -> 5624
B40: 14.30 - 14.45 | C40: 33 | D40: 12 | E40: 5 | F40: 19 | G40: 0 | H40: 0 | I40: 3 | J40: 5 | K40: 3 | L40: 6 | M40: 423 | N40: 0 | O40: =SUM(C40:L40,N40) -> 86 | P40: =SUM(C40:N40) -> 509 | R40: 12 Hours | S40: =SUM(S10:S21) -> 1525 | T40: =SUM(T10:T21) -> 846 | U40: =SUM(U10:U21) -> 372 | V40: =SUM(V10:V21) -> 1736 | W40: =SUM(W10:W21) -> 23 | X40: =SUM(X10:X21) -> 10 | Y40: =SUM(Y10:Y21) -> 180 | Z40: =SUM(Z10:Z21) -> 193 | ... AF40: =SUM(AF10:AF21) -> 21710
B41: 14.45 - 15.00 | C41: 38 | D41: 5 | E41: 6 | F41: 21 | G41: 3 | H41: 0 | I41: 8 | J41: 7 | K41: 3 | L41: 5 | M41: 307 | N41: 0 | O41: =SUM(C41:L41,N41) -> 96 | P41: =SUM(C41:N41) -> 403 | R41: 24 Hrs/ADT | S41: =SUM(S10:S33) -> 2888 | T41: =SUM(T10:T33) -> 1173 | U41: =SUM(U10:U33) -> 500 | V41: =SUM(V10:V33) -> 2469 | W41: =SUM(W10:W33) -> 27 | X41: =SUM(X10:X33) -> 12 | Y41: =SUM(Y10:Y33) -> 301 | Z41: =SUM(Z10:Z33) -> 233 | ... AF41: =SUM(AF10:AF33) -> 29373
B42: 15.00 - 15.15 | C42: 37 | D42: 19 | E42: 5 | F42: 37 | G42: 0 | H42: 0 | I42: 4 | J42: 1 | K42: 0 | L42: 3 | M42: 363 | N42: 0 | O42: =SUM(C42:L42,N42) -> 106 | P42: =SUM(C42:N42) -> 469 | R42: NEF | S42: =S41/S40 -> 1.8937705 | T42: =T41/T40 -> 1.3865248 | U42: =U41/U40 -> 1.344086 | V42: =V41/V40 -> 1.422235 | W42: =W41/W40 -> 1.173913 | X42: =X41/X40 -> 1.2 | Y42: =Y41/Y40 -> 1.6722222 | Z42: =Z41/Z40 -> 1.2072539 | ... AF42: =AF41/AF40 -> 1.352971
B43: 15.15 - 15.30 | C43: 40 | D43: 20 | E43: 9 | F43: 24 | G43: 0 | H43: 0 | I43: 8 | J43: 6 | K43: 1 | L43: 1 | M43: 381 | N43: 0 | O43: =SUM(C43:L43,N43) -> 109 | P43: =SUM(C43:N43) -> 490
B44: 15.30 - 15.45 | C44: 44 | D44: 30 | E44: 14 | F44: 39 | G44: 0 | H44: 2 | I44: 5 | J44: 7 | K44: 2 | L44: 2 | M44: 404 | N44: 0 | O44: =SUM(C44:L44,N44) -> 145 | P44: =SUM(C44:N44) -> 549
B45: 15.45 - 16.00 | C45: 50 | D45: 25 | E45: 6 | F45: 20 | G45: 0 | H45: 0 | I45: 7 | J45: 4 | K45: 3 | L45: 4 | M45: 413 | N45: 0 | O45: =SUM(C45:L45,N45) -> 119 | P45: =SUM(C45:N45) -> 532
B46: 16.00 - 16.15 | C46: 27 | D46: 12 | E46: 6 | F46: 45 | G46: 2 | H46: 1 | I46: 4 | J46: 5 | K46: 5 | L46: 1 | M46: 305 | N46: 0 | O46: =SUM(C46:L46,N46) -> 108 | P46: =SUM(C46:N46) -> 413
B47: 16.15 -16.30 | C47: 55 | D47: 35 | E47: 8 | F47: 41 | G47: 1 | H47: 0 | I47: 11 | J47: 6 | K47: 6 | L47: 4 | M47: 352 | N47: 0 | O47: =SUM(C47:L47,N47) -> 167 | P47: =SUM(C47:N47) -> 519
B48: 16.30 -16.45 | C48: 32 | D48: 28 | E48: 18 | F48: 29 | G48: 0 | H48: 0 | I48: 7 | J48: 2 | K48: 5 | L48: 3 | M48: 158 | N48: 1 | O48: =SUM(C48:L48,N48) -> 125 | P48: =SUM(C48:N48) -> 283
B49: 16.45 -17.00 | C49: 18 | D49: 19 | E49: 9 | F49: 31 | G49: 0 | H49: 0 | I49: 1 | J49: 4 | K49: 2 | L49: 0 | M49: 383 | N49: 0 | O49: =SUM(C49:L49,N49) -> 84 | P49: =SUM(C49:N49) -> 467
B50: 17.00 -17.15 | C50: 45 | D50: 20 | E50: 10 | F50: 32 | G50: 1 | H50: 0 | I50: 3 | J50: 4 | K50: 2 | L50: 1 | M50: 352 | N50: 0 | O50: =SUM(C50:L50,N50) -> 118 | P50: =SUM(C50:N50) -> 470
B51: 17.15 -17.30 | C51: 50 | D51: 21 | E51: 7 | F51: 36 | G51: 0 | H51: 0 | I51: 5 | J51: 2 | K51: 2 | L51: 2 | M51: 271 | N51: 0 | O51: =SUM(C51:L51,N51) -> 125 | P51: =SUM(C51:N51) -> 396
B52: 17.30 -17.45 | C52: 35 | D52: 10 | E52: 5 | F52: 25 | G52: 0 | H52: 0 | I52: 0 | J52: 1 | K52: 2 | L52: 2 | M52: 353 | N52: 0 | O52: =SUM(C52:L52,N52) -> 80 | P52: =SUM(C52:N52) -> 433
B53: 17.45 -18.00 | C53: 55 | D53: 45 | E53: 20 | F53: 25 | G53: 1 | H53: 0 | I53: 3 | J53: 4 | K53: 3 | L53: 2 | M53: 412 | N53: 0 | O53: =SUM(C53:L53,N53) -> 158 | P53: =SUM(C53:N53) -> 570
B54: 18.00 - 18.15 | C54: 50 | D54: 30 | E54: 15 | F54: 28 | G54: 0 | H54: 0 | I54: 2 | J54: 1 | K54: 0 | L54: 0 | M54: 418 | N54: 0 | O54: =SUM(C54:L54,N54) -> 126 | P54: =SUM(C54:N54) -> 544
... B105: 06.45 - 07.00 | C105: 13 | D105: 4 | E105: 0 | F105: 17 | G105: 1 | H105: 0 | I105: 2 | J105: 2 | K105: 1 | L105: 0 | M105: 83 | N105: 0 | O105: =SUM(C105:L105,N105) -> 40 | P105: =SUM(C105:N105) -> 123
B106: Totals | C106: =SUM(C10:C105) -> 2888 | D106: =SUM(D10:D105) -> 1173 | E106: =SUM(E10:E105) -> 500 | F106: =SUM(F10:F105) -> 2469 | G106: =SUM(G10:G105) -> 27 | H106: =SUM(H10:H105) -> 12 | I106: =SUM(I10:I105) -> 301 | J106: =SUM(J10:J105) -> 233 | ... P106: =SUM(P10:P105) -> 29373
B107: %ges + MCs | C107: =C106/$P$106 -> 0.098321588 | D107: =D106/$P$106 -> 0.039934634 | E107: =E106/$P$106 -> 0.017022436 | F107: =F106/$P$106 -> 0.084056787 | G107: =G106/$P$106 -> 0.00091921152 | H107: =H106/$P$106 -> 0.00040853845 | I107: =I106/$P$106 -> 0.010247506 | J107: =J106/$P$106 -> 0.007932455 | ... N107: =N106/$P$106 -> 0.00013617948
B108: %ges w/o MCs | C108: =C106/$O$106 -> 0.36391129 | D108: =D106/$O$106 -> 0.14780746 | E108: =E106/$O$106 -> 0.063004032 | F108: =F106/$O$106 -> 0.31111391 | G108: =G106/$O$106 -> 0.0034022177 | H108: =H106/$O$106 -> 0.0015120968 | I108: =I106/$O$106 -> 0.037928427 | J108: =J106/$O$106 -> 0.029359879 | ... L108: =L106/$O$106 -> 0.018271169 | N108: =N106/$O$106 -> 0.00050403226

Sheet 03.08 Nsambya-ClockTower-24h
B1: Consultancy services for Preparation of Expressway Development Master Plan (EDMP) for Uganda
B2: MANUAL CLASSIFIED COUNT (MCC)
B3: ROAD NAME: | C3: ='29.07 ClockTower-Nsambya'!C3:G3 -> MCC - C1 - STN50 - NSAMBYA ROAD
C5: Date | D5: ='03.08 ClockTower-Nsambya-24h'!D5 -> 03.08.19 | F5: Location | G5: ='03.08 ClockTower-Nsambya-24h'!G5:H5 -> Gapco | J5: Surveyor | K5: ='03.08 ClockTower-Nsambya-24h'!K5:L5 -> Adong Agnes
C6: Dir. From | D6: ='29.07 Nsambya-ClockTower'!D6:E6 -> Nsambya | F6: Dir. To | G6: ='29.07 Nsambya-ClockTower'!G6:H6 -> ClockTower | J6: Supervisor | K6: ='03.08 ClockTower-Nsambya-24h'!K6:L6 -> Felix
B8: Time / Veh Type | R8: SUMMARY TRAFFIC VOLUMES
C9: 1. Car | D9: 2. Station Wagon | E9: 3. Pickups | F9: 4. Minibus, matatu | G9: 5. Medium bus | H9: 6. Large Bus | I9: 7. Light Truck | J9: 8. Medium Truck | K9: 9. Heavy truck | L9: 10. Truck Trailer | M9: 11. Motor cycles | N9: 12. Tractors | O9: Total Excl M/Cycles | P9: Total All | R9: Time | S9: 1. Car | T9: 2. Station Wagon | U9: 3. Pickups | V9: 4. Minibus, matatu | W9: 5. Medium bus | X9: 6. Large Bus | Y9: 7. Light Truck | Z9: 8. Medium Truck | AA9: 9. Heavy truck | AB9: 10. Truck Trailer | AC9: 11. Motorcycles | AD9: 12. Tractors, Graders | AE9: Total Excl M/ Cycles | AF9: Total All
B10: 07.00 - 07.15 | C10: 75 | D10: 13 | E10: 14 | F10: 105 | G10: 1 | H10: 0 | I10: 10 | J10: 5 | K10: 6 | L10: 1 | M10: 360 | N10: 0 | O10: =SUM(C10:L10,N10) -> 230 | P10: =SUM(C10:N10) -> 590 | R10: 0700-0800 | S10: =SUM(C10:C13) -> 338 | T10: =SUM(D10:D13) -> 52 | U10: =SUM(E10:E13) -> 54 | V10: =SUM(F10:F13) -> 510 | W10: =SUM(G10:G13) -> 9 | X10: =SUM(H10:H13) -> 0 | Y10: =SUM(I10:I13) -> 28 | Z10: =SUM(J10:J13) -> 18 | ... AF10: =SUM(P10:P13) -> 2665
B11: 07.15 - 07.30 | C11: 88 | D11: 18 | E11: 16 | F11: 145 | G11: 2 | H11: 0 | I11: 6 | J11: 3 | K11: 5 | L11: 4 | M11: 385 | N11: 0 | O11: =SUM(C11:L11,N11) -> 287 | P11: =SUM(C11:N11) -> 672 | R11: 0800-0900 | S11: =SUM(C14:C17) -> 271 | T11: =SUM(D14:D17) -> 53 | U11: =SUM(E14:E17) -> 33 | V11: =SUM(F14:F17) -> 395 | W11: =SUM(G14:G17) -> 5 | X11: =SUM(H14:H17) -> 0 | Y11: =SUM(I14:I17) -> 34 | Z11: =SUM(J14:J17) -> 19 | ... AF11: =SUM(P14:P17) -> 2371
B12: 07.30 - 07.45 | C12: 75 | D12: 9 | E12: 15 | F12: 150 | G12: 2 | H12: 0 | I12: 6 | J12: 3 | K12: 5 | L12: 4 | M12: 409 | N12: 0 | O12: =SUM(C12:L12,N12) -> 269 | P12: =SUM(C12:N12) -> 678 | R12: 0900-1000 | S12: =SUM(C18:C21) -> 117 | T12: =SUM(D18:D21) -> 49 | U12: =SUM(E18:E21) -> 26 | V12: =SUM(F18:F21) -> 292 | W12: =SUM(G18:G21) -> 6 | X12: =SUM(H18:H21) -> 0 | Y12: =SUM(I18:I21) -> 43 | Z12: =SUM(J18:J21) -> 20 | ... AF12: =SUM(P18:P21) -> 2339
B13: 07.45 - 08.00 | C13: 100 | D13: 12 | E13: 9 | F13: 110 | G13: 4 | H13: 0 | I13: 6 | J13: 7 | K13: 3 | L13: 8 | M13: 465 | N13: 1 | O13: =SUM(C13:L13,N13) -> 260 | P13: =SUM(C13:N13) -> 725 | R13: 1000-1100 | S13: =SUM(C22:C25) -> 255 | T13: =SUM(D22:D25) -> 54 | U13: =SUM(E22:E25) -> 44 | V13: =SUM(F22:F25) -> 344 | W13: =SUM(G22:G25) -> 7 | X13: =SUM(H22:H25) -> 0 | Y13: =SUM(I22:I25) -> 44 | Z13: =SUM(J22:J25) -> 22 | ... AF13: =SUM(P22:P25) -> 2024
B14: 08.00 - 08.15 | C14: 100 | D14: 23 | E14: 5 | F14: 80 | G14: 1 | H14: 0 | I14: 13 | J14: 3 | K14: 2 | L14: 1 | M14: 369 | N14: 0 | O14: =SUM(C14:L14,N14) -> 228 | P14: =SUM(C14:N14) -> 597 | R14: 1100-1200 | S14: =SUM(C26:C29) -> 176 | T14: =SUM(D26:D29) -> 79 | U14: =SUM(E26:E29) -> 38 | V14: =SUM(F26:F29) -> 295 | W14: =SUM(G26:G29) -> 6 | X14: =SUM(H26:H29) -> 1 | Y14: =SUM(I26:I29) -> 22 | Z14: =SUM(J26:J29) -> 17 | ... AF14: =SUM(P26:P29) -> 1858
B15: 08.15 - 08.30 | C15: 95 | D15: 8 | E15: 12 | F15: 135 | G15: 1 | H15: 0 | I15: 9 | J15: 5 | K15: 2 | L15: 5 | M15: 408 | N15: 0 | O15: =SUM(C15:L15,N15) -> 272 | P15: =SUM(C15:N15) -> 680 | R15: 1200-1300 | S15: =SUM(C30:C33) -> 393 | T15: =SUM(D30:D33) -> 108 | U15: =SUM(E30:E33) -> 55 | V15: =SUM(F30:F33) -> 320 | W15: =SUM(G30:G33) -> 4 | X15: =SUM(H30:H33) -> 2 | Y15: =SUM(I30:I33) -> 31 | Z15: =SUM(J30:J33) -> 13 | ... AF15: =SUM(P30:P33) -> 2470
B16: 08.30 - 08.45 | C16: 60 | D16: 9 | E16: 9 | F16: 85 | G16: 1 | H16: 0 | I16: 5 | J16: 3 | K16: 1 | L16: 3 | M16: 410 | N16: 0 | O16: =SUM(C16:L16,N16) -> 176 | P16: =SUM(C16:N16) -> 586 | R16: 1300-1400 | S16: =SUM(C34:C37) -> 238 | T16: =SUM(D34:D37) -> 83 | U16: =SUM(E34:E37) -> 82 | V16: =SUM(F34:F37) -> 316 | W16: =SUM(G34:G37) -> 2 | X16: =SUM(H34:H37) -> 1 | Y16: =SUM(I34:I37) -> 39 | Z16: =SUM(J34:J37) -> 26 | ... AF16: =SUM(P34:P37) -> 2563
B17: 08.45 - 9.00 | C17: 16 | D17: 13 | E17: 7 | F17: 95 | G17: 2 | H17: 0 | I17: 7 | J17: 8 | K17: 5 | L17: 5 | M17: 350 | N17: 0 | O17: =SUM(C17:L17,N17) -> 158 | P17: =SUM(C17:N17) -> 508 | R17: 1400-1500 | S17: =SUM(C38:C41) -> 271 | T17: =SUM(D38:D41) -> 62 | U17: =SUM(E38:E41) -> 77 | V17: =SUM(F38:F41) -> 316 | W17: =SUM(G38:G41) -> 7 | X17: =SUM(H38:H41) -> 1 | Y17: =SUM(I38:I41) -> 34 | Z17: =SUM(J38:J41) -> 17 | ... AF17: =SUM(P38:P41) -> 2465
B18: 09.00 - 09.15 | C18: 25 | D18: 7 | E18: 8 | F18: 90 | G18: 2 | H18: 0 | I18: 11 | J18: 3 | K18: 1 | L18: 3 | M18: 425 | N18: 0 | O18: =SUM(C18:L18,N18) -> 150 | P18: =SUM(C18:N18) -> 575 | R18: 1500-1600 | S18: =SUM(C42:C45) -> 285 | T18: =SUM(D42:D45) -> 130 | U18: =SUM(E42:E45) -> 52 | V18: =SUM(F42:F45) -> 211 | W18: =SUM(G42:G45) -> 3 | X18: =SUM(H42:H45) -> 0 | Y18: =SUM(I42:I45) -> 20 | Z18: =SUM(J42:J45) -> 34 | ... AF18: =SUM(P42:P45) -> 2527
B19: 09.15 - 09.30 | C19: 44 | D19: 9 | E19: 4 | F19: 50 | G19: 1 | H19: 0 | I19: 6 | J19: 4 | K19: 3 | L19: 4 | M19: 440 | N19: 0 | O19: =SUM(C19:L19,N19) -> 125 | P19: =SUM(C19:N19) -> 565 | R19: 1600-1700 | S19: =SUM(C46:C49) -> 235 | T19: =SUM(D46:D49) -> 76 | U19: =SUM(E46:E49) -> 82 | V19: =SUM(F46:F49) -> 250 | W19: =SUM(G46:G49) -> 8 | X19: =SUM(H46:H49) -> 1 | Y19: =SUM(I46:I49) -> 26 | Z19: =SUM(J46:J49) -> 20 | ... AF19: =SUM(P46:P49) -> 2721
B20: 09.30 - 09.45 | C20: 20 | D20: 11 | E20: 9 | F20: 80 | G20: 0 | H20: 0 | I20: 18 | J20: 9 | K20: 9 | L20: 9 | M20: 400 | N20: 1 | O20: =SUM(C20:L20,N20) -> 166 | P20: =SUM(C20:N20) -> 566 | R20: 1700-1800 | S20: =SUM(C50:C53) -> 374 | T20: =SUM(D50:D53) -> 85 | U20: =SUM(E50:E53) -> 47 | V20: =SUM(F50:F53) -> 232 | W20: =SUM(G50:G53) -> 5 | X20: =SUM(H50:H53) -> 1 | Y20: =SUM(I50:I53) -> 22 | Z20: =SUM(J50:J53) -> 17 | ... AF20: =SUM(P50:P53) -> 2636
B21: 09.45 - 10.00 | C21: 28 | D21: 22 | E21: 5 | F21: 72 | G21: 3 | H21: 0 | I21: 8 | J21: 4 | K21: 3 | L21: 3 | M21: 485 | N21: 0 | O21: =SUM(C21:L21,N21) -> 148 | P21: =SUM(C21:N21) -> 633 | R21: 1800-1900 | S21: =SUM(C54:C57) -> 327 | T21: =SUM(D54:D57) -> 46 | U21: =SUM(E54:E57) -> 46 | V21: =SUM(F54:F57) -> 172 | W21: =SUM(G54:G57) -> 6 | X21: =SUM(H54:H57) -> 0 | Y21: =SUM(I54:I57) -> 33 | Z21: =SUM(J54:J57) -> 9 | ... AF21: =SUM(P54:P57) -> 2931
B22: 10.00 - 10.15 | C22: 28 | D22: 11 | E22: 13 | F22: 83 | G22: 1 | H22: 0 | I22: 4 | J22: 0 | K22: 4 | L22: 3 | M22: 350 | N22: 0 | O22: =SUM(C22:L22,N22) -> 147 | P22: =SUM(C22:N22) -> 497 | R22: 1900-2000 | S22: =SUM(C58:C61) -> 234 | T22: =SUM(D58:D61) -> 33 | U22: =SUM(E58:E61) -> 10 | V22: =SUM(F58:F61) -> 181 | W22: =SUM(G58:G61) -> 2 | X22: =SUM(H58:H61) -> 0 | Y22: =SUM(I58:I61) -> 14 | Z22: =SUM(J58:J61) -> 2 | ... AF22: =SUM(P58:P61) -> 1837
B23: 10.15 - 10.30 | C23: 72 | D23: 14 | E23: 11 | F23: 91 | G23: 0 | H23: 0 | I23: 15 | J23: 5 | K23: 2 | L23: 5 | M23: 305 | N23: 0 | O23: =SUM(C23:L23,N23) -> 215 | P23: =SUM(C23:N23) -> 520 | R23: 2000-2100 | S23: =SUM(C62:C65) -> 201 | T23: =SUM(D62:D65) -> 25 | U23: =SUM(E62:E65) -> 27 | V23: =SUM(F62:F65) -> 216 | W23: =SUM(G62:G65) -> 2 | X23: =SUM(H62:H65) -> 0 | Y23: =SUM(I62:I65) -> 14 | Z23: =SUM(J62:J65) -> 6 | ... AF23: =SUM(P62:P65) -> 1334
B24: 10.30 - 10.45 | C24: 80 | D24: 19 | E24: 13 | F24: 80 | G24: 3 | H24: 0 | I24: 14 | J24: 9 | K24: 3 | L24: 3 | M24: 310 | N24: 0 | O24: =SUM(C24:L24,N24) -> 224 | P24: =SUM(C24:N24) -> 534 | R24: 2100-2200 | S24: =SUM(C66:C69) -> 250 | T24: =SUM(D66:D69) -> 53 | U24: =SUM(E66:E69) -> 17 | V24: =SUM(F66:F69) -> 150 | W24: =SUM(G66:G69) -> 1 | X24: =SUM(H66:H69) -> 0 | Y24: =SUM(I66:I69) -> 16 | Z24: =SUM(J66:J69) -> 9 | ... AF24: =SUM(P66:P69) -> 1361
B25: 10.45 - 11.00 | C25: 75 | D25: 10 | E25: 7 | F25: 90 | G25: 3 | H25: 0 | I25: 11 | J25: 8 | K25: 2 | L25: 2 | M25: 265 | N25: 0 | O25: =SUM(C25:L25,N25) -> 208 | P25: =SUM(C25:N25) -> 473 | R25: 2200-2300 | S25: =SUM(C70:C73) -> 259 | T25: =SUM(D70:D73) -> 25 | U25: =SUM(E70:E73) -> 29 | V25: =SUM(F70:F73) -> 116 | W25: =SUM(G70:G73) -> 0 | X25: =SUM(H70:H73) -> 0 | Y25: =SUM(I70:I73) -> 11 | Z25: =SUM(J70:J73) -> 4 | ... AF25: =SUM(P70:P73) -> 1182
B26: 11.00 - 11.15 | C26: 33 | D26: 22 | E26: 18 | F26: 95 | G26: 2 | H26: 0 | I26: 7 | J26: 3 | K26: 2 | L26: 5 | M26: 280 | N26: 0 | O26: =SUM(C26:L26,N26) -> 187 | P26: =SUM(C26:N26) -> 467 | R26: 2300-0000 | S26: =SUM(C74:C77) -> 220 | T26: =SUM(D74:D77) -> 46 | U26: =SUM(E74:E77) -> 20 | V26: =SUM(F74:F77) -> 85 | W26: =SUM(G74:G77) -> 1 | X26: =SUM(H74:H77) -> 0 | Y26: =SUM(I74:I77) -> 14 | Z26: =SUM(J74:J77) -> 5 | ... AF26: =SUM(P74:P77) -> 835
B27: 11.15 - 11.30 | C27: 32 | D27: 6 | E27: 4 | F27: 80 | G27: 2 | H27: 0 | I27: 3 | J27: 2 | K27: 1 | L27: 3 | M27: 300 | N27: 0 | O27: =SUM(C27:L27,N27) -> 133 | P27: =SUM(C27:N27) -> 433 | R27: 0000-0100 | S27: =SUM(C78:C81) -> 233 | T27: =SUM(D78:D81) -> 32 | U27: =SUM(E78:E81) -> 15 | V27: =SUM(F78:F81) -> 22 | W27: =SUM(G78:G81) -> 2 | X27: =SUM(H78:H81) -> 0 | Y27: =SUM(I78:I81) -> 3 | Z27: =SUM(J78:J81) -> 10 | ... AF27: =SUM(P78:P81) -> 724
B28: 11.30 - 11.45 | C28: 55 | D28: 11 | E28: 7 | F28: 70 | G28: 0 | H28: 1 | I28: 7 | J28: 6 | K28: 2 | L28: 5 | M28: 292 | N28: 1 | O28: =SUM(C28:L28,N28) -> 165 | P28: =SUM(C28:N28) -> 457 | R28: 0100-0200 | S28: =SUM(C82:C85) -> 104 | T28: =SUM(D82:D85) -> 11 | U28: =SUM(E82:E85) -> 9 | V28: =SUM(F82:F85) -> 10 | W28: =SUM(G82:G85) -> 0 | X28: =SUM(H82:H85) -> 0 | Y28: =SUM(I82:I85) -> 11 | Z28: =SUM(J82:J85) -> 3 | ... AF28: =SUM(P82:P85) -> 485
B29: 11.45 - 12.00 | C29: 56 | D29: 40 | E29: 9 | F29: 50 | G29: 2 | H29: 0 | I29: 5 | J29: 6 | K29: 4 | L29: 1 | M29: 328 | N29: 0 | O29: =SUM(C29:L29,N29) -> 173 | P29: =SUM(C29:N29) -> 501 | R29: 0200-0300 | S29: =SUM(C86:C89) -> 36 | T29: =SUM(D86:D89) -> 6 | U29: =SUM(E86:E89) -> 2 | V29: =SUM(F86:F89) -> 6 | W29: =SUM(G86:G89) -> 0 | X29: =SUM(H86:H89) -> 0 | Y29: =SUM(I86:I89) -> 6 | Z29: =SUM(J86:J89) -> 2 | ... AF29: =SUM(P86:P89) -> 105
B30: 12.00 - 12.15 | C30: 100 | D30: 34 | E30: 11 | F30: 55 | G30: 1 | H30: 0 | I30: 8 | J30: 3 | K30: 7 | L30: 3 | M30: 326 | N30: 0 | O30: =SUM(C30:L30,N30) -> 222 | P30: =SUM(C30:N30) -> 548 | R30: 0300-0400 | S30: =SUM(C90:C93) -> 74 | T30: =SUM(D90:D93) -> 1 | U30: =SUM(E90:E93) -> 7 | V30: =SUM(F90:F93) -> 20 | W30: =SUM(G90:G93) -> 0 | X30: =SUM(H90:H93) -> 0 | Y30: =SUM(I90:I93) -> 1 | Z30: =SUM(J90:J93) -> 1 | ... AF30: =SUM(P90:P93) -> 116
B31: 12.15 - 12.30 | C31: 70 | D31: 18 | E31: 13 | F31: 60 | G31: 0 | H31: 1 | I31: 10 | J31: 1 | K31: 6 | L31: 2 | M31: 315 | N31: 0 | O31: =SUM(C31:L31,N31) -> 181 | P31: =SUM(C31:N31) -> 496 | R31: 0400-0500 | S31: =SUM(C94:C97) -> 112 | T31: =SUM(D94:D97) -> 7 | U31: =SUM(E94:E97) -> 4 | V31: =SUM(F94:F97) -> 5 | W31: =SUM(G94:G97) -> 0 | X31: =SUM(H94:H97) -> 0 | Y31: =SUM(I94:I97) -> 6 | Z31: =SUM(J94:J97) -> 5 | ... AF31: =SUM(P94:P97) -> 234
B32: 12.30 - 12.45 | C32: 103 | D32: 30 | E32: 15 | F32: 105 | G32: 2 | H32: 0 | I32: 6 | J32: 3 | K32: 1 | L32: 5 | M32: 353 | N32: 0 | O32: =SUM(C32:L32,N32) -> 270 | P32: =SUM(C32:N32) -> 623 | R32: 0500-0600 | S32: =SUM(C98:C101) -> 126 | T32: =SUM(D98:D101) -> 33 | U32: =SUM(E98:E101) -> 7 | V32: =SUM(F98:F101) -> 26 | W32: =SUM(G98:G101) -> 2 | X32: =SUM(H98:H101) -> 0 | Y32: =SUM(I98:I101) -> 9 | Z32: =SUM(J98:J101) -> 2 | ... AF32: =SUM(P98:P101) -> 346
B33: 12.45 - 13.00 | C33: 120 | D33: 26 | E33: 16 | F33: 100 | G33: 1 | H33: 1 | I33: 7 | J33: 6 | K33: 1 | L33: 3 | M33: 522 | N33: 0 | O33: =SUM(C33:L33,N33) -> 281 | P33: =SUM(C33:N33) -> 803 | R33: 0600-0700 | S33: =SUM(C102:C105) -> 81 | T33: =SUM(D102:D105) -> 14 | U33: =SUM(E102:E105) -> 13 | V33: =SUM(F102:F105) -> 84 | W33: =SUM(G102:G105) -> 2 | X33: =SUM(H102:H105) -> 0 | Y33: =SUM(I102:I105) -> 18 | Z33: =SUM(J102:J105) -> 8 | ... AF33: =SUM(P102:P105) -> 696
B34: 13.00 - 13.15 | C34: 77 | D34: 20 | E34: 16 | F34: 36 | G34: 0 | H34: 1 | I34: 17 | J34: 6 | K34: 6 | L34: 6 | M34: 466 | N34: 2 | O34: =SUM(C34:L34,N34) -> 187 | P34: =SUM(C34:N34) -> 653 | R34: AM Peak Hr | S34: =MAX(S10:S12) -> 338 | T34: =MAX(T10:T12) -> 53 | U34: =MAX(U10:U12) -> 54 | V34: =MAX(V10:V12) -> 510 | W34: =MAX(W10:W12) -> 9 | X34: =MAX(X10:X12) -> 0 | Y34: =MAX(Y10:Y12) -> 43 | Z34: =MAX(Z10:Z12) -> 20 | ... AF34: =MAX(AF10:AF12) -> 2665
B35: 13.15 - 13.30 | C35: 63 | D35: 16 | E35: 18 | F35: 110 | G35: 1 | H35: 0 | I35: 8 | J35: 7 | K35: 3 | L35: 8 | M35: 434 | N35: 0 | O35: =SUM(C35:L35,N35) -> 234 | P35: =SUM(C35:N35) -> 668 | R35: IP Peak Hr | S35: =MAX(S13:S18) -> 393 | T35: =MAX(T13:T18) -> 130 | U35: =MAX(U13:U18) -> 82 | V35: =MAX(V13:V18) -> 344 | W35: =MAX(W13:W18) -> 7 | X35: =MAX(X13:X18) -> 2 | Y35: =MAX(Y13:Y18) -> 44 | Z35: =MAX(Z13:Z18) -> 34 | ... AF35: =MAX(AF13:AF18) -> 2563
B36: 13.30 - 13.45 | C36: 50 | D36: 27 | E36: 30 | F36: 81 | G36: 1 | H36: 0 | I36: 11 | J36: 7 | K36: 4 | L36: 6 | M36: 410 | N36: 0 | O36: =SUM(C36:L36,N36) -> 217 | P36: =SUM(C36:N36) -> 627 | R36: PM Peak Hr | S36: =MAX(S19:S21) -> 374 | T36: =MAX(T19:T21) -> 85 | U36: =MAX(U19:U21) -> 82 | V36: =MAX(V19:V21) -> 250 | W36: =MAX(W19:W21) -> 8 | X36: =MAX(X19:X21) -> 1 | Y36: =MAX(Y19:Y21) -> 33 | Z36: =MAX(Z19:Z21) -> 20 | ... AF36: =MAX(AF19:AF21) -> 2931
B37: 13.45 - 14.00 | C37: 48 | D37: 20 | E37: 18 | F37: 89 | G37: 0 | H37: 0 | I37: 3 | J37: 6 | K37: 5 | L37: 5 | M37: 421 | N37: 0 | O37: =SUM(C37:L37,N37) -> 194 | P37: =SUM(C37:N37) -> 615 | R37: AM Period | S37: =SUM(S10:S12) -> 726 | T37: =SUM(T10:T12) -> 154 | U37: =SUM(U10:U12) -> 113 | V37: =SUM(V10:V12) -> 1197 | W37: =SUM(W10:W12) -> 20 | X37: =SUM(X10:X12) -> 0 | Y37: =SUM(Y10:Y12) -> 105 | Z37: =SUM(Z10:Z12) -> 57 | ... AF37: =SUM(AF10:AF12) -> 7375
B38: 14.00 - 14.15 | C38: 90 | D38: 19 | E38: 17 | F38: 60 | G38: 1 | H38: 0 | I38: 6 | J38: 3 | K38: 4 | L38: 5 | M38: 448 | N38: 0 | O38: =SUM(C38:L38,N38) -> 205 | P38: =SUM(C38:N38) -> 653 | R38: IP Period | S38: =SUM(S13:S18) -> 1618 | T38: =SUM(T13:T18) -> 516 | U38: =SUM(U13:U18) -> 348 | V38: =SUM(V13:V18) -> 1802 | W38: =SUM(W13:W18) -> 29 | X38: =SUM(X13:X18) -> 5 | Y38: =SUM(Y13:Y18) -> 190 | Z38: =SUM(Z13:Z18) -> 129 | ... AF38: =SUM(AF13:AF18) -> 13907
B39: 14.15 - 14.30 | C39: 15 | D39: 13 | E39: 20 | F39: 98 | G39: 2 | H39: 0 | I39: 15 | J39: 7 | K39: 4 | L39: 6 | M39: 375 | N39: 0 | O39: =SUM(C39:L39,N39) -> 180 | P39: =SUM(C39:N39) -> 555 | R39: PM Period | S39: =SUM(S19:S21) -> 936 | T39: =SUM(T19:T21) -> 207 | U39: =SUM(U19:U21) -> 175 | V39: =SUM(V19:V21) -> 654 | W39: =SUM(W19:W21) -> 19 | X39: =SUM(X19:X21) -> 2 | Y39: =SUM(Y19:Y21) -> 81 | Z39: =SUM(Z19:Z21) -> 46 | ... AF39: =SUM(AF19:AF21) -> 8288
B40: 14.30 - 14.45 | C40: 105 | D40: 18 | E40: 27 | F40: 76 | G40: 2 | H40: 0 | I40: 7 | J40: 4 | K40: 0 | L40: 3 | M40: 399 | N40: 0 | O40: =SUM(C40:L40,N40) -> 242 | P40: =SUM(C40:N40) -> 641 | R40: 12 Hours | S40: =SUM(S10:S21) -> 3280 | T40: =SUM(T10:T21) -> 877 | U40: =SUM(U10:U21) -> 636 | V40: =SUM(V10:V21) -> 3653 | W40: =SUM(W10:W21) -> 68 | X40: =SUM(X10:X21) -> 7 | Y40: =SUM(Y10:Y21) -> 376 | Z40: =SUM(Z10:Z21) -> 232 | ... AF40: =SUM(AF10:AF21) -> 29570
B41: 14.45 - 15.00 | C41: 61 | D41: 12 | E41: 13 | F41: 82 | G41: 2 | H41: 1 | I41: 6 | J41: 3 | K41: 0 | L41: 4 | M41: 432 | N41: 0 | O41: =SUM(C41:L41,N41) -> 184 | P41: =SUM(C41:N41) -> 616 | R41: 24 Hrs/ADT | S41: =SUM(S10:S33) -> 5210 | T41: =SUM(T10:T33) -> 1163 | U41: =SUM(U10:U33) -> 796 | V41: =SUM(V10:V33) -> 4574 | W41: =SUM(W10:W33) -> 80 | X41: =SUM(X10:X33) -> 7 | Y41: =SUM(Y10:Y33) -> 499 | Z41: =SUM(Z10:Z33) -> 289 | ... AF41: =SUM(AF10:AF33) -> 38825
B42: 15.00 - 15.15 | C42: 90 | D42: 28 | E42: 26 | F42: 56 | G42: 1 | H42: 0 | I42: 3 | J42: 4 | K42: 2 | L42: 0 | M42: 418 | N42: 0 | O42: =SUM(C42:L42,N42) -> 210 | P42: =SUM(C42:N42) -> 628 | R42: NEF | S42: =S41/S40 -> 1.5884146 | T42: =T41/T40 -> 1.3261117 | U42: =U41/U40 -> 1.2515723 | V42: =V41/V40 -> 1.2521215 | W42: =W41/W40 -> 1.1764706 | X42: =X41/X40 -> 1 | Y42: =Y41/Y40 -> 1.3271277 | Z42: =Z41/Z40 -> 1.2456897 | ... AF42: =AF41/AF40 -> 1.3129861
B43: 15.15 - 15.30 | C43: 80 | D43: 35 | E43: 11 | F43: 40 | G43: 1 | H43: 0 | I43: 1 | J43: 20 | K43: 2 | L43: 2 | M43: 405 | N43: 1 | O43: =SUM(C43:L43,N43) -> 193 | P43: =SUM(C43:N43) -> 598
B44: 15.30 - 15.45 | C44: 30 | D44: 7 | E44: 5 | F44: 48 | G44: 1 | H44: 0 | I44: 7 | J44: 3 | K44: 5 | L44: 8 | M44: 409 | N44: 1 | O44: =SUM(C44:L44,N44) -> 115 | P44: =SUM(C44:N44) -> 524
B45: 15.45 - 16.00 | C45: 85 | D45: 60 | E45: 10 | F45: 67 | G45: 0 | H45: 0 | I45: 9 | J45: 7 | K45: 5 | L45: 7 | M45: 527 | N45: 0 | O45: =SUM(C45:L45,N45) -> 250 | P45: =SUM(C45:N45) -> 777
B46: 16.00 - 16.15 | C46: 70 | D46: 21 | E46: 31 | F46: 64 | G46: 3 | H46: 0 | I46: 3 | J46: 9 | K46: 0 | L46: 6 | M46: 451 | N46: 0 | O46: =SUM(C46:L46,N46) -> 207 | P46: =SUM(C46:N46) -> 658
B47: 16.15 -16.30 | C47: 50 | D47: 24 | E47: 12 | F47: 71 | G47: 2 | H47: 0 | I47: 10 | J47: 4 | K47: 1 | L47: 9 | M47: 540 | N47: 1 | O47: =SUM(C47:L47,N47) -> 184 | P47: =SUM(C47:N47) -> 724
B48: 16.30 -16.45 | C48: 55 | D48: 18 | E48: 9 | F48: 70 | G48: 1 | H48: 0 | I48: 8 | J48: 5 | K48: 2 | L48: 3 | M48: 513 | N48: 0 | O48: =SUM(C48:L48,N48) -> 171 | P48: =SUM(C48:N48) -> 684
B49: 16.45 -17.00 | C49: 60 | D49: 13 | E49: 30 | F49: 45 | G49: 2 | H49: 1 | I49: 5 | J49: 2 | K49: 5 | L49: 2 | M49: 490 | N49: 0 | O49: =SUM(C49:L49,N49) -> 165 | P49: =SUM(C49:N49) -> 655
B50: 17.00 -17.15 | C50: 74 | D50: 35 | E50: 16 | F50: 78 | G50: 0 | H50: 1 | I50: 7 | J50: 6 | K50: 0 | L50: 5 | M50: 450 | N50: 0 | O50: =SUM(C50:L50,N50) -> 222 | P50: =SUM(C50:N50) -> 672
B51: 17.15 -17.30 | C51: 85 | D51: 25 | E51: 10 | F51: 46 | G51: 1 | H51: 0 | I51: 5 | J51: 2 | K51: 4 | L51: 7 | M51: 473 | N51: 0 | O51: =SUM(C51:L51,N51) -> 185 | P51: =SUM(C51:N51) -> 658
B52: 17.30 -17.45 | C52: 95 | D52: 14 | E52: 12 | F52: 53 | G52: 2 | H52: 0 | I52: 7 | J52: 5 | K52: 2 | L52: 8 | M52: 442 | N52: 0 | O52: =SUM(C52:L52,N52) -> 198 | P52: =SUM(C52:N52) -> 640
B53: 17.45 -18.00 | C53: 120 | D53: 11 | E53: 9 | F53: 55 | G53: 2 | H53: 0 | I53: 3 | J53: 4 | K53: 0 | L53: 2 | M53: 460 | N53: 0 | O53: =SUM(C53:L53,N53) -> 206 | P53: =SUM(C53:N53) -> 666
B54: 18.00 - 18.15 | C54: 94 | D54: 7 | E54: 10 | F54: 40 | G54: 1 | H54: 0 | I54: 7 | J54: 4 | K54: 4 | L54: 6 | M54: 564 | N54: 0 | O54: =SUM(C54:L54,N54) -> 173 | P54: =SUM(C54:N54) -> 737
... B105: 06.45 - 07.00 | C105: 28 | D105: 4 | E105: 3 | F105: 16 | G105: 0 | H105: 0 | I105: 11 | J105: 3 | K105: 4 | L105: 10 | M105: 121 | N105: 0 | O105: =SUM(C105:L105,N105) -> 79 | P105: =SUM(C105:N105) -> 200
B106: Totals | C106: =SUM(C10:C105) -> 5210 | D106: =SUM(D10:D105) -> 1163 | E106: =SUM(E10:E105) -> 796 | F106: =SUM(F10:F105) -> 4574 | G106: =SUM(G10:G105) -> 80 | H106: =SUM(H10:H105) -> 7 | I106: =SUM(I10:I105) -> 499 | J106: =SUM(J10:J105) -> 289 | ... P106: =SUM(P10:P105) -> 38825
B107: %ges + MCs | C107: =C106/$P$106 -> 0.13419189 | D107: =D106/$P$106 -> 0.029954926 | E107: =E106/$P$106 -> 0.020502254 | F107: =F106/$P$106 -> 0.11781069 | G107: =G106/$P$106 -> 0.002060528 | H107: =H106/$P$106 -> 0.0001802962 | I107: =I106/$P$106 -> 0.012852543 | J107: =J106/$P$106 -> 0.0074436574 | ... N107: =N106/$P$106 -> 0.0002060528
B108: %ges w/o MCs | C108: =C106/$O$106 -> 0.39671058 | D108: =D106/$O$106 -> 0.088555547 | E108: =E106/$O$106 -> 0.060610675 | F108: =F106/$O$106 -> 0.34828295 | G108: =G106/$O$106 -> 0.0060915252 | H108: =H106/$O$106 -> 0.00053300845 | I108: =I106/$O$106 -> 0.037995888 | J108: =J106/$O$106 -> 0.022005635 | ... L108: =L106/$O$106 -> 0.020635041 | N108: =N106/$O$106 -> 0.00060915252

Sheet 04.08 ClockTower-Nsambya
B1: Consultancy services for Preparation of Expressway Development Master Plan (EDMP) for Uganda
B2: MANUAL CLASSIFIED COUNT (MCC)
B3: ROAD NAME: | C3: ='29.07 ClockTower-Nsambya'!C3:G3 -> MCC - C1 - STN50 - NSAMBYA ROAD
C5: Date | D5: 04.08.19 | F5: Location | G5: ='03.08 Nsambya-ClockTower-24h'!G5:H5 -> Gapco | J5: Surveyor | K5: ='03.08 Nsambya-ClockTower-24h'!K5:L5 -> Adong Agnes
C6: Dir. From | D6: ='29.07 ClockTower-Nsambya'!D6:E6 -> Clock Tower | F6: Dir. To | G6: ='29.07 ClockTower-Nsambya'!G6:H6 -> Nsambya | J6: Supervisor | K6: ='03.08 Nsambya-ClockTower-24h'!K6:L6 -> Felix
B8: Time / Veh Type | R8: SUMMARY TRAFFIC VOLUMES
C9: 1. Car | D9: 2. Station Wagon | E9: 3. Pickups | F9: 4. Minibus, matatu | G9: 5. Medium bus | H9: 6. Large Bus | I9: 7. Light Truck | J9: 8. Medium Truck | K9: 9. Heavy truck | L9: 10. Truck Trailer | M9: 11. Motor cycles | N9: 12. Tractors | O9: Total Excl M/Cycles | P9: Total All | R9: Time | S9: 1. Car | T9: 2. Station Wagon | U9: 3. Pickups | V9: 4. Minibus, matatu | W9: 5. Medium bus | X9: 6. Large Bus | Y9: 7. Light Truck | Z9: 8. Medium Truck | AA9: 9. Heavy truck | AB9: 10. Truck Trailer | AC9: 11. Motorcycles | AD9: 12. Tractors, Graders | AE9: Total Excl M/ Cycles | AF9: Total All
B10: 07.00 - 07.15 | C10: 22 | D10: 6 | E10: 3 | F10: 120 | G10: 7 | H10: 3 | I10: 16 | J10: 2 | K10: 5 | L10: 1 | M10: 110 | N10: 0 | O10: =SUM(C10:L10,N10) -> 185 | P10: =SUM(C10:N10) -> 295 | R10: 0700-0800 | S10: =SUM(C10:C13) -> 59 | T10: =SUM(D10:D13) -> 24 | U10: =SUM(E10:E13) -> 8 | V10: =SUM(F10:F13) -> 553 | W10: =SUM(G10:G13) -> 17 | X10: =SUM(H10:H13) -> 23 | Y10: =SUM(I10:I13) -> 41 | Z10: =SUM(J10:J13) -> 27 | ... AF10: =SUM(P10:P13) -> 1500
B11: 07.15 - 07.30 | C11: 9 | D11: 5 | E11: 4 | F11: 135 | G11: 6 | H11: 7 | I11: 7 | J11: 1 | K11: 3 | L11: 5 | M11: 225 | N11: 0 | O11: =SUM(C11:L11,N11) -> 182 | P11: =SUM(C11:N11) -> 407 | R11: 0800-0900 | S11: =SUM(C14:C17) -> 94 | T11: =SUM(D14:D17) -> 35 | U11: =SUM(E14:E17) -> 17 | V11: =SUM(F14:F17) -> 663 | W11: =SUM(G14:G17) -> 15 | X11: =SUM(H14:H17) -> 17 | Y11: =SUM(I14:I17) -> 11 | Z11: =SUM(J14:J17) -> 7 | ... AF11: =SUM(P14:P17) -> 1719
B12: 07.30 - 07.45 | C12: 12 | D12: 5 | E12: 0 | F12: 143 | G12: 2 | H12: 5 | I12: 6 | J12: 1 | K12: 3 | L12: 2 | M12: 190 | N12: 0 | O12: =SUM(C12:L12,N12) -> 179 | P12: =SUM(C12:N12) -> 369 | R12: 0900-1000 | S12: =SUM(C18:C21) -> 129 | T12: =SUM(D18:D21) -> 54 | U12: =SUM(E18:E21) -> 19 | V12: =SUM(F18:F21) -> 206 | W12: =SUM(G18:G21) -> 19 | X12: =SUM(H18:H21) -> 9 | Y12: =SUM(I18:I21) -> 18 | Z12: =SUM(J18:J21) -> 4 | ... AF12: =SUM(P18:P21) -> 1475
B13: 07.45 - 08.00 | C13: 16 | D13: 8 | E13: 1 | F13: 155 | G13: 2 | H13: 8 | I13: 12 | J13: 23 | K13: 0 | L13: 0 | M13: 200 | N13: 4 | O13: =SUM(C13:L13,N13) -> 229 | P13: =SUM(C13:N13) -> 429 | R13: 1000-1100 | S13: =SUM(C22:C25) -> 180 | T13: =SUM(D22:D25) -> 36 | U13: =SUM(E22:E25) -> 24 | V13: =SUM(F22:F25) -> 324 | W13: =SUM(G22:G25) -> 14 | X13: =SUM(H22:H25) -> 2 | Y13: =SUM(I22:I25) -> 12 | Z13: =SUM(J22:J25) -> 19 | ... AF13: =SUM(P22:P25) -> 1472
B14: 08.00 - 08.15 | C14: 21 | D14: 3 | E14: 1 | F14: 170 | G14: 7 | H14: 8 | I14: 2 | J14: 1 | K14: 1 | L14: 1 | M14: 242 | N14: 0 | O14: =SUM(C14:L14,N14) -> 215 | P14: =SUM(C14:N14) -> 457 | R14: 1100-1200 | S14: =SUM(C26:C29) -> 248 | T14: =SUM(D26:D29) -> 85 | U14: =SUM(E26:E29) -> 36 | V14: =SUM(F26:F29) -> 310 | W14: =SUM(G26:G29) -> 6 | X14: =SUM(H26:H29) -> 2 | Y14: =SUM(I26:I29) -> 14 | Z14: =SUM(J26:J29) -> 9 | ... AF14: =SUM(P26:P29) -> 1518
B15: 08.15 - 08.30 | C15: 25 | D15: 10 | E15: 4 | F15: 160 | G15: 2 | H15: 7 | I15: 2 | J15: 3 | K15: 4 | L15: 1 | M15: 172 | N15: 0 | O15: =SUM(C15:L15,N15) -> 218 | P15: =SUM(C15:N15) -> 390 | R15: 1200-1300 | S15: =SUM(C30:C33) -> 225 | T15: =SUM(D30:D33) -> 128 | U15: =SUM(E30:E33) -> 61 | V15: =SUM(F30:F33) -> 379 | W15: =SUM(G30:G33) -> 11 | X15: =SUM(H30:H33) -> 3 | Y15: =SUM(I30:I33) -> 12 | Z15: =SUM(J30:J33) -> 12 | ... AF15: =SUM(P30:P33) -> 1582
B16: 08.30 - 08.45 | C16: 22 | D16: 13 | E16: 5 | F16: 162 | G16: 3 | H16: 0 | I16: 3 | J16: 2 | K16: 1 | L16: 2 | M16: 190 | N16: 0 | O16: =SUM(C16:L16,N16) -> 213 | P16: =SUM(C16:N16) -> 403 | R16: 1300-1400 | S16: =SUM(C34:C37) -> 210 | T16: =SUM(D34:D37) -> 126 | U16: =SUM(E34:E37) -> 55 | V16: =SUM(F34:F37) -> 463 | W16: =SUM(G34:G37) -> 1 | X16: =SUM(H34:H37) -> 2 | Y16: =SUM(I34:I37) -> 8 | Z16: =SUM(J34:J37) -> 10 | ... AF16: =SUM(P34:P37) -> 2063
B17: 08.45 - 9.00 | C17: 26 | D17: 9 | E17: 7 | F17: 171 | G17: 3 | H17: 2 | I17: 4 | J17: 1 | K17: 1 | L17: 2 | M17: 243 | N17: 0 | O17: =SUM(C17:L17,N17) -> 226 | P17: =SUM(C17:N17) -> 469 | R17: 1400-1500 | S17: =SUM(C38:C41) -> 246 | T17: =SUM(D38:D41) -> 74 | U17: =SUM(E38:E41) -> 25 | V17: =SUM(F38:F41) -> 307 | W17: =SUM(G38:G41) -> 7 | X17: =SUM(H38:H41) -> 1 | Y17: =SUM(I38:I41) -> 5 | Z17: =SUM(J38:J41) -> 5 | ... AF17: =SUM(P38:P41) -> 1361
B18: 09.00 - 09.15 | C18: 31 | D18: 10 | E18: 3 | F18: 100 | G18: 2 | H18: 0 | I18: 2 | J18: 1 | K18: 3 | L18: 1 | M18: 355 | N18: 0 | O18: =SUM(C18:L18,N18) -> 153 | P18: =SUM(C18:N18) -> 508 | R18: 1500-1600 | S18: =SUM(C42:C45) -> 310 | T18: =SUM(D42:D45) -> 104 | U18: =SUM(E42:E45) -> 62 | V18: =SUM(F42:F45) -> 305 | W18: =SUM(G42:G45) -> 20 | X18: =SUM(H42:H45) -> 0 | Y18: =SUM(I42:I45) -> 12 | Z18: =SUM(J42:J45) -> 18 | ... AF18: =SUM(P42:P45) -> 1724
B19: 09.15 - 09.30 | C19: 30 | D19: 19 | E19: 7 | F19: 31 | G19: 6 | H19: 2 | I19: 3 | J19: 1 | K19: 4 | L19: 6 | M19: 293 | N19: 3 | O19: =SUM(C19:L19,N19) -> 112 | P19: =SUM(C19:N19) -> 405 | R19: 1600-1700 | S19: =SUM(C46:C49) -> 350 | T19: =SUM(D46:D49) -> 147 | U19: =SUM(E46:E49) -> 45 | V19: =SUM(F46:F49) -> 316 | W19: =SUM(G46:G49) -> 16 | X19: =SUM(H46:H49) -> 8 | Y19: =SUM(I46:I49) -> 11 | Z19: =SUM(J46:J49) -> 6 | ... AF19: =SUM(P46:P49) -> 1674
B20: 09.30 - 09.45 | C20: 22 | D20: 12 | E20: 2 | F20: 25 | G20: 3 | H20: 7 | I20: 7 | J20: 0 | K20: 0 | L20: 2 | M20: 155 | N20: 0 | O20: =SUM(C20:L20,N20) -> 80 | P20: =SUM(C20:N20) -> 235 | R20: 1700-1800 | S20: =SUM(C50:C53) -> 148 | T20: =SUM(D50:D53) -> 67 | U20: =SUM(E50:E53) -> 14 | V20: =SUM(F50:F53) -> 537 | W20: =SUM(G50:G53) -> 7 | X20: =SUM(H50:H53) -> 2 | Y20: =SUM(I50:I53) -> 8 | Z20: =SUM(J50:J53) -> 5 | ... AF20: =SUM(P50:P53) -> 1510
B21: 09.45 - 10.00 | C21: 46 | D21: 13 | E21: 7 | F21: 50 | G21: 8 | H21: 0 | I21: 6 | J21: 2 | K21: 1 | L21: 0 | M21: 193 | N21: 1 | O21: =SUM(C21:L21,N21) -> 134 | P21: =SUM(C21:N21) -> 327 | R21: 1800-1900 | S21: =SUM(C54:C57) -> 162 | T21: =SUM(D54:D57) -> 76 | U21: =SUM(E54:E57) -> 26 | V21: =SUM(F54:F57) -> 492 | W21: =SUM(G54:G57) -> 11 | X21: =SUM(H54:H57) -> 7 | Y21: =SUM(I54:I57) -> 18 | Z21: =SUM(J54:J57) -> 2 | ... AF21: =SUM(P54:P57) -> 1483
B22: 10.00 - 10.15 | C22: 36 | D22: 12 | E22: 6 | F22: 95 | G22: 1 | H22: 0 | I22: 4 | J22: 1 | K22: 0 | L22: 1 | M22: 285 | N22: 0 | O22: =SUM(C22:L22,N22) -> 156 | P22: =SUM(C22:N22) -> 441 | R22: AM Peak Hr | S22: =MAX(S10:S12) -> 129 | T22: =MAX(T10:T12) -> 54 | U22: =MAX(U10:U12) -> 19 | V22: =MAX(V10:V12) -> 663 | W22: =MAX(W10:W12) -> 19 | X22: =MAX(X10:X12) -> 23 | Y22: =MAX(Y10:Y12) -> 41 | Z22: =MAX(Z10:Z12) -> 27 | ... AF22: =MAX(AF10:AF12) -> 1719
B23: 10.15 - 10.30 | C23: 58 | D23: 12 | E23: 10 | F23: 82 | G23: 4 | H23: 0 | I23: 2 | J23: 0 | K23: 2 | L23: 2 | M23: 160 | N23: 0 | O23: =SUM(C23:L23,N23) -> 172 | P23: =SUM(C23:N23) -> 332 | R23: IP Peak Hr | S23: =MAX(S13:S18) -> 310 | T23: =MAX(T13:T18) -> 128 | U23: =MAX(U13:U18) -> 62 | V23: =MAX(V13:V18) -> 463 | W23: =MAX(W13:W18) -> 20 | X23: =MAX(X13:X18) -> 3 | Y23: =MAX(Y13:Y18) -> 14 | Z23: =MAX(Z13:Z18) -> 19 | ... AF23: =MAX(AF13:AF18) -> 2063
B24: 10.30 - 10.45 | C24: 45 | D24: 7 | E24: 5 | F24: 80 | G24: 8 | H24: 0 | I24: 1 | J24: 4 | K24: 0 | L24: 4 | M24: 185 | N24: 0 | O24: =SUM(C24:L24,N24) -> 154 | P24: =SUM(C24:N24) -> 339 | R24: PM Peak Hr | S24: =MAX(S19:S21) -> 350 | T24: =MAX(T19:T21) -> 147 | U24: =MAX(U19:U21) -> 45 | V24: =MAX(V19:V21) -> 537 | W24: =MAX(W19:W21) -> 16 | X24: =MAX(X19:X21) -> 8 | Y24: =MAX(Y19:Y21) -> 18 | Z24: =MAX(Z19:Z21) -> 6 | ... AF24: =MAX(AF19:AF21) -> 1674
B25: 10.45 - 11.00 | C25: 41 | D25: 5 | E25: 3 | F25: 67 | G25: 1 | H25: 2 | I25: 5 | J25: 14 | K25: 1 | L25: 5 | M25: 215 | N25: 1 | O25: =SUM(C25:L25,N25) -> 145 | P25: =SUM(C25:N25) -> 360 | R25: AM Period | S25: =SUM(S10:S12) -> 282 | T25: =SUM(T10:T12) -> 113 | U25: =SUM(U10:U12) -> 44 | V25: =SUM(V10:V12) -> 1422 | W25: =SUM(W10:W12) -> 51 | X25: =SUM(X10:X12) -> 49 | Y25: =SUM(Y10:Y12) -> 70 | Z25: =SUM(Z10:Z12) -> 38 | ... AF25: =SUM(AF10:AF12) -> 4694
B26: 11.00 - 11.15 | C26: 41 | D26: 18 | E26: 9 | F26: 65 | G26: 1 | H26: 0 | I26: 3 | J26: 5 | K26: 1 | L26: 1 | M26: 279 | N26: 0 | O26: =SUM(C26:L26,N26) -> 144 | P26: =SUM(C26:N26) -> 423 | R26: IP Period | S26: =SUM(S13:S18) -> 1419 | T26: =SUM(T13:T18) -> 553 | U26: =SUM(U13:U18) -> 263 | V26: =SUM(V13:V18) -> 2088 | W26: =SUM(W13:W18) -> 59 | X26: =SUM(X13:X18) -> 10 | Y26: =SUM(Y13:Y18) -> 63 | Z26: =SUM(Z13:Z18) -> 73 | ... AF26: =SUM(AF13:AF18) -> 9720
B27: 11.15 - 11.30 | C27: 90 | D27: 36 | E27: 9 | F27: 100 | G27: 2 | H27: 1 | I27: 2 | J27: 2 | K27: 2 | L27: 4 | M27: 160 | N27: 0 | O27: =SUM(C27:L27,N27) -> 248 | P27: =SUM(C27:N27) -> 408 | R27: PM Period | S27: =SUM(S19:S21) -> 660 | T27: =SUM(T19:T21) -> 290 | U27: =SUM(U19:U21) -> 85 | V27: =SUM(V19:V21) -> 1345 | W27: =SUM(W19:W21) -> 34 | X27: =SUM(X19:X21) -> 17 | Y27: =SUM(Y19:Y21) -> 37 | Z27: =SUM(Z19:Z21) -> 13 | ... AF27: =SUM(AF19:AF21) -> 4667
B28: 11.30 - 11.45 | C28: 67 | D28: 22 | E28: 6 | F28: 75 | G28: 1 | H28: 0 | I28: 3 | J28: 1 | K28: 4 | L28: 5 | M28: 230 | N28: 0 | O28: =SUM(C28:L28,N28) -> 184 | P28: =SUM(C28:N28) -> 414 | R28: 12 Hours | S28: =SUM(S10:S21) -> 2361 | T28: =SUM(T10:T21) -> 956 | U28: =SUM(U10:U21) -> 392 | V28: =SUM(V10:V21) -> 4855 | W28: =SUM(W10:W21) -> 144 | X28: =SUM(X10:X21) -> 76 | Y28: =SUM(Y10:Y21) -> 170 | Z28: =SUM(Z10:Z21) -> 124 | ... AF28: =SUM(AF10:AF21) -> 19081
B29: 11.45 - 12.00 | C29: 50 | D29: 9 | E29: 12 | F29: 70 | G29: 2 | H29: 1 | I29: 6 | J29: 1 | K29: 3 | L29: 3 | M29: 116 | N29: 0 | O29: =SUM(C29:L29,N29) -> 157 | P29: =SUM(C29:N29) -> 273
B30: 12.00 - 12.15 | C30: 39 | D30: 26 | E30: 11 | F30: 90 | G30: 3 | H30: 1 | I30: 6 | J30: 2 | K30: 1 | L30: 1 | M30: 130 | N30: 0 | O30: =SUM(C30:L30,N30) -> 180 | P30: =SUM(C30:N30) -> 310
B31: 12.15 - 12.30 | C31: 60 | D31: 40 | E31: 20 | F31: 93 | G31: 1 | H31: 0 | I31: 1 | J31: 2 | K31: 1 | L31: 2 | M31: 166 | N31: 0 | O31: =SUM(C31:L31,N31) -> 220 | P31: =SUM(C31:N31) -> 386
B32: 12.30 - 12.45 | C32: 51 | D32: 22 | E32: 13 | F32: 95 | G32: 0 | H32: 0 | I32: 1 | J32: 0 | K32: 2 | L32: 2 | M32: 220 | N32: 1 | O32: =SUM(C32:L32,N32) -> 187 | P32: =SUM(C32:N32) -> 407
