Workbook

Sheet 22.07 Bwaise-Makerere
B1: Consultancy services for Preparation of Expressway Development Master Plan (EDMP) for Uganda
B2: MANUAL CLASSIFIED COUNT (MCC)
B3: ROAD NAME: | C3: MCC - C1 - STN021- SIR APOLLO ROAD
C5: Date | D5: 43668 | F5: Location | G5: SAHSEN PLAZA | J5: Surveyor | K5: RUTH
C6: Dir. From | D6: Bwaise | F6: Dir. To | G6: Makerere | J6: Supervisor | K6: SALIMAH
B8: Time / Veh Type | R8: SUMMARY TRAFFIC VOLUMES
C9: 1. Car | D9: 2. Station Wagon | E9: 3. Pickups | F9: 4. Minibus, matatu | G9: 5. Medium bus | H9: 6. Large Bus | I9: 7. Light Truck | J9: 8. Medium Truck | K9: 9. Heavy truck | L9: 10. Truck Trailer | M9: 11. Motor cycles | N9: 12. Tractors | O9: Total Excl M/Cycles | P9: Total All | R9: Time | S9: 1. Car | T9: 2. Station Wagon | U9: 3. Pickups | V9: 4. Minibus, matatu | W9: 5. Medium bus | X9: 6. Large Bus | Y9: 7. Light Truck | Z9: 8. Medium Truck | AA9: 9. Heavy truck | AB9: 10. Truck Trailer | AC9: 11. Motorcycles | AD9: 12. Tractors, Graders | AE9: Total Excl M/ Cycles | AF9: Total All
B10: 07.00 - 07.15 | C10: 60 | D10: 30 | E10: 10 | F10: 60 | G10: 3 | H10: 0 | I10: 1 | J10: 1 | K10: 0 | L10: 0 | M10: 80 | N10: 0 | O10: =SUM(C10:L10,N10) -> 165 | P10: =SUM(C10:N10) -> 245 | R10: 0700-0800 | S10: =SUM(C10:C13) -> 236 | T10: =SUM(D10:D13) -> 74 | U10: =SUM(E10:E13) -> 30 | V10: =SUM(F10:F13) -> 172 | W10: =SUM(G10:G13) -> 6 | X10: =SUM(H10:H13) -> 2 | Y10: =SUM(I10:I13) -> 9 | Z10: =SUM(J10:J13) -> 3 | ... AF10: =SUM(P10:P13) -> 929
B11: 07.15 - 07.30 | C11: 50 | D11: 25 | E11: 7 | F11: 50 | G11: 2 | H11: 0 | I11: 0 | J11: 0 | K11: 0 | M11: 50 | N11: 0 | O11: =SUM(C11:L11,N11) -> 134 | P11: =SUM(C11:N11) -> 184 | R11: 0800-0900 | S11: =SUM(C14:C17) -> 308 | T11: =SUM(D14:D17) -> 81 | U11: =SUM(E14:E17) -> 37 | V11: =SUM(F14:F17) -> 292 | W11: =SUM(G14:G17) -> 6 | X11: =SUM(H14:H17) -> 6 | Y11: =SUM(I14:I17) -> 72 | Z11: =SUM(J14:J17) -> 6 | ... AF11: =SUM(P14:P17) -> 1610
B12: 07.30 - 07.45 | C12: 66 | D12: 0 | E12: 4 | F12: 9 | G12: 1 | H12: 0 | I12: 2 | J12: 0 | K12: 0 | L12: 0 | M12: 150 | N12: 0 | O12: =SUM(C12:L12,N12) -> 82 | P12: =SUM(C12:N12) -> 232 | R12: 0900-1000 | S12: =SUM(C18:C21) -> 203 | T12: =SUM(D18:D21) -> 56 | U12: =SUM(E18:E21) -> 23 | V12: =SUM(F18:F21) -> 190 | W12: =SUM(G18:G21) -> 2 | X12: =SUM(H18:H21) -> 6 | Y12: =SUM(I18:I21) -> 33 | Z12: =SUM(J18:J21) -> 9 | ... AF12: =SUM(P18:P21) -> 1045
B13: 07.45 - 08.00 | C13: 60 | D13: 19 | E13: 9 | F13: 53 | G13: 0 | H13: 2 | I13: 6 | J13: 2 | K13: 1 | L13: 1 | M13: 115 | N13: 0 | O13: =SUM(C13:L13,N13) -> 153 | P13: =SUM(C13:N13) -> 268 | R13: 1000-1100 | S13: =SUM(C22:C25) -> 276 | T13: =SUM(D22:D25) -> 75 | U13: =SUM(E22:E25) -> 37 | V13: =SUM(F22:F25) -> 231 | W13: =SUM(G22:G25) -> 2 | X13: =SUM(H22:H25) -> 1 | Y13: =SUM(I22:I25) -> 32 | Z13: =SUM(J22:J25) -> 9 | ... AF13: =SUM(P22:P25) -> 1254
B14: 08.00 - 08.15 | C14: 56 | D14: 10 | E14: 4 | F14: 50 | G14: 2 | H14: 1 | I14: 2 | J14: 1 | K14: 0 | L14: 0 | M14: 140 | N14: 0 | O14: =SUM(C14:L14,N14) -> 126 | P14: =SUM(C14:N14) -> 266 | R14: 1100-1200 | S14: =SUM(C26:C29) -> 209 | T14: =SUM(D26:D29) -> 62 | U14: =SUM(E26:E29) -> 44 | V14: =SUM(F26:F29) -> 180 | W14: =SUM(G26:G29) -> 2 | X14: =SUM(H26:H29) -> 1 | Y14: =SUM(I26:I29) -> 31 | Z14: =SUM(J26:J29) -> 4 | ... AF14: =SUM(P26:P29) -> 1023
B15: 08.15 - 08.30 | C15: 89 | D15: 20 | E15: 12 | F15: 105 | G15: 0 | H15: 3 | I15: 58 | J15: 1 | K15: 1 | L15: 2 | M15: 300 | N15: 0 | O15: =SUM(C15:L15,N15) -> 291 | P15: =SUM(C15:N15) -> 591 | R15: 1200-1300 | S15: =SUM(C30:C33) -> 129 | T15: =SUM(D30:D33) -> 50 | U15: =SUM(E30:E33) -> 17 | V15: =SUM(F30:F33) -> 123 | W15: =SUM(G30:G33) -> 4 | X15: =SUM(H30:H33) -> 9 | Y15: =SUM(I30:I33) -> 14 | Z15: =SUM(J30:J33) -> 16 | ... AF15: =SUM(P30:P33) -> 744
B16: 08.30 - 08.45 | C16: 122 | D16: 37 | E16: 17 | F16: 90 | G16: 2 | H16: 1 | I16: 9 | J16: 3 | K16: 1 | L16: 1 | M16: 249 | N16: 0 | O16: =SUM(C16:L16,N16) -> 283 | P16: =SUM(C16:N16) -> 532 | R16: 1300-1400 | S16: =SUM(C34:C37) -> 160 | T16: =SUM(D34:D37) -> 55 | U16: =SUM(E34:E37) -> 27 | V16: =SUM(F34:F37) -> 131 | W16: =SUM(G34:G37) -> 2 | X16: =SUM(H34:H37) -> 13 | Y16: =SUM(I34:I37) -> 25 | Z16: =SUM(J34:J37) -> 16 | ... AF16: =SUM(P34:P37) -> 901
B17: 08.45 - 9.00 | C17: 41 | D17: 14 | E17: 4 | F17: 47 | G17: 2 | H17: 1 | I17: 3 | J17: 1 | K17: 2 | L17: 1 | M17: 105 | N17: 0 | O17: =SUM(C17:L17,N17) -> 116 | P17: =SUM(C17:N17) -> 221 | R17: 1400-1500 | S17: =SUM(C38:C41) -> 157 | T17: =SUM(D38:D41) -> 64 | U17: =SUM(E38:E41) -> 24 | V17: =SUM(F38:F41) -> 156 | W17: =SUM(G38:G41) -> 3 | X17: =SUM(H38:H41) -> 4 | Y17: =SUM(I38:I41) -> 22 | Z17: =SUM(J38:J41) -> 10 | ... AF17: =SUM(P38:P41) -> 794
B18: 09.00 - 09.15 | C18: 62 | D18: 18 | E18: 6 | F18: 58 | G18: 0 | H18: 0 | I18: 4 | J18: 2 | K18: 0 | L18: 0 | M18: 125 | N18: 0 | O18: =SUM(C18:L18,N18) -> 150 | P18: =SUM(C18:N18) -> 275 | R18: 1500-1600 | S18: =SUM(C42:C45) -> 172 | T18: =SUM(D42:D45) -> 54 | U18: =SUM(E42:E45) -> 26 | V18: =SUM(F42:F45) -> 144 | W18: =SUM(G42:G45) -> 1 | X18: =SUM(H42:H45) -> 2 | Y18: =SUM(I42:I45) -> 36 | Z18: =SUM(J42:J45) -> 6 | ... AF18: =SUM(P42:P45) -> 682
B19: 09.15 - 09.30 | C19: 38 | D19: 11 | E19: 2 | F19: 41 | G19: 0 | H19: 1 | I19: 5 | J19: 0 | K19: 0 | L19: 0 | M19: 115 | N19: 0 | O19: =SUM(C19:L19,N19) -> 98 | P19: =SUM(C19:N19) -> 213 | R19: 1600-1700 | S19: =SUM(C46:C49) -> 189 | T19: =SUM(D46:D49) -> 60 | U19: =SUM(E46:E49) -> 34 | V19: =SUM(F46:F49) -> 123 | W19: =SUM(G46:G49) -> 6 | X19: =SUM(H46:H49) -> 3 | Y19: =SUM(I46:I49) -> 35 | Z19: =SUM(J46:J49) -> 9 | ... AF19: =SUM(P46:P49) -> 1025
B20: 09.30 - 09.45 | C20: 28 | D20: 8 | E20: 3 | F20: 35 | G20: 0 | H20: 0 | I20: 5 | J20: 5 | K20: 1 | L20: 0 | M20: 90 | N20: 0 | O20: =SUM(C20:L20,N20) -> 85 | P20: =SUM(C20:N20) -> 175 | R20: 1700-1800 | S20: =SUM(C50:C53) -> 184 | T20: =SUM(D50:D53) -> 67 | U20: =SUM(E50:E53) -> 17 | V20: =SUM(F50:F53) -> 141 | W20: =SUM(G50:G53) -> 6 | X20: =SUM(H50:H53) -> 4 | Y20: =SUM(I50:I53) -> 28 | Z20: =SUM(J50:J53) -> 8 | ... AF20: =SUM(P50:P53) -> 1036
B21: 09.45 - 10.00 | C21: 75 | D21: 19 | E21: 12 | F21: 56 | G21: 2 | H21: 5 | I21: 19 | J21: 2 | K21: 2 | L21: 0 | M21: 190 | N21: 0 | O21: =SUM(C21:L21,N21) -> 192 | P21: =SUM(C21:N21) -> 382 | R21: 1800-1900 | S21: =SUM(C54:C57) -> 142 | T21: =SUM(D54:D57) -> 30 | U21: =SUM(E54:E57) -> 11 | V21: =SUM(F54:F57) -> 106 | W21: =SUM(G54:G57) -> 3 | X21: =SUM(H54:H57) -> 0 | Y21: =SUM(I54:I57) -> 15 | Z21: =SUM(J54:J57) -> 5 | ... AF21: =SUM(P54:P57) -> 870
B22: 10.00 - 10.15 | C22: 93 | D22: 26 | E22: 12 | F22: 79 | G22: 1 | H22: 0 | I22: 9 | J22: 1 | K22: 3 | L22: 1 | M22: 245 | N22: 0 | O22: =SUM(C22:L22,N22) -> 225 | P22: =SUM(C22:N22) -> 470 | R22: AM Peak Hr | S22: =MAX(S10:S12) -> 308 | T22: =MAX(T10:T12) -> 81 | U22: =MAX(U10:U12) -> 37 | V22: =MAX(V10:V12) -> 292 | W22: =MAX(W10:W12) -> 6 | X22: =MAX(X10:X12) -> 6 | Y22: =MAX(Y10:Y12) -> 72 | Z22: =MAX(Z10:Z12) -> 9 | ... AF22: =MAX(AF10:AF12) -> 1610
B23: 10.15 - 10.30 | C23: 75 | D23: 19 | E23: 5 | F23: 46 | G23: 0 | H23: 1 | I23: 10 | J23: 4 | K23: 2 | L23: 0 | M23: 105 | N23: 0 | O23: =SUM(C23:L23,N23) -> 162 | P23: =SUM(C23:N23) -> 267 | R23: IP Peak Hr | S23: =MAX(S13:S18) -> 276 | T23: =MAX(T13:T18) -> 75 | U23: =MAX(U13:U18) -> 44 | V23: =MAX(V13:V18) -> 231 | W23: =MAX(W13:W18) -> 4 | X23: =MAX(X13:X18) -> 13 | Y23: =MAX(Y13:Y18) -> 36 | Z23: =MAX(Z13:Z18) -> 16 | ... AF23: =MAX(AF13:AF18) -> 1254
B24: 10.30 - 10.45 | C24: 53 | D24: 16 | E24: 6 | F24: 59 | G24: 0 | H24: 0 | I24: 4 | J24: 4 | K24: 2 | L24: 0 | M24: 110 | N24: 0 | O24: =SUM(C24:L24,N24) -> 144 | P24: =SUM(C24:N24) -> 254 | R24: PM Peak Hr | S24: =MAX(S19:S21) -> 189 | T24: =MAX(T19:T21) -> 67 | U24: =MAX(U19:U21) -> 34 | V24: =MAX(V19:V21) -> 141 | W24: =MAX(W19:W21) -> 6 | X24: =MAX(X19:X21) -> 4 | Y24: =MAX(Y19:Y21) -> 35 | Z24: =MAX(Z19:Z21) -> 9 | ... AF24: =MAX(AF19:AF21) -> 1036
B25: 10.45 - 11.00 | C25: 55 | D25: 14 | E25: 14 | F25: 47 | G25: 1 | H25: 0 | I25: 9 | J25: 0 | K25: 1 | L25: 2 | M25: 120 | N25: 0 | O25: =SUM(C25:L25,N25) -> 143 | P25: =SUM(C25:N25) -> 263 | R25: AM Period | S25: =SUM(S10:S12) -> 747 | T25: =SUM(T10:T12) -> 211 | U25: =SUM(U10:U12) -> 90 | V25: =SUM(V10:V12) -> 654 | W25: =SUM(W10:W12) -> 14 | X25: =SUM(X10:X12) -> 14 | Y25: =SUM(Y10:Y12) -> 114 | Z25: =SUM(Z10:Z12) -> 18 | ... AF25: =SUM(AF10:AF12) -> 3584
B26: 11.00 - 11.15 | C26: 57 | D26: 21 | E26: 11 | F26: 58 | G26: 0 | H26: 0 | I26: 8 | J26: 1 | K26: 1 | L26: 0 | M26: 117 | N26: 0 | O26: =SUM(C26:L26,N26) -> 157 | P26: =SUM(C26:N26) -> 274 | R26: IP Period | S26: =SUM(S13:S18) -> 1103 | T26: =SUM(T13:T18) -> 360 | U26: =SUM(U13:U18) -> 175 | V26: =SUM(V13:V18) -> 965 | W26: =SUM(W13:W18) -> 14 | X26: =SUM(X13:X18) -> 30 | Y26: =SUM(Y13:Y18) -> 160 | Z26: =SUM(Z13:Z18) -> 61 | ... AF26: =SUM(AF13:AF18) -> 5398
B27: 11.15 - 11.30 | C27: 61 | D27: 14 | E27: 11 | F27: 40 | G27: 1 | H27: 0 | I27: 9 | J27: 0 | K27: 0 | L27: 0 | M27: 119 | N27: 0 | O27: =SUM(C27:L27,N27) -> 136 | P27: =SUM(C27:N27) -> 255 | R27: PM Period | S27: =SUM(S19:S21) -> 515 | T27: =SUM(T19:T21) -> 157 | U27: =SUM(U19:U21) -> 62 | V27: =SUM(V19:V21) -> 370 | W27: =SUM(W19:W21) -> 15 | X27: =SUM(X19:X21) -> 7 | Y27: =SUM(Y19:Y21) -> 78 | Z27: =SUM(Z19:Z21) -> 22 | ... AF27: =SUM(AF19:AF21) -> 2931
B28: 11.30 - 11.45 | C28: 42 | D28: 15 | E28: 12 | F28: 50 | G28: 0 | H28: 0 | I28: 9 | J28: 2 | K28: 2 | L28: 1 | M28: 139 | N28: 0 | O28: =SUM(C28:L28,N28) -> 133 | P28: =SUM(C28:N28) -> 272 | R28: 12 Hours | S28: =SUM(S10:S21) -> 2365 | T28: =SUM(T10:T21) -> 728 | U28: =SUM(U10:U21) -> 327 | V28: =SUM(V10:V21) -> 1989 | W28: =SUM(W10:W21) -> 43 | X28: =SUM(X10:X21) -> 51 | Y28: =SUM(Y10:Y21) -> 352 | Z28: =SUM(Z10:Z21) -> 101 | ... AF28: =SUM(AF10:AF21) -> 11913
B29: 11.45 - 12.00 | C29: 49 | D29: 12 | E29: 10 | F29: 32 | G29: 1 | H29: 1 | I29: 5 | J29: 1 | K29: 1 | L29: 0 | M29: 110 | N29: 0 | O29: =SUM(C29:L29,N29) -> 112 | P29: =SUM(C29:N29) -> 222
B30: 12.00 - 12.15 | C30: 31 | D30: 8 | E30: 7 | F30: 23 | G30: 1 | H30: 4 | I30: 1 | J30: 0 | K30: 2 | L30: 0 | M30: 86 | N30: 0 | O30: =SUM(C30:L30,N30) -> 77 | P30: =SUM(C30:N30) -> 163
B31: 12.15 - 12.30 | C31: 18 | D31: 14 | E31: 1 | F31: 29 | G31: 0 | H31: 0 | I31: 7 | J31: 1 | K31: 0 | L31: 0 | M31: 90 | N31: 0 | O31: =SUM(C31:L31,N31) -> 70 | P31: =SUM(C31:N31) -> 160
B32: 12.30 - 12.45 | C32: 43 | D32: 20 | E32: 5 | F32: 42 | G32: 0 | H32: 4 | I32: 6 | J32: 3 | K32: 1 | L32: 0 | M32: 115 | N32: 0 | O32: =SUM(C32:L32,N32) -> 124 | P32: =SUM(C32:N32) -> 239
B33: 12.45 - 13.00 | C33: 37 | D33: 8 | E33: 4 | F33: 29 | G33: 3 | H33: 1 | I33: 0 | J33: 12 | K33: 1 | L33: 2 | M33: 85 | N33: 0 | O33: =SUM(C33:L33,N33) -> 97 | P33: =SUM(C33:N33) -> 182
B34: 13.00 - 13.15 | C34: 27 | D34: 19 | E34: 4 | F34: 28 | G34: 0 | H34: 1 | I34: 9 | J34: 1 | K34: 0 | L34: 0 | M34: 100 | N34: 0 | O34: =SUM(C34:L34,N34) -> 89 | P34: =SUM(C34:N34) -> 189
B35: 13.15 - 13.30 | C35: 46 | D35: 14 | E35: 8 | F35: 38 | G35: 1 | H35: 9 | I35: 0 | J35: 9 | K35: 1 | L35: 0 | M35: 120 | N35: 0 | O35: =SUM(C35:L35,N35) -> 126 | P35: =SUM(C35:N35) -> 246
B36: 13.30 - 13.45 | C36: 47 | D36: 11 | E36: 9 | F36: 28 | G36: 0 | H36: 0 | I36: 8 | J36: 1 | K36: 0 | L36: 0 | M36: 120 | N36: 0 | O36: =SUM(C36:L36,N36) -> 104 | P36: =SUM(C36:N36) -> 224
B37: 13.45 - 14.00 | C37: 40 | D37: 11 | E37: 6 | F37: 37 | G37: 1 | H37: 3 | I37: 8 | J37: 5 | K37: 5 | L37: 0 | M37: 125 | N37: 1 | O37: =SUM(C37:L37,N37) -> 117 | P37: =SUM(C37:N37) -> 242
B38: 14.00 - 14.15 | C38: 48 | D38: 17 | E38: 5 | F38: 36 | G38: 1 | H38: 1 | I38: 5 | J38: 2 | K38: 0 | L38: 0 | M38: 105 | N38: 0 | O38: =SUM(C38:L38,N38) -> 115 | P38: =SUM(C38:N38) -> 220
B39: 14.15 - 14.30 | C39: 38 | D39: 17 | E39: 12 | F39: 43 | G39: 1 | H39: 2 | I39: 9 | J39: 3 | K39: 1 | L39: 0 | M39: 124 | N39: 0 | O39: =SUM(C39:L39,N39) -> 126 | P39: =SUM(C39:N39) -> 250
B40: 14.30 - 14.45 | C40: 28 | D40: 10 | E40: 1 | F40: 32 | G40: 0 | H40: 0 | I40: 1 | J40: 2 | K40: 0 | L40: 0 | M40: 123 | N40: 0 | O40: =SUM(C40:L40,N40) -> 74 | P40: =SUM(C40:N40) -> 197
... B42: 15.00 - 15.15 | C42: 34 | D42: 11 | E42: 2 | F42: 37 | G42: 0 | H42: 0 | I42: 6 | J42: 2 | K42: 0 | L42: 0 | M42: 91 | N42: 0 | O42: =SUM(C42:L42,N42) -> 92 | P42: =SUM(C42:N42) -> 183
B43: 15.15 - 15.30 | C43: 35 | D43: 14 | E43: 9 | F43: 34 | G43: 1 | H43: 0 | I43: 17 | J43: 1 | K43: 2 | M43: 11 | N43: 0 | O43: =SUM(C43:L43,N43) -> 113 | P43: =SUM(C43:N43) -> 124
B44: 15.30 - 15.45 | C44: 49 | D44: 13 | E44: 8 | F44: 36 | G44: 0 | H44: 0 | I44: 6 | J44: 2 | K44: 0 | L44: 1 | M44: 33 | N44: 0 | O44: =SUM(C44:L44,N44) -> 115 | P44: =SUM(C44:N44) -> 148
B45: 15.45 - 16.00 | C45: 54 | D45: 16 | E45: 7 | F45: 37 | G45: 0 | H45: 2 | I45: 7 | J45: 1 | K45: 1 | L45: 0 | M45: 102 | N45: 0 | O45: =SUM(C45:L45,N45) -> 125 | P45: =SUM(C45:N45) -> 227
B46: 16.00 - 16.15 | C46: 32 | D46: 12 | E46: 4 | F46: 21 | G46: 0 | H46: 1 | I46: 7 | J46: 1 | K46: 0 | L46: 0 | M46: 106 | N46: 0 | O46: =SUM(C46:L46,N46) -> 78 | P46: =SUM(C46:N46) -> 184
B47: 16.15 -16.30 | C47: 47 | D47: 13 | E47: 10 | F47: 32 | G47: 2 | H47: 0 | I47: 6 | J47: 4 | K47: 0 | L47: 0 | M47: 110 | N47: 0 | O47: =SUM(C47:L47,N47) -> 114 | P47: =SUM(C47:N47) -> 224
B48: 16.30 -16.45 | C48: 50 | D48: 15 | E48: 9 | F48: 26 | G48: 2 | H48: 0 | I48: 7 | J48: 3 | K48: 1 | L48: 0 | M48: 120 | N48: 0 | O48: =SUM(C48:L48,N48) -> 113 | P48: =SUM(C48:N48) -> 233
B49: 16.45 -17.00 | C49: 60 | D49: 20 | E49: 11 | F49: 44 | G49: 2 | H49: 2 | I49: 15 | J49: 1 | K49: 4 | L49: 1 | M49: 224 | N49: 0 | O49: =SUM(C49:L49,N49) -> 160 | P49: =SUM(C49:N49) -> 384
B50: 17.00 -17.15 | C50: 65 | D50: 20 | E50: 9 | F50: 41 | G50: 1 | H50: 1 | I50: 5 | J50: 3 | K50: 4 | L50: 1 | M50: 215 | N50: 0 | O50: =SUM(C50:L50,N50) -> 150 | P50: =SUM(C50:N50) -> 365
B51: 17.15 -17.30 | C51: 29 | D51: 15 | E51: 2 | F51: 26 | G51: 1 | H51: 2 | I51: 7 | J51: 2 | K51: 0 | L51: 0 | M51: 16 | N51: 0 | O51: =SUM(C51:L51,N51) -> 84 | P51: =SUM(C51:N51) -> 100
B52: 17.30 -17.45 | C52: 45 | D52: 12 | E52: 3 | F52: 39 | G52: 1 | H52: 0 | I52: 9 | J52: 2 | K52: 0 | L52: 0 | M52: 163 | N52: 0 | O52: =SUM(C52:L52,N52) -> 111 | P52: =SUM(C52:N52) -> 274
B53: 17.45 -18.00 | C53: 45 | D53: 20 | E53: 3 | F53: 35 | G53: 3 | H53: 1 | I53: 7 | J53: 1 | K53: 5 | L53: 2 | M53: 175 | N53: 0 | O53: =SUM(C53:L53,N53) -> 122 | P53: =SUM(C53:N53) -> 297
B54: 18.00 - 18.15 | C54: 41 | D54: 11 | E54: 8 | F54: 28 | G54: 2 | H54: 0 | I54: 6 | J54: 1 | K54: 2 | L54: 1 | M54: 195 | N54: 0 | O54: =SUM(C54:L54,N54) -> 100 | P54: =SUM(C54:N54) -> 295
B55: 18.15 - 18.30 | C55: 36 | D55: 8 | E55: 1 | F55: 25 | G55: 0 | H55: 0 | I55: 7 | J55: 2 | K55: 2 | L55: 1 | M55: 155 | N55: 0 | O55: =SUM(C55:L55,N55) -> 82 | P55: =SUM(C55:N55) -> 237
... B57: 18.45 - 19.00 | C57: 29 | D57: 7 | E57: 2 | F57: 28 | G57: 0 | H57: 0 | I57: 2 | J57: 0 | K57: 0 | L57: 0 | M57: 110 | N57: 0 | O57: =SUM(C57:L57,N57) -> 68 | P57: =SUM(C57:N57) -> 178
B58: Totals | C58: =SUM(C10:C57) -> 2365 | D58: =SUM(D10:D57) -> 728 | E58: =SUM(E10:E57) -> 327 | F58: =SUM(F10:F57) -> 1989 | G58: =SUM(G10:G57) -> 43 | H58: =SUM(H10:H57) -> 51 | I58: =SUM(I10:I57) -> 352 | J58: =SUM(J10:J57) -> 101 | ... P58: =SUM(P10:P57) -> 11913
B59: %ges + MCs | C59: =C58/$P$58 -> 0.19852262 | D59: =D58/$P$58 -> 0.061109712 | E59: =E58/$P$58 -> 0.027449005 | F59: =F58/$P$58 -> 0.16696046 | G59: =G58/$P$58 -> 0.0036095022 | H59: =H58/$P$58 -> 0.0042810375 | I59: =I58/$P$58 -> 0.029547553 | J59: =J58/$P$58 -> 0.0084781331 | ... N59: =N58/$P$58 -> 8.3941912e-05
B60: %ges w/o MCs | C60: =C58/$O$58 -> 0.39220564 | D60: =D58/$O$58 -> 0.12072968 | E60: =E58/$O$58 -> 0.054228856 | F60: =F58/$O$58 -> 0.32985075 | G60: =G58/$O$58 -> 0.0071310116 | H60: =H58/$O$58 -> 0.0084577114 | I60: =I58/$O$58 -> 0.058374793 | J60: =J58/$O$58 -> 0.016749585 | ... L60: =L58/$O$58 -> 0.0029850746 | N60: =N58/$O$58 -> 0.00016583748

Sheet 22.07 MAKERERE-BWAISE
B1: Consultancy services for Preparation of Expressway Development Master Plan (EDMP) for Uganda
B2: MANUAL CLASSIFIED COUNT (MCC)
B3: ROAD NAME: | C3: MCC - C1 - STN021- SIR APOLLO ROAD
C5: Date | D5: ='22.07 Bwaise-Makerere'!D5 -> 43668 | F5: Location | G5: PREMIUM DESIGN LTD | J5: Surveyor | K5: OMASET
C6: Dir. From | D6: MAKARERE | F6: Dir. To | G6: BWAISE | J6: Supervisor | K6: ='22.07 Bwaise-Makerere'!K6:L6 -> SALIMAH
B8: Time / Veh Type | R8: SUMMARY TRAFFIC VOLUMES
C9: 1. Car | D9: 2. Station Wagon | E9: 3. Pickups | F9: 4. Minibus, matatu | G9: 5. Medium bus | H9: 6. Large Bus | I9: 7. Light Truck | J9: 8. Medium Truck | K9: 9. Heavy truck | L9: 10. Truck Trailer | M9: 11. Motor cycles | N9: 12. Tractors | O9: Total Excl M/Cycles | P9: Total All | R9: Time | S9: 1. Car | T9: 2. Station Wagon | U9: 3. Pickups | V9: 4. Minibus, matatu | W9: 5. Medium bus | X9: 6. Large Bus | Y9: 7. Light Truck | Z9: 8. Medium Truck | AA9: 9. Heavy truck | AB9: 10. Truck Trailer | AC9: 11. Motorcycles | AD9: 12. Tractors, Graders | AE9: Total Excl M/ Cycles | AF9: Total All
B10: 07.00 - 07.15 | C10: 55 | D10: 10 | E10: 4 | F10: 45 | G10: 0 | H10: 0 | I10: 6 | J10: 3 | K10: 1 | L10: 0 | M10: 115 | N10: 0 | O10: =SUM(C10:L10,N10) -> 124 | P10: =SUM(C10:N10) -> 239 | R10: 0700-0800 | S10: =SUM(C10:C13) -> 128 | T10: =SUM(D10:D13) -> 25 | U10: =SUM(E10:E13) -> 11 | V10: =SUM(F10:F13) -> 142 | W10: =SUM(G10:G13) -> 2 | X10: =SUM(H10:H13) -> 2 | Y10: =SUM(I10:I13) -> 11 | Z10: =SUM(J10:J13) -> 4 | ... AF10: =SUM(P10:P13) -> 1009
B11: 07.15 - 07.30 | C11: 23 | D11: 7 | E11: 4 | F11: 2 | G11: 0 | H11: 1 | I11: 1 | J11: 1 | K11: 1 | L11: 0 | M11: 170 | N11: 0 | O11: =SUM(C11:L11,N11) -> 40 | P11: =SUM(C11:N11) -> 210 | R11: 0800-0900 | S11: =SUM(C14:C17) -> 130 | T11: =SUM(D14:D17) -> 21 | U11: =SUM(E14:E17) -> 7 | V11: =SUM(F14:F17) -> 232 | W11: =SUM(G14:G17) -> 4 | X11: =SUM(H14:H17) -> 2 | Y11: =SUM(I14:I17) -> 15 | Z11: =SUM(J14:J17) -> 6 | ... AF11: =SUM(P14:P17) -> 2188
B12: 07.30 - 07.45 | C12: 25 | D12: 5 | E12: 2 | F12: 55 | G12: 2 | H12: 1 | I12: 1 | J12: 0 | K12: 1 | L12: 0 | M12: 180 | N12: 0 | O12: =SUM(C12:L12,N12) -> 92 | P12: =SUM(C12:N12) -> 272 | R12: 0900-1000 | S12: =SUM(C18:C21) -> 87 | T12: =SUM(D18:D21) -> 27 | U12: =SUM(E18:E21) -> 8 | V12: =SUM(F18:F21) -> 202 | W12: =SUM(G18:G21) -> 5 | X12: =SUM(H18:H21) -> 5 | Y12: =SUM(I18:I21) -> 9 | Z12: =SUM(J18:J21) -> 1 | ... AF12: =SUM(P18:P21) -> 881
B13: 07.45 - 08.00 | C13: 25 | D13: 3 | E13: 1 | F13: 40 | G13: 0 | H13: 0 | I13: 3 | J13: 0 | K13: 1 | L13: 0 | M13: 215 | N13: 0 | O13: =SUM(C13:L13,N13) -> 73 | P13: =SUM(C13:N13) -> 288 | R13: 1000-1100 | S13: =SUM(C22:C25) -> 108 | T13: =SUM(D22:D25) -> 36 | U13: =SUM(E22:E25) -> 13 | V13: =SUM(F22:F25) -> 216 | W13: =SUM(G22:G25) -> 3 | X13: =SUM(H22:H25) -> 7 | Y13: =SUM(I22:I25) -> 14 | Z13: =SUM(J22:J25) -> 14 | ... AF13: =SUM(P22:P25) -> 1240
B14: 08.00 - 08.15 | C14: 24 | D14: 3 | E14: 1 | F14: 45 | G14: 2 | H14: 1 | I14: 0 | J14: 2 | K14: 0 | L14: 1 | M14: 205 | N14: 0 | O14: =SUM(C14:L14,N14) -> 79 | P14: =SUM(C14:N14) -> 284 | R14: 1100-1200 | S14: =SUM(C26:C29) -> 135 | T14: =SUM(D26:D29) -> 22 | U14: =SUM(E26:E29) -> 15 | V14: =SUM(F26:F29) -> 180 | W14: =SUM(G26:G29) -> 2 | X14: =SUM(H26:H29) -> 18 | Y14: =SUM(I26:I29) -> 7 | Z14: =SUM(J26:J29) -> 14 | ... AF14: =SUM(P26:P29) -> 1031
B15: 08.15 - 08.30 | C15: 30 | D15: 8 | E15: 1 | F15: 55 | G15: 1 | H15: 1 | I15: 4 | J15: 0 | K15: 2 | L15: 1 | M15: 200 | N15: 0 | O15: =SUM(C15:L15,N15) -> 103 | P15: =SUM(C15:N15) -> 303 | R15: 1200-1300 | S15: =SUM(C30:C33) -> 122 | T15: =SUM(D30:D33) -> 29 | U15: =SUM(E30:E33) -> 21 | V15: =SUM(F30:F33) -> 124 | W15: =SUM(G30:G33) -> 10 | X15: =SUM(H30:H33) -> 7 | Y15: =SUM(I30:I33) -> 8 | Z15: =SUM(J30:J33) -> 2 | ... AF15: =SUM(P30:P33) -> 784
B16: 08.30 - 08.45 | C16: 40 | D16: 4 | E16: 4 | F16: 65 | G16: 0 | H16: 0 | I16: 8 | J16: 2 | K16: 1 | L16: 0 | M16: 175 | N16: 0 | O16: =SUM(C16:L16,N16) -> 124 | P16: =SUM(C16:N16) -> 299 | R16: 1300-1400 | S16: =SUM(C34:C37) -> 141 | T16: =SUM(D34:D37) -> 29 | U16: =SUM(E34:E37) -> 21 | V16: =SUM(F34:F37) -> 178 | W16: =SUM(G34:G37) -> 1 | X16: =SUM(H34:H37) -> 1 | Y16: =SUM(I34:I37) -> 89 | Z16: =SUM(J34:J37) -> 11 | ... AF16: =SUM(P34:P37) -> 1040
B17: 08.45 - 9.00 | C17: 36 | D17: 6 | E17: 1 | F17: 67 | G17: 1 | H17: 0 | I17: 3 | J17: 2 | K17: 0 | L17: 1 | M17: 1185 | N17: 0 | O17: =SUM(C17:L17,N17) -> 117 | P17: =SUM(C17:N17) -> 1302 | R17: 1400-1500 | S17: =SUM(C38:C41) -> 153 | T17: =SUM(D38:D41) -> 53 | U17: =SUM(E38:E41) -> 51 | V17: =SUM(F38:F41) -> 127 | W17: =SUM(G38:G41) -> 3 | X17: =SUM(H38:H41) -> 10 | Y17: =SUM(I38:I41) -> 13 | Z17: =SUM(J38:J41) -> 5 | ... AF17: =SUM(P38:P41) -> 843
B18: 09.00 - 09.15 | C18: 28 | D18: 9 | E18: 2 | F18: 60 | G18: 1 | H18: 4 | I18: 1 | J18: 0 | K18: 1 | L18: 1 | M18: 175 | N18: 0 | O18: =SUM(C18:L18,N18) -> 107 | P18: =SUM(C18:N18) -> 282 | R18: 1500-1600 | S18: =SUM(C42:C45) -> 180 | T18: =SUM(D42:D45) -> 30 | U18: =SUM(E42:E45) -> 26 | V18: =SUM(F42:F45) -> 108 | W18: =SUM(G42:G45) -> 1 | X18: =SUM(H42:H45) -> 3 | Y18: =SUM(I42:I45) -> 17 | Z18: =SUM(J42:J45) -> 11 | ... AF18: =SUM(P42:P45) -> 614
B19: 09.15 - 09.30 | C19: 23 | D19: 5 | E19: 4 | F19: 40 | G19: 2 | H19: 1 | I19: 3 | J19: 0 | K19: 0 | L19: 0 | M19: 99 | N19: 0 | O19: =SUM(C19:L19,N19) -> 78 | P19: =SUM(C19:N19) -> 177 | R19: 1600-1700 | S19: =SUM(C46:C49) -> 202 | T19: =SUM(D46:D49) -> 56 | U19: =SUM(E46:E49) -> 29 | V19: =SUM(F46:F49) -> 160 | W19: =SUM(G46:G49) -> 2 | X19: =SUM(H46:H49) -> 2 | Y19: =SUM(I46:I49) -> 22 | Z19: =SUM(J46:J49) -> 12 | ... AF19: =SUM(P46:P49) -> 952
B20: 09.30 - 09.45 | C20: 25 | D20: 11 | E20: 2 | F20: 47 | G20: 1 | H20: 0 | I20: 4 | J20: 1 | K20: 0 | L20: 0 | M20: 105 | N20: 0 | O20: =SUM(C20:L20,N20) -> 91 | P20: =SUM(C20:N20) -> 196 | R20: 1700-1800 | S20: =SUM(C50:C53) -> 250 | T20: =SUM(D50:D53) -> 57 | U20: =SUM(E50:E53) -> 29 | V20: =SUM(F50:F53) -> 169 | W20: =SUM(G50:G53) -> 1 | X20: =SUM(H50:H53) -> 0 | Y20: =SUM(I50:I53) -> 29 | Z20: =SUM(J50:J53) -> 9 | ... AF20: =SUM(P50:P53) -> 996
B21: 09.45 - 10.00 | C21: 11 | D21: 2 | E21: 0 | F21: 55 | G21: 1 | H21: 0 | I21: 1 | J21: 0 | K21: 1 | L21: 0 | M21: 155 | N21: 0 | O21: =SUM(C21:L21,N21) -> 71 | P21: =SUM(C21:N21) -> 226 | R21: 1800-1900 | S21: =SUM(C54:C57) -> 221 | T21: =SUM(D54:D57) -> 41 | U21: =SUM(E54:E57) -> 76 | V21: =SUM(F54:F57) -> 138 | W21: =SUM(G54:G57) -> 30 | X21: =SUM(H54:H57) -> 9 | Y21: =SUM(I54:I57) -> 9 | Z21: =SUM(J54:J57) -> 2 | ... AF21: =SUM(P54:P57) -> 940
B22: 10.00 - 10.15 | C22: 22 | D22: 9 | E22: 2 | F22: 63 | G22: 2 | H22: 6 | I22: 0 | J22: 1 | K22: 1 | L22: 0 | M22: 249 | N22: 0 | O22: =SUM(C22:L22,N22) -> 106 | P22: =SUM(C22:N22) -> 355 | R22: AM Peak Hr | S22: =MAX(S10:S12) -> 130 | T22: =MAX(T10:T12) -> 27 | U22: =MAX(U10:U12) -> 11 | V22: =MAX(V10:V12) -> 232 | W22: =MAX(W10:W12) -> 5 | X22: =MAX(X10:X12) -> 5 | Y22: =MAX(Y10:Y12) -> 15 | Z22: =MAX(Z10:Z12) -> 6 | ... AF22: =MAX(AF10:AF12) -> 2188
B23: 10.15 - 10.30 | C23: 28 | D23: 4 | E23: 4 | F23: 51 | G23: 1 | H23: 1 | I23: 1 | J23: 4 | K23: 0 | L23: 3 | M23: 200 | N23: 0 | O23: =SUM(C23:L23,N23) -> 97 | P23: =SUM(C23:N23) -> 297 | R23: IP Peak Hr | S23: =MAX(S13:S18) -> 180 | T23: =MAX(T13:T18) -> 53 | U23: =MAX(U13:U18) -> 51 | V23: =MAX(V13:V18) -> 216 | W23: =MAX(W13:W18) -> 10 | X23: =MAX(X13:X18) -> 18 | Y23: =MAX(Y13:Y18) -> 89 | Z23: =MAX(Z13:Z18) -> 14 | ... AF23: =MAX(AF13:AF18) -> 1240
B24: 10.30 - 10.45 | C24: 27 | D24: 9 | E24: 3 | F24: 49 | G24: 0 | H24: 0 | I24: 9 | J24: 9 | K24: 0 | L24: 1 | M24: 205 | N24: 0 | O24: =SUM(C24:L24,N24) -> 107 | P24: =SUM(C24:N24) -> 312 | R24: PM Peak Hr | S24: =MAX(S19:S21) -> 250 | T24: =MAX(T19:T21) -> 57 | U24: =MAX(U19:U21) -> 76 | V24: =MAX(V19:V21) -> 169 | W24: =MAX(W19:W21) -> 30 | X24: =MAX(X19:X21) -> 9 | Y24: =MAX(Y19:Y21) -> 29 | Z24: =MAX(Z19:Z21) -> 12 | ... AF24: =MAX(AF19:AF21) -> 996
B25: 10.45 - 11.00 | C25: 31 | D25: 14 | E25: 4 | F25: 53 | G25: 0 | H25: 0 | I25: 4 | J25: 0 | K25: 0 | L25: 0 | M25: 170 | N25: 0 | O25: =SUM(C25:L25,N25) -> 106 | P25: =SUM(C25:N25) -> 276 | R25: AM Period | S25: =SUM(S10:S12) -> 345 | T25: =SUM(T10:T12) -> 73 | U25: =SUM(U10:U12) -> 26 | V25: =SUM(V10:V12) -> 576 | W25: =SUM(W10:W12) -> 11 | X25: =SUM(X10:X12) -> 9 | Y25: =SUM(Y10:Y12) -> 35 | Z25: =SUM(Z10:Z12) -> 11 | ... AF25: =SUM(AF10:AF12) -> 4078
B26: 11.00 - 11.15 | C26: 30 | D26: 4 | E26: 5 | F26: 50 | G26: 0 | H26: 9 | I26: 0 | J26: 0 | K26: 0 | L26: 0 | M26: 180 | N26: 0 | O26: =SUM(C26:L26,N26) -> 98 | P26: =SUM(C26:N26) -> 278 | R26: IP Period | S26: =SUM(S13:S18) -> 839 | T26: =SUM(T13:T18) -> 199 | U26: =SUM(U13:U18) -> 147 | V26: =SUM(V13:V18) -> 933 | W26: =SUM(W13:W18) -> 20 | X26: =SUM(X13:X18) -> 46 | Y26: =SUM(Y13:Y18) -> 148 | Z26: =SUM(Z13:Z18) -> 57 | ... AF26: =SUM(AF13:AF18) -> 5552
B27: 11.15 - 11.30 | C27: 25 | D27: 8 | E27: 2 | F27: 44 | G27: 0 | H27: 0 | I27: 1 | J27: 12 | K27: 0 | L27: 0 | M27: 150 | N27: 0 | O27: =SUM(C27:L27,N27) -> 92 | P27: =SUM(C27:N27) -> 242 | R27: PM Period | S27: =SUM(S19:S21) -> 673 | T27: =SUM(T19:T21) -> 154 | U27: =SUM(U19:U21) -> 134 | V27: =SUM(V19:V21) -> 467 | W27: =SUM(W19:W21) -> 33 | X27: =SUM(X19:X21) -> 11 | Y27: =SUM(Y19:Y21) -> 60 | Z27: =SUM(Z19:Z21) -> 23 | ... AF27: =SUM(AF19:AF21) -> 2888
B28: 11.30 - 11.45 | C28: 40 | D28: 6 | E28: 4 | F28: 46 | G28: 2 | H28: 7 | I28: 0 | J28: 2 | K28: 0 | L28: 0 | M28: 153 | N28: 0 | O28: =SUM(C28:L28,N28) -> 107 | P28: =SUM(C28:N28) -> 260 | R28: 12 Hours | S28: =SUM(S10:S21) -> 1857 | T28: =SUM(T10:T21) -> 426 | U28: =SUM(U10:U21) -> 307 | V28: =SUM(V10:V21) -> 1976 | W28: =SUM(W10:W21) -> 64 | X28: =SUM(X10:X21) -> 66 | Y28: =SUM(Y10:Y21) -> 243 | Z28: =SUM(Z10:Z21) -> 91 | ... AF28: =SUM(AF10:AF21) -> 12518
B29: 11.45 - 12.00 | C29: 40 | D29: 4 | E29: 4 | F29: 40 | G29: 0 | H29: 2 | I29: 6 | J29: 0 | K29: 2 | L29: 0 | M29: 153 | N29: 0 | O29: =SUM(C29:L29,N29) -> 98 | P29: =SUM(C29:N29) -> 251
B30: 12.00 - 12.15 | C30: 17 | D30: 2 | E30: 1 | F30: 45 | G30: 1 | H30: 4 | I30: 2 | J30: 0 | K30: 1 | L30: 0 | M30: 95 | N30: 0 | O30: =SUM(C30:L30,N30) -> 73 | P30: =SUM(C30:N30) -> 168
B31: 12.15 - 12.30 | C31: 20 | D31: 10 | E31: 11 | F31: 38 | G31: 0 | H31: 0 | I31: 2 | J31: 2 | K31: 2 | L31: 0 | M31: 91 | N31: 0 | O31: =SUM(C31:L31,N31) -> 85 | P31: =SUM(C31:N31) -> 176
B32: 12.30 - 12.45 | C32: 50 | D32: 10 | E32: 4 | F32: 40 | G32: 1 | H32: 1 | I32: 4 | J32: 0 | K32: 0 | L32: 0 | M32: 145 | N32: 0 | O32: =SUM(C32:L32,N32) -> 110 | P32: =SUM(C32:N32) -> 255
B33: 12.45 - 13.00 | C33: 35 | D33: 7 | E33: 5 | F33: 1 | G33: 8 | H33: 2 | I33: 0 | J33: 0 | K33: 0 | L33: 0 | M33: 127 | N33: 0 | O33: =SUM(C33:L33,N33) -> 58 | P33: =SUM(C33:N33) -> 185
B34: 13.00 - 13.15 | C34: 36 | D34: 9 | E34: 7 | F34: 33 | G34: 0 | H34: 1 | I34: 65 | J34: 1 | K34: 2 | L34: 0 | M34: 160 | N34: 0 | O34: =SUM(C34:L34,N34) -> 154 | P34: =SUM(C34:N34) -> 314
B35: 13.15 - 13.30 | C35: 40 | D35: 9 | E35: 5 | F35: 63 | G35: 0 | H35: 0 | I35: 10 | J35: 2 | K35: 3 | L35: 0 | M35: 130 | N35: 0 | O35: =SUM(C35:L35,N35) -> 132 | P35: =SUM(C35:N35) -> 262
B36: 13.30 - 13.45 | C36: 40 | D36: 4 | E36: 4 | F36: 39 | G36: 0 | H36: 0 | I36: 4 | J36: 4 | K36: 1 | L36: 0 | M36: 116 | N36: 0 | O36: =SUM(C36:L36,N36) -> 96 | P36: =SUM(C36:N36) -> 212
B37: 13.45 - 14.00 | C37: 25 | D37: 7 | E37: 5 | F37: 43 | G37: 1 | H37: 0 | I37: 10 | J37: 4 | K37: 0 | L37: 0 | M37: 157 | N37: 0 | O37: =SUM(C37:L37,N37) -> 95 | P37: =SUM(C37:N37) -> 252
B38: 14.00 - 14.15 | C38: 35 | D38: 10 | E38: 42 | F38: 0 | G38: 0 | H38: 7 | I38: 3 | J38: 0 | K38: 1 | L38: 0 | M38: 133 | N38: 0 | O38: =SUM(C38:L38,N38) -> 98 | P38: =SUM(C38:N38) -> 231
B39: 14.15 - 14.30 | C39: 47 | D39: 20 | E39: 3 | F39: 37 | G39: 0 | H39: 1 | I39: 2 | J39: 1 | K39: 0 | L39: 0 | M39: 153 | N39: 0 | O39: =SUM(C39:L39,N39) -> 111 | P39: =SUM(C39:N39) -> 264
B40: 14.30 - 14.45 | C40: 35 | D40: 9 | E40: 3 | F40: 39 | G40: 1 | H40: 2 | I40: 4 | J40: 4 | K40: 1 | L40: 0 | M40: 122 | N40: 0 | O40: =SUM(C40:L40,N40) -> 98 | P40: =SUM(C40:N40) -> 220
B41: 14.45 - 15.00 | C41: 36 | D41: 14 | E41: 3 | F41: 51 | G41: 2 | H41: 0 | I41: 4 | J41: 0 | K41: 1 | M41: 16 | N41: 1 | O41: =SUM(C41:L41,N41) -> 112 | P41: =SUM(C41:N41) -> 128
B42: 15.00 - 15.15 | C42: 61 | D42: 12 | E42: 8 | F42: 27 | G42: 0 | H42: 1 | I42: 2 | J42: 4 | K42: 2 | L42: 1 | M42: 7 | N42: 0 | O42: =SUM(C42:L42,N42) -> 118 | P42: =SUM(C42:N42) -> 125
B43: 15.15 - 15.30 | C43: 40 | D43: 6 | E43: 9 | F43: 40 | G43: 0 | H43: 0 | I43: 7 | J43: 1 | K43: 0 | L43: 0 | M43: 11 | N43: 0 | O43: =SUM(C43:L43,N43) -> 103 | P43: =SUM(C43:N43) -> 114
B44: 15.30 - 15.45 | C44: 31 | D44: 4 | E44: 8 | F44: 23 | G44: 1 | H44: 2 | I44: 6 | J44: 4 | K44: 1 | L44: 0 | M44: 97 | N44: 0 | O44: =SUM(C44:L44,N44) -> 80 | P44: =SUM(C44:N44) -> 177
B45: 15.45 - 16.00 | C45: 48 | D45: 8 | E45: 1 | F45: 18 | G45: 0 | H45: 0 | I45: 2 | J45: 2 | K45: 0 | L45: 0 | M45: 119 | N45: 0 | O45: =SUM(C45:L45,N45) -> 79 | P45: =SUM(C45:N45) -> 198
B46: 16.00 - 16.15 | C46: 28 | D46: 10 | E46: 2 | F46: 29 | G46: 0 | H46: 0 | I46: 3 | J46: 1 | K46: 0 | L46: 0 | M46: 100 | N46: 0 | O46: =SUM(C46:L46,N46) -> 73 | P46: =SUM(C46:N46) -> 173
B47: 16.15 -16.30 | C47: 69 | D47: 9 | E47: 4 | F47: 45 | G47: 1 | H47: 1 | I47: 6 | J47: 2 | K47: 1 | L47: 0 | M47: 126 | N47: 0 | O47: =SUM(C47:L47,N47) -> 138 | P47: =SUM(C47:N47) -> 264
B48: 16.30 -16.45 | C48: 58 | D48: 27 | E48: 7 | F48: 36 | G48: 0 | H48: 1 | I48: 8 | J48: 4 | K48: 0 | L48: 1 | M48: 114 | N48: 0 | O48: =SUM(C48:L48,N48) -> 142 | P48: =SUM(C48:N48) -> 256
B49: 16.45 -17.00 | C49: 47 | D49: 10 | E49: 16 | F49: 50 | G49: 1 | H49: 0 | I49: 5 | J49: 5 | K49: 0 | L49: 0 | M49: 125 | N49: 0 | O49: =SUM(C49:L49,N49) -> 134 | P49: =SUM(C49:N49) -> 259
B50: 17.00 -17.15 | C50: 70 | D50: 14 | E50: 7 | F50: 47 | G50: 0 | H50: 0 | I50: 9 | J50: 4 | K50: 0 | L50: 0 | M50: 105 | N50: 0 | O50: =SUM(C50:L50,N50) -> 151 | P50: =SUM(C50:N50) -> 256
B51: 17.15 -17.30 | C51: 70 | D51: 18 | E51: 10 | F51: 37 | G51: 1 | H51: 0 | I51: 7 | J51: 2 | K51: 1 | L51: 0 | M51: 130 | N51: 0 | O51: =SUM(C51:L51,N51) -> 146 | P51: =SUM(C51:N51) -> 276
B52: 17.30 -17.45 | C52: 72 | D52: 20 | E52: 8 | F52: 45 | G52: 0 | H52: 0 | I52: 12 | J52: 2 | K52: 1 | L52: 0 | M52: 135 | N52: 0 | O52: =SUM(C52:L52,N52) -> 160 | P52: =SUM(C52:N52) -> 295
B53: 17.45 -18.00 | C53: 38 | D53: 5 | E53: 4 | F53: 40 | G53: 0 | H53: 0 | I53: 1 | J53: 1 | K53: 0 | L53: 0 | M53: 80 | N53: 0 | O53: =SUM(C53:L53,N53) -> 89 | P53: =SUM(C53:N53) -> 169
... B57: 18.45 - 19.00 | C57: 65 | D57: 12 | E57: 60 | F57: 4 | G57: 30 | H57: 5 | I57: 2 | J57: 0 | K57: 0 | L57: 0 | M57: 102 | N57: 0 | O57: =SUM(C57:L57,N57) -> 178 | P57: =SUM(C57:N57) -> 280
B58: Totals | C58: =SUM(C10:C57) -> 1857 | D58: =SUM(D10:D57) -> 426 | E58: =SUM(E10:E57) -> 307 | F58: =SUM(F10:F57) -> 1976 | G58: =SUM(G10:G57) -> 64 | H58: =SUM(H10:H57) -> 66 | I58: =SUM(I10:I57) -> 243 | J58: =SUM(J10:J57) -> 91 | ... P58: =SUM(P10:P57) -> 12518
B59: %ges + MCs | C59: =C58/$P$58 -> 0.14834638 | D59: =D58/$P$58 -> 0.034030995 | E59: =E58/$P$58 -> 0.024524684 | F59: =F58/$P$58 -> 0.15785269 | G59: =G58/$P$58 -> 0.0051126378 | H59: =H58/$P$58 -> 0.0052724077 | I59: =I58/$P$58 -> 0.019412047 | J59: =J58/$P$58 -> 0.0072695319 | ... N59: =N58/$P$58 -> 7.9884966e-05
B60: %ges w/o MCs | C60: =C58/$O$58 -> 0.36598345 | D60: =D58/$O$58 -> 0.08395743 | E60: =E58/$O$58 -> 0.060504533 | F60: =F58/$O$58 -> 0.38943634 | G60: =G58/$O$58 -> 0.012613323 | H60: =H58/$O$58 -> 0.013007489 | I60: =I58/$O$58 -> 0.04789121 | J60: =J58/$O$58 -> 0.017934568 | ... L60: =L58/$O$58 -> 0.002364998 | N60: =N58/$O$58 -> 0.00019708317

Sheet 23.07 BWAISE-MAKERERE
B1: Consultancy services for Preparation of Expressway Development Master Plan (EDMP) for Uganda
B2: MANUAL CLASSIFIED COUNT (MCC)
B3: ROAD NAME: | C3: MCC-C1-STNO21 SIR APOLLO ROAD
C5: Date | D5: 23.07.19 | F5: Location | G5: PREMIUM DESIGN LTD | J5: Surveyor | K5: OKELLO PETER
C6: Dir. From | D6: BWAISE | F6: Dir. To | G6: MAKERERE | J6: Supervisor | K6: ='22.07 Bwaise-Makerere'!K6:L6 -> SALIMAH
B8: Time / Veh Type | R8: SUMMARY TRAFFIC VOLUMES
C9: 1. Car | D9: 2. Station Wagon | E9: 3. Pickups | F9: 4. Minibus, matatu | G9: 5. Medium bus | H9: 6. Large Bus | I9: 7. Light Truck | J9: 8. Medium Truck | K9: 9. Heavy truck | L9: 10. Truck Trailer | M9: 11. Motor cycles | N9: 12. Tractors | O9: Total Excl M/Cycles | P9: Total All | R9: Time | S9: 1. Car | T9: 2. Station Wagon | U9: 3. Pickups | V9: 4. Minibus, matatu | W9: 5. Medium bus | X9: 6. Large Bus | Y9: 7. Light Truck | Z9: 8. Medium Truck | AA9: 9. Heavy truck | AB9: 10. Truck Trailer | AC9: 11. Motorcycles | AD9: 12. Tractors, Graders | AE9: Total Excl M/ Cycles | AF9: Total All
B10: 07.00 - 07.15 | C10: 82 | D10: 29 | E10: 4 | F10: 55 | G10: 2 | H10: 0 | I10: 2 | J10: 1 | K10: 1 | L10: 0 | M10: 155 | N10: 0 | O10: =SUM(C10:L10,N10) -> 176 | P10: =SUM(C10:N10) -> 331 | R10: 0700-0800 | S10: =SUM(C10:C13) -> 277 | T10: =SUM(D10:D13) -> 94 | U10: =SUM(E10:E13) -> 20 | V10: =SUM(F10:F13) -> 259 | W10: =SUM(G10:G13) -> 8 | X10: =SUM(H10:H13) -> 0 | Y10: =SUM(I10:I13) -> 10 | Z10: =SUM(J10:J13) -> 4 | ... AF10: =SUM(P10:P13) -> 1663
B11: 07.15 - 07.30 | C11: 78 | D11: 25 | E11: 5 | F11: 79 | G11: 2 | H11: 0 | I11: 3 | J11: 1 | K11: 2 | L11: 3 | M11: 270 | N11: 0 | O11: =SUM(C11:L11,N11) -> 198 | P11: =SUM(C11:N11) -> 468 | R11: 0800-0900 | S11: =SUM(C14:C17) -> 252 | T11: =SUM(D14:D17) -> 71 | U11: =SUM(E14:E17) -> 26 | V11: =SUM(F14:F17) -> 266 | W11: =SUM(G14:G17) -> 9 | X11: =SUM(H14:H17) -> 3 | Y11: =SUM(I14:I17) -> 16 | Z11: =SUM(J14:J17) -> 5 | ... AF11: =SUM(P14:P17) -> 1762
B12: 07.30 - 07.45 | C12: 67 | D12: 23 | E12: 4 | F12: 60 | G12: 3 | H12: 0 | I12: 2 | J12: 1 | K12: 0 | L12: 0 | M12: 265 | N12: 0 | O12: =SUM(C12:L12,N12) -> 160 | P12: =SUM(C12:N12) -> 425 | R12: 0900-1000 | S12: =SUM(C18:C21) -> 262 | T12: =SUM(D18:D21) -> 67 | U12: =SUM(E18:E21) -> 19 | V12: =SUM(F18:F21) -> 202 | W12: =SUM(G18:G21) -> 3 | X12: =SUM(H18:H21) -> 5 | Y12: =SUM(I18:I21) -> 31 | Z12: =SUM(J18:J21) -> 9 | ... AF12: =SUM(P18:P21) -> 1617
B13: 07.45 - 08.00 | C13: 50 | D13: 17 | E13: 7 | F13: 65 | G13: 1 | H13: 0 | I13: 3 | J13: 1 | K13: 0 | L13: 0 | M13: 295 | N13: 0 | O13: =SUM(C13:L13,N13) -> 144 | P13: =SUM(C13:N13) -> 439 | R13: 1000-1100 | S13: =SUM(C22:C25) -> 261 | T13: =SUM(D22:D25) -> 82 | U13: =SUM(E22:E25) -> 28 | V13: =SUM(F22:F25) -> 196 | W13: =SUM(G22:G25) -> 6 | X13: =SUM(H22:H25) -> 2 | Y13: =SUM(I22:I25) -> 30 | Z13: =SUM(J22:J25) -> 18 | ... AF13: =SUM(P22:P25) -> 1434
B14: 08.00 - 08.15 | C14: 56 | D14: 19 | E14: 8 | F14: 61 | G14: 3 | H14: 0 | I14: 3 | J14: 2 | K14: 1 | L14: 0 | M14: 260 | N14: 0 | O14: =SUM(C14:L14,N14) -> 153 | P14: =SUM(C14:N14) -> 413 | R14: 1100-1200 | S14: =SUM(C26:C29) -> 183 | T14: =SUM(D26:D29) -> 74 | U14: =SUM(E26:E29) -> 19 | V14: =SUM(F26:F29) -> 144 | W14: =SUM(G26:G29) -> 4 | X14: =SUM(H26:H29) -> 1 | Y14: =SUM(I26:I29) -> 20 | Z14: =SUM(J26:J29) -> 9 | ... AF14: =SUM(P26:P29) -> 1056
B15: 08.15 - 08.30 | C15: 57 | D15: 19 | E15: 3 | F15: 67 | G15: 1 | H15: 0 | I15: 3 | J15: 1 | K15: 4 | L15: 1 | M15: 260 | N15: 0 | O15: =SUM(C15:L15,N15) -> 156 | P15: =SUM(C15:N15) -> 416 | R15: 1200-1300 | S15: =SUM(C30:C33) -> 223 | T15: =SUM(D30:D33) -> 56 | U15: =SUM(E30:E33) -> 90 | V15: =SUM(F30:F33) -> 160 | W15: =SUM(G30:G33) -> 8 | X15: =SUM(H30:H33) -> 2 | Y15: =SUM(I30:I33) -> 36 | Z15: =SUM(J30:J33) -> 20 | ... AF15: =SUM(P30:P33) -> 1351
B16: 08.30 - 08.45 | C16: 75 | D16: 14 | E16: 9 | F16: 59 | G16: 2 | H16: 2 | I16: 7 | J16: 1 | K16: 2 | L16: 2 | M16: 280 | N16: 0 | O16: =SUM(C16:L16,N16) -> 173 | P16: =SUM(C16:N16) -> 453 | R16: 1300-1400 | S16: =SUM(C34:C37) -> 194 | T16: =SUM(D34:D37) -> 68 | U16: =SUM(E34:E37) -> 20 | V16: =SUM(F34:F37) -> 144 | W16: =SUM(G34:G37) -> 2 | X16: =SUM(H34:H37) -> 9 | Y16: =SUM(I34:I37) -> 54 | Z16: =SUM(J34:J37) -> 14 | ... AF16: =SUM(P34:P37) -> 956
B17: 08.45 - 9.00 | C17: 64 | D17: 19 | E17: 6 | F17: 79 | G17: 3 | H17: 1 | I17: 3 | J17: 1 | K17: 3 | L17: 1 | M17: 300 | N17: 0 | O17: =SUM(C17:L17,N17) -> 180 | P17: =SUM(C17:N17) -> 480 | R17: 1400-1500 | S17: =SUM(C38:C41) -> 144 | T17: =SUM(D38:D41) -> 67 | U17: =SUM(E38:E41) -> 23 | V17: =SUM(F38:F41) -> 127 | W17: =SUM(G38:G41) -> 5 | X17: =SUM(H38:H41) -> 7 | Y17: =SUM(I38:I41) -> 49 | Z17: =SUM(J38:J41) -> 16 | ... AF17: =SUM(P38:P41) -> 945
B18: 09.00 - 09.15 | C18: 85 | D18: 14 | E18: 5 | F18: 65 | G18: 1 | H18: 0 | I18: 12 | J18: 1 | K18: 1 | L18: 0 | M18: 295 | N18: 0 | O18: =SUM(C18:L18,N18) -> 184 | P18: =SUM(C18:N18) -> 479 | R18: 1500-1600 | S18: =SUM(C42:C45) -> 171 | T18: =SUM(D42:D45) -> 58 | U18: =SUM(E42:E45) -> 27 | V18: =SUM(F42:F45) -> 136 | W18: =SUM(G42:G45) -> 0 | X18: =SUM(H42:H45) -> 5 | Y18: =SUM(I42:I45) -> 34 | Z18: =SUM(J42:J45) -> 14 | ... AF18: =SUM(P42:P45) -> 968
B19: 09.15 - 09.30 | C19: 50 | D19: 21 | E19: 4 | F19: 40 | G19: 0 | H19: 2 | I19: 5 | J19: 2 | K19: 0 | L19: 0 | M19: 295 | N19: 0 | O19: =SUM(C19:L19,N19) -> 124 | P19: =SUM(C19:N19) -> 419 | R19: 1600-1700 | S19: =SUM(C46:C49) -> 199 | T19: =SUM(D46:D49) -> 73 | U19: =SUM(E46:E49) -> 29 | V19: =SUM(F46:F49) -> 128 | W19: =SUM(G46:G49) -> 3 | X19: =SUM(H46:H49) -> 2 | Y19: =SUM(I46:I49) -> 37 | Z19: =SUM(J46:J49) -> 15 | ... AF19: =SUM(P46:P49) -> 1006
B20: 09.30 - 09.45 | C20: 70 | D20: 17 | E20: 8 | F20: 60 | G20: 1 | H20: 1 | I20: 7 | J20: 3 | K20: 4 | L20: 3 | M20: 220 | N20: 0 | O20: =SUM(C20:L20,N20) -> 174 | P20: =SUM(C20:N20) -> 394 | R20: 1700-1800 | S20: =SUM(C50:C53) -> 173 | T20: =SUM(D50:D53) -> 58 | U20: =SUM(E50:E53) -> 24 | V20: =SUM(F50:F53) -> 157 | W20: =SUM(G50:G53) -> 3 | X20: =SUM(H50:H53) -> 1 | Y20: =SUM(I50:I53) -> 33 | Z20: =SUM(J50:J53) -> 12 | ... AF20: =SUM(P50:P53) -> 1044
B21: 09.45 - 10.00 | C21: 57 | D21: 15 | E21: 2 | F21: 37 | G21: 1 | H21: 2 | I21: 7 | J21: 3 | K21: 5 | L21: 1 | M21: 195 | N21: 0 | O21: =SUM(C21:L21,N21) -> 130 | P21: =SUM(C21:N21) -> 325 | R21: 1800-1900 | S21: =SUM(C54:C57) -> 101 | T21: =SUM(D54:D57) -> 35 | U21: =SUM(E54:E57) -> 17 | V21: =SUM(F54:F57) -> 99 | W21: =SUM(G54:G57) -> 7 | X21: =SUM(H54:H57) -> 3 | Y21: =SUM(I54:I57) -> 19 | Z21: =SUM(J54:J57) -> 3 | ... AF21: =SUM(P54:P57) -> 790
B22: 10.00 - 10.15 | C22: 64 | D22: 16 | E22: 10 | F22: 46 | G22: 4 | H22: 0 | I22: 6 | J22: 5 | K22: 0 | L22: 0 | M22: 240 | N22: 0 | O22: =SUM(C22:L22,N22) -> 151 | P22: =SUM(C22:N22) -> 391 | R22: AM Peak Hr | S22: =MAX(S10:S12) -> 277 | T22: =MAX(T10:T12) -> 94 | U22: =MAX(U10:U12) -> 26 | V22: =MAX(V10:V12) -> 266 | W22: =MAX(W10:W12) -> 9 | X22: =MAX(X10:X12) -> 5 | Y22: =MAX(Y10:Y12) -> 31 | Z22: =MAX(Z10:Z12) -> 9 | ... AF22: =MAX(AF10:AF12) -> 1762
B23: 10.15 - 10.30 | C23: 64 | D23: 20 | E23: 5 | F23: 49 | G23: 0 | H23: 1 | I23: 5 | J23: 4 | K23: 4 | L23: 1 | M23: 225 | N23: 0 | O23: =SUM(C23:L23,N23) -> 153 | P23: =SUM(C23:N23) -> 378 | R23: IP Peak Hr | S23: =MAX(S13:S18) -> 261 | T23: =MAX(T13:T18) -> 82 | U23: =MAX(U13:U18) -> 90 | V23: =MAX(V13:V18) -> 196 | W23: =MAX(W13:W18) -> 8 | X23: =MAX(X13:X18) -> 9 | Y23: =MAX(Y13:Y18) -> 54 | Z23: =MAX(Z13:Z18) -> 20 | ... AF23: =MAX(AF13:AF18) -> 1434
B24: 10.30 - 10.45 | C24: 78 | D24: 24 | E24: 9 | F24: 56 | G24: 2 | H24: 1 | I24: 11 | J24: 5 | K24: 4 | L24: 1 | M24: 164 | N24: 0 | O24: =SUM(C24:L24,N24) -> 191 | P24: =SUM(C24:N24) -> 355 | R24: PM Peak Hr | S24: =MAX(S19:S21) -> 199 | T24: =MAX(T19:T21) -> 73 | U24: =MAX(U19:U21) -> 29 | V24: =MAX(V19:V21) -> 157 | W24: =MAX(W19:W21) -> 7 | X24: =MAX(X19:X21) -> 3 | Y24: =MAX(Y19:Y21) -> 37 | Z24: =MAX(Z19:Z21) -> 15 | ... AF24: =MAX(AF19:AF21) -> 1044
B25: 10.45 - 11.00 | C25: 55 | D25: 22 | E25: 4 | F25: 45 | G25: 0 | H25: 0 | I25: 8 | J25: 4 | K25: 5 | L25: 0 | M25: 167 | N25: 0 | O25: =SUM(C25:L25,N25) -> 143 | P25: =SUM(C25:N25) -> 310 | R25: AM Period | S25: =SUM(S10:S12) -> 791 | T25: =SUM(T10:T12) -> 232 | U25: =SUM(U10:U12) -> 65 | V25: =SUM(V10:V12) -> 727 | W25: =SUM(W10:W12) -> 20 | X25: =SUM(X10:X12) -> 8 | Y25: =SUM(Y10:Y12) -> 57 | Z25: =SUM(Z10:Z12) -> 18 | ... AF25: =SUM(AF10:AF12) -> 5042
B26: 11.00 - 11.15 | C26: 36 | D26: 18 | E26: 4 | F26: 33 | G26: 3 | H26: 0 | I26: 9 | J26: 5 | K26: 7 | L26: 1 | M26: 128 | N26: 0 | O26: =SUM(C26:L26,N26) -> 116 | P26: =SUM(C26:N26) -> 244 | R26: IP Period | S26: =SUM(S13:S18) -> 1176 | T26: =SUM(T13:T18) -> 405 | U26: =SUM(U13:U18) -> 207 | V26: =SUM(V13:V18) -> 907 | W26: =SUM(W13:W18) -> 25 | X26: =SUM(X13:X18) -> 26 | Y26: =SUM(Y13:Y18) -> 223 | Z26: =SUM(Z13:Z18) -> 91 | ... AF26: =SUM(AF13:AF18) -> 6710
B27: 11.15 - 11.30 | C27: 59 | D27: 21 | E27: 8 | F27: 43 | G27: 1 | H27: 1 | I27: 0 | J27: 1 | K27: 0 | L27: 2 | M27: 183 | N27: 1 | O27: =SUM(C27:L27,N27) -> 137 | P27: =SUM(C27:N27) -> 320 | R27: PM Period | S27: =SUM(S19:S21) -> 473 | T27: =SUM(T19:T21) -> 166 | U27: =SUM(U19:U21) -> 70 | V27: =SUM(V19:V21) -> 384 | W27: =SUM(W19:W21) -> 13 | X27: =SUM(X19:X21) -> 6 | Y27: =SUM(Y19:Y21) -> 89 | Z27: =SUM(Z19:Z21) -> 30 | ... AF27: =SUM(AF19:AF21) -> 2840
B28: 11.30 - 11.45 | C28: 43 | D28: 14 | E28: 4 | F28: 35 | G28: 0 | H28: 0 | I28: 3 | J28: 1 | K28: 0 | L28: 2 | M28: 155 | N28: 0 | O28: =SUM(C28:L28,N28) -> 102 | P28: =SUM(C28:N28) -> 257 | R28: 12 Hours | S28: =SUM(S10:S21) -> 2440 | T28: =SUM(T10:T21) -> 803 | U28: =SUM(U10:U21) -> 342 | V28: =SUM(V10:V21) -> 2018 | W28: =SUM(W10:W21) -> 58 | X28: =SUM(X10:X21) -> 40 | Y28: =SUM(Y10:Y21) -> 369 | Z28: =SUM(Z10:Z21) -> 139 | ... AF28: =SUM(AF10:AF21) -> 14592
B29: 11.45 - 12.00 | C29: 45 | D29: 21 | E29: 3 | F29: 33 | G29: 0 | H29: 0 | I29: 8 | J29: 2 | K29: 0 | L29: 0 | M29: 123 | N29: 0 | O29: =SUM(C29:L29,N29) -> 112 | P29: =SUM(C29:N29) -> 235
B30: 12.00 - 12.15 | C30: 39 | D30: 10 | E30: 14 | F30: 39 | G30: 1 | H30: 1 | I30: 7 | J30: 6 | K30: 1 | L30: 0 | M30: 170 | N30: 0 | O30: =SUM(C30:L30,N30) -> 118 | P30: =SUM(C30:N30) -> 288
B31: 12.15 - 12.30 | C31: 63 | D31: 15 | E31: 11 | F31: 40 | G31: 4 | H31: 0 | I31: 10 | J31: 0 | K31: 3 | L31: 0 | M31: 210 | N31: 0 | O31: =SUM(C31:L31,N31) -> 146 | P31: =SUM(C31:N31) -> 356
B32: 12.30 - 12.45 | C32: 72 | D32: 20 | E32: 60 | F32: 43 | G32: 3 | H32: 0 | I32: 2 | J32: 10 | K32: 4 | L32: 0 | M32: 191 | N32: 0 | O32: =SUM(C32:L32,N32) -> 214 | P32: =SUM(C32:N32) -> 405
B33: 12.45 - 13.00 | C33: 49 | D33: 11 | E33: 5 | F33: 38 | G33: 0 | H33: 1 | I33: 17 | J33: 4 | K33: 4 | L33: 3 | M33: 170 | N33: 0 | O33: =SUM(C33:L33,N33) -> 132 | P33: =SUM(C33:N33) -> 302
B34: 13.00 - 13.15 | C34: 49 | D34: 12 | E34: 2 | F34: 30 | G34: 0 | H34: 4 | I34: 8 | J34: 2 | K34: 5 | L34: 3 | M34: 120 | N34: 0 | O34: =SUM(C34:L34,N34) -> 115 | P34: =SUM(C34:N34) -> 235
B35: 13.15 - 13.30 | C35: 31 | D35: 16 | E35: 9 | F35: 25 | G35: 1 | H35: 2 | I35: 16 | J35: 5 | K35: 1 | L35: 0 | M35: 135 | N35: 0 | O35: =SUM(C35:L35,N35) -> 106 | P35: =SUM(C35:N35) -> 241
B36: 13.30 - 13.45 | C36: 68 | D36: 18 | E36: 5 | F36: 42 | G36: 1 | H36: 2 | I36: 16 | J36: 5 | K36: 1 | L36: 0 | M36: 134 | N36: 0 | O36: =SUM(C36:L36,N36) -> 158 | P36: =SUM(C36:N36) -> 292
B37: 13.45 - 14.00 | C37: 46 | D37: 22 | E37: 4 | F37: 47 | G37: 0 | H37: 1 | I37: 14 | J37: 2 | K37: 3 | L37: 1 | M37: 48 | N37: 0 | O37: =SUM(C37:L37,N37) -> 140 | P37: =SUM(C37:N37) -> 188
B38: 14.00 - 14.15 | C38: 36 | D38: 4 | E38: 9 | F38: 30 | G38: 1 | H38: 1 | I38: 6 | J38: 1 | K38: 1 | L38: 2 | M38: 85 | N38: 0 | O38: =SUM(C38:L38,N38) -> 91 | P38: =SUM(C38:N38) -> 176
B39: 14.15 - 14.30 | C39: 34 | D39: 20 | E39: 0 | F39: 25 | G39: 1 | H39: 1 | I39: 17 | J39: 2 | K39: 1 | L39: 0 | M39: 103 | N39: 0 | O39: =SUM(C39:L39,N39) -> 101 | P39: =SUM(C39:N39) -> 204
B40: 14.30 - 14.45 | C40: 26 | D40: 12 | E40: 4 | F40: 24 | G40: 0 | H40: 2 | I40: 10 | J40: 6 | K40: 0 | L40: 1 | M40: 132 | N40: 0 | O40: =SUM(C40:L40,N40) -> 85 | P40: =SUM(C40:N40) -> 217
... B57: 18.45 - 19.00 | C57: 14 | D57: 3 | E57: 1 | F57: 13 | G57: 0 | H57: 0 | I57: 1 | J57: 1 | K57: 1 | L57: 0 | M57: 135 | N57: 0 | O57: =SUM(C57:L57,N57) -> 34 | P57: =SUM(C57:N57) -> 169
B58: Totals | C58: =SUM(C10:C57) -> 2440 | N58: =SUM(N10:N57) -> 1 | O58: =SUM(O10:O57) -> 6344 | P58: =SUM(P10:P57) -> 14592
B59: %ges + MCs | C59: =C58/$P$58 -> 0.16721491 | N59: =N58/$P$58 -> 6.8530702e-05
B60: %ges w/o MCs | C60: =C58/$O$58 -> 0.38461538 | N60: =N58/$O$58 -> 0.00015762926

Sheet 23.07 Makerere-Bwaise
B1: Consultancy services for Preparation of Expressway Development Master Plan (EDMP) for Uganda
B2: MANUAL CLASSIFIED COUNT (MCC)
B3: ROAD NAME: | C3: ='22.07 MAKERERE-BWAISE'!C3:G3 -> MCC - C1 - STN021- SIR APOLLO ROAD
C5: Date | D5: ='23.07 BWAISE-MAKERERE'!D5 -> 23.07.19 | F5: Location | G5: ='22.07 Bwaise-Makerere'!G5:H5 -> SAHSEN PLAZA | J5: Surveyor | K5: ANTHONY
C6: Dir. From | D6: ='22.07 MAKERERE-BWAISE'!D6:E6 -> MAKARERE | F6: Dir. To | G6: ='22.07 MAKERERE-BWAISE'!G6:H6 -> BWAISE | J6: Supervisor | K6: ='22.07 Bwaise-Makerere'!K6:L6 -> SALIMAH
B8: Time / Veh Type | R8: SUMMARY TRAFFIC VOLUMES
C9: 1. Car | D9: 2. Station Wagon | E9: 3. Pickups | F9: 4. Minibus, matatu | G9: 5. Medium bus | H9: 6. Large Bus | I9: 7. Light Truck | J9: 8. Medium Truck | K9: 9. Heavy truck | L9: 10. Truck Trailer | M9: 11. Motor cycles | N9: 12. Tractors | O9: Total Excl M/Cycles | P9: Total All | R9: Time | S9: 1. Car | T9: 2. Station Wagon | U9: 3. Pickups | V9: 4. Minibus, matatu | W9: 5. Medium bus | X9: 6. Large Bus | Y9: 7. Light Truck | Z9: 8. Medium Truck | AA9: 9. Heavy truck | AB9: 10. Truck Trailer | AC9: 11. Motorcycles | AD9: 12. Tractors, Graders | AE9: Total Excl M/ Cycles | AF9: Total All
B10: 07.00 - 07.15 | C10: 27 | D10: 6 | E10: 3 | F10: 37 | G10: 4 | H10: 1 | I10: 2 | J10: 2 | K10: 1 | L10: 0 | M10: 83 | N10: 0 | O10: =SUM(C10:L10,N10) -> 83 | P10: =SUM(C10:N10) -> 166 | R10: 0700-0800 | S10: =SUM(C10:C13) -> 115 | T10: =SUM(D10:D13) -> 20 | U10: =SUM(E10:E13) -> 10 | V10: =SUM(F10:F13) -> 155 | W10: =SUM(G10:G13) -> 8 | X10: =SUM(H10:H13) -> 4 | Y10: =SUM(I10:I13) -> 9 | Z10: =SUM(J10:J13) -> 8 | ... AF10: =SUM(P10:P13) -> 842
B11: 07.15 - 07.30 | C11: 40 | D11: 3 | E11: 2 | F11: 42 | G11: 3 | H11: 3 | I11: 2 | J11: 4 | K11: 0 | L11: 0 | M11: 135 | N11: 0 | O11: =SUM(C11:L11,N11) -> 99 | P11: =SUM(C11:N11) -> 234 | R11: 0800-0900 | S11: =SUM(C14:C17) -> 109 | T11: =SUM(D14:D17) -> 25 | U11: =SUM(E14:E17) -> 9 | V11: =SUM(F14:F17) -> 136 | W11: =SUM(G14:G17) -> 4 | X11: =SUM(H14:H17) -> 59 | Y11: =SUM(I14:I17) -> 5 | Z11: =SUM(J14:J17) -> 6 | ... AF11: =SUM(P14:P17) -> 1117
B12: 07.30 - 07.45 | C12: 29 | D12: 8 | E12: 3 | F12: 51 | G12: 1 | H12: 0 | I12: 3 | J12: 2 | K12: 1 | L12: 1 | M12: 160 | N12: 0 | O12: =SUM(C12:L12,N12) -> 99 | P12: =SUM(C12:N12) -> 259 | R12: 0900-1000 | S12: =SUM(C18:C21) -> 115 | T12: =SUM(D18:D21) -> 20 | U12: =SUM(E18:E21) -> 14 | V12: =SUM(F18:F21) -> 714 | W12: =SUM(G18:G21) -> 36 | X12: =SUM(H18:H21) -> 2 | Y12: =SUM(I18:I21) -> 14 | Z12: =SUM(J18:J21) -> 8 | ... AF12: =SUM(P18:P21) -> 1669
B13: 07.45 - 08.00 | C13: 19 | D13: 3 | E13: 2 | F13: 25 | G13: 0 | H13: 0 | I13: 2 | J13: 0 | K13: 0 | L13: 1 | M13: 131 | N13: 0 | O13: =SUM(C13:L13,N13) -> 52 | P13: =SUM(C13:N13) -> 183 | R13: 1000-1100 | S13: =SUM(C22:C25) -> 105 | T13: =SUM(D22:D25) -> 21 | U13: =SUM(E22:E25) -> 18 | V13: =SUM(F22:F25) -> 165 | W13: =SUM(G22:G25) -> 1 | X13: =SUM(H22:H25) -> 1 | Y13: =SUM(I22:I25) -> 10 | Z13: =SUM(J22:J25) -> 15 | ... AF13: =SUM(P22:P25) -> 1030
B14: 08.00 - 08.15 | C14: 30 | D14: 8 | E14: 3 | F14: 43 | G14: 0 | H14: 1 | I14: 2 | J14: 3 | K14: 0 | L14: 1 | M14: 190 | N14: 0 | O14: =SUM(C14:L14,N14) -> 91 | P14: =SUM(C14:N14) -> 281 | R14: 1100-1200 | S14: =SUM(C26:C29) -> 125 | T14: =SUM(D26:D29) -> 35 | U14: =SUM(E26:E29) -> 17 | V14: =SUM(F26:F29) -> 168 | W14: =SUM(G26:G29) -> 0 | X14: =SUM(H26:H29) -> 5 | Y14: =SUM(I26:I29) -> 17 | Z14: =SUM(J26:J29) -> 14 | ... AF14: =SUM(P26:P29) -> 937
B15: 08.15 - 08.30 | C15: 41 | D15: 6 | E15: 1 | F15: 56 | G15: 2 | H15: 2 | I15: 1 | J15: 1 | K15: 0 | L15: 1 | M15: 163 | N15: 0 | O15: =SUM(C15:L15,N15) -> 111 | P15: =SUM(C15:N15) -> 274 | R15: 1200-1300 | S15: =SUM(C30:C33) -> 145 | T15: =SUM(D30:D33) -> 40 | U15: =SUM(E30:E33) -> 20 | V15: =SUM(F30:F33) -> 162 | W15: =SUM(G30:G33) -> 5 | X15: =SUM(H30:H33) -> 3 | Y15: =SUM(I30:I33) -> 18 | Z15: =SUM(J30:J33) -> 13 | ... AF15: =SUM(P30:P33) -> 973
B16: 08.30 - 08.45 | C16: 23 | D16: 3 | E16: 0 | F16: 3 | G16: 2 | H16: 54 | I16: 1 | J16: 0 | K16: 6 | L16: 3 | M16: 190 | N16: 0 | O16: =SUM(C16:L16,N16) -> 95 | P16: =SUM(C16:N16) -> 285 | R16: 1300-1400 | S16: =SUM(C34:C37) -> 137 | T16: =SUM(D34:D37) -> 33 | U16: =SUM(E34:E37) -> 14 | V16: =SUM(F34:F37) -> 134 | W16: =SUM(G34:G37) -> 1 | X16: =SUM(H34:H37) -> 2 | Y16: =SUM(I34:I37) -> 14 | Z16: =SUM(J34:J37) -> 31 | ... AF16: =SUM(P34:P37) -> 883
B17: 08.45 - 9.00 | C17: 15 | D17: 8 | E17: 5 | F17: 34 | G17: 0 | H17: 2 | I17: 1 | J17: 2 | K17: 0 | L17: 0 | M17: 210 | N17: 0 | O17: =SUM(C17:L17,N17) -> 67 | P17: =SUM(C17:N17) -> 277 | R17: 1400-1500 | S17: =SUM(C38:C41) -> 149 | T17: =SUM(D38:D41) -> 28 | U17: =SUM(E38:E41) -> 21 | V17: =SUM(F38:F41) -> 137 | W17: =SUM(G38:G41) -> 42 | X17: =SUM(H38:H41) -> 3 | Y17: =SUM(I38:I41) -> 11 | Z17: =SUM(J38:J41) -> 31 | ... AF17: =SUM(P38:P41) -> 876
B18: 09.00 - 09.15 | C18: 36 | D18: 7 | E18: 2 | F18: 62 | G18: 0 | H18: 2 | I18: 3 | J18: 2 | K18: 1 | L18: 1 | M18: 182 | N18: 0 | O18: =SUM(C18:L18,N18) -> 116 | P18: =SUM(C18:N18) -> 298 | R18: 1500-1600 | S18: =SUM(C42:C45) -> 185 | T18: =SUM(D42:D45) -> 56 | U18: =SUM(E42:E45) -> 24 | V18: =SUM(F42:F45) -> 152 | W18: =SUM(G42:G45) -> 0 | X18: =SUM(H42:H45) -> 5 | Y18: =SUM(I42:I45) -> 16 | Z18: =SUM(J42:J45) -> 42 | ... AF18: =SUM(P42:P45) -> 940
B19: 09.15 - 09.30 | C19: 26 | D19: 3 | E19: 4 | F19: 602 | G19: 0 | H19: 0 | I19: 6 | J19: 2 | K19: 1 | L19: 1 | M19: 195 | N19: 0 | O19: =SUM(C19:L19,N19) -> 645 | P19: =SUM(C19:N19) -> 840 | R19: 1600-1700 | S19: =SUM(C46:C49) -> 218 | T19: =SUM(D46:D49) -> 57 | U19: =SUM(E46:E49) -> 17 | V19: =SUM(F46:F49) -> 168 | W19: =SUM(G46:G49) -> 6 | X19: =SUM(H46:H49) -> 1 | Y19: =SUM(I46:I49) -> 15 | Z19: =SUM(J46:J49) -> 13 | ... AF19: =SUM(P46:P49) -> 1028
B20: 09.30 - 09.45 | C20: 21 | D20: 10 | E20: 3 | F20: 49 | G20: 0 | H20: 0 | I20: 4 | J20: 2 | K20: 1 | L20: 0 | M20: 200 | N20: 0 | O20: =SUM(C20:L20,N20) -> 90 | P20: =SUM(C20:N20) -> 290 | R20: 1700-1800 | S20: =SUM(C50:C53) -> 281 | T20: =SUM(D50:D53) -> 57 | U20: =SUM(E50:E53) -> 21 | V20: =SUM(F50:F53) -> 142 | W20: =SUM(G50:G53) -> 3 | X20: =SUM(H50:H53) -> 0 | Y20: =SUM(I50:I53) -> 13 | Z20: =SUM(J50:J53) -> 29 | ... AF20: =SUM(P50:P53) -> 1018
B21: 09.45 - 10.00 | C21: 32 | D21: 0 | E21: 5 | F21: 1 | G21: 36 | H21: 0 | I21: 1 | J21: 2 | K21: 1 | L21: 0 | M21: 163 | N21: 0 | O21: =SUM(C21:L21,N21) -> 78 | P21: =SUM(C21:N21) -> 241 | R21: 1800-1900 | S21: =SUM(C54:C57) -> 203 | T21: =SUM(D54:D57) -> 32 | U21: =SUM(E54:E57) -> 17 | V21: =SUM(F54:F57) -> 160 | W21: =SUM(G54:G57) -> 3 | X21: =SUM(H54:H57) -> 2 | Y21: =SUM(I54:I57) -> 4 | Z21: =SUM(J54:J57) -> 15 | ... AF21: =SUM(P54:P57) -> 891
B22: 10.00 - 10.15 | C22: 33 | D22: 1 | E22: 6 | F22: 36 | G22: 0 | H22: 0 | I22: 2 | J22: 4 | K22: 0 | L22: 1 | M22: 195 | N22: 0 | O22: =SUM(C22:L22,N22) -> 83 | P22: =SUM(C22:N22) -> 278 | R22: AM Peak Hr | S22: =MAX(S10:S12) -> 115 | T22: =MAX(T10:T12) -> 25 | U22: =MAX(U10:U12) -> 14 | V22: =MAX(V10:V12) -> 714 | W22: =MAX(W10:W12) -> 36 | X22: =MAX(X10:X12) -> 59 | Y22: =MAX(Y10:Y12) -> 14 | Z22: =MAX(Z10:Z12) -> 8 | ... AF22: =MAX(AF10:AF12) -> 1669
B23: 10.15 - 10.30 | C23: 28 | D23: 6 | E23: 9 | F23: 45 | G23: 1 | H23: 1 | I23: 3 | J23: 4 | K23: 0 | L23: 0 | M23: 190 | N23: 0 | O23: =SUM(C23:L23,N23) -> 97 | P23: =SUM(C23:N23) -> 287 | R23: IP Peak Hr | S23: =MAX(S13:S18) -> 185 | T23: =MAX(T13:T18) -> 56 | U23: =MAX(U13:U18) -> 24 | V23: =MAX(V13:V18) -> 168 | W23: =MAX(W13:W18) -> 42 | X23: =MAX(X13:X18) -> 5 | Y23: =MAX(Y13:Y18) -> 18 | Z23: =MAX(Z13:Z18) -> 42 | ... AF23: =MAX(AF13:AF18) -> 1030
B24: 10.30 - 10.45 | C24: 41 | D24: 3 | E24: 3 | F24: 52 | G24: 0 | H24: 0 | I24: 1 | J24: 3 | K24: 3 | L24: 2 | M24: 174 | N24: 0 | O24: =SUM(C24:L24,N24) -> 108 | P24: =SUM(C24:N24) -> 282 | R24: PM Peak Hr | S24: =MAX(S19:S21) -> 281 | T24: =MAX(T19:T21) -> 57 | U24: =MAX(U19:U21) -> 21 | V24: =MAX(V19:V21) -> 168 | W24: =MAX(W19:W21) -> 6 | X24: =MAX(X19:X21) -> 2 | Y24: =MAX(Y19:Y21) -> 15 | Z24: =MAX(Z19:Z21) -> 29 | ... AF24: =MAX(AF19:AF21) -> 1028
B25: 10.45 - 11.00 | C25: 3 | D25: 11 | E25: 0 | F25: 32 | G25: 0 | H25: 0 | I25: 4 | J25: 4 | K25: 1 | L25: 1 | M25: 127 | N25: 0 | O25: =SUM(C25:L25,N25) -> 56 | P25: =SUM(C25:N25) -> 183 | R25: AM Period | S25: =SUM(S10:S12) -> 339 | T25: =SUM(T10:T12) -> 65 | U25: =SUM(U10:U12) -> 33 | V25: =SUM(V10:V12) -> 1005 | W25: =SUM(W10:W12) -> 48 | X25: =SUM(X10:X12) -> 65 | Y25: =SUM(Y10:Y12) -> 28 | Z25: =SUM(Z10:Z12) -> 22 | ... AF25: =SUM(AF10:AF12) -> 3628
B26: 11.00 - 11.15 | C26: 25 | D26: 19 | E26: 5 | F26: 38 | G26: 0 | H26: 1 | I26: 12 | J26: 2 | K26: 1 | L26: 2 | M26: 182 | N26: 1 | O26: =SUM(C26:L26,N26) -> 106 | P26: =SUM(C26:N26) -> 288 | R26: IP Period | S26: =SUM(S13:S18) -> 846 | T26: =SUM(T13:T18) -> 213 | U26: =SUM(U13:U18) -> 114 | V26: =SUM(V13:V18) -> 918 | W26: =SUM(W13:W18) -> 49 | X26: =SUM(X13:X18) -> 19 | Y26: =SUM(Y13:Y18) -> 86 | Z26: =SUM(Z13:Z18) -> 146 | ... AF26: =SUM(AF13:AF18) -> 5639
B27: 11.15 - 11.30 | C27: 37 | D27: 8 | E27: 6 | F27: 51 | H27: 0 | I27: 0 | J27: 5 | K27: 5 | L27: 1 | M27: 110 | N27: 0 | O27: =SUM(C27:L27,N27) -> 113 | P27: =SUM(C27:N27) -> 223 | R27: PM Period | S27: =SUM(S19:S21) -> 702 | T27: =SUM(T19:T21) -> 146 | U27: =SUM(U19:U21) -> 55 | V27: =SUM(V19:V21) -> 470 | W27: =SUM(W19:W21) -> 12 | X27: =SUM(X19:X21) -> 3 | Y27: =SUM(Y19:Y21) -> 32 | Z27: =SUM(Z19:Z21) -> 57 | ... AF27: =SUM(AF19:AF21) -> 2937
B28: 11.30 - 11.45 | C28: 35 | D28: 6 | E28: 3 | F28: 41 | G28: 0 | H28: 2 | I28: 3 | J28: 6 | K28: 1 | L28: 1 | M28: 140 | N28: 0 | O28: =SUM(C28:L28,N28) -> 98 | P28: =SUM(C28:N28) -> 238 | R28: 12 Hours | S28: =SUM(S10:S21) -> 1887 | T28: =SUM(T10:T21) -> 424 | U28: =SUM(U10:U21) -> 202 | V28: =SUM(V10:V21) -> 2393 | W28: =SUM(W10:W21) -> 109 | X28: =SUM(X10:X21) -> 87 | Y28: =SUM(Y10:Y21) -> 146 | Z28: =SUM(Z10:Z21) -> 225 | ... AF28: =SUM(AF10:AF21) -> 12204
B29: 11.45 - 12.00 | C29: 28 | D29: 2 | E29: 3 | F29: 38 | G29: 0 | H29: 2 | I29: 2 | J29: 1 | K29: 1 | L29: 1 | M29: 110 | N29: 0 | O29: =SUM(C29:L29,N29) -> 78 | P29: =SUM(C29:N29) -> 188
B30: 12.00 - 12.15 | C30: 33 | D30: 19 | E30: 7 | F30: 50 | G30: 1 | H30: 1 | I30: 4 | J30: 3 | K30: 3 | L30: 2 | M30: 160 | N30: 0 | O30: =SUM(C30:L30,N30) -> 123 | P30: =SUM(C30:N30) -> 283
B31: 12.15 - 12.30 | C31: 45 | D31: 7 | E31: 3 | F31: 43 | G31: 0 | H31: 2 | I31: 3 | J31: 1 | K31: 1 | L31: 1 | M31: 140 | N31: 0 | O31: =SUM(C31:L31,N31) -> 106 | P31: =SUM(C31:N31) -> 246
B32: 12.30 - 12.45 | C32: 32 | D32: 6 | E32: 5 | F32: 37 | G32: 4 | H32: 0 | I32: 7 | J32: 6 | K32: 0 | L32: 1 | M32: 142 | N32: 0 | O32: =SUM(C32:L32,N32) -> 98 | P32: =SUM(C32:N32) -> 240
B33: 12.45 - 13.00 | C33: 35 | D33: 8 | E33: 5 | F33: 32 | G33: 0 | H33: 0 | I33: 4 | J33: 3 | K33: 1 | L33: 1 | M33: 115 | N33: 0 | O33: =SUM(C33:L33,N33) -> 89 | P33: =SUM(C33:N33) -> 204
B34: 13.00 - 13.15 | C34: 32 | D34: 7 | E34: 4 | F34: 32 | G34: 0 | H34: 0 | I34: 3 | J34: 6 | K34: 0 | L34: 0 | M34: 142 | N34: 0 | O34: =SUM(C34:L34,N34) -> 84 | P34: =SUM(C34:N34) -> 226
B35: 13.15 - 13.30 | C35: 53 | D35: 2 | E35: 4 | F35: 31 | G35: 1 | H35: 0 | I35: 2 | J35: 3 | K35: 1 | L35: 0 | M35: 137 | N35: 0 | O35: =SUM(C35:L35,N35) -> 97 | P35: =SUM(C35:N35) -> 234
B36: 13.30 - 13.45 | C36: 28 | D36: 16 | E36: 5 | F36: 33 | G36: 0 | H36: 1 | I36: 6 | J36: 11 | K36: 2 | L36: 2 | M36: 150 | N36: 0 | O36: =SUM(C36:L36,N36) -> 104 | P36: =SUM(C36:N36) -> 254
B37: 13.45 - 14.00 | C37: 24 | D37: 8 | E37: 1 | F37: 38 | G37: 0 | H37: 1 | I37: 3 | J37: 11 | K37: 0 | L37: 0 | M37: 83 | N37: 0 | O37: =SUM(C37:L37,N37) -> 86 | P37: =SUM(C37:N37) -> 169
B38: 14.00 - 14.15 | C38: 44 | D38: 7 | E38: 6 | F38: 47 | G38: 1 | H38: 1 | I38: 3 | J38: 5 | K38: 0 | L38: 0 | M38: 132 | N38: 0 | O38: =SUM(C38:L38,N38) -> 114 | P38: =SUM(C38:N38) -> 246
B39: 14.15 - 14.30 | C39: 40 | D39: 4 | E39: 7 | F39: 43 | G39: 0 | H39: 0 | I39: 2 | J39: 8 | K39: 0 | L39: 2 | M39: 107 | N39: 0 | O39: =SUM(C39:L39,N39) -> 106 | P39: =SUM(C39:N39) -> 213
B40: 14.30 - 14.45 | C40: 33 | D40: 10 | E40: 4 | F40: 0 | G40: 41 | H40: 0 | I40: 0 | J40: 6 | K40: 8 | L40: 1 | M40: 88 | N40: 0 | O40: =SUM(C40:L40,N40) -> 103 | P40: =SUM(C40:N40) -> 191
... B47: 16.15 -16.30 | C47: 67 | D47: 15 | E47: 4 | F47: 36 | G47: 2 | H47: 0 | I47: 11 | J47: 0 | K47: 0 | L47: 0 | M47: 126 | N47: 0 | O47: =SUM(C47:L47,N47) -> 135 | P47: =SUM(C47:N47) -> 261
B48: 16.30 -16.45 | C48: 49 | D48: 12 | E48: 6 | F48: 50 | G48: 2 | H48: 0 | I48: 0 | K48: 6 | L48: 1 | M48: 150 | N48: 0 | O48: =SUM(C48:L48,N48) -> 126 | P48: =SUM(C48:N48) -> 276
B49: 16.45 -17.00 | C49: 57 | D49: 20 | E49: 3 | F49: 37 | G49: 0 | H49: 1 | I49: 3 | J49: 6 | K49: 1 | L49: 0 | M49: 118 | N49: 0 | O49: =SUM(C49:L49,N49) -> 128 | P49: =SUM(C49:N49) -> 246
B50: 17.00 -17.15 | C50: 58 | D50: 12 | E50: 5 | F50: 41 | G50: 1 | H50: 0 | I50: 7 | J50: 8 | K50: 0 | L50: 0 | M50: 148 | N50: 0 | O50: =SUM(C50:L50,N50) -> 132 | P50: =SUM(C50:N50) -> 280
B51: 17.15 -17.30 | C51: 51 | D51: 12 | E51: 8 | F51: 30 | G51: 0 | H51: 0 | I51: 2 | J51: 10 | K51: 0 | L51: 1 | M51: 118 | N51: 0 | O51: =SUM(C51:L51,N51) -> 114 | P51: =SUM(C51:N51) -> 232
B52: 17.30 -17.45 | C52: 92 | D52: 14 | E52: 8 | F52: 35 | G52: 2 | H52: 0 | I52: 2 | J52: 7 | K52: 0 | L52: 0 | M52: 125 | N52: 0 | O52: =SUM(C52:L52,N52) -> 160 | P52: =SUM(C52:N52) -> 285
B53: 17.45 -18.00 | C53: 80 | D53: 19 | E53: 9* | F53: 36 | G53: 0 | H53: 0 | I53: 2 | J53: 4 | K53: 0 | L53: 0 | M53: 80 | N53: 0 | O53: =SUM(C53:L53,N53) -> 141 | P53: =SUM(C53:N53) -> 221
B54: 18.00 - 18.15 | C54: 70 | D54: 13 | E54: 5 | F54: 42 | G54: 1 | H54: 0 | I54: 0 | J54: 7 | K54: 0 | L54: 0 | M54: 160 | N54: 0 | O54: =SUM(C54:L54,N54) -> 138 | P54: =SUM(C54:N54) -> 298
B55: 18.15 - 18.30 | C55: 60 | D55: 7 | E55: 4 | F55: 38 | G55: 1 | H55: 1 | I55: 3 | J55: 6 | K55: 0 | L55: 0 | M55: 115 | N55: 0 | O55: =SUM(C55:L55,N55) -> 120 | P55: =SUM(C55:N55) -> 235
B56: 18.30 - 18.45 | C56: 40 | D56: 5 | E56: 5 | F56: 35 | G56: 1 | H56: 1 | I56: 0 | J56: 2 | K56: 0 | L56: 0 | M56: 110 | N56: 0 | O56: =SUM(C56:L56,N56) -> 89 | P56: =SUM(C56:N56) -> 199
B57: 18.45 - 19.00 | C57: 33 | D57: 7 | E57: 3 | F57: 45 | G57: 0 | H57: 0 | I57: 1 | J57: 0 | K57: 0 | L57: 0 | M57: 70 | N57: 0 | O57: =SUM(C57:L57,N57) -> 89 | P57: =SUM(C57:N57) -> 159
B58: Totals | C58: =SUM(C10:C57) -> 1887 | D58: =SUM(D10:D57) -> 424 | E58: =SUM(E10:E57) -> 202 | F58: =SUM(F10:F57) -> 2393 | G58: =SUM(G10:G57) -> 109 | H58: =SUM(H10:H57) -> 87 | I58: =SUM(I10:I57) -> 146 | J58: =SUM(J10:J57) -> 225 | ... P58: =SUM(P10:P57) -> 12204
B59: %ges + MCs | C59: =C58/$P$58 -> 0.15462144 | D59: =D58/$P$58 -> 0.034742707 | E59: =E58/$P$58 -> 0.01655195 | F59: =F58/$P$58 -> 0.19608325 | G59: =G58/$P$58 -> 0.0089314979 | H59: =H58/$P$58 -> 0.0071288102 | I59: =I58/$P$58 -> 0.011963291 | J59: =J58/$P$58 -> 0.018436578 | ... N59: =N58/$P$58 -> 8.1940347e-05
B60: %ges w/o MCs | C60: =C58/$O$58 -> 0.33981632 | D60: =D58/$O$58 -> 0.076355123 | E60: =E58/$O$58 -> 0.036376733 | F60: =F58/$O$58 -> 0.43093823 | G60: =G58/$O$58 -> 0.019629029 | H60: =H58/$O$58 -> 0.015667207 | I60: =I58/$O$58 -> 0.026292094 | J60: =J58/$O$58 -> 0.040518639 | ... L60: =L58/$O$58 -> 0.0054024851 | N60: =N58/$O$58 -> 0.00018008284

Sheet 24.07 Bwaise-Makerere
B1: Consultancy services for Preparation of Expressway Development Master Plan (EDMP) for Uganda
B2: MANUAL CLASSIFIED COUNT (MCC)
B3: ROAD NAME: | C3: SIR APOLLO KAGGWA ROAD
C5: Date | D5: 24.07.19 | F5: Location | G5: PREMIUM DESIGN | J5: Surveyor | K5: OKELLO PETER
C6: Dir. From | D6: ='22.07 Bwaise-Makerere'!D6:E6 -> Bwaise | F6: Dir. To | G6: ='22.07 Bwaise-Makerere'!G6:H6 -> Makerere | J6: Supervisor | K6: ='22.07 Bwaise-Makerere'!K6:L6 -> SALIMAH
B8: Time / Veh Type | R8: SUMMARY TRAFFIC VOLUMES
C9: 1. Car | D9: 2. Station Wagon | E9: 3. Pickups | F9: 4. Minibus, matatu | G9: 5. Medium bus | H9: 6. Large Bus | I9: 7. Light Truck | J9: 8. Medium Truck | K9: 9. Heavy truck | L9: 10. Truck Trailer | M9: 11. Motor cycles | N9: 12. Tractors | O9: Total Excl M/Cycles | P9: Total All | R9: Time | S9: 1. Car | T9: 2. Station Wagon | U9: 3. Pickups | V9: 4. Minibus, matatu | W9: 5. Medium bus | X9: 6. Large Bus | Y9: 7. Light Truck | Z9: 8. Medium Truck | AA9: 9. Heavy truck | AB9: 10. Truck Trailer | AC9: 11. Motorcycles | AD9: 12. Tractors, Graders | AE9: Total Excl M/ Cycles | AF9: Total All
B10: 07.00 - 07.15 | C10: 160 | D10: 32 | E10: 7 | F10: 94 | G10: 3 | H10: 0 | I10: 3 | J10: 1 | K10: 2 | L10: 0 | M10: 267 | N10: 0 | O10: =SUM(C10:L10,N10) -> 302 | P10: =SUM(C10:N10) -> 569 | R10: 0700-0800 | S10: =SUM(C10:C13) -> 362 | T10: =SUM(D10:D13) -> 83 | U10: =SUM(E10:E13) -> 27 | V10: =SUM(F10:F13) -> 219 | W10: =SUM(G10:G13) -> 12 | X10: =SUM(H10:H13) -> 3 | Y10: =SUM(I10:I13) -> 16 | Z10: =SUM(J10:J13) -> 4 | ... AF10: =SUM(P10:P13) -> 1695
B11: 07.15 - 07.30 | C11: 60 | D11: 18 | E11: 2 | F11: 65 | G11: 4 | H11: 0 | I11: 4 | J11: 2 | K11: 0 | L11: 0 | M11: 200 | N11: 0 | O11: =SUM(C11:L11,N11) -> 155 | P11: =SUM(C11:N11) -> 355 | R11: 0800-0900 | S11: =SUM(C14:C17) -> 303 | T11: =SUM(D14:D17) -> 53 | U11: =SUM(E14:E17) -> 24 | V11: =SUM(F14:F17) -> 245 | W11: =SUM(G14:G17) -> 5 | X11: =SUM(H14:H17) -> 1 | Y11: =SUM(I14:I17) -> 7 | Z11: =SUM(J14:J17) -> 2 | ... AF11: =SUM(P14:P17) -> 1755
B12: 07.30 - 07.45 | C12: 68 | D12: 14 | E12: 8 | F12: 59 | G12: 4 | H12: 0 | I12: 7 | J12: 0 | K12: 2 | L12: 0 | M12: 223 | N12: 0 | O12: =SUM(C12:L12,N12) -> 162 | P12: =SUM(C12:N12) -> 385 | R12: 0900-1000 | S12: =SUM(C18:C21) -> 243 | T12: =SUM(D18:D21) -> 63 | U12: =SUM(E18:E21) -> 28 | V12: =SUM(F18:F21) -> 213 | W12: =SUM(G18:G21) -> 64 | X12: =SUM(H18:H21) -> 2 | Y12: =SUM(I18:I21) -> 14 | Z12: =SUM(J18:J21) -> 8 | ... AF12: =SUM(P18:P21) -> 1696
B13: 07.45 - 08.00 | C13: 74 | D13: 19 | E13: 10 | F13: 1 | G13: 1 | H13: 3 | I13: 2 | J13: 1 | K13: 0 | L13: 0 | M13: 275 | N13: 0 | O13: =SUM(C13:L13,N13) -> 111 | P13: =SUM(C13:N13) -> 386 | R13: 1000-1100 | S13: =SUM(C22:C25) -> 247 | T13: =SUM(D22:D25) -> 70 | U13: =SUM(E22:E25) -> 36 | V13: =SUM(F22:F25) -> 212 | W13: =SUM(G22:G25) -> 6 | X13: =SUM(H22:H25) -> 2 | Y13: =SUM(I22:I25) -> 34 | Z13: =SUM(J22:J25) -> 6 | ... AF13: =SUM(P22:P25) -> 1592
B14: 08.00 - 08.15 | C14: 88 | D14: 15 | E14: 2 | F14: 55 | G14: 1 | H14: 0 | I14: 3 | J14: 1 | K14: 3 | L14: 2 | M14: 250 | N14: 0 | O14: =SUM(C14:L14,N14) -> 170 | P14: =SUM(C14:N14) -> 420 | R14: 1100-1200 | S14: =SUM(C26:C29) -> 212 | T14: =SUM(D26:D29) -> 46 | U14: =SUM(E26:E29) -> 42 | V14: =SUM(F26:F29) -> 144 | W14: =SUM(G26:G29) -> 2 | X14: =SUM(H26:H29) -> 10 | Y14: =SUM(I26:I29) -> 21 | Z14: =SUM(J26:J29) -> 5 | ... AF14: =SUM(P26:P29) -> 1350
B15: 08.15 - 08.30 | C15: 57 | D15: 7 | E15: 3 | F15: 57 | G15: 2 | H15: 0 | I15: 1 | J15: 0 | K15: 1 | L15: 0 | M15: 275 | N15: 0 | O15: =SUM(C15:L15,N15) -> 128 | P15: =SUM(C15:N15) -> 403 | R15: 1200-1300 | S15: =SUM(C30:C33) -> 220 | T15: =SUM(D30:D33) -> 69 | U15: =SUM(E30:E33) -> 39 | V15: =SUM(F30:F33) -> 109 | W15: =SUM(G30:G33) -> 4 | X15: =SUM(H30:H33) -> 18 | Y15: =SUM(I30:I33) -> 21 | Z15: =SUM(J30:J33) -> 16 | ... AF15: =SUM(P30:P33) -> 1207
B16: 08.30 - 08.45 | C16: 75 | D16: 15 | E16: 7 | F16: 63 | G16: 1 | H16: 0 | I16: 0 | J16: 0 | K16: 0 | L16: 0 | M16: 279 | N16: 0 | O16: =SUM(C16:L16,N16) -> 161 | P16: =SUM(C16:N16) -> 440 | R16: 1300-1400 | S16: =SUM(C34:C37) -> 158 | T16: =SUM(D34:D37) -> 50 | U16: =SUM(E34:E37) -> 44 | V16: =SUM(F34:F37) -> 95 | W16: =SUM(G34:G37) -> 47 | X16: =SUM(H34:H37) -> 11 | Y16: =SUM(I34:I37) -> 29 | Z16: =SUM(J34:J37) -> 10 | ... AF16: =SUM(P34:P37) -> 1228
B17: 08.45 - 9.00 | C17: 83 | D17: 16 | E17: 12 | F17: 70 | G17: 1 | H17: 1 | I17: 3 | J17: 1 | K17: 4 | L17: 1 | M17: 300 | N17: 0 | O17: =SUM(C17:L17,N17) -> 192 | P17: =SUM(C17:N17) -> 492 | R17: 1400-1500 | S17: =SUM(C38:C41) -> 183 | T17: =SUM(D38:D41) -> 64 | U17: =SUM(E38:E41) -> 38 | V17: =SUM(F38:F41) -> 134 | W17: =SUM(G38:G41) -> 3 | X17: =SUM(H38:H41) -> 4 | Y17: =SUM(I38:I41) -> 26 | Z17: =SUM(J38:J41) -> 7 | ... AF17: =SUM(P38:P41) -> 1258
B18: 09.00 - 09.15 | C18: 60 | D18: 21 | E18: 8 | F18: 64 | G18: 0 | H18: 0 | I18: 5 | J18: 1 | K18: 2 | L18: 0 | M18: 300 | N18: 0 | O18: =SUM(C18:L18,N18) -> 161 | P18: =SUM(C18:N18) -> 461 | R18: 1500-1600 | S18: =SUM(C42:C45) -> 217 | T18: =SUM(D42:D45) -> 63 | U18: =SUM(E42:E45) -> 30 | V18: =SUM(F42:F45) -> 131 | W18: =SUM(G42:G45) -> 8 | X18: =SUM(H42:H45) -> 2 | Y18: =SUM(I42:I45) -> 43 | Z18: =SUM(J42:J45) -> 5 | ... AF18: =SUM(P42:P45) -> 1173
B19: 09.15 - 09.30 | C19: 67 | D19: 18 | E19: 9 | F19: 66 | G19: 60 | H19: 0 | I19: 1 | J19: 6 | K19: 5 | L19: 0 | M19: 300 | N19: 0 | O19: =SUM(C19:L19,N19) -> 232 | P19: =SUM(C19:N19) -> 532 | R19: 1600-1700 | S19: =SUM(C46:C49) -> 201 | T19: =SUM(D46:D49) -> 77 | U19: =SUM(E46:E49) -> 39 | V19: =SUM(F46:F49) -> 133 | W19: =SUM(G46:G49) -> 8 | X19: =SUM(H46:H49) -> 4 | Y19: =SUM(I46:I49) -> 43 | Z19: =SUM(J46:J49) -> 2 | ... AF19: =SUM(P46:P49) -> 1303
B20: 09.30 - 09.45 | C20: 65 | D20: 12 | E20: 8 | F20: 47 | G20: 0 | H20: 0 | I20: 3 | J20: 1 | K20: 2 | L20: 1 | M20: 250 | N20: 0 | O20: =SUM(C20:L20,N20) -> 139 | P20: =SUM(C20:N20) -> 389 | R20: 1700-1800 | S20: =SUM(C50:C53) -> 174 | T20: =SUM(D50:D53) -> 66 | U20: =SUM(E50:E53) -> 24 | V20: =SUM(F50:F53) -> 135 | W20: =SUM(G50:G53) -> 5 | X20: =SUM(H50:H53) -> 3 | Y20: =SUM(I50:I53) -> 28 | Z20: =SUM(J50:J53) -> 3 | ... AF20: =SUM(P50:P53) -> 1194
B21: 09.45 - 10.00 | C21: 51 | D21: 12 | E21: 3 | F21: 36 | G21: 4 | H21: 2 | I21: 5 | J21: 0 | K21: 1 | L21: 0 | M21: 200 | N21: 0 | O21: =SUM(C21:L21,N21) -> 114 | P21: =SUM(C21:N21) -> 314 | R21: 1800-1900 | S21: =SUM(C54:C57) -> 123 | T21: =SUM(D54:D57) -> 38 | U21: =SUM(E54:E57) -> 17 | V21: =SUM(F54:F57) -> 107 | W21: =SUM(G54:G57) -> 6 | X21: =SUM(H54:H57) -> 5 | Y21: =SUM(I54:I57) -> 22 | Z21: =SUM(J54:J57) -> 1 | ... AF21: =SUM(P54:P57) -> 843
B22: 10.00 - 10.15 | C22: 62 | D22: 13 | E22: 6 | F22: 58 | G22: 2 | H22: 0 | I22: 19 | J22: 2 | K22: 5 | L22: 1 | M22: 250 | N22: 0 | O22: =SUM(C22:L22,N22) -> 168 | P22: =SUM(C22:N22) -> 418 | R22: AM Peak Hr | S22: =MAX(S10:S12) -> 362 | T22: =MAX(T10:T12) -> 83 | U22: =MAX(U10:U12) -> 28 | V22: =MAX(V10:V12) -> 245 | W22: =MAX(W10:W12) -> 64 | X22: =MAX(X10:X12) -> 3 | Y22: =MAX(Y10:Y12) -> 16 | Z22: =MAX(Z10:Z12) -> 8 | ... AF22: =MAX(AF10:AF12) -> 1755
B23: 10.15 - 10.30 | C23: 64 | D23: 23 | E23: 11 | F23: 46 | G23: 2 | H23: 1 | I23: 7 | J23: 1 | K23: 0 | L23: 0 | M23: 253 | N23: 0 | O23: =SUM(C23:L23,N23) -> 155 | P23: =SUM(C23:N23) -> 408 | R23: IP Peak Hr | S23: =MAX(S13:S18) -> 247 | T23: =MAX(T13:T18) -> 70 | U23: =MAX(U13:U18) -> 44 | V23: =MAX(V13:V18) -> 212 | W23: =MAX(W13:W18) -> 47 | X23: =MAX(X13:X18) -> 18 | Y23: =MAX(Y13:Y18) -> 43 | Z23: =MAX(Z13:Z18) -> 16 | ... AF23: =MAX(AF13:AF18) -> 1592
B24: 10.30 - 10.45 | C24: 61 | D24: 15 | E24: 10 | F24: 53 | G24: 2 | H24: 1 | I24: 1 | J24: 2 | K24: 0 | L24: 0 | M24: 260 | N24: 0 | O24: =SUM(C24:L24,N24) -> 145 | P24: =SUM(C24:N24) -> 405 | R24: PM Peak Hr | S24: =MAX(S19:S21) -> 201 | T24: =MAX(T19:T21) -> 77 | U24: =MAX(U19:U21) -> 39 | V24: =MAX(V19:V21) -> 135 | W24: =MAX(W19:W21) -> 8 | X24: =MAX(X19:X21) -> 5 | Y24: =MAX(Y19:Y21) -> 43 | Z24: =MAX(Z19:Z21) -> 3 | ... AF24: =MAX(AF19:AF21) -> 1303
B25: 10.45 - 11.00 | C25: 60 | D25: 19 | E25: 9 | F25: 55 | G25: 0 | H25: 0 | I25: 7 | J25: 1 | K25: 1 | L25: 1 | M25: 208 | N25: 0 | O25: =SUM(C25:L25,N25) -> 153 | P25: =SUM(C25:N25) -> 361 | R25: AM Period | S25: =SUM(S10:S12) -> 908 | T25: =SUM(T10:T12) -> 199 | U25: =SUM(U10:U12) -> 79 | V25: =SUM(V10:V12) -> 677 | W25: =SUM(W10:W12) -> 81 | X25: =SUM(X10:X12) -> 6 | Y25: =SUM(Y10:Y12) -> 37 | Z25: =SUM(Z10:Z12) -> 14 | ... AF25: =SUM(AF10:AF12) -> 5146
B26: 11.00 - 11.15 | C26: 47 | D26: 10 | E26: 15 | F26: 33 | G26: 0 | H26: 1 | I26: 7 | J26: 2 | K26: 3 | L26: 0 | M26: 207 | N26: 0 | O26: =SUM(C26:L26,N26) -> 118 | P26: =SUM(C26:N26) -> 325 | R26: IP Period | S26: =SUM(S13:S18) -> 1237 | T26: =SUM(T13:T18) -> 362 | U26: =SUM(U13:U18) -> 229 | V26: =SUM(V13:V18) -> 825 | W26: =SUM(W13:W18) -> 70 | X26: =SUM(X13:X18) -> 47 | Y26: =SUM(Y13:Y18) -> 174 | Z26: =SUM(Z13:Z18) -> 49 | ... AF26: =SUM(AF13:AF18) -> 7808
B27: 11.15 - 11.30 | C27: 49 | D27: 15 | E27: 9 | F27: 30 | G27: 0 | H27: 0 | I27: 10 | J27: 1 | K27: 3 | L27: 0 | M27: 233 | N27: 0 | O27: =SUM(C27:L27,N27) -> 117 | P27: =SUM(C27:N27) -> 350 | R27: PM Period | S27: =SUM(S19:S21) -> 498 | T27: =SUM(T19:T21) -> 181 | U27: =SUM(U19:U21) -> 80 | V27: =SUM(V19:V21) -> 375 | W27: =SUM(W19:W21) -> 19 | X27: =SUM(X19:X21) -> 12 | Y27: =SUM(Y19:Y21) -> 93 | Z27: =SUM(Z19:Z21) -> 6 | ... AF27: =SUM(AF19:AF21) -> 3340
B28: 11.30 - 11.45 | C28: 53 | D28: 8 | E28: 7 | F28: 46 | G28: 1 | H28: 0 | I28: 3 | J28: 1 | K28: 2 | L28: 32 | M28: 182 | N28: 0 | O28: =SUM(C28:L28,N28) -> 153 | P28: =SUM(C28:N28) -> 335 | R28: 12 Hours | S28: =SUM(S10:S21) -> 2643 | T28: =SUM(T10:T21) -> 742 | U28: =SUM(U10:U21) -> 388 | V28: =SUM(V10:V21) -> 1877 | W28: =SUM(W10:W21) -> 170 | X28: =SUM(X10:X21) -> 65 | Y28: =SUM(Y10:Y21) -> 304 | Z28: =SUM(Z10:Z21) -> 69 | ... AF28: =SUM(AF10:AF21) -> 16294
B29: 11.45 - 12.00 | C29: 63 | D29: 13 | E29: 11 | F29: 35 | G29: 1 | H29: 9 | I29: 1 | J29: 1 | K29: 2 | L29: 2 | M29: 202 | N29: 0 | O29: =SUM(C29:L29,N29) -> 138 | P29: =SUM(C29:N29) -> 340
B30: 12.00 - 12.15 | C30: 61 | D30: 23 | E30: 6 | F30: 44 | G30: 0 | H30: 1 | I30: 3 | J30: 0 | K30: 1 | L30: 1 | M30: 165 | N30: 0 | O30: =SUM(C30:L30,N30) -> 140 | P30: =SUM(C30:N30) -> 305
B31: 12.15 - 12.30 | C31: 50 | D31: 10 | E31: 15 | F31: 35 | G31: 1 | H31: 2 | I31: 12 | J31: 0 | K31: 1 | L31: 2 | M31: 180 | N31: 0 | O31: =SUM(C31:L31,N31) -> 128 | P31: =SUM(C31:N31) -> 308
B32: 12.30 - 12.45 | C32: 54 | D32: 18 | E32: 9 | F32: 30 | G32: 1 | H32: 0 | I32: 6 | J32: 1 | K32: 2 | L32: 0 | M32: 153 | N32: 0 | O32: =SUM(C32:L32,N32) -> 121 | P32: =SUM(C32:N32) -> 274
B33: 12.45 - 13.00 | C33: 55 | D33: 18 | E33: 9 | F33: 0 | G33: 2 | H33: 15 | I33: 0 | J33: 15 | K33: 5 | L33: 0 | M33: 201 | N33: 0 | O33: =SUM(C33:L33,N33) -> 119 | P33: =SUM(C33:N33) -> 320
B34: 13.00 - 13.15 | C34: 38 | D34: 10 | E34: 10 | F34: 32 | G34: 1 | H34: 1 | I34: 8 | J34: 0 | K34: 1 | L34: 0 | M34: 209 | N34: 0 | O34: =SUM(C34:L34,N34) -> 101 | P34: =SUM(C34:N34) -> 310
B35: 13.15 - 13.30 | C35: 32 | D35: 15 | E35: 12 | F35: 21 | G35: 0 | H35: 4 | I35: 10 | J35: 0 | K35: 2 | L35: 2 | M35: 175 | N35: 0 | O35: =SUM(C35:L35,N35) -> 98 | P35: =SUM(C35:N35) -> 273
B36: 13.30 - 13.45 | C36: 56 | D36: 10 | E36: 10 | F36: 11 | G36: 45 | H36: 4 | I36: 0 | J36: 10 | K36: 2 | L36: 0 | M36: 185 | N36: 0 | O36: =SUM(C36:L36,N36) -> 148 | P36: =SUM(C36:N36) -> 333
B37: 13.45 - 14.00 | C37: 32 | D37: 15 | E37: 12 | F37: 31 | G37: 1 | H37: 2 | I37: 11 | J37: 0 | K37: 2 | L37: 1 | M37: 205 | N37: 0 | O37: =SUM(C37:L37,N37) -> 107 | P37: =SUM(C37:N37) -> 312
B38: 14.00 - 14.15 | C38: 30 | D38: 11 | E38: 8 | F38: 29 | G38: 1 | H38: 0 | I38: 6 | J38: 2 | K38: 5 | L38: 0 | M38: 175 | N38: 0 | O38: =SUM(C38:L38,N38) -> 92 | P38: =SUM(C38:N38) -> 267
B39: 14.15 - 14.30 | C39: 53 | D39: 19 | E39: 13 | F39: 37 | G39: 0 | H39: 0 | I39: 6 | J39: 2 | K39: 5 | L39: 0 | M39: 217 | N39: 0 | O39: =SUM(C39:L39,N39) -> 135 | P39: =SUM(C39:N39) -> 352
B40: 14.30 - 14.45 | C40: 42 | D40: 20 | E40: 5 | F40: 30 | G40: 1 | H40: 2 | I40: 4 | J40: 0 | K40: 3 | L40: 2 | M40: 215 | N40: 0 | O40: =SUM(C40:L40,N40) -> 109 | P40: =SUM(C40:N40) -> 324
... B57: 18.45 - 19.00 | C57: 27 | D57: 7 | E57: 6 | F57: 20 | G57: 0 | H57: 3 | I57: 6 | J57: 0 | K57: 0 | L57: 0 | M57: 20 | N57: 0 | O57: =SUM(C57:L57,N57) -> 69 | P57: =SUM(C57:N57) -> 89
B58: Totals | C58: =SUM(C10:C57) -> 2643 | D58: =SUM(D10:D57) -> 742 | E58: =SUM(E10:E57) -> 388 | F58: =SUM(F10:F57) -> 1877 | G58: =SUM(G10:G57) -> 170 | H58: =SUM(H10:H57) -> 65 | I58: =SUM(I10:I57) -> 304 | J58: =SUM(J10:J57) -> 69 | ... P58: =SUM(P10:P57) -> 16294
B59: %ges + MCs | C59: =C58/$P$58 -> 0.16220695 | D59: =D58/$P$58 -> 0.045538235 | E59: =E58/$P$58 -> 0.023812446 | F59: =F58/$P$58 -> 0.11519578 | G59: =G58/$P$58 -> 0.010433288 | H59: =H58/$P$58 -> 0.0039891985 | I59: =I58/$P$58 -> 0.018657174 | J59: =J58/$P$58 -> 0.0042346876 | ... N59: =N58/$P$58 -> 0
B60: %ges w/o MCs | C60: =C58/$O$58 -> 0.41264637 | D60: =D58/$O$58 -> 0.11584699 | E60: =E58/$O$58 -> 0.060577674 | F60: =F58/$O$58 -> 0.2930523 | G60: =G58/$O$58 -> 0.026541764 | H60: =H58/$O$58 -> 0.010148322 | I60: =I58/$O$58 -> 0.04746292 | J60: =J58/$O$58 -> 0.010772834 | ... L60: =L58/$O$58 -> 0.0088992974 | N60: =N58/$O$58 -> 0

Sheet 24.07 Makerere-Bwaise
B1: Consultancy services for Preparation of Expressway Development Master Plan (EDMP) for Uganda
B2: MANUAL CLASSIFIED COUNT (MCC)
B3: ROAD NAME: | C3: ='22.07 MAKERERE-BWAISE'!C3:G3 -> MCC - C1 - STN021- SIR APOLLO ROAD
C5: Date | D5: ='24.07 Bwaise-Makerere'!D5 -> 24.07.19 | F5: Location | G5: ='22.07 Bwaise-Makerere'!G5:H5 -> SAHSEN PLAZA | J5: Surveyor | K5: OKELLO PETER
C6: Dir. From | D6: ='22.07 MAKERERE-BWAISE'!D6:E6 -> MAKARERE | F6: Dir. To | G6: ='22.07 MAKERERE-BWAISE'!G6:H6 -> BWAISE | J6: Supervisor | K6: ='22.07 Bwaise-Makerere'!K6:L6 -> SALIMAH
B8: Time / Veh Type | R8: SUMMARY TRAFFIC VOLUMES
C9: 1. Car | D9: 2. Station Wagon | E9: 3. Pickups | F9: 4. Minibus, matatu | G9: 5. Medium bus | H9: 6. Large Bus | I9: 7. Light Truck | J9: 8. Medium Truck | K9: 9. Heavy truck | L9: 10. Truck Trailer | M9: 11. Motor cycles | N9: 12. Tractors | O9: Total Excl M/Cycles | P9: Total All | R9: Time | S9: 1. Car | T9: 2. Station Wagon | U9: 3. Pickups | V9: 4. Minibus, matatu | W9: 5. Medium bus | X9: 6. Large Bus | Y9: 7. Light Truck | Z9: 8. Medium Truck | AA9: 9. Heavy truck | AB9: 10. Truck Trailer | AC9: 11. Motorcycles | AD9: 12. Tractors, Graders | AE9: Total Excl M/ Cycles | AF9: Total All
B10: 07.00 - 07.15 | C10: 35 | D10: 3 | E10: 4 | F10: 43 | G10: 0 | H10: 1 | I10: 3 | J10: 1 | K10: 0 | L10: 0 | M10: 136 | N10: 0 | O10: =SUM(C10:L10,N10) -> 90 | P10: =SUM(C10:N10) -> 226 | R10: 0700-0800 | S10: =SUM(C10:C13) -> 148 | T10: =SUM(D10:D13) -> 20 | U10: =SUM(E10:E13) -> 10 | V10: =SUM(F10:F13) -> 172 | W10: =SUM(G10:G13) -> 5 | X10: =SUM(H10:H13) -> 5 | Y10: =SUM(I10:I13) -> 8 | Z10: =SUM(J10:J13) -> 16 | ... AF10: =SUM(P10:P13) -> 1136
B11: 07.15 - 07.30 | C11: 47 | D11: 7 | E11: 3 | F11: 37 | G11: 3 | H11: 3 | I11: 2 | J11: 3 | K11: 0 | L11: 3 | M11: 163 | N11: 0 | O11: =SUM(C11:L11,N11) -> 108 | P11: =SUM(C11:N11) -> 271 | R11: 0800-0900 | S11: =SUM(C14:C17) -> 105 | T11: =SUM(D14:D17) -> 21 | U11: =SUM(E14:E17) -> 8 | V11: =SUM(F14:F17) -> 228 | W11: =SUM(G14:G17) -> 6 | X11: =SUM(H14:H17) -> 1 | Y11: =SUM(I14:I17) -> 9 | Z11: =SUM(J14:J17) -> 8 | ... AF11: =SUM(P14:P17) -> 1277
B12: 07.30 - 07.45 | C12: 30 | D12: 5 | E12: 2 | F12: 42 | G12: 2 | H12: 0 | I12: 2 | J12: 4 | K12: 2 | L12: 0 | M12: 220 | N12: 0 | O12: =SUM(C12:L12,N12) -> 89 | P12: =SUM(C12:N12) -> 309 | R12: 0900-1000 | S12: =SUM(C18:C21) -> 107 | T12: =SUM(D18:D21) -> 31 | U12: =SUM(E18:E21) -> 15 | V12: =SUM(F18:F21) -> 166 | W12: =SUM(G18:G21) -> 1 | X12: =SUM(H18:H21) -> 2 | Y12: =SUM(I18:I21) -> 15 | Z12: =SUM(J18:J21) -> 17 | ... AF12: =SUM(P18:P21) -> 1182
B13: 07.45 - 08.00 | C13: 36 | D13: 5 | E13: 1 | F13: 50 | H13: 1 | I13: 1 | J13: 8 | K13: 0 | L13: 0 | M13: 228 | N13: 0 | O13: =SUM(C13:L13,N13) -> 102 | P13: =SUM(C13:N13) -> 330 | R13: 1000-1100 | S13: =SUM(C22:C25) -> 134 | T13: =SUM(D22:D25) -> 28 | U13: =SUM(E22:E25) -> 14 | V13: =SUM(F22:F25) -> 172 | W13: =SUM(G22:G25) -> 2 | X13: =SUM(H22:H25) -> 2 | Y13: =SUM(I22:I25) -> 13 | Z13: =SUM(J22:J25) -> 23 | ... AF13: =SUM(P22:P25) -> 1142
B14: 08.00 - 08.15 | C14: 30 | D14: 2 | E14: 2 | F14: 50 | G14: 4 | H14: 0 | I14: 1 | J14: 2 | K14: 0 | L14: 0 | M14: 215 | N14: 0 | O14: =SUM(C14:L14,N14) -> 91 | P14: =SUM(C14:N14) -> 306 | R14: 1100-1200 | S14: =SUM(C26:C29) -> 156 | T14: =SUM(D26:D29) -> 38 | U14: =SUM(E26:E29) -> 18 | V14: =SUM(F26:F29) -> 168 | W14: =SUM(G26:G29) -> 1 | X14: =SUM(H26:H29) -> 3 | Y14: =SUM(I26:I29) -> 18 | Z14: =SUM(J26:J29) -> 18 | ... AF14: =SUM(P26:P29) -> 1160
B15: 08.15 - 08.30 | C15: 30 | D15: 6 | E15: 1 | F15: 68 | G15: 1 | H15: 0 | I15: 2 | J15: 1 | K15: 0 | L15: 0 | M15: 210 | N15: 0 | O15: =SUM(C15:L15,N15) -> 109 | P15: =SUM(C15:N15) -> 319 | R15: 1200-1300 | S15: =SUM(C30:C33) -> 160 | T15: =SUM(D30:D33) -> 42 | U15: =SUM(E30:E33) -> 12 | V15: =SUM(F30:F33) -> 125 | W15: =SUM(G30:G33) -> 8 | X15: =SUM(H30:H33) -> 10 | Y15: =SUM(I30:I33) -> 12 | Z15: =SUM(J30:J33) -> 19 | ... AF15: =SUM(P30:P33) -> 1010
B16: 08.30 - 08.45 | C16: 31 | D16: 5 | E16: 2 | F16: 63 | G16: 1 | H16: 1 | I16: 4 | J16: 5 | K16: 0 | L16: 0 | M16: 235 | N16: 0 | O16: =SUM(C16:L16,N16) -> 112 | P16: =SUM(C16:N16) -> 347 | R16: 1300-1400 | S16: =SUM(C34:C37) -> 117 | T16: =SUM(D34:D37) -> 33 | U16: =SUM(E34:E37) -> 15 | V16: =SUM(F34:F37) -> 129 | W16: =SUM(G34:G37) -> 1 | X16: =SUM(H34:H37) -> 4 | Y16: =SUM(I34:I37) -> 11 | Z16: =SUM(J34:J37) -> 14 | ... AF16: =SUM(P34:P37) -> 837
B17: 08.45 - 9.00 | C17: 14 | D17: 8 | E17: 3 | F17: 47 | G17: 0 | H17: 0 | I17: 2 | J17: 0 | K17: 0 | L17: 1 | M17: 230 | N17: 0 | O17: =SUM(C17:L17,N17) -> 75 | P17: =SUM(C17:N17) -> 305 | R17: 1400-1500 | S17: =SUM(C38:C41) -> 163 | T17: =SUM(D38:D41) -> 44 | U17: =SUM(E38:E41) -> 12 | V17: =SUM(F38:F41) -> 103 | W17: =SUM(G38:G41) -> 3 | X17: =SUM(H38:H41) -> 4 | Y17: =SUM(I38:I41) -> 27 | Z17: =SUM(J38:J41) -> 18 | ... AF17: =SUM(P38:P41) -> 949
B18: 09.00 - 09.15 | C18: 31 | D18: 7 | E18: 5 | F18: 62 | G18: 1 | H18: 1 | I18: 4 | J18: 8 | K18: 0 | L18: 1 | M18: 250 | N18: 0 | O18: =SUM(C18:L18,N18) -> 120 | P18: =SUM(C18:N18) -> 370 | R18: 1500-1600 | S18: =SUM(C42:C45) -> 191 | T18: =SUM(D42:D45) -> 43 | U18: =SUM(E42:E45) -> 23 | V18: =SUM(F42:F45) -> 132 | W18: =SUM(G42:G45) -> 2 | X18: =SUM(H42:H45) -> 3 | Y18: =SUM(I42:I45) -> 14 | Z18: =SUM(J42:J45) -> 15 | ... AF18: =SUM(P42:P45) -> 959
B19: 09.15 - 09.30 | C19: 24 | D19: 8 | E19: 5 | F19: 58 | G19: 0 | H19: 1 | I19: 5 | J19: 2 | K19: 0 | L19: 0 | M19: 210 | N19: 0 | O19: =SUM(C19:L19,N19) -> 103 | P19: =SUM(C19:N19) -> 313 | R19: 1600-1700 | S19: =SUM(C46:C49) -> 241 | T19: =SUM(D46:D49) -> 61 | U19: =SUM(E46:E49) -> 23 | V19: =SUM(F46:F49) -> 163 | W19: =SUM(G46:G49) -> 4 | X19: =SUM(H46:H49) -> 4 | Y19: =SUM(I46:I49) -> 23 | Z19: =SUM(J46:J49) -> 9 | ... AF19: =SUM(P46:P49) -> 1104
B20: 09.30 - 09.45 | C20: 31 | D20: 6 | E20: 1 | F20: 42 | G20: 0 | H20: 0 | I20: 4 | J20: 4 | K20: 0 | L20: 1 | M20: 188 | N20: 0 | O20: =SUM(C20:L20,N20) -> 89 | P20: =SUM(C20:N20) -> 277 | R20: 1700-1800 | S20: =SUM(C50:C53) -> 293 | T20: =SUM(D50:D53) -> 68 | U20: =SUM(E50:E53) -> 19 | V20: =SUM(F50:F53) -> 157 | W20: =SUM(G50:G53) -> 8 | X20: =SUM(H50:H53) -> 3 | Y20: =SUM(I50:I53) -> 18 | Z20: =SUM(J50:J53) -> 15 | ... AF20: =SUM(P50:P53) -> 1214
B21: 09.45 - 10.00 | C21: 21 | D21: 10 | E21: 4 | F21: 4 | G21: 0 | H21: 0 | I21: 2 | J21: 3 | K21: 0 | L21: 0 | M21: 178 | N21: 0 | O21: =SUM(C21:L21,N21) -> 44 | P21: =SUM(C21:N21) -> 222 | R21: 1800-1900 | S21: =SUM(C54:C57) -> 182 | T21: =SUM(D54:D57) -> 23 | U21: =SUM(E54:E57) -> 50 | V21: =SUM(F54:F57) -> 86 | W21: =SUM(G54:G57) -> 8 | X21: =SUM(H54:H57) -> 2 | Y21: =SUM(I54:I57) -> 9 | Z21: =SUM(J54:J57) -> 6 | ... AF21: =SUM(P54:P57) -> 927
B22: 10.00 - 10.15 | C22: 28 | D22: 3 | E22: 3 | F22: 42 | G22: 1 | H22: 1 | I22: 2 | J22: 7 | K22: 0 | L22: 3 | M22: 215 | N22: 0 | O22: =SUM(C22:L22,N22) -> 90 | P22: =SUM(C22:N22) -> 305 | R22: AM Peak Hr | S22: =MAX(S10:S12) -> 148 | T22: =MAX(T10:T12) -> 31 | U22: =MAX(U10:U12) -> 15 | V22: =MAX(V10:V12) -> 228 | W22: =MAX(W10:W12) -> 6 | X22: =MAX(X10:X12) -> 5 | Y22: =MAX(Y10:Y12) -> 15 | Z22: =MAX(Z10:Z12) -> 17 | ... AF22: =MAX(AF10:AF12) -> 1277
B23: 10.15 - 10.30 | C23: 44 | D23: 10 | E23: 5 | F23: 41 | G23: 0 | H23: 1 | I23: 4 | J23: 7 | K23: 0 | L23: 2 | M23: 185 | N23: 0 | O23: =SUM(C23:L23,N23) -> 114 | P23: =SUM(C23:N23) -> 299 | R23: IP Peak Hr | S23: =MAX(S13:S18) -> 191 | T23: =MAX(T13:T18) -> 44 | U23: =MAX(U13:U18) -> 23 | V23: =MAX(V13:V18) -> 172 | W23: =MAX(W13:W18) -> 8 | X23: =MAX(X13:X18) -> 10 | Y23: =MAX(Y13:Y18) -> 27 | Z23: =MAX(Z13:Z18) -> 23 | ... AF23: =MAX(AF13:AF18) -> 1160
B24: 10.30 - 10.45 | C24: 30 | D24: 6 | E24: 3 | F24: 41 | G24: 0 | H24: 0 | I24: 2 | J24: 5 | K24: 0 | L24: 0 | M24: 190 | N24: 1 | O24: =SUM(C24:L24,N24) -> 88 | P24: =SUM(C24:N24) -> 278 | R24: PM Peak Hr | S24: =MAX(S19:S21) -> 293 | T24: =MAX(T19:T21) -> 68 | U24: =MAX(U19:U21) -> 50 | V24: =MAX(V19:V21) -> 163 | W24: =MAX(W19:W21) -> 8 | X24: =MAX(X19:X21) -> 4 | Y24: =MAX(Y19:Y21) -> 23 | Z24: =MAX(Z19:Z21) -> 15 | ... AF24: =MAX(AF19:AF21) -> 1214
B25: 10.45 - 11.00 | C25: 32 | D25: 9 | E25: 3 | F25: 48 | G25: 1 | H25: 0 | I25: 5 | J25: 4 | K25: 0 | L25: 3 | M25: 155 | N25: 0 | O25: =SUM(C25:L25,N25) -> 105 | P25: =SUM(C25:N25) -> 260 | R25: AM Period | S25: =SUM(S10:S12) -> 360 | T25: =SUM(T10:T12) -> 72 | U25: =SUM(U10:U12) -> 33 | V25: =SUM(V10:V12) -> 566 | W25: =SUM(W10:W12) -> 12 | X25: =SUM(X10:X12) -> 8 | Y25: =SUM(Y10:Y12) -> 32 | Z25: =SUM(Z10:Z12) -> 41 | ... AF25: =SUM(AF10:AF12) -> 3595
B26: 11.00 - 11.15 | C26: 43 | D26: 11 | E26: 3 | F26: 54 | G26: 0 | H26: 1 | I26: 6 | J26: 6 | K26: 2 | L26: 0 | M26: 211 | N26: 0 | O26: =SUM(C26:L26,N26) -> 126 | P26: =SUM(C26:N26) -> 337 | R26: IP Period | S26: =SUM(S13:S18) -> 921 | T26: =SUM(T13:T18) -> 228 | U26: =SUM(U13:U18) -> 94 | V26: =SUM(V13:V18) -> 829 | W26: =SUM(W13:W18) -> 17 | X26: =SUM(X13:X18) -> 26 | Y26: =SUM(Y13:Y18) -> 95 | Z26: =SUM(Z13:Z18) -> 107 | ... AF26: =SUM(AF13:AF18) -> 6057
B27: 11.15 - 11.30 | C27: 42 | D27: 12 | E27: 8 | F27: 32 | G27: 0 | H27: 0 | I27: 2 | J27: 5 | K27: 0 | L27: 3 | M27: 158 | N27: 0 | O27: =SUM(C27:L27,N27) -> 104 | P27: =SUM(C27:N27) -> 262 | R27: PM Period | S27: =SUM(S19:S21) -> 716 | T27: =SUM(T19:T21) -> 152 | U27: =SUM(U19:U21) -> 92 | V27: =SUM(V19:V21) -> 406 | W27: =SUM(W19:W21) -> 20 | X27: =SUM(X19:X21) -> 9 | Y27: =SUM(Y19:Y21) -> 50 | Z27: =SUM(Z19:Z21) -> 30 | ... AF27: =SUM(AF19:AF21) -> 3245
B28: 11.30 - 11.45 | C28: 38 | D28: 10 | E28: 6 | F28: 43 | G28: 0 | H28: 2 | I28: 2 | J28: 4 | K28: 0 | L28: 2 | M28: 210 | N28: 0 | O28: =SUM(C28:L28,N28) -> 107 | P28: =SUM(C28:N28) -> 317 | R28: 12 Hours | S28: =SUM(S10:S21) -> 1997 | T28: =SUM(T10:T21) -> 452 | U28: =SUM(U10:U21) -> 219 | V28: =SUM(V10:V21) -> 1801 | W28: =SUM(W10:W21) -> 49 | X28: =SUM(X10:X21) -> 43 | Y28: =SUM(Y10:Y21) -> 177 | Z28: =SUM(Z10:Z21) -> 178 | ... AF28: =SUM(AF10:AF21) -> 12897
B29: 11.45 - 12.00 | C29: 33 | D29: 5 | E29: 1 | F29: 39 | G29: 1 | H29: 0 | I29: 8 | J29: 3 | K29: 0 | L29: 1 | M29: 153 | N29: 0 | O29: =SUM(C29:L29,N29) -> 91 | P29: =SUM(C29:N29) -> 244
B30: 12.00 - 12.15 | C30: 41 | D30: 10 | E30: 3 | F30: 51 | G30: 0 | H30: 2 | I30: 4 | J30: 9 | K30: 0 | L30: 0 | M30: 194 | N30: 0 | O30: =SUM(C30:L30,N30) -> 120 | P30: =SUM(C30:N30) -> 314
B31: 12.15 - 12.30 | C31: 34 | D31: 10 | E31: 4 | F31: 34 | G31: 0 | H31: 1 | I31: 3 | J31: 4 | K31: 0 | L31: 0 | M31: 125 | N31: 0 | O31: =SUM(C31:L31,N31) -> 90 | P31: =SUM(C31:N31) -> 215
B32: 12.30 - 12.45 | C32: 37 | D32: 10 | E32: 3 | F32: 40 | G32: 2 | H32: 0 | I32: 5 | J32: 5 | K32: 0 | L32: 0 | M32: 148 | N32: 0 | O32: =SUM(C32:L32,N32) -> 102 | P32: =SUM(C32:N32) -> 250
B33: 12.45 - 13.00 | C33: 48 | D33: 12 | E33: 2 | F33: 0 | G33: 6 | H33: 7 | I33: 0 | J33: 1 | K33: 0 | L33: 0 | M33: 155 | N33: 0 | O33: =SUM(C33:L33,N33) -> 76 | P33: =SUM(C33:N33) -> 231
B34: 13.00 - 13.15 | C34: 36 | D34: 11 | E34: 3 | F34: 34 | G34: 0 | H34: 1 | I34: 2 | J34: 6 | K34: 1 | L34: 0 | M34: 137 | N34: 0 | O34: =SUM(C34:L34,N34) -> 94 | P34: =SUM(C34:N34) -> 231
B35: 13.15 - 13.30 | C35: 19 | D35: 11 | E35: 3 | F35: 20 | G35: 0 | H35: 0 | I35: 1 | J35: 1 | K35: 0 | L35: 0 | M35: 90 | N35: 0 | O35: =SUM(C35:L35,N35) -> 55 | P35: =SUM(C35:N35) -> 145
B36: 13.30 - 13.45 | C36: 32 | D36: 5 | E36: 6 | F36: 38 | G36: 1 | H36: 2 | I36: 6 | J36: 3 | K36: 0 | L36: 0 | M36: 140 | N36: 0 | O36: =SUM(C36:L36,N36) -> 93 | P36: =SUM(C36:N36) -> 233
B37: 13.45 - 14.00 | C37: 30 | D37: 6 | E37: 3 | F37: 37 | G37: 0 | H37: 1 | I37: 2 | J37: 4 | K37: 0 | L37: 0 | M37: 145 | N37: 0 | O37: =SUM(C37:L37,N37) -> 83 | P37: =SUM(C37:N37) -> 228
B38: 14.00 - 14.15 | C38: 35 | D38: 7 | E38: 5 | F38: 33 | G38: 1 | H38: 0 | I38: 6 | J38: 5 | K38: 0 | L38: 0 | M38: 120 | N38: 0 | O38: =SUM(C38:L38,N38) -> 92 | P38: =SUM(C38:N38) -> 212
B39: 14.15 - 14.30 | C39: 36 | D39: 13 | E39: 3 | F39: 35 | G39: 0 | H39: 0 | I39: 10 | J39: 7 | K39: 0 | L39: 2 | M39: 135 | N39: 0 | O39: =SUM(C39:L39,N39) -> 106 | P39: =SUM(C39:N39) -> 241
B40: 14.30 - 14.45 | C40: 42 | D40: 12 | E40: 3 | F40: 35 | G40: 0 | H40: 0 | I40: 3 | J40: 6 | K40: 2 | L40: 1 | M40: 144 | N40: 0 | O40: =SUM(C40:L40,N40) -> 104 | P40: =SUM(C40:N40) -> 248
... B57: 18.45 - 19.00 | C57: 50 | D57: 3 | E57: 2 | F57: 20 | G57: 0 | H57: 0 | I57: 2 | J57: 0 | K57: 0 | L57: 2 | M57: 80 | N57: 0 | O57: =SUM(C57:L57,N57) -> 79 | P57: =SUM(C57:N57) -> 159
B58: Totals | C58: =SUM(C10:C57) -> 1997 | D58: =SUM(D10:D57) -> 452 | E58: =SUM(E10:E57) -> 219 | F58: =SUM(F10:F57) -> 1801 | G58: =SUM(G10:G57) -> 49 | H58: =SUM(H10:H57) -> 43 | I58: =SUM(I10:I57) -> 177 | J58: =SUM(J10:J57) -> 178 | ... P58: =SUM(P10:P57) -> 12897
B59: %ges + MCs | C59: =C58/$P$58 -> 0.15484221 | D59: =D58/$P$58 -> 0.03504691 | E59: =E58/$P$58 -> 0.016980693 | F59: =F58/$P$58 -> 0.13964488 | G59: =G58/$P$58 -> 0.0037993332 | H59: =H58/$P$58 -> 0.0033341087 | I59: =I58/$P$58 -> 0.013724122 | J59: =J58/$P$58 -> 0.013801659 | ... N59: =N58/$P$58 -> 0.00015507482
B60: %ges w/o MCs | C60: =C58/$O$58 -> 0.40156847 | D60: =D58/$O$58 -> 0.09089081 | E60: =E58/$O$58 -> 0.044037804 | F60: =F58/$O$58 -> 0.36215564 | G60: =G58/$O$58 -> 0.0098532073 | H60: =H58/$O$58 -> 0.0086466921 | I60: =I58/$O$58 -> 0.035592198 | J60: =J58/$O$58 -> 0.035793284 | ... L60: =L58/$O$58 -> 0.0068369194 | N60: =N58/$O$58 -> 0.00040217173

Sheet 25.07Bwaise-Makerere
B1: Consultancy services for Preparation of Expressway Development Master Plan (EDMP) for Uganda
B2: MANUAL CLASSIFIED COUNT (MCC)
B3: ROAD NAME: | C3: ='22.07 Bwaise-Makerere'!C3:G3 -> MCC - C1 - STN021- SIR APOLLO ROAD
C5: Date | D5: 25.07.19 | F5: Location | G5: ='24.07 Makerere-Bwaise'!G5:H5 -> SAHSEN PLAZA | J5: Surveyor | K5: ='24.07 Makerere-Bwaise'!K5:L5 -> OKELLO PETER
C6: Dir. From | D6: ='22.07 Bwaise-Makerere'!D6:E6 -> Bwaise | F6: Dir. To | G6: ='22.07 Bwaise-Makerere'!G6:H6 -> Makerere | J6: Supervisor | K6: ='24.07 Makerere-Bwaise'!K6:L6 -> SALIMAH
B8: Time / Veh Type | R8: SUMMARY TRAFFIC VOLUMES
C9: 1. Car | D9: 2. Station Wagon | E9: 3. Pickups | F9: 4. Minibus, matatu | G9: 5. Medium bus | H9: 6. Large Bus | I9: 7. Light Truck | J9: 8. Medium Truck | K9: 9. Heavy truck | L9: 10. Truck Trailer | M9: 11. Motor cycles | N9: 12. Tractors | O9: Total Excl M/Cycles | P9: Total All | R9: Time | S9: 1. Car | T9: 2. Station Wagon | U9: 3. Pickups | V9: 4. Minibus, matatu | W9: 5. Medium bus | X9: 6. Large Bus | Y9: 7. Light Truck | Z9: 8. Medium Truck | AA9: 9. Heavy truck | AB9: 10. Truck Trailer | AC9: 11. Motorcycles | AD9: 12. Tractors, Graders | AE9: Total Excl M/ Cycles | AF9: Total All
B10: 07.00 - 07.15 | C10: 98 | D10: 26 | E10: 7 | F10: 76 | G10: 2 | H10: 1 | I10: 1 | J10: 1 | K10: 1 | L10: 0 | M10: 201 | N10: 0 | O10: =SUM(C10:L10,N10) -> 213 | P10: =SUM(C10:N10) -> 414 | R10: 0700-0800 | S10: =SUM(C10:C13) -> 386 | T10: =SUM(D10:D13) -> 76 | U10: =SUM(E10:E13) -> 32 | V10: =SUM(F10:F13) -> 323 | W10: =SUM(G10:G13) -> 8 | X10: =SUM(H10:H13) -> 3 | Y10: =SUM(I10:I13) -> 11 | Z10: =SUM(J10:J13) -> 2 | ... AF10: =SUM(P10:P13) -> 1722
B11: 07.15 - 07.30 | C11: 102 | D11: 11 | E11: 11 | F11: 95 | G11: 2 | H11: 0 | I11: 5 | J11: 1 | K11: 1 | L11: 2 | M11: 220 | N11: 0 | O11: =SUM(C11:L11,N11) -> 230 | P11: =SUM(C11:N11) -> 450 | R11: 0800-0900 | S11: =SUM(C14:C17) -> 284 | T11: =SUM(D14:D17) -> 56 | U11: =SUM(E14:E17) -> 19 | V11: =SUM(F14:F17) -> 269 | W11: =SUM(G14:G17) -> 2 | X11: =SUM(H14:H17) -> 4 | Y11: =SUM(I14:I17) -> 18 | Z11: =SUM(J14:J17) -> 1 | ... AF11: =SUM(P14:P17) -> 1508
B12: 07.30 - 07.45 | C12: 101 | D12: 25 | E12: 8 | F12: 78 | G12: 1 | H12: 2 | I12: 0 | J12: 0 | K12: 0 | L12: 0 | M12: 230 | N12: 0 | O12: =SUM(C12:L12,N12) -> 215 | P12: =SUM(C12:N12) -> 445 | R12: 0900-1000 | S12: =SUM(C18:C21) -> 272 | T12: =SUM(D18:D21) -> 78 | U12: =SUM(E18:E21) -> 26 | V12: =SUM(F18:F21) -> 216 | W12: =SUM(G18:G21) -> 2 | X12: =SUM(H18:H21) -> 3 | Y12: =SUM(I18:I21) -> 21 | Z12: =SUM(J18:J21) -> 14 | ... AF12: =SUM(P18:P21) -> 1470
B13: 07.45 - 08.00 | C13: 85 | D13: 14 | E13: 6 | F13: 74 | G13: 3 | H13: 0 | I13: 5 | J13: 0 | K13: 1 | L13: 0 | M13: 225 | N13: 0 | O13: =SUM(C13:L13,N13) -> 188 | P13: =SUM(C13:N13) -> 413 | R13: 1000-1100 | S13: =SUM(C22:C25) -> 237 | T13: =SUM(D22:D25) -> 75 | U13: =SUM(E22:E25) -> 35 | V13: =SUM(F22:F25) -> 192 | W13: =SUM(G22:G25) -> 4 | X13: =SUM(H22:H25) -> 3 | Y13: =SUM(I22:I25) -> 38 | Z13: =SUM(J22:J25) -> 4 | ... AF13: =SUM(P22:P25) -> 1346
B14: 08.00 - 08.15 | C14: 78 | D14: 19 | E14: 5 | F14: 61 | G14: 1 | H14: 3 | I14: 0 | J14: 0 | K14: 1 | L14: 1 | M14: 216 | N14: 0 | O14: =SUM(C14:L14,N14) -> 169 | P14: =SUM(C14:N14) -> 385 | R14: 1100-1200 | S14: =SUM(C26:C29) -> 277 | T14: =SUM(D26:D29) -> 76 | U14: =SUM(E26:E29) -> 39 | V14: =SUM(F26:F29) -> 213 | W14: =SUM(G26:G29) -> 3 | X14: =SUM(H26:H29) -> 3 | Y14: =SUM(I26:I29) -> 41 | Z14: =SUM(J26:J29) -> 2 | ... AF14: =SUM(P26:P29) -> 1332
B15: 08.15 - 08.30 | C15: 39 | D15: 10 | E15: 2 | F15: 37 | G15: 0 | H15: 0 | I15: 5 | J15: 0 | K15: 1 | L15: 0 | M15: 203 | N15: 0 | O15: =SUM(C15:L15,N15) -> 94 | P15: =SUM(C15:N15) -> 297 | R15: 1200-1300 | S15: =SUM(C30:C33) -> 286 | T15: =SUM(D30:D33) -> 68 | U15: =SUM(E30:E33) -> 47 | V15: =SUM(F30:F33) -> 204 | W15: =SUM(G30:G33) -> 6 | X15: =SUM(H30:H33) -> 5 | Y15: =SUM(I30:I33) -> 62 | Z15: =SUM(J30:J33) -> 2 | ... AF15: =SUM(P30:P33) -> 1347
B16: 08.30 - 08.45 | C16: 66 | D16: 11 | E16: 6 | F16: 85 | G16: 1 | H16: 0 | I16: 3 | J16: 0 | K16: 3 | L16: 0 | M16: 201 | N16: 0 | O16: =SUM(C16:L16,N16) -> 175 | P16: =SUM(C16:N16) -> 376 | R16: 1300-1400 | S16: =SUM(C34:C37) -> 165 | T16: =SUM(D34:D37) -> 67 | U16: =SUM(E34:E37) -> 22 | V16: =SUM(F34:F37) -> 133 | W16: =SUM(G34:G37) -> 0 | X16: =SUM(H34:H37) -> 4 | Y16: =SUM(I34:I37) -> 36 | Z16: =SUM(J34:J37) -> 1 | ... AF16: =SUM(P34:P37) -> 951
B17: 08.45 - 9.00 | C17: 101 | D17: 16 | E17: 6 | F17: 86 | G17: 0 | H17: 1 | I17: 10 | J17: 1 | K17: 3 | L17: 1 | M17: 225 | N17: 0 | O17: =SUM(C17:L17,N17) -> 225 | P17: =SUM(C17:N17) -> 450 | R17: 1400-1500 | S17: =SUM(C38:C41) -> 204 | T17: =SUM(D38:D41) -> 55 | U17: =SUM(E38:E41) -> 33 | V17: =SUM(F38:F41) -> 177 | W17: =SUM(G38:G41) -> 2 | X17: =SUM(H38:H41) -> 2 | Y17: =SUM(I38:I41) -> 43 | Z17: =SUM(J38:J41) -> 7 | ... AF17: =SUM(P38:P41) -> 1033
B18: 09.00 - 09.15 | C18: 76 | D18: 21 | E18: 8 | F18: 73 | G18: 1 | H18: 0 | I18: 1 | J18: 0 | K18: 3 | L18: 0 | M18: 250 | N18: 0 | O18: =SUM(C18:L18,N18) -> 183 | P18: =SUM(C18:N18) -> 433 | R18: 1500-1600 | S18: =SUM(C42:C45) -> 192 | T18: =SUM(D42:D45) -> 58 | U18: =SUM(E42:E45) -> 41 | V18: =SUM(F42:F45) -> 161 | W18: =SUM(G42:G45) -> 1 | X18: =SUM(H42:H45) -> 3 | Y18: =SUM(I42:I45) -> 50 | Z18: =SUM(J42:J45) -> 3 | ... AF18: =SUM(P42:P45) -> 1114
B19: 09.15 - 09.30 | C19: 57 | D19: 24 | E19: 10 | F19: 66 | G19: 0 | H19: 1 | I19: 7 | J19: 2 | K19: 2 | L19: 0 | M19: 215 | N19: 0 | O19: =SUM(C19:L19,N19) -> 169 | P19: =SUM(C19:N19) -> 384 | R19: 1600-1700 | S19: =SUM(C46:C49) -> 200 | T19: =SUM(D46:D49) -> 49 | U19: =SUM(E46:E49) -> 30 | V19: =SUM(F46:F49) -> 115 | W19: =SUM(G46:G49) -> 2 | X19: =SUM(H46:H49) -> 6 | Y19: =SUM(I46:I49) -> 36 | Z19: =SUM(J46:J49) -> 8 | ... AF19: =SUM(P46:P49) -> 976
B20: 09.30 - 09.45 | C20: 74 | D20: 21 | E20: 3 | F20: 49 | G20: 1 | H20: 2 | I20: 10 | J20: 1 | K20: 1 | L20: 0 | M20: 225 | N20: 0 | O20: =SUM(C20:L20,N20) -> 162 | P20: =SUM(C20:N20) -> 387 | R20: 1700-1800 | S20: =SUM(C50:C53) -> 182 | T20: =SUM(D50:D53) -> 57 | U20: =SUM(E50:E53) -> 32 | V20: =SUM(F50:F53) -> 129 | W20: =SUM(G50:G53) -> 2 | X20: =SUM(H50:H53) -> 0 | Y20: =SUM(I50:I53) -> 38 | Z20: =SUM(J50:J53) -> 0 | ... AF20: =SUM(P50:P53) -> 930
B21: 09.45 - 10.00 | C21: 65 | D21: 12 | E21: 5 | F21: 28 | G21: 0 | H21: 0 | I21: 3 | J21: 11 | K21: 2 | L21: 0 | M21: 140 | N21: 0 | O21: =SUM(C21:L21,N21) -> 126 | P21: =SUM(C21:N21) -> 266 | R21: 1800-1900 | S21: =SUM(C54:C57) -> 128 | T21: =SUM(D54:D57) -> 36 | U21: =SUM(E54:E57) -> 17 | V21: =SUM(F54:F57) -> 176 | W21: =SUM(G54:G57) -> 13 | X21: =SUM(H54:H57) -> 4 | Y21: =SUM(I54:I57) -> 36 | Z21: =SUM(J54:J57) -> 1 | ... AF21: =SUM(P54:P57) -> 916
B22: 10.00 - 10.15 | C22: 77 | D22: 15 | E22: 12 | F22: 59 | G22: 1 | H22: 1 | I22: 7 | J22: 1 | K22: 2 | L22: 0 | M22: 194 | N22: 0 | O22: =SUM(C22:L22,N22) -> 175 | P22: =SUM(C22:N22) -> 369 | R22: AM Peak Hr | S22: =MAX(S10:S12) -> 386 | T22: =MAX(T10:T12) -> 78 | U22: =MAX(U10:U12) -> 32 | V22: =MAX(V10:V12) -> 323 | W22: =MAX(W10:W12) -> 8 | X22: =MAX(X10:X12) -> 4 | Y22: =MAX(Y10:Y12) -> 21 | Z22: =MAX(Z10:Z12) -> 14 | ... AF22: =MAX(AF10:AF12) -> 1722
B23: 10.15 - 10.30 | C23: 52 | D23: 18 | E23: 5 | F23: 52 | G23: 2 | H23: 1 | I23: 15 | J23: 1 | K23: 2 | L23: 0 | M23: 181 | N23: 0 | O23: =SUM(C23:L23,N23) -> 148 | P23: =SUM(C23:N23) -> 329 | R23: IP Peak Hr | S23: =MAX(S13:S18) -> 286 | T23: =MAX(T13:T18) -> 76 | U23: =MAX(U13:U18) -> 47 | V23: =MAX(V13:V18) -> 213 | W23: =MAX(W13:W18) -> 6 | X23: =MAX(X13:X18) -> 5 | Y23: =MAX(Y13:Y18) -> 62 | Z23: =MAX(Z13:Z18) -> 7 | ... AF23: =MAX(AF13:AF18) -> 1347
B24: 10.30 - 10.45 | C24: 51 | D24: 28 | E24: 12 | F24: 49 | G24: 1 | H24: 1 | I24: 13 | J24: 1 | K24: 3 | L24: 1 | M24: 195 | N24: 0 | O24: =SUM(C24:L24,N24) -> 160 | P24: =SUM(C24:N24) -> 355 | R24: PM Peak Hr | S24: =MAX(S19:S21) -> 200 | T24: =MAX(T19:T21) -> 57 | U24: =MAX(U19:U21) -> 32 | V24: =MAX(V19:V21) -> 176 | W24: =MAX(W19:W21) -> 13 | X24: =MAX(X19:X21) -> 6 | Y24: =MAX(Y19:Y21) -> 38 | Z24: =MAX(Z19:Z21) -> 8 | ... AF24: =MAX(AF19:AF21) -> 976
B25: 10.45 - 11.00 | C25: 57 | D25: 14 | E25: 6 | F25: 32 | G25: 0 | H25: 0 | I25: 3 | J25: 1 | K25: 0 | L25: 0 | M25: 180 | N25: 0 | O25: =SUM(C25:L25,N25) -> 113 | P25: =SUM(C25:N25) -> 293 | R25: AM Period | S25: =SUM(S10:S12) -> 942 | T25: =SUM(T10:T12) -> 210 | U25: =SUM(U10:U12) -> 77 | V25: =SUM(V10:V12) -> 808 | W25: =SUM(W10:W12) -> 12 | X25: =SUM(X10:X12) -> 10 | Y25: =SUM(Y10:Y12) -> 50 | Z25: =SUM(Z10:Z12) -> 17 | ... AF25: =SUM(AF10:AF12) -> 4700
B26: 11.00 - 11.15 | C26: 88 | D26: 22 | E26: 12 | F26: 85 | G26: 1 | H26: 1 | I26: 10 | J26: 0 | K26: 3 | L26: 0 | M26: 180 | N26: 0 | O26: =SUM(C26:L26,N26) -> 222 | P26: =SUM(C26:N26) -> 402 | R26: IP Period | S26: =SUM(S13:S18) -> 1361 | T26: =SUM(T13:T18) -> 399 | U26: =SUM(U13:U18) -> 217 | V26: =SUM(V13:V18) -> 1080 | W26: =SUM(W13:W18) -> 16 | X26: =SUM(X13:X18) -> 20 | Y26: =SUM(Y13:Y18) -> 270 | Z26: =SUM(Z13:Z18) -> 19 | ... AF26: =SUM(AF13:AF18) -> 7123
B27: 11.15 - 11.30 | C27: 51 | D27: 21 | E27: 8 | F27: 60 | G27: 1 | H27: 1 | I27: 7 | J27: 0 | K27: 5 | L27: 0 | M27: 157 | N27: 0 | O27: =SUM(C27:L27,N27) -> 154 | P27: =SUM(C27:N27) -> 311 | R27: PM Period | S27: =SUM(S19:S21) -> 510 | T27: =SUM(T19:T21) -> 142 | U27: =SUM(U19:U21) -> 79 | V27: =SUM(V19:V21) -> 420 | W27: =SUM(W19:W21) -> 17 | X27: =SUM(X19:X21) -> 10 | Y27: =SUM(Y19:Y21) -> 110 | Z27: =SUM(Z19:Z21) -> 9 | ... AF27: =SUM(AF19:AF21) -> 2822
B28: 11.30 - 11.45 | C28: 93 | D28: 20 | E28: 16 | F28: 42 | G28: 1 | H28: 0 | I28: 10 | J28: 1 | K28: 5 | L28: 1 | M28: 170 | N28: 0 | O28: =SUM(C28:L28,N28) -> 189 | P28: =SUM(C28:N28) -> 359 | R28: 12 Hours | S28: =SUM(S10:S21) -> 2813 | T28: =SUM(T10:T21) -> 751 | U28: =SUM(U10:U21) -> 373 | V28: =SUM(V10:V21) -> 2308 | W28: =SUM(W10:W21) -> 45 | X28: =SUM(X10:X21) -> 40 | Y28: =SUM(Y10:Y21) -> 430 | Z28: =SUM(Z10:Z21) -> 45 | ... AF28: =SUM(AF10:AF21) -> 14645
B29: 11.45 - 12.00 | C29: 45 | D29: 13 | E29: 3 | F29: 26 | G29: 0 | H29: 1 | I29: 14 | J29: 1 | K29: 2 | L29: 0 | M29: 155 | N29: 0 | O29: =SUM(C29:L29,N29) -> 105 | P29: =SUM(C29:N29) -> 260
B30: 12.00 - 12.15 | C30: 66 | D30: 14 | E30: 15 | F30: 62 | G30: 1 | H30: 0 | I30: 15 | J30: 0 | K30: 1 | L30: 0 | M30: 175 | N30: 0 | O30: =SUM(C30:L30,N30) -> 174 | P30: =SUM(C30:N30) -> 349
B31: 12.15 - 12.30 | C31: 62 | D31: 16 | E31: 13 | F31: 34 | G31: 2 | H31: 3 | I31: 8 | J31: 0 | K31: 2 | L31: 0 | M31: 155 | N31: 0 | O31: =SUM(C31:L31,N31) -> 140 | P31: =SUM(C31:N31) -> 295
B32: 12.30 - 12.45 | C32: 81 | D32: 16 | E32: 8 | F32: 64 | G32: 1 | H32: 1 | I32: 20 | J32: 0 | K32: 2 | L32: 1 | M32: 150 | N32: 0 | O32: =SUM(C32:L32,N32) -> 194 | P32: =SUM(C32:N32) -> 344
B33: 12.45 - 13.00 | C33: 77 | D33: 22 | E33: 11 | F33: 44 | G33: 2 | H33: 1 | I33: 19 | J33: 2 | K33: 0 | L33: 1 | M33: 180 | N33: 0 | O33: =SUM(C33:L33,N33) -> 179 | P33: =SUM(C33:N33) -> 359
B34: 13.00 - 13.15 | C34: 20 | D34: 8 | E34: 3 | F34: 17 | G34: 0 | H34: 1 | I34: 9 | J34: 0 | K34: 2 | L34: 0 | M34: 75 | N34: 0 | O34: =SUM(C34:L34,N34) -> 60 | P34: =SUM(C34:N34) -> 135
B35: 13.15 - 13.30 | C35: 40 | D35: 17 | E35: 6 | F35: 35 | G35: 0 | H35: 0 | I35: 11 | J35: 0 | K35: 1 | L35: 1 | M35: 110 | N35: 0 | O35: =SUM(C35:L35,N35) -> 111 | P35: =SUM(C35:N35) -> 221
B36: 13.30 - 13.45 | C36: 54 | D36: 17 | E36: 6 | F36: 34 | G36: 0 | H36: 2 | I36: 9 | J36: 0 | K36: 6 | L36: 2 | M36: 180 | N36: 0 | O36: =SUM(C36:L36,N36) -> 130 | P36: =SUM(C36:N36) -> 310
B37: 13.45 - 14.00 | C37: 51 | D37: 25 | E37: 7 | F37: 47 | G37: 0 | H37: 1 | I37: 7 | J37: 1 | K37: 4 | L37: 0 | M37: 142 | N37: 0 | O37: =SUM(C37:L37,N37) -> 143 | P37: =SUM(C37:N37) -> 285
B38: 14.00 - 14.15 | C38: 29 | D38: 15 | E38: 3 | F38: 30 | G38: 1 | H38: 0 | I38: 6 | J38: 3 | K38: 1 | L38: 1 | M38: 130 | N38: 0 | O38: =SUM(C38:L38,N38) -> 89 | P38: =SUM(C38:N38) -> 219
B39: 14.15 - 14.30 | C39: 55 | D39: 16 | E39: 10 | F39: 46 | G39: 0 | H39: 0 | I39: 11 | J39: 3 | K39: 0 | L39: 0 | M39: 135 | N39: 0 | O39: =SUM(C39:L39,N39) -> 141 | P39: =SUM(C39:N39) -> 276
B40: 14.30 - 14.45 | C40: 60 | D40: 11 | E40: 7 | F40: 68 | G40: 1 | H40: 0 | I40: 12 | J40: 0 | K40: 1 | L40: 1 | M40: 125 | N40: 0 | O40: =SUM(C40:L40,N40) -> 161 | P40: =SUM(C40:N40) -> 286
... B57: 18.45 - 19.00 | C57: 36 | D57: 8 | E57: 3 | F57: 66 | G57: 1 | H57: 1 | I57: 8 | J57: 0 | K57: 7 | L57: 1 | M57: 150 | N57: 0 | O57: =SUM(C57:L57,N57) -> 131 | P57: =SUM(C57:N57) -> 281
B58: Totals | C58: =SUM(C10:C57) -> 2813 | D58: =SUM(D10:D57) -> 751 | E58: =SUM(E10:E57) -> 373 | F58: =SUM(F10:F57) -> 2308 | G58: =SUM(G10:G57) -> 45 | H58: =SUM(H10:H57) -> 40 | I58: =SUM(I10:I57) -> 430 | J58: =SUM(J10:J57) -> 45 | ... P58: =SUM(P10:P57) -> 14645
B59: %ges + MCs | C59: =C58/$P$58 -> 0.19207921 | D59: =D58/$P$58 -> 0.0512803 | E59: =E58/$P$58 -> 0.025469443 | F59: =F58/$P$58 -> 0.15759645 | G59: =G58/$P$58 -> 0.0030727211 | H59: =H58/$P$58 -> 0.0027313076 | I59: =I58/$P$58 -> 0.029361557 | J59: =J58/$P$58 -> 0.0030727211 | ... N59: =N58/$P$58 -> 0
B60: %ges w/o MCs | C60: =C58/$O$58 -> 0.40638544 | D60: =D58/$O$58 -> 0.10849465 | E60: =E58/$O$58 -> 0.05388616 | F60: =F58/$O$58 -> 0.33342964 | G60: =G58/$O$58 -> 0.0065010113 | H60: =H58/$O$58 -> 0.0057786767 | I60: =I58/$O$58 -> 0.062120774 | J60: =J58/$O$58 -> 0.0065010113 | ... L60: =L58/$O$58 -> 0.0044784744 | N60: =N58/$O$58 -> 0

Sheet 25.07 Makerere-Bwaise
B1: Consultancy services for Preparation of Expressway Development Master Plan (EDMP) for Uganda
B2: MANUAL CLASSIFIED COUNT (MCC)
B3: ROAD NAME: | C3: ='22.07 MAKERERE-BWAISE'!C3:G3 -> MCC - C1 - STN021- SIR APOLLO ROAD
C5: Date | D5: ='25.07Bwaise-Makerere'!D5 -> 25.07.19 | F5: Location | G5: PREMIUM DESIGN LTD | J5: Surveyor | K5: OMASET JEROME
C6: Dir. From | D6: ='22.07 MAKERERE-BWAISE'!D6:E6 -> MAKARERE | F6: Dir. To | G6: ='22.07 MAKERERE-BWAISE'!G6:H6 -> BWAISE | J6: Supervisor | K6: ='25.07Bwaise-Makerere'!K6:L6 -> SALIMAH
B8: Time / Veh Type | R8: SUMMARY TRAFFIC VOLUMES
C9: 1. Car | D9: 2. Station Wagon | E9: 3. Pickups | F9: 4. Minibus, matatu | G9: 5. Medium bus | H9: 6. Large Bus | I9: 7. Light Truck | J9: 8. Medium Truck | K9: 9. Heavy truck | L9: 10. Truck Trailer | M9: 11. Motor cycles | N9: 12. Tractors | O9: Total Excl M/Cycles | P9: Total All | R9: Time | S9: 1. Car | T9: 2. Station Wagon | U9: 3. Pickups | V9: 4. Minibus, matatu | W9: 5. Medium bus | X9: 6. Large Bus | Y9: 7. Light Truck | Z9: 8. Medium Truck | AA9: 9. Heavy truck | AB9: 10. Truck Trailer | AC9: 11. Motorcycles | AD9: 12. Tractors, Graders | AE9: Total Excl M/ Cycles | AF9: Total All
B10: 07.00 - 07.15 | C10: 43 | D10: 1 | E10: 3 | F10: 37 | G10: 0 | H10: 0 | I10: 4 | J10: 1 | K10: 1 | L10: 0 | M10: 108 | N10: 0 | O10: =SUM(C10:L10,N10) -> 90 | P10: =SUM(C10:N10) -> 198 | R10: 0700-0800 | S10: =SUM(C10:C13) -> 150 | T10: =SUM(D10:D13) -> 20 | U10: =SUM(E10:E13) -> 13 | V10: =SUM(F10:F13) -> 150 | W10: =SUM(G10:G13) -> 1 | X10: =SUM(H10:H13) -> 4 | Y10: =SUM(I10:I13) -> 14 | Z10: =SUM(J10:J13) -> 7 | ... AF10: =SUM(P10:P13) -> 899
B11: 07.15 - 07.30 | C11: 30 | D11: 8 | E11: 3 | F11: 40 | G11: 0 | H11: 3 | I11: 3 | J11: 3 | K11: 1 | L11: 0 | M11: 122 | N11: 1 | O11: =SUM(C11:L11,N11) -> 92 | P11: =SUM(C11:N11) -> 214 | R11: 0800-0900 | S11: =SUM(C14:C17) -> 111 | T11: =SUM(D14:D17) -> 27 | U11: =SUM(E14:E17) -> 49 | V11: =SUM(F14:F17) -> 126 | W11: =SUM(G14:G17) -> 11 | X11: =SUM(H14:H17) -> 7 | Y11: =SUM(I14:I17) -> 12 | Z11: =SUM(J14:J17) -> 5 | ... AF11: =SUM(P14:P17) -> 1303
B12: 07.30 - 07.45 | C12: 47 | D12: 5 | E12: 2 | F12: 39 | G12: 1 | H12: 0 | I12: 4 | J12: 1 | K12: 1 | L12: 1 | M12: 130 | N12: 0 | O12: =SUM(C12:L12,N12) -> 101 | P12: =SUM(C12:N12) -> 231 | R12: 0900-1000 | S12: =SUM(C18:C21) -> 88 | T12: =SUM(D18:D21) -> 18 | U12: =SUM(E18:E21) -> 13 | V12: =SUM(F18:F21) -> 173 | W12: =SUM(G18:G21) -> 7 | X12: =SUM(H18:H21) -> 2 | Y12: =SUM(I18:I21) -> 20 | Z12: =SUM(J18:J21) -> 9 | ... AF12: =SUM(P18:P21) -> 1146
B13: 07.45 - 08.00 | C13: 30 | D13: 6 | E13: 5 | F13: 34 | G13: 0 | H13: 1 | I13: 3 | J13: 2 | K13: 0 | L13: 0 | M13: 175 | N13: 0 | O13: =SUM(C13:L13,N13) -> 81 | P13: =SUM(C13:N13) -> 256 | R13: 1000-1100 | S13: =SUM(C22:C25) -> 135 | T13: =SUM(D22:D25) -> 32 | U13: =SUM(E22:E25) -> 14 | V13: =SUM(F22:F25) -> 155 | W13: =SUM(G22:G25) -> 10 | X13: =SUM(H22:H25) -> 2 | Y13: =SUM(I22:I25) -> 15 | Z13: =SUM(J22:J25) -> 17 | ... AF13: =SUM(P22:P25) -> 1223
B14: 08.00 - 08.15 | C14: 38 | D14: 3 | E14: 2 | F14: 38 | G14: 1 | H14: 0 | I14: 5 | J14: 2 | K14: 0 | L14: 0 | M14: 235 | N14: 0 | O14: =SUM(C14:L14,N14) -> 89 | P14: =SUM(C14:N14) -> 324 | R14: 1100-1200 | S14: =SUM(C26:C29) -> 155 | T14: =SUM(D26:D29) -> 40 | U14: =SUM(E26:E29) -> 16 | V14: =SUM(F26:F29) -> 151 | W14: =SUM(G26:G29) -> 2 | X14: =SUM(H26:H29) -> 3 | Y14: =SUM(I26:I29) -> 16 | Z14: =SUM(J26:J29) -> 12 | ... AF14: =SUM(P26:P29) -> 1086
B15: 08.15 - 08.30 | C15: 26 | D15: 12 | E15: 43 | F15: 1 | G15: 2 | H15: 4 | I15: 3 | J15: 0 | K15: 1 | L15: 0 | M15: 250 | N15: 0 | O15: =SUM(C15:L15,N15) -> 92 | P15: =SUM(C15:N15) -> 342 | R15: 1200-1300 | S15: =SUM(C30:C33) -> 163 | T15: =SUM(D30:D33) -> 39 | U15: =SUM(E30:E33) -> 23 | V15: =SUM(F30:F33) -> 218 | W15: =SUM(G30:G33) -> 3 | X15: =SUM(H30:H33) -> 3 | Y15: =SUM(I30:I33) -> 23 | Z15: =SUM(J30:J33) -> 13 | ... AF15: =SUM(P30:P33) -> 1035
B16: 08.30 - 08.45 | C16: 28 | D16: 7 | E16: 3 | F16: 44 | G16: 8 | H16: 2 | I16: 0 | J16: 2 | K16: 0 | L16: 4 | M16: 240 | N16: 0 | O16: =SUM(C16:L16,N16) -> 98 | P16: =SUM(C16:N16) -> 338 | R16: 1300-1400 | S16: =SUM(C34:C37) -> 148 | T16: =SUM(D34:D37) -> 25 | U16: =SUM(E34:E37) -> 51 | V16: =SUM(F34:F37) -> 186 | W16: =SUM(G34:G37) -> 1 | X16: =SUM(H34:H37) -> 3 | Y16: =SUM(I34:I37) -> 17 | Z16: =SUM(J34:J37) -> 21 | ... AF16: =SUM(P34:P37) -> 1009
B17: 08.45 - 9.00 | C17: 19 | D17: 5 | E17: 1 | F17: 43 | G17: 0 | H17: 1 | I17: 4 | J17: 1 | K17: 0 | L17: 2 | M17: 223 | N17: 0 | O17: =SUM(C17:L17,N17) -> 76 | P17: =SUM(C17:N17) -> 299 | R17: 1400-1500 | S17: =SUM(C38:C41) -> 170 | T17: =SUM(D38:D41) -> 29 | U17: =SUM(E38:E41) -> 15 | V17: =SUM(F38:F41) -> 151 | W17: =SUM(G38:G41) -> 1 | X17: =SUM(H38:H41) -> 1 | Y17: =SUM(I38:I41) -> 19 | Z17: =SUM(J38:J41) -> 19 | ... AF17: =SUM(P38:P41) -> 943
B18: 09.00 - 09.15 | C18: 22 | D18: 7 | E18: 4 | F18: 44 | G18: 2 | H18: 0 | I18: 4 | J18: 1 | K18: 0 | L18: 0 | M18: 230 | N18: 0 | O18: =SUM(C18:L18,N18) -> 84 | P18: =SUM(C18:N18) -> 314 | R18: 1500-1600 | S18: =SUM(C42:C45) -> 181 | T18: =SUM(D42:D45) -> 37 | U18: =SUM(E42:E45) -> 24 | V18: =SUM(F42:F45) -> 169 | W18: =SUM(G42:G45) -> 2 | X18: =SUM(H42:H45) -> 5 | Y18: =SUM(I42:I45) -> 16 | Z18: =SUM(J42:J45) -> 12 | ... AF18: =SUM(P42:P45) -> 1022
B19: 09.15 - 09.30 | C19: 25 | D19: 1 | E19: 3 | F19: 40 | G19: 1 | H19: 2 | I19: 4 | J19: 3 | K19: 1 | L19: 0 | M19: 190 | N19: 0 | O19: =SUM(C19:L19,N19) -> 80 | P19: =SUM(C19:N19) -> 270 | R19: 1600-1700 | S19: =SUM(C46:C49) -> 246 | T19: =SUM(D46:D49) -> 67 | U19: =SUM(E46:E49) -> 28 | V19: =SUM(F46:F49) -> 142 | W19: =SUM(G46:G49) -> 1 | X19: =SUM(H46:H49) -> 10 | Y19: =SUM(I46:I49) -> 18 | Z19: =SUM(J46:J49) -> 19 | ... AF19: =SUM(P46:P49) -> 1226
B20: 09.30 - 09.45 | C20: 21 | D20: 5 | E20: 3 | F20: 52 | G20: 2 | H20: 0 | I20: 10 | J20: 5 | K20: 1 | L20: 0 | M20: 228 | N20: 0 | O20: =SUM(C20:L20,N20) -> 99 | P20: =SUM(C20:N20) -> 327 | R20: 1700-1800 | S20: =SUM(C50:C53) -> 234 | T20: =SUM(D50:D53) -> 47 | U20: =SUM(E50:E53) -> 16 | V20: =SUM(F50:F53) -> 128 | W20: =SUM(G50:G53) -> 2 | X20: =SUM(H50:H53) -> 1 | Y20: =SUM(I50:I53) -> 9 | Z20: =SUM(J50:J53) -> 8 | ... AF20: =SUM(P50:P53) -> 1031
B21: 09.45 - 10.00 | C21: 20 | D21: 5 | E21: 3 | F21: 37 | G21: 2 | H21: 0 | I21: 2 | J21: 0 | K21: 0 | L21: 1 | M21: 165 | N21: 0 | O21: =SUM(C21:L21,N21) -> 70 | P21: =SUM(C21:N21) -> 235 | R21: 1800-1900 | S21: =SUM(C54:C57) -> 268 | T21: =SUM(D54:D57) -> 57 | U21: =SUM(E54:E57) -> 24 | V21: =SUM(F54:F57) -> 221 | W21: =SUM(G54:G57) -> 3 | X21: =SUM(H54:H57) -> 3 | Y21: =SUM(I54:I57) -> 13 | Z21: =SUM(J54:J57) -> 3 | ... AF21: =SUM(P54:P57) -> 1143
B22: 10.00 - 10.15 | C22: 30 | D22: 8 | E22: 3 | F22: 34 | G22: 0 | H22: 0 | I22: 0 | J22: 5 | K22: 0 | L22: 0 | M22: 208 | N22: 0 | O22: =SUM(C22:L22,N22) -> 80 | P22: =SUM(C22:N22) -> 288 | R22: AM Peak Hr | S22: =MAX(S10:S12) -> 150 | T22: =MAX(T10:T12) -> 27 | U22: =MAX(U10:U12) -> 49 | V22: =MAX(V10:V12) -> 173 | W22: =MAX(W10:W12) -> 11 | X22: =MAX(X10:X12) -> 7 | Y22: =MAX(Y10:Y12) -> 20 | Z22: =MAX(Z10:Z12) -> 9 | ... AF22: =MAX(AF10:AF12) -> 1303
B23: 10.15 - 10.30 | C23: 31 | D23: 3 | E23: 3 | F23: 39 | G23: 1 | H23: 0 | I23: 4 | J23: 3 | K23: 4 | L23: 0 | M23: 210 | N23: 0 | O23: =SUM(C23:L23,N23) -> 88 | P23: =SUM(C23:N23) -> 298 | R23: IP Peak Hr | S23: =MAX(S13:S18) -> 181 | T23: =MAX(T13:T18) -> 40 | U23: =MAX(U13:U18) -> 51 | V23: =MAX(V13:V18) -> 218 | W23: =MAX(W13:W18) -> 10 | X23: =MAX(X13:X18) -> 5 | Y23: =MAX(Y13:Y18) -> 23 | Z23: =MAX(Z13:Z18) -> 21 | ... AF23: =MAX(AF13:AF18) -> 1223
B24: 10.30 - 10.45 | C24: 32 | D24: 8 | E24: 2 | F24: 35 | G24: 4 | H24: 1 | I24: 7 | J24: 6 | K24: 3 | L24: 0 | M24: 203 | N24: 0 | O24: =SUM(C24:L24,N24) -> 98 | P24: =SUM(C24:N24) -> 301 | R24: PM Peak Hr | S24: =MAX(S19:S21) -> 268 | T24: =MAX(T19:T21) -> 67 | U24: =MAX(U19:U21) -> 28 | V24: =MAX(V19:V21) -> 221 | W24: =MAX(W19:W21) -> 3 | X24: =MAX(X19:X21) -> 10 | Y24: =MAX(Y19:Y21) -> 18 | Z24: =MAX(Z19:Z21) -> 19 | ... AF24: =MAX(AF19:AF21) -> 1226
B25: 10.45 - 11.00 | C25: 42 | D25: 13 | E25: 6 | F25: 47 | G25: 5 | H25: 1 | I25: 4 | J25: 3 | K25: 0 | L25: 0 | M25: 215 | N25: 0 | O25: =SUM(C25:L25,N25) -> 121 | P25: =SUM(C25:N25) -> 336 | R25: AM Period | S25: =SUM(S10:S12) -> 349 | T25: =SUM(T10:T12) -> 65 | U25: =SUM(U10:U12) -> 75 | V25: =SUM(V10:V12) -> 449 | W25: =SUM(W10:W12) -> 19 | X25: =SUM(X10:X12) -> 13 | Y25: =SUM(Y10:Y12) -> 46 | Z25: =SUM(Z10:Z12) -> 21 | ... AF25: =SUM(AF10:AF12) -> 3348
B26: 11.00 - 11.15 | C26: 50 | D26: 12 | E26: 2 | F26: 46 | G26: 0 | H26: 0 | I26: 2 | J26: 2 | K26: 0 | L26: 1 | M26: 160 | N26: 0 | O26: =SUM(C26:L26,N26) -> 115 | P26: =SUM(C26:N26) -> 275 | R26: IP Period | S26: =SUM(S13:S18) -> 952 | T26: =SUM(T13:T18) -> 202 | U26: =SUM(U13:U18) -> 143 | V26: =SUM(V13:V18) -> 1030 | W26: =SUM(W13:W18) -> 19 | X26: =SUM(X13:X18) -> 17 | Y26: =SUM(Y13:Y18) -> 106 | Z26: =SUM(Z13:Z18) -> 94 | ... AF26: =SUM(AF13:AF18) -> 6318
B27: 11.15 - 11.30 | C27: 41 | D27: 6 | E27: 2 | F27: 25 | G27: 0 | H27: 2 | I27: 5 | J27: 1 | K27: 3 | L27: 2 | M27: 176 | N27: 0 | O27: =SUM(C27:L27,N27) -> 87 | P27: =SUM(C27:N27) -> 263 | R27: PM Period | S27: =SUM(S19:S21) -> 748 | T27: =SUM(T19:T21) -> 171 | U27: =SUM(U19:U21) -> 68 | V27: =SUM(V19:V21) -> 491 | W27: =SUM(W19:W21) -> 6 | X27: =SUM(X19:X21) -> 14 | Y27: =SUM(Y19:Y21) -> 40 | Z27: =SUM(Z19:Z21) -> 30 | ... AF27: =SUM(AF19:AF21) -> 3400
B28: 11.30 - 11.45 | C28: 38 | D28: 14 | E28: 9 | F28: 37 | G28: 2 | H28: 0 | I28: 5 | J28: 5 | K28: 1 | L28: 0 | M28: 211 | N28: 0 | O28: =SUM(C28:L28,N28) -> 111 | P28: =SUM(C28:N28) -> 322 | R28: 12 Hours | S28: =SUM(S10:S21) -> 2049 | T28: =SUM(T10:T21) -> 438 | U28: =SUM(U10:U21) -> 286 | V28: =SUM(V10:V21) -> 1970 | W28: =SUM(W10:W21) -> 44 | X28: =SUM(X10:X21) -> 44 | Y28: =SUM(Y10:Y21) -> 192 | Z28: =SUM(Z10:Z21) -> 145 | ... AF28: =SUM(AF10:AF21) -> 13066
B29: 11.45 - 12.00 | C29: 26 | D29: 8 | E29: 3 | F29: 43 | G29: 0 | H29: 1 | I29: 4 | J29: 4 | K29: 0 | L29: 0 | M29: 137 | N29: 0 | O29: =SUM(C29:L29,N29) -> 89 | P29: =SUM(C29:N29) -> 226
B30: 12.00 - 12.15 | C30: 34 | D30: 9 | E30: 3 | F30: 50 | G30: 1 | H30: 0 | I30: 2 | J30: 1 | K30: 0 | L30: 1 | M30: 191 | N30: 0 | O30: =SUM(C30:L30,N30) -> 101 | P30: =SUM(C30:N30) -> 292
B31: 12.15 - 12.30 | C31: 39 | D31: 5 | E31: 3 | F31: 47 | G31: 0 | H31: 0 | I31: 3 | J31: 5 | K31: 0 | L31: 0 | M31: 108 | N31: 0 | O31: =SUM(C31:L31,N31) -> 102 | P31: =SUM(C31:N31) -> 210
B32: 12.30 - 12.45 | C32: 38 | D32: 6 | E32: 10 | F32: 56 | G32: 0 | H32: 2 | I32: 6 | J32: 4 | K32: 1 | L32: 1 | M32: 170 | N32: 0 | O32: =SUM(C32:L32,N32) -> 124 | P32: =SUM(C32:N32) -> 294
B33: 12.45 - 13.00 | C33: 52 | D33: 19 | E33: 7 | F33: 65 | G33: 2 | H33: 1 | I33: 12 | J33: 3 | K33: 2 | L33: 1 | M33: 75 | N33: 0 | O33: =SUM(C33:L33,N33) -> 164 | P33: =SUM(C33:N33) -> 239
B34: 13.00 - 13.15 | C34: 45 | D34: 3 | E34: 5 | F34: 70 | G34: 1 | H34: 1 | I34: 3 | J34: 0 | K34: 1 | L34: 1 | M34: 105 | N34: 0 | O34: =SUM(C34:L34,N34) -> 130 | P34: =SUM(C34:N34) -> 235
B35: 13.15 - 13.30 | C35: 25 | D35: 4 | E35: 7 | F35: 35 | G35: 0 | H35: 0 | I35: 6 | J35: 10 | K35: 0 | L35: 0 | M35: 132 | N35: 0 | O35: =SUM(C35:L35,N35) -> 87 | P35: =SUM(C35:N35) -> 219
B36: 13.30 - 13.45 | C36: 38 | D36: 7 | E36: 36 | F36: 33 | G36: 0 | H36: 0 | I36: 4 | J36: 4 | K36: 0 | L36: 0 | M36: 138 | N36: 0 | O36: =SUM(C36:L36,N36) -> 122 | P36: =SUM(C36:N36) -> 260
B37: 13.45 - 14.00 | C37: 40 | D37: 11 | E37: 3 | F37: 48 | G37: 0 | H37: 2 | I37: 4 | J37: 7 | K37: 0 | L37: 0 | M37: 180 | N37: 0 | O37: =SUM(C37:L37,N37) -> 115 | P37: =SUM(C37:N37) -> 295
B38: 14.00 - 14.15 | C38: 28 | D38: 7 | E38: 3 | F38: 25 | G38: 0 | H38: 0 | I38: 3 | J38: 6 | K38: 0 | L38: 0 | M38: 110 | N38: 0 | O38: =SUM(C38:L38,N38) -> 72 | P38: =SUM(C38:N38) -> 182
B39: 14.15 - 14.30 | C39: 55 | D39: 11 | E39: 5 | F39: 37 | G39: 1 | H39: 0 | I39: 2 | J39: 1 | K39: 0 | L39: 0 | M39: 160 | N39: 0 | O39: =SUM(C39:L39,N39) -> 112 | P39: =SUM(C39:N39) -> 272
B40: 14.30 - 14.45 | C40: 52 | D40: 6 | E40: 4 | F40: 53 | G40: 0 | H40: 1 | I40: 7 | J40: 7 | K40: 2 | L40: 0 | M40: 110 | N40: 0 | O40: =SUM(C40:L40,N40) -> 132 | P40: =SUM(C40:N40) -> 242
... B57: 18.45 - 19.00 | C57: 57 | D57: 17 | E57: 4 | F57: 50 | G57: 0 | H57: 1 | I57: 2 | J57: 1 | K57: 1 | L57: 1 | M57: 186 | N57: 0 | O57: =SUM(C57:L57,N57) -> 134 | P57: =SUM(C57:N57) -> 320
B58: Totals | C58: =SUM(C10:C57) -> 2049 | D58: =SUM(D10:D57) -> 438 | E58: =SUM(E10:E57) -> 286 | F58: =SUM(F10:F57) -> 1970 | G58: =SUM(G10:G57) -> 44 | H58: =SUM(H10:H57) -> 44 | I58: =SUM(I10:I57) -> 192 | J58: =SUM(J10:J57) -> 145 | ... P58: =SUM(P10:P57) -> 13066
B59: %ges + MCs | C59: =C58/$P$58 -> 0.15681923 | D59: =D58/$P$58 -> 0.033522118 | E59: =E58/$P$58 -> 0.021888872 | F59: =F58/$P$58 -> 0.150773 | G59: =G58/$P$58 -> 0.0033675188 | H59: =H58/$P$58 -> 0.0033675188 | I59: =I58/$P$58 -> 0.014694627 | J59: =J58/$P$58 -> 0.011097505 | ... N59: =N58/$P$58 -> 7.6534517e-05
B60: %ges w/o MCs | C60: =C58/$O$58 -> 0.3905833 | D60: =D58/$O$58 -> 0.083492185 | E60: =E58/$O$58 -> 0.054517728 | F60: =F58/$O$58 -> 0.37552421 | G60: =G58/$O$58 -> 0.0083873427 | H60: =H58/$O$58 -> 0.0083873427 | I60: =I58/$O$58 -> 0.036599314 | J60: =J58/$O$58 -> 0.027640107 | ... L60: =L58/$O$58 -> 0.0051467785 | N60: =N58/$O$58 -> 0.00019062143

Sheet 26.07 Bwaise-Makerere-24h
B1: Consultancy services for Preparation of Expressway Development Master Plan (EDMP) for Uganda
B2: MANUAL CLASSIFIED COUNT (MCC)
B3: ROAD NAME: | C3: ='22.07 Bwaise-Makerere'!C3:G3 -> MCC - C1 - STN021- SIR APOLLO ROAD
C5: Date | D5: 26.07.19 | F5: Location | G5: ='25.07 Makerere-Bwaise'!G5:H5 -> PREMIUM DESIGN LTD | J5: Surveyor | K5: ='25.07 Makerere-Bwaise'!K5:L5 -> OMASET JEROME
C6: Dir. From | D6: ='22.07 Bwaise-Makerere'!D6:E6 -> Bwaise | F6: Dir. To | G6: ='22.07 Bwaise-Makerere'!G6:H6 -> Makerere | J6: Supervisor | K6: ='25.07 Makerere-Bwaise'!K6:L6 -> SALIMAH
B8: Time / Veh Type | R8: SUMMARY TRAFFIC VOLUMES
C9: 1. Car | D9: 2. Station Wagon | E9: 3. Pickups | F9: 4. Minibus, matatu | G9: 5. Medium bus | H9: 6. Large Bus | I9: 7. Light Truck | J9: 8. Medium Truck | K9: 9. Heavy truck | L9: 10. Truck Trailer | M9: 11. Motor cycles | N9: 12. Tractors | O9: Total Excl M/Cycles | P9: Total All | R9: Time | S9: 1. Car | T9: 2. Station Wagon | U9: 3. Pickups | V9: 4. Minibus, matatu | W9: 5. Medium bus | X9: 6. Large Bus | Y9: 7. Light Truck | Z9: 8. Medium Truck | AA9: 9. Heavy truck | AB9: 10. Truck Trailer | AC9: 11. Motorcycles | AD9: 12. Tractors, Graders | AE9: Total Excl M/ Cycles | AF9: Total All
B10: 07.00 - 07.15 | C10: 18 | D10: 6 | E10: 10 | F10: 42 | G10: 0 | H10: 0 | I10: 2 | J10: 0 | K10: 0 | L10: 0 | M10: 67 | N10: 0 | O10: =SUM(C10:L10,N10) -> 78 | P10: =SUM(C10:N10) -> 145 | R10: 0700-0800 | S10: =SUM(C10:C13) -> 153 | T10: =SUM(D10:D13) -> 24 | U10: =SUM(E10:E13) -> 24 | V10: =SUM(F10:F13) -> 264 | W10: =SUM(G10:G13) -> 3 | X10: =SUM(H10:H13) -> 1 | Y10: =SUM(I10:I13) -> 12 | Z10: =SUM(J10:J13) -> 9 | ... AF10: =SUM(P10:P13) -> 904
B11: 07.15 - 07.30 | C11: 38 | D11: 3 | E11: 4 | F11: 53 | G11: 0 | H11: 0 | I11: 4 | J11: 6 | K11: 0 | L11: 0 | M11: 95 | N11: 0 | O11: =SUM(C11:L11,N11) -> 108 | P11: =SUM(C11:N11) -> 203 | R11: 0800-0900 | S11: =SUM(C14:C17) -> 43 | T11: =SUM(D14:D17) -> 8 | U11: =SUM(E14:E17) -> 6 | V11: =SUM(F14:F17) -> 58 | W11: =SUM(G14:G17) -> 2 | X11: =SUM(H14:H17) -> 12 | Y11: =SUM(I14:I17) -> 2 | Z11: =SUM(J14:J17) -> 3 | ... AF11: =SUM(P14:P17) -> 338
B12: 07.30 - 07.45 | C12: 38 | D12: 6 | E12: 4 | F12: 78 | G12: 1 | H12: 0 | I12: 2 | J12: 2 | K12: 1 | L12: 0 | M12: 115 | N12: 0 | O12: =SUM(C12:L12,N12) -> 132 | P12: =SUM(C12:N12) -> 247 | R12: 0900-1000 | S12: =SUM(C18:C21) -> 32 | T12: =SUM(D18:D21) -> 2 | U12: =SUM(E18:E21) -> 4 | V12: =SUM(F18:F21) -> 36 | W12: =SUM(G18:G21) -> 0 | X12: =SUM(H18:H21) -> 2 | Y12: =SUM(I18:I21) -> 18 | Z12: =SUM(J18:J21) -> 8 | ... AF12: =SUM(P18:P21) -> 236
B13: 07.45 - 08.00 | C13: 59 | D13: 9 | E13: 6 | F13: 91 | G13: 2 | H13: 1 | I13: 4 | J13: 1 | K13: 1 | L13: 0 | M13: 135 | N13: 0 | O13: =SUM(C13:L13,N13) -> 174 | P13: =SUM(C13:N13) -> 309 | R13: 1000-1100 | S13: =SUM(C22:C25) -> 17 | T13: =SUM(D22:D25) -> 2 | U13: =SUM(E22:E25) -> 6 | V13: =SUM(F22:F25) -> 4 | W13: =SUM(G22:G25) -> 0 | X13: =SUM(H22:H25) -> 3 | Y13: =SUM(I22:I25) -> 6 | Z13: =SUM(J22:J25) -> 0 | ... AF13: =SUM(P22:P25) -> 101
B14: 08.00 - 08.15 | C14: 9 | D14: 0 | E14: 2 | F14: 22 | G14: 0 | H14: 8 | I14: 2 | J14: 1 | K14: 0 | L14: 3 | M14: 35 | N14: 0 | O14: =SUM(C14:L14,N14) -> 47 | P14: =SUM(C14:N14) -> 82 | R14: 1100-1200 | S14: =SUM(C26:C29) -> 17 | T14: =SUM(D26:D29) -> 3 | U14: =SUM(E26:E29) -> 4 | V14: =SUM(F26:F29) -> 5 | W14: =SUM(G26:G29) -> 0 | X14: =SUM(H26:H29) -> 2 | Y14: =SUM(I26:I29) -> 6 | Z14: =SUM(J26:J29) -> 3 | ... AF14: =SUM(P26:P29) -> 129
B15: 08.15 - 08.30 | C15: 15 | D15: 2 | E15: 1 | F15: 20 | G15: 0 | H15: 2 | I15: 0 | J15: 1 | K15: 0 | L15: 0 | M15: 56 | N15: 0 | O15: =SUM(C15:L15,N15) -> 41 | P15: =SUM(C15:N15) -> 97 | R15: 1200-1300 | S15: =SUM(C30:C33) -> 33 | T15: =SUM(D30:D33) -> 5 | U15: =SUM(E30:E33) -> 5 | V15: =SUM(F30:F33) -> 17 | W15: =SUM(G30:G33) -> 0 | X15: =SUM(H30:H33) -> 1 | Y15: =SUM(I30:I33) -> 1 | Z15: =SUM(J30:J33) -> 0 | ... AF15: =SUM(P30:P33) -> 199
B16: 08.30 - 08.45 | C16: 8 | D16: 2 | E16: 1 | F16: 8 | G16: 1 | H16: 1 | J16: 1 | K16: 0 | L16: 0 | M16: 43 | N16: 0 | O16: =SUM(C16:L16,N16) -> 22 | P16: =SUM(C16:N16) -> 65 | R16: 1300-1400 | S16: =SUM(C34:C37) -> 37 | T16: =SUM(D34:D37) -> 14 | U16: =SUM(E34:E37) -> 6 | V16: =SUM(F34:F37) -> 16 | W16: =SUM(G34:G37) -> 0 | X16: =SUM(H34:H37) -> 1 | Y16: =SUM(I34:I37) -> 7 | Z16: =SUM(J34:J37) -> 2 | ... AF16: =SUM(P34:P37) -> 280
B17: 08.45 - 9.00 | C17: 11 | D17: 4 | E17: 2 | F17: 8 | G17: 1 | H17: 1 | J17: 0 | K17: 1 | L17: 0 | M17: 66 | N17: 0 | O17: =SUM(C17:L17,N17) -> 28 | P17: =SUM(C17:N17) -> 94 | R17: 1400-1500 | S17: =SUM(C38:C41) -> 110 | T17: =SUM(D38:D41) -> 7 | U17: =SUM(E38:E41) -> 8 | V17: =SUM(F38:F41) -> 23 | W17: =SUM(G38:G41) -> 9 | X17: =SUM(H38:H41) -> 3 | Y17: =SUM(I38:I41) -> 10 | Z17: =SUM(J38:J41) -> 4 | ... AF17: =SUM(P38:P41) -> 522
B18: 09.00 - 09.15 | C18: 8 | D18: 0 | E18: 0 | F18: 8 | G18: 0 | H18: 0 | I18: 3 | J18: 3 | K18: 0 | L18: 0 | M18: 22 | N18: 0 | O18: =SUM(C18:L18,N18) -> 22 | P18: =SUM(C18:N18) -> 44 | R18: 1500-1600 | S18: =SUM(C42:C45) -> 92 | T18: =SUM(D42:D45) -> 16 | U18: =SUM(E42:E45) -> 22 | V18: =SUM(F42:F45) -> 47 | W18: =SUM(G42:G45) -> 1 | X18: =SUM(H42:H45) -> 3 | Y18: =SUM(I42:I45) -> 10 | Z18: =SUM(J42:J45) -> 4 | ... AF18: =SUM(P42:P45) -> 597
B19: 09.15 - 09.30 | C19: 6 | D19: 1 | E19: 2 | F19: 7 | G19: 0 | H19: 0 | I19: 3 | J19: 1 | K19: 1 | L19: 0 | M19: 28 | N19: 0 | O19: =SUM(C19:L19,N19) -> 21 | P19: =SUM(C19:N19) -> 49 | R19: 1600-1700 | S19: =SUM(C46:C49) -> 120 | T19: =SUM(D46:D49) -> 26 | U19: =SUM(E46:E49) -> 19 | V19: =SUM(F46:F49) -> 84 | W19: =SUM(G46:G49) -> 5 | X19: =SUM(H46:H49) -> 5 | Y19: =SUM(I46:I49) -> 6 | Z19: =SUM(J46:J49) -> 7 | ... AF19: =SUM(P46:P49) -> 700
B20: 09.30 - 09.45 | C20: 8 | D20: 1 | E20: 1 | F20: 11 | G20: 0 | H20: 0 | I20: 11 | J20: 3 | K20: 1 | L20: 1 | M20: 48 | N20: 0 | O20: =SUM(C20:L20,N20) -> 37 | P20: =SUM(C20:N20) -> 85 | R20: 1700-1800 | S20: =SUM(C50:C53) -> 113 | T20: =SUM(D50:D53) -> 29 | U20: =SUM(E50:E53) -> 30 | V20: =SUM(F50:F53) -> 180 | W20: =SUM(G50:G53) -> 3 | X20: =SUM(H50:H53) -> 8 | Y20: =SUM(I50:I53) -> 10 | Z20: =SUM(J50:J53) -> 6 | ... AF20: =SUM(P50:P53) -> 891
B21: 09.45 - 10.00 | C21: 10 | D21: 0 | E21: 1 | F21: 10 | G21: 0 | H21: 2 | I21: 1 | J21: 1 | K21: 0 | L21: 0 | M21: 33 | N21: 0 | O21: =SUM(C21:L21,N21) -> 25 | P21: =SUM(C21:N21) -> 58 | R21: 1800-1900 | S21: =SUM(C54:C57) -> 195 | T21: =SUM(D54:D57) -> 40 | U21: =SUM(E54:E57) -> 39 | V21: =SUM(F54:F57) -> 257 | W21: =SUM(G54:G57) -> 4 | X21: =SUM(H54:H57) -> 4 | Y21: =SUM(I54:I57) -> 18 | Z21: =SUM(J54:J57) -> 4 | ... AF21: =SUM(P54:P57) -> 989
B22: 10.00 - 10.15 | C22: 4 | D22: 1 | E22: 3 | F22: 0 | G22: 0 | H22: 0 | I22: 3 | J22: 0 | K22: 0 | L22: 0 | M22: 9 | N22: 0 | O22: =SUM(C22:L22,N22) -> 11 | P22: =SUM(C22:N22) -> 20 | R22: 1900-2000 | S22: =SUM(C58:C61) -> 192 | T22: =SUM(D58:D61) -> 45 | U22: =SUM(E58:E61) -> 36 | V22: =SUM(F58:F61) -> 171 | W22: =SUM(G58:G61) -> 1 | X22: =SUM(H58:H61) -> 2 | Y22: =SUM(I58:I61) -> 27 | Z22: =SUM(J58:J61) -> 8 | ... AF22: =SUM(P58:P61) -> 1008
B23: 10.15 - 10.30 | C23: 6 | D23: 1 | E23: 1 | F23: 0 | G23: 0 | H23: 0 | I23: 1 | J23: 0 | K23: 0 | L23: 0 | M23: 14 | N23: 0 | O23: =SUM(C23:L23,N23) -> 9 | P23: =SUM(C23:N23) -> 23 | R23: 2000-2100 | S23: =SUM(C62:C65) -> 171 | T23: =SUM(D62:D65) -> 62 | U23: =SUM(E62:E65) -> 31 | V23: =SUM(F62:F65) -> 147 | W23: =SUM(G62:G65) -> 2 | X23: =SUM(H62:H65) -> 4 | Y23: =SUM(I62:I65) -> 23 | Z23: =SUM(J62:J65) -> 11 | ... AF23: =SUM(P62:P65) -> 983
B24: 10.30 - 10.45 | C24: 3 | D24: 0 | E24: 0 | F24: 3 | G24: 0 | H24: 3 | I24: 1 | J24: 0 | K24: 1 | L24: 0 | M24: 27 | N24: 0 | O24: =SUM(C24:L24,N24) -> 11 | P24: =SUM(C24:N24) -> 38 | R24: 2100-2200 | S24: =SUM(C66:C69) -> 239 | T24: =SUM(D66:D69) -> 98 | U24: =SUM(E66:E69) -> 54 | V24: =SUM(F66:F69) -> 158 | W24: =SUM(G66:G69) -> 4 | X24: =SUM(H66:H69) -> 3 | Y24: =SUM(I66:I69) -> 37 | Z24: =SUM(J66:J69) -> 10 | ... AF24: =SUM(P66:P69) -> 1176
B25: 10.45 - 11.00 | C25: 4 | D25: 0 | E25: 2 | F25: 1 | G25: 0 | H25: 0 | I25: 1 | J25: 0 | K25: 0 | L25: 0 | M25: 12 | N25: 0 | O25: =SUM(C25:L25,N25) -> 8 | P25: =SUM(C25:N25) -> 20 | R25: 2200-2300 | S25: =SUM(C70:C73) -> 242 | T25: =SUM(D70:D73) -> 72 | U25: =SUM(E70:E73) -> 96 | V25: =SUM(F70:F73) -> 153 | W25: =SUM(G70:G73) -> 3 | X25: =SUM(H70:H73) -> 14 | Y25: =SUM(I70:I73) -> 36 | Z25: =SUM(J70:J73) -> 7 | ... AF25: =SUM(P70:P73) -> 1171
B26: 11.00 - 11.15 | C26: 9 | D26: 0 | E26: 1 | F26: 2 | G26: 0 | H26: 1 | I26: 1 | J26: 2 | K26: 0 | L26: 0 | M26: 41 | N26: 0 | O26: =SUM(C26:L26,N26) -> 16 | P26: =SUM(C26:N26) -> 57 | R26: 2300-0000 | S26: =SUM(C74:C77) -> 244 | T26: =SUM(D74:D77) -> 47 | U26: =SUM(E74:E77) -> 47 | V26: =SUM(F74:F77) -> 194 | W26: =SUM(G74:G77) -> 1 | X26: =SUM(H74:H77) -> 6 | Y26: =SUM(I74:I77) -> 34 | Z26: =SUM(J74:J77) -> 6 | ... AF26: =SUM(P74:P77) -> 1017
B27: 11.15 - 11.30 | C27: 2 | D27: 1 | E27: 1 | F27: 1 | G27: 0 | H27: 0 | I27: 1 | J27: 0 | K27: 0 | L27: 0 | M27: 22 | N27: 0 | O27: =SUM(C27:L27,N27) -> 6 | P27: =SUM(C27:N27) -> 28 | R27: 0000-0100 | S27: =SUM(C78:C81) -> 225 | T27: =SUM(D78:D81) -> 49 | U27: =SUM(E78:E81) -> 51 | V27: =SUM(F78:F81) -> 184 | W27: =SUM(G78:G81) -> 2 | X27: =SUM(H78:H81) -> 3 | Y27: =SUM(I78:I81) -> 34 | Z27: =SUM(J78:J81) -> 9 | ... AF27: =SUM(P78:P81) -> 1214
B28: 11.30 - 11.45 | C28: 3 | D28: 1 | E28: 1 | F28: 2 | G28: 0 | H28: 1 | I28: 3 | J28: 0 | K28: 0 | L28: 0 | M28: 12 | N28: 0 | O28: =SUM(C28:L28,N28) -> 11 | P28: =SUM(C28:N28) -> 23 | R28: 0100-0200 | S28: =SUM(C82:C85) -> 280 | T28: =SUM(D82:D85) -> 69 | U28: =SUM(E82:E85) -> 60 | V28: =SUM(F82:F85) -> 215 | W28: =SUM(G82:G85) -> 4 | X28: =SUM(H82:H85) -> 4 | Y28: =SUM(I82:I85) -> 29 | Z28: =SUM(J82:J85) -> 8 | ... AF28: =SUM(P82:P85) -> 1321
B29: 11.45 - 12.00 | C29: 3 | D29: 1 | E29: 1 | F29: 0 | G29: 0 | H29: 0 | I29: 1 | J29: 1 | K29: 0 | L29: 0 | M29: 14 | N29: 0 | O29: =SUM(C29:L29,N29) -> 7 | P29: =SUM(C29:N29) -> 21 | R29: 0200-0300 | S29: =SUM(C86:C89) -> 274 | T29: =SUM(D86:D89) -> 67 | U29: =SUM(E86:E89) -> 41 | V29: =SUM(F86:F89) -> 170 | W29: =SUM(G86:G89) -> 0 | X29: =SUM(H86:H89) -> 3 | Y29: =SUM(I86:I89) -> 25 | Z29: =SUM(J86:J89) -> 5 | ... AF29: =SUM(P86:P89) -> 1222
B30: 12.00 - 12.15 | C30: 10 | D30: 0 | E30: 3 | F30: 2 | G30: 0 | H30: 1 | I30: 0 | J30: 0 | K30: 0 | L30: 0 | M30: 58 | N30: 0 | O30: =SUM(C30:L30,N30) -> 16 | P30: =SUM(C30:N30) -> 74 | R30: 0300-0400 | S30: =SUM(C90:C93) -> 299 | T30: =SUM(D90:D93) -> 75 | U30: =SUM(E90:E93) -> 40 | V30: =SUM(F90:F93) -> 221 | W30: =SUM(G90:G93) -> 6 | X30: =SUM(H90:H93) -> 3 | Y30: =SUM(I90:I93) -> 22 | Z30: =SUM(J90:J93) -> 3 | ... AF30: =SUM(P90:P93) -> 1338
B31: 12.15 - 12.30 | C31: 8 | D31: 3 | E31: 1 | F31: 9 | G31: 0 | H31: 0 | I31: 0 | J31: 0 | K31: 0 | L31: 0 | M31: 38 | N31: 0 | O31: =SUM(C31:L31,N31) -> 21 | P31: =SUM(C31:N31) -> 59 | R31: 0400-0500 | S31: =SUM(C94:C97) -> 215 | T31: =SUM(D94:D97) -> 73 | U31: =SUM(E94:E97) -> 50 | V31: =SUM(F94:F97) -> 251 | W31: =SUM(G94:G97) -> 2 | X31: =SUM(H94:H97) -> 2 | Y31: =SUM(I94:I97) -> 29 | Z31: =SUM(J94:J97) -> 5 | ... AF31: =SUM(P94:P97) -> 1307
B32: 12.30 - 12.45 | C32: 3 | D32: 0 | E32: 1 | F32: 3 | G32: 0 | H32: 0 | I32: 1 | J32: 0 | K32: 0 | L32: 2 | M32: 23 | N32: 0 | O32: =SUM(C32:L32,N32) -> 10 | P32: =SUM(C32:N32) -> 33 | R32: 0500-0600 | S32: =SUM(C98:C101) -> 301 | T32: =SUM(D98:D101) -> 63 | U32: =SUM(E98:E101) -> 36 | V32: =SUM(F98:F101) -> 308 | W32: =SUM(G98:G101) -> 3 | X32: =SUM(H98:H101) -> 4 | Y32: =SUM(I98:I101) -> 27 | Z32: =SUM(J98:J101) -> 4 | ... AF32: =SUM(P98:P101) -> 1670
B33: 12.45 - 13.00 | C33: 12 | D33: 2 | E33: 0 | F33: 3 | G33: 0 | H33: 0 | I33: 0 | J33: 0 | K33: 0 | L33: 1 | M33: 15 | N33: 0 | O33: =SUM(C33:L33,N33) -> 18 | P33: =SUM(C33:N33) -> 33 | R33: 0600-0700 | S33: =SUM(C102:C105) -> 388 | T33: =SUM(D102:D105) -> 84 | U33: =SUM(E102:E105) -> 42 | V33: =SUM(F102:F105) -> 325 | W33: =SUM(G102:G105) -> 13 | X33: =SUM(H102:H105) -> 2 | Y33: =SUM(I102:I105) -> 9 | Z33: =SUM(J102:J105) -> 2 | ... AF33: =SUM(P102:P105) -> 1595
B34: 13.00 - 13.15 | C34: 12 | D34: 3 | E34: 1 | F34: 6 | G34: 0 | H34: 0 | I34: 1 | J34: 1 | K34: 0 | L34: 0 | M34: 95 | N34: 0 | O34: =SUM(C34:L34,N34) -> 24 | P34: =SUM(C34:N34) -> 119 | R34: AM Peak Hr | S34: =MAX(S10:S12) -> 153 | T34: =MAX(T10:T12) -> 24 | U34: =MAX(U10:U12) -> 24 | V34: =MAX(V10:V12) -> 264 | W34: =MAX(W10:W12) -> 3 | X34: =MAX(X10:X12) -> 12 | Y34: =MAX(Y10:Y12) -> 18 | Z34: =MAX(Z10:Z12) -> 9 | ... AF34: =MAX(AF10:AF12) -> 904
B35: 13.15 - 13.30 | C35: 13 | D35: 4 | E35: 2 | F35: 4 | G35: 0 | H35: 1 | I35: 1 | J35: 0 | K35: 0 | L35: 0 | M35: 67 | N35: 0 | O35: =SUM(C35:L35,N35) -> 25 | P35: =SUM(C35:N35) -> 92 | R35: IP Peak Hr | S35: =MAX(S13:S18) -> 110 | T35: =MAX(T13:T18) -> 16 | U35: =MAX(U13:U18) -> 22 | V35: =MAX(V13:V18) -> 47 | W35: =MAX(W13:W18) -> 9 | X35: =MAX(X13:X18) -> 3 | Y35: =MAX(Y13:Y18) -> 10 | Z35: =MAX(Z13:Z18) -> 4 | ... AF35: =MAX(AF13:AF18) -> 597
B36: 13.30 - 13.45 | C36: 8 | D36: 3 | E36: 1 | F36: 6 | G36: 0 | H36: 0 | I36: 5 | J36: 0 | K36: 0 | L36: 0 | M36: 52 | N36: 0 | O36: =SUM(C36:L36,N36) -> 23 | P36: 8 | R36: PM Peak Hr | S36: =MAX(S19:S21) -> 195 | T36: =MAX(T19:T21) -> 40 | U36: =MAX(U19:U21) -> 39 | V36: =MAX(V19:V21) -> 257 | W36: =MAX(W19:W21) -> 5 | X36: =MAX(X19:X21) -> 8 | Y36: =MAX(Y19:Y21) -> 18 | Z36: =MAX(Z19:Z21) -> 7 | ... AF36: =MAX(AF19:AF21) -> 989
B37: 13.45 - 14.00 | C37: 4 | D37: 4 | E37: 2 | F37: 0 | G37: 0 | H37: 0 | I37: 0 | J37: 1 | K37: 0 | L37: 0 | M37: 50 | N37: 0 | O37: =SUM(C37:L37,N37) -> 11 | P37: =SUM(C37:N37) -> 61 | R37: AM Period | S37: =SUM(S10:S12) -> 228 | T37: =SUM(T10:T12) -> 34 | U37: =SUM(U10:U12) -> 34 | V37: =SUM(V10:V12) -> 358 | W37: =SUM(W10:W12) -> 5 | X37: =SUM(X10:X12) -> 15 | Y37: =SUM(Y10:Y12) -> 32 | Z37: =SUM(Z10:Z12) -> 20 | ... AF37: =SUM(AF10:AF12) -> 1478
B38: 14.00 - 14.15 | C38: 29 | D38: 2 | E38: 0 | F38: 11 | G38: 1 | H38: 1 | I38: 2 | J38: 2 | K38: 1 | L38: 2 | M38: 72 | N38: 0 | O38: =SUM(C38:L38,N38) -> 51 | P38: =SUM(C38:N38) -> 123 | R38: IP Period | S38: =SUM(S13:S18) -> 306 | T38: =SUM(T13:T18) -> 47 | U38: =SUM(U13:U18) -> 51 | V38: =SUM(V13:V18) -> 112 | W38: =SUM(W13:W18) -> 10 | X38: =SUM(X13:X18) -> 13 | Y38: =SUM(Y13:Y18) -> 40 | Z38: =SUM(Z13:Z18) -> 13 | ... AF38: =SUM(AF13:AF18) -> 1828
B39: 14.15 - 14.30 | C39: 25 | D39: 1 | E39: 3 | F39: 2 | G39: 2 | H39: 0 | I39: 0 | J39: 0 | K39: 1 | L39: 0 | M39: 73 | N39: 0 | O39: =SUM(C39:L39,N39) -> 34 | P39: =SUM(C39:N39) -> 107 | R39: PM Period | S39: =SUM(S19:S21) -> 428 | T39: =SUM(T19:T21) -> 95 | U39: =SUM(U19:U21) -> 88 | V39: =SUM(V19:V21) -> 521 | W39: =SUM(W19:W21) -> 12 | X39: =SUM(X19:X21) -> 17 | Y39: =SUM(Y19:Y21) -> 34 | Z39: =SUM(Z19:Z21) -> 17 | ... AF39: =SUM(AF19:AF21) -> 2580
B40: 14.30 - 14.45 | C40: 33 | D40: 2 | E40: 2 | F40: 1 | G40: 5 | H40: 1 | I40: 5 | J40: 1 | K40: 0 | L40: 0 | M40: 80 | N40: 0 | O40: =SUM(C40:L40,N40) -> 50 | P40: =SUM(C40:N40) -> 130 | R40: 12 Hours | S40: =SUM(S10:S21) -> 962 | T40: =SUM(T10:T21) -> 176 | U40: =SUM(U10:U21) -> 173 | V40: =SUM(V10:V21) -> 991 | W40: =SUM(W10:W21) -> 27 | X40: =SUM(X10:X21) -> 45 | Y40: =SUM(Y10:Y21) -> 106 | Z40: =SUM(Z10:Z21) -> 50 | ... AF40: =SUM(AF10:AF21) -> 5886
B41: 14.45 - 15.00 | C41: 23 | D41: 2 | E41: 3 | F41: 9 | G41: 1 | H41: 1 | I41: 3 | J41: 1 | K41: 1 | L41: 1 | M41: 117 | N41: 0 | O41: =SUM(C41:L41,N41) -> 45 | P41: =SUM(C41:N41) -> 162 | R41: 24 Hrs/ADT | S41: =SUM(S10:S33) -> 4032 | T41: =SUM(T10:T33) -> 980 | U41: =SUM(U10:U33) -> 757 | V41: =SUM(V10:V33) -> 3488 | W41: =SUM(W10:W33) -> 68 | X41: =SUM(X10:X33) -> 95 | Y41: =SUM(Y10:Y33) -> 438 | Z41: =SUM(Z10:Z33) -> 128 | ... AF41: =SUM(AF10:AF33) -> 20908
B42: 15.00 - 15.15 | C42: 24 | D42: 3 | E42: 5 | F42: 12 | G42: 0 | H42: 0 | I42: 5 | J42: 0 | K42: 0 | L42: 1 | M42: 92 | N42: 0 | O42: =SUM(C42:L42,N42) -> 50 | P42: =SUM(C42:N42) -> 142 | R42: NEF | S42: =S41/S40 -> 4.1912682 | T42: =T41/T40 -> 5.5681818 | U42: =U41/U40 -> 4.3757225 | V42: =V41/V40 -> 3.5196771 | W42: =W41/W40 -> 2.5185185 | X42: =X41/X40 -> 2.1111111 | Y42: =Y41/Y40 -> 4.1320755 | Z42: =Z41/Z40 -> 2.56 | ... AF42: =AF41/AF40 -> 3.5521577
B43: 15.15 - 15.30 | C43: 23 | D43: 4 | E43: 8 | F43: 15 | G43: 0 | H43: 1 | I43: 2 | J43: 1 | K43: 0 | L43: 0 | M43: 90 | N43: 0 | O43: =SUM(C43:L43,N43) -> 54 | P43: =SUM(C43:N43) -> 144
B44: 15.30 - 15.45 | C44: 30 | D44: 8 | E44: 5 | F44: 10 | G44: 1 | H44: 1 | I44: 1 | J44: 3 | K44: 0 | L44: 0 | M44: 89 | N44: 0 | O44: =SUM(C44:L44,N44) -> 59 | P44: =SUM(C44:N44) -> 148
B45: 15.45 - 16.00 | C45: 15 | D45: 1 | E45: 4 | F45: 10 | G45: 0 | H45: 1 | I45: 2 | J45: 0 | K45: 0 | L45: 0 | M45: 130 | N45: 0 | O45: =SUM(C45:L45,N45) -> 33 | P45: =SUM(C45:N45) -> 163
B46: 16.00 - 16.15 | C46: 26 | D46: 10 | E46: 1 | F46: 18 | G46: 3 | H46: 0 | I46: 1 | J46: 1 | K46: 0 | L46: 1 | M46: 115 | N46: 0 | O46: =SUM(C46:L46,N46) -> 61 | P46: =SUM(C46:N46) -> 176
B47: 16.15 -16.30 | C47: 26 | D47: 7 | E47: 6 | F47: 35 | G47: 0 | H47: 1 | I47: 0 | J47: 1 | K47: 0 | L47: 0 | M47: 100 | N47: 0 | O47: =SUM(C47:L47,N47) -> 76 | P47: =SUM(C47:N47) -> 176
B48: 16.30 -16.45 | C48: 38 | D48: 5 | E48: 4 | F48: 31 | G48: 1 | H48: 0 | I48: 5 | J48: 5 | K48: 1 | L48: 1 | M48: 120 | N48: 0 | O48: =SUM(C48:L48,N48) -> 91 | P48: =SUM(C48:N48) -> 211
B49: 16.45 -17.00 | C49: 30 | D49: 4 | E49: 8 | F49: 0 | G49: 1 | H49: 4 | I49: 0 | J49: 0 | K49: 0 | L49: 0 | M49: 90 | N49: 0 | O49: =SUM(C49:L49,N49) -> 47 | P49: =SUM(C49:N49) -> 137
B50: 17.00 -17.15 | C50: 27 | D50: 6 | E50: 0 | F50: 40 | G50: 0 | H50: 2 | I50: 3 | J50: 3 | K50: 0 | L50: 1 | M50: 77 | N50: 0 | O50: =SUM(C50:L50,N50) -> 82 | P50: =SUM(C50:N50) -> 159
B51: 17.15 -17.30 | C51: 24 | D51: 10 | E51: 6 | F51: 34 | G51: 1 | H51: 3 | I51: 2 | J51: 0 | K51: 0 | L51: 0 | M51: 135 | N51: 0 | O51: =SUM(C51:L51,N51) -> 80 | P51: =SUM(C51:N51) -> 215
B52: 17.30 -17.45 | C52: 35 | D52: 6 | E52: 19 | F52: 48 | G52: 1 | H52: 1 | I52: 2 | J52: 2 | K52: 0 | L52: 0 | M52: 157 | N52: 0 | O52: =SUM(C52:L52,N52) -> 114 | P52: =SUM(C52:N52) -> 271
B53: 17.45 -18.00 | C53: 27 | D53: 7 | E53: 5 | F53: 58 | G53: 1 | H53: 2 | I53: 3 | J53: 1 | K53: 0 | L53: 0 | M53: 142 | N53: 0 | O53: =SUM(C53:L53,N53) -> 104 | P53: =SUM(C53:N53) -> 246
B54: 18.00 - 18.15 | C54: 70 | D54: 13 | E54: 15 | F54: 90 | G54: 4 | H54: 0 | I54: 2 | J54: 0 | K54: 0 | L54: 2 | M54: 175 | N54: 0 | O54: =SUM(C54:L54,N54) -> 196 | P54: =SUM(C54:N54) -> 371
... B73: 22.45 - 23.00 | C73: 62 | D73: 21 | E73: 20 | F73: 39 | G73: 0 | H73: 1 | I73: 13 | J73: 4 | K73: 1 | L73: 0 | M73: 134 | N73: 0 | O73: =SUM(C73:L73,N73) -> 161 | P73: =SUM(C73:N73) -> 295
B74: 23.00 - 23.15 | C74: 63 | D74: 11 | E74: 21 | F74: 49 | H74: 2 | I74: 6 | J74: 2 | K74: 0 | L74: 0 | M74: 110 | N74: 0 | O74: =SUM(C74:L74,N74) -> 154 | P74: =SUM(C74:N74) -> 264
B75: 23.15 - 23.30 | C75: 59 | D75: 11 | E75: 9 | F75: 48 | G75: 1 | H75: 2 | I75: 10 | J75: 1 | K75: 1 | L75: 0 | M75: 105 | N75: 0 | O75: =SUM(C75:L75,N75) -> 142 | P75: =SUM(C75:N75) -> 247
B76: 23.30 - 23.45 | C76: 55 | D76: 16 | E76: 5 | F76: 36 | G76: 0 | H76: 1 | I76: 7 | J76: 0 | K76: 1 | L76: 0 | M76: 100 | N76: 0 | O76: =SUM(C76:L76,N76) -> 121 | P76: =SUM(C76:N76) -> 221
B77: 23.45 - 00.00 | C77: 67 | D77: 9 | E77: 12 | F77: 61 | G77: 0 | H77: 1 | I77: 11 | J77: 3 | K77: 1 | L77: 0 | M77: 120 | N77: 0 | O77: =SUM(C77:L77,N77) -> 165 | P77: =SUM(C77:N77) -> 285
B78: 00.00 - 00.15 | C78: 75 | D78: 11 | E78: 12 | F78: 61 | G78: 1 | H78: 0 | I78: 15 | J78: 2 | K78: 2 | L78: 1 | M78: 125 | N78: 0 | O78: =SUM(C78:L78,N78) -> 180 | P78: =SUM(C78:N78) -> 305
B79: 00.15 - 00.30 | C79: 47 | D79: 13 | E79: 16 | F79: 31 | G79: 0 | H79: 0 | I79: 9 | J79: 2 | K79: 1 | L79: 1 | M79: 175 | N79: 0 | O79: =SUM(C79:L79,N79) -> 120 | P79: =SUM(C79:N79) -> 295
B80: 00.30 - 00.45 | C80: 53 | D80: 18 | E80: 15 | F80: 55 | G80: 1 | H80: 3 | I80: 7 | J80: 3 | K80: 0 | L80: 1 | M80: 200 | N80: 0 | O80: =SUM(C80:L80,N80) -> 156 | P80: =SUM(C80:N80) -> 356
B81: 00.45 - 01.00 | C81: 50 | D81: 7 | E81: 8 | F81: 37 | G81: 0 | H81: 0 | I81: 3 | J81: 2 | K81: 0 | L81: 1 | M81: 150 | N81: 0 | O81: =SUM(C81:L81,N81) -> 108 | P81: =SUM(C81:N81) -> 258
B82: 01.00 - 01.15 | C82: 80 | D82: 18 | E82: 14 | F82: 68 | G82: 1 | H82: 0 | I82: 10 | J82: 3 | K82: 2 | L82: 1 | M82: 160 | N82: 0 | O82: =SUM(C82:L82,N82) -> 197 | P82: =SUM(C82:N82) -> 357
B83: 01.15 - 01.30 | C83: 72 | D83: 15 | E83: 16 | F83: 45 | G83: 2 | H83: 1 | I83: 5 | J83: 1 | K83: 1 | L83: 2 | M83: 153 | N83: 0 | O83: =SUM(C83:L83,N83) -> 160 | P83: =SUM(C83:N83) -> 313
B84: 01.30 - 01.45 | C84: 56 | D84: 15 | E84: 20 | F84: 39 | G84: 1 | H84: 1 | I84: 9 | J84: 3 | K84: 1 | L84: 2 | M84: 137 | N84: 0 | O84: =SUM(C84:L84,N84) -> 147 | P84: =SUM(C84:N84) -> 284
B85: 01.45 - 02.00 | C85: 72 | D85: 21 | E85: 10 | F85: 63 | G85: 0 | H85: 2 | I85: 5 | J85: 1 | K85: 5 | L85: 0 | M85: 188 | N85: 0 | O85: =SUM(C85:L85,N85) -> 179 | P85: =SUM(C85:N85) -> 367
B86: 02.00 - 02.15 | C86: 96 | D86: 23 | E86: 11 | F86: 54 | G86: 0 | H86: 1 | I86: 5 | J86: 3 | K86: 1 | L86: 0 | M86: 161 | N86: 0 | O86: =SUM(C86:L86,N86) -> 194 | P86: =SUM(C86:N86) -> 355
... B105: 06.45 - 07.00 | C105: 104 | D105: 20 | E105: 8 | F105: 109 | G105: 2 | H105: 1 | I105: 2 | J105: 1 | K105: 1 | L105: 0 | M105: 180 | N105: 0 | O105: =SUM(C105:L105,N105) -> 248 | P105: =SUM(C105:N105) -> 428
B106: Totals | C106: =SUM(C10:C105) -> 4032 | D106: =SUM(D10:D105) -> 980 | E106: =SUM(E10:E105) -> 757 | F106: =SUM(F10:F105) -> 3488 | G106: =SUM(G10:G105) -> 68 | H106: =SUM(H10:H105) -> 95 | I106: =SUM(I10:I105) -> 438 | J106: =SUM(J10:J105) -> 128 | ... P106: =SUM(P10:P105) -> 20908
B107: %ges + MCs | C107: =C106/$P$106 -> 0.19284484 | D107: =D106/$P$106 -> 0.046872011 | E107: =E106/$P$106 -> 0.036206237 | F107: =F106/$P$106 -> 0.1668261 | G107: =G106/$P$106 -> 0.0032523436 | H107: =H106/$P$106 -> 0.0045437153 | I107: =I106/$P$106 -> 0.020948919 | J107: =J106/$P$106 -> 0.0061220585 | ... N107: =N106/$P$106 -> 0
B108: %ges w/o MCs | C108: =C106/$O$106 -> 0.39889197 | D108: =D106/$O$106 -> 0.096952909 | E108: =E106/$O$106 -> 0.074891175 | F108: =F106/$O$106 -> 0.34507321 | G108: =G106/$O$106 -> 0.0067273447 | H108: =H106/$O$106 -> 0.0093984962 | I108: =I106/$O$106 -> 0.043332014 | J108: =J106/$O$106 -> 0.012663237 | ... L108: =L106/$O$106 -> 0.0035615354 | N108: =N106/$O$106 -> 0

Sheet 26.07 Makerere-Bwaise-24h
B1: Consultancy services for Preparation of Expressway Development Master Plan (EDMP) for Uganda
B2: MANUAL CLASSIFIED COUNT (MCC)
B3: ROAD NAME: | C3: ='22.07 Bwaise-Makerere'!C3:G3 -> MCC - C1 - STN021- SIR APOLLO ROAD
C5: Date | D5: ='26.07 Bwaise-Makerere-24h'!D5 -> 26.07.19 | F5: Location | G5: PREMIUM DESIGN LTD | J5: Surveyor | K5: OMASET SEROME
C6: Dir. From | D6: ='22.07 MAKERERE-BWAISE'!D6:E6 -> MAKARERE | F6: Dir. To | G6: ='23.07 Makerere-Bwaise'!G6:H6 -> BWAISE | J6: Supervisor | K6: ='26.07 Bwaise-Makerere-24h'!K6:L6 -> SALIMAH
B8: Time / Veh Type | R8: SUMMARY TRAFFIC VOLUMES
C9: 1. Car | D9: 2. Station Wagon | E9: 3. Pickups | F9: 4. Minibus, matatu | G9: 5. Medium bus | H9: 6. Large Bus | I9: 7. Light Truck | J9: 8. Medium Truck | K9: 9. Heavy truck | L9: 10. Truck Trailer | M9: 11. Motor cycles | N9: 12. Tractors | O9: Total Excl M/Cycles | P9: Total All | R9: Time | S9: 1. Car | T9: 2. Station Wagon | U9: 3. Pickups | V9: 4. Minibus, matatu | W9: 5. Medium bus | X9: 6. Large Bus | Y9: 7. Light Truck | Z9: 8. Medium Truck | AA9: 9. Heavy truck | AB9: 10. Truck Trailer | AC9: 11. Motorcycles | AD9: 12. Tractors, Graders | AE9: Total Excl M/ Cycles | AF9: Total All
B10: 07.00 - 07.15 | C10: 20 | D10: 4 | E10: 4 | F10: 46 | G10: 1 | H10: 3 | I10: 8 | J10: 0 | K10: 0 | L10: 0 | M10: 107 | N10: 0 | O10: =SUM(C10:L10,N10) -> 86 | P10: =SUM(C10:N10) -> 193 | R10: 0700-0800 | S10: =SUM(C10:C13) -> 137 | T10: =SUM(D10:D13) -> 32 | U10: =SUM(E10:E13) -> 9 | V10: =SUM(F10:F13) -> 189 | W10: =SUM(G10:G13) -> 3 | X10: =SUM(H10:H13) -> 5 | Y10: =SUM(I10:I13) -> 62 | Z10: =SUM(J10:J13) -> 0 | ... AF10: =SUM(P10:P13) -> 963
B11: 07.15 - 07.30 | C11: 45 | D11: 12 | E11: 1 | F11: 27 | G11: 2 | H11: 0 | I11: 5 | J11: 0 | K11: 0 | L11: 0 | M11: 105 | N11: 0 | O11: =SUM(C11:L11,N11) -> 92 | P11: =SUM(C11:N11) -> 197 | R11: 0800-0900 | S11: =SUM(C14:C17) -> 110 | T11: =SUM(D14:D17) -> 27 | U11: =SUM(E14:E17) -> 10 | V11: =SUM(F14:F17) -> 194 | W11: =SUM(G14:G17) -> 6 | X11: =SUM(H14:H17) -> 5 | Y11: =SUM(I14:I17) -> 12 | Z11: =SUM(J14:J17) -> 2 | ... AF11: =SUM(P14:P17) -> 1288
B12: 07.30 - 07.45 | C12: 36 | D12: 8 | E12: 2 | F12: 58 | G12: 0 | H12: 1 | I12: 45 | J12: 0 | K12: 0 | L12: 1 | M12: 156 | N12: 0 | O12: =SUM(C12:L12,N12) -> 151 | P12: =SUM(C12:N12) -> 307 | R12: 0900-1000 | S12: =SUM(C18:C21) -> 118 | T12: =SUM(D18:D21) -> 34 | U12: =SUM(E18:E21) -> 10 | V12: =SUM(F18:F21) -> 222 | W12: =SUM(G18:G21) -> 9 | X12: =SUM(H18:H21) -> 3 | Y12: =SUM(I18:I21) -> 15 | Z12: =SUM(J18:J21) -> 8 | ... AF12: =SUM(P18:P21) -> 1314
B13: 07.45 - 08.00 | C13: 36 | D13: 8 | E13: 2 | F13: 58 | G13: 0 | H13: 1 | I13: 4 | J13: 0 | K13: 0 | L13: 1 | M13: 156 | N13: 0 | O13: =SUM(C13:L13,N13) -> 110 | P13: =SUM(C13:N13) -> 266 | R13: 1000-1100 | S13: =SUM(C22:C25) -> 128 | T13: =SUM(D22:D25) -> 34 | U13: =SUM(E22:E25) -> 13 | V13: =SUM(F22:F25) -> 226 | W13: =SUM(G22:G25) -> 5 | X13: =SUM(H22:H25) -> 2 | Y13: =SUM(I22:I25) -> 16 | Z13: =SUM(J22:J25) -> 13 | ... AF13: =SUM(P22:P25) -> 1263
B14: 08.00 - 08.15 | C14: 35 | D14: 8 | E14: 2 | F14: 38 | G14: 1 | H14: 0 | I14: 3 | J14: 0 | K14: 1 | L14: 0 | M14: 168 | N14: 0 | O14: =SUM(C14:L14,N14) -> 88 | P14: =SUM(C14:N14) -> 256 | R14: 1100-1200 | S14: =SUM(C26:C29) -> 144 | T14: =SUM(D26:D29) -> 37 | U14: =SUM(E26:E29) -> 31 | V14: =SUM(F26:F29) -> 171 | W14: =SUM(G26:G29) -> 4 | X14: =SUM(H26:H29) -> 5 | Y14: =SUM(I26:I29) -> 19 | Z14: =SUM(J26:J29) -> 19 | ... AF14: =SUM(P26:P29) -> 1155
B15: 08.15 - 08.30 | C15: 21 | D15: 10 | E15: 2 | F15: 33 | G15: 2 | H15: 2 | I15: 2 | J15: 2 | K15: 0 | L15: 0 | M15: 195 | N15: 0 | O15: =SUM(C15:L15,N15) -> 74 | P15: =SUM(C15:N15) -> 269 | R15: 1200-1300 | S15: =SUM(C30:C33) -> 193 | T15: =SUM(D30:D33) -> 51 | U15: =SUM(E30:E33) -> 18 | V15: =SUM(F30:F33) -> 190 | W15: =SUM(G30:G33) -> 1 | X15: =SUM(H30:H33) -> 5 | Y15: =SUM(I30:I33) -> 20 | Z15: =SUM(J30:J33) -> 14 | ... AF15: =SUM(P30:P33) -> 1205
B16: 08.30 - 08.45 | C16: 24 | D16: 4 | E16: 6 | F16: 51 | G16: 1 | H16: 2 | I16: 2 | J16: 0 | K16: 1 | L16: 1 | M16: 260 | N16: 0 | O16: =SUM(C16:L16,N16) -> 92 | P16: =SUM(C16:N16) -> 352 | R16: 1300-1400 | S16: =SUM(C34:C37) -> 173 | T16: =SUM(D34:D37) -> 56 | U16: =SUM(E34:E37) -> 15 | V16: =SUM(F34:F37) -> 198 | W16: =SUM(G34:G37) -> 2 | X16: =SUM(H34:H37) -> 5 | Y16: =SUM(I34:I37) -> 16 | Z16: =SUM(J34:J37) -> 12 | ... AF16: =SUM(P34:P37) -> 1102
B17: 08.45 - 9.00 | C17: 30 | D17: 5 | E17: 0 | F17: 72 | G17: 2 | H17: 1 | I17: 5 | J17: 0 | K17: 0 | L17: 1 | M17: 295 | N17: 0 | O17: =SUM(C17:L17,N17) -> 116 | P17: =SUM(C17:N17) -> 411 | R17: 1400-1500 | S17: =SUM(C38:C41) -> 149 | T17: =SUM(D38:D41) -> 42 | U17: =SUM(E38:E41) -> 15 | V17: =SUM(F38:F41) -> 221 | W17: =SUM(G38:G41) -> 6 | X17: =SUM(H38:H41) -> 3 | Y17: =SUM(I38:I41) -> 21 | Z17: =SUM(J38:J41) -> 18 | ... AF17: =SUM(P38:P41) -> 979
B18: 09.00 - 09.15 | C18: 27 | D18: 7 | E18: 2 | F18: 77 | G18: 2 | H18: 1 | I18: 1 | J18: 2 | K18: 0 | L18: 0 | M18: 270 | N18: 0 | O18: =SUM(C18:L18,N18) -> 119 | P18: =SUM(C18:N18) -> 389 | R18: 1500-1600 | S18: =SUM(C42:C45) -> 211 | T18: =SUM(D42:D45) -> 68 | U18: =SUM(E42:E45) -> 23 | V18: =SUM(F42:F45) -> 170 | W18: =SUM(G42:G45) -> 4 | X18: =SUM(H42:H45) -> 3 | Y18: =SUM(I42:I45) -> 17 | Z18: =SUM(J42:J45) -> 14 | ... AF18: =SUM(P42:P45) -> 1088
B19: 09.15 - 09.30 | C19: 21 | D19: 9 | E19: 0 | F19: 40 | G19: 4 | H19: 1 | I19: 8 | J19: 2 | K19: 0 | L19: 0 | M19: 205 | N19: 0 | O19: =SUM(C19:L19,N19) -> 85 | P19: =SUM(C19:N19) -> 290 | R19: 1600-1700 | S19: =SUM(C46:C49) -> 278 | T19: =SUM(D46:D49) -> 94 | U19: =SUM(E46:E49) -> 22 | V19: =SUM(F46:F49) -> 183 | W19: =SUM(G46:G49) -> 2 | X19: =SUM(H46:H49) -> 7 | Y19: =SUM(I46:I49) -> 25 | Z19: =SUM(J46:J49) -> 25 | ... AF19: =SUM(P46:P49) -> 1283
B20: 09.30 - 09.45 | C20: 28 | D20: 13 | E20: 5 | F20: 50 | G20: 0 | H20: 1 | I20: 3 | J20: 2 | K20: 0 | L20: 0 | M20: 220 | N20: 0 | O20: =SUM(C20:L20,N20) -> 102 | P20: =SUM(C20:N20) -> 322 | R20: 1700-1800 | S20: =SUM(C50:C53) -> 244 | T20: =SUM(D50:D53) -> 67 | U20: =SUM(E50:E53) -> 20 | V20: =SUM(F50:F53) -> 204 | W20: =SUM(G50:G53) -> 1 | X20: =SUM(H50:H53) -> 1 | Y20: =SUM(I50:I53) -> 16 | Z20: =SUM(J50:J53) -> 10 | ... AF20: =SUM(P50:P53) -> 1153
B21: 09.45 - 10.00 | C21: 42 | D21: 5 | E21: 3 | F21: 55 | G21: 3 | H21: 0 | I21: 3 | J21: 2 | K21: 0 | L21: 0 | M21: 200 | N21: 0 | O21: =SUM(C21:L21,N21) -> 113 | P21: =SUM(C21:N21) -> 313 | R21: 1800-1900 | S21: =SUM(C54:C57) -> 224 | T21: =SUM(D54:D57) -> 63 | U21: =SUM(E54:E57) -> 21 | V21: =SUM(F54:F57) -> 217 | W21: =SUM(G54:G57) -> 5 | X21: =SUM(H54:H57) -> 4 | Y21: =SUM(I54:I57) -> 14 | Z21: =SUM(J54:J57) -> 7 | ... AF21: =SUM(P54:P57) -> 1316
B22: 10.00 - 10.15 | C22: 40 | D22: 13 | E22: 6 | F22: 50 | G22: 2 | H22: 0 | I22: 3 | J22: 6 | K22: 0 | L22: 0 | M22: 230 | N22: 0 | O22: =SUM(C22:L22,N22) -> 120 | P22: =SUM(C22:N22) -> 350 | R22: 1900-2000 | S22: =SUM(C58:C61) -> 148 | T22: =SUM(D58:D61) -> 60 | U22: =SUM(E58:E61) -> 76 | V22: =SUM(F58:F61) -> 159 | W22: =SUM(G58:G61) -> 4 | X22: =SUM(H58:H61) -> 14 | Y22: =SUM(I58:I61) -> 8 | Z22: =SUM(J58:J61) -> 3 | ... AF22: =SUM(P58:P61) -> 794
B23: 10.15 - 10.30 | C23: 31 | D23: 4 | E23: 3 | F23: 55 | G23: 1 | H23: 1 | I23: 4 | J23: 0 | K23: 0 | L23: 0 | M23: 170 | N23: 0 | O23: =SUM(C23:L23,N23) -> 99 | P23: =SUM(C23:N23) -> 269 | R23: 2000-2100 | S23: =SUM(C62:C65) -> 216 | T23: =SUM(D62:D65) -> 28 | U23: =SUM(E62:E65) -> 16 | V23: =SUM(F62:F65) -> 229 | W23: =SUM(G62:G65) -> 8 | X23: =SUM(H62:H65) -> 5 | Y23: =SUM(I62:I65) -> 23 | Z23: =SUM(J62:J65) -> 13 | ... AF23: =SUM(P62:P65) -> 1006
B24: 10.30 - 10.45 | C24: 37 | D24: 7 | E24: 1 | F24: 65 | G24: 2 | H24: 1 | I24: 4 | J24: 3 | K24: 1 | L24: 0 | M24: 215 | N24: 0 | O24: =SUM(C24:L24,N24) -> 121 | P24: =SUM(C24:N24) -> 336 | R24: 2100-2200 | S24: =SUM(C66:C69) -> 211 | T24: =SUM(D66:D69) -> 25 | U24: =SUM(E66:E69) -> 25 | V24: =SUM(F66:F69) -> 204 | W24: =SUM(G66:G69) -> 4 | X24: =SUM(H66:H69) -> 0 | Y24: =SUM(I66:I69) -> 21 | Z24: =SUM(J66:J69) -> 3 | ... AF24: =SUM(P66:P69) -> 994
B25: 10.45 - 11.00 | C25: 20 | D25: 10 | E25: 3 | F25: 56 | G25: 0 | H25: 0 | I25: 5 | J25: 4 | K25: 0 | L25: 0 | M25: 210 | N25: 0 | O25: =SUM(C25:L25,N25) -> 98 | P25: =SUM(C25:N25) -> 308 | R25: 2200-2300 | S25: =SUM(C70:C73) -> 163 | T25: =SUM(D70:D73) -> 29 | U25: =SUM(E70:E73) -> 16 | V25: =SUM(F70:F73) -> 83 | W25: =SUM(G70:G73) -> 1 | X25: =SUM(H70:H73) -> 0 | Y25: =SUM(I70:I73) -> 10 | Z25: =SUM(J70:J73) -> 1 | ... AF25: =SUM(P70:P73) -> 668
B26: 11.00 - 11.15 | C26: 31 | D26: 8 | E26: 3 | F26: 37 | G26: 2 | H26: 0 | I26: 3 | J26: 7 | K26: 1 | L26: 0 | M26: 160 | N26: 0 | O26: =SUM(C26:L26,N26) -> 92 | P26: =SUM(C26:N26) -> 252 | R26: 2300-0000 | S26: =SUM(C74:C77) -> 105 | T26: =SUM(D74:D77) -> 19 | U26: =SUM(E74:E77) -> 7 | V26: =SUM(F74:F77) -> 32 | W26: =SUM(G74:G77) -> 0 | X26: =SUM(H74:H77) -> 1 | Y26: =SUM(I74:I77) -> 9 | Z26: =SUM(J74:J77) -> 0 | ... AF26: =SUM(P74:P77) -> 501
B27: 11.15 - 11.30 | C27: 22 | D27: 7 | E27: 4 | F27: 34 | G27: 0 | H27: 0 | I27: 4 | J27: 4 | K27: 1 | L27: 1 | M27: 184 | N27: 0 | O27: =SUM(C27:L27,N27) -> 77 | P27: =SUM(C27:N27) -> 261 | R27: 0000-0100 | S27: =SUM(C78:C81) -> 69 | T27: =SUM(D78:D81) -> 8 | U27: =SUM(E78:E81) -> 12 | V27: =SUM(F78:F81) -> 20 | W27: =SUM(G78:G81) -> 0 | X27: =SUM(H78:H81) -> 3 | Y27: =SUM(I78:I81) -> 6 | Z27: =SUM(J78:J81) -> 2 | ... AF27: =SUM(P78:P81) -> 388
B28: 11.30 - 11.45 | C28: 61 | D28: 12 | E28: 13 | F28: 50 | G28: 2 | H28: 1 | I28: 8 | J28: 4 | K28: 2 | L28: 1 | M28: 196 | N28: 0 | O28: =SUM(C28:L28,N28) -> 154 | P28: =SUM(C28:N28) -> 350 | R28: 0100-0200 | S28: =SUM(C82:C85) -> 55 | T28: =SUM(D82:D85) -> 1 | U28: =SUM(E82:E85) -> 4 | V28: =SUM(F82:F85) -> 8 | W28: =SUM(G82:G85) -> 0 | X28: =SUM(H82:H85) -> 0 | Y28: =SUM(I82:I85) -> 2 | Z28: =SUM(J82:J85) -> 2 | ... AF28: =SUM(P82:P85) -> 186
B29: 11.45 - 12.00 | C29: 30 | D29: 10 | E29: 11 | F29: 50 | G29: 0 | H29: 4 | I29: 4 | J29: 4 | K29: 4 | L29: 0 | M29: 175 | N29: 0 | O29: =SUM(C29:L29,N29) -> 117 | P29: =SUM(C29:N29) -> 292 | R29: 0200-0300 | S29: =SUM(C86:C89) -> 25 | T29: =SUM(D86:D89) -> 8 | U29: =SUM(E86:E89) -> 3 | V29: =SUM(F86:F89) -> 4 | W29: =SUM(G86:G89) -> 0 | X29: =SUM(H86:H89) -> 1 | Y29: =SUM(I86:I89) -> 3 | Z29: =SUM(J86:J89) -> 1 | ... AF29: =SUM(P86:P89) -> 115
B30: 12.00 - 12.15 | C30: 52 | D30: 10 | E30: 5 | F30: 55 | G30: 0 | H30: 2 | I30: 2 | J30: 4 | K30: 1 | L30: 1 | M30: 190 | N30: 0 | O30: =SUM(C30:L30,N30) -> 132 | P30: =SUM(C30:N30) -> 322 | R30: 0300-0400 | S30: =SUM(C90:C93) -> 37 | T30: =SUM(D90:D93) -> 3 | U30: =SUM(E90:E93) -> 5 | V30: =SUM(F90:F93) -> 10 | W30: =SUM(G90:G93) -> 0 | X30: =SUM(H90:H93) -> 0 | Y30: =SUM(I90:I93) -> 2 | Z30: =SUM(J90:J93) -> 0 | ... AF30: =SUM(P90:P93) -> 111
B31: 12.15 - 12.30 | C31: 26 | D31: 12 | E31: 3 | F31: 56 | G31: 1 | H31: 2 | I31: 10 | J31: 4 | K31: 0 | L31: 0 | M31: 200 | N31: 0 | O31: =SUM(C31:L31,N31) -> 114 | P31: =SUM(C31:N31) -> 314 | R31: 0400-0500 | S31: =SUM(C94:C97) -> 48 | T31: =SUM(D94:D97) -> 7 | U31: =SUM(E94:E97) -> 2 | V31: =SUM(F94:F97) -> 15 | W31: =SUM(G94:G97) -> 0 | X31: =SUM(H94:H97) -> 0 | Y31: =SUM(I94:I97) -> 7 | Z31: =SUM(J94:J97) -> 1 | ... AF31: =SUM(P94:P97) -> 210
B32: 12.30 - 12.45 | C32: 55 | D32: 18 | E32: 3 | F32: 35 | G32: 0 | H32: 1 | I32: 2 | J32: 3 | K32: 6 | L32: 0 | M32: 130 | N32: 0 | O32: =SUM(C32:L32,N32) -> 123 | P32: =SUM(C32:N32) -> 253 | R32: 0500-0600 | S32: =SUM(C98:C101) -> 72 | T32: =SUM(D98:D101) -> 3 | U32: =SUM(E98:E101) -> 2 | V32: =SUM(F98:F101) -> 80 | W32: =SUM(G98:G101) -> 3 | X32: =SUM(H98:H101) -> 0 | Y32: =SUM(I98:I101) -> 20 | Z32: =SUM(J98:J101) -> 1 | ... AF32: =SUM(P98:P101) -> 403
B33: 12.45 - 13.00 | C33: 60 | D33: 11 | E33: 7 | F33: 44 | G33: 0 | H33: 0 | I33: 6 | J33: 3 | K33: 8 | L33: 2 | M33: 175 | N33: 0 | O33: =SUM(C33:L33,N33) -> 141 | P33: =SUM(C33:N33) -> 316 | R33: 0600-0700 | S33: =SUM(C102:C105) -> 76 | T33: =SUM(D102:D105) -> 12 | U33: =SUM(E102:E105) -> 12 | V33: =SUM(F102:F105) -> 107 | W33: =SUM(G102:G105) -> 3 | X33: =SUM(H102:H105) -> 4 | Y33: =SUM(I102:I105) -> 11 | Z33: =SUM(J102:J105) -> 5 | ... AF33: =SUM(P102:P105) -> 475
B34: 13.00 - 13.15 | C34: 27 | D34: 16 | E34: 3 | F34: 40 | G34: 0 | H34: 2 | I34: 5 | J34: 1 | K34: 5 | L34: 0 | M34: 180 | N34: 0 | O34: =SUM(C34:L34,N34) -> 99 | P34: =SUM(C34:N34) -> 279 | R34: AM Peak Hr | S34: =MAX(S10:S12) -> 137 | T34: =MAX(T10:T12) -> 34 | U34: =MAX(U10:U12) -> 10 | V34: =MAX(V10:V12) -> 222 | W34: =MAX(W10:W12) -> 9 | X34: =MAX(X10:X12) -> 5 | Y34: =MAX(Y10:Y12) -> 62 | Z34: =MAX(Z10:Z12) -> 8 | ... AF34: =MAX(AF10:AF12) -> 1314
B35: 13.15 - 13.30 | C35: 52 | D35: 9 | E35: 4 | F35: 68 | G35: 2 | H35: 1 | I35: 2 | J35: 3 | K35: 5 | L35: 0 | M35: 150 | N35: 0 | O35: =SUM(C35:L35,N35) -> 146 | P35: =SUM(C35:N35) -> 296 | R35: IP Peak Hr | S35: =MAX(S13:S18) -> 211 | T35: =MAX(T13:T18) -> 68 | U35: =MAX(U13:U18) -> 31 | V35: =MAX(V13:V18) -> 226 | W35: =MAX(W13:W18) -> 6 | X35: =MAX(X13:X18) -> 5 | Y35: =MAX(Y13:Y18) -> 21 | Z35: =MAX(Z13:Z18) -> 19 | ... AF35: =MAX(AF13:AF18) -> 1263
B36: 13.30 - 13.45 | C36: 42 | D36: 15 | E36: 2 | F36: 48 | G36: 0 | H36: 0 | I36: 6 | J36: 4 | K36: 6 | L36: 0 | M36: 140 | N36: 0 | O36: =SUM(C36:L36,N36) -> 123 | P36: =SUM(C36:N36) -> 263 | R36: PM Peak Hr | S36: =MAX(S19:S21) -> 278 | T36: =MAX(T19:T21) -> 94 | U36: =MAX(U19:U21) -> 22 | V36: =MAX(V19:V21) -> 217 | W36: =MAX(W19:W21) -> 5 | X36: =MAX(X19:X21) -> 7 | Y36: =MAX(Y19:Y21) -> 25 | Z36: =MAX(Z19:Z21) -> 25 | ... AF36: =MAX(AF19:AF21) -> 1316
B37: 13.45 - 14.00 | C37: 52 | D37: 16 | E37: 6 | F37: 42 | G37: 0 | H37: 2 | I37: 3 | J37: 4 | K37: 3 | L37: 1 | M37: 135 | N37: 0 | O37: =SUM(C37:L37,N37) -> 129 | P37: =SUM(C37:N37) -> 264 | R37: AM Period | S37: =SUM(S10:S12) -> 365 | T37: =SUM(T10:T12) -> 93 | U37: =SUM(U10:U12) -> 29 | V37: =SUM(V10:V12) -> 605 | W37: =SUM(W10:W12) -> 18 | X37: =SUM(X10:X12) -> 13 | Y37: =SUM(Y10:Y12) -> 89 | Z37: =SUM(Z10:Z12) -> 10 | ... AF37: =SUM(AF10:AF12) -> 3565
B38: 14.00 - 14.15 | C38: 31 | D38: 10 | E38: 7 | F38: 60 | G38: 0 | H38: 0 | I38: 7 | J38: 2 | K38: 1 | L38: 1 | M38: 165 | N38: 0 | O38: =SUM(C38:L38,N38) -> 119 | P38: =SUM(C38:N38) -> 284 | R38: IP Period | S38: =SUM(S13:S18) -> 998 | T38: =SUM(T13:T18) -> 288 | U38: =SUM(U13:U18) -> 115 | V38: =SUM(V13:V18) -> 1176 | W38: =SUM(W13:W18) -> 22 | X38: =SUM(X13:X18) -> 23 | Y38: =SUM(Y13:Y18) -> 109 | Z38: =SUM(Z13:Z18) -> 90 | ... AF38: =SUM(AF13:AF18) -> 6792
B39: 14.15 - 14.30 | C39: 39 | D39: 9 | E39: 2 | F39: 60 | G39: 5 | H39: 2 | I39: 3 | J39: 1 | K39: 2 | L39: 0 | M39: 125 | N39: 0 | O39: =SUM(C39:L39,N39) -> 123 | P39: =SUM(C39:N39) -> 248 | R39: PM Period | S39: =SUM(S19:S21) -> 746 | T39: =SUM(T19:T21) -> 224 | U39: =SUM(U19:U21) -> 63 | V39: =SUM(V19:V21) -> 604 | W39: =SUM(W19:W21) -> 8 | X39: =SUM(X19:X21) -> 12 | Y39: =SUM(Y19:Y21) -> 55 | Z39: =SUM(Z19:Z21) -> 42 | ... AF39: =SUM(AF19:AF21) -> 3752
B40: 14.30 - 14.45 | C40: 53 | D40: 15 | E40: 4 | F40: 60 | G40: 1 | H40: 0 | I40: 9 | J40: 5 | K40: 3 | L40: 2 | M40: 140 | N40: 0 | O40: =SUM(C40:L40,N40) -> 152 | P40: =SUM(C40:N40) -> 292 | R40: 12 Hours | S40: =SUM(S10:S21) -> 2109 | T40: =SUM(T10:T21) -> 605 | U40: =SUM(U10:U21) -> 207 | V40: =SUM(V10:V21) -> 2385 | W40: =SUM(W10:W21) -> 48 | X40: =SUM(X10:X21) -> 48 | Y40: =SUM(Y10:Y21) -> 253 | Z40: =SUM(Z10:Z21) -> 142 | ... AF40: =SUM(AF10:AF21) -> 14109
B41: 14.45 - 15.00 | C41: 26 | D41: 8 | E41: 2 | F41: 41 | G41: 0 | H41: 1 | I41: 2 | J41: 10 | K41: 2 | L41: 1 | M41: 62 | N41: 0 | O41: =SUM(C41:L41,N41) -> 93 | P41: =SUM(C41:N41) -> 155 | R41: 24 Hrs/ADT | S41: =SUM(S10:S33) -> 3334 | T41: =SUM(T10:T33) -> 808 | U41: =SUM(U10:U33) -> 387 | V41: =SUM(V10:V33) -> 3336 | W41: =SUM(W10:W33) -> 71 | X41: =SUM(X10:X33) -> 76 | Y41: =SUM(Y10:Y33) -> 375 | Z41: =SUM(Z10:Z33) -> 174 | ... AF41: =SUM(AF10:AF33) -> 19960
B42: 15.00 - 15.15 | C42: 69 | D42: 22 | E42: 8 | F42: 56 | G42: 0 | H42: 1 | I42: 4 | J42: 7 | K42: 4 | L42: 0 | M42: 163 | N42: 0 | O42: =SUM(C42:L42,N42) -> 171 | P42: =SUM(C42:N42) -> 334 | R42: NEF | S42: =S41/S40 -> 1.580844 | T42: =T41/T40 -> 1.3355372 | U42: =U41/U40 -> 1.8695652 | V42: =V41/V40 -> 1.3987421 | W42: =W41/W40 -> 1.4791667 | X42: =X41/X40 -> 1.5833333 | Y42: =Y41/Y40 -> 1.4822134 | Z42: =Z41/Z40 -> 1.2253521 | ... AF42: =AF41/AF40 -> 1.4146998
B43: 15.15 - 15.30 | C43: 57 | D43: 19 | E43: 6 | F43: 58 | G43: 2 | H43: 0 | I43: 6 | J43: 1 | K43: 1 | L43: 0 | M43: 172 | N43: 0 | O43: =SUM(C43:L43,N43) -> 150 | P43: =SUM(C43:N43) -> 322
B44: 15.30 - 15.45 | C44: 50 | D44: 17 | E44: 7 | F44: 56 | G44: 0 | H44: 0 | I44: 1 | J44: 6 | K44: 4 | L44: 0 | M44: 110 | N44: 0 | O44: =SUM(C44:L44,N44) -> 141 | P44: =SUM(C44:N44) -> 251
B45: 15.45 - 16.00 | C45: 35 | D45: 10 | E45: 2 | F45: 0 | G45: 2 | H45: 2 | I45: 6 | J45: 0 | K45: 1 | L45: 1 | M45: 122 | N45: 0 | O45: =SUM(C45:L45,N45) -> 59 | P45: =SUM(C45:N45) -> 181
B46: 16.00 - 16.15 | C46: 65 | D46: 22 | E46: 10 | F46: 50 | G46: 0 | H46: 1 | I46: 6 | J46: 1 | K46: 4 | L46: 3 | M46: 145 | N46: 0 | O46: =SUM(C46:L46,N46) -> 162 | P46: =SUM(C46:N46) -> 307
B47: 16.15 -16.30 | C47: 60 | D47: 20 | E47: 6 | F47: 40 | G47: 2 | H47: 4 | I47: 7 | J47: 3 | K47: 0 | L47: 0 | M47: 150 | N47: 0 | O47: =SUM(C47:L47,N47) -> 142 | P47: =SUM(C47:N47) -> 292
B48: 16.30 -16.45 | C48: 89 | D48: 33 | E48: 4 | F48: 53 | G48: 0 | H48: 0 | I48: 5 | J48: 15 | K48: 8 | L48: 0 | M48: 180 | N48: 0 | O48: =SUM(C48:L48,N48) -> 207 | P48: =SUM(C48:N48) -> 387
B49: 16.45 -17.00 | C49: 64 | D49: 19 | E49: 2 | F49: 40 | G49: 0 | H49: 2 | I49: 7 | J49: 6 | K49: 2 | L49: 0 | M49: 155 | N49: 0 | O49: =SUM(C49:L49,N49) -> 142 | P49: =SUM(C49:N49) -> 297
B50: 17.00 -17.15 | C50: 72 | D50: 23 | E50: 4 | F50: 47 | G50: 0 | H50: 0 | I50: 2 | J50: 3 | K50: 3 | L50: 0 | M50: 130 | N50: 0 | O50: =SUM(C50:L50,N50) -> 154 | P50: =SUM(C50:N50) -> 284
B51: 17.15 -17.30 | C51: 45 | D51: 12 | E51: 3 | F51: 57 | G51: 0 | H51: 0 | I51: 3 | J51: 2 | K51: 1 | L51: 0 | M51: 135 | N51: 0 | O51: =SUM(C51:L51,N51) -> 123 | P51: =SUM(C51:N51) -> 258
B52: 17.30 -17.45 | C52: 67 | D52: 17 | E52: 5 | F52: 40 | G52: 0 | H52: 0 | I52: 7 | J52: 0 | K52: 2 | L52: 2 | M52: 165 | N52: 0 | O52: =SUM(C52:L52,N52) -> 140 | P52: =SUM(C52:N52) -> 305
B53: 17.45 -18.00 | C53: 60 | D53: 15 | E53: 8 | F53: 60 | G53: 1 | H53: 1 | I53: 4 | J53: 5 | K53: 2 | L53: 0 | M53: 150 | N53: 0 | O53: =SUM(C53:L53,N53) -> 156 | P53: =SUM(C53:N53) -> 306
B54: 18.00 - 18.15 | C54: 70 | D54: 16 | E54: 7 | F54: 65 | G54: 4 | H54: 0 | I54: 6 | J54: 3 | K54: 0 | L54: 2 | M54: 162 | N54: 0 | O54: =SUM(C54:L54,N54) -> 173 | P54: =SUM(C54:N54) -> 335
... B105: 06.45 - 07.00 | C105: 24 | D105: 1 | E105: 2 | F105: 30 | G105: 2 | H105: 3 | I105: 1 | J105: 1 | K105: 0 | L105: 0 | M105: 80 | N105: 0 | O105: =SUM(C105:L105,N105) -> 64 | P105: =SUM(C105:N105) -> 144
B106: Totals | C106: =SUM(C10:C105) -> 3334 | D106: =SUM(D10:D105) -> 808 | E106: =SUM(E10:E105) -> 387 | F106: =SUM(F10:F105) -> 3336 | G106: =SUM(G10:G105) -> 71 | H106: =SUM(H10:H105) -> 76 | I106: =SUM(I10:I105) -> 375 | J106: =SUM(J10:J105) -> 174 | ... P106: =SUM(P10:P105) -> 19960
B107: %ges + MCs | C107: =C106/$P$106 -> 0.16703407 | D107: =D106/$P$106 -> 0.040480962 | E107: =E106/$P$106 -> 0.019388778 | F107: =F106/$P$106 -> 0.16713427 | G107: =G106/$P$106 -> 0.0035571142 | H107: =H106/$P$106 -> 0.0038076152 | I107: =I106/$P$106 -> 0.018787575 | J107: =J106/$P$106 -> 0.0087174349 | ... N107: =N106/$P$106 -> 5.01002e-05
B108: %ges w/o MCs | C108: =C106/$O$106 -> 0.3835711 | D108: =D106/$O$106 -> 0.092959043 | E108: =E106/$O$106 -> 0.0445237 | F108: =F106/$O$106 -> 0.3838012 | G108: =G106/$O$106 -> 0.0081684307 | H108: =H106/$O$106 -> 0.0087436723 | I108: =I106/$O$106 -> 0.04314312 | J108: =J106/$O$106 -> 0.020018408 | ... L108: =L106/$O$106 -> 0.002876208 | N108: =N106/$O$106 -> 0.00011504832

Sheet 27.07 Bwaise-Makerere-24h
B1: Consultancy services for Preparation of Expressway Development Master Plan (EDMP) for Uganda
B2: MANUAL CLASSIFIED COUNT (MCC)
B3: ROAD NAME: | C3: ='22.07 Bwaise-Makerere'!C3:G3 -> MCC - C1 - STN021- SIR APOLLO ROAD
C5: Date | D5: 27.07.19 | F5: Location | G5: ='26.07 Makerere-Bwaise-24h'!G5:H5 -> PREMIUM DESIGN LTD | J5: Surveyor | K5: OKELLO PETER
C6: Dir. From | D6: ='22.07 Bwaise-Makerere'!D6:E6 -> Bwaise | F6: Dir. To | G6: ='22.07 Bwaise-Makerere'!G6:H6 -> Makerere | J6: Supervisor | K6: ='26.07 Makerere-Bwaise-24h'!K6:L6 -> SALIMAH
B8: Time / Veh Type | R8: SUMMARY TRAFFIC VOLUMES
C9: 1. Car | D9: 2. Station Wagon | E9: 3. Pickups | F9: 4. Minibus, matatu | G9: 5. Medium bus | H9: 6. Large Bus | I9: 7. Light Truck | J9: 8. Medium Truck | K9: 9. Heavy truck | L9: 10. Truck Trailer | M9: 11. Motor cycles | N9: 12. Tractors | O9: Total Excl M/Cycles | P9: Total All | R9: Time | S9: 1. Car | T9: 2. Station Wagon | U9: 3. Pickups | V9: 4. Minibus, matatu | W9: 5. Medium bus | X9: 6. Large Bus | Y9: 7. Light Truck | Z9: 8. Medium Truck | AA9: 9. Heavy truck | AB9: 10. Truck Trailer | AC9: 11. Motorcycles | AD9: 12. Tractors, Graders | AE9: Total Excl M/ Cycles | AF9: Total All
B10: 07.00 - 07.15 | C10: 66 | D10: 7 | E10: 3 | F10: 78 | G10: 0 | H10: 1 | I10: 6 | J10: 0 | K10: 0 | L10: 0 | M10: 150 | N10: 0 | O10: =SUM(C10:L10,N10) -> 161 | P10: =SUM(C10:N10) -> 311 | R10: 0700-0800 | S10: =SUM(C10:C13) -> 237 | T10: =SUM(D10:D13) -> 27 | U10: =SUM(E10:E13) -> 15 | V10: =SUM(F10:F13) -> 302 | W10: =SUM(G10:G13) -> 7 | X10: =SUM(H10:H13) -> 2 | Y10: =SUM(I10:I13) -> 13 | Z10: =SUM(J10:J13) -> 5 | ... AF10: =SUM(P10:P13) -> 1219
B11: 07.15 - 07.30 | C11: 60 | D11: 6 | E11: 6 | F11: 77 | G11: 2 | H11: 0 | I11: 2 | J11: 3 | K11: 0 | L11: 0 | M11: 140 | N11: 0 | O11: =SUM(C11:L11,N11) -> 156 | P11: =SUM(C11:N11) -> 296 | R11: 0800-0900 | S11: =SUM(C14:C17) -> 283 | T11: =SUM(D14:D17) -> 56 | U11: =SUM(E14:E17) -> 41 | V11: =SUM(F14:F17) -> 307 | W11: =SUM(G14:G17) -> 7 | X11: =SUM(H14:H17) -> 3 | Y11: =SUM(I14:I17) -> 15 | Z11: =SUM(J14:J17) -> 3 | ... AF11: =SUM(P14:P17) -> 1307
B12: 07.30 - 07.45 | C12: 54 | D12: 5 | E12: 1 | F12: 67 | G12: 4 | H12: 0 | I12: 3 | J12: 2 | K12: 0 | L12: 0 | M12: 138 | N12: 0 | O12: =SUM(C12:L12,N12) -> 136 | P12: =SUM(C12:N12) -> 274 | R12: 0900-1000 | S12: =SUM(C18:C21) -> 301 | T12: =SUM(D18:D21) -> 67 | U12: =SUM(E18:E21) -> 41 | V12: =SUM(F18:F21) -> 187 | W12: =SUM(G18:G21) -> 77 | X12: =SUM(H18:H21) -> 4 | Y12: =SUM(I18:I21) -> 15 | Z12: =SUM(J18:J21) -> 10 | ... AF12: =SUM(P18:P21) -> 1533
B13: 07.45 - 08.00 | C13: 57 | D13: 9 | E13: 5 | F13: 80 | G13: 1 | H13: 1 | I13: 2 | J13: 0 | K13: 0 | L13: 1 | M13: 182 | N13: 0 | O13: =SUM(C13:L13,N13) -> 156 | P13: =SUM(C13:N13) -> 338 | R13: 1000-1100 | S13: =SUM(C22:C25) -> 280 | T13: =SUM(D22:D25) -> 99 | U13: =SUM(E22:E25) -> 44 | V13: =SUM(F22:F25) -> 201 | W13: =SUM(G22:G25) -> 4 | X13: =SUM(H22:H25) -> 2 | Y13: =SUM(I22:I25) -> 19 | Z13: =SUM(J22:J25) -> 13 | ... AF13: =SUM(P22:P25) -> 1454
B14: 08.00 - 08.15 | C14: 72 | D14: 13 | E14: 11 | F14: 71 | G14: 2 | H14: 0 | I14: 3 | J14: 2 | K14: 1 | L14: 1 | M14: 175 | N14: 0 | O14: =SUM(C14:L14,N14) -> 176 | P14: =SUM(C14:N14) -> 351 | R14: 1100-1200 | S14: =SUM(C26:C29) -> 300 | T14: =SUM(D26:D29) -> 81 | U14: =SUM(E26:E29) -> 50 | V14: =SUM(F26:F29) -> 241 | W14: =SUM(G26:G29) -> 2 | X14: =SUM(H26:H29) -> 2 | Y14: =SUM(I26:I29) -> 19 | Z14: =SUM(J26:J29) -> 11 | ... AF14: =SUM(P26:P29) -> 1383
B15: 08.15 - 08.30 | C15: 67 | D15: 17 | E15: 14 | F15: 71 | G15: 2 | H15: 3 | I15: 3 | J15: 1 | K15: 2 | L15: 0 | M15: 125 | N15: 0 | O15: =SUM(C15:L15,N15) -> 180 | P15: =SUM(C15:N15) -> 305 | R15: 1200-1300 | S15: =SUM(C30:C33) -> 262 | T15: =SUM(D30:D33) -> 67 | U15: =SUM(E30:E33) -> 43 | V15: =SUM(F30:F33) -> 207 | W15: =SUM(G30:G33) -> 5 | X15: =SUM(H30:H33) -> 2 | Y15: =SUM(I30:I33) -> 18 | Z15: =SUM(J30:J33) -> 7 | ... AF15: =SUM(P30:P33) -> 1212
B16: 08.30 - 08.45 | C16: 76 | D16: 11 | E16: 8 | F16: 87 | G16: 1 | H16: 0 | I16: 5 | J16: 0 | K16: 1 | L16: 1 | M16: 117 | N16: 0 | O16: =SUM(C16:L16,N16) -> 190 | P16: =SUM(C16:N16) -> 307 | R16: 1300-1400 | S16: =SUM(C34:C37) -> 225 | T16: =SUM(D34:D37) -> 84 | U16: =SUM(E34:E37) -> 96 | V16: =SUM(F34:F37) -> 101 | W16: =SUM(G34:G37) -> 3 | X16: =SUM(H34:H37) -> 23 | Y16: =SUM(I34:I37) -> 18 | Z16: =SUM(J34:J37) -> 9 | ... AF16: =SUM(P34:P37) -> 1149
B17: 08.45 - 9.00 | C17: 68 | D17: 15 | E17: 8 | F17: 78 | G17: 2 | H17: 0 | I17: 4 | J17: 0 | K17: 2 | L17: 1 | M17: 166 | N17: 0 | O17: =SUM(C17:L17,N17) -> 178 | P17: =SUM(C17:N17) -> 344 | R17: 1400-1500 | S17: =SUM(C38:C41) -> 223 | T17: =SUM(D38:D41) -> 63 | U17: =SUM(E38:E41) -> 32 | V17: =SUM(F38:F41) -> 135 | W17: =SUM(G38:G41) -> 8 | X17: =SUM(H38:H41) -> 3 | Y17: =SUM(I38:I41) -> 26 | Z17: =SUM(J38:J41) -> 9 | ... AF17: =SUM(P38:P41) -> 934
B18: 09.00 - 09.15 | C18: 83 | D18: 15 | E18: 6 | F18: 55 | G18: 3 | H18: 0 | I18: 3 | J18: 1 | K18: 2 | L18: 0 | M18: 177 | N18: 0 | O18: =SUM(C18:L18,N18) -> 168 | P18: =SUM(C18:N18) -> 345 | R18: 1500-1600 | S18: =SUM(C42:C45) -> 248 | T18: =SUM(D42:D45) -> 76 | U18: =SUM(E42:E45) -> 32 | V18: =SUM(F42:F45) -> 226 | W18: =SUM(G42:G45) -> 3 | X18: =SUM(H42:H45) -> 5 | Y18: =SUM(I42:I45) -> 22 | Z18: =SUM(J42:J45) -> 14 | ... AF18: =SUM(P42:P45) -> 777
B19: 09.15 - 09.30 | C19: 74 | D19: 16 | E19: 16 | F19: 0 | G19: 73 | H19: 2 | I19: 0 | J19: 6 | K19: 2 | L19: 0 | M19: 173 | N19: 0 | O19: =SUM(C19:L19,N19) -> 189 | P19: =SUM(C19:N19) -> 362 | R19: 1600-1700 | S19: =SUM(C46:C49) -> 206 | T19: =SUM(D46:D49) -> 82 | U19: =SUM(E46:E49) -> 54 | V19: =SUM(F46:F49) -> 147 | W19: =SUM(G46:G49) -> 5 | X19: =SUM(H46:H49) -> 2 | Y19: =SUM(I46:I49) -> 30 | Z19: =SUM(J46:J49) -> 12 | ... AF19: =SUM(P46:P49) -> 1135
B20: 09.30 - 09.45 | C20: 71 | D20: 17 | E20: 11 | F20: 80 | G20: 1 | H20: 1 | I20: 5 | J20: 1 | K20: 0 | L20: 0 | M20: 250 | N20: 0 | O20: =SUM(C20:L20,N20) -> 187 | P20: =SUM(C20:N20) -> 437 | R20: 1700-1800 | S20: =SUM(C50:C53) -> 175 | T20: =SUM(D50:D53) -> 92 | U20: =SUM(E50:E53) -> 49 | V20: =SUM(F50:F53) -> 171 | W20: =SUM(G50:G53) -> 7 | X20: =SUM(H50:H53) -> 3 | Y20: =SUM(I50:I53) -> 22 | Z20: =SUM(J50:J53) -> 16 | ... AF20: =SUM(P50:P53) -> 1081
B21: 09.45 - 10.00 | C21: 73 | D21: 19 | E21: 8 | F21: 52 | G21: 0 | H21: 1 | I21: 7 | J21: 2 | K21: 1 | L21: 1 | M21: 225 | N21: 0 | O21: =SUM(C21:L21,N21) -> 164 | P21: =SUM(C21:N21) -> 389 | R21: 1800-1900 | S21: =SUM(C54:C57) -> 167 | T21: =SUM(D54:D57) -> 75 | U21: =SUM(E54:E57) -> 30 | V21: =SUM(F54:F57) -> 200 | W21: =SUM(G54:G57) -> 3 | X21: =SUM(H54:H57) -> 3 | Y21: =SUM(I54:I57) -> 23 | Z21: =SUM(J54:J57) -> 9 | ... AF21: =SUM(P54:P57) -> 964
B22: 10.00 - 10.15 | C22: 72 | D22: 26 | E22: 8 | F22: 48 | G22: 3 | H22: 0 | I22: 5 | J22: 4 | K22: 1 | L22: 1 | M22: 198 | N22: 0 | O22: =SUM(C22:L22,N22) -> 168 | P22: =SUM(C22:N22) -> 366 | R22: 1900-2000 | S22: =SUM(C58:C61) -> 176 | T22: =SUM(D58:D61) -> 25 | U22: =SUM(E58:E61) -> 23 | V22: =SUM(F58:F61) -> 172 | W22: =SUM(G58:G61) -> 5 | X22: =SUM(H58:H61) -> 10 | Y22: =SUM(I58:I61) -> 10 | Z22: =SUM(J58:J61) -> 4 | ... AF22: =SUM(P58:P61) -> 1001
B23: 10.15 - 10.30 | C23: 71 | D23: 24 | E23: 8 | F23: 40 | G23: 0 | H23: 2 | I23: 3 | J23: 3 | K23: 1 | L23: 0 | M23: 197 | N23: 0 | O23: =SUM(C23:L23,N23) -> 152 | P23: =SUM(C23:N23) -> 349 | R23: 2000-2100 | S23: =SUM(C62:C65) -> 202 | T23: =SUM(D62:D65) -> 41 | U23: =SUM(E62:E65) -> 22 | V23: =SUM(F62:F65) -> 181 | W23: =SUM(G62:G65) -> 3 | X23: =SUM(H62:H65) -> 4 | Y23: =SUM(I62:I65) -> 2 | Z23: =SUM(J62:J65) -> 2 | ... AF23: =SUM(P62:P65) -> 963
B24: 10.30 - 10.45 | C24: 76 | D24: 26 | E24: 18 | F24: 56 | G24: 0 | H24: 0 | I24: 5 | J24: 5 | K24: 1 | L24: 0 | M24: 192 | N24: 0 | O24: =SUM(C24:L24,N24) -> 187 | P24: =SUM(C24:N24) -> 379 | R24: 2100-2200 | S24: =SUM(C66:C69) -> 201 | T24: =SUM(D66:D69) -> 26 | U24: =SUM(E66:E69) -> 29 | V24: =SUM(F66:F69) -> 128 | W24: =SUM(G66:G69) -> 2 | X24: =SUM(H66:H69) -> 4 | Y24: =SUM(I66:I69) -> 14 | Z24: =SUM(J66:J69) -> 6 | ... AF24: =SUM(P66:P69) -> 871
B25: 10.45 - 11.00 | C25: 61 | D25: 23 | E25: 10 | F25: 57 | G25: 1 | H25: 0 | I25: 6 | J25: 1 | K25: 1 | L25: 0 | M25: 200 | N25: 0 | O25: =SUM(C25:L25,N25) -> 160 | P25: =SUM(C25:N25) -> 360 | R25: 2200-2300 | S25: =SUM(C70:C73) -> 140 | T25: =SUM(D70:D73) -> 12 | U25: =SUM(E70:E73) -> 18 | V25: =SUM(F70:F73) -> 88 | W25: =SUM(G70:G73) -> 3 | X25: =SUM(H70:H73) -> 5 | Y25: =SUM(I70:I73) -> 7 | Z25: =SUM(J70:J73) -> 8 | ... AF25: =SUM(P70:P73) -> 678
B26: 11.00 - 11.15 | C26: 90 | D26: 22 | E26: 13 | F26: 77 | G26: 1 | H26: 0 | I26: 7 | J26: 4 | K26: 0 | L26: 0 | M26: 225 | N26: 0 | O26: =SUM(C26:L26,N26) -> 214 | P26: =SUM(C26:N26) -> 439 | R26: 2300-0000 | S26: =SUM(C74:C77) -> 113 | T26: =SUM(D74:D77) -> 22 | U26: =SUM(E74:E77) -> 17 | V26: =SUM(F74:F77) -> 31 | W26: =SUM(G74:G77) -> 7 | X26: =SUM(H74:H77) -> 0 | Y26: =SUM(I74:I77) -> 7 | Z26: =SUM(J74:J77) -> 3 | ... AF26: =SUM(P74:P77) -> 554
B27: 11.15 - 11.30 | C27: 71 | D27: 21 | E27: 13 | F27: 58 | G27: 0 | H27: 2 | I27: 4 | J27: 2 | K27: 0 | L27: 0 | M27: 154 | N27: 0 | O27: =SUM(C27:L27,N27) -> 171 | P27: =SUM(C27:N27) -> 325 | R27: 0000-0100 | S27: =SUM(C78:C81) -> 65 | T27: =SUM(D78:D81) -> 14 | U27: =SUM(E78:E81) -> 4 | V27: =SUM(F78:F81) -> 16 | W27: =SUM(G78:G81) -> 1 | X27: =SUM(H78:H81) -> 2 | Y27: =SUM(I78:I81) -> 2 | Z27: =SUM(J78:J81) -> 1 | ... AF27: =SUM(P78:P81) -> 221
B28: 11.30 - 11.45 | C28: 63 | D28: 22 | E28: 16 | F28: 62 | G28: 0 | H28: 0 | I28: 7 | J28: 1 | K28: 2 | L28: 0 | M28: 145 | N28: 0 | O28: =SUM(C28:L28,N28) -> 173 | P28: =SUM(C28:N28) -> 318 | R28: 0100-0200 | S28: =SUM(C82:C85) -> 28 | T28: =SUM(D82:D85) -> 4 | U28: =SUM(E82:E85) -> 0 | V28: =SUM(F82:F85) -> 8 | W28: =SUM(G82:G85) -> 0 | X28: =SUM(H82:H85) -> 3 | Y28: =SUM(I82:I85) -> 1 | Z28: =SUM(J82:J85) -> 3 | ... AF28: =SUM(P82:P85) -> 130
B29: 11.45 - 12.00 | C29: 76 | D29: 16 | E29: 8 | F29: 44 | G29: 1 | H29: 0 | I29: 1 | J29: 4 | K29: 1 | L29: 0 | M29: 150 | N29: 0 | O29: =SUM(C29:L29,N29) -> 151 | P29: =SUM(C29:N29) -> 301 | R29: 0200-0300 | S29: =SUM(C86:C89) -> 26 | T29: =SUM(D86:D89) -> 9 | U29: =SUM(E86:E89) -> 1 | V29: =SUM(F86:F89) -> 2 | W29: =SUM(G86:G89) -> 0 | X29: =SUM(H86:H89) -> 2 | Y29: =SUM(I86:I89) -> 3 | Z29: =SUM(J86:J89) -> 0 | ... AF29: =SUM(P86:P89) -> 81
B30: 12.00 - 12.15 | C30: 67 | D30: 18 | E30: 12 | F30: 44 | G30: 1 | H30: 0 | I30: 4 | J30: 2 | K30: 3 | L30: 1 | M30: 152 | N30: 0 | O30: =SUM(C30:L30,N30) -> 152 | P30: =SUM(C30:N30) -> 304 | R30: 0300-0400 | S30: =SUM(C90:C93) -> 15 | T30: =SUM(D90:D93) -> 0 | U30: =SUM(E90:E93) -> 1 | V30: =SUM(F90:F93) -> 1 | W30: =SUM(G90:G93) -> 1 | X30: =SUM(H90:H93) -> 1 | Y30: =SUM(I90:I93) -> 3 | Z30: =SUM(J90:J93) -> 0 | ... AF30: =SUM(P90:P93) -> 66
B31: 12.15 - 12.30 | C31: 52 | D31: 12 | E31: 12 | F31: 43 | G31: 2 | H31: 0 | I31: 3 | J31: 2 | K31: 3 | L31: 0 | M31: 150 | N31: 0 | O31: =SUM(C31:L31,N31) -> 129 | P31: =SUM(C31:N31) -> 279 | R31: 0400-0500 | S31: =SUM(C94:C97) -> 12 | T31: =SUM(D94:D97) -> 2 | U31: =SUM(E94:E97) -> 1 | V31: =SUM(F94:F97) -> 10 | W31: =SUM(G94:G97) -> 1 | X31: =SUM(H94:H97) -> 3 | Y31: =SUM(I94:I97) -> 3 | Z31: =SUM(J94:J97) -> 1 | ... AF31: =SUM(P94:P97) -> 75
B32: 12.30 - 12.45 | C32: 72 | D32: 25 | E32: 11 | F32: 52 | G32: 2 | H32: 1 | I32: 8 | J32: 3 | K32: 2 | L32: 2 | M32: 158 | N32: 0 | O32: =SUM(C32:L32,N32) -> 178 | P32: =SUM(C32:N32) -> 336 | R32: 0500-0600 | S32: =SUM(C98:C101) -> 36 | T32: =SUM(D98:D101) -> 7 | U32: =SUM(E98:E101) -> 5 | V32: =SUM(F98:F101) -> 28 | W32: =SUM(G98:G101) -> 0 | X32: =SUM(H98:H101) -> 9 | Y32: =SUM(I98:I101) -> 7 | Z32: =SUM(J98:J101) -> 4 | ... AF32: =SUM(P98:P101) -> 279
B33: 12.45 - 13.00 | C33: 71 | D33: 12 | E33: 8 | F33: 68 | G33: 0 | H33: 1 | I33: 3 | J33: 0 | K33: 2 | L33: 0 | M33: 128 | N33: 0 | O33: =SUM(C33:L33,N33) -> 165 | P33: =SUM(C33:N33) -> 293 | R33: 0600-0700 | S33: =SUM(C102:C105) -> 53 | T33: =SUM(D102:D105) -> 9 | U33: =SUM(E102:E105) -> 14 | V33: =SUM(F102:F105) -> 99 | W33: =SUM(G102:G105) -> 35 | X33: =SUM(H102:H105) -> 0 | Y33: =SUM(I102:I105) -> 3 | Z33: =SUM(J102:J105) -> 4 | ... AF33: =SUM(P102:P105) -> 410
B34: 13.00 - 13.15 | C34: 63 | D34: 25 | E34: 72 | F34: 1 | G34: 0 | H34: 10 | I34: 2 | J34: 2 | K34: 2 | L34: 1 | M34: 150 | N34: 0 | O34: =SUM(C34:L34,N34) -> 178 | P34: =SUM(C34:N34) -> 328 | R34: AM Peak Hr | S34: =MAX(S10:S12) -> 301 | T34: =MAX(T10:T12) -> 67 | U34: =MAX(U10:U12) -> 41 | V34: =MAX(V10:V12) -> 307 | W34: =MAX(W10:W12) -> 77 | X34: =MAX(X10:X12) -> 4 | Y34: =MAX(Y10:Y12) -> 15 | Z34: =MAX(Z10:Z12) -> 10 | ... AF34: =MAX(AF10:AF12) -> 1533
B35: 13.15 - 13.30 | C35: 74 | D35: 18 | E35: 12 | F35: 19 | G35: 2 | H35: 4 | I35: 8 | J35: 4 | K35: 0 | L35: 0 | M35: 175 | N35: 0 | O35: =SUM(C35:L35,N35) -> 141 | P35: =SUM(C35:N35) -> 316 | R35: IP Peak Hr | S35: =MAX(S13:S18) -> 300 | T35: =MAX(T13:T18) -> 99 | U35: =MAX(U13:U18) -> 96 | V35: =MAX(V13:V18) -> 241 | W35: =MAX(W13:W18) -> 8 | X35: =MAX(X13:X18) -> 23 | Y35: =MAX(Y13:Y18) -> 26 | Z35: =MAX(Z13:Z18) -> 14 | ... AF35: =MAX(AF13:AF18) -> 1454
B36: 13.30 - 13.45 | C36: 42 | D36: 20 | E36: 6 | F36: 46 | G36: 0 | H36: 2 | I36: 5 | J36: 1 | K36: 0 | L36: 0 | M36: 157 | N36: 0 | O36: =SUM(C36:L36,N36) -> 122 | P36: =SUM(C36:N36) -> 279 | R36: PM Peak Hr | S36: =MAX(S19:S21) -> 206 | T36: =MAX(T19:T21) -> 92 | U36: =MAX(U19:U21) -> 54 | V36: =MAX(V19:V21) -> 200 | W36: =MAX(W19:W21) -> 7 | X36: =MAX(X19:X21) -> 3 | Y36: =MAX(Y19:Y21) -> 30 | Z36: =MAX(Z19:Z21) -> 16 | ... AF36: =MAX(AF19:AF21) -> 1135
B37: 13.45 - 14.00 | C37: 46 | D37: 21 | E37: 6 | F37: 35 | G37: 1 | H37: 7 | I37: 3 | J37: 2 | K37: 1 | L37: 1 | M37: 103 | N37: 0 | O37: =SUM(C37:L37,N37) -> 123 | P37: =SUM(C37:N37) -> 226 | R37: AM Period | S37: =SUM(S10:S12) -> 821 | T37: =SUM(T10:T12) -> 150 | U37: =SUM(U10:U12) -> 97 | V37: =SUM(V10:V12) -> 796 | W37: =SUM(W10:W12) -> 91 | X37: =SUM(X10:X12) -> 9 | Y37: =SUM(Y10:Y12) -> 43 | Z37: =SUM(Z10:Z12) -> 18 | ... AF37: =SUM(AF10:AF12) -> 4059
B38: 14.00 - 14.15 | C38: 41 | D38: 11 | E38: 4 | F38: 23 | G38: 2 | H38: 0 | I38: 6 | J38: 4 | K38: 0 | L38: 1 | M38: 82 | N38: 0 | O38: =SUM(C38:L38,N38) -> 92 | P38: =SUM(C38:N38) -> 174 | R38: IP Period | S38: =SUM(S13:S18) -> 1538 | T38: =SUM(T13:T18) -> 470 | U38: =SUM(U13:U18) -> 297 | V38: =SUM(V13:V18) -> 1111 | W38: =SUM(W13:W18) -> 25 | X38: =SUM(X13:X18) -> 37 | Y38: =SUM(Y13:Y18) -> 122 | Z38: =SUM(Z13:Z18) -> 63 | ... AF38: =SUM(AF13:AF18) -> 6909
B39: 14.15 - 14.30 | C39: 53 | D39: 12 | E39: 6 | F39: 30 | G39: 6 | H39: 0 | I39: 6 | J39: 3 | K39: 0 | L39: 0 | M39: 125 | N39: 0 | O39: =SUM(C39:L39,N39) -> 116 | P39: =SUM(C39:N39) -> 241 | R39: PM Period | S39: =SUM(S19:S21) -> 548 | T39: =SUM(T19:T21) -> 249 | U39: =SUM(U19:U21) -> 133 | V39: =SUM(V19:V21) -> 518 | W39: =SUM(W19:W21) -> 15 | X39: =SUM(X19:X21) -> 8 | Y39: =SUM(Y19:Y21) -> 75 | Z39: =SUM(Z19:Z21) -> 37 | ... AF39: =SUM(AF19:AF21) -> 3180
B40: 14.30 - 14.45 | C40: 69 | D40: 20 | E40: 12 | F40: 31 | G40: 0 | H40: 2 | I40: 11 | J40: 0 | K40: 0 | L40: 0 | M40: 135 | N40: 0 | O40: =SUM(C40:L40,N40) -> 145 | P40: =SUM(C40:N40) -> 280 | R40: 12 Hours | S40: =SUM(S10:S21) -> 2907 | T40: =SUM(T10:T21) -> 869 | U40: =SUM(U10:U21) -> 527 | V40: =SUM(V10:V21) -> 2425 | W40: =SUM(W10:W21) -> 131 | X40: =SUM(X10:X21) -> 54 | Y40: =SUM(Y10:Y21) -> 240 | Z40: =SUM(Z10:Z21) -> 118 | ... AF40: =SUM(AF10:AF21) -> 14148
B41: 14.45 - 15.00 | C41: 60 | D41: 20 | E41: 10 | F41: 51 | G41: 0 | H41: 1 | I41: 3 | J41: 2 | K41: 1 | L41: 1 | M41: 90 | N41: 0 | O41: =SUM(C41:L41,N41) -> 149 | P41: =SUM(C41:N41) -> 239 | R41: 24 Hrs/ADT | S41: =SUM(S10:S33) -> 3974 | T41: =SUM(T10:T33) -> 1040 | U41: =SUM(U10:U33) -> 662 | V41: =SUM(V10:V33) -> 3189 | W41: =SUM(W10:W33) -> 189 | X41: =SUM(X10:X33) -> 97 | Y41: =SUM(Y10:Y33) -> 302 | Z41: =SUM(Z10:Z33) -> 154 | ... AF41: =SUM(AF10:AF33) -> 19477
B42: 15.00 - 15.15 | C42: 50 | D42: 17 | E42: 6 | F42: 33 | G42: 1 | H42: 1 | I42: 5 | J42: 5 | K42: 0 | L42: 2 | M42: 88 | N42: 0 | O42: =SUM(C42:L42,N42) -> 120 | P42: =SUM(C42:N42) -> 208 | R42: NEF | S42: =S41/S40 -> 1.3670451 | T42: =T41/T40 -> 1.1967779 | U42: =U41/U40 -> 1.256167 | V42: =V41/V40 -> 1.3150515 | W42: =W41/W40 -> 1.4427481 | X42: =X41/X40 -> 1.7962963 | Y42: =Y41/Y40 -> 1.2583333 | Z42: =Z41/Z40 -> 1.3050847 | ... AF42: =AF41/AF40 -> 1.376661
B43: 15.15 - 15.30 | C43: 55 | D43: 21 | E43: 12 | F43: 46 | G43: 1 | H43: 0 | I43: 1 | J43: 4 | K43: 0 | L43: 0 | M43: 100 | N43: 0 | O43: =SUM(C43:L43,N43) -> 140 | P43: =SUM(C43:N43) -> 240
B44: 15.30 - 15.45 | C44: 72 | D44: 15 | E44: 5 | F44: 85 | G44: 0 | H44: 2 | I44: 7 | J44: 1 | K44: 0 | L44: 0 | M44: 103 | N44: 0 | O44: =SUM(C44:L44,N44) -> 187 | P44: =SUM(C44:N44) -> 290
B45: 15.45 - 16.00 | C45: 71 | D45: 23 | E45: 9 | F45: 62 | G45: 1 | H45: 2 | I45: 9 | J45: 4 | K45: 0 | L45: 1 | M45: 175 | N45: 0 | O45: 15 | P45: 39
B46: 16.00 - 16.15 | C46: 65 | D46: 19 | E46: 15 | F46: 39 | G46: 0 | H46: 0 | I46: 3 | J46: 5 | K46: 0 | L46: 0 | M46: 166 | N46: 0 | O46: =SUM(C46:L46,N46) -> 146 | P46: =SUM(C46:N46) -> 312
B47: 16.15 -16.30 | C47: 41 | D47: 22 | E47: 11 | F47: 31 | G47: 0 | H47: 0 | I47: 9 | J47: 3 | K47: 0 | L47: 1 | M47: 142 | N47: 0 | O47: =SUM(C47:L47,N47) -> 118 | P47: =SUM(C47:N47) -> 260
B48: 16.30 -16.45 | C48: 54 | D48: 20 | E48: 13 | F48: 50 | G48: 1 | H48: 1 | I48: 9 | J48: 0 | K48: 0 | L48: 1 | M48: 172 | N48: 0 | O48: =SUM(C48:L48,N48) -> 149 | P48: =SUM(C48:N48) -> 321
B49: 16.45 -17.00 | C49: 46 | D49: 21 | E49: 15 | F49: 27 | G49: 4 | H49: 1 | I49: 9 | J49: 4 | K49: 0 | L49: 0 | M49: 115 | N49: 0 | O49: =SUM(C49:L49,N49) -> 127 | P49: =SUM(C49:N49) -> 242
B50: 17.00 -17.15 | C50: 54 | D50: 17 | E50: 16 | F50: 59 | G50: 2 | H50: 1 | I50: 7 | J50: 5 | K50: 0 | L50: 0 | M50: 160 | N50: 0 | O50: =SUM(C50:L50,N50) -> 161 | P50: =SUM(C50:N50) -> 321
B51: 17.15 -17.30 | C51: 38 | D51: 13 | E51: 12 | F51: 19 | G51: 1 | H51: 1 | I51: 6 | J51: 4 | K51: 1 | L51: 1 | M51: 115 | N51: 0 | O51: =SUM(C51:L51,N51) -> 96 | P51: =SUM(C51:N51) -> 211
B52: 17.30 -17.45 | C52: 35 | D52: 29 | E52: 14 | F52: 41 | G52: 3 | H52: 0 | I52: 6 | J52: 4 | K52: 0 | L52: 0 | M52: 147 | N52: 0 | O52: =SUM(C52:L52,N52) -> 132 | P52: =SUM(C52:N52) -> 279
B53: 17.45 -18.00 | C53: 48 | D53: 33 | E53: 7 | F53: 52 | G53: 1 | H53: 1 | I53: 3 | J53: 3 | K53: 0 | L53: 0 | M53: 122 | N53: 0 | O53: =SUM(C53:L53,N53) -> 148 | P53: =SUM(C53:N53) -> 270
B54: 18.00 - 18.15 | C54: 44 | D54: 21 | E54: 10 | F54: 30 | G54: 2 | H54: 0 | I54: 7 | J54: 3 | K54: 1 | L54: 1 | M54: 125 | N54: 0 | O54: =SUM(C54:L54,N54) -> 119 | P54: =SUM(C54:N54) -> 244
B55: 18.15 - 18.30 | C55: 30 | D55: 28 | E55: 7 | F55: 58 | G55: 0 | H55: 3 | I55: 10 | J55: 3 | K55: 1 | L55: 1 | M55: 125 | N55: 0 | O55: =SUM(C55:L55,N55) -> 141 | P55: =SUM(C55:N55) -> 266
B56: 18.30 - 18.45 | C56: 33 | D56: 11 | E56: 8 | F56: 37 | G56: 1 | H56: 0 | I56: 5 | J56: 1 | K56: 0 | L56: 0 | M56: 115 | N56: 0 | O56: =SUM(C56:L56,N56) -> 96 | P56: =SUM(C56:N56) -> 211
B57: 18.45 - 19.00 | C57: 60 | D57: 15 | E57: 5 | F57: 75 | G57: 0 | H57: 0 | I57: 1 | J57: 2 | K57: 0 | L57: 0 | M57: 85 | N57: 0 | O57: =SUM(C57:L57,N57) -> 158 | P57: =SUM(C57:N57) -> 243
... B105: 06.45 - 07.00 | C105: 16 | D105: 4 | E105: 4 | F105: 34 | G105: 34 | H105: 0 | I105: 0 | J105: 1 | K105: 0 | L105: 0 | M105: 60 | N105: 0 | O105: =SUM(C105:L105,N105) -> 93 | P105: =SUM(C105:N105) -> 153
B106: Totals | C106: =SUM(C10:C105) -> 3974 | D106: =SUM(D10:D105) -> 1040 | E106: =SUM(E10:E105) -> 662 | F106: =SUM(F10:F105) -> 3189 | G106: =SUM(G10:G105) -> 189 | H106: =SUM(H10:H105) -> 97 | I106: =SUM(I10:I105) -> 302 | J106: =SUM(J10:J105) -> 154 | ... P106: =SUM(P10:P105) -> 19477
B107: %ges + MCs | C107: =C106/$P$106 -> 0.20403553 | D107: =D106/$P$106 -> 0.053396314 | E107: =E106/$P$106 -> 0.033988807 | F107: =F106/$P$106 -> 0.16373158 | G107: =G106/$P$106 -> 0.0097037531 | H107: =H106/$P$106 -> 0.0049802331 | I107: =I106/$P$106 -> 0.015505468 | J107: =J106/$P$106 -> 0.0079067618 | ... N107: =N106/$P$106 -> 0
B108: %ges w/o MCs | C108: =C106/$O$106 -> 0.41713026 | D108: =D106/$O$106 -> 0.10916343 | E108: =E106/$O$106 -> 0.069486722 | F108: =F106/$O$106 -> 0.33473286 | G108: =G106/$O$106 -> 0.019838354 | H108: =H106/$O$106 -> 0.010181589 | I108: =I106/$O$106 -> 0.031699381 | J108: =J106/$O$106 -> 0.016164585 | ... L108: =L106/$O$106 -> 0.003883699 | N108: =N106/$O$106 -> 0

Sheet 27.07 Makerere-Bwaise-24h
B1: Consultancy services for Preparation of Expressway Development Master Plan (EDMP) for Uganda
B2: MANUAL CLASSIFIED COUNT (MCC)
B3: ROAD NAME: | C3: ='22.07 Bwaise-Makerere'!C3:G3 -> MCC - C1 - STN021- SIR APOLLO ROAD
C5: Date | D5: ='27.07 Bwaise-Makerere-24h'!D5 -> 27.07.19 | F5: Location | G5: ='27.07 Bwaise-Makerere-24h'!G5:H5 -> PREMIUM DESIGN LTD | J5: Surveyor | K5: ='27.07 Bwaise-Makerere-24h'!K5:L5 -> OKELLO PETER
C6: Dir. From | D6: ='22.07 MAKERERE-BWAISE'!D6:E6 -> MAKARERE | F6: Dir. To | G6: ='22.07 MAKERERE-BWAISE'!G6:H6 -> BWAISE | J6: Supervisor | K6: ='27.07 Bwaise-Makerere-24h'!K6:L6 -> SALIMAH
B8: Time / Veh Type | R8: SUMMARY TRAFFIC VOLUMES
C9: 1. Car | D9: 2. Station Wagon | E9: 3. Pickups | F9: 4. Minibus, matatu | G9: 5. Medium bus | H9: 6. Large Bus | I9: 7. Light Truck | J9: 8. Medium Truck | K9: 9. Heavy truck | L9: 10. Truck Trailer | M9: 11. Motor cycles | N9: 12. Tractors | O9: Total Excl M/Cycles | P9: Total All | R9: Time | S9: 1. Car | T9: 2. Station Wagon | U9: 3. Pickups | V9: 4. Minibus, matatu | W9: 5. Medium bus | X9: 6. Large Bus | Y9: 7. Light Truck | Z9: 8. Medium Truck | AA9: 9. Heavy truck | AB9: 10. Truck Trailer | AC9: 11. Motorcycles | AD9: 12. Tractors, Graders | AE9: Total Excl M/ Cycles | AF9: Total All
B10: 07.00 - 07.15 | C10: 17 | D10: 7 | E10: 2 | F10: 44 | G10: 1 | H10: 0 | I10: 6 | J10: 3 | K10: 1 | L10: 1 | M10: 113 | N10: 0 | O10: =SUM(C10:L10,N10) -> 82 | P10: =SUM(C10:N10) -> 195 | R10: 0700-0800 | S10: =SUM(C10:C13) -> 70 | T10: =SUM(D10:D13) -> 26 | U10: =SUM(E10:E13) -> 11 | V10: =SUM(F10:F13) -> 172 | W10: =SUM(G10:G13) -> 6 | X10: =SUM(H10:H13) -> 4 | Y10: =SUM(I10:I13) -> 10 | Z10: =SUM(J10:J13) -> 10 | ... AF10: =SUM(P10:P13) -> 834
B11: 07.15 - 07.30 | C11: 5 | D11: 3 | E11: 1 | F11: 32 | G11: 2 | H11: 4 | I11: 1 | J11: 0 | K11: 1 | L11: 0 | M11: 110 | N11: 0 | O11: =SUM(C11:L11,N11) -> 49 | P11: =SUM(C11:N11) -> 159 | R11: 0800-0900 | S11: =SUM(C14:C17) -> 77 | T11: =SUM(D14:D17) -> 235 | U11: =SUM(E14:E17) -> 14 | V11: =SUM(F14:F17) -> 205 | W11: =SUM(G14:G17) -> 7 | X11: =SUM(H14:H17) -> 4 | Y11: =SUM(I14:I17) -> 6 | Z11: =SUM(J14:J17) -> 3 | ... AF11: =SUM(P14:P17) -> 1482
B12: 07.30 - 07.45 | C12: 25 | D12: 8 | E12: 3 | F12: 49 | G12: 2 | H12: 0 | I12: 2 | J12: 4 | K12: 4 | L12: 0 | M12: 115 | N12: 0 | O12: =SUM(C12:L12,N12) -> 97 | P12: =SUM(C12:N12) -> 212 | R12: 0900-1000 | S12: =SUM(C18:C21) -> 166 | T12: =SUM(D18:D21) -> 59 | U12: =SUM(E18:E21) -> 21 | V12: =SUM(F18:F21) -> 221 | W12: =SUM(G18:G21) -> 5 | X12: =SUM(H18:H21) -> 1 | Y12: =SUM(I18:I21) -> 14 | Z12: =SUM(J18:J21) -> 11 | ... AF12: =SUM(P18:P21) -> 1160
B13: 07.45 - 08.00 | C13: 23 | D13: 8 | E13: 5 | F13: 47 | G13: 1 | H13: 0 | I13: 1 | J13: 3 | K13: 2 | L13: 0 | M13: 178 | N13: 0 | O13: =SUM(C13:L13,N13) -> 90 | P13: =SUM(C13:N13) -> 268 | R13: 1000-1100 | S13: =SUM(C22:C25) -> 198 | T13: =SUM(D22:D25) -> 61 | U13: =SUM(E22:E25) -> 14 | V13: =SUM(F22:F25) -> 192 | W13: =SUM(G22:G25) -> 3 | X13: =SUM(H22:H25) -> 3 | Y13: =SUM(I22:I25) -> 11 | Z13: =SUM(J22:J25) -> 18 | ... AF13: =SUM(P22:P25) -> 1124
B14: 08.00 - 08.15 | C14: 23 | D14: 12 | E14: 1 | F14: 68 | G14: 2 | H14: 2 | I14: 1 | J14: 0 | K14: 6 | L14: 1 | M14: 235 | N14: 0 | O14: =SUM(C14:L14,N14) -> 116 | P14: =SUM(C14:N14) -> 351 | R14: 1100-1200 | S14: =SUM(C26:C29) -> 189 | T14: =SUM(D26:D29) -> 77 | U14: =SUM(E26:E29) -> 94 | V14: =SUM(F26:F29) -> 173 | W14: =SUM(G26:G29) -> 71 | X14: =SUM(H26:H29) -> 4 | Y14: =SUM(I26:I29) -> 12 | Z14: =SUM(J26:J29) -> 14 | ... AF14: =SUM(P26:P29) -> 1239
B15: 08.15 - 08.30 | C15: 25 | D15: 7 | E15: 2 | F15: 47 | G15: 0 | H15: 0 | I15: 2 | J15: 1 | K15: 3 | L15: 0 | M15: 185 | N15: 0 | O15: =SUM(C15:L15,N15) -> 87 | P15: =SUM(C15:N15) -> 272 | R15: 1200-1300 | S15: =SUM(C30:C33) -> 231 | T15: =SUM(D30:D33) -> 107 | U15: =SUM(E30:E33) -> 29 | V15: =SUM(F30:F33) -> 213 | W15: =SUM(G30:G33) -> 2 | X15: =SUM(H30:H33) -> 3 | Y15: =SUM(I30:I33) -> 13 | Z15: =SUM(J30:J33) -> 19 | ... AF15: =SUM(P30:P33) -> 1220
B16: 08.30 - 08.45 | C16: 28 | D16: 5 | E16: 3 | F16: 50 | G16: 1 | H16: 0 | I16: 3 | J16: 1 | K16: 1 | L16: 0 | M16: 235 | N16: 0 | O16: =SUM(C16:L16,N16) -> 92 | P16: =SUM(C16:N16) -> 327 | R16: 1300-1400 | S16: =SUM(C34:C37) -> 197 | T16: =SUM(D34:D37) -> 89 | U16: =SUM(E34:E37) -> 36 | V16: =SUM(F34:F37) -> 187 | W16: =SUM(G34:G37) -> 6 | X16: =SUM(H34:H37) -> 3 | Y16: =SUM(I34:I37) -> 19 | Z16: =SUM(J34:J37) -> 18 | ... AF16: =SUM(P34:P37) -> 1155
B17: 08.45 - 9.00 | C17: 1 | D17: 211 | E17: 8 | F17: 40 | G17: 4 | H17: 2 | I17: 0 | J17: 1 | K17: 4 | L17: 1 | M17: 260 | N17: 0 | O17: =SUM(C17:L17,N17) -> 272 | P17: =SUM(C17:N17) -> 532 | R17: 1400-1500 | S17: =SUM(C38:C41) -> 221 | T17: =SUM(D38:D41) -> 67 | U17: =SUM(E38:E41) -> 19 | V17: =SUM(F38:F41) -> 223 | W17: =SUM(G38:G41) -> 3 | X17: =SUM(H38:H41) -> 6 | Y17: =SUM(I38:I41) -> 19 | Z17: =SUM(J38:J41) -> 10 | ... AF17: =SUM(P38:P41) -> 1146
B18: 09.00 - 09.15 | C18: 53 | D18: 10 | E18: 6 | F18: 64 | G18: 1 | H18: 0 | I18: 2 | J18: 2 | K18: 2 | L18: 2 | M18: 195 | N18: 0 | O18: =SUM(C18:L18,N18) -> 142 | P18: =SUM(C18:N18) -> 337 | R18: 1500-1600 | S18: =SUM(C42:C45) -> 253 | T18: =SUM(D42:D45) -> 93 | U18: =SUM(E42:E45) -> 24 | V18: =SUM(F42:F45) -> 160 | W18: =SUM(G42:G45) -> 0 | X18: =SUM(H42:H45) -> 4 | Y18: =SUM(I42:I45) -> 10 | Z18: =SUM(J42:J45) -> 9 | ... AF18: =SUM(P42:P45) -> 1136
B19: 09.15 - 09.30 | C19: 41 | D19: 11 | E19: 7 | F19: 53 | G19: 3 | H19: 0 | I19: 6 | J19: 2 | K19: 0 | L19: 0 | M19: 125 | N19: 0 | O19: =SUM(C19:L19,N19) -> 123 | P19: =SUM(C19:N19) -> 248 | R19: 1600-1700 | S19: =SUM(C46:C49) -> 269 | T19: =SUM(D46:D49) -> 65 | U19: =SUM(E46:E49) -> 18 | V19: =SUM(F46:F49) -> 223 | W19: =SUM(G46:G49) -> 4 | X19: =SUM(H46:H49) -> 5 | Y19: =SUM(I46:I49) -> 24 | Z19: =SUM(J46:J49) -> 12 | ... AF19: =SUM(P46:P49) -> 1238
B20: 09.30 - 09.45 | C20: 34 | D20: 15 | E20: 7 | F20: 58 | G20: 0 | H20: 0 | I20: 3 | J20: 5 | K20: 1 | L20: 1 | M20: 190 | N20: 0 | O20: =SUM(C20:L20,N20) -> 124 | P20: =SUM(C20:N20) -> 314 | R20: 1700-1800 | S20: =SUM(C50:C53) -> 223 | T20: =SUM(D50:D53) -> 65 | U20: =SUM(E50:E53) -> 33 | V20: =SUM(F50:F53) -> 242 | W20: =SUM(G50:G53) -> 8 | X20: =SUM(H50:H53) -> 3 | Y20: =SUM(I50:I53) -> 18 | Z20: =SUM(J50:J53) -> 7 | ... AF20: =SUM(P50:P53) -> 1243
B21: 09.45 - 10.00 | C21: 38 | D21: 23 | E21: 1 | F21: 46 | G21: 1 | H21: 1 | I21: 3 | J21: 2 | K21: 3 | L21: 3 | M21: 140 | N21: 0 | O21: =SUM(C21:L21,N21) -> 121 | P21: =SUM(C21:N21) -> 261 | R21: 1800-1900 | S21: =SUM(C54:C57) -> 254 | T21: =SUM(D54:D57) -> 104 | U21: =SUM(E54:E57) -> 20 | V21: =SUM(F54:F57) -> 272 | W21: =SUM(G54:G57) -> 2 | X21: =SUM(H54:H57) -> 3 | Y21: =SUM(I54:I57) -> 20 | Z21: =SUM(J54:J57) -> 9 | ... AF21: =SUM(P54:P57) -> 1321
B22: 10.00 - 10.15 | C22: 38 | D22: 10 | E22: 5 | F22: 58 | G22: 1 | H22: 1 | I22: 3 | J22: 3 | K22: 3 | L22: 3 | M22: 193 | N22: 0 | O22: =SUM(C22:L22,N22) -> 125 | P22: =SUM(C22:N22) -> 318 | R22: 1900-2000 | S22: =SUM(C58:C61) -> 237 | T22: =SUM(D58:D61) -> 27 | U22: =SUM(E58:E61) -> 60 | V22: =SUM(F58:F61) -> 142 | W22: =SUM(G58:G61) -> 1 | X22: =SUM(H58:H61) -> 7 | Y22: =SUM(I58:I61) -> 23 | Z22: =SUM(J58:J61) -> 5 | ... AF22: =SUM(P58:P61) -> 933
B23: 10.15 - 10.30 | C23: 70 | D23: 22 | E23: 7 | F23: 43 | G23: 0 | H23: 2 | I23: 3 | J23: 6 | K23: 2 | L23: 1 | M23: 141 | N23: 0 | O23: =SUM(C23:L23,N23) -> 156 | P23: =SUM(C23:N23) -> 297 | R23: 2000-2100 | S23: =SUM(C62:C65) -> 223 | T23: =SUM(D62:D65) -> 73 | U23: =SUM(E62:E65) -> 27 | V23: =SUM(F62:F65) -> 142 | W23: =SUM(G62:G65) -> 48 | X23: =SUM(H62:H65) -> 9 | Y23: =SUM(I62:I65) -> 14 | Z23: =SUM(J62:J65) -> 6 | ... AF23: =SUM(P62:P65) -> 993
B24: 10.30 - 10.45 | C24: 56 | D24: 16 | E24: 1 | F24: 56 | G24: 0 | H24: 0 | I24: 3 | J24: 6 | K24: 2 | L24: 1 | M24: 175 | O24: =SUM(C24:L24,N24) -> 141 | P24: =SUM(C24:N24) -> 316 | R24: 2100-2200 | S24: =SUM(C66:C69) -> 247 | T24: =SUM(D66:D69) -> 28 | U24: =SUM(E66:E69) -> 8 | V24: =SUM(F66:F69) -> 117 | W24: =SUM(G66:G69) -> 5 | X24: =SUM(H66:H69) -> 3 | Y24: =SUM(I66:I69) -> 15 | Z24: =SUM(J66:J69) -> 6 | ... AF24: =SUM(P66:P69) -> 710
B25: 10.45 - 11.00 | C25: 34 | D25: 13 | E25: 1 | F25: 35 | G25: 2 | H25: 0 | I25: 2 | J25: 3 | K25: 3 | L25: 0 | M25: 100 | N25: 0 | O25: =SUM(C25:L25,N25) -> 93 | P25: =SUM(C25:N25) -> 193 | R25: 2200-2300 | S25: =SUM(C70:C73) -> 166 | T25: =SUM(D70:D73) -> 28 | U25: =SUM(E70:E73) -> 28 | V25: =SUM(F70:F73) -> 58 | W25: =SUM(G70:G73) -> 5 | X25: =SUM(H70:H73) -> 2 | Y25: =SUM(I70:I73) -> 6 | Z25: =SUM(J70:J73) -> 0 | ... AF25: =SUM(P70:P73) -> 546
B26: 11.00 - 11.15 | C26: 37 | D26: 21 | E26: 65 | F26: 5 | G26: 71 | H26: 1 | I26: 0 | J26: 1 | K26: 3 | L26: 2 | M26: 155 | O26: =SUM(C26:L26,N26) -> 206 | P26: =SUM(C26:N26) -> 361 | R26: 2300-0000 | S26: =SUM(C74:C77) -> 139 | T26: =SUM(D74:D77) -> 13 | U26: =SUM(E74:E77) -> 7 | V26: =SUM(F74:F77) -> 45 | W26: =SUM(G74:G77) -> 2 | X26: =SUM(H74:H77) -> 5 | Y26: =SUM(I74:I77) -> 5 | Z26: =SUM(J74:J77) -> 0 | ... AF26: =SUM(P74:P77) -> 434
B27: 11.15 - 11.30 | C27: 43 | D27: 22 | E27: 8 | F27: 44 | G27: 0 | H27: 1 | I27: 4 | J27: 4 | K27: 2 | L27: 0 | M27: 153 | N27: 0 | O27: =SUM(C27:L27,N27) -> 128 | P27: =SUM(C27:N27) -> 281 | R27: 0000-0100 | S27: =SUM(C78:C81) -> 75 | T27: =SUM(D78:D81) -> 5 | U27: =SUM(E78:E81) -> 5 | V27: =SUM(F78:F81) -> 8 | W27: =SUM(G78:G81) -> 4 | X27: =SUM(H78:H81) -> 3 | Y27: =SUM(I78:I81) -> 3 | Z27: =SUM(J78:J81) -> 6 | ... AF27: =SUM(P78:P81) -> 215
B28: 11.30 - 11.45 | C28: 73 | D28: 22 | E28: 17 | F28: 72 | G28: 0 | H28: 1 | I28: 3 | J28: 6 | K28: 2 | L28: 0 | M28: 170 | N28: 0 | O28: =SUM(C28:L28,N28) -> 196 | P28: =SUM(C28:N28) -> 366 | R28: 0100-0200 | S28: =SUM(C82:C85) -> 32 | T28: =SUM(D82:D85) -> 2 | U28: =SUM(E82:E85) -> 1 | V28: =SUM(F82:F85) -> 3 | W28: =SUM(G82:G85) -> 1 | X28: =SUM(H82:H85) -> 3 | Y28: =SUM(I82:I85) -> 3 | Z28: =SUM(J82:J85) -> 3 | ... AF28: =SUM(P82:P85) -> 98
B29: 11.45 - 12.00 | C29: 36 | D29: 12 | E29: 4 | F29: 52 | G29: 0 | H29: 1 | I29: 5 | J29: 3 | K29: 3 | L29: 0 | M29: 115 | N29: 0 | O29: =SUM(C29:L29,N29) -> 116 | P29: =SUM(C29:N29) -> 231 | R29: 0200-0300 | S29: =SUM(C86:C89) -> 30 | T29: =SUM(D86:D89) -> 0 | U29: =SUM(E86:E89) -> 4 | V29: =SUM(F86:F89) -> 1 | W29: =SUM(G86:G89) -> 0 | X29: =SUM(H86:H89) -> 0 | Y29: =SUM(I86:I89) -> 1 | Z29: =SUM(J86:J89) -> 0 | ... AF29: =SUM(P86:P89) -> 76
B30: 12.00 - 12.15 | C30: 77 | D30: 23 | E30: 8 | F30: 60 | G30: 1 | H30: 0 | I30: 0 | J30: 2 | K30: 1 | L30: 0 | M30: 175 | N30: 0 | O30: =SUM(C30:L30,N30) -> 172 | P30: =SUM(C30:N30) -> 347 | R30: 0300-0400 | S30: =SUM(C90:C93) -> 20 | T30: =SUM(D90:D93) -> 2 | U30: =SUM(E90:E93) -> 0 | V30: =SUM(F90:F93) -> 2 | W30: =SUM(G90:G93) -> 0 | X30: =SUM(H90:H93) -> 0 | Y30: =SUM(I90:I93) -> 1 | Z30: =SUM(J90:J93) -> 0 | ... AF30: =SUM(P90:P93) -> 43
B31: 12.15 - 12.30 | C31: 58 | D31: 32 | E31: 7 | F31: 47 | G31: 0 | H31: 2 | I31: 5 | J31: 6 | K31: 6 | L31: 0 | M31: 120 | N31: 0 | O31: =SUM(C31:L31,N31) -> 163 | P31: =SUM(C31:N31) -> 283 | R31: 0400-0500 | S31: =SUM(C94:C97) -> 21 | T31: =SUM(D94:D97) -> 0 | U31: =SUM(E94:E97) -> 0 | V31: =SUM(F94:F97) -> 1 | W31: =SUM(G94:G97) -> 0 | X31: =SUM(H94:H97) -> 0 | Y31: =SUM(I94:I97) -> 0 | Z31: =SUM(J94:J97) -> 0 | ... AF31: =SUM(P94:P97) -> 60
B32: 12.30 - 12.45 | C32: 55 | D32: 35 | E32: 6 | F32: 54 | G32: 0 | H32: 1 | I32: 2 | J32: 5 | K32: 2 | L32: 0 | M32: 125 | N32: 0 | O32: =SUM(C32:L32,N32) -> 160 | P32: =SUM(C32:N32) -> 285 | R32: 0500-0600 | S32: =SUM(C98:C101) -> 14 | T32: =SUM(D98:D101) -> 6 | U32: =SUM(E98:E101) -> 4 | V32: =SUM(F98:F101) -> 13 | W32: =SUM(G98:G101) -> 0 | X32: =SUM(H98:H101) -> 2 | Y32: =SUM(I98:I101) -> 1 | Z32: =SUM(J98:J101) -> 1 | ... AF32: =SUM(P98:P101) -> 102
B33: 12.45 - 13.00 | C33: 41 | D33: 17 | E33: 8 | F33: 52 | G33: 1 | H33: 0 | I33: 6 | J33: 6 | K33: 14 | L33: 0 | M33: 160 | N33: 0 | O33: =SUM(C33:L33,N33) -> 145 | P33: =SUM(C33:N33) -> 305 | R33: 0600-0700 | S33: =SUM(C102:C105) -> 43 | T33: =SUM(D102:D105) -> 8 | U33: =SUM(E102:E105) -> 3 | V33: =SUM(F102:F105) -> 45 | W33: =SUM(G102:G105) -> 2 | X33: =SUM(H102:H105) -> 4 | Y33: =SUM(I102:I105) -> 10 | Z33: =SUM(J102:J105) -> 1 | ... AF33: =SUM(P102:P105) -> 285
B34: 13.00 - 13.15 | C34: 46 | D34: 34 | E34: 4 | F34: 45 | G34: 4 | H34: 0 | I34: 7 | J34: 4 | K34: 6 | L34: 0 | M34: 126 | N34: 0 | O34: =SUM(C34:L34,N34) -> 150 | P34: =SUM(C34:N34) -> 276 | R34: AM Peak Hr | S34: =MAX(S10:S12) -> 166 | T34: =MAX(T10:T12) -> 235 | U34: =MAX(U10:U12) -> 21 | V34: =MAX(V10:V12) -> 221 | W34: =MAX(W10:W12) -> 7 | X34: =MAX(X10:X12) -> 4 | Y34: =MAX(Y10:Y12) -> 14 | Z34: =MAX(Z10:Z12) -> 11 | ... AF34: =MAX(AF10:AF12) -> 1482
B35: 13.15 - 13.30 | C35: 73 | D35: 12 | E35: 8 | F35: 48 | G35: 0 | H35: 1 | I35: 5 | J35: 4 | K35: 0 | L35: 0 | M35: 175 | N35: 0 | O35: =SUM(C35:L35,N35) -> 151 | P35: =SUM(C35:N35) -> 326 | R35: IP Peak Hr | S35: =MAX(S13:S18) -> 253 | T35: =MAX(T13:T18) -> 107 | U35: =MAX(U13:U18) -> 94 | V35: =MAX(V13:V18) -> 223 | W35: =MAX(W13:W18) -> 71 | X35: =MAX(X13:X18) -> 6 | Y35: =MAX(Y13:Y18) -> 19 | Z35: =MAX(Z13:Z18) -> 19 | ... AF35: =MAX(AF13:AF18) -> 1239
B36: 13.30 - 13.45 | C36: 52 | D36: 17 | E36: 12 | F36: 56 | G36: 2 | H36: 0 | I36: 4 | J36: 7 | K36: 2 | L36: 0 | M36: 165 | N36: 0 | O36: =SUM(C36:L36,N36) -> 152 | P36: =SUM(C36:N36) -> 317 | R36: PM Peak Hr | S36: =MAX(S19:S21) -> 269 | T36: =MAX(T19:T21) -> 104 | U36: =MAX(U19:U21) -> 33 | V36: =MAX(V19:V21) -> 272 | W36: =MAX(W19:W21) -> 8 | X36: =MAX(X19:X21) -> 5 | Y36: =MAX(Y19:Y21) -> 24 | Z36: =MAX(Z19:Z21) -> 12 | ... AF36: =MAX(AF19:AF21) -> 1321
B37: 13.45 - 14.00 | C37: 26 | D37: 26 | E37: 12 | F37: 38 | G37: 0 | H37: 2 | I37: 3 | J37: 3 | K37: 0 | L37: 0 | M37: 126 | N37: 0 | O37: =SUM(C37:L37,N37) -> 110 | P37: =SUM(C37:N37) -> 236 | R37: AM Period | S37: =SUM(S10:S12) -> 313 | T37: =SUM(T10:T12) -> 320 | U37: =SUM(U10:U12) -> 46 | V37: =SUM(V10:V12) -> 598 | W37: =SUM(W10:W12) -> 18 | X37: =SUM(X10:X12) -> 9 | Y37: =SUM(Y10:Y12) -> 30 | Z37: =SUM(Z10:Z12) -> 24 | ... AF37: =SUM(AF10:AF12) -> 3476
B38: 14.00 - 14.15 | C38: 70 | D38: 24 | E38: 5 | F38: 47 | G38: 1 | H38: 5 | I38: 8 | J38: 2 | K38: 8 | L38: 1 | M38: 120 | N38: 0 | O38: =SUM(C38:L38,N38) -> 171 | P38: =SUM(C38:N38) -> 291 | R38: IP Period | S38: =SUM(S13:S18) -> 1289 | T38: =SUM(T13:T18) -> 494 | U38: =SUM(U13:U18) -> 216 | V38: =SUM(V13:V18) -> 1148 | W38: =SUM(W13:W18) -> 85 | X38: =SUM(X13:X18) -> 23 | Y38: =SUM(Y13:Y18) -> 84 | Z38: =SUM(Z13:Z18) -> 88 | ... AF38: =SUM(AF13:AF18) -> 7020
B39: 14.15 - 14.30 | C39: 55 | D39: 3 | E39: 8 | F39: 68 | G39: 2 | H39: 1 | I39: 1 | J39: 1 | K39: 8 | L39: 1 | M39: 150 | N39: 0 | O39: =SUM(C39:L39,N39) -> 148 | P39: =SUM(C39:N39) -> 298 | R39: PM Period | S39: =SUM(S19:S21) -> 746 | T39: =SUM(T19:T21) -> 234 | U39: =SUM(U19:U21) -> 71 | V39: =SUM(V19:V21) -> 737 | W39: =SUM(W19:W21) -> 14 | X39: =SUM(X19:X21) -> 11 | Y39: =SUM(Y19:Y21) -> 62 | Z39: =SUM(Z19:Z21) -> 28 | ... AF39: =SUM(AF19:AF21) -> 3802
B40: 14.30 - 14.45 | C40: 63 | D40: 23 | E40: 3 | F40: 67 | G40: 0 | H40: 0 | I40: 3 | J40: 4 | K40: 4 | L40: 0 | M40: 165 | N40: 0 | O40: =SUM(C40:L40,N40) -> 167 | P40: =SUM(C40:N40) -> 332 | R40: 12 Hours | S40: =SUM(S10:S21) -> 2348 | T40: =SUM(T10:T21) -> 1048 | U40: =SUM(U10:U21) -> 333 | V40: =SUM(V10:V21) -> 2483 | W40: =SUM(W10:W21) -> 117 | X40: =SUM(X10:X21) -> 43 | Y40: =SUM(Y10:Y21) -> 176 | Z40: =SUM(Z10:Z21) -> 140 | ... AF40: =SUM(AF10:AF21) -> 14298
B41: 14.45 - 15.00 | C41: 33 | D41: 17 | E41: 3 | F41: 41 | G41: 0 | H41: 0 | I41: 7 | J41: 3 | K41: 1 | L41: 0 | M41: 120 | N41: 0 | O41: =SUM(C41:L41,N41) -> 105 | P41: =SUM(C41:N41) -> 225 | R41: 24 Hrs/ADT | S41: =SUM(S10:S33) -> 3595 | T41: =SUM(T10:T33) -> 1240 | U41: =SUM(U10:U33) -> 480 | V41: =SUM(V10:V33) -> 3060 | W41: =SUM(W10:W33) -> 185 | X41: =SUM(X10:X33) -> 81 | Y41: =SUM(Y10:Y33) -> 258 | Z41: =SUM(Z10:Z33) -> 168 | ... AF41: =SUM(AF10:AF33) -> 18793
B42: 15.00 - 15.15 | C42: 80 | D42: 33 | E42: 7 | F42: 64 | G42: 0 | H42: 1 | I42: 5 | J42: 4 | K42: 2 | L42: 1 | M42: 150 | N42: 0 | O42: =SUM(C42:L42,N42) -> 197 | P42: =SUM(C42:N42) -> 347 | R42: NEF | S42: =S41/S40 -> 1.5310903 | T42: =T41/T40 -> 1.1832061 | U42: =U41/U40 -> 1.4414414 | V42: =V41/V40 -> 1.2323802 | W42: =W41/W40 -> 1.5811966 | X42: =X41/X40 -> 1.8837209 | Y42: =Y41/Y40 -> 1.4659091 | Z42: =Z41/Z40 -> 1.2 | ... AF42: =AF41/AF40 -> 1.3143796
B43: 15.15 - 15.30 | C43: 55 | D43: 23 | E43: 9 | F43: 52 | G43: 0 | H43: 1 | I43: 2 | J43: 1 | K43: 1 | L43: 0 | M43: 150 | N43: 0 | O43: =SUM(C43:L43,N43) -> 144 | P43: =SUM(C43:N43) -> 294
B44: 15.30 - 15.45 | C44: 50 | D44: 22 | E44: 5 | F44: 38 | G44: 0 | H44: 2 | I44: 1 | J44: 1 | K44: 0 | L44: 0 | M44: 155 | N44: 0 | O44: =SUM(C44:L44,N44) -> 119 | P44: =SUM(C44:N44) -> 274
B45: 15.45 - 16.00 | C45: 68 | D45: 15 | E45: 3 | F45: 6 | G45: 0 | H45: 0 | I45: 2 | J45: 3 | K45: 3 | L45: 1 | M45: 120 | N45: 0 | O45: =SUM(C45:L45,N45) -> 101 | P45: =SUM(C45:N45) -> 221
B46: 16.00 - 16.15 | C46: 69 | D46: 14 | E46: 5 | F46: 52 | G46: 1 | H46: 0 | I46: 10 | J46: 2 | K46: 1 | L46: 0 | M46: 151 | N46: 0 | O46: =SUM(C46:L46,N46) -> 154 | P46: =SUM(C46:N46) -> 305
B47: 16.15 -16.30 | C47: 65 | D47: 23 | E47: 4 | F47: 56 | G47: 0 | H47: 2 | I47: 4 | J47: 4 | K47: 0 | L47: 1 | M47: 120 | N47: 0 | O47: =SUM(C47:L47,N47) -> 159 | P47: =SUM(C47:N47) -> 279
B48: 16.30 -16.45 | C48: 67 | D48: 5 | E48: 6 | F48: 55 | G48: 2 | H48: 0 | I48: 5 | J48: 4 | K48: 3 | L48: 0 | M48: 165 | N48: 0 | O48: =SUM(C48:L48,N48) -> 147 | P48: =SUM(C48:N48) -> 312
B49: 16.45 -17.00 | C49: 68 | D49: 23 | E49: 3 | F49: 60 | G49: 1 | H49: 3 | I49: 5 | J49: 2 | K49: 2 | L49: 0 | M49: 175 | N49: 0 | O49: =SUM(C49:L49,N49) -> 167 | P49: =SUM(C49:N49) -> 342
B50: 17.00 -17.15 | C50: 67 | D50: 17 | E50: 5 | F50: 57 | G50: 0 | H50: 1 | I50: 8 | J50: 3 | K50: 5 | L50: 0 | M50: 155 | N50: 0 | O50: =SUM(C50:L50,N50) -> 163 | P50: =SUM(C50:N50) -> 318
B51: 17.15 -17.30 | C51: 50 | D51: 12 | E51: 7 | F51: 67 | G51: 4 | H51: 0 | I51: 1 | J51: 2 | K51: 2 | L51: 0 | M51: 150 | N51: 0 | O51: =SUM(C51:L51,N51) -> 145 | P51: =SUM(C51:N51) -> 295
B52: 17.30 -17.45 | C52: 40 | D52: 25 | E52: 6 | F52: 53 | G52: 3 | H52: 0 | I52: 5 | J52: 1 | K52: 2 | L52: 2 | M52: 185 | N52: 0 | O52: =SUM(C52:L52,N52) -> 137 | P52: =SUM(C52:N52) -> 322
B53: 17.45 -18.00 | C53: 66 | D53: 11 | E53: 15 | F53: 65 | G53: 1 | H53: 2 | I53: 4 | J53: 1 | K53: 3 | L53: 0 | M53: 140 | N53: 0 | O53: =SUM(C53:L53,N53) -> 168 | P53: =SUM(C53:N53) -> 308
B54: 18.00 - 18.15 | C54: 60 | D54: 30 | E54: 7 | F54: 60 | G54: 0 | H54: 1 | I54: 6 | J54: 2 | K54: 1 | L54: 0 | M54: 175 | N54: 0 | O54: =SUM(C54:L54,N54) -> 167 | P54: =SUM(C54:N54) -> 342
... B105: 06.45 - 07.00 | C105: 18 | D105: 2 | E105: 1 | F105: 25 | G105: 0 | H105: 1 | I105: 4 | J105: 1 | K105: 0 | L105: 0 | M105: 41 | N105: 0 | O105: =SUM(C105:L105,N105) -> 52 | P105: =SUM(C105:N105) -> 93
B106: Totals | C106: =SUM(C10:C105) -> 3595 | D106: =SUM(D10:D105) -> 1240 | E106: =SUM(E10:E105) -> 480 | F106: =SUM(F10:F105) -> 3060 | G106: =SUM(G10:G105) -> 185 | H106: =SUM(H10:H105) -> 81 | I106: =SUM(I10:I105) -> 258 | J106: =SUM(J10:J105) -> 168 | ... P106: =SUM(P10:P105) -> 18793
B107: %ges + MCs | C107: =C106/$P$106 -> 0.19129463 | D107: =D106/$P$106 -> 0.065982015 | E107: =E106/$P$106 -> 0.025541425 | F107: =F106/$P$106 -> 0.16282658 | G107: =G106/$P$106 -> 0.0098440909 | H107: =H106/$P$106 -> 0.0043101155 | I107: =I106/$P$106 -> 0.013728516 | J107: =J106/$P$106 -> 0.0089394987 | ... N107: =N106/$P$106 -> 0
B108: %ges w/o MCs | C108: =C106/$O$106 -> 0.38919563 | D108: =D106/$O$106 -> 0.13424272 | E108: =E106/$O$106 -> 0.051964924 | F108: =F106/$O$106 -> 0.33127639 | G108: =G106/$O$106 -> 0.020028148 | H108: =H106/$O$106 -> 0.0087690809 | I108: =I106/$O$106 -> 0.027931146 | J108: =J106/$O$106 -> 0.018187723 | ... L108: =L106/$O$106 -> 0.002923027 | N108: =N106/$O$106 -> 0

Sheet 28.07 Bwaise-Makerere
B1: Consultancy services for Preparation of Expressway Development Master Plan (EDMP) for Uganda
B2: MANUAL CLASSIFIED COUNT (MCC)
B3: ROAD NAME: | C3: ='22.07 Bwaise-Makerere'!C3:G3 -> MCC - C1 - STN021- SIR APOLLO ROAD
C5: Date | D5: 28.07.19 | F5: Location | G5: ='27.07 Makerere-Bwaise-24h'!G5:H5 -> PREMIUM DESIGN LTD | J5: Surveyor | K5: ='27.07 Makerere-Bwaise-24h'!K5:L5 -> OKELLO PETER
C6: Dir. From | D6: ='22.07 Bwaise-Makerere'!D6:E6 -> Bwaise | F6: Dir. To | G6: ='22.07 Bwaise-Makerere'!G6:H6 -> Makerere | J6: Supervisor | K6: ='27.07 Makerere-Bwaise-24h'!K6:L6 -> SALIMAH
B8: Time / Veh Type | R8: SUMMARY TRAFFIC VOLUMES
C9: 1. Car | D9: 2. Station Wagon | E9: 3. Pickups | F9: 4. Minibus, matatu | G9: 5. Medium bus | H9: 6. Large Bus | I9: 7. Light Truck | J9: 8. Medium Truck | K9: 9. Heavy truck | L9: 10. Truck Trailer | M9: 11. Motor cycles | N9: 12. Tractors | O9: Total Excl M/Cycles | P9: Total All | R9: Time | S9: 1. Car | T9: 2. Station Wagon | U9: 3. Pickups | V9: 4. Minibus, matatu | W9: 5. Medium bus | X9: 6. Large Bus | Y9: 7. Light Truck | Z9: 8. Medium Truck | AA9: 9. Heavy truck | AB9: 10. Truck Trailer | AC9: 11. Motorcycles | AD9: 12. Tractors, Graders | AE9: Total Excl M/ Cycles | AF9: Total All
B10: 07.00 - 07.15 | C10: 30 | D10: 5 | E10: 3 | F10: 23 | G10: 0 | H10: 0 | I10: 0 | J10: 1 | K10: 0 | L10: 0 | M10: 50 | N10: 0 | O10: =SUM(C10:L10,N10) -> 62 | P10: =SUM(C10:N10) -> 112 | R10: 0700-0800 | S10: =SUM(C10:C13) -> 107 | T10: =SUM(D10:D13) -> 70 | U10: =SUM(E10:E13) -> 11 | V10: =SUM(F10:F13) -> 160 | W10: =SUM(G10:G13) -> 3 | X10: =SUM(H10:H13) -> 0 | Y10: =SUM(I10:I13) -> 2 | Z10: =SUM(J10:J13) -> 9 | ... AF10: =SUM(P10:P13) -> 616
B11: 07.15 - 07.30 | C11: 25 | D11: 7 | E11: 3 | F11: 60 | G11: 2 | H11: 0 | I11: 0 | J11: 3 | K11: 1 | L11: 0 | M11: 75 | N11: 0 | O11: =SUM(C11:L11,N11) -> 101 | P11: =SUM(C11:N11) -> 176 | R11: 0800-0900 | S11: =SUM(C14:C17) -> 159 | T11: =SUM(D14:D17) -> 41 | U11: =SUM(E14:E17) -> 31 | V11: =SUM(F14:F17) -> 182 | W11: =SUM(G14:G17) -> 1 | X11: =SUM(H14:H17) -> 1 | Y11: =SUM(I14:I17) -> 11 | Z11: =SUM(J14:J17) -> 5 | ... AF11: =SUM(P14:P17) -> 880
B12: 07.30 - 07.45 | C12: 32 | D12: 7 | E12: 4 | F12: 32 | G12: 1 | H12: 0 | I12: 2 | J12: 5 | K12: 0 | L12: 0 | M12: 78 | N12: 0 | O12: =SUM(C12:L12,N12) -> 83 | P12: =SUM(C12:N12) -> 161 | R12: 0900-1000 | S12: =SUM(C18:C21) -> 221 | T12: =SUM(D18:D21) -> 82 | U12: =SUM(E18:E21) -> 18 | V12: =SUM(F18:F21) -> 179 | W12: =SUM(G18:G21) -> 1 | X12: =SUM(H18:H21) -> 0 | Y12: =SUM(I18:I21) -> 14 | Z12: =SUM(J18:J21) -> 3 | ... AF12: =SUM(P18:P21) -> 957
B13: 07.45 - 08.00 | C13: 20 | D13: 51 | E13: 1 | F13: 45 | G13: 0 | H13: 0 | I13: 0 | J13: 0 | K13: 0 | L13: 0 | M13: 50 | N13: 0 | O13: =SUM(C13:L13,N13) -> 117 | P13: =SUM(C13:N13) -> 167 | R13: 1000-1100 | S13: =SUM(C22:C25) -> 230 | T13: =SUM(D22:D25) -> 92 | U13: =SUM(E22:E25) -> 111 | V13: =SUM(F22:F25) -> 130 | W13: =SUM(G22:G25) -> 1 | X13: =SUM(H22:H25) -> 1 | Y13: =SUM(I22:I25) -> 11 | Z13: =SUM(J22:J25) -> 3 | ... AF13: =SUM(P22:P25) -> 1112
B14: 08.00 - 08.15 | C14: 38 | D14: 11 | E14: 5 | F14: 45 | G14: 1 | H14: 0 | I14: 7 | J14: 0 | K14: 0 | L14: 0 | M14: 75 | N14: 0 | O14: =SUM(C14:L14,N14) -> 107 | P14: =SUM(C14:N14) -> 182 | R14: 1100-1200 | S14: =SUM(C26:C29) -> 239 | T14: =SUM(D26:D29) -> 80 | U14: =SUM(E26:E29) -> 96 | V14: =SUM(F26:F29) -> 167 | W14: =SUM(G26:G29) -> 3 | X14: =SUM(H26:H29) -> 4 | Y14: =SUM(I26:I29) -> 13 | Z14: =SUM(J26:J29) -> 7 | ... AF14: =SUM(P26:P29) -> 1059
B15: 08.15 - 08.30 | C15: 30 | D15: 8 | E15: 7 | F15: 46 | G15: 0 | H15: 0 | I15: 0 | J15: 1 | K15: 3 | L15: 2 | M15: 125 | N15: 0 | O15: =SUM(C15:L15,N15) -> 97 | P15: =SUM(C15:N15) -> 222 | R15: 1200-1300 | S15: =SUM(C30:C33) -> 228 | T15: =SUM(D30:D33) -> 67 | U15: =SUM(E30:E33) -> 27 | V15: =SUM(F30:F33) -> 148 | W15: =SUM(G30:G33) -> 1 | X15: =SUM(H30:H33) -> 3 | Y15: =SUM(I30:I33) -> 8 | Z15: =SUM(J30:J33) -> 8 | ... AF15: =SUM(P30:P33) -> 949
