Workbook

Sheet 12.08 Malaba-Tororo
B1: Consultancy services for Preparation of Expressway Development Master Plan (EDMP) for Uganda
B2: MANUAL CLASSIFIED COUNT (MCC)
B3: ROAD NAME: | C3: MCC - C3b- STN143 - TORORO-MALABA ROAD
C5: Date | D5: 12.08.19 | F5: Location | G5: xxx | J5: Surveyor | K5: xxx
C6: Dir. From | D6: Malaba | F6: Dir. To | G6: Tororo | J6: Supervisor | K6: xxx
B8: Time / Veh Type | R8: SUMMARY TRAFFIC VOLUMES
C9: 1. Car | D9: 2. Station Wagon | E9: 3. Pickups | F9: 4. Minibus, matatu | G9: 5. Medium bus | H9: 6. Large Bus | I9: 7. Light Truck | J9: 8. Medium Truck | K9: 9. Heavy truck | L9: 10. Truck Trailer | M9: 11. Motor cycles | N9: 12. Tractors | O9: Total Excl M/Cycles | P9: Total All | R9: Time | S9: 1. Car | T9: 2. Station Wagon | U9: 3. Pickups | V9: 4. Minibus, matatu | W9: 5. Medium bus | X9: 6. Large Bus | Y9: 7. Light Truck | Z9: 8. Medium Truck | AA9: 9. Heavy truck | AB9: 10. Truck Trailer | AC9: 11. Motorcycles | AD9: 12. Tractors, Graders | AE9: Total Excl M/ Cycles | AF9: Total All
B10: 07.00 - 07.15 | C10: 0 | D10: 0 | E10: 0 | F10: 2 | G10: 0 | H10: 0 | I10: 0 | J10: 0 | K10: 0 | L10: 0 | M10: 16 | N10: 0 | O10: =SUM(C10:L10,N10) -> 2 | P10: =SUM(C10:N10) -> 18 | R10: 0700-0800 | S10: =SUM(C10:C13) -> 3 | T10: =SUM(D10:D13) -> 0 | U10: =SUM(E10:E13) -> 1 | V10: =SUM(F10:F13) -> 7 | W10: =SUM(G10:G13) -> 0 | X10: =SUM(H10:H13) -> 0 | Y10: =SUM(I10:I13) -> 0 | Z10: =SUM(J10:J13) -> 0 | ... AF10: =SUM(P10:P13) -> 84
B11: 07.15 - 07.30 | C11: 1 | D11: 0 | E11: 0 | F11: 1 | G11: 0 | H11: 0 | I11: 0 | J11: 0 | K11: 0 | L11: 0 | M11: 15 | N11: 0 | O11: =SUM(C11:L11,N11) -> 2 | P11: =SUM(C11:N11) -> 17 | R11: 0800-0900 | S11: =SUM(C14:C17) -> 3 | T11: =SUM(D14:D17) -> 1 | U11: =SUM(E14:E17) -> 10 | V11: =SUM(F14:F17) -> 4 | W11: =SUM(G14:G17) -> 0 | X11: =SUM(H14:H17) -> 1 | Y11: =SUM(I14:I17) -> 1 | Z11: =SUM(J14:J17) -> 0 | ... AF11: =SUM(P14:P17) -> 114
B12: 07.30 - 07.45 | C12: 1 | D12: 0 | E12: 0 | F12: 4 | G12: 0 | H12: 0 | I12: 0 | J12: 0 | K12: 0 | L12: 0 | M12: 17 | N12: 0 | O12: =SUM(C12:L12,N12) -> 5 | P12: =SUM(C12:N12) -> 22 | R12: 0900-1000 | S12: =SUM(C18:C21) -> 5 | T12: =SUM(D18:D21) -> 3 | U12: =SUM(E18:E21) -> 14 | V12: =SUM(F18:F21) -> 7 | W12: =SUM(G18:G21) -> 0 | X12: =SUM(H18:H21) -> 0 | Y12: =SUM(I18:I21) -> 3 | Z12: =SUM(J18:J21) -> 0 | ... AF12: =SUM(P18:P21) -> 118
B13: 07.45 - 08.00 | C13: 1 | D13: 0 | E13: 1 | F13: 0 | G13: 0 | H13: 0 | I13: 0 | J13: 0 | K13: 0 | L13: 0 | M13: 25 | N13: 0 | O13: =SUM(C13:L13,N13) -> 2 | P13: =SUM(C13:N13) -> 27 | R13: 1000-1100 | S13: =SUM(C22:C25) -> 12 | T13: =SUM(D22:D25) -> 0 | U13: =SUM(E22:E25) -> 11 | V13: =SUM(F22:F25) -> 7 | W13: =SUM(G22:G25) -> 0 | X13: =SUM(H22:H25) -> 1 | Y13: =SUM(I22:I25) -> 10 | Z13: =SUM(J22:J25) -> 0 | ... AF13: =SUM(P22:P25) -> 143
B14: 08.00 - 08.15 | C14: 0 | D14: 0 | E14: 2 | F14: 0 | G14: 0 | H14: 0 | I14: 0 | J14: 0 | K14: 0 | L14: 0 | M14: 26 | N14: 0 | O14: =SUM(C14:L14,N14) -> 2 | P14: =SUM(C14:N14) -> 28 | R14: 1100-1200 | S14: =SUM(C26:C29) -> 7 | T14: =SUM(D26:D29) -> 1 | U14: =SUM(E26:E29) -> 11 | V14: =SUM(F26:F29) -> 5 | W14: =SUM(G26:G29) -> 1 | X14: =SUM(H26:H29) -> 0 | Y14: =SUM(I26:I29) -> 4 | Z14: =SUM(J26:J29) -> 1 | ... AF14: =SUM(P26:P29) -> 150
B15: 08.15 - 08.30 | C15: 1 | D15: 1 | E15: 3 | F15: 2 | G15: 0 | H15: 0 | I15: 1 | J15: 0 | K15: 0 | L15: 0 | M15: 14 | N15: 0 | O15: =SUM(C15:L15,N15) -> 8 | P15: =SUM(C15:N15) -> 22 | R15: 1200-1300 | S15: =SUM(C30:C33) -> 4 | T15: =SUM(D30:D33) -> 2 | U15: =SUM(E30:E33) -> 12 | V15: =SUM(F30:F33) -> 8 | W15: =SUM(G30:G33) -> 0 | X15: =SUM(H30:H33) -> 0 | Y15: =SUM(I30:I33) -> 17 | Z15: =SUM(J30:J33) -> 2 | ... AF15: =SUM(P30:P33) -> 149
B16: 08.30 - 08.45 | C16: 0 | D16: 0 | E16: 2 | F16: 1 | G16: 0 | H16: 0 | I16: 0 | J16: 0 | K16: 0 | L16: 0 | M16: 34 | N16: 0 | O16: =SUM(C16:L16,N16) -> 3 | P16: =SUM(C16:N16) -> 37 | R16: 1300-1400 | S16: =SUM(C34:C37) -> 11 | T16: =SUM(D34:D37) -> 0 | U16: =SUM(E34:E37) -> 11 | V16: =SUM(F34:F37) -> 6 | W16: =SUM(G34:G37) -> 0 | X16: =SUM(H34:H37) -> 0 | Y16: =SUM(I34:I37) -> 1 | Z16: =SUM(J34:J37) -> 0 | ... AF16: =SUM(P34:P37) -> 145
B17: 08.45 - 9.00 | C17: 2 | D17: 0 | E17: 3 | F17: 1 | G17: 0 | H17: 1 | I17: 0 | J17: 0 | K17: 0 | L17: 0 | M17: 20 | N17: 0 | O17: =SUM(C17:L17,N17) -> 7 | P17: =SUM(C17:N17) -> 27 | R17: 1400-1500 | S17: =SUM(C38:C41) -> 8 | T17: =SUM(D38:D41) -> 2 | U17: =SUM(E38:E41) -> 11 | V17: =SUM(F38:F41) -> 11 | W17: =SUM(G38:G41) -> 0 | X17: =SUM(H38:H41) -> 0 | Y17: =SUM(I38:I41) -> 9 | Z17: =SUM(J38:J41) -> 3 | ... AF17: =SUM(P38:P41) -> 138
B18: 09.00 - 09.15 | C18: 1 | D18: 0 | E18: 2 | F18: 0 | G18: 0 | H18: 0 | I18: 0 | J18: 0 | K18: 0 | L18: 0 | M18: 20 | N18: 0 | O18: =SUM(C18:L18,N18) -> 3 | P18: =SUM(C18:N18) -> 23 | R18: 1500-1600 | S18: =SUM(C42:C45) -> 7 | T18: =SUM(D42:D45) -> 2 | U18: =SUM(E42:E45) -> 13 | V18: =SUM(F42:F45) -> 10 | W18: =SUM(G42:G45) -> 0 | X18: =SUM(H42:H45) -> 0 | Y18: =SUM(I42:I45) -> 4 | Z18: =SUM(J42:J45) -> 0 | ... AF18: =SUM(P42:P45) -> 136
B19: 09.15 - 09.30 | C19: 1 | D19: 1 | E19: 3 | F19: 3 | G19: 0 | H19: 0 | I19: 0 | J19: 0 | K19: 0 | L19: 0 | M19: 23 | N19: 1 | O19: =SUM(C19:L19,N19) -> 9 | P19: =SUM(C19:N19) -> 32 | R19: 1600-1700 | S19: =SUM(C46:C49) -> 22 | T19: =SUM(D46:D49) -> 3 | U19: =SUM(E46:E49) -> 12 | V19: =SUM(F46:F49) -> 11 | W19: =SUM(G46:G49) -> 3 | X19: =SUM(H46:H49) -> 0 | Y19: =SUM(I46:I49) -> 8 | Z19: =SUM(J46:J49) -> 0 | ... AF19: =SUM(P46:P49) -> 167
B20: 09.30 - 09.45 | C20: 2 | D20: 1 | E20: 4 | F20: 3 | G20: 0 | H20: 0 | I20: 3 | J20: 0 | K20: 0 | L20: 0 | M20: 15 | N20: 0 | O20: =SUM(C20:L20,N20) -> 13 | P20: =SUM(C20:N20) -> 28 | R20: 1700-1800 | S20: =SUM(C50:C53) -> 12 | T20: =SUM(D50:D53) -> 2 | U20: =SUM(E50:E53) -> 12 | V20: =SUM(F50:F53) -> 11 | W20: =SUM(G50:G53) -> 2 | X20: =SUM(H50:H53) -> 0 | Y20: =SUM(I50:I53) -> 7 | Z20: =SUM(J50:J53) -> 3 | ... AF20: =SUM(P50:P53) -> 89
B21: 09.45 - 10.00 | C21: 1 | D21: 1 | E21: 5 | F21: 1 | G21: 0 | H21: 0 | I21: 0 | J21: 0 | K21: 0 | L21: 0 | M21: 27 | N21: 0 | O21: =SUM(C21:L21,N21) -> 8 | P21: =SUM(C21:N21) -> 35 | R21: 1800-1900 | S21: =SUM(C54:C57) -> 19 | T21: =SUM(D54:D57) -> 1 | U21: =SUM(E54:E57) -> 10 | V21: =SUM(F54:F57) -> 12 | W21: =SUM(G54:G57) -> 0 | X21: =SUM(H54:H57) -> 0 | Y21: =SUM(I54:I57) -> 6 | Z21: =SUM(J54:J57) -> 1 | ... AF21: =SUM(P54:P57) -> 125
B22: 10.00 - 10.15 | C22: 2 | D22: 0 | E22: 2 | F22: 1 | G22: 0 | H22: 0 | I22: 2 | J22: 0 | K22: 0 | L22: 0 | M22: 21 | N22: 0 | O22: =SUM(C22:L22,N22) -> 7 | P22: =SUM(C22:N22) -> 28 | R22: AM Peak Hr | S22: =MAX(S10:S12) -> 5 | T22: =MAX(T10:T12) -> 3 | U22: =MAX(U10:U12) -> 14 | V22: =MAX(V10:V12) -> 7 | W22: =MAX(W10:W12) -> 0 | X22: =MAX(X10:X12) -> 1 | Y22: =MAX(Y10:Y12) -> 3 | Z22: =MAX(Z10:Z12) -> 0 | ... AF22: =MAX(AF10:AF12) -> 118
B23: 10.15 - 10.30 | C23: 1 | D23: 0 | E23: 3 | F23: 4 | G23: 0 | H23: 0 | I23: 3 | J23: 0 | K23: 0 | L23: 0 | M23: 22 | N23: 0 | O23: =SUM(C23:L23,N23) -> 11 | P23: =SUM(C23:N23) -> 33 | R23: IP Peak Hr | S23: =MAX(S13:S18) -> 12 | T23: =MAX(T13:T18) -> 2 | U23: =MAX(U13:U18) -> 13 | V23: =MAX(V13:V18) -> 11 | W23: =MAX(W13:W18) -> 1 | X23: =MAX(X13:X18) -> 1 | Y23: =MAX(Y13:Y18) -> 17 | Z23: =MAX(Z13:Z18) -> 3 | ... AF23: =MAX(AF13:AF18) -> 150
B24: 10.30 - 10.45 | C24: 4 | D24: 0 | E24: 3 | F24: 0 | G24: 0 | H24: 1 | I24: 4 | J24: 0 | K24: 0 | L24: 0 | M24: 31 | N24: 0 | O24: =SUM(C24:L24,N24) -> 12 | P24: =SUM(C24:N24) -> 43 | R24: PM Peak Hr | S24: =MAX(S19:S21) -> 22 | T24: =MAX(T19:T21) -> 3 | U24: =MAX(U19:U21) -> 12 | V24: =MAX(V19:V21) -> 12 | W24: =MAX(W19:W21) -> 3 | X24: =MAX(X19:X21) -> 0 | Y24: =MAX(Y19:Y21) -> 8 | Z24: =MAX(Z19:Z21) -> 3 | ... AF24: =MAX(AF19:AF21) -> 167
B25: 10.45 - 11.00 | C25: 5 | D25: 0 | E25: 3 | F25: 2 | G25: 0 | H25: 0 | I25: 1 | J25: 0 | K25: 0 | L25: 0 | M25: 28 | N25: 0 | O25: =SUM(C25:L25,N25) -> 11 | P25: =SUM(C25:N25) -> 39 | R25: AM Period | S25: =SUM(S10:S12) -> 11 | T25: =SUM(T10:T12) -> 4 | U25: =SUM(U10:U12) -> 25 | V25: =SUM(V10:V12) -> 18 | W25: =SUM(W10:W12) -> 0 | X25: =SUM(X10:X12) -> 1 | Y25: =SUM(Y10:Y12) -> 4 | Z25: =SUM(Z10:Z12) -> 0 | ... AF25: =SUM(AF10:AF12) -> 316
B26: 11.00 - 11.15 | C26: 3 | D26: 1 | E26: 3 | F26: 3 | G26: 0 | H26: 0 | I26: 2 | J26: 0 | K26: 0 | L26: 0 | M26: 26 | N26: 0 | O26: =SUM(C26:L26,N26) -> 12 | P26: =SUM(C26:N26) -> 38 | R26: IP Period | S26: =SUM(S13:S18) -> 49 | T26: =SUM(T13:T18) -> 7 | U26: =SUM(U13:U18) -> 69 | V26: =SUM(V13:V18) -> 47 | W26: =SUM(W13:W18) -> 1 | X26: =SUM(X13:X18) -> 1 | Y26: =SUM(Y13:Y18) -> 45 | Z26: =SUM(Z13:Z18) -> 6 | ... AF26: =SUM(AF13:AF18) -> 861
B27: 11.15 - 11.30 | C27: 1 | D27: 0 | E27: 3 | F27: 1 | G27: 1 | H27: 0 | I27: 0 | J27: 0 | K27: 0 | L27: 0 | M27: 32 | N27: 0 | O27: =SUM(C27:L27,N27) -> 6 | P27: =SUM(C27:N27) -> 38 | R27: PM Period | S27: =SUM(S19:S21) -> 53 | T27: =SUM(T19:T21) -> 6 | U27: =SUM(U19:U21) -> 34 | V27: =SUM(V19:V21) -> 34 | W27: =SUM(W19:W21) -> 5 | X27: =SUM(X19:X21) -> 0 | Y27: =SUM(Y19:Y21) -> 21 | Z27: =SUM(Z19:Z21) -> 4 | ... AF27: =SUM(AF19:AF21) -> 381
B28: 11.30 - 11.45 | C28: 3 | D28: 0 | E28: 2 | F28: 1 | G28: 0 | H28: 0 | I28: 2 | J28: 0 | K28: 0 | L28: 0 | M28: 33 | N28: 0 | O28: =SUM(C28:L28,N28) -> 8 | P28: =SUM(C28:N28) -> 41 | R28: 12 Hours | S28: =SUM(S10:S21) -> 113 | T28: =SUM(T10:T21) -> 17 | U28: =SUM(U10:U21) -> 128 | V28: =SUM(V10:V21) -> 99 | W28: =SUM(W10:W21) -> 6 | X28: =SUM(X10:X21) -> 2 | Y28: =SUM(Y10:Y21) -> 70 | Z28: =SUM(Z10:Z21) -> 10 | ... AF28: =SUM(AF10:AF21) -> 1558
B29: 11.45 - 12.00 | C29: 0 | D29: 0 | E29: 3 | F29: 0 | G29: 0 | H29: 0 | I29: 0 | J29: 1 | K29: 0 | L29: 0 | M29: 29 | N29: 0 | O29: =SUM(C29:L29,N29) -> 4 | P29: =SUM(C29:N29) -> 33
B30: 12.00 - 12.15 | C30: 0 | D30: 1 | E30: 4 | F30: 4 | G30: 0 | H30: 0 | I30: 5 | J30: 0 | K30: 0 | L30: 0 | M30: 31 | N30: 0 | O30: =SUM(C30:L30,N30) -> 14 | P30: =SUM(C30:N30) -> 45
B31: 12.15 - 12.30 | C31: 0 | D31: 1 | E31: 4 | F31: 3 | G31: 0 | H31: 0 | I31: 5 | J31: 0 | K31: 0 | L31: 0 | M31: 20 | N31: 0 | O31: =SUM(C31:L31,N31) -> 13 | P31: =SUM(C31:N31) -> 33
B32: 12.30 - 12.45 | C32: 1 | D32: 0 | E32: 3 | F32: 0 | G32: 0 | H32: 0 | I32: 5 | J32: 1 | K32: 0 | L32: 0 | M32: 24 | N32: 2 | O32: =SUM(C32:L32,N32) -> 12 | P32: =SUM(C32:N32) -> 36
B33: 12.45 - 13.00 | C33: 3 | D33: 0 | E33: 1 | F33: 1 | G33: 0 | H33: 0 | I33: 2 | J33: 1 | K33: 0 | L33: 0 | M33: 27 | N33: 0 | O33: =SUM(C33:L33,N33) -> 8 | P33: =SUM(C33:N33) -> 35
B34: 13.00 - 13.15 | C34: 5 | D34: 0 | E34: 3 | F34: 3 | G34: 0 | H34: 0 | I34: 0 | J34: 0 | K34: 0 | L34: 0 | M34: 35 | N34: 0 | O34: =SUM(C34:L34,N34) -> 11 | P34: =SUM(C34:N34) -> 46
B35: 13.15 - 13.30 | C35: 4 | D35: 0 | E35: 2 | F35: 1 | G35: 0 | H35: 0 | I35: 1 | J35: 0 | K35: 0 | L35: 0 | M35: 43 | N35: 0 | O35: =SUM(C35:L35,N35) -> 8 | P35: =SUM(C35:N35) -> 51
B36: 13.30 - 13.45 | C36: 0 | D36: 0 | E36: 3 | F36: 2 | G36: 0 | H36: 0 | I36: 0 | J36: 0 | K36: 0 | L36: 0 | M36: 10 | N36: 0 | O36: =SUM(C36:L36,N36) -> 5 | P36: =SUM(C36:N36) -> 15
B37: 13.45 - 14.00 | C37: 2 | D37: 0 | E37: 3 | F37: 0 | G37: 0 | H37: 0 | I37: 0 | J37: 0 | K37: 1 | L37: 0 | M37: 27 | N37: 0 | O37: =SUM(C37:L37,N37) -> 6 | P37: =SUM(C37:N37) -> 33
B38: 14.00 - 14.15 | C38: 5 | D38: 0 | E38: 0 | F38: 1 | G38: 0 | H38: 0 | I38: 3 | J38: 1 | K38: 0 | L38: 0 | M38: 29 | N38: 0 | O38: =SUM(C38:L38,N38) -> 10 | P38: =SUM(C38:N38) -> 39
B39: 14.15 - 14.30 | C39: 1 | D39: 1 | E39: 4 | F39: 5 | G39: 0 | H39: 0 | I39: 3 | J39: 1 | K39: 0 | L39: 0 | M39: 27 | N39: 0 | O39: =SUM(C39:L39,N39) -> 15 | P39: =SUM(C39:N39) -> 42
B40: 14.30 - 14.45 | C40: 1 | D40: 0 | E40: 3 | F40: 1 | G40: 0 | H40: 0 | I40: 1 | J40: 0 | K40: 0 | L40: 0 | M40: 20 | N40: 0 | O40: =SUM(C40:L40,N40) -> 6 | P40: =SUM(C40:N40) -> 26
... B57: 18.45 - 19.00 | C57: 5 | D57: 1 | E57: 5 | F57: 4 | G57: 0 | H57: 0 | I57: 2 | J57: 0 | K57: 0 | L57: 0 | M57: 28 | N57: 0 | O57: =SUM(C57:L57,N57) -> 17 | P57: =SUM(C57:N57) -> 45
B58: Totals | C58: =SUM(C10:C57) -> 113 | D58: =SUM(D10:D57) -> 17 | E58: =SUM(E10:E57) -> 128 | F58: =SUM(F10:F57) -> 99 | G58: =SUM(G10:G57) -> 6 | H58: =SUM(H10:H57) -> 2 | I58: =SUM(I10:I57) -> 70 | J58: =SUM(J10:J57) -> 10 | ... P58: =SUM(P10:P57) -> 1558
B59: %ges + MCs | C59: =C58/$P$58 -> 0.072528883 | D59: =D58/$P$58 -> 0.010911425 | E59: =E58/$P$58 -> 0.082156611 | F59: =F58/$P$58 -> 0.063543004 | G59: =G58/$P$58 -> 0.0038510911 | H59: =H58/$P$58 -> 0.001283697 | I59: =I58/$P$58 -> 0.044929397 | J59: =J58/$P$58 -> 0.0064184852 | ... N59: =N58/$P$58 -> 0.0019255456
B60: %ges w/o MCs | C60: =C58/$O$58 -> 0.25167038 | D60: =D58/$O$58 -> 0.037861915 | E60: =E58/$O$58 -> 0.28507795 | F60: =F58/$O$58 -> 0.22048998 | G60: =G58/$O$58 -> 0.013363029 | H60: =H58/$O$58 -> 0.004454343 | I60: =I58/$O$58 -> 0.155902 | J60: =J58/$O$58 -> 0.022271715 | ... L60: =L58/$O$58 -> 0 | N60: =N58/$O$58 -> 0.0066815145

Sheet 12.08 Tororo-Malaba
B1: Consultancy services for Preparation of Expressway Development Master Plan (EDMP) for Uganda
B2: MANUAL CLASSIFIED COUNT (MCC)
B3: ROAD NAME: | C3: ='12.08 Malaba-Tororo'!C3:G3 -> MCC - C3b- STN143 - TORORO-MALABA ROAD
C5: Date | D5: ='12.08 Malaba-Tororo'!D5 -> 12.08.19 | F5: Location | G5: ='12.08 Malaba-Tororo'!G5:H5 -> xxx | J5: Surveyor | K5: ='12.08 Malaba-Tororo'!K5:L5 -> xxx
C6: Dir. From | D6: Tororo | F6: Dir. To | G6: Malaba | J6: Supervisor | K6: ='12.08 Malaba-Tororo'!K6:L6 -> xxx
B8: Time / Veh Type | R8: SUMMARY TRAFFIC VOLUMES
C9: 1. Car | D9: 2. Station Wagon | E9: 3. Pickups | F9: 4. Minibus, matatu | G9: 5. Medium bus | H9: 6. Large Bus | I9: 7. Light Truck | J9: 8. Medium Truck | K9: 9. Heavy truck | L9: 10. Truck Trailer | M9: 11. Motor cycles | N9: 12. Tractors | O9: Total Excl M/Cycles | P9: Total All | R9: Time | S9: 1. Car | T9: 2. Station Wagon | U9: 3. Pickups | V9: 4. Minibus, matatu | W9: 5. Medium bus | X9: 6. Large Bus | Y9: 7. Light Truck | Z9: 8. Medium Truck | AA9: 9. Heavy truck | AB9: 10. Truck Trailer | AC9: 11. Motorcycles | AD9: 12. Tractors, Graders | AE9: Total Excl M/ Cycles | AF9: Total All
B10: 07.00 - 07.15 | C10: 1 | D10: 0 | E10: 1 | F10: 0 | G10: 0 | H10: 0 | I10: 0 | J10: 0 | K10: 0 | L10: 0 | M10: 6 | N10: 0 | O10: =SUM(C10:L10,N10) -> 2 | P10: =SUM(C10:N10) -> 8 | R10: 0700-0800 | S10: =SUM(C10:C13) -> 6 | T10: =SUM(D10:D13) -> 0 | U10: =SUM(E10:E13) -> 3 | V10: =SUM(F10:F13) -> 4 | W10: =SUM(G10:G13) -> 1 | X10: =SUM(H10:H13) -> 0 | Y10: =SUM(I10:I13) -> 1 | Z10: =SUM(J10:J13) -> 1 | ... AF10: =SUM(P10:P13) -> 75
B11: 07.15 - 07.30 | C11: 1 | D11: 0 | E11: 0 | F11: 2 | G11: 0 | H11: 0 | I11: 0 | J11: 0 | K11: 0 | L11: 0 | M11: 14 | N11: 0 | O11: =SUM(C11:L11,N11) -> 3 | P11: =SUM(C11:N11) -> 17 | R11: 0800-0900 | S11: =SUM(C14:C17) -> 8 | T11: =SUM(D14:D17) -> 0 | U11: =SUM(E14:E17) -> 2 | V11: =SUM(F14:F17) -> 4 | W11: =SUM(G14:G17) -> 0 | X11: =SUM(H14:H17) -> 0 | Y11: =SUM(I14:I17) -> 0 | Z11: =SUM(J14:J17) -> 1 | ... AF11: =SUM(P14:P17) -> 111
B12: 07.30 - 07.45 | C12: 3 | D12: 0 | E12: 1 | F12: 1 | G12: 0 | H12: 0 | I12: 1 | J12: 1 | K12: 0 | L12: 0 | M12: 15 | N12: 0 | O12: =SUM(C12:L12,N12) -> 7 | P12: =SUM(C12:N12) -> 22 | R12: 0900-1000 | S12: =SUM(C18:C21) -> 4 | T12: =SUM(D18:D21) -> 1 | U12: =SUM(E18:E21) -> 12 | V12: =SUM(F18:F21) -> 10 | W12: =SUM(G18:G21) -> 0 | X12: =SUM(H18:H21) -> 0 | Y12: =SUM(I18:I21) -> 1 | Z12: =SUM(J18:J21) -> 0 | ... AF12: =SUM(P18:P21) -> 121
B13: 07.45 - 08.00 | C13: 1 | D13: 0 | E13: 1 | F13: 1 | G13: 1 | H13: 0 | I13: 0 | J13: 0 | K13: 0 | L13: 0 | M13: 24 | N13: 0 | O13: =SUM(C13:L13,N13) -> 4 | P13: =SUM(C13:N13) -> 28 | R13: 1000-1100 | S13: =SUM(C22:C25) -> 9 | T13: =SUM(D22:D25) -> 1 | U13: =SUM(E22:E25) -> 7 | V13: =SUM(F22:F25) -> 4 | W13: =SUM(G22:G25) -> 0 | X13: =SUM(H22:H25) -> 0 | Y13: =SUM(I22:I25) -> 1 | Z13: =SUM(J22:J25) -> 1 | ... AF13: =SUM(P22:P25) -> 136
B14: 08.00 - 08.15 | C14: 1 | D14: 0 | E14: 0 | F14: 3 | G14: 0 | H14: 0 | I14: 0 | J14: 0 | K14: 0 | L14: 0 | M14: 29 | N14: 0 | O14: =SUM(C14:L14,N14) -> 4 | P14: =SUM(C14:N14) -> 33 | R14: 1100-1200 | S14: =SUM(C26:C29) -> 13 | T14: =SUM(D26:D29) -> 1 | U14: =SUM(E26:E29) -> 12 | V14: =SUM(F26:F29) -> 9 | W14: =SUM(G26:G29) -> 0 | X14: =SUM(H26:H29) -> 0 | Y14: =SUM(I26:I29) -> 4 | Z14: =SUM(J26:J29) -> 0 | ... AF14: =SUM(P26:P29) -> 143
B15: 08.15 - 08.30 | C15: 3 | D15: 0 | E15: 0 | F15: 0 | G15: 0 | H15: 0 | I15: 0 | J15: 0 | K15: 0 | L15: 0 | M15: 28 | N15: 0 | O15: =SUM(C15:L15,N15) -> 3 | P15: =SUM(C15:N15) -> 31 | R15: 1200-1300 | S15: =SUM(C30:C33) -> 10 | T15: =SUM(D30:D33) -> 0 | U15: =SUM(E30:E33) -> 7 | V15: =SUM(F30:F33) -> 11 | W15: =SUM(G30:G33) -> 1 | X15: =SUM(H30:H33) -> 0 | Y15: =SUM(I30:I33) -> 0 | Z15: =SUM(J30:J33) -> 0 | ... AF15: =SUM(P30:P33) -> 139
B16: 08.30 - 08.45 | C16: 2 | D16: 0 | E16: 1 | F16: 0 | G16: 0 | H16: 0 | I16: 0 | J16: 0 | K16: 0 | L16: 0 | M16: 24 | N16: 0 | O16: =SUM(C16:L16,N16) -> 3 | P16: =SUM(C16:N16) -> 27 | R16: 1300-1400 | S16: =SUM(C34:C37) -> 6 | T16: =SUM(D34:D37) -> 0 | U16: =SUM(E34:E37) -> 4 | V16: =SUM(F34:F37) -> 10 | W16: =SUM(G34:G37) -> 0 | X16: =SUM(H34:H37) -> 0 | Y16: =SUM(I34:I37) -> 7 | Z16: =SUM(J34:J37) -> 0 | ... AF16: =SUM(P34:P37) -> 111
B17: 08.45 - 9.00 | C17: 2 | D17: 0 | E17: 1 | F17: 1 | G17: 0 | H17: 0 | I17: 0 | J17: 1 | K17: 0 | L17: 0 | M17: 15 | N17: 0 | O17: =SUM(C17:L17,N17) -> 5 | P17: =SUM(C17:N17) -> 20 | R17: 1400-1500 | S17: =SUM(C38:C41) -> 10 | T17: =SUM(D38:D41) -> 1 | U17: =SUM(E38:E41) -> 9 | V17: =SUM(F38:F41) -> 10 | W17: =SUM(G38:G41) -> 1 | X17: =SUM(H38:H41) -> 0 | Y17: =SUM(I38:I41) -> 3 | Z17: =SUM(J38:J41) -> 0 | ... AF17: =SUM(P38:P41) -> 129
B18: 09.00 - 09.15 | C18: 0 | D18: 0 | E18: 3 | F18: 2 | G18: 0 | H18: 0 | I18: 1 | J18: 0 | K18: 0 | L18: 0 | M18: 20 | N18: 0 | O18: =SUM(C18:L18,N18) -> 6 | P18: =SUM(C18:N18) -> 26 | R18: 1500-1600 | S18: =SUM(C42:C45) -> 8 | T18: =SUM(D42:D45) -> 0 | U18: =SUM(E42:E45) -> 2 | V18: =SUM(F42:F45) -> 8 | W18: =SUM(G42:G45) -> 0 | X18: =SUM(H42:H45) -> 0 | Y18: =SUM(I42:I45) -> 4 | Z18: =SUM(J42:J45) -> 0 | ... AF18: =SUM(P42:P45) -> 113
B19: 09.15 - 09.30 | C19: 2 | D19: 0 | E19: 2 | F19: 2 | G19: 0 | H19: 0 | I19: 0 | J19: 0 | K19: 0 | L19: 0 | M19: 23 | N19: 0 | O19: =SUM(C19:L19,N19) -> 6 | P19: =SUM(C19:N19) -> 29 | R19: 1600-1700 | S19: =SUM(C46:C49) -> 19 | T19: =SUM(D46:D49) -> 1 | U19: =SUM(E46:E49) -> 8 | V19: =SUM(F46:F49) -> 13 | W19: =SUM(G46:G49) -> 0 | X19: =SUM(H46:H49) -> 0 | Y19: =SUM(I46:I49) -> 6 | Z19: =SUM(J46:J49) -> 0 | ... AF19: =SUM(P46:P49) -> 153
B20: 09.30 - 09.45 | C20: 1 | D20: 1 | E20: 4 | F20: 1 | G20: 0 | H20: 0 | I20: 0 | J20: 0 | K20: 0 | L20: 0 | M20: 30 | N20: 0 | O20: =SUM(C20:L20,N20) -> 7 | P20: =SUM(C20:N20) -> 37 | R20: 1700-1800 | S20: =SUM(C50:C53) -> 16 | T20: =SUM(D50:D53) -> 0 | U20: =SUM(E50:E53) -> 7 | V20: =SUM(F50:F53) -> 9 | W20: =SUM(G50:G53) -> 0 | X20: =SUM(H50:H53) -> 0 | Y20: =SUM(I50:I53) -> 5 | Z20: =SUM(J50:J53) -> 0 | ... AF20: =SUM(P50:P53) -> 83
B21: 09.45 - 10.00 | C21: 1 | D21: 0 | E21: 3 | F21: 5 | G21: 0 | H21: 0 | I21: 0 | J21: 0 | K21: 0 | L21: 0 | M21: 20 | N21: 0 | O21: =SUM(C21:L21,N21) -> 9 | P21: =SUM(C21:N21) -> 29 | R21: 1800-1900 | S21: =SUM(C54:C57) -> 17 | T21: =SUM(D54:D57) -> 0 | U21: =SUM(E54:E57) -> 6 | V21: =SUM(F54:F57) -> 13 | W21: =SUM(G54:G57) -> 1 | X21: =SUM(H54:H57) -> 2 | Y21: =SUM(I54:I57) -> 3 | Z21: =SUM(J54:J57) -> 1 | ... AF21: =SUM(P54:P57) -> 120
B22: 10.00 - 10.15 | C22: 1 | D22: 1 | E22: 6 | F22: 0 | G22: 0 | H22: 0 | I22: 0 | J22: 1 | K22: 0 | L22: 0 | M22: 35 | N22: 0 | O22: =SUM(C22:L22,N22) -> 9 | P22: =SUM(C22:N22) -> 44 | R22: AM Peak Hr | S22: =MAX(S10:S12) -> 8 | T22: =MAX(T10:T12) -> 1 | U22: =MAX(U10:U12) -> 12 | V22: =MAX(V10:V12) -> 10 | W22: =MAX(W10:W12) -> 1 | X22: =MAX(X10:X12) -> 0 | Y22: =MAX(Y10:Y12) -> 1 | Z22: =MAX(Z10:Z12) -> 1 | ... AF22: =MAX(AF10:AF12) -> 121
B23: 10.15 - 10.30 | C23: 4 | D23: 0 | E23: 0 | F23: 2 | G23: 0 | H23: 0 | I23: 1 | J23: 0 | K23: 0 | L23: 0 | M23: 24 | N23: 0 | O23: =SUM(C23:L23,N23) -> 7 | P23: =SUM(C23:N23) -> 31 | R23: IP Peak Hr | S23: =MAX(S13:S18) -> 13 | T23: =MAX(T13:T18) -> 1 | U23: =MAX(U13:U18) -> 12 | V23: =MAX(V13:V18) -> 11 | W23: =MAX(W13:W18) -> 1 | X23: =MAX(X13:X18) -> 0 | Y23: =MAX(Y13:Y18) -> 7 | Z23: =MAX(Z13:Z18) -> 1 | ... AF23: =MAX(AF13:AF18) -> 143
B24: 10.30 - 10.45 | C24: 1 | D24: 0 | E24: 1 | F24: 1 | G24: 0 | H24: 0 | I24: 0 | J24: 0 | K24: 0 | L24: 0 | M24: 29 | N24: 0 | O24: =SUM(C24:L24,N24) -> 3 | P24: =SUM(C24:N24) -> 32 | R24: PM Peak Hr | S24: =MAX(S19:S21) -> 19 | T24: =MAX(T19:T21) -> 1 | U24: =MAX(U19:U21) -> 8 | V24: =MAX(V19:V21) -> 13 | W24: =MAX(W19:W21) -> 1 | X24: =MAX(X19:X21) -> 2 | Y24: =MAX(Y19:Y21) -> 6 | Z24: =MAX(Z19:Z21) -> 1 | ... AF24: =MAX(AF19:AF21) -> 153
B25: 10.45 - 11.00 | C25: 3 | D25: 0 | E25: 0 | F25: 1 | G25: 0 | H25: 0 | I25: 0 | J25: 0 | K25: 0 | L25: 0 | M25: 25 | N25: 0 | O25: =SUM(C25:L25,N25) -> 4 | P25: =SUM(C25:N25) -> 29 | R25: AM Period | S25: =SUM(S10:S12) -> 18 | T25: =SUM(T10:T12) -> 1 | U25: =SUM(U10:U12) -> 17 | V25: =SUM(V10:V12) -> 18 | W25: =SUM(W10:W12) -> 1 | X25: =SUM(X10:X12) -> 0 | Y25: =SUM(Y10:Y12) -> 2 | Z25: =SUM(Z10:Z12) -> 2 | ... AF25: =SUM(AF10:AF12) -> 307
B26: 11.00 - 11.15 | C26: 1 | D26: 1 | E26: 4 | F26: 1 | G26: 0 | H26: 0 | I26: 0 | J26: 0 | K26: 0 | L26: 0 | M26: 31 | N26: 0 | O26: =SUM(C26:L26,N26) -> 7 | P26: =SUM(C26:N26) -> 38 | R26: IP Period | S26: =SUM(S13:S18) -> 56 | T26: =SUM(T13:T18) -> 3 | U26: =SUM(U13:U18) -> 41 | V26: =SUM(V13:V18) -> 52 | W26: =SUM(W13:W18) -> 2 | X26: =SUM(X13:X18) -> 0 | Y26: =SUM(Y13:Y18) -> 19 | Z26: =SUM(Z13:Z18) -> 1 | ... AF26: =SUM(AF13:AF18) -> 771
B27: 11.15 - 11.30 | C27: 4 | D27: 0 | E27: 3 | F27: 4 | G27: 0 | H27: 0 | I27: 2 | J27: 0 | K27: 0 | L27: 0 | M27: 24 | N27: 0 | O27: =SUM(C27:L27,N27) -> 13 | P27: =SUM(C27:N27) -> 37 | R27: PM Period | S27: =SUM(S19:S21) -> 52 | T27: =SUM(T19:T21) -> 1 | U27: =SUM(U19:U21) -> 21 | V27: =SUM(V19:V21) -> 35 | W27: =SUM(W19:W21) -> 1 | X27: =SUM(X19:X21) -> 2 | Y27: =SUM(Y19:Y21) -> 14 | Z27: =SUM(Z19:Z21) -> 1 | ... AF27: =SUM(AF19:AF21) -> 356
B28: 11.30 - 11.45 | C28: 4 | D28: 0 | E28: 3 | F28: 2 | G28: 0 | H28: 0 | I28: 1 | J28: 0 | K28: 0 | L28: 0 | M28: 25 | N28: 0 | O28: =SUM(C28:L28,N28) -> 10 | P28: =SUM(C28:N28) -> 35 | R28: 12 Hours | S28: =SUM(S10:S21) -> 126 | T28: =SUM(T10:T21) -> 5 | U28: =SUM(U10:U21) -> 79 | V28: =SUM(V10:V21) -> 105 | W28: =SUM(W10:W21) -> 4 | X28: =SUM(X10:X21) -> 2 | Y28: =SUM(Y10:Y21) -> 35 | Z28: =SUM(Z10:Z21) -> 4 | ... AF28: =SUM(AF10:AF21) -> 1434
B29: 11.45 - 12.00 | C29: 4 | D29: 0 | E29: 2 | F29: 2 | G29: 0 | H29: 0 | I29: 1 | J29: 0 | K29: 0 | L29: 0 | M29: 24 | N29: 0 | O29: =SUM(C29:L29,N29) -> 9 | P29: =SUM(C29:N29) -> 33
B30: 12.00 - 12.15 | C30: 2 | D30: 0 | E30: 1 | F30: 2 | G30: 0 | H30: 0 | I30: 0 | J30: 0 | K30: 0 | L30: 0 | M30: 34 | N30: 0 | O30: =SUM(C30:L30,N30) -> 5 | P30: =SUM(C30:N30) -> 39
B31: 12.15 - 12.30 | C31: 0 | D31: 0 | E31: 2 | F31: 1 | G31: 0 | H31: 0 | I31: 0 | J31: 0 | K31: 0 | L31: 0 | M31: 30 | N31: 0 | O31: =SUM(C31:L31,N31) -> 3 | P31: =SUM(C31:N31) -> 33
B32: 12.30 - 12.45 | C32: 5 | D32: 0 | E32: 2 | F32: 3 | G32: 0 | H32: 0 | I32: 0 | J32: 0 | K32: 0 | L32: 0 | M32: 23 | N32: 0 | O32: =SUM(C32:L32,N32) -> 10 | P32: =SUM(C32:N32) -> 33
B33: 12.45 - 13.00 | C33: 3 | D33: 0 | E33: 2 | F33: 5 | G33: 1 | H33: 0 | I33: 0 | J33: 0 | K33: 0 | L33: 0 | M33: 23 | N33: 0 | O33: =SUM(C33:L33,N33) -> 11 | P33: =SUM(C33:N33) -> 34
B34: 13.00 - 13.15 | C34: 0 | D34: 0 | E34: 1 | F34: 2 | G34: 0 | H34: 0 | I34: 2 | J34: 0 | K34: 0 | L34: 0 | M34: 18 | N34: 0 | O34: =SUM(C34:L34,N34) -> 5 | P34: =SUM(C34:N34) -> 23
B35: 13.15 - 13.30 | C35: 0 | D35: 0 | E35: 0 | F35: 3 | G35: 0 | H35: 0 | I35: 2 | J35: 0 | K35: 0 | L35: 0 | M35: 26 | N35: 0 | O35: =SUM(C35:L35,N35) -> 5 | P35: =SUM(C35:N35) -> 31
B36: 13.30 - 13.45 | C36: 2 | D36: 0 | E36: 1 | F36: 3 | G36: 0 | H36: 0 | I36: 1 | J36: 0 | K36: 0 | L36: 0 | M36: 17 | N36: 0 | O36: =SUM(C36:L36,N36) -> 7 | P36: =SUM(C36:N36) -> 24
B37: 13.45 - 14.00 | C37: 4 | D37: 0 | E37: 2 | F37: 2 | G37: 0 | H37: 0 | I37: 2 | J37: 0 | K37: 0 | L37: 0 | M37: 23 | N37: 0 | O37: =SUM(C37:L37,N37) -> 10 | P37: =SUM(C37:N37) -> 33
B38: 14.00 - 14.15 | C38: 1 | D38: 0 | E38: 1 | F38: 0 | G38: 0 | H38: 0 | I38: 1 | J38: 0 | K38: 0 | L38: 0 | M38: 26 | N38: 0 | O38: =SUM(C38:L38,N38) -> 3 | P38: =SUM(C38:N38) -> 29
B39: 14.15 - 14.30 | C39: 2 | D39: 1 | E39: 4 | F39: 6 | G39: 1 | H39: 0 | I39: 2 | J39: 0 | K39: 0 | L39: 0 | M39: 17 | N39: 0 | O39: =SUM(C39:L39,N39) -> 16 | P39: =SUM(C39:N39) -> 33
B40: 14.30 - 14.45 | C40: 4 | D40: 0 | E40: 2 | F40: 3 | G40: 0 | H40: 0 | I40: 0 | J40: 0 | K40: 0 | L40: 0 | M40: 33 | N40: 0 | O40: =SUM(C40:L40,N40) -> 9 | P40: =SUM(C40:N40) -> 42
... B57: 18.45 - 19.00 | C57: 1 | D57: 0 | E57: 1 | F57: 3 | G57: 1 | H57: 2 | I57: 1 | J57: 0 | K57: 0 | L57: 0 | M57: 16 | N57: 0 | O57: =SUM(C57:L57,N57) -> 9 | P57: =SUM(C57:N57) -> 25
B58: Totals | C58: =SUM(C10:C57) -> 126 | D58: =SUM(D10:D57) -> 5 | E58: =SUM(E10:E57) -> 79 | F58: =SUM(F10:F57) -> 105 | G58: =SUM(G10:G57) -> 4 | H58: =SUM(H10:H57) -> 2 | I58: =SUM(I10:I57) -> 35 | J58: =SUM(J10:J57) -> 4 | ... P58: =SUM(P10:P57) -> 1434
B59: %ges + MCs | C59: =C58/$P$58 -> 0.087866109 | D59: =D58/$P$58 -> 0.0034867503 | E59: =E58/$P$58 -> 0.055090656 | F59: =F58/$P$58 -> 0.073221757 | G59: =G58/$P$58 -> 0.0027894003 | H59: =H58/$P$58 -> 0.0013947001 | I59: =I58/$P$58 -> 0.024407252 | J59: =J58/$P$58 -> 0.0027894003 | ... N59: =N58/$P$58 -> 0
B60: %ges w/o MCs | C60: =C58/$O$58 -> 0.34903047 | D60: =D58/$O$58 -> 0.013850416 | E60: =E58/$O$58 -> 0.21883657 | F60: =F58/$O$58 -> 0.29085873 | G60: =G58/$O$58 -> 0.011080332 | H60: =H58/$O$58 -> 0.0055401662 | I60: =I58/$O$58 -> 0.096952909 | J60: =J58/$O$58 -> 0.011080332 | ... L60: =L58/$O$58 -> 0 | N60: =N58/$O$58 -> 0

Sheet 13.08 Malaba-Tororo
B1: Consultancy services for Preparation of Expressway Development Master Plan (EDMP) for Uganda
B2: MANUAL CLASSIFIED COUNT (MCC)
B3: ROAD NAME: | C3: ='12.08 Malaba-Tororo'!C3:G3 -> MCC - C3b- STN143 - TORORO-MALABA ROAD
C5: Date | D5: 13.08.19 | F5: Location | G5: ='12.08 Malaba-Tororo'!G5:H5 -> xxx | J5: Surveyor | K5: ='12.08 Malaba-Tororo'!K5:L5 -> xxx
C6: Dir. From | D6: ='12.08 Malaba-Tororo'!D6:E6 -> Malaba | F6: Dir. To | G6: ='12.08 Malaba-Tororo'!G6:H6 -> Tororo | J6: Supervisor | K6: ='12.08 Malaba-Tororo'!K6:L6 -> xxx
B8: Time / Veh Type | R8: SUMMARY TRAFFIC VOLUMES
C9: 1. Car | D9: 2. Station Wagon | E9: 3. Pickups | F9: 4. Minibus, matatu | G9: 5. Medium bus | H9: 6. Large Bus | I9: 7. Light Truck | J9: 8. Medium Truck | K9: 9. Heavy truck | L9: 10. Truck Trailer | M9: 11. Motor cycles | N9: 12. Tractors | O9: Total Excl M/Cycles | P9: Total All | R9: Time | S9: 1. Car | T9: 2. Station Wagon | U9: 3. Pickups | V9: 4. Minibus, matatu | W9: 5. Medium bus | X9: 6. Large Bus | Y9: 7. Light Truck | Z9: 8. Medium Truck | AA9: 9. Heavy truck | AB9: 10. Truck Trailer | AC9: 11. Motorcycles | AD9: 12. Tractors, Graders | AE9: Total Excl M/ Cycles | AF9: Total All
B10: 07.00 - 07.15 | C10: 0 | D10: 0 | E10: 1 | F10: 1 | G10: 0 | H10: 1 | I10: 0 | J10: 0 | K10: 0 | L10: 0 | M10: 15 | N10: 0 | O10: =SUM(C10:L10,N10) -> 3 | P10: =SUM(C10:N10) -> 18 | R10: 0700-0800 | S10: =SUM(C10:C13) -> 4 | T10: =SUM(D10:D13) -> 0 | U10: =SUM(E10:E13) -> 2 | V10: =SUM(F10:F13) -> 5 | W10: =SUM(G10:G13) -> 0 | X10: =SUM(H10:H13) -> 2 | Y10: =SUM(I10:I13) -> 3 | Z10: =SUM(J10:J13) -> 0 | ... AF10: =SUM(P10:P13) -> 85
B11: 07.15 - 07.30 | C11: 2 | D11: 0 | E11: 0 | F11: 1 | G11: 0 | H11: 1 | I11: 1 | J11: 0 | K11: 0 | L11: 0 | M11: 20 | N11: 0 | O11: =SUM(C11:L11,N11) -> 5 | P11: =SUM(C11:N11) -> 25 | R11: 0800-0900 | S11: =SUM(C14:C17) -> 7 | T11: =SUM(D14:D17) -> 0 | U11: =SUM(E14:E17) -> 7 | V11: =SUM(F14:F17) -> 7 | W11: =SUM(G14:G17) -> 0 | X11: =SUM(H14:H17) -> 1 | Y11: =SUM(I14:I17) -> 4 | Z11: =SUM(J14:J17) -> 0 | ... AF11: =SUM(P14:P17) -> 120
B12: 07.30 - 07.45 | C12: 1 | D12: 0 | E12: 0 | F12: 2 | G12: 0 | H12: 0 | I12: 2 | J12: 0 | K12: 0 | L12: 0 | M12: 13 | N12: 0 | O12: =SUM(C12:L12,N12) -> 5 | P12: =SUM(C12:N12) -> 18 | R12: 0900-1000 | S12: =SUM(C18:C21) -> 12 | T12: =SUM(D18:D21) -> 0 | U12: =SUM(E18:E21) -> 7 | V12: =SUM(F18:F21) -> 7 | W12: =SUM(G18:G21) -> 0 | X12: =SUM(H18:H21) -> 0 | Y12: =SUM(I18:I21) -> 5 | Z12: =SUM(J18:J21) -> 0 | ... AF12: =SUM(P18:P21) -> 147
B13: 07.45 - 08.00 | C13: 1 | D13: 0 | E13: 1 | F13: 1 | G13: 0 | H13: 0 | I13: 0 | J13: 0 | K13: 0 | L13: 0 | M13: 21 | N13: 0 | O13: =SUM(C13:L13,N13) -> 3 | P13: =SUM(C13:N13) -> 24 | R13: 1000-1100 | S13: =SUM(C22:C25) -> 11 | T13: =SUM(D22:D25) -> 1 | U13: =SUM(E22:E25) -> 11 | V13: =SUM(F22:F25) -> 9 | W13: =SUM(G22:G25) -> 2 | X13: =SUM(H22:H25) -> 0 | Y13: =SUM(I22:I25) -> 4 | Z13: =SUM(J22:J25) -> 17 | ... AF13: =SUM(P22:P25) -> 184
B14: 08.00 - 08.15 | C14: 2 | D14: 0 | E14: 3 | F14: 2 | G14: 0 | H14: 0 | I14: 1 | J14: 0 | K14: 0 | L14: 0 | M14: 20 | N14: 0 | O14: =SUM(C14:L14,N14) -> 8 | P14: =SUM(C14:N14) -> 28 | R14: 1100-1200 | S14: =SUM(C26:C29) -> 8 | T14: =SUM(D26:D29) -> 1 | U14: =SUM(E26:E29) -> 9 | V14: =SUM(F26:F29) -> 8 | W14: =SUM(G26:G29) -> 0 | X14: =SUM(H26:H29) -> 0 | Y14: =SUM(I26:I29) -> 9 | Z14: =SUM(J26:J29) -> 0 | ... AF14: =SUM(P26:P29) -> 134
B15: 08.15 - 08.30 | C15: 3 | D15: 0 | E15: 1 | F15: 2 | G15: 0 | H15: 0 | I15: 1 | J15: 0 | K15: 0 | L15: 0 | M15: 24 | N15: 0 | O15: =SUM(C15:L15,N15) -> 7 | P15: =SUM(C15:N15) -> 31 | R15: 1200-1300 | S15: =SUM(C30:C33) -> 7 | T15: =SUM(D30:D33) -> 0 | U15: =SUM(E30:E33) -> 8 | V15: =SUM(F30:F33) -> 7 | W15: =SUM(G30:G33) -> 0 | X15: =SUM(H30:H33) -> 0 | Y15: =SUM(I30:I33) -> 8 | Z15: =SUM(J30:J33) -> 0 | ... AF15: =SUM(P30:P33) -> 134
B16: 08.30 - 08.45 | C16: 1 | D16: 0 | E16: 2 | F16: 1 | G16: 0 | H16: 1 | I16: 1 | J16: 0 | K16: 0 | L16: 0 | M16: 20 | N16: 0 | O16: =SUM(C16:L16,N16) -> 6 | P16: =SUM(C16:N16) -> 26 | R16: 1300-1400 | S16: =SUM(C34:C37) -> 11 | T16: =SUM(D34:D37) -> 3 | U16: =SUM(E34:E37) -> 17 | V16: =SUM(F34:F37) -> 10 | W16: =SUM(G34:G37) -> 0 | X16: =SUM(H34:H37) -> 0 | Y16: =SUM(I34:I37) -> 7 | Z16: =SUM(J34:J37) -> 3 | ... AF16: =SUM(P34:P37) -> 153
B17: 08.45 - 9.00 | C17: 1 | D17: 0 | E17: 1 | F17: 2 | G17: 0 | H17: 0 | I17: 1 | J17: 0 | K17: 0 | L17: 0 | M17: 30 | N17: 0 | O17: =SUM(C17:L17,N17) -> 5 | P17: =SUM(C17:N17) -> 35 | R17: 1400-1500 | S17: =SUM(C38:C41) -> 5 | T17: =SUM(D38:D41) -> 1 | U17: =SUM(E38:E41) -> 13 | V17: =SUM(F38:F41) -> 9 | W17: =SUM(G38:G41) -> 0 | X17: =SUM(H38:H41) -> 0 | Y17: =SUM(I38:I41) -> 4 | Z17: =SUM(J38:J41) -> 4 | ... AF17: =SUM(P38:P41) -> 132
B18: 09.00 - 09.15 | C18: 6 | D18: 0 | E18: 0 | F18: 2 | G18: 0 | H18: 0 | I18: 0 | J18: 0 | K18: 0 | L18: 0 | M18: 26 | N18: 0 | O18: =SUM(C18:L18,N18) -> 8 | P18: =SUM(C18:N18) -> 34 | R18: 1500-1600 | S18: =SUM(C42:C45) -> 12 | T18: =SUM(D42:D45) -> 1 | U18: =SUM(E42:E45) -> 10 | V18: =SUM(F42:F45) -> 6 | W18: =SUM(G42:G45) -> 0 | X18: =SUM(H42:H45) -> 0 | Y18: =SUM(I42:I45) -> 5 | Z18: =SUM(J42:J45) -> 2 | ... AF18: =SUM(P42:P45) -> 150
B19: 09.15 - 09.30 | C19: 2 | D19: 0 | E19: 3 | F19: 0 | G19: 0 | H19: 0 | I19: 1 | J19: 0 | K19: 0 | L19: 0 | M19: 23 | N19: 0 | O19: =SUM(C19:L19,N19) -> 6 | P19: =SUM(C19:N19) -> 29 | R19: 1600-1700 | S19: =SUM(C46:C49) -> 12 | T19: =SUM(D46:D49) -> 2 | U19: =SUM(E46:E49) -> 15 | V19: =SUM(F46:F49) -> 12 | W19: =SUM(G46:G49) -> 1 | X19: =SUM(H46:H49) -> 0 | Y19: =SUM(I46:I49) -> 6 | Z19: =SUM(J46:J49) -> 0 | ... AF19: =SUM(P46:P49) -> 155
B20: 09.30 - 09.45 | C20: 2 | D20: 0 | E20: 3 | F20: 3 | G20: 0 | H20: 0 | I20: 2 | J20: 0 | K20: 0 | L20: 0 | M20: 41 | N20: 0 | O20: =SUM(C20:L20,N20) -> 10 | P20: =SUM(C20:N20) -> 51 | R20: 1700-1800 | S20: =SUM(C50:C53) -> 11 | T20: =SUM(D50:D53) -> 2 | U20: =SUM(E50:E53) -> 15 | V20: =SUM(F50:F53) -> 14 | W20: =SUM(G50:G53) -> 1 | X20: =SUM(H50:H53) -> 0 | Y20: =SUM(I50:I53) -> 5 | Z20: =SUM(J50:J53) -> 1 | ... AF20: =SUM(P50:P53) -> 139
B21: 09.45 - 10.00 | C21: 2 | D21: 0 | E21: 1 | F21: 2 | G21: 0 | H21: 0 | I21: 2 | J21: 0 | K21: 0 | L21: 0 | M21: 26 | N21: 0 | O21: =SUM(C21:L21,N21) -> 7 | P21: =SUM(C21:N21) -> 33 | R21: 1800-1900 | S21: =SUM(C54:C57) -> 25 | T21: =SUM(D54:D57) -> 3 | U21: =SUM(E54:E57) -> 17 | V21: =SUM(F54:F57) -> 8 | W21: =SUM(G54:G57) -> 0 | X21: =SUM(H54:H57) -> 0 | Y21: =SUM(I54:I57) -> 6 | Z21: =SUM(J54:J57) -> 2 | ... AF21: =SUM(P54:P57) -> 180
B22: 10.00 - 10.15 | C22: 1 | D22: 0 | E22: 2 | F22: 2 | G22: 0 | H22: 0 | I22: 1 | J22: 0 | K22: 0 | L22: 0 | M22: 39 | N22: 0 | O22: =SUM(C22:L22,N22) -> 6 | P22: =SUM(C22:N22) -> 45 | R22: AM Peak Hr | S22: =MAX(S10:S12) -> 12 | T22: =MAX(T10:T12) -> 0 | U22: =MAX(U10:U12) -> 7 | V22: =MAX(V10:V12) -> 7 | W22: =MAX(W10:W12) -> 0 | X22: =MAX(X10:X12) -> 2 | Y22: =MAX(Y10:Y12) -> 5 | Z22: =MAX(Z10:Z12) -> 0 | ... AF22: =MAX(AF10:AF12) -> 147
B23: 10.15 - 10.30 | C23: 5 | D23: 0 | E23: 2 | F23: 4 | G23: 0 | H23: 0 | I23: 1 | J23: 0 | K23: 0 | L23: 0 | M23: 42 | N23: 0 | O23: =SUM(C23:L23,N23) -> 12 | P23: =SUM(C23:N23) -> 54 | R23: IP Peak Hr | S23: =MAX(S13:S18) -> 12 | T23: =MAX(T13:T18) -> 3 | U23: =MAX(U13:U18) -> 17 | V23: =MAX(V13:V18) -> 10 | W23: =MAX(W13:W18) -> 2 | X23: =MAX(X13:X18) -> 0 | Y23: =MAX(Y13:Y18) -> 9 | Z23: =MAX(Z13:Z18) -> 17 | ... AF23: =MAX(AF13:AF18) -> 184
B24: 10.30 - 10.45 | C24: 4 | D24: 0 | E24: 1 | F24: 2 | G24: 1 | H24: 0 | I24: 0 | J24: 17 | K24: 0 | L24: 0 | M24: 26 | N24: 0 | O24: =SUM(C24:L24,N24) -> 25 | P24: =SUM(C24:N24) -> 51 | R24: PM Peak Hr | S24: =MAX(S19:S21) -> 25 | T24: =MAX(T19:T21) -> 3 | U24: =MAX(U19:U21) -> 17 | V24: =MAX(V19:V21) -> 14 | W24: =MAX(W19:W21) -> 1 | X24: =MAX(X19:X21) -> 0 | Y24: =MAX(Y19:Y21) -> 6 | Z24: =MAX(Z19:Z21) -> 2 | ... AF24: =MAX(AF19:AF21) -> 180
B25: 10.45 - 11.00 | C25: 1 | D25: 1 | E25: 6 | F25: 1 | G25: 1 | H25: 0 | I25: 2 | J25: 0 | K25: 0 | L25: 0 | M25: 22 | N25: 0 | O25: =SUM(C25:L25,N25) -> 12 | P25: =SUM(C25:N25) -> 34 | R25: AM Period | S25: =SUM(S10:S12) -> 23 | T25: =SUM(T10:T12) -> 0 | U25: =SUM(U10:U12) -> 16 | V25: =SUM(V10:V12) -> 19 | W25: =SUM(W10:W12) -> 0 | X25: =SUM(X10:X12) -> 3 | Y25: =SUM(Y10:Y12) -> 12 | Z25: =SUM(Z10:Z12) -> 0 | ... AF25: =SUM(AF10:AF12) -> 352
B26: 11.00 - 11.15 | C26: 4 | D26: 0 | E26: 2 | F26: 1 | G26: 0 | H26: 0 | I26: 3 | J26: 0 | K26: 0 | L26: 0 | M26: 30 | N26: 0 | O26: =SUM(C26:L26,N26) -> 10 | P26: =SUM(C26:N26) -> 40 | R26: IP Period | S26: =SUM(S13:S18) -> 54 | T26: =SUM(T13:T18) -> 7 | U26: =SUM(U13:U18) -> 68 | V26: =SUM(V13:V18) -> 49 | W26: =SUM(W13:W18) -> 2 | X26: =SUM(X13:X18) -> 0 | Y26: =SUM(Y13:Y18) -> 37 | Z26: =SUM(Z13:Z18) -> 26 | ... AF26: =SUM(AF13:AF18) -> 887
B27: 11.15 - 11.30 | C27: 1 | D27: 0 | E27: 0 | F27: 4 | G27: 0 | H27: 0 | I27: 1 | J27: 0 | K27: 0 | L27: 0 | M27: 16 | N27: 0 | O27: =SUM(C27:L27,N27) -> 6 | P27: =SUM(C27:N27) -> 22 | R27: PM Period | S27: =SUM(S19:S21) -> 48 | T27: =SUM(T19:T21) -> 7 | U27: =SUM(U19:U21) -> 47 | V27: =SUM(V19:V21) -> 34 | W27: =SUM(W19:W21) -> 2 | X27: =SUM(X19:X21) -> 0 | Y27: =SUM(Y19:Y21) -> 17 | Z27: =SUM(Z19:Z21) -> 3 | ... AF27: =SUM(AF19:AF21) -> 474
B28: 11.30 - 11.45 | C28: 1 | D28: 0 | E28: 3 | F28: 1 | G28: 0 | H28: 0 | I28: 1 | J28: 0 | K28: 0 | L28: 0 | M28: 31 | N28: 0 | O28: =SUM(C28:L28,N28) -> 6 | P28: =SUM(C28:N28) -> 37 | R28: 12 Hours | S28: =SUM(S10:S21) -> 125 | T28: =SUM(T10:T21) -> 14 | U28: =SUM(U10:U21) -> 131 | V28: =SUM(V10:V21) -> 102 | W28: =SUM(W10:W21) -> 4 | X28: =SUM(X10:X21) -> 3 | Y28: =SUM(Y10:Y21) -> 66 | Z28: =SUM(Z10:Z21) -> 29 | ... AF28: =SUM(AF10:AF21) -> 1713
B29: 11.45 - 12.00 | C29: 2 | D29: 1 | E29: 4 | F29: 2 | G29: 0 | H29: 0 | I29: 4 | J29: 0 | K29: 0 | L29: 0 | M29: 22 | N29: 0 | O29: =SUM(C29:L29,N29) -> 13 | P29: =SUM(C29:N29) -> 35
B30: 12.00 - 12.15 | C30: 1 | D30: 0 | E30: 2 | F30: 1 | G30: 0 | H30: 0 | I30: 4 | J30: 0 | K30: 0 | L30: 0 | M30: 18 | N30: 0 | O30: =SUM(C30:L30,N30) -> 8 | P30: =SUM(C30:N30) -> 26
B31: 12.15 - 12.30 | C31: 2 | D31: 0 | E31: 3 | F31: 2 | G31: 0 | H31: 0 | I31: 2 | J31: 0 | K31: 0 | L31: 0 | M31: 23 | N31: 0 | O31: =SUM(C31:L31,N31) -> 9 | P31: =SUM(C31:N31) -> 32
B32: 12.30 - 12.45 | C32: 2 | D32: 0 | E32: 2 | F32: 2 | G32: 0 | H32: 0 | I32: 1 | J32: 0 | K32: 0 | L32: 0 | M32: 34 | N32: 0 | O32: =SUM(C32:L32,N32) -> 7 | P32: =SUM(C32:N32) -> 41
B33: 12.45 - 13.00 | C33: 2 | D33: 0 | E33: 1 | F33: 2 | G33: 0 | H33: 0 | I33: 1 | J33: 0 | K33: 0 | L33: 0 | M33: 29 | N33: 0 | O33: =SUM(C33:L33,N33) -> 6 | P33: =SUM(C33:N33) -> 35
B34: 13.00 - 13.15 | C34: 4 | D34: 1 | E34: 4 | F34: 3 | G34: 0 | H34: 0 | I34: 1 | J34: 1 | K34: 0 | L34: 0 | M34: 16 | N34: 0 | O34: =SUM(C34:L34,N34) -> 14 | P34: =SUM(C34:N34) -> 30
B35: 13.15 - 13.30 | C35: 4 | D35: 0 | E35: 3 | F35: 2 | G35: 0 | H35: 0 | I35: 0 | J35: 0 | K35: 2 | L35: 0 | M35: 30 | N35: 0 | O35: =SUM(C35:L35,N35) -> 11 | P35: =SUM(C35:N35) -> 41
B36: 13.30 - 13.45 | C36: 2 | D36: 2 | E36: 7 | F36: 3 | G36: 0 | H36: 0 | I36: 4 | J36: 0 | K36: 0 | L36: 0 | M36: 17 | N36: 0 | O36: =SUM(C36:L36,N36) -> 18 | P36: =SUM(C36:N36) -> 35
B37: 13.45 - 14.00 | C37: 1 | D37: 0 | E37: 3 | F37: 2 | G37: 0 | H37: 0 | I37: 2 | J37: 2 | K37: 0 | L37: 0 | M37: 37 | N37: 0 | O37: =SUM(C37:L37,N37) -> 10 | P37: =SUM(C37:N37) -> 47
B38: 14.00 - 14.15 | C38: 1 | D38: 0 | E38: 3 | F38: 3 | G38: 0 | H38: 0 | I38: 2 | J38: 1 | K38: 0 | L38: 0 | M38: 25 | N38: 0 | O38: =SUM(C38:L38,N38) -> 10 | P38: =SUM(C38:N38) -> 35
B39: 14.15 - 14.30 | C39: 0 | D39: 0 | E39: 3 | F39: 0 | G39: 0 | H39: 0 | I39: 0 | J39: 1 | K39: 0 | L39: 0 | M39: 18 | N39: 0 | O39: =SUM(C39:L39,N39) -> 4 | P39: =SUM(C39:N39) -> 22
B40: 14.30 - 14.45 | C40: 4 | D40: 1 | E40: 4 | F40: 5 | G40: 0 | H40: 0 | I40: 1 | J40: 0 | K40: 0 | L40: 0 | M40: 23 | N40: 0 | O40: =SUM(C40:L40,N40) -> 15 | P40: =SUM(C40:N40) -> 38
... B57: 18.45 - 19.00 | C57: 9 | D57: 0 | E57: 3 | F57: 0 | G57: 0 | H57: 0 | I57: 2 | J57: 1 | K57: 0 | L57: 0 | M57: 31 | N57: 0 | O57: =SUM(C57:L57,N57) -> 15 | P57: =SUM(C57:N57) -> 46
B58: Totals | C58: =SUM(C10:C57) -> 125 | D58: =SUM(D10:D57) -> 14 | E58: =SUM(E10:E57) -> 131 | F58: =SUM(F10:F57) -> 102 | G58: =SUM(G10:G57) -> 4 | H58: =SUM(H10:H57) -> 3 | I58: =SUM(I10:I57) -> 66 | J58: =SUM(J10:J57) -> 29 | ... P58: =SUM(P10:P57) -> 1713
B59: %ges + MCs | C59: =C58/$P$58 -> 0.072971395 | D59: =D58/$P$58 -> 0.0081727963 | E59: =E58/$P$58 -> 0.076474022 | F59: =F58/$P$58 -> 0.059544658 | G59: =G58/$P$58 -> 0.0023350846 | H59: =H58/$P$58 -> 0.0017513135 | I59: =I58/$P$58 -> 0.038528897 | J59: =J58/$P$58 -> 0.016929364 | ... N59: =N58/$P$58 -> 0.00058377116
B60: %ges w/o MCs | C60: =C58/$O$58 -> 0.26205451 | D60: =D58/$O$58 -> 0.029350105 | E60: =E58/$O$58 -> 0.27463312 | F60: =F58/$O$58 -> 0.21383648 | G60: =G58/$O$58 -> 0.0083857442 | H60: =H58/$O$58 -> 0.0062893082 | I60: =I58/$O$58 -> 0.13836478 | J60: =J58/$O$58 -> 0.060796646 | ... L60: =L58/$O$58 -> 0 | N60: =N58/$O$58 -> 0.0020964361

Sheet 13.08 Tororo-Malaba
B1: Consultancy services for Preparation of Expressway Development Master Plan (EDMP) for Uganda
B2: MANUAL CLASSIFIED COUNT (MCC)
B3: ROAD NAME: | C3: ='12.08 Tororo-Malaba'!C3:G3 -> MCC - C3b- STN143 - TORORO-MALABA ROAD
C5: Date | D5: ='13.08 Malaba-Tororo'!D5 -> 13.08.19 | F5: Location | G5: ='12.08 Malaba-Tororo'!G5:H5 -> xxx | J5: Surveyor | K5: ='12.08 Malaba-Tororo'!K5:L5 -> xxx
C6: Dir. From | D6: ='12.08 Tororo-Malaba'!D6:E6 -> Tororo | F6: Dir. To | G6: ='12.08 Tororo-Malaba'!G6:H6 -> Malaba | J6: Supervisor | K6: ='12.08 Malaba-Tororo'!K6:L6 -> xxx
B8: Time / Veh Type | R8: SUMMARY TRAFFIC VOLUMES
C9: 1. Car | D9: 2. Station Wagon | E9: 3. Pickups | F9: 4. Minibus, matatu | G9: 5. Medium bus | H9: 6. Large Bus | I9: 7. Light Truck | J9: 8. Medium Truck | K9: 9. Heavy truck | L9: 10. Truck Trailer | M9: 11. Motor cycles | N9: 12. Tractors | O9: Total Excl M/Cycles | P9: Total All | R9: Time | S9: 1. Car | T9: 2. Station Wagon | U9: 3. Pickups | V9: 4. Minibus, matatu | W9: 5. Medium bus | X9: 6. Large Bus | Y9: 7. Light Truck | Z9: 8. Medium Truck | AA9: 9. Heavy truck | AB9: 10. Truck Trailer | AC9: 11. Motorcycles | AD9: 12. Tractors, Graders | AE9: Total Excl M/ Cycles | AF9: Total All
B10: 07.00 - 07.15 | C10: 0 | D10: 0 | E10: 1 | F10: 0 | G10: 0 | H10: 0 | I10: 1 | J10: 0 | K10: 0 | L10: 0 | M10: 9 | N10: 0 | O10: =SUM(C10:L10,N10) -> 2 | P10: =SUM(C10:N10) -> 11 | R10: 0700-0800 | S10: =SUM(C10:C13) -> 3 | T10: =SUM(D10:D13) -> 0 | U10: =SUM(E10:E13) -> 5 | V10: =SUM(F10:F13) -> 2 | W10: =SUM(G10:G13) -> 1 | X10: =SUM(H10:H13) -> 0 | Y10: =SUM(I10:I13) -> 5 | Z10: =SUM(J10:J13) -> 0 | ... AF10: =SUM(P10:P13) -> 99
B11: 07.15 - 07.30 | C11: 3 | D11: 0 | E11: 2 | F11: 0 | G11: 0 | H11: 0 | I11: 2 | J11: 0 | K11: 0 | L11: 0 | M11: 17 | N11: 0 | O11: =SUM(C11:L11,N11) -> 7 | P11: =SUM(C11:N11) -> 24 | R11: 0800-0900 | S11: =SUM(C14:C17) -> 4 | T11: =SUM(D14:D17) -> 0 | U11: =SUM(E14:E17) -> 6 | V11: =SUM(F14:F17) -> 8 | W11: =SUM(G14:G17) -> 0 | X11: =SUM(H14:H17) -> 0 | Y11: =SUM(I14:I17) -> 5 | Z11: =SUM(J14:J17) -> 0 | ... AF11: =SUM(P14:P17) -> 107
B12: 07.30 - 07.45 | C12: 0 | D12: 0 | E12: 0 | F12: 0 | G12: 1 | H12: 0 | I12: 0 | J12: 0 | K12: 0 | L12: 0 | M12: 20 | N12: 0 | O12: =SUM(C12:L12,N12) -> 1 | P12: =SUM(C12:N12) -> 21 | R12: 0900-1000 | S12: =SUM(C18:C21) -> 11 | T12: =SUM(D18:D21) -> 0 | U12: =SUM(E18:E21) -> 5 | V12: =SUM(F18:F21) -> 6 | W12: =SUM(G18:G21) -> 0 | X12: =SUM(H18:H21) -> 0 | Y12: =SUM(I18:I21) -> 2 | Z12: =SUM(J18:J21) -> 0 | ... AF12: =SUM(P18:P21) -> 148
B13: 07.45 - 08.00 | C13: 0 | D13: 0 | E13: 2 | F13: 2 | G13: 0 | H13: 0 | I13: 2 | J13: 0 | K13: 0 | L13: 0 | M13: 37 | N13: 0 | O13: =SUM(C13:L13,N13) -> 6 | P13: =SUM(C13:N13) -> 43 | R13: 1000-1100 | S13: =SUM(C22:C25) -> 11 | T13: =SUM(D22:D25) -> 1 | U13: =SUM(E22:E25) -> 9 | V13: =SUM(F22:F25) -> 8 | W13: =SUM(G22:G25) -> 0 | X13: =SUM(H22:H25) -> 0 | Y13: =SUM(I22:I25) -> 5 | Z13: =SUM(J22:J25) -> 2 | ... AF13: =SUM(P22:P25) -> 137
B14: 08.00 - 08.15 | C14: 1 | D14: 0 | E14: 1 | F14: 0 | G14: 0 | H14: 0 | I14: 2 | J14: 0 | K14: 0 | L14: 0 | M14: 25 | N14: 0 | O14: =SUM(C14:L14,N14) -> 4 | P14: =SUM(C14:N14) -> 29 | R14: 1100-1200 | S14: =SUM(C26:C29) -> 20 | T14: =SUM(D26:D29) -> 0 | U14: =SUM(E26:E29) -> 9 | V14: =SUM(F26:F29) -> 8 | W14: =SUM(G26:G29) -> 0 | X14: =SUM(H26:H29) -> 0 | Y14: =SUM(I26:I29) -> 3 | Z14: =SUM(J26:J29) -> 0 | ... AF14: =SUM(P26:P29) -> 137
B15: 08.15 - 08.30 | C15: 1 | D15: 0 | E15: 0 | F15: 2 | G15: 0 | H15: 0 | I15: 1 | J15: 0 | K15: 0 | L15: 0 | M15: 19 | N15: 0 | O15: =SUM(C15:L15,N15) -> 4 | P15: =SUM(C15:N15) -> 23 | R15: 1200-1300 | S15: =SUM(C30:C33) -> 11 | T15: =SUM(D30:D33) -> 3 | U15: =SUM(E30:E33) -> 14 | V15: =SUM(F30:F33) -> 7 | W15: =SUM(G30:G33) -> 0 | X15: =SUM(H30:H33) -> 0 | Y15: =SUM(I30:I33) -> 1 | Z15: =SUM(J30:J33) -> 0 | ... AF15: =SUM(P30:P33) -> 160
B16: 08.30 - 08.45 | C16: 1 | D16: 0 | E16: 3 | F16: 2 | G16: 0 | H16: 0 | I16: 1 | J16: 0 | K16: 0 | L16: 0 | M16: 19 | N16: 0 | O16: =SUM(C16:L16,N16) -> 7 | P16: =SUM(C16:N16) -> 26 | R16: 1300-1400 | S16: =SUM(C34:C37) -> 15 | T16: =SUM(D34:D37) -> 3 | U16: =SUM(E34:E37) -> 16 | V16: =SUM(F34:F37) -> 12 | W16: =SUM(G34:G37) -> 0 | X16: =SUM(H34:H37) -> 0 | Y16: =SUM(I34:I37) -> 4 | Z16: =SUM(J34:J37) -> 1 | ... AF16: =SUM(P34:P37) -> 169
B17: 08.45 - 9.00 | C17: 1 | D17: 0 | E17: 2 | F17: 4 | G17: 0 | H17: 0 | I17: 1 | J17: 0 | K17: 0 | L17: 0 | M17: 21 | N17: 0 | O17: =SUM(C17:L17,N17) -> 8 | P17: =SUM(C17:N17) -> 29 | R17: 1400-1500 | S17: =SUM(C38:C41) -> 20 | T17: =SUM(D38:D41) -> 4 | U17: =SUM(E38:E41) -> 20 | V17: =SUM(F38:F41) -> 10 | W17: =SUM(G38:G41) -> 0 | X17: =SUM(H38:H41) -> 0 | Y17: =SUM(I38:I41) -> 3 | Z17: =SUM(J38:J41) -> 0 | ... AF17: =SUM(P38:P41) -> 162
B18: 09.00 - 09.15 | C18: 2 | D18: 0 | E18: 1 | F18: 1 | G18: 0 | H18: 0 | I18: 0 | J18: 0 | K18: 0 | L18: 0 | M18: 33 | N18: 0 | O18: =SUM(C18:L18,N18) -> 4 | P18: =SUM(C18:N18) -> 37 | R18: 1500-1600 | S18: =SUM(C42:C45) -> 12 | T18: =SUM(D42:D45) -> 0 | U18: =SUM(E42:E45) -> 9 | V18: =SUM(F42:F45) -> 15 | W18: =SUM(G42:G45) -> 0 | X18: =SUM(H42:H45) -> 0 | Y18: =SUM(I42:I45) -> 5 | Z18: =SUM(J42:J45) -> 0 | ... AF18: =SUM(P42:P45) -> 143
B19: 09.15 - 09.30 | C19: 5 | D19: 0 | E19: 0 | F19: 1 | G19: 0 | H19: 0 | I19: 0 | J19: 0 | K19: 0 | L19: 0 | M19: 31 | N19: 0 | O19: =SUM(C19:L19,N19) -> 6 | P19: =SUM(C19:N19) -> 37 | R19: 1600-1700 | S19: =SUM(C46:C49) -> 9 | T19: =SUM(D46:D49) -> 0 | U19: =SUM(E46:E49) -> 6 | V19: =SUM(F46:F49) -> 12 | W19: =SUM(G46:G49) -> 1 | X19: =SUM(H46:H49) -> 0 | Y19: =SUM(I46:I49) -> 4 | Z19: =SUM(J46:J49) -> 0 | ... AF19: =SUM(P46:P49) -> 126
B20: 09.30 - 09.45 | C20: 2 | D20: 0 | E20: 3 | F20: 2 | G20: 0 | H20: 0 | I20: 0 | J20: 0 | K20: 0 | L20: 0 | M20: 27 | N20: 0 | O20: =SUM(C20:L20,N20) -> 7 | P20: =SUM(C20:N20) -> 34 | R20: 1700-1800 | S20: =SUM(C50:C53) -> 10 | T20: =SUM(D50:D53) -> 2 | U20: =SUM(E50:E53) -> 11 | V20: =SUM(F50:F53) -> 7 | W20: =SUM(G50:G53) -> 1 | X20: =SUM(H50:H53) -> 0 | Y20: =SUM(I50:I53) -> 3 | Z20: =SUM(J50:J53) -> 2 | ... AF20: =SUM(P50:P53) -> 139
B21: 09.45 - 10.00 | C21: 2 | D21: 0 | E21: 1 | F21: 2 | G21: 0 | H21: 0 | I21: 2 | J21: 0 | K21: 0 | L21: 0 | M21: 32 | N21: 1 | O21: =SUM(C21:L21,N21) -> 8 | P21: =SUM(C21:N21) -> 40 | R21: 1800-1900 | S21: =SUM(C54:C57) -> 9 | T21: =SUM(D54:D57) -> 1 | U21: =SUM(E54:E57) -> 8 | V21: =SUM(F54:F57) -> 9 | W21: =SUM(G54:G57) -> 1 | X21: =SUM(H54:H57) -> 1 | Y21: =SUM(I54:I57) -> 3 | Z21: =SUM(J54:J57) -> 0 | ... AF21: =SUM(P54:P57) -> 133
B22: 10.00 - 10.15 | C22: 3 | D22: 0 | E22: 0 | F22: 2 | G22: 0 | H22: 0 | I22: 2 | J22: 0 | K22: 0 | L22: 0 | M22: 36 | N22: 0 | O22: =SUM(C22:L22,N22) -> 7 | P22: =SUM(C22:N22) -> 43 | R22: AM Peak Hr | S22: =MAX(S10:S12) -> 11 | T22: =MAX(T10:T12) -> 0 | U22: =MAX(U10:U12) -> 6 | V22: =MAX(V10:V12) -> 8 | W22: =MAX(W10:W12) -> 1 | X22: =MAX(X10:X12) -> 0 | Y22: =MAX(Y10:Y12) -> 5 | Z22: =MAX(Z10:Z12) -> 0 | ... AF22: =MAX(AF10:AF12) -> 148
B23: 10.15 - 10.30 | C23: 4 | D23: 1 | E23: 4 | F23: 1 | G23: 0 | H23: 0 | I23: 2 | J23: 2 | K23: 0 | L23: 0 | M23: 24 | N23: 0 | O23: =SUM(C23:L23,N23) -> 14 | P23: =SUM(C23:N23) -> 38 | R23: IP Peak Hr | S23: =MAX(S13:S18) -> 20 | T23: =MAX(T13:T18) -> 4 | U23: =MAX(U13:U18) -> 20 | V23: =MAX(V13:V18) -> 15 | W23: =MAX(W13:W18) -> 0 | X23: =MAX(X13:X18) -> 0 | Y23: =MAX(Y13:Y18) -> 5 | Z23: =MAX(Z13:Z18) -> 2 | ... AF23: =MAX(AF13:AF18) -> 169
B24: 10.30 - 10.45 | C24: 3 | D24: 0 | E24: 3 | F24: 4 | G24: 0 | H24: 0 | I24: 1 | J24: 0 | K24: 0 | L24: 0 | M24: 23 | N24: 0 | O24: =SUM(C24:L24,N24) -> 11 | P24: =SUM(C24:N24) -> 34 | R24: PM Peak Hr | S24: =MAX(S19:S21) -> 10 | T24: =MAX(T19:T21) -> 2 | U24: =MAX(U19:U21) -> 11 | V24: =MAX(V19:V21) -> 12 | W24: =MAX(W19:W21) -> 1 | X24: =MAX(X19:X21) -> 1 | Y24: =MAX(Y19:Y21) -> 4 | Z24: =MAX(Z19:Z21) -> 2 | ... AF24: =MAX(AF19:AF21) -> 139
B25: 10.45 - 11.00 | C25: 1 | D25: 0 | E25: 2 | F25: 1 | G25: 0 | H25: 0 | I25: 0 | J25: 0 | K25: 0 | L25: 0 | M25: 18 | N25: 0 | O25: =SUM(C25:L25,N25) -> 4 | P25: =SUM(C25:N25) -> 22 | R25: AM Period | S25: =SUM(S10:S12) -> 18 | T25: =SUM(T10:T12) -> 0 | U25: =SUM(U10:U12) -> 16 | V25: =SUM(V10:V12) -> 16 | W25: =SUM(W10:W12) -> 1 | X25: =SUM(X10:X12) -> 0 | Y25: =SUM(Y10:Y12) -> 12 | Z25: =SUM(Z10:Z12) -> 0 | ... AF25: =SUM(AF10:AF12) -> 354
B26: 11.00 - 11.15 | C26: 6 | D26: 0 | E26: 3 | F26: 0 | G26: 0 | H26: 0 | I26: 0 | J26: 0 | K26: 0 | L26: 0 | M26: 28 | N26: 0 | O26: =SUM(C26:L26,N26) -> 9 | P26: =SUM(C26:N26) -> 37 | R26: IP Period | S26: =SUM(S13:S18) -> 89 | T26: =SUM(T13:T18) -> 11 | U26: =SUM(U13:U18) -> 77 | V26: =SUM(V13:V18) -> 60 | W26: =SUM(W13:W18) -> 0 | X26: =SUM(X13:X18) -> 0 | Y26: =SUM(Y13:Y18) -> 21 | Z26: =SUM(Z13:Z18) -> 3 | ... AF26: =SUM(AF13:AF18) -> 908
B27: 11.15 - 11.30 | C27: 3 | D27: 0 | E27: 2 | F27: 3 | G27: 0 | H27: 0 | I27: 1 | J27: 0 | K27: 0 | L27: 0 | M27: 24 | N27: 0 | O27: =SUM(C27:L27,N27) -> 9 | P27: =SUM(C27:N27) -> 33 | R27: PM Period | S27: =SUM(S19:S21) -> 28 | T27: =SUM(T19:T21) -> 3 | U27: =SUM(U19:U21) -> 25 | V27: =SUM(V19:V21) -> 28 | W27: =SUM(W19:W21) -> 3 | X27: =SUM(X19:X21) -> 1 | Y27: =SUM(Y19:Y21) -> 10 | Z27: =SUM(Z19:Z21) -> 2 | ... AF27: =SUM(AF19:AF21) -> 398
B28: 11.30 - 11.45 | C28: 5 | D28: 0 | E28: 3 | F28: 3 | G28: 0 | H28: 0 | I28: 1 | J28: 0 | K28: 0 | L28: 0 | M28: 20 | N28: 0 | O28: =SUM(C28:L28,N28) -> 12 | P28: =SUM(C28:N28) -> 32 | R28: 12 Hours | S28: =SUM(S10:S21) -> 135 | T28: =SUM(T10:T21) -> 14 | U28: =SUM(U10:U21) -> 118 | V28: =SUM(V10:V21) -> 104 | W28: =SUM(W10:W21) -> 4 | X28: =SUM(X10:X21) -> 1 | Y28: =SUM(Y10:Y21) -> 43 | Z28: =SUM(Z10:Z21) -> 5 | ... AF28: =SUM(AF10:AF21) -> 1660
B29: 11.45 - 12.00 | C29: 6 | D29: 0 | E29: 1 | F29: 2 | G29: 0 | H29: 0 | I29: 1 | J29: 0 | K29: 0 | L29: 0 | M29: 25 | N29: 0 | O29: =SUM(C29:L29,N29) -> 10 | P29: =SUM(C29:N29) -> 35
B30: 12.00 - 12.15 | C30: 0 | D30: 1 | E30: 4 | F30: 2 | G30: 0 | H30: 0 | I30: 0 | J30: 0 | K30: 0 | L30: 0 | M30: 32 | N30: 0 | O30: =SUM(C30:L30,N30) -> 7 | P30: =SUM(C30:N30) -> 39
B31: 12.15 - 12.30 | C31: 2 | D31: 2 | E31: 7 | F31: 1 | G31: 0 | H31: 0 | I31: 0 | J31: 0 | K31: 0 | L31: 0 | M31: 26 | N31: 0 | O31: =SUM(C31:L31,N31) -> 12 | P31: =SUM(C31:N31) -> 38
B32: 12.30 - 12.45 | C32: 5 | D32: 0 | E32: 1 | F32: 4 | G32: 0 | H32: 0 | I32: 1 | J32: 0 | K32: 0 | L32: 0 | M32: 32 | N32: 0 | O32: =SUM(C32:L32,N32) -> 11 | P32: =SUM(C32:N32) -> 43
B33: 12.45 - 13.00 | C33: 4 | D33: 0 | E33: 2 | F33: 0 | G33: 0 | H33: 0 | I33: 0 | J33: 0 | K33: 0 | L33: 0 | M33: 34 | N33: 0 | O33: =SUM(C33:L33,N33) -> 6 | P33: =SUM(C33:N33) -> 40
B34: 13.00 - 13.15 | C34: 1 | D34: 0 | E34: 1 | F34: 1 | G34: 0 | H34: 0 | I34: 0 | J34: 0 | K34: 0 | L34: 0 | M34: 35 | N34: 0 | O34: =SUM(C34:L34,N34) -> 3 | P34: =SUM(C34:N34) -> 38
B35: 13.15 - 13.30 | C35: 3 | D35: 1 | E35: 6 | F35: 6 | G35: 0 | H35: 0 | I35: 0 | J35: 0 | K35: 0 | L35: 0 | M35: 27 | N35: 0 | O35: =SUM(C35:L35,N35) -> 16 | P35: =SUM(C35:N35) -> 43
B36: 13.30 - 13.45 | C36: 8 | D36: 2 | E36: 8 | F36: 4 | G36: 0 | H36: 0 | I36: 1 | J36: 1 | K36: 0 | L36: 0 | M36: 32 | N36: 0 | O36: =SUM(C36:L36,N36) -> 24 | P36: =SUM(C36:N36) -> 56
B37: 13.45 - 14.00 | C37: 3 | D37: 0 | E37: 1 | F37: 1 | G37: 0 | H37: 0 | I37: 3 | J37: 0 | K37: 0 | L37: 0 | M37: 24 | N37: 0 | O37: =SUM(C37:L37,N37) -> 8 | P37: =SUM(C37:N37) -> 32
B38: 14.00 - 14.15 | C38: 3 | D38: 1 | E38: 6 | F38: 0 | G38: 0 | H38: 0 | I38: 2 | J38: 0 | K38: 0 | L38: 0 | M38: 30 | N38: 0 | O38: =SUM(C38:L38,N38) -> 12 | P38: =SUM(C38:N38) -> 42
B39: 14.15 - 14.30 | C39: 5 | D39: 0 | E39: 3 | F39: 5 | G39: 0 | H39: 0 | I39: 0 | J39: 0 | K39: 0 | L39: 0 | M39: 35 | N39: 0 | O39: =SUM(C39:L39,N39) -> 13 | P39: =SUM(C39:N39) -> 48
B40: 14.30 - 14.45 | C40: 5 | D40: 1 | E40: 4 | F40: 1 | G40: 0 | H40: 0 | I40: 1 | J40: 0 | K40: 0 | L40: 0 | M40: 16 | N40: 0 | O40: =SUM(C40:L40,N40) -> 12 | P40: =SUM(C40:N40) -> 28
... B57: 18.45 - 19.00 | C57: 3 | D57: 1 | E57: 4 | F57: 6 | G57: 0 | H57: 0 | I57: 1 | J57: 0 | K57: 0 | L57: 0 | M57: 21 | N57: 0 | O57: =SUM(C57:L57,N57) -> 15 | P57: =SUM(C57:N57) -> 36
B58: Totals | C58: =SUM(C10:C57) -> 135 | D58: =SUM(D10:D57) -> 14 | E58: =SUM(E10:E57) -> 118 | F58: =SUM(F10:F57) -> 104 | G58: =SUM(G10:G57) -> 4 | H58: =SUM(H10:H57) -> 1 | I58: =SUM(I10:I57) -> 43 | J58: =SUM(J10:J57) -> 5 | ... P58: =SUM(P10:P57) -> 1660
B59: %ges + MCs | C59: =C58/$P$58 -> 0.081325301 | D59: =D58/$P$58 -> 0.0084337349 | E59: =E58/$P$58 -> 0.071084337 | F59: =F58/$P$58 -> 0.062650602 | G59: =G58/$P$58 -> 0.0024096386 | H59: =H58/$P$58 -> 0.00060240964 | I59: =I58/$P$58 -> 0.025903614 | J59: =J58/$P$58 -> 0.0030120482 | ... N59: =N58/$P$58 -> 0.00060240964
B60: %ges w/o MCs | C60: =C58/$O$58 -> 0.31764706 | D60: =D58/$O$58 -> 0.032941176 | E60: =E58/$O$58 -> 0.27764706 | F60: =F58/$O$58 -> 0.24470588 | G60: =G58/$O$58 -> 0.0094117647 | H60: =H58/$O$58 -> 0.0023529412 | I60: =I58/$O$58 -> 0.10117647 | J60: =J58/$O$58 -> 0.011764706 | ... L60: =L58/$O$58 -> 0 | N60: =N58/$O$58 -> 0.0023529412

Sheet 14.08 Malaba-Tororo
B1: Consultancy services for Preparation of Expressway Development Master Plan (EDMP) for Uganda
B2: MANUAL CLASSIFIED COUNT (MCC)
B3: ROAD NAME: | C3: ='12.08 Malaba-Tororo'!C3:G3 -> MCC - C3b- STN143 - TORORO-MALABA ROAD
C5: Date | D5: 14.08.19 | F5: Location | G5: ='12.08 Malaba-Tororo'!G5:H5 -> xxx | J5: Surveyor | K5: ='12.08 Malaba-Tororo'!K5:L5 -> xxx
C6: Dir. From | D6: ='12.08 Malaba-Tororo'!D6:E6 -> Malaba | F6: Dir. To | G6: ='12.08 Malaba-Tororo'!G6:H6 -> Tororo | J6: Supervisor | K6: ='12.08 Malaba-Tororo'!K6:L6 -> xxx
B8: Time / Veh Type | R8: SUMMARY TRAFFIC VOLUMES
C9: 1. Car | D9: 2. Station Wagon | E9: 3. Pickups | F9: 4. Minibus, matatu | G9: 5. Medium bus | H9: 6. Large Bus | I9: 7. Light Truck | J9: 8. Medium Truck | K9: 9. Heavy truck | L9: 10. Truck Trailer | M9: 11. Motor cycles | N9: 12. Tractors | O9: Total Excl M/Cycles | P9: Total All | R9: Time | S9: 1. Car | T9: 2. Station Wagon | U9: 3. Pickups | V9: 4. Minibus, matatu | W9: 5. Medium bus | X9: 6. Large Bus | Y9: 7. Light Truck | Z9: 8. Medium Truck | AA9: 9. Heavy truck | AB9: 10. Truck Trailer | AC9: 11. Motorcycles | AD9: 12. Tractors, Graders | AE9: Total Excl M/ Cycles | AF9: Total All
B10: 07.00 - 07.15 | C10: 1 | D10: 1 | E10: 6 | F10: 3 | G10: 1 | H10: 0 | I10: 0 | J10: 0 | K10: 0 | L10: 0 | M10: 12 | N10: 0 | O10: =SUM(C10:L10,N10) -> 12 | P10: =SUM(C10:N10) -> 24 | R10: 0700-0800 | S10: =SUM(C10:C13) -> 3 | T10: =SUM(D10:D13) -> 1 | U10: =SUM(E10:E13) -> 9 | V10: =SUM(F10:F13) -> 8 | W10: =SUM(G10:G13) -> 1 | X10: =SUM(H10:H13) -> 1 | Y10: =SUM(I10:I13) -> 2 | Z10: =SUM(J10:J13) -> 0 | ... AF10: =SUM(P10:P13) -> 100
B11: 07.15 - 07.30 | C11: 0 | D11: 0 | E11: 2 | F11: 2 | G11: 0 | H11: 0 | I11: 1 | J11: 0 | K11: 0 | L11: 0 | M11: 22 | N11: 0 | O11: =SUM(C11:L11,N11) -> 5 | P11: =SUM(C11:N11) -> 27 | R11: 0800-0900 | S11: =SUM(C14:C17) -> 6 | T11: =SUM(D14:D17) -> 0 | U11: =SUM(E14:E17) -> 3 | V11: =SUM(F14:F17) -> 8 | W11: =SUM(G14:G17) -> 0 | X11: =SUM(H14:H17) -> 1 | Y11: =SUM(I14:I17) -> 1 | Z11: =SUM(J14:J17) -> 0 | ... AF11: =SUM(P14:P17) -> 132
B12: 07.30 - 07.45 | C12: 0 | D12: 0 | E12: 1 | F12: 2 | G12: 0 | H12: 1 | I12: 0 | J12: 0 | K12: 0 | L12: 0 | M12: 13 | N12: 0 | O12: =SUM(C12:L12,N12) -> 4 | P12: =SUM(C12:N12) -> 17 | R12: 0900-1000 | S12: =SUM(C18:C21) -> 8 | T12: =SUM(D18:D21) -> 1 | U12: =SUM(E18:E21) -> 8 | V12: =SUM(F18:F21) -> 9 | W12: =SUM(G18:G21) -> 0 | X12: =SUM(H18:H21) -> 0 | Y12: =SUM(I18:I21) -> 4 | Z12: =SUM(J18:J21) -> 0 | ... AF12: =SUM(P18:P21) -> 138
B13: 07.45 - 08.00 | C13: 2 | D13: 0 | E13: 0 | F13: 1 | G13: 0 | H13: 0 | I13: 1 | J13: 0 | K13: 0 | L13: 0 | M13: 28 | N13: 0 | O13: =SUM(C13:L13,N13) -> 4 | P13: =SUM(C13:N13) -> 32 | R13: 1000-1100 | S13: =SUM(C22:C25) -> 18 | T13: =SUM(D22:D25) -> 0 | U13: =SUM(E22:E25) -> 9 | V13: =SUM(F22:F25) -> 9 | W13: =SUM(G22:G25) -> 0 | X13: =SUM(H22:H25) -> 0 | Y13: =SUM(I22:I25) -> 4 | Z13: =SUM(J22:J25) -> 3 | ... AF13: =SUM(P22:P25) -> 163
B14: 08.00 - 08.15 | C14: 0 | D14: 0 | E14: 0 | F14: 2 | G14: 0 | H14: 1 | I14: 0 | J14: 0 | K14: 0 | L14: 0 | M14: 23 | N14: 0 | O14: =SUM(C14:L14,N14) -> 3 | P14: =SUM(C14:N14) -> 26 | R14: 1100-1200 | S14: =SUM(C26:C29) -> 9 | T14: =SUM(D26:D29) -> 1 | U14: =SUM(E26:E29) -> 12 | V14: =SUM(F26:F29) -> 12 | W14: =SUM(G26:G29) -> 0 | X14: =SUM(H26:H29) -> 0 | Y14: =SUM(I26:I29) -> 6 | Z14: =SUM(J26:J29) -> 0 | ... AF14: =SUM(P26:P29) -> 177
B15: 08.15 - 08.30 | C15: 0 | D15: 0 | E15: 1 | F15: 1 | G15: 0 | H15: 0 | I15: 0 | J15: 0 | K15: 0 | L15: 0 | M15: 24 | N15: 0 | O15: =SUM(C15:L15,N15) -> 2 | P15: =SUM(C15:N15) -> 26 | R15: 1200-1300 | S15: =SUM(C30:C33) -> 13 | T15: =SUM(D30:D33) -> 2 | U15: =SUM(E30:E33) -> 13 | V15: =SUM(F30:F33) -> 14 | W15: =SUM(G30:G33) -> 0 | X15: =SUM(H30:H33) -> 2 | Y15: =SUM(I30:I33) -> 4 | Z15: =SUM(J30:J33) -> 1 | ... AF15: =SUM(P30:P33) -> 173
B16: 08.30 - 08.45 | C16: 3 | D16: 0 | E16: 1 | F16: 2 | G16: 0 | H16: 0 | I16: 1 | J16: 0 | K16: 0 | L16: 0 | M16: 35 | N16: 0 | O16: =SUM(C16:L16,N16) -> 7 | P16: =SUM(C16:N16) -> 42 | R16: 1300-1400 | S16: =SUM(C34:C37) -> 15 | T16: =SUM(D34:D37) -> 0 | U16: =SUM(E34:E37) -> 8 | V16: =SUM(F34:F37) -> 12 | W16: =SUM(G34:G37) -> 0 | X16: =SUM(H34:H37) -> 0 | Y16: =SUM(I34:I37) -> 4 | Z16: =SUM(J34:J37) -> 0 | ... AF16: =SUM(P34:P37) -> 160
B17: 08.45 - 9.00 | C17: 3 | D17: 0 | E17: 1 | F17: 3 | G17: 0 | H17: 0 | I17: 0 | J17: 0 | K17: 0 | L17: 0 | M17: 31 | N17: 0 | O17: =SUM(C17:L17,N17) -> 7 | P17: =SUM(C17:N17) -> 38 | R17: 1400-1500 | S17: =SUM(C38:C41) -> 11 | T17: =SUM(D38:D41) -> 1 | U17: =SUM(E38:E41) -> 8 | V17: =SUM(F38:F41) -> 5 | W17: =SUM(G38:G41) -> 0 | X17: =SUM(H38:H41) -> 0 | Y17: =SUM(I38:I41) -> 1 | Z17: =SUM(J38:J41) -> 0 | ... AF17: =SUM(P38:P41) -> 123
B18: 09.00 - 09.15 | C18: 4 | D18: 0 | E18: 2 | F18: 2 | G18: 0 | H18: 0 | I18: 0 | J18: 0 | K18: 0 | L18: 0 | M18: 23 | N18: 0 | O18: =SUM(C18:L18,N18) -> 8 | P18: =SUM(C18:N18) -> 31 | R18: 1500-1600 | S18: =SUM(C42:C45) -> 8 | T18: =SUM(D42:D45) -> 2 | U18: =SUM(E42:E45) -> 10 | V18: =SUM(F42:F45) -> 12 | W18: =SUM(G42:G45) -> 1 | X18: =SUM(H42:H45) -> 0 | Y18: =SUM(I42:I45) -> 4 | Z18: =SUM(J42:J45) -> 0 | ... AF18: =SUM(P42:P45) -> 142
B19: 09.15 - 09.30 | C19: 3 | D19: 1 | E19: 4 | F19: 0 | G19: 0 | H19: 0 | I19: 1 | J19: 0 | K19: 0 | L19: 0 | M19: 21 | N19: 0 | O19: =SUM(C19:L19,N19) -> 9 | P19: =SUM(C19:N19) -> 30 | R19: 1600-1700 | S19: =SUM(C46:C49) -> 24 | T19: =SUM(D46:D49) -> 2 | U19: =SUM(E46:E49) -> 10 | V19: =SUM(F46:F49) -> 12 | W19: =SUM(G46:G49) -> 1 | X19: =SUM(H46:H49) -> 0 | Y19: =SUM(I46:I49) -> 7 | Z19: =SUM(J46:J49) -> 3 | ... AF19: =SUM(P46:P49) -> 154
B20: 09.30 - 09.45 | C20: 1 | D20: 0 | E20: 1 | F20: 2 | G20: 0 | H20: 0 | I20: 1 | J20: 0 | K20: 0 | L20: 0 | M20: 31 | N20: 0 | O20: =SUM(C20:L20,N20) -> 5 | P20: =SUM(C20:N20) -> 36 | R20: 1700-1800 | S20: =SUM(C50:C53) -> 7 | T20: =SUM(D50:D53) -> 2 | U20: =SUM(E50:E53) -> 16 | V20: =SUM(F50:F53) -> 14 | W20: =SUM(G50:G53) -> 0 | X20: =SUM(H50:H53) -> 0 | Y20: =SUM(I50:I53) -> 3 | Z20: =SUM(J50:J53) -> 1 | ... AF20: =SUM(P50:P53) -> 136
B21: 09.45 - 10.00 | C21: 0 | D21: 0 | E21: 1 | F21: 5 | G21: 0 | H21: 0 | I21: 2 | J21: 0 | K21: 0 | L21: 0 | M21: 33 | N21: 0 | O21: =SUM(C21:L21,N21) -> 8 | P21: =SUM(C21:N21) -> 41 | R21: 1800-1900 | S21: =SUM(C54:C57) -> 13 | T21: =SUM(D54:D57) -> 1 | U21: =SUM(E54:E57) -> 6 | V21: =SUM(F54:F57) -> 10 | W21: =SUM(G54:G57) -> 0 | X21: =SUM(H54:H57) -> 0 | Y21: =SUM(I54:I57) -> 6 | Z21: =SUM(J54:J57) -> 2 | ... AF21: =SUM(P54:P57) -> 144
B22: 10.00 - 10.15 | C22: 2 | D22: 0 | E22: 1 | F22: 2 | G22: 0 | H22: 0 | I22: 0 | J22: 3 | K22: 0 | L22: 0 | M22: 25 | N22: 0 | O22: =SUM(C22:L22,N22) -> 8 | P22: =SUM(C22:N22) -> 33 | R22: AM Peak Hr | S22: =MAX(S10:S12) -> 8 | T22: =MAX(T10:T12) -> 1 | U22: =MAX(U10:U12) -> 9 | V22: =MAX(V10:V12) -> 9 | W22: =MAX(W10:W12) -> 1 | X22: =MAX(X10:X12) -> 1 | Y22: =MAX(Y10:Y12) -> 4 | Z22: =MAX(Z10:Z12) -> 0 | ... AF22: =MAX(AF10:AF12) -> 138
B23: 10.15 - 10.30 | C23: 4 | D23: 0 | E23: 3 | F23: 2 | G23: 0 | H23: 0 | I23: 1 | J23: 0 | K23: 0 | L23: 0 | M23: 24 | N23: 0 | O23: =SUM(C23:L23,N23) -> 10 | P23: =SUM(C23:N23) -> 34 | R23: IP Peak Hr | S23: =MAX(S13:S18) -> 18 | T23: =MAX(T13:T18) -> 2 | U23: =MAX(U13:U18) -> 13 | V23: =MAX(V13:V18) -> 14 | W23: =MAX(W13:W18) -> 1 | X23: =MAX(X13:X18) -> 2 | Y23: =MAX(Y13:Y18) -> 6 | Z23: =MAX(Z13:Z18) -> 3 | ... AF23: =MAX(AF13:AF18) -> 177
B24: 10.30 - 10.45 | C24: 4 | D24: 0 | E24: 3 | F24: 3 | G24: 0 | H24: 0 | I24: 1 | J24: 0 | K24: 0 | L24: 0 | M24: 26 | N24: 0 | O24: =SUM(C24:L24,N24) -> 11 | P24: =SUM(C24:N24) -> 37 | R24: PM Peak Hr | S24: =MAX(S19:S21) -> 24 | T24: =MAX(T19:T21) -> 2 | U24: =MAX(U19:U21) -> 16 | V24: =MAX(V19:V21) -> 14 | W24: =MAX(W19:W21) -> 1 | X24: =MAX(X19:X21) -> 0 | Y24: =MAX(Y19:Y21) -> 7 | Z24: =MAX(Z19:Z21) -> 3 | ... AF24: =MAX(AF19:AF21) -> 154
B25: 10.45 - 11.00 | C25: 8 | D25: 0 | E25: 2 | F25: 2 | G25: 0 | H25: 0 | I25: 2 | J25: 0 | K25: 0 | L25: 0 | M25: 45 | N25: 0 | O25: =SUM(C25:L25,N25) -> 14 | P25: =SUM(C25:N25) -> 59 | R25: AM Period | S25: =SUM(S10:S12) -> 17 | T25: =SUM(T10:T12) -> 2 | U25: =SUM(U10:U12) -> 20 | V25: =SUM(V10:V12) -> 25 | W25: =SUM(W10:W12) -> 1 | X25: =SUM(X10:X12) -> 2 | Y25: =SUM(Y10:Y12) -> 7 | Z25: =SUM(Z10:Z12) -> 0 | ... AF25: =SUM(AF10:AF12) -> 370
B26: 11.00 - 11.15 | C26: 3 | D26: 0 | E26: 3 | F26: 4 | G26: 0 | H26: 0 | I26: 2 | J26: 0 | K26: 0 | L26: 0 | M26: 35 | N26: 0 | O26: =SUM(C26:L26,N26) -> 12 | P26: =SUM(C26:N26) -> 47 | R26: IP Period | S26: =SUM(S13:S18) -> 74 | T26: =SUM(T13:T18) -> 6 | U26: =SUM(U13:U18) -> 60 | V26: =SUM(V13:V18) -> 64 | W26: =SUM(W13:W18) -> 1 | X26: =SUM(X13:X18) -> 2 | Y26: =SUM(Y13:Y18) -> 23 | Z26: =SUM(Z13:Z18) -> 4 | ... AF26: =SUM(AF13:AF18) -> 938
B27: 11.15 - 11.30 | C27: 0 | D27: 0 | E27: 1 | F27: 4 | G27: 0 | H27: 0 | I27: 0 | J27: 0 | K27: 0 | L27: 0 | M27: 29 | N27: 0 | O27: =SUM(C27:L27,N27) -> 5 | P27: =SUM(C27:N27) -> 34 | R27: PM Period | S27: =SUM(S19:S21) -> 44 | T27: =SUM(T19:T21) -> 5 | U27: =SUM(U19:U21) -> 32 | V27: =SUM(V19:V21) -> 36 | W27: =SUM(W19:W21) -> 1 | X27: =SUM(X19:X21) -> 0 | Y27: =SUM(Y19:Y21) -> 16 | Z27: =SUM(Z19:Z21) -> 6 | ... AF27: =SUM(AF19:AF21) -> 434
B28: 11.30 - 11.45 | C28: 3 | D28: 1 | E28: 6 | F28: 2 | G28: 0 | H28: 0 | I28: 3 | J28: 0 | K28: 0 | L28: 0 | M28: 37 | N28: 0 | O28: =SUM(C28:L28,N28) -> 15 | P28: =SUM(C28:N28) -> 52 | R28: 12 Hours | S28: =SUM(S10:S21) -> 135 | T28: =SUM(T10:T21) -> 13 | U28: =SUM(U10:U21) -> 112 | V28: =SUM(V10:V21) -> 125 | W28: =SUM(W10:W21) -> 3 | X28: =SUM(X10:X21) -> 4 | Y28: =SUM(Y10:Y21) -> 46 | Z28: =SUM(Z10:Z21) -> 10 | ... AF28: =SUM(AF10:AF21) -> 1742
B29: 11.45 - 12.00 | C29: 3 | D29: 0 | E29: 2 | F29: 2 | G29: 0 | H29: 0 | I29: 1 | J29: 0 | K29: 0 | L29: 0 | M29: 36 | N29: 0 | O29: =SUM(C29:L29,N29) -> 8 | P29: =SUM(C29:N29) -> 44
B30: 12.00 - 12.15 | C30: 2 | D30: 1 | E30: 4 | F30: 4 | G30: 0 | H30: 0 | I30: 2 | J30: 1 | K30: 0 | L30: 0 | M30: 35 | N30: 0 | O30: =SUM(C30:L30,N30) -> 14 | P30: =SUM(C30:N30) -> 49
B31: 12.15 - 12.30 | C31: 6 | D31: 0 | E31: 3 | F31: 6 | G31: 0 | H31: 0 | I31: 0 | J31: 0 | K31: 0 | L31: 0 | M31: 29 | N31: 0 | O31: =SUM(C31:L31,N31) -> 15 | P31: =SUM(C31:N31) -> 44
B32: 12.30 - 12.45 | C32: 3 | D32: 1 | E32: 5 | F32: 2 | G32: 0 | H32: 0 | I32: 1 | J32: 0 | K32: 0 | L32: 0 | M32: 23 | N32: 0 | O32: =SUM(C32:L32,N32) -> 12 | P32: =SUM(C32:N32) -> 35
B33: 12.45 - 13.00 | C33: 2 | D33: 0 | E33: 1 | F33: 2 | G33: 0 | H33: 2 | I33: 1 | J33: 0 | K33: 0 | L33: 0 | M33: 37 | N33: 0 | O33: =SUM(C33:L33,N33) -> 8 | P33: =SUM(C33:N33) -> 45
B34: 13.00 - 13.15 | C34: 2 | D34: 0 | E34: 3 | F34: 4 | G34: 0 | H34: 0 | I34: 0 | J34: 0 | K34: 0 | L34: 0 | M34: 31 | N34: 0 | O34: =SUM(C34:L34,N34) -> 9 | P34: =SUM(C34:N34) -> 40
B35: 13.15 - 13.30 | C35: 4 | D35: 0 | E35: 3 | F35: 3 | G35: 0 | H35: 0 | I35: 0 | J35: 0 | K35: 0 | L35: 0 | M35: 34 | N35: 0 | O35: =SUM(C35:L35,N35) -> 10 | P35: =SUM(C35:N35) -> 44
B36: 13.30 - 13.45 | C36: 6 | D36: 0 | E36: 2 | F36: 2 | G36: 0 | H36: 0 | I36: 3 | J36: 0 | K36: 0 | L36: 0 | M36: 27 | N36: 0 | O36: =SUM(C36:L36,N36) -> 13 | P36: =SUM(C36:N36) -> 40
B37: 13.45 - 14.00 | C37: 3 | D37: 0 | E37: 0 | F37: 3 | G37: 0 | H37: 0 | I37: 1 | J37: 0 | K37: 0 | L37: 0 | M37: 29 | N37: 0 | O37: =SUM(C37:L37,N37) -> 7 | P37: =SUM(C37:N37) -> 36
B38: 14.00 - 14.15 | C38: 2 | D38: 0 | E38: 2 | F38: 2 | G38: 0 | H38: 0 | I38: 0 | J38: 0 | K38: 0 | L38: 0 | M38: 24 | N38: 0 | O38: =SUM(C38:L38,N38) -> 6 | P38: =SUM(C38:N38) -> 30
B39: 14.15 - 14.30 | C39: 4 | D39: 0 | E39: 2 | F39: 1 | G39: 0 | H39: 0 | I39: 0 | J39: 0 | K39: 0 | L39: 0 | M39: 30 | N39: 0 | O39: =SUM(C39:L39,N39) -> 7 | P39: =SUM(C39:N39) -> 37
B40: 14.30 - 14.45 | C40: 3 | D40: 0 | E40: 0 | F40: 2 | G40: 0 | H40: 0 | I40: 0 | J40: 0 | K40: 0 | L40: 0 | M40: 16 | N40: 0 | O40: =SUM(C40:L40,N40) -> 5 | P40: =SUM(C40:N40) -> 21
... B57: 18.45 - 19.00 | C57: 7 | D57: 0 | E57: 0 | F57: 2 | G57: 0 | H57: 0 | I57: 2 | J57: 2 | K57: 0 | L57: 0 | M57: 31 | N57: 0 | O57: =SUM(C57:L57,N57) -> 13 | P57: =SUM(C57:N57) -> 44
B58: Totals | C58: =SUM(C10:C57) -> 135 | D58: =SUM(D10:D57) -> 13 | E58: =SUM(E10:E57) -> 112 | F58: =SUM(F10:F57) -> 125 | G58: =SUM(G10:G57) -> 3 | H58: =SUM(H10:H57) -> 4 | I58: =SUM(I10:I57) -> 46 | J58: =SUM(J10:J57) -> 10 | ... P58: =SUM(P10:P57) -> 1742
B59: %ges + MCs | C59: =C58/$P$58 -> 0.07749713 | D59: =D58/$P$58 -> 0.0074626866 | E59: =E58/$P$58 -> 0.064293915 | F59: =F58/$P$58 -> 0.071756602 | G59: =G58/$P$58 -> 0.0017221584 | H59: =H58/$P$58 -> 0.0022962113 | I59: =I58/$P$58 -> 0.026406429 | J59: =J58/$P$58 -> 0.0057405281 | ... N59: =N58/$P$58 -> 0
B60: %ges w/o MCs | C60: =C58/$O$58 -> 0.3 | D60: =D58/$O$58 -> 0.028888889 | E60: =E58/$O$58 -> 0.24888889 | F60: =F58/$O$58 -> 0.27777778 | G60: =G58/$O$58 -> 0.0066666667 | H60: =H58/$O$58 -> 0.0088888889 | I60: =I58/$O$58 -> 0.10222222 | J60: =J58/$O$58 -> 0.022222222 | ... L60: =L58/$O$58 -> 0 | N60: =N58/$O$58 -> 0

Sheet 14.08 Tororo-Malaba
B1: Consultancy services for Preparation of Expressway Development Master Plan (EDMP) for Uganda
B2: MANUAL CLASSIFIED COUNT (MCC)
B3: ROAD NAME: | C3: ='12.08 Tororo-Malaba'!C3:G3 -> MCC - C3b- STN143 - TORORO-MALABA ROAD
C5: Date | D5: ='14.08 Malaba-Tororo'!D5 -> 14.08.19 | F5: Location | G5: ='12.08 Malaba-Tororo'!G5:H5 -> xxx | J5: Surveyor | K5: ='12.08 Malaba-Tororo'!K5:L5 -> xxx
C6: Dir. From | D6: ='12.08 Tororo-Malaba'!D6:E6 -> Tororo | F6: Dir. To | G6: ='12.08 Tororo-Malaba'!G6:H6 -> Malaba | J6: Supervisor | K6: ='12.08 Malaba-Tororo'!K6:L6 -> xxx
B8: Time / Veh Type | R8: SUMMARY TRAFFIC VOLUMES
C9: 1. Car | D9: 2. Station Wagon | E9: 3. Pickups | F9: 4. Minibus, matatu | G9: 5. Medium bus | H9: 6. Large Bus | I9: 7. Light Truck | J9: 8. Medium Truck | K9: 9. Heavy truck | L9: 10. Truck Trailer | M9: 11. Motor cycles | N9: 12. Tractors | O9: Total Excl M/Cycles | P9: Total All | R9: Time | S9: 1. Car | T9: 2. Station Wagon | U9: 3. Pickups | V9: 4. Minibus, matatu | W9: 5. Medium bus | X9: 6. Large Bus | Y9: 7. Light Truck | Z9: 8. Medium Truck | AA9: 9. Heavy truck | AB9: 10. Truck Trailer | AC9: 11. Motorcycles | AD9: 12. Tractors, Graders | AE9: Total Excl M/ Cycles | AF9: Total All
B10: 07.00 - 07.15 | C10: 3 | D10: 0 | E10: 1 | F10: 1 | G10: 0 | H10: 0 | I10: 1 | J10: 0 | K10: 0 | L10: 0 | M10: 9 | N10: 0 | O10: =SUM(C10:L10,N10) -> 6 | P10: =SUM(C10:N10) -> 15 | R10: 0700-0800 | S10: =SUM(C10:C13) -> 9 | T10: =SUM(D10:D13) -> 0 | U10: =SUM(E10:E13) -> 3 | V10: =SUM(F10:F13) -> 6 | W10: =SUM(G10:G13) -> 1 | X10: =SUM(H10:H13) -> 0 | Y10: =SUM(I10:I13) -> 5 | Z10: =SUM(J10:J13) -> 0 | ... AF10: =SUM(P10:P13) -> 83
B11: 07.15 - 07.30 | C11: 1 | D11: 0 | E11: 1 | F11: 3 | G11: 0 | H11: 0 | I11: 2 | J11: 0 | K11: 0 | L11: 0 | M11: 14 | N11: 0 | O11: =SUM(C11:L11,N11) -> 7 | P11: =SUM(C11:N11) -> 21 | R11: 0800-0900 | S11: =SUM(C14:C17) -> 11 | T11: =SUM(D14:D17) -> 1 | U11: =SUM(E14:E17) -> 7 | V11: =SUM(F14:F17) -> 4 | W11: =SUM(G14:G17) -> 0 | X11: =SUM(H14:H17) -> 0 | Y11: =SUM(I14:I17) -> 0 | Z11: =SUM(J14:J17) -> 0 | ... AF11: =SUM(P14:P17) -> 140
B12: 07.30 - 07.45 | C12: 3 | D12: 0 | E12: 0 | F12: 1 | G12: 0 | H12: 0 | I12: 1 | J12: 0 | K12: 0 | L12: 0 | M12: 19 | N12: 0 | O12: =SUM(C12:L12,N12) -> 5 | P12: =SUM(C12:N12) -> 24 | R12: 0900-1000 | S12: =SUM(C18:C21) -> 7 | T12: =SUM(D18:D21) -> 1 | U12: =SUM(E18:E21) -> 9 | V12: =SUM(F18:F21) -> 7 | W12: =SUM(G18:G21) -> 0 | X12: =SUM(H18:H21) -> 0 | Y12: =SUM(I18:I21) -> 4 | Z12: =SUM(J18:J21) -> 0 | ... AF12: =SUM(P18:P21) -> 134
B13: 07.45 - 08.00 | C13: 2 | D13: 0 | E13: 1 | F13: 1 | G13: 1 | H13: 0 | I13: 1 | J13: 0 | K13: 0 | L13: 0 | M13: 17 | N13: 0 | O13: =SUM(C13:L13,N13) -> 6 | P13: =SUM(C13:N13) -> 23 | R13: 1000-1100 | S13: =SUM(C22:C25) -> 11 | T13: =SUM(D22:D25) -> 0 | U13: =SUM(E22:E25) -> 9 | V13: =SUM(F22:F25) -> 8 | W13: =SUM(G22:G25) -> 0 | X13: =SUM(H22:H25) -> 2 | Y13: =SUM(I22:I25) -> 2 | Z13: =SUM(J22:J25) -> 0 | ... AF13: =SUM(P22:P25) -> 131
B14: 08.00 - 08.15 | C14: 5 | D14: 1 | E14: 6 | F14: 2 | G14: 0 | H14: 0 | I14: 0 | J14: 0 | K14: 0 | L14: 0 | M14: 28 | N14: 0 | O14: =SUM(C14:L14,N14) -> 14 | P14: =SUM(C14:N14) -> 42 | R14: 1100-1200 | S14: =SUM(C26:C29) -> 15 | T14: =SUM(D26:D29) -> 0 | U14: =SUM(E26:E29) -> 7 | V14: =SUM(F26:F29) -> 15 | W14: =SUM(G26:G29) -> 0 | X14: =SUM(H26:H29) -> 0 | Y14: =SUM(I26:I29) -> 2 | Z14: =SUM(J26:J29) -> 1 | ... AF14: =SUM(P26:P29) -> 158
B15: 08.15 - 08.30 | C15: 2 | D15: 0 | E15: 0 | F15: 0 | G15: 0 | H15: 0 | I15: 0 | J15: 0 | K15: 0 | L15: 0 | M15: 32 | N15: 0 | O15: =SUM(C15:L15,N15) -> 2 | P15: =SUM(C15:N15) -> 34 | R15: 1200-1300 | S15: =SUM(C30:C33) -> 8 | T15: =SUM(D30:D33) -> 0 | U15: =SUM(E30:E33) -> 8 | V15: =SUM(F30:F33) -> 6 | W15: =SUM(G30:G33) -> 1 | X15: =SUM(H30:H33) -> 0 | Y15: =SUM(I30:I33) -> 2 | Z15: =SUM(J30:J33) -> 0 | ... AF15: =SUM(P30:P33) -> 140
B16: 08.30 - 08.45 | C16: 4 | D16: 0 | E16: 0 | F16: 1 | G16: 0 | H16: 0 | I16: 0 | J16: 0 | K16: 0 | L16: 0 | M16: 27 | N16: 0 | O16: =SUM(C16:L16,N16) -> 5 | P16: =SUM(C16:N16) -> 32 | R16: 1300-1400 | S16: =SUM(C34:C37) -> 14 | T16: =SUM(D34:D37) -> 1 | U16: =SUM(E34:E37) -> 8 | V16: =SUM(F34:F37) -> 11 | W16: =SUM(G34:G37) -> 0 | X16: =SUM(H34:H37) -> 0 | Y16: =SUM(I34:I37) -> 1 | Z16: =SUM(J34:J37) -> 0 | ... AF16: =SUM(P34:P37) -> 144
B17: 08.45 - 9.00 | C17: 0 | D17: 0 | E17: 1 | F17: 1 | G17: 0 | H17: 0 | I17: 0 | J17: 0 | K17: 0 | L17: 0 | M17: 30 | N17: 0 | O17: =SUM(C17:L17,N17) -> 2 | P17: =SUM(C17:N17) -> 32 | R17: 1400-1500 | S17: =SUM(C38:C41) -> 18 | T17: =SUM(D38:D41) -> 1 | U17: =SUM(E38:E41) -> 10 | V17: =SUM(F38:F41) -> 9 | W17: =SUM(G38:G41) -> 0 | X17: =SUM(H38:H41) -> 0 | Y17: =SUM(I38:I41) -> 1 | Z17: =SUM(J38:J41) -> 3 | ... AF17: =SUM(P38:P41) -> 147
B18: 09.00 - 09.15 | C18: 1 | D18: 0 | E18: 1 | F18: 0 | G18: 0 | H18: 0 | I18: 1 | J18: 0 | K18: 0 | L18: 0 | M18: 26 | N18: 0 | O18: =SUM(C18:L18,N18) -> 3 | P18: =SUM(C18:N18) -> 29 | R18: 1500-1600 | S18: =SUM(C42:C45) -> 14 | T18: =SUM(D42:D45) -> 1 | U18: =SUM(E42:E45) -> 10 | V18: =SUM(F42:F45) -> 9 | W18: =SUM(G42:G45) -> 0 | X18: =SUM(H42:H45) -> 0 | Y18: =SUM(I42:I45) -> 3 | Z18: =SUM(J42:J45) -> 0 | ... AF18: =SUM(P42:P45) -> 147
B19: 09.15 - 09.30 | C19: 1 | D19: 0 | E19: 2 | F19: 5 | G19: 0 | H19: 0 | I19: 0 | J19: 0 | K19: 0 | L19: 0 | M19: 30 | N19: 0 | O19: =SUM(C19:L19,N19) -> 8 | P19: =SUM(C19:N19) -> 38 | R19: 1600-1700 | S19: =SUM(C46:C49) -> 6 | T19: =SUM(D46:D49) -> 0 | U19: =SUM(E46:E49) -> 4 | V19: =SUM(F46:F49) -> 12 | W19: =SUM(G46:G49) -> 0 | X19: =SUM(H46:H49) -> 0 | Y19: =SUM(I46:I49) -> 3 | Z19: =SUM(J46:J49) -> 1 | ... AF19: =SUM(P46:P49) -> 151
B20: 09.30 - 09.45 | C20: 2 | D20: 0 | E20: 2 | F20: 2 | G20: 0 | H20: 0 | I20: 1 | J20: 0 | K20: 0 | L20: 0 | M20: 23 | N20: 1 | O20: =SUM(C20:L20,N20) -> 8 | P20: =SUM(C20:N20) -> 31 | R20: 1700-1800 | S20: =SUM(C50:C53) -> 17 | T20: =SUM(D50:D53) -> 1 | U20: =SUM(E50:E53) -> 9 | V20: =SUM(F50:F53) -> 8 | W20: =SUM(G50:G53) -> 0 | X20: =SUM(H50:H53) -> 0 | Y20: =SUM(I50:I53) -> 7 | Z20: =SUM(J50:J53) -> 2 | ... AF20: =SUM(P50:P53) -> 142
B21: 09.45 - 10.00 | C21: 3 | D21: 1 | E21: 4 | F21: 0 | G21: 0 | H21: 0 | I21: 2 | J21: 0 | K21: 0 | L21: 0 | M21: 26 | N21: 0 | O21: =SUM(C21:L21,N21) -> 10 | P21: =SUM(C21:N21) -> 36 | R21: 1800-1900 | S21: =SUM(C54:C57) -> 17 | T21: =SUM(D54:D57) -> 0 | U21: =SUM(E54:E57) -> 4 | V21: =SUM(F54:F57) -> 11 | W21: =SUM(G54:G57) -> 1 | X21: =SUM(H54:H57) -> 0 | Y21: =SUM(I54:I57) -> 3 | Z21: =SUM(J54:J57) -> 0 | ... AF21: =SUM(P54:P57) -> 127
B22: 10.00 - 10.15 | C22: 2 | D22: 0 | E22: 2 | F22: 4 | G22: 0 | H22: 0 | I22: 0 | J22: 0 | K22: 0 | L22: 0 | M22: 24 | N22: 0 | O22: =SUM(C22:L22,N22) -> 8 | P22: =SUM(C22:N22) -> 32 | R22: AM Peak Hr | S22: =MAX(S10:S12) -> 11 | T22: =MAX(T10:T12) -> 1 | U22: =MAX(U10:U12) -> 9 | V22: =MAX(V10:V12) -> 7 | W22: =MAX(W10:W12) -> 1 | X22: =MAX(X10:X12) -> 0 | Y22: =MAX(Y10:Y12) -> 5 | Z22: =MAX(Z10:Z12) -> 0 | ... AF22: =MAX(AF10:AF12) -> 140
B23: 10.15 - 10.30 | C23: 3 | D23: 0 | E23: 1 | F23: 1 | G23: 0 | H23: 0 | I23: 1 | J23: 0 | K23: 0 | L23: 0 | M23: 21 | N23: 0 | O23: =SUM(C23:L23,N23) -> 6 | P23: =SUM(C23:N23) -> 27 | R23: IP Peak Hr | S23: =MAX(S13:S18) -> 18 | T23: =MAX(T13:T18) -> 1 | U23: =MAX(U13:U18) -> 10 | V23: =MAX(V13:V18) -> 15 | W23: =MAX(W13:W18) -> 1 | X23: =MAX(X13:X18) -> 2 | Y23: =MAX(Y13:Y18) -> 3 | Z23: =MAX(Z13:Z18) -> 3 | ... AF23: =MAX(AF13:AF18) -> 158
B24: 10.30 - 10.45 | C24: 4 | D24: 0 | E24: 3 | F24: 2 | G24: 0 | H24: 0 | I24: 1 | J24: 0 | K24: 0 | L24: 0 | M24: 21 | N24: 0 | O24: =SUM(C24:L24,N24) -> 10 | P24: =SUM(C24:N24) -> 31 | R24: PM Peak Hr | S24: =MAX(S19:S21) -> 17 | T24: =MAX(T19:T21) -> 1 | U24: =MAX(U19:U21) -> 9 | V24: =MAX(V19:V21) -> 12 | W24: =MAX(W19:W21) -> 1 | X24: =MAX(X19:X21) -> 0 | Y24: =MAX(Y19:Y21) -> 7 | Z24: =MAX(Z19:Z21) -> 2 | ... AF24: =MAX(AF19:AF21) -> 151
B25: 10.45 - 11.00 | C25: 2 | D25: 0 | E25: 3 | F25: 1 | G25: 0 | H25: 2 | I25: 0 | J25: 0 | K25: 0 | L25: 0 | M25: 33 | N25: 0 | O25: =SUM(C25:L25,N25) -> 8 | P25: =SUM(C25:N25) -> 41 | R25: AM Period | S25: =SUM(S10:S12) -> 27 | T25: =SUM(T10:T12) -> 2 | U25: =SUM(U10:U12) -> 19 | V25: =SUM(V10:V12) -> 17 | W25: =SUM(W10:W12) -> 1 | X25: =SUM(X10:X12) -> 0 | Y25: =SUM(Y10:Y12) -> 9 | Z25: =SUM(Z10:Z12) -> 0 | ... AF25: =SUM(AF10:AF12) -> 357
B26: 11.00 - 11.15 | C26: 5 | D26: 0 | E26: 2 | F26: 3 | G26: 0 | H26: 0 | I26: 0 | J26: 0 | K26: 0 | L26: 0 | M26: 26 | N26: 0 | O26: =SUM(C26:L26,N26) -> 10 | P26: =SUM(C26:N26) -> 36 | R26: IP Period | S26: =SUM(S13:S18) -> 80 | T26: =SUM(T13:T18) -> 3 | U26: =SUM(U13:U18) -> 52 | V26: =SUM(V13:V18) -> 58 | W26: =SUM(W13:W18) -> 1 | X26: =SUM(X13:X18) -> 2 | Y26: =SUM(Y13:Y18) -> 11 | Z26: =SUM(Z13:Z18) -> 4 | ... AF26: =SUM(AF13:AF18) -> 867
B27: 11.15 - 11.30 | C27: 4 | D27: 0 | E27: 2 | F27: 5 | G27: 0 | H27: 0 | I27: 1 | J27: 0 | K27: 0 | L27: 0 | M27: 27 | N27: 0 | O27: =SUM(C27:L27,N27) -> 12 | P27: =SUM(C27:N27) -> 39 | R27: PM Period | S27: =SUM(S19:S21) -> 40 | T27: =SUM(T19:T21) -> 1 | U27: =SUM(U19:U21) -> 17 | V27: =SUM(V19:V21) -> 31 | W27: =SUM(W19:W21) -> 1 | X27: =SUM(X19:X21) -> 0 | Y27: =SUM(Y19:Y21) -> 13 | Z27: =SUM(Z19:Z21) -> 3 | ... AF27: =SUM(AF19:AF21) -> 420
B28: 11.30 - 11.45 | C28: 3 | D28: 0 | E28: 1 | F28: 4 | G28: 0 | H28: 0 | I28: 1 | J28: 0 | K28: 0 | L28: 0 | M28: 38 | N28: 0 | O28: =SUM(C28:L28,N28) -> 9 | P28: =SUM(C28:N28) -> 47 | R28: 12 Hours | S28: =SUM(S10:S21) -> 147 | T28: =SUM(T10:T21) -> 6 | U28: =SUM(U10:U21) -> 88 | V28: =SUM(V10:V21) -> 106 | W28: =SUM(W10:W21) -> 3 | X28: =SUM(X10:X21) -> 2 | Y28: =SUM(Y10:Y21) -> 33 | Z28: =SUM(Z10:Z21) -> 7 | ... AF28: =SUM(AF10:AF21) -> 1644
B29: 11.45 - 12.00 | C29: 3 | D29: 0 | E29: 2 | F29: 3 | G29: 0 | H29: 0 | I29: 0 | J29: 1 | K29: 0 | L29: 0 | M29: 27 | N29: 0 | O29: =SUM(C29:L29,N29) -> 9 | P29: =SUM(C29:N29) -> 36
B30: 12.00 - 12.15 | C30: 4 | D30: 0 | E30: 3 | F30: 1 | G30: 0 | H30: 0 | I30: 0 | J30: 0 | K30: 0 | L30: 0 | M30: 29 | N30: 0 | O30: =SUM(C30:L30,N30) -> 8 | P30: =SUM(C30:N30) -> 37
B31: 12.15 - 12.30 | C31: 1 | D31: 0 | E31: 3 | F31: 1 | G31: 1 | H31: 0 | I31: 1 | J31: 0 | K31: 0 | L31: 0 | M31: 25 | N31: 0 | O31: =SUM(C31:L31,N31) -> 7 | P31: =SUM(C31:N31) -> 32
B32: 12.30 - 12.45 | C32: 1 | D32: 0 | E32: 2 | F32: 2 | G32: 0 | H32: 0 | I32: 0 | J32: 0 | K32: 0 | L32: 0 | M32: 36 | N32: 0 | O32: =SUM(C32:L32,N32) -> 5 | P32: =SUM(C32:N32) -> 41
B33: 12.45 - 13.00 | C33: 2 | D33: 0 | E33: 0 | F33: 2 | G33: 0 | H33: 0 | I33: 1 | J33: 0 | K33: 0 | L33: 0 | M33: 25 | N33: 0 | O33: =SUM(C33:L33,N33) -> 5 | P33: =SUM(C33:N33) -> 30
B34: 13.00 - 13.15 | C34: 1 | D34: 0 | E34: 2 | F34: 3 | G34: 0 | H34: 0 | I34: 0 | J34: 0 | K34: 0 | L34: 0 | M34: 19 | N34: 0 | O34: =SUM(C34:L34,N34) -> 6 | P34: =SUM(C34:N34) -> 25
B35: 13.15 - 13.30 | C35: 5 | D35: 1 | E35: 4 | F35: 1 | G35: 0 | H35: 0 | I35: 0 | J35: 0 | K35: 0 | L35: 0 | M35: 37 | N35: 0 | O35: =SUM(C35:L35,N35) -> 11 | P35: =SUM(C35:N35) -> 48
B36: 13.30 - 13.45 | C36: 6 | D36: 0 | E36: 1 | F36: 4 | G36: 0 | H36: 0 | I36: 0 | J36: 0 | K36: 0 | L36: 0 | M36: 21 | N36: 0 | O36: =SUM(C36:L36,N36) -> 11 | P36: =SUM(C36:N36) -> 32
B37: 13.45 - 14.00 | C37: 2 | D37: 0 | E37: 1 | F37: 3 | G37: 0 | H37: 0 | I37: 1 | J37: 0 | K37: 0 | L37: 0 | M37: 32 | N37: 0 | O37: =SUM(C37:L37,N37) -> 7 | P37: =SUM(C37:N37) -> 39
B38: 14.00 - 14.15 | C38: 4 | D38: 1 | E38: 4 | F38: 3 | G38: 0 | H38: 0 | I38: 0 | J38: 2 | K38: 0 | L38: 0 | M38: 21 | N38: 0 | O38: =SUM(C38:L38,N38) -> 14 | P38: =SUM(C38:N38) -> 35
B39: 14.15 - 14.30 | C39: 9 | D39: 0 | E39: 2 | F39: 3 | G39: 0 | H39: 0 | I39: 0 | J39: 0 | K39: 0 | L39: 0 | M39: 28 | N39: 0 | O39: =SUM(C39:L39,N39) -> 14 | P39: =SUM(C39:N39) -> 42
B40: 14.30 - 14.45 | C40: 3 | D40: 0 | E40: 2 | F40: 2 | G40: 0 | H40: 0 | I40: 1 | J40: 0 | K40: 0 | L40: 0 | M40: 28 | N40: 0 | O40: =SUM(C40:L40,N40) -> 8 | P40: =SUM(C40:N40) -> 36
... B57: 18.45 - 19.00 | C57: 4 | D57: 0 | E57: 0 | F57: 1 | G57: 0 | H57: 0 | I57: 3 | J57: 0 | K57: 0 | L57: 0 | M57: 20 | N57: 0 | O57: =SUM(C57:L57,N57) -> 8 | P57: =SUM(C57:N57) -> 28
B58: Totals | C58: =SUM(C10:C57) -> 147 | D58: =SUM(D10:D57) -> 6 | E58: =SUM(E10:E57) -> 88 | F58: =SUM(F10:F57) -> 106 | G58: =SUM(G10:G57) -> 3 | H58: =SUM(H10:H57) -> 2 | I58: =SUM(I10:I57) -> 33 | J58: =SUM(J10:J57) -> 7 | ... P58: =SUM(P10:P57) -> 1644
B59: %ges + MCs | C59: =C58/$P$58 -> 0.089416058 | D59: =D58/$P$58 -> 0.003649635 | E59: =E58/$P$58 -> 0.053527981 | F59: =F58/$P$58 -> 0.064476886 | G59: =G58/$P$58 -> 0.0018248175 | H59: =H58/$P$58 -> 0.001216545 | I59: =I58/$P$58 -> 0.020072993 | J59: =J58/$P$58 -> 0.0042579075 | ... N59: =N58/$P$58 -> 0.00060827251
B60: %ges w/o MCs | C60: =C58/$O$58 -> 0.3740458 | D60: =D58/$O$58 -> 0.015267176 | E60: =E58/$O$58 -> 0.22391858 | F60: =F58/$O$58 -> 0.2697201 | G60: =G58/$O$58 -> 0.0076335878 | H60: =H58/$O$58 -> 0.0050890585 | I60: =I58/$O$58 -> 0.083969466 | J60: =J58/$O$58 -> 0.017811705 | ... L60: =L58/$O$58 -> 0 | N60: =N58/$O$58 -> 0.0025445293

Sheet 15.08 Malaba-Tororo
B1: Consultancy services for Preparation of Expressway Development Master Plan (EDMP) for Uganda
B2: MANUAL CLASSIFIED COUNT (MCC)
B3: ROAD NAME: | C3: ='12.08 Malaba-Tororo'!C3:G3 -> MCC - C3b- STN143 - TORORO-MALABA ROAD
C5: Date | D5: 15.08.19 | F5: Location | G5: ='14.08 Tororo-Malaba'!G5:H5 -> xxx | J5: Surveyor | K5: ='14.08 Tororo-Malaba'!K5:L5 -> xxx
C6: Dir. From | D6: ='12.08 Malaba-Tororo'!D6:E6 -> Malaba | F6: Dir. To | G6: ='12.08 Malaba-Tororo'!G6:H6 -> Tororo | J6: Supervisor | K6: ='14.08 Tororo-Malaba'!K6:L6 -> xxx
B8: Time / Veh Type | R8: SUMMARY TRAFFIC VOLUMES
C9: 1. Car | D9: 2. Station Wagon | E9: 3. Pickups | F9: 4. Minibus, matatu | G9: 5. Medium bus | H9: 6. Large Bus | I9: 7. Light Truck | J9: 8. Medium Truck | K9: 9. Heavy truck | L9: 10. Truck Trailer | M9: 11. Motor cycles | N9: 12. Tractors | O9: Total Excl M/Cycles | P9: Total All | R9: Time | S9: 1. Car | T9: 2. Station Wagon | U9: 3. Pickups | V9: 4. Minibus, matatu | W9: 5. Medium bus | X9: 6. Large Bus | Y9: 7. Light Truck | Z9: 8. Medium Truck | AA9: 9. Heavy truck | AB9: 10. Truck Trailer | AC9: 11. Motorcycles | AD9: 12. Tractors, Graders | AE9: Total Excl M/ Cycles | AF9: Total All
B10: 07.00 - 07.15 | C10: 1 | D10: 1 | E10: 4 | F10: 2 | G10: 1 | H10: 1 | I10: 0 | J10: 0 | K10: 0 | L10: 0 | M10: 14 | N10: 0 | O10: =SUM(C10:L10,N10) -> 10 | P10: =SUM(C10:N10) -> 24 | R10: 0700-0800 | S10: =SUM(C10:C13) -> 5 | T10: =SUM(D10:D13) -> 1 | U10: =SUM(E10:E13) -> 7 | V10: =SUM(F10:F13) -> 7 | W10: =SUM(G10:G13) -> 1 | X10: =SUM(H10:H13) -> 3 | Y10: =SUM(I10:I13) -> 3 | Z10: =SUM(J10:J13) -> 0 | ... AF10: =SUM(P10:P13) -> 100
B11: 07.15 - 07.30 | C11: 1 | D11: 0 | E11: 1 | F11: 2 | G11: 0 | H11: 1 | I11: 1 | J11: 0 | K11: 0 | L11: 0 | M11: 21 | N11: 0 | O11: =SUM(C11:L11,N11) -> 6 | P11: =SUM(C11:N11) -> 27 | R11: 0800-0900 | S11: =SUM(C14:C17) -> 7 | T11: =SUM(D14:D17) -> 0 | U11: =SUM(E14:E17) -> 6 | V11: =SUM(F14:F17) -> 9 | W11: =SUM(G14:G17) -> 0 | X11: =SUM(H14:H17) -> 2 | Y11: =SUM(I14:I17) -> 4 | Z11: =SUM(J14:J17) -> 0 | ... AF11: =SUM(P14:P17) -> 133
B12: 07.30 - 07.45 | C12: 1 | D12: 0 | E12: 1 | F12: 2 | G12: 0 | H12: 1 | I12: 1 | J12: 0 | K12: 0 | L12: 0 | M12: 13 | N12: 0 | O12: =SUM(C12:L12,N12) -> 6 | P12: =SUM(C12:N12) -> 19 | R12: 0900-1000 | S12: =SUM(C18:C21) -> 11 | T12: =SUM(D18:D21) -> 1 | U12: =SUM(E18:E21) -> 8 | V12: =SUM(F18:F21) -> 9 | W12: =SUM(G18:G21) -> 0 | X12: =SUM(H18:H21) -> 0 | Y12: =SUM(I18:I21) -> 5 | Z12: =SUM(J18:J21) -> 0 | ... AF12: =SUM(P18:P21) -> 147
B13: 07.45 - 08.00 | C13: 2 | D13: 0 | E13: 1 | F13: 1 | G13: 0 | H13: 0 | I13: 1 | J13: 0 | K13: 0 | L13: 0 | M13: 25 | N13: 0 | O13: =SUM(C13:L13,N13) -> 5 | P13: =SUM(C13:N13) -> 30 | R13: 1000-1100 | S13: =SUM(C22:C25) -> 16 | T13: =SUM(D22:D25) -> 1 | U13: =SUM(E22:E25) -> 11 | V13: =SUM(F22:F25) -> 10 | W13: =SUM(G22:G25) -> 2 | X13: =SUM(H22:H25) -> 0 | Y13: =SUM(I22:I25) -> 5 | Z13: =SUM(J22:J25) -> 11 | ... AF13: =SUM(P22:P25) -> 181
B14: 08.00 - 08.15 | C14: 1 | D14: 0 | E14: 2 | F14: 2 | G14: 0 | H14: 1 | I14: 1 | J14: 0 | K14: 0 | L14: 0 | M14: 22 | N14: 0 | O14: =SUM(C14:L14,N14) -> 7 | P14: =SUM(C14:N14) -> 29 | R14: 1100-1200 | S14: =SUM(C26:C29) -> 10 | T14: =SUM(D26:D29) -> 1 | U14: =SUM(E26:E29) -> 12 | V14: =SUM(F26:F29) -> 11 | W14: =SUM(G26:G29) -> 0 | X14: =SUM(H26:H29) -> 0 | Y14: =SUM(I26:I29) -> 9 | Z14: =SUM(J26:J29) -> 0 | ... AF14: =SUM(P26:P29) -> 162
B15: 08.15 - 08.30 | C15: 2 | D15: 0 | E15: 1 | F15: 2 | G15: 0 | H15: 0 | I15: 1 | J15: 0 | K15: 0 | L15: 0 | M15: 24 | N15: 0 | O15: =SUM(C15:L15,N15) -> 6 | P15: =SUM(C15:N15) -> 30 | R15: 1200-1300 | S15: =SUM(C30:C33) -> 11 | T15: =SUM(D30:D33) -> 1 | U15: =SUM(E30:E33) -> 11 | V15: =SUM(F30:F33) -> 11 | W15: =SUM(G30:G33) -> 0 | X15: =SUM(H30:H33) -> 1 | Y15: =SUM(I30:I33) -> 6 | Z15: =SUM(J30:J33) -> 1 | ... AF15: =SUM(P30:P33) -> 157
B16: 08.30 - 08.45 | C16: 2 | D16: 0 | E16: 2 | F16: 2 | G16: 0 | H16: 1 | I16: 1 | J16: 0 | K16: 0 | L16: 0 | M16: 28 | N16: 0 | O16: =SUM(C16:L16,N16) -> 8 | P16: =SUM(C16:N16) -> 36 | R16: 1300-1400 | S16: =SUM(C34:C37) -> 13 | T16: =SUM(D34:D37) -> 2 | U16: =SUM(E34:E37) -> 14 | V16: =SUM(F34:F37) -> 13 | W16: =SUM(G34:G37) -> 0 | X16: =SUM(H34:H37) -> 0 | Y16: =SUM(I34:I37) -> 7 | Z16: =SUM(J34:J37) -> 2 | ... AF16: =SUM(P34:P37) -> 163
B17: 08.45 - 9.00 | C17: 2 | D17: 0 | E17: 1 | F17: 3 | G17: 0 | H17: 0 | I17: 1 | J17: 0 | K17: 0 | L17: 0 | M17: 31 | N17: 0 | O17: =SUM(C17:L17,N17) -> 7 | P17: =SUM(C17:N17) -> 38 | R17: 1400-1500 | S17: =SUM(C38:C41) -> 9 | T17: =SUM(D38:D41) -> 1 | U17: =SUM(E38:E41) -> 12 | V17: =SUM(F38:F41) -> 9 | W17: =SUM(G38:G41) -> 0 | X17: =SUM(H38:H41) -> 0 | Y17: =SUM(I38:I41) -> 3 | Z17: =SUM(J38:J41) -> 3 | ... AF17: =SUM(P38:P41) -> 135
B18: 09.00 - 09.15 | C18: 5 | D18: 0 | E18: 1 | F18: 2 | G18: 0 | H18: 0 | I18: 0 | J18: 0 | K18: 0 | L18: 0 | M18: 25 | N18: 0 | O18: =SUM(C18:L18,N18) -> 8 | P18: =SUM(C18:N18) -> 33 | R18: 1500-1600 | S18: =SUM(C42:C45) -> 11 | T18: =SUM(D42:D45) -> 0 | U18: =SUM(E42:E45) -> 11 | V18: =SUM(F42:F45) -> 10 | W18: =SUM(G42:G45) -> 1 | X18: =SUM(H42:H45) -> 0 | Y18: =SUM(I42:I45) -> 5 | Z18: =SUM(J42:J45) -> 1 | ... AF18: =SUM(P42:P45) -> 149
B19: 09.15 - 09.30 | C19: 3 | D19: 1 | E19: 4 | F19: 0 | G19: 0 | H19: 0 | I19: 1 | J19: 0 | K19: 0 | L19: 0 | M19: 22 | N19: 0 | O19: =SUM(C19:L19,N19) -> 9 | P19: =SUM(C19:N19) -> 31 | R19: 1600-1700 | S19: =SUM(C46:C49) -> 19 | T19: =SUM(D46:D49) -> 3 | U19: =SUM(E46:E49) -> 13 | V19: =SUM(F46:F49) -> 13 | W19: =SUM(G46:G49) -> 2 | X19: =SUM(H46:H49) -> 0 | Y19: =SUM(I46:I49) -> 7 | Z19: =SUM(J46:J49) -> 2 | ... AF19: =SUM(P46:P49) -> 162
B20: 09.30 - 09.45 | C20: 2 | D20: 0 | E20: 2 | F20: 3 | G20: 0 | H20: 0 | I20: 2 | J20: 0 | K20: 0 | L20: 0 | M20: 36 | N20: 0 | O20: =SUM(C20:L20,N20) -> 9 | P20: =SUM(C20:N20) -> 45 | R20: 1700-1800 | S20: =SUM(C50:C53) -> 10 | T20: =SUM(D50:D53) -> 3 | U20: =SUM(E50:E53) -> 17 | V20: =SUM(F50:F53) -> 15 | W20: =SUM(G50:G53) -> 1 | X20: =SUM(H50:H53) -> 0 | Y20: =SUM(I50:I53) -> 4 | Z20: =SUM(J50:J53) -> 1 | ... AF20: =SUM(P50:P53) -> 144
B21: 09.45 - 10.00 | C21: 1 | D21: 0 | E21: 1 | F21: 4 | G21: 0 | H21: 0 | I21: 2 | J21: 0 | K21: 0 | L21: 0 | M21: 30 | N21: 0 | O21: =SUM(C21:L21,N21) -> 8 | P21: =SUM(C21:N21) -> 38 | R21: 1800-1900 | S21: =SUM(C54:C57) -> 20 | T21: =SUM(D54:D57) -> 1 | U21: =SUM(E54:E57) -> 12 | V21: =SUM(F54:F57) -> 10 | W21: =SUM(G54:G57) -> 0 | X21: =SUM(H54:H57) -> 0 | Y21: =SUM(I54:I57) -> 7 | Z21: =SUM(J54:J57) -> 3 | ... AF21: =SUM(P54:P57) -> 166
B22: 10.00 - 10.15 | C22: 2 | D22: 0 | E22: 2 | F22: 2 | G22: 0 | H22: 0 | I22: 1 | J22: 2 | K22: 0 | L22: 0 | M22: 32 | N22: 0 | O22: =SUM(C22:L22,N22) -> 9 | P22: =SUM(C22:N22) -> 41 | R22: AM Peak Hr | S22: =MAX(S10:S12) -> 11 | T22: =MAX(T10:T12) -> 1 | U22: =MAX(U10:U12) -> 8 | V22: =MAX(V10:V12) -> 9 | W22: =MAX(W10:W12) -> 1 | X22: =MAX(X10:X12) -> 3 | Y22: =MAX(Y10:Y12) -> 5 | Z22: =MAX(Z10:Z12) -> 0 | ... AF22: =MAX(AF10:AF12) -> 147
B23: 10.15 - 10.30 | C23: 5 | D23: 0 | E23: 3 | F23: 3 | G23: 0 | H23: 0 | I23: 1 | J23: 0 | K23: 0 | L23: 0 | M23: 33 | N23: 0 | O23: =SUM(C23:L23,N23) -> 12 | P23: =SUM(C23:N23) -> 45 | R23: IP Peak Hr | S23: =MAX(S13:S18) -> 16 | T23: =MAX(T13:T18) -> 2 | U23: =MAX(U13:U18) -> 14 | V23: =MAX(V13:V18) -> 13 | W23: =MAX(W13:W18) -> 2 | X23: =MAX(X13:X18) -> 1 | Y23: =MAX(Y13:Y18) -> 9 | Z23: =MAX(Z13:Z18) -> 11 | ... AF23: =MAX(AF13:AF18) -> 181
B24: 10.30 - 10.45 | C24: 4 | D24: 0 | E24: 2 | F24: 3 | G24: 1 | H24: 0 | I24: 1 | J24: 9 | K24: 0 | L24: 0 | M24: 26 | N24: 0 | O24: =SUM(C24:L24,N24) -> 20 | P24: =SUM(C24:N24) -> 46 | R24: PM Peak Hr | S24: =MAX(S19:S21) -> 20 | T24: =MAX(T19:T21) -> 3 | U24: =MAX(U19:U21) -> 17 | V24: =MAX(V19:V21) -> 15 | W24: =MAX(W19:W21) -> 2 | X24: =MAX(X19:X21) -> 0 | Y24: =MAX(Y19:Y21) -> 7 | Z24: =MAX(Z19:Z21) -> 3 | ... AF24: =MAX(AF19:AF21) -> 166
B25: 10.45 - 11.00 | C25: 5 | D25: 1 | E25: 4 | F25: 2 | G25: 1 | H25: 0 | I25: 2 | J25: 0 | K25: 0 | L25: 0 | M25: 34 | N25: 0 | O25: =SUM(C25:L25,N25) -> 15 | P25: =SUM(C25:N25) -> 49 | R25: AM Period | S25: =SUM(S10:S12) -> 23 | T25: =SUM(T10:T12) -> 2 | U25: =SUM(U10:U12) -> 21 | V25: =SUM(V10:V12) -> 25 | W25: =SUM(W10:W12) -> 1 | X25: =SUM(X10:X12) -> 5 | Y25: =SUM(Y10:Y12) -> 12 | Z25: =SUM(Z10:Z12) -> 0 | ... AF25: =SUM(AF10:AF12) -> 380
B26: 11.00 - 11.15 | C26: 4 | D26: 0 | E26: 3 | F26: 3 | G26: 0 | H26: 0 | I26: 3 | J26: 0 | K26: 0 | L26: 0 | M26: 33 | N26: 0 | O26: =SUM(C26:L26,N26) -> 13 | P26: =SUM(C26:N26) -> 46 | R26: IP Period | S26: =SUM(S13:S18) -> 70 | T26: =SUM(T13:T18) -> 6 | U26: =SUM(U13:U18) -> 71 | V26: =SUM(V13:V18) -> 64 | W26: =SUM(W13:W18) -> 3 | X26: =SUM(X13:X18) -> 1 | Y26: =SUM(Y13:Y18) -> 35 | Z26: =SUM(Z13:Z18) -> 18 | ... AF26: =SUM(AF13:AF18) -> 947
B27: 11.15 - 11.30 | C27: 1 | D27: 0 | E27: 1 | F27: 4 | G27: 0 | H27: 0 | I27: 1 | J27: 0 | K27: 0 | L27: 0 | M27: 23 | N27: 0 | O27: =SUM(C27:L27,N27) -> 7 | P27: =SUM(C27:N27) -> 30 | R27: PM Period | S27: =SUM(S19:S21) -> 49 | T27: =SUM(T19:T21) -> 7 | U27: =SUM(U19:U21) -> 42 | V27: =SUM(V19:V21) -> 38 | W27: =SUM(W19:W21) -> 3 | X27: =SUM(X19:X21) -> 0 | Y27: =SUM(Y19:Y21) -> 18 | Z27: =SUM(Z19:Z21) -> 6 | ... AF27: =SUM(AF19:AF21) -> 472
B28: 11.30 - 11.45 | C28: 2 | D28: 1 | E28: 5 | F28: 2 | G28: 0 | H28: 0 | I28: 2 | J28: 0 | K28: 0 | L28: 0 | M28: 34 | N28: 0 | O28: =SUM(C28:L28,N28) -> 12 | P28: =SUM(C28:N28) -> 46 | R28: 12 Hours | S28: =SUM(S10:S21) -> 142 | T28: =SUM(T10:T21) -> 15 | U28: =SUM(U10:U21) -> 134 | V28: =SUM(V10:V21) -> 127 | W28: =SUM(W10:W21) -> 7 | X28: =SUM(X10:X21) -> 6 | Y28: =SUM(Y10:Y21) -> 65 | Z28: =SUM(Z10:Z21) -> 24 | ... AF28: =SUM(AF10:AF21) -> 1799
B29: 11.45 - 12.00 | C29: 3 | D29: 0 | E29: 3 | F29: 2 | G29: 0 | H29: 0 | I29: 3 | J29: 0 | K29: 0 | L29: 0 | M29: 29 | N29: 0 | O29: =SUM(C29:L29,N29) -> 11 | P29: =SUM(C29:N29) -> 40
B30: 12.00 - 12.15 | C30: 2 | D30: 0 | E30: 3 | F30: 3 | G30: 0 | H30: 0 | I30: 3 | J30: 1 | K30: 0 | L30: 0 | M30: 27 | N30: 0 | O30: =SUM(C30:L30,N30) -> 12 | P30: =SUM(C30:N30) -> 39
B31: 12.15 - 12.30 | C31: 4 | D31: 0 | E31: 3 | F31: 4 | G31: 0 | H31: 0 | I31: 1 | J31: 0 | K31: 0 | L31: 0 | M31: 26 | N31: 0 | O31: =SUM(C31:L31,N31) -> 12 | P31: =SUM(C31:N31) -> 38
B32: 12.30 - 12.45 | C32: 3 | D32: 1 | E32: 4 | F32: 2 | G32: 0 | H32: 0 | I32: 1 | J32: 0 | K32: 0 | L32: 0 | M32: 29 | N32: 0 | O32: =SUM(C32:L32,N32) -> 11 | P32: =SUM(C32:N32) -> 40
B33: 12.45 - 13.00 | C33: 2 | D33: 0 | E33: 1 | F33: 2 | G33: 0 | H33: 1 | I33: 1 | J33: 0 | K33: 0 | L33: 0 | M33: 33 | N33: 0 | O33: =SUM(C33:L33,N33) -> 7 | P33: =SUM(C33:N33) -> 40
B34: 13.00 - 13.15 | C34: 3 | D34: 1 | E34: 4 | F34: 4 | G34: 0 | H34: 0 | I34: 1 | J34: 1 | K34: 0 | L34: 0 | M34: 24 | N34: 0 | O34: =SUM(C34:L34,N34) -> 14 | P34: =SUM(C34:N34) -> 38
B35: 13.15 - 13.30 | C35: 4 | D35: 0 | E35: 3 | F35: 3 | G35: 0 | H35: 0 | I35: 0 | J35: 0 | K35: 1 | L35: 0 | M35: 32 | N35: 0 | O35: =SUM(C35:L35,N35) -> 11 | P35: =SUM(C35:N35) -> 43
B36: 13.30 - 13.45 | C36: 4 | D36: 1 | E36: 5 | F36: 3 | G36: 0 | H36: 0 | I36: 4 | J36: 0 | K36: 0 | L36: 0 | M36: 22 | N36: 0 | O36: =SUM(C36:L36,N36) -> 17 | P36: =SUM(C36:N36) -> 39
B37: 13.45 - 14.00 | C37: 2 | D37: 0 | E37: 2 | F37: 3 | G37: 0 | H37: 0 | I37: 2 | J37: 1 | K37: 0 | L37: 0 | M37: 33 | N37: 0 | O37: =SUM(C37:L37,N37) -> 10 | P37: =SUM(C37:N37) -> 43
B38: 14.00 - 14.15 | C38: 2 | D38: 0 | E38: 3 | F38: 3 | G38: 0 | H38: 0 | I38: 1 | J38: 1 | K38: 0 | L38: 0 | M38: 25 | N38: 0 | O38: =SUM(C38:L38,N38) -> 10 | P38: =SUM(C38:N38) -> 35
B39: 14.15 - 14.30 | C39: 2 | D39: 0 | E39: 3 | F39: 1 | G39: 0 | H39: 0 | I39: 0 | J39: 1 | K39: 0 | L39: 0 | M39: 24 | N39: 0 | O39: =SUM(C39:L39,N39) -> 7 | P39: =SUM(C39:N39) -> 31
B40: 14.30 - 14.45 | C40: 4 | D40: 0 | E40: 2 | F40: 4 | G40: 0 | H40: 0 | I40: 1 | J40: 0 | K40: 0 | L40: 0 | M40: 20 | N40: 0 | O40: =SUM(C40:L40,N40) -> 11 | P40: =SUM(C40:N40) -> 31
... B57: 18.45 - 19.00 | C57: 8 | D57: 0 | E57: 2 | F57: 1 | G57: 0 | H57: 0 | I57: 2 | J57: 2 | K57: 0 | L57: 0 | M57: 31 | N57: 0 | O57: =SUM(C57:L57,N57) -> 15 | P57: =SUM(C57:N57) -> 46
B58: Totals | C58: =SUM(C10:C57) -> 142 | D58: =SUM(D10:D57) -> 15 | E58: =SUM(E10:E57) -> 134 | F58: =SUM(F10:F57) -> 127 | G58: =SUM(G10:G57) -> 7 | H58: =SUM(H10:H57) -> 6 | I58: =SUM(I10:I57) -> 65 | J58: =SUM(J10:J57) -> 24 | ... P58: =SUM(P10:P57) -> 1799
B59: %ges + MCs | C59: =C58/$P$58 -> 0.07893274 | D59: =D58/$P$58 -> 0.0083379655 | E59: =E58/$P$58 -> 0.074485825 | F59: =F58/$P$58 -> 0.070594775 | G59: =G58/$P$58 -> 0.0038910506 | H59: =H58/$P$58 -> 0.0033351862 | I59: =I58/$P$58 -> 0.036131184 | J59: =J58/$P$58 -> 0.013340745 | ... N59: =N58/$P$58 -> 0.00055586437
B60: %ges w/o MCs | C60: =C58/$O$58 -> 0.27151052 | D60: =D58/$O$58 -> 0.028680688 | E60: =E58/$O$58 -> 0.25621415 | F60: =F58/$O$58 -> 0.24282983 | G60: =G58/$O$58 -> 0.013384321 | H60: =H58/$O$58 -> 0.011472275 | I60: =I58/$O$58 -> 0.12428298 | J60: =J58/$O$58 -> 0.045889101 | ... L60: =L58/$O$58 -> 0 | N60: =N58/$O$58 -> 0.0019120459

Sheet 15.08 Tororo-Malaba
B1: Consultancy services for Preparation of Expressway Development Master Plan (EDMP) for Uganda
B2: MANUAL CLASSIFIED COUNT (MCC)
B3: ROAD NAME: | C3: ='12.08 Tororo-Malaba'!C3:G3 -> MCC - C3b- STN143 - TORORO-MALABA ROAD
C5: Date | D5: ='15.08 Malaba-Tororo'!D5 -> 15.08.19 | F5: Location | G5: ='15.08 Malaba-Tororo'!G5:H5 -> xxx | J5: Surveyor | K5: ='15.08 Malaba-Tororo'!K5:L5 -> xxx
C6: Dir. From | D6: ='12.08 Tororo-Malaba'!D6:E6 -> Tororo | F6: Dir. To | G6: ='12.08 Tororo-Malaba'!G6:H6 -> Malaba | J6: Supervisor | K6: ='15.08 Malaba-Tororo'!K6:L6 -> xxx
B8: Time / Veh Type | R8: SUMMARY TRAFFIC VOLUMES
C9: 1. Car | D9: 2. Station Wagon | E9: 3. Pickups | F9: 4. Minibus, matatu | G9: 5. Medium bus | H9: 6. Large Bus | I9: 7. Light Truck | J9: 8. Medium Truck | K9: 9. Heavy truck | L9: 10. Truck Trailer | M9: 11. Motor cycles | N9: 12. Tractors | O9: Total Excl M/Cycles | P9: Total All | R9: Time | S9: 1. Car | T9: 2. Station Wagon | U9: 3. Pickups | V9: 4. Minibus, matatu | W9: 5. Medium bus | X9: 6. Large Bus | Y9: 7. Light Truck | Z9: 8. Medium Truck | AA9: 9. Heavy truck | AB9: 10. Truck Trailer | AC9: 11. Motorcycles | AD9: 12. Tractors, Graders | AE9: Total Excl M/ Cycles | AF9: Total All
B10: 07.00 - 07.15 | C10: 2 | D10: 0 | E10: 1 | F10: 1 | G10: 0 | H10: 0 | I10: 1 | J10: 0 | K10: 0 | L10: 0 | M10: 9 | N10: 0 | O10: =SUM(C10:L10,N10) -> 5 | P10: =SUM(C10:N10) -> 14 | R10: 0700-0800 | S10: =SUM(C10:C13) -> 7 | T10: =SUM(D10:D13) -> 0 | U10: =SUM(E10:E13) -> 5 | V10: =SUM(F10:F13) -> 6 | W10: =SUM(G10:G13) -> 2 | X10: =SUM(H10:H13) -> 0 | Y10: =SUM(I10:I13) -> 6 | Z10: =SUM(J10:J13) -> 0 | ... AF10: =SUM(P10:P13) -> 98
B11: 07.15 - 07.30 | C11: 2 | D11: 0 | E11: 2 | F11: 2 | G11: 0 | H11: 0 | I11: 2 | J11: 0 | K11: 0 | L11: 0 | M11: 16 | N11: 0 | O11: =SUM(C11:L11,N11) -> 8 | P11: =SUM(C11:N11) -> 24 | R11: 0800-0900 | S11: =SUM(C14:C17) -> 9 | T11: =SUM(D14:D17) -> 1 | U11: =SUM(E14:E17) -> 8 | V11: =SUM(F14:F17) -> 7 | W11: =SUM(G14:G17) -> 0 | X11: =SUM(H14:H17) -> 0 | Y11: =SUM(I14:I17) -> 4 | Z11: =SUM(J14:J17) -> 0 | ... AF11: =SUM(P14:P17) -> 131
B12: 07.30 - 07.45 | C12: 2 | D12: 0 | E12: 0 | F12: 1 | G12: 1 | H12: 0 | I12: 1 | J12: 0 | K12: 0 | L12: 0 | M12: 20 | N12: 0 | O12: =SUM(C12:L12,N12) -> 5 | P12: =SUM(C12:N12) -> 25 | R12: 0900-1000 | S12: =SUM(C18:C21) -> 10 | T12: =SUM(D18:D21) -> 0 | U12: =SUM(E18:E21) -> 8 | V12: =SUM(F18:F21) -> 7 | W12: =SUM(G18:G21) -> 0 | X12: =SUM(H18:H21) -> 0 | Y12: =SUM(I18:I21) -> 4 | Z12: =SUM(J18:J21) -> 0 | ... AF12: =SUM(P18:P21) -> 146
B13: 07.45 - 08.00 | C13: 1 | D13: 0 | E13: 2 | F13: 2 | G13: 1 | H13: 0 | I13: 2 | J13: 0 | K13: 0 | L13: 0 | M13: 27 | N13: 0 | O13: =SUM(C13:L13,N13) -> 8 | P13: =SUM(C13:N13) -> 35 | R13: 1000-1100 | S13: =SUM(C22:C25) -> 13 | T13: =SUM(D22:D25) -> 0 | U13: =SUM(E22:E25) -> 10 | V13: =SUM(F22:F25) -> 8 | W13: =SUM(G22:G25) -> 0 | X13: =SUM(H22:H25) -> 1 | Y13: =SUM(I22:I25) -> 4 | Z13: =SUM(J22:J25) -> 1 | ... AF13: =SUM(P22:P25) -> 138
B14: 08.00 - 08.15 | C14: 3 | D14: 1 | E14: 4 | F14: 1 | G14: 0 | H14: 0 | I14: 1 | J14: 0 | K14: 0 | L14: 0 | M14: 27 | N14: 0 | O14: =SUM(C14:L14,N14) -> 10 | P14: =SUM(C14:N14) -> 37 | R14: 1100-1200 | S14: =SUM(C26:C29) -> 19 | T14: =SUM(D26:D29) -> 0 | U14: =SUM(E26:E29) -> 9 | V14: =SUM(F26:F29) -> 13 | W14: =SUM(G26:G29) -> 0 | X14: =SUM(H26:H29) -> 0 | Y14: =SUM(I26:I29) -> 3 | Z14: =SUM(J26:J29) -> 1 | ... AF14: =SUM(P26:P29) -> 153
B15: 08.15 - 08.30 | C15: 2 | D15: 0 | E15: 0 | F15: 1 | G15: 0 | H15: 0 | I15: 1 | J15: 0 | K15: 0 | L15: 0 | M15: 26 | N15: 0 | O15: =SUM(C15:L15,N15) -> 4 | P15: =SUM(C15:N15) -> 30 | R15: 1200-1300 | S15: =SUM(C30:C33) -> 10 | T15: =SUM(D30:D33) -> 2 | U15: =SUM(E30:E33) -> 12 | V15: =SUM(F30:F33) -> 7 | W15: =SUM(G30:G33) -> 1 | X15: =SUM(H30:H33) -> 0 | Y15: =SUM(I30:I33) -> 3 | Z15: =SUM(J30:J33) -> 0 | ... AF15: =SUM(P30:P33) -> 156
B16: 08.30 - 08.45 | C16: 3 | D16: 0 | E16: 2 | F16: 2 | G16: 0 | H16: 0 | I16: 1 | J16: 0 | K16: 0 | L16: 0 | M16: 23 | N16: 0 | O16: =SUM(C16:L16,N16) -> 8 | P16: =SUM(C16:N16) -> 31 | R16: 1300-1400 | S16: =SUM(C34:C37) -> 15 | T16: =SUM(D34:D37) -> 2 | U16: =SUM(E34:E37) -> 13 | V16: =SUM(F34:F37) -> 12 | W16: =SUM(G34:G37) -> 0 | X16: =SUM(H34:H37) -> 0 | Y16: =SUM(I34:I37) -> 3 | Z16: =SUM(J34:J37) -> 1 | ... AF16: =SUM(P34:P37) -> 160
B17: 08.45 - 9.00 | C17: 1 | D17: 0 | E17: 2 | F17: 3 | G17: 0 | H17: 0 | I17: 1 | J17: 0 | K17: 0 | L17: 0 | M17: 26 | N17: 0 | O17: =SUM(C17:L17,N17) -> 7 | P17: =SUM(C17:N17) -> 33 | R17: 1400-1500 | S17: =SUM(C38:C41) -> 20 | T17: =SUM(D38:D41) -> 2 | U17: =SUM(E38:E41) -> 16 | V17: =SUM(F38:F41) -> 11 | W17: =SUM(G38:G41) -> 0 | X17: =SUM(H38:H41) -> 0 | Y17: =SUM(I38:I41) -> 2 | Z17: =SUM(J38:J41) -> 2 | ... AF17: =SUM(P38:P41) -> 159
B18: 09.00 - 09.15 | C18: 2 | D18: 0 | E18: 1 | F18: 1 | G18: 0 | H18: 0 | I18: 1 | J18: 0 | K18: 0 | L18: 0 | M18: 30 | N18: 0 | O18: =SUM(C18:L18,N18) -> 5 | P18: =SUM(C18:N18) -> 35 | R18: 1500-1600 | S18: =SUM(C42:C45) -> 14 | T18: =SUM(D42:D45) -> 1 | U18: =SUM(E42:E45) -> 11 | V18: =SUM(F42:F45) -> 13 | W18: =SUM(G42:G45) -> 0 | X18: =SUM(H42:H45) -> 0 | Y18: =SUM(I42:I45) -> 5 | Z18: =SUM(J42:J45) -> 0 | ... AF18: =SUM(P42:P45) -> 151
B19: 09.15 - 09.30 | C19: 3 | D19: 0 | E19: 1 | F19: 3 | G19: 0 | H19: 0 | I19: 0 | J19: 0 | K19: 0 | L19: 0 | M19: 31 | N19: 0 | O19: =SUM(C19:L19,N19) -> 7 | P19: =SUM(C19:N19) -> 38 | R19: 1600-1700 | S19: =SUM(C46:C49) -> 9 | T19: =SUM(D46:D49) -> 0 | U19: =SUM(E46:E49) -> 6 | V19: =SUM(F46:F49) -> 13 | W19: =SUM(G46:G49) -> 1 | X19: =SUM(H46:H49) -> 0 | Y19: =SUM(I46:I49) -> 5 | Z19: =SUM(J46:J49) -> 1 | ... AF19: =SUM(P46:P49) -> 146
B20: 09.30 - 09.45 | C20: 2 | D20: 0 | E20: 3 | F20: 2 | G20: 0 | H20: 0 | I20: 1 | J20: 0 | K20: 0 | L20: 0 | M20: 25 | N20: 1 | O20: =SUM(C20:L20,N20) -> 9 | P20: =SUM(C20:N20) -> 34 | R20: 1700-1800 | S20: =SUM(C50:C53) -> 15 | T20: =SUM(D50:D53) -> 2 | U20: =SUM(E50:E53) -> 11 | V20: =SUM(F50:F53) -> 8 | W20: =SUM(G50:G53) -> 1 | X20: =SUM(H50:H53) -> 0 | Y20: =SUM(I50:I53) -> 6 | Z20: =SUM(J50:J53) -> 3 | ... AF20: =SUM(P50:P53) -> 148
B21: 09.45 - 10.00 | C21: 3 | D21: 0 | E21: 3 | F21: 1 | G21: 0 | H21: 0 | I21: 2 | J21: 0 | K21: 0 | L21: 0 | M21: 29 | N21: 1 | O21: =SUM(C21:L21,N21) -> 10 | P21: =SUM(C21:N21) -> 39 | R21: 1800-1900 | S21: =SUM(C54:C57) -> 15 | T21: =SUM(D54:D57) -> 0 | U21: =SUM(E54:E57) -> 7 | V21: =SUM(F54:F57) -> 12 | W21: =SUM(G54:G57) -> 1 | X21: =SUM(H54:H57) -> 1 | Y21: =SUM(I54:I57) -> 3 | Z21: =SUM(J54:J57) -> 0 | ... AF21: =SUM(P54:P57) -> 136
B22: 10.00 - 10.15 | C22: 3 | D22: 0 | E22: 1 | F22: 3 | G22: 0 | H22: 0 | I22: 1 | J22: 0 | K22: 0 | L22: 0 | M22: 30 | N22: 0 | O22: =SUM(C22:L22,N22) -> 8 | P22: =SUM(C22:N22) -> 38 | R22: AM Peak Hr | S22: =MAX(S10:S12) -> 10 | T22: =MAX(T10:T12) -> 1 | U22: =MAX(U10:U12) -> 8 | V22: =MAX(V10:V12) -> 7 | W22: =MAX(W10:W12) -> 2 | X22: =MAX(X10:X12) -> 0 | Y22: =MAX(Y10:Y12) -> 6 | Z22: =MAX(Z10:Z12) -> 0 | ... AF22: =MAX(AF10:AF12) -> 146
B23: 10.15 - 10.30 | C23: 4 | D23: 0 | E23: 3 | F23: 1 | G23: 0 | H23: 0 | I23: 2 | J23: 1 | K23: 0 | L23: 0 | M23: 23 | N23: 0 | O23: =SUM(C23:L23,N23) -> 11 | P23: =SUM(C23:N23) -> 34 | R23: IP Peak Hr | S23: =MAX(S13:S18) -> 20 | T23: =MAX(T13:T18) -> 2 | U23: =MAX(U13:U18) -> 16 | V23: =MAX(V13:V18) -> 13 | W23: =MAX(W13:W18) -> 1 | X23: =MAX(X13:X18) -> 1 | Y23: =MAX(Y13:Y18) -> 5 | Z23: =MAX(Z13:Z18) -> 2 | ... AF23: =MAX(AF13:AF18) -> 160
B24: 10.30 - 10.45 | C24: 4 | D24: 0 | E24: 3 | F24: 3 | G24: 0 | H24: 0 | I24: 1 | J24: 0 | K24: 0 | L24: 0 | M24: 22 | N24: 0 | O24: =SUM(C24:L24,N24) -> 11 | P24: =SUM(C24:N24) -> 33 | R24: PM Peak Hr | S24: =MAX(S19:S21) -> 15 | T24: =MAX(T19:T21) -> 2 | U24: =MAX(U19:U21) -> 11 | V24: =MAX(V19:V21) -> 13 | W24: =MAX(W19:W21) -> 1 | X24: =MAX(X19:X21) -> 1 | Y24: =MAX(Y19:Y21) -> 6 | Z24: =MAX(Z19:Z21) -> 3 | ... AF24: =MAX(AF19:AF21) -> 148
B25: 10.45 - 11.00 | C25: 2 | D25: 0 | E25: 3 | F25: 1 | G25: 0 | H25: 1 | I25: 0 | J25: 0 | K25: 0 | L25: 0 | M25: 26 | N25: 0 | O25: =SUM(C25:L25,N25) -> 7 | P25: =SUM(C25:N25) -> 33 | R25: AM Period | S25: =SUM(S10:S12) -> 26 | T25: =SUM(T10:T12) -> 1 | U25: =SUM(U10:U12) -> 21 | V25: =SUM(V10:V12) -> 20 | W25: =SUM(W10:W12) -> 2 | X25: =SUM(X10:X12) -> 0 | Y25: =SUM(Y10:Y12) -> 14 | Z25: =SUM(Z10:Z12) -> 0 | ... AF25: =SUM(AF10:AF12) -> 375
B26: 11.00 - 11.15 | C26: 6 | D26: 0 | E26: 3 | F26: 2 | G26: 0 | H26: 0 | I26: 0 | J26: 0 | K26: 0 | L26: 0 | M26: 27 | N26: 0 | O26: =SUM(C26:L26,N26) -> 11 | P26: =SUM(C26:N26) -> 38 | R26: IP Period | S26: =SUM(S13:S18) -> 91 | T26: =SUM(T13:T18) -> 7 | U26: =SUM(U13:U18) -> 71 | V26: =SUM(V13:V18) -> 64 | W26: =SUM(W13:W18) -> 1 | X26: =SUM(X13:X18) -> 1 | Y26: =SUM(Y13:Y18) -> 20 | Z26: =SUM(Z13:Z18) -> 5 | ... AF26: =SUM(AF13:AF18) -> 917
B27: 11.15 - 11.30 | C27: 4 | D27: 0 | E27: 2 | F27: 4 | G27: 0 | H27: 0 | I27: 1 | J27: 0 | K27: 0 | L27: 0 | M27: 26 | N27: 0 | O27: =SUM(C27:L27,N27) -> 11 | P27: =SUM(C27:N27) -> 37 | R27: PM Period | S27: =SUM(S19:S21) -> 39 | T27: =SUM(T19:T21) -> 2 | U27: =SUM(U19:U21) -> 24 | V27: =SUM(V19:V21) -> 33 | W27: =SUM(W19:W21) -> 3 | X27: =SUM(X19:X21) -> 1 | Y27: =SUM(Y19:Y21) -> 14 | Z27: =SUM(Z19:Z21) -> 4 | ... AF27: =SUM(AF19:AF21) -> 430
B28: 11.30 - 11.45 | C28: 4 | D28: 0 | E28: 2 | F28: 4 | G28: 0 | H28: 0 | I28: 1 | J28: 0 | K28: 0 | L28: 0 | M28: 29 | N28: 0 | O28: =SUM(C28:L28,N28) -> 11 | P28: =SUM(C28:N28) -> 40 | R28: 12 Hours | S28: =SUM(S10:S21) -> 156 | T28: =SUM(T10:T21) -> 10 | U28: =SUM(U10:U21) -> 116 | V28: =SUM(V10:V21) -> 117 | W28: =SUM(W10:W21) -> 6 | X28: =SUM(X10:X21) -> 2 | Y28: =SUM(Y10:Y21) -> 48 | Z28: =SUM(Z10:Z21) -> 9 | ... AF28: =SUM(AF10:AF21) -> 1722
B29: 11.45 - 12.00 | C29: 5 | D29: 0 | E29: 2 | F29: 3 | G29: 0 | H29: 0 | I29: 1 | J29: 1 | K29: 0 | L29: 0 | M29: 26 | N29: 0 | O29: =SUM(C29:L29,N29) -> 12 | P29: =SUM(C29:N29) -> 38
B30: 12.00 - 12.15 | C30: 2 | D30: 1 | E30: 4 | F30: 2 | G30: 0 | H30: 0 | I30: 0 | J30: 0 | K30: 0 | L30: 0 | M30: 31 | N30: 0 | O30: =SUM(C30:L30,N30) -> 9 | P30: =SUM(C30:N30) -> 40
B31: 12.15 - 12.30 | C31: 2 | D31: 1 | E31: 5 | F31: 1 | G31: 1 | H31: 0 | I31: 1 | J31: 0 | K31: 0 | L31: 0 | M31: 26 | N31: 0 | O31: =SUM(C31:L31,N31) -> 11 | P31: =SUM(C31:N31) -> 37
B32: 12.30 - 12.45 | C32: 3 | D32: 0 | E32: 2 | F32: 3 | G32: 0 | H32: 0 | I32: 1 | J32: 0 | K32: 0 | L32: 0 | M32: 34 | N32: 0 | O32: =SUM(C32:L32,N32) -> 9 | P32: =SUM(C32:N32) -> 43
B33: 12.45 - 13.00 | C33: 3 | D33: 0 | E33: 1 | F33: 1 | G33: 0 | H33: 0 | I33: 1 | J33: 0 | K33: 0 | L33: 0 | M33: 30 | N33: 0 | O33: =SUM(C33:L33,N33) -> 6 | P33: =SUM(C33:N33) -> 36
B34: 13.00 - 13.15 | C34: 1 | D34: 0 | E34: 2 | F34: 2 | G34: 0 | H34: 0 | I34: 0 | J34: 0 | K34: 0 | L34: 0 | M34: 27 | N34: 0 | O34: =SUM(C34:L34,N34) -> 5 | P34: =SUM(C34:N34) -> 32
B35: 13.15 - 13.30 | C35: 4 | D35: 1 | E35: 5 | F35: 4 | G35: 0 | H35: 0 | I35: 0 | J35: 0 | K35: 0 | L35: 0 | M35: 32 | N35: 0 | O35: =SUM(C35:L35,N35) -> 14 | P35: =SUM(C35:N35) -> 46
B36: 13.30 - 13.45 | C36: 7 | D36: 1 | E36: 5 | F36: 4 | G36: 0 | H36: 0 | I36: 1 | J36: 1 | K36: 0 | L36: 0 | M36: 27 | N36: 0 | O36: =SUM(C36:L36,N36) -> 19 | P36: =SUM(C36:N36) -> 46
B37: 13.45 - 14.00 | C37: 3 | D37: 0 | E37: 1 | F37: 2 | G37: 0 | H37: 0 | I37: 2 | J37: 0 | K37: 0 | L37: 0 | M37: 28 | N37: 0 | O37: =SUM(C37:L37,N37) -> 8 | P37: =SUM(C37:N37) -> 36
B38: 14.00 - 14.15 | C38: 4 | D38: 1 | E38: 5 | F38: 2 | G38: 0 | H38: 0 | I38: 1 | J38: 1 | K38: 0 | L38: 0 | M38: 26 | N38: 0 | O38: =SUM(C38:L38,N38) -> 14 | P38: =SUM(C38:N38) -> 40
B39: 14.15 - 14.30 | C39: 7 | D39: 0 | E39: 3 | F39: 4 | G39: 0 | H39: 0 | I39: 0 | J39: 0 | K39: 0 | L39: 0 | M39: 32 | N39: 0 | O39: =SUM(C39:L39,N39) -> 14 | P39: =SUM(C39:N39) -> 46
B40: 14.30 - 14.45 | C40: 4 | D40: 0 | E40: 3 | F40: 2 | G40: 0 | H40: 0 | I40: 1 | J40: 0 | K40: 0 | L40: 0 | M40: 22 | N40: 0 | O40: =SUM(C40:L40,N40) -> 10 | P40: =SUM(C40:N40) -> 32
... B57: 18.45 - 19.00 | C57: 4 | D57: 0 | E57: 2 | F57: 4 | G57: 0 | H57: 0 | I57: 2 | J57: 0 | K57: 0 | L57: 0 | M57: 21 | N57: 0 | O57: =SUM(C57:L57,N57) -> 12 | P57: =SUM(C57:N57) -> 33
B58: Totals | C58: =SUM(C10:C57) -> 156 | D58: =SUM(D10:D57) -> 10 | E58: =SUM(E10:E57) -> 116 | F58: =SUM(F10:F57) -> 117 | G58: =SUM(G10:G57) -> 6 | H58: =SUM(H10:H57) -> 2 | I58: =SUM(I10:I57) -> 48 | J58: =SUM(J10:J57) -> 9 | ... P58: =SUM(P10:P57) -> 1722
B59: %ges + MCs | C59: =C58/$P$58 -> 0.090592334 | D59: =D58/$P$58 -> 0.0058072009 | E59: =E58/$P$58 -> 0.067363531 | F59: =F58/$P$58 -> 0.067944251 | G59: =G58/$P$58 -> 0.0034843206 | H59: =H58/$P$58 -> 0.0011614402 | I59: =I58/$P$58 -> 0.027874564 | J59: =J58/$P$58 -> 0.0052264808 | ... N59: =N58/$P$58 -> 0.0011614402
B60: %ges w/o MCs | C60: =C58/$O$58 -> 0.33476395 | D60: =D58/$O$58 -> 0.021459227 | E60: =E58/$O$58 -> 0.24892704 | F60: =F58/$O$58 -> 0.25107296 | G60: =G58/$O$58 -> 0.012875536 | H60: =H58/$O$58 -> 0.0042918455 | I60: =I58/$O$58 -> 0.10300429 | J60: =J58/$O$58 -> 0.019313305 | ... L60: =L58/$O$58 -> 0 | N60: =N58/$O$58 -> 0.0042918455

Sheet 16.08 Malaba-Tororo-24h
B1: Consultancy services for Preparation of Expressway Development Master Plan (EDMP) for Uganda
B2: MANUAL CLASSIFIED COUNT (MCC)
B3: ROAD NAME: | C3: ='12.08 Malaba-Tororo'!C3:G3 -> MCC - C3b- STN143 - TORORO-MALABA ROAD
C5: Date | D5: 16.08.19 | F5: Location | G5: ='15.08 Tororo-Malaba'!G5:H5 -> xxx | J5: Surveyor | K5: ='15.08 Tororo-Malaba'!K5:L5 -> xxx
C6: Dir. From | D6: ='12.08 Malaba-Tororo'!D6:E6 -> Malaba | F6: Dir. To | G6: ='12.08 Malaba-Tororo'!G6:H6 -> Tororo | J6: Supervisor | K6: ='15.08 Tororo-Malaba'!K6:L6 -> xxx
B8: Time / Veh Type | R8: SUMMARY TRAFFIC VOLUMES
C9: 1. Car | D9: 2. Station Wagon | E9: 3. Pickups | F9: 4. Minibus, matatu | G9: 5. Medium bus | H9: 6. Large Bus | I9: 7. Light Truck | J9: 8. Medium Truck | K9: 9. Heavy truck | L9: 10. Truck Trailer | M9: 11. Motor cycles | N9: 12. Tractors | O9: Total Excl M/Cycles | P9: Total All | R9: Time | S9: 1. Car | T9: 2. Station Wagon | U9: 3. Pickups | V9: 4. Minibus, matatu | W9: 5. Medium bus | X9: 6. Large Bus | Y9: 7. Light Truck | Z9: 8. Medium Truck | AA9: 9. Heavy truck | AB9: 10. Truck Trailer | AC9: 11. Motorcycles | AD9: 12. Tractors, Graders | AE9: Total Excl M/ Cycles | AF9: Total All
B10: 07.00 - 07.15 | C10: 1 | D10: 0 | E10: 0 | F10: 1 | G10: 0 | H10: 1 | I10: 0 | J10: 0 | K10: 0 | L10: 0 | M10: 12 | N10: 0 | O10: =SUM(C10:L10,N10) -> 3 | P10: =SUM(C10:N10) -> 15 | R10: 0700-0800 | S10: =SUM(C10:C13) -> 3 | T10: =SUM(D10:D13) -> 0 | U10: =SUM(E10:E13) -> 1 | V10: =SUM(F10:F13) -> 10 | W10: =SUM(G10:G13) -> 0 | X10: =SUM(H10:H13) -> 2 | Y10: =SUM(I10:I13) -> 2 | Z10: =SUM(J10:J13) -> 0 | ... AF10: =SUM(P10:P13) -> 106
B11: 07.15 - 07.30 | C11: 0 | D11: 0 | E11: 1 | F11: 3 | G11: 0 | H11: 1 | I11: 1 | J11: 0 | K11: 0 | L11: 0 | M11: 27 | N11: 0 | O11: =SUM(C11:L11,N11) -> 6 | P11: =SUM(C11:N11) -> 33 | R11: 0800-0900 | S11: =SUM(C14:C17) -> 6 | T11: =SUM(D14:D17) -> 0 | U11: =SUM(E14:E17) -> 5 | V11: =SUM(F14:F17) -> 10 | W11: =SUM(G14:G17) -> 0 | X11: =SUM(H14:H17) -> 2 | Y11: =SUM(I14:I17) -> 0 | Z11: =SUM(J14:J17) -> 0 | ... AF11: =SUM(P14:P17) -> 142
B12: 07.30 - 07.45 | C12: 2 | D12: 0 | E12: 0 | F12: 3 | G12: 0 | H12: 0 | I12: 0 | J12: 0 | K12: 0 | L12: 0 | M12: 28 | N12: 0 | O12: =SUM(C12:L12,N12) -> 5 | P12: =SUM(C12:N12) -> 33 | R12: 0900-1000 | S12: =SUM(C18:C21) -> 12 | T12: =SUM(D18:D21) -> 1 | U12: =SUM(E18:E21) -> 10 | V12: =SUM(F18:F21) -> 4 | W12: =SUM(G18:G21) -> 0 | X12: =SUM(H18:H21) -> 0 | Y12: =SUM(I18:I21) -> 7 | Z12: =SUM(J18:J21) -> 1 | ... AF12: =SUM(P18:P21) -> 179
B13: 07.45 - 08.00 | C13: 0 | D13: 0 | E13: 0 | F13: 3 | G13: 0 | H13: 0 | I13: 1 | J13: 0 | K13: 0 | L13: 0 | M13: 21 | N13: 0 | O13: =SUM(C13:L13,N13) -> 4 | P13: =SUM(C13:N13) -> 25 | R13: 1000-1100 | S13: =SUM(C22:C25) -> 18 | T13: =SUM(D22:D25) -> 2 | U13: =SUM(E22:E25) -> 10 | V13: =SUM(F22:F25) -> 10 | W13: =SUM(G22:G25) -> 0 | X13: =SUM(H22:H25) -> 0 | Y13: =SUM(I22:I25) -> 1 | Z13: =SUM(J22:J25) -> 1 | ... AF13: =SUM(P22:P25) -> 185
B14: 08.00 - 08.15 | C14: 1 | D14: 0 | E14: 1 | F14: 2 | G14: 0 | H14: 1 | I14: 0 | J14: 0 | K14: 0 | L14: 0 | M14: 23 | N14: 0 | O14: =SUM(C14:L14,N14) -> 5 | P14: =SUM(C14:N14) -> 28 | R14: 1100-1200 | S14: =SUM(C26:C29) -> 39 | T14: =SUM(D26:D29) -> 3 | U14: =SUM(E26:E29) -> 16 | V14: =SUM(F26:F29) -> 10 | W14: =SUM(G26:G29) -> 1 | X14: =SUM(H26:H29) -> 0 | Y14: =SUM(I26:I29) -> 2 | Z14: =SUM(J26:J29) -> 1 | ... AF14: =SUM(P26:P29) -> 201
B15: 08.15 - 08.30 | C15: 3 | D15: 0 | E15: 3 | F15: 3 | G15: 0 | H15: 1 | I15: 0 | J15: 0 | K15: 0 | L15: 0 | M15: 25 | N15: 0 | O15: =SUM(C15:L15,N15) -> 10 | P15: =SUM(C15:N15) -> 35 | R15: 1200-1300 | S15: =SUM(C30:C33) -> 13 | T15: =SUM(D30:D33) -> 2 | U15: =SUM(E30:E33) -> 11 | V15: =SUM(F30:F33) -> 9 | W15: =SUM(G30:G33) -> 0 | X15: =SUM(H30:H33) -> 0 | Y15: =SUM(I30:I33) -> 3 | Z15: =SUM(J30:J33) -> 1 | ... AF15: =SUM(P30:P33) -> 152
B16: 08.30 - 08.45 | C16: 2 | D16: 0 | E16: 0 | F16: 1 | G16: 0 | H16: 0 | I16: 0 | J16: 0 | K16: 0 | L16: 0 | M16: 34 | N16: 0 | O16: =SUM(C16:L16,N16) -> 3 | P16: =SUM(C16:N16) -> 37 | R16: 1300-1400 | S16: =SUM(C34:C37) -> 16 | T16: =SUM(D34:D37) -> 2 | U16: =SUM(E34:E37) -> 16 | V16: =SUM(F34:F37) -> 12 | W16: =SUM(G34:G37) -> 1 | X16: =SUM(H34:H37) -> 0 | Y16: =SUM(I34:I37) -> 5 | Z16: =SUM(J34:J37) -> 1 | ... AF16: =SUM(P34:P37) -> 160
B17: 08.45 - 9.00 | C17: 0 | D17: 0 | E17: 1 | F17: 4 | G17: 0 | H17: 0 | I17: 0 | J17: 0 | K17: 0 | L17: 0 | M17: 37 | N17: 0 | O17: =SUM(C17:L17,N17) -> 5 | P17: =SUM(C17:N17) -> 42 | R17: 1400-1500 | S17: =SUM(C38:C41) -> 8 | T17: =SUM(D38:D41) -> 1 | U17: =SUM(E38:E41) -> 9 | V17: =SUM(F38:F41) -> 15 | W17: =SUM(G38:G41) -> 6 | X17: =SUM(H38:H41) -> 0 | Y17: =SUM(I38:I41) -> 2 | Z17: =SUM(J38:J41) -> 3 | ... AF17: =SUM(P38:P41) -> 139
B18: 09.00 - 09.15 | C18: 5 | D18: 0 | E18: 2 | F18: 1 | G18: 0 | H18: 0 | I18: 0 | J18: 0 | K18: 0 | L18: 0 | M18: 38 | N18: 0 | O18: =SUM(C18:L18,N18) -> 8 | P18: =SUM(C18:N18) -> 46 | R18: 1500-1600 | S18: =SUM(C42:C45) -> 16 | T18: =SUM(D42:D45) -> 1 | U18: =SUM(E42:E45) -> 9 | V18: =SUM(F42:F45) -> 6 | W18: =SUM(G42:G45) -> 1 | X18: =SUM(H42:H45) -> 0 | Y18: =SUM(I42:I45) -> 8 | Z18: =SUM(J42:J45) -> 0 | ... AF18: =SUM(P42:P45) -> 136
B19: 09.15 - 09.30 | C19: 2 | D19: 0 | E19: 2 | F19: 2 | G19: 0 | H19: 0 | I19: 0 | J19: 0 | K19: 0 | L19: 0 | M19: 35 | N19: 0 | O19: =SUM(C19:L19,N19) -> 6 | P19: =SUM(C19:N19) -> 41 | R19: 1600-1700 | S19: =SUM(C46:C49) -> 15 | T19: =SUM(D46:D49) -> 2 | U19: =SUM(E46:E49) -> 10 | V19: =SUM(F46:F49) -> 9 | W19: =SUM(G46:G49) -> 0 | X19: =SUM(H46:H49) -> 0 | Y19: =SUM(I46:I49) -> 4 | Z19: =SUM(J46:J49) -> 0 | ... AF19: =SUM(P46:P49) -> 138
B20: 09.30 - 09.45 | C20: 3 | D20: 0 | E20: 2 | F20: 1 | G20: 0 | H20: 0 | I20: 1 | J20: 1 | K20: 0 | L20: 0 | M20: 28 | N20: 1 | O20: =SUM(C20:L20,N20) -> 9 | P20: =SUM(C20:N20) -> 37 | R20: 1700-1800 | S20: =SUM(C50:C53) -> 14 | T20: =SUM(D50:D53) -> 4 | U20: =SUM(E50:E53) -> 17 | V20: =SUM(F50:F53) -> 17 | W20: =SUM(G50:G53) -> 0 | X20: =SUM(H50:H53) -> 0 | Y20: =SUM(I50:I53) -> 4 | Z20: =SUM(J50:J53) -> 0 | ... AF20: =SUM(P50:P53) -> 159
B21: 09.45 - 10.00 | C21: 2 | D21: 1 | E21: 4 | F21: 0 | G21: 0 | H21: 0 | I21: 6 | J21: 0 | K21: 0 | L21: 0 | M21: 42 | N21: 0 | O21: =SUM(C21:L21,N21) -> 13 | P21: =SUM(C21:N21) -> 55 | R21: 1800-1900 | S21: =SUM(C54:C57) -> 9 | T21: =SUM(D54:D57) -> 1 | U21: =SUM(E54:E57) -> 10 | V21: =SUM(F54:F57) -> 8 | W21: =SUM(G54:G57) -> 0 | X21: =SUM(H54:H57) -> 0 | Y21: =SUM(I54:I57) -> 4 | Z21: =SUM(J54:J57) -> 0 | ... AF21: =SUM(P54:P57) -> 157
B22: 10.00 - 10.15 | C22: 8 | D22: 1 | E22: 4 | F22: 3 | G22: 0 | H22: 0 | I22: 0 | J22: 0 | K22: 0 | L22: 0 | M22: 41 | N22: 0 | O22: =SUM(C22:L22,N22) -> 16 | P22: =SUM(C22:N22) -> 57 | R22: 1900-2000 | S22: =SUM(C58:C61) -> 22 | T22: =SUM(D58:D61) -> 2 | U22: =SUM(E58:E61) -> 13 | V22: =SUM(F58:F61) -> 10 | W22: =SUM(G58:G61) -> 2 | X22: =SUM(H58:H61) -> 0 | Y22: =SUM(I58:I61) -> 8 | Z22: =SUM(J58:J61) -> 2 | ... AF22: =SUM(P58:P61) -> 134
B23: 10.15 - 10.30 | C23: 4 | D23: 1 | E23: 4 | F23: 3 | G23: 0 | H23: 0 | I23: 0 | J23: 0 | K23: 0 | L23: 0 | M23: 35 | N23: 0 | O23: =SUM(C23:L23,N23) -> 12 | P23: =SUM(C23:N23) -> 47 | R23: 2000-2100 | S23: =SUM(C62:C65) -> 13 | T23: =SUM(D62:D65) -> 1 | U23: =SUM(E62:E65) -> 10 | V23: =SUM(F62:F65) -> 6 | W23: =SUM(G62:G65) -> 0 | X23: =SUM(H62:H65) -> 0 | Y23: =SUM(I62:I65) -> 7 | Z23: =SUM(J62:J65) -> 0 | ... AF23: =SUM(P62:P65) -> 60
B24: 10.30 - 10.45 | C24: 4 | D24: 0 | E24: 2 | F24: 2 | G24: 0 | H24: 0 | I24: 1 | J24: 1 | K24: 1 | L24: 0 | M24: 37 | N24: 0 | O24: =SUM(C24:L24,N24) -> 11 | P24: =SUM(C24:N24) -> 48 | R24: 2100-2200 | S24: =SUM(C66:C69) -> 6 | T24: =SUM(D66:D69) -> 0 | U24: =SUM(E66:E69) -> 7 | V24: =SUM(F66:F69) -> 3 | W24: =SUM(G66:G69) -> 0 | X24: =SUM(H66:H69) -> 0 | Y24: =SUM(I66:I69) -> 4 | Z24: =SUM(J66:J69) -> 0 | ... AF24: =SUM(P66:P69) -> 35
B25: 10.45 - 11.00 | C25: 2 | D25: 0 | E25: 0 | F25: 2 | G25: 0 | H25: 0 | I25: 0 | J25: 0 | K25: 0 | L25: 0 | M25: 29 | N25: 0 | O25: =SUM(C25:L25,N25) -> 4 | P25: =SUM(C25:N25) -> 33 | R25: 2200-2300 | S25: =SUM(C70:C73) -> 5 | T25: =SUM(D70:D73) -> 0 | U25: =SUM(E70:E73) -> 5 | V25: =SUM(F70:F73) -> 1 | W25: =SUM(G70:G73) -> 0 | X25: =SUM(H70:H73) -> 0 | Y25: =SUM(I70:I73) -> 1 | Z25: =SUM(J70:J73) -> 1 | ... AF25: =SUM(P70:P73) -> 30
B26: 11.00 - 11.15 | C26: 6 | D26: 1 | E26: 4 | F26: 3 | G26: 1 | H26: 0 | I26: 0 | J26: 0 | K26: 0 | L26: 0 | M26: 22 | N26: 0 | O26: =SUM(C26:L26,N26) -> 15 | P26: =SUM(C26:N26) -> 37 | R26: 2300-0000 | S26: =SUM(C74:C77) -> 2 | T26: =SUM(D74:D77) -> 0 | U26: =SUM(E74:E77) -> 4 | V26: =SUM(F74:F77) -> 4 | W26: =SUM(G74:G77) -> 0 | X26: =SUM(H74:H77) -> 0 | Y26: =SUM(I74:I77) -> 2 | Z26: =SUM(J74:J77) -> 0 | ... AF26: =SUM(P74:P77) -> 21
B27: 11.15 - 11.30 | C27: 12 | D27: 2 | E27: 8 | F27: 3 | G27: 0 | H27: 0 | I27: 2 | J27: 1 | K27: 0 | L27: 0 | M27: 28 | N27: 0 | O27: =SUM(C27:L27,N27) -> 28 | P27: =SUM(C27:N27) -> 56 | R27: 0000-0100 | S27: =SUM(C78:C81) -> 0 | T27: =SUM(D78:D81) -> 0 | U27: =SUM(E78:E81) -> 1 | V27: =SUM(F78:F81) -> 3 | W27: =SUM(G78:G81) -> 0 | X27: =SUM(H78:H81) -> 0 | Y27: =SUM(I78:I81) -> 0 | Z27: =SUM(J78:J81) -> 0 | ... AF27: =SUM(P78:P81) -> 8
B28: 11.30 - 11.45 | C28: 6 | D28: 0 | E28: 2 | F28: 3 | G28: 0 | H28: 0 | I28: 0 | J28: 0 | K28: 0 | L28: 0 | M28: 42 | N28: 0 | O28: =SUM(C28:L28,N28) -> 11 | P28: =SUM(C28:N28) -> 53 | R28: 0100-0200 | S28: =SUM(C82:C85) -> 1 | T28: =SUM(D82:D85) -> 0 | U28: =SUM(E82:E85) -> 0 | V28: =SUM(F82:F85) -> 0 | W28: =SUM(G82:G85) -> 0 | X28: =SUM(H82:H85) -> 0 | Y28: =SUM(I82:I85) -> 0 | Z28: =SUM(J82:J85) -> 0 | ... AF28: =SUM(P82:P85) -> 3
B29: 11.45 - 12.00 | C29: 15 | D29: 0 | E29: 2 | F29: 1 | G29: 0 | H29: 0 | I29: 0 | J29: 0 | K29: 0 | L29: 0 | M29: 37 | N29: 0 | O29: =SUM(C29:L29,N29) -> 18 | P29: =SUM(C29:N29) -> 55 | R29: 0200-0300 | S29: =SUM(C86:C89) -> 1 | T29: =SUM(D86:D89) -> 0 | U29: =SUM(E86:E89) -> 2 | V29: =SUM(F86:F89) -> 1 | W29: =SUM(G86:G89) -> 0 | X29: =SUM(H86:H89) -> 0 | Y29: =SUM(I86:I89) -> 0 | Z29: =SUM(J86:J89) -> 1 | ... AF29: =SUM(P86:P89) -> 6
B30: 12.00 - 12.15 | C30: 3 | D30: 1 | E30: 5 | F30: 3 | G30: 0 | H30: 0 | I30: 1 | J30: 0 | K30: 0 | L30: 0 | M30: 36 | N30: 0 | O30: =SUM(C30:L30,N30) -> 13 | P30: =SUM(C30:N30) -> 49 | R30: 0300-0400 | S30: =SUM(C90:C93) -> 1 | T30: =SUM(D90:D93) -> 0 | U30: =SUM(E90:E93) -> 4 | V30: =SUM(F90:F93) -> 2 | W30: =SUM(G90:G93) -> 0 | X30: =SUM(H90:H93) -> 0 | Y30: =SUM(I90:I93) -> 0 | Z30: =SUM(J90:J93) -> 0 | ... AF30: =SUM(P90:P93) -> 10
B31: 12.15 - 12.30 | C31: 2 | D31: 0 | E31: 0 | F31: 3 | G31: 0 | H31: 0 | I31: 1 | J31: 0 | K31: 0 | L31: 0 | M31: 27 | N31: 0 | O31: =SUM(C31:L31,N31) -> 6 | P31: =SUM(C31:N31) -> 33 | R31: 0400-0500 | S31: =SUM(C94:C97) -> 4 | T31: =SUM(D94:D97) -> 0 | U31: =SUM(E94:E97) -> 0 | V31: =SUM(F94:F97) -> 0 | W31: =SUM(G94:G97) -> 0 | X31: =SUM(H94:H97) -> 1 | Y31: =SUM(I94:I97) -> 2 | Z31: =SUM(J94:J97) -> 0 | ... AF31: =SUM(P94:P97) -> 9
B32: 12.30 - 12.45 | C32: 2 | D32: 1 | E32: 4 | F32: 1 | G32: 0 | H32: 0 | I32: 0 | J32: 0 | K32: 2 | L32: 0 | M32: 23 | N32: 0 | O32: =SUM(C32:L32,N32) -> 10 | P32: =SUM(C32:N32) -> 33 | R32: 0500-0600 | S32: =SUM(C98:C101) -> 0 | T32: =SUM(D98:D101) -> 0 | U32: =SUM(E98:E101) -> 1 | V32: =SUM(F98:F101) -> 5 | W32: =SUM(G98:G101) -> 0 | X32: =SUM(H98:H101) -> 1 | Y32: =SUM(I98:I101) -> 1 | Z32: =SUM(J98:J101) -> 0 | ... AF32: =SUM(P98:P101) -> 20
B33: 12.45 - 13.00 | C33: 6 | D33: 0 | E33: 2 | F33: 2 | G33: 0 | H33: 0 | I33: 1 | J33: 1 | K33: 0 | L33: 0 | M33: 25 | N33: 0 | O33: =SUM(C33:L33,N33) -> 12 | P33: =SUM(C33:N33) -> 37 | R33: 0600-0700 | S33: =SUM(C102:C105) -> 3 | T33: =SUM(D102:D105) -> 0 | U33: =SUM(E102:E105) -> 4 | V33: =SUM(F102:F105) -> 14 | W33: =SUM(G102:G105) -> 0 | X33: =SUM(H102:H105) -> 2 | Y33: =SUM(I102:I105) -> 2 | Z33: =SUM(J102:J105) -> 0 | ... AF33: =SUM(P102:P105) -> 87
B34: 13.00 - 13.15 | C34: 9 | D34: 2 | E34: 9 | F34: 6 | G34: 1 | H34: 0 | I34: 1 | J34: 1 | K34: 3 | L34: 0 | M34: 30 | N34: 0 | O34: =SUM(C34:L34,N34) -> 32 | P34: =SUM(C34:N34) -> 62 | R34: AM Peak Hr | S34: =MAX(S10:S12) -> 12 | T34: =MAX(T10:T12) -> 1 | U34: =MAX(U10:U12) -> 10 | V34: =MAX(V10:V12) -> 10 | W34: =MAX(W10:W12) -> 0 | X34: =MAX(X10:X12) -> 2 | Y34: =MAX(Y10:Y12) -> 7 | Z34: =MAX(Z10:Z12) -> 1 | ... AF34: =MAX(AF10:AF12) -> 179
B35: 13.15 - 13.30 | C35: 2 | D35: 0 | E35: 3 | F35: 2 | G35: 0 | H35: 0 | I35: 1 | J35: 0 | K35: 0 | L35: 0 | M35: 30 | N35: 0 | O35: =SUM(C35:L35,N35) -> 8 | P35: =SUM(C35:N35) -> 38 | R35: IP Peak Hr | S35: =MAX(S13:S18) -> 39 | T35: =MAX(T13:T18) -> 3 | U35: =MAX(U13:U18) -> 16 | V35: =MAX(V13:V18) -> 15 | W35: =MAX(W13:W18) -> 6 | X35: =MAX(X13:X18) -> 0 | Y35: =MAX(Y13:Y18) -> 8 | Z35: =MAX(Z13:Z18) -> 3 | ... AF35: =MAX(AF13:AF18) -> 201
B36: 13.30 - 13.45 | C36: 3 | D36: 0 | E36: 3 | F36: 3 | G36: 0 | H36: 0 | I36: 2 | J36: 0 | K36: 0 | L36: 0 | M36: 16 | N36: 0 | O36: =SUM(C36:L36,N36) -> 11 | P36: =SUM(C36:N36) -> 27 | R36: PM Peak Hr | S36: =MAX(S19:S21) -> 15 | T36: =MAX(T19:T21) -> 4 | U36: =MAX(U19:U21) -> 17 | V36: =MAX(V19:V21) -> 17 | W36: =MAX(W19:W21) -> 0 | X36: =MAX(X19:X21) -> 0 | Y36: =MAX(Y19:Y21) -> 4 | Z36: =MAX(Z19:Z21) -> 0 | ... AF36: =MAX(AF19:AF21) -> 159
B37: 13.45 - 14.00 | C37: 2 | D37: 0 | E37: 1 | F37: 1 | G37: 0 | H37: 0 | I37: 1 | J37: 0 | K37: 0 | L37: 0 | M37: 28 | N37: 0 | O37: =SUM(C37:L37,N37) -> 5 | P37: =SUM(C37:N37) -> 33 | R37: AM Period | S37: =SUM(S10:S12) -> 21 | T37: =SUM(T10:T12) -> 1 | U37: =SUM(U10:U12) -> 16 | V37: =SUM(V10:V12) -> 24 | W37: =SUM(W10:W12) -> 0 | X37: =SUM(X10:X12) -> 4 | Y37: =SUM(Y10:Y12) -> 9 | Z37: =SUM(Z10:Z12) -> 1 | ... AF37: =SUM(AF10:AF12) -> 427
B38: 14.00 - 14.15 | C38: 1 | D38: 0 | E38: 0 | F38: 4 | G38: 0 | H38: 0 | I38: 0 | J38: 0 | K38: 0 | L38: 0 | M38: 20 | N38: 0 | O38: =SUM(C38:L38,N38) -> 5 | P38: =SUM(C38:N38) -> 25 | R38: IP Period | S38: =SUM(S13:S18) -> 110 | T38: =SUM(T13:T18) -> 11 | U38: =SUM(U13:U18) -> 71 | V38: =SUM(V13:V18) -> 62 | W38: =SUM(W13:W18) -> 9 | X38: =SUM(X13:X18) -> 0 | Y38: =SUM(Y13:Y18) -> 21 | Z38: =SUM(Z13:Z18) -> 7 | ... AF38: =SUM(AF13:AF18) -> 973
B39: 14.15 - 14.30 | C39: 1 | D39: 0 | E39: 2 | F39: 2 | G39: 0 | H39: 0 | I39: 1 | J39: 1 | K39: 0 | L39: 0 | M39: 29 | N39: 0 | O39: =SUM(C39:L39,N39) -> 7 | P39: =SUM(C39:N39) -> 36 | R39: PM Period | S39: =SUM(S19:S21) -> 38 | T39: =SUM(T19:T21) -> 7 | U39: =SUM(U19:U21) -> 37 | V39: =SUM(V19:V21) -> 34 | W39: =SUM(W19:W21) -> 0 | X39: =SUM(X19:X21) -> 0 | Y39: =SUM(Y19:Y21) -> 12 | Z39: =SUM(Z19:Z21) -> 0 | ... AF39: =SUM(AF19:AF21) -> 454
B40: 14.30 - 14.45 | C40: 5 | D40: 1 | E40: 6 | F40: 2 | G40: 6 | H40: 0 | I40: 1 | J40: 2 | K40: 0 | L40: 0 | M40: 25 | N40: 0 | O40: =SUM(C40:L40,N40) -> 23 | P40: =SUM(C40:N40) -> 48 | R40: 12 Hours | S40: =SUM(S10:S21) -> 169 | T40: =SUM(T10:T21) -> 19 | U40: =SUM(U10:U21) -> 124 | V40: =SUM(V10:V21) -> 120 | W40: =SUM(W10:W21) -> 9 | X40: =SUM(X10:X21) -> 4 | Y40: =SUM(Y10:Y21) -> 42 | Z40: =SUM(Z10:Z21) -> 8 | ... AF40: =SUM(AF10:AF21) -> 1854
B41: 14.45 - 15.00 | C41: 1 | D41: 0 | E41: 1 | F41: 7 | G41: 0 | H41: 0 | I41: 0 | J41: 0 | K41: 1 | L41: 0 | M41: 20 | N41: 0 | O41: =SUM(C41:L41,N41) -> 10 | P41: =SUM(C41:N41) -> 30 | R41: 24 Hrs/ADT | S41: =SUM(S10:S33) -> 227 | T41: =SUM(T10:T33) -> 22 | U41: =SUM(U10:U33) -> 175 | V41: =SUM(V10:V33) -> 169 | W41: =SUM(W10:W33) -> 11 | X41: =SUM(X10:X33) -> 8 | Y41: =SUM(Y10:Y33) -> 69 | Z41: =SUM(Z10:Z33) -> 12 | ... AF41: =SUM(AF10:AF33) -> 2277
B42: 15.00 - 15.15 | C42: 4 | D42: 0 | E42: 0 | F42: 0 | G42: 0 | H42: 0 | I42: 1 | J42: 0 | K42: 0 | L42: 0 | M42: 17 | N42: 0 | O42: =SUM(C42:L42,N42) -> 5 | P42: =SUM(C42:N42) -> 22 | R42: NEF | S42: =S41/S40 -> 1.3431953 | T42: =T41/T40 -> 1.1578947 | U42: =U41/U40 -> 1.4112903 | V42: =V41/V40 -> 1.4083333 | W42: =W41/W40 -> 1.2222222 | X42: =X41/X40 -> 2 | Y42: =Y41/Y40 -> 1.6428571 | Z42: =Z41/Z40 -> 1.5 | ... AF42: =AF41/AF40 -> 1.2281553
B43: 15.15 - 15.30 | C43: 7 | D43: 0 | E43: 3 | F43: 1 | G43: 0 | H43: 0 | I43: 0 | J43: 0 | K43: 0 | L43: 0 | M43: 23 | N43: 0 | O43: =SUM(C43:L43,N43) -> 11 | P43: =SUM(C43:N43) -> 34
B44: 15.30 - 15.45 | C44: 3 | D44: 1 | E44: 4 | F44: 3 | G44: 0 | H44: 0 | I44: 2 | J44: 0 | K44: 0 | L44: 0 | M44: 30 | N44: 0 | O44: =SUM(C44:L44,N44) -> 13 | P44: =SUM(C44:N44) -> 43
B45: 15.45 - 16.00 | C45: 2 | D45: 0 | E45: 2 | F45: 2 | G45: 1 | H45: 0 | I45: 5 | J45: 0 | K45: 0 | L45: 0 | M45: 25 | N45: 0 | O45: =SUM(C45:L45,N45) -> 12 | P45: =SUM(C45:N45) -> 37
B46: 16.00 - 16.15 | C46: 4 | D46: 0 | E46: 1 | F46: 4 | G46: 0 | H46: 0 | I46: 0 | J46: 0 | K46: 0 | L46: 0 | M46: 28 | N46: 0 | O46: =SUM(C46:L46,N46) -> 9 | P46: =SUM(C46:N46) -> 37
B47: 16.15 -16.30 | C47: 4 | D47: 0 | E47: 0 | F47: 2 | G47: 0 | H47: 0 | I47: 0 | J47: 0 | K47: 0 | L47: 0 | M47: 24 | N47: 0 | O47: =SUM(C47:L47,N47) -> 6 | P47: =SUM(C47:N47) -> 30
B48: 16.30 -16.45 | C48: 3 | D48: 0 | E48: 2 | F48: 2 | G48: 0 | H48: 0 | I48: 0 | J48: 0 | K48: 0 | L48: 0 | M48: 20 | N48: 0 | O48: =SUM(C48:L48,N48) -> 7 | P48: =SUM(C48:N48) -> 27
B49: 16.45 -17.00 | C49: 4 | D49: 2 | E49: 7 | F49: 1 | G49: 0 | H49: 0 | I49: 4 | J49: 0 | K49: 0 | L49: 0 | M49: 26 | N49: 0 | O49: =SUM(C49:L49,N49) -> 18 | P49: =SUM(C49:N49) -> 44
B50: 17.00 -17.15 | C50: 4 | D50: 2 | E50: 7 | F50: 7 | G50: 0 | H50: 0 | I50: 1 | J50: 0 | K50: 0 | L50: 0 | M50: 27 | N50: 0 | O50: =SUM(C50:L50,N50) -> 21 | P50: =SUM(C50:N50) -> 48
B51: 17.15 -17.30 | C51: 1 | D51: 0 | E51: 1 | F51: 4 | G51: 0 | H51: 0 | I51: 2 | J51: 0 | K51: 0 | L51: 0 | M51: 20 | N51: 0 | O51: =SUM(C51:L51,N51) -> 8 | P51: =SUM(C51:N51) -> 28
B52: 17.30 -17.45 | C52: 2 | D52: 1 | E52: 4 | F52: 2 | G52: 0 | H52: 0 | I52: 0 | J52: 0 | K52: 0 | L52: 0 | M52: 33 | N52: 0 | O52: =SUM(C52:L52,N52) -> 9 | P52: =SUM(C52:N52) -> 42
B53: 17.45 -18.00 | C53: 7 | D53: 1 | E53: 5 | F53: 4 | G53: 0 | H53: 0 | I53: 1 | J53: 0 | K53: 0 | L53: 0 | M53: 23 | N53: 0 | O53: =SUM(C53:L53,N53) -> 18 | P53: =SUM(C53:N53) -> 41
B54: 18.00 - 18.15 | C54: 2 | D54: 0 | E54: 1 | F54: 4 | G54: 0 | H54: 0 | I54: 0 | J54: 0 | K54: 0 | L54: 0 | M54: 32 | N54: 0 | O54: =SUM(C54:L54,N54) -> 7 | P54: =SUM(C54:N54) -> 39
... B105: 06.45 - 07.00 | C105: 0 | D105: 0 | E105: 2 | F105: 1 | G105: 0 | H105: 0 | I105: 0 | J105: 0 | K105: 0 | L105: 0 | M105: 27 | N105: 0 | O105: =SUM(C105:L105,N105) -> 3 | P105: =SUM(C105:N105) -> 30
B106: Totals | C106: =SUM(C10:C105) -> 227 | D106: =SUM(D10:D105) -> 22 | E106: =SUM(E10:E105) -> 175 | F106: =SUM(F10:F105) -> 169 | G106: =SUM(G10:G105) -> 11 | H106: =SUM(H10:H105) -> 8 | I106: =SUM(I10:I105) -> 69 | J106: =SUM(J10:J105) -> 12 | ... P106: =SUM(P10:P105) -> 2277
B107: %ges + MCs | C107: =C106/$P$106 -> 0.099692578 | D107: =D106/$P$106 -> 0.0096618357 | E107: =E106/$P$106 -> 0.076855512 | F107: =F106/$P$106 -> 0.074220466 | G107: =G106/$P$106 -> 0.0048309179 | H107: =H106/$P$106 -> 0.0035133948 | I107: =I106/$P$106 -> 0.03030303 | J107: =J106/$P$106 -> 0.0052700922 | ... N107: =N106/$P$106 -> 0.0008783487
B108: %ges w/o MCs | C108: =C106/$O$106 -> 0.32336182 | D108: =D106/$O$106 -> 0.031339031 | E108: =E106/$O$106 -> 0.24928775 | F108: =F106/$O$106 -> 0.24074074 | G108: =G106/$O$106 -> 0.015669516 | H108: =H106/$O$106 -> 0.011396011 | I108: =I106/$O$106 -> 0.098290598 | J108: =J106/$O$106 -> 0.017094017 | ... L108: =L106/$O$106 -> 0 | N108: =N106/$O$106 -> 0.0028490028

Sheet 16.08 Tororo-Malaba-24h
B1: Consultancy services for Preparation of Expressway Development Master Plan (EDMP) for Uganda
B2: MANUAL CLASSIFIED COUNT (MCC)
B3: ROAD NAME: | C3: ='12.08 Malaba-Tororo'!C3:G3 -> MCC - C3b- STN143 - TORORO-MALABA ROAD
C5: Date | D5: ='16.08 Malaba-Tororo-24h'!D5 -> 16.08.19 | F5: Location | G5: ='16.08 Malaba-Tororo-24h'!G5:H5 -> xxx | J5: Surveyor | K5: ='16.08 Malaba-Tororo-24h'!K5:L5 -> xxx
C6: Dir. From | D6: ='12.08 Tororo-Malaba'!D6:E6 -> Tororo | F6: Dir. To | G6: ='13.08 Tororo-Malaba'!G6:H6 -> Malaba | J6: Supervisor | K6: ='16.08 Malaba-Tororo-24h'!K6:L6 -> xxx
B8: Time / Veh Type | R8: SUMMARY TRAFFIC VOLUMES
C9: 1. Car | D9: 2. Station Wagon | E9: 3. Pickups | F9: 4. Minibus, matatu | G9: 5. Medium bus | H9: 6. Large Bus | I9: 7. Light Truck | J9: 8. Medium Truck | K9: 9. Heavy truck | L9: 10. Truck Trailer | M9: 11. Motor cycles | N9: 12. Tractors | O9: Total Excl M/Cycles | P9: Total All | R9: Time | S9: 1. Car | T9: 2. Station Wagon | U9: 3. Pickups | V9: 4. Minibus, matatu | W9: 5. Medium bus | X9: 6. Large Bus | Y9: 7. Light Truck | Z9: 8. Medium Truck | AA9: 9. Heavy truck | AB9: 10. Truck Trailer | AC9: 11. Motorcycles | AD9: 12. Tractors, Graders | AE9: Total Excl M/ Cycles | AF9: Total All
B10: 07.00 - 07.15 | C10: 0 | D10: 0 | E10: 0 | F10: 1 | G10: 0 | H10: 0 | I10: 0 | J10: 0 | K10: 0 | L10: 0 | M10: 7 | N10: 0 | O10: =SUM(C10:L10,N10) -> 1 | P10: =SUM(C10:N10) -> 8 | R10: 0700-0800 | S10: =SUM(C10:C13) -> 5 | T10: =SUM(D10:D13) -> 1 | U10: =SUM(E10:E13) -> 4 | V10: =SUM(F10:F13) -> 3 | W10: =SUM(G10:G13) -> 1 | X10: =SUM(H10:H13) -> 0 | Y10: =SUM(I10:I13) -> 6 | Z10: =SUM(J10:J13) -> 0 | ... AF10: =SUM(P10:P13) -> 97
B11: 07.15 - 07.30 | C11: 0 | D11: 0 | E11: 0 | F11: 1 | G11: 0 | H11: 0 | I11: 5 | J11: 0 | K11: 0 | L11: 0 | M11: 20 | N11: 0 | O11: =SUM(C11:L11,N11) -> 6 | P11: =SUM(C11:N11) -> 26 | R11: 0800-0900 | S11: =SUM(C14:C17) -> 8 | T11: =SUM(D14:D17) -> 0 | U11: =SUM(E14:E17) -> 2 | V11: =SUM(F14:F17) -> 5 | W11: =SUM(G14:G17) -> 0 | X11: =SUM(H14:H17) -> 0 | Y11: =SUM(I14:I17) -> 6 | Z11: =SUM(J14:J17) -> 0 | ... AF11: =SUM(P14:P17) -> 122
B12: 07.30 - 07.45 | C12: 2 | D12: 0 | E12: 0 | F12: 1 | G12: 1 | H12: 0 | I12: 1 | J12: 0 | K12: 0 | L12: 0 | M12: 25 | N12: 0 | O12: =SUM(C12:L12,N12) -> 5 | P12: =SUM(C12:N12) -> 30 | R12: 0900-1000 | S12: =SUM(C18:C21) -> 9 | T12: =SUM(D18:D21) -> 1 | U12: =SUM(E18:E21) -> 8 | V12: =SUM(F18:F21) -> 6 | W12: =SUM(G18:G21) -> 0 | X12: =SUM(H18:H21) -> 0 | Y12: =SUM(I18:I21) -> 3 | Z12: =SUM(J18:J21) -> 0 | ... AF12: =SUM(P18:P21) -> 152
B13: 07.45 - 08.00 | C13: 3 | D13: 1 | E13: 4 | F13: 0 | G13: 0 | H13: 0 | I13: 0 | J13: 0 | K13: 0 | L13: 0 | M13: 25 | N13: 0 | O13: =SUM(C13:L13,N13) -> 8 | P13: =SUM(C13:N13) -> 33 | R13: 1000-1100 | S13: =SUM(C22:C25) -> 9 | T13: =SUM(D22:D25) -> 1 | U13: =SUM(E22:E25) -> 5 | V13: =SUM(F22:F25) -> 6 | W13: =SUM(G22:G25) -> 2 | X13: =SUM(H22:H25) -> 0 | Y13: =SUM(I22:I25) -> 3 | Z13: =SUM(J22:J25) -> 0 | ... AF13: =SUM(P22:P25) -> 135
B14: 08.00 - 08.15 | C14: 2 | D14: 0 | E14: 0 | F14: 1 | G14: 0 | H14: 0 | I14: 0 | J14: 0 | K14: 0 | L14: 0 | M14: 25 | N14: 0 | O14: =SUM(C14:L14,N14) -> 3 | P14: =SUM(C14:N14) -> 28 | R14: 1100-1200 | S14: =SUM(C26:C29) -> 6 | T14: =SUM(D26:D29) -> 0 | U14: =SUM(E26:E29) -> 3 | V14: =SUM(F26:F29) -> 10 | W14: =SUM(G26:G29) -> 3 | X14: =SUM(H26:H29) -> 1 | Y14: =SUM(I26:I29) -> 1 | Z14: =SUM(J26:J29) -> 0 | ... AF14: =SUM(P26:P29) -> 154
B15: 08.15 - 08.30 | C15: 1 | D15: 0 | E15: 0 | F15: 2 | G15: 0 | H15: 0 | I15: 5 | J15: 0 | K15: 0 | L15: 0 | M15: 28 | N15: 0 | O15: =SUM(C15:L15,N15) -> 8 | P15: =SUM(C15:N15) -> 36 | R15: 1200-1300 | S15: =SUM(C30:C33) -> 11 | T15: =SUM(D30:D33) -> 0 | U15: =SUM(E30:E33) -> 5 | V15: =SUM(F30:F33) -> 7 | W15: =SUM(G30:G33) -> 0 | X15: =SUM(H30:H33) -> 0 | Y15: =SUM(I30:I33) -> 6 | Z15: =SUM(J30:J33) -> 0 | ... AF15: =SUM(P30:P33) -> 116
B16: 08.30 - 08.45 | C16: 2 | D16: 0 | E16: 0 | F16: 0 | G16: 0 | H16: 0 | I16: 1 | J16: 0 | K16: 0 | L16: 0 | M16: 12 | N16: 1 | O16: =SUM(C16:L16,N16) -> 4 | P16: =SUM(C16:N16) -> 16 | R16: 1300-1400 | S16: =SUM(C34:C37) -> 9 | T16: =SUM(D34:D37) -> 1 | U16: =SUM(E34:E37) -> 8 | V16: =SUM(F34:F37) -> 14 | W16: =SUM(G34:G37) -> 0 | X16: =SUM(H34:H37) -> 0 | Y16: =SUM(I34:I37) -> 2 | Z16: =SUM(J34:J37) -> 0 | ... AF16: =SUM(P34:P37) -> 123
B17: 08.45 - 9.00 | C17: 3 | D17: 0 | E17: 2 | F17: 2 | G17: 0 | H17: 0 | I17: 0 | J17: 0 | K17: 0 | L17: 0 | M17: 35 | N17: 0 | O17: =SUM(C17:L17,N17) -> 7 | P17: =SUM(C17:N17) -> 42 | R17: 1400-1500 | S17: =SUM(C38:C41) -> 15 | T17: =SUM(D38:D41) -> 0 | U17: =SUM(E38:E41) -> 3 | V17: =SUM(F38:F41) -> 6 | W17: =SUM(G38:G41) -> 1 | X17: =SUM(H38:H41) -> 1 | Y17: =SUM(I38:I41) -> 3 | Z17: =SUM(J38:J41) -> 1 | ... AF17: =SUM(P38:P41) -> 148
B18: 09.00 - 09.15 | C18: 1 | D18: 0 | E18: 3 | F18: 0 | G18: 0 | H18: 0 | I18: 1 | J18: 0 | K18: 0 | L18: 0 | M18: 24 | N18: 0 | O18: =SUM(C18:L18,N18) -> 5 | P18: =SUM(C18:N18) -> 29 | R18: 1500-1600 | S18: =SUM(C42:C45) -> 9 | T18: =SUM(D42:D45) -> 0 | U18: =SUM(E42:E45) -> 4 | V18: =SUM(F42:F45) -> 9 | W18: =SUM(G42:G45) -> 1 | X18: =SUM(H42:H45) -> 1 | Y18: =SUM(I42:I45) -> 2 | Z18: =SUM(J42:J45) -> 0 | ... AF18: =SUM(P42:P45) -> 153
B19: 09.15 - 09.30 | C19: 5 | D19: 0 | E19: 1 | F19: 2 | G19: 0 | H19: 0 | I19: 2 | J19: 0 | K19: 0 | L19: 0 | M19: 31 | N19: 0 | O19: =SUM(C19:L19,N19) -> 10 | P19: =SUM(C19:N19) -> 41 | R19: 1600-1700 | S19: =SUM(C46:C49) -> 14 | T19: =SUM(D46:D49) -> 0 | U19: =SUM(E46:E49) -> 6 | V19: =SUM(F46:F49) -> 15 | W19: =SUM(G46:G49) -> 0 | X19: =SUM(H46:H49) -> 0 | Y19: =SUM(I46:I49) -> 2 | Z19: =SUM(J46:J49) -> 1 | ... AF19: =SUM(P46:P49) -> 128
B20: 09.30 - 09.45 | C20: 2 | D20: 1 | E20: 4 | F20: 0 | G20: 0 | H20: 0 | I20: 0 | J20: 0 | K20: 0 | L20: 0 | M20: 27 | N20: 0 | O20: =SUM(C20:L20,N20) -> 7 | P20: =SUM(C20:N20) -> 34 | R20: 1700-1800 | S20: =SUM(C50:C53) -> 11 | T20: =SUM(D50:D53) -> 0 | U20: =SUM(E50:E53) -> 4 | V20: =SUM(F50:F53) -> 8 | W20: =SUM(G50:G53) -> 0 | X20: =SUM(H50:H53) -> 0 | Y20: =SUM(I50:I53) -> 3 | Z20: =SUM(J50:J53) -> 0 | ... AF20: =SUM(P50:P53) -> 119
B21: 09.45 - 10.00 | C21: 1 | D21: 0 | E21: 0 | F21: 4 | G21: 0 | H21: 0 | I21: 0 | J21: 0 | K21: 0 | L21: 0 | M21: 43 | N21: 0 | O21: =SUM(C21:L21,N21) -> 5 | P21: =SUM(C21:N21) -> 48 | R21: 1800-1900 | S21: =SUM(C54:C57) -> 12 | T21: =SUM(D54:D57) -> 0 | U21: =SUM(E54:E57) -> 3 | V21: =SUM(F54:F57) -> 11 | W21: =SUM(G54:G57) -> 5 | X21: =SUM(H54:H57) -> 5 | Y21: =SUM(I54:I57) -> 1 | Z21: =SUM(J54:J57) -> 1 | ... AF21: =SUM(P54:P57) -> 136
B22: 10.00 - 10.15 | C22: 2 | D22: 0 | E22: 1 | F22: 0 | G22: 2 | H22: 0 | I22: 0 | J22: 0 | K22: 0 | L22: 0 | M22: 29 | N22: 0 | O22: =SUM(C22:L22,N22) -> 5 | P22: =SUM(C22:N22) -> 34 | R22: 1900-2000 | S22: =SUM(C58:C61) -> 9 | T22: =SUM(D58:D61) -> 3 | U22: =SUM(E58:E61) -> 12 | V22: =SUM(F58:F61) -> 12 | W22: =SUM(G58:G61) -> 0 | X22: =SUM(H58:H61) -> 0 | Y22: =SUM(I58:I61) -> 3 | Z22: =SUM(J58:J61) -> 2 | ... AF22: =SUM(P58:P61) -> 118
B23: 10.15 - 10.30 | C23: 2 | D23: 1 | E23: 4 | F23: 3 | G23: 0 | H23: 0 | I23: 1 | J23: 0 | K23: 0 | L23: 0 | M23: 15 | N23: 0 | O23: =SUM(C23:L23,N23) -> 11 | P23: =SUM(C23:N23) -> 26 | R23: 2000-2100 | S23: =SUM(C62:C65) -> 11 | T23: =SUM(D62:D65) -> 1 | U23: =SUM(E62:E65) -> 8 | V23: =SUM(F62:F65) -> 6 | W23: =SUM(G62:G65) -> 0 | X23: =SUM(H62:H65) -> 0 | Y23: =SUM(I62:I65) -> 2 | Z23: =SUM(J62:J65) -> 0 | ... AF23: =SUM(P62:P65) -> 66
B24: 10.30 - 10.45 | C24: 3 | D24: 0 | E24: 0 | F24: 1 | G24: 0 | H24: 0 | I24: 1 | J24: 0 | K24: 0 | L24: 0 | M24: 28 | N24: 0 | O24: =SUM(C24:L24,N24) -> 5 | P24: =SUM(C24:N24) -> 33 | R24: 2100-2200 | S24: =SUM(C66:C69) -> 11 | T24: =SUM(D66:D69) -> 0 | U24: =SUM(E66:E69) -> 4 | V24: =SUM(F66:F69) -> 4 | W24: =SUM(G66:G69) -> 0 | X24: =SUM(H66:H69) -> 0 | Y24: =SUM(I66:I69) -> 1 | Z24: =SUM(J66:J69) -> 1 | ... AF24: =SUM(P66:P69) -> 43
B25: 10.45 - 11.00 | C25: 2 | D25: 0 | E25: 0 | F25: 2 | G25: 0 | H25: 0 | I25: 1 | J25: 0 | K25: 0 | L25: 0 | M25: 37 | N25: 0 | O25: =SUM(C25:L25,N25) -> 5 | P25: =SUM(C25:N25) -> 42 | R25: 2200-2300 | S25: =SUM(C70:C73) -> 7 | T25: =SUM(D70:D73) -> 0 | U25: =SUM(E70:E73) -> 4 | V25: =SUM(F70:F73) -> 4 | W25: =SUM(G70:G73) -> 0 | X25: =SUM(H70:H73) -> 2 | Y25: =SUM(I70:I73) -> 3 | Z25: =SUM(J70:J73) -> 0 | ... AF25: =SUM(P70:P73) -> 33
B26: 11.00 - 11.15 | C26: 2 | D26: 0 | E26: 0 | F26: 4 | G26: 0 | H26: 0 | I26: 0 | J26: 0 | K26: 0 | L26: 0 | M26: 41 | N26: 0 | O26: =SUM(C26:L26,N26) -> 6 | P26: =SUM(C26:N26) -> 47 | R26: 2300-0000 | S26: =SUM(C74:C77) -> 4 | T26: =SUM(D74:D77) -> 0 | U26: =SUM(E74:E77) -> 1 | V26: =SUM(F74:F77) -> 0 | W26: =SUM(G74:G77) -> 0 | X26: =SUM(H74:H77) -> 1 | Y26: =SUM(I74:I77) -> 0 | Z26: =SUM(J74:J77) -> 0 | ... AF26: =SUM(P74:P77) -> 13
B27: 11.15 - 11.30 | C27: 0 | D27: 0 | E27: 0 | F27: 1 | G27: 0 | H27: 0 | I27: 1 | J27: 0 | K27: 0 | L27: 0 | M27: 31 | N27: 0 | O27: =SUM(C27:L27,N27) -> 2 | P27: =SUM(C27:N27) -> 33 | R27: 0000-0100 | S27: =SUM(C78:C81) -> 1 | T27: =SUM(D78:D81) -> 0 | U27: =SUM(E78:E81) -> 1 | V27: =SUM(F78:F81) -> 2 | W27: =SUM(G78:G81) -> 0 | X27: =SUM(H78:H81) -> 0 | Y27: =SUM(I78:I81) -> 0 | Z27: =SUM(J78:J81) -> 0 | ... AF27: =SUM(P78:P81) -> 4
B28: 11.30 - 11.45 | C28: 1 | D28: 0 | E28: 1 | F28: 2 | G28: 0 | H28: 0 | I28: 0 | J28: 0 | K28: 0 | L28: 0 | M28: 27 | N28: 0 | O28: =SUM(C28:L28,N28) -> 4 | P28: =SUM(C28:N28) -> 31 | R28: 0100-0200 | S28: =SUM(C82:C85) -> 1 | T28: =SUM(D82:D85) -> 0 | U28: =SUM(E82:E85) -> 4 | V28: =SUM(F82:F85) -> 1 | W28: =SUM(G82:G85) -> 0 | X28: =SUM(H82:H85) -> 2 | Y28: =SUM(I82:I85) -> 0 | Z28: =SUM(J82:J85) -> 1 | ... AF28: =SUM(P82:P85) -> 11
B29: 11.45 - 12.00 | C29: 3 | D29: 0 | E29: 2 | F29: 3 | G29: 3 | H29: 1 | I29: 0 | J29: 0 | K29: 0 | L29: 0 | M29: 31 | N29: 0 | O29: =SUM(C29:L29,N29) -> 12 | P29: =SUM(C29:N29) -> 43 | R29: 0200-0300 | S29: =SUM(C86:C89) -> 4 | T29: =SUM(D86:D89) -> 0 | U29: =SUM(E86:E89) -> 1 | V29: =SUM(F86:F89) -> 0 | W29: =SUM(G86:G89) -> 0 | X29: =SUM(H86:H89) -> 0 | Y29: =SUM(I86:I89) -> 1 | Z29: =SUM(J86:J89) -> 0 | ... AF29: =SUM(P86:P89) -> 6
B30: 12.00 - 12.15 | C30: 7 | D30: 0 | E30: 2 | F30: 2 | G30: 0 | H30: 0 | I30: 3 | J30: 0 | K30: 0 | L30: 0 | M30: 26 | N30: 0 | O30: =SUM(C30:L30,N30) -> 14 | P30: =SUM(C30:N30) -> 40 | R30: 0300-0400 | S30: =SUM(C90:C93) -> 2 | T30: =SUM(D90:D93) -> 0 | U30: =SUM(E90:E93) -> 0 | V30: =SUM(F90:F93) -> 0 | W30: =SUM(G90:G93) -> 0 | X30: =SUM(H90:H93) -> 1 | Y30: =SUM(I90:I93) -> 0 | Z30: =SUM(J90:J93) -> 0 | ... AF30: =SUM(P90:P93) -> 7
B31: 12.15 - 12.30 | C31: 2 | D31: 0 | E31: 0 | F31: 3 | G31: 0 | H31: 0 | I31: 0 | J31: 0 | K31: 0 | L31: 0 | M31: 30 | N31: 0 | O31: =SUM(C31:L31,N31) -> 5 | P31: =SUM(C31:N31) -> 35 | R31: 0400-0500 | S31: =SUM(C94:C97) -> 0 | T31: =SUM(D94:D97) -> 0 | U31: =SUM(E94:E97) -> 1 | V31: =SUM(F94:F97) -> 1 | W31: =SUM(G94:G97) -> 0 | X31: =SUM(H94:H97) -> 0 | Y31: =SUM(I94:I97) -> 4 | Z31: =SUM(J94:J97) -> 0 | ... AF31: =SUM(P94:P97) -> 14
B32: 12.30 - 12.45 | C32: 2 | D32: 0 | E32: 2 | F32: 1 | G32: 0 | H32: 0 | I32: 2 | J32: 0 | K32: 0 | L32: 0 | M32: 30 | N32: 0 | O32: =SUM(C32:L32,N32) -> 7 | P32: =SUM(C32:N32) -> 37 | R32: 0500-0600 | S32: =SUM(C98:C101) -> 1 | T32: =SUM(D98:D101) -> 0 | U32: =SUM(E98:E101) -> 0 | V32: =SUM(F98:F101) -> 6 | W32: =SUM(G98:G101) -> 0 | X32: =SUM(H98:H101) -> 0 | Y32: =SUM(I98:I101) -> 1 | Z32: =SUM(J98:J101) -> 0 | ... AF32: =SUM(P98:P101) -> 33
B33: 12.45 - 13.00 | C33: 0 | D33: 0 | E33: 1 | F33: 1 | G33: 0 | H33: 0 | I33: 1 | J33: 0 | K33: 0 | L33: 0 | M33: 1 | N33: 0 | O33: =SUM(C33:L33,N33) -> 3 | P33: =SUM(C33:N33) -> 4 | R33: 0600-0700 | S33: =SUM(C102:C105) -> 7 | T33: =SUM(D102:D105) -> 0 | U33: =SUM(E102:E105) -> 1 | V33: =SUM(F102:F105) -> 4 | W33: =SUM(G102:G105) -> 0 | X33: =SUM(H102:H105) -> 0 | Y33: =SUM(I102:I105) -> 2 | Z33: =SUM(J102:J105) -> 0 | ... AF33: =SUM(P102:P105) -> 101
B34: 13.00 - 13.15 | C34: 5 | D34: 0 | E34: 0 | F34: 5 | G34: 0 | H34: 0 | I34: 0 | J34: 0 | K34: 0 | L34: 0 | M34: 29 | N34: 0 | O34: =SUM(C34:L34,N34) -> 10 | P34: =SUM(C34:N34) -> 39 | R34: AM Peak Hr | S34: =MAX(S10:S12) -> 9 | T34: =MAX(T10:T12) -> 1 | U34: =MAX(U10:U12) -> 8 | V34: =MAX(V10:V12) -> 6 | W34: =MAX(W10:W12) -> 1 | X34: =MAX(X10:X12) -> 0 | Y34: =MAX(Y10:Y12) -> 6 | Z34: =MAX(Z10:Z12) -> 0 | ... AF34: =MAX(AF10:AF12) -> 152
B35: 13.15 - 13.30 | C35: 2 | D35: 0 | E35: 2 | F35: 2 | G35: 0 | H35: 0 | I35: 0 | J35: 0 | K35: 0 | L35: 0 | M35: 21 | N35: 0 | O35: =SUM(C35:L35,N35) -> 6 | P35: =SUM(C35:N35) -> 27 | R35: IP Peak Hr | S35: =MAX(S13:S18) -> 15 | T35: =MAX(T13:T18) -> 1 | U35: =MAX(U13:U18) -> 8 | V35: =MAX(V13:V18) -> 14 | W35: =MAX(W13:W18) -> 3 | X35: =MAX(X13:X18) -> 1 | Y35: =MAX(Y13:Y18) -> 6 | Z35: =MAX(Z13:Z18) -> 1 | ... AF35: =MAX(AF13:AF18) -> 154
B36: 13.30 - 13.45 | C36: 1 | D36: 1 | E36: 4 | F36: 3 | G36: 0 | H36: 0 | I36: 1 | J36: 0 | K36: 0 | L36: 0 | M36: 20 | N36: 0 | O36: =SUM(C36:L36,N36) -> 10 | P36: =SUM(C36:N36) -> 30 | R36: PM Peak Hr | S36: =MAX(S19:S21) -> 14 | T36: =MAX(T19:T21) -> 0 | U36: =MAX(U19:U21) -> 6 | V36: =MAX(V19:V21) -> 15 | W36: =MAX(W19:W21) -> 5 | X36: =MAX(X19:X21) -> 5 | Y36: =MAX(Y19:Y21) -> 3 | Z36: =MAX(Z19:Z21) -> 1 | ... AF36: =MAX(AF19:AF21) -> 136
B37: 13.45 - 14.00 | C37: 1 | D37: 0 | E37: 2 | F37: 4 | G37: 0 | H37: 0 | I37: 1 | J37: 0 | K37: 0 | L37: 0 | M37: 19 | N37: 0 | O37: =SUM(C37:L37,N37) -> 8 | P37: =SUM(C37:N37) -> 27 | R37: AM Period | S37: =SUM(S10:S12) -> 22 | T37: =SUM(T10:T12) -> 2 | U37: =SUM(U10:U12) -> 14 | V37: =SUM(V10:V12) -> 14 | W37: =SUM(W10:W12) -> 1 | X37: =SUM(X10:X12) -> 0 | Y37: =SUM(Y10:Y12) -> 15 | Z37: =SUM(Z10:Z12) -> 0 | ... AF37: =SUM(AF10:AF12) -> 371
B38: 14.00 - 14.15 | C38: 5 | D38: 0 | E38: 0 | F38: 2 | G38: 1 | H38: 0 | I38: 0 | J38: 0 | K38: 0 | L38: 0 | M38: 24 | N38: 0 | O38: =SUM(C38:L38,N38) -> 8 | P38: =SUM(C38:N38) -> 32 | R38: IP Period | S38: =SUM(S13:S18) -> 59 | T38: =SUM(T13:T18) -> 2 | U38: =SUM(U13:U18) -> 28 | V38: =SUM(V13:V18) -> 52 | W38: =SUM(W13:W18) -> 7 | X38: =SUM(X13:X18) -> 3 | Y38: =SUM(Y13:Y18) -> 17 | Z38: =SUM(Z13:Z18) -> 1 | ... AF38: =SUM(AF13:AF18) -> 829
B39: 14.15 - 14.30 | C39: 3 | D39: 0 | E39: 0 | F39: 1 | G39: 0 | H39: 1 | I39: 1 | J39: 1 | K39: 0 | L39: 0 | M39: 21 | N39: 0 | O39: =SUM(C39:L39,N39) -> 7 | P39: =SUM(C39:N39) -> 28 | R39: PM Period | S39: =SUM(S19:S21) -> 37 | T39: =SUM(T19:T21) -> 0 | U39: =SUM(U19:U21) -> 13 | V39: =SUM(V19:V21) -> 34 | W39: =SUM(W19:W21) -> 5 | X39: =SUM(X19:X21) -> 5 | Y39: =SUM(Y19:Y21) -> 6 | Z39: =SUM(Z19:Z21) -> 2 | ... AF39: =SUM(AF19:AF21) -> 383
B40: 14.30 - 14.45 | C40: 5 | D40: 0 | E40: 2 | F40: 1 | G40: 0 | H40: 0 | I40: 1 | J40: 0 | K40: 0 | L40: 0 | M40: 40 | N40: 0 | O40: =SUM(C40:L40,N40) -> 9 | P40: =SUM(C40:N40) -> 49 | R40: 12 Hours | S40: =SUM(S10:S21) -> 118 | T40: =SUM(T10:T21) -> 4 | U40: =SUM(U10:U21) -> 55 | V40: =SUM(V10:V21) -> 100 | W40: =SUM(W10:W21) -> 13 | X40: =SUM(X10:X21) -> 8 | Y40: =SUM(Y10:Y21) -> 38 | Z40: =SUM(Z10:Z21) -> 3 | ... AF40: =SUM(AF10:AF21) -> 1583
B41: 14.45 - 15.00 | C41: 2 | D41: 0 | E41: 1 | F41: 2 | G41: 0 | H41: 0 | I41: 1 | J41: 0 | K41: 0 | L41: 0 | M41: 33 | N41: 0 | O41: =SUM(C41:L41,N41) -> 6 | P41: =SUM(C41:N41) -> 39 | R41: 24 Hrs/ADT | S41: =SUM(S10:S33) -> 176 | T41: =SUM(T10:T33) -> 8 | U41: =SUM(U10:U33) -> 92 | V41: =SUM(V10:V33) -> 140 | W41: =SUM(W10:W33) -> 13 | X41: =SUM(X10:X33) -> 14 | Y41: =SUM(Y10:Y33) -> 55 | Z41: =SUM(Z10:Z33) -> 7 | ... AF41: =SUM(AF10:AF33) -> 2032
B42: 15.00 - 15.15 | C42: 1 | D42: 0 | E42: 1 | F42: 4 | G42: 0 | H42: 0 | I42: 1 | J42: 0 | K42: 0 | L42: 0 | M42: 32 | N42: 1 | O42: =SUM(C42:L42,N42) -> 8 | P42: =SUM(C42:N42) -> 40 | R42: NEF | S42: =S41/S40 -> 1.4915254 | T42: =T41/T40 -> 2 | U42: =U41/U40 -> 1.6727273 | V42: =V41/V40 -> 1.4 | W42: =W41/W40 -> 1 | X42: =X41/X40 -> 1.75 | Y42: =Y41/Y40 -> 1.4473684 | Z42: =Z41/Z40 -> 2.3333333 | ... AF42: =AF41/AF40 -> 1.2836387
B43: 15.15 - 15.30 | C43: 0 | D43: 0 | E43: 0 | F43: 0 | G43: 1 | H43: 1 | I43: 1 | J43: 0 | K43: 0 | L43: 0 | M43: 28 | N43: 0 | O43: =SUM(C43:L43,N43) -> 3 | P43: =SUM(C43:N43) -> 31
B44: 15.30 - 15.45 | C44: 4 | D44: 0 | E44: 2 | F44: 2 | G44: 0 | H44: 0 | I44: 0 | J44: 0 | K44: 0 | L44: 0 | M44: 34 | N44: 0 | O44: =SUM(C44:L44,N44) -> 8 | P44: =SUM(C44:N44) -> 42
B45: 15.45 - 16.00 | C45: 4 | D45: 0 | E45: 1 | F45: 3 | G45: 0 | H45: 0 | I45: 0 | J45: 0 | K45: 0 | L45: 0 | M45: 32 | N45: 0 | O45: =SUM(C45:L45,N45) -> 8 | P45: =SUM(C45:N45) -> 40
B46: 16.00 - 16.15 | C46: 2 | D46: 0 | E46: 2 | F46: 5 | G46: 0 | H46: 0 | I46: 0 | J46: 1 | K46: 0 | L46: 0 | M46: 28 | N46: 0 | O46: =SUM(C46:L46,N46) -> 10 | P46: =SUM(C46:N46) -> 38
B47: 16.15 -16.30 | C47: 2 | D47: 0 | E47: 1 | F47: 1 | G47: 0 | H47: 0 | I47: 1 | J47: 0 | K47: 0 | L47: 0 | M47: 19 | N47: 0 | O47: =SUM(C47:L47,N47) -> 5 | P47: =SUM(C47:N47) -> 24
B48: 16.30 -16.45 | C48: 3 | D48: 0 | E48: 2 | F48: 5 | G48: 0 | H48: 0 | I48: 1 | J48: 0 | K48: 0 | L48: 0 | M48: 20 | N48: 0 | O48: =SUM(C48:L48,N48) -> 11 | P48: =SUM(C48:N48) -> 31
B49: 16.45 -17.00 | C49: 7 | D49: 0 | E49: 1 | F49: 4 | G49: 0 | H49: 0 | I49: 0 | J49: 0 | K49: 0 | L49: 0 | M49: 23 | N49: 0 | O49: =SUM(C49:L49,N49) -> 12 | P49: =SUM(C49:N49) -> 35
B50: 17.00 -17.15 | C50: 4 | D50: 0 | E50: 1 | F50: 3 | G50: 0 | H50: 0 | I50: 2 | J50: 0 | K50: 0 | L50: 0 | M50: 26 | N50: 0 | O50: =SUM(C50:L50,N50) -> 10 | P50: =SUM(C50:N50) -> 36
B51: 17.15 -17.30 | C51: 2 | D51: 0 | E51: 0 | F51: 1 | G51: 0 | H51: 0 | I51: 1 | J51: 0 | K51: 0 | L51: 0 | M51: 23 | N51: 0 | O51: =SUM(C51:L51,N51) -> 4 | P51: =SUM(C51:N51) -> 27
B52: 17.30 -17.45 | C52: 2 | D52: 0 | E52: 2 | F52: 2 | G52: 0 | H52: 0 | I52: 0 | J52: 0 | K52: 0 | L52: 0 | M52: 27 | N52: 0 | O52: =SUM(C52:L52,N52) -> 6 | P52: =SUM(C52:N52) -> 33
B53: 17.45 -18.00 | C53: 3 | D53: 0 | E53: 1 | F53: 2 | G53: 0 | H53: 0 | I53: 0 | J53: 0 | K53: 0 | L53: 0 | M53: 17 | N53: 0 | O53: =SUM(C53:L53,N53) -> 6 | P53: =SUM(C53:N53) -> 23
B54: 18.00 - 18.15 | C54: 0 | D54: 0 | E54: 1 | F54: 2 | G54: 1 | H54: 0 | I54: 0 | J54: 0 | K54: 0 | L54: 0 | M54: 23 | N54: 0 | O54: =SUM(C54:L54,N54) -> 4 | P54: =SUM(C54:N54) -> 27
... B105: 06.45 - 07.00 | C105: 0 | D105: 0 | E105: 0 | F105: 1 | G105: 0 | H105: 0 | I105: 0 | J105: 0 | K105: 0 | L105: 0 | M105: 27 | N105: 0 | O105: =SUM(C105:L105,N105) -> 1 | P105: =SUM(C105:N105) -> 28
B106: Totals | C106: =SUM(C10:C105) -> 176 | D106: =SUM(D10:D105) -> 8 | E106: =SUM(E10:E105) -> 92 | F106: =SUM(F10:F105) -> 140 | G106: =SUM(G10:G105) -> 13 | H106: =SUM(H10:H105) -> 14 | I106: =SUM(I10:I105) -> 55 | J106: =SUM(J10:J105) -> 7 | ... P106: =SUM(P10:P105) -> 2032
B107: %ges + MCs | C107: =C106/$P$106 -> 0.086614173 | D107: =D106/$P$106 -> 0.0039370079 | E107: =E106/$P$106 -> 0.045275591 | F107: =F106/$P$106 -> 0.068897638 | G107: =G106/$P$106 -> 0.0063976378 | H107: =H106/$P$106 -> 0.0068897638 | I107: =I106/$P$106 -> 0.027066929 | J107: =J106/$P$106 -> 0.0034448819 | ... N107: =N106/$P$106 -> 0.00098425197
B108: %ges w/o MCs | C108: =C106/$O$106 -> 0.34714004 | D108: =D106/$O$106 -> 0.015779093 | E108: =E106/$O$106 -> 0.18145957 | F108: =F106/$O$106 -> 0.27613412 | G108: =G106/$O$106 -> 0.025641026 | H108: =H106/$O$106 -> 0.027613412 | I108: =I106/$O$106 -> 0.10848126 | J108: =J106/$O$106 -> 0.013806706 | ... L108: =L106/$O$106 -> 0 | N108: =N106/$O$106 -> 0.0039447732

Sheet 17.08 Malaba-Tororo-24h
B1: Consultancy services for Preparation of Expressway Development Master Plan (EDMP) for Uganda
B2: MANUAL CLASSIFIED COUNT (MCC)
B3: ROAD NAME: | C3: ='12.08 Malaba-Tororo'!C3:G3 -> MCC - C3b- STN143 - TORORO-MALABA ROAD
C5: Date | D5: 17.08.19 | F5: Location | G5: ='16.08 Tororo-Malaba-24h'!G5:H5 -> xxx | J5: Surveyor | K5: ='16.08 Tororo-Malaba-24h'!K5:L5 -> xxx
C6: Dir. From | D6: ='12.08 Malaba-Tororo'!D6:E6 -> Malaba | F6: Dir. To | G6: ='12.08 Malaba-Tororo'!G6:H6 -> Tororo | J6: Supervisor | K6: ='16.08 Tororo-Malaba-24h'!K6:L6 -> xxx
B8: Time / Veh Type | R8: SUMMARY TRAFFIC VOLUMES
C9: 1. Car | D9: 2. Station Wagon | E9: 3. Pickups | F9: 4. Minibus, matatu | G9: 5. Medium bus | H9: 6. Large Bus | I9: 7. Light Truck | J9: 8. Medium Truck | K9: 9. Heavy truck | L9: 10. Truck Trailer | M9: 11. Motor cycles | N9: 12. Tractors | O9: Total Excl M/Cycles | P9: Total All | R9: Time | S9: 1. Car | T9: 2. Station Wagon | U9: 3. Pickups | V9: 4. Minibus, matatu | W9: 5. Medium bus | X9: 6. Large Bus | Y9: 7. Light Truck | Z9: 8. Medium Truck | AA9: 9. Heavy truck | AB9: 10. Truck Trailer | AC9: 11. Motorcycles | AD9: 12. Tractors, Graders | AE9: Total Excl M/ Cycles | AF9: Total All
B10: 07.00 - 07.15 | C10: 1 | D10: 0 | E10: 2 | F10: 3 | G10: 0 | H10: 0 | I10: 0 | J10: 0 | K10: 0 | L10: 0 | M10: 22 | N10: 0 | O10: =SUM(C10:L10,N10) -> 6 | P10: =SUM(C10:N10) -> 28 | R10: 0700-0800 | S10: =SUM(C10:C13) -> 2 | T10: =SUM(D10:D13) -> 1 | U10: =SUM(E10:E13) -> 7 | V10: =SUM(F10:F13) -> 9 | W10: =SUM(G10:G13) -> 0 | X10: =SUM(H10:H13) -> 1 | Y10: =SUM(I10:I13) -> 1 | Z10: =SUM(J10:J13) -> 0 | ... AF10: =SUM(P10:P13) -> 127
B11: 07.15 - 07.30 | C11: 0 | D11: 1 | E11: 4 | F11: 2 | G11: 0 | H11: 1 | I11: 0 | J11: 0 | K11: 0 | L11: 0 | M11: 25 | N11: 0 | O11: =SUM(C11:L11,N11) -> 8 | P11: =SUM(C11:N11) -> 33 | R11: 0800-0900 | S11: =SUM(C14:C17) -> 1 | T11: =SUM(D14:D17) -> 1 | U11: =SUM(E14:E17) -> 9 | V11: =SUM(F14:F17) -> 8 | W11: =SUM(G14:G17) -> 0 | X11: =SUM(H14:H17) -> 1 | Y11: =SUM(I14:I17) -> 2 | Z11: =SUM(J14:J17) -> 0 | ... AF11: =SUM(P14:P17) -> 137
B12: 07.30 - 07.45 | C12: 1 | D12: 0 | E12: 1 | F12: 3 | G12: 0 | H12: 0 | I12: 1 | J12: 0 | K12: 0 | L12: 0 | M12: 17 | N12: 0 | O12: =SUM(C12:L12,N12) -> 6 | P12: =SUM(C12:N12) -> 23 | R12: 0900-1000 | S12: =SUM(C18:C21) -> 11 | T12: =SUM(D18:D21) -> 1 | U12: =SUM(E18:E21) -> 8 | V12: =SUM(F18:F21) -> 7 | W12: =SUM(G18:G21) -> 0 | X12: =SUM(H18:H21) -> 1 | Y12: =SUM(I18:I21) -> 3 | Z12: =SUM(J18:J21) -> 0 | ... AF12: =SUM(P18:P21) -> 131
B13: 07.45 - 08.00 | C13: 0 | D13: 0 | E13: 0 | F13: 1 | G13: 0 | H13: 0 | I13: 0 | J13: 0 | K13: 0 | L13: 0 | M13: 42 | N13: 0 | O13: =SUM(C13:L13,N13) -> 1 | P13: =SUM(C13:N13) -> 43 | R13: 1000-1100 | S13: =SUM(C22:C25) -> 11 | T13: =SUM(D22:D25) -> 1 | U13: =SUM(E22:E25) -> 11 | V13: =SUM(F22:F25) -> 9 | W13: =SUM(G22:G25) -> 1 | X13: =SUM(H22:H25) -> 0 | Y13: =SUM(I22:I25) -> 2 | Z13: =SUM(J22:J25) -> 0 | ... AF13: =SUM(P22:P25) -> 136
B14: 08.00 - 08.15 | C14: 0 | D14: 0 | E14: 2 | F14: 2 | G14: 0 | H14: 0 | I14: 1 | J14: 0 | K14: 0 | L14: 0 | M14: 26 | N14: 0 | O14: =SUM(C14:L14,N14) -> 5 | P14: =SUM(C14:N14) -> 31 | R14: 1100-1200 | S14: =SUM(C26:C29) -> 18 | T14: =SUM(D26:D29) -> 2 | U14: =SUM(E26:E29) -> 11 | V14: =SUM(F26:F29) -> 12 | W14: =SUM(G26:G29) -> 0 | X14: =SUM(H26:H29) -> 0 | Y14: =SUM(I26:I29) -> 3 | Z14: =SUM(J26:J29) -> 0 | ... AF14: =SUM(P26:P29) -> 164
B15: 08.15 - 08.30 | C15: 0 | D15: 1 | E15: 4 | F15: 2 | G15: 0 | H15: 1 | I15: 0 | J15: 0 | K15: 0 | L15: 0 | M15: 33 | N15: 0 | O15: =SUM(C15:L15,N15) -> 8 | P15: =SUM(C15:N15) -> 41 | R15: 1200-1300 | S15: =SUM(C30:C33) -> 15 | T15: =SUM(D30:D33) -> 1 | U15: =SUM(E30:E33) -> 6 | V15: =SUM(F30:F33) -> 9 | W15: =SUM(G30:G33) -> 1 | X15: =SUM(H30:H33) -> 0 | Y15: =SUM(I30:I33) -> 3 | Z15: =SUM(J30:J33) -> 0 | ... AF15: =SUM(P30:P33) -> 147
B16: 08.30 - 08.45 | C16: 1 | D16: 0 | E16: 2 | F16: 1 | G16: 0 | H16: 0 | I16: 0 | J16: 0 | K16: 0 | L16: 0 | M16: 29 | N16: 0 | O16: =SUM(C16:L16,N16) -> 4 | P16: =SUM(C16:N16) -> 33 | R16: 1300-1400 | S16: =SUM(C34:C37) -> 6 | T16: =SUM(D34:D37) -> 0 | U16: =SUM(E34:E37) -> 8 | V16: =SUM(F34:F37) -> 7 | W16: =SUM(G34:G37) -> 3 | X16: =SUM(H34:H37) -> 0 | Y16: =SUM(I34:I37) -> 2 | Z16: =SUM(J34:J37) -> 0 | ... AF16: =SUM(P34:P37) -> 108
B17: 08.45 - 9.00 | C17: 0 | D17: 0 | E17: 1 | F17: 3 | G17: 0 | H17: 0 | I17: 1 | J17: 0 | K17: 0 | L17: 0 | M17: 27 | N17: 0 | O17: =SUM(C17:L17,N17) -> 5 | P17: =SUM(C17:N17) -> 32 | R17: 1400-1500 | S17: =SUM(C38:C41) -> 4 | T17: =SUM(D38:D41) -> 0 | U17: =SUM(E38:E41) -> 4 | V17: =SUM(F38:F41) -> 10 | W17: =SUM(G38:G41) -> 0 | X17: =SUM(H38:H41) -> 0 | Y17: =SUM(I38:I41) -> 5 | Z17: =SUM(J38:J41) -> 2 | ... AF17: =SUM(P38:P41) -> 67
B18: 09.00 - 09.15 | C18: 2 | D18: 0 | E18: 3 | F18: 2 | G18: 0 | H18: 1 | I18: 0 | J18: 0 | K18: 0 | L18: 0 | M18: 30 | N18: 0 | O18: =SUM(C18:L18,N18) -> 8 | P18: =SUM(C18:N18) -> 38 | R18: 1500-1600 | S18: =SUM(C42:C45) -> 3 | T18: =SUM(D42:D45) -> 0 | U18: =SUM(E42:E45) -> 7 | V18: =SUM(F42:F45) -> 4 | W18: =SUM(G42:G45) -> 0 | X18: =SUM(H42:H45) -> 0 | Y18: =SUM(I42:I45) -> 1 | Z18: =SUM(J42:J45) -> 1 | ... AF18: =SUM(P42:P45) -> 76
B19: 09.15 - 09.30 | C19: 2 | D19: 0 | E19: 1 | F19: 3 | G19: 0 | H19: 0 | I19: 2 | J19: 0 | K19: 0 | L19: 0 | M19: 17 | N19: 0 | O19: =SUM(C19:L19,N19) -> 8 | P19: =SUM(C19:N19) -> 25 | R19: 1600-1700 | S19: =SUM(C46:C49) -> 8 | T19: =SUM(D46:D49) -> 3 | U19: =SUM(E46:E49) -> 16 | V19: =SUM(F46:F49) -> 17 | W19: =SUM(G46:G49) -> 1 | X19: =SUM(H46:H49) -> 0 | Y19: =SUM(I46:I49) -> 4 | Z19: =SUM(J46:J49) -> 3 | ... AF19: =SUM(P46:P49) -> 133
B20: 09.30 - 09.45 | C20: 4 | D20: 0 | E20: 0 | F20: 2 | G20: 0 | H20: 0 | I20: 1 | J20: 0 | K20: 0 | L20: 0 | M20: 30 | N20: 0 | O20: =SUM(C20:L20,N20) -> 7 | P20: =SUM(C20:N20) -> 37 | R20: 1700-1800 | S20: =SUM(C50:C53) -> 7 | T20: =SUM(D50:D53) -> 0 | U20: =SUM(E50:E53) -> 12 | V20: =SUM(F50:F53) -> 12 | W20: =SUM(G50:G53) -> 1 | X20: =SUM(H50:H53) -> 0 | Y20: =SUM(I50:I53) -> 3 | Z20: =SUM(J50:J53) -> 2 | ... AF20: =SUM(P50:P53) -> 136
B21: 09.45 - 10.00 | C21: 3 | D21: 1 | E21: 4 | F21: 0 | G21: 0 | H21: 0 | I21: 0 | J21: 0 | K21: 0 | L21: 0 | M21: 23 | N21: 0 | O21: =SUM(C21:L21,N21) -> 8 | P21: =SUM(C21:N21) -> 31 | R21: 1800-1900 | S21: =SUM(C54:C57) -> 12 | T21: =SUM(D54:D57) -> 2 | U21: =SUM(E54:E57) -> 15 | V21: =SUM(F54:F57) -> 11 | W21: =SUM(G54:G57) -> 0 | X21: =SUM(H54:H57) -> 0 | Y21: =SUM(I54:I57) -> 1 | Z21: =SUM(J54:J57) -> 0 | ... AF21: =SUM(P54:P57) -> 124
B22: 10.00 - 10.15 | C22: 1 | D22: 0 | E22: 1 | F22: 3 | G22: 0 | H22: 0 | I22: 0 | J22: 0 | K22: 0 | L22: 0 | M22: 20 | N22: 0 | O22: =SUM(C22:L22,N22) -> 5 | P22: =SUM(C22:N22) -> 25 | R22: 1900-2000 | S22: =SUM(C58:C61) -> 5 | T22: =SUM(D58:D61) -> 1 | U22: =SUM(E58:E61) -> 4 | V22: =SUM(F58:F61) -> 0 | W22: =SUM(G58:G61) -> 0 | X22: =SUM(H58:H61) -> 0 | Y22: =SUM(I58:I61) -> 4 | Z22: =SUM(J58:J61) -> 0 | ... AF22: =SUM(P58:P61) -> 71
B23: 10.15 - 10.30 | C23: 4 | D23: 0 | E23: 3 | F23: 1 | G23: 1 | H23: 0 | I23: 1 | J23: 0 | K23: 1 | L23: 0 | M23: 22 | N23: 0 | O23: =SUM(C23:L23,N23) -> 11 | P23: =SUM(C23:N23) -> 33 | R23: 2000-2100 | S23: =SUM(C62:C65) -> 6 | T23: =SUM(D62:D65) -> 2 | U23: =SUM(E62:E65) -> 11 | V23: =SUM(F62:F65) -> 5 | W23: =SUM(G62:G65) -> 1 | X23: =SUM(H62:H65) -> 0 | Y23: =SUM(I62:I65) -> 5 | Z23: =SUM(J62:J65) -> 2 | ... AF23: =SUM(P62:P65) -> 59
B24: 10.30 - 10.45 | C24: 2 | D24: 1 | E24: 5 | F24: 0 | G24: 0 | H24: 0 | I24: 0 | J24: 0 | K24: 0 | L24: 0 | M24: 28 | N24: 0 | O24: =SUM(C24:L24,N24) -> 8 | P24: =SUM(C24:N24) -> 36 | R24: 2100-2200 | S24: =SUM(C66:C69) -> 8 | T24: =SUM(D66:D69) -> 0 | U24: =SUM(E66:E69) -> 6 | V24: =SUM(F66:F69) -> 4 | W24: =SUM(G66:G69) -> 0 | X24: =SUM(H66:H69) -> 0 | Y24: =SUM(I66:I69) -> 4 | Z24: =SUM(J66:J69) -> 0 | ... AF24: =SUM(P66:P69) -> 60
B25: 10.45 - 11.00 | C25: 4 | D25: 0 | E25: 2 | F25: 5 | G25: 0 | H25: 0 | I25: 1 | J25: 0 | K25: 0 | L25: 0 | M25: 30 | N25: 0 | O25: =SUM(C25:L25,N25) -> 12 | P25: =SUM(C25:N25) -> 42 | R25: 2200-2300 | S25: =SUM(C70:C73) -> 6 | T25: =SUM(D70:D73) -> 0 | U25: =SUM(E70:E73) -> 1 | V25: =SUM(F70:F73) -> 0 | W25: =SUM(G70:G73) -> 0 | X25: =SUM(H70:H73) -> 0 | Y25: =SUM(I70:I73) -> 3 | Z25: =SUM(J70:J73) -> 0 | ... AF25: =SUM(P70:P73) -> 31
B26: 11.00 - 11.15 | C26: 3 | D26: 0 | E26: 2 | F26: 0 | G26: 0 | H26: 0 | I26: 2 | J26: 0 | K26: 0 | L26: 0 | M26: 27 | N26: 0 | O26: =SUM(C26:L26,N26) -> 7 | P26: =SUM(C26:N26) -> 34 | R26: 2300-0000 | S26: =SUM(C74:C77) -> 2 | T26: =SUM(D74:D77) -> 0 | U26: =SUM(E74:E77) -> 1 | V26: =SUM(F74:F77) -> 3 | W26: =SUM(G74:G77) -> 0 | X26: =SUM(H74:H77) -> 0 | Y26: =SUM(I74:I77) -> 0 | Z26: =SUM(J74:J77) -> 0 | ... AF26: =SUM(P74:P77) -> 20
B27: 11.15 - 11.30 | C27: 10 | D27: 1 | E27: 4 | F27: 5 | G27: 0 | H27: 0 | I27: 0 | J27: 0 | K27: 0 | L27: 0 | M27: 34 | N27: 0 | O27: =SUM(C27:L27,N27) -> 20 | P27: =SUM(C27:N27) -> 54 | R27: 0000-0100 | S27: =SUM(C78:C81) -> 1 | T27: =SUM(D78:D81) -> 0 | U27: =SUM(E78:E81) -> 0 | V27: =SUM(F78:F81) -> 0 | W27: =SUM(G78:G81) -> 0 | X27: =SUM(H78:H81) -> 0 | Y27: =SUM(I78:I81) -> 0 | Z27: =SUM(J78:J81) -> 0 | ... AF27: =SUM(P78:P81) -> 6
B28: 11.30 - 11.45 | C28: 0 | D28: 1 | E28: 5 | F28: 2 | G28: 0 | H28: 0 | I28: 0 | J28: 0 | K28: 0 | L28: 0 | M28: 40 | N28: 0 | O28: =SUM(C28:L28,N28) -> 8 | P28: =SUM(C28:N28) -> 48 | R28: 0100-0200 | S28: =SUM(C82:C85) -> 2 | T28: =SUM(D82:D85) -> 0 | U28: =SUM(E82:E85) -> 2 | V28: =SUM(F82:F85) -> 0 | W28: =SUM(G82:G85) -> 0 | X28: =SUM(H82:H85) -> 0 | Y28: =SUM(I82:I85) -> 1 | Z28: =SUM(J82:J85) -> 0 | ... AF28: =SUM(P82:P85) -> 5
B29: 11.45 - 12.00 | C29: 5 | D29: 0 | E29: 0 | F29: 5 | G29: 0 | H29: 0 | I29: 1 | J29: 0 | K29: 0 | L29: 0 | M29: 17 | N29: 0 | O29: =SUM(C29:L29,N29) -> 11 | P29: =SUM(C29:N29) -> 28 | R29: 0200-0300 | S29: =SUM(C86:C89) -> 4 | T29: =SUM(D86:D89) -> 0 | U29: =SUM(E86:E89) -> 4 | V29: =SUM(F86:F89) -> 1 | W29: =SUM(G86:G89) -> 0 | X29: =SUM(H86:H89) -> 0 | Y29: =SUM(I86:I89) -> 0 | Z29: =SUM(J86:J89) -> 0 | ... AF29: =SUM(P86:P89) -> 9
B30: 12.00 - 12.15 | C30: 8 | D30: 1 | E30: 5 | F30: 3 | G30: 0 | H30: 0 | I30: 1 | J30: 0 | K30: 0 | L30: 0 | M30: 36 | N30: 0 | O30: =SUM(C30:L30,N30) -> 18 | P30: =SUM(C30:N30) -> 54 | R30: 0300-0400 | S30: =SUM(C90:C93) -> 3 | T30: =SUM(D90:D93) -> 0 | U30: =SUM(E90:E93) -> 0 | V30: =SUM(F90:F93) -> 4 | W30: =SUM(G90:G93) -> 0 | X30: =SUM(H90:H93) -> 1 | Y30: =SUM(I90:I93) -> 2 | Z30: =SUM(J90:J93) -> 0 | ... AF30: =SUM(P90:P93) -> 50
B31: 12.15 - 12.30 | C31: 2 | D31: 0 | E31: 0 | F31: 3 | G31: 0 | H31: 0 | I31: 0 | J31: 0 | K31: 0 | L31: 0 | M31: 27 | N31: 0 | O31: =SUM(C31:L31,N31) -> 5 | P31: =SUM(C31:N31) -> 32 | R31: 0400-0500 | S31: =SUM(C94:C97) -> 4 | T31: =SUM(D94:D97) -> 0 | U31: =SUM(E94:E97) -> 3 | V31: =SUM(F94:F97) -> 3 | W31: =SUM(G94:G97) -> 0 | X31: =SUM(H94:H97) -> 1 | Y31: =SUM(I94:I97) -> 0 | Z31: =SUM(J94:J97) -> 0 | ... AF31: =SUM(P94:P97) -> 45
B32: 12.30 - 12.45 | C32: 3 | D32: 0 | E32: 0 | F32: 3 | G32: 1 | H32: 0 | I32: 1 | J32: 0 | K32: 0 | L32: 0 | M32: 17 | N32: 0 | O32: =SUM(C32:L32,N32) -> 8 | P32: =SUM(C32:N32) -> 25 | R32: 0500-0600 | S32: =SUM(C98:C101) -> 2 | T32: =SUM(D98:D101) -> 0 | U32: =SUM(E98:E101) -> 0 | V32: =SUM(F98:F101) -> 0 | W32: =SUM(G98:G101) -> 0 | X32: =SUM(H98:H101) -> 4 | Y32: =SUM(I98:I101) -> 1 | Z32: =SUM(J98:J101) -> 0 | ... AF32: =SUM(P98:P101) -> 27
B33: 12.45 - 13.00 | C33: 2 | D33: 0 | E33: 1 | F33: 0 | G33: 0 | H33: 0 | I33: 1 | J33: 0 | K33: 0 | L33: 0 | M33: 32 | N33: 0 | O33: =SUM(C33:L33,N33) -> 4 | P33: =SUM(C33:N33) -> 36 | R33: 0600-0700 | S33: =SUM(C102:C105) -> 4 | T33: =SUM(D102:D105) -> 0 | U33: =SUM(E102:E105) -> 1 | V33: =SUM(F102:F105) -> 6 | W33: =SUM(G102:G105) -> 2 | X33: =SUM(H102:H105) -> 2 | Y33: =SUM(I102:I105) -> 0 | Z33: =SUM(J102:J105) -> 0 | ... AF33: =SUM(P102:P105) -> 37
B34: 13.00 - 13.15 | C34: 0 | D34: 0 | E34: 2 | F34: 3 | G34: 3 | H34: 0 | I34: 0 | J34: 0 | K34: 0 | L34: 0 | M34: 30 | N34: 0 | O34: =SUM(C34:L34,N34) -> 8 | P34: =SUM(C34:N34) -> 38 | R34: AM Peak Hr | S34: =MAX(S10:S12) -> 11 | T34: =MAX(T10:T12) -> 1 | U34: =MAX(U10:U12) -> 9 | V34: =MAX(V10:V12) -> 9 | W34: =MAX(W10:W12) -> 0 | X34: =MAX(X10:X12) -> 1 | Y34: =MAX(Y10:Y12) -> 3 | Z34: =MAX(Z10:Z12) -> 0 | ... AF34: =MAX(AF10:AF12) -> 137
B35: 13.15 - 13.30 | C35: 4 | D35: 0 | E35: 2 | F35: 0 | G35: 0 | H35: 0 | I35: 0 | J35: 0 | K35: 0 | L35: 0 | M35: 18 | N35: 0 | O35: =SUM(C35:L35,N35) -> 6 | P35: =SUM(C35:N35) -> 24 | R35: IP Peak Hr | S35: =MAX(S13:S18) -> 18 | T35: =MAX(T13:T18) -> 2 | U35: =MAX(U13:U18) -> 11 | V35: =MAX(V13:V18) -> 12 | W35: =MAX(W13:W18) -> 3 | X35: =MAX(X13:X18) -> 0 | Y35: =MAX(Y13:Y18) -> 5 | Z35: =MAX(Z13:Z18) -> 2 | ... AF35: =MAX(AF13:AF18) -> 164
B36: 13.30 - 13.45 | C36: 1 | D36: 0 | E36: 2 | F36: 2 | G36: 0 | H36: 0 | I36: 0 | J36: 0 | K36: 0 | L36: 0 | M36: 10 | N36: 0 | O36: =SUM(C36:L36,N36) -> 5 | P36: =SUM(C36:N36) -> 15 | R36: PM Peak Hr | S36: =MAX(S19:S21) -> 12 | T36: =MAX(T19:T21) -> 3 | U36: =MAX(U19:U21) -> 16 | V36: =MAX(V19:V21) -> 17 | W36: =MAX(W19:W21) -> 1 | X36: =MAX(X19:X21) -> 0 | Y36: =MAX(Y19:Y21) -> 4 | Z36: =MAX(Z19:Z21) -> 3 | ... AF36: =MAX(AF19:AF21) -> 136
B37: 13.45 - 14.00 | C37: 1 | D37: 0 | E37: 2 | F37: 2 | G37: 0 | H37: 0 | I37: 2 | J37: 0 | K37: 0 | L37: 0 | M37: 24 | N37: 0 | O37: =SUM(C37:L37,N37) -> 7 | P37: =SUM(C37:N37) -> 31 | R37: AM Period | S37: =SUM(S10:S12) -> 14 | T37: =SUM(T10:T12) -> 3 | U37: =SUM(U10:U12) -> 24 | V37: =SUM(V10:V12) -> 24 | W37: =SUM(W10:W12) -> 0 | X37: =SUM(X10:X12) -> 3 | Y37: =SUM(Y10:Y12) -> 6 | Z37: =SUM(Z10:Z12) -> 0 | ... AF37: =SUM(AF10:AF12) -> 395
B38: 14.00 - 14.15 | C38: 2 | D38: 0 | E38: 1 | F38: 3 | G38: 0 | H38: 0 | I38: 0 | J38: 0 | K38: 0 | L38: 0 | M38: 20 | N38: 0 | O38: =SUM(C38:L38,N38) -> 6 | P38: =SUM(C38:N38) -> 26 | R38: IP Period | S38: =SUM(S13:S18) -> 57 | T38: =SUM(T13:T18) -> 4 | U38: =SUM(U13:U18) -> 47 | V38: =SUM(V13:V18) -> 51 | W38: =SUM(W13:W18) -> 5 | X38: =SUM(X13:X18) -> 0 | Y38: =SUM(Y13:Y18) -> 16 | Z38: =SUM(Z13:Z18) -> 3 | ... AF38: =SUM(AF13:AF18) -> 698
B39: 14.15 - 14.30 | C39: 2 | D39: 0 | E39: 0 | F39: 4 | G39: 0 | H39: 0 | I39: 1 | J39: 2 | K39: 0 | L39: 0 | M39: 15 | N39: 0 | O39: =SUM(C39:L39,N39) -> 9 | P39: =SUM(C39:N39) -> 24 | R39: PM Period | S39: =SUM(S19:S21) -> 27 | T39: =SUM(T19:T21) -> 5 | U39: =SUM(U19:U21) -> 43 | V39: =SUM(V19:V21) -> 40 | W39: =SUM(W19:W21) -> 2 | X39: =SUM(X19:X21) -> 0 | Y39: =SUM(Y19:Y21) -> 8 | Z39: =SUM(Z19:Z21) -> 5 | ... AF39: =SUM(AF19:AF21) -> 393
B40: 14.30 - 14.45 | C40: 0 | D40: 0 | E40: 3 | F40: 1 | G40: 0 | H40: 0 | I40: 1 | J40: 0 | K40: 0 | L40: 0 | M40: 7 | N40: 0 | O40: =SUM(C40:L40,N40) -> 5 | P40: =SUM(C40:N40) -> 12 | R40: 12 Hours | S40: =SUM(S10:S21) -> 98 | T40: =SUM(T10:T21) -> 12 | U40: =SUM(U10:U21) -> 114 | V40: =SUM(V10:V21) -> 115 | W40: =SUM(W10:W21) -> 7 | X40: =SUM(X10:X21) -> 3 | Y40: =SUM(Y10:Y21) -> 30 | Z40: =SUM(Z10:Z21) -> 8 | ... AF40: =SUM(AF10:AF21) -> 1486
B41: 14.45 - 15.00 | C41: 0 | D41: 0 | E41: 0 | F41: 2 | G41: 0 | H41: 0 | I41: 3 | J41: 0 | K41: 0 | L41: 0 | M41: 0 | N41: 0 | O41: =SUM(C41:L41,N41) -> 5 | P41: =SUM(C41:N41) -> 5 | R41: 24 Hrs/ADT | S41: =SUM(S10:S33) -> 145 | T41: =SUM(T10:T33) -> 15 | U41: =SUM(U10:U33) -> 147 | V41: =SUM(V10:V33) -> 141 | W41: =SUM(W10:W33) -> 10 | X41: =SUM(X10:X33) -> 11 | Y41: =SUM(Y10:Y33) -> 50 | Z41: =SUM(Z10:Z33) -> 10 | ... AF41: =SUM(AF10:AF33) -> 1906
B42: 15.00 - 15.15 | C42: 0 | D42: 0 | E42: 2 | F42: 1 | G42: 0 | H42: 0 | I42: 0 | J42: 1 | K42: 0 | L42: 0 | M42: 0 | N42: 0 | O42: =SUM(C42:L42,N42) -> 4 | P42: =SUM(C42:N42) -> 4 | R42: NEF | S42: =S41/S40 -> 1.4795918 | T42: =T41/T40 -> 1.25 | U42: =U41/U40 -> 1.2894737 | V42: =V41/V40 -> 1.226087 | W42: =W41/W40 -> 1.4285714 | X42: =X41/X40 -> 3.6666667 | Y42: =Y41/Y40 -> 1.6666667 | Z42: =Z41/Z40 -> 1.25 | ... AF42: =AF41/AF40 -> 1.282638
B43: 15.15 - 15.30 | C43: 0 | D43: 0 | E43: 1 | F43: 3 | G43: 0 | H43: 0 | I43: 1 | J43: 0 | K43: 0 | L43: 0 | M43: 18 | N43: 0 | O43: =SUM(C43:L43,N43) -> 5 | P43: =SUM(C43:N43) -> 23
B44: 15.30 - 15.45 | C44: 3 | D44: 0 | E44: 2 | F44: 0 | G44: 0 | H44: 0 | I44: 0 | J44: 0 | K44: 0 | L44: 0 | M44: 17 | N44: 0 | O44: =SUM(C44:L44,N44) -> 5 | P44: =SUM(C44:N44) -> 22
B45: 15.45 - 16.00 | C45: 0 | D45: 0 | E45: 2 | F45: 0 | G45: 0 | H45: 0 | I45: 0 | J45: 0 | K45: 0 | L45: 0 | M45: 25 | N45: 0 | O45: =SUM(C45:L45,N45) -> 2 | P45: =SUM(C45:N45) -> 27
B46: 16.00 - 16.15 | C46: 4 | D46: 1 | E46: 5 | F46: 6 | G46: 1 | H46: 0 | I46: 4 | J46: 2 | K46: 0 | L46: 0 | M46: 27 | N46: 0 | O46: =SUM(C46:L46,N46) -> 23 | P46: =SUM(C46:N46) -> 50
B47: 16.15 -16.30 | C47: 1 | D47: 1 | E47: 4 | F47: 4 | G47: 0 | H47: 0 | I47: 0 | J47: 1 | K47: 0 | L47: 0 | M47: 22 | N47: 0 | O47: =SUM(C47:L47,N47) -> 11 | P47: =SUM(C47:N47) -> 33
B48: 16.30 -16.45 | C48: 3 | D48: 0 | E48: 2 | F48: 3 | G48: 0 | H48: 0 | I48: 0 | J48: 0 | K48: 0 | L48: 0 | M48: 17 | N48: 0 | O48: =SUM(C48:L48,N48) -> 8 | P48: =SUM(C48:N48) -> 25
B49: 16.45 -17.00 | C49: 0 | D49: 1 | E49: 5 | F49: 4 | G49: 0 | H49: 0 | I49: 0 | J49: 0 | K49: 0 | L49: 0 | M49: 15 | N49: 0 | O49: =SUM(C49:L49,N49) -> 10 | P49: =SUM(C49:N49) -> 25
B50: 17.00 -17.15 | C50: 1 | D50: 0 | E50: 3 | F50: 3 | G50: 0 | H50: 0 | I50: 0 | J50: 0 | K50: 0 | L50: 0 | M50: 30 | N50: 1 | O50: =SUM(C50:L50,N50) -> 8 | P50: =SUM(C50:N50) -> 38
B51: 17.15 -17.30 | C51: 1 | D51: 0 | E51: 3 | F51: 3 | G51: 1 | H51: 0 | I51: 0 | J51: 0 | K51: 0 | L51: 0 | M51: 27 | N51: 0 | O51: =SUM(C51:L51,N51) -> 8 | P51: =SUM(C51:N51) -> 35
B52: 17.30 -17.45 | C52: 3 | D52: 0 | E52: 3 | F52: 3 | G52: 0 | H52: 0 | I52: 2 | J52: 0 | K52: 0 | L52: 0 | M52: 15 | N52: 0 | O52: =SUM(C52:L52,N52) -> 11 | P52: =SUM(C52:N52) -> 26
B53: 17.45 -18.00 | C53: 2 | D53: 0 | E53: 3 | F53: 3 | G53: 0 | H53: 0 | I53: 1 | J53: 2 | K53: 0 | L53: 0 | M53: 26 | N53: 0 | O53: =SUM(C53:L53,N53) -> 11 | P53: =SUM(C53:N53) -> 37
B54: 18.00 - 18.15 | C54: 2 | D54: 1 | E54: 4 | F54: 0 | G54: 0 | H54: 0 | I54: 0 | J54: 0 | K54: 0 | L54: 0 | M54: 31 | N54: 0 | O54: =SUM(C54:L54,N54) -> 7 | P54: =SUM(C54:N54) -> 38
... B105: 06.45 - 07.00 | C105: 3 | D105: 0 | E105: 0 | F105: 1 | G105: 1 | H105: 1 | I105: 0 | J105: 0 | K105: 0 | L105: 0 | M105: 7 | N105: 0 | O105: =SUM(C105:L105,N105) -> 6 | P105: =SUM(C105:N105) -> 13
B106: Totals | C106: =SUM(C10:C105) -> 145 | D106: =SUM(D10:D105) -> 15 | E106: =SUM(E10:E105) -> 147 | F106: =SUM(F10:F105) -> 141 | G106: =SUM(G10:G105) -> 10 | H106: =SUM(H10:H105) -> 11 | I106: =SUM(I10:I105) -> 50 | J106: =SUM(J10:J105) -> 10 | ... P106: =SUM(P10:P105) -> 1906
B107: %ges + MCs | C107: =C106/$P$106 -> 0.076075551 | D107: =D106/$P$106 -> 0.0078698846 | E107: =E106/$P$106 -> 0.077124869 | F107: =F106/$P$106 -> 0.073976915 | G107: =G106/$P$106 -> 0.0052465897 | H107: =H106/$P$106 -> 0.0057712487 | I107: =I106/$P$106 -> 0.026232949 | J107: =J106/$P$106 -> 0.0052465897 | ... N107: =N106/$P$106 -> 0.00052465897
B108: %ges w/o MCs | C108: =C106/$O$106 -> 0.27306968 | D108: =D106/$O$106 -> 0.028248588 | E108: =E106/$O$106 -> 0.27683616 | F108: =F106/$O$106 -> 0.26553672 | G108: =G106/$O$106 -> 0.018832392 | H108: =H106/$O$106 -> 0.020715631 | I108: =I106/$O$106 -> 0.094161959 | J108: =J106/$O$106 -> 0.018832392 | ... L108: =L106/$O$106 -> 0 | N108: =N106/$O$106 -> 0.0018832392

Sheet 17.08 Tororo-Malaba-24h
B1: Consultancy services for Preparation of Expressway Development Master Plan (EDMP) for Uganda
B2: MANUAL CLASSIFIED COUNT (MCC)
B3: ROAD NAME: | C3: ='12.08 Malaba-Tororo'!C3:G3 -> MCC - C3b- STN143 - TORORO-MALABA ROAD
C5: Date | D5: ='17.08 Malaba-Tororo-24h'!D5 -> 17.08.19 | F5: Location | G5: ='17.08 Malaba-Tororo-24h'!G5:H5 -> xxx | J5: Surveyor | K5: ='17.08 Malaba-Tororo-24h'!K5:L5 -> xxx
C6: Dir. From | D6: ='12.08 Tororo-Malaba'!D6:E6 -> Tororo | F6: Dir. To | G6: ='12.08 Tororo-Malaba'!G6:H6 -> Malaba | J6: Supervisor | K6: ='17.08 Malaba-Tororo-24h'!K6:L6 -> xxx
B8: Time / Veh Type | R8: SUMMARY TRAFFIC VOLUMES
C9: 1. Car | D9: 2. Station Wagon | E9: 3. Pickups | F9: 4. Minibus, matatu | G9: 5. Medium bus | H9: 6. Large Bus | I9: 7. Light Truck | J9: 8. Medium Truck | K9: 9. Heavy truck | L9: 10. Truck Trailer | M9: 11. Motor cycles | N9: 12. Tractors | O9: Total Excl M/Cycles | P9: Total All | R9: Time | S9: 1. Car | T9: 2. Station Wagon | U9: 3. Pickups | V9: 4. Minibus, matatu | W9: 5. Medium bus | X9: 6. Large Bus | Y9: 7. Light Truck | Z9: 8. Medium Truck | AA9: 9. Heavy truck | AB9: 10. Truck Trailer | AC9: 11. Motorcycles | AD9: 12. Tractors, Graders | AE9: Total Excl M/ Cycles | AF9: Total All
B10: 07.00 - 07.15 | C10: 1 | D10: 0 | E10: 0 | F10: 3 | G10: 0 | H10: 0 | I10: 0 | J10: 0 | K10: 0 | L10: 0 | M10: 25 | N10: 0 | O10: =SUM(C10:L10,N10) -> 4 | P10: =SUM(C10:N10) -> 29 | R10: 0700-0800 | S10: =SUM(C10:C13) -> 5 | T10: =SUM(D10:D13) -> 0 | U10: =SUM(E10:E13) -> 5 | V10: =SUM(F10:F13) -> 6 | W10: =SUM(G10:G13) -> 0 | X10: =SUM(H10:H13) -> 0 | Y10: =SUM(I10:I13) -> 1 | Z10: =SUM(J10:J13) -> 1 | ... AF10: =SUM(P10:P13) -> 122
B11: 07.15 - 07.30 | C11: 2 | D11: 0 | E11: 0 | F11: 0 | G11: 0 | H11: 0 | I11: 0 | J11: 1 | K11: 0 | L11: 0 | M11: 28 | N11: 0 | O11: =SUM(C11:L11,N11) -> 3 | P11: =SUM(C11:N11) -> 31 | R11: 0800-0900 | S11: =SUM(C14:C17) -> 8 | T11: =SUM(D14:D17) -> 1 | U11: =SUM(E14:E17) -> 6 | V11: =SUM(F14:F17) -> 8 | W11: =SUM(G14:G17) -> 0 | X11: =SUM(H14:H17) -> 0 | Y11: =SUM(I14:I17) -> 2 | Z11: =SUM(J14:J17) -> 0 | ... AF11: =SUM(P14:P17) -> 140
B12: 07.30 - 07.45 | C12: 2 | D12: 0 | E12: 2 | F12: 3 | G12: 0 | H12: 0 | I12: 0 | J12: 0 | K12: 0 | L12: 0 | M12: 27 | N12: 0 | O12: =SUM(C12:L12,N12) -> 7 | P12: =SUM(C12:N12) -> 34 | R12: 0900-1000 | S12: =SUM(C18:C21) -> 12 | T12: =SUM(D18:D21) -> 0 | U12: =SUM(E18:E21) -> 4 | V12: =SUM(F18:F21) -> 11 | W12: =SUM(G18:G21) -> 0 | X12: =SUM(H18:H21) -> 0 | Y12: =SUM(I18:I21) -> 1 | Z12: =SUM(J18:J21) -> 0 | ... AF12: =SUM(P18:P21) -> 131
B13: 07.45 - 08.00 | C13: 0 | D13: 0 | E13: 3 | F13: 0 | G13: 0 | H13: 0 | I13: 1 | J13: 0 | K13: 0 | L13: 0 | M13: 24 | N13: 0 | O13: =SUM(C13:L13,N13) -> 4 | P13: =SUM(C13:N13) -> 28 | R13: 1000-1100 | S13: =SUM(C22:C25) -> 1 | T13: =SUM(D22:D25) -> 0 | U13: =SUM(E22:E25) -> 4 | V13: =SUM(F22:F25) -> 7 | W13: =SUM(G22:G25) -> 0 | X13: =SUM(H22:H25) -> 0 | Y13: =SUM(I22:I25) -> 0 | Z13: =SUM(J22:J25) -> 0 | ... AF13: =SUM(P22:P25) -> 116
B14: 08.00 - 08.15 | C14: 0 | D14: 0 | E14: 1 | F14: 3 | G14: 0 | H14: 0 | I14: 0 | J14: 0 | K14: 0 | L14: 0 | M14: 21 | N14: 0 | O14: =SUM(C14:L14,N14) -> 4 | P14: =SUM(C14:N14) -> 25 | R14: 1100-1200 | S14: =SUM(C26:C29) -> 5 | T14: =SUM(D26:D29) -> 1 | U14: =SUM(E26:E29) -> 9 | V14: =SUM(F26:F29) -> 8 | W14: =SUM(G26:G29) -> 0 | X14: =SUM(H26:H29) -> 0 | Y14: =SUM(I26:I29) -> 1 | Z14: =SUM(J26:J29) -> 0 | ... AF14: =SUM(P26:P29) -> 110
B15: 08.15 - 08.30 | C15: 2 | D15: 0 | E15: 1 | F15: 1 | G15: 0 | H15: 0 | I15: 0 | J15: 0 | K15: 0 | L15: 0 | M15: 25 | N15: 0 | O15: =SUM(C15:L15,N15) -> 4 | P15: =SUM(C15:N15) -> 29 | R15: 1200-1300 | S15: =SUM(C30:C33) -> 8 | T15: =SUM(D30:D33) -> 0 | U15: =SUM(E30:E33) -> 3 | V15: =SUM(F30:F33) -> 8 | W15: =SUM(G30:G33) -> 0 | X15: =SUM(H30:H33) -> 0 | Y15: =SUM(I30:I33) -> 1 | Z15: =SUM(J30:J33) -> 1 | ... AF15: =SUM(P30:P33) -> 118
B16: 08.30 - 08.45 | C16: 4 | D16: 1 | E16: 4 | F16: 2 | G16: 0 | H16: 0 | I16: 1 | J16: 0 | K16: 0 | L16: 0 | M16: 33 | N16: 0 | O16: =SUM(C16:L16,N16) -> 12 | P16: =SUM(C16:N16) -> 45 | R16: 1300-1400 | S16: =SUM(C34:C37) -> 11 | T16: =SUM(D34:D37) -> 0 | U16: =SUM(E34:E37) -> 4 | V16: =SUM(F34:F37) -> 16 | W16: =SUM(G34:G37) -> 0 | X16: =SUM(H34:H37) -> 0 | Y16: =SUM(I34:I37) -> 1 | Z16: =SUM(J34:J37) -> 0 | ... AF16: =SUM(P34:P37) -> 114
B17: 08.45 - 9.00 | C17: 2 | D17: 0 | E17: 0 | F17: 2 | G17: 0 | H17: 0 | I17: 1 | J17: 0 | K17: 0 | L17: 0 | M17: 36 | N17: 0 | O17: =SUM(C17:L17,N17) -> 5 | P17: =SUM(C17:N17) -> 41 | R17: 1400-1500 | S17: =SUM(C38:C41) -> 8 | T17: =SUM(D38:D41) -> 0 | U17: =SUM(E38:E41) -> 3 | V17: =SUM(F38:F41) -> 9 | W17: =SUM(G38:G41) -> 0 | X17: =SUM(H38:H41) -> 0 | Y17: =SUM(I38:I41) -> 5 | Z17: =SUM(J38:J41) -> 0 | ... AF17: =SUM(P38:P41) -> 81
B18: 09.00 - 09.15 | C18: 6 | D18: 0 | E18: 2 | F18: 2 | G18: 0 | H18: 0 | I18: 1 | J18: 0 | K18: 0 | L18: 0 | M18: 23 | N18: 0 | O18: =SUM(C18:L18,N18) -> 11 | P18: =SUM(C18:N18) -> 34 | R18: 1500-1600 | S18: =SUM(C42:C45) -> 8 | T18: =SUM(D42:D45) -> 0 | U18: =SUM(E42:E45) -> 5 | V18: =SUM(F42:F45) -> 10 | W18: =SUM(G42:G45) -> 0 | X18: =SUM(H42:H45) -> 0 | Y18: =SUM(I42:I45) -> 1 | Z18: =SUM(J42:J45) -> 0 | ... AF18: =SUM(P42:P45) -> 81
B19: 09.15 - 09.30 | C19: 2 | D19: 0 | E19: 0 | F19: 3 | G19: 0 | H19: 0 | I19: 0 | J19: 0 | K19: 0 | L19: 0 | M19: 27 | N19: 0 | O19: =SUM(C19:L19,N19) -> 5 | P19: =SUM(C19:N19) -> 32 | R19: 1600-1700 | S19: =SUM(C46:C49) -> 15 | T19: =SUM(D46:D49) -> 0 | U19: =SUM(E46:E49) -> 6 | V19: =SUM(F46:F49) -> 8 | W19: =SUM(G46:G49) -> 0 | X19: =SUM(H46:H49) -> 0 | Y19: =SUM(I46:I49) -> 3 | Z19: =SUM(J46:J49) -> 0 | ... AF19: =SUM(P46:P49) -> 114
B20: 09.30 - 09.45 | C20: 1 | D20: 0 | E20: 2 | F20: 2 | G20: 0 | H20: 0 | I20: 0 | J20: 0 | K20: 0 | L20: 0 | M20: 28 | N20: 0 | O20: =SUM(C20:L20,N20) -> 5 | P20: =SUM(C20:N20) -> 33 | R20: 1700-1800 | S20: =SUM(C50:C53) -> 9 | T20: =SUM(D50:D53) -> 1 | U20: =SUM(E50:E53) -> 9 | V20: =SUM(F50:F53) -> 17 | W20: =SUM(G50:G53) -> 0 | X20: =SUM(H50:H53) -> 0 | Y20: =SUM(I50:I53) -> 1 | Z20: =SUM(J50:J53) -> 0 | ... AF20: =SUM(P50:P53) -> 128
B21: 09.45 - 10.00 | C21: 3 | D21: 0 | E21: 0 | F21: 4 | G21: 0 | H21: 0 | I21: 0 | J21: 0 | K21: 0 | L21: 0 | M21: 25 | N21: 0 | O21: =SUM(C21:L21,N21) -> 7 | P21: =SUM(C21:N21) -> 32 | R21: 1800-1900 | S21: =SUM(C54:C57) -> 9 | T21: =SUM(D54:D57) -> 1 | U21: =SUM(E54:E57) -> 7 | V21: =SUM(F54:F57) -> 10 | W21: =SUM(G54:G57) -> 0 | X21: =SUM(H54:H57) -> 3 | Y21: =SUM(I54:I57) -> 2 | Z21: =SUM(J54:J57) -> 1 | ... AF21: =SUM(P54:P57) -> 128
B22: 10.00 - 10.15 | C22: 1 | D22: 0 | E22: 1 | F22: 2 | G22: 0 | H22: 0 | I22: 0 | J22: 0 | K22: 0 | L22: 0 | M22: 31 | N22: 1 | O22: =SUM(C22:L22,N22) -> 5 | P22: =SUM(C22:N22) -> 36 | R22: 1900-2000 | S22: =SUM(C58:C61) -> 19 | T22: =SUM(D58:D61) -> 0 | U22: =SUM(E58:E61) -> 6 | V22: =SUM(F58:F61) -> 15 | W22: =SUM(G58:G61) -> 0 | X22: =SUM(H58:H61) -> 0 | Y22: =SUM(I58:I61) -> 3 | Z22: =SUM(J58:J61) -> 0 | ... AF22: =SUM(P58:P61) -> 129
B23: 10.15 - 10.30 | C23: 0 | D23: 0 | E23: 1 | F23: 1 | G23: 0 | H23: 0 | I23: 0 | J23: 0 | K23: 0 | L23: 0 | M23: 14 | N23: 0 | O23: =SUM(C23:L23,N23) -> 2 | P23: =SUM(C23:N23) -> 16 | R23: 2000-2100 | S23: =SUM(C62:C65) -> 10 | T23: =SUM(D62:D65) -> 0 | U23: =SUM(E62:E65) -> 4 | V23: =SUM(F62:F65) -> 8 | W23: =SUM(G62:G65) -> 0 | X23: =SUM(H62:H65) -> 0 | Y23: =SUM(I62:I65) -> 3 | Z23: =SUM(J62:J65) -> 0 | ... AF23: =SUM(P62:P65) -> 73
B24: 10.30 - 10.45 | C24: 0 | D24: 0 | E24: 1 | F24: 1 | G24: 0 | H24: 0 | I24: 0 | J24: 0 | K24: 0 | L24: 0 | M24: 31 | N24: 0 | O24: =SUM(C24:L24,N24) -> 2 | P24: =SUM(C24:N24) -> 33 | R24: 2100-2200 | S24: =SUM(C66:C69) -> 11 | T24: =SUM(D66:D69) -> 0 | U24: =SUM(E66:E69) -> 2 | V24: =SUM(F66:F69) -> 10 | W24: =SUM(G66:G69) -> 0 | X24: =SUM(H66:H69) -> 0 | Y24: =SUM(I66:I69) -> 1 | Z24: =SUM(J66:J69) -> 1 | ... AF24: =SUM(P66:P69) -> 44
B25: 10.45 - 11.00 | C25: 0 | D25: 0 | E25: 1 | F25: 3 | G25: 0 | H25: 0 | I25: 0 | J25: 0 | K25: 0 | L25: 0 | M25: 27 | N25: 0 | O25: =SUM(C25:L25,N25) -> 4 | P25: =SUM(C25:N25) -> 31 | R25: 2200-2300 | S25: =SUM(C70:C73) -> 10 | T25: =SUM(D70:D73) -> 0 | U25: =SUM(E70:E73) -> 3 | V25: =SUM(F70:F73) -> 7 | W25: =SUM(G70:G73) -> 0 | X25: =SUM(H70:H73) -> 2 | Y25: =SUM(I70:I73) -> 2 | Z25: =SUM(J70:J73) -> 0 | ... AF25: =SUM(P70:P73) -> 47
B26: 11.00 - 11.15 | C26: 2 | D26: 1 | E26: 4 | F26: 1 | G26: 0 | H26: 0 | I26: 0 | J26: 0 | K26: 0 | L26: 0 | M26: 21 | N26: 0 | O26: =SUM(C26:L26,N26) -> 8 | P26: =SUM(C26:N26) -> 29 | R26: 2300-0000 | S26: =SUM(C74:C77) -> 6 | T26: =SUM(D74:D77) -> 1 | U26: =SUM(E74:E77) -> 8 | V26: =SUM(F74:F77) -> 1 | W26: =SUM(G74:G77) -> 0 | X26: =SUM(H74:H77) -> 1 | Y26: =SUM(I74:I77) -> 1 | Z26: =SUM(J74:J77) -> 0 | ... AF26: =SUM(P74:P77) -> 35
B27: 11.15 - 11.30 | C27: 1 | D27: 0 | E27: 2 | F27: 3 | G27: 0 | H27: 0 | I27: 1 | J27: 0 | K27: 0 | L27: 0 | M27: 14 | N27: 0 | O27: =SUM(C27:L27,N27) -> 7 | P27: =SUM(C27:N27) -> 21 | R27: 0000-0100 | S27: =SUM(C78:C81) -> 2 | T27: =SUM(D78:D81) -> 0 | U27: =SUM(E78:E81) -> 0 | V27: =SUM(F78:F81) -> 0 | W27: =SUM(G78:G81) -> 0 | X27: =SUM(H78:H81) -> 2 | Y27: =SUM(I78:I81) -> 2 | Z27: =SUM(J78:J81) -> 0 | ... AF27: =SUM(P78:P81) -> 21
B28: 11.30 - 11.45 | C28: 1 | D28: 0 | E28: 3 | F28: 4 | G28: 0 | H28: 0 | I28: 0 | J28: 0 | K28: 0 | L28: 0 | M28: 26 | N28: 0 | O28: =SUM(C28:L28,N28) -> 8 | P28: =SUM(C28:N28) -> 34 | R28: 0100-0200 | S28: =SUM(C82:C85) -> 0 | T28: =SUM(D82:D85) -> 0 | U28: =SUM(E82:E85) -> 0 | V28: =SUM(F82:F85) -> 1 | W28: =SUM(G82:G85) -> 0 | X28: =SUM(H82:H85) -> 1 | Y28: =SUM(I82:I85) -> 0 | Z28: =SUM(J82:J85) -> 0 | ... AF28: =SUM(P82:P85) -> 2
B29: 11.45 - 12.00 | C29: 1 | D29: 0 | E29: 0 | F29: 0 | G29: 0 | H29: 0 | I29: 0 | J29: 0 | K29: 0 | L29: 0 | M29: 25 | N29: 0 | O29: =SUM(C29:L29,N29) -> 1 | P29: =SUM(C29:N29) -> 26 | R29: 0200-0300 | S29: =SUM(C86:C89) -> 2 | T29: =SUM(D86:D89) -> 0 | U29: =SUM(E86:E89) -> 2 | V29: =SUM(F86:F89) -> 0 | W29: =SUM(G86:G89) -> 0 | X29: =SUM(H86:H89) -> 0 | Y29: =SUM(I86:I89) -> 2 | Z29: =SUM(J86:J89) -> 0 | ... AF29: =SUM(P86:P89) -> 6
B30: 12.00 - 12.15 | C30: 2 | D30: 0 | E30: 0 | F30: 1 | G30: 0 | H30: 0 | I30: 0 | J30: 0 | K30: 0 | L30: 0 | M30: 22 | N30: 0 | O30: =SUM(C30:L30,N30) -> 3 | P30: =SUM(C30:N30) -> 25 | R30: 0300-0400 | S30: =SUM(C90:C93) -> 1 | T30: =SUM(D90:D93) -> 0 | U30: =SUM(E90:E93) -> 1 | V30: =SUM(F90:F93) -> 3 | W30: =SUM(G90:G93) -> 0 | X30: =SUM(H90:H93) -> 0 | Y30: =SUM(I90:I93) -> 2 | Z30: =SUM(J90:J93) -> 1 | ... AF30: =SUM(P90:P93) -> 48
B31: 12.15 - 12.30 | C31: 3 | D31: 0 | E31: 1 | F31: 2 | G31: 0 | H31: 0 | I31: 0 | J31: 0 | K31: 0 | L31: 0 | M31: 28 | N31: 0 | O31: =SUM(C31:L31,N31) -> 6 | P31: =SUM(C31:N31) -> 34 | R31: 0400-0500 | S31: =SUM(C94:C97) -> 1 | T31: =SUM(D94:D97) -> 0 | U31: =SUM(E94:E97) -> 1 | V31: =SUM(F94:F97) -> 1 | W31: =SUM(G94:G97) -> 0 | X31: =SUM(H94:H97) -> 0 | Y31: =SUM(I94:I97) -> 0 | Z31: =SUM(J94:J97) -> 0 | ... AF31: =SUM(P94:P97) -> 41
B32: 12.30 - 12.45 | C32: 1 | D32: 0 | E32: 2 | F32: 1 | G32: 0 | H32: 0 | I32: 1 | J32: 1 | K32: 0 | L32: 0 | M32: 25 | N32: 0 | O32: =SUM(C32:L32,N32) -> 6 | P32: =SUM(C32:N32) -> 31 | R32: 0500-0600 | S32: =SUM(C98:C101) -> 0 | T32: =SUM(D98:D101) -> 0 | U32: =SUM(E98:E101) -> 0 | V32: =SUM(F98:F101) -> 0 | W32: =SUM(G98:G101) -> 0 | X32: =SUM(H98:H101) -> 1 | Y32: =SUM(I98:I101) -> 0 | Z32: =SUM(J98:J101) -> 1 | ... AF32: =SUM(P98:P101) -> 17
B33: 12.45 - 13.00 | C33: 2 | D33: 0 | E33: 0 | F33: 4 | G33: 0 | H33: 0 | I33: 0 | J33: 0 | K33: 0 | L33: 0 | M33: 22 | N33: 0 | O33: =SUM(C33:L33,N33) -> 6 | P33: =SUM(C33:N33) -> 28 | R33: 0600-0700 | S33: =SUM(C102:C105) -> 2 | T33: =SUM(D102:D105) -> 0 | U33: =SUM(E102:E105) -> 0 | V33: =SUM(F102:F105) -> 2 | W33: =SUM(G102:G105) -> 0 | X33: =SUM(H102:H105) -> 0 | Y33: =SUM(I102:I105) -> 1 | Z33: =SUM(J102:J105) -> 1 | ... AF33: =SUM(P102:P105) -> 26
B34: 13.00 - 13.15 | C34: 2 | D34: 0 | E34: 1 | F34: 3 | G34: 0 | H34: 0 | I34: 0 | J34: 0 | K34: 0 | L34: 0 | M34: 21 | N34: 0 | O34: =SUM(C34:L34,N34) -> 6 | P34: =SUM(C34:N34) -> 27 | R34: AM Peak Hr | S34: =MAX(S10:S12) -> 12 | T34: =MAX(T10:T12) -> 1 | U34: =MAX(U10:U12) -> 6 | V34: =MAX(V10:V12) -> 11 | W34: =MAX(W10:W12) -> 0 | X34: =MAX(X10:X12) -> 0 | Y34: =MAX(Y10:Y12) -> 2 | Z34: =MAX(Z10:Z12) -> 1 | ... AF34: =MAX(AF10:AF12) -> 140
B35: 13.15 - 13.30 | C35: 4 | D35: 0 | E35: 2 | F35: 5 | G35: 0 | H35: 0 | I35: 0 | J35: 0 | K35: 0 | L35: 0 | M35: 19 | N35: 0 | O35: =SUM(C35:L35,N35) -> 11 | P35: =SUM(C35:N35) -> 30 | R35: IP Peak Hr | S35: =MAX(S13:S18) -> 11 | T35: =MAX(T13:T18) -> 1 | U35: =MAX(U13:U18) -> 9 | V35: =MAX(V13:V18) -> 16 | W35: =MAX(W13:W18) -> 0 | X35: =MAX(X13:X18) -> 0 | Y35: =MAX(Y13:Y18) -> 5 | Z35: =MAX(Z13:Z18) -> 1 | ... AF35: =MAX(AF13:AF18) -> 118
B36: 13.30 - 13.45 | C36: 3 | D36: 0 | E36: 0 | F36: 6 | G36: 0 | H36: 0 | I36: 1 | J36: 0 | K36: 0 | L36: 0 | M36: 19 | N36: 0 | O36: =SUM(C36:L36,N36) -> 10 | P36: =SUM(C36:N36) -> 29 | R36: PM Peak Hr | S36: =MAX(S19:S21) -> 15 | T36: =MAX(T19:T21) -> 1 | U36: =MAX(U19:U21) -> 9 | V36: =MAX(V19:V21) -> 17 | W36: =MAX(W19:W21) -> 0 | X36: =MAX(X19:X21) -> 3 | Y36: =MAX(Y19:Y21) -> 3 | Z36: =MAX(Z19:Z21) -> 1 | ... AF36: =MAX(AF19:AF21) -> 128
B37: 13.45 - 14.00 | C37: 2 | D37: 0 | E37: 1 | F37: 2 | G37: 0 | H37: 0 | I37: 0 | J37: 0 | K37: 0 | L37: 0 | M37: 23 | N37: 0 | O37: =SUM(C37:L37,N37) -> 5 | P37: =SUM(C37:N37) -> 28 | R37: AM Period | S37: =SUM(S10:S12) -> 25 | T37: =SUM(T10:T12) -> 1 | U37: =SUM(U10:U12) -> 15 | V37: =SUM(V10:V12) -> 25 | W37: =SUM(W10:W12) -> 0 | X37: =SUM(X10:X12) -> 0 | Y37: =SUM(Y10:Y12) -> 4 | Z37: =SUM(Z10:Z12) -> 1 | ... AF37: =SUM(AF10:AF12) -> 393
B38: 14.00 - 14.15 | C38: 0 | D38: 0 | E38: 1 | F38: 4 | G38: 0 | H38: 0 | I38: 1 | J38: 0 | K38: 0 | L38: 0 | M38: 21 | N38: 0 | O38: =SUM(C38:L38,N38) -> 6 | P38: =SUM(C38:N38) -> 27 | R38: IP Period | S38: =SUM(S13:S18) -> 41 | T38: =SUM(T13:T18) -> 1 | U38: =SUM(U13:U18) -> 28 | V38: =SUM(V13:V18) -> 58 | W38: =SUM(W13:W18) -> 0 | X38: =SUM(X13:X18) -> 0 | Y38: =SUM(Y13:Y18) -> 9 | Z38: =SUM(Z13:Z18) -> 1 | ... AF38: =SUM(AF13:AF18) -> 620
B39: 14.15 - 14.30 | C39: 5 | D39: 0 | E39: 0 | F39: 1 | G39: 0 | H39: 0 | I39: 1 | J39: 0 | K39: 0 | L39: 0 | M39: 6 | N39: 0 | O39: =SUM(C39:L39,N39) -> 7 | P39: =SUM(C39:N39) -> 13 | R39: PM Period | S39: =SUM(S19:S21) -> 33 | T39: =SUM(T19:T21) -> 2 | U39: =SUM(U19:U21) -> 22 | V39: =SUM(V19:V21) -> 35 | W39: =SUM(W19:W21) -> 0 | X39: =SUM(X19:X21) -> 3 | Y39: =SUM(Y19:Y21) -> 6 | Z39: =SUM(Z19:Z21) -> 1 | ... AF39: =SUM(AF19:AF21) -> 370
B40: 14.30 - 14.45 | C40: 1 | D40: 0 | E40: 1 | F40: 1 | G40: 0 | H40: 0 | I40: 0 | J40: 0 | K40: 0 | L40: 0 | M40: 12 | N40: 0 | O40: =SUM(C40:L40,N40) -> 3 | P40: =SUM(C40:N40) -> 15 | R40: 12 Hours | S40: =SUM(S10:S21) -> 99 | T40: =SUM(T10:T21) -> 4 | U40: =SUM(U10:U21) -> 65 | V40: =SUM(V10:V21) -> 118 | W40: =SUM(W10:W21) -> 0 | X40: =SUM(X10:X21) -> 3 | Y40: =SUM(Y10:Y21) -> 19 | Z40: =SUM(Z10:Z21) -> 3 | ... AF40: =SUM(AF10:AF21) -> 1383
B41: 14.45 - 15.00 | C41: 2 | D41: 0 | E41: 1 | F41: 3 | G41: 0 | H41: 0 | I41: 3 | J41: 0 | K41: 0 | L41: 0 | M41: 17 | N41: 0 | O41: =SUM(C41:L41,N41) -> 9 | P41: =SUM(C41:N41) -> 26 | R41: 24 Hrs/ADT | S41: =SUM(S10:S33) -> 163 | T41: =SUM(T10:T33) -> 5 | U41: =SUM(U10:U33) -> 92 | V41: =SUM(V10:V33) -> 166 | W41: =SUM(W10:W33) -> 0 | X41: =SUM(X10:X33) -> 10 | Y41: =SUM(Y10:Y33) -> 36 | Z41: =SUM(Z10:Z33) -> 7 | ... AF41: =SUM(AF10:AF33) -> 1872
B42: 15.00 - 15.15 | C42: 4 | D42: 0 | E42: 2 | F42: 2 | G42: 0 | H42: 0 | I42: 0 | J42: 0 | K42: 0 | L42: 0 | M42: 7 | N42: 0 | O42: =SUM(C42:L42,N42) -> 8 | P42: =SUM(C42:N42) -> 15 | R42: NEF | S42: =S41/S40 -> 1.6464646 | T42: =T41/T40 -> 1.25 | U42: =U41/U40 -> 1.4153846 | V42: =V41/V40 -> 1.4067797 | W42: =W41/W40 -> #DIV/0! | X42: =X41/X40 -> 3.3333333 | Y42: =Y41/Y40 -> 1.8947368 | Z42: =Z41/Z40 -> 2.3333333 | ... AF42: =AF41/AF40 -> 1.3535792
B43: 15.15 - 15.30 | C43: 1 | D43: 0 | E43: 1 | F43: 5 | G43: 0 | H43: 0 | I43: 0 | J43: 0 | K43: 0 | L43: 0 | M43: 19 | N43: 0 | O43: =SUM(C43:L43,N43) -> 7 | P43: =SUM(C43:N43) -> 26
B44: 15.30 - 15.45 | C44: 0 | D44: 0 | E44: 0 | F44: 0 | G44: 0 | H44: 0 | I44: 0 | J44: 0 | K44: 0 | L44: 0 | M44: 21 | N44: 0 | O44: =SUM(C44:L44,N44) -> 0 | P44: =SUM(C44:N44) -> 21
B45: 15.45 - 16.00 | C45: 3 | D45: 0 | E45: 2 | F45: 3 | G45: 0 | H45: 0 | I45: 1 | J45: 0 | K45: 0 | L45: 0 | M45: 10 | N45: 0 | O45: =SUM(C45:L45,N45) -> 9 | P45: =SUM(C45:N45) -> 19
B46: 16.00 - 16.15 | C46: 5 | D46: 0 | E46: 1 | F46: 1 | G46: 0 | H46: 0 | I46: 0 | J46: 0 | K46: 0 | L46: 0 | M46: 15 | N46: 0 | O46: =SUM(C46:L46,N46) -> 7 | P46: =SUM(C46:N46) -> 22
B47: 16.15 -16.30 | C47: 5 | D47: 0 | E47: 0 | F47: 3 | G47: 0 | H47: 0 | I47: 3 | J47: 0 | K47: 0 | L47: 0 | M47: 20 | N47: 0 | O47: =SUM(C47:L47,N47) -> 11 | P47: =SUM(C47:N47) -> 31
B48: 16.30 -16.45 | C48: 4 | D48: 0 | E48: 3 | F48: 0 | G48: 0 | H48: 0 | I48: 0 | J48: 0 | K48: 0 | L48: 0 | M48: 18 | N48: 0 | O48: =SUM(C48:L48,N48) -> 7 | P48: =SUM(C48:N48) -> 25
B49: 16.45 -17.00 | C49: 1 | D49: 0 | E49: 2 | F49: 4 | G49: 0 | H49: 0 | I49: 0 | J49: 0 | K49: 0 | L49: 0 | M49: 29 | N49: 0 | O49: =SUM(C49:L49,N49) -> 7 | P49: =SUM(C49:N49) -> 36
B50: 17.00 -17.15 | C50: 2 | D50: 0 | E50: 2 | F50: 0 | G50: 0 | H50: 0 | I50: 1 | J50: 0 | K50: 0 | L50: 0 | M50: 15 | N50: 0 | O50: =SUM(C50:L50,N50) -> 5 | P50: =SUM(C50:N50) -> 20
B51: 17.15 -17.30 | C51: 1 | D51: 1 | E51: 4 | F51: 9 | G51: 0 | H51: 0 | I51: 0 | J51: 0 | K51: 0 | L51: 0 | M51: 22 | N51: 0 | O51: =SUM(C51:L51,N51) -> 15 | P51: =SUM(C51:N51) -> 37
B52: 17.30 -17.45 | C52: 1 | D52: 0 | E52: 2 | F52: 3 | G52: 0 | H52: 0 | I52: 0 | J52: 0 | K52: 0 | L52: 0 | M52: 31 | N52: 0 | O52: =SUM(C52:L52,N52) -> 6 | P52: =SUM(C52:N52) -> 37
B53: 17.45 -18.00 | C53: 5 | D53: 0 | E53: 1 | F53: 5 | G53: 0 | H53: 0 | I53: 0 | J53: 0 | K53: 0 | L53: 0 | M53: 23 | N53: 0 | O53: =SUM(C53:L53,N53) -> 11 | P53: =SUM(C53:N53) -> 34
B54: 18.00 - 18.15 | C54: 2 | D54: 0 | E54: 0 | F54: 2 | G54: 0 | H54: 0 | I54: 0 | J54: 1 | K54: 0 | L54: 0 | M54: 32 | N54: 0 | O54: =SUM(C54:L54,N54) -> 5 | P54: =SUM(C54:N54) -> 37
... B105: 06.45 - 07.00 | C105: 1 | D105: 0 | E105: 0 | F105: 1 | G105: 0 | H105: 0 | I105: 0 | J105: 0 | K105: 0 | L105: 0 | M105: 7 | N105: 0 | O105: =SUM(C105:L105,N105) -> 2 | P105: =SUM(C105:N105) -> 9
B106: Totals | C106: =SUM(C10:C105) -> 163 | D106: =SUM(D10:D105) -> 5 | E106: =SUM(E10:E105) -> 92 | F106: =SUM(F10:F105) -> 166 | G106: =SUM(G10:G105) -> 0 | H106: =SUM(H10:H105) -> 10 | I106: =SUM(I10:I105) -> 36 | J106: =SUM(J10:J105) -> 7 | ... P106: =SUM(P10:P105) -> 1872
B107: %ges + MCs | C107: =C106/$P$106 -> 0.08707265 | D107: =D106/$P$106 -> 0.0026709402 | E107: =E106/$P$106 -> 0.049145299 | F107: =F106/$P$106 -> 0.088675214 | G107: =G106/$P$106 -> 0 | H107: =H106/$P$106 -> 0.0053418803 | I107: =I106/$P$106 -> 0.019230769 | J107: =J106/$P$106 -> 0.0037393162 | ... N107: =N106/$P$106 -> 0.00053418803
B108: %ges w/o MCs | C108: =C106/$O$106 -> 0.33887734 | D108: =D106/$O$106 -> 0.01039501 | E108: =E106/$O$106 -> 0.19126819 | F108: =F106/$O$106 -> 0.34511435 | G108: =G106/$O$106 -> 0 | H108: =H106/$O$106 -> 0.020790021 | I108: =I106/$O$106 -> 0.074844075 | J108: =J106/$O$106 -> 0.014553015 | ... L108: =L106/$O$106 -> 0 | N108: =N106/$O$106 -> 0.0020790021

Sheet 18.08 Malaba-Tororo
B1: Consultancy services for Preparation of Expressway Development Master Plan (EDMP) for Uganda
B2: MANUAL CLASSIFIED COUNT (MCC)
B3: ROAD NAME: | C3: ='12.08 Malaba-Tororo'!C3:G3 -> MCC - C3b- STN143 - TORORO-MALABA ROAD
C5: Date | D5: 18.08.19 | F5: Location | G5: ='17.08 Tororo-Malaba-24h'!G5:H5 -> xxx | J5: Surveyor | K5: ='17.08 Tororo-Malaba-24h'!K5:L5 -> xxx
C6: Dir. From | D6: ='12.08 Malaba-Tororo'!D6:E6 -> Malaba | F6: Dir. To | G6: ='12.08 Malaba-Tororo'!G6:H6 -> Tororo | J6: Supervisor | K6: ='17.08 Tororo-Malaba-24h'!K6:L6 -> xxx
B8: Time / Veh Type | R8: SUMMARY TRAFFIC VOLUMES
C9: 1. Car | D9: 2. Station Wagon | E9: 3. Pickups | F9: 4. Minibus, matatu | G9: 5. Medium bus | H9: 6. Large Bus | I9: 7. Light Truck | J9: 8. Medium Truck | K9: 9. Heavy truck | L9: 10. Truck Trailer | M9: 11. Motor cycles | N9: 12. Tractors | O9: Total Excl M/Cycles | P9: Total All | R9: Time | S9: 1. Car | T9: 2. Station Wagon | U9: 3. Pickups | V9: 4. Minibus, matatu | W9: 5. Medium bus | X9: 6. Large Bus | Y9: 7. Light Truck | Z9: 8. Medium Truck | AA9: 9. Heavy truck | AB9: 10. Truck Trailer | AC9: 11. Motorcycles | AD9: 12. Tractors, Graders | AE9: Total Excl M/ Cycles | AF9: Total All
B10: 07.00 - 07.15 | C10: 1 | D10: 0 | E10: 1 | F10: 2 | G10: 0 | H10: 0 | I10: 0 | J10: 0 | K10: 0 | L10: 0 | M10: 7 | N10: 0 | O10: =SUM(C10:L10,N10) -> 4 | P10: =SUM(C10:N10) -> 11 | R10: 0700-0800 | S10: =SUM(C10:C13) -> 5 | T10: =SUM(D10:D13) -> 0 | U10: =SUM(E10:E13) -> 1 | V10: =SUM(F10:F13) -> 7 | W10: =SUM(G10:G13) -> 0 | X10: =SUM(H10:H13) -> 0 | Y10: =SUM(I10:I13) -> 1 | Z10: =SUM(J10:J13) -> 0 | ... AF10: =SUM(P10:P13) -> 48
B11: 07.15 - 07.30 | C11: 2 | D11: 0 | E11: 0 | F11: 2 | G11: 0 | H11: 0 | I11: 0 | J11: 0 | K11: 0 | L11: 0 | M11: 8 | N11: 0 | O11: =SUM(C11:L11,N11) -> 4 | P11: =SUM(C11:N11) -> 12 | R11: 0800-0900 | S11: =SUM(C14:C17) -> 2 | T11: =SUM(D14:D17) -> 0 | U11: =SUM(E14:E17) -> 2 | V11: =SUM(F14:F17) -> 5 | W11: =SUM(G14:G17) -> 0 | X11: =SUM(H14:H17) -> 0 | Y11: =SUM(I14:I17) -> 1 | Z11: =SUM(J14:J17) -> 1 | ... AF11: =SUM(P14:P17) -> 68
B12: 07.30 - 07.45 | C12: 1 | D12: 0 | E12: 0 | F12: 2 | G12: 0 | H12: 0 | I12: 0 | J12: 0 | K12: 0 | L12: 0 | M12: 12 | N12: 0 | O12: =SUM(C12:L12,N12) -> 3 | P12: =SUM(C12:N12) -> 15 | R12: 0900-1000 | S12: =SUM(C18:C21) -> 11 | T12: =SUM(D18:D21) -> 1 | U12: =SUM(E18:E21) -> 8 | V12: =SUM(F18:F21) -> 4 | W12: =SUM(G18:G21) -> 0 | X12: =SUM(H18:H21) -> 1 | Y12: =SUM(I18:I21) -> 2 | Z12: =SUM(J18:J21) -> 0 | ... AF12: =SUM(P18:P21) -> 101
B13: 07.45 - 08.00 | C13: 1 | D13: 0 | E13: 0 | F13: 1 | G13: 0 | H13: 0 | I13: 1 | J13: 0 | K13: 0 | L13: 0 | M13: 7 | N13: 0 | O13: =SUM(C13:L13,N13) -> 3 | P13: =SUM(C13:N13) -> 10 | R13: 1000-1100 | S13: =SUM(C22:C25) -> 12 | T13: =SUM(D22:D25) -> 1 | U13: =SUM(E22:E25) -> 9 | V13: =SUM(F22:F25) -> 8 | W13: =SUM(G22:G25) -> 0 | X13: =SUM(H22:H25) -> 0 | Y13: =SUM(I22:I25) -> 4 | Z13: =SUM(J22:J25) -> 0 | ... AF13: =SUM(P22:P25) -> 117
B14: 08.00 - 08.15 | C14: 0 | D14: 0 | E14: 0 | F14: 0 | G14: 0 | H14: 0 | I14: 0 | J14: 0 | K14: 0 | L14: 0 | M14: 12 | N14: 0 | O14: =SUM(C14:L14,N14) -> 0 | P14: =SUM(C14:N14) -> 12 | R14: 1100-1200 | S14: =SUM(C26:C29) -> 17 | T14: =SUM(D26:D29) -> 0 | U14: =SUM(E26:E29) -> 7 | V14: =SUM(F26:F29) -> 13 | W14: =SUM(G26:G29) -> 1 | X14: =SUM(H26:H29) -> 0 | Y14: =SUM(I26:I29) -> 4 | Z14: =SUM(J26:J29) -> 0 | ... AF14: =SUM(P26:P29) -> 134
B15: 08.15 - 08.30 | C15: 2 | D15: 0 | E15: 0 | F15: 3 | G15: 0 | H15: 0 | I15: 1 | J15: 1 | K15: 0 | L15: 0 | M15: 16 | N15: 0 | O15: =SUM(C15:L15,N15) -> 7 | P15: =SUM(C15:N15) -> 23 | R15: 1200-1300 | S15: =SUM(C30:C33) -> 20 | T15: =SUM(D30:D33) -> 1 | U15: =SUM(E30:E33) -> 8 | V15: =SUM(F30:F33) -> 12 | W15: =SUM(G30:G33) -> 0 | X15: =SUM(H30:H33) -> 0 | Y15: =SUM(I30:I33) -> 3 | Z15: =SUM(J30:J33) -> 0 | ... AF15: =SUM(P30:P33) -> 142
B16: 08.30 - 08.45 | C16: 0 | D16: 0 | E16: 0 | F16: 0 | G16: 0 | H16: 0 | I16: 0 | J16: 0 | K16: 0 | L16: 0 | M16: 11 | N16: 0 | O16: =SUM(C16:L16,N16) -> 0 | P16: =SUM(C16:N16) -> 11 | R16: 1300-1400 | S16: =SUM(C34:C37) -> 30 | T16: =SUM(D34:D37) -> 2 | U16: =SUM(E34:E37) -> 15 | V16: =SUM(F34:F37) -> 15 | W16: =SUM(G34:G37) -> 0 | X16: =SUM(H34:H37) -> 0 | Y16: =SUM(I34:I37) -> 4 | Z16: =SUM(J34:J37) -> 2 | ... AF16: =SUM(P34:P37) -> 158
B17: 08.45 - 9.00 | C17: 0 | D17: 0 | E17: 2 | F17: 2 | G17: 0 | H17: 0 | I17: 0 | J17: 0 | K17: 0 | L17: 0 | M17: 18 | N17: 0 | O17: =SUM(C17:L17,N17) -> 4 | P17: =SUM(C17:N17) -> 22 | R17: 1400-1500 | S17: =SUM(C38:C41) -> 19 | T17: =SUM(D38:D41) -> 3 | U17: =SUM(E38:E41) -> 17 | V17: =SUM(F38:F41) -> 7 | W17: =SUM(G38:G41) -> 2 | X17: =SUM(H38:H41) -> 0 | Y17: =SUM(I38:I41) -> 5 | Z17: =SUM(J38:J41) -> 0 | ... AF17: =SUM(P38:P41) -> 146
B18: 09.00 - 09.15 | C18: 0 | D18: 0 | E18: 0 | F18: 3 | G18: 0 | H18: 1 | I18: 0 | J18: 0 | K18: 0 | L18: 0 | M18: 16 | N18: 0 | O18: =SUM(C18:L18,N18) -> 4 | P18: =SUM(C18:N18) -> 20 | R18: 1500-1600 | S18: =SUM(C42:C45) -> 26 | T18: =SUM(D42:D45) -> 1 | U18: =SUM(E42:E45) -> 12 | V18: =SUM(F42:F45) -> 8 | W18: =SUM(G42:G45) -> 0 | X18: =SUM(H42:H45) -> 0 | Y18: =SUM(I42:I45) -> 8 | Z18: =SUM(J42:J45) -> 2 | ... AF18: =SUM(P42:P45) -> 143
B19: 09.15 - 09.30 | C19: 4 | D19: 0 | E19: 0 | F19: 1 | G19: 0 | H19: 0 | I19: 1 | J19: 0 | K19: 0 | L19: 0 | M19: 13 | N19: 0 | O19: =SUM(C19:L19,N19) -> 6 | P19: =SUM(C19:N19) -> 19 | R19: 1600-1700 | S19: =SUM(C46:C49) -> 19 | T19: =SUM(D46:D49) -> 2 | U19: =SUM(E46:E49) -> 14 | V19: =SUM(F46:F49) -> 9 | W19: =SUM(G46:G49) -> 0 | X19: =SUM(H46:H49) -> 0 | Y19: =SUM(I46:I49) -> 5 | Z19: =SUM(J46:J49) -> 0 | ... AF19: =SUM(P46:P49) -> 132
B20: 09.30 - 09.45 | C20: 4 | D20: 0 | E20: 2 | F20: 0 | G20: 0 | H20: 0 | I20: 1 | J20: 0 | K20: 0 | L20: 0 | M20: 30 | N20: 0 | O20: =SUM(C20:L20,N20) -> 7 | P20: =SUM(C20:N20) -> 37 | R20: 1700-1800 | S20: =SUM(C50:C53) -> 13 | T20: =SUM(D50:D53) -> 1 | U20: =SUM(E50:E53) -> 7 | V20: =SUM(F50:F53) -> 10 | W20: =SUM(G50:G53) -> 0 | X20: =SUM(H50:H53) -> 0 | Y20: =SUM(I50:I53) -> 10 | Z20: =SUM(J50:J53) -> 1 | ... AF20: =SUM(P50:P53) -> 119
B21: 09.45 - 10.00 | C21: 3 | D21: 1 | E21: 6 | F21: 0 | G21: 0 | H21: 0 | I21: 0 | J21: 0 | K21: 0 | L21: 0 | M21: 15 | N21: 0 | O21: =SUM(C21:L21,N21) -> 10 | P21: =SUM(C21:N21) -> 25 | R21: 1800-1900 | S21: =SUM(C54:C57) -> 13 | T21: =SUM(D54:D57) -> 2 | U21: =SUM(E54:E57) -> 11 | V21: =SUM(F54:F57) -> 10 | W21: =SUM(G54:G57) -> 0 | X21: =SUM(H54:H57) -> 0 | Y21: =SUM(I54:I57) -> 6 | Z21: =SUM(J54:J57) -> 1 | ... AF21: =SUM(P54:P57) -> 124
B22: 10.00 - 10.15 | C22: 3 | D22: 0 | E22: 1 | F22: 3 | G22: 0 | H22: 0 | I22: 2 | J22: 0 | K22: 0 | L22: 0 | M22: 10 | N22: 0 | O22: =SUM(C22:L22,N22) -> 9 | P22: =SUM(C22:N22) -> 19 | R22: AM Peak Hr | S22: =MAX(S10:S12) -> 11 | T22: =MAX(T10:T12) -> 1 | U22: =MAX(U10:U12) -> 8 | V22: =MAX(V10:V12) -> 7 | W22: =MAX(W10:W12) -> 0 | X22: =MAX(X10:X12) -> 1 | Y22: =MAX(Y10:Y12) -> 2 | Z22: =MAX(Z10:Z12) -> 1 | ... AF22: =MAX(AF10:AF12) -> 101
B23: 10.15 - 10.30 | C23: 2 | D23: 0 | E23: 2 | F23: 1 | G23: 0 | H23: 0 | I23: 0 | J23: 0 | K23: 0 | L23: 0 | M23: 15 | N23: 0 | O23: =SUM(C23:L23,N23) -> 5 | P23: =SUM(C23:N23) -> 20 | R23: IP Peak Hr | S23: =MAX(S13:S18) -> 30 | T23: =MAX(T13:T18) -> 3 | U23: =MAX(U13:U18) -> 17 | V23: =MAX(V13:V18) -> 15 | W23: =MAX(W13:W18) -> 2 | X23: =MAX(X13:X18) -> 0 | Y23: =MAX(Y13:Y18) -> 8 | Z23: =MAX(Z13:Z18) -> 2 | ... AF23: =MAX(AF13:AF18) -> 158
B24: 10.30 - 10.45 | C24: 7 | D24: 0 | E24: 1 | F24: 4 | G24: 0 | H24: 0 | I24: 2 | J24: 0 | K24: 1 | L24: 0 | M24: 27 | N24: 0 | O24: =SUM(C24:L24,N24) -> 15 | P24: =SUM(C24:N24) -> 42 | R24: PM Peak Hr | S24: =MAX(S19:S21) -> 19 | T24: =MAX(T19:T21) -> 2 | U24: =MAX(U19:U21) -> 14 | V24: =MAX(V19:V21) -> 10 | W24: =MAX(W19:W21) -> 0 | X24: =MAX(X19:X21) -> 0 | Y24: =MAX(Y19:Y21) -> 10 | Z24: =MAX(Z19:Z21) -> 1 | ... AF24: =MAX(AF19:AF21) -> 132
B25: 10.45 - 11.00 | C25: 0 | D25: 1 | E25: 5 | F25: 0 | G25: 0 | H25: 0 | I25: 0 | J25: 0 | K25: 0 | L25: 0 | M25: 30 | N25: 0 | O25: =SUM(C25:L25,N25) -> 6 | P25: =SUM(C25:N25) -> 36 | R25: AM Period | S25: =SUM(S10:S12) -> 18 | T25: =SUM(T10:T12) -> 1 | U25: =SUM(U10:U12) -> 11 | V25: =SUM(V10:V12) -> 16 | W25: =SUM(W10:W12) -> 0 | X25: =SUM(X10:X12) -> 1 | Y25: =SUM(Y10:Y12) -> 4 | Z25: =SUM(Z10:Z12) -> 1 | ... AF25: =SUM(AF10:AF12) -> 217
B26: 11.00 - 11.15 | C26: 4 | D26: 0 | E26: 2 | F26: 3 | G26: 0 | H26: 0 | I26: 0 | J26: 0 | K26: 0 | L26: 0 | M26: 22 | N26: 0 | O26: =SUM(C26:L26,N26) -> 9 | P26: =SUM(C26:N26) -> 31 | R26: IP Period | S26: =SUM(S13:S18) -> 124 | T26: =SUM(T13:T18) -> 8 | U26: =SUM(U13:U18) -> 68 | V26: =SUM(V13:V18) -> 63 | W26: =SUM(W13:W18) -> 3 | X26: =SUM(X13:X18) -> 0 | Y26: =SUM(Y13:Y18) -> 28 | Z26: =SUM(Z13:Z18) -> 4 | ... AF26: =SUM(AF13:AF18) -> 840
B27: 11.15 - 11.30 | C27: 2 | D27: 0 | E27: 0 | F27: 3 | G27: 1 | H27: 0 | I27: 2 | J27: 0 | K27: 0 | L27: 0 | M27: 23 | N27: 0 | O27: =SUM(C27:L27,N27) -> 8 | P27: =SUM(C27:N27) -> 31 | R27: PM Period | S27: =SUM(S19:S21) -> 45 | T27: =SUM(T19:T21) -> 5 | U27: =SUM(U19:U21) -> 32 | V27: =SUM(V19:V21) -> 29 | W27: =SUM(W19:W21) -> 0 | X27: =SUM(X19:X21) -> 0 | Y27: =SUM(Y19:Y21) -> 21 | Z27: =SUM(Z19:Z21) -> 2 | ... AF27: =SUM(AF19:AF21) -> 375
B28: 11.30 - 11.45 | C28: 4 | D28: 0 | E28: 3 | F28: 4 | G28: 0 | H28: 0 | I28: 1 | J28: 0 | K28: 0 | L28: 0 | M28: 20 | N28: 0 | O28: =SUM(C28:L28,N28) -> 12 | P28: =SUM(C28:N28) -> 32 | R28: 12 Hours | S28: =SUM(S10:S21) -> 187 | T28: =SUM(T10:T21) -> 14 | U28: =SUM(U10:U21) -> 111 | V28: =SUM(V10:V21) -> 108 | W28: =SUM(W10:W21) -> 3 | X28: =SUM(X10:X21) -> 1 | Y28: =SUM(Y10:Y21) -> 53 | Z28: =SUM(Z10:Z21) -> 7 | ... AF28: =SUM(AF10:AF21) -> 1432
B29: 11.45 - 12.00 | C29: 7 | D29: 0 | E29: 2 | F29: 3 | G29: 0 | H29: 0 | I29: 1 | J29: 0 | K29: 0 | L29: 0 | M29: 27 | N29: 0 | O29: =SUM(C29:L29,N29) -> 13 | P29: =SUM(C29:N29) -> 40
B30: 12.00 - 12.15 | C30: 5 | D30: 0 | E30: 2 | F30: 4 | G30: 0 | H30: 0 | I30: 0 | J30: 0 | K30: 0 | L30: 0 | M30: 33 | N30: 0 | O30: =SUM(C30:L30,N30) -> 11 | P30: =SUM(C30:N30) -> 44
B31: 12.15 - 12.30 | C31: 4 | D31: 0 | E31: 2 | F31: 1 | G31: 0 | H31: 0 | I31: 1 | J31: 0 | K31: 0 | L31: 0 | M31: 23 | N31: 0 | O31: =SUM(C31:L31,N31) -> 8 | P31: =SUM(C31:N31) -> 31
B32: 12.30 - 12.45 | C32: 5 | D32: 1 | E32: 4 | F32: 5 | G32: 0 | H32: 0 | I32: 2 | J32: 0 | K32: 0 | L32: 0 | M32: 22 | N32: 0 | O32: =SUM(C32:L32,N32) -> 17 | P32: =SUM(C32:N32) -> 39
B33: 12.45 - 13.00 | C33: 6 | D33: 0 | E33: 0 | F33: 2 | G33: 0 | H33: 0 | I33: 0 | J33: 0 | K33: 0 | L33: 0 | M33: 20 | N33: 0 | O33: =SUM(C33:L33,N33) -> 8 | P33: =SUM(C33:N33) -> 28
B34: 13.00 - 13.15 | C34: 9 | D34: 0 | E34: 3 | F34: 5 | G34: 0 | H34: 0 | I34: 0 | J34: 0 | K34: 0 | L34: 0 | M34: 27 | N34: 0 | O34: =SUM(C34:L34,N34) -> 17 | P34: =SUM(C34:N34) -> 44
B35: 13.15 - 13.30 | C35: 7 | D35: 1 | E35: 4 | F35: 6 | G35: 0 | H35: 0 | I35: 0 | J35: 1 | K35: 0 | L35: 0 | M35: 21 | N35: 0 | O35: =SUM(C35:L35,N35) -> 19 | P35: =SUM(C35:N35) -> 40
B36: 13.30 - 13.45 | C36: 7 | D36: 0 | E36: 2 | F36: 1 | G36: 0 | H36: 0 | I36: 1 | J36: 0 | K36: 0 | L36: 0 | M36: 18 | N36: 0 | O36: =SUM(C36:L36,N36) -> 11 | P36: =SUM(C36:N36) -> 29
B37: 13.45 - 14.00 | C37: 7 | D37: 1 | E37: 6 | F37: 3 | G37: 0 | H37: 0 | I37: 3 | J37: 1 | K37: 0 | L37: 0 | M37: 24 | N37: 0 | O37: =SUM(C37:L37,N37) -> 21 | P37: =SUM(C37:N37) -> 45
B38: 14.00 - 14.15 | C38: 5 | D38: 1 | E38: 5 | F38: 1 | G38: 0 | H38: 0 | I38: 0 | J38: 0 | K38: 0 | L38: 0 | M38: 21 | N38: 0 | O38: =SUM(C38:L38,N38) -> 12 | P38: =SUM(C38:N38) -> 33
B39: 14.15 - 14.30 | C39: 5 | D39: 1 | E39: 6 | F39: 2 | G39: 0 | H39: 0 | I39: 2 | J39: 0 | K39: 0 | L39: 0 | M39: 19 | N39: 0 | O39: =SUM(C39:L39,N39) -> 16 | P39: =SUM(C39:N39) -> 35
B40: 14.30 - 14.45 | C40: 3 | D40: 1 | E40: 5 | F40: 2 | G40: 1 | H40: 0 | I40: 2 | J40: 0 | K40: 0 | L40: 0 | M40: 35 | N40: 0 | O40: =SUM(C40:L40,N40) -> 14 | P40: =SUM(C40:N40) -> 49
... B57: 18.45 - 19.00 | C57: 3 | D57: 0 | E57: 3 | F57: 2 | G57: 0 | H57: 0 | I57: 0 | J57: 0 | K57: 0 | L57: 0 | M57: 20 | N57: 0 | O57: =SUM(C57:L57,N57) -> 8 | P57: =SUM(C57:N57) -> 28
B58: Totals | C58: =SUM(C10:C57) -> 187 | D58: =SUM(D10:D57) -> 14 | E58: =SUM(E10:E57) -> 111 | F58: =SUM(F10:F57) -> 108 | G58: =SUM(G10:G57) -> 3 | H58: =SUM(H10:H57) -> 1 | I58: =SUM(I10:I57) -> 53 | J58: =SUM(J10:J57) -> 7 | ... P58: =SUM(P10:P57) -> 1432
B59: %ges + MCs | C59: =C58/$P$58 -> 0.13058659 | D59: =D58/$P$58 -> 0.0097765363 | E59: =E58/$P$58 -> 0.077513966 | F59: =F58/$P$58 -> 0.075418994 | G59: =G58/$P$58 -> 0.0020949721 | H59: =H58/$P$58 -> 0.00069832402 | I59: =I58/$P$58 -> 0.037011173 | J59: =J58/$P$58 -> 0.0048882682 | ... N59: =N58/$P$58 -> 0
B60: %ges w/o MCs | C60: =C58/$O$58 -> 0.38556701 | D60: =D58/$O$58 -> 0.028865979 | E60: =E58/$O$58 -> 0.22886598 | F60: =F58/$O$58 -> 0.22268041 | G60: =G58/$O$58 -> 0.006185567 | H60: =H58/$O$58 -> 0.0020618557 | I60: =I58/$O$58 -> 0.10927835 | J60: =J58/$O$58 -> 0.01443299 | ... L60: =L58/$O$58 -> 0 | N60: =N58/$O$58 -> 0

Sheet 18.08 Tororo-Malaba
B1: Consultancy services for Preparation of Expressway Development Master Plan (EDMP) for Uganda
B2: MANUAL CLASSIFIED COUNT (MCC)
B3: ROAD NAME: | C3: ='12.08 Tororo-Malaba'!C3:G3 -> MCC - C3b- STN143 - TORORO-MALABA ROAD
C5: Date | D5: ='18.08 Malaba-Tororo'!D5 -> 18.08.19 | F5: Location | G5: ='18.08 Malaba-Tororo'!G5:H5 -> xxx | J5: Surveyor | K5: ='18.08 Malaba-Tororo'!K5:L5 -> xxx
C6: Dir. From | D6: ='12.08 Tororo-Malaba'!D6:E6 -> Tororo | F6: Dir. To | G6: ='12.08 Tororo-Malaba'!G6:H6 -> Malaba | J6: Supervisor | K6: ='18.08 Malaba-Tororo'!K6:L6 -> xxx
B8: Time / Veh Type | R8: SUMMARY TRAFFIC VOLUMES
C9: 1. Car | D9: 2. Station Wagon | E9: 3. Pickups | F9: 4. Minibus, matatu | G9: 5. Medium bus | H9: 6. Large Bus | I9: 7. Light Truck | J9: 8. Medium Truck | K9: 9. Heavy truck | L9: 10. Truck Trailer | M9: 11. Motor cycles | N9: 12. Tractors | O9: Total Excl M/Cycles | P9: Total All | R9: Time | S9: 1. Car | T9: 2. Station Wagon | U9: 3. Pickups | V9: 4. Minibus, matatu | W9: 5. Medium bus | X9: 6. Large Bus | Y9: 7. Light Truck | Z9: 8. Medium Truck | AA9: 9. Heavy truck | AB9: 10. Truck Trailer | AC9: 11. Motorcycles | AD9: 12. Tractors, Graders | AE9: Total Excl M/ Cycles | AF9: Total All
B10: 07.00 - 07.15 | C10: 2 | D10: 0 | E10: 1 | F10: 0 | G10: 0 | H10: 1 | I10: 0 | J10: 0 | K10: 0 | L10: 0 | M10: 13 | N10: 0 | O10: =SUM(C10:L10,N10) -> 4 | P10: =SUM(C10:N10) -> 17 | R10: 0700-0800 | S10: =SUM(C10:C13) -> 6 | T10: =SUM(D10:D13) -> 0 | U10: =SUM(E10:E13) -> 1 | V10: =SUM(F10:F13) -> 1 | W10: =SUM(G10:G13) -> 0 | X10: =SUM(H10:H13) -> 1 | Y10: =SUM(I10:I13) -> 1 | Z10: =SUM(J10:J13) -> 0 | ... AF10: =SUM(P10:P13) -> 57
B11: 07.15 - 07.30 | C11: 2 | D11: 0 | E11: 0 | F11: 0 | G11: 0 | H11: 0 | I11: 1 | J11: 0 | K11: 0 | L11: 0 | M11: 12 | N11: 0 | O11: =SUM(C11:L11,N11) -> 3 | P11: =SUM(C11:N11) -> 15 | R11: 0800-0900 | S11: =SUM(C14:C17) -> 4 | T11: =SUM(D14:D17) -> 0 | U11: =SUM(E14:E17) -> 2 | V11: =SUM(F14:F17) -> 4 | W11: =SUM(G14:G17) -> 0 | X11: =SUM(H14:H17) -> 0 | Y11: =SUM(I14:I17) -> 2 | Z11: =SUM(J14:J17) -> 0 | ... AF11: =SUM(P14:P17) -> 85
B12: 07.30 - 07.45 | C12: 2 | D12: 0 | E12: 0 | F12: 0 | G12: 0 | H12: 0 | I12: 0 | J12: 0 | K12: 0 | L12: 0 | M12: 14 | N12: 0 | O12: =SUM(C12:L12,N12) -> 2 | P12: =SUM(C12:N12) -> 16 | R12: 0900-1000 | S12: =SUM(C18:C21) -> 4 | T12: =SUM(D18:D21) -> 0 | U12: =SUM(E18:E21) -> 6 | V12: =SUM(F18:F21) -> 7 | W12: =SUM(G18:G21) -> 0 | X12: =SUM(H18:H21) -> 0 | Y12: =SUM(I18:I21) -> 0 | Z12: =SUM(J18:J21) -> 1 | ... AF12: =SUM(P18:P21) -> 81
B13: 07.45 - 08.00 | C13: 0 | D13: 0 | E13: 0 | F13: 1 | G13: 0 | H13: 0 | I13: 0 | J13: 0 | K13: 0 | L13: 0 | M13: 8 | N13: 0 | O13: =SUM(C13:L13,N13) -> 1 | P13: =SUM(C13:N13) -> 9 | R13: 1000-1100 | S13: =SUM(C22:C25) -> 10 | T13: =SUM(D22:D25) -> 2 | U13: =SUM(E22:E25) -> 8 | V13: =SUM(F22:F25) -> 7 | W13: =SUM(G22:G25) -> 0 | X13: =SUM(H22:H25) -> 0 | Y13: =SUM(I22:I25) -> 0 | Z13: =SUM(J22:J25) -> 2 | ... AF13: =SUM(P22:P25) -> 117
B14: 08.00 - 08.15 | C14: 1 | D14: 0 | E14: 0 | F14: 0 | G14: 0 | H14: 0 | I14: 0 | J14: 0 | K14: 0 | L14: 0 | M14: 20 | N14: 0 | O14: =SUM(C14:L14,N14) -> 1 | P14: =SUM(C14:N14) -> 21 | R14: 1100-1200 | S14: =SUM(C26:C29) -> 8 | T14: =SUM(D26:D29) -> 0 | U14: =SUM(E26:E29) -> 6 | V14: =SUM(F26:F29) -> 9 | W14: =SUM(G26:G29) -> 0 | X14: =SUM(H26:H29) -> 0 | Y14: =SUM(I26:I29) -> 3 | Z14: =SUM(J26:J29) -> 0 | ... AF14: =SUM(P26:P29) -> 132
B15: 08.15 - 08.30 | C15: 0 | D15: 0 | E15: 2 | F15: 2 | G15: 0 | H15: 0 | I15: 0 | J15: 0 | K15: 0 | L15: 0 | M15: 9 | N15: 0 | O15: =SUM(C15:L15,N15) -> 4 | P15: =SUM(C15:N15) -> 13 | R15: 1200-1300 | S15: =SUM(C30:C33) -> 12 | T15: =SUM(D30:D33) -> 0 | U15: =SUM(E30:E33) -> 5 | V15: =SUM(F30:F33) -> 10 | W15: =SUM(G30:G33) -> 0 | X15: =SUM(H30:H33) -> 0 | Y15: =SUM(I30:I33) -> 3 | Z15: =SUM(J30:J33) -> 0 | ... AF15: =SUM(P30:P33) -> 123
B16: 08.30 - 08.45 | C16: 3 | D16: 0 | E16: 0 | F16: 1 | G16: 0 | H16: 0 | I16: 0 | J16: 0 | K16: 0 | L16: 0 | M16: 27 | N16: 0 | O16: =SUM(C16:L16,N16) -> 4 | P16: =SUM(C16:N16) -> 31 | R16: 1300-1400 | S16: =SUM(C34:C37) -> 15 | T16: =SUM(D34:D37) -> 0 | U16: =SUM(E34:E37) -> 5 | V16: =SUM(F34:F37) -> 10 | W16: =SUM(G34:G37) -> 0 | X16: =SUM(H34:H37) -> 0 | Y16: =SUM(I34:I37) -> 1 | Z16: =SUM(J34:J37) -> 0 | ... AF16: =SUM(P34:P37) -> 124
B17: 08.45 - 9.00 | C17: 0 | D17: 0 | E17: 0 | F17: 1 | G17: 0 | H17: 0 | I17: 2 | J17: 0 | K17: 0 | L17: 0 | M17: 17 | N17: 0 | O17: =SUM(C17:L17,N17) -> 3 | P17: =SUM(C17:N17) -> 20 | R17: 1400-1500 | S17: =SUM(C38:C41) -> 8 | T17: =SUM(D38:D41) -> 0 | U17: =SUM(E38:E41) -> 7 | V17: =SUM(F38:F41) -> 12 | W17: =SUM(G38:G41) -> 0 | X17: =SUM(H38:H41) -> 0 | Y17: =SUM(I38:I41) -> 5 | Z17: =SUM(J38:J41) -> 0 | ... AF17: =SUM(P38:P41) -> 121
B18: 09.00 - 09.15 | C18: 1 | D18: 0 | E18: 1 | F18: 3 | G18: 0 | H18: 0 | I18: 0 | J18: 0 | K18: 0 | L18: 0 | M18: 12 | N18: 0 | O18: =SUM(C18:L18,N18) -> 5 | P18: =SUM(C18:N18) -> 17 | R18: 1500-1600 | S18: =SUM(C42:C45) -> 6 | T18: =SUM(D42:D45) -> 0 | U18: =SUM(E42:E45) -> 5 | V18: =SUM(F42:F45) -> 13 | W18: =SUM(G42:G45) -> 0 | X18: =SUM(H42:H45) -> 0 | Y18: =SUM(I42:I45) -> 3 | Z18: =SUM(J42:J45) -> 0 | ... AF18: =SUM(P42:P45) -> 106
