Workbook
Name Dist: 'ALL DATA'!$S:$S
Name Jtime: 'ALL DATA'!$T:$T
Name Tripfreq: 'ALL DATA'!$U:$U
Name Veh: 'ALL DATA'!$D:$D
Name Veh_Type: '11.10.ENTEBBE-BUSABALA'!$D$9:$D$28
Name Veh_Type: '12.10 BUSABALA-ENTEBBE'!$D$9:$D$37
Name Veh_Type: 'ALL DATA'!$D$9:$D$33
Name Veh_Type: '[1]25.07 BUSEGA-NATEETE'!$D:$D
Name Veh_Type: '[1]25.07 BUSEGA-NATEETE'!$D:$D
Name Veh_Type: '11.10.BUSABALA-ENTEBBE'!$D$9:$D$33
Name zones: #REF!
Name Zones_Ndeke: #REF!

Sheet Analysis
B3: Vehicle OD Sample Proportions | N3: Average Journey Time
B4: Vehicle Types | C4: OD Sample | D4: OD Sample, % | N4: Journey Time Range (Hrs) | O4: Cummu-lative | P4: No of Vehicles | Q4: No. of Vehicles, %
B5: Car | C5: =COUNTIF('ALL DATA'!$D$9:$D$5000,"1") -> 107 | D5: =C5/$C$17 -> 0.44583333 | N5: 0-0.25 | O5: =COUNTIF(Jtime,"<=0.25") -> 34 | P5: =O5 -> 34 | Q5: =P5/$O$15 -> 0.17346939
B6: Station Wagon | C6: =COUNTIF('ALL DATA'!$D$9:$D$5000,"2") -> 17 | D6: =C6/$C$17 -> 0.070833333 | N6: 0.25-0.50 | O6: =COUNTIF(Jtime,"<=0.5") -> 117 | P6: =O6-O5 -> 83 | Q6: =P6/$O$15 -> 0.42346939
B7: Pickups | C7: =COUNTIF('ALL DATA'!$D$9:$D$5000,"3") -> 7 | D7: =C7/$C$17 -> 0.029166667 | N7: 0.50-0.75 | O7: =COUNTIF(Jtime,"<=0.75") -> 128 | P7: =O7-O6 -> 11 | Q7: =P7/$O$15 -> 0.056122449
B8: Minibus, matatu | C8: =COUNTIF('ALL DATA'!$D$9:$D$5000,"4") -> 48 | D8: =C8/$C$17 -> 0.2 | N8: 0.75-1.00 | O8: =COUNTIF(Jtime,"<=1.0") -> 175 | P8: =O8-O7 -> 47 | Q8: =P8/$O$15 -> 0.23979592
B9: Medium bus | C9: =COUNTIF('ALL DATA'!$D$9:$D$5000,"5") -> 2 | D9: =C9/$C$17 -> 0.0083333333 | N9: 1.00-1.50 | O9: =COUNTIF(Jtime,"<=1.5") -> 186 | P9: =O9-O8 -> 11 | Q9: =P9/$O$15 -> 0.056122449
B10: Large Bus | C10: =COUNTIF('ALL DATA'!$D$9:$D$5000,"6") -> 0 | D10: =C10/$C$17 -> 0 | N10: 1.5-2.0 | O10: =COUNTIF(Jtime,"<=2") -> 195 | P10: =O10-O9 -> 9 | Q10: =P10/$O$15 -> 0.045918367
B11: Light Truck | C11: =COUNTIF('ALL DATA'!$D$9:$D$5000,"7") -> 12 | D11: =C11/$C$17 -> 0.05 | N11: 2.0-3.0 | O11: =COUNTIF(Jtime,"<=3") -> 195 | P11: =O11-O10 -> 0 | Q11: =P11/$O$15 -> 0
B12: Medium Truck | C12: =COUNTIF('ALL DATA'!$D$9:$D$5000,"8") -> 3 | D12: =C12/$C$17 -> 0.0125 | N12: 3.0-5.0 | O12: =COUNTIF(Jtime,"<=5") -> 195 | P12: =O12-O11 -> 0 | Q12: =P12/$O$15 -> 0
B13: Heavy truck | C13: =COUNTIF('ALL DATA'!$D$9:$D$5000,"9") -> 0 | D13: =C13/$C$17 -> 0 | N13: 5.0-7.5 | O13: =COUNTIF(Jtime,"<=7.5") -> 195 | P13: =O13-O12 -> 0 | Q13: =P13/$O$15 -> 0
B14: Truck Trailer | C14: =COUNTIF('ALL DATA'!$D$9:$D$5000,"10") -> 1 | D14: =C14/$C$17 -> 0.0041666667 | N14: 7.5-10 | O14: =COUNTIF(Jtime,"<=10") -> 196 | P14: =O14-O13 -> 1 | Q14: =P14/$O$15 -> 0.0051020408
B15: Motor cycles | C15: =COUNTIF('ALL DATA'!$D$9:$D$5000,"11") -> 43 | D15: =C15/$C$17 -> 0.17916667 | N15: Over 10 | O15: =COUNTIF(Jtime,"<=15") -> 196 | P15: =O15-O14 -> 0 | Q15: =P15/$O$15 -> 0
B16: Tractors | C16: =COUNTIF('ALL DATA'!$D$9:$D$5000,"12") -> 0 | D16: =C16/$C$17 -> 0
C17: =SUM(C5:C16) -> 240
N21: Trip Frequency
B22: Journey Purpose | N22: Trip Frequency | O22: No of Vehicles | P22: No. of Vehicles, %
B23: Purpose | C23: Respondents | D23: Percent | N23: More than 2 times every day | O23: =COUNTIF(Tripfreq,"=1") -> 48 | P23: =O23/$O$29 -> 0.2
B24: Home-Work | C24: =COUNTIF('ALL DATA'!$R$9:$R$5000,"Home-Work") -> 31 | D24: =C24/$C$29 -> 0.12916667 | N24: Daily (Up and Down) | O24: =COUNTIF(Tripfreq,"=2") -> 138 | P24: =O24/$O$29 -> 0.575
B25: Home-Study | C25: =COUNTIF('ALL DATA'!$R$9:$R$369,"Home-Study") -> 5 | D25: =C25/$C$29 -> 0.020833333 | N25: 2/3 times a week | O25: =COUNTIF(Tripfreq,"=3") -> 19 | P25: =O25/$O$29 -> 0.079166667
B26: Work-Home | C26: =COUNTIF('ALL DATA'!$R$9:$R$369,"Work-Home") -> 27 | D26: =C26/$C$29 -> 0.1125 | N26: Once a week | O26: =COUNTIF(Tripfreq,"=4") -> 11 | P26: =O26/$O$29 -> 0.045833333
B27: Work-Work | C27: =COUNTIF('ALL DATA'!$R$9:$R$369,"Work-Work") -> 68 | D27: =C27/$C$29 -> 0.28333333 | N27: Once a month | O27: =COUNTIF(Tripfreq,"=5") -> 7 | P27: =O27/$O$29 -> 0.029166667
B28: Others | C28: =C29-SUM(C24:C27) -> 109 | D28: =C28/$C$29 -> 0.45416667 | N28: Once in a while | O28: =COUNTIF(Tripfreq,"=6") -> 17 | P28: =O28/$O$29 -> 0.070833333
B29: Total | C29: =C17 -> 240 | O29: =SUM(O23:O28) -> 240
B40: Expressway Use
B41: Response | C41: Number | D41: Percent
B42: Yes | C42: =COUNTIF('ALL DATA'!$Y$9:$Y$5000,"Y") -> 240 | D42: =C42/$C$44 -> 1
B43: No | C43: =C44-C42 -> 0 | D43: =C43/$C$44 -> 0
B44: Total | C44: =C29 -> 240
R47: Home | S47: Work | T47: Study | U47: Commercial | V47: Tourism | W47: Leisure/Social | X47: Hospital | Y47: Others
P48: 1 | Q48: Home | R48: =R59/SUM($R$59:$Y$66) -> 0.058333333 | S48: =S59/SUM($R$59:$Y$66) -> 0.12916667 | T48: =T59/SUM($R$59:$Y$66) -> 0.020833333 | U48: =U59/SUM($R$59:$Y$66) -> 0.025 | V48: =V59/SUM($R$59:$Y$66) -> 0.0125 | W48: =W59/SUM($R$59:$Y$66) -> 0.058333333 | X48: =X59/SUM($R$59:$Y$66) -> 0.0125 | Y48: =Y59/SUM($R$59:$Y$66) -> 0.058333333
P49: 2 | Q49: Work | R49: =R60/SUM($R$59:$Y$66) -> 0.1125 | S49: =S60/SUM($R$59:$Y$66) -> 0.28333333 | T49: =T60/SUM($R$59:$Y$66) -> 0 | U49: =U60/SUM($R$59:$Y$66) -> 0.0083333333 | V49: =V60/SUM($R$59:$Y$66) -> 0 | W49: =W60/SUM($R$59:$Y$66) -> 0 | X49: =X60/SUM($R$59:$Y$66) -> 0 | Y49: =Y60/SUM($R$59:$Y$66) -> 0.0083333333
P50: 3 | Q50: Study | R50: =R61/SUM($R$59:$Y$66) -> 0.016666667 | S50: =S61/SUM($R$59:$Y$66) -> 0 | T50: =T61/SUM($R$59:$Y$66) -> 0.0041666667 | U50: =U61/SUM($R$59:$Y$66) -> 0 | V50: =V61/SUM($R$59:$Y$66) -> 0 | W50: =W61/SUM($R$59:$Y$66) -> 0 | X50: =X61/SUM($R$59:$Y$66) -> 0 | Y50: =Y61/SUM($R$59:$Y$66) -> 0
P51: 4 | Q51: Commercial | R51: =R62/SUM($R$59:$Y$66) -> 0.016666667 | S51: =S62/SUM($R$59:$Y$66) -> 0.0041666667 | T51: =T62/SUM($R$59:$Y$66) -> 0 | U51: =U62/SUM($R$59:$Y$66) -> 0.0041666667 | V51: =V62/SUM($R$59:$Y$66) -> 0 | W51: =W62/SUM($R$59:$Y$66) -> 0.0041666667 | X51: =X62/SUM($R$59:$Y$66) -> 0 | Y51: =Y62/SUM($R$59:$Y$66) -> 0.0041666667
P52: 5 | Q52: Tourism | R52: =R63/SUM($R$59:$Y$66) -> 0 | S52: =S63/SUM($R$59:$Y$66) -> 0 | T52: =T63/SUM($R$59:$Y$66) -> 0 | U52: =U63/SUM($R$59:$Y$66) -> 0 | V52: =V63/SUM($R$59:$Y$66) -> 0 | W52: =W63/SUM($R$59:$Y$66) -> 0 | X52: =X63/SUM($R$59:$Y$66) -> 0 | Y52: =Y63/SUM($R$59:$Y$66) -> 0
P53: 6 | Q53: Leisure/Social | R53: =R64/SUM($R$59:$Y$66) -> 0.0083333333 | S53: =S64/SUM($R$59:$Y$66) -> 0 | T53: =T64/SUM($R$59:$Y$66) -> 0 | U53: =U64/SUM($R$59:$Y$66) -> 0 | V53: =V64/SUM($R$59:$Y$66) -> 0 | W53: =W64/SUM($R$59:$Y$66) -> 0 | X53: =X64/SUM($R$59:$Y$66) -> 0 | Y53: =Y64/SUM($R$59:$Y$66) -> 0
P54: 7 | Q54: Hospital | R54: =R65/SUM($R$59:$Y$66) -> 0.0041666667 | S54: =S65/SUM($R$59:$Y$66) -> 0 | T54: =T65/SUM($R$59:$Y$66) -> 0 | U54: =U65/SUM($R$59:$Y$66) -> 0 | V54: =V65/SUM($R$59:$Y$66) -> 0 | W54: =W65/SUM($R$59:$Y$66) -> 0 | X54: =X65/SUM($R$59:$Y$66) -> 0 | Y54: =Y65/SUM($R$59:$Y$66) -> 0
P55: 8 | Q55: Others | R55: =R66/SUM($R$59:$Y$66) -> 0.041666667 | S55: =S66/SUM($R$59:$Y$66) -> 0.0125 | T55: =T66/SUM($R$59:$Y$66) -> 0 | U55: =U66/SUM($R$59:$Y$66) -> 0.0083333333 | V55: =V66/SUM($R$59:$Y$66) -> 0 | W55: =W66/SUM($R$59:$Y$66) -> 0.0083333333 | X55: =X66/SUM($R$59:$Y$66) -> 0 | Y55: =Y66/SUM($R$59:$Y$66) -> 0.075
R57: 1 | S57: 2 | T57: 3 | U57: 4 | V57: 5 | W57: 6 | X57: 7 | Y57: 8
B58: Willingness to Pay | R58: Home | S58: Work | T58: Study | U58: Commercial | V58: Tourism | W58: Leisure/Social | X58: Hospital | Y58: Others
B59: Vehicle Types | C59: Average Price | P59: 1 | Q59: Home | R59: =COUNTIF('ALL DATA'!$R$9:$R$5000,R69) -> 14 | S59: =COUNTIF('ALL DATA'!$R$9:$R$5000,S69) -> 31 | T59: =COUNTIF('ALL DATA'!$R$9:$R$5000,T69) -> 5 | U59: =COUNTIF('ALL DATA'!$R$9:$R$5000,U69) -> 6 | V59: =COUNTIF('ALL DATA'!$R$9:$R$5000,V69) -> 3 | W59: =COUNTIF('ALL DATA'!$R$9:$R$5000,W69) -> 14 | X59: =COUNTIF('ALL DATA'!$R$9:$R$5000,X69) -> 3 | Y59: =COUNTIF('ALL DATA'!$R$9:$R$5000,Y69) -> 14
B60: Car | C60: =AVERAGEIF(Veh,"=1",'ALL DATA'!$Z$9:$Z$5000) -> 1429.2135 | P60: 2 | Q60: Work | R60: =COUNTIF('ALL DATA'!$R$9:$R$5000,R70) -> 27 | S60: =COUNTIF('ALL DATA'!$R$9:$R$5000,S70) -> 68 | T60: =COUNTIF('ALL DATA'!$R$9:$R$5000,T70) -> 0 | U60: =COUNTIF('ALL DATA'!$R$9:$R$5000,U70) -> 2 | V60: =COUNTIF('ALL DATA'!$R$9:$R$5000,V70) -> 0 | W60: =COUNTIF('ALL DATA'!$R$9:$R$5000,W70) -> 0 | X60: =COUNTIF('ALL DATA'!$R$9:$R$5000,X70) -> 0 | Y60: =COUNTIF('ALL DATA'!$R$9:$R$5000,Y70) -> 2
B61: Station Wagon | C61: =AVERAGEIF(Veh,"=2",'ALL DATA'!$Z$9:$Z$5000) -> 1270 | P61: 3 | Q61: Study | R61: =COUNTIF('ALL DATA'!$R$9:$R$5000,R71) -> 4 | S61: =COUNTIF('ALL DATA'!$R$9:$R$5000,S71) -> 0 | T61: =COUNTIF('ALL DATA'!$R$9:$R$5000,T71) -> 1 | U61: =COUNTIF('ALL DATA'!$R$9:$R$5000,U71) -> 0 | V61: =COUNTIF('ALL DATA'!$R$9:$R$5000,V71) -> 0 | W61: =COUNTIF('ALL DATA'!$R$9:$R$5000,W71) -> 0 | X61: =COUNTIF('ALL DATA'!$R$9:$R$5000,X71) -> 0 | Y61: =COUNTIF('ALL DATA'!$R$9:$R$5000,Y71) -> 0
B62: Pickups | C62: =AVERAGEIF(Veh,"=3",'ALL DATA'!$Z$9:$Z$5000) -> 1142.8571 | P62: 4 | Q62: Commercial | R62: =COUNTIF('ALL DATA'!$R$9:$R$5000,R72) -> 4 | S62: =COUNTIF('ALL DATA'!$R$9:$R$5000,S72) -> 1 | T62: =COUNTIF('ALL DATA'!$R$9:$R$5000,T72) -> 0 | U62: =COUNTIF('ALL DATA'!$R$9:$R$5000,U72) -> 1 | V62: =COUNTIF('ALL DATA'!$R$9:$R$5000,V72) -> 0 | W62: =COUNTIF('ALL DATA'!$R$9:$R$5000,W72) -> 1 | X62: =COUNTIF('ALL DATA'!$R$9:$R$5000,X72) -> 0 | Y62: =COUNTIF('ALL DATA'!$R$9:$R$5000,Y72) -> 1
B63: Minibus, matatu | C63: =AVERAGEIF(Veh,"=4",'ALL DATA'!$Z$9:$Z$5000) -> 1865.1163 | P63: 5 | Q63: Tourism | R63: =COUNTIF('ALL DATA'!$R$9:$R$5000,R73) -> 0 | S63: =COUNTIF('ALL DATA'!$R$9:$R$5000,S73) -> 0 | T63: =COUNTIF('ALL DATA'!$R$9:$R$5000,T73) -> 0 | U63: =COUNTIF('ALL DATA'!$R$9:$R$5000,U73) -> 0 | V63: =COUNTIF('ALL DATA'!$R$9:$R$5000,V73) -> 0 | W63: =COUNTIF('ALL DATA'!$R$9:$R$5000,W73) -> 0 | X63: =COUNTIF('ALL DATA'!$R$9:$R$5000,X73) -> 0 | Y63: =COUNTIF('ALL DATA'!$R$9:$R$5000,Y73) -> 0
B64: Medium bus | C64: =AVERAGEIF(Veh,"=5",'ALL DATA'!$Z$9:$Z$5000) -> 1000 | P64: 6 | Q64: Leisure/Social | R64: =COUNTIF('ALL DATA'!$R$9:$R$5000,R74) -> 2 | S64: =COUNTIF('ALL DATA'!$R$9:$R$5000,S74) -> 0 | T64: =COUNTIF('ALL DATA'!$R$9:$R$5000,T74) -> 0 | U64: =COUNTIF('ALL DATA'!$R$9:$R$5000,U74) -> 0 | V64: =COUNTIF('ALL DATA'!$R$9:$R$5000,V74) -> 0 | W64: =COUNTIF('ALL DATA'!$R$9:$R$5000,W74) -> 0 | X64: =COUNTIF('ALL DATA'!$R$9:$R$5000,X74) -> 0 | Y64: =COUNTIF('ALL DATA'!$R$9:$R$5000,Y74) -> 0
B65: Large Bus | C65: =AVERAGEIF(Veh,"=6",'ALL DATA'!$Z$9:$Z$5000) -> #DIV/0! | P65: 7 | Q65: Hospital | R65: =COUNTIF('ALL DATA'!$R$9:$R$5000,R75) -> 1 | S65: =COUNTIF('ALL DATA'!$R$9:$R$5000,S75) -> 0 | T65: =COUNTIF('ALL DATA'!$R$9:$R$5000,T75) -> 0 | U65: =COUNTIF('ALL DATA'!$R$9:$R$5000,U75) -> 0 | V65: =COUNTIF('ALL DATA'!$R$9:$R$5000,V75) -> 0 | W65: =COUNTIF('ALL DATA'!$R$9:$R$5000,W75) -> 0 | X65: =COUNTIF('ALL DATA'!$R$9:$R$5000,X75) -> 0 | Y65: =COUNTIF('ALL DATA'!$R$9:$R$5000,Y75) -> 0
B66: Light Truck | C66: =AVERAGEIF(Veh,"=7",'ALL DATA'!$Z$9:$Z$5000) -> 2020 | P66: 8 | Q66: Others | R66: =COUNTIF('ALL DATA'!$R$9:$R$5000,R76) -> 10 | S66: =COUNTIF('ALL DATA'!$R$9:$R$5000,S76) -> 3 | T66: =COUNTIF('ALL DATA'!$R$9:$R$5000,T76) -> 0 | U66: =COUNTIF('ALL DATA'!$R$9:$R$5000,U76) -> 2 | V66: =COUNTIF('ALL DATA'!$R$9:$R$5000,V76) -> 0 | W66: =COUNTIF('ALL DATA'!$R$9:$R$5000,W76) -> 2 | X66: =COUNTIF('ALL DATA'!$R$9:$R$5000,X76) -> 0 | Y66: =COUNTIF('ALL DATA'!$R$9:$R$5000,Y76) -> 18
B67: Medium Truck | C67: =AVERAGEIF(Veh,"=8",'ALL DATA'!$Z$9:$Z$5000) -> 750
B68: Heavy truck | C68: =AVERAGEIF(Veh,"=9",'ALL DATA'!$Z$9:$Z$5000) -> #DIV/0! | R68: Home | S68: Work | T68: Study | U68: Commercial | V68: Tourism | W68: Leisure/Social | X68: Hospital | Y68: Others
B69: Truck Trailer | C69: =AVERAGEIF(Veh,"=10",'ALL DATA'!$Z$9:$Z$5000) -> 1500 | P69: 1 | Q69: Home | R69: =$Q69&"-"&R$68 -> Home-Home | S69: =$Q69&"-"&S$68 -> Home-Work | T69: =$Q69&"-"&T$68 -> Home-Study | U69: =$Q69&"-"&U$68 -> Home-Commercial | V69: =$Q69&"-"&V$68 -> Home-Tourism | W69: =$Q69&"-"&W$68 -> Home-Leisure/Social | X69: =$Q69&"-"&X$68 -> Home-Hospital | Y69: =$Q69&"-"&Y$68 -> Home-Others
B70: Motor cycles | C70: =AVERAGEIF(Veh,"=11",'ALL DATA'!$Z$9:$Z$5000) -> 1172.7273 | P70: 2 | Q70: Work | R70: =$Q70&"-"&R$68 -> Work-Home | S70: =$Q70&"-"&S$68 -> Work-Work | T70: =$Q70&"-"&T$68 -> Work-Study | U70: =$Q70&"-"&U$68 -> Work-Commercial | V70: =$Q70&"-"&V$68 -> Work-Tourism | W70: =$Q70&"-"&W$68 -> Work-Leisure/Social | X70: =$Q70&"-"&X$68 -> Work-Hospital | Y70: =$Q70&"-"&Y$68 -> Work-Others
B71: Tractors | C71: =AVERAGEIF(Veh,"=12",'ALL DATA'!$Z$9:$Z$5000) -> #DIV/0! | P71: 3 | Q71: Study | R71: =$Q71&"-"&R$68 -> Study-Home | S71: =$Q71&"-"&S$68 -> Study-Work | T71: =$Q71&"-"&T$68 -> Study-Study | U71: =$Q71&"-"&U$68 -> Study-Commercial | V71: =$Q71&"-"&V$68 -> Study-Tourism | W71: =$Q71&"-"&W$68 -> Study-Leisure/Social | X71: =$Q71&"-"&X$68 -> Study-Hospital | Y71: =$Q71&"-"&Y$68 -> Study-Others
P72: 4 | Q72: Commercial | R72: =$Q72&"-"&R$68 -> Commercial-Home | S72: =$Q72&"-"&S$68 -> Commercial-Work | T72: =$Q72&"-"&T$68 -> Commercial-Study | U72: =$Q72&"-"&U$68 -> Commercial-Commercial | V72: =$Q72&"-"&V$68 -> Commercial-Tourism | W72: =$Q72&"-"&W$68 -> Commercial-Leisure/Social | X72: =$Q72&"-"&X$68 -> Commercial-Hospital | Y72: =$Q72&"-"&Y$68 -> Commercial-Others
P73: 5 | Q73: Tourism | R73: =$Q73&"-"&R$68 -> Tourism-Home | S73: =$Q73&"-"&S$68 -> Tourism-Work | T73: =$Q73&"-"&T$68 -> Tourism-Study | U73: =$Q73&"-"&U$68 -> Tourism-Commercial | V73: =$Q73&"-"&V$68 -> Tourism-Tourism | W73: =$Q73&"-"&W$68 -> Tourism-Leisure/Social | X73: =$Q73&"-"&X$68 -> Tourism-Hospital | Y73: =$Q73&"-"&Y$68 -> Tourism-Others
P74: 6 | Q74: Leisure/Social | R74: =$Q74&"-"&R$68 -> Leisure/Social-Home | S74: =$Q74&"-"&S$68 -> Leisure/Social-Work | T74: =$Q74&"-"&T$68 -> Leisure/Social-Study | U74: =$Q74&"-"&U$68 -> Leisure/Social-Commercial | V74: =$Q74&"-"&V$68 -> Leisure/Social-Tourism | W74: =$Q74&"-"&W$68 -> Leisure/Social-Leisure/Social | X74: =$Q74&"-"&X$68 -> Leisure/Social-Hospital | Y74: =$Q74&"-"&Y$68 -> Leisure/Social-Others
P75: 7 | Q75: Hospital | R75: =$Q75&"-"&R$68 -> Hospital-Home | S75: =$Q75&"-"&S$68 -> Hospital-Work | T75: =$Q75&"-"&T$68 -> Hospital-Study | U75: =$Q75&"-"&U$68 -> Hospital-Commercial | V75: =$Q75&"-"&V$68 -> Hospital-Tourism | W75: =$Q75&"-"&W$68 -> Hospital-Leisure/Social | X75: =$Q75&"-"&X$68 -> Hospital-Hospital | Y75: =$Q75&"-"&Y$68 -> Hospital-Others
P76: 8 | Q76: Others | R76: =$Q76&"-"&R$68 -> Others-Home | S76: =$Q76&"-"&S$68 -> Others-Work | T76: =$Q76&"-"&T$68 -> Others-Study | U76: =$Q76&"-"&U$68 -> Others-Commercial | V76: =$Q76&"-"&V$68 -> Others-Tourism | W76: =$Q76&"-"&W$68 -> Others-Leisure/Social | X76: =$Q76&"-"&X$68 -> Others-Hospital | Y76: =$Q76&"-"&Y$68 -> Others-Others
B78: Average Trip Length
B79: Trip Length Range | C79: Cumm-ulative | D79: No of Vehicles | E79: Percentage
B80: 0-1 | C80: =COUNTIF(Dist,"<=1") -> 6 | D80: =C80 -> 6 | E80: =D80/$C$88 -> 0.045112782
B81: 1-2.5 | C81: =COUNTIF(Dist,"<=2.5") -> 25 | D81: =C81-C80 -> 19 | E81: =D81/$C$88 -> 0.14285714
B82: 2.5-5.0 | C82: =COUNTIF(Dist,"<=5") -> 71 | D82: =C82-C81 -> 46 | E82: =D82/$C$88 -> 0.34586466
B83: 5.0-10.0 | C83: =COUNTIF(Dist,"<=10") -> 105 | D83: =C83-C82 -> 34 | E83: =D83/$C$88 -> 0.2556391
B84: 10.0-20.0 | C84: =COUNTIF(Dist,"<=20") -> 130 | D84: =C84-C83 -> 25 | E84: =D84/$C$88 -> 0.18796992
B85: 20.0-50.0 | C85: =COUNTIF(Dist,"<=50") -> 133 | D85: =C85-C84 -> 3 | E85: =D85/$C$88 -> 0.022556391
B86: 50.0-100.0 | C86: =COUNTIF(Dist,"<=100") -> 133 | D86: =C86-C85 -> 0 | E86: =D86/$C$88 -> 0
B87: 100.0-250.0 | C87: =COUNTIF(Dist,"<=250") -> 133 | D87: =C87-C86 -> 0 | E87: =D87/$C$88 -> 0
B88: Over 250 | C88: =COUNTIF(Dist,"<=700") -> 133 | D88: =C88-C87 -> 0 | E88: =D88/$C$88 -> 0

Sheet ALL DATA
B1: Consultancy services for Preparation of Expressway Development Master Plan (EDMP) for Uganda
B2: Roadside OD Interview Survey
B4: Date: | C4: 11.10.19 | E4: Road Name: | F4: BUSABALA ROAD | I4: Direction From: | L4: BUSABALA | N4: Interviewers: | O4: KYLO | V4: Supervisor: | W4: EMMA | Y4: Coded By: | Z4: AJOK EMILY | AA4: Chkd By: | AB4: Bakole Deo
I5: Direction To: | L5: ENTEBBE
B7: Time | C7: Veh_Reg_No. | D7: Veh_Type | E7: No. Occupants | F7: Origin_Address | I7: Origin_Establish | J7: Origin_Purpose | K7: Origin-Purpose Desc | L7: Destination_Address | O7: Destination_Establish | P7: Destination_Purpose | Q7: Destination_Purpose Desc | R7: Journey_Purpose | S7: Approx_Distance (Km) | T7: Approx_Journey Time (Hrs) | U7: Trip_Frequency | V7: GOODS VEHICLES ONLY | Y7: Would You Use Xpressways? | Z7: Pay How Much? (UGX) | AA7: Origin_Zone | AB7: Dest_Zone
F8: Village or Town | G8: District | H8: Country | L8: Village or Town | M8: District | N8: Country | V8: Goods_Type | W8: Goods_Quantity (Ton) | X8: Goods_Value (UGXm)
B9: 0.85277778 | C9: UBF 609Q | D9: 1 | E9: 1 | F9: TOWN CITY | G9: KAMPALA | H9: UG | I9: 2 | J9: 2 | K9: =VLOOKUP(J9,Key!$E$2:$F$9,2,FALSE) -> Work | L9: NAJANANKUMBI | M9: KAMPALA | N9: UG | O9: 1 | P9: 1 | Q9: =VLOOKUP(P9,Key!$E$2:$F$9,2,FALSE) -> Home | R9: =K9&"-"&Q9 -> Work-Home | U9: 2 | Y9: Y | AA9: =VLOOKUP(F9,Zones!$A$2:$F$15614,6,FALSE) -> 521 | AB9: =VLOOKUP(L9,Zones!$A$2:$F$15614,6,FALSE) -> 565
B10: 0.97222222 | C10: UAV 609X | D10: 1 | E10: 1 | F10: KIBIRI | G10: KAMPALA | H10: UG | I10: 2 | J10: 2 | K10: =VLOOKUP(J10,Key!$E$2:$F$9,2,FALSE) -> Work | L10: TOWN CITY | M10: KAMPALA | N10: UG | O10: 1 | P10: 1 | Q10: =VLOOKUP(P10,Key!$E$2:$F$9,2,FALSE) -> Home | R10: =K10&"-"&Q10 -> Work-Home | U10: 2 | Y10: Y | Z10: 1000 | AA10: =VLOOKUP(F10,Zones!$A$2:$F$15614,6,FALSE) -> 522 | AB10: =VLOOKUP(L10,Zones!$A$2:$F$15614,6,FALSE) -> 521
B11: 0.97569444 | C11: UBF 952P | D11: 1 | E11: 1 | F11: BUSABALA | G11: WAKISO | H11: UG | I11: 2 | J11: 2 | K11: =VLOOKUP(J11,Key!$E$2:$F$9,2,FALSE) -> Work | L11: NDEJJE | M11: KAMPALA | N11: UG | O11: 1 | P11: 1 | Q11: =VLOOKUP(P11,Key!$E$2:$F$9,2,FALSE) -> Home | R11: =K11&"-"&Q11 -> Work-Home | S11: 4 | T11: 1 | U11: 2 | Y11: Y | AA11: =VLOOKUP(F11,Zones!$A$2:$F$15614,6,FALSE) -> 522 | AB11: =VLOOKUP(L11,Zones!$A$2:$F$15614,6,FALSE) -> 1407
B12: 0.84722222 | C12: UBD 938L | D12: 1 | E12: 2 | F12: TOWN CITY | G12: KAMPALA | H12: UG | I12: 2 | J12: 2 | K12: =VLOOKUP(J12,Key!$E$2:$F$9,2,FALSE) -> Work | L12: KIBIRI | M12: KAMPALA | N12: UG | O12: 1 | P12: 1 | Q12: =VLOOKUP(P12,Key!$E$2:$F$9,2,FALSE) -> Home | R12: =K12&"-"&Q12 -> Work-Home | U12: 2 | Y12: Y | Z12: 1000 | AA12: =VLOOKUP(F12,Zones!$A$2:$F$15614,6,FALSE) -> 521 | AB12: =VLOOKUP(L12,Zones!$A$2:$F$15614,6,FALSE) -> 522
B13: 0.91319444 | C13: UDT 211K | D13: 11 | E13: 1 | F13: KIGO | G13: WAKISO | H13: UG | I13: 8 | J13: 8 | K13: =VLOOKUP(J13,Key!$E$2:$F$9,2,FALSE) -> Others | L13: KIBIRI | M13: KAMPALA | N13: UG | O13: 8 | P13: 2 | Q13: =VLOOKUP(P13,Key!$E$2:$F$9,2,FALSE) -> Work | R13: =K13&"-"&Q13 -> Others-Work | S13: 2 | T13: 0.41 | U13: 2 | Y13: Y | Z13: 300 | AA13: =VLOOKUP(F13,Zones!$A$2:$F$15614,6,FALSE) -> 522 | AB13: =VLOOKUP(L13,Zones!$A$2:$F$15614,6,FALSE) -> 522
B14: 0.90833333 | C14: UEP 791H | D14: 11 | E14: 1 | F14: BUSABALA | G14: WAKISO | H14: UG | I14: 8 | J14: 2 | K14: =VLOOKUP(J14,Key!$E$2:$F$9,2,FALSE) -> Work | L14: NDEJJE | M14: KAMPALA | N14: UG | O14: 8 | P14: 2 | Q14: =VLOOKUP(P14,Key!$E$2:$F$9,2,FALSE) -> Work | R14: =K14&"-"&Q14 -> Work-Work | U14: 2 | Y14: Y | AA14: =VLOOKUP(F14,Zones!$A$2:$F$15614,6,FALSE) -> 522 | AB14: =VLOOKUP(L14,Zones!$A$2:$F$15614,6,FALSE) -> 1407
B15: 0.91527778 | C15: UDX 127U | D15: 11 | E15: 2 | F15: TOWN CITY | G15: KAMPALA | H15: UG | I15: 8 | J15: 2 | K15: =VLOOKUP(J15,Key!$E$2:$F$9,2,FALSE) -> Work | L15: KIBIRI | M15: KAMPALA | N15: UG | O15: 8 | P15: 2 | Q15: =VLOOKUP(P15,Key!$E$2:$F$9,2,FALSE) -> Work | R15: =K15&"-"&Q15 -> Work-Work | U15: 2 | Y15: Y | Z15: 2000 | AA15: =VLOOKUP(F15,Zones!$A$2:$F$15614,6,FALSE) -> 521 | AB15: =VLOOKUP(L15,Zones!$A$2:$F$15614,6,FALSE) -> 522
B16: 0.375 | C16: UAU 679S | D16: 4 | E16: 2 | F16: BUSABALA | G16: WAKISO | H16: UG | I16: 6 | J16: 2 | K16: =VLOOKUP(J16,Key!$E$2:$F$9,2,FALSE) -> Work | L16: TOWN CITY | M16: KAMPALA | N16: UG | O16: 6 | P16: 2 | Q16: =VLOOKUP(P16,Key!$E$2:$F$9,2,FALSE) -> Work | R16: =K16&"-"&Q16 -> Work-Work | U16: 2 | Y16: Y | Z16: 500 | AA16: =VLOOKUP(F16,Zones!$A$2:$F$15614,6,FALSE) -> 522 | AB16: =VLOOKUP(L16,Zones!$A$2:$F$15614,6,FALSE) -> 521
B17: 0.89652778 | C17: UDL 240B | D17: 11 | E17: 2 | F17: BUSABALA | G17: WAKISO | H17: UG | I17: 8 | J17: 2 | K17: =VLOOKUP(J17,Key!$E$2:$F$9,2,FALSE) -> Work | L17: KIBIRI | M17: KAMPALA | N17: UG | O17: 1 | P17: 1 | Q17: =VLOOKUP(P17,Key!$E$2:$F$9,2,FALSE) -> Home | R17: =K17&"-"&Q17 -> Work-Home | S17: 2 | T17: 0.5 | U17: 2 | Y17: Y | Z17: 500 | AA17: =VLOOKUP(F17,Zones!$A$2:$F$15614,6,FALSE) -> 522 | AB17: =VLOOKUP(L17,Zones!$A$2:$F$15614,6,FALSE) -> 522
B18: 0.90972222 | C18: UAX 752U | D18: 1 | E18: 1 | F18: TOWN CITY | G18: KAMPALA | H18: UG | I18: 2 | J18: 2 | K18: =VLOOKUP(J18,Key!$E$2:$F$9,2,FALSE) -> Work | L18: KIBIRI | M18: KAMPALA | N18: UG | O18: 1 | P18: 1 | Q18: =VLOOKUP(P18,Key!$E$2:$F$9,2,FALSE) -> Home | R18: =K18&"-"&Q18 -> Work-Home | U18: 2 | Y18: Y | Z18: 500 | AA18: =VLOOKUP(F18,Zones!$A$2:$F$15614,6,FALSE) -> 521 | AB18: =VLOOKUP(L18,Zones!$A$2:$F$15614,6,FALSE) -> 522
B19: 21:45 | C19: UBE 594W | D19: 4 | E19: 8 | F19: BUSABALA | G19: WAKISO | H19: UG | I19: 6 | J19: 2 | K19: =VLOOKUP(J19,Key!$E$2:$F$9,2,FALSE) -> Work | L19: TOWN CITY | M19: KAMPALA | N19: UG | O19: 6 | P19: 2 | Q19: =VLOOKUP(P19,Key!$E$2:$F$9,2,FALSE) -> Work | R19: =K19&"-"&Q19 -> Work-Work | U19: 2 | Y19: Y | Z19: 500 | AA19: =VLOOKUP(F19,Zones!$A$2:$F$15614,6,FALSE) -> 522 | AB19: =VLOOKUP(L19,Zones!$A$2:$F$15614,6,FALSE) -> 521
B20: 0.92013889 | C20: UES 018U | D20: 11 | E20: 4 | F20: KIGO | G20: WAKISO | H20: UG | I20: 8 | J20: 2 | K20: =VLOOKUP(J20,Key!$E$2:$F$9,2,FALSE) -> Work | L20: KIBIRI | M20: KAMPALA | N20: UG | O20: 8 | P20: 2 | Q20: =VLOOKUP(P20,Key!$E$2:$F$9,2,FALSE) -> Work | R20: =K20&"-"&Q20 -> Work-Work | S20: 2 | T20: 0.5 | U20: 2 | Y20: Y | Z20: 100 | AA20: =VLOOKUP(F20,Zones!$A$2:$F$15614,6,FALSE) -> 522 | AB20: =VLOOKUP(L20,Zones!$A$2:$F$15614,6,FALSE) -> 522
B21: 0.91736111 | C21: UAR 033M | D21: 4 | E21: 2 | F21: BUSABALA | G21: WAKISO | H21: UG | I21: 6 | J21: 2 | K21: =VLOOKUP(J21,Key!$E$2:$F$9,2,FALSE) -> Work | L21: TOWN CITY | M21: KAMPALA | N21: UG | O21: 6 | P21: 2 | Q21: =VLOOKUP(P21,Key!$E$2:$F$9,2,FALSE) -> Work | R21: =K21&"-"&Q21 -> Work-Work | U21: 2 | Y21: Y | Z21: 500 | AA21: =VLOOKUP(F21,Zones!$A$2:$F$15614,6,FALSE) -> 522 | AB21: =VLOOKUP(L21,Zones!$A$2:$F$15614,6,FALSE) -> 521
B22: 0.92986111 | C22: UAN 128U | D22: 4 | E22: 4 | F22: BUSABALA | G22: WAKISO | H22: UG | I22: 6 | J22: 2 | K22: =VLOOKUP(J22,Key!$E$2:$F$9,2,FALSE) -> Work | L22: TOWN CITY | M22: KAMPALA | N22: UG | O22: 6 | P22: 2 | Q22: =VLOOKUP(P22,Key!$E$2:$F$9,2,FALSE) -> Work | R22: =K22&"-"&Q22 -> Work-Work | S22: 4 | T22: 1.5 | U22: 2 | Y22: Y | Z22: 500 | AA22: =VLOOKUP(F22,Zones!$A$2:$F$15614,6,FALSE) -> 522 | AB22: =VLOOKUP(L22,Zones!$A$2:$F$15614,6,FALSE) -> 521
B23: 0.92569444 | C23: UDU167M | D23: 11 | E23: 2 | F23: TOWN CITY | G23: KAMPALA | H23: UG | I23: 8 | J23: 2 | K23: =VLOOKUP(J23,Key!$E$2:$F$9,2,FALSE) -> Work | L23: KIBIRI | M23: KAMPALA | N23: UG | O23: 8 | P23: 1 | Q23: =VLOOKUP(P23,Key!$E$2:$F$9,2,FALSE) -> Home | R23: =K23&"-"&Q23 -> Work-Home | U23: 2 | Y23: Y | AA23: =VLOOKUP(F23,Zones!$A$2:$F$15614,6,FALSE) -> 521 | AB23: =VLOOKUP(L23,Zones!$A$2:$F$15614,6,FALSE) -> 522
B24: 0.9375 | C24: UEX 713Z | D24: 11 | E24: 1 | F24: TOWN CITY | G24: KAMPALA | H24: UG | I24: 8 | J24: 2 | K24: =VLOOKUP(J24,Key!$E$2:$F$9,2,FALSE) -> Work | L24: KIBIRI | M24: KAMPALA | N24: UG | O24: 1 | P24: 1 | Q24: =VLOOKUP(P24,Key!$E$2:$F$9,2,FALSE) -> Home | R24: =K24&"-"&Q24 -> Work-Home | S24: 1 | T24: 0.4 | U24: 2 | Y24: Y | Z24: 500 | AA24: =VLOOKUP(F24,Zones!$A$2:$F$15614,6,FALSE) -> 521 | AB24: =VLOOKUP(L24,Zones!$A$2:$F$15614,6,FALSE) -> 522
B25: 0.95138889 | C25: UAJ 409F | D25: 4 | E25: 1 | F25: BUSEGA | G25: WAKISO | H25: UG | I25: 6 | J25: 2 | K25: =VLOOKUP(J25,Key!$E$2:$F$9,2,FALSE) -> Work | L25: KIBIRI | M25: KAMPALA | N25: UG | O25: 1 | P25: 1 | Q25: =VLOOKUP(P25,Key!$E$2:$F$9,2,FALSE) -> Home | R25: =K25&"-"&Q25 -> Work-Home | U25: 2 | Y25: Y | Z25: 500 | AA25: =VLOOKUP(F25,Zones!$A$2:$F$15614,6,FALSE) -> 517 | AB25: =VLOOKUP(L25,Zones!$A$2:$F$15614,6,FALSE) -> 522
B26: 0.98263889 | C26: UAW 940M | D26: 4 | E26: 12 | F26: SALAMA | G26: KAMPALA | H26: UG | I26: 6 | J26: 2 | K26: =VLOOKUP(J26,Key!$E$2:$F$9,2,FALSE) -> Work | L26: BUSABALA | M26: WAKISO | N26: UG | O26: 6 | P26: 2 | Q26: =VLOOKUP(P26,Key!$E$2:$F$9,2,FALSE) -> Work | R26: =K26&"-"&Q26 -> Work-Work | S26: 2 | T26: 1 | U26: 2 | Y26: Y | Z26: 1000 | AA26: =VLOOKUP(F26,Zones!$A$2:$F$15614,6,FALSE) -> 579 | AB26: =VLOOKUP(L26,Zones!$A$2:$F$15614,6,FALSE) -> 522
B27: 0.71805556 | C27: UBB 152W | D27: 1 | E27: 4 | F27: BUSABALA | G27: WAKISO | H27: UG | I27: 1 | J27: 2 | K27: =VLOOKUP(J27,Key!$E$2:$F$9,2,FALSE) -> Work | L27: KIBIRI | M27: KAMPALA | N27: UG | O27: 1 | P27: 1 | Q27: =VLOOKUP(P27,Key!$E$2:$F$9,2,FALSE) -> Home | R27: =K27&"-"&Q27 -> Work-Home | S27: 1 | T27: 0.5 | U27: 2 | Y27: Y | Z27: 500 | AA27: =VLOOKUP(F27,Zones!$A$2:$F$15614,6,FALSE) -> 522 | AB27: =VLOOKUP(L27,Zones!$A$2:$F$15614,6,FALSE) -> 522
B28: 0.15625 | C28: UAT 809Q | D28: 1 | E28: 2 | F28: TOWN CITY | G28: KAMPALA | H28: UG | I28: 2 | J28: 1 | K28: =VLOOKUP(J28,Key!$E$2:$F$9,2,FALSE) -> Home | L28: NDEJJE | M28: KAMPALA | N28: UG | O28: 1 | P28: 1 | Q28: =VLOOKUP(P28,Key!$E$2:$F$9,2,FALSE) -> Home | R28: =K28&"-"&Q28 -> Home-Home | U28: 2 | Y28: Y | Z28: 200 | AA28: =VLOOKUP(F28,Zones!$A$2:$F$15614,6,FALSE) -> 521 | AB28: =VLOOKUP(L28,Zones!$A$2:$F$15614,6,FALSE) -> 1407
B29: 0.24305556 | C29: UBD 747T | D29: 1 | E29: 2 | F29: BUSABALA | G29: WAKISO | H29: UG | I29: 1 | J29: 1 | K29: =VLOOKUP(J29,Key!$E$2:$F$9,2,FALSE) -> Home | L29: NAMASUBA | M29: KAMPALA | N29: UG | O29: 2 | P29: 2 | Q29: =VLOOKUP(P29,Key!$E$2:$F$9,2,FALSE) -> Work | R29: =K29&"-"&Q29 -> Home-Work | S29: 1 | T29: 0.5 | U29: 2 | Y29: Y | AA29: =VLOOKUP(F29,Zones!$A$2:$F$15614,6,FALSE) -> 522 | AB29: =VLOOKUP(L29,Zones!$A$2:$F$15614,6,FALSE) -> 565
B30: 0.97916667 | C30: UAT 486V | D30: 1 | E30: 1 | F30: TOWN CITY | G30: KAMPALA | H30: UG | I30: 1 | J30: 1 | K30: =VLOOKUP(J30,Key!$E$2:$F$9,2,FALSE) -> Home | L30: ZANA | M30: WAKISO | N30: UG | O30: 2 | P30: 2 | Q30: =VLOOKUP(P30,Key!$E$2:$F$9,2,FALSE) -> Work | R30: =K30&"-"&Q30 -> Home-Work | U30: 2 | Y30: Y | Z30: 1000 | AA30: =VLOOKUP(F30,Zones!$A$2:$F$15614,6,FALSE) -> 521 | AB30: =VLOOKUP(L30,Zones!$A$2:$F$15614,6,FALSE) -> 565
B31: 0.84722222 | C31: UAU 718Y | D31: 1 | E31: 2 | F31: BUSABALA | G31: WAKISO | H31: UG | I31: 2 | J31: 2 | K31: =VLOOKUP(J31,Key!$E$2:$F$9,2,FALSE) -> Work | L31: KIBIRI | M31: KAMPALA | N31: UG | O31: 1 | P31: 1 | Q31: =VLOOKUP(P31,Key!$E$2:$F$9,2,FALSE) -> Home | R31: =K31&"-"&Q31 -> Work-Home | S31: 2 | T31: 0.5 | U31: 2 | Y31: Y | AA31: =VLOOKUP(F31,Zones!$A$2:$F$15614,6,FALSE) -> 522 | AB31: =VLOOKUP(L31,Zones!$A$2:$F$15614,6,FALSE) -> 522
B32: 0.96875 | C32: UBA 504Q | D32: 1 | E32: 1 | F32: NDEJJE | G32: WAKISO | H32: UG | I32: 2 | J32: 2 | K32: =VLOOKUP(J32,Key!$E$2:$F$9,2,FALSE) -> Work | L32: TOWN CITY | M32: KAMPALA | N32: UG | O32: 1 | P32: 1 | Q32: =VLOOKUP(P32,Key!$E$2:$F$9,2,FALSE) -> Home | R32: =K32&"-"&Q32 -> Work-Home | U32: 2 | Y32: Y | Z32: 1000 | AA32: =VLOOKUP(F32,Zones!$A$2:$F$15614,6,FALSE) -> 1407 | AB32: =VLOOKUP(L32,Zones!$A$2:$F$15614,6,FALSE) -> 521
B33: 0.85763889 | C33: UAA 487F | D33: 3 | E33: 2 | F33: TOWN CITY | G33: KAMPALA | H33: UG | I33: 2 | J33: 2 | K33: =VLOOKUP(J33,Key!$E$2:$F$9,2,FALSE) -> Work | L33: SALAMA | M33: KAMPALA | N33: UG | O33: 1 | P33: 1 | Q33: Home | R33: Work-Home | S33: 4 | T33: 1.5 | U33: 2 | Y33: Y | Z33: 1000 | AA33: =VLOOKUP(F33,Zones!$A$2:$F$15614,6,FALSE) -> 521 | AB33: =VLOOKUP(L33,Zones!$A$2:$F$15614,6,FALSE) -> 579
B34: 0.80555556 | C34: UEF 219E | D34: 11 | E34: 1 | F34: MIREMBE | G34: WAKISO | H34: UG | I34: 16 | J34: 8 | K34: =VLOOKUP(J34,Key!$E$2:$F$9,2,FALSE) -> Others | L34: KIBIRI | M34: WAKISO | N34: UG | O34: 16 | P34: 8 | Q34: =VLOOKUP(P34,Key!$E$2:$F$9,2,FALSE) -> Others | R34: =K34&"-"&Q34 -> Others-Others | S34: 2 | T34: 0.2 | U34: 2 | Y34: Y | Z34: 1000 | AA34: =VLOOKUP(F34,Zones!$A$2:$F$15614,6,FALSE) -> 551 | AB34: =VLOOKUP(L34,Zones!$A$2:$F$15614,6,FALSE) -> 522
B35: 0.95069444 | C35: UEA 503J | D35: 11 | E35: 1 | F35: BUSABALA | G35: WAKISO | H35: UG | I35: 8 | J35: 2 | K35: =VLOOKUP(J35,Key!$E$2:$F$9,2,FALSE) -> Work | L35: MASAJJA | M35: WAKISO | N35: UG | O35: 1 | P35: 1 | Q35: =VLOOKUP(P35,Key!$E$2:$F$9,2,FALSE) -> Home | R35: =K35&"-"&Q35 -> Work-Home | T35: 0.5 | U35: 1 | Y35: Y | Z35: 1000 | AA35: =VLOOKUP(F35,Zones!$A$2:$F$15614,6,FALSE) -> 522 | AB35: =VLOOKUP(L35,Zones!$A$2:$F$15614,6,FALSE) -> 1398
B36: 0.23125 | C36: UAS 232Z | D36: 1 | E36: 1 | F36: STATION | G36: WAKISO | H36: UG | I36: 16 | J36: 8 | K36: =VLOOKUP(J36,Key!$E$2:$F$9,2,FALSE) -> Others | L36: STELLA | M36: WAKISO | N36: UG | O36: 1 | P36: 8 | Q36: =VLOOKUP(P36,Key!$E$2:$F$9,2,FALSE) -> Others | R36: =K36&"-"&Q36 -> Others-Others | T36: 0.5 | U36: 2 | Y36: Y | Z36: 1000 | AA36: =VLOOKUP(F36,Zones!$A$2:$F$15614,6,FALSE) -> 521 | AB36: =VLOOKUP(L36,Zones!$A$2:$F$15614,6,FALSE) -> 565
B37: 0.22569444 | C37: UBD 182M | D37: 1 | E37: 1 | F37: MUNYONYO | G37: WAKISO | H37: UG | I37: 16 | J37: 8 | K37: =VLOOKUP(J37,Key!$E$2:$F$9,2,FALSE) -> Others | L37: KIBULI | M37: KAMPALA | N37: UG | O37: 16 | P37: 8 | Q37: =VLOOKUP(P37,Key!$E$2:$F$9,2,FALSE) -> Others | R37: =K37&"-"&Q37 -> Others-Others | S37: 10 | T37: 0.5 | U37: 6 | Y37: Y | Z37: 1000 | AA37: =VLOOKUP(F37,Zones!$A$2:$F$15614,6,FALSE) -> 522 | AB37: =VLOOKUP(L37,Zones!$A$2:$F$15614,6,FALSE) -> 535
B38: 0.5 | C38: UEV 536D | D38: 11 | E38: 2 | F38: BUSABALA | G38: WAKISO | H38: UG | I38: 16 | J38: 8 | K38: =VLOOKUP(J38,Key!$E$2:$F$9,2,FALSE) -> Others | L38: MASAJJA | M38: WAKISO | N38: UG | O38: 16 | P38: 1 | Q38: =VLOOKUP(P38,Key!$E$2:$F$9,2,FALSE) -> Home | R38: =K38&"-"&Q38 -> Others-Home | T38: 0.2 | U38: 2 | Y38: Y | Z38: 1000 | AA38: =VLOOKUP(F38,Zones!$A$2:$F$15614,6,FALSE) -> 522 | AB38: =VLOOKUP(L38,Zones!$A$2:$F$15614,6,FALSE) -> 1398
B39: 0.010416667 | C39: UAV 583Y | D39: 1 | E39: 2 | F39: BUSABALA | G39: WAKISO | H39: UG | I39: 16 | J39: 8 | K39: =VLOOKUP(J39,Key!$E$2:$F$9,2,FALSE) -> Others | L39: STELLA | M39: WAKISO | N39: UG | O39: 1 | P39: 1 | Q39: =VLOOKUP(P39,Key!$E$2:$F$9,2,FALSE) -> Home | R39: =K39&"-"&Q39 -> Others-Home | T39: 0.5 | U39: 2 | Y39: Y | Z39: 1000 | AA39: =VLOOKUP(F39,Zones!$A$2:$F$15614,6,FALSE) -> 522 | AB39: =VLOOKUP(L39,Zones!$A$2:$F$15614,6,FALSE) -> 565
B40: 0.22916667 | C40: UAV 055D | D40: 1 | E40: 1 | F40: BUSABALA | G40: WAKISO | H40: UG | I40: 16 | J40: 8 | K40: =VLOOKUP(J40,Key!$E$2:$F$9,2,FALSE) -> Others | L40: NAJJANANKUMBI | M40: WAKISO | N40: UG | O40: 16 | P40: 8 | Q40: =VLOOKUP(P40,Key!$E$2:$F$9,2,FALSE) -> Others | R40: =K40&"-"&Q40 -> Others-Others | U40: 6 | Y40: Y | Z40: 1000 | AA40: =VLOOKUP(F40,Zones!$A$2:$F$15614,6,FALSE) -> 522 | AB40: =VLOOKUP(L40,Zones!$A$2:$F$15614,6,FALSE) -> 565
B41: 0.98541667 | C41: UAK 017J | D41: 4 | E41: 2 | F41: BUSABALA | G41: WAKISO | H41: UG | I41: 16 | J41: 8 | K41: =VLOOKUP(J41,Key!$E$2:$F$9,2,FALSE) -> Others | L41: STELLA | M41: WAKISO | N41: UG | O41: 16 | P41: 8 | Q41: =VLOOKUP(P41,Key!$E$2:$F$9,2,FALSE) -> Others | R41: =K41&"-"&Q41 -> Others-Others | T41: 0.3 | U41: 2 | Y41: Y | Z41: 1000 | AA41: =VLOOKUP(F41,Zones!$A$2:$F$15614,6,FALSE) -> 522 | AB41: =VLOOKUP(L41,Zones!$A$2:$F$15614,6,FALSE) -> 565
B42: 0.25 | C42: UAS 775J | D42: 4 | E42: 4 | F42: KIBIRI | G42: WAKISO | H42: UG | I42: 6 | J42: 2 | K42: =VLOOKUP(J42,Key!$E$2:$F$9,2,FALSE) -> Work | L42: TOWN CITY | M42: KAMPALA | N42: UG | O42: 6 | P42: 2 | Q42: =VLOOKUP(P42,Key!$E$2:$F$9,2,FALSE) -> Work | R42: =K42&"-"&Q42 -> Work-Work | S42: 15 | T42: 0.5 | U42: 2 | Y42: Y | Z42: 1000 | AA42: =VLOOKUP(F42,Zones!$A$2:$F$15614,6,FALSE) -> 522 | AB42: =VLOOKUP(L42,Zones!$A$2:$F$15614,6,FALSE) -> 521
B43: 0.23680556 | C43: UAY 489S | D43: 4 | E43: 1 | F43: BUSABALA | G43: WAKISO | H43: UG | I43: 6 | J43: 2 | K43: =VLOOKUP(J43,Key!$E$2:$F$9,2,FALSE) -> Work | L43: NAMASUBA | M43: WAKISO | N43: UG | O43: 6 | P43: 2 | Q43: =VLOOKUP(P43,Key!$E$2:$F$9,2,FALSE) -> Work | R43: =K43&"-"&Q43 -> Work-Work | S43: 8 | T43: 0.3 | U43: 2 | Y43: Y | Z43: 1000 | AA43: =VLOOKUP(F43,Zones!$A$2:$F$15614,6,FALSE) -> 522 | AB43: =VLOOKUP(L43,Zones!$A$2:$F$15614,6,FALSE) -> 565
B44: 0.21875 | C44: UAW 260G | D44: 2 | E44: 2 | F44: BUNGA | G44: KAMPALA | H44: UG | I44: 16 | J44: 8 | K44: =VLOOKUP(J44,Key!$E$2:$F$9,2,FALSE) -> Others | L44: MASAJJA | M44: WAKISO | N44: UG | O44: 16 | P44: 8 | Q44: =VLOOKUP(P44,Key!$E$2:$F$9,2,FALSE) -> Others | R44: =K44&"-"&Q44 -> Others-Others | S44: 7 | T44: 0.5 | U44: 6 | Y44: Y | Z44: 1000 | AA44: =VLOOKUP(F44,Zones!$A$2:$F$15614,6,FALSE) -> 522 | AB44: =VLOOKUP(L44,Zones!$A$2:$F$15614,6,FALSE) -> 1398
B45: 0.22222222 | C45: UBA 880S | D45: 4 | E45: 3 | F45: BUSABALA | G45: WAKISO | H45: UG | I45: 6 | J45: 2 | K45: =VLOOKUP(J45,Key!$E$2:$F$9,2,FALSE) -> Work | L45: TOWN CITY | M45: KAMPALA | N45: UG | O45: 6 | P45: 2 | Q45: =VLOOKUP(P45,Key!$E$2:$F$9,2,FALSE) -> Work | R45: =K45&"-"&Q45 -> Work-Work | T45: 0.5 | U45: 2 | Y45: Y | Z45: 2000 | AA45: =VLOOKUP(F45,Zones!$A$2:$F$15614,6,FALSE) -> 522 | AB45: =VLOOKUP(L45,Zones!$A$2:$F$15614,6,FALSE) -> 521
B46: 0.99097222 | C46: UBB 168F | D46: 1 | E46: 2 | F46: BUSABALA | G46: WAKISO | H46: UG | I46: 16 | J46: 8 | K46: =VLOOKUP(J46,Key!$E$2:$F$9,2,FALSE) -> Others | L46: NAJJANANKUMBI | M46: WAKISO | N46: UG | O46: 16 | P46: 8 | Q46: =VLOOKUP(P46,Key!$E$2:$F$9,2,FALSE) -> Others | R46: =K46&"-"&Q46 -> Others-Others | U46: 6 | Y46: Y | Z46: 2000 | AA46: =VLOOKUP(F46,Zones!$A$2:$F$15614,6,FALSE) -> 522 | AB46: =VLOOKUP(L46,Zones!$A$2:$F$15614,6,FALSE) -> 565
B47: 0.99722222 | C47: UDZ 143D | D47: 11 | E47: 1 | F47: MIREMBE | G47: WAKISO | H47: UG | I47: 16 | J47: 8 | K47: =VLOOKUP(J47,Key!$E$2:$F$9,2,FALSE) -> Others | L47: busabala | M47: WAKISO | N47: UG | O47: 16 | P47: 8 | Q47: =VLOOKUP(P47,Key!$E$2:$F$9,2,FALSE) -> Others | R47: =K47&"-"&Q47 -> Others-Others | S47: 8.04 | T47: 0.3 | U47: 3 | Y47: Y | AA47: =VLOOKUP(F47,Zones!$A$2:$F$15614,6,FALSE) -> 551 | AB47: =VLOOKUP(L47,Zones!$A$2:$F$15614,6,FALSE) -> 522
B48: 0.92708333 | C48: UDQ 104E | D48: 11 | E48: 1 | F48: MUNYONYO | G48: WAKISO | H48: UG | I48: 16 | J48: 8 | K48: =VLOOKUP(J48,Key!$E$2:$F$9,2,FALSE) -> Others | L48: KIBIRI | M48: WAKISO | N48: UG | O48: 16 | P48: 8 | Q48: =VLOOKUP(P48,Key!$E$2:$F$9,2,FALSE) -> Others | R48: =K48&"-"&Q48 -> Others-Others | S48: 4 | T48: 0.1 | U48: 5 | Y48: Y | Z48: 2500 | AA48: =VLOOKUP(F48,Zones!$A$2:$F$15614,6,FALSE) -> 522 | AB48: =VLOOKUP(L48,Zones!$A$2:$F$15614,6,FALSE) -> 522
B49: 0.92013889 | C49: YDV 214Q | D49: 11 | E49: 1 | F49: BUSABALA | G49: WAKISO | H49: UG | I49: 16 | J49: 8 | K49: =VLOOKUP(J49,Key!$E$2:$F$9,2,FALSE) -> Others | L49: KIBIRI | M49: WAKISO | N49: UG | O49: 1 | P49: 1 | Q49: =VLOOKUP(P49,Key!$E$2:$F$9,2,FALSE) -> Home | R49: =K49&"-"&Q49 -> Others-Home | S49: 4 | T49: 0 | U49: 4 | Y49: Y | Z49: 1000 | AA49: =VLOOKUP(F49,Zones!$A$2:$F$15614,6,FALSE) -> 522 | AB49: =VLOOKUP(L49,Zones!$A$2:$F$15614,6,FALSE) -> 522
B50: 0.93333333 | C50: UAD 010H | D50: 4 | E50: 7 | F50: BUSABALA | G50: WAKISO | H50: UG | I50: 6 | J50: 2 | K50: =VLOOKUP(J50,Key!$E$2:$F$9,2,FALSE) -> Work | L50: TOWN CITY | M50: KAMPALA | N50: UG | O50: 6 | P50: 2 | Q50: =VLOOKUP(P50,Key!$E$2:$F$9,2,FALSE) -> Work | R50: =K50&"-"&Q50 -> Work-Work | U50: 6 | Y50: Y | Z50: 2000 | AA50: =VLOOKUP(F50,Zones!$A$2:$F$15614,6,FALSE) -> 522 | AB50: =VLOOKUP(L50,Zones!$A$2:$F$15614,6,FALSE) -> 521
B51: 0.91666667 | C51: UAS 539D | D51: 11 | E51: 1 | F51: GGABA | G51: WAKISO | H51: UG | I51: 6 | J51: 2 | K51: =VLOOKUP(J51,Key!$E$2:$F$9,2,FALSE) -> Work | L51: BUSALABA | M51: WAKISO | N51: UG | O51: 16 | P51: 8 | Q51: =VLOOKUP(P51,Key!$E$2:$F$9,2,FALSE) -> Others | R51: =K51&"-"&Q51 -> Work-Others | T51: 0.3 | U51: 2 | Y51: Y | Z51: 2000 | AA51: =VLOOKUP(F51,Zones!$A$2:$F$15614,6,FALSE) -> 522 | AB51: =VLOOKUP(L51,Zones!$A$2:$F$15614,6,FALSE) -> 522
B52: 0.93680556 | C52: UAY 245K | D52: 1 | E52: 2 | F52: BUSABALA | G52: WAKISO | H52: UG | I52: 2 | J52: 2 | K52: =VLOOKUP(J52,Key!$E$2:$F$9,2,FALSE) -> Work | L52: MASAJJA | M52: WAKISO | N52: UG | O52: 1 | P52: 1 | Q52: =VLOOKUP(P52,Key!$E$2:$F$9,2,FALSE) -> Home | R52: =K52&"-"&Q52 -> Work-Home | T52: 0.3 | U52: 2 | Y52: Y | Z52: 1000 | AA52: =VLOOKUP(F52,Zones!$A$2:$F$15614,6,FALSE) -> 522 | AB52: =VLOOKUP(L52,Zones!$A$2:$F$15614,6,FALSE) -> 1398
B53: 0.91041667 | C53: UAE 490U | D53: 4 | E53: 2 | F53: BUSABALA | G53: WAKISO | H53: UG | I53: 6 | J53: 2 | K53: =VLOOKUP(J53,Key!$E$2:$F$9,2,FALSE) -> Work | L53: TOWN CITY | M53: KAMPALA | N53: UG | O53: 6 | P53: 2 | Q53: =VLOOKUP(P53,Key!$E$2:$F$9,2,FALSE) -> Work | R53: =K53&"-"&Q53 -> Work-Work | S53: 11.26 | T53: 0.8 | U53: 2 | Y53: Y | Z53: 1000 | AA53: =VLOOKUP(F53,Zones!$A$2:$F$15614,6,FALSE) -> 522 | AB53: =VLOOKUP(L53,Zones!$A$2:$F$15614,6,FALSE) -> 521
B54: 0.94097222 | C54: UAT 642C | D54: 4 | E54: 8 | F54: BUSABALA | G54: WAKISO | H54: UG | I54: 6 | J54: 2 | K54: =VLOOKUP(J54,Key!$E$2:$F$9,2,FALSE) -> Work | L54: OLD PARK | M54: KAMPALA | N54: UG | O54: 6 | P54: 2 | Q54: =VLOOKUP(P54,Key!$E$2:$F$9,2,FALSE) -> Work | R54: =K54&"-"&Q54 -> Work-Work | T54: 0.5 | U54: 2 | Y54: Y | Z54: 1000 | AA54: =VLOOKUP(F54,Zones!$A$2:$F$15614,6,FALSE) -> 522 | AB54: =VLOOKUP(L54,Zones!$A$2:$F$15614,6,FALSE) -> 521
B55: 0.90833333 | C55: UEQ 053F | D55: 11 | E55: 1 | F55: TOWN CITY | G55: KAMPALA | H55: UG | I55: 16 | J55: 8 | K55: =VLOOKUP(J55,Key!$E$2:$F$9,2,FALSE) -> Others | L55: WAKISO TOWN COUNCIL | M55: WAKISO | N55: UG | O55: 16 | P55: 8 | Q55: =VLOOKUP(P55,Key!$E$2:$F$9,2,FALSE) -> Others | R55: =K55&"-"&Q55 -> Others-Others | S55: 4 | T55: 0.4 | U55: 1 | Y55: Y | Z55: 1000 | AA55: =VLOOKUP(F55,Zones!$A$2:$F$15614,6,FALSE) -> 521 | AB55: =VLOOKUP(L55,Zones!$A$2:$F$15614,6,FALSE) -> 1409
B56: 0.94444444 | C56: UEJ 057U | D56: 11 | E56: 1 | F56: BUSABALA | G56: WAKISO | H56: UG | I56: 8 | J56: 2 | K56: =VLOOKUP(J56,Key!$E$2:$F$9,2,FALSE) -> Work | L56: GANGU | M56: WAKISO | N56: UG | O56: 1 | P56: 1 | Q56: =VLOOKUP(P56,Key!$E$2:$F$9,2,FALSE) -> Home | R56: =K56&"-"&Q56 -> Work-Home | T56: 0.1 | U56: 2 | Y56: Y | Z56: 1000 | AA56: =VLOOKUP(F56,Zones!$A$2:$F$15614,6,FALSE) -> 522 | AB56: =VLOOKUP(L56,Zones!$A$2:$F$15614,6,FALSE) -> 556
B57: 0.89583333 | C57: UAY 811E | D57: 2 | E57: 2 | F57: BUSABALA | G57: WAKISO | H57: UG | I57: 16 | J57: 8 | K57: =VLOOKUP(J57,Key!$E$2:$F$9,2,FALSE) -> Others | L57: TOWN CITY | M57: KAMPALA | N57: UG | O57: 1 | P57: 1 | Q57: =VLOOKUP(P57,Key!$E$2:$F$9,2,FALSE) -> Home | R57: =K57&"-"&Q57 -> Others-Home | T57: 0.8 | U57: 5 | Y57: Y | Z57: 1000 | AA57: =VLOOKUP(F57,Zones!$A$2:$F$15614,6,FALSE) -> 522 | AB57: =VLOOKUP(L57,Zones!$A$2:$F$15614,6,FALSE) -> 521
B58: 0.26388889 | C58: UAR 264W | D58: 4 | E58: 4 | F58: TOWN CITY | G58: KAMPALA | H58: UG | I58: 6 | J58: 2 | K58: =VLOOKUP(J58,Key!$E$2:$F$9,2,FALSE) -> Work | L58: KIBUYE | M58: KAMPALA | N58: UG | O58: 6 | P58: 2 | Q58: =VLOOKUP(P58,Key!$E$2:$F$9,2,FALSE) -> Work | R58: =K58&"-"&Q58 -> Work-Work | S58: 10 | T58: 0.5 | U58: 2 | Y58: Y | Z58: 2000 | AA58: =VLOOKUP(F58,Zones!$A$2:$F$15614,6,FALSE) -> 521 | AB58: =VLOOKUP(L58,Zones!$A$2:$F$15614,6,FALSE) -> 536
B59: 0.27083333 | C59: UAV 279S | D59: 4 | E59: 8 | F59: TAXI PARK | G59: KAMPALA | H59: UG | I59: 6 | J59: 2 | K59: =VLOOKUP(J59,Key!$E$2:$F$9,2,FALSE) -> Work | L59: NAMASUBA | M59: WAKISO | N59: UG | O59: 6 | P59: 2 | Q59: =VLOOKUP(P59,Key!$E$2:$F$9,2,FALSE) -> Work | R59: =K59&"-"&Q59 -> Work-Work | S59: 10 | T59: 0.5 | U59: 2 | Y59: Y | Z59: 1000 | AA59: =VLOOKUP(F59,Zones!$A$2:$F$15614,6,FALSE) -> 521 | AB59: =VLOOKUP(L59,Zones!$A$2:$F$15614,6,FALSE) -> 565
B60: 0.1875 | C60: UAP 896F | D60: 4 | E60: 14 | F60: KIBUYE | G60: KAMPALA | H60: UG | I60: 6 | J60: 2 | K60: =VLOOKUP(J60,Key!$E$2:$F$9,2,FALSE) -> Work | L60: MWALO | M60: KAMPALA | N60: UG | O60: 6 | P60: 2 | Q60: =VLOOKUP(P60,Key!$E$2:$F$9,2,FALSE) -> Work | R60: =K60&"-"&Q60 -> Work-Work | T60: 1 | U60: 1 | Y60: Y | Z60: 1000 | AA60: =VLOOKUP(F60,Zones!$A$2:$F$15614,6,FALSE) -> 536 | AB60: =VLOOKUP(L60,Zones!$A$2:$F$15614,6,FALSE) -> 521
B61: 0.20833333 | C61: UAZ 713H | D61: 4 | E61: 6 | F61: NEW PARK | G61: KAMPALA | H61: UG | I61: 6 | J61: 2 | K61: =VLOOKUP(J61,Key!$E$2:$F$9,2,FALSE) -> Work | L61: BUSABALA | M61: WAKISO | N61: UG | O61: 6 | P61: 2 | Q61: =VLOOKUP(P61,Key!$E$2:$F$9,2,FALSE) -> Work | R61: =K61&"-"&Q61 -> Work-Work | S61: 13 | T61: 0.8 | U61: 1 | Y61: Y | Z61: 1500 | AA61: =VLOOKUP(F61,Zones!$A$2:$F$15614,6,FALSE) -> 521 | AB61: =VLOOKUP(L61,Zones!$A$2:$F$15614,6,FALSE) -> 522
B62: 0.083333333 | C62: UAE 495U | D62: 4 | E62: 10 | F62: Wakiso Town Council | G62: KAMPALA | H62: UG | I62: 6 | J62: 2 | K62: =VLOOKUP(J62,Key!$E$2:$F$9,2,FALSE) -> Work | L62: BUSABALA | M62: WAKISO | N62: UG | O62: 6 | P62: 2 | Q62: =VLOOKUP(P62,Key!$E$2:$F$9,2,FALSE) -> Work | R62: =K62&"-"&Q62 -> Work-Work | T62: 1 | U62: 1 | Y62: Y | Z62: 500 | AA62: =VLOOKUP(F62,Zones!$A$2:$F$15614,6,FALSE) -> 1409 | AB62: =VLOOKUP(L62,Zones!$A$2:$F$15614,6,FALSE) -> 522
B63: 0.59930556 | C63: UDX 264J | D63: 11 | E63: 1 | F63: MASAJJA | G63: WAKISO | H63: UG | I63: 8 | J63: 2 | K63: =VLOOKUP(J63,Key!$E$2:$F$9,2,FALSE) -> Work | L63: KIRUDU | M63: WAKISO | N63: UG | O63: 8 | P63: 2 | Q63: =VLOOKUP(P63,Key!$E$2:$F$9,2,FALSE) -> Work | R63: =K63&"-"&Q63 -> Work-Work | S63: 8.04 | T63: 1 | U63: 1 | Y63: Y | Z63: 500 | AA63: =VLOOKUP(F63,Zones!$A$2:$F$15614,6,FALSE) -> 1398 | AB63: =VLOOKUP(L63,Zones!$A$2:$F$15614,6,FALSE) -> 522
B64: 0.60902778 | C64: UAY 473Y | D64: 4 | E64: 10 | F64: KIBUYE | G64: KAMPALA | H64: UG | I64: 6 | J64: 2 | K64: Work | L64: BUSABALA | M64: WAKISO | N64: UG | O64: 6 | P64: 2 | Q64: =VLOOKUP(P64,Key!$E$2:$F$9,2,FALSE) -> Work | R64: =K64&"-"&Q64 -> Work-Work | T64: 0.5 | U64: 1 | Y64: Y | Z64: 500 | AA64: =VLOOKUP(F64,Zones!$A$2:$F$15614,6,FALSE) -> 536 | AB64: =VLOOKUP(L64,Zones!$A$2:$F$15614,6,FALSE) -> 522
B65: 0.12013889 | C65: UBD 434L | D65: 1 | E65: 2 | F65: MASAJJA | G65: WAKISO | H65: UG | I65: 16 | J65: 2 | K65: =VLOOKUP(J65,Key!$E$2:$F$9,2,FALSE) -> Work | L65: MUNYONYO | M65: KAMPALA | N65: UG | O65: 1 | P65: 1 | Q65: =VLOOKUP(P65,Key!$E$2:$F$9,2,FALSE) -> Home | R65: =K65&"-"&Q65 -> Work-Home | T65: 0.2 | U65: 3 | Y65: Y | Z65: 1000 | AA65: =VLOOKUP(F65,Zones!$A$2:$F$15614,6,FALSE) -> 1398 | AB65: =VLOOKUP(L65,Zones!$A$2:$F$15614,6,FALSE) -> 522
B66: 0.59027778 | C66: UDU 313N | D66: 11 | E66: 1 | F66: GANGU | G66: WAKISO | H66: UG | I66: 8 | J66: 1 | K66: =VLOOKUP(J66,Key!$E$2:$F$9,2,FALSE) -> Home | L66: BUSABALA | M66: WAKISO | N66: UG | O66: 8 | P66: 1 | Q66: =VLOOKUP(P66,Key!$E$2:$F$9,2,FALSE) -> Home | R66: =K66&"-"&Q66 -> Home-Home | S66: 1 | T66: 0.2 | U66: 6 | Y66: Y | Z66: 3000 | AA66: =VLOOKUP(F66,Zones!$A$2:$F$15614,6,FALSE) -> 556 | AB66: =VLOOKUP(L66,Zones!$A$2:$F$15614,6,FALSE) -> 522
B67: 0.8875 | C67: UAR 033M | D67: 4 | E67: 7 | F67: KATWE | G67: KAMPALA | H67: UG | I67: 6 | J67: 2 | K67: =VLOOKUP(J67,Key!$E$2:$F$9,2,FALSE) -> Work | L67: STATION CENTRE | M67: WAKISO | N67: UG | O67: 6 | P67: 2 | Q67: =VLOOKUP(P67,Key!$E$2:$F$9,2,FALSE) -> Work | R67: =K67&"-"&Q67 -> Work-Work | T67: 0.8 | U67: 1 | Y67: Y | Z67: 400 | AA67: =VLOOKUP(F67,Zones!$A$2:$F$15614,6,FALSE) -> 532 | AB67: =VLOOKUP(L67,Zones!$A$2:$F$15614,6,FALSE) -> 521
B68: 0.89722222 | C68: UAW 453D | D68: 4 | E68: 11 | F68: KIBUYE | G68: KAMPALA | H68: UG | I68: 6 | J68: 2 | K68: =VLOOKUP(J68,Key!$E$2:$F$9,2,FALSE) -> Work | L68: MWALO | M68: WAKISO | N68: UG | O68: 6 | P68: 2 | Q68: =VLOOKUP(P68,Key!$E$2:$F$9,2,FALSE) -> Work | R68: =K68&"-"&Q68 -> Work-Work | T68: 1 | U68: 2 | Y68: Y | Z68: 500 | AA68: =VLOOKUP(F68,Zones!$A$2:$F$15614,6,FALSE) -> 536 | AB68: =VLOOKUP(L68,Zones!$A$2:$F$15614,6,FALSE) -> 521
B69: 0.90277778 | C69: UBB 159Y | D69: 1 | E69: 1 | F69: NDEJJE | G69: WAKISO | H69: UG | I69: 4 | J69: 3 | K69: =VLOOKUP(J69,Key!$E$2:$F$9,2,FALSE) -> Study | L69: MUNYONYO | M69: KAMPALA | N69: UG | O69: 1 | P69: 1 | Q69: =VLOOKUP(P69,Key!$E$2:$F$9,2,FALSE) -> Home | R69: =K69&"-"&Q69 -> Study-Home | T69: 0.25 | U69: 2 | Y69: Y | AA69: =VLOOKUP(F69,Zones!$A$2:$F$15614,6,FALSE) -> 1407 | AB69: =VLOOKUP(L69,Zones!$A$2:$F$15614,6,FALSE) -> 522
B70: 0.91111111 | C70: UAX 017J | D70: 1 | E70: 2 | F70: KISENYI | G70: KAMPALA | H70: UG | I70: 6 | J70: 2 | K70: =VLOOKUP(J70,Key!$E$2:$F$9,2,FALSE) -> Work | L70: MUNYONYO | M70: KAMPALA | N70: UG | O70: 1 | P70: 1 | Q70: =VLOOKUP(P70,Key!$E$2:$F$9,2,FALSE) -> Home | R70: =K70&"-"&Q70 -> Work-Home | S70: 7 | T70: 1.5 | U70: 4 | Y70: Y | Z70: 500 | AA70: =VLOOKUP(F70,Zones!$A$2:$F$15614,6,FALSE) -> 538 | AB70: =VLOOKUP(L70,Zones!$A$2:$F$15614,6,FALSE) -> 522
B71: 0.91666667 | C71: UAU 705A | D71: 4 | E71: 3 | F71: KASANGATI | G71: WAKISO | H71: UG | I71: 6 | J71: 2 | K71: =VLOOKUP(J71,Key!$E$2:$F$9,2,FALSE) -> Work | L71: BUSABALA | M71: WAKISO | N71: UG | O71: 6 | P71: 2 | Q71: =VLOOKUP(P71,Key!$E$2:$F$9,2,FALSE) -> Work | R71: =K71&"-"&Q71 -> Work-Work | S71: 5 | T71: 1 | U71: 2 | Y71: Y | Z71: 500 | AA71: =VLOOKUP(F71,Zones!$A$2:$F$15614,6,FALSE) -> 1393 | AB71: =VLOOKUP(L71,Zones!$A$2:$F$15614,6,FALSE) -> 522
B72: 0.925 | C72: UAT 800T | D72: 4 | E72: 2 | F72: OLD PARK | G72: KAMPALA | H72: UG | I72: 6 | J72: 2 | K72: =VLOOKUP(J72,Key!$E$2:$F$9,2,FALSE) -> Work | L72: BUSABALA | M72: WAKISO | N72: UG | O72: 6 | P72: 2 | Q72: =VLOOKUP(P72,Key!$E$2:$F$9,2,FALSE) -> Work | R72: =K72&"-"&Q72 -> Work-Work | S72: 10 | T72: 1.5 | U72: 1 | Y72: Y | Z72: 1000 | AA72: =VLOOKUP(F72,Zones!$A$2:$F$15614,6,FALSE) -> 521 | AB72: =VLOOKUP(L72,Zones!$A$2:$F$15614,6,FALSE) -> 522
B73: 0.93055556 | C73: UDJ 488K | D73: 11 | E73: 2 | F73: KAYEMBE | G73: WAKISO | H73: UG | I73: 8 | J73: 2 | K73: =VLOOKUP(J73,Key!$E$2:$F$9,2,FALSE) -> Work | L73: STATION CENTRE | M73: WAKISO | N73: UG | O73: 8 | P73: 2 | Q73: =VLOOKUP(P73,Key!$E$2:$F$9,2,FALSE) -> Work | R73: =K73&"-"&Q73 -> Work-Work | S73: 4 | T73: 0.4 | U73: 3 | Y73: Y | AA73: =VLOOKUP(F73,Zones!$A$2:$F$15614,6,FALSE) -> 1397 | AB73: =VLOOKUP(L73,Zones!$A$2:$F$15614,6,FALSE) -> 521
B74: 0.94097222 | C74: UET 485P | D74: 11 | E74: 2 | F74: KAYEMBE | G74: WAKISO | H74: UG | I74: 8 | J74: 2 | K74: =VLOOKUP(J74,Key!$E$2:$F$9,2,FALSE) -> Work | L74: STATION CENTRE | M74: WAKISO | N74: UG | O74: 8 | P74: 2 | Q74: =VLOOKUP(P74,Key!$E$2:$F$9,2,FALSE) -> Work | R74: =K74&"-"&Q74 -> Work-Work | T74: 0.6 | U74: 1 | Y74: Y | AA74: =VLOOKUP(F74,Zones!$A$2:$F$15614,6,FALSE) -> 1397 | AB74: =VLOOKUP(L74,Zones!$A$2:$F$15614,6,FALSE) -> 521
B75: 0.94583333 | C75: UBE 417T | D75: 1 | E75: 2 | F75: MASAJJA | G75: WAKISO | H75: UG | I75: 1 | J75: 1 | K75: =VLOOKUP(J75,Key!$E$2:$F$9,2,FALSE) -> Home | L75: MUNYONYO | M75: KAMPALA | N75: UG | O75: 16 | P75: 6 | Q75: =VLOOKUP(P75,Key!$E$2:$F$9,2,FALSE) -> Leisure/Social | R75: =K75&"-"&Q75 -> Home-Leisure/Social | T75: 0.3 | U75: 3 | Y75: Y | Z75: 1000 | AA75: =VLOOKUP(F75,Zones!$A$2:$F$15614,6,FALSE) -> 1398 | AB75: =VLOOKUP(L75,Zones!$A$2:$F$15614,6,FALSE) -> 522
B76: 0.99305556 | C76: UAX 046B | D76: 1 | E76: 1 | F76: NDEJJE | G76: WAKISO | H76: UG | I76: 16 | J76: 8 | K76: =VLOOKUP(J76,Key!$E$2:$F$9,2,FALSE) -> Others | L76: MUNYONYO | M76: KAMPALA | N76: UG | O76: 1 | P76: 1 | Q76: =VLOOKUP(P76,Key!$E$2:$F$9,2,FALSE) -> Home | R76: =K76&"-"&Q76 -> Others-Home | T76: 0.4 | U76: 4 | Y76: Y | Z76: 3000 | AA76: =VLOOKUP(F76,Zones!$A$2:$F$15614,6,FALSE) -> 1407 | AB76: =VLOOKUP(L76,Zones!$A$2:$F$15614,6,FALSE) -> 522
B77: 0.9875 | C77: UAN 230F | D77: 1 | E77: 1 | F77: MAKINDYE | G77: KAMPALA | H77: UG | I77: 2 | J77: 2 | K77: =VLOOKUP(J77,Key!$E$2:$F$9,2,FALSE) -> Work | L77: MUNYONYO | M77: KAMPALA | N77: UG | O77: 1 | P77: 1 | Q77: =VLOOKUP(P77,Key!$E$2:$F$9,2,FALSE) -> Home | R77: =K77&"-"&Q77 -> Work-Home | T77: 0.8 | U77: 2 | Y77: Y | Z77: 2000 | AA77: =VLOOKUP(F77,Zones!$A$2:$F$15614,6,FALSE) -> 556 | AB77: =VLOOKUP(L77,Zones!$A$2:$F$15614,6,FALSE) -> 522
B78: 0.5 | C78: UBB 212P | D78: 1 | E78: 1 | F78: MENGO | G78: KAMPALA | H78: UG | I78: 5 | J78: 7 | K78: =VLOOKUP(J78,Key!$E$2:$F$9,2,FALSE) -> Hospital | L78: BUSABALA | M78: WAKISO | N78: UG | O78: 1 | P78: 1 | Q78: =VLOOKUP(P78,Key!$E$2:$F$9,2,FALSE) -> Home | R78: =K78&"-"&Q78 -> Hospital-Home | T78: 1 | U78: 1 | Y78: Y | Z78: 1000 | AA78: =VLOOKUP(F78,Zones!$A$2:$F$15614,6,FALSE) -> 558 | AB78: =VLOOKUP(L78,Zones!$A$2:$F$15614,6,FALSE) -> 522
B79: 0.056944444 | C79: UBA 489V | D79: 1 | E79: 1 | F79: NTINDA | G79: KAMPALA | H79: UG | I79: 16 | J79: 2 | K79: =VLOOKUP(J79,Key!$E$2:$F$9,2,FALSE) -> Work | L79: BUSABALA | M79: WAKISO | N79: UG | O79: 1 | P79: 1 | Q79: =VLOOKUP(P79,Key!$E$2:$F$9,2,FALSE) -> Home | R79: =K79&"-"&Q79 -> Work-Home | T79: 1.5 | U79: 2 | Y79: Y | Z79: 2000 | AA79: =VLOOKUP(F79,Zones!$A$2:$F$15614,6,FALSE) -> 577 | AB79: =VLOOKUP(L79,Zones!$A$2:$F$15614,6,FALSE) -> 522
B80: 0.71527778 | C80: UBB 566R | D80: 4 | E80: 14 | F80: KIBUYE | G80: KAMPALA | H80: UG | I80: 6 | J80: 2 | K80: =VLOOKUP(J80,Key!$E$2:$F$9,2,FALSE) -> Work | L80: BUSABALA | M80: WAKISO | N80: UG | O80: 6 | P80: 2 | Q80: =VLOOKUP(P80,Key!$E$2:$F$9,2,FALSE) -> Work | R80: =K80&"-"&Q80 -> Work-Work | T80: 1.5 | U80: 1 | Y80: Y | Z80: 1000 | AA80: =VLOOKUP(F80,Zones!$A$2:$F$15614,6,FALSE) -> 536 | AB80: =VLOOKUP(L80,Zones!$A$2:$F$15614,6,FALSE) -> 522
B81: 0.68055556 | C81: UEY 068W | D81: 11 | E81: 2 | F81: TOWN CITY | G81: KAMPALA | H81: UG | I81: 8 | J81: 2 | K81: =VLOOKUP(J81,Key!$E$2:$F$9,2,FALSE) -> Work | L81: BUSABALA | M81: WAKISO | N81: UG | O81: 8 | P81: 2 | Q81: =VLOOKUP(P81,Key!$E$2:$F$9,2,FALSE) -> Work | R81: =K81&"-"&Q81 -> Work-Work | T81: 0.8 | U81: 3 | Y81: Y | Z81: 1000 | AA81: =VLOOKUP(F81,Zones!$A$2:$F$15614,6,FALSE) -> 521 | AB81: =VLOOKUP(L81,Zones!$A$2:$F$15614,6,FALSE) -> 522
B82: 0.66527778 | C82: UAF 627X | D82: 10 | E82: 2 | F82: GANGO | G82: WAKISO | H82: UG | I82: 10 | J82: 2 | K82: =VLOOKUP(J82,Key!$E$2:$F$9,2,FALSE) -> Work | L82: BUSABALA | M82: WAKISO | N82: UG | O82: 1 | P82: 1 | Q82: =VLOOKUP(P82,Key!$E$2:$F$9,2,FALSE) -> Home | R82: =K82&"-"&Q82 -> Work-Home | T82: 0.8 | U82: 1 | Y82: Y | Z82: 500 | AA82: =VLOOKUP(F82,Zones!$A$2:$F$15614,6,FALSE) -> 522 | AB82: =VLOOKUP(L82,Zones!$A$2:$F$15614,6,FALSE) -> 522
B83: 0.65763889 | C83: UDZ 201Z | D83: 11 | E83: 1 | F83: KATWE | G83: KAMPALA | H83: UG | I83: 8 | J83: 2 | K83: =VLOOKUP(J83,Key!$E$2:$F$9,2,FALSE) -> Work | L83: BUSABALA | M83: WAKISO | N83: UG | O83: 1 | P83: 1 | Q83: =VLOOKUP(P83,Key!$E$2:$F$9,2,FALSE) -> Home | R83: =K83&"-"&Q83 -> Work-Home | T83: 0.8 | U83: 1 | Y83: Y | Z83: 1000 | AA83: =VLOOKUP(F83,Zones!$A$2:$F$15614,6,FALSE) -> 532 | AB83: =VLOOKUP(L83,Zones!$A$2:$F$15614,6,FALSE) -> 522
B84: 0.64861111 | C84: UBD 507K | D84: 8 | E84: 1 | F84: GANGO | G84: WAKISO | H84: UG | I84: 10 | J84: 2 | K84: =VLOOKUP(J84,Key!$E$2:$F$9,2,FALSE) -> Work | L84: BUSABALA | M84: WAKISO | N84: UG | O84: 15 | P84: 2 | Q84: =VLOOKUP(P84,Key!$E$2:$F$9,2,FALSE) -> Work | R84: =K84&"-"&Q84 -> Work-Work | T84: 1 | U84: 1 | Y84: Y | Z84: 2000 | AA84: =VLOOKUP(F84,Zones!$A$2:$F$15614,6,FALSE) -> 522 | AB84: =VLOOKUP(L84,Zones!$A$2:$F$15614,6,FALSE) -> 522
B85: 0.64027778 | C85: UAZ 333E | D85: 1 | E85: 2 | F85: GANGO | G85: WAKISO | H85: UG | I85: 1 | J85: 1 | K85: =VLOOKUP(J85,Key!$E$2:$F$9,2,FALSE) -> Home | L85: ENTEBBE | M85: WAKISO | N85: UG | O85: 16 | P85: 2 | Q85: =VLOOKUP(P85,Key!$E$2:$F$9,2,FALSE) -> Work | R85: =K85&"-"&Q85 -> Home-Work | T85: 0.6 | U85: 2 | Y85: Y | Z85: 1000 | AA85: =VLOOKUP(F85,Zones!$A$2:$F$15614,6,FALSE) -> 522 | AB85: =VLOOKUP(L85,Zones!$A$2:$F$15614,6,FALSE) -> 1387
B86: 0.625 | C86: UAW 844S | D86: 1 | E86: 2 | F86: Wakiso Town Council | G86: WAKISO | H86: UG | I86: 1 | J86: 1 | K86: =VLOOKUP(J86,Key!$E$2:$F$9,2,FALSE) -> Home | L86: KASANGA | M86: KAMPALA | N86: UG | O86: 2 | P86: 2 | Q86: =VLOOKUP(P86,Key!$E$2:$F$9,2,FALSE) -> Work | R86: =K86&"-"&Q86 -> Home-Work | S86: 15 | T86: 0.8 | U86: 2 | Y86: Y | Z86: 1000 | AA86: =VLOOKUP(F86,Zones!$A$2:$F$15614,6,FALSE) -> 1409 | AB86: =VLOOKUP(L86,Zones!$A$2:$F$15614,6,FALSE) -> 529
B87: 0.61944444 | C87: UAB 005C | D87: 1 | E87: 2 | F87: KANABA | G87: WAKISO | H87: UG | I87: 1 | J87: 1 | K87: =VLOOKUP(J87,Key!$E$2:$F$9,2,FALSE) -> Home | L87: TOWN CITY | M87: KAMPALA | N87: UG | O87: 2 | P87: 1 | Q87: =VLOOKUP(P87,Key!$E$2:$F$9,2,FALSE) -> Home | R87: =K87&"-"&Q87 -> Home-Home | T87: 0.8 | U87: 1 | Y87: Y | Z87: 1000 | AA87: =VLOOKUP(F87,Zones!$A$2:$F$15614,6,FALSE) -> 746 | AB87: =VLOOKUP(L87,Zones!$A$2:$F$15614,6,FALSE) -> 521
B88: 0.61041667 | C88: UDQ 1000C | D88: 11 | E88: 2 | F88: KIBIRI | G88: WAKISO | H88: UG | I88: 8 | J88: 2 | K88: =VLOOKUP(J88,Key!$E$2:$F$9,2,FALSE) -> Work | L88: BUSABALA | M88: WAKISO | N88: UG | O88: 8 | P88: 2 | Q88: =VLOOKUP(P88,Key!$E$2:$F$9,2,FALSE) -> Work | R88: =K88&"-"&Q88 -> Work-Work | T88: 0.3 | U88: 1 | Y88: Y | Z88: 1000 | AA88: =VLOOKUP(F88,Zones!$A$2:$F$15614,6,FALSE) -> 522 | AB88: =VLOOKUP(L88,Zones!$A$2:$F$15614,6,FALSE) -> 522
B89: 0.59861111 | C89: UBD 060V | D89: 5 | E89: 36 | F89: Wakiso Town Council | G89: WAKISO | H89: UG | I89: 16 | J89: 8 | K89: =VLOOKUP(J89,Key!$E$2:$F$9,2,FALSE) -> Others | L89: BUSABALA | M89: WAKISO | N89: UG | O89: 16 | P89: 6 | Q89: =VLOOKUP(P89,Key!$E$2:$F$9,2,FALSE) -> Leisure/Social | R89: =K89&"-"&Q89 -> Others-Leisure/Social | S89: 30 | T89: 120 | U89: 6 | Y89: Y | AA89: =VLOOKUP(F89,Zones!$A$2:$F$15614,6,FALSE) -> 1409 | AB89: =VLOOKUP(L89,Zones!$A$2:$F$15614,6,FALSE) -> 522
B90: 0.58958333 | C90: UBF 039U | D90: 8 | E90: 2 | F90: GANGO | G90: WAKISO | H90: UG | I90: 10 | J90: 1 | K90: =VLOOKUP(J90,Key!$E$2:$F$9,2,FALSE) -> Home | L90: KIGO | M90: WAKISO | N90: UG | O90: 15 | P90: 1 | Q90: =VLOOKUP(P90,Key!$E$2:$F$9,2,FALSE) -> Home | R90: =K90&"-"&Q90 -> Home-Home | S90: 1 | T90: 0.2 | U90: 1 | Y90: Y | Z90: 1500 | AA90: =VLOOKUP(F90,Zones!$A$2:$F$15614,6,FALSE) -> 522 | AB90: =VLOOKUP(L90,Zones!$A$2:$F$15614,6,FALSE) -> 522
B91: 0.59305556 | C91: UAS 026T | D91: 1 | E91: 1 | F91: GANGO | G91: WAKISO | H91: UG | I91: 16 | J91: 8 | K91: =VLOOKUP(J91,Key!$E$2:$F$9,2,FALSE) -> Others | L91: ENTEBBE | M91: WAKISO | N91: UG | O91: 16 | P91: 8 | Q91: =VLOOKUP(P91,Key!$E$2:$F$9,2,FALSE) -> Others | R91: =K91&"-"&Q91 -> Others-Others | T91: 0.3 | U91: 1 | Y91: Y | AA91: =VLOOKUP(F91,Zones!$A$2:$F$15614,6,FALSE) -> 522 | AB91: =VLOOKUP(L91,Zones!$A$2:$F$15614,6,FALSE) -> 1387
B92: 0.55763889 | C92: UEP 619D | D92: 11 | E92: 1 | F92: KIBIBI | G92: WAKISO | H92: UG | I92: 8 | J92: 2 | K92: =VLOOKUP(J92,Key!$E$2:$F$9,2,FALSE) -> Work | L92: BUSABALA | M92: WAKISO | N92: UG | O92: 8 | P92: 2 | Q92: =VLOOKUP(P92,Key!$E$2:$F$9,2,FALSE) -> Work | R92: =K92&"-"&Q92 -> Work-Work | T92: 0.3 | U92: 1 | Y92: Y | AA92: =VLOOKUP(F92,Zones!$A$2:$F$15614,6,FALSE) -> 293 | AB92: =VLOOKUP(L92,Zones!$A$2:$F$15614,6,FALSE) -> 522
B93: 0.55555556 | C93: UAX 056X | D93: 1 | E93: 2 | F93: GANGO | G93: WAKISO | H93: UG | I93: 1 | J93: 1 | K93: =VLOOKUP(J93,Key!$E$2:$F$9,2,FALSE) -> Home | L93: NAKASERO | M93: KAMPALA | N93: UG | O93: 7 | P93: 8 | Q93: =VLOOKUP(P93,Key!$E$2:$F$9,2,FALSE) -> Others | R93: =K93&"-"&Q93 -> Home-Others | T93: 1 | U93: 2 | Y93: Y | Z93: 1500 | AA93: =VLOOKUP(F93,Zones!$A$2:$F$15614,6,FALSE) -> 522 | AB93: =VLOOKUP(L93,Zones!$A$2:$F$15614,6,FALSE) -> 566
B94: 0.54930556 | C94: UAU 112H | D94: 1 | E94: 1 | F94: NDEJJE | G94: WAKISO | H94: UG | I94: 1 | J94: 1 | K94: =VLOOKUP(J94,Key!$E$2:$F$9,2,FALSE) -> Home | L94: MUNYONYO | M94: KAMPALA | N94: UG | O94: 16 | P94: 6 | Q94: =VLOOKUP(P94,Key!$E$2:$F$9,2,FALSE) -> Leisure/Social | R94: =K94&"-"&Q94 -> Home-Leisure/Social | T94: 0.3 | U94: 1 | Y94: Y | Z94: 500 | AA94: =VLOOKUP(F94,Zones!$A$2:$F$15614,6,FALSE) -> 1407 | AB94: =VLOOKUP(L94,Zones!$A$2:$F$15614,6,FALSE) -> 522
B95: 0.55208333 | C95: UAD 690T | D95: 8 | E95: 2 | F95: GANGO | G95: WAKISO | H95: UG | I95: 14 | J95: 2 | K95: =VLOOKUP(J95,Key!$E$2:$F$9,2,FALSE) -> Work | L95: BUSABALA | M95: WAKISO | N95: UG | O95: 15 | P95: 2 | Q95: =VLOOKUP(P95,Key!$E$2:$F$9,2,FALSE) -> Work | R95: =K95&"-"&Q95 -> Work-Work | S95: 4.85 | T95: 0.3 | U95: 3 | Y95: Y | Z95: 1000 | AA95: =VLOOKUP(F95,Zones!$A$2:$F$15614,6,FALSE) -> 522 | AB95: =VLOOKUP(L95,Zones!$A$2:$F$15614,6,FALSE) -> 522
B96: 0.036805556 | C96: UAZ 922C | D96: 1 | E96: 2 | F96: KABUMA | G96: WAKISO | H96: UG | I96: 1 | J96: 1 | K96: =VLOOKUP(J96,Key!$E$2:$F$9,2,FALSE) -> Home | L96: BUSABALA | M96: WAKISO | N96: UG | O96: 16 | P96: 8 | Q96: =VLOOKUP(P96,Key!$E$2:$F$9,2,FALSE) -> Others | R96: =K96&"-"&Q96 -> Home-Others | S96: 3 | T96: 0.2 | U96: 1 | Y96: Y | Z96: 1000 | AA96: =VLOOKUP(F96,Zones!$A$2:$F$15614,6,FALSE) -> 522 | AB96: =VLOOKUP(L96,Zones!$A$2:$F$15614,6,FALSE) -> 522
B97: 0.53958333 | C97: UBA 503C | D97: 4 | E97: 5 | F97: KISENYI | G97: KAMPALA | H97: UG | I97: 6 | J97: 2 | K97: =VLOOKUP(J97,Key!$E$2:$F$9,2,FALSE) -> Work | L97: BUSABALA | M97: WAKISO | N97: UG | O97: 6 | P97: 2 | Q97: =VLOOKUP(P97,Key!$E$2:$F$9,2,FALSE) -> Work | R97: =K97&"-"&Q97 -> Work-Work | T97: 0.5 | U97: 1 | Y97: Y | AA97: =VLOOKUP(F97,Zones!$A$2:$F$15614,6,FALSE) -> 538 | AB97: =VLOOKUP(L97,Zones!$A$2:$F$15614,6,FALSE) -> 522
B98: 0.53055556 | C98: UAU 043D | D98: 1 | E98: 2 | F98: KIBIRI | G98: WAKISO | H98: UG | I98: 1 | J98: 1 | K98: =VLOOKUP(J98,Key!$E$2:$F$9,2,FALSE) -> Home | L98: BUSABALA | M98: WAKISO | N98: UG | O98: 10 | P98: 8 | Q98: =VLOOKUP(P98,Key!$E$2:$F$9,2,FALSE) -> Others | R98: =K98&"-"&Q98 -> Home-Others | T98: 1 | U98: 3 | Y98: Y | Z98: 500 | AA98: =VLOOKUP(F98,Zones!$A$2:$F$15614,6,FALSE) -> 522 | AB98: =VLOOKUP(L98,Zones!$A$2:$F$15614,6,FALSE) -> 522
B99: 0.52708333 | C99: UBF 787E | D99: 1 | E99: 2 | F99: KIBIRII | G99: WAKISO | H99: UG | I99: 1 | J99: 1 | K99: =VLOOKUP(J99,Key!$E$2:$F$9,2,FALSE) -> Home | L99: TOWN CITY | M99: KAMPALA | N99: UG | O99: 5 | P99: 7 | Q99: =VLOOKUP(P99,Key!$E$2:$F$9,2,FALSE) -> Hospital | R99: =K99&"-"&Q99 -> Home-Hospital | T99: 1 | U99: 2 | Y99: Y | Z99: 500 | AA99: =VLOOKUP(F99,Zones!$A$2:$F$15614,6,FALSE) -> 522 | AB99: =VLOOKUP(L99,Zones!$A$2:$F$15614,6,FALSE) -> 521
B100: 0.51458333 | C100: UBE 141U | D100: 7 | E100: 4 | F100: MASJJA | G100: WAKISO | H100: UG | I100: 1 | J100: 1 | K100: =VLOOKUP(J100,Key!$E$2:$F$9,2,FALSE) -> Home | L100: BUSABALA | M100: WAKISO | N100: UG | O100: 16 | P100: 2 | Q100: =VLOOKUP(P100,Key!$E$2:$F$9,2,FALSE) -> Work | R100: =K100&"-"&Q100 -> Home-Work | S100: 8.04 | T100: 2 | U100: 2 | Y100: Y | Z100: 1000 | AA100: =VLOOKUP(F100,Zones!$A$2:$F$15614,6,FALSE) -> 1398 | AB100: =VLOOKUP(L100,Zones!$A$2:$F$15614,6,FALSE) -> 522
B101: 0.50625 | C101: UAJ 916A | D101: 1 | E101: 3 | F101: KIBIRI | G101: WAKISO | H101: UG | I101: 1 | J101: 1 | K101: =VLOOKUP(J101,Key!$E$2:$F$9,2,FALSE) -> Home | L101: KIBUYE | M101: KAMPALA | N101: UG | O101: 7 | P101: 2 | Q101: =VLOOKUP(P101,Key!$E$2:$F$9,2,FALSE) -> Work | R101: =K101&"-"&Q101 -> Home-Work | T101: 0.8 | U101: 2 | Y101: Y | Z101: 500 | AA101: =VLOOKUP(F101,Zones!$A$2:$F$15614,6,FALSE) -> 522 | AB101: =VLOOKUP(L101,Zones!$A$2:$F$15614,6,FALSE) -> 536
B102: 0.5 | C102: UAQ 370M | D102: 1 | E102: 2 | F102: MASJJA | G102: WAKISO | H102: UG | I102: 1 | J102: 1 | K102: =VLOOKUP(J102,Key!$E$2:$F$9,2,FALSE) -> Home | L102: BUSABALA | M102: WAKISO | N102: UG | O102: 9 | P102: 1 | Q102: =VLOOKUP(P102,Key!$E$2:$F$9,2,FALSE) -> Home | R102: =K102&"-"&Q102 -> Home-Home | U102: 1 | Y102: Y | AA102: =VLOOKUP(F102,Zones!$A$2:$F$15614,6,FALSE) -> 1398 | AB102: =VLOOKUP(L102,Zones!$A$2:$F$15614,6,FALSE) -> 522
...

Sheet Zones
A1: ZONE NAME | B1: DISTRICT | C1: COUNTY | D1: SUBCOUNTY | E1: Parish | F1: ZONE No.
A2: Abim | B2: Abim | C2: Labwor | D2: =A2 -> Abim | F2: 1
A3: Abim Town Council | B3: Abim | C3: Labwor | D3: =A3 -> Abim Town Council | F3: 2
A4: Alerek | B4: Abim | C4: Labwor | D4: =A4 -> Alerek | F4: 3
A5: Lotukei | B5: Abim | C5: Labwor | D5: =A5 -> Lotukei | F5: 4
A6: Morulem | B6: Abim | C6: Labwor | D6: =A6 -> Morulem | F6: 5
A7: Nyakwae | B7: Abim | C7: Labwor | D7: =A7 -> Nyakwae | F7: 6
A8: Adjumani Town Council | B8: Adjumani | C8: East Moyo | D8: =A8 -> Adjumani Town Council | F8: 7
A9: Adropi | B9: Adjumani | C9: East Moyo | D9: =A9 -> Adropi | F9: 8
A10: Arinyapi | B10: Adjumani | C10: East Moyo | D10: =A10 -> Arinyapi | F10: 9
A11: Ciforo | B11: Adjumani | C11: East Moyo | D11: =A11 -> Ciforo | F11: 10
A12: Dzaipi | B12: Adjumani | C12: East Moyo | D12: =A12 -> Dzaipi | F12: 11
A13: Itirikwa | B13: Adjumani | C13: East Moyo | D13: =A13 -> Itirikwa | F13: 12
... A166: Lugazi Municipality | B166: Buikwe | C166: Lugazi Municipality | D166: =A166 -> Lugazi Municipality | F166: 165
A167: LUGAZI | D167: =A167 -> LUGAZI | F167: 165
A168: Najja | B168: Buikwe | C168: Buikwe | D168: =A168 -> Najja | F168: 166
A169: Ngogwe | B169: Buikwe | C169: Buikwe | D169: =A169 -> Ngogwe | F169: 167
A170: Njeru Municipality | B170: Buikwe | C170: Njeru Municipality | D170: =A170 -> Njeru Municipality | F170: 168
A171: Nkokonjeru Town Council | B171: Buikwe | C171: Buikwe | D171: =A171 -> Nkokonjeru Town Council | F171: 169
A172: Ssi-Bukunja | B172: Buikwe | C172: Buikwe | D172: =A172 -> Ssi-Bukunja | F172: 170
A173: Bukedea | B173: Bukedea | C173: Bukedea | D173: =A173 -> Bukedea | F173: 171
A174: Bukedea Town Council | B174: Bukedea | C174: Bukedea | D174: =A174 -> Bukedea Town Council | F174: 172
A175: Kachumbala | B175: Bukedea | C175: Bukedea | D175: =A175 -> Kachumbala | F175: 173
A176: Kidongole | B176: Bukedea | C176: Bukedea | D176: =A176 -> Kidongole | F176: 174
A177: Kolir | B177: Bukedea | C177: Bukedea | D177: =A177 -> Kolir | F177: 175
A178: Malera | B178: Bukedea | C178: Bukedea | D178: =A178 -> Malera | F178: 176
A179: Bigasa | B179: Bukomansimbi | C179: Bukomansimbi | D179: =A179 -> Bigasa | F179: 177
... A337: Gulu Municipality | B337: Gulu | C337: Gulu Municipality | D337: =A337 -> Gulu Municipality | F337: 335
A338: GULU | D338: =A338 -> GULU | F338: 335
A339: Paicho | B339: Gulu | C339: Aswa | D339: =A339 -> Paicho | F339: 336
A340: Unyama | B340: Gulu | C340: Aswa | D340: =A340 -> Unyama | F340: 337
A341: Bugambe | B341: Hoima | C341: Buhaguzi | D341: =A341 -> Bugambe | F341: 338
A342: Buhanika | B342: Hoima | C342: Bugahya | D342: =A342 -> Buhanika | F342: 339
A343: Buhimba | B343: Hoima | C343: Buhaguzi | D343: =A343 -> Buhimba | F343: 340
A344: Hoima Municipality | B344: Hoima | C344: Hoima Municipality | D344: =A344 -> Hoima Municipality | F344: 341
A345: HOIMA | D345: =A345 -> HOIMA | F345: 341
A346: Hima cement | D346: =A346 -> Hima cement | F346: 341
A347: Kabwoya | B347: Hoima | C347: Buhaguzi | D347: =A347 -> Kabwoya | F347: 342
A348: Kigorobya | B348: Hoima | C348: Bugahya | D348: =A348 -> Kigorobya | F348: 343
A349: Kigorobya Town Council | B349: Hoima | C349: Bugahya | D349: =A349 -> Kigorobya Town Council | F349: 344
A350: Kitoba | B350: Hoima | C350: Bugahya | D350: =A350 -> Kitoba | F350: 345
A351: Kiziranfumbi | B351: Hoima | C351: Buhaguzi | D351: =A351 -> Kiziranfumbi | F351: 346
A352: Kyabigambire | B352: Hoima | C352: Bugahya | D352: =A352 -> Kyabigambire | F352: 347
A353: Kyangwali | B353: Hoima | C353: Buhaguzi | D353: =A353 -> Kyangwali | F353: 348
A354: Ibanda Municipality | B354: Ibanda | C354: Ibanda Municipality | D354: =A354 -> Ibanda Municipality | F354: 349
A355: Igorora Town Council | B355: Ibanda | C355: Ibanda | D355: =A355 -> Igorora Town Council | F355: 350
A356: Ishongororo | B356: Ibanda | C356: Ibanda | D356: =A356 -> Ishongororo | F356: 351
A357: Ishongororo Town Council | B357: Ibanda | C357: Ibanda | D357: =A357 -> Ishongororo Town Council | F357: 352
A358: Kagango Division-Ibanda | B358: Ibanda | C358: Ibanda Municipality | D358: =A358 -> Kagango Division-Ibanda | F358: 353
... A370: Iganga Municipality | B370: Iganga | C370: Iganga Municipality | D370: =A370 -> Iganga Municipality | F370: 365
A371: IGANGA | D371: =A371 -> IGANGA | F371: 365
A372: Igombe | B372: Iganga | C372: Bugweri | D372: =A372 -> Igombe | F372: 366
A373: Makuutu | B373: Iganga | C373: Bugweri | D373: =A373 -> Makuutu | F373: 367
A374: Nabitende | B374: Iganga | C374: Kigulu | D374: =A374 -> Nabitende | F374: 368
A375: Nakalama | B375: Iganga | C375: Kigulu | D375: =A375 -> Nakalama | F375: 369
A376: Nakigo | B376: Iganga | C376: Kigulu | D376: =A376 -> Nakigo | F376: 370
A377: Namalemba | B377: Iganga | C377: Bugweri | D377: =A377 -> Namalemba | F377: 371
A378: Nambale | B378: Iganga | C378: Kigulu | D378: =A378 -> Nambale | F378: 372
A379: Namungalwe | B379: Iganga | C379: Kigulu | D379: =A379 -> Namungalwe | F379: 373
A380: Nawandala | B380: Iganga | C380: Kigulu | D380: =A380 -> Nawandala | F380: 374
A381: Nawanyingi | B381: Iganga | C381: Kigulu | D381: =A381 -> Nawanyingi | F381: 375
A382: Birere | B382: Isingiro | C382: Isingiro | D382: =A382 -> Birere | F382: 376
A383: Endiinzi | B383: Isingiro | C383: Bukanga | D383: =A383 -> Endiinzi | F383: 377
... A517: Lwabenge | B517: Kalungu | C517: Kalungu | D517: =A517 -> Lwabenge | F517: 511
A518: Banda | B518: Kampala | C518: KCCA | D518: =A518 -> Banda | E518: =A518 -> Banda | F518: 512
A519: Bugolobi | B519: Kampala | C519: KCCA | D519: =A519 -> Bugolobi | E519: =A519 -> Bugolobi | F519: 513
A520: Namuwongo | D520: =A520 -> Namuwongo | F520: 513
A521: Bukasa | B521: Kampala | C521: KCCA | D521: =A521 -> Bukasa | E521: =A521 -> Bukasa | F521: 514
A522: Bukesa | B522: Kampala | C522: KCCA | D522: =A522 -> Bukesa | E522: =A522 -> Bukesa | F522: 515
A523: Bukoto | B523: Kampala | C523: KCCA | D523: =A523 -> Bukoto | E523: =A523 -> Bukoto | F523: 516
A524: Busega | B524: Kampala | C524: KCCA | D524: =A524 -> Busega | E524: =A524 -> Busega | F524: 517
A525: Masanafu | D525: =A525 -> Masanafu | E525: =A525 -> Masanafu | F525: 517
A526: Butabika | B526: Kampala | C526: KCCA | D526: =A526 -> Butabika | E526: =A526 -> Butabika | F526: 518
A527: Buziga | B527: Kampala | C527: KCCA | D527: =A527 -> Buziga | E527: =A527 -> Buziga | F527: 519
A528: Bwaise | B528: Kampala | C528: KCCA | D528: =A528 -> Bwaise | E528: =A528 -> Bwaise | F528: 520
A529: Civic Centre | B529: Kampala | C529: KCCA | D529: =A529 -> Civic Centre | E529: =A529 -> Civic Centre | F529: 521
A530: Kampala | D530: =A530 -> Kampala | E530: =A530 -> Kampala | F530: 521
A531: Speke hotel | D531: =A531 -> Speke hotel | E531: =A531 -> Speke hotel | F531: 521
A532: NKURUMAH ROAD | D532: =A532 -> NKURUMAH ROAD | E532: =A532 -> NKURUMAH ROAD | F532: 521
A533: STATION | D533: =A533 -> STATION | E533: =A533 -> STATION | F533: 521
A534: Clock tower | D534: =A534 -> Clock tower | E534: =A534 -> Clock tower | F534: 521
A535: CRUSADER HOUSE | D535: =A535 -> CRUSADER HOUSE | F535: 521
A536: Engineering solution | D536: =A536 -> Engineering solution | F536: 521
A537: Sir Apollo | D537: =A537 -> Sir Apollo | E537: =A537 -> Sir Apollo | F537: 521
A538: Kavuma | D538: =A538 -> Kavuma | F538: 521
A539: KAVUUMA | D539: =A539 -> KAVUUMA | F539: 521
A540: CRESTED TOWERS | D540: =A540 -> CRESTED TOWERS | F540: 521
A541: Town city | D541: =A541 -> Town city | F541: 521
A542: INDUSTRIAL | D542: =A542 -> INDUSTRIAL | E542: =A542 -> INDUSTRIAL | F542: 521
A543: Kikubo | D543: =A543 -> Kikubo | E543: =A543 -> Kikubo | F543: 521
A544: Arua park | D544: =A544 -> Arua park | E544: =A544 -> Arua park | F544: 521
A545: NAMAYUBA PART | D545: =A545 -> NAMAYUBA PART | F545: 521
A546: Speke resort | D546: =A546 -> Speke resort | E546: =A546 -> Speke resort | F546: 521
A547: Clemet hill | D547: =A547 -> Clemet hill | E547: =A547 -> Clemet hill | F547: 521
A548: CLEMENT | D548: =A548 -> CLEMENT | E548: =A548 -> CLEMENT | F548: 521
A549: Town | D549: =A549 -> Town | E549: =A549 -> Town | F549: 521
A550: Victoria Serena | D550: =A550 -> Victoria Serena | E550: =A550 -> Victoria Serena | F550: 521
A551: Lugogo | D551: =A551 -> Lugogo | E551: =A551 -> Lugogo | F551: 521
A552: Serena | D552: =A552 -> Serena | E552: =A552 -> Serena | F552: 521
A553: Taxi park | D553: =A553 -> Taxi park | E553: =A553 -> Taxi park | F553: 521
...

Sheet Zone analysis
A1: Zone | B1: District | C1: County | D1: Subcounty | E1: Parish | F1: DRAFT FINAL ZONE LIST | G1: DISTRICT | H1: Subcounty
A2: 243 | B2: Alebtong | C2: Moroto | D2: Abako | F2: =D2 -> Abako | G2: =B2 -> Alebtong | H2: Abako
A3: 295 | B3: Zombo | C3: Okoro | D3: Abanga | F3: =D3 -> Abanga | G3: =B3 -> Zombo | H3: Abanga
A4: 886 | B4: Amuria | C4: Amuria | D4: Abarilela | F4: =D4 -> Abarilela | G4: =B4 -> Amuria | H4: Abarilela
A5: 215 | B5: Oyam | C5: Oyam | D5: Aber | F5: =D5 -> Aber | G5: =B5 -> Oyam | H5: Aber
A6: 244 | B6: Alebtong | C6: Moroto | D6: Abia | F6: =D6 -> Abia | G6: =B6 -> Alebtong | H6: Abia
A7: 151 | B7: Abim | C7: Labwor | D7: Abim | F7: =D7 -> Abim | G7: =B7 -> Abim | H7: Abim
A8: 152 | B8: Abim | C8: Labwor | D8: Abim Town Council | F8: =D8 -> Abim Town Council | G8: =B8 -> Abim | H8: Abim Town Council
A9: 107 | B9: Nebbi | C9: Nebbi Municipality | D9: Abindu Division | F9: =VLOOKUP(C9,[2]Municipalities!$C$9:$F$1522,4,FALSE) -> Nebbi Municipality | G9: =B9 -> Nebbi | H9: Abindu Division
A10: 216 | B10: Oyam | C10: Oyam | D10: Abok | F10: =D10 -> Abok | G10: =B10 -> Oyam | H10: Abok
A11: 256 | B11: Kole | C11: Kole | D11: Aboke | F11: =D11 -> Aboke | G11: =B11 -> Kole | H11: Aboke
A12: 11 | B12: Apac | C12: Kwania | D12: Abongomola | F12: =D12 -> Abongomola | G12: =B12 -> Apac | H12: Abongomola
A13: 198 | B13: Koboko | C13: Koboko | D13: Abuku | F13: =D13 -> Abuku | G13: =B13 -> Koboko | H13: Abuku
A14: 217 | B14: Oyam | C14: Oyam | D14: Acaba | F14: =D14 -> Acaba | G14: =B14 -> Oyam | H14: Acaba
A15: 126 | B15: Pader | C15: Aruu | D15: Acholibur | F15: =D15 -> Acholibur | G15: =B15 -> Pader | H15: Acholibur
A16: 897 | B16: Amuria | C16: Kapelebyong | D16: Acowa | F16: =D16 -> Acowa | G16: =B16 -> Amuria | H16: Acowa
A17: 173 | B17: Dokolo | C17: Dokolo | D17: Adeknino | F17: =D17 -> Adeknino | G17: =B17 -> Dokolo | H17: Adeknino
A18: 79 | B18: Lira | C18: Erute | D18: Adekokwok | F18: =D18 -> Adekokwok | G18: =B18 -> Lira | H18: Adekokwok
A19: 227 | B19: Agago | C19: Agago | D19: Adilang | F19: =D19 -> Adilang | G19: =B19 -> Agago | H19: Adilang
A20: 1 | B20: Adjumani | C20: East Moyo | D20: Adjumani Town Council | F20: =D20 -> Adjumani Town Council | G20: =B20 -> Adjumani | H20: Adjumani Town Council
A21: 174 | B21: Dokolo | C21: Dokolo | D21: Adok | F21: =D21 -> Adok | G21: =B21 -> Dokolo | H21: Adok
... A26: 287 | B26: Otuke | C26: Otuke | D26: Adwari | F26: =D26 -> Adwari | G26: =B26 -> Otuke | H26: Adwari
A27: 88 | B27: Lira | C27: Lira Municipality | D27: Adyel Division | F27: =VLOOKUP(C27,[2]Municipalities!$C$9:$F$1522,4,FALSE) -> Lira Municipality | G27: =B27 -> Lira | H27: Adyel Division
A28: 228 | B28: Agago | C28: Agago | D28: Agago Town Council | F28: =D28 -> Agago Town Council | G28: =B28 -> Agago | H28: Agago Town Council
A29: 80 | B29: Lira | C29: Erute | D29: Agali | F29: =D29 -> Agali | G29: =B29 -> Lira | H29: Agali
A30: 157 | B30: Amolatar | C30: Kioga | D30: Agikdak | F30: =D30 -> Agikdak | G30: =B30 -> Amolatar | H30: Agikdak
A31: 263 | B31: Lamwo | C31: Lamwo | D31: Agoro | F31: =D31 -> Agoro | G31: =B31 -> Lamwo | H31: Agoro
A32: 802 | B32: Pallisa | C32: Agule | D32: Agule | F32: =D32 -> Agule | G32: =B32 -> Pallisa | H32: Agule
A33: 175 | B33: Dokolo | C33: Dokolo | D33: Agwata | F33: =D33 -> Agwata | G33: =B33 -> Dokolo | H33: Agwata
A34: 81 | B34: Lira | C34: Erute | D34: Agweng | F34: =D34 -> Agweng | G34: =B34 -> Lira | H34: Agweng
A35: 158 | B35: Amolatar | C35: Kioga | D35: Agwingiri | F35: =D35 -> Agwingiri | G35: =B35 -> Amolatar | H35: Agwingiri
A36: 40 | B36: Arua | C36: Terego | D36: Aii-Vu | F36: =D36 -> Aii-Vu | G36: =B36 -> Arua | H36: Aii-Vu
A37: 46 | B37: Arua | C37: Vurra | D37: Ajia | F37: =D37 -> Ajia | G37: =B37 -> Arua | H37: Ajia
A38: 257 | B38: Kole | C38: Kole | D38: Akalo | F38: =D38 -> Akalo | G38: =B38 -> Kole | H38: Akalo
A39: 887 | B39: Amuria | C39: Amuria | D39: Akeriau | F39: =D39 -> Akeriau | G39: =B39 -> Amuria | H39: Akeriau
... A70: 31 | B70: Arua | C70: Madi Okollo | D70: Anyiribu | F70: =D70 -> Anyiribu | G70: =B70 -> Arua | H70: Anyiribu
A71: 20 | B71: Apac | C71: Apac Municipality | D71: Apac | F71: =VLOOKUP(C71,[2]Municipalities!$C$9:$F$1522,4,FALSE) -> Apac Muicipality | G71: =B71 -> Apac | H71: Apac
A72: 21 | B72: Apac | C72: Apac Municipality | D72: Apac Town Council | F72: =VLOOKUP(C72,[2]Municipalities!$C$9:$F$1522,4,FALSE) -> Apac Muicipality | G72: =B72 -> Apac | H72: Apac Town Council
A73: 249 | B73: Alebtong | C73: Moroto | D73: Apala | F73: =D73 -> Apala | G73: =B73 -> Alebtong | H73: Apala
A74: 846 | B74: Kaberamaido | C74: Kalaki | D74: Apapai | F74: =D74 -> Apapai | G74: =B74 -> Kaberamaido | H74: Apapai
A75: 889 | B75: Amuria | C75: Amuria | D75: Apeduru | F75: =D75 -> Apeduru | G75: =B75 -> Amuria | H75: Apeduru
A76: 840 | B76: Kaberamaido | C76: Kaberamaido | D76: Aperkira | F76: =D76 -> Aperkira | G76: =B76 -> Kaberamaido | H76: Aperkira
A77: 138 | B77: Yumbe | C77: Aringa | D77: Apo | F77: =D77 -> Apo | G77: =B77 -> Yumbe | H77: Apo
A78: 804 | B78: Pallisa | C78: Agule | D78: Apopong | F78: =D78 -> Apopong | G78: =B78 -> Pallisa | H78: Apopong
A79: 161 | B79: Amolatar | C79: Kioga | D79: Aputi | F79: =D79 -> Aputi | G79: =B79 -> Amolatar | H79: Aputi
A80: 813 | B80: Soroti | C80: Soroti | D80: Arapai | F80: =D80 -> Arapai | G80: =B80 -> Soroti | H80: Arapai
A81: 3 | B81: Adjumani | C81: East Moyo | D81: Arinyapi | F81: =D81 -> Arinyapi | G81: =B81 -> Adjumani | H81: Arinyapi
A82: 47 | B82: Arua | C82: Vurra | D82: Arivu | F82: =D82 -> Arivu | G82: =B82 -> Arua | H82: Arivu
A83: 139 | B83: Yumbe | C83: Aringa | D83: Ariwa | F83: =D83 -> Ariwa | G83: =B83 -> Yumbe | H83: Ariwa
A84: 25 | B84: Arua | C84: Ayivu | D84: Aroi | F84: =D84 -> Aroi | G84: =B84 -> Arua | H84: Aroi
A85: 83 | B85: Lira | C85: Erute | D85: Aromo | F85: =D85 -> Aromo | G85: =B85 -> Lira | H85: Aromo
A86: 22 | B86: Arua | C86: Arua Municipality | D86: Arua Hill Division | F86: =VLOOKUP(C86,[2]Municipalities!$C$9:$F$1522,4,FALSE) -> Arua Municipality | G86: =B86 -> Arua | H86: Arua Hill Division
A87: 229 | B87: Agago | C87: Agago | D87: Arum | F87: =D87 -> Arum | G87: =B87 -> Agago | H87: Arum
A88: 162 | B88: Amolatar | C88: Kioga | D88: Arwotcek | F88: =D88 -> Arwotcek | G88: =B88 -> Amolatar | H88: Arwotcek
A89: 890 | B89: Amuria | C89: Amuria | D89: Asamuk | F89: =D89 -> Asamuk | G89: =B89 -> Amuria | H89: Asamuk
A90: 810 | B90: Soroti | C90: Soroti | D90: Asuret | F90: =D90 -> Asuret | G90: =B90 -> Soroti | H90: Asuret
A91: 128 | B91: Pader | C91: Aruu | D91: Atanga | F91: =D91 -> Atanga | G91: =B91 -> Pader | H91: Atanga
A92: 111 | B92: Nebbi | C92: Padyere | D92: Atego | F92: =D92 -> Atego | G92: =B92 -> Nebbi | H92: Atego
A93: 1073 | B93: Serere | C93: Serere | D93: Atiira | F93: =D93 -> Atiira | G93: =B93 -> Serere | H93: Atiira
A94: 170 | B94: Amuru | C94: Kilak | D94: Attiak | F94: =D94 -> Attiak | G94: =B94 -> Amuru | H94: Attiak
A95: 763 | B95: Kumi | C95: Kumi | D95: Atutur | F95: =D95 -> Atutur | G95: =B95 -> Kumi | H95: Atutur
A96: 296 | B96: Zombo | C96: Okoro | D96: Atyak | F96: =D96 -> Atyak | G96: =B96 -> Zombo | H96: Atyak
A97: 50 | B97: Gulu | C97: Aswa | D97: Awach | F97: =D97 -> Awach | G97: =B97 -> Gulu | H97: Awach
A98: 250 | B98: Alebtong | C98: Moroto | D98: Awei | F98: =D98 -> Awei | G98: =B98 -> Alebtong | H98: Awei
... A109: 1054 | B109: Namayingo | C109: Bukooli | D109: Banda | F109: =D109 -> Banda | G109: =B109 -> Namayingo | H109: Banda
A110: 54 | B110: Gulu | C110: Gulu Municipality | D110: Bar Dege Division | F110: =VLOOKUP(C110,[2]Municipalities!$C$9:$F$1522,4,FALSE) -> Gulu Municipality | G110: =B110 -> Gulu | H110: Bar Dege Division
A111: 84 | B111: Lira | C111: Erute | D111: Barr | F111: =D111 -> Barr | G111: =B111 -> Lira | H111: Barr
A112: 177 | B112: Dokolo | C112: Dokolo | D112: Batta | F112: =D112 -> Batta | G112: =B112 -> Dokolo | H112: Batta
A113: 523 | B113: Kayunga | C113: Bbaale | D113: Bbaale | F113: =D113 -> Bbaale | G113: =B113 -> Kayunga | H113: Bbaale
A114: 565 | B114: Mityana | C114: Busujju | D114: Bbanda | F114: =D114 -> Bbanda | G114: =B114 -> Mityana | H114: Bbanda
A115: 1034 | B115: Kween | C115: Kween | D115: Benet | F115: =D115 -> Benet | G115: =B115 -> Kween | H115: Benet
A116: 606 | B116: Bukomansimbi | C116: Bukomansimbi | D116: Bigasa | F116: =D116 -> Bigasa | G116: =B116 -> Bukomansimbi | H116: Bigasa
A117: 1297 | B117: Kamwenge | C117: Kibale | D117: Biguli | F117: =D117 -> Biguli | G117: =B117 -> Kamwenge | H117: Biguli
A118: 1304 | B118: Kamwenge | C118: Kibale | D118: Bihanga | F118: =D118&"-"&B118 -> Bihanga-Kamwenge | G118: =B118 -> Kamwenge | H118: Bihanga
A119: 1405 | B119: Buhweju | C119: Buhweju | D119: Bihanga | F119: =D119&"-"&B119 -> Bihanga-Buhweju | G119: =B119 -> Buhweju | H119: Bihanga
A120: 1254 | B120: Mbarara | C120: Mbarara Municipality | D120: Biharwe Division | F120: =VLOOKUP(C120,[2]Municipalities!$C$9:$F$1522,4,FALSE) -> Mbarara Municipality | G120: =B120 -> Mbarara | H120: Biharwe Division
A121: 1346 | B121: Buliisa | C121: Buliisa | D121: Biiso | F121: =D121 -> Biiso | G121: =B121 -> Buliisa | H121: Biiso
A122: 41 | B122: Arua | C122: Terego | D122: Bileafe | F122: =D122 -> Bileafe | G122: =B122 -> Arua | H122: Bileafe
A123: 1035 | B123: Kween | C123: Kween | D123: Binyiny | F123: =D123 -> Binyiny | G123: =B123 -> Kween | H123: Binyiny
A124: 1036 | B124: Kween | C124: Kween | D124: Binyiny Town Council | F124: =D124 -> Binyiny Town Council | G124: =B124 -> Kween | H124: Binyiny Town Council
A125: 1495 | B125: Kakumiro | C125: Bugangaizi | D125: Birembo | F125: =D125 -> Birembo | G125: =B125 -> Kakumiro | H125: Birembo
A126: 1375 | B126: Isingiro | C126: Isingiro | D126: Birere | F126: =D126 -> Birere | G126: =B126 -> Isingiro | H126: Birere
A127: 1363 | B127: Ibanda | C127: Ibanda Municipality | D127: Bisheshe Division | F127: =VLOOKUP(C127,[2]Municipalities!$C$9:$F$1522,4,FALSE) -> Ibanda Municipality | G127: =B127 -> Ibanda | H127: Bisheshe Division
A128: 1430 | B128: Mitooma | C128: Ruhinda | D128: Bitereko | F128: =D128 -> Bitereko | G128: =B128 -> Mitooma | H128: Bitereko
A129: 1125 | B129: Bushenyi | C129: Igara | D129: Bitooma | F129: =D129 -> Bitooma | G129: =B129 -> Bushenyi | H129: Bitooma
A130: 1406 | B130: Buhweju | C130: Buhweju | D130: Bitsya | F130: =D130 -> Bitsya | G130: =B130 -> Buhweju | H130: Bitsya
A131: 305 | B131: Omoro | C131: Omoro | D131: Bobi | F131: =D131 -> Bobi | G131: =B131 -> Omoro | H131: Bobi
A132: 434 | B132: Luwero | C132: Katikamu | D132: Bombo Town Council | F132: =D132 -> Bombo Town Council | G132: =B132 -> Luwero | H132: Bombo Town Council
A133: 1244 | B133: Mbarara | C133: Kashari | D133: Bubaare | F133: =D133&"-"&B133 -> Bubaare-Mbarara | G133: =B133 -> Mbarara | H133: Bubaare
A134: 1506 | B134: Rubanda | C134: Rubanda | D134: Bubaare | F134: =D134&"-"&B134 -> Bubaare-Rubanda | G134: =B134 -> Rubanda | H134: Bubaare
A135: 1112 | B135: Bundibugyo | C135: Bwamba | D135: Bubandi | F135: =D135 -> Bubandi | G135: =B135 -> Bundibugyo | H135: Bubandi
A136: 1208 | B136: Kibaale | C136: Buyanja | D136: Bubango | F136: =D136 -> Bubango | G136: =B136 -> Kibaale | H136: Bubango
A137: 321 | B137: Kalangala | C137: Kyamuswa | D137: Bubeke | F137: =D137 -> Bubeke | G137: =B137 -> Kalangala | H137: Bubeke
A138: 915 | B138: Bududa | C138: Manjiya | D138: Bubiita | F138: =D138 -> Bubiita | G138: =B138 -> Bududa | H138: Bubiita
A139: 1113 | B139: Bundibugyo | C139: Bwamba | D139: Bubukwanga | F139: =D139 -> Bubukwanga | G139: =B139 -> Bundibugyo | H139: Bubukwanga
A140: 1085 | B140: Namisindwa | C140: Namisindwa | D140: Bubutu | F140: =D140 -> Bubutu | G140: =B140 -> Namisindwa | H140: Bubutu
A141: 771 | B141: Mbale | C141: Bungokho | D141: Bubyangu | F141: =D141 -> Bubyangu | G141: =B141 -> Mbale | H141: Bubyangu
A142: 865 | B142: Sironko | C142: Budadiri | D142: Budadiri Town Council | F142: =D142 -> Budadiri Town Council | G142: =B142 -> Sironko | H142: Budadiri Town Council
A143: 902 | B143: Budaka | C143: Budaka | D143: Budaka | F143: =D143 -> Budaka | G143: =B143 -> Budaka | H143: Budaka
A144: 903 | B144: Budaka | C144: Budaka | D144: Budaka Town Council | F144: =D144 -> Budaka Town Council | G144: =B144 -> Budaka | H144: Budaka Town Council
...

Sheet 11.10.BUSABALA-ENTEBBE
B1: Consultancy services for Preparation of Expressway Development Master Plan (EDMP) for Uganda
B2: Roadside OD Interview Survey
B4: Date: | C4: 11.10.19 | E4: Road Name: | F4: BUSABALA ROAD | I4: Direction From: | L4: BUSABALA | N4: Interviewers: | O4: KYLO | V4: Supervisor: | W4: EMMA | Y4: Coded By: | Z4: AJOK EMILY | AA4: Chkd By: | AB4: Bakole Deo
I5: Direction To: | L5: ENTEBBE
B7: Time | C7: Veh_Reg_No. | D7: Veh_Type | E7: No. Occupants | F7: Origin_Address | I7: Origin_Establish | J7: Origin_Purpose | K7: Origin-Purpose Desc | L7: Destination_Address | O7: Destination_Establish | P7: Destination_Purpose | Q7: Destination_Purpose Desc | R7: Journey_Purpose | S7: Approx_Distance (Km) | T7: Approx_Journey Time (Hrs) | U7: Trip_Frequency | V7: GOODS VEHICLES ONLY | Y7: Would You Use Xpressways? | Z7: Pay How Much? (UGX) | AA7: Origin_Zone | AB7: Dest_Zone
F8: Village or Town | G8: District | H8: Country | L8: Village or Town | M8: District | N8: Country | V8: Goods_Type | W8: Goods_Quantity (Ton) | X8: Goods_Value (UGXm)
B9: 0.85277778 | C9: UBF 609Q | D9: 1 | E9: 1 | F9: TOWN CITY | G9: KAMPALA | H9: UG | I9: 2 | J9: 2 | K9: =VLOOKUP(J9,Key!$E$2:$F$9,2,FALSE) -> Work | L9: NAJANAKOBI | M9: KAMPALA | N9: UG | O9: 1 | P9: 1 | Q9: =VLOOKUP(P9,Key!$E$2:$F$9,2,FALSE) -> Home | R9: =K9&"-"&Q9 -> Work-Home | U9: 2 | Y9: Y
B10: 0.97222222 | C10: UAV 609X | D10: 1 | E10: 1 | F10: KIBIRI | G10: KAMPALA | H10: UG | I10: 2 | J10: 2 | K10: =VLOOKUP(J10,Key!$E$2:$F$9,2,FALSE) -> Work | L10: TOWN CITY | M10: KAMPALA | N10: UG | O10: 1 | P10: 1 | Q10: =VLOOKUP(P10,Key!$E$2:$F$9,2,FALSE) -> Home | R10: =K10&"-"&Q10 -> Work-Home | U10: 2 | Y10: Y | Z10: 1000
B11: 0.97569444 | C11: UBF 952P | D11: 1 | E11: 1 | F11: BUSABALA | G11: WAKISO | H11: UG | I11: 2 | J11: 2 | K11: =VLOOKUP(J11,Key!$E$2:$F$9,2,FALSE) -> Work | L11: NDEJJE | M11: KAMPALA | N11: UG | O11: 1 | P11: 1 | Q11: =VLOOKUP(P11,Key!$E$2:$F$9,2,FALSE) -> Home | R11: =K11&"-"&Q11 -> Work-Home | S11: 4 | T11: 1 | U11: 2 | Y11: Y
B12: 0.84722222 | C12: UBD 938L | D12: 1 | E12: 2 | F12: TOWN CITY | G12: KAMPALA | H12: UG | I12: 2 | J12: 2 | K12: =VLOOKUP(J12,Key!$E$2:$F$9,2,FALSE) -> Work | L12: KIBIRI | M12: KAMPALA | N12: UG | O12: 1 | P12: 1 | Q12: =VLOOKUP(P12,Key!$E$2:$F$9,2,FALSE) -> Home | R12: =K12&"-"&Q12 -> Work-Home | U12: 2 | Y12: Y | Z12: 1000
B13: 0.91319444 | C13: UDT 211K | D13: 11 | E13: 1 | F13: KIGO | G13: WAKISO | H13: UG | I13: 8 | J13: 8 | K13: =VLOOKUP(J13,Key!$E$2:$F$9,2,FALSE) -> Others | L13: KIBIRI | M13: KAMPALA | N13: UG | O13: 8 | P13: 2 | Q13: =VLOOKUP(P13,Key!$E$2:$F$9,2,FALSE) -> Work | R13: =K13&"-"&Q13 -> Others-Work | S13: 2 | T13: 0.41 | U13: 2 | Y13: Y | Z13: 300
B14: 0.90833333 | C14: UEP 791H | D14: 11 | E14: 1 | F14: BUSABALA | G14: WAKISO | H14: UG | I14: 8 | J14: 2 | K14: =VLOOKUP(J14,Key!$E$2:$F$9,2,FALSE) -> Work | L14: NDEJJE | M14: KAMPALA | N14: UG | O14: 8 | P14: 2 | Q14: =VLOOKUP(P14,Key!$E$2:$F$9,2,FALSE) -> Work | R14: =K14&"-"&Q14 -> Work-Work | U14: 2 | Y14: Y
B15: 0.91527778 | C15: UDX 127U | D15: 11 | E15: 2 | F15: TOWN CITY | G15: KAMPALA | H15: UG | I15: 8 | J15: 2 | K15: =VLOOKUP(J15,Key!$E$2:$F$9,2,FALSE) -> Work | L15: KIBIRI | M15: KAMPALA | N15: UG | O15: 8 | P15: 2 | Q15: =VLOOKUP(P15,Key!$E$2:$F$9,2,FALSE) -> Work | R15: =K15&"-"&Q15 -> Work-Work | U15: 2 | Y15: Y | Z15: 2000
B16: 0.375 | C16: UAU 679S | D16: 4 | E16: 2 | F16: BUSABALA | G16: WAKISO | H16: UG | I16: 6 | J16: 2 | K16: =VLOOKUP(J16,Key!$E$2:$F$9,2,FALSE) -> Work | L16: TOWN CITY | M16: KAMPALA | N16: UG | O16: 6 | P16: 2 | Q16: =VLOOKUP(P16,Key!$E$2:$F$9,2,FALSE) -> Work | R16: =K16&"-"&Q16 -> Work-Work | U16: 2 | Y16: Y | Z16: 500
B17: 0.89652778 | C17: UDL 240B | D17: 11 | E17: 2 | F17: BUSABALA | G17: WAKISO | H17: UG | I17: 8 | J17: 2 | K17: =VLOOKUP(J17,Key!$E$2:$F$9,2,FALSE) -> Work | L17: KIBIRI | M17: KAMPALA | N17: UG | O17: 1 | P17: 1 | Q17: =VLOOKUP(P17,Key!$E$2:$F$9,2,FALSE) -> Home | R17: =K17&"-"&Q17 -> Work-Home | S17: 2 | T17: 0.5 | U17: 2 | Y17: Y | Z17: 500
B18: 0.90972222 | C18: UAX 752U | D18: 1 | E18: 1 | F18: TOWN CITY | G18: KAMPALA | H18: UG | I18: 2 | J18: 2 | K18: =VLOOKUP(J18,Key!$E$2:$F$9,2,FALSE) -> Work | L18: KIBIRI | M18: KAMPALA | N18: UG | O18: 1 | P18: 1 | Q18: =VLOOKUP(P18,Key!$E$2:$F$9,2,FALSE) -> Home | R18: =K18&"-"&Q18 -> Work-Home | U18: 2 | Y18: Y | Z18: 500
B19: 21:45 | C19: UBE 594W | D19: 4 | E19: 8 | F19: BUSABALA | G19: WAKISO | H19: UG | I19: 6 | J19: 2 | K19: =VLOOKUP(J19,Key!$E$2:$F$9,2,FALSE) -> Work | L19: TOWN CITY | M19: KAMPALA | N19: UG | O19: 6 | P19: 2 | Q19: =VLOOKUP(P19,Key!$E$2:$F$9,2,FALSE) -> Work | R19: =K19&"-"&Q19 -> Work-Work | U19: 2 | Y19: Y | Z19: 500
B20: 0.92013889 | C20: UES 018U | D20: 11 | E20: 4 | F20: KIGO | G20: WAKISO | H20: UG | I20: 8 | J20: 2 | K20: =VLOOKUP(J20,Key!$E$2:$F$9,2,FALSE) -> Work | L20: KIBIRI | M20: KAMPALA | N20: UG | O20: 8 | P20: 2 | Q20: =VLOOKUP(P20,Key!$E$2:$F$9,2,FALSE) -> Work | R20: =K20&"-"&Q20 -> Work-Work | S20: 2 | T20: 0.5 | U20: 2 | Y20: Y | Z20: 100
B21: 0.91736111 | C21: UAR 033M | D21: 4 | E21: 2 | F21: BUSABALA | G21: WAKISO | H21: UG | I21: 6 | J21: 2 | K21: =VLOOKUP(J21,Key!$E$2:$F$9,2,FALSE) -> Work | L21: TOWN CITY | M21: KAMPALA | N21: UG | O21: 6 | P21: 2 | Q21: =VLOOKUP(P21,Key!$E$2:$F$9,2,FALSE) -> Work | R21: =K21&"-"&Q21 -> Work-Work | U21: 2 | Y21: Y | Z21: 500
B22: 0.92986111 | C22: UAN 128U | D22: 4 | E22: 4 | F22: BUSABALA | G22: WAKISO | H22: UG | I22: 6 | J22: 2 | K22: =VLOOKUP(J22,Key!$E$2:$F$9,2,FALSE) -> Work | L22: TOWN CITY | M22: KAMPALA | N22: UG | O22: 6 | P22: 2 | Q22: =VLOOKUP(P22,Key!$E$2:$F$9,2,FALSE) -> Work | R22: =K22&"-"&Q22 -> Work-Work | S22: 4 | T22: 1.5 | U22: 2 | Y22: Y | Z22: 500
B23: 0.92569444 | C23: UDU167M | D23: 11 | E23: 2 | F23: TOWN CITY | G23: KAMPALA | H23: UG | I23: 8 | J23: 2 | K23: =VLOOKUP(J23,Key!$E$2:$F$9,2,FALSE) -> Work | L23: KIBIRI | M23: KAMPALA | N23: UG | O23: 8 | P23: 1 | Q23: =VLOOKUP(P23,Key!$E$2:$F$9,2,FALSE) -> Home | R23: =K23&"-"&Q23 -> Work-Home | U23: 2 | Y23: Y
B24: 0.9375 | C24: UEX 713Z | D24: 11 | E24: 1 | F24: TOWN CITY | G24: KAMPALA | H24: UG | I24: 8 | J24: 2 | K24: =VLOOKUP(J24,Key!$E$2:$F$9,2,FALSE) -> Work | L24: KIBIRI | M24: KAMPALA | N24: UG | O24: 1 | P24: 1 | Q24: =VLOOKUP(P24,Key!$E$2:$F$9,2,FALSE) -> Home | R24: =K24&"-"&Q24 -> Work-Home | S24: 1 | T24: 0.4 | U24: 2 | Y24: Y | Z24: 500
B25: 0.95138889 | C25: UAJ 409F | D25: 4 | E25: 1 | F25: BUSEGA | G25: WAKISO | H25: UG | I25: 6 | J25: 2 | K25: =VLOOKUP(J25,Key!$E$2:$F$9,2,FALSE) -> Work | L25: KIBIRI | M25: KAMPALA | N25: UG | O25: 1 | P25: 1 | Q25: =VLOOKUP(P25,Key!$E$2:$F$9,2,FALSE) -> Home | R25: =K25&"-"&Q25 -> Work-Home | U25: 2 | Y25: Y | Z25: 500
B26: 0.98263889 | C26: UAW 940M | D26: 4 | E26: 12 | F26: SOLOMA | G26: KAMPALA | H26: UG | I26: 6 | J26: 2 | K26: =VLOOKUP(J26,Key!$E$2:$F$9,2,FALSE) -> Work | L26: BUSALABA | M26: WAKISO | N26: UG | O26: 6 | P26: 2 | Q26: =VLOOKUP(P26,Key!$E$2:$F$9,2,FALSE) -> Work | R26: =K26&"-"&Q26 -> Work-Work | S26: 2 | T26: 1 | U26: 2 | Y26: Y | Z26: 1000
B27: 0.71805556 | C27: UBB 152W | D27: 1 | E27: 4 | F27: BUSABALA | G27: WAKISO | H27: UG | I27: 1 | J27: 2 | K27: =VLOOKUP(J27,Key!$E$2:$F$9,2,FALSE) -> Work | L27: KIBIRI | M27: KAMPALA | N27: UG | O27: 1 | P27: 1 | Q27: =VLOOKUP(P27,Key!$E$2:$F$9,2,FALSE) -> Home | R27: =K27&"-"&Q27 -> Work-Home | S27: 1 | T27: 0.5 | U27: 2 | Y27: Y | Z27: 500
B28: 0.15625 | C28: UAT 809Q | D28: 1 | E28: 2 | F28: TOWN CITY | G28: KAMPALA | H28: UG | I28: 2 | J28: 1 | K28: =VLOOKUP(J28,Key!$E$2:$F$9,2,FALSE) -> Home | L28: NDEJJE | M28: KAMPALA | N28: UG | O28: 1 | P28: 1 | Q28: =VLOOKUP(P28,Key!$E$2:$F$9,2,FALSE) -> Home | R28: =K28&"-"&Q28 -> Home-Home | U28: 2 | Y28: Y | Z28: 200
B29: 0.24305556 | C29: UBD 747T | D29: 1 | E29: 2 | F29: BUSABALA | G29: WAKISO | H29: UG | I29: 1 | J29: 1 | K29: =VLOOKUP(J29,Key!$E$2:$F$9,2,FALSE) -> Home | L29: NAMASUBA | M29: KAMPALA | N29: UG | O29: 2 | P29: 2 | Q29: =VLOOKUP(P29,Key!$E$2:$F$9,2,FALSE) -> Work | R29: =K29&"-"&Q29 -> Home-Work | S29: 1 | T29: 0.5 | U29: 2 | Y29: Y
B30: 0.97916667 | C30: UAT 486V | D30: 1 | E30: 1 | F30: TOWN CITY | G30: KAMPALA | H30: UG | I30: 1 | J30: 1 | K30: =VLOOKUP(J30,Key!$E$2:$F$9,2,FALSE) -> Home | L30: ZANA | M30: WAKISO | N30: UG | O30: 2 | P30: 2 | Q30: =VLOOKUP(P30,Key!$E$2:$F$9,2,FALSE) -> Work | R30: =K30&"-"&Q30 -> Home-Work | U30: 2 | Y30: Y | Z30: 1000
B31: 0.84722222 | C31: UAU 718Y | D31: 1 | E31: 2 | F31: BUSABALA | G31: WAKISO | H31: UG | I31: 2 | J31: 2 | K31: =VLOOKUP(J31,Key!$E$2:$F$9,2,FALSE) -> Work | L31: KIBIRI | M31: KAMPALA | N31: UG | O31: 1 | P31: 1 | Q31: =VLOOKUP(P31,Key!$E$2:$F$9,2,FALSE) -> Home | R31: =K31&"-"&Q31 -> Work-Home | S31: 2 | T31: 0.5 | U31: 2 | Y31: Y
B32: 0.96875 | C32: UBA 504Q | D32: 1 | E32: 1 | F32: NDEJJE | G32: WAKISO | H32: UG | I32: 2 | J32: 2 | K32: =VLOOKUP(J32,Key!$E$2:$F$9,2,FALSE) -> Work | L32: TOWN CITY | M32: KAMPALA | N32: UG | O32: 1 | P32: 1 | Q32: =VLOOKUP(P32,Key!$E$2:$F$9,2,FALSE) -> Home | R32: =K32&"-"&Q32 -> Work-Home | U32: 2 | Y32: Y | Z32: 1000
B33: 0.85763889 | C33: UAA 487F | D33: 3 | E33: 2 | F33: TOWN CITY | G33: KAMPALA | H33: UG | I33: 2 | J33: 2 | K33: =VLOOKUP(J33,Key!$E$2:$F$9,2,FALSE) -> Work | L33: SALOMA | M33: KAMPALA | N33: UG | O33: 1 | P33: 1 | Q33: Home | R33: Work-Home | S33: 4 | T33: 1.5 | U33: 2 | Y33: Y | Z33: 1000
B34: 0.80555556 | C34: UEF 219E | D34: 11 | E34: 1 | F34: MIREMBE | G34: WAKISO | H34: UG | I34: 16 | J34: 8 | K34: =VLOOKUP(J34,Key!$E$2:$F$9,2,FALSE) -> Others | L34: KIBIRI | M34: WAKISO | N34: UG | O34: 16 | P34: 8 | Q34: =VLOOKUP(P34,Key!$E$2:$F$9,2,FALSE) -> Others | R34: =K34&"-"&Q34 -> Others-Others | S34: 2 | T34: 0.2 | U34: 2 | Y34: Y | Z34: 1000
B35: 0.95069444 | C35: UEA 503J | D35: 11 | E35: 1 | F35: BUSABALA | G35: WAKISO | H35: UG | I35: 8 | J35: 2 | K35: =VLOOKUP(J35,Key!$E$2:$F$9,2,FALSE) -> Work | L35: MASAJJA | M35: WAKISO | N35: UG | O35: 1 | P35: 1 | Q35: =VLOOKUP(P35,Key!$E$2:$F$9,2,FALSE) -> Home | R35: =K35&"-"&Q35 -> Work-Home | T35: 0.5 | U35: 1 | Y35: Y | Z35: 1000
B36: 0.23125 | C36: UAS 232Z | D36: 1 | E36: 1 | F36: STATION | G36: WAKISO | H36: UG | I36: 16 | J36: 8 | K36: =VLOOKUP(J36,Key!$E$2:$F$9,2,FALSE) -> Others | L36: STELLA | M36: WAKISO | N36: UG | O36: 1 | P36: 8 | Q36: =VLOOKUP(P36,Key!$E$2:$F$9,2,FALSE) -> Others | R36: =K36&"-"&Q36 -> Others-Others | T36: 0.5 | U36: 2 | Y36: Y | Z36: 1000
B37: 0.22569444 | C37: UBD 182M | D37: 1 | E37: 1 | F37: MUNYONYO | G37: WAKISO | H37: UG | I37: 16 | J37: 8 | K37: =VLOOKUP(J37,Key!$E$2:$F$9,2,FALSE) -> Others | L37: KIBULI | M37: KAMPALA | N37: UG | O37: 16 | P37: 8 | Q37: =VLOOKUP(P37,Key!$E$2:$F$9,2,FALSE) -> Others | R37: =K37&"-"&Q37 -> Others-Others | S37: 10 | T37: 0.5 | U37: 6 | Y37: Y | Z37: 1000
B38: 0.5 | C38: UEV 536D | D38: 11 | E38: 2 | F38: BUSABALA | G38: WAKISO | H38: UG | I38: 16 | J38: 8 | K38: =VLOOKUP(J38,Key!$E$2:$F$9,2,FALSE) -> Others | L38: MASAJJA | M38: WAKISO | N38: UG | O38: 16 | P38: 1 | Q38: =VLOOKUP(P38,Key!$E$2:$F$9,2,FALSE) -> Home | R38: =K38&"-"&Q38 -> Others-Home | T38: 0.2 | U38: 2 | Y38: Y | Z38: 1000
B39: 0.010416667 | C39: UAV 583Y | D39: 1 | E39: 2 | F39: BUSABALA | G39: WAKISO | H39: UG | I39: 16 | J39: 8 | K39: =VLOOKUP(J39,Key!$E$2:$F$9,2,FALSE) -> Others | L39: STELLA | M39: WAKISO | N39: UG | O39: 1 | P39: 1 | Q39: =VLOOKUP(P39,Key!$E$2:$F$9,2,FALSE) -> Home | R39: =K39&"-"&Q39 -> Others-Home | T39: 0.5 | U39: 2 | Y39: Y | Z39: 1000
B40: 0.22916667 | C40: UAV 055D | D40: 1 | E40: 1 | F40: BUSABALA | G40: WAKISO | H40: UG | I40: 16 | J40: 8 | K40: =VLOOKUP(J40,Key!$E$2:$F$9,2,FALSE) -> Others | L40: NAJJANANKUMBI | M40: WAKISO | N40: UG | O40: 16 | P40: 8 | Q40: =VLOOKUP(P40,Key!$E$2:$F$9,2,FALSE) -> Others | R40: =K40&"-"&Q40 -> Others-Others | U40: 6 | Y40: Y | Z40: 1000
B41: 0.98541667 | C41: UAK 017J | D41: 4 | E41: 2 | F41: MIVALO | G41: WAKISO | H41: UG | I41: 16 | J41: 8 | K41: =VLOOKUP(J41,Key!$E$2:$F$9,2,FALSE) -> Others | L41: STELLA | M41: WAKISO | N41: UG | O41: 16 | P41: 8 | Q41: =VLOOKUP(P41,Key!$E$2:$F$9,2,FALSE) -> Others | R41: =K41&"-"&Q41 -> Others-Others | T41: 0.3 | U41: 2 | Y41: Y | Z41: 1000
B42: 0.25 | C42: UAS 775J | D42: 4 | E42: 4 | F42: KIBIRI | G42: WAKISO | H42: UG | I42: 6 | J42: 2 | K42: =VLOOKUP(J42,Key!$E$2:$F$9,2,FALSE) -> Work | L42: TOWN CITY | M42: KAMPALA | N42: UG | O42: 6 | P42: 2 | Q42: =VLOOKUP(P42,Key!$E$2:$F$9,2,FALSE) -> Work | R42: =K42&"-"&Q42 -> Work-Work | S42: 15 | T42: 0.5 | U42: 2 | Y42: Y | Z42: 1000
B43: 0.23680556 | C43: UAY 489S | D43: 4 | E43: 1 | F43: BUSABALA | G43: WAKISO | H43: UG | I43: 6 | J43: 2 | K43: =VLOOKUP(J43,Key!$E$2:$F$9,2,FALSE) -> Work | L43: NAMASUBA | M43: WAKISO | N43: UG | O43: 6 | P43: 2 | Q43: =VLOOKUP(P43,Key!$E$2:$F$9,2,FALSE) -> Work | R43: =K43&"-"&Q43 -> Work-Work | S43: 8 | T43: 0.3 | U43: 2 | Y43: Y | Z43: 1000
B44: 0.21875 | C44: UAW 260G | D44: 2 | E44: 2 | F44: BUNGA | G44: KAMPALA | H44: UG | I44: 16 | J44: 8 | K44: =VLOOKUP(J44,Key!$E$2:$F$9,2,FALSE) -> Others | L44: MASAJJA | M44: WAKISO | N44: UG | O44: 16 | P44: 8 | Q44: =VLOOKUP(P44,Key!$E$2:$F$9,2,FALSE) -> Others | R44: =K44&"-"&Q44 -> Others-Others | S44: 7 | T44: 0.5 | U44: 6 | Y44: Y | Z44: 1000
B45: 0.22222222 | C45: UBA 880S | D45: 4 | E45: 3 | F45: BUSABALA | G45: WAKISO | H45: UG | I45: 6 | J45: 2 | K45: =VLOOKUP(J45,Key!$E$2:$F$9,2,FALSE) -> Work | L45: TOWN CITY | M45: KAMPALA | N45: UG | O45: 6 | P45: 2 | Q45: =VLOOKUP(P45,Key!$E$2:$F$9,2,FALSE) -> Work | R45: =K45&"-"&Q45 -> Work-Work | T45: 0.5 | U45: 2 | Y45: Y | Z45: 2000
B46: 0.99097222 | C46: UBB 168F | D46: 1 | E46: 2 | F46: BUSABALA | G46: WAKISO | H46: UG | I46: 16 | J46: 8 | K46: =VLOOKUP(J46,Key!$E$2:$F$9,2,FALSE) -> Others | L46: NAJJANANKUMBI | M46: WAKISO | N46: UG | O46: 16 | P46: 8 | Q46: =VLOOKUP(P46,Key!$E$2:$F$9,2,FALSE) -> Others | R46: =K46&"-"&Q46 -> Others-Others | U46: 6 | Y46: Y | Z46: 2000
B47: 0.99722222 | C47: UDZ 143D | D47: 11 | E47: 1 | F47: MIREMBE | G47: WAKISO | H47: UG | I47: 16 | J47: 8 | K47: =VLOOKUP(J47,Key!$E$2:$F$9,2,FALSE) -> Others | L47: NDIKUTAMADDA | M47: WAKISO | N47: UG | O47: 16 | P47: 8 | Q47: =VLOOKUP(P47,Key!$E$2:$F$9,2,FALSE) -> Others | R47: =K47&"-"&Q47 -> Others-Others | S47: 8.04 | T47: 0.3 | U47: 3 | Y47: Y
B48: 0.92708333 | C48: UDQ 104E | D48: 11 | E48: 1 | F48: MUNYONYO | G48: WAKISO | H48: UG | I48: 16 | J48: 8 | K48: =VLOOKUP(J48,Key!$E$2:$F$9,2,FALSE) -> Others | L48: KIBIRI | M48: WAKISO | N48: UG | O48: 16 | P48: 8 | Q48: =VLOOKUP(P48,Key!$E$2:$F$9,2,FALSE) -> Others | R48: =K48&"-"&Q48 -> Others-Others | S48: 4 | T48: 0.1 | U48: 5 | Y48: Y | Z48: 2500
B49: 0.92013889 | C49: YDV 214Q | D49: 11 | E49: 1 | F49: BUSABALA | G49: WAKISO | H49: UG | I49: 16 | J49: 8 | K49: =VLOOKUP(J49,Key!$E$2:$F$9,2,FALSE) -> Others | L49: KIBIRI | M49: WAKISO | N49: UG | O49: 1 | P49: 1 | Q49: =VLOOKUP(P49,Key!$E$2:$F$9,2,FALSE) -> Home | R49: =K49&"-"&Q49 -> Others-Home | S49: 4 | T49: 0 | U49: 4 | Y49: Y | Z49: 1000
B50: 0.93333333 | C50: UAD 010H | D50: 4 | E50: 7 | F50: BUSABALA | G50: WAKISO | H50: UG | I50: 6 | J50: 2 | K50: =VLOOKUP(J50,Key!$E$2:$F$9,2,FALSE) -> Work | L50: TOWN CITY | M50: KAMPALA | N50: UG | O50: 6 | P50: 2 | Q50: =VLOOKUP(P50,Key!$E$2:$F$9,2,FALSE) -> Work | R50: =K50&"-"&Q50 -> Work-Work | U50: 6 | Y50: Y | Z50: 2000
B51: 0.91666667 | C51: UAS 539D | D51: 11 | E51: 1 | F51: GGABA | G51: WAKISO | H51: UG | I51: 6 | J51: 2 | K51: =VLOOKUP(J51,Key!$E$2:$F$9,2,FALSE) -> Work | L51: BUSALABA | M51: WAKISO | N51: UG | O51: 16 | P51: 8 | Q51: =VLOOKUP(P51,Key!$E$2:$F$9,2,FALSE) -> Others | R51: =K51&"-"&Q51 -> Work-Others | T51: 0.3 | U51: 2 | Y51: Y | Z51: 2000
B52: 0.93680556 | C52: UAY 245K | D52: 1 | E52: 2 | F52: BUSABALA | G52: WAKISO | H52: UG | I52: 2 | J52: 2 | K52: =VLOOKUP(J52,Key!$E$2:$F$9,2,FALSE) -> Work | L52: MASAJJA | M52: WAKISO | N52: UG | O52: 1 | P52: 1 | Q52: =VLOOKUP(P52,Key!$E$2:$F$9,2,FALSE) -> Home | R52: =K52&"-"&Q52 -> Work-Home | T52: 0.3 | U52: 2 | Y52: Y | Z52: 1000
B53: 0.91041667 | C53: UAE 490U | D53: 4 | E53: 2 | F53: BUSABALA | G53: WAKISO | H53: UG | I53: 6 | J53: 2 | K53: =VLOOKUP(J53,Key!$E$2:$F$9,2,FALSE) -> Work | L53: TOWN CITY | M53: KAMPALA | N53: UG | O53: 6 | P53: 2 | Q53: =VLOOKUP(P53,Key!$E$2:$F$9,2,FALSE) -> Work | R53: =K53&"-"&Q53 -> Work-Work | S53: 11.26 | T53: 0.8 | U53: 2 | Y53: Y | Z53: 1000
B54: 0.94097222 | C54: UAT 642C | D54: 4 | E54: 8 | F54: BUSABALA | G54: WAKISO | H54: UG | I54: 6 | J54: 2 | K54: =VLOOKUP(J54,Key!$E$2:$F$9,2,FALSE) -> Work | L54: OLD PARK | M54: KAMPALA | N54: UG | O54: 6 | P54: 2 | Q54: =VLOOKUP(P54,Key!$E$2:$F$9,2,FALSE) -> Work | R54: =K54&"-"&Q54 -> Work-Work | T54: 0.5 | U54: 2 | Y54: Y | Z54: 1000
B55: 0.90833333 | C55: UEQ 053F | D55: 11 | E55: 1 | F55: TOWN CITY | G55: KAMPALA | H55: UG | I55: 16 | J55: 8 | K55: =VLOOKUP(J55,Key!$E$2:$F$9,2,FALSE) -> Others | L55: BITALA | M55: WAKISO | N55: UG | O55: 16 | P55: 8 | Q55: =VLOOKUP(P55,Key!$E$2:$F$9,2,FALSE) -> Others | R55: =K55&"-"&Q55 -> Others-Others | S55: 4 | T55: 0.4 | U55: 1 | Y55: Y | Z55: 1000
B56: 0.94444444 | C56: UEJ 057U | D56: 11 | E56: 1 | F56: BUSABALA | G56: WAKISO | H56: UG | I56: 8 | J56: 2 | K56: =VLOOKUP(J56,Key!$E$2:$F$9,2,FALSE) -> Work | L56: GANGU | M56: WAKISO | N56: UG | O56: 1 | P56: 1 | Q56: =VLOOKUP(P56,Key!$E$2:$F$9,2,FALSE) -> Home | R56: =K56&"-"&Q56 -> Work-Home | T56: 0.1 | U56: 2 | Y56: Y | Z56: 1000
B57: 0.89583333 | C57: UAY 811E | D57: 2 | E57: 2 | F57: BUSABALA | G57: WAKISO | H57: UG | I57: 16 | J57: 8 | K57: =VLOOKUP(J57,Key!$E$2:$F$9,2,FALSE) -> Others | L57: TOWN CITY | M57: KAMPALA | N57: UG | O57: 1 | P57: 1 | Q57: =VLOOKUP(P57,Key!$E$2:$F$9,2,FALSE) -> Home | R57: =K57&"-"&Q57 -> Others-Home | T57: 0.8 | U57: 5 | Y57: Y | Z57: 1000
B58: 0.26388889 | C58: UAR 264W | D58: 4 | E58: 4 | F58: TOWN CITY | G58: KAMPALA | H58: UG | I58: 6 | J58: 2 | K58: =VLOOKUP(J58,Key!$E$2:$F$9,2,FALSE) -> Work | L58: KIBUYE | M58: KAMPALA | N58: UG | O58: 6 | P58: 2 | Q58: =VLOOKUP(P58,Key!$E$2:$F$9,2,FALSE) -> Work | R58: =K58&"-"&Q58 -> Work-Work | S58: 10 | T58: 0.5 | U58: 2 | Y58: Y | Z58: 2000
B59: 0.27083333 | C59: UAV 279S | D59: 4 | E59: 8 | F59: TAXI PARK | G59: KAMPALA | H59: UG | I59: 6 | J59: 2 | K59: =VLOOKUP(J59,Key!$E$2:$F$9,2,FALSE) -> Work | L59: NAMASUBA | M59: WAKISO | N59: UG | O59: 6 | P59: 2 | Q59: =VLOOKUP(P59,Key!$E$2:$F$9,2,FALSE) -> Work | R59: =K59&"-"&Q59 -> Work-Work | S59: 10 | T59: 0.5 | U59: 2 | Y59: Y | Z59: 1000

Sheet RSI FORM
B1: Feasibility Study and Detailed Design of Kampala - Jinja Highway
B2: Roadside OD Interview Survey
B4: Date: | C4: 40465 | D4: Interviewer: | G4: Survey Station: | H4: Bweyogerere | J4: Direction: | K4: Bweyogerere-Kireka | L4: Coded By: | N4: Chkd By:
B7: Time Period | C7: Veh_Type | D7: Veh_Other | E7: Occupancy | F7: Origin_Address | H7: Origin_Purpose | I7: Origin_other | J7: Destination_Address | L7: Destination_Purpose | M7: Destination_Other | N7: Origin_Zone | O7: Dest_Zone | P7: WTP
F8: Village/Town | G8: City/Country | J8: Village/Town | K8: City/Country
B9: AM | C9: 3 | E9: 2 | F9: Entebbe | G9: Kla, Ug | H9: 1 | J9: Kla | K9: Kla, Ug | L9: 2 | N9: Blank | O9: Blank | P9: Yes | Q9: 3000
B10: AM | C10: 1 | E10: 1 | F10: Kiwanga | G10: Kla, Ug | H10: 1 | J10: Kla | K10: Kla, Ug | L10: 2 | N10: Blank | O10: Blank | P10: Yes | Q10: 2000
B11: AM | E11: 1 | F11: Bukoto | G11: Kla, Ug | H11: 3 | J11: Kla | K11: Kla, Ug | L11: 1 | N11: Blank | O11: Blank
B12: AM
B13: AM
B14: AM
B15: AM
B16: AM
B17: AM
B18: AM
B19: AM
B20: AM
B21: AM
B22: AM
B23: AM
... B53: AM

Sheet 11.10.ENTEBBE-BUSABALA
B1: Consultancy services for Preparation of Expressway Development Master Plan (EDMP) for Uganda
B2: Roadside OD Interview Survey
B4: Date: | C4: 11.09.19 | E4: Road Name: | F4: ='11.10.BUSABALA-ENTEBBE'!F4:G4 -> BUSABALA ROAD | I4: Direction From: | L4: ENTEBBE | N4: Interviewers: | O4: DRAKE | V4: Supervisor: | W4: ='11.10.BUSABALA-ENTEBBE'!W4 -> EMMA | Y4: Coded By: | Z4: ='11.10.BUSABALA-ENTEBBE'!Z4 -> AJOK EMILY | AA4: Chkd By: | AB4: ='11.10.BUSABALA-ENTEBBE'!AB4 -> Bakole Deo
I5: Direction To: | L5: BUSABALA
B7: Time | C7: Veh_Reg_No. | D7: Veh_Type | E7: No. Occupants | F7: Origin_Address | I7: Origin_Establish | J7: Origin_Purpose | K7: Origin-Purpose Desc | L7: Destination_Address | O7: Destination_Establish | P7: Destination_Purpose | Q7: Destination_Purpose Desc | R7: Journey_Purpose | S7: Approx_Distance (Km) | T7: Approx_Journey Time (Hrs) | U7: Trip_Frequency | V7: GOODS VEHICLES ONLY | Y7: Would You Use Xpressways? | Z7: Pay How Much? (UGX) | AA7: Origin_Zone | AB7: Dest_Zone
F8: Village or Town | G8: District | H8: Country | L8: Village or Town | M8: District | N8: Country | V8: Goods_Type | W8: Goods_Quantity (Ton) | X8: Goods_Value (UGXm)
B9: 0.1875 | C9: UAP 896F | D9: 4 | E9: 14 | F9: KIBUYE | G9: KAMPALA | H9: UG | I9: 6 | J9: 2 | K9: =VLOOKUP(J9,Key!$E$2:$F$9,2,FALSE) -> Work | L9: MWALO | M9: KAMPALA | N9: UG | O9: 6 | P9: 2 | Q9: =VLOOKUP(P9,Key!$E$2:$F$9,2,FALSE) -> Work | R9: =K9&"-"&Q9 -> Work-Work | T9: 1 | U9: 1 | Y9: Y | Z9: 1000
B10: 0.20833333 | C10: UAZ 713H | D10: 4 | E10: 6 | F10: NEW PARK | G10: KAMPALA | H10: UG | I10: 6 | J10: 2 | K10: =VLOOKUP(J10,Key!$E$2:$F$9,2,FALSE) -> Work | L10: BUSABALA | M10: WAKISO | N10: UG | O10: 6 | P10: 2 | Q10: =VLOOKUP(P10,Key!$E$2:$F$9,2,FALSE) -> Work | R10: =K10&"-"&Q10 -> Work-Work | S10: 13 | T10: 0.8 | U10: 1 | Y10: Y | Z10: 1500
B11: 0.083333333 | C11: UAE 495U | D11: 4 | E11: 10 | F11: MUWUSA | G11: KAMPALA | H11: UG | I11: 6 | J11: 2 | K11: =VLOOKUP(J11,Key!$E$2:$F$9,2,FALSE) -> Work | L11: BUSABALA | M11: WAKISO | N11: UG | O11: 6 | P11: 2 | Q11: =VLOOKUP(P11,Key!$E$2:$F$9,2,FALSE) -> Work | R11: =K11&"-"&Q11 -> Work-Work | T11: 1 | U11: 1 | Y11: Y | Z11: 500
B12: 0.59930556 | C12: UDX 264J | D12: 11 | E12: 1 | F12: MASAJJA | G12: WAKISO | H12: UG | I12: 8 | J12: 2 | K12: =VLOOKUP(J12,Key!$E$2:$F$9,2,FALSE) -> Work | L12: KIRIDA | M12: WAKISO | N12: UG | O12: 8 | P12: 2 | Q12: =VLOOKUP(P12,Key!$E$2:$F$9,2,FALSE) -> Work | R12: =K12&"-"&Q12 -> Work-Work | S12: 8.04 | T12: 1 | U12: 1 | Y12: Y | Z12: 500
B13: 0.60902778 | C13: UAY 473Y | D13: 4 | E13: 10 | F13: KIBUYE | G13: KAMPALA | H13: UG | I13: 6 | J13: 2 | K13: Work | L13: BUSABALA | M13: WAKISO | N13: UG | O13: 6 | P13: 2 | Q13: =VLOOKUP(P13,Key!$E$2:$F$9,2,FALSE) -> Work | R13: =K13&"-"&Q13 -> Work-Work | T13: 0.5 | U13: 1 | Y13: Y | Z13: 500
B14: 0.12013889 | C14: UBD 434L | D14: 1 | E14: 2 | F14: MASAJJA | G14: WAKISO | H14: UG | I14: 16 | J14: 2 | K14: =VLOOKUP(J14,Key!$E$2:$F$9,2,FALSE) -> Work | L14: MUNYONYO | M14: KAMPALA | N14: UG | O14: 1 | P14: 1 | Q14: =VLOOKUP(P14,Key!$E$2:$F$9,2,FALSE) -> Home | R14: =K14&"-"&Q14 -> Work-Home | T14: 0.2 | U14: 3 | Y14: Y | Z14: 1000
B15: 0.59027778 | C15: UDU 313N | D15: 11 | E15: 1 | F15: GANGU | G15: WAKISO | H15: UG | I15: 8 | J15: 1 | K15: =VLOOKUP(J15,Key!$E$2:$F$9,2,FALSE) -> Home | L15: BUSABALA | M15: WAKISO | N15: UG | O15: 8 | P15: 1 | Q15: =VLOOKUP(P15,Key!$E$2:$F$9,2,FALSE) -> Home | R15: =K15&"-"&Q15 -> Home-Home | S15: 1 | T15: 0.2 | U15: 6 | Y15: Y | Z15: 3000
B16: 0.8875 | C16: UAR 033M | D16: 4 | E16: 7 | F16: KATWE | G16: KAMPALA | H16: UG | I16: 6 | J16: 2 | K16: =VLOOKUP(J16,Key!$E$2:$F$9,2,FALSE) -> Work | L16: STATION CENTRE | M16: WAKISO | N16: UG | O16: 6 | P16: 2 | Q16: =VLOOKUP(P16,Key!$E$2:$F$9,2,FALSE) -> Work | R16: =K16&"-"&Q16 -> Work-Work | T16: 0.8 | U16: 1 | Y16: Y | Z16: 400
B17: 0.89722222 | C17: UAW 453D | D17: 4 | E17: 11 | F17: KIBUYE | G17: KAMPALA | H17: UG | I17: 6 | J17: 2 | K17: =VLOOKUP(J17,Key!$E$2:$F$9,2,FALSE) -> Work | L17: MWALO | M17: WAKISO | N17: UG | O17: 6 | P17: 2 | Q17: =VLOOKUP(P17,Key!$E$2:$F$9,2,FALSE) -> Work | R17: =K17&"-"&Q17 -> Work-Work | T17: 1 | U17: 2 | Y17: Y | Z17: 500
B18: 0.90277778 | C18: UBB 159Y | D18: 1 | E18: 1 | F18: NDEJJE | G18: WAKISO | H18: UG | I18: 4 | J18: 3 | K18: =VLOOKUP(J18,Key!$E$2:$F$9,2,FALSE) -> Study | L18: MUNYONYO | M18: KAMPALA | N18: UG | O18: 1 | P18: 1 | Q18: =VLOOKUP(P18,Key!$E$2:$F$9,2,FALSE) -> Home | R18: =K18&"-"&Q18 -> Study-Home | T18: 0.25 | U18: 2 | Y18: Y
B19: 0.91111111 | C19: UAX 017J | D19: 1 | E19: 2 | F19: KISENYI | G19: KAMPALA | H19: UG | I19: 6 | J19: 2 | K19: =VLOOKUP(J19,Key!$E$2:$F$9,2,FALSE) -> Work | L19: MUNYONYO | M19: KAMPALA | N19: UG | O19: 1 | P19: 1 | Q19: =VLOOKUP(P19,Key!$E$2:$F$9,2,FALSE) -> Home | R19: =K19&"-"&Q19 -> Work-Home | S19: 7 | T19: 1.5 | U19: 4 | Y19: Y | Z19: 500
B20: 0.91666667 | C20: UAU 705A | D20: 4 | E20: 3 | F20: MATEGURA | G20: WAKISO | H20: UG | I20: 6 | J20: 2 | K20: =VLOOKUP(J20,Key!$E$2:$F$9,2,FALSE) -> Work | L20: KUMWALO | M20: WAKISO | N20: UG | O20: 6 | P20: 2 | Q20: =VLOOKUP(P20,Key!$E$2:$F$9,2,FALSE) -> Work | R20: =K20&"-"&Q20 -> Work-Work | S20: 5 | T20: 1 | U20: 2 | Y20: Y | Z20: 500
B21: 0.925 | C21: UAT 800T | D21: 4 | E21: 2 | F21: OLD PARK | G21: KAMPALA | H21: UG | I21: 6 | J21: 2 | K21: =VLOOKUP(J21,Key!$E$2:$F$9,2,FALSE) -> Work | L21: BUSABALA | M21: WAKISO | N21: UG | O21: 6 | P21: 2 | Q21: =VLOOKUP(P21,Key!$E$2:$F$9,2,FALSE) -> Work | R21: =K21&"-"&Q21 -> Work-Work | S21: 10 | T21: 1.5 | U21: 1 | Y21: Y | Z21: 1000
B22: 0.93055556 | C22: UDJ 488K | D22: 11 | E22: 2 | F22: KAYEMBE | G22: WAKISO | H22: UG | I22: 8 | J22: 2 | K22: =VLOOKUP(J22,Key!$E$2:$F$9,2,FALSE) -> Work | L22: STATION CENTRE | M22: WAKISO | N22: UG | O22: 8 | P22: 2 | Q22: =VLOOKUP(P22,Key!$E$2:$F$9,2,FALSE) -> Work | R22: =K22&"-"&Q22 -> Work-Work | S22: 4 | T22: 0.4 | U22: 3 | Y22: Y
B23: 0.94097222 | C23: UET 485P | D23: 11 | E23: 2 | F23: KAYEMBE | G23: WAKISO | H23: UG | I23: 8 | J23: 2 | K23: =VLOOKUP(J23,Key!$E$2:$F$9,2,FALSE) -> Work | L23: STATION CENTRE | M23: WAKISO | N23: UG | O23: 8 | P23: 2 | Q23: =VLOOKUP(P23,Key!$E$2:$F$9,2,FALSE) -> Work | R23: =K23&"-"&Q23 -> Work-Work | T23: 0.6 | U23: 1 | Y23: Y
B24: 0.94583333 | C24: UBE 417T | D24: 1 | E24: 2 | F24: MASAJJA | G24: WAKISO | H24: UG | I24: 1 | J24: 1 | K24: =VLOOKUP(J24,Key!$E$2:$F$9,2,FALSE) -> Home | L24: MUNYONYO | M24: KAMPALA | N24: UG | O24: 16 | P24: 6 | Q24: =VLOOKUP(P24,Key!$E$2:$F$9,2,FALSE) -> Leisure/Social | R24: =K24&"-"&Q24 -> Home-Leisure/Social | T24: 0.3 | U24: 3 | Y24: Y | Z24: 1000
B25: 0.99305556 | C25: UAX 046B | D25: 1 | E25: 1 | F25: NDEJJE | G25: WAKISO | H25: UG | I25: 16 | J25: 8 | K25: =VLOOKUP(J25,Key!$E$2:$F$9,2,FALSE) -> Others | L25: MUNYONYO | M25: KAMPALA | N25: UG | O25: 1 | P25: 1 | Q25: =VLOOKUP(P25,Key!$E$2:$F$9,2,FALSE) -> Home | R25: =K25&"-"&Q25 -> Others-Home | T25: 0.4 | U25: 4 | Y25: Y | Z25: 3000
B26: 0.9875 | C26: UAN 230F | D26: 1 | E26: 1 | F26: MAKINDYE | G26: KAMPALA | H26: UG | I26: 2 | J26: 2 | K26: =VLOOKUP(J26,Key!$E$2:$F$9,2,FALSE) -> Work | L26: MUNYONYO | M26: KAMPALA | N26: UG | O26: 1 | P26: 1 | Q26: =VLOOKUP(P26,Key!$E$2:$F$9,2,FALSE) -> Home | R26: =K26&"-"&Q26 -> Work-Home | T26: 0.8 | U26: 2 | Y26: Y | Z26: 2000
B27: 0.5 | C27: UBB 212P | D27: 1 | E27: 1 | F27: MENGO | G27: KAMPALA | H27: UG | I27: 5 | J27: 7 | K27: =VLOOKUP(J27,Key!$E$2:$F$9,2,FALSE) -> Hospital | L27: BUSABALA | M27: WAKISO | N27: UG | O27: 1 | P27: 1 | Q27: =VLOOKUP(P27,Key!$E$2:$F$9,2,FALSE) -> Home | R27: =K27&"-"&Q27 -> Hospital-Home | T27: 1 | U27: 1 | Y27: Y | Z27: 1000
B28: 0.056944444 | C28: UBA 489V | D28: 1 | E28: 1 | F28: NTINDA | G28: KAMPALA | H28: UG | I28: 16 | J28: 2 | K28: =VLOOKUP(J28,Key!$E$2:$F$9,2,FALSE) -> Work | L28: BUSABALA | M28: WAKISO | N28: UG | O28: 1 | P28: 1 | Q28: =VLOOKUP(P28,Key!$E$2:$F$9,2,FALSE) -> Home | R28: =K28&"-"&Q28 -> Work-Home | T28: 1.5 | U28: 2 | Y28: Y | Z28: 2000

Sheet 12.10 ENTEBBE-BUSABALA
B1: Consultancy services for Preparation of Expressway Development Master Plan (EDMP) for Uganda
B2: Roadside OD Interview Survey
B4: Date: | C4: 12.09.19 | E4: Road Name: | F4: ='11.10.BUSABALA-ENTEBBE'!F4:G4 -> BUSABALA ROAD | I4: Direction From: | L4: ENTEBBE | N4: Interviewers: | O4: DRAKE | V4: Supervisor: | W4: ='11.10.BUSABALA-ENTEBBE'!W4 -> EMMA | Y4: Coded By: | Z4: ='11.10.BUSABALA-ENTEBBE'!Z4 -> AJOK EMILY | AA4: Chkd By: | AB4: ='11.10.BUSABALA-ENTEBBE'!AB4 -> Bakole Deo
I5: Direction To: | L5: BUSABALA
B7: Time | C7: Veh_Reg_No. | D7: Veh_Type | E7: No. Occupants | F7: Origin_Address | I7: Origin_Establish | J7: Origin_Purpose | K7: Origin-Purpose Desc | L7: Destination_Address | O7: Destination_Establish | P7: Destination_Purpose | Q7: Destination_Purpose Desc | R7: Journey_Purpose | S7: Approx_Distance (Km) | T7: Approx_Journey Time (Hrs) | U7: Trip_Frequency | V7: GOODS VEHICLES ONLY | Y7: Would You Use Xpressways? | Z7: Pay How Much? (UGX) | AA7: Origin_Zone | AB7: Dest_Zone
F8: Village or Town | G8: District | H8: Country | L8: Village or Town | M8: District | N8: Country | V8: Goods_Type | W8: Goods_Quantity (Ton) | X8: Goods_Value (UGXm)
B9: 0.71527778 | C9: UBB 566R | D9: 4 | E9: 14 | F9: KIBUYE | G9: KAMPALA | H9: UG | I9: 6 | J9: 2 | K9: =VLOOKUP(J9,Key!$E$2:$F$9,2,FALSE) -> Work | L9: BUSABALA | M9: WAKISO | N9: UG | O9: 6 | P9: 2 | Q9: =VLOOKUP(P9,Key!$E$2:$F$9,2,FALSE) -> Work | R9: =K9&"-"&Q9 -> Work-Work | T9: 1.5 | U9: 1 | Y9: Y | Z9: 1000
B10: 0.68055556 | C10: UEY 068W | D10: 11 | E10: 2 | F10: TOWN CITY | G10: KAMPALA | H10: UG | I10: 8 | J10: 2 | K10: =VLOOKUP(J10,Key!$E$2:$F$9,2,FALSE) -> Work | L10: BUSABALA | M10: WAKISO | N10: UG | O10: 8 | P10: 2 | Q10: =VLOOKUP(P10,Key!$E$2:$F$9,2,FALSE) -> Work | R10: =K10&"-"&Q10 -> Work-Work | T10: 0.8 | U10: 3 | Y10: Y | Z10: 1000
B11: 0.66527778 | C11: UAF 627X | D11: 10 | E11: 2 | F11: GANGO | G11: WAKISO | H11: UG | I11: 10 | J11: 2 | K11: =VLOOKUP(J11,Key!$E$2:$F$9,2,FALSE) -> Work | L11: BUSABALA | M11: WAKISO | N11: UG | O11: 1 | P11: 1 | Q11: =VLOOKUP(P11,Key!$E$2:$F$9,2,FALSE) -> Home | R11: =K11&"-"&Q11 -> Work-Home | T11: 0.8 | U11: 1 | Y11: Y | Z11: 500
B12: 0.65763889 | C12: UDZ 201Z | D12: 11 | E12: 1 | F12: KATWE | G12: KAMPALA | H12: UG | I12: 8 | J12: 2 | K12: =VLOOKUP(J12,Key!$E$2:$F$9,2,FALSE) -> Work | L12: BUSABALA | M12: WAKISO | N12: UG | O12: 1 | P12: 1 | Q12: =VLOOKUP(P12,Key!$E$2:$F$9,2,FALSE) -> Home | R12: =K12&"-"&Q12 -> Work-Home | T12: 0.8 | U12: 1 | Y12: Y | Z12: 1000
B13: 0.64861111 | C13: UBD 507K | D13: 8 | E13: 1 | F13: GANGO | G13: WAKISO | H13: UG | I13: 10 | J13: 2 | K13: =VLOOKUP(J13,Key!$E$2:$F$9,2,FALSE) -> Work | L13: BUSABALA | M13: WAKISO | N13: UG | O13: 15 | P13: 2 | Q13: =VLOOKUP(P13,Key!$E$2:$F$9,2,FALSE) -> Work | R13: =K13&"-"&Q13 -> Work-Work | T13: 1 | U13: 1 | Y13: Y | Z13: 2000
B14: 0.64027778 | C14: UAZ 333E | D14: 1 | E14: 2 | F14: GANGO | G14: WAKISO | H14: UG | I14: 1 | J14: 1 | K14: =VLOOKUP(J14,Key!$E$2:$F$9,2,FALSE) -> Home | L14: ENTEBBE | M14: WAKISO | N14: UG | O14: 16 | P14: 2 | Q14: =VLOOKUP(P14,Key!$E$2:$F$9,2,FALSE) -> Work | R14: =K14&"-"&Q14 -> Home-Work | T14: 0.6 | U14: 2 | Y14: Y | Z14: 1000
B15: 0.625 | C15: UAW 844S | D15: 1 | E15: 2 | F15: NZIVANUGI | G15: WAKISO | H15: UG | I15: 1 | J15: 1 | K15: =VLOOKUP(J15,Key!$E$2:$F$9,2,FALSE) -> Home | L15: KASANGA | M15: KAMPALA | N15: UG | O15: 2 | P15: 2 | Q15: =VLOOKUP(P15,Key!$E$2:$F$9,2,FALSE) -> Work | R15: =K15&"-"&Q15 -> Home-Work | S15: 15 | T15: 0.8 | U15: 2 | Y15: Y | Z15: 1000
B16: 0.61944444 | C16: UAB 005C | D16: 1 | E16: 2 | F16: KANABA | G16: WAKISO | H16: UG | I16: 1 | J16: 1 | K16: =VLOOKUP(J16,Key!$E$2:$F$9,2,FALSE) -> Home | L16: TOWN CITY | M16: KAMPALA | N16: UG | O16: 2 | P16: 1 | Q16: =VLOOKUP(P16,Key!$E$2:$F$9,2,FALSE) -> Home | R16: =K16&"-"&Q16 -> Home-Home | T16: 0.8 | U16: 1 | Y16: Y | Z16: 1000
B17: 0.61041667 | C17: UDQ 1000C | D17: 11 | E17: 2 | F17: KIBIRI | G17: WAKISO | H17: UG | I17: 8 | J17: 2 | K17: =VLOOKUP(J17,Key!$E$2:$F$9,2,FALSE) -> Work | L17: BUSABALA | M17: WAKISO | N17: UG | O17: 8 | P17: 2 | Q17: =VLOOKUP(P17,Key!$E$2:$F$9,2,FALSE) -> Work | R17: =K17&"-"&Q17 -> Work-Work | T17: 0.3 | U17: 1 | Y17: Y | Z17: 1000
B18: 0.59861111 | C18: UBD 060V | D18: 5 | E18: 36 | F18: WAKISO TOWN | G18: WAKISO | H18: UG | I18: 16 | J18: 8 | K18: =VLOOKUP(J18,Key!$E$2:$F$9,2,FALSE) -> Others | L18: BUSABALA | M18: WAKISO | N18: UG | O18: 16 | P18: 6 | Q18: =VLOOKUP(P18,Key!$E$2:$F$9,2,FALSE) -> Leisure/Social | R18: =K18&"-"&Q18 -> Others-Leisure/Social | S18: 30 | T18: 120 | U18: 6 | Y18: Y
B19: 0.58958333 | C19: UBF 039U | D19: 8 | E19: 2 | F19: GANGO | G19: WAKISO | H19: UG | I19: 10 | J19: 1 | K19: =VLOOKUP(J19,Key!$E$2:$F$9,2,FALSE) -> Home | L19: KIGO | M19: WAKISO | N19: UG | O19: 15 | P19: 1 | Q19: =VLOOKUP(P19,Key!$E$2:$F$9,2,FALSE) -> Home | R19: =K19&"-"&Q19 -> Home-Home | S19: 1 | T19: 0.2 | U19: 1 | Y19: Y | Z19: 1500
B20: 0.59305556 | C20: UAS 026T | D20: 1 | E20: 1 | F20: GANGO | G20: WAKISO | H20: UG | I20: 16 | J20: 8 | K20: =VLOOKUP(J20,Key!$E$2:$F$9,2,FALSE) -> Others | L20: ENTEBBE | M20: WAKISO | N20: UG | O20: 16 | P20: 8 | Q20: =VLOOKUP(P20,Key!$E$2:$F$9,2,FALSE) -> Others | R20: =K20&"-"&Q20 -> Others-Others | T20: 0.3 | U20: 1 | Y20: Y
B21: 0.55763889 | C21: UEP 619D | D21: 11 | E21: 1 | F21: KIBIBI | G21: WAKISO | H21: UG | I21: 8 | J21: 2 | K21: =VLOOKUP(J21,Key!$E$2:$F$9,2,FALSE) -> Work | L21: BUSABALA | M21: WAKISO | N21: UG | O21: 8 | P21: 2 | Q21: =VLOOKUP(P21,Key!$E$2:$F$9,2,FALSE) -> Work | R21: =K21&"-"&Q21 -> Work-Work | T21: 0.3 | U21: 1 | Y21: Y
B22: 0.55555556 | C22: UAX 056X | D22: 1 | E22: 2 | F22: GANGO | G22: WAKISO | H22: UG | I22: 1 | J22: 1 | K22: =VLOOKUP(J22,Key!$E$2:$F$9,2,FALSE) -> Home | L22: NAKASERO | M22: KAMPALA | N22: UG | O22: 7 | P22: 8 | Q22: =VLOOKUP(P22,Key!$E$2:$F$9,2,FALSE) -> Others | R22: =K22&"-"&Q22 -> Home-Others | T22: 1 | U22: 2 | Y22: Y | Z22: 1500
B23: 0.54930556 | C23: UAU 112H | D23: 1 | E23: 1 | F23: NDEJJE | G23: WAKISO | H23: UG | I23: 1 | J23: 1 | K23: =VLOOKUP(J23,Key!$E$2:$F$9,2,FALSE) -> Home | L23: MUNYONYO | M23: KAMPALA | N23: UG | O23: 16 | P23: 6 | Q23: =VLOOKUP(P23,Key!$E$2:$F$9,2,FALSE) -> Leisure/Social | R23: =K23&"-"&Q23 -> Home-Leisure/Social | T23: 0.3 | U23: 1 | Y23: Y | Z23: 500
B24: 0.55208333 | C24: UAD 690T | D24: 8 | E24: 2 | F24: GANGO | G24: WAKISO | H24: UG | I24: 14 | J24: 2 | K24: =VLOOKUP(J24,Key!$E$2:$F$9,2,FALSE) -> Work | L24: BUSABALA | M24: WAKISO | N24: UG | O24: 15 | P24: 2 | Q24: =VLOOKUP(P24,Key!$E$2:$F$9,2,FALSE) -> Work | R24: =K24&"-"&Q24 -> Work-Work | S24: 4.85 | T24: 0.3 | U24: 3 | Y24: Y | Z24: 1000
B25: 0.036805556 | C25: UAZ 922C | D25: 1 | E25: 2 | F25: KABUMA | G25: WAKISO | H25: UG | I25: 1 | J25: 1 | K25: =VLOOKUP(J25,Key!$E$2:$F$9,2,FALSE) -> Home | L25: BUSABALA | M25: WAKISO | N25: UG | O25: 16 | P25: 8 | Q25: =VLOOKUP(P25,Key!$E$2:$F$9,2,FALSE) -> Others | R25: =K25&"-"&Q25 -> Home-Others | S25: 3 | T25: 0.2 | U25: 1 | Y25: Y | Z25: 1000
B26: 0.53958333 | C26: UBA 503C | D26: 4 | E26: 5 | F26: KISENYI | G26: KAMPALA | H26: UG | I26: 6 | J26: 2 | K26: =VLOOKUP(J26,Key!$E$2:$F$9,2,FALSE) -> Work | L26: BUSABALA | M26: WAKISO | N26: UG | O26: 6 | P26: 2 | Q26: =VLOOKUP(P26,Key!$E$2:$F$9,2,FALSE) -> Work | R26: =K26&"-"&Q26 -> Work-Work | T26: 0.5 | U26: 1 | Y26: Y
B27: 0.53055556 | C27: UAU 043D | D27: 1 | E27: 2 | F27: KIBIRI | G27: WAKISO | H27: UG | I27: 1 | J27: 1 | K27: =VLOOKUP(J27,Key!$E$2:$F$9,2,FALSE) -> Home | L27: BUSABALA | M27: WAKISO | N27: UG | O27: 10 | P27: 8 | Q27: =VLOOKUP(P27,Key!$E$2:$F$9,2,FALSE) -> Others | R27: =K27&"-"&Q27 -> Home-Others | T27: 1 | U27: 3 | Y27: Y | Z27: 500
B28: 0.52708333 | C28: UBF 787E | D28: 1 | E28: 2 | F28: KIBIRII | G28: WAKISO | H28: UG | I28: 1 | J28: 1 | K28: =VLOOKUP(J28,Key!$E$2:$F$9,2,FALSE) -> Home | L28: TOWN CITY | M28: KAMPALA | N28: UG | O28: 5 | P28: 7 | Q28: =VLOOKUP(P28,Key!$E$2:$F$9,2,FALSE) -> Hospital | R28: =K28&"-"&Q28 -> Home-Hospital | T28: 1 | U28: 2 | Y28: Y | Z28: 500
B29: 0.51458333 | C29: UBE 141U | D29: 7 | E29: 4 | F29: MASJJA | G29: WAKISO | H29: UG | I29: 1 | J29: 1 | K29: =VLOOKUP(J29,Key!$E$2:$F$9,2,FALSE) -> Home | L29: BUSABALA | M29: WAKISO | N29: UG | O29: 16 | P29: 2 | Q29: =VLOOKUP(P29,Key!$E$2:$F$9,2,FALSE) -> Work | R29: =K29&"-"&Q29 -> Home-Work | S29: 8.04 | T29: 2 | U29: 2 | Y29: Y | Z29: 1000
B30: 0.50625 | C30: UAJ 916A | D30: 1 | E30: 3 | F30: KIBIRI | G30: WAKISO | H30: UG | I30: 1 | J30: 1 | K30: =VLOOKUP(J30,Key!$E$2:$F$9,2,FALSE) -> Home | L30: KIBUYE | M30: KAMPALA | N30: UG | O30: 7 | P30: 2 | Q30: =VLOOKUP(P30,Key!$E$2:$F$9,2,FALSE) -> Work | R30: =K30&"-"&Q30 -> Home-Work | T30: 0.8 | U30: 2 | Y30: Y | Z30: 500
B31: 0.5 | C31: UAQ 370M | D31: 1 | E31: 2 | F31: MASJJA | G31: WAKISO | H31: UG | I31: 1 | J31: 1 | K31: =VLOOKUP(J31,Key!$E$2:$F$9,2,FALSE) -> Home | L31: BUSABALA | M31: WAKISO | N31: UG | O31: 9 | P31: 1 | Q31: =VLOOKUP(P31,Key!$E$2:$F$9,2,FALSE) -> Home | R31: =K31&"-"&Q31 -> Home-Home | U31: 1 | Y31: Y
B32: 0.49722222 | C32: UAW 480Q | D32: 4 | E32: 12 | F32: KISENYI | G32: KAMPALA | H32: UG | I32: 6 | J32: 2 | K32: =VLOOKUP(J32,Key!$E$2:$F$9,2,FALSE) -> Work | L32: BUSABALA | M32: WAKISO | N32: UG | O32: 6 | P32: 2 | Q32: =VLOOKUP(P32,Key!$E$2:$F$9,2,FALSE) -> Work | R32: =K32&"-"&Q32 -> Work-Work | S32: 11.26 | T32: 2 | U32: 1 | Y32: Y | Z32: 1000
B33: 0.48680556 | C33: UAP 069T | D33: 1 | E33: 4 | F33: NDEJJE | G33: WAKISO | H33: UG | I33: 1 | J33: 1 | K33: =VLOOKUP(J33,Key!$E$2:$F$9,2,FALSE) -> Home | L33: BUZINGA | M33: KAMPALA | N33: UG | O33: 16 | P33: 8 | Q33: =VLOOKUP(P33,Key!$E$2:$F$9,2,FALSE) -> Others | R33: =K33&"-"&Q33 -> Home-Others | S33: 12 | T33: 0.5 | U33: 3 | Y33: Y | Z33: 2000
B34: 0.49027778 | C34: UDU 606L | D34: 11 | E34: 1 | F34: KIBIRI | G34: WAKISO | H34: UG | I34: 9 | J34: 2 | K34: =VLOOKUP(J34,Key!$E$2:$F$9,2,FALSE) -> Work | L34: BYEYA | M34: WAKISO | N34: UG | O34: 9 | P34: 2 | Q34: =VLOOKUP(P34,Key!$E$2:$F$9,2,FALSE) -> Work | R34: =K34&"-"&Q34 -> Work-Work | T34: 1 | U34: 2 | Y34: Y | Z34: 500
B35: 0.45277778 | C35: UAM 778M | D35: 4 | E35: 8 | F35: NSAMBYA | G35: KAMPALA | H35: UG | I35: 1 | J35: 1 | K35: =VLOOKUP(J35,Key!$E$2:$F$9,2,FALSE) -> Home | L35: NABISARU | M35: WAKISO | N35: UG | O35: 16 | P35: 8 | Q35: =VLOOKUP(P35,Key!$E$2:$F$9,2,FALSE) -> Others | R35: =K35&"-"&Q35 -> Home-Others | S35: 8 | T35: 0.5 | U35: 4 | Y35: Y | Z35: 1000
B36: 0.45694444 | C36: UAD 336B | D36: 2 | E36: 1 | F36: GANGO | G36: WAKISO | H36: UG | I36: 1 | J36: 1 | K36: =VLOOKUP(J36,Key!$E$2:$F$9,2,FALSE) -> Home | L36: ENTEBBE | M36: WAKISO | N36: UG | O36: 16 | P36: 2 | Q36: =VLOOKUP(P36,Key!$E$2:$F$9,2,FALSE) -> Work | R36: =K36&"-"&Q36 -> Home-Work | T36: 1.5 | U36: 3 | Y36: Y | Z36: 4000
B37: 0.44097222 | C37: UAZ 103L | D37: 1 | E37: 2 | F37: GANGO | G37: WAKISO | H37: UG | I37: 1 | J37: 1 | K37: =VLOOKUP(J37,Key!$E$2:$F$9,2,FALSE) -> Home | L37: GAMBA | M37: KAMPALA | N37: UG | O37: 16 | P37: 6 | Q37: =VLOOKUP(P37,Key!$E$2:$F$9,2,FALSE) -> Leisure/Social | R37: =K37&"-"&Q37 -> Home-Leisure/Social | S37: 10 | T37: 1 | U37: 1 | Y37: Y | Z37: 200
B38: 0.44861111 | C38: UAX 266T | D38: 1 | E38: 4 | F38: GANGO | G38: WAKISO | H38: UG | I38: 1 | J38: 1 | K38: =VLOOKUP(J38,Key!$E$2:$F$9,2,FALSE) -> Home | L38: KASANGA | M38: KAMPALA | N38: UG | O38: 2 | P38: 2 | Q38: =VLOOKUP(P38,Key!$E$2:$F$9,2,FALSE) -> Work | R38: =K38&"-"&Q38 -> Home-Work | T38: 0.8 | U38: 1 | Y38: Y | Z38: 3000
B39: 0.43263889 | C39: UEZ 302A | D39: 11 | E39: 2 | F39: KIIBI | G39: WAKISO | H39: UG | I39: 8 | J39: 2 | K39: =VLOOKUP(J39,Key!$E$2:$F$9,2,FALSE) -> Work | L39: BUSABALA | M39: WAKISO | N39: UG | O39: 8 | P39: 2 | Q39: =VLOOKUP(P39,Key!$E$2:$F$9,2,FALSE) -> Work | R39: =K39&"-"&Q39 -> Work-Work | T39: 0.1 | U39: 2 | Y39: Y | Z39: 500
B40: 0.43611111 | C40: UAT 363B | D40: 4 | E40: 2 | F40: GANGO | G40: WAKISO | H40: UG | I40: 1 | J40: 1 | K40: =VLOOKUP(J40,Key!$E$2:$F$9,2,FALSE) -> Home | L40: PRISON | M40: WAKISO | N40: UG | O40: 16 | P40: 8 | Q40: =VLOOKUP(P40,Key!$E$2:$F$9,2,FALSE) -> Others | R40: =K40&"-"&Q40 -> Home-Others | S40: 3 | T40: 0.3 | U40: 3 | Y40: Y
B41: 0.41805556 | C41: UAJ 517U | D41: 4 | E41: 14 | F41: KIBUYE | G41: KAMPALA | H41: UG | I41: 6 | J41: 2 | K41: =VLOOKUP(J41,Key!$E$2:$F$9,2,FALSE) -> Work | L41: BUSABALA | M41: WAKISO | N41: UG | O41: 6 | P41: 2 | Q41: =VLOOKUP(P41,Key!$E$2:$F$9,2,FALSE) -> Work | R41: =K41&"-"&Q41 -> Work-Work | S41: 12 | T41: 2 | U41: 1 | Y41: Y | Z41: 500
B42: 0.42361111 | C42: UAR 977K | D42: 1 | E42: 2 | F42: KIBIRI | G42: WAKISO | H42: UG | I42: 1 | J42: 1 | K42: =VLOOKUP(J42,Key!$E$2:$F$9,2,FALSE) -> Home | L42: TOWN CITY | M42: KAMPALA | N42: UG | O42: 7 | P42: 8 | Q42: =VLOOKUP(P42,Key!$E$2:$F$9,2,FALSE) -> Others | R42: =K42&"-"&Q42 -> Home-Others | T42: 0.8 | U42: 1 | Y42: Y
B43: 0.41180556 | C43: UBE 223Q | D43: 4 | E43: 13 | F43: KIBUYE | G43: KAMPALA | H43: UG | I43: 6 | J43: 2 | K43: =VLOOKUP(J43,Key!$E$2:$F$9,2,FALSE) -> Work | L43: STATION | M43: WAKISO | N43: UG | O43: 16 | P43: 2 | Q43: =VLOOKUP(P43,Key!$E$2:$F$9,2,FALSE) -> Work | R43: =K43&"-"&Q43 -> Work-Work | U43: 1 | Y43: Y | Z43: 1000
B44: 0.41666667 | C44: UAW 094U | D44: 4 | E44: 10 | F44: USATI | G44: KAMPALA | H44: UG | I44: 6 | J44: 2 | K44: =VLOOKUP(J44,Key!$E$2:$F$9,2,FALSE) -> Work | L44: BUSABALA | M44: WAKISO | N44: UG | O44: 6 | P44: 2 | Q44: =VLOOKUP(P44,Key!$E$2:$F$9,2,FALSE) -> Work | R44: =K44&"-"&Q44 -> Work-Work | S44: 15 | T44: 1 | U44: 1 | Y44: Y | Z44: 1000
B45: 0.40486111 | C45: UBC 603B | D45: 1 | E45: 1 | F45: KINGO | G45: WAKISO | H45: UG | I45: 1 | J45: 1 | K45: =VLOOKUP(J45,Key!$E$2:$F$9,2,FALSE) -> Home | L45: BUSABALA | M45: WAKISO | N45: UG | O45: 16 | P45: 2 | Q45: =VLOOKUP(P45,Key!$E$2:$F$9,2,FALSE) -> Work | R45: =K45&"-"&Q45 -> Home-Work | T45: 0.8 | U45: 2 | Y45: Y
B46: 0.40069444 | C46: UAK 564D | D46: 4 | E46: 1 | F46: KIBIRI | G46: WAKISO | H46: UG | I46: 1 | J46: 1 | K46: =VLOOKUP(J46,Key!$E$2:$F$9,2,FALSE) -> Home | L46: KIBUYE | M46: KAMPALA | N46: UG | O46: 3 | P46: 2 | Q46: =VLOOKUP(P46,Key!$E$2:$F$9,2,FALSE) -> Work | R46: =K46&"-"&Q46 -> Home-Work | T46: 0.5 | U46: 2 | Y46: Y
B47: 0.39027778 | C47: UEW 205K | D47: 11 | E47: 1 | F47: KIBIRI | G47: WAKISO | H47: UG | I47: 8 | J47: 2 | K47: =VLOOKUP(J47,Key!$E$2:$F$9,2,FALSE) -> Work | L47: MUNYONYO | M47: KAMPALA | N47: UG | O47: 8 | P47: 2 | Q47: =VLOOKUP(P47,Key!$E$2:$F$9,2,FALSE) -> Work | R47: =K47&"-"&Q47 -> Work-Work | S47: 5 | T47: 0.1 | U47: 1 | Y47: Y | Z47: 1000
B48: 0.38055556 | C48: UAJ 343U | D48: 3 | E48: 2 | F48: GANGO | G48: WAKISO | H48: UG | I48: 10 | J48: 2 | K48: =VLOOKUP(J48,Key!$E$2:$F$9,2,FALSE) -> Work | L48: KAWUKU | M48: WAKISO | N48: UG | O48: 14 | P48: 2 | Q48: =VLOOKUP(P48,Key!$E$2:$F$9,2,FALSE) -> Work | R48: =K48&"-"&Q48 -> Work-Work | T48: 0.5 | U48: 4 | Y48: Y | Z48: 1000
B49: 0.37638889 | C49: UAY 325W | D49: 1 | E49: 1 | F49: KIBIRI | G49: WAKISO | H49: UG | I49: 1 | J49: 1 | K49: =VLOOKUP(J49,Key!$E$2:$F$9,2,FALSE) -> Home | L49: ENTEBBE | M49: WAKISO | N49: UG | O49: 16 | P49: 2 | Q49: =VLOOKUP(P49,Key!$E$2:$F$9,2,FALSE) -> Work | R49: =K49&"-"&Q49 -> Home-Work | T49: 1.5 | U49: 1 | Y49: Y | Z49: 1000
B50: 0.34722222 | C50: UEX 249Y | D50: 11 | E50: 1 | F50: KIBIRI | G50: WAKISO | H50: UG | I50: 8 | J50: 2 | K50: =VLOOKUP(J50,Key!$E$2:$F$9,2,FALSE) -> Work | L50: MUNYONYO | M50: KAMPALA | N50: UG | O50: 8 | P50: 2 | Q50: =VLOOKUP(P50,Key!$E$2:$F$9,2,FALSE) -> Work | R50: =K50&"-"&Q50 -> Work-Work | S50: 3 | T50: 0.1 | U50: 1 | Y50: Y | Z50: 1000
B51: 0.34166667 | C51: UAB 793E | D51: 1 | E51: 1 | F51: NAMASUBA | G51: WAKISO | H51: UG | I51: 1 | J51: 1 | K51: =VLOOKUP(J51,Key!$E$2:$F$9,2,FALSE) -> Home | L51: MUTUNGO | M51: WAKISO | N51: UG | O51: 10 | P51: 2 | Q51: =VLOOKUP(P51,Key!$E$2:$F$9,2,FALSE) -> Work | R51: =K51&"-"&Q51 -> Home-Work | T51: 0.45 | U51: 3 | Y51: Y | Z51: 2000
B52: 0.33333333 | C52: UAP 580K | D52: 1 | E52: 10 | F52: KAYEMBE | G52: WAKISO | H52: UG | I52: 16 | J52: 2 | K52: =VLOOKUP(J52,Key!$E$2:$F$9,2,FALSE) -> Work | L52: BUSABALA | M52: WAKISO | N52: UG | O52: 6 | P52: 2 | Q52: =VLOOKUP(P52,Key!$E$2:$F$9,2,FALSE) -> Work | R52: =K52&"-"&Q52 -> Work-Work | S52: 8 | T52: 0.85 | U52: 1 | Y52: Y | Z52: 2000
B53: 0.67152778 | C53: UBB 119S | D53: 4 | E53: 14 | F53: TOWN CITY | G53: KAMPALA | H53: UG | I53: 6 | J53: 2 | K53: =VLOOKUP(J53,Key!$E$2:$F$9,2,FALSE) -> Work | L53: BUSABALA | M53: WAKISO | N53: UG | O53: 6 | P53: 2 | Q53: =VLOOKUP(P53,Key!$E$2:$F$9,2,FALSE) -> Work | R53: =K53&"-"&Q53 -> Work-Work | S53: 15 | T53: 1 | U53: 2 | Y53: Y | Z53: 2000
B54: 0.67638889 | C54: UBD 245D | D54: 1 | E54: 1 | F54: KIBIRI | G54: WAKISO | H54: UG | I54: 16 | J54: 8 | K54: =VLOOKUP(J54,Key!$E$2:$F$9,2,FALSE) -> Others | L54: SALOMA | M54: WAKISO | N54: UG | O54: 1 | P54: 1 | Q54: =VLOOKUP(P54,Key!$E$2:$F$9,2,FALSE) -> Home | R54: =K54&"-"&Q54 -> Others-Home | S54: 5 | T54: 0.2 | U54: 3 | Y54: Y | Z54: 10000
B55: 0.072916667 | C55: UAP 770W | D55: 1 | E55: 2 | F55: KAYEMBE | G55: WAKISO | H55: UG | I55: 16 | J55: 6 | K55: =VLOOKUP(J55,Key!$E$2:$F$9,2,FALSE) -> Leisure/Social | L55: BUSABALA | M55: WAKISO | N55: UG | O55: 1 | P55: 1 | Q55: =VLOOKUP(P55,Key!$E$2:$F$9,2,FALSE) -> Home | R55: =K55&"-"&Q55 -> Leisure/Social-Home | U55: 1 | Y55: Y | Z55: 500
B56: 0.09375 | C56: UAY 489D | D56: 4 | E56: 2 | F56: MASJJA | G56: WAKISO | H56: UG | I56: 6 | J56: 2 | K56: =VLOOKUP(J56,Key!$E$2:$F$9,2,FALSE) -> Work | L56: BUSABALA | M56: WAKISO | N56: UG | O56: 6 | P56: 2 | Q56: =VLOOKUP(P56,Key!$E$2:$F$9,2,FALSE) -> Work | R56: =K56&"-"&Q56 -> Work-Work | T56: 0.6 | U56: 1 | Y56: Y | Z56: 1000
B57: 0.11111111 | C57: UAT 360P | D57: 4 | E57: 14 | F57: WUSAFI | G57: KAMPALA | H57: UG | I57: 6 | J57: 2 | K57: =VLOOKUP(J57,Key!$E$2:$F$9,2,FALSE) -> Work | L57: BUSABALA | M57: KAMPALA | N57: UG | O57: 6 | P57: 2 | Q57: =VLOOKUP(P57,Key!$E$2:$F$9,2,FALSE) -> Work | R57: =K57&"-"&Q57 -> Work-Work | S57: 9 | T57: 0.9 | U57: 1 | Y57: Y | Z57: 800
B58: 0.12847222 | C58: UAL 658U | D58: 4 | E58: 2 | F58: GANGO | G58: WAKISO | H58: UG | I58: 4 | J58: 3 | K58: =VLOOKUP(J58,Key!$E$2:$F$9,2,FALSE) -> Study | L58: STATION | M58: WAKISO | N58: UG | O58: 1 | P58: 1 | Q58: =VLOOKUP(P58,Key!$E$2:$F$9,2,FALSE) -> Home | R58: =K58&"-"&Q58 -> Study-Home | S58: 4 | T58: 0.6 | U58: 2 | Y58: Y | Z58: 1000
B59: 0.14583333 | C59: UAU 583Y | D59: 1 | E59: 1 | F59: MASJJA | G59: WAKISO | H59: UG | I59: 16 | J59: 6 | K59: =VLOOKUP(J59,Key!$E$2:$F$9,2,FALSE) -> Leisure/Social | L59: MUNYONYO | M59: KAMPALA | N59: UG | O59: 1 | P59: 1 | Q59: =VLOOKUP(P59,Key!$E$2:$F$9,2,FALSE) -> Home | R59: =K59&"-"&Q59 -> Leisure/Social-Home | T59: 0.4 | U59: 3 | Y59: Y | Z59: 2000
B60: 0.16111111 | C60: UAU 387H | D60: 4 | E60: 4 | F60: NAKASERO | G60: KAMPALA | H60: UG | I60: 6 | J60: 2 | K60: =VLOOKUP(J60,Key!$E$2:$F$9,2,FALSE) -> Work | L60: BUSABALA | M60: WAKISO | N60: UG | O60: 6 | P60: 2 | Q60: =VLOOKUP(P60,Key!$E$2:$F$9,2,FALSE) -> Work | R60: =K60&"-"&Q60 -> Work-Work | T60: 0.6 | U60: 1 | Y60: Y | Z60: 500
B61: 0.23472222 | C61: UAJ 401F | D61: 4 | E61: 2 | F61: KIBIRI | G61: WAKISO | H61: UG | I61: 1 | J61: 1 | K61: =VLOOKUP(J61,Key!$E$2:$F$9,2,FALSE) -> Home | L61: BUSABALA | M61: WAKISO | N61: UG | O61: 6 | P61: 2 | Q61: =VLOOKUP(P61,Key!$E$2:$F$9,2,FALSE) -> Work | R61: =K61&"-"&Q61 -> Home-Work | T61: 0.3 | U61: 1 | Y61: Y | Z61: 1000
B62: 0.25 | C62: UAT 917Q | D62: 4 | E62: 2 | F62: ZANA | G62: KAMPALA | H62: UG | I62: 1 | J62: 1 | K62: =VLOOKUP(J62,Key!$E$2:$F$9,2,FALSE) -> Home | L62: BUSABALA | M62: WAKISO | N62: UG | O62: 6 | P62: 2 | Q62: =VLOOKUP(P62,Key!$E$2:$F$9,2,FALSE) -> Work | R62: =K62&"-"&Q62 -> Home-Work | T62: 0.6 | U62: 1 | Y62: Y | Z62: 1000
B63: 0.34722222 | C63: UDM 295D | D63: 11 | E63: 1 | F63: GANGO | G63: WAKISO | H63: UG | I63: 1 | J63: 1 | K63: =VLOOKUP(J63,Key!$E$2:$F$9,2,FALSE) -> Home | L63: KIGO | M63: WAKISO | N63: UG | O63: 8 | P63: 2 | Q63: =VLOOKUP(P63,Key!$E$2:$F$9,2,FALSE) -> Work | R63: =K63&"-"&Q63 -> Home-Work | S63: 4 | T63: 0.2 | U63: 4 | Y63: Y | Z63: 500
B64: 0.36666667 | C64: UAS 268T | D64: 4 | E64: 3 | F64: KIBIRI | G64: WAKISO | H64: UG | I64: 6 | J64: 2 | K64: Work | L64: KIGO | M64: WAKISO | N64: UG | O64: 6 | P64: 2 | Q64: =VLOOKUP(P64,Key!$E$2:$F$9,2,FALSE) -> Work | R64: =K64&"-"&Q64 -> Work-Work | S64: 2 | T64: 0.1 | U64: 2 | Y64: Y | Z64: 10000
B65: 0.375 | C65: UEL 269L | D65: 11 | E65: 1 | F65: GANGO | G65: WAKISO | H65: UG | I65: 8 | J65: 2 | K65: =VLOOKUP(J65,Key!$E$2:$F$9,2,FALSE) -> Work | L65: BUSABALA | M65: WAKISO | N65: UG | O65: 8 | P65: 2 | Q65: =VLOOKUP(P65,Key!$E$2:$F$9,2,FALSE) -> Work | R65: =K65&"-"&Q65 -> Work-Work | S65: 5 | T65: 0.2 | U65: 2 | Y65: Y | Z65: 300
B66: 0.37847222 | C66: UEQ 766N | D66: 11 | E66: 2 | F66: KIBIRI | G66: WAKISO | H66: UG | I66: 8 | J66: 2 | K66: =VLOOKUP(J66,Key!$E$2:$F$9,2,FALSE) -> Work | L66: TOWN CITY | M66: KAMPALA | N66: UG | O66: 8 | P66: 2 | Q66: =VLOOKUP(P66,Key!$E$2:$F$9,2,FALSE) -> Work | R66: =K66&"-"&Q66 -> Work-Work | S66: 40 | T66: 0.5 | U66: 2 | Y66: Y | Z66: 5000
B67: 0.38194444 | C67: UAJ 945B | D67: 3 | E67: 1 | F67: KIBIRI | G67: WAKISO | H67: UG | I67: 1 | J67: 1 | K67: =VLOOKUP(J67,Key!$E$2:$F$9,2,FALSE) -> Home | L67: BUNGU | M67: WAKISO | N67: UG | O67: 2 | P67: 2 | Q67: =VLOOKUP(P67,Key!$E$2:$F$9,2,FALSE) -> Work | R67: =K67&"-"&Q67 -> Home-Work | S67: 2 | T67: 0.03 | U67: 2 | Y67: Y
B68: 0.38888889 | C68: UDV 970S | D68: 11 | E68: 1 | F68: KIBIRI | G68: WAKISO | H68: UG | I68: 8 | J68: 2 | K68: =VLOOKUP(J68,Key!$E$2:$F$9,2,FALSE) -> Work | L68: KIBUYE | M68: KAMPALA | N68: UG | O68: 8 | P68: 2 | Q68: =VLOOKUP(P68,Key!$E$2:$F$9,2,FALSE) -> Work | R68: =K68&"-"&Q68 -> Work-Work | S68: 10 | T68: 0.3 | U68: 2 | Y68: Y | Z68: 1000
B69: 0.39444444 | C69: UBA 328G | D69: 7 | E69: 4 | F69: KIBIRI | G69: WAKISO | H69: UG | I69: 13 | J69: 1 | K69: =VLOOKUP(J69,Key!$E$2:$F$9,2,FALSE) -> Home | L69: BUSABALA | M69: WAKISO | N69: UG | O69: 10 | P69: 1 | Q69: =VLOOKUP(P69,Key!$E$2:$F$9,2,FALSE) -> Home | R69: =K69&"-"&Q69 -> Home-Home | S69: 7 | T69: 0.5 | U69: 2 | V69: 6 | Y69: Y | Z69: 2000
B70: 0.40277778 | C70: UAY 810F | D70: 2 | E70: 1 | F70: KIBIRI | G70: WAKISO | H70: UG | I70: 1 | J70: 1 | K70: =VLOOKUP(J70,Key!$E$2:$F$9,2,FALSE) -> Home | L70: BUZINGA | M70: WAKISO | N70: UG | O70: 2 | P70: 1 | Q70: =VLOOKUP(P70,Key!$E$2:$F$9,2,FALSE) -> Home | R70: =K70&"-"&Q70 -> Home-Home | S70: 12 | T70: 0.5 | U70: 2 | Y70: Y | Z70: 2000
B71: 0.40486111 | C71: UAH 095H | D71: 7 | E71: 3 | F71: KIBIRI | G71: WAKISO | H71: UG | I71: 15 | J71: 4 | K71: =VLOOKUP(J71,Key!$E$2:$F$9,2,FALSE) -> Commercial | L71: BUSABALA | M71: WAKISO | N71: UG | O71: 16 | P71: 8 | Q71: =VLOOKUP(P71,Key!$E$2:$F$9,2,FALSE) -> Others | R71: =K71&"-"&Q71 -> Commercial-Others | S71: 2 | T71: 0.2 | U71: 2 | V71: 6 | Y71: Y
B72: 0.41666667 | C72: UAP 658Z | D72: 4 | E72: 12 | F72: TOWN CITY | G72: KAMPALA | H72: UG | I72: 6 | J72: 2 | K72: =VLOOKUP(J72,Key!$E$2:$F$9,2,FALSE) -> Work | L72: BUSABALA | M72: WAKISO | N72: UG | O72: 6 | P72: 2 | Q72: =VLOOKUP(P72,Key!$E$2:$F$9,2,FALSE) -> Work | R72: =K72&"-"&Q72 -> Work-Work | S72: 11 | T72: 2 | U72: 2 | Y72: Y | Z72: 500
B73: 0.42152778 | C73: UAY 051W | D73: 4 | E73: 10 | F73: MASJJA | G73: WAKISO | H73: UG | I73: 4 | J73: 3 | K73: =VLOOKUP(J73,Key!$E$2:$F$9,2,FALSE) -> Study | L73: BUSABALA | M73: WAKISO | N73: UG | O73: 4 | P73: 3 | Q73: =VLOOKUP(P73,Key!$E$2:$F$9,2,FALSE) -> Study | R73: =K73&"-"&Q73 -> Study-Study | S73: 7 | T73: 0.3 | U73: 2 | Y73: Y | Z73: 10000
B74: 0.42638889 | C74: UAX 252Y | D74: 7 | E74: 4 | F74: KIBIRI | G74: WAKISO | H74: UG | I74: 7 | J74: 4 | K74: =VLOOKUP(J74,Key!$E$2:$F$9,2,FALSE) -> Commercial | L74: KIGO | M74: WAKISO | N74: UG | O74: 10 | P74: 2 | Q74: =VLOOKUP(P74,Key!$E$2:$F$9,2,FALSE) -> Work | R74: =K74&"-"&Q74 -> Commercial-Work | S74: 5 | T74: 0.3 | U74: 1 | Y74: Y
B75: 0.43263889 | C75: UAP 081T | D75: 1 | E75: 5 | F75: KIBIRI | G75: WAKISO | H75: UG | I75: 1 | J75: 1 | K75: =VLOOKUP(J75,Key!$E$2:$F$9,2,FALSE) -> Home | L75: MUNYONYO | M75: KAMPALA | N75: UG | O75: 2 | P75: 2 | Q75: =VLOOKUP(P75,Key!$E$2:$F$9,2,FALSE) -> Work | R75: =K75&"-"&Q75 -> Home-Work | S75: 3 | T75: 0.1 | U75: 2 | Y75: Y | Z75: 1000
B76: 0.4375 | C76: UAT 876U | D76: 1 | E76: 1 | F76: KIBIRI | G76: WAKISO | H76: UG | I76: 1 | J76: 1 | K76: =VLOOKUP(J76,Key!$E$2:$F$9,2,FALSE) -> Home | L76: KASANGA | M76: KAMPALA | N76: UG | O76: 2 | P76: 2 | Q76: =VLOOKUP(P76,Key!$E$2:$F$9,2,FALSE) -> Work | R76: =K76&"-"&Q76 -> Home-Work | S76: 12 | T76: 0.2 | U76: 2 | Y76: Y | Z76: 500
B77: 0.44444444 | C77: UBE 931E | D77: 2 | E77: 1 | F77: NDEJJE | G77: WAKISO | H77: UG | I77: 1 | J77: 1 | K77: =VLOOKUP(J77,Key!$E$2:$F$9,2,FALSE) -> Home | L77: KAJJANSI | M77: WAKISO | N77: UG | O77: 1 | P77: 1 | Q77: =VLOOKUP(P77,Key!$E$2:$F$9,2,FALSE) -> Home | R77: =K77&"-"&Q77 -> Home-Home | S77: 10 | T77: 0.78 | U77: 4 | Y77: Y | Z77: 5000
B78: 0.44791667 | C78: UAS 662P | D78: 1 | E78: 1 | F78: KIBIRI | G78: WAKISO | H78: UG | I78: 1 | J78: 1 | K78: =VLOOKUP(J78,Key!$E$2:$F$9,2,FALSE) -> Home | L78: TOWN CITY | M78: KAMPALA | N78: UG | O78: 2 | P78: 2 | Q78: =VLOOKUP(P78,Key!$E$2:$F$9,2,FALSE) -> Work | R78: =K78&"-"&Q78 -> Home-Work | S78: 15 | T78: 0.5 | U78: 2 | Y78: Y | Z78: 1000
B79: 0.48611111 | C79: UAP 995 | D79: 1 | E79: 2 | F79: KIBIRI | G79: WAKISO | H79: UG | I79: 1 | J79: 1 | K79: =VLOOKUP(J79,Key!$E$2:$F$9,2,FALSE) -> Home | L79: NSAMBYA | M79: KAMPALA | N79: UG | O79: 4 | P79: 3 | Q79: =VLOOKUP(P79,Key!$E$2:$F$9,2,FALSE) -> Study | R79: =K79&"-"&Q79 -> Home-Study | S79: 7 | T79: 8 | U79: 2 | Y79: Y | Z79: 4000
B80: 0.49027778 | C80: UAR 689A | D80: 7 | E80: 2 | F80: MASJJA | G80: WAKISO | H80: UG | I80: 1 | J80: 1 | K80: =VLOOKUP(J80,Key!$E$2:$F$9,2,FALSE) -> Home | L80: BUSABALA | M80: WAKISO | N80: UG | O80: 15 | P80: 2 | Q80: =VLOOKUP(P80,Key!$E$2:$F$9,2,FALSE) -> Work | R80: =K80&"-"&Q80 -> Home-Work | S80: 8 | T80: 0.66 | U80: 2 | Y80: Y | Z80: 1000
B81: 0.49305556 | C81: UBA 887M | D81: 2 | E81: 1 | F81: KIBIRI | G81: WAKISO | H81: UG | I81: 1 | J81: 1 | K81: =VLOOKUP(J81,Key!$E$2:$F$9,2,FALSE) -> Home | L81: TOWN CITY | M81: KAMPALA | N81: UG | O81: 2 | P81: 2 | Q81: =VLOOKUP(P81,Key!$E$2:$F$9,2,FALSE) -> Work | R81: =K81&"-"&Q81 -> Home-Work | S81: 10 | T81: 1 | U81: 2 | Y81: Y | Z81: 7000
B82: 0.49722222 | C82: UBB 836A | D82: 2 | E82: 1 | F82: NDEJJE | G82: WAKISO | H82: UG | I82: 4 | J82: 3 | K82: =VLOOKUP(J82,Key!$E$2:$F$9,2,FALSE) -> Study | L82: KONGE | M82: WAKISO | N82: UG | O82: 1 | P82: 1 | Q82: =VLOOKUP(P82,Key!$E$2:$F$9,2,FALSE) -> Home | R82: =K82&"-"&Q82 -> Study-Home | S82: 10 | T82: 0.5 | U82: 2 | Y82: Y
B83: 0.50347222 | C83: UBA 537Q | D83: 1 | E83: 1 | F83: KIBIRI | G83: WAKISO | H83: UG | I83: 1 | J83: 1 | K83: =VLOOKUP(J83,Key!$E$2:$F$9,2,FALSE) -> Home | L83: GABA | M83: KAMPALA | N83: UG | O83: 2 | P83: 2 | Q83: =VLOOKUP(P83,Key!$E$2:$F$9,2,FALSE) -> Work | R83: =K83&"-"&Q83 -> Home-Work | S83: 10 | T83: 0.83 | U83: 2 | Y83: Y | Z83: 10000
B84: 0.92291667 | C84: UAH 226X | D84: 1 | E84: 1 | F84: KIBIRI | G84: WAKISO | H84: UG | I84: 1 | J84: 1 | K84: =VLOOKUP(J84,Key!$E$2:$F$9,2,FALSE) -> Home | L84: BUGU | M84: WAKISO | N84: UG | O84: 1 | P84: 1 | Q84: =VLOOKUP(P84,Key!$E$2:$F$9,2,FALSE) -> Home | R84: =K84&"-"&Q84 -> Home-Home | S84: 3 | T84: 0.5 | U84: 3 | Y84: Y | Z84: 2000
B85: 0.5125 | C85: UAN 331S | D85: 2 | E85: 3 | F85: TOWN CITY | G85: KAMPALA | H85: UG | I85: 2 | J85: 2 | K85: =VLOOKUP(J85,Key!$E$2:$F$9,2,FALSE) -> Work | L85: BUSABALA | M85: WAKISO | N85: UG | O85: 2 | P85: 2 | Q85: =VLOOKUP(P85,Key!$E$2:$F$9,2,FALSE) -> Work | R85: =K85&"-"&Q85 -> Work-Work | S85: 8 | T85: 1 | U85: 5 | Y85: Y | Z85: 200
B86: 0.51736111 | C86: UEP 021A | D86: 11 | E86: 1 | F86: KIBIRI | G86: WAKISO | H86: UG | I86: 8 | J86: 2 | K86: =VLOOKUP(J86,Key!$E$2:$F$9,2,FALSE) -> Work | L86: BUGU | M86: WAKISO | N86: UG | O86: 8 | P86: 2 | Q86: =VLOOKUP(P86,Key!$E$2:$F$9,2,FALSE) -> Work | R86: =K86&"-"&Q86 -> Work-Work | S86: 3 | T86: 0.2 | U86: 2 | Y86: Y | Z86: 1000
B87: 0.52013889 | C87: UER 618Q | D87: 11 | E87: 1 | F87: KIBIRI | G87: WAKISO | H87: UG | I87: 8 | J87: 2 | K87: =VLOOKUP(J87,Key!$E$2:$F$9,2,FALSE) -> Work | L87: BUSABALA | M87: WAKISO | N87: UG | O87: 8 | P87: 2 | Q87: =VLOOKUP(P87,Key!$E$2:$F$9,2,FALSE) -> Work | R87: =K87&"-"&Q87 -> Work-Work | S87: 4 | T87: 0.2 | U87: 2 | Y87: Y | Z87: 500
B88: 0.52569444 | C88: UAP 385L | D88: 4 | E88: 14 | F88: TOWN CITY | G88: KAMPALA | H88: UG | I88: 6 | J88: 2 | K88: =VLOOKUP(J88,Key!$E$2:$F$9,2,FALSE) -> Work | L88: BUSABALA | M88: WAKISO | N88: UG | O88: 6 | P88: 2 | Q88: =VLOOKUP(P88,Key!$E$2:$F$9,2,FALSE) -> Work | R88: =K88&"-"&Q88 -> Work-Work | S88: 12 | T88: 1 | U88: 2 | Y88: Y | Z88: 1000
B89: 0.53263889 | C89: UBA 956K | D89: 2 | E89: 5 | F89: GUNGU | G89: WAKISO | H89: UG | I89: 1 | J89: 1 | K89: =VLOOKUP(J89,Key!$E$2:$F$9,2,FALSE) -> Home | L89: NSANGI | M89: WAKISO | N89: UG | O89: 4 | P89: 3 | Q89: =VLOOKUP(P89,Key!$E$2:$F$9,2,FALSE) -> Study | R89: =K89&"-"&Q89 -> Home-Study | S89: 5 | T89: 0.3 | U89: 3 | Y89: Y
B90: 0.53263889 | C90: UBA 956K | D90: 2 | E90: 5 | F90: GUNGU | G90: WAKISO | H90: UG | I90: 1 | J90: 1 | K90: =VLOOKUP(J90,Key!$E$2:$F$9,2,FALSE) -> Home | L90: NSANGI | M90: WAKISO | N90: UG | O90: 4 | P90: 3 | Q90: =VLOOKUP(P90,Key!$E$2:$F$9,2,FALSE) -> Study | R90: =K90&"-"&Q90 -> Home-Study | S90: 5 | T90: 0.3 | U90: 3 | Y90: Y
B91: 0.53819444 | C91: UBD 466Z | D91: 4 | E91: 6 | F91: KIBUYE | G91: KAMPALA | H91: UG | I91: 6 | J91: 2 | K91: =VLOOKUP(J91,Key!$E$2:$F$9,2,FALSE) -> Work | L91: BUSABALA | M91: WAKISO | N91: UG | O91: 6 | P91: 2 | Q91: =VLOOKUP(P91,Key!$E$2:$F$9,2,FALSE) -> Work | R91: =K91&"-"&Q91 -> Work-Work | S91: 12 | T91: 1 | U91: 2 | Y91: Y
B92: 0.046527778 | C92: UBB 618L | D92: 2 | E92: 1 | F92: KIBIRI | G92: WAKISO | H92: UG | I92: 1 | J92: 1 | K92: =VLOOKUP(J92,Key!$E$2:$F$9,2,FALSE) -> Home | L92: TOWN CITY | M92: KAMPALA | N92: UG | O92: 2 | P92: 2 | Q92: =VLOOKUP(P92,Key!$E$2:$F$9,2,FALSE) -> Work | R92: =K92&"-"&Q92 -> Home-Work | S92: 8 | T92: 0.5 | U92: 2 | Y92: Y | Z92: 1000
B93: 0.049305556 | C93: UBD 630T | D93: 2 | E93: 6 | F93: KIBIRI | G93: WAKISO | H93: UG | I93: 1 | J93: 1 | K93: =VLOOKUP(J93,Key!$E$2:$F$9,2,FALSE) -> Home | L93: TOWN CITY | M93: KAMPALA | N93: UG | O93: 4 | P93: 3 | Q93: =VLOOKUP(P93,Key!$E$2:$F$9,2,FALSE) -> Study | R93: =K93&"-"&Q93 -> Home-Study | S93: 10 | T93: 0.6 | U93: 2 | Y93: Y
B94: 0.053472222 | C94: UEQ 909U | D94: 11 | E94: 1 | F94: ZILANUMBU | G94: WAKISO | H94: UG | I94: 8 | J94: 1 | K94: =VLOOKUP(J94,Key!$E$2:$F$9,2,FALSE) -> Home | L94: SERENA | M94: KAMPALA | N94: UG | O94: 8 | P94: 1 | Q94: =VLOOKUP(P94,Key!$E$2:$F$9,2,FALSE) -> Home | R94: =K94&"-"&Q94 -> Home-Home | S94: 5 | T94: 0.2 | U94: 2 | Y94: Y | Z94: 1000
B95: 0.59930556 | C95: UAT 133Q | D95: 3 | E95: 1 | F95: KIBIRI | G95: WAKISO | H95: UG | I95: 1 | J95: 1 | K95: =VLOOKUP(J95,Key!$E$2:$F$9,2,FALSE) -> Home | L95: BUSABALA | M95: WAKISO | N95: UG | O95: 3 | P95: 4 | Q95: =VLOOKUP(P95,Key!$E$2:$F$9,2,FALSE) -> Commercial | R95: =K95&"-"&Q95 -> Home-Commercial | S95: 5 | T95: 0.2 | U95: 2 | Y95: Y | Z95: 2000
B96: 0.60069444 | C96: UAK 676B | D96: 1 | E96: 3 | F96: KIBIRI | G96: WAKISO | H96: UG | I96: 4 | J96: 3 | K96: =VLOOKUP(J96,Key!$E$2:$F$9,2,FALSE) -> Study | L96: BUSABALA | M96: WAKISO | N96: UG | O96: 1 | P96: 1 | Q96: =VLOOKUP(P96,Key!$E$2:$F$9,2,FALSE) -> Home | R96: =K96&"-"&Q96 -> Study-Home | S96: 7 | T96: 0.5 | U96: 2 | Y96: Y | Z96: 2000
B97: 0.60902778 | C97: UEV 480D | D97: 11 | E97: 2 | F97: KIBUYE | G97: KAMPALA | H97: UG | I97: 8 | J97: 2 | K97: =VLOOKUP(J97,Key!$E$2:$F$9,2,FALSE) -> Work | L97: BUSABALA | M97: WAKISO | N97: UG | O97: 8 | P97: 2 | Q97: =VLOOKUP(P97,Key!$E$2:$F$9,2,FALSE) -> Work | R97: =K97&"-"&Q97 -> Work-Work | S97: 10 | T97: 0.5 | U97: 2 | Y97: Y | Z97: 1000
B98: 0.61458333 | C98: UAJ 508E | D98: 2 | E98: 3 | F98: MUTUNDWE | G98: KAMPALA | H98: UG | I98: 1 | J98: 1 | K98: =VLOOKUP(J98,Key!$E$2:$F$9,2,FALSE) -> Home | L98: BUSABALA | M98: WAKISO | N98: UG | O98: 1 | P98: 1 | Q98: =VLOOKUP(P98,Key!$E$2:$F$9,2,FALSE) -> Home | R98: =K98&"-"&Q98 -> Home-Home | S98: 15 | T98: 1 | U98: 5 | Y98: Y
B99: 0.61944444 | C99: UAS 962Q | D99: 1 | E99: 2 | F99: KIBIRI | G99: WAKISO | H99: UG | I99: 1 | J99: 1 | K99: =VLOOKUP(J99,Key!$E$2:$F$9,2,FALSE) -> Home | L99: MUNYONYO | M99: KAMPALA | N99: UG | O99: 16 | P99: 8 | Q99: =VLOOKUP(P99,Key!$E$2:$F$9,2,FALSE) -> Others | R99: =K99&"-"&Q99 -> Home-Others | S99: 4 | T99: 0.1 | U99: 6 | Y99: Y
B100: 0.63194444 | C100: UAM 098A | D100: 1 | E100: 6 | F100: ZILANUNGO | G100: WAKISO | H100: UG | I100: 1 | J100: 1 | K100: =VLOOKUP(J100,Key!$E$2:$F$9,2,FALSE) -> Home | L100: BUSABALA | M100: WAKISO | N100: UG | O100: 16 | P100: 8 | Q100: =VLOOKUP(P100,Key!$E$2:$F$9,2,FALSE) -> Others | R100: =K100&"-"&Q100 -> Home-Others | S100: 4 | T100: 0.1 | U100: 2 | Y100: Y
B101: 0.63402778 | C101: UEK 975V | D101: 11 | E101: 1 | F101: KIBIRI | G101: WAKISO | H101: UG | I101: 8 | J101: 2 | K101: =VLOOKUP(J101,Key!$E$2:$F$9,2,FALSE) -> Work | L101: BUNGU | M101: WAKISO | N101: UG | O101: 8 | P101: 2 | Q101: =VLOOKUP(P101,Key!$E$2:$F$9,2,FALSE) -> Work | R101: =K101&"-"&Q101 -> Work-Work | S101: 3 | T101: 0.3 | U101: 2 | Y101: Y | Z101: 3000
B102: 0.63611111 | C102: UAW 952J | D102: 7 | E102: 2 | F102: KIBIR | G102: WAKISO | H102: UG | I102: 10 | J102: 2 | K102: =VLOOKUP(J102,Key!$E$2:$F$9,2,FALSE) -> Work | L102: BUSABALA | M102: WAKISO | N102: UG | O102: 15 | P102: 4 | Q102: =VLOOKUP(P102,Key!$E$2:$F$9,2,FALSE) -> Commercial | R102: =K102&"-"&Q102 -> Work-Commercial | S102: 4 | T102: 0.3 | U102: 2 | Y102: Y
...

Sheet 12.10 BUSABALA-ENTEBBE
B1: Consultancy services for Preparation of Expressway Develo PMent Master Plan (EDMP) for Uganda
B2: Roadside OD Interview Survey
B4: Date: | C4: 12.10.19 | E4: Road Name: | F4: ='12.10 ENTEBBE-BUSABALA'!F4:G4 -> BUSABALA ROAD | I4: Direction From: | L4: BUSABALA | N4: Interviewers: | O4: OLUPOT JOHN | V4: Supervisor: | W4: ='12.10 ENTEBBE-BUSABALA'!W4 -> EMMA | Y4: Coded By: | Z4: ='12.10 ENTEBBE-BUSABALA'!Z4 -> AJOK EMILY | AA4: Chkd By: | AB4: ='12.10 ENTEBBE-BUSABALA'!AB4 -> Bakole Deo
I5: Direction To: | L5: ENTEBB
B7: Time | C7: Veh_Reg_No. | D7: Veh_Type | E7: No. Occupants | F7: Origin_Address | I7: Origin_Establish | J7: Origin_Purpose | K7: Origin-Purpose Desc | L7: Destination_Address | O7: Destination_Establish | P7: Destination_Purpose | Q7: Destination_Purpose Desc | R7: Journey_Purpose | S7: Approx_Distance (Km) | T7: Approx_Journey Time (Hrs) | U7: Trip_Frequency | V7: GOODS VEHICLES ONLY | Y7: Would You Use Xpressways? | Z7: Pay How Much? (UGX) | AA7: Origin_Zone | AB7: Dest_Zone
F8: Village or Town | G8: District | H8: Country | L8: Village or Town | M8: District | N8: Country | V8: Goods_Type | W8: Goods_Quantity (Ton) | X8: Goods_Value (UGXm)
B9: 0.60069444 | C9: UBF 627R | D9: 1 | E9: 3 | F9: BUSABALA | G9: WAKISO | H9: UG | I9: 1 | J9: 1 | K9: =VLOOKUP(J9,Key!$E$2:$F$9,2,FALSE) -> Home | L9: TOWN CITY | M9: KAMPALA | N9: UG | O9: 16 | P9: 6 | Q9: =VLOOKUP(P9,Key!$E$2:$F$9,2,FALSE) -> Leisure/Social | R9: =K9&"-"&Q9 -> Home-Leisure/Social | S9: 12.87 | T9: 2 | U9: 2 | Y9: Y | Z9: 1000
B10: 0.65972222 | C10: UAT 319B | D10: 1 | E10: 3 | F10: TOWN CITY | G10: KAMPALA | H10: UG | I10: 1 | J10: 1 | K10: =VLOOKUP(J10,Key!$E$2:$F$9,2,FALSE) -> Home | L10: NDEJJE | M10: WAKISO | N10: UG | O10: 16 | P10: 8 | Q10: =VLOOKUP(P10,Key!$E$2:$F$9,2,FALSE) -> Others | R10: =K10&"-"&Q10 -> Home-Others | U10: 5 | Y10: Y | Z10: 1000
B11: 0.60763889 | C11: UAS 640D | D11: 1 | E11: 2 | F11: MAKINDYE | G11: KAMPALA | H11: UG | I11: 16 | J11: 8 | K11: =VLOOKUP(J11,Key!$E$2:$F$9,2,FALSE) -> Others | L11: KIBIRI | M11: WAKISO | N11: UG | O11: 1 | P11: 1 | Q11: =VLOOKUP(P11,Key!$E$2:$F$9,2,FALSE) -> Home | R11: =K11&"-"&Q11 -> Others-Home | S11: 12 | T11: 0.5 | U11: 2 | Y11: Y | Z11: 3000
B12: 0.65277778 | C12: UBE 519E | D12: 1 | E12: 3 | F12: GGABA | G12: KAMPALA | H12: UG | I12: 1 | J12: 1 | K12: =VLOOKUP(J12,Key!$E$2:$F$9,2,FALSE) -> Home | L12: GANGU | M12: WAKISO | N12: UG | O12: 1 | P12: 1 | Q12: =VLOOKUP(P12,Key!$E$2:$F$9,2,FALSE) -> Home | R12: =K12&"-"&Q12 -> Home-Home | S12: 2.5 | T12: 0.3 | U12: 6 | Y12: Y | Z12: 1000
B13: 0.61736111 | C13: UAV 279S | D13: 4 | E13: 4 | F13: BUSABALA | G13: WAKISO | H13: UG | I13: 6 | J13: 2 | K13: =VLOOKUP(J13,Key!$E$2:$F$9,2,FALSE) -> Work | L13: USASI | M13: KAMPALA | N13: UG | O13: 6 | P13: 2 | Q13: =VLOOKUP(P13,Key!$E$2:$F$9,2,FALSE) -> Work | R13: =K13&"-"&Q13 -> Work-Work | T13: 0.5 | U13: 2 | Y13: Y | Z13: 1000
B14: 0.65208333 | C14: UAR 867J | D14: 3 | E14: 2 | F14: BUSABALA | G14: WAKISO | H14: UG | I14: 16 | J14: 8 | K14: =VLOOKUP(J14,Key!$E$2:$F$9,2,FALSE) -> Others | L14: KIBUYE | M14: KAMPALA | N14: UG | O14: 1 | P14: 1 | Q14: =VLOOKUP(P14,Key!$E$2:$F$9,2,FALSE) -> Home | R14: =K14&"-"&Q14 -> Others-Home | U14: 6 | Y14: Y | Z14: 2000
B15: 0.62986111 | C15: SSD 351AE | D15: 1 | E15: 4 | F15: SAALAMA | G15: WAKISO | H15: UG | I15: 16 | J15: 8 | K15: =VLOOKUP(J15,Key!$E$2:$F$9,2,FALSE) -> Others | L15: GANGU | M15: WAKISO | N15: UG | O15: 16 | P15: 8 | Q15: =VLOOKUP(P15,Key!$E$2:$F$9,2,FALSE) -> Others | R15: =K15&"-"&Q15 -> Others-Others | T15: 0.3 | U15: 2 | Y15: Y | Z15: 3000
B16: 0.64236111 | C16: UAZ 312T | D16: 1 | E16: 2 | F16: BUSABALA | G16: WAKISO | H16: UG | I16: 16 | J16: 8 | K16: =VLOOKUP(J16,Key!$E$2:$F$9,2,FALSE) -> Others | L16: NATEETE | M16: KAMPALA | N16: UG | O16: 11 | P16: 4 | Q16: =VLOOKUP(P16,Key!$E$2:$F$9,2,FALSE) -> Commercial | R16: =K16&"-"&Q16 -> Others-Commercial | T16: 0.5 | U16: 1 | Y16: Y | Z16: 1000
B17: 0.52083333 | C17: UBA 874L | D17: 7 | E17: 2 | F17: BUSABALA | G17: WAKISO | H17: UG | I17: 16 | J17: 8 | K17: =VLOOKUP(J17,Key!$E$2:$F$9,2,FALSE) -> Others | L17: NAMASUBA | M17: WAKISO | N17: UG | O17: 16 | P17: 8 | Q17: =VLOOKUP(P17,Key!$E$2:$F$9,2,FALSE) -> Others | R17: =K17&"-"&Q17 -> Others-Others | S17: 15 | T17: 0.3 | U17: 6 | Y17: Y | Z17: 2000
B18: 0.55555556 | C18: UEU 519X | D18: 11 | E18: 1 | F18: SAALAMA | G18: KAMPALA | H18: UG | I18: 8 | J18: 2 | K18: =VLOOKUP(J18,Key!$E$2:$F$9,2,FALSE) -> Work | L18: KANAABA | M18: KAMPALA | N18: UG | O18: 8 | P18: 2 | Q18: =VLOOKUP(P18,Key!$E$2:$F$9,2,FALSE) -> Work | R18: =K18&"-"&Q18 -> Work-Work | S18: 12 | T18: 0.3 | U18: 1 | Y18: Y | Z18: 1000
B19: 0.4875 | C19: UEX 289B | D19: 11 | E19: 1 | F19: BUSABALA | G19: WAKISO | H19: UG | I19: 16 | J19: 8 | K19: =VLOOKUP(J19,Key!$E$2:$F$9,2,FALSE) -> Others | L19: KIBIRI | M19: WAKISO | N19: UG | O19: 16 | P19: 8 | Q19: =VLOOKUP(P19,Key!$E$2:$F$9,2,FALSE) -> Others | R19: =K19&"-"&Q19 -> Others-Others | U19: 1 | Y19: Y | Z19: 1000
B20: 0.54861111 | C20: UAH 953S | D20: 1 | E20: 1 | F20: BUSABALA | G20: WAKISO | H20: UG | I20: 16 | J20: 8 | K20: =VLOOKUP(J20,Key!$E$2:$F$9,2,FALSE) -> Others | L20: KIBIRI | M20: WAKISO | N20: UG | O20: 1 | P20: 1 | Q20: =VLOOKUP(P20,Key!$E$2:$F$9,2,FALSE) -> Home | R20: =K20&"-"&Q20 -> Others-Home | S20: 2 | T20: 0.3 | U20: 2 | Y20: Y | Z20: 1000
B21: 0.48611111 | C21: UAUA789Q | D21: 1 | E21: 4 | F21: NANSANA | G21: WAKISO | H21: UG | I21: 1 | J21: 4 | K21: =VLOOKUP(J21,Key!$E$2:$F$9,2,FALSE) -> Commercial | L21: KIBIRI | M21: WAKISO | N21: UG | O21: 16 | P21: 6 | Q21: =VLOOKUP(P21,Key!$E$2:$F$9,2,FALSE) -> Leisure/Social | R21: =K21&"-"&Q21 -> Commercial-Leisure/Social | U21: 3 | Y21: Y | Z21: 1000
B22: 0.53472222 | C22: UAG 683S | D22: 1 | E22: 2 | F22: TOWN CITY | G22: KAMPALA | H22: UG | I22: 16 | J22: 8 | K22: =VLOOKUP(J22,Key!$E$2:$F$9,2,FALSE) -> Others | L22: KIBIRI | M22: WAKISO | N22: UG | O22: 16 | P22: 8 | Q22: =VLOOKUP(P22,Key!$E$2:$F$9,2,FALSE) -> Others | R22: =K22&"-"&Q22 -> Others-Others | T22: 0.8 | U22: 6 | Y22: Y | Z22: 1000
B23: 0.51527778 | C23: UAX 468W | D23: 1 | E23: 2 | F23: ENTEBBE | G23: WAKISO | H23: UG | I23: 16 | J23: 8 | K23: =VLOOKUP(J23,Key!$E$2:$F$9,2,FALSE) -> Others | L23: KIBIRI | M23: WAKISO | N23: UG | O23: 1 | P23: 1 | Q23: =VLOOKUP(P23,Key!$E$2:$F$9,2,FALSE) -> Home | R23: =K23&"-"&Q23 -> Others-Home | T23: 0.8 | U23: 2 | Y23: Y | Z23: 1000
B24: 0.42708333 | C24: UBE 830L | D24: 1 | E24: 4 | F24: NAKAWUKA | G24: WAKISO | H24: UG | I24: 1 | J24: 1 | K24: =VLOOKUP(J24,Key!$E$2:$F$9,2,FALSE) -> Home | L24: MASAJJA | M24: WAKISO | N24: UG | O24: 16 | P24: 6 | Q24: =VLOOKUP(P24,Key!$E$2:$F$9,2,FALSE) -> Leisure/Social | R24: =K24&"-"&Q24 -> Home-Leisure/Social | S24: 3.2 | T24: 0.5 | U24: 5 | Y24: Y | Z24: 1000
B25: 0.42986111 | C25: UAW 170J | D25: 1 | E25: 2 | F25: BUZIGA | G25: KAMPALA | H25: UG | I25: 1 | J25: 1 | K25: =VLOOKUP(J25,Key!$E$2:$F$9,2,FALSE) -> Home | L25: BUSABALA | M25: WAKISO | N25: UG | O25: 10 | P25: 4 | Q25: =VLOOKUP(P25,Key!$E$2:$F$9,2,FALSE) -> Commercial | R25: =K25&"-"&Q25 -> Home-Commercial | T25: 0.1 | U25: 2 | Y25: Y | Z25: 5000
B26: 0.42013889 | C26: UBF 995V | D26: 1 | E26: 2 | F26: MUNYONYO | G26: KAMPALA | H26: UG | I26: 16 | J26: 8 | K26: =VLOOKUP(J26,Key!$E$2:$F$9,2,FALSE) -> Others | L26: ENTEBBE | M26: WAKISO | N26: UG | O26: 16 | P26: 6 | Q26: =VLOOKUP(P26,Key!$E$2:$F$9,2,FALSE) -> Leisure/Social | R26: =K26&"-"&Q26 -> Others-Leisure/Social | S26: 20 | T26: 0.6 | U26: 2 | Y26: Y | Z26: 1000
B27: 0.40138889 | C27: UAR 520E | D27: 5 | E27: 10 | F27: BUSABALA | G27: WAKISO | H27: UG | I27: 6 | J27: 2 | K27: =VLOOKUP(J27,Key!$E$2:$F$9,2,FALSE) -> Work | L27: TOWN CITY | M27: KAMPALA | N27: UG | O27: 6 | P27: 2 | Q27: =VLOOKUP(P27,Key!$E$2:$F$9,2,FALSE) -> Work | R27: =K27&"-"&Q27 -> Work-Work | S27: 11.26 | T27: 2 | U27: 2 | Y27: Y | Z27: 1000
B28: 10:21 | C28: UAZ 629B | D28: 4 | E28: 10 | F28: BUSABALA | G28: WAKISO | H28: UG | I28: 6 | J28: 2 | K28: =VLOOKUP(J28,Key!$E$2:$F$9,2,FALSE) -> Work | L28: KIBULI | M28: KAMPALA | N28: UG | O28: 6 | P28: 2 | Q28: =VLOOKUP(P28,Key!$E$2:$F$9,2,FALSE) -> Work | R28: =K28&"-"&Q28 -> Work-Work | S28: 10 | T28: 0.5 | U28: 2 | Y28: Y | Z28: 2000
B29: 0.39513889 | C29: UBB 606Q | D29: 1 | E29: 2 | F29: KAKOLA | G29: WAKISO | H29: UG | I29: 1 | J29: 1 | K29: =VLOOKUP(J29,Key!$E$2:$F$9,2,FALSE) -> Home | L29: KABUUMA | M29: WAKISO | N29: UG | O29: 2 | P29: 2 | Q29: =VLOOKUP(P29,Key!$E$2:$F$9,2,FALSE) -> Work | R29: =K29&"-"&Q29 -> Home-Work | S29: 10 | T29: 0.3 | U29: 6 | Y29: Y | Z29: 1000
B30: 0.4375 | C30: UBA 626L | D30: 1 | E30: 1 | F30: MASANAFU | G30: KAMPALA | H30: UG | I30: 1 | J30: 1 | K30: =VLOOKUP(J30,Key!$E$2:$F$9,2,FALSE) -> Home | L30: KIBIRI | M30: WAKISO | N30: UG | O30: 16 | P30: 8 | Q30: =VLOOKUP(P30,Key!$E$2:$F$9,2,FALSE) -> Others | R30: =K30&"-"&Q30 -> Home-Others | S30: 26 | T30: 0.6 | U30: 1 | Y30: Y | Z30: 2000
B31: 0.39027778 | C31: UAQ 078Y | D31: 1 | E31: 1 | F31: MUNYONYO | G31: KAMPALA | H31: UG | I31: 1 | J31: 1 | K31: =VLOOKUP(J31,Key!$E$2:$F$9,2,FALSE) -> Home | L31: GOMBOLOLA | M31: WAKISO | N31: UG | O31: 16 | P31: 6 | Q31: =VLOOKUP(P31,Key!$E$2:$F$9,2,FALSE) -> Leisure/Social | R31: =K31&"-"&Q31 -> Home-Leisure/Social | S31: 4 | T31: 0.3 | U31: 6 | Y31: Y | Z31: 1000
B32: 0.44305556 | C32: UAK 304Y | D32: 7 | E32: 2 | F32: BUSEGA | G32: WAKISO | H32: UG | I32: 16 | J32: 8 | K32: =VLOOKUP(J32,Key!$E$2:$F$9,2,FALSE) -> Others | L32: TOWN CITY | M32: KAMPALA | N32: UG | O32: 11 | P32: 4 | Q32: =VLOOKUP(P32,Key!$E$2:$F$9,2,FALSE) -> Commercial | R32: =K32&"-"&Q32 -> Others-Commercial | T32: 0.6 | U32: 6 | Y32: Y | Z32: 1000
B33: 0.37986111 | C33: UAM 557R | D33: 1 | E33: 1 | F33: KABALAGALA | G33: KAMPALA | H33: UG | I33: 16 | J33: 8 | K33: =VLOOKUP(J33,Key!$E$2:$F$9,2,FALSE) -> Others | L33: KANABA | M33: WAKISO | N33: UG | O33: 2 | P33: 2 | Q33: =VLOOKUP(P33,Key!$E$2:$F$9,2,FALSE) -> Work | R33: =K33&"-"&Q33 -> Others-Work | S33: 15 | T33: 0.3 | U33: 6 | Y33: Y | Z33: 2000
B34: 0.37291667 | C34: UDT 211X | D34: 11 | E34: 1 | F34: BUSABALA | G34: WAKISO | H34: UG | I34: 16 | J34: 8 | K34: =VLOOKUP(J34,Key!$E$2:$F$9,2,FALSE) -> Others | L34: KIBIRI | M34: WAKISO | N34: UG | O34: 16 | P34: 8 | Q34: =VLOOKUP(P34,Key!$E$2:$F$9,2,FALSE) -> Others | R34: =K34&"-"&Q34 -> Others-Others | S34: 1.6 | T34: 0.3 | U34: 2 | Y34: Y | Z34: 1000
B35: 0.49722222 | C35: UAW 187J | D35: 1 | E35: 2 | F35: BUSABALA | G35: WAKISO | H35: UG | I35: 16 | J35: 8 | K35: =VLOOKUP(J35,Key!$E$2:$F$9,2,FALSE) -> Others | L35: KIBIRI | M35: WAKISO | N35: UG | O35: 16 | P35: 8 | Q35: =VLOOKUP(P35,Key!$E$2:$F$9,2,FALSE) -> Others | R35: =K35&"-"&Q35 -> Others-Others | S35: 5 | T35: 0.3 | U35: 2 | Y35: Y | Z35: 1000
B36: 0.34444444 | C36: UEW 318D | D36: 11 | E36: 1 | F36: BUSABALA | G36: WAKISO | H36: UG | I36: 8 | J36: 2 | K36: =VLOOKUP(J36,Key!$E$2:$F$9,2,FALSE) -> Work | L36: KIBIRI | M36: WAKISO | N36: UG | O36: 8 | P36: 2 | Q36: =VLOOKUP(P36,Key!$E$2:$F$9,2,FALSE) -> Work | R36: =K36&"-"&Q36 -> Work-Work | S36: 3 | T36: 0.1 | U36: 1 | Y36: Y | Z36: 2000
B37: 0.50069444 | C37: UAF 569C | D37: 1 | E37: 1 | F37: BITALA | G37: WAKISO | H37: UG | I37: 1 | J37: 1 | K37: =VLOOKUP(J37,Key!$E$2:$F$9,2,FALSE) -> Home | L37: KIBIRI | M37: WAKISO | N37: UG | O37: 16 | P37: 8 | Q37: =VLOOKUP(P37,Key!$E$2:$F$9,2,FALSE) -> Others | R37: =K37&"-"&Q37 -> Home-Others | S37: 1.6 | T37: 1 | U37: 2 | Y37: Y | Z37: 1000
B38: 0.34375 | C38: UBB 064W | D38: 7 | E38: 1 | F38: BUSABALA | G38: WAKISO | H38: UG | I38: 16 | J38: 8 | K38: =VLOOKUP(J38,Key!$E$2:$F$9,2,FALSE) -> Others | L38: MASAJJA | M38: WAKISO | N38: UG | O38: 16 | P38: 8 | Q38: =VLOOKUP(P38,Key!$E$2:$F$9,2,FALSE) -> Others | R38: =K38&"-"&Q38 -> Others-Others | S38: 7 | T38: 0.3 | U38: 6 | Y38: Y | Z38: 1000
B39: 0.50694444 | C39: UAZ 364D | D39: 7 | E39: 1 | F39: KAJJANSI | G39: WAKISO | H39: UG | I39: 10 | J39: 4 | K39: =VLOOKUP(J39,Key!$E$2:$F$9,2,FALSE) -> Commercial | L39: KUBUYE | M39: KAMPALA | N39: UG | O39: 10 | P39: 4 | Q39: =VLOOKUP(P39,Key!$E$2:$F$9,2,FALSE) -> Commercial | R39: =K39&"-"&Q39 -> Commercial-Commercial | S39: 16.1 | T39: 1 | U39: 3 | Y39: Y | Z39: 1000
B40: 0.34027778 | C40: UAS 539D | D40: 7 | E40: 10 | F40: BUSABALA | G40: WAKISO | H40: UG | I40: 6 | J40: 2 | K40: =VLOOKUP(J40,Key!$E$2:$F$9,2,FALSE) -> Work | L40: TOWN CITY | M40: KAMPALA | N40: UG | O40: 6 | P40: 2 | Q40: =VLOOKUP(P40,Key!$E$2:$F$9,2,FALSE) -> Work | R40: =K40&"-"&Q40 -> Work-Work | S40: 10 | T40: 0.5 | U40: 2 | Y40: Y | Z40: 1000
B41: 0.50902778 | C41: UAX 990K | D41: 4 | E41: 11 | F41: BUSABALA | G41: WAKISO | H41: UG | I41: 6 | J41: 2 | K41: =VLOOKUP(J41,Key!$E$2:$F$9,2,FALSE) -> Work | L41: TOWN CITY | M41: KAMPALA | N41: UG | O41: 6 | P41: 2 | Q41: =VLOOKUP(P41,Key!$E$2:$F$9,2,FALSE) -> Work | R41: =K41&"-"&Q41 -> Work-Work | T41: 0.5 | U41: 2 | Y41: Y | Z41: 1000
B42: 0.33333333 | C42: UBE 347U | D42: 1 | E42: 1 | F42: BUSABALA | G42: WAKISO | H42: UG | I42: 1 | J42: 1 | K42: =VLOOKUP(J42,Key!$E$2:$F$9,2,FALSE) -> Home | L42: KIBUYE | M42: KAMPALA | N42: UG | O42: 1 | P42: 2 | Q42: =VLOOKUP(P42,Key!$E$2:$F$9,2,FALSE) -> Work | R42: =K42&"-"&Q42 -> Home-Work | T42: 0.3 | U42: 2 | Y42: Y | Z42: 1000
B43: 0.25 | C43: UBB 125 | D43: 1 | E43: 2 | F43: BUSABALA | G43: WAKISO | H43: UG | I43: 1 | J43: 1 | K43: =VLOOKUP(J43,Key!$E$2:$F$9,2,FALSE) -> Home | L43: BUGGU | M43: WAKISO | N43: UG | O43: 7 | P43: 4 | Q43: =VLOOKUP(P43,Key!$E$2:$F$9,2,FALSE) -> Commercial | R43: =K43&"-"&Q43 -> Home-Commercial | U43: 2 | Y43: Y | Z43: 1000
B44: 0.16666667 | C44: UAX 790M | D44: 7 | E44: 2 | F44: SALOMA | G44: WAKISO | H44: UG | I44: 12 | J44: 2 | K44: =VLOOKUP(J44,Key!$E$2:$F$9,2,FALSE) -> Work | L44: KIBIRI | M44: WAKISO | N44: UG | O44: 10 | P44: 8 | Q44: =VLOOKUP(P44,Key!$E$2:$F$9,2,FALSE) -> Others | R44: =K44&"-"&Q44 -> Work-Others | U44: 2 | Y44: Y | Z44: 1000
B45: 0.13194444 | C45: UAJ 756L | D45: 1 | E45: 2 | F45: BUSABALA | G45: WAKISO | H45: UG | I45: 1 | J45: 1 | K45: =VLOOKUP(J45,Key!$E$2:$F$9,2,FALSE) -> Home | L45: KAVUUMA | M45: WAKISO | N45: UG | O45: 16 | P45: 6 | Q45: Leisure/Social | R45: =K45&"-"&Q45 -> Home-Leisure/Social | S45: 2 | T45: 0.5 | U45: 4 | Y45: Y | Z45: 5000
B46: 0.14583333 | C46: UBB 039A | D46: 1 | E46: 1 | F46: TOWN CITY | G46: KAMPALA | H46: UG | I46: 11 | J46: 4 | K46: =VLOOKUP(J46,Key!$E$2:$F$9,2,FALSE) -> Commercial | L46: KIBIRI | M46: WAKISO | N46: UG | O46: 1 | P46: 1 | Q46: =VLOOKUP(P46,Key!$E$2:$F$9,2,FALSE) -> Home | R46: =K46&"-"&Q46 -> Commercial-Home | S46: 4 | T46: 1 | U46: 2 | Y46: Y | Z46: 1000
B47: 0.63194444 | C47: UAT 670U 3 | D47: 3 | E47: 3 | F47: SEETA | G47: WAKISO | H47: UG | I47: 1 | J47: 1 | K47: =VLOOKUP(J47,Key!$E$2:$F$9,2,FALSE) -> Home | L47: KIBIRI | M47: WAKISO | N47: UG | O47: 11 | P47: 4 | Q47: =VLOOKUP(P47,Key!$E$2:$F$9,2,FALSE) -> Commercial | R47: =K47&"-"&Q47 -> Home-Commercial | U47: 4 | Y47: Y | Z47: 1000
B48: 0.625 | C48: UAW 770V | D48: 1 | E48: 1 | F48: BUSABALA | G48: WAKISO | H48: UG | I48: 1 | J48: 1 | K48: =VLOOKUP(J48,Key!$E$2:$F$9,2,FALSE) -> Home | L48: SPEKE HOTEL | M48: KAMPALA | N48: UG | O48: 16 | P48: 8 | Q48: Others | R48: =K48&"-"&Q48 -> Home-Others | S48: 14.5 | T48: 0.5 | U48: 2 | Y48: Y | Z48: 1000
B49: 0.45833333 | C49: UBD 116D | D49: 2 | E49: 1 | F49: KIBIRI | G49: WAKISO | H49: UG | I49: 1 | J49: 1 | K49: =VLOOKUP(J49,Key!$E$2:$F$9,2,FALSE) -> Home | L49: TOWN CITY | M49: KAMPALA | N49: UG | O49: 12 | P49: 2 | Q49: =VLOOKUP(P49,Key!$E$2:$F$9,2,FALSE) -> Work | R49: =K49&"-"&Q49 -> Home-Work | S49: 5 | T49: 1.5 | U49: 2 | Y49: Y | Z49: 500
B50: 0.61111111 | C50: UBD 157M | D50: 1 | E50: 5 | F50: MUNYONYO | G50: KAMPALA | H50: UG | I50: 2 | J50: 2 | K50: =VLOOKUP(J50,Key!$E$2:$F$9,2,FALSE) -> Work | L50: KIBIRI | M50: WAKISO | N50: UG | O50: 1 | P50: 1 | Q50: =VLOOKUP(P50,Key!$E$2:$F$9,2,FALSE) -> Home | R50: =K50&"-"&Q50 -> Work-Home | S50: 2 | T50: 0.2 | U50: 2 | Y50: Y | Z50: 200
B51: 0.60416667 | C51: UAH 671W | D51: 1 | E51: 4 | F51: GGABA | G51: KAMPALA | H51: UG | I51: 11 | J51: 4 | K51: =VLOOKUP(J51,Key!$E$2:$F$9,2,FALSE) -> Commercial | L51: NDEJJE | M51: WAKISO | N51: UG | O51: 1 | P51: 1 | Q51: =VLOOKUP(P51,Key!$E$2:$F$9,2,FALSE) -> Home | R51: =K51&"-"&Q51 -> Commercial-Home | S51: 3 | T51: 0.3 | U51: 2 | Y51: Y | Z51: 3000
B52: 0.59722222 | C52: UAW 319T | D52: 1 | E52: 1 | F52: GGABA | G52: KAMPALA | H52: UG | I52: 11 | J52: 4 | K52: =VLOOKUP(J52,Key!$E$2:$F$9,2,FALSE) -> Commercial | L52: KIBIRI | M52: WAKISO | N52: UG | O52: 1 | P52: 1 | Q52: =VLOOKUP(P52,Key!$E$2:$F$9,2,FALSE) -> Home | R52: =K52&"-"&Q52 -> Commercial-Home | S52: 3 | T52: 0.1 | U52: 2 | Y52: Y
B53: 0.58958333 | C53: UAF 928C | D53: 2 | E53: 2 | F53: MUNYONYO | G53: KAMPALA | H53: UG | I53: 1 | J53: 1 | K53: =VLOOKUP(J53,Key!$E$2:$F$9,2,FALSE) -> Home | L53: KIBIRI | M53: WAKISO | N53: UG | O53: 2 | P53: 2 | Q53: =VLOOKUP(P53,Key!$E$2:$F$9,2,FALSE) -> Work | R53: =K53&"-"&Q53 -> Home-Work | S53: 3 | T53: 0.1 | U53: 2 | Y53: Y | Z53: 5000
B54: 0.59375 | C54: UAM 943H | D54: 1 | E54: 2 | F54: NAJANAKIMBI | G54: KAMPALA | H54: UG | I54: 1 | J54: 1 | K54: =VLOOKUP(J54,Key!$E$2:$F$9,2,FALSE) -> Home | L54: KIBIRI | M54: WAKISO | N54: UG | O54: 16 | P54: 6 | Q54: =VLOOKUP(P54,Key!$E$2:$F$9,2,FALSE) -> Leisure/Social | R54: =K54&"-"&Q54 -> Home-Leisure/Social | S54: 2 | T54: 1.5 | U54: 2 | Y54: Y | Z54: 100
B55: 0.49513889 | C55: UAL 653T | D55: 1 | E55: 1 | F55: BUS | G55: WAKISO | H55: UG | I55: 1 | J55: 1 | K55: =VLOOKUP(J55,Key!$E$2:$F$9,2,FALSE) -> Home | L55: TOWN CITY | M55: KAMPALA | N55: UG | O55: 16 | P55: 6 | Q55: =VLOOKUP(P55,Key!$E$2:$F$9,2,FALSE) -> Leisure/Social | R55: =K55&"-"&Q55 -> Home-Leisure/Social | U55: 2 | Y55: Y | Z55: 1000
B56: 0.44305556 | C56: UAR 885W | D56: 1 | E56: 3 | F56: KAVUMA | G56: KAMPALA | H56: UG | I56: 1 | J56: 1 | K56: =VLOOKUP(J56,Key!$E$2:$F$9,2,FALSE) -> Home | L56: TOWN CITY | M56: KAMPALA | N56: UG | O56: 5 | P56: 7 | Q56: =VLOOKUP(P56,Key!$E$2:$F$9,2,FALSE) -> Hospital | R56: =K56&"-"&Q56 -> Home-Hospital | S56: 6 | T56: 2 | U56: 2 | Y56: Y | Z56: 1000
B57: 0.4375 | C57: UAZ652S | D57: 1 | E57: 2 | F57: KIBIRI | G57: WAKISO | H57: UG | I57: 1 | J57: 1 | K57: =VLOOKUP(J57,Key!$E$2:$F$9,2,FALSE) -> Home | L57: MUNYONYO | M57: KAMPALA | N57: UG | O57: 9 | P57: 5 | Q57: =VLOOKUP(P57,Key!$E$2:$F$9,2,FALSE) -> Tourism | R57: =K57&"-"&Q57 -> Home-Tourism | U57: 2 | Y57: Y
B58: 0.35416667 | C58: UBE 846N | D58: 1 | E58: 1 | F58: KIBIRI | G58: WAKISO | H58: UG | I58: 1 | J58: 1 | K58: =VLOOKUP(J58,Key!$E$2:$F$9,2,FALSE) -> Home | L58: TOWN CITY | M58: KAMPALA | N58: UG | O58: 7 | P58: 8 | Q58: =VLOOKUP(P58,Key!$E$2:$F$9,2,FALSE) -> Others | R58: =K58&"-"&Q58 -> Home-Others | S58: 5 | T58: 1 | U58: 2 | Y58: Y
B59: 0.52291667 | C59: UBA 331K | D59: 4 | E59: 2 | F59: TOWN CITY | G59: KAMPALA | H59: UG | I59: 7 | J59: 1 | K59: =VLOOKUP(J59,Key!$E$2:$F$9,2,FALSE) -> Home | L59: KIBIRI | M59: WAKISO | N59: UG | O59: 1 | P59: 6 | Q59: =VLOOKUP(P59,Key!$E$2:$F$9,2,FALSE) -> Leisure/Social | R59: =K59&"-"&Q59 -> Home-Leisure/Social | S59: 4 | T59: 1 | U59: 4 | Y59: Y | Z59: 500
B60: 0.36458333 | C60: UEF 219E | D60: 11 | E60: 1 | F60: MIREMBE | G60: KAMPALA | H60: UG | I60: 8 | J60: 2 | K60: =VLOOKUP(J60,Key!$E$2:$F$9,2,FALSE) -> Work | L60: KIBIRI | M60: WAKISO | N60: UG | O60: 8 | P60: 2 | Q60: =VLOOKUP(P60,Key!$E$2:$F$9,2,FALSE) -> Work | R60: =K60&"-"&Q60 -> Work-Work | U60: 2 | Y60: Y | Z60: 2000
B61: 0.36805556 | C61: UAL 982E | D61: 1 | E61: 2 | F61: KIGO | G61: WAKISO | H61: UG | I61: 1 | J61: 2 | K61: =VLOOKUP(J61,Key!$E$2:$F$9,2,FALSE) -> Work | L61: TOWN CITY | M61: WAKISO | N61: UG | O61: 1 | P61: 1 | Q61: =VLOOKUP(P61,Key!$E$2:$F$9,2,FALSE) -> Home | R61: =K61&"-"&Q61 -> Work-Home | U61: 2 | Y61: Y | Z61: 500
B62: 0.375 | C62: UDR 989D | D62: 1 | E62: 1 | F62: BUSABALA | G62: WAKISO | H62: UG | J62: 8 | K62: =VLOOKUP(J62,Key!$E$2:$F$9,2,FALSE) -> Others | L62: KIGO | M62: WAKISO | N62: UG | O62: 8 | P62: 2 | Q62: =VLOOKUP(P62,Key!$E$2:$F$9,2,FALSE) -> Work | R62: =K62&"-"&Q62 -> Others-Work | U62: 2 | Y62: Y | Z62: 3000
B63: 0.33333333 | C63: UAJ 794J | D63: 1 | E63: 2 | F63: KAVUMA | G63: WAKISO | H63: UG | I63: 1 | J63: 1 | K63: =VLOOKUP(J63,Key!$E$2:$F$9,2,FALSE) -> Home | L63: TOWN CITY | M63: KAMPALA | N63: UG | O63: 1 | P63: 6 | Q63: =VLOOKUP(P63,Key!$E$2:$F$9,2,FALSE) -> Leisure/Social | R63: =K63&"-"&Q63 -> Home-Leisure/Social | U63: 2 | Y63: Y
B64: 0.375 | C64: UAK 594U | D64: 1 | E64: 2 | F64: BUSABALA | G64: WAKISO | H64: UG | I64: 1 | J64: 1 | K64: =VLOOKUP(J64,Key!$E$2:$F$9,2,FALSE) -> Home | L64: MASAJJA | M64: WAKISO | N64: UG | O64: 16 | P64: 6 | Q64: =VLOOKUP(P64,Key!$E$2:$F$9,2,FALSE) -> Leisure/Social | R64: =K64&"-"&Q64 -> Home-Leisure/Social | U64: 5 | Y64: Y | Z64: 1000
B65: 0.53472222 | C65: UEN 130Q | D65: 11 | E65: 1 | F65: BUSABALA | G65: WAKISO | H65: UG | I65: 8 | J65: 1 | K65: =VLOOKUP(J65,Key!$E$2:$F$9,2,FALSE) -> Home | L65: KIBIRI | M65: WAKISO | N65: UG | O65: 8 | P65: 1 | Q65: =VLOOKUP(P65,Key!$E$2:$F$9,2,FALSE) -> Home | R65: =K65&"-"&Q65 -> Home-Home | U65: 2 | Y65: Y | Z65: 500
B66: 0.39930556 | C66: UAU 829F | D66: 1 | E66: 2 | F66: BUSABALA | G66: WAKISO | H66: UG | I66: 1 | J66: 1 | K66: =VLOOKUP(J66,Key!$E$2:$F$9,2,FALSE) -> Home | L66: MASAJJA | M66: WAKISO | N66: UG | O66: 11 | P66: 4 | Q66: =VLOOKUP(P66,Key!$E$2:$F$9,2,FALSE) -> Commercial | R66: =K66&"-"&Q66 -> Home-Commercial | U66: 2 | Y66: Y | Z66: 2000
B67: 0.40347222 | C67: UAM 726K | D67: 1 | E67: 1 | F67: BUSABALA | G67: WAKISO | H67: UG | I67: 1 | J67: 1 | K67: =VLOOKUP(J67,Key!$E$2:$F$9,2,FALSE) -> Home | L67: MASAJJA | M67: WAKISO | N67: UG | O67: 10 | P67: 2 | Q67: =VLOOKUP(P67,Key!$E$2:$F$9,2,FALSE) -> Work | R67: =K67&"-"&Q67 -> Home-Work | U67: 2 | Y67: Y
B68: 0.39305556 | C68: UAV 577Q | D68: 1 | E68: 1 | F68: KIGO | G68: WAKISO | H68: UG | I68: 1 | J68: 1 | K68: =VLOOKUP(J68,Key!$E$2:$F$9,2,FALSE) -> Home | L68: KAVUUMA | M68: WAKISO | N68: UG | O68: 1 | P68: 6 | Q68: =VLOOKUP(P68,Key!$E$2:$F$9,2,FALSE) -> Leisure/Social | R68: =K68&"-"&Q68 -> Home-Leisure/Social | S68: 2 | T68: 0.3 | U68: 2 | Y68: Y | Z68: 1000
B69: 0.42361111 | C69: UAL 434C | D69: 1 | E69: 3 | F69: KITIGO | G69: WAKISO | H69: UG | I69: 1 | J69: 1 | K69: =VLOOKUP(J69,Key!$E$2:$F$9,2,FALSE) -> Home | L69: TOWN CITY | M69: KAMPALA | N69: UG | O69: 5 | P69: 7 | Q69: =VLOOKUP(P69,Key!$E$2:$F$9,2,FALSE) -> Hospital | R69: =K69&"-"&Q69 -> Home-Hospital | U69: 2 | Y69: Y | Z69: 2000
B70: 0.41666667 | C70: UAT 322P | D70: 1 | E70: 2 | F70: TOWN CITY | G70: KAMPALA | H70: UG | I70: 7 | J70: 4 | K70: =VLOOKUP(J70,Key!$E$2:$F$9,2,FALSE) -> Commercial | L70: KIGO | M70: WAKISO | N70: UG | O70: 1 | P70: 1 | Q70: =VLOOKUP(P70,Key!$E$2:$F$9,2,FALSE) -> Home | R70: =K70&"-"&Q70 -> Commercial-Home | U70: 2 | Y70: Y | Z70: 1000
B71: 0.44791667 | C71: UBA 258U | D71: 1 | E71: 1 | F71: TOWN CITY | G71: KAMPALA | H71: UG | I71: 3 | J71: 2 | K71: =VLOOKUP(J71,Key!$E$2:$F$9,2,FALSE) -> Work | L71: KAKOLA | M71: WAKISO | N71: UG | O71: 7 | P71: 4 | Q71: =VLOOKUP(P71,Key!$E$2:$F$9,2,FALSE) -> Commercial | R71: =K71&"-"&Q71 -> Work-Commercial | S71: 4 | T71: 1.5 | U71: 2 | Y71: Y | Z71: 2000
B72: 0.42708333 | C72: UBE 917T | D72: 1 | E72: 2 | F72: SALOMA | G72: WAKISO | H72: UG | I72: 1 | J72: 1 | K72: =VLOOKUP(J72,Key!$E$2:$F$9,2,FALSE) -> Home | L72: KIBIRI | M72: WAKISO | N72: UG | O72: 9 | P72: 3 | Q72: =VLOOKUP(P72,Key!$E$2:$F$9,2,FALSE) -> Study | R72: =K72&"-"&Q72 -> Home-Study | S72: 3 | T72: 0.5 | U72: 2 | Y72: Y | Z72: 200
B73: 0.45277778 | C73: UBA 626L | D73: 1 | E73: 2 | F73: KAVUMA | G73: WAKISO | H73: UG | I73: 1 | J73: 1 | K73: =VLOOKUP(J73,Key!$E$2:$F$9,2,FALSE) -> Home | L73: TOWN CITY | M73: WAKISO | N73: UG | O73: 12 | P73: 5 | Q73: =VLOOKUP(P73,Key!$E$2:$F$9,2,FALSE) -> Tourism | R73: =K73&"-"&Q73 -> Home-Tourism | U73: 2 | Y73: Y
B74: 0.45138889 | C74: UBA 626L | D74: 1 | E74: 1 | F74: TOWN CITY | G74: KAMPALA | H74: UG | I74: 1 | J74: 1 | K74: =VLOOKUP(J74,Key!$E$2:$F$9,2,FALSE) -> Home | L74: KIBIRI | M74: WAKISO | N74: UG | O74: 12 | P74: 5 | Q74: =VLOOKUP(P74,Key!$E$2:$F$9,2,FALSE) -> Tourism | R74: =K74&"-"&Q74 -> Home-Tourism | U74: 2 | Y74: Y
B75: 0.44097222 | C75: UAW 196F | D75: 1 | E75: 2 | F75: TOWN CITY | G75: WAKISO | H75: UG | I75: 1 | J75: 1 | K75: =VLOOKUP(J75,Key!$E$2:$F$9,2,FALSE) -> Home | L75: KAVUUMA | M75: WAKISO | N75: UG | O75: 12 | P75: 6 | Q75: =VLOOKUP(P75,Key!$E$2:$F$9,2,FALSE) -> Leisure/Social | R75: =K75&"-"&Q75 -> Home-Leisure/Social | U75: 4 | Y75: Y | Z75: 300
B76: 0.45486111 | C76: UBD 116D | D76: 1 | E76: 3 | F76: KAKOLA | G76: WAKISO | H76: UG | I76: 1 | J76: 1 | K76: =VLOOKUP(J76,Key!$E$2:$F$9,2,FALSE) -> Home | L76: TOWN CITY | M76: KAMPALA | N76: UG | O76: 11 | P76: 4 | Q76: =VLOOKUP(P76,Key!$E$2:$F$9,2,FALSE) -> Commercial | R76: =K76&"-"&Q76 -> Home-Commercial | U76: 1 | Y76: Y | Z76: 1000
B77: 0.27083333 | C77: UAX 799A | D77: 2 | E77: 1 | F77: TOWN CITY | G77: KAMPALA | H77: UG | I77: 2 | J77: 2 | K77: =VLOOKUP(J77,Key!$E$2:$F$9,2,FALSE) -> Work | L77: KIBUYE | M77: KAMPALA | N77: UG | O77: 1 | P77: 1 | Q77: =VLOOKUP(P77,Key!$E$2:$F$9,2,FALSE) -> Home | R77: =K77&"-"&Q77 -> Work-Home | S77: 2 | T77: 2 | U77: 2 | Y77: Y
B78: 0.27777778 | C78: UBF 568K | D78: 1 | E78: 2 | F78: TOWN CITY | G78: KAMPALA | H78: UG | I78: 2 | J78: 2 | K78: =VLOOKUP(J78,Key!$E$2:$F$9,2,FALSE) -> Work | L78: KAVUMA | M78: KAMPALA | N78: UG | O78: 1 | P78: 1 | Q78: =VLOOKUP(P78,Key!$E$2:$F$9,2,FALSE) -> Home | R78: =K78&"-"&Q78 -> Work-Home | S78: 4 | T78: 2 | U78: 2 | Y78: Y | Z78: 1000
B79: 0.16666667 | C79: UAX 3541Z | D79: 1 | E79: 2 | F79: TOWN CITY | G79: KAMPALA | H79: UG | I79: 1 | J79: 1 | K79: =VLOOKUP(J79,Key!$E$2:$F$9,2,FALSE) -> Home | N79: UG | O79: 2 | P79: 2 | Q79: =VLOOKUP(P79,Key!$E$2:$F$9,2,FALSE) -> Work | R79: =K79&"-"&Q79 -> Home-Work | S79: 1 | T79: 0.4 | U79: 2 | Y79: Y | Z79: 500
B80: 0.25 | C80: UAX 427X | D80: 1 | E80: 2 | F80: TOWN CITY | G80: KAMPALA | H80: UG | I80: 2 | J80: 2 | K80: =VLOOKUP(J80,Key!$E$2:$F$9,2,FALSE) -> Work | L80: NAMASUBA | M80: KAMPALA | N80: UG | O80: 1 | P80: 1 | Q80: =VLOOKUP(P80,Key!$E$2:$F$9,2,FALSE) -> Home | R80: =K80&"-"&Q80 -> Work-Home | S80: 2 | T80: 1 | U80: 2 | Y80: Y | Z80: 500

Sheet Key
B1: Vehicle Type | D1: Establishment Type | F1: Origin / Destination Purpose | H1: Trip Frequency | J1: Goods Type
A2: 1 | B2: Car | C2: 1 | D2: Residential | E2: 1 | F2: Home | G2: 1 | H2: more than 2 times every day | I2: 1 | J2: Food crop (Maize,rice,wheat etc)
A3: 2 | B3: Station Wagon | C3: 2 | D3: Office | E3: 2 | F3: Work | G3: 2 | H3: Daily (Up and Down) | I3: 2 | J3: Cash Crops (coffee,tea etc)
A4: 3 | B4: Pickups | C4: 3 | D4: Factory | E4: 3 | F4: Study | G4: 3 | H4: 2/3 times a week | I4: 3 | J4: Perishable (fish,milk,tea etc)
A5: 4 | B5: Minibus, matatu | C5: 4 | D5: Educational Facility | E5: 4 | F5: Commercial | G5: 4 | H5: Once a week | I5: 4 | J5: Construction Material (cement, gravel,stones,gravel,pipes)
A6: 5 | B6: Medium bus | C6: 5 | D6: Hospital | E6: 5 | F6: Tourism | G6: 5 | H6: Once a month | I6: 5 | J6: Metal/machinery
A7: 6 | B7: Large Bus | C7: 6 | D7: Bus / Taxi Park | E7: 6 | F7: Leisure/Social | G7: 6 | H7: Once in a while | I7: 6 | J7: Forestry products (timber & charcoal)
A8: 7 | B8: Light Truck | C8: 7 | D8: Wholesale shopping | E8: 7 | F8: Hospital | I8: 7 | J8: Fuels (any petroleum products)
A9: 8 | B9: Medium Truck | C9: 8 | D9: Boda boda stage | E9: 8 | F9: Others | I9: 8 | J9: Chemical Products (fertilizer,paints)
A10: 9 | B10: Heavy truck | C10: 9 | D10: Farm | I10: 9 | J10: Livestock (cows,goats,camel etc)
A11: 10 | B11: Truck Trailer | C11: 10 | D11: Construction Site | I11: 10 | J11: Household retail products (beverage,oil,sugar,salt,flour)
A12: 11 | B12: Motor cycles | C12: 11 | D12: Retail Shop/Market | I12: 11 | J12: Empty
A13: 12 | B13: Tractors | C13: 12 | D13: Warehouse | I13: 12 | J13: Others (Pl specify)
C14: 13 | D14: Harbour
C15: 14 | D15: Timber Centre
C16: 15 | D16: Quarry
C17: 16 | D17: Others (to be specified)
