Workbook

Sheet 29.07 NAMUGONGO-KIREKA
B1: Consultancy services for Preparation of Expressway Development Master Plan (EDMP) for Uganda
B2: MANUAL CLASSIFIED COUNT (MCC)
B3: ROAD NAME: | C3: ='01.08 NAMUGONGO-KIREKA'!C3:G3 -> MCC - C1 - STN039 - NAMUGONGO ROAD
C5: Date | D5: 29.07.19 | F5: Location | G5: ='04.08 KIREKA-NAMUGONGO'!G5:H5 -> AGENDA | J5: Surveyor | K5: ='04.08 KIREKA-NAMUGONGO'!K5:L5 -> STEVEN
C6: Dir. From | D6: ='01.08 NAMUGONGO-KIREKA'!D6:E6 -> NAMUGONGO | F6: Dir. To | G6: ='01.08 NAMUGONGO-KIREKA'!G6:H6 -> KIREKA | J6: Supervisor | K6: ='04.08 KIREKA-NAMUGONGO'!K6:L6 -> NAIDO GRACE BRENDA
B8: Time / Veh Type | R8: SUMMARY TRAFFIC VOLUMES
C9: 1. Car | D9: 2. Station Wagon | E9: 3. Pickups | F9: 4. Minibus, matatu | G9: 5. Medium bus | H9: 6. Large Bus | I9: 7. Light Truck | J9: 8. Medium Truck | K9: 9. Heavy truck | L9: 10. Truck Trailer | M9: 11. Motor cycles | N9: 12. Tractors | O9: Total Excl M/Cycles | P9: Total All | R9: Time | S9: 1. Car | T9: 2. Station Wagon | U9: 3. Pickups | V9: 4. Minibus, matatu | W9: 5. Medium bus | X9: 6. Large Bus | Y9: 7. Light Truck | Z9: 8. Medium Truck | AA9: 9. Heavy truck | AB9: 10. Truck Trailer | AC9: 11. Motorcycles | AD9: 12. Tractors, Graders | AE9: Total Excl M/ Cycles | AF9: Total All
B10: 07.00 - 07.15 | C10: 0 | D10: 0 | E10: 0 | F10: 0 | G10: 0 | H10: 0 | I10: 0 | J10: 0 | K10: 0 | L10: 0 | M10: 0 | N10: 0 | O10: =SUM(C10:L10,N10) -> 0 | P10: =SUM(C10:N10) -> 0 | R10: 0700-0800 | S10: =SUM(C10:C13) -> 0 | T10: =SUM(D10:D13) -> 0 | U10: =SUM(E10:E13) -> 0 | V10: =SUM(F10:F13) -> 0 | W10: =SUM(G10:G13) -> 0 | X10: =SUM(H10:H13) -> 0 | Y10: =SUM(I10:I13) -> 0 | Z10: =SUM(J10:J13) -> 0 | ... AF10: =SUM(P10:P13) -> 0
B11: 07.15 - 07.30 | C11: 0 | D11: 0 | E11: 0 | F11: 0 | G11: 0 | H11: 0 | I11: 0 | J11: 0 | K11: 0 | L11: 0 | M11: 0 | N11: 0 | O11: =SUM(C11:L11,N11) -> 0 | P11: =SUM(C11:N11) -> 0 | R11: 0800-0900 | S11: =SUM(C14:C17) -> 0 | T11: =SUM(D14:D17) -> 0 | U11: =SUM(E14:E17) -> 0 | V11: =SUM(F14:F17) -> 0 | W11: =SUM(G14:G17) -> 0 | X11: =SUM(H14:H17) -> 0 | Y11: =SUM(I14:I17) -> 0 | Z11: =SUM(J14:J17) -> 0 | ... AF11: =SUM(P14:P17) -> 0
B12: 07.30 - 07.45 | C12: 0 | D12: 0 | E12: 0 | F12: 0 | G12: 0 | H12: 0 | I12: 0 | J12: 0 | K12: 0 | L12: 0 | M12: 0 | N12: 0 | O12: =SUM(C12:L12,N12) -> 0 | P12: =SUM(C12:N12) -> 0 | R12: 0900-1000 | S12: =SUM(C18:C21) -> 52 | T12: =SUM(D18:D21) -> 10 | U12: =SUM(E18:E21) -> 4 | V12: =SUM(F18:F21) -> 10 | W12: =SUM(G18:G21) -> 0 | X12: =SUM(H18:H21) -> 0 | Y12: =SUM(I18:I21) -> 4 | Z12: =SUM(J18:J21) -> 2 | ... AF12: =SUM(P18:P21) -> 176
B13: 07.45 - 08.00 | C13: 0 | D13: 0 | E13: 0 | F13: 0 | G13: 0 | H13: 0 | I13: 0 | J13: 0 | K13: 0 | L13: 0 | M13: 0 | N13: 0 | O13: =SUM(C13:L13,N13) -> 0 | P13: =SUM(C13:N13) -> 0 | R13: 1000-1100 | S13: =SUM(C22:C25) -> 291 | T13: =SUM(D22:D25) -> 42 | U13: =SUM(E22:E25) -> 54 | V13: =SUM(F22:F25) -> 78 | W13: =SUM(G22:G25) -> 1 | X13: =SUM(H22:H25) -> 0 | Y13: =SUM(I22:I25) -> 32 | Z13: =SUM(J22:J25) -> 3 | ... AF13: =SUM(P22:P25) -> 990
B14: 08.00 - 08.15 | C14: 0 | D14: 0 | E14: 0 | F14: 0 | G14: 0 | H14: 0 | I14: 0 | J14: 0 | K14: 0 | L14: 0 | M14: 0 | N14: 0 | O14: =SUM(C14:L14,N14) -> 0 | P14: =SUM(C14:N14) -> 0 | R14: 1100-1200 | S14: =SUM(C26:C29) -> 239 | T14: =SUM(D26:D29) -> 32 | U14: =SUM(E26:E29) -> 27 | V14: =SUM(F26:F29) -> 86 | W14: =SUM(G26:G29) -> 0 | X14: =SUM(H26:H29) -> 0 | Y14: =SUM(I26:I29) -> 33 | Z14: =SUM(J26:J29) -> 1 | ... AF14: =SUM(P26:P29) -> 934
B15: 08.15 - 08.30 | C15: 0 | D15: 0 | E15: 0 | F15: 0 | G15: 0 | H15: 0 | I15: 0 | J15: 0 | K15: 0 | L15: 0 | M15: 0 | N15: 0 | O15: =SUM(C15:L15,N15) -> 0 | P15: =SUM(C15:N15) -> 0 | R15: 1200-1300 | S15: =SUM(C30:C33) -> 175 | T15: =SUM(D30:D33) -> 22 | U15: =SUM(E30:E33) -> 40 | V15: =SUM(F30:F33) -> 70 | W15: =SUM(G30:G33) -> 2 | X15: =SUM(H30:H33) -> 0 | Y15: =SUM(I30:I33) -> 33 | Z15: =SUM(J30:J33) -> 2 | ... AF15: =SUM(P30:P33) -> 788
B16: 08.30 - 08.45 | C16: 0 | D16: 0 | E16: 0 | F16: 0 | G16: 0 | H16: 0 | I16: 0 | J16: 0 | K16: 0 | L16: 0 | M16: 0 | N16: 0 | O16: =SUM(C16:L16,N16) -> 0 | P16: =SUM(C16:N16) -> 0 | R16: 1300-1400 | S16: =SUM(C34:C37) -> 174 | T16: =SUM(D34:D37) -> 31 | U16: =SUM(E34:E37) -> 29 | V16: =SUM(F34:F37) -> 75 | W16: =SUM(G34:G37) -> 2 | X16: =SUM(H34:H37) -> 0 | Y16: =SUM(I34:I37) -> 31 | Z16: =SUM(J34:J37) -> 0 | ... AF16: =SUM(P34:P37) -> 770
B17: 08.45 - 9.00 | C17: 0 | D17: 0 | E17: 0 | F17: 0 | G17: 0 | H17: 0 | I17: 0 | J17: 0 | K17: 0 | L17: 0 | M17: 0 | N17: 0 | O17: =SUM(C17:L17,N17) -> 0 | P17: =SUM(C17:N17) -> 0 | R17: 1400-1500 | S17: =SUM(C38:C41) -> 191 | T17: =SUM(D38:D41) -> 23 | U17: =SUM(E38:E41) -> 22 | V17: =SUM(F38:F41) -> 66 | W17: =SUM(G38:G41) -> 2 | X17: =SUM(H38:H41) -> 0 | Y17: =SUM(I38:I41) -> 33 | Z17: =SUM(J38:J41) -> 0 | ... AF17: =SUM(P38:P41) -> 722
B18: 09.00 - 09.15 | C18: 0 | D18: 0 | E18: 0 | F18: 0 | G18: 0 | H18: 0 | I18: 0 | J18: 0 | K18: 0 | L18: 0 | M18: 0 | N18: 0 | O18: =SUM(C18:L18,N18) -> 0 | P18: =SUM(C18:N18) -> 0 | R18: 1500-1600 | S18: =SUM(C42:C45) -> 165 | T18: =SUM(D42:D45) -> 30 | U18: =SUM(E42:E45) -> 31 | V18: =SUM(F42:F45) -> 74 | W18: =SUM(G42:G45) -> 11 | X18: =SUM(H42:H45) -> 1 | Y18: =SUM(I42:I45) -> 44 | Z18: =SUM(J42:J45) -> 0 | ... AF18: =SUM(P42:P45) -> 790
B19: 09.15 - 09.30 | C19: 0 | D19: 0 | E19: 0 | F19: 0 | G19: 0 | H19: 0 | I19: 0 | J19: 0 | K19: 0 | L19: 0 | M19: 0 | N19: 0 | O19: =SUM(C19:L19,N19) -> 0 | P19: =SUM(C19:N19) -> 0 | R19: 1600-1700 | S19: =SUM(C46:C49) -> 200 | T19: =SUM(D46:D49) -> 21 | U19: =SUM(E46:E49) -> 24 | V19: =SUM(F46:F49) -> 68 | W19: =SUM(G46:G49) -> 2 | X19: =SUM(H46:H49) -> 0 | Y19: =SUM(I46:I49) -> 33 | Z19: =SUM(J46:J49) -> 0 | ... AF19: =SUM(P46:P49) -> 866
B20: 09.30 - 09.45 | C20: 0 | D20: 0 | E20: 0 | F20: 0 | G20: 0 | H20: 0 | I20: 0 | J20: 0 | K20: 0 | L20: 0 | M20: 0 | N20: 0 | O20: =SUM(C20:L20,N20) -> 0 | P20: =SUM(C20:N20) -> 0 | R20: 1700-1800 | S20: =SUM(C50:C53) -> 230 | T20: =SUM(D50:D53) -> 17 | U20: =SUM(E50:E53) -> 39 | V20: =SUM(F50:F53) -> 87 | W20: =SUM(G50:G53) -> 4 | X20: =SUM(H50:H53) -> 0 | Y20: =SUM(I50:I53) -> 35 | Z20: =SUM(J50:J53) -> 0 | ... AF20: =SUM(P50:P53) -> 909
B21: 09.45 - 10.00 | C21: 52 | D21: 10 | E21: 4 | F21: 10 | G21: 0 | H21: 0 | I21: 4 | J21: 2 | K21: 0 | L21: 0 | M21: 94 | N21: 0 | O21: =SUM(C21:L21,N21) -> 82 | P21: =SUM(C21:N21) -> 176 | R21: 1800-1900 | S21: =SUM(C54:C57) -> 190 | T21: =SUM(D54:D57) -> 24 | U21: =SUM(E54:E57) -> 32 | V21: =SUM(F54:F57) -> 74 | W21: =SUM(G54:G57) -> 5 | X21: =SUM(H54:H57) -> 0 | Y21: =SUM(I54:I57) -> 21 | Z21: =SUM(J54:J57) -> 5 | ... AF21: =SUM(P54:P57) -> 938
B22: 10.00 - 10.15 | C22: 67 | D22: 13 | E22: 19 | F22: 20 | G22: 0 | H22: 0 | I22: 3 | J22: 0 | K22: 0 | L22: 0 | M22: 101 | N22: 0 | O22: =SUM(C22:L22,N22) -> 122 | P22: =SUM(C22:N22) -> 223 | R22: AM Peak Hr | S22: =MAX(S10:S12) -> 52 | T22: =MAX(T10:T12) -> 10 | U22: =MAX(U10:U12) -> 4 | V22: =MAX(V10:V12) -> 10 | W22: =MAX(W10:W12) -> 0 | X22: =MAX(X10:X12) -> 0 | Y22: =MAX(Y10:Y12) -> 4 | Z22: =MAX(Z10:Z12) -> 2 | ... AF22: =MAX(AF10:AF12) -> 176
B23: 10.15 - 10.30 | C23: 72 | D23: 4 | E23: 15 | F23: 20 | G23: 1 | H23: 0 | I23: 10 | J23: 1 | K23: 0 | L23: 2 | M23: 144 | N23: 0 | O23: =SUM(C23:L23,N23) -> 125 | P23: =SUM(C23:N23) -> 269 | R23: IP Peak Hr | S23: =MAX(S13:S18) -> 291 | T23: =MAX(T13:T18) -> 42 | U23: =MAX(U13:U18) -> 54 | V23: =MAX(V13:V18) -> 86 | W23: =MAX(W13:W18) -> 11 | X23: =MAX(X13:X18) -> 1 | Y23: =MAX(Y13:Y18) -> 44 | Z23: =MAX(Z13:Z18) -> 3 | ... AF23: =MAX(AF13:AF18) -> 990
B24: 10.30 - 10.45 | C24: 75 | D24: 12 | E24: 6 | F24: 15 | G24: 0 | H24: 0 | I24: 8 | J24: 2 | K24: 0 | L24: 0 | M24: 133 | N24: 0 | O24: =SUM(C24:L24,N24) -> 118 | P24: =SUM(C24:N24) -> 251 | R24: PM Peak Hr | S24: =MAX(S19:S21) -> 230 | T24: =MAX(T19:T21) -> 24 | U24: =MAX(U19:U21) -> 39 | V24: =MAX(V19:V21) -> 87 | W24: =MAX(W19:W21) -> 5 | X24: =MAX(X19:X21) -> 0 | Y24: =MAX(Y19:Y21) -> 35 | Z24: =MAX(Z19:Z21) -> 5 | ... AF24: =MAX(AF19:AF21) -> 938
B25: 10.45 - 11.00 | C25: 77 | D25: 13 | E25: 14 | F25: 23 | G25: 0 | H25: 0 | I25: 11 | J25: 0 | K25: 2 | L25: 0 | M25: 107 | N25: 0 | O25: =SUM(C25:L25,N25) -> 140 | P25: =SUM(C25:N25) -> 247 | R25: AM Period | S25: =SUM(S10:S12) -> 52 | T25: =SUM(T10:T12) -> 10 | U25: =SUM(U10:U12) -> 4 | V25: =SUM(V10:V12) -> 10 | W25: =SUM(W10:W12) -> 0 | X25: =SUM(X10:X12) -> 0 | Y25: =SUM(Y10:Y12) -> 4 | Z25: =SUM(Z10:Z12) -> 2 | ... AF25: =SUM(AF10:AF12) -> 176
B26: 11.00 - 11.15 | C26: 69 | D26: 5 | E26: 5 | F26: 24 | G26: 0 | H26: 0 | I26: 13 | J26: 0 | K26: 2 | L26: 0 | M26: 135 | N26: 0 | O26: =SUM(C26:L26,N26) -> 118 | P26: =SUM(C26:N26) -> 253 | R26: IP Period | S26: =SUM(S13:S18) -> 1235 | T26: =SUM(T13:T18) -> 180 | U26: =SUM(U13:U18) -> 203 | V26: =SUM(V13:V18) -> 449 | W26: =SUM(W13:W18) -> 18 | X26: =SUM(X13:X18) -> 1 | Y26: =SUM(Y13:Y18) -> 206 | Z26: =SUM(Z13:Z18) -> 6 | ... AF26: =SUM(AF13:AF18) -> 4994
B27: 11.15 - 11.30 | C27: 72 | D27: 10 | E27: 4 | F27: 20 | G27: 0 | H27: 0 | I27: 4 | J27: 1 | K27: 0 | L27: 0 | M27: 129 | N27: 0 | O27: =SUM(C27:L27,N27) -> 111 | P27: =SUM(C27:N27) -> 240 | R27: PM Period | S27: =SUM(S19:S21) -> 620 | T27: =SUM(T19:T21) -> 62 | U27: =SUM(U19:U21) -> 95 | V27: =SUM(V19:V21) -> 229 | W27: =SUM(W19:W21) -> 11 | X27: =SUM(X19:X21) -> 0 | Y27: =SUM(Y19:Y21) -> 89 | Z27: =SUM(Z19:Z21) -> 5 | ... AF27: =SUM(AF19:AF21) -> 2713
B28: 11.30 - 11.45 | C28: 56 | D28: 10 | E28: 7 | F28: 25 | G28: 0 | H28: 0 | I28: 8 | J28: 0 | K28: 1 | L28: 0 | M28: 133 | N28: 0 | O28: =SUM(C28:L28,N28) -> 107 | P28: =SUM(C28:N28) -> 240 | R28: 12 Hours | S28: =SUM(S10:S21) -> 1907 | T28: =SUM(T10:T21) -> 252 | U28: =SUM(U10:U21) -> 302 | V28: =SUM(V10:V21) -> 688 | W28: =SUM(W10:W21) -> 29 | X28: =SUM(X10:X21) -> 1 | Y28: =SUM(Y10:Y21) -> 299 | Z28: =SUM(Z10:Z21) -> 13 | ... AF28: =SUM(AF10:AF21) -> 7883
B29: 11.45 - 12.00 | C29: 42 | D29: 7 | E29: 11 | F29: 17 | G29: 0 | H29: 0 | I29: 8 | J29: 0 | K29: 2 | L29: 0 | M29: 114 | N29: 0 | O29: =SUM(C29:L29,N29) -> 87 | P29: =SUM(C29:N29) -> 201
B30: 12.00 - 12.15 | C30: 25 | D30: 4 | E30: 9 | F30: 25 | G30: 0 | H30: 0 | I30: 5 | J30: 0 | K30: 1 | L30: 0 | M30: 125 | N30: 0 | O30: =SUM(C30:L30,N30) -> 69 | P30: =SUM(C30:N30) -> 194
B31: 12.15 - 12.30 | C31: 45 | D31: 8 | E31: 5 | F31: 20 | G31: 0 | H31: 0 | I31: 9 | J31: 2 | K31: 0 | L31: 0 | M31: 100 | N31: 0 | O31: =SUM(C31:L31,N31) -> 89 | P31: =SUM(C31:N31) -> 189
B32: 12.30 - 12.45 | C32: 63 | D32: 4 | E32: 11 | F32: 25 | G32: 2 | H32: 0 | I32: 13 | J32: 0 | K32: 1 | L32: 0 | M32: 126 | N32: 0 | O32: =SUM(C32:L32,N32) -> 119 | P32: =SUM(C32:N32) -> 245
B33: 12.45 - 13.00 | C33: 42 | D33: 6 | E33: 15 | F33: 0 | G33: 0 | H33: 0 | I33: 6 | J33: 0 | K33: 1 | L33: 0 | M33: 90 | N33: 0 | O33: =SUM(C33:L33,N33) -> 70 | P33: =SUM(C33:N33) -> 160
B34: 13.00 - 13.15 | C34: 27 | D34: 9 | E34: 8 | F34: 21 | G34: 0 | H34: 0 | I34: 11 | J34: 0 | K34: 0 | L34: 0 | M34: 130 | N34: 0 | O34: =SUM(C34:L34,N34) -> 76 | P34: =SUM(C34:N34) -> 206
B35: 13.15 - 13.30 | C35: 50 | D35: 11 | E35: 9 | F35: 22 | G35: 2 | H35: 0 | I35: 7 | J35: 0 | K35: 0 | L35: 0 | M35: 101 | N35: 0 | O35: =SUM(C35:L35,N35) -> 101 | P35: =SUM(C35:N35) -> 202
B36: 13.30 - 13.45 | C36: 47 | D36: 1 | E36: 6 | F36: 14 | G36: 0 | H36: 0 | I36: 7 | J36: 0 | K36: 0 | L36: 0 | M36: 102 | N36: 0 | O36: =SUM(C36:L36,N36) -> 75 | P36: =SUM(C36:N36) -> 177
B37: 13.45 - 14.00 | C37: 50 | D37: 10 | E37: 6 | F37: 18 | G37: 0 | H37: 0 | I37: 6 | J37: 0 | K37: 0 | L37: 0 | M37: 95 | N37: 0 | O37: =SUM(C37:L37,N37) -> 90 | P37: =SUM(C37:N37) -> 185
B38: 14.00 - 14.15 | C38: 54 | D38: 5 | E38: 7 | F38: 19 | G38: 1 | H38: 0 | I38: 7 | J38: 0 | K38: 0 | L38: 0 | M38: 96 | N38: 0 | O38: =SUM(C38:L38,N38) -> 93 | P38: =SUM(C38:N38) -> 189
B39: 14.15 - 14.30 | C39: 49 | D39: 7 | E39: 9 | F39: 16 | G39: 0 | H39: 0 | I39: 9 | J39: 0 | K39: 2 | L39: 0 | M39: 101 | N39: 0 | O39: =SUM(C39:L39,N39) -> 92 | P39: =SUM(C39:N39) -> 193
B40: 14.30 - 14.45 | C40: 43 | D40: 5 | E40: 2 | F40: 14 | G40: 0 | H40: 0 | I40: 11 | J40: 0 | K40: 0 | L40: 0 | M40: 87 | N40: 0 | O40: =SUM(C40:L40,N40) -> 75 | P40: =SUM(C40:N40) -> 162
... B57: 18.45 - 19.00 | C57: 44 | D57: 7 | E57: 7 | F57: 24 | G57: 1 | H57: 0 | I57: 3 | J57: 1 | K57: 0 | L57: 0 | M57: 150 | N57: 0 | O57: =SUM(C57:L57,N57) -> 87 | P57: =SUM(C57:N57) -> 237
B58: Totals | C58: =SUM(C10:C57) -> 1907 | D58: =SUM(D10:D57) -> 252 | E58: =SUM(E10:E57) -> 302 | F58: =SUM(F10:F57) -> 688 | G58: =SUM(G10:G57) -> 29 | H58: =SUM(H10:H57) -> 1 | I58: =SUM(I10:I57) -> 299 | J58: =SUM(J10:J57) -> 13 | ... P58: =SUM(P10:P57) -> 7883
B59: %ges + MCs | C59: =C58/$P$58 -> 0.24191298 | D59: =D58/$P$58 -> 0.031967525 | E59: =E58/$P$58 -> 0.038310288 | F59: =F58/$P$58 -> 0.087276418 | G59: =G58/$P$58 -> 0.0036788025 | H59: =H58/$P$58 -> 0.00012685526 | I59: =I58/$P$58 -> 0.037929722 | J59: =J58/$P$58 -> 0.0016491184 | ... N59: =N58/$P$58 -> 0
B60: %ges w/o MCs | C60: =C58/$O$58 -> 0.54206936 | D60: =D58/$O$58 -> 0.071631609 | E60: =E58/$O$58 -> 0.08584423 | F60: =F58/$O$58 -> 0.19556566 | G60: =G58/$O$58 -> 0.0082433201 | H60: =H58/$O$58 -> 0.00028425242 | I60: =I58/$O$58 -> 0.084991472 | J60: =J58/$O$58 -> 0.0036952814 | ... L60: =L58/$O$58 -> 0.0031267766 | N60: =N58/$O$58 -> 0

Sheet 29.07 KIREKA-NAMUGONGO
B1: Consultancy services for Preparation of Expressway Development Master Plan (EDMP) for Uganda
B2: MANUAL CLASSIFIED COUNT (MCC)
B3: ROAD NAME: | C3: ='01.08 KIREKA-NAMUGONGO'!C3:G3 -> MCC - C1 - STN039 - NAMUGONGO ROAD
C5: Date | D5: ='29.07 NAMUGONGO-KIREKA'!D5 -> 29.07.19 | F5: Location | G5: ='29.07 NAMUGONGO-KIREKA'!G5:H5 -> AGENDA | J5: Surveyor | K5: ='29.07 NAMUGONGO-KIREKA'!K5:L5 -> STEVEN
C6: Dir. From | D6: ='01.08 KIREKA-NAMUGONGO'!D6:E6 -> KIREKA | F6: Dir. To | G6: ='01.08 KIREKA-NAMUGONGO'!G6:H6 -> NAMUGONGO | J6: Supervisor | K6: ='29.07 NAMUGONGO-KIREKA'!K6:L6 -> NAIDO GRACE BRENDA
B8: Time / Veh Type | R8: SUMMARY TRAFFIC VOLUMES
C9: 1. Car | D9: 2. Station Wagon | E9: 3. Pickups | F9: 4. Minibus, matatu | G9: 5. Medium bus | H9: 6. Large Bus | I9: 7. Light Truck | J9: 8. Medium Truck | K9: 9. Heavy truck | L9: 10. Truck Trailer | M9: 11. Motor cycles | N9: 12. Tractors | O9: Total Excl M/Cycles | P9: Total All | R9: Time | S9: 1. Car | T9: 2. Station Wagon | U9: 3. Pickups | V9: 4. Minibus, matatu | W9: 5. Medium bus | X9: 6. Large Bus | Y9: 7. Light Truck | Z9: 8. Medium Truck | AA9: 9. Heavy truck | AB9: 10. Truck Trailer | AC9: 11. Motorcycles | AD9: 12. Tractors, Graders | AE9: Total Excl M/ Cycles | AF9: Total All
B10: 07.00 - 07.15 | C10: 0 | D10: 0 | E10: 0 | F10: 0 | G10: 0 | H10: 0 | I10: 0 | J10: 0 | K10: 0 | L10: 0 | M10: 0 | N10: 0 | O10: =SUM(C10:L10,N10) -> 0 | P10: =SUM(C10:N10) -> 0 | R10: 0700-0800 | S10: =SUM(C10:C13) -> 0 | T10: =SUM(D10:D13) -> 0 | U10: =SUM(E10:E13) -> 0 | V10: =SUM(F10:F13) -> 0 | W10: =SUM(G10:G13) -> 0 | X10: =SUM(H10:H13) -> 0 | Y10: =SUM(I10:I13) -> 0 | Z10: =SUM(J10:J13) -> 0 | ... AF10: =SUM(P10:P13) -> 0
B11: 07.15 - 07.30 | C11: 0 | D11: 0 | E11: 0 | F11: 0 | G11: 0 | H11: 0 | I11: 0 | J11: 0 | K11: 0 | L11: 0 | M11: 0 | N11: 0 | O11: =SUM(C11:L11,N11) -> 0 | P11: =SUM(C11:N11) -> 0 | R11: 0800-0900 | S11: =SUM(C14:C17) -> 0 | T11: =SUM(D14:D17) -> 0 | U11: =SUM(E14:E17) -> 0 | V11: =SUM(F14:F17) -> 0 | W11: =SUM(G14:G17) -> 0 | X11: =SUM(H14:H17) -> 0 | Y11: =SUM(I14:I17) -> 0 | Z11: =SUM(J14:J17) -> 0 | ... AF11: =SUM(P14:P17) -> 0
B12: 07.30 - 07.45 | C12: 0 | D12: 0 | E12: 0 | F12: 0 | G12: 0 | H12: 0 | I12: 0 | J12: 0 | K12: 0 | L12: 0 | M12: 0 | N12: 0 | O12: =SUM(C12:L12,N12) -> 0 | P12: =SUM(C12:N12) -> 0 | R12: 0900-1000 | S12: =SUM(C18:C21) -> 33 | T12: =SUM(D18:D21) -> 1 | U12: =SUM(E18:E21) -> 6 | V12: =SUM(F18:F21) -> 19 | W12: =SUM(G18:G21) -> 0 | X12: =SUM(H18:H21) -> 0 | Y12: =SUM(I18:I21) -> 3 | Z12: =SUM(J18:J21) -> 4 | ... AF12: =SUM(P18:P21) -> 188
B13: 07.45 - 08.00 | C13: 0 | D13: 0 | E13: 0 | F13: 0 | G13: 0 | H13: 0 | I13: 0 | J13: 0 | K13: 0 | L13: 0 | M13: 0 | N13: 0 | O13: =SUM(C13:L13,N13) -> 0 | P13: =SUM(C13:N13) -> 0 | R13: 1000-1100 | S13: =SUM(C22:C25) -> 124 | T13: =SUM(D22:D25) -> 23 | U13: =SUM(E22:E25) -> 20 | V13: =SUM(F22:F25) -> 46 | W13: =SUM(G22:G25) -> 1 | X13: =SUM(H22:H25) -> 0 | Y13: =SUM(I22:I25) -> 42 | Z13: =SUM(J22:J25) -> 10 | ... AF13: =SUM(P22:P25) -> 747
B14: 08.00 - 08.15 | C14: 0 | D14: 0 | E14: 0 | F14: 0 | G14: 0 | H14: 0 | I14: 0 | J14: 0 | K14: 0 | L14: 0 | M14: 0 | N14: 0 | O14: =SUM(C14:L14,N14) -> 0 | P14: =SUM(C14:N14) -> 0 | R14: 1100-1200 | S14: =SUM(C26:C29) -> 130 | T14: =SUM(D26:D29) -> 20 | U14: =SUM(E26:E29) -> 19 | V14: =SUM(F26:F29) -> 53 | W14: =SUM(G26:G29) -> 1 | X14: =SUM(H26:H29) -> 0 | Y14: =SUM(I26:I29) -> 40 | Z14: =SUM(J26:J29) -> 10 | ... AF14: =SUM(P26:P29) -> 759
B15: 08.15 - 08.30 | C15: 0 | D15: 0 | E15: 0 | F15: 0 | G15: 0 | H15: 0 | I15: 0 | J15: 0 | K15: 0 | L15: 0 | M15: 0 | N15: 0 | O15: =SUM(C15:L15,N15) -> 0 | P15: =SUM(C15:N15) -> 0 | R15: 1200-1300 | S15: =SUM(C30:C33) -> 136 | T15: =SUM(D30:D33) -> 19 | U15: =SUM(E30:E33) -> 15 | V15: =SUM(F30:F33) -> 32 | W15: =SUM(G30:G33) -> 1 | X15: =SUM(H30:H33) -> 0 | Y15: =SUM(I30:I33) -> 30 | Z15: =SUM(J30:J33) -> 16 | ... AF15: =SUM(P30:P33) -> 727
B16: 08.30 - 08.45 | C16: 0 | D16: 0 | E16: 0 | F16: 0 | G16: 0 | H16: 0 | I16: 0 | J16: 0 | K16: 0 | L16: 0 | M16: 0 | N16: 0 | O16: =SUM(C16:L16,N16) -> 0 | P16: =SUM(C16:N16) -> 0 | R16: 1300-1400 | S16: =SUM(C34:C37) -> 139 | T16: =SUM(D34:D37) -> 13 | U16: =SUM(E34:E37) -> 15 | V16: =SUM(F34:F37) -> 33 | W16: =SUM(G34:G37) -> 2 | X16: =SUM(H34:H37) -> 0 | Y16: =SUM(I34:I37) -> 37 | Z16: =SUM(J34:J37) -> 12 | ... AF16: =SUM(P34:P37) -> 719
B17: 08.45 - 9.00 | C17: 0 | D17: 0 | E17: 0 | F17: 0 | G17: 0 | H17: 0 | I17: 0 | J17: 0 | K17: 0 | L17: 0 | M17: 0 | N17: 0 | O17: =SUM(C17:L17,N17) -> 0 | P17: =SUM(C17:N17) -> 0 | R17: 1400-1500 | S17: =SUM(C38:C41) -> 112 | T17: =SUM(D38:D41) -> 17 | U17: =SUM(E38:E41) -> 16 | V17: =SUM(F38:F41) -> 33 | W17: =SUM(G38:G41) -> 2 | X17: =SUM(H38:H41) -> 0 | Y17: =SUM(I38:I41) -> 23 | Z17: =SUM(J38:J41) -> 16 | ... AF17: =SUM(P38:P41) -> 679
B18: 09.00 - 09.15 | C18: 0 | D18: 0 | E18: 0 | F18: 0 | G18: 0 | H18: 0 | I18: 0 | J18: 0 | K18: 0 | L18: 0 | M18: 0 | N18: 0 | O18: =SUM(C18:L18,N18) -> 0 | P18: =SUM(C18:N18) -> 0 | R18: 1500-1600 | S18: =SUM(C42:C45) -> 144 | T18: =SUM(D42:D45) -> 26 | U18: =SUM(E42:E45) -> 18 | V18: =SUM(F42:F45) -> 34 | W18: =SUM(G42:G45) -> 3 | X18: =SUM(H42:H45) -> 1 | Y18: =SUM(I42:I45) -> 37 | Z18: =SUM(J42:J45) -> 12 | ... AF18: =SUM(P42:P45) -> 729
B19: 09.15 - 09.30 | C19: 0 | D19: 0 | E19: 0 | F19: 0 | G19: 0 | H19: 0 | I19: 0 | J19: 0 | K19: 0 | L19: 0 | M19: 0 | N19: 0 | O19: =SUM(C19:L19,N19) -> 0 | P19: =SUM(C19:N19) -> 0 | R19: 1600-1700 | S19: =SUM(C46:C49) -> 283 | T19: =SUM(D46:D49) -> 40 | U19: =SUM(E46:E49) -> 39 | V19: =SUM(F46:F49) -> 35 | W19: =SUM(G46:G49) -> 1 | X19: =SUM(H46:H49) -> 0 | Y19: =SUM(I46:I49) -> 33 | Z19: =SUM(J46:J49) -> 7 | ... AF19: =SUM(P46:P49) -> 940
B20: 09.30 - 09.45 | C20: 25 | D20: 1 | E20: 6 | F20: 17 | G20: 0 | H20: 0 | I20: 2 | J20: 4 | K20: 2 | L20: 0 | M20: 77 | N20: 0 | O20: =SUM(C20:L20,N20) -> 57 | P20: =SUM(C20:N20) -> 134 | R20: 1700-1800 | S20: =SUM(C50:C53) -> 432 | T20: =SUM(D50:D53) -> 51 | U20: =SUM(E50:E53) -> 35 | V20: =SUM(F50:F53) -> 51 | W20: =SUM(G50:G53) -> 3 | X20: =SUM(H50:H53) -> 0 | Y20: =SUM(I50:I53) -> 34 | Z20: =SUM(J50:J53) -> 12 | ... AF20: =SUM(P50:P53) -> 1101
B21: 09.45 - 10.00 | C21: 8 | D21: 0 | E21: 0 | F21: 2 | G21: 0 | H21: 0 | I21: 1 | J21: 0 | K21: 0 | L21: 0 | M21: 43 | N21: 0 | O21: =SUM(C21:L21,N21) -> 11 | P21: =SUM(C21:N21) -> 54 | R21: 1800-1900 | S21: =SUM(C54:C57) -> 418 | T21: =SUM(D54:D57) -> 52 | U21: =SUM(E54:E57) -> 34 | V21: =SUM(F54:F57) -> 70 | W21: =SUM(G54:G57) -> 2 | X21: =SUM(H54:H57) -> 0 | Y21: =SUM(I54:I57) -> 14 | Z21: =SUM(J54:J57) -> 7 | ... AF21: =SUM(P54:P57) -> 1079
B22: 10.00 - 10.15 | C22: 6 | D22: 0 | E22: 1 | F22: 1 | G22: 0 | H22: 0 | I22: 2 | J22: 2 | K22: 2 | L22: 0 | M22: 72 | N22: 0 | O22: =SUM(C22:L22,N22) -> 14 | P22: =SUM(C22:N22) -> 86 | R22: AM Peak Hr | S22: =MAX(S10:S12) -> 33 | T22: =MAX(T10:T12) -> 1 | U22: =MAX(U10:U12) -> 6 | V22: =MAX(V10:V12) -> 19 | W22: =MAX(W10:W12) -> 0 | X22: =MAX(X10:X12) -> 0 | Y22: =MAX(Y10:Y12) -> 3 | Z22: =MAX(Z10:Z12) -> 4 | ... AF22: =MAX(AF10:AF12) -> 188
B23: 10.15 - 10.30 | C23: 45 | D23: 11 | E23: 6 | F23: 19 | G23: 0 | H23: 0 | I23: 13 | J23: 4 | K23: 1 | L23: 1 | M23: 119 | N23: 0 | O23: =SUM(C23:L23,N23) -> 100 | P23: =SUM(C23:N23) -> 219 | R23: IP Peak Hr | S23: =MAX(S13:S18) -> 144 | T23: =MAX(T13:T18) -> 26 | U23: =MAX(U13:U18) -> 20 | V23: =MAX(V13:V18) -> 53 | W23: =MAX(W13:W18) -> 3 | X23: =MAX(X13:X18) -> 1 | Y23: =MAX(Y13:Y18) -> 42 | Z23: =MAX(Z13:Z18) -> 16 | ... AF23: =MAX(AF13:AF18) -> 759
B24: 10.30 - 10.45 | C24: 28 | D24: 8 | E24: 4 | F24: 14 | G24: 0 | H24: 0 | I24: 13 | J24: 4 | K24: 1 | L24: 1 | M24: 140 | N24: 0 | O24: =SUM(C24:L24,N24) -> 73 | P24: =SUM(C24:N24) -> 213 | R24: PM Peak Hr | S24: =MAX(S19:S21) -> 432 | T24: =MAX(T19:T21) -> 52 | U24: =MAX(U19:U21) -> 39 | V24: =MAX(V19:V21) -> 70 | W24: =MAX(W19:W21) -> 3 | X24: =MAX(X19:X21) -> 0 | Y24: =MAX(Y19:Y21) -> 34 | Z24: =MAX(Z19:Z21) -> 12 | ... AF24: =MAX(AF19:AF21) -> 1101
B25: 10.45 - 11.00 | C25: 45 | D25: 4 | E25: 9 | F25: 12 | G25: 1 | H25: 0 | I25: 14 | J25: 0 | K25: 0 | L25: 0 | M25: 144 | N25: 0 | O25: =SUM(C25:L25,N25) -> 85 | P25: =SUM(C25:N25) -> 229 | R25: AM Period | S25: =SUM(S10:S12) -> 33 | T25: =SUM(T10:T12) -> 1 | U25: =SUM(U10:U12) -> 6 | V25: =SUM(V10:V12) -> 19 | W25: =SUM(W10:W12) -> 0 | X25: =SUM(X10:X12) -> 0 | Y25: =SUM(Y10:Y12) -> 3 | Z25: =SUM(Z10:Z12) -> 4 | ... AF25: =SUM(AF10:AF12) -> 188
B26: 11.00 - 11.15 | C26: 29 | D26: 5 | E26: 7 | F26: 7 | G26: 0 | H26: 0 | I26: 8 | J26: 1 | K26: 3 | L26: 0 | M26: 129 | N26: 0 | O26: =SUM(C26:L26,N26) -> 60 | P26: =SUM(C26:N26) -> 189 | R26: IP Period | S26: =SUM(S13:S18) -> 785 | T26: =SUM(T13:T18) -> 118 | U26: =SUM(U13:U18) -> 103 | V26: =SUM(V13:V18) -> 231 | W26: =SUM(W13:W18) -> 10 | X26: =SUM(X13:X18) -> 1 | Y26: =SUM(Y13:Y18) -> 209 | Z26: =SUM(Z13:Z18) -> 76 | ... AF26: =SUM(AF13:AF18) -> 4360
B27: 11.15 - 11.30 | C27: 33 | D27: 7 | E27: 5 | F27: 10 | G27: 1 | H27: 0 | I27: 13 | J27: 2 | K27: 1 | L27: 0 | M27: 113 | N27: 0 | O27: =SUM(C27:L27,N27) -> 72 | P27: =SUM(C27:N27) -> 185 | R27: PM Period | S27: =SUM(S19:S21) -> 1133 | T27: =SUM(T19:T21) -> 143 | U27: =SUM(U19:U21) -> 108 | V27: =SUM(V19:V21) -> 156 | W27: =SUM(W19:W21) -> 6 | X27: =SUM(X19:X21) -> 0 | Y27: =SUM(Y19:Y21) -> 81 | Z27: =SUM(Z19:Z21) -> 26 | ... AF27: =SUM(AF19:AF21) -> 3120
B28: 11.30 - 11.45 | C28: 36 | D28: 5 | E28: 4 | F28: 22 | G28: 0 | H28: 0 | I28: 12 | J28: 2 | K28: 6 | L28: 0 | M28: 115 | N28: 0 | O28: =SUM(C28:L28,N28) -> 87 | P28: =SUM(C28:N28) -> 202 | R28: 12 Hours | S28: =SUM(S10:S21) -> 1951 | T28: =SUM(T10:T21) -> 262 | U28: =SUM(U10:U21) -> 217 | V28: =SUM(V10:V21) -> 406 | W28: =SUM(W10:W21) -> 16 | X28: =SUM(X10:X21) -> 1 | Y28: =SUM(Y10:Y21) -> 293 | Z28: =SUM(Z10:Z21) -> 106 | ... AF28: =SUM(AF10:AF21) -> 7668
B29: 11.45 - 12.00 | C29: 32 | D29: 3 | E29: 3 | F29: 14 | G29: 0 | H29: 0 | I29: 7 | J29: 5 | K29: 3 | L29: 0 | M29: 116 | N29: 0 | O29: =SUM(C29:L29,N29) -> 67 | P29: =SUM(C29:N29) -> 183
B30: 12.00 - 12.15 | C30: 32 | D30: 10 | E30: 4 | F30: 4 | G30: 0 | H30: 0 | I30: 7 | J30: 8 | K30: 3 | L30: 0 | M30: 117 | N30: 0 | O30: =SUM(C30:L30,N30) -> 68 | P30: =SUM(C30:N30) -> 185
B31: 12.15 - 12.30 | C31: 31 | D31: 3 | E31: 3 | F31: 9 | G31: 0 | H31: 0 | I31: 7 | J31: 4 | K31: 6 | L31: 0 | M31: 115 | N31: 0 | O31: =SUM(C31:L31,N31) -> 63 | P31: =SUM(C31:N31) -> 178
B32: 12.30 - 12.45 | C32: 44 | D32: 4 | E32: 5 | F32: 11 | G32: 1 | H32: 0 | I32: 8 | J32: 1 | K32: 3 | L32: 0 | M32: 116 | N32: 0 | O32: =SUM(C32:L32,N32) -> 77 | P32: =SUM(C32:N32) -> 193
B33: 12.45 - 13.00 | C33: 29 | D33: 2 | E33: 3 | F33: 8 | G33: 0 | H33: 0 | I33: 8 | J33: 3 | K33: 2 | L33: 0 | M33: 116 | N33: 0 | O33: =SUM(C33:L33,N33) -> 55 | P33: =SUM(C33:N33) -> 171
B34: 13.00 - 13.15 | C34: 41 | D34: 4 | E34: 5 | F34: 8 | G34: 0 | H34: 0 | I34: 10 | J34: 5 | K34: 0 | L34: 0 | M34: 125 | N34: 0 | O34: =SUM(C34:L34,N34) -> 73 | P34: =SUM(C34:N34) -> 198
B35: 13.15 - 13.30 | C35: 29 | D35: 3 | E35: 2 | F35: 7 | G35: 1 | H35: 0 | I35: 5 | J35: 2 | K35: 2 | L35: 0 | M35: 115 | N35: 0 | O35: =SUM(C35:L35,N35) -> 51 | P35: =SUM(C35:N35) -> 166
B36: 13.30 - 13.45 | C36: 29 | D36: 5 | E36: 4 | F36: 15 | G36: 0 | H36: 0 | I36: 12 | J36: 2 | K36: 3 | L36: 0 | M36: 111 | N36: 0 | O36: =SUM(C36:L36,N36) -> 70 | P36: =SUM(C36:N36) -> 181
B37: 13.45 - 14.00 | C37: 40 | D37: 1 | E37: 4 | F37: 3 | G37: 1 | H37: 0 | I37: 10 | J37: 3 | K37: 0 | L37: 0 | M37: 112 | N37: 0 | O37: =SUM(C37:L37,N37) -> 62 | P37: =SUM(C37:N37) -> 174
B38: 14.00 - 14.15 | C38: 33 | D38: 5 | E38: 6 | F38: 9 | G38: 1 | H38: 0 | I38: 3 | J38: 7 | K38: 0 | L38: 0 | M38: 112 | N38: 0 | O38: =SUM(C38:L38,N38) -> 64 | P38: =SUM(C38:N38) -> 176
B39: 14.15 - 14.30 | C39: 45 | D39: 5 | E39: 6 | F39: 12 | G39: 1 | H39: 0 | I39: 8 | J39: 4 | K39: 1 | L39: 0 | M39: 119 | N39: 0 | O39: =SUM(C39:L39,N39) -> 82 | P39: =SUM(C39:N39) -> 201
B40: 14.30 - 14.45 | C40: 19 | D40: 2 | E40: 2 | F40: 7 | G40: 0 | H40: 0 | I40: 8 | J40: 2 | K40: 2 | L40: 0 | M40: 115 | N40: 0 | O40: =SUM(C40:L40,N40) -> 42 | P40: =SUM(C40:N40) -> 157
... B57: 18.45 - 19.00 | C57: 104 | D57: 15 | E57: 7 | F57: 26 | G57: 0 | H57: 0 | I57: 3 | J57: 3 | K57: 1 | L57: 0 | M57: 120 | N57: 0 | O57: =SUM(C57:L57,N57) -> 159 | P57: =SUM(C57:N57) -> 279
B58: Totals | C58: =SUM(C10:C57) -> 1951 | D58: =SUM(D10:D57) -> 262 | E58: =SUM(E10:E57) -> 217 | F58: =SUM(F10:F57) -> 406 | G58: =SUM(G10:G57) -> 16 | H58: =SUM(H10:H57) -> 1 | I58: =SUM(I10:I57) -> 293 | J58: =SUM(J10:J57) -> 106 | ... P58: =SUM(P10:P57) -> 7668
B59: %ges + MCs | C59: =C58/$P$58 -> 0.25443401 | D59: =D58/$P$58 -> 0.034167971 | E59: =E58/$P$58 -> 0.028299426 | F59: =F58/$P$58 -> 0.052947314 | G59: =G58/$P$58 -> 0.0020865936 | H59: =H58/$P$58 -> 0.0001304121 | I59: =I58/$P$58 -> 0.038210746 | J59: =J58/$P$58 -> 0.013823683 | ... N59: =N58/$P$58 -> 0
B60: %ges w/o MCs | C60: =C58/$O$58 -> 0.58871454 | D60: =D58/$O$58 -> 0.07905854 | E60: =E58/$O$58 -> 0.065479783 | F60: =F58/$O$58 -> 0.12251056 | G60: =G58/$O$58 -> 0.0048280024 | H60: =H58/$O$58 -> 0.00030175015 | I60: =I58/$O$58 -> 0.088412794 | J60: =J58/$O$58 -> 0.031985516 | ... L60: =L58/$O$58 -> 0.00090525045 | N60: =N58/$O$58 -> 0

Sheet 30.07 NAMUGONGO-KIREKA
B1: Consultancy services for Preparation of Expressway Development Master Plan (EDMP) for Uganda
B2: MANUAL CLASSIFIED COUNT (MCC)
B3: ROAD NAME: | C3: ='01.08 NAMUGONGO-KIREKA'!C3:G3 -> MCC - C1 - STN039 - NAMUGONGO ROAD
C5: Date | D5: 30.07.19 | F5: Location | G5: ='31.07 KIREKA-NAMUGONGO-24h'!G5:H5 -> AGENDA | J5: Surveyor | K5: ='31.07 KIREKA-NAMUGONGO-24h'!K5:L5 -> STEVEN
C6: Dir. From | D6: ='01.08 NAMUGONGO-KIREKA'!D6:E6 -> NAMUGONGO | F6: Dir. To | G6: ='01.08 NAMUGONGO-KIREKA'!G6:H6 -> KIREKA | J6: Supervisor | K6: ='31.07 KIREKA-NAMUGONGO-24h'!K6:L6 -> NAIDO GRACE BRENDA
B8: Time / Veh Type | R8: SUMMARY TRAFFIC VOLUMES
C9: 1. Car | D9: 2. Station Wagon | E9: 3. Pickups | F9: 4. Minibus, matatu | G9: 5. Medium bus | H9: 6. Large Bus | I9: 7. Light Truck | J9: 8. Medium Truck | K9: 9. Heavy truck | L9: 10. Truck Trailer | M9: 11. Motor cycles | N9: 12. Tractors | O9: Total Excl M/Cycles | P9: Total All | R9: Time | S9: 1. Car | T9: 2. Station Wagon | U9: 3. Pickups | V9: 4. Minibus, matatu | W9: 5. Medium bus | X9: 6. Large Bus | Y9: 7. Light Truck | Z9: 8. Medium Truck | AA9: 9. Heavy truck | AB9: 10. Truck Trailer | AC9: 11. Motorcycles | AD9: 12. Tractors, Graders | AE9: Total Excl M/ Cycles | AF9: Total All
B10: 07.00 - 07.15 | C10: 93 | D10: 11 | E10: 8 | F10: 22 | G10: 0 | H10: 0 | I10: 3 | J10: 0 | K10: 0 | L10: 0 | M10: 90 | N10: 0 | O10: =SUM(C10:L10,N10) -> 137 | P10: =SUM(C10:N10) -> 227 | R10: 0700-0800 | S10: =SUM(C10:C13) -> 420 | T10: =SUM(D10:D13) -> 49 | U10: =SUM(E10:E13) -> 49 | V10: =SUM(F10:F13) -> 111 | W10: =SUM(G10:G13) -> 2 | X10: =SUM(H10:H13) -> 0 | Y10: =SUM(I10:I13) -> 14 | Z10: =SUM(J10:J13) -> 0 | ... AF10: =SUM(P10:P13) -> 1248
B11: 07.15 - 07.30 | C11: 122 | D11: 15 | E11: 8 | F11: 29 | G11: 2 | H11: 0 | I11: 5 | J11: 0 | K11: 0 | L11: 0 | M11: 150 | N11: 0 | O11: =SUM(C11:L11,N11) -> 181 | P11: =SUM(C11:N11) -> 331 | R11: 0800-0900 | S11: =SUM(C14:C17) -> 389 | T11: =SUM(D14:D17) -> 35 | U11: =SUM(E14:E17) -> 55 | V11: =SUM(F14:F17) -> 108 | W11: =SUM(G14:G17) -> 1 | X11: =SUM(H14:H17) -> 0 | Y11: =SUM(I14:I17) -> 25 | Z11: =SUM(J14:J17) -> 2 | ... AF11: =SUM(P14:P17) -> 1221
B12: 07.30 - 07.45 | C12: 105 | D12: 12 | E12: 15 | F12: 29 | G12: 0 | H12: 0 | I12: 3 | J12: 0 | K12: 1 | L12: 1 | M12: 194 | N12: 0 | O12: =SUM(C12:L12,N12) -> 166 | P12: =SUM(C12:N12) -> 360 | R12: 0900-1000 | S12: =SUM(C18:C21) -> 304 | T12: =SUM(D18:D21) -> 35 | U12: =SUM(E18:E21) -> 28 | V12: =SUM(F18:F21) -> 94 | W12: =SUM(G18:G21) -> 0 | X12: =SUM(H18:H21) -> 0 | Y12: =SUM(I18:I21) -> 24 | Z12: =SUM(J18:J21) -> 3 | ... AF12: =SUM(P18:P21) -> 1024
B13: 07.45 - 08.00 | C13: 100 | D13: 11 | E13: 18 | F13: 31 | G13: 0 | H13: 0 | I13: 3 | J13: 0 | K13: 0 | L13: 0 | M13: 167 | N13: 0 | O13: =SUM(C13:L13,N13) -> 163 | P13: =SUM(C13:N13) -> 330 | R13: 1000-1100 | S13: =SUM(C22:C25) -> 246 | T13: =SUM(D22:D25) -> 39 | U13: =SUM(E22:E25) -> 32 | V13: =SUM(F22:F25) -> 96 | W13: =SUM(G22:G25) -> 2 | X13: =SUM(H22:H25) -> 0 | Y13: =SUM(I22:I25) -> 20 | Z13: =SUM(J22:J25) -> 4 | ... AF13: =SUM(P22:P25) -> 928
B14: 08.00 - 08.15 | C14: 92 | D14: 7 | E14: 10 | F14: 33 | G14: 0 | H14: 0 | I14: 4 | J14: 0 | K14: 0 | L14: 0 | M14: 173 | N14: 0 | O14: =SUM(C14:L14,N14) -> 146 | P14: =SUM(C14:N14) -> 319 | R14: 1100-1200 | S14: =SUM(C26:C29) -> 202 | T14: =SUM(D26:D29) -> 31 | U14: =SUM(E26:E29) -> 45 | V14: =SUM(F26:F29) -> 82 | W14: =SUM(G26:G29) -> 0 | X14: =SUM(H26:H29) -> 0 | Y14: =SUM(I26:I29) -> 22 | Z14: =SUM(J26:J29) -> 0 | ... AF14: =SUM(P26:P29) -> 828
B15: 08.15 - 08.30 | C15: 84 | D15: 10 | E15: 13 | F15: 28 | G15: 0 | H15: 0 | I15: 5 | J15: 0 | K15: 1 | L15: 0 | M15: 162 | N15: 0 | O15: =SUM(C15:L15,N15) -> 141 | P15: =SUM(C15:N15) -> 303 | R15: 1200-1300 | S15: =SUM(C30:C33) -> 203 | T15: =SUM(D30:D33) -> 15 | U15: =SUM(E30:E33) -> 36 | V15: =SUM(F30:F33) -> 95 | W15: =SUM(G30:G33) -> 0 | X15: =SUM(H30:H33) -> 0 | Y15: =SUM(I30:I33) -> 33 | Z15: =SUM(J30:J33) -> 6 | ... AF15: =SUM(P30:P33) -> 786
B16: 08.30 - 08.45 | C16: 118 | D16: 6 | E16: 17 | F16: 22 | G16: 1 | H16: 0 | I16: 6 | J16: 1 | K16: 0 | L16: 0 | M16: 125 | N16: 0 | O16: =SUM(C16:L16,N16) -> 171 | P16: =SUM(C16:N16) -> 296 | R16: 1300-1400 | S16: =SUM(C34:C37) -> 173 | T16: =SUM(D34:D37) -> 20 | U16: =SUM(E34:E37) -> 32 | V16: =SUM(F34:F37) -> 85 | W16: =SUM(G34:G37) -> 1 | X16: =SUM(H34:H37) -> 0 | Y16: =SUM(I34:I37) -> 34 | Z16: =SUM(J34:J37) -> 2 | ... AF16: =SUM(P34:P37) -> 708
B17: 08.45 - 9.00 | C17: 95 | D17: 12 | E17: 15 | F17: 25 | G17: 0 | H17: 0 | I17: 10 | J17: 1 | K17: 0 | L17: 0 | M17: 145 | N17: 0 | O17: =SUM(C17:L17,N17) -> 158 | P17: =SUM(C17:N17) -> 303 | R17: 1400-1500 | S17: =SUM(C38:C41) -> 141 | T17: =SUM(D38:D41) -> 21 | U17: =SUM(E38:E41) -> 38 | V17: =SUM(F38:F41) -> 140 | W17: =SUM(G38:G41) -> 2 | X17: =SUM(H38:H41) -> 9 | Y17: =SUM(I38:I41) -> 18 | Z17: =SUM(J38:J41) -> 4 | ... AF17: =SUM(P38:P41) -> 778
B18: 09.00 - 09.15 | C18: 100 | D18: 14 | E18: 8 | F18: 25 | G18: 0 | H18: 0 | I18: 7 | J18: 1 | K18: 6 | L18: 0 | M18: 175 | N18: 0 | O18: =SUM(C18:L18,N18) -> 161 | P18: =SUM(C18:N18) -> 336 | R18: 1500-1600 | S18: =SUM(C42:C45) -> 181 | T18: =SUM(D42:D45) -> 14 | U18: =SUM(E42:E45) -> 19 | V18: =SUM(F42:F45) -> 76 | W18: =SUM(G42:G45) -> 0 | X18: =SUM(H42:H45) -> 0 | Y18: =SUM(I42:I45) -> 34 | Z18: =SUM(J42:J45) -> 3 | ... AF18: =SUM(P42:P45) -> 792
B19: 09.15 - 09.30 | C19: 65 | D19: 7 | E19: 10 | F19: 29 | G19: 0 | H19: 0 | I19: 6 | J19: 0 | K19: 1 | L19: 0 | M19: 126 | N19: 0 | O19: =SUM(C19:L19,N19) -> 118 | P19: =SUM(C19:N19) -> 244 | R19: 1600-1700 | S19: =SUM(C46:C49) -> 178 | T19: =SUM(D46:D49) -> 25 | U19: =SUM(E46:E49) -> 30 | V19: =SUM(F46:F49) -> 71 | W19: =SUM(G46:G49) -> 3 | X19: =SUM(H46:H49) -> 1 | Y19: =SUM(I46:I49) -> 29 | Z19: =SUM(J46:J49) -> 4 | ... AF19: =SUM(P46:P49) -> 816
B20: 09.30 - 09.45 | C20: 60 | D20: 9 | E20: 3 | F20: 19 | G20: 0 | H20: 0 | I20: 6 | J20: 1 | K20: 1 | L20: 0 | M20: 119 | N20: 0 | O20: =SUM(C20:L20,N20) -> 99 | P20: =SUM(C20:N20) -> 218 | R20: 1700-1800 | S20: =SUM(C50:C53) -> 185 | T20: =SUM(D50:D53) -> 18 | U20: =SUM(E50:E53) -> 26 | V20: =SUM(F50:F53) -> 87 | W20: =SUM(G50:G53) -> 5 | X20: =SUM(H50:H53) -> 0 | Y20: =SUM(I50:I53) -> 30 | Z20: =SUM(J50:J53) -> 1 | ... AF20: =SUM(P50:P53) -> 903
B21: 09.45 - 10.00 | C21: 79 | D21: 5 | E21: 7 | F21: 21 | G21: 0 | H21: 0 | I21: 5 | J21: 1 | K21: 0 | L21: 0 | M21: 108 | N21: 0 | O21: =SUM(C21:L21,N21) -> 118 | P21: =SUM(C21:N21) -> 226 | R21: 1800-1900 | S21: =SUM(C54:C57) -> 174 | T21: =SUM(D54:D57) -> 20 | U21: =SUM(E54:E57) -> 47 | V21: =SUM(F54:F57) -> 104 | W21: =SUM(G54:G57) -> 4 | X21: =SUM(H54:H57) -> 0 | Y21: =SUM(I54:I57) -> 25 | Z21: =SUM(J54:J57) -> 5 | ... AF21: =SUM(P54:P57) -> 952
B22: 10.00 - 10.15 | C22: 63 | D22: 14 | E22: 8 | F22: 22 | G22: 0 | H22: 0 | I22: 7 | J22: 1 | K22: 0 | L22: 0 | M22: 115 | N22: 0 | O22: =SUM(C22:L22,N22) -> 115 | P22: =SUM(C22:N22) -> 230 | R22: AM Peak Hr | S22: =MAX(S10:S12) -> 420 | T22: =MAX(T10:T12) -> 49 | U22: =MAX(U10:U12) -> 55 | V22: =MAX(V10:V12) -> 111 | W22: =MAX(W10:W12) -> 2 | X22: =MAX(X10:X12) -> 0 | Y22: =MAX(Y10:Y12) -> 25 | Z22: =MAX(Z10:Z12) -> 3 | ... AF22: =MAX(AF10:AF12) -> 1248
B23: 10.15 - 10.30 | C23: 65 | D23: 8 | E23: 5 | F23: 26 | G23: 1 | H23: 0 | I23: 8 | J23: 2 | K23: 2 | L23: 0 | M23: 164 | N23: 0 | O23: =SUM(C23:L23,N23) -> 117 | P23: =SUM(C23:N23) -> 281 | R23: IP Peak Hr | S23: =MAX(S13:S18) -> 246 | T23: =MAX(T13:T18) -> 39 | U23: =MAX(U13:U18) -> 45 | V23: =MAX(V13:V18) -> 140 | W23: =MAX(W13:W18) -> 2 | X23: =MAX(X13:X18) -> 9 | Y23: =MAX(Y13:Y18) -> 34 | Z23: =MAX(Z13:Z18) -> 6 | ... AF23: =MAX(AF13:AF18) -> 928
B24: 10.30 - 10.45 | C24: 65 | D24: 11 | E24: 9 | F24: 27 | G24: 1 | H24: 0 | I24: 1 | J24: 0 | K24: 2 | L24: 0 | M24: 94 | N24: 0 | O24: =SUM(C24:L24,N24) -> 116 | P24: =SUM(C24:N24) -> 210 | R24: PM Peak Hr | S24: =MAX(S19:S21) -> 185 | T24: =MAX(T19:T21) -> 25 | U24: =MAX(U19:U21) -> 47 | V24: =MAX(V19:V21) -> 104 | W24: =MAX(W19:W21) -> 5 | X24: =MAX(X19:X21) -> 1 | Y24: =MAX(Y19:Y21) -> 30 | Z24: =MAX(Z19:Z21) -> 5 | ... AF24: =MAX(AF19:AF21) -> 952
B25: 10.45 - 11.00 | C25: 53 | D25: 6 | E25: 10 | F25: 21 | G25: 0 | H25: 0 | I25: 4 | J25: 1 | K25: 3 | L25: 1 | M25: 108 | N25: 0 | O25: =SUM(C25:L25,N25) -> 99 | P25: =SUM(C25:N25) -> 207 | R25: AM Period | S25: =SUM(S10:S12) -> 1113 | T25: =SUM(T10:T12) -> 119 | U25: =SUM(U10:U12) -> 132 | V25: =SUM(V10:V12) -> 313 | W25: =SUM(W10:W12) -> 3 | X25: =SUM(X10:X12) -> 0 | Y25: =SUM(Y10:Y12) -> 63 | Z25: =SUM(Z10:Z12) -> 5 | ... AF25: =SUM(AF10:AF12) -> 3493
B26: 11.00 - 11.15 | C26: 59 | D26: 9 | E26: 11 | F26: 21 | G26: 0 | H26: 0 | I26: 1 | J26: 0 | K26: 0 | L26: 0 | M26: 107 | N26: 0 | O26: =SUM(C26:L26,N26) -> 101 | P26: =SUM(C26:N26) -> 208 | R26: IP Period | S26: =SUM(S13:S18) -> 1146 | T26: =SUM(T13:T18) -> 140 | U26: =SUM(U13:U18) -> 202 | V26: =SUM(V13:V18) -> 574 | W26: =SUM(W13:W18) -> 5 | X26: =SUM(X13:X18) -> 9 | Y26: =SUM(Y13:Y18) -> 161 | Z26: =SUM(Z13:Z18) -> 19 | ... AF26: =SUM(AF13:AF18) -> 4820
B27: 11.15 - 11.30 | C27: 61 | D27: 5 | E27: 17 | F27: 24 | G27: 0 | H27: 0 | I27: 12 | J27: 0 | K27: 0 | L27: 0 | M27: 125 | N27: 0 | O27: =SUM(C27:L27,N27) -> 119 | P27: =SUM(C27:N27) -> 244 | R27: PM Period | S27: =SUM(S19:S21) -> 537 | T27: =SUM(T19:T21) -> 63 | U27: =SUM(U19:U21) -> 103 | V27: =SUM(V19:V21) -> 262 | W27: =SUM(W19:W21) -> 12 | X27: =SUM(X19:X21) -> 1 | Y27: =SUM(Y19:Y21) -> 84 | Z27: =SUM(Z19:Z21) -> 10 | ... AF27: =SUM(AF19:AF21) -> 2671
B28: 11.30 - 11.45 | C28: 50 | D28: 9 | E28: 6 | F28: 15 | G28: 0 | H28: 0 | I28: 3 | J28: 0 | K28: 2 | L28: 0 | M28: 110 | N28: 0 | O28: =SUM(C28:L28,N28) -> 85 | P28: =SUM(C28:N28) -> 195 | R28: 12 Hours | S28: =SUM(S10:S21) -> 2796 | T28: =SUM(T10:T21) -> 322 | U28: =SUM(U10:U21) -> 437 | V28: =SUM(V10:V21) -> 1149 | W28: =SUM(W10:W21) -> 20 | X28: =SUM(X10:X21) -> 10 | Y28: =SUM(Y10:Y21) -> 308 | Z28: =SUM(Z10:Z21) -> 34 | ... AF28: =SUM(AF10:AF21) -> 10984
B29: 11.45 - 12.00 | C29: 32 | D29: 8 | E29: 11 | F29: 22 | G29: 0 | H29: 0 | I29: 6 | J29: 0 | K29: 2 | L29: 1 | M29: 99 | N29: 0 | O29: =SUM(C29:L29,N29) -> 82 | P29: =SUM(C29:N29) -> 181
B30: 12.00 - 12.15 | C30: 37 | D30: 4 | E30: 10 | F30: 23 | G30: 0 | H30: 0 | I30: 11 | J30: 3 | K30: 0 | L30: 0 | M30: 108 | N30: 0 | O30: =SUM(C30:L30,N30) -> 88 | P30: =SUM(C30:N30) -> 196
B31: 12.15 - 12.30 | C31: 57 | D31: 3 | E31: 13 | F31: 15 | G31: 0 | H31: 0 | I31: 11 | J31: 3 | K31: 0 | L31: 0 | M31: 92 | N31: 0 | O31: =SUM(C31:L31,N31) -> 102 | P31: =SUM(C31:N31) -> 194
B32: 12.30 - 12.45 | C32: 66 | D32: 6 | E32: 5 | F32: 29 | G32: 0 | H32: 0 | I32: 8 | J32: 0 | K32: 0 | L32: 0 | M32: 101 | N32: 0 | O32: =SUM(C32:L32,N32) -> 114 | P32: =SUM(C32:N32) -> 215
B33: 12.45 - 13.00 | C33: 43 | D33: 2 | E33: 8 | F33: 28 | G33: 0 | H33: 0 | I33: 3 | J33: 0 | K33: 1 | L33: 0 | M33: 96 | N33: 0 | O33: =SUM(C33:L33,N33) -> 85 | P33: =SUM(C33:N33) -> 181
B34: 13.00 - 13.15 | C34: 45 | D34: 7 | E34: 10 | F34: 34 | G34: 0 | H34: 0 | I34: 4 | J34: 1 | K34: 0 | L34: 0 | M34: 93 | N34: 0 | O34: =SUM(C34:L34,N34) -> 101 | P34: =SUM(C34:N34) -> 194
B35: 13.15 - 13.30 | C35: 40 | D35: 5 | E35: 6 | F35: 22 | G35: 0 | H35: 0 | I35: 11 | J35: 1 | K35: 1 | L35: 0 | M35: 90 | N35: 0 | O35: =SUM(C35:L35,N35) -> 86 | P35: =SUM(C35:N35) -> 176
B36: 13.30 - 13.45 | C36: 46 | D36: 4 | E36: 5 | F36: 16 | G36: 0 | H36: 0 | I36: 9 | J36: 0 | K36: 0 | L36: 0 | M36: 94 | N36: 0 | O36: =SUM(C36:L36,N36) -> 80 | P36: =SUM(C36:N36) -> 174
B37: 13.45 - 14.00 | C37: 42 | D37: 4 | E37: 11 | F37: 13 | G37: 1 | H37: 0 | I37: 10 | J37: 0 | K37: 1 | L37: 0 | M37: 82 | N37: 0 | O37: =SUM(C37:L37,N37) -> 82 | P37: =SUM(C37:N37) -> 164
B38: 14.00 - 14.15 | C38: 35 | D38: 9 | E38: 9 | F38: 23 | G38: 0 | H38: 9 | I38: 0 | J38: 0 | K38: 0 | L38: 1 | M38: 102 | N38: 0 | O38: =SUM(C38:L38,N38) -> 86 | P38: =SUM(C38:N38) -> 188
B39: 14.15 - 14.30 | C39: 32 | D39: 5 | E39: 12 | F39: 21 | G39: 1 | H39: 0 | I39: 8 | J39: 2 | K39: 0 | L39: 0 | M39: 102 | N39: 0 | O39: =SUM(C39:L39,N39) -> 81 | P39: =SUM(C39:N39) -> 183
B40: 14.30 - 14.45 | C40: 34 | D40: 2 | E40: 7 | F40: 17 | G40: 0 | H40: 0 | I40: 4 | J40: 0 | K40: 0 | L40: 0 | M40: 95 | N40: 0 | O40: =SUM(C40:L40,N40) -> 64 | P40: =SUM(C40:N40) -> 159
... B57: 18.45 - 19.00 | C57: 34 | D57: 3 | E57: 8 | F57: 28 | G57: 0 | H57: 0 | I57: 7 | J57: 0 | K57: 1 | L57: 0 | M57: 160 | N57: 0 | O57: =SUM(C57:L57,N57) -> 81 | P57: =SUM(C57:N57) -> 241
B58: Totals | C58: =SUM(C10:C57) -> 2796 | D58: =SUM(D10:D57) -> 322 | E58: =SUM(E10:E57) -> 437 | F58: =SUM(F10:F57) -> 1149 | G58: =SUM(G10:G57) -> 20 | H58: =SUM(H10:H57) -> 10 | I58: =SUM(I10:I57) -> 308 | J58: =SUM(J10:J57) -> 34 | ... P58: =SUM(P10:P57) -> 10984
B59: %ges + MCs | C59: =C58/$P$58 -> 0.25455208 | D59: =D58/$P$58 -> 0.029315368 | E59: =E58/$P$58 -> 0.039785142 | F59: =F58/$P$58 -> 0.1046067 | G59: =G58/$P$58 -> 0.0018208303 | H59: =H58/$P$58 -> 0.00091041515 | I59: =I58/$P$58 -> 0.028040787 | J59: =J58/$P$58 -> 0.0030954115 | ... N59: =N58/$P$58 -> 0
B60: %ges w/o MCs | C60: =C58/$O$58 -> 0.54588052 | D60: =D58/$O$58 -> 0.062866068 | E60: =E58/$O$58 -> 0.085318235 | F60: =F58/$O$58 -> 0.22432643 | G60: =G58/$O$58 -> 0.0039047247 | H60: =H58/$O$58 -> 0.0019523624 | I60: =I58/$O$58 -> 0.060132761 | J60: =J58/$O$58 -> 0.006638032 | ... L60: =L58/$O$58 -> 0.0017571261 | N60: =N58/$O$58 -> 0

Sheet 30.07 KIREKA-NAMUGONGO
B1: Consultancy services for Preparation of Expressway Development Master Plan (EDMP) for Uganda
B2: MANUAL CLASSIFIED COUNT (MCC)
B3: ROAD NAME: | C3: ='01.08 KIREKA-NAMUGONGO'!C3:G3 -> MCC - C1 - STN039 - NAMUGONGO ROAD
C5: Date | D5: ='30.07 NAMUGONGO-KIREKA'!D5 -> 30.07.19 | F5: Location | G5: ='30.07 NAMUGONGO-KIREKA'!G5:H5 -> AGENDA | J5: Surveyor | K5: ='30.07 NAMUGONGO-KIREKA'!K5:L5 -> STEVEN
C6: Dir. From | D6: ='01.08 KIREKA-NAMUGONGO'!D6:E6 -> KIREKA | F6: Dir. To | G6: ='01.08 KIREKA-NAMUGONGO'!G6:H6 -> NAMUGONGO | J6: Supervisor | K6: ='30.07 NAMUGONGO-KIREKA'!K6:L6 -> NAIDO GRACE BRENDA
B8: Time / Veh Type | R8: SUMMARY TRAFFIC VOLUMES
C9: 1. Car | D9: 2. Station Wagon | E9: 3. Pickups | F9: 4. Minibus, matatu | G9: 5. Medium bus | H9: 6. Large Bus | I9: 7. Light Truck | J9: 8. Medium Truck | K9: 9. Heavy truck | L9: 10. Truck Trailer | M9: 11. Motor cycles | N9: 12. Tractors | O9: Total Excl M/Cycles | P9: Total All | R9: Time | S9: 1. Car | T9: 2. Station Wagon | U9: 3. Pickups | V9: 4. Minibus, matatu | W9: 5. Medium bus | X9: 6. Large Bus | Y9: 7. Light Truck | Z9: 8. Medium Truck | AA9: 9. Heavy truck | AB9: 10. Truck Trailer | AC9: 11. Motorcycles | AD9: 12. Tractors, Graders | AE9: Total Excl M/ Cycles | AF9: Total All
B10: 07.00 - 07.15 | C10: 8 | D10: 3 | E10: 5 | F10: 0 | G10: 0 | H10: 0 | I10: 0 | J10: 0 | K10: 0 | L10: 0 | M10: 0 | N10: 0 | O10: =SUM(C10:L10,N10) -> 16 | P10: =SUM(C10:N10) -> 16 | R10: 0700-0800 | S10: =SUM(C10:C13) -> 122 | T10: =SUM(D10:D13) -> 39 | U10: =SUM(E10:E13) -> 14 | V10: =SUM(F10:F13) -> 29 | W10: =SUM(G10:G13) -> 1 | X10: =SUM(H10:H13) -> 1 | Y10: =SUM(I10:I13) -> 0 | Z10: =SUM(J10:J13) -> 0 | ... AF10: =SUM(P10:P13) -> 206
B11: 07.15 - 07.30 | C11: 34 | D11: 13 | E11: 0 | F11: 0 | G11: 0 | H11: 0 | I11: 0 | J11: 0 | K11: 0 | L11: 0 | M11: 0 | N11: 0 | O11: =SUM(C11:L11,N11) -> 47 | P11: =SUM(C11:N11) -> 47 | R11: 0800-0900 | S11: =SUM(C14:C17) -> 136 | T11: =SUM(D14:D17) -> 33 | U11: =SUM(E14:E17) -> 15 | V11: =SUM(F14:F17) -> 62 | W11: =SUM(G14:G17) -> 1 | X11: =SUM(H14:H17) -> 0 | Y11: =SUM(I14:I17) -> 0 | Z11: =SUM(J14:J17) -> 0 | ... AF11: =SUM(P14:P17) -> 247
B12: 07.30 - 07.45 | C12: 35 | D12: 10 | E12: 1 | F12: 16 | G12: 1 | H12: 1 | I12: 0 | J12: 0 | K12: 0 | L12: 0 | M12: 0 | N12: 0 | O12: =SUM(C12:L12,N12) -> 64 | P12: =SUM(C12:N12) -> 64 | R12: 0900-1000 | S12: =SUM(C18:C21) -> 138 | T12: =SUM(D18:D21) -> 30 | U12: =SUM(E18:E21) -> 23 | V12: =SUM(F18:F21) -> 70 | W12: =SUM(G18:G21) -> 0 | X12: =SUM(H18:H21) -> 0 | Y12: =SUM(I18:I21) -> 27 | Z12: =SUM(J18:J21) -> 5 | ... AF12: =SUM(P18:P21) -> 806
B13: 07.45 - 08.00 | C13: 45 | D13: 13 | E13: 8 | F13: 13 | G13: 0 | H13: 0 | I13: 0 | J13: 0 | K13: 0 | L13: 0 | M13: 0 | N13: 0 | O13: =SUM(C13:L13,N13) -> 79 | P13: =SUM(C13:N13) -> 79 | R13: 1000-1100 | S13: =SUM(C22:C25) -> 156 | T13: =SUM(D22:D25) -> 66 | U13: =SUM(E22:E25) -> 18 | V13: =SUM(F22:F25) -> 45 | W13: =SUM(G22:G25) -> 16 | X13: =SUM(H22:H25) -> 0 | Y13: =SUM(I22:I25) -> 9 | Z13: =SUM(J22:J25) -> 18 | ... AF13: =SUM(P22:P25) -> 813
B14: 08.00 - 08.15 | C14: 27 | D14: 8 | E14: 2 | F14: 15 | G14: 1 | H14: 0 | I14: 0 | J14: 0 | K14: 0 | L14: 0 | M14: 0 | N14: 0 | O14: =SUM(C14:L14,N14) -> 53 | P14: =SUM(C14:N14) -> 53 | R14: 1100-1200 | S14: =SUM(C26:C29) -> 122 | T14: =SUM(D26:D29) -> 35 | U14: =SUM(E26:E29) -> 20 | V14: =SUM(F26:F29) -> 40 | W14: =SUM(G26:G29) -> 12 | X14: =SUM(H26:H29) -> 0 | Y14: =SUM(I26:I29) -> 36 | Z14: =SUM(J26:J29) -> 19 | ... AF14: =SUM(P26:P29) -> 687
B15: 08.15 - 08.30 | C15: 34 | D15: 6 | E15: 6 | F15: 18 | G15: 0 | H15: 0 | I15: 0 | J15: 0 | K15: 0 | L15: 0 | M15: 0 | N15: 0 | O15: =SUM(C15:L15,N15) -> 64 | P15: =SUM(C15:N15) -> 64 | R15: 1200-1300 | S15: =SUM(C30:C33) -> 138 | T15: =SUM(D30:D33) -> 42 | U15: =SUM(E30:E33) -> 34 | V15: =SUM(F30:F33) -> 50 | W15: =SUM(G30:G33) -> 4 | X15: =SUM(H30:H33) -> 0 | Y15: =SUM(I30:I33) -> 20 | Z15: =SUM(J30:J33) -> 23 | ... AF15: =SUM(P30:P33) -> 678
B16: 08.30 - 08.45 | C16: 43 | D16: 13 | E16: 5 | F16: 16 | G16: 0 | H16: 0 | I16: 0 | J16: 0 | K16: 0 | L16: 0 | M16: 0 | N16: 0 | O16: =SUM(C16:L16,N16) -> 77 | P16: =SUM(C16:N16) -> 77 | R16: 1300-1400 | S16: =SUM(C34:C37) -> 167 | T16: =SUM(D34:D37) -> 37 | U16: =SUM(E34:E37) -> 27 | V16: =SUM(F34:F37) -> 62 | W16: =SUM(G34:G37) -> 0 | X16: =SUM(H34:H37) -> 0 | Y16: =SUM(I34:I37) -> 28 | Z16: =SUM(J34:J37) -> 21 | ... AF16: =SUM(P34:P37) -> 742
B17: 08.45 - 9.00 | C17: 32 | D17: 6 | E17: 2 | F17: 13 | G17: 0 | H17: 0 | I17: 0 | J17: 0 | K17: 0 | L17: 0 | M17: 0 | N17: 0 | O17: =SUM(C17:L17,N17) -> 53 | P17: =SUM(C17:N17) -> 53 | R17: 1400-1500 | S17: =SUM(C38:C41) -> 157 | T17: =SUM(D38:D41) -> 58 | U17: =SUM(E38:E41) -> 26 | V17: =SUM(F38:F41) -> 71 | W17: =SUM(G38:G41) -> 0 | X17: =SUM(H38:H41) -> 0 | Y17: =SUM(I38:I41) -> 26 | Z17: =SUM(J38:J41) -> 13 | ... AF17: =SUM(P38:P41) -> 691
B18: 09.00 - 09.15 | C18: 27 | D18: 6 | E18: 7 | F18: 20 | G18: 0 | H18: 0 | I18: 5 | J18: 2 | K18: 3 | L18: 0 | M18: 133 | N18: 0 | O18: =SUM(C18:L18,N18) -> 70 | P18: =SUM(C18:N18) -> 203 | R18: 1500-1600 | S18: =SUM(C42:C45) -> 179 | T18: =SUM(D42:D45) -> 44 | U18: =SUM(E42:E45) -> 23 | V18: =SUM(F42:F45) -> 62 | W18: =SUM(G42:G45) -> 3 | X18: =SUM(H42:H45) -> 0 | Y18: =SUM(I42:I45) -> 30 | Z18: =SUM(J42:J45) -> 14 | ... AF18: =SUM(P42:P45) -> 765
B19: 09.15 - 09.30 | C19: 25 | D19: 7 | E19: 6 | F19: 18 | G19: 0 | H19: 0 | I19: 11 | J19: 1 | K19: 0 | L19: 0 | M19: 142 | N19: 0 | O19: =SUM(C19:L19,N19) -> 68 | P19: =SUM(C19:N19) -> 210 | R19: 1600-1700 | S19: =SUM(C46:C49) -> 285 | T19: =SUM(D46:D49) -> 77 | U19: =SUM(E46:E49) -> 47 | V19: =SUM(F46:F49) -> 79 | W19: =SUM(G46:G49) -> 3 | X19: =SUM(H46:H49) -> 0 | Y19: =SUM(I46:I49) -> 32 | Z19: =SUM(J46:J49) -> 7 | ... AF19: =SUM(P46:P49) -> 947
B20: 09.30 - 09.45 | C20: 42 | D20: 9 | E20: 6 | F20: 15 | G20: 0 | H20: 0 | I20: 6 | J20: 0 | K20: 2 | L20: 1 | M20: 113 | N20: 0 | O20: =SUM(C20:L20,N20) -> 81 | P20: =SUM(C20:N20) -> 194 | R20: 1700-1800 | S20: =SUM(C50:C53) -> 409 | T20: =SUM(D50:D53) -> 85 | U20: =SUM(E50:E53) -> 47 | V20: =SUM(F50:F53) -> 96 | W20: =SUM(G50:G53) -> 17 | X20: =SUM(H50:H53) -> 2 | Y20: =SUM(I50:I53) -> 26 | Z20: =SUM(J50:J53) -> 2 | ... AF20: =SUM(P50:P53) -> 1254
B21: 09.45 - 10.00 | C21: 44 | D21: 8 | E21: 4 | F21: 17 | G21: 0 | H21: 0 | I21: 5 | J21: 2 | K21: 4 | L21: 0 | M21: 115 | N21: 0 | O21: =SUM(C21:L21,N21) -> 84 | P21: =SUM(C21:N21) -> 199 | R21: 1800-1900 | S21: =SUM(C54:C57) -> 340 | T21: =SUM(D54:D57) -> 104 | U21: =SUM(E54:E57) -> 45 | V21: =SUM(F54:F57) -> 116 | W21: =SUM(G54:G57) -> 1 | X21: =SUM(H54:H57) -> 1 | Y21: =SUM(I54:I57) -> 17 | Z21: =SUM(J54:J57) -> 11 | ... AF21: =SUM(P54:P57) -> 1356
B22: 10.00 - 10.15 | C22: 49 | D22: 20 | E22: 7 | F22: 10 | G22: 1 | H22: 0 | I22: 0 | J22: 10 | K22: 3 | L22: 0 | M22: 119 | N22: 0 | O22: =SUM(C22:L22,N22) -> 100 | P22: =SUM(C22:N22) -> 219 | R22: AM Peak Hr | S22: =MAX(S10:S12) -> 138 | T22: =MAX(T10:T12) -> 39 | U22: =MAX(U10:U12) -> 23 | V22: =MAX(V10:V12) -> 70 | W22: =MAX(W10:W12) -> 1 | X22: =MAX(X10:X12) -> 1 | Y22: =MAX(Y10:Y12) -> 27 | Z22: =MAX(Z10:Z12) -> 5 | ... AF22: =MAX(AF10:AF12) -> 806
B23: 10.15 - 10.30 | C23: 36 | D23: 18 | E23: 4 | F23: 15 | G23: 0 | H23: 0 | I23: 9 | J23: 1 | K23: 1 | L23: 1 | M23: 169 | N23: 0 | O23: =SUM(C23:L23,N23) -> 85 | P23: =SUM(C23:N23) -> 254 | R23: IP Peak Hr | S23: =MAX(S13:S18) -> 179 | T23: =MAX(T13:T18) -> 66 | U23: =MAX(U13:U18) -> 34 | V23: =MAX(V13:V18) -> 71 | W23: =MAX(W13:W18) -> 16 | X23: =MAX(X13:X18) -> 0 | Y23: =MAX(Y13:Y18) -> 36 | Z23: =MAX(Z13:Z18) -> 23 | ... AF23: =MAX(AF13:AF18) -> 813
B24: 10.30 - 10.45 | C24: 32 | D24: 9 | E24: 0 | F24: 4 | G24: 15 | H24: 0 | I24: 0 | J24: 7 | K24: 3 | L24: 6 | M24: 100 | N24: 0 | O24: =SUM(C24:L24,N24) -> 76 | P24: =SUM(C24:N24) -> 176 | R24: PM Peak Hr | S24: =MAX(S19:S21) -> 409 | T24: =MAX(T19:T21) -> 104 | U24: =MAX(U19:U21) -> 47 | V24: =MAX(V19:V21) -> 116 | W24: =MAX(W19:W21) -> 17 | X24: =MAX(X19:X21) -> 2 | Y24: =MAX(Y19:Y21) -> 32 | Z24: =MAX(Z19:Z21) -> 11 | ... AF24: =MAX(AF19:AF21) -> 1356
B25: 10.45 - 11.00 | C25: 39 | D25: 19 | E25: 7 | F25: 16 | G25: 0 | H25: 0 | I25: 0 | J25: 0 | K25: 0 | L25: 0 | M25: 83 | N25: 0 | O25: =SUM(C25:L25,N25) -> 81 | P25: =SUM(C25:N25) -> 164 | R25: AM Period | S25: =SUM(S10:S12) -> 396 | T25: =SUM(T10:T12) -> 102 | U25: =SUM(U10:U12) -> 52 | V25: =SUM(V10:V12) -> 161 | W25: =SUM(W10:W12) -> 2 | X25: =SUM(X10:X12) -> 1 | Y25: =SUM(Y10:Y12) -> 27 | Z25: =SUM(Z10:Z12) -> 5 | ... AF25: =SUM(AF10:AF12) -> 1259
B26: 11.00 - 11.15 | C26: 27 | D26: 12 | E26: 5 | F26: 0 | G26: 12 | H26: 0 | I26: 0 | J26: 5 | K26: 0 | L26: 3 | M26: 84 | N26: 0 | O26: =SUM(C26:L26,N26) -> 64 | P26: =SUM(C26:N26) -> 148 | R26: IP Period | S26: =SUM(S13:S18) -> 919 | T26: =SUM(T13:T18) -> 282 | U26: =SUM(U13:U18) -> 148 | V26: =SUM(V13:V18) -> 330 | W26: =SUM(W13:W18) -> 35 | X26: =SUM(X13:X18) -> 0 | Y26: =SUM(Y13:Y18) -> 149 | Z26: =SUM(Z13:Z18) -> 108 | ... AF26: =SUM(AF13:AF18) -> 4376
B27: 11.15 - 11.30 | C27: 37 | D27: 4 | E27: 5 | F27: 18 | G27: 0 | H27: 0 | I27: 8 | J27: 3 | K27: 0 | L27: 0 | M27: 71 | N27: 0 | O27: =SUM(C27:L27,N27) -> 75 | P27: =SUM(C27:N27) -> 146 | R27: PM Period | S27: =SUM(S19:S21) -> 1034 | T27: =SUM(T19:T21) -> 266 | U27: =SUM(U19:U21) -> 139 | V27: =SUM(V19:V21) -> 291 | W27: =SUM(W19:W21) -> 21 | X27: =SUM(X19:X21) -> 3 | Y27: =SUM(Y19:Y21) -> 75 | Z27: =SUM(Z19:Z21) -> 20 | ... AF27: =SUM(AF19:AF21) -> 3557
B28: 11.30 - 11.45 | C28: 28 | D28: 13 | E28: 4 | F28: 10 | G28: 0 | H28: 0 | I28: 12 | J28: 5 | K28: 0 | L28: 0 | M28: 132 | N28: 0 | O28: =SUM(C28:L28,N28) -> 72 | P28: =SUM(C28:N28) -> 204 | R28: 12 Hours | S28: =SUM(S10:S21) -> 2349 | T28: =SUM(T10:T21) -> 650 | U28: =SUM(U10:U21) -> 339 | V28: =SUM(V10:V21) -> 782 | W28: =SUM(W10:W21) -> 58 | X28: =SUM(X10:X21) -> 4 | Y28: =SUM(Y10:Y21) -> 251 | Z28: =SUM(Z10:Z21) -> 133 | ... AF28: =SUM(AF10:AF21) -> 9192
B29: 11.45 - 12.00 | C29: 30 | D29: 6 | E29: 6 | F29: 12 | G29: 0 | H29: 0 | I29: 16 | J29: 6 | K29: 0 | L29: 0 | M29: 113 | N29: 0 | O29: =SUM(C29:L29,N29) -> 76 | P29: =SUM(C29:N29) -> 189
B30: 12.00 - 12.15 | C30: 41 | D30: 11 | E30: 4 | F30: 12 | G30: 0 | H30: 0 | I30: 16 | J30: 3 | K30: 1 | L30: 0 | M30: 109 | N30: 0 | O30: =SUM(C30:L30,N30) -> 88 | P30: =SUM(C30:N30) -> 197
B31: 12.15 - 12.30 | C31: 32 | D31: 12 | E31: 5 | F31: 9 | G31: 1 | H31: 0 | I31: 0 | J31: 5 | K31: 3 | L31: 1 | M31: 101 | N31: 0 | O31: =SUM(C31:L31,N31) -> 68 | P31: =SUM(C31:N31) -> 169
B32: 12.30 - 12.45 | C32: 33 | D32: 8 | E32: 4 | F32: 16 | G32: 0 | H32: 0 | I32: 4 | J32: 5 | K32: 0 | L32: 1 | M32: 69 | N32: 0 | O32: =SUM(C32:L32,N32) -> 71 | P32: =SUM(C32:N32) -> 140
B33: 12.45 - 13.00 | C33: 32 | D33: 11 | E33: 21 | F33: 13 | G33: 3 | H33: 0 | I33: 0 | J33: 10 | K33: 5 | L33: 0 | M33: 77 | N33: 0 | O33: =SUM(C33:L33,N33) -> 95 | P33: =SUM(C33:N33) -> 172
B34: 13.00 - 13.15 | C34: 42 | D34: 14 | E34: 7 | F34: 13 | G34: 0 | H34: 0 | I34: 0 | J34: 9 | K34: 5 | L34: 0 | M34: 97 | N34: 0 | O34: =SUM(C34:L34,N34) -> 90 | P34: =SUM(C34:N34) -> 187
B35: 13.15 - 13.30 | C35: 31 | D35: 12 | E35: 5 | F35: 11 | G35: 0 | H35: 0 | I35: 12 | J35: 3 | K35: 0 | L35: 0 | M35: 94 | N35: 0 | O35: =SUM(C35:L35,N35) -> 74 | P35: =SUM(C35:N35) -> 168
B36: 13.30 - 13.45 | C36: 46 | D36: 4 | E36: 8 | F36: 19 | G36: 0 | H36: 0 | I36: 7 | J36: 4 | K36: 0 | L36: 0 | M36: 106 | N36: 0 | O36: =SUM(C36:L36,N36) -> 88 | P36: =SUM(C36:N36) -> 194
B37: 13.45 - 14.00 | C37: 48 | D37: 7 | E37: 7 | F37: 19 | G37: 0 | H37: 0 | I37: 9 | J37: 5 | K37: 0 | L37: 1 | M37: 97 | N37: 0 | O37: =SUM(C37:L37,N37) -> 96 | P37: =SUM(C37:N37) -> 193
B38: 14.00 - 14.15 | C38: 37 | D38: 18 | E38: 9 | F38: 19 | G38: 0 | H38: 0 | I38: 9 | J38: 2 | K38: 1 | L38: 1 | M38: 78 | N38: 0 | O38: =SUM(C38:L38,N38) -> 96 | P38: =SUM(C38:N38) -> 174
B39: 14.15 - 14.30 | C39: 35 | D39: 13 | E39: 6 | F39: 23 | G39: 0 | H39: 0 | I39: 7 | J39: 6 | K39: 1 | L39: 2 | M39: 85 | N39: 0 | O39: =SUM(C39:L39,N39) -> 93 | P39: =SUM(C39:N39) -> 178
B40: 14.30 - 14.45 | C40: 44 | D40: 10 | E40: 5 | F40: 14 | G40: 0 | H40: 0 | I40: 4 | J40: 3 | K40: 2 | L40: 0 | M40: 92 | N40: 0 | O40: =SUM(C40:L40,N40) -> 82 | P40: =SUM(C40:N40) -> 174
... B57: 18.45 - 19.00 | C57: 80 | D57: 35 | E57: 10 | F57: 38 | G57: 0 | H57: 0 | I57: 5 | J57: 1 | K57: 1 | L57: 0 | M57: 170 | N57: 0 | O57: =SUM(C57:L57,N57) -> 170 | P57: =SUM(C57:N57) -> 340
B58: Totals | C58: =SUM(C10:C57) -> 2349 | D58: =SUM(D10:D57) -> 650 | E58: =SUM(E10:E57) -> 339 | F58: =SUM(F10:F57) -> 782 | G58: =SUM(G10:G57) -> 58 | H58: =SUM(H10:H57) -> 4 | I58: =SUM(I10:I57) -> 251 | J58: =SUM(J10:J57) -> 133 | ... P58: =SUM(P10:P57) -> 9192
B59: %ges + MCs | C59: =C58/$P$58 -> 0.2555483 | D59: =D58/$P$58 -> 0.070713664 | E59: =E58/$P$58 -> 0.036879896 | F59: =F58/$P$58 -> 0.085073977 | G59: =G58/$P$58 -> 0.0063098346 | H59: =H58/$P$58 -> 0.00043516101 | I59: =I58/$P$58 -> 0.027306353 | J59: =J58/$P$58 -> 0.014469104 | ... N59: =N58/$P$58 -> 0.00010879025
B60: %ges w/o MCs | C60: =C58/$O$58 -> 0.50516129 | D60: =D58/$O$58 -> 0.13978495 | E60: =E58/$O$58 -> 0.072903226 | F60: =F58/$O$58 -> 0.16817204 | G60: =G58/$O$58 -> 0.012473118 | H60: =H58/$O$58 -> 0.00086021505 | I60: =I58/$O$58 -> 0.053978495 | J60: =J58/$O$58 -> 0.028602151 | ... L60: =L58/$O$58 -> 0.0047311828 | N60: =N58/$O$58 -> 0.00021505376

Sheet 31.07 NAMUGONGO-KIREKA-24h
B1: Consultancy services for Preparation of Expressway Development Master Plan (EDMP) for Uganda
B2: MANUAL CLASSIFIED COUNT (MCC)
B3: ROAD NAME: | C3: ='01.08 NAMUGONGO-KIREKA'!C3:G3 -> MCC - C1 - STN039 - NAMUGONGO ROAD
C5: Date | D5: 31.07.19 | F5: Location | G5: ='03.08 KIREKA-NAMUGONGO-24h'!G5:H5 -> AGENDA | J5: Surveyor | K5: ='03.08 KIREKA-NAMUGONGO-24h'!K5:L5 -> STEVEN
C6: Dir. From | D6: ='01.08 NAMUGONGO-KIREKA'!D6:E6 -> NAMUGONGO | F6: Dir. To | G6: ='01.08 NAMUGONGO-KIREKA'!G6:H6 -> KIREKA | J6: Supervisor | K6: ='03.08 KIREKA-NAMUGONGO-24h'!K6:L6 -> NAIDO GRACE BRENDA
B8: Time / Veh Type | R8: SUMMARY TRAFFIC VOLUMES
C9: 1. Car | D9: 2. Station Wagon | E9: 3. Pickups | F9: 4. Minibus, matatu | G9: 5. Medium bus | H9: 6. Large Bus | I9: 7. Light Truck | J9: 8. Medium Truck | K9: 9. Heavy truck | L9: 10. Truck Trailer | M9: 11. Motor cycles | N9: 12. Tractors | O9: Total Excl M/Cycles | P9: Total All | R9: Time | S9: 1. Car | T9: 2. Station Wagon | U9: 3. Pickups | V9: 4. Minibus, matatu | W9: 5. Medium bus | X9: 6. Large Bus | Y9: 7. Light Truck | Z9: 8. Medium Truck | AA9: 9. Heavy truck | AB9: 10. Truck Trailer | AC9: 11. Motorcycles | AD9: 12. Tractors, Graders | AE9: Total Excl M/ Cycles | AF9: Total All
B10: 07.00 - 07.15 | C10: 52 | D10: 4 | E10: 2 | F10: 12 | G10: 1 | H10: 0 | I10: 0 | J10: 0 | K10: 0 | L10: 0 | M10: 0 | N10: 0 | O10: =SUM(C10:L10,N10) -> 71 | P10: =SUM(C10:N10) -> 71 | R10: 0700-0800 | S10: =SUM(C10:C13) -> 407 | T10: =SUM(D10:D13) -> 34 | U10: =SUM(E10:E13) -> 63 | V10: =SUM(F10:F13) -> 133 | W10: =SUM(G10:G13) -> 2 | X10: =SUM(H10:H13) -> 0 | Y10: =SUM(I10:I13) -> 8 | Z10: =SUM(J10:J13) -> 2 | ... AF10: =SUM(P10:P13) -> 1175
B11: 07.15 - 07.30 | C11: 130 | D11: 9 | E11: 15 | F11: 48 | G11: 1 | H11: 0 | I11: 6 | J11: 0 | K11: 0 | L11: 0 | M11: 155 | N11: 0 | O11: =SUM(C11:L11,N11) -> 209 | P11: =SUM(C11:N11) -> 364 | R11: 0800-0900 | S11: =SUM(C14:C17) -> 407 | T11: =SUM(D14:D17) -> 41 | U11: =SUM(E14:E17) -> 40 | V11: =SUM(F14:F17) -> 95 | W11: =SUM(G14:G17) -> 1 | X11: =SUM(H14:H17) -> 0 | Y11: =SUM(I14:I17) -> 46 | Z11: =SUM(J14:J17) -> 1 | ... AF11: =SUM(P14:P17) -> 1700
B12: 07.30 - 07.45 | C12: 105 | D12: 10 | E12: 23 | F12: 33 | G12: 0 | H12: 0 | I12: 1 | J12: 1 | K12: 0 | L12: 0 | M12: 198 | N12: 0 | O12: =SUM(C12:L12,N12) -> 173 | P12: =SUM(C12:N12) -> 371 | R12: 0900-1000 | S12: =SUM(C18:C21) -> 351 | T12: =SUM(D18:D21) -> 38 | U12: =SUM(E18:E21) -> 36 | V12: =SUM(F18:F21) -> 108 | W12: =SUM(G18:G21) -> 0 | X12: =SUM(H18:H21) -> 0 | Y12: =SUM(I18:I21) -> 27 | Z12: =SUM(J18:J21) -> 5 | ... AF12: =SUM(P18:P21) -> 1118
B13: 07.45 - 08.00 | C13: 120 | D13: 11 | E13: 23 | F13: 40 | G13: 0 | H13: 0 | I13: 1 | J13: 1 | K13: 0 | L13: 0 | M13: 173 | N13: 0 | O13: =SUM(C13:L13,N13) -> 196 | P13: =SUM(C13:N13) -> 369 | R13: 1000-1100 | S13: =SUM(C22:C25) -> 236 | T13: =SUM(D22:D25) -> 33 | U13: =SUM(E22:E25) -> 27 | V13: =SUM(F22:F25) -> 88 | W13: =SUM(G22:G25) -> 3 | X13: =SUM(H22:H25) -> 0 | Y13: =SUM(I22:I25) -> 16 | Z13: =SUM(J22:J25) -> 7 | ... AF13: =SUM(P22:P25) -> 862
B14: 08.00 - 08.15 | C14: 104 | D14: 9 | E14: 9 | F14: 24 | G14: 0 | H14: 0 | I14: 10 | J14: 0 | K14: 1 | L14: 0 | M14: 515 | N14: 0 | O14: =SUM(C14:L14,N14) -> 157 | P14: =SUM(C14:N14) -> 672 | R14: 1100-1200 | S14: =SUM(C26:C29) -> 193 | T14: =SUM(D26:D29) -> 32 | U14: =SUM(E26:E29) -> 34 | V14: =SUM(F26:F29) -> 74 | W14: =SUM(G26:G29) -> 2 | X14: =SUM(H26:H29) -> 0 | Y14: =SUM(I26:I29) -> 29 | Z14: =SUM(J26:J29) -> 6 | ... AF14: =SUM(P26:P29) -> 828
B15: 08.15 - 08.30 | C15: 111 | D15: 7 | E15: 10 | F15: 33 | G15: 1 | H15: 0 | I15: 8 | J15: 1 | K15: 0 | L15: 0 | M15: 213 | N15: 0 | O15: =SUM(C15:L15,N15) -> 171 | P15: =SUM(C15:N15) -> 384 | R15: 1200-1300 | S15: =SUM(C30:C33) -> 217 | T15: =SUM(D30:D33) -> 21 | U15: =SUM(E30:E33) -> 43 | V15: =SUM(F30:F33) -> 54 | W15: =SUM(G30:G33) -> 5 | X15: =SUM(H30:H33) -> 0 | Y15: =SUM(I30:I33) -> 25 | Z15: =SUM(J30:J33) -> 7 | ... AF15: =SUM(P30:P33) -> 798
B16: 08.30 - 08.45 | C16: 90 | D16: 11 | E16: 9 | F16: 26 | G16: 0 | H16: 0 | I16: 2 | J16: 0 | K16: 0 | L16: 0 | M16: 164 | N16: 0 | O16: =SUM(C16:L16,N16) -> 138 | P16: =SUM(C16:N16) -> 302 | R16: 1300-1400 | S16: =SUM(C34:C37) -> 184 | T16: =SUM(D34:D37) -> 18 | U16: =SUM(E34:E37) -> 38 | V16: =SUM(F34:F37) -> 72 | W16: =SUM(G34:G37) -> 1 | X16: =SUM(H34:H37) -> 0 | Y16: =SUM(I34:I37) -> 29 | Z16: =SUM(J34:J37) -> 8 | ... AF16: =SUM(P34:P37) -> 772
B17: 08.45 - 9.00 | C17: 102 | D17: 14 | E17: 12 | F17: 12 | G17: 0 | H17: 0 | I17: 26 | J17: 0 | K17: 0 | L17: 0 | M17: 176 | N17: 0 | O17: =SUM(C17:L17,N17) -> 166 | P17: =SUM(C17:N17) -> 342 | R17: 1400-1500 | S17: =SUM(C38:C41) -> 186 | T17: =SUM(D38:D41) -> 21 | U17: =SUM(E38:E41) -> 25 | V17: =SUM(F38:F41) -> 72 | W17: =SUM(G38:G41) -> 0 | X17: =SUM(H38:H41) -> 1 | Y17: =SUM(I38:I41) -> 21 | Z17: =SUM(J38:J41) -> 6 | ... AF17: =SUM(P38:P41) -> 1061
B18: 09.00 - 09.15 | C18: 75 | D18: 14 | E18: 14 | F18: 29 | G18: 0 | H18: 0 | I18: 9 | J18: 0 | K18: 0 | L18: 0 | M18: 133 | N18: 0 | O18: =SUM(C18:L18,N18) -> 141 | P18: =SUM(C18:N18) -> 274 | R18: 1500-1600 | S18: =SUM(C42:C45) -> 149 | T18: =SUM(D42:D45) -> 13 | U18: =SUM(E42:E45) -> 44 | V18: =SUM(F42:F45) -> 60 | W18: =SUM(G42:G45) -> 3 | X18: =SUM(H42:H45) -> 0 | Y18: =SUM(I42:I45) -> 32 | Z18: =SUM(J42:J45) -> 13 | ... AF18: =SUM(P42:P45) -> 723
B19: 09.15 - 09.30 | C19: 96 | D19: 6 | E19: 5 | F19: 27 | G19: 0 | H19: 0 | I19: 4 | J19: 5 | K19: 1 | L19: 1 | M19: 156 | N19: 0 | O19: =SUM(C19:L19,N19) -> 145 | P19: =SUM(C19:N19) -> 301 | R19: 1600-1700 | S19: =SUM(C46:C49) -> 167 | T19: =SUM(D46:D49) -> 15 | U19: =SUM(E46:E49) -> 24 | V19: =SUM(F46:F49) -> 98 | W19: =SUM(G46:G49) -> 4 | X19: =SUM(H46:H49) -> 0 | Y19: =SUM(I46:I49) -> 31 | Z19: =SUM(J46:J49) -> 9 | ... AF19: =SUM(P46:P49) -> 836
B20: 09.30 - 09.45 | C20: 100 | D20: 11 | E20: 9 | F20: 27 | G20: 0 | H20: 0 | I20: 4 | J20: 0 | K20: 0 | L20: 0 | M20: 145 | N20: 0 | O20: =SUM(C20:L20,N20) -> 151 | P20: =SUM(C20:N20) -> 296 | R20: 1700-1800 | S20: =SUM(C50:C53) -> 203 | T20: =SUM(D50:D53) -> 26 | U20: =SUM(E50:E53) -> 34 | V20: =SUM(F50:F53) -> 81 | W20: =SUM(G50:G53) -> 3 | X20: =SUM(H50:H53) -> 0 | Y20: =SUM(I50:I53) -> 17 | Z20: =SUM(J50:J53) -> 12 | ... AF20: =SUM(P50:P53) -> 884
B21: 09.45 - 10.00 | C21: 80 | D21: 7 | E21: 8 | F21: 25 | G21: 0 | H21: 0 | I21: 10 | J21: 0 | K21: 0 | L21: 0 | M21: 117 | N21: 0 | O21: =SUM(C21:L21,N21) -> 130 | P21: =SUM(C21:N21) -> 247 | R21: 1800-1900 | S21: =SUM(C54:C57) -> 204 | T21: =SUM(D54:D57) -> 23 | U21: =SUM(E54:E57) -> 38 | V21: =SUM(F54:F57) -> 64 | W21: =SUM(G54:G57) -> 4 | X21: =SUM(H54:H57) -> 0 | Y21: =SUM(I54:I57) -> 14 | Z21: =SUM(J54:J57) -> 11 | ... AF21: =SUM(P54:P57) -> 937
B22: 10.00 - 10.15 | C22: 78 | D22: 12 | E22: 8 | F22: 23 | G22: 0 | H22: 0 | I22: 5 | J22: 0 | K22: 1 | L22: 0 | M22: 108 | N22: 0 | O22: =SUM(C22:L22,N22) -> 127 | P22: =SUM(C22:N22) -> 235 | R22: 1900-2000 | S22: =SUM(C58:C61) -> 0 | T22: =SUM(D58:D61) -> 0 | U22: =SUM(E58:E61) -> 0 | V22: =SUM(F58:F61) -> 0 | W22: =SUM(G58:G61) -> 0 | X22: =SUM(H58:H61) -> 0 | Y22: =SUM(I58:I61) -> 0 | Z22: =SUM(J58:J61) -> 0 | ... AF22: =SUM(P58:P61) -> 0
B23: 10.15 - 10.30 | C23: 57 | D23: 4 | E23: 9 | F23: 28 | G23: 2 | H23: 0 | I23: 4 | J23: 3 | K23: 1 | L23: 0 | M23: 133 | N23: 0 | O23: =SUM(C23:L23,N23) -> 108 | P23: =SUM(C23:N23) -> 241 | R23: 2000-2100 | S23: =SUM(C62:C65) -> 0 | T23: =SUM(D62:D65) -> 0 | U23: =SUM(E62:E65) -> 0 | V23: =SUM(F62:F65) -> 0 | W23: =SUM(G62:G65) -> 0 | X23: =SUM(H62:H65) -> 0 | Y23: =SUM(I62:I65) -> 0 | Z23: =SUM(J62:J65) -> 0 | ... AF23: =SUM(P62:P65) -> 0
B24: 10.30 - 10.45 | C24: 51 | D24: 10 | E24: 5 | F24: 16 | G24: 0 | H24: 0 | I24: 0 | J24: 4 | K24: 1 | L24: 1 | M24: 106 | N24: 0 | O24: =SUM(C24:L24,N24) -> 88 | P24: =SUM(C24:N24) -> 194 | R24: 2100-2200 | S24: =SUM(C66:C69) -> 0 | T24: =SUM(D66:D69) -> 0 | U24: =SUM(E66:E69) -> 0 | V24: =SUM(F66:F69) -> 0 | W24: =SUM(G66:G69) -> 0 | X24: =SUM(H66:H69) -> 0 | Y24: =SUM(I66:I69) -> 0 | Z24: =SUM(J66:J69) -> 0 | ... AF24: =SUM(P66:P69) -> 0
B25: 10.45 - 11.00 | C25: 50 | D25: 7 | E25: 5 | F25: 21 | G25: 1 | H25: 0 | I25: 7 | J25: 0 | K25: 3 | L25: 0 | M25: 98 | N25: 0 | O25: =SUM(C25:L25,N25) -> 94 | P25: =SUM(C25:N25) -> 192 | R25: 2200-2300 | S25: =SUM(C70:C73) -> 0 | T25: =SUM(D70:D73) -> 0 | U25: =SUM(E70:E73) -> 0 | V25: =SUM(F70:F73) -> 0 | W25: =SUM(G70:G73) -> 0 | X25: =SUM(H70:H73) -> 0 | Y25: =SUM(I70:I73) -> 0 | Z25: =SUM(J70:J73) -> 0 | ... AF25: =SUM(P70:P73) -> 0
B26: 11.00 - 11.15 | C26: 60 | D26: 15 | E26: 8 | F26: 17 | G26: 2 | H26: 0 | I26: 2 | J26: 2 | K26: 2 | L26: 1 | M26: 110 | N26: 0 | O26: =SUM(C26:L26,N26) -> 109 | P26: =SUM(C26:N26) -> 219 | R26: 2300-0000 | S26: =SUM(C74:C77) -> 0 | T26: =SUM(D74:D77) -> 0 | U26: =SUM(E74:E77) -> 0 | V26: =SUM(F74:F77) -> 0 | W26: =SUM(G74:G77) -> 0 | X26: =SUM(H74:H77) -> 0 | Y26: =SUM(I74:I77) -> 0 | Z26: =SUM(J74:J77) -> 0 | ... AF26: =SUM(P74:P77) -> 0
B27: 11.15 - 11.30 | C27: 47 | D27: 7 | E27: 8 | F27: 22 | G27: 0 | H27: 0 | I27: 5 | J27: 0 | K27: 2 | L27: 0 | M27: 98 | N27: 0 | O27: =SUM(C27:L27,N27) -> 91 | P27: =SUM(C27:N27) -> 189 | R27: 0000-0100 | S27: =SUM(C78:C81) -> 0 | T27: =SUM(D78:D81) -> 0 | U27: =SUM(E78:E81) -> 0 | V27: =SUM(F78:F81) -> 0 | W27: =SUM(G78:G81) -> 0 | X27: =SUM(H78:H81) -> 0 | Y27: =SUM(I78:I81) -> 0 | Z27: =SUM(J78:J81) -> 0 | ... AF27: =SUM(P78:P81) -> 0
B28: 11.30 - 11.45 | C28: 53 | D28: 6 | E28: 9 | F28: 18 | G28: 0 | H28: 0 | I28: 13 | J28: 1 | K28: 1 | L28: 0 | M28: 122 | N28: 0 | O28: =SUM(C28:L28,N28) -> 101 | P28: =SUM(C28:N28) -> 223 | R28: 0100-0200 | S28: =SUM(C82:C85) -> 0 | T28: =SUM(D82:D85) -> 0 | U28: =SUM(E82:E85) -> 0 | V28: =SUM(F82:F85) -> 0 | W28: =SUM(G82:G85) -> 0 | X28: =SUM(H82:H85) -> 0 | Y28: =SUM(I82:I85) -> 0 | Z28: =SUM(J82:J85) -> 0 | ... AF28: =SUM(P82:P85) -> 0
B29: 11.45 - 12.00 | C29: 33 | D29: 4 | E29: 9 | F29: 17 | G29: 0 | H29: 0 | I29: 9 | J29: 3 | K29: 0 | L29: 0 | M29: 122 | N29: 0 | O29: =SUM(C29:L29,N29) -> 75 | P29: =SUM(C29:N29) -> 197 | R29: 0200-0300 | S29: =SUM(C86:C89) -> 0 | T29: =SUM(D86:D89) -> 0 | U29: =SUM(E86:E89) -> 0 | V29: =SUM(F86:F89) -> 0 | W29: =SUM(G86:G89) -> 0 | X29: =SUM(H86:H89) -> 0 | Y29: =SUM(I86:I89) -> 0 | Z29: =SUM(J86:J89) -> 0 | ... AF29: =SUM(P86:P89) -> 0
B30: 12.00 - 12.15 | C30: 47 | D30: 6 | E30: 8 | F30: 22 | G30: 0 | H30: 0 | I30: 9 | J30: 1 | K30: 1 | L30: 0 | M30: 97 | N30: 0 | O30: =SUM(C30:L30,N30) -> 94 | P30: =SUM(C30:N30) -> 191 | R30: 0300-0400 | S30: =SUM(C90:C93) -> 0 | T30: =SUM(D90:D93) -> 0 | U30: =SUM(E90:E93) -> 0 | V30: =SUM(F90:F93) -> 0 | W30: =SUM(G90:G93) -> 0 | X30: =SUM(H90:H93) -> 0 | Y30: =SUM(I90:I93) -> 0 | Z30: =SUM(J90:J93) -> 0 | ... AF30: =SUM(P90:P93) -> 0
B31: 12.15 - 12.30 | C31: 73 | D31: 3 | E31: 7 | F31: 2 | G31: 3 | H31: 0 | I31: 6 | J31: 0 | K31: 1 | L31: 0 | M31: 114 | N31: 0 | O31: =SUM(C31:L31,N31) -> 95 | P31: =SUM(C31:N31) -> 209 | R31: 0400-0500 | S31: =SUM(C94:C97) -> 0 | T31: =SUM(D94:D97) -> 0 | U31: =SUM(E94:E97) -> 0 | V31: =SUM(F94:F97) -> 0 | W31: =SUM(G94:G97) -> 0 | X31: =SUM(H94:H97) -> 0 | Y31: =SUM(I94:I97) -> 0 | Z31: =SUM(J94:J97) -> 0 | ... AF31: =SUM(P94:P97) -> 0
B32: 12.30 - 12.45 | C32: 50 | D32: 9 | E32: 18 | F32: 15 | G32: 1 | H32: 0 | I32: 4 | J32: 4 | K32: 2 | L32: 0 | M32: 96 | N32: 0 | O32: =SUM(C32:L32,N32) -> 103 | P32: =SUM(C32:N32) -> 199 | R32: 0500-0600 | S32: =SUM(C98:C101) -> 0 | T32: =SUM(D98:D101) -> 0 | U32: =SUM(E98:E101) -> 0 | V32: =SUM(F98:F101) -> 0 | W32: =SUM(G98:G101) -> 0 | X32: =SUM(H98:H101) -> 0 | Y32: =SUM(I98:I101) -> 0 | Z32: =SUM(J98:J101) -> 0 | ... AF32: =SUM(P98:P101) -> 0
B33: 12.45 - 13.00 | C33: 47 | D33: 3 | E33: 10 | F33: 15 | G33: 1 | H33: 0 | I33: 6 | J33: 2 | K33: 3 | L33: 0 | M33: 112 | N33: 0 | O33: =SUM(C33:L33,N33) -> 87 | P33: =SUM(C33:N33) -> 199 | R33: 0600-0700 | S33: =SUM(C102:C105) -> 0 | T33: =SUM(D102:D105) -> 0 | U33: =SUM(E102:E105) -> 0 | V33: =SUM(F102:F105) -> 0 | W33: =SUM(G102:G105) -> 0 | X33: =SUM(H102:H105) -> 0 | Y33: =SUM(I102:I105) -> 0 | Z33: =SUM(J102:J105) -> 0 | ... AF33: =SUM(P102:P105) -> 0
B34: 13.00 - 13.15 | C34: 65 | D34: 6 | E34: 12 | F34: 0 | G34: 1 | H34: 0 | I34: 8 | J34: 3 | K34: 0 | L34: 0 | M34: 97 | N34: 1 | O34: =SUM(C34:L34,N34) -> 96 | P34: =SUM(C34:N34) -> 193 | R34: AM Peak Hr | S34: =MAX(S10:S12) -> 407 | T34: =MAX(T10:T12) -> 41 | U34: =MAX(U10:U12) -> 63 | V34: =MAX(V10:V12) -> 133 | W34: =MAX(W10:W12) -> 2 | X34: =MAX(X10:X12) -> 0 | Y34: =MAX(Y10:Y12) -> 46 | Z34: =MAX(Z10:Z12) -> 5 | ... AF34: =MAX(AF10:AF12) -> 1700
B35: 13.15 - 13.30 | C35: 37 | D35: 8 | E35: 4 | F35: 33 | G35: 0 | H35: 0 | I35: 8 | J35: 2 | K35: 2 | L35: 1 | M35: 95 | N35: 0 | O35: =SUM(C35:L35,N35) -> 95 | P35: =SUM(C35:N35) -> 190 | R35: IP Peak Hr | S35: =MAX(S13:S18) -> 236 | T35: =MAX(T13:T18) -> 33 | U35: =MAX(U13:U18) -> 44 | V35: =MAX(V13:V18) -> 88 | W35: =MAX(W13:W18) -> 5 | X35: =MAX(X13:X18) -> 1 | Y35: =MAX(Y13:Y18) -> 32 | Z35: =MAX(Z13:Z18) -> 13 | ... AF35: =MAX(AF13:AF18) -> 1061
B36: 13.30 - 13.45 | C36: 27 | D36: 1 | E36: 14 | F36: 15 | G36: 0 | H36: 0 | I36: 5 | J36: 2 | K36: 3 | L36: 0 | M36: 104 | N36: 0 | O36: =SUM(C36:L36,N36) -> 67 | P36: =SUM(C36:N36) -> 171 | R36: PM Peak Hr | S36: =MAX(S19:S21) -> 204 | T36: =MAX(T19:T21) -> 26 | U36: =MAX(U19:U21) -> 38 | V36: =MAX(V19:V21) -> 98 | W36: =MAX(W19:W21) -> 4 | X36: =MAX(X19:X21) -> 0 | Y36: =MAX(Y19:Y21) -> 31 | Z36: =MAX(Z19:Z21) -> 12 | ... AF36: =MAX(AF19:AF21) -> 937
B37: 13.45 - 14.00 | C37: 55 | D37: 3 | E37: 8 | F37: 24 | G37: 0 | H37: 0 | I37: 8 | J37: 1 | K37: 3 | L37: 1 | M37: 115 | N37: 0 | O37: =SUM(C37:L37,N37) -> 103 | P37: =SUM(C37:N37) -> 218 | R37: AM Period | S37: =SUM(S10:S12) -> 1165 | T37: =SUM(T10:T12) -> 113 | U37: =SUM(U10:U12) -> 139 | V37: =SUM(V10:V12) -> 336 | W37: =SUM(W10:W12) -> 3 | X37: =SUM(X10:X12) -> 0 | Y37: =SUM(Y10:Y12) -> 81 | Z37: =SUM(Z10:Z12) -> 8 | ... AF37: =SUM(AF10:AF12) -> 3993
B38: 14.00 - 14.15 | C38: 45 | D38: 6 | E38: 8 | F38: 19 | G38: 0 | H38: 1 | I38: 1 | J38: 0 | K38: 0 | L38: 0 | M38: 119 | N38: 0 | O38: =SUM(C38:L38,N38) -> 80 | P38: =SUM(C38:N38) -> 199 | R38: IP Period | S38: =SUM(S13:S18) -> 1165 | T38: =SUM(T13:T18) -> 138 | U38: =SUM(U13:U18) -> 211 | V38: =SUM(V13:V18) -> 420 | W38: =SUM(W13:W18) -> 14 | X38: =SUM(X13:X18) -> 1 | Y38: =SUM(Y13:Y18) -> 152 | Z38: =SUM(Z13:Z18) -> 47 | ... AF38: =SUM(AF13:AF18) -> 5044
B39: 14.15 - 14.30 | C39: 50 | D39: 6 | E39: 8 | F39: 23 | G39: 0 | H39: 0 | I39: 11 | J39: 1 | K39: 0 | L39: 0 | M39: 99 | N39: 0 | O39: =SUM(C39:L39,N39) -> 99 | P39: =SUM(C39:N39) -> 198 | R39: PM Period | S39: =SUM(S19:S21) -> 574 | T39: =SUM(T19:T21) -> 64 | U39: =SUM(U19:U21) -> 96 | V39: =SUM(V19:V21) -> 243 | W39: =SUM(W19:W21) -> 11 | X39: =SUM(X19:X21) -> 0 | Y39: =SUM(Y19:Y21) -> 62 | Z39: =SUM(Z19:Z21) -> 32 | ... AF39: =SUM(AF19:AF21) -> 2657
B40: 14.30 - 14.45 | C40: 45 | D40: 3 | E40: 3 | F40: 16 | G40: 0 | H40: 0 | I40: 5 | J40: 1 | K40: 0 | L40: 0 | M40: 405 | N40: 0 | O40: =SUM(C40:L40,N40) -> 73 | P40: =SUM(C40:N40) -> 478 | R40: 12 Hours | S40: =SUM(S10:S21) -> 2904 | T40: =SUM(T10:T21) -> 315 | U40: =SUM(U10:U21) -> 446 | V40: =SUM(V10:V21) -> 999 | W40: =SUM(W10:W21) -> 28 | X40: =SUM(X10:X21) -> 1 | Y40: =SUM(Y10:Y21) -> 295 | Z40: =SUM(Z10:Z21) -> 87 | ... AF40: =SUM(AF10:AF21) -> 11694
B41: 14.45 - 15.00 | C41: 46 | D41: 6 | E41: 6 | F41: 14 | G41: 0 | H41: 0 | I41: 4 | J41: 4 | K41: 0 | L41: 2 | M41: 104 | N41: 0 | O41: =SUM(C41:L41,N41) -> 82 | P41: =SUM(C41:N41) -> 186 | R41: 24 Hrs/ADT | S41: =SUM(S10:S33) -> 2904 | T41: =SUM(T10:T33) -> 315 | U41: =SUM(U10:U33) -> 446 | V41: =SUM(V10:V33) -> 999 | W41: =SUM(W10:W33) -> 28 | X41: =SUM(X10:X33) -> 1 | Y41: =SUM(Y10:Y33) -> 295 | Z41: =SUM(Z10:Z33) -> 87 | ... AF41: =SUM(AF10:AF33) -> 11694
B42: 15.00 - 15.15 | C42: 35 | D42: 2 | E42: 14 | F42: 24 | G42: 1 | H42: 0 | I42: 5 | J42: 3 | K42: 0 | L42: 0 | M42: 94 | N42: 0 | O42: =SUM(C42:L42,N42) -> 84 | P42: =SUM(C42:N42) -> 178 | R42: NEF | S42: =S41/S40 -> 1 | T42: =T41/T40 -> 1 | U42: =U41/U40 -> 1 | V42: =V41/V40 -> 1 | W42: =W41/W40 -> 1 | X42: =X41/X40 -> 1 | Y42: =Y41/Y40 -> 1 | Z42: =Z41/Z40 -> 1 | ... AF42: =AF41/AF40 -> 1
B43: 15.15 - 15.30 | C43: 45 | D43: 1 | E43: 7 | F43: 19 | G43: 1 | H43: 0 | I43: 11 | J43: 3 | K43: 1 | L43: 1 | M43: 108 | N43: 0 | O43: =SUM(C43:L43,N43) -> 89 | P43: =SUM(C43:N43) -> 197
B44: 15.30 - 15.45 | C44: 40 | D44: 6 | E44: 11 | F44: 8 | G44: 1 | H44: 0 | I44: 7 | J44: 3 | K44: 0 | L44: 0 | M44: 104 | N44: 0 | O44: =SUM(C44:L44,N44) -> 76 | P44: =SUM(C44:N44) -> 180
B45: 15.45 - 16.00 | C45: 29 | D45: 4 | E45: 12 | F45: 9 | G45: 0 | H45: 0 | I45: 9 | J45: 4 | K45: 2 | L45: 0 | M45: 99 | N45: 0 | O45: =SUM(C45:L45,N45) -> 69 | P45: =SUM(C45:N45) -> 168
B46: 16.00 - 16.15 | C46: 35 | D46: 3 | E46: 3 | F46: 22 | G46: 0 | H46: 0 | I46: 8 | J46: 3 | K46: 1 | L46: 1 | M46: 120 | N46: 0 | O46: =SUM(C46:L46,N46) -> 76 | P46: =SUM(C46:N46) -> 196
B47: 16.15 -16.30 | C47: 30 | D47: 3 | E47: 6 | F47: 30 | G47: 4 | H47: 0 | I47: 9 | J47: 2 | K47: 1 | L47: 0 | M47: 110 | N47: 0 | O47: =SUM(C47:L47,N47) -> 85 | P47: =SUM(C47:N47) -> 195
B48: 16.30 -16.45 | C48: 57 | D48: 4 | E48: 2 | F48: 30 | G48: 0 | H48: 0 | I48: 6 | J48: 0 | K48: 1 | L48: 0 | M48: 132 | N48: 0 | O48: =SUM(C48:L48,N48) -> 100 | P48: =SUM(C48:N48) -> 232
B49: 16.45 -17.00 | C49: 45 | D49: 5 | E49: 13 | F49: 16 | G49: 0 | H49: 0 | I49: 8 | J49: 4 | K49: 0 | L49: 0 | M49: 122 | N49: 0 | O49: =SUM(C49:L49,N49) -> 91 | P49: =SUM(C49:N49) -> 213
B50: 17.00 -17.15 | C50: 47 | D50: 7 | E50: 5 | F50: 19 | G50: 0 | H50: 0 | I50: 4 | J50: 5 | K50: 1 | L50: 0 | M50: 113 | N50: 0 | O50: =SUM(C50:L50,N50) -> 88 | P50: =SUM(C50:N50) -> 201
B51: 17.15 -17.30 | C51: 59 | D51: 8 | E51: 8 | F51: 21 | G51: 2 | H51: 0 | I51: 3 | J51: 0 | K51: 0 | L51: 0 | M51: 109 | N51: 0 | O51: =SUM(C51:L51,N51) -> 101 | P51: =SUM(C51:N51) -> 210
B52: 17.30 -17.45 | C52: 47 | D52: 9 | E52: 13 | F52: 17 | G52: 0 | H52: 0 | I52: 0 | J52: 7 | K52: 3 | L52: 2 | M52: 120 | N52: 0 | O52: =SUM(C52:L52,N52) -> 98 | P52: =SUM(C52:N52) -> 218
B53: 17.45 -18.00 | C53: 50 | D53: 2 | E53: 8 | F53: 24 | G53: 1 | H53: 0 | I53: 10 | J53: 0 | K53: 2 | L53: 0 | M53: 158 | N53: 0 | O53: =SUM(C53:L53,N53) -> 97 | P53: =SUM(C53:N53) -> 255
B54: 18.00 - 18.15 | C54: 45 | D54: 6 | E54: 5 | F54: 16 | G54: 3 | H54: 0 | I54: 1 | J54: 1 | K54: 3 | L54: 1 | M54: 150 | N54: 0 | O54: =SUM(C54:L54,N54) -> 81 | P54: =SUM(C54:N54) -> 231
... B105: 06.45 - 07.00 | C105: 0 | D105: 0 | E105: 0 | F105: 0 | G105: 0 | H105: 0 | I105: 0 | J105: 0 | K105: 0 | L105: 0 | M105: 0 | N105: 0 | O105: =SUM(C105:L105,N105) -> 0 | P105: =SUM(C105:N105) -> 0
B106: Totals | C106: =SUM(C10:C105) -> 2904 | D106: =SUM(D10:D105) -> 315 | E106: =SUM(E10:E105) -> 446 | F106: =SUM(F10:F105) -> 999 | G106: =SUM(G10:G105) -> 28 | H106: =SUM(H10:H105) -> 1 | I106: =SUM(I10:I105) -> 295 | J106: =SUM(J10:J105) -> 87 | ... P106: =SUM(P10:P105) -> 11694
B107: %ges + MCs | C107: =C106/$P$106 -> 0.24833248 | D107: =D106/$P$106 -> 0.026936891 | E107: =E106/$P$106 -> 0.038139217 | F107: =F106/$P$106 -> 0.085428425 | G107: =G106/$P$106 -> 0.0023943903 | H107: =H106/$P$106 -> 8.5513939e-05 | I107: =I106/$P$106 -> 0.025226612 | J107: =J106/$P$106 -> 0.0074397127 | ... N107: =N106/$P$106 -> 8.5513939e-05
B108: %ges w/o MCs | C108: =C106/$O$106 -> 0.56542056 | D108: =D106/$O$106 -> 0.061331776 | E108: =E106/$O$106 -> 0.086838006 | F108: =F106/$O$106 -> 0.19450935 | G108: =G106/$O$106 -> 0.0054517134 | H108: =H106/$O$106 -> 0.00019470405 | I108: =I106/$O$106 -> 0.057437695 | J108: =J106/$O$106 -> 0.016939252 | ... L108: =L106/$O$106 -> 0.0025311526 | N108: =N106/$O$106 -> 0.00019470405

Sheet 31.07 KIREKA-NAMUGONGO-24h
B1: Consultancy services for Preparation of Expressway Development Master Plan (EDMP) for Uganda
B2: MANUAL CLASSIFIED COUNT (MCC)
B3: ROAD NAME: | C3: ='01.08 NAMUGONGO-KIREKA'!C3:G3 -> MCC - C1 - STN039 - NAMUGONGO ROAD
C5: Date | D5: ='31.07 NAMUGONGO-KIREKA-24h'!D5 -> 31.07.19 | F5: Location | G5: ='31.07 NAMUGONGO-KIREKA-24h'!G5:H5 -> AGENDA | J5: Surveyor | K5: ='31.07 NAMUGONGO-KIREKA-24h'!K5:L5 -> STEVEN
C6: Dir. From | D6: ='01.08 KIREKA-NAMUGONGO'!D6:E6 -> KIREKA | F6: Dir. To | G6: ='01.08 KIREKA-NAMUGONGO'!G6:H6 -> NAMUGONGO | J6: Supervisor | K6: ='31.07 NAMUGONGO-KIREKA-24h'!K6:L6 -> NAIDO GRACE BRENDA
B8: Time / Veh Type | R8: SUMMARY TRAFFIC VOLUMES
C9: 1. Car | D9: 2. Station Wagon | E9: 3. Pickups | F9: 4. Minibus, matatu | G9: 5. Medium bus | H9: 6. Large Bus | I9: 7. Light Truck | J9: 8. Medium Truck | K9: 9. Heavy truck | L9: 10. Truck Trailer | M9: 11. Motor cycles | N9: 12. Tractors | O9: Total Excl M/Cycles | P9: Total All | R9: Time | S9: 1. Car | T9: 2. Station Wagon | U9: 3. Pickups | V9: 4. Minibus, matatu | W9: 5. Medium bus | X9: 6. Large Bus | Y9: 7. Light Truck | Z9: 8. Medium Truck | AA9: 9. Heavy truck | AB9: 10. Truck Trailer | AC9: 11. Motorcycles | AD9: 12. Tractors, Graders | AE9: Total Excl M/ Cycles | AF9: Total All
B10: 07.00 - 07.15 | C10: 14 | D10: 31 | E10: 7 | F10: 24 | G10: 0 | H10: 3 | I10: 1 | J10: 0 | K10: 0 | L10: 0 | M10: 109 | N10: 0 | O10: =SUM(C10:L10,N10) -> 80 | P10: =SUM(C10:N10) -> 189 | R10: 0700-0800 | S10: =SUM(C10:C13) -> 130 | T10: =SUM(D10:D13) -> 58 | U10: =SUM(E10:E13) -> 25 | V10: =SUM(F10:F13) -> 75 | W10: =SUM(G10:G13) -> 1 | X10: =SUM(H10:H13) -> 4 | Y10: =SUM(I10:I13) -> 16 | Z10: =SUM(J10:J13) -> 6 | ... AF10: =SUM(P10:P13) -> 797
B11: 07.15 - 07.30 | C11: 30 | D11: 8 | E11: 6 | F11: 17 | G11: 0 | H11: 0 | I11: 5 | J11: 3 | K11: 1 | L11: 0 | M11: 115 | N11: 0 | O11: =SUM(C11:L11,N11) -> 70 | P11: =SUM(C11:N11) -> 185 | R11: 0800-0900 | S11: =SUM(C14:C17) -> 144 | T11: =SUM(D14:D17) -> 26 | U11: =SUM(E14:E17) -> 13 | V11: =SUM(F14:F17) -> 83 | W11: =SUM(G14:G17) -> 3 | X11: =SUM(H14:H17) -> 0 | Y11: =SUM(I14:I17) -> 14 | Z11: =SUM(J14:J17) -> 5 | ... AF11: =SUM(P14:P17) -> 860
B12: 07.30 - 07.45 | C12: 51 | D12: 11 | E12: 6 | F12: 20 | G12: 1 | H12: 1 | I12: 5 | J12: 3 | K12: 0 | L12: 0 | M12: 106 | N12: 0 | O12: =SUM(C12:L12,N12) -> 98 | P12: =SUM(C12:N12) -> 204 | R12: 0900-1000 | S12: =SUM(C18:C21) -> 157 | T12: =SUM(D18:D21) -> 25 | U12: =SUM(E18:E21) -> 22 | V12: =SUM(F18:F21) -> 38 | W12: =SUM(G18:G21) -> 1 | X12: =SUM(H18:H21) -> 0 | Y12: =SUM(I18:I21) -> 22 | Z12: =SUM(J18:J21) -> 4 | ... AF12: =SUM(P18:P21) -> 789
B13: 07.45 - 08.00 | C13: 35 | D13: 8 | E13: 6 | F13: 14 | G13: 0 | H13: 0 | I13: 5 | J13: 0 | K13: 1 | L13: 0 | M13: 150 | N13: 0 | O13: =SUM(C13:L13,N13) -> 69 | P13: =SUM(C13:N13) -> 219 | R13: 1000-1100 | S13: =SUM(C22:C25) -> 124 | T13: =SUM(D22:D25) -> 38 | U13: =SUM(E22:E25) -> 30 | V13: =SUM(F22:F25) -> 51 | W13: =SUM(G22:G25) -> 9 | X13: =SUM(H22:H25) -> 0 | Y13: =SUM(I22:I25) -> 37 | Z13: =SUM(J22:J25) -> 6 | ... AF13: =SUM(P22:P25) -> 752
B14: 08.00 - 08.15 | C14: 40 | D14: 7 | E14: 3 | F14: 24 | G14: 1 | H14: 0 | I14: 0 | J14: 4 | K14: 1 | L14: 0 | M14: 109 | N14: 0 | O14: =SUM(C14:L14,N14) -> 80 | P14: =SUM(C14:N14) -> 189 | R14: 1100-1200 | S14: =SUM(C26:C29) -> 162 | T14: =SUM(D26:D29) -> 29 | U14: =SUM(E26:E29) -> 31 | V14: =SUM(F26:F29) -> 29 | W14: =SUM(G26:G29) -> 9 | X14: =SUM(H26:H29) -> 1 | Y14: =SUM(I26:I29) -> 32 | Z14: =SUM(J26:J29) -> 9 | ... AF14: =SUM(P26:P29) -> 774
B15: 08.15 - 08.30 | C15: 35 | D15: 8 | E15: 2 | F15: 25 | G15: 1 | H15: 0 | I15: 5 | J15: 0 | K15: 3 | L15: 0 | M15: 143 | N15: 0 | O15: =SUM(C15:L15,N15) -> 79 | P15: =SUM(C15:N15) -> 222 | R15: 1200-1300 | S15: =SUM(C30:C33) -> 154 | T15: =SUM(D30:D33) -> 43 | U15: =SUM(E30:E33) -> 34 | V15: =SUM(F30:F33) -> 51 | W15: =SUM(G30:G33) -> 0 | X15: =SUM(H30:H33) -> 1 | Y15: =SUM(I30:I33) -> 33 | Z15: =SUM(J30:J33) -> 13 | ... AF15: =SUM(P30:P33) -> 780
B16: 08.30 - 08.45 | C16: 41 | D16: 7 | E16: 2 | F16: 14 | G16: 0 | H16: 0 | I16: 3 | J16: 0 | K16: 2 | L16: 1 | M16: 155 | N16: 0 | O16: =SUM(C16:L16,N16) -> 70 | P16: =SUM(C16:N16) -> 225 | R16: 1300-1400 | S16: =SUM(C34:C37) -> 153 | T16: =SUM(D34:D37) -> 46 | U16: =SUM(E34:E37) -> 37 | V16: =SUM(F34:F37) -> 41 | W16: =SUM(G34:G37) -> 9 | X16: =SUM(H34:H37) -> 0 | Y16: =SUM(I34:I37) -> 21 | Z16: =SUM(J34:J37) -> 9 | ... AF16: =SUM(P34:P37) -> 754
B17: 08.45 - 9.00 | C17: 28 | D17: 4 | E17: 6 | F17: 20 | G17: 1 | H17: 0 | I17: 6 | J17: 1 | K17: 3 | L17: 0 | M17: 155 | N17: 0 | O17: =SUM(C17:L17,N17) -> 69 | P17: =SUM(C17:N17) -> 224 | R17: 1400-1500 | S17: =SUM(C38:C41) -> 193 | T17: =SUM(D38:D41) -> 50 | U17: =SUM(E38:E41) -> 33 | V17: =SUM(F38:F41) -> 70 | W17: =SUM(G38:G41) -> 2 | X17: =SUM(H38:H41) -> 0 | Y17: =SUM(I38:I41) -> 38 | Z17: =SUM(J38:J41) -> 10 | ... AF17: =SUM(P38:P41) -> 740
B18: 09.00 - 09.15 | C18: 30 | D18: 6 | E18: 2 | F18: 1 | G18: 1 | H18: 0 | I18: 4 | J18: 0 | K18: 0 | L18: 0 | M18: 117 | N18: 0 | O18: =SUM(C18:L18,N18) -> 44 | P18: =SUM(C18:N18) -> 161 | R18: 1500-1600 | S18: =SUM(C42:C45) -> 225 | T18: =SUM(D42:D45) -> 48 | U18: =SUM(E42:E45) -> 33 | V18: =SUM(F42:F45) -> 51 | W18: =SUM(G42:G45) -> 3 | X18: =SUM(H42:H45) -> 0 | Y18: =SUM(I42:I45) -> 18 | Z18: =SUM(J42:J45) -> 17 | ... AF18: =SUM(P42:P45) -> 864
B19: 09.15 - 09.30 | C19: 48 | D19: 4 | E19: 10 | F19: 11 | G19: 0 | H19: 0 | I19: 5 | J19: 1 | K19: 1 | L19: 0 | M19: 145 | N19: 0 | O19: =SUM(C19:L19,N19) -> 80 | P19: =SUM(C19:N19) -> 225 | R19: 1600-1700 | S19: =SUM(C46:C49) -> 313 | T19: =SUM(D46:D49) -> 89 | U19: =SUM(E46:E49) -> 59 | V19: =SUM(F46:F49) -> 76 | W19: =SUM(G46:G49) -> 2 | X19: =SUM(H46:H49) -> 0 | Y19: =SUM(I46:I49) -> 30 | Z19: =SUM(J46:J49) -> 5 | ... AF19: =SUM(P46:P49) -> 1061
B20: 09.30 - 09.45 | C20: 34 | D20: 7 | E20: 3 | F20: 13 | G20: 0 | H20: 0 | I20: 5 | J20: 2 | K20: 1 | L20: 0 | M20: 140 | N20: 0 | O20: =SUM(C20:L20,N20) -> 65 | P20: =SUM(C20:N20) -> 205 | R20: 1700-1800 | S20: =SUM(C50:C53) -> 408 | T20: =SUM(D50:D53) -> 126 | U20: =SUM(E50:E53) -> 58 | V20: =SUM(F50:F53) -> 40 | W20: =SUM(G50:G53) -> 24 | X20: =SUM(H50:H53) -> 0 | Y20: =SUM(I50:I53) -> 24 | Z20: =SUM(J50:J53) -> 3 | ... AF20: =SUM(P50:P53) -> 1239
B21: 09.45 - 10.00 | C21: 45 | D21: 8 | E21: 7 | F21: 13 | G21: 0 | H21: 0 | I21: 8 | J21: 1 | K21: 1 | L21: 0 | M21: 115 | N21: 0 | O21: =SUM(C21:L21,N21) -> 83 | P21: =SUM(C21:N21) -> 198 | R21: 1800-1900 | S21: =SUM(C54:C57) -> 427 | T21: =SUM(D54:D57) -> 112 | U21: =SUM(E54:E57) -> 38 | V21: =SUM(F54:F57) -> 97 | W21: =SUM(G54:G57) -> 7 | X21: =SUM(H54:H57) -> 0 | Y21: =SUM(I54:I57) -> 20 | Z21: =SUM(J54:J57) -> 7 | ... AF21: =SUM(P54:P57) -> 1395
B22: 10.00 - 10.15 | C22: 25 | D22: 9 | E22: 3 | F22: 14 | G22: 0 | H22: 0 | I22: 9 | J22: 2 | K22: 1 | L22: 0 | M22: 116 | N22: 0 | O22: =SUM(C22:L22,N22) -> 63 | P22: =SUM(C22:N22) -> 179 | R22: 1900-2000 | S22: =SUM(C58:C61) -> 0 | T22: =SUM(D58:D61) -> 0 | U22: =SUM(E58:E61) -> 0 | V22: =SUM(F58:F61) -> 0 | W22: =SUM(G58:G61) -> 0 | X22: =SUM(H58:H61) -> 0 | Y22: =SUM(I58:I61) -> 0 | Z22: =SUM(J58:J61) -> 0 | ... AF22: =SUM(P58:P61) -> 0
B23: 10.15 - 10.30 | C23: 33 | D23: 11 | E23: 5 | F23: 16 | G23: 1 | H23: 0 | I23: 6 | J23: 2 | K23: 0 | L23: 0 | M23: 110 | N23: 0 | O23: =SUM(C23:L23,N23) -> 74 | P23: =SUM(C23:N23) -> 184 | R23: 2000-2100 | S23: =SUM(C62:C65) -> 0 | T23: =SUM(D62:D65) -> 0 | U23: =SUM(E62:E65) -> 0 | V23: =SUM(F62:F65) -> 0 | W23: =SUM(G62:G65) -> 0 | X23: =SUM(H62:H65) -> 0 | Y23: =SUM(I62:I65) -> 0 | Z23: =SUM(J62:J65) -> 0 | ... AF23: =SUM(P62:P65) -> 0
B24: 10.30 - 10.45 | C24: 38 | D24: 9 | E24: 7 | F24: 17 | G24: 2 | H24: 0 | I24: 10 | J24: 1 | K24: 0 | L24: 0 | M24: 112 | N24: 0 | O24: =SUM(C24:L24,N24) -> 84 | P24: =SUM(C24:N24) -> 196 | R24: 2100-2200 | S24: =SUM(C66:C69) -> 0 | T24: =SUM(D66:D69) -> 0 | U24: =SUM(E66:E69) -> 0 | V24: =SUM(F66:F69) -> 0 | W24: =SUM(G66:G69) -> 0 | X24: =SUM(H66:H69) -> 0 | Y24: =SUM(I66:I69) -> 0 | Z24: =SUM(J66:J69) -> 0 | ... AF24: =SUM(P66:P69) -> 0
B25: 10.45 - 11.00 | C25: 28 | D25: 9 | E25: 15 | F25: 4 | G25: 6 | H25: 0 | I25: 12 | J25: 1 | K25: 1 | L25: 0 | M25: 117 | N25: 0 | O25: =SUM(C25:L25,N25) -> 76 | P25: =SUM(C25:N25) -> 193 | R25: 2200-2300 | S25: =SUM(C70:C73) -> 0 | T25: =SUM(D70:D73) -> 0 | U25: =SUM(E70:E73) -> 0 | V25: =SUM(F70:F73) -> 0 | W25: =SUM(G70:G73) -> 0 | X25: =SUM(H70:H73) -> 0 | Y25: =SUM(I70:I73) -> 0 | Z25: =SUM(J70:J73) -> 0 | ... AF25: =SUM(P70:P73) -> 0
B26: 11.00 - 11.15 | C26: 38 | D26: 6 | E26: 18 | F26: 0 | G26: 0 | H26: 0 | I26: 8 | J26: 5 | K26: 1 | L26: 1 | M26: 124 | N26: 0 | O26: =SUM(C26:L26,N26) -> 77 | P26: =SUM(C26:N26) -> 201 | R26: 2300-0000 | S26: =SUM(C74:C77) -> 0 | T26: =SUM(D74:D77) -> 0 | U26: =SUM(E74:E77) -> 0 | V26: =SUM(F74:F77) -> 0 | W26: =SUM(G74:G77) -> 0 | X26: =SUM(H74:H77) -> 0 | Y26: =SUM(I74:I77) -> 0 | Z26: =SUM(J74:J77) -> 0 | ... AF26: =SUM(P74:P77) -> 0
B27: 11.15 - 11.30 | C27: 39 | D27: 10 | E27: 5 | F27: 11 | G27: 0 | H27: 0 | I27: 12 | J27: 2 | K27: 3 | L27: 0 | M27: 102 | N27: 0 | O27: =SUM(C27:L27,N27) -> 82 | P27: =SUM(C27:N27) -> 184 | R27: 0000-0100 | S27: =SUM(C78:C81) -> 0 | T27: =SUM(D78:D81) -> 0 | U27: =SUM(E78:E81) -> 0 | V27: =SUM(F78:F81) -> 0 | W27: =SUM(G78:G81) -> 0 | X27: =SUM(H78:H81) -> 0 | Y27: =SUM(I78:I81) -> 0 | Z27: =SUM(J78:J81) -> 0 | ... AF27: =SUM(P78:P81) -> 0
B28: 11.30 - 11.45 | C28: 45 | D28: 5 | E28: 8 | F28: 10 | G28: 0 | H28: 0 | I28: 12 | J28: 2 | K28: 3 | L28: 0 | M28: 104 | N28: 0 | O28: =SUM(C28:L28,N28) -> 85 | P28: =SUM(C28:N28) -> 189 | R28: 0100-0200 | S28: =SUM(C82:C85) -> 0 | T28: =SUM(D82:D85) -> 0 | U28: =SUM(E82:E85) -> 0 | V28: =SUM(F82:F85) -> 0 | W28: =SUM(G82:G85) -> 0 | X28: =SUM(H82:H85) -> 0 | Y28: =SUM(I82:I85) -> 0 | Z28: =SUM(J82:J85) -> 0 | ... AF28: =SUM(P82:P85) -> 0
B29: 11.45 - 12.00 | C29: 40 | D29: 8 | E29: 0 | F29: 8 | G29: 9 | H29: 1 | I29: 0 | J29: 0 | K29: 14 | L29: 0 | M29: 120 | N29: 0 | O29: =SUM(C29:L29,N29) -> 80 | P29: =SUM(C29:N29) -> 200 | R29: 0200-0300 | S29: =SUM(C86:C89) -> 0 | T29: =SUM(D86:D89) -> 0 | U29: =SUM(E86:E89) -> 0 | V29: =SUM(F86:F89) -> 0 | W29: =SUM(G86:G89) -> 0 | X29: =SUM(H86:H89) -> 0 | Y29: =SUM(I86:I89) -> 0 | Z29: =SUM(J86:J89) -> 0 | ... AF29: =SUM(P86:P89) -> 0
B30: 12.00 - 12.15 | C30: 36 | D30: 14 | E30: 5 | F30: 13 | G30: 0 | H30: 1 | I30: 7 | J30: 4 | K30: 1 | L30: 1 | M30: 119 | N30: 0 | O30: =SUM(C30:L30,N30) -> 82 | P30: =SUM(C30:N30) -> 201 | R30: 0300-0400 | S30: =SUM(C90:C93) -> 0 | T30: =SUM(D90:D93) -> 0 | U30: =SUM(E90:E93) -> 0 | V30: =SUM(F90:F93) -> 0 | W30: =SUM(G90:G93) -> 0 | X30: =SUM(H90:H93) -> 0 | Y30: =SUM(I90:I93) -> 0 | Z30: =SUM(J90:J93) -> 0 | ... AF30: =SUM(P90:P93) -> 0
B31: 12.15 - 12.30 | C31: 37 | D31: 15 | E31: 14 | F31: 11 | G31: 0 | H31: 0 | I31: 16 | J31: 2 | K31: 1 | L31: 0 | M31: 127 | N31: 0 | O31: =SUM(C31:L31,N31) -> 96 | P31: =SUM(C31:N31) -> 223 | R31: 0400-0500 | S31: =SUM(C94:C97) -> 0 | T31: =SUM(D94:D97) -> 0 | U31: =SUM(E94:E97) -> 0 | V31: =SUM(F94:F97) -> 0 | W31: =SUM(G94:G97) -> 0 | X31: =SUM(H94:H97) -> 0 | Y31: =SUM(I94:I97) -> 0 | Z31: =SUM(J94:J97) -> 0 | ... AF31: =SUM(P94:P97) -> 0
B32: 12.30 - 12.45 | C32: 49 | D32: 7 | E32: 6 | F32: 11 | G32: 0 | H32: 0 | I32: 5 | J32: 5 | K32: 1 | L32: 0 | M32: 92 | N32: 0 | O32: =SUM(C32:L32,N32) -> 84 | P32: =SUM(C32:N32) -> 176 | R32: 0500-0600 | S32: =SUM(C98:C101) -> 0 | T32: =SUM(D98:D101) -> 0 | U32: =SUM(E98:E101) -> 0 | V32: =SUM(F98:F101) -> 0 | W32: =SUM(G98:G101) -> 0 | X32: =SUM(H98:H101) -> 0 | Y32: =SUM(I98:I101) -> 0 | Z32: =SUM(J98:J101) -> 0 | ... AF32: =SUM(P98:P101) -> 0
B33: 12.45 - 13.00 | C33: 32 | D33: 7 | E33: 9 | F33: 16 | G33: 0 | H33: 0 | I33: 5 | J33: 2 | K33: 0 | L33: 0 | M33: 109 | N33: 0 | O33: =SUM(C33:L33,N33) -> 71 | P33: =SUM(C33:N33) -> 180 | R33: 0600-0700 | S33: =SUM(C102:C105) -> 0 | T33: =SUM(D102:D105) -> 0 | U33: =SUM(E102:E105) -> 0 | V33: =SUM(F102:F105) -> 0 | W33: =SUM(G102:G105) -> 0 | X33: =SUM(H102:H105) -> 0 | Y33: =SUM(I102:I105) -> 0 | Z33: =SUM(J102:J105) -> 0 | ... AF33: =SUM(P102:P105) -> 0
B34: 13.00 - 13.15 | C34: 33 | D34: 20 | E34: 6 | F34: 15 | G34: 0 | H34: 0 | I34: 5 | J34: 1 | K34: 0 | L34: 0 | M34: 121 | N34: 0 | O34: =SUM(C34:L34,N34) -> 80 | P34: =SUM(C34:N34) -> 201 | R34: AM Peak Hr | S34: =MAX(S10:S12) -> 157 | T34: =MAX(T10:T12) -> 58 | U34: =MAX(U10:U12) -> 25 | V34: =MAX(V10:V12) -> 83 | W34: =MAX(W10:W12) -> 3 | X34: =MAX(X10:X12) -> 4 | Y34: =MAX(Y10:Y12) -> 22 | Z34: =MAX(Z10:Z12) -> 6 | ... AF34: =MAX(AF10:AF12) -> 860
B35: 13.15 - 13.30 | C35: 28 | D35: 4 | E35: 9 | F35: 11 | G35: 0 | H35: 0 | I35: 4 | J35: 1 | K35: 3 | L35: 0 | M35: 105 | N35: 0 | O35: =SUM(C35:L35,N35) -> 60 | P35: =SUM(C35:N35) -> 165 | R35: IP Peak Hr | S35: =MAX(S13:S18) -> 225 | T35: =MAX(T13:T18) -> 50 | U35: =MAX(U13:U18) -> 37 | V35: =MAX(V13:V18) -> 70 | W35: =MAX(W13:W18) -> 9 | X35: =MAX(X13:X18) -> 1 | Y35: =MAX(Y13:Y18) -> 38 | Z35: =MAX(Z13:Z18) -> 17 | ... AF35: =MAX(AF13:AF18) -> 864
B36: 13.30 - 13.45 | C36: 52 | D36: 9 | E36: 18 | F36: 15 | G36: 0 | H36: 0 | I36: 4 | J36: 1 | K36: 0 | L36: 0 | M36: 110 | N36: 0 | O36: =SUM(C36:L36,N36) -> 99 | P36: =SUM(C36:N36) -> 209 | R36: PM Peak Hr | S36: =MAX(S19:S21) -> 427 | T36: =MAX(T19:T21) -> 126 | U36: =MAX(U19:U21) -> 59 | V36: =MAX(V19:V21) -> 97 | W36: =MAX(W19:W21) -> 24 | X36: =MAX(X19:X21) -> 0 | Y36: =MAX(Y19:Y21) -> 30 | Z36: =MAX(Z19:Z21) -> 7 | ... AF36: =MAX(AF19:AF21) -> 1395
B37: 13.45 - 14.00 | C37: 40 | D37: 13 | E37: 4 | F37: 0 | G37: 9 | H37: 0 | I37: 8 | J37: 6 | K37: 1 | L37: 3 | M37: 95 | N37: 0 | O37: =SUM(C37:L37,N37) -> 84 | P37: =SUM(C37:N37) -> 179 | R37: AM Period | S37: =SUM(S10:S12) -> 431 | T37: =SUM(T10:T12) -> 109 | U37: =SUM(U10:U12) -> 60 | V37: =SUM(V10:V12) -> 196 | W37: =SUM(W10:W12) -> 5 | X37: =SUM(X10:X12) -> 4 | Y37: =SUM(Y10:Y12) -> 52 | Z37: =SUM(Z10:Z12) -> 15 | ... AF37: =SUM(AF10:AF12) -> 2446
B38: 14.00 - 14.15 | C38: 45 | D38: 9 | E38: 8 | F38: 18 | G38: 1 | H38: 0 | I38: 9 | J38: 3 | K38: 2 | L38: 0 | M38: 10 | N38: 0 | O38: =SUM(C38:L38,N38) -> 95 | P38: =SUM(C38:N38) -> 105 | R38: IP Period | S38: =SUM(S13:S18) -> 1011 | T38: =SUM(T13:T18) -> 254 | U38: =SUM(U13:U18) -> 198 | V38: =SUM(V13:V18) -> 293 | W38: =SUM(W13:W18) -> 32 | X38: =SUM(X13:X18) -> 2 | Y38: =SUM(Y13:Y18) -> 179 | Z38: =SUM(Z13:Z18) -> 64 | ... AF38: =SUM(AF13:AF18) -> 4664
B39: 14.15 - 14.30 | C39: 52 | D39: 12 | E39: 7 | F39: 14 | G39: 0 | H39: 0 | I39: 11 | J39: 2 | K39: 2 | L39: 0 | M39: 115 | N39: 0 | O39: =SUM(C39:L39,N39) -> 100 | P39: =SUM(C39:N39) -> 215 | R39: PM Period | S39: =SUM(S19:S21) -> 1148 | T39: =SUM(T19:T21) -> 327 | U39: =SUM(U19:U21) -> 155 | V39: =SUM(V19:V21) -> 213 | W39: =SUM(W19:W21) -> 33 | X39: =SUM(X19:X21) -> 0 | Y39: =SUM(Y19:Y21) -> 74 | Z39: =SUM(Z19:Z21) -> 15 | ... AF39: =SUM(AF19:AF21) -> 3695
B40: 14.30 - 14.45 | C40: 61 | D40: 6 | E40: 12 | F40: 17 | G40: 1 | H40: 0 | I40: 11 | J40: 4 | K40: 3 | L40: 0 | M40: 113 | N40: 0 | O40: =SUM(C40:L40,N40) -> 115 | P40: =SUM(C40:N40) -> 228 | R40: 12 Hours | S40: =SUM(S10:S21) -> 2590 | T40: =SUM(T10:T21) -> 690 | U40: =SUM(U10:U21) -> 413 | V40: =SUM(V10:V21) -> 702 | W40: =SUM(W10:W21) -> 70 | X40: =SUM(X10:X21) -> 6 | Y40: =SUM(Y10:Y21) -> 305 | Z40: =SUM(Z10:Z21) -> 94 | ... AF40: =SUM(AF10:AF21) -> 10805
B41: 14.45 - 15.00 | C41: 35 | D41: 23 | E41: 6 | F41: 21 | G41: 0 | H41: 0 | I41: 7 | J41: 1 | K41: 0 | L41: 1 | M41: 98 | N41: 0 | O41: =SUM(C41:L41,N41) -> 94 | P41: =SUM(C41:N41) -> 192 | R41: 24 Hrs/ADT | S41: =SUM(S10:S33) -> 2590 | T41: =SUM(T10:T33) -> 690 | U41: =SUM(U10:U33) -> 413 | V41: =SUM(V10:V33) -> 702 | W41: =SUM(W10:W33) -> 70 | X41: =SUM(X10:X33) -> 6 | Y41: =SUM(Y10:Y33) -> 305 | Z41: =SUM(Z10:Z33) -> 94 | ... AF41: =SUM(AF10:AF33) -> 10805
B42: 15.00 - 15.15 | C42: 67 | D42: 19 | E42: 6 | F42: 18 | G42: 0 | H42: 0 | I42: 7 | J42: 15 | K42: 0 | L42: 0 | M42: 138 | N42: 0 | O42: =SUM(C42:L42,N42) -> 132 | P42: =SUM(C42:N42) -> 270 | R42: NEF | S42: =S41/S40 -> 1 | T42: =T41/T40 -> 1 | U42: =U41/U40 -> 1 | V42: =V41/V40 -> 1 | W42: =W41/W40 -> 1 | X42: =X41/X40 -> 1 | Y42: =Y41/Y40 -> 1 | Z42: =Z41/Z40 -> 1 | ... AF42: =AF41/AF40 -> 1
B43: 15.15 - 15.30 | C43: 51 | D43: 13 | E43: 4 | F43: 11 | G43: 1 | H43: 0 | I43: 7 | J43: 0 | K43: 3 | L43: 1 | M43: 105 | N43: 0 | O43: =SUM(C43:L43,N43) -> 91 | P43: =SUM(C43:N43) -> 196
B44: 15.30 - 15.45 | C44: 50 | D44: 6 | E44: 3 | F44: 7 | G44: 0 | H44: 0 | I44: 4 | J44: 2 | K44: 1 | L44: 1 | M44: 100 | N44: 0 | O44: =SUM(C44:L44,N44) -> 74 | P44: =SUM(C44:N44) -> 174
B45: 15.45 - 16.00 | C45: 57 | D45: 10 | E45: 20 | F45: 15 | G45: 2 | H45: 0 | I45: 0 | J45: 0 | K45: 0 | L45: 0 | M45: 120 | N45: 0 | O45: =SUM(C45:L45,N45) -> 104 | P45: =SUM(C45:N45) -> 224
B46: 16.00 - 16.15 | C46: 61 | D46: 12 | E46: 10 | F46: 18 | G46: 1 | H46: 0 | I46: 6 | J46: 1 | K46: 0 | L46: 0 | M46: 121 | N46: 0 | O46: =SUM(C46:L46,N46) -> 109 | P46: =SUM(C46:N46) -> 230
B47: 16.15 -16.30 | C47: 68 | D47: 23 | E47: 25 | F47: 18 | G47: 0 | H47: 0 | I47: 9 | J47: 2 | K47: 1 | L47: 0 | M47: 111 | N47: 0 | O47: =SUM(C47:L47,N47) -> 146 | P47: =SUM(C47:N47) -> 257
B48: 16.30 -16.45 | C48: 97 | D48: 30 | E48: 11 | F48: 17 | G48: 1 | H48: 0 | I48: 7 | J48: 1 | K48: 2 | L48: 0 | M48: 112 | N48: 0 | O48: =SUM(C48:L48,N48) -> 166 | P48: =SUM(C48:N48) -> 278
B49: 16.45 -17.00 | C49: 87 | D49: 24 | E49: 13 | F49: 23 | G49: 0 | H49: 0 | I49: 8 | J49: 1 | K49: 1 | L49: 0 | M49: 139 | N49: 0 | O49: =SUM(C49:L49,N49) -> 157 | P49: =SUM(C49:N49) -> 296
B50: 17.00 -17.15 | C50: 105 | D50: 32 | E50: 17 | F50: 23 | G50: 0 | H50: 0 | I50: 7 | J50: 2 | K50: 2 | L50: 2 | M50: 121 | N50: 0 | O50: =SUM(C50:L50,N50) -> 190 | P50: =SUM(C50:N50) -> 311
B51: 17.15 -17.30 | C51: 115 | D51: 28 | E51: 8 | F51: 15 | G51: 3 | H51: 0 | I51: 5 | J51: 0 | K51: 2 | L51: 0 | M51: 151 | N51: 0 | O51: =SUM(C51:L51,N51) -> 176 | P51: =SUM(C51:N51) -> 327
B52: 17.30 -17.45 | C52: 100 | D52: 28 | E52: 6 | F52: 2 | G52: 20 | H52: 0 | I52: 7 | J52: 0 | K52: 1 | L52: 0 | M52: 127 | N52: 0 | O52: =SUM(C52:L52,N52) -> 164 | P52: =SUM(C52:N52) -> 291
B53: 17.45 -18.00 | C53: 88 | D53: 38 | E53: 27 | F53: 0 | G53: 1 | H53: 0 | I53: 5 | J53: 1 | K53: 1 | L53: 0 | M53: 149 | N53: 0 | O53: =SUM(C53:L53,N53) -> 161 | P53: =SUM(C53:N53) -> 310
B54: 18.00 - 18.15 | C54: 102 | D54: 13 | E54: 8 | F54: 26 | G54: 1 | H54: 0 | I54: 0 | J54: 4 | K54: 2 | L54: 1 | M54: 186 | N54: 0 | O54: =SUM(C54:L54,N54) -> 157 | P54: =SUM(C54:N54) -> 343
... B105: 06.45 - 07.00 | C105: 0 | D105: 0 | E105: 0 | F105: 0 | G105: 0 | H105: 0 | I105: 0 | J105: 0 | K105: 0 | L105: 0 | M105: 0 | N105: 0 | O105: =SUM(C105:L105,N105) -> 0 | P105: =SUM(C105:N105) -> 0
B106: Totals | C106: =SUM(C10:C105) -> 2590 | D106: =SUM(D10:D105) -> 690 | E106: =SUM(E10:E105) -> 413 | F106: =SUM(F10:F105) -> 702 | G106: =SUM(G10:G105) -> 70 | H106: =SUM(H10:H105) -> 6 | I106: =SUM(I10:I105) -> 305 | J106: =SUM(J10:J105) -> 94 | ... P106: =SUM(P10:P105) -> 10805
B107: %ges + MCs | C107: =C106/$P$106 -> 0.23970384 | D107: =D106/$P$106 -> 0.063859324 | E107: =E106/$P$106 -> 0.038223045 | F107: =F106/$P$106 -> 0.064969921 | G107: =G106/$P$106 -> 0.0064784822 | H107: =H106/$P$106 -> 0.00055529847 | I107: =I106/$P$106 -> 0.028227672 | J107: =J106/$P$106 -> 0.0086996761 | ... N107: =N106/$P$106 -> 0
B108: %ges w/o MCs | C108: =C106/$O$106 -> 0.523021 | D108: =D106/$O$106 -> 0.13933764 | E108: =E106/$O$106 -> 0.083400646 | F108: =F106/$O$106 -> 0.1417609 | G108: =G106/$O$106 -> 0.014135703 | H108: =H106/$O$106 -> 0.0012116317 | I108: =I106/$O$106 -> 0.061591276 | J108: =J106/$O$106 -> 0.018982229 | ... L108: =L106/$O$106 -> 0.0024232633 | N108: =N106/$O$106 -> 0

Sheet 01.08 NAMUGONGO-KIREKA
B1: Consultancy services for Preparation of Expressway Development Master Plan (EDMP) for Uganda
B2: MANUAL CLASSIFIED COUNT (MCC)
B3: ROAD NAME: | C3: MCC - C1 - STN039 - NAMUGONGO ROAD
C5: Date | D5: O1.08.2019 | F5: Location | G5: AGENDA | J5: Surveyor | K5: STEVEN
C6: Dir. From | D6: NAMUGONGO | F6: Dir. To | G6: KIREKA | J6: Supervisor | K6: NAIDO GRACE BRENDA
B8: Time / Veh Type | R8: SUMMARY TRAFFIC VOLUMES
C9: 1. Car | D9: 2. Station Wagon | E9: 3. Pickups | F9: 4. Minibus, matatu | G9: 5. Medium bus | H9: 6. Large Bus | I9: 7. Light Truck | J9: 8. Medium Truck | K9: 9. Heavy truck | L9: 10. Truck Trailer | M9: 11. Motor cycles | N9: 12. Tractors | O9: Total Excl M/Cycles | P9: Total All | R9: Time | S9: 1. Car | T9: 2. Station Wagon | U9: 3. Pickups | V9: 4. Minibus, matatu | W9: 5. Medium bus | X9: 6. Large Bus | Y9: 7. Light Truck | Z9: 8. Medium Truck | AA9: 9. Heavy truck | AB9: 10. Truck Trailer | AC9: 11. Motorcycles | AD9: 12. Tractors, Graders | AE9: Total Excl M/ Cycles | AF9: Total All
B10: 07.00 - 07.15 | C10: 105 | D10: 9 | E10: 4 | F10: 27 | G10: 0 | H10: 0 | I10: 3 | J10: 0 | K10: 0 | L10: 0 | M10: 133 | N10: 0 | O10: =SUM(C10:L10,N10) -> 148 | P10: =SUM(C10:N10) -> 281 | R10: 0700-0800 | S10: =SUM(C10:C13) -> 451 | T10: =SUM(D10:D13) -> 37 | U10: =SUM(E10:E13) -> 37 | V10: =SUM(F10:F13) -> 132 | W10: =SUM(G10:G13) -> 4 | X10: =SUM(H10:H13) -> 0 | Y10: =SUM(I10:I13) -> 13 | Z10: =SUM(J10:J13) -> 4 | ... AF10: =SUM(P10:P13) -> 1313
B11: 07.15 - 07.30 | C11: 111 | D11: 9 | E11: 10 | F11: 36 | G11: 2 | I11: 1 | J11: 1 | K11: 0 | L11: 0 | M11: 150 | N11: 0 | O11: =SUM(C11:L11,N11) -> 170 | P11: =SUM(C11:N11) -> 320 | R11: 0800-0900 | S11: =SUM(C14:C17) -> 391 | T11: =SUM(D14:D17) -> 46 | U11: =SUM(E14:E17) -> 59 | V11: =SUM(F14:F17) -> 94 | W11: =SUM(G14:G17) -> 0 | X11: =SUM(H14:H17) -> 0 | Y11: =SUM(I14:I17) -> 2 | Z11: =SUM(J14:J17) -> 16 | ... AF11: =SUM(P14:P17) -> 1223
B12: 07.30 - 07.45 | C12: 119 | D12: 9 | E12: 10 | F12: 36 | G12: 2 | H12: 0 | I12: 2 | J12: 1 | K12: 0 | L12: 0 | M12: 167 | N12: 0 | O12: =SUM(C12:L12,N12) -> 179 | P12: =SUM(C12:N12) -> 346 | R12: 0900-1000 | S12: =SUM(C18:C21) -> 298 | T12: =SUM(D18:D21) -> 36 | U12: =SUM(E18:E21) -> 38 | V12: =SUM(F18:F21) -> 82 | W12: =SUM(G18:G21) -> 1 | X12: =SUM(H18:H21) -> 0 | Y12: =SUM(I18:I21) -> 0 | Z12: =SUM(J18:J21) -> 15 | ... AF12: =SUM(P18:P21) -> 1017
B13: 07.45 - 08.00 | C13: 116 | D13: 10 | E13: 13 | F13: 33 | G13: 0 | H13: 0 | I13: 7 | J13: 2 | K13: 0 | L13: 0 | M13: 185 | N13: 0 | O13: =SUM(C13:L13,N13) -> 181 | P13: =SUM(C13:N13) -> 366 | R13: 1000-1100 | S13: =SUM(C22:C25) -> 228 | T13: =SUM(D22:D25) -> 28 | U13: =SUM(E22:E25) -> 28 | V13: =SUM(F22:F25) -> 72 | W13: =SUM(G22:G25) -> 2 | X13: =SUM(H22:H25) -> 0 | Y13: =SUM(I22:I25) -> 0 | Z13: =SUM(J22:J25) -> 26 | ... AF13: =SUM(P22:P25) -> 849
B14: 08.00 - 08.15 | C14: 116 | D14: 11 | E14: 13 | F14: 0 | G14: 0 | H14: 0 | I14: 0 | J14: 0 | K14: 0 | L14: 0 | M14: 193 | N14: 0 | O14: =SUM(C14:L14,N14) -> 140 | P14: =SUM(C14:N14) -> 333 | R14: 1100-1200 | S14: =SUM(C26:C29) -> 235 | T14: =SUM(D26:D29) -> 28 | U14: =SUM(E26:E29) -> 34 | V14: =SUM(F26:F29) -> 84 | W14: =SUM(G26:G29) -> 1 | X14: =SUM(H26:H29) -> 0 | Y14: =SUM(I26:I29) -> 13 | Z14: =SUM(J26:J29) -> 11 | ... AF14: =SUM(P26:P29) -> 828
B15: 08.15 - 08.30 | C15: 115 | D15: 11 | E15: 13 | F15: 34 | G15: 0 | H15: 0 | I15: 2 | J15: 4 | K15: 4 | L15: 0 | M15: 180 | N15: 0 | O15: =SUM(C15:L15,N15) -> 183 | P15: =SUM(C15:N15) -> 363 | R15: 1200-1300 | S15: =SUM(C30:C33) -> 152 | T15: =SUM(D30:D33) -> 20 | U15: =SUM(E30:E33) -> 22 | V15: =SUM(F30:F33) -> 87 | W15: =SUM(G30:G33) -> 1 | X15: =SUM(H30:H33) -> 5 | Y15: =SUM(I30:I33) -> 18 | Z15: =SUM(J30:J33) -> 10 | ... AF15: =SUM(P30:P33) -> 718
B16: 08.30 - 08.45 | C16: 73 | D16: 10 | E16: 16 | F16: 29 | G16: 0 | H16: 0 | I16: 0 | J16: 8 | K16: 1 | L16: 0 | M16: 121 | N16: 0 | O16: =SUM(C16:L16,N16) -> 137 | P16: =SUM(C16:N16) -> 258 | R16: 1300-1400 | S16: =SUM(C34:C37) -> 165 | T16: =SUM(D34:D37) -> 20 | U16: =SUM(E34:E37) -> 28 | V16: =SUM(F34:F37) -> 76 | W16: =SUM(G34:G37) -> 0 | X16: =SUM(H34:H37) -> 1 | Y16: =SUM(I34:I37) -> 11 | Z16: =SUM(J34:J37) -> 13 | ... AF16: =SUM(P34:P37) -> 625
B17: 08.45 - 9.00 | C17: 87 | D17: 14 | E17: 17 | F17: 31 | G17: 0 | H17: 0 | I17: 0 | J17: 4 | K17: 2 | L17: 0 | M17: 114 | N17: 0 | O17: =SUM(C17:L17,N17) -> 155 | P17: =SUM(C17:N17) -> 269 | R17: 1400-1500 | S17: =SUM(C38:C41) -> 177 | T17: =SUM(D38:D41) -> 18 | U17: =SUM(E38:E41) -> 21 | V17: =SUM(F38:F41) -> 59 | W17: =SUM(G38:G41) -> 0 | X17: =SUM(H38:H41) -> 0 | Y17: =SUM(I38:I41) -> 14 | Z17: =SUM(J38:J41) -> 15 | ... AF17: =SUM(P38:P41) -> 697
B18: 09.00 - 09.15 | C18: 72 | D18: 9 | E18: 10 | F18: 25 | G18: 1 | H18: 0 | I18: 0 | J18: 5 | K18: 1 | L18: 1 | M18: 131 | N18: 0 | O18: =SUM(C18:L18,N18) -> 124 | P18: =SUM(C18:N18) -> 255 | R18: 1500-1600 | S18: =SUM(C42:C45) -> 144 | T18: =SUM(D42:D45) -> 16 | U18: =SUM(E42:E45) -> 41 | V18: =SUM(F42:F45) -> 61 | W18: =SUM(G42:G45) -> 2 | X18: =SUM(H42:H45) -> 0 | Y18: =SUM(I42:I45) -> 0 | Z18: =SUM(J42:J45) -> 21 | ... AF18: =SUM(P42:P45) -> 690
B19: 09.15 - 09.30 | C19: 82 | D19: 11 | E19: 11 | F19: 16 | G19: 0 | H19: 0 | I19: 0 | J19: 2 | K19: 2 | L19: 2 | M19: 156 | N19: 0 | O19: =SUM(C19:L19,N19) -> 126 | P19: =SUM(C19:N19) -> 282 | R19: 1600-1700 | S19: =SUM(C46:C49) -> 175 | T19: =SUM(D46:D49) -> 16 | U19: =SUM(E46:E49) -> 25 | V19: =SUM(F46:F49) -> 77 | W19: =SUM(G46:G49) -> 2 | X19: =SUM(H46:H49) -> 0 | Y19: =SUM(I46:I49) -> 20 | Z19: =SUM(J46:J49) -> 12 | ... AF19: =SUM(P46:P49) -> 761
B20: 09.30 - 09.45 | C20: 77 | D20: 10 | E20: 12 | F20: 22 | G20: 0 | H20: 0 | I20: 0 | J20: 2 | K20: 5 | L20: 2 | M20: 135 | N20: 0 | O20: =SUM(C20:L20,N20) -> 130 | P20: =SUM(C20:N20) -> 265 | R20: 1700-1800 | S20: =SUM(C50:C53) -> 225 | T20: =SUM(D50:D53) -> 19 | U20: =SUM(E50:E53) -> 43 | V20: =SUM(F50:F53) -> 73 | W20: =SUM(G50:G53) -> 4 | X20: =SUM(H50:H53) -> 0 | Y20: =SUM(I50:I53) -> 7 | Z20: =SUM(J50:J53) -> 14 | ... AF20: =SUM(P50:P53) -> 939
B21: 09.45 - 10.00 | C21: 67 | D21: 6 | E21: 5 | F21: 19 | G21: 0 | H21: 0 | I21: 0 | J21: 6 | K21: 3 | L21: 0 | M21: 109 | N21: 0 | O21: =SUM(C21:L21,N21) -> 106 | P21: =SUM(C21:N21) -> 215 | R21: 1800-1900 | S21: =SUM(C54:C57) -> 184 | T21: =SUM(D54:D57) -> 28 | U21: =SUM(E54:E57) -> 28 | V21: =SUM(F54:F57) -> 100 | W21: =SUM(G54:G57) -> 6 | X21: =SUM(H54:H57) -> 0 | Y21: =SUM(I54:I57) -> 12 | Z21: =SUM(J54:J57) -> 2 | ... AF21: =SUM(P54:P57) -> 943
B22: 10.00 - 10.15 | C22: 46 | D22: 10 | E22: 9 | F22: 19 | G22: 2 | H22: 0 | I22: 0 | J22: 6 | K22: 1 | L22: 2 | M22: 135 | N22: 0 | O22: =SUM(C22:L22,N22) -> 95 | P22: =SUM(C22:N22) -> 230 | R22: AM Peak Hr | S22: =MAX(S10:S12) -> 451 | T22: =MAX(T10:T12) -> 46 | U22: =MAX(U10:U12) -> 59 | V22: =MAX(V10:V12) -> 132 | W22: =MAX(W10:W12) -> 4 | X22: =MAX(X10:X12) -> 0 | Y22: =MAX(Y10:Y12) -> 13 | Z22: =MAX(Z10:Z12) -> 16 | ... AF22: =MAX(AF10:AF12) -> 1313
B23: 10.15 - 10.30 | C23: 57 | D23: 12 | E23: 8 | F23: 25 | G23: 0 | H23: 0 | I23: 0 | J23: 7 | K23: 2 | L23: 0 | M23: 108 | N23: 0 | O23: =SUM(C23:L23,N23) -> 111 | P23: =SUM(C23:N23) -> 219 | R23: IP Peak Hr | S23: =MAX(S13:S18) -> 235 | T23: =MAX(T13:T18) -> 28 | U23: =MAX(U13:U18) -> 41 | V23: =MAX(V13:V18) -> 87 | W23: =MAX(W13:W18) -> 2 | X23: =MAX(X13:X18) -> 5 | Y23: =MAX(Y13:Y18) -> 18 | Z23: =MAX(Z13:Z18) -> 26 | ... AF23: =MAX(AF13:AF18) -> 849
B24: 10.30 - 10.45 | C24: 65 | D24: 2 | E24: 7 | F24: 20 | G24: 0 | H24: 0 | I24: 0 | J24: 7 | K24: 0 | L24: 3 | M24: 109 | N24: 0 | O24: =SUM(C24:L24,N24) -> 104 | P24: =SUM(C24:N24) -> 213 | R24: PM Peak Hr | S24: =MAX(S19:S21) -> 225 | T24: =MAX(T19:T21) -> 28 | U24: =MAX(U19:U21) -> 43 | V24: =MAX(V19:V21) -> 100 | W24: =MAX(W19:W21) -> 6 | X24: =MAX(X19:X21) -> 0 | Y24: =MAX(Y19:Y21) -> 20 | Z24: =MAX(Z19:Z21) -> 14 | ... AF24: =MAX(AF19:AF21) -> 943
B25: 10.45 - 11.00 | C25: 60 | D25: 4 | E25: 4 | F25: 8 | G25: 0 | H25: 0 | I25: 0 | J25: 6 | K25: 3 | L25: 1 | M25: 101 | N25: 0 | O25: =SUM(C25:L25,N25) -> 86 | P25: =SUM(C25:N25) -> 187 | R25: AM Period | S25: =SUM(S10:S12) -> 1140 | T25: =SUM(T10:T12) -> 119 | U25: =SUM(U10:U12) -> 134 | V25: =SUM(V10:V12) -> 308 | W25: =SUM(W10:W12) -> 5 | X25: =SUM(X10:X12) -> 0 | Y25: =SUM(Y10:Y12) -> 15 | Z25: =SUM(Z10:Z12) -> 35 | ... AF25: =SUM(AF10:AF12) -> 3553
B26: 11.00 - 11.15 | C26: 51 | D26: 7 | E26: 10 | F26: 15 | G26: 0 | H26: 0 | I26: 0 | J26: 6 | K26: 6 | L26: 2 | M26: 102 | N26: 0 | O26: =SUM(C26:L26,N26) -> 97 | P26: =SUM(C26:N26) -> 199 | R26: IP Period | S26: =SUM(S13:S18) -> 1101 | T26: =SUM(T13:T18) -> 130 | U26: =SUM(U13:U18) -> 174 | V26: =SUM(V13:V18) -> 439 | W26: =SUM(W13:W18) -> 6 | X26: =SUM(X13:X18) -> 6 | Y26: =SUM(Y13:Y18) -> 56 | Z26: =SUM(Z13:Z18) -> 96 | ... AF26: =SUM(AF13:AF18) -> 4407
B27: 11.15 - 11.30 | C27: 106 | D27: 13 | E27: 9 | F27: 26 | G27: 0 | H27: 0 | I27: 5 | J27: 2 | K27: 0 | L27: 0 | M27: 111 | N27: 0 | O27: =SUM(C27:L27,N27) -> 161 | P27: =SUM(C27:N27) -> 272 | R27: PM Period | S27: =SUM(S19:S21) -> 584 | T27: =SUM(T19:T21) -> 63 | U27: =SUM(U19:U21) -> 96 | V27: =SUM(V19:V21) -> 250 | W27: =SUM(W19:W21) -> 12 | X27: =SUM(X19:X21) -> 0 | Y27: =SUM(Y19:Y21) -> 39 | Z27: =SUM(Z19:Z21) -> 28 | ... AF27: =SUM(AF19:AF21) -> 2643
B28: 11.30 - 11.45 | C28: 45 | D28: 6 | E28: 11 | F28: 25 | G28: 1 | H28: 0 | I28: 5 | J28: 1 | K28: 1 | L28: 0 | M28: 103 | N28: 0 | O28: =SUM(C28:L28,N28) -> 95 | P28: =SUM(C28:N28) -> 198 | R28: 12 Hours | S28: =SUM(S10:S21) -> 2825 | T28: =SUM(T10:T21) -> 312 | U28: =SUM(U10:U21) -> 404 | V28: =SUM(V10:V21) -> 997 | W28: =SUM(W10:W21) -> 23 | X28: =SUM(X10:X21) -> 6 | Y28: =SUM(Y10:Y21) -> 110 | Z28: =SUM(Z10:Z21) -> 159 | ... AF28: =SUM(AF10:AF21) -> 10603
B29: 11.45 - 12.00 | C29: 33 | D29: 2 | E29: 4 | F29: 18 | G29: 0 | H29: 0 | I29: 3 | J29: 2 | K29: 3 | L29: 0 | M29: 94 | N29: 0 | O29: =SUM(C29:L29,N29) -> 65 | P29: =SUM(C29:N29) -> 159
B30: 12.00 - 12.15 | C30: 48 | D30: 7 | E30: 3 | F30: 20 | G30: 0 | H30: 0 | I30: 4 | J30: 3 | K30: 1 | L30: 0 | M30: 105 | N30: 0 | O30: =SUM(C30:L30,N30) -> 86 | P30: =SUM(C30:N30) -> 191
B31: 12.15 - 12.30 | C31: 36 | D31: 11 | E31: 7 | F31: 23 | G31: 1 | H31: 3 | I31: 3 | J31: 2 | K31: 2 | L31: 0 | M31: 90 | N31: 0 | O31: =SUM(C31:L31,N31) -> 88 | P31: =SUM(C31:N31) -> 178
B32: 12.30 - 12.45 | C32: 42 | D32: 2 | E32: 4 | F32: 18 | G32: 0 | H32: 0 | I32: 4 | J32: 2 | K32: 2 | L32: 0 | M32: 97 | N32: 0 | O32: =SUM(C32:L32,N32) -> 74 | P32: =SUM(C32:N32) -> 171
B33: 12.45 - 13.00 | C33: 26 | D33: 0 | E33: 8 | F33: 26 | G33: 0 | H33: 2 | I33: 7 | J33: 3 | K33: 1 | L33: 0 | M33: 105 | N33: 0 | O33: =SUM(C33:L33,N33) -> 73 | P33: =SUM(C33:N33) -> 178
B34: 13.00 - 13.15 | C34: 37 | D34: 7 | E34: 5 | F34: 23 | G34: 0 | H34: 0 | I34: 5 | J34: 3 | K34: 2 | L34: 0 | M34: 65 | N34: 0 | O34: =SUM(C34:L34,N34) -> 82 | P34: =SUM(C34:N34) -> 147
B35: 13.15 - 13.30 | C35: 43 | D35: 3 | E35: 8 | F35: 23 | G35: 0 | H35: 0 | I35: 3 | J35: 1 | K35: 0 | L35: 0 | M35: 62 | N35: 0 | O35: =SUM(C35:L35,N35) -> 81 | P35: =SUM(C35:N35) -> 143
B36: 13.30 - 13.45 | C36: 47 | D36: 7 | E36: 9 | F36: 16 | G36: 0 | H36: 1 | I36: 0 | J36: 4 | K36: 4 | L36: 0 | M36: 92 | N36: 0 | O36: =SUM(C36:L36,N36) -> 88 | P36: =SUM(C36:N36) -> 180
B37: 13.45 - 14.00 | C37: 38 | D37: 3 | E37: 6 | F37: 14 | G37: 0 | H37: 0 | I37: 3 | J37: 5 | K37: 0 | L37: 0 | M37: 86 | N37: 0 | O37: =SUM(C37:L37,N37) -> 69 | P37: =SUM(C37:N37) -> 155
B38: 14.00 - 14.15 | C38: 57 | D38: 12 | E38: 5 | F38: 15 | G38: 0 | H38: 0 | I38: 5 | J38: 3 | K38: 2 | L38: 0 | M38: 88 | N38: 0 | O38: =SUM(C38:L38,N38) -> 99 | P38: =SUM(C38:N38) -> 187
B39: 14.15 - 14.30 | C39: 50 | D39: 2 | E39: 7 | F39: 18 | G39: 0 | H39: 0 | I39: 3 | J39: 1 | K39: 1 | L39: 0 | M39: 101 | N39: 0 | O39: =SUM(C39:L39,N39) -> 82 | P39: =SUM(C39:N39) -> 183
B40: 14.30 - 14.45 | C40: 30 | D40: 4 | E40: 5 | F40: 13 | G40: 0 | H40: 0 | I40: 6 | J40: 4 | K40: 1 | L40: 0 | M40: 103 | N40: 0 | O40: =SUM(C40:L40,N40) -> 63 | P40: =SUM(C40:N40) -> 166
... B57: 18.45 - 19.00 | C57: 45 | D57: 15 | E57: 7 | F57: 23 | G57: 1 | H57: 0 | I57: 2 | J57: 0 | K57: 1 | L57: 0 | M57: 138 | N57: 0 | O57: =SUM(C57:L57,N57) -> 94 | P57: =SUM(C57:N57) -> 232
B58: Totals | C58: =SUM(C10:C57) -> 2825 | D58: =SUM(D10:D57) -> 312 | E58: =SUM(E10:E57) -> 404 | F58: =SUM(F10:F57) -> 997 | G58: =SUM(G10:G57) -> 23 | H58: =SUM(H10:H57) -> 6 | I58: =SUM(I10:I57) -> 110 | J58: =SUM(J10:J57) -> 159 | ... P58: =SUM(P10:P57) -> 10603
B59: %ges + MCs | C59: =C58/$P$58 -> 0.26643403 | D59: =D58/$P$58 -> 0.029425634 | E59: =E58/$P$58 -> 0.038102424 | F59: =F58/$P$58 -> 0.094029992 | G59: =G58/$P$58 -> 0.0021691974 | H59: =H58/$P$58 -> 0.00056587758 | I59: =I58/$P$58 -> 0.010374422 | J59: =J58/$P$58 -> 0.014995756 | ... N59: =N58/$P$58 -> 0
B60: %ges w/o MCs | C60: =C58/$O$58 -> 0.57220984 | D60: =D58/$O$58 -> 0.063196273 | E60: =E58/$O$58 -> 0.081831072 | F60: =F58/$O$58 -> 0.2019445 | G60: =G58/$O$58 -> 0.0046586996 | H60: =H58/$O$58 -> 0.0012153129 | I60: =I58/$O$58 -> 0.022280737 | J60: =J58/$O$58 -> 0.032205793 | ... L60: =L58/$O$58 -> 0.0046586996 | N60: =N58/$O$58 -> 0

Sheet 01.08 KIREKA-NAMUGONGO
B1: Consultancy services for Preparation of Expressway Development Master Plan (EDMP) for Uganda
B2: MANUAL CLASSIFIED COUNT (MCC)
B3: ROAD NAME: | C3: ='01.08 NAMUGONGO-KIREKA'!C3:G3 -> MCC - C1 - STN039 - NAMUGONGO ROAD
C5: Date | D5: ='01.08 NAMUGONGO-KIREKA'!D5 -> O1.08.2019 | F5: Location | G5: ='01.08 NAMUGONGO-KIREKA'!G5:H5 -> AGENDA | J5: Surveyor | K5: ='01.08 NAMUGONGO-KIREKA'!K5:L5 -> STEVEN
C6: Dir. From | D6: KIREKA | F6: Dir. To | G6: NAMUGONGO | J6: Supervisor | K6: ='01.08 NAMUGONGO-KIREKA'!K6:L6 -> NAIDO GRACE BRENDA
B8: Time / Veh Type | R8: SUMMARY TRAFFIC VOLUMES
C9: 1. Car | D9: 2. Station Wagon | E9: 3. Pickups | F9: 4. Minibus, matatu | G9: 5. Medium bus | H9: 6. Large Bus | I9: 7. Light Truck | J9: 8. Medium Truck | K9: 9. Heavy truck | L9: 10. Truck Trailer | M9: 11. Motor cycles | N9: 12. Tractors | O9: Total Excl M/Cycles | P9: Total All | R9: Time | S9: 1. Car | T9: 2. Station Wagon | U9: 3. Pickups | V9: 4. Minibus, matatu | W9: 5. Medium bus | X9: 6. Large Bus | Y9: 7. Light Truck | Z9: 8. Medium Truck | AA9: 9. Heavy truck | AB9: 10. Truck Trailer | AC9: 11. Motorcycles | AD9: 12. Tractors, Graders | AE9: Total Excl M/ Cycles | AF9: Total All
B10: 07.00 - 07.15 | C10: 39 | D10: 6 | E10: 4 | F10: 22 | G10: 0 | H10: 2 | I10: 0 | J10: 0 | K10: 7 | L10: 2 | M10: 105 | N10: 0 | O10: =SUM(C10:L10,N10) -> 82 | P10: =SUM(C10:N10) -> 187 | R10: 0700-0800 | S10: =SUM(C10:C13) -> 160 | T10: =SUM(D10:D13) -> 27 | U10: =SUM(E10:E13) -> 24 | V10: =SUM(F10:F13) -> 67 | W10: =SUM(G10:G13) -> 1 | X10: =SUM(H10:H13) -> 2 | Y10: =SUM(I10:I13) -> 5 | Z10: =SUM(J10:J13) -> 5 | ... AF10: =SUM(P10:P13) -> 777
B11: 07.15 - 07.30 | C11: 41 | D11: 3 | E11: 10 | F11: 14 | G11: 0 | H11: 0 | I11: 2 | J11: 1 | K11: 1 | L11: 0 | M11: 104 | N11: 0 | O11: =SUM(C11:L11,N11) -> 72 | P11: =SUM(C11:N11) -> 176 | R11: 0800-0900 | S11: =SUM(C14:C17) -> 145 | T11: =SUM(D14:D17) -> 30 | U11: =SUM(E14:E17) -> 23 | V11: =SUM(F14:F17) -> 87 | W11: =SUM(G14:G17) -> 6 | X11: =SUM(H14:H17) -> 0 | Y11: =SUM(I14:I17) -> 27 | Z11: =SUM(J14:J17) -> 5 | ... AF11: =SUM(P14:P17) -> 923
B12: 07.30 - 07.45 | C12: 36 | D12: 10 | E12: 5 | F12: 13 | G12: 0 | H12: 0 | I12: 3 | J12: 1 | K12: 1 | L12: 0 | M12: 104 | N12: 0 | O12: =SUM(C12:L12,N12) -> 69 | P12: =SUM(C12:N12) -> 173 | R12: 0900-1000 | S12: =SUM(C18:C21) -> 137 | T12: =SUM(D18:D21) -> 32 | U12: =SUM(E18:E21) -> 17 | V12: =SUM(F18:F21) -> 52 | W12: =SUM(G18:G21) -> 0 | X12: =SUM(H18:H21) -> 7 | Y12: =SUM(I18:I21) -> 9 | Z12: =SUM(J18:J21) -> 9 | ... AF12: =SUM(P18:P21) -> 780
B13: 07.45 - 08.00 | C13: 44 | D13: 8 | E13: 5 | F13: 18 | G13: 1 | H13: 0 | I13: 0 | J13: 3 | K13: 1 | L13: 0 | M13: 161 | N13: 0 | O13: =SUM(C13:L13,N13) -> 80 | P13: =SUM(C13:N13) -> 241 | R13: 1000-1100 | S13: =SUM(C22:C25) -> 133 | T13: =SUM(D22:D25) -> 39 | U13: =SUM(E22:E25) -> 22 | V13: =SUM(F22:F25) -> 51 | W13: =SUM(G22:G25) -> 1 | X13: =SUM(H22:H25) -> 8 | Y13: =SUM(I22:I25) -> 14 | Z13: =SUM(J22:J25) -> 11 | ... AF13: =SUM(P22:P25) -> 722
B14: 08.00 - 08.15 | C14: 37 | D14: 8 | E14: 4 | F14: 25 | G14: 2 | H14: 0 | I14: 5 | J14: 0 | K14: 0 | L14: 0 | M14: 145 | N14: 0 | O14: =SUM(C14:L14,N14) -> 81 | P14: =SUM(C14:N14) -> 226 | R14: 1100-1200 | S14: =SUM(C26:C29) -> 176 | T14: =SUM(D26:D29) -> 36 | U14: =SUM(E26:E29) -> 29 | V14: =SUM(F26:F29) -> 66 | W14: =SUM(G26:G29) -> 2 | X14: =SUM(H26:H29) -> 11 | Y14: =SUM(I26:I29) -> 14 | Z14: =SUM(J26:J29) -> 3 | ... AF14: =SUM(P26:P29) -> 845
B15: 08.15 - 08.30 | C15: 34 | D15: 5 | E15: 8 | F15: 18 | G15: 1 | H15: 0 | I15: 4 | J15: 1 | K15: 2 | L15: 0 | M15: 144 | N15: 0 | O15: =SUM(C15:L15,N15) -> 73 | P15: =SUM(C15:N15) -> 217 | R15: 1200-1300 | S15: =SUM(C30:C33) -> 184 | T15: =SUM(D30:D33) -> 46 | U15: =SUM(E30:E33) -> 28 | V15: =SUM(F30:F33) -> 53 | W15: =SUM(G30:G33) -> 0 | X15: =SUM(H30:H33) -> 5 | Y15: =SUM(I30:I33) -> 19 | Z15: =SUM(J30:J33) -> 12 | ... AF15: =SUM(P30:P33) -> 767
B16: 08.30 - 08.45 | C16: 30 | D16: 12 | E16: 5 | F16: 27 | G16: 2 | H16: 0 | I16: 8 | J16: 3 | K16: 4 | L16: 0 | M16: 141 | N16: 0 | O16: =SUM(C16:L16,N16) -> 91 | P16: =SUM(C16:N16) -> 232 | R16: 1300-1400 | S16: =SUM(C34:C37) -> 211 | T16: =SUM(D34:D37) -> 49 | U16: =SUM(E34:E37) -> 28 | V16: =SUM(F34:F37) -> 60 | W16: =SUM(G34:G37) -> 0 | X16: =SUM(H34:H37) -> 1 | Y16: =SUM(I34:I37) -> 25 | Z16: =SUM(J34:J37) -> 15 | ... AF16: =SUM(P34:P37) -> 797
B17: 08.45 - 9.00 | C17: 44 | D17: 5 | E17: 6 | F17: 17 | G17: 1 | H17: 0 | I17: 10 | J17: 1 | K17: 1 | L17: 1 | M17: 162 | N17: 0 | O17: =SUM(C17:L17,N17) -> 86 | P17: =SUM(C17:N17) -> 248 | R17: 1400-1500 | S17: =SUM(C38:C41) -> 180 | T17: =SUM(D38:D41) -> 31 | U17: =SUM(E38:E41) -> 30 | V17: =SUM(F38:F41) -> 57 | W17: =SUM(G38:G41) -> 3 | X17: =SUM(H38:H41) -> 0 | Y17: =SUM(I38:I41) -> 17 | Z17: =SUM(J38:J41) -> 12 | ... AF17: =SUM(P38:P41) -> 727
B18: 09.00 - 09.15 | C18: 35 | D18: 8 | E18: 3 | F18: 14 | G18: 0 | H18: 1 | I18: 0 | J18: 6 | K18: 0 | L18: 1 | M18: 141 | N18: 0 | O18: =SUM(C18:L18,N18) -> 68 | P18: =SUM(C18:N18) -> 209 | R18: 1500-1600 | S18: =SUM(C42:C45) -> 226 | T18: =SUM(D42:D45) -> 68 | U18: =SUM(E42:E45) -> 26 | V18: =SUM(F42:F45) -> 68 | W18: =SUM(G42:G45) -> 1 | X18: =SUM(H42:H45) -> 11 | Y18: =SUM(I42:I45) -> 14 | Z18: =SUM(J42:J45) -> 2 | ... AF18: =SUM(P42:P45) -> 817
B19: 09.15 - 09.30 | C19: 26 | D19: 8 | E19: 6 | F19: 8 | G19: 0 | H19: 0 | I19: 3 | J19: 0 | K19: 1 | L19: 1 | M19: 153 | N19: 0 | O19: =SUM(C19:L19,N19) -> 53 | P19: =SUM(C19:N19) -> 206 | R19: 1600-1700 | S19: =SUM(C46:C49) -> 320 | T19: =SUM(D46:D49) -> 85 | U19: =SUM(E46:E49) -> 39 | V19: =SUM(F46:F49) -> 73 | W19: =SUM(G46:G49) -> 1 | X19: =SUM(H46:H49) -> 0 | Y19: =SUM(I46:I49) -> 22 | Z19: =SUM(J46:J49) -> 4 | ... AF19: =SUM(P46:P49) -> 1023
B20: 09.30 - 09.45 | C20: 30 | D20: 9 | E20: 3 | F20: 20 | G20: 0 | H20: 6 | I20: 1 | J20: 0 | K20: 0 | L20: 0 | M20: 115 | N20: 0 | O20: =SUM(C20:L20,N20) -> 69 | P20: =SUM(C20:N20) -> 184 | R20: 1700-1800 | S20: =SUM(C50:C53) -> 418 | T20: =SUM(D50:D53) -> 119 | U20: =SUM(E50:E53) -> 60 | V20: =SUM(F50:F53) -> 80 | W20: =SUM(G50:G53) -> 7 | X20: =SUM(H50:H53) -> 0 | Y20: =SUM(I50:I53) -> 21 | Z20: =SUM(J50:J53) -> 4 | ... AF20: =SUM(P50:P53) -> 1219
B21: 09.45 - 10.00 | C21: 46 | D21: 7 | E21: 5 | F21: 10 | G21: 0 | H21: 0 | I21: 5 | J21: 3 | K21: 0 | L21: 0 | M21: 105 | N21: 0 | O21: =SUM(C21:L21,N21) -> 76 | P21: =SUM(C21:N21) -> 181 | R21: 1800-1900 | S21: =SUM(C54:C57) -> 440 | T21: =SUM(D54:D57) -> 141 | U21: =SUM(E54:E57) -> 91 | V21: =SUM(F54:F57) -> 139 | W21: =SUM(G54:G57) -> 3 | X21: =SUM(H54:H57) -> 5 | Y21: =SUM(I54:I57) -> 4 | Z21: =SUM(J54:J57) -> 8 | ... AF21: =SUM(P54:P57) -> 1487
B22: 10.00 - 10.15 | C22: 38 | D22: 15 | E22: 5 | F22: 12 | G22: 1 | H22: 0 | I22: 5 | J22: 1 | K22: 0 | L22: 0 | M22: 103 | N22: 0 | O22: =SUM(C22:L22,N22) -> 77 | P22: =SUM(C22:N22) -> 180 | R22: AM Peak Hr | S22: =MAX(S10:S12) -> 160 | T22: =MAX(T10:T12) -> 32 | U22: =MAX(U10:U12) -> 24 | V22: =MAX(V10:V12) -> 87 | W22: =MAX(W10:W12) -> 6 | X22: =MAX(X10:X12) -> 7 | Y22: =MAX(Y10:Y12) -> 27 | Z22: =MAX(Z10:Z12) -> 9 | ... AF22: =MAX(AF10:AF12) -> 923
B23: 10.15 - 10.30 | C23: 48 | D23: 5 | E23: 7 | F23: 12 | G23: 0 | H23: 0 | I23: 7 | J23: 1 | K23: 0 | L23: 0 | M23: 122 | N23: 0 | O23: =SUM(C23:L23,N23) -> 80 | P23: =SUM(C23:N23) -> 202 | R23: IP Peak Hr | S23: =MAX(S13:S18) -> 226 | T23: =MAX(T13:T18) -> 68 | U23: =MAX(U13:U18) -> 30 | V23: =MAX(V13:V18) -> 68 | W23: =MAX(W13:W18) -> 3 | X23: =MAX(X13:X18) -> 11 | Y23: =MAX(Y13:Y18) -> 25 | Z23: =MAX(Z13:Z18) -> 15 | ... AF23: =MAX(AF13:AF18) -> 845
B24: 10.30 - 10.45 | C24: 27 | D24: 10 | E24: 5 | F24: 12 | G24: 0 | H24: 7 | I24: 2 | J24: 3 | K24: 0 | L24: 0 | M24: 118 | N24: 0 | O24: =SUM(C24:L24,N24) -> 66 | P24: =SUM(C24:N24) -> 184 | R24: PM Peak Hr | S24: =MAX(S19:S21) -> 440 | T24: =MAX(T19:T21) -> 141 | U24: =MAX(U19:U21) -> 91 | V24: =MAX(V19:V21) -> 139 | W24: =MAX(W19:W21) -> 7 | X24: =MAX(X19:X21) -> 5 | Y24: =MAX(Y19:Y21) -> 22 | Z24: =MAX(Z19:Z21) -> 8 | ... AF24: =MAX(AF19:AF21) -> 1487
B25: 10.45 - 11.00 | C25: 20 | D25: 9 | E25: 5 | F25: 15 | G25: 0 | H25: 1 | I25: 0 | J25: 6 | K25: 1 | L25: 1 | M25: 98 | N25: 0 | O25: =SUM(C25:L25,N25) -> 58 | P25: =SUM(C25:N25) -> 156 | R25: AM Period | S25: =SUM(S10:S12) -> 442 | T25: =SUM(T10:T12) -> 89 | U25: =SUM(U10:U12) -> 64 | V25: =SUM(V10:V12) -> 206 | W25: =SUM(W10:W12) -> 7 | X25: =SUM(X10:X12) -> 9 | Y25: =SUM(Y10:Y12) -> 41 | Z25: =SUM(Z10:Z12) -> 19 | ... AF25: =SUM(AF10:AF12) -> 2480
B26: 11.00 - 11.15 | C26: 57 | D26: 10 | E26: 3 | F26: 17 | G26: 0 | H26: 8 | I26: 1 | J26: 0 | K26: 0 | L26: 0 | M26: 144 | N26: 0 | O26: =SUM(C26:L26,N26) -> 96 | P26: =SUM(C26:N26) -> 240 | R26: IP Period | S26: =SUM(S13:S18) -> 1110 | T26: =SUM(T13:T18) -> 269 | U26: =SUM(U13:U18) -> 163 | V26: =SUM(V13:V18) -> 355 | W26: =SUM(W13:W18) -> 7 | X26: =SUM(X13:X18) -> 36 | Y26: =SUM(Y13:Y18) -> 103 | Z26: =SUM(Z13:Z18) -> 55 | ... AF26: =SUM(AF13:AF18) -> 4675
B27: 11.15 - 11.30 | C27: 32 | D27: 10 | E27: 2 | F27: 12 | G27: 2 | H27: 1 | I27: 0 | J27: 0 | K27: 9 | L27: 3 | M27: 110 | N27: 0 | O27: =SUM(C27:L27,N27) -> 71 | P27: =SUM(C27:N27) -> 181 | R27: PM Period | S27: =SUM(S19:S21) -> 1178 | T27: =SUM(T19:T21) -> 345 | U27: =SUM(U19:U21) -> 190 | V27: =SUM(V19:V21) -> 292 | W27: =SUM(W19:W21) -> 11 | X27: =SUM(X19:X21) -> 5 | Y27: =SUM(Y19:Y21) -> 47 | Z27: =SUM(Z19:Z21) -> 16 | ... AF27: =SUM(AF19:AF21) -> 3729
B28: 11.30 - 11.45 | C28: 40 | D28: 7 | E28: 13 | F28: 16 | G28: 0 | H28: 0 | I28: 7 | J28: 2 | K28: 1 | L28: 0 | M28: 125 | N28: 0 | O28: =SUM(C28:L28,N28) -> 86 | P28: =SUM(C28:N28) -> 211 | R28: 12 Hours | S28: =SUM(S10:S21) -> 2730 | T28: =SUM(T10:T21) -> 703 | U28: =SUM(U10:U21) -> 417 | V28: =SUM(V10:V21) -> 853 | W28: =SUM(W10:W21) -> 25 | X28: =SUM(X10:X21) -> 50 | Y28: =SUM(Y10:Y21) -> 191 | Z28: =SUM(Z10:Z21) -> 90 | ... AF28: =SUM(AF10:AF21) -> 10884
B29: 11.45 - 12.00 | C29: 47 | D29: 9 | E29: 11 | F29: 21 | G29: 0 | H29: 2 | I29: 6 | J29: 1 | K29: 1 | L29: 0 | M29: 115 | N29: 0 | O29: =SUM(C29:L29,N29) -> 98 | P29: =SUM(C29:N29) -> 213
B30: 12.00 - 12.15 | C30: 50 | D30: 11 | E30: 7 | F30: 14 | G30: 0 | H30: 4 | I30: 5 | J30: 1 | K30: 1 | L30: 0 | M30: 112 | N30: 0 | O30: =SUM(C30:L30,N30) -> 93 | P30: =SUM(C30:N30) -> 205
B31: 12.15 - 12.30 | C31: 37 | D31: 6 | E31: 1 | F31: 15 | G31: 0 | H31: 0 | I31: 3 | J31: 2 | K31: 2 | L31: 0 | M31: 96 | N31: 0 | O31: =SUM(C31:L31,N31) -> 66 | P31: =SUM(C31:N31) -> 162
B32: 12.30 - 12.45 | C32: 55 | D32: 15 | E32: 13 | F32: 11 | G32: 0 | H32: 0 | I32: 11 | J32: 0 | K32: 0 | L32: 0 | M32: 100 | N32: 0 | O32: =SUM(C32:L32,N32) -> 105 | P32: =SUM(C32:N32) -> 205
B33: 12.45 - 13.00 | C33: 42 | D33: 14 | E33: 7 | F33: 13 | G33: 0 | H33: 1 | I33: 0 | J33: 9 | K33: 4 | L33: 1 | M33: 104 | N33: 0 | O33: =SUM(C33:L33,N33) -> 91 | P33: =SUM(C33:N33) -> 195
B34: 13.00 - 13.15 | C34: 67 | D34: 12 | E34: 10 | F34: 17 | G34: 0 | H34: 1 | I34: 5 | J34: 7 | K34: 1 | L34: 0 | M34: 101 | N34: 0 | O34: =SUM(C34:L34,N34) -> 120 | P34: =SUM(C34:N34) -> 221
B35: 13.15 - 13.30 | C35: 49 | D35: 9 | E35: 10 | F35: 11 | G35: 0 | H35: 0 | I35: 7 | J35: 4 | K35: 1 | L35: 1 | M35: 110 | N35: 0 | O35: =SUM(C35:L35,N35) -> 92 | P35: =SUM(C35:N35) -> 202
B36: 13.30 - 13.45 | C36: 36 | D36: 16 | E36: 2 | F36: 13 | G36: 0 | H36: 0 | I36: 5 | J36: 2 | K36: 0 | L36: 0 | M36: 110 | N36: 0 | O36: =SUM(C36:L36,N36) -> 74 | P36: =SUM(C36:N36) -> 184
B37: 13.45 - 14.00 | C37: 59 | D37: 12 | E37: 6 | F37: 19 | G37: 0 | H37: 0 | I37: 8 | J37: 2 | K37: 6 | L37: 0 | M37: 78 | N37: 0 | O37: =SUM(C37:L37,N37) -> 112 | P37: =SUM(C37:N37) -> 190
B38: 14.00 - 14.15 | C38: 39 | D38: 10 | E38: 10 | F38: 12 | G38: 0 | H38: 0 | I38: 2 | J38: 10 | K38: 1 | L38: 0 | M38: 95 | N38: 0 | O38: =SUM(C38:L38,N38) -> 84 | P38: =SUM(C38:N38) -> 179
B39: 14.15 - 14.30 | C39: 54 | D39: 11 | E39: 8 | F39: 17 | G39: 2 | H39: 0 | I39: 6 | J39: 0 | K39: 1 | L39: 1 | M39: 101 | N39: 0 | O39: =SUM(C39:L39,N39) -> 100 | P39: =SUM(C39:N39) -> 201
B40: 14.30 - 14.45 | C40: 41 | D40: 8 | E40: 6 | F40: 14 | G40: 0 | H40: 0 | I40: 4 | J40: 0 | K40: 0 | L40: 0 | M40: 105 | N40: 0 | O40: =SUM(C40:L40,N40) -> 73 | P40: =SUM(C40:N40) -> 178
... B57: 18.45 - 19.00 | C57: 112 | D57: 45 | E57: 30 | F57: 42 | G57: 0 | H57: 0 | I57: 4 | J57: 0 | K57: 1 | L57: 180 | M57: 0 | N57: 0 | O57: =SUM(C57:L57,N57) -> 414 | P57: =SUM(C57:N57) -> 414
B58: Totals | C58: =SUM(C10:C57) -> 2730 | D58: =SUM(D10:D57) -> 703 | E58: =SUM(E10:E57) -> 417 | F58: =SUM(F10:F57) -> 853 | G58: =SUM(G10:G57) -> 25 | H58: =SUM(H10:H57) -> 50 | I58: =SUM(I10:I57) -> 191 | J58: =SUM(J10:J57) -> 90 | ... P58: =SUM(P10:P57) -> 10884
B59: %ges + MCs | C59: =C58/$P$58 -> 0.2508269 | D59: =D58/$P$58 -> 0.064590224 | E59: =E58/$P$58 -> 0.03831312 | F59: =F58/$P$58 -> 0.078371922 | G59: =G58/$P$58 -> 0.0022969497 | H59: =H58/$P$58 -> 0.0045938993 | I59: =I58/$P$58 -> 0.017548695 | J59: =J58/$P$58 -> 0.0082690187 | ... N59: =N58/$P$58 -> 0
B60: %ges w/o MCs | C60: =C58/$O$58 -> 0.49963397 | D60: =D58/$O$58 -> 0.12866032 | E60: =E58/$O$58 -> 0.076317716 | F60: =F58/$O$58 -> 0.15611274 | G60: =G58/$O$58 -> 0.0045754026 | H60: =H58/$O$58 -> 0.0091508053 | I60: =I58/$O$58 -> 0.034956076 | J60: =J58/$O$58 -> 0.016471449 | ... L60: =L58/$O$58 -> 0.063140556 | N60: =N58/$O$58 -> 0

Sheet 02.08 NAMUGONGO-KIREKA
B1: Consultancy services for Preparation of Expressway Development Master Plan (EDMP) for Uganda
B2: MANUAL CLASSIFIED COUNT (MCC)
B3: ROAD NAME: | C3: ='01.08 NAMUGONGO-KIREKA'!C3:G3 -> MCC - C1 - STN039 - NAMUGONGO ROAD
C5: Date | D5: 02.08.19 | F5: Location | G5: ='01.08 NAMUGONGO-KIREKA'!G5:H5 -> AGENDA | J5: Surveyor | K5: ='01.08 NAMUGONGO-KIREKA'!K5:L5 -> STEVEN
C6: Dir. From | D6: ='01.08 NAMUGONGO-KIREKA'!D6:E6 -> NAMUGONGO | F6: Dir. To | J6: Supervisor | K6: ='01.08 NAMUGONGO-KIREKA'!K6:L6 -> NAIDO GRACE BRENDA
B8: Time / Veh Type | R8: SUMMARY TRAFFIC VOLUMES
C9: 1. Car | D9: 2. Station Wagon | E9: 3. Pickups | F9: 4. Minibus, matatu | G9: 5. Medium bus | H9: 6. Large Bus | I9: 7. Light Truck | J9: 8. Medium Truck | K9: 9. Heavy truck | L9: 10. Truck Trailer | M9: 11. Motor cycles | N9: 12. Tractors | O9: Total Excl M/Cycles | P9: Total All | R9: Time | S9: 1. Car | T9: 2. Station Wagon | U9: 3. Pickups | V9: 4. Minibus, matatu | W9: 5. Medium bus | X9: 6. Large Bus | Y9: 7. Light Truck | Z9: 8. Medium Truck | AA9: 9. Heavy truck | AB9: 10. Truck Trailer | AC9: 11. Motorcycles | AD9: 12. Tractors, Graders | AE9: Total Excl M/ Cycles | AF9: Total All
B10: 07.00 - 07.15 | C10: 130 | D10: 8 | E10: 6 | F10: 15 | G10: 0 | H10: 0 | I10: 0 | J10: 0 | K10: 1 | L10: 0 | M10: 151 | N10: 0 | O10: =SUM(C10:L10,N10) -> 160 | P10: =SUM(C10:N10) -> 311 | R10: 0700-0800 | S10: =SUM(C10:C13) -> 400 | T10: =SUM(D10:D13) -> 43 | U10: =SUM(E10:E13) -> 35 | V10: =SUM(F10:F13) -> 105 | W10: =SUM(G10:G13) -> 2 | X10: =SUM(H10:H13) -> 0 | Y10: =SUM(I10:I13) -> 18 | Z10: =SUM(J10:J13) -> 6 | ... AF10: =SUM(P10:P13) -> 1265
B11: 07.15 - 07.30 | C11: 100 | D11: 13 | E11: 1 | F11: 30 | G11: 2 | H11: 0 | I11: 2 | J11: 0 | K11: 0 | L11: 0 | M11: 138 | N11: 0 | O11: =SUM(C11:L11,N11) -> 148 | P11: =SUM(C11:N11) -> 286 | R11: 0800-0900 | S11: =SUM(C14:C17) -> 407 | T11: =SUM(D14:D17) -> 60 | U11: =SUM(E14:E17) -> 36 | V11: =SUM(F14:F17) -> 136 | W11: =SUM(G14:G17) -> 1 | X11: =SUM(H14:H17) -> 0 | Y11: =SUM(I14:I17) -> 9 | Z11: =SUM(J14:J17) -> 13 | ... AF11: =SUM(P14:P17) -> 1349
B12: 07.30 - 07.45 | C12: 90 | D12: 11 | E12: 15 | F12: 30 | G12: 0 | H12: 0 | I12: 8 | J12: 3 | K12: 2 | L12: 1 | M12: 205 | N12: 0 | O12: =SUM(C12:L12,N12) -> 160 | P12: =SUM(C12:N12) -> 365 | R12: 0900-1000 | S12: =SUM(C18:C21) -> 237 | T12: =SUM(D18:D21) -> 55 | U12: =SUM(E18:E21) -> 50 | V12: =SUM(F18:F21) -> 105 | W12: =SUM(G18:G21) -> 4 | X12: =SUM(H18:H21) -> 0 | Y12: =SUM(I18:I21) -> 12 | Z12: =SUM(J18:J21) -> 15 | ... AF12: =SUM(P18:P21) -> 1057
B13: 07.45 - 08.00 | C13: 80 | D13: 11 | E13: 13 | F13: 30 | G13: 0 | H13: 0 | I13: 8 | J13: 3 | K13: 2 | L13: 1 | M13: 155 | N13: 0 | O13: =SUM(C13:L13,N13) -> 148 | P13: =SUM(C13:N13) -> 303 | R13: 1000-1100 | S13: =SUM(C22:C25) -> 207 | T13: =SUM(D22:D25) -> 15 | U13: =SUM(E22:E25) -> 27 | V13: =SUM(F22:F25) -> 65 | W13: =SUM(G22:G25) -> 13 | X13: =SUM(H22:H25) -> 2 | Y13: =SUM(I22:I25) -> 20 | Z13: =SUM(J22:J25) -> 7 | ... AF13: =SUM(P22:P25) -> 900
B14: 08.00 - 08.15 | C14: 95 | D14: 12 | E14: 12 | F14: 31 | G14: 0 | H14: 0 | I14: 0 | J14: 1 | K14: 6 | L14: 1 | M14: 189 | N14: 0 | O14: =SUM(C14:L14,N14) -> 158 | P14: =SUM(C14:N14) -> 347 | R14: 1100-1200 | S14: =SUM(C26:C29) -> 195 | T14: =SUM(D26:D29) -> 19 | U14: =SUM(E26:E29) -> 42 | V14: =SUM(F26:F29) -> 68 | W14: =SUM(G26:G29) -> 5 | X14: =SUM(H26:H29) -> 7 | Y14: =SUM(I26:I29) -> 17 | Z14: =SUM(J26:J29) -> 15 | ... AF14: =SUM(P26:P29) -> 908
B15: 08.15 - 08.30 | C15: 99 | D15: 18 | E15: 4 | F15: 48 | G15: 0 | H15: 0 | I15: 7 | J15: 2 | K15: 1 | L15: 0 | M15: 185 | N15: 0 | O15: =SUM(C15:L15,N15) -> 179 | P15: =SUM(C15:N15) -> 364 | R15: 1200-1300 | S15: =SUM(C30:C33) -> 185 | T15: =SUM(D30:D33) -> 30 | U15: =SUM(E30:E33) -> 32 | V15: =SUM(F30:F33) -> 82 | W15: =SUM(G30:G33) -> 3 | X15: =SUM(H30:H33) -> 2 | Y15: =SUM(I30:I33) -> 27 | Z15: =SUM(J30:J33) -> 11 | ... AF15: =SUM(P30:P33) -> 832
B16: 08.30 - 08.45 | C16: 102 | D16: 8 | E16: 11 | F16: 24 | G16: 0 | H16: 0 | I16: 0 | J16: 7 | K16: 2 | L16: 1 | M16: 143 | N16: 0 | O16: =SUM(C16:L16,N16) -> 155 | P16: =SUM(C16:N16) -> 298 | R16: 1300-1400 | S16: =SUM(C34:C37) -> 154 | T16: =SUM(D34:D37) -> 23 | U16: =SUM(E34:E37) -> 16 | V16: =SUM(F34:F37) -> 83 | W16: =SUM(G34:G37) -> 2 | X16: =SUM(H34:H37) -> 0 | Y16: =SUM(I34:I37) -> 32 | Z16: =SUM(J34:J37) -> 6 | ... AF16: =SUM(P34:P37) -> 714
B17: 08.45 - 9.00 | C17: 111 | D17: 22 | E17: 9 | F17: 33 | G17: 1 | H17: 0 | I17: 2 | J17: 3 | K17: 0 | L17: 0 | M17: 159 | N17: 0 | O17: =SUM(C17:L17,N17) -> 181 | P17: =SUM(C17:N17) -> 340 | R17: 1400-1500 | S17: =SUM(C38:C41) -> 174 | T17: =SUM(D38:D41) -> 16 | U17: =SUM(E38:E41) -> 31 | V17: =SUM(F38:F41) -> 87 | W17: =SUM(G38:G41) -> 4 | X17: =SUM(H38:H41) -> 2 | Y17: =SUM(I38:I41) -> 13 | Z17: =SUM(J38:J41) -> 18 | ... AF17: =SUM(P38:P41) -> 826
B18: 09.00 - 09.15 | C18: 83 | D18: 23 | E18: 24 | F18: 28 | G18: 0 | H18: 0 | I18: 11 | J18: 1 | K18: 0 | L18: 0 | M18: 144 | N18: 0 | O18: =SUM(C18:L18,N18) -> 170 | P18: =SUM(C18:N18) -> 314 | R18: 1500-1600 | S18: =SUM(C42:C45) -> 214 | T18: =SUM(D42:D45) -> 25 | U18: =SUM(E42:E45) -> 52 | V18: =SUM(F42:F45) -> 73 | W18: =SUM(G42:G45) -> 1 | X18: =SUM(H42:H45) -> 1 | Y18: =SUM(I42:I45) -> 20 | Z18: =SUM(J42:J45) -> 14 | ... AF18: =SUM(P42:P45) -> 873
B19: 09.15 - 09.30 | C19: 52 | D19: 8 | E19: 12 | F19: 34 | G19: 0 | H19: 0 | I19: 0 | J19: 7 | K19: 4 | L19: 0 | M19: 134 | N19: 0 | O19: =SUM(C19:L19,N19) -> 117 | P19: =SUM(C19:N19) -> 251 | R19: 1600-1700 | S19: =SUM(C46:C49) -> 217 | T19: =SUM(D46:D49) -> 21 | U19: =SUM(E46:E49) -> 32 | V19: =SUM(F46:F49) -> 73 | W19: =SUM(G46:G49) -> 2 | X19: =SUM(H46:H49) -> 0 | Y19: =SUM(I46:I49) -> 31 | Z19: =SUM(J46:J49) -> 7 | ... AF19: =SUM(P46:P49) -> 865
B20: 09.30 - 09.45 | C20: 50 | D20: 9 | E20: 6 | F20: 22 | G20: 2 | H20: 0 | I20: 0 | J20: 7 | K20: 4 | L20: 0 | M20: 148 | N20: 0 | O20: =SUM(C20:L20,N20) -> 100 | P20: =SUM(C20:N20) -> 248 | R20: 1700-1800 | S20: =SUM(C50:C53) -> 222 | T20: =SUM(D50:D53) -> 32 | U20: =SUM(E50:E53) -> 42 | V20: =SUM(F50:F53) -> 84 | W20: =SUM(G50:G53) -> 9 | X20: =SUM(H50:H53) -> 0 | Y20: =SUM(I50:I53) -> 11 | Z20: =SUM(J50:J53) -> 19 | ... AF20: =SUM(P50:P53) -> 930
B21: 09.45 - 10.00 | C21: 52 | D21: 15 | E21: 8 | F21: 21 | G21: 2 | H21: 0 | I21: 1 | J21: 0 | K21: 8 | L21: 5 | M21: 132 | N21: 0 | O21: =SUM(C21:L21,N21) -> 112 | P21: =SUM(C21:N21) -> 244 | R21: 1800-1900 | S21: =SUM(C54:C57) -> 197 | T21: =SUM(D54:D57) -> 31 | U21: =SUM(E54:E57) -> 39 | V21: =SUM(F54:F57) -> 113 | W21: =SUM(G54:G57) -> 4 | X21: =SUM(H54:H57) -> 5 | Y21: =SUM(I54:I57) -> 6 | Z21: =SUM(J54:J57) -> 12 | ... AF21: =SUM(P54:P57) -> 1011
B22: 10.00 - 10.15 | C22: 45 | D22: 0 | E22: 4 | F22: 19 | G22: 3 | H22: 2 | I22: 0 | J22: 2 | K22: 10 | L22: 2 | M22: 146 | N22: 0 | O22: =SUM(C22:L22,N22) -> 87 | P22: =SUM(C22:N22) -> 233 | R22: AM Peak Hr | S22: =MAX(S10:S12) -> 407 | T22: =MAX(T10:T12) -> 60 | U22: =MAX(U10:U12) -> 50 | V22: =MAX(V10:V12) -> 136 | W22: =MAX(W10:W12) -> 4 | X22: =MAX(X10:X12) -> 0 | Y22: =MAX(Y10:Y12) -> 18 | Z22: =MAX(Z10:Z12) -> 15 | ... AF22: =MAX(AF10:AF12) -> 1349
B23: 10.15 - 10.30 | C23: 65 | D23: 4 | E23: 10 | F23: 17 | G23: 0 | H23: 0 | I23: 10 | J23: 1 | K23: 2 | L23: 0 | M23: 130 | N23: 0 | O23: =SUM(C23:L23,N23) -> 109 | P23: =SUM(C23:N23) -> 239 | R23: IP Peak Hr | S23: =MAX(S13:S18) -> 214 | T23: =MAX(T13:T18) -> 30 | U23: =MAX(U13:U18) -> 52 | V23: =MAX(V13:V18) -> 87 | W23: =MAX(W13:W18) -> 13 | X23: =MAX(X13:X18) -> 7 | Y23: =MAX(Y13:Y18) -> 32 | Z23: =MAX(Z13:Z18) -> 18 | ... AF23: =MAX(AF13:AF18) -> 908
B24: 10.30 - 10.45 | C24: 49 | D24: 1 | E24: 6 | F24: 5 | G24: 1 | H24: 0 | I24: 7 | J24: 2 | K24: 0 | L24: 1 | M24: 126 | N24: 0 | O24: =SUM(C24:L24,N24) -> 72 | P24: =SUM(C24:N24) -> 198 | R24: PM Peak Hr | S24: =MAX(S19:S21) -> 222 | T24: =MAX(T19:T21) -> 32 | U24: =MAX(U19:U21) -> 42 | V24: =MAX(V19:V21) -> 113 | W24: =MAX(W19:W21) -> 9 | X24: =MAX(X19:X21) -> 5 | Y24: =MAX(Y19:Y21) -> 31 | Z24: =MAX(Z19:Z21) -> 19 | ... AF24: =MAX(AF19:AF21) -> 1011
B25: 10.45 - 11.00 | C25: 48 | D25: 10 | E25: 7 | F25: 24 | G25: 9 | H25: 0 | I25: 3 | J25: 2 | K25: 2 | L25: 0 | M25: 125 | N25: 0 | O25: =SUM(C25:L25,N25) -> 105 | P25: =SUM(C25:N25) -> 230 | R25: AM Period | S25: =SUM(S10:S12) -> 1044 | T25: =SUM(T10:T12) -> 158 | U25: =SUM(U10:U12) -> 121 | V25: =SUM(V10:V12) -> 346 | W25: =SUM(W10:W12) -> 7 | X25: =SUM(X10:X12) -> 0 | Y25: =SUM(Y10:Y12) -> 39 | Z25: =SUM(Z10:Z12) -> 34 | ... AF25: =SUM(AF10:AF12) -> 3671
B26: 11.00 - 11.15 | C26: 45 | D26: 6 | E26: 20 | F26: 0 | G26: 0 | H26: 7 | I26: 1 | J26: 2 | K26: 0 | L26: 0 | M26: 145 | N26: 0 | O26: =SUM(C26:L26,N26) -> 81 | P26: =SUM(C26:N26) -> 226 | R26: IP Period | S26: =SUM(S13:S18) -> 1129 | T26: =SUM(T13:T18) -> 128 | U26: =SUM(U13:U18) -> 200 | V26: =SUM(V13:V18) -> 458 | W26: =SUM(W13:W18) -> 28 | X26: =SUM(X13:X18) -> 14 | Y26: =SUM(Y13:Y18) -> 129 | Z26: =SUM(Z13:Z18) -> 71 | ... AF26: =SUM(AF13:AF18) -> 5053
B27: 11.15 - 11.30 | C27: 60 | D27: 8 | E27: 8 | F27: 26 | G27: 1 | H27: 0 | I27: 0 | J27: 8 | L27: 3 | M27: 135 | N27: 0 | O27: =SUM(C27:L27,N27) -> 114 | P27: =SUM(C27:N27) -> 249 | R27: PM Period | S27: =SUM(S19:S21) -> 636 | T27: =SUM(T19:T21) -> 84 | U27: =SUM(U19:U21) -> 113 | V27: =SUM(V19:V21) -> 270 | W27: =SUM(W19:W21) -> 15 | X27: =SUM(X19:X21) -> 5 | Y27: =SUM(Y19:Y21) -> 48 | Z27: =SUM(Z19:Z21) -> 38 | ... AF27: =SUM(AF19:AF21) -> 2806
B28: 11.30 - 11.45 | C28: 40 | D28: 2 | E28: 11 | F28: 18 | G28: 2 | H28: 0 | I28: 6 | J28: 4 | K28: 2 | L28: 0 | M28: 126 | N28: 0 | O28: =SUM(C28:L28,N28) -> 85 | P28: =SUM(C28:N28) -> 211 | R28: 12 Hours | S28: =SUM(S10:S21) -> 2809 | T28: =SUM(T10:T21) -> 370 | U28: =SUM(U10:U21) -> 434 | V28: =SUM(V10:V21) -> 1074 | W28: =SUM(W10:W21) -> 50 | X28: =SUM(X10:X21) -> 19 | Y28: =SUM(Y10:Y21) -> 216 | Z28: =SUM(Z10:Z21) -> 143 | ... AF28: =SUM(AF10:AF21) -> 11530
B29: 11.45 - 12.00 | C29: 50 | D29: 3 | E29: 3 | F29: 24 | G29: 2 | H29: 0 | I29: 10 | J29: 1 | K29: 2 | L29: 0 | M29: 127 | N29: 0 | O29: =SUM(C29:L29,N29) -> 95 | P29: =SUM(C29:N29) -> 222
B30: 12.00 - 12.15 | C30: 57 | D30: 14 | E30: 11 | F30: 24 | G30: 0 | H30: 2 | I30: 2 | J30: 4 | K30: 0 | L30: 0 | M30: 114 | N30: 0 | O30: =SUM(C30:L30,N30) -> 114 | P30: =SUM(C30:N30) -> 228
B31: 12.15 - 12.30 | C31: 39 | D31: 6 | E31: 12 | F31: 21 | G31: 0 | H31: 0 | I31: 9 | J31: 1 | K31: 1 | L31: 0 | M31: 128 | N31: 0 | O31: =SUM(C31:L31,N31) -> 89 | P31: =SUM(C31:N31) -> 217
B32: 12.30 - 12.45 | C32: 35 | D32: 6 | E32: 5 | F32: 19 | G32: 1 | H32: 0 | I32: 7 | J32: 3 | K32: 1 | L32: 0 | M32: 106 | N32: 0 | O32: =SUM(C32:L32,N32) -> 77 | P32: =SUM(C32:N32) -> 183
B33: 12.45 - 13.00 | C33: 54 | D33: 4 | E33: 4 | F33: 18 | G33: 2 | H33: 0 | I33: 9 | J33: 3 | K33: 0 | L33: 0 | M33: 110 | N33: 0 | O33: =SUM(C33:L33,N33) -> 94 | P33: =SUM(C33:N33) -> 204
B34: 13.00 - 13.15 | C34: 40 | D34: 8 | E34: 4 | F34: 23 | G34: 2 | H34: 0 | I34: 9 | J34: 1 | K34: 0 | L34: 0 | M34: 116 | N34: 0 | O34: =SUM(C34:L34,N34) -> 87 | P34: =SUM(C34:N34) -> 203
B35: 13.15 - 13.30 | C35: 47 | D35: 3 | E35: 5 | F35: 18 | G35: 0 | H35: 0 | I35: 7 | J35: 1 | K35: 1 | L35: 0 | M35: 116 | N35: 0 | O35: =SUM(C35:L35,N35) -> 82 | P35: =SUM(C35:N35) -> 198
B36: 13.30 - 13.45 | C36: 25 | D36: 3 | E36: 4 | F36: 26 | G36: 0 | H36: 0 | I36: 8 | J36: 2 | K36: 1 | L36: 0 | M36: 79 | N36: 0 | O36: =SUM(C36:L36,N36) -> 69 | P36: =SUM(C36:N36) -> 148
B37: 13.45 - 14.00 | C37: 42 | D37: 9 | E37: 3 | F37: 16 | G37: 0 | H37: 0 | I37: 8 | J37: 2 | K37: 1 | L37: 1 | M37: 83 | N37: 0 | O37: =SUM(C37:L37,N37) -> 82 | P37: =SUM(C37:N37) -> 165
B38: 14.00 - 14.15 | C38: 43 | D38: 4 | E38: 4 | F38: 20 | G38: 0 | H38: 2 | I38: 0 | J38: 0 | K38: 1 | L38: 0 | M38: 117 | N38: 0 | O38: =SUM(C38:L38,N38) -> 74 | P38: =SUM(C38:N38) -> 191
B39: 14.15 - 14.30 | C39: 50 | D39: 6 | E39: 10 | F39: 26 | G39: 0 | H39: 0 | I39: 5 | J39: 4 | K39: 2 | L39: 0 | M39: 124 | N39: 0 | O39: =SUM(C39:L39,N39) -> 103 | P39: =SUM(C39:N39) -> 227
B40: 14.30 - 14.45 | C40: 40 | D40: 5 | E40: 8 | F40: 21 | G40: 1 | H40: 0 | I40: 0 | J40: 11 | K40: 3 | L40: 1 | M40: 110 | N40: 1 | O40: =SUM(C40:L40,N40) -> 91 | P40: =SUM(C40:N40) -> 201
... B57: 18.45 - 19.00 | C57: 49 | D57: 4 | E57: 6 | F57: 22 | G57: 2 | H57: 0 | I57: 0 | J57: 8 | K57: 1 | L57: 0 | M57: 150 | N57: 0 | O57: =SUM(C57:L57,N57) -> 92 | P57: =SUM(C57:N57) -> 242
B58: Totals | C58: =SUM(C10:C57) -> 2809 | D58: =SUM(D10:D57) -> 370 | E58: =SUM(E10:E57) -> 434 | F58: =SUM(F10:F57) -> 1074 | G58: =SUM(G10:G57) -> 50 | H58: =SUM(H10:H57) -> 19 | I58: =SUM(I10:I57) -> 216 | J58: =SUM(J10:J57) -> 143 | ... P58: =SUM(P10:P57) -> 11530
B59: %ges + MCs | C59: =C58/$P$58 -> 0.24362533 | D59: =D58/$P$58 -> 0.032090199 | E59: =E58/$P$58 -> 0.037640937 | F59: =F58/$P$58 -> 0.093148309 | G59: =G58/$P$58 -> 0.0043365134 | H59: =H58/$P$58 -> 0.0016478751 | I59: =I58/$P$58 -> 0.018733738 | J59: =J58/$P$58 -> 0.012402428 | ... N59: =N58/$P$58 -> 8.6730269e-05
B60: %ges w/o MCs | C60: =C58/$O$58 -> 0.53853528 | D60: =D58/$O$58 -> 0.070935583 | E60: =E58/$O$58 -> 0.083205521 | F60: =F58/$O$58 -> 0.20590491 | G60: =G58/$O$58 -> 0.0095858896 | H60: =H58/$O$58 -> 0.003642638 | I60: =I58/$O$58 -> 0.041411043 | J60: =J58/$O$58 -> 0.027415644 | ... L60: =L58/$O$58 -> 0.0044095092 | N60: =N58/$O$58 -> 0.00019171779

Sheet 02.08 KIREKA-NAMUGONGO
B1: Consultancy services for Preparation of Expressway Development Master Plan (EDMP) for Uganda
B2: MANUAL CLASSIFIED COUNT (MCC)
B3: ROAD NAME: | C3: ='01.08 KIREKA-NAMUGONGO'!C3:G3 -> MCC - C1 - STN039 - NAMUGONGO ROAD
C5: Date | D5: ='02.08 NAMUGONGO-KIREKA'!D5 -> 02.08.19 | F5: Location | G5: ='01.08 NAMUGONGO-KIREKA'!G5:H5 -> AGENDA | J5: Surveyor | K5: ='01.08 NAMUGONGO-KIREKA'!K5:L5 -> STEVEN
C6: Dir. From | D6: ='01.08 KIREKA-NAMUGONGO'!D6:E6 -> KIREKA | F6: Dir. To | G6: ='01.08 KIREKA-NAMUGONGO'!G6:H6 -> NAMUGONGO | J6: Supervisor | K6: ='01.08 NAMUGONGO-KIREKA'!K6:L6 -> NAIDO GRACE BRENDA
B8: Time / Veh Type | R8: SUMMARY TRAFFIC VOLUMES
C9: 1. Car | D9: 2. Station Wagon | E9: 3. Pickups | F9: 4. Minibus, matatu | G9: 5. Medium bus | H9: 6. Large Bus | I9: 7. Light Truck | J9: 8. Medium Truck | K9: 9. Heavy truck | L9: 10. Truck Trailer | M9: 11. Motor cycles | N9: 12. Tractors | O9: Total Excl M/Cycles | P9: Total All | R9: Time | S9: 1. Car | T9: 2. Station Wagon | U9: 3. Pickups | V9: 4. Minibus, matatu | W9: 5. Medium bus | X9: 6. Large Bus | Y9: 7. Light Truck | Z9: 8. Medium Truck | AA9: 9. Heavy truck | AB9: 10. Truck Trailer | AC9: 11. Motorcycles | AD9: 12. Tractors, Graders | AE9: Total Excl M/ Cycles | AF9: Total All
B10: 07.00 - 07.15 | C10: 12 | D10: 3 | E10: 4 | F10: 8 | G10: 0 | H10: 1 | I10: 0 | J10: 4 | K10: 2 | L10: 4 | M10: 115 | N10: 0 | O10: =SUM(C10:L10,N10) -> 38 | P10: =SUM(C10:N10) -> 153 | R10: 0700-0800 | S10: =SUM(C10:C13) -> 140 | T10: =SUM(D10:D13) -> 34 | U10: =SUM(E10:E13) -> 32 | V10: =SUM(F10:F13) -> 56 | W10: =SUM(G10:G13) -> 1 | X10: =SUM(H10:H13) -> 1 | Y10: =SUM(I10:I13) -> 14 | Z10: =SUM(J10:J13) -> 10 | ... AF10: =SUM(P10:P13) -> 808
B11: 07.15 - 07.30 | C11: 45 | D11: 12 | E11: 7 | F11: 16 | G11: 0 | H11: 0 | I11: 5 | J11: 1 | K11: 0 | L11: 2 | M11: 120 | N11: 0 | O11: =SUM(C11:L11,N11) -> 88 | P11: =SUM(C11:N11) -> 208 | R11: 0800-0900 | S11: =SUM(C14:C17) -> 163 | T11: =SUM(D14:D17) -> 36 | U11: =SUM(E14:E17) -> 26 | V11: =SUM(F14:F17) -> 65 | W11: =SUM(G14:G17) -> 0 | X11: =SUM(H14:H17) -> 16 | Y11: =SUM(I14:I17) -> 8 | Z11: =SUM(J14:J17) -> 10 | ... AF11: =SUM(P14:P17) -> 1015
B12: 07.30 - 07.45 | C12: 43 | D12: 10 | E12: 9 | F12: 14 | G12: 1 | H12: 0 | I12: 2 | J12: 3 | K12: 1 | L12: 1 | M12: 106 | N12: 0 | O12: =SUM(C12:L12,N12) -> 84 | P12: =SUM(C12:N12) -> 190 | R12: 0900-1000 | S12: =SUM(C18:C21) -> 143 | T12: =SUM(D18:D21) -> 25 | U12: =SUM(E18:E21) -> 26 | V12: =SUM(F18:F21) -> 61 | W12: =SUM(G18:G21) -> 0 | X12: =SUM(H18:H21) -> 0 | Y12: =SUM(I18:I21) -> 20 | Z12: =SUM(J18:J21) -> 6 | ... AF12: =SUM(P18:P21) -> 826
B13: 07.45 - 08.00 | C13: 40 | D13: 9 | E13: 12 | F13: 18 | G13: 0 | H13: 0 | I13: 7 | J13: 2 | K13: 1 | L13: 1 | M13: 167 | N13: 0 | O13: =SUM(C13:L13,N13) -> 90 | P13: =SUM(C13:N13) -> 257 | R13: 1000-1100 | S13: =SUM(C22:C25) -> 160 | T13: =SUM(D22:D25) -> 80 | U13: =SUM(E22:E25) -> 34 | V13: =SUM(F22:F25) -> 59 | W13: =SUM(G22:G25) -> 0 | X13: =SUM(H22:H25) -> 0 | Y13: =SUM(I22:I25) -> 31 | Z13: =SUM(J22:J25) -> 13 | ... AF13: =SUM(P22:P25) -> 971
B14: 08.00 - 08.15 | C14: 42 | D14: 6 | E14: 5 | F14: 17 | G14: 0 | H14: 8 | I14: 1 | J14: 1 | K14: 0 | L14: 0 | M14: 160 | N14: 0 | O14: =SUM(C14:L14,N14) -> 80 | P14: =SUM(C14:N14) -> 240 | R14: 1100-1200 | S14: =SUM(C26:C29) -> 177 | T14: =SUM(D26:D29) -> 24 | U14: =SUM(E26:E29) -> 35 | V14: =SUM(F26:F29) -> 58 | W14: =SUM(G26:G29) -> 0 | X14: =SUM(H26:H29) -> 0 | Y14: =SUM(I26:I29) -> 36 | Z14: =SUM(J26:J29) -> 4 | ... AF14: =SUM(P26:P29) -> 893
B15: 08.15 - 08.30 | C15: 38 | D15: 12 | E15: 7 | F15: 17 | G15: 0 | H15: 4 | I15: 2 | J15: 6 | K15: 0 | L15: 0 | M15: 185 | N15: 0 | O15: =SUM(C15:L15,N15) -> 86 | P15: =SUM(C15:N15) -> 271 | R15: 1200-1300 | S15: =SUM(C30:C33) -> 184 | T15: =SUM(D30:D33) -> 43 | U15: =SUM(E30:E33) -> 36 | V15: =SUM(F30:F33) -> 69 | W15: =SUM(G30:G33) -> 0 | X15: =SUM(H30:H33) -> 0 | Y15: =SUM(I30:I33) -> 31 | Z15: =SUM(J30:J33) -> 10 | ... AF15: =SUM(P30:P33) -> 863
B16: 08.30 - 08.45 | C16: 47 | D16: 10 | E16: 4 | F16: 17 | G16: 0 | H16: 0 | I16: 4 | J16: 2 | K16: 0 | L16: 0 | M16: 179 | N16: 0 | O16: =SUM(C16:L16,N16) -> 84 | P16: =SUM(C16:N16) -> 263 | R16: 1300-1400 | S16: =SUM(C34:C37) -> 166 | T16: =SUM(D34:D37) -> 34 | U16: =SUM(E34:E37) -> 41 | V16: =SUM(F34:F37) -> 70 | W16: =SUM(G34:G37) -> 5 | X16: =SUM(H34:H37) -> 1 | Y16: =SUM(I34:I37) -> 15 | Z16: =SUM(J34:J37) -> 18 | ... AF16: =SUM(P34:P37) -> 803
B17: 08.45 - 9.00 | C17: 36 | D17: 8 | E17: 10 | F17: 14 | G17: 0 | H17: 4 | I17: 1 | J17: 1 | K17: 0 | L17: 0 | M17: 167 | N17: 0 | O17: =SUM(C17:L17,N17) -> 74 | P17: =SUM(C17:N17) -> 241 | R17: 1400-1500 | S17: =SUM(C38:C41) -> 198 | T17: =SUM(D38:D41) -> 38 | U17: =SUM(E38:E41) -> 39 | V17: =SUM(F38:F41) -> 62 | W17: =SUM(G38:G41) -> 4 | X17: =SUM(H38:H41) -> 0 | Y17: =SUM(I38:I41) -> 27 | Z17: =SUM(J38:J41) -> 10 | ... AF17: =SUM(P38:P41) -> 858
B18: 09.00 - 09.15 | C18: 28 | D18: 7 | E18: 4 | F18: 15 | G18: 0 | H18: 0 | I18: 6 | J18: 2 | K18: 1 | L18: 0 | M18: 131 | N18: 0 | O18: =SUM(C18:L18,N18) -> 63 | P18: =SUM(C18:N18) -> 194 | R18: 1500-1600 | S18: =SUM(C42:C45) -> 218 | T18: =SUM(D42:D45) -> 52 | U18: =SUM(E42:E45) -> 48 | V18: =SUM(F42:F45) -> 69 | W18: =SUM(G42:G45) -> 0 | X18: =SUM(H42:H45) -> 1 | Y18: =SUM(I42:I45) -> 30 | Z18: =SUM(J42:J45) -> 15 | ... AF18: =SUM(P42:P45) -> 932
B19: 09.15 - 09.30 | C19: 34 | D19: 6 | E19: 7 | F19: 13 | G19: 0 | H19: 0 | I19: 3 | J19: 0 | K19: 1 | L19: 0 | M19: 114 | N19: 0 | O19: =SUM(C19:L19,N19) -> 64 | P19: =SUM(C19:N19) -> 178 | R19: 1600-1700 | S19: =SUM(C46:C49) -> 237 | T19: =SUM(D46:D49) -> 67 | U19: =SUM(E46:E49) -> 49 | V19: =SUM(F46:F49) -> 74 | W19: =SUM(G46:G49) -> 2 | X19: =SUM(H46:H49) -> 8 | Y19: =SUM(I46:I49) -> 23 | Z19: =SUM(J46:J49) -> 7 | ... AF19: =SUM(P46:P49) -> 954
B20: 09.30 - 09.45 | C20: 40 | D20: 8 | E20: 6 | F20: 17 | G20: 0 | H20: 0 | I20: 7 | J20: 3 | K20: 2 | L20: 0 | M20: 141 | N20: 0 | O20: =SUM(C20:L20,N20) -> 83 | P20: =SUM(C20:N20) -> 224 | R20: 1700-1800 | S20: =SUM(C50:C53) -> 317 | T20: =SUM(D50:D53) -> 126 | U20: =SUM(E50:E53) -> 69 | V20: =SUM(F50:F53) -> 87 | W20: =SUM(G50:G53) -> 14 | X20: =SUM(H50:H53) -> 0 | Y20: =SUM(I50:I53) -> 19 | Z20: =SUM(J50:J53) -> 20 | ... AF20: =SUM(P50:P53) -> 1247
B21: 09.45 - 10.00 | C21: 41 | D21: 4 | E21: 9 | F21: 16 | G21: 0 | H21: 0 | I21: 4 | J21: 1 | K21: 0 | L21: 0 | M21: 155 | N21: 0 | O21: =SUM(C21:L21,N21) -> 75 | P21: =SUM(C21:N21) -> 230 | R21: 1800-1900 | S21: =SUM(C54:C57) -> 340 | T21: =SUM(D54:D57) -> 113 | U21: =SUM(E54:E57) -> 64 | V21: =SUM(F54:F57) -> 68 | W21: =SUM(G54:G57) -> 3 | X21: =SUM(H54:H57) -> 5 | Y21: =SUM(I54:I57) -> 15 | Z21: =SUM(J54:J57) -> 6 | ... AF21: =SUM(P54:P57) -> 1235
B22: 10.00 - 10.15 | C22: 50 | D22: 8 | E22: 9 | F22: 18 | G22: 0 | H22: 0 | I22: 9 | J22: 5 | K22: 0 | L22: 0 | M22: 155 | N22: 0 | O22: =SUM(C22:L22,N22) -> 99 | P22: =SUM(C22:N22) -> 254 | R22: AM Peak Hr | S22: =MAX(S10:S12) -> 163 | T22: =MAX(T10:T12) -> 36 | U22: =MAX(U10:U12) -> 32 | V22: =MAX(V10:V12) -> 65 | W22: =MAX(W10:W12) -> 1 | X22: =MAX(X10:X12) -> 16 | Y22: =MAX(Y10:Y12) -> 20 | Z22: =MAX(Z10:Z12) -> 10 | ... AF22: =MAX(AF10:AF12) -> 1015
B23: 10.15 - 10.30 | C23: 40 | D23: 20 | E23: 9 | F23: 19 | G23: 0 | H23: 0 | I23: 10 | J23: 5 | K23: 2 | L23: 0 | M23: 156 | N23: 0 | O23: =SUM(C23:L23,N23) -> 105 | P23: =SUM(C23:N23) -> 261 | R23: IP Peak Hr | S23: =MAX(S13:S18) -> 218 | T23: =MAX(T13:T18) -> 80 | U23: =MAX(U13:U18) -> 48 | V23: =MAX(V13:V18) -> 70 | W23: =MAX(W13:W18) -> 5 | X23: =MAX(X13:X18) -> 1 | Y23: =MAX(Y13:Y18) -> 36 | Z23: =MAX(Z13:Z18) -> 18 | ... AF23: =MAX(AF13:AF18) -> 971
B24: 10.30 - 10.45 | C24: 37 | D24: 32 | E24: 10 | F24: 10 | G24: 0 | H24: 0 | I24: 9 | J24: 2 | K24: 0 | L24: 0 | M24: 142 | N24: 0 | O24: =SUM(C24:L24,N24) -> 100 | P24: =SUM(C24:N24) -> 242 | R24: PM Peak Hr | S24: =MAX(S19:S21) -> 340 | T24: =MAX(T19:T21) -> 126 | U24: =MAX(U19:U21) -> 69 | V24: =MAX(V19:V21) -> 87 | W24: =MAX(W19:W21) -> 14 | X24: =MAX(X19:X21) -> 8 | Y24: =MAX(Y19:Y21) -> 23 | Z24: =MAX(Z19:Z21) -> 20 | ... AF24: =MAX(AF19:AF21) -> 1247
B25: 10.45 - 11.00 | C25: 33 | D25: 20 | E25: 6 | F25: 12 | G25: 0 | H25: 0 | I25: 3 | J25: 1 | K25: 0 | L25: 0 | M25: 139 | N25: 0 | O25: =SUM(C25:L25,N25) -> 75 | P25: =SUM(C25:N25) -> 214 | R25: AM Period | S25: =SUM(S10:S12) -> 446 | T25: =SUM(T10:T12) -> 95 | U25: =SUM(U10:U12) -> 84 | V25: =SUM(V10:V12) -> 182 | W25: =SUM(W10:W12) -> 1 | X25: =SUM(X10:X12) -> 17 | Y25: =SUM(Y10:Y12) -> 42 | Z25: =SUM(Z10:Z12) -> 26 | ... AF25: =SUM(AF10:AF12) -> 2649
B26: 11.00 - 11.15 | C26: 47 | D26: 10 | E26: 15 | F26: 18 | G26: 0 | H26: 0 | I26: 12 | J26: 3 | K26: 0 | L26: 1 | M26: 136 | N26: 0 | O26: =SUM(C26:L26,N26) -> 106 | P26: =SUM(C26:N26) -> 242 | R26: IP Period | S26: =SUM(S13:S18) -> 1103 | T26: =SUM(T13:T18) -> 271 | U26: =SUM(U13:U18) -> 233 | V26: =SUM(V13:V18) -> 387 | W26: =SUM(W13:W18) -> 9 | X26: =SUM(X13:X18) -> 2 | Y26: =SUM(Y13:Y18) -> 170 | Z26: =SUM(Z13:Z18) -> 70 | ... AF26: =SUM(AF13:AF18) -> 5320
B27: 11.15 - 11.30 | C27: 45 | D27: 2 | E27: 9 | F27: 21 | G27: 0 | H27: 0 | I27: 3 | J27: 0 | K27: 0 | L27: 0 | M27: 149 | N27: 0 | O27: =SUM(C27:L27,N27) -> 80 | P27: =SUM(C27:N27) -> 229 | R27: PM Period | S27: =SUM(S19:S21) -> 894 | T27: =SUM(T19:T21) -> 306 | U27: =SUM(U19:U21) -> 182 | V27: =SUM(V19:V21) -> 229 | W27: =SUM(W19:W21) -> 19 | X27: =SUM(X19:X21) -> 13 | Y27: =SUM(Y19:Y21) -> 57 | Z27: =SUM(Z19:Z21) -> 33 | ... AF27: =SUM(AF19:AF21) -> 3436
B28: 11.30 - 11.45 | C28: 38 | D28: 7 | E28: 7 | F28: 2 | G28: 0 | H28: 0 | I28: 11 | J28: 1 | K28: 0 | L28: 0 | M28: 127 | N28: 0 | O28: =SUM(C28:L28,N28) -> 66 | P28: =SUM(C28:N28) -> 193 | R28: 12 Hours | S28: =SUM(S10:S21) -> 2443 | T28: =SUM(T10:T21) -> 672 | U28: =SUM(U10:U21) -> 499 | V28: =SUM(V10:V21) -> 798 | W28: =SUM(W10:W21) -> 29 | X28: =SUM(X10:X21) -> 32 | Y28: =SUM(Y10:Y21) -> 269 | Z28: =SUM(Z10:Z21) -> 129 | ... AF28: =SUM(AF10:AF21) -> 11405
B29: 11.45 - 12.00 | C29: 47 | D29: 5 | E29: 4 | F29: 17 | G29: 0 | H29: 0 | I29: 10 | J29: 0 | K29: 1 | L29: 0 | M29: 145 | N29: 0 | O29: =SUM(C29:L29,N29) -> 84 | P29: =SUM(C29:N29) -> 229
B30: 12.00 - 12.15 | C30: 43 | D30: 7 | E30: 14 | F30: 15 | G30: 0 | H30: 0 | I30: 7 | J30: 2 | K30: 0 | L30: 0 | M30: 125 | N30: 1 | O30: =SUM(C30:L30,N30) -> 89 | P30: =SUM(C30:N30) -> 214
B31: 12.15 - 12.30 | C31: 47 | D31: 17 | E31: 11 | F31: 22 | G31: 0 | H31: 0 | I31: 9 | J31: 5 | K31: 1 | L31: 3 | M31: 138 | N31: 0 | O31: =SUM(C31:L31,N31) -> 115 | P31: =SUM(C31:N31) -> 253
B32: 12.30 - 12.45 | C32: 38 | D32: 10 | E32: 3 | F32: 19 | G32: 0 | H32: 0 | I32: 4 | J32: 2 | K32: 1 | L32: 0 | M32: 102 | N32: 0 | O32: =SUM(C32:L32,N32) -> 77 | P32: =SUM(C32:N32) -> 179
B33: 12.45 - 13.00 | C33: 56 | D33: 9 | E33: 8 | F33: 13 | G33: 0 | H33: 0 | I33: 11 | J33: 1 | K33: 4 | L33: 0 | M33: 115 | N33: 0 | O33: =SUM(C33:L33,N33) -> 102 | P33: =SUM(C33:N33) -> 217
B34: 13.00 - 13.15 | C34: 43 | D34: 6 | E34: 13 | F34: 19 | G34: 0 | H34: 0 | I34: 9 | J34: 1 | K34: 5 | L34: 0 | M34: 110 | N34: 0 | O34: =SUM(C34:L34,N34) -> 96 | P34: =SUM(C34:N34) -> 206
B35: 13.15 - 13.30 | C35: 44 | D35: 11 | E35: 10 | F35: 18 | G35: 2 | H35: 0 | I35: 0 | J35: 10 | K35: 2 | L35: 0 | M35: 123 | N35: 0 | O35: =SUM(C35:L35,N35) -> 97 | P35: =SUM(C35:N35) -> 220
B36: 13.30 - 13.45 | C36: 42 | D36: 7 | E36: 6 | F36: 9 | G36: 0 | H36: 0 | I36: 6 | J36: 2 | K36: 0 | L36: 1 | M36: 108 | N36: 0 | O36: =SUM(C36:L36,N36) -> 73 | P36: =SUM(C36:N36) -> 181
B37: 13.45 - 14.00 | C37: 37 | D37: 10 | E37: 12 | F37: 24 | G37: 3 | H37: 1 | I37: 0 | J37: 5 | K37: 2 | L37: 2 | M37: 100 | N37: 0 | O37: =SUM(C37:L37,N37) -> 96 | P37: =SUM(C37:N37) -> 196
B38: 14.00 - 14.15 | C38: 48 | D38: 12 | E38: 9 | F38: 14 | G38: 1 | H38: 0 | I38: 6 | J38: 0 | K38: 0 | L38: 0 | M38: 127 | N38: 0 | O38: =SUM(C38:L38,N38) -> 90 | P38: =SUM(C38:N38) -> 217
B39: 14.15 - 14.30 | C39: 51 | D39: 6 | E39: 9 | F39: 15 | G39: 0 | H39: 0 | I39: 4 | J39: 5 | K39: 1 | L39: 0 | M39: 131 | N39: 0 | O39: =SUM(C39:L39,N39) -> 91 | P39: =SUM(C39:N39) -> 222
B40: 14.30 - 14.45 | C40: 45 | D40: 12 | E40: 12 | F40: 14 | G40: 1 | H40: 0 | I40: 6 | J40: 2 | K40: 0 | L40: 0 | M40: 124 | N40: 0 | O40: =SUM(C40:L40,N40) -> 92 | P40: =SUM(C40:N40) -> 216
... B57: 18.45 - 19.00 | C57: 71 | D57: 20 | E57: 15 | F57: 14 | G57: 0 | H57: 0 | I57: 7 | J57: 2 | K57: 0 | L57: 0 | M57: 126 | N57: 0 | O57: =SUM(C57:L57,N57) -> 129 | P57: =SUM(C57:N57) -> 255
B58: Totals | C58: =SUM(C10:C57) -> 2443 | D58: =SUM(D10:D57) -> 672 | E58: =SUM(E10:E57) -> 499 | F58: =SUM(F10:F57) -> 798 | G58: =SUM(G10:G57) -> 29 | H58: =SUM(H10:H57) -> 32 | I58: =SUM(I10:I57) -> 269 | J58: =SUM(J10:J57) -> 129 | ... P58: =SUM(P10:P57) -> 11405
B59: %ges + MCs | C59: =C58/$P$58 -> 0.2142043 | D59: =D58/$P$58 -> 0.058921526 | E59: =E58/$P$58 -> 0.04375274 | F59: =F58/$P$58 -> 0.069969312 | G59: =G58/$P$58 -> 0.0025427444 | H59: =H58/$P$58 -> 0.0028057869 | I59: =I58/$P$58 -> 0.023586146 | J59: =J58/$P$58 -> 0.011310829 | ... N59: =N58/$P$58 -> 8.7680842e-05
B60: %ges w/o MCs | C60: =C58/$O$58 -> 0.49503546 | D60: =D58/$O$58 -> 0.13617021 | E60: =E58/$O$58 -> 0.10111449 | F60: =F58/$O$58 -> 0.16170213 | G60: =G58/$O$58 -> 0.0058763931 | H60: =H58/$O$58 -> 0.0064842958 | I60: =I58/$O$58 -> 0.054508612 | J60: =J58/$O$58 -> 0.026139818 | ... L60: =L58/$O$58 -> 0.0042553191 | N60: =N58/$O$58 -> 0.00020263425

Sheet 03.08 NAMUGONGO-KIREKA-24h
B1: Consultancy services for Preparation of Expressway Development Master Plan (EDMP) for Uganda
B2: MANUAL CLASSIFIED COUNT (MCC)
B3: ROAD NAME: | C3: ='01.08 NAMUGONGO-KIREKA'!C3:G3 -> MCC - C1 - STN039 - NAMUGONGO ROAD
C5: Date | D5: 03.08.19 | F5: Location | G5: ='29.07 KIREKA-NAMUGONGO'!G5:H5 -> AGENDA | J5: Surveyor | K5: ='29.07 KIREKA-NAMUGONGO'!K5:L5 -> STEVEN
C6: Dir. From | D6: ='01.08 NAMUGONGO-KIREKA'!D6:E6 -> NAMUGONGO | F6: Dir. To | G6: ='01.08 NAMUGONGO-KIREKA'!G6:H6 -> KIREKA | J6: Supervisor | K6: ='29.07 KIREKA-NAMUGONGO'!K6:L6 -> NAIDO GRACE BRENDA
B8: Time / Veh Type | R8: SUMMARY TRAFFIC VOLUMES
C9: 1. Car | D9: 2. Station Wagon | E9: 3. Pickups | F9: 4. Minibus, matatu | G9: 5. Medium bus | H9: 6. Large Bus | I9: 7. Light Truck | J9: 8. Medium Truck | K9: 9. Heavy truck | L9: 10. Truck Trailer | M9: 11. Motor cycles | N9: 12. Tractors | O9: Total Excl M/Cycles | P9: Total All | R9: Time | S9: 1. Car | T9: 2. Station Wagon | U9: 3. Pickups | V9: 4. Minibus, matatu | W9: 5. Medium bus | X9: 6. Large Bus | Y9: 7. Light Truck | Z9: 8. Medium Truck | AA9: 9. Heavy truck | AB9: 10. Truck Trailer | AC9: 11. Motorcycles | AD9: 12. Tractors, Graders | AE9: Total Excl M/ Cycles | AF9: Total All
B10: 07.00 - 07.15 | C10: 10 | D10: 0 | E10: 1 | F10: 19 | G10: 1 | H10: 0 | I10: 1 | J10: 3 | K10: 1 | L10: 1 | M10: 39 | N10: 0 | O10: =SUM(C10:L10,N10) -> 37 | P10: =SUM(C10:N10) -> 76 | R10: 0700-0800 | S10: =SUM(C10:C13) -> 172 | T10: =SUM(D10:D13) -> 18 | U10: =SUM(E10:E13) -> 17 | V10: =SUM(F10:F13) -> 87 | W10: =SUM(G10:G13) -> 4 | X10: =SUM(H10:H13) -> 0 | Y10: =SUM(I10:I13) -> 10 | Z10: =SUM(J10:J13) -> 5 | ... AF10: =SUM(P10:P13) -> 656
B11: 07.15 - 07.30 | C11: 35 | D11: 8 | E11: 8 | F11: 21 | G11: 2 | H11: 0 | I11: 4 | J11: 1 | K11: 1 | L11: 1 | M11: 79 | N11: 0 | O11: =SUM(C11:L11,N11) -> 81 | P11: =SUM(C11:N11) -> 160 | R11: 0800-0900 | S11: =SUM(C14:C17) -> 375 | T11: =SUM(D14:D17) -> 33 | U11: =SUM(E14:E17) -> 41 | V11: =SUM(F14:F17) -> 114 | W11: =SUM(G14:G17) -> 0 | X11: =SUM(H14:H17) -> 7 | Y11: =SUM(I14:I17) -> 11 | Z11: =SUM(J14:J17) -> 1 | ... AF11: =SUM(P14:P17) -> 1207
B12: 07.30 - 07.45 | C12: 65 | D12: 6 | E12: 3 | F12: 21 | H12: 0 | I12: 2 | J12: 0 | K12: 0 | L12: 0 | M12: 100 | N12: 0 | O12: =SUM(C12:L12,N12) -> 97 | P12: =SUM(C12:N12) -> 197 | R12: 0900-1000 | S12: =SUM(C18:C21) -> 383 | T12: =SUM(D18:D21) -> 32 | U12: =SUM(E18:E21) -> 31 | V12: =SUM(F18:F21) -> 101 | W12: =SUM(G18:G21) -> 1 | X12: =SUM(H18:H21) -> 8 | Y12: =SUM(I18:I21) -> 16 | Z12: =SUM(J18:J21) -> 3 | ... AF12: =SUM(P18:P21) -> 1152
B13: 07.45 - 08.00 | C13: 62 | D13: 4 | E13: 5 | F13: 26 | G13: 1 | H13: 0 | I13: 3 | J13: 1 | K13: 0 | L13: 0 | M13: 121 | N13: 0 | O13: =SUM(C13:L13,N13) -> 102 | P13: =SUM(C13:N13) -> 223 | R13: 1000-1100 | S13: =SUM(C22:C25) -> 360 | T13: =SUM(D22:D25) -> 38 | U13: =SUM(E22:E25) -> 44 | V13: =SUM(F22:F25) -> 82 | W13: =SUM(G22:G25) -> 0 | X13: =SUM(H22:H25) -> 17 | Y13: =SUM(I22:I25) -> 11 | Z13: =SUM(J22:J25) -> 3 | ... AF13: =SUM(P22:P25) -> 1071
B14: 08.00 - 08.15 | C14: 75 | D14: 9 | E14: 5 | F14: 32 | G14: 0 | H14: 0 | I14: 4 | J14: 0 | K14: 0 | L14: 0 | M14: 143 | N14: 0 | O14: =SUM(C14:L14,N14) -> 125 | P14: =SUM(C14:N14) -> 268 | R14: 1100-1200 | S14: =SUM(C26:C29) -> 362 | T14: =SUM(D26:D29) -> 43 | U14: =SUM(E26:E29) -> 41 | V14: =SUM(F26:F29) -> 107 | W14: =SUM(G26:G29) -> 1 | X14: =SUM(H26:H29) -> 0 | Y14: =SUM(I26:I29) -> 21 | Z14: =SUM(J26:J29) -> 0 | ... AF14: =SUM(P26:P29) -> 1117
B15: 08.15 - 08.30 | C15: 92 | D15: 9 | E15: 12 | F15: 30 | G15: 0 | H15: 3 | I15: 2 | J15: 0 | K15: 0 | L15: 0 | M15: 150 | N15: 0 | O15: =SUM(C15:L15,N15) -> 148 | P15: =SUM(C15:N15) -> 298 | R15: 1200-1300 | S15: =SUM(C30:C33) -> 316 | T15: =SUM(D30:D33) -> 26 | U15: =SUM(E30:E33) -> 35 | V15: =SUM(F30:F33) -> 80 | W15: =SUM(G30:G33) -> 0 | X15: =SUM(H30:H33) -> 18 | Y15: =SUM(I30:I33) -> 12 | Z15: =SUM(J30:J33) -> 3 | ... AF15: =SUM(P30:P33) -> 1048
B16: 08.30 - 08.45 | C16: 89 | D16: 8 | E16: 12 | F16: 30 | G16: 0 | H16: 4 | I16: 0 | J16: 0 | K16: 0 | L16: 0 | M16: 160 | N16: 0 | O16: =SUM(C16:L16,N16) -> 143 | P16: =SUM(C16:N16) -> 303 | R16: 1300-1400 | S16: =SUM(C34:C37) -> 285 | T16: =SUM(D34:D37) -> 22 | U16: =SUM(E34:E37) -> 86 | V16: =SUM(F34:F37) -> 78 | W16: =SUM(G34:G37) -> 0 | X16: =SUM(H34:H37) -> 8 | Y16: =SUM(I34:I37) -> 28 | Z16: =SUM(J34:J37) -> 6 | ... AF16: =SUM(P34:P37) -> 981
B17: 08.45 - 9.00 | C17: 119 | D17: 7 | E17: 12 | F17: 22 | G17: 0 | H17: 0 | I17: 5 | J17: 1 | K17: 2 | L17: 0 | M17: 170 | N17: 0 | O17: =SUM(C17:L17,N17) -> 168 | P17: =SUM(C17:N17) -> 338 | R17: 1400-1500 | S17: =SUM(C38:C41) -> 238 | T17: =SUM(D38:D41) -> 25 | U17: =SUM(E38:E41) -> 31 | V17: =SUM(F38:F41) -> 75 | W17: =SUM(G38:G41) -> 0 | X17: =SUM(H38:H41) -> 3 | Y17: =SUM(I38:I41) -> 26 | Z17: =SUM(J38:J41) -> 7 | ... AF17: =SUM(P38:P41) -> 907
B18: 09.00 - 09.15 | C18: 91 | D18: 8 | E18: 8 | F18: 26 | G18: 1 | H18: 0 | I18: 5 | J18: 1 | K18: 0 | L18: 0 | M18: 166 | N18: 0 | O18: =SUM(C18:L18,N18) -> 140 | P18: =SUM(C18:N18) -> 306 | R18: 1500-1600 | S18: =SUM(C42:C45) -> 230 | T18: =SUM(D42:D45) -> 38 | U18: =SUM(E42:E45) -> 31 | V18: =SUM(F42:F45) -> 51 | W18: =SUM(G42:G45) -> 1 | X18: =SUM(H42:H45) -> 3 | Y18: =SUM(I42:I45) -> 10 | Z18: =SUM(J42:J45) -> 10 | ... AF18: =SUM(P42:P45) -> 861
B19: 09.15 - 09.30 | C19: 106 | D19: 10 | E19: 8 | F19: 19 | G19: 0 | H19: 3 | I19: 4 | J19: 1 | K19: 0 | L19: 0 | M19: 154 | N19: 0 | O19: =SUM(C19:L19,N19) -> 151 | P19: =SUM(C19:N19) -> 305 | R19: 1600-1700 | S19: =SUM(C46:C49) -> 212 | T19: =SUM(D46:D49) -> 42 | U19: =SUM(E46:E49) -> 32 | V19: =SUM(F46:F49) -> 71 | W19: =SUM(G46:G49) -> 0 | X19: =SUM(H46:H49) -> 4 | Y19: =SUM(I46:I49) -> 17 | Z19: =SUM(J46:J49) -> 6 | ... AF19: =SUM(P46:P49) -> 870
B20: 09.30 - 09.45 | C20: 95 | D20: 8 | E20: 8 | F20: 30 | G20: 0 | H20: 5 | I20: 0 | J20: 0 | K20: 0 | L20: 0 | M20: 151 | N20: 0 | O20: =SUM(C20:L20,N20) -> 146 | P20: =SUM(C20:N20) -> 297 | R20: 1700-1800 | S20: =SUM(C50:C53) -> 277 | T20: =SUM(D50:D53) -> 34 | U20: =SUM(E50:E53) -> 23 | V20: =SUM(F50:F53) -> 101 | W20: =SUM(G50:G53) -> 1 | X20: =SUM(H50:H53) -> 0 | Y20: =SUM(I50:I53) -> 13 | Z20: =SUM(J50:J53) -> 12 | ... AF20: =SUM(P50:P53) -> 978
B21: 09.45 - 10.00 | C21: 91 | D21: 6 | E21: 7 | F21: 26 | G21: 0 | H21: 0 | I21: 7 | J21: 1 | K21: 0 | L21: 1 | M21: 105 | N21: 0 | O21: =SUM(C21:L21,N21) -> 139 | P21: =SUM(C21:N21) -> 244 | R21: 1800-1900 | S21: =SUM(C54:C57) -> 234 | T21: =SUM(D54:D57) -> 26 | U21: =SUM(E54:E57) -> 34 | V21: =SUM(F54:F57) -> 91 | W21: =SUM(G54:G57) -> 4 | X21: =SUM(H54:H57) -> 0 | Y21: =SUM(I54:I57) -> 15 | Z21: =SUM(J54:J57) -> 10 | ... AF21: =SUM(P54:P57) -> 1011
B22: 10.00 - 10.15 | C22: 86 | D22: 13 | E22: 13 | F22: 17 | G22: 0 | H22: 4 | I22: 0 | J22: 0 | K22: 0 | L22: 0 | M22: 119 | N22: 0 | O22: =SUM(C22:L22,N22) -> 133 | P22: =SUM(C22:N22) -> 252 | R22: 1900-2000 | S22: =SUM(C58:C61) -> 259 | T22: =SUM(D58:D61) -> 23 | U22: =SUM(E58:E61) -> 24 | V22: =SUM(F58:F61) -> 95 | W22: =SUM(G58:G61) -> 3 | X22: =SUM(H58:H61) -> 0 | Y22: =SUM(I58:I61) -> 8 | Z22: =SUM(J58:J61) -> 7 | ... AF22: =SUM(P58:P61) -> 1209
B23: 10.15 - 10.30 | C23: 84 | D23: 8 | E23: 14 | F23: 19 | G23: 0 | H23: 5 | I23: 0 | J23: 2 | K23: 0 | L23: 0 | M23: 122 | N23: 0 | O23: =SUM(C23:L23,N23) -> 132 | P23: =SUM(C23:N23) -> 254 | R23: 2000-2100 | S23: =SUM(C62:C65) -> 217 | T23: =SUM(D62:D65) -> 9 | U23: =SUM(E62:E65) -> 18 | V23: =SUM(F62:F65) -> 95 | W23: =SUM(G62:G65) -> 0 | X23: =SUM(H62:H65) -> 0 | Y23: =SUM(I62:I65) -> 18 | Z23: =SUM(J62:J65) -> 4 | ... AF23: =SUM(P62:P65) -> 879
B24: 10.30 - 10.45 | C24: 105 | D24: 11 | E24: 10 | F24: 27 | G24: 0 | H24: 0 | I24: 8 | J24: 1 | K24: 2 | L24: 0 | M24: 155 | N24: 0 | O24: =SUM(C24:L24,N24) -> 164 | P24: =SUM(C24:N24) -> 319 | R24: 2100-2200 | S24: =SUM(C66:C69) -> 150 | T24: =SUM(D66:D69) -> 14 | U24: =SUM(E66:E69) -> 17 | V24: =SUM(F66:F69) -> 65 | W24: =SUM(G66:G69) -> 2 | X24: =SUM(H66:H69) -> 0 | Y24: =SUM(I66:I69) -> 12 | Z24: =SUM(J66:J69) -> 5 | ... AF24: =SUM(P66:P69) -> 562
B25: 10.45 - 11.00 | C25: 85 | D25: 6 | E25: 7 | F25: 19 | G25: 0 | H25: 8 | I25: 3 | J25: 0 | K25: 0 | L25: 0 | M25: 118 | N25: 0 | O25: =SUM(C25:L25,N25) -> 128 | P25: =SUM(C25:N25) -> 246 | R25: 2200-2300 | S25: =SUM(C70:C73) -> 201 | T25: =SUM(D70:D73) -> 8 | U25: =SUM(E70:E73) -> 14 | V25: =SUM(F70:F73) -> 50 | W25: =SUM(G70:G73) -> 2 | X25: =SUM(H70:H73) -> 0 | Y25: =SUM(I70:I73) -> 7 | Z25: =SUM(J70:J73) -> 4 | ... AF25: =SUM(P70:P73) -> 489
B26: 11.00 - 11.15 | C26: 110 | D26: 7 | E26: 4 | F26: 37 | G26: 0 | H26: 0 | I26: 4 | J26: 0 | K26: 1 | L26: 0 | M26: 126 | N26: 0 | O26: =SUM(C26:L26,N26) -> 163 | P26: =SUM(C26:N26) -> 289 | R26: 2300-0000 | S26: =SUM(C74:C77) -> 195 | T26: =SUM(D74:D77) -> 4 | U26: =SUM(E74:E77) -> 9 | V26: =SUM(F74:F77) -> 48 | W26: =SUM(G74:G77) -> 1 | X26: =SUM(H74:H77) -> 3 | Y26: =SUM(I74:I77) -> 8 | Z26: =SUM(J74:J77) -> 2 | ... AF26: =SUM(P74:P77) -> 512
B27: 11.15 - 11.30 | C27: 92 | D27: 14 | E27: 16 | F27: 18 | G27: 1 | H27: 0 | I27: 6 | J27: 0 | K27: 1 | L27: 1 | M27: 145 | N27: 0 | O27: =SUM(C27:L27,N27) -> 149 | P27: =SUM(C27:N27) -> 294 | R27: 0000-0100 | S27: =SUM(C78:C81) -> 119 | T27: =SUM(D78:D81) -> 6 | U27: =SUM(E78:E81) -> 8 | V27: =SUM(F78:F81) -> 72 | W27: =SUM(G78:G81) -> 0 | X27: =SUM(H78:H81) -> 0 | Y27: =SUM(I78:I81) -> 3 | Z27: =SUM(J78:J81) -> 2 | ... AF27: =SUM(P78:P81) -> 367
B28: 11.30 - 11.45 | C28: 90 | D28: 15 | E28: 11 | F28: 25 | G28: 0 | H28: 0 | I28: 4 | J28: 0 | K28: 1 | L28: 1 | M28: 140 | N28: 0 | O28: =SUM(C28:L28,N28) -> 147 | P28: =SUM(C28:N28) -> 287 | R28: 0100-0200 | S28: =SUM(C82:C85) -> 73 | T28: =SUM(D82:D85) -> 2 | U28: =SUM(E82:E85) -> 6 | V28: =SUM(F82:F85) -> 7 | W28: =SUM(G82:G85) -> 0 | X28: =SUM(H82:H85) -> 0 | Y28: =SUM(I82:I85) -> 2 | Z28: =SUM(J82:J85) -> 4 | ... AF28: =SUM(P82:P85) -> 211
B29: 11.45 - 12.00 | C29: 70 | D29: 7 | E29: 10 | F29: 27 | G29: 0 | H29: 0 | I29: 7 | J29: 0 | K29: 0 | L29: 0 | M29: 126 | N29: 0 | O29: =SUM(C29:L29,N29) -> 121 | P29: =SUM(C29:N29) -> 247 | R29: 0200-0300 | S29: =SUM(C86:C89) -> 43 | T29: =SUM(D86:D89) -> 2 | U29: =SUM(E86:E89) -> 4 | V29: =SUM(F86:F89) -> 10 | W29: =SUM(G86:G89) -> 0 | X29: =SUM(H86:H89) -> 0 | Y29: =SUM(I86:I89) -> 2 | Z29: =SUM(J86:J89) -> 0 | ... AF29: =SUM(P86:P89) -> 147
B30: 12.00 - 12.15 | C30: 82 | D30: 5 | E30: 8 | F30: 18 | G30: 0 | H30: 10 | I30: 1 | J30: 1 | K30: 1 | L30: 0 | M30: 130 | N30: 0 | O30: =SUM(C30:L30,N30) -> 126 | P30: =SUM(C30:N30) -> 256 | R30: 0300-0400 | S30: =SUM(C90:C93) -> 29 | T30: =SUM(D90:D93) -> 2 | U30: =SUM(E90:E93) -> 2 | V30: =SUM(F90:F93) -> 1 | W30: =SUM(G90:G93) -> 0 | X30: =SUM(H90:H93) -> 0 | Y30: =SUM(I90:I93) -> 3 | Z30: =SUM(J90:J93) -> 3 | ... AF30: =SUM(P90:P93) -> 107
B31: 12.15 - 12.30 | C31: 67 | D31: 9 | E31: 10 | F31: 14 | G31: 0 | H31: 0 | I31: 8 | J31: 1 | K31: 1 | L31: 0 | M31: 155 | N31: 0 | O31: =SUM(C31:L31,N31) -> 110 | P31: =SUM(C31:N31) -> 265 | R31: 0400-0500 | S31: =SUM(C94:C97) -> 31 | T31: =SUM(D94:D97) -> 0 | U31: =SUM(E94:E97) -> 0 | V31: =SUM(F94:F97) -> 1 | W31: =SUM(G94:G97) -> 0 | X31: =SUM(H94:H97) -> 0 | Y31: =SUM(I94:I97) -> 1 | Z31: =SUM(J94:J97) -> 4 | ... AF31: =SUM(P94:P97) -> 99
B32: 12.30 - 12.45 | C32: 72 | D32: 4 | E32: 6 | F32: 25 | G32: 0 | H32: 5 | I32: 2 | J32: 0 | K32: 0 | L32: 0 | M32: 100 | N32: 0 | O32: =SUM(C32:L32,N32) -> 114 | P32: =SUM(C32:N32) -> 214 | R32: 0500-0600 | S32: =SUM(C98:C101) -> 30 | T32: =SUM(D98:D101) -> 2 | U32: =SUM(E98:E101) -> 5 | V32: =SUM(F98:F101) -> 10 | W32: =SUM(G98:G101) -> 0 | X32: =SUM(H98:H101) -> 0 | Y32: =SUM(I98:I101) -> 1 | Z32: =SUM(J98:J101) -> 1 | ... AF32: =SUM(P98:P101) -> 128
B33: 12.45 - 13.00 | C33: 95 | D33: 8 | E33: 11 | F33: 23 | G33: ` | H33: 3 | I33: 1 | J33: 1 | K33: 0 | L33: 0 | M33: 171 | N33: 0 | O33: =SUM(C33:L33,N33) -> 142 | P33: =SUM(C33:N33) -> 313 | R33: 0600-0700 | S33: =SUM(C102:C105) -> 37 | T33: =SUM(D102:D105) -> 4 | U33: =SUM(E102:E105) -> 12 | V33: =SUM(F102:F105) -> 48 | W33: =SUM(G102:G105) -> 0 | X33: =SUM(H102:H105) -> 0 | Y33: =SUM(I102:I105) -> 3 | Z33: =SUM(J102:J105) -> 5 | ... AF33: =SUM(P102:P105) -> 239
B34: 13.00 - 13.15 | C34: 65 | D34: 6 | E34: 10 | F34: 15 | G34: 0 | H34: 8 | I34: 5 | J34: 2 | K34: 0 | L34: 0 | M34: 127 | N34: 0 | O34: =SUM(C34:L34,N34) -> 111 | P34: =SUM(C34:N34) -> 238 | R34: AM Peak Hr | S34: =MAX(S10:S12) -> 383 | T34: =MAX(T10:T12) -> 33 | U34: =MAX(U10:U12) -> 41 | V34: =MAX(V10:V12) -> 114 | W34: =MAX(W10:W12) -> 4 | X34: =MAX(X10:X12) -> 8 | Y34: =MAX(Y10:Y12) -> 16 | Z34: =MAX(Z10:Z12) -> 5 | ... AF34: =MAX(AF10:AF12) -> 1207
B35: 13.15 - 13.30 | C35: 64 | D35: 10 | E35: 6 | F35: 19 | G35: 0 | H35: 0 | I35: 5 | J35: 0 | K35: 1 | L35: 0 | M35: 117 | N35: 0 | O35: =SUM(C35:L35,N35) -> 105 | P35: =SUM(C35:N35) -> 222 | R35: IP Peak Hr | S35: =MAX(S13:S18) -> 362 | T35: =MAX(T13:T18) -> 43 | U35: =MAX(U13:U18) -> 86 | V35: =MAX(V13:V18) -> 107 | W35: =MAX(W13:W18) -> 1 | X35: =MAX(X13:X18) -> 18 | Y35: =MAX(Y13:Y18) -> 28 | Z35: =MAX(Z13:Z18) -> 10 | ... AF35: =MAX(AF13:AF18) -> 1117
B36: 13.30 - 13.45 | C36: 91 | D36: 3 | E36: 11 | F36: 21 | G36: 0 | H36: 0 | I36: 11 | J36: 2 | K36: 1 | L36: 0 | M36: 105 | N36: 0 | O36: =SUM(C36:L36,N36) -> 140 | P36: =SUM(C36:N36) -> 245 | R36: PM Peak Hr | S36: =MAX(S19:S21) -> 277 | T36: =MAX(T19:T21) -> 42 | U36: =MAX(U19:U21) -> 34 | V36: =MAX(V19:V21) -> 101 | W36: =MAX(W19:W21) -> 4 | X36: =MAX(X19:X21) -> 4 | Y36: =MAX(Y19:Y21) -> 17 | Z36: =MAX(Z19:Z21) -> 12 | ... AF36: =MAX(AF19:AF21) -> 1011
B37: 13.45 - 14.00 | C37: 65 | D37: 3 | E37: 59 | F37: 23 | G37: 0 | H37: 0 | I37: 7 | J37: 2 | K37: 2 | L37: 1 | M37: 114 | N37: 0 | O37: =SUM(C37:L37,N37) -> 162 | P37: =SUM(C37:N37) -> 276 | R37: AM Period | S37: =SUM(S10:S12) -> 930 | T37: =SUM(T10:T12) -> 83 | U37: =SUM(U10:U12) -> 89 | V37: =SUM(V10:V12) -> 302 | W37: =SUM(W10:W12) -> 5 | X37: =SUM(X10:X12) -> 15 | Y37: =SUM(Y10:Y12) -> 37 | Z37: =SUM(Z10:Z12) -> 9 | ... AF37: =SUM(AF10:AF12) -> 3015
B38: 14.00 - 14.15 | C38: 55 | D38: 10 | E38: 3 | F38: 15 | G38: 0 | H38: 0 | I38: 10 | J38: 2 | K38: 0 | L38: 0 | M38: 107 | N38: 0 | O38: =SUM(C38:L38,N38) -> 95 | P38: =SUM(C38:N38) -> 202 | R38: IP Period | S38: =SUM(S13:S18) -> 1791 | T38: =SUM(T13:T18) -> 192 | U38: =SUM(U13:U18) -> 268 | V38: =SUM(V13:V18) -> 473 | W38: =SUM(W13:W18) -> 2 | X38: =SUM(X13:X18) -> 49 | Y38: =SUM(Y13:Y18) -> 108 | Z38: =SUM(Z13:Z18) -> 29 | ... AF38: =SUM(AF13:AF18) -> 5985
B39: 14.15 - 14.30 | C39: 66 | D39: 8 | E39: 8 | F39: 17 | G39: 0 | H39: 3 | I39: 3 | J39: 1 | K39: 0 | L39: 0 | M39: 131 | N39: 0 | O39: =SUM(C39:L39,N39) -> 106 | P39: =SUM(C39:N39) -> 237 | R39: PM Period | S39: =SUM(S19:S21) -> 723 | T39: =SUM(T19:T21) -> 102 | U39: =SUM(U19:U21) -> 89 | V39: =SUM(V19:V21) -> 263 | W39: =SUM(W19:W21) -> 5 | X39: =SUM(X19:X21) -> 4 | Y39: =SUM(Y19:Y21) -> 45 | Z39: =SUM(Z19:Z21) -> 28 | ... AF39: =SUM(AF19:AF21) -> 2859
B40: 14.30 - 14.45 | C40: 61 | D40: 3 | E40: 13 | F40: 22 | G40: 0 | H40: 0 | I40: 5 | J40: 4 | K40: 1 | L40: 1 | M40: 128 | N40: 0 | O40: =SUM(C40:L40,N40) -> 110 | P40: =SUM(C40:N40) -> 238 | R40: 12 Hours | S40: =SUM(S10:S21) -> 3444 | T40: =SUM(T10:T21) -> 377 | U40: =SUM(U10:U21) -> 446 | V40: =SUM(V10:V21) -> 1038 | W40: =SUM(W10:W21) -> 12 | X40: =SUM(X10:X21) -> 68 | Y40: =SUM(Y10:Y21) -> 190 | Z40: =SUM(Z10:Z21) -> 66 | ... AF40: =SUM(AF10:AF21) -> 11859
B41: 14.45 - 15.00 | C41: 56 | D41: 4 | E41: 7 | F41: 21 | G41: 0 | H41: 0 | I41: 8 | J41: 0 | K41: 1 | L41: 0 | M41: 133 | N41: 0 | O41: =SUM(C41:L41,N41) -> 97 | P41: =SUM(C41:N41) -> 230 | R41: 24 Hrs/ADT | S41: =SUM(S10:S33) -> 4828 | T41: =SUM(T10:T33) -> 453 | U41: =SUM(U10:U33) -> 565 | V41: =SUM(V10:V33) -> 1540 | W41: =SUM(W10:W33) -> 20 | X41: =SUM(X10:X33) -> 71 | Y41: =SUM(Y10:Y33) -> 258 | Z41: =SUM(Z10:Z33) -> 107 | ... AF41: =SUM(AF10:AF33) -> 16808
B42: 15.00 - 15.15 | C42: 51 | D42: 10 | E42: 11 | F42: 0 | G42: 0 | H42: 3 | I42: 1 | J42: 2 | K42: 1 | L42: 0 | M42: 137 | N42: 0 | O42: =SUM(C42:L42,N42) -> 79 | P42: =SUM(C42:N42) -> 216 | R42: NEF | S42: =S41/S40 -> 1.4018583 | T42: =T41/T40 -> 1.2015915 | U42: =U41/U40 -> 1.2668161 | V42: =V41/V40 -> 1.4836224 | W42: =W41/W40 -> 1.6666667 | X42: =X41/X40 -> 1.0441176 | Y42: =Y41/Y40 -> 1.3578947 | Z42: =Z41/Z40 -> 1.6212121 | ... AF42: =AF41/AF40 -> 1.4173202
B43: 15.15 - 15.30 | C43: 60 | D43: 10 | E43: 6 | F43: 17 | G43: 0 | H43: 0 | I43: 4 | J43: 2 | K43: 0 | L43: 0 | M43: 119 | N43: 0 | O43: =SUM(C43:L43,N43) -> 99 | P43: =SUM(C43:N43) -> 218
B44: 15.30 - 15.45 | C44: 59 | D44: 11 | E44: 9 | F44: 19 | G44: 0 | H44: 0 | I44: 0 | J44: 5 | K44: 6 | L44: 1 | M44: 132 | N44: 0 | O44: =SUM(C44:L44,N44) -> 110 | P44: =SUM(C44:N44) -> 242
B45: 15.45 - 16.00 | C45: 60 | D45: 7 | E45: 5 | F45: 15 | G45: 1 | H45: 0 | I45: 5 | J45: 1 | K45: 1 | L45: 0 | M45: 90 | N45: 0 | O45: =SUM(C45:L45,N45) -> 95 | P45: =SUM(C45:N45) -> 185
B46: 16.00 - 16.15 | C46: 65 | D46: 15 | E46: 6 | F46: 20 | G46: 0 | H46: 4 | I46: 3 | J46: 2 | K46: 0 | L46: 0 | M46: 127 | N46: 0 | O46: =SUM(C46:L46,N46) -> 115 | P46: =SUM(C46:N46) -> 242
B47: 16.15 -16.30 | C47: 50 | D47: 11 | E47: 10 | F47: 15 | G47: 0 | H47: 0 | I47: 4 | J47: 1 | K47: 0 | L47: 0 | M47: 121 | N47: 0 | O47: =SUM(C47:L47,N47) -> 91 | P47: =SUM(C47:N47) -> 212
B48: 16.30 -16.45 | C48: 42 | D48: 6 | E48: 10 | F48: 21 | G48: 0 | H48: 0 | I48: 4 | J48: 1 | K48: 0 | L48: 0 | M48: 124 | N48: 0 | O48: =SUM(C48:L48,N48) -> 84 | P48: =SUM(C48:N48) -> 208
B49: 16.45 -17.00 | C49: 55 | D49: 10 | E49: 6 | F49: 15 | G49: 0 | H49: 0 | I49: 6 | J49: 2 | K49: 0 | L49: 0 | M49: 114 | N49: 0 | O49: =SUM(C49:L49,N49) -> 94 | P49: =SUM(C49:N49) -> 208
B50: 17.00 -17.15 | C50: 59 | D50: 5 | E50: 9 | F50: 16 | G50: 0 | H50: 0 | I50: 5 | J50: 2 | K50: 0 | L50: 0 | M50: 113 | N50: 0 | O50: =SUM(C50:L50,N50) -> 96 | P50: =SUM(C50:N50) -> 209
B51: 17.15 -17.30 | C51: 60 | D51: 11 | E51: 6 | F51: 25 | G51: 0 | H51: 0 | I51: 5 | J51: 1 | K51: 2 | L51: 0 | M51: 126 | N51: 0 | O51: =SUM(C51:L51,N51) -> 110 | P51: =SUM(C51:N51) -> 236
B52: 17.30 -17.45 | C52: 75 | D52: 5 | E52: 4 | F52: 25 | G52: 0 | H52: 0 | I52: 3 | J52: 2 | K52: 3 | L52: 0 | M52: 149 | N52: 0 | O52: =SUM(C52:L52,N52) -> 117 | P52: =SUM(C52:N52) -> 266
B53: 17.45 -18.00 | C53: 83 | D53: 13 | E53: 4 | F53: 35 | G53: 1 | H53: 0 | I53: 0 | J53: 7 | K53: 1 | L53: 0 | M53: 123 | N53: 0 | O53: =SUM(C53:L53,N53) -> 144 | P53: =SUM(C53:N53) -> 267
B54: 18.00 - 18.15 | C54: 90 | D54: 8 | E54: 6 | F54: 27 | G54: 2 | H54: 0 | I54: 5 | J54: 5 | K54: 0 | L54: 0 | M54: 133 | N54: 0 | O54: =SUM(C54:L54,N54) -> 143 | P54: =SUM(C54:N54) -> 276
... B56: 18.30 - 18.45 | C56: 46 | D56: 8 | E56: 6 | F56: 12 | G56: 0 | H56: 0 | I56: 5 | J56: 3 | K56: 0 | L56: 0 | M56: 130 | N56: 0 | O56: =SUM(C56:L56,N56) -> 80 | P56: =SUM(C56:N56) -> 210
B57: 18.45 - 19.00 | C57: 55 | D57: 6 | E57: 17 | F57: 25 | G57: 0 | H57: 0 | I57: 2 | K57: 0 | L57: 0 | M57: 158 | N57: 0 | O57: =SUM(C57:L57,N57) -> 105 | P57: =SUM(C57:N57) -> 263
B58: 19.00 - 19.15 | C58: 60 | D58: 10 | E58: 3 | F58: 28 | G58: 1 | H58: 0 | I58: 3 | J58: 1 | K58: 0 | L58: 0 | M58: 93 | N58: 0 | O58: =SUM(C58:L58,N58) -> 106 | P58: =SUM(C58:N58) -> 199
B59: 19.15 - 19.30 | C59: 64 | D59: 4 | E59: 8 | F59: 23 | G59: 2 | H59: 0 | I59: 0 | J59: 3 | K59: 7 | L59: 0 | M59: 103 | N59: 0 | O59: =SUM(C59:L59,N59) -> 111 | P59: =SUM(C59:N59) -> 214
B60: 19.30 - 19.45 | C60: 75 | D60: 8 | E60: 6 | F60: 17 | G60: 0 | H60: 0 | I60: 1 | J60: 2 | K60: 0 | L60: 0 | M60: 421 | N60: 0 | O60: =SUM(C60:L60,N60) -> 109 | P60: =SUM(C60:N60) -> 530
B61: 19.45 - 20.00 | C61: 60 | D61: 1 | E61: 7 | F61: 27 | G61: 0 | H61: 0 | I61: 4 | J61: 1 | K61: 0 | L61: 0 | M61: 166 | N61: 0 | O61: =SUM(C61:L61,N61) -> 100 | P61: =SUM(C61:N61) -> 266
B62: 20.00 - 20.15 | C62: 35 | D62: 3 | E62: 4 | F62: 14 | G62: 0 | H62: 0 | I62: 4 | J62: 0 | K62: 1 | L62: 0 | M62: 136 | N62: 0 | O62: =SUM(C62:L62,N62) -> 61 | P62: =SUM(C62:N62) -> 197
B63: 20.15 - 20.30 | C63: 60 | D63: 3 | E63: 7 | F63: 30 | G63: 0 | H63: 0 | I63: 5 | J63: 2 | K63: 1 | L63: 0 | M63: 117 | N63: 0 | O63: =SUM(C63:L63,N63) -> 108 | P63: =SUM(C63:N63) -> 225
B64: 20.30 - 20.45 | C64: 57 | D64: 1 | E64: 4 | F64: 33 | G64: 0 | H64: 0 | I64: 5 | J64: 2 | K64: 1 | L64: 0 | M64: 125 | N64: 0 | O64: =SUM(C64:L64,N64) -> 103 | P64: =SUM(C64:N64) -> 228
B65: 20.45 - 21.00 | C65: 65 | D65: 2 | E65: 3 | F65: 18 | G65: 0 | H65: 0 | I65: 4 | J65: 0 | K65: 1 | L65: 0 | M65: 136 | N65: 0 | O65: =SUM(C65:L65,N65) -> 93 | P65: =SUM(C65:N65) -> 229
B66: 21.00 - 21.15 | C66: 32 | D66: 5 | E66: 3 | F66: 20 | G66: 0 | H66: 0 | I66: 2 | J66: 0 | K66: 1 | L66: 0 | M66: 83 | N66: 0 | O66: =SUM(C66:L66,N66) -> 63 | P66: =SUM(C66:N66) -> 146
B67: 21.15 - 21.30 | C67: 40 | D67: 3 | E67: 4 | F67: 16 | G67: 0 | H67: 0 | I67: 3 | J67: 2 | K67: 0 | L67: 0 | M67: 81 | N67: 0 | O67: =SUM(C67:L67,N67) -> 68 | P67: =SUM(C67:N67) -> 149
B68: 21.30 - 21.45 | C68: 32 | D68: 4 | E68: 4 | F68: 15 | G68: 2 | H68: 0 | I68: 3 | J68: 2 | K68: 0 | L68: 0 | M68: 81 | N68: 0 | O68: =SUM(C68:L68,N68) -> 62 | P68: =SUM(C68:N68) -> 143
B69: 21.45 - 22.00 | C69: 46 | D69: 2 | E69: 6 | F69: 14 | G69: 0 | H69: 0 | I69: 4 | J69: 1 | K69: 1 | L69: 0 | M69: 50 | N69: 0 | O69: =SUM(C69:L69,N69) -> 74 | P69: =SUM(C69:N69) -> 124
... B105: 06.45 - 07.00 | C105: 7 | D105: 1 | E105: 4 | F105: 21 | G105: 0 | H105: 0 | I105: 0 | J105: 2 | K105: 1 | L105: 0 | M105: 40 | N105: 0 | O105: =SUM(C105:L105,N105) -> 36 | P105: =SUM(C105:N105) -> 76
B106: Totals | C106: =SUM(C10:C105) -> 4828 | D106: =SUM(D10:D105) -> 453 | E106: =SUM(E10:E105) -> 565 | F106: =SUM(F10:F105) -> 1540 | G106: =SUM(G10:G105) -> 20 | H106: =SUM(H10:H105) -> 71 | I106: =SUM(I10:I105) -> 258 | J106: =SUM(J10:J105) -> 107 | ... P106: =SUM(P10:P105) -> 16808
B107: %ges + MCs | C107: =C106/$P$106 -> 0.28724417 | D107: =D106/$P$106 -> 0.026951452 | E107: =E106/$P$106 -> 0.033614945 | F107: =F106/$P$106 -> 0.091623037 | G107: =G106/$P$106 -> 0.0011899096 | H107: =H106/$P$106 -> 0.004224179 | I107: =I106/$P$106 -> 0.015349833 | J107: =J106/$P$106 -> 0.0063660162 | ... N107: =N106/$P$106 -> 0
B108: %ges w/o MCs | C108: =C106/$O$106 -> 0.61090725 | D108: =D106/$O$106 -> 0.057320005 | E108: =E106/$O$106 -> 0.071491839 | F108: =F106/$O$106 -> 0.19486271 | G108: =G106/$O$106 -> 0.0025306846 | H108: =H106/$O$106 -> 0.0089839302 | I108: =I106/$O$106 -> 0.032645831 | J108: =J106/$O$106 -> 0.013539162 | ... L108: =L106/$O$106 -> 0.0012653423 | N108: =N106/$O$106 -> 0

Sheet 03.08 KIREKA-NAMUGONGO-24h
B1: Consultancy services for Preparation of Expressway Development Master Plan (EDMP) for Uganda
B2: MANUAL CLASSIFIED COUNT (MCC)
B3: ROAD NAME: | C3: ='01.08 NAMUGONGO-KIREKA'!C3:G3 -> MCC - C1 - STN039 - NAMUGONGO ROAD
C5: Date | D5: ='03.08 NAMUGONGO-KIREKA-24h'!D5 -> 03.08.19 | F5: Location | G5: ='03.08 NAMUGONGO-KIREKA-24h'!G5:H5 -> AGENDA | J5: Surveyor | K5: ='03.08 NAMUGONGO-KIREKA-24h'!K5:L5 -> STEVEN
C6: Dir. From | D6: ='01.08 KIREKA-NAMUGONGO'!D6:E6 -> KIREKA | F6: Dir. To | G6: ='02.08 KIREKA-NAMUGONGO'!G6:H6 -> NAMUGONGO | J6: Supervisor | K6: ='03.08 NAMUGONGO-KIREKA-24h'!K6:L6 -> NAIDO GRACE BRENDA
B8: Time / Veh Type | R8: SUMMARY TRAFFIC VOLUMES
C9: 1. Car | D9: 2. Station Wagon | E9: 3. Pickups | F9: 4. Minibus, matatu | G9: 5. Medium bus | H9: 6. Large Bus | I9: 7. Light Truck | J9: 8. Medium Truck | K9: 9. Heavy truck | L9: 10. Truck Trailer | M9: 11. Motor cycles | N9: 12. Tractors | O9: Total Excl M/Cycles | P9: Total All | R9: Time | S9: 1. Car | T9: 2. Station Wagon | U9: 3. Pickups | V9: 4. Minibus, matatu | W9: 5. Medium bus | X9: 6. Large Bus | Y9: 7. Light Truck | Z9: 8. Medium Truck | AA9: 9. Heavy truck | AB9: 10. Truck Trailer | AC9: 11. Motorcycles | AD9: 12. Tractors, Graders | AE9: Total Excl M/ Cycles | AF9: Total All
B10: 07.00 - 07.15 | C10: 11 | D10: 2 | E10: 3 | F10: 6 | G10: 1 | H10: 0 | I10: 11 | J10: 0 | K10: 0 | L10: 0 | M10: 75 | N10: 0 | O10: =SUM(C10:L10,N10) -> 34 | P10: =SUM(C10:N10) -> 109 | R10: 0700-0800 | S10: =SUM(C10:C13) -> 109 | T10: =SUM(D10:D13) -> 22 | U10: =SUM(E10:E13) -> 14 | V10: =SUM(F10:F13) -> 37 | W10: =SUM(G10:G13) -> 3 | X10: =SUM(H10:H13) -> 0 | Y10: =SUM(I10:I13) -> 26 | Z10: =SUM(J10:J13) -> 4 | ... AF10: =SUM(P10:P13) -> 503
B11: 07.15 - 07.30 | C11: 29 | D11: 3 | E11: 2 | F11: 8 | G11: 2 | H11: 0 | I11: 7 | J11: 2 | K11: 0 | L11: 0 | M11: 52 | N11: 0 | O11: =SUM(C11:L11,N11) -> 53 | P11: =SUM(C11:N11) -> 105 | R11: 0800-0900 | S11: =SUM(C14:C17) -> 157 | T11: =SUM(D14:D17) -> 44 | U11: =SUM(E14:E17) -> 14 | V11: =SUM(F14:F17) -> 58 | W11: =SUM(G14:G17) -> 0 | X11: =SUM(H14:H17) -> 1 | Y11: =SUM(I14:I17) -> 19 | Z11: =SUM(J14:J17) -> 2 | ... AF11: =SUM(P14:P17) -> 792
B12: 07.30 - 07.45 | C12: 41 | D12: 6 | E12: 3 | F12: 13 | G12: 0 | H12: 0 | I12: 4 | J12: 1 | K12: 1 | L12: 0 | M12: 55 | N12: 0 | O12: =SUM(C12:L12,N12) -> 69 | P12: =SUM(C12:N12) -> 124 | R12: 0900-1000 | S12: =SUM(C18:C21) -> 171 | T12: =SUM(D18:D21) -> 47 | U12: =SUM(E18:E21) -> 36 | V12: =SUM(F18:F21) -> 62 | W12: =SUM(G18:G21) -> 2 | X12: =SUM(H18:H21) -> 0 | Y12: =SUM(I18:I21) -> 28 | Z12: =SUM(J18:J21) -> 2 | ... AF12: =SUM(P18:P21) -> 862
B13: 07.45 - 08.00 | C13: 28 | D13: 11 | E13: 6 | F13: 10 | G13: 0 | H13: 0 | I13: 4 | J13: 1 | K13: 0 | L13: 0 | M13: 105 | N13: 0 | O13: =SUM(C13:L13,N13) -> 60 | P13: =SUM(C13:N13) -> 165 | R13: 1000-1100 | S13: =SUM(C22:C25) -> 217 | T13: =SUM(D22:D25) -> 66 | U13: =SUM(E22:E25) -> 30 | V13: =SUM(F22:F25) -> 71 | W13: =SUM(G22:G25) -> 0 | X13: =SUM(H22:H25) -> 0 | Y13: =SUM(I22:I25) -> 28 | Z13: =SUM(J22:J25) -> 7 | ... AF13: =SUM(P22:P25) -> 946
B14: 08.00 - 08.15 | C14: 40 | D14: 10 | E14: 1 | F14: 16 | G14: 0 | H14: 0 | I14: 2 | J14: 0 | K14: 0 | L14: 1 | M14: 111 | N14: 0 | O14: =SUM(C14:L14,N14) -> 70 | P14: =SUM(C14:N14) -> 181 | R14: 1100-1200 | S14: =SUM(C26:C29) -> 235 | T14: =SUM(D26:D29) -> 74 | U14: =SUM(E26:E29) -> 36 | V14: =SUM(F26:F29) -> 65 | W14: =SUM(G26:G29) -> 1 | X14: =SUM(H26:H29) -> 5 | Y14: =SUM(I26:I29) -> 19 | Z14: =SUM(J26:J29) -> 3 | ... AF14: =SUM(P26:P29) -> 956
B15: 08.15 - 08.30 | C15: 30 | D15: 5 | E15: 9 | F15: 17 | G15: 0 | H15: 0 | I15: 7 | J15: 2 | K15: 4 | L15: 0 | M15: 125 | N15: 0 | O15: =SUM(C15:L15,N15) -> 74 | P15: =SUM(C15:N15) -> 199 | R15: 1200-1300 | S15: =SUM(C30:C33) -> 281 | T15: =SUM(D30:D33) -> 80 | U15: =SUM(E30:E33) -> 37 | V15: =SUM(F30:F33) -> 56 | W15: =SUM(G30:G33) -> 1 | X15: =SUM(H30:H33) -> 0 | Y15: =SUM(I30:I33) -> 43 | Z15: =SUM(J30:J33) -> 8 | ... AF15: =SUM(P30:P33) -> 1062
B16: 08.30 - 08.45 | C16: 48 | D16: 12 | E16: 3 | F16: 13 | G16: 0 | H16: 1 | I16: 4 | J16: 0 | K16: 2 | L16: 0 | M16: 144 | N16: 0 | O16: =SUM(C16:L16,N16) -> 83 | P16: =SUM(C16:N16) -> 227 | R16: 1300-1400 | S16: =SUM(C34:C37) -> 286 | T16: =SUM(D34:D37) -> 93 | U16: =SUM(E34:E37) -> 47 | V16: =SUM(F34:F37) -> 72 | W16: =SUM(G34:G37) -> 0 | X16: =SUM(H34:H37) -> 0 | Y16: =SUM(I34:I37) -> 31 | Z16: =SUM(J34:J37) -> 8 | ... AF16: =SUM(P34:P37) -> 987
B17: 08.45 - 9.00 | C17: 39 | D17: 17 | E17: 1 | F17: 12 | G17: 0 | H17: 0 | I17: 6 | J17: 0 | K17: 0 | L17: 0 | M17: 110 | N17: 0 | O17: =SUM(C17:L17,N17) -> 75 | P17: =SUM(C17:N17) -> 185 | R17: 1400-1500 | S17: =SUM(C38:C41) -> 351 | T17: =SUM(D38:D41) -> 103 | U17: =SUM(E38:E41) -> 53 | V17: =SUM(F38:F41) -> 75 | W17: =SUM(G38:G41) -> 6 | X17: =SUM(H38:H41) -> 0 | Y17: =SUM(I38:I41) -> 23 | Z17: =SUM(J38:J41) -> 4 | ... AF17: =SUM(P38:P41) -> 1008
B18: 09.00 - 09.15 | C18: 38 | D18: 11 | E18: 4 | F18: 17 | G18: 0 | H18: 0 | I18: 5 | J18: 1 | K18: 0 | L18: 0 | M18: 120 | N18: 0 | O18: =SUM(C18:L18,N18) -> 76 | P18: =SUM(C18:N18) -> 196 | R18: 1500-1600 | S18: =SUM(C42:C45) -> 304 | T18: =SUM(D42:D45) -> 176 | U18: =SUM(E42:E45) -> 59 | V18: =SUM(F42:F45) -> 52 | W18: =SUM(G42:G45) -> 0 | X18: =SUM(H42:H45) -> 0 | Y18: =SUM(I42:I45) -> 25 | Z18: =SUM(J42:J45) -> 7 | ... AF18: =SUM(P42:P45) -> 1123
B19: 09.15 - 09.30 | C19: 34 | D19: 10 | E19: 13 | F19: 9 | G19: 0 | H19: 0 | I19: 6 | J19: 1 | K19: 0 | L19: 1 | M19: 145 | N19: 0 | O19: =SUM(C19:L19,N19) -> 74 | P19: =SUM(C19:N19) -> 219 | R19: 1600-1700 | S19: =SUM(C46:C49) -> 377 | T19: =SUM(D46:D49) -> 102 | U19: =SUM(E46:E49) -> 27 | V19: =SUM(F46:F49) -> 69 | W19: =SUM(G46:G49) -> 4 | X19: =SUM(H46:H49) -> 0 | Y19: =SUM(I46:I49) -> 27 | Z19: =SUM(J46:J49) -> 7 | ... AF19: =SUM(P46:P49) -> 1132
B20: 09.30 - 09.45 | C20: 54 | D20: 11 | E20: 10 | F20: 20 | G20: 1 | H20: 0 | I20: 11 | J20: 0 | K20: 0 | L20: 0 | M20: 128 | N20: 0 | O20: =SUM(C20:L20,N20) -> 107 | P20: =SUM(C20:N20) -> 235 | R20: 1700-1800 | S20: =SUM(C50:C53) -> 349 | T20: =SUM(D50:D53) -> 136 | U20: =SUM(E50:E53) -> 87 | V20: =SUM(F50:F53) -> 109 | W20: =SUM(G50:G53) -> 2 | X20: =SUM(H50:H53) -> 0 | Y20: =SUM(I50:I53) -> 19 | Z20: =SUM(J50:J53) -> 10 | ... AF20: =SUM(P50:P53) -> 1311
B21: 09.45 - 10.00 | C21: 45 | D21: 15 | E21: 9 | F21: 16 | G21: 1 | H21: 0 | I21: 6 | J21: 0 | K21: 0 | L21: 0 | M21: 120 | N21: 0 | O21: =SUM(C21:L21,N21) -> 92 | P21: =SUM(C21:N21) -> 212 | R21: 1800-1900 | S21: =SUM(C54:C57) -> 325 | T21: =SUM(D54:D57) -> 108 | U21: =SUM(E54:E57) -> 75 | V21: =SUM(F54:F57) -> 82 | W21: =SUM(G54:G57) -> 1 | X21: =SUM(H54:H57) -> 1 | Y21: =SUM(I54:I57) -> 11 | Z21: =SUM(J54:J57) -> 6 | ... AF21: =SUM(P54:P57) -> 1182
B22: 10.00 - 10.15 | C22: 57 | D22: 11 | E22: 7 | F22: 14 | G22: 0 | H22: 0 | I22: 11 | J22: 2 | K22: 0 | L22: 0 | M22: 127 | N22: 0 | O22: =SUM(C22:L22,N22) -> 102 | P22: =SUM(C22:N22) -> 229 | R22: 1900-2000 | S22: =SUM(C58:C61) -> 238 | T22: =SUM(D58:D61) -> 69 | U22: =SUM(E58:E61) -> 22 | V22: =SUM(F58:F61) -> 61 | W22: =SUM(G58:G61) -> 1 | X22: =SUM(H58:H61) -> 1 | Y22: =SUM(I58:I61) -> 11 | Z22: =SUM(J58:J61) -> 8 | ... AF22: =SUM(P58:P61) -> 984
B23: 10.15 - 10.30 | C23: 40 | D23: 9 | E23: 9 | F23: 13 | G23: 0 | H23: 0 | I23: 3 | J23: 1 | K23: 1 | L23: 0 | M23: 132 | N23: 0 | O23: =SUM(C23:L23,N23) -> 76 | P23: =SUM(C23:N23) -> 208 | R23: 2000-2100 | S23: =SUM(C62:C65) -> 296 | T23: =SUM(D62:D65) -> 83 | U23: =SUM(E62:E65) -> 35 | V23: =SUM(F62:F65) -> 98 | W23: =SUM(G62:G65) -> 0 | X23: =SUM(H62:H65) -> 0 | Y23: =SUM(I62:I65) -> 8 | Z23: =SUM(J62:J65) -> 10 | ... AF23: =SUM(P62:P65) -> 1207
B24: 10.30 - 10.45 | C24: 60 | D24: 16 | E24: 4 | F24: 28 | G24: 0 | H24: 0 | I24: 7 | J24: 3 | K24: 4 | L24: 0 | M24: 129 | N24: 0 | O24: =SUM(C24:L24,N24) -> 122 | P24: =SUM(C24:N24) -> 251 | R24: 2100-2200 | S24: =SUM(C66:C69) -> 187 | T24: =SUM(D66:D69) -> 81 | U24: =SUM(E66:E69) -> 30 | V24: =SUM(F66:F69) -> 83 | W24: =SUM(G66:G69) -> 0 | X24: =SUM(H66:H69) -> 0 | Y24: =SUM(I66:I69) -> 5 | Z24: =SUM(J66:J69) -> 0 | ... AF24: =SUM(P66:P69) -> 920
B25: 10.45 - 11.00 | C25: 60 | D25: 30 | E25: 10 | F25: 16 | G25: 0 | H25: 0 | I25: 7 | J25: 1 | K25: 1 | L25: 0 | M25: 133 | N25: 0 | O25: =SUM(C25:L25,N25) -> 125 | P25: =SUM(C25:N25) -> 258 | R25: 2200-2300 | S25: =SUM(C70:C73) -> 304 | T25: =SUM(D70:D73) -> 143 | U25: =SUM(E70:E73) -> 42 | V25: =SUM(F70:F73) -> 67 | W25: =SUM(G70:G73) -> 0 | X25: =SUM(H70:H73) -> 0 | Y25: =SUM(I70:I73) -> 11 | Z25: =SUM(J70:J73) -> 3 | ... AF25: =SUM(P70:P73) -> 1041
B26: 11.00 - 11.15 | C26: 54 | D26: 13 | E26: 7 | F26: 13 | G26: 1 | H26: 0 | I26: 8 | J26: 1 | K26: 1 | L26: 1 | M26: 134 | N26: 0 | O26: =SUM(C26:L26,N26) -> 99 | P26: =SUM(C26:N26) -> 233 | R26: 2300-0000 | S26: =SUM(C74:C77) -> 144 | T26: =SUM(D74:D77) -> 101 | U26: =SUM(E74:E77) -> 11 | V26: =SUM(F74:F77) -> 23 | W26: =SUM(G74:G77) -> 0 | X26: =SUM(H74:H77) -> 0 | Y26: =SUM(I74:I77) -> 7 | Z26: =SUM(J74:J77) -> 10 | ... AF26: =SUM(P74:P77) -> 565
B27: 11.15 - 11.30 | C27: 68 | D27: 24 | E27: 11 | F27: 15 | G27: 0 | H27: 0 | I27: 6 | J27: 1 | K27: 1 | L27: 1 | M27: 137 | N27: 0 | O27: =SUM(C27:L27,N27) -> 127 | P27: =SUM(C27:N27) -> 264 | R27: 0000-0100 | S27: =SUM(C78:C81) -> 103 | T27: =SUM(D78:D81) -> 47 | U27: =SUM(E78:E81) -> 13 | V27: =SUM(F78:F81) -> 10 | W27: =SUM(G78:G81) -> 0 | X27: =SUM(H78:H81) -> 0 | Y27: =SUM(I78:I81) -> 2 | Z27: =SUM(J78:J81) -> 0 | ... AF27: =SUM(P78:P81) -> 345
B28: 11.30 - 11.45 | C28: 52 | D28: 15 | E28: 10 | F28: 18 | G28: 0 | H28: 5 | I28: 2 | J28: 1 | K28: 0 | L28: 0 | M28: 120 | N28: 0 | O28: =SUM(C28:L28,N28) -> 103 | P28: =SUM(C28:N28) -> 223 | R28: 0100-0200 | S28: =SUM(C82:C85) -> 65 | T28: =SUM(D82:D85) -> 15 | U28: =SUM(E82:E85) -> 1 | V28: =SUM(F82:F85) -> 1 | W28: =SUM(G82:G85) -> 0 | X28: =SUM(H82:H85) -> 0 | Y28: =SUM(I82:I85) -> 2 | Z28: =SUM(J82:J85) -> 3 | ... AF28: =SUM(P82:P85) -> 233
B29: 11.45 - 12.00 | C29: 61 | D29: 22 | E29: 8 | F29: 19 | G29: 0 | H29: 0 | I29: 3 | J29: 0 | K29: 1 | L29: 0 | M29: 122 | N29: 0 | O29: =SUM(C29:L29,N29) -> 114 | P29: =SUM(C29:N29) -> 236 | R29: 0200-0300 | S29: =SUM(C86:C89) -> 58 | T29: =SUM(D86:D89) -> 18 | U29: =SUM(E86:E89) -> 4 | V29: =SUM(F86:F89) -> 7 | W29: =SUM(G86:G89) -> 0 | X29: =SUM(H86:H89) -> 0 | Y29: =SUM(I86:I89) -> 0 | Z29: =SUM(J86:J89) -> 1 | ... AF29: =SUM(P86:P89) -> 160
B30: 12.00 - 12.15 | C30: 66 | D30: 15 | E30: 12 | F30: 8 | G30: 0 | H30: 0 | I30: 20 | J30: 4 | K30: 1 | L30: 1 | M30: 137 | N30: 0 | O30: =SUM(C30:L30,N30) -> 127 | P30: =SUM(C30:N30) -> 264 | R30: 0300-0400 | S30: =SUM(C90:C93) -> 57 | T30: =SUM(D90:D93) -> 19 | U30: =SUM(E90:E93) -> 1 | V30: =SUM(F90:F93) -> 9 | W30: =SUM(G90:G93) -> 0 | X30: =SUM(H90:H93) -> 0 | Y30: =SUM(I90:I93) -> 2 | Z30: =SUM(J90:J93) -> 1 | ... AF30: =SUM(P90:P93) -> 150
B31: 12.15 - 12.30 | C31: 75 | D31: 17 | E31: 5 | F31: 18 | G31: 1 | H31: 0 | I31: 3 | J31: 1 | K31: 1 | L31: 0 | M31: 140 | N31: 0 | O31: =SUM(C31:L31,N31) -> 121 | P31: =SUM(C31:N31) -> 261 | R31: 0400-0500 | S31: =SUM(C94:C97) -> 66 | T31: =SUM(D94:D97) -> 23 | U31: =SUM(E94:E97) -> 5 | V31: =SUM(F94:F97) -> 32 | W31: =SUM(G94:G97) -> 0 | X31: =SUM(H94:H97) -> 0 | Y31: =SUM(I94:I97) -> 4 | Z31: =SUM(J94:J97) -> 2 | ... AF31: =SUM(P94:P97) -> 172
B32: 12.30 - 12.45 | C32: 65 | D32: 34 | E32: 8 | F32: 12 | G32: 0 | H32: 0 | I32: 10 | J32: 1 | K32: 0 | L32: 1 | M32: 140 | N32: 0 | O32: =SUM(C32:L32,N32) -> 131 | P32: =SUM(C32:N32) -> 271 | R32: 0500-0600 | S32: =SUM(C98:C101) -> 50 | T32: =SUM(D98:D101) -> 15 | U32: =SUM(E98:E101) -> 16 | V32: =SUM(F98:F101) -> 16 | W32: =SUM(G98:G101) -> 0 | X32: =SUM(H98:H101) -> 0 | Y32: =SUM(I98:I101) -> 2 | Z32: =SUM(J98:J101) -> 1 | ... AF32: =SUM(P98:P101) -> 174
B33: 12.45 - 13.00 | C33: 75 | D33: 14 | E33: 12 | F33: 18 | G33: 0 | H33: 0 | I33: 10 | J33: 2 | K33: 0 | L33: 0 | M33: 135 | N33: 0 | O33: =SUM(C33:L33,N33) -> 131 | P33: =SUM(C33:N33) -> 266 | R33: 0600-0700 | S33: =SUM(C102:C105) -> 33 | T33: =SUM(D102:D105) -> 5 | U33: =SUM(E102:E105) -> 5 | V33: =SUM(F102:F105) -> 24 | W33: =SUM(G102:G105) -> 0 | X33: =SUM(H102:H105) -> 1 | Y33: =SUM(I102:I105) -> 3 | Z33: =SUM(J102:J105) -> 1 | ... AF33: =SUM(P102:P105) -> 215
B34: 13.00 - 13.15 | C34: 65 | D34: 28 | E34: 15 | F34: 20 | G34: 0 | H34: 0 | I34: 9 | J34: 1 | K34: 1 | L34: 0 | M34: 110 | N34: 0 | O34: =SUM(C34:L34,N34) -> 139 | P34: =SUM(C34:N34) -> 249 | R34: AM Peak Hr | S34: =MAX(S10:S12) -> 171 | T34: =MAX(T10:T12) -> 47 | U34: =MAX(U10:U12) -> 36 | V34: =MAX(V10:V12) -> 62 | W34: =MAX(W10:W12) -> 3 | X34: =MAX(X10:X12) -> 1 | Y34: =MAX(Y10:Y12) -> 28 | Z34: =MAX(Z10:Z12) -> 4 | ... AF34: =MAX(AF10:AF12) -> 862
B35: 13.15 - 13.30 | C35: 60 | D35: 20 | E35: 6 | F35: 14 | G35: 0 | H35: 0 | I35: 13 | J35: 4 | K35: 1 | L35: 0 | M35: 128 | N35: 0 | O35: =SUM(C35:L35,N35) -> 118 | P35: =SUM(C35:N35) -> 246 | R35: IP Peak Hr | S35: =MAX(S13:S18) -> 351 | T35: =MAX(T13:T18) -> 176 | U35: =MAX(U13:U18) -> 59 | V35: =MAX(V13:V18) -> 75 | W35: =MAX(W13:W18) -> 6 | X35: =MAX(X13:X18) -> 5 | Y35: =MAX(Y13:Y18) -> 43 | Z35: =MAX(Z13:Z18) -> 8 | ... AF35: =MAX(AF13:AF18) -> 1123
B36: 13.30 - 13.45 | C36: 81 | D36: 23 | E36: 12 | F36: 22 | G36: 0 | H36: 0 | I36: 2 | J36: 2 | K36: 1 | L36: 0 | M36: 95 | N36: 0 | O36: =SUM(C36:L36,N36) -> 143 | P36: =SUM(C36:N36) -> 238 | R36: PM Peak Hr | S36: =MAX(S19:S21) -> 377 | T36: =MAX(T19:T21) -> 136 | U36: =MAX(U19:U21) -> 87 | V36: =MAX(V19:V21) -> 109 | W36: =MAX(W19:W21) -> 4 | X36: =MAX(X19:X21) -> 1 | Y36: =MAX(Y19:Y21) -> 27 | Z36: =MAX(Z19:Z21) -> 10 | ... AF36: =MAX(AF19:AF21) -> 1311
B37: 13.45 - 14.00 | C37: 80 | D37: 22 | E37: 14 | F37: 16 | G37: 0 | H37: 0 | I37: 7 | J37: 1 | K37: 0 | L37: 0 | M37: 114 | N37: 0 | O37: =SUM(C37:L37,N37) -> 140 | P37: =SUM(C37:N37) -> 254 | R37: AM Period | S37: =SUM(S10:S12) -> 437 | T37: =SUM(T10:T12) -> 113 | U37: =SUM(U10:U12) -> 64 | V37: =SUM(V10:V12) -> 157 | W37: =SUM(W10:W12) -> 5 | X37: =SUM(X10:X12) -> 1 | Y37: =SUM(Y10:Y12) -> 73 | Z37: =SUM(Z10:Z12) -> 8 | ... AF37: =SUM(AF10:AF12) -> 2157
B38: 14.00 - 14.15 | C38: 85 | D38: 26 | E38: 10 | F38: 18 | G38: 2 | H38: 0 | I38: 5 | J38: 4 | K38: 1 | L38: 1 | M38: 143 | N38: 0 | O38: =SUM(C38:L38,N38) -> 152 | P38: =SUM(C38:N38) -> 295 | R38: IP Period | S38: =SUM(S13:S18) -> 1674 | T38: =SUM(T13:T18) -> 592 | U38: =SUM(U13:U18) -> 262 | V38: =SUM(V13:V18) -> 391 | W38: =SUM(W13:W18) -> 8 | X38: =SUM(X13:X18) -> 5 | Y38: =SUM(Y13:Y18) -> 169 | Z38: =SUM(Z13:Z18) -> 37 | ... AF38: =SUM(AF13:AF18) -> 6082
B39: 14.15 - 14.30 | C39: 81 | D39: 33 | E39: 14 | F39: 19 | G39: 1 | H39: 0 | I39: 8 | J39: 0 | K39: 1 | L39: 0 | M39: 126 | N39: 0 | O39: =SUM(C39:L39,N39) -> 157 | P39: =SUM(C39:N39) -> 283 | R39: PM Period | S39: =SUM(S19:S21) -> 1051 | T39: =SUM(T19:T21) -> 346 | U39: =SUM(U19:U21) -> 189 | V39: =SUM(V19:V21) -> 260 | W39: =SUM(W19:W21) -> 7 | X39: =SUM(X19:X21) -> 1 | Y39: =SUM(Y19:Y21) -> 57 | Z39: =SUM(Z19:Z21) -> 23 | ... AF39: =SUM(AF19:AF21) -> 3625
B40: 14.30 - 14.45 | C40: 85 | D40: 14 | E40: 15 | F40: 18 | G40: 0 | H40: 0 | I40: 8 | J40: 0 | K40: 1 | L40: 0 | M40: 120 | N40: 0 | O40: =SUM(C40:L40,N40) -> 141 | P40: =SUM(C40:N40) -> 261 | R40: 12 Hours | S40: =SUM(S10:S21) -> 3162 | T40: =SUM(T10:T21) -> 1051 | U40: =SUM(U10:U21) -> 515 | V40: =SUM(V10:V21) -> 808 | W40: =SUM(W10:W21) -> 20 | X40: =SUM(X10:X21) -> 7 | Y40: =SUM(Y10:Y21) -> 299 | Z40: =SUM(Z10:Z21) -> 68 | ... AF40: =SUM(AF10:AF21) -> 11864
B41: 14.45 - 15.00 | C41: 100 | D41: 30 | E41: 14 | F41: 20 | G41: 3 | H41: 0 | I41: 2 | J41: 0 | K41: 0 | L41: 0 | M41: 0 | N41: 0 | O41: =SUM(C41:L41,N41) -> 169 | P41: =SUM(C41:N41) -> 169 | R41: 24 Hrs/ADT | S41: =SUM(S10:S33) -> 4763 | T41: =SUM(T10:T33) -> 1670 | U41: =SUM(U10:U33) -> 700 | V41: =SUM(V10:V33) -> 1239 | W41: =SUM(W10:W33) -> 21 | X41: =SUM(X10:X33) -> 9 | Y41: =SUM(Y10:Y33) -> 356 | Z41: =SUM(Z10:Z33) -> 108 | ... AF41: =SUM(AF10:AF33) -> 18030
B42: 15.00 - 15.15 | C42: 90 | D42: 75 | E42: 24 | F42: 17 | G42: 0 | H42: 0 | I42: 7 | J42: 2 | K42: 1 | L42: 0 | M42: 105 | N42: 0 | O42: =SUM(C42:L42,N42) -> 216 | P42: =SUM(C42:N42) -> 321 | R42: NEF | S42: =S41/S40 -> 1.5063251 | T42: =T41/T40 -> 1.5889629 | U42: =U41/U40 -> 1.3592233 | V42: =V41/V40 -> 1.5334158 | W42: =W41/W40 -> 1.05 | X42: =X41/X40 -> 1.2857143 | Y42: =Y41/Y40 -> 1.1906355 | Z42: =Z41/Z40 -> 1.5882353 | ... AF42: =AF41/AF40 -> 1.5197235
B43: 15.15 - 15.30 | C43: 64 | D43: 55 | E43: 7 | F43: 14 | G43: 0 | H43: 0 | I43: 6 | J43: 0 | K43: 0 | L43: 1 | M43: 149 | N43: 0 | O43: =SUM(C43:L43,N43) -> 147 | P43: =SUM(C43:N43) -> 296
B44: 15.30 - 15.45 | C44: 66 | D44: 25 | E44: 15 | F44: 1 | G44: 0 | H44: 0 | I44: 8 | J44: 3 | K44: 2 | L44: 2 | M44: 133 | N44: 0 | O44: =SUM(C44:L44,N44) -> 122 | P44: =SUM(C44:N44) -> 255
B45: 15.45 - 16.00 | C45: 84 | D45: 21 | E45: 13 | F45: 20 | G45: 0 | H45: 0 | I45: 4 | J45: 2 | K45: 0 | L45: 1 | M45: 106 | N45: 0 | O45: =SUM(C45:L45,N45) -> 145 | P45: =SUM(C45:N45) -> 251
B46: 16.00 - 16.15 | C46: 81 | D46: 35 | E46: 11 | F46: 9 | G46: 0 | H46: 0 | I46: 9 | J46: 0 | K46: 0 | L46: 0 | M46: 155 | N46: 0 | O46: =SUM(C46:L46,N46) -> 145 | P46: =SUM(C46:N46) -> 300
B47: 16.15 -16.30 | C47: 111 | D47: 18 | E47: 4 | F47: 16 | G47: 1 | H47: 0 | I47: 4 | J47: 0 | K47: 1 | L47: 0 | M47: 90 | N47: 0 | O47: =SUM(C47:L47,N47) -> 155 | P47: =SUM(C47:N47) -> 245
B48: 16.30 -16.45 | C48: 110 | D48: 28 | E48: 4 | F48: 19 | G48: 0 | H48: 0 | I48: 7 | J48: 3 | K48: 0 | L48: 0 | M48: 124 | N48: 0 | O48: =SUM(C48:L48,N48) -> 171 | P48: =SUM(C48:N48) -> 295
B49: 16.45 -17.00 | C49: 75 | D49: 21 | E49: 8 | F49: 25 | G49: 3 | H49: 0 | I49: 7 | J49: 4 | K49: 0 | L49: 0 | M49: 149 | N49: 0 | O49: =SUM(C49:L49,N49) -> 143 | P49: =SUM(C49:N49) -> 292
B50: 17.00 -17.15 | C50: 96 | D50: 31 | E50: 12 | F50: 22 | G50: 1 | H50: 0 | I50: 6 | J50: 2 | K50: 1 | L50: 0 | M50: 145 | N50: 0 | O50: =SUM(C50:L50,N50) -> 171 | P50: =SUM(C50:N50) -> 316
B51: 17.15 -17.30 | C51: 90 | D51: 60 | E51: 35 | F51: 30 | G51: 0 | H51: 0 | I51: 4 | J51: 4 | K51: 1 | L51: 0 | M51: 157 | N51: 0 | O51: =SUM(C51:L51,N51) -> 224 | P51: =SUM(C51:N51) -> 381
B52: 17.30 -17.45 | C52: 85 | D52: 23 | E52: 17 | F52: 47 | G52: 0 | H52: 0 | I52: 3 | J52: 4 | K52: 0 | L52: 0 | M52: 152 | N52: 0 | O52: =SUM(C52:L52,N52) -> 179 | P52: =SUM(C52:N52) -> 331
B53: 17.45 -18.00 | C53: 78 | D53: 22 | E53: 23 | F53: 10 | G53: 1 | H53: 0 | I53: 6 | J53: 0 | K53: 0 | L53: 0 | M53: 143 | N53: 0 | O53: =SUM(C53:L53,N53) -> 140 | P53: =SUM(C53:N53) -> 283
B54: 18.00 - 18.15 | C54: 80 | D54: 28 | E54: 10 | F54: 25 | G54: 0 | H54: 1 | I54: 3 | J54: 4 | K54: 0 | L54: 0 | M54: 140 | N54: 0 | O54: =SUM(C54:L54,N54) -> 151 | P54: =SUM(C54:N54) -> 291
... B105: 06.45 - 07.00 | C105: 12 | D105: 3 | E105: 2 | F105: 9 | G105: 0 | H105: 1 | I105: 0 | J105: 1 | K105: 1 | L105: 0 | M105: 42 | N105: 0 | O105: =SUM(C105:L105,N105) -> 29 | P105: =SUM(C105:N105) -> 71
B106: Totals | C106: =SUM(C10:C105) -> 4763 | D106: =SUM(D10:D105) -> 1670 | E106: =SUM(E10:E105) -> 700 | F106: =SUM(F10:F105) -> 1239 | G106: =SUM(G10:G105) -> 21 | H106: =SUM(H10:H105) -> 9 | I106: =SUM(I10:I105) -> 356 | J106: =SUM(J10:J105) -> 108 | ... P106: =SUM(P10:P105) -> 18030
B107: %ges + MCs | C107: =C106/$P$106 -> 0.26417083 | D107: =D106/$P$106 -> 0.092623405 | E107: =E106/$P$106 -> 0.038824182 | F107: =F106/$P$106 -> 0.068718802 | G107: =G106/$P$106 -> 0.0011647255 | H107: =H106/$P$106 -> 0.00049916805 | I107: =I106/$P$106 -> 0.01974487 | J107: =J106/$P$106 -> 0.0059900166 | ... N107: =N106/$P$106 -> 0
B108: %ges w/o MCs | C108: =C106/$O$106 -> 0.53444794 | D108: =D106/$O$106 -> 0.18738779 | E108: =E106/$O$106 -> 0.078545781 | F108: =F106/$O$106 -> 0.13902603 | G108: =G106/$O$106 -> 0.0023563734 | H108: =H106/$O$106 -> 0.0010098743 | I108: =I106/$O$106 -> 0.03994614 | J108: =J106/$O$106 -> 0.012118492 | ... L108: =L106/$O$106 -> 0.0013464991 | N108: =N106/$O$106 -> 0

Sheet 04.08 NAMUGONGO-KIREKA
B1: Consultancy services for Preparation of Expressway Development Master Plan (EDMP) for Uganda
B2: MANUAL CLASSIFIED COUNT (MCC)
B3: ROAD NAME: | C3: ='01.08 NAMUGONGO-KIREKA'!C3:G3 -> MCC - C1 - STN039 - NAMUGONGO ROAD
C5: Date | D5: 04.08.19 | F5: Location | G5: ='01.08 NAMUGONGO-KIREKA'!G5:H5 -> AGENDA | J5: Surveyor | K5: ='01.08 NAMUGONGO-KIREKA'!K5:L5 -> STEVEN
C6: Dir. From | D6: ='01.08 NAMUGONGO-KIREKA'!D6:E6 -> NAMUGONGO | F6: Dir. To | G6: ='01.08 NAMUGONGO-KIREKA'!G6:H6 -> KIREKA | J6: Supervisor | K6: ='01.08 NAMUGONGO-KIREKA'!K6:L6 -> NAIDO GRACE BRENDA
B8: Time / Veh Type | R8: SUMMARY TRAFFIC VOLUMES
C9: 1. Car | D9: 2. Station Wagon | E9: 3. Pickups | F9: 4. Minibus, matatu | G9: 5. Medium bus | H9: 6. Large Bus | I9: 7. Light Truck | J9: 8. Medium Truck | K9: 9. Heavy truck | L9: 10. Truck Trailer | M9: 11. Motor cycles | N9: 12. Tractors | O9: Total Excl M/Cycles | P9: Total All | R9: Time | S9: 1. Car | T9: 2. Station Wagon | U9: 3. Pickups | V9: 4. Minibus, matatu | W9: 5. Medium bus | X9: 6. Large Bus | Y9: 7. Light Truck | Z9: 8. Medium Truck | AA9: 9. Heavy truck | AB9: 10. Truck Trailer | AC9: 11. Motorcycles | AD9: 12. Tractors, Graders | AE9: Total Excl M/ Cycles | AF9: Total All
B10: 07.00 - 07.15 | C10: 21 | D10: 1 | E10: 2 | F10: 16 | G10: 0 | H10: 0 | I10: 2 | J10: 1 | K10: 0 | L10: 0 | M10: 66 | N10: 0 | O10: =SUM(C10:L10,N10) -> 43 | P10: =SUM(C10:N10) -> 109 | R10: 0700-0800 | S10: =SUM(C10:C13) -> 155 | T10: =SUM(D10:D13) -> 11 | U10: =SUM(E10:E13) -> 10 | V10: =SUM(F10:F13) -> 118 | W10: =SUM(G10:G13) -> 4 | X10: =SUM(H10:H13) -> 0 | Y10: =SUM(I10:I13) -> 9 | Z10: =SUM(J10:J13) -> 6 | ... AF10: =SUM(P10:P13) -> 612
B11: 07.15 - 07.30 | C11: 52 | D11: 2 | E11: 1 | F11: 46 | G11: 1 | H11: 0 | I11: 1 | J11: 0 | K11: 0 | L11: 0 | M11: 73 | N11: 0 | O11: =SUM(C11:L11,N11) -> 103 | P11: =SUM(C11:N11) -> 176 | R11: 0800-0900 | S11: =SUM(C14:C17) -> 233 | T11: =SUM(D14:D17) -> 13 | U11: =SUM(E14:E17) -> 12 | V11: =SUM(F14:F17) -> 113 | W11: =SUM(G14:G17) -> 0 | X11: =SUM(H14:H17) -> 0 | Y11: =SUM(I14:I17) -> 5 | Z11: =SUM(J14:J17) -> 4 | ... AF11: =SUM(P14:P17) -> 814
B12: 07.30 - 07.45 | C12: 37 | D12: 2 | E12: 7 | F12: 16 | G12: 3 | H12: 0 | I12: 4 | J12: 4 | K12: 1 | L12: 0 | M12: 74 | N12: 0 | O12: =SUM(C12:L12,N12) -> 74 | P12: =SUM(C12:N12) -> 148 | R12: 0900-1000 | S12: =SUM(C18:C21) -> 279 | T12: =SUM(D18:D21) -> 28 | U12: =SUM(E18:E21) -> 24 | V12: =SUM(F18:F21) -> 82 | W12: =SUM(G18:G21) -> 1 | X12: =SUM(H18:H21) -> 0 | Y12: =SUM(I18:I21) -> 22 | Z12: =SUM(J18:J21) -> 11 | ... AF12: =SUM(P18:P21) -> 934
B13: 07.45 - 08.00 | C13: 45 | D13: 6 | E13: 0 | F13: 40 | G13: 0 | H13: 0 | I13: 2 | J13: 1 | K13: 0 | L13: 0 | M13: 85 | N13: 0 | O13: =SUM(C13:L13,N13) -> 94 | P13: =SUM(C13:N13) -> 179 | R13: 1000-1100 | S13: =SUM(C22:C25) -> 360 | T13: =SUM(D22:D25) -> 41 | U13: =SUM(E22:E25) -> 17 | V13: =SUM(F22:F25) -> 99 | W13: =SUM(G22:G25) -> 0 | X13: =SUM(H22:H25) -> 0 | Y13: =SUM(I22:I25) -> 13 | Z13: =SUM(J22:J25) -> 10 | ... AF13: =SUM(P22:P25) -> 1057
B14: 08.00 - 08.15 | C14: 65 | D14: 2 | E14: 3 | F14: 30 | G14: 0 | H14: 0 | I14: 0 | J14: 1 | K14: 3 | L14: 0 | M14: 108 | N14: 0 | O14: =SUM(C14:L14,N14) -> 104 | P14: =SUM(C14:N14) -> 212 | R14: 1100-1200 | S14: =SUM(C26:C29) -> 363 | T14: =SUM(D26:D29) -> 21 | U14: =SUM(E26:E29) -> 35 | V14: =SUM(F26:F29) -> 103 | W14: =SUM(G26:G29) -> 1 | X14: =SUM(H26:H29) -> 0 | Y14: =SUM(I26:I29) -> 12 | Z14: =SUM(J26:J29) -> 13 | ... AF14: =SUM(P26:P29) -> 1023
B15: 08.15 - 08.30 | C15: 50 | D15: 2 | E15: 4 | F15: 35 | G15: 0 | H15: 0 | I15: 0 | J15: 1 | K15: 3 | L15: 0 | M15: 113 | N15: 0 | O15: =SUM(C15:L15,N15) -> 95 | P15: =SUM(C15:N15) -> 208 | R15: 1200-1300 | S15: =SUM(C30:C33) -> 312 | T15: =SUM(D30:D33) -> 23 | U15: =SUM(E30:E33) -> 28 | V15: =SUM(F30:F33) -> 76 | W15: =SUM(G30:G33) -> 0 | X15: =SUM(H30:H33) -> 0 | Y15: =SUM(I30:I33) -> 11 | Z15: =SUM(J30:J33) -> 6 | ... AF15: =SUM(P30:P33) -> 888
B16: 08.30 - 08.45 | C16: 58 | D16: 4 | E16: 2 | F16: 17 | G16: 0 | H16: 0 | I16: 4 | J16: 2 | K16: 0 | L16: 0 | M16: 99 | N16: 0 | O16: =SUM(C16:L16,N16) -> 87 | P16: =SUM(C16:N16) -> 186 | R16: 1300-1400 | S16: =SUM(C34:C37) -> 250 | T16: =SUM(D34:D37) -> 17 | U16: =SUM(E34:E37) -> 12 | V16: =SUM(F34:F37) -> 88 | W16: =SUM(G34:G37) -> 0 | X16: =SUM(H34:H37) -> 0 | Y16: =SUM(I34:I37) -> 11 | Z16: =SUM(J34:J37) -> 8 | ... AF16: =SUM(P34:P37) -> 805
B17: 08.45 - 9.00 | C17: 60 | D17: 5 | E17: 3 | F17: 31 | G17: 0 | H17: 0 | I17: 1 | J17: 0 | K17: 0 | L17: 0 | M17: 108 | N17: 0 | O17: =SUM(C17:L17,N17) -> 100 | P17: =SUM(C17:N17) -> 208 | R17: 1400-1500 | S17: =SUM(C38:C41) -> 310 | T17: =SUM(D38:D41) -> 26 | U17: =SUM(E38:E41) -> 18 | V17: =SUM(F38:F41) -> 85 | W17: =SUM(G38:G41) -> 0 | X17: =SUM(H38:H41) -> 0 | Y17: =SUM(I38:I41) -> 12 | Z17: =SUM(J38:J41) -> 3 | ... AF17: =SUM(P38:P41) -> 890
B18: 09.00 - 09.15 | C18: 55 | D18: 7 | E18: 2 | F18: 24 | G18: 0 | H18: 0 | I18: 9 | J18: 5 | K18: 0 | L18: 0 | M18: 109 | N18: 0 | O18: =SUM(C18:L18,N18) -> 102 | P18: =SUM(C18:N18) -> 211 | R18: 1500-1600 | S18: =SUM(C42:C45) -> 254 | T18: =SUM(D42:D45) -> 35 | U18: =SUM(E42:E45) -> 24 | V18: =SUM(F42:F45) -> 69 | W18: =SUM(G42:G45) -> 0 | X18: =SUM(H42:H45) -> 0 | Y18: =SUM(I42:I45) -> 11 | Z18: =SUM(J42:J45) -> 2 | ... AF18: =SUM(P42:P45) -> 819
B19: 09.15 - 09.30 | C19: 68 | D19: 8 | E19: 8 | F19: 15 | G19: 1 | H19: 0 | I19: 5 | J19: 3 | K19: 1 | L19: 0 | M19: 130 | N19: 0 | O19: =SUM(C19:L19,N19) -> 109 | P19: =SUM(C19:N19) -> 239 | R19: 1600-1700 | S19: =SUM(C46:C49) -> 343 | T19: =SUM(D46:D49) -> 55 | U19: =SUM(E46:E49) -> 28 | V19: =SUM(F46:F49) -> 98 | W19: =SUM(G46:G49) -> 0 | X19: =SUM(H46:H49) -> 0 | Y19: =SUM(I46:I49) -> 14 | Z19: =SUM(J46:J49) -> 4 | ... AF19: =SUM(P46:P49) -> 965
B20: 09.30 - 09.45 | C20: 81 | D20: 7 | E20: 6 | F20: 25 | G20: 0 | H20: 0 | I20: 5 | J20: 1 | K20: 0 | L20: 0 | M20: 128 | N20: 0 | O20: =SUM(C20:L20,N20) -> 125 | P20: =SUM(C20:N20) -> 253 | R20: 1700-1800 | S20: =SUM(C50:C53) -> 220 | T20: =SUM(D50:D53) -> 20 | U20: =SUM(E50:E53) -> 24 | V20: =SUM(F50:F53) -> 78 | W20: =SUM(G50:G53) -> 0 | X20: =SUM(H50:H53) -> 0 | Y20: =SUM(I50:I53) -> 11 | Z20: =SUM(J50:J53) -> 3 | ... AF20: =SUM(P50:P53) -> 815
B21: 09.45 - 10.00 | C21: 75 | D21: 6 | E21: 8 | F21: 18 | G21: 0 | H21: 0 | I21: 3 | J21: 2 | K21: 0 | L21: 0 | M21: 119 | N21: 0 | O21: =SUM(C21:L21,N21) -> 112 | P21: =SUM(C21:N21) -> 231 | R21: 1800-1900 | S21: =SUM(C54:C57) -> 188 | T21: =SUM(D54:D57) -> 41 | U21: =SUM(E54:E57) -> 25 | V21: =SUM(F54:F57) -> 60 | W21: =SUM(G54:G57) -> 0 | X21: =SUM(H54:H57) -> 0 | Y21: =SUM(I54:I57) -> 8 | Z21: =SUM(J54:J57) -> 3 | ... AF21: =SUM(P54:P57) -> 794
B22: 10.00 - 10.15 | C22: 90 | D22: 7 | E22: 3 | F22: 17 | G22: 0 | H22: 0 | I22: 4 | J22: 0 | K22: 0 | L22: 0 | M22: 124 | N22: 0 | O22: =SUM(C22:L22,N22) -> 121 | P22: =SUM(C22:N22) -> 245 | R22: AM Peak Hr | S22: =MAX(S10:S12) -> 279 | T22: =MAX(T10:T12) -> 28 | U22: =MAX(U10:U12) -> 24 | V22: =MAX(V10:V12) -> 118 | W22: =MAX(W10:W12) -> 4 | X22: =MAX(X10:X12) -> 0 | Y22: =MAX(Y10:Y12) -> 22 | Z22: =MAX(Z10:Z12) -> 11 | ... AF22: =MAX(AF10:AF12) -> 934
B23: 10.15 - 10.30 | C23: 92 | D23: 20 | E23: 6 | F23: 28 | G23: 0 | H23: 0 | I23: 4 | J23: 3 | K23: 0 | L23: 0 | M23: 124 | N23: 0 | O23: =SUM(C23:L23,N23) -> 153 | P23: =SUM(C23:N23) -> 277 | R23: IP Peak Hr | S23: =MAX(S13:S18) -> 363 | T23: =MAX(T13:T18) -> 41 | U23: =MAX(U13:U18) -> 35 | V23: =MAX(V13:V18) -> 103 | W23: =MAX(W13:W18) -> 1 | X23: =MAX(X13:X18) -> 0 | Y23: =MAX(Y13:Y18) -> 13 | Z23: =MAX(Z13:Z18) -> 13 | ... AF23: =MAX(AF13:AF18) -> 1057
B24: 10.30 - 10.45 | C24: 90 | D24: 7 | E24: 6 | F24: 17 | G24: 0 | H24: 0 | I24: 0 | J24: 4 | K24: 1 | L24: 1 | M24: 120 | N24: 0 | O24: =SUM(C24:L24,N24) -> 126 | P24: =SUM(C24:N24) -> 246 | R24: PM Peak Hr | S24: =MAX(S19:S21) -> 343 | T24: =MAX(T19:T21) -> 55 | U24: =MAX(U19:U21) -> 28 | V24: =MAX(V19:V21) -> 98 | W24: =MAX(W19:W21) -> 0 | X24: =MAX(X19:X21) -> 0 | Y24: =MAX(Y19:Y21) -> 14 | Z24: =MAX(Z19:Z21) -> 4 | ... AF24: =MAX(AF19:AF21) -> 965
B25: 10.45 - 11.00 | C25: 88 | D25: 7 | E25: 2 | F25: 37 | G25: 0 | H25: 0 | I25: 5 | J25: 3 | K25: 3 | L25: 1 | M25: 143 | N25: 0 | O25: =SUM(C25:L25,N25) -> 146 | P25: =SUM(C25:N25) -> 289 | R25: AM Period | S25: =SUM(S10:S12) -> 667 | T25: =SUM(T10:T12) -> 52 | U25: =SUM(U10:U12) -> 46 | V25: =SUM(V10:V12) -> 313 | W25: =SUM(W10:W12) -> 5 | X25: =SUM(X10:X12) -> 0 | Y25: =SUM(Y10:Y12) -> 36 | Z25: =SUM(Z10:Z12) -> 21 | ... AF25: =SUM(AF10:AF12) -> 2360
B26: 11.00 - 11.15 | C26: 78 | D26: 1 | E26: 7 | F26: 14 | G26: 0 | H26: 0 | I26: 4 | J26: 2 | K26: 1 | L26: 0 | M26: 117 | N26: 0 | O26: =SUM(C26:L26,N26) -> 107 | P26: =SUM(C26:N26) -> 224 | R26: IP Period | S26: =SUM(S13:S18) -> 1849 | T26: =SUM(T13:T18) -> 163 | U26: =SUM(U13:U18) -> 134 | V26: =SUM(V13:V18) -> 520 | W26: =SUM(W13:W18) -> 1 | X26: =SUM(X13:X18) -> 0 | Y26: =SUM(Y13:Y18) -> 70 | Z26: =SUM(Z13:Z18) -> 42 | ... AF26: =SUM(AF13:AF18) -> 5482
B27: 11.15 - 11.30 | C27: 90 | D27: 4 | E27: 4 | F27: 25 | G27: 0 | H27: 0 | I27: 1 | J27: 5 | K27: 0 | L27: 0 | M27: 119 | N27: 0 | O27: =SUM(C27:L27,N27) -> 129 | P27: =SUM(C27:N27) -> 248 | R27: PM Period | S27: =SUM(S19:S21) -> 751 | T27: =SUM(T19:T21) -> 116 | U27: =SUM(U19:U21) -> 77 | V27: =SUM(V19:V21) -> 236 | W27: =SUM(W19:W21) -> 0 | X27: =SUM(X19:X21) -> 0 | Y27: =SUM(Y19:Y21) -> 33 | Z27: =SUM(Z19:Z21) -> 10 | ... AF27: =SUM(AF19:AF21) -> 2574
B28: 11.30 - 11.45 | C28: 100 | D28: 6 | E28: 17 | F28: 30 | G28: 0 | H28: 0 | I28: 5 | J28: 3 | K28: 0 | L28: 0 | M28: 123 | N28: 0 | O28: =SUM(C28:L28,N28) -> 161 | P28: =SUM(C28:N28) -> 284 | R28: 12 Hours | S28: =SUM(S10:S21) -> 3267 | T28: =SUM(T10:T21) -> 331 | U28: =SUM(U10:U21) -> 257 | V28: =SUM(V10:V21) -> 1069 | W28: =SUM(W10:W21) -> 6 | X28: =SUM(X10:X21) -> 0 | Y28: =SUM(Y10:Y21) -> 139 | Z28: =SUM(Z10:Z21) -> 73 | ... AF28: =SUM(AF10:AF21) -> 10416
B29: 11.45 - 12.00 | C29: 95 | D29: 10 | E29: 7 | F29: 34 | G29: 1 | H29: 0 | I29: 2 | J29: 3 | K29: 1 | L29: 1 | M29: 113 | N29: 0 | O29: =SUM(C29:L29,N29) -> 154 | P29: =SUM(C29:N29) -> 267
B30: 12.00 - 12.15 | C30: 80 | D30: 4 | E30: 5 | F30: 19 | G30: 0 | H30: 0 | I30: 2 | J30: 0 | K30: 0 | L30: 0 | M30: 116 | N30: 0 | O30: =SUM(C30:L30,N30) -> 110 | P30: =SUM(C30:N30) -> 226
B31: 12.15 - 12.30 | C31: 95 | D31: 2 | E31: 6 | F31: 23 | G31: 0 | H31: 0 | I31: 2 | J31: 1 | K31: 1 | L31: 1 | M31: 100 | N31: 0 | O31: =SUM(C31:L31,N31) -> 131 | P31: =SUM(C31:N31) -> 231
B32: 12.30 - 12.45 | C32: 76 | D32: 6 | E32: 9 | F32: 18 | G32: 0 | H32: 0 | I32: 6 | J32: 2 | K32: 1 | L32: 1 | M32: 98 | N32: 0 | O32: =SUM(C32:L32,N32) -> 119 | P32: =SUM(C32:N32) -> 217
B33: 12.45 - 13.00 | C33: 61 | D33: 11 | E33: 8 | F33: 16 | G33: 0 | H33: 0 | I33: 1 | J33: 3 | K33: 2 | L33: 0 | M33: 112 | N33: 0 | O33: =SUM(C33:L33,N33) -> 102 | P33: =SUM(C33:N33) -> 214
B34: 13.00 - 13.15 | C34: 65 | D34: 7 | E34: 7 | F34: 26 | G34: 0 | H34: 0 | I34: 3 | J34: 3 | K34: 1 | L34: 0 | M34: 125 | N34: 0 | O34: =SUM(C34:L34,N34) -> 112 | P34: =SUM(C34:N34) -> 237
B35: 13.15 - 13.30 | C35: 55 | D35: 3 | E35: 1 | F35: 17 | G35: 0 | H35: 0 | I35: 2 | J35: 0 | K35: 0 | L35: 0 | M35: 108 | N35: 0 | O35: =SUM(C35:L35,N35) -> 78 | P35: =SUM(C35:N35) -> 186
B36: 13.30 - 13.45 | C36: 70 | D36: 4 | E36: 3 | F36: 20 | G36: 0 | H36: 0 | I36: 4 | J36: 5 | K36: 3 | L36: 1 | M36: 89 | N36: 0 | O36: =SUM(C36:L36,N36) -> 110 | P36: =SUM(C36:N36) -> 199
