Workbook

Sheet 22.08 TORORO-BUSITEMA
B1: Consultancy services for Preparation of Expressway Development Master Plan (EDMP) for Uganda
B2: MANUAL CLASSIFIED COUNT (MCC)
B3: ROAD NAME: | C3: TORORO TO BUSITEMA
C5: Date | D5: 22.08.19 | F5: Location | G5: STATION 98 | J5: Surveyor | K5: RWOTHOMIYO NORMAN
C6: Dir. From | D6: TORORO | F6: Dir. To | G6: BUSITEMA | J6: Supervisor | K6: IVAN
B8: Time / Veh Type | R8: SUMMARY TRAFFIC VOLUMES
C9: 1. Car | D9: 2. Station Wagon | E9: 3. Pickups | F9: 4. Minibus, matatu | G9: 5. Medium bus | H9: 6. Large Bus | I9: 7. Light Truck | J9: 8. Medium Truck | K9: 9. Heavy truck | L9: 10. Truck Trailer | M9: 11. Motor cycles | N9: 12. Tractors | O9: Total Excl M/Cycles | P9: Total All | R9: Time | S9: 1. Car | T9: 2. Station Wagon | U9: 3. Pickups | V9: 4. Minibus, matatu | W9: 5. Medium bus | X9: 6. Large Bus | Y9: 7. Light Truck | Z9: 8. Medium Truck | AA9: 9. Heavy truck | AB9: 10. Truck Trailer | AC9: 11. Motorcycles | AD9: 12. Tractors, Graders | AE9: Total Excl M/ Cycles | AF9: Total All
B10: 07.00 - 07.15 | C10: 1 | D10: 1 | E10: 0 | F10: 1 | G10: 0 | H10: 1 | I10: 3 | J10: 1 | K10: 2 | L10: 16 | M10: 2 | N10: 0 | O10: =SUM(C10:L10,N10) -> 26 | P10: =SUM(C10:N10) -> 28 | R10: 0700-0800 | S10: =SUM(C10:C13) -> 5 | T10: =SUM(D10:D13) -> 2 | U10: =SUM(E10:E13) -> 6 | V10: =SUM(F10:F13) -> 12 | W10: =SUM(G10:G13) -> 0 | X10: =SUM(H10:H13) -> 1 | Y10: =SUM(I10:I13) -> 7 | Z10: =SUM(J10:J13) -> 1 | ... AF10: =SUM(P10:P13) -> 96
B11: 07.15 - 07.30 | C11: 1 | D11: 0 | E11: 1 | F11: 3 | G11: 0 | H11: 0 | I11: 1 | J11: 0 | K11: 0 | L11: 16 | M11: 1 | N11: 0 | O11: =SUM(C11:L11,N11) -> 22 | P11: =SUM(C11:N11) -> 23 | R11: 0800-0900 | S11: =SUM(C14:C17) -> 1 | T11: =SUM(D14:D17) -> 10 | U11: =SUM(E14:E17) -> 2 | V11: =SUM(F14:F17) -> 9 | W11: =SUM(G14:G17) -> 1 | X11: =SUM(H14:H17) -> 0 | Y11: =SUM(I14:I17) -> 1 | Z11: =SUM(J14:J17) -> 0 | ... AF11: =SUM(P14:P17) -> 51
B12: 07.30 - 07.45 | C12: 1 | D12: 1 | E12: 3 | F12: 4 | G12: 0 | H12: 0 | I12: 1 | J12: 0 | K12: 1 | L12: 5 | M12: 4 | N12: 0 | O12: =SUM(C12:L12,N12) -> 16 | P12: =SUM(C12:N12) -> 20 | R12: 0900-1000 | S12: =SUM(C18:C21) -> 4 | T12: =SUM(D18:D21) -> 13 | U12: =SUM(E18:E21) -> 4 | V12: =SUM(F18:F21) -> 19 | W12: =SUM(G18:G21) -> 1 | X12: =SUM(H18:H21) -> 1 | Y12: =SUM(I18:I21) -> 6 | Z12: =SUM(J18:J21) -> 0 | ... AF12: =SUM(P18:P21) -> 106
B13: 07.45 - 08.00 | C13: 2 | D13: 0 | E13: 2 | F13: 4 | G13: 0 | H13: 0 | I13: 2 | J13: 0 | K13: 1 | L13: 8 | M13: 6 | N13: 0 | O13: =SUM(C13:L13,N13) -> 19 | P13: =SUM(C13:N13) -> 25 | R13: 1000-1100 | S13: =SUM(C22:C25) -> 7 | T13: =SUM(D22:D25) -> 26 | U13: =SUM(E22:E25) -> 5 | V13: =SUM(F22:F25) -> 20 | W13: =SUM(G22:G25) -> 0 | X13: =SUM(H22:H25) -> 3 | Y13: =SUM(I22:I25) -> 6 | Z13: =SUM(J22:J25) -> 0 | ... AF13: =SUM(P22:P25) -> 131
B14: 08.00 - 08.15 | C14: 0 | D14: 2 | E14: 0 | F14: 1 | G14: 1 | H14: 0 | I14: 1 | J14: 0 | K14: 0 | L14: 2 | M14: 1 | N14: 0 | O14: =SUM(C14:L14,N14) -> 7 | P14: =SUM(C14:N14) -> 8 | R14: 1100-1200 | S14: =SUM(C26:C29) -> 4 | T14: =SUM(D26:D29) -> 19 | U14: =SUM(E26:E29) -> 5 | V14: =SUM(F26:F29) -> 14 | W14: =SUM(G26:G29) -> 1 | X14: =SUM(H26:H29) -> 1 | Y14: =SUM(I26:I29) -> 4 | Z14: =SUM(J26:J29) -> 1 | ... AF14: =SUM(P26:P29) -> 104
B15: 08.15 - 08.30 | C15: 0 | D15: 6 | E15: 2 | F15: 4 | G15: 0 | H15: 0 | I15: 0 | J15: 0 | K15: 0 | L15: 6 | M15: 2 | N15: 0 | O15: =SUM(C15:L15,N15) -> 18 | P15: =SUM(C15:N15) -> 20 | R15: 1200-1300 | S15: =SUM(C30:C33) -> 3 | T15: =SUM(D30:D33) -> 16 | U15: =SUM(E30:E33) -> 11 | V15: =SUM(F30:F33) -> 18 | W15: =SUM(G30:G33) -> 1 | X15: =SUM(H30:H33) -> 0 | Y15: =SUM(I30:I33) -> 7 | Z15: =SUM(J30:J33) -> 1 | ... AF15: =SUM(P30:P33) -> 131
B16: 08.30 - 08.45 | C16: 1 | D16: 2 | E16: 0 | F16: 3 | G16: 0 | H16: 0 | I16: 0 | J16: 0 | K16: 0 | L16: 3 | M16: 6 | N16: 0 | O16: =SUM(C16:L16,N16) -> 9 | P16: =SUM(C16:N16) -> 15 | R16: 1300-1400 | S16: =SUM(C34:C37) -> 3 | T16: =SUM(D34:D37) -> 11 | U16: =SUM(E34:E37) -> 4 | V16: =SUM(F34:F37) -> 9 | W16: =SUM(G34:G37) -> 0 | X16: =SUM(H34:H37) -> 0 | Y16: =SUM(I34:I37) -> 5 | Z16: =SUM(J34:J37) -> 1 | ... AF16: =SUM(P34:P37) -> 76
B17: 08.45 - 9.00 | C17: 0 | D17: 0 | E17: 0 | F17: 1 | G17: 0 | H17: 0 | I17: 0 | J17: 0 | K17: 0 | L17: 5 | M17: 2 | N17: 0 | O17: =SUM(C17:L17,N17) -> 6 | P17: =SUM(C17:N17) -> 8 | R17: 1400-1500 | S17: =SUM(C38:C41) -> 0 | T17: =SUM(D38:D41) -> 10 | U17: =SUM(E38:E41) -> 3 | V17: =SUM(F38:F41) -> 16 | W17: =SUM(G38:G41) -> 0 | X17: =SUM(H38:H41) -> 0 | Y17: =SUM(I38:I41) -> 2 | Z17: =SUM(J38:J41) -> 0 | ... AF17: =SUM(P38:P41) -> 82
B18: 09.00 - 09.15 | C18: 0 | D18: 3 | E18: 1 | F18: 1 | G18: 1 | H18: 0 | I18: 1 | J18: 0 | K18: 1 | L18: 7 | M18: 4 | N18: 0 | O18: =SUM(C18:L18,N18) -> 15 | P18: =SUM(C18:N18) -> 19 | R18: 1500-1600 | S18: =SUM(C42:C45) -> 8 | T18: =SUM(D42:D45) -> 12 | U18: =SUM(E42:E45) -> 2 | V18: =SUM(F42:F45) -> 16 | W18: =SUM(G42:G45) -> 0 | X18: =SUM(H42:H45) -> 0 | Y18: =SUM(I42:I45) -> 4 | Z18: =SUM(J42:J45) -> 0 | ... AF18: =SUM(P42:P45) -> 105
B19: 09.15 - 09.30 | C19: 2 | D19: 4 | E19: 2 | F19: 6 | G19: 0 | H19: 0 | I19: 2 | J19: 0 | K19: 0 | L19: 7 | M19: 6 | N19: 0 | O19: =SUM(C19:L19,N19) -> 23 | P19: =SUM(C19:N19) -> 29 | R19: 1600-1700 | S19: =SUM(C46:C49) -> 8 | T19: =SUM(D46:D49) -> 13 | U19: =SUM(E46:E49) -> 5 | V19: =SUM(F46:F49) -> 12 | W19: =SUM(G46:G49) -> 0 | X19: =SUM(H46:H49) -> 0 | Y19: =SUM(I46:I49) -> 5 | Z19: =SUM(J46:J49) -> 0 | ... AF19: =SUM(P46:P49) -> 83
B20: 09.30 - 09.45 | C20: 2 | D20: 6 | E20: 1 | F20: 7 | G20: 0 | H20: 1 | I20: 2 | J20: 0 | K20: 2 | L20: 11 | M20: 11 | N20: 0 | O20: =SUM(C20:L20,N20) -> 32 | P20: =SUM(C20:N20) -> 43 | R20: 1700-1800 | S20: =SUM(C50:C53) -> 8 | T20: =SUM(D50:D53) -> 13 | U20: =SUM(E50:E53) -> 4 | V20: =SUM(F50:F53) -> 9 | W20: =SUM(G50:G53) -> 0 | X20: =SUM(H50:H53) -> 0 | Y20: =SUM(I50:I53) -> 7 | Z20: =SUM(J50:J53) -> 0 | ... AF20: =SUM(P50:P53) -> 126
B21: 09.45 - 10.00 | C21: 0 | D21: 0 | E21: 0 | F21: 5 | G21: 0 | H21: 0 | I21: 1 | J21: 0 | K21: 1 | L21: 3 | M21: 5 | N21: 0 | O21: =SUM(C21:L21,N21) -> 10 | P21: =SUM(C21:N21) -> 15 | R21: 1800-1900 | S21: =SUM(C54:C57) -> 2 | T21: =SUM(D54:D57) -> 8 | U21: =SUM(E54:E57) -> 1 | V21: =SUM(F54:F57) -> 12 | W21: =SUM(G54:G57) -> 0 | X21: =SUM(H54:H57) -> 0 | Y21: =SUM(I54:I57) -> 18 | Z21: =SUM(J54:J57) -> 0 | ... AF21: =SUM(P54:P57) -> 91
B22: 10.00 - 10.15 | C22: 0 | D22: 2 | E22: 0 | F22: 3 | G22: 0 | H22: 0 | I22: 1 | J22: 0 | K22: 1 | L22: 6 | M22: 3 | N22: 0 | O22: =SUM(C22:L22,N22) -> 13 | P22: =SUM(C22:N22) -> 16 | R22: AM Peak Hr | S22: =MAX(S10:S12) -> 5 | T22: =MAX(T10:T12) -> 13 | U22: =MAX(U10:U12) -> 6 | V22: =MAX(V10:V12) -> 19 | W22: =MAX(W10:W12) -> 1 | X22: =MAX(X10:X12) -> 1 | Y22: =MAX(Y10:Y12) -> 7 | Z22: =MAX(Z10:Z12) -> 1 | ... AF22: =MAX(AF10:AF12) -> 106
B23: 10.15 - 10.30 | C23: 3 | D23: 4 | E23: 1 | F23: 3 | G23: 0 | H23: 3 | I23: 1 | J23: 0 | K23: 0 | L23: 8 | M23: 9 | N23: 0 | O23: =SUM(C23:L23,N23) -> 23 | P23: =SUM(C23:N23) -> 32 | R23: IP Peak Hr | S23: =MAX(S13:S18) -> 8 | T23: =MAX(T13:T18) -> 26 | U23: =MAX(U13:U18) -> 11 | V23: =MAX(V13:V18) -> 20 | W23: =MAX(W13:W18) -> 1 | X23: =MAX(X13:X18) -> 3 | Y23: =MAX(Y13:Y18) -> 7 | Z23: =MAX(Z13:Z18) -> 1 | ... AF23: =MAX(AF13:AF18) -> 131
B24: 10.30 - 10.45 | C24: 3 | D24: 3 | E24: 2 | F24: 5 | G24: 0 | H24: 0 | I24: 1 | J24: 0 | K24: 0 | L24: 8 | M24: 10 | N24: 0 | O24: =SUM(C24:L24,N24) -> 22 | P24: =SUM(C24:N24) -> 32 | R24: PM Peak Hr | S24: =MAX(S19:S21) -> 8 | T24: =MAX(T19:T21) -> 13 | U24: =MAX(U19:U21) -> 5 | V24: =MAX(V19:V21) -> 12 | W24: =MAX(W19:W21) -> 0 | X24: =MAX(X19:X21) -> 0 | Y24: =MAX(Y19:Y21) -> 18 | Z24: =MAX(Z19:Z21) -> 0 | ... AF24: =MAX(AF19:AF21) -> 126
B25: 10.45 - 11.00 | C25: 1 | D25: 17 | E25: 2 | F25: 9 | G25: 0 | H25: 0 | I25: 3 | J25: 0 | K25: 1 | L25: 5 | M25: 13 | N25: 0 | O25: =SUM(C25:L25,N25) -> 38 | P25: =SUM(C25:N25) -> 51 | R25: AM Period | S25: =SUM(S10:S12) -> 10 | T25: =SUM(T10:T12) -> 25 | U25: =SUM(U10:U12) -> 12 | V25: =SUM(V10:V12) -> 40 | W25: =SUM(W10:W12) -> 2 | X25: =SUM(X10:X12) -> 2 | Y25: =SUM(Y10:Y12) -> 14 | Z25: =SUM(Z10:Z12) -> 1 | ... AF25: =SUM(AF10:AF12) -> 253
B26: 11.00 - 11.15 | C26: 1 | D26: 3 | E26: 0 | F26: 2 | G26: 0 | H26: 0 | I26: 1 | J26: 0 | K26: 0 | L26: 10 | M26: 6 | N26: 0 | O26: =SUM(C26:L26,N26) -> 17 | P26: =SUM(C26:N26) -> 23 | R26: IP Period | S26: =SUM(S13:S18) -> 25 | T26: =SUM(T13:T18) -> 94 | U26: =SUM(U13:U18) -> 30 | V26: =SUM(V13:V18) -> 93 | W26: =SUM(W13:W18) -> 2 | X26: =SUM(X13:X18) -> 4 | Y26: =SUM(Y13:Y18) -> 28 | Z26: =SUM(Z13:Z18) -> 3 | ... AF26: =SUM(AF13:AF18) -> 629
B27: 11.15 - 11.30 | C27: 1 | D27: 8 | E27: 1 | F27: 2 | G27: 0 | H27: 0 | I27: 1 | J27: 0 | K27: 0 | L27: 7 | M27: 5 | N27: 0 | O27: =SUM(C27:L27,N27) -> 20 | P27: =SUM(C27:N27) -> 25 | R27: PM Period | S27: =SUM(S19:S21) -> 18 | T27: =SUM(T19:T21) -> 34 | U27: =SUM(U19:U21) -> 10 | V27: =SUM(V19:V21) -> 33 | W27: =SUM(W19:W21) -> 0 | X27: =SUM(X19:X21) -> 0 | Y27: =SUM(Y19:Y21) -> 30 | Z27: =SUM(Z19:Z21) -> 0 | ... AF27: =SUM(AF19:AF21) -> 300
B28: 11.30 - 11.45 | C28: 1 | D28: 4 | E28: 1 | F28: 4 | G28: 1 | H28: 1 | I28: 1 | J28: 0 | K28: 2 | L28: 6 | M28: 4 | N28: 0 | O28: =SUM(C28:L28,N28) -> 21 | P28: =SUM(C28:N28) -> 25 | R28: 12 Hours | S28: =SUM(S10:S21) -> 53 | T28: =SUM(T10:T21) -> 153 | U28: =SUM(U10:U21) -> 52 | V28: =SUM(V10:V21) -> 166 | W28: =SUM(W10:W21) -> 4 | X28: =SUM(X10:X21) -> 6 | Y28: =SUM(Y10:Y21) -> 72 | Z28: =SUM(Z10:Z21) -> 4 | ... AF28: =SUM(AF10:AF21) -> 1182
B29: 11.45 - 12.00 | C29: 1 | D29: 4 | E29: 3 | F29: 6 | G29: 0 | H29: 0 | I29: 1 | J29: 1 | K29: 0 | L29: 13 | M29: 2 | N29: 0 | O29: =SUM(C29:L29,N29) -> 29 | P29: =SUM(C29:N29) -> 31
B30: 12.00 - 12.15 | C30: 0 | D30: 2 | E30: 0 | F30: 4 | G30: 0 | H30: 0 | I30: 0 | J30: 1 | K30: 0 | L30: 9 | M30: 5 | N30: 0 | O30: =SUM(C30:L30,N30) -> 16 | P30: =SUM(C30:N30) -> 21
B31: 12.15 - 12.30 | C31: 1 | D31: 2 | E31: 3 | F31: 6 | G31: 0 | H31: 0 | I31: 1 | J31: 0 | K31: 1 | L31: 12 | M31: 7 | N31: 0 | O31: =SUM(C31:L31,N31) -> 26 | P31: =SUM(C31:N31) -> 33
B32: 12.30 - 12.45 | C32: 2 | D32: 10 | E32: 5 | F32: 6 | G32: 0 | H32: 0 | I32: 4 | J32: 0 | K32: 0 | L32: 22 | M32: 8 | N32: 0 | O32: =SUM(C32:L32,N32) -> 49 | P32: =SUM(C32:N32) -> 57
B33: 12.45 - 13.00 | C33: 0 | D33: 2 | E33: 3 | F33: 2 | G33: 1 | H33: 0 | I33: 2 | J33: 0 | K33: 0 | L33: 7 | M33: 3 | N33: 0 | O33: =SUM(C33:L33,N33) -> 17 | P33: =SUM(C33:N33) -> 20
B34: 13.00 - 13.15 | C34: 1 | D34: 7 | E34: 1 | F34: 0 | G34: 0 | H34: 0 | I34: 1 | J34: 0 | K34: 0 | L34: 3 | M34: 6 | N34: 0 | O34: =SUM(C34:L34,N34) -> 13 | P34: =SUM(C34:N34) -> 19
B35: 13.15 - 13.30 | C35: 1 | D35: 1 | E35: 0 | F35: 2 | G35: 0 | H35: 0 | I35: 1 | J35: 0 | K35: 0 | L35: 2 | M35: 3 | N35: 0 | O35: =SUM(C35:L35,N35) -> 7 | P35: =SUM(C35:N35) -> 10
B36: 13.30 - 13.45 | C36: 1 | D36: 3 | E36: 1 | F36: 1 | G36: 0 | H36: 0 | I36: 1 | J36: 1 | K36: 2 | L36: 7 | M36: 2 | N36: 0 | O36: =SUM(C36:L36,N36) -> 17 | P36: =SUM(C36:N36) -> 19
B37: 13.45 - 14.00 | C37: 0 | D37: 0 | E37: 2 | F37: 6 | G37: 0 | H37: 0 | I37: 2 | J37: 0 | K37: 1 | L37: 7 | M37: 10 | N37: 0 | O37: =SUM(C37:L37,N37) -> 18 | P37: =SUM(C37:N37) -> 28
B38: 14.00 - 14.15 | C38: 0 | D38: 4 | E38: 1 | F38: 4 | G38: 0 | H38: 0 | I38: 1 | J38: 0 | K38: 1 | L38: 13 | M38: 2 | N38: 0 | O38: =SUM(C38:L38,N38) -> 24 | P38: =SUM(C38:N38) -> 26
B39: 14.15 - 14.30 | C39: 0 | D39: 1 | E39: 0 | F39: 3 | G39: 0 | H39: 0 | I39: 0 | J39: 0 | K39: 1 | L39: 6 | M39: 7 | N39: 0 | O39: =SUM(C39:L39,N39) -> 11 | P39: =SUM(C39:N39) -> 18
B40: 14.30 - 14.45 | C40: 0 | D40: 5 | E40: 2 | F40: 5 | G40: 0 | H40: 0 | I40: 0 | J40: 0 | K40: 0 | L40: 6 | M40: 4 | N40: 0 | O40: =SUM(C40:L40,N40) -> 18 | P40: =SUM(C40:N40) -> 22
... B57: 18.45 - 19.00 | C57: 0 | D57: 0 | E57: 0 | F57: 1 | G57: 0 | H57: 0 | I57: 5 | J57: 0 | K57: 0 | L57: 8 | M57: 7 | N57: 0 | O57: =SUM(C57:L57,N57) -> 14 | P57: =SUM(C57:N57) -> 21
B58: Totals | C58: =SUM(C10:C57) -> 53 | D58: =SUM(D10:D57) -> 153 | E58: =SUM(E10:E57) -> 52 | F58: =SUM(F10:F57) -> 166 | G58: =SUM(G10:G57) -> 4 | H58: =SUM(H10:H57) -> 6 | I58: =SUM(I10:I57) -> 72 | J58: =SUM(J10:J57) -> 4 | ... P58: =SUM(P10:P57) -> 1182
B59: %ges + MCs | C59: =C58/$P$58 -> 0.044839255 | D59: =D58/$P$58 -> 0.12944162 | E59: =E58/$P$58 -> 0.043993232 | F59: =F58/$P$58 -> 0.14043993 | G59: =G58/$P$58 -> 0.0033840948 | H59: =H58/$P$58 -> 0.0050761421 | I59: =I58/$P$58 -> 0.060913706 | J59: =J58/$P$58 -> 0.0033840948 | ... N59: =N58/$P$58 -> 0
B60: %ges w/o MCs | C60: =C58/$O$58 -> 0.057173679 | D60: =D58/$O$58 -> 0.16504854 | E60: =E58/$O$58 -> 0.05609493 | F60: =F58/$O$58 -> 0.17907228 | G60: =G58/$O$58 -> 0.0043149946 | H60: =H58/$O$58 -> 0.0064724919 | I60: =I58/$O$58 -> 0.077669903 | J60: =J58/$O$58 -> 0.0043149946 | ... L60: =L58/$O$58 -> 0.42718447 | N60: =N58/$O$58 -> 0

Sheet 22.08 BUSITEMA-TORORO
B1: Consultancy services for Preparation of Expressway Development Master Plan (EDMP) for Uganda
B2: MANUAL CLASSIFIED COUNT (MCC)
B3: ROAD NAME: | C3: ='22.08 TORORO-BUSITEMA'!C3:G3 -> TORORO TO BUSITEMA
C5: Date | D5: 22.08.19 | F5: Location | G5: ='22.08 TORORO-BUSITEMA'!G5:H5 -> STATION 98 | J5: Surveyor | K5: ='22.08 TORORO-BUSITEMA'!K5:L5 -> RWOTHOMIYO NORMAN
C6: Dir. From | D6: BUSITEMA | F6: Dir. To | G6: TORORO | J6: Supervisor | K6: ='22.08 TORORO-BUSITEMA'!K6:L6 -> IVAN
B8: Time / Veh Type | R8: SUMMARY TRAFFIC VOLUMES
C9: 1. Car | D9: 2. Station Wagon | E9: 3. Pickups | F9: 4. Minibus, matatu | G9: 5. Medium bus | H9: 6. Large Bus | I9: 7. Light Truck | J9: 8. Medium Truck | K9: 9. Heavy truck | L9: 10. Truck Trailer | M9: 11. Motor cycles | N9: 12. Tractors | O9: Total Excl M/Cycles | P9: Total All | R9: Time | S9: 1. Car | T9: 2. Station Wagon | U9: 3. Pickups | V9: 4. Minibus, matatu | W9: 5. Medium bus | X9: 6. Large Bus | Y9: 7. Light Truck | Z9: 8. Medium Truck | AA9: 9. Heavy truck | AB9: 10. Truck Trailer | AC9: 11. Motorcycles | AD9: 12. Tractors, Graders | AE9: Total Excl M/ Cycles | AF9: Total All
B10: 07.00 - 07.15 | C10: 0 | D10: 0 | E10: 0 | F10: 0 | G10: 0 | H10: 0 | I10: 1 | J10: 2 | K10: 2 | L10: 5 | M10: 0 | N10: 0 | O10: =SUM(C10:L10,N10) -> 10 | P10: =SUM(C10:N10) -> 10 | R10: 0700-0800 | S10: =SUM(C10:C13) -> 2 | T10: =SUM(D10:D13) -> 2 | U10: =SUM(E10:E13) -> 6 | V10: =SUM(F10:F13) -> 2 | W10: =SUM(G10:G13) -> 0 | X10: =SUM(H10:H13) -> 0 | Y10: =SUM(I10:I13) -> 1 | Z10: =SUM(J10:J13) -> 3 | ... AF10: =SUM(P10:P13) -> 56
B11: 07.15 - 07.30 | C11: 0 | D11: 1 | E11: 1 | F11: 0 | G11: 0 | H11: 0 | I11: 0 | J11: 0 | K11: 1 | L11: 7 | M11: 8 | N11: 0 | O11: =SUM(C11:L11,N11) -> 10 | P11: =SUM(C11:N11) -> 18 | R11: 0800-0900 | S11: =SUM(C14:C17) -> 7 | T11: =SUM(D14:D17) -> 6 | U11: =SUM(E14:E17) -> 4 | V11: =SUM(F14:F17) -> 13 | W11: =SUM(G14:G17) -> 1 | X11: =SUM(H14:H17) -> 0 | Y11: =SUM(I14:I17) -> 1 | Z11: =SUM(J14:J17) -> 2 | ... AF11: =SUM(P14:P17) -> 91
B12: 07.30 - 07.45 | C12: 2 | D12: 1 | E12: 4 | F12: 2 | G12: 0 | H12: 0 | I12: 0 | J12: 1 | K12: 2 | L12: 4 | M12: 3 | N12: 0 | O12: =SUM(C12:L12,N12) -> 16 | P12: =SUM(C12:N12) -> 19 | R12: 0900-1000 | S12: =SUM(C18:C21) -> 3 | T12: =SUM(D18:D21) -> 13 | U12: =SUM(E18:E21) -> 1 | V12: =SUM(F18:F21) -> 11 | W12: =SUM(G18:G21) -> 2 | X12: =SUM(H18:H21) -> 0 | Y12: =SUM(I18:I21) -> 7 | Z12: =SUM(J18:J21) -> 0 | ... AF12: =SUM(P18:P21) -> 75
B13: 07.45 - 08.00 | C13: 0 | D13: 0 | E13: 1 | F13: 0 | G13: 0 | H13: 0 | I13: 0 | J13: 0 | K13: 0 | L13: 5 | M13: 3 | N13: 0 | O13: =SUM(C13:L13,N13) -> 6 | P13: =SUM(C13:N13) -> 9 | R13: 1000-1100 | S13: =SUM(C22:C25) -> 3 | T13: =SUM(D22:D25) -> 2 | U13: =SUM(E22:E25) -> 5 | V13: =SUM(F22:F25) -> 8 | W13: =SUM(G22:G25) -> 0 | X13: =SUM(H22:H25) -> 0 | Y13: =SUM(I22:I25) -> 2 | Z13: =SUM(J22:J25) -> 2 | ... AF13: =SUM(P22:P25) -> 51
B14: 08.00 - 08.15 | C14: 2 | D14: 1 | E14: 1 | F14: 3 | G14: 0 | H14: 0 | I14: 0 | J14: 0 | K14: 1 | L14: 6 | M14: 5 | N14: 0 | O14: =SUM(C14:L14,N14) -> 14 | P14: =SUM(C14:N14) -> 19 | R14: 1100-1200 | S14: =SUM(C26:C29) -> 6 | T14: =SUM(D26:D29) -> 8 | U14: =SUM(E26:E29) -> 2 | V14: =SUM(F26:F29) -> 12 | W14: =SUM(G26:G29) -> 4 | X14: =SUM(H26:H29) -> 0 | Y14: =SUM(I26:I29) -> 6 | Z14: =SUM(J26:J29) -> 1 | ... AF14: =SUM(P26:P29) -> 57
B15: 08.15 - 08.30 | C15: 0 | D15: 3 | E15: 0 | F15: 5 | G15: 0 | H15: 0 | I15: 0 | J15: 0 | K15: 0 | L15: 5 | M15: 8 | N15: 0 | O15: =SUM(C15:L15,N15) -> 13 | P15: =SUM(C15:N15) -> 21 | R15: 1200-1300 | S15: =SUM(C30:C33) -> 1 | T15: =SUM(D30:D33) -> 3 | U15: =SUM(E30:E33) -> 6 | V15: =SUM(F30:F33) -> 11 | W15: =SUM(G30:G33) -> 0 | X15: =SUM(H30:H33) -> 2 | Y15: =SUM(I30:I33) -> 4 | Z15: =SUM(J30:J33) -> 1 | ... AF15: =SUM(P30:P33) -> 65
B16: 08.30 - 08.45 | C16: 1 | D16: 1 | E16: 0 | F16: 3 | G16: 1 | H16: 0 | I16: 1 | J16: 2 | K16: 1 | L16: 5 | M16: 4 | N16: 0 | O16: =SUM(C16:L16,N16) -> 15 | P16: =SUM(C16:N16) -> 19 | R16: 1300-1400 | S16: =SUM(C34:C37) -> 10 | T16: =SUM(D34:D37) -> 2 | U16: =SUM(E34:E37) -> 8 | V16: =SUM(F34:F37) -> 18 | W16: =SUM(G34:G37) -> 0 | X16: =SUM(H34:H37) -> 0 | Y16: =SUM(I34:I37) -> 8 | Z16: =SUM(J34:J37) -> 5 | ... AF16: =SUM(P34:P37) -> 75
B17: 08.45 - 9.00 | C17: 4 | D17: 1 | E17: 3 | F17: 2 | G17: 0 | H17: 0 | I17: 0 | J17: 0 | K17: 2 | L17: 8 | M17: 12 | N17: 0 | O17: =SUM(C17:L17,N17) -> 20 | P17: =SUM(C17:N17) -> 32 | R17: 1400-1500 | S17: =SUM(C38:C41) -> 3 | T17: =SUM(D38:D41) -> 5 | U17: =SUM(E38:E41) -> 5 | V17: =SUM(F38:F41) -> 20 | W17: =SUM(G38:G41) -> 0 | X17: =SUM(H38:H41) -> 2 | Y17: =SUM(I38:I41) -> 5 | Z17: =SUM(J38:J41) -> 0 | ... AF17: =SUM(P38:P41) -> 72
B18: 09.00 - 09.15 | C18: 2 | D18: 1 | E18: 1 | F18: 1 | G18: 0 | H18: 0 | I18: 2 | J18: 0 | K18: 0 | L18: 4 | M18: 2 | N18: 0 | O18: =SUM(C18:L18,N18) -> 11 | P18: =SUM(C18:N18) -> 13 | R18: 1500-1600 | S18: =SUM(C42:C45) -> 7 | T18: =SUM(D42:D45) -> 13 | U18: =SUM(E42:E45) -> 2 | V18: =SUM(F42:F45) -> 9 | W18: =SUM(G42:G45) -> 0 | X18: =SUM(H42:H45) -> 0 | Y18: =SUM(I42:I45) -> 4 | Z18: =SUM(J42:J45) -> 1 | ... AF18: =SUM(P42:P45) -> 83
B19: 09.15 - 09.30 | C19: 0 | D19: 6 | E19: 0 | F19: 1 | G19: 0 | H19: 0 | I19: 2 | J19: 0 | K19: 0 | L19: 2 | M19: 2 | N19: 0 | O19: =SUM(C19:L19,N19) -> 11 | P19: =SUM(C19:N19) -> 13 | R19: 1600-1700 | S19: =SUM(C46:C49) -> 2 | T19: =SUM(D46:D49) -> 6 | U19: =SUM(E46:E49) -> 1 | V19: =SUM(F46:F49) -> 11 | W19: =SUM(G46:G49) -> 0 | X19: =SUM(H46:H49) -> 4 | Y19: =SUM(I46:I49) -> 5 | Z19: =SUM(J46:J49) -> 0 | ... AF19: =SUM(P46:P49) -> 100
B20: 09.30 - 09.45 | C20: 1 | D20: 5 | E20: 0 | F20: 6 | G20: 0 | H20: 0 | I20: 3 | J20: 0 | K20: 0 | L20: 13 | M20: 4 | N20: 0 | O20: =SUM(C20:L20,N20) -> 28 | P20: =SUM(C20:N20) -> 32 | R20: 1700-1800 | S20: =SUM(C50:C53) -> 4 | T20: =SUM(D50:D53) -> 3 | U20: =SUM(E50:E53) -> 4 | V20: =SUM(F50:F53) -> 15 | W20: =SUM(G50:G53) -> 0 | X20: =SUM(H50:H53) -> 0 | Y20: =SUM(I50:I53) -> 0 | Z20: =SUM(J50:J53) -> 0 | ... AF20: =SUM(P50:P53) -> 84
B21: 09.45 - 10.00 | C21: 0 | D21: 1 | E21: 0 | F21: 3 | G21: 2 | H21: 0 | I21: 0 | J21: 0 | K21: 0 | L21: 3 | M21: 8 | N21: 0 | O21: =SUM(C21:L21,N21) -> 9 | P21: =SUM(C21:N21) -> 17 | R21: 1800-1900 | S21: =SUM(C54:C57) -> 7 | T21: =SUM(D54:D57) -> 3 | U21: =SUM(E54:E57) -> 13 | V21: =SUM(F54:F57) -> 24 | W21: =SUM(G54:G57) -> 3 | X21: =SUM(H54:H57) -> 0 | Y21: =SUM(I54:I57) -> 10 | Z21: =SUM(J54:J57) -> 9 | ... AF21: =SUM(P54:P57) -> 134
B22: 10.00 - 10.15 | C22: 2 | D22: 0 | E22: 5 | F22: 0 | G22: 0 | H22: 0 | I22: 2 | J22: 0 | K22: 5 | L22: 4 | M22: 1 | N22: 0 | O22: =SUM(C22:L22,N22) -> 18 | P22: =SUM(C22:N22) -> 19 | R22: AM Peak Hr | S22: =MAX(S10:S12) -> 7 | T22: =MAX(T10:T12) -> 13 | U22: =MAX(U10:U12) -> 6 | V22: =MAX(V10:V12) -> 13 | W22: =MAX(W10:W12) -> 2 | X22: =MAX(X10:X12) -> 0 | Y22: =MAX(Y10:Y12) -> 7 | Z22: =MAX(Z10:Z12) -> 3 | ... AF22: =MAX(AF10:AF12) -> 91
B23: 10.15 - 10.30 | C23: 0 | D23: 2 | E23: 0 | F23: 4 | G23: 0 | H23: 0 | I23: 0 | J23: 0 | K23: 0 | L23: 1 | M23: 2 | N23: 0 | O23: =SUM(C23:L23,N23) -> 7 | P23: =SUM(C23:N23) -> 9 | R23: IP Peak Hr | S23: =MAX(S13:S18) -> 10 | T23: =MAX(T13:T18) -> 13 | U23: =MAX(U13:U18) -> 8 | V23: =MAX(V13:V18) -> 20 | W23: =MAX(W13:W18) -> 4 | X23: =MAX(X13:X18) -> 2 | Y23: =MAX(Y13:Y18) -> 8 | Z23: =MAX(Z13:Z18) -> 5 | ... AF23: =MAX(AF13:AF18) -> 83
B24: 10.30 - 10.45 | C24: 0 | D24: 0 | E24: 0 | F24: 2 | G24: 0 | H24: 0 | I24: 0 | J24: 2 | K24: 0 | L24: 5 | M24: 4 | N24: 0 | O24: =SUM(C24:L24,N24) -> 9 | P24: =SUM(C24:N24) -> 13 | R24: PM Peak Hr | S24: =MAX(S19:S21) -> 7 | T24: =MAX(T19:T21) -> 6 | U24: =MAX(U19:U21) -> 13 | V24: =MAX(V19:V21) -> 24 | W24: =MAX(W19:W21) -> 3 | X24: =MAX(X19:X21) -> 4 | Y24: =MAX(Y19:Y21) -> 10 | Z24: =MAX(Z19:Z21) -> 9 | ... AF24: =MAX(AF19:AF21) -> 134
B25: 10.45 - 11.00 | C25: 1 | D25: 0 | E25: 0 | F25: 2 | G25: 0 | H25: 0 | I25: 0 | J25: 0 | K25: 0 | L25: 4 | M25: 3 | N25: 0 | O25: =SUM(C25:L25,N25) -> 7 | P25: =SUM(C25:N25) -> 10 | R25: AM Period | S25: =SUM(S10:S12) -> 12 | T25: =SUM(T10:T12) -> 21 | U25: =SUM(U10:U12) -> 11 | V25: =SUM(V10:V12) -> 26 | W25: =SUM(W10:W12) -> 3 | X25: =SUM(X10:X12) -> 0 | Y25: =SUM(Y10:Y12) -> 9 | Z25: =SUM(Z10:Z12) -> 5 | ... AF25: =SUM(AF10:AF12) -> 222
B26: 11.00 - 11.15 | C26: 0 | D26: 0 | E26: 0 | F26: 0 | G26: 0 | H26: 0 | I26: 1 | J26: 0 | K26: 1 | L26: 1 | M26: 0 | N26: 0 | O26: =SUM(C26:L26,N26) -> 3 | P26: =SUM(C26:N26) -> 3 | R26: IP Period | S26: =SUM(S13:S18) -> 30 | T26: =SUM(T13:T18) -> 33 | U26: =SUM(U13:U18) -> 28 | V26: =SUM(V13:V18) -> 78 | W26: =SUM(W13:W18) -> 4 | X26: =SUM(X13:X18) -> 4 | Y26: =SUM(Y13:Y18) -> 29 | Z26: =SUM(Z13:Z18) -> 10 | ... AF26: =SUM(AF13:AF18) -> 403
B27: 11.15 - 11.30 | C27: 0 | D27: 5 | E27: 0 | F27: 5 | G27: 0 | H27: 0 | I27: 3 | J27: 1 | K27: 0 | L27: 2 | M27: 7 | N27: 0 | O27: =SUM(C27:L27,N27) -> 16 | P27: =SUM(C27:N27) -> 23 | R27: PM Period | S27: =SUM(S19:S21) -> 13 | T27: =SUM(T19:T21) -> 12 | U27: =SUM(U19:U21) -> 18 | V27: =SUM(V19:V21) -> 50 | W27: =SUM(W19:W21) -> 3 | X27: =SUM(X19:X21) -> 4 | Y27: =SUM(Y19:Y21) -> 15 | Z27: =SUM(Z19:Z21) -> 9 | ... AF27: =SUM(AF19:AF21) -> 318
B28: 11.30 - 11.45 | C28: 1 | D28: 1 | E28: 2 | F28: 2 | G28: 0 | H28: 0 | I28: 1 | J28: 0 | K28: 0 | L28: 2 | M28: 2 | N28: 0 | O28: =SUM(C28:L28,N28) -> 9 | P28: =SUM(C28:N28) -> 11 | R28: 12 Hours | S28: =SUM(S10:S21) -> 55 | T28: =SUM(T10:T21) -> 66 | U28: =SUM(U10:U21) -> 57 | V28: =SUM(V10:V21) -> 154 | W28: =SUM(W10:W21) -> 10 | X28: =SUM(X10:X21) -> 8 | Y28: =SUM(Y10:Y21) -> 53 | Z28: =SUM(Z10:Z21) -> 24 | ... AF28: =SUM(AF10:AF21) -> 943
B29: 11.45 - 12.00 | C29: 5 | D29: 2 | E29: 0 | F29: 5 | G29: 4 | H29: 0 | I29: 1 | J29: 0 | K29: 3 | L29: 0 | M29: 0 | N29: 0 | O29: =SUM(C29:L29,N29) -> 20 | P29: =SUM(C29:N29) -> 20
B30: 12.00 - 12.15 | C30: 0 | D30: 0 | E30: 1 | F30: 1 | G30: 0 | H30: 0 | I30: 1 | J30: 1 | K30: 1 | L30: 3 | M30: 0 | N30: 0 | O30: =SUM(C30:L30,N30) -> 8 | P30: =SUM(C30:N30) -> 8
B31: 12.15 - 12.30 | C31: 1 | D31: 1 | E31: 1 | F31: 1 | G31: 0 | H31: 0 | I31: 0 | J31: 0 | K31: 2 | L31: 0 | M31: 1 | N31: 0 | O31: =SUM(C31:L31,N31) -> 6 | P31: =SUM(C31:N31) -> 7
B32: 12.30 - 12.45 | C32: 0 | D32: 1 | E32: 1 | F32: 2 | G32: 0 | H32: 2 | I32: 0 | J32: 0 | K32: 0 | L32: 3 | M32: 2 | N32: 0 | O32: =SUM(C32:L32,N32) -> 9 | P32: =SUM(C32:N32) -> 11
B33: 12.45 - 13.00 | C33: 0 | D33: 1 | E33: 3 | F33: 7 | G33: 0 | H33: 0 | I33: 3 | J33: 0 | K33: 3 | L33: 10 | M33: 12 | N33: 0 | O33: =SUM(C33:L33,N33) -> 27 | P33: =SUM(C33:N33) -> 39
B34: 13.00 - 13.15 | C34: 3 | D34: 1 | E34: 2 | F34: 7 | G34: 0 | H34: 0 | I34: 2 | J34: 1 | K34: 5 | L34: 1 | M34: 2 | N34: 0 | O34: =SUM(C34:L34,N34) -> 22 | P34: =SUM(C34:N34) -> 24
B35: 13.15 - 13.30 | C35: 2 | D35: 0 | E35: 5 | F35: 3 | G35: 0 | H35: 0 | I35: 0 | J35: 1 | K35: 0 | L35: 3 | M35: 5 | N35: 0 | O35: =SUM(C35:L35,N35) -> 14 | P35: =SUM(C35:N35) -> 19
B36: 13.30 - 13.45 | C36: 3 | D36: 0 | E36: 0 | F36: 5 | G36: 0 | H36: 0 | I36: 6 | J36: 3 | K36: 1 | L36: 1 | M36: 0 | N36: 0 | O36: =SUM(C36:L36,N36) -> 19 | P36: =SUM(C36:N36) -> 19
B37: 13.45 - 14.00 | C37: 2 | D37: 1 | E37: 1 | F37: 3 | G37: 0 | H37: 0 | I37: 0 | J37: 0 | K37: 0 | L37: 5 | M37: 1 | N37: 0 | O37: =SUM(C37:L37,N37) -> 12 | P37: =SUM(C37:N37) -> 13
B38: 14.00 - 14.15 | C38: 1 | D38: 1 | E38: 1 | F38: 2 | G38: 0 | H38: 0 | I38: 0 | J38: 0 | K38: 0 | L38: 4 | M38: 8 | N38: 0 | O38: =SUM(C38:L38,N38) -> 9 | P38: =SUM(C38:N38) -> 17
B39: 14.15 - 14.30 | C39: 1 | D39: 3 | E39: 3 | F39: 1 | G39: 0 | H39: 2 | I39: 2 | J39: 0 | K39: 0 | L39: 4 | M39: 6 | N39: 0 | O39: =SUM(C39:L39,N39) -> 16 | P39: =SUM(C39:N39) -> 22
B40: 14.30 - 14.45 | C40: 0 | D40: 1 | E40: 1 | F40: 9 | G40: 0 | H40: 0 | I40: 0 | J40: 0 | K40: 0 | L40: 2 | M40: 6 | N40: 0 | O40: =SUM(C40:L40,N40) -> 13 | P40: =SUM(C40:N40) -> 19
... B57: 18.45 - 19.00 | C57: 3 | D57: 2 | E57: 7 | F57: 13 | G57: 3 | H57: 0 | I57: 2 | J57: 6 | K57: 0 | L57: 7 | M57: 8 | N57: 0 | O57: =SUM(C57:L57,N57) -> 43 | P57: =SUM(C57:N57) -> 51
B58: Totals | C58: =SUM(C10:C57) -> 55 | D58: =SUM(D10:D57) -> 66 | E58: =SUM(E10:E57) -> 57 | F58: =SUM(F10:F57) -> 154 | G58: =SUM(G10:G57) -> 10 | H58: =SUM(H10:H57) -> 8 | I58: =SUM(I10:I57) -> 53 | J58: =SUM(J10:J57) -> 24 | ... P58: =SUM(P10:P57) -> 943
B59: %ges + MCs | C59: =C58/$P$58 -> 0.058324496 | D59: =D58/$P$58 -> 0.069989396 | E59: =E58/$P$58 -> 0.060445387 | F59: =F58/$P$58 -> 0.16330859 | G59: =G58/$P$58 -> 0.010604454 | H59: =H58/$P$58 -> 0.0084835631 | I59: =I58/$P$58 -> 0.056203606 | J59: =J58/$P$58 -> 0.025450689 | ... N59: =N58/$P$58 -> 0
B60: %ges w/o MCs | C60: =C58/$O$58 -> 0.069620253 | D60: =D58/$O$58 -> 0.083544304 | E60: =E58/$O$58 -> 0.072151899 | F60: =F58/$O$58 -> 0.19493671 | G60: =G58/$O$58 -> 0.012658228 | H60: =H58/$O$58 -> 0.010126582 | I60: =I58/$O$58 -> 0.067088608 | J60: =J58/$O$58 -> 0.030379747 | ... L60: =L58/$O$58 -> 0.39113924 | N60: =N58/$O$58 -> 0

Sheet 23.08 BUSITEMA-TORORO
B1: Consultancy services for Preparation of Expressway Development Master Plan (EDMP) for Uganda
B2: MANUAL CLASSIFIED COUNT (MCC)
B3: ROAD NAME: | C3: ='22.08 TORORO-BUSITEMA'!C3:G3 -> TORORO TO BUSITEMA
C5: Date | D5: 23.08.19 | F5: Location | G5: ='22.08 TORORO-BUSITEMA'!G5:H5 -> STATION 98 | J5: Surveyor | K5: ='22.08 TORORO-BUSITEMA'!K5:L5 -> RWOTHOMIYO NORMAN
C6: Dir. From | D6: BUSITEMA | F6: Dir. To | G6: TORORO | J6: Supervisor | K6: ='22.08 TORORO-BUSITEMA'!K6:L6 -> IVAN
B8: Time / Veh Type | R8: SUMMARY TRAFFIC VOLUMES
C9: 1. Car | D9: 2. Station Wagon | E9: 3. Pickups | F9: 4. Minibus, matatu | G9: 5. Medium bus | H9: 6. Large Bus | I9: 7. Light Truck | J9: 8. Medium Truck | K9: 9. Heavy truck | L9: 10. Truck Trailer | M9: 11. Motor cycles | N9: 12. Tractors | O9: Total Excl M/Cycles | P9: Total All | R9: Time | S9: 1. Car | T9: 2. Station Wagon | U9: 3. Pickups | V9: 4. Minibus, matatu | W9: 5. Medium bus | X9: 6. Large Bus | Y9: 7. Light Truck | Z9: 8. Medium Truck | AA9: 9. Heavy truck | AB9: 10. Truck Trailer | AC9: 11. Motorcycles | AD9: 12. Tractors, Graders | AE9: Total Excl M/ Cycles | AF9: Total All
B10: 07.00 - 07.15 | C10: 0 | D10: 0 | E10: 0 | F10: 7 | G10: 0 | H10: 0 | I10: 0 | J10: 0 | K10: 3 | L10: 11 | M10: 3 | N10: 0 | O10: =SUM(C10:L10,N10) -> 21 | P10: =SUM(C10:N10) -> 24 | R10: 0700-0800 | S10: =SUM(C10:C13) -> 3 | T10: =SUM(D10:D13) -> 6 | U10: =SUM(E10:E13) -> 1 | V10: =SUM(F10:F13) -> 14 | W10: =SUM(G10:G13) -> 0 | X10: =SUM(H10:H13) -> 0 | Y10: =SUM(I10:I13) -> 0 | Z10: =SUM(J10:J13) -> 0 | ... AF10: =SUM(P10:P13) -> 87
B11: 07.15 - 07.30 | C11: 3 | D11: 0 | E11: 1 | F11: 0 | G11: 0 | H11: 0 | I11: 0 | J11: 0 | K11: 0 | L11: 9 | M11: 4 | N11: 0 | O11: =SUM(C11:L11,N11) -> 13 | P11: =SUM(C11:N11) -> 17 | R11: 0800-0900 | S11: =SUM(C14:C17) -> 3 | T11: =SUM(D14:D17) -> 10 | U11: =SUM(E14:E17) -> 4 | V11: =SUM(F14:F17) -> 13 | W11: =SUM(G14:G17) -> 0 | X11: =SUM(H14:H17) -> 0 | Y11: =SUM(I14:I17) -> 0 | Z11: =SUM(J14:J17) -> 1 | ... AF11: =SUM(P14:P17) -> 75
B12: 07.30 - 07.45 | C12: 0 | D12: 3 | E12: 0 | F12: 4 | G12: 0 | H12: 0 | I12: 0 | J12: 0 | K12: 0 | L12: 20 | M12: 0 | N12: 0 | O12: =SUM(C12:L12,N12) -> 27 | P12: =SUM(C12:N12) -> 27 | R12: 0900-1000 | S12: =SUM(C18:C21) -> 2 | T12: =SUM(D18:D21) -> 7 | U12: =SUM(E18:E21) -> 2 | V12: =SUM(F18:F21) -> 13 | W12: =SUM(G18:G21) -> 0 | X12: =SUM(H18:H21) -> 0 | Y12: =SUM(I18:I21) -> 5 | Z12: =SUM(J18:J21) -> 0 | ... AF12: =SUM(P18:P21) -> 61
B13: 07.45 - 08.00 | C13: 0 | D13: 3 | E13: 0 | F13: 3 | G13: 0 | H13: 0 | I13: 0 | J13: 0 | K13: 0 | L13: 6 | M13: 7 | N13: 0 | O13: =SUM(C13:L13,N13) -> 12 | P13: =SUM(C13:N13) -> 19 | R13: 1000-1100 | S13: =SUM(C22:C25) -> 5 | T13: =SUM(D22:D25) -> 11 | U13: =SUM(E22:E25) -> 0 | V13: =SUM(F22:F25) -> 16 | W13: =SUM(G22:G25) -> 0 | X13: =SUM(H22:H25) -> 0 | Y13: =SUM(I22:I25) -> 2 | Z13: =SUM(J22:J25) -> 0 | ... AF13: =SUM(P22:P25) -> 58
B14: 08.00 - 08.15 | C14: 0 | D14: 2 | E14: 1 | F14: 3 | G14: 0 | H14: 0 | I14: 0 | J14: 0 | K14: 0 | L14: 4 | M14: 0 | N14: 0 | O14: =SUM(C14:L14,N14) -> 10 | P14: =SUM(C14:N14) -> 10 | R14: 1100-1200 | S14: =SUM(C26:C29) -> 5 | T14: =SUM(D26:D29) -> 8 | U14: =SUM(E26:E29) -> 3 | V14: =SUM(F26:F29) -> 12 | W14: =SUM(G26:G29) -> 0 | X14: =SUM(H26:H29) -> 0 | Y14: =SUM(I26:I29) -> 1 | Z14: =SUM(J26:J29) -> 3 | ... AF14: =SUM(P26:P29) -> 77
B15: 08.15 - 08.30 | C15: 0 | D15: 3 | E15: 0 | F15: 1 | G15: 0 | H15: 0 | I15: 0 | J15: 1 | K15: 0 | L15: 8 | M15: 1 | N15: 0 | O15: =SUM(C15:L15,N15) -> 13 | P15: =SUM(C15:N15) -> 14 | R15: 1200-1300 | S15: =SUM(C30:C33) -> 3 | T15: =SUM(D30:D33) -> 15 | U15: =SUM(E30:E33) -> 0 | V15: =SUM(F30:F33) -> 17 | W15: =SUM(G30:G33) -> 0 | X15: =SUM(H30:H33) -> 0 | Y15: =SUM(I30:I33) -> 2 | Z15: =SUM(J30:J33) -> 0 | ... AF15: =SUM(P30:P33) -> 60
B16: 08.30 - 08.45 | C16: 0 | D16: 0 | E16: 1 | F16: 0 | G16: 0 | H16: 0 | I16: 0 | J16: 0 | K16: 0 | L16: 1 | M16: 0 | N16: 0 | O16: =SUM(C16:L16,N16) -> 2 | P16: =SUM(C16:N16) -> 2 | R16: 1300-1400 | S16: =SUM(C34:C37) -> 7 | T16: =SUM(D34:D37) -> 8 | U16: =SUM(E34:E37) -> 1 | V16: =SUM(F34:F37) -> 15 | W16: =SUM(G34:G37) -> 0 | X16: =SUM(H34:H37) -> 0 | Y16: =SUM(I34:I37) -> 4 | Z16: =SUM(J34:J37) -> 3 | ... AF16: =SUM(P34:P37) -> 82
B17: 08.45 - 9.00 | C17: 3 | D17: 5 | E17: 2 | F17: 9 | G17: 0 | H17: 0 | I17: 0 | J17: 0 | K17: 0 | L17: 23 | M17: 7 | N17: 0 | O17: =SUM(C17:L17,N17) -> 42 | P17: =SUM(C17:N17) -> 49 | R17: 1400-1500 | S17: =SUM(C38:C41) -> 4 | T17: =SUM(D38:D41) -> 7 | U17: =SUM(E38:E41) -> 5 | V17: =SUM(F38:F41) -> 30 | W17: =SUM(G38:G41) -> 2 | X17: =SUM(H38:H41) -> 0 | Y17: =SUM(I38:I41) -> 12 | Z17: =SUM(J38:J41) -> 5 | ... AF17: =SUM(P38:P41) -> 116
B18: 09.00 - 09.15 | C18: 0 | D18: 0 | E18: 0 | F18: 0 | G18: 0 | H18: 0 | I18: 0 | J18: 0 | K18: 0 | L18: 0 | M18: 0 | N18: 0 | O18: =SUM(C18:L18,N18) -> 0 | P18: =SUM(C18:N18) -> 0 | R18: 1500-1600 | S18: =SUM(C42:C45) -> 3 | T18: =SUM(D42:D45) -> 4 | U18: =SUM(E42:E45) -> 5 | V18: =SUM(F42:F45) -> 35 | W18: =SUM(G42:G45) -> 0 | X18: =SUM(H42:H45) -> 0 | Y18: =SUM(I42:I45) -> 13 | Z18: =SUM(J42:J45) -> 8 | ... AF18: =SUM(P42:P45) -> 151
B19: 09.15 - 09.30 | C19: 1 | D19: 3 | E19: 1 | F19: 4 | G19: 0 | H19: 0 | I19: 5 | J19: 0 | K19: 2 | L19: 12 | M19: 2 | N19: 0 | O19: =SUM(C19:L19,N19) -> 28 | P19: =SUM(C19:N19) -> 30 | R19: 1600-1700 | S19: =SUM(C46:C49) -> 10 | T19: =SUM(D46:D49) -> 16 | U19: =SUM(E46:E49) -> 7 | V19: =SUM(F46:F49) -> 13 | W19: =SUM(G46:G49) -> 0 | X19: =SUM(H46:H49) -> 0 | Y19: =SUM(I46:I49) -> 4 | Z19: =SUM(J46:J49) -> 0 | ... AF19: =SUM(P46:P49) -> 129
B20: 09.30 - 09.45 | C20: 0 | D20: 4 | E20: 0 | F20: 6 | G20: 0 | H20: 0 | I20: 0 | J20: 0 | K20: 1 | L20: 4 | M20: 3 | N20: 0 | O20: =SUM(C20:L20,N20) -> 15 | P20: =SUM(C20:N20) -> 18 | R20: 1700-1800 | S20: =SUM(C50:C53) -> 8 | T20: =SUM(D50:D53) -> 16 | U20: =SUM(E50:E53) -> 5 | V20: =SUM(F50:F53) -> 21 | W20: =SUM(G50:G53) -> 0 | X20: =SUM(H50:H53) -> 0 | Y20: =SUM(I50:I53) -> 9 | Z20: =SUM(J50:J53) -> 4 | ... AF20: =SUM(P50:P53) -> 125
B21: 09.45 - 10.00 | C21: 1 | D21: 0 | E21: 1 | F21: 3 | G21: 0 | H21: 0 | I21: 0 | J21: 0 | K21: 2 | L21: 2 | M21: 4 | N21: 0 | O21: =SUM(C21:L21,N21) -> 9 | P21: =SUM(C21:N21) -> 13 | R21: 1800-1900 | S21: =SUM(C54:C57) -> 14 | T21: =SUM(D54:D57) -> 9 | U21: =SUM(E54:E57) -> 10 | V21: =SUM(F54:F57) -> 24 | W21: =SUM(G54:G57) -> 1 | X21: =SUM(H54:H57) -> 5 | Y21: =SUM(I54:I57) -> 14 | Z21: =SUM(J54:J57) -> 4 | ... AF21: =SUM(P54:P57) -> 178
B22: 10.00 - 10.15 | C22: 0 | D22: 2 | E22: 0 | F22: 3 | G22: 0 | H22: 0 | I22: 1 | J22: 0 | K22: 3 | L22: 5 | M22: 0 | N22: 0 | O22: =SUM(C22:L22,N22) -> 14 | P22: =SUM(C22:N22) -> 14 | R22: AM Peak Hr | S22: =MAX(S10:S12) -> 3 | T22: =MAX(T10:T12) -> 10 | U22: =MAX(U10:U12) -> 4 | V22: =MAX(V10:V12) -> 14 | W22: =MAX(W10:W12) -> 0 | X22: =MAX(X10:X12) -> 0 | Y22: =MAX(Y10:Y12) -> 5 | Z22: =MAX(Z10:Z12) -> 1 | ... AF22: =MAX(AF10:AF12) -> 87
B23: 10.15 - 10.30 | C23: 2 | D23: 4 | E23: 0 | F23: 2 | G23: 0 | H23: 0 | I23: 1 | J23: 0 | K23: 0 | L23: 2 | M23: 2 | N23: 0 | O23: =SUM(C23:L23,N23) -> 11 | P23: =SUM(C23:N23) -> 13 | R23: IP Peak Hr | S23: =MAX(S13:S18) -> 7 | T23: =MAX(T13:T18) -> 15 | U23: =MAX(U13:U18) -> 5 | V23: =MAX(V13:V18) -> 35 | W23: =MAX(W13:W18) -> 2 | X23: =MAX(X13:X18) -> 0 | Y23: =MAX(Y13:Y18) -> 13 | Z23: =MAX(Z13:Z18) -> 8 | ... AF23: =MAX(AF13:AF18) -> 151
B24: 10.30 - 10.45 | C24: 0 | D24: 1 | E24: 0 | F24: 5 | G24: 0 | H24: 0 | I24: 0 | J24: 0 | K24: 0 | L24: 1 | M24: 1 | N24: 0 | O24: =SUM(C24:L24,N24) -> 7 | P24: =SUM(C24:N24) -> 8 | R24: PM Peak Hr | S24: =MAX(S19:S21) -> 14 | T24: =MAX(T19:T21) -> 16 | U24: =MAX(U19:U21) -> 10 | V24: =MAX(V19:V21) -> 24 | W24: =MAX(W19:W21) -> 1 | X24: =MAX(X19:X21) -> 5 | Y24: =MAX(Y19:Y21) -> 14 | Z24: =MAX(Z19:Z21) -> 4 | ... AF24: =MAX(AF19:AF21) -> 178
B25: 10.45 - 11.00 | C25: 3 | D25: 4 | E25: 0 | F25: 6 | G25: 0 | H25: 0 | I25: 0 | J25: 0 | K25: 0 | L25: 5 | M25: 5 | N25: 0 | O25: =SUM(C25:L25,N25) -> 18 | P25: =SUM(C25:N25) -> 23 | R25: AM Period | S25: =SUM(S10:S12) -> 8 | T25: =SUM(T10:T12) -> 23 | U25: =SUM(U10:U12) -> 7 | V25: =SUM(V10:V12) -> 40 | W25: =SUM(W10:W12) -> 0 | X25: =SUM(X10:X12) -> 0 | Y25: =SUM(Y10:Y12) -> 5 | Z25: =SUM(Z10:Z12) -> 1 | ... AF25: =SUM(AF10:AF12) -> 223
B26: 11.00 - 11.15 | C26: 3 | D26: 1 | E26: 2 | F26: 2 | G26: 0 | H26: 0 | I26: 0 | J26: 2 | K26: 0 | L26: 6 | M26: 11 | N26: 0 | O26: =SUM(C26:L26,N26) -> 16 | P26: =SUM(C26:N26) -> 27 | R26: IP Period | S26: =SUM(S13:S18) -> 27 | T26: =SUM(T13:T18) -> 53 | U26: =SUM(U13:U18) -> 14 | V26: =SUM(V13:V18) -> 125 | W26: =SUM(W13:W18) -> 2 | X26: =SUM(X13:X18) -> 0 | Y26: =SUM(Y13:Y18) -> 34 | Z26: =SUM(Z13:Z18) -> 19 | ... AF26: =SUM(AF13:AF18) -> 544
B27: 11.15 - 11.30 | C27: 0 | D27: 1 | E27: 1 | F27: 3 | G27: 0 | H27: 0 | I27: 0 | J27: 1 | K27: 3 | L27: 2 | M27: 0 | N27: 0 | O27: =SUM(C27:L27,N27) -> 11 | P27: =SUM(C27:N27) -> 11 | R27: PM Period | S27: =SUM(S19:S21) -> 32 | T27: =SUM(T19:T21) -> 41 | U27: =SUM(U19:U21) -> 22 | V27: =SUM(V19:V21) -> 58 | W27: =SUM(W19:W21) -> 1 | X27: =SUM(X19:X21) -> 5 | Y27: =SUM(Y19:Y21) -> 27 | Z27: =SUM(Z19:Z21) -> 8 | ... AF27: =SUM(AF19:AF21) -> 432
B28: 11.30 - 11.45 | C28: 0 | D28: 6 | E28: 0 | F28: 1 | G28: 0 | H28: 0 | I28: 1 | J28: 0 | K28: 1 | L28: 2 | M28: 9 | N28: 0 | O28: =SUM(C28:L28,N28) -> 11 | P28: =SUM(C28:N28) -> 20 | R28: 12 Hours | S28: =SUM(S10:S21) -> 67 | T28: =SUM(T10:T21) -> 117 | U28: =SUM(U10:U21) -> 43 | V28: =SUM(V10:V21) -> 223 | W28: =SUM(W10:W21) -> 3 | X28: =SUM(X10:X21) -> 5 | Y28: =SUM(Y10:Y21) -> 66 | Z28: =SUM(Z10:Z21) -> 28 | ... AF28: =SUM(AF10:AF21) -> 1199
B29: 11.45 - 12.00 | C29: 2 | D29: 0 | E29: 0 | F29: 6 | G29: 0 | H29: 0 | I29: 0 | J29: 0 | K29: 3 | L29: 3 | M29: 5 | N29: 0 | O29: =SUM(C29:L29,N29) -> 14 | P29: =SUM(C29:N29) -> 19
B30: 12.00 - 12.15 | C30: 1 | D30: 4 | E30: 0 | F30: 4 | G30: 0 | H30: 0 | I30: 1 | J30: 0 | K30: 1 | L30: 2 | M30: 3 | N30: 0 | O30: =SUM(C30:L30,N30) -> 13 | P30: =SUM(C30:N30) -> 16
B31: 12.15 - 12.30 | C31: 1 | D31: 3 | E31: 0 | F31: 4 | G31: 0 | H31: 0 | I31: 0 | J31: 0 | K31: 0 | L31: 6 | M31: 1 | N31: 0 | O31: =SUM(C31:L31,N31) -> 14 | P31: =SUM(C31:N31) -> 15
B32: 12.30 - 12.45 | C32: 0 | D32: 5 | E32: 0 | F32: 5 | G32: 0 | H32: 0 | I32: 1 | J32: 0 | K32: 2 | L32: 1 | M32: 1 | N32: 0 | O32: =SUM(C32:L32,N32) -> 14 | P32: =SUM(C32:N32) -> 15
B33: 12.45 - 13.00 | C33: 1 | D33: 3 | E33: 0 | F33: 4 | G33: 0 | H33: 0 | I33: 0 | J33: 0 | K33: 0 | L33: 0 | M33: 6 | N33: 0 | O33: =SUM(C33:L33,N33) -> 8 | P33: =SUM(C33:N33) -> 14
B34: 13.00 - 13.15 | C34: 3 | D34: 2 | E34: 0 | F34: 3 | G34: 0 | H34: 0 | I34: 1 | J34: 1 | K34: 3 | L34: 2 | M34: 8 | N34: 0 | O34: =SUM(C34:L34,N34) -> 15 | P34: =SUM(C34:N34) -> 23
B35: 13.15 - 13.30 | C35: 2 | D35: 1 | E35: 1 | F35: 4 | G35: 0 | H35: 0 | I35: 2 | J35: 0 | K35: 1 | L35: 3 | M35: 4 | N35: 0 | O35: =SUM(C35:L35,N35) -> 14 | P35: =SUM(C35:N35) -> 18
B36: 13.30 - 13.45 | C36: 0 | D36: 1 | E36: 0 | F36: 4 | G36: 0 | H36: 0 | I36: 0 | J36: 1 | K36: 0 | L36: 4 | M36: 5 | N36: 0 | O36: =SUM(C36:L36,N36) -> 10 | P36: =SUM(C36:N36) -> 15
B37: 13.45 - 14.00 | C37: 2 | D37: 4 | E37: 0 | F37: 4 | G37: 0 | H37: 0 | I37: 1 | J37: 1 | K37: 0 | L37: 4 | M37: 10 | N37: 0 | O37: =SUM(C37:L37,N37) -> 16 | P37: =SUM(C37:N37) -> 26
B38: 14.00 - 14.15 | C38: 0 | D38: 1 | E38: 3 | F38: 11 | G38: 2 | H38: 0 | I38: 7 | J38: 3 | K38: 4 | L38: 8 | M38: 3 | N38: 0 | O38: =SUM(C38:L38,N38) -> 39 | P38: =SUM(C38:N38) -> 42
B39: 14.15 - 14.30 | C39: 4 | D39: 2 | E39: 0 | F39: 10 | G39: 0 | H39: 0 | I39: 3 | J39: 2 | K39: 2 | L39: 9 | M39: 7 | N39: 0 | O39: =SUM(C39:L39,N39) -> 32 | P39: =SUM(C39:N39) -> 39
B40: 14.30 - 14.45 | C40: 0 | D40: 3 | E40: 0 | F40: 7 | G40: 0 | H40: 0 | I40: 2 | J40: 0 | K40: 0 | L40: 2 | M40: 4 | N40: 0 | O40: =SUM(C40:L40,N40) -> 14 | P40: =SUM(C40:N40) -> 18
... B57: 18.45 - 19.00 | C57: 1 | D57: 1 | E57: 0 | F57: 3 | G57: 0 | H57: 0 | I57: 0 | J57: 0 | K57: 0 | L57: 9 | M57: 7 | N57: 0 | O57: =SUM(C57:L57,N57) -> 14 | P57: =SUM(C57:N57) -> 21
B58: Totals | C58: =SUM(C10:C57) -> 67 | D58: =SUM(D10:D57) -> 117 | E58: =SUM(E10:E57) -> 43 | F58: =SUM(F10:F57) -> 223 | G58: =SUM(G10:G57) -> 3 | H58: =SUM(H10:H57) -> 5 | I58: =SUM(I10:I57) -> 66 | J58: =SUM(J10:J57) -> 28 | ... P58: =SUM(P10:P57) -> 1199
B59: %ges + MCs | C59: =C58/$P$58 -> 0.0558799 | D59: =D58/$P$58 -> 0.097581318 | E59: =E58/$P$58 -> 0.035863219 | F59: =F58/$P$58 -> 0.18598832 | G59: =G58/$P$58 -> 0.0025020851 | H59: =H58/$P$58 -> 0.0041701418 | I59: =I58/$P$58 -> 0.055045872 | J59: =J58/$P$58 -> 0.023352794 | ... N59: =N58/$P$58 -> 0
B60: %ges w/o MCs | C60: =C58/$O$58 -> 0.068158698 | D60: =D58/$O$58 -> 0.1190234 | E60: =E58/$O$58 -> 0.043743642 | F60: =F58/$O$58 -> 0.22685656 | G60: =G58/$O$58 -> 0.003051882 | H60: =H58/$O$58 -> 0.00508647 | I60: =I58/$O$58 -> 0.067141404 | J60: =J58/$O$58 -> 0.028484232 | ... L60: =L58/$O$58 -> 0.3723296 | N60: =N58/$O$58 -> 0

Sheet 23.08 TORORO-BUSITEMA
B1: Consultancy services for Preparation of Expressway Development Master Plan (EDMP) for Uganda
B2: MANUAL CLASSIFIED COUNT (MCC)
B3: ROAD NAME: | C3: ='22.08 BUSITEMA-TORORO'!C3:G3 -> TORORO TO BUSITEMA
C5: Date | D5: ='23.08 BUSITEMA-TORORO'!D5 -> 23.08.19 | F5: Location | G5: ='22.08 TORORO-BUSITEMA'!G5:H5 -> STATION 98 | J5: Surveyor | K5: AMONY JOVANA BELLA
C6: Dir. From | D6: TORORO | F6: Dir. To | G6: BUSITEMA | J6: Supervisor | K6: ='22.08 TORORO-BUSITEMA'!K6:L6 -> IVAN
B8: Time / Veh Type | R8: SUMMARY TRAFFIC VOLUMES
C9: 1. Car | D9: 2. Station Wagon | E9: 3. Pickups | F9: 4. Minibus, matatu | G9: 5. Medium bus | H9: 6. Large Bus | I9: 7. Light Truck | J9: 8. Medium Truck | K9: 9. Heavy truck | L9: 10. Truck Trailer | M9: 11. Motor cycles | N9: 12. Tractors | O9: Total Excl M/Cycles | P9: Total All | R9: Time | S9: 1. Car | T9: 2. Station Wagon | U9: 3. Pickups | V9: 4. Minibus, matatu | W9: 5. Medium bus | X9: 6. Large Bus | Y9: 7. Light Truck | Z9: 8. Medium Truck | AA9: 9. Heavy truck | AB9: 10. Truck Trailer | AC9: 11. Motorcycles | AD9: 12. Tractors, Graders | AE9: Total Excl M/ Cycles | AF9: Total All
B10: 07.00 - 07.15 | C10: 1 | D10: 2 | E10: 0 | F10: 7 | G10: 0 | H10: 1 | I10: 0 | J10: 0 | K10: 3 | L10: 23 | M10: 2 | N10: 0 | O10: =SUM(C10:L10,N10) -> 37 | P10: =SUM(C10:N10) -> 39 | R10: 0700-0800 | S10: =SUM(C10:C13) -> 1 | T10: =SUM(D10:D13) -> 6 | U10: =SUM(E10:E13) -> 7 | V10: =SUM(F10:F13) -> 15 | W10: =SUM(G10:G13) -> 0 | X10: =SUM(H10:H13) -> 1 | Y10: =SUM(I10:I13) -> 0 | Z10: =SUM(J10:J13) -> 0 | ... AF10: =SUM(P10:P13) -> 101
B11: 07.15 - 07.30 | C11: 0 | D11: 0 | E11: 5 | F11: 0 | G11: 0 | H11: 0 | I11: 0 | J11: 0 | K11: 0 | L11: 17 | M11: 0 | N11: 0 | O11: =SUM(C11:L11,N11) -> 22 | P11: =SUM(C11:N11) -> 22 | R11: 0800-0900 | S11: =SUM(C14:C17) -> 4 | T11: =SUM(D14:D17) -> 6 | U11: =SUM(E14:E17) -> 1 | V11: =SUM(F14:F17) -> 8 | W11: =SUM(G14:G17) -> 1 | X11: =SUM(H14:H17) -> 0 | Y11: =SUM(I14:I17) -> 1 | Z11: =SUM(J14:J17) -> 3 | ... AF11: =SUM(P14:P17) -> 77
B12: 07.30 - 07.45 | C12: 0 | D12: 2 | E12: 1 | F12: 6 | G12: 0 | H12: 0 | I12: 0 | J12: 0 | K12: 2 | L12: 15 | M12: 0 | N12: 0 | O12: =SUM(C12:L12,N12) -> 26 | P12: =SUM(C12:N12) -> 26 | R12: 0900-1000 | S12: =SUM(C18:C21) -> 7 | T12: =SUM(D18:D21) -> 7 | U12: =SUM(E18:E21) -> 2 | V12: =SUM(F18:F21) -> 13 | W12: =SUM(G18:G21) -> 0 | X12: =SUM(H18:H21) -> 1 | Y12: =SUM(I18:I21) -> 1 | Z12: =SUM(J18:J21) -> 8 | ... AF12: =SUM(P18:P21) -> 100
B13: 07.45 - 08.00 | C13: 0 | D13: 2 | E13: 1 | F13: 2 | G13: 0 | H13: 0 | I13: 0 | J13: 0 | K13: 1 | L13: 8 | M13: 0 | N13: 0 | O13: =SUM(C13:L13,N13) -> 14 | P13: =SUM(C13:N13) -> 14 | R13: 1000-1100 | S13: =SUM(C22:C25) -> 16 | T13: =SUM(D22:D25) -> 8 | U13: =SUM(E22:E25) -> 5 | V13: =SUM(F22:F25) -> 19 | W13: =SUM(G22:G25) -> 0 | X13: =SUM(H22:H25) -> 0 | Y13: =SUM(I22:I25) -> 1 | Z13: =SUM(J22:J25) -> 4 | ... AF13: =SUM(P22:P25) -> 101
B14: 08.00 - 08.15 | C14: 1 | D14: 4 | E14: 1 | F14: 4 | G14: 1 | H14: 0 | I14: 0 | J14: 0 | K14: 1 | L14: 9 | M14: 0 | N14: 0 | O14: =SUM(C14:L14,N14) -> 21 | P14: =SUM(C14:N14) -> 21 | R14: 1100-1200 | S14: =SUM(C26:C29) -> 22 | T14: =SUM(D26:D29) -> 20 | U14: =SUM(E26:E29) -> 3 | V14: =SUM(F26:F29) -> 17 | W14: =SUM(G26:G29) -> 0 | X14: =SUM(H26:H29) -> 0 | Y14: =SUM(I26:I29) -> 3 | Z14: =SUM(J26:J29) -> 5 | ... AF14: =SUM(P26:P29) -> 122
B15: 08.15 - 08.30 | C15: 1 | D15: 0 | E15: 0 | F15: 1 | G15: 0 | H15: 0 | I15: 1 | J15: 0 | K15: 0 | L15: 12 | M15: 3 | N15: 0 | O15: =SUM(C15:L15,N15) -> 15 | P15: =SUM(C15:N15) -> 18 | R15: 1200-1300 | S15: =SUM(C30:C33) -> 12 | T15: =SUM(D30:D33) -> 18 | U15: =SUM(E30:E33) -> 3 | V15: =SUM(F30:F33) -> 17 | W15: =SUM(G30:G33) -> 0 | X15: =SUM(H30:H33) -> 0 | Y15: =SUM(I30:I33) -> 2 | Z15: =SUM(J30:J33) -> 7 | ... AF15: =SUM(P30:P33) -> 106
B16: 08.30 - 08.45 | C16: 1 | D16: 1 | E16: 0 | F16: 2 | G16: 0 | H16: 0 | I16: 0 | J16: 1 | K16: 2 | L16: 10 | M16: 3 | N16: 0 | O16: =SUM(C16:L16,N16) -> 17 | P16: =SUM(C16:N16) -> 20 | R16: 1300-1400 | S16: =SUM(C34:C37) -> 14 | T16: =SUM(D34:D37) -> 9 | U16: =SUM(E34:E37) -> 6 | V16: =SUM(F34:F37) -> 17 | W16: =SUM(G34:G37) -> 1 | X16: =SUM(H34:H37) -> 6 | Y16: =SUM(I34:I37) -> 4 | Z16: =SUM(J34:J37) -> 5 | ... AF16: =SUM(P34:P37) -> 115
B17: 08.45 - 9.00 | C17: 1 | D17: 1 | E17: 0 | F17: 1 | G17: 0 | H17: 0 | I17: 0 | J17: 2 | K17: 1 | L17: 8 | M17: 4 | N17: 0 | O17: =SUM(C17:L17,N17) -> 14 | P17: =SUM(C17:N17) -> 18 | R17: 1400-1500 | S17: =SUM(C38:C41) -> 22 | T17: =SUM(D38:D41) -> 9 | U17: =SUM(E38:E41) -> 3 | V17: =SUM(F38:F41) -> 11 | W17: =SUM(G38:G41) -> 0 | X17: =SUM(H38:H41) -> 1 | Y17: =SUM(I38:I41) -> 3 | Z17: =SUM(J38:J41) -> 9 | ... AF17: =SUM(P38:P41) -> 98
B18: 09.00 - 09.15 | C18: 0 | D18: 0 | E18: 0 | F18: 0 | G18: 0 | H18: 0 | I18: 0 | J18: 2 | K18: 0 | L18: 14 | M18: 3 | N18: 0 | O18: =SUM(C18:L18,N18) -> 16 | P18: =SUM(C18:N18) -> 19 | R18: 1500-1600 | S18: =SUM(C42:C45) -> 11 | T18: =SUM(D42:D45) -> 3 | U18: =SUM(E42:E45) -> 0 | V18: =SUM(F42:F45) -> 18 | W18: =SUM(G42:G45) -> 1 | X18: =SUM(H42:H45) -> 0 | Y18: =SUM(I42:I45) -> 3 | Z18: =SUM(J42:J45) -> 9 | ... AF18: =SUM(P42:P45) -> 96
B19: 09.15 - 09.30 | C19: 2 | D19: 2 | E19: 1 | F19: 5 | G19: 0 | H19: 1 | I19: 0 | J19: 3 | K19: 2 | L19: 12 | M19: 3 | N19: 0 | O19: =SUM(C19:L19,N19) -> 28 | P19: =SUM(C19:N19) -> 31 | R19: 1600-1700 | S19: =SUM(C46:C49) -> 12 | T19: =SUM(D46:D49) -> 7 | U19: =SUM(E46:E49) -> 5 | V19: =SUM(F46:F49) -> 25 | W19: =SUM(G46:G49) -> 0 | X19: =SUM(H46:H49) -> 0 | Y19: =SUM(I46:I49) -> 2 | Z19: =SUM(J46:J49) -> 8 | ... AF19: =SUM(P46:P49) -> 114
B20: 09.30 - 09.45 | C20: 4 | D20: 2 | E20: 1 | F20: 7 | G20: 0 | H20: 0 | I20: 1 | J20: 3 | K20: 1 | L20: 12 | M20: 3 | N20: 0 | O20: =SUM(C20:L20,N20) -> 31 | P20: =SUM(C20:N20) -> 34 | R20: 1700-1800 | S20: =SUM(C50:C53) -> 20 | T20: =SUM(D50:D53) -> 18 | U20: =SUM(E50:E53) -> 5 | V20: =SUM(F50:F53) -> 17 | W20: =SUM(G50:G53) -> 0 | X20: =SUM(H50:H53) -> 0 | Y20: =SUM(I50:I53) -> 7 | Z20: =SUM(J50:J53) -> 12 | ... AF20: =SUM(P50:P53) -> 142
B21: 09.45 - 10.00 | C21: 1 | D21: 3 | E21: 0 | F21: 1 | G21: 0 | H21: 0 | I21: 0 | J21: 0 | K21: 0 | L21: 8 | M21: 3 | N21: 0 | O21: =SUM(C21:L21,N21) -> 13 | P21: =SUM(C21:N21) -> 16 | R21: 1800-1900 | S21: =SUM(C54:C57) -> 15 | T21: =SUM(D54:D57) -> 18 | U21: =SUM(E54:E57) -> 11 | V21: =SUM(F54:F57) -> 10 | W21: =SUM(G54:G57) -> 4 | X21: =SUM(H54:H57) -> 3 | Y21: =SUM(I54:I57) -> 4 | Z21: =SUM(J54:J57) -> 5 | ... AF21: =SUM(P54:P57) -> 142
B22: 10.00 - 10.15 | C22: 2 | D22: 3 | E22: 1 | F22: 6 | G22: 0 | H22: 0 | I22: 1 | J22: 1 | K22: 1 | L22: 11 | M22: 2 | N22: 0 | O22: =SUM(C22:L22,N22) -> 26 | P22: =SUM(C22:N22) -> 28 | R22: AM Peak Hr | S22: =MAX(S10:S12) -> 7 | T22: =MAX(T10:T12) -> 7 | U22: =MAX(U10:U12) -> 7 | V22: =MAX(V10:V12) -> 15 | W22: =MAX(W10:W12) -> 1 | X22: =MAX(X10:X12) -> 1 | Y22: =MAX(Y10:Y12) -> 1 | Z22: =MAX(Z10:Z12) -> 8 | ... AF22: =MAX(AF10:AF12) -> 101
B23: 10.15 - 10.30 | C23: 2 | D23: 1 | E23: 1 | F23: 4 | G23: 0 | H23: 0 | I23: 0 | J23: 3 | K23: 0 | L23: 14 | M23: 2 | N23: 0 | O23: =SUM(C23:L23,N23) -> 25 | P23: =SUM(C23:N23) -> 27 | R23: IP Peak Hr | S23: =MAX(S13:S18) -> 22 | T23: =MAX(T13:T18) -> 20 | U23: =MAX(U13:U18) -> 6 | V23: =MAX(V13:V18) -> 19 | W23: =MAX(W13:W18) -> 1 | X23: =MAX(X13:X18) -> 6 | Y23: =MAX(Y13:Y18) -> 4 | Z23: =MAX(Z13:Z18) -> 9 | ... AF23: =MAX(AF13:AF18) -> 122
B24: 10.30 - 10.45 | C24: 5 | D24: 2 | E24: 0 | F24: 3 | G24: 0 | H24: 0 | I24: 0 | J24: 0 | K24: 2 | L24: 6 | M24: 3 | N24: 0 | O24: =SUM(C24:L24,N24) -> 18 | P24: =SUM(C24:N24) -> 21 | R24: PM Peak Hr | S24: =MAX(S19:S21) -> 20 | T24: =MAX(T19:T21) -> 18 | U24: =MAX(U19:U21) -> 11 | V24: =MAX(V19:V21) -> 25 | W24: =MAX(W19:W21) -> 4 | X24: =MAX(X19:X21) -> 3 | Y24: =MAX(Y19:Y21) -> 7 | Z24: =MAX(Z19:Z21) -> 12 | ... AF24: =MAX(AF19:AF21) -> 142
B25: 10.45 - 11.00 | C25: 7 | D25: 2 | E25: 3 | F25: 6 | G25: 0 | H25: 0 | I25: 0 | J25: 0 | K25: 0 | L25: 5 | M25: 2 | N25: 0 | O25: =SUM(C25:L25,N25) -> 23 | P25: =SUM(C25:N25) -> 25 | R25: AM Period | S25: =SUM(S10:S12) -> 12 | T25: =SUM(T10:T12) -> 19 | U25: =SUM(U10:U12) -> 10 | V25: =SUM(V10:V12) -> 36 | W25: =SUM(W10:W12) -> 1 | X25: =SUM(X10:X12) -> 2 | Y25: =SUM(Y10:Y12) -> 2 | Z25: =SUM(Z10:Z12) -> 11 | ... AF25: =SUM(AF10:AF12) -> 278
B26: 11.00 - 11.15 | C26: 5 | D26: 8 | E26: 0 | F26: 5 | G26: 0 | H26: 0 | I26: 3 | J26: 2 | K26: 1 | L26: 10 | M26: 2 | N26: 0 | O26: =SUM(C26:L26,N26) -> 34 | P26: =SUM(C26:N26) -> 36 | R26: IP Period | S26: =SUM(S13:S18) -> 97 | T26: =SUM(T13:T18) -> 67 | U26: =SUM(U13:U18) -> 20 | V26: =SUM(V13:V18) -> 99 | W26: =SUM(W13:W18) -> 2 | X26: =SUM(X13:X18) -> 7 | Y26: =SUM(Y13:Y18) -> 16 | Z26: =SUM(Z13:Z18) -> 39 | ... AF26: =SUM(AF13:AF18) -> 638
B27: 11.15 - 11.30 | C27: 3 | D27: 2 | E27: 2 | F27: 5 | G27: 0 | H27: 0 | I27: 0 | J27: 0 | K27: 0 | L27: 7 | M27: 2 | N27: 0 | O27: =SUM(C27:L27,N27) -> 19 | P27: =SUM(C27:N27) -> 21 | R27: PM Period | S27: =SUM(S19:S21) -> 47 | T27: =SUM(T19:T21) -> 43 | U27: =SUM(U19:U21) -> 21 | V27: =SUM(V19:V21) -> 52 | W27: =SUM(W19:W21) -> 4 | X27: =SUM(X19:X21) -> 3 | Y27: =SUM(Y19:Y21) -> 13 | Z27: =SUM(Z19:Z21) -> 25 | ... AF27: =SUM(AF19:AF21) -> 398
B28: 11.30 - 11.45 | C28: 8 | D28: 5 | E28: 1 | F28: 4 | G28: 0 | H28: 0 | I28: 0 | J28: 3 | K28: 1 | L28: 10 | M28: 5 | N28: 0 | O28: =SUM(C28:L28,N28) -> 32 | P28: =SUM(C28:N28) -> 37 | R28: 12 Hours | S28: =SUM(S10:S21) -> 156 | T28: =SUM(T10:T21) -> 129 | U28: =SUM(U10:U21) -> 51 | V28: =SUM(V10:V21) -> 187 | W28: =SUM(W10:W21) -> 7 | X28: =SUM(X10:X21) -> 12 | Y28: =SUM(Y10:Y21) -> 31 | Z28: =SUM(Z10:Z21) -> 75 | ... AF28: =SUM(AF10:AF21) -> 1314
B29: 11.45 - 12.00 | C29: 6 | D29: 5 | E29: 0 | F29: 3 | G29: 0 | H29: 0 | I29: 0 | J29: 0 | K29: 0 | L29: 7 | M29: 7 | N29: 0 | O29: =SUM(C29:L29,N29) -> 21 | P29: =SUM(C29:N29) -> 28
B30: 12.00 - 12.15 | C30: 2 | D30: 4 | E30: 0 | F30: 5 | G30: 0 | H30: 0 | I30: 0 | J30: 1 | K30: 3 | L30: 3 | M30: 4 | N30: 0 | O30: =SUM(C30:L30,N30) -> 18 | P30: =SUM(C30:N30) -> 22
B31: 12.15 - 12.30 | C31: 3 | D31: 2 | E31: 1 | F31: 4 | G31: 0 | H31: 0 | I31: 2 | J31: 4 | K31: 2 | L31: 4 | M31: 1 | N31: 0 | O31: =SUM(C31:L31,N31) -> 22 | P31: =SUM(C31:N31) -> 23
B32: 12.30 - 12.45 | C32: 4 | D32: 7 | E32: 1 | F32: 5 | G32: 0 | H32: 0 | I32: 0 | J32: 1 | K32: 1 | L32: 11 | M32: 5 | N32: 0 | O32: =SUM(C32:L32,N32) -> 30 | P32: =SUM(C32:N32) -> 35
B33: 12.45 - 13.00 | C33: 3 | D33: 5 | E33: 1 | F33: 3 | G33: 0 | H33: 0 | I33: 0 | J33: 1 | K33: 0 | L33: 10 | M33: 3 | N33: 0 | O33: =SUM(C33:L33,N33) -> 23 | P33: =SUM(C33:N33) -> 26
B34: 13.00 - 13.15 | C34: 1 | D34: 1 | E34: 0 | F34: 4 | G34: 0 | H34: 0 | I34: 0 | J34: 0 | K34: 1 | L34: 9 | M34: 4 | N34: 0 | O34: =SUM(C34:L34,N34) -> 16 | P34: =SUM(C34:N34) -> 20
B35: 13.15 - 13.30 | C35: 2 | D35: 3 | E35: 2 | F35: 3 | G35: 1 | H35: 4 | I35: 3 | J35: 1 | K35: 0 | L35: 3 | M35: 2 | N35: 0 | O35: =SUM(C35:L35,N35) -> 22 | P35: =SUM(C35:N35) -> 24
B36: 13.30 - 13.45 | C36: 6 | D36: 1 | E36: 0 | F36: 5 | G36: 0 | H36: 2 | I36: 1 | J36: 0 | K36: 0 | L36: 14 | M36: 1 | N36: 0 | O36: =SUM(C36:L36,N36) -> 29 | P36: =SUM(C36:N36) -> 30
B37: 13.45 - 14.00 | C37: 5 | D37: 4 | E37: 4 | F37: 5 | G37: 0 | H37: 0 | I37: 0 | J37: 4 | K37: 2 | L37: 14 | M37: 3 | N37: 0 | O37: =SUM(C37:L37,N37) -> 38 | P37: =SUM(C37:N37) -> 41
B38: 14.00 - 14.15 | C38: 4 | D38: 3 | E38: 2 | F38: 3 | G38: 0 | H38: 0 | I38: 0 | J38: 5 | K38: 0 | L38: 9 | M38: 2 | N38: 0 | O38: =SUM(C38:L38,N38) -> 26 | P38: =SUM(C38:N38) -> 28
B39: 14.15 - 14.30 | C39: 7 | D39: 3 | E39: 0 | F39: 1 | G39: 0 | H39: 0 | I39: 0 | J39: 0 | K39: 0 | L39: 6 | M39: 1 | N39: 0 | O39: =SUM(C39:L39,N39) -> 17 | P39: =SUM(C39:N39) -> 18
B40: 14.30 - 14.45 | C40: 6 | D40: 3 | E40: 0 | F40: 6 | G40: 0 | H40: 1 | I40: 1 | J40: 3 | K40: 2 | L40: 11 | M40: 1 | N40: 0 | O40: =SUM(C40:L40,N40) -> 33 | P40: =SUM(C40:N40) -> 34
... B57: 18.45 - 19.00 | C57: 8 | D57: 3 | E57: 5 | F57: 2 | G57: 1 | H57: 0 | I57: 1 | J57: 0 | K57: 4 | L57: 7 | M57: 5 | N57: 0 | O57: =SUM(C57:L57,N57) -> 31 | P57: =SUM(C57:N57) -> 36
B58: Totals | C58: =SUM(C10:C57) -> 156 | D58: =SUM(D10:D57) -> 129 | E58: =SUM(E10:E57) -> 51 | F58: =SUM(F10:F57) -> 187 | G58: =SUM(G10:G57) -> 7 | H58: =SUM(H10:H57) -> 12 | I58: =SUM(I10:I57) -> 31 | J58: =SUM(J10:J57) -> 75 | ... P58: =SUM(P10:P57) -> 1314
B59: %ges + MCs | C59: =C58/$P$58 -> 0.11872146 | D59: =D58/$P$58 -> 0.098173516 | E59: =E58/$P$58 -> 0.038812785 | F59: =F58/$P$58 -> 0.14231355 | G59: =G58/$P$58 -> 0.0053272451 | H59: =H58/$P$58 -> 0.0091324201 | I59: =I58/$P$58 -> 0.023592085 | J59: =J58/$P$58 -> 0.057077626 | ... N59: =N58/$P$58 -> 0
B60: %ges w/o MCs | C60: =C58/$O$58 -> 0.13209145 | D60: =D58/$O$58 -> 0.10922947 | E60: =E58/$O$58 -> 0.043183743 | F60: =F58/$O$58 -> 0.15834039 | G60: =G58/$O$58 -> 0.0059271804 | H60: =H58/$O$58 -> 0.010160881 | I60: =I58/$O$58 -> 0.026248942 | J60: =J58/$O$58 -> 0.063505504 | ... L60: =L58/$O$58 -> 0.4081287 | N60: =N58/$O$58 -> 0

Sheet 24.08 BUSITEMA-TORORO-24h
B1: Consultancy services for Preparation of Expressway Development Master Plan (EDMP) for Uganda
B2: MANUAL CLASSIFIED COUNT (MCC)
B3: ROAD NAME: | C3: ='22.08 TORORO-BUSITEMA'!C3:G3 -> TORORO TO BUSITEMA
C5: Date | D5: 24.08.19 | F5: Location | G5: ='26.08 TORORO-BUSITEMA'!G5:H5 -> STATION 98 | J5: Surveyor | K5: ='26.08 TORORO-BUSITEMA'!K5:L5 -> AMONY JOVANA BELLA
C6: Dir. From | D6: BUSITEMA | F6: Dir. To | G6: TORORO | J6: Supervisor | K6: ='26.08 TORORO-BUSITEMA'!K6:L6 -> IVAN
B8: Time / Veh Type | R8: SUMMARY TRAFFIC VOLUMES
C9: 1. Car | D9: 2. Station Wagon | E9: 3. Pickups | F9: 4. Minibus, matatu | G9: 5. Medium bus | H9: 6. Large Bus | I9: 7. Light Truck | J9: 8. Medium Truck | K9: 9. Heavy truck | L9: 10. Truck Trailer | M9: 11. Motor cycles | N9: 12. Tractors | O9: Total Excl M/Cycles | P9: Total All | R9: Time | S9: 1. Car | T9: 2. Station Wagon | U9: 3. Pickups | V9: 4. Minibus, matatu | W9: 5. Medium bus | X9: 6. Large Bus | Y9: 7. Light Truck | Z9: 8. Medium Truck | AA9: 9. Heavy truck | AB9: 10. Truck Trailer | AC9: 11. Motorcycles | AD9: 12. Tractors, Graders | AE9: Total Excl M/ Cycles | AF9: Total All
B10: 07.00 - 07.15 | C10: 0 | D10: 0 | E10: 0 | F10: 3 | G10: 0 | H10: 0 | I10: 0 | J10: 0 | K10: 0 | L10: 11 | M10: 5 | N10: 0 | O10: =SUM(C10:L10,N10) -> 14 | P10: =SUM(C10:N10) -> 19 | R10: 0700-0800 | S10: =SUM(C10:C13) -> 6 | T10: =SUM(D10:D13) -> 2 | U10: =SUM(E10:E13) -> 1 | V10: =SUM(F10:F13) -> 9 | W10: =SUM(G10:G13) -> 0 | X10: =SUM(H10:H13) -> 0 | Y10: =SUM(I10:I13) -> 2 | Z10: =SUM(J10:J13) -> 0 | ... AF10: =SUM(P10:P13) -> 74
B11: 07.15 - 07.30 | C11: 1 | D11: 2 | E11: 1 | F11: 4 | G11: 0 | H11: 0 | I11: 0 | J11: 0 | K11: 0 | L11: 12 | M11: 6 | N11: 0 | O11: =SUM(C11:L11,N11) -> 20 | P11: =SUM(C11:N11) -> 26 | R11: 0800-0900 | S11: =SUM(C14:C17) -> 8 | T11: =SUM(D14:D17) -> 10 | U11: =SUM(E14:E17) -> 4 | V11: =SUM(F14:F17) -> 12 | W11: =SUM(G14:G17) -> 0 | X11: =SUM(H14:H17) -> 0 | Y11: =SUM(I14:I17) -> 0 | Z11: =SUM(J14:J17) -> 1 | ... AF11: =SUM(P14:P17) -> 79
B12: 07.30 - 07.45 | C12: 2 | D12: 0 | E12: 0 | F12: 1 | G12: 0 | H12: 0 | I12: 0 | J12: 0 | K12: 1 | L12: 8 | M12: 4 | N12: 0 | O12: =SUM(C12:L12,N12) -> 12 | P12: =SUM(C12:N12) -> 16 | R12: 0900-1000 | S12: =SUM(C18:C21) -> 7 | T12: =SUM(D18:D21) -> 17 | U12: =SUM(E18:E21) -> 4 | V12: =SUM(F18:F21) -> 16 | W12: =SUM(G18:G21) -> 1 | X12: =SUM(H18:H21) -> 0 | Y12: =SUM(I18:I21) -> 5 | Z12: =SUM(J18:J21) -> 2 | ... AF12: =SUM(P18:P21) -> 79
B13: 07.45 - 08.00 | C13: 3 | D13: 0 | E13: 0 | F13: 1 | G13: 0 | H13: 0 | I13: 2 | J13: 0 | K13: 0 | L13: 1 | M13: 6 | N13: 0 | O13: =SUM(C13:L13,N13) -> 7 | P13: =SUM(C13:N13) -> 13 | R13: 1000-1100 | S13: =SUM(C22:C25) -> 0 | T13: =SUM(D22:D25) -> 12 | U13: =SUM(E22:E25) -> 1 | V13: =SUM(F22:F25) -> 13 | W13: =SUM(G22:G25) -> 2 | X13: =SUM(H22:H25) -> 0 | Y13: =SUM(I22:I25) -> 1 | Z13: =SUM(J22:J25) -> 1 | ... AF13: =SUM(P22:P25) -> 69
B14: 08.00 - 08.15 | C14: 4 | D14: 0 | E14: 1 | F14: 1 | G14: 0 | H14: 0 | I14: 0 | J14: 0 | K14: 0 | L14: 6 | M14: 5 | N14: 0 | O14: =SUM(C14:L14,N14) -> 12 | P14: =SUM(C14:N14) -> 17 | R14: 1100-1200 | S14: =SUM(C26:C29) -> 10 | T14: =SUM(D26:D29) -> 15 | U14: =SUM(E26:E29) -> 5 | V14: =SUM(F26:F29) -> 18 | W14: =SUM(G26:G29) -> 2 | X14: =SUM(H26:H29) -> 0 | Y14: =SUM(I26:I29) -> 3 | Z14: =SUM(J26:J29) -> 0 | ... AF14: =SUM(P26:P29) -> 88
B15: 08.15 - 08.30 | C15: 3 | D15: 4 | E15: 0 | F15: 5 | G15: 0 | H15: 0 | I15: 0 | J15: 0 | K15: 0 | L15: 7 | M15: 3 | N15: 1 | O15: =SUM(C15:L15,N15) -> 20 | P15: =SUM(C15:N15) -> 23 | R15: 1200-1300 | S15: =SUM(C30:C33) -> 3 | T15: =SUM(D30:D33) -> 10 | U15: =SUM(E30:E33) -> 5 | V15: =SUM(F30:F33) -> 13 | W15: =SUM(G30:G33) -> 0 | X15: =SUM(H30:H33) -> 0 | Y15: =SUM(I30:I33) -> 2 | Z15: =SUM(J30:J33) -> 1 | ... AF15: =SUM(P30:P33) -> 67
B16: 08.30 - 08.45 | C16: 0 | D16: 4 | E16: 3 | F16: 3 | G16: 0 | H16: 0 | I16: 0 | J16: 0 | K16: 0 | L16: 6 | M16: 5 | N16: 0 | O16: =SUM(C16:L16,N16) -> 16 | P16: =SUM(C16:N16) -> 21 | R16: 1300-1400 | S16: =SUM(C34:C37) -> 7 | T16: =SUM(D34:D37) -> 8 | U16: =SUM(E34:E37) -> 4 | V16: =SUM(F34:F37) -> 12 | W16: =SUM(G34:G37) -> 1 | X16: =SUM(H34:H37) -> 0 | Y16: =SUM(I34:I37) -> 3 | Z16: =SUM(J34:J37) -> 3 | ... AF16: =SUM(P34:P37) -> 89
B17: 08.45 - 9.00 | C17: 1 | D17: 2 | E17: 0 | F17: 3 | G17: 0 | H17: 0 | I17: 0 | J17: 1 | K17: 0 | L17: 8 | M17: 3 | N17: 0 | O17: =SUM(C17:L17,N17) -> 15 | P17: =SUM(C17:N17) -> 18 | R17: 1400-1500 | S17: =SUM(C38:C41) -> 4 | T17: =SUM(D38:D41) -> 4 | U17: =SUM(E38:E41) -> 1 | V17: =SUM(F38:F41) -> 7 | W17: =SUM(G38:G41) -> 0 | X17: =SUM(H38:H41) -> 1 | Y17: =SUM(I38:I41) -> 3 | Z17: =SUM(J38:J41) -> 3 | ... AF17: =SUM(P38:P41) -> 55
B18: 09.00 - 09.15 | C18: 3 | D18: 5 | E18: 1 | F18: 4 | G18: 1 | H18: 0 | I18: 2 | J18: 2 | K18: 2 | L18: 0 | M18: 3 | N18: 0 | O18: =SUM(C18:L18,N18) -> 20 | P18: =SUM(C18:N18) -> 23 | R18: 1500-1600 | S18: =SUM(C42:C45) -> 2 | T18: =SUM(D42:D45) -> 11 | U18: =SUM(E42:E45) -> 0 | V18: =SUM(F42:F45) -> 17 | W18: =SUM(G42:G45) -> 1 | X18: =SUM(H42:H45) -> 0 | Y18: =SUM(I42:I45) -> 4 | Z18: =SUM(J42:J45) -> 2 | ... AF18: =SUM(P42:P45) -> 64
B19: 09.15 - 09.30 | C19: 4 | D19: 5 | E19: 3 | F19: 3 | G19: 0 | H19: 0 | I19: 1 | J19: 0 | K19: 0 | L19: 5 | M19: 1 | N19: 0 | O19: =SUM(C19:L19,N19) -> 21 | P19: =SUM(C19:N19) -> 22 | R19: 1600-1700 | S19: =SUM(C46:C49) -> 3 | T19: =SUM(D46:D49) -> 4 | U19: =SUM(E46:E49) -> 0 | V19: =SUM(F46:F49) -> 8 | W19: =SUM(G46:G49) -> 0 | X19: =SUM(H46:H49) -> 0 | Y19: =SUM(I46:I49) -> 1 | Z19: =SUM(J46:J49) -> 0 | ... AF19: =SUM(P46:P49) -> 55
B20: 09.30 - 09.45 | C20: 0 | D20: 3 | E20: 0 | F20: 7 | G20: 0 | H20: 0 | I20: 1 | J20: 0 | K20: 0 | L20: 2 | M20: 8 | N20: 0 | O20: =SUM(C20:L20,N20) -> 13 | P20: =SUM(C20:N20) -> 21 | R20: 1700-1800 | S20: =SUM(C50:C53) -> 9 | T20: =SUM(D50:D53) -> 17 | U20: =SUM(E50:E53) -> 8 | V20: =SUM(F50:F53) -> 14 | W20: =SUM(G50:G53) -> 2 | X20: =SUM(H50:H53) -> 0 | Y20: =SUM(I50:I53) -> 5 | Z20: =SUM(J50:J53) -> 10 | ... AF20: =SUM(P50:P53) -> 205
B21: 09.45 - 10.00 | C21: 0 | D21: 4 | E21: 0 | F21: 2 | G21: 0 | H21: 0 | I21: 1 | J21: 0 | K21: 0 | L21: 3 | M21: 3 | N21: 0 | O21: =SUM(C21:L21,N21) -> 10 | P21: =SUM(C21:N21) -> 13 | R21: 1800-1900 | S21: =SUM(C54:C57) -> 9 | T21: =SUM(D54:D57) -> 17 | U21: =SUM(E54:E57) -> 3 | V21: =SUM(F54:F57) -> 24 | W21: =SUM(G54:G57) -> 0 | X21: =SUM(H54:H57) -> 0 | Y21: =SUM(I54:I57) -> 12 | Z21: =SUM(J54:J57) -> 0 | ... AF21: =SUM(P54:P57) -> 215
B22: 10.00 - 10.15 | C22: 0 | D22: 3 | E22: 0 | F22: 1 | G22: 0 | H22: 0 | I22: 1 | J22: 0 | K22: 0 | L22: 8 | M22: 0 | N22: 0 | O22: =SUM(C22:L22,N22) -> 13 | P22: =SUM(C22:N22) -> 13 | R22: 1900-2000 | S22: =SUM(C58:C61) -> 5 | T22: =SUM(D58:D61) -> 10 | U22: =SUM(E58:E61) -> 2 | V22: =SUM(F58:F61) -> 13 | W22: =SUM(G58:G61) -> 1 | X22: =SUM(H58:H61) -> 0 | Y22: =SUM(I58:I61) -> 6 | Z22: =SUM(J58:J61) -> 4 | ... AF22: =SUM(P58:P61) -> 127
B23: 10.15 - 10.30 | C23: 0 | D23: 1 | E23: 0 | F23: 2 | G23: 0 | H23: 0 | I23: 0 | J23: 1 | K23: 0 | L23: 7 | M23: 4 | N23: 0 | O23: =SUM(C23:L23,N23) -> 11 | P23: =SUM(C23:N23) -> 15 | R23: 2000-2100 | S23: =SUM(C62:C65) -> 4 | T23: =SUM(D62:D65) -> 8 | U23: =SUM(E62:E65) -> 0 | V23: =SUM(F62:F65) -> 5 | W23: =SUM(G62:G65) -> 0 | X23: =SUM(H62:H65) -> 4 | Y23: =SUM(I62:I65) -> 0 | Z23: =SUM(J62:J65) -> 7 | ... AF23: =SUM(P62:P65) -> 90
B24: 10.30 - 10.45 | C24: 0 | D24: 5 | E24: 1 | F24: 4 | G24: 2 | H24: 0 | I24: 0 | J24: 0 | K24: 2 | L24: 4 | M24: 3 | N24: 0 | O24: =SUM(C24:L24,N24) -> 18 | P24: =SUM(C24:N24) -> 21 | R24: 2100-2200 | S24: =SUM(C66:C69) -> 9 | T24: =SUM(D66:D69) -> 7 | U24: =SUM(E66:E69) -> 2 | V24: =SUM(F66:F69) -> 7 | W24: =SUM(G66:G69) -> 0 | X24: =SUM(H66:H69) -> 0 | Y24: =SUM(I66:I69) -> 4 | Z24: =SUM(J66:J69) -> 5 | ... AF24: =SUM(P66:P69) -> 122
B25: 10.45 - 11.00 | C25: 0 | D25: 3 | E25: 0 | F25: 6 | G25: 0 | H25: 0 | I25: 0 | J25: 0 | K25: 0 | L25: 4 | M25: 7 | N25: 0 | O25: =SUM(C25:L25,N25) -> 13 | P25: =SUM(C25:N25) -> 20 | R25: 2200-2300 | S25: =SUM(C70:C73) -> 3 | T25: =SUM(D70:D73) -> 4 | U25: =SUM(E70:E73) -> 0 | V25: =SUM(F70:F73) -> 7 | W25: =SUM(G70:G73) -> 0 | X25: =SUM(H70:H73) -> 1 | Y25: =SUM(I70:I73) -> 0 | Z25: =SUM(J70:J73) -> 0 | ... AF25: =SUM(P70:P73) -> 77
B26: 11.00 - 11.15 | C26: 3 | D26: 8 | E26: 0 | F26: 8 | G26: 0 | H26: 0 | I26: 3 | J26: 0 | K26: 0 | L26: 1 | M26: 6 | N26: 0 | O26: =SUM(C26:L26,N26) -> 23 | P26: =SUM(C26:N26) -> 29 | R26: 2300-0000 | S26: =SUM(C74:C77) -> 0 | T26: =SUM(D74:D77) -> 5 | U26: =SUM(E74:E77) -> 2 | V26: =SUM(F74:F77) -> 0 | W26: =SUM(G74:G77) -> 0 | X26: =SUM(H74:H77) -> 0 | Y26: =SUM(I74:I77) -> 0 | Z26: =SUM(J74:J77) -> 0 | ... AF26: =SUM(P74:P77) -> 63
B27: 11.15 - 11.30 | C27: 0 | D27: 2 | E27: 1 | F27: 2 | G27: 2 | H27: 0 | I27: 0 | J27: 0 | K27: 0 | L27: 5 | M27: 4 | N27: 0 | O27: =SUM(C27:L27,N27) -> 12 | P27: =SUM(C27:N27) -> 16 | R27: 0000-0100 | S27: =SUM(C78:C81) -> 0 | T27: =SUM(D78:D81) -> 2 | U27: =SUM(E78:E81) -> 1 | V27: =SUM(F78:F81) -> 1 | W27: =SUM(G78:G81) -> 0 | X27: =SUM(H78:H81) -> 0 | Y27: =SUM(I78:I81) -> 0 | Z27: =SUM(J78:J81) -> 0 | ... AF27: =SUM(P78:P81) -> 84
B28: 11.30 - 11.45 | C28: 7 | D28: 3 | E28: 4 | F28: 5 | G28: 0 | H28: 0 | I28: 0 | J28: 0 | K28: 0 | L28: 8 | M28: 4 | N28: 0 | O28: =SUM(C28:L28,N28) -> 27 | P28: =SUM(C28:N28) -> 31 | R28: 0100-0200 | S28: =SUM(C82:C85) -> 2 | T28: =SUM(D82:D85) -> 3 | U28: =SUM(E82:E85) -> 1 | V28: =SUM(F82:F85) -> 2 | W28: =SUM(G82:G85) -> 0 | X28: =SUM(H82:H85) -> 0 | Y28: =SUM(I82:I85) -> 0 | Z28: =SUM(J82:J85) -> 0 | ... AF28: =SUM(P82:P85) -> 32
B29: 11.45 - 12.00 | C29: 0 | D29: 2 | E29: 0 | F29: 3 | G29: 0 | H29: 0 | I29: 0 | J29: 0 | K29: 0 | L29: 5 | M29: 2 | N29: 0 | O29: =SUM(C29:L29,N29) -> 10 | P29: =SUM(C29:N29) -> 12 | R29: 0200-0300 | S29: =SUM(C86:C89) -> 1 | T29: =SUM(D86:D89) -> 4 | U29: =SUM(E86:E89) -> 1 | V29: =SUM(F86:F89) -> 1 | W29: =SUM(G86:G89) -> 0 | X29: =SUM(H86:H89) -> 0 | Y29: =SUM(I86:I89) -> 3 | Z29: =SUM(J86:J89) -> 2 | ... AF29: =SUM(P86:P89) -> 24
B30: 12.00 - 12.15 | C30: 0 | D30: 3 | E30: 0 | F30: 0 | G30: 0 | H30: 0 | I30: 0 | J30: 0 | K30: 0 | L30: 3 | M30: 5 | N30: 0 | O30: =SUM(C30:L30,N30) -> 6 | P30: =SUM(C30:N30) -> 11 | R30: 0300-0400 | S30: =SUM(C90:C93) -> 1 | T30: =SUM(D90:D93) -> 3 | U30: =SUM(E90:E93) -> 0 | V30: =SUM(F90:F93) -> 1 | W30: =SUM(G90:G93) -> 1 | X30: =SUM(H90:H93) -> 1 | Y30: =SUM(I90:I93) -> 0 | Z30: =SUM(J90:J93) -> 0 | ... AF30: =SUM(P90:P93) -> 25
B31: 12.15 - 12.30 | C31: 0 | D31: 2 | E31: 4 | F31: 5 | G31: 0 | H31: 0 | I31: 0 | J31: 0 | K31: 0 | L31: 4 | M31: 1 | N31: 0 | O31: =SUM(C31:L31,N31) -> 15 | P31: =SUM(C31:N31) -> 16 | R31: 0400-0500 | S31: =SUM(C94:C97) -> 0 | T31: =SUM(D94:D97) -> 1 | U31: =SUM(E94:E97) -> 0 | V31: =SUM(F94:F97) -> 0 | W31: =SUM(G94:G97) -> 0 | X31: =SUM(H94:H97) -> 0 | Y31: =SUM(I94:I97) -> 0 | Z31: =SUM(J94:J97) -> 1 | ... AF31: =SUM(P94:P97) -> 15
B32: 12.30 - 12.45 | C32: 3 | D32: 5 | E32: 0 | F32: 8 | G32: 0 | H32: 0 | I32: 0 | J32: 0 | K32: 6 | L32: 1 | M32: 6 | N32: 0 | O32: =SUM(C32:L32,N32) -> 23 | P32: =SUM(C32:N32) -> 29 | R32: 0500-0600 | S32: =SUM(C98:C101) -> 0 | T32: =SUM(D98:D101) -> 0 | U32: =SUM(E98:E101) -> 0 | V32: =SUM(F98:F101) -> 0 | W32: =SUM(G98:G101) -> 0 | X32: =SUM(H98:H101) -> 0 | Y32: =SUM(I98:I101) -> 0 | Z32: =SUM(J98:J101) -> 0 | ... AF32: =SUM(P98:P101) -> 33
B33: 12.45 - 13.00 | C33: 0 | D33: 0 | E33: 1 | F33: 0 | G33: 0 | H33: 0 | I33: 2 | J33: 1 | K33: 0 | L33: 5 | M33: 2 | N33: 0 | O33: =SUM(C33:L33,N33) -> 9 | P33: =SUM(C33:N33) -> 11 | R33: 0600-0700 | S33: =SUM(C102:C105) -> 0 | T33: =SUM(D102:D105) -> 0 | U33: =SUM(E102:E105) -> 1 | V33: =SUM(F102:F105) -> 3 | W33: =SUM(G102:G105) -> 0 | X33: =SUM(H102:H105) -> 0 | Y33: =SUM(I102:I105) -> 0 | Z33: =SUM(J102:J105) -> 0 | ... AF33: =SUM(P102:P105) -> 37
B34: 13.00 - 13.15 | C34: 2 | D34: 4 | E34: 1 | F34: 5 | G34: 0 | H34: 0 | I34: 3 | J34: 0 | K34: 0 | L34: 2 | M34: 7 | N34: 0 | O34: =SUM(C34:L34,N34) -> 17 | P34: =SUM(C34:N34) -> 24 | R34: AM Peak Hr | S34: =MAX(S10:S12) -> 8 | T34: =MAX(T10:T12) -> 17 | U34: =MAX(U10:U12) -> 4 | V34: =MAX(V10:V12) -> 16 | W34: =MAX(W10:W12) -> 1 | X34: =MAX(X10:X12) -> 0 | Y34: =MAX(Y10:Y12) -> 5 | Z34: =MAX(Z10:Z12) -> 2 | ... AF34: =MAX(AF10:AF12) -> 79
B35: 13.15 - 13.30 | C35: 1 | D35: 0 | E35: 0 | F35: 7 | G35: 0 | H35: 0 | I35: 0 | J35: 0 | K35: 2 | L35: 4 | M35: 5 | N35: 0 | O35: =SUM(C35:L35,N35) -> 14 | P35: =SUM(C35:N35) -> 19 | R35: IP Peak Hr | S35: =MAX(S13:S18) -> 10 | T35: =MAX(T13:T18) -> 15 | U35: =MAX(U13:U18) -> 5 | V35: =MAX(V13:V18) -> 18 | W35: =MAX(W13:W18) -> 2 | X35: =MAX(X13:X18) -> 1 | Y35: =MAX(Y13:Y18) -> 4 | Z35: =MAX(Z13:Z18) -> 3 | ... AF35: =MAX(AF13:AF18) -> 89
B36: 13.30 - 13.45 | C36: 3 | D36: 0 | E36: 2 | F36: 0 | G36: 0 | H36: 0 | I36: 0 | J36: 2 | K36: 6 | L36: 0 | M36: 3 | N36: 0 | O36: =SUM(C36:L36,N36) -> 13 | P36: =SUM(C36:N36) -> 16 | R36: PM Peak Hr | S36: =MAX(S19:S21) -> 9 | T36: =MAX(T19:T21) -> 17 | U36: =MAX(U19:U21) -> 8 | V36: =MAX(V19:V21) -> 24 | W36: =MAX(W19:W21) -> 2 | X36: =MAX(X19:X21) -> 0 | Y36: =MAX(Y19:Y21) -> 12 | Z36: =MAX(Z19:Z21) -> 10 | ... AF36: =MAX(AF19:AF21) -> 215
B37: 13.45 - 14.00 | C37: 1 | D37: 4 | E37: 1 | F37: 0 | G37: 1 | H37: 0 | I37: 0 | J37: 1 | K37: 8 | L37: 4 | M37: 10 | N37: 0 | O37: =SUM(C37:L37,N37) -> 20 | P37: =SUM(C37:N37) -> 30 | R37: AM Period | S37: =SUM(S10:S12) -> 21 | T37: =SUM(T10:T12) -> 29 | U37: =SUM(U10:U12) -> 9 | V37: =SUM(V10:V12) -> 37 | W37: =SUM(W10:W12) -> 1 | X37: =SUM(X10:X12) -> 0 | Y37: =SUM(Y10:Y12) -> 7 | Z37: =SUM(Z10:Z12) -> 3 | ... AF37: =SUM(AF10:AF12) -> 232
B38: 14.00 - 14.15 | C38: 0 | D38: 1 | E38: 1 | F38: 3 | G38: 0 | H38: 0 | I38: 0 | J38: 0 | K38: 1 | L38: 2 | M38: 3 | N38: 0 | O38: =SUM(C38:L38,N38) -> 8 | P38: =SUM(C38:N38) -> 11 | R38: IP Period | S38: =SUM(S13:S18) -> 26 | T38: =SUM(T13:T18) -> 60 | U38: =SUM(U13:U18) -> 16 | V38: =SUM(V13:V18) -> 80 | W38: =SUM(W13:W18) -> 6 | X38: =SUM(X13:X18) -> 1 | Y38: =SUM(Y13:Y18) -> 16 | Z38: =SUM(Z13:Z18) -> 10 | ... AF38: =SUM(AF13:AF18) -> 432
B39: 14.15 - 14.30 | C39: 0 | D39: 1 | E39: 0 | F39: 3 | G39: 0 | H39: 0 | I39: 0 | J39: 3 | K39: 0 | L39: 10 | M39: 3 | N39: 0 | O39: =SUM(C39:L39,N39) -> 17 | P39: =SUM(C39:N39) -> 20 | R39: PM Period | S39: =SUM(S19:S21) -> 21 | T39: =SUM(T19:T21) -> 38 | U39: =SUM(U19:U21) -> 11 | V39: =SUM(V19:V21) -> 46 | W39: =SUM(W19:W21) -> 2 | X39: =SUM(X19:X21) -> 0 | Y39: =SUM(Y19:Y21) -> 18 | Z39: =SUM(Z19:Z21) -> 10 | ... AF39: =SUM(AF19:AF21) -> 475
B40: 14.30 - 14.45 | C40: 4 | D40: 1 | E40: 0 | F40: 0 | G40: 0 | H40: 1 | I40: 2 | J40: 0 | K40: 0 | L40: 3 | M40: 5 | N40: 0 | O40: =SUM(C40:L40,N40) -> 11 | P40: =SUM(C40:N40) -> 16 | R40: 12 Hours | S40: =SUM(S10:S21) -> 68 | T40: =SUM(T10:T21) -> 127 | U40: =SUM(U10:U21) -> 36 | V40: =SUM(V10:V21) -> 163 | W40: =SUM(W10:W21) -> 9 | X40: =SUM(X10:X21) -> 1 | Y40: =SUM(Y10:Y21) -> 41 | Z40: =SUM(Z10:Z21) -> 23 | ... AF40: =SUM(AF10:AF21) -> 1139
B41: 14.45 - 15.00 | C41: 0 | D41: 1 | E41: 0 | F41: 1 | G41: 0 | H41: 0 | I41: 1 | J41: 0 | K41: 0 | L41: 3 | M41: 2 | N41: 0 | O41: =SUM(C41:L41,N41) -> 6 | P41: =SUM(C41:N41) -> 8 | R41: 24 Hrs/ADT | S41: =SUM(S10:S33) -> 93 | T41: =SUM(T10:T33) -> 174 | U41: =SUM(U10:U33) -> 46 | V41: =SUM(V10:V33) -> 203 | W41: =SUM(W10:W33) -> 11 | X41: =SUM(X10:X33) -> 7 | Y41: =SUM(Y10:Y33) -> 54 | Z41: =SUM(Z10:Z33) -> 42 | ... AF41: =SUM(AF10:AF33) -> 1868
B42: 15.00 - 15.15 | C42: 0 | D42: 1 | E42: 0 | F42: 2 | G42: 0 | H42: 0 | I42: 0 | J42: 0 | K42: 0 | L42: 4 | M42: 0 | N42: 0 | O42: =SUM(C42:L42,N42) -> 7 | P42: =SUM(C42:N42) -> 7 | R42: NEF | S42: =S41/S40 -> 1.3676471 | T42: =T41/T40 -> 1.3700787 | U42: =U41/U40 -> 1.2777778 | V42: =V41/V40 -> 1.2453988 | W42: =W41/W40 -> 1.2222222 | X42: =X41/X40 -> 7 | Y42: =Y41/Y40 -> 1.3170732 | Z42: =Z41/Z40 -> 1.826087 | ... AF42: =AF41/AF40 -> 1.6400351
B43: 15.15 - 15.30 | C43: 1 | D43: 8 | E43: 0 | F43: 11 | G43: 0 | H43: 0 | I43: 0 | J43: 0 | K43: 0 | L43: 8 | M43: 0 | N43: 0 | O43: =SUM(C43:L43,N43) -> 28 | P43: =SUM(C43:N43) -> 28
B44: 15.30 - 15.45 | C44: 1 | D44: 0 | E44: 0 | F44: 2 | G44: 0 | H44: 0 | I44: 4 | J44: 2 | K44: 0 | L44: 2 | M44: 8 | N44: 0 | O44: =SUM(C44:L44,N44) -> 11 | P44: =SUM(C44:N44) -> 19
B45: 15.45 - 16.00 | C45: 0 | D45: 2 | E45: 0 | F45: 2 | G45: 1 | H45: 0 | I45: 0 | J45: 0 | K45: 1 | L45: 2 | M45: 2 | N45: 0 | O45: =SUM(C45:L45,N45) -> 8 | P45: =SUM(C45:N45) -> 10
B46: 16.00 - 16.15 | C46: 1 | D46: 0 | E46: 0 | F46: 4 | G46: 0 | H46: 0 | I46: 1 | J46: 0 | K46: 0 | L46: 3 | M46: 5 | N46: 0 | O46: =SUM(C46:L46,N46) -> 9 | P46: =SUM(C46:N46) -> 14
B47: 16.15 -16.30 | C47: 0 | D47: 0 | E47: 0 | F47: 0 | G47: 0 | H47: 0 | I47: 0 | J47: 0 | K47: 0 | L47: 6 | M47: 3 | N47: 0 | O47: =SUM(C47:L47,N47) -> 6 | P47: =SUM(C47:N47) -> 9
B48: 16.30 -16.45 | C48: 1 | D48: 1 | E48: 0 | F48: 3 | G48: 0 | H48: 0 | I48: 0 | J48: 0 | K48: 0 | L48: 7 | M48: 4 | N48: 0 | O48: =SUM(C48:L48,N48) -> 12 | P48: =SUM(C48:N48) -> 16
B49: 16.45 -17.00 | C49: 1 | D49: 3 | E49: 0 | F49: 1 | G49: 0 | H49: 0 | I49: 0 | J49: 0 | K49: 0 | L49: 8 | M49: 3 | N49: 0 | O49: =SUM(C49:L49,N49) -> 13 | P49: =SUM(C49:N49) -> 16
B50: 17.00 -17.15 | C50: 2 | D50: 3 | E50: 0 | F50: 5 | G50: 2 | H50: 0 | I50: 0 | J50: 0 | K50: 0 | L50: 23 | M50: 4 | N50: 0 | O50: =SUM(C50:L50,N50) -> 35 | P50: =SUM(C50:N50) -> 39
B51: 17.15 -17.30 | C51: 0 | D51: 1 | E51: 0 | F51: 3 | G51: 0 | H51: 0 | I51: 0 | J51: 0 | K51: 0 | L51: 5 | M51: 11 | N51: 0 | O51: =SUM(C51:L51,N51) -> 9 | P51: =SUM(C51:N51) -> 20
B52: 17.30 -17.45 | C52: 2 | D52: 7 | E52: 5 | F52: 0 | G52: 0 | H52: 0 | I52: 0 | J52: 2 | K52: 0 | L52: 9 | M52: 16 | N52: 0 | O52: =SUM(C52:L52,N52) -> 25 | P52: =SUM(C52:N52) -> 41
B53: 17.45 -18.00 | C53: 5 | D53: 6 | E53: 3 | F53: 6 | G53: 0 | H53: 0 | I53: 5 | J53: 8 | K53: 13 | L53: 40 | M53: 19 | N53: 0 | O53: =SUM(C53:L53,N53) -> 86 | P53: =SUM(C53:N53) -> 105
B54: 18.00 - 18.15 | C54: 1 | D54: 2 | E54: 3 | F54: 0 | G54: 0 | H54: 0 | I54: 0 | J54: 0 | K54: 1 | L54: 41 | M54: 5 | N54: 0 | O54: =SUM(C54:L54,N54) -> 48 | P54: =SUM(C54:N54) -> 53
... B105: 06.45 - 07.00 | C105: 0 | D105: 0 | E105: 0 | F105: 0 | G105: 0 | H105: 0 | I105: 0 | J105: 0 | K105: 14 | L105: 0 | M105: 0 | N105: 0 | O105: =SUM(C105:L105,N105) -> 14 | P105: =SUM(C105:N105) -> 14
B106: Totals | C106: =SUM(C10:C105) -> 93 | D106: =SUM(D10:D105) -> 174 | E106: =SUM(E10:E105) -> 46 | F106: =SUM(F10:F105) -> 203 | G106: =SUM(G10:G105) -> 11 | H106: =SUM(H10:H105) -> 7 | I106: =SUM(I10:I105) -> 54 | J106: =SUM(J10:J105) -> 42 | ... P106: =SUM(P10:P105) -> 1868
B107: %ges + MCs | C107: =C106/$P$106 -> 0.049785867 | D107: =D106/$P$106 -> 0.093147752 | E107: =E106/$P$106 -> 0.024625268 | F107: =F106/$P$106 -> 0.10867238 | G107: =G106/$P$106 -> 0.005888651 | H107: =H106/$P$106 -> 0.0037473233 | I107: =I106/$P$106 -> 0.028907923 | J107: =J106/$P$106 -> 0.02248394 | ... N107: =N106/$P$106 -> 0.00053533191
B108: %ges w/o MCs | C108: =C106/$O$106 -> 0.065217391 | D108: =D106/$O$106 -> 0.12201964 | E108: =E106/$O$106 -> 0.032258065 | F108: =F106/$O$106 -> 0.14235624 | G108: =G106/$O$106 -> 0.007713885 | H108: =H106/$O$106 -> 0.0049088359 | I108: =I106/$O$106 -> 0.037868163 | J108: =J106/$O$106 -> 0.029453015 | ... L108: =L106/$O$106 -> 0.50350631 | N108: =N106/$O$106 -> 0.00070126227

Sheet 24.08 TORORO-BUSITEMA-24h
B1: Consultancy services for Preparation of Expressway Development Master Plan (EDMP) for Uganda
B2: MANUAL CLASSIFIED COUNT (MCC)
B3: ROAD NAME: | C3: ='22.08 TORORO-BUSITEMA'!C3:G3 -> TORORO TO BUSITEMA
C5: Date | D5: 24.08.19 | F5: Location | G5: ='24.08 BUSITEMA-TORORO-24h'!G5:H5 -> STATION 98 | J5: Surveyor | K5: AMONY JOVANA BELLA
C6: Dir. From | D6: TORORO | F6: Dir. To | G6: ='23.08 TORORO-BUSITEMA'!G6:H6 -> BUSITEMA | J6: Supervisor | K6: ='24.08 BUSITEMA-TORORO-24h'!K6:L6 -> IVAN
B8: Time / Veh Type | R8: SUMMARY TRAFFIC VOLUMES
C9: 1. Car | D9: 2. Station Wagon | E9: 3. Pickups | F9: 4. Minibus, matatu | G9: 5. Medium bus | H9: 6. Large Bus | I9: 7. Light Truck | J9: 8. Medium Truck | K9: 9. Heavy truck | L9: 10. Truck Trailer | M9: 11. Motor cycles | N9: 12. Tractors | O9: Total Excl M/Cycles | P9: Total All | R9: Time | S9: 1. Car | T9: 2. Station Wagon | U9: 3. Pickups | V9: 4. Minibus, matatu | W9: 5. Medium bus | X9: 6. Large Bus | Y9: 7. Light Truck | Z9: 8. Medium Truck | AA9: 9. Heavy truck | AB9: 10. Truck Trailer | AC9: 11. Motorcycles | AD9: 12. Tractors, Graders | AE9: Total Excl M/ Cycles | AF9: Total All
B10: 07.00 - 07.15 | C10: 0 | D10: 0 | E10: 0 | F10: 0 | G10: 0 | H10: 0 | I10: 0 | J10: 0 | K10: 1 | L10: 5 | M10: 3 | N10: 0 | O10: =SUM(C10:L10,N10) -> 6 | P10: =SUM(C10:N10) -> 9 | R10: 0700-0800 | S10: =SUM(C10:C13) -> 0 | T10: =SUM(D10:D13) -> 3 | U10: =SUM(E10:E13) -> 1 | V10: =SUM(F10:F13) -> 5 | W10: =SUM(G10:G13) -> 0 | X10: =SUM(H10:H13) -> 1 | Y10: =SUM(I10:I13) -> 1 | Z10: =SUM(J10:J13) -> 0 | ... AF10: =SUM(P10:P13) -> 57
B11: 07.15 - 07.30 | C11: 0 | D11: 1 | E11: 1 | F11: 2 | G11: 0 | H11: 1 | I11: 1 | J11: 0 | K11: 1 | L11: 9 | M11: 2 | N11: 0 | O11: =SUM(C11:L11,N11) -> 16 | P11: =SUM(C11:N11) -> 18 | R11: 0800-0900 | S11: =SUM(C14:C17) -> 2 | T11: =SUM(D14:D17) -> 3 | U11: =SUM(E14:E17) -> 4 | V11: =SUM(F14:F17) -> 16 | W11: =SUM(G14:G17) -> 0 | X11: =SUM(H14:H17) -> 1 | Y11: =SUM(I14:I17) -> 1 | Z11: =SUM(J14:J17) -> 0 | ... AF11: =SUM(P14:P17) -> 63
B12: 07.30 - 07.45 | C12: 0 | D12: 2 | E12: 0 | F12: 3 | G12: 0 | H12: 0 | I12: 0 | J12: 0 | K12: 0 | L12: 7 | M12: 1 | N12: 0 | O12: =SUM(C12:L12,N12) -> 12 | P12: =SUM(C12:N12) -> 13 | R12: 0900-1000 | S12: =SUM(C18:C21) -> 6 | T12: =SUM(D18:D21) -> 6 | U12: =SUM(E18:E21) -> 2 | V12: =SUM(F18:F21) -> 16 | W12: =SUM(G18:G21) -> 1 | X12: =SUM(H18:H21) -> 0 | Y12: =SUM(I18:I21) -> 0 | Z12: =SUM(J18:J21) -> 4 | ... AF12: =SUM(P18:P21) -> 98
B13: 07.45 - 08.00 | C13: 0 | D13: 0 | E13: 0 | F13: 0 | G13: 0 | H13: 0 | I13: 0 | J13: 0 | K13: 0 | L13: 15 | M13: 2 | N13: 0 | O13: =SUM(C13:L13,N13) -> 15 | P13: =SUM(C13:N13) -> 17 | R13: 1000-1100 | S13: =SUM(C22:C25) -> 8 | T13: =SUM(D22:D25) -> 6 | U13: =SUM(E22:E25) -> 3 | V13: =SUM(F22:F25) -> 19 | W13: =SUM(G22:G25) -> 0 | X13: =SUM(H22:H25) -> 1 | Y13: =SUM(I22:I25) -> 2 | Z13: =SUM(J22:J25) -> 3 | ... AF13: =SUM(P22:P25) -> 96
B14: 08.00 - 08.15 | C14: 1 | D14: 1 | E14: 0 | F14: 5 | G14: 0 | H14: 0 | I14: 0 | J14: 0 | K14: 0 | L14: 6 | M14: 3 | N14: 0 | O14: =SUM(C14:L14,N14) -> 13 | P14: =SUM(C14:N14) -> 16 | R14: 1100-1200 | S14: =SUM(C26:C29) -> 11 | T14: =SUM(D26:D29) -> 23 | U14: =SUM(E26:E29) -> 4 | V14: =SUM(F26:F29) -> 16 | W14: =SUM(G26:G29) -> 0 | X14: =SUM(H26:H29) -> 1 | Y14: =SUM(I26:I29) -> 4 | Z14: =SUM(J26:J29) -> 2 | ... AF14: =SUM(P26:P29) -> 115
B15: 08.15 - 08.30 | C15: 1 | D15: 0 | E15: 0 | F15: 3 | G15: 0 | H15: 1 | I15: 1 | J15: 0 | K15: 0 | L15: 8 | M15: 3 | N15: 0 | O15: =SUM(C15:L15,N15) -> 14 | P15: =SUM(C15:N15) -> 17 | R15: 1200-1300 | S15: =SUM(C30:C33) -> 10 | T15: =SUM(D30:D33) -> 13 | U15: =SUM(E30:E33) -> 5 | V15: =SUM(F30:F33) -> 14 | W15: =SUM(G30:G33) -> 10 | X15: =SUM(H30:H33) -> 0 | Y15: =SUM(I30:I33) -> 2 | Z15: =SUM(J30:J33) -> 2 | ... AF15: =SUM(P30:P33) -> 109
B16: 08.30 - 08.45 | C16: 0 | D16: 1 | E16: 2 | F16: 4 | G16: 0 | H16: 0 | I16: 0 | J16: 0 | K16: 0 | L16: 4 | M16: 2 | N16: 0 | O16: =SUM(C16:L16,N16) -> 11 | P16: =SUM(C16:N16) -> 13 | R16: 1300-1400 | S16: =SUM(C34:C37) -> 11 | T16: =SUM(D34:D37) -> 15 | U16: =SUM(E34:E37) -> 6 | V16: =SUM(F34:F37) -> 22 | W16: =SUM(G34:G37) -> 0 | X16: =SUM(H34:H37) -> 0 | Y16: =SUM(I34:I37) -> 1 | Z16: =SUM(J34:J37) -> 7 | ... AF16: =SUM(P34:P37) -> 139
B17: 08.45 - 9.00 | C17: 0 | D17: 1 | E17: 2 | F17: 4 | G17: 0 | H17: 0 | I17: 0 | J17: 0 | K17: 0 | L17: 6 | M17: 4 | N17: 0 | O17: =SUM(C17:L17,N17) -> 13 | P17: =SUM(C17:N17) -> 17 | R17: 1400-1500 | S17: =SUM(C38:C41) -> 8 | T17: =SUM(D38:D41) -> 7 | U17: =SUM(E38:E41) -> 1 | V17: =SUM(F38:F41) -> 20 | W17: =SUM(G38:G41) -> 0 | X17: =SUM(H38:H41) -> 0 | Y17: =SUM(I38:I41) -> 1 | Z17: =SUM(J38:J41) -> 6 | ... AF17: =SUM(P38:P41) -> 100
B18: 09.00 - 09.15 | C18: 0 | D18: 4 | E18: 0 | F18: 1 | G18: 1 | H18: 0 | I18: 0 | J18: 0 | K18: 0 | L18: 5 | M18: 2 | N18: 0 | O18: =SUM(C18:L18,N18) -> 11 | P18: =SUM(C18:N18) -> 13 | R18: 1500-1600 | S18: =SUM(C42:C45) -> 5 | T18: =SUM(D42:D45) -> 7 | U18: =SUM(E42:E45) -> 1 | V18: =SUM(F42:F45) -> 20 | W18: =SUM(G42:G45) -> 0 | X18: =SUM(H42:H45) -> 0 | Y18: =SUM(I42:I45) -> 4 | Z18: =SUM(J42:J45) -> 10 | ... AF18: =SUM(P42:P45) -> 88
B19: 09.15 - 09.30 | C19: 2 | D19: 0 | E19: 0 | F19: 8 | G19: 0 | H19: 0 | I19: 0 | J19: 2 | K19: 0 | L19: 6 | M19: 5 | N19: 0 | O19: =SUM(C19:L19,N19) -> 18 | P19: =SUM(C19:N19) -> 23 | R19: 1600-1700 | S19: =SUM(C46:C49) -> 9 | T19: =SUM(D46:D49) -> 5 | U19: =SUM(E46:E49) -> 1 | V19: =SUM(F46:F49) -> 19 | W19: =SUM(G46:G49) -> 0 | X19: =SUM(H46:H49) -> 1 | Y19: =SUM(I46:I49) -> 2 | Z19: =SUM(J46:J49) -> 5 | ... AF19: =SUM(P46:P49) -> 93
B20: 09.30 - 09.45 | C20: 3 | D20: 2 | E20: 1 | F20: 2 | G20: 0 | H20: 0 | I20: 0 | J20: 1 | K20: 2 | L20: 26 | M20: 3 | N20: 0 | O20: =SUM(C20:L20,N20) -> 37 | P20: =SUM(C20:N20) -> 40 | R20: 1700-1800 | S20: =SUM(C50:C53) -> 10 | T20: =SUM(D50:D53) -> 10 | U20: =SUM(E50:E53) -> 9 | V20: =SUM(F50:F53) -> 8 | W20: =SUM(G50:G53) -> 1 | X20: =SUM(H50:H53) -> 0 | Y20: =SUM(I50:I53) -> 13 | Z20: =SUM(J50:J53) -> 0 | ... AF20: =SUM(P50:P53) -> 147
B21: 09.45 - 10.00 | C21: 1 | D21: 0 | E21: 1 | F21: 5 | G21: 0 | H21: 0 | I21: 0 | J21: 1 | K21: 0 | L21: 9 | M21: 5 | N21: 0 | O21: =SUM(C21:L21,N21) -> 17 | P21: =SUM(C21:N21) -> 22 | R21: 1800-1900 | S21: =SUM(C54:C57) -> 14 | T21: =SUM(D54:D57) -> 18 | U21: =SUM(E54:E57) -> 13 | V21: =SUM(F54:F57) -> 21 | W21: =SUM(G54:G57) -> 0 | X21: =SUM(H54:H57) -> 0 | Y21: =SUM(I54:I57) -> 6 | Z21: =SUM(J54:J57) -> 1 | ... AF21: =SUM(P54:P57) -> 162
B22: 10.00 - 10.15 | C22: 1 | D22: 0 | E22: 1 | F22: 6 | G22: 0 | H22: 0 | I22: 0 | J22: 0 | K22: 0 | L22: 1 | M22: 3 | N22: 0 | O22: =SUM(C22:L22,N22) -> 9 | P22: =SUM(C22:N22) -> 12 | R22: 1900-2000 | S22: =SUM(C58:C61) -> 14 | T22: =SUM(D58:D61) -> 8 | U22: =SUM(E58:E61) -> 2 | V22: =SUM(F58:F61) -> 11 | W22: =SUM(G58:G61) -> 0 | X22: =SUM(H58:H61) -> 0 | Y22: =SUM(I58:I61) -> 3 | Z22: =SUM(J58:J61) -> 3 | ... AF22: =SUM(P58:P61) -> 93
B23: 10.15 - 10.30 | C23: 1 | D23: 1 | E23: 1 | F23: 3 | G23: 0 | H23: 1 | I23: 0 | J23: 0 | K23: 0 | L23: 15 | M23: 5 | N23: 0 | O23: =SUM(C23:L23,N23) -> 22 | P23: =SUM(C23:N23) -> 27 | R23: 2000-2100 | S23: =SUM(C62:C65) -> 7 | T23: =SUM(D62:D65) -> 7 | U23: =SUM(E62:E65) -> 2 | V23: =SUM(F62:F65) -> 4 | W23: =SUM(G62:G65) -> 1 | X23: =SUM(H62:H65) -> 0 | Y23: =SUM(I62:I65) -> 0 | Z23: =SUM(J62:J65) -> 6 | ... AF23: =SUM(P62:P65) -> 71
B24: 10.30 - 10.45 | C24: 3 | D24: 1 | E24: 0 | F24: 6 | G24: 0 | H24: 0 | I24: 2 | J24: 2 | K24: 0 | L24: 8 | M24: 8 | N24: 0 | O24: =SUM(C24:L24,N24) -> 22 | P24: =SUM(C24:N24) -> 30 | R24: 2100-2200 | S24: =SUM(C66:C69) -> 5 | T24: =SUM(D66:D69) -> 4 | U24: =SUM(E66:E69) -> 3 | V24: =SUM(F66:F69) -> 2 | W24: =SUM(G66:G69) -> 0 | X24: =SUM(H66:H69) -> 0 | Y24: =SUM(I66:I69) -> 1 | Z24: =SUM(J66:J69) -> 4 | ... AF24: =SUM(P66:P69) -> 38
B25: 10.45 - 11.00 | C25: 3 | D25: 4 | E25: 1 | F25: 4 | G25: 0 | H25: 0 | I25: 0 | J25: 1 | K25: 0 | L25: 11 | M25: 3 | N25: 0 | O25: =SUM(C25:L25,N25) -> 24 | P25: =SUM(C25:N25) -> 27 | R25: 2200-2300 | S25: =SUM(C70:C73) -> 4 | T25: =SUM(D70:D73) -> 2 | U25: =SUM(E70:E73) -> 2 | V25: =SUM(F70:F73) -> 13 | W25: =SUM(G70:G73) -> 0 | X25: =SUM(H70:H73) -> 0 | Y25: =SUM(I70:I73) -> 0 | Z25: =SUM(J70:J73) -> 6 | ... AF25: =SUM(P70:P73) -> 53
B26: 11.00 - 11.15 | C26: 2 | D26: 7 | E26: 3 | F26: 1 | G26: 0 | H26: 1 | I26: 1 | J26: 0 | K26: 1 | L26: 8 | M26: 5 | N26: 0 | O26: =SUM(C26:L26,N26) -> 24 | P26: =SUM(C26:N26) -> 29 | R26: 2300-0000 | S26: =SUM(C74:C77) -> 3 | T26: =SUM(D74:D77) -> 4 | U26: =SUM(E74:E77) -> 1 | V26: =SUM(F74:F77) -> 2 | W26: =SUM(G74:G77) -> 0 | X26: =SUM(H74:H77) -> 0 | Y26: =SUM(I74:I77) -> 0 | Z26: =SUM(J74:J77) -> 2 | ... AF26: =SUM(P74:P77) -> 30
B27: 11.15 - 11.30 | C27: 0 | D27: 4 | E27: 1 | F27: 3 | G27: 0 | H27: 0 | I27: 3 | J27: 0 | K27: 0 | L27: 10 | M27: 5 | N27: 0 | O27: =SUM(C27:L27,N27) -> 21 | P27: =SUM(C27:N27) -> 26 | R27: 0000-0100 | S27: =SUM(C78:C81) -> 0 | T27: =SUM(D78:D81) -> 1 | U27: =SUM(E78:E81) -> 1 | V27: =SUM(F78:F81) -> 0 | W27: =SUM(G78:G81) -> 0 | X27: =SUM(H78:H81) -> 1 | Y27: =SUM(I78:I81) -> 1 | Z27: =SUM(J78:J81) -> 5 | ... AF27: =SUM(P78:P81) -> 16
B28: 11.30 - 11.45 | C28: 3 | D28: 7 | E28: 0 | F28: 5 | G28: 0 | H28: 0 | I28: 0 | J28: 0 | K28: 0 | L28: 5 | M28: 7 | N28: 0 | O28: =SUM(C28:L28,N28) -> 20 | P28: =SUM(C28:N28) -> 27 | R28: 0100-0200 | S28: =SUM(C82:C85) -> 0 | T28: =SUM(D82:D85) -> 0 | U28: =SUM(E82:E85) -> 0 | V28: =SUM(F82:F85) -> 0 | W28: =SUM(G82:G85) -> 0 | X28: =SUM(H82:H85) -> 2 | Y28: =SUM(I82:I85) -> 0 | Z28: =SUM(J82:J85) -> 2 | ... AF28: =SUM(P82:P85) -> 11
B29: 11.45 - 12.00 | C29: 6 | D29: 5 | E29: 0 | F29: 7 | G29: 0 | H29: 0 | I29: 0 | J29: 2 | K29: 1 | L29: 8 | M29: 4 | N29: 0 | O29: =SUM(C29:L29,N29) -> 29 | P29: =SUM(C29:N29) -> 33 | R29: 0200-0300 | S29: =SUM(C86:C89) -> 2 | T29: =SUM(D86:D89) -> 1 | U29: =SUM(E86:E89) -> 0 | V29: =SUM(F86:F89) -> 0 | W29: =SUM(G86:G89) -> 0 | X29: =SUM(H86:H89) -> 2 | Y29: =SUM(I86:I89) -> 0 | Z29: =SUM(J86:J89) -> 2 | ... AF29: =SUM(P86:P89) -> 30
B30: 12.00 - 12.15 | C30: 4 | D30: 2 | E30: 1 | F30: 5 | G30: 0 | H30: 0 | I30: 0 | J30: 0 | K30: 0 | L30: 8 | M30: 3 | N30: 0 | O30: =SUM(C30:L30,N30) -> 20 | P30: =SUM(C30:N30) -> 23 | R30: 0300-0400 | S30: =SUM(C90:C93) -> 0 | T30: =SUM(D90:D93) -> 0 | U30: =SUM(E90:E93) -> 0 | V30: =SUM(F90:F93) -> 3 | W30: =SUM(G90:G93) -> 0 | X30: =SUM(H90:H93) -> 1 | Y30: =SUM(I90:I93) -> 0 | Z30: =SUM(J90:J93) -> 0 | ... AF30: =SUM(P90:P93) -> 27
B31: 12.15 - 12.30 | C31: 2 | D31: 4 | E31: 0 | F31: 0 | G31: 1 | H31: 0 | I31: 0 | J31: 0 | K31: 0 | L31: 6 | M31: 2 | N31: 0 | O31: =SUM(C31:L31,N31) -> 13 | P31: =SUM(C31:N31) -> 15 | R31: 0400-0500 | S31: =SUM(C94:C97) -> 3 | T31: =SUM(D94:D97) -> 2 | U31: =SUM(E94:E97) -> 1 | V31: =SUM(F94:F97) -> 0 | W31: =SUM(G94:G97) -> 0 | X31: =SUM(H94:H97) -> 1 | Y31: =SUM(I94:I97) -> 0 | Z31: =SUM(J94:J97) -> 5 | ... AF31: =SUM(P94:P97) -> 46
B32: 12.30 - 12.45 | C32: 3 | D32: 4 | E32: 2 | F32: 5 | G32: 9 | H32: 0 | I32: 0 | J32: 0 | K32: 0 | L32: 12 | M32: 9 | N32: 0 | O32: =SUM(C32:L32,N32) -> 35 | P32: =SUM(C32:N32) -> 44 | R32: 0500-0600 | S32: =SUM(C98:C101) -> 6 | T32: =SUM(D98:D101) -> 1 | U32: =SUM(E98:E101) -> 0 | V32: =SUM(F98:F101) -> 5 | W32: =SUM(G98:G101) -> 0 | X32: =SUM(H98:H101) -> 0 | Y32: =SUM(I98:I101) -> 1 | Z32: =SUM(J98:J101) -> 4 | ... AF32: =SUM(P98:P101) -> 75
B33: 12.45 - 13.00 | C33: 1 | D33: 3 | E33: 2 | F33: 4 | G33: 0 | H33: 0 | I33: 2 | J33: 2 | K33: 0 | L33: 8 | M33: 5 | N33: 0 | O33: =SUM(C33:L33,N33) -> 22 | P33: =SUM(C33:N33) -> 27 | R33: 0600-0700 | S33: =SUM(C102:C105) -> 7 | T33: =SUM(D102:D105) -> 6 | U33: =SUM(E102:E105) -> 2 | V33: =SUM(F102:F105) -> 10 | W33: =SUM(G102:G105) -> 0 | X33: =SUM(H102:H105) -> 1 | Y33: =SUM(I102:I105) -> 3 | Z33: =SUM(J102:J105) -> 2 | ... AF33: =SUM(P102:P105) -> 92
B34: 13.00 - 13.15 | C34: 3 | D34: 3 | E34: 2 | F34: 7 | G34: 0 | H34: 0 | I34: 1 | J34: 1 | K34: 2 | L34: 15 | M34: 6 | N34: 0 | O34: =SUM(C34:L34,N34) -> 34 | P34: =SUM(C34:N34) -> 40 | R34: AM Peak Hr | S34: =MAX(S10:S12) -> 6 | T34: =MAX(T10:T12) -> 6 | U34: =MAX(U10:U12) -> 4 | V34: =MAX(V10:V12) -> 16 | W34: =MAX(W10:W12) -> 1 | X34: =MAX(X10:X12) -> 1 | Y34: =MAX(Y10:Y12) -> 1 | Z34: =MAX(Z10:Z12) -> 4 | ... AF34: =MAX(AF10:AF12) -> 98
B35: 13.15 - 13.30 | C35: 4 | D35: 2 | E35: 1 | F35: 5 | G35: 0 | H35: 0 | I35: 0 | J35: 2 | K35: 1 | L35: 9 | M35: 10 | N35: 0 | O35: =SUM(C35:L35,N35) -> 24 | P35: =SUM(C35:N35) -> 34 | R35: IP Peak Hr | S35: =MAX(S13:S18) -> 11 | T35: =MAX(T13:T18) -> 23 | U35: =MAX(U13:U18) -> 6 | V35: =MAX(V13:V18) -> 22 | W35: =MAX(W13:W18) -> 10 | X35: =MAX(X13:X18) -> 1 | Y35: =MAX(Y13:Y18) -> 4 | Z35: =MAX(Z13:Z18) -> 10 | ... AF35: =MAX(AF13:AF18) -> 139
B36: 13.30 - 13.45 | C36: 2 | D36: 5 | E36: 1 | F36: 4 | G36: 0 | H36: 0 | I36: 0 | J36: 3 | K36: 1 | L36: 10 | M36: 4 | N36: 0 | O36: =SUM(C36:L36,N36) -> 26 | P36: =SUM(C36:N36) -> 30 | R36: PM Peak Hr | S36: =MAX(S19:S21) -> 14 | T36: =MAX(T19:T21) -> 18 | U36: =MAX(U19:U21) -> 13 | V36: =MAX(V19:V21) -> 21 | W36: =MAX(W19:W21) -> 1 | X36: =MAX(X19:X21) -> 1 | Y36: =MAX(Y19:Y21) -> 13 | Z36: =MAX(Z19:Z21) -> 5 | ... AF36: =MAX(AF19:AF21) -> 162
B37: 13.45 - 14.00 | C37: 2 | D37: 5 | E37: 2 | F37: 6 | G37: 0 | H37: 0 | I37: 0 | J37: 1 | K37: 1 | L37: 13 | M37: 5 | N37: 0 | O37: =SUM(C37:L37,N37) -> 30 | P37: =SUM(C37:N37) -> 35 | R37: AM Period | S37: =SUM(S10:S12) -> 8 | T37: =SUM(T10:T12) -> 12 | U37: =SUM(U10:U12) -> 7 | V37: =SUM(V10:V12) -> 37 | W37: =SUM(W10:W12) -> 1 | X37: =SUM(X10:X12) -> 2 | Y37: =SUM(Y10:Y12) -> 2 | Z37: =SUM(Z10:Z12) -> 4 | ... AF37: =SUM(AF10:AF12) -> 218
B38: 14.00 - 14.15 | C38: 0 | D38: 1 | E38: 1 | F38: 6 | G38: 0 | H38: 0 | I38: 1 | J38: 1 | K38: 0 | L38: 15 | M38: 3 | N38: 0 | O38: =SUM(C38:L38,N38) -> 25 | P38: =SUM(C38:N38) -> 28 | R38: IP Period | S38: =SUM(S13:S18) -> 53 | T38: =SUM(T13:T18) -> 71 | U38: =SUM(U13:U18) -> 20 | V38: =SUM(V13:V18) -> 111 | W38: =SUM(W13:W18) -> 10 | X38: =SUM(X13:X18) -> 2 | Y38: =SUM(Y13:Y18) -> 14 | Z38: =SUM(Z13:Z18) -> 30 | ... AF38: =SUM(AF13:AF18) -> 647
B39: 14.15 - 14.30 | C39: 4 | D39: 0 | E39: 0 | F39: 4 | G39: 0 | H39: 0 | I39: 0 | J39: 0 | K39: 0 | L39: 9 | M39: 3 | N39: 0 | O39: =SUM(C39:L39,N39) -> 17 | P39: =SUM(C39:N39) -> 20 | R39: PM Period | S39: =SUM(S19:S21) -> 33 | T39: =SUM(T19:T21) -> 33 | U39: =SUM(U19:U21) -> 23 | V39: =SUM(V19:V21) -> 48 | W39: =SUM(W19:W21) -> 1 | X39: =SUM(X19:X21) -> 1 | Y39: =SUM(Y19:Y21) -> 21 | Z39: =SUM(Z19:Z21) -> 6 | ... AF39: =SUM(AF19:AF21) -> 402
B40: 14.30 - 14.45 | C40: 4 | D40: 4 | E40: 0 | F40: 4 | G40: 0 | H40: 0 | I40: 0 | J40: 2 | K40: 0 | L40: 9 | M40: 2 | N40: 0 | O40: =SUM(C40:L40,N40) -> 23 | P40: =SUM(C40:N40) -> 25 | R40: 12 Hours | S40: =SUM(S10:S21) -> 94 | T40: =SUM(T10:T21) -> 116 | U40: =SUM(U10:U21) -> 50 | V40: =SUM(V10:V21) -> 196 | W40: =SUM(W10:W21) -> 12 | X40: =SUM(X10:X21) -> 5 | Y40: =SUM(Y10:Y21) -> 37 | Z40: =SUM(Z10:Z21) -> 40 | ... AF40: =SUM(AF10:AF21) -> 1267
B41: 14.45 - 15.00 | C41: 0 | D41: 2 | E41: 0 | F41: 6 | G41: 0 | H41: 0 | I41: 0 | J41: 3 | K41: 0 | L41: 10 | M41: 6 | N41: 0 | O41: =SUM(C41:L41,N41) -> 21 | P41: =SUM(C41:N41) -> 27 | R41: 24 Hrs/ADT | S41: =SUM(S10:S33) -> 145 | T41: =SUM(T10:T33) -> 152 | U41: =SUM(U10:U33) -> 64 | V41: =SUM(V10:V33) -> 246 | W41: =SUM(W10:W33) -> 13 | X41: =SUM(X10:X33) -> 13 | Y41: =SUM(Y10:Y33) -> 46 | Z41: =SUM(Z10:Z33) -> 81 | ... AF41: =SUM(AF10:AF33) -> 1849
B42: 15.00 - 15.15 | C42: 3 | D42: 2 | E42: 0 | F42: 3 | G42: 0 | H42: 0 | I42: 2 | J42: 3 | K42: 0 | L42: 3 | M42: 6 | N42: 0 | O42: =SUM(C42:L42,N42) -> 16 | P42: =SUM(C42:N42) -> 22 | R42: NEF | S42: =S41/S40 -> 1.5425532 | T42: =T41/T40 -> 1.3103448 | U42: =U41/U40 -> 1.28 | V42: =V41/V40 -> 1.255102 | W42: =W41/W40 -> 1.0833333 | X42: =X41/X40 -> 2.6 | Y42: =Y41/Y40 -> 1.2432432 | Z42: =Z41/Z40 -> 2.025 | ... AF42: =AF41/AF40 -> 1.4593528
B43: 15.15 - 15.30 | C43: 0 | D43: 0 | E43: 0 | F43: 7 | G43: 0 | H43: 0 | I43: 1 | J43: 2 | K43: 0 | L43: 7 | M43: 0 | N43: 0 | O43: =SUM(C43:L43,N43) -> 17 | P43: =SUM(C43:N43) -> 17
B44: 15.30 - 15.45 | C44: 0 | D44: 1 | E44: 0 | F44: 4 | G44: 0 | H44: 0 | I44: 1 | J44: 3 | K44: 1 | L44: 6 | M44: 4 | N44: 0 | O44: =SUM(C44:L44,N44) -> 16 | P44: =SUM(C44:N44) -> 20
B45: 15.45 - 16.00 | C45: 2 | D45: 4 | E45: 1 | F45: 6 | G45: 0 | H45: 0 | I45: 0 | J45: 2 | K45: 1 | L45: 10 | M45: 3 | N45: 0 | O45: =SUM(C45:L45,N45) -> 26 | P45: =SUM(C45:N45) -> 29
B46: 16.00 - 16.15 | C46: 3 | D46: 0 | E46: 1 | F46: 4 | G46: 0 | H46: 0 | I46: 1 | J46: 1 | K46: 0 | L46: 10 | M46: 4 | N46: 0 | O46: =SUM(C46:L46,N46) -> 20 | P46: =SUM(C46:N46) -> 24
B47: 16.15 -16.30 | C47: 3 | D47: 1 | E47: 0 | F47: 8 | G47: 0 | H47: 0 | I47: 1 | J47: 1 | K47: 0 | L47: 10 | M47: 4 | N47: 0 | O47: =SUM(C47:L47,N47) -> 24 | P47: =SUM(C47:N47) -> 28
B48: 16.30 -16.45 | C48: 2 | D48: 1 | E48: 0 | F48: 3 | G48: 0 | H48: 1 | I48: 0 | J48: 1 | K48: 0 | L48: 7 | M48: 6 | N48: 0 | O48: =SUM(C48:L48,N48) -> 15 | P48: =SUM(C48:N48) -> 21
B49: 16.45 -17.00 | C49: 1 | D49: 3 | E49: 0 | F49: 4 | G49: 0 | H49: 0 | I49: 0 | J49: 2 | K49: 0 | L49: 7 | M49: 3 | N49: 0 | O49: =SUM(C49:L49,N49) -> 17 | P49: =SUM(C49:N49) -> 20
B50: 17.00 -17.15 | C50: 0 | D50: 3 | E50: 0 | F50: 0 | G50: 0 | H50: 0 | I50: 2 | J50: 0 | K50: 1 | L50: 12 | M50: 0 | N50: 0 | O50: =SUM(C50:L50,N50) -> 18 | P50: =SUM(C50:N50) -> 18
B51: 17.15 -17.30 | C51: 2 | D51: 0 | E51: 2 | F51: 2 | G51: 1 | H51: 0 | I51: 5 | J51: 0 | K51: 0 | L51: 9 | M51: 5 | N51: 0 | O51: =SUM(C51:L51,N51) -> 21 | P51: =SUM(C51:N51) -> 26
B52: 17.30 -17.45 | C52: 3 | D52: 4 | E52: 1 | F52: 3 | G52: 0 | H52: 0 | I52: 2 | J52: 0 | K52: 2 | L52: 13 | M52: 3 | N52: 0 | O52: =SUM(C52:L52,N52) -> 28 | P52: =SUM(C52:N52) -> 31
B53: 17.45 -18.00 | C53: 5 | D53: 3 | E53: 6 | F53: 3 | G53: 0 | H53: 0 | I53: 4 | J53: 0 | K53: 17 | L53: 26 | M53: 8 | N53: 0 | O53: =SUM(C53:L53,N53) -> 64 | P53: =SUM(C53:N53) -> 72
B54: 18.00 - 18.15 | C54: 3 | D54: 5 | E54: 2 | F54: 8 | G54: 0 | H54: 0 | I54: 6 | J54: 0 | K54: 0 | L54: 20 | M54: 3 | N54: 0 | O54: =SUM(C54:L54,N54) -> 44 | P54: =SUM(C54:N54) -> 47
... B105: 06.45 - 07.00 | C105: 5 | D105: 2 | E105: 1 | F105: 5 | G105: 0 | H105: 0 | I105: 2 | J105: 1 | K105: 0 | L105: 9 | M105: 5 | N105: 0 | O105: =SUM(C105:L105,N105) -> 25 | P105: =SUM(C105:N105) -> 30
B106: Totals | C106: =SUM(C10:C105) -> 145 | D106: =SUM(D10:D105) -> 152 | E106: =SUM(E10:E105) -> 64 | F106: =SUM(F10:F105) -> 246 | G106: =SUM(G10:G105) -> 13 | H106: =SUM(H10:H105) -> 13 | I106: =SUM(I10:I105) -> 46 | J106: =SUM(J10:J105) -> 81 | ... P106: =SUM(P10:P105) -> 1849
B107: %ges + MCs | C107: =C106/$P$106 -> 0.078420768 | D107: =D106/$P$106 -> 0.082206598 | E107: =E106/$P$106 -> 0.034613304 | F107: =F106/$P$106 -> 0.13304489 | G107: =G106/$P$106 -> 0.0070308275 | H107: =H106/$P$106 -> 0.0070308275 | I107: =I106/$P$106 -> 0.024878313 | J107: =J106/$P$106 -> 0.043807463 | ... N107: =N106/$P$106 -> 0
B108: %ges w/o MCs | C108: =C106/$O$106 -> 0.090286426 | D108: =D106/$O$106 -> 0.094645081 | E108: =E106/$O$106 -> 0.03985056 | F108: =F106/$O$106 -> 0.15317559 | G108: =G106/$O$106 -> 0.0080946451 | H108: =H106/$O$106 -> 0.0080946451 | I108: =I106/$O$106 -> 0.02864259 | J108: =J106/$O$106 -> 0.050435866 | ... L108: =L106/$O$106 -> 0.50062267 | N108: =N106/$O$106 -> 0

Sheet 25.08 BUSITEMA-TORORO
B1: Consultancy services for Preparation of Expressway Development Master Plan (EDMP) for Uganda
B2: MANUAL CLASSIFIED COUNT (MCC)
B3: ROAD NAME: | C3: ='22.08 TORORO-BUSITEMA'!C3:G3 -> TORORO TO BUSITEMA
C5: Date | D5: 25.08.19 | F5: Location | G5: ='22.08 TORORO-BUSITEMA'!G5:H5 -> STATION 98 | J5: Surveyor | K5: ='22.08 TORORO-BUSITEMA'!K5:L5 -> RWOTHOMIYO NORMAN
C6: Dir. From | D6: BUSITEMA | F6: Dir. To | G6: TORORO | J6: Supervisor | K6: ='22.08 TORORO-BUSITEMA'!K6:L6 -> IVAN
B8: Time / Veh Type | R8: SUMMARY TRAFFIC VOLUMES
C9: 1. Car | D9: 2. Station Wagon | E9: 3. Pickups | F9: 4. Minibus, matatu | G9: 5. Medium bus | H9: 6. Large Bus | I9: 7. Light Truck | J9: 8. Medium Truck | K9: 9. Heavy truck | L9: 10. Truck Trailer | M9: 11. Motor cycles | N9: 12. Tractors | O9: Total Excl M/Cycles | P9: Total All | R9: Time | S9: 1. Car | T9: 2. Station Wagon | U9: 3. Pickups | V9: 4. Minibus, matatu | W9: 5. Medium bus | X9: 6. Large Bus | Y9: 7. Light Truck | Z9: 8. Medium Truck | AA9: 9. Heavy truck | AB9: 10. Truck Trailer | AC9: 11. Motorcycles | AD9: 12. Tractors, Graders | AE9: Total Excl M/ Cycles | AF9: Total All
B10: 07.00 - 07.15 | C10: 1 | D10: 3 | E10: 0 | F10: 0 | G10: 0 | H10: 0 | I10: 0 | J10: 0 | K10: 2 | L10: 8 | M10: 2 | N10: 0 | O10: =SUM(C10:L10,N10) -> 14 | P10: =SUM(C10:N10) -> 16 | R10: 0700-0800 | S10: =SUM(C10:C13) -> 5 | T10: =SUM(D10:D13) -> 4 | U10: =SUM(E10:E13) -> 1 | V10: =SUM(F10:F13) -> 2 | W10: =SUM(G10:G13) -> 0 | X10: =SUM(H10:H13) -> 0 | Y10: =SUM(I10:I13) -> 0 | Z10: =SUM(J10:J13) -> 1 | ... AF10: =SUM(P10:P13) -> 45
B11: 07.15 - 07.30 | C11: 1 | D11: 0 | E11: 0 | F11: 1 | G11: 0 | H11: 0 | I11: 0 | J11: 0 | K11: 0 | L11: 0 | M11: 0 | N11: 0 | O11: =SUM(C11:L11,N11) -> 2 | P11: =SUM(C11:N11) -> 2 | R11: 0800-0900 | S11: =SUM(C14:C17) -> 2 | T11: =SUM(D14:D17) -> 1 | U11: =SUM(E14:E17) -> 0 | V11: =SUM(F14:F17) -> 11 | W11: =SUM(G14:G17) -> 0 | X11: =SUM(H14:H17) -> 0 | Y11: =SUM(I14:I17) -> 0 | Z11: =SUM(J14:J17) -> 2 | ... AF11: =SUM(P14:P17) -> 40
B12: 07.30 - 07.45 | C12: 3 | D12: 0 | E12: 1 | F12: 0 | G12: 0 | H12: 0 | I12: 0 | J12: 1 | K12: 0 | L12: 10 | M12: 1 | N12: 0 | O12: =SUM(C12:L12,N12) -> 15 | P12: =SUM(C12:N12) -> 16 | R12: 0900-1000 | S12: =SUM(C18:C21) -> 5 | T12: =SUM(D18:D21) -> 6 | U12: =SUM(E18:E21) -> 0 | V12: =SUM(F18:F21) -> 8 | W12: =SUM(G18:G21) -> 0 | X12: =SUM(H18:H21) -> 0 | Y12: =SUM(I18:I21) -> 2 | Z12: =SUM(J18:J21) -> 0 | ... AF12: =SUM(P18:P21) -> 51
B13: 07.45 - 08.00 | C13: 0 | D13: 1 | E13: 0 | F13: 1 | G13: 0 | H13: 0 | I13: 0 | J13: 0 | K13: 0 | L13: 6 | M13: 3 | N13: 0 | O13: =SUM(C13:L13,N13) -> 8 | P13: =SUM(C13:N13) -> 11 | R13: 1000-1100 | S13: =SUM(C22:C25) -> 4 | T13: =SUM(D22:D25) -> 5 | U13: =SUM(E22:E25) -> 4 | V13: =SUM(F22:F25) -> 15 | W13: =SUM(G22:G25) -> 0 | X13: =SUM(H22:H25) -> 0 | Y13: =SUM(I22:I25) -> 3 | Z13: =SUM(J22:J25) -> 0 | ... AF13: =SUM(P22:P25) -> 59
B14: 08.00 - 08.15 | C14: 1 | D14: 0 | E14: 0 | F14: 3 | G14: 0 | H14: 0 | I14: 0 | J14: 0 | K14: 0 | L14: 4 | M14: 2 | N14: 0 | O14: =SUM(C14:L14,N14) -> 8 | P14: =SUM(C14:N14) -> 10 | R14: 1100-1200 | S14: =SUM(C26:C29) -> 6 | T14: =SUM(D26:D29) -> 11 | U14: =SUM(E26:E29) -> 4 | V14: =SUM(F26:F29) -> 13 | W14: =SUM(G26:G29) -> 0 | X14: =SUM(H26:H29) -> 0 | Y14: =SUM(I26:I29) -> 0 | Z14: =SUM(J26:J29) -> 0 | ... AF14: =SUM(P26:P29) -> 80
B15: 08.15 - 08.30 | C15: 0 | D15: 0 | E15: 0 | F15: 1 | G15: 0 | H15: 0 | I15: 0 | J15: 1 | K15: 1 | L15: 3 | M15: 3 | N15: 0 | O15: =SUM(C15:L15,N15) -> 6 | P15: =SUM(C15:N15) -> 9 | R15: 1200-1300 | S15: =SUM(C30:C33) -> 9 | T15: =SUM(D30:D33) -> 6 | U15: =SUM(E30:E33) -> 3 | V15: =SUM(F30:F33) -> 7 | W15: =SUM(G30:G33) -> 1 | X15: =SUM(H30:H33) -> 0 | Y15: =SUM(I30:I33) -> 0 | Z15: =SUM(J30:J33) -> 0 | ... AF15: =SUM(P30:P33) -> 71
B16: 08.30 - 08.45 | C16: 1 | D16: 1 | E16: 0 | F16: 4 | G16: 0 | H16: 0 | I16: 0 | J16: 0 | K16: 0 | L16: 5 | M16: 3 | N16: 0 | O16: =SUM(C16:L16,N16) -> 11 | P16: =SUM(C16:N16) -> 14 | R16: 1300-1400 | S16: =SUM(C34:C37) -> 5 | T16: =SUM(D34:D37) -> 2 | U16: =SUM(E34:E37) -> 2 | V16: =SUM(F34:F37) -> 7 | W16: =SUM(G34:G37) -> 0 | X16: =SUM(H34:H37) -> 0 | Y16: =SUM(I34:I37) -> 0 | Z16: =SUM(J34:J37) -> 0 | ... AF16: =SUM(P34:P37) -> 37
B17: 08.45 - 9.00 | C17: 0 | D17: 0 | E17: 0 | F17: 3 | G17: 0 | H17: 0 | I17: 0 | J17: 1 | K17: 0 | L17: 3 | M17: 0 | N17: 0 | O17: =SUM(C17:L17,N17) -> 7 | P17: =SUM(C17:N17) -> 7 | R17: 1400-1500 | S17: =SUM(C38:C41) -> 8 | T17: =SUM(D38:D41) -> 10 | U17: =SUM(E38:E41) -> 5 | V17: =SUM(F38:F41) -> 30 | W17: =SUM(G38:G41) -> 0 | X17: =SUM(H38:H41) -> 9 | Y17: =SUM(I38:I41) -> 4 | Z17: =SUM(J38:J41) -> 0 | ... AF17: =SUM(P38:P41) -> 110
B18: 09.00 - 09.15 | C18: 1 | D18: 1 | E18: 0 | F18: 2 | G18: 0 | H18: 0 | I18: 1 | J18: 0 | K18: 0 | L18: 4 | M18: 3 | N18: 0 | O18: =SUM(C18:L18,N18) -> 9 | P18: =SUM(C18:N18) -> 12 | R18: 1500-1600 | S18: =SUM(C42:C45) -> 6 | T18: =SUM(D42:D45) -> 15 | U18: =SUM(E42:E45) -> 6 | V18: =SUM(F42:F45) -> 8 | W18: =SUM(G42:G45) -> 1 | X18: =SUM(H42:H45) -> 0 | Y18: =SUM(I42:I45) -> 8 | Z18: =SUM(J42:J45) -> 2 | ... AF18: =SUM(P42:P45) -> 92
B19: 09.15 - 09.30 | C19: 2 | D19: 0 | E19: 0 | F19: 3 | G19: 0 | H19: 0 | I19: 0 | J19: 0 | K19: 0 | L19: 2 | M19: 1 | N19: 0 | O19: =SUM(C19:L19,N19) -> 7 | P19: =SUM(C19:N19) -> 8 | R19: 1600-1700 | S19: =SUM(C46:C49) -> 6 | T19: =SUM(D46:D49) -> 6 | U19: =SUM(E46:E49) -> 0 | V19: =SUM(F46:F49) -> 10 | W19: =SUM(G46:G49) -> 0 | X19: =SUM(H46:H49) -> 0 | Y19: =SUM(I46:I49) -> 0 | Z19: =SUM(J46:J49) -> 1 | ... AF19: =SUM(P46:P49) -> 73
B20: 09.30 - 09.45 | C20: 1 | D20: 3 | E20: 0 | F20: 3 | G20: 0 | H20: 0 | I20: 1 | J20: 0 | K20: 0 | L20: 7 | M20: 2 | N20: 0 | O20: =SUM(C20:L20,N20) -> 15 | P20: =SUM(C20:N20) -> 17 | R20: 1700-1800 | S20: =SUM(C50:C53) -> 10 | T20: =SUM(D50:D53) -> 16 | U20: =SUM(E50:E53) -> 6 | V20: =SUM(F50:F53) -> 18 | W20: =SUM(G50:G53) -> 0 | X20: =SUM(H50:H53) -> 0 | Y20: =SUM(I50:I53) -> 7 | Z20: =SUM(J50:J53) -> 0 | ... AF20: =SUM(P50:P53) -> 121
B21: 09.45 - 10.00 | C21: 1 | D21: 2 | E21: 0 | F21: 0 | G21: 0 | H21: 0 | I21: 0 | J21: 0 | K21: 0 | L21: 3 | M21: 8 | N21: 0 | O21: =SUM(C21:L21,N21) -> 6 | P21: =SUM(C21:N21) -> 14 | R21: 1800-1900 | S21: =SUM(C54:C57) -> 9 | T21: =SUM(D54:D57) -> 18 | U21: =SUM(E54:E57) -> 21 | V21: =SUM(F54:F57) -> 34 | W21: =SUM(G54:G57) -> 0 | X21: =SUM(H54:H57) -> 0 | Y21: =SUM(I54:I57) -> 4 | Z21: =SUM(J54:J57) -> 13 | ... AF21: =SUM(P54:P57) -> 200
B22: 10.00 - 10.15 | C22: 1 | D22: 1 | E22: 0 | F22: 5 | G22: 0 | H22: 0 | I22: 1 | J22: 0 | K22: 0 | L22: 1 | M22: 3 | N22: 0 | O22: =SUM(C22:L22,N22) -> 9 | P22: =SUM(C22:N22) -> 12 | R22: AM Peak Hr | S22: =MAX(S10:S12) -> 5 | T22: =MAX(T10:T12) -> 6 | U22: =MAX(U10:U12) -> 1 | V22: =MAX(V10:V12) -> 11 | W22: =MAX(W10:W12) -> 0 | X22: =MAX(X10:X12) -> 0 | Y22: =MAX(Y10:Y12) -> 2 | Z22: =MAX(Z10:Z12) -> 2 | ... AF22: =MAX(AF10:AF12) -> 51
B23: 10.15 - 10.30 | C23: 0 | D23: 0 | E23: 0 | F23: 1 | G23: 0 | H23: 0 | I23: 0 | J23: 0 | K23: 0 | L23: 2 | M23: 7 | N23: 0 | O23: =SUM(C23:L23,N23) -> 3 | P23: =SUM(C23:N23) -> 10 | R23: IP Peak Hr | S23: =MAX(S13:S18) -> 9 | T23: =MAX(T13:T18) -> 15 | U23: =MAX(U13:U18) -> 6 | V23: =MAX(V13:V18) -> 30 | W23: =MAX(W13:W18) -> 1 | X23: =MAX(X13:X18) -> 9 | Y23: =MAX(Y13:Y18) -> 8 | Z23: =MAX(Z13:Z18) -> 2 | ... AF23: =MAX(AF13:AF18) -> 110
B24: 10.30 - 10.45 | C24: 3 | D24: 2 | E24: 4 | F24: 7 | G24: 0 | H24: 0 | I24: 0 | J24: 0 | K24: 0 | L24: 1 | M24: 2 | N24: 0 | O24: =SUM(C24:L24,N24) -> 17 | P24: =SUM(C24:N24) -> 19 | R24: PM Peak Hr | S24: =MAX(S19:S21) -> 10 | T24: =MAX(T19:T21) -> 18 | U24: =MAX(U19:U21) -> 21 | V24: =MAX(V19:V21) -> 34 | W24: =MAX(W19:W21) -> 0 | X24: =MAX(X19:X21) -> 0 | Y24: =MAX(Y19:Y21) -> 7 | Z24: =MAX(Z19:Z21) -> 13 | ... AF24: =MAX(AF19:AF21) -> 200
B25: 10.45 - 11.00 | C25: 0 | D25: 2 | E25: 0 | F25: 2 | G25: 0 | H25: 0 | I25: 2 | J25: 0 | K25: 0 | L25: 10 | M25: 2 | N25: 0 | O25: =SUM(C25:L25,N25) -> 16 | P25: =SUM(C25:N25) -> 18 | R25: AM Period | S25: =SUM(S10:S12) -> 12 | T25: =SUM(T10:T12) -> 11 | U25: =SUM(U10:U12) -> 1 | V25: =SUM(V10:V12) -> 21 | W25: =SUM(W10:W12) -> 0 | X25: =SUM(X10:X12) -> 0 | Y25: =SUM(Y10:Y12) -> 2 | Z25: =SUM(Z10:Z12) -> 3 | ... AF25: =SUM(AF10:AF12) -> 136
B26: 11.00 - 11.15 | C26: 2 | D26: 3 | E26: 0 | F26: 6 | G26: 0 | H26: 0 | I26: 0 | J26: 0 | K26: 0 | L26: 12 | M26: 5 | N26: 0 | O26: =SUM(C26:L26,N26) -> 23 | P26: =SUM(C26:N26) -> 28 | R26: IP Period | S26: =SUM(S13:S18) -> 38 | T26: =SUM(T13:T18) -> 49 | U26: =SUM(U13:U18) -> 24 | V26: =SUM(V13:V18) -> 80 | W26: =SUM(W13:W18) -> 2 | X26: =SUM(X13:X18) -> 9 | Y26: =SUM(Y13:Y18) -> 15 | Z26: =SUM(Z13:Z18) -> 2 | ... AF26: =SUM(AF13:AF18) -> 449
B27: 11.15 - 11.30 | C27: 1 | D27: 2 | E27: 4 | F27: 4 | G27: 0 | H27: 0 | I27: 0 | J27: 0 | K27: 0 | L27: 12 | M27: 3 | N27: 0 | O27: =SUM(C27:L27,N27) -> 23 | P27: =SUM(C27:N27) -> 26 | R27: PM Period | S27: =SUM(S19:S21) -> 25 | T27: =SUM(T19:T21) -> 40 | U27: =SUM(U19:U21) -> 27 | V27: =SUM(V19:V21) -> 62 | W27: =SUM(W19:W21) -> 0 | X27: =SUM(X19:X21) -> 0 | Y27: =SUM(Y19:Y21) -> 11 | Z27: =SUM(Z19:Z21) -> 14 | ... AF27: =SUM(AF19:AF21) -> 394
B28: 11.30 - 11.45 | C28: 3 | D28: 6 | E28: 0 | F28: 3 | G28: 0 | H28: 0 | I28: 0 | J28: 0 | K28: 2 | L28: 1 | M28: 6 | N28: 0 | O28: =SUM(C28:L28,N28) -> 15 | P28: =SUM(C28:N28) -> 21 | R28: 12 Hours | S28: =SUM(S10:S21) -> 75 | T28: =SUM(T10:T21) -> 100 | U28: =SUM(U10:U21) -> 52 | V28: =SUM(V10:V21) -> 163 | W28: =SUM(W10:W21) -> 2 | X28: =SUM(X10:X21) -> 9 | Y28: =SUM(Y10:Y21) -> 28 | Z28: =SUM(Z10:Z21) -> 19 | ... AF28: =SUM(AF10:AF21) -> 979
B29: 11.45 - 12.00 | C29: 0 | D29: 0 | E29: 0 | F29: 0 | G29: 0 | H29: 0 | I29: 0 | J29: 0 | K29: 0 | L29: 3 | M29: 2 | N29: 0 | O29: =SUM(C29:L29,N29) -> 3 | P29: =SUM(C29:N29) -> 5
B30: 12.00 - 12.15 | C30: 6 | D30: 1 | E30: 3 | F30: 0 | G30: 0 | H30: 0 | I30: 0 | J30: 0 | K30: 0 | L30: 12 | M30: 7 | N30: 0 | O30: =SUM(C30:L30,N30) -> 22 | P30: =SUM(C30:N30) -> 29
B31: 12.15 - 12.30 | C31: 2 | D31: 2 | E31: 0 | F31: 4 | G31: 0 | H31: 0 | I31: 0 | J31: 0 | K31: 0 | L31: 5 | M31: 0 | N31: 0 | O31: =SUM(C31:L31,N31) -> 13 | P31: =SUM(C31:N31) -> 13
B32: 12.30 - 12.45 | C32: 1 | D32: 3 | E32: 0 | F32: 0 | G32: 1 | H32: 0 | I32: 0 | J32: 0 | K32: 0 | L32: 14 | M32: 0 | N32: 0 | O32: =SUM(C32:L32,N32) -> 19 | P32: =SUM(C32:N32) -> 19
B33: 12.45 - 13.00 | C33: 0 | D33: 0 | E33: 0 | F33: 3 | G33: 0 | H33: 0 | I33: 0 | J33: 0 | K33: 0 | L33: 5 | M33: 2 | N33: 0 | O33: =SUM(C33:L33,N33) -> 8 | P33: =SUM(C33:N33) -> 10
B34: 13.00 - 13.15 | C34: 3 | D34: 1 | E34: 1 | F34: 0 | G34: 0 | H34: 0 | I34: 0 | J34: 0 | K34: 0 | L34: 7 | M34: 0 | N34: 0 | O34: =SUM(C34:L34,N34) -> 12 | P34: =SUM(C34:N34) -> 12
B35: 13.15 - 13.30 | C35: 0 | D35: 0 | E35: 0 | F35: 0 | G35: 0 | H35: 0 | I35: 0 | J35: 0 | K35: 0 | L35: 0 | M35: 0 | N35: 0 | O35: =SUM(C35:L35,N35) -> 0 | P35: =SUM(C35:N35) -> 0
B36: 13.30 - 13.45 | C36: 0 | D36: 0 | E36: 0 | F36: 2 | G36: 0 | H36: 0 | I36: 0 | J36: 0 | K36: 0 | L36: 3 | M36: 0 | N36: 0 | O36: =SUM(C36:L36,N36) -> 5 | P36: =SUM(C36:N36) -> 5
B37: 13.45 - 14.00 | C37: 2 | D37: 1 | E37: 1 | F37: 5 | G37: 0 | H37: 0 | I37: 0 | J37: 0 | K37: 0 | L37: 8 | M37: 3 | N37: 0 | O37: =SUM(C37:L37,N37) -> 17 | P37: =SUM(C37:N37) -> 20
B38: 14.00 - 14.15 | C38: 1 | D38: 4 | E38: 2 | F38: 4 | G38: 0 | H38: 0 | I38: 0 | J38: 0 | K38: 0 | L38: 10 | M38: 0 | N38: 0 | O38: =SUM(C38:L38,N38) -> 21 | P38: =SUM(C38:N38) -> 21
B39: 14.15 - 14.30 | C39: 3 | D39: 5 | E39: 2 | F39: 3 | G39: 0 | H39: 5 | I39: 2 | J39: 0 | K39: 0 | L39: 4 | M39: 7 | N39: 0 | O39: =SUM(C39:L39,N39) -> 24 | P39: =SUM(C39:N39) -> 31
B40: 14.30 - 14.45 | C40: 1 | D40: 0 | E40: 0 | F40: 12 | G40: 0 | H40: 4 | I40: 0 | J40: 0 | K40: 2 | L40: 0 | M40: 3 | N40: 0 | O40: =SUM(C40:L40,N40) -> 19 | P40: =SUM(C40:N40) -> 22
... B57: 18.45 - 19.00 | C57: 4 | D57: 13 | E57: 6 | F57: 0 | G57: 0 | H57: 0 | I57: 0 | J57: 1 | K57: 3 | L57: 25 | M57: 18 | N57: 0 | O57: =SUM(C57:L57,N57) -> 52 | P57: =SUM(C57:N57) -> 70
B58: Totals | C58: =SUM(C10:C57) -> 75 | D58: =SUM(D10:D57) -> 100 | E58: =SUM(E10:E57) -> 52 | F58: =SUM(F10:F57) -> 163 | G58: =SUM(G10:G57) -> 2 | H58: =SUM(H10:H57) -> 9 | I58: =SUM(I10:I57) -> 28 | J58: =SUM(J10:J57) -> 19 | ... P58: =SUM(P10:P57) -> 979
B59: %ges + MCs | C59: =C58/$P$58 -> 0.076608784 | D59: =D58/$P$58 -> 0.10214505 | E59: =E58/$P$58 -> 0.053115424 | F59: =F58/$P$58 -> 0.16649642 | G59: =G58/$P$58 -> 0.0020429009 | H59: =H58/$P$58 -> 0.0091930541 | I59: =I58/$P$58 -> 0.028600613 | J59: =J58/$P$58 -> 0.019407559 | ... N59: =N58/$P$58 -> 0
B60: %ges w/o MCs | C60: =C58/$O$58 -> 0.093283582 | D60: =D58/$O$58 -> 0.12437811 | E60: =E58/$O$58 -> 0.064676617 | F60: =F58/$O$58 -> 0.20273632 | G60: =G58/$O$58 -> 0.0024875622 | H60: =H58/$O$58 -> 0.01119403 | I60: =I58/$O$58 -> 0.034825871 | J60: =J58/$O$58 -> 0.023631841 | ... L60: =L58/$O$58 -> 0.4079602 | N60: =N58/$O$58 -> 0

Sheet 25.08 TORORO-BUSITEMA
B1: Consultancy services for Preparation of Expressway Development Master Plan (EDMP) for Uganda
B2: MANUAL CLASSIFIED COUNT (MCC)
B3: ROAD NAME: | C3: ='22.08 BUSITEMA-TORORO'!C3:G3 -> TORORO TO BUSITEMA
C5: Date | D5: ='25.08 BUSITEMA-TORORO'!D5 -> 25.08.19 | F5: Location | G5: ='22.08 TORORO-BUSITEMA'!G5:H5 -> STATION 98 | J5: Surveyor | K5: ='22.08 TORORO-BUSITEMA'!K5:L5 -> RWOTHOMIYO NORMAN
C6: Dir. From | D6: ='22.08 BUSITEMA-TORORO'!D6:E6 -> BUSITEMA | F6: Dir. To | G6: ='22.08 BUSITEMA-TORORO'!G6:H6 -> TORORO | J6: Supervisor | K6: ='22.08 TORORO-BUSITEMA'!K6:L6 -> IVAN
B8: Time / Veh Type | R8: SUMMARY TRAFFIC VOLUMES
C9: 1. Car | D9: 2. Station Wagon | E9: 3. Pickups | F9: 4. Minibus, matatu | G9: 5. Medium bus | H9: 6. Large Bus | I9: 7. Light Truck | J9: 8. Medium Truck | K9: 9. Heavy truck | L9: 10. Truck Trailer | M9: 11. Motor cycles | N9: 12. Tractors | O9: Total Excl M/Cycles | P9: Total All | R9: Time | S9: 1. Car | T9: 2. Station Wagon | U9: 3. Pickups | V9: 4. Minibus, matatu | W9: 5. Medium bus | X9: 6. Large Bus | Y9: 7. Light Truck | Z9: 8. Medium Truck | AA9: 9. Heavy truck | AB9: 10. Truck Trailer | AC9: 11. Motorcycles | AD9: 12. Tractors, Graders | AE9: Total Excl M/ Cycles | AF9: Total All
B10: 07.00 - 07.15 | C10: 3 | D10: 1 | E10: 1 | F10: 1 | G10: 0 | H10: 0 | I10: 0 | J10: 1 | K10: 0 | L10: 11 | M10: 3 | N10: 0 | O10: =SUM(C10:L10,N10) -> 18 | P10: =SUM(C10:N10) -> 21 | R10: 0700-0800 | S10: =SUM(C10:C13) -> 5 | T10: =SUM(D10:D13) -> 3 | U10: =SUM(E10:E13) -> 2 | V10: =SUM(F10:F13) -> 11 | W10: =SUM(G10:G13) -> 0 | X10: =SUM(H10:H13) -> 0 | Y10: =SUM(I10:I13) -> 2 | Z10: =SUM(J10:J13) -> 3 | ... AF10: =SUM(P10:P13) -> 81
B11: 07.15 - 07.30 | C11: 0 | D11: 1 | E11: 0 | F11: 5 | G11: 0 | H11: 0 | I11: 0 | J11: 0 | K11: 9 | L11: 5 | M11: 1 | N11: 0 | O11: =SUM(C11:L11,N11) -> 20 | P11: =SUM(C11:N11) -> 21 | R11: 0800-0900 | S11: =SUM(C14:C17) -> 1 | T11: =SUM(D14:D17) -> 6 | U11: =SUM(E14:E17) -> 0 | V11: =SUM(F14:F17) -> 12 | W11: =SUM(G14:G17) -> 0 | X11: =SUM(H14:H17) -> 0 | Y11: =SUM(I14:I17) -> 2 | Z11: =SUM(J14:J17) -> 1 | ... AF11: =SUM(P14:P17) -> 62
B12: 07.30 - 07.45 | C12: 0 | D12: 0 | E12: 0 | F12: 3 | G12: 0 | H12: 0 | I12: 1 | J12: 1 | K12: 0 | L12: 15 | M12: 1 | N12: 0 | O12: =SUM(C12:L12,N12) -> 20 | P12: =SUM(C12:N12) -> 21 | R12: 0900-1000 | S12: =SUM(C18:C21) -> 1 | T12: =SUM(D18:D21) -> 12 | U12: =SUM(E18:E21) -> 6 | V12: =SUM(F18:F21) -> 15 | W12: =SUM(G18:G21) -> 0 | X12: =SUM(H18:H21) -> 1 | Y12: =SUM(I18:I21) -> 0 | Z12: =SUM(J18:J21) -> 0 | ... AF12: =SUM(P18:P21) -> 62
B13: 07.45 - 08.00 | C13: 2 | D13: 1 | E13: 1 | F13: 2 | G13: 0 | H13: 0 | I13: 1 | J13: 1 | K13: 0 | L13: 8 | M13: 2 | N13: 0 | O13: =SUM(C13:L13,N13) -> 16 | P13: =SUM(C13:N13) -> 18 | R13: 1000-1100 | S13: =SUM(C22:C25) -> 11 | T13: =SUM(D22:D25) -> 17 | U13: =SUM(E22:E25) -> 9 | V13: =SUM(F22:F25) -> 12 | W13: =SUM(G22:G25) -> 0 | X13: =SUM(H22:H25) -> 0 | Y13: =SUM(I22:I25) -> 3 | Z13: =SUM(J22:J25) -> 0 | ... AF13: =SUM(P22:P25) -> 100
B14: 08.00 - 08.15 | C14: 1 | D14: 0 | E14: 0 | F14: 3 | G14: 0 | H14: 0 | I14: 0 | J14: 1 | K14: 0 | L14: 8 | M14: 2 | N14: 0 | O14: =SUM(C14:L14,N14) -> 13 | P14: =SUM(C14:N14) -> 15 | R14: 1100-1200 | S14: =SUM(C26:C29) -> 3 | T14: =SUM(D26:D29) -> 14 | U14: =SUM(E26:E29) -> 5 | V14: =SUM(F26:F29) -> 14 | W14: =SUM(G26:G29) -> 0 | X14: =SUM(H26:H29) -> 0 | Y14: =SUM(I26:I29) -> 4 | Z14: =SUM(J26:J29) -> 0 | ... AF14: =SUM(P26:P29) -> 122
B15: 08.15 - 08.30 | C15: 0 | D15: 1 | E15: 0 | F15: 3 | G15: 0 | H15: 0 | I15: 1 | J15: 0 | K15: 0 | L15: 8 | M15: 3 | N15: 0 | O15: =SUM(C15:L15,N15) -> 13 | P15: =SUM(C15:N15) -> 16 | R15: 1200-1300 | S15: =SUM(C30:C33) -> 12 | T15: =SUM(D30:D33) -> 7 | U15: =SUM(E30:E33) -> 7 | V15: =SUM(F30:F33) -> 13 | W15: =SUM(G30:G33) -> 0 | X15: =SUM(H30:H33) -> 0 | Y15: =SUM(I30:I33) -> 9 | Z15: =SUM(J30:J33) -> 2 | ... AF15: =SUM(P30:P33) -> 121
B16: 08.30 - 08.45 | C16: 0 | D16: 2 | E16: 0 | F16: 4 | G16: 0 | H16: 0 | I16: 0 | J16: 0 | K16: 0 | L16: 4 | M16: 2 | N16: 0 | O16: =SUM(C16:L16,N16) -> 10 | P16: =SUM(C16:N16) -> 12 | R16: 1300-1400 | S16: =SUM(C34:C37) -> 11 | T16: =SUM(D34:D37) -> 7 | U16: =SUM(E34:E37) -> 0 | V16: =SUM(F34:F37) -> 11 | W16: =SUM(G34:G37) -> 0 | X16: =SUM(H34:H37) -> 0 | Y16: =SUM(I34:I37) -> 3 | Z16: =SUM(J34:J37) -> 5 | ... AF16: =SUM(P34:P37) -> 84
B17: 08.45 - 9.00 | C17: 0 | D17: 3 | E17: 0 | F17: 2 | G17: 0 | H17: 0 | I17: 1 | J17: 0 | K17: 1 | L17: 11 | M17: 1 | N17: 0 | O17: =SUM(C17:L17,N17) -> 18 | P17: =SUM(C17:N17) -> 19 | R17: 1400-1500 | S17: =SUM(C38:C41) -> 5 | T17: =SUM(D38:D41) -> 6 | U17: =SUM(E38:E41) -> 0 | V17: =SUM(F38:F41) -> 13 | W17: =SUM(G38:G41) -> 0 | X17: =SUM(H38:H41) -> 0 | Y17: =SUM(I38:I41) -> 2 | Z17: =SUM(J38:J41) -> 1 | ... AF17: =SUM(P38:P41) -> 73
B18: 09.00 - 09.15 | C18: 1 | D18: 1 | E18: 0 | F18: 5 | G18: 0 | H18: 0 | I18: 0 | J18: 0 | K18: 0 | L18: 2 | M18: 0 | N18: 0 | O18: =SUM(C18:L18,N18) -> 9 | P18: =SUM(C18:N18) -> 9 | R18: 1500-1600 | S18: =SUM(C42:C45) -> 20 | T18: =SUM(D42:D45) -> 16 | U18: =SUM(E42:E45) -> 1 | V18: =SUM(F42:F45) -> 13 | W18: =SUM(G42:G45) -> 0 | X18: =SUM(H42:H45) -> 0 | Y18: =SUM(I42:I45) -> 0 | Z18: =SUM(J42:J45) -> 8 | ... AF18: =SUM(P42:P45) -> 118
B19: 09.15 - 09.30 | C19: 0 | D19: 5 | E19: 3 | F19: 1 | G19: 0 | H19: 0 | I19: 0 | J19: 0 | K19: 0 | L19: 11 | M19: 6 | N19: 0 | O19: =SUM(C19:L19,N19) -> 20 | P19: =SUM(C19:N19) -> 26 | R19: 1600-1700 | S19: =SUM(C46:C49) -> 7 | T19: =SUM(D46:D49) -> 18 | U19: =SUM(E46:E49) -> 5 | V19: =SUM(F46:F49) -> 15 | W19: =SUM(G46:G49) -> 1 | X19: =SUM(H46:H49) -> 0 | Y19: =SUM(I46:I49) -> 2 | Z19: =SUM(J46:J49) -> 7 | ... AF19: =SUM(P46:P49) -> 108
B20: 09.30 - 09.45 | C20: 0 | D20: 2 | E20: 3 | F20: 1 | G20: 0 | H20: 0 | I20: 0 | J20: 0 | K20: 0 | L20: 1 | M20: 2 | N20: 0 | O20: =SUM(C20:L20,N20) -> 7 | P20: =SUM(C20:N20) -> 9 | R20: 1700-1800 | S20: =SUM(C50:C53) -> 9 | T20: =SUM(D50:D53) -> 2 | U20: =SUM(E50:E53) -> 4 | V20: =SUM(F50:F53) -> 14 | W20: =SUM(G50:G53) -> 0 | X20: =SUM(H50:H53) -> 0 | Y20: =SUM(I50:I53) -> 3 | Z20: =SUM(J50:J53) -> 6 | ... AF20: =SUM(P50:P53) -> 96
B21: 09.45 - 10.00 | C21: 0 | D21: 4 | E21: 0 | F21: 8 | G21: 0 | H21: 1 | I21: 0 | J21: 0 | K21: 0 | L21: 3 | M21: 2 | N21: 0 | O21: =SUM(C21:L21,N21) -> 16 | P21: =SUM(C21:N21) -> 18 | R21: 1800-1900 | S21: =SUM(C54:C57) -> 17 | T21: =SUM(D54:D57) -> 9 | U21: =SUM(E54:E57) -> 4 | V21: =SUM(F54:F57) -> 22 | W21: =SUM(G54:G57) -> 0 | X21: =SUM(H54:H57) -> 0 | Y21: =SUM(I54:I57) -> 5 | Z21: =SUM(J54:J57) -> 6 | ... AF21: =SUM(P54:P57) -> 131
B22: 10.00 - 10.15 | C22: 4 | D22: 6 | E22: 3 | F22: 0 | G22: 0 | H22: 0 | I22: 1 | J22: 0 | K22: 0 | L22: 7 | M22: 3 | N22: 0 | O22: =SUM(C22:L22,N22) -> 21 | P22: =SUM(C22:N22) -> 24 | R22: AM Peak Hr | S22: =MAX(S10:S12) -> 5 | T22: =MAX(T10:T12) -> 12 | U22: =MAX(U10:U12) -> 6 | V22: =MAX(V10:V12) -> 15 | W22: =MAX(W10:W12) -> 0 | X22: =MAX(X10:X12) -> 1 | Y22: =MAX(Y10:Y12) -> 2 | Z22: =MAX(Z10:Z12) -> 3 | ... AF22: =MAX(AF10:AF12) -> 81
B23: 10.15 - 10.30 | C23: 2 | D23: 3 | E23: 2 | F23: 2 | G23: 0 | H23: 0 | I23: 2 | J23: 0 | K23: 1 | L23: 11 | M23: 5 | N23: 0 | O23: =SUM(C23:L23,N23) -> 23 | P23: =SUM(C23:N23) -> 28 | R23: IP Peak Hr | S23: =MAX(S13:S18) -> 20 | T23: =MAX(T13:T18) -> 17 | U23: =MAX(U13:U18) -> 9 | V23: =MAX(V13:V18) -> 14 | W23: =MAX(W13:W18) -> 0 | X23: =MAX(X13:X18) -> 0 | Y23: =MAX(Y13:Y18) -> 9 | Z23: =MAX(Z13:Z18) -> 8 | ... AF23: =MAX(AF13:AF18) -> 122
B24: 10.30 - 10.45 | C24: 2 | D24: 3 | E24: 0 | F24: 3 | G24: 0 | H24: 0 | I24: 0 | J24: 0 | K24: 0 | L24: 5 | M24: 6 | N24: 0 | O24: =SUM(C24:L24,N24) -> 13 | P24: =SUM(C24:N24) -> 19 | R24: PM Peak Hr | S24: =MAX(S19:S21) -> 17 | T24: =MAX(T19:T21) -> 18 | U24: =MAX(U19:U21) -> 5 | V24: =MAX(V19:V21) -> 22 | W24: =MAX(W19:W21) -> 1 | X24: =MAX(X19:X21) -> 0 | Y24: =MAX(Y19:Y21) -> 5 | Z24: =MAX(Z19:Z21) -> 7 | ... AF24: =MAX(AF19:AF21) -> 131
B25: 10.45 - 11.00 | C25: 3 | D25: 5 | E25: 4 | F25: 7 | G25: 0 | H25: 0 | I25: 0 | J25: 0 | K25: 0 | L25: 9 | M25: 1 | N25: 0 | O25: =SUM(C25:L25,N25) -> 28 | P25: =SUM(C25:N25) -> 29 | R25: AM Period | S25: =SUM(S10:S12) -> 7 | T25: =SUM(T10:T12) -> 21 | U25: =SUM(U10:U12) -> 8 | V25: =SUM(V10:V12) -> 38 | W25: =SUM(W10:W12) -> 0 | X25: =SUM(X10:X12) -> 1 | Y25: =SUM(Y10:Y12) -> 4 | Z25: =SUM(Z10:Z12) -> 4 | ... AF25: =SUM(AF10:AF12) -> 205
B26: 11.00 - 11.15 | C26: 0 | D26: 4 | E26: 0 | F26: 6 | G26: 0 | H26: 0 | I26: 0 | J26: 0 | K26: 0 | L26: 34 | M26: 2 | N26: 0 | O26: =SUM(C26:L26,N26) -> 44 | P26: =SUM(C26:N26) -> 46 | R26: IP Period | S26: =SUM(S13:S18) -> 62 | T26: =SUM(T13:T18) -> 67 | U26: =SUM(U13:U18) -> 22 | V26: =SUM(V13:V18) -> 76 | W26: =SUM(W13:W18) -> 0 | X26: =SUM(X13:X18) -> 0 | Y26: =SUM(Y13:Y18) -> 21 | Z26: =SUM(Z13:Z18) -> 16 | ... AF26: =SUM(AF13:AF18) -> 618
B27: 11.15 - 11.30 | C27: 1 | D27: 2 | E27: 0 | F27: 4 | G27: 0 | H27: 0 | I27: 0 | J27: 0 | K27: 0 | L27: 8 | M27: 4 | N27: 0 | O27: =SUM(C27:L27,N27) -> 15 | P27: =SUM(C27:N27) -> 19 | R27: PM Period | S27: =SUM(S19:S21) -> 33 | T27: =SUM(T19:T21) -> 29 | U27: =SUM(U19:U21) -> 13 | V27: =SUM(V19:V21) -> 51 | W27: =SUM(W19:W21) -> 1 | X27: =SUM(X19:X21) -> 0 | Y27: =SUM(Y19:Y21) -> 10 | Z27: =SUM(Z19:Z21) -> 19 | ... AF27: =SUM(AF19:AF21) -> 335
B28: 11.30 - 11.45 | C28: 0 | D28: 5 | E28: 3 | F28: 4 | G28: 0 | H28: 0 | I28: 2 | J28: 0 | K28: 0 | L28: 17 | M28: 8 | N28: 0 | O28: =SUM(C28:L28,N28) -> 31 | P28: =SUM(C28:N28) -> 39 | R28: 12 Hours | S28: =SUM(S10:S21) -> 102 | T28: =SUM(T10:T21) -> 117 | U28: =SUM(U10:U21) -> 43 | V28: =SUM(V10:V21) -> 165 | W28: =SUM(W10:W21) -> 1 | X28: =SUM(X10:X21) -> 1 | Y28: =SUM(Y10:Y21) -> 35 | Z28: =SUM(Z10:Z21) -> 39 | ... AF28: =SUM(AF10:AF21) -> 1158
B29: 11.45 - 12.00 | C29: 2 | D29: 3 | E29: 2 | F29: 0 | G29: 0 | H29: 0 | I29: 2 | J29: 0 | K29: 0 | L29: 8 | M29: 1 | N29: 0 | O29: =SUM(C29:L29,N29) -> 17 | P29: =SUM(C29:N29) -> 18
B30: 12.00 - 12.15 | C30: 3 | D30: 0 | E30: 4 | F30: 0 | G30: 0 | H30: 0 | I30: 7 | J30: 0 | K30: 0 | L30: 16 | M30: 3 | N30: 0 | O30: =SUM(C30:L30,N30) -> 30 | P30: =SUM(C30:N30) -> 33
B31: 12.15 - 12.30 | C31: 5 | D31: 2 | E31: 1 | F31: 3 | G31: 0 | H31: 0 | I31: 0 | J31: 0 | K31: 1 | L31: 10 | M31: 4 | N31: 0 | O31: =SUM(C31:L31,N31) -> 22 | P31: =SUM(C31:N31) -> 26
B32: 12.30 - 12.45 | C32: 4 | D32: 2 | E32: 2 | F32: 4 | G32: 0 | H32: 0 | I32: 0 | J32: 1 | K32: 0 | L32: 18 | M32: 5 | N32: 0 | O32: =SUM(C32:L32,N32) -> 31 | P32: =SUM(C32:N32) -> 36
B33: 12.45 - 13.00 | C33: 0 | D33: 3 | E33: 0 | F33: 6 | G33: 0 | H33: 0 | I33: 2 | J33: 1 | K33: 1 | L33: 10 | M33: 3 | N33: 0 | O33: =SUM(C33:L33,N33) -> 23 | P33: =SUM(C33:N33) -> 26
B34: 13.00 - 13.15 | C34: 6 | D34: 2 | E34: 0 | F34: 3 | G34: 0 | H34: 0 | I34: 2 | J34: 1 | K34: 0 | L34: 12 | M34: 3 | N34: 0 | O34: =SUM(C34:L34,N34) -> 26 | P34: =SUM(C34:N34) -> 29
B35: 13.15 - 13.30 | C35: 0 | D35: 2 | E35: 0 | F35: 3 | G35: 0 | H35: 0 | I35: 0 | J35: 3 | K35: 0 | L35: 9 | M35: 1 | N35: 0 | O35: =SUM(C35:L35,N35) -> 17 | P35: =SUM(C35:N35) -> 18
B36: 13.30 - 13.45 | C36: 2 | D36: 0 | E36: 0 | F36: 2 | G36: 0 | H36: 0 | I36: 0 | J36: 0 | K36: 0 | L36: 9 | M36: 2 | N36: 0 | O36: =SUM(C36:L36,N36) -> 13 | P36: =SUM(C36:N36) -> 15
B37: 13.45 - 14.00 | C37: 3 | D37: 3 | E37: 0 | F37: 3 | G37: 0 | H37: 0 | I37: 1 | J37: 1 | K37: 2 | L37: 6 | M37: 3 | N37: 0 | O37: =SUM(C37:L37,N37) -> 19 | P37: =SUM(C37:N37) -> 22
B38: 14.00 - 14.15 | C38: 0 | D38: 2 | E38: 0 | F38: 2 | G38: 0 | H38: 0 | I38: 0 | J38: 0 | K38: 0 | L38: 8 | M38: 3 | N38: 0 | O38: =SUM(C38:L38,N38) -> 12 | P38: =SUM(C38:N38) -> 15
B39: 14.15 - 14.30 | C39: 2 | D39: 0 | E39: 0 | F39: 1 | G39: 0 | H39: 0 | I39: 2 | J39: 0 | K39: 0 | L39: 2 | M39: 3 | N39: 0 | O39: =SUM(C39:L39,N39) -> 7 | P39: =SUM(C39:N39) -> 10
B40: 14.30 - 14.45 | C40: 0 | D40: 2 | E40: 0 | F40: 6 | G40: 0 | H40: 0 | I40: 0 | J40: 0 | K40: 0 | L40: 15 | M40: 3 | N40: 0 | O40: =SUM(C40:L40,N40) -> 23 | P40: =SUM(C40:N40) -> 26
... B57: 18.45 - 19.00 | C57: 10 | D57: 4 | E57: 1 | F57: 3 | G57: 0 | H57: 0 | I57: 0 | J57: 1 | K57: 0 | L57: 13 | M57: 4 | N57: 0 | O57: =SUM(C57:L57,N57) -> 32 | P57: =SUM(C57:N57) -> 36
B58: Totals | C58: =SUM(C10:C57) -> 102 | D58: =SUM(D10:D57) -> 117 | E58: =SUM(E10:E57) -> 43 | F58: =SUM(F10:F57) -> 165 | G58: =SUM(G10:G57) -> 1 | H58: =SUM(H10:H57) -> 1 | I58: =SUM(I10:I57) -> 35 | J58: =SUM(J10:J57) -> 39 | ... P58: =SUM(P10:P57) -> 1158
B59: %ges + MCs | C59: =C58/$P$58 -> 0.088082902 | D59: =D58/$P$58 -> 0.10103627 | E59: =E58/$P$58 -> 0.037132988 | F59: =F58/$P$58 -> 0.14248705 | G59: =G58/$P$58 -> 0.00086355786 | H59: =H58/$P$58 -> 0.00086355786 | I59: =I58/$P$58 -> 0.030224525 | J59: =J58/$P$58 -> 0.033678756 | ... N59: =N58/$P$58 -> 0
B60: %ges w/o MCs | C60: =C58/$O$58 -> 0.1018981 | D60: =D58/$O$58 -> 0.11688312 | E60: =E58/$O$58 -> 0.042957043 | F60: =F58/$O$58 -> 0.16483516 | G60: =G58/$O$58 -> 0.000999001 | H60: =H58/$O$58 -> 0.000999001 | I60: =I58/$O$58 -> 0.034965035 | J60: =J58/$O$58 -> 0.038961039 | ... L60: =L58/$O$58 -> 0.47152847 | N60: =N58/$O$58 -> 0

Sheet 26.08 BUSITEMA-TORORO
B1: Consultancy services for Preparation of Expressway Development Master Plan (EDMP) for Uganda
B2: MANUAL CLASSIFIED COUNT (MCC)
B3: ROAD NAME: | C3: ='22.08 TORORO-BUSITEMA'!C3:G3 -> TORORO TO BUSITEMA
C5: Date | D5: 26.08.19 | F5: Location | G5: ='25.08 TORORO-BUSITEMA'!G5:H5 -> STATION 98 | J5: Surveyor | K5: ='25.08 TORORO-BUSITEMA'!K5:L5 -> RWOTHOMIYO NORMAN
C6: Dir. From | D6: BUSITEMA | F6: Dir. To | G6: TORORO | J6: Supervisor | K6: ='25.08 TORORO-BUSITEMA'!K6:L6 -> IVAN
B8: Time / Veh Type | R8: SUMMARY TRAFFIC VOLUMES
C9: 1. Car | D9: 2. Station Wagon | E9: 3. Pickups | F9: 4. Minibus, matatu | G9: 5. Medium bus | H9: 6. Large Bus | I9: 7. Light Truck | J9: 8. Medium Truck | K9: 9. Heavy truck | L9: 10. Truck Trailer | M9: 11. Motor cycles | N9: 12. Tractors | O9: Total Excl M/Cycles | P9: Total All | R9: Time | S9: 1. Car | T9: 2. Station Wagon | U9: 3. Pickups | V9: 4. Minibus, matatu | W9: 5. Medium bus | X9: 6. Large Bus | Y9: 7. Light Truck | Z9: 8. Medium Truck | AA9: 9. Heavy truck | AB9: 10. Truck Trailer | AC9: 11. Motorcycles | AD9: 12. Tractors, Graders | AE9: Total Excl M/ Cycles | AF9: Total All
B10: 07.00 - 07.15 | C10: 0 | D10: 0 | E10: 0 | F10: 1 | G10: 2 | H10: 0 | I10: 1 | J10: 2 | K10: 2 | L10: 3 | M10: 17 | N10: 0 | O10: =SUM(C10:L10,N10) -> 11 | P10: =SUM(C10:N10) -> 28 | R10: 0700-0800 | S10: =SUM(C10:C13) -> 1 | T10: =SUM(D10:D13) -> 3 | U10: =SUM(E10:E13) -> 1 | V10: =SUM(F10:F13) -> 6 | W10: =SUM(G10:G13) -> 2 | X10: =SUM(H10:H13) -> 0 | Y10: =SUM(I10:I13) -> 2 | Z10: =SUM(J10:J13) -> 3 | ... AF10: =SUM(P10:P13) -> 96
B11: 07.15 - 07.30 | C11: 0 | D11: 1 | E11: 0 | F11: 0 | G11: 0 | H11: 0 | I11: 0 | J11: 0 | K11: 0 | L11: 8 | M11: 12 | N11: 0 | O11: =SUM(C11:L11,N11) -> 9 | P11: =SUM(C11:N11) -> 21 | R11: 0800-0900 | S11: =SUM(C14:C17) -> 5 | T11: =SUM(D14:D17) -> 7 | U11: =SUM(E14:E17) -> 4 | V11: =SUM(F14:F17) -> 7 | W11: =SUM(G14:G17) -> 0 | X11: =SUM(H14:H17) -> 0 | Y11: =SUM(I14:I17) -> 0 | Z11: =SUM(J14:J17) -> 2 | ... AF11: =SUM(P14:P17) -> 50
B12: 07.30 - 07.45 | C12: 0 | D12: 1 | E12: 0 | F12: 4 | G12: 0 | H12: 0 | I12: 1 | J12: 0 | K12: 1 | L12: 10 | M12: 5 | N12: 0 | O12: =SUM(C12:L12,N12) -> 17 | P12: =SUM(C12:N12) -> 22 | R12: 0900-1000 | S12: =SUM(C18:C21) -> 2 | T12: =SUM(D18:D21) -> 11 | U12: =SUM(E18:E21) -> 3 | V12: =SUM(F18:F21) -> 11 | W12: =SUM(G18:G21) -> 0 | X12: =SUM(H18:H21) -> 0 | Y12: =SUM(I18:I21) -> 3 | Z12: =SUM(J18:J21) -> 2 | ... AF12: =SUM(P18:P21) -> 86
B13: 07.45 - 08.00 | C13: 1 | D13: 1 | E13: 1 | F13: 1 | G13: 0 | H13: 0 | I13: 0 | J13: 1 | K13: 0 | L13: 9 | M13: 11 | N13: 0 | O13: =SUM(C13:L13,N13) -> 14 | P13: =SUM(C13:N13) -> 25 | R13: 1000-1100 | S13: =SUM(C22:C25) -> 3 | T13: =SUM(D22:D25) -> 6 | U13: =SUM(E22:E25) -> 5 | V13: =SUM(F22:F25) -> 19 | W13: =SUM(G22:G25) -> 0 | X13: =SUM(H22:H25) -> 0 | Y13: =SUM(I22:I25) -> 3 | Z13: =SUM(J22:J25) -> 1 | ... AF13: =SUM(P22:P25) -> 82
B14: 08.00 - 08.15 | C14: 3 | D14: 3 | E14: 0 | F14: 0 | G14: 0 | H14: 0 | I14: 0 | J14: 1 | K14: 0 | L14: 5 | M14: 3 | N14: 0 | O14: =SUM(C14:L14,N14) -> 12 | P14: =SUM(C14:N14) -> 15 | R14: 1100-1200 | S14: =SUM(C26:C29) -> 10 | T14: =SUM(D26:D29) -> 10 | U14: =SUM(E26:E29) -> 9 | V14: =SUM(F26:F29) -> 17 | W14: =SUM(G26:G29) -> 0 | X14: =SUM(H26:H29) -> 0 | Y14: =SUM(I26:I29) -> 2 | Z14: =SUM(J26:J29) -> 2 | ... AF14: =SUM(P26:P29) -> 99
B15: 08.15 - 08.30 | C15: 1 | D15: 1 | E15: 0 | F15: 4 | G15: 0 | H15: 0 | I15: 0 | J15: 0 | K15: 0 | L15: 3 | M15: 1 | N15: 0 | O15: =SUM(C15:L15,N15) -> 9 | P15: =SUM(C15:N15) -> 10 | R15: 1200-1300 | S15: =SUM(C30:C33) -> 6 | T15: =SUM(D30:D33) -> 13 | U15: =SUM(E30:E33) -> 9 | V15: =SUM(F30:F33) -> 14 | W15: =SUM(G30:G33) -> 0 | X15: =SUM(H30:H33) -> 0 | Y15: =SUM(I30:I33) -> 0 | Z15: =SUM(J30:J33) -> 0 | ... AF15: =SUM(P30:P33) -> 82
B16: 08.30 - 08.45 | C16: 0 | D16: 3 | E16: 2 | F16: 2 | G16: 0 | H16: 0 | I16: 0 | J16: 1 | K16: 0 | L16: 7 | M16: 3 | N16: 0 | O16: =SUM(C16:L16,N16) -> 15 | P16: =SUM(C16:N16) -> 18 | R16: 1300-1400 | S16: =SUM(C34:C37) -> 4 | T16: =SUM(D34:D37) -> 4 | U16: =SUM(E34:E37) -> 1 | V16: =SUM(F34:F37) -> 5 | W16: =SUM(G34:G37) -> 0 | X16: =SUM(H34:H37) -> 0 | Y16: =SUM(I34:I37) -> 1 | Z16: =SUM(J34:J37) -> 0 | ... AF16: =SUM(P34:P37) -> 42
B17: 08.45 - 9.00 | C17: 1 | D17: 0 | E17: 2 | F17: 1 | G17: 0 | H17: 0 | I17: 0 | J17: 0 | K17: 0 | L17: 0 | M17: 3 | N17: 0 | O17: =SUM(C17:L17,N17) -> 4 | P17: =SUM(C17:N17) -> 7 | R17: 1400-1500 | S17: =SUM(C38:C41) -> 3 | T17: =SUM(D38:D41) -> 2 | U17: =SUM(E38:E41) -> 0 | V17: =SUM(F38:F41) -> 13 | W17: =SUM(G38:G41) -> 0 | X17: =SUM(H38:H41) -> 0 | Y17: =SUM(I38:I41) -> 1 | Z17: =SUM(J38:J41) -> 1 | ... AF17: =SUM(P38:P41) -> 45
B18: 09.00 - 09.15 | C18: 0 | D18: 3 | E18: 0 | F18: 1 | G18: 0 | H18: 0 | I18: 0 | J18: 0 | K18: 0 | L18: 4 | M18: 5 | N18: 0 | O18: =SUM(C18:L18,N18) -> 8 | P18: =SUM(C18:N18) -> 13 | R18: 1500-1600 | S18: =SUM(C42:C45) -> 7 | T18: =SUM(D42:D45) -> 7 | U18: =SUM(E42:E45) -> 2 | V18: =SUM(F42:F45) -> 15 | W18: =SUM(G42:G45) -> 0 | X18: =SUM(H42:H45) -> 3 | Y18: =SUM(I42:I45) -> 4 | Z18: =SUM(J42:J45) -> 5 | ... AF18: =SUM(P42:P45) -> 111
B19: 09.15 - 09.30 | C19: 1 | D19: 3 | E19: 2 | F19: 3 | G19: 0 | H19: 0 | I19: 1 | J19: 2 | K19: 1 | L19: 18 | M19: 4 | N19: 0 | O19: =SUM(C19:L19,N19) -> 31 | P19: =SUM(C19:N19) -> 35 | R19: 1600-1700 | S19: =SUM(C46:C49) -> 1 | T19: =SUM(D46:D49) -> 8 | U19: =SUM(E46:E49) -> 5 | V19: =SUM(F46:F49) -> 13 | W19: =SUM(G46:G49) -> 0 | X19: =SUM(H46:H49) -> 1 | Y19: =SUM(I46:I49) -> 3 | Z19: =SUM(J46:J49) -> 5 | ... AF19: =SUM(P46:P49) -> 82
B20: 09.30 - 09.45 | C20: 1 | D20: 2 | E20: 1 | F20: 3 | G20: 0 | H20: 0 | I20: 0 | J20: 0 | K20: 2 | L20: 5 | M20: 7 | N20: 0 | O20: =SUM(C20:L20,N20) -> 14 | P20: =SUM(C20:N20) -> 21 | R20: 1700-1800 | S20: =SUM(C50:C53) -> 7 | T20: =SUM(D50:D53) -> 4 | U20: =SUM(E50:E53) -> 4 | V20: =SUM(F50:F53) -> 8 | W20: =SUM(G50:G53) -> 0 | X20: =SUM(H50:H53) -> 1 | Y20: =SUM(I50:I53) -> 2 | Z20: =SUM(J50:J53) -> 4 | ... AF20: =SUM(P50:P53) -> 59
B21: 09.45 - 10.00 | C21: 0 | D21: 3 | E21: 0 | F21: 4 | G21: 0 | H21: 0 | I21: 2 | J21: 0 | K21: 0 | L21: 6 | M21: 2 | N21: 0 | O21: =SUM(C21:L21,N21) -> 15 | P21: =SUM(C21:N21) -> 17 | R21: 1800-1900 | S21: =SUM(C54:C57) -> 7 | T21: =SUM(D54:D57) -> 2 | U21: =SUM(E54:E57) -> 7 | V21: =SUM(F54:F57) -> 8 | W21: =SUM(G54:G57) -> 0 | X21: =SUM(H54:H57) -> 0 | Y21: =SUM(I54:I57) -> 0 | Z21: =SUM(J54:J57) -> 2 | ... AF21: =SUM(P54:P57) -> 81
B22: 10.00 - 10.15 | C22: 2 | D22: 2 | E22: 1 | F22: 5 | G22: 0 | H22: 0 | I22: 0 | J22: 0 | K22: 0 | L22: 3 | M22: 3 | N22: 0 | O22: =SUM(C22:L22,N22) -> 13 | P22: =SUM(C22:N22) -> 16 | R22: AM Peak Hr | S22: =MAX(S10:S12) -> 5 | T22: =MAX(T10:T12) -> 11 | U22: =MAX(U10:U12) -> 4 | V22: =MAX(V10:V12) -> 11 | W22: =MAX(W10:W12) -> 2 | X22: =MAX(X10:X12) -> 0 | Y22: =MAX(Y10:Y12) -> 3 | Z22: =MAX(Z10:Z12) -> 3 | ... AF22: =MAX(AF10:AF12) -> 96
B23: 10.15 - 10.30 | C23: 0 | D23: 1 | E23: 3 | F23: 5 | G23: 0 | H23: 0 | I23: 0 | J23: 1 | K23: 2 | L23: 2 | M23: 12 | N23: 0 | O23: =SUM(C23:L23,N23) -> 14 | P23: =SUM(C23:N23) -> 26 | R23: IP Peak Hr | S23: =MAX(S13:S18) -> 10 | T23: =MAX(T13:T18) -> 13 | U23: =MAX(U13:U18) -> 9 | V23: =MAX(V13:V18) -> 19 | W23: =MAX(W13:W18) -> 0 | X23: =MAX(X13:X18) -> 3 | Y23: =MAX(Y13:Y18) -> 4 | Z23: =MAX(Z13:Z18) -> 5 | ... AF23: =MAX(AF13:AF18) -> 111
B24: 10.30 - 10.45 | C24: 0 | D24: 0 | E24: 0 | F24: 4 | G24: 0 | H24: 0 | I24: 3 | J24: 0 | K24: 1 | L24: 7 | M24: 8 | N24: 0 | O24: =SUM(C24:L24,N24) -> 15 | P24: =SUM(C24:N24) -> 23 | R24: PM Peak Hr | S24: =MAX(S19:S21) -> 7 | T24: =MAX(T19:T21) -> 8 | U24: =MAX(U19:U21) -> 7 | V24: =MAX(V19:V21) -> 13 | W24: =MAX(W19:W21) -> 0 | X24: =MAX(X19:X21) -> 1 | Y24: =MAX(Y19:Y21) -> 3 | Z24: =MAX(Z19:Z21) -> 5 | ... AF24: =MAX(AF19:AF21) -> 82
B25: 10.45 - 11.00 | C25: 1 | D25: 3 | E25: 1 | F25: 5 | G25: 0 | H25: 0 | I25: 0 | J25: 0 | K25: 0 | L25: 4 | M25: 3 | N25: 0 | O25: =SUM(C25:L25,N25) -> 14 | P25: =SUM(C25:N25) -> 17 | R25: AM Period | S25: =SUM(S10:S12) -> 8 | T25: =SUM(T10:T12) -> 21 | U25: =SUM(U10:U12) -> 8 | V25: =SUM(V10:V12) -> 24 | W25: =SUM(W10:W12) -> 2 | X25: =SUM(X10:X12) -> 0 | Y25: =SUM(Y10:Y12) -> 5 | Z25: =SUM(Z10:Z12) -> 7 | ... AF25: =SUM(AF10:AF12) -> 232
B26: 11.00 - 11.15 | C26: 1 | D26: 1 | E26: 5 | F26: 3 | G26: 0 | H26: 0 | I26: 1 | J26: 0 | K26: 1 | L26: 3 | M26: 6 | N26: 0 | O26: =SUM(C26:L26,N26) -> 15 | P26: =SUM(C26:N26) -> 21 | R26: IP Period | S26: =SUM(S13:S18) -> 33 | T26: =SUM(T13:T18) -> 42 | U26: =SUM(U13:U18) -> 26 | V26: =SUM(V13:V18) -> 83 | W26: =SUM(W13:W18) -> 0 | X26: =SUM(X13:X18) -> 3 | Y26: =SUM(Y13:Y18) -> 11 | Z26: =SUM(Z13:Z18) -> 9 | ... AF26: =SUM(AF13:AF18) -> 461
B27: 11.15 - 11.30 | C27: 5 | D27: 0 | E27: 1 | F27: 6 | G27: 0 | H27: 0 | I27: 0 | J27: 1 | K27: 0 | L27: 3 | M27: 8 | N27: 0 | O27: =SUM(C27:L27,N27) -> 16 | P27: =SUM(C27:N27) -> 24 | R27: PM Period | S27: =SUM(S19:S21) -> 15 | T27: =SUM(T19:T21) -> 14 | U27: =SUM(U19:U21) -> 16 | V27: =SUM(V19:V21) -> 29 | W27: =SUM(W19:W21) -> 0 | X27: =SUM(X19:X21) -> 2 | Y27: =SUM(Y19:Y21) -> 5 | Z27: =SUM(Z19:Z21) -> 11 | ... AF27: =SUM(AF19:AF21) -> 222
B28: 11.30 - 11.45 | C28: 2 | D28: 5 | E28: 1 | F28: 8 | G28: 0 | H28: 0 | I28: 0 | J28: 0 | K28: 0 | L28: 10 | M28: 4 | N28: 0 | O28: =SUM(C28:L28,N28) -> 26 | P28: =SUM(C28:N28) -> 30 | R28: 12 Hours | S28: =SUM(S10:S21) -> 56 | T28: =SUM(T10:T21) -> 77 | U28: =SUM(U10:U21) -> 50 | V28: =SUM(V10:V21) -> 136 | W28: =SUM(W10:W21) -> 2 | X28: =SUM(X10:X21) -> 5 | Y28: =SUM(Y10:Y21) -> 21 | Z28: =SUM(Z10:Z21) -> 27 | ... AF28: =SUM(AF10:AF21) -> 915
B29: 11.45 - 12.00 | C29: 2 | D29: 4 | E29: 2 | F29: 0 | G29: 0 | H29: 0 | I29: 1 | J29: 1 | K29: 0 | L29: 9 | M29: 5 | N29: 0 | O29: =SUM(C29:L29,N29) -> 19 | P29: =SUM(C29:N29) -> 24
B30: 12.00 - 12.15 | C30: 0 | D30: 5 | E30: 2 | F30: 8 | G30: 0 | H30: 0 | I30: 0 | J30: 0 | K30: 0 | L30: 3 | M30: 4 | N30: 0 | O30: =SUM(C30:L30,N30) -> 18 | P30: =SUM(C30:N30) -> 22
B31: 12.15 - 12.30 | C31: 0 | D31: 5 | E31: 2 | F31: 2 | G31: 0 | H31: 0 | I31: 0 | J31: 0 | K31: 0 | L31: 10 | M31: 3 | N31: 0 | O31: =SUM(C31:L31,N31) -> 19 | P31: =SUM(C31:N31) -> 22
B32: 12.30 - 12.45 | C32: 6 | D32: 2 | E32: 5 | F32: 2 | G32: 0 | H32: 0 | I32: 0 | J32: 0 | K32: 0 | L32: 8 | M32: 6 | N32: 0 | O32: =SUM(C32:L32,N32) -> 23 | P32: =SUM(C32:N32) -> 29
B33: 12.45 - 13.00 | C33: 0 | D33: 1 | E33: 0 | F33: 2 | G33: 0 | H33: 0 | I33: 0 | J33: 0 | K33: 0 | L33: 3 | M33: 3 | N33: 0 | O33: =SUM(C33:L33,N33) -> 6 | P33: =SUM(C33:N33) -> 9
B34: 13.00 - 13.15 | C34: 2 | D34: 0 | E34: 0 | F34: 1 | G34: 0 | H34: 0 | I34: 0 | J34: 0 | K34: 0 | L34: 5 | M34: 0 | N34: 0 | O34: =SUM(C34:L34,N34) -> 8 | P34: =SUM(C34:N34) -> 8
B35: 13.15 - 13.30 | C35: 0 | D35: 3 | E35: 0 | F35: 0 | G35: 0 | H35: 0 | I35: 0 | J35: 0 | K35: 0 | L35: 3 | M35: 7 | N35: 0 | O35: =SUM(C35:L35,N35) -> 6 | P35: =SUM(C35:N35) -> 13
B36: 13.30 - 13.45 | C36: 2 | D36: 0 | E36: 0 | F36: 2 | G36: 0 | H36: 0 | I36: 0 | J36: 0 | K36: 1 | L36: 4 | M36: 2 | N36: 0 | O36: =SUM(C36:L36,N36) -> 9 | P36: =SUM(C36:N36) -> 11
B37: 13.45 - 14.00 | C37: 0 | D37: 1 | E37: 1 | F37: 2 | G37: 0 | H37: 0 | I37: 1 | J37: 0 | K37: 0 | L37: 2 | M37: 3 | N37: 0 | O37: =SUM(C37:L37,N37) -> 7 | P37: =SUM(C37:N37) -> 10
B38: 14.00 - 14.15 | C38: 2 | D38: 0 | E38: 0 | F38: 3 | G38: 0 | H38: 0 | I38: 0 | J38: 0 | K38: 0 | L38: 0 | M38: 12 | N38: 0 | O38: =SUM(C38:L38,N38) -> 5 | P38: =SUM(C38:N38) -> 17
B39: 14.15 - 14.30 | C39: 1 | D39: 1 | E39: 0 | F39: 6 | G39: 0 | H39: 0 | I39: 0 | J39: 0 | K39: 0 | L39: 0 | M39: 0 | N39: 0 | O39: =SUM(C39:L39,N39) -> 8 | P39: =SUM(C39:N39) -> 8
B40: 14.30 - 14.45 | C40: 0 | D40: 0 | E40: 0 | F40: 0 | G40: 0 | H40: 0 | I40: 0 | J40: 0 | K40: 0 | L40: 1 | M40: 1 | N40: 0 | O40: =SUM(C40:L40,N40) -> 1 | P40: =SUM(C40:N40) -> 2
... B57: 18.45 - 19.00 | C57: 1 | D57: 1 | E57: 0 | F57: 3 | G57: 0 | H57: 0 | I57: 0 | J57: 1 | K57: 0 | L57: 5 | M57: 1 | N57: 0 | O57: =SUM(C57:L57,N57) -> 11 | P57: =SUM(C57:N57) -> 12
B58: Totals | C58: =SUM(C10:C57) -> 56 | D58: =SUM(D10:D57) -> 77 | E58: =SUM(E10:E57) -> 50 | F58: =SUM(F10:F57) -> 136 | G58: =SUM(G10:G57) -> 2 | H58: =SUM(H10:H57) -> 5 | I58: =SUM(I10:I57) -> 21 | J58: =SUM(J10:J57) -> 27 | ... P58: =SUM(P10:P57) -> 915
B59: %ges + MCs | C59: =C58/$P$58 -> 0.061202186 | D59: =D58/$P$58 -> 0.084153005 | E59: =E58/$P$58 -> 0.054644809 | F59: =F58/$P$58 -> 0.14863388 | G59: =G58/$P$58 -> 0.0021857923 | H59: =H58/$P$58 -> 0.0054644809 | I59: =I58/$P$58 -> 0.02295082 | J59: =J58/$P$58 -> 0.029508197 | ... N59: =N58/$P$58 -> 0
B60: %ges w/o MCs | C60: =C58/$O$58 -> 0.079320113 | D60: =D58/$O$58 -> 0.10906516 | E60: =E58/$O$58 -> 0.07082153 | F60: =F58/$O$58 -> 0.19263456 | G60: =G58/$O$58 -> 0.0028328612 | H60: =H58/$O$58 -> 0.007082153 | I60: =I58/$O$58 -> 0.029745042 | J60: =J58/$O$58 -> 0.038243626 | ... L60: =L58/$O$58 -> 0.44192635 | N60: =N58/$O$58 -> 0

Sheet 26.08 TORORO-BUSITEMA
B1: Consultancy services for Preparation of Expressway Development Master Plan (EDMP) for Uganda
B2: MANUAL CLASSIFIED COUNT (MCC)
B3: ROAD NAME: | C3: ='22.08 BUSITEMA-TORORO'!C3:G3 -> TORORO TO BUSITEMA
C5: Date | D5: ='26.08 BUSITEMA-TORORO'!D5 -> 26.08.19 | F5: Location | G5: ='26.08 BUSITEMA-TORORO'!G5:H5 -> STATION 98 | J5: Surveyor | K5: AMONY JOVANA BELLA
C6: Dir. From | D6: TORORO | F6: Dir. To | G6: BUSITEMA | J6: Supervisor | K6: ='26.08 BUSITEMA-TORORO'!K6:L6 -> IVAN
B8: Time / Veh Type | R8: SUMMARY TRAFFIC VOLUMES
C9: 1. Car | D9: 2. Station Wagon | E9: 3. Pickups | F9: 4. Minibus, matatu | G9: 5. Medium bus | H9: 6. Large Bus | I9: 7. Light Truck | J9: 8. Medium Truck | K9: 9. Heavy truck | L9: 10. Truck Trailer | M9: 11. Motor cycles | N9: 12. Tractors | O9: Total Excl M/Cycles | P9: Total All | R9: Time | S9: 1. Car | T9: 2. Station Wagon | U9: 3. Pickups | V9: 4. Minibus, matatu | W9: 5. Medium bus | X9: 6. Large Bus | Y9: 7. Light Truck | Z9: 8. Medium Truck | AA9: 9. Heavy truck | AB9: 10. Truck Trailer | AC9: 11. Motorcycles | AD9: 12. Tractors, Graders | AE9: Total Excl M/ Cycles | AF9: Total All
B10: 07.00 - 07.15 | C10: 1 | D10: 0 | E10: 0 | F10: 4 | G10: 0 | H10: 0 | I10: 0 | J10: 0 | K10: 1 | L10: 19 | M10: 1 | N10: 0 | O10: =SUM(C10:L10,N10) -> 25 | P10: =SUM(C10:N10) -> 26 | R10: 0700-0800 | S10: =SUM(C10:C13) -> 2 | T10: =SUM(D10:D13) -> 0 | U10: =SUM(E10:E13) -> 1 | V10: =SUM(F10:F13) -> 12 | W10: =SUM(G10:G13) -> 1 | X10: =SUM(H10:H13) -> 1 | Y10: =SUM(I10:I13) -> 0 | Z10: =SUM(J10:J13) -> 0 | ... AF10: =SUM(P10:P13) -> 86
B11: 07.15 - 07.30 | C11: 0 | D11: 0 | E11: 0 | F11: 3 | G11: 0 | H11: 1 | I11: 0 | J11: 0 | K11: 0 | L11: 16 | M11: 2 | N11: 0 | O11: =SUM(C11:L11,N11) -> 20 | P11: =SUM(C11:N11) -> 22 | R11: 0800-0900 | S11: =SUM(C14:C17) -> 9 | T11: =SUM(D14:D17) -> 11 | U11: =SUM(E14:E17) -> 2 | V11: =SUM(F14:F17) -> 8 | W11: =SUM(G14:G17) -> 1 | X11: =SUM(H14:H17) -> 0 | Y11: =SUM(I14:I17) -> 0 | Z11: =SUM(J14:J17) -> 1 | ... AF11: =SUM(P14:P17) -> 65
B12: 07.30 - 07.45 | C12: 0 | D12: 0 | E12: 1 | F12: 4 | G12: 0 | H12: 0 | I12: 0 | J12: 0 | K12: 0 | L12: 16 | M12: 1 | N12: 0 | O12: =SUM(C12:L12,N12) -> 21 | P12: =SUM(C12:N12) -> 22 | R12: 0900-1000 | S12: =SUM(C18:C21) -> 4 | T12: =SUM(D18:D21) -> 13 | U12: =SUM(E18:E21) -> 6 | V12: =SUM(F18:F21) -> 10 | W12: =SUM(G18:G21) -> 2 | X12: =SUM(H18:H21) -> 1 | Y12: =SUM(I18:I21) -> 1 | Z12: =SUM(J18:J21) -> 0 | ... AF12: =SUM(P18:P21) -> 83
B13: 07.45 - 08.00 | C13: 1 | D13: 0 | E13: 0 | F13: 1 | G13: 1 | H13: 0 | I13: 0 | J13: 0 | K13: 0 | L13: 9 | M13: 4 | N13: 0 | O13: =SUM(C13:L13,N13) -> 12 | P13: =SUM(C13:N13) -> 16 | R13: 1000-1100 | S13: =SUM(C22:C25) -> 9 | T13: =SUM(D22:D25) -> 6 | U13: =SUM(E22:E25) -> 3 | V13: =SUM(F22:F25) -> 18 | W13: =SUM(G22:G25) -> 0 | X13: =SUM(H22:H25) -> 0 | Y13: =SUM(I22:I25) -> 5 | Z13: =SUM(J22:J25) -> 3 | ... AF13: =SUM(P22:P25) -> 104
B14: 08.00 - 08.15 | C14: 3 | D14: 0 | E14: 2 | F14: 2 | G14: 0 | H14: 0 | I14: 0 | J14: 0 | K14: 1 | L14: 10 | M14: 1 | N14: 0 | O14: =SUM(C14:L14,N14) -> 18 | P14: =SUM(C14:N14) -> 19 | R14: 1100-1200 | S14: =SUM(C26:C29) -> 4 | T14: =SUM(D26:D29) -> 13 | U14: =SUM(E26:E29) -> 2 | V14: =SUM(F26:F29) -> 17 | W14: =SUM(G26:G29) -> 0 | X14: =SUM(H26:H29) -> 0 | Y14: =SUM(I26:I29) -> 1 | Z14: =SUM(J26:J29) -> 4 | ... AF14: =SUM(P26:P29) -> 93
B15: 08.15 - 08.30 | C15: 2 | D15: 4 | E15: 0 | F15: 4 | G15: 0 | H15: 0 | I15: 0 | J15: 1 | K15: 0 | L15: 8 | M15: 1 | N15: 0 | O15: =SUM(C15:L15,N15) -> 19 | P15: =SUM(C15:N15) -> 20 | R15: 1200-1300 | S15: =SUM(C30:C33) -> 11 | T15: =SUM(D30:D33) -> 13 | U15: =SUM(E30:E33) -> 0 | V15: =SUM(F30:F33) -> 11 | W15: =SUM(G30:G33) -> 0 | X15: =SUM(H30:H33) -> 0 | Y15: =SUM(I30:I33) -> 3 | Z15: =SUM(J30:J33) -> 1 | ... AF15: =SUM(P30:P33) -> 92
B16: 08.30 - 08.45 | C16: 2 | D16: 4 | E16: 0 | F16: 1 | G16: 0 | H16: 0 | I16: 0 | J16: 0 | K16: 0 | L16: 2 | M16: 3 | N16: 0 | O16: =SUM(C16:L16,N16) -> 9 | P16: =SUM(C16:N16) -> 12 | R16: 1300-1400 | S16: =SUM(C34:C37) -> 1 | T16: =SUM(D34:D37) -> 8 | U16: =SUM(E34:E37) -> 4 | V16: =SUM(F34:F37) -> 18 | W16: =SUM(G34:G37) -> 0 | X16: =SUM(H34:H37) -> 0 | Y16: =SUM(I34:I37) -> 2 | Z16: =SUM(J34:J37) -> 8 | ... AF16: =SUM(P34:P37) -> 97
B17: 08.45 - 9.00 | C17: 2 | D17: 3 | E17: 0 | F17: 1 | G17: 1 | H17: 0 | I17: 0 | J17: 0 | K17: 0 | L17: 5 | M17: 2 | N17: 0 | O17: =SUM(C17:L17,N17) -> 12 | P17: =SUM(C17:N17) -> 14 | R17: 1400-1500 | S17: =SUM(C38:C41) -> 4 | T17: =SUM(D38:D41) -> 5 | U17: =SUM(E38:E41) -> 5 | V17: =SUM(F38:F41) -> 5 | W17: =SUM(G38:G41) -> 0 | X17: =SUM(H38:H41) -> 0 | Y17: =SUM(I38:I41) -> 5 | Z17: =SUM(J38:J41) -> 0 | ... AF17: =SUM(P38:P41) -> 78
B18: 09.00 - 09.15 | C18: 0 | D18: 2 | E18: 3 | F18: 3 | G18: 2 | H18: 0 | I18: 0 | J18: 0 | K18: 0 | L18: 8 | M18: 9 | N18: 0 | O18: =SUM(C18:L18,N18) -> 18 | P18: =SUM(C18:N18) -> 27 | R18: 1500-1600 | S18: =SUM(C42:C45) -> 9 | T18: =SUM(D42:D45) -> 5 | U18: =SUM(E42:E45) -> 6 | V18: =SUM(F42:F45) -> 14 | W18: =SUM(G42:G45) -> 0 | X18: =SUM(H42:H45) -> 1 | Y18: =SUM(I42:I45) -> 4 | Z18: =SUM(J42:J45) -> 2 | ... AF18: =SUM(P42:P45) -> 95
B19: 09.15 - 09.30 | C19: 1 | D19: 7 | E19: 0 | F19: 1 | G19: 0 | H19: 1 | I19: 0 | J19: 0 | K19: 0 | L19: 8 | M19: 1 | N19: 0 | O19: =SUM(C19:L19,N19) -> 18 | P19: =SUM(C19:N19) -> 19 | R19: 1600-1700 | S19: =SUM(C46:C49) -> 12 | T19: =SUM(D46:D49) -> 14 | U19: =SUM(E46:E49) -> 4 | V19: =SUM(F46:F49) -> 17 | W19: =SUM(G46:G49) -> 0 | X19: =SUM(H46:H49) -> 0 | Y19: =SUM(I46:I49) -> 7 | Z19: =SUM(J46:J49) -> 5 | ... AF19: =SUM(P46:P49) -> 108
B20: 09.30 - 09.45 | C20: 1 | D20: 2 | E20: 1 | F20: 3 | G20: 0 | H20: 0 | I20: 1 | J20: 0 | K20: 0 | L20: 6 | M20: 0 | N20: 0 | O20: =SUM(C20:L20,N20) -> 14 | P20: =SUM(C20:N20) -> 14 | R20: 1700-1800 | S20: =SUM(C50:C53) -> 12 | T20: =SUM(D50:D53) -> 14 | U20: =SUM(E50:E53) -> 8 | V20: =SUM(F50:F53) -> 23 | W20: =SUM(G50:G53) -> 0 | X20: =SUM(H50:H53) -> 0 | Y20: =SUM(I50:I53) -> 4 | Z20: =SUM(J50:J53) -> 3 | ... AF20: =SUM(P50:P53) -> 102
B21: 09.45 - 10.00 | C21: 2 | D21: 2 | E21: 2 | F21: 3 | G21: 0 | H21: 0 | I21: 0 | J21: 0 | K21: 0 | L21: 8 | M21: 6 | N21: 0 | O21: =SUM(C21:L21,N21) -> 17 | P21: =SUM(C21:N21) -> 23 | R21: 1800-1900 | S21: =SUM(C54:C57) -> 5 | T21: =SUM(D54:D57) -> 10 | U21: =SUM(E54:E57) -> 3 | V21: =SUM(F54:F57) -> 18 | W21: =SUM(G54:G57) -> 0 | X21: =SUM(H54:H57) -> 0 | Y21: =SUM(I54:I57) -> 9 | Z21: =SUM(J54:J57) -> 5 | ... AF21: =SUM(P54:P57) -> 102
B22: 10.00 - 10.15 | C22: 1 | D22: 0 | E22: 0 | F22: 2 | G22: 0 | H22: 0 | I22: 0 | J22: 1 | K22: 0 | L22: 11 | M22: 2 | N22: 0 | O22: =SUM(C22:L22,N22) -> 15 | P22: =SUM(C22:N22) -> 17 | R22: AM Peak Hr | S22: =MAX(S10:S12) -> 9 | T22: =MAX(T10:T12) -> 13 | U22: =MAX(U10:U12) -> 6 | V22: =MAX(V10:V12) -> 12 | W22: =MAX(W10:W12) -> 2 | X22: =MAX(X10:X12) -> 1 | Y22: =MAX(Y10:Y12) -> 1 | Z22: =MAX(Z10:Z12) -> 1 | ... AF22: =MAX(AF10:AF12) -> 86
B23: 10.15 - 10.30 | C23: 3 | D23: 2 | E23: 3 | F23: 8 | G23: 0 | H23: 0 | I23: 0 | J23: 0 | K23: 0 | L23: 7 | M23: 4 | N23: 0 | O23: =SUM(C23:L23,N23) -> 23 | P23: =SUM(C23:N23) -> 27 | R23: IP Peak Hr | S23: =MAX(S13:S18) -> 11 | T23: =MAX(T13:T18) -> 13 | U23: =MAX(U13:U18) -> 6 | V23: =MAX(V13:V18) -> 18 | W23: =MAX(W13:W18) -> 0 | X23: =MAX(X13:X18) -> 1 | Y23: =MAX(Y13:Y18) -> 5 | Z23: =MAX(Z13:Z18) -> 8 | ... AF23: =MAX(AF13:AF18) -> 104
B24: 10.30 - 10.45 | C24: 3 | D24: 1 | E24: 0 | F24: 5 | G24: 0 | H24: 0 | I24: 5 | J24: 0 | K24: 0 | L24: 19 | M24: 10 | N24: 0 | O24: =SUM(C24:L24,N24) -> 33 | P24: =SUM(C24:N24) -> 43 | R24: PM Peak Hr | S24: =MAX(S19:S21) -> 12 | T24: =MAX(T19:T21) -> 14 | U24: =MAX(U19:U21) -> 8 | V24: =MAX(V19:V21) -> 23 | W24: =MAX(W19:W21) -> 0 | X24: =MAX(X19:X21) -> 0 | Y24: =MAX(Y19:Y21) -> 9 | Z24: =MAX(Z19:Z21) -> 5 | ... AF24: =MAX(AF19:AF21) -> 108
B25: 10.45 - 11.00 | C25: 2 | D25: 3 | E25: 0 | F25: 3 | G25: 0 | H25: 0 | I25: 0 | J25: 2 | K25: 0 | L25: 7 | M25: 0 | N25: 0 | O25: =SUM(C25:L25,N25) -> 17 | P25: =SUM(C25:N25) -> 17 | R25: AM Period | S25: =SUM(S10:S12) -> 15 | T25: =SUM(T10:T12) -> 24 | U25: =SUM(U10:U12) -> 9 | V25: =SUM(V10:V12) -> 30 | W25: =SUM(W10:W12) -> 4 | X25: =SUM(X10:X12) -> 2 | Y25: =SUM(Y10:Y12) -> 1 | Z25: =SUM(Z10:Z12) -> 1 | ... AF25: =SUM(AF10:AF12) -> 234
B26: 11.00 - 11.15 | C26: 0 | D26: 2 | E26: 1 | F26: 4 | G26: 0 | H26: 0 | I26: 1 | J26: 1 | K26: 0 | L26: 9 | M26: 3 | N26: 0 | O26: =SUM(C26:L26,N26) -> 18 | P26: =SUM(C26:N26) -> 21 | R26: IP Period | S26: =SUM(S13:S18) -> 38 | T26: =SUM(T13:T18) -> 50 | U26: =SUM(U13:U18) -> 20 | V26: =SUM(V13:V18) -> 83 | W26: =SUM(W13:W18) -> 0 | X26: =SUM(X13:X18) -> 1 | Y26: =SUM(Y13:Y18) -> 20 | Z26: =SUM(Z13:Z18) -> 18 | ... AF26: =SUM(AF13:AF18) -> 559
B27: 11.15 - 11.30 | C27: 1 | D27: 2 | E27: 1 | F27: 5 | G27: 0 | H27: 0 | I27: 0 | J27: 0 | K27: 0 | L27: 6 | M27: 5 | N27: 0 | O27: =SUM(C27:L27,N27) -> 15 | P27: =SUM(C27:N27) -> 20 | R27: PM Period | S27: =SUM(S19:S21) -> 29 | T27: =SUM(T19:T21) -> 38 | U27: =SUM(U19:U21) -> 15 | V27: =SUM(V19:V21) -> 58 | W27: =SUM(W19:W21) -> 0 | X27: =SUM(X19:X21) -> 0 | Y27: =SUM(Y19:Y21) -> 20 | Z27: =SUM(Z19:Z21) -> 13 | ... AF27: =SUM(AF19:AF21) -> 312
B28: 11.30 - 11.45 | C28: 2 | D28: 3 | E28: 0 | F28: 4 | G28: 0 | H28: 0 | I28: 0 | J28: 0 | K28: 0 | L28: 14 | M28: 4 | N28: 0 | O28: =SUM(C28:L28,N28) -> 23 | P28: =SUM(C28:N28) -> 27 | R28: 12 Hours | S28: =SUM(S10:S21) -> 82 | T28: =SUM(T10:T21) -> 112 | U28: =SUM(U10:U21) -> 44 | V28: =SUM(V10:V21) -> 171 | W28: =SUM(W10:W21) -> 4 | X28: =SUM(X10:X21) -> 3 | Y28: =SUM(Y10:Y21) -> 41 | Z28: =SUM(Z10:Z21) -> 32 | ... AF28: =SUM(AF10:AF21) -> 1105
B29: 11.45 - 12.00 | C29: 1 | D29: 6 | E29: 0 | F29: 4 | G29: 0 | H29: 0 | I29: 0 | J29: 3 | K29: 0 | L29: 8 | M29: 3 | N29: 0 | O29: =SUM(C29:L29,N29) -> 22 | P29: =SUM(C29:N29) -> 25
B30: 12.00 - 12.15 | C30: 3 | D30: 3 | E30: 0 | F30: 1 | G30: 0 | H30: 0 | I30: 0 | J30: 0 | K30: 0 | L30: 5 | M30: 5 | N30: 0 | O30: =SUM(C30:L30,N30) -> 12 | P30: =SUM(C30:N30) -> 17
B31: 12.15 - 12.30 | C31: 3 | D31: 5 | E31: 0 | F31: 3 | G31: 0 | H31: 0 | I31: 0 | J31: 1 | K31: 0 | L31: 7 | M31: 0 | N31: 0 | O31: =SUM(C31:L31,N31) -> 19 | P31: =SUM(C31:N31) -> 19
B32: 12.30 - 12.45 | C32: 1 | D32: 4 | E32: 0 | F32: 3 | G32: 0 | H32: 0 | I32: 2 | J32: 0 | K32: 0 | L32: 13 | M32: 0 | N32: 0 | O32: =SUM(C32:L32,N32) -> 23 | P32: =SUM(C32:N32) -> 23
B33: 12.45 - 13.00 | C33: 4 | D33: 1 | E33: 0 | F33: 4 | G33: 0 | H33: 0 | I33: 1 | J33: 0 | K33: 0 | L33: 19 | M33: 4 | N33: 0 | O33: =SUM(C33:L33,N33) -> 29 | P33: =SUM(C33:N33) -> 33
B34: 13.00 - 13.15 | C34: 1 | D34: 5 | E34: 0 | F34: 3 | G34: 0 | H34: 0 | I34: 0 | J34: 0 | K34: 0 | L34: 13 | M34: 3 | N34: 0 | O34: =SUM(C34:L34,N34) -> 22 | P34: =SUM(C34:N34) -> 25
B35: 13.15 - 13.30 | C35: 0 | D35: 0 | E35: 2 | F35: 11 | G35: 0 | H35: 0 | I35: 1 | J35: 4 | K35: 0 | L35: 4 | M35: 0 | N35: 0 | O35: =SUM(C35:L35,N35) -> 22 | P35: =SUM(C35:N35) -> 22
B36: 13.30 - 13.45 | C36: 0 | D36: 0 | E36: 1 | F36: 1 | G36: 0 | H36: 0 | I36: 1 | J36: 1 | K36: 0 | L36: 6 | M36: 2 | N36: 0 | O36: =SUM(C36:L36,N36) -> 10 | P36: =SUM(C36:N36) -> 12
B37: 13.45 - 14.00 | C37: 0 | D37: 3 | E37: 1 | F37: 3 | G37: 0 | H37: 0 | I37: 0 | J37: 3 | K37: 0 | L37: 26 | M37: 2 | N37: 0 | O37: =SUM(C37:L37,N37) -> 36 | P37: =SUM(C37:N37) -> 38
B38: 14.00 - 14.15 | C38: 2 | D38: 4 | E38: 3 | F38: 3 | G38: 0 | H38: 0 | I38: 0 | J38: 0 | K38: 0 | L38: 25 | M38: 2 | N38: 0 | O38: =SUM(C38:L38,N38) -> 37 | P38: =SUM(C38:N38) -> 39
B39: 14.15 - 14.30 | C39: 2 | D39: 1 | E39: 2 | F39: 0 | G39: 0 | H39: 0 | I39: 2 | J39: 0 | K39: 0 | L39: 4 | M39: 1 | N39: 0 | O39: =SUM(C39:L39,N39) -> 11 | P39: =SUM(C39:N39) -> 12
B40: 14.30 - 14.45 | C40: 0 | D40: 0 | E40: 0 | F40: 2 | G40: 0 | H40: 0 | I40: 2 | J40: 0 | K40: 0 | L40: 9 | M40: 1 | N40: 0 | O40: =SUM(C40:L40,N40) -> 13 | P40: =SUM(C40:N40) -> 14
... B57: 18.45 - 19.00 | C57: 1 | D57: 1 | E57: 1 | F57: 6 | G57: 0 | H57: 0 | I57: 3 | J57: 2 | K57: 1 | L57: 10 | M57: 3 | N57: 0 | O57: =SUM(C57:L57,N57) -> 25 | P57: =SUM(C57:N57) -> 28
B58: Totals | C58: =SUM(C10:C57) -> 82 | D58: =SUM(D10:D57) -> 112 | E58: =SUM(E10:E57) -> 44 | F58: =SUM(F10:F57) -> 171 | G58: =SUM(G10:G57) -> 4 | H58: =SUM(H10:H57) -> 3 | I58: =SUM(I10:I57) -> 41 | J58: =SUM(J10:J57) -> 32 | ... P58: =SUM(P10:P57) -> 1105
B59: %ges + MCs | C59: =C58/$P$58 -> 0.074208145 | D59: =D58/$P$58 -> 0.10135747 | E59: =E58/$P$58 -> 0.039819005 | F59: =F58/$P$58 -> 0.15475113 | G59: =G58/$P$58 -> 0.0036199095 | H59: =H58/$P$58 -> 0.0027149321 | I59: =I58/$P$58 -> 0.037104072 | J59: =J58/$P$58 -> 0.028959276 | ... N59: =N58/$P$58 -> 0
B60: %ges w/o MCs | C60: =C58/$O$58 -> 0.086134454 | D60: =D58/$O$58 -> 0.11764706 | E60: =E58/$O$58 -> 0.046218487 | F60: =F58/$O$58 -> 0.17962185 | G60: =G58/$O$58 -> 0.0042016807 | H60: =H58/$O$58 -> 0.0031512605 | I60: =I58/$O$58 -> 0.043067227 | J60: =J58/$O$58 -> 0.033613445 | ... L60: =L58/$O$58 -> 0.48109244 | N60: =N58/$O$58 -> 0

Sheet 27.08 BUSITEMA-TORORO-24h
B1: Consultancy services for Preparation of Expressway Development Master Plan (EDMP) for Uganda
B2: MANUAL CLASSIFIED COUNT (MCC)
B3: ROAD NAME: | C3: ='22.08 TORORO-BUSITEMA'!C3:G3 -> TORORO TO BUSITEMA
C5: Date | D5: 27.8.19 | F5: Location | G5: ='27.08 TORORO-BUSITEMA-24h'!G5:H5 -> STATION 98 | J5: Surveyor | K5: RWOTHOMIYO NORMAN
C6: Dir. From | D6: ='22.08 BUSITEMA-TORORO'!D6:E6 -> BUSITEMA | F6: Dir. To | G6: ='22.08 BUSITEMA-TORORO'!G6:H6 -> TORORO | J6: Supervisor | K6: ='27.08 TORORO-BUSITEMA-24h'!K6:L6 -> IVAN
B8: Time / Veh Type | R8: SUMMARY TRAFFIC VOLUMES
C9: 1. Car | D9: 2. Station Wagon | E9: 3. Pickups | F9: 4. Minibus, matatu | G9: 5. Medium bus | H9: 6. Large Bus | I9: 7. Light Truck | J9: 8. Medium Truck | K9: 9. Heavy truck | L9: 10. Truck Trailer | M9: 11. Motor cycles | N9: 12. Tractors | O9: Total Excl M/Cycles | P9: Total All | R9: Time | S9: 1. Car | T9: 2. Station Wagon | U9: 3. Pickups | V9: 4. Minibus, matatu | W9: 5. Medium bus | X9: 6. Large Bus | Y9: 7. Light Truck | Z9: 8. Medium Truck | AA9: 9. Heavy truck | AB9: 10. Truck Trailer | AC9: 11. Motorcycles | AD9: 12. Tractors, Graders | AE9: Total Excl M/ Cycles | AF9: Total All
B10: 07.00 - 07.15 | C10: 0 | D10: 0 | E10: 0 | F10: 1 | G10: 0 | H10: 0 | I10: 0 | J10: 0 | K10: 0 | L10: 5 | M10: 0 | N10: 0 | O10: =SUM(C10:L10,N10) -> 6 | P10: =SUM(C10:N10) -> 6 | R10: 0700-0800 | S10: =SUM(C10:C13) -> 4 | T10: =SUM(D10:D13) -> 3 | U10: =SUM(E10:E13) -> 3 | V10: =SUM(F10:F13) -> 4 | W10: =SUM(G10:G13) -> 0 | X10: =SUM(H10:H13) -> 1 | Y10: =SUM(I10:I13) -> 1 | Z10: =SUM(J10:J13) -> 1 | ... AF10: =SUM(P10:P13) -> 37
B11: 07.15 - 07.30 | C11: 0 | D11: 1 | E11: 0 | F11: 2 | G11: 0 | H11: 1 | I11: 0 | J11: 1 | K11: 0 | L11: 7 | M11: 0 | N11: 0 | O11: =SUM(C11:L11,N11) -> 12 | P11: =SUM(C11:N11) -> 12 | R11: 0800-0900 | S11: =SUM(C14:C17) -> 1 | T11: =SUM(D14:D17) -> 10 | U11: =SUM(E14:E17) -> 3 | V11: =SUM(F14:F17) -> 8 | W11: =SUM(G14:G17) -> 0 | X11: =SUM(H14:H17) -> 0 | Y11: =SUM(I14:I17) -> 0 | Z11: =SUM(J14:J17) -> 0 | ... AF11: =SUM(P14:P17) -> 37
B12: 07.30 - 07.45 | C12: 1 | D12: 2 | E12: 1 | F12: 1 | G12: 0 | H12: 0 | I12: 0 | J12: 0 | K12: 0 | L12: 5 | M12: 0 | N12: 0 | O12: =SUM(C12:L12,N12) -> 10 | P12: =SUM(C12:N12) -> 10 | R12: 0900-1000 | S12: =SUM(C18:C21) -> 5 | T12: =SUM(D18:D21) -> 10 | U12: =SUM(E18:E21) -> 4 | V12: =SUM(F18:F21) -> 11 | W12: =SUM(G18:G21) -> 0 | X12: =SUM(H18:H21) -> 0 | Y12: =SUM(I18:I21) -> 4 | Z12: =SUM(J18:J21) -> 1 | ... AF12: =SUM(P18:P21) -> 68
B13: 07.45 - 08.00 | C13: 3 | D13: 0 | E13: 2 | F13: 0 | G13: 0 | H13: 0 | I13: 1 | J13: 0 | K13: 0 | L13: 2 | M13: 1 | N13: 0 | O13: =SUM(C13:L13,N13) -> 8 | P13: =SUM(C13:N13) -> 9 | R13: 1000-1100 | S13: =SUM(C22:C25) -> 5 | T13: =SUM(D22:D25) -> 8 | U13: =SUM(E22:E25) -> 4 | V13: =SUM(F22:F25) -> 9 | W13: =SUM(G22:G25) -> 1 | X13: =SUM(H22:H25) -> 0 | Y13: =SUM(I22:I25) -> 3 | Z13: =SUM(J22:J25) -> 0 | ... AF13: =SUM(P22:P25) -> 66
B14: 08.00 - 08.15 | C14: 0 | D14: 0 | E14: 2 | F14: 1 | G14: 0 | H14: 0 | I14: 0 | J14: 0 | K14: 0 | L14: 1 | M14: 0 | N14: 0 | O14: =SUM(C14:L14,N14) -> 4 | P14: =SUM(C14:N14) -> 4 | R14: 1100-1200 | S14: =SUM(C26:C29) -> 4 | T14: =SUM(D26:D29) -> 5 | U14: =SUM(E26:E29) -> 5 | V14: =SUM(F26:F29) -> 14 | W14: =SUM(G26:G29) -> 0 | X14: =SUM(H26:H29) -> 0 | Y14: =SUM(I26:I29) -> 1 | Z14: =SUM(J26:J29) -> 0 | ... AF14: =SUM(P26:P29) -> 58
B15: 08.15 - 08.30 | C15: 0 | D15: 3 | E15: 0 | F15: 2 | G15: 0 | H15: 0 | I15: 0 | J15: 0 | K15: 0 | L15: 2 | M15: 0 | N15: 0 | O15: =SUM(C15:L15,N15) -> 7 | P15: =SUM(C15:N15) -> 7 | R15: 1200-1300 | S15: =SUM(C30:C33) -> 3 | T15: =SUM(D30:D33) -> 1 | U15: =SUM(E30:E33) -> 2 | V15: =SUM(F30:F33) -> 14 | W15: =SUM(G30:G33) -> 0 | X15: =SUM(H30:H33) -> 0 | Y15: =SUM(I30:I33) -> 3 | Z15: =SUM(J30:J33) -> 0 | ... AF15: =SUM(P30:P33) -> 53
B16: 08.30 - 08.45 | C16: 1 | D16: 3 | E16: 1 | F16: 3 | G16: 0 | H16: 0 | I16: 0 | J16: 0 | K16: 1 | L16: 4 | M16: 3 | N16: 0 | O16: =SUM(C16:L16,N16) -> 13 | P16: =SUM(C16:N16) -> 16 | R16: 1300-1400 | S16: =SUM(C34:C37) -> 7 | T16: =SUM(D34:D37) -> 9 | U16: =SUM(E34:E37) -> 5 | V16: =SUM(F34:F37) -> 13 | W16: =SUM(G34:G37) -> 0 | X16: =SUM(H34:H37) -> 0 | Y16: =SUM(I34:I37) -> 1 | Z16: =SUM(J34:J37) -> 0 | ... AF16: =SUM(P34:P37) -> 62
B17: 08.45 - 9.00 | C17: 0 | D17: 4 | E17: 0 | F17: 2 | G17: 0 | H17: 0 | I17: 0 | J17: 0 | K17: 0 | L17: 2 | M17: 2 | N17: 0 | O17: =SUM(C17:L17,N17) -> 8 | P17: =SUM(C17:N17) -> 10 | R17: 1400-1500 | S17: =SUM(C38:C41) -> 12 | T17: =SUM(D38:D41) -> 7 | U17: =SUM(E38:E41) -> 9 | V17: =SUM(F38:F41) -> 13 | W17: =SUM(G38:G41) -> 0 | X17: =SUM(H38:H41) -> 0 | Y17: =SUM(I38:I41) -> 5 | Z17: =SUM(J38:J41) -> 2 | ... AF17: =SUM(P38:P41) -> 120
B18: 09.00 - 09.15 | C18: 3 | D18: 2 | E18: 2 | F18: 1 | G18: 0 | H18: 0 | I18: 0 | J18: 0 | K18: 0 | L18: 1 | M18: 3 | N18: 0 | O18: =SUM(C18:L18,N18) -> 9 | P18: =SUM(C18:N18) -> 12 | R18: 1500-1600 | S18: =SUM(C42:C45) -> 8 | T18: =SUM(D42:D45) -> 6 | U18: =SUM(E42:E45) -> 5 | V18: =SUM(F42:F45) -> 18 | W18: =SUM(G42:G45) -> 3 | X18: =SUM(H42:H45) -> 0 | Y18: =SUM(I42:I45) -> 1 | Z18: =SUM(J42:J45) -> 0 | ... AF18: =SUM(P42:P45) -> 97
B19: 09.15 - 09.30 | C19: 0 | D19: 1 | E19: 0 | F19: 2 | G19: 0 | H19: 0 | I19: 2 | J19: 1 | K19: 0 | L19: 2 | M19: 7 | N19: 0 | O19: =SUM(C19:L19,N19) -> 8 | P19: =SUM(C19:N19) -> 15 | R19: 1600-1700 | S19: =SUM(C46:C49) -> 11 | T19: =SUM(D46:D49) -> 13 | U19: =SUM(E46:E49) -> 3 | V19: =SUM(F46:F49) -> 13 | W19: =SUM(G46:G49) -> 1 | X19: =SUM(H46:H49) -> 0 | Y19: =SUM(I46:I49) -> 2 | Z19: =SUM(J46:J49) -> 8 | ... AF19: =SUM(P46:P49) -> 89
B20: 09.30 - 09.45 | C20: 1 | D20: 3 | E20: 0 | F20: 5 | G20: 0 | H20: 0 | I20: 1 | J20: 0 | K20: 1 | L20: 3 | M20: 5 | N20: 0 | O20: =SUM(C20:L20,N20) -> 14 | P20: =SUM(C20:N20) -> 19 | R20: 1700-1800 | S20: =SUM(C50:C53) -> 7 | T20: =SUM(D50:D53) -> 14 | U20: =SUM(E50:E53) -> 7 | V20: =SUM(F50:F53) -> 7 | W20: =SUM(G50:G53) -> 0 | X20: =SUM(H50:H53) -> 0 | Y20: =SUM(I50:I53) -> 8 | Z20: =SUM(J50:J53) -> 1 | ... AF20: =SUM(P50:P53) -> 154
B21: 09.45 - 10.00 | C21: 1 | D21: 4 | E21: 2 | F21: 3 | G21: 0 | H21: 0 | I21: 1 | J21: 0 | K21: 1 | L21: 4 | M21: 6 | N21: 0 | O21: =SUM(C21:L21,N21) -> 16 | P21: =SUM(C21:N21) -> 22 | R21: 1800-1900 | S21: =SUM(C54:C57) -> 7 | T21: =SUM(D54:D57) -> 14 | U21: =SUM(E54:E57) -> 4 | V21: =SUM(F54:F57) -> 18 | W21: =SUM(G54:G57) -> 0 | X21: =SUM(H54:H57) -> 0 | Y21: =SUM(I54:I57) -> 9 | Z21: =SUM(J54:J57) -> 3 | ... AF21: =SUM(P54:P57) -> 149
B22: 10.00 - 10.15 | C22: 1 | D22: 2 | E22: 0 | F22: 2 | G22: 1 | H22: 0 | I22: 0 | J22: 0 | K22: 0 | L22: 3 | M22: 5 | N22: 0 | O22: =SUM(C22:L22,N22) -> 9 | P22: =SUM(C22:N22) -> 14 | R22: 1900-2000 | S22: =SUM(C58:C61) -> 6 | T22: =SUM(D58:D61) -> 3 | U22: =SUM(E58:E61) -> 3 | V22: =SUM(F58:F61) -> 16 | W22: =SUM(G58:G61) -> 0 | X22: =SUM(H58:H61) -> 0 | Y22: =SUM(I58:I61) -> 5 | Z22: =SUM(J58:J61) -> 1 | ... AF22: =SUM(P58:P61) -> 128
B23: 10.15 - 10.30 | C23: 3 | D23: 2 | E23: 0 | F23: 4 | G23: 0 | H23: 0 | I23: 2 | J23: 0 | K23: 1 | L23: 3 | M23: 3 | N23: 0 | O23: =SUM(C23:L23,N23) -> 15 | P23: =SUM(C23:N23) -> 18 | R23: 2000-2100 | S23: =SUM(C62:C65) -> 1 | T23: =SUM(D62:D65) -> 1 | U23: =SUM(E62:E65) -> 4 | V23: =SUM(F62:F65) -> 5 | W23: =SUM(G62:G65) -> 0 | X23: =SUM(H62:H65) -> 0 | Y23: =SUM(I62:I65) -> 0 | Z23: =SUM(J62:J65) -> 2 | ... AF23: =SUM(P62:P65) -> 84
B24: 10.30 - 10.45 | C24: 1 | D24: 3 | E24: 3 | F24: 1 | G24: 0 | H24: 0 | I24: 1 | J24: 0 | K24: 0 | L24: 4 | M24: 7 | N24: 0 | O24: =SUM(C24:L24,N24) -> 13 | P24: =SUM(C24:N24) -> 20 | R24: 2100-2200 | S24: =SUM(C66:C69) -> 0 | T24: =SUM(D66:D69) -> 7 | U24: =SUM(E66:E69) -> 0 | V24: =SUM(F66:F69) -> 0 | W24: =SUM(G66:G69) -> 0 | X24: =SUM(H66:H69) -> 0 | Y24: =SUM(I66:I69) -> 4 | Z24: =SUM(J66:J69) -> 0 | ... AF24: =SUM(P66:P69) -> 84
B25: 10.45 - 11.00 | C25: 0 | D25: 1 | E25: 1 | F25: 2 | G25: 0 | H25: 0 | I25: 0 | J25: 0 | K25: 0 | L25: 5 | M25: 5 | N25: 0 | O25: =SUM(C25:L25,N25) -> 9 | P25: =SUM(C25:N25) -> 14 | R25: 2200-2300 | S25: =SUM(C70:C73) -> 0 | T25: =SUM(D70:D73) -> 0 | U25: =SUM(E70:E73) -> 0 | V25: =SUM(F70:F73) -> 0 | W25: =SUM(G70:G73) -> 0 | X25: =SUM(H70:H73) -> 0 | Y25: =SUM(I70:I73) -> 0 | Z25: =SUM(J70:J73) -> 0 | ... AF25: =SUM(P70:P73) -> 36
B26: 11.00 - 11.15 | C26: 1 | D26: 0 | E26: 3 | F26: 5 | G26: 0 | H26: 0 | I26: 0 | J26: 0 | K26: 0 | L26: 1 | M26: 8 | N26: 0 | O26: =SUM(C26:L26,N26) -> 10 | P26: =SUM(C26:N26) -> 18 | R26: 2300-0000 | S26: =SUM(C74:C77) -> 0 | T26: =SUM(D74:D77) -> 0 | U26: =SUM(E74:E77) -> 0 | V26: =SUM(F74:F77) -> 0 | W26: =SUM(G74:G77) -> 0 | X26: =SUM(H74:H77) -> 0 | Y26: =SUM(I74:I77) -> 0 | Z26: =SUM(J74:J77) -> 0 | ... AF26: =SUM(P74:P77) -> 47
B27: 11.15 - 11.30 | C27: 2 | D27: 3 | E27: 1 | F27: 3 | G27: 0 | H27: 0 | I27: 0 | J27: 0 | K27: 0 | L27: 2 | M27: 5 | N27: 0 | O27: =SUM(C27:L27,N27) -> 11 | P27: =SUM(C27:N27) -> 16 | R27: 0000-0100 | S27: =SUM(C78:C81) -> 0 | T27: =SUM(D78:D81) -> 0 | U27: =SUM(E78:E81) -> 0 | V27: =SUM(F78:F81) -> 2 | W27: =SUM(G78:G81) -> 0 | X27: =SUM(H78:H81) -> 0 | Y27: =SUM(I78:I81) -> 0 | Z27: =SUM(J78:J81) -> 0 | ... AF27: =SUM(P78:P81) -> 33
B28: 11.30 - 11.45 | C28: 0 | D28: 2 | E28: 0 | F28: 3 | G28: 0 | H28: 0 | I28: 0 | J28: 0 | K28: 0 | L28: 1 | M28: 7 | N28: 0 | O28: =SUM(C28:L28,N28) -> 6 | P28: =SUM(C28:N28) -> 13 | R28: 0100-0200 | S28: =SUM(C82:C85) -> 1 | T28: =SUM(D82:D85) -> 0 | U28: =SUM(E82:E85) -> 0 | V28: =SUM(F82:F85) -> 0 | W28: =SUM(G82:G85) -> 0 | X28: =SUM(H82:H85) -> 1 | Y28: =SUM(I82:I85) -> 1 | Z28: =SUM(J82:J85) -> 2 | ... AF28: =SUM(P82:P85) -> 40
B29: 11.45 - 12.00 | C29: 1 | D29: 0 | E29: 1 | F29: 3 | G29: 0 | H29: 0 | I29: 1 | J29: 0 | K29: 1 | L29: 1 | M29: 3 | N29: 0 | O29: =SUM(C29:L29,N29) -> 8 | P29: =SUM(C29:N29) -> 11 | R29: 0200-0300 | S29: =SUM(C86:C89) -> 0 | T29: =SUM(D86:D89) -> 0 | U29: =SUM(E86:E89) -> 1 | V29: =SUM(F86:F89) -> 1 | W29: =SUM(G86:G89) -> 0 | X29: =SUM(H86:H89) -> 0 | Y29: =SUM(I86:I89) -> 0 | Z29: =SUM(J86:J89) -> 0 | ... AF29: =SUM(P86:P89) -> 20
B30: 12.00 - 12.15 | C30: 0 | D30: 0 | E30: 1 | F30: 4 | G30: 0 | H30: 0 | I30: 2 | J30: 0 | K30: 0 | L30: 3 | M30: 1 | N30: 0 | O30: =SUM(C30:L30,N30) -> 10 | P30: =SUM(C30:N30) -> 11 | R30: 0300-0400 | S30: =SUM(C90:C93) -> 1 | T30: =SUM(D90:D93) -> 0 | U30: =SUM(E90:E93) -> 0 | V30: =SUM(F90:F93) -> 0 | W30: =SUM(G90:G93) -> 0 | X30: =SUM(H90:H93) -> 0 | Y30: =SUM(I90:I93) -> 0 | Z30: =SUM(J90:J93) -> 0 | ... AF30: =SUM(P90:P93) -> 21
B31: 12.15 - 12.30 | C31: 1 | D31: 0 | E31: 0 | F31: 5 | G31: 0 | H31: 0 | I31: 0 | J31: 0 | K31: 2 | L31: 8 | M31: 6 | N31: 0 | O31: =SUM(C31:L31,N31) -> 16 | P31: =SUM(C31:N31) -> 22 | R31: 0400-0500 | S31: =SUM(C94:C97) -> 0 | T31: =SUM(D94:D97) -> 0 | U31: =SUM(E94:E97) -> 0 | V31: =SUM(F94:F97) -> 0 | W31: =SUM(G94:G97) -> 0 | X31: =SUM(H94:H97) -> 0 | Y31: =SUM(I94:I97) -> 1 | Z31: =SUM(J94:J97) -> 0 | ... AF31: =SUM(P94:P97) -> 17
B32: 12.30 - 12.45 | C32: 0 | D32: 0 | E32: 0 | F32: 3 | G32: 0 | H32: 0 | I32: 0 | J32: 0 | K32: 0 | L32: 3 | M32: 3 | N32: 0 | O32: =SUM(C32:L32,N32) -> 6 | P32: =SUM(C32:N32) -> 9 | R32: 0500-0600 | S32: =SUM(C98:C101) -> 1 | T32: =SUM(D98:D101) -> 1 | U32: =SUM(E98:E101) -> 0 | V32: =SUM(F98:F101) -> 0 | W32: =SUM(G98:G101) -> 0 | X32: =SUM(H98:H101) -> 2 | Y32: =SUM(I98:I101) -> 0 | Z32: =SUM(J98:J101) -> 2 | ... AF32: =SUM(P98:P101) -> 36
B33: 12.45 - 13.00 | C33: 2 | D33: 1 | E33: 1 | F33: 2 | G33: 0 | H33: 0 | I33: 1 | J33: 0 | K33: 0 | L33: 1 | M33: 3 | N33: 0 | O33: =SUM(C33:L33,N33) -> 8 | P33: =SUM(C33:N33) -> 11 | R33: 0600-0700 | S33: =SUM(C102:C105) -> 1 | T33: =SUM(D102:D105) -> 2 | U33: =SUM(E102:E105) -> 1 | V33: =SUM(F102:F105) -> 3 | W33: =SUM(G102:G105) -> 0 | X33: =SUM(H102:H105) -> 2 | Y33: =SUM(I102:I105) -> 1 | Z33: =SUM(J102:J105) -> 1 | ... AF33: =SUM(P102:P105) -> 54
B34: 13.00 - 13.15 | C34: 3 | D34: 1 | E34: 2 | F34: 0 | G34: 0 | H34: 0 | I34: 0 | J34: 0 | K34: 1 | L34: 0 | M34: 3 | N34: 0 | O34: =SUM(C34:L34,N34) -> 7 | P34: =SUM(C34:N34) -> 10 | R34: AM Peak Hr | S34: =MAX(S10:S12) -> 5 | T34: =MAX(T10:T12) -> 10 | U34: =MAX(U10:U12) -> 4 | V34: =MAX(V10:V12) -> 11 | W34: =MAX(W10:W12) -> 0 | X34: =MAX(X10:X12) -> 1 | Y34: =MAX(Y10:Y12) -> 4 | Z34: =MAX(Z10:Z12) -> 1 | ... AF34: =MAX(AF10:AF12) -> 68
B35: 13.15 - 13.30 | C35: 0 | D35: 2 | E35: 1 | F35: 4 | G35: 0 | H35: 0 | I35: 1 | J35: 0 | K35: 0 | L35: 7 | M35: 8 | N35: 0 | O35: =SUM(C35:L35,N35) -> 15 | P35: =SUM(C35:N35) -> 23 | R35: IP Peak Hr | S35: =MAX(S13:S18) -> 12 | T35: =MAX(T13:T18) -> 9 | U35: =MAX(U13:U18) -> 9 | V35: =MAX(V13:V18) -> 18 | W35: =MAX(W13:W18) -> 3 | X35: =MAX(X13:X18) -> 0 | Y35: =MAX(Y13:Y18) -> 5 | Z35: =MAX(Z13:Z18) -> 2 | ... AF35: =MAX(AF13:AF18) -> 120
B36: 13.30 - 13.45 | C36: 1 | D36: 0 | E36: 2 | F36: 1 | G36: 0 | H36: 0 | I36: 0 | J36: 0 | K36: 0 | L36: 0 | M36: 0 | N36: 0 | O36: =SUM(C36:L36,N36) -> 4 | P36: =SUM(C36:N36) -> 4 | R36: PM Peak Hr | S36: =MAX(S19:S21) -> 11 | T36: =MAX(T19:T21) -> 14 | U36: =MAX(U19:U21) -> 7 | V36: =MAX(V19:V21) -> 18 | W36: =MAX(W19:W21) -> 1 | X36: =MAX(X19:X21) -> 0 | Y36: =MAX(Y19:Y21) -> 9 | Z36: =MAX(Z19:Z21) -> 8 | ... AF36: =MAX(AF19:AF21) -> 154
B37: 13.45 - 14.00 | C37: 3 | D37: 6 | E37: 0 | F37: 8 | G37: 0 | H37: 0 | I37: 0 | J37: 0 | K37: 0 | L37: 5 | M37: 3 | N37: 0 | O37: =SUM(C37:L37,N37) -> 22 | P37: =SUM(C37:N37) -> 25 | R37: AM Period | S37: =SUM(S10:S12) -> 10 | T37: =SUM(T10:T12) -> 23 | U37: =SUM(U10:U12) -> 10 | V37: =SUM(V10:V12) -> 23 | W37: =SUM(W10:W12) -> 0 | X37: =SUM(X10:X12) -> 1 | Y37: =SUM(Y10:Y12) -> 5 | Z37: =SUM(Z10:Z12) -> 2 | ... AF37: =SUM(AF10:AF12) -> 142
B38: 14.00 - 14.15 | C38: 1 | D38: 3 | E38: 1 | F38: 4 | G38: 0 | H38: 0 | I38: 5 | J38: 2 | K38: 4 | L38: 11 | M38: 8 | N38: 0 | O38: =SUM(C38:L38,N38) -> 31 | P38: =SUM(C38:N38) -> 39 | R38: IP Period | S38: =SUM(S13:S18) -> 39 | T38: =SUM(T13:T18) -> 36 | U38: =SUM(U13:U18) -> 30 | V38: =SUM(V13:V18) -> 81 | W38: =SUM(W13:W18) -> 4 | X38: =SUM(X13:X18) -> 0 | Y38: =SUM(Y13:Y18) -> 14 | Z38: =SUM(Z13:Z18) -> 2 | ... AF38: =SUM(AF13:AF18) -> 456
B39: 14.15 - 14.30 | C39: 9 | D39: 3 | E39: 7 | F39: 3 | G39: 0 | H39: 0 | I39: 0 | J39: 0 | K39: 0 | L39: 18 | M39: 3 | N39: 0 | O39: =SUM(C39:L39,N39) -> 40 | P39: =SUM(C39:N39) -> 43 | R39: PM Period | S39: =SUM(S19:S21) -> 25 | T39: =SUM(T19:T21) -> 41 | U39: =SUM(U19:U21) -> 14 | V39: =SUM(V19:V21) -> 38 | W39: =SUM(W19:W21) -> 1 | X39: =SUM(X19:X21) -> 0 | Y39: =SUM(Y19:Y21) -> 19 | Z39: =SUM(Z19:Z21) -> 12 | ... AF39: =SUM(AF19:AF21) -> 392
B40: 14.30 - 14.45 | C40: 0 | D40: 0 | E40: 0 | F40: 4 | G40: 0 | H40: 0 | I40: 0 | J40: 0 | K40: 1 | L40: 6 | M40: 1 | N40: 0 | O40: =SUM(C40:L40,N40) -> 11 | P40: =SUM(C40:N40) -> 12 | R40: 12 Hours | S40: =SUM(S10:S21) -> 74 | T40: =SUM(T10:T21) -> 100 | U40: =SUM(U10:U21) -> 54 | V40: =SUM(V10:V21) -> 142 | W40: =SUM(W10:W21) -> 5 | X40: =SUM(X10:X21) -> 1 | Y40: =SUM(Y10:Y21) -> 38 | Z40: =SUM(Z10:Z21) -> 16 | ... AF40: =SUM(AF10:AF21) -> 990
B41: 14.45 - 15.00 | C41: 2 | D41: 1 | E41: 1 | F41: 2 | G41: 0 | H41: 0 | I41: 0 | J41: 0 | K41: 0 | L41: 12 | M41: 8 | N41: 0 | O41: =SUM(C41:L41,N41) -> 18 | P41: =SUM(C41:N41) -> 26 | R41: 24 Hrs/ADT | S41: =SUM(S10:S33) -> 85 | T41: =SUM(T10:T33) -> 114 | U41: =SUM(U10:U33) -> 63 | V41: =SUM(V10:V33) -> 169 | W41: =SUM(W10:W33) -> 5 | X41: =SUM(X10:X33) -> 6 | Y41: =SUM(Y10:Y33) -> 50 | Z41: =SUM(Z10:Z33) -> 24 | ... AF41: =SUM(AF10:AF33) -> 1590
B42: 15.00 - 15.15 | C42: 1 | D42: 3 | E42: 2 | F42: 7 | G42: 0 | H42: 0 | I42: 0 | J42: 0 | K42: 0 | L42: 9 | M42: 9 | N42: 0 | O42: =SUM(C42:L42,N42) -> 22 | P42: =SUM(C42:N42) -> 31 | R42: NEF | S42: =S41/S40 -> 1.1486486 | T42: =T41/T40 -> 1.14 | U42: =U41/U40 -> 1.1666667 | V42: =V41/V40 -> 1.1901408 | W42: =W41/W40 -> 1 | X42: =X41/X40 -> 6 | Y42: =Y41/Y40 -> 1.3157895 | Z42: =Z41/Z40 -> 1.5 | ... AF42: =AF41/AF40 -> 1.6060606
B43: 15.15 - 15.30 | C43: 1 | D43: 0 | E43: 0 | F43: 2 | G43: 0 | H43: 0 | I43: 0 | J43: 0 | K43: 0 | L43: 3 | M43: 5 | N43: 0 | O43: =SUM(C43:L43,N43) -> 6 | P43: =SUM(C43:N43) -> 11
B44: 15.30 - 15.45 | C44: 1 | D44: 0 | E44: 3 | F44: 4 | G44: 0 | H44: 0 | I44: 0 | J44: 0 | K44: 0 | L44: 5 | M44: 5 | N44: 0 | O44: =SUM(C44:L44,N44) -> 13 | P44: =SUM(C44:N44) -> 18
B45: 15.45 - 16.00 | C45: 5 | D45: 3 | E45: 0 | F45: 5 | G45: 3 | H45: 0 | I45: 1 | J45: 0 | K45: 1 | L45: 16 | M45: 3 | N45: 0 | O45: =SUM(C45:L45,N45) -> 34 | P45: =SUM(C45:N45) -> 37
B46: 16.00 - 16.15 | C46: 0 | D46: 0 | E46: 0 | F46: 2 | G46: 0 | H46: 0 | I46: 0 | J46: 0 | K46: 0 | L46: 6 | M46: 7 | N46: 0 | O46: =SUM(C46:L46,N46) -> 8 | P46: =SUM(C46:N46) -> 15
B47: 16.15 -16.30 | C47: 3 | D47: 4 | E47: 1 | F47: 1 | G47: 0 | H47: 0 | I47: 1 | J47: 2 | K47: 0 | L47: 5 | M47: 8 | N47: 0 | O47: =SUM(C47:L47,N47) -> 17 | P47: =SUM(C47:N47) -> 25
B48: 16.30 -16.45 | C48: 5 | D48: 8 | E48: 1 | F48: 6 | G48: 0 | H48: 0 | I48: 0 | J48: 5 | K48: 0 | L48: 4 | M48: 5 | N48: 0 | O48: =SUM(C48:L48,N48) -> 29 | P48: =SUM(C48:N48) -> 34
B49: 16.45 -17.00 | C49: 3 | D49: 1 | E49: 1 | F49: 4 | G49: 1 | H49: 0 | I49: 1 | J49: 1 | K49: 0 | L49: 3 | M49: 0 | N49: 0 | O49: =SUM(C49:L49,N49) -> 15 | P49: =SUM(C49:N49) -> 15
B50: 17.00 -17.15 | C50: 2 | D50: 8 | E50: 3 | F50: 6 | G50: 0 | H50: 0 | I50: 3 | J50: 0 | K50: 0 | L50: 19 | M50: 11 | N50: 0 | O50: =SUM(C50:L50,N50) -> 41 | P50: =SUM(C50:N50) -> 52
B51: 17.15 -17.30 | C51: 4 | D51: 5 | E51: 2 | F51: 0 | G51: 0 | H51: 0 | I51: 2 | J51: 0 | K51: 0 | L51: 21 | M51: 9 | N51: 0 | O51: =SUM(C51:L51,N51) -> 34 | P51: =SUM(C51:N51) -> 43
B52: 17.30 -17.45 | C52: 0 | D52: 1 | E52: 2 | F52: 1 | G52: 0 | H52: 0 | I52: 3 | J52: 0 | K52: 0 | L52: 13 | M52: 2 | N52: 0 | O52: =SUM(C52:L52,N52) -> 20 | P52: =SUM(C52:N52) -> 22
B53: 17.45 -18.00 | C53: 1 | D53: 0 | E53: 0 | F53: 0 | G53: 0 | H53: 0 | I53: 0 | J53: 1 | K53: 0 | L53: 26 | M53: 9 | N53: 0 | O53: =SUM(C53:L53,N53) -> 28 | P53: =SUM(C53:N53) -> 37
B54: 18.00 - 18.15 | C54: 2 | D54: 1 | E54: 0 | F54: 5 | G54: 0 | H54: 0 | I54: 0 | J54: 3 | K54: 5 | L54: 18 | M54: 4 | N54: 0 | O54: =SUM(C54:L54,N54) -> 34 | P54: =SUM(C54:N54) -> 38
... B105: 06.45 - 07.00 | C105: 0 | D105: 0 | E105: 0 | F105: 3 | G105: 0 | H105: 0 | I105: 0 | J105: 0 | K105: 0 | L105: 3 | M105: 5 | N105: 0 | O105: =SUM(C105:L105,N105) -> 6 | P105: =SUM(C105:N105) -> 11
B106: Totals | C106: =SUM(C10:C105) -> 85 | D106: =SUM(D10:D105) -> 114 | E106: =SUM(E10:E105) -> 63 | F106: =SUM(F10:F105) -> 169 | G106: =SUM(G10:G105) -> 5 | H106: =SUM(H10:H105) -> 6 | I106: =SUM(I10:I105) -> 50 | J106: =SUM(J10:J105) -> 24 | ... P106: =SUM(P10:P105) -> 1590
B107: %ges + MCs | C107: =C106/$P$106 -> 0.053459119 | D107: =D106/$P$106 -> 0.071698113 | E107: =E106/$P$106 -> 0.039622642 | F107: =F106/$P$106 -> 0.10628931 | G107: =G106/$P$106 -> 0.0031446541 | H107: =H106/$P$106 -> 0.0037735849 | I107: =I106/$P$106 -> 0.031446541 | J107: =J106/$P$106 -> 0.01509434 | ... N107: =N106/$P$106 -> 0
B108: %ges w/o MCs | C108: =C106/$O$106 -> 0.063103192 | D108: =D106/$O$106 -> 0.084632517 | E108: =E106/$O$106 -> 0.046770601 | F108: =F106/$O$106 -> 0.12546399 | G108: =G106/$O$106 -> 0.0037119525 | H108: =H106/$O$106 -> 0.004454343 | I108: =I106/$O$106 -> 0.037119525 | J108: =J106/$O$106 -> 0.017817372 | ... L108: =L106/$O$106 -> 0.57757981 | N108: =N106/$O$106 -> 0

Sheet 27.08 TORORO-BUSITEMA-24h
B1: Consultancy services for Preparation of Expressway Development Master Plan (EDMP) for Uganda
B2: MANUAL CLASSIFIED COUNT (MCC)
B3: ROAD NAME: | C3: ='22.08 TORORO-BUSITEMA'!C3:G3 -> TORORO TO BUSITEMA
C5: Date | D5: ='27.08 BUSITEMA-TORORO-24h'!D5 -> 27.8.19 | F5: Location | G5: ='24.08 TORORO-BUSITEMA-24h'!G5:H5 -> STATION 98 | J5: Surveyor | K5: ='24.08 TORORO-BUSITEMA-24h'!K5:L5 -> AMONY JOVANA BELLA
C6: Dir. From | D6: TORORO | F6: Dir. To | G6: BUSITEMA | J6: Supervisor | K6: ='24.08 TORORO-BUSITEMA-24h'!K6:L6 -> IVAN
B8: Time / Veh Type | R8: SUMMARY TRAFFIC VOLUMES
C9: 1. Car | D9: 2. Station Wagon | E9: 3. Pickups | F9: 4. Minibus, matatu | G9: 5. Medium bus | H9: 6. Large Bus | I9: 7. Light Truck | J9: 8. Medium Truck | K9: 9. Heavy truck | L9: 10. Truck Trailer | M9: 11. Motor cycles | N9: 12. Tractors | O9: Total Excl M/Cycles | P9: Total All | R9: Time | S9: 1. Car | T9: 2. Station Wagon | U9: 3. Pickups | V9: 4. Minibus, matatu | W9: 5. Medium bus | X9: 6. Large Bus | Y9: 7. Light Truck | Z9: 8. Medium Truck | AA9: 9. Heavy truck | AB9: 10. Truck Trailer | AC9: 11. Motorcycles | AD9: 12. Tractors, Graders | AE9: Total Excl M/ Cycles | AF9: Total All
B10: 07.00 - 07.15 | C10: 0 | D10: 1 | E10: 0 | F10: 0 | G10: 0 | H10: 0 | I10: 0 | J10: 0 | K10: 0 | L10: 9 | M10: 0 | N10: 0 | O10: =SUM(C10:L10,N10) -> 10 | P10: =SUM(C10:N10) -> 10 | R10: 0700-0800 | S10: =SUM(C10:C13) -> 1 | T10: =SUM(D10:D13) -> 1 | U10: =SUM(E10:E13) -> 1 | V10: =SUM(F10:F13) -> 8 | W10: =SUM(G10:G13) -> 2 | X10: =SUM(H10:H13) -> 0 | Y10: =SUM(I10:I13) -> 0 | Z10: =SUM(J10:J13) -> 1 | ... AF10: =SUM(P10:P13) -> 39
B11: 07.15 - 07.30 | C11: 0 | D11: 0 | E11: 1 | F11: 5 | G11: 0 | H11: 0 | I11: 0 | J11: 0 | K11: 0 | L11: 4 | M11: 0 | N11: 0 | O11: =SUM(C11:L11,N11) -> 10 | P11: =SUM(C11:N11) -> 10 | R11: 0800-0900 | S11: =SUM(C14:C17) -> 7 | T11: =SUM(D14:D17) -> 8 | U11: =SUM(E14:E17) -> 5 | V11: =SUM(F14:F17) -> 10 | W11: =SUM(G14:G17) -> 0 | X11: =SUM(H14:H17) -> 2 | Y11: =SUM(I14:I17) -> 0 | Z11: =SUM(J14:J17) -> 2 | ... AF11: =SUM(P14:P17) -> 66
B12: 07.30 - 07.45 | C12: 1 | D12: 0 | E12: 0 | F12: 1 | G12: 0 | H12: 0 | I12: 0 | J12: 1 | K12: 0 | L12: 7 | M12: 0 | N12: 0 | O12: =SUM(C12:L12,N12) -> 10 | P12: =SUM(C12:N12) -> 10 | R12: 0900-1000 | S12: =SUM(C18:C21) -> 3 | T12: =SUM(D18:D21) -> 2 | U12: =SUM(E18:E21) -> 0 | V12: =SUM(F18:F21) -> 15 | W12: =SUM(G18:G21) -> 0 | X12: =SUM(H18:H21) -> 0 | Y12: =SUM(I18:I21) -> 1 | Z12: =SUM(J18:J21) -> 0 | ... AF12: =SUM(P18:P21) -> 62
B13: 07.45 - 08.00 | C13: 0 | D13: 0 | E13: 0 | F13: 2 | G13: 2 | H13: 0 | I13: 0 | J13: 0 | K13: 0 | L13: 5 | M13: 0 | N13: 0 | O13: =SUM(C13:L13,N13) -> 9 | P13: =SUM(C13:N13) -> 9 | R13: 1000-1100 | S13: =SUM(C22:C25) -> 20 | T13: =SUM(D22:D25) -> 15 | U13: =SUM(E22:E25) -> 2 | V13: =SUM(F22:F25) -> 12 | W13: =SUM(G22:G25) -> 0 | X13: =SUM(H22:H25) -> 1 | Y13: =SUM(I22:I25) -> 1 | Z13: =SUM(J22:J25) -> 0 | ... AF13: =SUM(P22:P25) -> 112
B14: 08.00 - 08.15 | C14: 2 | D14: 3 | E14: 1 | F14: 1 | G14: 0 | H14: 2 | I14: 0 | J14: 0 | K14: 0 | L14: 6 | M14: 0 | N14: 0 | O14: =SUM(C14:L14,N14) -> 15 | P14: =SUM(C14:N14) -> 15 | R14: 1100-1200 | S14: =SUM(C26:C29) -> 8 | T14: =SUM(D26:D29) -> 5 | U14: =SUM(E26:E29) -> 4 | V14: =SUM(F26:F29) -> 14 | W14: =SUM(G26:G29) -> 1 | X14: =SUM(H26:H29) -> 0 | Y14: =SUM(I26:I29) -> 2 | Z14: =SUM(J26:J29) -> 0 | ... AF14: =SUM(P26:P29) -> 77
B15: 08.15 - 08.30 | C15: 2 | D15: 1 | E15: 3 | F15: 3 | G15: 0 | H15: 0 | I15: 0 | J15: 0 | K15: 0 | L15: 3 | M15: 4 | N15: 0 | O15: =SUM(C15:L15,N15) -> 12 | P15: =SUM(C15:N15) -> 16 | R15: 1200-1300 | S15: =SUM(C30:C33) -> 6 | T15: =SUM(D30:D33) -> 9 | U15: =SUM(E30:E33) -> 1 | V15: =SUM(F30:F33) -> 11 | W15: =SUM(G30:G33) -> 1 | X15: =SUM(H30:H33) -> 0 | Y15: =SUM(I30:I33) -> 1 | Z15: =SUM(J30:J33) -> 4 | ... AF15: =SUM(P30:P33) -> 95
B16: 08.30 - 08.45 | C16: 2 | D16: 0 | E16: 0 | F16: 4 | G16: 0 | H16: 0 | I16: 0 | J16: 2 | K16: 0 | L16: 5 | M16: 5 | N16: 0 | O16: =SUM(C16:L16,N16) -> 13 | P16: =SUM(C16:N16) -> 18 | R16: 1300-1400 | S16: =SUM(C34:C37) -> 8 | T16: =SUM(D34:D37) -> 10 | U16: =SUM(E34:E37) -> 6 | V16: =SUM(F34:F37) -> 8 | W16: =SUM(G34:G37) -> 0 | X16: =SUM(H34:H37) -> 0 | Y16: =SUM(I34:I37) -> 3 | Z16: =SUM(J34:J37) -> 4 | ... AF16: =SUM(P34:P37) -> 92
B17: 08.45 - 9.00 | C17: 1 | D17: 4 | E17: 1 | F17: 2 | G17: 0 | H17: 0 | I17: 0 | J17: 0 | K17: 0 | L17: 8 | M17: 1 | N17: 0 | O17: =SUM(C17:L17,N17) -> 16 | P17: =SUM(C17:N17) -> 17 | R17: 1400-1500 | S17: =SUM(C38:C41) -> 11 | T17: =SUM(D38:D41) -> 4 | U17: =SUM(E38:E41) -> 3 | V17: =SUM(F38:F41) -> 19 | W17: =SUM(G38:G41) -> 0 | X17: =SUM(H38:H41) -> 0 | Y17: =SUM(I38:I41) -> 4 | Z17: =SUM(J38:J41) -> 7 | ... AF17: =SUM(P38:P41) -> 87
B18: 09.00 - 09.15 | C18: 0 | D18: 1 | E18: 0 | F18: 2 | G18: 0 | H18: 0 | I18: 0 | J18: 0 | K18: 0 | L18: 7 | M18: 2 | N18: 0 | O18: =SUM(C18:L18,N18) -> 10 | P18: =SUM(C18:N18) -> 12 | R18: 1500-1600 | S18: =SUM(C42:C45) -> 10 | T18: =SUM(D42:D45) -> 3 | U18: =SUM(E42:E45) -> 5 | V18: =SUM(F42:F45) -> 16 | W18: =SUM(G42:G45) -> 0 | X18: =SUM(H42:H45) -> 0 | Y18: =SUM(I42:I45) -> 0 | Z18: =SUM(J42:J45) -> 3 | ... AF18: =SUM(P42:P45) -> 95
B19: 09.15 - 09.30 | C19: 3 | D19: 1 | E19: 0 | F19: 4 | G19: 0 | H19: 0 | I19: 0 | J19: 0 | K19: 0 | L19: 7 | M19: 4 | N19: 0 | O19: =SUM(C19:L19,N19) -> 15 | P19: =SUM(C19:N19) -> 19 | R19: 1600-1700 | S19: =SUM(C46:C49) -> 5 | T19: =SUM(D46:D49) -> 7 | U19: =SUM(E46:E49) -> 0 | V19: =SUM(F46:F49) -> 10 | W19: =SUM(G46:G49) -> 0 | X19: =SUM(H46:H49) -> 0 | Y19: =SUM(I46:I49) -> 2 | Z19: =SUM(J46:J49) -> 2 | ... AF19: =SUM(P46:P49) -> 76
B20: 09.30 - 09.45 | C20: 0 | D20: 0 | E20: 0 | F20: 6 | G20: 0 | H20: 0 | I20: 1 | J20: 0 | K20: 0 | L20: 8 | M20: 4 | N20: 0 | O20: =SUM(C20:L20,N20) -> 15 | P20: =SUM(C20:N20) -> 19 | R20: 1700-1800 | S20: =SUM(C50:C53) -> 14 | T20: =SUM(D50:D53) -> 4 | U20: =SUM(E50:E53) -> 5 | V20: =SUM(F50:F53) -> 27 | W20: =SUM(G50:G53) -> 1 | X20: =SUM(H50:H53) -> 1 | Y20: =SUM(I50:I53) -> 12 | Z20: =SUM(J50:J53) -> 10 | ... AF20: =SUM(P50:P53) -> 119
B21: 09.45 - 10.00 | C21: 0 | D21: 0 | E21: 0 | F21: 3 | G21: 0 | H21: 0 | I21: 0 | J21: 0 | K21: 0 | L21: 6 | M21: 3 | N21: 0 | O21: =SUM(C21:L21,N21) -> 9 | P21: =SUM(C21:N21) -> 12 | R21: 1800-1900 | S21: =SUM(C54:C57) -> 13 | T21: =SUM(D54:D57) -> 9 | U21: =SUM(E54:E57) -> 7 | V21: =SUM(F54:F57) -> 37 | W21: =SUM(G54:G57) -> 0 | X21: =SUM(H54:H57) -> 0 | Y21: =SUM(I54:I57) -> 1 | Z21: =SUM(J54:J57) -> 13 | ... AF21: =SUM(P54:P57) -> 161
B22: 10.00 - 10.15 | C22: 2 | D22: 1 | E22: 1 | F22: 3 | G22: 0 | H22: 0 | I22: 0 | J22: 0 | K22: 0 | L22: 7 | M22: 7 | N22: 0 | O22: =SUM(C22:L22,N22) -> 14 | P22: =SUM(C22:N22) -> 21 | R22: 1900-2000 | S22: =SUM(C58:C61) -> 3 | T22: =SUM(D58:D61) -> 3 | U22: =SUM(E58:E61) -> 12 | V22: =SUM(F58:F61) -> 12 | W22: =SUM(G58:G61) -> 0 | X22: =SUM(H58:H61) -> 0 | Y22: =SUM(I58:I61) -> 2 | Z22: =SUM(J58:J61) -> 7 | ... AF22: =SUM(P58:P61) -> 126
B23: 10.15 - 10.30 | C23: 3 | D23: 0 | E23: 1 | F23: 5 | G23: 0 | H23: 1 | I23: 0 | J23: 0 | K23: 0 | L23: 11 | M23: 3 | N23: 0 | O23: =SUM(C23:L23,N23) -> 21 | P23: =SUM(C23:N23) -> 24 | R23: 2000-2100 | S23: =SUM(C62:C65) -> 3 | T23: =SUM(D62:D65) -> 4 | U23: =SUM(E62:E65) -> 2 | V23: =SUM(F62:F65) -> 5 | W23: =SUM(G62:G65) -> 0 | X23: =SUM(H62:H65) -> 0 | Y23: =SUM(I62:I65) -> 3 | Z23: =SUM(J62:J65) -> 5 | ... AF23: =SUM(P62:P65) -> 53
B24: 10.30 - 10.45 | C24: 11 | D24: 8 | E24: 0 | F24: 3 | G24: 0 | H24: 0 | I24: 0 | J24: 0 | K24: 0 | L24: 14 | M24: 7 | N24: 0 | O24: =SUM(C24:L24,N24) -> 36 | P24: =SUM(C24:N24) -> 43 | R24: 2100-2200 | S24: =SUM(C66:C69) -> 3 | T24: =SUM(D66:D69) -> 2 | U24: =SUM(E66:E69) -> 0 | V24: =SUM(F66:F69) -> 2 | W24: =SUM(G66:G69) -> 0 | X24: =SUM(H66:H69) -> 1 | Y24: =SUM(I66:I69) -> 0 | Z24: =SUM(J66:J69) -> 4 | ... AF24: =SUM(P66:P69) -> 52
B25: 10.45 - 11.00 | C25: 4 | D25: 6 | E25: 0 | F25: 1 | G25: 0 | H25: 0 | I25: 1 | J25: 0 | K25: 1 | L25: 9 | M25: 2 | N25: 0 | O25: =SUM(C25:L25,N25) -> 22 | P25: =SUM(C25:N25) -> 24 | R25: 2200-2300 | S25: =SUM(C70:C73) -> 2 | T25: =SUM(D70:D73) -> 0 | U25: =SUM(E70:E73) -> 0 | V25: =SUM(F70:F73) -> 0 | W25: =SUM(G70:G73) -> 0 | X25: =SUM(H70:H73) -> 0 | Y25: =SUM(I70:I73) -> 2 | Z25: =SUM(J70:J73) -> 17 | ... AF25: =SUM(P70:P73) -> 48
B26: 11.00 - 11.15 | C26: 6 | D26: 0 | E26: 1 | F26: 4 | G26: 0 | H26: 0 | I26: 1 | J26: 0 | K26: 0 | L26: 13 | M26: 4 | N26: 0 | O26: =SUM(C26:L26,N26) -> 25 | P26: =SUM(C26:N26) -> 29 | R26: 2300-0000 | S26: =SUM(C74:C77) -> 0 | T26: =SUM(D74:D77) -> 2 | U26: =SUM(E74:E77) -> 2 | V26: =SUM(F74:F77) -> 0 | W26: =SUM(G74:G77) -> 0 | X26: =SUM(H74:H77) -> 0 | Y26: =SUM(I74:I77) -> 0 | Z26: =SUM(J74:J77) -> 1 | ... AF26: =SUM(P74:P77) -> 30
B27: 11.15 - 11.30 | C27: 2 | D27: 1 | E27: 0 | F27: 4 | G27: 1 | H27: 0 | I27: 0 | J27: 0 | K27: 0 | L27: 7 | M27: 4 | N27: 0 | O27: =SUM(C27:L27,N27) -> 15 | P27: =SUM(C27:N27) -> 19 | R27: 0000-0100 | S27: =SUM(C78:C81) -> 0 | T27: =SUM(D78:D81) -> 1 | U27: =SUM(E78:E81) -> 0 | V27: =SUM(F78:F81) -> 0 | W27: =SUM(G78:G81) -> 0 | X27: =SUM(H78:H81) -> 0 | Y27: =SUM(I78:I81) -> 2 | Z27: =SUM(J78:J81) -> 4 | ... AF27: =SUM(P78:P81) -> 31
B28: 11.30 - 11.45 | C28: 0 | D28: 4 | E28: 3 | F28: 3 | G28: 0 | H28: 0 | I28: 1 | J28: 0 | K28: 0 | L28: 7 | M28: 1 | N28: 0 | O28: =SUM(C28:L28,N28) -> 18 | P28: =SUM(C28:N28) -> 19 | R28: 0100-0200 | S28: =SUM(C82:C85) -> 0 | T28: =SUM(D82:D85) -> 1 | U28: =SUM(E82:E85) -> 0 | V28: =SUM(F82:F85) -> 0 | W28: =SUM(G82:G85) -> 0 | X28: =SUM(H82:H85) -> 0 | Y28: =SUM(I82:I85) -> 0 | Z28: =SUM(J82:J85) -> 2 | ... AF28: =SUM(P82:P85) -> 19
B29: 11.45 - 12.00 | C29: 0 | D29: 0 | E29: 0 | F29: 3 | G29: 0 | H29: 0 | I29: 0 | J29: 0 | K29: 0 | L29: 4 | M29: 3 | N29: 0 | O29: =SUM(C29:L29,N29) -> 7 | P29: =SUM(C29:N29) -> 10 | R29: 0200-0300 | S29: =SUM(C86:C89) -> 0 | T29: =SUM(D86:D89) -> 1 | U29: =SUM(E86:E89) -> 0 | V29: =SUM(F86:F89) -> 0 | W29: =SUM(G86:G89) -> 0 | X29: =SUM(H86:H89) -> 1 | Y29: =SUM(I86:I89) -> 0 | Z29: =SUM(J86:J89) -> 0 | ... AF29: =SUM(P86:P89) -> 31
B30: 12.00 - 12.15 | C30: 2 | D30: 4 | E30: 0 | F30: 3 | G30: 0 | H30: 0 | I30: 1 | J30: 2 | K30: 1 | L30: 5 | M30: 1 | N30: 0 | O30: =SUM(C30:L30,N30) -> 18 | P30: =SUM(C30:N30) -> 19 | R30: 0300-0400 | S30: =SUM(C90:C93) -> 2 | T30: =SUM(D90:D93) -> 1 | U30: =SUM(E90:E93) -> 0 | V30: =SUM(F90:F93) -> 2 | W30: =SUM(G90:G93) -> 0 | X30: =SUM(H90:H93) -> 0 | Y30: =SUM(I90:I93) -> 0 | Z30: =SUM(J90:J93) -> 2 | ... AF30: =SUM(P90:P93) -> 29
B31: 12.15 - 12.30 | C31: 2 | D31: 2 | E31: 0 | F31: 1 | G31: 0 | H31: 0 | I31: 0 | J31: 1 | K31: 0 | L31: 16 | M31: 4 | N31: 0 | O31: =SUM(C31:L31,N31) -> 22 | P31: =SUM(C31:N31) -> 26 | R31: 0400-0500 | S31: =SUM(C94:C97) -> 0 | T31: =SUM(D94:D97) -> 0 | U31: =SUM(E94:E97) -> 0 | V31: =SUM(F94:F97) -> 2 | W31: =SUM(G94:G97) -> 0 | X31: =SUM(H94:H97) -> 1 | Y31: =SUM(I94:I97) -> 0 | Z31: =SUM(J94:J97) -> 1 | ... AF31: =SUM(P94:P97) -> 29
B32: 12.30 - 12.45 | C32: 1 | D32: 1 | E32: 1 | F32: 2 | G32: 1 | H32: 0 | I32: 0 | J32: 1 | K32: 0 | L32: 14 | M32: 7 | N32: 0 | O32: =SUM(C32:L32,N32) -> 21 | P32: =SUM(C32:N32) -> 28 | R32: 0500-0600 | S32: =SUM(C98:C101) -> 2 | T32: =SUM(D98:D101) -> 2 | U32: =SUM(E98:E101) -> 0 | V32: =SUM(F98:F101) -> 1 | W32: =SUM(G98:G101) -> 0 | X32: =SUM(H98:H101) -> 3 | Y32: =SUM(I98:I101) -> 0 | Z32: =SUM(J98:J101) -> 6 | ... AF32: =SUM(P98:P101) -> 46
B33: 12.45 - 13.00 | C33: 1 | D33: 2 | E33: 0 | F33: 5 | G33: 0 | H33: 0 | I33: 0 | J33: 0 | K33: 0 | L33: 10 | M33: 4 | N33: 0 | O33: =SUM(C33:L33,N33) -> 18 | P33: =SUM(C33:N33) -> 22 | R33: 0600-0700 | S33: =SUM(C102:C105) -> 4 | T33: =SUM(D102:D105) -> 0 | U33: =SUM(E102:E105) -> 2 | V33: =SUM(F102:F105) -> 7 | W33: =SUM(G102:G105) -> 0 | X33: =SUM(H102:H105) -> 1 | Y33: =SUM(I102:I105) -> 1 | Z33: =SUM(J102:J105) -> 4 | ... AF33: =SUM(P102:P105) -> 81
B34: 13.00 - 13.15 | C34: 2 | D34: 2 | E34: 1 | F34: 1 | G34: 0 | H34: 0 | I34: 0 | J34: 0 | K34: 0 | L34: 9 | M34: 4 | N34: 0 | O34: =SUM(C34:L34,N34) -> 15 | P34: =SUM(C34:N34) -> 19 | R34: AM Peak Hr | S34: =MAX(S10:S12) -> 7 | T34: =MAX(T10:T12) -> 8 | U34: =MAX(U10:U12) -> 5 | V34: =MAX(V10:V12) -> 15 | W34: =MAX(W10:W12) -> 2 | X34: =MAX(X10:X12) -> 2 | Y34: =MAX(Y10:Y12) -> 1 | Z34: =MAX(Z10:Z12) -> 2 | ... AF34: =MAX(AF10:AF12) -> 66
B35: 13.15 - 13.30 | C35: 1 | D35: 4 | E35: 0 | F35: 2 | G35: 0 | H35: 0 | I35: 2 | J35: 0 | K35: 1 | L35: 9 | M35: 2 | N35: 0 | O35: =SUM(C35:L35,N35) -> 19 | P35: =SUM(C35:N35) -> 21 | R35: IP Peak Hr | S35: =MAX(S13:S18) -> 20 | T35: =MAX(T13:T18) -> 15 | U35: =MAX(U13:U18) -> 6 | V35: =MAX(V13:V18) -> 19 | W35: =MAX(W13:W18) -> 1 | X35: =MAX(X13:X18) -> 1 | Y35: =MAX(Y13:Y18) -> 4 | Z35: =MAX(Z13:Z18) -> 7 | ... AF35: =MAX(AF13:AF18) -> 112
B36: 13.30 - 13.45 | C36: 3 | D36: 1 | E36: 3 | F36: 3 | G36: 0 | H36: 0 | I36: 1 | J36: 2 | K36: 0 | L36: 7 | M36: 7 | N36: 0 | O36: =SUM(C36:L36,N36) -> 20 | P36: =SUM(C36:N36) -> 27 | R36: PM Peak Hr | S36: =MAX(S19:S21) -> 14 | T36: =MAX(T19:T21) -> 9 | U36: =MAX(U19:U21) -> 7 | V36: =MAX(V19:V21) -> 37 | W36: =MAX(W19:W21) -> 1 | X36: =MAX(X19:X21) -> 1 | Y36: =MAX(Y19:Y21) -> 12 | Z36: =MAX(Z19:Z21) -> 13 | ... AF36: =MAX(AF19:AF21) -> 161
B37: 13.45 - 14.00 | C37: 2 | D37: 3 | E37: 2 | F37: 2 | G37: 0 | H37: 0 | I37: 0 | J37: 2 | K37: 0 | L37: 10 | M37: 4 | N37: 0 | O37: =SUM(C37:L37,N37) -> 21 | P37: =SUM(C37:N37) -> 25 | R37: AM Period | S37: =SUM(S10:S12) -> 11 | T37: =SUM(T10:T12) -> 11 | U37: =SUM(U10:U12) -> 6 | V37: =SUM(V10:V12) -> 33 | W37: =SUM(W10:W12) -> 2 | X37: =SUM(X10:X12) -> 2 | Y37: =SUM(Y10:Y12) -> 1 | Z37: =SUM(Z10:Z12) -> 3 | ... AF37: =SUM(AF10:AF12) -> 167
B38: 14.00 - 14.15 | C38: 3 | D38: 1 | E38: 1 | F38: 7 | G38: 0 | H38: 0 | I38: 1 | J38: 3 | K38: 2 | L38: 5 | M38: 4 | N38: 0 | O38: =SUM(C38:L38,N38) -> 23 | P38: =SUM(C38:N38) -> 27 | R38: IP Period | S38: =SUM(S13:S18) -> 63 | T38: =SUM(T13:T18) -> 46 | U38: =SUM(U13:U18) -> 21 | V38: =SUM(V13:V18) -> 80 | W38: =SUM(W13:W18) -> 2 | X38: =SUM(X13:X18) -> 1 | Y38: =SUM(Y13:Y18) -> 11 | Z38: =SUM(Z13:Z18) -> 18 | ... AF38: =SUM(AF13:AF18) -> 558
B39: 14.15 - 14.30 | C39: 4 | D39: 1 | E39: 1 | F39: 6 | G39: 0 | H39: 0 | I39: 0 | J39: 2 | K39: 0 | L39: 6 | M39: 4 | N39: 0 | O39: =SUM(C39:L39,N39) -> 20 | P39: =SUM(C39:N39) -> 24 | R39: PM Period | S39: =SUM(S19:S21) -> 32 | T39: =SUM(T19:T21) -> 20 | U39: =SUM(U19:U21) -> 12 | V39: =SUM(V19:V21) -> 74 | W39: =SUM(W19:W21) -> 1 | X39: =SUM(X19:X21) -> 1 | Y39: =SUM(Y19:Y21) -> 15 | Z39: =SUM(Z19:Z21) -> 25 | ... AF39: =SUM(AF19:AF21) -> 356
B40: 14.30 - 14.45 | C40: 2 | D40: 2 | E40: 1 | F40: 4 | G40: 0 | H40: 0 | I40: 1 | J40: 1 | K40: 0 | L40: 4 | M40: 3 | N40: 0 | O40: =SUM(C40:L40,N40) -> 15 | P40: =SUM(C40:N40) -> 18 | R40: 12 Hours | S40: =SUM(S10:S21) -> 106 | T40: =SUM(T10:T21) -> 77 | U40: =SUM(U10:U21) -> 39 | V40: =SUM(V10:V21) -> 187 | W40: =SUM(W10:W21) -> 5 | X40: =SUM(X10:X21) -> 4 | Y40: =SUM(Y10:Y21) -> 27 | Z40: =SUM(Z10:Z21) -> 46 | ... AF40: =SUM(AF10:AF21) -> 1081
B41: 14.45 - 15.00 | C41: 2 | D41: 0 | E41: 0 | F41: 2 | G41: 0 | H41: 0 | I41: 2 | J41: 1 | K41: 0 | L41: 6 | M41: 5 | N41: 0 | O41: =SUM(C41:L41,N41) -> 13 | P41: =SUM(C41:N41) -> 18 | R41: 24 Hrs/ADT | S41: =SUM(S10:S33) -> 125 | T41: =SUM(T10:T33) -> 94 | U41: =SUM(U10:U33) -> 57 | V41: =SUM(V10:V33) -> 218 | W41: =SUM(W10:W33) -> 5 | X41: =SUM(X10:X33) -> 11 | Y41: =SUM(Y10:Y33) -> 37 | Z41: =SUM(Z10:Z33) -> 99 | ... AF41: =SUM(AF10:AF33) -> 1656
B42: 15.00 - 15.15 | C42: 4 | D42: 2 | E42: 0 | F42: 3 | G42: 0 | H42: 0 | I42: 0 | J42: 0 | K42: 0 | L42: 10 | M42: 3 | N42: 0 | O42: =SUM(C42:L42,N42) -> 19 | P42: =SUM(C42:N42) -> 22 | R42: NEF | S42: =S41/S40 -> 1.1792453 | T42: =T41/T40 -> 1.2207792 | U42: =U41/U40 -> 1.4615385 | V42: =V41/V40 -> 1.1657754 | W42: =W41/W40 -> 1 | X42: =X41/X40 -> 2.75 | Y42: =Y41/Y40 -> 1.3703704 | Z42: =Z41/Z40 -> 2.1521739 | ... AF42: =AF41/AF40 -> 1.5319149
B43: 15.15 - 15.30 | C43: 0 | D43: 0 | E43: 3 | F43: 5 | G43: 0 | H43: 0 | I43: 0 | J43: 1 | K43: 2 | L43: 11 | M43: 3 | N43: 0 | O43: =SUM(C43:L43,N43) -> 22 | P43: =SUM(C43:N43) -> 25
B44: 15.30 - 15.45 | C44: 2 | D44: 1 | E44: 2 | F44: 2 | G44: 0 | H44: 0 | I44: 0 | J44: 1 | K44: 1 | L44: 10 | M44: 7 | N44: 0 | O44: =SUM(C44:L44,N44) -> 19 | P44: =SUM(C44:N44) -> 26
B45: 15.45 - 16.00 | C45: 4 | D45: 0 | E45: 0 | F45: 6 | G45: 0 | H45: 0 | I45: 0 | J45: 1 | K45: 0 | L45: 7 | M45: 4 | N45: 0 | O45: =SUM(C45:L45,N45) -> 18 | P45: =SUM(C45:N45) -> 22
B46: 16.00 - 16.15 | C46: 1 | D46: 5 | E46: 0 | F46: 6 | G46: 0 | H46: 0 | I46: 0 | J46: 1 | K46: 1 | L46: 16 | M46: 5 | N46: 0 | O46: =SUM(C46:L46,N46) -> 30 | P46: =SUM(C46:N46) -> 35
B47: 16.15 -16.30 | C47: 1 | D47: 2 | E47: 0 | F47: 1 | G47: 0 | H47: 0 | I47: 0 | J47: 0 | K47: 2 | L47: 4 | M47: 3 | N47: 0 | O47: =SUM(C47:L47,N47) -> 10 | P47: =SUM(C47:N47) -> 13
B48: 16.30 -16.45 | C48: 2 | D48: 0 | E48: 0 | F48: 1 | G48: 0 | H48: 0 | I48: 2 | J48: 1 | K48: 0 | L48: 7 | M48: 3 | N48: 0 | O48: =SUM(C48:L48,N48) -> 13 | P48: =SUM(C48:N48) -> 16
B49: 16.45 -17.00 | C49: 1 | D49: 0 | E49: 0 | F49: 2 | G49: 0 | H49: 0 | I49: 0 | J49: 0 | K49: 0 | L49: 5 | M49: 4 | N49: 0 | O49: =SUM(C49:L49,N49) -> 8 | P49: =SUM(C49:N49) -> 12
B50: 17.00 -17.15 | C50: 3 | D50: 1 | E50: 1 | F50: 10 | G50: 1 | H50: 1 | I50: 0 | J50: 7 | K50: 2 | L50: 10 | M50: 0 | N50: 0 | O50: =SUM(C50:L50,N50) -> 36 | P50: =SUM(C50:N50) -> 36
B51: 17.15 -17.30 | C51: 2 | D51: 0 | E51: 1 | F51: 9 | G51: 0 | H51: 0 | I51: 3 | J51: 2 | K51: 1 | L51: 9 | M51: 0 | N51: 0 | O51: =SUM(C51:L51,N51) -> 27 | P51: =SUM(C51:N51) -> 27
B52: 17.30 -17.45 | C52: 8 | D52: 2 | E52: 3 | F52: 3 | G52: 0 | H52: 0 | I52: 8 | J52: 1 | K52: 0 | L52: 15 | M52: 0 | N52: 0 | O52: =SUM(C52:L52,N52) -> 40 | P52: =SUM(C52:N52) -> 40
B53: 17.45 -18.00 | C53: 1 | D53: 1 | E53: 0 | F53: 5 | G53: 0 | H53: 0 | I53: 1 | J53: 0 | K53: 0 | L53: 8 | M53: 0 | N53: 0 | O53: =SUM(C53:L53,N53) -> 16 | P53: =SUM(C53:N53) -> 16
B54: 18.00 - 18.15 | C54: 2 | D54: 3 | E54: 3 | F54: 10 | G54: 0 | H54: 0 | I54: 1 | J54: 0 | K54: 0 | L54: 13 | M54: 10 | N54: 0 | O54: =SUM(C54:L54,N54) -> 32 | P54: =SUM(C54:N54) -> 42
... B105: 06.45 - 07.00 | C105: 3 | D105: 0 | E105: 2 | F105: 4 | G105: 0 | H105: 0 | I105: 0 | J105: 0 | K105: 0 | L105: 9 | M105: 0 | N105: 0 | O105: =SUM(C105:L105,N105) -> 18 | P105: =SUM(C105:N105) -> 18
B106: Totals | C106: =SUM(C10:C105) -> 125 | D106: =SUM(D10:D105) -> 94 | E106: =SUM(E10:E105) -> 57 | F106: =SUM(F10:F105) -> 218 | G106: =SUM(G10:G105) -> 5 | H106: =SUM(H10:H105) -> 11 | I106: =SUM(I10:I105) -> 37 | J106: =SUM(J10:J105) -> 99 | ... P106: =SUM(P10:P105) -> 1656
B107: %ges + MCs | C107: =C106/$P$106 -> 0.075483092 | D107: =D106/$P$106 -> 0.056763285 | E107: =E106/$P$106 -> 0.03442029 | F107: =F106/$P$106 -> 0.13164251 | G107: =G106/$P$106 -> 0.0030193237 | H107: =H106/$P$106 -> 0.0066425121 | I107: =I106/$P$106 -> 0.022342995 | J107: =J106/$P$106 -> 0.059782609 | ... N107: =N106/$P$106 -> 0
B108: %ges w/o MCs | C108: =C106/$O$106 -> 0.084745763 | D108: =D106/$O$106 -> 0.063728814 | E108: =E106/$O$106 -> 0.038644068 | F108: =F106/$O$106 -> 0.14779661 | G108: =G106/$O$106 -> 0.0033898305 | H108: =H106/$O$106 -> 0.0074576271 | I108: =I106/$O$106 -> 0.025084746 | J108: =J106/$O$106 -> 0.067118644 | ... L108: =L106/$O$106 -> 0.54033898 | N108: =N106/$O$106 -> 0

Sheet 28.08 BUSITEMA-TORORO
B1: Consultancy services for Preparation of Expressway Development Master Plan (EDMP) for Uganda
B2: MANUAL CLASSIFIED COUNT (MCC)
B3: ROAD NAME: | C3: ='22.08 TORORO-BUSITEMA'!C3:G3 -> TORORO TO BUSITEMA
C5: Date | D5: 28.08.19 | F5: Location | G5: ='27.08 BUSITEMA-TORORO-24h'!G5:H5 -> STATION 98 | J5: Surveyor | K5: ='27.08 BUSITEMA-TORORO-24h'!K5:L5 -> RWOTHOMIYO NORMAN
C6: Dir. From | D6: ='22.08 TORORO-BUSITEMA'!D6:E6 -> TORORO | F6: Dir. To | G6: ='22.08 TORORO-BUSITEMA'!G6:H6 -> BUSITEMA | J6: Supervisor | K6: ='27.08 BUSITEMA-TORORO-24h'!K6:L6 -> IVAN
B8: Time / Veh Type | R8: SUMMARY TRAFFIC VOLUMES
C9: 1. Car | D9: 2. Station Wagon | E9: 3. Pickups | F9: 4. Minibus, matatu | G9: 5. Medium bus | H9: 6. Large Bus | I9: 7. Light Truck | J9: 8. Medium Truck | K9: 9. Heavy truck | L9: 10. Truck Trailer | M9: 11. Motor cycles | N9: 12. Tractors | O9: Total Excl M/Cycles | P9: Total All | R9: Time | S9: 1. Car | T9: 2. Station Wagon | U9: 3. Pickups | V9: 4. Minibus, matatu | W9: 5. Medium bus | X9: 6. Large Bus | Y9: 7. Light Truck | Z9: 8. Medium Truck | AA9: 9. Heavy truck | AB9: 10. Truck Trailer | AC9: 11. Motorcycles | AD9: 12. Tractors, Graders | AE9: Total Excl M/ Cycles | AF9: Total All
B10: 07.00 - 07.15 | C10: 0 | D10: 0 | E10: 0 | F10: 2 | G10: 0 | H10: 0 | I10: 0 | J10: 0 | K10: 0 | L10: 4 | M10: 3 | N10: 1 | O10: =SUM(C10:L10,N10) -> 7 | P10: =SUM(C10:N10) -> 10 | R10: 0700-0800 | S10: =SUM(C10:C13) -> 1 | T10: =SUM(D10:D13) -> 0 | U10: =SUM(E10:E13) -> 0 | V10: =SUM(F10:F13) -> 6 | W10: =SUM(G10:G13) -> 0 | X10: =SUM(H10:H13) -> 0 | Y10: =SUM(I10:I13) -> 0 | Z10: =SUM(J10:J13) -> 0 | ... AF10: =SUM(P10:P13) -> 37
B11: 07.15 - 07.30 | C11: 1 | D11: 0 | E11: 0 | F11: 1 | G11: 0 | H11: 0 | I11: 0 | J11: 0 | K11: 0 | L11: 5 | M11: 2 | N11: 0 | O11: =SUM(C11:L11,N11) -> 7 | P11: =SUM(C11:N11) -> 9 | R11: 0800-0900 | S11: =SUM(C14:C17) -> 15 | T11: =SUM(D14:D17) -> 17 | U11: =SUM(E14:E17) -> 4 | V11: =SUM(F14:F17) -> 28 | W11: =SUM(G14:G17) -> 1 | X11: =SUM(H14:H17) -> 0 | Y11: =SUM(I14:I17) -> 0 | Z11: =SUM(J14:J17) -> 3 | ... AF11: =SUM(P14:P17) -> 145
B12: 07.30 - 07.45 | C12: 0 | D12: 0 | E12: 0 | F12: 1 | G12: 0 | H12: 0 | I12: 0 | J12: 0 | K12: 0 | L12: 13 | M12: 1 | N12: 0 | O12: =SUM(C12:L12,N12) -> 14 | P12: =SUM(C12:N12) -> 15 | R12: 0900-1000 | S12: =SUM(C18:C21) -> 2 | T12: =SUM(D18:D21) -> 10 | U12: =SUM(E18:E21) -> 11 | V12: =SUM(F18:F21) -> 12 | W12: =SUM(G18:G21) -> 0 | X12: =SUM(H18:H21) -> 0 | Y12: =SUM(I18:I21) -> 0 | Z12: =SUM(J18:J21) -> 0 | ... AF12: =SUM(P18:P21) -> 89
B13: 07.45 - 08.00 | C13: 0 | D13: 0 | E13: 0 | F13: 2 | G13: 0 | H13: 0 | I13: 0 | J13: 0 | K13: 0 | L13: 1 | M13: 0 | N13: 0 | O13: =SUM(C13:L13,N13) -> 3 | P13: =SUM(C13:N13) -> 3 | R13: 1000-1100 | S13: =SUM(C22:C25) -> 5 | T13: =SUM(D22:D25) -> 4 | U13: =SUM(E22:E25) -> 3 | V13: =SUM(F22:F25) -> 18 | W13: =SUM(G22:G25) -> 0 | X13: =SUM(H22:H25) -> 0 | Y13: =SUM(I22:I25) -> 3 | Z13: =SUM(J22:J25) -> 3 | ... AF13: =SUM(P22:P25) -> 77
B14: 08.00 - 08.15 | C14: 1 | D14: 3 | E14: 1 | F14: 0 | G14: 0 | H14: 0 | I14: 0 | J14: 0 | K14: 0 | L14: 3 | M14: 0 | N14: 1 | O14: =SUM(C14:L14,N14) -> 9 | P14: =SUM(C14:N14) -> 9 | R14: 1100-1200 | S14: =SUM(C26:C29) -> 4 | T14: =SUM(D26:D29) -> 8 | U14: =SUM(E26:E29) -> 2 | V14: =SUM(F26:F29) -> 22 | W14: =SUM(G26:G29) -> 0 | X14: =SUM(H26:H29) -> 0 | Y14: =SUM(I26:I29) -> 1 | Z14: =SUM(J26:J29) -> 0 | ... AF14: =SUM(P26:P29) -> 95
B15: 08.15 - 08.30 | C15: 5 | D15: 2 | E15: 0 | F15: 5 | G15: 0 | H15: 0 | I15: 0 | J15: 0 | K15: 0 | L15: 3 | M15: 12 | N15: 0 | O15: =SUM(C15:L15,N15) -> 15 | P15: =SUM(C15:N15) -> 27 | R15: 1200-1300 | S15: =SUM(C30:C33) -> 7 | T15: =SUM(D30:D33) -> 17 | U15: =SUM(E30:E33) -> 10 | V15: =SUM(F30:F33) -> 29 | W15: =SUM(G30:G33) -> 0 | X15: =SUM(H30:H33) -> 0 | Y15: =SUM(I30:I33) -> 5 | Z15: =SUM(J30:J33) -> 4 | ... AF15: =SUM(P30:P33) -> 138
B16: 08.30 - 08.45 | C16: 8 | D16: 4 | E16: 0 | F16: 9 | G16: 0 | H16: 0 | I16: 0 | J16: 3 | K16: 2 | L16: 13 | M16: 15 | N16: 0 | O16: =SUM(C16:L16,N16) -> 39 | P16: =SUM(C16:N16) -> 54 | R16: 1300-1400 | S16: =SUM(C34:C37) -> 7 | T16: =SUM(D34:D37) -> 6 | U16: =SUM(E34:E37) -> 8 | V16: =SUM(F34:F37) -> 16 | W16: =SUM(G34:G37) -> 0 | X16: =SUM(H34:H37) -> 0 | Y16: =SUM(I34:I37) -> 6 | Z16: =SUM(J34:J37) -> 0 | ... AF16: =SUM(P34:P37) -> 124
B17: 08.45 - 9.00 | C17: 1 | D17: 8 | E17: 3 | F17: 14 | G17: 1 | H17: 0 | I17: 0 | J17: 0 | K17: 1 | L17: 19 | M17: 8 | N17: 0 | O17: =SUM(C17:L17,N17) -> 47 | P17: =SUM(C17:N17) -> 55 | R17: 1400-1500 | S17: =SUM(C38:C41) -> 3 | T17: =SUM(D38:D41) -> 10 | U17: =SUM(E38:E41) -> 7 | V17: =SUM(F38:F41) -> 16 | W17: =SUM(G38:G41) -> 0 | X17: =SUM(H38:H41) -> 0 | Y17: =SUM(I38:I41) -> 4 | Z17: =SUM(J38:J41) -> 2 | ... AF17: =SUM(P38:P41) -> 122
B18: 09.00 - 09.15 | C18: 0 | D18: 0 | E18: 0 | F18: 5 | G18: 0 | H18: 0 | I18: 0 | J18: 0 | K18: 0 | L18: 9 | M18: 15 | N18: 0 | O18: =SUM(C18:L18,N18) -> 14 | P18: =SUM(C18:N18) -> 29 | R18: 1500-1600 | S18: =SUM(C42:C45) -> 7 | T18: =SUM(D42:D45) -> 6 | U18: =SUM(E42:E45) -> 9 | V18: =SUM(F42:F45) -> 25 | W18: =SUM(G42:G45) -> 0 | X18: =SUM(H42:H45) -> 0 | Y18: =SUM(I42:I45) -> 5 | Z18: =SUM(J42:J45) -> 0 | ... AF18: =SUM(P42:P45) -> 141
B19: 09.15 - 09.30 | C19: 2 | D19: 4 | E19: 6 | F19: 4 | G19: 0 | H19: 0 | I19: 0 | J19: 0 | K19: 0 | L19: 8 | M19: 7 | N19: 0 | O19: =SUM(C19:L19,N19) -> 24 | P19: =SUM(C19:N19) -> 31 | R19: 1600-1700 | S19: =SUM(C46:C49) -> 10 | T19: =SUM(D46:D49) -> 7 | U19: =SUM(E46:E49) -> 7 | V19: =SUM(F46:F49) -> 19 | W19: =SUM(G46:G49) -> 0 | X19: =SUM(H46:H49) -> 0 | Y19: =SUM(I46:I49) -> 5 | Z19: =SUM(J46:J49) -> 0 | ... AF19: =SUM(P46:P49) -> 105
B20: 09.30 - 09.45 | C20: 0 | D20: 3 | E20: 3 | F20: 1 | G20: 0 | H20: 0 | I20: 0 | J20: 0 | K20: 0 | L20: 9 | M20: 1 | N20: 0 | O20: =SUM(C20:L20,N20) -> 16 | P20: =SUM(C20:N20) -> 17 | R20: 1700-1800 | S20: =SUM(C50:C53) -> 10 | T20: =SUM(D50:D53) -> 14 | U20: =SUM(E50:E53) -> 5 | V20: =SUM(F50:F53) -> 10 | W20: =SUM(G50:G53) -> 0 | X20: =SUM(H50:H53) -> 0 | Y20: =SUM(I50:I53) -> 4 | Z20: =SUM(J50:J53) -> 0 | ... AF20: =SUM(P50:P53) -> 126
B21: 09.45 - 10.00 | C21: 0 | D21: 3 | E21: 2 | F21: 2 | G21: 0 | H21: 0 | I21: 0 | J21: 0 | K21: 0 | L21: 2 | M21: 3 | N21: 0 | O21: =SUM(C21:L21,N21) -> 9 | P21: =SUM(C21:N21) -> 12 | R21: 1800-1900 | S21: =SUM(C54:C57) -> 6 | T21: =SUM(D54:D57) -> 7 | U21: =SUM(E54:E57) -> 11 | V21: =SUM(F54:F57) -> 12 | W21: =SUM(G54:G57) -> 0 | X21: =SUM(H54:H57) -> 0 | Y21: =SUM(I54:I57) -> 5 | Z21: =SUM(J54:J57) -> 1 | ... AF21: =SUM(P54:P57) -> 102
B22: 10.00 - 10.15 | C22: 2 | D22: 0 | E22: 1 | F22: 6 | G22: 0 | H22: 0 | I22: 1 | J22: 0 | K22: 2 | L22: 8 | M22: 2 | N22: 0 | O22: =SUM(C22:L22,N22) -> 20 | P22: =SUM(C22:N22) -> 22 | R22: AM Peak Hr | S22: =MAX(S10:S12) -> 15 | T22: =MAX(T10:T12) -> 17 | U22: =MAX(U10:U12) -> 11 | V22: =MAX(V10:V12) -> 28 | W22: =MAX(W10:W12) -> 1 | X22: =MAX(X10:X12) -> 0 | Y22: =MAX(Y10:Y12) -> 0 | Z22: =MAX(Z10:Z12) -> 3 | ... AF22: =MAX(AF10:AF12) -> 145
B23: 10.15 - 10.30 | C23: 0 | D23: 0 | E23: 0 | F23: 3 | G23: 0 | H23: 0 | I23: 0 | J23: 0 | K23: 0 | L23: 4 | M23: 4 | N23: 0 | O23: =SUM(C23:L23,N23) -> 7 | P23: =SUM(C23:N23) -> 11 | R23: IP Peak Hr | S23: =MAX(S13:S18) -> 7 | T23: =MAX(T13:T18) -> 17 | U23: =MAX(U13:U18) -> 10 | V23: =MAX(V13:V18) -> 29 | W23: =MAX(W13:W18) -> 0 | X23: =MAX(X13:X18) -> 0 | Y23: =MAX(Y13:Y18) -> 6 | Z23: =MAX(Z13:Z18) -> 4 | ... AF23: =MAX(AF13:AF18) -> 141
B24: 10.30 - 10.45 | C24: 1 | D24: 3 | E24: 1 | F24: 4 | G24: 0 | H24: 0 | I24: 0 | J24: 1 | K24: 0 | L24: 8 | M24: 6 | N24: 0 | O24: =SUM(C24:L24,N24) -> 18 | P24: =SUM(C24:N24) -> 24 | R24: PM Peak Hr | S24: =MAX(S19:S21) -> 10 | T24: =MAX(T19:T21) -> 14 | U24: =MAX(U19:U21) -> 11 | V24: =MAX(V19:V21) -> 19 | W24: =MAX(W19:W21) -> 0 | X24: =MAX(X19:X21) -> 0 | Y24: =MAX(Y19:Y21) -> 5 | Z24: =MAX(Z19:Z21) -> 1 | ... AF24: =MAX(AF19:AF21) -> 126
B25: 10.45 - 11.00 | C25: 2 | D25: 1 | E25: 1 | F25: 5 | G25: 0 | H25: 0 | I25: 2 | J25: 2 | K25: 0 | L25: 4 | M25: 3 | N25: 0 | O25: =SUM(C25:L25,N25) -> 17 | P25: =SUM(C25:N25) -> 20 | R25: AM Period | S25: =SUM(S10:S12) -> 18 | T25: =SUM(T10:T12) -> 27 | U25: =SUM(U10:U12) -> 15 | V25: =SUM(V10:V12) -> 46 | W25: =SUM(W10:W12) -> 1 | X25: =SUM(X10:X12) -> 0 | Y25: =SUM(Y10:Y12) -> 0 | Z25: =SUM(Z10:Z12) -> 3 | ... AF25: =SUM(AF10:AF12) -> 271
B26: 11.00 - 11.15 | C26: 1 | D26: 2 | E26: 0 | F26: 1 | G26: 0 | H26: 0 | I26: 0 | J26: 0 | K26: 0 | L26: 5 | M26: 3 | N26: 0 | O26: =SUM(C26:L26,N26) -> 9 | P26: =SUM(C26:N26) -> 12 | R26: IP Period | S26: =SUM(S13:S18) -> 33 | T26: =SUM(T13:T18) -> 51 | U26: =SUM(U13:U18) -> 39 | V26: =SUM(V13:V18) -> 126 | W26: =SUM(W13:W18) -> 0 | X26: =SUM(X13:X18) -> 0 | Y26: =SUM(Y13:Y18) -> 24 | Z26: =SUM(Z13:Z18) -> 9 | ... AF26: =SUM(AF13:AF18) -> 697
B27: 11.15 - 11.30 | C27: 1 | D27: 0 | E27: 0 | F27: 3 | G27: 0 | H27: 0 | I27: 1 | J27: 0 | K27: 0 | L27: 7 | M27: 5 | N27: 0 | O27: =SUM(C27:L27,N27) -> 12 | P27: =SUM(C27:N27) -> 17 | R27: PM Period | S27: =SUM(S19:S21) -> 26 | T27: =SUM(T19:T21) -> 28 | U27: =SUM(U19:U21) -> 23 | V27: =SUM(V19:V21) -> 41 | W27: =SUM(W19:W21) -> 0 | X27: =SUM(X19:X21) -> 0 | Y27: =SUM(Y19:Y21) -> 14 | Z27: =SUM(Z19:Z21) -> 1 | ... AF27: =SUM(AF19:AF21) -> 333
B28: 11.30 - 11.45 | C28: 2 | D28: 1 | E28: 0 | F28: 7 | G28: 0 | H28: 0 | I28: 0 | J28: 0 | K28: 3 | L28: 13 | M28: 4 | N28: 0 | O28: =SUM(C28:L28,N28) -> 26 | P28: =SUM(C28:N28) -> 30 | R28: 12 Hours | S28: =SUM(S10:S21) -> 77 | T28: =SUM(T10:T21) -> 106 | U28: =SUM(U10:U21) -> 77 | V28: =SUM(V10:V21) -> 213 | W28: =SUM(W10:W21) -> 1 | X28: =SUM(X10:X21) -> 0 | Y28: =SUM(Y10:Y21) -> 38 | Z28: =SUM(Z10:Z21) -> 13 | ... AF28: =SUM(AF10:AF21) -> 1301
B29: 11.45 - 12.00 | C29: 0 | D29: 5 | E29: 2 | F29: 11 | G29: 0 | H29: 0 | I29: 0 | J29: 0 | K29: 0 | L29: 10 | M29: 8 | N29: 0 | O29: =SUM(C29:L29,N29) -> 28 | P29: =SUM(C29:N29) -> 36
B30: 12.00 - 12.15 | C30: 1 | D30: 0 | E30: 3 | F30: 8 | G30: 0 | H30: 0 | I30: 0 | J30: 1 | K30: 0 | L30: 14 | M30: 3 | N30: 0 | O30: =SUM(C30:L30,N30) -> 27 | P30: =SUM(C30:N30) -> 30
B31: 12.15 - 12.30 | C31: 4 | D31: 1 | E31: 1 | F31: 13 | G31: 0 | H31: 0 | I31: 0 | J31: 0 | K31: 0 | L31: 9 | M31: 0 | N31: 0 | O31: =SUM(C31:L31,N31) -> 28 | P31: =SUM(C31:N31) -> 28
B32: 12.30 - 12.45 | C32: 2 | D32: 15 | E32: 2 | F32: 3 | G32: 0 | H32: 0 | I32: 5 | J32: 0 | K32: 0 | L32: 4 | M32: 11 | N32: 0 | O32: =SUM(C32:L32,N32) -> 31 | P32: =SUM(C32:N32) -> 42
B33: 12.45 - 13.00 | C33: 0 | D33: 1 | E33: 4 | F33: 5 | G33: 0 | H33: 0 | I33: 0 | J33: 3 | K33: 19 | L33: 6 | M33: 0 | N33: 0 | O33: =SUM(C33:L33,N33) -> 38 | P33: =SUM(C33:N33) -> 38
B34: 13.00 - 13.15 | C34: 3 | D34: 5 | E34: 3 | F34: 7 | G34: 0 | H34: 0 | I34: 1 | J34: 0 | K34: 1 | L34: 3 | M34: 10 | N34: 0 | O34: =SUM(C34:L34,N34) -> 23 | P34: =SUM(C34:N34) -> 33
B35: 13.15 - 13.30 | C35: 2 | D35: 1 | E35: 4 | F35: 2 | G35: 0 | H35: 0 | I35: 0 | J35: 0 | K35: 3 | L35: 9 | M35: 3 | N35: 0 | O35: =SUM(C35:L35,N35) -> 21 | P35: =SUM(C35:N35) -> 24
B36: 13.30 - 13.45 | C36: 0 | D36: 0 | E36: 0 | F36: 0 | G36: 0 | H36: 0 | I36: 0 | J36: 0 | K36: 5 | L36: 13 | M36: 6 | N36: 0 | O36: =SUM(C36:L36,N36) -> 18 | P36: =SUM(C36:N36) -> 24
B37: 13.45 - 14.00 | C37: 2 | D37: 0 | E37: 1 | F37: 7 | G37: 0 | H37: 0 | I37: 5 | J37: 0 | K37: 9 | L37: 16 | M37: 3 | N37: 0 | O37: =SUM(C37:L37,N37) -> 40 | P37: =SUM(C37:N37) -> 43
B38: 14.00 - 14.15 | C38: 0 | D38: 3 | E38: 0 | F38: 5 | G38: 0 | H38: 0 | I38: 3 | J38: 0 | K38: 15 | L38: 9 | M38: 2 | N38: 0 | O38: =SUM(C38:L38,N38) -> 35 | P38: =SUM(C38:N38) -> 37
B39: 14.15 - 14.30 | C39: 1 | D39: 2 | E39: 1 | F39: 4 | G39: 0 | H39: 0 | I39: 1 | J39: 1 | K39: 8 | L39: 14 | M39: 1 | N39: 0 | O39: =SUM(C39:L39,N39) -> 32 | P39: =SUM(C39:N39) -> 33
B40: 14.30 - 14.45 | C40: 0 | D40: 0 | E40: 5 | F40: 2 | G40: 0 | H40: 0 | I40: 0 | J40: 0 | K40: 0 | L40: 8 | M40: 11 | N40: 0 | O40: =SUM(C40:L40,N40) -> 15 | P40: =SUM(C40:N40) -> 26
... B57: 18.45 - 19.00 | C57: 1 | D57: 5 | E57: 8 | F57: 2 | G57: 0 | H57: 0 | I57: 0 | J57: 0 | K57: 1 | L57: 9 | M57: 3 | N57: 0 | O57: =SUM(C57:L57,N57) -> 26 | P57: =SUM(C57:N57) -> 29
B58: Totals | C58: =SUM(C10:C57) -> 77 | D58: =SUM(D10:D57) -> 106 | E58: =SUM(E10:E57) -> 77 | F58: =SUM(F10:F57) -> 213 | G58: =SUM(G10:G57) -> 1 | H58: =SUM(H10:H57) -> 0 | I58: =SUM(I10:I57) -> 38 | J58: =SUM(J10:J57) -> 13 | ... P58: =SUM(P10:P57) -> 1301
B59: %ges + MCs | C59: =C58/$P$58 -> 0.059185242 | D59: =D58/$P$58 -> 0.081475788 | E59: =E58/$P$58 -> 0.059185242 | F59: =F58/$P$58 -> 0.16372022 | G59: =G58/$P$58 -> 0.00076863951 | H59: =H58/$P$58 -> 0 | I59: =I58/$P$58 -> 0.029208301 | J59: =J58/$P$58 -> 0.0099923136 | ... N59: =N58/$P$58 -> 0.001537279
B60: %ges w/o MCs | C60: =C58/$O$58 -> 0.073124406 | D60: =D58/$O$58 -> 0.10066477 | E60: =E58/$O$58 -> 0.073124406 | F60: =F58/$O$58 -> 0.2022792 | G60: =G58/$O$58 -> 0.00094966762 | H60: =H58/$O$58 -> 0 | I60: =I58/$O$58 -> 0.036087369 | J60: =J58/$O$58 -> 0.012345679 | ... L60: =L58/$O$58 -> 0.42735043 | N60: =N58/$O$58 -> 0.0018993352

Sheet 28.08 TORORO-BUSITEMA
B1: Consultancy services for Preparation of Expressway Development Master Plan (EDMP) for Uganda
B2: MANUAL CLASSIFIED COUNT (MCC)
B3: ROAD NAME: | C3: ='22.08 BUSITEMA-TORORO'!C3:G3 -> TORORO TO BUSITEMA
C5: Date | D5: ='28.08 BUSITEMA-TORORO'!D5 -> 28.08.19 | F5: Location | G5: ='28.08 BUSITEMA-TORORO'!G5:H5 -> STATION 98 | J5: Surveyor | K5: ='28.08 BUSITEMA-TORORO'!K5:L5 -> RWOTHOMIYO NORMAN
C6: Dir. From | D6: ='22.08 BUSITEMA-TORORO'!D6:E6 -> BUSITEMA | F6: Dir. To | G6: ='22.08 BUSITEMA-TORORO'!G6:H6 -> TORORO | J6: Supervisor | K6: ='28.08 BUSITEMA-TORORO'!K6:L6 -> IVAN
B8: Time / Veh Type | R8: SUMMARY TRAFFIC VOLUMES
C9: 1. Car | D9: 2. Station Wagon | E9: 3. Pickups | F9: 4. Minibus, matatu | G9: 5. Medium bus | H9: 6. Large Bus | I9: 7. Light Truck | J9: 8. Medium Truck | K9: 9. Heavy truck | L9: 10. Truck Trailer | M9: 11. Motor cycles | N9: 12. Tractors | O9: Total Excl M/Cycles | P9: Total All | R9: Time | S9: 1. Car | T9: 2. Station Wagon | U9: 3. Pickups | V9: 4. Minibus, matatu | W9: 5. Medium bus | X9: 6. Large Bus | Y9: 7. Light Truck | Z9: 8. Medium Truck | AA9: 9. Heavy truck | AB9: 10. Truck Trailer | AC9: 11. Motorcycles | AD9: 12. Tractors, Graders | AE9: Total Excl M/ Cycles | AF9: Total All
B10: 07.00 - 07.15 | C10: 2 | D10: 1 | E10: 2 | F10: 4 | G10: 1 | H10: 0 | I10: 0 | J10: 0 | K10: 2 | L10: 15 | M10: 4 | N10: 0 | O10: =SUM(C10:L10,N10) -> 27 | P10: =SUM(C10:N10) -> 31 | R10: 0700-0800 | S10: =SUM(C10:C13) -> 3 | T10: =SUM(D10:D13) -> 4 | U10: =SUM(E10:E13) -> 5 | V10: =SUM(F10:F13) -> 9 | W10: =SUM(G10:G13) -> 1 | X10: =SUM(H10:H13) -> 0 | Y10: =SUM(I10:I13) -> 0 | Z10: =SUM(J10:J13) -> 0 | ... AF10: =SUM(P10:P13) -> 91
B11: 07.15 - 07.30 | C11: 0 | D11: 0 | E11: 3 | F11: 1 | G11: 0 | H11: 0 | I11: 0 | J11: 0 | K11: 0 | L11: 13 | M11: 0 | N11: 0 | O11: 0 | P11: =SUM(C11:N11) -> 17 | R11: 0800-0900 | S11: =SUM(C14:C17) -> 3 | T11: =SUM(D14:D17) -> 3 | U11: =SUM(E14:E17) -> 2 | V11: =SUM(F14:F17) -> 4 | W11: =SUM(G14:G17) -> 0 | X11: =SUM(H14:H17) -> 0 | Y11: =SUM(I14:I17) -> 3 | Z11: =SUM(J14:J17) -> 2 | ... AF11: =SUM(P14:P17) -> 69
B12: 07.30 - 07.45 | C12: 1 | D12: 2 | E12: 0 | F12: 1 | G12: 0 | H12: 0 | I12: 0 | J12: 0 | K12: 0 | L12: 22 | M12: 2 | N12: 0 | O12: =SUM(C12:L12,N12) -> 26 | P12: =SUM(C12:N12) -> 28 | R12: 0900-1000 | S12: =SUM(C18:C21) -> 4 | T12: =SUM(D18:D21) -> 6 | U12: =SUM(E18:E21) -> 1 | V12: =SUM(F18:F21) -> 10 | W12: =SUM(G18:G21) -> 0 | X12: =SUM(H18:H21) -> 0 | Y12: =SUM(I18:I21) -> 1 | Z12: =SUM(J18:J21) -> 0 | ... AF12: =SUM(P18:P21) -> 64
B13: 07.45 - 08.00 | C13: 0 | D13: 1 | E13: 0 | F13: 3 | G13: 0 | H13: 0 | I13: 0 | J13: 0 | K13: 1 | L13: 8 | M13: 2 | N13: 0 | O13: =SUM(C13:L13,N13) -> 13 | P13: =SUM(C13:N13) -> 15 | R13: 1000-1100 | S13: =SUM(C22:C25) -> 23 | T13: =SUM(D22:D25) -> 4 | U13: =SUM(E22:E25) -> 3 | V13: =SUM(F22:F25) -> 15 | W13: =SUM(G22:G25) -> 0 | X13: =SUM(H22:H25) -> 0 | Y13: =SUM(I22:I25) -> 4 | Z13: =SUM(J22:J25) -> 1 | ... AF13: =SUM(P22:P25) -> 105
B14: 08.00 - 08.15 | C14: 1 | D14: 2 | E14: 1 | F14: 2 | G14: 0 | H14: 0 | I14: 1 | J14: 0 | K14: 0 | L14: 8 | M14: 2 | N14: 0 | O14: =SUM(C14:L14,N14) -> 15 | P14: =SUM(C14:N14) -> 17 | R14: 1100-1200 | S14: =SUM(C26:C29) -> 10 | T14: =SUM(D26:D29) -> 9 | U14: =SUM(E26:E29) -> 3 | V14: =SUM(F26:F29) -> 11 | W14: =SUM(G26:G29) -> 1 | X14: =SUM(H26:H29) -> 0 | Y14: =SUM(I26:I29) -> 2 | Z14: =SUM(J26:J29) -> 1 | ... AF14: =SUM(P26:P29) -> 71
B15: 08.15 - 08.30 | C15: 0 | D15: 0 | E15: 0 | F15: 0 | G15: 0 | H15: 0 | I15: 0 | J15: 1 | K15: 0 | L15: 4 | M15: 5 | N15: 0 | O15: =SUM(C15:L15,N15) -> 5 | P15: =SUM(C15:N15) -> 10 | R15: 1200-1300 | S15: =SUM(C30:C33) -> 10 | T15: =SUM(D30:D33) -> 10 | U15: =SUM(E30:E33) -> 5 | V15: =SUM(F30:F33) -> 26 | W15: =SUM(G30:G33) -> 0 | X15: =SUM(H30:H33) -> 0 | Y15: =SUM(I30:I33) -> 4 | Z15: =SUM(J30:J33) -> 7 | ... AF15: =SUM(P30:P33) -> 115
B16: 08.30 - 08.45 | C16: 1 | D16: 0 | E16: 1 | F16: 2 | G16: 0 | H16: 0 | I16: 2 | J16: 0 | K16: 8 | L16: 5 | M16: 3 | N16: 0 | O16: =SUM(C16:L16,N16) -> 19 | P16: =SUM(C16:N16) -> 22 | R16: 1300-1400 | S16: =SUM(C34:C37) -> 11 | T16: =SUM(D34:D37) -> 6 | U16: =SUM(E34:E37) -> 7 | V16: =SUM(F34:F37) -> 17 | W16: =SUM(G34:G37) -> 4 | X16: =SUM(H34:H37) -> 0 | Y16: =SUM(I34:I37) -> 9 | Z16: =SUM(J34:J37) -> 2 | ... AF16: =SUM(P34:P37) -> 151
B17: 08.45 - 9.00 | C17: 1 | D17: 1 | E17: 0 | F17: 0 | G17: 0 | H17: 0 | I17: 0 | J17: 1 | K17: 2 | L17: 12 | M17: 3 | N17: 0 | O17: =SUM(C17:L17,N17) -> 17 | P17: =SUM(C17:N17) -> 20 | R17: 1400-1500 | S17: =SUM(C38:C41) -> 13 | T17: =SUM(D38:D41) -> 5 | U17: =SUM(E38:E41) -> 1 | V17: =SUM(F38:F41) -> 31 | W17: =SUM(G38:G41) -> 1 | X17: =SUM(H38:H41) -> 0 | Y17: =SUM(I38:I41) -> 3 | Z17: =SUM(J38:J41) -> 10 | ... AF17: =SUM(P38:P41) -> 137
B18: 09.00 - 09.15 | C18: 4 | D18: 1 | E18: 0 | F18: 1 | G18: 0 | H18: 0 | I18: 0 | J18: 0 | K18: 0 | L18: 7 | M18: 8 | N18: 0 | O18: =SUM(C18:L18,N18) -> 13 | P18: =SUM(C18:N18) -> 21 | R18: 1500-1600 | S18: =SUM(C42:C45) -> 12 | T18: =SUM(D42:D45) -> 8 | U18: =SUM(E42:E45) -> 12 | V18: =SUM(F42:F45) -> 23 | W18: =SUM(G42:G45) -> 0 | X18: =SUM(H42:H45) -> 0 | Y18: =SUM(I42:I45) -> 7 | Z18: =SUM(J42:J45) -> 10 | ... AF18: =SUM(P42:P45) -> 155
B19: 09.15 - 09.30 | C19: 0 | D19: 2 | E19: 0 | F19: 2 | G19: 0 | H19: 0 | I19: 0 | J19: 0 | K19: 0 | L19: 3 | M19: 0 | N19: 0 | O19: =SUM(C19:L19,N19) -> 7 | P19: =SUM(C19:N19) -> 7 | R19: 1600-1700 | S19: =SUM(C46:C49) -> 24 | T19: =SUM(D46:D49) -> 6 | U19: =SUM(E46:E49) -> 6 | V19: =SUM(F46:F49) -> 24 | W19: =SUM(G46:G49) -> 0 | X19: =SUM(H46:H49) -> 0 | Y19: =SUM(I46:I49) -> 14 | Z19: =SUM(J46:J49) -> 9 | ... AF19: =SUM(P46:P49) -> 138
