Workbook

Sheet 22.07 Bwaise-Kawempe
B1: Consultancy services for Preparation of Expressway Development Master Plan (EDMP) for Uganda
B2: MANUAL CLASSIFIED COUNT (MCC)
B3: ROAD NAME: | C3: MCC - C1 - STN23 - BOMBO ROAD
C5: Date | D5: 22.07.19 | F5: Location | G5: Before Steel and Tube | J5: Surveyor | K5: Kajjubi Eddie
C6: Dir. From | D6: Bwaise | F6: Dir. To | G6: Kawempe | J6: Supervisor | K6: Salima
B8: Time / Veh Type | R8: SUMMARY TRAFFIC VOLUMES
C9: 1. Car | D9: 2. Station Wagon | E9: 3. Pickups | F9: 4. Minibus, matatu | G9: 5. Medium bus | H9: 6. Large Bus | I9: 7. Light Truck | J9: 8. Medium Truck | K9: 9. Heavy truck | L9: 10. Truck Trailer | M9: 11. Motor cycles | N9: 12. Tractors | O9: Total Excl M/Cycles | P9: Total All | R9: Time | S9: 1. Car | T9: 2. Station Wagon | U9: 3. Pickups | V9: 4. Minibus, matatu | W9: 5. Medium bus | X9: 6. Large Bus | Y9: 7. Light Truck | Z9: 8. Medium Truck | AA9: 9. Heavy truck | AB9: 10. Truck Trailer | AC9: 11. Motorcycles | AD9: 12. Tractors, Graders | AE9: Total Excl M/ Cycles | AF9: Total All
B10: 07.00 - 07.15 | C10: 28 | D10: 2 | E10: 5 | F10: 39 | G10: 2 | H10: 1 | I10: 4 | J10: 4 | K10: 0 | L10: 1 | M10: 149 | N10: 0 | O10: =SUM(C10:L10,N10) -> 86 | P10: =SUM(C10:N10) -> 235 | R10: 0700-0800 | S10: =SUM(C10:C13) -> 114 | T10: =SUM(D10:D13) -> 14 | U10: =SUM(E10:E13) -> 22 | V10: =SUM(F10:F13) -> 181 | W10: =SUM(G10:G13) -> 7 | X10: =SUM(H10:H13) -> 3 | Y10: =SUM(I10:I13) -> 16 | Z10: =SUM(J10:J13) -> 6 | ... AF10: =SUM(P10:P13) -> 977
B11: 07.15 - 07.30 | C11: 22 | D11: 3 | E11: 4 | F11: 44 | G11: 2 | H11: 2 | I11: 3 | J11: 2 | K11: 0 | L11: 0 | M11: 173 | N11: 0 | O11: =SUM(C11:L11,N11) -> 82 | P11: =SUM(C11:N11) -> 255 | R11: 0800-0900 | S11: =SUM(C14:C17) -> 102 | T11: =SUM(D14:D17) -> 22 | U11: =SUM(E14:E17) -> 18 | V11: =SUM(F14:F17) -> 218 | W11: =SUM(G14:G17) -> 5 | X11: =SUM(H14:H17) -> 3 | Y11: =SUM(I14:I17) -> 22 | Z11: =SUM(J14:J17) -> 5 | ... AF11: =SUM(P14:P17) -> 1106
B12: 07.30 - 07.45 | C12: 30 | D12: 3 | E12: 3 | F12: 49 | G12: 0 | H12: 0 | I12: 6 | J12: 0 | K12: 1 | L12: 0 | M12: 156 | N12: 0 | O12: =SUM(C12:L12,N12) -> 92 | P12: =SUM(C12:N12) -> 248 | R12: 0900-1000 | S12: =SUM(C18:C21) -> 141 | T12: =SUM(D18:D21) -> 33 | U12: =SUM(E18:E21) -> 26 | V12: =SUM(F18:F21) -> 233 | W12: =SUM(G18:G21) -> 5 | X12: =SUM(H18:H21) -> 1 | Y12: =SUM(I18:I21) -> 40 | Z12: =SUM(J18:J21) -> 10 | ... AF12: =SUM(P18:P21) -> 1154
B13: 07.45 - 08.00 | C13: 34 | D13: 6 | E13: 10 | F13: 49 | G13: 3 | H13: 0 | I13: 3 | J13: 0 | K13: 1 | L13: 0 | M13: 133 | N13: 0 | O13: =SUM(C13:L13,N13) -> 106 | P13: =SUM(C13:N13) -> 239 | R13: 1000-1100 | S13: =SUM(C22:C25) -> 127 | T13: =SUM(D22:D25) -> 27 | U13: =SUM(E22:E25) -> 34 | V13: =SUM(F22:F25) -> 202 | W13: =SUM(G22:G25) -> 6 | X13: =SUM(H22:H25) -> 0 | Y13: =SUM(I22:I25) -> 65 | Z13: =SUM(J22:J25) -> 10 | ... AF13: =SUM(P22:P25) -> 942
B14: 08.00 - 08.15 | C14: 24 | D14: 3 | E14: 4 | F14: 30 | G14: 2 | H14: 0 | I14: 5 | J14: 2 | K14: 0 | L14: 3 | M14: 123 | N14: 0 | O14: =SUM(C14:L14,N14) -> 73 | P14: =SUM(C14:N14) -> 196 | R14: 1100-1200 | S14: =SUM(C26:C29) -> 149 | T14: =SUM(D26:D29) -> 16 | U14: =SUM(E26:E29) -> 39 | V14: =SUM(F26:F29) -> 187 | W14: =SUM(G26:G29) -> 4 | X14: =SUM(H26:H29) -> 3 | Y14: =SUM(I26:I29) -> 55 | Z14: =SUM(J26:J29) -> 3 | ... AF14: =SUM(P26:P29) -> 984
B15: 08.15 - 08.30 | C15: 34 | D15: 9 | E15: 3 | F15: 51 | G15: 1 | H15: 1 | I15: 3 | J15: 0 | K15: 1 | L15: 1 | M15: 162 | N15: 0 | O15: =SUM(C15:L15,N15) -> 104 | P15: =SUM(C15:N15) -> 266 | R15: 1200-1300 | S15: =SUM(C30:C33) -> 144 | T15: =SUM(D30:D33) -> 30 | U15: =SUM(E30:E33) -> 25 | V15: =SUM(F30:F33) -> 193 | W15: =SUM(G30:G33) -> 10 | X15: =SUM(H30:H33) -> 4 | Y15: =SUM(I30:I33) -> 51 | Z15: =SUM(J30:J33) -> 19 | ... AF15: =SUM(P30:P33) -> 835
B16: 08.30 - 08.45 | C16: 22 | D16: 7 | E16: 4 | F16: 58 | G16: 1 | H16: 0 | I16: 6 | J16: 1 | K16: 3 | L16: 1 | M16: 205 | N16: 0 | O16: =SUM(C16:L16,N16) -> 103 | P16: =SUM(C16:N16) -> 308 | R16: 1300-1400 | S16: =SUM(C34:C37) -> 163 | T16: =SUM(D34:D37) -> 36 | U16: =SUM(E34:E37) -> 38 | V16: =SUM(F34:F37) -> 188 | W16: =SUM(G34:G37) -> 4 | X16: =SUM(H34:H37) -> 2 | Y16: =SUM(I34:I37) -> 60 | Z16: =SUM(J34:J37) -> 23 | ... AF16: =SUM(P34:P37) -> 844
B17: 08.45 - 9.00 | C17: 22 | D17: 3 | E17: 7 | F17: 79 | G17: 1 | H17: 2 | I17: 8 | J17: 2 | K17: 1 | L17: 2 | M17: 209 | N17: 0 | O17: =SUM(C17:L17,N17) -> 127 | P17: =SUM(C17:N17) -> 336 | R17: 1400-1500 | S17: =SUM(C38:C41) -> 138 | T17: =SUM(D38:D41) -> 31 | U17: =SUM(E38:E41) -> 28 | V17: =SUM(F38:F41) -> 153 | W17: =SUM(G38:G41) -> 6 | X17: =SUM(H38:H41) -> 4 | Y17: =SUM(I38:I41) -> 48 | Z17: =SUM(J38:J41) -> 6 | ... AF17: =SUM(P38:P41) -> 736
B18: 09.00 - 09.15 | C18: 27 | D18: 10 | E18: 8 | F18: 58 | G18: 0 | H18: 1 | I18: 10 | J18: 5 | K18: 4 | L18: 0 | M18: 171 | N18: 0 | O18: =SUM(C18:L18,N18) -> 123 | P18: =SUM(C18:N18) -> 294 | R18: 1500-1600 | S18: =SUM(C42:C45) -> 164 | T18: =SUM(D42:D45) -> 29 | U18: =SUM(E42:E45) -> 35 | V18: =SUM(F42:F45) -> 117 | W18: =SUM(G42:G45) -> 7 | X18: =SUM(H42:H45) -> 2 | Y18: =SUM(I42:I45) -> 52 | Z18: =SUM(J42:J45) -> 23 | ... AF18: =SUM(P42:P45) -> 561
B19: 09.15 - 09.30 | C19: 30 | D19: 9 | E19: 6 | F19: 52 | G19: 2 | H19: 0 | I19: 5 | J19: 3 | K19: 2 | L19: 0 | M19: 180 | N19: 0 | O19: =SUM(C19:L19,N19) -> 109 | P19: =SUM(C19:N19) -> 289 | R19: 1600-1700 | S19: =SUM(C46:C49) -> 171 | T19: =SUM(D46:D49) -> 34 | U19: =SUM(E46:E49) -> 23 | V19: =SUM(F46:F49) -> 187 | W19: =SUM(G46:G49) -> 7 | X19: =SUM(H46:H49) -> 1 | Y19: =SUM(I46:I49) -> 56 | Z19: =SUM(J46:J49) -> 11 | ... AF19: =SUM(P46:P49) -> 899
B20: 09.30 - 09.45 | C20: 43 | D20: 5 | E20: 9 | F20: 68 | G20: 2 | H20: 0 | I20: 13 | J20: 0 | K20: 0 | L20: 4 | M20: 161 | N20: 0 | O20: =SUM(C20:L20,N20) -> 144 | P20: =SUM(C20:N20) -> 305 | R20: 1700-1800 | S20: =SUM(C50:C53) -> 190 | T20: =SUM(D50:D53) -> 28 | U20: =SUM(E50:E53) -> 27 | V20: =SUM(F50:F53) -> 155 | W20: =SUM(G50:G53) -> 2 | X20: =SUM(H50:H53) -> 0 | Y20: =SUM(I50:I53) -> 45 | Z20: =SUM(J50:J53) -> 17 | ... AF20: =SUM(P50:P53) -> 833
B21: 09.45 - 10.00 | C21: 41 | D21: 9 | E21: 3 | F21: 55 | G21: 1 | H21: 0 | I21: 12 | J21: 2 | K21: 2 | L21: 1 | M21: 140 | N21: 0 | O21: =SUM(C21:L21,N21) -> 126 | P21: =SUM(C21:N21) -> 266 | R21: 1800-1900 | S21: =SUM(C54:C57) -> 253 | T21: =SUM(D54:D57) -> 29 | U21: =SUM(E54:E57) -> 18 | V21: =SUM(F54:F57) -> 186 | W21: =SUM(G54:G57) -> 5 | X21: =SUM(H54:H57) -> 2 | Y21: =SUM(I54:I57) -> 48 | Z21: =SUM(J54:J57) -> 8 | ... AF21: =SUM(P54:P57) -> 1263
B22: 10.00 - 10.15 | C22: 24 | D22: 4 | E22: 6 | F22: 45 | G22: 1 | H22: 0 | I22: 13 | J22: 1 | K22: 1 | L22: 1 | M22: 142 | N22: 0 | O22: =SUM(C22:L22,N22) -> 96 | P22: =SUM(C22:N22) -> 238 | R22: AM Peak Hr | S22: =MAX(S10:S12) -> 141 | T22: =MAX(T10:T12) -> 33 | U22: =MAX(U10:U12) -> 26 | V22: =MAX(V10:V12) -> 233 | W22: =MAX(W10:W12) -> 7 | X22: =MAX(X10:X12) -> 3 | Y22: =MAX(Y10:Y12) -> 40 | Z22: =MAX(Z10:Z12) -> 10 | ... AF22: =MAX(AF10:AF12) -> 1154
B23: 10.15 - 10.30 | C23: 39 | D23: 13 | E23: 8 | F23: 63 | G23: 2 | H23: 0 | I23: 20 | J23: 3 | K23: 1 | L23: 1 | M23: 106 | N23: 0 | O23: =SUM(C23:L23,N23) -> 150 | P23: =SUM(C23:N23) -> 256 | R23: IP Peak Hr | S23: =MAX(S13:S18) -> 164 | T23: =MAX(T13:T18) -> 36 | U23: =MAX(U13:U18) -> 39 | V23: =MAX(V13:V18) -> 202 | W23: =MAX(W13:W18) -> 10 | X23: =MAX(X13:X18) -> 4 | Y23: =MAX(Y13:Y18) -> 65 | Z23: =MAX(Z13:Z18) -> 23 | ... AF23: =MAX(AF13:AF18) -> 984
B24: 10.30 - 10.45 | C24: 40 | D24: 4 | E24: 13 | F24: 50 | G24: 2 | H24: 0 | I24: 12 | J24: 0 | K24: 3 | L24: 3 | M24: 115 | N24: 0 | O24: =SUM(C24:L24,N24) -> 127 | P24: =SUM(C24:N24) -> 242 | R24: PM Peak Hr | S24: =MAX(S19:S21) -> 253 | T24: =MAX(T19:T21) -> 34 | U24: =MAX(U19:U21) -> 27 | V24: =MAX(V19:V21) -> 187 | W24: =MAX(W19:W21) -> 7 | X24: =MAX(X19:X21) -> 2 | Y24: =MAX(Y19:Y21) -> 56 | Z24: =MAX(Z19:Z21) -> 17 | ... AF24: =MAX(AF19:AF21) -> 1263
B25: 10.45 - 11.00 | C25: 24 | D25: 6 | E25: 7 | F25: 44 | G25: 1 | H25: 0 | I25: 20 | J25: 6 | K25: 2 | L25: 6 | M25: 90 | N25: 0 | O25: =SUM(C25:L25,N25) -> 116 | P25: =SUM(C25:N25) -> 206 | R25: AM Period | S25: =SUM(S10:S12) -> 357 | T25: =SUM(T10:T12) -> 69 | U25: =SUM(U10:U12) -> 66 | V25: =SUM(V10:V12) -> 632 | W25: =SUM(W10:W12) -> 17 | X25: =SUM(X10:X12) -> 7 | Y25: =SUM(Y10:Y12) -> 78 | Z25: =SUM(Z10:Z12) -> 21 | ... AF25: =SUM(AF10:AF12) -> 3237
B26: 11.00 - 11.15 | C26: 39 | D26: 2 | E26: 12 | F26: 49 | G26: 1 | H26: 0 | I26: 14 | J26: 3 | K26: 2 | L26: 2 | M26: 150 | N26: 0 | O26: =SUM(C26:L26,N26) -> 124 | P26: =SUM(C26:N26) -> 274 | R26: IP Period | S26: =SUM(S13:S18) -> 885 | T26: =SUM(T13:T18) -> 169 | U26: =SUM(U13:U18) -> 199 | V26: =SUM(V13:V18) -> 1040 | W26: =SUM(W13:W18) -> 37 | X26: =SUM(X13:X18) -> 15 | Y26: =SUM(Y13:Y18) -> 331 | Z26: =SUM(Z13:Z18) -> 84 | ... AF26: =SUM(AF13:AF18) -> 4902
B27: 11.15 - 11.30 | C27: 32 | D27: 4 | E27: 7 | F27: 46 | G27: 2 | H27: 3 | I27: 15 | J27: 0 | K27: 1 | L27: 0 | M27: 107 | N27: 0 | O27: =SUM(C27:L27,N27) -> 110 | P27: =SUM(C27:N27) -> 217 | R27: PM Period | S27: =SUM(S19:S21) -> 614 | T27: =SUM(T19:T21) -> 91 | U27: =SUM(U19:U21) -> 68 | V27: =SUM(V19:V21) -> 528 | W27: =SUM(W19:W21) -> 14 | X27: =SUM(X19:X21) -> 3 | Y27: =SUM(Y19:Y21) -> 149 | Z27: =SUM(Z19:Z21) -> 36 | ... AF27: =SUM(AF19:AF21) -> 2995
B28: 11.30 - 11.45 | C28: 33 | D28: 8 | E28: 11 | F28: 40 | G28: 0 | H28: 0 | I28: 14 | J28: 0 | K28: 0 | L28: 9 | M28: 106 | N28: 0 | O28: =SUM(C28:L28,N28) -> 115 | P28: =SUM(C28:N28) -> 221 | R28: 12 Hours | S28: =SUM(S10:S21) -> 1856 | T28: =SUM(T10:T21) -> 329 | U28: =SUM(U10:U21) -> 333 | V28: =SUM(V10:V21) -> 2200 | W28: =SUM(W10:W21) -> 68 | X28: =SUM(X10:X21) -> 25 | Y28: =SUM(Y10:Y21) -> 558 | Z28: =SUM(Z10:Z21) -> 141 | ... AF28: =SUM(AF10:AF21) -> 11134
B29: 11.45 - 12.00 | C29: 45 | D29: 2 | E29: 9 | F29: 52 | G29: 1 | H29: 0 | I29: 12 | J29: 0 | K29: 0 | L29: 1 | M29: 150 | N29: 0 | O29: =SUM(C29:L29,N29) -> 122 | P29: =SUM(C29:N29) -> 272
B30: 12.00 - 12.15 | C30: 41 | D30: 8 | E30: 9 | F30: 63 | G30: 4 | H30: 2 | I30: 18 | J30: 3 | K30: 1 | L30: 5 | M30: 119 | N30: 0 | O30: =SUM(C30:L30,N30) -> 154 | P30: =SUM(C30:N30) -> 273
B31: 12.15 - 12.30 | C31: 22 | D31: 4 | E31: 2 | F31: 43 | G31: 2 | H31: 1 | I31: 5 | J31: 1 | K31: 0 | L31: 1 | M31: 49 | N31: 0 | O31: =SUM(C31:L31,N31) -> 81 | P31: =SUM(C31:N31) -> 130
B32: 12.30 - 12.45 | C32: 39 | D32: 10 | E32: 11 | F32: 42 | G32: 2 | H32: 1 | I32: 13 | J32: 10 | K32: 1 | L32: 3 | M32: 75 | N32: 0 | O32: =SUM(C32:L32,N32) -> 132 | P32: =SUM(C32:N32) -> 207
B33: 12.45 - 13.00 | C33: 42 | D33: 8 | E33: 3 | F33: 45 | G33: 2 | H33: 0 | I33: 15 | J33: 5 | K33: 0 | L33: 0 | M33: 105 | N33: 0 | O33: =SUM(C33:L33,N33) -> 120 | P33: =SUM(C33:N33) -> 225
B34: 13.00 - 13.15 | C34: 42 | D34: 10 | E34: 5 | F34: 50 | G34: 0 | H34: 1 | I34: 19 | J34: 9 | K34: 0 | L34: 4 | M34: 82 | N34: 0 | O34: =SUM(C34:L34,N34) -> 140 | P34: =SUM(C34:N34) -> 222
B35: 13.15 - 13.30 | C35: 31 | D35: 11 | E35: 12 | F35: 38 | G35: 2 | H35: 1 | I35: 19 | J35: 9 | K35: 1 | L35: 3 | M35: 55 | N35: 0 | O35: =SUM(C35:L35,N35) -> 127 | P35: =SUM(C35:N35) -> 182
B36: 13.30 - 13.45 | C36: 39 | D36: 5 | E36: 15 | F36: 44 | G36: 1 | H36: 0 | I36: 11 | J36: 3 | K36: 2 | L36: 4 | M36: 90 | N36: 0 | O36: =SUM(C36:L36,N36) -> 124 | P36: =SUM(C36:N36) -> 214
B37: 13.45 - 14.00 | C37: 51 | D37: 10 | E37: 6 | F37: 56 | G37: 1 | H37: 0 | I37: 11 | J37: 2 | K37: 0 | L37: 1 | M37: 88 | N37: 0 | O37: =SUM(C37:L37,N37) -> 138 | P37: =SUM(C37:N37) -> 226
B38: 14.00 - 14.15 | C38: 46 | D38: 9 | E38: 8 | F38: 28 | G38: 3 | H38: 0 | I38: 12 | J38: 0 | K38: 1 | L38: 3 | M38: 93 | N38: 0 | O38: =SUM(C38:L38,N38) -> 110 | P38: =SUM(C38:N38) -> 203
B39: 14.15 - 14.30 | C39: 28 | D39: 5 | E39: 4 | F39: 40 | G39: 0 | H39: 0 | I39: 12 | J39: 1 | K39: 1 | L39: 1 | M39: 75 | N39: 0 | O39: =SUM(C39:L39,N39) -> 92 | P39: =SUM(C39:N39) -> 167
B40: 14.30 - 14.45 | C40: 36 | D40: 11 | E40: 7 | F40: 39 | G40: 2 | H40: 1 | I40: 13 | J40: 3 | K40: 1 | L40: 2 | M40: 88 | N40: 0 | O40: =SUM(C40:L40,N40) -> 115 | P40: =SUM(C40:N40) -> 203
... B57: 18.45 - 19.00 | C57: 94 | D57: 6 | E57: 3 | F57: 35 | G57: 2 | H57: 0 | I57: 8 | J57: 3 | K57: 1 | L57: 2 | M57: 215 | N57: 0 | O57: =SUM(C57:L57,N57) -> 154 | P57: =SUM(C57:N57) -> 369
B58: Totals | C58: =SUM(C10:C57) -> 1856 | D58: =SUM(D10:D57) -> 329 | E58: =SUM(E10:E57) -> 333 | F58: =SUM(F10:F57) -> 2200 | G58: =SUM(G10:G57) -> 68 | H58: =SUM(H10:H57) -> 25 | I58: =SUM(I10:I57) -> 558 | J58: =SUM(J10:J57) -> 141 | ... P58: =SUM(P10:P57) -> 11134
B59: %ges + MCs | C59: =C58/$P$58 -> 0.1666966 | D59: =D58/$P$58 -> 0.029549129 | E59: =E58/$P$58 -> 0.029908389 | F59: =F58/$P$58 -> 0.19759296 | G59: =G58/$P$58 -> 0.0061074187 | H59: =H58/$P$58 -> 0.0022453745 | I59: =I58/$P$58 -> 0.050116759 | J59: =J58/$P$58 -> 0.012663912 | ... N59: =N58/$P$58 -> 0
B60: %ges w/o MCs | C60: =C58/$O$58 -> 0.3268181 | D60: =D58/$O$58 -> 0.057932735 | E60: =E58/$O$58 -> 0.058637084 | F60: =F58/$O$58 -> 0.38739215 | G60: =G58/$O$58 -> 0.011973939 | H60: =H58/$O$58 -> 0.0044021835 | I60: =I58/$O$58 -> 0.098256735 | J60: =J58/$O$58 -> 0.024828315 | ... L60: =L58/$O$58 -> 0.020602219 | N60: =N58/$O$58 -> 0

Sheet 22.07 kawempe-Bwaise
B1: Consultancy services for Preparation of Expressway Development Master Plan (EDMP) for Uganda
B2: MANUAL CLASSIFIED COUNT (MCC)
B3: ROAD NAME: | C3: ='22.07 Bwaise-Kawempe'!C3:G3 -> MCC - C1 - STN23 - BOMBO ROAD
C5: Date | D5: ='22.07 Bwaise-Kawempe'!D5 -> 22.07.19 | F5: Location | G5: ='22.07 Bwaise-Kawempe'!G5:H5 -> Before Steel and Tube | J5: Surveyor | K5: Catherine
C6: Dir. From | D6: Kawempe | F6: Dir. To | G6: Bwaise | J6: Supervisor | K6: ='22.07 Bwaise-Kawempe'!K6:L6 -> Salima
B8: Time / Veh Type | R8: SUMMARY TRAFFIC VOLUMES
C9: 1. Car | D9: 2. Station Wagon | E9: 3. Pickups | F9: 4. Minibus, matatu | G9: 5. Medium bus | H9: 6. Large Bus | I9: 7. Light Truck | J9: 8. Medium Truck | K9: 9. Heavy truck | L9: 10. Truck Trailer | M9: 11. Motor cycles | N9: 12. Tractors | O9: Total Excl M/Cycles | P9: Total All | R9: Time | S9: 1. Car | T9: 2. Station Wagon | U9: 3. Pickups | V9: 4. Minibus, matatu | W9: 5. Medium bus | X9: 6. Large Bus | Y9: 7. Light Truck | Z9: 8. Medium Truck | AA9: 9. Heavy truck | AB9: 10. Truck Trailer | AC9: 11. Motorcycles | AD9: 12. Tractors, Graders | AE9: Total Excl M/ Cycles | AF9: Total All
B10: 07.00 - 07.15 | C10: 70 | D10: 14 | E10: 7 | F10: 53 | G10: 5 | H10: 0 | I10: 7 | J10: 3 | K10: 0 | L10: 3 | M10: 380 | N10: 0 | O10: =SUM(C10:L10,N10) -> 162 | P10: =SUM(C10:N10) -> 542 | R10: 0700-0800 | S10: =SUM(C10:C13) -> 230 | T10: =SUM(D10:D13) -> 42 | U10: =SUM(E10:E13) -> 25 | V10: =SUM(F10:F13) -> 177 | W10: =SUM(G10:G13) -> 9 | X10: =SUM(H10:H13) -> 0 | Y10: =SUM(I10:I13) -> 27 | Z10: =SUM(J10:J13) -> 8 | ... AF10: =SUM(P10:P13) -> 1993
B11: 07.15 - 07.30 | C11: 55 | D11: 6 | E11: 8 | F11: 39 | G11: 3 | H11: 0 | I11: 6 | J11: 0 | K11: 4 | L11: 2 | M11: 415 | N11: 0 | O11: =SUM(C11:L11,N11) -> 123 | P11: =SUM(C11:N11) -> 538 | R11: 0800-0900 | S11: =SUM(C14:C17) -> 237 | T11: =SUM(D14:D17) -> 63 | U11: =SUM(E14:E17) -> 28 | V11: =SUM(F14:F17) -> 242 | W11: =SUM(G14:G17) -> 9 | X11: =SUM(H14:H17) -> 1 | Y11: =SUM(I14:I17) -> 39 | Z11: =SUM(J14:J17) -> 14 | ... AF11: =SUM(P14:P17) -> 2191
B12: 07.30 - 07.45 | C12: 51 | D12: 13 | E12: 8 | F12: 50 | G12: 1 | H12: 0 | I12: 6 | J12: 3 | K12: 1 | L12: 2 | M12: 350 | N12: 0 | O12: =SUM(C12:L12,N12) -> 135 | P12: =SUM(C12:N12) -> 485 | R12: 0900-1000 | S12: =SUM(C18:C21) -> 163 | T12: =SUM(D18:D21) -> 49 | U12: =SUM(E18:E21) -> 29 | V12: =SUM(F18:F21) -> 210 | W12: =SUM(G18:G21) -> 2 | X12: =SUM(H18:H21) -> 2 | Y12: =SUM(I18:I21) -> 39 | Z12: =SUM(J18:J21) -> 20 | ... AF12: =SUM(P18:P21) -> 1846
B13: 07.45 - 08.00 | C13: 54 | D13: 9 | E13: 2 | F13: 35 | G13: 0 | H13: 0 | I13: 8 | J13: 2 | K13: 0 | L13: 3 | M13: 315 | N13: 0 | O13: =SUM(C13:L13,N13) -> 113 | P13: =SUM(C13:N13) -> 428 | R13: 1000-1100 | S13: =SUM(C22:C25) -> 160 | T13: =SUM(D22:D25) -> 37 | U13: =SUM(E22:E25) -> 23 | V13: =SUM(F22:F25) -> 217 | W13: =SUM(G22:G25) -> 4 | X13: =SUM(H22:H25) -> 0 | Y13: =SUM(I22:I25) -> 54 | Z13: =SUM(J22:J25) -> 19 | ... AF13: =SUM(P22:P25) -> 1419
B14: 08.00 - 08.15 | C14: 75 | D14: 16 | E14: 10 | F14: 78 | G14: 3 | H14: 0 | I14: 10 | J14: 4 | K14: 1 | L14: 3 | M14: 318 | N14: 0 | O14: =SUM(C14:L14,N14) -> 200 | P14: =SUM(C14:N14) -> 518 | R14: 1100-1200 | S14: =SUM(C26:C29) -> 175 | T14: =SUM(D26:D29) -> 58 | U14: =SUM(E26:E29) -> 32 | V14: =SUM(F26:F29) -> 184 | W14: =SUM(G26:G29) -> 7 | X14: =SUM(H26:H29) -> 0 | Y14: =SUM(I26:I29) -> 54 | Z14: =SUM(J26:J29) -> 12 | ... AF14: =SUM(P26:P29) -> 1372
B15: 08.15 - 08.30 | C15: 55 | D15: 18 | E15: 7 | F15: 56 | G15: 1 | H15: 1 | I15: 8 | J15: 2 | K15: 2 | L15: 5 | M15: 396 | N15: 0 | O15: =SUM(C15:L15,N15) -> 155 | P15: =SUM(C15:N15) -> 551 | R15: 1200-1300 | S15: =SUM(C30:C33) -> 150 | T15: =SUM(D30:D33) -> 37 | U15: =SUM(E30:E33) -> 23 | V15: =SUM(F30:F33) -> 169 | W15: =SUM(G30:G33) -> 7 | X15: =SUM(H30:H33) -> 4 | Y15: =SUM(I30:I33) -> 37 | Z15: =SUM(J30:J33) -> 23 | ... AF15: =SUM(P30:P33) -> 1153
B16: 08.30 - 08.45 | C16: 59 | D16: 15 | E16: 5 | F16: 55 | G16: 2 | H16: 0 | I16: 11 | J16: 5 | K16: 1 | L16: 0 | M16: 465 | N16: 0 | O16: =SUM(C16:L16,N16) -> 153 | P16: =SUM(C16:N16) -> 618 | R16: 1300-1400 | S16: =SUM(C34:C37) -> 124 | T16: =SUM(D34:D37) -> 57 | U16: =SUM(E34:E37) -> 33 | V16: =SUM(F34:F37) -> 161 | W16: =SUM(G34:G37) -> 2 | X16: =SUM(H34:H37) -> 2 | Y16: =SUM(I34:I37) -> 40 | Z16: =SUM(J34:J37) -> 15 | ... AF16: =SUM(P34:P37) -> 1139
B17: 08.45 - 9.00 | C17: 48 | D17: 14 | E17: 6 | F17: 53 | G17: 3 | H17: 0 | I17: 10 | J17: 3 | K17: 3 | L17: 4 | M17: 360 | N17: 0 | O17: =SUM(C17:L17,N17) -> 144 | P17: =SUM(C17:N17) -> 504 | R17: 1400-1500 | S17: =SUM(C38:C41) -> 147 | T17: =SUM(D38:D41) -> 69 | U17: =SUM(E38:E41) -> 29 | V17: =SUM(F38:F41) -> 161 | W17: =SUM(G38:G41) -> 5 | X17: =SUM(H38:H41) -> 3 | Y17: =SUM(I38:I41) -> 38 | Z17: =SUM(J38:J41) -> 17 | ... AF17: =SUM(P38:P41) -> 968
B18: 09.00 - 09.15 | C18: 43 | D18: 14 | E18: 7 | F18: 53 | G18: 0 | H18: 0 | I18: 9 | J18: 3 | K18: 4 | L18: 1 | M18: 243 | N18: 0 | O18: =SUM(C18:L18,N18) -> 134 | P18: =SUM(C18:N18) -> 377 | R18: 1500-1600 | S18: =SUM(C42:C45) -> 133 | T18: =SUM(D42:D45) -> 60 | U18: =SUM(E42:E45) -> 32 | V18: =SUM(F42:F45) -> 189 | W18: =SUM(G42:G45) -> 6 | X18: =SUM(H42:H45) -> 6 | Y18: =SUM(I42:I45) -> 38 | Z18: =SUM(J42:J45) -> 18 | ... AF18: =SUM(P42:P45) -> 660
B19: 09.15 - 09.30 | C19: 45 | D19: 11 | E19: 6 | F19: 48 | G19: 1 | H19: 0 | I19: 10 | J19: 8 | K19: 2 | L19: 0 | M19: 415 | N19: 0 | O19: =SUM(C19:L19,N19) -> 131 | P19: =SUM(C19:N19) -> 546 | R19: 1600-1700 | S19: =SUM(C46:C49) -> 170 | T19: =SUM(D46:D49) -> 80 | U19: =SUM(E46:E49) -> 52 | V19: =SUM(F46:F49) -> 214 | W19: =SUM(G46:G49) -> 7 | X19: =SUM(H46:H49) -> 3 | Y19: =SUM(I46:I49) -> 48 | Z19: =SUM(J46:J49) -> 18 | ... AF19: =SUM(P46:P49) -> 1621
B20: 09.30 - 09.45 | C20: 38 | D20: 9 | E20: 9 | F20: 53 | G20: 0 | H20: 1 | I20: 10 | J20: 3 | K20: 1 | L20: 0 | M20: 330 | N20: 0 | O20: =SUM(C20:L20,N20) -> 124 | P20: =SUM(C20:N20) -> 454 | R20: 1700-1800 | S20: =SUM(C50:C53) -> 97 | T20: =SUM(D50:D53) -> 27 | U20: =SUM(E50:E53) -> 23 | V20: =SUM(F50:F53) -> 154 | W20: =SUM(G50:G53) -> 11 | X20: =SUM(H50:H53) -> 2 | Y20: =SUM(I50:I53) -> 14 | Z20: =SUM(J50:J53) -> 20 | ... AF20: =SUM(P50:P53) -> 1509
B21: 09.45 - 10.00 | C21: 37 | D21: 15 | E21: 7 | F21: 56 | G21: 1 | H21: 1 | I21: 10 | J21: 6 | K21: 5 | L21: 1 | M21: 330 | N21: 0 | O21: =SUM(C21:L21,N21) -> 139 | P21: =SUM(C21:N21) -> 469 | R21: 1800-1900 | S21: =SUM(C54:C57) -> 87 | T21: =SUM(D54:D57) -> 32 | U21: =SUM(E54:E57) -> 21 | V21: =SUM(F54:F57) -> 148 | W21: =SUM(G54:G57) -> 6 | X21: =SUM(H54:H57) -> 2 | Y21: =SUM(I54:I57) -> 23 | Z21: =SUM(J54:J57) -> 17 | ... AF21: =SUM(P54:P57) -> 1482
B22: 10.00 - 10.15 | C22: 45 | D22: 6 | E22: 3 | F22: 37 | G22: 2 | H22: 0 | I22: 11 | J22: 5 | K22: 0 | L22: 2 | M22: 300 | N22: 0 | O22: =SUM(C22:L22,N22) -> 111 | P22: =SUM(C22:N22) -> 411 | R22: AM Peak Hr | S22: =MAX(S10:S12) -> 237 | T22: =MAX(T10:T12) -> 63 | U22: =MAX(U10:U12) -> 29 | V22: =MAX(V10:V12) -> 242 | W22: =MAX(W10:W12) -> 9 | X22: =MAX(X10:X12) -> 2 | Y22: =MAX(Y10:Y12) -> 39 | Z22: =MAX(Z10:Z12) -> 20 | ... AF22: =MAX(AF10:AF12) -> 2191
B23: 10.15 - 10.30 | C23: 39 | D23: 11 | E23: 9 | F23: 54 | G23: 1 | H23: 0 | I23: 13 | J23: 4 | K23: 2 | L23: 4 | M23: 105 | N23: 0 | O23: =SUM(C23:L23,N23) -> 137 | P23: =SUM(C23:N23) -> 242 | R23: IP Peak Hr | S23: =MAX(S13:S18) -> 175 | T23: =MAX(T13:T18) -> 69 | U23: =MAX(U13:U18) -> 33 | V23: =MAX(V13:V18) -> 217 | W23: =MAX(W13:W18) -> 7 | X23: =MAX(X13:X18) -> 6 | Y23: =MAX(Y13:Y18) -> 54 | Z23: =MAX(Z13:Z18) -> 23 | ... AF23: =MAX(AF13:AF18) -> 1419
B24: 10.30 - 10.45 | C24: 30 | D24: 10 | E24: 5 | F24: 56 | G24: 0 | H24: 0 | I24: 14 | J24: 7 | K24: 5 | L24: 3 | M24: 345 | N24: 0 | O24: =SUM(C24:L24,N24) -> 130 | P24: =SUM(C24:N24) -> 475 | R24: PM Peak Hr | S24: =MAX(S19:S21) -> 170 | T24: =MAX(T19:T21) -> 80 | U24: =MAX(U19:U21) -> 52 | V24: =MAX(V19:V21) -> 214 | W24: =MAX(W19:W21) -> 11 | X24: =MAX(X19:X21) -> 3 | Y24: =MAX(Y19:Y21) -> 48 | Z24: =MAX(Z19:Z21) -> 20 | ... AF24: =MAX(AF19:AF21) -> 1621
B25: 10.45 - 11.00 | C25: 46 | D25: 10 | E25: 6 | F25: 70 | G25: 1 | H25: 0 | I25: 16 | J25: 3 | K25: 3 | L25: 3 | M25: 133 | N25: 0 | O25: =SUM(C25:L25,N25) -> 158 | P25: =SUM(C25:N25) -> 291 | R25: AM Period | S25: =SUM(S10:S12) -> 630 | T25: =SUM(T10:T12) -> 154 | U25: =SUM(U10:U12) -> 82 | V25: =SUM(V10:V12) -> 629 | W25: =SUM(W10:W12) -> 20 | X25: =SUM(X10:X12) -> 3 | Y25: =SUM(Y10:Y12) -> 105 | Z25: =SUM(Z10:Z12) -> 42 | ... AF25: =SUM(AF10:AF12) -> 6030
B26: 11.00 - 11.15 | C26: 54 | D26: 12 | E26: 7 | F26: 40 | G26: 0 | H26: 0 | I26: 12 | J26: 4 | K26: 0 | L26: 3 | M26: 118 | N26: 0 | O26: =SUM(C26:L26,N26) -> 132 | P26: =SUM(C26:N26) -> 250 | R26: IP Period | S26: =SUM(S13:S18) -> 889 | T26: =SUM(T13:T18) -> 318 | U26: =SUM(U13:U18) -> 172 | V26: =SUM(V13:V18) -> 1081 | W26: =SUM(W13:W18) -> 31 | X26: =SUM(X13:X18) -> 15 | Y26: =SUM(Y13:Y18) -> 261 | Z26: =SUM(Z13:Z18) -> 104 | ... AF26: =SUM(AF13:AF18) -> 6711
B27: 11.15 - 11.30 | C27: 48 | D27: 18 | E27: 8 | F27: 61 | G27: 1 | H27: 0 | I27: 18 | J27: 1 | K27: 1 | L27: 3 | M27: 288 | N27: 0 | O27: =SUM(C27:L27,N27) -> 159 | P27: =SUM(C27:N27) -> 447 | R27: PM Period | S27: =SUM(S19:S21) -> 354 | T27: =SUM(T19:T21) -> 139 | U27: =SUM(U19:U21) -> 96 | V27: =SUM(V19:V21) -> 516 | W27: =SUM(W19:W21) -> 24 | X27: =SUM(X19:X21) -> 7 | Y27: =SUM(Y19:Y21) -> 85 | Z27: =SUM(Z19:Z21) -> 55 | ... AF27: =SUM(AF19:AF21) -> 4612
B28: 11.30 - 11.45 | C28: 37 | D28: 16 | E28: 8 | F28: 28 | G28: 1 | H28: 0 | I28: 12 | J28: 3 | K28: 3 | L28: 3 | M28: 245 | N28: 0 | O28: =SUM(C28:L28,N28) -> 111 | P28: =SUM(C28:N28) -> 356 | R28: 12 Hours | S28: =SUM(S10:S21) -> 1873 | T28: =SUM(T10:T21) -> 611 | U28: =SUM(U10:U21) -> 350 | V28: =SUM(V10:V21) -> 2226 | W28: =SUM(W10:W21) -> 75 | X28: =SUM(X10:X21) -> 25 | Y28: =SUM(Y10:Y21) -> 451 | Z28: =SUM(Z10:Z21) -> 201 | ... AF28: =SUM(AF10:AF21) -> 17353
B29: 11.45 - 12.00 | C29: 36 | D29: 12 | E29: 9 | F29: 55 | G29: 5 | H29: 0 | I29: 12 | J29: 4 | K29: 4 | L29: 4 | M29: 178 | N29: 0 | O29: =SUM(C29:L29,N29) -> 141 | P29: =SUM(C29:N29) -> 319
B30: 12.00 - 12.15 | C30: 48 | D30: 14 | E30: 10 | F30: 53 | G30: 2 | H30: 0 | I30: 15 | J30: 6 | K30: 5 | L30: 8 | M30: 233 | N30: 0 | O30: =SUM(C30:L30,N30) -> 161 | P30: =SUM(C30:N30) -> 394
B31: 12.15 - 12.30 | C31: 30 | D31: 6 | E31: 6 | F31: 27 | G31: 1 | H31: 0 | I31: 2 | J31: 3 | K31: 0 | L31: 0 | M31: 128 | N31: 0 | O31: =SUM(C31:L31,N31) -> 75 | P31: =SUM(C31:N31) -> 203
B32: 12.30 - 12.45 | C32: 34 | D32: 11 | E32: 3 | F32: 49 | G32: 1 | H32: 3 | I32: 5 | J32: 6 | K32: 1 | L32: 1 | M32: 147 | N32: 0 | O32: =SUM(C32:L32,N32) -> 114 | P32: =SUM(C32:N32) -> 261
B33: 12.45 - 13.00 | C33: 38 | D33: 6 | E33: 4 | F33: 40 | G33: 3 | H33: 1 | I33: 15 | J33: 8 | K33: 4 | L33: 1 | M33: 175 | N33: 0 | O33: =SUM(C33:L33,N33) -> 120 | P33: =SUM(C33:N33) -> 295
B34: 13.00 - 13.15 | C34: 21 | D34: 14 | E34: 7 | F34: 40 | G34: 0 | H34: 0 | I34: 10 | J34: 2 | K34: 5 | L34: 2 | M34: 140 | N34: 0 | O34: =SUM(C34:L34,N34) -> 101 | P34: =SUM(C34:N34) -> 241
B35: 13.15 - 13.30 | C35: 31 | D35: 28 | E35: 10 | F35: 33 | G35: 0 | H35: 0 | I35: 10 | J35: 4 | K35: 5 | L35: 2 | M35: 90 | N35: 0 | O35: =SUM(C35:L35,N35) -> 123 | P35: =SUM(C35:N35) -> 213
B36: 13.30 - 13.45 | C36: 43 | D36: 7 | E36: 9 | F36: 43 | G36: 2 | H36: 1 | I36: 9 | J36: 5 | K36: 2 | L36: 2 | M36: 278 | N36: 0 | O36: =SUM(C36:L36,N36) -> 123 | P36: =SUM(C36:N36) -> 401
B37: 13.45 - 14.00 | C37: 29 | D37: 8 | E37: 7 | F37: 45 | G37: 0 | H37: 1 | I37: 11 | J37: 4 | K37: 1 | L37: 0 | M37: 178 | N37: 0 | O37: =SUM(C37:L37,N37) -> 106 | P37: =SUM(C37:N37) -> 284
B38: 14.00 - 14.15 | C38: 40 | D38: 20 | E38: 9 | F38: 40 | G38: 2 | H38: 2 | I38: 12 | J38: 2 | K38: 2 | L38: 0 | M38: 170 | N38: 0 | O38: =SUM(C38:L38,N38) -> 129 | P38: =SUM(C38:N38) -> 299
B39: 14.15 - 14.30 | C39: 39 | D39: 16 | E39: 5 | F39: 33 | G39: 1 | H39: 1 | I39: 9 | J39: 7 | K39: 0 | L39: 2 | M39: 134 | N39: 0 | O39: =SUM(C39:L39,N39) -> 113 | P39: =SUM(C39:N39) -> 247
B40: 14.30 - 14.45 | C40: 30 | D40: 17 | E40: 7 | F40: 40 | G40: 1 | H40: 0 | I40: 10 | J40: 3 | K40: 3 | L40: 2 | M40: 135 | N40: 0 | O40: =SUM(C40:L40,N40) -> 113 | P40: =SUM(C40:N40) -> 248
... B57: 18.45 - 19.00 | C57: 18 | D57: 8 | E57: 2 | F57: 44 | G57: 2 | H57: 1 | I57: 9 | J57: 10 | K57: 4 | L57: 5 | M57: 275 | N57: 0 | O57: =SUM(C57:L57,N57) -> 103 | P57: =SUM(C57:N57) -> 378
B58: Totals | C58: =SUM(C10:C57) -> 1873 | D58: =SUM(D10:D57) -> 611 | E58: =SUM(E10:E57) -> 350 | F58: =SUM(F10:F57) -> 2226 | G58: =SUM(G10:G57) -> 75 | H58: =SUM(H10:H57) -> 25 | I58: =SUM(I10:I57) -> 451 | J58: =SUM(J10:J57) -> 201 | ... P58: =SUM(P10:P57) -> 17353
B59: %ges + MCs | C59: =C58/$P$58 -> 0.10793523 | D59: =D58/$P$58 -> 0.03521005 | E59: =E58/$P$58 -> 0.020169423 | F59: =F58/$P$58 -> 0.12827753 | G59: =G58/$P$58 -> 0.0043220192 | H59: =H58/$P$58 -> 0.0014406731 | I59: =I58/$P$58 -> 0.025989742 | J59: =J58/$P$58 -> 0.011583012 | ... N59: =N58/$P$58 -> 0
B60: %ges w/o MCs | C60: =C58/$O$58 -> 0.30999669 | D60: =D58/$O$58 -> 0.10112546 | E60: =E58/$O$58 -> 0.057927838 | F60: =F58/$O$58 -> 0.36842105 | G60: =G58/$O$58 -> 0.012413108 | H60: =H58/$O$58 -> 0.0041377027 | I60: =I58/$O$58 -> 0.074644158 | J60: =J58/$O$58 -> 0.03326713 | ... L60: =L58/$O$58 -> 0.020026481 | N60: =N58/$O$58 -> 0

Sheet 23.07 Bwaise-Kawempe
B1: Consultancy services for Preparation of Expressway Development Master Plan (EDMP) for Uganda
B2: MANUAL CLASSIFIED COUNT (MCC)
B3: ROAD NAME: | C3: ='22.07 Bwaise-Kawempe'!C3:G3 -> MCC - C1 - STN23 - BOMBO ROAD
C5: Date | D5: 23.07.19 | F5: Location | G5: ='22.07 Bwaise-Kawempe'!G5:H5 -> Before Steel and Tube | J5: Surveyor | K5: Kajjubi Eddie
C6: Dir. From | D6: ='22.07 Bwaise-Kawempe'!D6:E6 -> Bwaise | F6: Dir. To | G6: ='22.07 Bwaise-Kawempe'!G6:H6 -> Kawempe | J6: Supervisor | K6: ='22.07 Bwaise-Kawempe'!K6:L6 -> Salima
B8: Time / Veh Type | R8: SUMMARY TRAFFIC VOLUMES
C9: 1. Car | D9: 2. Station Wagon | E9: 3. Pickups | F9: 4. Minibus, matatu | G9: 5. Medium bus | H9: 6. Large Bus | I9: 7. Light Truck | J9: 8. Medium Truck | K9: 9. Heavy truck | L9: 10. Truck Trailer | M9: 11. Motor cycles | N9: 12. Tractors | O9: Total Excl M/Cycles | P9: Total All | R9: Time | S9: 1. Car | T9: 2. Station Wagon | U9: 3. Pickups | V9: 4. Minibus, matatu | W9: 5. Medium bus | X9: 6. Large Bus | Y9: 7. Light Truck | Z9: 8. Medium Truck | AA9: 9. Heavy truck | AB9: 10. Truck Trailer | AC9: 11. Motorcycles | AD9: 12. Tractors, Graders | AE9: Total Excl M/ Cycles | AF9: Total All
B10: 07.00 - 07.15 | C10: 24 | D10: 5 | E10: 7 | F10: 27 | G10: 1 | H10: 1 | I10: 5 | J10: 4 | K10: 1 | L10: 2 | M10: 101 | N10: 0 | O10: =SUM(C10:L10,N10) -> 77 | P10: =SUM(C10:N10) -> 178 | R10: 0700-0800 | S10: =SUM(C10:C13) -> 87 | T10: =SUM(D10:D13) -> 14 | U10: =SUM(E10:E13) -> 14 | V10: =SUM(F10:F13) -> 118 | W10: =SUM(G10:G13) -> 6 | X10: =SUM(H10:H13) -> 3 | Y10: =SUM(I10:I13) -> 17 | Z10: =SUM(J10:J13) -> 6 | ... AF10: =SUM(P10:P13) -> 833
B11: 07.15 - 07.30 | C11: 27 | D11: 3 | E11: 1 | F11: 26 | G11: 0 | H11: 2 | I11: 4 | J11: 1 | K11: 1 | L11: 0 | M11: 100 | N11: 0 | O11: =SUM(C11:L11,N11) -> 65 | P11: =SUM(C11:N11) -> 165 | R11: 0800-0900 | S11: =SUM(C14:C17) -> 101 | T11: =SUM(D14:D17) -> 11 | U11: =SUM(E14:E17) -> 16 | V11: =SUM(F14:F17) -> 173 | W11: =SUM(G14:G17) -> 10 | X11: =SUM(H14:H17) -> 5 | Y11: =SUM(I14:I17) -> 32 | Z11: =SUM(J14:J17) -> 13 | ... AF11: =SUM(P14:P17) -> 1044
B12: 07.30 - 07.45 | C12: 12 | D12: 3 | E12: 3 | F12: 32 | G12: 2 | H12: 0 | I12: 3 | J12: 1 | K12: 0 | L12: 0 | M12: 170 | N12: 0 | O12: =SUM(C12:L12,N12) -> 56 | P12: =SUM(C12:N12) -> 226 | R12: 0900-1000 | S12: =SUM(C18:C21) -> 123 | T12: =SUM(D18:D21) -> 31 | U12: =SUM(E18:E21) -> 31 | V12: =SUM(F18:F21) -> 213 | W12: =SUM(G18:G21) -> 5 | X12: =SUM(H18:H21) -> 2 | Y12: =SUM(I18:I21) -> 32 | Z12: =SUM(J18:J21) -> 9 | ... AF12: =SUM(P18:P21) -> 1067
B13: 07.45 - 08.00 | C13: 24 | D13: 3 | E13: 3 | F13: 33 | G13: 3 | H13: 0 | I13: 5 | J13: 0 | K13: 0 | L13: 3 | M13: 190 | N13: 0 | O13: =SUM(C13:L13,N13) -> 74 | P13: =SUM(C13:N13) -> 264 | R13: 1000-1100 | S13: =SUM(C22:C25) -> 125 | T13: =SUM(D22:D25) -> 28 | U13: =SUM(E22:E25) -> 29 | V13: =SUM(F22:F25) -> 154 | W13: =SUM(G22:G25) -> 11 | X13: =SUM(H22:H25) -> 1 | Y13: =SUM(I22:I25) -> 46 | Z13: =SUM(J22:J25) -> 9 | ... AF13: =SUM(P22:P25) -> 902
B14: 08.00 - 08.15 | C14: 20 | D14: 3 | E14: 4 | F14: 49 | G14: 6 | H14: 2 | I14: 10 | J14: 3 | K14: 2 | L14: 3 | M14: 145 | N14: 0 | O14: =SUM(C14:L14,N14) -> 102 | P14: =SUM(C14:N14) -> 247 | R14: 1100-1200 | S14: =SUM(C26:C29) -> 150 | T14: =SUM(D26:D29) -> 39 | U14: =SUM(E26:E29) -> 35 | V14: =SUM(F26:F29) -> 186 | W14: =SUM(G26:G29) -> 7 | X14: =SUM(H26:H29) -> 6 | Y14: =SUM(I26:I29) -> 44 | Z14: =SUM(J26:J29) -> 6 | ... AF14: =SUM(P26:P29) -> 916
B15: 08.15 - 08.30 | C15: 25 | D15: 4 | E15: 5 | F15: 38 | G15: 3 | H15: 1 | I15: 10 | J15: 2 | K15: 2 | L15: 5 | M15: 160 | N15: 0 | O15: =SUM(C15:L15,N15) -> 95 | P15: =SUM(C15:N15) -> 255 | R15: 1200-1300 | S15: =SUM(C30:C33) -> 110 | T15: =SUM(D30:D33) -> 23 | U15: =SUM(E30:E33) -> 18 | V15: =SUM(F30:F33) -> 140 | W15: =SUM(G30:G33) -> 4 | X15: =SUM(H30:H33) -> 3 | Y15: =SUM(I30:I33) -> 51 | Z15: =SUM(J30:J33) -> 10 | ... AF15: =SUM(P30:P33) -> 750
B16: 08.30 - 08.45 | C16: 31 | D16: 2 | E16: 1 | F16: 37 | G16: 1 | H16: 0 | I16: 8 | J16: 4 | K16: 1 | L16: 2 | M16: 175 | N16: 0 | O16: =SUM(C16:L16,N16) -> 87 | P16: =SUM(C16:N16) -> 262 | R16: 1300-1400 | S16: =SUM(C34:C37) -> 144 | T16: =SUM(D34:D37) -> 22 | U16: =SUM(E34:E37) -> 31 | V16: =SUM(F34:F37) -> 171 | W16: =SUM(G34:G37) -> 6 | X16: =SUM(H34:H37) -> 3 | Y16: =SUM(I34:I37) -> 66 | Z16: =SUM(J34:J37) -> 8 | ... AF16: =SUM(P34:P37) -> 904
B17: 08.45 - 9.00 | C17: 25 | D17: 2 | E17: 6 | F17: 49 | G17: 0 | H17: 2 | I17: 4 | J17: 4 | K17: 1 | L17: 2 | M17: 185 | N17: 0 | O17: =SUM(C17:L17,N17) -> 95 | P17: =SUM(C17:N17) -> 280 | R17: 1400-1500 | S17: =SUM(C38:C41) -> 104 | T17: =SUM(D38:D41) -> 25 | U17: =SUM(E38:E41) -> 14 | V17: =SUM(F38:F41) -> 122 | W17: =SUM(G38:G41) -> 3 | X17: =SUM(H38:H41) -> 4 | Y17: =SUM(I38:I41) -> 69 | Z17: =SUM(J38:J41) -> 25 | ... AF17: =SUM(P38:P41) -> 572
B18: 09.00 - 09.15 | C18: 15 | D18: 6 | E18: 4 | F18: 48 | G18: 1 | H18: 1 | I18: 9 | J18: 2 | K18: 1 | L18: 2 | M18: 217 | N18: 0 | O18: =SUM(C18:L18,N18) -> 89 | P18: =SUM(C18:N18) -> 306 | R18: 1500-1600 | S18: =SUM(C42:C45) -> 111 | T18: =SUM(D42:D45) -> 22 | U18: =SUM(E42:E45) -> 34 | V18: =SUM(F42:F45) -> 149 | W18: =SUM(G42:G45) -> 5 | X18: =SUM(H42:H45) -> 1 | Y18: =SUM(I42:I45) -> 62 | Z18: =SUM(J42:J45) -> 15 | ... AF18: =SUM(P42:P45) -> 840
B19: 09.15 - 09.30 | C19: 43 | D19: 10 | E19: 13 | F19: 63 | G19: 1 | H19: 0 | I19: 9 | J19: 2 | K19: 2 | L19: 0 | M19: 145 | N19: 0 | O19: =SUM(C19:L19,N19) -> 143 | P19: =SUM(C19:N19) -> 288 | R19: 1600-1700 | S19: =SUM(C46:C49) -> 171 | T19: =SUM(D46:D49) -> 25 | U19: =SUM(E46:E49) -> 21 | V19: =SUM(F46:F49) -> 143 | W19: =SUM(G46:G49) -> 6 | X19: =SUM(H46:H49) -> 4 | Y19: =SUM(I46:I49) -> 38 | Z19: =SUM(J46:J49) -> 11 | ... AF19: =SUM(P46:P49) -> 848
B20: 09.30 - 09.45 | C20: 45 | D20: 10 | E20: 10 | F20: 80 | G20: 3 | H20: 0 | I20: 5 | J20: 3 | K20: 3 | L20: 2 | M20: 180 | N20: 0 | O20: =SUM(C20:L20,N20) -> 161 | P20: =SUM(C20:N20) -> 341 | R20: 1700-1800 | S20: =SUM(C50:C53) -> 184 | T20: =SUM(D50:D53) -> 17 | U20: =SUM(E50:E53) -> 24 | V20: =SUM(F50:F53) -> 168 | W20: =SUM(G50:G53) -> 7 | X20: =SUM(H50:H53) -> 1 | Y20: =SUM(I50:I53) -> 45 | Z20: =SUM(J50:J53) -> 17 | ... AF20: =SUM(P50:P53) -> 1008
B21: 09.45 - 10.00 | C21: 20 | D21: 5 | E21: 4 | F21: 22 | G21: 0 | H21: 1 | I21: 9 | J21: 2 | K21: 1 | L21: 1 | M21: 67 | N21: 0 | O21: =SUM(C21:L21,N21) -> 65 | P21: =SUM(C21:N21) -> 132 | R21: 1800-1900 | S21: =SUM(C54:C57) -> 200 | T21: =SUM(D54:D57) -> 22 | U21: =SUM(E54:E57) -> 18 | V21: =SUM(F54:F57) -> 114 | W21: =SUM(G54:G57) -> 5 | X21: =SUM(H54:H57) -> 0 | Y21: =SUM(I54:I57) -> 36 | Z21: =SUM(J54:J57) -> 15 | ... AF21: =SUM(P54:P57) -> 1104
B22: 10.00 - 10.15 | C22: 44 | D22: 7 | E22: 9 | F22: 40 | G22: 5 | H22: 0 | I22: 20 | J22: 1 | K22: 1 | L22: 1 | M22: 126 | N22: 0 | O22: =SUM(C22:L22,N22) -> 128 | P22: =SUM(C22:N22) -> 254 | R22: AM Peak Hr | S22: =MAX(S10:S12) -> 123 | T22: =MAX(T10:T12) -> 31 | U22: =MAX(U10:U12) -> 31 | V22: =MAX(V10:V12) -> 213 | W22: =MAX(W10:W12) -> 10 | X22: =MAX(X10:X12) -> 5 | Y22: =MAX(Y10:Y12) -> 32 | Z22: =MAX(Z10:Z12) -> 13 | ... AF22: =MAX(AF10:AF12) -> 1067
B23: 10.15 - 10.30 | C23: 15 | D23: 4 | E23: 5 | F23: 25 | G23: 2 | H23: 0 | I23: 9 | J23: 2 | K23: 1 | L23: 3 | M23: 100 | N23: 0 | O23: =SUM(C23:L23,N23) -> 66 | P23: =SUM(C23:N23) -> 166 | R23: IP Peak Hr | S23: =MAX(S13:S18) -> 150 | T23: =MAX(T13:T18) -> 39 | U23: =MAX(U13:U18) -> 35 | V23: =MAX(V13:V18) -> 186 | W23: =MAX(W13:W18) -> 11 | X23: =MAX(X13:X18) -> 6 | Y23: =MAX(Y13:Y18) -> 69 | Z23: =MAX(Z13:Z18) -> 25 | ... AF23: =MAX(AF13:AF18) -> 916
B24: 10.30 - 10.45 | C24: 26 | D24: 10 | E24: 4 | F24: 41 | G24: 3 | H24: 1 | I24: 15 | J24: 1 | K24: 4 | L24: 5 | M24: 122 | N24: 0 | O24: =SUM(C24:L24,N24) -> 110 | P24: =SUM(C24:N24) -> 232 | R24: PM Peak Hr | S24: =MAX(S19:S21) -> 200 | T24: =MAX(T19:T21) -> 25 | U24: =MAX(U19:U21) -> 24 | V24: =MAX(V19:V21) -> 168 | W24: =MAX(W19:W21) -> 7 | X24: =MAX(X19:X21) -> 4 | Y24: =MAX(Y19:Y21) -> 45 | Z24: =MAX(Z19:Z21) -> 17 | ... AF24: =MAX(AF19:AF21) -> 1104
B25: 10.45 - 11.00 | C25: 40 | D25: 7 | E25: 11 | F25: 48 | G25: 1 | H25: 0 | I25: 2 | J25: 5 | K25: 2 | L25: 3 | M25: 131 | N25: 0 | O25: =SUM(C25:L25,N25) -> 119 | P25: =SUM(C25:N25) -> 250 | R25: AM Period | S25: =SUM(S10:S12) -> 311 | T25: =SUM(T10:T12) -> 56 | U25: =SUM(U10:U12) -> 61 | V25: =SUM(V10:V12) -> 504 | W25: =SUM(W10:W12) -> 21 | X25: =SUM(X10:X12) -> 10 | Y25: =SUM(Y10:Y12) -> 81 | Z25: =SUM(Z10:Z12) -> 28 | ... AF25: =SUM(AF10:AF12) -> 2944
B26: 11.00 - 11.15 | C26: 27 | D26: 13 | E26: 8 | F26: 33 | G26: 0 | H26: 1 | I26: 13 | J26: 1 | K26: 3 | L26: 5 | M26: 90 | N26: 0 | O26: =SUM(C26:L26,N26) -> 104 | P26: =SUM(C26:N26) -> 194 | R26: IP Period | S26: =SUM(S13:S18) -> 744 | T26: =SUM(T13:T18) -> 159 | U26: =SUM(U13:U18) -> 161 | V26: =SUM(V13:V18) -> 922 | W26: =SUM(W13:W18) -> 36 | X26: =SUM(X13:X18) -> 18 | Y26: =SUM(Y13:Y18) -> 338 | Z26: =SUM(Z13:Z18) -> 73 | ... AF26: =SUM(AF13:AF18) -> 4884
B27: 11.15 - 11.30 | C27: 42 | D27: 8 | E27: 12 | F27: 61 | G27: 2 | H27: 0 | I27: 12 | J27: 0 | K27: 3 | L27: 5 | M27: 152 | N27: 0 | O27: =SUM(C27:L27,N27) -> 145 | P27: =SUM(C27:N27) -> 297 | R27: PM Period | S27: =SUM(S19:S21) -> 555 | T27: =SUM(T19:T21) -> 64 | U27: =SUM(U19:U21) -> 63 | V27: =SUM(V19:V21) -> 425 | W27: =SUM(W19:W21) -> 18 | X27: =SUM(X19:X21) -> 5 | Y27: =SUM(Y19:Y21) -> 119 | Z27: =SUM(Z19:Z21) -> 43 | ... AF27: =SUM(AF19:AF21) -> 2960
B28: 11.30 - 11.45 | C28: 20 | D28: 5 | E28: 8 | F28: 32 | G28: 1 | H28: 4 | I28: 7 | J28: 1 | K28: 1 | L28: 4 | M28: 75 | N28: 0 | O28: =SUM(C28:L28,N28) -> 83 | P28: =SUM(C28:N28) -> 158 | R28: 12 Hours | S28: =SUM(S10:S21) -> 1610 | T28: =SUM(T10:T21) -> 279 | U28: =SUM(U10:U21) -> 285 | V28: =SUM(V10:V21) -> 1851 | W28: =SUM(W10:W21) -> 75 | X28: =SUM(X10:X21) -> 33 | Y28: =SUM(Y10:Y21) -> 538 | Z28: =SUM(Z10:Z21) -> 144 | ... AF28: =SUM(AF10:AF21) -> 10788
B29: 11.45 - 12.00 | C29: 61 | D29: 13 | E29: 7 | F29: 60 | G29: 4 | H29: 1 | I29: 12 | J29: 4 | K29: 4 | L29: 4 | M29: 97 | N29: 0 | O29: =SUM(C29:L29,N29) -> 170 | P29: =SUM(C29:N29) -> 267
B30: 12.00 - 12.15 | C30: 34 | D30: 6 | E30: 5 | F30: 36 | G30: 1 | H30: 1 | I30: 18 | J30: 4 | K30: 1 | L30: 4 | M30: 75 | N30: 0 | O30: =SUM(C30:L30,N30) -> 110 | P30: =SUM(C30:N30) -> 185
B31: 12.15 - 12.30 | C31: 24 | D31: 4 | E31: 4 | F31: 31 | G31: 0 | H31: 0 | I31: 10 | J31: 1 | K31: 0 | L31: 5 | M31: 105 | N31: 0 | O31: =SUM(C31:L31,N31) -> 79 | P31: =SUM(C31:N31) -> 184
B32: 12.30 - 12.45 | C32: 25 | D32: 6 | E32: 4 | F32: 41 | G32: 2 | H32: 2 | I32: 8 | J32: 5 | K32: 3 | L32: 2 | M32: 86 | N32: 0 | O32: =SUM(C32:L32,N32) -> 98 | P32: =SUM(C32:N32) -> 184
B33: 12.45 - 13.00 | C33: 27 | D33: 7 | E33: 5 | F33: 32 | G33: 1 | H33: 0 | I33: 15 | J33: 0 | K33: 1 | L33: 4 | M33: 105 | N33: 0 | O33: =SUM(C33:L33,N33) -> 92 | P33: =SUM(C33:N33) -> 197
B34: 13.00 - 13.15 | C34: 32 | D34: 6 | E34: 8 | F34: 36 | G34: 1 | H34: 0 | I34: 14 | J34: 0 | K34: 1 | L34: 4 | M34: 111 | N34: 0 | O34: =SUM(C34:L34,N34) -> 102 | P34: =SUM(C34:N34) -> 213
B35: 13.15 - 13.30 | C35: 40 | D35: 1 | E35: 10 | F35: 38 | G35: 1 | H35: 1 | I35: 21 | J35: 3 | K35: 2 | L35: 2 | M35: 125 | N35: 0 | O35: =SUM(C35:L35,N35) -> 119 | P35: =SUM(C35:N35) -> 244
B36: 13.30 - 13.45 | C36: 52 | D36: 13 | E36: 12 | F36: 72 | G36: 2 | H36: 1 | I36: 22 | J36: 2 | K36: 3 | L36: 8 | M36: 145 | N36: 0 | O36: =SUM(C36:L36,N36) -> 187 | P36: =SUM(C36:N36) -> 332
B37: 13.45 - 14.00 | C37: 20 | D37: 2 | E37: 1 | F37: 25 | G37: 2 | H37: 1 | I37: 9 | J37: 3 | K37: 2 | L37: 5 | M37: 45 | N37: 0 | O37: =SUM(C37:L37,N37) -> 70 | P37: =SUM(C37:N37) -> 115
B38: 14.00 - 14.15 | C38: 30 | D38: 5 | E38: 2 | F38: 35 | G38: 2 | H38: 2 | I38: 20 | J38: 2 | K38: 0 | L38: 0 | M38: 45 | N38: 0 | O38: =SUM(C38:L38,N38) -> 98 | P38: =SUM(C38:N38) -> 143
B39: 14.15 - 14.30 | C39: 20 | D39: 1 | E39: 0 | F39: 25 | G39: 0 | H39: 0 | I39: 5 | J39: 20 | K39: 0 | L39: 0 | M39: 30 | N39: 0 | O39: =SUM(C39:L39,N39) -> 71 | P39: =SUM(C39:N39) -> 101
B40: 14.30 - 14.45 | C40: 24 | D40: 8 | E40: 8 | F40: 25 | G40: 1 | H40: 0 | I40: 26 | J40: 2 | K40: 2 | L40: 11 | M40: 48 | N40: 0 | O40: =SUM(C40:L40,N40) -> 107 | P40: =SUM(C40:N40) -> 155
... B57: 18.45 - 19.00 | C57: 48 | D57: 3 | E57: 5 | F57: 6 | G57: 1 | H57: 0 | I57: 7 | J57: 3 | K57: 4 | L57: 4 | M57: 220 | N57: 0 | O57: =SUM(C57:L57,N57) -> 81 | P57: =SUM(C57:N57) -> 301
B58: Totals | C58: =SUM(C10:C57) -> 1610 | D58: =SUM(D10:D57) -> 279 | E58: =SUM(E10:E57) -> 285 | F58: =SUM(F10:F57) -> 1851 | G58: =SUM(G10:G57) -> 75 | H58: =SUM(H10:H57) -> 33 | I58: =SUM(I10:I57) -> 538 | J58: =SUM(J10:J57) -> 144 | ... P58: =SUM(P10:P57) -> 10788
B59: %ges + MCs | C59: =C58/$P$58 -> 0.1492399 | D59: =D58/$P$58 -> 0.025862069 | E59: =E58/$P$58 -> 0.026418242 | F59: =F58/$P$58 -> 0.17157953 | G59: =G58/$P$58 -> 0.0069521691 | H59: =H58/$P$58 -> 0.0030589544 | I59: =I58/$P$58 -> 0.049870226 | J59: =J58/$P$58 -> 0.013348165 | ... N59: =N58/$P$58 -> 0
B60: %ges w/o MCs | C60: =C58/$O$58 -> 0.31742902 | D60: =D58/$O$58 -> 0.055007886 | E60: =E58/$O$58 -> 0.056190852 | F60: =F58/$O$58 -> 0.36494479 | G60: =G58/$O$58 -> 0.014787066 | H60: =H58/$O$58 -> 0.0065063091 | I60: =I58/$O$58 -> 0.10607256 | J60: =J58/$O$58 -> 0.028391167 | ... L60: =L58/$O$58 -> 0.034700315 | N60: =N58/$O$58 -> 0

Sheet 23.07 Kawempe-Bwaise
B1: Consultancy services for Preparation of Expressway Development Master Plan (EDMP) for Uganda
B2: MANUAL CLASSIFIED COUNT (MCC)
B3: ROAD NAME: | C3: ='22.07 kawempe-Bwaise'!C3:G3 -> MCC - C1 - STN23 - BOMBO ROAD
C5: Date | D5: ='23.07 Bwaise-Kawempe'!D5 -> 23.07.19 | F5: Location | G5: ='22.07 Bwaise-Kawempe'!G5:H5 -> Before Steel and Tube | J5: Surveyor | K5: Catherine
C6: Dir. From | D6: ='22.07 kawempe-Bwaise'!D6:E6 -> Kawempe | F6: Dir. To | G6: ='22.07 kawempe-Bwaise'!G6:H6 -> Bwaise | J6: Supervisor | K6: ='22.07 Bwaise-Kawempe'!K6:L6 -> Salima
B8: Time / Veh Type | R8: SUMMARY TRAFFIC VOLUMES
C9: 1. Car | D9: 2. Station Wagon | E9: 3. Pickups | F9: 4. Minibus, matatu | G9: 5. Medium bus | H9: 6. Large Bus | I9: 7. Light Truck | J9: 8. Medium Truck | K9: 9. Heavy truck | L9: 10. Truck Trailer | M9: 11. Motor cycles | N9: 12. Tractors | O9: Total Excl M/Cycles | P9: Total All | R9: Time | S9: 1. Car | T9: 2. Station Wagon | U9: 3. Pickups | V9: 4. Minibus, matatu | W9: 5. Medium bus | X9: 6. Large Bus | Y9: 7. Light Truck | Z9: 8. Medium Truck | AA9: 9. Heavy truck | AB9: 10. Truck Trailer | AC9: 11. Motorcycles | AD9: 12. Tractors, Graders | AE9: Total Excl M/ Cycles | AF9: Total All
B10: 07.00 - 07.15 | C10: 54 | D10: 11 | E10: 5 | F10: 56 | G10: 3 | H10: 1 | I10: 3 | J10: 2 | K10: 4 | L10: 3 | M10: 295 | N10: 0 | O10: =SUM(C10:L10,N10) -> 142 | P10: =SUM(C10:N10) -> 437 | R10: 0700-0800 | S10: =SUM(C10:C13) -> 196 | T10: =SUM(D10:D13) -> 41 | U10: =SUM(E10:E13) -> 29 | V10: =SUM(F10:F13) -> 201 | W10: =SUM(G10:G13) -> 8 | X10: =SUM(H10:H13) -> 2 | Y10: =SUM(I10:I13) -> 23 | Z10: =SUM(J10:J13) -> 12 | ... AF10: =SUM(P10:P13) -> 1801
B11: 07.15 - 07.30 | C11: 45 | D11: 8 | E11: 7 | F11: 44 | G11: 4 | H11: 0 | I11: 3 | J11: 2 | K11: 1 | L11: 0 | M11: 265 | N11: 0 | O11: =SUM(C11:L11,N11) -> 114 | P11: =SUM(C11:N11) -> 379 | R11: 0800-0900 | S11: =SUM(C14:C17) -> 131 | T11: =SUM(D14:D17) -> 36 | U11: =SUM(E14:E17) -> 19 | V11: =SUM(F14:F17) -> 196 | W11: =SUM(G14:G17) -> 6 | X11: =SUM(H14:H17) -> 1 | Y11: =SUM(I14:I17) -> 18 | Z11: =SUM(J14:J17) -> 6 | ... AF11: =SUM(P14:P17) -> 1735
B12: 07.30 - 07.45 | C12: 54 | D12: 14 | E12: 7 | F12: 59 | G12: 1 | H12: 0 | I12: 10 | J12: 5 | K12: 1 | L12: 3 | M12: 355 | N12: 0 | O12: =SUM(C12:L12,N12) -> 154 | P12: =SUM(C12:N12) -> 509 | R12: 0900-1000 | S12: =SUM(C18:C21) -> 127 | T12: =SUM(D18:D21) -> 16 | U12: =SUM(E18:E21) -> 26 | V12: =SUM(F18:F21) -> 152 | W12: =SUM(G18:G21) -> 4 | X12: =SUM(H18:H21) -> 0 | Y12: =SUM(I18:I21) -> 23 | Z12: =SUM(J18:J21) -> 14 | ... AF12: =SUM(P18:P21) -> 1688
B13: 07.45 - 08.00 | C13: 43 | D13: 8 | E13: 10 | F13: 42 | G13: 0 | H13: 1 | I13: 7 | J13: 3 | K13: 4 | L13: 3 | M13: 355 | N13: 0 | O13: =SUM(C13:L13,N13) -> 121 | P13: =SUM(C13:N13) -> 476 | R13: 1000-1100 | S13: =SUM(C22:C25) -> 157 | T13: =SUM(D22:D25) -> 41 | U13: =SUM(E22:E25) -> 32 | V13: =SUM(F22:F25) -> 169 | W13: =SUM(G22:G25) -> 7 | X13: =SUM(H22:H25) -> 1 | Y13: =SUM(I22:I25) -> 33 | Z13: =SUM(J22:J25) -> 21 | ... AF13: =SUM(P22:P25) -> 1805
B14: 08.00 - 08.15 | C14: 35 | D14: 12 | E14: 4 | F14: 65 | G14: 2 | H14: 0 | I14: 3 | J14: 0 | K14: 2 | L14: 3 | M14: 285 | N14: 0 | O14: =SUM(C14:L14,N14) -> 126 | P14: =SUM(C14:N14) -> 411 | R14: 1100-1200 | S14: =SUM(C26:C29) -> 139 | T14: =SUM(D26:D29) -> 53 | U14: =SUM(E26:E29) -> 46 | V14: =SUM(F26:F29) -> 162 | W14: =SUM(G26:G29) -> 5 | X14: =SUM(H26:H29) -> 0 | Y14: =SUM(I26:I29) -> 31 | Z14: =SUM(J26:J29) -> 15 | ... AF14: =SUM(P26:P29) -> 1257
B15: 08.15 - 08.30 | C15: 37 | D15: 7 | E15: 3 | F15: 50 | G15: 0 | H15: 1 | I15: 6 | J15: 2 | K15: 1 | L15: 3 | M15: 370 | N15: 0 | O15: =SUM(C15:L15,N15) -> 110 | P15: =SUM(C15:N15) -> 480 | R15: 1200-1300 | S15: =SUM(C30:C33) -> 158 | T15: =SUM(D30:D33) -> 32 | U15: =SUM(E30:E33) -> 36 | V15: =SUM(F30:F33) -> 152 | W15: =SUM(G30:G33) -> 8 | X15: =SUM(H30:H33) -> 2 | Y15: =SUM(I30:I33) -> 33 | Z15: =SUM(J30:J33) -> 15 | ... AF15: =SUM(P30:P33) -> 985
B16: 08.30 - 08.45 | C16: 22 | D16: 13 | E16: 6 | F16: 46 | G16: 2 | H16: 0 | I16: 6 | J16: 1 | K16: 2 | L16: 3 | M16: 350 | N16: 0 | O16: =SUM(C16:L16,N16) -> 101 | P16: =SUM(C16:N16) -> 451 | R16: 1300-1400 | S16: =SUM(C34:C37) -> 118 | T16: =SUM(D34:D37) -> 35 | U16: =SUM(E34:E37) -> 35 | V16: =SUM(F34:F37) -> 165 | W16: =SUM(G34:G37) -> 9 | X16: =SUM(H34:H37) -> 3 | Y16: =SUM(I34:I37) -> 18 | Z16: =SUM(J34:J37) -> 15 | ... AF16: =SUM(P34:P37) -> 815
B17: 08.45 - 9.00 | C17: 37 | D17: 4 | E17: 6 | F17: 35 | G17: 2 | H17: 0 | I17: 3 | J17: 3 | K17: 3 | L17: 0 | M17: 300 | N17: 0 | O17: =SUM(C17:L17,N17) -> 93 | P17: =SUM(C17:N17) -> 393 | R17: 1400-1500 | S17: =SUM(C38:C41) -> 69 | T17: =SUM(D38:D41) -> 23 | U17: =SUM(E38:E41) -> 21 | V17: =SUM(F38:F41) -> 94 | W17: =SUM(G38:G41) -> 10 | X17: =SUM(H38:H41) -> 5 | Y17: =SUM(I38:I41) -> 21 | Z17: =SUM(J38:J41) -> 7 | ... AF17: =SUM(P38:P41) -> 615
B18: 09.00 - 09.15 | C18: 33 | D18: 6 | E18: 10 | F18: 38 | G18: 2 | H18: 0 | I18: 3 | J18: 4 | K18: 4 | L18: 3 | M18: 375 | N18: 0 | O18: =SUM(C18:L18,N18) -> 103 | P18: =SUM(C18:N18) -> 478 | R18: 1500-1600 | S18: =SUM(C42:C45) -> 150 | T18: =SUM(D42:D45) -> 59 | U18: =SUM(E42:E45) -> 52 | V18: =SUM(F42:F45) -> 169 | W18: =SUM(G42:G45) -> 8 | X18: =SUM(H42:H45) -> 4 | Y18: =SUM(I42:I45) -> 22 | Z18: =SUM(J42:J45) -> 16 | ... AF18: =SUM(P42:P45) -> 1171
B19: 09.15 - 09.30 | C19: 25 | D19: 3 | E19: 5 | F19: 41 | G19: 1 | H19: 0 | I19: 5 | J19: 5 | K19: 6 | L19: 4 | M19: 410 | N19: 0 | O19: =SUM(C19:L19,N19) -> 95 | P19: =SUM(C19:N19) -> 505 | R19: 1600-1700 | S19: =SUM(C46:C49) -> 113 | T19: =SUM(D46:D49) -> 56 | U19: =SUM(E46:E49) -> 28 | V19: =SUM(F46:F49) -> 138 | W19: =SUM(G46:G49) -> 3 | X19: =SUM(H46:H49) -> 2 | Y19: =SUM(I46:I49) -> 31 | Z19: =SUM(J46:J49) -> 10 | ... AF19: =SUM(P46:P49) -> 1279
B20: 09.30 - 09.45 | C20: 33 | D20: 4 | E20: 5 | F20: 38 | G20: 0 | H20: 0 | I20: 8 | J20: 4 | K20: 1 | L20: 4 | M20: 345 | N20: 0 | O20: =SUM(C20:L20,N20) -> 97 | P20: =SUM(C20:N20) -> 442 | R20: 1700-1800 | S20: =SUM(C50:C53) -> 116 | T20: =SUM(D50:D53) -> 40 | U20: =SUM(E50:E53) -> 22 | V20: =SUM(F50:F53) -> 117 | W20: =SUM(G50:G53) -> 9 | X20: =SUM(H50:H53) -> 2 | Y20: =SUM(I50:I53) -> 32 | Z20: =SUM(J50:J53) -> 9 | ... AF20: =SUM(P50:P53) -> 1180
B21: 09.45 - 10.00 | C21: 36 | D21: 3 | E21: 6 | F21: 35 | G21: 1 | H21: 0 | I21: 7 | J21: 1 | K21: 4 | L21: 1 | M21: 169 | N21: 0 | O21: =SUM(C21:L21,N21) -> 94 | P21: =SUM(C21:N21) -> 263 | R21: 1800-1900 | S21: =SUM(C54:C57) -> 108 | T21: =SUM(D54:D57) -> 45 | U21: =SUM(E54:E57) -> 15 | V21: =SUM(F54:F57) -> 165 | W21: =SUM(G54:G57) -> 12 | X21: =SUM(H54:H57) -> 5 | Y21: =SUM(I54:I57) -> 17 | Z21: =SUM(J54:J57) -> 9 | ... AF21: =SUM(P54:P57) -> 1526
B22: 10.00 - 10.15 | C22: 48 | D22: 9 | E22: 8 | F22: 30 | G22: 1 | H22: 0 | I22: 8 | J22: 8 | K22: 6 | L22: 2 | M22: 370 | N22: 0 | O22: =SUM(C22:L22,N22) -> 120 | P22: =SUM(C22:N22) -> 490 | R22: AM Peak Hr | S22: =MAX(S10:S12) -> 196 | T22: =MAX(T10:T12) -> 41 | U22: =MAX(U10:U12) -> 29 | V22: =MAX(V10:V12) -> 201 | W22: =MAX(W10:W12) -> 8 | X22: =MAX(X10:X12) -> 2 | Y22: =MAX(Y10:Y12) -> 23 | Z22: =MAX(Z10:Z12) -> 14 | ... AF22: =MAX(AF10:AF12) -> 1801
B23: 10.15 - 10.30 | C23: 33 | D23: 10 | E23: 7 | F23: 39 | G23: 1 | H23: 0 | I23: 1 | J23: 3 | K23: 1 | L23: 1 | M23: 455 | N23: 0 | O23: =SUM(C23:L23,N23) -> 96 | P23: =SUM(C23:N23) -> 551 | R23: IP Peak Hr | S23: =MAX(S13:S18) -> 158 | T23: =MAX(T13:T18) -> 59 | U23: =MAX(U13:U18) -> 52 | V23: =MAX(V13:V18) -> 169 | W23: =MAX(W13:W18) -> 10 | X23: =MAX(X13:X18) -> 5 | Y23: =MAX(Y13:Y18) -> 33 | Z23: =MAX(Z13:Z18) -> 21 | ... AF23: =MAX(AF13:AF18) -> 1805
B24: 10.30 - 10.45 | C24: 45 | D24: 9 | E24: 8 | F24: 68 | G24: 1 | H24: 1 | I24: 15 | J24: 2 | K24: 3 | L24: 2 | M24: 388 | N24: 0 | O24: =SUM(C24:L24,N24) -> 154 | P24: =SUM(C24:N24) -> 542 | R24: PM Peak Hr | S24: =MAX(S19:S21) -> 116 | T24: =MAX(T19:T21) -> 56 | U24: =MAX(U19:U21) -> 28 | V24: =MAX(V19:V21) -> 165 | W24: =MAX(W19:W21) -> 12 | X24: =MAX(X19:X21) -> 5 | Y24: =MAX(Y19:Y21) -> 32 | Z24: =MAX(Z19:Z21) -> 10 | ... AF24: =MAX(AF19:AF21) -> 1526
B25: 10.45 - 11.00 | C25: 31 | D25: 13 | E25: 9 | F25: 32 | G25: 4 | H25: 0 | I25: 9 | J25: 8 | K25: 4 | L25: 1 | M25: 111 | N25: 0 | O25: =SUM(C25:L25,N25) -> 111 | P25: =SUM(C25:N25) -> 222 | R25: AM Period | S25: =SUM(S10:S12) -> 454 | T25: =SUM(T10:T12) -> 93 | U25: =SUM(U10:U12) -> 74 | V25: =SUM(V10:V12) -> 549 | W25: =SUM(W10:W12) -> 18 | X25: =SUM(X10:X12) -> 3 | Y25: =SUM(Y10:Y12) -> 64 | Z25: =SUM(Z10:Z12) -> 32 | ... AF25: =SUM(AF10:AF12) -> 5224
B26: 11.00 - 11.15 | C26: 31 | D26: 10 | E26: 9 | F26: 35 | G26: 1 | H26: 0 | I26: 10 | J26: 4 | K26: 7 | L26: 4 | M26: 198 | N26: 0 | O26: =SUM(C26:L26,N26) -> 111 | P26: =SUM(C26:N26) -> 309 | R26: IP Period | S26: =SUM(S13:S18) -> 791 | T26: =SUM(T13:T18) -> 243 | U26: =SUM(U13:U18) -> 222 | V26: =SUM(V13:V18) -> 911 | W26: =SUM(W13:W18) -> 47 | X26: =SUM(X13:X18) -> 15 | Y26: =SUM(Y13:Y18) -> 158 | Z26: =SUM(Z13:Z18) -> 89 | ... AF26: =SUM(AF13:AF18) -> 6648
B27: 11.15 - 11.30 | C27: 39 | D27: 18 | E27: 12 | F27: 43 | G27: 1 | H27: 0 | I27: 8 | J27: 2 | K27: 1 | L27: 1 | M27: 223 | N27: 0 | O27: =SUM(C27:L27,N27) -> 125 | P27: =SUM(C27:N27) -> 348 | R27: PM Period | S27: =SUM(S19:S21) -> 337 | T27: =SUM(T19:T21) -> 141 | U27: =SUM(U19:U21) -> 65 | V27: =SUM(V19:V21) -> 420 | W27: =SUM(W19:W21) -> 24 | X27: =SUM(X19:X21) -> 9 | Y27: =SUM(Y19:Y21) -> 80 | Z27: =SUM(Z19:Z21) -> 28 | ... AF27: =SUM(AF19:AF21) -> 3985
B28: 11.30 - 11.45 | C28: 39 | D28: 14 | E28: 15 | F28: 42 | G28: 3 | H28: 0 | I28: 6 | J28: 4 | K28: 0 | L28: 2 | M28: 170 | N28: 0 | O28: =SUM(C28:L28,N28) -> 125 | P28: =SUM(C28:N28) -> 295 | R28: 12 Hours | S28: =SUM(S10:S21) -> 1582 | T28: =SUM(T10:T21) -> 477 | U28: =SUM(U10:U21) -> 361 | V28: =SUM(V10:V21) -> 1880 | W28: =SUM(W10:W21) -> 89 | X28: =SUM(X10:X21) -> 27 | Y28: =SUM(Y10:Y21) -> 302 | Z28: =SUM(Z10:Z21) -> 149 | ... AF28: =SUM(AF10:AF21) -> 15857
B29: 11.45 - 12.00 | C29: 30 | D29: 11 | E29: 10 | F29: 42 | G29: 0 | H29: 0 | I29: 7 | J29: 5 | K29: 1 | L29: 2 | M29: 197 | N29: 0 | O29: =SUM(C29:L29,N29) -> 108 | P29: =SUM(C29:N29) -> 305
B30: 12.00 - 12.15 | C30: 42 | D30: 5 | E30: 11 | F30: 33 | G30: 2 | H30: 0 | I30: 3 | J30: 3 | K30: 3 | L30: 2 | M30: 130 | N30: 0 | O30: =SUM(C30:L30,N30) -> 104 | P30: =SUM(C30:N30) -> 234
B31: 12.15 - 12.30 | C31: 47 | D31: 9 | E31: 8 | F31: 33 | G31: 1 | H31: 0 | I31: 10 | J31: 4 | K31: 1 | L31: 5 | M31: 157 | N31: 0 | O31: =SUM(C31:L31,N31) -> 118 | P31: =SUM(C31:N31) -> 275
B32: 12.30 - 12.45 | C32: 49 | D32: 8 | E32: 8 | F32: 49 | G32: 1 | H32: 1 | I32: 13 | J32: 4 | K32: 1 | L32: 2 | M32: 123 | N32: 0 | O32: =SUM(C32:L32,N32) -> 136 | P32: =SUM(C32:N32) -> 259
B33: 12.45 - 13.00 | C33: 20 | D33: 10 | E33: 9 | F33: 37 | G33: 4 | H33: 1 | I33: 7 | J33: 4 | K33: 2 | L33: 5 | M33: 118 | N33: 0 | O33: =SUM(C33:L33,N33) -> 99 | P33: =SUM(C33:N33) -> 217
B34: 13.00 - 13.15 | C34: 47 | D34: 12 | E34: 8 | F34: 47 | G34: 2 | H34: 0 | I34: 4 | J34: 6 | K34: 4 | L34: 1 | M34: 104 | N34: 0 | O34: =SUM(C34:L34,N34) -> 131 | P34: =SUM(C34:N34) -> 235
B35: 13.15 - 13.30 | C35: 33 | D35: 10 | E35: 13 | F35: 50 | G35: 4 | H35: 1 | I35: 7 | J35: 2 | K35: 4 | L35: 2 | M35: 124 | N35: 0 | O35: =SUM(C35:L35,N35) -> 126 | P35: =SUM(C35:N35) -> 250
B36: 13.30 - 13.45 | C36: 17 | D36: 3 | E36: 6 | F36: 28 | G36: 2 | H36: 0 | I36: 4 | J36: 6 | K36: 0 | L36: 1 | M36: 90 | N36: 0 | O36: =SUM(C36:L36,N36) -> 67 | P36: =SUM(C36:N36) -> 157
B37: 13.45 - 14.00 | C37: 21 | D37: 10 | E37: 8 | F37: 40 | G37: 1 | H37: 2 | I37: 3 | J37: 1 | K37: 4 | L37: 1 | M37: 82 | N37: 0 | O37: =SUM(C37:L37,N37) -> 91 | P37: =SUM(C37:N37) -> 173
B38: 14.00 - 14.15 | C38: 24 | D38: 5 | E38: 4 | F38: 24 | G38: 3 | H38: 1 | I38: 3 | J38: 1 | K38: 3 | L38: 2 | M38: 73 | N38: 0 | O38: =SUM(C38:L38,N38) -> 70 | P38: =SUM(C38:N38) -> 143
B39: 14.15 - 14.30 | C39: 10 | D39: 4 | E39: 5 | F39: 15 | G39: 3 | H39: 1 | I39: 2 | J39: 0 | K39: 2 | L39: 3 | M39: 38 | N39: 0 | O39: =SUM(C39:L39,N39) -> 45 | P39: =SUM(C39:N39) -> 83
B40: 14.30 - 14.45 | C40: 11 | D40: 5 | E40: 5 | F40: 28 | G40: 2 | H40: 1 | I40: 9 | J40: 2 | K40: 4 | L40: 5 | M40: 104 | N40: 0 | O40: =SUM(C40:L40,N40) -> 72 | P40: =SUM(C40:N40) -> 176
... B57: 18.45 - 19.00 | C57: 15 | D57: 12 | E57: 3 | F57: 40 | G57: 3 | H57: 3 | I57: 5 | J57: 3 | K57: 5 | L57: 1 | M57: 321 | N57: 0 | O57: =SUM(C57:L57,N57) -> 90 | P57: =SUM(C57:N57) -> 411
B58: Totals | C58: =SUM(C10:C57) -> 1582 | D58: =SUM(D10:D57) -> 477 | E58: =SUM(E10:E57) -> 361 | F58: =SUM(F10:F57) -> 1880 | G58: =SUM(G10:G57) -> 89 | H58: =SUM(H10:H57) -> 27 | I58: =SUM(I10:I57) -> 302 | J58: =SUM(J10:J57) -> 149 | ... P58: =SUM(P10:P57) -> 15857
B59: %ges + MCs | C59: =C58/$P$58 -> 0.099766665 | D59: =D58/$P$58 -> 0.030081352 | E59: =E58/$P$58 -> 0.022765971 | F59: =F58/$P$58 -> 0.11855963 | G59: =G58/$P$58 -> 0.0056126632 | H59: =H58/$P$58 -> 0.001702718 | I59: =I58/$P$58 -> 0.019045217 | J59: =J58/$P$58 -> 0.009396481 | ... N59: =N58/$P$58 -> 0
B60: %ges w/o MCs | C60: =C58/$O$58 -> 0.30635167 | D60: =D58/$O$58 -> 0.092370256 | E60: =E58/$O$58 -> 0.069907049 | F60: =F58/$O$58 -> 0.36405887 | G60: =G58/$O$58 -> 0.017234702 | H60: =H58/$O$58 -> 0.005228505 | I60: =I58/$O$58 -> 0.058481797 | J60: =J58/$O$58 -> 0.028853602 | ... L60: =L58/$O$58 -> 0.024980635 | N60: =N58/$O$58 -> 0

Sheet 24.07 Bwaise-Kawempe
B1: Consultancy services for Preparation of Expressway Development Master Plan (EDMP) for Uganda
B2: 27
B3: ROAD NAME: | C3: ='22.07 Bwaise-Kawempe'!C3:G3 -> MCC - C1 - STN23 - BOMBO ROAD
C5: Date | D5: 24.07.19 | F5: Location | G5: ='22.07 Bwaise-Kawempe'!G5:H5 -> Before Steel and Tube | J5: Surveyor | K5: ='22.07 Bwaise-Kawempe'!K5:L5 -> Kajjubi Eddie
C6: Dir. From | D6: ='22.07 Bwaise-Kawempe'!D6:E6 -> Bwaise | F6: Dir. To | G6: ='22.07 Bwaise-Kawempe'!G6:H6 -> Kawempe | J6: Supervisor | K6: ='22.07 Bwaise-Kawempe'!K6:L6 -> Salima
B8: Time / Veh Type | R8: SUMMARY TRAFFIC VOLUMES
C9: 1. Car | D9: 2. Station Wagon | E9: 3. Pickups | F9: 4. Minibus, matatu | G9: 5. Medium bus | H9: 6. Large Bus | I9: 7. Light Truck | J9: 8. Medium Truck | K9: 9. Heavy truck | L9: 10. Truck Trailer | M9: 11. Motor cycles | N9: 12. Tractors | O9: Total Excl M/Cycles | P9: Total All | R9: Time | S9: 1. Car | T9: 2. Station Wagon | U9: 3. Pickups | V9: 4. Minibus, matatu | W9: 5. Medium bus | X9: 6. Large Bus | Y9: 7. Light Truck | Z9: 8. Medium Truck | AA9: 9. Heavy truck | AB9: 10. Truck Trailer | AC9: 11. Motorcycles | AD9: 12. Tractors, Graders | AE9: Total Excl M/ Cycles | AF9: Total All
B10: 07.00 - 07.15 | C10: 10 | D10: 1 | E10: 1 | F10: 27 | G10: 0 | H10: 0 | I10: 5 | J10: 0 | K10: 1 | L10: 2 | M10: 110 | N10: 0 | O10: =SUM(C10:L10,N10) -> 47 | P10: =SUM(C10:N10) -> 157 | R10: 0700-0800 | S10: =SUM(C10:C13) -> 100 | T10: =SUM(D10:D13) -> 8 | U10: =SUM(E10:E13) -> 12 | V10: =SUM(F10:F13) -> 144 | W10: =SUM(G10:G13) -> 10 | X10: =SUM(H10:H13) -> 2 | Y10: =SUM(I10:I13) -> 31 | Z10: =SUM(J10:J13) -> 4 | ... AF10: =SUM(P10:P13) -> 1117
B11: 07.15 - 07.30 | C11: 28 | D11: 2 | E11: 4 | F11: 34 | G11: 0 | H11: 1 | I11: 6 | J11: 1 | K11: 1 | L11: 1 | M11: 200 | N11: 0 | O11: =SUM(C11:L11,N11) -> 78 | P11: =SUM(C11:N11) -> 278 | R11: 0800-0900 | S11: =SUM(C14:C17) -> 106 | T11: =SUM(D14:D17) -> 12 | U11: =SUM(E14:E17) -> 18 | V11: =SUM(F14:F17) -> 178 | W11: =SUM(G14:G17) -> 6 | X11: =SUM(H14:H17) -> 3 | Y11: =SUM(I14:I17) -> 33 | Z11: =SUM(J14:J17) -> 5 | ... AF11: =SUM(P14:P17) -> 1446
B12: 07.30 - 07.45 | C12: 33 | D12: 4 | E12: 2 | F12: 39 | G12: 3 | H12: 1 | I12: 7 | J12: 2 | K12: 1 | L12: 1 | M12: 263 | N12: 0 | O12: =SUM(C12:L12,N12) -> 93 | P12: =SUM(C12:N12) -> 356 | R12: 0900-1000 | S12: =SUM(C18:C21) -> 96 | T12: =SUM(D18:D21) -> 14 | U12: =SUM(E18:E21) -> 20 | V12: =SUM(F18:F21) -> 183 | W12: =SUM(G18:G21) -> 9 | X12: =SUM(H18:H21) -> 2 | Y12: =SUM(I18:I21) -> 50 | Z12: =SUM(J18:J21) -> 0 | ... AF12: =SUM(P18:P21) -> 1115
B13: 07.45 - 08.00 | C13: 29 | D13: 1 | E13: 5 | F13: 44 | G13: 7 | H13: 0 | I13: 13 | J13: 1 | K13: 1 | L13: 0 | M13: 225 | N13: 0 | O13: =SUM(C13:L13,N13) -> 101 | P13: =SUM(C13:N13) -> 326 | R13: 1000-1100 | S13: =SUM(C22:C25) -> 145 | T13: =SUM(D22:D25) -> 23 | U13: =SUM(E22:E25) -> 23 | V13: =SUM(F22:F25) -> 194 | W13: =SUM(G22:G25) -> 2 | X13: =SUM(H22:H25) -> 1 | Y13: =SUM(I22:I25) -> 54 | Z13: =SUM(J22:J25) -> 9 | ... AF13: =SUM(P22:P25) -> 1047
B14: 08.00 - 08.15 | C14: 25 | D14: 3 | E14: 3 | F14: 39 | G14: 4 | H14: 2 | I14: 2 | J14: 1 | K14: 1 | L14: 2 | M14: 285 | N14: 0 | O14: =SUM(C14:L14,N14) -> 82 | P14: =SUM(C14:N14) -> 367 | R14: 1100-1200 | S14: =SUM(C26:C29) -> 216 | T14: =SUM(D26:D29) -> 26 | U14: =SUM(E26:E29) -> 32 | V14: =SUM(F26:F29) -> 150 | W14: =SUM(G26:G29) -> 3 | X14: =SUM(H26:H29) -> 3 | Y14: =SUM(I26:I29) -> 53 | Z14: =SUM(J26:J29) -> 12 | ... AF14: =SUM(P26:P29) -> 1040
B15: 08.15 - 08.30 | C15: 23 | D15: 4 | E15: 3 | F15: 33 | G15: 1 | H15: 0 | I15: 8 | J15: 2 | K15: 3 | L15: 2 | M15: 270 | N15: 1 | O15: =SUM(C15:L15,N15) -> 80 | P15: =SUM(C15:N15) -> 350 | R15: 1200-1300 | S15: =SUM(C30:C33) -> 131 | T15: =SUM(D30:D33) -> 26 | U15: =SUM(E30:E33) -> 22 | V15: =SUM(F30:F33) -> 109 | W15: =SUM(G30:G33) -> 9 | X15: =SUM(H30:H33) -> 3 | Y15: =SUM(I30:I33) -> 53 | Z15: =SUM(J30:J33) -> 21 | ... AF15: =SUM(P30:P33) -> 836
B16: 08.30 - 08.45 | C16: 31 | D16: 3 | E16: 5 | F16: 54 | G16: 1 | H16: 0 | I16: 10 | J16: 0 | K16: 1 | L16: 2 | M16: 255 | N16: 0 | O16: =SUM(C16:L16,N16) -> 107 | P16: =SUM(C16:N16) -> 362 | R16: 1300-1400 | S16: =SUM(C34:C37) -> 109 | T16: =SUM(D34:D37) -> 21 | U16: =SUM(E34:E37) -> 14 | V16: =SUM(F34:F37) -> 125 | W16: =SUM(G34:G37) -> 5 | X16: =SUM(H34:H37) -> 2 | Y16: =SUM(I34:I37) -> 40 | Z16: =SUM(J34:J37) -> 13 | ... AF16: =SUM(P34:P37) -> 707
B17: 08.45 - 9.00 | C17: 27 | D17: 2 | E17: 7 | F17: 52 | G17: 0 | H17: 1 | I17: 13 | J17: 2 | K17: 3 | L17: 4 | M17: 255 | N17: 1 | O17: =SUM(C17:L17,N17) -> 112 | P17: =SUM(C17:N17) -> 367 | R17: 1400-1500 | S17: =SUM(C38:C41) -> 104 | T17: =SUM(D38:D41) -> 17 | U17: =SUM(E38:E41) -> 29 | V17: =SUM(F38:F41) -> 142 | W17: =SUM(G38:G41) -> 4 | X17: =SUM(H38:H41) -> 2 | Y17: =SUM(I38:I41) -> 50 | Z17: =SUM(J38:J41) -> 16 | ... AF17: =SUM(P38:P41) -> 749
B18: 09.00 - 09.15 | C18: 29 | D18: 5 | E18: 5 | F18: 30 | G18: 3 | H18: 1 | I18: 13 | J18: 0 | K18: 1 | L18: 4 | M18: 160 | N18: 0 | O18: =SUM(C18:L18,N18) -> 91 | P18: =SUM(C18:N18) -> 251 | R18: 1500-1600 | S18: =SUM(C42:C45) -> 132 | T18: =SUM(D42:D45) -> 13 | U18: =SUM(E42:E45) -> 28 | V18: =SUM(F42:F45) -> 128 | W18: =SUM(G42:G45) -> 4 | X18: =SUM(H42:H45) -> 0 | Y18: =SUM(I42:I45) -> 59 | Z18: =SUM(J42:J45) -> 25 | ... AF18: =SUM(P42:P45) -> 770
B19: 09.15 - 09.30 | C19: 26 | D19: 4 | E19: 4 | F19: 55 | G19: 2 | H19: 0 | I19: 14 | J19: 0 | K19: 2 | L19: 3 | M19: 215 | N19: 0 | O19: =SUM(C19:L19,N19) -> 110 | P19: =SUM(C19:N19) -> 325 | R19: 1600-1700 | S19: =SUM(C46:C49) -> 144 | T19: =SUM(D46:D49) -> 20 | U19: =SUM(E46:E49) -> 24 | V19: =SUM(F46:F49) -> 162 | W19: =SUM(G46:G49) -> 8 | X19: =SUM(H46:H49) -> 1 | Y19: =SUM(I46:I49) -> 47 | Z19: =SUM(J46:J49) -> 23 | ... AF19: =SUM(P46:P49) -> 936
B20: 09.30 - 09.45 | C20: 28 | D20: 2 | E20: 9 | F20: 62 | G20: 2 | H20: 1 | I20: 13 | J20: 0 | K20: 0 | L20: 0 | M20: 195 | N20: 0 | O20: =SUM(C20:L20,N20) -> 117 | P20: =SUM(C20:N20) -> 312 | R20: 1700-1800 | S20: =SUM(C50:C53) -> 151 | T20: =SUM(D50:D53) -> 18 | U20: =SUM(E50:E53) -> 11 | V20: =SUM(F50:F53) -> 122 | W20: =SUM(G50:G53) -> 4 | X20: =SUM(H50:H53) -> 1 | Y20: =SUM(I50:I53) -> 27 | Z20: =SUM(J50:J53) -> 24 | ... AF20: =SUM(P50:P53) -> 783
B21: 09.45 - 10.00 | C21: 13 | D21: 3 | E21: 2 | F21: 36 | G21: 2 | H21: 0 | I21: 10 | J21: 0 | K21: 0 | L21: 1 | M21: 160 | N21: 0 | O21: =SUM(C21:L21,N21) -> 67 | P21: =SUM(C21:N21) -> 227 | R21: 1800-1900 | S21: =SUM(C54:C57) -> 175 | T21: =SUM(D54:D57) -> 26 | U21: =SUM(E54:E57) -> 13 | V21: =SUM(F54:F57) -> 147 | W21: =SUM(G54:G57) -> 13 | X21: =SUM(H54:H57) -> 0 | Y21: =SUM(I54:I57) -> 47 | Z21: =SUM(J54:J57) -> 17 | ... AF21: =SUM(P54:P57) -> 1125
B22: 10.00 - 10.15 | C22: 27 | D22: 4 | E22: 6 | F22: 48 | G22: 1 | H22: 0 | I22: 12 | J22: 1 | K22: 3 | L22: 6 | M22: 145 | N22: 0 | O22: =SUM(C22:L22,N22) -> 108 | P22: =SUM(C22:N22) -> 253 | R22: AM Peak Hr | S22: =MAX(S10:S12) -> 106 | T22: =MAX(T10:T12) -> 14 | U22: =MAX(U10:U12) -> 20 | V22: =MAX(V10:V12) -> 183 | W22: =MAX(W10:W12) -> 10 | X22: =MAX(X10:X12) -> 3 | Y22: =MAX(Y10:Y12) -> 50 | Z22: =MAX(Z10:Z12) -> 5 | ... AF22: =MAX(AF10:AF12) -> 1446
B23: 10.15 - 10.30 | C23: 26 | D23: 6 | E23: 2 | F23: 53 | G23: 0 | H23: 1 | I23: 10 | J23: 3 | K23: 5 | L23: 4 | M23: 225 | N23: 0 | O23: =SUM(C23:L23,N23) -> 110 | P23: =SUM(C23:N23) -> 335 | R23: IP Peak Hr | S23: =MAX(S13:S18) -> 216 | T23: =MAX(T13:T18) -> 26 | U23: =MAX(U13:U18) -> 32 | V23: =MAX(V13:V18) -> 194 | W23: =MAX(W13:W18) -> 9 | X23: =MAX(X13:X18) -> 3 | Y23: =MAX(Y13:Y18) -> 59 | Z23: =MAX(Z13:Z18) -> 25 | ... AF23: =MAX(AF13:AF18) -> 1047
B24: 10.30 - 10.45 | C24: 47 | D24: 8 | E24: 8 | F24: 51 | G24: 1 | H24: 0 | I24: 23 | J24: 0 | K24: 6 | L24: 2 | M24: 19 | N24: 0 | O24: =SUM(C24:L24,N24) -> 146 | P24: =SUM(C24:N24) -> 165 | R24: PM Peak Hr | S24: =MAX(S19:S21) -> 175 | T24: =MAX(T19:T21) -> 26 | U24: =MAX(U19:U21) -> 24 | V24: =MAX(V19:V21) -> 162 | W24: =MAX(W19:W21) -> 13 | X24: =MAX(X19:X21) -> 1 | Y24: =MAX(Y19:Y21) -> 47 | Z24: =MAX(Z19:Z21) -> 24 | ... AF24: =MAX(AF19:AF21) -> 1125
B25: 10.45 - 11.00 | C25: 45 | D25: 5 | E25: 7 | F25: 42 | G25: 0 | H25: 0 | I25: 9 | J25: 5 | K25: 0 | L25: 1 | M25: 180 | N25: 0 | O25: =SUM(C25:L25,N25) -> 114 | P25: =SUM(C25:N25) -> 294 | R25: AM Period | S25: =SUM(S10:S12) -> 302 | T25: =SUM(T10:T12) -> 34 | U25: =SUM(U10:U12) -> 50 | V25: =SUM(V10:V12) -> 505 | W25: =SUM(W10:W12) -> 25 | X25: =SUM(X10:X12) -> 7 | Y25: =SUM(Y10:Y12) -> 114 | Z25: =SUM(Z10:Z12) -> 9 | ... AF25: =SUM(AF10:AF12) -> 3678
B26: 11.00 - 11.15 | C26: 52 | D26: 9 | E26: 7 | F26: 45 | G26: 0 | H26: 1 | I26: 20 | J26: 1 | K26: 4 | L26: 7 | M26: 145 | N26: 0 | O26: =SUM(C26:L26,N26) -> 146 | P26: =SUM(C26:N26) -> 291 | R26: IP Period | S26: =SUM(S13:S18) -> 837 | T26: =SUM(T13:T18) -> 126 | U26: =SUM(U13:U18) -> 148 | V26: =SUM(V13:V18) -> 848 | W26: =SUM(W13:W18) -> 27 | X26: =SUM(X13:X18) -> 11 | Y26: =SUM(Y13:Y18) -> 309 | Z26: =SUM(Z13:Z18) -> 96 | ... AF26: =SUM(AF13:AF18) -> 5149
B27: 11.15 - 11.30 | C27: 16 | D27: 3 | E27: 8 | F27: 26 | G27: 0 | H27: 0 | I27: 5 | J27: 0 | K27: 1 | L27: 3 | M27: 96 | N27: 0 | O27: =SUM(C27:L27,N27) -> 62 | P27: =SUM(C27:N27) -> 158 | R27: PM Period | S27: =SUM(S19:S21) -> 470 | T27: =SUM(T19:T21) -> 64 | U27: =SUM(U19:U21) -> 48 | V27: =SUM(V19:V21) -> 431 | W27: =SUM(W19:W21) -> 25 | X27: =SUM(X19:X21) -> 2 | Y27: =SUM(Y19:Y21) -> 121 | Z27: =SUM(Z19:Z21) -> 64 | ... AF27: =SUM(AF19:AF21) -> 2844
B28: 11.30 - 11.45 | C28: 96 | D28: 7 | E28: 6 | F28: 36 | G28: 0 | H28: 2 | I28: 15 | J28: 5 | K28: 1 | L28: 2 | M28: 155 | N28: 0 | O28: =SUM(C28:L28,N28) -> 170 | P28: =SUM(C28:N28) -> 325 | R28: 12 Hours | S28: =SUM(S10:S21) -> 1609 | T28: =SUM(T10:T21) -> 224 | U28: =SUM(U10:U21) -> 246 | V28: =SUM(V10:V21) -> 1784 | W28: =SUM(W10:W21) -> 77 | X28: =SUM(X10:X21) -> 20 | Y28: =SUM(Y10:Y21) -> 544 | Z28: =SUM(Z10:Z21) -> 169 | ... AF28: =SUM(AF10:AF21) -> 11671
B29: 11.45 - 12.00 | C29: 52 | D29: 7 | E29: 11 | F29: 43 | G29: 3 | H29: 0 | I29: 13 | J29: 6 | K29: 0 | L29: 1 | M29: 130 | N29: 0 | O29: =SUM(C29:L29,N29) -> 136 | P29: =SUM(C29:N29) -> 266
B30: 12.00 - 12.15 | C30: 36 | D30: 7 | E30: 8 | F30: 33 | G30: 2 | H30: 1 | I30: 16 | J30: 9 | K30: 4 | L30: 3 | M30: 90 | N30: 0 | O30: =SUM(C30:L30,N30) -> 119 | P30: =SUM(C30:N30) -> 209
B31: 12.15 - 12.30 | C31: 37 | D31: 10 | E31: 8 | F31: 31 | G31: 4 | H31: 1 | I31: 11 | J31: 2 | K31: 4 | L31: 3 | M31: 135 | N31: 0 | O31: =SUM(C31:L31,N31) -> 111 | P31: =SUM(C31:N31) -> 246
B32: 12.30 - 12.45 | C32: 33 | D32: 3 | E32: 3 | F32: 41 | G32: 1 | H32: 0 | I32: 7 | J32: 7 | K32: 1 | L32: 1 | M32: 110 | N32: 0 | O32: =SUM(C32:L32,N32) -> 97 | P32: =SUM(C32:N32) -> 207
B33: 12.45 - 13.00 | C33: 25 | D33: 6 | E33: 3 | F33: 4 | G33: 2 | H33: 1 | I33: 19 | J33: 3 | K33: 3 | L33: 4 | M33: 104 | N33: 0 | O33: =SUM(C33:L33,N33) -> 70 | P33: =SUM(C33:N33) -> 174
B34: 13.00 - 13.15 | C34: 44 | D34: 11 | E34: 4 | F34: 50 | G34: 2 | H34: 0 | I34: 15 | J34: 3 | K34: 3 | L34: 3 | M34: 135 | N34: 0 | O34: =SUM(C34:L34,N34) -> 135 | P34: =SUM(C34:N34) -> 270
B35: 13.15 - 13.30 | C35: 24 | D35: 4 | E35: 6 | F35: 23 | G35: 2 | H35: 0 | I35: 9 | J35: 4 | K35: 2 | L35: 0 | M35: 120 | N35: 0 | O35: =SUM(C35:L35,N35) -> 74 | P35: =SUM(C35:N35) -> 194
B36: 13.30 - 13.45 | C36: 17 | D36: 5 | E36: 1 | F36: 24 | G36: 1 | H36: 1 | I36: 9 | J36: 3 | K36: 0 | L36: 3 | M36: 69 | N36: 0 | O36: =SUM(C36:L36,N36) -> 64 | P36: =SUM(C36:N36) -> 133
B37: 13.45 - 14.00 | C37: 24 | D37: 1 | E37: 3 | F37: 28 | G37: 0 | H37: 1 | I37: 7 | J37: 3 | K37: 3 | L37: 0 | M37: 40 | N37: 0 | O37: =SUM(C37:L37,N37) -> 70 | P37: =SUM(C37:N37) -> 110
B38: 14.00 - 14.15 | C38: 25 | D38: 2 | E38: 9 | F38: 35 | G38: 1 | H38: 1 | I38: 10 | J38: 0 | K38: 2 | L38: 5 | M38: 75 | N38: 0 | O38: =SUM(C38:L38,N38) -> 90 | P38: =SUM(C38:N38) -> 165
B39: 14.15 - 14.30 | C39: 24 | D39: 5 | E39: 5 | F39: 29 | G39: 1 | H39: 0 | I39: 12 | J39: 8 | K39: 2 | L39: 5 | M39: 80 | N39: 0 | O39: =SUM(C39:L39,N39) -> 91 | P39: =SUM(C39:N39) -> 171
B40: 14.30 - 14.45 | C40: 23 | D40: 5 | E40: 7 | F40: 35 | G40: 1 | H40: 0 | I40: 9 | J40: 6 | K40: 3 | L40: 2 | M40: 110 | N40: 0 | O40: =SUM(C40:L40,N40) -> 91 | P40: =SUM(C40:N40) -> 201
... B57: 18.45 - 19.00 | C57: 44 | D57: 7 | E57: 5 | F57: 46 | G57: 5 | H57: 0 | I57: 10 | J57: 2 | K57: 6 | L57: 6 | M57: 190 | N57: 0 | O57: =SUM(C57:L57,N57) -> 131 | P57: =SUM(C57:N57) -> 321
B58: Totals | C58: =SUM(C10:C57) -> 1609 | D58: =SUM(D10:D57) -> 224 | E58: =SUM(E10:E57) -> 246 | F58: =SUM(F10:F57) -> 1784 | G58: =SUM(G10:G57) -> 77 | H58: =SUM(H10:H57) -> 20 | I58: =SUM(I10:I57) -> 544 | J58: =SUM(J10:J57) -> 169 | ... P58: =SUM(P10:P57) -> 11671
B59: %ges + MCs | C59: =C58/$P$58 -> 0.13786308 | D59: =D58/$P$58 -> 0.019192871 | E59: =E58/$P$58 -> 0.021077885 | F59: =F58/$P$58 -> 0.15285751 | G59: =G58/$P$58 -> 0.0065975495 | H59: =H58/$P$58 -> 0.0017136492 | I59: =I58/$P$58 -> 0.046611259 | J59: =J58/$P$58 -> 0.014480336 | ... N59: =N58/$P$58 -> 0.00017136492
B60: %ges w/o MCs | C60: =C58/$O$58 -> 0.32870276 | D60: =D58/$O$58 -> 0.045760981 | E60: =E58/$O$58 -> 0.050255363 | F60: =F58/$O$58 -> 0.36445352 | G60: =G58/$O$58 -> 0.015730337 | H60: =H58/$O$58 -> 0.0040858018 | I60: =I58/$O$58 -> 0.11113381 | J60: =J58/$O$58 -> 0.034525026 | ... L60: =L58/$O$58 -> 0.025536261 | N60: =N58/$O$58 -> 0.00040858018
S63: 0

Sheet 24.07 Kawempe-Bwaise
B1: Consultancy services for Preparation of Expressway Development Master Plan (EDMP) for Uganda
B2: MANUAL CLASSIFIED COUNT (MCC)
B3: ROAD NAME: | C3: ='22.07 kawempe-Bwaise'!C3:G3 -> MCC - C1 - STN23 - BOMBO ROAD
C5: Date | D5: ='24.07 Bwaise-Kawempe'!D5 -> 24.07.19 | F5: Location | G5: ='22.07 Bwaise-Kawempe'!G5:H5 -> Before Steel and Tube | J5: Surveyor | K5: Nakiwuge Allen
C6: Dir. From | D6: ='22.07 kawempe-Bwaise'!D6:E6 -> Kawempe | F6: Dir. To | G6: ='22.07 kawempe-Bwaise'!G6:H6 -> Bwaise | J6: Supervisor | K6: ='22.07 Bwaise-Kawempe'!K6:L6 -> Salima
B8: Time / Veh Type | R8: SUMMARY TRAFFIC VOLUMES
C9: 1. Car | D9: 2. Station Wagon | E9: 3. Pickups | F9: 4. Minibus, matatu | G9: 5. Medium bus | H9: 6. Large Bus | I9: 7. Light Truck | J9: 8. Medium Truck | K9: 9. Heavy truck | L9: 10. Truck Trailer | M9: 11. Motor cycles | N9: 12. Tractors | O9: Total Excl M/Cycles | P9: Total All | R9: Time | S9: 1. Car | T9: 2. Station Wagon | U9: 3. Pickups | V9: 4. Minibus, matatu | W9: 5. Medium bus | X9: 6. Large Bus | Y9: 7. Light Truck | Z9: 8. Medium Truck | AA9: 9. Heavy truck | AB9: 10. Truck Trailer | AC9: 11. Motorcycles | AD9: 12. Tractors, Graders | AE9: Total Excl M/ Cycles | AF9: Total All
B10: 07.00 - 07.15 | C10: 63 | D10: 10 | E10: 5 | F10: 72 | G10: 3 | H10: 1 | I10: 5 | J10: 6 | K10: 4 | L10: 0 | M10: 175 | N10: 0 | O10: =SUM(C10:L10,N10) -> 169 | P10: =SUM(C10:N10) -> 344 | R10: 0700-0800 | S10: =SUM(C10:C13) -> 233 | T10: =SUM(D10:D13) -> 45 | U10: =SUM(E10:E13) -> 27 | V10: =SUM(F10:F13) -> 241 | W10: =SUM(G10:G13) -> 9 | X10: =SUM(H10:H13) -> 1 | Y10: =SUM(I10:I13) -> 28 | Z10: =SUM(J10:J13) -> 24 | ... AF10: =SUM(P10:P13) -> 1439
B11: 07.15 - 07.30 | C11: 61 | D11: 16 | E11: 7 | F11: 59 | G11: 4 | H11: 0 | I11: 9 | J11: 9 | K11: 3 | L11: 1 | M11: 200 | N11: 0 | O11: =SUM(C11:L11,N11) -> 169 | P11: =SUM(C11:N11) -> 369 | R11: 0800-0900 | S11: =SUM(C14:C17) -> 205 | T11: =SUM(D14:D17) -> 37 | U11: =SUM(E14:E17) -> 27 | V11: =SUM(F14:F17) -> 256 | W11: =SUM(G14:G17) -> 8 | X11: =SUM(H14:H17) -> 1 | Y11: =SUM(I14:I17) -> 26 | Z11: =SUM(J14:J17) -> 23 | ... AF11: =SUM(P14:P17) -> 1613
B12: 07.30 - 07.45 | C12: 63 | D12: 9 | E12: 10 | F12: 51 | G12: 2 | H12: 0 | I12: 5 | J12: 6 | K12: 7 | L12: 0 | M12: 210 | N12: 0 | O12: =SUM(C12:L12,N12) -> 153 | P12: =SUM(C12:N12) -> 363 | R12: 0900-1000 | S12: =SUM(C18:C21) -> 197 | T12: =SUM(D18:D21) -> 50 | U12: =SUM(E18:E21) -> 25 | V12: =SUM(F18:F21) -> 203 | W12: =SUM(G18:G21) -> 15 | X12: =SUM(H18:H21) -> 0 | Y12: =SUM(I18:I21) -> 37 | Z12: =SUM(J18:J21) -> 44 | ... AF12: =SUM(P18:P21) -> 1448
B13: 07.45 - 08.00 | C13: 46 | D13: 10 | E13: 5 | F13: 59 | G13: 0 | H13: 0 | I13: 9 | J13: 3 | K13: 4 | L13: 2 | M13: 225 | N13: 0 | O13: =SUM(C13:L13,N13) -> 138 | P13: =SUM(C13:N13) -> 363 | R13: 1000-1100 | S13: =SUM(C22:C25) -> 176 | T13: =SUM(D22:D25) -> 38 | U13: =SUM(E22:E25) -> 28 | V13: =SUM(F22:F25) -> 213 | W13: =SUM(G22:G25) -> 3 | X13: =SUM(H22:H25) -> 3 | Y13: =SUM(I22:I25) -> 41 | Z13: =SUM(J22:J25) -> 41 | ... AF13: =SUM(P22:P25) -> 1281
B14: 08.00 - 08.15 | C14: 55 | D14: 8 | E14: 7 | F14: 39 | G14: 2 | H14: 0 | I14: 3 | J14: 4 | K14: 0 | L14: 0 | M14: 220 | N14: 0 | O14: =SUM(C14:L14,N14) -> 118 | P14: =SUM(C14:N14) -> 338 | R14: 1100-1200 | S14: =SUM(C26:C29) -> 141 | T14: =SUM(D26:D29) -> 40 | U14: =SUM(E26:E29) -> 27 | V14: =SUM(F26:F29) -> 164 | W14: =SUM(G26:G29) -> 4 | X14: =SUM(H26:H29) -> 0 | Y14: =SUM(I26:I29) -> 27 | Z14: =SUM(J26:J29) -> 50 | ... AF14: =SUM(P26:P29) -> 1179
B15: 08.15 - 08.30 | C15: 34 | D15: 9 | E15: 6 | F15: 36 | G15: 2 | H15: 0 | I15: 4 | J15: 6 | K15: 2 | L15: 0 | M15: 205 | N15: 0 | O15: =SUM(C15:L15,N15) -> 99 | P15: =SUM(C15:N15) -> 304 | R15: 1200-1300 | S15: =SUM(C30:C33) -> 115 | T15: =SUM(D30:D33) -> 50 | U15: =SUM(E30:E33) -> 22 | V15: =SUM(F30:F33) -> 136 | W15: =SUM(G30:G33) -> 8 | X15: =SUM(H30:H33) -> 3 | Y15: =SUM(I30:I33) -> 29 | Z15: =SUM(J30:J33) -> 45 | ... AF15: =SUM(P30:P33) -> 1159
B16: 08.30 - 08.45 | C16: 72 | D16: 11 | E16: 11 | F16: 113 | G16: 3 | H16: 1 | I16: 8 | J16: 3 | K16: 4 | L16: 3 | M16: 330 | N16: 0 | O16: =SUM(C16:L16,N16) -> 229 | P16: =SUM(C16:N16) -> 559 | R16: 1300-1400 | S16: =SUM(C34:C37) -> 87 | T16: =SUM(D34:D37) -> 38 | U16: =SUM(E34:E37) -> 28 | V16: =SUM(F34:F37) -> 108 | W16: =SUM(G34:G37) -> 7 | X16: =SUM(H34:H37) -> 1 | Y16: =SUM(I34:I37) -> 22 | Z16: =SUM(J34:J37) -> 28 | ... AF16: =SUM(P34:P37) -> 900
B17: 08.45 - 9.00 | C17: 44 | D17: 9 | E17: 3 | F17: 68 | G17: 1 | H17: 0 | I17: 11 | J17: 10 | K17: 2 | L17: 4 | M17: 260 | N17: 0 | O17: =SUM(C17:L17,N17) -> 152 | P17: =SUM(C17:N17) -> 412 | R17: 1400-1500 | S17: =SUM(C38:C41) -> 128 | T17: =SUM(D38:D41) -> 47 | U17: =SUM(E38:E41) -> 24 | V17: =SUM(F38:F41) -> 172 | W17: =SUM(G38:G41) -> 8 | X17: =SUM(H38:H41) -> 6 | Y17: =SUM(I38:I41) -> 37 | Z17: =SUM(J38:J41) -> 22 | ... AF17: =SUM(P38:P41) -> 1026
B18: 09.00 - 09.15 | C18: 62 | D18: 15 | E18: 12 | F18: 72 | G18: 1 | H18: 0 | I18: 7 | J18: 15 | K18: 4 | L18: 4 | M18: 275 | N18: 0 | O18: =SUM(C18:L18,N18) -> 192 | P18: =SUM(C18:N18) -> 467 | R18: 1500-1600 | S18: =SUM(C42:C45) -> 138 | T18: =SUM(D42:D45) -> 80 | U18: =SUM(E42:E45) -> 27 | V18: =SUM(F42:F45) -> 158 | W18: =SUM(G42:G45) -> 8 | X18: =SUM(H42:H45) -> 2 | Y18: =SUM(I42:I45) -> 43 | Z18: =SUM(J42:J45) -> 39 | ... AF18: =SUM(P42:P45) -> 979
B19: 09.15 - 09.30 | C19: 65 | D19: 8 | E19: 6 | F19: 51 | G19: 4 | H19: 0 | I19: 17 | J19: 8 | K19: 2 | L19: 2 | M19: 211 | N19: 0 | O19: =SUM(C19:L19,N19) -> 163 | P19: =SUM(C19:N19) -> 374 | R19: 1600-1700 | S19: =SUM(C46:C49) -> 130 | T19: =SUM(D46:D49) -> 56 | U19: =SUM(E46:E49) -> 40 | V19: =SUM(F46:F49) -> 156 | W19: =SUM(G46:G49) -> 6 | X19: =SUM(H46:H49) -> 6 | Y19: =SUM(I46:I49) -> 24 | Z19: =SUM(J46:J49) -> 38 | ... AF19: =SUM(P46:P49) -> 1144
B20: 09.30 - 09.45 | C20: 37 | D20: 12 | E20: 3 | F20: 30 | G20: 8 | H20: 0 | I20: 3 | J20: 8 | K20: 1 | L20: 2 | M20: 170 | N20: 0 | O20: =SUM(C20:L20,N20) -> 104 | P20: =SUM(C20:N20) -> 274 | R20: 1700-1800 | S20: =SUM(C50:C53) -> 94 | T20: =SUM(D50:D53) -> 39 | U20: =SUM(E50:E53) -> 33 | V20: =SUM(F50:F53) -> 180 | W20: =SUM(G50:G53) -> 7 | X20: =SUM(H50:H53) -> 3 | Y20: =SUM(I50:I53) -> 25 | Z20: =SUM(J50:J53) -> 25 | ... AF20: =SUM(P50:P53) -> 1163
B21: 09.45 - 10.00 | C21: 33 | D21: 15 | E21: 4 | F21: 50 | G21: 2 | H21: 0 | I21: 10 | J21: 13 | K21: 1 | L21: 0 | M21: 205 | N21: 0 | O21: =SUM(C21:L21,N21) -> 128 | P21: =SUM(C21:N21) -> 333 | R21: 1800-1900 | S21: =SUM(C54:C57) -> 91 | T21: =SUM(D54:D57) -> 52 | U21: =SUM(E54:E57) -> 19 | V21: =SUM(F54:F57) -> 187 | W21: =SUM(G54:G57) -> 7 | X21: =SUM(H54:H57) -> 5 | Y21: =SUM(I54:I57) -> 24 | Z21: =SUM(J54:J57) -> 17 | ... AF21: =SUM(P54:P57) -> 1495
B22: 10.00 - 10.15 | C22: 39 | D22: 5 | E22: 5 | F22: 43 | G22: 2 | H22: 1 | I22: 6 | J22: 10 | K22: 2 | L22: 0 | M22: 175 | N22: 0 | O22: =SUM(C22:L22,N22) -> 113 | P22: =SUM(C22:N22) -> 288 | R22: AM Peak Hr | S22: =MAX(S10:S12) -> 233 | T22: =MAX(T10:T12) -> 50 | U22: =MAX(U10:U12) -> 27 | V22: =MAX(V10:V12) -> 256 | W22: =MAX(W10:W12) -> 15 | X22: =MAX(X10:X12) -> 1 | Y22: =MAX(Y10:Y12) -> 37 | Z22: =MAX(Z10:Z12) -> 44 | ... AF22: =MAX(AF10:AF12) -> 1613
B23: 10.15 - 10.30 | C23: 43 | D23: 14 | E23: 5 | F23: 55 | G23: 0 | H23: 1 | I23: 8 | J23: 15 | K23: 3 | L23: 0 | M23: 150 | N23: 0 | O23: =SUM(C23:L23,N23) -> 144 | P23: =SUM(C23:N23) -> 294 | R23: IP Peak Hr | S23: =MAX(S13:S18) -> 176 | T23: =MAX(T13:T18) -> 80 | U23: =MAX(U13:U18) -> 28 | V23: =MAX(V13:V18) -> 213 | W23: =MAX(W13:W18) -> 8 | X23: =MAX(X13:X18) -> 6 | Y23: =MAX(Y13:Y18) -> 43 | Z23: =MAX(Z13:Z18) -> 50 | ... AF23: =MAX(AF13:AF18) -> 1281
B24: 10.30 - 10.45 | C24: 41 | D24: 8 | E24: 9 | F24: 69 | G24: 0 | H24: 1 | I24: 13 | J24: 8 | K24: 5 | L24: 1 | M24: 200 | N24: 0 | O24: =SUM(C24:L24,N24) -> 155 | P24: =SUM(C24:N24) -> 355 | R24: PM Peak Hr | S24: =MAX(S19:S21) -> 130 | T24: =MAX(T19:T21) -> 56 | U24: =MAX(U19:U21) -> 40 | V24: =MAX(V19:V21) -> 187 | W24: =MAX(W19:W21) -> 7 | X24: =MAX(X19:X21) -> 6 | Y24: =MAX(Y19:Y21) -> 25 | Z24: =MAX(Z19:Z21) -> 38 | ... AF24: =MAX(AF19:AF21) -> 1495
B25: 10.45 - 11.00 | C25: 53 | D25: 11 | E25: 9 | F25: 46 | G25: 1 | H25: 0 | I25: 14 | J25: 8 | K25: 1 | L25: 0 | M25: 201 | N25: 0 | O25: =SUM(C25:L25,N25) -> 143 | P25: =SUM(C25:N25) -> 344 | R25: AM Period | S25: =SUM(S10:S12) -> 635 | T25: =SUM(T10:T12) -> 132 | U25: =SUM(U10:U12) -> 79 | V25: =SUM(V10:V12) -> 700 | W25: =SUM(W10:W12) -> 32 | X25: =SUM(X10:X12) -> 2 | Y25: =SUM(Y10:Y12) -> 91 | Z25: =SUM(Z10:Z12) -> 91 | ... AF25: =SUM(AF10:AF12) -> 4500
B26: 11.00 - 11.15 | C26: 41 | D26: 10 | E26: 8 | F26: 41 | G26: 0 | H26: 0 | I26: 12 | J26: 19 | K26: 0 | L26: 0 | M26: 231 | N26: 0 | O26: =SUM(C26:L26,N26) -> 131 | P26: =SUM(C26:N26) -> 362 | R26: IP Period | S26: =SUM(S13:S18) -> 785 | T26: =SUM(T13:T18) -> 293 | U26: =SUM(U13:U18) -> 156 | V26: =SUM(V13:V18) -> 951 | W26: =SUM(W13:W18) -> 38 | X26: =SUM(X13:X18) -> 15 | Y26: =SUM(Y13:Y18) -> 199 | Z26: =SUM(Z13:Z18) -> 225 | ... AF26: =SUM(AF13:AF18) -> 6524
B27: 11.15 - 11.30 | C27: 31 | D27: 10 | E27: 6 | F27: 51 | G27: 1 | H27: 0 | I27: 5 | J27: 7 | K27: 3 | L27: 0 | M27: 150 | N27: 0 | O27: =SUM(C27:L27,N27) -> 114 | P27: =SUM(C27:N27) -> 264 | R27: PM Period | S27: =SUM(S19:S21) -> 315 | T27: =SUM(T19:T21) -> 147 | U27: =SUM(U19:U21) -> 92 | V27: =SUM(V19:V21) -> 523 | W27: =SUM(W19:W21) -> 20 | X27: =SUM(X19:X21) -> 14 | Y27: =SUM(Y19:Y21) -> 73 | Z27: =SUM(Z19:Z21) -> 80 | ... AF27: =SUM(AF19:AF21) -> 3802
B28: 11.30 - 11.45 | C28: 40 | D28: 13 | E28: 8 | F28: 42 | G28: 1 | H28: 0 | I28: 5 | J28: 13 | K28: 1 | L28: 0 | M28: 154 | N28: 0 | O28: =SUM(C28:L28,N28) -> 123 | P28: =SUM(C28:N28) -> 277 | R28: 12 Hours | S28: =SUM(S10:S21) -> 1735 | T28: =SUM(T10:T21) -> 572 | U28: =SUM(U10:U21) -> 327 | V28: =SUM(V10:V21) -> 2174 | W28: =SUM(W10:W21) -> 90 | X28: =SUM(X10:X21) -> 31 | Y28: =SUM(Y10:Y21) -> 363 | Z28: =SUM(Z10:Z21) -> 396 | ... AF28: =SUM(AF10:AF21) -> 14826
B29: 11.45 - 12.00 | C29: 29 | D29: 7 | E29: 5 | F29: 30 | G29: 2 | H29: 0 | I29: 5 | J29: 11 | K29: 1 | L29: 1 | M29: 185 | N29: 0 | O29: =SUM(C29:L29,N29) -> 91 | P29: =SUM(C29:N29) -> 276
B30: 12.00 - 12.15 | C30: 38 | D30: 5 | E30: 6 | F30: 24 | G30: 1 | H30: 1 | I30: 3 | J30: 15 | K30: 3 | L30: 5 | M30: 145 | N30: 0 | O30: =SUM(C30:L30,N30) -> 101 | P30: =SUM(C30:N30) -> 246
B31: 12.15 - 12.30 | C31: 20 | D31: 15 | E31: 4 | F31: 35 | G31: 2 | H31: 1 | I31: 11 | J31: 10 | K31: 3 | L31: 5 | M31: 170 | N31: 0 | O31: =SUM(C31:L31,N31) -> 106 | P31: =SUM(C31:N31) -> 276
B32: 12.30 - 12.45 | C32: 27 | D32: 13 | E32: 7 | F32: 31 | G32: 1 | H32: 1 | I32: 7 | J32: 10 | K32: 0 | L32: 1 | M32: 216 | N32: 0 | O32: =SUM(C32:L32,N32) -> 98 | P32: =SUM(C32:N32) -> 314
B33: 12.45 - 13.00 | C33: 30 | D33: 17 | E33: 5 | F33: 46 | G33: 4 | H33: 0 | I33: 8 | J33: 10 | K33: 3 | L33: 2 | M33: 198 | N33: 0 | O33: =SUM(C33:L33,N33) -> 125 | P33: =SUM(C33:N33) -> 323
B34: 13.00 - 13.15 | C34: 16 | D34: 15 | E34: 6 | F34: 24 | G34: 1 | H34: 0 | I34: 1 | J34: 9 | K34: 1 | L34: 0 | M34: 110 | N34: 0 | O34: =SUM(C34:L34,N34) -> 73 | P34: =SUM(C34:N34) -> 183
B35: 13.15 - 13.30 | C35: 17 | D35: 3 | E35: 8 | F35: 25 | G35: 0 | H35: 0 | I35: 6 | J35: 6 | K35: 3 | L35: 1 | M35: 117 | N35: 0 | O35: =SUM(C35:L35,N35) -> 69 | P35: =SUM(C35:N35) -> 186
B36: 13.30 - 13.45 | C36: 27 | D36: 13 | E36: 8 | F36: 42 | G36: 5 | H36: 0 | I36: 6 | J36: 7 | K36: 5 | L36: 0 | M36: 176 | N36: 0 | O36: =SUM(C36:L36,N36) -> 113 | P36: =SUM(C36:N36) -> 289
B37: 13.45 - 14.00 | C37: 27 | D37: 7 | E37: 6 | F37: 17 | G37: 1 | H37: 1 | I37: 9 | J37: 6 | K37: 4 | L37: 4 | M37: 160 | N37: 0 | O37: =SUM(C37:L37,N37) -> 82 | P37: =SUM(C37:N37) -> 242
B38: 14.00 - 14.15 | C38: 23 | D38: 17 | E38: 7 | F38: 44 | G38: 3 | H38: 0 | I38: 13 | J38: 1 | K38: 6 | L38: 0 | M38: 140 | N38: 0 | O38: =SUM(C38:L38,N38) -> 114 | P38: =SUM(C38:N38) -> 254
B39: 14.15 - 14.30 | C39: 34 | D39: 9 | E39: 6 | F39: 39 | G39: 2 | H39: 1 | I39: 4 | J39: 5 | K39: 0 | L39: 0 | M39: 150 | N39: 0 | O39: =SUM(C39:L39,N39) -> 100 | P39: =SUM(C39:N39) -> 250
B40: 14.30 - 14.45 | C40: 31 | D40: 15 | E40: 3 | F40: 42 | G40: 2 | H40: 3 | I40: 10 | J40: 9 | K40: 2 | L40: 5 | M40: 140 | N40: 0 | O40: =SUM(C40:L40,N40) -> 122 | P40: =SUM(C40:N40) -> 262
... B57: 18.45 - 19.00 | C57: 15 | D57: 8 | E57: 6 | F57: 46 | G57: 1 | H57: 1 | I57: 4 | J57: 4 | K57: 2 | L57: 1 | M57: 248 | N57: 0 | O57: =SUM(C57:L57,N57) -> 88 | P57: =SUM(C57:N57) -> 336
B58: Totals | C58: =SUM(C10:C57) -> 1735 | D58: =SUM(D10:D57) -> 572 | E58: =SUM(E10:E57) -> 327 | F58: =SUM(F10:F57) -> 2174 | G58: =SUM(G10:G57) -> 90 | H58: =SUM(H10:H57) -> 31 | I58: =SUM(I10:I57) -> 363 | J58: =SUM(J10:J57) -> 396 | ... P58: =SUM(P10:P57) -> 14826
B59: %ges + MCs | C59: =C58/$P$58 -> 0.11702415 | D59: =D58/$P$58 -> 0.038580871 | E59: =E58/$P$58 -> 0.022055848 | F59: =F58/$P$58 -> 0.14663429 | G59: =G58/$P$58 -> 0.0060704168 | H59: =H58/$P$58 -> 0.0020909214 | I59: =I58/$P$58 -> 0.024484015 | J59: =J58/$P$58 -> 0.026709834 | ... N59: =N58/$P$58 -> 0
B60: %ges w/o MCs | C60: =C58/$O$58 -> 0.29491756 | D60: =D58/$O$58 -> 0.097229305 | E60: =E58/$O$58 -> 0.055583886 | F60: =F58/$O$58 -> 0.36953935 | G60: =G58/$O$58 -> 0.015298317 | H60: =H58/$O$58 -> 0.0052694204 | I60: =I58/$O$58 -> 0.061703213 | J60: =J58/$O$58 -> 0.067312596 | ... L60: =L58/$O$58 -> 0.012748598 | N60: =N58/$O$58 -> 0

Sheet 25.07 Bwaise-Kawempe
B1: Consultancy services for Preparation of Expressway Development Master Plan (EDMP) for Uganda
B2: MANUAL CLASSIFIED COUNT (MCC)
B3: ROAD NAME: | C3: ='22.07 Bwaise-Kawempe'!C3:G3 -> MCC - C1 - STN23 - BOMBO ROAD
C5: Date | D5: 25.07.19 | F5: Location | G5: ='24.07 Kawempe-Bwaise'!G5:H5 -> Before Steel and Tube | J5: Surveyor | K5: Kajjubi Eddie
C6: Dir. From | D6: ='22.07 Bwaise-Kawempe'!D6:E6 -> Bwaise | F6: Dir. To | G6: ='22.07 Bwaise-Kawempe'!G6:H6 -> Kawempe | J6: Supervisor | K6: ='24.07 Kawempe-Bwaise'!K6:L6 -> Salima
B8: Time / Veh Type | R8: SUMMARY TRAFFIC VOLUMES
C9: 1. Car | D9: 2. Station Wagon | E9: 3. Pickups | F9: 4. Minibus, matatu | G9: 5. Medium bus | H9: 6. Large Bus | I9: 7. Light Truck | J9: 8. Medium Truck | K9: 9. Heavy truck | L9: 10. Truck Trailer | M9: 11. Motor cycles | N9: 12. Tractors | O9: Total Excl M/Cycles | P9: Total All | R9: Time | S9: 1. Car | T9: 2. Station Wagon | U9: 3. Pickups | V9: 4. Minibus, matatu | W9: 5. Medium bus | X9: 6. Large Bus | Y9: 7. Light Truck | Z9: 8. Medium Truck | AA9: 9. Heavy truck | AB9: 10. Truck Trailer | AC9: 11. Motorcycles | AD9: 12. Tractors, Graders | AE9: Total Excl M/ Cycles | AF9: Total All
B10: 07.00 - 07.15 | C10: 32 | D10: 4 | E10: 3 | F10: 22 | G10: 1 | H10: 1 | I10: 0 | J10: 3 | K10: 1 | L10: 0 | M10: 150 | N10: 0 | O10: =SUM(C10:L10,N10) -> 67 | P10: =SUM(C10:N10) -> 217 | R10: 0700-0800 | S10: =SUM(C10:C13) -> 108 | T10: =SUM(D10:D13) -> 14 | U10: =SUM(E10:E13) -> 10 | V10: =SUM(F10:F13) -> 148 | W10: =SUM(G10:G13) -> 14 | X10: =SUM(H10:H13) -> 4 | Y10: =SUM(I10:I13) -> 29 | Z10: =SUM(J10:J13) -> 7 | ... AF10: =SUM(P10:P13) -> 1030
B11: 07.15 - 07.30 | C11: 28 | D11: 2 | E11: 2 | F11: 34 | G11: 1 | H11: 2 | I11: 9 | J11: 1 | K11: 3 | L11: 0 | M11: 194 | N11: 0 | O11: =SUM(C11:L11,N11) -> 82 | P11: =SUM(C11:N11) -> 276 | R11: 0800-0900 | S11: =SUM(C14:C17) -> 86 | T11: =SUM(D14:D17) -> 18 | U11: =SUM(E14:E17) -> 9 | V11: =SUM(F14:F17) -> 198 | W11: =SUM(G14:G17) -> 8 | X11: =SUM(H14:H17) -> 4 | Y11: =SUM(I14:I17) -> 33 | Z11: =SUM(J14:J17) -> 7 | ... AF11: =SUM(P14:P17) -> 1071
B12: 07.30 - 07.45 | C12: 25 | D12: 3 | E12: 0 | F12: 46 | G12: 4 | H12: 0 | I12: 12 | J12: 1 | K12: 0 | L12: 1 | M12: 169 | N12: 0 | O12: =SUM(C12:L12,N12) -> 92 | P12: =SUM(C12:N12) -> 261 | R12: 0900-1000 | S12: =SUM(C18:C21) -> 105 | T12: =SUM(D18:D21) -> 18 | U12: =SUM(E18:E21) -> 15 | V12: =SUM(F18:F21) -> 179 | W12: =SUM(G18:G21) -> 8 | X12: =SUM(H18:H21) -> 2 | Y12: =SUM(I18:I21) -> 39 | Z12: =SUM(J18:J21) -> 7 | ... AF12: =SUM(P18:P21) -> 974
B13: 07.45 - 08.00 | C13: 23 | D13: 5 | E13: 5 | F13: 46 | G13: 8 | H13: 1 | I13: 8 | J13: 2 | K13: 0 | L13: 3 | M13: 175 | N13: 0 | O13: =SUM(C13:L13,N13) -> 101 | P13: =SUM(C13:N13) -> 276 | R13: 1000-1100 | S13: =SUM(C22:C25) -> 113 | T13: =SUM(D22:D25) -> 25 | U13: =SUM(E22:E25) -> 21 | V13: =SUM(F22:F25) -> 168 | W13: =SUM(G22:G25) -> 9 | X13: =SUM(H22:H25) -> 2 | Y13: =SUM(I22:I25) -> 51 | Z13: =SUM(J22:J25) -> 9 | ... AF13: =SUM(P22:P25) -> 982
B14: 08.00 - 08.15 | C14: 19 | D14: 3 | E14: 4 | F14: 31 | G14: 1 | H14: 0 | I14: 8 | J14: 2 | K14: 2 | L14: 1 | M14: 150 | N14: 0 | O14: =SUM(C14:L14,N14) -> 71 | P14: =SUM(C14:N14) -> 221 | R14: 1100-1200 | S14: =SUM(C26:C29) -> 136 | T14: =SUM(D26:D29) -> 27 | U14: =SUM(E26:E29) -> 14 | V14: =SUM(F26:F29) -> 151 | W14: =SUM(G26:G29) -> 4 | X14: =SUM(H26:H29) -> 3 | Y14: =SUM(I26:I29) -> 44 | Z14: =SUM(J26:J29) -> 10 | ... AF14: =SUM(P26:P29) -> 931
B15: 08.15 - 08.30 | C15: 31 | D15: 4 | E15: 2 | F15: 66 | G15: 2 | H15: 1 | I15: 8 | J15: 0 | K15: 0 | L15: 5 | M15: 215 | N15: 0 | O15: =SUM(C15:L15,N15) -> 119 | P15: =SUM(C15:N15) -> 334 | R15: 1200-1300 | S15: =SUM(C30:C33) -> 137 | T15: =SUM(D30:D33) -> 25 | U15: =SUM(E30:E33) -> 18 | V15: =SUM(F30:F33) -> 181 | W15: =SUM(G30:G33) -> 4 | X15: =SUM(H30:H33) -> 2 | Y15: =SUM(I30:I33) -> 49 | Z15: =SUM(J30:J33) -> 10 | ... AF15: =SUM(P30:P33) -> 912
B16: 08.30 - 08.45 | C16: 14 | D16: 5 | E16: 0 | F16: 41 | G16: 4 | H16: 1 | I16: 8 | J16: 5 | K16: 1 | L16: 0 | M16: 195 | N16: 0 | O16: =SUM(C16:L16,N16) -> 79 | P16: =SUM(C16:N16) -> 274 | R16: 1300-1400 | S16: =SUM(C34:C37) -> 167 | T16: =SUM(D34:D37) -> 35 | U16: =SUM(E34:E37) -> 30 | V16: =SUM(F34:F37) -> 167 | W16: =SUM(G34:G37) -> 5 | X16: =SUM(H34:H37) -> 2 | Y16: =SUM(I34:I37) -> 48 | Z16: =SUM(J34:J37) -> 23 | ... AF16: =SUM(P34:P37) -> 920
B17: 08.45 - 9.00 | C17: 22 | D17: 6 | E17: 3 | F17: 60 | G17: 1 | H17: 2 | I17: 9 | J17: 0 | K17: 3 | L17: 1 | M17: 135 | N17: 0 | O17: =SUM(C17:L17,N17) -> 107 | P17: =SUM(C17:N17) -> 242 | R17: 1400-1500 | S17: =SUM(C38:C41) -> 135 | T17: =SUM(D38:D41) -> 22 | U17: =SUM(E38:E41) -> 17 | V17: =SUM(F38:F41) -> 129 | W17: =SUM(G38:G41) -> 3 | X17: =SUM(H38:H41) -> 1 | Y17: =SUM(I38:I41) -> 27 | Z17: =SUM(J38:J41) -> 14 | ... AF17: =SUM(P38:P41) -> 755
B18: 09.00 - 09.15 | C18: 15 | D18: 4 | E18: 5 | F18: 51 | G18: 0 | H18: 0 | I18: 8 | J18: 0 | K18: 2 | L18: 2 | M18: 155 | N18: 0 | O18: =SUM(C18:L18,N18) -> 87 | P18: =SUM(C18:N18) -> 242 | R18: 1500-1600 | S18: =SUM(C42:C45) -> 145 | T18: =SUM(D42:D45) -> 30 | U18: =SUM(E42:E45) -> 30 | V18: =SUM(F42:F45) -> 165 | W18: =SUM(G42:G45) -> 4 | X18: =SUM(H42:H45) -> 2 | Y18: =SUM(I42:I45) -> 47 | Z18: =SUM(J42:J45) -> 19 | ... AF18: =SUM(P42:P45) -> 921
B19: 09.15 - 09.30 | C19: 35 | D19: 3 | E19: 4 | F19: 49 | G19: 5 | H19: 1 | I19: 9 | J19: 1 | K19: 3 | L19: 5 | M19: 115 | N19: 0 | O19: =SUM(C19:L19,N19) -> 115 | P19: =SUM(C19:N19) -> 230 | R19: 1600-1700 | S19: =SUM(C46:C49) -> 165 | T19: =SUM(D46:D49) -> 22 | U19: =SUM(E46:E49) -> 13 | V19: =SUM(F46:F49) -> 140 | W19: =SUM(G46:G49) -> 6 | X19: =SUM(H46:H49) -> 3 | Y19: =SUM(I46:I49) -> 38 | Z19: =SUM(J46:J49) -> 19 | ... AF19: =SUM(P46:P49) -> 938
B20: 09.30 - 09.45 | C20: 30 | D20: 7 | E20: 5 | F20: 40 | G20: 2 | H20: 1 | I20: 10 | J20: 2 | K20: 0 | L20: 3 | M20: 165 | N20: 0 | O20: =SUM(C20:L20,N20) -> 100 | P20: =SUM(C20:N20) -> 265 | R20: 1700-1800 | S20: =SUM(C50:C53) -> 150 | T20: =SUM(D50:D53) -> 21 | U20: =SUM(E50:E53) -> 12 | V20: =SUM(F50:F53) -> 142 | W20: =SUM(G50:G53) -> 7 | X20: =SUM(H50:H53) -> 0 | Y20: =SUM(I50:I53) -> 42 | Z20: =SUM(J50:J53) -> 6 | ... AF20: =SUM(P50:P53) -> 950
B21: 09.45 - 10.00 | C21: 25 | D21: 4 | E21: 1 | F21: 39 | G21: 1 | H21: 0 | I21: 12 | J21: 4 | K21: 0 | L21: 1 | M21: 150 | N21: 0 | O21: =SUM(C21:L21,N21) -> 87 | P21: =SUM(C21:N21) -> 237 | R21: 1800-1900 | S21: =SUM(C54:C57) -> 189 | T21: =SUM(D54:D57) -> 25 | U21: =SUM(E54:E57) -> 16 | V21: =SUM(F54:F57) -> 146 | W21: =SUM(G54:G57) -> 10 | X21: =SUM(H54:H57) -> 1 | Y21: =SUM(I54:I57) -> 36 | Z21: =SUM(J54:J57) -> 8 | ... AF21: =SUM(P54:P57) -> 1032
B22: 10.00 - 10.15 | C22: 23 | D22: 6 | E22: 5 | F22: 35 | G22: 3 | H22: 0 | I22: 18 | J22: 3 | K22: 1 | L22: 5 | M22: 167 | N22: 0 | O22: =SUM(C22:L22,N22) -> 99 | P22: =SUM(C22:N22) -> 266 | R22: AM Peak Hr | S22: =MAX(S10:S12) -> 108 | T22: =MAX(T10:T12) -> 18 | U22: =MAX(U10:U12) -> 15 | V22: =MAX(V10:V12) -> 198 | W22: =MAX(W10:W12) -> 14 | X22: =MAX(X10:X12) -> 4 | Y22: =MAX(Y10:Y12) -> 39 | Z22: =MAX(Z10:Z12) -> 7 | ... AF22: =MAX(AF10:AF12) -> 1071
B23: 10.15 - 10.30 | C23: 29 | D23: 6 | E23: 3 | F23: 55 | G23: 1 | H23: 0 | I23: 8 | J23: 2 | K23: 2 | L23: 4 | M23: 100 | N23: 0 | O23: =SUM(C23:L23,N23) -> 110 | P23: =SUM(C23:N23) -> 210 | R23: IP Peak Hr | S23: =MAX(S13:S18) -> 167 | T23: =MAX(T13:T18) -> 35 | U23: =MAX(U13:U18) -> 30 | V23: =MAX(V13:V18) -> 181 | W23: =MAX(W13:W18) -> 9 | X23: =MAX(X13:X18) -> 3 | Y23: =MAX(Y13:Y18) -> 51 | Z23: =MAX(Z13:Z18) -> 23 | ... AF23: =MAX(AF13:AF18) -> 982
B24: 10.30 - 10.45 | C24: 27 | D24: 8 | E24: 6 | F24: 37 | G24: 1 | H24: 1 | I24: 10 | J24: 3 | K24: 0 | L24: 4 | M24: 115 | N24: 0 | O24: =SUM(C24:L24,N24) -> 97 | P24: =SUM(C24:N24) -> 212 | R24: PM Peak Hr | S24: =MAX(S19:S21) -> 189 | T24: =MAX(T19:T21) -> 25 | U24: =MAX(U19:U21) -> 16 | V24: =MAX(V19:V21) -> 146 | W24: =MAX(W19:W21) -> 10 | X24: =MAX(X19:X21) -> 3 | Y24: =MAX(Y19:Y21) -> 42 | Z24: =MAX(Z19:Z21) -> 19 | ... AF24: =MAX(AF19:AF21) -> 1032
B25: 10.45 - 11.00 | C25: 34 | D25: 5 | E25: 7 | F25: 41 | G25: 4 | H25: 1 | I25: 15 | J25: 1 | K25: 1 | L25: 0 | M25: 185 | N25: 0 | O25: =SUM(C25:L25,N25) -> 109 | P25: =SUM(C25:N25) -> 294 | R25: AM Period | S25: =SUM(S10:S12) -> 299 | T25: =SUM(T10:T12) -> 50 | U25: =SUM(U10:U12) -> 34 | V25: =SUM(V10:V12) -> 525 | W25: =SUM(W10:W12) -> 30 | X25: =SUM(X10:X12) -> 10 | Y25: =SUM(Y10:Y12) -> 101 | Z25: =SUM(Z10:Z12) -> 21 | ... AF25: =SUM(AF10:AF12) -> 3075
B26: 11.00 - 11.15 | C26: 54 | D26: 10 | E26: 7 | F26: 37 | G26: 1 | H26: 0 | I26: 17 | J26: 2 | K26: 0 | L26: 2 | M26: 135 | N26: 0 | O26: =SUM(C26:L26,N26) -> 130 | P26: =SUM(C26:N26) -> 265 | R26: IP Period | S26: =SUM(S13:S18) -> 833 | T26: =SUM(T13:T18) -> 164 | U26: =SUM(U13:U18) -> 130 | V26: =SUM(V13:V18) -> 961 | W26: =SUM(W13:W18) -> 29 | X26: =SUM(X13:X18) -> 12 | Y26: =SUM(Y13:Y18) -> 266 | Z26: =SUM(Z13:Z18) -> 85 | ... AF26: =SUM(AF13:AF18) -> 5421
B27: 11.15 - 11.30 | C27: 27 | D27: 8 | E27: 4 | F27: 57 | G27: 1 | H27: 2 | I27: 14 | J27: 2 | K27: 0 | L27: 21 | M27: 175 | N27: 0 | O27: =SUM(C27:L27,N27) -> 136 | P27: =SUM(C27:N27) -> 311 | R27: PM Period | S27: =SUM(S19:S21) -> 504 | T27: =SUM(T19:T21) -> 68 | U27: =SUM(U19:U21) -> 41 | V27: =SUM(V19:V21) -> 428 | W27: =SUM(W19:W21) -> 23 | X27: =SUM(X19:X21) -> 4 | Y27: =SUM(Y19:Y21) -> 116 | Z27: =SUM(Z19:Z21) -> 33 | ... AF27: =SUM(AF19:AF21) -> 2920
B28: 11.30 - 11.45 | C28: 33 | D28: 3 | E28: 3 | F28: 33 | G28: 1 | H28: 0 | I28: 6 | J28: 0 | K28: 2 | L28: 2 | M28: 110 | N28: 0 | O28: =SUM(C28:L28,N28) -> 83 | P28: =SUM(C28:N28) -> 193 | R28: 12 Hours | S28: =SUM(S10:S21) -> 1636 | T28: =SUM(T10:T21) -> 282 | U28: =SUM(U10:U21) -> 205 | V28: =SUM(V10:V21) -> 1914 | W28: =SUM(W10:W21) -> 82 | X28: =SUM(X10:X21) -> 26 | Y28: =SUM(Y10:Y21) -> 483 | Z28: =SUM(Z10:Z21) -> 139 | ... AF28: =SUM(AF10:AF21) -> 11416
B29: 11.45 - 12.00 | C29: 22 | D29: 6 | E29: 0 | F29: 24 | G29: 1 | H29: 1 | I29: 7 | J29: 6 | K29: 3 | L29: 2 | M29: 90 | N29: 0 | O29: =SUM(C29:L29,N29) -> 72 | P29: =SUM(C29:N29) -> 162
B30: 12.00 - 12.15 | C30: 49 | D30: 7 | E30: 7 | F30: 46 | G30: 1 | H30: 0 | I30: 13 | J30: 2 | K30: 2 | L30: 4 | M30: 137 | N30: 0 | O30: =SUM(C30:L30,N30) -> 131 | P30: =SUM(C30:N30) -> 268
B31: 12.15 - 12.30 | C31: 29 | D31: 10 | E31: 5 | F31: 48 | G31: 1 | H31: 1 | I31: 16 | J31: 5 | K31: 0 | L31: 4 | M31: 135 | N31: 0 | O31: =SUM(C31:L31,N31) -> 119 | P31: =SUM(C31:N31) -> 254
B32: 12.30 - 12.45 | C32: 30 | D32: 5 | E32: 3 | F32: 41 | G32: 1 | H32: 1 | I32: 8 | J32: 2 | K32: 2 | L32: 0 | M32: 115 | N32: 0 | O32: =SUM(C32:L32,N32) -> 93 | P32: =SUM(C32:N32) -> 208
B33: 12.45 - 13.00 | C33: 29 | D33: 3 | E33: 3 | F33: 46 | G33: 1 | H33: 0 | I33: 12 | J33: 1 | K33: 1 | L33: 6 | M33: 80 | N33: 0 | O33: =SUM(C33:L33,N33) -> 102 | P33: =SUM(C33:N33) -> 182
B34: 13.00 - 13.15 | C34: 49 | D34: 8 | E34: 5 | F34: 56 | G34: 2 | H34: 0 | I34: 17 | J34: 9 | K34: 2 | L34: 4 | M34: 137 | N34: 0 | O34: =SUM(C34:L34,N34) -> 152 | P34: =SUM(C34:N34) -> 289
B35: 13.15 - 13.30 | C35: 28 | D35: 6 | E35: 7 | F35: 24 | G35: 0 | H35: 0 | I35: 4 | J35: 2 | K35: 0 | L35: 3 | M35: 115 | N35: 0 | O35: =SUM(C35:L35,N35) -> 74 | P35: =SUM(C35:N35) -> 189
B36: 13.30 - 13.45 | C36: 27 | D36: 8 | E36: 11 | F36: 22 | G36: 1 | H36: 1 | I36: 12 | J36: 2 | K36: 1 | L36: 4 | M36: 45 | N36: 0 | O36: =SUM(C36:L36,N36) -> 89 | P36: =SUM(C36:N36) -> 134
B37: 13.45 - 14.00 | C37: 63 | D37: 13 | E37: 7 | F37: 65 | G37: 2 | H37: 1 | I37: 15 | J37: 10 | K37: 3 | L37: 9 | M37: 120 | N37: 0 | O37: =SUM(C37:L37,N37) -> 188 | P37: =SUM(C37:N37) -> 308
B38: 14.00 - 14.15 | C38: 37 | D38: 8 | E38: 5 | F38: 28 | G38: 1 | H38: 0 | I38: 6 | J38: 3 | K38: 2 | L38: 3 | M38: 90 | N38: 0 | O38: =SUM(C38:L38,N38) -> 93 | P38: =SUM(C38:N38) -> 183
B39: 14.15 - 14.30 | C39: 23 | D39: 5 | E39: 3 | F39: 25 | G39: 0 | H39: 0 | I39: 11 | J39: 2 | K39: 2 | L39: 1 | M39: 58 | N39: 0 | O39: =SUM(C39:L39,N39) -> 72 | P39: =SUM(C39:N39) -> 130
B40: 14.30 - 14.45 | C40: 37 | D40: 5 | E40: 8 | F40: 45 | G40: 1 | H40: 1 | I40: 4 | J40: 3 | K40: 3 | L40: 2 | M40: 110 | N40: 0 | O40: =SUM(C40:L40,N40) -> 109 | P40: =SUM(C40:N40) -> 219
... B57: 18.45 - 19.00 | C57: 49 | D57: 2 | E57: 2 | F57: 42 | G57: 2 | H57: 0 | I57: 10 | J57: 2 | K57: 0 | L57: 5 | M57: 165 | N57: 0 | O57: =SUM(C57:L57,N57) -> 114 | P57: =SUM(C57:N57) -> 279
B58: Totals | C58: =SUM(C10:C57) -> 1636 | D58: =SUM(D10:D57) -> 282 | E58: =SUM(E10:E57) -> 205 | F58: =SUM(F10:F57) -> 1914 | G58: =SUM(G10:G57) -> 82 | H58: =SUM(H10:H57) -> 26 | I58: =SUM(I10:I57) -> 483 | J58: =SUM(J10:J57) -> 139 | ... P58: =SUM(P10:P57) -> 11416
B59: %ges + MCs | C59: =C58/$P$58 -> 0.14330764 | D59: =D58/$P$58 -> 0.024702172 | E59: =E58/$P$58 -> 0.017957253 | F59: =F58/$P$58 -> 0.16765943 | G59: =G58/$P$58 -> 0.0071829012 | H59: =H58/$P$58 -> 0.0022775053 | I59: =I58/$P$58 -> 0.04230904 | J59: =J58/$P$58 -> 0.012175893 | ... N59: =N58/$P$58 -> 0
B60: %ges w/o MCs | C60: =C58/$O$58 -> 0.32635149 | D60: =D58/$O$58 -> 0.05625374 | E60: =E58/$O$58 -> 0.040893676 | F60: =F58/$O$58 -> 0.3818073 | G60: =G58/$O$58 -> 0.016357471 | H60: =H58/$O$58 -> 0.0051865151 | I60: =I58/$O$58 -> 0.096349491 | J60: =J58/$O$58 -> 0.027727907 | ... L60: =L58/$O$58 -> 0.034111311 | N60: =N58/$O$58 -> 0

Sheet 25.07 Kawempe-Bwaise
B1: Consultancy services for Preparation of Expressway Development Master Plan (EDMP) for Uganda
B2: MANUAL CLASSIFIED COUNT (MCC)
B3: ROAD NAME: | C3: ='22.07 kawempe-Bwaise'!C3:G3 -> MCC - C1 - STN23 - BOMBO ROAD
C5: Date | D5: ='25.07 Bwaise-Kawempe'!D5 -> 25.07.19 | F5: Location | G5: ='25.07 Bwaise-Kawempe'!G5:H5 -> Before Steel and Tube | J5: Surveyor | K5: Nakiwuge Allen
C6: Dir. From | D6: ='22.07 kawempe-Bwaise'!D6:E6 -> Kawempe | F6: Dir. To | G6: ='22.07 kawempe-Bwaise'!G6:H6 -> Bwaise | J6: Supervisor | K6: ='25.07 Bwaise-Kawempe'!K6:L6 -> Salima
B8: Time / Veh Type | R8: SUMMARY TRAFFIC VOLUMES
C9: 1. Car | D9: 2. Station Wagon | E9: 3. Pickups | F9: 4. Minibus, matatu | G9: 5. Medium bus | H9: 6. Large Bus | I9: 7. Light Truck | J9: 8. Medium Truck | K9: 9. Heavy truck | L9: 10. Truck Trailer | M9: 11. Motor cycles | N9: 12. Tractors | O9: Total Excl M/Cycles | P9: Total All | R9: Time | S9: 1. Car | T9: 2. Station Wagon | U9: 3. Pickups | V9: 4. Minibus, matatu | W9: 5. Medium bus | X9: 6. Large Bus | Y9: 7. Light Truck | Z9: 8. Medium Truck | AA9: 9. Heavy truck | AB9: 10. Truck Trailer | AC9: 11. Motorcycles | AD9: 12. Tractors, Graders | AE9: Total Excl M/ Cycles | AF9: Total All
B10: 07.00 - 07.15 | C10: 63 | D10: 20 | E10: 6 | F10: 55 | G10: 6 | H10: 0 | I10: 4 | J10: 4 | K10: 3 | L10: 1 | M10: 355 | N10: 0 | O10: =SUM(C10:L10,N10) -> 162 | P10: =SUM(C10:N10) -> 517 | R10: 0700-0800 | S10: =SUM(C10:C13) -> 224 | T10: =SUM(D10:D13) -> 50 | U10: =SUM(E10:E13) -> 21 | V10: =SUM(F10:F13) -> 203 | W10: =SUM(G10:G13) -> 14 | X10: =SUM(H10:H13) -> 0 | Y10: =SUM(I10:I13) -> 13 | Z10: =SUM(J10:J13) -> 17 | ... AF10: =SUM(P10:P13) -> 1841
B11: 07.15 - 07.30 | C11: 45 | D11: 12 | E11: 3 | F11: 58 | G11: 3 | H11: 0 | I11: 3 | J11: 5 | K11: 4 | L11: 3 | M11: 307 | N11: 0 | O11: =SUM(C11:L11,N11) -> 136 | P11: =SUM(C11:N11) -> 443 | R11: 0800-0900 | S11: =SUM(C14:C17) -> 165 | T11: =SUM(D14:D17) -> 52 | U11: =SUM(E14:E17) -> 23 | V11: =SUM(F14:F17) -> 199 | W11: =SUM(G14:G17) -> 9 | X11: =SUM(H14:H17) -> 2 | Y11: =SUM(I14:I17) -> 31 | Z11: =SUM(J14:J17) -> 23 | ... AF11: =SUM(P14:P17) -> 1729
B12: 07.30 - 07.45 | C12: 71 | D12: 8 | E12: 8 | F12: 50 | G12: 3 | H12: 0 | I12: 3 | J12: 3 | K12: 2 | L12: 3 | M12: 316 | N12: 0 | O12: =SUM(C12:L12,N12) -> 151 | P12: =SUM(C12:N12) -> 467 | R12: 0900-1000 | S12: =SUM(C18:C21) -> 165 | T12: =SUM(D18:D21) -> 40 | U12: =SUM(E18:E21) -> 28 | V12: =SUM(F18:F21) -> 213 | W12: =SUM(G18:G21) -> 10 | X12: =SUM(H18:H21) -> 1 | Y12: =SUM(I18:I21) -> 33 | Z12: =SUM(J18:J21) -> 42 | ... AF12: =SUM(P18:P21) -> 1844
B13: 07.45 - 08.00 | C13: 45 | D13: 10 | E13: 4 | F13: 40 | G13: 2 | H13: 0 | I13: 3 | J13: 5 | K13: 2 | L13: 1 | M13: 302 | N13: 0 | O13: =SUM(C13:L13,N13) -> 112 | P13: =SUM(C13:N13) -> 414 | R13: 1000-1100 | S13: =SUM(C22:C25) -> 118 | T13: =SUM(D22:D25) -> 37 | U13: =SUM(E22:E25) -> 18 | V13: =SUM(F22:F25) -> 152 | W13: =SUM(G22:G25) -> 5 | X13: =SUM(H22:H25) -> 0 | Y13: =SUM(I22:I25) -> 17 | Z13: =SUM(J22:J25) -> 32 | ... AF13: =SUM(P22:P25) -> 1087
B14: 08.00 - 08.15 | C14: 43 | D14: 16 | E14: 4 | F14: 41 | G14: 1 | H14: 0 | I14: 9 | J14: 9 | K14: 6 | L14: 0 | M14: 335 | N14: 0 | O14: =SUM(C14:L14,N14) -> 129 | P14: =SUM(C14:N14) -> 464 | R14: 1100-1200 | S14: =SUM(C26:C29) -> 177 | T14: =SUM(D26:D29) -> 33 | U14: =SUM(E26:E29) -> 17 | V14: =SUM(F26:F29) -> 160 | W14: =SUM(G26:G29) -> 7 | X14: =SUM(H26:H29) -> 2 | Y14: =SUM(I26:I29) -> 33 | Z14: =SUM(J26:J29) -> 49 | ... AF14: =SUM(P26:P29) -> 1432
B15: 08.15 - 08.30 | C15: 38 | D15: 18 | E15: 3 | F15: 60 | G15: 3 | H15: 2 | I15: 11 | J15: 5 | K15: 3 | L15: 0 | M15: 318 | N15: 0 | O15: =SUM(C15:L15,N15) -> 143 | P15: =SUM(C15:N15) -> 461 | R15: 1200-1300 | S15: =SUM(C30:C33) -> 135 | T15: =SUM(D30:D33) -> 35 | U15: =SUM(E30:E33) -> 37 | V15: =SUM(F30:F33) -> 187 | W15: =SUM(G30:G33) -> 10 | X15: =SUM(H30:H33) -> 4 | Y15: =SUM(I30:I33) -> 32 | Z15: =SUM(J30:J33) -> 43 | ... AF15: =SUM(P30:P33) -> 1294
B16: 08.30 - 08.45 | C16: 37 | D16: 3 | E16: 7 | F16: 45 | G16: 3 | H16: 0 | I16: 8 | J16: 2 | K16: 2 | L16: 0 | M16: 298 | N16: 0 | O16: =SUM(C16:L16,N16) -> 107 | P16: =SUM(C16:N16) -> 405 | R16: 1300-1400 | S16: =SUM(C34:C37) -> 154 | T16: =SUM(D34:D37) -> 46 | U16: =SUM(E34:E37) -> 27 | V16: =SUM(F34:F37) -> 158 | W16: =SUM(G34:G37) -> 6 | X16: =SUM(H34:H37) -> 4 | Y16: =SUM(I34:I37) -> 20 | Z16: =SUM(J34:J37) -> 30 | ... AF16: =SUM(P34:P37) -> 1187
B17: 08.45 - 9.00 | C17: 47 | D17: 15 | E17: 9 | F17: 53 | G17: 2 | H17: 0 | I17: 3 | J17: 7 | K17: 3 | L17: 2 | M17: 258 | N17: 0 | O17: =SUM(C17:L17,N17) -> 141 | P17: =SUM(C17:N17) -> 399 | R17: 1400-1500 | S17: =SUM(C38:C41) -> 146 | T17: =SUM(D38:D41) -> 53 | U17: =SUM(E38:E41) -> 40 | V17: =SUM(F38:F41) -> 138 | W17: =SUM(G38:G41) -> 5 | X17: =SUM(H38:H41) -> 2 | Y17: =SUM(I38:I41) -> 20 | Z17: =SUM(J38:J41) -> 40 | ... AF17: =SUM(P38:P41) -> 1073
B18: 09.00 - 09.15 | C18: 39 | D18: 10 | E18: 10 | F18: 51 | G18: 1 | H18: 0 | I18: 8 | J18: 6 | K18: 8 | L18: 0 | M18: 325 | N18: 0 | O18: =SUM(C18:L18,N18) -> 133 | P18: =SUM(C18:N18) -> 458 | R18: 1500-1600 | S18: =SUM(C42:C45) -> 140 | T18: =SUM(D42:D45) -> 57 | U18: =SUM(E42:E45) -> 45 | V18: =SUM(F42:F45) -> 159 | W18: =SUM(G42:G45) -> 3 | X18: =SUM(H42:H45) -> 3 | Y18: =SUM(I42:I45) -> 24 | Z18: =SUM(J42:J45) -> 46 | ... AF18: =SUM(P42:P45) -> 1178
B19: 09.15 - 09.30 | C19: 41 | D19: 7 | E19: 3 | F19: 56 | G19: 2 | H19: 1 | I19: 7 | J19: 9 | K19: 4 | L19: 2 | M19: 360 | N19: 0 | O19: =SUM(C19:L19,N19) -> 132 | P19: =SUM(C19:N19) -> 492 | R19: 1600-1700 | S19: =SUM(C46:C49) -> 167 | T19: =SUM(D46:D49) -> 49 | U19: =SUM(E46:E49) -> 12 | V19: =SUM(F46:F49) -> 164 | W19: =SUM(G46:G49) -> 4 | X19: =SUM(H46:H49) -> 6 | Y19: =SUM(I46:I49) -> 31 | Z19: =SUM(J46:J49) -> 61 | ... AF19: =SUM(P46:P49) -> 1209
B20: 09.30 - 09.45 | C20: 30 | D20: 16 | E20: 4 | F20: 56 | G20: 4 | H20: 0 | I20: 5 | J20: 13 | K20: 5 | L20: 2 | M20: 287 | N20: 0 | O20: =SUM(C20:L20,N20) -> 135 | P20: =SUM(C20:N20) -> 422 | R20: 1700-1800 | S20: =SUM(C50:C53) -> 128 | T20: =SUM(D50:D53) -> 57 | U20: =SUM(E50:E53) -> 16 | V20: =SUM(F50:F53) -> 152 | W20: =SUM(G50:G53) -> 7 | X20: =SUM(H50:H53) -> 3 | Y20: =SUM(I50:I53) -> 19 | Z20: =SUM(J50:J53) -> 29 | ... AF20: =SUM(P50:P53) -> 1371
B21: 09.45 - 10.00 | C21: 55 | D21: 7 | E21: 11 | F21: 50 | G21: 3 | H21: 0 | I21: 13 | J21: 14 | K21: 5 | L21: 4 | M21: 310 | N21: 0 | O21: =SUM(C21:L21,N21) -> 162 | P21: =SUM(C21:N21) -> 472 | R21: 1800-1900 | S21: =SUM(C54:C57) -> 107 | T21: =SUM(D54:D57) -> 37 | U21: =SUM(E54:E57) -> 22 | V21: =SUM(F54:F57) -> 194 | W21: =SUM(G54:G57) -> 7 | X21: =SUM(H54:H57) -> 7 | Y21: =SUM(I54:I57) -> 10 | Z21: =SUM(J54:J57) -> 34 | ... AF21: =SUM(P54:P57) -> 1256
B22: 10.00 - 10.15 | C22: 22 | D22: 11 | E22: 6 | F22: 39 | G22: 0 | H22: 0 | I22: 7 | J22: 8 | K22: 4 | L22: 0 | M22: 165 | N22: 0 | O22: =SUM(C22:L22,N22) -> 97 | P22: =SUM(C22:N22) -> 262 | R22: AM Peak Hr | S22: =MAX(S10:S12) -> 224 | T22: =MAX(T10:T12) -> 52 | U22: =MAX(U10:U12) -> 28 | V22: =MAX(V10:V12) -> 213 | W22: =MAX(W10:W12) -> 14 | X22: =MAX(X10:X12) -> 2 | Y22: =MAX(Y10:Y12) -> 33 | Z22: =MAX(Z10:Z12) -> 42 | ... AF22: =MAX(AF10:AF12) -> 1844
B23: 10.15 - 10.30 | C23: 52 | D23: 10 | E23: 6 | F23: 50 | G23: 2 | H23: 0 | I23: 5 | J23: 13 | K23: 6 | L23: 0 | M23: 222 | N23: 0 | O23: =SUM(C23:L23,N23) -> 144 | P23: =SUM(C23:N23) -> 366 | R23: IP Peak Hr | S23: =MAX(S13:S18) -> 177 | T23: =MAX(T13:T18) -> 57 | U23: =MAX(U13:U18) -> 45 | V23: =MAX(V13:V18) -> 187 | W23: =MAX(W13:W18) -> 10 | X23: =MAX(X13:X18) -> 4 | Y23: =MAX(Y13:Y18) -> 33 | Z23: =MAX(Z13:Z18) -> 49 | ... AF23: =MAX(AF13:AF18) -> 1432
B24: 10.30 - 10.45 | C24: 32 | D24: 13 | E24: 5 | F24: 54 | G24: 3 | H24: 0 | I24: 4 | J24: 6 | K24: 4 | L24: 1 | M24: 224 | N24: 0 | O24: =SUM(C24:L24,N24) -> 122 | P24: =SUM(C24:N24) -> 346 | R24: PM Peak Hr | S24: =MAX(S19:S21) -> 167 | T24: =MAX(T19:T21) -> 57 | U24: =MAX(U19:U21) -> 22 | V24: =MAX(V19:V21) -> 194 | W24: =MAX(W19:W21) -> 7 | X24: =MAX(X19:X21) -> 7 | Y24: =MAX(Y19:Y21) -> 31 | Z24: =MAX(Z19:Z21) -> 61 | ... AF24: =MAX(AF19:AF21) -> 1371
B25: 10.45 - 11.00 | C25: 12 | D25: 3 | E25: 1 | F25: 9 | G25: 0 | H25: 0 | I25: 1 | J25: 5 | K25: 1 | L25: 0 | M25: 81 | N25: 0 | O25: =SUM(C25:L25,N25) -> 32 | P25: =SUM(C25:N25) -> 113 | R25: AM Period | S25: =SUM(S10:S12) -> 554 | T25: =SUM(T10:T12) -> 142 | U25: =SUM(U10:U12) -> 72 | V25: =SUM(V10:V12) -> 615 | W25: =SUM(W10:W12) -> 33 | X25: =SUM(X10:X12) -> 3 | Y25: =SUM(Y10:Y12) -> 77 | Z25: =SUM(Z10:Z12) -> 82 | ... AF25: =SUM(AF10:AF12) -> 5414
B26: 11.00 - 11.15 | C26: 41 | D26: 7 | E26: 7 | F26: 38 | G26: 1 | H26: 2 | I26: 10 | J26: 18 | K26: 10 | L26: 0 | M26: 245 | N26: 0 | O26: =SUM(C26:L26,N26) -> 134 | P26: =SUM(C26:N26) -> 379 | R26: IP Period | S26: =SUM(S13:S18) -> 870 | T26: =SUM(T13:T18) -> 261 | U26: =SUM(U13:U18) -> 184 | V26: =SUM(V13:V18) -> 954 | W26: =SUM(W13:W18) -> 36 | X26: =SUM(X13:X18) -> 15 | Y26: =SUM(Y13:Y18) -> 146 | Z26: =SUM(Z13:Z18) -> 240 | ... AF26: =SUM(AF13:AF18) -> 7251
B27: 11.15 - 11.30 | C27: 54 | D27: 8 | E27: 3 | F27: 37 | G27: 3 | H27: 0 | I27: 8 | J27: 15 | K27: 2 | L27: 2 | M27: 254 | N27: 0 | O27: =SUM(C27:L27,N27) -> 132 | P27: =SUM(C27:N27) -> 386 | R27: PM Period | S27: =SUM(S19:S21) -> 402 | T27: =SUM(T19:T21) -> 143 | U27: =SUM(U19:U21) -> 50 | V27: =SUM(V19:V21) -> 510 | W27: =SUM(W19:W21) -> 18 | X27: =SUM(X19:X21) -> 16 | Y27: =SUM(Y19:Y21) -> 60 | Z27: =SUM(Z19:Z21) -> 124 | ... AF27: =SUM(AF19:AF21) -> 3836
B28: 11.30 - 11.45 | C28: 46 | D28: 14 | E28: 4 | F28: 47 | G28: 0 | H28: 0 | I28: 9 | J28: 10 | K28: 3 | L28: 0 | M28: 150 | N28: 0 | O28: =SUM(C28:L28,N28) -> 133 | P28: =SUM(C28:N28) -> 283 | R28: 12 Hours | S28: =SUM(S10:S21) -> 1826 | T28: =SUM(T10:T21) -> 546 | U28: =SUM(U10:U21) -> 306 | V28: =SUM(V10:V21) -> 2079 | W28: =SUM(W10:W21) -> 87 | X28: =SUM(X10:X21) -> 34 | Y28: =SUM(Y10:Y21) -> 283 | Z28: =SUM(Z10:Z21) -> 446 | ... AF28: =SUM(AF10:AF21) -> 16501
B29: 11.45 - 12.00 | C29: 36 | D29: 4 | E29: 3 | F29: 38 | G29: 3 | H29: 0 | I29: 6 | J29: 6 | K29: 4 | L29: 4 | M29: 280 | N29: 0 | O29: =SUM(C29:L29,N29) -> 104 | P29: =SUM(C29:N29) -> 384
B30: 12.00 - 12.15 | C30: 41 | D30: 7 | E30: 10 | F30: 56 | G30: 4 | H30: 1 | I30: 15 | J30: 8 | K30: 4 | L30: 2 | M30: 291 | N30: 0 | O30: =SUM(C30:L30,N30) -> 148 | P30: =SUM(C30:N30) -> 439
B31: 12.15 - 12.30 | C31: 33 | D31: 14 | E31: 9 | F31: 63 | G31: 3 | H31: 0 | I31: 7 | J31: 9 | K31: 0 | L31: 0 | M31: 130 | N31: 0 | O31: =SUM(C31:L31,N31) -> 138 | P31: =SUM(C31:N31) -> 268
B32: 12.30 - 12.45 | C32: 25 | D32: 4 | E32: 11 | F32: 33 | G32: 2 | H32: 3 | I32: 7 | J32: 14 | K32: 3 | L32: 1 | M32: 222 | N32: 0 | O32: =SUM(C32:L32,N32) -> 103 | P32: =SUM(C32:N32) -> 325
B33: 12.45 - 13.00 | C33: 36 | D33: 10 | E33: 7 | F33: 35 | G33: 1 | H33: 0 | I33: 3 | J33: 12 | K33: 9 | L33: 4 | M33: 145 | N33: 0 | O33: =SUM(C33:L33,N33) -> 117 | P33: =SUM(C33:N33) -> 262
B34: 13.00 - 13.15 | C34: 46 | D34: 14 | E34: 6 | F34: 45 | G34: 4 | H34: 2 | I34: 4 | J34: 5 | K34: 1 | L34: 6 | M34: 175 | N34: 0 | O34: =SUM(C34:L34,N34) -> 133 | P34: =SUM(C34:N34) -> 308
B35: 13.15 - 13.30 | C35: 25 | D35: 11 | E35: 11 | F35: 33 | G35: 0 | H35: 1 | I35: 5 | J35: 8 | K35: 5 | L35: 1 | M35: 160 | N35: 0 | O35: =SUM(C35:L35,N35) -> 100 | P35: =SUM(C35:N35) -> 260
B36: 13.30 - 13.45 | C36: 54 | D36: 11 | E36: 8 | F36: 51 | G36: 2 | H36: 1 | I36: 8 | J36: 12 | K36: 7 | L36: 0 | M36: 258 | N36: 0 | O36: =SUM(C36:L36,N36) -> 154 | P36: =SUM(C36:N36) -> 412
B37: 13.45 - 14.00 | C37: 29 | D37: 10 | E37: 2 | F37: 29 | G37: 0 | H37: 0 | I37: 3 | J37: 5 | K37: 0 | L37: 0 | M37: 129 | N37: 0 | O37: =SUM(C37:L37,N37) -> 78 | P37: =SUM(C37:N37) -> 207
B38: 14.00 - 14.15 | C38: 24 | D38: 9 | E38: 9 | F38: 36 | G38: 1 | H38: 0 | I38: 1 | J38: 7 | K38: 3 | L38: 0 | M38: 177 | N38: 0 | O38: =SUM(C38:L38,N38) -> 90 | P38: =SUM(C38:N38) -> 267
B39: 14.15 - 14.30 | C39: 41 | D39: 11 | E39: 9 | F39: 24 | G39: 2 | H39: 0 | I39: 3 | J39: 6 | K39: 5 | L39: 0 | M39: 84 | N39: 0 | O39: =SUM(C39:L39,N39) -> 101 | P39: =SUM(C39:N39) -> 185
B40: 14.30 - 14.45 | C40: 36 | D40: 10 | E40: 12 | F40: 41 | G40: 1 | H40: 1 | I40: 12 | J40: 13 | K40: 0 | L40: 3 | M40: 194 | N40: 0 | O40: =SUM(C40:L40,N40) -> 129 | P40: =SUM(C40:N40) -> 323
... B57: 18.45 - 19.00 | C57: 33 | D57: 7 | E57: 6 | F57: 42 | G57: 1 | H57: 4 | I57: 1 | J57: 8 | K57: 6 | L57: 0 | M57: 175 | N57: 0 | O57: =SUM(C57:L57,N57) -> 108 | P57: =SUM(C57:N57) -> 283
B58: Totals | C58: =SUM(C10:C57) -> 1826 | D58: =SUM(D10:D57) -> 546 | E58: =SUM(E10:E57) -> 306 | F58: =SUM(F10:F57) -> 2079 | G58: =SUM(G10:G57) -> 87 | H58: =SUM(H10:H57) -> 34 | I58: =SUM(I10:I57) -> 283 | J58: =SUM(J10:J57) -> 446 | ... P58: =SUM(P10:P57) -> 16501
B59: %ges + MCs | C59: =C58/$P$58 -> 0.11065996 | D59: =D58/$P$58 -> 0.033088904 | E59: =E58/$P$58 -> 0.018544331 | F59: =F58/$P$58 -> 0.12599236 | G59: =G58/$P$58 -> 0.0052724077 | H59: =H58/$P$58 -> 0.0020604812 | I59: =I58/$P$58 -> 0.017150476 | J59: =J58/$P$58 -> 0.027028665 | ... N59: =N58/$P$58 -> 0
B60: %ges w/o MCs | C60: =C58/$O$58 -> 0.3126177 | D60: =D58/$O$58 -> 0.093477144 | E60: =E58/$O$58 -> 0.05238829 | F60: =F58/$O$58 -> 0.3559322 | G60: =G58/$O$58 -> 0.01489471 | H60: =H58/$O$58 -> 0.0058209211 | I60: =I58/$O$58 -> 0.048450608 | J60: =J58/$O$58 -> 0.076356788 | ... L60: =L58/$O$58 -> 0.010443417 | N60: =N58/$O$58 -> 0

Sheet 26.07 Bwaise-Kawempe-24h
B1: Consultancy services for Preparation of Expressway Development Master Plan (EDMP) for Uganda
B2: MANUAL CLASSIFIED COUNT (MCC)
B3: ROAD NAME: | C3: ='22.07 Bwaise-Kawempe'!C3:G3 -> MCC - C1 - STN23 - BOMBO ROAD
C5: Date | D5: 26.07.19 | F5: Location | G5: ='25.07 Kawempe-Bwaise'!G5:H5 -> Before Steel and Tube | J5: Surveyor | K5: Kajjubi & Olivia
C6: Dir. From | D6: ='22.07 Bwaise-Kawempe'!D6:E6 -> Bwaise | F6: Dir. To | G6: ='22.07 Bwaise-Kawempe'!G6:H6 -> Kawempe | J6: Supervisor | K6: Salima & Olaju
B8: Time / Veh Type | R8: SUMMARY TRAFFIC VOLUMES
C9: 1. Car | D9: 2. Station Wagon | E9: 3. Pickups | F9: 4. Minibus, matatu | G9: 5. Medium bus | H9: 6. Large Bus | I9: 7. Light Truck | J9: 8. Medium Truck | K9: 9. Heavy truck | L9: 10. Truck Trailer | M9: 11. Motor cycles | N9: 12. Tractors | O9: Total Excl M/Cycles | P9: Total All | R9: Time | S9: 1. Car | T9: 2. Station Wagon | U9: 3. Pickups | V9: 4. Minibus, matatu | W9: 5. Medium bus | X9: 6. Large Bus | Y9: 7. Light Truck | Z9: 8. Medium Truck | AA9: 9. Heavy truck | AB9: 10. Truck Trailer | AC9: 11. Motorcycles | AD9: 12. Tractors, Graders | AE9: Total Excl M/ Cycles | AF9: Total All
B10: 07.00 - 07.15 | C10: 9 | D10: 0 | E10: 2 | F10: 17 | G10: 2 | H10: 2 | I10: 3 | J10: 8 | K10: 1 | L10: 3 | M10: 28 | N10: 0 | O10: =SUM(C10:L10,N10) -> 47 | P10: =SUM(C10:N10) -> 75 | R10: 0700-0800 | S10: =SUM(C10:C13) -> 87 | T10: =SUM(D10:D13) -> 10 | U10: =SUM(E10:E13) -> 9 | V10: =SUM(F10:F13) -> 141 | W10: =SUM(G10:G13) -> 9 | X10: =SUM(H10:H13) -> 6 | Y10: =SUM(I10:I13) -> 23 | Z10: =SUM(J10:J13) -> 11 | ... AF10: =SUM(P10:P13) -> 835
B11: 07.15 - 07.30 | C11: 21 | D11: 1 | E11: 2 | F11: 21 | G11: 0 | H11: 0 | I11: 7 | J11: 1 | K11: 0 | L11: 3 | M11: 110 | N11: 0 | O11: =SUM(C11:L11,N11) -> 56 | P11: =SUM(C11:N11) -> 166 | R11: 0800-0900 | S11: =SUM(C14:C17) -> 68 | T11: =SUM(D14:D17) -> 16 | U11: =SUM(E14:E17) -> 14 | V11: =SUM(F14:F17) -> 123 | W11: =SUM(G14:G17) -> 7 | X11: =SUM(H14:H17) -> 2 | Y11: =SUM(I14:I17) -> 14 | Z11: =SUM(J14:J17) -> 14 | ... AF11: =SUM(P14:P17) -> 843
B12: 07.30 - 07.45 | C12: 35 | D12: 6 | E12: 4 | F12: 70 | G12: 4 | H12: 2 | I12: 7 | J12: 1 | K12: 1 | L12: 1 | M12: 200 | N12: 0 | O12: =SUM(C12:L12,N12) -> 131 | P12: =SUM(C12:N12) -> 331 | R12: 0900-1000 | S12: =SUM(C18:C21) -> 102 | T12: =SUM(D18:D21) -> 21 | U12: =SUM(E18:E21) -> 10 | V12: =SUM(F18:F21) -> 167 | W12: =SUM(G18:G21) -> 7 | X12: =SUM(H18:H21) -> 1 | Y12: =SUM(I18:I21) -> 19 | Z12: =SUM(J18:J21) -> 13 | ... AF12: =SUM(P18:P21) -> 1036
B13: 07.45 - 08.00 | C13: 22 | D13: 3 | E13: 1 | F13: 33 | G13: 3 | H13: 2 | I13: 6 | J13: 1 | K13: 1 | L13: 1 | M13: 190 | N13: 0 | O13: =SUM(C13:L13,N13) -> 73 | P13: =SUM(C13:N13) -> 263 | R13: 1000-1100 | S13: =SUM(C22:C25) -> 127 | T13: =SUM(D22:D25) -> 11 | U13: =SUM(E22:E25) -> 24 | V13: =SUM(F22:F25) -> 155 | W13: =SUM(G22:G25) -> 6 | X13: =SUM(H22:H25) -> 1 | Y13: =SUM(I22:I25) -> 52 | Z13: =SUM(J22:J25) -> 12 | ... AF13: =SUM(P22:P25) -> 948
B14: 08.00 - 08.15 | C14: 8 | D14: 2 | E14: 4 | F14: 5 | G14: 3 | H14: 0 | I14: 2 | J14: 3 | K14: 0 | L14: 1 | M14: 105 | N14: 0 | O14: =SUM(C14:L14,N14) -> 28 | P14: =SUM(C14:N14) -> 133 | R14: 1100-1200 | S14: =SUM(C26:C29) -> 125 | T14: =SUM(D26:D29) -> 23 | U14: =SUM(E26:E29) -> 25 | V14: =SUM(F26:F29) -> 107 | W14: =SUM(G26:G29) -> 4 | X14: =SUM(H26:H29) -> 2 | Y14: =SUM(I26:I29) -> 52 | Z14: =SUM(J26:J29) -> 18 | ... AF14: =SUM(P26:P29) -> 930
B15: 08.15 - 08.30 | C15: 16 | D15: 4 | E15: 6 | F15: 35 | G15: 0 | H15: 1 | I15: 5 | J15: 6 | K15: 0 | L15: 0 | M15: 120 | N15: 0 | O15: =SUM(C15:L15,N15) -> 73 | P15: =SUM(C15:N15) -> 193 | R15: 1200-1300 | S15: =SUM(C30:C33) -> 141 | T15: =SUM(D30:D33) -> 23 | U15: =SUM(E30:E33) -> 26 | V15: =SUM(F30:F33) -> 159 | W15: =SUM(G30:G33) -> 2 | X15: =SUM(H30:H33) -> 20 | Y15: =SUM(I30:I33) -> 54 | Z15: =SUM(J30:J33) -> 11 | ... AF15: =SUM(P30:P33) -> 990
B16: 08.30 - 08.45 | C16: 16 | D16: 6 | E16: 1 | F16: 32 | G16: 2 | H16: 1 | I16: 5 | J16: 1 | K16: 0 | L16: 0 | M16: 235 | N16: 0 | O16: =SUM(C16:L16,N16) -> 64 | P16: =SUM(C16:N16) -> 299 | R16: 1300-1400 | S16: =SUM(C34:C37) -> 129 | T16: =SUM(D34:D37) -> 35 | U16: =SUM(E34:E37) -> 19 | V16: =SUM(F34:F37) -> 161 | W16: =SUM(G34:G37) -> 6 | X16: =SUM(H34:H37) -> 3 | Y16: =SUM(I34:I37) -> 51 | Z16: =SUM(J34:J37) -> 19 | ... AF16: =SUM(P34:P37) -> 899
B17: 08.45 - 9.00 | C17: 28 | D17: 4 | E17: 3 | F17: 51 | G17: 2 | H17: 0 | I17: 2 | J17: 4 | K17: 2 | L17: 2 | M17: 120 | N17: 0 | O17: =SUM(C17:L17,N17) -> 98 | P17: =SUM(C17:N17) -> 218 | R17: 1400-1500 | S17: =SUM(C38:C41) -> 126 | T17: =SUM(D38:D41) -> 26 | U17: =SUM(E38:E41) -> 31 | V17: =SUM(F38:F41) -> 158 | W17: =SUM(G38:G41) -> 4 | X17: =SUM(H38:H41) -> 2 | Y17: =SUM(I38:I41) -> 45 | Z17: =SUM(J38:J41) -> 15 | ... AF17: =SUM(P38:P41) -> 833
B18: 09.00 - 09.15 | C18: 17 | D18: 3 | E18: 4 | F18: 4 | G18: 1 | H18: 1 | I18: 3 | J18: 5 | K18: 1 | L18: 6 | M18: 155 | N18: 0 | O18: =SUM(C18:L18,N18) -> 45 | P18: =SUM(C18:N18) -> 200 | R18: 1500-1600 | S18: =SUM(C42:C45) -> 117 | T18: =SUM(D42:D45) -> 21 | U18: =SUM(E42:E45) -> 13 | V18: =SUM(F42:F45) -> 118 | W18: =SUM(G42:G45) -> 3 | X18: =SUM(H42:H45) -> 4 | Y18: =SUM(I42:I45) -> 37 | Z18: =SUM(J42:J45) -> 7 | ... AF18: =SUM(P42:P45) -> 700
B19: 09.15 - 09.30 | C19: 30 | D19: 6 | E19: 1 | F19: 62 | G19: 2 | H19: 0 | I19: 4 | J19: 0 | K19: 3 | L19: 1 | M19: 225 | N19: 0 | O19: =SUM(C19:L19,N19) -> 109 | P19: =SUM(C19:N19) -> 334 | R19: 1600-1700 | S19: =SUM(C46:C49) -> 132 | T19: =SUM(D46:D49) -> 23 | U19: =SUM(E46:E49) -> 21 | V19: =SUM(F46:F49) -> 114 | W19: =SUM(G46:G49) -> 5 | X19: =SUM(H46:H49) -> 6 | Y19: =SUM(I46:I49) -> 51 | Z19: =SUM(J46:J49) -> 16 | ... AF19: =SUM(P46:P49) -> 934
B20: 09.30 - 09.45 | C20: 31 | D20: 5 | E20: 3 | F20: 49 | G20: 1 | H20: 0 | I20: 6 | J20: 5 | K20: 1 | L20: 2 | M20: 150 | N20: 0 | O20: =SUM(C20:L20,N20) -> 103 | P20: =SUM(C20:N20) -> 253 | R20: 1700-1800 | S20: =SUM(C50:C53) -> 157 | T20: =SUM(D50:D53) -> 17 | U20: =SUM(E50:E53) -> 18 | V20: =SUM(F50:F53) -> 109 | W20: =SUM(G50:G53) -> 4 | X20: =SUM(H50:H53) -> 0 | Y20: =SUM(I50:I53) -> 52 | Z20: =SUM(J50:J53) -> 7 | ... AF20: =SUM(P50:P53) -> 846
B21: 09.45 - 10.00 | C21: 24 | D21: 7 | E21: 2 | F21: 52 | G21: 3 | H21: 0 | I21: 6 | J21: 3 | K21: 0 | L21: 2 | M21: 150 | N21: 0 | O21: =SUM(C21:L21,N21) -> 99 | P21: =SUM(C21:N21) -> 249 | R21: 1800-1900 | S21: =SUM(C54:C57) -> 144 | T21: =SUM(D54:D57) -> 19 | U21: =SUM(E54:E57) -> 17 | V21: =SUM(F54:F57) -> 124 | W21: =SUM(G54:G57) -> 4 | X21: =SUM(H54:H57) -> 3 | Y21: =SUM(I54:I57) -> 54 | Z21: =SUM(J54:J57) -> 10 | ... AF21: =SUM(P54:P57) -> 1027
B22: 10.00 - 10.15 | C22: 31 | D22: 4 | E22: 0 | F22: 36 | G22: 2 | H22: 0 | I22: 10 | J22: 2 | K22: 1 | L22: 0 | M22: 120 | N22: 0 | O22: =SUM(C22:L22,N22) -> 86 | P22: =SUM(C22:N22) -> 206 | R22: 1900-2000 | S22: =SUM(C58:C61) -> 42 | T22: =SUM(D58:D61) -> 2 | U22: =SUM(E58:E61) -> 5 | V22: =SUM(F58:F61) -> 16 | W22: =SUM(G58:G61) -> 0 | X22: =SUM(H58:H61) -> 0 | Y22: =SUM(I58:I61) -> 7 | Z22: =SUM(J58:J61) -> 3 | ... AF22: =SUM(P58:P61) -> 186
B23: 10.15 - 10.30 | C23: 17 | D23: 2 | E23: 8 | F23: 36 | G23: 3 | H23: 1 | I23: 15 | J23: 1 | K23: 1 | L23: 2 | M23: 125 | N23: 0 | O23: =SUM(C23:L23,N23) -> 86 | P23: =SUM(C23:N23) -> 211 | R23: 2000-2100 | S23: =SUM(C62:C65) -> 114 | T23: =SUM(D62:D65) -> 13 | U23: =SUM(E62:E65) -> 10 | V23: =SUM(F62:F65) -> 88 | W23: =SUM(G62:G65) -> 6 | X23: =SUM(H62:H65) -> 2 | Y23: =SUM(I62:I65) -> 26 | Z23: =SUM(J62:J65) -> 6 | ... AF23: =SUM(P62:P65) -> 885
B24: 10.30 - 10.45 | C24: 48 | D24: 4 | E24: 9 | F24: 50 | G24: 1 | H24: 0 | I24: 22 | J24: 6 | K24: 0 | L24: 8 | M24: 175 | N24: 0 | O24: =SUM(C24:L24,N24) -> 148 | P24: =SUM(C24:N24) -> 323 | R24: 2100-2200 | S24: =SUM(C66:C69) -> 199 | T24: =SUM(D66:D69) -> 9 | U24: =SUM(E66:E69) -> 21 | V24: =SUM(F66:F69) -> 135 | W24: =SUM(G66:G69) -> 13 | X24: =SUM(H66:H69) -> 3 | Y24: =SUM(I66:I69) -> 28 | Z24: =SUM(J66:J69) -> 16 | ... AF24: =SUM(P66:P69) -> 1137
B25: 10.45 - 11.00 | C25: 31 | D25: 1 | E25: 7 | F25: 33 | G25: 0 | H25: 0 | I25: 5 | J25: 3 | K25: 2 | L25: 1 | M25: 125 | N25: 0 | O25: =SUM(C25:L25,N25) -> 83 | P25: =SUM(C25:N25) -> 208 | R25: 2200-2300 | S25: =SUM(C70:C73) -> 222 | T25: =SUM(D70:D73) -> 13 | U25: =SUM(E70:E73) -> 12 | V25: =SUM(F70:F73) -> 171 | W25: =SUM(G70:G73) -> 11 | X25: =SUM(H70:H73) -> 2 | Y25: =SUM(I70:I73) -> 29 | Z25: =SUM(J70:J73) -> 11 | ... AF25: =SUM(P70:P73) -> 1284
B26: 11.00 - 11.15 | C26: 37 | D26: 8 | E26: 6 | F26: 26 | G26: 1 | H26: 0 | I26: 17 | J26: 2 | K26: 3 | L26: 4 | M26: 95 | N26: 0 | O26: =SUM(C26:L26,N26) -> 104 | P26: =SUM(C26:N26) -> 199 | R26: 2300-0000 | S26: =SUM(C74:C77) -> 146 | T26: =SUM(D74:D77) -> 19 | U26: =SUM(E74:E77) -> 17 | V26: =SUM(F74:F77) -> 93 | W26: =SUM(G74:G77) -> 5 | X26: =SUM(H74:H77) -> 7 | Y26: =SUM(I74:I77) -> 23 | Z26: =SUM(J74:J77) -> 13 | ... AF26: =SUM(P74:P77) -> 945
B27: 11.15 - 11.30 | C27: 26 | D27: 4 | E27: 5 | F27: 31 | G27: 0 | H27: 0 | I27: 13 | J27: 7 | K27: 2 | L27: 4 | M27: 135 | N27: 0 | O27: =SUM(C27:L27,N27) -> 92 | P27: =SUM(C27:N27) -> 227 | R27: 0000-0100 | S27: =SUM(C78:C81) -> 70 | T27: =SUM(D78:D81) -> 7 | U27: =SUM(E78:E81) -> 10 | V27: =SUM(F78:F81) -> 43 | W27: =SUM(G78:G81) -> 3 | X27: =SUM(H78:H81) -> 4 | Y27: =SUM(I78:I81) -> 19 | Z27: =SUM(J78:J81) -> 13 | ... AF27: =SUM(P78:P81) -> 442
B28: 11.30 - 11.45 | C28: 27 | D28: 6 | E28: 5 | F28: 30 | G28: 2 | H28: 1 | I28: 14 | J28: 7 | K28: 1 | L28: 5 | M28: 150 | N28: 0 | O28: =SUM(C28:L28,N28) -> 98 | P28: =SUM(C28:N28) -> 248 | R28: 0100-0200 | S28: =SUM(C82:C85) -> 35 | T28: =SUM(D82:D85) -> 8 | U28: =SUM(E82:E85) -> 8 | V28: =SUM(F82:F85) -> 10 | W28: =SUM(G82:G85) -> 0 | X28: =SUM(H82:H85) -> 0 | Y28: =SUM(I82:I85) -> 8 | Z28: =SUM(J82:J85) -> 17 | ... AF28: =SUM(P82:P85) -> 269
B29: 11.45 - 12.00 | C29: 35 | D29: 5 | E29: 9 | F29: 20 | G29: 1 | H29: 1 | I29: 8 | J29: 2 | K29: 0 | L29: 5 | M29: 170 | N29: 0 | O29: =SUM(C29:L29,N29) -> 86 | P29: =SUM(C29:N29) -> 256 | R29: 0200-0300 | S29: =SUM(C86:C89) -> 32 | T29: =SUM(D86:D89) -> 6 | U29: =SUM(E86:E89) -> 5 | V29: =SUM(F86:F89) -> 6 | W29: =SUM(G86:G89) -> 0 | X29: =SUM(H86:H89) -> 1 | Y29: =SUM(I86:I89) -> 6 | Z29: =SUM(J86:J89) -> 8 | ... AF29: =SUM(P86:P89) -> 180
B30: 12.00 - 12.15 | C30: 32 | D30: 7 | E30: 10 | F30: 40 | G30: 0 | H30: 0 | I30: 11 | J30: 4 | K30: 3 | L30: 5 | M30: 170 | N30: 0 | O30: =SUM(C30:L30,N30) -> 112 | P30: =SUM(C30:N30) -> 282 | R30: 0300-0400 | S30: =SUM(C90:C93) -> 32 | T30: =SUM(D90:D93) -> 3 | U30: =SUM(E90:E93) -> 4 | V30: =SUM(F90:F93) -> 7 | W30: =SUM(G90:G93) -> 0 | X30: =SUM(H90:H93) -> 0 | Y30: =SUM(I90:I93) -> 6 | Z30: =SUM(J90:J93) -> 17 | ... AF30: =SUM(P90:P93) -> 140
B31: 12.15 - 12.30 | C31: 33 | D31: 7 | E31: 2 | F31: 37 | G31: 1 | H31: 20 | I31: 20 | J31: 1 | K31: 1 | L31: 2 | M31: 100 | N31: 0 | O31: =SUM(C31:L31,N31) -> 124 | P31: =SUM(C31:N31) -> 224 | R31: 0400-0500 | S31: =SUM(C94:C97) -> 31 | T31: =SUM(D94:D97) -> 4 | U31: =SUM(E94:E97) -> 3 | V31: =SUM(F94:F97) -> 11 | W31: =SUM(G94:G97) -> 0 | X31: =SUM(H94:H97) -> 0 | Y31: =SUM(I94:I97) -> 10 | Z31: =SUM(J94:J97) -> 6 | ... AF31: =SUM(P94:P97) -> 171
B32: 12.30 - 12.45 | C32: 29 | D32: 3 | E32: 9 | F32: 34 | G32: 1 | H32: 0 | I32: 12 | J32: 4 | K32: 2 | L32: 3 | M32: 120 | N32: 0 | O32: =SUM(C32:L32,N32) -> 97 | P32: =SUM(C32:N32) -> 217 | R32: 0500-0600 | S32: =SUM(C98:C101) -> 44 | T32: =SUM(D98:D101) -> 0 | U32: =SUM(E98:E101) -> 3 | V32: =SUM(F98:F101) -> 40 | W32: =SUM(G98:G101) -> 2 | X32: =SUM(H98:H101) -> 1 | Y32: =SUM(I98:I101) -> 13 | Z32: =SUM(J98:J101) -> 13 | ... AF32: =SUM(P98:P101) -> 257
B33: 12.45 - 13.00 | C33: 47 | D33: 6 | E33: 5 | F33: 48 | G33: 0 | H33: 0 | I33: 11 | J33: 2 | K33: 1 | L33: 5 | M33: 142 | N33: 0 | O33: =SUM(C33:L33,N33) -> 125 | P33: =SUM(C33:N33) -> 267 | R33: 0600-0700 | S33: =SUM(C102:C105) -> 95 | T33: =SUM(D102:D105) -> 10 | U33: =SUM(E102:E105) -> 11 | V33: =SUM(F102:F105) -> 114 | W33: =SUM(G102:G105) -> 2 | X33: =SUM(H102:H105) -> 7 | Y33: =SUM(I102:I105) -> 19 | Z33: =SUM(J102:J105) -> 16 | ... AF33: =SUM(P102:P105) -> 549
B34: 13.00 - 13.15 | C34: 25 | D34: 8 | E34: 6 | F34: 41 | G34: 1 | H34: 1 | I34: 14 | J34: 4 | K34: 3 | L34: 2 | M34: 111 | N34: 0 | O34: =SUM(C34:L34,N34) -> 105 | P34: =SUM(C34:N34) -> 216 | R34: AM Peak Hr | S34: =MAX(S10:S12) -> 102 | T34: =MAX(T10:T12) -> 21 | U34: =MAX(U10:U12) -> 14 | V34: =MAX(V10:V12) -> 167 | W34: =MAX(W10:W12) -> 9 | X34: =MAX(X10:X12) -> 6 | Y34: =MAX(Y10:Y12) -> 23 | Z34: =MAX(Z10:Z12) -> 14 | ... AF34: =MAX(AF10:AF12) -> 1036
B35: 13.15 - 13.30 | C35: 39 | D35: 9 | E35: 2 | F35: 39 | G35: 2 | H35: 1 | I35: 19 | J35: 5 | K35: 4 | L35: 4 | M35: 110 | N35: 0 | O35: =SUM(C35:L35,N35) -> 124 | P35: =SUM(C35:N35) -> 234 | R35: IP Peak Hr | S35: =MAX(S13:S18) -> 141 | T35: =MAX(T13:T18) -> 35 | U35: =MAX(U13:U18) -> 31 | V35: =MAX(V13:V18) -> 161 | W35: =MAX(W13:W18) -> 6 | X35: =MAX(X13:X18) -> 20 | Y35: =MAX(Y13:Y18) -> 54 | Z35: =MAX(Z13:Z18) -> 19 | ... AF35: =MAX(AF13:AF18) -> 990
B36: 13.30 - 13.45 | C36: 30 | D36: 7 | E36: 7 | F36: 40 | G36: 2 | H36: 0 | I36: 6 | J36: 3 | K36: 0 | L36: 3 | M36: 160 | N36: 0 | O36: =SUM(C36:L36,N36) -> 98 | P36: =SUM(C36:N36) -> 258 | R36: PM Peak Hr | S36: =MAX(S19:S21) -> 157 | T36: =MAX(T19:T21) -> 23 | U36: =MAX(U19:U21) -> 21 | V36: =MAX(V19:V21) -> 124 | W36: =MAX(W19:W21) -> 5 | X36: =MAX(X19:X21) -> 6 | Y36: =MAX(Y19:Y21) -> 54 | Z36: =MAX(Z19:Z21) -> 16 | ... AF36: =MAX(AF19:AF21) -> 1027
B37: 13.45 - 14.00 | C37: 35 | D37: 11 | E37: 4 | F37: 41 | G37: 1 | H37: 1 | I37: 12 | J37: 7 | K37: 7 | L37: 3 | M37: 69 | N37: 0 | O37: =SUM(C37:L37,N37) -> 122 | P37: =SUM(C37:N37) -> 191 | R37: AM Period | S37: =SUM(S10:S12) -> 257 | T37: =SUM(T10:T12) -> 47 | U37: =SUM(U10:U12) -> 33 | V37: =SUM(V10:V12) -> 431 | W37: =SUM(W10:W12) -> 23 | X37: =SUM(X10:X12) -> 9 | Y37: =SUM(Y10:Y12) -> 56 | Z37: =SUM(Z10:Z12) -> 38 | ... AF37: =SUM(AF10:AF12) -> 2714
B38: 14.00 - 14.15 | C38: 37 | D38: 5 | E38: 9 | F38: 45 | G38: 1 | H38: 0 | I38: 11 | J38: 3 | K38: 0 | L38: 3 | M38: 95 | N38: 0 | O38: =SUM(C38:L38,N38) -> 114 | P38: =SUM(C38:N38) -> 209 | R38: IP Period | S38: =SUM(S13:S18) -> 765 | T38: =SUM(T13:T18) -> 139 | U38: =SUM(U13:U18) -> 138 | V38: =SUM(V13:V18) -> 858 | W38: =SUM(W13:W18) -> 25 | X38: =SUM(X13:X18) -> 32 | Y38: =SUM(Y13:Y18) -> 291 | Z38: =SUM(Z13:Z18) -> 82 | ... AF38: =SUM(AF13:AF18) -> 5300
B39: 14.15 - 14.30 | C39: 27 | D39: 10 | E39: 10 | F39: 49 | G39: 0 | H39: 0 | I39: 11 | J39: 4 | K39: 3 | L39: 6 | M39: 115 | N39: 0 | O39: =SUM(C39:L39,N39) -> 120 | P39: =SUM(C39:N39) -> 235 | R39: PM Period | S39: =SUM(S19:S21) -> 433 | T39: =SUM(T19:T21) -> 59 | U39: =SUM(U19:U21) -> 56 | V39: =SUM(V19:V21) -> 347 | W39: =SUM(W19:W21) -> 13 | X39: =SUM(X19:X21) -> 9 | Y39: =SUM(Y19:Y21) -> 157 | Z39: =SUM(Z19:Z21) -> 33 | ... AF39: =SUM(AF19:AF21) -> 2807
B40: 14.30 - 14.45 | C40: 39 | D40: 10 | E40: 7 | F40: 30 | G40: 1 | H40: 1 | I40: 14 | J40: 3 | K40: 1 | L40: 5 | M40: 85 | N40: 0 | O40: =SUM(C40:L40,N40) -> 111 | P40: =SUM(C40:N40) -> 196 | R40: 12 Hours | S40: =SUM(S10:S21) -> 1455 | T40: =SUM(T10:T21) -> 245 | U40: =SUM(U10:U21) -> 227 | V40: =SUM(V10:V21) -> 1636 | W40: =SUM(W10:W21) -> 61 | X40: =SUM(X10:X21) -> 50 | Y40: =SUM(Y10:Y21) -> 504 | Z40: =SUM(Z10:Z21) -> 153 | ... AF40: =SUM(AF10:AF21) -> 10821
B41: 14.45 - 15.00 | C41: 23 | D41: 1 | E41: 5 | F41: 34 | G41: 2 | H41: 1 | I41: 9 | J41: 5 | K41: 0 | L41: 3 | M41: 110 | N41: 0 | O41: =SUM(C41:L41,N41) -> 83 | P41: =SUM(C41:N41) -> 193 | R41: 24 Hrs/ADT | S41: =SUM(S10:S33) -> 2517 | T41: =SUM(T10:T33) -> 339 | U41: =SUM(U10:U33) -> 336 | V41: =SUM(V10:V33) -> 2370 | W41: =SUM(W10:W33) -> 103 | X41: =SUM(X10:X33) -> 77 | Y41: =SUM(Y10:Y33) -> 698 | Z41: =SUM(Z10:Z33) -> 292 | ... AF41: =SUM(AF10:AF33) -> 17266
B42: 15.00 - 15.15 | C42: 49 | D42: 6 | E42: 7 | F42: 37 | G42: 2 | H42: 0 | I42: 16 | J42: 2 | K42: 3 | L42: 2 | M42: 106 | N42: 0 | O42: =SUM(C42:L42,N42) -> 124 | P42: =SUM(C42:N42) -> 230 | R42: NEF | S42: =S41/S40 -> 1.7298969 | T42: =T41/T40 -> 1.3836735 | U42: =U41/U40 -> 1.4801762 | V42: =V41/V40 -> 1.4486553 | W42: =W41/W40 -> 1.6885246 | X42: =X41/X40 -> 1.54 | Y42: =Y41/Y40 -> 1.3849206 | Z42: =Z41/Z40 -> 1.9084967 | ... AF42: =AF41/AF40 -> 1.5956011
B43: 15.15 - 15.30 | C43: 22 | D43: 5 | E43: 2 | F43: 24 | G43: 1 | H43: 1 | I43: 7 | J43: 1 | K43: 1 | L43: 0 | M43: 95 | N43: 0 | O43: =SUM(C43:L43,N43) -> 64 | P43: =SUM(C43:N43) -> 159
B44: 15.30 - 15.45 | C44: 25 | D44: 7 | E44: 2 | F44: 28 | G44: 0 | H44: 1 | I44: 6 | J44: 0 | K44: 2 | L44: 2 | M44: 65 | N44: 0 | O44: =SUM(C44:L44,N44) -> 73 | P44: =SUM(C44:N44) -> 138
B45: 15.45 - 16.00 | C45: 21 | D45: 3 | E45: 2 | F45: 29 | G45: 0 | H45: 2 | I45: 8 | J45: 4 | K45: 0 | L45: 9 | M45: 95 | N45: 0 | O45: =SUM(C45:L45,N45) -> 78 | P45: =SUM(C45:N45) -> 173
B46: 16.00 - 16.15 | C46: 33 | D46: 6 | E46: 1 | F46: 21 | G46: 3 | H46: 2 | I46: 11 | J46: 7 | K46: 1 | L46: 6 | M46: 100 | N46: 0 | O46: =SUM(C46:L46,N46) -> 91 | P46: =SUM(C46:N46) -> 191
B47: 16.15 -16.30 | C47: 35 | D47: 8 | E47: 11 | F47: 25 | G47: 0 | H47: 2 | I47: 7 | J47: 6 | K47: 4 | L47: 2 | M47: 150 | N47: 0 | O47: =SUM(C47:L47,N47) -> 100 | P47: =SUM(C47:N47) -> 250
B48: 16.30 -16.45 | C48: 33 | D48: 3 | E48: 6 | F48: 49 | G48: 1 | H48: 0 | I48: 12 | J48: 1 | K48: 2 | L48: 0 | M48: 170 | N48: 0 | O48: =SUM(C48:L48,N48) -> 107 | P48: =SUM(C48:N48) -> 277
B49: 16.45 -17.00 | C49: 31 | D49: 6 | E49: 3 | F49: 19 | G49: 1 | H49: 2 | I49: 21 | J49: 2 | K49: 2 | L49: 4 | M49: 125 | N49: 0 | O49: =SUM(C49:L49,N49) -> 91 | P49: =SUM(C49:N49) -> 216
B50: 17.00 -17.15 | C50: 35 | D50: 2 | E50: 7 | F50: 31 | G50: 1 | H50: 0 | I50: 11 | J50: 4 | K50: 3 | L50: 4 | M50: 86 | N50: 0 | O50: =SUM(C50:L50,N50) -> 98 | P50: =SUM(C50:N50) -> 184
B51: 17.15 -17.30 | C51: 50 | D51: 4 | E51: 2 | F51: 33 | G51: 1 | H51: 0 | I51: 14 | J51: 1 | K51: 0 | L51: 2 | M51: 140 | N51: 0 | O51: =SUM(C51:L51,N51) -> 107 | P51: =SUM(C51:N51) -> 247
B52: 17.30 -17.45 | C52: 22 | D52: 6 | E52: 4 | F52: 23 | G52: 1 | H52: 0 | I52: 4 | J52: 1 | K52: 1 | L52: 1 | M52: 125 | N52: 0 | O52: =SUM(C52:L52,N52) -> 63 | P52: =SUM(C52:N52) -> 188
B53: 17.45 -18.00 | C53: 50 | D53: 5 | E53: 5 | F53: 22 | G53: 1 | H53: 0 | I53: 23 | J53: 1 | K53: 2 | L53: 3 | M53: 115 | N53: 0 | O53: =SUM(C53:L53,N53) -> 112 | P53: =SUM(C53:N53) -> 227
B54: 18.00 - 18.15 | C54: 52 | D54: 3 | E54: 2 | F54: 50 | G54: 2 | H54: 0 | I54: 10 | J54: 6 | K54: 4 | L54: 3 | M54: 160 | N54: 0 | O54: =SUM(C54:L54,N54) -> 132 | P54: =SUM(C54:N54) -> 292
... B105: 06.45 - 07.00 | C105: 28 | D105: 4 | E105: 6 | F105: 25 | G105: 0 | H105: 5 | I105: 9 | J105: 1 | K105: 1 | L105: 0 | M105: 115 | N105: 0 | O105: =SUM(C105:L105,N105) -> 79 | P105: =SUM(C105:N105) -> 194
B106: Totals | C106: =SUM(C10:C105) -> 2517 | D106: =SUM(D10:D105) -> 339 | E106: =SUM(E10:E105) -> 336 | F106: =SUM(F10:F105) -> 2370 | G106: =SUM(G10:G105) -> 103 | H106: =SUM(H10:H105) -> 77 | I106: =SUM(I10:I105) -> 698 | J106: =SUM(J10:J105) -> 292 | ... P106: =SUM(P10:P105) -> 17266
B107: %ges + MCs | C107: =C106/$P$106 -> 0.14577783 | D107: =D106/$P$106 -> 0.019633963 | E107: =E106/$P$106 -> 0.019460211 | F107: =F106/$P$106 -> 0.13726399 | G107: =G106/$P$106 -> 0.0059654813 | H107: =H106/$P$106 -> 0.0044596316 | I107: =I106/$P$106 -> 0.040426271 | J107: =J106/$P$106 -> 0.01691185 | ... N107: =N106/$P$106 -> 0
B108: %ges w/o MCs | C108: =C106/$O$106 -> 0.35470688 | D108: =D106/$O$106 -> 0.047773393 | E108: =E106/$O$106 -> 0.04735062 | F108: =F106/$O$106 -> 0.33399098 | G108: =G106/$O$106 -> 0.01451522 | H108: =H106/$O$106 -> 0.010851184 | I108: =I106/$O$106 -> 0.098365276 | J108: =J106/$O$106 -> 0.041149944 | ... L108: =L106/$O$106 -> 0.027621195 | N108: =N106/$O$106 -> 0

Sheet 26.07 Kawempe-Bwaise-24h
B1: Consultancy services for Preparation of Expressway Development Master Plan (EDMP) for Uganda
B2: MANUAL CLASSIFIED COUNT (MCC)
B3: ROAD NAME: | C3: ='22.07 Bwaise-Kawempe'!C3:G3 -> MCC - C1 - STN23 - BOMBO ROAD
C5: Date | D5: ='26.07 Bwaise-Kawempe-24h'!D5 -> 26.07.19 | F5: Location | G5: ='26.07 Bwaise-Kawempe-24h'!G5:H5 -> Before Steel and Tube | J5: Surveyor | K5: Allen & Akello
C6: Dir. From | D6: ='22.07 kawempe-Bwaise'!D6:E6 -> Kawempe | F6: Dir. To | G6: ='23.07 Kawempe-Bwaise'!G6:H6 -> Bwaise | J6: Supervisor | K6: Salima & Olaju
B8: Time / Veh Type | R8: SUMMARY TRAFFIC VOLUMES
C9: 1. Car | D9: 2. Station Wagon | E9: 3. Pickups | F9: 4. Minibus, matatu | G9: 5. Medium bus | H9: 6. Large Bus | I9: 7. Light Truck | J9: 8. Medium Truck | K9: 9. Heavy truck | L9: 10. Truck Trailer | M9: 11. Motor cycles | N9: 12. Tractors | O9: Total Excl M/Cycles | P9: Total All | R9: Time | S9: 1. Car | T9: 2. Station Wagon | U9: 3. Pickups | V9: 4. Minibus, matatu | W9: 5. Medium bus | X9: 6. Large Bus | Y9: 7. Light Truck | Z9: 8. Medium Truck | AA9: 9. Heavy truck | AB9: 10. Truck Trailer | AC9: 11. Motorcycles | AD9: 12. Tractors, Graders | AE9: Total Excl M/ Cycles | AF9: Total All
B10: 07.00 - 07.15 | C10: 96 | D10: 10 | E10: 6 | F10: 62 | G10: 3 | H10: 3 | I10: 8 | J10: 6 | K10: 5 | L10: 0 | M10: 297 | N10: 0 | O10: =SUM(C10:L10,N10) -> 199 | P10: =SUM(C10:N10) -> 496 | R10: 0700-0800 | S10: =SUM(C10:C13) -> 267 | T10: =SUM(D10:D13) -> 31 | U10: =SUM(E10:E13) -> 26 | V10: =SUM(F10:F13) -> 226 | W10: =SUM(G10:G13) -> 14 | X10: =SUM(H10:H13) -> 6 | Y10: =SUM(I10:I13) -> 26 | Z10: =SUM(J10:J13) -> 22 | ... AF10: =SUM(P10:P13) -> 1821
B11: 07.15 - 07.30 | C11: 63 | D11: 7 | E11: 7 | F11: 44 | G11: 6 | H11: 1 | I11: 2 | J11: 6 | K11: 2 | L11: 0 | M11: 181 | N11: 1 | O11: =SUM(C11:L11,N11) -> 139 | P11: =SUM(C11:N11) -> 320 | R11: 0800-0900 | S11: =SUM(C14:C17) -> 189 | T11: =SUM(D14:D17) -> 39 | U11: =SUM(E14:E17) -> 31 | V11: =SUM(F14:F17) -> 222 | W11: =SUM(G14:G17) -> 3 | X11: =SUM(H14:H17) -> 1 | Y11: =SUM(I14:I17) -> 33 | Z11: =SUM(J14:J17) -> 28 | ... AF11: =SUM(P14:P17) -> 1602
B12: 07.30 - 07.45 | C12: 51 | D12: 8 | E12: 9 | F12: 61 | G12: 2 | H12: 2 | I12: 7 | J12: 5 | K12: 1 | L12: 0 | M12: 325 | N12: 0 | O12: =SUM(C12:L12,N12) -> 146 | P12: =SUM(C12:N12) -> 471 | R12: 0900-1000 | S12: =SUM(C18:C21) -> 212 | T12: =SUM(D18:D21) -> 34 | U12: =SUM(E18:E21) -> 18 | V12: =SUM(F18:F21) -> 203 | W12: =SUM(G18:G21) -> 15 | X12: =SUM(H18:H21) -> 3 | Y12: =SUM(I18:I21) -> 36 | Z12: =SUM(J18:J21) -> 40 | ... AF12: =SUM(P18:P21) -> 1521
B13: 07.45 - 08.00 | C13: 57 | D13: 6 | E13: 4 | F13: 59 | G13: 3 | H13: 0 | I13: 9 | J13: 5 | K13: 1 | L13: 0 | M13: 390 | N13: 0 | O13: =SUM(C13:L13,N13) -> 144 | P13: =SUM(C13:N13) -> 534 | R13: 1000-1100 | S13: =SUM(C22:C25) -> 156 | T13: =SUM(D22:D25) -> 33 | U13: =SUM(E22:E25) -> 14 | V13: =SUM(F22:F25) -> 171 | W13: =SUM(G22:G25) -> 8 | X13: =SUM(H22:H25) -> 2 | Y13: =SUM(I22:I25) -> 37 | Z13: =SUM(J22:J25) -> 40 | ... AF13: =SUM(P22:P25) -> 1335
B14: 08.00 - 08.15 | C14: 54 | D14: 11 | E14: 9 | F14: 70 | G14: 1 | H14: 1 | I14: 13 | J14: 6 | K14: 2 | L14: 1 | M14: 270 | N14: 0 | O14: =SUM(C14:L14,N14) -> 168 | P14: =SUM(C14:N14) -> 438 | R14: 1100-1200 | S14: =SUM(C26:C29) -> 166 | T14: =SUM(D26:D29) -> 42 | U14: =SUM(E26:E29) -> 25 | V14: =SUM(F26:F29) -> 154 | W14: =SUM(G26:G29) -> 6 | X14: =SUM(H26:H29) -> 1 | Y14: =SUM(I26:I29) -> 35 | Z14: =SUM(J26:J29) -> 43 | ... AF14: =SUM(P26:P29) -> 1246
B15: 08.15 - 08.30 | C15: 51 | D15: 3 | E15: 7 | F15: 58 | G15: 0 | H15: 0 | I15: 5 | J15: 3 | K15: 3 | L15: 1 | M15: 260 | N15: 0 | O15: =SUM(C15:L15,N15) -> 131 | P15: =SUM(C15:N15) -> 391 | R15: 1200-1300 | S15: =SUM(C30:C33) -> 206 | T15: =SUM(D30:D33) -> 37 | U15: =SUM(E30:E33) -> 36 | V15: =SUM(F30:F33) -> 182 | W15: =SUM(G30:G33) -> 8 | X15: =SUM(H30:H33) -> 3 | Y15: =SUM(I30:I33) -> 48 | Z15: =SUM(J30:J33) -> 31 | ... AF15: =SUM(P30:P33) -> 1139
B16: 08.30 - 08.45 | C16: 54 | D16: 18 | E16: 12 | F16: 52 | G16: 2 | H16: 0 | I16: 8 | J16: 13 | K16: 4 | L16: 3 | M16: 365 | N16: 0 | O16: =SUM(C16:L16,N16) -> 166 | P16: =SUM(C16:N16) -> 531 | R16: 1300-1400 | S16: =SUM(C34:C37) -> 156 | T16: =SUM(D34:D37) -> 35 | U16: =SUM(E34:E37) -> 15 | V16: =SUM(F34:F37) -> 167 | W16: =SUM(G34:G37) -> 6 | X16: =SUM(H34:H37) -> 2 | Y16: =SUM(I34:I37) -> 39 | Z16: =SUM(J34:J37) -> 36 | ... AF16: =SUM(P34:P37) -> 1120
B17: 08.45 - 9.00 | C17: 30 | D17: 7 | E17: 3 | F17: 42 | G17: 0 | H17: 0 | I17: 7 | J17: 6 | K17: 2 | L17: 0 | M17: 145 | N17: 0 | O17: =SUM(C17:L17,N17) -> 97 | P17: =SUM(C17:N17) -> 242 | R17: 1400-1500 | S17: =SUM(C38:C41) -> 134 | T17: =SUM(D38:D41) -> 27 | U17: =SUM(E38:E41) -> 16 | V17: =SUM(F38:F41) -> 154 | W17: =SUM(G38:G41) -> 7 | X17: =SUM(H38:H41) -> 6 | Y17: =SUM(I38:I41) -> 30 | Z17: =SUM(J38:J41) -> 31 | ... AF17: =SUM(P38:P41) -> 932
B18: 09.00 - 09.15 | C18: 55 | D18: 10 | E18: 4 | F18: 61 | G18: 3 | H18: 0 | I18: 8 | J18: 11 | K18: 6 | L18: 1 | M18: 210 | N18: 0 | O18: =SUM(C18:L18,N18) -> 159 | P18: =SUM(C18:N18) -> 369 | R18: 1500-1600 | S18: =SUM(C42:C45) -> 146 | T18: =SUM(D42:D45) -> 38 | U18: =SUM(E42:E45) -> 30 | V18: =SUM(F42:F45) -> 159 | W18: =SUM(G42:G45) -> 4 | X18: =SUM(H42:H45) -> 5 | Y18: =SUM(I42:I45) -> 42 | Z18: =SUM(J42:J45) -> 31 | ... AF18: =SUM(P42:P45) -> 972
B19: 09.15 - 09.30 | C19: 69 | D19: 10 | E19: 4 | F19: 65 | G19: 2 | H19: 3 | I19: 14 | J19: 15 | K19: 7 | L19: 0 | M19: 335 | N19: 0 | O19: =SUM(C19:L19,N19) -> 189 | P19: =SUM(C19:N19) -> 524 | R19: 1600-1700 | S19: =SUM(C46:C49) -> 140 | T19: =SUM(D46:D49) -> 30 | U19: =SUM(E46:E49) -> 79 | V19: =SUM(F46:F49) -> 166 | W19: =SUM(G46:G49) -> 6 | X19: =SUM(H46:H49) -> 4 | Y19: =SUM(I46:I49) -> 36 | Z19: =SUM(J46:J49) -> 28 | ... AF19: =SUM(P46:P49) -> 1108
B20: 09.30 - 09.45 | C20: 31 | D20: 6 | E20: 3 | F20: 30 | G20: 5 | H20: 0 | I20: 3 | J20: 6 | K20: 0 | L20: 0 | M20: 188 | N20: 0 | O20: =SUM(C20:L20,N20) -> 84 | P20: =SUM(C20:N20) -> 272 | R20: 1700-1800 | S20: =SUM(C50:C53) -> 112 | T20: =SUM(D50:D53) -> 29 | U20: =SUM(E50:E53) -> 29 | V20: =SUM(F50:F53) -> 137 | W20: =SUM(G50:G53) -> 4 | X20: =SUM(H50:H53) -> 3 | Y20: =SUM(I50:I53) -> 40 | Z20: =SUM(J50:J53) -> 20 | ... AF20: =SUM(P50:P53) -> 1147
B21: 09.45 - 10.00 | C21: 57 | D21: 8 | E21: 7 | F21: 47 | G21: 5 | H21: 0 | I21: 11 | J21: 8 | K21: 3 | L21: 0 | M21: 210 | N21: 0 | O21: =SUM(C21:L21,N21) -> 146 | P21: =SUM(C21:N21) -> 356 | R21: 1800-1900 | S21: =SUM(C54:C57) -> 114 | T21: =SUM(D54:D57) -> 30 | U21: =SUM(E54:E57) -> 14 | V21: =SUM(F54:F57) -> 147 | W21: =SUM(G54:G57) -> 5 | X21: =SUM(H54:H57) -> 0 | Y21: =SUM(I54:I57) -> 35 | Z21: =SUM(J54:J57) -> 15 | ... AF21: =SUM(P54:P57) -> 1053
B22: 10.00 - 10.15 | C22: 48 | D22: 12 | E22: 6 | F22: 56 | G22: 3 | H22: 0 | I22: 10 | J22: 7 | K22: 6 | L22: 1 | M22: 205 | N22: 0 | O22: =SUM(C22:L22,N22) -> 149 | P22: =SUM(C22:N22) -> 354 | R22: 1900-2000 | S22: =SUM(C58:C61) -> 114 | T22: =SUM(D58:D61) -> 12 | U22: =SUM(E58:E61) -> 7 | V22: =SUM(F58:F61) -> 73 | W22: =SUM(G58:G61) -> 3 | X22: =SUM(H58:H61) -> 9 | Y22: =SUM(I58:I61) -> 7 | Z22: =SUM(J58:J61) -> 20 | ... AF22: =SUM(P58:P61) -> 516
B23: 10.15 - 10.30 | C23: 37 | D23: 9 | E23: 3 | F23: 28 | G23: 2 | H23: 2 | I23: 7 | J23: 9 | K23: 3 | L23: 3 | M23: 160 | N23: 0 | O23: =SUM(C23:L23,N23) -> 103 | P23: =SUM(C23:N23) -> 263 | R23: 2000-2100 | S23: =SUM(C62:C65) -> 84 | T23: =SUM(D62:D65) -> 22 | U23: =SUM(E62:E65) -> 13 | V23: =SUM(F62:F65) -> 108 | W23: =SUM(G62:G65) -> 6 | X23: =SUM(H62:H65) -> 7 | Y23: =SUM(I62:I65) -> 13 | Z23: =SUM(J62:J65) -> 20 | ... AF23: =SUM(P62:P65) -> 1108
B24: 10.30 - 10.45 | C24: 35 | D24: 5 | E24: 4 | F24: 50 | G24: 2 | H24: 0 | I24: 12 | J24: 13 | K24: 3 | L24: 0 | M24: 255 | N24: 0 | O24: =SUM(C24:L24,N24) -> 124 | P24: =SUM(C24:N24) -> 379 | R24: 2100-2200 | S24: =SUM(C66:C69) -> 82 | T24: =SUM(D66:D69) -> 14 | U24: =SUM(E66:E69) -> 10 | V24: =SUM(F66:F69) -> 93 | W24: =SUM(G66:G69) -> 9 | X24: =SUM(H66:H69) -> 2 | Y24: =SUM(I66:I69) -> 16 | Z24: =SUM(J66:J69) -> 20 | ... AF24: =SUM(P66:P69) -> 864
B25: 10.45 - 11.00 | C25: 36 | D25: 7 | E25: 1 | F25: 37 | G25: 1 | H25: 0 | I25: 8 | J25: 11 | K25: 5 | L25: 0 | M25: 233 | N25: 0 | O25: =SUM(C25:L25,N25) -> 106 | P25: =SUM(C25:N25) -> 339 | R25: 2200-2300 | S25: =SUM(C70:C73) -> 102 | T25: =SUM(D70:D73) -> 7 | U25: =SUM(E70:E73) -> 13 | V25: =SUM(F70:F73) -> 66 | W25: =SUM(G70:G73) -> 8 | X25: =SUM(H70:H73) -> 2 | Y25: =SUM(I70:I73) -> 22 | Z25: =SUM(J70:J73) -> 10 | ... AF25: =SUM(P70:P73) -> 563
B26: 11.00 - 11.15 | C26: 42 | D26: 9 | E26: 5 | F26: 47 | G26: 1 | H26: 0 | I26: 12 | J26: 13 | K26: 4 | L26: 2 | M26: 208 | N26: 0 | O26: =SUM(C26:L26,N26) -> 135 | P26: =SUM(C26:N26) -> 343 | R26: 2300-0000 | S26: =SUM(C74:C77) -> 86 | T26: =SUM(D74:D77) -> 3 | U26: =SUM(E74:E77) -> 3 | V26: =SUM(F74:F77) -> 36 | W26: =SUM(G74:G77) -> 8 | X26: =SUM(H74:H77) -> 3 | Y26: =SUM(I74:I77) -> 15 | Z26: =SUM(J74:J77) -> 18 | ... AF26: =SUM(P74:P77) -> 452
B27: 11.15 - 11.30 | C27: 31 | D27: 14 | E27: 8 | F27: 29 | G27: 0 | H27: 1 | I27: 9 | J27: 6 | K27: 0 | L27: 1 | M27: 162 | N27: 0 | O27: =SUM(C27:L27,N27) -> 99 | P27: =SUM(C27:N27) -> 261 | R27: 0000-0100 | S27: =SUM(C78:C81) -> 31 | T27: =SUM(D78:D81) -> 0 | U27: =SUM(E78:E81) -> 4 | V27: =SUM(F78:F81) -> 14 | W27: =SUM(G78:G81) -> 1 | X27: =SUM(H78:H81) -> 1 | Y27: =SUM(I78:I81) -> 3 | Z27: =SUM(J78:J81) -> 13 | ... AF27: =SUM(P78:P81) -> 206
B28: 11.30 - 11.45 | C28: 47 | D28: 11 | E28: 6 | F28: 27 | G28: 1 | H28: 0 | I28: 4 | J28: 11 | K28: 3 | L28: 1 | M28: 231 | N28: 0 | O28: =SUM(C28:L28,N28) -> 111 | P28: =SUM(C28:N28) -> 342 | R28: 0100-0200 | S28: =SUM(C82:C85) -> 19 | T28: =SUM(D82:D85) -> 1 | U28: =SUM(E82:E85) -> 1 | V28: =SUM(F82:F85) -> 3 | W28: =SUM(G82:G85) -> 0 | X28: =SUM(H82:H85) -> 1 | Y28: =SUM(I82:I85) -> 1 | Z28: =SUM(J82:J85) -> 3 | ... AF28: =SUM(P82:P85) -> 111
B29: 11.45 - 12.00 | C29: 46 | D29: 8 | E29: 6 | F29: 51 | G29: 4 | H29: 0 | I29: 10 | J29: 13 | K29: 2 | L29: 0 | M29: 160 | N29: 0 | O29: =SUM(C29:L29,N29) -> 140 | P29: =SUM(C29:N29) -> 300 | R29: 0200-0300 | S29: =SUM(C86:C89) -> 16 | T29: =SUM(D86:D89) -> 1 | U29: =SUM(E86:E89) -> 2 | V29: =SUM(F86:F89) -> 3 | W29: =SUM(G86:G89) -> 0 | X29: =SUM(H86:H89) -> 2 | Y29: =SUM(I86:I89) -> 7 | Z29: =SUM(J86:J89) -> 11 | ... AF29: =SUM(P86:P89) -> 102
B30: 12.00 - 12.15 | C30: 51 | D30: 11 | E30: 7 | F30: 57 | G30: 1 | H30: 0 | I30: 11 | J30: 12 | K30: 2 | L30: 0 | M30: 140 | N30: 0 | O30: =SUM(C30:L30,N30) -> 152 | P30: =SUM(C30:N30) -> 292 | R30: 0300-0400 | S30: =SUM(C90:C93) -> 17 | T30: =SUM(D90:D93) -> 0 | U30: =SUM(E90:E93) -> 2 | V30: =SUM(F90:F93) -> 7 | W30: =SUM(G90:G93) -> 0 | X30: =SUM(H90:H93) -> 6 | Y30: =SUM(I90:I93) -> 0 | Z30: =SUM(J90:J93) -> 8 | ... AF30: =SUM(P90:P93) -> 98
B31: 12.15 - 12.30 | C31: 58 | D31: 6 | E31: 13 | F31: 38 | G31: 2 | H31: 0 | I31: 11 | J31: 10 | K31: 1 | L31: 0 | M31: 167 | N31: 0 | O31: =SUM(C31:L31,N31) -> 139 | P31: =SUM(C31:N31) -> 306 | R31: 0400-0500 | S31: =SUM(C94:C97) -> 38 | T31: =SUM(D94:D97) -> 2 | U31: =SUM(E94:E97) -> 4 | V31: =SUM(F94:F97) -> 30 | W31: =SUM(G94:G97) -> 1 | X31: =SUM(H94:H97) -> 4 | Y31: =SUM(I94:I97) -> 12 | Z31: =SUM(J94:J97) -> 16 | ... AF31: =SUM(P94:P97) -> 258
B32: 12.30 - 12.45 | C32: 57 | D32: 4 | E32: 6 | F32: 34 | G32: 4 | H32: 3 | I32: 9 | J32: 3 | K32: 0 | L32: 1 | M32: 170 | N32: 0 | O32: =SUM(C32:L32,N32) -> 121 | P32: =SUM(C32:N32) -> 291 | R32: 0500-0600 | S32: =SUM(C98:C101) -> 25 | T32: =SUM(D98:D101) -> 3 | U32: =SUM(E98:E101) -> 3 | V32: =SUM(F98:F101) -> 35 | W32: =SUM(G98:G101) -> 2 | X32: =SUM(H98:H101) -> 14 | Y32: =SUM(I98:I101) -> 6 | Z32: =SUM(J98:J101) -> 10 | ... AF32: =SUM(P98:P101) -> 186
B33: 12.45 - 13.00 | C33: 40 | D33: 16 | E33: 10 | F33: 53 | G33: 1 | H33: 0 | I33: 17 | J33: 6 | K33: 2 | L33: 0 | M33: 105 | N33: 0 | O33: =SUM(C33:L33,N33) -> 145 | P33: =SUM(C33:N33) -> 250 | R33: 0600-0700 | S33: =SUM(C102:C105) -> 44 | T33: =SUM(D102:D105) -> 3 | U33: =SUM(E102:E105) -> 11 | V33: =SUM(F102:F105) -> 80 | W33: =SUM(G102:G105) -> 5 | X33: =SUM(H102:H105) -> 1 | Y33: =SUM(I102:I105) -> 13 | Z33: =SUM(J102:J105) -> 7 | ... AF33: =SUM(P102:P105) -> 325
B34: 13.00 - 13.15 | C34: 46 | D34: 8 | E34: 5 | F34: 52 | G34: 2 | H34: 0 | I34: 8 | J34: 7 | K34: 2 | L34: 3 | M34: 115 | N34: 0 | O34: =SUM(C34:L34,N34) -> 133 | P34: =SUM(C34:N34) -> 248 | R34: AM Peak Hr | S34: =MAX(S10:S12) -> 267 | T34: =MAX(T10:T12) -> 39 | U34: =MAX(U10:U12) -> 31 | V34: =MAX(V10:V12) -> 226 | W34: =MAX(W10:W12) -> 15 | X34: =MAX(X10:X12) -> 6 | Y34: =MAX(Y10:Y12) -> 36 | Z34: =MAX(Z10:Z12) -> 40 | ... AF34: =MAX(AF10:AF12) -> 1821
B35: 13.15 - 13.30 | C35: 44 | D35: 9 | E35: 1 | F35: 45 | G35: 1 | H35: 2 | I35: 11 | J35: 10 | K35: 0 | L35: 2 | M35: 176 | N35: 0 | O35: =SUM(C35:L35,N35) -> 125 | P35: =SUM(C35:N35) -> 301 | R35: IP Peak Hr | S35: =MAX(S13:S18) -> 206 | T35: =MAX(T13:T18) -> 42 | U35: =MAX(U13:U18) -> 36 | V35: =MAX(V13:V18) -> 182 | W35: =MAX(W13:W18) -> 8 | X35: =MAX(X13:X18) -> 6 | Y35: =MAX(Y13:Y18) -> 48 | Z35: =MAX(Z13:Z18) -> 43 | ... AF35: =MAX(AF13:AF18) -> 1335
B36: 13.30 - 13.45 | C36: 28 | D36: 2 | E36: 3 | F36: 30 | G36: 0 | H36: 0 | I36: 9 | J36: 8 | K36: 1 | L36: 1 | M36: 200 | N36: 0 | O36: =SUM(C36:L36,N36) -> 82 | P36: =SUM(C36:N36) -> 282 | R36: PM Peak Hr | S36: =MAX(S19:S21) -> 140 | T36: =MAX(T19:T21) -> 30 | U36: =MAX(U19:U21) -> 79 | V36: =MAX(V19:V21) -> 166 | W36: =MAX(W19:W21) -> 6 | X36: =MAX(X19:X21) -> 4 | Y36: =MAX(Y19:Y21) -> 40 | Z36: =MAX(Z19:Z21) -> 28 | ... AF36: =MAX(AF19:AF21) -> 1147
B37: 13.45 - 14.00 | C37: 38 | D37: 16 | E37: 6 | F37: 40 | G37: 3 | H37: 0 | I37: 11 | J37: 11 | K37: 4 | L37: 2 | M37: 158 | N37: 0 | O37: =SUM(C37:L37,N37) -> 131 | P37: =SUM(C37:N37) -> 289 | R37: AM Period | S37: =SUM(S10:S12) -> 668 | T37: =SUM(T10:T12) -> 104 | U37: =SUM(U10:U12) -> 75 | V37: =SUM(V10:V12) -> 651 | W37: =SUM(W10:W12) -> 32 | X37: =SUM(X10:X12) -> 10 | Y37: =SUM(Y10:Y12) -> 95 | Z37: =SUM(Z10:Z12) -> 90 | ... AF37: =SUM(AF10:AF12) -> 4944
B38: 14.00 - 14.15 | C38: 27 | D38: 6 | E38: 3 | F38: 22 | G38: 1 | H38: 1 | I38: 7 | J38: 7 | K38: 7 | L38: 3 | M38: 143 | N38: 0 | O38: =SUM(C38:L38,N38) -> 84 | P38: =SUM(C38:N38) -> 227 | R38: IP Period | S38: =SUM(S13:S18) -> 964 | T38: =SUM(T13:T18) -> 212 | U38: =SUM(U13:U18) -> 136 | V38: =SUM(V13:V18) -> 987 | W38: =SUM(W13:W18) -> 39 | X38: =SUM(X13:X18) -> 19 | Y38: =SUM(Y13:Y18) -> 231 | Z38: =SUM(Z13:Z18) -> 212 | ... AF38: =SUM(AF13:AF18) -> 6744
B39: 14.15 - 14.30 | C39: 40 | D39: 5 | E39: 4 | F39: 53 | G39: 1 | H39: 1 | I39: 6 | J39: 8 | K39: 1 | L39: 3 | M39: 117 | N39: 0 | O39: =SUM(C39:L39,N39) -> 122 | P39: =SUM(C39:N39) -> 239 | R39: PM Period | S39: =SUM(S19:S21) -> 366 | T39: =SUM(T19:T21) -> 89 | U39: =SUM(U19:U21) -> 122 | V39: =SUM(V19:V21) -> 450 | W39: =SUM(W19:W21) -> 15 | X39: =SUM(X19:X21) -> 7 | Y39: =SUM(Y19:Y21) -> 111 | Z39: =SUM(Z19:Z21) -> 63 | ... AF39: =SUM(AF19:AF21) -> 3308
B40: 14.30 - 14.45 | C40: 23 | D40: 7 | E40: 4 | F40: 35 | G40: 3 | H40: 2 | I40: 4 | J40: 6 | K40: 0 | L40: 2 | M40: 145 | N40: 0 | O40: =SUM(C40:L40,N40) -> 86 | P40: =SUM(C40:N40) -> 231 | R40: 12 Hours | S40: =SUM(S10:S21) -> 1998 | T40: =SUM(T10:T21) -> 405 | U40: =SUM(U10:U21) -> 333 | V40: =SUM(V10:V21) -> 2088 | W40: =SUM(W10:W21) -> 86 | X40: =SUM(X10:X21) -> 36 | Y40: =SUM(Y10:Y21) -> 437 | Z40: =SUM(Z10:Z21) -> 365 | ... AF40: =SUM(AF10:AF21) -> 14996
B41: 14.45 - 15.00 | C41: 44 | D41: 9 | E41: 5 | F41: 44 | G41: 2 | H41: 2 | I41: 13 | J41: 10 | K41: 1 | L41: 0 | M41: 105 | N41: 0 | O41: =SUM(C41:L41,N41) -> 130 | P41: =SUM(C41:N41) -> 235 | R41: 24 Hrs/ADT | S41: =SUM(S10:S33) -> 2656 | T41: =SUM(T10:T33) -> 473 | U41: =SUM(U10:U33) -> 406 | V41: =SUM(V10:V33) -> 2636 | W41: =SUM(W10:W33) -> 129 | X41: =SUM(X10:X33) -> 88 | Y41: =SUM(Y10:Y33) -> 552 | Z41: =SUM(Z10:Z33) -> 521 | ... AF41: =SUM(AF10:AF33) -> 19785
B42: 15.00 - 15.15 | C42: 52 | D42: 13 | E42: 4 | F42: 48 | G42: 1 | H42: 2 | I42: 10 | J42: 13 | K42: 1 | L42: 1 | M42: 160 | N42: 0 | O42: =SUM(C42:L42,N42) -> 145 | P42: =SUM(C42:N42) -> 305 | R42: NEF | S42: =S41/S40 -> 1.3293293 | T42: =T41/T40 -> 1.1679012 | U42: =U41/U40 -> 1.2192192 | V42: =V41/V40 -> 1.2624521 | W42: =W41/W40 -> 1.5 | X42: =X41/X40 -> 2.4444444 | Y42: =Y41/Y40 -> 1.2631579 | Z42: =Z41/Z40 -> 1.4273973 | ... AF42: =AF41/AF40 -> 1.3193518
B43: 15.15 - 15.30 | C43: 40 | D43: 10 | E43: 11 | F43: 47 | G43: 1 | H43: 2 | I43: 11 | J43: 4 | K43: 3 | L43: 0 | M43: 90 | N43: 0 | O43: =SUM(C43:L43,N43) -> 129 | P43: =SUM(C43:N43) -> 219
B44: 15.30 - 15.45 | C44: 35 | D44: 8 | E44: 12 | F44: 31 | G44: 1 | H44: 0 | I44: 8 | J44: 6 | K44: 3 | L44: 0 | M44: 140 | N44: 0 | O44: =SUM(C44:L44,N44) -> 104 | P44: =SUM(C44:N44) -> 244
B45: 15.45 - 16.00 | C45: 19 | D45: 7 | E45: 3 | F45: 33 | G45: 1 | H45: 1 | I45: 13 | J45: 8 | K45: 3 | L45: 1 | M45: 115 | N45: 0 | O45: =SUM(C45:L45,N45) -> 89 | P45: =SUM(C45:N45) -> 204
B46: 16.00 - 16.15 | C46: 31 | D46: 7 | E46: 8 | F46: 54 | G46: 0 | H46: 0 | I46: 7 | J46: 6 | K46: 3 | L46: 2 | M46: 105 | N46: 0 | O46: =SUM(C46:L46,N46) -> 118 | P46: =SUM(C46:N46) -> 223
B47: 16.15 -16.30 | C47: 36 | D47: 6 | E47: 9 | F47: 36 | G47: 1 | H47: 1 | I47: 11 | J47: 3 | K47: 2 | L47: 1 | M47: 175 | N47: 0 | O47: =SUM(C47:L47,N47) -> 106 | P47: =SUM(C47:N47) -> 281
B48: 16.30 -16.45 | C48: 36 | D48: 11 | E48: 50 | F48: 36 | G48: 1 | H48: 2 | I48: 8 | J48: 8 | K48: 3 | L48: 4 | M48: 165 | N48: 0 | O48: =SUM(C48:L48,N48) -> 159 | P48: =SUM(C48:N48) -> 324
B49: 16.45 -17.00 | C49: 37 | D49: 6 | E49: 12 | F49: 40 | G49: 4 | H49: 1 | I49: 10 | J49: 11 | K49: 0 | L49: 4 | M49: 155 | N49: 0 | O49: =SUM(C49:L49,N49) -> 125 | P49: =SUM(C49:N49) -> 280
B50: 17.00 -17.15 | C50: 42 | D50: 9 | E50: 15 | F50: 42 | G50: 1 | H50: 0 | I50: 12 | J50: 4 | K50: 1 | L50: 6 | M50: 208 | N50: 0 | O50: =SUM(C50:L50,N50) -> 132 | P50: =SUM(C50:N50) -> 340
B51: 17.15 -17.30 | C51: 25 | D51: 3 | E51: 2 | F51: 27 | G51: 2 | H51: 1 | I51: 6 | J51: 5 | K51: 0 | L51: 2 | M51: 210 | N51: 0 | O51: =SUM(C51:L51,N51) -> 73 | P51: =SUM(C51:N51) -> 283
B52: 17.30 -17.45 | C52: 15 | D52: 5 | E52: 7 | F52: 23 | G52: 0 | H52: 2 | I52: 9 | J52: 8 | K52: 3 | L52: 0 | M52: 196 | N52: 0 | O52: =SUM(C52:L52,N52) -> 72 | P52: =SUM(C52:N52) -> 268
B53: 17.45 -18.00 | C53: 30 | D53: 12 | E53: 5 | F53: 45 | G53: 1 | H53: 0 | I53: 13 | J53: 3 | K53: 4 | L53: 1 | M53: 142 | N53: 0 | O53: =SUM(C53:L53,N53) -> 114 | P53: =SUM(C53:N53) -> 256
B54: 18.00 - 18.15 | C54: 28 | D54: 11 | E54: 2 | F54: 22 | G54: 1 | H54: 0 | I54: 10 | J54: 6 | K54: 2 | L54: 0 | M54: 124 | N54: 0 | O54: =SUM(C54:L54,N54) -> 82 | P54: =SUM(C54:N54) -> 206
... B105: 06.45 - 07.00 | C105: 23 | D105: 3 | E105: 2 | F105: 33 | G105: 4 | H105: 1 | I105: 7 | J105: 4 | K105: 2 | L105: 4 | M105: 42 | N105: 0 | O105: =SUM(C105:L105,N105) -> 83 | P105: =SUM(C105:N105) -> 125
B106: Totals | C106: =SUM(C10:C105) -> 2656 | D106: =SUM(D10:D105) -> 473 | E106: =SUM(E10:E105) -> 406 | F106: =SUM(F10:F105) -> 2636 | G106: =SUM(G10:G105) -> 129 | H106: =SUM(H10:H105) -> 88 | I106: =SUM(I10:I105) -> 552 | J106: =SUM(J10:J105) -> 521 | ... P106: =SUM(P10:P105) -> 19785
B107: %ges + MCs | C107: =C106/$P$106 -> 0.13424311 | D107: =D106/$P$106 -> 0.023907 | E107: =E106/$P$106 -> 0.020520596 | F107: =F106/$P$106 -> 0.13323225 | G107: =G106/$P$106 -> 0.006520091 | H107: =H106/$P$106 -> 0.004447814 | I107: =I106/$P$106 -> 0.027899924 | J107: =J106/$P$106 -> 0.026333081 | ... N107: =N106/$P$106 -> 5.0543341e-05
B108: %ges w/o MCs | C108: =C106/$O$106 -> 0.34086242 | D108: =D106/$O$106 -> 0.060703285 | E108: =E106/$O$106 -> 0.052104723 | F108: =F106/$O$106 -> 0.33829569 | G108: =G106/$O$106 -> 0.016555441 | H108: =H106/$O$106 -> 0.011293634 | I108: =I106/$O$106 -> 0.070841889 | J108: =J106/$O$106 -> 0.06686345 | ... L108: =L106/$O$106 -> 0.015528747 | N108: =N106/$O$106 -> 0.00012833676

Sheet 27.07 Bwaise-Kawempe-24h
B1: Consultancy services for Preparation of Expressway Development Master Plan (EDMP) for Uganda
B2: MANUAL CLASSIFIED COUNT (MCC)
B3: ROAD NAME: | C3: ='22.07 Bwaise-Kawempe'!C3:G3 -> MCC - C1 - STN23 - BOMBO ROAD
C5: Date | D5: 27.07.19 | F5: Location | G5: ='26.07 Kawempe-Bwaise-24h'!G5:H5 -> Before Steel and Tube | J5: Surveyor | K5: Kajjubi & Akello
C6: Dir. From | D6: ='22.07 Bwaise-Kawempe'!D6:E6 -> Bwaise | F6: Dir. To | G6: ='22.07 Bwaise-Kawempe'!G6:H6 -> Kawempe | J6: Supervisor | K6: ='26.07 Kawempe-Bwaise-24h'!K6:L6 -> Salima & Olaju
B8: Time / Veh Type | R8: SUMMARY TRAFFIC VOLUMES
C9: 1. Car | D9: 2. Station Wagon | E9: 3. Pickups | F9: 4. Minibus, matatu | G9: 5. Medium bus | H9: 6. Large Bus | I9: 7. Light Truck | J9: 8. Medium Truck | K9: 9. Heavy truck | L9: 10. Truck Trailer | M9: 11. Motor cycles | N9: 12. Tractors | O9: Total Excl M/Cycles | P9: Total All | R9: Time | S9: 1. Car | T9: 2. Station Wagon | U9: 3. Pickups | V9: 4. Minibus, matatu | W9: 5. Medium bus | X9: 6. Large Bus | Y9: 7. Light Truck | Z9: 8. Medium Truck | AA9: 9. Heavy truck | AB9: 10. Truck Trailer | AC9: 11. Motorcycles | AD9: 12. Tractors, Graders | AE9: Total Excl M/ Cycles | AF9: Total All
B10: 07.00 - 07.15 | C10: 25 | D10: 7 | E10: 0 | F10: 34 | G10: 34 | H10: 1 | I10: 14 | J10: 4 | K10: 2 | L10: 3 | M10: 93 | N10: 0 | O10: =SUM(C10:L10,N10) -> 124 | P10: =SUM(C10:N10) -> 217 | R10: 0700-0800 | S10: =SUM(C10:C13) -> 91 | T10: =SUM(D10:D13) -> 25 | U10: =SUM(E10:E13) -> 13 | V10: =SUM(F10:F13) -> 92 | W10: =SUM(G10:G13) -> 134 | X10: =SUM(H10:H13) -> 6 | Y10: =SUM(I10:I13) -> 32 | Z10: =SUM(J10:J13) -> 10 | ... AF10: =SUM(P10:P13) -> 731
B11: 07.15 - 07.30 | C11: 9 | D11: 3 | E11: 2 | F11: 24 | G11: 24 | H11: 5 | I11: 4 | J11: 2 | K11: 0 | L11: 0 | M11: 80 | N11: 0 | O11: =SUM(C11:L11,N11) -> 73 | P11: =SUM(C11:N11) -> 153 | R11: 0800-0900 | S11: =SUM(C14:C17) -> 62 | T11: =SUM(D14:D17) -> 22 | U11: =SUM(E14:E17) -> 7 | V11: =SUM(F14:F17) -> 126 | W11: =SUM(G14:G17) -> 10 | X11: =SUM(H14:H17) -> 5 | Y11: =SUM(I14:I17) -> 5 | Z11: =SUM(J14:J17) -> 23 | ... AF11: =SUM(P14:P17) -> 273
B12: 07.30 - 07.45 | C12: 31 | D12: 3 | E12: 8 | F12: 34 | G12: 34 | H12: 0 | I12: 9 | J12: 1 | K12: 1 | L12: 1 | M12: 17 | N12: 0 | O12: =SUM(C12:L12,N12) -> 122 | P12: =SUM(C12:N12) -> 139 | R12: 0900-1000 | S12: =SUM(C18:C21) -> 131 | T12: =SUM(D18:D21) -> 23 | U12: =SUM(E18:E21) -> 129 | V12: =SUM(F18:F21) -> 6 | W12: =SUM(G18:G21) -> 0 | X12: =SUM(H18:H21) -> 17 | Y12: =SUM(I18:I21) -> 19 | Z12: =SUM(J18:J21) -> 12 | ... AF12: =SUM(P18:P21) -> 1022
B13: 07.45 - 08.00 | C13: 26 | D13: 12 | E13: 3 | F13: 0 | G13: 42 | H13: 0 | I13: 5 | J13: 3 | K13: 1 | L13: 1 | M13: 129 | N13: 0 | O13: =SUM(C13:L13,N13) -> 93 | P13: =SUM(C13:N13) -> 222 | R13: 1000-1100 | S13: =SUM(C22:C25) -> 82 | T13: =SUM(D22:D25) -> 16 | U13: =SUM(E22:E25) -> 12 | V13: =SUM(F22:F25) -> 111 | W13: =SUM(G22:G25) -> 6 | X13: =SUM(H22:H25) -> 2 | Y13: =SUM(I22:I25) -> 44 | Z13: =SUM(J22:J25) -> 12 | ... AF13: =SUM(P22:P25) -> 1012
B14: 08.00 - 08.15 | C14: 14 | D14: 3 | E14: 3 | F14: 28 | G14: 5 | H14: 2 | I14: 2 | J14: 7 | K14: 2 | L14: 2 | M14: 3 | N14: 0 | O14: =SUM(C14:L14,N14) -> 68 | P14: =SUM(C14:N14) -> 71 | R14: 1100-1200 | S14: =SUM(C26:C29) -> 131 | T14: =SUM(D26:D29) -> 34 | U14: =SUM(E26:E29) -> 16 | V14: =SUM(F26:F29) -> 128 | W14: =SUM(G26:G29) -> 5 | X14: =SUM(H26:H29) -> 2 | Y14: =SUM(I26:I29) -> 40 | Z14: =SUM(J26:J29) -> 10 | ... AF14: =SUM(P26:P29) -> 799
B15: 08.15 - 08.30 | C15: 22 | D15: 5 | E15: 1 | F15: 37 | G15: 2 | H15: 1 | I15: 1 | J15: 11 | K15: 1 | L15: 1 | M15: 0 | N15: 0 | O15: =SUM(C15:L15,N15) -> 82 | P15: =SUM(C15:N15) -> 82 | R15: 1200-1300 | S15: =SUM(C30:C33) -> 152 | T15: =SUM(D30:D33) -> 14 | U15: =SUM(E30:E33) -> 18 | V15: =SUM(F30:F33) -> 113 | W15: =SUM(G30:G33) -> 4 | X15: =SUM(H30:H33) -> 2 | Y15: =SUM(I30:I33) -> 54 | Z15: =SUM(J30:J33) -> 4 | ... AF15: =SUM(P30:P33) -> 876
B16: 08.30 - 08.45 | C16: 15 | D16: 4 | E16: 0 | F16: 30 | G16: 1 | H16: 0 | I16: 0 | J16: 5 | K16: 0 | L16: 0 | M16: 1 | N16: 0 | O16: =SUM(C16:L16,N16) -> 55 | P16: =SUM(C16:N16) -> 56 | R16: 1300-1400 | S16: =SUM(C34:C37) -> 124 | T16: =SUM(D34:D37) -> 21 | U16: =SUM(E34:E37) -> 25 | V16: =SUM(F34:F37) -> 109 | W16: =SUM(G34:G37) -> 5 | X16: =SUM(H34:H37) -> 2 | Y16: =SUM(I34:I37) -> 2 | Z16: =SUM(J34:J37) -> 45 | ... AF16: =SUM(P34:P37) -> 905
B17: 08.45 - 9.00 | C17: 11 | D17: 10 | E17: 3 | F17: 31 | G17: 2 | H17: 2 | I17: 2 | J17: 0 | K17: 1 | L17: 1 | M17: 1 | N17: 0 | O17: =SUM(C17:L17,N17) -> 63 | P17: =SUM(C17:N17) -> 64 | R17: 1400-1500 | S17: =SUM(C38:C41) -> 110 | T17: =SUM(D38:D41) -> 23 | U17: =SUM(E38:E41) -> 20 | V17: =SUM(F38:F41) -> 108 | W17: =SUM(G38:G41) -> 9 | X17: =SUM(H38:H41) -> 2 | Y17: =SUM(I38:I41) -> 50 | Z17: =SUM(J38:J41) -> 18 | ... AF17: =SUM(P38:P41) -> 697
B18: 09.00 - 09.15 | C18: 25 | D18: 3 | E18: 30 | F18: 0 | G18: 0 | H18: 2 | I18: 2 | J18: 1 | K18: 2 | L18: 1 | M18: 175 | N18: 0 | O18: =SUM(C18:L18,N18) -> 66 | P18: =SUM(C18:N18) -> 241 | R18: 1500-1600 | S18: =SUM(C42:C45) -> 85 | T18: =SUM(D42:D45) -> 15 | U18: =SUM(E42:E45) -> 17 | V18: =SUM(F42:F45) -> 79 | W18: =SUM(G42:G45) -> 5 | X18: =SUM(H42:H45) -> 1 | Y18: =SUM(I42:I45) -> 18 | Z18: =SUM(J42:J45) -> 6 | ... AF18: =SUM(P42:P45) -> 648
B19: 09.15 - 09.30 | C19: 28 | D19: 6 | E19: 23 | F19: 1 | G19: 0 | H19: 2 | I19: 2 | J19: 3 | K19: 0 | L19: 1 | M19: 135 | N19: 0 | O19: =SUM(C19:L19,N19) -> 66 | P19: =SUM(C19:N19) -> 201 | R19: 1600-1700 | S19: =SUM(C46:C49) -> 146 | T19: =SUM(D46:D49) -> 24 | U19: =SUM(E46:E49) -> 16 | V19: =SUM(F46:F49) -> 124 | W19: =SUM(G46:G49) -> 8 | X19: =SUM(H46:H49) -> 2 | Y19: =SUM(I46:I49) -> 37 | Z19: =SUM(J46:J49) -> 9 | ... AF19: =SUM(P46:P49) -> 1112
B20: 09.30 - 09.45 | C20: 39 | D20: 6 | E20: 48 | F20: 3 | G20: 0 | H20: 10 | I20: 10 | J20: 3 | K20: 3 | L20: 1 | M20: 245 | N20: 0 | O20: =SUM(C20:L20,N20) -> 123 | P20: =SUM(C20:N20) -> 368 | R20: 1700-1800 | S20: =SUM(C50:C53) -> 179 | T20: =SUM(D50:D53) -> 23 | U20: =SUM(E50:E53) -> 24 | V20: =SUM(F50:F53) -> 146 | W20: =SUM(G50:G53) -> 6 | X20: =SUM(H50:H53) -> 5 | Y20: =SUM(I50:I53) -> 53 | Z20: =SUM(J50:J53) -> 17 | ... AF20: =SUM(P50:P53) -> 1062
B21: 09.45 - 10.00 | C21: 39 | D21: 8 | E21: 28 | F21: 2 | G21: 0 | H21: 3 | I21: 5 | J21: 5 | K21: 0 | L21: 3 | M21: 119 | N21: 0 | O21: =SUM(C21:L21,N21) -> 93 | P21: =SUM(C21:N21) -> 212 | R21: 1800-1900 | S21: =SUM(C54:C57) -> 113 | T21: =SUM(D54:D57) -> 11 | U21: =SUM(E54:E57) -> 13 | V21: =SUM(F54:F57) -> 98 | W21: =SUM(G54:G57) -> 5 | X21: =SUM(H54:H57) -> 1 | Y21: =SUM(I54:I57) -> 32 | Z21: =SUM(J54:J57) -> 9 | ... AF21: =SUM(P54:P57) -> 875
B22: 10.00 - 10.15 | C22: 15 | D22: 2 | E22: 2 | F22: 15 | G22: 1 | H22: 1 | I22: 2 | J22: 1 | K22: 0 | L22: 2 | M22: 105 | N22: 0 | O22: =SUM(C22:L22,N22) -> 41 | P22: =SUM(C22:N22) -> 146 | R22: 1900-2000 | S22: =SUM(C58:C61) -> 71 | T22: =SUM(D58:D61) -> 7 | U22: =SUM(E58:E61) -> 4 | V22: =SUM(F58:F61) -> 105 | W22: =SUM(G58:G61) -> 11 | X22: =SUM(H58:H61) -> 4 | Y22: =SUM(I58:I61) -> 14 | Z22: =SUM(J58:J61) -> 11 | ... AF22: =SUM(P58:P61) -> 795
B23: 10.15 - 10.30 | C23: 14 | D23: 3 | E23: 6 | F23: 29 | G23: 4 | H23: 1 | I23: 19 | J23: 5 | K23: 1 | L23: 2 | M23: 180 | N23: 0 | O23: =SUM(C23:L23,N23) -> 84 | P23: =SUM(C23:N23) -> 264 | R23: 2000-2100 | S23: =SUM(C62:C65) -> 186 | T23: =SUM(D62:D65) -> 5 | U23: =SUM(E62:E65) -> 10 | V23: =SUM(F62:F65) -> 89 | W23: =SUM(G62:G65) -> 2 | X23: =SUM(H62:H65) -> 2 | Y23: =SUM(I62:I65) -> 22 | Z23: =SUM(J62:J65) -> 20 | ... AF23: =SUM(P62:P65) -> 1032
B24: 10.30 - 10.45 | C24: 30 | D24: 4 | E24: 3 | F24: 35 | G24: 1 | H24: 0 | I24: 23 | J24: 6 | K24: 0 | L24: 6 | M24: 244 | N24: 0 | O24: =SUM(C24:L24,N24) -> 108 | P24: =SUM(C24:N24) -> 352 | R24: 2100-2200 | S24: =SUM(C66:C69) -> 144 | T24: =SUM(D66:D69) -> 3 | U24: =SUM(E66:E69) -> 14 | V24: =SUM(F66:F69) -> 94 | W24: =SUM(G66:G69) -> 4 | X24: =SUM(H66:H69) -> 1 | Y24: =SUM(I66:I69) -> 6 | Z24: =SUM(J66:J69) -> 14 | ... AF24: =SUM(P66:P69) -> 898
B25: 10.45 - 11.00 | C25: 23 | D25: 7 | E25: 1 | F25: 32 | G25: 0 | H25: 0 | I25: 0 | J25: 0 | K25: 1 | L25: 1 | M25: 185 | N25: 0 | O25: =SUM(C25:L25,N25) -> 65 | P25: =SUM(C25:N25) -> 250 | R25: 2200-2300 | S25: =SUM(C70:C73) -> 182 | T25: =SUM(D70:D73) -> 1 | U25: =SUM(E70:E73) -> 10 | V25: =SUM(F70:F73) -> 67 | W25: =SUM(G70:G73) -> 9 | X25: =SUM(H70:H73) -> 3 | Y25: =SUM(I70:I73) -> 15 | Z25: =SUM(J70:J73) -> 8 | ... AF25: =SUM(P70:P73) -> 751
B26: 11.00 - 11.15 | C26: 36 | D26: 6 | E26: 2 | F26: 29 | G26: 3 | H26: 0 | I26: 10 | J26: 2 | K26: 1 | L26: 0 | M26: 120 | N26: 0 | O26: =SUM(C26:L26,N26) -> 89 | P26: =SUM(C26:N26) -> 209 | R26: 2300-0000 | S26: =SUM(C74:C77) -> 208 | T26: =SUM(D74:D77) -> 5 | U26: =SUM(E74:E77) -> 3 | V26: =SUM(F74:F77) -> 76 | W26: =SUM(G74:G77) -> 5 | X26: =SUM(H74:H77) -> 9 | Y26: =SUM(I74:I77) -> 11 | Z26: =SUM(J74:J77) -> 18 | ... AF26: =SUM(P74:P77) -> 754
B27: 11.15 - 11.30 | C27: 30 | D27: 13 | E27: 3 | F27: 28 | G27: 1 | H27: 1 | I27: 13 | J27: 4 | K27: 0 | L27: 2 | M27: 164 | N27: 0 | O27: =SUM(C27:L27,N27) -> 95 | P27: =SUM(C27:N27) -> 259 | R27: 0000-0100 | S27: =SUM(C78:C81) -> 39 | T27: =SUM(D78:D81) -> 0 | U27: =SUM(E78:E81) -> 0 | V27: =SUM(F78:F81) -> 24 | W27: =SUM(G78:G81) -> 0 | X27: =SUM(H78:H81) -> 2 | Y27: =SUM(I78:I81) -> 2 | Z27: =SUM(J78:J81) -> 5 | ... AF27: =SUM(P78:P81) -> 151
B28: 11.30 - 11.45 | C28: 34 | D28: 9 | E28: 6 | F28: 36 | G28: 0 | H28: 0 | I28: 12 | J28: 1 | K28: 0 | L28: 4 | M28: 125 | N28: 0 | O28: =SUM(C28:L28,N28) -> 102 | P28: =SUM(C28:N28) -> 227 | R28: 0100-0200 | S28: =SUM(C82:C85) -> 61 | T28: =SUM(D82:D85) -> 0 | U28: =SUM(E82:E85) -> 3 | V28: =SUM(F82:F85) -> 14 | W28: =SUM(G82:G85) -> 0 | X28: =SUM(H82:H85) -> 0 | Y28: =SUM(I82:I85) -> 1 | Z28: =SUM(J82:J85) -> 11 | ... AF28: =SUM(P82:P85) -> 293
B29: 11.45 - 12.00 | C29: 31 | D29: 6 | E29: 5 | F29: 35 | G29: 1 | H29: 1 | I29: 5 | J29: 3 | K29: 1 | L29: 0 | M29: 16 | N29: 0 | O29: =SUM(C29:L29,N29) -> 88 | P29: =SUM(C29:N29) -> 104 | R29: 0200-0300 | S29: =SUM(C86:C89) -> 48 | T29: =SUM(D86:D89) -> 0 | U29: =SUM(E86:E89) -> 0 | V29: =SUM(F86:F89) -> 2 | W29: =SUM(G86:G89) -> 0 | X29: =SUM(H86:H89) -> 0 | Y29: =SUM(I86:I89) -> 4 | Z29: =SUM(J86:J89) -> 9 | ... AF29: =SUM(P86:P89) -> 198
B30: 12.00 - 12.15 | C30: 53 | D30: 2 | E30: 6 | F30: 28 | G30: 1 | H30: 0 | I30: 10 | J30: 3 | K30: 2 | L30: 3 | M30: 123 | N30: 0 | O30: =SUM(C30:L30,N30) -> 108 | P30: =SUM(C30:N30) -> 231 | R30: 0300-0400 | S30: =SUM(C90:C93) -> 35 | T30: =SUM(D90:D93) -> 0 | U30: =SUM(E90:E93) -> 1 | V30: =SUM(F90:F93) -> 3 | W30: =SUM(G90:G93) -> 1 | X30: =SUM(H90:H93) -> 0 | Y30: =SUM(I90:I93) -> 0 | Z30: =SUM(J90:J93) -> 1 | ... AF30: =SUM(P90:P93) -> 151
B31: 12.15 - 12.30 | C31: 65 | D31: 3 | E31: 7 | F31: 56 | G31: 2 | H31: 2 | I31: 32 | J31: 1 | K31: 5 | L31: 1 | M31: 210 | N31: 0 | O31: =SUM(C31:L31,N31) -> 174 | P31: =SUM(C31:N31) -> 384 | R31: 0400-0500 | S31: =SUM(C94:C97) -> 26 | T31: =SUM(D94:D97) -> 0 | U31: =SUM(E94:E97) -> 1 | V31: =SUM(F94:F97) -> 7 | W31: =SUM(G94:G97) -> 0 | X31: =SUM(H94:H97) -> 0 | Y31: =SUM(I94:I97) -> 4 | Z31: =SUM(J94:J97) -> 6 | ... AF31: =SUM(P94:P97) -> 115
B32: 12.30 - 12.45 | C32: 12 | D32: 1 | E32: 3 | F32: 7 | G32: 0 | H32: 0 | I32: 6 | J32: 0 | K32: 2 | L32: 0 | M32: 30 | N32: 0 | O32: =SUM(C32:L32,N32) -> 31 | P32: =SUM(C32:N32) -> 61 | R32: 0500-0600 | S32: =SUM(C98:C101) -> 36 | T32: =SUM(D98:D101) -> 8 | U32: =SUM(E98:E101) -> 2 | V32: =SUM(F98:F101) -> 17 | W32: =SUM(G98:G101) -> 0 | X32: =SUM(H98:H101) -> 0 | Y32: =SUM(I98:I101) -> 4 | Z32: =SUM(J98:J101) -> 10 | ... AF32: =SUM(P98:P101) -> 176
B33: 12.45 - 13.00 | C33: 22 | D33: 8 | E33: 2 | F33: 22 | G33: 1 | H33: 0 | I33: 6 | J33: 0 | K33: 4 | L33: 0 | M33: 135 | N33: 0 | O33: =SUM(C33:L33,N33) -> 65 | P33: =SUM(C33:N33) -> 200 | R33: 0600-0700 | S33: =SUM(C102:C105) -> 42 | T33: =SUM(D102:D105) -> 0 | U33: =SUM(E102:E105) -> 5 | V33: =SUM(F102:F105) -> 41 | W33: =SUM(G102:G105) -> 1 | X33: =SUM(H102:H105) -> 1 | Y33: =SUM(I102:I105) -> 6 | Z33: =SUM(J102:J105) -> 16 | ... AF33: =SUM(P102:P105) -> 298
B34: 13.00 - 13.15 | C34: 21 | D34: 8 | E34: 7 | F34: 27 | G34: 0 | H34: 0 | I34: 0 | J34: 1 | K34: 3 | L34: 0 | M34: 160 | N34: 0 | O34: =SUM(C34:L34,N34) -> 67 | P34: =SUM(C34:N34) -> 227 | R34: AM Peak Hr | S34: =MAX(S10:S12) -> 131 | T34: =MAX(T10:T12) -> 25 | U34: =MAX(U10:U12) -> 129 | V34: =MAX(V10:V12) -> 126 | W34: =MAX(W10:W12) -> 134 | X34: =MAX(X10:X12) -> 17 | Y34: =MAX(Y10:Y12) -> 32 | Z34: =MAX(Z10:Z12) -> 23 | ... AF34: =MAX(AF10:AF12) -> 1022
B35: 13.15 - 13.30 | C35: 41 | D35: 4 | E35: 8 | F35: 30 | G35: 1 | H35: 0 | I35: 0 | J35: 12 | K35: 2 | L35: 3 | M35: 195 | N35: 0 | O35: =SUM(C35:L35,N35) -> 101 | P35: =SUM(C35:N35) -> 296 | R35: IP Peak Hr | S35: =MAX(S13:S18) -> 152 | T35: =MAX(T13:T18) -> 34 | U35: =MAX(U13:U18) -> 25 | V35: =MAX(V13:V18) -> 128 | W35: =MAX(W13:W18) -> 9 | X35: =MAX(X13:X18) -> 2 | Y35: =MAX(Y13:Y18) -> 54 | Z35: =MAX(Z13:Z18) -> 45 | ... AF35: =MAX(AF13:AF18) -> 1012
B36: 13.30 - 13.45 | C36: 35 | D36: 6 | E36: 3 | F36: 26 | G36: 1 | H36: 0 | I36: 0 | J36: 26 | K36: 6 | L36: 2 | M36: 95 | N36: 0 | O36: =SUM(C36:L36,N36) -> 105 | P36: =SUM(C36:N36) -> 200 | R36: PM Peak Hr | S36: =MAX(S19:S21) -> 179 | T36: =MAX(T19:T21) -> 24 | U36: =MAX(U19:U21) -> 24 | V36: =MAX(V19:V21) -> 146 | W36: =MAX(W19:W21) -> 8 | X36: =MAX(X19:X21) -> 5 | Y36: =MAX(Y19:Y21) -> 53 | Z36: =MAX(Z19:Z21) -> 17 | ... AF36: =MAX(AF19:AF21) -> 1112
B37: 13.45 - 14.00 | C37: 27 | D37: 3 | E37: 7 | F37: 26 | G37: 3 | H37: 2 | I37: 2 | J37: 6 | K37: 1 | L37: 0 | M37: 105 | N37: 0 | O37: =SUM(C37:L37,N37) -> 77 | P37: =SUM(C37:N37) -> 182 | R37: AM Period | S37: =SUM(S10:S12) -> 284 | T37: =SUM(T10:T12) -> 70 | U37: =SUM(U10:U12) -> 149 | V37: =SUM(V10:V12) -> 224 | W37: =SUM(W10:W12) -> 144 | X37: =SUM(X10:X12) -> 28 | Y37: =SUM(Y10:Y12) -> 56 | Z37: =SUM(Z10:Z12) -> 45 | ... AF37: =SUM(AF10:AF12) -> 2026
B38: 14.00 - 14.15 | C38: 24 | D38: 8 | E38: 2 | F38: 24 | G38: 2 | H38: 0 | I38: 20 | J38: 6 | K38: 1 | L38: 2 | M38: 80 | N38: 0 | O38: =SUM(C38:L38,N38) -> 89 | P38: =SUM(C38:N38) -> 169 | R38: IP Period | S38: =SUM(S13:S18) -> 684 | T38: =SUM(T13:T18) -> 123 | U38: =SUM(U13:U18) -> 108 | V38: =SUM(V13:V18) -> 648 | W38: =SUM(W13:W18) -> 34 | X38: =SUM(X13:X18) -> 11 | Y38: =SUM(Y13:Y18) -> 208 | Z38: =SUM(Z13:Z18) -> 95 | ... AF38: =SUM(AF13:AF18) -> 4937
B39: 14.15 - 14.30 | C39: 17 | D39: 4 | E39: 6 | F39: 24 | G39: 2 | H39: 1 | I39: 14 | J39: 7 | K39: 2 | L39: 3 | M39: 70 | N39: 0 | O39: =SUM(C39:L39,N39) -> 80 | P39: =SUM(C39:N39) -> 150 | R39: PM Period | S39: =SUM(S19:S21) -> 438 | T39: =SUM(T19:T21) -> 58 | U39: =SUM(U19:U21) -> 53 | V39: =SUM(V19:V21) -> 368 | W39: =SUM(W19:W21) -> 19 | X39: =SUM(X19:X21) -> 8 | Y39: =SUM(Y19:Y21) -> 122 | Z39: =SUM(Z19:Z21) -> 35 | ... AF39: =SUM(AF19:AF21) -> 3049
B40: 14.30 - 14.45 | C40: 40 | D40: 7 | E40: 8 | F40: 41 | G40: 4 | H40: 0 | I40: 13 | J40: 4 | K40: 2 | L40: 5 | M40: 125 | N40: 0 | O40: =SUM(C40:L40,N40) -> 124 | P40: =SUM(C40:N40) -> 249 | R40: 12 Hours | S40: =SUM(S10:S21) -> 1406 | T40: =SUM(T10:T21) -> 251 | U40: =SUM(U10:U21) -> 310 | V40: =SUM(V10:V21) -> 1240 | W40: =SUM(W10:W21) -> 197 | X40: =SUM(X10:X21) -> 47 | Y40: =SUM(Y10:Y21) -> 386 | Z40: =SUM(Z10:Z21) -> 175 | ... AF40: =SUM(AF10:AF21) -> 10012
B41: 14.45 - 15.00 | C41: 29 | D41: 4 | E41: 4 | F41: 19 | G41: 1 | H41: 1 | I41: 3 | J41: 1 | K41: 1 | L41: 1 | M41: 65 | N41: 0 | O41: =SUM(C41:L41,N41) -> 64 | P41: =SUM(C41:N41) -> 129 | R41: 24 Hrs/ADT | S41: =SUM(S10:S33) -> 2484 | T41: =SUM(T10:T33) -> 280 | U41: =SUM(U10:U33) -> 363 | V41: =SUM(V10:V33) -> 1779 | W41: =SUM(W10:W33) -> 230 | X41: =SUM(X10:X33) -> 69 | Y41: =SUM(Y10:Y33) -> 475 | Z41: =SUM(Z10:Z33) -> 304 | ... AF41: =SUM(AF10:AF33) -> 15624
B42: 15.00 - 15.15 | C42: 9 | D42: 2 | E42: 2 | F42: 13 | G42: 1 | H42: 1 | I42: 4 | J42: 0 | K42: 0 | L42: 4 | M42: 40 | N42: 0 | O42: =SUM(C42:L42,N42) -> 36 | P42: =SUM(C42:N42) -> 76 | R42: NEF | S42: =S41/S40 -> 1.7667141 | T42: =T41/T40 -> 1.1155378 | U42: =U41/U40 -> 1.1709677 | V42: =V41/V40 -> 1.4346774 | W42: =W41/W40 -> 1.1675127 | X42: =X41/X40 -> 1.4680851 | Y42: =Y41/Y40 -> 1.2305699 | Z42: =Z41/Z40 -> 1.7371429 | ... AF42: =AF41/AF40 -> 1.5605274
B43: 15.15 - 15.30 | C43: 15 | D43: 6 | E43: 5 | F43: 20 | G43: 2 | H43: 0 | I43: 7 | J43: 1 | K43: 1 | L43: 2 | M43: 90 | N43: 0 | O43: =SUM(C43:L43,N43) -> 59 | P43: =SUM(C43:N43) -> 149
B44: 15.30 - 15.45 | C44: 34 | D44: 5 | E44: 4 | F44: 25 | G44: 2 | H44: 0 | I44: 6 | J44: 4 | K44: 4 | L44: 3 | M44: 165 | N44: 0 | O44: =SUM(C44:L44,N44) -> 87 | P44: =SUM(C44:N44) -> 252
B45: 15.45 - 16.00 | C45: 27 | D45: 2 | E45: 6 | F45: 21 | G45: 0 | H45: 0 | I45: 1 | J45: 1 | K45: 1 | L45: 2 | M45: 110 | N45: 0 | O45: =SUM(C45:L45,N45) -> 61 | P45: =SUM(C45:N45) -> 171
B46: 16.00 - 16.15 | C46: 30 | D46: 6 | E46: 6 | F46: 24 | G46: 3 | H46: 0 | I46: 8 | J46: 1 | K46: 6 | L46: 3 | M46: 195 | N46: 0 | O46: =SUM(C46:L46,N46) -> 87 | P46: =SUM(C46:N46) -> 282
B47: 16.15 -16.30 | C47: 41 | D47: 6 | E47: 5 | F47: 30 | G47: 0 | H47: 1 | I47: 13 | J47: 2 | K47: 3 | L47: 3 | M47: 200 | N47: 0 | O47: =SUM(C47:L47,N47) -> 104 | P47: =SUM(C47:N47) -> 304
B48: 16.30 -16.45 | C48: 44 | D48: 4 | E48: 3 | F48: 39 | G48: 3 | H48: 1 | I48: 10 | J48: 5 | K48: 0 | L48: 1 | M48: 213 | N48: 0 | O48: =SUM(C48:L48,N48) -> 110 | P48: =SUM(C48:N48) -> 323
B49: 16.45 -17.00 | C49: 31 | D49: 8 | E49: 2 | F49: 31 | G49: 2 | H49: 0 | I49: 6 | J49: 1 | K49: 1 | L49: 1 | M49: 120 | N49: 0 | O49: =SUM(C49:L49,N49) -> 83 | P49: =SUM(C49:N49) -> 203
B50: 17.00 -17.15 | C50: 53 | D50: 6 | E50: 5 | F50: 46 | G50: 0 | H50: 4 | I50: 10 | J50: 3 | K50: 1 | L50: 3 | M50: 126 | N50: 0 | O50: =SUM(C50:L50,N50) -> 131 | P50: =SUM(C50:N50) -> 257
B51: 17.15 -17.30 | C51: 37 | D51: 5 | E51: 6 | F51: 28 | G51: 1 | H51: 1 | I51: 8 | J51: 6 | K51: 2 | L51: 4 | M51: 165 | N51: 0 | O51: =SUM(C51:L51,N51) -> 98 | P51: =SUM(C51:N51) -> 263
B52: 17.30 -17.45 | C52: 53 | D52: 6 | E52: 4 | F52: 33 | G52: 1 | H52: 0 | I52: 20 | J52: 4 | K52: 2 | L52: 4 | M52: 155 | N52: 0 | O52: =SUM(C52:L52,N52) -> 127 | P52: =SUM(C52:N52) -> 282
B53: 17.45 -18.00 | C53: 36 | D53: 6 | E53: 9 | F53: 39 | G53: 4 | H53: 0 | I53: 15 | J53: 4 | K53: 2 | L53: 5 | M53: 140 | N53: 0 | O53: =SUM(C53:L53,N53) -> 120 | P53: =SUM(C53:N53) -> 260
B54: 18.00 - 18.15 | C54: 59 | D54: 2 | E54: 2 | F54: 30 | G54: 2 | H54: 0 | I54: 11 | J54: 0 | K54: 3 | L54: 1 | M54: 175 | N54: 0 | O54: =SUM(C54:L54,N54) -> 110 | P54: =SUM(C54:N54) -> 285
... B105: 06.45 - 07.00 | C105: 14 | D105: 0 | E105: 3 | F105: 14 | G105: 1 | H105: 0 | I105: 4 | J105: 7 | K105: 5 | L105: 0 | M105: 56 | N105: 0 | O105: =SUM(C105:L105,N105) -> 48 | P105: =SUM(C105:N105) -> 104
B106: Totals | C106: =SUM(C10:C105) -> 2484 | D106: =SUM(D10:D105) -> 280 | E106: =SUM(E10:E105) -> 363 | F106: =SUM(F10:F105) -> 1779 | G106: =SUM(G10:G105) -> 230 | H106: =SUM(H10:H105) -> 69 | I106: =SUM(I10:I105) -> 475 | J106: =SUM(J10:J105) -> 304 | ... P106: =SUM(P10:P105) -> 15624
B107: %ges + MCs | C107: =C106/$P$106 -> 0.15898618 | D107: =D106/$P$106 -> 0.017921147 | E107: =E106/$P$106 -> 0.023233487 | F107: =F106/$P$106 -> 0.11386329 | G107: =G106/$P$106 -> 0.014720942 | H107: =H106/$P$106 -> 0.0044162826 | I107: =I106/$P$106 -> 0.030401946 | J107: =J106/$P$106 -> 0.019457245 | ... N107: =N106/$P$106 -> 0
B108: %ges w/o MCs | C108: =C106/$O$106 -> 0.39272727 | D108: =D106/$O$106 -> 0.044268775 | E108: =E106/$O$106 -> 0.057391304 | F108: =F106/$O$106 -> 0.28126482 | G108: =G106/$O$106 -> 0.036363636 | H108: =H106/$O$106 -> 0.010909091 | I108: =I106/$O$106 -> 0.075098814 | J108: =J106/$O$106 -> 0.048063241 | ... L108: =L106/$O$106 -> 0.020395257 | N108: =N106/$O$106 -> 0

Sheet 27.07 Kawempe-Bwaise-24h
B1: Consultancy services for Preparation of Expressway Development Master Plan (EDMP) for Uganda
B2: MANUAL CLASSIFIED COUNT (MCC)
B3: ROAD NAME: | C3: ='22.07 Bwaise-Kawempe'!C3:G3 -> MCC - C1 - STN23 - BOMBO ROAD
C5: Date | D5: ='27.07 Bwaise-Kawempe-24h'!D5 -> 27.07.19 | F5: Location | G5: ='27.07 Bwaise-Kawempe-24h'!G5:H5 -> Before Steel and Tube | J5: Surveyor | K5: Allen & Olivia
C6: Dir. From | D6: ='22.07 kawempe-Bwaise'!D6:E6 -> Kawempe | F6: Dir. To | G6: ='22.07 kawempe-Bwaise'!G6:H6 -> Bwaise | J6: Supervisor | K6: ='27.07 Bwaise-Kawempe-24h'!K6:L6 -> Salima & Olaju
B8: Time / Veh Type | R8: SUMMARY TRAFFIC VOLUMES
C9: 1. Car | D9: 2. Station Wagon | E9: 3. Pickups | F9: 4. Minibus, matatu | G9: 5. Medium bus | H9: 6. Large Bus | I9: 7. Light Truck | J9: 8. Medium Truck | K9: 9. Heavy truck | L9: 10. Truck Trailer | M9: 11. Motor cycles | N9: 12. Tractors | O9: Total Excl M/Cycles | P9: Total All | R9: Time | S9: 1. Car | T9: 2. Station Wagon | U9: 3. Pickups | V9: 4. Minibus, matatu | W9: 5. Medium bus | X9: 6. Large Bus | Y9: 7. Light Truck | Z9: 8. Medium Truck | AA9: 9. Heavy truck | AB9: 10. Truck Trailer | AC9: 11. Motorcycles | AD9: 12. Tractors, Graders | AE9: Total Excl M/ Cycles | AF9: Total All
B10: 07.00 - 07.15 | C10: 72 | D10: 13 | E10: 4 | F10: 0 | G10: 5 | H10: 1 | I10: 10 | J10: 12 | K10: 6 | L10: 1 | M10: 1 | N10: 0 | O10: =SUM(C10:L10,N10) -> 124 | P10: =SUM(C10:N10) -> 125 | R10: 0700-0800 | S10: =SUM(C10:C13) -> 226 | T10: =SUM(D10:D13) -> 36 | U10: =SUM(E10:E13) -> 19 | V10: =SUM(F10:F13) -> 152 | W10: =SUM(G10:G13) -> 15 | X10: =SUM(H10:H13) -> 3 | Y10: =SUM(I10:I13) -> 26 | Z10: =SUM(J10:J13) -> 26 | ... AF10: =SUM(P10:P13) -> 1121
B11: 07.15 - 07.30 | C11: 40 | D11: 5 | E11: 3 | F11: 41 | G11: 3 | H11: 0 | I11: 7 | J11: 7 | K11: 4 | L11: 1 | M11: 139 | N11: 0 | O11: =SUM(C11:L11,N11) -> 111 | P11: =SUM(C11:N11) -> 250 | R11: 0800-0900 | S11: =SUM(C14:C17) -> 159 | T11: =SUM(D14:D17) -> 31 | U11: =SUM(E14:E17) -> 12 | V11: =SUM(F14:F17) -> 158 | W11: =SUM(G14:G17) -> 7 | X11: =SUM(H14:H17) -> 2 | Y11: =SUM(I14:I17) -> 27 | Z11: =SUM(J14:J17) -> 20 | ... AF11: =SUM(P14:P17) -> 1505
B12: 07.30 - 07.45 | C12: 55 | D12: 9 | E12: 3 | F12: 51 | G12: 2 | H12: 0 | I12: 1 | J12: 3 | K12: 2 | L12: 0 | M12: 140 | N12: 0 | O12: =SUM(C12:L12,N12) -> 126 | P12: =SUM(C12:N12) -> 266 | R12: 0900-1000 | S12: =SUM(C18:C21) -> 176 | T12: =SUM(D18:D21) -> 36 | U12: =SUM(E18:E21) -> 8 | V12: =SUM(F18:F21) -> 184 | W12: =SUM(G18:G21) -> 8 | X12: =SUM(H18:H21) -> 0 | Y12: =SUM(I18:I21) -> 33 | Z12: =SUM(J18:J21) -> 28 | ... AF12: =SUM(P18:P21) -> 1318
B13: 07.45 - 08.00 | C13: 59 | D13: 9 | E13: 9 | F13: 60 | G13: 5 | H13: 2 | I13: 8 | J13: 4 | K13: 2 | L13: 2 | M13: 320 | N13: 0 | O13: =SUM(C13:L13,N13) -> 160 | P13: =SUM(C13:N13) -> 480 | R13: 1000-1100 | S13: =SUM(C22:C25) -> 181 | T13: =SUM(D22:D25) -> 42 | U13: =SUM(E22:E25) -> 22 | V13: =SUM(F22:F25) -> 175 | W13: =SUM(G22:G25) -> 6 | X13: =SUM(H22:H25) -> 1 | Y13: =SUM(I22:I25) -> 32 | Z13: =SUM(J22:J25) -> 35 | ... AF13: =SUM(P22:P25) -> 1273
B14: 08.00 - 08.15 | C14: 43 | D14: 7 | E14: 5 | F14: 55 | G14: 3 | H14: 1 | I14: 6 | J14: 2 | K14: 4 | L14: 2 | M14: 288 | N14: 0 | O14: =SUM(C14:L14,N14) -> 128 | P14: =SUM(C14:N14) -> 416 | R14: 1100-1200 | S14: =SUM(C26:C29) -> 168 | T14: =SUM(D26:D29) -> 44 | U14: =SUM(E26:E29) -> 36 | V14: =SUM(F26:F29) -> 171 | W14: =SUM(G26:G29) -> 20 | X14: =SUM(H26:H29) -> 13 | Y14: =SUM(I26:I29) -> 19 | Z14: =SUM(J26:J29) -> 44 | ... AF14: =SUM(P26:P29) -> 862
B15: 08.15 - 08.30 | C15: 46 | D15: 11 | E15: 4 | F15: 42 | G15: 2 | H15: 1 | I15: 11 | J15: 6 | K15: 0 | L15: 2 | M15: 250 | N15: 0 | O15: =SUM(C15:L15,N15) -> 125 | P15: =SUM(C15:N15) -> 375 | R15: 1200-1300 | S15: =SUM(C30:C33) -> 172 | T15: =SUM(D30:D33) -> 32 | U15: =SUM(E30:E33) -> 19 | V15: =SUM(F30:F33) -> 151 | W15: =SUM(G30:G33) -> 12 | X15: =SUM(H30:H33) -> 3 | Y15: =SUM(I30:I33) -> 19 | Z15: =SUM(J30:J33) -> 22 | ... AF15: =SUM(P30:P33) -> 1034
B16: 08.30 - 08.45 | C16: 58 | D16: 8 | E16: 1 | F16: 45 | G16: 2 | H16: 0 | I16: 8 | J16: 6 | K16: 5 | L16: 1 | M16: 290 | N16: 0 | O16: =SUM(C16:L16,N16) -> 134 | P16: =SUM(C16:N16) -> 424 | R16: 1300-1400 | S16: =SUM(C34:C37) -> 154 | T16: =SUM(D34:D37) -> 48 | U16: =SUM(E34:E37) -> 20 | V16: =SUM(F34:F37) -> 154 | W16: =SUM(G34:G37) -> 6 | X16: =SUM(H34:H37) -> 5 | Y16: =SUM(I34:I37) -> 29 | Z16: =SUM(J34:J37) -> 17 | ... AF16: =SUM(P34:P37) -> 1113
B17: 08.45 - 9.00 | C17: 12 | D17: 5 | E17: 2 | F17: 16 | G17: 0 | H17: 0 | I17: 2 | J17: 6 | K17: 1 | L17: 1 | M17: 245 | N17: 0 | O17: =SUM(C17:L17,N17) -> 45 | P17: =SUM(C17:N17) -> 290 | R17: 1400-1500 | S17: =SUM(C38:C41) -> 146 | T17: =SUM(D38:D41) -> 49 | U17: =SUM(E38:E41) -> 16 | V17: =SUM(F38:F41) -> 135 | W17: =SUM(G38:G41) -> 5 | X17: =SUM(H38:H41) -> 6 | Y17: =SUM(I38:I41) -> 37 | Z17: =SUM(J38:J41) -> 20 | ... AF17: =SUM(P38:P41) -> 984
B18: 09.00 - 09.15 | C18: 52 | D18: 7 | E18: 3 | F18: 58 | G18: 1 | H18: 0 | I18: 8 | J18: 6 | K18: 2 | L18: 5 | M18: 304 | N18: 0 | O18: =SUM(C18:L18,N18) -> 142 | P18: =SUM(C18:N18) -> 446 | R18: 1500-1600 | S18: =SUM(C42:C45) -> 157 | T18: =SUM(D42:D45) -> 54 | U18: =SUM(E42:E45) -> 17 | V18: =SUM(F42:F45) -> 146 | W18: =SUM(G42:G45) -> 5 | X18: =SUM(H42:H45) -> 5 | Y18: =SUM(I42:I45) -> 29 | Z18: =SUM(J42:J45) -> 26 | ... AF18: =SUM(P42:P45) -> 970
B19: 09.15 - 09.30 | C19: 54 | D19: 12 | E19: 5 | F19: 53 | G19: 3 | H19: 0 | I19: 12 | J19: 11 | K19: 3 | L19: 2 | M19: 195 | N19: 0 | O19: =SUM(C19:L19,N19) -> 155 | P19: =SUM(C19:N19) -> 350 | R19: 1600-1700 | S19: =SUM(C46:C49) -> 136 | T19: =SUM(D46:D49) -> 38 | U19: =SUM(E46:E49) -> 22 | V19: =SUM(F46:F49) -> 150 | W19: =SUM(G46:G49) -> 7 | X19: =SUM(H46:H49) -> 5 | Y19: =SUM(I46:I49) -> 37 | Z19: =SUM(J46:J49) -> 24 | ... AF19: =SUM(P46:P49) -> 896
B20: 09.30 - 09.45 | C20: 46 | D20: 12 | E20: 0 | F20: 48 | G20: 2 | H20: 0 | I20: 8 | J20: 5 | K20: 0 | L20: 1 | M20: 160 | N20: 0 | O20: =SUM(C20:L20,N20) -> 122 | P20: =SUM(C20:N20) -> 282 | R20: 1700-1800 | S20: =SUM(C50:C53) -> 146 | T20: =SUM(D50:D53) -> 51 | U20: =SUM(E50:E53) -> 24 | V20: =SUM(F50:F53) -> 193 | W20: =SUM(G50:G53) -> 6 | X20: =SUM(H50:H53) -> 4 | Y20: =SUM(I50:I53) -> 40 | Z20: =SUM(J50:J53) -> 20 | ... AF20: =SUM(P50:P53) -> 1115
B21: 09.45 - 10.00 | C21: 24 | D21: 5 | E21: 0 | F21: 25 | G21: 2 | H21: 0 | I21: 5 | J21: 6 | K21: 3 | L21: 0 | M21: 170 | N21: 0 | O21: =SUM(C21:L21,N21) -> 70 | P21: =SUM(C21:N21) -> 240 | R21: 1800-1900 | S21: =SUM(C54:C57) -> 103 | T21: =SUM(D54:D57) -> 38 | U21: =SUM(E54:E57) -> 20 | V21: =SUM(F54:F57) -> 132 | W21: =SUM(G54:G57) -> 9 | X21: =SUM(H54:H57) -> 7 | Y21: =SUM(I54:I57) -> 23 | Z21: =SUM(J54:J57) -> 17 | ... AF21: =SUM(P54:P57) -> 871
B22: 10.00 - 10.15 | C22: 42 | D22: 9 | E22: 8 | F22: 55 | G22: 1 | H22: 0 | I22: 12 | J22: 10 | K22: 2 | L22: 3 | M22: 200 | N22: 0 | O22: =SUM(C22:L22,N22) -> 142 | P22: =SUM(C22:N22) -> 342 | R22: 1900-2000 | S22: =SUM(C58:C61) -> 183 | T22: =SUM(D58:D61) -> 5 | U22: =SUM(E58:E61) -> 15 | V22: =SUM(F58:F61) -> 167 | W22: =SUM(G58:G61) -> 4 | X22: =SUM(H58:H61) -> 9 | Y22: =SUM(I58:I61) -> 23 | Z22: =SUM(J58:J61) -> 22 | ... AF22: =SUM(P58:P61) -> 1539
B23: 10.15 - 10.30 | C23: 62 | D23: 7 | E23: 7 | F23: 33 | G23: 2 | H23: 1 | I23: 9 | J23: 7 | K23: 0 | L23: 1 | M23: 177 | N23: 0 | O23: =SUM(C23:L23,N23) -> 129 | P23: =SUM(C23:N23) -> 306 | R23: 2000-2100 | S23: =SUM(C62:C65) -> 174 | T23: =SUM(D62:D65) -> 6 | U23: =SUM(E62:E65) -> 9 | V23: =SUM(F62:F65) -> 137 | W23: =SUM(G62:G65) -> 5 | X23: =SUM(H62:H65) -> 3 | Y23: =SUM(I62:I65) -> 22 | Z23: =SUM(J62:J65) -> 12 | ... AF23: =SUM(P62:P65) -> 1508
B24: 10.30 - 10.45 | C24: 36 | D24: 15 | E24: 5 | F24: 44 | G24: 1 | H24: 0 | I24: 5 | J24: 8 | K24: 1 | L24: 2 | M24: 220 | N24: 0 | O24: =SUM(C24:L24,N24) -> 117 | P24: =SUM(C24:N24) -> 337 | R24: 2100-2200 | S24: =SUM(C66:C69) -> 177 | T24: =SUM(D66:D69) -> 2 | U24: =SUM(E66:E69) -> 18 | V24: =SUM(F66:F69) -> 120 | W24: =SUM(G66:G69) -> 10 | X24: =SUM(H66:H69) -> 7 | Y24: =SUM(I66:I69) -> 24 | Z24: =SUM(J66:J69) -> 25 | ... AF24: =SUM(P66:P69) -> 1135
B25: 10.45 - 11.00 | C25: 41 | D25: 11 | E25: 2 | F25: 43 | G25: 2 | H25: 0 | I25: 6 | J25: 10 | K25: 4 | L25: 0 | M25: 169 | N25: 0 | O25: =SUM(C25:L25,N25) -> 119 | P25: =SUM(C25:N25) -> 288 | R25: 2200-2300 | S25: =SUM(C70:C73) -> 155 | T25: =SUM(D70:D73) -> 4 | U25: =SUM(E70:E73) -> 17 | V25: =SUM(F70:F73) -> 71 | W25: =SUM(G70:G73) -> 5 | X25: =SUM(H70:H73) -> 10 | Y25: =SUM(I70:I73) -> 29 | Z25: =SUM(J70:J73) -> 23 | ... AF25: =SUM(P70:P73) -> 1025
B26: 11.00 - 11.15 | C26: 37 | D26: 10 | E26: 17 | F26: 45 | G26: 1 | H26: 5 | I26: 5 | J26: 6 | K26: 1 | L26: 0 | M26: 135\ | N26: 0 | O26: =SUM(C26:L26,N26) -> 127 | P26: =SUM(C26:N26) -> 127 | R26: 2300-0000 | S26: =SUM(C74:C77) -> 156 | T26: =SUM(D74:D77) -> 4 | U26: =SUM(E74:E77) -> 9 | V26: =SUM(F74:F77) -> 59 | W26: =SUM(G74:G77) -> 5 | X26: =SUM(H74:H77) -> 3 | Y26: =SUM(I74:I77) -> 29 | Z26: =SUM(J74:J77) -> 19 | ... AF26: =SUM(P74:P77) -> 785
B27: 11.15 - 11.30 | C27: 36 | D27: 11 | E27: 1 | F27: 36 | G27: 7 | H27: 8 | I27: 0 | J27: 13 | K27: 3 | L27: 1 | M27: 110 | N27: 0 | O27: =SUM(C27:L27,N27) -> 116 | P27: =SUM(C27:N27) -> 226 | R27: 0000-0100 | S27: =SUM(C78:C81) -> 53 | T27: =SUM(D78:D81) -> 0 | U27: =SUM(E78:E81) -> 1 | V27: =SUM(F78:F81) -> 7 | W27: =SUM(G78:G81) -> 1 | X27: =SUM(H78:H81) -> 2 | Y27: =SUM(I78:I81) -> 5 | Z27: =SUM(J78:J81) -> 9 | ... AF27: =SUM(P78:P81) -> 192
B28: 11.30 - 11.45 | C28: 56 | D28: 11 | E28: 11 | F28: 52 | G28: 11 | H28: 0 | I28: 11 | J28: 11 | K28: 9 | L28: 1 | M28: 115 | N28: 0 | O28: =SUM(C28:L28,N28) -> 173 | P28: =SUM(C28:N28) -> 288 | R28: 0100-0200 | S28: =SUM(C82:C85) -> 53 | T28: =SUM(D82:D85) -> 0 | U28: =SUM(E82:E85) -> 10 | V28: =SUM(F82:F85) -> 8 | W28: =SUM(G82:G85) -> 1 | X28: =SUM(H82:H85) -> 0 | Y28: =SUM(I82:I85) -> 5 | Z28: =SUM(J82:J85) -> 26 | ... AF28: =SUM(P82:P85) -> 240
B29: 11.45 - 12.00 | C29: 39 | D29: 12 | E29: 7 | F29: 38 | G29: 1 | H29: 0 | I29: 3 | J29: 14 | K29: 2 | L29: 4 | M29: 101 | N29: 0 | O29: =SUM(C29:L29,N29) -> 120 | P29: =SUM(C29:N29) -> 221 | R29: 0200-0300 | S29: =SUM(C86:C89) -> 39 | T29: =SUM(D86:D89) -> 0 | U29: =SUM(E86:E89) -> 1 | V29: =SUM(F86:F89) -> 4 | W29: =SUM(G86:G89) -> 0 | X29: =SUM(H86:H89) -> 2 | Y29: =SUM(I86:I89) -> 1 | Z29: =SUM(J86:J89) -> 2 | ... AF29: =SUM(P86:P89) -> 179
B30: 12.00 - 12.15 | C30: 56 | D30: 10 | E30: 7 | F30: 38 | G30: 4 | H30: 0 | I30: 2 | J30: 4 | K30: 11 | L30: 3 | M30: 76 | N30: 0 | O30: =SUM(C30:L30,N30) -> 135 | P30: =SUM(C30:N30) -> 211 | R30: 0300-0400 | S30: =SUM(C90:C93) -> 30 | T30: =SUM(D90:D93) -> 0 | U30: =SUM(E90:E93) -> 1 | V30: =SUM(F90:F93) -> 8 | W30: =SUM(G90:G93) -> 0 | X30: =SUM(H90:H93) -> 7 | Y30: =SUM(I90:I93) -> 6 | Z30: =SUM(J90:J93) -> 12 | ... AF30: =SUM(P90:P93) -> 168
B31: 12.15 - 12.30 | C31: 40 | D31: 8 | E31: 9 | F31: 38 | G31: 2 | H31: 0 | I31: 6 | J31: 8 | K31: 3 | L31: 0 | M31: 150 | N31: 0 | O31: =SUM(C31:L31,N31) -> 114 | P31: =SUM(C31:N31) -> 264 | R31: 0400-0500 | S31: =SUM(C94:C97) -> 28 | T31: =SUM(D94:D97) -> 1 | U31: =SUM(E94:E97) -> 3 | V31: =SUM(F94:F97) -> 18 | W31: =SUM(G94:G97) -> 3 | X31: =SUM(H94:H97) -> 15 | Y31: =SUM(I94:I97) -> 5 | Z31: =SUM(J94:J97) -> 11 | ... AF31: =SUM(P94:P97) -> 159
B32: 12.30 - 12.45 | C32: 46 | D32: 5 | E32: 2 | F32: 46 | G32: 2 | H32: 2 | I32: 7 | J32: 5 | K32: 1 | L32: 4 | M32: 161 | N32: 0 | O32: =SUM(C32:L32,N32) -> 120 | P32: =SUM(C32:N32) -> 281 | R32: 0500-0600 | S32: =SUM(C98:C101) -> 61 | T32: =SUM(D98:D101) -> 0 | U32: =SUM(E98:E101) -> 4 | V32: =SUM(F98:F101) -> 47 | W32: =SUM(G98:G101) -> 0 | X32: =SUM(H98:H101) -> 5 | Y32: =SUM(I98:I101) -> 41 | Z32: =SUM(J98:J101) -> 9 | ... AF32: =SUM(P98:P101) -> 291
B33: 12.45 - 13.00 | C33: 30 | D33: 9 | E33: 1 | F33: 29 | G33: 4 | H33: 1 | I33: 4 | J33: 5 | K33: 2 | L33: 1 | M33: 192 | N33: 0 | O33: =SUM(C33:L33,N33) -> 86 | P33: =SUM(C33:N33) -> 278 | R33: 0600-0700 | S33: =SUM(C102:C105) -> 94 | T33: =SUM(D102:D105) -> 2 | U33: =SUM(E102:E105) -> 10 | V33: =SUM(F102:F105) -> 105 | W33: =SUM(G102:G105) -> 2 | X33: =SUM(H102:H105) -> 5 | Y33: =SUM(I102:I105) -> 27 | Z33: =SUM(J102:J105) -> 10 | ... AF33: =SUM(P102:P105) -> 562
B34: 13.00 - 13.15 | C34: 34 | D34: 14 | E34: 6 | F34: 35 | G34: 1 | H34: 0 | I34: 9 | J34: 4 | K34: 1 | L34: 1 | M34: 180 | N34: 0 | O34: =SUM(C34:L34,N34) -> 105 | P34: =SUM(C34:N34) -> 285 | R34: AM Peak Hr | S34: =MAX(S10:S12) -> 226 | T34: =MAX(T10:T12) -> 36 | U34: =MAX(U10:U12) -> 19 | V34: =MAX(V10:V12) -> 184 | W34: =MAX(W10:W12) -> 15 | X34: =MAX(X10:X12) -> 3 | Y34: =MAX(Y10:Y12) -> 33 | Z34: =MAX(Z10:Z12) -> 28 | ... AF34: =MAX(AF10:AF12) -> 1505
B35: 13.15 - 13.30 | C35: 38 | D35: 6 | E35: 2 | F35: 37 | G35: 3 | H35: 1 | I35: 2 | J35: 3 | K35: 4 | L35: 1 | M35: 150 | N35: 0 | O35: =SUM(C35:L35,N35) -> 97 | P35: =SUM(C35:N35) -> 247 | R35: IP Peak Hr | S35: =MAX(S13:S18) -> 181 | T35: =MAX(T13:T18) -> 54 | U35: =MAX(U13:U18) -> 36 | V35: =MAX(V13:V18) -> 175 | W35: =MAX(W13:W18) -> 20 | X35: =MAX(X13:X18) -> 13 | Y35: =MAX(Y13:Y18) -> 37 | Z35: =MAX(Z13:Z18) -> 44 | ... AF35: =MAX(AF13:AF18) -> 1273
B36: 13.30 - 13.45 | C36: 47 | D36: 15 | E36: 6 | F36: 41 | G36: 1 | H36: 1 | I36: 6 | J36: 5 | K36: 4 | L36: 1 | M36: 183 | N36: 0 | O36: =SUM(C36:L36,N36) -> 127 | P36: =SUM(C36:N36) -> 310 | R36: PM Peak Hr | S36: =MAX(S19:S21) -> 146 | T36: =MAX(T19:T21) -> 51 | U36: =MAX(U19:U21) -> 24 | V36: =MAX(V19:V21) -> 193 | W36: =MAX(W19:W21) -> 9 | X36: =MAX(X19:X21) -> 7 | Y36: =MAX(Y19:Y21) -> 40 | Z36: =MAX(Z19:Z21) -> 24 | ... AF36: =MAX(AF19:AF21) -> 1115
B37: 13.45 - 14.00 | C37: 35 | D37: 13 | E37: 6 | F37: 41 | G37: 1 | H37: 3 | I37: 12 | J37: 5 | K37: 2 | L37: 3 | M37: 150 | N37: 0 | O37: =SUM(C37:L37,N37) -> 121 | P37: =SUM(C37:N37) -> 271 | R37: AM Period | S37: =SUM(S10:S12) -> 561 | T37: =SUM(T10:T12) -> 103 | U37: =SUM(U10:U12) -> 39 | V37: =SUM(V10:V12) -> 494 | W37: =SUM(W10:W12) -> 30 | X37: =SUM(X10:X12) -> 5 | Y37: =SUM(Y10:Y12) -> 86 | Z37: =SUM(Z10:Z12) -> 74 | ... AF37: =SUM(AF10:AF12) -> 3944
B38: 14.00 - 14.15 | C38: 58 | D38: 20 | E38: 6 | F38: 54 | G38: 2 | H38: 1 | I38: 11 | J38: 6 | K38: 1 | L38: 2 | M38: 163 | N38: 0 | O38: =SUM(C38:L38,N38) -> 161 | P38: =SUM(C38:N38) -> 324 | R38: IP Period | S38: =SUM(S13:S18) -> 978 | T38: =SUM(T13:T18) -> 269 | U38: =SUM(U13:U18) -> 130 | V38: =SUM(V13:V18) -> 932 | W38: =SUM(W13:W18) -> 54 | X38: =SUM(X13:X18) -> 33 | Y38: =SUM(Y13:Y18) -> 165 | Z38: =SUM(Z13:Z18) -> 164 | ... AF38: =SUM(AF13:AF18) -> 6236
B39: 14.15 - 14.30 | C39: 28 | D39: 10 | E39: 3 | F39: 27 | G39: 1 | H39: 1 | I39: 12 | J39: 5 | K39: 3 | L39: 3 | M39: 140 | N39: 0 | O39: =SUM(C39:L39,N39) -> 93 | P39: =SUM(C39:N39) -> 233 | R39: PM Period | S39: =SUM(S19:S21) -> 385 | T39: =SUM(T19:T21) -> 127 | U39: =SUM(U19:U21) -> 66 | V39: =SUM(V19:V21) -> 475 | W39: =SUM(W19:W21) -> 22 | X39: =SUM(X19:X21) -> 16 | Y39: =SUM(Y19:Y21) -> 100 | Z39: =SUM(Z19:Z21) -> 61 | ... AF39: =SUM(AF19:AF21) -> 2882
B40: 14.30 - 14.45 | C40: 53 | D40: 15 | E40: 6 | F40: 39 | G40: 2 | H40: 2 | I40: 13 | J40: 7 | K40: 2 | L40: 6 | M40: 88 | N40: 0 | O40: =SUM(C40:L40,N40) -> 145 | P40: =SUM(C40:N40) -> 233 | R40: 12 Hours | S40: =SUM(S10:S21) -> 1924 | T40: =SUM(T10:T21) -> 499 | U40: =SUM(U10:U21) -> 235 | V40: =SUM(V10:V21) -> 1901 | W40: =SUM(W10:W21) -> 106 | X40: =SUM(X10:X21) -> 54 | Y40: =SUM(Y10:Y21) -> 351 | Z40: =SUM(Z10:Z21) -> 299 | ... AF40: =SUM(AF10:AF21) -> 13062
B41: 14.45 - 15.00 | C41: 7 | D41: 4 | E41: 1 | F41: 15 | G41: 0 | H41: 2 | I41: 1 | J41: 2 | K41: 0 | L41: 0 | M41: 162 | N41: 0 | O41: =SUM(C41:L41,N41) -> 32 | P41: =SUM(C41:N41) -> 194 | R41: 24 Hrs/ADT | S41: =SUM(S10:S33) -> 3127 | T41: =SUM(T10:T33) -> 523 | U41: =SUM(U10:U33) -> 333 | V41: =SUM(V10:V33) -> 2652 | W41: =SUM(W10:W33) -> 142 | X41: =SUM(X10:X33) -> 122 | Y41: =SUM(Y10:Y33) -> 568 | Z41: =SUM(Z10:Z33) -> 479 | ... AF41: =SUM(AF10:AF33) -> 20845
B42: 15.00 - 15.15 | C42: 46 | D42: 23 | E42: 5 | F42: 24 | G42: 4 | H42: 1 | I42: 6 | J42: 8 | K42: 0 | L42: 6 | M42: 150 | N42: 0 | O42: =SUM(C42:L42,N42) -> 123 | P42: =SUM(C42:N42) -> 273 | R42: NEF | S42: =S41/S40 -> 1.6252599 | T42: =T41/T40 -> 1.0480962 | U42: =U41/U40 -> 1.4170213 | V42: =V41/V40 -> 1.3950552 | W42: =W41/W40 -> 1.3396226 | X42: =X41/X40 -> 2.2592593 | Y42: =Y41/Y40 -> 1.6182336 | Z42: =Z41/Z40 -> 1.6020067 | ... AF42: =AF41/AF40 -> 1.5958506
B43: 15.15 - 15.30 | C43: 44 | D43: 15 | E43: 4 | F43: 43 | G43: 0 | H43: 1 | I43: 3 | J43: 9 | K43: 2 | L43: 2 | M43: 115 | N43: 0 | O43: =SUM(C43:L43,N43) -> 123 | P43: =SUM(C43:N43) -> 238
B44: 15.30 - 15.45 | C44: 33 | D44: 9 | E44: 2 | F44: 42 | G44: 1 | H44: 2 | I44: 9 | J44: 3 | K44: 0 | L44: 1 | M44: 113 | N44: 0 | O44: =SUM(C44:L44,N44) -> 102 | P44: =SUM(C44:N44) -> 215
B45: 15.45 - 16.00 | C45: 34 | D45: 7 | E45: 6 | F45: 37 | G45: 0 | H45: 1 | I45: 11 | J45: 6 | K45: 3 | L45: 2 | M45: 137 | N45: 0 | O45: =SUM(C45:L45,N45) -> 107 | P45: =SUM(C45:N45) -> 244
B46: 16.00 - 16.15 | C46: 43 | D46: 17 | E46: 6 | F46: 47 | G46: 2 | H46: 1 | I46: 10 | J46: 6 | K46: 2 | L46: 3 | M46: 145 | N46: 0 | O46: =SUM(C46:L46,N46) -> 137 | P46: =SUM(C46:N46) -> 282
B47: 16.15 -16.30 | C47: 31 | D47: 12 | E47: 2 | F47: 30 | G47: 3 | H47: 1 | I47: 5 | J47: 9 | K47: 3 | L47: 1 | M47: 105 | N47: 0 | O47: =SUM(C47:L47,N47) -> 97 | P47: =SUM(C47:N47) -> 202
B48: 16.30 -16.45 | C48: 25 | D48: 3 | E48: 7 | F48: 40 | G48: 0 | H48: 1 | I48: 12 | J48: 4 | K48: 1 | L48: 1 | M48: 102 | N48: 0 | O48: =SUM(C48:L48,N48) -> 94 | P48: =SUM(C48:N48) -> 196
B49: 16.45 -17.00 | C49: 37 | D49: 6 | E49: 7 | F49: 33 | G49: 2 | H49: 2 | I49: 10 | J49: 5 | K49: 5 | L49: 1 | M49: 108 | N49: 0 | O49: =SUM(C49:L49,N49) -> 108 | P49: =SUM(C49:N49) -> 216
B50: 17.00 -17.15 | C50: 45 | D50: 17 | E50: 8 | F50: 55 | G50: 2 | H50: 2 | I50: 12 | J50: 4 | K50: 2 | L50: 2 | M50: 153 | N50: 0 | O50: =SUM(C50:L50,N50) -> 149 | P50: =SUM(C50:N50) -> 302
B51: 17.15 -17.30 | C51: 39 | D51: 5 | E51: 2 | F51: 36 | G51: 0 | H51: 0 | I51: 9 | J51: 3 | K51: 1 | L51: 5 | M51: 102 | N51: 0 | O51: =SUM(C51:L51,N51) -> 100 | P51: =SUM(C51:N51) -> 202
B52: 17.30 -17.45 | C52: 39 | D52: 15 | E52: 6 | F52: 61 | G52: 1 | H52: 0 | I52: 9 | J52: 8 | K52: 8 | L52: 8 | M52: 174 | N52: 0 | O52: =SUM(C52:L52,N52) -> 155 | P52: =SUM(C52:N52) -> 329
B53: 17.45 -18.00 | C53: 23 | D53: 14 | E53: 8 | F53: 41 | G53: 3 | H53: 2 | I53: 10 | J53: 5 | K53: 0 | L53: 1 | M53: 175 | N53: 0 | O53: =SUM(C53:L53,N53) -> 107 | P53: =SUM(C53:N53) -> 282
B54: 18.00 - 18.15 | C54: 25 | D54: 15 | E54: 3 | F54: 40 | G54: 1 | H54: 2 | I54: 16 | J54: 7 | K54: 5 | L54: 1 | M54: 150 | N54: 0 | O54: =SUM(C54:L54,N54) -> 115 | P54: =SUM(C54:N54) -> 265
... B93: 03.45 - 04.00 | C93: 9 | D93: 0 | E93: 0 | F93: 4 | G93: 0 | H93: 1 | I93: 2 | J93: 4 | K93: 0 | L93: 0 | M93: 23 | N93: 0 | O93: =SUM(C93:L93,N93) -> 20 | P93: =SUM(C93:N93) -> 43
B94: 04.00 - 04.15 | C94: 4 | D94: 1 | E94: 1 | F94: 5 | G94: 1 | H94: 2 | I94: 3 | J94: 3 | K94: 2 | L94: 1 | M94: 22\ | N94: 0 | O94: =SUM(C94:L94,N94) -> 23 | P94: =SUM(C94:N94) -> 23
B95: 04.15 - 04.30 | C95: 10 | D95: 0 | E95: 1 | F95: 2 | G95: 1 | H95: 3 | I95: 2 | J95: 0 | K95: 0 | L95: 0 | M95: 27 | N95: 0 | O95: =SUM(C95:L95,N95) -> 19 | P95: =SUM(C95:N95) -> 46
B96: 04.30 - 04.45 | C96: 10 | D96: 0 | E96: 1 | F96: 11 | G96: 0 | H96: 4 | I96: 0 | J96: 5 | K96: 3 | L96: 1 | M96: 28 | N96: 0 | O96: =SUM(C96:L96,N96) -> 35 | P96: =SUM(C96:N96) -> 63
B97: 04.45 - 05.00 | C97: 4 | D97: 0 | E97: 0 | F97: 0 | G97: 1 | H97: 6 | I97: 0 | J97: 3 | K97: 1 | L97: 0 | M97: 12 | N97: 0 | O97: =SUM(C97:L97,N97) -> 15 | P97: =SUM(C97:N97) -> 27
B98: 05.00 - 05.15 | C98: 12 | D98: 0 | E98: 0 | F98: 9 | G98: 0 | H98: 2 | I98: 30 | J98: 0 | K98: 1 | L98: 1 | M98: 20 | N98: 0 | O98: =SUM(C98:L98,N98) -> 55 | P98: =SUM(C98:N98) -> 75
B99: 05.15 - 05.30 | C99: 8 | D99: 0 | E99: 0 | F99: 1 | G99: 0 | H99: 2 | I99: 2 | J99: 0 | K99: 0 | L99: 0 | M99: 27 | N99: 0 | O99: =SUM(C99:L99,N99) -> 13 | P99: =SUM(C99:N99) -> 40
B100: 05.30 - 05.45 | C100: 28 | D100: 0 | E100: 1 | F100: 22 | G100: 0 | H100: 0 | I100: 5 | J100: 6 | K100: 2 | L100: 2 | M100: 35 | N100: 0 | O100: =SUM(C100:L100,N100) -> 66 | P100: =SUM(C100:N100) -> 101
B101: 05.45 - 06.00 | C101: 13 | D101: 0 | E101: 3 | F101: 15 | G101: 0 | H101: 1 | I101: 4 | J101: 3 | K101: 3 | L101: 0 | M101: 33 | N101: 0 | O101: =SUM(C101:L101,N101) -> 42 | P101: =SUM(C101:N101) -> 75
B102: 06.00 - 06.15 | C102: 31 | D102: 1 | E102: 2 | F102: 26 | G102: 0 | H102: 1 | I102: 9 | J102: 3 | K102: 6 | L102: 1 | M102: 75 | N102: 0 | O102: =SUM(C102:L102,N102) -> 80 | P102: =SUM(C102:N102) -> 155
B103: 06.15 - 06.30 | C103: 14 | D103: 0 | E103: 1 | F103: 28 | G103: 1 | H103: 2 | I103: 7 | J103: 5 | K103: 1 | L103: 4 | M103: 60 | N103: 0 | O103: =SUM(C103:L103,N103) -> 63 | P103: =SUM(C103:N103) -> 123
B104: 06.30 - 06.45 | C104: 29 | D104: 1 | E104: 6 | F104: 30 | G104: 1 | H104: 1 | I104: 5 | J104: 2 | K104: 3 | L104: 0 | M104: 79 | N104: 0 | O104: =SUM(C104:L104,N104) -> 78 | P104: =SUM(C104:N104) -> 157
B105: 06.45 - 07.00 | C105: 20 | D105: 0 | E105: 1 | F105: 21 | G105: 0 | H105: 1 | I105: 6 | J105: 0 | K105: 6 | L105: 1 | M105: 71 | N105: 0 | O105: =SUM(C105:L105,N105) -> 56 | P105: =SUM(C105:N105) -> 127
B106: Totals | C106: =SUM(C10:C105) -> 3127 | D106: =SUM(D10:D105) -> 523 | E106: =SUM(E10:E105) -> 333 | F106: =SUM(F10:F105) -> 2652 | G106: =SUM(G10:G105) -> 142 | H106: =SUM(H10:H105) -> 122 | I106: =SUM(I10:I105) -> 568 | J106: =SUM(J10:J105) -> 479 | ... P106: =SUM(P10:P105) -> 20845
B107: %ges + MCs | C107: =C106/$P$106 -> 0.15001199 | D107: =D106/$P$106 -> 0.02508995 | E107: =E106/$P$106 -> 0.015975054 | F107: =F106/$P$106 -> 0.12722475 | G107: =G106/$P$106 -> 0.0068121852 | H107: =H106/$P$106 -> 0.0058527225 | I107: =I106/$P$106 -> 0.027248741 | J107: =J106/$P$106 -> 0.022979132 | ... N107: =N106/$P$106 -> 0
B108: %ges w/o MCs | C108: =C106/$O$106 -> 0.37530005 | D108: =D106/$O$106 -> 0.062770043 | E108: =E106/$O$106 -> 0.039966395 | F108: =F106/$O$106 -> 0.31829093 | G108: =G106/$O$106 -> 0.017042727 | H108: =H106/$O$106 -> 0.014642343 | I108: =I106/$O$106 -> 0.068170907 | J108: =J106/$O$106 -> 0.057489198 | ... L108: =L106/$O$106 -> 0.017882861 | N108: =N106/$O$106 -> 0

Sheet 28.07 Bwaise-Kawempe
B1: Consultancy services for Preparation of Expressway Development Master Plan (EDMP) for Uganda
B2: MANUAL CLASSIFIED COUNT (MCC)
B3: ROAD NAME: | C3: ='22.07 Bwaise-Kawempe'!C3:G3 -> MCC - C1 - STN23 - BOMBO ROAD
C5: Date | D5: 28.07.19 | F5: Location | G5: ='27.07 Kawempe-Bwaise-24h'!G5:H5 -> Before Steel and Tube | J5: Surveyor | K5: Kajjubi Eddie
C6: Dir. From | D6: ='22.07 Bwaise-Kawempe'!D6:E6 -> Bwaise | F6: Dir. To | G6: ='22.07 Bwaise-Kawempe'!G6:H6 -> Kawempe | J6: Supervisor | K6: Salima
B8: Time / Veh Type | R8: SUMMARY TRAFFIC VOLUMES
C9: 1. Car | D9: 2. Station Wagon | E9: 3. Pickups | F9: 4. Minibus, matatu | G9: 5. Medium bus | H9: 6. Large Bus | I9: 7. Light Truck | J9: 8. Medium Truck | K9: 9. Heavy truck | L9: 10. Truck Trailer | M9: 11. Motor cycles | N9: 12. Tractors | O9: Total Excl M/Cycles | P9: Total All | R9: Time | S9: 1. Car | T9: 2. Station Wagon | U9: 3. Pickups | V9: 4. Minibus, matatu | W9: 5. Medium bus | X9: 6. Large Bus | Y9: 7. Light Truck | Z9: 8. Medium Truck | AA9: 9. Heavy truck | AB9: 10. Truck Trailer | AC9: 11. Motorcycles | AD9: 12. Tractors, Graders | AE9: Total Excl M/ Cycles | AF9: Total All
B10: 07.00 - 07.15 | C10: 21 | D10: 3 | E10: 1 | F10: 19 | G10: 0 | H10: 2 | I10: 9 | J10: 1 | K10: 2 | L10: 1 | M10: 27 | N10: 0 | O10: =SUM(C10:L10,N10) -> 59 | P10: =SUM(C10:N10) -> 86 | R10: 0700-0800 | S10: =SUM(C10:C13) -> 74 | T10: =SUM(D10:D13) -> 14 | U10: =SUM(E10:E13) -> 10 | V10: =SUM(F10:F13) -> 98 | W10: =SUM(G10:G13) -> 2 | X10: =SUM(H10:H13) -> 3 | Y10: =SUM(I10:I13) -> 24 | Z10: =SUM(J10:J13) -> 10 | ... AF10: =SUM(P10:P13) -> 512
B11: 07.15 - 07.30 | C11: 15 | D11: 3 | E11: 1 | F11: 31 | G11: 0 | H11: 0 | I11: 8 | J11: 1 | K11: 0 | L11: 6 | M11: 85 | N11: 0 | O11: =SUM(C11:L11,N11) -> 65 | P11: =SUM(C11:N11) -> 150 | R11: 0800-0900 | S11: =SUM(C14:C17) -> 107 | T11: =SUM(D14:D17) -> 10 | U11: =SUM(E14:E17) -> 16 | V11: =SUM(F14:F17) -> 106 | W11: =SUM(G14:G17) -> 4 | X11: =SUM(H14:H17) -> 3 | Y11: =SUM(I14:I17) -> 31 | Z11: =SUM(J14:J17) -> 12 | ... AF11: =SUM(P14:P17) -> 646
B12: 07.30 - 07.45 | C12: 17 | D12: 4 | E12: 4 | F12: 23 | G12: 1 | H12: 1 | I12: 5 | J12: 4 | K12: 1 | L12: 1 | M12: 68 | N12: 0 | O12: =SUM(C12:L12,N12) -> 61 | P12: =SUM(C12:N12) -> 129 | R12: 0900-1000 | S12: =SUM(C18:C21) -> 139 | T12: =SUM(D18:D21) -> 22 | U12: =SUM(E18:E21) -> 26 | V12: =SUM(F18:F21) -> 129 | W12: =SUM(G18:G21) -> 6 | X12: =SUM(H18:H21) -> 2 | Y12: =SUM(I18:I21) -> 23 | Z12: =SUM(J18:J21) -> 4 | ... AF12: =SUM(P18:P21) -> 937
B13: 07.45 - 08.00 | C13: 21 | D13: 4 | E13: 4 | F13: 25 | G13: 1 | H13: 0 | I13: 2 | J13: 4 | K13: 1 | L13: 0 | M13: 85 | N13: 0 | O13: =SUM(C13:L13,N13) -> 62 | P13: =SUM(C13:N13) -> 147 | R13: 1000-1100 | S13: =SUM(C22:C25) -> 150 | T13: =SUM(D22:D25) -> 30 | U13: =SUM(E22:E25) -> 18 | V13: =SUM(F22:F25) -> 95 | W13: =SUM(G22:G25) -> 2 | X13: =SUM(H22:H25) -> 1 | Y13: =SUM(I22:I25) -> 22 | Z13: =SUM(J22:J25) -> 4 | ... AF13: =SUM(P22:P25) -> 900
B14: 08.00 - 08.15 | C14: 31 | D14: 2 | E14: 3 | F14: 24 | G14: 1 | H14: 1 | I14: 5 | J14: 5 | K14: 1 | L14: 1 | M14: 95 | N14: 0 | O14: =SUM(C14:L14,N14) -> 74 | P14: =SUM(C14:N14) -> 169 | R14: 1100-1200 | S14: =SUM(C26:C29) -> 175 | T14: =SUM(D26:D29) -> 21 | U14: =SUM(E26:E29) -> 23 | V14: =SUM(F26:F29) -> 133 | W14: =SUM(G26:G29) -> 3 | X14: =SUM(H26:H29) -> 1 | Y14: =SUM(I26:I29) -> 31 | Z14: =SUM(J26:J29) -> 6 | ... AF14: =SUM(P26:P29) -> 1202
B15: 08.15 - 08.30 | C15: 28 | D15: 2 | E15: 5 | F15: 36 | G15: 1 | H15: 1 | I15: 12 | J15: 4 | K15: 1 | L15: 0 | M15: 120 | N15: 0 | O15: =SUM(C15:L15,N15) -> 90 | P15: =SUM(C15:N15) -> 210 | R15: 1200-1300 | S15: =SUM(C30:C33) -> 173 | T15: =SUM(D30:D33) -> 25 | U15: =SUM(E30:E33) -> 18 | V15: =SUM(F30:F33) -> 136 | W15: =SUM(G30:G33) -> 3 | X15: =SUM(H30:H33) -> 4 | Y15: =SUM(I30:I33) -> 36 | Z15: =SUM(J30:J33) -> 7 | ... AF15: =SUM(P30:P33) -> 905
B16: 08.30 - 08.45 | C16: 13 | D16: 4 | E16: 3 | F16: 22 | G16: 0 | H16: 0 | I16: 6 | J16: 2 | K16: 0 | L16: 1 | M16: 65 | N16: 0 | O16: =SUM(C16:L16,N16) -> 51 | P16: =SUM(C16:N16) -> 116 | R16: 1300-1400 | S16: =SUM(C34:C37) -> 252 | T16: =SUM(D34:D37) -> 31 | U16: =SUM(E34:E37) -> 28 | V16: =SUM(F34:F37) -> 93 | W16: =SUM(G34:G37) -> 4 | X16: =SUM(H34:H37) -> 2 | Y16: =SUM(I34:I37) -> 18 | Z16: =SUM(J34:J37) -> 10 | ... AF16: =SUM(P34:P37) -> 966
B17: 08.45 - 9.00 | C17: 35 | D17: 2 | E17: 5 | F17: 24 | G17: 2 | H17: 1 | I17: 8 | J17: 1 | K17: 2 | L17: 1 | M17: 70 | N17: 0 | O17: =SUM(C17:L17,N17) -> 81 | P17: =SUM(C17:N17) -> 151 | R17: 1400-1500 | S17: =SUM(C38:C41) -> 208 | T17: =SUM(D38:D41) -> 24 | U17: =SUM(E38:E41) -> 28 | V17: =SUM(F38:F41) -> 103 | W17: =SUM(G38:G41) -> 5 | X17: =SUM(H38:H41) -> 1 | Y17: =SUM(I38:I41) -> 34 | Z17: =SUM(J38:J41) -> 0 | ... AF17: =SUM(P38:P41) -> 945
B18: 09.00 - 09.15 | C18: 10 | D18: 4 | E18: 3 | F18: 21 | G18: 2 | H18: 1 | I18: 9 | J18: 1 | K18: 1 | L18: 1 | M18: 80 | N18: 0 | O18: =SUM(C18:L18,N18) -> 53 | P18: =SUM(C18:N18) -> 133 | R18: 1500-1600 | S18: =SUM(C42:C45) -> 187 | T18: =SUM(D42:D45) -> 28 | U18: =SUM(E42:E45) -> 24 | V18: =SUM(F42:F45) -> 122 | W18: =SUM(G42:G45) -> 2 | X18: =SUM(H42:H45) -> 1 | Y18: =SUM(I42:I45) -> 35 | Z18: =SUM(J42:J45) -> 2 | ... AF18: =SUM(P42:P45) -> 1016
B19: 09.15 - 09.30 | C19: 44 | D19: 1 | E19: 6 | F19: 30 | G19: 2 | H19: 0 | I19: 3 | J19: 1 | K19: 1 | L19: 1 | M19: 175 | N19: 0 | O19: =SUM(C19:L19,N19) -> 89 | P19: =SUM(C19:N19) -> 264 | R19: 1600-1700 | S19: =SUM(C46:C49) -> 226 | T19: =SUM(D46:D49) -> 22 | U19: =SUM(E46:E49) -> 20 | V19: =SUM(F46:F49) -> 132 | W19: =SUM(G46:G49) -> 2 | X19: =SUM(H46:H49) -> 3 | Y19: =SUM(I46:I49) -> 35 | Z19: =SUM(J46:J49) -> 4 | ... AF19: =SUM(P46:P49) -> 1097
B20: 09.30 - 09.45 | C20: 47 | D20: 9 | E20: 8 | F20: 26 | G20: 2 | H20: 1 | I20: 3 | J20: 1 | K20: 1 | L20: 1 | M20: 170 | N20: 0 | O20: =SUM(C20:L20,N20) -> 99 | P20: =SUM(C20:N20) -> 269 | R20: 1700-1800 | S20: =SUM(C50:C53) -> 177 | T20: =SUM(D50:D53) -> 19 | U20: =SUM(E50:E53) -> 18 | V20: =SUM(F50:F53) -> 130 | W20: =SUM(G50:G53) -> 7 | X20: =SUM(H50:H53) -> 3 | Y20: =SUM(I50:I53) -> 32 | Z20: =SUM(J50:J53) -> 1 | ... AF20: =SUM(P50:P53) -> 1014
B21: 09.45 - 10.00 | C21: 38 | D21: 8 | E21: 9 | F21: 52 | G21: 0 | H21: 0 | I21: 8 | J21: 1 | K21: 2 | L21: 2 | M21: 150 | N21: 1 | O21: =SUM(C21:L21,N21) -> 121 | P21: =SUM(C21:N21) -> 271 | R21: 1800-1900 | S21: =SUM(C54:C57) -> 172 | T21: =SUM(D54:D57) -> 16 | U21: =SUM(E54:E57) -> 17 | V21: =SUM(F54:F57) -> 128 | W21: =SUM(G54:G57) -> 6 | X21: =SUM(H54:H57) -> 2 | Y21: =SUM(I54:I57) -> 30 | Z21: =SUM(J54:J57) -> 10 | ... AF21: =SUM(P54:P57) -> 949
B22: 10.00 - 10.15 | C22: 27 | D22: 4 | E22: 8 | F22: 15 | G22: 0 | H22: 1 | I22: 7 | J22: 0 | K22: 0 | L22: 0 | M22: 100 | N22: 0 | O22: =SUM(C22:L22,N22) -> 62 | P22: =SUM(C22:N22) -> 162 | R22: AM Peak Hr | S22: =MAX(S10:S12) -> 139 | T22: =MAX(T10:T12) -> 22 | U22: =MAX(U10:U12) -> 26 | V22: =MAX(V10:V12) -> 129 | W22: =MAX(W10:W12) -> 6 | X22: =MAX(X10:X12) -> 3 | Y22: =MAX(Y10:Y12) -> 31 | Z22: =MAX(Z10:Z12) -> 12 | ... AF22: =MAX(AF10:AF12) -> 937
B23: 10.15 - 10.30 | C23: 58 | D23: 13 | E23: 3 | F23: 33 | G23: 2 | H23: 0 | I23: 8 | J23: 1 | K23: 1 | L23: 0 | M23: 170 | N23: 0 | O23: =SUM(C23:L23,N23) -> 119 | P23: =SUM(C23:N23) -> 289 | R23: IP Peak Hr | S23: =MAX(S13:S18) -> 252 | T23: =MAX(T13:T18) -> 31 | U23: =MAX(U13:U18) -> 28 | V23: =MAX(V13:V18) -> 136 | W23: =MAX(W13:W18) -> 5 | X23: =MAX(X13:X18) -> 4 | Y23: =MAX(Y13:Y18) -> 36 | Z23: =MAX(Z13:Z18) -> 10 | ... AF23: =MAX(AF13:AF18) -> 1202
B24: 10.30 - 10.45 | C24: 19 | D24: 3 | E24: 4 | F24: 20 | G24: 0 | H24: 0 | I24: 2 | J24: 2 | K24: 2 | L24: 2 | M24: 135 | N24: 0 | O24: =SUM(C24:L24,N24) -> 54 | P24: =SUM(C24:N24) -> 189 | R24: PM Peak Hr | S24: =MAX(S19:S21) -> 226 | T24: =MAX(T19:T21) -> 22 | U24: =MAX(U19:U21) -> 20 | V24: =MAX(V19:V21) -> 132 | W24: =MAX(W19:W21) -> 7 | X24: =MAX(X19:X21) -> 3 | Y24: =MAX(Y19:Y21) -> 35 | Z24: =MAX(Z19:Z21) -> 10 | ... AF24: =MAX(AF19:AF21) -> 1097
B25: 10.45 - 11.00 | C25: 46 | D25: 10 | E25: 3 | F25: 27 | G25: 0 | H25: 0 | I25: 5 | J25: 1 | K25: 1 | L25: 2 | M25: 165 | N25: 0 | O25: =SUM(C25:L25,N25) -> 95 | P25: =SUM(C25:N25) -> 260 | R25: AM Period | S25: =SUM(S10:S12) -> 320 | T25: =SUM(T10:T12) -> 46 | U25: =SUM(U10:U12) -> 52 | V25: =SUM(V10:V12) -> 333 | W25: =SUM(W10:W12) -> 12 | X25: =SUM(X10:X12) -> 8 | Y25: =SUM(Y10:Y12) -> 78 | Z25: =SUM(Z10:Z12) -> 26 | ... AF25: =SUM(AF10:AF12) -> 2095
B26: 11.00 - 11.15 | C26: 35 | D26: 2 | E26: 8 | F26: 28 | G26: 1 | H26: 0 | I26: 7 | J26: 0 | K26: 0 | L26: 2 | M26: 195 | N26: 0 | O26: =SUM(C26:L26,N26) -> 83 | P26: =SUM(C26:N26) -> 278 | R26: IP Period | S26: =SUM(S13:S18) -> 1145 | T26: =SUM(T13:T18) -> 159 | U26: =SUM(U13:U18) -> 139 | V26: =SUM(V13:V18) -> 682 | W26: =SUM(W13:W18) -> 19 | X26: =SUM(X13:X18) -> 10 | Y26: =SUM(Y13:Y18) -> 176 | Z26: =SUM(Z13:Z18) -> 29 | ... AF26: =SUM(AF13:AF18) -> 5934
B27: 11.15 - 11.30 | C27: 54 | D27: 4 | E27: 9 | F27: 41 | G27: 0 | H27: 0 | I27: 10 | J27: 3 | K27: 0 | L27: 1 | M27: 215 | N27: 0 | O27: =SUM(C27:L27,N27) -> 122 | P27: =SUM(C27:N27) -> 337 | R27: PM Period | S27: =SUM(S19:S21) -> 575 | T27: =SUM(T19:T21) -> 57 | U27: =SUM(U19:U21) -> 55 | V27: =SUM(V19:V21) -> 390 | W27: =SUM(W19:W21) -> 15 | X27: =SUM(X19:X21) -> 8 | Y27: =SUM(Y19:Y21) -> 97 | Z27: =SUM(Z19:Z21) -> 15 | ... AF27: =SUM(AF19:AF21) -> 3060
B28: 11.30 - 11.45 | C28: 45 | D28: 10 | E28: 4 | F28: 40 | G28: 1 | H28: 1 | I28: 9 | J28: 2 | K28: 2 | L28: 4 | M28: 175 | N28: 0 | O28: =SUM(C28:L28,N28) -> 118 | P28: =SUM(C28:N28) -> 293 | R28: 12 Hours | S28: =SUM(S10:S21) -> 2040 | T28: =SUM(T10:T21) -> 262 | U28: =SUM(U10:U21) -> 246 | V28: =SUM(V10:V21) -> 1405 | W28: =SUM(W10:W21) -> 46 | X28: =SUM(X10:X21) -> 26 | Y28: =SUM(Y10:Y21) -> 351 | Z28: =SUM(Z10:Z21) -> 70 | ... AF28: =SUM(AF10:AF21) -> 11089
B29: 11.45 - 12.00 | C29: 41 | D29: 5 | E29: 2 | F29: 24 | G29: 1 | H29: 0 | I29: 5 | J29: 1 | K29: 0 | L29: 0 | M29: 215 | N29: 0 | O29: =SUM(C29:L29,N29) -> 79 | P29: =SUM(C29:N29) -> 294
B30: 12.00 - 12.15 | C30: 35 | D30: 4 | E30: 5 | F30: 26 | G30: 1 | H30: 2 | I30: 13 | J30: 0 | K30: 0 | L30: 0 | M30: 135 | N30: 0 | O30: =SUM(C30:L30,N30) -> 86 | P30: =SUM(C30:N30) -> 221
B31: 12.15 - 12.30 | C31: 50 | D31: 10 | E31: 2 | F31: 44 | G31: 1 | H31: 2 | I31: 8 | J31: 4 | K31: 1 | L31: 1 | M31: 175 | N31: 0 | O31: =SUM(C31:L31,N31) -> 123 | P31: =SUM(C31:N31) -> 298
B32: 12.30 - 12.45 | C32: 36 | D32: 5 | E32: 4 | F32: 34 | G32: 0 | H32: 0 | I32: 7 | J32: 1 | K32: 0 | L32: 1 | M32: 73 | N32: 0 | O32: =SUM(C32:L32,N32) -> 88 | P32: =SUM(C32:N32) -> 161
B33: 12.45 - 13.00 | C33: 52 | D33: 6 | E33: 7 | F33: 32 | G33: 1 | H33: 0 | I33: 8 | J33: 2 | K33: 0 | L33: 1 | M33: 116 | N33: 0 | O33: =SUM(C33:L33,N33) -> 109 | P33: =SUM(C33:N33) -> 225
B34: 13.00 - 13.15 | C34: 67 | D34: 7 | E34: 8 | F34: 28 | G34: 1 | H34: 0 | I34: 5 | J34: 5 | K34: 0 | L34: 3 | M34: 195 | N34: 0 | O34: =SUM(C34:L34,N34) -> 124 | P34: =SUM(C34:N34) -> 319
B35: 13.15 - 13.30 | C35: 70 | D35: 11 | E35: 8 | F35: 28 | G35: 2 | H35: 0 | I35: 4 | J35: 4 | K35: 1 | L35: 2 | M35: 80 | N35: 0 | O35: =SUM(C35:L35,N35) -> 130 | P35: =SUM(C35:N35) -> 210
