Workbook

Sheet ALL
B1: Consultancy services for Preparation of Expressway Development Master Plan (EDMP) for Uganda
B2: MANUAL CLASSIFIED COUNT (MCC)
B3: ROAD NAME: | C3: MCC AVERAGE-C-4
C5: Date | D5: AVERAGE WEEK | F5: Location | G5: ='[1]Avg Week Mbale- Sironko'!G5:H5 -> xxx | J5: Surveyor
C6: Dir. From | D6: BOTH DIRECTIONS | F6: Dir. To | G6: BOTH DIRECTIONS | J6: Supervisor
B8: Time / Veh Type | R8: SUMMARY TRAFFIC VOLUMES
C9: 1. Car | D9: 2. Station Wagon | E9: 3. Pickups | F9: 4. Minibus, matatu | G9: 5. Medium bus | H9: 6. Large Bus | I9: 7. Light Truck | J9: 8. Medium Truck | K9: 9. Heavy truck | L9: 10. Truck Trailer | M9: 11. Motor cycles | N9: 12. Tractors | O9: Total Excl M/Cycles | P9: Total All | R9: Time | S9: 1. Car | T9: 2. Station Wagon | U9: 3. Pickups | V9: 4. Minibus, matatu | W9: 5. Medium bus | X9: 6. Large Bus | Y9: 7. Light Truck | Z9: 8. Medium Truck | AA9: 9. Heavy truck | AB9: 10. Truck Trailer | AC9: 11. Motorcycles | AD9: 12. Tractors, Graders | AE9: Total Excl M/ Cycles | AF9: Total All
B10: 07.00 - 07.15 | C10: =AVERAGE('120'!C10,'99'!C10,'100A'!C10,'100'!C10,'101'!C10,'102'!C10,'103'!C10,'104'!C10,'105'!C10,'106'!C10,'107'!C10,'108'!C10,'109'!C10,'110'!C10,'111A'!C10,'111'!C10,'112'!C10,'113'!C10,'133'!C10,'134'!C10,'135'!C10,'137'!C10,'141'!C10,'144'!C10,'141'!C10,'144'!C10,'141'!C10,'144'!C10,) -> 3.5944171 | D10: =AVERAGE('120'!D10,'99'!D10,'100A'!D10,'100'!D10,'101'!D10,'102'!D10,'103'!D10,'104'!D10,'105'!D10,'106'!D10,'107'!D10,'108'!D10,'109'!D10,'110'!D10,'111A'!D10,'111'!D10,'112'!D10,'113'!D10,'133'!D10,'134'!D10,'135'!D10,'137'!D10,'141'!D10,'144'!D10,'141'!D10,'144'!D10,'141'!D10,'144'!D10,) -> 0.57323481 | E10: =AVERAGE('120'!E10,'99'!E10,'100A'!E10,'100'!E10,'101'!E10,'102'!E10,'103'!E10,'104'!E10,'105'!E10,'106'!E10,'107'!E10,'108'!E10,'109'!E10,'110'!E10,'111A'!E10,'111'!E10,'112'!E10,'113'!E10,'133'!E10,'134'!E10,'135'!E10,'137'!E10,'141'!E10,'144'!E10,'141'!E10,'144'!E10,'141'!E10,'144'!E10,) -> 0.84466338 | F10: =AVERAGE('120'!F10,'99'!F10,'100A'!F10,'100'!F10,'101'!F10,'102'!F10,'103'!F10,'104'!F10,'105'!F10,'106'!F10,'107'!F10,'108'!F10,'109'!F10,'110'!F10,'111A'!F10,'111'!F10,'112'!F10,'113'!F10,'133'!F10,'134'!F10,'135'!F10,'137'!F10,'141'!F10,'144'!F10,'141'!F10,'144'!F10,'141'!F10,'144'!F10,) -> 2.3152709 | G10: =AVERAGE('120'!G10,'99'!G10,'100A'!G10,'100'!G10,'101'!G10,'102'!G10,'103'!G10,'104'!G10,'105'!G10,'106'!G10,'107'!G10,'108'!G10,'109'!G10,'110'!G10,'111A'!G10,'111'!G10,'112'!G10,'113'!G10,'133'!G10,'134'!G10,'135'!G10,'137'!G10,'141'!G10,'144'!G10,'141'!G10,'144'!G10,'141'!G10,'144'!G10,) -> 0.096059113 | H10: =AVERAGE('120'!H10,'99'!H10,'100A'!H10,'100'!H10,'101'!H10,'102'!H10,'103'!H10,'104'!H10,'105'!H10,'106'!H10,'107'!H10,'108'!H10,'109'!H10,'110'!H10,'111A'!H10,'111'!H10,'112'!H10,'113'!H10,'133'!H10,'134'!H10,'135'!H10,'137'!H10,'141'!H10,'144'!H10,'141'!H10,'144'!H10,'141'!H10,'144'!H10,) -> 0.27586207 | I10: =AVERAGE('120'!I10,'99'!I10,'100A'!I10,'100'!I10,'101'!I10,'102'!I10,'103'!I10,'104'!I10,'105'!I10,'106'!I10,'107'!I10,'108'!I10,'109'!I10,'110'!I10,'111A'!I10,'111'!I10,'112'!I10,'113'!I10,'133'!I10,'134'!I10,'135'!I10,'137'!I10,'141'!I10,'144'!I10,'141'!I10,'144'!I10,'141'!I10,'144'!I10,) -> 0.92939245 | J10: =AVERAGE('120'!J10,'99'!J10,'100A'!J10,'100'!J10,'101'!J10,'102'!J10,'103'!J10,'104'!J10,'105'!J10,'106'!J10,'107'!J10,'108'!J10,'109'!J10,'110'!J10,'111A'!J10,'111'!J10,'112'!J10,'113'!J10,'133'!J10,'134'!J10,'135'!J10,'137'!J10,'141'!J10,'144'!J10,'141'!J10,'144'!J10,'141'!J10,'144'!J10,) -> 0.77339901 | ... P10: =AVERAGE('120'!P10,'99'!P10,'100A'!P10,'100'!P10,'101'!P10,'102'!P10,'103'!P10,'104'!P10,'105'!P10,'106'!P10,'107'!P10,'108'!P10,'109'!P10,'110'!P10,'111A'!P10,'111'!P10,'112'!P10,'113'!P10,'133'!P10,'134'!P10,'135'!P10,'137'!P10,'141'!P10,'144'!P10,'141'!P10,'144'!P10,'141'!P10,'144'!P10,) -> 28.942529 | R10: 0700-0800 | S10: =SUM(C10:C13) -> 17.971264 | T10: =SUM(D10:D13) -> 3.3186371 | U10: =SUM(E10:E13) -> 4.415353 | V10: =SUM(F10:F13) -> 8.5952381 | W10: =SUM(G10:G13) -> 0.36699507 | X10: =SUM(H10:H13) -> 0.62397373 | Y10: =SUM(I10:I13) -> 4.1650246 | Z10: =SUM(J10:J13) -> 2.8119869 | ... AF10: =SUM(P10:P13) -> 147.91872
B11: 07.15 - 07.30 | C11: =AVERAGE('120'!C11,'99'!C11,'100A'!C11,'100'!C11,'101'!C11,'102'!C11,'103'!C11,'104'!C11,'105'!C11,'106'!C11,'107'!C11,'108'!C11,'109'!C11,'110'!C11,'111A'!C11,'111'!C11,'112'!C11,'113'!C11,'133'!C11,'134'!C11,'135'!C11,'137'!C11,'141'!C11,'144'!C11,'141'!C11,'144'!C11,'141'!C11,'144'!C11,) -> 4.1970443 | D11: =AVERAGE('120'!D11,'99'!D11,'100A'!D11,'100'!D11,'101'!D11,'102'!D11,'103'!D11,'104'!D11,'105'!D11,'106'!D11,'107'!D11,'108'!D11,'109'!D11,'110'!D11,'111A'!D11,'111'!D11,'112'!D11,'113'!D11,'133'!D11,'134'!D11,'135'!D11,'137'!D11,'141'!D11,'144'!D11,'141'!D11,'144'!D11,'141'!D11,'144'!D11,) -> 0.61461412 | E11: =AVERAGE('120'!E11,'99'!E11,'100A'!E11,'100'!E11,'101'!E11,'102'!E11,'103'!E11,'104'!E11,'105'!E11,'106'!E11,'107'!E11,'108'!E11,'109'!E11,'110'!E11,'111A'!E11,'111'!E11,'112'!E11,'113'!E11,'133'!E11,'134'!E11,'135'!E11,'137'!E11,'141'!E11,'144'!E11,'141'!E11,'144'!E11,'141'!E11,'144'!E11,) -> 1.0003284 | F11: =AVERAGE('120'!F11,'99'!F11,'100A'!F11,'100'!F11,'101'!F11,'102'!F11,'103'!F11,'104'!F11,'105'!F11,'106'!F11,'107'!F11,'108'!F11,'109'!F11,'110'!F11,'111A'!F11,'111'!F11,'112'!F11,'113'!F11,'133'!F11,'134'!F11,'135'!F11,'137'!F11,'141'!F11,'144'!F11,'141'!F11,'144'!F11,'141'!F11,'144'!F11,) -> 1.998358 | G11: =AVERAGE('120'!G11,'99'!G11,'100A'!G11,'100'!G11,'101'!G11,'102'!G11,'103'!G11,'104'!G11,'105'!G11,'106'!G11,'107'!G11,'108'!G11,'109'!G11,'110'!G11,'111A'!G11,'111'!G11,'112'!G11,'113'!G11,'133'!G11,'134'!G11,'135'!G11,'137'!G11,'141'!G11,'144'!G11,'141'!G11,'144'!G11,'141'!G11,'144'!G11,) -> 0.068965517 | H11: =AVERAGE('120'!H11,'99'!H11,'100A'!H11,'100'!H11,'101'!H11,'102'!H11,'103'!H11,'104'!H11,'105'!H11,'106'!H11,'107'!H11,'108'!H11,'109'!H11,'110'!H11,'111A'!H11,'111'!H11,'112'!H11,'113'!H11,'133'!H11,'134'!H11,'135'!H11,'137'!H11,'141'!H11,'144'!H11,'141'!H11,'144'!H11,'141'!H11,'144'!H11,) -> 0.072249589 | I11: =AVERAGE('120'!I11,'99'!I11,'100A'!I11,'100'!I11,'101'!I11,'102'!I11,'103'!I11,'104'!I11,'105'!I11,'106'!I11,'107'!I11,'108'!I11,'109'!I11,'110'!I11,'111A'!I11,'111'!I11,'112'!I11,'113'!I11,'133'!I11,'134'!I11,'135'!I11,'137'!I11,'141'!I11,'144'!I11,'141'!I11,'144'!I11,'141'!I11,'144'!I11,) -> 1.0098522 | J11: =AVERAGE('120'!J11,'99'!J11,'100A'!J11,'100'!J11,'101'!J11,'102'!J11,'103'!J11,'104'!J11,'105'!J11,'106'!J11,'107'!J11,'108'!J11,'109'!J11,'110'!J11,'111A'!J11,'111'!J11,'112'!J11,'113'!J11,'133'!J11,'134'!J11,'135'!J11,'137'!J11,'141'!J11,'144'!J11,'141'!J11,'144'!J11,'141'!J11,'144'!J11,) -> 0.61740558 | ... P11: =AVERAGE('120'!P11,'99'!P11,'100A'!P11,'100'!P11,'101'!P11,'102'!P11,'103'!P11,'104'!P11,'105'!P11,'106'!P11,'107'!P11,'108'!P11,'109'!P11,'110'!P11,'111A'!P11,'111'!P11,'112'!P11,'113'!P11,'133'!P11,'134'!P11,'135'!P11,'137'!P11,'141'!P11,'144'!P11,'141'!P11,'144'!P11,'141'!P11,'144'!P11,) -> 34.163383 | R11: 0800-0900 | S11: =SUM(C14:C17) -> 23.278325 | T11: =SUM(D14:D17) -> 4.5022167 | U11: =SUM(E14:E17) -> 7.0462233 | V11: =SUM(F14:F17) -> 9.7898194 | W11: =SUM(G14:G17) -> 0.38587849 | X11: =SUM(H14:H17) -> 0.68226601 | Y11: =SUM(I14:I17) -> 5.3243021 | Z11: =SUM(J14:J17) -> 3.2142857 | ... AF11: =SUM(P14:P17) -> 187.9376
B12: 07.30 - 07.45 | C12: =AVERAGE('120'!C12,'99'!C12,'100A'!C12,'100'!C12,'101'!C12,'102'!C12,'103'!C12,'104'!C12,'105'!C12,'106'!C12,'107'!C12,'108'!C12,'109'!C12,'110'!C12,'111A'!C12,'111'!C12,'112'!C12,'113'!C12,'133'!C12,'134'!C12,'135'!C12,'137'!C12,'141'!C12,'144'!C12,'141'!C12,'144'!C12,'141'!C12,'144'!C12,) -> 5.2824302 | D12: =AVERAGE('120'!D12,'99'!D12,'100A'!D12,'100'!D12,'101'!D12,'102'!D12,'103'!D12,'104'!D12,'105'!D12,'106'!D12,'107'!D12,'108'!D12,'109'!D12,'110'!D12,'111A'!D12,'111'!D12,'112'!D12,'113'!D12,'133'!D12,'134'!D12,'135'!D12,'137'!D12,'141'!D12,'144'!D12,'141'!D12,'144'!D12,'141'!D12,'144'!D12,) -> 1.006486 | E12: =AVERAGE('120'!E12,'99'!E12,'100A'!E12,'100'!E12,'101'!E12,'102'!E12,'103'!E12,'104'!E12,'105'!E12,'106'!E12,'107'!E12,'108'!E12,'109'!E12,'110'!E12,'111A'!E12,'111'!E12,'112'!E12,'113'!E12,'133'!E12,'134'!E12,'135'!E12,'137'!E12,'141'!E12,'144'!E12,'141'!E12,'144'!E12,'141'!E12,'144'!E12,) -> 1.1281609 | F12: =AVERAGE('120'!F12,'99'!F12,'100A'!F12,'100'!F12,'101'!F12,'102'!F12,'103'!F12,'104'!F12,'105'!F12,'106'!F12,'107'!F12,'108'!F12,'109'!F12,'110'!F12,'111A'!F12,'111'!F12,'112'!F12,'113'!F12,'133'!F12,'134'!F12,'135'!F12,'137'!F12,'141'!F12,'144'!F12,'141'!F12,'144'!F12,'141'!F12,'144'!F12,) -> 2.1995074 | G12: =AVERAGE('120'!G12,'99'!G12,'100A'!G12,'100'!G12,'101'!G12,'102'!G12,'103'!G12,'104'!G12,'105'!G12,'106'!G12,'107'!G12,'108'!G12,'109'!G12,'110'!G12,'111A'!G12,'111'!G12,'112'!G12,'113'!G12,'133'!G12,'134'!G12,'135'!G12,'137'!G12,'141'!G12,'144'!G12,'141'!G12,'144'!G12,'141'!G12,'144'!G12,) -> 0.098522167 | H12: =AVERAGE('120'!H12,'99'!H12,'100A'!H12,'100'!H12,'101'!H12,'102'!H12,'103'!H12,'104'!H12,'105'!H12,'106'!H12,'107'!H12,'108'!H12,'109'!H12,'110'!H12,'111A'!H12,'111'!H12,'112'!H12,'113'!H12,'133'!H12,'134'!H12,'135'!H12,'137'!H12,'141'!H12,'144'!H12,'141'!H12,'144'!H12,'141'!H12,'144'!H12,) -> 0.10180624 | I12: =AVERAGE('120'!I12,'99'!I12,'100A'!I12,'100'!I12,'101'!I12,'102'!I12,'103'!I12,'104'!I12,'105'!I12,'106'!I12,'107'!I12,'108'!I12,'109'!I12,'110'!I12,'111A'!I12,'111'!I12,'112'!I12,'113'!I12,'133'!I12,'134'!I12,'135'!I12,'137'!I12,'141'!I12,'144'!I12,'141'!I12,'144'!I12,'141'!I12,'144'!I12,) -> 1.1272578 | J12: =AVERAGE('120'!J12,'99'!J12,'100A'!J12,'100'!J12,'101'!J12,'102'!J12,'103'!J12,'104'!J12,'105'!J12,'106'!J12,'107'!J12,'108'!J12,'109'!J12,'110'!J12,'111A'!J12,'111'!J12,'112'!J12,'113'!J12,'133'!J12,'134'!J12,'135'!J12,'137'!J12,'141'!J12,'144'!J12,'141'!J12,'144'!J12,'141'!J12,'144'!J12,) -> 0.79967159 | ... P12: =AVERAGE('120'!P12,'99'!P12,'100A'!P12,'100'!P12,'101'!P12,'102'!P12,'103'!P12,'104'!P12,'105'!P12,'106'!P12,'107'!P12,'108'!P12,'109'!P12,'110'!P12,'111A'!P12,'111'!P12,'112'!P12,'113'!P12,'133'!P12,'134'!P12,'135'!P12,'137'!P12,'141'!P12,'144'!P12,'141'!P12,'144'!P12,'141'!P12,'144'!P12,) -> 41.853859 | R12: 0900-1000 | S12: =SUM(C18:C21) -> 25.697865 | T12: =SUM(D18:D21) -> 5.477422 | U12: =SUM(E18:E21) -> 8.4642857 | V12: =SUM(F18:F21) -> 11.011494 | W12: =SUM(G18:G21) -> 0.49671593 | X12: =SUM(H18:H21) -> 1.2528736 | Y12: =SUM(I18:I21) -> 6.1962233 | Z12: =SUM(J18:J21) -> 3.6075534 | ... AF12: =SUM(P18:P21) -> 207.71018
B13: 07.45 - 08.00 | C13: =AVERAGE('120'!C13,'99'!C13,'100A'!C13,'100'!C13,'101'!C13,'102'!C13,'103'!C13,'104'!C13,'105'!C13,'106'!C13,'107'!C13,'108'!C13,'109'!C13,'110'!C13,'111A'!C13,'111'!C13,'112'!C13,'113'!C13,'133'!C13,'134'!C13,'135'!C13,'137'!C13,'141'!C13,'144'!C13,'141'!C13,'144'!C13,'141'!C13,'144'!C13,) -> 4.8973727 | D13: =AVERAGE('120'!D13,'99'!D13,'100A'!D13,'100'!D13,'101'!D13,'102'!D13,'103'!D13,'104'!D13,'105'!D13,'106'!D13,'107'!D13,'108'!D13,'109'!D13,'110'!D13,'111A'!D13,'111'!D13,'112'!D13,'113'!D13,'133'!D13,'134'!D13,'135'!D13,'137'!D13,'141'!D13,'144'!D13,'141'!D13,'144'!D13,'141'!D13,'144'!D13,) -> 1.1243021 | E13: =AVERAGE('120'!E13,'99'!E13,'100A'!E13,'100'!E13,'101'!E13,'102'!E13,'103'!E13,'104'!E13,'105'!E13,'106'!E13,'107'!E13,'108'!E13,'109'!E13,'110'!E13,'111A'!E13,'111'!E13,'112'!E13,'113'!E13,'133'!E13,'134'!E13,'135'!E13,'137'!E13,'141'!E13,'144'!E13,'141'!E13,'144'!E13,'141'!E13,'144'!E13,) -> 1.4422003 | F13: =AVERAGE('120'!F13,'99'!F13,'100A'!F13,'100'!F13,'101'!F13,'102'!F13,'103'!F13,'104'!F13,'105'!F13,'106'!F13,'107'!F13,'108'!F13,'109'!F13,'110'!F13,'111A'!F13,'111'!F13,'112'!F13,'113'!F13,'133'!F13,'134'!F13,'135'!F13,'137'!F13,'141'!F13,'144'!F13,'141'!F13,'144'!F13,'141'!F13,'144'!F13,) -> 2.0821018 | G13: =AVERAGE('120'!G13,'99'!G13,'100A'!G13,'100'!G13,'101'!G13,'102'!G13,'103'!G13,'104'!G13,'105'!G13,'106'!G13,'107'!G13,'108'!G13,'109'!G13,'110'!G13,'111A'!G13,'111'!G13,'112'!G13,'113'!G13,'133'!G13,'134'!G13,'135'!G13,'137'!G13,'141'!G13,'144'!G13,'141'!G13,'144'!G13,'141'!G13,'144'!G13,) -> 0.10344828 | H13: =AVERAGE('120'!H13,'99'!H13,'100A'!H13,'100'!H13,'101'!H13,'102'!H13,'103'!H13,'104'!H13,'105'!H13,'106'!H13,'107'!H13,'108'!H13,'109'!H13,'110'!H13,'111A'!H13,'111'!H13,'112'!H13,'113'!H13,'133'!H13,'134'!H13,'135'!H13,'137'!H13,'141'!H13,'144'!H13,'141'!H13,'144'!H13,'141'!H13,'144'!H13,) -> 0.17405583 | I13: =AVERAGE('120'!I13,'99'!I13,'100A'!I13,'100'!I13,'101'!I13,'102'!I13,'103'!I13,'104'!I13,'105'!I13,'106'!I13,'107'!I13,'108'!I13,'109'!I13,'110'!I13,'111A'!I13,'111'!I13,'112'!I13,'113'!I13,'133'!I13,'134'!I13,'135'!I13,'137'!I13,'141'!I13,'144'!I13,'141'!I13,'144'!I13,'141'!I13,'144'!I13,) -> 1.0985222 | J13: =AVERAGE('120'!J13,'99'!J13,'100A'!J13,'100'!J13,'101'!J13,'102'!J13,'103'!J13,'104'!J13,'105'!J13,'106'!J13,'107'!J13,'108'!J13,'109'!J13,'110'!J13,'111A'!J13,'111'!J13,'112'!J13,'113'!J13,'133'!J13,'134'!J13,'135'!J13,'137'!J13,'141'!J13,'144'!J13,'141'!J13,'144'!J13,'141'!J13,'144'!J13,) -> 0.62151067 | ... P13: =AVERAGE('120'!P13,'99'!P13,'100A'!P13,'100'!P13,'101'!P13,'102'!P13,'103'!P13,'104'!P13,'105'!P13,'106'!P13,'107'!P13,'108'!P13,'109'!P13,'110'!P13,'111A'!P13,'111'!P13,'112'!P13,'113'!P13,'133'!P13,'134'!P13,'135'!P13,'137'!P13,'141'!P13,'144'!P13,'141'!P13,'144'!P13,'141'!P13,'144'!P13,) -> 42.958949 | R13: 1000-1100 | S13: =SUM(C22:C25) -> 27.784072 | T13: =SUM(D22:D25) -> 5.6461412 | U13: =SUM(E22:E25) -> 8.5295567 | V13: =SUM(F22:F25) -> 11.481117 | W13: =SUM(G22:G25) -> 0.34400657 | X13: =SUM(H22:H25) -> 1.0213465 | Y13: =SUM(I22:I25) -> 7.181445 | Z13: =SUM(J22:J25) -> 3.4425287 | ... AF13: =SUM(P22:P25) -> 219.88916
B14: 08.00 - 08.15 | C14: =AVERAGE('120'!C14,'99'!C14,'100A'!C14,'100'!C14,'101'!C14,'102'!C14,'103'!C14,'104'!C14,'105'!C14,'106'!C14,'107'!C14,'108'!C14,'109'!C14,'110'!C14,'111A'!C14,'111'!C14,'112'!C14,'113'!C14,'133'!C14,'134'!C14,'135'!C14,'137'!C14,'141'!C14,'144'!C14,'141'!C14,'144'!C14,'141'!C14,'144'!C14,) -> 5.6124795 | D14: =AVERAGE('120'!D14,'99'!D14,'100A'!D14,'100'!D14,'101'!D14,'102'!D14,'103'!D14,'104'!D14,'105'!D14,'106'!D14,'107'!D14,'108'!D14,'109'!D14,'110'!D14,'111A'!D14,'111'!D14,'112'!D14,'113'!D14,'133'!D14,'134'!D14,'135'!D14,'137'!D14,'141'!D14,'144'!D14,'141'!D14,'144'!D14,'141'!D14,'144'!D14,) -> 0.96141215 | E14: =AVERAGE('120'!E14,'99'!E14,'100A'!E14,'100'!E14,'101'!E14,'102'!E14,'103'!E14,'104'!E14,'105'!E14,'106'!E14,'107'!E14,'108'!E14,'109'!E14,'110'!E14,'111A'!E14,'111'!E14,'112'!E14,'113'!E14,'133'!E14,'134'!E14,'135'!E14,'137'!E14,'141'!E14,'144'!E14,'141'!E14,'144'!E14,'141'!E14,'144'!E14,) -> 1.544335 | F14: =AVERAGE('120'!F14,'99'!F14,'100A'!F14,'100'!F14,'101'!F14,'102'!F14,'103'!F14,'104'!F14,'105'!F14,'106'!F14,'107'!F14,'108'!F14,'109'!F14,'110'!F14,'111A'!F14,'111'!F14,'112'!F14,'113'!F14,'133'!F14,'134'!F14,'135'!F14,'137'!F14,'141'!F14,'144'!F14,'141'!F14,'144'!F14,'141'!F14,'144'!F14,) -> 2.320197 | G14: =AVERAGE('120'!G14,'99'!G14,'100A'!G14,'100'!G14,'101'!G14,'102'!G14,'103'!G14,'104'!G14,'105'!G14,'106'!G14,'107'!G14,'108'!G14,'109'!G14,'110'!G14,'111A'!G14,'111'!G14,'112'!G14,'113'!G14,'133'!G14,'134'!G14,'135'!G14,'137'!G14,'141'!G14,'144'!G14,'141'!G14,'144'!G14,'141'!G14,'144'!G14,) -> 0.10837438 | H14: =AVERAGE('120'!H14,'99'!H14,'100A'!H14,'100'!H14,'101'!H14,'102'!H14,'103'!H14,'104'!H14,'105'!H14,'106'!H14,'107'!H14,'108'!H14,'109'!H14,'110'!H14,'111A'!H14,'111'!H14,'112'!H14,'113'!H14,'133'!H14,'134'!H14,'135'!H14,'137'!H14,'141'!H14,'144'!H14,'141'!H14,'144'!H14,'141'!H14,'144'!H14,) -> 0.16912972 | I14: =AVERAGE('120'!I14,'99'!I14,'100A'!I14,'100'!I14,'101'!I14,'102'!I14,'103'!I14,'104'!I14,'105'!I14,'106'!I14,'107'!I14,'108'!I14,'109'!I14,'110'!I14,'111A'!I14,'111'!I14,'112'!I14,'113'!I14,'133'!I14,'134'!I14,'135'!I14,'137'!I14,'141'!I14,'144'!I14,'141'!I14,'144'!I14,'141'!I14,'144'!I14,) -> 1.1707718 | J14: =AVERAGE('120'!J14,'99'!J14,'100A'!J14,'100'!J14,'101'!J14,'102'!J14,'103'!J14,'104'!J14,'105'!J14,'106'!J14,'107'!J14,'108'!J14,'109'!J14,'110'!J14,'111A'!J14,'111'!J14,'112'!J14,'113'!J14,'133'!J14,'134'!J14,'135'!J14,'137'!J14,'141'!J14,'144'!J14,'141'!J14,'144'!J14,'141'!J14,'144'!J14,) -> 0.75287356 | ... P14: =AVERAGE('120'!P14,'99'!P14,'100A'!P14,'100'!P14,'101'!P14,'102'!P14,'103'!P14,'104'!P14,'105'!P14,'106'!P14,'107'!P14,'108'!P14,'109'!P14,'110'!P14,'111A'!P14,'111'!P14,'112'!P14,'113'!P14,'133'!P14,'134'!P14,'135'!P14,'137'!P14,'141'!P14,'144'!P14,'141'!P14,'144'!P14,'141'!P14,'144'!P14,) -> 44.330049 | R14: 1100-1200 | S14: =SUM(C26:C29) -> 28.687192 | T14: =SUM(D26:D29) -> 6.0258621 | U14: =SUM(E26:E29) -> 8.5357143 | V14: =SUM(F26:F29) -> 11.13711 | W14: =SUM(G26:G29) -> 0.29146141 | X14: =SUM(H26:H29) -> 0.88013136 | Y14: =SUM(I26:I29) -> 6.5188834 | Z14: =SUM(J26:J29) -> 3.7561576 | ... AF14: =SUM(P26:P29) -> 223.71182
B15: 08.15 - 08.30 | C15: =AVERAGE('120'!C15,'99'!C15,'100A'!C15,'100'!C15,'101'!C15,'102'!C15,'103'!C15,'104'!C15,'105'!C15,'106'!C15,'107'!C15,'108'!C15,'109'!C15,'110'!C15,'111A'!C15,'111'!C15,'112'!C15,'113'!C15,'133'!C15,'134'!C15,'135'!C15,'137'!C15,'141'!C15,'144'!C15,'141'!C15,'144'!C15,'141'!C15,'144'!C15,) -> 5.6034483 | D15: =AVERAGE('120'!D15,'99'!D15,'100A'!D15,'100'!D15,'101'!D15,'102'!D15,'103'!D15,'104'!D15,'105'!D15,'106'!D15,'107'!D15,'108'!D15,'109'!D15,'110'!D15,'111A'!D15,'111'!D15,'112'!D15,'113'!D15,'133'!D15,'134'!D15,'135'!D15,'137'!D15,'141'!D15,'144'!D15,'141'!D15,'144'!D15,'141'!D15,'144'!D15,) -> 1.1336617 | E15: =AVERAGE('120'!E15,'99'!E15,'100A'!E15,'100'!E15,'101'!E15,'102'!E15,'103'!E15,'104'!E15,'105'!E15,'106'!E15,'107'!E15,'108'!E15,'109'!E15,'110'!E15,'111A'!E15,'111'!E15,'112'!E15,'113'!E15,'133'!E15,'134'!E15,'135'!E15,'137'!E15,'141'!E15,'144'!E15,'141'!E15,'144'!E15,'141'!E15,'144'!E15,) -> 1.8466338 | F15: =AVERAGE('120'!F15,'99'!F15,'100A'!F15,'100'!F15,'101'!F15,'102'!F15,'103'!F15,'104'!F15,'105'!F15,'106'!F15,'107'!F15,'108'!F15,'109'!F15,'110'!F15,'111A'!F15,'111'!F15,'112'!F15,'113'!F15,'133'!F15,'134'!F15,'135'!F15,'137'!F15,'141'!F15,'144'!F15,'141'!F15,'144'!F15,'141'!F15,'144'!F15,) -> 2.3218391 | G15: =AVERAGE('120'!G15,'99'!G15,'100A'!G15,'100'!G15,'101'!G15,'102'!G15,'103'!G15,'104'!G15,'105'!G15,'106'!G15,'107'!G15,'108'!G15,'109'!G15,'110'!G15,'111A'!G15,'111'!G15,'112'!G15,'113'!G15,'133'!G15,'134'!G15,'135'!G15,'137'!G15,'141'!G15,'144'!G15,'141'!G15,'144'!G15,'141'!G15,'144'!G15,) -> 0.068965517 | H15: =AVERAGE('120'!H15,'99'!H15,'100A'!H15,'100'!H15,'101'!H15,'102'!H15,'103'!H15,'104'!H15,'105'!H15,'106'!H15,'107'!H15,'108'!H15,'109'!H15,'110'!H15,'111A'!H15,'111'!H15,'112'!H15,'113'!H15,'133'!H15,'134'!H15,'135'!H15,'137'!H15,'141'!H15,'144'!H15,'141'!H15,'144'!H15,'141'!H15,'144'!H15,) -> 0.13136289 | I15: =AVERAGE('120'!I15,'99'!I15,'100A'!I15,'100'!I15,'101'!I15,'102'!I15,'103'!I15,'104'!I15,'105'!I15,'106'!I15,'107'!I15,'108'!I15,'109'!I15,'110'!I15,'111A'!I15,'111'!I15,'112'!I15,'113'!I15,'133'!I15,'134'!I15,'135'!I15,'137'!I15,'141'!I15,'144'!I15,'141'!I15,'144'!I15,'141'!I15,'144'!I15,) -> 1.3530378 | J15: =AVERAGE('120'!J15,'99'!J15,'100A'!J15,'100'!J15,'101'!J15,'102'!J15,'103'!J15,'104'!J15,'105'!J15,'106'!J15,'107'!J15,'108'!J15,'109'!J15,'110'!J15,'111A'!J15,'111'!J15,'112'!J15,'113'!J15,'133'!J15,'134'!J15,'135'!J15,'137'!J15,'141'!J15,'144'!J15,'141'!J15,'144'!J15,'141'!J15,'144'!J15,) -> 0.64696223 | ... P15: =AVERAGE('120'!P15,'99'!P15,'100A'!P15,'100'!P15,'101'!P15,'102'!P15,'103'!P15,'104'!P15,'105'!P15,'106'!P15,'107'!P15,'108'!P15,'109'!P15,'110'!P15,'111A'!P15,'111'!P15,'112'!P15,'113'!P15,'133'!P15,'134'!P15,'135'!P15,'137'!P15,'141'!P15,'144'!P15,'141'!P15,'144'!P15,'141'!P15,'144'!P15,) -> 47.393268 | R15: 1200-1300 | S15: =SUM(C30:C33) -> 27.503284 | T15: =SUM(D30:D33) -> 6.0001642 | U15: =SUM(E30:E33) -> 8.3692939 | V15: =SUM(F30:F33) -> 11.866995 | W15: =SUM(G30:G33) -> 0.39573071 | X15: =SUM(H30:H33) -> 1.1050903 | Y15: =SUM(I30:I33) -> 6.9975369 | Z15: =SUM(J30:J33) -> 3.7438424 | ... AF15: =SUM(P30:P33) -> 215.08621
B16: 08.30 - 08.45 | C16: =AVERAGE('120'!C16,'99'!C16,'100A'!C16,'100'!C16,'101'!C16,'102'!C16,'103'!C16,'104'!C16,'105'!C16,'106'!C16,'107'!C16,'108'!C16,'109'!C16,'110'!C16,'111A'!C16,'111'!C16,'112'!C16,'113'!C16,'133'!C16,'134'!C16,'135'!C16,'137'!C16,'141'!C16,'144'!C16,'141'!C16,'144'!C16,'141'!C16,'144'!C16,) -> 6.4893268 | D16: =AVERAGE('120'!D16,'99'!D16,'100A'!D16,'100'!D16,'101'!D16,'102'!D16,'103'!D16,'104'!D16,'105'!D16,'106'!D16,'107'!D16,'108'!D16,'109'!D16,'110'!D16,'111A'!D16,'111'!D16,'112'!D16,'113'!D16,'133'!D16,'134'!D16,'135'!D16,'137'!D16,'141'!D16,'144'!D16,'141'!D16,'144'!D16,'141'!D16,'144'!D16,) -> 1.2634647 | E16: =AVERAGE('120'!E16,'99'!E16,'100A'!E16,'100'!E16,'101'!E16,'102'!E16,'103'!E16,'104'!E16,'105'!E16,'106'!E16,'107'!E16,'108'!E16,'109'!E16,'110'!E16,'111A'!E16,'111'!E16,'112'!E16,'113'!E16,'133'!E16,'134'!E16,'135'!E16,'137'!E16,'141'!E16,'144'!E16,'141'!E16,'144'!E16,'141'!E16,'144'!E16,) -> 1.6872742 | F16: =AVERAGE('120'!F16,'99'!F16,'100A'!F16,'100'!F16,'101'!F16,'102'!F16,'103'!F16,'104'!F16,'105'!F16,'106'!F16,'107'!F16,'108'!F16,'109'!F16,'110'!F16,'111A'!F16,'111'!F16,'112'!F16,'113'!F16,'133'!F16,'134'!F16,'135'!F16,'137'!F16,'141'!F16,'144'!F16,'141'!F16,'144'!F16,'141'!F16,'144'!F16,) -> 2.7660099 | G16: =AVERAGE('120'!G16,'99'!G16,'100A'!G16,'100'!G16,'101'!G16,'102'!G16,'103'!G16,'104'!G16,'105'!G16,'106'!G16,'107'!G16,'108'!G16,'109'!G16,'110'!G16,'111A'!G16,'111'!G16,'112'!G16,'113'!G16,'133'!G16,'134'!G16,'135'!G16,'137'!G16,'141'!G16,'144'!G16,'141'!G16,'144'!G16,'141'!G16,'144'!G16,) -> 0.11986864 | H16: =AVERAGE('120'!H16,'99'!H16,'100A'!H16,'100'!H16,'101'!H16,'102'!H16,'103'!H16,'104'!H16,'105'!H16,'106'!H16,'107'!H16,'108'!H16,'109'!H16,'110'!H16,'111A'!H16,'111'!H16,'112'!H16,'113'!H16,'133'!H16,'134'!H16,'135'!H16,'137'!H16,'141'!H16,'144'!H16,'141'!H16,'144'!H16,'141'!H16,'144'!H16,) -> 0.21592775 | I16: =AVERAGE('120'!I16,'99'!I16,'100A'!I16,'100'!I16,'101'!I16,'102'!I16,'103'!I16,'104'!I16,'105'!I16,'106'!I16,'107'!I16,'108'!I16,'109'!I16,'110'!I16,'111A'!I16,'111'!I16,'112'!I16,'113'!I16,'133'!I16,'134'!I16,'135'!I16,'137'!I16,'141'!I16,'144'!I16,'141'!I16,'144'!I16,'141'!I16,'144'!I16,) -> 1.41133 | J16: =AVERAGE('120'!J16,'99'!J16,'100A'!J16,'100'!J16,'101'!J16,'102'!J16,'103'!J16,'104'!J16,'105'!J16,'106'!J16,'107'!J16,'108'!J16,'109'!J16,'110'!J16,'111A'!J16,'111'!J16,'112'!J16,'113'!J16,'133'!J16,'134'!J16,'135'!J16,'137'!J16,'141'!J16,'144'!J16,'141'!J16,'144'!J16,'141'!J16,'144'!J16,) -> 1.1970443 | ... P16: =AVERAGE('120'!P16,'99'!P16,'100A'!P16,'100'!P16,'101'!P16,'102'!P16,'103'!P16,'104'!P16,'105'!P16,'106'!P16,'107'!P16,'108'!P16,'109'!P16,'110'!P16,'111A'!P16,'111'!P16,'112'!P16,'113'!P16,'133'!P16,'134'!P16,'135'!P16,'137'!P16,'141'!P16,'144'!P16,'141'!P16,'144'!P16,'141'!P16,'144'!P16,) -> 48.7422 | R16: 1300-1400 | S16: =SUM(C34:C37) -> 29.228243 | T16: =SUM(D34:D37) -> 6.003202 | U16: =SUM(E34:E37) -> 9.0066502 | V16: =SUM(F34:F37) -> 11.591133 | W16: =SUM(G34:G37) -> 0.46305419 | X16: =SUM(H34:H37) -> 1.0213465 | Y16: =SUM(I34:I37) -> 7.3571429 | Z16: =SUM(J34:J37) -> 3.7668309 | ... AF16: =SUM(P34:P37) -> 220.56897
B17: 08.45 - 9.00 | C17: =AVERAGE('120'!C17,'99'!C17,'100A'!C17,'100'!C17,'101'!C17,'102'!C17,'103'!C17,'104'!C17,'105'!C17,'106'!C17,'107'!C17,'108'!C17,'109'!C17,'110'!C17,'111A'!C17,'111'!C17,'112'!C17,'113'!C17,'133'!C17,'134'!C17,'135'!C17,'137'!C17,'141'!C17,'144'!C17,'141'!C17,'144'!C17,'141'!C17,'144'!C17,) -> 5.5730706 | D17: =AVERAGE('120'!D17,'99'!D17,'100A'!D17,'100'!D17,'101'!D17,'102'!D17,'103'!D17,'104'!D17,'105'!D17,'106'!D17,'107'!D17,'108'!D17,'109'!D17,'110'!D17,'111A'!D17,'111'!D17,'112'!D17,'113'!D17,'133'!D17,'134'!D17,'135'!D17,'137'!D17,'141'!D17,'144'!D17,'141'!D17,'144'!D17,'141'!D17,'144'!D17,) -> 1.1436782 | E17: =AVERAGE('120'!E17,'99'!E17,'100A'!E17,'100'!E17,'101'!E17,'102'!E17,'103'!E17,'104'!E17,'105'!E17,'106'!E17,'107'!E17,'108'!E17,'109'!E17,'110'!E17,'111A'!E17,'111'!E17,'112'!E17,'113'!E17,'133'!E17,'134'!E17,'135'!E17,'137'!E17,'141'!E17,'144'!E17,'141'!E17,'144'!E17,'141'!E17,'144'!E17,) -> 1.9679803 | F17: =AVERAGE('120'!F17,'99'!F17,'100A'!F17,'100'!F17,'101'!F17,'102'!F17,'103'!F17,'104'!F17,'105'!F17,'106'!F17,'107'!F17,'108'!F17,'109'!F17,'110'!F17,'111A'!F17,'111'!F17,'112'!F17,'113'!F17,'133'!F17,'134'!F17,'135'!F17,'137'!F17,'141'!F17,'144'!F17,'141'!F17,'144'!F17,'141'!F17,'144'!F17,) -> 2.3817734 | G17: =AVERAGE('120'!G17,'99'!G17,'100A'!G17,'100'!G17,'101'!G17,'102'!G17,'103'!G17,'104'!G17,'105'!G17,'106'!G17,'107'!G17,'108'!G17,'109'!G17,'110'!G17,'111A'!G17,'111'!G17,'112'!G17,'113'!G17,'133'!G17,'134'!G17,'135'!G17,'137'!G17,'141'!G17,'144'!G17,'141'!G17,'144'!G17,'141'!G17,'144'!G17,) -> 0.088669951 | H17: =AVERAGE('120'!H17,'99'!H17,'100A'!H17,'100'!H17,'101'!H17,'102'!H17,'103'!H17,'104'!H17,'105'!H17,'106'!H17,'107'!H17,'108'!H17,'109'!H17,'110'!H17,'111A'!H17,'111'!H17,'112'!H17,'113'!H17,'133'!H17,'134'!H17,'135'!H17,'137'!H17,'141'!H17,'144'!H17,'141'!H17,'144'!H17,'141'!H17,'144'!H17,) -> 0.16584565 | I17: =AVERAGE('120'!I17,'99'!I17,'100A'!I17,'100'!I17,'101'!I17,'102'!I17,'103'!I17,'104'!I17,'105'!I17,'106'!I17,'107'!I17,'108'!I17,'109'!I17,'110'!I17,'111A'!I17,'111'!I17,'112'!I17,'113'!I17,'133'!I17,'134'!I17,'135'!I17,'137'!I17,'141'!I17,'144'!I17,'141'!I17,'144'!I17,'141'!I17,'144'!I17,) -> 1.3891626 | J17: =AVERAGE('120'!J17,'99'!J17,'100A'!J17,'100'!J17,'101'!J17,'102'!J17,'103'!J17,'104'!J17,'105'!J17,'106'!J17,'107'!J17,'108'!J17,'109'!J17,'110'!J17,'111A'!J17,'111'!J17,'112'!J17,'113'!J17,'133'!J17,'134'!J17,'135'!J17,'137'!J17,'141'!J17,'144'!J17,'141'!J17,'144'!J17,'141'!J17,'144'!J17,) -> 0.61740558 | ... P17: =AVERAGE('120'!P17,'99'!P17,'100A'!P17,'100'!P17,'101'!P17,'102'!P17,'103'!P17,'104'!P17,'105'!P17,'106'!P17,'107'!P17,'108'!P17,'109'!P17,'110'!P17,'111A'!P17,'111'!P17,'112'!P17,'113'!P17,'133'!P17,'134'!P17,'135'!P17,'137'!P17,'141'!P17,'144'!P17,'141'!P17,'144'!P17,'141'!P17,'144'!P17,) -> 47.472085 | R17: 1400-1500 | S17: =SUM(C38:C41) -> 28.176519 | T17: =SUM(D38:D41) -> 5.8392447 | U17: =SUM(E38:E41) -> 9.0573071 | V17: =SUM(F38:F41) -> 10.738916 | W17: =SUM(G38:G41) -> 0.28981938 | X17: =SUM(H38:H41) -> 1.2175698 | Y17: =SUM(I38:I41) -> 8.0517241 | Z17: =SUM(J38:J41) -> 3.7635468 | ... AF17: =SUM(P38:P41) -> 213.70936
B18: 09.00 - 09.15 | C18: =AVERAGE('120'!C18,'99'!C18,'100A'!C18,'100'!C18,'101'!C18,'102'!C18,'103'!C18,'104'!C18,'105'!C18,'106'!C18,'107'!C18,'108'!C18,'109'!C18,'110'!C18,'111A'!C18,'111'!C18,'112'!C18,'113'!C18,'133'!C18,'134'!C18,'135'!C18,'137'!C18,'141'!C18,'144'!C18,'141'!C18,'144'!C18,'141'!C18,'144'!C18,) -> 6.5977011 | D18: =AVERAGE('120'!D18,'99'!D18,'100A'!D18,'100'!D18,'101'!D18,'102'!D18,'103'!D18,'104'!D18,'105'!D18,'106'!D18,'107'!D18,'108'!D18,'109'!D18,'110'!D18,'111A'!D18,'111'!D18,'112'!D18,'113'!D18,'133'!D18,'134'!D18,'135'!D18,'137'!D18,'141'!D18,'144'!D18,'141'!D18,'144'!D18,'141'!D18,'144'!D18,) -> 1.2732348 | E18: =AVERAGE('120'!E18,'99'!E18,'100A'!E18,'100'!E18,'101'!E18,'102'!E18,'103'!E18,'104'!E18,'105'!E18,'106'!E18,'107'!E18,'108'!E18,'109'!E18,'110'!E18,'111A'!E18,'111'!E18,'112'!E18,'113'!E18,'133'!E18,'134'!E18,'135'!E18,'137'!E18,'141'!E18,'144'!E18,'141'!E18,'144'!E18,'141'!E18,'144'!E18,) -> 1.8581281 | F18: =AVERAGE('120'!F18,'99'!F18,'100A'!F18,'100'!F18,'101'!F18,'102'!F18,'103'!F18,'104'!F18,'105'!F18,'106'!F18,'107'!F18,'108'!F18,'109'!F18,'110'!F18,'111A'!F18,'111'!F18,'112'!F18,'113'!F18,'133'!F18,'134'!F18,'135'!F18,'137'!F18,'141'!F18,'144'!F18,'141'!F18,'144'!F18,'141'!F18,'144'!F18,) -> 3.0082102 | G18: =AVERAGE('120'!G18,'99'!G18,'100A'!G18,'100'!G18,'101'!G18,'102'!G18,'103'!G18,'104'!G18,'105'!G18,'106'!G18,'107'!G18,'108'!G18,'109'!G18,'110'!G18,'111A'!G18,'111'!G18,'112'!G18,'113'!G18,'133'!G18,'134'!G18,'135'!G18,'137'!G18,'141'!G18,'144'!G18,'141'!G18,'144'!G18,'141'!G18,'144'!G18,) -> 0.10837438 | H18: =AVERAGE('120'!H18,'99'!H18,'100A'!H18,'100'!H18,'101'!H18,'102'!H18,'103'!H18,'104'!H18,'105'!H18,'106'!H18,'107'!H18,'108'!H18,'109'!H18,'110'!H18,'111A'!H18,'111'!H18,'112'!H18,'113'!H18,'133'!H18,'134'!H18,'135'!H18,'137'!H18,'141'!H18,'144'!H18,'141'!H18,'144'!H18,'141'!H18,'144'!H18,) -> 0.45320197 | I18: =AVERAGE('120'!I18,'99'!I18,'100A'!I18,'100'!I18,'101'!I18,'102'!I18,'103'!I18,'104'!I18,'105'!I18,'106'!I18,'107'!I18,'108'!I18,'109'!I18,'110'!I18,'111A'!I18,'111'!I18,'112'!I18,'113'!I18,'133'!I18,'134'!I18,'135'!I18,'137'!I18,'141'!I18,'144'!I18,'141'!I18,'144'!I18,'141'!I18,'144'!I18,) -> 1.7175698 | J18: =AVERAGE('120'!J18,'99'!J18,'100A'!J18,'100'!J18,'101'!J18,'102'!J18,'103'!J18,'104'!J18,'105'!J18,'106'!J18,'107'!J18,'108'!J18,'109'!J18,'110'!J18,'111A'!J18,'111'!J18,'112'!J18,'113'!J18,'133'!J18,'134'!J18,'135'!J18,'137'!J18,'141'!J18,'144'!J18,'141'!J18,'144'!J18,'141'!J18,'144'!J18,) -> 1.1617406 | ... P18: =AVERAGE('120'!P18,'99'!P18,'100A'!P18,'100'!P18,'101'!P18,'102'!P18,'103'!P18,'104'!P18,'105'!P18,'106'!P18,'107'!P18,'108'!P18,'109'!P18,'110'!P18,'111A'!P18,'111'!P18,'112'!P18,'113'!P18,'133'!P18,'134'!P18,'135'!P18,'137'!P18,'141'!P18,'144'!P18,'141'!P18,'144'!P18,'141'!P18,'144'!P18,) -> 51.418719 | R18: 1500-1600 | S18: =SUM(C42:C45) -> 27.899015 | T18: =SUM(D42:D45) -> 6.1857964 | U18: =SUM(E42:E45) -> 8.9036946 | V18: =SUM(F42:F45) -> 11.688834 | W18: =SUM(G42:G45) -> 0.36453202 | X18: =SUM(H42:H45) -> 1.454023 | Y18: =SUM(I42:I45) -> 7.2504105 | Z18: =SUM(J42:J45) -> 3.7512315 | ... AF18: =SUM(P42:P45) -> 216.54269
B19: 09.15 - 09.30 | C19: =AVERAGE('120'!C19,'99'!C19,'100A'!C19,'100'!C19,'101'!C19,'102'!C19,'103'!C19,'104'!C19,'105'!C19,'106'!C19,'107'!C19,'108'!C19,'109'!C19,'110'!C19,'111A'!C19,'111'!C19,'112'!C19,'113'!C19,'133'!C19,'134'!C19,'135'!C19,'137'!C19,'141'!C19,'144'!C19,'141'!C19,'144'!C19,'141'!C19,'144'!C19,) -> 5.7167488 | D19: =AVERAGE('120'!D19,'99'!D19,'100A'!D19,'100'!D19,'101'!D19,'102'!D19,'103'!D19,'104'!D19,'105'!D19,'106'!D19,'107'!D19,'108'!D19,'109'!D19,'110'!D19,'111A'!D19,'111'!D19,'112'!D19,'113'!D19,'133'!D19,'134'!D19,'135'!D19,'137'!D19,'141'!D19,'144'!D19,'141'!D19,'144'!D19,'141'!D19,'144'!D19,) -> 1.2871921 | E19: =AVERAGE('120'!E19,'99'!E19,'100A'!E19,'100'!E19,'101'!E19,'102'!E19,'103'!E19,'104'!E19,'105'!E19,'106'!E19,'107'!E19,'108'!E19,'109'!E19,'110'!E19,'111A'!E19,'111'!E19,'112'!E19,'113'!E19,'133'!E19,'134'!E19,'135'!E19,'137'!E19,'141'!E19,'144'!E19,'141'!E19,'144'!E19,'141'!E19,'144'!E19,) -> 2.1807882 | F19: =AVERAGE('120'!F19,'99'!F19,'100A'!F19,'100'!F19,'101'!F19,'102'!F19,'103'!F19,'104'!F19,'105'!F19,'106'!F19,'107'!F19,'108'!F19,'109'!F19,'110'!F19,'111A'!F19,'111'!F19,'112'!F19,'113'!F19,'133'!F19,'134'!F19,'135'!F19,'137'!F19,'141'!F19,'144'!F19,'141'!F19,'144'!F19,'141'!F19,'144'!F19,) -> 2.4121511 | G19: =AVERAGE('120'!G19,'99'!G19,'100A'!G19,'100'!G19,'101'!G19,'102'!G19,'103'!G19,'104'!G19,'105'!G19,'106'!G19,'107'!G19,'108'!G19,'109'!G19,'110'!G19,'111A'!G19,'111'!G19,'112'!G19,'113'!G19,'133'!G19,'134'!G19,'135'!G19,'137'!G19,'141'!G19,'144'!G19,'141'!G19,'144'!G19,'141'!G19,'144'!G19,) -> 0.061576355 | H19: =AVERAGE('120'!H19,'99'!H19,'100A'!H19,'100'!H19,'101'!H19,'102'!H19,'103'!H19,'104'!H19,'105'!H19,'106'!H19,'107'!H19,'108'!H19,'109'!H19,'110'!H19,'111A'!H19,'111'!H19,'112'!H19,'113'!H19,'133'!H19,'134'!H19,'135'!H19,'137'!H19,'141'!H19,'144'!H19,'141'!H19,'144'!H19,'141'!H19,'144'!H19,) -> 0.12807882 | I19: =AVERAGE('120'!I19,'99'!I19,'100A'!I19,'100'!I19,'101'!I19,'102'!I19,'103'!I19,'104'!I19,'105'!I19,'106'!I19,'107'!I19,'108'!I19,'109'!I19,'110'!I19,'111A'!I19,'111'!I19,'112'!I19,'113'!I19,'133'!I19,'134'!I19,'135'!I19,'137'!I19,'141'!I19,'144'!I19,'141'!I19,'144'!I19,'141'!I19,'144'!I19,) -> 1.5738916 | J19: =AVERAGE('120'!J19,'99'!J19,'100A'!J19,'100'!J19,'101'!J19,'102'!J19,'103'!J19,'104'!J19,'105'!J19,'106'!J19,'107'!J19,'108'!J19,'109'!J19,'110'!J19,'111A'!J19,'111'!J19,'112'!J19,'113'!J19,'133'!J19,'134'!J19,'135'!J19,'137'!J19,'141'!J19,'144'!J19,'141'!J19,'144'!J19,'141'!J19,'144'!J19,) -> 0.65517241 | ... P19: =AVERAGE('120'!P19,'99'!P19,'100A'!P19,'100'!P19,'101'!P19,'102'!P19,'103'!P19,'104'!P19,'105'!P19,'106'!P19,'107'!P19,'108'!P19,'109'!P19,'110'!P19,'111A'!P19,'111'!P19,'112'!P19,'113'!P19,'133'!P19,'134'!P19,'135'!P19,'137'!P19,'141'!P19,'144'!P19,'141'!P19,'144'!P19,'141'!P19,'144'!P19,) -> 50.162562 | R19: 1600-1700 | S19: =SUM(C46:C49) -> 30.143678 | T19: =SUM(D46:D49) -> 6.3779146 | U19: =SUM(E46:E49) -> 9.0621511 | V19: =SUM(F46:F49) -> 11.470443 | W19: =SUM(G46:G49) -> 0.38423645 | X19: =SUM(H46:H49) -> 1.3029557 | Y19: =SUM(I46:I49) -> 7.7389163 | Z19: =SUM(J46:J49) -> 4.4400657 | ... AF19: =SUM(P46:P49) -> 230.58046
B20: 09.30 - 09.45 | C20: =AVERAGE('120'!C20,'99'!C20,'100A'!C20,'100'!C20,'101'!C20,'102'!C20,'103'!C20,'104'!C20,'105'!C20,'106'!C20,'107'!C20,'108'!C20,'109'!C20,'110'!C20,'111A'!C20,'111'!C20,'112'!C20,'113'!C20,'133'!C20,'134'!C20,'135'!C20,'137'!C20,'141'!C20,'144'!C20,'141'!C20,'144'!C20,'141'!C20,'144'!C20,) -> 6.9490969 | D20: =AVERAGE('120'!D20,'99'!D20,'100A'!D20,'100'!D20,'101'!D20,'102'!D20,'103'!D20,'104'!D20,'105'!D20,'106'!D20,'107'!D20,'108'!D20,'109'!D20,'110'!D20,'111A'!D20,'111'!D20,'112'!D20,'113'!D20,'133'!D20,'134'!D20,'135'!D20,'137'!D20,'141'!D20,'144'!D20,'141'!D20,'144'!D20,'141'!D20,'144'!D20,) -> 1.4018062 | E20: =AVERAGE('120'!E20,'99'!E20,'100A'!E20,'100'!E20,'101'!E20,'102'!E20,'103'!E20,'104'!E20,'105'!E20,'106'!E20,'107'!E20,'108'!E20,'109'!E20,'110'!E20,'111A'!E20,'111'!E20,'112'!E20,'113'!E20,'133'!E20,'134'!E20,'135'!E20,'137'!E20,'141'!E20,'144'!E20,'141'!E20,'144'!E20,'141'!E20,'144'!E20,) -> 2.3034483 | F20: =AVERAGE('120'!F20,'99'!F20,'100A'!F20,'100'!F20,'101'!F20,'102'!F20,'103'!F20,'104'!F20,'105'!F20,'106'!F20,'107'!F20,'108'!F20,'109'!F20,'110'!F20,'111A'!F20,'111'!F20,'112'!F20,'113'!F20,'133'!F20,'134'!F20,'135'!F20,'137'!F20,'141'!F20,'144'!F20,'141'!F20,'144'!F20,'141'!F20,'144'!F20,) -> 2.8932677 | G20: =AVERAGE('120'!G20,'99'!G20,'100A'!G20,'100'!G20,'101'!G20,'102'!G20,'103'!G20,'104'!G20,'105'!G20,'106'!G20,'107'!G20,'108'!G20,'109'!G20,'110'!G20,'111A'!G20,'111'!G20,'112'!G20,'113'!G20,'133'!G20,'134'!G20,'135'!G20,'137'!G20,'141'!G20,'144'!G20,'141'!G20,'144'!G20,'141'!G20,'144'!G20,) -> 0.17487685 | H20: =AVERAGE('120'!H20,'99'!H20,'100A'!H20,'100'!H20,'101'!H20,'102'!H20,'103'!H20,'104'!H20,'105'!H20,'106'!H20,'107'!H20,'108'!H20,'109'!H20,'110'!H20,'111A'!H20,'111'!H20,'112'!H20,'113'!H20,'133'!H20,'134'!H20,'135'!H20,'137'!H20,'141'!H20,'144'!H20,'141'!H20,'144'!H20,'141'!H20,'144'!H20,) -> 0.40558292 | I20: =AVERAGE('120'!I20,'99'!I20,'100A'!I20,'100'!I20,'101'!I20,'102'!I20,'103'!I20,'104'!I20,'105'!I20,'106'!I20,'107'!I20,'108'!I20,'109'!I20,'110'!I20,'111A'!I20,'111'!I20,'112'!I20,'113'!I20,'133'!I20,'134'!I20,'135'!I20,'137'!I20,'141'!I20,'144'!I20,'141'!I20,'144'!I20,'141'!I20,'144'!I20,) -> 1.5615764 | J20: =AVERAGE('120'!J20,'99'!J20,'100A'!J20,'100'!J20,'101'!J20,'102'!J20,'103'!J20,'104'!J20,'105'!J20,'106'!J20,'107'!J20,'108'!J20,'109'!J20,'110'!J20,'111A'!J20,'111'!J20,'112'!J20,'113'!J20,'133'!J20,'134'!J20,'135'!J20,'137'!J20,'141'!J20,'144'!J20,'141'!J20,'144'!J20,'141'!J20,'144'!J20,) -> 1.0985222 | ... P20: =AVERAGE('120'!P20,'99'!P20,'100A'!P20,'100'!P20,'101'!P20,'102'!P20,'103'!P20,'104'!P20,'105'!P20,'106'!P20,'107'!P20,'108'!P20,'109'!P20,'110'!P20,'111A'!P20,'111'!P20,'112'!P20,'113'!P20,'133'!P20,'134'!P20,'135'!P20,'137'!P20,'141'!P20,'144'!P20,'141'!P20,'144'!P20,'141'!P20,'144'!P20,) -> 53.347291 | R20: 1700-1800 | S20: =SUM(C50:C53) -> 32.665846 | T20: =SUM(D50:D53) -> 6.8198686 | U20: =SUM(E50:E53) -> 10.173563 | V20: =SUM(F50:F53) -> 11.920361 | W20: =SUM(G50:G53) -> 0.41050903 | X20: =SUM(H50:H53) -> 1.1280788 | Y20: =SUM(I50:I53) -> 8.2857143 | Z20: =SUM(J50:J53) -> 4.0509031 | ... AF20: =SUM(P50:P53) -> 244.73974
B21: 09.45 - 10.00 | C21: =AVERAGE('120'!C21,'99'!C21,'100A'!C21,'100'!C21,'101'!C21,'102'!C21,'103'!C21,'104'!C21,'105'!C21,'106'!C21,'107'!C21,'108'!C21,'109'!C21,'110'!C21,'111A'!C21,'111'!C21,'112'!C21,'113'!C21,'133'!C21,'134'!C21,'135'!C21,'137'!C21,'141'!C21,'144'!C21,'141'!C21,'144'!C21,'141'!C21,'144'!C21,) -> 6.4343186 | D21: =AVERAGE('120'!D21,'99'!D21,'100A'!D21,'100'!D21,'101'!D21,'102'!D21,'103'!D21,'104'!D21,'105'!D21,'106'!D21,'107'!D21,'108'!D21,'109'!D21,'110'!D21,'111A'!D21,'111'!D21,'112'!D21,'113'!D21,'133'!D21,'134'!D21,'135'!D21,'137'!D21,'141'!D21,'144'!D21,'141'!D21,'144'!D21,'141'!D21,'144'!D21,) -> 1.5151888 | E21: =AVERAGE('120'!E21,'99'!E21,'100A'!E21,'100'!E21,'101'!E21,'102'!E21,'103'!E21,'104'!E21,'105'!E21,'106'!E21,'107'!E21,'108'!E21,'109'!E21,'110'!E21,'111A'!E21,'111'!E21,'112'!E21,'113'!E21,'133'!E21,'134'!E21,'135'!E21,'137'!E21,'141'!E21,'144'!E21,'141'!E21,'144'!E21,'141'!E21,'144'!E21,) -> 2.1219212 | F21: =AVERAGE('120'!F21,'99'!F21,'100A'!F21,'100'!F21,'101'!F21,'102'!F21,'103'!F21,'104'!F21,'105'!F21,'106'!F21,'107'!F21,'108'!F21,'109'!F21,'110'!F21,'111A'!F21,'111'!F21,'112'!F21,'113'!F21,'133'!F21,'134'!F21,'135'!F21,'137'!F21,'141'!F21,'144'!F21,'141'!F21,'144'!F21,'141'!F21,'144'!F21,) -> 2.6978654 | G21: =AVERAGE('120'!G21,'99'!G21,'100A'!G21,'100'!G21,'101'!G21,'102'!G21,'103'!G21,'104'!G21,'105'!G21,'106'!G21,'107'!G21,'108'!G21,'109'!G21,'110'!G21,'111A'!G21,'111'!G21,'112'!G21,'113'!G21,'133'!G21,'134'!G21,'135'!G21,'137'!G21,'141'!G21,'144'!G21,'141'!G21,'144'!G21,'141'!G21,'144'!G21,) -> 0.15188834 | H21: =AVERAGE('120'!H21,'99'!H21,'100A'!H21,'100'!H21,'101'!H21,'102'!H21,'103'!H21,'104'!H21,'105'!H21,'106'!H21,'107'!H21,'108'!H21,'109'!H21,'110'!H21,'111A'!H21,'111'!H21,'112'!H21,'113'!H21,'133'!H21,'134'!H21,'135'!H21,'137'!H21,'141'!H21,'144'!H21,'141'!H21,'144'!H21,'141'!H21,'144'!H21,) -> 0.26600985 | I21: =AVERAGE('120'!I21,'99'!I21,'100A'!I21,'100'!I21,'101'!I21,'102'!I21,'103'!I21,'104'!I21,'105'!I21,'106'!I21,'107'!I21,'108'!I21,'109'!I21,'110'!I21,'111A'!I21,'111'!I21,'112'!I21,'113'!I21,'133'!I21,'134'!I21,'135'!I21,'137'!I21,'141'!I21,'144'!I21,'141'!I21,'144'!I21,'141'!I21,'144'!I21,) -> 1.3431856 | J21: =AVERAGE('120'!J21,'99'!J21,'100A'!J21,'100'!J21,'101'!J21,'102'!J21,'103'!J21,'104'!J21,'105'!J21,'106'!J21,'107'!J21,'108'!J21,'109'!J21,'110'!J21,'111A'!J21,'111'!J21,'112'!J21,'113'!J21,'133'!J21,'134'!J21,'135'!J21,'137'!J21,'141'!J21,'144'!J21,'141'!J21,'144'!J21,'141'!J21,'144'!J21,) -> 0.69211823 | ... P21: =AVERAGE('120'!P21,'99'!P21,'100A'!P21,'100'!P21,'101'!P21,'102'!P21,'103'!P21,'104'!P21,'105'!P21,'106'!P21,'107'!P21,'108'!P21,'109'!P21,'110'!P21,'111A'!P21,'111'!P21,'112'!P21,'113'!P21,'133'!P21,'134'!P21,'135'!P21,'137'!P21,'141'!P21,'144'!P21,'141'!P21,'144'!P21,'141'!P21,'144'!P21,) -> 52.781609 | R21: 1800-1900 | S21: =SUM(C54:C57) -> 33.367816 | T21: =SUM(D54:D57) -> 6.2383415 | U21: =SUM(E54:E57) -> 9.240312 | V21: =SUM(F54:F57) -> 11.070608 | W21: =SUM(G54:G57) -> 0.60837438 | X21: =SUM(H54:H57) -> 0.91461412 | Y21: =SUM(I54:I57) -> 7.9146141 | Z21: =SUM(J54:J57) -> 4.4679803 | ... AF21: =SUM(P54:P57) -> 244.87603
B22: 10.00 - 10.15 | C22: =AVERAGE('120'!C22,'99'!C22,'100A'!C22,'100'!C22,'101'!C22,'102'!C22,'103'!C22,'104'!C22,'105'!C22,'106'!C22,'107'!C22,'108'!C22,'109'!C22,'110'!C22,'111A'!C22,'111'!C22,'112'!C22,'113'!C22,'133'!C22,'134'!C22,'135'!C22,'137'!C22,'141'!C22,'144'!C22,'141'!C22,'144'!C22,'141'!C22,'144'!C22,) -> 6.9794745 | D22: =AVERAGE('120'!D22,'99'!D22,'100A'!D22,'100'!D22,'101'!D22,'102'!D22,'103'!D22,'104'!D22,'105'!D22,'106'!D22,'107'!D22,'108'!D22,'109'!D22,'110'!D22,'111A'!D22,'111'!D22,'112'!D22,'113'!D22,'133'!D22,'134'!D22,'135'!D22,'137'!D22,'141'!D22,'144'!D22,'141'!D22,'144'!D22,'141'!D22,'144'!D22,) -> 1.4582102 | E22: =AVERAGE('120'!E22,'99'!E22,'100A'!E22,'100'!E22,'101'!E22,'102'!E22,'103'!E22,'104'!E22,'105'!E22,'106'!E22,'107'!E22,'108'!E22,'109'!E22,'110'!E22,'111A'!E22,'111'!E22,'112'!E22,'113'!E22,'133'!E22,'134'!E22,'135'!E22,'137'!E22,'141'!E22,'144'!E22,'141'!E22,'144'!E22,'141'!E22,'144'!E22,) -> 2.1805419 | F22: =AVERAGE('120'!F22,'99'!F22,'100A'!F22,'100'!F22,'101'!F22,'102'!F22,'103'!F22,'104'!F22,'105'!F22,'106'!F22,'107'!F22,'108'!F22,'109'!F22,'110'!F22,'111A'!F22,'111'!F22,'112'!F22,'113'!F22,'133'!F22,'134'!F22,'135'!F22,'137'!F22,'141'!F22,'144'!F22,'141'!F22,'144'!F22,'141'!F22,'144'!F22,) -> 2.8924466 | G22: =AVERAGE('120'!G22,'99'!G22,'100A'!G22,'100'!G22,'101'!G22,'102'!G22,'103'!G22,'104'!G22,'105'!G22,'106'!G22,'107'!G22,'108'!G22,'109'!G22,'110'!G22,'111A'!G22,'111'!G22,'112'!G22,'113'!G22,'133'!G22,'134'!G22,'135'!G22,'137'!G22,'141'!G22,'144'!G22,'141'!G22,'144'!G22,'141'!G22,'144'!G22,) -> 0.073891626 | H22: =AVERAGE('120'!H22,'99'!H22,'100A'!H22,'100'!H22,'101'!H22,'102'!H22,'103'!H22,'104'!H22,'105'!H22,'106'!H22,'107'!H22,'108'!H22,'109'!H22,'110'!H22,'111A'!H22,'111'!H22,'112'!H22,'113'!H22,'133'!H22,'134'!H22,'135'!H22,'137'!H22,'141'!H22,'144'!H22,'141'!H22,'144'!H22,'141'!H22,'144'!H22,) -> 0.28243021 | I22: =AVERAGE('120'!I22,'99'!I22,'100A'!I22,'100'!I22,'101'!I22,'102'!I22,'103'!I22,'104'!I22,'105'!I22,'106'!I22,'107'!I22,'108'!I22,'109'!I22,'110'!I22,'111A'!I22,'111'!I22,'112'!I22,'113'!I22,'133'!I22,'134'!I22,'135'!I22,'137'!I22,'141'!I22,'144'!I22,'141'!I22,'144'!I22,'141'!I22,'144'!I22,) -> 1.7405583 | J22: =AVERAGE('120'!J22,'99'!J22,'100A'!J22,'100'!J22,'101'!J22,'102'!J22,'103'!J22,'104'!J22,'105'!J22,'106'!J22,'107'!J22,'108'!J22,'109'!J22,'110'!J22,'111A'!J22,'111'!J22,'112'!J22,'113'!J22,'133'!J22,'134'!J22,'135'!J22,'137'!J22,'141'!J22,'144'!J22,'141'!J22,'144'!J22,'141'!J22,'144'!J22,) -> 0.83004926 | ... P22: =AVERAGE('120'!P22,'99'!P22,'100A'!P22,'100'!P22,'101'!P22,'102'!P22,'103'!P22,'104'!P22,'105'!P22,'106'!P22,'107'!P22,'108'!P22,'109'!P22,'110'!P22,'111A'!P22,'111'!P22,'112'!P22,'113'!P22,'133'!P22,'134'!P22,'135'!P22,'137'!P22,'141'!P22,'144'!P22,'141'!P22,'144'!P22,'141'!P22,'144'!P22,) -> 53.433498 | R22: 1900-2000 | S22: =SUM(C58:C61) -> 32.982759 | T22: =SUM(D58:D61) -> 5.8060345 | U22: =SUM(E58:E61) -> 8.0560345 | V22: =SUM(F58:F61) -> 10.827586 | W22: =SUM(G58:G61) -> 0.5 | X22: =SUM(H58:H61) -> 0.82758621 | Y22: =SUM(I58:I61) -> 7.2241379 | Z22: =SUM(J58:J61) -> 3.7413793 | ... AF22: =SUM(P58:P61) -> 220.53448
B23: 10.15 - 10.30 | C23: =AVERAGE('120'!C23,'99'!C23,'100A'!C23,'100'!C23,'101'!C23,'102'!C23,'103'!C23,'104'!C23,'105'!C23,'106'!C23,'107'!C23,'108'!C23,'109'!C23,'110'!C23,'111A'!C23,'111'!C23,'112'!C23,'113'!C23,'133'!C23,'134'!C23,'135'!C23,'137'!C23,'141'!C23,'144'!C23,'141'!C23,'144'!C23,'141'!C23,'144'!C23,) -> 6.7183908 | D23: =AVERAGE('120'!D23,'99'!D23,'100A'!D23,'100'!D23,'101'!D23,'102'!D23,'103'!D23,'104'!D23,'105'!D23,'106'!D23,'107'!D23,'108'!D23,'109'!D23,'110'!D23,'111A'!D23,'111'!D23,'112'!D23,'113'!D23,'133'!D23,'134'!D23,'135'!D23,'137'!D23,'141'!D23,'144'!D23,'141'!D23,'144'!D23,'141'!D23,'144'!D23,) -> 1.2499179 | E23: =AVERAGE('120'!E23,'99'!E23,'100A'!E23,'100'!E23,'101'!E23,'102'!E23,'103'!E23,'104'!E23,'105'!E23,'106'!E23,'107'!E23,'108'!E23,'109'!E23,'110'!E23,'111A'!E23,'111'!E23,'112'!E23,'113'!E23,'133'!E23,'134'!E23,'135'!E23,'137'!E23,'141'!E23,'144'!E23,'141'!E23,'144'!E23,'141'!E23,'144'!E23,) -> 2.3001642 | F23: =AVERAGE('120'!F23,'99'!F23,'100A'!F23,'100'!F23,'101'!F23,'102'!F23,'103'!F23,'104'!F23,'105'!F23,'106'!F23,'107'!F23,'108'!F23,'109'!F23,'110'!F23,'111A'!F23,'111'!F23,'112'!F23,'113'!F23,'133'!F23,'134'!F23,'135'!F23,'137'!F23,'141'!F23,'144'!F23,'141'!F23,'144'!F23,'141'!F23,'144'!F23,) -> 2.6453202 | G23: =AVERAGE('120'!G23,'99'!G23,'100A'!G23,'100'!G23,'101'!G23,'102'!G23,'103'!G23,'104'!G23,'105'!G23,'106'!G23,'107'!G23,'108'!G23,'109'!G23,'110'!G23,'111A'!G23,'111'!G23,'112'!G23,'113'!G23,'133'!G23,'134'!G23,'135'!G23,'137'!G23,'141'!G23,'144'!G23,'141'!G23,'144'!G23,'141'!G23,'144'!G23,) -> 0.075533662 | H23: =AVERAGE('120'!H23,'99'!H23,'100A'!H23,'100'!H23,'101'!H23,'102'!H23,'103'!H23,'104'!H23,'105'!H23,'106'!H23,'107'!H23,'108'!H23,'109'!H23,'110'!H23,'111A'!H23,'111'!H23,'112'!H23,'113'!H23,'133'!H23,'134'!H23,'135'!H23,'137'!H23,'141'!H23,'144'!H23,'141'!H23,'144'!H23,'141'!H23,'144'!H23,) -> 0.18226601 | I23: =AVERAGE('120'!I23,'99'!I23,'100A'!I23,'100'!I23,'101'!I23,'102'!I23,'103'!I23,'104'!I23,'105'!I23,'106'!I23,'107'!I23,'108'!I23,'109'!I23,'110'!I23,'111A'!I23,'111'!I23,'112'!I23,'113'!I23,'133'!I23,'134'!I23,'135'!I23,'137'!I23,'141'!I23,'144'!I23,'141'!I23,'144'!I23,'141'!I23,'144'!I23,) -> 1.7627258 | J23: =AVERAGE('120'!J23,'99'!J23,'100A'!J23,'100'!J23,'101'!J23,'102'!J23,'103'!J23,'104'!J23,'105'!J23,'106'!J23,'107'!J23,'108'!J23,'109'!J23,'110'!J23,'111A'!J23,'111'!J23,'112'!J23,'113'!J23,'133'!J23,'134'!J23,'135'!J23,'137'!J23,'141'!J23,'144'!J23,'141'!J23,'144'!J23,'141'!J23,'144'!J23,) -> 0.70279146 | ... P23: =AVERAGE('120'!P23,'99'!P23,'100A'!P23,'100'!P23,'101'!P23,'102'!P23,'103'!P23,'104'!P23,'105'!P23,'106'!P23,'107'!P23,'108'!P23,'109'!P23,'110'!P23,'111A'!P23,'111'!P23,'112'!P23,'113'!P23,'133'!P23,'134'!P23,'135'!P23,'137'!P23,'141'!P23,'144'!P23,'141'!P23,'144'!P23,'141'!P23,'144'!P23,) -> 54.287356 | R23: 2000-2100 | S23: =SUM(C62:C65) -> 25.827586 | T23: =SUM(D62:D65) -> 5.7318966 | U23: =SUM(E62:E65) -> 7.1301724 | V23: =SUM(F62:F65) -> 7.1896552 | W23: =SUM(G62:G65) -> 0.44827586 | X23: =SUM(H62:H65) -> 0.87931034 | Y23: =SUM(I62:I65) -> 6.637931 | Z23: =SUM(J62:J65) -> 3.7068966 | ... AF23: =SUM(P62:P65) -> 150.41379
B24: 10.30 - 10.45 | C24: =AVERAGE('120'!C24,'99'!C24,'100A'!C24,'100'!C24,'101'!C24,'102'!C24,'103'!C24,'104'!C24,'105'!C24,'106'!C24,'107'!C24,'108'!C24,'109'!C24,'110'!C24,'111A'!C24,'111'!C24,'112'!C24,'113'!C24,'133'!C24,'134'!C24,'135'!C24,'137'!C24,'141'!C24,'144'!C24,'141'!C24,'144'!C24,'141'!C24,'144'!C24,) -> 7.2561576 | D24: =AVERAGE('120'!D24,'99'!D24,'100A'!D24,'100'!D24,'101'!D24,'102'!D24,'103'!D24,'104'!D24,'105'!D24,'106'!D24,'107'!D24,'108'!D24,'109'!D24,'110'!D24,'111A'!D24,'111'!D24,'112'!D24,'113'!D24,'133'!D24,'134'!D24,'135'!D24,'137'!D24,'141'!D24,'144'!D24,'141'!D24,'144'!D24,'141'!D24,'144'!D24,) -> 1.6181445 | E24: =AVERAGE('120'!E24,'99'!E24,'100A'!E24,'100'!E24,'101'!E24,'102'!E24,'103'!E24,'104'!E24,'105'!E24,'106'!E24,'107'!E24,'108'!E24,'109'!E24,'110'!E24,'111A'!E24,'111'!E24,'112'!E24,'113'!E24,'133'!E24,'134'!E24,'135'!E24,'137'!E24,'141'!E24,'144'!E24,'141'!E24,'144'!E24,'141'!E24,'144'!E24,) -> 2.0009031 | F24: =AVERAGE('120'!F24,'99'!F24,'100A'!F24,'100'!F24,'101'!F24,'102'!F24,'103'!F24,'104'!F24,'105'!F24,'106'!F24,'107'!F24,'108'!F24,'109'!F24,'110'!F24,'111A'!F24,'111'!F24,'112'!F24,'113'!F24,'133'!F24,'134'!F24,'135'!F24,'137'!F24,'141'!F24,'144'!F24,'141'!F24,'144'!F24,'141'!F24,'144'!F24,) -> 3.0525452 | G24: =AVERAGE('120'!G24,'99'!G24,'100A'!G24,'100'!G24,'101'!G24,'102'!G24,'103'!G24,'104'!G24,'105'!G24,'106'!G24,'107'!G24,'108'!G24,'109'!G24,'110'!G24,'111A'!G24,'111'!G24,'112'!G24,'113'!G24,'133'!G24,'134'!G24,'135'!G24,'137'!G24,'141'!G24,'144'!G24,'141'!G24,'144'!G24,'141'!G24,'144'!G24,) -> 0.11083744 | H24: =AVERAGE('120'!H24,'99'!H24,'100A'!H24,'100'!H24,'101'!H24,'102'!H24,'103'!H24,'104'!H24,'105'!H24,'106'!H24,'107'!H24,'108'!H24,'109'!H24,'110'!H24,'111A'!H24,'111'!H24,'112'!H24,'113'!H24,'133'!H24,'134'!H24,'135'!H24,'137'!H24,'141'!H24,'144'!H24,'141'!H24,'144'!H24,'141'!H24,'144'!H24,) -> 0.28078818 | I24: =AVERAGE('120'!I24,'99'!I24,'100A'!I24,'100'!I24,'101'!I24,'102'!I24,'103'!I24,'104'!I24,'105'!I24,'106'!I24,'107'!I24,'108'!I24,'109'!I24,'110'!I24,'111A'!I24,'111'!I24,'112'!I24,'113'!I24,'133'!I24,'134'!I24,'135'!I24,'137'!I24,'141'!I24,'144'!I24,'141'!I24,'144'!I24,'141'!I24,'144'!I24,) -> 1.7684729 | J24: =AVERAGE('120'!J24,'99'!J24,'100A'!J24,'100'!J24,'101'!J24,'102'!J24,'103'!J24,'104'!J24,'105'!J24,'106'!J24,'107'!J24,'108'!J24,'109'!J24,'110'!J24,'111A'!J24,'111'!J24,'112'!J24,'113'!J24,'133'!J24,'134'!J24,'135'!J24,'137'!J24,'141'!J24,'144'!J24,'141'!J24,'144'!J24,'141'!J24,'144'!J24,) -> 1.226601 | ... P24: =AVERAGE('120'!P24,'99'!P24,'100A'!P24,'100'!P24,'101'!P24,'102'!P24,'103'!P24,'104'!P24,'105'!P24,'106'!P24,'107'!P24,'108'!P24,'109'!P24,'110'!P24,'111A'!P24,'111'!P24,'112'!P24,'113'!P24,'133'!P24,'134'!P24,'135'!P24,'137'!P24,'141'!P24,'144'!P24,'141'!P24,'144'!P24,'141'!P24,'144'!P24,) -> 56.545977 | R24: 2100-2200 | S24: =SUM(C66:C69) -> 18.224138 | T24: =SUM(D66:D69) -> 3.9862069 | U24: =SUM(E66:E69) -> 4.9793103 | V24: =SUM(F66:F69) -> 5.0172414 | W24: =SUM(G66:G69) -> 0.37931034 | X24: =SUM(H66:H69) -> 0.87931034 | Y24: =SUM(I66:I69) -> 4.5344828 | Z24: =SUM(J66:J69) -> 2.5 | ... AF24: =SUM(P66:P69) -> 104
B25: 10.45 - 11.00 | C25: =AVERAGE('120'!C25,'99'!C25,'100A'!C25,'100'!C25,'101'!C25,'102'!C25,'103'!C25,'104'!C25,'105'!C25,'106'!C25,'107'!C25,'108'!C25,'109'!C25,'110'!C25,'111A'!C25,'111'!C25,'112'!C25,'113'!C25,'133'!C25,'134'!C25,'135'!C25,'137'!C25,'141'!C25,'144'!C25,'141'!C25,'144'!C25,'141'!C25,'144'!C25,) -> 6.8300493 | D25: =AVERAGE('120'!D25,'99'!D25,'100A'!D25,'100'!D25,'101'!D25,'102'!D25,'103'!D25,'104'!D25,'105'!D25,'106'!D25,'107'!D25,'108'!D25,'109'!D25,'110'!D25,'111A'!D25,'111'!D25,'112'!D25,'113'!D25,'133'!D25,'134'!D25,'135'!D25,'137'!D25,'141'!D25,'144'!D25,'141'!D25,'144'!D25,'141'!D25,'144'!D25,) -> 1.3198686 | E25: =AVERAGE('120'!E25,'99'!E25,'100A'!E25,'100'!E25,'101'!E25,'102'!E25,'103'!E25,'104'!E25,'105'!E25,'106'!E25,'107'!E25,'108'!E25,'109'!E25,'110'!E25,'111A'!E25,'111'!E25,'112'!E25,'113'!E25,'133'!E25,'134'!E25,'135'!E25,'137'!E25,'141'!E25,'144'!E25,'141'!E25,'144'!E25,'141'!E25,'144'!E25,) -> 2.0479475 | F25: =AVERAGE('120'!F25,'99'!F25,'100A'!F25,'100'!F25,'101'!F25,'102'!F25,'103'!F25,'104'!F25,'105'!F25,'106'!F25,'107'!F25,'108'!F25,'109'!F25,'110'!F25,'111A'!F25,'111'!F25,'112'!F25,'113'!F25,'133'!F25,'134'!F25,'135'!F25,'137'!F25,'141'!F25,'144'!F25,'141'!F25,'144'!F25,'141'!F25,'144'!F25,) -> 2.8908046 | G25: =AVERAGE('120'!G25,'99'!G25,'100A'!G25,'100'!G25,'101'!G25,'102'!G25,'103'!G25,'104'!G25,'105'!G25,'106'!G25,'107'!G25,'108'!G25,'109'!G25,'110'!G25,'111A'!G25,'111'!G25,'112'!G25,'113'!G25,'133'!G25,'134'!G25,'135'!G25,'137'!G25,'141'!G25,'144'!G25,'141'!G25,'144'!G25,'141'!G25,'144'!G25,) -> 0.083743842 | H25: =AVERAGE('120'!H25,'99'!H25,'100A'!H25,'100'!H25,'101'!H25,'102'!H25,'103'!H25,'104'!H25,'105'!H25,'106'!H25,'107'!H25,'108'!H25,'109'!H25,'110'!H25,'111A'!H25,'111'!H25,'112'!H25,'113'!H25,'133'!H25,'134'!H25,'135'!H25,'137'!H25,'141'!H25,'144'!H25,'141'!H25,'144'!H25,'141'!H25,'144'!H25,) -> 0.27586207 | I25: =AVERAGE('120'!I25,'99'!I25,'100A'!I25,'100'!I25,'101'!I25,'102'!I25,'103'!I25,'104'!I25,'105'!I25,'106'!I25,'107'!I25,'108'!I25,'109'!I25,'110'!I25,'111A'!I25,'111'!I25,'112'!I25,'113'!I25,'133'!I25,'134'!I25,'135'!I25,'137'!I25,'141'!I25,'144'!I25,'141'!I25,'144'!I25,'141'!I25,'144'!I25,) -> 1.909688 | J25: =AVERAGE('120'!J25,'99'!J25,'100A'!J25,'100'!J25,'101'!J25,'102'!J25,'103'!J25,'104'!J25,'105'!J25,'106'!J25,'107'!J25,'108'!J25,'109'!J25,'110'!J25,'111A'!J25,'111'!J25,'112'!J25,'113'!J25,'133'!J25,'134'!J25,'135'!J25,'137'!J25,'141'!J25,'144'!J25,'141'!J25,'144'!J25,'141'!J25,'144'!J25,) -> 0.68308703 | ... P25: =AVERAGE('120'!P25,'99'!P25,'100A'!P25,'100'!P25,'101'!P25,'102'!P25,'103'!P25,'104'!P25,'105'!P25,'106'!P25,'107'!P25,'108'!P25,'109'!P25,'110'!P25,'111A'!P25,'111'!P25,'112'!P25,'113'!P25,'133'!P25,'134'!P25,'135'!P25,'137'!P25,'141'!P25,'144'!P25,'141'!P25,'144'!P25,'141'!P25,'144'!P25,) -> 55.622332 | R25: 2200-2300 | S25: =SUM(C70:C73) -> 12.706897 | T25: =SUM(D70:D73) -> 2.5948276 | U25: =SUM(E70:E73) -> 3.887931 | V25: =SUM(F70:F73) -> 3.3793103 | W25: =SUM(G70:G73) -> 0.086206897 | X25: =SUM(H70:H73) -> 0.89655172 | Y25: =SUM(I70:I73) -> 3.6896552 | Z25: =SUM(J70:J73) -> 3.1034483 | ... AF25: =SUM(P70:P73) -> 68.706897
B26: 11.00 - 11.15 | C26: =AVERAGE('120'!C26,'99'!C26,'100A'!C26,'100'!C26,'101'!C26,'102'!C26,'103'!C26,'104'!C26,'105'!C26,'106'!C26,'107'!C26,'108'!C26,'109'!C26,'110'!C26,'111A'!C26,'111'!C26,'112'!C26,'113'!C26,'133'!C26,'134'!C26,'135'!C26,'137'!C26,'141'!C26,'144'!C26,'141'!C26,'144'!C26,'141'!C26,'144'!C26,) -> 7.5041051 | D26: =AVERAGE('120'!D26,'99'!D26,'100A'!D26,'100'!D26,'101'!D26,'102'!D26,'103'!D26,'104'!D26,'105'!D26,'106'!D26,'107'!D26,'108'!D26,'109'!D26,'110'!D26,'111A'!D26,'111'!D26,'112'!D26,'113'!D26,'133'!D26,'134'!D26,'135'!D26,'137'!D26,'141'!D26,'144'!D26,'141'!D26,'144'!D26,'141'!D26,'144'!D26,) -> 1.5370279 | E26: =AVERAGE('120'!E26,'99'!E26,'100A'!E26,'100'!E26,'101'!E26,'102'!E26,'103'!E26,'104'!E26,'105'!E26,'106'!E26,'107'!E26,'108'!E26,'109'!E26,'110'!E26,'111A'!E26,'111'!E26,'112'!E26,'113'!E26,'133'!E26,'134'!E26,'135'!E26,'137'!E26,'141'!E26,'144'!E26,'141'!E26,'144'!E26,'141'!E26,'144'!E26,) -> 2.2396552 | F26: =AVERAGE('120'!F26,'99'!F26,'100A'!F26,'100'!F26,'101'!F26,'102'!F26,'103'!F26,'104'!F26,'105'!F26,'106'!F26,'107'!F26,'108'!F26,'109'!F26,'110'!F26,'111A'!F26,'111'!F26,'112'!F26,'113'!F26,'133'!F26,'134'!F26,'135'!F26,'137'!F26,'141'!F26,'144'!F26,'141'!F26,'144'!F26,'141'!F26,'144'!F26,) -> 3.2118227 | G26: =AVERAGE('120'!G26,'99'!G26,'100A'!G26,'100'!G26,'101'!G26,'102'!G26,'103'!G26,'104'!G26,'105'!G26,'106'!G26,'107'!G26,'108'!G26,'109'!G26,'110'!G26,'111A'!G26,'111'!G26,'112'!G26,'113'!G26,'133'!G26,'134'!G26,'135'!G26,'137'!G26,'141'!G26,'144'!G26,'141'!G26,'144'!G26,'141'!G26,'144'!G26,) -> 0.091954023 | H26: =AVERAGE('120'!H26,'99'!H26,'100A'!H26,'100'!H26,'101'!H26,'102'!H26,'103'!H26,'104'!H26,'105'!H26,'106'!H26,'107'!H26,'108'!H26,'109'!H26,'110'!H26,'111A'!H26,'111'!H26,'112'!H26,'113'!H26,'133'!H26,'134'!H26,'135'!H26,'137'!H26,'141'!H26,'144'!H26,'141'!H26,'144'!H26,'141'!H26,'144'!H26,) -> 0.22824302 | I26: =AVERAGE('120'!I26,'99'!I26,'100A'!I26,'100'!I26,'101'!I26,'102'!I26,'103'!I26,'104'!I26,'105'!I26,'106'!I26,'107'!I26,'108'!I26,'109'!I26,'110'!I26,'111A'!I26,'111'!I26,'112'!I26,'113'!I26,'133'!I26,'134'!I26,'135'!I26,'137'!I26,'141'!I26,'144'!I26,'141'!I26,'144'!I26,'141'!I26,'144'!I26,) -> 1.6740558 | J26: =AVERAGE('120'!J26,'99'!J26,'100A'!J26,'100'!J26,'101'!J26,'102'!J26,'103'!J26,'104'!J26,'105'!J26,'106'!J26,'107'!J26,'108'!J26,'109'!J26,'110'!J26,'111A'!J26,'111'!J26,'112'!J26,'113'!J26,'133'!J26,'134'!J26,'135'!J26,'137'!J26,'141'!J26,'144'!J26,'141'!J26,'144'!J26,'141'!J26,'144'!J26,) -> 1.0410509 | ... P26: =AVERAGE('120'!P26,'99'!P26,'100A'!P26,'100'!P26,'101'!P26,'102'!P26,'103'!P26,'104'!P26,'105'!P26,'106'!P26,'107'!P26,'108'!P26,'109'!P26,'110'!P26,'111A'!P26,'111'!P26,'112'!P26,'113'!P26,'133'!P26,'134'!P26,'135'!P26,'137'!P26,'141'!P26,'144'!P26,'141'!P26,'144'!P26,'141'!P26,'144'!P26,) -> 56.102627 | R26: 2300-0000 | S26: =SUM(C74:C77) -> 7.6206897 | T26: =SUM(D74:D77) -> 2.0362069 | U26: =SUM(E74:E77) -> 2.0844828 | V26: =SUM(F74:F77) -> 2.6206897 | W26: =SUM(G74:G77) -> 0.18965517 | X26: =SUM(H74:H77) -> 0.89655172 | Y26: =SUM(I74:I77) -> 2.9310345 | Z26: =SUM(J74:J77) -> 2.1206897 | ... AF26: =SUM(P74:P77) -> 40.896552
B27: 11.15 - 11.30 | C27: =AVERAGE('120'!C27,'99'!C27,'100A'!C27,'100'!C27,'101'!C27,'102'!C27,'103'!C27,'104'!C27,'105'!C27,'106'!C27,'107'!C27,'108'!C27,'109'!C27,'110'!C27,'111A'!C27,'111'!C27,'112'!C27,'113'!C27,'133'!C27,'134'!C27,'135'!C27,'137'!C27,'141'!C27,'144'!C27,'141'!C27,'144'!C27,'141'!C27,'144'!C27,) -> 6.7668309 | D27: =AVERAGE('120'!D27,'99'!D27,'100A'!D27,'100'!D27,'101'!D27,'102'!D27,'103'!D27,'104'!D27,'105'!D27,'106'!D27,'107'!D27,'108'!D27,'109'!D27,'110'!D27,'111A'!D27,'111'!D27,'112'!D27,'113'!D27,'133'!D27,'134'!D27,'135'!D27,'137'!D27,'141'!D27,'144'!D27,'141'!D27,'144'!D27,'141'!D27,'144'!D27,) -> 1.5231527 | E27: =AVERAGE('120'!E27,'99'!E27,'100A'!E27,'100'!E27,'101'!E27,'102'!E27,'103'!E27,'104'!E27,'105'!E27,'106'!E27,'107'!E27,'108'!E27,'109'!E27,'110'!E27,'111A'!E27,'111'!E27,'112'!E27,'113'!E27,'133'!E27,'134'!E27,'135'!E27,'137'!E27,'141'!E27,'144'!E27,'141'!E27,'144'!E27,'141'!E27,'144'!E27,) -> 2.0014778 | F27: =AVERAGE('120'!F27,'99'!F27,'100A'!F27,'100'!F27,'101'!F27,'102'!F27,'103'!F27,'104'!F27,'105'!F27,'106'!F27,'107'!F27,'108'!F27,'109'!F27,'110'!F27,'111A'!F27,'111'!F27,'112'!F27,'113'!F27,'133'!F27,'134'!F27,'135'!F27,'137'!F27,'141'!F27,'144'!F27,'141'!F27,'144'!F27,'141'!F27,'144'!F27,) -> 2.6871921 | G27: =AVERAGE('120'!G27,'99'!G27,'100A'!G27,'100'!G27,'101'!G27,'102'!G27,'103'!G27,'104'!G27,'105'!G27,'106'!G27,'107'!G27,'108'!G27,'109'!G27,'110'!G27,'111A'!G27,'111'!G27,'112'!G27,'113'!G27,'133'!G27,'134'!G27,'135'!G27,'137'!G27,'141'!G27,'144'!G27,'141'!G27,'144'!G27,'141'!G27,'144'!G27,) -> 0.073891626 | H27: =AVERAGE('120'!H27,'99'!H27,'100A'!H27,'100'!H27,'101'!H27,'102'!H27,'103'!H27,'104'!H27,'105'!H27,'106'!H27,'107'!H27,'108'!H27,'109'!H27,'110'!H27,'111A'!H27,'111'!H27,'112'!H27,'113'!H27,'133'!H27,'134'!H27,'135'!H27,'137'!H27,'141'!H27,'144'!H27,'141'!H27,'144'!H27,'141'!H27,'144'!H27,) -> 0.22003284 | I27: =AVERAGE('120'!I27,'99'!I27,'100A'!I27,'100'!I27,'101'!I27,'102'!I27,'103'!I27,'104'!I27,'105'!I27,'106'!I27,'107'!I27,'108'!I27,'109'!I27,'110'!I27,'111A'!I27,'111'!I27,'112'!I27,'113'!I27,'133'!I27,'134'!I27,'135'!I27,'137'!I27,'141'!I27,'144'!I27,'141'!I27,'144'!I27,'141'!I27,'144'!I27,) -> 1.5139573 | J27: =AVERAGE('120'!J27,'99'!J27,'100A'!J27,'100'!J27,'101'!J27,'102'!J27,'103'!J27,'104'!J27,'105'!J27,'106'!J27,'107'!J27,'108'!J27,'109'!J27,'110'!J27,'111A'!J27,'111'!J27,'112'!J27,'113'!J27,'133'!J27,'134'!J27,'135'!J27,'137'!J27,'141'!J27,'144'!J27,'141'!J27,'144'!J27,'141'!J27,'144'!J27,) -> 0.73727422 | ... P27: =AVERAGE('120'!P27,'99'!P27,'100A'!P27,'100'!P27,'101'!P27,'102'!P27,'103'!P27,'104'!P27,'105'!P27,'106'!P27,'107'!P27,'108'!P27,'109'!P27,'110'!P27,'111A'!P27,'111'!P27,'112'!P27,'113'!P27,'133'!P27,'134'!P27,'135'!P27,'137'!P27,'141'!P27,'144'!P27,'141'!P27,'144'!P27,'141'!P27,'144'!P27,) -> 57.125616 | R27: 0000-0100 | S27: =SUM(C78:C81) -> 4.8448276 | T27: =SUM(D78:D81) -> 1.6474138 | U27: =SUM(E78:E81) -> 1.8698276 | V27: =SUM(F78:F81) -> 1.8275862 | W27: =SUM(G78:G81) -> 0.4137931 | X27: =SUM(H78:H81) -> 0.84482759 | Y27: =SUM(I78:I81) -> 2.6034483 | Z27: =SUM(J78:J81) -> 1.5172414 | ... AF27: =SUM(P78:P81) -> 28.155172
B28: 11.30 - 11.45 | C28: =AVERAGE('120'!C28,'99'!C28,'100A'!C28,'100'!C28,'101'!C28,'102'!C28,'103'!C28,'104'!C28,'105'!C28,'106'!C28,'107'!C28,'108'!C28,'109'!C28,'110'!C28,'111A'!C28,'111'!C28,'112'!C28,'113'!C28,'133'!C28,'134'!C28,'135'!C28,'137'!C28,'141'!C28,'144'!C28,'141'!C28,'144'!C28,'141'!C28,'144'!C28,) -> 7.4819376 | D28: =AVERAGE('120'!D28,'99'!D28,'100A'!D28,'100'!D28,'101'!D28,'102'!D28,'103'!D28,'104'!D28,'105'!D28,'106'!D28,'107'!D28,'108'!D28,'109'!D28,'110'!D28,'111A'!D28,'111'!D28,'112'!D28,'113'!D28,'133'!D28,'134'!D28,'135'!D28,'137'!D28,'141'!D28,'144'!D28,'141'!D28,'144'!D28,'141'!D28,'144'!D28,) -> 1.5139573 | E28: =AVERAGE('120'!E28,'99'!E28,'100A'!E28,'100'!E28,'101'!E28,'102'!E28,'103'!E28,'104'!E28,'105'!E28,'106'!E28,'107'!E28,'108'!E28,'109'!E28,'110'!E28,'111A'!E28,'111'!E28,'112'!E28,'113'!E28,'133'!E28,'134'!E28,'135'!E28,'137'!E28,'141'!E28,'144'!E28,'141'!E28,'144'!E28,'141'!E28,'144'!E28,) -> 2.2233169 | F28: =AVERAGE('120'!F28,'99'!F28,'100A'!F28,'100'!F28,'101'!F28,'102'!F28,'103'!F28,'104'!F28,'105'!F28,'106'!F28,'107'!F28,'108'!F28,'109'!F28,'110'!F28,'111A'!F28,'111'!F28,'112'!F28,'113'!F28,'133'!F28,'134'!F28,'135'!F28,'137'!F28,'141'!F28,'144'!F28,'141'!F28,'144'!F28,'141'!F28,'144'!F28,) -> 2.8144499 | G28: =AVERAGE('120'!G28,'99'!G28,'100A'!G28,'100'!G28,'101'!G28,'102'!G28,'103'!G28,'104'!G28,'105'!G28,'106'!G28,'107'!G28,'108'!G28,'109'!G28,'110'!G28,'111A'!G28,'111'!G28,'112'!G28,'113'!G28,'133'!G28,'134'!G28,'135'!G28,'137'!G28,'141'!G28,'144'!G28,'141'!G28,'144'!G28,'141'!G28,'144'!G28,) -> 0.04679803 | H28: =AVERAGE('120'!H28,'99'!H28,'100A'!H28,'100'!H28,'101'!H28,'102'!H28,'103'!H28,'104'!H28,'105'!H28,'106'!H28,'107'!H28,'108'!H28,'109'!H28,'110'!H28,'111A'!H28,'111'!H28,'112'!H28,'113'!H28,'133'!H28,'134'!H28,'135'!H28,'137'!H28,'141'!H28,'144'!H28,'141'!H28,'144'!H28,'141'!H28,'144'!H28,) -> 0.23973727 | I28: =AVERAGE('120'!I28,'99'!I28,'100A'!I28,'100'!I28,'101'!I28,'102'!I28,'103'!I28,'104'!I28,'105'!I28,'106'!I28,'107'!I28,'108'!I28,'109'!I28,'110'!I28,'111A'!I28,'111'!I28,'112'!I28,'113'!I28,'133'!I28,'134'!I28,'135'!I28,'137'!I28,'141'!I28,'144'!I28,'141'!I28,'144'!I28,'141'!I28,'144'!I28,) -> 1.590312 | J28: =AVERAGE('120'!J28,'99'!J28,'100A'!J28,'100'!J28,'101'!J28,'102'!J28,'103'!J28,'104'!J28,'105'!J28,'106'!J28,'107'!J28,'108'!J28,'109'!J28,'110'!J28,'111A'!J28,'111'!J28,'112'!J28,'113'!J28,'133'!J28,'134'!J28,'135'!J28,'137'!J28,'141'!J28,'144'!J28,'141'!J28,'144'!J28,'141'!J28,'144'!J28,) -> 1.2397373 | ... P28: =AVERAGE('120'!P28,'99'!P28,'100A'!P28,'100'!P28,'101'!P28,'102'!P28,'103'!P28,'104'!P28,'105'!P28,'106'!P28,'107'!P28,'108'!P28,'109'!P28,'110'!P28,'111A'!P28,'111'!P28,'112'!P28,'113'!P28,'133'!P28,'134'!P28,'135'!P28,'137'!P28,'141'!P28,'144'!P28,'141'!P28,'144'!P28,'141'!P28,'144'!P28,) -> 56.032841 | R28: 0100-0200 | S28: =SUM(C82:C85) -> 2.8275862 | T28: =SUM(D82:D85) -> 1.2008621 | U28: =SUM(E82:E85) -> 1.8163793 | V28: =SUM(F82:F85) -> 0.93103448 | W28: =SUM(G82:G85) -> 0.068965517 | X28: =SUM(H82:H85) -> 0.37931034 | Y28: =SUM(I82:I85) -> 1.9137931 | Z28: =SUM(J82:J85) -> 1.1551724 | ... AF28: =SUM(P82:P85) -> 18.810345
B29: 11.45 - 12.00 | C29: =AVERAGE('120'!C29,'99'!C29,'100A'!C29,'100'!C29,'101'!C29,'102'!C29,'103'!C29,'104'!C29,'105'!C29,'106'!C29,'107'!C29,'108'!C29,'109'!C29,'110'!C29,'111A'!C29,'111'!C29,'112'!C29,'113'!C29,'133'!C29,'134'!C29,'135'!C29,'137'!C29,'141'!C29,'144'!C29,'141'!C29,'144'!C29,'141'!C29,'144'!C29,) -> 6.9343186 | D29: =AVERAGE('120'!D29,'99'!D29,'100A'!D29,'100'!D29,'101'!D29,'102'!D29,'103'!D29,'104'!D29,'105'!D29,'106'!D29,'107'!D29,'108'!D29,'109'!D29,'110'!D29,'111A'!D29,'111'!D29,'112'!D29,'113'!D29,'133'!D29,'134'!D29,'135'!D29,'137'!D29,'141'!D29,'144'!D29,'141'!D29,'144'!D29,'141'!D29,'144'!D29,) -> 1.4517241 | E29: =AVERAGE('120'!E29,'99'!E29,'100A'!E29,'100'!E29,'101'!E29,'102'!E29,'103'!E29,'104'!E29,'105'!E29,'106'!E29,'107'!E29,'108'!E29,'109'!E29,'110'!E29,'111A'!E29,'111'!E29,'112'!E29,'113'!E29,'133'!E29,'134'!E29,'135'!E29,'137'!E29,'141'!E29,'144'!E29,'141'!E29,'144'!E29,'141'!E29,'144'!E29,) -> 2.0712644 | F29: =AVERAGE('120'!F29,'99'!F29,'100A'!F29,'100'!F29,'101'!F29,'102'!F29,'103'!F29,'104'!F29,'105'!F29,'106'!F29,'107'!F29,'108'!F29,'109'!F29,'110'!F29,'111A'!F29,'111'!F29,'112'!F29,'113'!F29,'133'!F29,'134'!F29,'135'!F29,'137'!F29,'141'!F29,'144'!F29,'141'!F29,'144'!F29,'141'!F29,'144'!F29,) -> 2.4236453 | G29: =AVERAGE('120'!G29,'99'!G29,'100A'!G29,'100'!G29,'101'!G29,'102'!G29,'103'!G29,'104'!G29,'105'!G29,'106'!G29,'107'!G29,'108'!G29,'109'!G29,'110'!G29,'111A'!G29,'111'!G29,'112'!G29,'113'!G29,'133'!G29,'134'!G29,'135'!G29,'137'!G29,'141'!G29,'144'!G29,'141'!G29,'144'!G29,'141'!G29,'144'!G29,) -> 0.078817734 | H29: =AVERAGE('120'!H29,'99'!H29,'100A'!H29,'100'!H29,'101'!H29,'102'!H29,'103'!H29,'104'!H29,'105'!H29,'106'!H29,'107'!H29,'108'!H29,'109'!H29,'110'!H29,'111A'!H29,'111'!H29,'112'!H29,'113'!H29,'133'!H29,'134'!H29,'135'!H29,'137'!H29,'141'!H29,'144'!H29,'141'!H29,'144'!H29,'141'!H29,'144'!H29,) -> 0.19211823 | I29: =AVERAGE('120'!I29,'99'!I29,'100A'!I29,'100'!I29,'101'!I29,'102'!I29,'103'!I29,'104'!I29,'105'!I29,'106'!I29,'107'!I29,'108'!I29,'109'!I29,'110'!I29,'111A'!I29,'111'!I29,'112'!I29,'113'!I29,'133'!I29,'134'!I29,'135'!I29,'137'!I29,'141'!I29,'144'!I29,'141'!I29,'144'!I29,'141'!I29,'144'!I29,) -> 1.7405583 | J29: =AVERAGE('120'!J29,'99'!J29,'100A'!J29,'100'!J29,'101'!J29,'102'!J29,'103'!J29,'104'!J29,'105'!J29,'106'!J29,'107'!J29,'108'!J29,'109'!J29,'110'!J29,'111A'!J29,'111'!J29,'112'!J29,'113'!J29,'133'!J29,'134'!J29,'135'!J29,'137'!J29,'141'!J29,'144'!J29,'141'!J29,'144'!J29,'141'!J29,'144'!J29,) -> 0.73809524 | ... P29: =AVERAGE('120'!P29,'99'!P29,'100A'!P29,'100'!P29,'101'!P29,'102'!P29,'103'!P29,'104'!P29,'105'!P29,'106'!P29,'107'!P29,'108'!P29,'109'!P29,'110'!P29,'111A'!P29,'111'!P29,'112'!P29,'113'!P29,'133'!P29,'134'!P29,'135'!P29,'137'!P29,'141'!P29,'144'!P29,'141'!P29,'144'!P29,'141'!P29,'144'!P29,) -> 54.450739 | R29: 0200-0300 | S29: =SUM(C86:C89) -> 3.0517241 | T29: =SUM(D86:D89) -> 0.94913793 | U29: =SUM(E86:E89) -> 1.3094828 | V29: =SUM(F86:F89) -> 0.89655172 | W29: =SUM(G86:G89) -> 0.10344828 | X29: =SUM(H86:H89) -> 0.37931034 | Y29: =SUM(I86:I89) -> 1.7758621 | Z29: =SUM(J86:J89) -> 0.89655172 | ... AF29: =SUM(P86:P89) -> 15.948276
B30: 12.00 - 12.15 | C30: =AVERAGE('120'!C30,'99'!C30,'100A'!C30,'100'!C30,'101'!C30,'102'!C30,'103'!C30,'104'!C30,'105'!C30,'106'!C30,'107'!C30,'108'!C30,'109'!C30,'110'!C30,'111A'!C30,'111'!C30,'112'!C30,'113'!C30,'133'!C30,'134'!C30,'135'!C30,'137'!C30,'141'!C30,'144'!C30,'141'!C30,'144'!C30,'141'!C30,'144'!C30,) -> 7.2520525 | D30: =AVERAGE('120'!D30,'99'!D30,'100A'!D30,'100'!D30,'101'!D30,'102'!D30,'103'!D30,'104'!D30,'105'!D30,'106'!D30,'107'!D30,'108'!D30,'109'!D30,'110'!D30,'111A'!D30,'111'!D30,'112'!D30,'113'!D30,'133'!D30,'134'!D30,'135'!D30,'137'!D30,'141'!D30,'144'!D30,'141'!D30,'144'!D30,'141'!D30,'144'!D30,) -> 1.4503284 | E30: =AVERAGE('120'!E30,'99'!E30,'100A'!E30,'100'!E30,'101'!E30,'102'!E30,'103'!E30,'104'!E30,'105'!E30,'106'!E30,'107'!E30,'108'!E30,'109'!E30,'110'!E30,'111A'!E30,'111'!E30,'112'!E30,'113'!E30,'133'!E30,'134'!E30,'135'!E30,'137'!E30,'141'!E30,'144'!E30,'141'!E30,'144'!E30,'141'!E30,'144'!E30,) -> 2.0964696 | F30: =AVERAGE('120'!F30,'99'!F30,'100A'!F30,'100'!F30,'101'!F30,'102'!F30,'103'!F30,'104'!F30,'105'!F30,'106'!F30,'107'!F30,'108'!F30,'109'!F30,'110'!F30,'111A'!F30,'111'!F30,'112'!F30,'113'!F30,'133'!F30,'134'!F30,'135'!F30,'137'!F30,'141'!F30,'144'!F30,'141'!F30,'144'!F30,'141'!F30,'144'!F30,) -> 3.1133005 | G30: =AVERAGE('120'!G30,'99'!G30,'100A'!G30,'100'!G30,'101'!G30,'102'!G30,'103'!G30,'104'!G30,'105'!G30,'106'!G30,'107'!G30,'108'!G30,'109'!G30,'110'!G30,'111A'!G30,'111'!G30,'112'!G30,'113'!G30,'133'!G30,'134'!G30,'135'!G30,'137'!G30,'141'!G30,'144'!G30,'141'!G30,'144'!G30,'141'!G30,'144'!G30,) -> 0.090311987 | H30: =AVERAGE('120'!H30,'99'!H30,'100A'!H30,'100'!H30,'101'!H30,'102'!H30,'103'!H30,'104'!H30,'105'!H30,'106'!H30,'107'!H30,'108'!H30,'109'!H30,'110'!H30,'111A'!H30,'111'!H30,'112'!H30,'113'!H30,'133'!H30,'134'!H30,'135'!H30,'137'!H30,'141'!H30,'144'!H30,'141'!H30,'144'!H30,'141'!H30,'144'!H30,) -> 0.24137931 | I30: =AVERAGE('120'!I30,'99'!I30,'100A'!I30,'100'!I30,'101'!I30,'102'!I30,'103'!I30,'104'!I30,'105'!I30,'106'!I30,'107'!I30,'108'!I30,'109'!I30,'110'!I30,'111A'!I30,'111'!I30,'112'!I30,'113'!I30,'133'!I30,'134'!I30,'135'!I30,'137'!I30,'141'!I30,'144'!I30,'141'!I30,'144'!I30,'141'!I30,'144'!I30,) -> 1.7660099 | J30: =AVERAGE('120'!J30,'99'!J30,'100A'!J30,'100'!J30,'101'!J30,'102'!J30,'103'!J30,'104'!J30,'105'!J30,'106'!J30,'107'!J30,'108'!J30,'109'!J30,'110'!J30,'111A'!J30,'111'!J30,'112'!J30,'113'!J30,'133'!J30,'134'!J30,'135'!J30,'137'!J30,'141'!J30,'144'!J30,'141'!J30,'144'!J30,'141'!J30,'144'!J30,) -> 0.98932677 | ... P30: =AVERAGE('120'!P30,'99'!P30,'100A'!P30,'100'!P30,'101'!P30,'102'!P30,'103'!P30,'104'!P30,'105'!P30,'106'!P30,'107'!P30,'108'!P30,'109'!P30,'110'!P30,'111A'!P30,'111'!P30,'112'!P30,'113'!P30,'133'!P30,'134'!P30,'135'!P30,'137'!P30,'141'!P30,'144'!P30,'141'!P30,'144'!P30,'141'!P30,'144'!P30,) -> 53.741379 | R30: 0300-0400 | S30: =SUM(C90:C93) -> 2.4310345 | T30: =SUM(D90:D93) -> 0.98189655 | U30: =SUM(E90:E93) -> 1.4491379 | V30: =SUM(F90:F93) -> 0.89655172 | W30: =SUM(G90:G93) -> 0.10344828 | X30: =SUM(H90:H93) -> 0.56896552 | Y30: =SUM(I90:I93) -> 1.5344828 | Z30: =SUM(J90:J93) -> 1.1034483 | ... AF30: =SUM(P90:P93) -> 16.396552
B31: 12.15 - 12.30 | C31: =AVERAGE('120'!C31,'99'!C31,'100A'!C31,'100'!C31,'101'!C31,'102'!C31,'103'!C31,'104'!C31,'105'!C31,'106'!C31,'107'!C31,'108'!C31,'109'!C31,'110'!C31,'111A'!C31,'111'!C31,'112'!C31,'113'!C31,'133'!C31,'134'!C31,'135'!C31,'137'!C31,'141'!C31,'144'!C31,'141'!C31,'144'!C31,'141'!C31,'144'!C31,) -> 6.9170772 | D31: =AVERAGE('120'!D31,'99'!D31,'100A'!D31,'100'!D31,'101'!D31,'102'!D31,'103'!D31,'104'!D31,'105'!D31,'106'!D31,'107'!D31,'108'!D31,'109'!D31,'110'!D31,'111A'!D31,'111'!D31,'112'!D31,'113'!D31,'133'!D31,'134'!D31,'135'!D31,'137'!D31,'141'!D31,'144'!D31,'141'!D31,'144'!D31,'141'!D31,'144'!D31,) -> 1.619376 | E31: =AVERAGE('120'!E31,'99'!E31,'100A'!E31,'100'!E31,'101'!E31,'102'!E31,'103'!E31,'104'!E31,'105'!E31,'106'!E31,'107'!E31,'108'!E31,'109'!E31,'110'!E31,'111A'!E31,'111'!E31,'112'!E31,'113'!E31,'133'!E31,'134'!E31,'135'!E31,'137'!E31,'141'!E31,'144'!E31,'141'!E31,'144'!E31,'141'!E31,'144'!E31,) -> 2.1844007 | F31: =AVERAGE('120'!F31,'99'!F31,'100A'!F31,'100'!F31,'101'!F31,'102'!F31,'103'!F31,'104'!F31,'105'!F31,'106'!F31,'107'!F31,'108'!F31,'109'!F31,'110'!F31,'111A'!F31,'111'!F31,'112'!F31,'113'!F31,'133'!F31,'134'!F31,'135'!F31,'137'!F31,'141'!F31,'144'!F31,'141'!F31,'144'!F31,'141'!F31,'144'!F31,) -> 2.9441708 | G31: =AVERAGE('120'!G31,'99'!G31,'100A'!G31,'100'!G31,'101'!G31,'102'!G31,'103'!G31,'104'!G31,'105'!G31,'106'!G31,'107'!G31,'108'!G31,'109'!G31,'110'!G31,'111A'!G31,'111'!G31,'112'!G31,'113'!G31,'133'!G31,'134'!G31,'135'!G31,'137'!G31,'141'!G31,'144'!G31,'141'!G31,'144'!G31,'141'!G31,'144'!G31,) -> 0.088669951 | H31: =AVERAGE('120'!H31,'99'!H31,'100A'!H31,'100'!H31,'101'!H31,'102'!H31,'103'!H31,'104'!H31,'105'!H31,'106'!H31,'107'!H31,'108'!H31,'109'!H31,'110'!H31,'111A'!H31,'111'!H31,'112'!H31,'113'!H31,'133'!H31,'134'!H31,'135'!H31,'137'!H31,'141'!H31,'144'!H31,'141'!H31,'144'!H31,'141'!H31,'144'!H31,) -> 0.33990148 | I31: =AVERAGE('120'!I31,'99'!I31,'100A'!I31,'100'!I31,'101'!I31,'102'!I31,'103'!I31,'104'!I31,'105'!I31,'106'!I31,'107'!I31,'108'!I31,'109'!I31,'110'!I31,'111A'!I31,'111'!I31,'112'!I31,'113'!I31,'133'!I31,'134'!I31,'135'!I31,'137'!I31,'141'!I31,'144'!I31,'141'!I31,'144'!I31,'141'!I31,'144'!I31,) -> 1.6625616 | J31: =AVERAGE('120'!J31,'99'!J31,'100A'!J31,'100'!J31,'101'!J31,'102'!J31,'103'!J31,'104'!J31,'105'!J31,'106'!J31,'107'!J31,'108'!J31,'109'!J31,'110'!J31,'111A'!J31,'111'!J31,'112'!J31,'113'!J31,'133'!J31,'134'!J31,'135'!J31,'137'!J31,'141'!J31,'144'!J31,'141'!J31,'144'!J31,'141'!J31,'144'!J31,) -> 0.73563218 | ... P31: =AVERAGE('120'!P31,'99'!P31,'100A'!P31,'100'!P31,'101'!P31,'102'!P31,'103'!P31,'104'!P31,'105'!P31,'106'!P31,'107'!P31,'108'!P31,'109'!P31,'110'!P31,'111A'!P31,'111'!P31,'112'!P31,'113'!P31,'133'!P31,'134'!P31,'135'!P31,'137'!P31,'141'!P31,'144'!P31,'141'!P31,'144'!P31,'141'!P31,'144'!P31,) -> 55.100164 | R31: 0400-0500 | S31: =SUM(C94:C97) -> 2.6896552 | T31: =SUM(D94:D97) -> 0.79568966 | U31: =SUM(E94:E97) -> 1.3594828 | V31: =SUM(F94:F97) -> 1.0344828 | W31: =SUM(G94:G97) -> 0.20689655 | X31: =SUM(H94:H97) -> 0.5862069 | Y31: =SUM(I94:I97) -> 2.1034483 | Z31: =SUM(J94:J97) -> 1.2931034 | ... AF31: =SUM(P94:P97) -> 17.586207
B32: 12.30 - 12.45 | C32: =AVERAGE('120'!C32,'99'!C32,'100A'!C32,'100'!C32,'101'!C32,'102'!C32,'103'!C32,'104'!C32,'105'!C32,'106'!C32,'107'!C32,'108'!C32,'109'!C32,'110'!C32,'111A'!C32,'111'!C32,'112'!C32,'113'!C32,'133'!C32,'134'!C32,'135'!C32,'137'!C32,'141'!C32,'144'!C32,'141'!C32,'144'!C32,'141'!C32,'144'!C32,) -> 6.8965517 | D32: =AVERAGE('120'!D32,'99'!D32,'100A'!D32,'100'!D32,'101'!D32,'102'!D32,'103'!D32,'104'!D32,'105'!D32,'106'!D32,'107'!D32,'108'!D32,'109'!D32,'110'!D32,'111A'!D32,'111'!D32,'112'!D32,'113'!D32,'133'!D32,'134'!D32,'135'!D32,'137'!D32,'141'!D32,'144'!D32,'141'!D32,'144'!D32,'141'!D32,'144'!D32,) -> 1.3752053 | E32: =AVERAGE('120'!E32,'99'!E32,'100A'!E32,'100'!E32,'101'!E32,'102'!E32,'103'!E32,'104'!E32,'105'!E32,'106'!E32,'107'!E32,'108'!E32,'109'!E32,'110'!E32,'111A'!E32,'111'!E32,'112'!E32,'113'!E32,'133'!E32,'134'!E32,'135'!E32,'137'!E32,'141'!E32,'144'!E32,'141'!E32,'144'!E32,'141'!E32,'144'!E32,) -> 1.8949097 | F32: =AVERAGE('120'!F32,'99'!F32,'100A'!F32,'100'!F32,'101'!F32,'102'!F32,'103'!F32,'104'!F32,'105'!F32,'106'!F32,'107'!F32,'108'!F32,'109'!F32,'110'!F32,'111A'!F32,'111'!F32,'112'!F32,'113'!F32,'133'!F32,'134'!F32,'135'!F32,'137'!F32,'141'!F32,'144'!F32,'141'!F32,'144'!F32,'141'!F32,'144'!F32,) -> 3.1149425 | G32: =AVERAGE('120'!G32,'99'!G32,'100A'!G32,'100'!G32,'101'!G32,'102'!G32,'103'!G32,'104'!G32,'105'!G32,'106'!G32,'107'!G32,'108'!G32,'109'!G32,'110'!G32,'111A'!G32,'111'!G32,'112'!G32,'113'!G32,'133'!G32,'134'!G32,'135'!G32,'137'!G32,'141'!G32,'144'!G32,'141'!G32,'144'!G32,'141'!G32,'144'!G32,) -> 0.10837438 | H32: =AVERAGE('120'!H32,'99'!H32,'100A'!H32,'100'!H32,'101'!H32,'102'!H32,'103'!H32,'104'!H32,'105'!H32,'106'!H32,'107'!H32,'108'!H32,'109'!H32,'110'!H32,'111A'!H32,'111'!H32,'112'!H32,'113'!H32,'133'!H32,'134'!H32,'135'!H32,'137'!H32,'141'!H32,'144'!H32,'141'!H32,'144'!H32,'141'!H32,'144'!H32,) -> 0.20853859 | I32: =AVERAGE('120'!I32,'99'!I32,'100A'!I32,'100'!I32,'101'!I32,'102'!I32,'103'!I32,'104'!I32,'105'!I32,'106'!I32,'107'!I32,'108'!I32,'109'!I32,'110'!I32,'111A'!I32,'111'!I32,'112'!I32,'113'!I32,'133'!I32,'134'!I32,'135'!I32,'137'!I32,'141'!I32,'144'!I32,'141'!I32,'144'!I32,'141'!I32,'144'!I32,) -> 2.0262726 | J32: =AVERAGE('120'!J32,'99'!J32,'100A'!J32,'100'!J32,'101'!J32,'102'!J32,'103'!J32,'104'!J32,'105'!J32,'106'!J32,'107'!J32,'108'!J32,'109'!J32,'110'!J32,'111A'!J32,'111'!J32,'112'!J32,'113'!J32,'133'!J32,'134'!J32,'135'!J32,'137'!J32,'141'!J32,'144'!J32,'141'!J32,'144'!J32,'141'!J32,'144'!J32,) -> 1.1518883 | ... P32: =AVERAGE('120'!P32,'99'!P32,'100A'!P32,'100'!P32,'101'!P32,'102'!P32,'103'!P32,'104'!P32,'105'!P32,'106'!P32,'107'!P32,'108'!P32,'109'!P32,'110'!P32,'111A'!P32,'111'!P32,'112'!P32,'113'!P32,'133'!P32,'134'!P32,'135'!P32,'137'!P32,'141'!P32,'144'!P32,'141'!P32,'144'!P32,'141'!P32,'144'!P32,) -> 53.014778 | R32: 0500-0600 | S32: =SUM(C98:C101) -> 4.4310345 | T32: =SUM(D98:D101) -> 1.4594828 | U32: =SUM(E98:E101) -> 2.2301724 | V32: =SUM(F98:F101) -> 2.4137931 | W32: =SUM(G98:G101) -> 0.15517241 | X32: =SUM(H98:H101) -> 0.63793103 | Y32: =SUM(I98:I101) -> 2.862069 | Z32: =SUM(J98:J101) -> 1.3793103 | ... AF32: =SUM(P98:P101) -> 29.758621
B33: 12.45 - 13.00 | C33: =AVERAGE('120'!C33,'99'!C33,'100A'!C33,'100'!C33,'101'!C33,'102'!C33,'103'!C33,'104'!C33,'105'!C33,'106'!C33,'107'!C33,'108'!C33,'109'!C33,'110'!C33,'111A'!C33,'111'!C33,'112'!C33,'113'!C33,'133'!C33,'134'!C33,'135'!C33,'137'!C33,'141'!C33,'144'!C33,'141'!C33,'144'!C33,'141'!C33,'144'!C33,) -> 6.4376026 | D33: =AVERAGE('120'!D33,'99'!D33,'100A'!D33,'100'!D33,'101'!D33,'102'!D33,'103'!D33,'104'!D33,'105'!D33,'106'!D33,'107'!D33,'108'!D33,'109'!D33,'110'!D33,'111A'!D33,'111'!D33,'112'!D33,'113'!D33,'133'!D33,'134'!D33,'135'!D33,'137'!D33,'141'!D33,'144'!D33,'141'!D33,'144'!D33,'141'!D33,'144'!D33,) -> 1.5552545 | E33: =AVERAGE('120'!E33,'99'!E33,'100A'!E33,'100'!E33,'101'!E33,'102'!E33,'103'!E33,'104'!E33,'105'!E33,'106'!E33,'107'!E33,'108'!E33,'109'!E33,'110'!E33,'111A'!E33,'111'!E33,'112'!E33,'113'!E33,'133'!E33,'134'!E33,'135'!E33,'137'!E33,'141'!E33,'144'!E33,'141'!E33,'144'!E33,'141'!E33,'144'!E33,) -> 2.193514 | F33: =AVERAGE('120'!F33,'99'!F33,'100A'!F33,'100'!F33,'101'!F33,'102'!F33,'103'!F33,'104'!F33,'105'!F33,'106'!F33,'107'!F33,'108'!F33,'109'!F33,'110'!F33,'111A'!F33,'111'!F33,'112'!F33,'113'!F33,'133'!F33,'134'!F33,'135'!F33,'137'!F33,'141'!F33,'144'!F33,'141'!F33,'144'!F33,'141'!F33,'144'!F33,) -> 2.6945813 | G33: =AVERAGE('120'!G33,'99'!G33,'100A'!G33,'100'!G33,'101'!G33,'102'!G33,'103'!G33,'104'!G33,'105'!G33,'106'!G33,'107'!G33,'108'!G33,'109'!G33,'110'!G33,'111A'!G33,'111'!G33,'112'!G33,'113'!G33,'133'!G33,'134'!G33,'135'!G33,'137'!G33,'141'!G33,'144'!G33,'141'!G33,'144'!G33,'141'!G33,'144'!G33,) -> 0.10837438 | H33: =AVERAGE('120'!H33,'99'!H33,'100A'!H33,'100'!H33,'101'!H33,'102'!H33,'103'!H33,'104'!H33,'105'!H33,'106'!H33,'107'!H33,'108'!H33,'109'!H33,'110'!H33,'111A'!H33,'111'!H33,'112'!H33,'113'!H33,'133'!H33,'134'!H33,'135'!H33,'137'!H33,'141'!H33,'144'!H33,'141'!H33,'144'!H33,'141'!H33,'144'!H33,) -> 0.31527094 | I33: =AVERAGE('120'!I33,'99'!I33,'100A'!I33,'100'!I33,'101'!I33,'102'!I33,'103'!I33,'104'!I33,'105'!I33,'106'!I33,'107'!I33,'108'!I33,'109'!I33,'110'!I33,'111A'!I33,'111'!I33,'112'!I33,'113'!I33,'133'!I33,'134'!I33,'135'!I33,'137'!I33,'141'!I33,'144'!I33,'141'!I33,'144'!I33,'141'!I33,'144'!I33,) -> 1.5426929 | J33: =AVERAGE('120'!J33,'99'!J33,'100A'!J33,'100'!J33,'101'!J33,'102'!J33,'103'!J33,'104'!J33,'105'!J33,'106'!J33,'107'!J33,'108'!J33,'109'!J33,'110'!J33,'111A'!J33,'111'!J33,'112'!J33,'113'!J33,'133'!J33,'134'!J33,'135'!J33,'137'!J33,'141'!J33,'144'!J33,'141'!J33,'144'!J33,'141'!J33,'144'!J33,) -> 0.86699507 | ... P33: =AVERAGE('120'!P33,'99'!P33,'100A'!P33,'100'!P33,'101'!P33,'102'!P33,'103'!P33,'104'!P33,'105'!P33,'106'!P33,'107'!P33,'108'!P33,'109'!P33,'110'!P33,'111A'!P33,'111'!P33,'112'!P33,'113'!P33,'133'!P33,'134'!P33,'135'!P33,'137'!P33,'141'!P33,'144'!P33,'141'!P33,'144'!P33,'141'!P33,'144'!P33,) -> 53.229885 | R33: 0600-0700 | S33: =SUM(C102:C105) -> 10.844828 | T33: =SUM(D102:D105) -> 2.5103448 | U33: =SUM(E102:E105) -> 3.2655172 | V33: =SUM(F102:F105) -> 5.4310345 | W33: =SUM(G102:G105) -> 0.60344828 | X33: =SUM(H102:H105) -> 0.93103448 | Y33: =SUM(I102:I105) -> 4.137931 | Z33: =SUM(J102:J105) -> 2.362069 | ... AF33: =SUM(P102:P105) -> 68.129881
B34: 13.00 - 13.15 | C34: =AVERAGE('120'!C34,'99'!C34,'100A'!C34,'100'!C34,'101'!C34,'102'!C34,'103'!C34,'104'!C34,'105'!C34,'106'!C34,'107'!C34,'108'!C34,'109'!C34,'110'!C34,'111A'!C34,'111'!C34,'112'!C34,'113'!C34,'133'!C34,'134'!C34,'135'!C34,'137'!C34,'141'!C34,'144'!C34,'141'!C34,'144'!C34,'141'!C34,'144'!C34,) -> 7.5 | D34: =AVERAGE('120'!D34,'99'!D34,'100A'!D34,'100'!D34,'101'!D34,'102'!D34,'103'!D34,'104'!D34,'105'!D34,'106'!D34,'107'!D34,'108'!D34,'109'!D34,'110'!D34,'111A'!D34,'111'!D34,'112'!D34,'113'!D34,'133'!D34,'134'!D34,'135'!D34,'137'!D34,'141'!D34,'144'!D34,'141'!D34,'144'!D34,'141'!D34,'144'!D34,) -> 1.4234811 | E34: =AVERAGE('120'!E34,'99'!E34,'100A'!E34,'100'!E34,'101'!E34,'102'!E34,'103'!E34,'104'!E34,'105'!E34,'106'!E34,'107'!E34,'108'!E34,'109'!E34,'110'!E34,'111A'!E34,'111'!E34,'112'!E34,'113'!E34,'133'!E34,'134'!E34,'135'!E34,'137'!E34,'141'!E34,'144'!E34,'141'!E34,'144'!E34,'141'!E34,'144'!E34,) -> 2.2243021 | F34: =AVERAGE('120'!F34,'99'!F34,'100A'!F34,'100'!F34,'101'!F34,'102'!F34,'103'!F34,'104'!F34,'105'!F34,'106'!F34,'107'!F34,'108'!F34,'109'!F34,'110'!F34,'111A'!F34,'111'!F34,'112'!F34,'113'!F34,'133'!F34,'134'!F34,'135'!F34,'137'!F34,'141'!F34,'144'!F34,'141'!F34,'144'!F34,'141'!F34,'144'!F34,) -> 3.2643678 | G34: =AVERAGE('120'!G34,'99'!G34,'100A'!G34,'100'!G34,'101'!G34,'102'!G34,'103'!G34,'104'!G34,'105'!G34,'106'!G34,'107'!G34,'108'!G34,'109'!G34,'110'!G34,'111A'!G34,'111'!G34,'112'!G34,'113'!G34,'133'!G34,'134'!G34,'135'!G34,'137'!G34,'141'!G34,'144'!G34,'141'!G34,'144'!G34,'141'!G34,'144'!G34,) -> 0.20689655 | H34: =AVERAGE('120'!H34,'99'!H34,'100A'!H34,'100'!H34,'101'!H34,'102'!H34,'103'!H34,'104'!H34,'105'!H34,'106'!H34,'107'!H34,'108'!H34,'109'!H34,'110'!H34,'111A'!H34,'111'!H34,'112'!H34,'113'!H34,'133'!H34,'134'!H34,'135'!H34,'137'!H34,'141'!H34,'144'!H34,'141'!H34,'144'!H34,'141'!H34,'144'!H34,) -> 0.22167488 | I34: =AVERAGE('120'!I34,'99'!I34,'100A'!I34,'100'!I34,'101'!I34,'102'!I34,'103'!I34,'104'!I34,'105'!I34,'106'!I34,'107'!I34,'108'!I34,'109'!I34,'110'!I34,'111A'!I34,'111'!I34,'112'!I34,'113'!I34,'133'!I34,'134'!I34,'135'!I34,'137'!I34,'141'!I34,'144'!I34,'141'!I34,'144'!I34,'141'!I34,'144'!I34,) -> 1.8357964 | J34: =AVERAGE('120'!J34,'99'!J34,'100A'!J34,'100'!J34,'101'!J34,'102'!J34,'103'!J34,'104'!J34,'105'!J34,'106'!J34,'107'!J34,'108'!J34,'109'!J34,'110'!J34,'111A'!J34,'111'!J34,'112'!J34,'113'!J34,'133'!J34,'134'!J34,'135'!J34,'137'!J34,'141'!J34,'144'!J34,'141'!J34,'144'!J34,'141'!J34,'144'!J34,) -> 1.1954023 | ... P34: =AVERAGE('120'!P34,'99'!P34,'100A'!P34,'100'!P34,'101'!P34,'102'!P34,'103'!P34,'104'!P34,'105'!P34,'106'!P34,'107'!P34,'108'!P34,'109'!P34,'110'!P34,'111A'!P34,'111'!P34,'112'!P34,'113'!P34,'133'!P34,'134'!P34,'135'!P34,'137'!P34,'141'!P34,'144'!P34,'141'!P34,'144'!P34,'141'!P34,'144'!P34,) -> 55.256979 | R34: AM Peak Hr | S34: =MAX(S10:S12) -> 25.697865 | T34: =MAX(T10:T12) -> 5.477422 | U34: =MAX(U10:U12) -> 8.4642857 | V34: =MAX(V10:V12) -> 11.011494 | W34: =MAX(W10:W12) -> 0.49671593 | X34: =MAX(X10:X12) -> 1.2528736 | Y34: =MAX(Y10:Y12) -> 6.1962233 | Z34: =MAX(Z10:Z12) -> 3.6075534 | ... AF34: =MAX(AF10:AF12) -> 207.71018
B35: 13.15 - 13.30 | C35: =AVERAGE('120'!C35,'99'!C35,'100A'!C35,'100'!C35,'101'!C35,'102'!C35,'103'!C35,'104'!C35,'105'!C35,'106'!C35,'107'!C35,'108'!C35,'109'!C35,'110'!C35,'111A'!C35,'111'!C35,'112'!C35,'113'!C35,'133'!C35,'134'!C35,'135'!C35,'137'!C35,'141'!C35,'144'!C35,'141'!C35,'144'!C35,'141'!C35,'144'!C35,) -> 7.0681445 | D35: =AVERAGE('120'!D35,'99'!D35,'100A'!D35,'100'!D35,'101'!D35,'102'!D35,'103'!D35,'104'!D35,'105'!D35,'106'!D35,'107'!D35,'108'!D35,'109'!D35,'110'!D35,'111A'!D35,'111'!D35,'112'!D35,'113'!D35,'133'!D35,'134'!D35,'135'!D35,'137'!D35,'141'!D35,'144'!D35,'141'!D35,'144'!D35,'141'!D35,'144'!D35,) -> 1.6783251 | E35: =AVERAGE('120'!E35,'99'!E35,'100A'!E35,'100'!E35,'101'!E35,'102'!E35,'103'!E35,'104'!E35,'105'!E35,'106'!E35,'107'!E35,'108'!E35,'109'!E35,'110'!E35,'111A'!E35,'111'!E35,'112'!E35,'113'!E35,'133'!E35,'134'!E35,'135'!E35,'137'!E35,'141'!E35,'144'!E35,'141'!E35,'144'!E35,'141'!E35,'144'!E35,) -> 2.2026273 | F35: =AVERAGE('120'!F35,'99'!F35,'100A'!F35,'100'!F35,'101'!F35,'102'!F35,'103'!F35,'104'!F35,'105'!F35,'106'!F35,'107'!F35,'108'!F35,'109'!F35,'110'!F35,'111A'!F35,'111'!F35,'112'!F35,'113'!F35,'133'!F35,'134'!F35,'135'!F35,'137'!F35,'141'!F35,'144'!F35,'141'!F35,'144'!F35,'141'!F35,'144'!F35,) -> 2.8029557 | G35: =AVERAGE('120'!G35,'99'!G35,'100A'!G35,'100'!G35,'101'!G35,'102'!G35,'103'!G35,'104'!G35,'105'!G35,'106'!G35,'107'!G35,'108'!G35,'109'!G35,'110'!G35,'111A'!G35,'111'!G35,'112'!G35,'113'!G35,'133'!G35,'134'!G35,'135'!G35,'137'!G35,'141'!G35,'144'!G35,'141'!G35,'144'!G35,'141'!G35,'144'!G35,) -> 0.078817734 | H35: =AVERAGE('120'!H35,'99'!H35,'100A'!H35,'100'!H35,'101'!H35,'102'!H35,'103'!H35,'104'!H35,'105'!H35,'106'!H35,'107'!H35,'108'!H35,'109'!H35,'110'!H35,'111A'!H35,'111'!H35,'112'!H35,'113'!H35,'133'!H35,'134'!H35,'135'!H35,'137'!H35,'141'!H35,'144'!H35,'141'!H35,'144'!H35,'141'!H35,'144'!H35,) -> 0.33497537 | I35: =AVERAGE('120'!I35,'99'!I35,'100A'!I35,'100'!I35,'101'!I35,'102'!I35,'103'!I35,'104'!I35,'105'!I35,'106'!I35,'107'!I35,'108'!I35,'109'!I35,'110'!I35,'111A'!I35,'111'!I35,'112'!I35,'113'!I35,'133'!I35,'134'!I35,'135'!I35,'137'!I35,'141'!I35,'144'!I35,'141'!I35,'144'!I35,'141'!I35,'144'!I35,) -> 1.7783251 | J35: =AVERAGE('120'!J35,'99'!J35,'100A'!J35,'100'!J35,'101'!J35,'102'!J35,'103'!J35,'104'!J35,'105'!J35,'106'!J35,'107'!J35,'108'!J35,'109'!J35,'110'!J35,'111A'!J35,'111'!J35,'112'!J35,'113'!J35,'133'!J35,'134'!J35,'135'!J35,'137'!J35,'141'!J35,'144'!J35,'141'!J35,'144'!J35,'141'!J35,'144'!J35,) -> 0.75369458 | ... P35: =AVERAGE('120'!P35,'99'!P35,'100A'!P35,'100'!P35,'101'!P35,'102'!P35,'103'!P35,'104'!P35,'105'!P35,'106'!P35,'107'!P35,'108'!P35,'109'!P35,'110'!P35,'111A'!P35,'111'!P35,'112'!P35,'113'!P35,'133'!P35,'134'!P35,'135'!P35,'137'!P35,'141'!P35,'144'!P35,'141'!P35,'144'!P35,'141'!P35,'144'!P35,) -> 55.66092 | R35: IP Peak Hr | S35: =MAX(S13:S18) -> 29.228243 | T35: =MAX(T13:T18) -> 6.1857964 | U35: =MAX(U13:U18) -> 9.0573071 | V35: =MAX(V13:V18) -> 11.866995 | W35: =MAX(W13:W18) -> 0.46305419 | X35: =MAX(X13:X18) -> 1.454023 | Y35: =MAX(Y13:Y18) -> 8.0517241 | Z35: =MAX(Z13:Z18) -> 3.7668309 | ... AF35: =MAX(AF13:AF18) -> 223.71182
B36: 13.30 - 13.45 | C36: =AVERAGE('120'!C36,'99'!C36,'100A'!C36,'100'!C36,'101'!C36,'102'!C36,'103'!C36,'104'!C36,'105'!C36,'106'!C36,'107'!C36,'108'!C36,'109'!C36,'110'!C36,'111A'!C36,'111'!C36,'112'!C36,'113'!C36,'133'!C36,'134'!C36,'135'!C36,'137'!C36,'141'!C36,'144'!C36,'141'!C36,'144'!C36,'141'!C36,'144'!C36,) -> 7.5188834 | D36: =AVERAGE('120'!D36,'99'!D36,'100A'!D36,'100'!D36,'101'!D36,'102'!D36,'103'!D36,'104'!D36,'105'!D36,'106'!D36,'107'!D36,'108'!D36,'109'!D36,'110'!D36,'111A'!D36,'111'!D36,'112'!D36,'113'!D36,'133'!D36,'134'!D36,'135'!D36,'137'!D36,'141'!D36,'144'!D36,'141'!D36,'144'!D36,'141'!D36,'144'!D36,) -> 1.3029557 | E36: =AVERAGE('120'!E36,'99'!E36,'100A'!E36,'100'!E36,'101'!E36,'102'!E36,'103'!E36,'104'!E36,'105'!E36,'106'!E36,'107'!E36,'108'!E36,'109'!E36,'110'!E36,'111A'!E36,'111'!E36,'112'!E36,'113'!E36,'133'!E36,'134'!E36,'135'!E36,'137'!E36,'141'!E36,'144'!E36,'141'!E36,'144'!E36,'141'!E36,'144'!E36,) -> 2.3423645 | F36: =AVERAGE('120'!F36,'99'!F36,'100A'!F36,'100'!F36,'101'!F36,'102'!F36,'103'!F36,'104'!F36,'105'!F36,'106'!F36,'107'!F36,'108'!F36,'109'!F36,'110'!F36,'111A'!F36,'111'!F36,'112'!F36,'113'!F36,'133'!F36,'134'!F36,'135'!F36,'137'!F36,'141'!F36,'144'!F36,'141'!F36,'144'!F36,'141'!F36,'144'!F36,) -> 3.1494253 | G36: =AVERAGE('120'!G36,'99'!G36,'100A'!G36,'100'!G36,'101'!G36,'102'!G36,'103'!G36,'104'!G36,'105'!G36,'106'!G36,'107'!G36,'108'!G36,'109'!G36,'110'!G36,'111A'!G36,'111'!G36,'112'!G36,'113'!G36,'133'!G36,'134'!G36,'135'!G36,'137'!G36,'141'!G36,'144'!G36,'141'!G36,'144'!G36,'141'!G36,'144'!G36,) -> 0.1182266 | H36: =AVERAGE('120'!H36,'99'!H36,'100A'!H36,'100'!H36,'101'!H36,'102'!H36,'103'!H36,'104'!H36,'105'!H36,'106'!H36,'107'!H36,'108'!H36,'109'!H36,'110'!H36,'111A'!H36,'111'!H36,'112'!H36,'113'!H36,'133'!H36,'134'!H36,'135'!H36,'137'!H36,'141'!H36,'144'!H36,'141'!H36,'144'!H36,'141'!H36,'144'!H36,) -> 0.26272578 | I36: =AVERAGE('120'!I36,'99'!I36,'100A'!I36,'100'!I36,'101'!I36,'102'!I36,'103'!I36,'104'!I36,'105'!I36,'106'!I36,'107'!I36,'108'!I36,'109'!I36,'110'!I36,'111A'!I36,'111'!I36,'112'!I36,'113'!I36,'133'!I36,'134'!I36,'135'!I36,'137'!I36,'141'!I36,'144'!I36,'141'!I36,'144'!I36,'141'!I36,'144'!I36,) -> 1.9737274 | J36: =AVERAGE('120'!J36,'99'!J36,'100A'!J36,'100'!J36,'101'!J36,'102'!J36,'103'!J36,'104'!J36,'105'!J36,'106'!J36,'107'!J36,'108'!J36,'109'!J36,'110'!J36,'111A'!J36,'111'!J36,'112'!J36,'113'!J36,'133'!J36,'134'!J36,'135'!J36,'137'!J36,'141'!J36,'144'!J36,'141'!J36,'144'!J36,'141'!J36,'144'!J36,) -> 0.96223317 | ... P36: =AVERAGE('120'!P36,'99'!P36,'100A'!P36,'100'!P36,'101'!P36,'102'!P36,'103'!P36,'104'!P36,'105'!P36,'106'!P36,'107'!P36,'108'!P36,'109'!P36,'110'!P36,'111A'!P36,'111'!P36,'112'!P36,'113'!P36,'133'!P36,'134'!P36,'135'!P36,'137'!P36,'141'!P36,'144'!P36,'141'!P36,'144'!P36,'141'!P36,'144'!P36,) -> 54.250411 | R36: PM Peak Hr | S36: =MAX(S19:S21) -> 33.367816 | T36: =MAX(T19:T21) -> 6.8198686 | U36: =MAX(U19:U21) -> 10.173563 | V36: =MAX(V19:V21) -> 11.920361 | W36: =MAX(W19:W21) -> 0.60837438 | X36: =MAX(X19:X21) -> 1.3029557 | Y36: =MAX(Y19:Y21) -> 8.2857143 | Z36: =MAX(Z19:Z21) -> 4.4679803 | ... AF36: =MAX(AF19:AF21) -> 244.87603
B37: 13.45 - 14.00 | C37: =AVERAGE('120'!C37,'99'!C37,'100A'!C37,'100'!C37,'101'!C37,'102'!C37,'103'!C37,'104'!C37,'105'!C37,'106'!C37,'107'!C37,'108'!C37,'109'!C37,'110'!C37,'111A'!C37,'111'!C37,'112'!C37,'113'!C37,'133'!C37,'134'!C37,'135'!C37,'137'!C37,'141'!C37,'144'!C37,'141'!C37,'144'!C37,'141'!C37,'144'!C37,) -> 7.1412151 | D37: =AVERAGE('120'!D37,'99'!D37,'100A'!D37,'100'!D37,'101'!D37,'102'!D37,'103'!D37,'104'!D37,'105'!D37,'106'!D37,'107'!D37,'108'!D37,'109'!D37,'110'!D37,'111A'!D37,'111'!D37,'112'!D37,'113'!D37,'133'!D37,'134'!D37,'135'!D37,'137'!D37,'141'!D37,'144'!D37,'141'!D37,'144'!D37,'141'!D37,'144'!D37,) -> 1.5984401 | E37: =AVERAGE('120'!E37,'99'!E37,'100A'!E37,'100'!E37,'101'!E37,'102'!E37,'103'!E37,'104'!E37,'105'!E37,'106'!E37,'107'!E37,'108'!E37,'109'!E37,'110'!E37,'111A'!E37,'111'!E37,'112'!E37,'113'!E37,'133'!E37,'134'!E37,'135'!E37,'137'!E37,'141'!E37,'144'!E37,'141'!E37,'144'!E37,'141'!E37,'144'!E37,) -> 2.2373563 | F37: =AVERAGE('120'!F37,'99'!F37,'100A'!F37,'100'!F37,'101'!F37,'102'!F37,'103'!F37,'104'!F37,'105'!F37,'106'!F37,'107'!F37,'108'!F37,'109'!F37,'110'!F37,'111A'!F37,'111'!F37,'112'!F37,'113'!F37,'133'!F37,'134'!F37,'135'!F37,'137'!F37,'141'!F37,'144'!F37,'141'!F37,'144'!F37,'141'!F37,'144'!F37,) -> 2.3743842 | G37: =AVERAGE('120'!G37,'99'!G37,'100A'!G37,'100'!G37,'101'!G37,'102'!G37,'103'!G37,'104'!G37,'105'!G37,'106'!G37,'107'!G37,'108'!G37,'109'!G37,'110'!G37,'111A'!G37,'111'!G37,'112'!G37,'113'!G37,'133'!G37,'134'!G37,'135'!G37,'137'!G37,'141'!G37,'144'!G37,'141'!G37,'144'!G37,'141'!G37,'144'!G37,) -> 0.0591133 | H37: =AVERAGE('120'!H37,'99'!H37,'100A'!H37,'100'!H37,'101'!H37,'102'!H37,'103'!H37,'104'!H37,'105'!H37,'106'!H37,'107'!H37,'108'!H37,'109'!H37,'110'!H37,'111A'!H37,'111'!H37,'112'!H37,'113'!H37,'133'!H37,'134'!H37,'135'!H37,'137'!H37,'141'!H37,'144'!H37,'141'!H37,'144'!H37,'141'!H37,'144'!H37,) -> 0.20197044 | I37: =AVERAGE('120'!I37,'99'!I37,'100A'!I37,'100'!I37,'101'!I37,'102'!I37,'103'!I37,'104'!I37,'105'!I37,'106'!I37,'107'!I37,'108'!I37,'109'!I37,'110'!I37,'111A'!I37,'111'!I37,'112'!I37,'113'!I37,'133'!I37,'134'!I37,'135'!I37,'137'!I37,'141'!I37,'144'!I37,'141'!I37,'144'!I37,'141'!I37,'144'!I37,) -> 1.7692939 | J37: =AVERAGE('120'!J37,'99'!J37,'100A'!J37,'100'!J37,'101'!J37,'102'!J37,'103'!J37,'104'!J37,'105'!J37,'106'!J37,'107'!J37,'108'!J37,'109'!J37,'110'!J37,'111A'!J37,'111'!J37,'112'!J37,'113'!J37,'133'!J37,'134'!J37,'135'!J37,'137'!J37,'141'!J37,'144'!J37,'141'!J37,'144'!J37,'141'!J37,'144'!J37,) -> 0.85550082 | ... P37: =AVERAGE('120'!P37,'99'!P37,'100A'!P37,'100'!P37,'101'!P37,'102'!P37,'103'!P37,'104'!P37,'105'!P37,'106'!P37,'107'!P37,'108'!P37,'109'!P37,'110'!P37,'111A'!P37,'111'!P37,'112'!P37,'113'!P37,'133'!P37,'134'!P37,'135'!P37,'137'!P37,'141'!P37,'144'!P37,'141'!P37,'144'!P37,'141'!P37,'144'!P37,) -> 55.400657 | R37: AM Period | S37: =SUM(S10:S12) -> 66.947455 | T37: =SUM(T10:T12) -> 13.298276 | U37: =SUM(U10:U12) -> 19.925862 | V37: =SUM(V10:V12) -> 29.396552 | W37: =SUM(W10:W12) -> 1.2495895 | X37: =SUM(X10:X12) -> 2.5591133 | Y37: =SUM(Y10:Y12) -> 15.68555 | Z37: =SUM(Z10:Z12) -> 9.6338259 | ... AF37: =SUM(AF10:AF12) -> 543.5665
B38: 14.00 - 14.15 | C38: =AVERAGE('120'!C38,'99'!C38,'100A'!C38,'100'!C38,'101'!C38,'102'!C38,'103'!C38,'104'!C38,'105'!C38,'106'!C38,'107'!C38,'108'!C38,'109'!C38,'110'!C38,'111A'!C38,'111'!C38,'112'!C38,'113'!C38,'133'!C38,'134'!C38,'135'!C38,'137'!C38,'141'!C38,'144'!C38,'141'!C38,'144'!C38,'141'!C38,'144'!C38,) -> 7.3472906 | D38: =AVERAGE('120'!D38,'99'!D38,'100A'!D38,'100'!D38,'101'!D38,'102'!D38,'103'!D38,'104'!D38,'105'!D38,'106'!D38,'107'!D38,'108'!D38,'109'!D38,'110'!D38,'111A'!D38,'111'!D38,'112'!D38,'113'!D38,'133'!D38,'134'!D38,'135'!D38,'137'!D38,'141'!D38,'144'!D38,'141'!D38,'144'!D38,'141'!D38,'144'!D38,) -> 1.3348112 | E38: =AVERAGE('120'!E38,'99'!E38,'100A'!E38,'100'!E38,'101'!E38,'102'!E38,'103'!E38,'104'!E38,'105'!E38,'106'!E38,'107'!E38,'108'!E38,'109'!E38,'110'!E38,'111A'!E38,'111'!E38,'112'!E38,'113'!E38,'133'!E38,'134'!E38,'135'!E38,'137'!E38,'141'!E38,'144'!E38,'141'!E38,'144'!E38,'141'!E38,'144'!E38,) -> 2.0962233 | F38: =AVERAGE('120'!F38,'99'!F38,'100A'!F38,'100'!F38,'101'!F38,'102'!F38,'103'!F38,'104'!F38,'105'!F38,'106'!F38,'107'!F38,'108'!F38,'109'!F38,'110'!F38,'111A'!F38,'111'!F38,'112'!F38,'113'!F38,'133'!F38,'134'!F38,'135'!F38,'137'!F38,'141'!F38,'144'!F38,'141'!F38,'144'!F38,'141'!F38,'144'!F38,) -> 2.9022989 | G38: =AVERAGE('120'!G38,'99'!G38,'100A'!G38,'100'!G38,'101'!G38,'102'!G38,'103'!G38,'104'!G38,'105'!G38,'106'!G38,'107'!G38,'108'!G38,'109'!G38,'110'!G38,'111A'!G38,'111'!G38,'112'!G38,'113'!G38,'133'!G38,'134'!G38,'135'!G38,'137'!G38,'141'!G38,'144'!G38,'141'!G38,'144'!G38,'141'!G38,'144'!G38,) -> 0.073891626 | H38: =AVERAGE('120'!H38,'99'!H38,'100A'!H38,'100'!H38,'101'!H38,'102'!H38,'103'!H38,'104'!H38,'105'!H38,'106'!H38,'107'!H38,'108'!H38,'109'!H38,'110'!H38,'111A'!H38,'111'!H38,'112'!H38,'113'!H38,'133'!H38,'134'!H38,'135'!H38,'137'!H38,'141'!H38,'144'!H38,'141'!H38,'144'!H38,'141'!H38,'144'!H38,) -> 0.40722496 | I38: =AVERAGE('120'!I38,'99'!I38,'100A'!I38,'100'!I38,'101'!I38,'102'!I38,'103'!I38,'104'!I38,'105'!I38,'106'!I38,'107'!I38,'108'!I38,'109'!I38,'110'!I38,'111A'!I38,'111'!I38,'112'!I38,'113'!I38,'133'!I38,'134'!I38,'135'!I38,'137'!I38,'141'!I38,'144'!I38,'141'!I38,'144'!I38,'141'!I38,'144'!I38,) -> 1.9745484 | J38: =AVERAGE('120'!J38,'99'!J38,'100A'!J38,'100'!J38,'101'!J38,'102'!J38,'103'!J38,'104'!J38,'105'!J38,'106'!J38,'107'!J38,'108'!J38,'109'!J38,'110'!J38,'111A'!J38,'111'!J38,'112'!J38,'113'!J38,'133'!J38,'134'!J38,'135'!J38,'137'!J38,'141'!J38,'144'!J38,'141'!J38,'144'!J38,'141'!J38,'144'!J38,) -> 1.0188834 | ... P38: =AVERAGE('120'!P38,'99'!P38,'100A'!P38,'100'!P38,'101'!P38,'102'!P38,'103'!P38,'104'!P38,'105'!P38,'106'!P38,'107'!P38,'108'!P38,'109'!P38,'110'!P38,'111A'!P38,'111'!P38,'112'!P38,'113'!P38,'133'!P38,'134'!P38,'135'!P38,'137'!P38,'141'!P38,'144'!P38,'141'!P38,'144'!P38,'141'!P38,'144'!P38,) -> 52.701149 | R38: IP Period | S38: =SUM(S13:S18) -> 169.27833 | T38: =SUM(T13:T18) -> 35.700411 | U38: =SUM(U13:U18) -> 52.402217 | V38: =SUM(V13:V18) -> 68.504105 | W38: =SUM(W13:W18) -> 2.1486043 | X38: =SUM(X13:X18) -> 6.6995074 | Y38: =SUM(Y13:Y18) -> 43.357143 | Z38: =SUM(Z13:Z18) -> 22.224138 | ... AF38: =SUM(AF13:AF18) -> 1309.5082
B39: 14.15 - 14.30 | C39: =AVERAGE('120'!C39,'99'!C39,'100A'!C39,'100'!C39,'101'!C39,'102'!C39,'103'!C39,'104'!C39,'105'!C39,'106'!C39,'107'!C39,'108'!C39,'109'!C39,'110'!C39,'111A'!C39,'111'!C39,'112'!C39,'113'!C39,'133'!C39,'134'!C39,'135'!C39,'137'!C39,'141'!C39,'144'!C39,'141'!C39,'144'!C39,'141'!C39,'144'!C39,) -> 6.8078818 | D39: =AVERAGE('120'!D39,'99'!D39,'100A'!D39,'100'!D39,'101'!D39,'102'!D39,'103'!D39,'104'!D39,'105'!D39,'106'!D39,'107'!D39,'108'!D39,'109'!D39,'110'!D39,'111A'!D39,'111'!D39,'112'!D39,'113'!D39,'133'!D39,'134'!D39,'135'!D39,'137'!D39,'141'!D39,'144'!D39,'141'!D39,'144'!D39,'141'!D39,'144'!D39,) -> 1.5812808 | E39: =AVERAGE('120'!E39,'99'!E39,'100A'!E39,'100'!E39,'101'!E39,'102'!E39,'103'!E39,'104'!E39,'105'!E39,'106'!E39,'107'!E39,'108'!E39,'109'!E39,'110'!E39,'111A'!E39,'111'!E39,'112'!E39,'113'!E39,'133'!E39,'134'!E39,'135'!E39,'137'!E39,'141'!E39,'144'!E39,'141'!E39,'144'!E39,'141'!E39,'144'!E39,) -> 2.4228243 | F39: =AVERAGE('120'!F39,'99'!F39,'100A'!F39,'100'!F39,'101'!F39,'102'!F39,'103'!F39,'104'!F39,'105'!F39,'106'!F39,'107'!F39,'108'!F39,'109'!F39,'110'!F39,'111A'!F39,'111'!F39,'112'!F39,'113'!F39,'133'!F39,'134'!F39,'135'!F39,'137'!F39,'141'!F39,'144'!F39,'141'!F39,'144'!F39,'141'!F39,'144'!F39,) -> 2.5944171 | G39: =AVERAGE('120'!G39,'99'!G39,'100A'!G39,'100'!G39,'101'!G39,'102'!G39,'103'!G39,'104'!G39,'105'!G39,'106'!G39,'107'!G39,'108'!G39,'109'!G39,'110'!G39,'111A'!G39,'111'!G39,'112'!G39,'113'!G39,'133'!G39,'134'!G39,'135'!G39,'137'!G39,'141'!G39,'144'!G39,'141'!G39,'144'!G39,'141'!G39,'144'!G39,) -> 0.05090312 | H39: =AVERAGE('120'!H39,'99'!H39,'100A'!H39,'100'!H39,'101'!H39,'102'!H39,'103'!H39,'104'!H39,'105'!H39,'106'!H39,'107'!H39,'108'!H39,'109'!H39,'110'!H39,'111A'!H39,'111'!H39,'112'!H39,'113'!H39,'133'!H39,'134'!H39,'135'!H39,'137'!H39,'141'!H39,'144'!H39,'141'!H39,'144'!H39,'141'!H39,'144'!H39,) -> 0.25615764 | I39: =AVERAGE('120'!I39,'99'!I39,'100A'!I39,'100'!I39,'101'!I39,'102'!I39,'103'!I39,'104'!I39,'105'!I39,'106'!I39,'107'!I39,'108'!I39,'109'!I39,'110'!I39,'111A'!I39,'111'!I39,'112'!I39,'113'!I39,'133'!I39,'134'!I39,'135'!I39,'137'!I39,'141'!I39,'144'!I39,'141'!I39,'144'!I39,'141'!I39,'144'!I39,) -> 2.0640394 | J39: =AVERAGE('120'!J39,'99'!J39,'100A'!J39,'100'!J39,'101'!J39,'102'!J39,'103'!J39,'104'!J39,'105'!J39,'106'!J39,'107'!J39,'108'!J39,'109'!J39,'110'!J39,'111A'!J39,'111'!J39,'112'!J39,'113'!J39,'133'!J39,'134'!J39,'135'!J39,'137'!J39,'141'!J39,'144'!J39,'141'!J39,'144'!J39,'141'!J39,'144'!J39,) -> 0.85303777 | ... P39: =AVERAGE('120'!P39,'99'!P39,'100A'!P39,'100'!P39,'101'!P39,'102'!P39,'103'!P39,'104'!P39,'105'!P39,'106'!P39,'107'!P39,'108'!P39,'109'!P39,'110'!P39,'111A'!P39,'111'!P39,'112'!P39,'113'!P39,'133'!P39,'134'!P39,'135'!P39,'137'!P39,'141'!P39,'144'!P39,'141'!P39,'144'!P39,'141'!P39,'144'!P39,) -> 54.068144 | R39: PM Period | S39: =SUM(S19:S21) -> 96.17734 | T39: =SUM(T19:T21) -> 19.436125 | U39: =SUM(U19:U21) -> 28.476026 | V39: =SUM(V19:V21) -> 34.461412 | W39: =SUM(W19:W21) -> 1.4031199 | X39: =SUM(X19:X21) -> 3.3456486 | Y39: =SUM(Y19:Y21) -> 23.939245 | Z39: =SUM(Z19:Z21) -> 12.958949 | ... AF39: =SUM(AF19:AF21) -> 720.19622
B40: 14.30 - 14.45 | C40: =AVERAGE('120'!C40,'99'!C40,'100A'!C40,'100'!C40,'101'!C40,'102'!C40,'103'!C40,'104'!C40,'105'!C40,'106'!C40,'107'!C40,'108'!C40,'109'!C40,'110'!C40,'111A'!C40,'111'!C40,'112'!C40,'113'!C40,'133'!C40,'134'!C40,'135'!C40,'137'!C40,'141'!C40,'144'!C40,'141'!C40,'144'!C40,'141'!C40,'144'!C40,) -> 7.183087 | D40: =AVERAGE('120'!D40,'99'!D40,'100A'!D40,'100'!D40,'101'!D40,'102'!D40,'103'!D40,'104'!D40,'105'!D40,'106'!D40,'107'!D40,'108'!D40,'109'!D40,'110'!D40,'111A'!D40,'111'!D40,'112'!D40,'113'!D40,'133'!D40,'134'!D40,'135'!D40,'137'!D40,'141'!D40,'144'!D40,'141'!D40,'144'!D40,'141'!D40,'144'!D40,) -> 1.4030378 | E40: =AVERAGE('120'!E40,'99'!E40,'100A'!E40,'100'!E40,'101'!E40,'102'!E40,'103'!E40,'104'!E40,'105'!E40,'106'!E40,'107'!E40,'108'!E40,'109'!E40,'110'!E40,'111A'!E40,'111'!E40,'112'!E40,'113'!E40,'133'!E40,'134'!E40,'135'!E40,'137'!E40,'141'!E40,'144'!E40,'141'!E40,'144'!E40,'141'!E40,'144'!E40,) -> 2.0723317 | F40: =AVERAGE('120'!F40,'99'!F40,'100A'!F40,'100'!F40,'101'!F40,'102'!F40,'103'!F40,'104'!F40,'105'!F40,'106'!F40,'107'!F40,'108'!F40,'109'!F40,'110'!F40,'111A'!F40,'111'!F40,'112'!F40,'113'!F40,'133'!F40,'134'!F40,'135'!F40,'137'!F40,'141'!F40,'144'!F40,'141'!F40,'144'!F40,'141'!F40,'144'!F40,) -> 2.6272578 | G40: =AVERAGE('120'!G40,'99'!G40,'100A'!G40,'100'!G40,'101'!G40,'102'!G40,'103'!G40,'104'!G40,'105'!G40,'106'!G40,'107'!G40,'108'!G40,'109'!G40,'110'!G40,'111A'!G40,'111'!G40,'112'!G40,'113'!G40,'133'!G40,'134'!G40,'135'!G40,'137'!G40,'141'!G40,'144'!G40,'141'!G40,'144'!G40,'141'!G40,'144'!G40,) -> 0.10344828 | H40: =AVERAGE('120'!H40,'99'!H40,'100A'!H40,'100'!H40,'101'!H40,'102'!H40,'103'!H40,'104'!H40,'105'!H40,'106'!H40,'107'!H40,'108'!H40,'109'!H40,'110'!H40,'111A'!H40,'111'!H40,'112'!H40,'113'!H40,'133'!H40,'134'!H40,'135'!H40,'137'!H40,'141'!H40,'144'!H40,'141'!H40,'144'!H40,'141'!H40,'144'!H40,) -> 0.31937603 | I40: =AVERAGE('120'!I40,'99'!I40,'100A'!I40,'100'!I40,'101'!I40,'102'!I40,'103'!I40,'104'!I40,'105'!I40,'106'!I40,'107'!I40,'108'!I40,'109'!I40,'110'!I40,'111A'!I40,'111'!I40,'112'!I40,'113'!I40,'133'!I40,'134'!I40,'135'!I40,'137'!I40,'141'!I40,'144'!I40,'141'!I40,'144'!I40,'141'!I40,'144'!I40,) -> 2.0944171 | J40: =AVERAGE('120'!J40,'99'!J40,'100A'!J40,'100'!J40,'101'!J40,'102'!J40,'103'!J40,'104'!J40,'105'!J40,'106'!J40,'107'!J40,'108'!J40,'109'!J40,'110'!J40,'111A'!J40,'111'!J40,'112'!J40,'113'!J40,'133'!J40,'134'!J40,'135'!J40,'137'!J40,'141'!J40,'144'!J40,'141'!J40,'144'!J40,'141'!J40,'144'!J40,) -> 1.1149425 | ... P40: =AVERAGE('120'!P40,'99'!P40,'100A'!P40,'100'!P40,'101'!P40,'102'!P40,'103'!P40,'104'!P40,'105'!P40,'106'!P40,'107'!P40,'108'!P40,'109'!P40,'110'!P40,'111A'!P40,'111'!P40,'112'!P40,'113'!P40,'133'!P40,'134'!P40,'135'!P40,'137'!P40,'141'!P40,'144'!P40,'141'!P40,'144'!P40,'141'!P40,'144'!P40,) -> 52.866995 | R40: 12 Hours | S40: =SUM(S10:S21) -> 332.40312 | T40: =SUM(T10:T21) -> 68.434811 | U40: =SUM(U10:U21) -> 100.80411 | V40: =SUM(V10:V21) -> 132.36207 | W40: =SUM(W10:W21) -> 4.8013136 | X40: =SUM(X10:X21) -> 12.604269 | Y40: =SUM(Y10:Y21) -> 82.981938 | Z40: =SUM(Z10:Z21) -> 44.816913 | ... AF40: =SUM(AF10:AF21) -> 2573.2709
B41: 14.45 - 15.00 | C41: =AVERAGE('120'!C41,'99'!C41,'100A'!C41,'100'!C41,'101'!C41,'102'!C41,'103'!C41,'104'!C41,'105'!C41,'106'!C41,'107'!C41,'108'!C41,'109'!C41,'110'!C41,'111A'!C41,'111'!C41,'112'!C41,'113'!C41,'133'!C41,'134'!C41,'135'!C41,'137'!C41,'141'!C41,'144'!C41,'141'!C41,'144'!C41,'141'!C41,'144'!C41,) -> 6.8382594 | D41: =AVERAGE('120'!D41,'99'!D41,'100A'!D41,'100'!D41,'101'!D41,'102'!D41,'103'!D41,'104'!D41,'105'!D41,'106'!D41,'107'!D41,'108'!D41,'109'!D41,'110'!D41,'111A'!D41,'111'!D41,'112'!D41,'113'!D41,'133'!D41,'134'!D41,'135'!D41,'137'!D41,'141'!D41,'144'!D41,'141'!D41,'144'!D41,'141'!D41,'144'!D41,) -> 1.5201149 | E41: =AVERAGE('120'!E41,'99'!E41,'100A'!E41,'100'!E41,'101'!E41,'102'!E41,'103'!E41,'104'!E41,'105'!E41,'106'!E41,'107'!E41,'108'!E41,'109'!E41,'110'!E41,'111A'!E41,'111'!E41,'112'!E41,'113'!E41,'133'!E41,'134'!E41,'135'!E41,'137'!E41,'141'!E41,'144'!E41,'141'!E41,'144'!E41,'141'!E41,'144'!E41,) -> 2.4659278 | F41: =AVERAGE('120'!F41,'99'!F41,'100A'!F41,'100'!F41,'101'!F41,'102'!F41,'103'!F41,'104'!F41,'105'!F41,'106'!F41,'107'!F41,'108'!F41,'109'!F41,'110'!F41,'111A'!F41,'111'!F41,'112'!F41,'113'!F41,'133'!F41,'134'!F41,'135'!F41,'137'!F41,'141'!F41,'144'!F41,'141'!F41,'144'!F41,'141'!F41,'144'!F41,) -> 2.6149425 | G41: =AVERAGE('120'!G41,'99'!G41,'100A'!G41,'100'!G41,'101'!G41,'102'!G41,'103'!G41,'104'!G41,'105'!G41,'106'!G41,'107'!G41,'108'!G41,'109'!G41,'110'!G41,'111A'!G41,'111'!G41,'112'!G41,'113'!G41,'133'!G41,'134'!G41,'135'!G41,'137'!G41,'141'!G41,'144'!G41,'141'!G41,'144'!G41,'141'!G41,'144'!G41,) -> 0.061576355 | H41: =AVERAGE('120'!H41,'99'!H41,'100A'!H41,'100'!H41,'101'!H41,'102'!H41,'103'!H41,'104'!H41,'105'!H41,'106'!H41,'107'!H41,'108'!H41,'109'!H41,'110'!H41,'111A'!H41,'111'!H41,'112'!H41,'113'!H41,'133'!H41,'134'!H41,'135'!H41,'137'!H41,'141'!H41,'144'!H41,'141'!H41,'144'!H41,'141'!H41,'144'!H41,) -> 0.23481117 | I41: =AVERAGE('120'!I41,'99'!I41,'100A'!I41,'100'!I41,'101'!I41,'102'!I41,'103'!I41,'104'!I41,'105'!I41,'106'!I41,'107'!I41,'108'!I41,'109'!I41,'110'!I41,'111A'!I41,'111'!I41,'112'!I41,'113'!I41,'133'!I41,'134'!I41,'135'!I41,'137'!I41,'141'!I41,'144'!I41,'141'!I41,'144'!I41,'141'!I41,'144'!I41,) -> 1.9187192 | J41: =AVERAGE('120'!J41,'99'!J41,'100A'!J41,'100'!J41,'101'!J41,'102'!J41,'103'!J41,'104'!J41,'105'!J41,'106'!J41,'107'!J41,'108'!J41,'109'!J41,'110'!J41,'111A'!J41,'111'!J41,'112'!J41,'113'!J41,'133'!J41,'134'!J41,'135'!J41,'137'!J41,'141'!J41,'144'!J41,'141'!J41,'144'!J41,'141'!J41,'144'!J41,) -> 0.77668309 | ... P41: =AVERAGE('120'!P41,'99'!P41,'100A'!P41,'100'!P41,'101'!P41,'102'!P41,'103'!P41,'104'!P41,'105'!P41,'106'!P41,'107'!P41,'108'!P41,'109'!P41,'110'!P41,'111A'!P41,'111'!P41,'112'!P41,'113'!P41,'133'!P41,'134'!P41,'135'!P41,'137'!P41,'141'!P41,'144'!P41,'141'!P41,'144'!P41,'141'!P41,'144'!P41,) -> 54.073071 | R41: 24 Hours | S41: =SUM(S10:S33) -> 460.88588 | T41: =SUM(T10:T33) -> 98.134811 | U41: =SUM(U10:U33) -> 140.24204 | V41: =SUM(V10:V33) -> 174.82759 | W41: =SUM(W10:W33) -> 8.0599343 | X41: =SUM(X10:X33) -> 21.311166 | Y41: =SUM(Y10:Y33) -> 124.93021 | Z41: =SUM(Z10:Z33) -> 69.696223 | ... AF41: =SUM(AF10:AF33) -> 3352.6077
B42: 15.00 - 15.15 | C42: =AVERAGE('120'!C42,'99'!C42,'100A'!C42,'100'!C42,'101'!C42,'102'!C42,'103'!C42,'104'!C42,'105'!C42,'106'!C42,'107'!C42,'108'!C42,'109'!C42,'110'!C42,'111A'!C42,'111'!C42,'112'!C42,'113'!C42,'133'!C42,'134'!C42,'135'!C42,'137'!C42,'141'!C42,'144'!C42,'141'!C42,'144'!C42,'141'!C42,'144'!C42,) -> 7.3973727 | D42: =AVERAGE('120'!D42,'99'!D42,'100A'!D42,'100'!D42,'101'!D42,'102'!D42,'103'!D42,'104'!D42,'105'!D42,'106'!D42,'107'!D42,'108'!D42,'109'!D42,'110'!D42,'111A'!D42,'111'!D42,'112'!D42,'113'!D42,'133'!D42,'134'!D42,'135'!D42,'137'!D42,'141'!D42,'144'!D42,'141'!D42,'144'!D42,'141'!D42,'144'!D42,) -> 1.619376 | E42: =AVERAGE('120'!E42,'99'!E42,'100A'!E42,'100'!E42,'101'!E42,'102'!E42,'103'!E42,'104'!E42,'105'!E42,'106'!E42,'107'!E42,'108'!E42,'109'!E42,'110'!E42,'111A'!E42,'111'!E42,'112'!E42,'113'!E42,'133'!E42,'134'!E42,'135'!E42,'137'!E42,'141'!E42,'144'!E42,'141'!E42,'144'!E42,'141'!E42,'144'!E42,) -> 1.9939245 | F42: =AVERAGE('120'!F42,'99'!F42,'100A'!F42,'100'!F42,'101'!F42,'102'!F42,'103'!F42,'104'!F42,'105'!F42,'106'!F42,'107'!F42,'108'!F42,'109'!F42,'110'!F42,'111A'!F42,'111'!F42,'112'!F42,'113'!F42,'133'!F42,'134'!F42,'135'!F42,'137'!F42,'141'!F42,'144'!F42,'141'!F42,'144'!F42,'141'!F42,'144'!F42,) -> 3.1986864 | G42: =AVERAGE('120'!G42,'99'!G42,'100A'!G42,'100'!G42,'101'!G42,'102'!G42,'103'!G42,'104'!G42,'105'!G42,'106'!G42,'107'!G42,'108'!G42,'109'!G42,'110'!G42,'111A'!G42,'111'!G42,'112'!G42,'113'!G42,'133'!G42,'134'!G42,'135'!G42,'137'!G42,'141'!G42,'144'!G42,'141'!G42,'144'!G42,'141'!G42,'144'!G42,) -> 0.083743842 | H42: =AVERAGE('120'!H42,'99'!H42,'100A'!H42,'100'!H42,'101'!H42,'102'!H42,'103'!H42,'104'!H42,'105'!H42,'106'!H42,'107'!H42,'108'!H42,'109'!H42,'110'!H42,'111A'!H42,'111'!H42,'112'!H42,'113'!H42,'133'!H42,'134'!H42,'135'!H42,'137'!H42,'141'!H42,'144'!H42,'141'!H42,'144'!H42,'141'!H42,'144'!H42,) -> 0.44663383 | I42: =AVERAGE('120'!I42,'99'!I42,'100A'!I42,'100'!I42,'101'!I42,'102'!I42,'103'!I42,'104'!I42,'105'!I42,'106'!I42,'107'!I42,'108'!I42,'109'!I42,'110'!I42,'111A'!I42,'111'!I42,'112'!I42,'113'!I42,'133'!I42,'134'!I42,'135'!I42,'137'!I42,'141'!I42,'144'!I42,'141'!I42,'144'!I42,'141'!I42,'144'!I42,) -> 1.7479475 | J42: =AVERAGE('120'!J42,'99'!J42,'100A'!J42,'100'!J42,'101'!J42,'102'!J42,'103'!J42,'104'!J42,'105'!J42,'106'!J42,'107'!J42,'108'!J42,'109'!J42,'110'!J42,'111A'!J42,'111'!J42,'112'!J42,'113'!J42,'133'!J42,'134'!J42,'135'!J42,'137'!J42,'141'!J42,'144'!J42,'141'!J42,'144'!J42,'141'!J42,'144'!J42,) -> 1.0878489 | ... P42: =AVERAGE('120'!P42,'99'!P42,'100A'!P42,'100'!P42,'101'!P42,'102'!P42,'103'!P42,'104'!P42,'105'!P42,'106'!P42,'107'!P42,'108'!P42,'109'!P42,'110'!P42,'111A'!P42,'111'!P42,'112'!P42,'113'!P42,'133'!P42,'134'!P42,'135'!P42,'137'!P42,'141'!P42,'144'!P42,'141'!P42,'144'!P42,'141'!P42,'144'!P42,) -> 55.307882 | R42: NEF | S42: =S41/S40 -> 1.3865269 | T42: =T41/T40 -> 1.4339897 | U42: =U41/U40 -> 1.3912334 | V42: =V41/V40 -> 1.3208284 | W42: =W41/W40 -> 1.6786936 | X42: =X41/X40 -> 1.6907895 | Y42: =Y41/Y40 -> 1.5055109 | Z42: =Z41/Z40 -> 1.5551322 | ... AF42: =AF41/AF40 -> 1.3028584
B43: 15.15 - 15.30 | C43: =AVERAGE('120'!C43,'99'!C43,'100A'!C43,'100'!C43,'101'!C43,'102'!C43,'103'!C43,'104'!C43,'105'!C43,'106'!C43,'107'!C43,'108'!C43,'109'!C43,'110'!C43,'111A'!C43,'111'!C43,'112'!C43,'113'!C43,'133'!C43,'134'!C43,'135'!C43,'137'!C43,'141'!C43,'144'!C43,'141'!C43,'144'!C43,'141'!C43,'144'!C43,) -> 6.7364532 | D43: =AVERAGE('120'!D43,'99'!D43,'100A'!D43,'100'!D43,'101'!D43,'102'!D43,'103'!D43,'104'!D43,'105'!D43,'106'!D43,'107'!D43,'108'!D43,'109'!D43,'110'!D43,'111A'!D43,'111'!D43,'112'!D43,'113'!D43,'133'!D43,'134'!D43,'135'!D43,'137'!D43,'141'!D43,'144'!D43,'141'!D43,'144'!D43,'141'!D43,'144'!D43,) -> 1.4618227 | E43: =AVERAGE('120'!E43,'99'!E43,'100A'!E43,'100'!E43,'101'!E43,'102'!E43,'103'!E43,'104'!E43,'105'!E43,'106'!E43,'107'!E43,'108'!E43,'109'!E43,'110'!E43,'111A'!E43,'111'!E43,'112'!E43,'113'!E43,'133'!E43,'134'!E43,'135'!E43,'137'!E43,'141'!E43,'144'!E43,'141'!E43,'144'!E43,'141'!E43,'144'!E43,) -> 2.2573892 | F43: =AVERAGE('120'!F43,'99'!F43,'100A'!F43,'100'!F43,'101'!F43,'102'!F43,'103'!F43,'104'!F43,'105'!F43,'106'!F43,'107'!F43,'108'!F43,'109'!F43,'110'!F43,'111A'!F43,'111'!F43,'112'!F43,'113'!F43,'133'!F43,'134'!F43,'135'!F43,'137'!F43,'141'!F43,'144'!F43,'141'!F43,'144'!F43,'141'!F43,'144'!F43,) -> 2.6658456 | G43: =AVERAGE('120'!G43,'99'!G43,'100A'!G43,'100'!G43,'101'!G43,'102'!G43,'103'!G43,'104'!G43,'105'!G43,'106'!G43,'107'!G43,'108'!G43,'109'!G43,'110'!G43,'111A'!G43,'111'!G43,'112'!G43,'113'!G43,'133'!G43,'134'!G43,'135'!G43,'137'!G43,'141'!G43,'144'!G43,'141'!G43,'144'!G43,'141'!G43,'144'!G43,) -> 0.098522167 | H43: =AVERAGE('120'!H43,'99'!H43,'100A'!H43,'100'!H43,'101'!H43,'102'!H43,'103'!H43,'104'!H43,'105'!H43,'106'!H43,'107'!H43,'108'!H43,'109'!H43,'110'!H43,'111A'!H43,'111'!H43,'112'!H43,'113'!H43,'133'!H43,'134'!H43,'135'!H43,'137'!H43,'141'!H43,'144'!H43,'141'!H43,'144'!H43,'141'!H43,'144'!H43,) -> 0.33251232 | I43: =AVERAGE('120'!I43,'99'!I43,'100A'!I43,'100'!I43,'101'!I43,'102'!I43,'103'!I43,'104'!I43,'105'!I43,'106'!I43,'107'!I43,'108'!I43,'109'!I43,'110'!I43,'111A'!I43,'111'!I43,'112'!I43,'113'!I43,'133'!I43,'134'!I43,'135'!I43,'137'!I43,'141'!I43,'144'!I43,'141'!I43,'144'!I43,'141'!I43,'144'!I43,) -> 1.8538588 | J43: =AVERAGE('120'!J43,'99'!J43,'100A'!J43,'100'!J43,'101'!J43,'102'!J43,'103'!J43,'104'!J43,'105'!J43,'106'!J43,'107'!J43,'108'!J43,'109'!J43,'110'!J43,'111A'!J43,'111'!J43,'112'!J43,'113'!J43,'133'!J43,'134'!J43,'135'!J43,'137'!J43,'141'!J43,'144'!J43,'141'!J43,'144'!J43,'141'!J43,'144'!J43,) -> 0.78325123 | ... P43: =AVERAGE('120'!P43,'99'!P43,'100A'!P43,'100'!P43,'101'!P43,'102'!P43,'103'!P43,'104'!P43,'105'!P43,'106'!P43,'107'!P43,'108'!P43,'109'!P43,'110'!P43,'111A'!P43,'111'!P43,'112'!P43,'113'!P43,'133'!P43,'134'!P43,'135'!P43,'137'!P43,'141'!P43,'144'!P43,'141'!P43,'144'!P43,'141'!P43,'144'!P43,) -> 52.042693
B44: 15.30 - 15.45 | C44: =AVERAGE('120'!C44,'99'!C44,'100A'!C44,'100'!C44,'101'!C44,'102'!C44,'103'!C44,'104'!C44,'105'!C44,'106'!C44,'107'!C44,'108'!C44,'109'!C44,'110'!C44,'111A'!C44,'111'!C44,'112'!C44,'113'!C44,'133'!C44,'134'!C44,'135'!C44,'137'!C44,'141'!C44,'144'!C44,'141'!C44,'144'!C44,'141'!C44,'144'!C44,) -> 7.3144499 | D44: =AVERAGE('120'!D44,'99'!D44,'100A'!D44,'100'!D44,'101'!D44,'102'!D44,'103'!D44,'104'!D44,'105'!D44,'106'!D44,'107'!D44,'108'!D44,'109'!D44,'110'!D44,'111A'!D44,'111'!D44,'112'!D44,'113'!D44,'133'!D44,'134'!D44,'135'!D44,'137'!D44,'141'!D44,'144'!D44,'141'!D44,'144'!D44,'141'!D44,'144'!D44,) -> 1.6186371 | E44: =AVERAGE('120'!E44,'99'!E44,'100A'!E44,'100'!E44,'101'!E44,'102'!E44,'103'!E44,'104'!E44,'105'!E44,'106'!E44,'107'!E44,'108'!E44,'109'!E44,'110'!E44,'111A'!E44,'111'!E44,'112'!E44,'113'!E44,'133'!E44,'134'!E44,'135'!E44,'137'!E44,'141'!E44,'144'!E44,'141'!E44,'144'!E44,'141'!E44,'144'!E44,) -> 2.2926929 | F44: =AVERAGE('120'!F44,'99'!F44,'100A'!F44,'100'!F44,'101'!F44,'102'!F44,'103'!F44,'104'!F44,'105'!F44,'106'!F44,'107'!F44,'108'!F44,'109'!F44,'110'!F44,'111A'!F44,'111'!F44,'112'!F44,'113'!F44,'133'!F44,'134'!F44,'135'!F44,'137'!F44,'141'!F44,'144'!F44,'141'!F44,'144'!F44,'141'!F44,'144'!F44,) -> 3.1297209 | G44: =AVERAGE('120'!G44,'99'!G44,'100A'!G44,'100'!G44,'101'!G44,'102'!G44,'103'!G44,'104'!G44,'105'!G44,'106'!G44,'107'!G44,'108'!G44,'109'!G44,'110'!G44,'111A'!G44,'111'!G44,'112'!G44,'113'!G44,'133'!G44,'134'!G44,'135'!G44,'137'!G44,'141'!G44,'144'!G44,'141'!G44,'144'!G44,'141'!G44,'144'!G44,) -> 0.1182266 | H44: =AVERAGE('120'!H44,'99'!H44,'100A'!H44,'100'!H44,'101'!H44,'102'!H44,'103'!H44,'104'!H44,'105'!H44,'106'!H44,'107'!H44,'108'!H44,'109'!H44,'110'!H44,'111A'!H44,'111'!H44,'112'!H44,'113'!H44,'133'!H44,'134'!H44,'135'!H44,'137'!H44,'141'!H44,'144'!H44,'141'!H44,'144'!H44,'141'!H44,'144'!H44,) -> 0.44334975 | I44: =AVERAGE('120'!I44,'99'!I44,'100A'!I44,'100'!I44,'101'!I44,'102'!I44,'103'!I44,'104'!I44,'105'!I44,'106'!I44,'107'!I44,'108'!I44,'109'!I44,'110'!I44,'111A'!I44,'111'!I44,'112'!I44,'113'!I44,'133'!I44,'134'!I44,'135'!I44,'137'!I44,'141'!I44,'144'!I44,'141'!I44,'144'!I44,'141'!I44,'144'!I44,) -> 1.8916256 | J44: =AVERAGE('120'!J44,'99'!J44,'100A'!J44,'100'!J44,'101'!J44,'102'!J44,'103'!J44,'104'!J44,'105'!J44,'106'!J44,'107'!J44,'108'!J44,'109'!J44,'110'!J44,'111A'!J44,'111'!J44,'112'!J44,'113'!J44,'133'!J44,'134'!J44,'135'!J44,'137'!J44,'141'!J44,'144'!J44,'141'!J44,'144'!J44,'141'!J44,'144'!J44,) -> 1.0812808 | ... P44: =AVERAGE('120'!P44,'99'!P44,'100A'!P44,'100'!P44,'101'!P44,'102'!P44,'103'!P44,'104'!P44,'105'!P44,'106'!P44,'107'!P44,'108'!P44,'109'!P44,'110'!P44,'111A'!P44,'111'!P44,'112'!P44,'113'!P44,'133'!P44,'134'!P44,'135'!P44,'137'!P44,'141'!P44,'144'!P44,'141'!P44,'144'!P44,'141'!P44,'144'!P44,) -> 54.918719
B45: 15.45 - 16.00 | C45: =AVERAGE('120'!C45,'99'!C45,'100A'!C45,'100'!C45,'101'!C45,'102'!C45,'103'!C45,'104'!C45,'105'!C45,'106'!C45,'107'!C45,'108'!C45,'109'!C45,'110'!C45,'111A'!C45,'111'!C45,'112'!C45,'113'!C45,'133'!C45,'134'!C45,'135'!C45,'137'!C45,'141'!C45,'144'!C45,'141'!C45,'144'!C45,'141'!C45,'144'!C45,) -> 6.4507389 | D45: =AVERAGE('120'!D45,'99'!D45,'100A'!D45,'100'!D45,'101'!D45,'102'!D45,'103'!D45,'104'!D45,'105'!D45,'106'!D45,'107'!D45,'108'!D45,'109'!D45,'110'!D45,'111A'!D45,'111'!D45,'112'!D45,'113'!D45,'133'!D45,'134'!D45,'135'!D45,'137'!D45,'141'!D45,'144'!D45,'141'!D45,'144'!D45,'141'!D45,'144'!D45,) -> 1.4859606 | E45: =AVERAGE('120'!E45,'99'!E45,'100A'!E45,'100'!E45,'101'!E45,'102'!E45,'103'!E45,'104'!E45,'105'!E45,'106'!E45,'107'!E45,'108'!E45,'109'!E45,'110'!E45,'111A'!E45,'111'!E45,'112'!E45,'113'!E45,'133'!E45,'134'!E45,'135'!E45,'137'!E45,'141'!E45,'144'!E45,'141'!E45,'144'!E45,'141'!E45,'144'!E45,) -> 2.359688 | F45: =AVERAGE('120'!F45,'99'!F45,'100A'!F45,'100'!F45,'101'!F45,'102'!F45,'103'!F45,'104'!F45,'105'!F45,'106'!F45,'107'!F45,'108'!F45,'109'!F45,'110'!F45,'111A'!F45,'111'!F45,'112'!F45,'113'!F45,'133'!F45,'134'!F45,'135'!F45,'137'!F45,'141'!F45,'144'!F45,'141'!F45,'144'!F45,'141'!F45,'144'!F45,) -> 2.6945813 | G45: =AVERAGE('120'!G45,'99'!G45,'100A'!G45,'100'!G45,'101'!G45,'102'!G45,'103'!G45,'104'!G45,'105'!G45,'106'!G45,'107'!G45,'108'!G45,'109'!G45,'110'!G45,'111A'!G45,'111'!G45,'112'!G45,'113'!G45,'133'!G45,'134'!G45,'135'!G45,'137'!G45,'141'!G45,'144'!G45,'141'!G45,'144'!G45,'141'!G45,'144'!G45,) -> 0.064039409 | H45: =AVERAGE('120'!H45,'99'!H45,'100A'!H45,'100'!H45,'101'!H45,'102'!H45,'103'!H45,'104'!H45,'105'!H45,'106'!H45,'107'!H45,'108'!H45,'109'!H45,'110'!H45,'111A'!H45,'111'!H45,'112'!H45,'113'!H45,'133'!H45,'134'!H45,'135'!H45,'137'!H45,'141'!H45,'144'!H45,'141'!H45,'144'!H45,'141'!H45,'144'!H45,) -> 0.23152709 | I45: =AVERAGE('120'!I45,'99'!I45,'100A'!I45,'100'!I45,'101'!I45,'102'!I45,'103'!I45,'104'!I45,'105'!I45,'106'!I45,'107'!I45,'108'!I45,'109'!I45,'110'!I45,'111A'!I45,'111'!I45,'112'!I45,'113'!I45,'133'!I45,'134'!I45,'135'!I45,'137'!I45,'141'!I45,'144'!I45,'141'!I45,'144'!I45,'141'!I45,'144'!I45,) -> 1.7569787 | J45: =AVERAGE('120'!J45,'99'!J45,'100A'!J45,'100'!J45,'101'!J45,'102'!J45,'103'!J45,'104'!J45,'105'!J45,'106'!J45,'107'!J45,'108'!J45,'109'!J45,'110'!J45,'111A'!J45,'111'!J45,'112'!J45,'113'!J45,'133'!J45,'134'!J45,'135'!J45,'137'!J45,'141'!J45,'144'!J45,'141'!J45,'144'!J45,'141'!J45,'144'!J45,) -> 0.79885057 | ... P45: =AVERAGE('120'!P45,'99'!P45,'100A'!P45,'100'!P45,'101'!P45,'102'!P45,'103'!P45,'104'!P45,'105'!P45,'106'!P45,'107'!P45,'108'!P45,'109'!P45,'110'!P45,'111A'!P45,'111'!P45,'112'!P45,'113'!P45,'133'!P45,'134'!P45,'135'!P45,'137'!P45,'141'!P45,'144'!P45,'141'!P45,'144'!P45,'141'!P45,'144'!P45,) -> 54.273399
B46: 16.00 - 16.15 | C46: =AVERAGE('120'!C46,'99'!C46,'100A'!C46,'100'!C46,'101'!C46,'102'!C46,'103'!C46,'104'!C46,'105'!C46,'106'!C46,'107'!C46,'108'!C46,'109'!C46,'110'!C46,'111A'!C46,'111'!C46,'112'!C46,'113'!C46,'133'!C46,'134'!C46,'135'!C46,'137'!C46,'141'!C46,'144'!C46,'141'!C46,'144'!C46,'141'!C46,'144'!C46,) -> 7.7939245 | D46: =AVERAGE('120'!D46,'99'!D46,'100A'!D46,'100'!D46,'101'!D46,'102'!D46,'103'!D46,'104'!D46,'105'!D46,'106'!D46,'107'!D46,'108'!D46,'109'!D46,'110'!D46,'111A'!D46,'111'!D46,'112'!D46,'113'!D46,'133'!D46,'134'!D46,'135'!D46,'137'!D46,'141'!D46,'144'!D46,'141'!D46,'144'!D46,'141'!D46,'144'!D46,) -> 1.3720033 | E46: =AVERAGE('120'!E46,'99'!E46,'100A'!E46,'100'!E46,'101'!E46,'102'!E46,'103'!E46,'104'!E46,'105'!E46,'106'!E46,'107'!E46,'108'!E46,'109'!E46,'110'!E46,'111A'!E46,'111'!E46,'112'!E46,'113'!E46,'133'!E46,'134'!E46,'135'!E46,'137'!E46,'141'!E46,'144'!E46,'141'!E46,'144'!E46,'141'!E46,'144'!E46,) -> 2.0853038 | F46: =AVERAGE('120'!F46,'99'!F46,'100A'!F46,'100'!F46,'101'!F46,'102'!F46,'103'!F46,'104'!F46,'105'!F46,'106'!F46,'107'!F46,'108'!F46,'109'!F46,'110'!F46,'111A'!F46,'111'!F46,'112'!F46,'113'!F46,'133'!F46,'134'!F46,'135'!F46,'137'!F46,'141'!F46,'144'!F46,'141'!F46,'144'!F46,'141'!F46,'144'!F46,) -> 3.4408867 | G46: =AVERAGE('120'!G46,'99'!G46,'100A'!G46,'100'!G46,'101'!G46,'102'!G46,'103'!G46,'104'!G46,'105'!G46,'106'!G46,'107'!G46,'108'!G46,'109'!G46,'110'!G46,'111A'!G46,'111'!G46,'112'!G46,'113'!G46,'133'!G46,'134'!G46,'135'!G46,'137'!G46,'141'!G46,'144'!G46,'141'!G46,'144'!G46,'141'!G46,'144'!G46,) -> 0.12807882 | H46: =AVERAGE('120'!H46,'99'!H46,'100A'!H46,'100'!H46,'101'!H46,'102'!H46,'103'!H46,'104'!H46,'105'!H46,'106'!H46,'107'!H46,'108'!H46,'109'!H46,'110'!H46,'111A'!H46,'111'!H46,'112'!H46,'113'!H46,'133'!H46,'134'!H46,'135'!H46,'137'!H46,'141'!H46,'144'!H46,'141'!H46,'144'!H46,'141'!H46,'144'!H46,) -> 0.45484401 | I46: =AVERAGE('120'!I46,'99'!I46,'100A'!I46,'100'!I46,'101'!I46,'102'!I46,'103'!I46,'104'!I46,'105'!I46,'106'!I46,'107'!I46,'108'!I46,'109'!I46,'110'!I46,'111A'!I46,'111'!I46,'112'!I46,'113'!I46,'133'!I46,'134'!I46,'135'!I46,'137'!I46,'141'!I46,'144'!I46,'141'!I46,'144'!I46,'141'!I46,'144'!I46,) -> 1.8817734 | J46: =AVERAGE('120'!J46,'99'!J46,'100A'!J46,'100'!J46,'101'!J46,'102'!J46,'103'!J46,'104'!J46,'105'!J46,'106'!J46,'107'!J46,'108'!J46,'109'!J46,'110'!J46,'111A'!J46,'111'!J46,'112'!J46,'113'!J46,'133'!J46,'134'!J46,'135'!J46,'137'!J46,'141'!J46,'144'!J46,'141'!J46,'144'!J46,'141'!J46,'144'!J46,) -> 1.4893268 | ... P46: =AVERAGE('120'!P46,'99'!P46,'100A'!P46,'100'!P46,'101'!P46,'102'!P46,'103'!P46,'104'!P46,'105'!P46,'106'!P46,'107'!P46,'108'!P46,'109'!P46,'110'!P46,'111A'!P46,'111'!P46,'112'!P46,'113'!P46,'133'!P46,'134'!P46,'135'!P46,'137'!P46,'141'!P46,'144'!P46,'141'!P46,'144'!P46,'141'!P46,'144'!P46,) -> 54.967159
B47: 16.15 -16.30 | C47: =AVERAGE('120'!C47,'99'!C47,'100A'!C47,'100'!C47,'101'!C47,'102'!C47,'103'!C47,'104'!C47,'105'!C47,'106'!C47,'107'!C47,'108'!C47,'109'!C47,'110'!C47,'111A'!C47,'111'!C47,'112'!C47,'113'!C47,'133'!C47,'134'!C47,'135'!C47,'137'!C47,'141'!C47,'144'!C47,'141'!C47,'144'!C47,'141'!C47,'144'!C47,) -> 7.3062397 | D47: =AVERAGE('120'!D47,'99'!D47,'100A'!D47,'100'!D47,'101'!D47,'102'!D47,'103'!D47,'104'!D47,'105'!D47,'106'!D47,'107'!D47,'108'!D47,'109'!D47,'110'!D47,'111A'!D47,'111'!D47,'112'!D47,'113'!D47,'133'!D47,'134'!D47,'135'!D47,'137'!D47,'141'!D47,'144'!D47,'141'!D47,'144'!D47,'141'!D47,'144'!D47,) -> 1.6892447 | E47: =AVERAGE('120'!E47,'99'!E47,'100A'!E47,'100'!E47,'101'!E47,'102'!E47,'103'!E47,'104'!E47,'105'!E47,'106'!E47,'107'!E47,'108'!E47,'109'!E47,'110'!E47,'111A'!E47,'111'!E47,'112'!E47,'113'!E47,'133'!E47,'134'!E47,'135'!E47,'137'!E47,'141'!E47,'144'!E47,'141'!E47,'144'!E47,'141'!E47,'144'!E47,) -> 2.3501642 | F47: =AVERAGE('120'!F47,'99'!F47,'100A'!F47,'100'!F47,'101'!F47,'102'!F47,'103'!F47,'104'!F47,'105'!F47,'106'!F47,'107'!F47,'108'!F47,'109'!F47,'110'!F47,'111A'!F47,'111'!F47,'112'!F47,'113'!F47,'133'!F47,'134'!F47,'135'!F47,'137'!F47,'141'!F47,'144'!F47,'141'!F47,'144'!F47,'141'!F47,'144'!F47,) -> 2.7857143 | G47: =AVERAGE('120'!G47,'99'!G47,'100A'!G47,'100'!G47,'101'!G47,'102'!G47,'103'!G47,'104'!G47,'105'!G47,'106'!G47,'107'!G47,'108'!G47,'109'!G47,'110'!G47,'111A'!G47,'111'!G47,'112'!G47,'113'!G47,'133'!G47,'134'!G47,'135'!G47,'137'!G47,'141'!G47,'144'!G47,'141'!G47,'144'!G47,'141'!G47,'144'!G47,) -> 0.098522167 | H47: =AVERAGE('120'!H47,'99'!H47,'100A'!H47,'100'!H47,'101'!H47,'102'!H47,'103'!H47,'104'!H47,'105'!H47,'106'!H47,'107'!H47,'108'!H47,'109'!H47,'110'!H47,'111A'!H47,'111'!H47,'112'!H47,'113'!H47,'133'!H47,'134'!H47,'135'!H47,'137'!H47,'141'!H47,'144'!H47,'141'!H47,'144'!H47,'141'!H47,'144'!H47,) -> 0.29064039 | I47: =AVERAGE('120'!I47,'99'!I47,'100A'!I47,'100'!I47,'101'!I47,'102'!I47,'103'!I47,'104'!I47,'105'!I47,'106'!I47,'107'!I47,'108'!I47,'109'!I47,'110'!I47,'111A'!I47,'111'!I47,'112'!I47,'113'!I47,'133'!I47,'134'!I47,'135'!I47,'137'!I47,'141'!I47,'144'!I47,'141'!I47,'144'!I47,'141'!I47,'144'!I47,) -> 1.9482759 | J47: =AVERAGE('120'!J47,'99'!J47,'100A'!J47,'100'!J47,'101'!J47,'102'!J47,'103'!J47,'104'!J47,'105'!J47,'106'!J47,'107'!J47,'108'!J47,'109'!J47,'110'!J47,'111A'!J47,'111'!J47,'112'!J47,'113'!J47,'133'!J47,'134'!J47,'135'!J47,'137'!J47,'141'!J47,'144'!J47,'141'!J47,'144'!J47,'141'!J47,'144'!J47,) -> 0.90311987 | ... P47: =AVERAGE('120'!P47,'99'!P47,'100A'!P47,'100'!P47,'101'!P47,'102'!P47,'103'!P47,'104'!P47,'105'!P47,'106'!P47,'107'!P47,'108'!P47,'109'!P47,'110'!P47,'111A'!P47,'111'!P47,'112'!P47,'113'!P47,'133'!P47,'134'!P47,'135'!P47,'137'!P47,'141'!P47,'144'!P47,'141'!P47,'144'!P47,'141'!P47,'144'!P47,) -> 58.55665
B48: 16.30 -16.45 | C48: =AVERAGE('120'!C48,'99'!C48,'100A'!C48,'100'!C48,'101'!C48,'102'!C48,'103'!C48,'104'!C48,'105'!C48,'106'!C48,'107'!C48,'108'!C48,'109'!C48,'110'!C48,'111A'!C48,'111'!C48,'112'!C48,'113'!C48,'133'!C48,'134'!C48,'135'!C48,'137'!C48,'141'!C48,'144'!C48,'141'!C48,'144'!C48,'141'!C48,'144'!C48,) -> 7.6223317 | D48: =AVERAGE('120'!D48,'99'!D48,'100A'!D48,'100'!D48,'101'!D48,'102'!D48,'103'!D48,'104'!D48,'105'!D48,'106'!D48,'107'!D48,'108'!D48,'109'!D48,'110'!D48,'111A'!D48,'111'!D48,'112'!D48,'113'!D48,'133'!D48,'134'!D48,'135'!D48,'137'!D48,'141'!D48,'144'!D48,'141'!D48,'144'!D48,'141'!D48,'144'!D48,) -> 1.5371921 | E48: =AVERAGE('120'!E48,'99'!E48,'100A'!E48,'100'!E48,'101'!E48,'102'!E48,'103'!E48,'104'!E48,'105'!E48,'106'!E48,'107'!E48,'108'!E48,'109'!E48,'110'!E48,'111A'!E48,'111'!E48,'112'!E48,'113'!E48,'133'!E48,'134'!E48,'135'!E48,'137'!E48,'141'!E48,'144'!E48,'141'!E48,'144'!E48,'141'!E48,'144'!E48,) -> 2.2747947 | F48: =AVERAGE('120'!F48,'99'!F48,'100A'!F48,'100'!F48,'101'!F48,'102'!F48,'103'!F48,'104'!F48,'105'!F48,'106'!F48,'107'!F48,'108'!F48,'109'!F48,'110'!F48,'111A'!F48,'111'!F48,'112'!F48,'113'!F48,'133'!F48,'134'!F48,'135'!F48,'137'!F48,'141'!F48,'144'!F48,'141'!F48,'144'!F48,'141'!F48,'144'!F48,) -> 2.5550082 | G48: =AVERAGE('120'!G48,'99'!G48,'100A'!G48,'100'!G48,'101'!G48,'102'!G48,'103'!G48,'104'!G48,'105'!G48,'106'!G48,'107'!G48,'108'!G48,'109'!G48,'110'!G48,'111A'!G48,'111'!G48,'112'!G48,'113'!G48,'133'!G48,'134'!G48,'135'!G48,'137'!G48,'141'!G48,'144'!G48,'141'!G48,'144'!G48,'141'!G48,'144'!G48,) -> 0.078817734 | H48: =AVERAGE('120'!H48,'99'!H48,'100A'!H48,'100'!H48,'101'!H48,'102'!H48,'103'!H48,'104'!H48,'105'!H48,'106'!H48,'107'!H48,'108'!H48,'109'!H48,'110'!H48,'111A'!H48,'111'!H48,'112'!H48,'113'!H48,'133'!H48,'134'!H48,'135'!H48,'137'!H48,'141'!H48,'144'!H48,'141'!H48,'144'!H48,'141'!H48,'144'!H48,) -> 0.35221675 | I48: =AVERAGE('120'!I48,'99'!I48,'100A'!I48,'100'!I48,'101'!I48,'102'!I48,'103'!I48,'104'!I48,'105'!I48,'106'!I48,'107'!I48,'108'!I48,'109'!I48,'110'!I48,'111A'!I48,'111'!I48,'112'!I48,'113'!I48,'133'!I48,'134'!I48,'135'!I48,'137'!I48,'141'!I48,'144'!I48,'141'!I48,'144'!I48,'141'!I48,'144'!I48,) -> 1.8522167 | J48: =AVERAGE('120'!J48,'99'!J48,'100A'!J48,'100'!J48,'101'!J48,'102'!J48,'103'!J48,'104'!J48,'105'!J48,'106'!J48,'107'!J48,'108'!J48,'109'!J48,'110'!J48,'111A'!J48,'111'!J48,'112'!J48,'113'!J48,'133'!J48,'134'!J48,'135'!J48,'137'!J48,'141'!J48,'144'!J48,'141'!J48,'144'!J48,'141'!J48,'144'!J48,) -> 1.1584565 | ... P48: =AVERAGE('120'!P48,'99'!P48,'100A'!P48,'100'!P48,'101'!P48,'102'!P48,'103'!P48,'104'!P48,'105'!P48,'106'!P48,'107'!P48,'108'!P48,'109'!P48,'110'!P48,'111A'!P48,'111'!P48,'112'!P48,'113'!P48,'133'!P48,'134'!P48,'135'!P48,'137'!P48,'141'!P48,'144'!P48,'141'!P48,'144'!P48,'141'!P48,'144'!P48,) -> 56.866174
B49: 16.45 -17.00 | C49: =AVERAGE('120'!C49,'99'!C49,'100A'!C49,'100'!C49,'101'!C49,'102'!C49,'103'!C49,'104'!C49,'105'!C49,'106'!C49,'107'!C49,'108'!C49,'109'!C49,'110'!C49,'111A'!C49,'111'!C49,'112'!C49,'113'!C49,'133'!C49,'134'!C49,'135'!C49,'137'!C49,'141'!C49,'144'!C49,'141'!C49,'144'!C49,'141'!C49,'144'!C49,) -> 7.4211823 | D49: =AVERAGE('120'!D49,'99'!D49,'100A'!D49,'100'!D49,'101'!D49,'102'!D49,'103'!D49,'104'!D49,'105'!D49,'106'!D49,'107'!D49,'108'!D49,'109'!D49,'110'!D49,'111A'!D49,'111'!D49,'112'!D49,'113'!D49,'133'!D49,'134'!D49,'135'!D49,'137'!D49,'141'!D49,'144'!D49,'141'!D49,'144'!D49,'141'!D49,'144'!D49,) -> 1.7794745 | E49: =AVERAGE('120'!E49,'99'!E49,'100A'!E49,'100'!E49,'101'!E49,'102'!E49,'103'!E49,'104'!E49,'105'!E49,'106'!E49,'107'!E49,'108'!E49,'109'!E49,'110'!E49,'111A'!E49,'111'!E49,'112'!E49,'113'!E49,'133'!E49,'134'!E49,'135'!E49,'137'!E49,'141'!E49,'144'!E49,'141'!E49,'144'!E49,'141'!E49,'144'!E49,) -> 2.3518883 | F49: =AVERAGE('120'!F49,'99'!F49,'100A'!F49,'100'!F49,'101'!F49,'102'!F49,'103'!F49,'104'!F49,'105'!F49,'106'!F49,'107'!F49,'108'!F49,'109'!F49,'110'!F49,'111A'!F49,'111'!F49,'112'!F49,'113'!F49,'133'!F49,'134'!F49,'135'!F49,'137'!F49,'141'!F49,'144'!F49,'141'!F49,'144'!F49,'141'!F49,'144'!F49,) -> 2.6888342 | G49: =AVERAGE('120'!G49,'99'!G49,'100A'!G49,'100'!G49,'101'!G49,'102'!G49,'103'!G49,'104'!G49,'105'!G49,'106'!G49,'107'!G49,'108'!G49,'109'!G49,'110'!G49,'111A'!G49,'111'!G49,'112'!G49,'113'!G49,'133'!G49,'134'!G49,'135'!G49,'137'!G49,'141'!G49,'144'!G49,'141'!G49,'144'!G49,'141'!G49,'144'!G49,) -> 0.078817734 | H49: =AVERAGE('120'!H49,'99'!H49,'100A'!H49,'100'!H49,'101'!H49,'102'!H49,'103'!H49,'104'!H49,'105'!H49,'106'!H49,'107'!H49,'108'!H49,'109'!H49,'110'!H49,'111A'!H49,'111'!H49,'112'!H49,'113'!H49,'133'!H49,'134'!H49,'135'!H49,'137'!H49,'141'!H49,'144'!H49,'141'!H49,'144'!H49,'141'!H49,'144'!H49,) -> 0.20525452 | I49: =AVERAGE('120'!I49,'99'!I49,'100A'!I49,'100'!I49,'101'!I49,'102'!I49,'103'!I49,'104'!I49,'105'!I49,'106'!I49,'107'!I49,'108'!I49,'109'!I49,'110'!I49,'111A'!I49,'111'!I49,'112'!I49,'113'!I49,'133'!I49,'134'!I49,'135'!I49,'137'!I49,'141'!I49,'144'!I49,'141'!I49,'144'!I49,'141'!I49,'144'!I49,) -> 2.0566502 | J49: =AVERAGE('120'!J49,'99'!J49,'100A'!J49,'100'!J49,'101'!J49,'102'!J49,'103'!J49,'104'!J49,'105'!J49,'106'!J49,'107'!J49,'108'!J49,'109'!J49,'110'!J49,'111A'!J49,'111'!J49,'112'!J49,'113'!J49,'133'!J49,'134'!J49,'135'!J49,'137'!J49,'141'!J49,'144'!J49,'141'!J49,'144'!J49,'141'!J49,'144'!J49,) -> 0.88916256 | ... P49: =AVERAGE('120'!P49,'99'!P49,'100A'!P49,'100'!P49,'101'!P49,'102'!P49,'103'!P49,'104'!P49,'105'!P49,'106'!P49,'107'!P49,'108'!P49,'109'!P49,'110'!P49,'111A'!P49,'111'!P49,'112'!P49,'113'!P49,'133'!P49,'134'!P49,'135'!P49,'137'!P49,'141'!P49,'144'!P49,'141'!P49,'144'!P49,'141'!P49,'144'!P49,) -> 60.190476
B50: 17.00 -17.15 | C50: =AVERAGE('120'!C50,'99'!C50,'100A'!C50,'100'!C50,'101'!C50,'102'!C50,'103'!C50,'104'!C50,'105'!C50,'106'!C50,'107'!C50,'108'!C50,'109'!C50,'110'!C50,'111A'!C50,'111'!C50,'112'!C50,'113'!C50,'133'!C50,'134'!C50,'135'!C50,'137'!C50,'141'!C50,'144'!C50,'141'!C50,'144'!C50,'141'!C50,'144'!C50,) -> 8.2036125 | D50: =AVERAGE('120'!D50,'99'!D50,'100A'!D50,'100'!D50,'101'!D50,'102'!D50,'103'!D50,'104'!D50,'105'!D50,'106'!D50,'107'!D50,'108'!D50,'109'!D50,'110'!D50,'111A'!D50,'111'!D50,'112'!D50,'113'!D50,'133'!D50,'134'!D50,'135'!D50,'137'!D50,'141'!D50,'144'!D50,'141'!D50,'144'!D50,'141'!D50,'144'!D50,) -> 1.6378489 | E50: =AVERAGE('120'!E50,'99'!E50,'100A'!E50,'100'!E50,'101'!E50,'102'!E50,'103'!E50,'104'!E50,'105'!E50,'106'!E50,'107'!E50,'108'!E50,'109'!E50,'110'!E50,'111A'!E50,'111'!E50,'112'!E50,'113'!E50,'133'!E50,'134'!E50,'135'!E50,'137'!E50,'141'!E50,'144'!E50,'141'!E50,'144'!E50,'141'!E50,'144'!E50,) -> 2.2472085 | F50: =AVERAGE('120'!F50,'99'!F50,'100A'!F50,'100'!F50,'101'!F50,'102'!F50,'103'!F50,'104'!F50,'105'!F50,'106'!F50,'107'!F50,'108'!F50,'109'!F50,'110'!F50,'111A'!F50,'111'!F50,'112'!F50,'113'!F50,'133'!F50,'134'!F50,'135'!F50,'137'!F50,'141'!F50,'144'!F50,'141'!F50,'144'!F50,'141'!F50,'144'!F50,) -> 3.3842365 | G50: =AVERAGE('120'!G50,'99'!G50,'100A'!G50,'100'!G50,'101'!G50,'102'!G50,'103'!G50,'104'!G50,'105'!G50,'106'!G50,'107'!G50,'108'!G50,'109'!G50,'110'!G50,'111A'!G50,'111'!G50,'112'!G50,'113'!G50,'133'!G50,'134'!G50,'135'!G50,'137'!G50,'141'!G50,'144'!G50,'141'!G50,'144'!G50,'141'!G50,'144'!G50,) -> 0.054187192 | H50: =AVERAGE('120'!H50,'99'!H50,'100A'!H50,'100'!H50,'101'!H50,'102'!H50,'103'!H50,'104'!H50,'105'!H50,'106'!H50,'107'!H50,'108'!H50,'109'!H50,'110'!H50,'111A'!H50,'111'!H50,'112'!H50,'113'!H50,'133'!H50,'134'!H50,'135'!H50,'137'!H50,'141'!H50,'144'!H50,'141'!H50,'144'!H50,'141'!H50,'144'!H50,) -> 0.42200328 | I50: =AVERAGE('120'!I50,'99'!I50,'100A'!I50,'100'!I50,'101'!I50,'102'!I50,'103'!I50,'104'!I50,'105'!I50,'106'!I50,'107'!I50,'108'!I50,'109'!I50,'110'!I50,'111A'!I50,'111'!I50,'112'!I50,'113'!I50,'133'!I50,'134'!I50,'135'!I50,'137'!I50,'141'!I50,'144'!I50,'141'!I50,'144'!I50,'141'!I50,'144'!I50,) -> 2.134647 | J50: =AVERAGE('120'!J50,'99'!J50,'100A'!J50,'100'!J50,'101'!J50,'102'!J50,'103'!J50,'104'!J50,'105'!J50,'106'!J50,'107'!J50,'108'!J50,'109'!J50,'110'!J50,'111A'!J50,'111'!J50,'112'!J50,'113'!J50,'133'!J50,'134'!J50,'135'!J50,'137'!J50,'141'!J50,'144'!J50,'141'!J50,'144'!J50,'141'!J50,'144'!J50,) -> 1.3284072 | ... P50: =AVERAGE('120'!P50,'99'!P50,'100A'!P50,'100'!P50,'101'!P50,'102'!P50,'103'!P50,'104'!P50,'105'!P50,'106'!P50,'107'!P50,'108'!P50,'109'!P50,'110'!P50,'111A'!P50,'111'!P50,'112'!P50,'113'!P50,'133'!P50,'134'!P50,'135'!P50,'137'!P50,'141'!P50,'144'!P50,'141'!P50,'144'!P50,'141'!P50,'144'!P50,) -> 61.248768
B51: 17.15 -17.30 | C51: =AVERAGE('120'!C51,'99'!C51,'100A'!C51,'100'!C51,'101'!C51,'102'!C51,'103'!C51,'104'!C51,'105'!C51,'106'!C51,'107'!C51,'108'!C51,'109'!C51,'110'!C51,'111A'!C51,'111'!C51,'112'!C51,'113'!C51,'133'!C51,'134'!C51,'135'!C51,'137'!C51,'141'!C51,'144'!C51,'141'!C51,'144'!C51,'141'!C51,'144'!C51,) -> 7.8103448 | D51: =AVERAGE('120'!D51,'99'!D51,'100A'!D51,'100'!D51,'101'!D51,'102'!D51,'103'!D51,'104'!D51,'105'!D51,'106'!D51,'107'!D51,'108'!D51,'109'!D51,'110'!D51,'111A'!D51,'111'!D51,'112'!D51,'113'!D51,'133'!D51,'134'!D51,'135'!D51,'137'!D51,'141'!D51,'144'!D51,'141'!D51,'144'!D51,'141'!D51,'144'!D51,) -> 1.8013957 | E51: =AVERAGE('120'!E51,'99'!E51,'100A'!E51,'100'!E51,'101'!E51,'102'!E51,'103'!E51,'104'!E51,'105'!E51,'106'!E51,'107'!E51,'108'!E51,'109'!E51,'110'!E51,'111A'!E51,'111'!E51,'112'!E51,'113'!E51,'133'!E51,'134'!E51,'135'!E51,'137'!E51,'141'!E51,'144'!E51,'141'!E51,'144'!E51,'141'!E51,'144'!E51,) -> 2.7117406 | F51: =AVERAGE('120'!F51,'99'!F51,'100A'!F51,'100'!F51,'101'!F51,'102'!F51,'103'!F51,'104'!F51,'105'!F51,'106'!F51,'107'!F51,'108'!F51,'109'!F51,'110'!F51,'111A'!F51,'111'!F51,'112'!F51,'113'!F51,'133'!F51,'134'!F51,'135'!F51,'137'!F51,'141'!F51,'144'!F51,'141'!F51,'144'!F51,'141'!F51,'144'!F51,) -> 2.8226601 | G51: =AVERAGE('120'!G51,'99'!G51,'100A'!G51,'100'!G51,'101'!G51,'102'!G51,'103'!G51,'104'!G51,'105'!G51,'106'!G51,'107'!G51,'108'!G51,'109'!G51,'110'!G51,'111A'!G51,'111'!G51,'112'!G51,'113'!G51,'133'!G51,'134'!G51,'135'!G51,'137'!G51,'141'!G51,'144'!G51,'141'!G51,'144'!G51,'141'!G51,'144'!G51,) -> 0.090311987 | H51: =AVERAGE('120'!H51,'99'!H51,'100A'!H51,'100'!H51,'101'!H51,'102'!H51,'103'!H51,'104'!H51,'105'!H51,'106'!H51,'107'!H51,'108'!H51,'109'!H51,'110'!H51,'111A'!H51,'111'!H51,'112'!H51,'113'!H51,'133'!H51,'134'!H51,'135'!H51,'137'!H51,'141'!H51,'144'!H51,'141'!H51,'144'!H51,'141'!H51,'144'!H51,) -> 0.22824302 | I51: =AVERAGE('120'!I51,'99'!I51,'100A'!I51,'100'!I51,'101'!I51,'102'!I51,'103'!I51,'104'!I51,'105'!I51,'106'!I51,'107'!I51,'108'!I51,'109'!I51,'110'!I51,'111A'!I51,'111'!I51,'112'!I51,'113'!I51,'133'!I51,'134'!I51,'135'!I51,'137'!I51,'141'!I51,'144'!I51,'141'!I51,'144'!I51,'141'!I51,'144'!I51,) -> 1.9597701 | J51: =AVERAGE('120'!J51,'99'!J51,'100A'!J51,'100'!J51,'101'!J51,'102'!J51,'103'!J51,'104'!J51,'105'!J51,'106'!J51,'107'!J51,'108'!J51,'109'!J51,'110'!J51,'111A'!J51,'111'!J51,'112'!J51,'113'!J51,'133'!J51,'134'!J51,'135'!J51,'137'!J51,'141'!J51,'144'!J51,'141'!J51,'144'!J51,'141'!J51,'144'!J51,) -> 0.87684729 | ... P51: =AVERAGE('120'!P51,'99'!P51,'100A'!P51,'100'!P51,'101'!P51,'102'!P51,'103'!P51,'104'!P51,'105'!P51,'106'!P51,'107'!P51,'108'!P51,'109'!P51,'110'!P51,'111A'!P51,'111'!P51,'112'!P51,'113'!P51,'133'!P51,'134'!P51,'135'!P51,'137'!P51,'141'!P51,'144'!P51,'141'!P51,'144'!P51,'141'!P51,'144'!P51,) -> 62.53202
B52: 17.30 -17.45 | C52: =AVERAGE('120'!C52,'99'!C52,'100A'!C52,'100'!C52,'101'!C52,'102'!C52,'103'!C52,'104'!C52,'105'!C52,'106'!C52,'107'!C52,'108'!C52,'109'!C52,'110'!C52,'111A'!C52,'111'!C52,'112'!C52,'113'!C52,'133'!C52,'134'!C52,'135'!C52,'137'!C52,'141'!C52,'144'!C52,'141'!C52,'144'!C52,'141'!C52,'144'!C52,) -> 8.7463054 | D52: =AVERAGE('120'!D52,'99'!D52,'100A'!D52,'100'!D52,'101'!D52,'102'!D52,'103'!D52,'104'!D52,'105'!D52,'106'!D52,'107'!D52,'108'!D52,'109'!D52,'110'!D52,'111A'!D52,'111'!D52,'112'!D52,'113'!D52,'133'!D52,'134'!D52,'135'!D52,'137'!D52,'141'!D52,'144'!D52,'141'!D52,'144'!D52,'141'!D52,'144'!D52,) -> 1.7696223 | E52: =AVERAGE('120'!E52,'99'!E52,'100A'!E52,'100'!E52,'101'!E52,'102'!E52,'103'!E52,'104'!E52,'105'!E52,'106'!E52,'107'!E52,'108'!E52,'109'!E52,'110'!E52,'111A'!E52,'111'!E52,'112'!E52,'113'!E52,'133'!E52,'134'!E52,'135'!E52,'137'!E52,'141'!E52,'144'!E52,'141'!E52,'144'!E52,'141'!E52,'144'!E52,) -> 2.7509031 | F52: =AVERAGE('120'!F52,'99'!F52,'100A'!F52,'100'!F52,'101'!F52,'102'!F52,'103'!F52,'104'!F52,'105'!F52,'106'!F52,'107'!F52,'108'!F52,'109'!F52,'110'!F52,'111A'!F52,'111'!F52,'112'!F52,'113'!F52,'133'!F52,'134'!F52,'135'!F52,'137'!F52,'141'!F52,'144'!F52,'141'!F52,'144'!F52,'141'!F52,'144'!F52,) -> 2.9515599 | G52: =AVERAGE('120'!G52,'99'!G52,'100A'!G52,'100'!G52,'101'!G52,'102'!G52,'103'!G52,'104'!G52,'105'!G52,'106'!G52,'107'!G52,'108'!G52,'109'!G52,'110'!G52,'111A'!G52,'111'!G52,'112'!G52,'113'!G52,'133'!G52,'134'!G52,'135'!G52,'137'!G52,'141'!G52,'144'!G52,'141'!G52,'144'!G52,'141'!G52,'144'!G52,) -> 0.12315271 | H52: =AVERAGE('120'!H52,'99'!H52,'100A'!H52,'100'!H52,'101'!H52,'102'!H52,'103'!H52,'104'!H52,'105'!H52,'106'!H52,'107'!H52,'108'!H52,'109'!H52,'110'!H52,'111A'!H52,'111'!H52,'112'!H52,'113'!H52,'133'!H52,'134'!H52,'135'!H52,'137'!H52,'141'!H52,'144'!H52,'141'!H52,'144'!H52,'141'!H52,'144'!H52,) -> 0.24137931 | I52: =AVERAGE('120'!I52,'99'!I52,'100A'!I52,'100'!I52,'101'!I52,'102'!I52,'103'!I52,'104'!I52,'105'!I52,'106'!I52,'107'!I52,'108'!I52,'109'!I52,'110'!I52,'111A'!I52,'111'!I52,'112'!I52,'113'!I52,'133'!I52,'134'!I52,'135'!I52,'137'!I52,'141'!I52,'144'!I52,'141'!I52,'144'!I52,'141'!I52,'144'!I52,) -> 2.0796388 | J52: =AVERAGE('120'!J52,'99'!J52,'100A'!J52,'100'!J52,'101'!J52,'102'!J52,'103'!J52,'104'!J52,'105'!J52,'106'!J52,'107'!J52,'108'!J52,'109'!J52,'110'!J52,'111A'!J52,'111'!J52,'112'!J52,'113'!J52,'133'!J52,'134'!J52,'135'!J52,'137'!J52,'141'!J52,'144'!J52,'141'!J52,'144'!J52,'141'!J52,'144'!J52,) -> 0.96880131 | ... P52: =AVERAGE('120'!P52,'99'!P52,'100A'!P52,'100'!P52,'101'!P52,'102'!P52,'103'!P52,'104'!P52,'105'!P52,'106'!P52,'107'!P52,'108'!P52,'109'!P52,'110'!P52,'111A'!P52,'111'!P52,'112'!P52,'113'!P52,'133'!P52,'134'!P52,'135'!P52,'137'!P52,'141'!P52,'144'!P52,'141'!P52,'144'!P52,'141'!P52,'144'!P52,) -> 60.169951
B53: 17.45 -18.00 | C53: =AVERAGE('120'!C53,'99'!C53,'100A'!C53,'100'!C53,'101'!C53,'102'!C53,'103'!C53,'104'!C53,'105'!C53,'106'!C53,'107'!C53,'108'!C53,'109'!C53,'110'!C53,'111A'!C53,'111'!C53,'112'!C53,'113'!C53,'133'!C53,'134'!C53,'135'!C53,'137'!C53,'141'!C53,'144'!C53,'141'!C53,'144'!C53,'141'!C53,'144'!C53,) -> 7.9055829 | D53: =AVERAGE('120'!D53,'99'!D53,'100A'!D53,'100'!D53,'101'!D53,'102'!D53,'103'!D53,'104'!D53,'105'!D53,'106'!D53,'107'!D53,'108'!D53,'109'!D53,'110'!D53,'111A'!D53,'111'!D53,'112'!D53,'113'!D53,'133'!D53,'134'!D53,'135'!D53,'137'!D53,'141'!D53,'144'!D53,'141'!D53,'144'!D53,'141'!D53,'144'!D53,) -> 1.6110016 | E53: =AVERAGE('120'!E53,'99'!E53,'100A'!E53,'100'!E53,'101'!E53,'102'!E53,'103'!E53,'104'!E53,'105'!E53,'106'!E53,'107'!E53,'108'!E53,'109'!E53,'110'!E53,'111A'!E53,'111'!E53,'112'!E53,'113'!E53,'133'!E53,'134'!E53,'135'!E53,'137'!E53,'141'!E53,'144'!E53,'141'!E53,'144'!E53,'141'!E53,'144'!E53,) -> 2.463711 | F53: =AVERAGE('120'!F53,'99'!F53,'100A'!F53,'100'!F53,'101'!F53,'102'!F53,'103'!F53,'104'!F53,'105'!F53,'106'!F53,'107'!F53,'108'!F53,'109'!F53,'110'!F53,'111A'!F53,'111'!F53,'112'!F53,'113'!F53,'133'!F53,'134'!F53,'135'!F53,'137'!F53,'141'!F53,'144'!F53,'141'!F53,'144'!F53,'141'!F53,'144'!F53,) -> 2.7619048 | G53: =AVERAGE('120'!G53,'99'!G53,'100A'!G53,'100'!G53,'101'!G53,'102'!G53,'103'!G53,'104'!G53,'105'!G53,'106'!G53,'107'!G53,'108'!G53,'109'!G53,'110'!G53,'111A'!G53,'111'!G53,'112'!G53,'113'!G53,'133'!G53,'134'!G53,'135'!G53,'137'!G53,'141'!G53,'144'!G53,'141'!G53,'144'!G53,'141'!G53,'144'!G53,) -> 0.14285714 | H53: =AVERAGE('120'!H53,'99'!H53,'100A'!H53,'100'!H53,'101'!H53,'102'!H53,'103'!H53,'104'!H53,'105'!H53,'106'!H53,'107'!H53,'108'!H53,'109'!H53,'110'!H53,'111A'!H53,'111'!H53,'112'!H53,'113'!H53,'133'!H53,'134'!H53,'135'!H53,'137'!H53,'141'!H53,'144'!H53,'141'!H53,'144'!H53,'141'!H53,'144'!H53,) -> 0.2364532 | I53: =AVERAGE('120'!I53,'99'!I53,'100A'!I53,'100'!I53,'101'!I53,'102'!I53,'103'!I53,'104'!I53,'105'!I53,'106'!I53,'107'!I53,'108'!I53,'109'!I53,'110'!I53,'111A'!I53,'111'!I53,'112'!I53,'113'!I53,'133'!I53,'134'!I53,'135'!I53,'137'!I53,'141'!I53,'144'!I53,'141'!I53,'144'!I53,'141'!I53,'144'!I53,) -> 2.1116585 | J53: =AVERAGE('120'!J53,'99'!J53,'100A'!J53,'100'!J53,'101'!J53,'102'!J53,'103'!J53,'104'!J53,'105'!J53,'106'!J53,'107'!J53,'108'!J53,'109'!J53,'110'!J53,'111A'!J53,'111'!J53,'112'!J53,'113'!J53,'133'!J53,'134'!J53,'135'!J53,'137'!J53,'141'!J53,'144'!J53,'141'!J53,'144'!J53,'141'!J53,'144'!J53,) -> 0.87684729 | ... P53: =AVERAGE('120'!P53,'99'!P53,'100A'!P53,'100'!P53,'101'!P53,'102'!P53,'103'!P53,'104'!P53,'105'!P53,'106'!P53,'107'!P53,'108'!P53,'109'!P53,'110'!P53,'111A'!P53,'111'!P53,'112'!P53,'113'!P53,'133'!P53,'134'!P53,'135'!P53,'137'!P53,'141'!P53,'144'!P53,'141'!P53,'144'!P53,'141'!P53,'144'!P53,) -> 60.788998
B54: 18.00 - 18.15 | C54: =AVERAGE('120'!C54,'99'!C54,'100A'!C54,'100'!C54,'101'!C54,'102'!C54,'103'!C54,'104'!C54,'105'!C54,'106'!C54,'107'!C54,'108'!C54,'109'!C54,'110'!C54,'111A'!C54,'111'!C54,'112'!C54,'113'!C54,'133'!C54,'134'!C54,'135'!C54,'137'!C54,'141'!C54,'144'!C54,'141'!C54,'144'!C54,'141'!C54,'144'!C54,) -> 8.0944171 | D54: =AVERAGE('120'!D54,'99'!D54,'100A'!D54,'100'!D54,'101'!D54,'102'!D54,'103'!D54,'104'!D54,'105'!D54,'106'!D54,'107'!D54,'108'!D54,'109'!D54,'110'!D54,'111A'!D54,'111'!D54,'112'!D54,'113'!D54,'133'!D54,'134'!D54,'135'!D54,'137'!D54,'141'!D54,'144'!D54,'141'!D54,'144'!D54,'141'!D54,'144'!D54,) -> 1.4754516 | E54: =AVERAGE('120'!E54,'99'!E54,'100A'!E54,'100'!E54,'101'!E54,'102'!E54,'103'!E54,'104'!E54,'105'!E54,'106'!E54,'107'!E54,'108'!E54,'109'!E54,'110'!E54,'111A'!E54,'111'!E54,'112'!E54,'113'!E54,'133'!E54,'134'!E54,'135'!E54,'137'!E54,'141'!E54,'144'!E54,'141'!E54,'144'!E54,'141'!E54,'144'!E54,) -> 2.4810345 | F54: =AVERAGE('120'!F54,'99'!F54,'100A'!F54,'100'!F54,'101'!F54,'102'!F54,'103'!F54,'104'!F54,'105'!F54,'106'!F54,'107'!F54,'108'!F54,'109'!F54,'110'!F54,'111A'!F54,'111'!F54,'112'!F54,'113'!F54,'133'!F54,'134'!F54,'135'!F54,'137'!F54,'141'!F54,'144'!F54,'141'!F54,'144'!F54,'141'!F54,'144'!F54,) -> 3.1403941 | G54: =AVERAGE('120'!G54,'99'!G54,'100A'!G54,'100'!G54,'101'!G54,'102'!G54,'103'!G54,'104'!G54,'105'!G54,'106'!G54,'107'!G54,'108'!G54,'109'!G54,'110'!G54,'111A'!G54,'111'!G54,'112'!G54,'113'!G54,'133'!G54,'134'!G54,'135'!G54,'137'!G54,'141'!G54,'144'!G54,'141'!G54,'144'!G54,'141'!G54,'144'!G54,) -> 0.18472906 | H54: =AVERAGE('120'!H54,'99'!H54,'100A'!H54,'100'!H54,'101'!H54,'102'!H54,'103'!H54,'104'!H54,'105'!H54,'106'!H54,'107'!H54,'108'!H54,'109'!H54,'110'!H54,'111A'!H54,'111'!H54,'112'!H54,'113'!H54,'133'!H54,'134'!H54,'135'!H54,'137'!H54,'141'!H54,'144'!H54,'141'!H54,'144'!H54,'141'!H54,'144'!H54,) -> 0.30377668 | I54: =AVERAGE('120'!I54,'99'!I54,'100A'!I54,'100'!I54,'101'!I54,'102'!I54,'103'!I54,'104'!I54,'105'!I54,'106'!I54,'107'!I54,'108'!I54,'109'!I54,'110'!I54,'111A'!I54,'111'!I54,'112'!I54,'113'!I54,'133'!I54,'134'!I54,'135'!I54,'137'!I54,'141'!I54,'144'!I54,'141'!I54,'144'!I54,'141'!I54,'144'!I54,) -> 1.908867 | J54: =AVERAGE('120'!J54,'99'!J54,'100A'!J54,'100'!J54,'101'!J54,'102'!J54,'103'!J54,'104'!J54,'105'!J54,'106'!J54,'107'!J54,'108'!J54,'109'!J54,'110'!J54,'111A'!J54,'111'!J54,'112'!J54,'113'!J54,'133'!J54,'134'!J54,'135'!J54,'137'!J54,'141'!J54,'144'!J54,'141'!J54,'144'!J54,'141'!J54,'144'!J54,) -> 1.2692939 | ... P54: =AVERAGE('120'!P54,'99'!P54,'100A'!P54,'100'!P54,'101'!P54,'102'!P54,'103'!P54,'104'!P54,'105'!P54,'106'!P54,'107'!P54,'108'!P54,'109'!P54,'110'!P54,'111A'!P54,'111'!P54,'112'!P54,'113'!P54,'133'!P54,'134'!P54,'135'!P54,'137'!P54,'141'!P54,'144'!P54,'141'!P54,'144'!P54,'141'!P54,'144'!P54,) -> 59.746305
... B105: 06.45 - 07.00 | C105: =AVERAGE('120'!C105,'99'!C105,'100A'!C105,'100'!C105,'101'!C105,'102'!C105,'103'!C105,'104'!C105,'105'!C105,'106'!C105,'107'!C105,'108'!C105,'109'!C105,'110'!C105,'111A'!C105,'111'!C105,'112'!C105,'113'!C105,'133'!C105,'134'!C105,'135'!C105,'137'!C105,'141'!C105,'144'!C105,'141'!C105,'144'!C105,'141'!C105,'144'!C105,) -> 2.5172414 | D105: =AVERAGE('120'!D105,'99'!D105,'100A'!D105,'100'!D105,'101'!D105,'102'!D105,'103'!D105,'104'!D105,'105'!D105,'106'!D105,'107'!D105,'108'!D105,'109'!D105,'110'!D105,'111A'!D105,'111'!D105,'112'!D105,'113'!D105,'133'!D105,'134'!D105,'135'!D105,'137'!D105,'141'!D105,'144'!D105,'141'!D105,'144'!D105,'141'!D105,'144'!D105,) -> 0.87413793 | E105: =AVERAGE('120'!E105,'99'!E105,'100A'!E105,'100'!E105,'101'!E105,'102'!E105,'103'!E105,'104'!E105,'105'!E105,'106'!E105,'107'!E105,'108'!E105,'109'!E105,'110'!E105,'111A'!E105,'111'!E105,'112'!E105,'113'!E105,'133'!E105,'134'!E105,'135'!E105,'137'!E105,'141'!E105,'144'!E105,'141'!E105,'144'!E105,'141'!E105,'144'!E105,) -> 0.95344828 | F105: =AVERAGE('120'!F105,'99'!F105,'100A'!F105,'100'!F105,'101'!F105,'102'!F105,'103'!F105,'104'!F105,'105'!F105,'106'!F105,'107'!F105,'108'!F105,'109'!F105,'110'!F105,'111A'!F105,'111'!F105,'112'!F105,'113'!F105,'133'!F105,'134'!F105,'135'!F105,'137'!F105,'141'!F105,'144'!F105,'141'!F105,'144'!F105,'141'!F105,'144'!F105,) -> 1.9827586 | G105: =AVERAGE('120'!G105,'99'!G105,'100A'!G105,'100'!G105,'101'!G105,'102'!G105,'103'!G105,'104'!G105,'105'!G105,'106'!G105,'107'!G105,'108'!G105,'109'!G105,'110'!G105,'111A'!G105,'111'!G105,'112'!G105,'113'!G105,'133'!G105,'134'!G105,'135'!G105,'137'!G105,'141'!G105,'144'!G105,'141'!G105,'144'!G105,'141'!G105,'144'!G105,) -> 0.10344828 | H105: =AVERAGE('120'!H105,'99'!H105,'100A'!H105,'100'!H105,'101'!H105,'102'!H105,'103'!H105,'104'!H105,'105'!H105,'106'!H105,'107'!H105,'108'!H105,'109'!H105,'110'!H105,'111A'!H105,'111'!H105,'112'!H105,'113'!H105,'133'!H105,'134'!H105,'135'!H105,'137'!H105,'141'!H105,'144'!H105,'141'!H105,'144'!H105,'141'!H105,'144'!H105,) -> 0.051724138 | I105: =AVERAGE('120'!I105,'99'!I105,'100A'!I105,'100'!I105,'101'!I105,'102'!I105,'103'!I105,'104'!I105,'105'!I105,'106'!I105,'107'!I105,'108'!I105,'109'!I105,'110'!I105,'111A'!I105,'111'!I105,'112'!I105,'113'!I105,'133'!I105,'134'!I105,'135'!I105,'137'!I105,'141'!I105,'144'!I105,'141'!I105,'144'!I105,'141'!I105,'144'!I105,) -> 1.0862069 | J105: =AVERAGE('120'!J105,'99'!J105,'100A'!J105,'100'!J105,'101'!J105,'102'!J105,'103'!J105,'104'!J105,'105'!J105,'106'!J105,'107'!J105,'108'!J105,'109'!J105,'110'!J105,'111A'!J105,'111'!J105,'112'!J105,'113'!J105,'133'!J105,'134'!J105,'135'!J105,'137'!J105,'141'!J105,'144'!J105,'141'!J105,'144'!J105,'141'!J105,'144'!J105,) -> 0.5 | ... P105: =AVERAGE('120'!P105,'99'!P105,'100A'!P105,'100'!P105,'101'!P105,'102'!P105,'103'!P105,'104'!P105,'105'!P105,'106'!P105,'107'!P105,'108'!P105,'109'!P105,'110'!P105,'111A'!P105,'111'!P105,'112'!P105,'113'!P105,'133'!P105,'134'!P105,'135'!P105,'137'!P105,'141'!P105,'144'!P105,'141'!P105,'144'!P105,'141'!P105,'144'!P105,) -> 21.767812
B106: Totals | C106: =SUM(C10:C105) -> 460.88588 | D106: =SUM(D10:D105) -> 98.134811 | E106: =SUM(E10:E105) -> 140.24204 | F106: =SUM(F10:F105) -> 174.82759 | G106: =SUM(G10:G105) -> 8.0599343 | H106: =SUM(H10:H105) -> 21.311166 | I106: =SUM(I10:I105) -> 124.93021 | J106: =SUM(J10:J105) -> 69.696223 | ... P106: =SUM(P10:P105) -> 3352.6077
B107: %ges + MCs | C107: =C106/$P$106 -> 0.13747086 | D107: =D106/$P$106 -> 0.029271188 | E107: =E106/$P$106 -> 0.041830732 | F107: =F106/$P$106 -> 0.052146747 | G107: =G106/$P$106 -> 0.0024040792 | H107: =H106/$P$106 -> 0.0063565939 | I107: =I106/$P$106 -> 0.037263594 | J107: =J106/$P$106 -> 0.02078866 | ... N107: =N106/$P$106 -> 0.00071483213
B108: %ges w/o MCs | C108: =C106/$O$106 -> 0.38069594 | D108: =D106/$O$106 -> 0.081060248 | E108: =E106/$O$106 -> 0.1158412 | F108: =F106/$O$106 -> 0.14440918 | G108: =G106/$O$106 -> 0.0066575792 | H108: =H106/$O$106 -> 0.017603217 | I108: =I106/$O$106 -> 0.1031935 | J108: =J106/$O$106 -> 0.057569716 | ... L108: =L106/$O$106 -> 0.056815592 | N108: =N106/$O$106 -> 0.0019795736

Sheet 99
B1: Consultancy services for Preparation of Expressway Development Master Plan (EDMP) for Uganda
B2: MANUAL CLASSIFIED COUNT (MCC)
B3: ROAD NAME: | C3: ='[2]27.10 Masaka-Mutukula'!C3:G3 -> MCC-C4-STN99-MASAKA-MUTUKULA
C5: Date | D5: AVERAGE WEEK | F5: Location | G5: ='[2]Avg Week Mutukula-Masaka'!G5:H5 -> MUTUKULA | J5: Surveyor | K5: ='[2]Avg Week Mutukula-Masaka'!K5:L5 -> xxxx
C6: Dir. From | D6: BOTH DIRECTIONS | F6: Dir. To | G6: BOTH DIRECTIONS | J6: Supervisor | K6: ='[2]Avg Week Mutukula-Masaka'!K6:L6 -> SANDRA
B8: Time / Veh Type | R8: SUMMARY TRAFFIC VOLUMES
C9: 1. Car | D9: 2. Station Wagon | E9: 3. Pickups | F9: 4. Minibus, matatu | G9: 5. Medium bus | H9: 6. Large Bus | I9: 7. Light Truck | J9: 8. Medium Truck | K9: 9. Heavy truck | L9: 10. Truck Trailer | M9: 11. Motor cycles | N9: 12. Tractors | O9: Total Excl M/Cycles | P9: Total All | R9: Time | S9: 1. Car | T9: 2. Station Wagon | U9: 3. Pickups | V9: 4. Minibus, matatu | W9: 5. Medium bus | X9: 6. Large Bus | Y9: 7. Light Truck | Z9: 8. Medium Truck | AA9: 9. Heavy truck | AB9: 10. Truck Trailer | AC9: 11. Motorcycles | AD9: 12. Tractors, Graders | AE9: Total Excl M/ Cycles | AF9: Total All
B10: 07.00 - 07.15 | C10: ='[2]Avg Week Masaka-Mutukula'!C10+'[2]Avg Week Mutukula-Masaka'!C10 -> 2.4285714 | D10: ='[2]Avg Week Masaka-Mutukula'!D10+'[2]Avg Week Mutukula-Masaka'!D10 -> 0.42857143 | E10: ='[2]Avg Week Masaka-Mutukula'!E10+'[2]Avg Week Mutukula-Masaka'!E10 -> 0.28571429 | F10: ='[2]Avg Week Masaka-Mutukula'!F10+'[2]Avg Week Mutukula-Masaka'!F10 -> 1.4285714 | G10: ='[2]Avg Week Masaka-Mutukula'!G10+'[2]Avg Week Mutukula-Masaka'!G10 -> 0.14285714 | H10: ='[2]Avg Week Masaka-Mutukula'!H10+'[2]Avg Week Mutukula-Masaka'!H10 -> 0 | I10: ='[2]Avg Week Masaka-Mutukula'!I10+'[2]Avg Week Mutukula-Masaka'!I10 -> 1 | J10: ='[2]Avg Week Masaka-Mutukula'!J10+'[2]Avg Week Mutukula-Masaka'!J10 -> 0.57142857 | ... N10: ='[2]Avg Week Masaka-Mutukula'!N10+'[2]Avg Week Mutukula-Masaka'!N10 -> 0 | O10: =SUM(C10:L10,N10) -> 7 | P10: =SUM(C10:N10) -> 21 | R10: 0700-0800 | S10: =SUM(C10:C13) -> 17.428571 | T10: =SUM(D10:D13) -> 1.1428571 | U10: =SUM(E10:E13) -> 0.71428571 | V10: =SUM(F10:F13) -> 6.4285714 | W10: =SUM(G10:G13) -> 0.28571429 | X10: =SUM(H10:H13) -> 0 | Y10: =SUM(I10:I13) -> 4.7142857 | Z10: =SUM(J10:J13) -> 2.2857143 | ... AF10: =SUM(P10:P13) -> 103.71429
B11: 07.15 - 07.30 | C11: ='[2]Avg Week Masaka-Mutukula'!C11+'[2]Avg Week Mutukula-Masaka'!C11 -> 5.2857143 | D11: ='[2]Avg Week Masaka-Mutukula'!D11+'[2]Avg Week Mutukula-Masaka'!D11 -> 0.28571429 | E11: ='[2]Avg Week Masaka-Mutukula'!E11+'[2]Avg Week Mutukula-Masaka'!E11 -> 0.14285714 | F11: ='[2]Avg Week Masaka-Mutukula'!F11+'[2]Avg Week Mutukula-Masaka'!F11 -> 1.4285714 | G11: ='[2]Avg Week Masaka-Mutukula'!G11+'[2]Avg Week Mutukula-Masaka'!G11 -> 0 | H11: ='[2]Avg Week Masaka-Mutukula'!H11+'[2]Avg Week Mutukula-Masaka'!H11 -> 0 | I11: ='[2]Avg Week Masaka-Mutukula'!I11+'[2]Avg Week Mutukula-Masaka'!I11 -> 1.2857143 | J11: ='[2]Avg Week Masaka-Mutukula'!J11+'[2]Avg Week Mutukula-Masaka'!J11 -> 0.28571429 | ... N11: ='[2]Avg Week Masaka-Mutukula'!N11+'[2]Avg Week Mutukula-Masaka'!N11 -> 0 | O11: =SUM(C11:L11,N11) -> 9 | P11: =SUM(C11:N11) -> 24.714286 | R11: 0800-0900 | S11: =SUM(C14:C17) -> 21.142857 | T11: =SUM(D14:D17) -> 1.7142857 | U11: =SUM(E14:E17) -> 0.28571429 | V11: =SUM(F14:F17) -> 6.8571429 | W11: =SUM(G14:G17) -> 0 | X11: =SUM(H14:H17) -> 0.28571429 | Y11: =SUM(I14:I17) -> 6.1428571 | Z11: =SUM(J14:J17) -> 2.4285714 | ... AF11: =SUM(P14:P17) -> 128.71429
B12: 07.30 - 07.45 | C12: ='[2]Avg Week Masaka-Mutukula'!C12+'[2]Avg Week Mutukula-Masaka'!C12 -> 4.8571429 | D12: ='[2]Avg Week Masaka-Mutukula'!D12+'[2]Avg Week Mutukula-Masaka'!D12 -> 0.14285714 | E12: ='[2]Avg Week Masaka-Mutukula'!E12+'[2]Avg Week Mutukula-Masaka'!E12 -> 0.28571429 | F12: ='[2]Avg Week Masaka-Mutukula'!F12+'[2]Avg Week Mutukula-Masaka'!F12 -> 1.7142857 | G12: ='[2]Avg Week Masaka-Mutukula'!G12+'[2]Avg Week Mutukula-Masaka'!G12 -> 0 | H12: ='[2]Avg Week Masaka-Mutukula'!H12+'[2]Avg Week Mutukula-Masaka'!H12 -> 0 | I12: ='[2]Avg Week Masaka-Mutukula'!I12+'[2]Avg Week Mutukula-Masaka'!I12 -> 1 | J12: ='[2]Avg Week Masaka-Mutukula'!J12+'[2]Avg Week Mutukula-Masaka'!J12 -> 0.71428571 | ... N12: ='[2]Avg Week Masaka-Mutukula'!N12+'[2]Avg Week Mutukula-Masaka'!N12 -> 0 | O12: =SUM(C12:L12,N12) -> 9.8571429 | P12: =SUM(C12:N12) -> 26.857143 | R12: 0900-1000 | S12: =SUM(C18:C21) -> 19.285714 | T12: =SUM(D18:D21) -> 1.5714286 | U12: =SUM(E18:E21) -> 1.7142857 | V12: =SUM(F18:F21) -> 8.1428571 | W12: =SUM(G18:G21) -> 0.14285714 | X12: =SUM(H18:H21) -> 0.14285714 | Y12: =SUM(I18:I21) -> 7.8571429 | Z12: =SUM(J18:J21) -> 2.8571429 | ... AF12: =SUM(P18:P21) -> 144.42857
B13: 07.45 - 08.00 | C13: ='[2]Avg Week Masaka-Mutukula'!C13+'[2]Avg Week Mutukula-Masaka'!C13 -> 4.8571429 | D13: ='[2]Avg Week Masaka-Mutukula'!D13+'[2]Avg Week Mutukula-Masaka'!D13 -> 0.28571429 | E13: ='[2]Avg Week Masaka-Mutukula'!E13+'[2]Avg Week Mutukula-Masaka'!E13 -> 0 | F13: ='[2]Avg Week Masaka-Mutukula'!F13+'[2]Avg Week Mutukula-Masaka'!F13 -> 1.8571429 | G13: ='[2]Avg Week Masaka-Mutukula'!G13+'[2]Avg Week Mutukula-Masaka'!G13 -> 0.14285714 | H13: ='[2]Avg Week Masaka-Mutukula'!H13+'[2]Avg Week Mutukula-Masaka'!H13 -> 0 | I13: ='[2]Avg Week Masaka-Mutukula'!I13+'[2]Avg Week Mutukula-Masaka'!I13 -> 1.4285714 | J13: ='[2]Avg Week Masaka-Mutukula'!J13+'[2]Avg Week Mutukula-Masaka'!J13 -> 0.71428571 | ... N13: ='[2]Avg Week Masaka-Mutukula'!N13+'[2]Avg Week Mutukula-Masaka'!N13 -> 0 | O13: =SUM(C13:L13,N13) -> 11.714286 | P13: =SUM(C13:N13) -> 31.142857 | R13: 1000-1100 | S13: =SUM(C22:C25) -> 17 | T13: =SUM(D22:D25) -> 2.7142857 | U13: =SUM(E22:E25) -> 0.85714286 | V13: =SUM(F22:F25) -> 8.4285714 | W13: =SUM(G22:G25) -> 0 | X13: =SUM(H22:H25) -> 0 | Y13: =SUM(I22:I25) -> 7.1428571 | Z13: =SUM(J22:J25) -> 3 | ... AF13: =SUM(P22:P25) -> 118.42857
B14: 08.00 - 08.15 | C14: ='[2]Avg Week Masaka-Mutukula'!C14+'[2]Avg Week Mutukula-Masaka'!C14 -> 4.4285714 | D14: ='[2]Avg Week Masaka-Mutukula'!D14+'[2]Avg Week Mutukula-Masaka'!D14 -> 0.42857143 | E14: ='[2]Avg Week Masaka-Mutukula'!E14+'[2]Avg Week Mutukula-Masaka'!E14 -> 0.14285714 | F14: ='[2]Avg Week Masaka-Mutukula'!F14+'[2]Avg Week Mutukula-Masaka'!F14 -> 0.28571429 | G14: ='[2]Avg Week Masaka-Mutukula'!G14+'[2]Avg Week Mutukula-Masaka'!G14 -> 0 | H14: ='[2]Avg Week Masaka-Mutukula'!H14+'[2]Avg Week Mutukula-Masaka'!H14 -> 0 | I14: ='[2]Avg Week Masaka-Mutukula'!I14+'[2]Avg Week Mutukula-Masaka'!I14 -> 1.8571429 | J14: ='[2]Avg Week Masaka-Mutukula'!J14+'[2]Avg Week Mutukula-Masaka'!J14 -> 0.71428571 | ... N14: ='[2]Avg Week Masaka-Mutukula'!N14+'[2]Avg Week Mutukula-Masaka'!N14 -> 0 | O14: =SUM(C14:L14,N14) -> 10.571429 | P14: =SUM(C14:N14) -> 30.571429 | R14: 1100-1200 | S14: =SUM(C26:C29) -> 13.714286 | T14: =SUM(D26:D29) -> 2.5714286 | U14: =SUM(E26:E29) -> 1.1428571 | V14: =SUM(F26:F29) -> 11.857143 | W14: =SUM(G26:G29) -> 0.28571429 | X14: =SUM(H26:H29) -> 0 | Y14: =SUM(I26:I29) -> 6.5714286 | Z14: =SUM(J26:J29) -> 3.2857143 | ... AF14: =SUM(P26:P29) -> 120
B15: 08.15 - 08.30 | C15: ='[2]Avg Week Masaka-Mutukula'!C15+'[2]Avg Week Mutukula-Masaka'!C15 -> 7.1428571 | D15: ='[2]Avg Week Masaka-Mutukula'!D15+'[2]Avg Week Mutukula-Masaka'!D15 -> 0.42857143 | E15: ='[2]Avg Week Masaka-Mutukula'!E15+'[2]Avg Week Mutukula-Masaka'!E15 -> 0.14285714 | F15: ='[2]Avg Week Masaka-Mutukula'!F15+'[2]Avg Week Mutukula-Masaka'!F15 -> 1.1428571 | G15: ='[2]Avg Week Masaka-Mutukula'!G15+'[2]Avg Week Mutukula-Masaka'!G15 -> 0 | H15: ='[2]Avg Week Masaka-Mutukula'!H15+'[2]Avg Week Mutukula-Masaka'!H15 -> 0.14285714 | I15: ='[2]Avg Week Masaka-Mutukula'!I15+'[2]Avg Week Mutukula-Masaka'!I15 -> 1 | J15: ='[2]Avg Week Masaka-Mutukula'!J15+'[2]Avg Week Mutukula-Masaka'!J15 -> 0.42857143 | ... N15: ='[2]Avg Week Masaka-Mutukula'!N15+'[2]Avg Week Mutukula-Masaka'!N15 -> 0 | O15: =SUM(C15:L15,N15) -> 12.285714 | P15: =SUM(C15:N15) -> 33.142857 | R15: 1200-1300 | S15: =SUM(C30:C33) -> 19.428571 | T15: =SUM(D30:D33) -> 3.7142857 | U15: =SUM(E30:E33) -> 1.2857143 | V15: =SUM(F30:F33) -> 13.142857 | W15: =SUM(G30:G33) -> 0 | X15: =SUM(H30:H33) -> 0.14285714 | Y15: =SUM(I30:I33) -> 6.4285714 | Z15: =SUM(J30:J33) -> 3.7142857 | ... AF15: =SUM(P30:P33) -> 131.57143
B16: 08.30 - 08.45 | C16: ='[2]Avg Week Masaka-Mutukula'!C16+'[2]Avg Week Mutukula-Masaka'!C16 -> 5.4285714 | D16: ='[2]Avg Week Masaka-Mutukula'!D16+'[2]Avg Week Mutukula-Masaka'!D16 -> 0.28571429 | E16: ='[2]Avg Week Masaka-Mutukula'!E16+'[2]Avg Week Mutukula-Masaka'!E16 -> 0 | F16: ='[2]Avg Week Masaka-Mutukula'!F16+'[2]Avg Week Mutukula-Masaka'!F16 -> 2.2857143 | G16: ='[2]Avg Week Masaka-Mutukula'!G16+'[2]Avg Week Mutukula-Masaka'!G16 -> 0 | H16: ='[2]Avg Week Masaka-Mutukula'!H16+'[2]Avg Week Mutukula-Masaka'!H16 -> 0.14285714 | I16: ='[2]Avg Week Masaka-Mutukula'!I16+'[2]Avg Week Mutukula-Masaka'!I16 -> 1.4285714 | J16: ='[2]Avg Week Masaka-Mutukula'!J16+'[2]Avg Week Mutukula-Masaka'!J16 -> 1 | ... N16: ='[2]Avg Week Masaka-Mutukula'!N16+'[2]Avg Week Mutukula-Masaka'!N16 -> 0 | O16: =SUM(C16:L16,N16) -> 11.428571 | P16: =SUM(C16:N16) -> 31.714286 | R16: 1300-1400 | S16: =SUM(C34:C37) -> 17 | T16: =SUM(D34:D37) -> 1.4285714 | U16: =SUM(E34:E37) -> 1 | V16: =SUM(F34:F37) -> 12.142857 | W16: =SUM(G34:G37) -> 0.28571429 | X16: =SUM(H34:H37) -> 0 | Y16: =SUM(I34:I37) -> 5.7142857 | Z16: =SUM(J34:J37) -> 4 | ... AF16: =SUM(P34:P37) -> 129.85714
B17: 08.45 - 9.00 | C17: ='[2]Avg Week Masaka-Mutukula'!C17+'[2]Avg Week Mutukula-Masaka'!C17 -> 4.1428571 | D17: ='[2]Avg Week Masaka-Mutukula'!D17+'[2]Avg Week Mutukula-Masaka'!D17 -> 0.57142857 | E17: ='[2]Avg Week Masaka-Mutukula'!E17+'[2]Avg Week Mutukula-Masaka'!E17 -> 0 | F17: ='[2]Avg Week Masaka-Mutukula'!F17+'[2]Avg Week Mutukula-Masaka'!F17 -> 3.1428571 | G17: ='[2]Avg Week Masaka-Mutukula'!G17+'[2]Avg Week Mutukula-Masaka'!G17 -> 0 | H17: ='[2]Avg Week Masaka-Mutukula'!H17+'[2]Avg Week Mutukula-Masaka'!H17 -> 0 | I17: ='[2]Avg Week Masaka-Mutukula'!I17+'[2]Avg Week Mutukula-Masaka'!I17 -> 1.8571429 | J17: ='[2]Avg Week Masaka-Mutukula'!J17+'[2]Avg Week Mutukula-Masaka'!J17 -> 0.28571429 | ... N17: ='[2]Avg Week Masaka-Mutukula'!N17+'[2]Avg Week Mutukula-Masaka'!N17 -> 0 | O17: =SUM(C17:L17,N17) -> 11.714286 | P17: =SUM(C17:N17) -> 33.285714 | R17: 1400-1500 | S17: =SUM(C38:C41) -> 22.285714 | T17: =SUM(D38:D41) -> 2.1428571 | U17: =SUM(E38:E41) -> 7.4285714 | V17: =SUM(F38:F41) -> 10.857143 | W17: =SUM(G38:G41) -> 0 | X17: =SUM(H38:H41) -> 0.14285714 | Y17: =SUM(I38:I41) -> 7.2857143 | Z17: =SUM(J38:J41) -> 3.4285714 | ... AF17: =SUM(P38:P41) -> 150.57143
B18: 09.00 - 09.15 | C18: ='[2]Avg Week Masaka-Mutukula'!C18+'[2]Avg Week Mutukula-Masaka'!C18 -> 5.2857143 | D18: ='[2]Avg Week Masaka-Mutukula'!D18+'[2]Avg Week Mutukula-Masaka'!D18 -> 0.57142857 | E18: ='[2]Avg Week Masaka-Mutukula'!E18+'[2]Avg Week Mutukula-Masaka'!E18 -> 0.42857143 | F18: ='[2]Avg Week Masaka-Mutukula'!F18+'[2]Avg Week Mutukula-Masaka'!F18 -> 2.1428571 | G18: ='[2]Avg Week Masaka-Mutukula'!G18+'[2]Avg Week Mutukula-Masaka'!G18 -> 0 | H18: ='[2]Avg Week Masaka-Mutukula'!H18+'[2]Avg Week Mutukula-Masaka'!H18 -> 0 | I18: ='[2]Avg Week Masaka-Mutukula'!I18+'[2]Avg Week Mutukula-Masaka'!I18 -> 2.4285714 | J18: ='[2]Avg Week Masaka-Mutukula'!J18+'[2]Avg Week Mutukula-Masaka'!J18 -> 0.71428571 | ... N18: ='[2]Avg Week Masaka-Mutukula'!N18+'[2]Avg Week Mutukula-Masaka'!N18 -> 0 | O18: =SUM(C18:L18,N18) -> 13 | P18: =SUM(C18:N18) -> 35.571429 | R18: 1500-1600 | S18: =SUM(C42:C45) -> 19.857143 | T18: =SUM(D42:D45) -> 3.5714286 | U18: =SUM(E42:E45) -> 1.7142857 | V18: =SUM(F42:F45) -> 12.428571 | W18: =SUM(G42:G45) -> 0 | X18: =SUM(H42:H45) -> 0 | Y18: =SUM(I42:I45) -> 8.7142857 | Z18: =SUM(J42:J45) -> 4.5714286 | ... AF18: =SUM(P42:P45) -> 147
B19: 09.15 - 09.30 | C19: ='[2]Avg Week Masaka-Mutukula'!C19+'[2]Avg Week Mutukula-Masaka'!C19 -> 4.7142857 | D19: ='[2]Avg Week Masaka-Mutukula'!D19+'[2]Avg Week Mutukula-Masaka'!D19 -> 0.28571429 | E19: ='[2]Avg Week Masaka-Mutukula'!E19+'[2]Avg Week Mutukula-Masaka'!E19 -> 0.28571429 | F19: ='[2]Avg Week Masaka-Mutukula'!F19+'[2]Avg Week Mutukula-Masaka'!F19 -> 2.5714286 | G19: ='[2]Avg Week Masaka-Mutukula'!G19+'[2]Avg Week Mutukula-Masaka'!G19 -> 0.14285714 | H19: ='[2]Avg Week Masaka-Mutukula'!H19+'[2]Avg Week Mutukula-Masaka'!H19 -> 0.14285714 | I19: ='[2]Avg Week Masaka-Mutukula'!I19+'[2]Avg Week Mutukula-Masaka'!I19 -> 1.5714286 | J19: ='[2]Avg Week Masaka-Mutukula'!J19+'[2]Avg Week Mutukula-Masaka'!J19 -> 0.71428571 | ... N19: ='[2]Avg Week Masaka-Mutukula'!N19+'[2]Avg Week Mutukula-Masaka'!N19 -> 0 | O19: =SUM(C19:L19,N19) -> 11.285714 | P19: =SUM(C19:N19) -> 33.714286 | R19: 1600-1700 | S19: =SUM(C46:C49) -> 21.571429 | T19: =SUM(D46:D49) -> 4.1428571 | U19: =SUM(E46:E49) -> 1 | V19: =SUM(F46:F49) -> 12.285714 | W19: =SUM(G46:G49) -> 0.14285714 | X19: =SUM(H46:H49) -> 1.2857143 | Y19: =SUM(I46:I49) -> 5 | Z19: =SUM(J46:J49) -> 6.5714286 | ... AF19: =SUM(P46:P49) -> 156
B20: 09.30 - 09.45 | C20: ='[2]Avg Week Masaka-Mutukula'!C20+'[2]Avg Week Mutukula-Masaka'!C20 -> 4.7142857 | D20: ='[2]Avg Week Masaka-Mutukula'!D20+'[2]Avg Week Mutukula-Masaka'!D20 -> 0.57142857 | E20: ='[2]Avg Week Masaka-Mutukula'!E20+'[2]Avg Week Mutukula-Masaka'!E20 -> 0.71428571 | F20: ='[2]Avg Week Masaka-Mutukula'!F20+'[2]Avg Week Mutukula-Masaka'!F20 -> 1.8571429 | G20: ='[2]Avg Week Masaka-Mutukula'!G20+'[2]Avg Week Mutukula-Masaka'!G20 -> 0 | H20: ='[2]Avg Week Masaka-Mutukula'!H20+'[2]Avg Week Mutukula-Masaka'!H20 -> 0 | I20: ='[2]Avg Week Masaka-Mutukula'!I20+'[2]Avg Week Mutukula-Masaka'!I20 -> 2.7142857 | J20: ='[2]Avg Week Masaka-Mutukula'!J20+'[2]Avg Week Mutukula-Masaka'!J20 -> 1 | ... N20: ='[2]Avg Week Masaka-Mutukula'!N20+'[2]Avg Week Mutukula-Masaka'!N20 -> 0 | O20: =SUM(C20:L20,N20) -> 14 | P20: =SUM(C20:N20) -> 41.285714 | R20: 1700-1800 | S20: =SUM(C50:C53) -> 23 | T20: =SUM(D50:D53) -> 3.2857143 | U20: =SUM(E50:E53) -> 1.452381 | V20: =SUM(F50:F53) -> 11 | W20: =SUM(G50:G53) -> 0 | X20: =SUM(H50:H53) -> 0.57142857 | Y20: =SUM(I50:I53) -> 7.4285714 | Z20: =SUM(J50:J53) -> 7.4285714 | ... AF20: =SUM(P50:P53) -> 163.30952
B21: 09.45 - 10.00 | C21: ='[2]Avg Week Masaka-Mutukula'!C21+'[2]Avg Week Mutukula-Masaka'!C21 -> 4.5714286 | D21: ='[2]Avg Week Masaka-Mutukula'!D21+'[2]Avg Week Mutukula-Masaka'!D21 -> 0.14285714 | E21: ='[2]Avg Week Masaka-Mutukula'!E21+'[2]Avg Week Mutukula-Masaka'!E21 -> 0.28571429 | F21: ='[2]Avg Week Masaka-Mutukula'!F21+'[2]Avg Week Mutukula-Masaka'!F21 -> 1.5714286 | G21: ='[2]Avg Week Masaka-Mutukula'!G21+'[2]Avg Week Mutukula-Masaka'!G21 -> 0 | H21: ='[2]Avg Week Masaka-Mutukula'!H21+'[2]Avg Week Mutukula-Masaka'!H21 -> 0 | I21: ='[2]Avg Week Masaka-Mutukula'!I21+'[2]Avg Week Mutukula-Masaka'!I21 -> 1.1428571 | J21: ='[2]Avg Week Masaka-Mutukula'!J21+'[2]Avg Week Mutukula-Masaka'!J21 -> 0.42857143 | ... N21: ='[2]Avg Week Masaka-Mutukula'!N21+'[2]Avg Week Mutukula-Masaka'!N21 -> 0 | O21: =SUM(C21:L21,N21) -> 8.8571429 | P21: =SUM(C21:N21) -> 33.857143 | R21: 1800-1900 | S21: =SUM(C54:C57) -> 26.428571 | T21: =SUM(D54:D57) -> 3.4285714 | U21: =SUM(E54:E57) -> 2.1428571 | V21: =SUM(F54:F57) -> 11.857143 | W21: =SUM(G54:G57) -> 0 | X21: =SUM(H54:H57) -> 0 | Y21: =SUM(I54:I57) -> 6.2857143 | Z21: =SUM(J54:J57) -> 6.7142857 | ... AF21: =SUM(P54:P57) -> 180
B22: 10.00 - 10.15 | C22: ='[2]Avg Week Masaka-Mutukula'!C22+'[2]Avg Week Mutukula-Masaka'!C22 -> 3.8571429 | D22: ='[2]Avg Week Masaka-Mutukula'!D22+'[2]Avg Week Mutukula-Masaka'!D22 -> 0.57142857 | E22: ='[2]Avg Week Masaka-Mutukula'!E22+'[2]Avg Week Mutukula-Masaka'!E22 -> 0.14285714 | F22: ='[2]Avg Week Masaka-Mutukula'!F22+'[2]Avg Week Mutukula-Masaka'!F22 -> 2 | G22: ='[2]Avg Week Masaka-Mutukula'!G22+'[2]Avg Week Mutukula-Masaka'!G22 -> 0 | H22: ='[2]Avg Week Masaka-Mutukula'!H22+'[2]Avg Week Mutukula-Masaka'!H22 -> 0 | I22: ='[2]Avg Week Masaka-Mutukula'!I22+'[2]Avg Week Mutukula-Masaka'!I22 -> 1.8571429 | J22: ='[2]Avg Week Masaka-Mutukula'!J22+'[2]Avg Week Mutukula-Masaka'!J22 -> 0.28571429 | ... N22: ='[2]Avg Week Masaka-Mutukula'!N22+'[2]Avg Week Mutukula-Masaka'!N22 -> 0 | O22: =SUM(C22:L22,N22) -> 11 | P22: =SUM(C22:N22) -> 28 | R22: 1900-2000 | S22: =SUM(C58:C61) -> 20 | T22: =SUM(D58:D61) -> 9 | U22: =SUM(E58:E61) -> 0 | V22: =SUM(F58:F61) -> 11 | W22: =SUM(G58:G61) -> 0 | X22: =SUM(H58:H61) -> 0 | Y22: =SUM(I58:I61) -> 7 | Z22: =SUM(J58:J61) -> 7 | ... AF22: =SUM(P58:P61) -> 217
B23: 10.15 - 10.30 | C23: ='[2]Avg Week Masaka-Mutukula'!C23+'[2]Avg Week Mutukula-Masaka'!C23 -> 3.4285714 | D23: ='[2]Avg Week Masaka-Mutukula'!D23+'[2]Avg Week Mutukula-Masaka'!D23 -> 0.71428571 | E23: ='[2]Avg Week Masaka-Mutukula'!E23+'[2]Avg Week Mutukula-Masaka'!E23 -> 0.14285714 | F23: ='[2]Avg Week Masaka-Mutukula'!F23+'[2]Avg Week Mutukula-Masaka'!F23 -> 1.7142857 | G23: ='[2]Avg Week Masaka-Mutukula'!G23+'[2]Avg Week Mutukula-Masaka'!G23 -> 0 | H23: ='[2]Avg Week Masaka-Mutukula'!H23+'[2]Avg Week Mutukula-Masaka'!H23 -> 0 | I23: ='[2]Avg Week Masaka-Mutukula'!I23+'[2]Avg Week Mutukula-Masaka'!I23 -> 2 | J23: ='[2]Avg Week Masaka-Mutukula'!J23+'[2]Avg Week Mutukula-Masaka'!J23 -> 0.42857143 | ... N23: ='[2]Avg Week Masaka-Mutukula'!N23+'[2]Avg Week Mutukula-Masaka'!N23 -> 0 | O23: =SUM(C23:L23,N23) -> 9.1428571 | P23: =SUM(C23:N23) -> 24.714286 | R23: 2000-2100 | S23: =SUM(C62:C65) -> 25.5 | T23: =SUM(D62:D65) -> 4 | U23: =SUM(E62:E65) -> 1 | V23: =SUM(F62:F65) -> 3.5 | W23: =SUM(G62:G65) -> 0 | X23: =SUM(H62:H65) -> 0.5 | Y23: =SUM(I62:I65) -> 3.5 | Z23: =SUM(J62:J65) -> 11.5 | ... AF23: =SUM(P62:P65) -> 121.5
B24: 10.30 - 10.45 | C24: ='[2]Avg Week Masaka-Mutukula'!C24+'[2]Avg Week Mutukula-Masaka'!C24 -> 5.4285714 | D24: ='[2]Avg Week Masaka-Mutukula'!D24+'[2]Avg Week Mutukula-Masaka'!D24 -> 0.42857143 | E24: ='[2]Avg Week Masaka-Mutukula'!E24+'[2]Avg Week Mutukula-Masaka'!E24 -> 0.28571429 | F24: ='[2]Avg Week Masaka-Mutukula'!F24+'[2]Avg Week Mutukula-Masaka'!F24 -> 2.1428571 | G24: ='[2]Avg Week Masaka-Mutukula'!G24+'[2]Avg Week Mutukula-Masaka'!G24 -> 0 | H24: ='[2]Avg Week Masaka-Mutukula'!H24+'[2]Avg Week Mutukula-Masaka'!H24 -> 0 | I24: ='[2]Avg Week Masaka-Mutukula'!I24+'[2]Avg Week Mutukula-Masaka'!I24 -> 1.1428571 | J24: ='[2]Avg Week Masaka-Mutukula'!J24+'[2]Avg Week Mutukula-Masaka'!J24 -> 1.1428571 | ... N24: ='[2]Avg Week Masaka-Mutukula'!N24+'[2]Avg Week Mutukula-Masaka'!N24 -> 0 | O24: =SUM(C24:L24,N24) -> 12.142857 | P24: =SUM(C24:N24) -> 31.142857 | R24: 2100-2200 | S24: =SUM(C66:C69) -> 20 | T24: =SUM(D66:D69) -> 3 | U24: =SUM(E66:E69) -> 0 | V24: =SUM(F66:F69) -> 3 | W24: =SUM(G66:G69) -> 1 | X24: =SUM(H66:H69) -> 0.5 | Y24: =SUM(I66:I69) -> 1.5 | Z24: =SUM(J66:J69) -> 9 | ... AF24: =SUM(P66:P69) -> 105
B25: 10.45 - 11.00 | C25: ='[2]Avg Week Masaka-Mutukula'!C25+'[2]Avg Week Mutukula-Masaka'!C25 -> 4.2857143 | D25: ='[2]Avg Week Masaka-Mutukula'!D25+'[2]Avg Week Mutukula-Masaka'!D25 -> 1 | E25: ='[2]Avg Week Masaka-Mutukula'!E25+'[2]Avg Week Mutukula-Masaka'!E25 -> 0.28571429 | F25: ='[2]Avg Week Masaka-Mutukula'!F25+'[2]Avg Week Mutukula-Masaka'!F25 -> 2.5714286 | G25: ='[2]Avg Week Masaka-Mutukula'!G25+'[2]Avg Week Mutukula-Masaka'!G25 -> 0 | H25: ='[2]Avg Week Masaka-Mutukula'!H25+'[2]Avg Week Mutukula-Masaka'!H25 -> 0 | I25: ='[2]Avg Week Masaka-Mutukula'!I25+'[2]Avg Week Mutukula-Masaka'!I25 -> 2.1428571 | J25: ='[2]Avg Week Masaka-Mutukula'!J25+'[2]Avg Week Mutukula-Masaka'!J25 -> 1.1428571 | ... N25: ='[2]Avg Week Masaka-Mutukula'!N25+'[2]Avg Week Mutukula-Masaka'!N25 -> 0 | O25: =SUM(C25:L25,N25) -> 14.142857 | P25: =SUM(C25:N25) -> 34.571429 | R25: 2200-2300 | S25: =SUM(C70:C73) -> 11.5 | T25: =SUM(D70:D73) -> 1.5 | U25: =SUM(E70:E73) -> 0.5 | V25: =SUM(F70:F73) -> 2.5 | W25: =SUM(G70:G73) -> 1 | X25: =SUM(H70:H73) -> 0 | Y25: =SUM(I70:I73) -> 3 | Z25: =SUM(J70:J73) -> 2 | ... AF25: =SUM(P70:P73) -> 71.5
B26: 11.00 - 11.15 | C26: ='[2]Avg Week Masaka-Mutukula'!C26+'[2]Avg Week Mutukula-Masaka'!C26 -> 3 | D26: ='[2]Avg Week Masaka-Mutukula'!D26+'[2]Avg Week Mutukula-Masaka'!D26 -> 1.1428571 | E26: ='[2]Avg Week Masaka-Mutukula'!E26+'[2]Avg Week Mutukula-Masaka'!E26 -> 0.14285714 | F26: ='[2]Avg Week Masaka-Mutukula'!F26+'[2]Avg Week Mutukula-Masaka'!F26 -> 3.8571429 | G26: ='[2]Avg Week Masaka-Mutukula'!G26+'[2]Avg Week Mutukula-Masaka'!G26 -> 0.28571429 | H26: ='[2]Avg Week Masaka-Mutukula'!H26+'[2]Avg Week Mutukula-Masaka'!H26 -> 0 | I26: ='[2]Avg Week Masaka-Mutukula'!I26+'[2]Avg Week Mutukula-Masaka'!I26 -> 1.2857143 | J26: ='[2]Avg Week Masaka-Mutukula'!J26+'[2]Avg Week Mutukula-Masaka'!J26 -> 0.28571429 | ... N26: ='[2]Avg Week Masaka-Mutukula'!N26+'[2]Avg Week Mutukula-Masaka'!N26 -> 0 | O26: =SUM(C26:L26,N26) -> 11 | P26: =SUM(C26:N26) -> 30.285714 | R26: 2300-0000 | S26: =SUM(C74:C77) -> 4 | T26: =SUM(D74:D77) -> 1 | U26: =SUM(E74:E77) -> 0.5 | V26: =SUM(F74:F77) -> 2 | W26: =SUM(G74:G77) -> 0.5 | X26: =SUM(H74:H77) -> 0 | Y26: =SUM(I74:I77) -> 0.5 | Z26: =SUM(J74:J77) -> 3.5 | ... AF26: =SUM(P74:P77) -> 26.5
B27: 11.15 - 11.30 | C27: ='[2]Avg Week Masaka-Mutukula'!C27+'[2]Avg Week Mutukula-Masaka'!C27 -> 3.2857143 | D27: ='[2]Avg Week Masaka-Mutukula'!D27+'[2]Avg Week Mutukula-Masaka'!D27 -> 0.14285714 | E27: ='[2]Avg Week Masaka-Mutukula'!E27+'[2]Avg Week Mutukula-Masaka'!E27 -> 0.14285714 | F27: ='[2]Avg Week Masaka-Mutukula'!F27+'[2]Avg Week Mutukula-Masaka'!F27 -> 2.2857143 | G27: ='[2]Avg Week Masaka-Mutukula'!G27+'[2]Avg Week Mutukula-Masaka'!G27 -> 0 | H27: ='[2]Avg Week Masaka-Mutukula'!H27+'[2]Avg Week Mutukula-Masaka'!H27 -> 0 | I27: ='[2]Avg Week Masaka-Mutukula'!I27+'[2]Avg Week Mutukula-Masaka'!I27 -> 1.7142857 | J27: ='[2]Avg Week Masaka-Mutukula'!J27+'[2]Avg Week Mutukula-Masaka'!J27 -> 1.1428571 | ... N27: ='[2]Avg Week Masaka-Mutukula'!N27+'[2]Avg Week Mutukula-Masaka'!N27 -> 0 | O27: =SUM(C27:L27,N27) -> 9.5714286 | P27: =SUM(C27:N27) -> 31.714286 | R27: 0000-0100 | S27: =SUM(C78:C81) -> 2 | T27: =SUM(D78:D81) -> 1.5 | U27: =SUM(E78:E81) -> 0 | V27: =SUM(F78:F81) -> 2 | W27: =SUM(G78:G81) -> 1 | X27: =SUM(H78:H81) -> 0 | Y27: =SUM(I78:I81) -> 0.5 | Z27: =SUM(J78:J81) -> 0 | ... AF27: =SUM(P78:P81) -> 14
B28: 11.30 - 11.45 | C28: ='[2]Avg Week Masaka-Mutukula'!C28+'[2]Avg Week Mutukula-Masaka'!C28 -> 4.1428571 | D28: ='[2]Avg Week Masaka-Mutukula'!D28+'[2]Avg Week Mutukula-Masaka'!D28 -> 0.85714286 | E28: ='[2]Avg Week Masaka-Mutukula'!E28+'[2]Avg Week Mutukula-Masaka'!E28 -> 0.57142857 | F28: ='[2]Avg Week Masaka-Mutukula'!F28+'[2]Avg Week Mutukula-Masaka'!F28 -> 2.5714286 | G28: ='[2]Avg Week Masaka-Mutukula'!G28+'[2]Avg Week Mutukula-Masaka'!G28 -> 0 | H28: ='[2]Avg Week Masaka-Mutukula'!H28+'[2]Avg Week Mutukula-Masaka'!H28 -> 0 | I28: ='[2]Avg Week Masaka-Mutukula'!I28+'[2]Avg Week Mutukula-Masaka'!I28 -> 1.5714286 | J28: ='[2]Avg Week Masaka-Mutukula'!J28+'[2]Avg Week Mutukula-Masaka'!J28 -> 0.71428571 | ... N28: ='[2]Avg Week Masaka-Mutukula'!N28+'[2]Avg Week Mutukula-Masaka'!N28 -> 0 | O28: =SUM(C28:L28,N28) -> 11.428571 | P28: =SUM(C28:N28) -> 29.714286 | R28: 0100-0200 | S28: =SUM(C82:C85) -> 2 | T28: =SUM(D82:D85) -> 0 | U28: =SUM(E82:E85) -> 0 | V28: =SUM(F82:F85) -> 0.5 | W28: =SUM(G82:G85) -> 0 | X28: =SUM(H82:H85) -> 0 | Y28: =SUM(I82:I85) -> 0.5 | Z28: =SUM(J82:J85) -> 2 | ... AF28: =SUM(P82:P85) -> 8.5
B29: 11.45 - 12.00 | C29: ='[2]Avg Week Masaka-Mutukula'!C29+'[2]Avg Week Mutukula-Masaka'!C29 -> 3.2857143 | D29: ='[2]Avg Week Masaka-Mutukula'!D29+'[2]Avg Week Mutukula-Masaka'!D29 -> 0.42857143 | E29: ='[2]Avg Week Masaka-Mutukula'!E29+'[2]Avg Week Mutukula-Masaka'!E29 -> 0.28571429 | F29: ='[2]Avg Week Masaka-Mutukula'!F29+'[2]Avg Week Mutukula-Masaka'!F29 -> 3.1428571 | G29: ='[2]Avg Week Masaka-Mutukula'!G29+'[2]Avg Week Mutukula-Masaka'!G29 -> 0 | H29: ='[2]Avg Week Masaka-Mutukula'!H29+'[2]Avg Week Mutukula-Masaka'!H29 -> 0 | I29: ='[2]Avg Week Masaka-Mutukula'!I29+'[2]Avg Week Mutukula-Masaka'!I29 -> 2 | J29: ='[2]Avg Week Masaka-Mutukula'!J29+'[2]Avg Week Mutukula-Masaka'!J29 -> 1.1428571 | ... N29: ='[2]Avg Week Masaka-Mutukula'!N29+'[2]Avg Week Mutukula-Masaka'!N29 -> 0 | O29: =SUM(C29:L29,N29) -> 11.428571 | P29: =SUM(C29:N29) -> 28.285714 | R29: 0200-0300 | S29: =SUM(C86:C89) -> 0.5 | T29: =SUM(D86:D89) -> 0 | U29: =SUM(E86:E89) -> 0 | V29: =SUM(F86:F89) -> 0.5 | W29: =SUM(G86:G89) -> 0 | X29: =SUM(H86:H89) -> 0.5 | Y29: =SUM(I86:I89) -> 0 | Z29: =SUM(J86:J89) -> 0.5 | ... AF29: =SUM(P86:P89) -> 6
B30: 12.00 - 12.15 | C30: ='[2]Avg Week Masaka-Mutukula'!C30+'[2]Avg Week Mutukula-Masaka'!C30 -> 3.5714286 | D30: ='[2]Avg Week Masaka-Mutukula'!D30+'[2]Avg Week Mutukula-Masaka'!D30 -> 1.2857143 | E30: ='[2]Avg Week Masaka-Mutukula'!E30+'[2]Avg Week Mutukula-Masaka'!E30 -> 0.28571429 | F30: ='[2]Avg Week Masaka-Mutukula'!F30+'[2]Avg Week Mutukula-Masaka'!F30 -> 3.7142857 | G30: ='[2]Avg Week Masaka-Mutukula'!G30+'[2]Avg Week Mutukula-Masaka'!G30 -> 0 | H30: ='[2]Avg Week Masaka-Mutukula'!H30+'[2]Avg Week Mutukula-Masaka'!H30 -> 0 | I30: ='[2]Avg Week Masaka-Mutukula'!I30+'[2]Avg Week Mutukula-Masaka'!I30 -> 2.2857143 | J30: ='[2]Avg Week Masaka-Mutukula'!J30+'[2]Avg Week Mutukula-Masaka'!J30 -> 1.2857143 | ... N30: ='[2]Avg Week Masaka-Mutukula'!N30+'[2]Avg Week Mutukula-Masaka'!N30 -> 0 | O30: =SUM(C30:L30,N30) -> 13.571429 | P30: =SUM(C30:N30) -> 37.142857 | R30: 0300-0400 | S30: =SUM(C90:C93) -> 0 | T30: =SUM(D90:D93) -> 0.5 | U30: =SUM(E90:E93) -> 0 | V30: =SUM(F90:F93) -> 0 | W30: =SUM(G90:G93) -> 0 | X30: =SUM(H90:H93) -> 1.5 | Y30: =SUM(I90:I93) -> 0 | Z30: =SUM(J90:J93) -> 1.5 | ... AF30: =SUM(P90:P93) -> 7
B31: 12.15 - 12.30 | C31: ='[2]Avg Week Masaka-Mutukula'!C31+'[2]Avg Week Mutukula-Masaka'!C31 -> 4.1428571 | D31: ='[2]Avg Week Masaka-Mutukula'!D31+'[2]Avg Week Mutukula-Masaka'!D31 -> 1.1428571 | E31: ='[2]Avg Week Masaka-Mutukula'!E31+'[2]Avg Week Mutukula-Masaka'!E31 -> 0.28571429 | F31: ='[2]Avg Week Masaka-Mutukula'!F31+'[2]Avg Week Mutukula-Masaka'!F31 -> 3.7142857 | G31: ='[2]Avg Week Masaka-Mutukula'!G31+'[2]Avg Week Mutukula-Masaka'!G31 -> 0 | H31: ='[2]Avg Week Masaka-Mutukula'!H31+'[2]Avg Week Mutukula-Masaka'!H31 -> 0 | I31: ='[2]Avg Week Masaka-Mutukula'!I31+'[2]Avg Week Mutukula-Masaka'!I31 -> 1.2857143 | J31: ='[2]Avg Week Masaka-Mutukula'!J31+'[2]Avg Week Mutukula-Masaka'!J31 -> 1 | ... N31: ='[2]Avg Week Masaka-Mutukula'!N31+'[2]Avg Week Mutukula-Masaka'!N31 -> 0 | O31: =SUM(C31:L31,N31) -> 13.285714 | P31: =SUM(C31:N31) -> 32.285714 | R31: 0400-0500 | S31: =SUM(C94:C97) -> 1.5 | T31: =SUM(D94:D97) -> 0 | U31: =SUM(E94:E97) -> 0.5 | V31: =SUM(F94:F97) -> 0.5 | W31: =SUM(G94:G97) -> 0 | X31: =SUM(H94:H97) -> 0 | Y31: =SUM(I94:I97) -> 0 | Z31: =SUM(J94:J97) -> 3 | ... AF31: =SUM(P94:P97) -> 9
B32: 12.30 - 12.45 | C32: ='[2]Avg Week Masaka-Mutukula'!C32+'[2]Avg Week Mutukula-Masaka'!C32 -> 6.5714286 | D32: ='[2]Avg Week Masaka-Mutukula'!D32+'[2]Avg Week Mutukula-Masaka'!D32 -> 0.42857143 | E32: ='[2]Avg Week Masaka-Mutukula'!E32+'[2]Avg Week Mutukula-Masaka'!E32 -> 0.42857143 | F32: ='[2]Avg Week Masaka-Mutukula'!F32+'[2]Avg Week Mutukula-Masaka'!F32 -> 4.1428571 | G32: ='[2]Avg Week Masaka-Mutukula'!G32+'[2]Avg Week Mutukula-Masaka'!G32 -> 0 | H32: ='[2]Avg Week Masaka-Mutukula'!H32+'[2]Avg Week Mutukula-Masaka'!H32 -> 0.14285714 | I32: ='[2]Avg Week Masaka-Mutukula'!I32+'[2]Avg Week Mutukula-Masaka'!I32 -> 1.4285714 | J32: ='[2]Avg Week Masaka-Mutukula'!J32+'[2]Avg Week Mutukula-Masaka'!J32 -> 0.42857143 | ... N32: ='[2]Avg Week Masaka-Mutukula'!N32+'[2]Avg Week Mutukula-Masaka'!N32 -> 0 | O32: =SUM(C32:L32,N32) -> 14 | P32: =SUM(C32:N32) -> 32.857143 | R32: 0500-0600 | S32: =SUM(C98:C101) -> 2.5 | T32: =SUM(D98:D101) -> 0 | U32: =SUM(E98:E101) -> 0 | V32: =SUM(F98:F101) -> 2 | W32: =SUM(G98:G101) -> 1 | X32: =SUM(H98:H101) -> 0.5 | Y32: =SUM(I98:I101) -> 1 | Z32: =SUM(J98:J101) -> 2 | ... AF32: =SUM(P98:P101) -> 15
B33: 12.45 - 13.00 | C33: ='[2]Avg Week Masaka-Mutukula'!C33+'[2]Avg Week Mutukula-Masaka'!C33 -> 5.1428571 | D33: ='[2]Avg Week Masaka-Mutukula'!D33+'[2]Avg Week Mutukula-Masaka'!D33 -> 0.85714286 | E33: ='[2]Avg Week Masaka-Mutukula'!E33+'[2]Avg Week Mutukula-Masaka'!E33 -> 0.28571429 | F33: ='[2]Avg Week Masaka-Mutukula'!F33+'[2]Avg Week Mutukula-Masaka'!F33 -> 1.5714286 | G33: ='[2]Avg Week Masaka-Mutukula'!G33+'[2]Avg Week Mutukula-Masaka'!G33 -> 0 | H33: ='[2]Avg Week Masaka-Mutukula'!H33+'[2]Avg Week Mutukula-Masaka'!H33 -> 0 | I33: ='[2]Avg Week Masaka-Mutukula'!I33+'[2]Avg Week Mutukula-Masaka'!I33 -> 1.4285714 | J33: ='[2]Avg Week Masaka-Mutukula'!J33+'[2]Avg Week Mutukula-Masaka'!J33 -> 1 | ... N33: ='[2]Avg Week Masaka-Mutukula'!N33+'[2]Avg Week Mutukula-Masaka'!N33 -> 0 | O33: =SUM(C33:L33,N33) -> 11 | P33: =SUM(C33:N33) -> 29.285714 | R33: 0600-0700 | S33: =SUM(C102:C105) -> 6.5 | T33: =SUM(D102:D105) -> 2.5 | U33: =SUM(E102:E105) -> 0 | V33: =SUM(F102:F105) -> 17.5 | W33: =SUM(G102:G105) -> 0 | X33: =SUM(H102:H105) -> 0 | Y33: =SUM(I102:I105) -> 2.5 | Z33: =SUM(J102:J105) -> 2.5 | ... AF33: =SUM(P102:P105) -> 60.5
B34: 13.00 - 13.15 | C34: ='[2]Avg Week Masaka-Mutukula'!C34+'[2]Avg Week Mutukula-Masaka'!C34 -> 5.8571429 | D34: ='[2]Avg Week Masaka-Mutukula'!D34+'[2]Avg Week Mutukula-Masaka'!D34 -> 0.28571429 | E34: ='[2]Avg Week Masaka-Mutukula'!E34+'[2]Avg Week Mutukula-Masaka'!E34 -> 0.14285714 | F34: ='[2]Avg Week Masaka-Mutukula'!F34+'[2]Avg Week Mutukula-Masaka'!F34 -> 4 | G34: ='[2]Avg Week Masaka-Mutukula'!G34+'[2]Avg Week Mutukula-Masaka'!G34 -> 0 | H34: ='[2]Avg Week Masaka-Mutukula'!H34+'[2]Avg Week Mutukula-Masaka'!H34 -> 0 | I34: ='[2]Avg Week Masaka-Mutukula'!I34+'[2]Avg Week Mutukula-Masaka'!I34 -> 1.5714286 | J34: ='[2]Avg Week Masaka-Mutukula'!J34+'[2]Avg Week Mutukula-Masaka'!J34 -> 0.85714286 | ... N34: ='[2]Avg Week Masaka-Mutukula'!N34+'[2]Avg Week Mutukula-Masaka'!N34 -> 0 | O34: =SUM(C34:L34,N34) -> 14.714286 | P34: =SUM(C34:N34) -> 37.857143 | R34: AM Peak Hr | S34: =MAX(S10:S12) -> 21.142857 | T34: =MAX(T10:T12) -> 1.7142857 | U34: =MAX(U10:U12) -> 1.7142857 | V34: =MAX(V10:V12) -> 8.1428571 | W34: =MAX(W10:W12) -> 0.28571429 | X34: =MAX(X10:X12) -> 0.28571429 | Y34: =MAX(Y10:Y12) -> 7.8571429 | Z34: =MAX(Z10:Z12) -> 2.8571429 | ... AF34: =MAX(AF10:AF12) -> 144.42857
B35: 13.15 - 13.30 | C35: ='[2]Avg Week Masaka-Mutukula'!C35+'[2]Avg Week Mutukula-Masaka'!C35 -> 4.1428571 | D35: ='[2]Avg Week Masaka-Mutukula'!D35+'[2]Avg Week Mutukula-Masaka'!D35 -> 0.42857143 | E35: ='[2]Avg Week Masaka-Mutukula'!E35+'[2]Avg Week Mutukula-Masaka'!E35 -> 0 | F35: ='[2]Avg Week Masaka-Mutukula'!F35+'[2]Avg Week Mutukula-Masaka'!F35 -> 3 | G35: ='[2]Avg Week Masaka-Mutukula'!G35+'[2]Avg Week Mutukula-Masaka'!G35 -> 0 | H35: ='[2]Avg Week Masaka-Mutukula'!H35+'[2]Avg Week Mutukula-Masaka'!H35 -> 0 | I35: ='[2]Avg Week Masaka-Mutukula'!I35+'[2]Avg Week Mutukula-Masaka'!I35 -> 1.8571429 | J35: ='[2]Avg Week Masaka-Mutukula'!J35+'[2]Avg Week Mutukula-Masaka'!J35 -> 1 | ... N35: ='[2]Avg Week Masaka-Mutukula'!N35+'[2]Avg Week Mutukula-Masaka'!N35 -> 0 | O35: =SUM(C35:L35,N35) -> 11.714286 | P35: =SUM(C35:N35) -> 29.285714 | R35: IP Peak Hr | S35: =MAX(S13:S18) -> 22.285714 | T35: =MAX(T13:T18) -> 3.7142857 | U35: =MAX(U13:U18) -> 7.4285714 | V35: =MAX(V13:V18) -> 13.142857 | W35: =MAX(W13:W18) -> 0.28571429 | X35: =MAX(X13:X18) -> 0.14285714 | Y35: =MAX(Y13:Y18) -> 8.7142857 | Z35: =MAX(Z13:Z18) -> 4.5714286 | ... AF35: =MAX(AF13:AF18) -> 150.57143
B36: 13.30 - 13.45 | C36: ='[2]Avg Week Masaka-Mutukula'!C36+'[2]Avg Week Mutukula-Masaka'!C36 -> 1.8571429 | D36: ='[2]Avg Week Masaka-Mutukula'!D36+'[2]Avg Week Mutukula-Masaka'!D36 -> 0.28571429 | E36: ='[2]Avg Week Masaka-Mutukula'!E36+'[2]Avg Week Mutukula-Masaka'!E36 -> 0.14285714 | F36: ='[2]Avg Week Masaka-Mutukula'!F36+'[2]Avg Week Mutukula-Masaka'!F36 -> 3 | G36: ='[2]Avg Week Masaka-Mutukula'!G36+'[2]Avg Week Mutukula-Masaka'!G36 -> 0.14285714 | H36: ='[2]Avg Week Masaka-Mutukula'!H36+'[2]Avg Week Mutukula-Masaka'!H36 -> 0 | I36: ='[2]Avg Week Masaka-Mutukula'!I36+'[2]Avg Week Mutukula-Masaka'!I36 -> 1.2857143 | J36: ='[2]Avg Week Masaka-Mutukula'!J36+'[2]Avg Week Mutukula-Masaka'!J36 -> 1.1428571 | ... N36: ='[2]Avg Week Masaka-Mutukula'!N36+'[2]Avg Week Mutukula-Masaka'!N36 -> 0 | O36: =SUM(C36:L36,N36) -> 9.2857143 | P36: =SUM(C36:N36) -> 29.714286 | R36: PM Peak Hr | S36: =MAX(S19:S21) -> 26.428571 | T36: =MAX(T19:T21) -> 4.1428571 | U36: =MAX(U19:U21) -> 2.1428571 | V36: =MAX(V19:V21) -> 12.285714 | W36: =MAX(W19:W21) -> 0.14285714 | X36: =MAX(X19:X21) -> 1.2857143 | Y36: =MAX(Y19:Y21) -> 7.4285714 | Z36: =MAX(Z19:Z21) -> 7.4285714 | ... AF36: =MAX(AF19:AF21) -> 180
B37: 13.45 - 14.00 | C37: ='[2]Avg Week Masaka-Mutukula'!C37+'[2]Avg Week Mutukula-Masaka'!C37 -> 5.1428571 | D37: ='[2]Avg Week Masaka-Mutukula'!D37+'[2]Avg Week Mutukula-Masaka'!D37 -> 0.42857143 | E37: ='[2]Avg Week Masaka-Mutukula'!E37+'[2]Avg Week Mutukula-Masaka'!E37 -> 0.71428571 | F37: ='[2]Avg Week Masaka-Mutukula'!F37+'[2]Avg Week Mutukula-Masaka'!F37 -> 2.1428571 | G37: ='[2]Avg Week Masaka-Mutukula'!G37+'[2]Avg Week Mutukula-Masaka'!G37 -> 0.14285714 | H37: ='[2]Avg Week Masaka-Mutukula'!H37+'[2]Avg Week Mutukula-Masaka'!H37 -> 0 | I37: ='[2]Avg Week Masaka-Mutukula'!I37+'[2]Avg Week Mutukula-Masaka'!I37 -> 1 | J37: ='[2]Avg Week Masaka-Mutukula'!J37+'[2]Avg Week Mutukula-Masaka'!J37 -> 1 | ... N37: ='[2]Avg Week Masaka-Mutukula'!N37+'[2]Avg Week Mutukula-Masaka'!N37 -> 0 | O37: =SUM(C37:L37,N37) -> 13.571429 | P37: =SUM(C37:N37) -> 33 | R37: AM Period | S37: =SUM(S10:S12) -> 57.857143 | T37: =SUM(T10:T12) -> 4.4285714 | U37: =SUM(U10:U12) -> 2.7142857 | V37: =SUM(V10:V12) -> 21.428571 | W37: =SUM(W10:W12) -> 0.42857143 | X37: =SUM(X10:X12) -> 0.42857143 | Y37: =SUM(Y10:Y12) -> 18.714286 | Z37: =SUM(Z10:Z12) -> 7.5714286 | ... AF37: =SUM(AF10:AF12) -> 376.85714
B38: 14.00 - 14.15 | C38: ='[2]Avg Week Masaka-Mutukula'!C38+'[2]Avg Week Mutukula-Masaka'!C38 -> 4.5714286 | D38: ='[2]Avg Week Masaka-Mutukula'!D38+'[2]Avg Week Mutukula-Masaka'!D38 -> 0.42857143 | E38: ='[2]Avg Week Masaka-Mutukula'!E38+'[2]Avg Week Mutukula-Masaka'!E38 -> 0.57142857 | F38: ='[2]Avg Week Masaka-Mutukula'!F38+'[2]Avg Week Mutukula-Masaka'!F38 -> 3.1428571 | G38: ='[2]Avg Week Masaka-Mutukula'!G38+'[2]Avg Week Mutukula-Masaka'!G38 -> 0 | H38: ='[2]Avg Week Masaka-Mutukula'!H38+'[2]Avg Week Mutukula-Masaka'!H38 -> 0 | I38: ='[2]Avg Week Masaka-Mutukula'!I38+'[2]Avg Week Mutukula-Masaka'!I38 -> 2.1428571 | J38: ='[2]Avg Week Masaka-Mutukula'!J38+'[2]Avg Week Mutukula-Masaka'!J38 -> 0.28571429 | ... N38: ='[2]Avg Week Masaka-Mutukula'!N38+'[2]Avg Week Mutukula-Masaka'!N38 -> 0 | O38: =SUM(C38:L38,N38) -> 12.714286 | P38: =SUM(C38:N38) -> 34.857143 | R38: IP Period | S38: =SUM(S13:S18) -> 109.28571 | T38: =SUM(T13:T18) -> 16.142857 | U38: =SUM(U13:U18) -> 13.428571 | V38: =SUM(V13:V18) -> 68.857143 | W38: =SUM(W13:W18) -> 0.57142857 | X38: =SUM(X13:X18) -> 0.28571429 | Y38: =SUM(Y13:Y18) -> 41.857143 | Z38: =SUM(Z13:Z18) -> 22 | ... AF38: =SUM(AF13:AF18) -> 797.42857
B39: 14.15 - 14.30 | C39: ='[2]Avg Week Masaka-Mutukula'!C39+'[2]Avg Week Mutukula-Masaka'!C39 -> 5.4285714 | D39: ='[2]Avg Week Masaka-Mutukula'!D39+'[2]Avg Week Mutukula-Masaka'!D39 -> 0.71428571 | E39: ='[2]Avg Week Masaka-Mutukula'!E39+'[2]Avg Week Mutukula-Masaka'!E39 -> 0.14285714 | F39: ='[2]Avg Week Masaka-Mutukula'!F39+'[2]Avg Week Mutukula-Masaka'!F39 -> 1.8571429 | G39: ='[2]Avg Week Masaka-Mutukula'!G39+'[2]Avg Week Mutukula-Masaka'!G39 -> 0 | H39: ='[2]Avg Week Masaka-Mutukula'!H39+'[2]Avg Week Mutukula-Masaka'!H39 -> 0 | I39: ='[2]Avg Week Masaka-Mutukula'!I39+'[2]Avg Week Mutukula-Masaka'!I39 -> 2.1428571 | J39: ='[2]Avg Week Masaka-Mutukula'!J39+'[2]Avg Week Mutukula-Masaka'!J39 -> 1 | ... N39: ='[2]Avg Week Masaka-Mutukula'!N39+'[2]Avg Week Mutukula-Masaka'!N39 -> 0 | O39: =SUM(C39:L39,N39) -> 12 | P39: =SUM(C39:N39) -> 32.285714 | R39: PM Period | S39: =SUM(S19:S21) -> 71 | T39: =SUM(T19:T21) -> 10.857143 | U39: =SUM(U19:U21) -> 4.5952381 | V39: =SUM(V19:V21) -> 35.142857 | W39: =SUM(W19:W21) -> 0.14285714 | X39: =SUM(X19:X21) -> 1.8571429 | Y39: =SUM(Y19:Y21) -> 18.714286 | Z39: =SUM(Z19:Z21) -> 20.714286 | ... AF39: =SUM(AF19:AF21) -> 499.30952
B40: 14.30 - 14.45 | C40: ='[2]Avg Week Masaka-Mutukula'!C40+'[2]Avg Week Mutukula-Masaka'!C40 -> 5.8571429 | D40: ='[2]Avg Week Masaka-Mutukula'!D40+'[2]Avg Week Mutukula-Masaka'!D40 -> 0.71428571 | E40: ='[2]Avg Week Masaka-Mutukula'!E40+'[2]Avg Week Mutukula-Masaka'!E40 -> 0.71428571 | F40: ='[2]Avg Week Masaka-Mutukula'!F40+'[2]Avg Week Mutukula-Masaka'!F40 -> 2.4285714 | G40: ='[2]Avg Week Masaka-Mutukula'!G40+'[2]Avg Week Mutukula-Masaka'!G40 -> 0 | H40: ='[2]Avg Week Masaka-Mutukula'!H40+'[2]Avg Week Mutukula-Masaka'!H40 -> 0.14285714 | I40: ='[2]Avg Week Masaka-Mutukula'!I40+'[2]Avg Week Mutukula-Masaka'!I40 -> 1.5714286 | J40: ='[2]Avg Week Masaka-Mutukula'!J40+'[2]Avg Week Mutukula-Masaka'!J40 -> 1 | ... N40: ='[2]Avg Week Masaka-Mutukula'!N40+'[2]Avg Week Mutukula-Masaka'!N40 -> 0 | O40: =SUM(C40:L40,N40) -> 14 | P40: =SUM(C40:N40) -> 38.571429 | R40: 12 Hours | S40: =SUM(S10:S21) -> 238.14286 | T40: =SUM(T10:T21) -> 31.428571 | U40: =SUM(U10:U21) -> 20.738095 | V40: =SUM(V10:V21) -> 125.42857 | W40: =SUM(W10:W21) -> 1.1428571 | X40: =SUM(X10:X21) -> 2.5714286 | Y40: =SUM(Y10:Y21) -> 79.285714 | Z40: =SUM(Z10:Z21) -> 50.285714 | ... AF40: =SUM(AF10:AF21) -> 1673.5952
B41: 14.45 - 15.00 | C41: ='[2]Avg Week Masaka-Mutukula'!C41+'[2]Avg Week Mutukula-Masaka'!C41 -> 6.4285714 | D41: ='[2]Avg Week Masaka-Mutukula'!D41+'[2]Avg Week Mutukula-Masaka'!D41 -> 0.28571429 | E41: ='[2]Avg Week Masaka-Mutukula'!E41+'[2]Avg Week Mutukula-Masaka'!E41 -> 6 | F41: ='[2]Avg Week Masaka-Mutukula'!F41+'[2]Avg Week Mutukula-Masaka'!F41 -> 3.4285714 | G41: ='[2]Avg Week Masaka-Mutukula'!G41+'[2]Avg Week Mutukula-Masaka'!G41 -> 0 | H41: ='[2]Avg Week Masaka-Mutukula'!H41+'[2]Avg Week Mutukula-Masaka'!H41 -> 0 | I41: ='[2]Avg Week Masaka-Mutukula'!I41+'[2]Avg Week Mutukula-Masaka'!I41 -> 1.4285714 | J41: ='[2]Avg Week Masaka-Mutukula'!J41+'[2]Avg Week Mutukula-Masaka'!J41 -> 1.1428571 | ... N41: ='[2]Avg Week Masaka-Mutukula'!N41+'[2]Avg Week Mutukula-Masaka'!N41 -> 0.14285714 | O41: =SUM(C41:L41,N41) -> 20.857143 | P41: =SUM(C41:N41) -> 44.857143 | R41: 24 Hours | S41: =SUM(S10:S33) -> 334.14286 | T41: =SUM(T10:T33) -> 54.428571 | U41: =SUM(U10:U33) -> 23.238095 | V41: =SUM(V10:V33) -> 170.42857 | W41: =SUM(W10:W33) -> 5.6428571 | X41: =SUM(X10:X33) -> 6.0714286 | Y41: =SUM(Y10:Y33) -> 99.285714 | Z41: =SUM(Z10:Z33) -> 94.785714 | ... AF41: =SUM(AF10:AF33) -> 2335.0952
B42: 15.00 - 15.15 | C42: ='[2]Avg Week Masaka-Mutukula'!C42+'[2]Avg Week Mutukula-Masaka'!C42 -> 4.8571429 | D42: ='[2]Avg Week Masaka-Mutukula'!D42+'[2]Avg Week Mutukula-Masaka'!D42 -> 0.85714286 | E42: ='[2]Avg Week Masaka-Mutukula'!E42+'[2]Avg Week Mutukula-Masaka'!E42 -> 0.42857143 | F42: ='[2]Avg Week Masaka-Mutukula'!F42+'[2]Avg Week Mutukula-Masaka'!F42 -> 2.8571429 | G42: ='[2]Avg Week Masaka-Mutukula'!G42+'[2]Avg Week Mutukula-Masaka'!G42 -> 0 | H42: ='[2]Avg Week Masaka-Mutukula'!H42+'[2]Avg Week Mutukula-Masaka'!H42 -> 0 | I42: ='[2]Avg Week Masaka-Mutukula'!I42+'[2]Avg Week Mutukula-Masaka'!I42 -> 1.4285714 | J42: ='[2]Avg Week Masaka-Mutukula'!J42+'[2]Avg Week Mutukula-Masaka'!J42 -> 1.1428571 | ... N42: ='[2]Avg Week Masaka-Mutukula'!N42+'[2]Avg Week Mutukula-Masaka'!N42 -> 0 | O42: =SUM(C42:L42,N42) -> 13.428571 | P42: =SUM(C42:N42) -> 36.142857 | R42: NEF | S42: =S41/S40 -> 1.4031194 | T42: =T41/T40 -> 1.7318182 | U42: =U41/U40 -> 1.1205511 | V42: =V41/V40 -> 1.3587699 | W42: =W41/W40 -> 4.9375 | X42: =X41/X40 -> 2.3611111 | Y42: =Y41/Y40 -> 1.2522523 | Z42: =Z41/Z40 -> 1.8849432 | ... AF42: =AF41/AF40 -> 1.3952569
B43: 15.15 - 15.30 | C43: ='[2]Avg Week Masaka-Mutukula'!C43+'[2]Avg Week Mutukula-Masaka'!C43 -> 4.2857143 | D43: ='[2]Avg Week Masaka-Mutukula'!D43+'[2]Avg Week Mutukula-Masaka'!D43 -> 1.4285714 | E43: ='[2]Avg Week Masaka-Mutukula'!E43+'[2]Avg Week Mutukula-Masaka'!E43 -> 0.85714286 | F43: ='[2]Avg Week Masaka-Mutukula'!F43+'[2]Avg Week Mutukula-Masaka'!F43 -> 2.7142857 | G43: ='[2]Avg Week Masaka-Mutukula'!G43+'[2]Avg Week Mutukula-Masaka'!G43 -> 0 | H43: ='[2]Avg Week Masaka-Mutukula'!H43+'[2]Avg Week Mutukula-Masaka'!H43 -> 0 | I43: ='[2]Avg Week Masaka-Mutukula'!I43+'[2]Avg Week Mutukula-Masaka'!I43 -> 2.4285714 | J43: ='[2]Avg Week Masaka-Mutukula'!J43+'[2]Avg Week Mutukula-Masaka'!J43 -> 0.71428571 | ... N43: ='[2]Avg Week Masaka-Mutukula'!N43+'[2]Avg Week Mutukula-Masaka'!N43 -> 0 | O43: =SUM(C43:L43,N43) -> 14 | P43: =SUM(C43:N43) -> 36
B44: 15.30 - 15.45 | C44: ='[2]Avg Week Masaka-Mutukula'!C44+'[2]Avg Week Mutukula-Masaka'!C44 -> 4.8571429 | D44: ='[2]Avg Week Masaka-Mutukula'!D44+'[2]Avg Week Mutukula-Masaka'!D44 -> 0.71428571 | E44: ='[2]Avg Week Masaka-Mutukula'!E44+'[2]Avg Week Mutukula-Masaka'!E44 -> 0.42857143 | F44: ='[2]Avg Week Masaka-Mutukula'!F44+'[2]Avg Week Mutukula-Masaka'!F44 -> 3.4285714 | G44: ='[2]Avg Week Masaka-Mutukula'!G44+'[2]Avg Week Mutukula-Masaka'!G44 -> 0 | H44: ='[2]Avg Week Masaka-Mutukula'!H44+'[2]Avg Week Mutukula-Masaka'!H44 -> 0 | I44: ='[2]Avg Week Masaka-Mutukula'!I44+'[2]Avg Week Mutukula-Masaka'!I44 -> 2.4285714 | J44: ='[2]Avg Week Masaka-Mutukula'!J44+'[2]Avg Week Mutukula-Masaka'!J44 -> 1.8571429 | ... N44: ='[2]Avg Week Masaka-Mutukula'!N44+'[2]Avg Week Mutukula-Masaka'!N44 -> 0 | O44: =SUM(C44:L44,N44) -> 15.142857 | P44: =SUM(C44:N44) -> 38.428571
B45: 15.45 - 16.00 | C45: ='[2]Avg Week Masaka-Mutukula'!C45+'[2]Avg Week Mutukula-Masaka'!C45 -> 5.8571429 | D45: ='[2]Avg Week Masaka-Mutukula'!D45+'[2]Avg Week Mutukula-Masaka'!D45 -> 0.57142857 | E45: ='[2]Avg Week Masaka-Mutukula'!E45+'[2]Avg Week Mutukula-Masaka'!E45 -> 0 | F45: ='[2]Avg Week Masaka-Mutukula'!F45+'[2]Avg Week Mutukula-Masaka'!F45 -> 3.4285714 | G45: ='[2]Avg Week Masaka-Mutukula'!G45+'[2]Avg Week Mutukula-Masaka'!G45 -> 0 | H45: ='[2]Avg Week Masaka-Mutukula'!H45+'[2]Avg Week Mutukula-Masaka'!H45 -> 0 | I45: ='[2]Avg Week Masaka-Mutukula'!I45+'[2]Avg Week Mutukula-Masaka'!I45 -> 2.4285714 | J45: ='[2]Avg Week Masaka-Mutukula'!J45+'[2]Avg Week Mutukula-Masaka'!J45 -> 0.85714286 | ... N45: ='[2]Avg Week Masaka-Mutukula'!N45+'[2]Avg Week Mutukula-Masaka'!N45 -> 0 | O45: =SUM(C45:L45,N45) -> 13.571429 | P45: =SUM(C45:N45) -> 36.428571
B46: 16.00 - 16.15 | C46: ='[2]Avg Week Masaka-Mutukula'!C46+'[2]Avg Week Mutukula-Masaka'!C46 -> 5.5714286 | D46: ='[2]Avg Week Masaka-Mutukula'!D46+'[2]Avg Week Mutukula-Masaka'!D46 -> 1 | E46: ='[2]Avg Week Masaka-Mutukula'!E46+'[2]Avg Week Mutukula-Masaka'!E46 -> 0 | F46: ='[2]Avg Week Masaka-Mutukula'!F46+'[2]Avg Week Mutukula-Masaka'!F46 -> 3.5714286 | G46: ='[2]Avg Week Masaka-Mutukula'!G46+'[2]Avg Week Mutukula-Masaka'!G46 -> 0 | H46: ='[2]Avg Week Masaka-Mutukula'!H46+'[2]Avg Week Mutukula-Masaka'!H46 -> 0.14285714 | I46: ='[2]Avg Week Masaka-Mutukula'!I46+'[2]Avg Week Mutukula-Masaka'!I46 -> 1.4285714 | J46: ='[2]Avg Week Masaka-Mutukula'!J46+'[2]Avg Week Mutukula-Masaka'!J46 -> 2 | ... N46: ='[2]Avg Week Masaka-Mutukula'!N46+'[2]Avg Week Mutukula-Masaka'!N46 -> 0 | O46: =SUM(C46:L46,N46) -> 15.571429 | P46: =SUM(C46:N46) -> 36
B47: 16.15 -16.30 | C47: ='[2]Avg Week Masaka-Mutukula'!C47+'[2]Avg Week Mutukula-Masaka'!C47 -> 6.8571429 | D47: ='[2]Avg Week Masaka-Mutukula'!D47+'[2]Avg Week Mutukula-Masaka'!D47 -> 1.1428571 | E47: ='[2]Avg Week Masaka-Mutukula'!E47+'[2]Avg Week Mutukula-Masaka'!E47 -> 0.28571429 | F47: ='[2]Avg Week Masaka-Mutukula'!F47+'[2]Avg Week Mutukula-Masaka'!F47 -> 2.8571429 | G47: ='[2]Avg Week Masaka-Mutukula'!G47+'[2]Avg Week Mutukula-Masaka'!G47 -> 0 | H47: ='[2]Avg Week Masaka-Mutukula'!H47+'[2]Avg Week Mutukula-Masaka'!H47 -> 0.14285714 | I47: ='[2]Avg Week Masaka-Mutukula'!I47+'[2]Avg Week Mutukula-Masaka'!I47 -> 1.5714286 | J47: ='[2]Avg Week Masaka-Mutukula'!J47+'[2]Avg Week Mutukula-Masaka'!J47 -> 1.8571429 | ... N47: ='[2]Avg Week Masaka-Mutukula'!N47+'[2]Avg Week Mutukula-Masaka'!N47 -> 0 | O47: =SUM(C47:L47,N47) -> 16 | P47: =SUM(C47:N47) -> 38.428571
B48: 16.30 -16.45 | C48: ='[2]Avg Week Masaka-Mutukula'!C48+'[2]Avg Week Mutukula-Masaka'!C48 -> 6 | D48: ='[2]Avg Week Masaka-Mutukula'!D48+'[2]Avg Week Mutukula-Masaka'!D48 -> 1 | E48: ='[2]Avg Week Masaka-Mutukula'!E48+'[2]Avg Week Mutukula-Masaka'!E48 -> 0.42857143 | F48: ='[2]Avg Week Masaka-Mutukula'!F48+'[2]Avg Week Mutukula-Masaka'!F48 -> 2.5714286 | G48: ='[2]Avg Week Masaka-Mutukula'!G48+'[2]Avg Week Mutukula-Masaka'!G48 -> 0 | H48: ='[2]Avg Week Masaka-Mutukula'!H48+'[2]Avg Week Mutukula-Masaka'!H48 -> 0.57142857 | I48: ='[2]Avg Week Masaka-Mutukula'!I48+'[2]Avg Week Mutukula-Masaka'!I48 -> 1 | J48: ='[2]Avg Week Masaka-Mutukula'!J48+'[2]Avg Week Mutukula-Masaka'!J48 -> 2 | ... N48: ='[2]Avg Week Masaka-Mutukula'!N48+'[2]Avg Week Mutukula-Masaka'!N48 -> 0 | O48: =SUM(C48:L48,N48) -> 16.285714 | P48: =SUM(C48:N48) -> 40.571429
B49: 16.45 -17.00 | C49: ='[2]Avg Week Masaka-Mutukula'!C49+'[2]Avg Week Mutukula-Masaka'!C49 -> 3.1428571 | D49: ='[2]Avg Week Masaka-Mutukula'!D49+'[2]Avg Week Mutukula-Masaka'!D49 -> 1 | E49: ='[2]Avg Week Masaka-Mutukula'!E49+'[2]Avg Week Mutukula-Masaka'!E49 -> 0.28571429 | F49: ='[2]Avg Week Masaka-Mutukula'!F49+'[2]Avg Week Mutukula-Masaka'!F49 -> 3.2857143 | G49: ='[2]Avg Week Masaka-Mutukula'!G49+'[2]Avg Week Mutukula-Masaka'!G49 -> 0.14285714 | H49: ='[2]Avg Week Masaka-Mutukula'!H49+'[2]Avg Week Mutukula-Masaka'!H49 -> 0.42857143 | I49: ='[2]Avg Week Masaka-Mutukula'!I49+'[2]Avg Week Mutukula-Masaka'!I49 -> 1 | J49: ='[2]Avg Week Masaka-Mutukula'!J49+'[2]Avg Week Mutukula-Masaka'!J49 -> 0.71428571 | ... N49: ='[2]Avg Week Masaka-Mutukula'!N49+'[2]Avg Week Mutukula-Masaka'!N49 -> 0 | O49: =SUM(C49:L49,N49) -> 11.571429 | P49: =SUM(C49:N49) -> 41
B50: 17.00 -17.15 | C50: ='[2]Avg Week Masaka-Mutukula'!C50+'[2]Avg Week Mutukula-Masaka'!C50 -> 5 | D50: ='[2]Avg Week Masaka-Mutukula'!D50+'[2]Avg Week Mutukula-Masaka'!D50 -> 0.57142857 | E50: ='[2]Avg Week Masaka-Mutukula'!E50+'[2]Avg Week Mutukula-Masaka'!E50 -> 0.57142857 | F50: ='[2]Avg Week Masaka-Mutukula'!F50+'[2]Avg Week Mutukula-Masaka'!F50 -> 2.1428571 | G50: ='[2]Avg Week Masaka-Mutukula'!G50+'[2]Avg Week Mutukula-Masaka'!G50 -> 0 | H50: ='[2]Avg Week Masaka-Mutukula'!H50+'[2]Avg Week Mutukula-Masaka'!H50 -> 0.14285714 | I50: ='[2]Avg Week Masaka-Mutukula'!I50+'[2]Avg Week Mutukula-Masaka'!I50 -> 2 | J50: ='[2]Avg Week Masaka-Mutukula'!J50+'[2]Avg Week Mutukula-Masaka'!J50 -> 1.2857143 | ... N50: ='[2]Avg Week Masaka-Mutukula'!N50+'[2]Avg Week Mutukula-Masaka'!N50 -> 0 | O50: =SUM(C50:L50,N50) -> 14.142857 | P50: =SUM(C50:N50) -> 36.428571
B51: 17.15 -17.30 | C51: ='[2]Avg Week Masaka-Mutukula'!C51+'[2]Avg Week Mutukula-Masaka'!C51 -> 6.2857143 | D51: ='[2]Avg Week Masaka-Mutukula'!D51+'[2]Avg Week Mutukula-Masaka'!D51 -> 0.57142857 | E51: ='[2]Avg Week Masaka-Mutukula'!E51+'[2]Avg Week Mutukula-Masaka'!E51 -> 0.16666667 | F51: ='[2]Avg Week Masaka-Mutukula'!F51+'[2]Avg Week Mutukula-Masaka'!F51 -> 3.7142857 | G51: ='[2]Avg Week Masaka-Mutukula'!G51+'[2]Avg Week Mutukula-Masaka'!G51 -> 0 | H51: ='[2]Avg Week Masaka-Mutukula'!H51+'[2]Avg Week Mutukula-Masaka'!H51 -> 0.28571429 | I51: ='[2]Avg Week Masaka-Mutukula'!I51+'[2]Avg Week Mutukula-Masaka'!I51 -> 1.4285714 | J51: ='[2]Avg Week Masaka-Mutukula'!J51+'[2]Avg Week Mutukula-Masaka'!J51 -> 1.5714286 | ... N51: ='[2]Avg Week Masaka-Mutukula'!N51+'[2]Avg Week Mutukula-Masaka'!N51 -> 0 | O51: =SUM(C51:L51,N51) -> 15.738095 | P51: =SUM(C51:N51) -> 40.880952
B52: 17.30 -17.45 | C52: ='[2]Avg Week Masaka-Mutukula'!C52+'[2]Avg Week Mutukula-Masaka'!C52 -> 6.5714286 | D52: ='[2]Avg Week Masaka-Mutukula'!D52+'[2]Avg Week Mutukula-Masaka'!D52 -> 0.85714286 | E52: ='[2]Avg Week Masaka-Mutukula'!E52+'[2]Avg Week Mutukula-Masaka'!E52 -> 0.14285714 | F52: ='[2]Avg Week Masaka-Mutukula'!F52+'[2]Avg Week Mutukula-Masaka'!F52 -> 3 | G52: ='[2]Avg Week Masaka-Mutukula'!G52+'[2]Avg Week Mutukula-Masaka'!G52 -> 0 | H52: ='[2]Avg Week Masaka-Mutukula'!H52+'[2]Avg Week Mutukula-Masaka'!H52 -> 0 | I52: ='[2]Avg Week Masaka-Mutukula'!I52+'[2]Avg Week Mutukula-Masaka'!I52 -> 1.7142857 | J52: ='[2]Avg Week Masaka-Mutukula'!J52+'[2]Avg Week Mutukula-Masaka'!J52 -> 3 | ... N52: ='[2]Avg Week Masaka-Mutukula'!N52+'[2]Avg Week Mutukula-Masaka'!N52 -> 0.14285714 | O52: =SUM(C52:L52,N52) -> 18.142857 | P52: =SUM(C52:N52) -> 45.428571
B53: 17.45 -18.00 | C53: ='[2]Avg Week Masaka-Mutukula'!C53+'[2]Avg Week Mutukula-Masaka'!C53 -> 5.1428571 | D53: ='[2]Avg Week Masaka-Mutukula'!D53+'[2]Avg Week Mutukula-Masaka'!D53 -> 1.2857143 | E53: ='[2]Avg Week Masaka-Mutukula'!E53+'[2]Avg Week Mutukula-Masaka'!E53 -> 0.57142857 | F53: ='[2]Avg Week Masaka-Mutukula'!F53+'[2]Avg Week Mutukula-Masaka'!F53 -> 2.1428571 | G53: ='[2]Avg Week Masaka-Mutukula'!G53+'[2]Avg Week Mutukula-Masaka'!G53 -> 0 | H53: ='[2]Avg Week Masaka-Mutukula'!H53+'[2]Avg Week Mutukula-Masaka'!H53 -> 0.14285714 | I53: ='[2]Avg Week Masaka-Mutukula'!I53+'[2]Avg Week Mutukula-Masaka'!I53 -> 2.2857143 | J53: ='[2]Avg Week Masaka-Mutukula'!J53+'[2]Avg Week Mutukula-Masaka'!J53 -> 1.5714286 | ... N53: ='[2]Avg Week Masaka-Mutukula'!N53+'[2]Avg Week Mutukula-Masaka'!N53 -> 0 | O53: =SUM(C53:L53,N53) -> 14.857143 | P53: =SUM(C53:N53) -> 40.571429
B54: 18.00 - 18.15 | C54: ='[2]Avg Week Masaka-Mutukula'!C54+'[2]Avg Week Mutukula-Masaka'!C54 -> 7 | D54: ='[2]Avg Week Masaka-Mutukula'!D54+'[2]Avg Week Mutukula-Masaka'!D54 -> 1 | E54: ='[2]Avg Week Masaka-Mutukula'!E54+'[2]Avg Week Mutukula-Masaka'!E54 -> 0.57142857 | F54: ='[2]Avg Week Masaka-Mutukula'!F54+'[2]Avg Week Mutukula-Masaka'!F54 -> 2.5714286 | G54: ='[2]Avg Week Masaka-Mutukula'!G54+'[2]Avg Week Mutukula-Masaka'!G54 -> 0 | H54: ='[2]Avg Week Masaka-Mutukula'!H54+'[2]Avg Week Mutukula-Masaka'!H54 -> 0 | I54: ='[2]Avg Week Masaka-Mutukula'!I54+'[2]Avg Week Mutukula-Masaka'!I54 -> 0.71428571 | J54: ='[2]Avg Week Masaka-Mutukula'!J54+'[2]Avg Week Mutukula-Masaka'!J54 -> 1.8571429 | ... N54: ='[2]Avg Week Masaka-Mutukula'!N54+'[2]Avg Week Mutukula-Masaka'!N54 -> 0 | O54: =SUM(C54:L54,N54) -> 16.142857 | P54: =SUM(C54:N54) -> 40.857143
... B105: 06.45 - 07.00 | C105: ='[2]Avg Week Masaka-Mutukula'!C105+'[2]Avg Week Mutukula-Masaka'!C105 -> 3 | D105: ='[2]Avg Week Masaka-Mutukula'!D105+'[2]Avg Week Mutukula-Masaka'!D105 -> 2 | E105: ='[2]Avg Week Masaka-Mutukula'!E105+'[2]Avg Week Mutukula-Masaka'!E105 -> 0 | F105: ='[2]Avg Week Masaka-Mutukula'!F105+'[2]Avg Week Mutukula-Masaka'!F105 -> 15.5 | G105: ='[2]Avg Week Masaka-Mutukula'!G105+'[2]Avg Week Mutukula-Masaka'!G105 -> 0 | H105: ='[2]Avg Week Masaka-Mutukula'!H105+'[2]Avg Week Mutukula-Masaka'!H105 -> 0 | I105: ='[2]Avg Week Masaka-Mutukula'!I105+'[2]Avg Week Mutukula-Masaka'!I105 -> 0 | J105: ='[2]Avg Week Masaka-Mutukula'!J105+'[2]Avg Week Mutukula-Masaka'!J105 -> 1.5 | ... N105: ='[2]Avg Week Masaka-Mutukula'!N105+'[2]Avg Week Mutukula-Masaka'!N105 -> 0 | O105: =SUM(C105:L105,N105) -> 23 | P105: =SUM(C105:N105) -> 35
B106: Totals | C106: =SUM(C10:C105) -> 334.14286 | D106: =SUM(D10:D105) -> 54.428571 | E106: =SUM(E10:E105) -> 23.238095 | F106: =SUM(F10:F105) -> 170.42857 | G106: =SUM(G10:G105) -> 5.6428571 | H106: =SUM(H10:H105) -> 6.0714286 | I106: =SUM(I10:I105) -> 99.285714 | J106: =SUM(J10:J105) -> 94.785714 | ... P106: =SUM(P10:P105) -> 2335.0952
B107: %ges + MCs | C107: =C106/$P$106 -> 0.14309603 | D107: =D106/$P$106 -> 0.02330893 | E107: =E106/$P$106 -> 0.0099516691 | F107: =F106/$P$106 -> 0.072985705 | G107: =G106/$P$106 -> 0.0024165426 | H107: =H106/$P$106 -> 0.0026000775 | I107: =I106/$P$106 -> 0.042518914 | J107: =J106/$P$106 -> 0.040591798 | ... N107: =N106/$P$106 -> 0.0029365581
B108: %ges w/o MCs | C108: =C106/$O$106 -> 0.36341508 | D108: =D106/$O$106 -> 0.059196727 | E108: =E106/$O$106 -> 0.025273843 | F108: =F106/$O$106 -> 0.18535878 | G108: =G106/$O$106 -> 0.0061371935 | H108: =H106/$O$106 -> 0.0066033094 | I108: =I106/$O$106 -> 0.10798353 | J108: =J106/$O$106 -> 0.10308931 | ... L108: =L106/$O$106 -> 0.010409923 | N108: =N106/$O$106 -> 0.0074578553

Sheet 100A
B1: Consultancy services for Preparation of Expressway Development Master Plan (EDMP) for Uganda
B2: MANUAL CLASSIFIED COUNT (MCC)
B3: ROAD NAME: | C3: ='[3]31.10 Mbarara-Isingiro'!C3:G3 -> MCC-C4-STN100A-MBARARA-ISINGIRO ROAD
C5: Date | D5: AVERAGE WEEK | F5: Location | G5: ='[3]Avg Week Mbarara-Isingiro'!G5:H5 -> KASENYI | J5: Surveyor | K5: XXXX
C6: Dir. From | D6: BOTH DIRECTIONS | F6: Dir. To | G6: BOTH DIRECTIONS | J6: Supervisor | K6: ='[3]Avg Week Mbarara-Isingiro'!K6:L6 -> MIREMBE RUTH
B8: Time / Veh Type | R8: SUMMARY TRAFFIC VOLUMES
C9: 1. Car | D9: 2. Station Wagon | E9: 3. Pickups | F9: 4. Minibus, matatu | G9: 5. Medium bus | H9: 6. Large Bus | I9: 7. Light Truck | J9: 8. Medium Truck | K9: 9. Heavy truck | L9: 10. Truck Trailer | M9: 11. Motor cycles | N9: 12. Tractors | O9: Total Excl M/Cycles | P9: Total All | R9: Time | S9: 1. Car | T9: 2. Station Wagon | U9: 3. Pickups | V9: 4. Minibus, matatu | W9: 5. Medium bus | X9: 6. Large Bus | Y9: 7. Light Truck | Z9: 8. Medium Truck | AA9: 9. Heavy truck | AB9: 10. Truck Trailer | AC9: 11. Motorcycles | AD9: 12. Tractors, Graders | AE9: Total Excl M/ Cycles | AF9: Total All
B10: 07.00 - 07.15 | C10: ='[3]Avg Week Isingiro-Mbarara'!C10+'[3]Avg Week Mbarara-Isingiro'!C10 -> 13 | D10: ='[3]Avg Week Isingiro-Mbarara'!D10+'[3]Avg Week Mbarara-Isingiro'!D10 -> 1.2857143 | E10: ='[3]Avg Week Isingiro-Mbarara'!E10+'[3]Avg Week Mbarara-Isingiro'!E10 -> 2.5714286 | F10: ='[3]Avg Week Isingiro-Mbarara'!F10+'[3]Avg Week Mbarara-Isingiro'!F10 -> 5.1428571 | G10: ='[3]Avg Week Isingiro-Mbarara'!G10+'[3]Avg Week Mbarara-Isingiro'!G10 -> 0 | H10: ='[3]Avg Week Isingiro-Mbarara'!H10+'[3]Avg Week Mbarara-Isingiro'!H10 -> 0.14285714 | I10: ='[3]Avg Week Isingiro-Mbarara'!I10+'[3]Avg Week Mbarara-Isingiro'!I10 -> 2.5714286 | J10: ='[3]Avg Week Isingiro-Mbarara'!J10+'[3]Avg Week Mbarara-Isingiro'!J10 -> 1.8571429 | ... N10: ='[3]Avg Week Isingiro-Mbarara'!N10+'[3]Avg Week Mbarara-Isingiro'!N10 -> 0 | O10: =SUM(C10:L10,N10) -> 26.857143 | P10: =SUM(C10:N10) -> 75.857143 | R10: 0700-0800 | S10: =SUM(C10:C13) -> 70.714286 | T10: =SUM(D10:D13) -> 13.142857 | U10: =SUM(E10:E13) -> 10.285714 | V10: =SUM(F10:F13) -> 20.142857 | W10: =SUM(G10:G13) -> 0.28571429 | X10: =SUM(H10:H13) -> 0.57142857 | Y10: =SUM(I10:I13) -> 9 | Z10: =SUM(J10:J13) -> 8.7142857 | ... AF10: =SUM(P10:P13) -> 406.14286
B11: 07.15 - 07.30 | C11: ='[3]Avg Week Isingiro-Mbarara'!C11+'[3]Avg Week Mbarara-Isingiro'!C11 -> 16.142857 | D11: ='[3]Avg Week Isingiro-Mbarara'!D11+'[3]Avg Week Mbarara-Isingiro'!D11 -> 1.4285714 | E11: ='[3]Avg Week Isingiro-Mbarara'!E11+'[3]Avg Week Mbarara-Isingiro'!E11 -> 2 | F11: ='[3]Avg Week Isingiro-Mbarara'!F11+'[3]Avg Week Mbarara-Isingiro'!F11 -> 3.2857143 | G11: ='[3]Avg Week Isingiro-Mbarara'!G11+'[3]Avg Week Mbarara-Isingiro'!G11 -> 0 | H11: ='[3]Avg Week Isingiro-Mbarara'!H11+'[3]Avg Week Mbarara-Isingiro'!H11 -> 0 | I11: ='[3]Avg Week Isingiro-Mbarara'!I11+'[3]Avg Week Mbarara-Isingiro'!I11 -> 2.4285714 | J11: ='[3]Avg Week Isingiro-Mbarara'!J11+'[3]Avg Week Mbarara-Isingiro'!J11 -> 1.5714286 | ... N11: ='[3]Avg Week Isingiro-Mbarara'!N11+'[3]Avg Week Mbarara-Isingiro'!N11 -> 0 | O11: =SUM(C11:L11,N11) -> 27.142857 | P11: =SUM(C11:N11) -> 89.571429 | R11: 0800-0900 | S11: =SUM(C14:C17) -> 80.285714 | T11: =SUM(D14:D17) -> 16.428571 | U11: =SUM(E14:E17) -> 15.142857 | V11: =SUM(F14:F17) -> 25 | W11: =SUM(G14:G17) -> 0.71428571 | X11: =SUM(H14:H17) -> 0.14285714 | Y11: =SUM(I14:I17) -> 13.571429 | Z11: =SUM(J14:J17) -> 9.2857143 | ... AF11: =SUM(P14:P17) -> 482.57143
