Workbook

Sheet ALL
B1: Consultancy services for Preparation of Expressway Development Master Plan (EDMP) for Uganda
B2: MANUAL CLASSIFIED COUNT (MCC)
B3: ROAD NAME: | C3: AVERAGE WEEK
C5: Date | D5: AVERAGE WEEK | F5: Location | G5: ='[1]Avg Week Munyonyo-Salama'!G5:H5 -> MUNYONYO P/S | J5: Surveyor
C6: Dir. From | D6: BOTH DIRECTIONS | F6: Dir. To | G6: BOTH DIRECTIONS | J6: Supervisor
B8: Time / Veh Type | R8: SUMMARY TRAFFIC VOLUMES
C9: 1. Car | D9: 2. Station Wagon | E9: 3. Pickups | F9: 4. Minibus, matatu | G9: 5. Medium bus | H9: 6. Large Bus | I9: 7. Light Truck | J9: 8. Medium Truck | K9: 9. Heavy truck | L9: 10. Truck Trailer | M9: 11. Motor cycles | N9: 12. Tractors | O9: Total Excl M/Cycles | P9: Total All | R9: Time | S9: 1. Car | T9: 2. Station Wagon | U9: 3. Pickups | V9: 4. Minibus, matatu | W9: 5. Medium bus | X9: 6. Large Bus | Y9: 7. Light Truck | Z9: 8. Medium Truck | AA9: 9. Heavy truck | AB9: 10. Truck Trailer | AC9: 11. Motorcycles | AD9: 12. Tractors, Graders | AE9: Total Excl M/ Cycles | AF9: Total All
B10: 07.00 - 07.15 | C10: =AVERAGE('51'!C10,'52'!C10,'53'!C10,'55'!C10,'56'!C10,'57'!C10,'58'!C10,'59A'!C10,'59'!C10,'60'!C10,'61'!C10,'62'!C10,'63'!C10,'64'!C10,'65'!C10,'66'!C10,'67'!C10,'68'!C10,'69'!C10,'70'!C10,'71'!C10,'72'!C10,'73'!C10,'74'!C10,'76'!C10,'77'!C10,) -> 38.703704 | D10: =AVERAGE('51'!D10,'52'!D10,'53'!D10,'55'!D10,'56'!D10,'57'!D10,'58'!D10,'59A'!D10,'59'!D10,'60'!D10,'61'!D10,'62'!D10,'63'!D10,'64'!D10,'65'!D10,'66'!D10,'67'!D10,'68'!D10,'69'!D10,'70'!D10,'71'!D10,'72'!D10,'73'!D10,'74'!D10,'76'!D10,'77'!D10,) -> 10.742196 | E10: =AVERAGE('51'!E10,'52'!E10,'53'!E10,'55'!E10,'56'!E10,'57'!E10,'58'!E10,'59A'!E10,'59'!E10,'60'!E10,'61'!E10,'62'!E10,'63'!E10,'64'!E10,'65'!E10,'66'!E10,'67'!E10,'68'!E10,'69'!E10,'70'!E10,'71'!E10,'72'!E10,'73'!E10,'74'!E10,'76'!E10,'77'!E10,) -> 6.3609788 | F10: =AVERAGE('51'!F10,'52'!F10,'53'!F10,'55'!F10,'56'!F10,'57'!F10,'58'!F10,'59A'!F10,'59'!F10,'60'!F10,'61'!F10,'62'!F10,'63'!F10,'64'!F10,'65'!F10,'66'!F10,'67'!F10,'68'!F10,'69'!F10,'70'!F10,'71'!F10,'72'!F10,'73'!F10,'74'!F10,'76'!F10,'77'!F10,) -> 19.156746 | G10: =AVERAGE('51'!G10,'52'!G10,'53'!G10,'55'!G10,'56'!G10,'57'!G10,'58'!G10,'59A'!G10,'59'!G10,'60'!G10,'61'!G10,'62'!G10,'63'!G10,'64'!G10,'65'!G10,'66'!G10,'67'!G10,'68'!G10,'69'!G10,'70'!G10,'71'!G10,'72'!G10,'73'!G10,'74'!G10,'76'!G10,'77'!G10,) -> 1.4001323 | H10: =AVERAGE('51'!H10,'52'!H10,'53'!H10,'55'!H10,'56'!H10,'57'!H10,'58'!H10,'59A'!H10,'59'!H10,'60'!H10,'61'!H10,'62'!H10,'63'!H10,'64'!H10,'65'!H10,'66'!H10,'67'!H10,'68'!H10,'69'!H10,'70'!H10,'71'!H10,'72'!H10,'73'!H10,'74'!H10,'76'!H10,'77'!H10,) -> 0.59060847 | I10: =AVERAGE('51'!I10,'52'!I10,'53'!I10,'55'!I10,'56'!I10,'57'!I10,'58'!I10,'59A'!I10,'59'!I10,'60'!I10,'61'!I10,'62'!I10,'63'!I10,'64'!I10,'65'!I10,'66'!I10,'67'!I10,'68'!I10,'69'!I10,'70'!I10,'71'!I10,'72'!I10,'73'!I10,'74'!I10,'76'!I10,'77'!I10,) -> 5.2698413 | J10: =AVERAGE('51'!J10,'52'!J10,'53'!J10,'55'!J10,'56'!J10,'57'!J10,'58'!J10,'59A'!J10,'59'!J10,'60'!J10,'61'!J10,'62'!J10,'63'!J10,'64'!J10,'65'!J10,'66'!J10,'67'!J10,'68'!J10,'69'!J10,'70'!J10,'71'!J10,'72'!J10,'73'!J10,'74'!J10,'76'!J10,'77'!J10,) -> 1.8619929 | ... P10: =AVERAGE('51'!P10,'52'!P10,'53'!P10,'55'!P10,'56'!P10,'57'!P10,'58'!P10,'59A'!P10,'59'!P10,'60'!P10,'61'!P10,'62'!P10,'63'!P10,'64'!P10,'65'!P10,'66'!P10,'67'!P10,'68'!P10,'69'!P10,'70'!P10,'71'!P10,'72'!P10,'73'!P10,'74'!P10,'76'!P10,'77'!P10,) -> 160.14175 | R10: 0700-0800 | S10: =SUM(C10:C13) -> 158.59656 | T10: =SUM(D10:D13) -> 45.049206 | U10: =SUM(E10:E13) -> 27.348942 | V10: =SUM(F10:F13) -> 85.299603 | W10: =SUM(G10:G13) -> 4.2374339 | X10: =SUM(H10:H13) -> 1.6448413 | Y10: =SUM(I10:I13) -> 24.21627 | Z10: =SUM(J10:J13) -> 7.8342152 | ... AF10: =SUM(P10:P13) -> 699.21583
B11: 07.15 - 07.30 | C11: =AVERAGE('51'!C11,'52'!C11,'53'!C11,'55'!C11,'56'!C11,'57'!C11,'58'!C11,'59A'!C11,'59'!C11,'60'!C11,'61'!C11,'62'!C11,'63'!C11,'64'!C11,'65'!C11,'66'!C11,'67'!C11,'68'!C11,'69'!C11,'70'!C11,'71'!C11,'72'!C11,'73'!C11,'74'!C11,'76'!C11,'77'!C11,) -> 39.074735 | D11: =AVERAGE('51'!D11,'52'!D11,'53'!D11,'55'!D11,'56'!D11,'57'!D11,'58'!D11,'59A'!D11,'59'!D11,'60'!D11,'61'!D11,'62'!D11,'63'!D11,'64'!D11,'65'!D11,'66'!D11,'67'!D11,'68'!D11,'69'!D11,'70'!D11,'71'!D11,'72'!D11,'73'!D11,'74'!D11,'76'!D11,'77'!D11,) -> 11.461376 | E11: =AVERAGE('51'!E11,'52'!E11,'53'!E11,'55'!E11,'56'!E11,'57'!E11,'58'!E11,'59A'!E11,'59'!E11,'60'!E11,'61'!E11,'62'!E11,'63'!E11,'64'!E11,'65'!E11,'66'!E11,'67'!E11,'68'!E11,'69'!E11,'70'!E11,'71'!E11,'72'!E11,'73'!E11,'74'!E11,'76'!E11,'77'!E11,) -> 6.7039683 | F11: =AVERAGE('51'!F11,'52'!F11,'53'!F11,'55'!F11,'56'!F11,'57'!F11,'58'!F11,'59A'!F11,'59'!F11,'60'!F11,'61'!F11,'62'!F11,'63'!F11,'64'!F11,'65'!F11,'66'!F11,'67'!F11,'68'!F11,'69'!F11,'70'!F11,'71'!F11,'72'!F11,'73'!F11,'74'!F11,'76'!F11,'77'!F11,) -> 21.710979 | G11: =AVERAGE('51'!G11,'52'!G11,'53'!G11,'55'!G11,'56'!G11,'57'!G11,'58'!G11,'59A'!G11,'59'!G11,'60'!G11,'61'!G11,'62'!G11,'63'!G11,'64'!G11,'65'!G11,'66'!G11,'67'!G11,'68'!G11,'69'!G11,'70'!G11,'71'!G11,'72'!G11,'73'!G11,'74'!G11,'76'!G11,'77'!G11,) -> 1.0568783 | H11: =AVERAGE('51'!H11,'52'!H11,'53'!H11,'55'!H11,'56'!H11,'57'!H11,'58'!H11,'59A'!H11,'59'!H11,'60'!H11,'61'!H11,'62'!H11,'63'!H11,'64'!H11,'65'!H11,'66'!H11,'67'!H11,'68'!H11,'69'!H11,'70'!H11,'71'!H11,'72'!H11,'73'!H11,'74'!H11,'76'!H11,'77'!H11,) -> 0.31878307 | I11: =AVERAGE('51'!I11,'52'!I11,'53'!I11,'55'!I11,'56'!I11,'57'!I11,'58'!I11,'59A'!I11,'59'!I11,'60'!I11,'61'!I11,'62'!I11,'63'!I11,'64'!I11,'65'!I11,'66'!I11,'67'!I11,'68'!I11,'69'!I11,'70'!I11,'71'!I11,'72'!I11,'73'!I11,'74'!I11,'76'!I11,'77'!I11,) -> 6.0152116 | J11: =AVERAGE('51'!J11,'52'!J11,'53'!J11,'55'!J11,'56'!J11,'57'!J11,'58'!J11,'59A'!J11,'59'!J11,'60'!J11,'61'!J11,'62'!J11,'63'!J11,'64'!J11,'65'!J11,'66'!J11,'67'!J11,'68'!J11,'69'!J11,'70'!J11,'71'!J11,'72'!J11,'73'!J11,'74'!J11,'76'!J11,'77'!J11,) -> 1.7837302 | ... P11: =AVERAGE('51'!P11,'52'!P11,'53'!P11,'55'!P11,'56'!P11,'57'!P11,'58'!P11,'59A'!P11,'59'!P11,'60'!P11,'61'!P11,'62'!P11,'63'!P11,'64'!P11,'65'!P11,'66'!P11,'67'!P11,'68'!P11,'69'!P11,'70'!P11,'71'!P11,'72'!P11,'73'!P11,'74'!P11,'76'!P11,'77'!P11,) -> 172.04696 | R11: 0800-0900 | S11: =SUM(C14:C17) -> 156.53638 | T11: =SUM(D14:D17) -> 49.068122 | U11: =SUM(E14:E17) -> 30.416005 | V11: =SUM(F14:F17) -> 90.459656 | W11: =SUM(G14:G17) -> 3.5833333 | X11: =SUM(H14:H17) -> 1.7513228 | Y11: =SUM(I14:I17) -> 28.537698 | Z11: =SUM(J14:J17) -> 8.7480159 | ... AF11: =SUM(P14:P17) -> 744.8578
B12: 07.30 - 07.45 | C12: =AVERAGE('51'!C12,'52'!C12,'53'!C12,'55'!C12,'56'!C12,'57'!C12,'58'!C12,'59A'!C12,'59'!C12,'60'!C12,'61'!C12,'62'!C12,'63'!C12,'64'!C12,'65'!C12,'66'!C12,'67'!C12,'68'!C12,'69'!C12,'70'!C12,'71'!C12,'72'!C12,'73'!C12,'74'!C12,'76'!C12,'77'!C12,) -> 40.03836 | D12: =AVERAGE('51'!D12,'52'!D12,'53'!D12,'55'!D12,'56'!D12,'57'!D12,'58'!D12,'59A'!D12,'59'!D12,'60'!D12,'61'!D12,'62'!D12,'63'!D12,'64'!D12,'65'!D12,'66'!D12,'67'!D12,'68'!D12,'69'!D12,'70'!D12,'71'!D12,'72'!D12,'73'!D12,'74'!D12,'76'!D12,'77'!D12,) -> 11.367857 | E12: =AVERAGE('51'!E12,'52'!E12,'53'!E12,'55'!E12,'56'!E12,'57'!E12,'58'!E12,'59A'!E12,'59'!E12,'60'!E12,'61'!E12,'62'!E12,'63'!E12,'64'!E12,'65'!E12,'66'!E12,'67'!E12,'68'!E12,'69'!E12,'70'!E12,'71'!E12,'72'!E12,'73'!E12,'74'!E12,'76'!E12,'77'!E12,) -> 7.0951058 | F12: =AVERAGE('51'!F12,'52'!F12,'53'!F12,'55'!F12,'56'!F12,'57'!F12,'58'!F12,'59A'!F12,'59'!F12,'60'!F12,'61'!F12,'62'!F12,'63'!F12,'64'!F12,'65'!F12,'66'!F12,'67'!F12,'68'!F12,'69'!F12,'70'!F12,'71'!F12,'72'!F12,'73'!F12,'74'!F12,'76'!F12,'77'!F12,) -> 23.005291 | G12: =AVERAGE('51'!G12,'52'!G12,'53'!G12,'55'!G12,'56'!G12,'57'!G12,'58'!G12,'59A'!G12,'59'!G12,'60'!G12,'61'!G12,'62'!G12,'63'!G12,'64'!G12,'65'!G12,'66'!G12,'67'!G12,'68'!G12,'69'!G12,'70'!G12,'71'!G12,'72'!G12,'73'!G12,'74'!G12,'76'!G12,'77'!G12,) -> 0.93055556 | H12: =AVERAGE('51'!H12,'52'!H12,'53'!H12,'55'!H12,'56'!H12,'57'!H12,'58'!H12,'59A'!H12,'59'!H12,'60'!H12,'61'!H12,'62'!H12,'63'!H12,'64'!H12,'65'!H12,'66'!H12,'67'!H12,'68'!H12,'69'!H12,'70'!H12,'71'!H12,'72'!H12,'73'!H12,'74'!H12,'76'!H12,'77'!H12,) -> 0.39351852 | I12: =AVERAGE('51'!I12,'52'!I12,'53'!I12,'55'!I12,'56'!I12,'57'!I12,'58'!I12,'59A'!I12,'59'!I12,'60'!I12,'61'!I12,'62'!I12,'63'!I12,'64'!I12,'65'!I12,'66'!I12,'67'!I12,'68'!I12,'69'!I12,'70'!I12,'71'!I12,'72'!I12,'73'!I12,'74'!I12,'76'!I12,'77'!I12,) -> 6.1269841 | J12: =AVERAGE('51'!J12,'52'!J12,'53'!J12,'55'!J12,'56'!J12,'57'!J12,'58'!J12,'59A'!J12,'59'!J12,'60'!J12,'61'!J12,'62'!J12,'63'!J12,'64'!J12,'65'!J12,'66'!J12,'67'!J12,'68'!J12,'69'!J12,'70'!J12,'71'!J12,'72'!J12,'73'!J12,'74'!J12,'76'!J12,'77'!J12,) -> 2.0753968 | ... P12: =AVERAGE('51'!P12,'52'!P12,'53'!P12,'55'!P12,'56'!P12,'57'!P12,'58'!P12,'59A'!P12,'59'!P12,'60'!P12,'61'!P12,'62'!P12,'63'!P12,'64'!P12,'65'!P12,'66'!P12,'67'!P12,'68'!P12,'69'!P12,'70'!P12,'71'!P12,'72'!P12,'73'!P12,'74'!P12,'76'!P12,'77'!P12,) -> 181.60384 | R12: 0900-1000 | S12: =SUM(C18:C21) -> 154.71362 | T12: =SUM(D18:D21) -> 48.227116 | U12: =SUM(E18:E21) -> 30.387302 | V12: =SUM(F18:F21) -> 88.618386 | W12: =SUM(G18:G21) -> 3.4589947 | X12: =SUM(H18:H21) -> 1.6944444 | Y12: =SUM(I18:I21) -> 32.943122 | Z12: =SUM(J18:J21) -> 10.278439 | ... AF12: =SUM(P18:P21) -> 734.33377
B13: 07.45 - 08.00 | C13: =AVERAGE('51'!C13,'52'!C13,'53'!C13,'55'!C13,'56'!C13,'57'!C13,'58'!C13,'59A'!C13,'59'!C13,'60'!C13,'61'!C13,'62'!C13,'63'!C13,'64'!C13,'65'!C13,'66'!C13,'67'!C13,'68'!C13,'69'!C13,'70'!C13,'71'!C13,'72'!C13,'73'!C13,'74'!C13,'76'!C13,'77'!C13,) -> 40.779762 | D13: =AVERAGE('51'!D13,'52'!D13,'53'!D13,'55'!D13,'56'!D13,'57'!D13,'58'!D13,'59A'!D13,'59'!D13,'60'!D13,'61'!D13,'62'!D13,'63'!D13,'64'!D13,'65'!D13,'66'!D13,'67'!D13,'68'!D13,'69'!D13,'70'!D13,'71'!D13,'72'!D13,'73'!D13,'74'!D13,'76'!D13,'77'!D13,) -> 11.477778 | E13: =AVERAGE('51'!E13,'52'!E13,'53'!E13,'55'!E13,'56'!E13,'57'!E13,'58'!E13,'59A'!E13,'59'!E13,'60'!E13,'61'!E13,'62'!E13,'63'!E13,'64'!E13,'65'!E13,'66'!E13,'67'!E13,'68'!E13,'69'!E13,'70'!E13,'71'!E13,'72'!E13,'73'!E13,'74'!E13,'76'!E13,'77'!E13,) -> 7.1888889 | F13: =AVERAGE('51'!F13,'52'!F13,'53'!F13,'55'!F13,'56'!F13,'57'!F13,'58'!F13,'59A'!F13,'59'!F13,'60'!F13,'61'!F13,'62'!F13,'63'!F13,'64'!F13,'65'!F13,'66'!F13,'67'!F13,'68'!F13,'69'!F13,'70'!F13,'71'!F13,'72'!F13,'73'!F13,'74'!F13,'76'!F13,'77'!F13,) -> 21.426587 | G13: =AVERAGE('51'!G13,'52'!G13,'53'!G13,'55'!G13,'56'!G13,'57'!G13,'58'!G13,'59A'!G13,'59'!G13,'60'!G13,'61'!G13,'62'!G13,'63'!G13,'64'!G13,'65'!G13,'66'!G13,'67'!G13,'68'!G13,'69'!G13,'70'!G13,'71'!G13,'72'!G13,'73'!G13,'74'!G13,'76'!G13,'77'!G13,) -> 0.84986772 | H13: =AVERAGE('51'!H13,'52'!H13,'53'!H13,'55'!H13,'56'!H13,'57'!H13,'58'!H13,'59A'!H13,'59'!H13,'60'!H13,'61'!H13,'62'!H13,'63'!H13,'64'!H13,'65'!H13,'66'!H13,'67'!H13,'68'!H13,'69'!H13,'70'!H13,'71'!H13,'72'!H13,'73'!H13,'74'!H13,'76'!H13,'77'!H13,) -> 0.34193122 | I13: =AVERAGE('51'!I13,'52'!I13,'53'!I13,'55'!I13,'56'!I13,'57'!I13,'58'!I13,'59A'!I13,'59'!I13,'60'!I13,'61'!I13,'62'!I13,'63'!I13,'64'!I13,'65'!I13,'66'!I13,'67'!I13,'68'!I13,'69'!I13,'70'!I13,'71'!I13,'72'!I13,'73'!I13,'74'!I13,'76'!I13,'77'!I13,) -> 6.8042328 | J13: =AVERAGE('51'!J13,'52'!J13,'53'!J13,'55'!J13,'56'!J13,'57'!J13,'58'!J13,'59A'!J13,'59'!J13,'60'!J13,'61'!J13,'62'!J13,'63'!J13,'64'!J13,'65'!J13,'66'!J13,'67'!J13,'68'!J13,'69'!J13,'70'!J13,'71'!J13,'72'!J13,'73'!J13,'74'!J13,'76'!J13,'77'!J13,) -> 2.1130952 | ... P13: =AVERAGE('51'!P13,'52'!P13,'53'!P13,'55'!P13,'56'!P13,'57'!P13,'58'!P13,'59A'!P13,'59'!P13,'60'!P13,'61'!P13,'62'!P13,'63'!P13,'64'!P13,'65'!P13,'66'!P13,'67'!P13,'68'!P13,'69'!P13,'70'!P13,'71'!P13,'72'!P13,'73'!P13,'74'!P13,'76'!P13,'77'!P13,) -> 185.42328 | R13: 1000-1100 | S13: =SUM(C22:C25) -> 161.68849 | T13: =SUM(D22:D25) -> 49.641005 | U13: =SUM(E22:E25) -> 30.542196 | V13: =SUM(F22:F25) -> 87.653439 | W13: =SUM(G22:G25) -> 3.9464286 | X13: =SUM(H22:H25) -> 1.5965608 | Y13: =SUM(I22:I25) -> 36.58664 | Z13: =SUM(J22:J25) -> 11.573413 | ... AF13: =SUM(P22:P25) -> 731.49206
B14: 08.00 - 08.15 | C14: =AVERAGE('51'!C14,'52'!C14,'53'!C14,'55'!C14,'56'!C14,'57'!C14,'58'!C14,'59A'!C14,'59'!C14,'60'!C14,'61'!C14,'62'!C14,'63'!C14,'64'!C14,'65'!C14,'66'!C14,'67'!C14,'68'!C14,'69'!C14,'70'!C14,'71'!C14,'72'!C14,'73'!C14,'74'!C14,'76'!C14,'77'!C14,) -> 39.714286 | D14: =AVERAGE('51'!D14,'52'!D14,'53'!D14,'55'!D14,'56'!D14,'57'!D14,'58'!D14,'59A'!D14,'59'!D14,'60'!D14,'61'!D14,'62'!D14,'63'!D14,'64'!D14,'65'!D14,'66'!D14,'67'!D14,'68'!D14,'69'!D14,'70'!D14,'71'!D14,'72'!D14,'73'!D14,'74'!D14,'76'!D14,'77'!D14,) -> 12.15172 | E14: =AVERAGE('51'!E14,'52'!E14,'53'!E14,'55'!E14,'56'!E14,'57'!E14,'58'!E14,'59A'!E14,'59'!E14,'60'!E14,'61'!E14,'62'!E14,'63'!E14,'64'!E14,'65'!E14,'66'!E14,'67'!E14,'68'!E14,'69'!E14,'70'!E14,'71'!E14,'72'!E14,'73'!E14,'74'!E14,'76'!E14,'77'!E14,) -> 7.7768519 | F14: =AVERAGE('51'!F14,'52'!F14,'53'!F14,'55'!F14,'56'!F14,'57'!F14,'58'!F14,'59A'!F14,'59'!F14,'60'!F14,'61'!F14,'62'!F14,'63'!F14,'64'!F14,'65'!F14,'66'!F14,'67'!F14,'68'!F14,'69'!F14,'70'!F14,'71'!F14,'72'!F14,'73'!F14,'74'!F14,'76'!F14,'77'!F14,) -> 23.690476 | G14: =AVERAGE('51'!G14,'52'!G14,'53'!G14,'55'!G14,'56'!G14,'57'!G14,'58'!G14,'59A'!G14,'59'!G14,'60'!G14,'61'!G14,'62'!G14,'63'!G14,'64'!G14,'65'!G14,'66'!G14,'67'!G14,'68'!G14,'69'!G14,'70'!G14,'71'!G14,'72'!G14,'73'!G14,'74'!G14,'76'!G14,'77'!G14,) -> 0.92328042 | H14: =AVERAGE('51'!H14,'52'!H14,'53'!H14,'55'!H14,'56'!H14,'57'!H14,'58'!H14,'59A'!H14,'59'!H14,'60'!H14,'61'!H14,'62'!H14,'63'!H14,'64'!H14,'65'!H14,'66'!H14,'67'!H14,'68'!H14,'69'!H14,'70'!H14,'71'!H14,'72'!H14,'73'!H14,'74'!H14,'76'!H14,'77'!H14,) -> 0.5297619 | I14: =AVERAGE('51'!I14,'52'!I14,'53'!I14,'55'!I14,'56'!I14,'57'!I14,'58'!I14,'59A'!I14,'59'!I14,'60'!I14,'61'!I14,'62'!I14,'63'!I14,'64'!I14,'65'!I14,'66'!I14,'67'!I14,'68'!I14,'69'!I14,'70'!I14,'71'!I14,'72'!I14,'73'!I14,'74'!I14,'76'!I14,'77'!I14,) -> 7.3009259 | J14: =AVERAGE('51'!J14,'52'!J14,'53'!J14,'55'!J14,'56'!J14,'57'!J14,'58'!J14,'59A'!J14,'59'!J14,'60'!J14,'61'!J14,'62'!J14,'63'!J14,'64'!J14,'65'!J14,'66'!J14,'67'!J14,'68'!J14,'69'!J14,'70'!J14,'71'!J14,'72'!J14,'73'!J14,'74'!J14,'76'!J14,'77'!J14,) -> 2.1415344 | ... P14: =AVERAGE('51'!P14,'52'!P14,'53'!P14,'55'!P14,'56'!P14,'57'!P14,'58'!P14,'59A'!P14,'59'!P14,'60'!P14,'61'!P14,'62'!P14,'63'!P14,'64'!P14,'65'!P14,'66'!P14,'67'!P14,'68'!P14,'69'!P14,'70'!P14,'71'!P14,'72'!P14,'73'!P14,'74'!P14,'76'!P14,'77'!P14,) -> 189.58929 | R14: 1100-1200 | S14: =SUM(C26:C29) -> 162.44312 | T14: =SUM(D26:D29) -> 48.938624 | U14: =SUM(E26:E29) -> 31.244577 | V14: =SUM(F26:F29) -> 87.888007 | W14: =SUM(G26:G29) -> 3.0575397 | X14: =SUM(H26:H29) -> 1.3928571 | Y14: =SUM(I26:I29) -> 39.343915 | Z14: =SUM(J26:J29) -> 12.12037 | ... AF14: =SUM(P26:P29) -> 724.77756
B15: 08.15 - 08.30 | C15: =AVERAGE('51'!C15,'52'!C15,'53'!C15,'55'!C15,'56'!C15,'57'!C15,'58'!C15,'59A'!C15,'59'!C15,'60'!C15,'61'!C15,'62'!C15,'63'!C15,'64'!C15,'65'!C15,'66'!C15,'67'!C15,'68'!C15,'69'!C15,'70'!C15,'71'!C15,'72'!C15,'73'!C15,'74'!C15,'76'!C15,'77'!C15,) -> 37.818783 | D15: =AVERAGE('51'!D15,'52'!D15,'53'!D15,'55'!D15,'56'!D15,'57'!D15,'58'!D15,'59A'!D15,'59'!D15,'60'!D15,'61'!D15,'62'!D15,'63'!D15,'64'!D15,'65'!D15,'66'!D15,'67'!D15,'68'!D15,'69'!D15,'70'!D15,'71'!D15,'72'!D15,'73'!D15,'74'!D15,'76'!D15,'77'!D15,) -> 11.964286 | E15: =AVERAGE('51'!E15,'52'!E15,'53'!E15,'55'!E15,'56'!E15,'57'!E15,'58'!E15,'59A'!E15,'59'!E15,'60'!E15,'61'!E15,'62'!E15,'63'!E15,'64'!E15,'65'!E15,'66'!E15,'67'!E15,'68'!E15,'69'!E15,'70'!E15,'71'!E15,'72'!E15,'73'!E15,'74'!E15,'76'!E15,'77'!E15,) -> 7.0780423 | F15: =AVERAGE('51'!F15,'52'!F15,'53'!F15,'55'!F15,'56'!F15,'57'!F15,'58'!F15,'59A'!F15,'59'!F15,'60'!F15,'61'!F15,'62'!F15,'63'!F15,'64'!F15,'65'!F15,'66'!F15,'67'!F15,'68'!F15,'69'!F15,'70'!F15,'71'!F15,'72'!F15,'73'!F15,'74'!F15,'76'!F15,'77'!F15,) -> 23.453704 | G15: =AVERAGE('51'!G15,'52'!G15,'53'!G15,'55'!G15,'56'!G15,'57'!G15,'58'!G15,'59A'!G15,'59'!G15,'60'!G15,'61'!G15,'62'!G15,'63'!G15,'64'!G15,'65'!G15,'66'!G15,'67'!G15,'68'!G15,'69'!G15,'70'!G15,'71'!G15,'72'!G15,'73'!G15,'74'!G15,'76'!G15,'77'!G15,) -> 0.78968254 | H15: =AVERAGE('51'!H15,'52'!H15,'53'!H15,'55'!H15,'56'!H15,'57'!H15,'58'!H15,'59A'!H15,'59'!H15,'60'!H15,'61'!H15,'62'!H15,'63'!H15,'64'!H15,'65'!H15,'66'!H15,'67'!H15,'68'!H15,'69'!H15,'70'!H15,'71'!H15,'72'!H15,'73'!H15,'74'!H15,'76'!H15,'77'!H15,) -> 0.34259259 | I15: =AVERAGE('51'!I15,'52'!I15,'53'!I15,'55'!I15,'56'!I15,'57'!I15,'58'!I15,'59A'!I15,'59'!I15,'60'!I15,'61'!I15,'62'!I15,'63'!I15,'64'!I15,'65'!I15,'66'!I15,'67'!I15,'68'!I15,'69'!I15,'70'!I15,'71'!I15,'72'!I15,'73'!I15,'74'!I15,'76'!I15,'77'!I15,) -> 6.9146825 | J15: =AVERAGE('51'!J15,'52'!J15,'53'!J15,'55'!J15,'56'!J15,'57'!J15,'58'!J15,'59A'!J15,'59'!J15,'60'!J15,'61'!J15,'62'!J15,'63'!J15,'64'!J15,'65'!J15,'66'!J15,'67'!J15,'68'!J15,'69'!J15,'70'!J15,'71'!J15,'72'!J15,'73'!J15,'74'!J15,'76'!J15,'77'!J15,) -> 2.0694444 | ... P15: =AVERAGE('51'!P15,'52'!P15,'53'!P15,'55'!P15,'56'!P15,'57'!P15,'58'!P15,'59A'!P15,'59'!P15,'60'!P15,'61'!P15,'62'!P15,'63'!P15,'64'!P15,'65'!P15,'66'!P15,'67'!P15,'68'!P15,'69'!P15,'70'!P15,'71'!P15,'72'!P15,'73'!P15,'74'!P15,'76'!P15,'77'!P15,) -> 183.8373 | R15: 1200-1300 | S15: =SUM(C30:C33) -> 164.39815 | T15: =SUM(D30:D33) -> 49.397928 | U15: =SUM(E30:E33) -> 33.191799 | V15: =SUM(F30:F33) -> 87.722222 | W15: =SUM(G30:G33) -> 3.8134921 | X15: =SUM(H30:H33) -> 2.0469577 | Y15: =SUM(I30:I33) -> 40.268519 | Z15: =SUM(J30:J33) -> 13.614198 | ... AF15: =SUM(P30:P33) -> 703.37522
B16: 08.30 - 08.45 | C16: =AVERAGE('51'!C16,'52'!C16,'53'!C16,'55'!C16,'56'!C16,'57'!C16,'58'!C16,'59A'!C16,'59'!C16,'60'!C16,'61'!C16,'62'!C16,'63'!C16,'64'!C16,'65'!C16,'66'!C16,'67'!C16,'68'!C16,'69'!C16,'70'!C16,'71'!C16,'72'!C16,'73'!C16,'74'!C16,'76'!C16,'77'!C16,) -> 38.584656 | D16: =AVERAGE('51'!D16,'52'!D16,'53'!D16,'55'!D16,'56'!D16,'57'!D16,'58'!D16,'59A'!D16,'59'!D16,'60'!D16,'61'!D16,'62'!D16,'63'!D16,'64'!D16,'65'!D16,'66'!D16,'67'!D16,'68'!D16,'69'!D16,'70'!D16,'71'!D16,'72'!D16,'73'!D16,'74'!D16,'76'!D16,'77'!D16,) -> 12.576455 | E16: =AVERAGE('51'!E16,'52'!E16,'53'!E16,'55'!E16,'56'!E16,'57'!E16,'58'!E16,'59A'!E16,'59'!E16,'60'!E16,'61'!E16,'62'!E16,'63'!E16,'64'!E16,'65'!E16,'66'!E16,'67'!E16,'68'!E16,'69'!E16,'70'!E16,'71'!E16,'72'!E16,'73'!E16,'74'!E16,'76'!E16,'77'!E16,) -> 7.4070106 | F16: =AVERAGE('51'!F16,'52'!F16,'53'!F16,'55'!F16,'56'!F16,'57'!F16,'58'!F16,'59A'!F16,'59'!F16,'60'!F16,'61'!F16,'62'!F16,'63'!F16,'64'!F16,'65'!F16,'66'!F16,'67'!F16,'68'!F16,'69'!F16,'70'!F16,'71'!F16,'72'!F16,'73'!F16,'74'!F16,'76'!F16,'77'!F16,) -> 21.65873 | G16: =AVERAGE('51'!G16,'52'!G16,'53'!G16,'55'!G16,'56'!G16,'57'!G16,'58'!G16,'59A'!G16,'59'!G16,'60'!G16,'61'!G16,'62'!G16,'63'!G16,'64'!G16,'65'!G16,'66'!G16,'67'!G16,'68'!G16,'69'!G16,'70'!G16,'71'!G16,'72'!G16,'73'!G16,'74'!G16,'76'!G16,'77'!G16,) -> 1.0205026 | H16: =AVERAGE('51'!H16,'52'!H16,'53'!H16,'55'!H16,'56'!H16,'57'!H16,'58'!H16,'59A'!H16,'59'!H16,'60'!H16,'61'!H16,'62'!H16,'63'!H16,'64'!H16,'65'!H16,'66'!H16,'67'!H16,'68'!H16,'69'!H16,'70'!H16,'71'!H16,'72'!H16,'73'!H16,'74'!H16,'76'!H16,'77'!H16,) -> 0.51388889 | I16: =AVERAGE('51'!I16,'52'!I16,'53'!I16,'55'!I16,'56'!I16,'57'!I16,'58'!I16,'59A'!I16,'59'!I16,'60'!I16,'61'!I16,'62'!I16,'63'!I16,'64'!I16,'65'!I16,'66'!I16,'67'!I16,'68'!I16,'69'!I16,'70'!I16,'71'!I16,'72'!I16,'73'!I16,'74'!I16,'76'!I16,'77'!I16,) -> 7.2010582 | J16: =AVERAGE('51'!J16,'52'!J16,'53'!J16,'55'!J16,'56'!J16,'57'!J16,'58'!J16,'59A'!J16,'59'!J16,'60'!J16,'61'!J16,'62'!J16,'63'!J16,'64'!J16,'65'!J16,'66'!J16,'67'!J16,'68'!J16,'69'!J16,'70'!J16,'71'!J16,'72'!J16,'73'!J16,'74'!J16,'76'!J16,'77'!J16,) -> 2.2982804 | ... P16: =AVERAGE('51'!P16,'52'!P16,'53'!P16,'55'!P16,'56'!P16,'57'!P16,'58'!P16,'59A'!P16,'59'!P16,'60'!P16,'61'!P16,'62'!P16,'63'!P16,'64'!P16,'65'!P16,'66'!P16,'67'!P16,'68'!P16,'69'!P16,'70'!P16,'71'!P16,'72'!P16,'73'!P16,'74'!P16,'76'!P16,'77'!P16,) -> 186.11508 | R16: 1300-1400 | S16: =SUM(C34:C37) -> 158.21892 | T16: =SUM(D34:D37) -> 49.710317 | U16: =SUM(E34:E37) -> 32.294312 | V16: =SUM(F34:F37) -> 85.30291 | W16: =SUM(G34:G37) -> 3.1468254 | X16: =SUM(H34:H37) -> 1.8968254 | Y16: =SUM(I34:I37) -> 39.665344 | Z16: =SUM(J34:J37) -> 12.744709 | ... AF16: =SUM(P34:P37) -> 669.25595
B17: 08.45 - 9.00 | C17: =AVERAGE('51'!C17,'52'!C17,'53'!C17,'55'!C17,'56'!C17,'57'!C17,'58'!C17,'59A'!C17,'59'!C17,'60'!C17,'61'!C17,'62'!C17,'63'!C17,'64'!C17,'65'!C17,'66'!C17,'67'!C17,'68'!C17,'69'!C17,'70'!C17,'71'!C17,'72'!C17,'73'!C17,'74'!C17,'76'!C17,'77'!C17,) -> 40.418651 | D17: =AVERAGE('51'!D17,'52'!D17,'53'!D17,'55'!D17,'56'!D17,'57'!D17,'58'!D17,'59A'!D17,'59'!D17,'60'!D17,'61'!D17,'62'!D17,'63'!D17,'64'!D17,'65'!D17,'66'!D17,'67'!D17,'68'!D17,'69'!D17,'70'!D17,'71'!D17,'72'!D17,'73'!D17,'74'!D17,'76'!D17,'77'!D17,) -> 12.375661 | E17: =AVERAGE('51'!E17,'52'!E17,'53'!E17,'55'!E17,'56'!E17,'57'!E17,'58'!E17,'59A'!E17,'59'!E17,'60'!E17,'61'!E17,'62'!E17,'63'!E17,'64'!E17,'65'!E17,'66'!E17,'67'!E17,'68'!E17,'69'!E17,'70'!E17,'71'!E17,'72'!E17,'73'!E17,'74'!E17,'76'!E17,'77'!E17,) -> 8.1541005 | F17: =AVERAGE('51'!F17,'52'!F17,'53'!F17,'55'!F17,'56'!F17,'57'!F17,'58'!F17,'59A'!F17,'59'!F17,'60'!F17,'61'!F17,'62'!F17,'63'!F17,'64'!F17,'65'!F17,'66'!F17,'67'!F17,'68'!F17,'69'!F17,'70'!F17,'71'!F17,'72'!F17,'73'!F17,'74'!F17,'76'!F17,'77'!F17,) -> 21.656746 | G17: =AVERAGE('51'!G17,'52'!G17,'53'!G17,'55'!G17,'56'!G17,'57'!G17,'58'!G17,'59A'!G17,'59'!G17,'60'!G17,'61'!G17,'62'!G17,'63'!G17,'64'!G17,'65'!G17,'66'!G17,'67'!G17,'68'!G17,'69'!G17,'70'!G17,'71'!G17,'72'!G17,'73'!G17,'74'!G17,'76'!G17,'77'!G17,) -> 0.84986772 | H17: =AVERAGE('51'!H17,'52'!H17,'53'!H17,'55'!H17,'56'!H17,'57'!H17,'58'!H17,'59A'!H17,'59'!H17,'60'!H17,'61'!H17,'62'!H17,'63'!H17,'64'!H17,'65'!H17,'66'!H17,'67'!H17,'68'!H17,'69'!H17,'70'!H17,'71'!H17,'72'!H17,'73'!H17,'74'!H17,'76'!H17,'77'!H17,) -> 0.36507937 | I17: =AVERAGE('51'!I17,'52'!I17,'53'!I17,'55'!I17,'56'!I17,'57'!I17,'58'!I17,'59A'!I17,'59'!I17,'60'!I17,'61'!I17,'62'!I17,'63'!I17,'64'!I17,'65'!I17,'66'!I17,'67'!I17,'68'!I17,'69'!I17,'70'!I17,'71'!I17,'72'!I17,'73'!I17,'74'!I17,'76'!I17,'77'!I17,) -> 7.1210317 | J17: =AVERAGE('51'!J17,'52'!J17,'53'!J17,'55'!J17,'56'!J17,'57'!J17,'58'!J17,'59A'!J17,'59'!J17,'60'!J17,'61'!J17,'62'!J17,'63'!J17,'64'!J17,'65'!J17,'66'!J17,'67'!J17,'68'!J17,'69'!J17,'70'!J17,'71'!J17,'72'!J17,'73'!J17,'74'!J17,'76'!J17,'77'!J17,) -> 2.2387566 | ... P17: =AVERAGE('51'!P17,'52'!P17,'53'!P17,'55'!P17,'56'!P17,'57'!P17,'58'!P17,'59A'!P17,'59'!P17,'60'!P17,'61'!P17,'62'!P17,'63'!P17,'64'!P17,'65'!P17,'66'!P17,'67'!P17,'68'!P17,'69'!P17,'70'!P17,'71'!P17,'72'!P17,'73'!P17,'74'!P17,'76'!P17,'77'!P17,) -> 185.31614 | R17: 1400-1500 | S17: =SUM(C38:C41) -> 171.97487 | T17: =SUM(D38:D41) -> 52.96045 | U17: =SUM(E38:E41) -> 33.088492 | V17: =SUM(F38:F41) -> 87.449735 | W17: =SUM(G38:G41) -> 3.8048942 | X17: =SUM(H38:H41) -> 1.7116402 | Y17: =SUM(I38:I41) -> 40.431217 | Z17: =SUM(J38:J41) -> 13.151455 | ... AF17: =SUM(P38:P41) -> 681.74735
B18: 09.00 - 09.15 | C18: =AVERAGE('51'!C18,'52'!C18,'53'!C18,'55'!C18,'56'!C18,'57'!C18,'58'!C18,'59A'!C18,'59'!C18,'60'!C18,'61'!C18,'62'!C18,'63'!C18,'64'!C18,'65'!C18,'66'!C18,'67'!C18,'68'!C18,'69'!C18,'70'!C18,'71'!C18,'72'!C18,'73'!C18,'74'!C18,'76'!C18,'77'!C18,) -> 39.762566 | D18: =AVERAGE('51'!D18,'52'!D18,'53'!D18,'55'!D18,'56'!D18,'57'!D18,'58'!D18,'59A'!D18,'59'!D18,'60'!D18,'61'!D18,'62'!D18,'63'!D18,'64'!D18,'65'!D18,'66'!D18,'67'!D18,'68'!D18,'69'!D18,'70'!D18,'71'!D18,'72'!D18,'73'!D18,'74'!D18,'76'!D18,'77'!D18,) -> 12.14828 | E18: =AVERAGE('51'!E18,'52'!E18,'53'!E18,'55'!E18,'56'!E18,'57'!E18,'58'!E18,'59A'!E18,'59'!E18,'60'!E18,'61'!E18,'62'!E18,'63'!E18,'64'!E18,'65'!E18,'66'!E18,'67'!E18,'68'!E18,'69'!E18,'70'!E18,'71'!E18,'72'!E18,'73'!E18,'74'!E18,'76'!E18,'77'!E18,) -> 7.7029101 | F18: =AVERAGE('51'!F18,'52'!F18,'53'!F18,'55'!F18,'56'!F18,'57'!F18,'58'!F18,'59A'!F18,'59'!F18,'60'!F18,'61'!F18,'62'!F18,'63'!F18,'64'!F18,'65'!F18,'66'!F18,'67'!F18,'68'!F18,'69'!F18,'70'!F18,'71'!F18,'72'!F18,'73'!F18,'74'!F18,'76'!F18,'77'!F18,) -> 23.202381 | G18: =AVERAGE('51'!G18,'52'!G18,'53'!G18,'55'!G18,'56'!G18,'57'!G18,'58'!G18,'59A'!G18,'59'!G18,'60'!G18,'61'!G18,'62'!G18,'63'!G18,'64'!G18,'65'!G18,'66'!G18,'67'!G18,'68'!G18,'69'!G18,'70'!G18,'71'!G18,'72'!G18,'73'!G18,'74'!G18,'76'!G18,'77'!G18,) -> 0.88955026 | H18: =AVERAGE('51'!H18,'52'!H18,'53'!H18,'55'!H18,'56'!H18,'57'!H18,'58'!H18,'59A'!H18,'59'!H18,'60'!H18,'61'!H18,'62'!H18,'63'!H18,'64'!H18,'65'!H18,'66'!H18,'67'!H18,'68'!H18,'69'!H18,'70'!H18,'71'!H18,'72'!H18,'73'!H18,'74'!H18,'76'!H18,'77'!H18,) -> 0.45436508 | I18: =AVERAGE('51'!I18,'52'!I18,'53'!I18,'55'!I18,'56'!I18,'57'!I18,'58'!I18,'59A'!I18,'59'!I18,'60'!I18,'61'!I18,'62'!I18,'63'!I18,'64'!I18,'65'!I18,'66'!I18,'67'!I18,'68'!I18,'69'!I18,'70'!I18,'71'!I18,'72'!I18,'73'!I18,'74'!I18,'76'!I18,'77'!I18,) -> 7.8928571 | J18: =AVERAGE('51'!J18,'52'!J18,'53'!J18,'55'!J18,'56'!J18,'57'!J18,'58'!J18,'59A'!J18,'59'!J18,'60'!J18,'61'!J18,'62'!J18,'63'!J18,'64'!J18,'65'!J18,'66'!J18,'67'!J18,'68'!J18,'69'!J18,'70'!J18,'71'!J18,'72'!J18,'73'!J18,'74'!J18,'76'!J18,'77'!J18,) -> 2.4378307 | ... P18: =AVERAGE('51'!P18,'52'!P18,'53'!P18,'55'!P18,'56'!P18,'57'!P18,'58'!P18,'59A'!P18,'59'!P18,'60'!P18,'61'!P18,'62'!P18,'63'!P18,'64'!P18,'65'!P18,'66'!P18,'67'!P18,'68'!P18,'69'!P18,'70'!P18,'71'!P18,'72'!P18,'73'!P18,'74'!P18,'76'!P18,'77'!P18,) -> 187.48589 | R18: 1500-1600 | S18: =SUM(C42:C45) -> 186.43871 | T18: =SUM(D42:D45) -> 52.482407 | U18: =SUM(E42:E45) -> 33.688228 | V18: =SUM(F42:F45) -> 84.978175 | W18: =SUM(G42:G45) -> 2.9484127 | X18: =SUM(H42:H45) -> 2.0787037 | Y18: =SUM(I42:I45) -> 39.412037 | Z18: =SUM(J42:J45) -> 13.12037 | ... AF18: =SUM(P42:P45) -> 700.88668
B19: 09.15 - 09.30 | C19: =AVERAGE('51'!C19,'52'!C19,'53'!C19,'55'!C19,'56'!C19,'57'!C19,'58'!C19,'59A'!C19,'59'!C19,'60'!C19,'61'!C19,'62'!C19,'63'!C19,'64'!C19,'65'!C19,'66'!C19,'67'!C19,'68'!C19,'69'!C19,'70'!C19,'71'!C19,'72'!C19,'73'!C19,'74'!C19,'76'!C19,'77'!C19,) -> 38.724206 | D19: =AVERAGE('51'!D19,'52'!D19,'53'!D19,'55'!D19,'56'!D19,'57'!D19,'58'!D19,'59A'!D19,'59'!D19,'60'!D19,'61'!D19,'62'!D19,'63'!D19,'64'!D19,'65'!D19,'66'!D19,'67'!D19,'68'!D19,'69'!D19,'70'!D19,'71'!D19,'72'!D19,'73'!D19,'74'!D19,'76'!D19,'77'!D19,) -> 11.793915 | E19: =AVERAGE('51'!E19,'52'!E19,'53'!E19,'55'!E19,'56'!E19,'57'!E19,'58'!E19,'59A'!E19,'59'!E19,'60'!E19,'61'!E19,'62'!E19,'63'!E19,'64'!E19,'65'!E19,'66'!E19,'67'!E19,'68'!E19,'69'!E19,'70'!E19,'71'!E19,'72'!E19,'73'!E19,'74'!E19,'76'!E19,'77'!E19,) -> 7.3965608 | F19: =AVERAGE('51'!F19,'52'!F19,'53'!F19,'55'!F19,'56'!F19,'57'!F19,'58'!F19,'59A'!F19,'59'!F19,'60'!F19,'61'!F19,'62'!F19,'63'!F19,'64'!F19,'65'!F19,'66'!F19,'67'!F19,'68'!F19,'69'!F19,'70'!F19,'71'!F19,'72'!F19,'73'!F19,'74'!F19,'76'!F19,'77'!F19,) -> 21.935847 | G19: =AVERAGE('51'!G19,'52'!G19,'53'!G19,'55'!G19,'56'!G19,'57'!G19,'58'!G19,'59A'!G19,'59'!G19,'60'!G19,'61'!G19,'62'!G19,'63'!G19,'64'!G19,'65'!G19,'66'!G19,'67'!G19,'68'!G19,'69'!G19,'70'!G19,'71'!G19,'72'!G19,'73'!G19,'74'!G19,'76'!G19,'77'!G19,) -> 0.79563492 | H19: =AVERAGE('51'!H19,'52'!H19,'53'!H19,'55'!H19,'56'!H19,'57'!H19,'58'!H19,'59A'!H19,'59'!H19,'60'!H19,'61'!H19,'62'!H19,'63'!H19,'64'!H19,'65'!H19,'66'!H19,'67'!H19,'68'!H19,'69'!H19,'70'!H19,'71'!H19,'72'!H19,'73'!H19,'74'!H19,'76'!H19,'77'!H19,) -> 0.35978836 | I19: =AVERAGE('51'!I19,'52'!I19,'53'!I19,'55'!I19,'56'!I19,'57'!I19,'58'!I19,'59A'!I19,'59'!I19,'60'!I19,'61'!I19,'62'!I19,'63'!I19,'64'!I19,'65'!I19,'66'!I19,'67'!I19,'68'!I19,'69'!I19,'70'!I19,'71'!I19,'72'!I19,'73'!I19,'74'!I19,'76'!I19,'77'!I19,) -> 7.8148148 | J19: =AVERAGE('51'!J19,'52'!J19,'53'!J19,'55'!J19,'56'!J19,'57'!J19,'58'!J19,'59A'!J19,'59'!J19,'60'!J19,'61'!J19,'62'!J19,'63'!J19,'64'!J19,'65'!J19,'66'!J19,'67'!J19,'68'!J19,'69'!J19,'70'!J19,'71'!J19,'72'!J19,'73'!J19,'74'!J19,'76'!J19,'77'!J19,) -> 2.4708995 | ... P19: =AVERAGE('51'!P19,'52'!P19,'53'!P19,'55'!P19,'56'!P19,'57'!P19,'58'!P19,'59A'!P19,'59'!P19,'60'!P19,'61'!P19,'62'!P19,'63'!P19,'64'!P19,'65'!P19,'66'!P19,'67'!P19,'68'!P19,'69'!P19,'70'!P19,'71'!P19,'72'!P19,'73'!P19,'74'!P19,'76'!P19,'77'!P19,) -> 181.55556 | R19: 1600-1700 | S19: =SUM(C46:C49) -> 189.29233 | T19: =SUM(D46:D49) -> 61.376455 | U19: =SUM(E46:E49) -> 38.089153 | V19: =SUM(F46:F49) -> 91.558862 | W19: =SUM(G46:G49) -> 4.662037 | X19: =SUM(H46:H49) -> 2.4986772 | Y19: =SUM(I46:I49) -> 40.017857 | Z19: =SUM(J46:J49) -> 11.917328 | ... AF19: =SUM(P46:P49) -> 756.38492
B20: 09.30 - 09.45 | C20: =AVERAGE('51'!C20,'52'!C20,'53'!C20,'55'!C20,'56'!C20,'57'!C20,'58'!C20,'59A'!C20,'59'!C20,'60'!C20,'61'!C20,'62'!C20,'63'!C20,'64'!C20,'65'!C20,'66'!C20,'67'!C20,'68'!C20,'69'!C20,'70'!C20,'71'!C20,'72'!C20,'73'!C20,'74'!C20,'76'!C20,'77'!C20,) -> 37.867725 | D20: =AVERAGE('51'!D20,'52'!D20,'53'!D20,'55'!D20,'56'!D20,'57'!D20,'58'!D20,'59A'!D20,'59'!D20,'60'!D20,'61'!D20,'62'!D20,'63'!D20,'64'!D20,'65'!D20,'66'!D20,'67'!D20,'68'!D20,'69'!D20,'70'!D20,'71'!D20,'72'!D20,'73'!D20,'74'!D20,'76'!D20,'77'!D20,) -> 11.819048 | E20: =AVERAGE('51'!E20,'52'!E20,'53'!E20,'55'!E20,'56'!E20,'57'!E20,'58'!E20,'59A'!E20,'59'!E20,'60'!E20,'61'!E20,'62'!E20,'63'!E20,'64'!E20,'65'!E20,'66'!E20,'67'!E20,'68'!E20,'69'!E20,'70'!E20,'71'!E20,'72'!E20,'73'!E20,'74'!E20,'76'!E20,'77'!E20,) -> 7.8026455 | F20: =AVERAGE('51'!F20,'52'!F20,'53'!F20,'55'!F20,'56'!F20,'57'!F20,'58'!F20,'59A'!F20,'59'!F20,'60'!F20,'61'!F20,'62'!F20,'63'!F20,'64'!F20,'65'!F20,'66'!F20,'67'!F20,'68'!F20,'69'!F20,'70'!F20,'71'!F20,'72'!F20,'73'!F20,'74'!F20,'76'!F20,'77'!F20,) -> 21.308862 | G20: =AVERAGE('51'!G20,'52'!G20,'53'!G20,'55'!G20,'56'!G20,'57'!G20,'58'!G20,'59A'!G20,'59'!G20,'60'!G20,'61'!G20,'62'!G20,'63'!G20,'64'!G20,'65'!G20,'66'!G20,'67'!G20,'68'!G20,'69'!G20,'70'!G20,'71'!G20,'72'!G20,'73'!G20,'74'!G20,'76'!G20,'77'!G20,) -> 0.85449735 | H20: =AVERAGE('51'!H20,'52'!H20,'53'!H20,'55'!H20,'56'!H20,'57'!H20,'58'!H20,'59A'!H20,'59'!H20,'60'!H20,'61'!H20,'62'!H20,'63'!H20,'64'!H20,'65'!H20,'66'!H20,'67'!H20,'68'!H20,'69'!H20,'70'!H20,'71'!H20,'72'!H20,'73'!H20,'74'!H20,'76'!H20,'77'!H20,) -> 0.41071429 | I20: =AVERAGE('51'!I20,'52'!I20,'53'!I20,'55'!I20,'56'!I20,'57'!I20,'58'!I20,'59A'!I20,'59'!I20,'60'!I20,'61'!I20,'62'!I20,'63'!I20,'64'!I20,'65'!I20,'66'!I20,'67'!I20,'68'!I20,'69'!I20,'70'!I20,'71'!I20,'72'!I20,'73'!I20,'74'!I20,'76'!I20,'77'!I20,) -> 8.3247354 | J20: =AVERAGE('51'!J20,'52'!J20,'53'!J20,'55'!J20,'56'!J20,'57'!J20,'58'!J20,'59A'!J20,'59'!J20,'60'!J20,'61'!J20,'62'!J20,'63'!J20,'64'!J20,'65'!J20,'66'!J20,'67'!J20,'68'!J20,'69'!J20,'70'!J20,'71'!J20,'72'!J20,'73'!J20,'74'!J20,'76'!J20,'77'!J20,) -> 2.6970899 | ... P20: =AVERAGE('51'!P20,'52'!P20,'53'!P20,'55'!P20,'56'!P20,'57'!P20,'58'!P20,'59A'!P20,'59'!P20,'60'!P20,'61'!P20,'62'!P20,'63'!P20,'64'!P20,'65'!P20,'66'!P20,'67'!P20,'68'!P20,'69'!P20,'70'!P20,'71'!P20,'72'!P20,'73'!P20,'74'!P20,'76'!P20,'77'!P20,) -> 182.20172 | R20: 1700-1800 | S20: =SUM(C50:C53) -> 208.35119 | T20: =SUM(D50:D53) -> 64.313757 | U20: =SUM(E50:E53) -> 39.302646 | V20: =SUM(F50:F53) -> 103.19709 | W20: =SUM(G50:G53) -> 6.1130952 | X20: =SUM(H50:H53) -> 2.5165344 | Y20: =SUM(I50:I53) -> 38.278439 | Z20: =SUM(J50:J53) -> 12.056878 | ... AF20: =SUM(P50:P53) -> 812.70701
B21: 09.45 - 10.00 | C21: =AVERAGE('51'!C21,'52'!C21,'53'!C21,'55'!C21,'56'!C21,'57'!C21,'58'!C21,'59A'!C21,'59'!C21,'60'!C21,'61'!C21,'62'!C21,'63'!C21,'64'!C21,'65'!C21,'66'!C21,'67'!C21,'68'!C21,'69'!C21,'70'!C21,'71'!C21,'72'!C21,'73'!C21,'74'!C21,'76'!C21,'77'!C21,) -> 38.359127 | D21: =AVERAGE('51'!D21,'52'!D21,'53'!D21,'55'!D21,'56'!D21,'57'!D21,'58'!D21,'59A'!D21,'59'!D21,'60'!D21,'61'!D21,'62'!D21,'63'!D21,'64'!D21,'65'!D21,'66'!D21,'67'!D21,'68'!D21,'69'!D21,'70'!D21,'71'!D21,'72'!D21,'73'!D21,'74'!D21,'76'!D21,'77'!D21,) -> 12.465873 | E21: =AVERAGE('51'!E21,'52'!E21,'53'!E21,'55'!E21,'56'!E21,'57'!E21,'58'!E21,'59A'!E21,'59'!E21,'60'!E21,'61'!E21,'62'!E21,'63'!E21,'64'!E21,'65'!E21,'66'!E21,'67'!E21,'68'!E21,'69'!E21,'70'!E21,'71'!E21,'72'!E21,'73'!E21,'74'!E21,'76'!E21,'77'!E21,) -> 7.4851852 | F21: =AVERAGE('51'!F21,'52'!F21,'53'!F21,'55'!F21,'56'!F21,'57'!F21,'58'!F21,'59A'!F21,'59'!F21,'60'!F21,'61'!F21,'62'!F21,'63'!F21,'64'!F21,'65'!F21,'66'!F21,'67'!F21,'68'!F21,'69'!F21,'70'!F21,'71'!F21,'72'!F21,'73'!F21,'74'!F21,'76'!F21,'77'!F21,) -> 22.171296 | G21: =AVERAGE('51'!G21,'52'!G21,'53'!G21,'55'!G21,'56'!G21,'57'!G21,'58'!G21,'59A'!G21,'59'!G21,'60'!G21,'61'!G21,'62'!G21,'63'!G21,'64'!G21,'65'!G21,'66'!G21,'67'!G21,'68'!G21,'69'!G21,'70'!G21,'71'!G21,'72'!G21,'73'!G21,'74'!G21,'76'!G21,'77'!G21,) -> 0.91931217 | H21: =AVERAGE('51'!H21,'52'!H21,'53'!H21,'55'!H21,'56'!H21,'57'!H21,'58'!H21,'59A'!H21,'59'!H21,'60'!H21,'61'!H21,'62'!H21,'63'!H21,'64'!H21,'65'!H21,'66'!H21,'67'!H21,'68'!H21,'69'!H21,'70'!H21,'71'!H21,'72'!H21,'73'!H21,'74'!H21,'76'!H21,'77'!H21,) -> 0.46957672 | I21: =AVERAGE('51'!I21,'52'!I21,'53'!I21,'55'!I21,'56'!I21,'57'!I21,'58'!I21,'59A'!I21,'59'!I21,'60'!I21,'61'!I21,'62'!I21,'63'!I21,'64'!I21,'65'!I21,'66'!I21,'67'!I21,'68'!I21,'69'!I21,'70'!I21,'71'!I21,'72'!I21,'73'!I21,'74'!I21,'76'!I21,'77'!I21,) -> 8.9107143 | J21: =AVERAGE('51'!J21,'52'!J21,'53'!J21,'55'!J21,'56'!J21,'57'!J21,'58'!J21,'59A'!J21,'59'!J21,'60'!J21,'61'!J21,'62'!J21,'63'!J21,'64'!J21,'65'!J21,'66'!J21,'67'!J21,'68'!J21,'69'!J21,'70'!J21,'71'!J21,'72'!J21,'73'!J21,'74'!J21,'76'!J21,'77'!J21,) -> 2.672619 | ... P21: =AVERAGE('51'!P21,'52'!P21,'53'!P21,'55'!P21,'56'!P21,'57'!P21,'58'!P21,'59A'!P21,'59'!P21,'60'!P21,'61'!P21,'62'!P21,'63'!P21,'64'!P21,'65'!P21,'66'!P21,'67'!P21,'68'!P21,'69'!P21,'70'!P21,'71'!P21,'72'!P21,'73'!P21,'74'!P21,'76'!P21,'77'!P21,) -> 183.09061 | R21: 1800-1900 | S21: =SUM(C54:C57) -> 219.00728 | T21: =SUM(D54:D57) -> 63.396825 | U21: =SUM(E54:E57) -> 40.894841 | V21: =SUM(F54:F57) -> 105.71032 | W21: =SUM(G54:G57) -> 7.0425485 | X21: =SUM(H54:H57) -> 2.5806878 | Y21: =SUM(I54:I57) -> 35.710979 | Z21: =SUM(J54:J57) -> 12.115741 | ... AF21: =SUM(P54:P57) -> 848.5119
B22: 10.00 - 10.15 | C22: =AVERAGE('51'!C22,'52'!C22,'53'!C22,'55'!C22,'56'!C22,'57'!C22,'58'!C22,'59A'!C22,'59'!C22,'60'!C22,'61'!C22,'62'!C22,'63'!C22,'64'!C22,'65'!C22,'66'!C22,'67'!C22,'68'!C22,'69'!C22,'70'!C22,'71'!C22,'72'!C22,'73'!C22,'74'!C22,'76'!C22,'77'!C22,) -> 40.07209 | D22: =AVERAGE('51'!D22,'52'!D22,'53'!D22,'55'!D22,'56'!D22,'57'!D22,'58'!D22,'59A'!D22,'59'!D22,'60'!D22,'61'!D22,'62'!D22,'63'!D22,'64'!D22,'65'!D22,'66'!D22,'67'!D22,'68'!D22,'69'!D22,'70'!D22,'71'!D22,'72'!D22,'73'!D22,'74'!D22,'76'!D22,'77'!D22,) -> 12.105688 | E22: =AVERAGE('51'!E22,'52'!E22,'53'!E22,'55'!E22,'56'!E22,'57'!E22,'58'!E22,'59A'!E22,'59'!E22,'60'!E22,'61'!E22,'62'!E22,'63'!E22,'64'!E22,'65'!E22,'66'!E22,'67'!E22,'68'!E22,'69'!E22,'70'!E22,'71'!E22,'72'!E22,'73'!E22,'74'!E22,'76'!E22,'77'!E22,) -> 7.5543651 | F22: =AVERAGE('51'!F22,'52'!F22,'53'!F22,'55'!F22,'56'!F22,'57'!F22,'58'!F22,'59A'!F22,'59'!F22,'60'!F22,'61'!F22,'62'!F22,'63'!F22,'64'!F22,'65'!F22,'66'!F22,'67'!F22,'68'!F22,'69'!F22,'70'!F22,'71'!F22,'72'!F22,'73'!F22,'74'!F22,'76'!F22,'77'!F22,) -> 21.773148 | G22: =AVERAGE('51'!G22,'52'!G22,'53'!G22,'55'!G22,'56'!G22,'57'!G22,'58'!G22,'59A'!G22,'59'!G22,'60'!G22,'61'!G22,'62'!G22,'63'!G22,'64'!G22,'65'!G22,'66'!G22,'67'!G22,'68'!G22,'69'!G22,'70'!G22,'71'!G22,'72'!G22,'73'!G22,'74'!G22,'76'!G22,'77'!G22,) -> 0.84193122 | H22: =AVERAGE('51'!H22,'52'!H22,'53'!H22,'55'!H22,'56'!H22,'57'!H22,'58'!H22,'59A'!H22,'59'!H22,'60'!H22,'61'!H22,'62'!H22,'63'!H22,'64'!H22,'65'!H22,'66'!H22,'67'!H22,'68'!H22,'69'!H22,'70'!H22,'71'!H22,'72'!H22,'73'!H22,'74'!H22,'76'!H22,'77'!H22,) -> 0.45833333 | I22: =AVERAGE('51'!I22,'52'!I22,'53'!I22,'55'!I22,'56'!I22,'57'!I22,'58'!I22,'59A'!I22,'59'!I22,'60'!I22,'61'!I22,'62'!I22,'63'!I22,'64'!I22,'65'!I22,'66'!I22,'67'!I22,'68'!I22,'69'!I22,'70'!I22,'71'!I22,'72'!I22,'73'!I22,'74'!I22,'76'!I22,'77'!I22,) -> 8.8353175 | J22: =AVERAGE('51'!J22,'52'!J22,'53'!J22,'55'!J22,'56'!J22,'57'!J22,'58'!J22,'59A'!J22,'59'!J22,'60'!J22,'61'!J22,'62'!J22,'63'!J22,'64'!J22,'65'!J22,'66'!J22,'67'!J22,'68'!J22,'69'!J22,'70'!J22,'71'!J22,'72'!J22,'73'!J22,'74'!J22,'76'!J22,'77'!J22,) -> 2.603836 | ... P22: =AVERAGE('51'!P22,'52'!P22,'53'!P22,'55'!P22,'56'!P22,'57'!P22,'58'!P22,'59A'!P22,'59'!P22,'60'!P22,'61'!P22,'62'!P22,'63'!P22,'64'!P22,'65'!P22,'66'!P22,'67'!P22,'68'!P22,'69'!P22,'70'!P22,'71'!P22,'72'!P22,'73'!P22,'74'!P22,'76'!P22,'77'!P22,) -> 181.25198 | R22: 1900-2000 | S22: =SUM(C58:C61) -> 183.63956 | T22: =SUM(D58:D61) -> 60.071347 | U22: =SUM(E58:E61) -> 35.468131 | V22: =SUM(F58:F61) -> 87.185287 | W22: =SUM(G58:G61) -> 5.3482068 | X22: =SUM(H58:H61) -> 3.3870664 | Y22: =SUM(I58:I61) -> 32.215484 | Z22: =SUM(J58:J61) -> 12.520709 | ... AF22: =SUM(P58:P61) -> 761.54082
B23: 10.15 - 10.30 | C23: =AVERAGE('51'!C23,'52'!C23,'53'!C23,'55'!C23,'56'!C23,'57'!C23,'58'!C23,'59A'!C23,'59'!C23,'60'!C23,'61'!C23,'62'!C23,'63'!C23,'64'!C23,'65'!C23,'66'!C23,'67'!C23,'68'!C23,'69'!C23,'70'!C23,'71'!C23,'72'!C23,'73'!C23,'74'!C23,'76'!C23,'77'!C23,) -> 39.781746 | D23: =AVERAGE('51'!D23,'52'!D23,'53'!D23,'55'!D23,'56'!D23,'57'!D23,'58'!D23,'59A'!D23,'59'!D23,'60'!D23,'61'!D23,'62'!D23,'63'!D23,'64'!D23,'65'!D23,'66'!D23,'67'!D23,'68'!D23,'69'!D23,'70'!D23,'71'!D23,'72'!D23,'73'!D23,'74'!D23,'76'!D23,'77'!D23,) -> 12.868122 | E23: =AVERAGE('51'!E23,'52'!E23,'53'!E23,'55'!E23,'56'!E23,'57'!E23,'58'!E23,'59A'!E23,'59'!E23,'60'!E23,'61'!E23,'62'!E23,'63'!E23,'64'!E23,'65'!E23,'66'!E23,'67'!E23,'68'!E23,'69'!E23,'70'!E23,'71'!E23,'72'!E23,'73'!E23,'74'!E23,'76'!E23,'77'!E23,) -> 7.4519841 | F23: =AVERAGE('51'!F23,'52'!F23,'53'!F23,'55'!F23,'56'!F23,'57'!F23,'58'!F23,'59A'!F23,'59'!F23,'60'!F23,'61'!F23,'62'!F23,'63'!F23,'64'!F23,'65'!F23,'66'!F23,'67'!F23,'68'!F23,'69'!F23,'70'!F23,'71'!F23,'72'!F23,'73'!F23,'74'!F23,'76'!F23,'77'!F23,) -> 21.779101 | G23: =AVERAGE('51'!G23,'52'!G23,'53'!G23,'55'!G23,'56'!G23,'57'!G23,'58'!G23,'59A'!G23,'59'!G23,'60'!G23,'61'!G23,'62'!G23,'63'!G23,'64'!G23,'65'!G23,'66'!G23,'67'!G23,'68'!G23,'69'!G23,'70'!G23,'71'!G23,'72'!G23,'73'!G23,'74'!G23,'76'!G23,'77'!G23,) -> 1.2619048 | H23: =AVERAGE('51'!H23,'52'!H23,'53'!H23,'55'!H23,'56'!H23,'57'!H23,'58'!H23,'59A'!H23,'59'!H23,'60'!H23,'61'!H23,'62'!H23,'63'!H23,'64'!H23,'65'!H23,'66'!H23,'67'!H23,'68'!H23,'69'!H23,'70'!H23,'71'!H23,'72'!H23,'73'!H23,'74'!H23,'76'!H23,'77'!H23,) -> 0.37830688 | I23: =AVERAGE('51'!I23,'52'!I23,'53'!I23,'55'!I23,'56'!I23,'57'!I23,'58'!I23,'59A'!I23,'59'!I23,'60'!I23,'61'!I23,'62'!I23,'63'!I23,'64'!I23,'65'!I23,'66'!I23,'67'!I23,'68'!I23,'69'!I23,'70'!I23,'71'!I23,'72'!I23,'73'!I23,'74'!I23,'76'!I23,'77'!I23,) -> 9.1296296 | J23: =AVERAGE('51'!J23,'52'!J23,'53'!J23,'55'!J23,'56'!J23,'57'!J23,'58'!J23,'59A'!J23,'59'!J23,'60'!J23,'61'!J23,'62'!J23,'63'!J23,'64'!J23,'65'!J23,'66'!J23,'67'!J23,'68'!J23,'69'!J23,'70'!J23,'71'!J23,'72'!J23,'73'!J23,'74'!J23,'76'!J23,'77'!J23,) -> 2.7301587 | ... P23: =AVERAGE('51'!P23,'52'!P23,'53'!P23,'55'!P23,'56'!P23,'57'!P23,'58'!P23,'59A'!P23,'59'!P23,'60'!P23,'61'!P23,'62'!P23,'63'!P23,'64'!P23,'65'!P23,'66'!P23,'67'!P23,'68'!P23,'69'!P23,'70'!P23,'71'!P23,'72'!P23,'73'!P23,'74'!P23,'76'!P23,'77'!P23,) -> 183.2381 | R23: 2000-2100 | S23: =SUM(C62:C65) -> 175.50779 | T23: =SUM(D62:D65) -> 53.195679 | U23: =SUM(E62:E65) -> 31.386111 | V23: =SUM(F62:F65) -> 86.325304 | W23: =SUM(G62:G65) -> 5.1063958 | X23: =SUM(H62:H65) -> 2.2032507 | Y23: =SUM(I62:I65) -> 28.849907 | Z23: =SUM(J62:J65) -> 10.819521 | ... AF23: =SUM(P62:P65) -> 706.89486
B24: 10.30 - 10.45 | C24: =AVERAGE('51'!C24,'52'!C24,'53'!C24,'55'!C24,'56'!C24,'57'!C24,'58'!C24,'59A'!C24,'59'!C24,'60'!C24,'61'!C24,'62'!C24,'63'!C24,'64'!C24,'65'!C24,'66'!C24,'67'!C24,'68'!C24,'69'!C24,'70'!C24,'71'!C24,'72'!C24,'73'!C24,'74'!C24,'76'!C24,'77'!C24,) -> 41.444444 | D24: =AVERAGE('51'!D24,'52'!D24,'53'!D24,'55'!D24,'56'!D24,'57'!D24,'58'!D24,'59A'!D24,'59'!D24,'60'!D24,'61'!D24,'62'!D24,'63'!D24,'64'!D24,'65'!D24,'66'!D24,'67'!D24,'68'!D24,'69'!D24,'70'!D24,'71'!D24,'72'!D24,'73'!D24,'74'!D24,'76'!D24,'77'!D24,) -> 12.861772 | E24: =AVERAGE('51'!E24,'52'!E24,'53'!E24,'55'!E24,'56'!E24,'57'!E24,'58'!E24,'59A'!E24,'59'!E24,'60'!E24,'61'!E24,'62'!E24,'63'!E24,'64'!E24,'65'!E24,'66'!E24,'67'!E24,'68'!E24,'69'!E24,'70'!E24,'71'!E24,'72'!E24,'73'!E24,'74'!E24,'76'!E24,'77'!E24,) -> 8.0720899 | F24: =AVERAGE('51'!F24,'52'!F24,'53'!F24,'55'!F24,'56'!F24,'57'!F24,'58'!F24,'59A'!F24,'59'!F24,'60'!F24,'61'!F24,'62'!F24,'63'!F24,'64'!F24,'65'!F24,'66'!F24,'67'!F24,'68'!F24,'69'!F24,'70'!F24,'71'!F24,'72'!F24,'73'!F24,'74'!F24,'76'!F24,'77'!F24,) -> 22.17791 | G24: =AVERAGE('51'!G24,'52'!G24,'53'!G24,'55'!G24,'56'!G24,'57'!G24,'58'!G24,'59A'!G24,'59'!G24,'60'!G24,'61'!G24,'62'!G24,'63'!G24,'64'!G24,'65'!G24,'66'!G24,'67'!G24,'68'!G24,'69'!G24,'70'!G24,'71'!G24,'72'!G24,'73'!G24,'74'!G24,'76'!G24,'77'!G24,) -> 1.0390212 | H24: =AVERAGE('51'!H24,'52'!H24,'53'!H24,'55'!H24,'56'!H24,'57'!H24,'58'!H24,'59A'!H24,'59'!H24,'60'!H24,'61'!H24,'62'!H24,'63'!H24,'64'!H24,'65'!H24,'66'!H24,'67'!H24,'68'!H24,'69'!H24,'70'!H24,'71'!H24,'72'!H24,'73'!H24,'74'!H24,'76'!H24,'77'!H24,) -> 0.32275132 | I24: =AVERAGE('51'!I24,'52'!I24,'53'!I24,'55'!I24,'56'!I24,'57'!I24,'58'!I24,'59A'!I24,'59'!I24,'60'!I24,'61'!I24,'62'!I24,'63'!I24,'64'!I24,'65'!I24,'66'!I24,'67'!I24,'68'!I24,'69'!I24,'70'!I24,'71'!I24,'72'!I24,'73'!I24,'74'!I24,'76'!I24,'77'!I24,) -> 9.0582011 | J24: =AVERAGE('51'!J24,'52'!J24,'53'!J24,'55'!J24,'56'!J24,'57'!J24,'58'!J24,'59A'!J24,'59'!J24,'60'!J24,'61'!J24,'62'!J24,'63'!J24,'64'!J24,'65'!J24,'66'!J24,'67'!J24,'68'!J24,'69'!J24,'70'!J24,'71'!J24,'72'!J24,'73'!J24,'74'!J24,'76'!J24,'77'!J24,) -> 3.2771164 | ... P24: =AVERAGE('51'!P24,'52'!P24,'53'!P24,'55'!P24,'56'!P24,'57'!P24,'58'!P24,'59A'!P24,'59'!P24,'60'!P24,'61'!P24,'62'!P24,'63'!P24,'64'!P24,'65'!P24,'66'!P24,'67'!P24,'68'!P24,'69'!P24,'70'!P24,'71'!P24,'72'!P24,'73'!P24,'74'!P24,'76'!P24,'77'!P24,) -> 184.59788 | R24: 2100-2200 | S24: =SUM(C66:C69) -> 153.88981 | T24: =SUM(D66:D69) -> 46.723057 | U24: =SUM(E66:E69) -> 27.103105 | V24: =SUM(F66:F69) -> 77.406674 | W24: =SUM(G66:G69) -> 4.7261762 | X24: =SUM(H66:H69) -> 3.4156531 | Y24: =SUM(I66:I69) -> 25.549168 | Z24: =SUM(J66:J69) -> 10.689926 | ... AF24: =SUM(P66:P69) -> 602.61824
B25: 10.45 - 11.00 | C25: =AVERAGE('51'!C25,'52'!C25,'53'!C25,'55'!C25,'56'!C25,'57'!C25,'58'!C25,'59A'!C25,'59'!C25,'60'!C25,'61'!C25,'62'!C25,'63'!C25,'64'!C25,'65'!C25,'66'!C25,'67'!C25,'68'!C25,'69'!C25,'70'!C25,'71'!C25,'72'!C25,'73'!C25,'74'!C25,'76'!C25,'77'!C25,) -> 40.390212 | D25: =AVERAGE('51'!D25,'52'!D25,'53'!D25,'55'!D25,'56'!D25,'57'!D25,'58'!D25,'59A'!D25,'59'!D25,'60'!D25,'61'!D25,'62'!D25,'63'!D25,'64'!D25,'65'!D25,'66'!D25,'67'!D25,'68'!D25,'69'!D25,'70'!D25,'71'!D25,'72'!D25,'73'!D25,'74'!D25,'76'!D25,'77'!D25,) -> 11.805423 | E25: =AVERAGE('51'!E25,'52'!E25,'53'!E25,'55'!E25,'56'!E25,'57'!E25,'58'!E25,'59A'!E25,'59'!E25,'60'!E25,'61'!E25,'62'!E25,'63'!E25,'64'!E25,'65'!E25,'66'!E25,'67'!E25,'68'!E25,'69'!E25,'70'!E25,'71'!E25,'72'!E25,'73'!E25,'74'!E25,'76'!E25,'77'!E25,) -> 7.4637566 | F25: =AVERAGE('51'!F25,'52'!F25,'53'!F25,'55'!F25,'56'!F25,'57'!F25,'58'!F25,'59A'!F25,'59'!F25,'60'!F25,'61'!F25,'62'!F25,'63'!F25,'64'!F25,'65'!F25,'66'!F25,'67'!F25,'68'!F25,'69'!F25,'70'!F25,'71'!F25,'72'!F25,'73'!F25,'74'!F25,'76'!F25,'77'!F25,) -> 21.92328 | G25: =AVERAGE('51'!G25,'52'!G25,'53'!G25,'55'!G25,'56'!G25,'57'!G25,'58'!G25,'59A'!G25,'59'!G25,'60'!G25,'61'!G25,'62'!G25,'63'!G25,'64'!G25,'65'!G25,'66'!G25,'67'!G25,'68'!G25,'69'!G25,'70'!G25,'71'!G25,'72'!G25,'73'!G25,'74'!G25,'76'!G25,'77'!G25,) -> 0.80357143 | H25: =AVERAGE('51'!H25,'52'!H25,'53'!H25,'55'!H25,'56'!H25,'57'!H25,'58'!H25,'59A'!H25,'59'!H25,'60'!H25,'61'!H25,'62'!H25,'63'!H25,'64'!H25,'65'!H25,'66'!H25,'67'!H25,'68'!H25,'69'!H25,'70'!H25,'71'!H25,'72'!H25,'73'!H25,'74'!H25,'76'!H25,'77'!H25,) -> 0.43716931 | I25: =AVERAGE('51'!I25,'52'!I25,'53'!I25,'55'!I25,'56'!I25,'57'!I25,'58'!I25,'59A'!I25,'59'!I25,'60'!I25,'61'!I25,'62'!I25,'63'!I25,'64'!I25,'65'!I25,'66'!I25,'67'!I25,'68'!I25,'69'!I25,'70'!I25,'71'!I25,'72'!I25,'73'!I25,'74'!I25,'76'!I25,'77'!I25,) -> 9.5634921 | J25: =AVERAGE('51'!J25,'52'!J25,'53'!J25,'55'!J25,'56'!J25,'57'!J25,'58'!J25,'59A'!J25,'59'!J25,'60'!J25,'61'!J25,'62'!J25,'63'!J25,'64'!J25,'65'!J25,'66'!J25,'67'!J25,'68'!J25,'69'!J25,'70'!J25,'71'!J25,'72'!J25,'73'!J25,'74'!J25,'76'!J25,'77'!J25,) -> 2.9623016 | ... P25: =AVERAGE('51'!P25,'52'!P25,'53'!P25,'55'!P25,'56'!P25,'57'!P25,'58'!P25,'59A'!P25,'59'!P25,'60'!P25,'61'!P25,'62'!P25,'63'!P25,'64'!P25,'65'!P25,'66'!P25,'67'!P25,'68'!P25,'69'!P25,'70'!P25,'71'!P25,'72'!P25,'73'!P25,'74'!P25,'76'!P25,'77'!P25,) -> 182.4041 | R25: 2200-2300 | S25: =SUM(C70:C73) -> 124.57799 | T25: =SUM(D70:D73) -> 40.370525 | U25: =SUM(E70:E73) -> 20.352084 | V25: =SUM(F70:F73) -> 61.407763 | W25: =SUM(G70:G73) -> 3.9195205 | X25: =SUM(H70:H73) -> 2.5801306 | Y25: =SUM(I70:I73) -> 19.337158 | Z25: =SUM(J70:J73) -> 9.0605891 | ... AF25: =SUM(P70:P73) -> 476.44421
B26: 11.00 - 11.15 | C26: =AVERAGE('51'!C26,'52'!C26,'53'!C26,'55'!C26,'56'!C26,'57'!C26,'58'!C26,'59A'!C26,'59'!C26,'60'!C26,'61'!C26,'62'!C26,'63'!C26,'64'!C26,'65'!C26,'66'!C26,'67'!C26,'68'!C26,'69'!C26,'70'!C26,'71'!C26,'72'!C26,'73'!C26,'74'!C26,'76'!C26,'77'!C26,) -> 39.022487 | D26: =AVERAGE('51'!D26,'52'!D26,'53'!D26,'55'!D26,'56'!D26,'57'!D26,'58'!D26,'59A'!D26,'59'!D26,'60'!D26,'61'!D26,'62'!D26,'63'!D26,'64'!D26,'65'!D26,'66'!D26,'67'!D26,'68'!D26,'69'!D26,'70'!D26,'71'!D26,'72'!D26,'73'!D26,'74'!D26,'76'!D26,'77'!D26,) -> 12.391138 | E26: =AVERAGE('51'!E26,'52'!E26,'53'!E26,'55'!E26,'56'!E26,'57'!E26,'58'!E26,'59A'!E26,'59'!E26,'60'!E26,'61'!E26,'62'!E26,'63'!E26,'64'!E26,'65'!E26,'66'!E26,'67'!E26,'68'!E26,'69'!E26,'70'!E26,'71'!E26,'72'!E26,'73'!E26,'74'!E26,'76'!E26,'77'!E26,) -> 7.6207672 | F26: =AVERAGE('51'!F26,'52'!F26,'53'!F26,'55'!F26,'56'!F26,'57'!F26,'58'!F26,'59A'!F26,'59'!F26,'60'!F26,'61'!F26,'62'!F26,'63'!F26,'64'!F26,'65'!F26,'66'!F26,'67'!F26,'68'!F26,'69'!F26,'70'!F26,'71'!F26,'72'!F26,'73'!F26,'74'!F26,'76'!F26,'77'!F26,) -> 22.185185 | G26: =AVERAGE('51'!G26,'52'!G26,'53'!G26,'55'!G26,'56'!G26,'57'!G26,'58'!G26,'59A'!G26,'59'!G26,'60'!G26,'61'!G26,'62'!G26,'63'!G26,'64'!G26,'65'!G26,'66'!G26,'67'!G26,'68'!G26,'69'!G26,'70'!G26,'71'!G26,'72'!G26,'73'!G26,'74'!G26,'76'!G26,'77'!G26,) -> 0.63161376 | H26: =AVERAGE('51'!H26,'52'!H26,'53'!H26,'55'!H26,'56'!H26,'57'!H26,'58'!H26,'59A'!H26,'59'!H26,'60'!H26,'61'!H26,'62'!H26,'63'!H26,'64'!H26,'65'!H26,'66'!H26,'67'!H26,'68'!H26,'69'!H26,'70'!H26,'71'!H26,'72'!H26,'73'!H26,'74'!H26,'76'!H26,'77'!H26,) -> 0.38558201 | I26: =AVERAGE('51'!I26,'52'!I26,'53'!I26,'55'!I26,'56'!I26,'57'!I26,'58'!I26,'59A'!I26,'59'!I26,'60'!I26,'61'!I26,'62'!I26,'63'!I26,'64'!I26,'65'!I26,'66'!I26,'67'!I26,'68'!I26,'69'!I26,'70'!I26,'71'!I26,'72'!I26,'73'!I26,'74'!I26,'76'!I26,'77'!I26,) -> 9.6984127 | J26: =AVERAGE('51'!J26,'52'!J26,'53'!J26,'55'!J26,'56'!J26,'57'!J26,'58'!J26,'59A'!J26,'59'!J26,'60'!J26,'61'!J26,'62'!J26,'63'!J26,'64'!J26,'65'!J26,'66'!J26,'67'!J26,'68'!J26,'69'!J26,'70'!J26,'71'!J26,'72'!J26,'73'!J26,'74'!J26,'76'!J26,'77'!J26,) -> 3.0145503 | ... P26: =AVERAGE('51'!P26,'52'!P26,'53'!P26,'55'!P26,'56'!P26,'57'!P26,'58'!P26,'59A'!P26,'59'!P26,'60'!P26,'61'!P26,'62'!P26,'63'!P26,'64'!P26,'65'!P26,'66'!P26,'67'!P26,'68'!P26,'69'!P26,'70'!P26,'71'!P26,'72'!P26,'73'!P26,'74'!P26,'76'!P26,'77'!P26,) -> 181.03571 | R26: 2300-0000 | S26: =SUM(C74:C77) -> 88.643076 | T26: =SUM(D74:D77) -> 30.404058 | U26: =SUM(E74:E77) -> 13.06905 | V26: =SUM(F74:F77) -> 36.077542 | W26: =SUM(G74:G77) -> 2.5991642 | X26: =SUM(H74:H77) -> 1.9940266 | Y26: =SUM(I74:I77) -> 14.852581 | Z26: =SUM(J74:J77) -> 8.429796 | ... AF26: =SUM(P74:P77) -> 334.09377
B27: 11.15 - 11.30 | C27: =AVERAGE('51'!C27,'52'!C27,'53'!C27,'55'!C27,'56'!C27,'57'!C27,'58'!C27,'59A'!C27,'59'!C27,'60'!C27,'61'!C27,'62'!C27,'63'!C27,'64'!C27,'65'!C27,'66'!C27,'67'!C27,'68'!C27,'69'!C27,'70'!C27,'71'!C27,'72'!C27,'73'!C27,'74'!C27,'76'!C27,'77'!C27,) -> 41.353836 | D27: =AVERAGE('51'!D27,'52'!D27,'53'!D27,'55'!D27,'56'!D27,'57'!D27,'58'!D27,'59A'!D27,'59'!D27,'60'!D27,'61'!D27,'62'!D27,'63'!D27,'64'!D27,'65'!D27,'66'!D27,'67'!D27,'68'!D27,'69'!D27,'70'!D27,'71'!D27,'72'!D27,'73'!D27,'74'!D27,'76'!D27,'77'!D27,) -> 11.863624 | E27: =AVERAGE('51'!E27,'52'!E27,'53'!E27,'55'!E27,'56'!E27,'57'!E27,'58'!E27,'59A'!E27,'59'!E27,'60'!E27,'61'!E27,'62'!E27,'63'!E27,'64'!E27,'65'!E27,'66'!E27,'67'!E27,'68'!E27,'69'!E27,'70'!E27,'71'!E27,'72'!E27,'73'!E27,'74'!E27,'76'!E27,'77'!E27,) -> 7.6244709 | F27: =AVERAGE('51'!F27,'52'!F27,'53'!F27,'55'!F27,'56'!F27,'57'!F27,'58'!F27,'59A'!F27,'59'!F27,'60'!F27,'61'!F27,'62'!F27,'63'!F27,'64'!F27,'65'!F27,'66'!F27,'67'!F27,'68'!F27,'69'!F27,'70'!F27,'71'!F27,'72'!F27,'73'!F27,'74'!F27,'76'!F27,'77'!F27,) -> 21.71627 | G27: =AVERAGE('51'!G27,'52'!G27,'53'!G27,'55'!G27,'56'!G27,'57'!G27,'58'!G27,'59A'!G27,'59'!G27,'60'!G27,'61'!G27,'62'!G27,'63'!G27,'64'!G27,'65'!G27,'66'!G27,'67'!G27,'68'!G27,'69'!G27,'70'!G27,'71'!G27,'72'!G27,'73'!G27,'74'!G27,'76'!G27,'77'!G27,) -> 0.76455026 | H27: =AVERAGE('51'!H27,'52'!H27,'53'!H27,'55'!H27,'56'!H27,'57'!H27,'58'!H27,'59A'!H27,'59'!H27,'60'!H27,'61'!H27,'62'!H27,'63'!H27,'64'!H27,'65'!H27,'66'!H27,'67'!H27,'68'!H27,'69'!H27,'70'!H27,'71'!H27,'72'!H27,'73'!H27,'74'!H27,'76'!H27,'77'!H27,) -> 0.36441799 | I27: =AVERAGE('51'!I27,'52'!I27,'53'!I27,'55'!I27,'56'!I27,'57'!I27,'58'!I27,'59A'!I27,'59'!I27,'60'!I27,'61'!I27,'62'!I27,'63'!I27,'64'!I27,'65'!I27,'66'!I27,'67'!I27,'68'!I27,'69'!I27,'70'!I27,'71'!I27,'72'!I27,'73'!I27,'74'!I27,'76'!I27,'77'!I27,) -> 9.4722222 | J27: =AVERAGE('51'!J27,'52'!J27,'53'!J27,'55'!J27,'56'!J27,'57'!J27,'58'!J27,'59A'!J27,'59'!J27,'60'!J27,'61'!J27,'62'!J27,'63'!J27,'64'!J27,'65'!J27,'66'!J27,'67'!J27,'68'!J27,'69'!J27,'70'!J27,'71'!J27,'72'!J27,'73'!J27,'74'!J27,'76'!J27,'77'!J27,) -> 3.0734127 | ... P27: =AVERAGE('51'!P27,'52'!P27,'53'!P27,'55'!P27,'56'!P27,'57'!P27,'58'!P27,'59A'!P27,'59'!P27,'60'!P27,'61'!P27,'62'!P27,'63'!P27,'64'!P27,'65'!P27,'66'!P27,'67'!P27,'68'!P27,'69'!P27,'70'!P27,'71'!P27,'72'!P27,'73'!P27,'74'!P27,'76'!P27,'77'!P27,) -> 181.62632 | R27: 0000-0100 | S27: =SUM(C78:C81) -> 52.780021 | T27: =SUM(D78:D81) -> 14.796939 | U27: =SUM(E78:E81) -> 8.0380016 | V27: =SUM(F78:F81) -> 15.887633 | W27: =SUM(G78:G81) -> 1.4360521 | X27: =SUM(H78:H81) -> 1.643952 | Y27: =SUM(I78:I81) -> 11.901194 | Z27: =SUM(J78:J81) -> 7.7061629 | ... AF27: =SUM(P78:P81) -> 193.93589
B28: 11.30 - 11.45 | C28: =AVERAGE('51'!C28,'52'!C28,'53'!C28,'55'!C28,'56'!C28,'57'!C28,'58'!C28,'59A'!C28,'59'!C28,'60'!C28,'61'!C28,'62'!C28,'63'!C28,'64'!C28,'65'!C28,'66'!C28,'67'!C28,'68'!C28,'69'!C28,'70'!C28,'71'!C28,'72'!C28,'73'!C28,'74'!C28,'76'!C28,'77'!C28,) -> 40.675265 | D28: =AVERAGE('51'!D28,'52'!D28,'53'!D28,'55'!D28,'56'!D28,'57'!D28,'58'!D28,'59A'!D28,'59'!D28,'60'!D28,'61'!D28,'62'!D28,'63'!D28,'64'!D28,'65'!D28,'66'!D28,'67'!D28,'68'!D28,'69'!D28,'70'!D28,'71'!D28,'72'!D28,'73'!D28,'74'!D28,'76'!D28,'77'!D28,) -> 12.71746 | E28: =AVERAGE('51'!E28,'52'!E28,'53'!E28,'55'!E28,'56'!E28,'57'!E28,'58'!E28,'59A'!E28,'59'!E28,'60'!E28,'61'!E28,'62'!E28,'63'!E28,'64'!E28,'65'!E28,'66'!E28,'67'!E28,'68'!E28,'69'!E28,'70'!E28,'71'!E28,'72'!E28,'73'!E28,'74'!E28,'76'!E28,'77'!E28,) -> 7.5828042 | F28: =AVERAGE('51'!F28,'52'!F28,'53'!F28,'55'!F28,'56'!F28,'57'!F28,'58'!F28,'59A'!F28,'59'!F28,'60'!F28,'61'!F28,'62'!F28,'63'!F28,'64'!F28,'65'!F28,'66'!F28,'67'!F28,'68'!F28,'69'!F28,'70'!F28,'71'!F28,'72'!F28,'73'!F28,'74'!F28,'76'!F28,'77'!F28,) -> 22.433642 | G28: =AVERAGE('51'!G28,'52'!G28,'53'!G28,'55'!G28,'56'!G28,'57'!G28,'58'!G28,'59A'!G28,'59'!G28,'60'!G28,'61'!G28,'62'!G28,'63'!G28,'64'!G28,'65'!G28,'66'!G28,'67'!G28,'68'!G28,'69'!G28,'70'!G28,'71'!G28,'72'!G28,'73'!G28,'74'!G28,'76'!G28,'77'!G28,) -> 0.74404762 | H28: =AVERAGE('51'!H28,'52'!H28,'53'!H28,'55'!H28,'56'!H28,'57'!H28,'58'!H28,'59A'!H28,'59'!H28,'60'!H28,'61'!H28,'62'!H28,'63'!H28,'64'!H28,'65'!H28,'66'!H28,'67'!H28,'68'!H28,'69'!H28,'70'!H28,'71'!H28,'72'!H28,'73'!H28,'74'!H28,'76'!H28,'77'!H28,) -> 0.3207672 | I28: =AVERAGE('51'!I28,'52'!I28,'53'!I28,'55'!I28,'56'!I28,'57'!I28,'58'!I28,'59A'!I28,'59'!I28,'60'!I28,'61'!I28,'62'!I28,'63'!I28,'64'!I28,'65'!I28,'66'!I28,'67'!I28,'68'!I28,'69'!I28,'70'!I28,'71'!I28,'72'!I28,'73'!I28,'74'!I28,'76'!I28,'77'!I28,) -> 10.40873 | J28: =AVERAGE('51'!J28,'52'!J28,'53'!J28,'55'!J28,'56'!J28,'57'!J28,'58'!J28,'59A'!J28,'59'!J28,'60'!J28,'61'!J28,'62'!J28,'63'!J28,'64'!J28,'65'!J28,'66'!J28,'67'!J28,'68'!J28,'69'!J28,'70'!J28,'71'!J28,'72'!J28,'73'!J28,'74'!J28,'76'!J28,'77'!J28,) -> 2.6779101 | ... P28: =AVERAGE('51'!P28,'52'!P28,'53'!P28,'55'!P28,'56'!P28,'57'!P28,'58'!P28,'59A'!P28,'59'!P28,'60'!P28,'61'!P28,'62'!P28,'63'!P28,'64'!P28,'65'!P28,'66'!P28,'67'!P28,'68'!P28,'69'!P28,'70'!P28,'71'!P28,'72'!P28,'73'!P28,'74'!P28,'76'!P28,'77'!P28,) -> 181.84171 | R28: 0100-0200 | S28: =SUM(C82:C85) -> 29.405364 | T28: =SUM(D82:D85) -> 9.3230991 | U28: =SUM(E82:E85) -> 5.4568709 | V28: =SUM(F82:F85) -> 7.1707442 | W28: =SUM(G82:G85) -> 0.61754448 | X28: =SUM(H82:H85) -> 0.8180315 | Y28: =SUM(I82:I85) -> 8.8983362 | Z28: =SUM(J82:J85) -> 6.3560854 | ... AF28: =SUM(P82:P85) -> 120.42161
B29: 11.45 - 12.00 | C29: =AVERAGE('51'!C29,'52'!C29,'53'!C29,'55'!C29,'56'!C29,'57'!C29,'58'!C29,'59A'!C29,'59'!C29,'60'!C29,'61'!C29,'62'!C29,'63'!C29,'64'!C29,'65'!C29,'66'!C29,'67'!C29,'68'!C29,'69'!C29,'70'!C29,'71'!C29,'72'!C29,'73'!C29,'74'!C29,'76'!C29,'77'!C29,) -> 41.391534 | D29: =AVERAGE('51'!D29,'52'!D29,'53'!D29,'55'!D29,'56'!D29,'57'!D29,'58'!D29,'59A'!D29,'59'!D29,'60'!D29,'61'!D29,'62'!D29,'63'!D29,'64'!D29,'65'!D29,'66'!D29,'67'!D29,'68'!D29,'69'!D29,'70'!D29,'71'!D29,'72'!D29,'73'!D29,'74'!D29,'76'!D29,'77'!D29,) -> 11.966402 | E29: =AVERAGE('51'!E29,'52'!E29,'53'!E29,'55'!E29,'56'!E29,'57'!E29,'58'!E29,'59A'!E29,'59'!E29,'60'!E29,'61'!E29,'62'!E29,'63'!E29,'64'!E29,'65'!E29,'66'!E29,'67'!E29,'68'!E29,'69'!E29,'70'!E29,'71'!E29,'72'!E29,'73'!E29,'74'!E29,'76'!E29,'77'!E29,) -> 8.4165344 | F29: =AVERAGE('51'!F29,'52'!F29,'53'!F29,'55'!F29,'56'!F29,'57'!F29,'58'!F29,'59A'!F29,'59'!F29,'60'!F29,'61'!F29,'62'!F29,'63'!F29,'64'!F29,'65'!F29,'66'!F29,'67'!F29,'68'!F29,'69'!F29,'70'!F29,'71'!F29,'72'!F29,'73'!F29,'74'!F29,'76'!F29,'77'!F29,) -> 21.55291 | G29: =AVERAGE('51'!G29,'52'!G29,'53'!G29,'55'!G29,'56'!G29,'57'!G29,'58'!G29,'59A'!G29,'59'!G29,'60'!G29,'61'!G29,'62'!G29,'63'!G29,'64'!G29,'65'!G29,'66'!G29,'67'!G29,'68'!G29,'69'!G29,'70'!G29,'71'!G29,'72'!G29,'73'!G29,'74'!G29,'76'!G29,'77'!G29,) -> 0.91732804 | H29: =AVERAGE('51'!H29,'52'!H29,'53'!H29,'55'!H29,'56'!H29,'57'!H29,'58'!H29,'59A'!H29,'59'!H29,'60'!H29,'61'!H29,'62'!H29,'63'!H29,'64'!H29,'65'!H29,'66'!H29,'67'!H29,'68'!H29,'69'!H29,'70'!H29,'71'!H29,'72'!H29,'73'!H29,'74'!H29,'76'!H29,'77'!H29,) -> 0.32208995 | I29: =AVERAGE('51'!I29,'52'!I29,'53'!I29,'55'!I29,'56'!I29,'57'!I29,'58'!I29,'59A'!I29,'59'!I29,'60'!I29,'61'!I29,'62'!I29,'63'!I29,'64'!I29,'65'!I29,'66'!I29,'67'!I29,'68'!I29,'69'!I29,'70'!I29,'71'!I29,'72'!I29,'73'!I29,'74'!I29,'76'!I29,'77'!I29,) -> 9.7645503 | J29: =AVERAGE('51'!J29,'52'!J29,'53'!J29,'55'!J29,'56'!J29,'57'!J29,'58'!J29,'59A'!J29,'59'!J29,'60'!J29,'61'!J29,'62'!J29,'63'!J29,'64'!J29,'65'!J29,'66'!J29,'67'!J29,'68'!J29,'69'!J29,'70'!J29,'71'!J29,'72'!J29,'73'!J29,'74'!J29,'76'!J29,'77'!J29,) -> 3.3544974 | ... P29: =AVERAGE('51'!P29,'52'!P29,'53'!P29,'55'!P29,'56'!P29,'57'!P29,'58'!P29,'59A'!P29,'59'!P29,'60'!P29,'61'!P29,'62'!P29,'63'!P29,'64'!P29,'65'!P29,'66'!P29,'67'!P29,'68'!P29,'69'!P29,'70'!P29,'71'!P29,'72'!P29,'73'!P29,'74'!P29,'76'!P29,'77'!P29,) -> 180.27381 | R29: 0200-0300 | S29: =SUM(C86:C89) -> 20.098344 | T29: =SUM(D86:D89) -> 6.3380959 | U29: =SUM(E86:E89) -> 3.9330697 | V29: =SUM(F86:F89) -> 4.4041729 | W29: =SUM(G86:G89) -> 0.41486703 | X29: =SUM(H86:H89) -> 1.0685446 | Y29: =SUM(I86:I89) -> 7.3558453 | Z29: =SUM(J86:J89) -> 4.6659568 | ... AF29: =SUM(P86:P89) -> 83.896569
B30: 12.00 - 12.15 | C30: =AVERAGE('51'!C30,'52'!C30,'53'!C30,'55'!C30,'56'!C30,'57'!C30,'58'!C30,'59A'!C30,'59'!C30,'60'!C30,'61'!C30,'62'!C30,'63'!C30,'64'!C30,'65'!C30,'66'!C30,'67'!C30,'68'!C30,'69'!C30,'70'!C30,'71'!C30,'72'!C30,'73'!C30,'74'!C30,'76'!C30,'77'!C30,) -> 41.518519 | D30: =AVERAGE('51'!D30,'52'!D30,'53'!D30,'55'!D30,'56'!D30,'57'!D30,'58'!D30,'59A'!D30,'59'!D30,'60'!D30,'61'!D30,'62'!D30,'63'!D30,'64'!D30,'65'!D30,'66'!D30,'67'!D30,'68'!D30,'69'!D30,'70'!D30,'71'!D30,'72'!D30,'73'!D30,'74'!D30,'76'!D30,'77'!D30,) -> 12.49246 | E30: =AVERAGE('51'!E30,'52'!E30,'53'!E30,'55'!E30,'56'!E30,'57'!E30,'58'!E30,'59A'!E30,'59'!E30,'60'!E30,'61'!E30,'62'!E30,'63'!E30,'64'!E30,'65'!E30,'66'!E30,'67'!E30,'68'!E30,'69'!E30,'70'!E30,'71'!E30,'72'!E30,'73'!E30,'74'!E30,'76'!E30,'77'!E30,) -> 8.5862434 | F30: =AVERAGE('51'!F30,'52'!F30,'53'!F30,'55'!F30,'56'!F30,'57'!F30,'58'!F30,'59A'!F30,'59'!F30,'60'!F30,'61'!F30,'62'!F30,'63'!F30,'64'!F30,'65'!F30,'66'!F30,'67'!F30,'68'!F30,'69'!F30,'70'!F30,'71'!F30,'72'!F30,'73'!F30,'74'!F30,'76'!F30,'77'!F30,) -> 21.537037 | G30: =AVERAGE('51'!G30,'52'!G30,'53'!G30,'55'!G30,'56'!G30,'57'!G30,'58'!G30,'59A'!G30,'59'!G30,'60'!G30,'61'!G30,'62'!G30,'63'!G30,'64'!G30,'65'!G30,'66'!G30,'67'!G30,'68'!G30,'69'!G30,'70'!G30,'71'!G30,'72'!G30,'73'!G30,'74'!G30,'76'!G30,'77'!G30,) -> 0.80820106 | H30: =AVERAGE('51'!H30,'52'!H30,'53'!H30,'55'!H30,'56'!H30,'57'!H30,'58'!H30,'59A'!H30,'59'!H30,'60'!H30,'61'!H30,'62'!H30,'63'!H30,'64'!H30,'65'!H30,'66'!H30,'67'!H30,'68'!H30,'69'!H30,'70'!H30,'71'!H30,'72'!H30,'73'!H30,'74'!H30,'76'!H30,'77'!H30,) -> 0.63227513 | I30: =AVERAGE('51'!I30,'52'!I30,'53'!I30,'55'!I30,'56'!I30,'57'!I30,'58'!I30,'59A'!I30,'59'!I30,'60'!I30,'61'!I30,'62'!I30,'63'!I30,'64'!I30,'65'!I30,'66'!I30,'67'!I30,'68'!I30,'69'!I30,'70'!I30,'71'!I30,'72'!I30,'73'!I30,'74'!I30,'76'!I30,'77'!I30,) -> 10.024471 | J30: =AVERAGE('51'!J30,'52'!J30,'53'!J30,'55'!J30,'56'!J30,'57'!J30,'58'!J30,'59A'!J30,'59'!J30,'60'!J30,'61'!J30,'62'!J30,'63'!J30,'64'!J30,'65'!J30,'66'!J30,'67'!J30,'68'!J30,'69'!J30,'70'!J30,'71'!J30,'72'!J30,'73'!J30,'74'!J30,'76'!J30,'77'!J30,) -> 3.5019841 | ... P30: =AVERAGE('51'!P30,'52'!P30,'53'!P30,'55'!P30,'56'!P30,'57'!P30,'58'!P30,'59A'!P30,'59'!P30,'60'!P30,'61'!P30,'62'!P30,'63'!P30,'64'!P30,'65'!P30,'66'!P30,'67'!P30,'68'!P30,'69'!P30,'70'!P30,'71'!P30,'72'!P30,'73'!P30,'74'!P30,'76'!P30,'77'!P30,) -> 180.18122 | R30: 0300-0400 | S30: =SUM(C90:C93) -> 15.994357 | T30: =SUM(D90:D93) -> 5.2398161 | U30: =SUM(E90:E93) -> 3.1652798 | V30: =SUM(F90:F93) -> 4.6146762 | W30: =SUM(G90:G93) -> 0.36770217 | X30: =SUM(H90:H93) -> 1.2671844 | Y30: =SUM(I90:I93) -> 6.4826747 | Z30: =SUM(J90:J93) -> 5.6445761 | ... AF30: =SUM(P90:P93) -> 73.424957
B31: 12.15 - 12.30 | C31: =AVERAGE('51'!C31,'52'!C31,'53'!C31,'55'!C31,'56'!C31,'57'!C31,'58'!C31,'59A'!C31,'59'!C31,'60'!C31,'61'!C31,'62'!C31,'63'!C31,'64'!C31,'65'!C31,'66'!C31,'67'!C31,'68'!C31,'69'!C31,'70'!C31,'71'!C31,'72'!C31,'73'!C31,'74'!C31,'76'!C31,'77'!C31,) -> 40.046958 | D31: =AVERAGE('51'!D31,'52'!D31,'53'!D31,'55'!D31,'56'!D31,'57'!D31,'58'!D31,'59A'!D31,'59'!D31,'60'!D31,'61'!D31,'62'!D31,'63'!D31,'64'!D31,'65'!D31,'66'!D31,'67'!D31,'68'!D31,'69'!D31,'70'!D31,'71'!D31,'72'!D31,'73'!D31,'74'!D31,'76'!D31,'77'!D31,) -> 12.180556 | E31: =AVERAGE('51'!E31,'52'!E31,'53'!E31,'55'!E31,'56'!E31,'57'!E31,'58'!E31,'59A'!E31,'59'!E31,'60'!E31,'61'!E31,'62'!E31,'63'!E31,'64'!E31,'65'!E31,'66'!E31,'67'!E31,'68'!E31,'69'!E31,'70'!E31,'71'!E31,'72'!E31,'73'!E31,'74'!E31,'76'!E31,'77'!E31,) -> 8.3921958 | F31: =AVERAGE('51'!F31,'52'!F31,'53'!F31,'55'!F31,'56'!F31,'57'!F31,'58'!F31,'59A'!F31,'59'!F31,'60'!F31,'61'!F31,'62'!F31,'63'!F31,'64'!F31,'65'!F31,'66'!F31,'67'!F31,'68'!F31,'69'!F31,'70'!F31,'71'!F31,'72'!F31,'73'!F31,'74'!F31,'76'!F31,'77'!F31,) -> 21.987434 | G31: =AVERAGE('51'!G31,'52'!G31,'53'!G31,'55'!G31,'56'!G31,'57'!G31,'58'!G31,'59A'!G31,'59'!G31,'60'!G31,'61'!G31,'62'!G31,'63'!G31,'64'!G31,'65'!G31,'66'!G31,'67'!G31,'68'!G31,'69'!G31,'70'!G31,'71'!G31,'72'!G31,'73'!G31,'74'!G31,'76'!G31,'77'!G31,) -> 0.98875661 | H31: =AVERAGE('51'!H31,'52'!H31,'53'!H31,'55'!H31,'56'!H31,'57'!H31,'58'!H31,'59A'!H31,'59'!H31,'60'!H31,'61'!H31,'62'!H31,'63'!H31,'64'!H31,'65'!H31,'66'!H31,'67'!H31,'68'!H31,'69'!H31,'70'!H31,'71'!H31,'72'!H31,'73'!H31,'74'!H31,'76'!H31,'77'!H31,) -> 0.47619048 | I31: =AVERAGE('51'!I31,'52'!I31,'53'!I31,'55'!I31,'56'!I31,'57'!I31,'58'!I31,'59A'!I31,'59'!I31,'60'!I31,'61'!I31,'62'!I31,'63'!I31,'64'!I31,'65'!I31,'66'!I31,'67'!I31,'68'!I31,'69'!I31,'70'!I31,'71'!I31,'72'!I31,'73'!I31,'74'!I31,'76'!I31,'77'!I31,) -> 10.248677 | J31: =AVERAGE('51'!J31,'52'!J31,'53'!J31,'55'!J31,'56'!J31,'57'!J31,'58'!J31,'59A'!J31,'59'!J31,'60'!J31,'61'!J31,'62'!J31,'63'!J31,'64'!J31,'65'!J31,'66'!J31,'67'!J31,'68'!J31,'69'!J31,'70'!J31,'71'!J31,'72'!J31,'73'!J31,'74'!J31,'76'!J31,'77'!J31,) -> 3.364418 | ... P31: =AVERAGE('51'!P31,'52'!P31,'53'!P31,'55'!P31,'56'!P31,'57'!P31,'58'!P31,'59A'!P31,'59'!P31,'60'!P31,'61'!P31,'62'!P31,'63'!P31,'64'!P31,'65'!P31,'66'!P31,'67'!P31,'68'!P31,'69'!P31,'70'!P31,'71'!P31,'72'!P31,'73'!P31,'74'!P31,'76'!P31,'77'!P31,) -> 176.62434 | R31: 0400-0500 | S31: =SUM(C94:C97) -> 20.665157 | T31: =SUM(D94:D97) -> 6.753532 | U31: =SUM(E94:E97) -> 4.2414091 | V31: =SUM(F94:F97) -> 10.72745 | W31: =SUM(G94:G97) -> 1.0413769 | X31: =SUM(H94:H97) -> 1.9003181 | Y31: =SUM(I94:I97) -> 8.9066891 | Z31: =SUM(J94:J97) -> 5.111935 | ... AF31: =SUM(P94:P97) -> 97.915772
B32: 12.30 - 12.45 | C32: =AVERAGE('51'!C32,'52'!C32,'53'!C32,'55'!C32,'56'!C32,'57'!C32,'58'!C32,'59A'!C32,'59'!C32,'60'!C32,'61'!C32,'62'!C32,'63'!C32,'64'!C32,'65'!C32,'66'!C32,'67'!C32,'68'!C32,'69'!C32,'70'!C32,'71'!C32,'72'!C32,'73'!C32,'74'!C32,'76'!C32,'77'!C32,) -> 41.204365 | D32: =AVERAGE('51'!D32,'52'!D32,'53'!D32,'55'!D32,'56'!D32,'57'!D32,'58'!D32,'59A'!D32,'59'!D32,'60'!D32,'61'!D32,'62'!D32,'63'!D32,'64'!D32,'65'!D32,'66'!D32,'67'!D32,'68'!D32,'69'!D32,'70'!D32,'71'!D32,'72'!D32,'73'!D32,'74'!D32,'76'!D32,'77'!D32,) -> 12.593386 | E32: =AVERAGE('51'!E32,'52'!E32,'53'!E32,'55'!E32,'56'!E32,'57'!E32,'58'!E32,'59A'!E32,'59'!E32,'60'!E32,'61'!E32,'62'!E32,'63'!E32,'64'!E32,'65'!E32,'66'!E32,'67'!E32,'68'!E32,'69'!E32,'70'!E32,'71'!E32,'72'!E32,'73'!E32,'74'!E32,'76'!E32,'77'!E32,) -> 8.2359788 | F32: =AVERAGE('51'!F32,'52'!F32,'53'!F32,'55'!F32,'56'!F32,'57'!F32,'58'!F32,'59A'!F32,'59'!F32,'60'!F32,'61'!F32,'62'!F32,'63'!F32,'64'!F32,'65'!F32,'66'!F32,'67'!F32,'68'!F32,'69'!F32,'70'!F32,'71'!F32,'72'!F32,'73'!F32,'74'!F32,'76'!F32,'77'!F32,) -> 21.541005 | G32: =AVERAGE('51'!G32,'52'!G32,'53'!G32,'55'!G32,'56'!G32,'57'!G32,'58'!G32,'59A'!G32,'59'!G32,'60'!G32,'61'!G32,'62'!G32,'63'!G32,'64'!G32,'65'!G32,'66'!G32,'67'!G32,'68'!G32,'69'!G32,'70'!G32,'71'!G32,'72'!G32,'73'!G32,'74'!G32,'76'!G32,'77'!G32,) -> 1.0780423 | H32: =AVERAGE('51'!H32,'52'!H32,'53'!H32,'55'!H32,'56'!H32,'57'!H32,'58'!H32,'59A'!H32,'59'!H32,'60'!H32,'61'!H32,'62'!H32,'63'!H32,'64'!H32,'65'!H32,'66'!H32,'67'!H32,'68'!H32,'69'!H32,'70'!H32,'71'!H32,'72'!H32,'73'!H32,'74'!H32,'76'!H32,'77'!H32,) -> 0.55026455 | I32: =AVERAGE('51'!I32,'52'!I32,'53'!I32,'55'!I32,'56'!I32,'57'!I32,'58'!I32,'59A'!I32,'59'!I32,'60'!I32,'61'!I32,'62'!I32,'63'!I32,'64'!I32,'65'!I32,'66'!I32,'67'!I32,'68'!I32,'69'!I32,'70'!I32,'71'!I32,'72'!I32,'73'!I32,'74'!I32,'76'!I32,'77'!I32,) -> 10.173942 | J32: =AVERAGE('51'!J32,'52'!J32,'53'!J32,'55'!J32,'56'!J32,'57'!J32,'58'!J32,'59A'!J32,'59'!J32,'60'!J32,'61'!J32,'62'!J32,'63'!J32,'64'!J32,'65'!J32,'66'!J32,'67'!J32,'68'!J32,'69'!J32,'70'!J32,'71'!J32,'72'!J32,'73'!J32,'74'!J32,'76'!J32,'77'!J32,) -> 3.3913139 | ... P32: =AVERAGE('51'!P32,'52'!P32,'53'!P32,'55'!P32,'56'!P32,'57'!P32,'58'!P32,'59A'!P32,'59'!P32,'60'!P32,'61'!P32,'62'!P32,'63'!P32,'64'!P32,'65'!P32,'66'!P32,'67'!P32,'68'!P32,'69'!P32,'70'!P32,'71'!P32,'72'!P32,'73'!P32,'74'!P32,'76'!P32,'77'!P32,) -> 175.71274 | R32: 0500-0600 | S32: =SUM(C98:C101) -> 38.394853 | T32: =SUM(D98:D101) -> 12.202655 | U32: =SUM(E98:E101) -> 7.2206495 | V32: =SUM(F98:F101) -> 33.573617 | W32: =SUM(G98:G101) -> 2.560761 | X32: =SUM(H98:H101) -> 1.6877879 | Y32: =SUM(I98:I101) -> 12.024573 | Z32: =SUM(J98:J101) -> 6.7043696 | ... AF32: =SUM(P98:P101) -> 172.79402
B33: 12.45 - 13.00 | C33: =AVERAGE('51'!C33,'52'!C33,'53'!C33,'55'!C33,'56'!C33,'57'!C33,'58'!C33,'59A'!C33,'59'!C33,'60'!C33,'61'!C33,'62'!C33,'63'!C33,'64'!C33,'65'!C33,'66'!C33,'67'!C33,'68'!C33,'69'!C33,'70'!C33,'71'!C33,'72'!C33,'73'!C33,'74'!C33,'76'!C33,'77'!C33,) -> 41.628307 | D33: =AVERAGE('51'!D33,'52'!D33,'53'!D33,'55'!D33,'56'!D33,'57'!D33,'58'!D33,'59A'!D33,'59'!D33,'60'!D33,'61'!D33,'62'!D33,'63'!D33,'64'!D33,'65'!D33,'66'!D33,'67'!D33,'68'!D33,'69'!D33,'70'!D33,'71'!D33,'72'!D33,'73'!D33,'74'!D33,'76'!D33,'77'!D33,) -> 12.131526 | E33: =AVERAGE('51'!E33,'52'!E33,'53'!E33,'55'!E33,'56'!E33,'57'!E33,'58'!E33,'59A'!E33,'59'!E33,'60'!E33,'61'!E33,'62'!E33,'63'!E33,'64'!E33,'65'!E33,'66'!E33,'67'!E33,'68'!E33,'69'!E33,'70'!E33,'71'!E33,'72'!E33,'73'!E33,'74'!E33,'76'!E33,'77'!E33,) -> 7.977381 | F33: =AVERAGE('51'!F33,'52'!F33,'53'!F33,'55'!F33,'56'!F33,'57'!F33,'58'!F33,'59A'!F33,'59'!F33,'60'!F33,'61'!F33,'62'!F33,'63'!F33,'64'!F33,'65'!F33,'66'!F33,'67'!F33,'68'!F33,'69'!F33,'70'!F33,'71'!F33,'72'!F33,'73'!F33,'74'!F33,'76'!F33,'77'!F33,) -> 22.656746 | G33: =AVERAGE('51'!G33,'52'!G33,'53'!G33,'55'!G33,'56'!G33,'57'!G33,'58'!G33,'59A'!G33,'59'!G33,'60'!G33,'61'!G33,'62'!G33,'63'!G33,'64'!G33,'65'!G33,'66'!G33,'67'!G33,'68'!G33,'69'!G33,'70'!G33,'71'!G33,'72'!G33,'73'!G33,'74'!G33,'76'!G33,'77'!G33,) -> 0.93849206 | H33: =AVERAGE('51'!H33,'52'!H33,'53'!H33,'55'!H33,'56'!H33,'57'!H33,'58'!H33,'59A'!H33,'59'!H33,'60'!H33,'61'!H33,'62'!H33,'63'!H33,'64'!H33,'65'!H33,'66'!H33,'67'!H33,'68'!H33,'69'!H33,'70'!H33,'71'!H33,'72'!H33,'73'!H33,'74'!H33,'76'!H33,'77'!H33,) -> 0.38822751 | I33: =AVERAGE('51'!I33,'52'!I33,'53'!I33,'55'!I33,'56'!I33,'57'!I33,'58'!I33,'59A'!I33,'59'!I33,'60'!I33,'61'!I33,'62'!I33,'63'!I33,'64'!I33,'65'!I33,'66'!I33,'67'!I33,'68'!I33,'69'!I33,'70'!I33,'71'!I33,'72'!I33,'73'!I33,'74'!I33,'76'!I33,'77'!I33,) -> 9.8214286 | J33: =AVERAGE('51'!J33,'52'!J33,'53'!J33,'55'!J33,'56'!J33,'57'!J33,'58'!J33,'59A'!J33,'59'!J33,'60'!J33,'61'!J33,'62'!J33,'63'!J33,'64'!J33,'65'!J33,'66'!J33,'67'!J33,'68'!J33,'69'!J33,'70'!J33,'71'!J33,'72'!J33,'73'!J33,'74'!J33,'76'!J33,'77'!J33,) -> 3.3564815 | ... P33: =AVERAGE('51'!P33,'52'!P33,'53'!P33,'55'!P33,'56'!P33,'57'!P33,'58'!P33,'59A'!P33,'59'!P33,'60'!P33,'61'!P33,'62'!P33,'63'!P33,'64'!P33,'65'!P33,'66'!P33,'67'!P33,'68'!P33,'69'!P33,'70'!P33,'71'!P33,'72'!P33,'73'!P33,'74'!P33,'76'!P33,'77'!P33,) -> 170.85692 | R33: 0600-0700 | S33: =SUM(C102:C105) -> 99.431241 | T33: =SUM(D102:D105) -> 30.084981 | U33: =SUM(E102:E105) -> 15.979324 | V33: =SUM(F102:F105) -> 62.200503 | W33: =SUM(G102:G105) -> 3.6827321 | X33: =SUM(H102:H105) -> 1.7487735 | Y33: =SUM(I102:I105) -> 17.442295 | Z33: =SUM(J102:J105) -> 7.5802246 | ... AF33: =SUM(P102:P105) -> 374.86398
B34: 13.00 - 13.15 | C34: =AVERAGE('51'!C34,'52'!C34,'53'!C34,'55'!C34,'56'!C34,'57'!C34,'58'!C34,'59A'!C34,'59'!C34,'60'!C34,'61'!C34,'62'!C34,'63'!C34,'64'!C34,'65'!C34,'66'!C34,'67'!C34,'68'!C34,'69'!C34,'70'!C34,'71'!C34,'72'!C34,'73'!C34,'74'!C34,'76'!C34,'77'!C34,) -> 38.62963 | D34: =AVERAGE('51'!D34,'52'!D34,'53'!D34,'55'!D34,'56'!D34,'57'!D34,'58'!D34,'59A'!D34,'59'!D34,'60'!D34,'61'!D34,'62'!D34,'63'!D34,'64'!D34,'65'!D34,'66'!D34,'67'!D34,'68'!D34,'69'!D34,'70'!D34,'71'!D34,'72'!D34,'73'!D34,'74'!D34,'76'!D34,'77'!D34,) -> 12.760979 | E34: =AVERAGE('51'!E34,'52'!E34,'53'!E34,'55'!E34,'56'!E34,'57'!E34,'58'!E34,'59A'!E34,'59'!E34,'60'!E34,'61'!E34,'62'!E34,'63'!E34,'64'!E34,'65'!E34,'66'!E34,'67'!E34,'68'!E34,'69'!E34,'70'!E34,'71'!E34,'72'!E34,'73'!E34,'74'!E34,'76'!E34,'77'!E34,) -> 8.1510582 | F34: =AVERAGE('51'!F34,'52'!F34,'53'!F34,'55'!F34,'56'!F34,'57'!F34,'58'!F34,'59A'!F34,'59'!F34,'60'!F34,'61'!F34,'62'!F34,'63'!F34,'64'!F34,'65'!F34,'66'!F34,'67'!F34,'68'!F34,'69'!F34,'70'!F34,'71'!F34,'72'!F34,'73'!F34,'74'!F34,'76'!F34,'77'!F34,) -> 22.624339 | G34: =AVERAGE('51'!G34,'52'!G34,'53'!G34,'55'!G34,'56'!G34,'57'!G34,'58'!G34,'59A'!G34,'59'!G34,'60'!G34,'61'!G34,'62'!G34,'63'!G34,'64'!G34,'65'!G34,'66'!G34,'67'!G34,'68'!G34,'69'!G34,'70'!G34,'71'!G34,'72'!G34,'73'!G34,'74'!G34,'76'!G34,'77'!G34,) -> 0.94047619 | H34: =AVERAGE('51'!H34,'52'!H34,'53'!H34,'55'!H34,'56'!H34,'57'!H34,'58'!H34,'59A'!H34,'59'!H34,'60'!H34,'61'!H34,'62'!H34,'63'!H34,'64'!H34,'65'!H34,'66'!H34,'67'!H34,'68'!H34,'69'!H34,'70'!H34,'71'!H34,'72'!H34,'73'!H34,'74'!H34,'76'!H34,'77'!H34,) -> 0.52116402 | I34: =AVERAGE('51'!I34,'52'!I34,'53'!I34,'55'!I34,'56'!I34,'57'!I34,'58'!I34,'59A'!I34,'59'!I34,'60'!I34,'61'!I34,'62'!I34,'63'!I34,'64'!I34,'65'!I34,'66'!I34,'67'!I34,'68'!I34,'69'!I34,'70'!I34,'71'!I34,'72'!I34,'73'!I34,'74'!I34,'76'!I34,'77'!I34,) -> 10.320106 | J34: =AVERAGE('51'!J34,'52'!J34,'53'!J34,'55'!J34,'56'!J34,'57'!J34,'58'!J34,'59A'!J34,'59'!J34,'60'!J34,'61'!J34,'62'!J34,'63'!J34,'64'!J34,'65'!J34,'66'!J34,'67'!J34,'68'!J34,'69'!J34,'70'!J34,'71'!J34,'72'!J34,'73'!J34,'74'!J34,'76'!J34,'77'!J34,) -> 3.3035714 | ... P34: =AVERAGE('51'!P34,'52'!P34,'53'!P34,'55'!P34,'56'!P34,'57'!P34,'58'!P34,'59A'!P34,'59'!P34,'60'!P34,'61'!P34,'62'!P34,'63'!P34,'64'!P34,'65'!P34,'66'!P34,'67'!P34,'68'!P34,'69'!P34,'70'!P34,'71'!P34,'72'!P34,'73'!P34,'74'!P34,'76'!P34,'77'!P34,) -> 170.31283 | R34: AM Peak Hr | S34: =MAX(S10:S12) -> 158.59656 | T34: =MAX(T10:T12) -> 49.068122 | U34: =MAX(U10:U12) -> 30.416005 | V34: =MAX(V10:V12) -> 90.459656 | W34: =MAX(W10:W12) -> 4.2374339 | X34: =MAX(X10:X12) -> 1.7513228 | Y34: =MAX(Y10:Y12) -> 32.943122 | Z34: =MAX(Z10:Z12) -> 10.278439 | ... AF34: =MAX(AF10:AF12) -> 744.8578
B35: 13.15 - 13.30 | C35: =AVERAGE('51'!C35,'52'!C35,'53'!C35,'55'!C35,'56'!C35,'57'!C35,'58'!C35,'59A'!C35,'59'!C35,'60'!C35,'61'!C35,'62'!C35,'63'!C35,'64'!C35,'65'!C35,'66'!C35,'67'!C35,'68'!C35,'69'!C35,'70'!C35,'71'!C35,'72'!C35,'73'!C35,'74'!C35,'76'!C35,'77'!C35,) -> 38.406085 | D35: =AVERAGE('51'!D35,'52'!D35,'53'!D35,'55'!D35,'56'!D35,'57'!D35,'58'!D35,'59A'!D35,'59'!D35,'60'!D35,'61'!D35,'62'!D35,'63'!D35,'64'!D35,'65'!D35,'66'!D35,'67'!D35,'68'!D35,'69'!D35,'70'!D35,'71'!D35,'72'!D35,'73'!D35,'74'!D35,'76'!D35,'77'!D35,) -> 11.507804 | E35: =AVERAGE('51'!E35,'52'!E35,'53'!E35,'55'!E35,'56'!E35,'57'!E35,'58'!E35,'59A'!E35,'59'!E35,'60'!E35,'61'!E35,'62'!E35,'63'!E35,'64'!E35,'65'!E35,'66'!E35,'67'!E35,'68'!E35,'69'!E35,'70'!E35,'71'!E35,'72'!E35,'73'!E35,'74'!E35,'76'!E35,'77'!E35,) -> 7.9062169 | F35: =AVERAGE('51'!F35,'52'!F35,'53'!F35,'55'!F35,'56'!F35,'57'!F35,'58'!F35,'59A'!F35,'59'!F35,'60'!F35,'61'!F35,'62'!F35,'63'!F35,'64'!F35,'65'!F35,'66'!F35,'67'!F35,'68'!F35,'69'!F35,'70'!F35,'71'!F35,'72'!F35,'73'!F35,'74'!F35,'76'!F35,'77'!F35,) -> 20.765873 | G35: =AVERAGE('51'!G35,'52'!G35,'53'!G35,'55'!G35,'56'!G35,'57'!G35,'58'!G35,'59A'!G35,'59'!G35,'60'!G35,'61'!G35,'62'!G35,'63'!G35,'64'!G35,'65'!G35,'66'!G35,'67'!G35,'68'!G35,'69'!G35,'70'!G35,'71'!G35,'72'!G35,'73'!G35,'74'!G35,'76'!G35,'77'!G35,) -> 0.78769841 | H35: =AVERAGE('51'!H35,'52'!H35,'53'!H35,'55'!H35,'56'!H35,'57'!H35,'58'!H35,'59A'!H35,'59'!H35,'60'!H35,'61'!H35,'62'!H35,'63'!H35,'64'!H35,'65'!H35,'66'!H35,'67'!H35,'68'!H35,'69'!H35,'70'!H35,'71'!H35,'72'!H35,'73'!H35,'74'!H35,'76'!H35,'77'!H35,) -> 0.375 | I35: =AVERAGE('51'!I35,'52'!I35,'53'!I35,'55'!I35,'56'!I35,'57'!I35,'58'!I35,'59A'!I35,'59'!I35,'60'!I35,'61'!I35,'62'!I35,'63'!I35,'64'!I35,'65'!I35,'66'!I35,'67'!I35,'68'!I35,'69'!I35,'70'!I35,'71'!I35,'72'!I35,'73'!I35,'74'!I35,'76'!I35,'77'!I35,) -> 9.3505291 | J35: =AVERAGE('51'!J35,'52'!J35,'53'!J35,'55'!J35,'56'!J35,'57'!J35,'58'!J35,'59A'!J35,'59'!J35,'60'!J35,'61'!J35,'62'!J35,'63'!J35,'64'!J35,'65'!J35,'66'!J35,'67'!J35,'68'!J35,'69'!J35,'70'!J35,'71'!J35,'72'!J35,'73'!J35,'74'!J35,'76'!J35,'77'!J35,) -> 3.1309524 | ... P35: =AVERAGE('51'!P35,'52'!P35,'53'!P35,'55'!P35,'56'!P35,'57'!P35,'58'!P35,'59A'!P35,'59'!P35,'60'!P35,'61'!P35,'62'!P35,'63'!P35,'64'!P35,'65'!P35,'66'!P35,'67'!P35,'68'!P35,'69'!P35,'70'!P35,'71'!P35,'72'!P35,'73'!P35,'74'!P35,'76'!P35,'77'!P35,) -> 162.73942 | R35: IP Peak Hr | S35: =MAX(S13:S18) -> 186.43871 | T35: =MAX(T13:T18) -> 52.96045 | U35: =MAX(U13:U18) -> 33.688228 | V35: =MAX(V13:V18) -> 87.888007 | W35: =MAX(W13:W18) -> 3.9464286 | X35: =MAX(X13:X18) -> 2.0787037 | Y35: =MAX(Y13:Y18) -> 40.431217 | Z35: =MAX(Z13:Z18) -> 13.614198 | ... AF35: =MAX(AF13:AF18) -> 731.49206
B36: 13.30 - 13.45 | C36: =AVERAGE('51'!C36,'52'!C36,'53'!C36,'55'!C36,'56'!C36,'57'!C36,'58'!C36,'59A'!C36,'59'!C36,'60'!C36,'61'!C36,'62'!C36,'63'!C36,'64'!C36,'65'!C36,'66'!C36,'67'!C36,'68'!C36,'69'!C36,'70'!C36,'71'!C36,'72'!C36,'73'!C36,'74'!C36,'76'!C36,'77'!C36,) -> 41.720899 | D36: =AVERAGE('51'!D36,'52'!D36,'53'!D36,'55'!D36,'56'!D36,'57'!D36,'58'!D36,'59A'!D36,'59'!D36,'60'!D36,'61'!D36,'62'!D36,'63'!D36,'64'!D36,'65'!D36,'66'!D36,'67'!D36,'68'!D36,'69'!D36,'70'!D36,'71'!D36,'72'!D36,'73'!D36,'74'!D36,'76'!D36,'77'!D36,) -> 12.713095 | E36: =AVERAGE('51'!E36,'52'!E36,'53'!E36,'55'!E36,'56'!E36,'57'!E36,'58'!E36,'59A'!E36,'59'!E36,'60'!E36,'61'!E36,'62'!E36,'63'!E36,'64'!E36,'65'!E36,'66'!E36,'67'!E36,'68'!E36,'69'!E36,'70'!E36,'71'!E36,'72'!E36,'73'!E36,'74'!E36,'76'!E36,'77'!E36,) -> 8.1837302 | F36: =AVERAGE('51'!F36,'52'!F36,'53'!F36,'55'!F36,'56'!F36,'57'!F36,'58'!F36,'59A'!F36,'59'!F36,'60'!F36,'61'!F36,'62'!F36,'63'!F36,'64'!F36,'65'!F36,'66'!F36,'67'!F36,'68'!F36,'69'!F36,'70'!F36,'71'!F36,'72'!F36,'73'!F36,'74'!F36,'76'!F36,'77'!F36,) -> 21.197751 | G36: =AVERAGE('51'!G36,'52'!G36,'53'!G36,'55'!G36,'56'!G36,'57'!G36,'58'!G36,'59A'!G36,'59'!G36,'60'!G36,'61'!G36,'62'!G36,'63'!G36,'64'!G36,'65'!G36,'66'!G36,'67'!G36,'68'!G36,'69'!G36,'70'!G36,'71'!G36,'72'!G36,'73'!G36,'74'!G36,'76'!G36,'77'!G36,) -> 0.69113757 | H36: =AVERAGE('51'!H36,'52'!H36,'53'!H36,'55'!H36,'56'!H36,'57'!H36,'58'!H36,'59A'!H36,'59'!H36,'60'!H36,'61'!H36,'62'!H36,'63'!H36,'64'!H36,'65'!H36,'66'!H36,'67'!H36,'68'!H36,'69'!H36,'70'!H36,'71'!H36,'72'!H36,'73'!H36,'74'!H36,'76'!H36,'77'!H36,) -> 0.51521164 | I36: =AVERAGE('51'!I36,'52'!I36,'53'!I36,'55'!I36,'56'!I36,'57'!I36,'58'!I36,'59A'!I36,'59'!I36,'60'!I36,'61'!I36,'62'!I36,'63'!I36,'64'!I36,'65'!I36,'66'!I36,'67'!I36,'68'!I36,'69'!I36,'70'!I36,'71'!I36,'72'!I36,'73'!I36,'74'!I36,'76'!I36,'77'!I36,) -> 10.591931 | J36: =AVERAGE('51'!J36,'52'!J36,'53'!J36,'55'!J36,'56'!J36,'57'!J36,'58'!J36,'59A'!J36,'59'!J36,'60'!J36,'61'!J36,'62'!J36,'63'!J36,'64'!J36,'65'!J36,'66'!J36,'67'!J36,'68'!J36,'69'!J36,'70'!J36,'71'!J36,'72'!J36,'73'!J36,'74'!J36,'76'!J36,'77'!J36,) -> 3.151455 | ... P36: =AVERAGE('51'!P36,'52'!P36,'53'!P36,'55'!P36,'56'!P36,'57'!P36,'58'!P36,'59A'!P36,'59'!P36,'60'!P36,'61'!P36,'62'!P36,'63'!P36,'64'!P36,'65'!P36,'66'!P36,'67'!P36,'68'!P36,'69'!P36,'70'!P36,'71'!P36,'72'!P36,'73'!P36,'74'!P36,'76'!P36,'77'!P36,) -> 171.2381 | R36: PM Peak Hr | S36: =MAX(S19:S21) -> 219.00728 | T36: =MAX(T19:T21) -> 64.313757 | U36: =MAX(U19:U21) -> 40.894841 | V36: =MAX(V19:V21) -> 105.71032 | W36: =MAX(W19:W21) -> 7.0425485 | X36: =MAX(X19:X21) -> 2.5806878 | Y36: =MAX(Y19:Y21) -> 40.017857 | Z36: =MAX(Z19:Z21) -> 12.115741 | ... AF36: =MAX(AF19:AF21) -> 848.5119
B37: 13.45 - 14.00 | C37: =AVERAGE('51'!C37,'52'!C37,'53'!C37,'55'!C37,'56'!C37,'57'!C37,'58'!C37,'59A'!C37,'59'!C37,'60'!C37,'61'!C37,'62'!C37,'63'!C37,'64'!C37,'65'!C37,'66'!C37,'67'!C37,'68'!C37,'69'!C37,'70'!C37,'71'!C37,'72'!C37,'73'!C37,'74'!C37,'76'!C37,'77'!C37,) -> 39.462302 | D37: =AVERAGE('51'!D37,'52'!D37,'53'!D37,'55'!D37,'56'!D37,'57'!D37,'58'!D37,'59A'!D37,'59'!D37,'60'!D37,'61'!D37,'62'!D37,'63'!D37,'64'!D37,'65'!D37,'66'!D37,'67'!D37,'68'!D37,'69'!D37,'70'!D37,'71'!D37,'72'!D37,'73'!D37,'74'!D37,'76'!D37,'77'!D37,) -> 12.728439 | E37: =AVERAGE('51'!E37,'52'!E37,'53'!E37,'55'!E37,'56'!E37,'57'!E37,'58'!E37,'59A'!E37,'59'!E37,'60'!E37,'61'!E37,'62'!E37,'63'!E37,'64'!E37,'65'!E37,'66'!E37,'67'!E37,'68'!E37,'69'!E37,'70'!E37,'71'!E37,'72'!E37,'73'!E37,'74'!E37,'76'!E37,'77'!E37,) -> 8.0533069 | F37: =AVERAGE('51'!F37,'52'!F37,'53'!F37,'55'!F37,'56'!F37,'57'!F37,'58'!F37,'59A'!F37,'59'!F37,'60'!F37,'61'!F37,'62'!F37,'63'!F37,'64'!F37,'65'!F37,'66'!F37,'67'!F37,'68'!F37,'69'!F37,'70'!F37,'71'!F37,'72'!F37,'73'!F37,'74'!F37,'76'!F37,'77'!F37,) -> 20.714947 | G37: =AVERAGE('51'!G37,'52'!G37,'53'!G37,'55'!G37,'56'!G37,'57'!G37,'58'!G37,'59A'!G37,'59'!G37,'60'!G37,'61'!G37,'62'!G37,'63'!G37,'64'!G37,'65'!G37,'66'!G37,'67'!G37,'68'!G37,'69'!G37,'70'!G37,'71'!G37,'72'!G37,'73'!G37,'74'!G37,'76'!G37,'77'!G37,) -> 0.72751323 | H37: =AVERAGE('51'!H37,'52'!H37,'53'!H37,'55'!H37,'56'!H37,'57'!H37,'58'!H37,'59A'!H37,'59'!H37,'60'!H37,'61'!H37,'62'!H37,'63'!H37,'64'!H37,'65'!H37,'66'!H37,'67'!H37,'68'!H37,'69'!H37,'70'!H37,'71'!H37,'72'!H37,'73'!H37,'74'!H37,'76'!H37,'77'!H37,) -> 0.48544974 | I37: =AVERAGE('51'!I37,'52'!I37,'53'!I37,'55'!I37,'56'!I37,'57'!I37,'58'!I37,'59A'!I37,'59'!I37,'60'!I37,'61'!I37,'62'!I37,'63'!I37,'64'!I37,'65'!I37,'66'!I37,'67'!I37,'68'!I37,'69'!I37,'70'!I37,'71'!I37,'72'!I37,'73'!I37,'74'!I37,'76'!I37,'77'!I37,) -> 9.4027778 | J37: =AVERAGE('51'!J37,'52'!J37,'53'!J37,'55'!J37,'56'!J37,'57'!J37,'58'!J37,'59A'!J37,'59'!J37,'60'!J37,'61'!J37,'62'!J37,'63'!J37,'64'!J37,'65'!J37,'66'!J37,'67'!J37,'68'!J37,'69'!J37,'70'!J37,'71'!J37,'72'!J37,'73'!J37,'74'!J37,'76'!J37,'77'!J37,) -> 3.1587302 | ... P37: =AVERAGE('51'!P37,'52'!P37,'53'!P37,'55'!P37,'56'!P37,'57'!P37,'58'!P37,'59A'!P37,'59'!P37,'60'!P37,'61'!P37,'62'!P37,'63'!P37,'64'!P37,'65'!P37,'66'!P37,'67'!P37,'68'!P37,'69'!P37,'70'!P37,'71'!P37,'72'!P37,'73'!P37,'74'!P37,'76'!P37,'77'!P37,) -> 164.96561 | R37: AM Period | S37: =SUM(S10:S12) -> 469.84656 | T37: =SUM(T10:T12) -> 142.34444 | U37: =SUM(U10:U12) -> 88.152249 | V37: =SUM(V10:V12) -> 264.37765 | W37: =SUM(W10:W12) -> 11.279762 | X37: =SUM(X10:X12) -> 5.0906085 | Y37: =SUM(Y10:Y12) -> 85.69709 | Z37: =SUM(Z10:Z12) -> 26.86067 | ... AF37: =SUM(AF10:AF12) -> 2178.4074
B38: 14.00 - 14.15 | C38: =AVERAGE('51'!C38,'52'!C38,'53'!C38,'55'!C38,'56'!C38,'57'!C38,'58'!C38,'59A'!C38,'59'!C38,'60'!C38,'61'!C38,'62'!C38,'63'!C38,'64'!C38,'65'!C38,'66'!C38,'67'!C38,'68'!C38,'69'!C38,'70'!C38,'71'!C38,'72'!C38,'73'!C38,'74'!C38,'76'!C38,'77'!C38,) -> 42.008598 | D38: =AVERAGE('51'!D38,'52'!D38,'53'!D38,'55'!D38,'56'!D38,'57'!D38,'58'!D38,'59A'!D38,'59'!D38,'60'!D38,'61'!D38,'62'!D38,'63'!D38,'64'!D38,'65'!D38,'66'!D38,'67'!D38,'68'!D38,'69'!D38,'70'!D38,'71'!D38,'72'!D38,'73'!D38,'74'!D38,'76'!D38,'77'!D38,) -> 13.351984 | E38: =AVERAGE('51'!E38,'52'!E38,'53'!E38,'55'!E38,'56'!E38,'57'!E38,'58'!E38,'59A'!E38,'59'!E38,'60'!E38,'61'!E38,'62'!E38,'63'!E38,'64'!E38,'65'!E38,'66'!E38,'67'!E38,'68'!E38,'69'!E38,'70'!E38,'71'!E38,'72'!E38,'73'!E38,'74'!E38,'76'!E38,'77'!E38,) -> 8.2260582 | F38: =AVERAGE('51'!F38,'52'!F38,'53'!F38,'55'!F38,'56'!F38,'57'!F38,'58'!F38,'59A'!F38,'59'!F38,'60'!F38,'61'!F38,'62'!F38,'63'!F38,'64'!F38,'65'!F38,'66'!F38,'67'!F38,'68'!F38,'69'!F38,'70'!F38,'71'!F38,'72'!F38,'73'!F38,'74'!F38,'76'!F38,'77'!F38,) -> 22.169974 | G38: =AVERAGE('51'!G38,'52'!G38,'53'!G38,'55'!G38,'56'!G38,'57'!G38,'58'!G38,'59A'!G38,'59'!G38,'60'!G38,'61'!G38,'62'!G38,'63'!G38,'64'!G38,'65'!G38,'66'!G38,'67'!G38,'68'!G38,'69'!G38,'70'!G38,'71'!G38,'72'!G38,'73'!G38,'74'!G38,'76'!G38,'77'!G38,) -> 0.90343915 | H38: =AVERAGE('51'!H38,'52'!H38,'53'!H38,'55'!H38,'56'!H38,'57'!H38,'58'!H38,'59A'!H38,'59'!H38,'60'!H38,'61'!H38,'62'!H38,'63'!H38,'64'!H38,'65'!H38,'66'!H38,'67'!H38,'68'!H38,'69'!H38,'70'!H38,'71'!H38,'72'!H38,'73'!H38,'74'!H38,'76'!H38,'77'!H38,) -> 0.40079365 | I38: =AVERAGE('51'!I38,'52'!I38,'53'!I38,'55'!I38,'56'!I38,'57'!I38,'58'!I38,'59A'!I38,'59'!I38,'60'!I38,'61'!I38,'62'!I38,'63'!I38,'64'!I38,'65'!I38,'66'!I38,'67'!I38,'68'!I38,'69'!I38,'70'!I38,'71'!I38,'72'!I38,'73'!I38,'74'!I38,'76'!I38,'77'!I38,) -> 10.396164 | J38: =AVERAGE('51'!J38,'52'!J38,'53'!J38,'55'!J38,'56'!J38,'57'!J38,'58'!J38,'59A'!J38,'59'!J38,'60'!J38,'61'!J38,'62'!J38,'63'!J38,'64'!J38,'65'!J38,'66'!J38,'67'!J38,'68'!J38,'69'!J38,'70'!J38,'71'!J38,'72'!J38,'73'!J38,'74'!J38,'76'!J38,'77'!J38,) -> 3.651455 | ... P38: =AVERAGE('51'!P38,'52'!P38,'53'!P38,'55'!P38,'56'!P38,'57'!P38,'58'!P38,'59A'!P38,'59'!P38,'60'!P38,'61'!P38,'62'!P38,'63'!P38,'64'!P38,'65'!P38,'66'!P38,'67'!P38,'68'!P38,'69'!P38,'70'!P38,'71'!P38,'72'!P38,'73'!P38,'74'!P38,'76'!P38,'77'!P38,) -> 172.51918 | R38: IP Period | S38: =SUM(S13:S18) -> 1005.1623 | T38: =SUM(T13:T18) -> 303.13073 | U38: =SUM(U13:U18) -> 194.0496 | V38: =SUM(V13:V18) -> 520.99449 | W38: =SUM(W13:W18) -> 20.717593 | X38: =SUM(X13:X18) -> 10.723545 | Y38: =SUM(Y13:Y18) -> 235.70767 | Z38: =SUM(Z13:Z18) -> 76.324515 | ... AF38: =SUM(AF13:AF18) -> 4211.5348
B39: 14.15 - 14.30 | C39: =AVERAGE('51'!C39,'52'!C39,'53'!C39,'55'!C39,'56'!C39,'57'!C39,'58'!C39,'59A'!C39,'59'!C39,'60'!C39,'61'!C39,'62'!C39,'63'!C39,'64'!C39,'65'!C39,'66'!C39,'67'!C39,'68'!C39,'69'!C39,'70'!C39,'71'!C39,'72'!C39,'73'!C39,'74'!C39,'76'!C39,'77'!C39,) -> 42.654101 | D39: =AVERAGE('51'!D39,'52'!D39,'53'!D39,'55'!D39,'56'!D39,'57'!D39,'58'!D39,'59A'!D39,'59'!D39,'60'!D39,'61'!D39,'62'!D39,'63'!D39,'64'!D39,'65'!D39,'66'!D39,'67'!D39,'68'!D39,'69'!D39,'70'!D39,'71'!D39,'72'!D39,'73'!D39,'74'!D39,'76'!D39,'77'!D39,) -> 12.780423 | E39: =AVERAGE('51'!E39,'52'!E39,'53'!E39,'55'!E39,'56'!E39,'57'!E39,'58'!E39,'59A'!E39,'59'!E39,'60'!E39,'61'!E39,'62'!E39,'63'!E39,'64'!E39,'65'!E39,'66'!E39,'67'!E39,'68'!E39,'69'!E39,'70'!E39,'71'!E39,'72'!E39,'73'!E39,'74'!E39,'76'!E39,'77'!E39,) -> 8.5350529 | F39: =AVERAGE('51'!F39,'52'!F39,'53'!F39,'55'!F39,'56'!F39,'57'!F39,'58'!F39,'59A'!F39,'59'!F39,'60'!F39,'61'!F39,'62'!F39,'63'!F39,'64'!F39,'65'!F39,'66'!F39,'67'!F39,'68'!F39,'69'!F39,'70'!F39,'71'!F39,'72'!F39,'73'!F39,'74'!F39,'76'!F39,'77'!F39,) -> 21.580026 | G39: =AVERAGE('51'!G39,'52'!G39,'53'!G39,'55'!G39,'56'!G39,'57'!G39,'58'!G39,'59A'!G39,'59'!G39,'60'!G39,'61'!G39,'62'!G39,'63'!G39,'64'!G39,'65'!G39,'66'!G39,'67'!G39,'68'!G39,'69'!G39,'70'!G39,'71'!G39,'72'!G39,'73'!G39,'74'!G39,'76'!G39,'77'!G39,) -> 1.0092593 | H39: =AVERAGE('51'!H39,'52'!H39,'53'!H39,'55'!H39,'56'!H39,'57'!H39,'58'!H39,'59A'!H39,'59'!H39,'60'!H39,'61'!H39,'62'!H39,'63'!H39,'64'!H39,'65'!H39,'66'!H39,'67'!H39,'68'!H39,'69'!H39,'70'!H39,'71'!H39,'72'!H39,'73'!H39,'74'!H39,'76'!H39,'77'!H39,) -> 0.38558201 | I39: =AVERAGE('51'!I39,'52'!I39,'53'!I39,'55'!I39,'56'!I39,'57'!I39,'58'!I39,'59A'!I39,'59'!I39,'60'!I39,'61'!I39,'62'!I39,'63'!I39,'64'!I39,'65'!I39,'66'!I39,'67'!I39,'68'!I39,'69'!I39,'70'!I39,'71'!I39,'72'!I39,'73'!I39,'74'!I39,'76'!I39,'77'!I39,) -> 10.072751 | J39: =AVERAGE('51'!J39,'52'!J39,'53'!J39,'55'!J39,'56'!J39,'57'!J39,'58'!J39,'59A'!J39,'59'!J39,'60'!J39,'61'!J39,'62'!J39,'63'!J39,'64'!J39,'65'!J39,'66'!J39,'67'!J39,'68'!J39,'69'!J39,'70'!J39,'71'!J39,'72'!J39,'73'!J39,'74'!J39,'76'!J39,'77'!J39,) -> 3.2771164 | ... P39: =AVERAGE('51'!P39,'52'!P39,'53'!P39,'55'!P39,'56'!P39,'57'!P39,'58'!P39,'59A'!P39,'59'!P39,'60'!P39,'61'!P39,'62'!P39,'63'!P39,'64'!P39,'65'!P39,'66'!P39,'67'!P39,'68'!P39,'69'!P39,'70'!P39,'71'!P39,'72'!P39,'73'!P39,'74'!P39,'76'!P39,'77'!P39,) -> 168.64087 | R39: PM Period | S39: =SUM(S19:S21) -> 616.65079 | T39: =SUM(T19:T21) -> 189.08704 | U39: =SUM(U19:U21) -> 118.28664 | V39: =SUM(V19:V21) -> 300.46627 | W39: =SUM(W19:W21) -> 17.817681 | X39: =SUM(X19:X21) -> 7.5958995 | Y39: =SUM(Y19:Y21) -> 114.00728 | Z39: =SUM(Z19:Z21) -> 36.089947 | ... AF39: =SUM(AF19:AF21) -> 2417.6038
B40: 14.30 - 14.45 | C40: =AVERAGE('51'!C40,'52'!C40,'53'!C40,'55'!C40,'56'!C40,'57'!C40,'58'!C40,'59A'!C40,'59'!C40,'60'!C40,'61'!C40,'62'!C40,'63'!C40,'64'!C40,'65'!C40,'66'!C40,'67'!C40,'68'!C40,'69'!C40,'70'!C40,'71'!C40,'72'!C40,'73'!C40,'74'!C40,'76'!C40,'77'!C40,) -> 43.125 | D40: =AVERAGE('51'!D40,'52'!D40,'53'!D40,'55'!D40,'56'!D40,'57'!D40,'58'!D40,'59A'!D40,'59'!D40,'60'!D40,'61'!D40,'62'!D40,'63'!D40,'64'!D40,'65'!D40,'66'!D40,'67'!D40,'68'!D40,'69'!D40,'70'!D40,'71'!D40,'72'!D40,'73'!D40,'74'!D40,'76'!D40,'77'!D40,) -> 14.479233 | E40: =AVERAGE('51'!E40,'52'!E40,'53'!E40,'55'!E40,'56'!E40,'57'!E40,'58'!E40,'59A'!E40,'59'!E40,'60'!E40,'61'!E40,'62'!E40,'63'!E40,'64'!E40,'65'!E40,'66'!E40,'67'!E40,'68'!E40,'69'!E40,'70'!E40,'71'!E40,'72'!E40,'73'!E40,'74'!E40,'76'!E40,'77'!E40,) -> 8.1642857 | F40: =AVERAGE('51'!F40,'52'!F40,'53'!F40,'55'!F40,'56'!F40,'57'!F40,'58'!F40,'59A'!F40,'59'!F40,'60'!F40,'61'!F40,'62'!F40,'63'!F40,'64'!F40,'65'!F40,'66'!F40,'67'!F40,'68'!F40,'69'!F40,'70'!F40,'71'!F40,'72'!F40,'73'!F40,'74'!F40,'76'!F40,'77'!F40,) -> 21.882937 | G40: =AVERAGE('51'!G40,'52'!G40,'53'!G40,'55'!G40,'56'!G40,'57'!G40,'58'!G40,'59A'!G40,'59'!G40,'60'!G40,'61'!G40,'62'!G40,'63'!G40,'64'!G40,'65'!G40,'66'!G40,'67'!G40,'68'!G40,'69'!G40,'70'!G40,'71'!G40,'72'!G40,'73'!G40,'74'!G40,'76'!G40,'77'!G40,) -> 0.93518519 | H40: =AVERAGE('51'!H40,'52'!H40,'53'!H40,'55'!H40,'56'!H40,'57'!H40,'58'!H40,'59A'!H40,'59'!H40,'60'!H40,'61'!H40,'62'!H40,'63'!H40,'64'!H40,'65'!H40,'66'!H40,'67'!H40,'68'!H40,'69'!H40,'70'!H40,'71'!H40,'72'!H40,'73'!H40,'74'!H40,'76'!H40,'77'!H40,) -> 0.48611111 | I40: =AVERAGE('51'!I40,'52'!I40,'53'!I40,'55'!I40,'56'!I40,'57'!I40,'58'!I40,'59A'!I40,'59'!I40,'60'!I40,'61'!I40,'62'!I40,'63'!I40,'64'!I40,'65'!I40,'66'!I40,'67'!I40,'68'!I40,'69'!I40,'70'!I40,'71'!I40,'72'!I40,'73'!I40,'74'!I40,'76'!I40,'77'!I40,) -> 9.9742063 | J40: =AVERAGE('51'!J40,'52'!J40,'53'!J40,'55'!J40,'56'!J40,'57'!J40,'58'!J40,'59A'!J40,'59'!J40,'60'!J40,'61'!J40,'62'!J40,'63'!J40,'64'!J40,'65'!J40,'66'!J40,'67'!J40,'68'!J40,'69'!J40,'70'!J40,'71'!J40,'72'!J40,'73'!J40,'74'!J40,'76'!J40,'77'!J40,) -> 3.0231481 | ... P40: =AVERAGE('51'!P40,'52'!P40,'53'!P40,'55'!P40,'56'!P40,'57'!P40,'58'!P40,'59A'!P40,'59'!P40,'60'!P40,'61'!P40,'62'!P40,'63'!P40,'64'!P40,'65'!P40,'66'!P40,'67'!P40,'68'!P40,'69'!P40,'70'!P40,'71'!P40,'72'!P40,'73'!P40,'74'!P40,'76'!P40,'77'!P40,) -> 171.08796 | R40: 12 Hours | S40: =SUM(S10:S21) -> 2091.6596 | T40: =SUM(T10:T21) -> 634.56221 | U40: =SUM(U10:U21) -> 400.48849 | V40: =SUM(V10:V21) -> 1085.8384 | W40: =SUM(W10:W21) -> 49.815035 | X40: =SUM(X10:X21) -> 23.410053 | Y40: =SUM(Y10:Y21) -> 435.41204 | Z40: =SUM(Z10:Z21) -> 139.27513 | ... AF40: =SUM(AF10:AF21) -> 8807.5461
B41: 14.45 - 15.00 | C41: =AVERAGE('51'!C41,'52'!C41,'53'!C41,'55'!C41,'56'!C41,'57'!C41,'58'!C41,'59A'!C41,'59'!C41,'60'!C41,'61'!C41,'62'!C41,'63'!C41,'64'!C41,'65'!C41,'66'!C41,'67'!C41,'68'!C41,'69'!C41,'70'!C41,'71'!C41,'72'!C41,'73'!C41,'74'!C41,'76'!C41,'77'!C41,) -> 44.187169 | D41: =AVERAGE('51'!D41,'52'!D41,'53'!D41,'55'!D41,'56'!D41,'57'!D41,'58'!D41,'59A'!D41,'59'!D41,'60'!D41,'61'!D41,'62'!D41,'63'!D41,'64'!D41,'65'!D41,'66'!D41,'67'!D41,'68'!D41,'69'!D41,'70'!D41,'71'!D41,'72'!D41,'73'!D41,'74'!D41,'76'!D41,'77'!D41,) -> 12.34881 | E41: =AVERAGE('51'!E41,'52'!E41,'53'!E41,'55'!E41,'56'!E41,'57'!E41,'58'!E41,'59A'!E41,'59'!E41,'60'!E41,'61'!E41,'62'!E41,'63'!E41,'64'!E41,'65'!E41,'66'!E41,'67'!E41,'68'!E41,'69'!E41,'70'!E41,'71'!E41,'72'!E41,'73'!E41,'74'!E41,'76'!E41,'77'!E41,) -> 8.1630952 | F41: =AVERAGE('51'!F41,'52'!F41,'53'!F41,'55'!F41,'56'!F41,'57'!F41,'58'!F41,'59A'!F41,'59'!F41,'60'!F41,'61'!F41,'62'!F41,'63'!F41,'64'!F41,'65'!F41,'66'!F41,'67'!F41,'68'!F41,'69'!F41,'70'!F41,'71'!F41,'72'!F41,'73'!F41,'74'!F41,'76'!F41,'77'!F41,) -> 21.816799 | G41: =AVERAGE('51'!G41,'52'!G41,'53'!G41,'55'!G41,'56'!G41,'57'!G41,'58'!G41,'59A'!G41,'59'!G41,'60'!G41,'61'!G41,'62'!G41,'63'!G41,'64'!G41,'65'!G41,'66'!G41,'67'!G41,'68'!G41,'69'!G41,'70'!G41,'71'!G41,'72'!G41,'73'!G41,'74'!G41,'76'!G41,'77'!G41,) -> 0.95701058 | H41: =AVERAGE('51'!H41,'52'!H41,'53'!H41,'55'!H41,'56'!H41,'57'!H41,'58'!H41,'59A'!H41,'59'!H41,'60'!H41,'61'!H41,'62'!H41,'63'!H41,'64'!H41,'65'!H41,'66'!H41,'67'!H41,'68'!H41,'69'!H41,'70'!H41,'71'!H41,'72'!H41,'73'!H41,'74'!H41,'76'!H41,'77'!H41,) -> 0.43915344 | I41: =AVERAGE('51'!I41,'52'!I41,'53'!I41,'55'!I41,'56'!I41,'57'!I41,'58'!I41,'59A'!I41,'59'!I41,'60'!I41,'61'!I41,'62'!I41,'63'!I41,'64'!I41,'65'!I41,'66'!I41,'67'!I41,'68'!I41,'69'!I41,'70'!I41,'71'!I41,'72'!I41,'73'!I41,'74'!I41,'76'!I41,'77'!I41,) -> 9.9880952 | J41: =AVERAGE('51'!J41,'52'!J41,'53'!J41,'55'!J41,'56'!J41,'57'!J41,'58'!J41,'59A'!J41,'59'!J41,'60'!J41,'61'!J41,'62'!J41,'63'!J41,'64'!J41,'65'!J41,'66'!J41,'67'!J41,'68'!J41,'69'!J41,'70'!J41,'71'!J41,'72'!J41,'73'!J41,'74'!J41,'76'!J41,'77'!J41,) -> 3.1997354 | ... P41: =AVERAGE('51'!P41,'52'!P41,'53'!P41,'55'!P41,'56'!P41,'57'!P41,'58'!P41,'59A'!P41,'59'!P41,'60'!P41,'61'!P41,'62'!P41,'63'!P41,'64'!P41,'65'!P41,'66'!P41,'67'!P41,'68'!P41,'69'!P41,'70'!P41,'71'!P41,'72'!P41,'73'!P41,'74'!P41,'76'!P41,'77'!P41,) -> 169.49934 | R41: 24 Hours | S41: =SUM(S10:S33) -> 3094.6872 | T41: =SUM(T10:T33) -> 950.066 | U41: =SUM(U10:U33) -> 575.90158 | V41: =SUM(V10:V33) -> 1572.8198 | W41: =SUM(W10:W33) -> 81.635534 | X41: =SUM(X10:X33) -> 47.124772 | Y41: =SUM(Y10:Y33) -> 629.22794 | Z41: =SUM(Z10:Z33) -> 234.56498 | ... AF41: =SUM(AF10:AF33) -> 12806.391
B42: 15.00 - 15.15 | C42: =AVERAGE('51'!C42,'52'!C42,'53'!C42,'55'!C42,'56'!C42,'57'!C42,'58'!C42,'59A'!C42,'59'!C42,'60'!C42,'61'!C42,'62'!C42,'63'!C42,'64'!C42,'65'!C42,'66'!C42,'67'!C42,'68'!C42,'69'!C42,'70'!C42,'71'!C42,'72'!C42,'73'!C42,'74'!C42,'76'!C42,'77'!C42,) -> 47.145503 | D42: =AVERAGE('51'!D42,'52'!D42,'53'!D42,'55'!D42,'56'!D42,'57'!D42,'58'!D42,'59A'!D42,'59'!D42,'60'!D42,'61'!D42,'62'!D42,'63'!D42,'64'!D42,'65'!D42,'66'!D42,'67'!D42,'68'!D42,'69'!D42,'70'!D42,'71'!D42,'72'!D42,'73'!D42,'74'!D42,'76'!D42,'77'!D42,) -> 12.765079 | E42: =AVERAGE('51'!E42,'52'!E42,'53'!E42,'55'!E42,'56'!E42,'57'!E42,'58'!E42,'59A'!E42,'59'!E42,'60'!E42,'61'!E42,'62'!E42,'63'!E42,'64'!E42,'65'!E42,'66'!E42,'67'!E42,'68'!E42,'69'!E42,'70'!E42,'71'!E42,'72'!E42,'73'!E42,'74'!E42,'76'!E42,'77'!E42,) -> 8.459127 | F42: =AVERAGE('51'!F42,'52'!F42,'53'!F42,'55'!F42,'56'!F42,'57'!F42,'58'!F42,'59A'!F42,'59'!F42,'60'!F42,'61'!F42,'62'!F42,'63'!F42,'64'!F42,'65'!F42,'66'!F42,'67'!F42,'68'!F42,'69'!F42,'70'!F42,'71'!F42,'72'!F42,'73'!F42,'74'!F42,'76'!F42,'77'!F42,) -> 22.301587 | G42: =AVERAGE('51'!G42,'52'!G42,'53'!G42,'55'!G42,'56'!G42,'57'!G42,'58'!G42,'59A'!G42,'59'!G42,'60'!G42,'61'!G42,'62'!G42,'63'!G42,'64'!G42,'65'!G42,'66'!G42,'67'!G42,'68'!G42,'69'!G42,'70'!G42,'71'!G42,'72'!G42,'73'!G42,'74'!G42,'76'!G42,'77'!G42,) -> 0.70304233 | H42: =AVERAGE('51'!H42,'52'!H42,'53'!H42,'55'!H42,'56'!H42,'57'!H42,'58'!H42,'59A'!H42,'59'!H42,'60'!H42,'61'!H42,'62'!H42,'63'!H42,'64'!H42,'65'!H42,'66'!H42,'67'!H42,'68'!H42,'69'!H42,'70'!H42,'71'!H42,'72'!H42,'73'!H42,'74'!H42,'76'!H42,'77'!H42,) -> 0.52050265 | I42: =AVERAGE('51'!I42,'52'!I42,'53'!I42,'55'!I42,'56'!I42,'57'!I42,'58'!I42,'59A'!I42,'59'!I42,'60'!I42,'61'!I42,'62'!I42,'63'!I42,'64'!I42,'65'!I42,'66'!I42,'67'!I42,'68'!I42,'69'!I42,'70'!I42,'71'!I42,'72'!I42,'73'!I42,'74'!I42,'76'!I42,'77'!I42,) -> 9.6501323 | J42: =AVERAGE('51'!J42,'52'!J42,'53'!J42,'55'!J42,'56'!J42,'57'!J42,'58'!J42,'59A'!J42,'59'!J42,'60'!J42,'61'!J42,'62'!J42,'63'!J42,'64'!J42,'65'!J42,'66'!J42,'67'!J42,'68'!J42,'69'!J42,'70'!J42,'71'!J42,'72'!J42,'73'!J42,'74'!J42,'76'!J42,'77'!J42,) -> 3.3419312 | ... P42: =AVERAGE('51'!P42,'52'!P42,'53'!P42,'55'!P42,'56'!P42,'57'!P42,'58'!P42,'59A'!P42,'59'!P42,'60'!P42,'61'!P42,'62'!P42,'63'!P42,'64'!P42,'65'!P42,'66'!P42,'67'!P42,'68'!P42,'69'!P42,'70'!P42,'71'!P42,'72'!P42,'73'!P42,'74'!P42,'76'!P42,'77'!P42,) -> 176.37897 | R42: NEF | S42: =S41/S40 -> 1.4795367 | T42: =T41/T40 -> 1.4971991 | U42: =U41/U40 -> 1.4379978 | V42: =V41/V40 -> 1.4484842 | W42: =W41/W40 -> 1.638773 | X42: =X41/X40 -> 2.0130143 | Y42: =Y41/Y40 -> 1.4451322 | Z42: =Z41/Z40 -> 1.6841842 | ... AF42: =AF41/AF40 -> 1.4540248
B43: 15.15 - 15.30 | C43: =AVERAGE('51'!C43,'52'!C43,'53'!C43,'55'!C43,'56'!C43,'57'!C43,'58'!C43,'59A'!C43,'59'!C43,'60'!C43,'61'!C43,'62'!C43,'63'!C43,'64'!C43,'65'!C43,'66'!C43,'67'!C43,'68'!C43,'69'!C43,'70'!C43,'71'!C43,'72'!C43,'73'!C43,'74'!C43,'76'!C43,'77'!C43,) -> 44.562831 | D43: =AVERAGE('51'!D43,'52'!D43,'53'!D43,'55'!D43,'56'!D43,'57'!D43,'58'!D43,'59A'!D43,'59'!D43,'60'!D43,'61'!D43,'62'!D43,'63'!D43,'64'!D43,'65'!D43,'66'!D43,'67'!D43,'68'!D43,'69'!D43,'70'!D43,'71'!D43,'72'!D43,'73'!D43,'74'!D43,'76'!D43,'77'!D43,) -> 12.808598 | E43: =AVERAGE('51'!E43,'52'!E43,'53'!E43,'55'!E43,'56'!E43,'57'!E43,'58'!E43,'59A'!E43,'59'!E43,'60'!E43,'61'!E43,'62'!E43,'63'!E43,'64'!E43,'65'!E43,'66'!E43,'67'!E43,'68'!E43,'69'!E43,'70'!E43,'71'!E43,'72'!E43,'73'!E43,'74'!E43,'76'!E43,'77'!E43,) -> 8.0895503 | F43: =AVERAGE('51'!F43,'52'!F43,'53'!F43,'55'!F43,'56'!F43,'57'!F43,'58'!F43,'59A'!F43,'59'!F43,'60'!F43,'61'!F43,'62'!F43,'63'!F43,'64'!F43,'65'!F43,'66'!F43,'67'!F43,'68'!F43,'69'!F43,'70'!F43,'71'!F43,'72'!F43,'73'!F43,'74'!F43,'76'!F43,'77'!F43,) -> 20.206349 | G43: =AVERAGE('51'!G43,'52'!G43,'53'!G43,'55'!G43,'56'!G43,'57'!G43,'58'!G43,'59A'!G43,'59'!G43,'60'!G43,'61'!G43,'62'!G43,'63'!G43,'64'!G43,'65'!G43,'66'!G43,'67'!G43,'68'!G43,'69'!G43,'70'!G43,'71'!G43,'72'!G43,'73'!G43,'74'!G43,'76'!G43,'77'!G43,) -> 0.81283069 | H43: =AVERAGE('51'!H43,'52'!H43,'53'!H43,'55'!H43,'56'!H43,'57'!H43,'58'!H43,'59A'!H43,'59'!H43,'60'!H43,'61'!H43,'62'!H43,'63'!H43,'64'!H43,'65'!H43,'66'!H43,'67'!H43,'68'!H43,'69'!H43,'70'!H43,'71'!H43,'72'!H43,'73'!H43,'74'!H43,'76'!H43,'77'!H43,) -> 0.62301587 | I43: =AVERAGE('51'!I43,'52'!I43,'53'!I43,'55'!I43,'56'!I43,'57'!I43,'58'!I43,'59A'!I43,'59'!I43,'60'!I43,'61'!I43,'62'!I43,'63'!I43,'64'!I43,'65'!I43,'66'!I43,'67'!I43,'68'!I43,'69'!I43,'70'!I43,'71'!I43,'72'!I43,'73'!I43,'74'!I43,'76'!I43,'77'!I43,) -> 10.090608 | J43: =AVERAGE('51'!J43,'52'!J43,'53'!J43,'55'!J43,'56'!J43,'57'!J43,'58'!J43,'59A'!J43,'59'!J43,'60'!J43,'61'!J43,'62'!J43,'63'!J43,'64'!J43,'65'!J43,'66'!J43,'67'!J43,'68'!J43,'69'!J43,'70'!J43,'71'!J43,'72'!J43,'73'!J43,'74'!J43,'76'!J43,'77'!J43,) -> 3.2017196 | ... P43: =AVERAGE('51'!P43,'52'!P43,'53'!P43,'55'!P43,'56'!P43,'57'!P43,'58'!P43,'59A'!P43,'59'!P43,'60'!P43,'61'!P43,'62'!P43,'63'!P43,'64'!P43,'65'!P43,'66'!P43,'67'!P43,'68'!P43,'69'!P43,'70'!P43,'71'!P43,'72'!P43,'73'!P43,'74'!P43,'76'!P43,'77'!P43,) -> 171.22751
B44: 15.30 - 15.45 | C44: =AVERAGE('51'!C44,'52'!C44,'53'!C44,'55'!C44,'56'!C44,'57'!C44,'58'!C44,'59A'!C44,'59'!C44,'60'!C44,'61'!C44,'62'!C44,'63'!C44,'64'!C44,'65'!C44,'66'!C44,'67'!C44,'68'!C44,'69'!C44,'70'!C44,'71'!C44,'72'!C44,'73'!C44,'74'!C44,'76'!C44,'77'!C44,) -> 47.164903 | D44: =AVERAGE('51'!D44,'52'!D44,'53'!D44,'55'!D44,'56'!D44,'57'!D44,'58'!D44,'59A'!D44,'59'!D44,'60'!D44,'61'!D44,'62'!D44,'63'!D44,'64'!D44,'65'!D44,'66'!D44,'67'!D44,'68'!D44,'69'!D44,'70'!D44,'71'!D44,'72'!D44,'73'!D44,'74'!D44,'76'!D44,'77'!D44,) -> 13.215079 | E44: =AVERAGE('51'!E44,'52'!E44,'53'!E44,'55'!E44,'56'!E44,'57'!E44,'58'!E44,'59A'!E44,'59'!E44,'60'!E44,'61'!E44,'62'!E44,'63'!E44,'64'!E44,'65'!E44,'66'!E44,'67'!E44,'68'!E44,'69'!E44,'70'!E44,'71'!E44,'72'!E44,'73'!E44,'74'!E44,'76'!E44,'77'!E44,) -> 8.3252646 | F44: =AVERAGE('51'!F44,'52'!F44,'53'!F44,'55'!F44,'56'!F44,'57'!F44,'58'!F44,'59A'!F44,'59'!F44,'60'!F44,'61'!F44,'62'!F44,'63'!F44,'64'!F44,'65'!F44,'66'!F44,'67'!F44,'68'!F44,'69'!F44,'70'!F44,'71'!F44,'72'!F44,'73'!F44,'74'!F44,'76'!F44,'77'!F44,) -> 21.191799 | G44: =AVERAGE('51'!G44,'52'!G44,'53'!G44,'55'!G44,'56'!G44,'57'!G44,'58'!G44,'59A'!G44,'59'!G44,'60'!G44,'61'!G44,'62'!G44,'63'!G44,'64'!G44,'65'!G44,'66'!G44,'67'!G44,'68'!G44,'69'!G44,'70'!G44,'71'!G44,'72'!G44,'73'!G44,'74'!G44,'76'!G44,'77'!G44,) -> 0.82407407 | H44: =AVERAGE('51'!H44,'52'!H44,'53'!H44,'55'!H44,'56'!H44,'57'!H44,'58'!H44,'59A'!H44,'59'!H44,'60'!H44,'61'!H44,'62'!H44,'63'!H44,'64'!H44,'65'!H44,'66'!H44,'67'!H44,'68'!H44,'69'!H44,'70'!H44,'71'!H44,'72'!H44,'73'!H44,'74'!H44,'76'!H44,'77'!H44,) -> 0.43849206 | I44: =AVERAGE('51'!I44,'52'!I44,'53'!I44,'55'!I44,'56'!I44,'57'!I44,'58'!I44,'59A'!I44,'59'!I44,'60'!I44,'61'!I44,'62'!I44,'63'!I44,'64'!I44,'65'!I44,'66'!I44,'67'!I44,'68'!I44,'69'!I44,'70'!I44,'71'!I44,'72'!I44,'73'!I44,'74'!I44,'76'!I44,'77'!I44,) -> 10.106481 | J44: =AVERAGE('51'!J44,'52'!J44,'53'!J44,'55'!J44,'56'!J44,'57'!J44,'58'!J44,'59A'!J44,'59'!J44,'60'!J44,'61'!J44,'62'!J44,'63'!J44,'64'!J44,'65'!J44,'66'!J44,'67'!J44,'68'!J44,'69'!J44,'70'!J44,'71'!J44,'72'!J44,'73'!J44,'74'!J44,'76'!J44,'77'!J44,) -> 3.1871693 | ... P44: =AVERAGE('51'!P44,'52'!P44,'53'!P44,'55'!P44,'56'!P44,'57'!P44,'58'!P44,'59A'!P44,'59'!P44,'60'!P44,'61'!P44,'62'!P44,'63'!P44,'64'!P44,'65'!P44,'66'!P44,'67'!P44,'68'!P44,'69'!P44,'70'!P44,'71'!P44,'72'!P44,'73'!P44,'74'!P44,'76'!P44,'77'!P44,) -> 177.22663
B45: 15.45 - 16.00 | C45: =AVERAGE('51'!C45,'52'!C45,'53'!C45,'55'!C45,'56'!C45,'57'!C45,'58'!C45,'59A'!C45,'59'!C45,'60'!C45,'61'!C45,'62'!C45,'63'!C45,'64'!C45,'65'!C45,'66'!C45,'67'!C45,'68'!C45,'69'!C45,'70'!C45,'71'!C45,'72'!C45,'73'!C45,'74'!C45,'76'!C45,'77'!C45,) -> 47.565476 | D45: =AVERAGE('51'!D45,'52'!D45,'53'!D45,'55'!D45,'56'!D45,'57'!D45,'58'!D45,'59A'!D45,'59'!D45,'60'!D45,'61'!D45,'62'!D45,'63'!D45,'64'!D45,'65'!D45,'66'!D45,'67'!D45,'68'!D45,'69'!D45,'70'!D45,'71'!D45,'72'!D45,'73'!D45,'74'!D45,'76'!D45,'77'!D45,) -> 13.693651 | E45: =AVERAGE('51'!E45,'52'!E45,'53'!E45,'55'!E45,'56'!E45,'57'!E45,'58'!E45,'59A'!E45,'59'!E45,'60'!E45,'61'!E45,'62'!E45,'63'!E45,'64'!E45,'65'!E45,'66'!E45,'67'!E45,'68'!E45,'69'!E45,'70'!E45,'71'!E45,'72'!E45,'73'!E45,'74'!E45,'76'!E45,'77'!E45,) -> 8.8142857 | F45: =AVERAGE('51'!F45,'52'!F45,'53'!F45,'55'!F45,'56'!F45,'57'!F45,'58'!F45,'59A'!F45,'59'!F45,'60'!F45,'61'!F45,'62'!F45,'63'!F45,'64'!F45,'65'!F45,'66'!F45,'67'!F45,'68'!F45,'69'!F45,'70'!F45,'71'!F45,'72'!F45,'73'!F45,'74'!F45,'76'!F45,'77'!F45,) -> 21.278439 | G45: =AVERAGE('51'!G45,'52'!G45,'53'!G45,'55'!G45,'56'!G45,'57'!G45,'58'!G45,'59A'!G45,'59'!G45,'60'!G45,'61'!G45,'62'!G45,'63'!G45,'64'!G45,'65'!G45,'66'!G45,'67'!G45,'68'!G45,'69'!G45,'70'!G45,'71'!G45,'72'!G45,'73'!G45,'74'!G45,'76'!G45,'77'!G45,) -> 0.60846561 | H45: =AVERAGE('51'!H45,'52'!H45,'53'!H45,'55'!H45,'56'!H45,'57'!H45,'58'!H45,'59A'!H45,'59'!H45,'60'!H45,'61'!H45,'62'!H45,'63'!H45,'64'!H45,'65'!H45,'66'!H45,'67'!H45,'68'!H45,'69'!H45,'70'!H45,'71'!H45,'72'!H45,'73'!H45,'74'!H45,'76'!H45,'77'!H45,) -> 0.49669312 | I45: =AVERAGE('51'!I45,'52'!I45,'53'!I45,'55'!I45,'56'!I45,'57'!I45,'58'!I45,'59A'!I45,'59'!I45,'60'!I45,'61'!I45,'62'!I45,'63'!I45,'64'!I45,'65'!I45,'66'!I45,'67'!I45,'68'!I45,'69'!I45,'70'!I45,'71'!I45,'72'!I45,'73'!I45,'74'!I45,'76'!I45,'77'!I45,) -> 9.5648148 | J45: =AVERAGE('51'!J45,'52'!J45,'53'!J45,'55'!J45,'56'!J45,'57'!J45,'58'!J45,'59A'!J45,'59'!J45,'60'!J45,'61'!J45,'62'!J45,'63'!J45,'64'!J45,'65'!J45,'66'!J45,'67'!J45,'68'!J45,'69'!J45,'70'!J45,'71'!J45,'72'!J45,'73'!J45,'74'!J45,'76'!J45,'77'!J45,) -> 3.3895503 | ... P45: =AVERAGE('51'!P45,'52'!P45,'53'!P45,'55'!P45,'56'!P45,'57'!P45,'58'!P45,'59A'!P45,'59'!P45,'60'!P45,'61'!P45,'62'!P45,'63'!P45,'64'!P45,'65'!P45,'66'!P45,'67'!P45,'68'!P45,'69'!P45,'70'!P45,'71'!P45,'72'!P45,'73'!P45,'74'!P45,'76'!P45,'77'!P45,) -> 176.05357
B46: 16.00 - 16.15 | C46: =AVERAGE('51'!C46,'52'!C46,'53'!C46,'55'!C46,'56'!C46,'57'!C46,'58'!C46,'59A'!C46,'59'!C46,'60'!C46,'61'!C46,'62'!C46,'63'!C46,'64'!C46,'65'!C46,'66'!C46,'67'!C46,'68'!C46,'69'!C46,'70'!C46,'71'!C46,'72'!C46,'73'!C46,'74'!C46,'76'!C46,'77'!C46,) -> 44.929233 | D46: =AVERAGE('51'!D46,'52'!D46,'53'!D46,'55'!D46,'56'!D46,'57'!D46,'58'!D46,'59A'!D46,'59'!D46,'60'!D46,'61'!D46,'62'!D46,'63'!D46,'64'!D46,'65'!D46,'66'!D46,'67'!D46,'68'!D46,'69'!D46,'70'!D46,'71'!D46,'72'!D46,'73'!D46,'74'!D46,'76'!D46,'77'!D46,) -> 15.343519 | E46: =AVERAGE('51'!E46,'52'!E46,'53'!E46,'55'!E46,'56'!E46,'57'!E46,'58'!E46,'59A'!E46,'59'!E46,'60'!E46,'61'!E46,'62'!E46,'63'!E46,'64'!E46,'65'!E46,'66'!E46,'67'!E46,'68'!E46,'69'!E46,'70'!E46,'71'!E46,'72'!E46,'73'!E46,'74'!E46,'76'!E46,'77'!E46,) -> 9.8079365 | F46: =AVERAGE('51'!F46,'52'!F46,'53'!F46,'55'!F46,'56'!F46,'57'!F46,'58'!F46,'59A'!F46,'59'!F46,'60'!F46,'61'!F46,'62'!F46,'63'!F46,'64'!F46,'65'!F46,'66'!F46,'67'!F46,'68'!F46,'69'!F46,'70'!F46,'71'!F46,'72'!F46,'73'!F46,'74'!F46,'76'!F46,'77'!F46,) -> 22.032407 | G46: =AVERAGE('51'!G46,'52'!G46,'53'!G46,'55'!G46,'56'!G46,'57'!G46,'58'!G46,'59A'!G46,'59'!G46,'60'!G46,'61'!G46,'62'!G46,'63'!G46,'64'!G46,'65'!G46,'66'!G46,'67'!G46,'68'!G46,'69'!G46,'70'!G46,'71'!G46,'72'!G46,'73'!G46,'74'!G46,'76'!G46,'77'!G46,) -> 0.7228836 | H46: =AVERAGE('51'!H46,'52'!H46,'53'!H46,'55'!H46,'56'!H46,'57'!H46,'58'!H46,'59A'!H46,'59'!H46,'60'!H46,'61'!H46,'62'!H46,'63'!H46,'64'!H46,'65'!H46,'66'!H46,'67'!H46,'68'!H46,'69'!H46,'70'!H46,'71'!H46,'72'!H46,'73'!H46,'74'!H46,'76'!H46,'77'!H46,) -> 0.61772487 | I46: =AVERAGE('51'!I46,'52'!I46,'53'!I46,'55'!I46,'56'!I46,'57'!I46,'58'!I46,'59A'!I46,'59'!I46,'60'!I46,'61'!I46,'62'!I46,'63'!I46,'64'!I46,'65'!I46,'66'!I46,'67'!I46,'68'!I46,'69'!I46,'70'!I46,'71'!I46,'72'!I46,'73'!I46,'74'!I46,'76'!I46,'77'!I46,) -> 9.8716931 | J46: =AVERAGE('51'!J46,'52'!J46,'53'!J46,'55'!J46,'56'!J46,'57'!J46,'58'!J46,'59A'!J46,'59'!J46,'60'!J46,'61'!J46,'62'!J46,'63'!J46,'64'!J46,'65'!J46,'66'!J46,'67'!J46,'68'!J46,'69'!J46,'70'!J46,'71'!J46,'72'!J46,'73'!J46,'74'!J46,'76'!J46,'77'!J46,) -> 2.7949735 | ... P46: =AVERAGE('51'!P46,'52'!P46,'53'!P46,'55'!P46,'56'!P46,'57'!P46,'58'!P46,'59A'!P46,'59'!P46,'60'!P46,'61'!P46,'62'!P46,'63'!P46,'64'!P46,'65'!P46,'66'!P46,'67'!P46,'68'!P46,'69'!P46,'70'!P46,'71'!P46,'72'!P46,'73'!P46,'74'!P46,'76'!P46,'77'!P46,) -> 181.11177
B47: 16.15 -16.30 | C47: =AVERAGE('51'!C47,'52'!C47,'53'!C47,'55'!C47,'56'!C47,'57'!C47,'58'!C47,'59A'!C47,'59'!C47,'60'!C47,'61'!C47,'62'!C47,'63'!C47,'64'!C47,'65'!C47,'66'!C47,'67'!C47,'68'!C47,'69'!C47,'70'!C47,'71'!C47,'72'!C47,'73'!C47,'74'!C47,'76'!C47,'77'!C47,) -> 46.568122 | D47: =AVERAGE('51'!D47,'52'!D47,'53'!D47,'55'!D47,'56'!D47,'57'!D47,'58'!D47,'59A'!D47,'59'!D47,'60'!D47,'61'!D47,'62'!D47,'63'!D47,'64'!D47,'65'!D47,'66'!D47,'67'!D47,'68'!D47,'69'!D47,'70'!D47,'71'!D47,'72'!D47,'73'!D47,'74'!D47,'76'!D47,'77'!D47,) -> 14.782804 | E47: =AVERAGE('51'!E47,'52'!E47,'53'!E47,'55'!E47,'56'!E47,'57'!E47,'58'!E47,'59A'!E47,'59'!E47,'60'!E47,'61'!E47,'62'!E47,'63'!E47,'64'!E47,'65'!E47,'66'!E47,'67'!E47,'68'!E47,'69'!E47,'70'!E47,'71'!E47,'72'!E47,'73'!E47,'74'!E47,'76'!E47,'77'!E47,) -> 9.0458995 | F47: =AVERAGE('51'!F47,'52'!F47,'53'!F47,'55'!F47,'56'!F47,'57'!F47,'58'!F47,'59A'!F47,'59'!F47,'60'!F47,'61'!F47,'62'!F47,'63'!F47,'64'!F47,'65'!F47,'66'!F47,'67'!F47,'68'!F47,'69'!F47,'70'!F47,'71'!F47,'72'!F47,'73'!F47,'74'!F47,'76'!F47,'77'!F47,) -> 22.114418 | G47: =AVERAGE('51'!G47,'52'!G47,'53'!G47,'55'!G47,'56'!G47,'57'!G47,'58'!G47,'59A'!G47,'59'!G47,'60'!G47,'61'!G47,'62'!G47,'63'!G47,'64'!G47,'65'!G47,'66'!G47,'67'!G47,'68'!G47,'69'!G47,'70'!G47,'71'!G47,'72'!G47,'73'!G47,'74'!G47,'76'!G47,'77'!G47,) -> 1.1494709 | H47: =AVERAGE('51'!H47,'52'!H47,'53'!H47,'55'!H47,'56'!H47,'57'!H47,'58'!H47,'59A'!H47,'59'!H47,'60'!H47,'61'!H47,'62'!H47,'63'!H47,'64'!H47,'65'!H47,'66'!H47,'67'!H47,'68'!H47,'69'!H47,'70'!H47,'71'!H47,'72'!H47,'73'!H47,'74'!H47,'76'!H47,'77'!H47,) -> 0.52777778 | I47: =AVERAGE('51'!I47,'52'!I47,'53'!I47,'55'!I47,'56'!I47,'57'!I47,'58'!I47,'59A'!I47,'59'!I47,'60'!I47,'61'!I47,'62'!I47,'63'!I47,'64'!I47,'65'!I47,'66'!I47,'67'!I47,'68'!I47,'69'!I47,'70'!I47,'71'!I47,'72'!I47,'73'!I47,'74'!I47,'76'!I47,'77'!I47,) -> 9.9186508 | J47: =AVERAGE('51'!J47,'52'!J47,'53'!J47,'55'!J47,'56'!J47,'57'!J47,'58'!J47,'59A'!J47,'59'!J47,'60'!J47,'61'!J47,'62'!J47,'63'!J47,'64'!J47,'65'!J47,'66'!J47,'67'!J47,'68'!J47,'69'!J47,'70'!J47,'71'!J47,'72'!J47,'73'!J47,'74'!J47,'76'!J47,'77'!J47,) -> 3.1216931 | ... P47: =AVERAGE('51'!P47,'52'!P47,'53'!P47,'55'!P47,'56'!P47,'57'!P47,'58'!P47,'59A'!P47,'59'!P47,'60'!P47,'61'!P47,'62'!P47,'63'!P47,'64'!P47,'65'!P47,'66'!P47,'67'!P47,'68'!P47,'69'!P47,'70'!P47,'71'!P47,'72'!P47,'73'!P47,'74'!P47,'76'!P47,'77'!P47,) -> 184.94378
B48: 16.30 -16.45 | C48: =AVERAGE('51'!C48,'52'!C48,'53'!C48,'55'!C48,'56'!C48,'57'!C48,'58'!C48,'59A'!C48,'59'!C48,'60'!C48,'61'!C48,'62'!C48,'63'!C48,'64'!C48,'65'!C48,'66'!C48,'67'!C48,'68'!C48,'69'!C48,'70'!C48,'71'!C48,'72'!C48,'73'!C48,'74'!C48,'76'!C48,'77'!C48,) -> 49.046958 | D48: =AVERAGE('51'!D48,'52'!D48,'53'!D48,'55'!D48,'56'!D48,'57'!D48,'58'!D48,'59A'!D48,'59'!D48,'60'!D48,'61'!D48,'62'!D48,'63'!D48,'64'!D48,'65'!D48,'66'!D48,'67'!D48,'68'!D48,'69'!D48,'70'!D48,'71'!D48,'72'!D48,'73'!D48,'74'!D48,'76'!D48,'77'!D48,) -> 15.812566 | E48: =AVERAGE('51'!E48,'52'!E48,'53'!E48,'55'!E48,'56'!E48,'57'!E48,'58'!E48,'59A'!E48,'59'!E48,'60'!E48,'61'!E48,'62'!E48,'63'!E48,'64'!E48,'65'!E48,'66'!E48,'67'!E48,'68'!E48,'69'!E48,'70'!E48,'71'!E48,'72'!E48,'73'!E48,'74'!E48,'76'!E48,'77'!E48,) -> 9.4863757 | F48: =AVERAGE('51'!F48,'52'!F48,'53'!F48,'55'!F48,'56'!F48,'57'!F48,'58'!F48,'59A'!F48,'59'!F48,'60'!F48,'61'!F48,'62'!F48,'63'!F48,'64'!F48,'65'!F48,'66'!F48,'67'!F48,'68'!F48,'69'!F48,'70'!F48,'71'!F48,'72'!F48,'73'!F48,'74'!F48,'76'!F48,'77'!F48,) -> 24.019841 | G48: =AVERAGE('51'!G48,'52'!G48,'53'!G48,'55'!G48,'56'!G48,'57'!G48,'58'!G48,'59A'!G48,'59'!G48,'60'!G48,'61'!G48,'62'!G48,'63'!G48,'64'!G48,'65'!G48,'66'!G48,'67'!G48,'68'!G48,'69'!G48,'70'!G48,'71'!G48,'72'!G48,'73'!G48,'74'!G48,'76'!G48,'77'!G48,) -> 1.2354497 | H48: =AVERAGE('51'!H48,'52'!H48,'53'!H48,'55'!H48,'56'!H48,'57'!H48,'58'!H48,'59A'!H48,'59'!H48,'60'!H48,'61'!H48,'62'!H48,'63'!H48,'64'!H48,'65'!H48,'66'!H48,'67'!H48,'68'!H48,'69'!H48,'70'!H48,'71'!H48,'72'!H48,'73'!H48,'74'!H48,'76'!H48,'77'!H48,) -> 0.68253968 | I48: =AVERAGE('51'!I48,'52'!I48,'53'!I48,'55'!I48,'56'!I48,'57'!I48,'58'!I48,'59A'!I48,'59'!I48,'60'!I48,'61'!I48,'62'!I48,'63'!I48,'64'!I48,'65'!I48,'66'!I48,'67'!I48,'68'!I48,'69'!I48,'70'!I48,'71'!I48,'72'!I48,'73'!I48,'74'!I48,'76'!I48,'77'!I48,) -> 10.501984 | J48: =AVERAGE('51'!J48,'52'!J48,'53'!J48,'55'!J48,'56'!J48,'57'!J48,'58'!J48,'59A'!J48,'59'!J48,'60'!J48,'61'!J48,'62'!J48,'63'!J48,'64'!J48,'65'!J48,'66'!J48,'67'!J48,'68'!J48,'69'!J48,'70'!J48,'71'!J48,'72'!J48,'73'!J48,'74'!J48,'76'!J48,'77'!J48,) -> 2.9993386 | ... P48: =AVERAGE('51'!P48,'52'!P48,'53'!P48,'55'!P48,'56'!P48,'57'!P48,'58'!P48,'59A'!P48,'59'!P48,'60'!P48,'61'!P48,'62'!P48,'63'!P48,'64'!P48,'65'!P48,'66'!P48,'67'!P48,'68'!P48,'69'!P48,'70'!P48,'71'!P48,'72'!P48,'73'!P48,'74'!P48,'76'!P48,'77'!P48,) -> 197.44511
B49: 16.45 -17.00 | C49: =AVERAGE('51'!C49,'52'!C49,'53'!C49,'55'!C49,'56'!C49,'57'!C49,'58'!C49,'59A'!C49,'59'!C49,'60'!C49,'61'!C49,'62'!C49,'63'!C49,'64'!C49,'65'!C49,'66'!C49,'67'!C49,'68'!C49,'69'!C49,'70'!C49,'71'!C49,'72'!C49,'73'!C49,'74'!C49,'76'!C49,'77'!C49,) -> 48.748016 | D49: =AVERAGE('51'!D49,'52'!D49,'53'!D49,'55'!D49,'56'!D49,'57'!D49,'58'!D49,'59A'!D49,'59'!D49,'60'!D49,'61'!D49,'62'!D49,'63'!D49,'64'!D49,'65'!D49,'66'!D49,'67'!D49,'68'!D49,'69'!D49,'70'!D49,'71'!D49,'72'!D49,'73'!D49,'74'!D49,'76'!D49,'77'!D49,) -> 15.437566 | E49: =AVERAGE('51'!E49,'52'!E49,'53'!E49,'55'!E49,'56'!E49,'57'!E49,'58'!E49,'59A'!E49,'59'!E49,'60'!E49,'61'!E49,'62'!E49,'63'!E49,'64'!E49,'65'!E49,'66'!E49,'67'!E49,'68'!E49,'69'!E49,'70'!E49,'71'!E49,'72'!E49,'73'!E49,'74'!E49,'76'!E49,'77'!E49,) -> 9.7489418 | F49: =AVERAGE('51'!F49,'52'!F49,'53'!F49,'55'!F49,'56'!F49,'57'!F49,'58'!F49,'59A'!F49,'59'!F49,'60'!F49,'61'!F49,'62'!F49,'63'!F49,'64'!F49,'65'!F49,'66'!F49,'67'!F49,'68'!F49,'69'!F49,'70'!F49,'71'!F49,'72'!F49,'73'!F49,'74'!F49,'76'!F49,'77'!F49,) -> 23.392196 | G49: =AVERAGE('51'!G49,'52'!G49,'53'!G49,'55'!G49,'56'!G49,'57'!G49,'58'!G49,'59A'!G49,'59'!G49,'60'!G49,'61'!G49,'62'!G49,'63'!G49,'64'!G49,'65'!G49,'66'!G49,'67'!G49,'68'!G49,'69'!G49,'70'!G49,'71'!G49,'72'!G49,'73'!G49,'74'!G49,'76'!G49,'77'!G49,) -> 1.5542328 | H49: =AVERAGE('51'!H49,'52'!H49,'53'!H49,'55'!H49,'56'!H49,'57'!H49,'58'!H49,'59A'!H49,'59'!H49,'60'!H49,'61'!H49,'62'!H49,'63'!H49,'64'!H49,'65'!H49,'66'!H49,'67'!H49,'68'!H49,'69'!H49,'70'!H49,'71'!H49,'72'!H49,'73'!H49,'74'!H49,'76'!H49,'77'!H49,) -> 0.67063492 | I49: =AVERAGE('51'!I49,'52'!I49,'53'!I49,'55'!I49,'56'!I49,'57'!I49,'58'!I49,'59A'!I49,'59'!I49,'60'!I49,'61'!I49,'62'!I49,'63'!I49,'64'!I49,'65'!I49,'66'!I49,'67'!I49,'68'!I49,'69'!I49,'70'!I49,'71'!I49,'72'!I49,'73'!I49,'74'!I49,'76'!I49,'77'!I49,) -> 9.7255291 | J49: =AVERAGE('51'!J49,'52'!J49,'53'!J49,'55'!J49,'56'!J49,'57'!J49,'58'!J49,'59A'!J49,'59'!J49,'60'!J49,'61'!J49,'62'!J49,'63'!J49,'64'!J49,'65'!J49,'66'!J49,'67'!J49,'68'!J49,'69'!J49,'70'!J49,'71'!J49,'72'!J49,'73'!J49,'74'!J49,'76'!J49,'77'!J49,) -> 3.0013228 | ... P49: =AVERAGE('51'!P49,'52'!P49,'53'!P49,'55'!P49,'56'!P49,'57'!P49,'58'!P49,'59A'!P49,'59'!P49,'60'!P49,'61'!P49,'62'!P49,'63'!P49,'64'!P49,'65'!P49,'66'!P49,'67'!P49,'68'!P49,'69'!P49,'70'!P49,'71'!P49,'72'!P49,'73'!P49,'74'!P49,'76'!P49,'77'!P49,) -> 192.88426
B50: 17.00 -17.15 | C50: =AVERAGE('51'!C50,'52'!C50,'53'!C50,'55'!C50,'56'!C50,'57'!C50,'58'!C50,'59A'!C50,'59'!C50,'60'!C50,'61'!C50,'62'!C50,'63'!C50,'64'!C50,'65'!C50,'66'!C50,'67'!C50,'68'!C50,'69'!C50,'70'!C50,'71'!C50,'72'!C50,'73'!C50,'74'!C50,'76'!C50,'77'!C50,) -> 50.209656 | D50: =AVERAGE('51'!D50,'52'!D50,'53'!D50,'55'!D50,'56'!D50,'57'!D50,'58'!D50,'59A'!D50,'59'!D50,'60'!D50,'61'!D50,'62'!D50,'63'!D50,'64'!D50,'65'!D50,'66'!D50,'67'!D50,'68'!D50,'69'!D50,'70'!D50,'71'!D50,'72'!D50,'73'!D50,'74'!D50,'76'!D50,'77'!D50,) -> 16.101852 | E50: =AVERAGE('51'!E50,'52'!E50,'53'!E50,'55'!E50,'56'!E50,'57'!E50,'58'!E50,'59A'!E50,'59'!E50,'60'!E50,'61'!E50,'62'!E50,'63'!E50,'64'!E50,'65'!E50,'66'!E50,'67'!E50,'68'!E50,'69'!E50,'70'!E50,'71'!E50,'72'!E50,'73'!E50,'74'!E50,'76'!E50,'77'!E50,) -> 10.121032 | F50: =AVERAGE('51'!F50,'52'!F50,'53'!F50,'55'!F50,'56'!F50,'57'!F50,'58'!F50,'59A'!F50,'59'!F50,'60'!F50,'61'!F50,'62'!F50,'63'!F50,'64'!F50,'65'!F50,'66'!F50,'67'!F50,'68'!F50,'69'!F50,'70'!F50,'71'!F50,'72'!F50,'73'!F50,'74'!F50,'76'!F50,'77'!F50,) -> 24.009259 | G50: =AVERAGE('51'!G50,'52'!G50,'53'!G50,'55'!G50,'56'!G50,'57'!G50,'58'!G50,'59A'!G50,'59'!G50,'60'!G50,'61'!G50,'62'!G50,'63'!G50,'64'!G50,'65'!G50,'66'!G50,'67'!G50,'68'!G50,'69'!G50,'70'!G50,'71'!G50,'72'!G50,'73'!G50,'74'!G50,'76'!G50,'77'!G50,) -> 1.2625661 | H50: =AVERAGE('51'!H50,'52'!H50,'53'!H50,'55'!H50,'56'!H50,'57'!H50,'58'!H50,'59A'!H50,'59'!H50,'60'!H50,'61'!H50,'62'!H50,'63'!H50,'64'!H50,'65'!H50,'66'!H50,'67'!H50,'68'!H50,'69'!H50,'70'!H50,'71'!H50,'72'!H50,'73'!H50,'74'!H50,'76'!H50,'77'!H50,) -> 0.73941799 | I50: =AVERAGE('51'!I50,'52'!I50,'53'!I50,'55'!I50,'56'!I50,'57'!I50,'58'!I50,'59A'!I50,'59'!I50,'60'!I50,'61'!I50,'62'!I50,'63'!I50,'64'!I50,'65'!I50,'66'!I50,'67'!I50,'68'!I50,'69'!I50,'70'!I50,'71'!I50,'72'!I50,'73'!I50,'74'!I50,'76'!I50,'77'!I50,) -> 9.255291 | J50: =AVERAGE('51'!J50,'52'!J50,'53'!J50,'55'!J50,'56'!J50,'57'!J50,'58'!J50,'59A'!J50,'59'!J50,'60'!J50,'61'!J50,'62'!J50,'63'!J50,'64'!J50,'65'!J50,'66'!J50,'67'!J50,'68'!J50,'69'!J50,'70'!J50,'71'!J50,'72'!J50,'73'!J50,'74'!J50,'76'!J50,'77'!J50,) -> 3.0873016 | ... P50: =AVERAGE('51'!P50,'52'!P50,'53'!P50,'55'!P50,'56'!P50,'57'!P50,'58'!P50,'59A'!P50,'59'!P50,'60'!P50,'61'!P50,'62'!P50,'63'!P50,'64'!P50,'65'!P50,'66'!P50,'67'!P50,'68'!P50,'69'!P50,'70'!P50,'71'!P50,'72'!P50,'73'!P50,'74'!P50,'76'!P50,'77'!P50,) -> 196.77315
B51: 17.15 -17.30 | C51: =AVERAGE('51'!C51,'52'!C51,'53'!C51,'55'!C51,'56'!C51,'57'!C51,'58'!C51,'59A'!C51,'59'!C51,'60'!C51,'61'!C51,'62'!C51,'63'!C51,'64'!C51,'65'!C51,'66'!C51,'67'!C51,'68'!C51,'69'!C51,'70'!C51,'71'!C51,'72'!C51,'73'!C51,'74'!C51,'76'!C51,'77'!C51,) -> 51.806217 | D51: =AVERAGE('51'!D51,'52'!D51,'53'!D51,'55'!D51,'56'!D51,'57'!D51,'58'!D51,'59A'!D51,'59'!D51,'60'!D51,'61'!D51,'62'!D51,'63'!D51,'64'!D51,'65'!D51,'66'!D51,'67'!D51,'68'!D51,'69'!D51,'70'!D51,'71'!D51,'72'!D51,'73'!D51,'74'!D51,'76'!D51,'77'!D51,) -> 16.202646 | E51: =AVERAGE('51'!E51,'52'!E51,'53'!E51,'55'!E51,'56'!E51,'57'!E51,'58'!E51,'59A'!E51,'59'!E51,'60'!E51,'61'!E51,'62'!E51,'63'!E51,'64'!E51,'65'!E51,'66'!E51,'67'!E51,'68'!E51,'69'!E51,'70'!E51,'71'!E51,'72'!E51,'73'!E51,'74'!E51,'76'!E51,'77'!E51,) -> 9.6974868 | F51: =AVERAGE('51'!F51,'52'!F51,'53'!F51,'55'!F51,'56'!F51,'57'!F51,'58'!F51,'59A'!F51,'59'!F51,'60'!F51,'61'!F51,'62'!F51,'63'!F51,'64'!F51,'65'!F51,'66'!F51,'67'!F51,'68'!F51,'69'!F51,'70'!F51,'71'!F51,'72'!F51,'73'!F51,'74'!F51,'76'!F51,'77'!F51,) -> 25.380952 | G51: =AVERAGE('51'!G51,'52'!G51,'53'!G51,'55'!G51,'56'!G51,'57'!G51,'58'!G51,'59A'!G51,'59'!G51,'60'!G51,'61'!G51,'62'!G51,'63'!G51,'64'!G51,'65'!G51,'66'!G51,'67'!G51,'68'!G51,'69'!G51,'70'!G51,'71'!G51,'72'!G51,'73'!G51,'74'!G51,'76'!G51,'77'!G51,) -> 1.7612434 | H51: =AVERAGE('51'!H51,'52'!H51,'53'!H51,'55'!H51,'56'!H51,'57'!H51,'58'!H51,'59A'!H51,'59'!H51,'60'!H51,'61'!H51,'62'!H51,'63'!H51,'64'!H51,'65'!H51,'66'!H51,'67'!H51,'68'!H51,'69'!H51,'70'!H51,'71'!H51,'72'!H51,'73'!H51,'74'!H51,'76'!H51,'77'!H51,) -> 0.75727513 | I51: =AVERAGE('51'!I51,'52'!I51,'53'!I51,'55'!I51,'56'!I51,'57'!I51,'58'!I51,'59A'!I51,'59'!I51,'60'!I51,'61'!I51,'62'!I51,'63'!I51,'64'!I51,'65'!I51,'66'!I51,'67'!I51,'68'!I51,'69'!I51,'70'!I51,'71'!I51,'72'!I51,'73'!I51,'74'!I51,'76'!I51,'77'!I51,) -> 9.8710317 | J51: =AVERAGE('51'!J51,'52'!J51,'53'!J51,'55'!J51,'56'!J51,'57'!J51,'58'!J51,'59A'!J51,'59'!J51,'60'!J51,'61'!J51,'62'!J51,'63'!J51,'64'!J51,'65'!J51,'66'!J51,'67'!J51,'68'!J51,'69'!J51,'70'!J51,'71'!J51,'72'!J51,'73'!J51,'74'!J51,'76'!J51,'77'!J51,) -> 3.0132275 | ... P51: =AVERAGE('51'!P51,'52'!P51,'53'!P51,'55'!P51,'56'!P51,'57'!P51,'58'!P51,'59A'!P51,'59'!P51,'60'!P51,'61'!P51,'62'!P51,'63'!P51,'64'!P51,'65'!P51,'66'!P51,'67'!P51,'68'!P51,'69'!P51,'70'!P51,'71'!P51,'72'!P51,'73'!P51,'74'!P51,'76'!P51,'77'!P51,) -> 203.67262
B52: 17.30 -17.45 | C52: =AVERAGE('51'!C52,'52'!C52,'53'!C52,'55'!C52,'56'!C52,'57'!C52,'58'!C52,'59A'!C52,'59'!C52,'60'!C52,'61'!C52,'62'!C52,'63'!C52,'64'!C52,'65'!C52,'66'!C52,'67'!C52,'68'!C52,'69'!C52,'70'!C52,'71'!C52,'72'!C52,'73'!C52,'74'!C52,'76'!C52,'77'!C52,) -> 54.675926 | D52: =AVERAGE('51'!D52,'52'!D52,'53'!D52,'55'!D52,'56'!D52,'57'!D52,'58'!D52,'59A'!D52,'59'!D52,'60'!D52,'61'!D52,'62'!D52,'63'!D52,'64'!D52,'65'!D52,'66'!D52,'67'!D52,'68'!D52,'69'!D52,'70'!D52,'71'!D52,'72'!D52,'73'!D52,'74'!D52,'76'!D52,'77'!D52,) -> 16.579233 | E52: =AVERAGE('51'!E52,'52'!E52,'53'!E52,'55'!E52,'56'!E52,'57'!E52,'58'!E52,'59A'!E52,'59'!E52,'60'!E52,'61'!E52,'62'!E52,'63'!E52,'64'!E52,'65'!E52,'66'!E52,'67'!E52,'68'!E52,'69'!E52,'70'!E52,'71'!E52,'72'!E52,'73'!E52,'74'!E52,'76'!E52,'77'!E52,) -> 10.370503 | F52: =AVERAGE('51'!F52,'52'!F52,'53'!F52,'55'!F52,'56'!F52,'57'!F52,'58'!F52,'59A'!F52,'59'!F52,'60'!F52,'61'!F52,'62'!F52,'63'!F52,'64'!F52,'65'!F52,'66'!F52,'67'!F52,'68'!F52,'69'!F52,'70'!F52,'71'!F52,'72'!F52,'73'!F52,'74'!F52,'76'!F52,'77'!F52,) -> 28.340608 | G52: =AVERAGE('51'!G52,'52'!G52,'53'!G52,'55'!G52,'56'!G52,'57'!G52,'58'!G52,'59A'!G52,'59'!G52,'60'!G52,'61'!G52,'62'!G52,'63'!G52,'64'!G52,'65'!G52,'66'!G52,'67'!G52,'68'!G52,'69'!G52,'70'!G52,'71'!G52,'72'!G52,'73'!G52,'74'!G52,'76'!G52,'77'!G52,) -> 1.4748677 | H52: =AVERAGE('51'!H52,'52'!H52,'53'!H52,'55'!H52,'56'!H52,'57'!H52,'58'!H52,'59A'!H52,'59'!H52,'60'!H52,'61'!H52,'62'!H52,'63'!H52,'64'!H52,'65'!H52,'66'!H52,'67'!H52,'68'!H52,'69'!H52,'70'!H52,'71'!H52,'72'!H52,'73'!H52,'74'!H52,'76'!H52,'77'!H52,) -> 0.49801587 | I52: =AVERAGE('51'!I52,'52'!I52,'53'!I52,'55'!I52,'56'!I52,'57'!I52,'58'!I52,'59A'!I52,'59'!I52,'60'!I52,'61'!I52,'62'!I52,'63'!I52,'64'!I52,'65'!I52,'66'!I52,'67'!I52,'68'!I52,'69'!I52,'70'!I52,'71'!I52,'72'!I52,'73'!I52,'74'!I52,'76'!I52,'77'!I52,) -> 9.5304233 | J52: =AVERAGE('51'!J52,'52'!J52,'53'!J52,'55'!J52,'56'!J52,'57'!J52,'58'!J52,'59A'!J52,'59'!J52,'60'!J52,'61'!J52,'62'!J52,'63'!J52,'64'!J52,'65'!J52,'66'!J52,'67'!J52,'68'!J52,'69'!J52,'70'!J52,'71'!J52,'72'!J52,'73'!J52,'74'!J52,'76'!J52,'77'!J52,) -> 2.8267196 | ... P52: =AVERAGE('51'!P52,'52'!P52,'53'!P52,'55'!P52,'56'!P52,'57'!P52,'58'!P52,'59A'!P52,'59'!P52,'60'!P52,'61'!P52,'62'!P52,'63'!P52,'64'!P52,'65'!P52,'66'!P52,'67'!P52,'68'!P52,'69'!P52,'70'!P52,'71'!P52,'72'!P52,'73'!P52,'74'!P52,'76'!P52,'77'!P52,) -> 208.70701
B53: 17.45 -18.00 | C53: =AVERAGE('51'!C53,'52'!C53,'53'!C53,'55'!C53,'56'!C53,'57'!C53,'58'!C53,'59A'!C53,'59'!C53,'60'!C53,'61'!C53,'62'!C53,'63'!C53,'64'!C53,'65'!C53,'66'!C53,'67'!C53,'68'!C53,'69'!C53,'70'!C53,'71'!C53,'72'!C53,'73'!C53,'74'!C53,'76'!C53,'77'!C53,) -> 51.659392 | D53: =AVERAGE('51'!D53,'52'!D53,'53'!D53,'55'!D53,'56'!D53,'57'!D53,'58'!D53,'59A'!D53,'59'!D53,'60'!D53,'61'!D53,'62'!D53,'63'!D53,'64'!D53,'65'!D53,'66'!D53,'67'!D53,'68'!D53,'69'!D53,'70'!D53,'71'!D53,'72'!D53,'73'!D53,'74'!D53,'76'!D53,'77'!D53,) -> 15.430026 | E53: =AVERAGE('51'!E53,'52'!E53,'53'!E53,'55'!E53,'56'!E53,'57'!E53,'58'!E53,'59A'!E53,'59'!E53,'60'!E53,'61'!E53,'62'!E53,'63'!E53,'64'!E53,'65'!E53,'66'!E53,'67'!E53,'68'!E53,'69'!E53,'70'!E53,'71'!E53,'72'!E53,'73'!E53,'74'!E53,'76'!E53,'77'!E53,) -> 9.1136243 | F53: =AVERAGE('51'!F53,'52'!F53,'53'!F53,'55'!F53,'56'!F53,'57'!F53,'58'!F53,'59A'!F53,'59'!F53,'60'!F53,'61'!F53,'62'!F53,'63'!F53,'64'!F53,'65'!F53,'66'!F53,'67'!F53,'68'!F53,'69'!F53,'70'!F53,'71'!F53,'72'!F53,'73'!F53,'74'!F53,'76'!F53,'77'!F53,) -> 25.46627 | G53: =AVERAGE('51'!G53,'52'!G53,'53'!G53,'55'!G53,'56'!G53,'57'!G53,'58'!G53,'59A'!G53,'59'!G53,'60'!G53,'61'!G53,'62'!G53,'63'!G53,'64'!G53,'65'!G53,'66'!G53,'67'!G53,'68'!G53,'69'!G53,'70'!G53,'71'!G53,'72'!G53,'73'!G53,'74'!G53,'76'!G53,'77'!G53,) -> 1.614418 | H53: =AVERAGE('51'!H53,'52'!H53,'53'!H53,'55'!H53,'56'!H53,'57'!H53,'58'!H53,'59A'!H53,'59'!H53,'60'!H53,'61'!H53,'62'!H53,'63'!H53,'64'!H53,'65'!H53,'66'!H53,'67'!H53,'68'!H53,'69'!H53,'70'!H53,'71'!H53,'72'!H53,'73'!H53,'74'!H53,'76'!H53,'77'!H53,) -> 0.5218254 | I53: =AVERAGE('51'!I53,'52'!I53,'53'!I53,'55'!I53,'56'!I53,'57'!I53,'58'!I53,'59A'!I53,'59'!I53,'60'!I53,'61'!I53,'62'!I53,'63'!I53,'64'!I53,'65'!I53,'66'!I53,'67'!I53,'68'!I53,'69'!I53,'70'!I53,'71'!I53,'72'!I53,'73'!I53,'74'!I53,'76'!I53,'77'!I53,) -> 9.6216931 | J53: =AVERAGE('51'!J53,'52'!J53,'53'!J53,'55'!J53,'56'!J53,'57'!J53,'58'!J53,'59A'!J53,'59'!J53,'60'!J53,'61'!J53,'62'!J53,'63'!J53,'64'!J53,'65'!J53,'66'!J53,'67'!J53,'68'!J53,'69'!J53,'70'!J53,'71'!J53,'72'!J53,'73'!J53,'74'!J53,'76'!J53,'77'!J53,) -> 3.1296296 | ... P53: =AVERAGE('51'!P53,'52'!P53,'53'!P53,'55'!P53,'56'!P53,'57'!P53,'58'!P53,'59A'!P53,'59'!P53,'60'!P53,'61'!P53,'62'!P53,'63'!P53,'64'!P53,'65'!P53,'66'!P53,'67'!P53,'68'!P53,'69'!P53,'70'!P53,'71'!P53,'72'!P53,'73'!P53,'74'!P53,'76'!P53,'77'!P53,) -> 203.55423
B54: 18.00 - 18.15 | C54: =AVERAGE('51'!C54,'52'!C54,'53'!C54,'55'!C54,'56'!C54,'57'!C54,'58'!C54,'59A'!C54,'59'!C54,'60'!C54,'61'!C54,'62'!C54,'63'!C54,'64'!C54,'65'!C54,'66'!C54,'67'!C54,'68'!C54,'69'!C54,'70'!C54,'71'!C54,'72'!C54,'73'!C54,'74'!C54,'76'!C54,'77'!C54,) -> 55.844577 | D54: =AVERAGE('51'!D54,'52'!D54,'53'!D54,'55'!D54,'56'!D54,'57'!D54,'58'!D54,'59A'!D54,'59'!D54,'60'!D54,'61'!D54,'62'!D54,'63'!D54,'64'!D54,'65'!D54,'66'!D54,'67'!D54,'68'!D54,'69'!D54,'70'!D54,'71'!D54,'72'!D54,'73'!D54,'74'!D54,'76'!D54,'77'!D54,) -> 16.009656 | E54: =AVERAGE('51'!E54,'52'!E54,'53'!E54,'55'!E54,'56'!E54,'57'!E54,'58'!E54,'59A'!E54,'59'!E54,'60'!E54,'61'!E54,'62'!E54,'63'!E54,'64'!E54,'65'!E54,'66'!E54,'67'!E54,'68'!E54,'69'!E54,'70'!E54,'71'!E54,'72'!E54,'73'!E54,'74'!E54,'76'!E54,'77'!E54,) -> 10.162302 | F54: =AVERAGE('51'!F54,'52'!F54,'53'!F54,'55'!F54,'56'!F54,'57'!F54,'58'!F54,'59A'!F54,'59'!F54,'60'!F54,'61'!F54,'62'!F54,'63'!F54,'64'!F54,'65'!F54,'66'!F54,'67'!F54,'68'!F54,'69'!F54,'70'!F54,'71'!F54,'72'!F54,'73'!F54,'74'!F54,'76'!F54,'77'!F54,) -> 26.736772 | G54: =AVERAGE('51'!G54,'52'!G54,'53'!G54,'55'!G54,'56'!G54,'57'!G54,'58'!G54,'59A'!G54,'59'!G54,'60'!G54,'61'!G54,'62'!G54,'63'!G54,'64'!G54,'65'!G54,'66'!G54,'67'!G54,'68'!G54,'69'!G54,'70'!G54,'71'!G54,'72'!G54,'73'!G54,'74'!G54,'76'!G54,'77'!G54,) -> 1.6527778 | H54: =AVERAGE('51'!H54,'52'!H54,'53'!H54,'55'!H54,'56'!H54,'57'!H54,'58'!H54,'59A'!H54,'59'!H54,'60'!H54,'61'!H54,'62'!H54,'63'!H54,'64'!H54,'65'!H54,'66'!H54,'67'!H54,'68'!H54,'69'!H54,'70'!H54,'71'!H54,'72'!H54,'73'!H54,'74'!H54,'76'!H54,'77'!H54,) -> 0.83796296 | I54: =AVERAGE('51'!I54,'52'!I54,'53'!I54,'55'!I54,'56'!I54,'57'!I54,'58'!I54,'59A'!I54,'59'!I54,'60'!I54,'61'!I54,'62'!I54,'63'!I54,'64'!I54,'65'!I54,'66'!I54,'67'!I54,'68'!I54,'69'!I54,'70'!I54,'71'!I54,'72'!I54,'73'!I54,'74'!I54,'76'!I54,'77'!I54,) -> 9.5343915 | J54: =AVERAGE('51'!J54,'52'!J54,'53'!J54,'55'!J54,'56'!J54,'57'!J54,'58'!J54,'59A'!J54,'59'!J54,'60'!J54,'61'!J54,'62'!J54,'63'!J54,'64'!J54,'65'!J54,'66'!J54,'67'!J54,'68'!J54,'69'!J54,'70'!J54,'71'!J54,'72'!J54,'73'!J54,'74'!J54,'76'!J54,'77'!J54,) -> 3.3287037 | ... P54: =AVERAGE('51'!P54,'52'!P54,'53'!P54,'55'!P54,'56'!P54,'57'!P54,'58'!P54,'59A'!P54,'59'!P54,'60'!P54,'61'!P54,'62'!P54,'63'!P54,'64'!P54,'65'!P54,'66'!P54,'67'!P54,'68'!P54,'69'!P54,'70'!P54,'71'!P54,'72'!P54,'73'!P54,'74'!P54,'76'!P54,'77'!P54,) -> 213.03505
... B105: 06.45 - 07.00 | C105: =AVERAGE('51'!C105,'52'!C105,'53'!C105,'55'!C105,'56'!C105,'57'!C105,'58'!C105,'59A'!C105,'59'!C105,'60'!C105,'61'!C105,'62'!C105,'63'!C105,'64'!C105,'65'!C105,'66'!C105,'67'!C105,'68'!C105,'69'!C105,'70'!C105,'71'!C105,'72'!C105,'73'!C105,'74'!C105,'76'!C105,'77'!C105,) -> 29.3111 | D105: =AVERAGE('51'!D105,'52'!D105,'53'!D105,'55'!D105,'56'!D105,'57'!D105,'58'!D105,'59A'!D105,'59'!D105,'60'!D105,'61'!D105,'62'!D105,'63'!D105,'64'!D105,'65'!D105,'66'!D105,'67'!D105,'68'!D105,'69'!D105,'70'!D105,'71'!D105,'72'!D105,'73'!D105,'74'!D105,'76'!D105,'77'!D105,) -> 8.47441 | E105: =AVERAGE('51'!E105,'52'!E105,'53'!E105,'55'!E105,'56'!E105,'57'!E105,'58'!E105,'59A'!E105,'59'!E105,'60'!E105,'61'!E105,'62'!E105,'63'!E105,'64'!E105,'65'!E105,'66'!E105,'67'!E105,'68'!E105,'69'!E105,'70'!E105,'71'!E105,'72'!E105,'73'!E105,'74'!E105,'76'!E105,'77'!E105,) -> 4.8412447 | F105: =AVERAGE('51'!F105,'52'!F105,'53'!F105,'55'!F105,'56'!F105,'57'!F105,'58'!F105,'59A'!F105,'59'!F105,'60'!F105,'61'!F105,'62'!F105,'63'!F105,'64'!F105,'65'!F105,'66'!F105,'67'!F105,'68'!F105,'69'!F105,'70'!F105,'71'!F105,'72'!F105,'73'!F105,'74'!F105,'76'!F105,'77'!F105,) -> 17.528378 | G105: =AVERAGE('51'!G105,'52'!G105,'53'!G105,'55'!G105,'56'!G105,'57'!G105,'58'!G105,'59A'!G105,'59'!G105,'60'!G105,'61'!G105,'62'!G105,'63'!G105,'64'!G105,'65'!G105,'66'!G105,'67'!G105,'68'!G105,'69'!G105,'70'!G105,'71'!G105,'72'!G105,'73'!G105,'74'!G105,'76'!G105,'77'!G105,) -> 0.80542839 | H105: =AVERAGE('51'!H105,'52'!H105,'53'!H105,'55'!H105,'56'!H105,'57'!H105,'58'!H105,'59A'!H105,'59'!H105,'60'!H105,'61'!H105,'62'!H105,'63'!H105,'64'!H105,'65'!H105,'66'!H105,'67'!H105,'68'!H105,'69'!H105,'70'!H105,'71'!H105,'72'!H105,'73'!H105,'74'!H105,'76'!H105,'77'!H105,) -> 0.38419568 | I105: =AVERAGE('51'!I105,'52'!I105,'53'!I105,'55'!I105,'56'!I105,'57'!I105,'58'!I105,'59A'!I105,'59'!I105,'60'!I105,'61'!I105,'62'!I105,'63'!I105,'64'!I105,'65'!I105,'66'!I105,'67'!I105,'68'!I105,'69'!I105,'70'!I105,'71'!I105,'72'!I105,'73'!I105,'74'!I105,'76'!I105,'77'!I105,) -> 4.989532 | J105: =AVERAGE('51'!J105,'52'!J105,'53'!J105,'55'!J105,'56'!J105,'57'!J105,'58'!J105,'59A'!J105,'59'!J105,'60'!J105,'61'!J105,'62'!J105,'63'!J105,'64'!J105,'65'!J105,'66'!J105,'67'!J105,'68'!J105,'69'!J105,'70'!J105,'71'!J105,'72'!J105,'73'!J105,'74'!J105,'76'!J105,'77'!J105,) -> 2.0472668 | ... P105: =AVERAGE('51'!P105,'52'!P105,'53'!P105,'55'!P105,'56'!P105,'57'!P105,'58'!P105,'59A'!P105,'59'!P105,'60'!P105,'61'!P105,'62'!P105,'63'!P105,'64'!P105,'65'!P105,'66'!P105,'67'!P105,'68'!P105,'69'!P105,'70'!P105,'71'!P105,'72'!P105,'73'!P105,'74'!P105,'76'!P105,'77'!P105,) -> 116.61023
B106: Totals | C106: =SUM(C10:C105) -> 3094.6872 | D106: =SUM(D10:D105) -> 950.066 | E106: =SUM(E10:E105) -> 575.90158 | F106: =SUM(F10:F105) -> 1572.8198 | G106: =SUM(G10:G105) -> 81.635534 | H106: =SUM(H10:H105) -> 47.124772 | I106: =SUM(I10:I105) -> 629.22794 | J106: =SUM(J10:J105) -> 234.56498 | ... P106: =SUM(P10:P105) -> 12806.391
B107: %ges + MCs | C107: =C106/$P$106 -> 0.24165178 | D107: =D106/$P$106 -> 0.074186866 | E107: =E106/$P$106 -> 0.044969858 | F107: =F106/$P$106 -> 0.12281523 | G107: =G106/$P$106 -> 0.0063745934 | H107: =H106/$P$106 -> 0.0036797856 | I107: =I106/$P$106 -> 0.049133901 | J107: =J106/$P$106 -> 0.018316244 | ... N107: =N106/$P$106 -> 0.00033759806
B108: %ges w/o MCs | C108: =C106/$O$106 -> 0.41205951 | D108: =D106/$O$106 -> 0.12650188 | E108: =E106/$O$106 -> 0.076681651 | F108: =F106/$O$106 -> 0.20942193 | G108: =G106/$O$106 -> 0.010869822 | H108: =H106/$O$106 -> 0.0062746926 | I108: =I106/$O$106 -> 0.08378209 | J108: =J106/$O$106 -> 0.031232473 | ... N108: =N106/$O$106 -> 0.00057566508

Sheet 51
B1: Consultancy services for Preparation of Expressway Development Master Plan (EDMP) for Uganda
B2: MANUAL CLASSIFIED COUNT (MCC)
B3: ROAD NAME: | C3: ='[1]29.09 Munyonyo-Salama'!C3:G3 -> MCC - C2 - STN-51 - SALAMA ROAD
C5: Date | D5: AVERAGE WEEK | F5: Location | G5: ='[1]Avg Week Munyonyo-Salama'!G5:H5 -> MUNYONYO P/S | J5: Surveyor | K5: ='[1]Avg Week Munyonyo-Salama'!K5:L5 -> OLOYA
C6: Dir. From | D6: BOTH DIRECTIONS | F6: Dir. To | G6: BOTH DIRECTIONS | J6: Supervisor | K6: ='[1]Avg Week Munyonyo-Salama'!K6:L6 -> STEVE
B8: Time / Veh Type | R8: SUMMARY TRAFFIC VOLUMES
C9: 1. Car | D9: 2. Station Wagon | E9: 3. Pickups | F9: 4. Minibus, matatu | G9: 5. Medium bus | H9: 6. Large Bus | I9: 7. Light Truck | J9: 8. Medium Truck | K9: 9. Heavy truck | L9: 10. Truck Trailer | M9: 11. Motor cycles | N9: 12. Tractors | O9: Total Excl M/Cycles | P9: Total All | R9: Time | S9: 1. Car | T9: 2. Station Wagon | U9: 3. Pickups | V9: 4. Minibus, matatu | W9: 5. Medium bus | X9: 6. Large Bus | Y9: 7. Light Truck | Z9: 8. Medium Truck | AA9: 9. Heavy truck | AB9: 10. Truck Trailer | AC9: 11. Motorcycles | AD9: 12. Tractors, Graders | AE9: Total Excl M/ Cycles | AF9: Total All
B10: 07.00 - 07.15 | C10: ='[1]Avg Week Salama-Munyonyo'!C10+'[1]Avg Week Munyonyo-Salama'!C10 -> 44.857143 | D10: ='[1]Avg Week Salama-Munyonyo'!D10+'[1]Avg Week Munyonyo-Salama'!D10 -> 15.142857 | E10: ='[1]Avg Week Salama-Munyonyo'!E10+'[1]Avg Week Munyonyo-Salama'!E10 -> 5.4285714 | F10: ='[1]Avg Week Salama-Munyonyo'!F10+'[1]Avg Week Munyonyo-Salama'!F10 -> 30.571429 | G10: ='[1]Avg Week Salama-Munyonyo'!G10+'[1]Avg Week Munyonyo-Salama'!G10 -> 3.7142857 | H10: ='[1]Avg Week Salama-Munyonyo'!H10+'[1]Avg Week Munyonyo-Salama'!H10 -> 0.14285714 | I10: ='[1]Avg Week Salama-Munyonyo'!I10+'[1]Avg Week Munyonyo-Salama'!I10 -> 2.2857143 | J10: ='[1]Avg Week Salama-Munyonyo'!J10+'[1]Avg Week Munyonyo-Salama'!J10 -> 0.28571429 | ... N10: ='[1]Avg Week Salama-Munyonyo'!N10+'[1]Avg Week Munyonyo-Salama'!N10 -> 0 | O10: =SUM(C10:L10,N10) -> 102.57143 | P10: =SUM(C10:N10) -> 174 | R10: 0700-0800 | S10: =SUM(C10:C13) -> 209.85714 | T10: =SUM(D10:D13) -> 43.714286 | U10: =SUM(E10:E13) -> 20.428571 | V10: =SUM(F10:F13) -> 144 | W10: =SUM(G10:G13) -> 5.4285714 | X10: =SUM(H10:H13) -> 0.42857143 | Y10: =SUM(I10:I13) -> 16.285714 | Z10: =SUM(J10:J13) -> 2 | ... AF10: =SUM(P10:P13) -> 742.71429
B11: 07.15 - 07.30 | C11: ='[1]Avg Week Salama-Munyonyo'!C11+'[1]Avg Week Munyonyo-Salama'!C11 -> 59.285714 | D11: ='[1]Avg Week Salama-Munyonyo'!D11+'[1]Avg Week Munyonyo-Salama'!D11 -> 12 | E11: ='[1]Avg Week Salama-Munyonyo'!E11+'[1]Avg Week Munyonyo-Salama'!E11 -> 4 | F11: ='[1]Avg Week Salama-Munyonyo'!F11+'[1]Avg Week Munyonyo-Salama'!F11 -> 39.571429 | G11: ='[1]Avg Week Salama-Munyonyo'!G11+'[1]Avg Week Munyonyo-Salama'!G11 -> 0.71428571 | H11: ='[1]Avg Week Salama-Munyonyo'!H11+'[1]Avg Week Munyonyo-Salama'!H11 -> 0.14285714 | I11: ='[1]Avg Week Salama-Munyonyo'!I11+'[1]Avg Week Munyonyo-Salama'!I11 -> 4.5714286 | J11: ='[1]Avg Week Salama-Munyonyo'!J11+'[1]Avg Week Munyonyo-Salama'!J11 -> 0.42857143 | ... N11: ='[1]Avg Week Salama-Munyonyo'!N11+'[1]Avg Week Munyonyo-Salama'!N11 -> 0 | O11: =SUM(C11:L11,N11) -> 120.71429 | P11: =SUM(C11:N11) -> 191.14286 | R11: 0800-0900 | S11: =SUM(C14:C17) -> 193.14286 | T11: =SUM(D14:D17) -> 34.571429 | U11: =SUM(E14:E17) -> 24.571429 | V11: =SUM(F14:F17) -> 165.28571 | W11: =SUM(G14:G17) -> 1.5714286 | X11: =SUM(H14:H17) -> 0.71428571 | Y11: =SUM(I14:I17) -> 17.142857 | Z11: =SUM(J14:J17) -> 3 | ... AF11: =SUM(P14:P17) -> 793.42857
B12: 07.30 - 07.45 | C12: ='[1]Avg Week Salama-Munyonyo'!C12+'[1]Avg Week Munyonyo-Salama'!C12 -> 53 | D12: ='[1]Avg Week Salama-Munyonyo'!D12+'[1]Avg Week Munyonyo-Salama'!D12 -> 9.8571429 | E12: ='[1]Avg Week Salama-Munyonyo'!E12+'[1]Avg Week Munyonyo-Salama'!E12 -> 5.4285714 | F12: ='[1]Avg Week Salama-Munyonyo'!F12+'[1]Avg Week Munyonyo-Salama'!F12 -> 34.571429 | G12: ='[1]Avg Week Salama-Munyonyo'!G12+'[1]Avg Week Munyonyo-Salama'!G12 -> 0.42857143 | H12: ='[1]Avg Week Salama-Munyonyo'!H12+'[1]Avg Week Munyonyo-Salama'!H12 -> 0.14285714 | I12: ='[1]Avg Week Salama-Munyonyo'!I12+'[1]Avg Week Munyonyo-Salama'!I12 -> 3.7142857 | J12: ='[1]Avg Week Salama-Munyonyo'!J12+'[1]Avg Week Munyonyo-Salama'!J12 -> 0.42857143 | ... N12: ='[1]Avg Week Salama-Munyonyo'!N12+'[1]Avg Week Munyonyo-Salama'!N12 -> 0 | O12: =SUM(C12:L12,N12) -> 107.71429 | P12: =SUM(C12:N12) -> 183.85714 | R12: 0900-1000 | S12: =SUM(C18:C21) -> 161.42857 | T12: =SUM(D18:D21) -> 31.714286 | U12: =SUM(E18:E21) -> 21 | V12: =SUM(F18:F21) -> 143.42857 | W12: =SUM(G18:G21) -> 0.57142857 | X12: =SUM(H18:H21) -> 0.57142857 | Y12: =SUM(I18:I21) -> 13 | Z12: =SUM(J18:J21) -> 4.5714286 | ... AF12: =SUM(P18:P21) -> 732.71429
B13: 07.45 - 08.00 | C13: ='[1]Avg Week Salama-Munyonyo'!C13+'[1]Avg Week Munyonyo-Salama'!C13 -> 52.714286 | D13: ='[1]Avg Week Salama-Munyonyo'!D13+'[1]Avg Week Munyonyo-Salama'!D13 -> 6.7142857 | E13: ='[1]Avg Week Salama-Munyonyo'!E13+'[1]Avg Week Munyonyo-Salama'!E13 -> 5.5714286 | F13: ='[1]Avg Week Salama-Munyonyo'!F13+'[1]Avg Week Munyonyo-Salama'!F13 -> 39.285714 | G13: ='[1]Avg Week Salama-Munyonyo'!G13+'[1]Avg Week Munyonyo-Salama'!G13 -> 0.57142857 | H13: ='[1]Avg Week Salama-Munyonyo'!H13+'[1]Avg Week Munyonyo-Salama'!H13 -> 0 | I13: ='[1]Avg Week Salama-Munyonyo'!I13+'[1]Avg Week Munyonyo-Salama'!I13 -> 5.7142857 | J13: ='[1]Avg Week Salama-Munyonyo'!J13+'[1]Avg Week Munyonyo-Salama'!J13 -> 0.85714286 | ... N13: ='[1]Avg Week Salama-Munyonyo'!N13+'[1]Avg Week Munyonyo-Salama'!N13 -> 0 | O13: =SUM(C13:L13,N13) -> 111.57143 | P13: =SUM(C13:N13) -> 193.71429 | R13: 1000-1100 | S13: =SUM(C22:C25) -> 159.57143 | T13: =SUM(D22:D25) -> 25.571429 | U13: =SUM(E22:E25) -> 18.571429 | V13: =SUM(F22:F25) -> 114.28571 | W13: =SUM(G22:G25) -> 1 | X13: =SUM(H22:H25) -> 0.14285714 | Y13: =SUM(I22:I25) -> 20.142857 | Z13: =SUM(J22:J25) -> 2.2857143 | ... AF13: =SUM(P22:P25) -> 677
B14: 08.00 - 08.15 | C14: ='[1]Avg Week Salama-Munyonyo'!C14+'[1]Avg Week Munyonyo-Salama'!C14 -> 48.571429 | D14: ='[1]Avg Week Salama-Munyonyo'!D14+'[1]Avg Week Munyonyo-Salama'!D14 -> 7.8571429 | E14: ='[1]Avg Week Salama-Munyonyo'!E14+'[1]Avg Week Munyonyo-Salama'!E14 -> 5 | F14: ='[1]Avg Week Salama-Munyonyo'!F14+'[1]Avg Week Munyonyo-Salama'!F14 -> 45.428571 | G14: ='[1]Avg Week Salama-Munyonyo'!G14+'[1]Avg Week Munyonyo-Salama'!G14 -> 0.28571429 | H14: ='[1]Avg Week Salama-Munyonyo'!H14+'[1]Avg Week Munyonyo-Salama'!H14 -> 0.14285714 | I14: ='[1]Avg Week Salama-Munyonyo'!I14+'[1]Avg Week Munyonyo-Salama'!I14 -> 6.2857143 | J14: ='[1]Avg Week Salama-Munyonyo'!J14+'[1]Avg Week Munyonyo-Salama'!J14 -> 1.2857143 | ... N14: ='[1]Avg Week Salama-Munyonyo'!N14+'[1]Avg Week Munyonyo-Salama'!N14 -> 0 | O14: =SUM(C14:L14,N14) -> 115.14286 | P14: =SUM(C14:N14) -> 196 | R14: 1100-1200 | S14: =SUM(C26:C29) -> 155.85714 | T14: =SUM(D26:D29) -> 31 | U14: =SUM(E26:E29) -> 20.571429 | V14: =SUM(F26:F29) -> 111.14286 | W14: =SUM(G26:G29) -> 1.1428571 | X14: =SUM(H26:H29) -> 0.14285714 | Y14: =SUM(I26:I29) -> 25 | Z14: =SUM(J26:J29) -> 2.5714286 | ... AF14: =SUM(P26:P29) -> 695.14286
B15: 08.15 - 08.30 | C15: ='[1]Avg Week Salama-Munyonyo'!C15+'[1]Avg Week Munyonyo-Salama'!C15 -> 48.571429 | D15: ='[1]Avg Week Salama-Munyonyo'!D15+'[1]Avg Week Munyonyo-Salama'!D15 -> 7.2857143 | E15: ='[1]Avg Week Salama-Munyonyo'!E15+'[1]Avg Week Munyonyo-Salama'!E15 -> 4.1428571 | F15: ='[1]Avg Week Salama-Munyonyo'!F15+'[1]Avg Week Munyonyo-Salama'!F15 -> 46.571429 | G15: ='[1]Avg Week Salama-Munyonyo'!G15+'[1]Avg Week Munyonyo-Salama'!G15 -> 0.42857143 | H15: ='[1]Avg Week Salama-Munyonyo'!H15+'[1]Avg Week Munyonyo-Salama'!H15 -> 0.14285714 | I15: ='[1]Avg Week Salama-Munyonyo'!I15+'[1]Avg Week Munyonyo-Salama'!I15 -> 3.5714286 | J15: ='[1]Avg Week Salama-Munyonyo'!J15+'[1]Avg Week Munyonyo-Salama'!J15 -> 0.28571429 | ... N15: ='[1]Avg Week Salama-Munyonyo'!N15+'[1]Avg Week Munyonyo-Salama'!N15 -> 0 | O15: =SUM(C15:L15,N15) -> 111 | P15: =SUM(C15:N15) -> 199.71429 | R15: 1200-1300 | S15: =SUM(C30:C33) -> 169 | T15: =SUM(D30:D33) -> 30.142857 | U15: =SUM(E30:E33) -> 23.714286 | V15: =SUM(F30:F33) -> 119.14286 | W15: =SUM(G30:G33) -> 6.4285714 | X15: =SUM(H30:H33) -> 0.42857143 | Y15: =SUM(I30:I33) -> 27.571429 | Z15: =SUM(J30:J33) -> 4.4285714 | ... AF15: =SUM(P30:P33) -> 666.28571
B16: 08.30 - 08.45 | C16: ='[1]Avg Week Salama-Munyonyo'!C16+'[1]Avg Week Munyonyo-Salama'!C16 -> 49.857143 | D16: ='[1]Avg Week Salama-Munyonyo'!D16+'[1]Avg Week Munyonyo-Salama'!D16 -> 10.428571 | E16: ='[1]Avg Week Salama-Munyonyo'!E16+'[1]Avg Week Munyonyo-Salama'!E16 -> 6 | F16: ='[1]Avg Week Salama-Munyonyo'!F16+'[1]Avg Week Munyonyo-Salama'!F16 -> 34.428571 | G16: ='[1]Avg Week Salama-Munyonyo'!G16+'[1]Avg Week Munyonyo-Salama'!G16 -> 0.71428571 | H16: ='[1]Avg Week Salama-Munyonyo'!H16+'[1]Avg Week Munyonyo-Salama'!H16 -> 0 | I16: ='[1]Avg Week Salama-Munyonyo'!I16+'[1]Avg Week Munyonyo-Salama'!I16 -> 4.2857143 | J16: ='[1]Avg Week Salama-Munyonyo'!J16+'[1]Avg Week Munyonyo-Salama'!J16 -> 0.14285714 | ... N16: ='[1]Avg Week Salama-Munyonyo'!N16+'[1]Avg Week Munyonyo-Salama'!N16 -> 0 | O16: =SUM(C16:L16,N16) -> 106.14286 | P16: =SUM(C16:N16) -> 198.28571 | R16: 1300-1400 | S16: =SUM(C34:C37) -> 168.71429 | T16: =SUM(D34:D37) -> 31.285714 | U16: =SUM(E34:E37) -> 20.857143 | V16: =SUM(F34:F37) -> 117.42857 | W16: =SUM(G34:G37) -> 2 | X16: =SUM(H34:H37) -> 0.14285714 | Y16: =SUM(I34:I37) -> 26 | Z16: =SUM(J34:J37) -> 3.5714286 | ... AF16: =SUM(P34:P37) -> 674.71429
B17: 08.45 - 9.00 | C17: ='[1]Avg Week Salama-Munyonyo'!C17+'[1]Avg Week Munyonyo-Salama'!C17 -> 46.142857 | D17: ='[1]Avg Week Salama-Munyonyo'!D17+'[1]Avg Week Munyonyo-Salama'!D17 -> 9 | E17: ='[1]Avg Week Salama-Munyonyo'!E17+'[1]Avg Week Munyonyo-Salama'!E17 -> 9.4285714 | F17: ='[1]Avg Week Salama-Munyonyo'!F17+'[1]Avg Week Munyonyo-Salama'!F17 -> 38.857143 | G17: ='[1]Avg Week Salama-Munyonyo'!G17+'[1]Avg Week Munyonyo-Salama'!G17 -> 0.14285714 | H17: ='[1]Avg Week Salama-Munyonyo'!H17+'[1]Avg Week Munyonyo-Salama'!H17 -> 0.42857143 | I17: ='[1]Avg Week Salama-Munyonyo'!I17+'[1]Avg Week Munyonyo-Salama'!I17 -> 3 | J17: ='[1]Avg Week Salama-Munyonyo'!J17+'[1]Avg Week Munyonyo-Salama'!J17 -> 1.2857143 | ... N17: ='[1]Avg Week Salama-Munyonyo'!N17+'[1]Avg Week Munyonyo-Salama'!N17 -> 0 | O17: =SUM(C17:L17,N17) -> 108.28571 | P17: =SUM(C17:N17) -> 199.42857 | R17: 1400-1500 | S17: =SUM(C38:C41) -> 211.14286 | T17: =SUM(D38:D41) -> 35.571429 | U17: =SUM(E38:E41) -> 21 | V17: =SUM(F38:F41) -> 117.85714 | W17: =SUM(G38:G41) -> 1.1428571 | X17: =SUM(H38:H41) -> 0 | Y17: =SUM(I38:I41) -> 26.714286 | Z17: =SUM(J38:J41) -> 4.1428571 | ... AF17: =SUM(P38:P41) -> 705.57143
B18: 09.00 - 09.15 | C18: ='[1]Avg Week Salama-Munyonyo'!C18+'[1]Avg Week Munyonyo-Salama'!C18 -> 40.285714 | D18: ='[1]Avg Week Salama-Munyonyo'!D18+'[1]Avg Week Munyonyo-Salama'!D18 -> 8.7142857 | E18: ='[1]Avg Week Salama-Munyonyo'!E18+'[1]Avg Week Munyonyo-Salama'!E18 -> 5.8571429 | F18: ='[1]Avg Week Salama-Munyonyo'!F18+'[1]Avg Week Munyonyo-Salama'!F18 -> 42 | G18: ='[1]Avg Week Salama-Munyonyo'!G18+'[1]Avg Week Munyonyo-Salama'!G18 -> 0 | H18: ='[1]Avg Week Salama-Munyonyo'!H18+'[1]Avg Week Munyonyo-Salama'!H18 -> 0.28571429 | I18: ='[1]Avg Week Salama-Munyonyo'!I18+'[1]Avg Week Munyonyo-Salama'!I18 -> 2.4285714 | J18: ='[1]Avg Week Salama-Munyonyo'!J18+'[1]Avg Week Munyonyo-Salama'!J18 -> 0.71428571 | ... N18: ='[1]Avg Week Salama-Munyonyo'!N18+'[1]Avg Week Munyonyo-Salama'!N18 -> 0 | O18: =SUM(C18:L18,N18) -> 100.42857 | P18: =SUM(C18:N18) -> 187.57143 | R18: 1500-1600 | S18: =SUM(C42:C45) -> 226.30952 | T18: =SUM(D42:D45) -> 42.285714 | U18: =SUM(E42:E45) -> 20.142857 | V18: =SUM(F42:F45) -> 120.57143 | W18: =SUM(G42:G45) -> 4 | X18: =SUM(H42:H45) -> 0.57142857 | Y18: =SUM(I42:I45) -> 21.571429 | Z18: =SUM(J42:J45) -> 4.1428571 | ... AF18: =SUM(P42:P45) -> 735.88095
B19: 09.15 - 09.30 | C19: ='[1]Avg Week Salama-Munyonyo'!C19+'[1]Avg Week Munyonyo-Salama'!C19 -> 39.571429 | D19: ='[1]Avg Week Salama-Munyonyo'!D19+'[1]Avg Week Munyonyo-Salama'!D19 -> 8 | E19: ='[1]Avg Week Salama-Munyonyo'!E19+'[1]Avg Week Munyonyo-Salama'!E19 -> 4.5714286 | F19: ='[1]Avg Week Salama-Munyonyo'!F19+'[1]Avg Week Munyonyo-Salama'!F19 -> 37 | G19: ='[1]Avg Week Salama-Munyonyo'!G19+'[1]Avg Week Munyonyo-Salama'!G19 -> 0 | H19: ='[1]Avg Week Salama-Munyonyo'!H19+'[1]Avg Week Munyonyo-Salama'!H19 -> 0 | I19: ='[1]Avg Week Salama-Munyonyo'!I19+'[1]Avg Week Munyonyo-Salama'!I19 -> 2.7142857 | J19: ='[1]Avg Week Salama-Munyonyo'!J19+'[1]Avg Week Munyonyo-Salama'!J19 -> 0.85714286 | ... N19: ='[1]Avg Week Salama-Munyonyo'!N19+'[1]Avg Week Munyonyo-Salama'!N19 -> 0 | O19: =SUM(C19:L19,N19) -> 93 | P19: =SUM(C19:N19) -> 185.71429 | R19: 1600-1700 | S19: =SUM(C46:C49) -> 259.85714 | T19: =SUM(D46:D49) -> 35.428571 | U19: =SUM(E46:E49) -> 19.571429 | V19: =SUM(F46:F49) -> 142.85714 | W19: =SUM(G46:G49) -> 1.5714286 | X19: =SUM(H46:H49) -> 0.57142857 | Y19: =SUM(I46:I49) -> 23.571429 | Z19: =SUM(J46:J49) -> 1.8571429 | ... AF19: =SUM(P46:P49) -> 796.28571
B20: 09.30 - 09.45 | C20: ='[1]Avg Week Salama-Munyonyo'!C20+'[1]Avg Week Munyonyo-Salama'!C20 -> 37 | D20: ='[1]Avg Week Salama-Munyonyo'!D20+'[1]Avg Week Munyonyo-Salama'!D20 -> 6.4285714 | E20: ='[1]Avg Week Salama-Munyonyo'!E20+'[1]Avg Week Munyonyo-Salama'!E20 -> 5.4285714 | F20: ='[1]Avg Week Salama-Munyonyo'!F20+'[1]Avg Week Munyonyo-Salama'!F20 -> 34.571429 | G20: ='[1]Avg Week Salama-Munyonyo'!G20+'[1]Avg Week Munyonyo-Salama'!G20 -> 0.57142857 | H20: ='[1]Avg Week Salama-Munyonyo'!H20+'[1]Avg Week Munyonyo-Salama'!H20 -> 0 | I20: ='[1]Avg Week Salama-Munyonyo'!I20+'[1]Avg Week Munyonyo-Salama'!I20 -> 3.1428571 | J20: ='[1]Avg Week Salama-Munyonyo'!J20+'[1]Avg Week Munyonyo-Salama'!J20 -> 1.5714286 | ... N20: ='[1]Avg Week Salama-Munyonyo'!N20+'[1]Avg Week Munyonyo-Salama'!N20 -> 0 | O20: =SUM(C20:L20,N20) -> 88.714286 | P20: =SUM(C20:N20) -> 170.28571 | R20: 1700-1800 | S20: =SUM(C50:C53) -> 260.42857 | T20: =SUM(D50:D53) -> 47.571429 | U20: =SUM(E50:E53) -> 27.571429 | V20: =SUM(F50:F53) -> 147 | W20: =SUM(G50:G53) -> 3 | X20: =SUM(H50:H53) -> 0.85714286 | Y20: =SUM(I50:I53) -> 21.428571 | Z20: =SUM(J50:J53) -> 3.4285714 | ... AF20: =SUM(P50:P53) -> 830.71429
B21: 09.45 - 10.00 | C21: ='[1]Avg Week Salama-Munyonyo'!C21+'[1]Avg Week Munyonyo-Salama'!C21 -> 44.571429 | D21: ='[1]Avg Week Salama-Munyonyo'!D21+'[1]Avg Week Munyonyo-Salama'!D21 -> 8.5714286 | E21: ='[1]Avg Week Salama-Munyonyo'!E21+'[1]Avg Week Munyonyo-Salama'!E21 -> 5.1428571 | F21: ='[1]Avg Week Salama-Munyonyo'!F21+'[1]Avg Week Munyonyo-Salama'!F21 -> 29.857143 | G21: ='[1]Avg Week Salama-Munyonyo'!G21+'[1]Avg Week Munyonyo-Salama'!G21 -> 0 | H21: ='[1]Avg Week Salama-Munyonyo'!H21+'[1]Avg Week Munyonyo-Salama'!H21 -> 0.28571429 | I21: ='[1]Avg Week Salama-Munyonyo'!I21+'[1]Avg Week Munyonyo-Salama'!I21 -> 4.7142857 | J21: ='[1]Avg Week Salama-Munyonyo'!J21+'[1]Avg Week Munyonyo-Salama'!J21 -> 1.4285714 | ... N21: ='[1]Avg Week Salama-Munyonyo'!N21+'[1]Avg Week Munyonyo-Salama'!N21 -> 0 | O21: =SUM(C21:L21,N21) -> 94.571429 | P21: =SUM(C21:N21) -> 189.14286 | R21: 1800-1900 | S21: =SUM(C54:C57) -> 298.85714 | T21: =SUM(D54:D57) -> 43.142857 | U21: =SUM(E54:E57) -> 37.571429 | V21: =SUM(F54:F57) -> 174.14286 | W21: =SUM(G54:G57) -> 3.1666667 | X21: =SUM(H54:H57) -> 0.14285714 | Y21: =SUM(I54:I57) -> 19.857143 | Z21: =SUM(J54:J57) -> 2.4285714 | ... AF21: =SUM(P54:P57) -> 943.59524
B22: 10.00 - 10.15 | C22: ='[1]Avg Week Salama-Munyonyo'!C22+'[1]Avg Week Munyonyo-Salama'!C22 -> 37.857143 | D22: ='[1]Avg Week Salama-Munyonyo'!D22+'[1]Avg Week Munyonyo-Salama'!D22 -> 6.8571429 | E22: ='[1]Avg Week Salama-Munyonyo'!E22+'[1]Avg Week Munyonyo-Salama'!E22 -> 4.1428571 | F22: ='[1]Avg Week Salama-Munyonyo'!F22+'[1]Avg Week Munyonyo-Salama'!F22 -> 35 | G22: ='[1]Avg Week Salama-Munyonyo'!G22+'[1]Avg Week Munyonyo-Salama'!G22 -> 0.28571429 | H22: ='[1]Avg Week Salama-Munyonyo'!H22+'[1]Avg Week Munyonyo-Salama'!H22 -> 0.14285714 | I22: ='[1]Avg Week Salama-Munyonyo'!I22+'[1]Avg Week Munyonyo-Salama'!I22 -> 5 | J22: ='[1]Avg Week Salama-Munyonyo'!J22+'[1]Avg Week Munyonyo-Salama'!J22 -> 1 | ... N22: ='[1]Avg Week Salama-Munyonyo'!N22+'[1]Avg Week Munyonyo-Salama'!N22 -> 0 | O22: =SUM(C22:L22,N22) -> 90.571429 | P22: =SUM(C22:N22) -> 173.42857 | R22: 1900-2000 | S22: =SUM(C58:C61) -> 351 | T22: =SUM(D58:D61) -> 57.5 | U22: =SUM(E58:E61) -> 34 | V22: =SUM(F58:F61) -> 162 | W22: =SUM(G58:G61) -> 2.5 | X22: =SUM(H58:H61) -> 0.5 | Y22: =SUM(I58:I61) -> 17 | Z22: =SUM(J58:J61) -> 4 | ... AF22: =SUM(P58:P61) -> 1069
B23: 10.15 - 10.30 | C23: ='[1]Avg Week Salama-Munyonyo'!C23+'[1]Avg Week Munyonyo-Salama'!C23 -> 43.714286 | D23: ='[1]Avg Week Salama-Munyonyo'!D23+'[1]Avg Week Munyonyo-Salama'!D23 -> 6.8571429 | E23: ='[1]Avg Week Salama-Munyonyo'!E23+'[1]Avg Week Munyonyo-Salama'!E23 -> 5.5714286 | F23: ='[1]Avg Week Salama-Munyonyo'!F23+'[1]Avg Week Munyonyo-Salama'!F23 -> 26.857143 | G23: ='[1]Avg Week Salama-Munyonyo'!G23+'[1]Avg Week Munyonyo-Salama'!G23 -> 0.42857143 | H23: ='[1]Avg Week Salama-Munyonyo'!H23+'[1]Avg Week Munyonyo-Salama'!H23 -> 0 | I23: ='[1]Avg Week Salama-Munyonyo'!I23+'[1]Avg Week Munyonyo-Salama'!I23 -> 4.8571429 | J23: ='[1]Avg Week Salama-Munyonyo'!J23+'[1]Avg Week Munyonyo-Salama'!J23 -> 0.28571429 | ... N23: ='[1]Avg Week Salama-Munyonyo'!N23+'[1]Avg Week Munyonyo-Salama'!N23 -> 0 | O23: =SUM(C23:L23,N23) -> 88.714286 | P23: =SUM(C23:N23) -> 184.42857 | R23: 2000-2100 | S23: =SUM(C62:C65) -> 333.5 | T23: =SUM(D62:D65) -> 56.5 | U23: =SUM(E62:E65) -> 22 | V23: =SUM(F62:F65) -> 169 | W23: =SUM(G62:G65) -> 1 | X23: =SUM(H62:H65) -> 0.5 | Y23: =SUM(I62:I65) -> 17.5 | Z23: =SUM(J62:J65) -> 5 | ... AF23: =SUM(P62:P65) -> 1004.5
B24: 10.30 - 10.45 | C24: ='[1]Avg Week Salama-Munyonyo'!C24+'[1]Avg Week Munyonyo-Salama'!C24 -> 36.857143 | D24: ='[1]Avg Week Salama-Munyonyo'!D24+'[1]Avg Week Munyonyo-Salama'!D24 -> 6 | E24: ='[1]Avg Week Salama-Munyonyo'!E24+'[1]Avg Week Munyonyo-Salama'!E24 -> 4.2857143 | F24: ='[1]Avg Week Salama-Munyonyo'!F24+'[1]Avg Week Munyonyo-Salama'!F24 -> 22.142857 | G24: ='[1]Avg Week Salama-Munyonyo'!G24+'[1]Avg Week Munyonyo-Salama'!G24 -> 0 | H24: ='[1]Avg Week Salama-Munyonyo'!H24+'[1]Avg Week Munyonyo-Salama'!H24 -> 0 | I24: ='[1]Avg Week Salama-Munyonyo'!I24+'[1]Avg Week Munyonyo-Salama'!I24 -> 4.2857143 | J24: ='[1]Avg Week Salama-Munyonyo'!J24+'[1]Avg Week Munyonyo-Salama'!J24 -> 0.57142857 | ... N24: ='[1]Avg Week Salama-Munyonyo'!N24+'[1]Avg Week Munyonyo-Salama'!N24 -> 0 | O24: =SUM(C24:L24,N24) -> 74.571429 | P24: =SUM(C24:N24) -> 150.57143 | R24: 2100-2200 | S24: =SUM(C66:C69) -> 276 | T24: =SUM(D66:D69) -> 43.5 | U24: =SUM(E66:E69) -> 24.5 | V24: =SUM(F66:F69) -> 161.5 | W24: =SUM(G66:G69) -> 1 | X24: =SUM(H66:H69) -> 0 | Y24: =SUM(I66:I69) -> 17 | Z24: =SUM(J66:J69) -> 3.5 | ... AF24: =SUM(P66:P69) -> 901.5
B25: 10.45 - 11.00 | C25: ='[1]Avg Week Salama-Munyonyo'!C25+'[1]Avg Week Munyonyo-Salama'!C25 -> 41.142857 | D25: ='[1]Avg Week Salama-Munyonyo'!D25+'[1]Avg Week Munyonyo-Salama'!D25 -> 5.8571429 | E25: ='[1]Avg Week Salama-Munyonyo'!E25+'[1]Avg Week Munyonyo-Salama'!E25 -> 4.5714286 | F25: ='[1]Avg Week Salama-Munyonyo'!F25+'[1]Avg Week Munyonyo-Salama'!F25 -> 30.285714 | G25: ='[1]Avg Week Salama-Munyonyo'!G25+'[1]Avg Week Munyonyo-Salama'!G25 -> 0.28571429 | H25: ='[1]Avg Week Salama-Munyonyo'!H25+'[1]Avg Week Munyonyo-Salama'!H25 -> 0 | I25: ='[1]Avg Week Salama-Munyonyo'!I25+'[1]Avg Week Munyonyo-Salama'!I25 -> 6 | J25: ='[1]Avg Week Salama-Munyonyo'!J25+'[1]Avg Week Munyonyo-Salama'!J25 -> 0.42857143 | ... N25: ='[1]Avg Week Salama-Munyonyo'!N25+'[1]Avg Week Munyonyo-Salama'!N25 -> 0 | O25: =SUM(C25:L25,N25) -> 89 | P25: =SUM(C25:N25) -> 168.57143 | R25: 2200-2300 | S25: =SUM(C70:C73) -> 256.5 | T25: =SUM(D70:D73) -> 36.5 | U25: =SUM(E70:E73) -> 17 | V25: =SUM(F70:F73) -> 151 | W25: =SUM(G70:G73) -> 0.5 | X25: =SUM(H70:H73) -> 0 | Y25: =SUM(I70:I73) -> 8.5 | Z25: =SUM(J70:J73) -> 1 | ... AF25: =SUM(P70:P73) -> 862
B26: 11.00 - 11.15 | C26: ='[1]Avg Week Salama-Munyonyo'!C26+'[1]Avg Week Munyonyo-Salama'!C26 -> 39.571429 | D26: ='[1]Avg Week Salama-Munyonyo'!D26+'[1]Avg Week Munyonyo-Salama'!D26 -> 9.7142857 | E26: ='[1]Avg Week Salama-Munyonyo'!E26+'[1]Avg Week Munyonyo-Salama'!E26 -> 5.8571429 | F26: ='[1]Avg Week Salama-Munyonyo'!F26+'[1]Avg Week Munyonyo-Salama'!F26 -> 31 | G26: ='[1]Avg Week Salama-Munyonyo'!G26+'[1]Avg Week Munyonyo-Salama'!G26 -> 0.14285714 | H26: ='[1]Avg Week Salama-Munyonyo'!H26+'[1]Avg Week Munyonyo-Salama'!H26 -> 0 | I26: ='[1]Avg Week Salama-Munyonyo'!I26+'[1]Avg Week Munyonyo-Salama'!I26 -> 6.8571429 | J26: ='[1]Avg Week Salama-Munyonyo'!J26+'[1]Avg Week Munyonyo-Salama'!J26 -> 0.28571429 | ... N26: ='[1]Avg Week Salama-Munyonyo'!N26+'[1]Avg Week Munyonyo-Salama'!N26 -> 0 | O26: =SUM(C26:L26,N26) -> 93.571429 | P26: =SUM(C26:N26) -> 185.42857 | R26: 2300-0000 | S26: =SUM(C74:C77) -> 183.5 | T26: =SUM(D74:D77) -> 24.5 | U26: =SUM(E74:E77) -> 12.5 | V26: =SUM(F74:F77) -> 76.5 | W26: =SUM(G74:G77) -> 0 | X26: =SUM(H74:H77) -> 0 | Y26: =SUM(I74:I77) -> 4.5 | Z26: =SUM(J74:J77) -> 0.5 | ... AF26: =SUM(P74:P77) -> 568
B27: 11.15 - 11.30 | C27: ='[1]Avg Week Salama-Munyonyo'!C27+'[1]Avg Week Munyonyo-Salama'!C27 -> 39.142857 | D27: ='[1]Avg Week Salama-Munyonyo'!D27+'[1]Avg Week Munyonyo-Salama'!D27 -> 6.4285714 | E27: ='[1]Avg Week Salama-Munyonyo'!E27+'[1]Avg Week Munyonyo-Salama'!E27 -> 5.2857143 | F27: ='[1]Avg Week Salama-Munyonyo'!F27+'[1]Avg Week Munyonyo-Salama'!F27 -> 28 | G27: ='[1]Avg Week Salama-Munyonyo'!G27+'[1]Avg Week Munyonyo-Salama'!G27 -> 0.42857143 | H27: ='[1]Avg Week Salama-Munyonyo'!H27+'[1]Avg Week Munyonyo-Salama'!H27 -> 0.14285714 | I27: ='[1]Avg Week Salama-Munyonyo'!I27+'[1]Avg Week Munyonyo-Salama'!I27 -> 5.1428571 | J27: ='[1]Avg Week Salama-Munyonyo'!J27+'[1]Avg Week Munyonyo-Salama'!J27 -> 1.1428571 | ... N27: ='[1]Avg Week Salama-Munyonyo'!N27+'[1]Avg Week Munyonyo-Salama'!N27 -> 0 | O27: =SUM(C27:L27,N27) -> 86.142857 | P27: =SUM(C27:N27) -> 173.28571 | R27: 0000-0100 | S27: =SUM(C78:C81) -> 103 | T27: =SUM(D78:D81) -> 9 | U27: =SUM(E78:E81) -> 4 | V27: =SUM(F78:F81) -> 19.5 | W27: =SUM(G78:G81) -> 0 | X27: =SUM(H78:H81) -> 0 | Y27: =SUM(I78:I81) -> 2 | Z27: =SUM(J78:J81) -> 0.5 | ... AF27: =SUM(P78:P81) -> 309
B28: 11.30 - 11.45 | C28: ='[1]Avg Week Salama-Munyonyo'!C28+'[1]Avg Week Munyonyo-Salama'!C28 -> 37.142857 | D28: ='[1]Avg Week Salama-Munyonyo'!D28+'[1]Avg Week Munyonyo-Salama'!D28 -> 7.5714286 | E28: ='[1]Avg Week Salama-Munyonyo'!E28+'[1]Avg Week Munyonyo-Salama'!E28 -> 4.1428571 | F28: ='[1]Avg Week Salama-Munyonyo'!F28+'[1]Avg Week Munyonyo-Salama'!F28 -> 25 | G28: ='[1]Avg Week Salama-Munyonyo'!G28+'[1]Avg Week Munyonyo-Salama'!G28 -> 0.28571429 | H28: ='[1]Avg Week Salama-Munyonyo'!H28+'[1]Avg Week Munyonyo-Salama'!H28 -> 0 | I28: ='[1]Avg Week Salama-Munyonyo'!I28+'[1]Avg Week Munyonyo-Salama'!I28 -> 6.5714286 | J28: ='[1]Avg Week Salama-Munyonyo'!J28+'[1]Avg Week Munyonyo-Salama'!J28 -> 0.57142857 | ... N28: ='[1]Avg Week Salama-Munyonyo'!N28+'[1]Avg Week Munyonyo-Salama'!N28 -> 0 | O28: =SUM(C28:L28,N28) -> 81.571429 | P28: =SUM(C28:N28) -> 166.28571 | R28: 0100-0200 | S28: =SUM(C82:C85) -> 54.5 | T28: =SUM(D82:D85) -> 6 | U28: =SUM(E82:E85) -> 3.5 | V28: =SUM(F82:F85) -> 8.5 | W28: =SUM(G82:G85) -> 0 | X28: =SUM(H82:H85) -> 0 | Y28: =SUM(I82:I85) -> 3 | Z28: =SUM(J82:J85) -> 0 | ... AF28: =SUM(P82:P85) -> 167.5
B29: 11.45 - 12.00 | C29: ='[1]Avg Week Salama-Munyonyo'!C29+'[1]Avg Week Munyonyo-Salama'!C29 -> 40 | D29: ='[1]Avg Week Salama-Munyonyo'!D29+'[1]Avg Week Munyonyo-Salama'!D29 -> 7.2857143 | E29: ='[1]Avg Week Salama-Munyonyo'!E29+'[1]Avg Week Munyonyo-Salama'!E29 -> 5.2857143 | F29: ='[1]Avg Week Salama-Munyonyo'!F29+'[1]Avg Week Munyonyo-Salama'!F29 -> 27.142857 | G29: ='[1]Avg Week Salama-Munyonyo'!G29+'[1]Avg Week Munyonyo-Salama'!G29 -> 0.28571429 | H29: ='[1]Avg Week Salama-Munyonyo'!H29+'[1]Avg Week Munyonyo-Salama'!H29 -> 0 | I29: ='[1]Avg Week Salama-Munyonyo'!I29+'[1]Avg Week Munyonyo-Salama'!I29 -> 6.4285714 | J29: ='[1]Avg Week Salama-Munyonyo'!J29+'[1]Avg Week Munyonyo-Salama'!J29 -> 0.57142857 | ... N29: ='[1]Avg Week Salama-Munyonyo'!N29+'[1]Avg Week Munyonyo-Salama'!N29 -> 0 | O29: =SUM(C29:L29,N29) -> 87 | P29: =SUM(C29:N29) -> 170.14286 | R29: 0200-0300 | S29: =SUM(C86:C89) -> 35.5 | T29: =SUM(D86:D89) -> 9 | U29: =SUM(E86:E89) -> 2.5 | V29: =SUM(F86:F89) -> 1.5 | W29: =SUM(G86:G89) -> 0 | X29: =SUM(H86:H89) -> 0 | Y29: =SUM(I86:I89) -> 2.5 | Z29: =SUM(J86:J89) -> 0.5 | ... AF29: =SUM(P86:P89) -> 99.5
B30: 12.00 - 12.15 | C30: ='[1]Avg Week Salama-Munyonyo'!C30+'[1]Avg Week Munyonyo-Salama'!C30 -> 41 | D30: ='[1]Avg Week Salama-Munyonyo'!D30+'[1]Avg Week Munyonyo-Salama'!D30 -> 6.2857143 | E30: ='[1]Avg Week Salama-Munyonyo'!E30+'[1]Avg Week Munyonyo-Salama'!E30 -> 5.8571429 | F30: ='[1]Avg Week Salama-Munyonyo'!F30+'[1]Avg Week Munyonyo-Salama'!F30 -> 33.857143 | G30: ='[1]Avg Week Salama-Munyonyo'!G30+'[1]Avg Week Munyonyo-Salama'!G30 -> 1.4285714 | H30: ='[1]Avg Week Salama-Munyonyo'!H30+'[1]Avg Week Munyonyo-Salama'!H30 -> 0 | I30: ='[1]Avg Week Salama-Munyonyo'!I30+'[1]Avg Week Munyonyo-Salama'!I30 -> 6.7142857 | J30: ='[1]Avg Week Salama-Munyonyo'!J30+'[1]Avg Week Munyonyo-Salama'!J30 -> 0.71428571 | ... N30: ='[1]Avg Week Salama-Munyonyo'!N30+'[1]Avg Week Munyonyo-Salama'!N30 -> 0 | O30: =SUM(C30:L30,N30) -> 96.142857 | P30: =SUM(C30:N30) -> 167.71429 | R30: 0300-0400 | S30: =SUM(C90:C93) -> 31.5 | T30: =SUM(D90:D93) -> 6 | U30: =SUM(E90:E93) -> 2.5 | V30: =SUM(F90:F93) -> 1 | W30: =SUM(G90:G93) -> 0 | X30: =SUM(H90:H93) -> 0 | Y30: =SUM(I90:I93) -> 0.5 | Z30: =SUM(J90:J93) -> 1.5 | ... AF30: =SUM(P90:P93) -> 79
B31: 12.15 - 12.30 | C31: ='[1]Avg Week Salama-Munyonyo'!C31+'[1]Avg Week Munyonyo-Salama'!C31 -> 46.428571 | D31: ='[1]Avg Week Salama-Munyonyo'!D31+'[1]Avg Week Munyonyo-Salama'!D31 -> 9.4285714 | E31: ='[1]Avg Week Salama-Munyonyo'!E31+'[1]Avg Week Munyonyo-Salama'!E31 -> 6.7142857 | F31: ='[1]Avg Week Salama-Munyonyo'!F31+'[1]Avg Week Munyonyo-Salama'!F31 -> 30.571429 | G31: ='[1]Avg Week Salama-Munyonyo'!G31+'[1]Avg Week Munyonyo-Salama'!G31 -> 2.1428571 | H31: ='[1]Avg Week Salama-Munyonyo'!H31+'[1]Avg Week Munyonyo-Salama'!H31 -> 0.14285714 | I31: ='[1]Avg Week Salama-Munyonyo'!I31+'[1]Avg Week Munyonyo-Salama'!I31 -> 7.4285714 | J31: ='[1]Avg Week Salama-Munyonyo'!J31+'[1]Avg Week Munyonyo-Salama'!J31 -> 0.71428571 | ... N31: ='[1]Avg Week Salama-Munyonyo'!N31+'[1]Avg Week Munyonyo-Salama'!N31 -> 0 | O31: =SUM(C31:L31,N31) -> 103.57143 | P31: =SUM(C31:N31) -> 173.28571 | R31: 0400-0500 | S31: =SUM(C94:C97) -> 31 | T31: =SUM(D94:D97) -> 4 | U31: =SUM(E94:E97) -> 3 | V31: =SUM(F94:F97) -> 3 | W31: =SUM(G94:G97) -> 0.5 | X31: =SUM(H94:H97) -> 0 | Y31: =SUM(I94:I97) -> 0.5 | Z31: =SUM(J94:J97) -> 0 | ... AF31: =SUM(P94:P97) -> 69
B32: 12.30 - 12.45 | C32: ='[1]Avg Week Salama-Munyonyo'!C32+'[1]Avg Week Munyonyo-Salama'!C32 -> 43.142857 | D32: ='[1]Avg Week Salama-Munyonyo'!D32+'[1]Avg Week Munyonyo-Salama'!D32 -> 7.2857143 | E32: ='[1]Avg Week Salama-Munyonyo'!E32+'[1]Avg Week Munyonyo-Salama'!E32 -> 4.4285714 | F32: ='[1]Avg Week Salama-Munyonyo'!F32+'[1]Avg Week Munyonyo-Salama'!F32 -> 28 | G32: ='[1]Avg Week Salama-Munyonyo'!G32+'[1]Avg Week Munyonyo-Salama'!G32 -> 2 | H32: ='[1]Avg Week Salama-Munyonyo'!H32+'[1]Avg Week Munyonyo-Salama'!H32 -> 0.28571429 | I32: ='[1]Avg Week Salama-Munyonyo'!I32+'[1]Avg Week Munyonyo-Salama'!I32 -> 7 | J32: ='[1]Avg Week Salama-Munyonyo'!J32+'[1]Avg Week Munyonyo-Salama'!J32 -> 1.5714286 | ... N32: ='[1]Avg Week Salama-Munyonyo'!N32+'[1]Avg Week Munyonyo-Salama'!N32 -> 0 | O32: =SUM(C32:L32,N32) -> 94.571429 | P32: =SUM(C32:N32) -> 164.14286 | R32: 0500-0600 | S32: =SUM(C98:C101) -> 31 | T32: =SUM(D98:D101) -> 3.5 | U32: =SUM(E98:E101) -> 5.5 | V32: =SUM(F98:F101) -> 35.5 | W32: =SUM(G98:G101) -> 2.5 | X32: =SUM(H98:H101) -> 0 | Y32: =SUM(I98:I101) -> 5 | Z32: =SUM(J98:J101) -> 1 | ... AF32: =SUM(P98:P101) -> 131
B33: 12.45 - 13.00 | C33: ='[1]Avg Week Salama-Munyonyo'!C33+'[1]Avg Week Munyonyo-Salama'!C33 -> 38.428571 | D33: ='[1]Avg Week Salama-Munyonyo'!D33+'[1]Avg Week Munyonyo-Salama'!D33 -> 7.1428571 | E33: ='[1]Avg Week Salama-Munyonyo'!E33+'[1]Avg Week Munyonyo-Salama'!E33 -> 6.7142857 | F33: ='[1]Avg Week Salama-Munyonyo'!F33+'[1]Avg Week Munyonyo-Salama'!F33 -> 26.714286 | G33: ='[1]Avg Week Salama-Munyonyo'!G33+'[1]Avg Week Munyonyo-Salama'!G33 -> 0.85714286 | H33: ='[1]Avg Week Salama-Munyonyo'!H33+'[1]Avg Week Munyonyo-Salama'!H33 -> 0 | I33: ='[1]Avg Week Salama-Munyonyo'!I33+'[1]Avg Week Munyonyo-Salama'!I33 -> 6.4285714 | J33: ='[1]Avg Week Salama-Munyonyo'!J33+'[1]Avg Week Munyonyo-Salama'!J33 -> 1.4285714 | ... N33: ='[1]Avg Week Salama-Munyonyo'!N33+'[1]Avg Week Munyonyo-Salama'!N33 -> 0 | O33: =SUM(C33:L33,N33) -> 88.142857 | P33: =SUM(C33:N33) -> 161.14286 | R33: 0600-0700 | S33: =SUM(C102:C105) -> 101.5 | T33: =SUM(D102:D105) -> 21.5 | U33: =SUM(E102:E105) -> 8.5 | V33: =SUM(F102:F105) -> 97 | W33: =SUM(G102:G105) -> 3 | X33: =SUM(H102:H105) -> 0 | Y33: =SUM(I102:I105) -> 7 | Z33: =SUM(J102:J105) -> 1 | ... AF33: =SUM(P102:P105) -> 345.5
B34: 13.00 - 13.15 | C34: ='[1]Avg Week Salama-Munyonyo'!C34+'[1]Avg Week Munyonyo-Salama'!C34 -> 44.714286 | D34: ='[1]Avg Week Salama-Munyonyo'!D34+'[1]Avg Week Munyonyo-Salama'!D34 -> 8.7142857 | E34: ='[1]Avg Week Salama-Munyonyo'!E34+'[1]Avg Week Munyonyo-Salama'!E34 -> 5.8571429 | F34: ='[1]Avg Week Salama-Munyonyo'!F34+'[1]Avg Week Munyonyo-Salama'!F34 -> 30.285714 | G34: ='[1]Avg Week Salama-Munyonyo'!G34+'[1]Avg Week Munyonyo-Salama'!G34 -> 0.85714286 | H34: ='[1]Avg Week Salama-Munyonyo'!H34+'[1]Avg Week Munyonyo-Salama'!H34 -> 0.14285714 | I34: ='[1]Avg Week Salama-Munyonyo'!I34+'[1]Avg Week Munyonyo-Salama'!I34 -> 7.8571429 | J34: ='[1]Avg Week Salama-Munyonyo'!J34+'[1]Avg Week Munyonyo-Salama'!J34 -> 0.85714286 | ... N34: ='[1]Avg Week Salama-Munyonyo'!N34+'[1]Avg Week Munyonyo-Salama'!N34 -> 0 | O34: =SUM(C34:L34,N34) -> 99.428571 | P34: =SUM(C34:N34) -> 173 | R34: AM Peak Hr | S34: =MAX(S10:S12) -> 209.85714 | T34: =MAX(T10:T12) -> 43.714286 | U34: =MAX(U10:U12) -> 24.571429 | V34: =MAX(V10:V12) -> 165.28571 | W34: =MAX(W10:W12) -> 5.4285714 | X34: =MAX(X10:X12) -> 0.71428571 | Y34: =MAX(Y10:Y12) -> 17.142857 | Z34: =MAX(Z10:Z12) -> 4.5714286 | ... AF34: =MAX(AF10:AF12) -> 793.42857
B35: 13.15 - 13.30 | C35: ='[1]Avg Week Salama-Munyonyo'!C35+'[1]Avg Week Munyonyo-Salama'!C35 -> 40.142857 | D35: ='[1]Avg Week Salama-Munyonyo'!D35+'[1]Avg Week Munyonyo-Salama'!D35 -> 7.1428571 | E35: ='[1]Avg Week Salama-Munyonyo'!E35+'[1]Avg Week Munyonyo-Salama'!E35 -> 5.2857143 | F35: ='[1]Avg Week Salama-Munyonyo'!F35+'[1]Avg Week Munyonyo-Salama'!F35 -> 31.428571 | G35: ='[1]Avg Week Salama-Munyonyo'!G35+'[1]Avg Week Munyonyo-Salama'!G35 -> 0.42857143 | H35: ='[1]Avg Week Salama-Munyonyo'!H35+'[1]Avg Week Munyonyo-Salama'!H35 -> 0 | I35: ='[1]Avg Week Salama-Munyonyo'!I35+'[1]Avg Week Munyonyo-Salama'!I35 -> 5 | J35: ='[1]Avg Week Salama-Munyonyo'!J35+'[1]Avg Week Munyonyo-Salama'!J35 -> 1.5714286 | ... N35: ='[1]Avg Week Salama-Munyonyo'!N35+'[1]Avg Week Munyonyo-Salama'!N35 -> 0 | O35: =SUM(C35:L35,N35) -> 91.285714 | P35: =SUM(C35:N35) -> 175.85714 | R35: IP Peak Hr | S35: =MAX(S13:S18) -> 226.30952 | T35: =MAX(T13:T18) -> 42.285714 | U35: =MAX(U13:U18) -> 23.714286 | V35: =MAX(V13:V18) -> 120.57143 | W35: =MAX(W13:W18) -> 6.4285714 | X35: =MAX(X13:X18) -> 0.57142857 | Y35: =MAX(Y13:Y18) -> 27.571429 | Z35: =MAX(Z13:Z18) -> 4.4285714 | ... AF35: =MAX(AF13:AF18) -> 735.88095
B36: 13.30 - 13.45 | C36: ='[1]Avg Week Salama-Munyonyo'!C36+'[1]Avg Week Munyonyo-Salama'!C36 -> 35 | D36: ='[1]Avg Week Salama-Munyonyo'!D36+'[1]Avg Week Munyonyo-Salama'!D36 -> 8.2857143 | E36: ='[1]Avg Week Salama-Munyonyo'!E36+'[1]Avg Week Munyonyo-Salama'!E36 -> 4.4285714 | F36: ='[1]Avg Week Salama-Munyonyo'!F36+'[1]Avg Week Munyonyo-Salama'!F36 -> 25.142857 | G36: ='[1]Avg Week Salama-Munyonyo'!G36+'[1]Avg Week Munyonyo-Salama'!G36 -> 0.42857143 | H36: ='[1]Avg Week Salama-Munyonyo'!H36+'[1]Avg Week Munyonyo-Salama'!H36 -> 0 | I36: ='[1]Avg Week Salama-Munyonyo'!I36+'[1]Avg Week Munyonyo-Salama'!I36 -> 5.5714286 | J36: ='[1]Avg Week Salama-Munyonyo'!J36+'[1]Avg Week Munyonyo-Salama'!J36 -> 0.71428571 | ... N36: ='[1]Avg Week Salama-Munyonyo'!N36+'[1]Avg Week Munyonyo-Salama'!N36 -> 0 | O36: =SUM(C36:L36,N36) -> 79.714286 | P36: =SUM(C36:N36) -> 156.42857 | R36: PM Peak Hr | S36: =MAX(S19:S21) -> 298.85714 | T36: =MAX(T19:T21) -> 47.571429 | U36: =MAX(U19:U21) -> 37.571429 | V36: =MAX(V19:V21) -> 174.14286 | W36: =MAX(W19:W21) -> 3.1666667 | X36: =MAX(X19:X21) -> 0.85714286 | Y36: =MAX(Y19:Y21) -> 23.571429 | Z36: =MAX(Z19:Z21) -> 3.4285714 | ... AF36: =MAX(AF19:AF21) -> 943.59524
B37: 13.45 - 14.00 | C37: ='[1]Avg Week Salama-Munyonyo'!C37+'[1]Avg Week Munyonyo-Salama'!C37 -> 48.857143 | D37: ='[1]Avg Week Salama-Munyonyo'!D37+'[1]Avg Week Munyonyo-Salama'!D37 -> 7.1428571 | E37: ='[1]Avg Week Salama-Munyonyo'!E37+'[1]Avg Week Munyonyo-Salama'!E37 -> 5.2857143 | F37: ='[1]Avg Week Salama-Munyonyo'!F37+'[1]Avg Week Munyonyo-Salama'!F37 -> 30.571429 | G37: ='[1]Avg Week Salama-Munyonyo'!G37+'[1]Avg Week Munyonyo-Salama'!G37 -> 0.28571429 | H37: ='[1]Avg Week Salama-Munyonyo'!H37+'[1]Avg Week Munyonyo-Salama'!H37 -> 0 | I37: ='[1]Avg Week Salama-Munyonyo'!I37+'[1]Avg Week Munyonyo-Salama'!I37 -> 7.5714286 | J37: ='[1]Avg Week Salama-Munyonyo'!J37+'[1]Avg Week Munyonyo-Salama'!J37 -> 0.42857143 | ... N37: ='[1]Avg Week Salama-Munyonyo'!N37+'[1]Avg Week Munyonyo-Salama'!N37 -> 0 | O37: =SUM(C37:L37,N37) -> 100.42857 | P37: =SUM(C37:N37) -> 169.42857 | R37: AM Period | S37: =SUM(S10:S12) -> 564.42857 | T37: =SUM(T10:T12) -> 110 | U37: =SUM(U10:U12) -> 66 | V37: =SUM(V10:V12) -> 452.71429 | W37: =SUM(W10:W12) -> 7.5714286 | X37: =SUM(X10:X12) -> 1.7142857 | Y37: =SUM(Y10:Y12) -> 46.428571 | Z37: =SUM(Z10:Z12) -> 9.5714286 | ... AF37: =SUM(AF10:AF12) -> 2268.8571
B38: 14.00 - 14.15 | C38: ='[1]Avg Week Salama-Munyonyo'!C38+'[1]Avg Week Munyonyo-Salama'!C38 -> 51.857143 | D38: ='[1]Avg Week Salama-Munyonyo'!D38+'[1]Avg Week Munyonyo-Salama'!D38 -> 9.2857143 | E38: ='[1]Avg Week Salama-Munyonyo'!E38+'[1]Avg Week Munyonyo-Salama'!E38 -> 5.4285714 | F38: ='[1]Avg Week Salama-Munyonyo'!F38+'[1]Avg Week Munyonyo-Salama'!F38 -> 29.428571 | G38: ='[1]Avg Week Salama-Munyonyo'!G38+'[1]Avg Week Munyonyo-Salama'!G38 -> 0 | H38: ='[1]Avg Week Salama-Munyonyo'!H38+'[1]Avg Week Munyonyo-Salama'!H38 -> 0 | I38: ='[1]Avg Week Salama-Munyonyo'!I38+'[1]Avg Week Munyonyo-Salama'!I38 -> 9.1428571 | J38: ='[1]Avg Week Salama-Munyonyo'!J38+'[1]Avg Week Munyonyo-Salama'!J38 -> 0.57142857 | ... N38: ='[1]Avg Week Salama-Munyonyo'!N38+'[1]Avg Week Munyonyo-Salama'!N38 -> 0 | O38: =SUM(C38:L38,N38) -> 106 | P38: =SUM(C38:N38) -> 180 | R38: IP Period | S38: =SUM(S13:S18) -> 1090.5952 | T38: =SUM(T13:T18) -> 195.85714 | U38: =SUM(U13:U18) -> 124.85714 | V38: =SUM(V13:V18) -> 700.42857 | W38: =SUM(W13:W18) -> 15.714286 | X38: =SUM(X13:X18) -> 1.4285714 | Y38: =SUM(Y13:Y18) -> 147 | Z38: =SUM(Z13:Z18) -> 21.142857 | ... AF38: =SUM(AF13:AF18) -> 4154.5952
B39: 14.15 - 14.30 | C39: ='[1]Avg Week Salama-Munyonyo'!C39+'[1]Avg Week Munyonyo-Salama'!C39 -> 55 | D39: ='[1]Avg Week Salama-Munyonyo'!D39+'[1]Avg Week Munyonyo-Salama'!D39 -> 9 | E39: ='[1]Avg Week Salama-Munyonyo'!E39+'[1]Avg Week Munyonyo-Salama'!E39 -> 5.4285714 | F39: ='[1]Avg Week Salama-Munyonyo'!F39+'[1]Avg Week Munyonyo-Salama'!F39 -> 27.714286 | G39: ='[1]Avg Week Salama-Munyonyo'!G39+'[1]Avg Week Munyonyo-Salama'!G39 -> 0.28571429 | H39: ='[1]Avg Week Salama-Munyonyo'!H39+'[1]Avg Week Munyonyo-Salama'!H39 -> 0 | I39: ='[1]Avg Week Salama-Munyonyo'!I39+'[1]Avg Week Munyonyo-Salama'!I39 -> 6.4285714 | J39: ='[1]Avg Week Salama-Munyonyo'!J39+'[1]Avg Week Munyonyo-Salama'!J39 -> 1 | ... N39: ='[1]Avg Week Salama-Munyonyo'!N39+'[1]Avg Week Munyonyo-Salama'!N39 -> 0 | O39: =SUM(C39:L39,N39) -> 105.71429 | P39: =SUM(C39:N39) -> 171.28571 | R39: PM Period | S39: =SUM(S19:S21) -> 819.14286 | T39: =SUM(T19:T21) -> 126.14286 | U39: =SUM(U19:U21) -> 84.714286 | V39: =SUM(V19:V21) -> 464 | W39: =SUM(W19:W21) -> 7.7380952 | X39: =SUM(X19:X21) -> 1.5714286 | Y39: =SUM(Y19:Y21) -> 64.857143 | Z39: =SUM(Z19:Z21) -> 7.7142857 | ... AF39: =SUM(AF19:AF21) -> 2570.5952
B40: 14.30 - 14.45 | C40: ='[1]Avg Week Salama-Munyonyo'!C40+'[1]Avg Week Munyonyo-Salama'!C40 -> 45.285714 | D40: ='[1]Avg Week Salama-Munyonyo'!D40+'[1]Avg Week Munyonyo-Salama'!D40 -> 7.7142857 | E40: ='[1]Avg Week Salama-Munyonyo'!E40+'[1]Avg Week Munyonyo-Salama'!E40 -> 3 | F40: ='[1]Avg Week Salama-Munyonyo'!F40+'[1]Avg Week Munyonyo-Salama'!F40 -> 27 | G40: ='[1]Avg Week Salama-Munyonyo'!G40+'[1]Avg Week Munyonyo-Salama'!G40 -> 0 | H40: ='[1]Avg Week Salama-Munyonyo'!H40+'[1]Avg Week Munyonyo-Salama'!H40 -> 0 | I40: ='[1]Avg Week Salama-Munyonyo'!I40+'[1]Avg Week Munyonyo-Salama'!I40 -> 5 | J40: ='[1]Avg Week Salama-Munyonyo'!J40+'[1]Avg Week Munyonyo-Salama'!J40 -> 0.57142857 | ... N40: ='[1]Avg Week Salama-Munyonyo'!N40+'[1]Avg Week Munyonyo-Salama'!N40 -> 0.14285714 | O40: =SUM(C40:L40,N40) -> 88.857143 | P40: =SUM(C40:N40) -> 161.57143 | R40: 12 Hours | S40: =SUM(S10:S21) -> 2474.1667 | T40: =SUM(T10:T21) -> 432 | U40: =SUM(U10:U21) -> 275.57143 | V40: =SUM(V10:V21) -> 1617.1429 | W40: =SUM(W10:W21) -> 31.02381 | X40: =SUM(X10:X21) -> 4.7142857 | Y40: =SUM(Y10:Y21) -> 258.28571 | Z40: =SUM(Z10:Z21) -> 38.428571 | ... AF40: =SUM(AF10:AF21) -> 8994.0476
B41: 14.45 - 15.00 | C41: ='[1]Avg Week Salama-Munyonyo'!C41+'[1]Avg Week Munyonyo-Salama'!C41 -> 59 | D41: ='[1]Avg Week Salama-Munyonyo'!D41+'[1]Avg Week Munyonyo-Salama'!D41 -> 9.5714286 | E41: ='[1]Avg Week Salama-Munyonyo'!E41+'[1]Avg Week Munyonyo-Salama'!E41 -> 7.1428571 | F41: ='[1]Avg Week Salama-Munyonyo'!F41+'[1]Avg Week Munyonyo-Salama'!F41 -> 33.714286 | G41: ='[1]Avg Week Salama-Munyonyo'!G41+'[1]Avg Week Munyonyo-Salama'!G41 -> 0.85714286 | H41: ='[1]Avg Week Salama-Munyonyo'!H41+'[1]Avg Week Munyonyo-Salama'!H41 -> 0 | I41: ='[1]Avg Week Salama-Munyonyo'!I41+'[1]Avg Week Munyonyo-Salama'!I41 -> 6.1428571 | J41: ='[1]Avg Week Salama-Munyonyo'!J41+'[1]Avg Week Munyonyo-Salama'!J41 -> 2 | ... N41: ='[1]Avg Week Salama-Munyonyo'!N41+'[1]Avg Week Munyonyo-Salama'!N41 -> 0 | O41: =SUM(C41:L41,N41) -> 118.71429 | P41: =SUM(C41:N41) -> 192.71429 | R41: 24 Hours | S41: =SUM(S10:S33) -> 4262.6667 | T41: =SUM(T10:T33) -> 709.5 | U41: =SUM(U10:U33) -> 415.07143 | V41: =SUM(V10:V33) -> 2503.1429 | W41: =SUM(W10:W33) -> 42.02381 | X41: =SUM(X10:X33) -> 5.7142857 | Y41: =SUM(Y10:Y33) -> 343.28571 | Z41: =SUM(Z10:Z33) -> 56.928571 | ... AF41: =SUM(AF10:AF33) -> 14599.548
B42: 15.00 - 15.15 | C42: ='[1]Avg Week Salama-Munyonyo'!C42+'[1]Avg Week Munyonyo-Salama'!C42 -> 51.714286 | D42: ='[1]Avg Week Salama-Munyonyo'!D42+'[1]Avg Week Munyonyo-Salama'!D42 -> 10.857143 | E42: ='[1]Avg Week Salama-Munyonyo'!E42+'[1]Avg Week Munyonyo-Salama'!E42 -> 6 | F42: ='[1]Avg Week Salama-Munyonyo'!F42+'[1]Avg Week Munyonyo-Salama'!F42 -> 32.571429 | G42: ='[1]Avg Week Salama-Munyonyo'!G42+'[1]Avg Week Munyonyo-Salama'!G42 -> 0.71428571 | H42: ='[1]Avg Week Salama-Munyonyo'!H42+'[1]Avg Week Munyonyo-Salama'!H42 -> 0 | I42: ='[1]Avg Week Salama-Munyonyo'!I42+'[1]Avg Week Munyonyo-Salama'!I42 -> 4 | J42: ='[1]Avg Week Salama-Munyonyo'!J42+'[1]Avg Week Munyonyo-Salama'!J42 -> 0.85714286 | ... N42: ='[1]Avg Week Salama-Munyonyo'!N42+'[1]Avg Week Munyonyo-Salama'!N42 -> 0 | O42: =SUM(C42:L42,N42) -> 107.14286 | P42: =SUM(C42:N42) -> 175 | R42: NEF | S42: =S41/S40 -> 1.7228697 | T42: =T41/T40 -> 1.6423611 | U42: =U41/U40 -> 1.5062208 | V42: =V41/V40 -> 1.5478799 | W42: =W41/W40 -> 1.3545664 | X42: =X41/X40 -> 1.2121212 | Y42: =Y41/Y40 -> 1.3290929 | Z42: =Z41/Z40 -> 1.4814126 | ... AF42: =AF41/AF40 -> 1.6232455
B43: 15.15 - 15.30 | C43: ='[1]Avg Week Salama-Munyonyo'!C43+'[1]Avg Week Munyonyo-Salama'!C43 -> 53 | D43: ='[1]Avg Week Salama-Munyonyo'!D43+'[1]Avg Week Munyonyo-Salama'!D43 -> 11.285714 | E43: ='[1]Avg Week Salama-Munyonyo'!E43+'[1]Avg Week Munyonyo-Salama'!E43 -> 5.5714286 | F43: ='[1]Avg Week Salama-Munyonyo'!F43+'[1]Avg Week Munyonyo-Salama'!F43 -> 25.571429 | G43: ='[1]Avg Week Salama-Munyonyo'!G43+'[1]Avg Week Munyonyo-Salama'!G43 -> 2.7142857 | H43: ='[1]Avg Week Salama-Munyonyo'!H43+'[1]Avg Week Munyonyo-Salama'!H43 -> 0.28571429 | I43: ='[1]Avg Week Salama-Munyonyo'!I43+'[1]Avg Week Munyonyo-Salama'!I43 -> 4.5714286 | J43: ='[1]Avg Week Salama-Munyonyo'!J43+'[1]Avg Week Munyonyo-Salama'!J43 -> 1 | ... N43: ='[1]Avg Week Salama-Munyonyo'!N43+'[1]Avg Week Munyonyo-Salama'!N43 -> 0 | O43: =SUM(C43:L43,N43) -> 104.14286 | P43: =SUM(C43:N43) -> 179
B44: 15.30 - 15.45 | C44: ='[1]Avg Week Salama-Munyonyo'!C44+'[1]Avg Week Munyonyo-Salama'!C44 -> 61.595238 | D44: ='[1]Avg Week Salama-Munyonyo'!D44+'[1]Avg Week Munyonyo-Salama'!D44 -> 10.571429 | E44: ='[1]Avg Week Salama-Munyonyo'!E44+'[1]Avg Week Munyonyo-Salama'!E44 -> 3.2857143 | F44: ='[1]Avg Week Salama-Munyonyo'!F44+'[1]Avg Week Munyonyo-Salama'!F44 -> 30 | G44: ='[1]Avg Week Salama-Munyonyo'!G44+'[1]Avg Week Munyonyo-Salama'!G44 -> 0.28571429 | H44: ='[1]Avg Week Salama-Munyonyo'!H44+'[1]Avg Week Munyonyo-Salama'!H44 -> 0.14285714 | I44: ='[1]Avg Week Salama-Munyonyo'!I44+'[1]Avg Week Munyonyo-Salama'!I44 -> 7 | J44: ='[1]Avg Week Salama-Munyonyo'!J44+'[1]Avg Week Munyonyo-Salama'!J44 -> 0.71428571 | ... N44: ='[1]Avg Week Salama-Munyonyo'!N44+'[1]Avg Week Munyonyo-Salama'!N44 -> 0 | O44: =SUM(C44:L44,N44) -> 113.7381 | P44: =SUM(C44:N44) -> 190.45238
B45: 15.45 - 16.00 | C45: ='[1]Avg Week Salama-Munyonyo'!C45+'[1]Avg Week Munyonyo-Salama'!C45 -> 60 | D45: ='[1]Avg Week Salama-Munyonyo'!D45+'[1]Avg Week Munyonyo-Salama'!D45 -> 9.5714286 | E45: ='[1]Avg Week Salama-Munyonyo'!E45+'[1]Avg Week Munyonyo-Salama'!E45 -> 5.2857143 | F45: ='[1]Avg Week Salama-Munyonyo'!F45+'[1]Avg Week Munyonyo-Salama'!F45 -> 32.428571 | G45: ='[1]Avg Week Salama-Munyonyo'!G45+'[1]Avg Week Munyonyo-Salama'!G45 -> 0.28571429 | H45: ='[1]Avg Week Salama-Munyonyo'!H45+'[1]Avg Week Munyonyo-Salama'!H45 -> 0.14285714 | I45: ='[1]Avg Week Salama-Munyonyo'!I45+'[1]Avg Week Munyonyo-Salama'!I45 -> 6 | J45: ='[1]Avg Week Salama-Munyonyo'!J45+'[1]Avg Week Munyonyo-Salama'!J45 -> 1.5714286 | ... N45: ='[1]Avg Week Salama-Munyonyo'!N45+'[1]Avg Week Munyonyo-Salama'!N45 -> 0.14285714 | O45: =SUM(C45:L45,N45) -> 115.57143 | P45: =SUM(C45:N45) -> 191.42857
B46: 16.00 - 16.15 | C46: ='[1]Avg Week Salama-Munyonyo'!C46+'[1]Avg Week Munyonyo-Salama'!C46 -> 57.857143 | D46: ='[1]Avg Week Salama-Munyonyo'!D46+'[1]Avg Week Munyonyo-Salama'!D46 -> 6.7142857 | E46: ='[1]Avg Week Salama-Munyonyo'!E46+'[1]Avg Week Munyonyo-Salama'!E46 -> 3.8571429 | F46: ='[1]Avg Week Salama-Munyonyo'!F46+'[1]Avg Week Munyonyo-Salama'!F46 -> 35.714286 | G46: ='[1]Avg Week Salama-Munyonyo'!G46+'[1]Avg Week Munyonyo-Salama'!G46 -> 0.42857143 | H46: ='[1]Avg Week Salama-Munyonyo'!H46+'[1]Avg Week Munyonyo-Salama'!H46 -> 0.42857143 | I46: ='[1]Avg Week Salama-Munyonyo'!I46+'[1]Avg Week Munyonyo-Salama'!I46 -> 5 | J46: ='[1]Avg Week Salama-Munyonyo'!J46+'[1]Avg Week Munyonyo-Salama'!J46 -> 0.42857143 | ... N46: ='[1]Avg Week Salama-Munyonyo'!N46+'[1]Avg Week Munyonyo-Salama'!N46 -> 0 | O46: =SUM(C46:L46,N46) -> 110.42857 | P46: =SUM(C46:N46) -> 194.71429
B47: 16.15 -16.30 | C47: ='[1]Avg Week Salama-Munyonyo'!C47+'[1]Avg Week Munyonyo-Salama'!C47 -> 69.285714 | D47: ='[1]Avg Week Salama-Munyonyo'!D47+'[1]Avg Week Munyonyo-Salama'!D47 -> 8.8571429 | E47: ='[1]Avg Week Salama-Munyonyo'!E47+'[1]Avg Week Munyonyo-Salama'!E47 -> 5.1428571 | F47: ='[1]Avg Week Salama-Munyonyo'!F47+'[1]Avg Week Munyonyo-Salama'!F47 -> 36.428571 | G47: ='[1]Avg Week Salama-Munyonyo'!G47+'[1]Avg Week Munyonyo-Salama'!G47 -> 0.71428571 | H47: ='[1]Avg Week Salama-Munyonyo'!H47+'[1]Avg Week Munyonyo-Salama'!H47 -> 0 | I47: ='[1]Avg Week Salama-Munyonyo'!I47+'[1]Avg Week Munyonyo-Salama'!I47 -> 7.5714286 | J47: ='[1]Avg Week Salama-Munyonyo'!J47+'[1]Avg Week Munyonyo-Salama'!J47 -> 0.28571429 | ... N47: ='[1]Avg Week Salama-Munyonyo'!N47+'[1]Avg Week Munyonyo-Salama'!N47 -> 0 | O47: =SUM(C47:L47,N47) -> 128.42857 | P47: =SUM(C47:N47) -> 212.42857
B48: 16.30 -16.45 | C48: ='[1]Avg Week Salama-Munyonyo'!C48+'[1]Avg Week Munyonyo-Salama'!C48 -> 70.714286 | D48: ='[1]Avg Week Salama-Munyonyo'!D48+'[1]Avg Week Munyonyo-Salama'!D48 -> 9.8571429 | E48: ='[1]Avg Week Salama-Munyonyo'!E48+'[1]Avg Week Munyonyo-Salama'!E48 -> 6.1428571 | F48: ='[1]Avg Week Salama-Munyonyo'!F48+'[1]Avg Week Munyonyo-Salama'!F48 -> 34.571429 | G48: ='[1]Avg Week Salama-Munyonyo'!G48+'[1]Avg Week Munyonyo-Salama'!G48 -> 0.14285714 | H48: ='[1]Avg Week Salama-Munyonyo'!H48+'[1]Avg Week Munyonyo-Salama'!H48 -> 0.14285714 | I48: ='[1]Avg Week Salama-Munyonyo'!I48+'[1]Avg Week Munyonyo-Salama'!I48 -> 5.8571429 | J48: ='[1]Avg Week Salama-Munyonyo'!J48+'[1]Avg Week Munyonyo-Salama'!J48 -> 0.42857143 | ... N48: ='[1]Avg Week Salama-Munyonyo'!N48+'[1]Avg Week Munyonyo-Salama'!N48 -> 0 | O48: =SUM(C48:L48,N48) -> 128.14286 | P48: =SUM(C48:N48) -> 195.71429
B49: 16.45 -17.00 | C49: ='[1]Avg Week Salama-Munyonyo'!C49+'[1]Avg Week Munyonyo-Salama'!C49 -> 62 | D49: ='[1]Avg Week Salama-Munyonyo'!D49+'[1]Avg Week Munyonyo-Salama'!D49 -> 10 | E49: ='[1]Avg Week Salama-Munyonyo'!E49+'[1]Avg Week Munyonyo-Salama'!E49 -> 4.4285714 | F49: ='[1]Avg Week Salama-Munyonyo'!F49+'[1]Avg Week Munyonyo-Salama'!F49 -> 36.142857 | G49: ='[1]Avg Week Salama-Munyonyo'!G49+'[1]Avg Week Munyonyo-Salama'!G49 -> 0.28571429 | H49: ='[1]Avg Week Salama-Munyonyo'!H49+'[1]Avg Week Munyonyo-Salama'!H49 -> 0 | I49: ='[1]Avg Week Salama-Munyonyo'!I49+'[1]Avg Week Munyonyo-Salama'!I49 -> 5.1428571 | J49: ='[1]Avg Week Salama-Munyonyo'!J49+'[1]Avg Week Munyonyo-Salama'!J49 -> 0.71428571 | ... N49: ='[1]Avg Week Salama-Munyonyo'!N49+'[1]Avg Week Munyonyo-Salama'!N49 -> 0 | O49: =SUM(C49:L49,N49) -> 118.71429 | P49: =SUM(C49:N49) -> 193.42857
B50: 17.00 -17.15 | C50: ='[1]Avg Week Salama-Munyonyo'!C50+'[1]Avg Week Munyonyo-Salama'!C50 -> 55.428571 | D50: ='[1]Avg Week Salama-Munyonyo'!D50+'[1]Avg Week Munyonyo-Salama'!D50 -> 13.857143 | E50: ='[1]Avg Week Salama-Munyonyo'!E50+'[1]Avg Week Munyonyo-Salama'!E50 -> 6.2857143 | F50: ='[1]Avg Week Salama-Munyonyo'!F50+'[1]Avg Week Munyonyo-Salama'!F50 -> 31.285714 | G50: ='[1]Avg Week Salama-Munyonyo'!G50+'[1]Avg Week Munyonyo-Salama'!G50 -> 0.28571429 | H50: ='[1]Avg Week Salama-Munyonyo'!H50+'[1]Avg Week Munyonyo-Salama'!H50 -> 0 | I50: ='[1]Avg Week Salama-Munyonyo'!I50+'[1]Avg Week Munyonyo-Salama'!I50 -> 5.7142857 | J50: ='[1]Avg Week Salama-Munyonyo'!J50+'[1]Avg Week Munyonyo-Salama'!J50 -> 0.57142857 | ... N50: ='[1]Avg Week Salama-Munyonyo'!N50+'[1]Avg Week Munyonyo-Salama'!N50 -> 0 | O50: =SUM(C50:L50,N50) -> 113.57143 | P50: =SUM(C50:N50) -> 188.28571
B51: 17.15 -17.30 | C51: ='[1]Avg Week Salama-Munyonyo'!C51+'[1]Avg Week Munyonyo-Salama'!C51 -> 67.285714 | D51: ='[1]Avg Week Salama-Munyonyo'!D51+'[1]Avg Week Munyonyo-Salama'!D51 -> 11.142857 | E51: ='[1]Avg Week Salama-Munyonyo'!E51+'[1]Avg Week Munyonyo-Salama'!E51 -> 7.5714286 | F51: ='[1]Avg Week Salama-Munyonyo'!F51+'[1]Avg Week Munyonyo-Salama'!F51 -> 37 | G51: ='[1]Avg Week Salama-Munyonyo'!G51+'[1]Avg Week Munyonyo-Salama'!G51 -> 0.71428571 | H51: ='[1]Avg Week Salama-Munyonyo'!H51+'[1]Avg Week Munyonyo-Salama'!H51 -> 0.57142857 | I51: ='[1]Avg Week Salama-Munyonyo'!I51+'[1]Avg Week Munyonyo-Salama'!I51 -> 4.7142857 | J51: ='[1]Avg Week Salama-Munyonyo'!J51+'[1]Avg Week Munyonyo-Salama'!J51 -> 1.4285714 | ... N51: ='[1]Avg Week Salama-Munyonyo'!N51+'[1]Avg Week Munyonyo-Salama'!N51 -> 0 | O51: =SUM(C51:L51,N51) -> 130.85714 | P51: =SUM(C51:N51) -> 209.85714
B52: 17.30 -17.45 | C52: ='[1]Avg Week Salama-Munyonyo'!C52+'[1]Avg Week Munyonyo-Salama'!C52 -> 70.714286 | D52: ='[1]Avg Week Salama-Munyonyo'!D52+'[1]Avg Week Munyonyo-Salama'!D52 -> 13 | E52: ='[1]Avg Week Salama-Munyonyo'!E52+'[1]Avg Week Munyonyo-Salama'!E52 -> 5.7142857 | F52: ='[1]Avg Week Salama-Munyonyo'!F52+'[1]Avg Week Munyonyo-Salama'!F52 -> 38.571429 | G52: ='[1]Avg Week Salama-Munyonyo'!G52+'[1]Avg Week Munyonyo-Salama'!G52 -> 1.7142857 | H52: ='[1]Avg Week Salama-Munyonyo'!H52+'[1]Avg Week Munyonyo-Salama'!H52 -> 0 | I52: ='[1]Avg Week Salama-Munyonyo'!I52+'[1]Avg Week Munyonyo-Salama'!I52 -> 5.2857143 | J52: ='[1]Avg Week Salama-Munyonyo'!J52+'[1]Avg Week Munyonyo-Salama'!J52 -> 0.14285714 | ... N52: ='[1]Avg Week Salama-Munyonyo'!N52+'[1]Avg Week Munyonyo-Salama'!N52 -> 0 | O52: =SUM(C52:L52,N52) -> 135.14286 | P52: =SUM(C52:N52) -> 219.57143
B53: 17.45 -18.00 | C53: ='[1]Avg Week Salama-Munyonyo'!C53+'[1]Avg Week Munyonyo-Salama'!C53 -> 67 | D53: ='[1]Avg Week Salama-Munyonyo'!D53+'[1]Avg Week Munyonyo-Salama'!D53 -> 9.5714286 | E53: ='[1]Avg Week Salama-Munyonyo'!E53+'[1]Avg Week Munyonyo-Salama'!E53 -> 8 | F53: ='[1]Avg Week Salama-Munyonyo'!F53+'[1]Avg Week Munyonyo-Salama'!F53 -> 40.142857 | G53: ='[1]Avg Week Salama-Munyonyo'!G53+'[1]Avg Week Munyonyo-Salama'!G53 -> 0.28571429 | H53: ='[1]Avg Week Salama-Munyonyo'!H53+'[1]Avg Week Munyonyo-Salama'!H53 -> 0.28571429 | I53: ='[1]Avg Week Salama-Munyonyo'!I53+'[1]Avg Week Munyonyo-Salama'!I53 -> 5.7142857 | J53: ='[1]Avg Week Salama-Munyonyo'!J53+'[1]Avg Week Munyonyo-Salama'!J53 -> 1.2857143 | ... N53: ='[1]Avg Week Salama-Munyonyo'!N53+'[1]Avg Week Munyonyo-Salama'!N53 -> 0 | O53: =SUM(C53:L53,N53) -> 132.57143 | P53: =SUM(C53:N53) -> 213
B54: 18.00 - 18.15 | C54: ='[1]Avg Week Salama-Munyonyo'!C54+'[1]Avg Week Munyonyo-Salama'!C54 -> 77 | D54: ='[1]Avg Week Salama-Munyonyo'!D54+'[1]Avg Week Munyonyo-Salama'!D54 -> 11.857143 | E54: ='[1]Avg Week Salama-Munyonyo'!E54+'[1]Avg Week Munyonyo-Salama'!E54 -> 8.7142857 | F54: ='[1]Avg Week Salama-Munyonyo'!F54+'[1]Avg Week Munyonyo-Salama'!F54 -> 43.428571 | G54: ='[1]Avg Week Salama-Munyonyo'!G54+'[1]Avg Week Munyonyo-Salama'!G54 -> 0.57142857 | H54: ='[1]Avg Week Salama-Munyonyo'!H54+'[1]Avg Week Munyonyo-Salama'!H54 -> 0 | I54: ='[1]Avg Week Salama-Munyonyo'!I54+'[1]Avg Week Munyonyo-Salama'!I54 -> 6 | J54: ='[1]Avg Week Salama-Munyonyo'!J54+'[1]Avg Week Munyonyo-Salama'!J54 -> 1.1428571 | ... N54: ='[1]Avg Week Salama-Munyonyo'!N54+'[1]Avg Week Munyonyo-Salama'!N54 -> 0 | O54: =SUM(C54:L54,N54) -> 148.85714 | P54: =SUM(C54:N54) -> 242.28571
... B105: 06.45 - 07.00 | C105: ='[1]Avg Week Salama-Munyonyo'!C105+'[1]Avg Week Munyonyo-Salama'!C105 -> 42.5 | D105: ='[1]Avg Week Salama-Munyonyo'!D105+'[1]Avg Week Munyonyo-Salama'!D105 -> 11 | E105: ='[1]Avg Week Salama-Munyonyo'!E105+'[1]Avg Week Munyonyo-Salama'!E105 -> 3 | F105: ='[1]Avg Week Salama-Munyonyo'!F105+'[1]Avg Week Munyonyo-Salama'!F105 -> 35 | G105: ='[1]Avg Week Salama-Munyonyo'!G105+'[1]Avg Week Munyonyo-Salama'!G105 -> 1.5 | H105: ='[1]Avg Week Salama-Munyonyo'!H105+'[1]Avg Week Munyonyo-Salama'!H105 -> 0 | I105: ='[1]Avg Week Salama-Munyonyo'!I105+'[1]Avg Week Munyonyo-Salama'!I105 -> 1.5 | J105: ='[1]Avg Week Salama-Munyonyo'!J105+'[1]Avg Week Munyonyo-Salama'!J105 -> 0 | ... N105: ='[1]Avg Week Salama-Munyonyo'!N105+'[1]Avg Week Munyonyo-Salama'!N105 -> 0 | O105: =SUM(C105:L105,N105) -> 94.5 | P105: =SUM(C105:N105) -> 143
B106: Totals | C106: =SUM(C10:C105) -> 4262.6667 | D106: =SUM(D10:D105) -> 709.5 | E106: =SUM(E10:E105) -> 415.07143 | F106: =SUM(F10:F105) -> 2503.1429 | G106: =SUM(G10:G105) -> 42.02381 | H106: =SUM(H10:H105) -> 5.7142857 | I106: =SUM(I10:I105) -> 343.28571 | J106: =SUM(J10:J105) -> 56.928571 | ... P106: =SUM(P10:P105) -> 14599.548
B107: %ges + MCs | C107: =C106/$P$106 -> 0.29197252 | D107: =D106/$P$106 -> 0.048597396 | E107: =E106/$P$106 -> 0.028430431 | F107: =F106/$P$106 -> 0.17145345 | G107: =G106/$P$106 -> 0.0028784323 | H107: =H106/$P$106 -> 0.00039140156 | I107: =I106/$P$106 -> 0.023513449 | J107: =J106/$P$106 -> 0.003899338 | ... N107: =N106/$P$106 -> 1.9570078e-05
B108: %ges w/o MCs | C108: =C106/$O$106 -> 0.51039131 | D108: =D106/$O$106 -> 0.084952134 | E108: =E106/$O$106 -> 0.049698666 | F108: =F106/$O$106 -> 0.29971435 | G108: =G106/$O$106 -> 0.0050317298 | H108: =H106/$O$106 -> 0.00068420122 | I108: =I106/$O$106 -> 0.041103389 | J108: =J106/$O$106 -> 0.0068163547 | ... N108: =N106/$O$106 -> 3.4210061e-05

Sheet 52
B1: Consultancy services for Preparation of Expressway Development Master Plan (EDMP) for Uganda
B2: MANUAL CLASSIFIED COUNT (MCC)
B3: ROAD NAME: | C3: ='[2]29.09 Munyonyo-Gaba'!C3:G3 -> MCC-C2-STNO 52-Wavamuno RD
C5: Date | D5: AVERAGE WEEK | F5: Location | G5: ='[2]Avg Week Munyonyo-Gaba'!G5:H5 -> Wavamuno | J5: Surveyor | K5: ='[2]Avg Week Munyonyo-Gaba'!K5:L5 -> Kasoma John Paul / Akello Rosette
C6: Dir. From | D6: BOTH DIRECTIONS | F6: Dir. To | G6: BOTH DIRECTIONS | J6: Supervisor | K6: ='[2]Avg Week Munyonyo-Gaba'!K6:L6 -> Steven
B8: Time / Veh Type | R8: SUMMARY TRAFFIC VOLUMES
C9: 1. Car | D9: 2. Station Wagon | E9: 3. Pickups | F9: 4. Minibus, matatu | G9: 5. Medium bus | H9: 6. Large Bus | I9: 7. Light Truck | J9: 8. Medium Truck | K9: 9. Heavy truck | L9: 10. Truck Trailer | M9: 11. Motor cycles | N9: 12. Tractors | O9: Total Excl M/Cycles | P9: Total All | R9: Time | S9: 1. Car | T9: 2. Station Wagon | U9: 3. Pickups | V9: 4. Minibus, matatu | W9: 5. Medium bus | X9: 6. Large Bus | Y9: 7. Light Truck | Z9: 8. Medium Truck | AA9: 9. Heavy truck | AB9: 10. Truck Trailer | AC9: 11. Motorcycles | AD9: 12. Tractors, Graders | AE9: Total Excl M/ Cycles | AF9: Total All
B10: 07.00 - 07.15 | C10: ='[2]Avg Week Gaba-Munyonyo'!C10+'[2]Avg Week Munyonyo-Gaba'!C10 -> 54.142857 | D10: ='[2]Avg Week Gaba-Munyonyo'!D10+'[2]Avg Week Munyonyo-Gaba'!D10 -> 17.857143 | E10: ='[2]Avg Week Gaba-Munyonyo'!E10+'[2]Avg Week Munyonyo-Gaba'!E10 -> 7.5714286 | F10: ='[2]Avg Week Gaba-Munyonyo'!F10+'[2]Avg Week Munyonyo-Gaba'!F10 -> 26 | G10: ='[2]Avg Week Gaba-Munyonyo'!G10+'[2]Avg Week Munyonyo-Gaba'!G10 -> 0.57142857 | H10: ='[2]Avg Week Gaba-Munyonyo'!H10+'[2]Avg Week Munyonyo-Gaba'!H10 -> 0 | I10: ='[2]Avg Week Gaba-Munyonyo'!I10+'[2]Avg Week Munyonyo-Gaba'!I10 -> 2.8571429 | J10: ='[2]Avg Week Gaba-Munyonyo'!J10+'[2]Avg Week Munyonyo-Gaba'!J10 -> 1.1428571 | ... N10: ='[2]Avg Week Gaba-Munyonyo'!N10+'[2]Avg Week Munyonyo-Gaba'!N10 -> 0 | O10: =SUM(C10:L10,N10) -> 110.42857 | P10: =SUM(C10:N10) -> 163.57143 | R10: 0700-0800 | S10: =SUM(C10:C13) -> 200.85714 | T10: =SUM(D10:D13) -> 99.571429 | U10: =SUM(E10:E13) -> 28 | V10: =SUM(F10:F13) -> 107.42857 | W10: =SUM(G10:G13) -> 3.7142857 | X10: =SUM(H10:H13) -> 0.57142857 | Y10: =SUM(I10:I13) -> 13.571429 | Z10: =SUM(J10:J13) -> 7.8571429 | ... AF10: =SUM(P10:P13) -> 710.42857
B11: 07.15 - 07.30 | C11: ='[2]Avg Week Gaba-Munyonyo'!C11+'[2]Avg Week Munyonyo-Gaba'!C11 -> 50.714286 | D11: ='[2]Avg Week Gaba-Munyonyo'!D11+'[2]Avg Week Munyonyo-Gaba'!D11 -> 24.285714 | E11: ='[2]Avg Week Gaba-Munyonyo'!E11+'[2]Avg Week Munyonyo-Gaba'!E11 -> 7.2857143 | F11: ='[2]Avg Week Gaba-Munyonyo'!F11+'[2]Avg Week Munyonyo-Gaba'!F11 -> 30.428571 | G11: ='[2]Avg Week Gaba-Munyonyo'!G11+'[2]Avg Week Munyonyo-Gaba'!G11 -> 1.4285714 | H11: ='[2]Avg Week Gaba-Munyonyo'!H11+'[2]Avg Week Munyonyo-Gaba'!H11 -> 0.28571429 | I11: ='[2]Avg Week Gaba-Munyonyo'!I11+'[2]Avg Week Munyonyo-Gaba'!I11 -> 2.7142857 | J11: ='[2]Avg Week Gaba-Munyonyo'!J11+'[2]Avg Week Munyonyo-Gaba'!J11 -> 2.7142857 | ... N11: ='[2]Avg Week Gaba-Munyonyo'!N11+'[2]Avg Week Munyonyo-Gaba'!N11 -> 0 | O11: =SUM(C11:L11,N11) -> 120.57143 | P11: =SUM(C11:N11) -> 180.57143 | R11: 0800-0900 | S11: =SUM(C14:C17) -> 192.57143 | T11: =SUM(D14:D17) -> 130 | U11: =SUM(E14:E17) -> 43.714286 | V11: =SUM(F14:F17) -> 119.71429 | W11: =SUM(G14:G17) -> 6 | X11: =SUM(H14:H17) -> 1 | Y11: =SUM(I14:I17) -> 15.571429 | Z11: =SUM(J14:J17) -> 9.5714286 | ... AF11: =SUM(P14:P17) -> 792
B12: 07.30 - 07.45 | C12: ='[2]Avg Week Gaba-Munyonyo'!C12+'[2]Avg Week Munyonyo-Gaba'!C12 -> 45 | D12: ='[2]Avg Week Gaba-Munyonyo'!D12+'[2]Avg Week Munyonyo-Gaba'!D12 -> 29.142857 | E12: ='[2]Avg Week Gaba-Munyonyo'!E12+'[2]Avg Week Munyonyo-Gaba'!E12 -> 5.7142857 | F12: ='[2]Avg Week Gaba-Munyonyo'!F12+'[2]Avg Week Munyonyo-Gaba'!F12 -> 25.142857 | G12: ='[2]Avg Week Gaba-Munyonyo'!G12+'[2]Avg Week Munyonyo-Gaba'!G12 -> 1.4285714 | H12: ='[2]Avg Week Gaba-Munyonyo'!H12+'[2]Avg Week Munyonyo-Gaba'!H12 -> 0.14285714 | I12: ='[2]Avg Week Gaba-Munyonyo'!I12+'[2]Avg Week Munyonyo-Gaba'!I12 -> 4.4285714 | J12: ='[2]Avg Week Gaba-Munyonyo'!J12+'[2]Avg Week Munyonyo-Gaba'!J12 -> 1.8571429 | ... N12: ='[2]Avg Week Gaba-Munyonyo'!N12+'[2]Avg Week Munyonyo-Gaba'!N12 -> 0 | O12: =SUM(C12:L12,N12) -> 113.42857 | P12: =SUM(C12:N12) -> 174.71429 | R12: 0900-1000 | S12: =SUM(C18:C21) -> 181.28571 | T12: =SUM(D18:D21) -> 130.28571 | U12: =SUM(E18:E21) -> 51.571429 | V12: =SUM(F18:F21) -> 101.42857 | W12: =SUM(G18:G21) -> 7.5714286 | X12: =SUM(H18:H21) -> 0.71428571 | Y12: =SUM(I18:I21) -> 18.714286 | Z12: =SUM(J18:J21) -> 9.4285714 | ... AF12: =SUM(P18:P21) -> 808.28571
B13: 07.45 - 08.00 | C13: ='[2]Avg Week Gaba-Munyonyo'!C13+'[2]Avg Week Munyonyo-Gaba'!C13 -> 51 | D13: ='[2]Avg Week Gaba-Munyonyo'!D13+'[2]Avg Week Munyonyo-Gaba'!D13 -> 28.285714 | E13: ='[2]Avg Week Gaba-Munyonyo'!E13+'[2]Avg Week Munyonyo-Gaba'!E13 -> 7.4285714 | F13: ='[2]Avg Week Gaba-Munyonyo'!F13+'[2]Avg Week Munyonyo-Gaba'!F13 -> 25.857143 | G13: ='[2]Avg Week Gaba-Munyonyo'!G13+'[2]Avg Week Munyonyo-Gaba'!G13 -> 0.28571429 | H13: ='[2]Avg Week Gaba-Munyonyo'!H13+'[2]Avg Week Munyonyo-Gaba'!H13 -> 0.14285714 | I13: ='[2]Avg Week Gaba-Munyonyo'!I13+'[2]Avg Week Munyonyo-Gaba'!I13 -> 3.5714286 | J13: ='[2]Avg Week Gaba-Munyonyo'!J13+'[2]Avg Week Munyonyo-Gaba'!J13 -> 2.1428571 | ... N13: ='[2]Avg Week Gaba-Munyonyo'!N13+'[2]Avg Week Munyonyo-Gaba'!N13 -> 0 | O13: =SUM(C13:L13,N13) -> 118.85714 | P13: =SUM(C13:N13) -> 191.57143 | R13: 1000-1100 | S13: =SUM(C22:C25) -> 196.42857 | T13: =SUM(D22:D25) -> 135 | U13: =SUM(E22:E25) -> 41.714286 | V13: =SUM(F22:F25) -> 90.857143 | W13: =SUM(G22:G25) -> 8.5714286 | X13: =SUM(H22:H25) -> 1.1428571 | Y13: =SUM(I22:I25) -> 18.285714 | Z13: =SUM(J22:J25) -> 9.7142857 | ... AF13: =SUM(P22:P25) -> 826.14286
B14: 08.00 - 08.15 | C14: ='[2]Avg Week Gaba-Munyonyo'!C14+'[2]Avg Week Munyonyo-Gaba'!C14 -> 52.285714 | D14: ='[2]Avg Week Gaba-Munyonyo'!D14+'[2]Avg Week Munyonyo-Gaba'!D14 -> 33.857143 | E14: ='[2]Avg Week Gaba-Munyonyo'!E14+'[2]Avg Week Munyonyo-Gaba'!E14 -> 10.857143 | F14: ='[2]Avg Week Gaba-Munyonyo'!F14+'[2]Avg Week Munyonyo-Gaba'!F14 -> 32 | G14: ='[2]Avg Week Gaba-Munyonyo'!G14+'[2]Avg Week Munyonyo-Gaba'!G14 -> 1.5714286 | H14: ='[2]Avg Week Gaba-Munyonyo'!H14+'[2]Avg Week Munyonyo-Gaba'!H14 -> 0 | I14: ='[2]Avg Week Gaba-Munyonyo'!I14+'[2]Avg Week Munyonyo-Gaba'!I14 -> 5.5714286 | J14: ='[2]Avg Week Gaba-Munyonyo'!J14+'[2]Avg Week Munyonyo-Gaba'!J14 -> 2.2857143 | ... N14: ='[2]Avg Week Gaba-Munyonyo'!N14+'[2]Avg Week Munyonyo-Gaba'!N14 -> 0 | O14: =SUM(C14:L14,N14) -> 138.57143 | P14: =SUM(C14:N14) -> 201.14286 | R14: 1100-1200 | S14: =SUM(C26:C29) -> 209.71429 | T14: =SUM(D26:D29) -> 134.85714 | U14: =SUM(E26:E29) -> 43.857143 | V14: =SUM(F26:F29) -> 109.28571 | W14: =SUM(G26:G29) -> 3.1428571 | X14: =SUM(H26:H29) -> 0.28571429 | Y14: =SUM(I26:I29) -> 20.428571 | Z14: =SUM(J26:J29) -> 10.857143 | ... AF14: =SUM(P26:P29) -> 888.85714
B15: 08.15 - 08.30 | C15: ='[2]Avg Week Gaba-Munyonyo'!C15+'[2]Avg Week Munyonyo-Gaba'!C15 -> 46.142857 | D15: ='[2]Avg Week Gaba-Munyonyo'!D15+'[2]Avg Week Munyonyo-Gaba'!D15 -> 31.428571 | E15: ='[2]Avg Week Gaba-Munyonyo'!E15+'[2]Avg Week Munyonyo-Gaba'!E15 -> 12.428571 | F15: ='[2]Avg Week Gaba-Munyonyo'!F15+'[2]Avg Week Munyonyo-Gaba'!F15 -> 29.142857 | G15: ='[2]Avg Week Gaba-Munyonyo'!G15+'[2]Avg Week Munyonyo-Gaba'!G15 -> 1.1428571 | H15: ='[2]Avg Week Gaba-Munyonyo'!H15+'[2]Avg Week Munyonyo-Gaba'!H15 -> 0.42857143 | I15: ='[2]Avg Week Gaba-Munyonyo'!I15+'[2]Avg Week Munyonyo-Gaba'!I15 -> 2.5714286 | J15: ='[2]Avg Week Gaba-Munyonyo'!J15+'[2]Avg Week Munyonyo-Gaba'!J15 -> 3.1428571 | ... N15: ='[2]Avg Week Gaba-Munyonyo'!N15+'[2]Avg Week Munyonyo-Gaba'!N15 -> 0 | O15: =SUM(C15:L15,N15) -> 126.57143 | P15: =SUM(C15:N15) -> 189.57143 | R15: 1200-1300 | S15: =SUM(C30:C33) -> 224.42857 | T15: =SUM(D30:D33) -> 125.57143 | U15: =SUM(E30:E33) -> 39.428571 | V15: =SUM(F30:F33) -> 100.71429 | W15: =SUM(G30:G33) -> 9.8571429 | X15: =SUM(H30:H33) -> 0.28571429 | Y15: =SUM(I30:I33) -> 22.571429 | Z15: =SUM(J30:J33) -> 11.142857 | ... AF15: =SUM(P30:P33) -> 855.85714
B16: 08.30 - 08.45 | C16: ='[2]Avg Week Gaba-Munyonyo'!C16+'[2]Avg Week Munyonyo-Gaba'!C16 -> 47.428571 | D16: ='[2]Avg Week Gaba-Munyonyo'!D16+'[2]Avg Week Munyonyo-Gaba'!D16 -> 32.857143 | E16: ='[2]Avg Week Gaba-Munyonyo'!E16+'[2]Avg Week Munyonyo-Gaba'!E16 -> 9.1428571 | F16: ='[2]Avg Week Gaba-Munyonyo'!F16+'[2]Avg Week Munyonyo-Gaba'!F16 -> 28.857143 | G16: ='[2]Avg Week Gaba-Munyonyo'!G16+'[2]Avg Week Munyonyo-Gaba'!G16 -> 1.2857143 | H16: ='[2]Avg Week Gaba-Munyonyo'!H16+'[2]Avg Week Munyonyo-Gaba'!H16 -> 0.14285714 | I16: ='[2]Avg Week Gaba-Munyonyo'!I16+'[2]Avg Week Munyonyo-Gaba'!I16 -> 4.2857143 | J16: ='[2]Avg Week Gaba-Munyonyo'!J16+'[2]Avg Week Munyonyo-Gaba'!J16 -> 2.7142857 | ... N16: ='[2]Avg Week Gaba-Munyonyo'!N16+'[2]Avg Week Munyonyo-Gaba'!N16 -> 0 | O16: =SUM(C16:L16,N16) -> 127.14286 | P16: =SUM(C16:N16) -> 201.71429 | R16: 1300-1400 | S16: =SUM(C34:C37) -> 215 | T16: =SUM(D34:D37) -> 116.71429 | U16: =SUM(E34:E37) -> 50.714286 | V16: =SUM(F34:F37) -> 89.571429 | W16: =SUM(G34:G37) -> 3 | X16: =SUM(H34:H37) -> 0.28571429 | Y16: =SUM(I34:I37) -> 18.428571 | Z16: =SUM(J34:J37) -> 10.857143 | ... AF16: =SUM(P34:P37) -> 809.28571
B17: 08.45 - 9.00 | C17: ='[2]Avg Week Gaba-Munyonyo'!C17+'[2]Avg Week Munyonyo-Gaba'!C17 -> 46.714286 | D17: ='[2]Avg Week Gaba-Munyonyo'!D17+'[2]Avg Week Munyonyo-Gaba'!D17 -> 31.857143 | E17: ='[2]Avg Week Gaba-Munyonyo'!E17+'[2]Avg Week Munyonyo-Gaba'!E17 -> 11.285714 | F17: ='[2]Avg Week Gaba-Munyonyo'!F17+'[2]Avg Week Munyonyo-Gaba'!F17 -> 29.714286 | G17: ='[2]Avg Week Gaba-Munyonyo'!G17+'[2]Avg Week Munyonyo-Gaba'!G17 -> 2 | H17: ='[2]Avg Week Gaba-Munyonyo'!H17+'[2]Avg Week Munyonyo-Gaba'!H17 -> 0.42857143 | I17: ='[2]Avg Week Gaba-Munyonyo'!I17+'[2]Avg Week Munyonyo-Gaba'!I17 -> 3.1428571 | J17: ='[2]Avg Week Gaba-Munyonyo'!J17+'[2]Avg Week Munyonyo-Gaba'!J17 -> 1.4285714 | ... N17: ='[2]Avg Week Gaba-Munyonyo'!N17+'[2]Avg Week Munyonyo-Gaba'!N17 -> 0 | O17: =SUM(C17:L17,N17) -> 126.57143 | P17: =SUM(C17:N17) -> 199.57143 | R17: 1400-1500 | S17: =SUM(C38:C41) -> 231.85714 | T17: =SUM(D38:D41) -> 126 | U17: =SUM(E38:E41) -> 34.571429 | V17: =SUM(F38:F41) -> 86.142857 | W17: =SUM(G38:G41) -> 5.4285714 | X17: =SUM(H38:H41) -> 0.71428571 | Y17: =SUM(I38:I41) -> 21.857143 | Z17: =SUM(J38:J41) -> 11.857143 | ... AF17: =SUM(P38:P41) -> 822.14286
B18: 09.00 - 09.15 | C18: ='[2]Avg Week Gaba-Munyonyo'!C18+'[2]Avg Week Munyonyo-Gaba'!C18 -> 45.571429 | D18: ='[2]Avg Week Gaba-Munyonyo'!D18+'[2]Avg Week Munyonyo-Gaba'!D18 -> 34 | E18: ='[2]Avg Week Gaba-Munyonyo'!E18+'[2]Avg Week Munyonyo-Gaba'!E18 -> 14 | F18: ='[2]Avg Week Gaba-Munyonyo'!F18+'[2]Avg Week Munyonyo-Gaba'!F18 -> 26.714286 | G18: ='[2]Avg Week Gaba-Munyonyo'!G18+'[2]Avg Week Munyonyo-Gaba'!G18 -> 2 | H18: ='[2]Avg Week Gaba-Munyonyo'!H18+'[2]Avg Week Munyonyo-Gaba'!H18 -> 0 | I18: ='[2]Avg Week Gaba-Munyonyo'!I18+'[2]Avg Week Munyonyo-Gaba'!I18 -> 3.2857143 | J18: ='[2]Avg Week Gaba-Munyonyo'!J18+'[2]Avg Week Munyonyo-Gaba'!J18 -> 2.5714286 | ... N18: ='[2]Avg Week Gaba-Munyonyo'!N18+'[2]Avg Week Munyonyo-Gaba'!N18 -> 0 | O18: =SUM(C18:L18,N18) -> 128.28571 | P18: =SUM(C18:N18) -> 208.14286 | R18: 1500-1600 | S18: =SUM(C42:C45) -> 268.71429 | T18: =SUM(D42:D45) -> 131.71429 | U18: =SUM(E42:E45) -> 36.142857 | V18: =SUM(F42:F45) -> 85.857143 | W18: =SUM(G42:G45) -> 3.8571429 | X18: =SUM(H42:H45) -> 0.42857143 | Y18: =SUM(I42:I45) -> 19.714286 | Z18: =SUM(J42:J45) -> 13.571429 | ... AF18: =SUM(P42:P45) -> 856.88095
B19: 09.15 - 09.30 | C19: ='[2]Avg Week Gaba-Munyonyo'!C19+'[2]Avg Week Munyonyo-Gaba'!C19 -> 48.428571 | D19: ='[2]Avg Week Gaba-Munyonyo'!D19+'[2]Avg Week Munyonyo-Gaba'!D19 -> 38.428571 | E19: ='[2]Avg Week Gaba-Munyonyo'!E19+'[2]Avg Week Munyonyo-Gaba'!E19 -> 12.857143 | F19: ='[2]Avg Week Gaba-Munyonyo'!F19+'[2]Avg Week Munyonyo-Gaba'!F19 -> 32.571429 | G19: ='[2]Avg Week Gaba-Munyonyo'!G19+'[2]Avg Week Munyonyo-Gaba'!G19 -> 2.2857143 | H19: ='[2]Avg Week Gaba-Munyonyo'!H19+'[2]Avg Week Munyonyo-Gaba'!H19 -> 0.14285714 | I19: ='[2]Avg Week Gaba-Munyonyo'!I19+'[2]Avg Week Munyonyo-Gaba'!I19 -> 6.2857143 | J19: ='[2]Avg Week Gaba-Munyonyo'!J19+'[2]Avg Week Munyonyo-Gaba'!J19 -> 2.4285714 | ... N19: ='[2]Avg Week Gaba-Munyonyo'!N19+'[2]Avg Week Munyonyo-Gaba'!N19 -> 0 | O19: =SUM(C19:L19,N19) -> 143.85714 | P19: =SUM(C19:N19) -> 222.28571 | R19: 1600-1700 | S19: =SUM(C46:C49) -> 262 | T19: =SUM(D46:D49) -> 143.42857 | U19: =SUM(E46:E49) -> 35 | V19: =SUM(F46:F49) -> 108.85714 | W19: =SUM(G46:G49) -> 4.2857143 | X19: =SUM(H46:H49) -> 0.42857143 | Y19: =SUM(I46:I49) -> 20.142857 | Z19: =SUM(J46:J49) -> 9.8571429 | ... AF19: =SUM(P46:P49) -> 919
B20: 09.30 - 09.45 | C20: ='[2]Avg Week Gaba-Munyonyo'!C20+'[2]Avg Week Munyonyo-Gaba'!C20 -> 46.571429 | D20: ='[2]Avg Week Gaba-Munyonyo'!D20+'[2]Avg Week Munyonyo-Gaba'!D20 -> 28.714286 | E20: ='[2]Avg Week Gaba-Munyonyo'!E20+'[2]Avg Week Munyonyo-Gaba'!E20 -> 12.428571 | F20: ='[2]Avg Week Gaba-Munyonyo'!F20+'[2]Avg Week Munyonyo-Gaba'!F20 -> 21 | G20: ='[2]Avg Week Gaba-Munyonyo'!G20+'[2]Avg Week Munyonyo-Gaba'!G20 -> 1.8571429 | H20: ='[2]Avg Week Gaba-Munyonyo'!H20+'[2]Avg Week Munyonyo-Gaba'!H20 -> 0.42857143 | I20: ='[2]Avg Week Gaba-Munyonyo'!I20+'[2]Avg Week Munyonyo-Gaba'!I20 -> 4.5714286 | J20: ='[2]Avg Week Gaba-Munyonyo'!J20+'[2]Avg Week Munyonyo-Gaba'!J20 -> 2 | ... N20: ='[2]Avg Week Gaba-Munyonyo'!N20+'[2]Avg Week Munyonyo-Gaba'!N20 -> 0 | O20: =SUM(C20:L20,N20) -> 118.14286 | P20: =SUM(C20:N20) -> 200.85714 | R20: 1700-1800 | S20: =SUM(C50:C53) -> 265 | T20: =SUM(D50:D53) -> 154.85714 | U20: =SUM(E50:E53) -> 37 | V20: =SUM(F50:F53) -> 96.714286 | W20: =SUM(G50:G53) -> 5.5714286 | X20: =SUM(H50:H53) -> 0.42857143 | Y20: =SUM(I50:I53) -> 20.285714 | Z20: =SUM(J50:J53) -> 11 | ... AF20: =SUM(P50:P53) -> 946.28571
B21: 09.45 - 10.00 | C21: ='[2]Avg Week Gaba-Munyonyo'!C21+'[2]Avg Week Munyonyo-Gaba'!C21 -> 40.714286 | D21: ='[2]Avg Week Gaba-Munyonyo'!D21+'[2]Avg Week Munyonyo-Gaba'!D21 -> 29.142857 | E21: ='[2]Avg Week Gaba-Munyonyo'!E21+'[2]Avg Week Munyonyo-Gaba'!E21 -> 12.285714 | F21: ='[2]Avg Week Gaba-Munyonyo'!F21+'[2]Avg Week Munyonyo-Gaba'!F21 -> 21.142857 | G21: ='[2]Avg Week Gaba-Munyonyo'!G21+'[2]Avg Week Munyonyo-Gaba'!G21 -> 1.4285714 | H21: ='[2]Avg Week Gaba-Munyonyo'!H21+'[2]Avg Week Munyonyo-Gaba'!H21 -> 0.14285714 | I21: ='[2]Avg Week Gaba-Munyonyo'!I21+'[2]Avg Week Munyonyo-Gaba'!I21 -> 4.5714286 | J21: ='[2]Avg Week Gaba-Munyonyo'!J21+'[2]Avg Week Munyonyo-Gaba'!J21 -> 2.4285714 | ... N21: ='[2]Avg Week Gaba-Munyonyo'!N21+'[2]Avg Week Munyonyo-Gaba'!N21 -> 0 | O21: =SUM(C21:L21,N21) -> 112.28571 | P21: =SUM(C21:N21) -> 177 | R21: 1800-1900 | S21: =SUM(C54:C57) -> 245.71429 | T21: =SUM(D54:D57) -> 157.28571 | U21: =SUM(E54:E57) -> 50.571429 | V21: =SUM(F54:F57) -> 114.71429 | W21: =SUM(G54:G57) -> 6.4285714 | X21: =SUM(H54:H57) -> 1.2857143 | Y21: =SUM(I54:I57) -> 17.142857 | Z21: =SUM(J54:J57) -> 9.4285714 | ... AF21: =SUM(P54:P57) -> 989.57143
B22: 10.00 - 10.15 | C22: ='[2]Avg Week Gaba-Munyonyo'!C22+'[2]Avg Week Munyonyo-Gaba'!C22 -> 45.285714 | D22: ='[2]Avg Week Gaba-Munyonyo'!D22+'[2]Avg Week Munyonyo-Gaba'!D22 -> 31.428571 | E22: ='[2]Avg Week Gaba-Munyonyo'!E22+'[2]Avg Week Munyonyo-Gaba'!E22 -> 10.714286 | F22: ='[2]Avg Week Gaba-Munyonyo'!F22+'[2]Avg Week Munyonyo-Gaba'!F22 -> 26 | G22: ='[2]Avg Week Gaba-Munyonyo'!G22+'[2]Avg Week Munyonyo-Gaba'!G22 -> 2.5714286 | H22: ='[2]Avg Week Gaba-Munyonyo'!H22+'[2]Avg Week Munyonyo-Gaba'!H22 -> 0.14285714 | I22: ='[2]Avg Week Gaba-Munyonyo'!I22+'[2]Avg Week Munyonyo-Gaba'!I22 -> 4.2857143 | J22: ='[2]Avg Week Gaba-Munyonyo'!J22+'[2]Avg Week Munyonyo-Gaba'!J22 -> 2.4285714 | ... N22: ='[2]Avg Week Gaba-Munyonyo'!N22+'[2]Avg Week Munyonyo-Gaba'!N22 -> 0 | O22: =SUM(C22:L22,N22) -> 123.28571 | P22: =SUM(C22:N22) -> 198.42857 | R22: 1900-2000 | S22: =SUM(C58:C61) -> 259.5 | T22: =SUM(D58:D61) -> 153.5 | U22: =SUM(E58:E61) -> 44 | V22: =SUM(F58:F61) -> 92.5 | W22: =SUM(G58:G61) -> 3 | X22: =SUM(H58:H61) -> 1.5 | Y22: =SUM(I58:I61) -> 21.5 | Z22: =SUM(J58:J61) -> 6.5 | ... AF22: =SUM(P58:P61) -> 1097
B23: 10.15 - 10.30 | C23: ='[2]Avg Week Gaba-Munyonyo'!C23+'[2]Avg Week Munyonyo-Gaba'!C23 -> 46.142857 | D23: ='[2]Avg Week Gaba-Munyonyo'!D23+'[2]Avg Week Munyonyo-Gaba'!D23 -> 37.142857 | E23: ='[2]Avg Week Gaba-Munyonyo'!E23+'[2]Avg Week Munyonyo-Gaba'!E23 -> 10.714286 | F23: ='[2]Avg Week Gaba-Munyonyo'!F23+'[2]Avg Week Munyonyo-Gaba'!F23 -> 19.571429 | G23: ='[2]Avg Week Gaba-Munyonyo'!G23+'[2]Avg Week Munyonyo-Gaba'!G23 -> 3 | H23: ='[2]Avg Week Gaba-Munyonyo'!H23+'[2]Avg Week Munyonyo-Gaba'!H23 -> 0.28571429 | I23: ='[2]Avg Week Gaba-Munyonyo'!I23+'[2]Avg Week Munyonyo-Gaba'!I23 -> 5.5714286 | J23: ='[2]Avg Week Gaba-Munyonyo'!J23+'[2]Avg Week Munyonyo-Gaba'!J23 -> 2.5714286 | ... N23: ='[2]Avg Week Gaba-Munyonyo'!N23+'[2]Avg Week Munyonyo-Gaba'!N23 -> 0 | O23: =SUM(C23:L23,N23) -> 125.28571 | P23: =SUM(C23:N23) -> 205.85714 | R23: 2000-2100 | S23: =SUM(C62:C65) -> 269.5 | T23: =SUM(D62:D65) -> 117.5 | U23: =SUM(E62:E65) -> 34.5 | V23: =SUM(F62:F65) -> 97 | W23: =SUM(G62:G65) -> 2.5 | X23: =SUM(H62:H65) -> 2 | Y23: =SUM(I62:I65) -> 16 | Z23: =SUM(J62:J65) -> 5 | ... AF23: =SUM(P62:P65) -> 1019.5
B24: 10.30 - 10.45 | C24: ='[2]Avg Week Gaba-Munyonyo'!C24+'[2]Avg Week Munyonyo-Gaba'!C24 -> 53.142857 | D24: ='[2]Avg Week Gaba-Munyonyo'!D24+'[2]Avg Week Munyonyo-Gaba'!D24 -> 37.285714 | E24: ='[2]Avg Week Gaba-Munyonyo'!E24+'[2]Avg Week Munyonyo-Gaba'!E24 -> 8.8571429 | F24: ='[2]Avg Week Gaba-Munyonyo'!F24+'[2]Avg Week Munyonyo-Gaba'!F24 -> 21.142857 | G24: ='[2]Avg Week Gaba-Munyonyo'!G24+'[2]Avg Week Munyonyo-Gaba'!G24 -> 2 | H24: ='[2]Avg Week Gaba-Munyonyo'!H24+'[2]Avg Week Munyonyo-Gaba'!H24 -> 0.14285714 | I24: ='[2]Avg Week Gaba-Munyonyo'!I24+'[2]Avg Week Munyonyo-Gaba'!I24 -> 3.8571429 | J24: ='[2]Avg Week Gaba-Munyonyo'!J24+'[2]Avg Week Munyonyo-Gaba'!J24 -> 2.4285714 | ... N24: ='[2]Avg Week Gaba-Munyonyo'!N24+'[2]Avg Week Munyonyo-Gaba'!N24 -> 0 | O24: =SUM(C24:L24,N24) -> 129.14286 | P24: =SUM(C24:N24) -> 209.14286 | R24: 2100-2200 | S24: =SUM(C66:C69) -> 275.5 | T24: =SUM(D66:D69) -> 134 | U24: =SUM(E66:E69) -> 33 | V24: =SUM(F66:F69) -> 76.5 | W24: =SUM(G66:G69) -> 1.5 | X24: =SUM(H66:H69) -> 0 | Y24: =SUM(I66:I69) -> 16 | Z24: =SUM(J66:J69) -> 4 | ... AF24: =SUM(P66:P69) -> 1003
B25: 10.45 - 11.00 | C25: ='[2]Avg Week Gaba-Munyonyo'!C25+'[2]Avg Week Munyonyo-Gaba'!C25 -> 51.857143 | D25: ='[2]Avg Week Gaba-Munyonyo'!D25+'[2]Avg Week Munyonyo-Gaba'!D25 -> 29.142857 | E25: ='[2]Avg Week Gaba-Munyonyo'!E25+'[2]Avg Week Munyonyo-Gaba'!E25 -> 11.428571 | F25: ='[2]Avg Week Gaba-Munyonyo'!F25+'[2]Avg Week Munyonyo-Gaba'!F25 -> 24.142857 | G25: ='[2]Avg Week Gaba-Munyonyo'!G25+'[2]Avg Week Munyonyo-Gaba'!G25 -> 1 | H25: ='[2]Avg Week Gaba-Munyonyo'!H25+'[2]Avg Week Munyonyo-Gaba'!H25 -> 0.57142857 | I25: ='[2]Avg Week Gaba-Munyonyo'!I25+'[2]Avg Week Munyonyo-Gaba'!I25 -> 4.5714286 | J25: ='[2]Avg Week Gaba-Munyonyo'!J25+'[2]Avg Week Munyonyo-Gaba'!J25 -> 2.2857143 | ... N25: ='[2]Avg Week Gaba-Munyonyo'!N25+'[2]Avg Week Munyonyo-Gaba'!N25 -> 0 | O25: =SUM(C25:L25,N25) -> 125.28571 | P25: =SUM(C25:N25) -> 212.71429 | R25: 2200-2300 | S25: =SUM(C70:C73) -> 241 | T25: =SUM(D70:D73) -> 86 | U25: =SUM(E70:E73) -> 27.5 | V25: =SUM(F70:F73) -> 62.5 | W25: =SUM(G70:G73) -> 1.5 | X25: =SUM(H70:H73) -> 2 | Y25: =SUM(I70:I73) -> 5.5 | Z25: =SUM(J70:J73) -> 1.5 | ... AF25: =SUM(P70:P73) -> 761
B26: 11.00 - 11.15 | C26: ='[2]Avg Week Gaba-Munyonyo'!C26+'[2]Avg Week Munyonyo-Gaba'!C26 -> 53.857143 | D26: ='[2]Avg Week Gaba-Munyonyo'!D26+'[2]Avg Week Munyonyo-Gaba'!D26 -> 33 | E26: ='[2]Avg Week Gaba-Munyonyo'!E26+'[2]Avg Week Munyonyo-Gaba'!E26 -> 10.714286 | F26: ='[2]Avg Week Gaba-Munyonyo'!F26+'[2]Avg Week Munyonyo-Gaba'!F26 -> 26.714286 | G26: ='[2]Avg Week Gaba-Munyonyo'!G26+'[2]Avg Week Munyonyo-Gaba'!G26 -> 0.57142857 | H26: ='[2]Avg Week Gaba-Munyonyo'!H26+'[2]Avg Week Munyonyo-Gaba'!H26 -> 0.28571429 | I26: ='[2]Avg Week Gaba-Munyonyo'!I26+'[2]Avg Week Munyonyo-Gaba'!I26 -> 5.5714286 | J26: ='[2]Avg Week Gaba-Munyonyo'!J26+'[2]Avg Week Munyonyo-Gaba'!J26 -> 2.4285714 | ... N26: ='[2]Avg Week Gaba-Munyonyo'!N26+'[2]Avg Week Munyonyo-Gaba'!N26 -> 0 | O26: =SUM(C26:L26,N26) -> 133.42857 | P26: =SUM(C26:N26) -> 213.28571 | R26: 2300-0000 | S26: =SUM(C74:C77) -> 164 | T26: =SUM(D74:D77) -> 98 | U26: =SUM(E74:E77) -> 26.5 | V26: =SUM(F74:F77) -> 35.5 | W26: =SUM(G74:G77) -> 6 | X26: =SUM(H74:H77) -> 0.5 | Y26: =SUM(I74:I77) -> 1 | Z26: =SUM(J74:J77) -> 1.5 | ... AF26: =SUM(P74:P77) -> 522.5
B27: 11.15 - 11.30 | C27: ='[2]Avg Week Gaba-Munyonyo'!C27+'[2]Avg Week Munyonyo-Gaba'!C27 -> 46.428571 | D27: ='[2]Avg Week Gaba-Munyonyo'!D27+'[2]Avg Week Munyonyo-Gaba'!D27 -> 31.428571 | E27: ='[2]Avg Week Gaba-Munyonyo'!E27+'[2]Avg Week Munyonyo-Gaba'!E27 -> 9.1428571 | F27: ='[2]Avg Week Gaba-Munyonyo'!F27+'[2]Avg Week Munyonyo-Gaba'!F27 -> 22.714286 | G27: ='[2]Avg Week Gaba-Munyonyo'!G27+'[2]Avg Week Munyonyo-Gaba'!G27 -> 1.1428571 | H27: ='[2]Avg Week Gaba-Munyonyo'!H27+'[2]Avg Week Munyonyo-Gaba'!H27 -> 0 | I27: ='[2]Avg Week Gaba-Munyonyo'!I27+'[2]Avg Week Munyonyo-Gaba'!I27 -> 3.5714286 | J27: ='[2]Avg Week Gaba-Munyonyo'!J27+'[2]Avg Week Munyonyo-Gaba'!J27 -> 4.2857143 | ... N27: ='[2]Avg Week Gaba-Munyonyo'!N27+'[2]Avg Week Munyonyo-Gaba'!N27 -> 0 | O27: =SUM(C27:L27,N27) -> 119.42857 | P27: =SUM(C27:N27) -> 207.57143 | R27: 0000-0100 | S27: =SUM(C78:C81) -> 137 | T27: =SUM(D78:D81) -> 63.5 | U27: =SUM(E78:E81) -> 18.5 | V27: =SUM(F78:F81) -> 17.5 | W27: =SUM(G78:G81) -> 3.5 | X27: =SUM(H78:H81) -> 0 | Y27: =SUM(I78:I81) -> 3.5 | Z27: =SUM(J78:J81) -> 0 | ... AF27: =SUM(P78:P81) -> 397
B28: 11.30 - 11.45 | C28: ='[2]Avg Week Gaba-Munyonyo'!C28+'[2]Avg Week Munyonyo-Gaba'!C28 -> 51.285714 | D28: ='[2]Avg Week Gaba-Munyonyo'!D28+'[2]Avg Week Munyonyo-Gaba'!D28 -> 34.857143 | E28: ='[2]Avg Week Gaba-Munyonyo'!E28+'[2]Avg Week Munyonyo-Gaba'!E28 -> 10.857143 | F28: ='[2]Avg Week Gaba-Munyonyo'!F28+'[2]Avg Week Munyonyo-Gaba'!F28 -> 28.285714 | G28: ='[2]Avg Week Gaba-Munyonyo'!G28+'[2]Avg Week Munyonyo-Gaba'!G28 -> 0.42857143 | H28: ='[2]Avg Week Gaba-Munyonyo'!H28+'[2]Avg Week Munyonyo-Gaba'!H28 -> 0 | I28: ='[2]Avg Week Gaba-Munyonyo'!I28+'[2]Avg Week Munyonyo-Gaba'!I28 -> 4.8571429 | J28: ='[2]Avg Week Gaba-Munyonyo'!J28+'[2]Avg Week Munyonyo-Gaba'!J28 -> 2.5714286 | ... N28: ='[2]Avg Week Gaba-Munyonyo'!N28+'[2]Avg Week Munyonyo-Gaba'!N28 -> 0 | O28: =SUM(C28:L28,N28) -> 134 | P28: =SUM(C28:N28) -> 226.57143 | R28: 0100-0200 | S28: =SUM(C82:C85) -> 122.5 | T28: =SUM(D82:D85) -> 28 | U28: =SUM(E82:E85) -> 12 | V28: =SUM(F82:F85) -> 8.5 | W28: =SUM(G82:G85) -> 2 | X28: =SUM(H82:H85) -> 0 | Y28: =SUM(I82:I85) -> 3.5 | Z28: =SUM(J82:J85) -> 0 | ... AF28: =SUM(P82:P85) -> 274
