Workbook

Sheet ALL
B1: Consultancy services for Preparation of Expressway Development Master Plan (EDMP) for Uganda
B2: MANUAL CLASSIFIED COUNT (MCC)
B3: ROAD NAME: | C3: ='[1]28.07 Entebbe-Kampala'!C3:G3 -> MCC - C1 - STN02 - KAMPALA-ENTEBBE ROAD
C5: Date | D5: AVERAGE WEEK | F5: Location | G5: ='[1]Avg Week Entebbe-Kampala'!G5:H5 -> Nyondo Club | J5: Surveyor
C6: Dir. From | D6: BOTH DIRECTIONS | F6: Dir. To | G6: BOTH DIRECTIONS | J6: Supervisor
B8: Time / Veh Type | R8: SUMMARY TRAFFIC VOLUMES
C9: 1. Car | D9: 2. Station Wagon | E9: 3. Pickups | F9: 4. Minibus, matatu | G9: 5. Medium bus | H9: 6. Large Bus | I9: 7. Light Truck | J9: 8. Medium Truck | K9: 9. Heavy truck | L9: 10. Truck Trailer | M9: 11. Motor cycles | N9: 12. Tractors | O9: Total Excl M/Cycles | P9: Total All | R9: Time | S9: 1. Car | T9: 2. Station Wagon | U9: 3. Pickups | V9: 4. Minibus, matatu | W9: 5. Medium bus | X9: 6. Large Bus | Y9: 7. Light Truck | Z9: 8. Medium Truck | AA9: 9. Heavy truck | AB9: 10. Truck Trailer | AC9: 11. Motorcycles | AD9: 12. Tractors, Graders | AE9: Total Excl M/ Cycles | AF9: Total All
B10: 07.00 - 07.15 | C10: =AVERAGE('78'!C10,'79'!C10,'80'!C10,'81'!C10,'82'!C10,'83'!C10,'84A'!C10,'84'!C10,'85'!C10,'86'!C10,'87'!C10,'88'!C10,'89'!C10,'91'!C10,'92'!C10,'93'!C10,'94'!C10,'94A'!C10,'95'!C10,'96'!C10,'97'!C10,'98'!C10,'142'!C10,'143'!C10,'90'!C10,'93A'!C10) -> 5.3214286 | D10: =AVERAGE('78'!D10,'79'!D10,'80'!D10,'81'!D10,'82'!D10,'83'!D10,'84A'!D10,'84'!D10,'85'!D10,'86'!D10,'87'!D10,'88'!D10,'89'!D10,'91'!D10,'92'!D10,'93'!D10,'94'!D10,'94A'!D10,'95'!D10,'96'!D10,'97'!D10,'98'!D10,'142'!D10,'143'!D10,'90'!D10,'93A'!D10) -> 1.339011 | E10: =AVERAGE('78'!E10,'79'!E10,'80'!E10,'81'!E10,'82'!E10,'83'!E10,'84A'!E10,'84'!E10,'85'!E10,'86'!E10,'87'!E10,'88'!E10,'89'!E10,'91'!E10,'92'!E10,'93'!E10,'94'!E10,'94A'!E10,'95'!E10,'96'!E10,'97'!E10,'98'!E10,'142'!E10,'143'!E10,'90'!E10,'93A'!E10) -> 2.4417582 | F10: =AVERAGE('78'!F10,'79'!F10,'80'!F10,'81'!F10,'82'!F10,'83'!F10,'84A'!F10,'84'!F10,'85'!F10,'86'!F10,'87'!F10,'88'!F10,'89'!F10,'91'!F10,'92'!F10,'93'!F10,'94'!F10,'94A'!F10,'95'!F10,'96'!F10,'97'!F10,'98'!F10,'142'!F10,'143'!F10,'90'!F10,'93A'!F10) -> 7.2510989 | G10: =AVERAGE('78'!G10,'79'!G10,'80'!G10,'81'!G10,'82'!G10,'83'!G10,'84A'!G10,'84'!G10,'85'!G10,'86'!G10,'87'!G10,'88'!G10,'89'!G10,'91'!G10,'92'!G10,'93'!G10,'94'!G10,'94A'!G10,'95'!G10,'96'!G10,'97'!G10,'98'!G10,'142'!G10,'143'!G10,'90'!G10,'93A'!G10) -> 0.92967033 | H10: =AVERAGE('78'!H10,'79'!H10,'80'!H10,'81'!H10,'82'!H10,'83'!H10,'84A'!H10,'84'!H10,'85'!H10,'86'!H10,'87'!H10,'88'!H10,'89'!H10,'91'!H10,'92'!H10,'93'!H10,'94'!H10,'94A'!H10,'95'!H10,'96'!H10,'97'!H10,'98'!H10,'142'!H10,'143'!H10,'90'!H10,'93A'!H10) -> 0.37307692 | I10: =AVERAGE('78'!I10,'79'!I10,'80'!I10,'81'!I10,'82'!I10,'83'!I10,'84A'!I10,'84'!I10,'85'!I10,'86'!I10,'87'!I10,'88'!I10,'89'!I10,'91'!I10,'92'!I10,'93'!I10,'94'!I10,'94A'!I10,'95'!I10,'96'!I10,'97'!I10,'98'!I10,'142'!I10,'143'!I10,'90'!I10,'93A'!I10) -> 2.5961538 | J10: =AVERAGE('78'!J10,'79'!J10,'80'!J10,'81'!J10,'82'!J10,'83'!J10,'84A'!J10,'84'!J10,'85'!J10,'86'!J10,'87'!J10,'88'!J10,'89'!J10,'91'!J10,'92'!J10,'93'!J10,'94'!J10,'94A'!J10,'95'!J10,'96'!J10,'97'!J10,'98'!J10,'142'!J10,'143'!J10,'90'!J10,'93A'!J10) -> 1.8373626 | ... N10: =AVERAGE('78'!N10,'79'!N10,'80'!N10,'81'!N10,'82'!N10,'83'!N10,'84A'!N10,'84'!N10,'85'!N10,'86'!N10,'87'!N10,'88'!N10,'89'!N10,'91'!N10,'92'!N10,'93'!N10,'94'!N10,'94A'!N10,'95'!N10,'96'!N10,'97'!N10,'98'!N10,'142'!N10,'143'!N10,'90'!N10,'93A'!N10) -> 0.082417582 | O10: =AVERAGE('78'!O10,'79'!O10,'80'!O10,'81'!O10,'82'!O10,'83'!O10,'84A'!O10,'84'!O10,'85'!O10,'86'!O10,'87'!O10,'88'!O10,'89'!O10,'91'!O10,'92'!O10,'93'!O10,'94'!O10,'94A'!O10,'95'!O10,'96'!O10,'97'!O10,'98'!O10,'142'!O10,'143'!O10,'90'!O10) -> 25.011429 | P10: =AVERAGE('78'!P10,'79'!P10,'80'!P10,'81'!P10,'82'!P10,'83'!P10,'84A'!P10,'84'!P10,'85'!P10,'86'!P10,'87'!P10,'88'!P10,'89'!P10,'91'!P10,'92'!P10,'93'!P10,'94'!P10,'94A'!P10,'95'!P10,'96'!P10,'97'!P10,'98'!P10,'142'!P10,'143'!P10,'90'!P10) -> 53.434286 | R10: 0700-0800 | S10: =SUM(C10:C13) -> 23.786264 | T10: =SUM(D10:D13) -> 6.4708791 | U10: =SUM(E10:E13) -> 10.771429 | V10: =SUM(F10:F13) -> 34.998901 | W10: =SUM(G10:G13) -> 3.0362637 | X10: =SUM(H10:H13) -> 1.6642857 | Y10: =SUM(I10:I13) -> 10.344505 | Z10: =SUM(J10:J13) -> 7.8318681 | ... AF10: =SUM(P10:P13) -> 247.36
B11: 07.15 - 07.30 | C11: =AVERAGE('78'!C11,'79'!C11,'80'!C11,'81'!C11,'82'!C11,'83'!C11,'84A'!C11,'84'!C11,'85'!C11,'86'!C11,'87'!C11,'88'!C11,'89'!C11,'91'!C11,'92'!C11,'93'!C11,'94'!C11,'94A'!C11,'95'!C11,'96'!C11,'97'!C11,'98'!C11,'142'!C11,'143'!C11,'90'!C11,'93A'!C11) -> 5.4093407 | D11: =AVERAGE('78'!D11,'79'!D11,'80'!D11,'81'!D11,'82'!D11,'83'!D11,'84A'!D11,'84'!D11,'85'!D11,'86'!D11,'87'!D11,'88'!D11,'89'!D11,'91'!D11,'92'!D11,'93'!D11,'94'!D11,'94A'!D11,'95'!D11,'96'!D11,'97'!D11,'98'!D11,'142'!D11,'143'!D11,'90'!D11,'93A'!D11) -> 1.4313187 | E11: =AVERAGE('78'!E11,'79'!E11,'80'!E11,'81'!E11,'82'!E11,'83'!E11,'84A'!E11,'84'!E11,'85'!E11,'86'!E11,'87'!E11,'88'!E11,'89'!E11,'91'!E11,'92'!E11,'93'!E11,'94'!E11,'94A'!E11,'95'!E11,'96'!E11,'97'!E11,'98'!E11,'142'!E11,'143'!E11,'90'!E11,'93A'!E11) -> 2.4159341 | F11: =AVERAGE('78'!F11,'79'!F11,'80'!F11,'81'!F11,'82'!F11,'83'!F11,'84A'!F11,'84'!F11,'85'!F11,'86'!F11,'87'!F11,'88'!F11,'89'!F11,'91'!F11,'92'!F11,'93'!F11,'94'!F11,'94A'!F11,'95'!F11,'96'!F11,'97'!F11,'98'!F11,'142'!F11,'143'!F11,'90'!F11,'93A'!F11) -> 8.1967033 | G11: =AVERAGE('78'!G11,'79'!G11,'80'!G11,'81'!G11,'82'!G11,'83'!G11,'84A'!G11,'84'!G11,'85'!G11,'86'!G11,'87'!G11,'88'!G11,'89'!G11,'91'!G11,'92'!G11,'93'!G11,'94'!G11,'94A'!G11,'95'!G11,'96'!G11,'97'!G11,'98'!G11,'142'!G11,'143'!G11,'90'!G11,'93A'!G11) -> 0.58681319 | H11: =AVERAGE('78'!H11,'79'!H11,'80'!H11,'81'!H11,'82'!H11,'83'!H11,'84A'!H11,'84'!H11,'85'!H11,'86'!H11,'87'!H11,'88'!H11,'89'!H11,'91'!H11,'92'!H11,'93'!H11,'94'!H11,'94A'!H11,'95'!H11,'96'!H11,'97'!H11,'98'!H11,'142'!H11,'143'!H11,'90'!H11,'93A'!H11) -> 0.42857143 | I11: =AVERAGE('78'!I11,'79'!I11,'80'!I11,'81'!I11,'82'!I11,'83'!I11,'84A'!I11,'84'!I11,'85'!I11,'86'!I11,'87'!I11,'88'!I11,'89'!I11,'91'!I11,'92'!I11,'93'!I11,'94'!I11,'94A'!I11,'95'!I11,'96'!I11,'97'!I11,'98'!I11,'142'!I11,'143'!I11,'90'!I11,'93A'!I11) -> 2.4065934 | J11: =AVERAGE('78'!J11,'79'!J11,'80'!J11,'81'!J11,'82'!J11,'83'!J11,'84A'!J11,'84'!J11,'85'!J11,'86'!J11,'87'!J11,'88'!J11,'89'!J11,'91'!J11,'92'!J11,'93'!J11,'94'!J11,'94A'!J11,'95'!J11,'96'!J11,'97'!J11,'98'!J11,'142'!J11,'143'!J11,'90'!J11,'93A'!J11) -> 1.8593407 | ... N11: =AVERAGE('78'!N11,'79'!N11,'80'!N11,'81'!N11,'82'!N11,'83'!N11,'84A'!N11,'84'!N11,'85'!N11,'86'!N11,'87'!N11,'88'!N11,'89'!N11,'91'!N11,'92'!N11,'93'!N11,'94'!N11,'94A'!N11,'95'!N11,'96'!N11,'97'!N11,'98'!N11,'142'!N11,'143'!N11,'90'!N11,'93A'!N11) -> 0.076923077 | O11: =AVERAGE('78'!O11,'79'!O11,'80'!O11,'81'!O11,'82'!O11,'83'!O11,'84A'!O11,'84'!O11,'85'!O11,'86'!O11,'87'!O11,'88'!O11,'89'!O11,'91'!O11,'92'!O11,'93'!O11,'94'!O11,'94A'!O11,'95'!O11,'96'!O11,'97'!O11,'98'!O11,'142'!O11,'143'!O11,'90'!O11) -> 25.148571 | P11: =AVERAGE('78'!P11,'79'!P11,'80'!P11,'81'!P11,'82'!P11,'83'!P11,'84A'!P11,'84'!P11,'85'!P11,'86'!P11,'87'!P11,'88'!P11,'89'!P11,'91'!P11,'92'!P11,'93'!P11,'94'!P11,'94A'!P11,'95'!P11,'96'!P11,'97'!P11,'98'!P11,'142'!P11,'143'!P11,'90'!P11) -> 58.611429 | R11: 0800-0900 | S11: =SUM(C14:C17) -> 29.578571 | T11: =SUM(D14:D17) -> 9.9857143 | U11: =SUM(E14:E17) -> 13.682967 | V11: =SUM(F14:F17) -> 42.014835 | W11: =SUM(G14:G17) -> 1.9758242 | X11: =SUM(H14:H17) -> 1.556044 | Y11: =SUM(I14:I17) -> 11.076923 | Z11: =SUM(J14:J17) -> 7.2126374 | ... AF11: =SUM(P14:P17) -> 284.30286
B12: 07.30 - 07.45 | C12: =AVERAGE('78'!C12,'79'!C12,'80'!C12,'81'!C12,'82'!C12,'83'!C12,'84A'!C12,'84'!C12,'85'!C12,'86'!C12,'87'!C12,'88'!C12,'89'!C12,'91'!C12,'92'!C12,'93'!C12,'94'!C12,'94A'!C12,'95'!C12,'96'!C12,'97'!C12,'98'!C12,'142'!C12,'143'!C12,'90'!C12,'93A'!C12) -> 6.0269231 | D12: =AVERAGE('78'!D12,'79'!D12,'80'!D12,'81'!D12,'82'!D12,'83'!D12,'84A'!D12,'84'!D12,'85'!D12,'86'!D12,'87'!D12,'88'!D12,'89'!D12,'91'!D12,'92'!D12,'93'!D12,'94'!D12,'94A'!D12,'95'!D12,'96'!D12,'97'!D12,'98'!D12,'142'!D12,'143'!D12,'90'!D12,'93A'!D12) -> 1.7263736 | E12: =AVERAGE('78'!E12,'79'!E12,'80'!E12,'81'!E12,'82'!E12,'83'!E12,'84A'!E12,'84'!E12,'85'!E12,'86'!E12,'87'!E12,'88'!E12,'89'!E12,'91'!E12,'92'!E12,'93'!E12,'94'!E12,'94A'!E12,'95'!E12,'96'!E12,'97'!E12,'98'!E12,'142'!E12,'143'!E12,'90'!E12,'93A'!E12) -> 2.6296703 | F12: =AVERAGE('78'!F12,'79'!F12,'80'!F12,'81'!F12,'82'!F12,'83'!F12,'84A'!F12,'84'!F12,'85'!F12,'86'!F12,'87'!F12,'88'!F12,'89'!F12,'91'!F12,'92'!F12,'93'!F12,'94'!F12,'94A'!F12,'95'!F12,'96'!F12,'97'!F12,'98'!F12,'142'!F12,'143'!F12,'90'!F12,'93A'!F12) -> 9.4895604 | G12: =AVERAGE('78'!G12,'79'!G12,'80'!G12,'81'!G12,'82'!G12,'83'!G12,'84A'!G12,'84'!G12,'85'!G12,'86'!G12,'87'!G12,'88'!G12,'89'!G12,'91'!G12,'92'!G12,'93'!G12,'94'!G12,'94A'!G12,'95'!G12,'96'!G12,'97'!G12,'98'!G12,'142'!G12,'143'!G12,'90'!G12,'93A'!G12) -> 0.81538462 | H12: =AVERAGE('78'!H12,'79'!H12,'80'!H12,'81'!H12,'82'!H12,'83'!H12,'84A'!H12,'84'!H12,'85'!H12,'86'!H12,'87'!H12,'88'!H12,'89'!H12,'91'!H12,'92'!H12,'93'!H12,'94'!H12,'94A'!H12,'95'!H12,'96'!H12,'97'!H12,'98'!H12,'142'!H12,'143'!H12,'90'!H12,'93A'!H12) -> 0.34725275 | I12: =AVERAGE('78'!I12,'79'!I12,'80'!I12,'81'!I12,'82'!I12,'83'!I12,'84A'!I12,'84'!I12,'85'!I12,'86'!I12,'87'!I12,'88'!I12,'89'!I12,'91'!I12,'92'!I12,'93'!I12,'94'!I12,'94A'!I12,'95'!I12,'96'!I12,'97'!I12,'98'!I12,'142'!I12,'143'!I12,'90'!I12,'93A'!I12) -> 2.55 | J12: =AVERAGE('78'!J12,'79'!J12,'80'!J12,'81'!J12,'82'!J12,'83'!J12,'84A'!J12,'84'!J12,'85'!J12,'86'!J12,'87'!J12,'88'!J12,'89'!J12,'91'!J12,'92'!J12,'93'!J12,'94'!J12,'94A'!J12,'95'!J12,'96'!J12,'97'!J12,'98'!J12,'142'!J12,'143'!J12,'90'!J12,'93A'!J12) -> 2.0857143 | ... N12: =AVERAGE('78'!N12,'79'!N12,'80'!N12,'81'!N12,'82'!N12,'83'!N12,'84A'!N12,'84'!N12,'85'!N12,'86'!N12,'87'!N12,'88'!N12,'89'!N12,'91'!N12,'92'!N12,'93'!N12,'94'!N12,'94A'!N12,'95'!N12,'96'!N12,'97'!N12,'98'!N12,'142'!N12,'143'!N12,'90'!N12,'93A'!N12) -> 0.07032967 | O12: =AVERAGE('78'!O12,'79'!O12,'80'!O12,'81'!O12,'82'!O12,'83'!O12,'84A'!O12,'84'!O12,'85'!O12,'86'!O12,'87'!O12,'88'!O12,'89'!O12,'91'!O12,'92'!O12,'93'!O12,'94'!O12,'94A'!O12,'95'!O12,'96'!O12,'97'!O12,'98'!O12,'142'!O12,'143'!O12,'90'!O12) -> 27.942857 | P12: =AVERAGE('78'!P12,'79'!P12,'80'!P12,'81'!P12,'82'!P12,'83'!P12,'84A'!P12,'84'!P12,'85'!P12,'86'!P12,'87'!P12,'88'!P12,'89'!P12,'91'!P12,'92'!P12,'93'!P12,'94'!P12,'94A'!P12,'95'!P12,'96'!P12,'97'!P12,'98'!P12,'142'!P12,'143'!P12,'90'!P12) -> 65.742857 | R12: 0900-1000 | S12: =SUM(C18:C21) -> 33.30989 | T12: =SUM(D18:D21) -> 11.599451 | U12: =SUM(E18:E21) -> 15.820879 | V12: =SUM(F18:F21) -> 46.902198 | W12: =SUM(G18:G21) -> 1.8681319 | X12: =SUM(H18:H21) -> 1.5434066 | Y12: =SUM(I18:I21) -> 11.696154 | Z12: =SUM(J18:J21) -> 6.5796703 | ... AF12: =SUM(P18:P21) -> 302.86286
B13: 07.45 - 08.00 | C13: =AVERAGE('78'!C13,'79'!C13,'80'!C13,'81'!C13,'82'!C13,'83'!C13,'84A'!C13,'84'!C13,'85'!C13,'86'!C13,'87'!C13,'88'!C13,'89'!C13,'91'!C13,'92'!C13,'93'!C13,'94'!C13,'94A'!C13,'95'!C13,'96'!C13,'97'!C13,'98'!C13,'142'!C13,'143'!C13,'90'!C13,'93A'!C13) -> 7.0285714 | D13: =AVERAGE('78'!D13,'79'!D13,'80'!D13,'81'!D13,'82'!D13,'83'!D13,'84A'!D13,'84'!D13,'85'!D13,'86'!D13,'87'!D13,'88'!D13,'89'!D13,'91'!D13,'92'!D13,'93'!D13,'94'!D13,'94A'!D13,'95'!D13,'96'!D13,'97'!D13,'98'!D13,'142'!D13,'143'!D13,'90'!D13,'93A'!D13) -> 1.9741758 | E13: =AVERAGE('78'!E13,'79'!E13,'80'!E13,'81'!E13,'82'!E13,'83'!E13,'84A'!E13,'84'!E13,'85'!E13,'86'!E13,'87'!E13,'88'!E13,'89'!E13,'91'!E13,'92'!E13,'93'!E13,'94'!E13,'94A'!E13,'95'!E13,'96'!E13,'97'!E13,'98'!E13,'142'!E13,'143'!E13,'90'!E13,'93A'!E13) -> 3.2840659 | F13: =AVERAGE('78'!F13,'79'!F13,'80'!F13,'81'!F13,'82'!F13,'83'!F13,'84A'!F13,'84'!F13,'85'!F13,'86'!F13,'87'!F13,'88'!F13,'89'!F13,'91'!F13,'92'!F13,'93'!F13,'94'!F13,'94A'!F13,'95'!F13,'96'!F13,'97'!F13,'98'!F13,'142'!F13,'143'!F13,'90'!F13,'93A'!F13) -> 10.061538 | G13: =AVERAGE('78'!G13,'79'!G13,'80'!G13,'81'!G13,'82'!G13,'83'!G13,'84A'!G13,'84'!G13,'85'!G13,'86'!G13,'87'!G13,'88'!G13,'89'!G13,'91'!G13,'92'!G13,'93'!G13,'94'!G13,'94A'!G13,'95'!G13,'96'!G13,'97'!G13,'98'!G13,'142'!G13,'143'!G13,'90'!G13,'93A'!G13) -> 0.7043956 | H13: =AVERAGE('78'!H13,'79'!H13,'80'!H13,'81'!H13,'82'!H13,'83'!H13,'84A'!H13,'84'!H13,'85'!H13,'86'!H13,'87'!H13,'88'!H13,'89'!H13,'91'!H13,'92'!H13,'93'!H13,'94'!H13,'94A'!H13,'95'!H13,'96'!H13,'97'!H13,'98'!H13,'142'!H13,'143'!H13,'90'!H13,'93A'!H13) -> 0.51538462 | I13: =AVERAGE('78'!I13,'79'!I13,'80'!I13,'81'!I13,'82'!I13,'83'!I13,'84A'!I13,'84'!I13,'85'!I13,'86'!I13,'87'!I13,'88'!I13,'89'!I13,'91'!I13,'92'!I13,'93'!I13,'94'!I13,'94A'!I13,'95'!I13,'96'!I13,'97'!I13,'98'!I13,'142'!I13,'143'!I13,'90'!I13,'93A'!I13) -> 2.7917582 | J13: =AVERAGE('78'!J13,'79'!J13,'80'!J13,'81'!J13,'82'!J13,'83'!J13,'84A'!J13,'84'!J13,'85'!J13,'86'!J13,'87'!J13,'88'!J13,'89'!J13,'91'!J13,'92'!J13,'93'!J13,'94'!J13,'94A'!J13,'95'!J13,'96'!J13,'97'!J13,'98'!J13,'142'!J13,'143'!J13,'90'!J13,'93A'!J13) -> 2.0494505 | ... N13: =AVERAGE('78'!N13,'79'!N13,'80'!N13,'81'!N13,'82'!N13,'83'!N13,'84A'!N13,'84'!N13,'85'!N13,'86'!N13,'87'!N13,'88'!N13,'89'!N13,'91'!N13,'92'!N13,'93'!N13,'94'!N13,'94A'!N13,'95'!N13,'96'!N13,'97'!N13,'98'!N13,'142'!N13,'143'!N13,'90'!N13,'93A'!N13) -> 0.074725275 | O13: =AVERAGE('78'!O13,'79'!O13,'80'!O13,'81'!O13,'82'!O13,'83'!O13,'84A'!O13,'84'!O13,'85'!O13,'86'!O13,'87'!O13,'88'!O13,'89'!O13,'91'!O13,'92'!O13,'93'!O13,'94'!O13,'94A'!O13,'95'!O13,'96'!O13,'97'!O13,'98'!O13,'142'!O13,'143'!O13,'90'!O13) -> 29.754286 | P13: =AVERAGE('78'!P13,'79'!P13,'80'!P13,'81'!P13,'82'!P13,'83'!P13,'84A'!P13,'84'!P13,'85'!P13,'86'!P13,'87'!P13,'88'!P13,'89'!P13,'91'!P13,'92'!P13,'93'!P13,'94'!P13,'94A'!P13,'95'!P13,'96'!P13,'97'!P13,'98'!P13,'142'!P13,'143'!P13,'90'!P13) -> 69.571429 | R13: 1000-1100 | S13: =SUM(C22:C25) -> 35.04011 | T13: =SUM(D22:D25) -> 11.983516 | U13: =SUM(E22:E25) -> 17.377473 | V13: =SUM(F22:F25) -> 48.913187 | W13: =SUM(G22:G25) -> 1.3 | X13: =SUM(H22:H25) -> 1.732967 | Y13: =SUM(I22:I25) -> 13.135165 | Z13: =SUM(J22:J25) -> 7.7142857 | ... AF13: =SUM(P22:P25) -> 315.82343
B14: 08.00 - 08.15 | C14: =AVERAGE('78'!C14,'79'!C14,'80'!C14,'81'!C14,'82'!C14,'83'!C14,'84A'!C14,'84'!C14,'85'!C14,'86'!C14,'87'!C14,'88'!C14,'89'!C14,'91'!C14,'92'!C14,'93'!C14,'94'!C14,'94A'!C14,'95'!C14,'96'!C14,'97'!C14,'98'!C14,'142'!C14,'143'!C14,'90'!C14,'93A'!C14) -> 7.2708791 | D14: =AVERAGE('78'!D14,'79'!D14,'80'!D14,'81'!D14,'82'!D14,'83'!D14,'84A'!D14,'84'!D14,'85'!D14,'86'!D14,'87'!D14,'88'!D14,'89'!D14,'91'!D14,'92'!D14,'93'!D14,'94'!D14,'94A'!D14,'95'!D14,'96'!D14,'97'!D14,'98'!D14,'142'!D14,'143'!D14,'90'!D14,'93A'!D14) -> 2.2203297 | E14: =AVERAGE('78'!E14,'79'!E14,'80'!E14,'81'!E14,'82'!E14,'83'!E14,'84A'!E14,'84'!E14,'85'!E14,'86'!E14,'87'!E14,'88'!E14,'89'!E14,'91'!E14,'92'!E14,'93'!E14,'94'!E14,'94A'!E14,'95'!E14,'96'!E14,'97'!E14,'98'!E14,'142'!E14,'143'!E14,'90'!E14,'93A'!E14) -> 3.0813187 | F14: =AVERAGE('78'!F14,'79'!F14,'80'!F14,'81'!F14,'82'!F14,'83'!F14,'84A'!F14,'84'!F14,'85'!F14,'86'!F14,'87'!F14,'88'!F14,'89'!F14,'91'!F14,'92'!F14,'93'!F14,'94'!F14,'94A'!F14,'95'!F14,'96'!F14,'97'!F14,'98'!F14,'142'!F14,'143'!F14,'90'!F14,'93A'!F14) -> 10.291758 | G14: =AVERAGE('78'!G14,'79'!G14,'80'!G14,'81'!G14,'82'!G14,'83'!G14,'84A'!G14,'84'!G14,'85'!G14,'86'!G14,'87'!G14,'88'!G14,'89'!G14,'91'!G14,'92'!G14,'93'!G14,'94'!G14,'94A'!G14,'95'!G14,'96'!G14,'97'!G14,'98'!G14,'142'!G14,'143'!G14,'90'!G14,'93A'!G14) -> 0.49835165 | H14: =AVERAGE('78'!H14,'79'!H14,'80'!H14,'81'!H14,'82'!H14,'83'!H14,'84A'!H14,'84'!H14,'85'!H14,'86'!H14,'87'!H14,'88'!H14,'89'!H14,'91'!H14,'92'!H14,'93'!H14,'94'!H14,'94A'!H14,'95'!H14,'96'!H14,'97'!H14,'98'!H14,'142'!H14,'143'!H14,'90'!H14,'93A'!H14) -> 0.39725275 | I14: =AVERAGE('78'!I14,'79'!I14,'80'!I14,'81'!I14,'82'!I14,'83'!I14,'84A'!I14,'84'!I14,'85'!I14,'86'!I14,'87'!I14,'88'!I14,'89'!I14,'91'!I14,'92'!I14,'93'!I14,'94'!I14,'94A'!I14,'95'!I14,'96'!I14,'97'!I14,'98'!I14,'142'!I14,'143'!I14,'90'!I14,'93A'!I14) -> 2.7593407 | J14: =AVERAGE('78'!J14,'79'!J14,'80'!J14,'81'!J14,'82'!J14,'83'!J14,'84A'!J14,'84'!J14,'85'!J14,'86'!J14,'87'!J14,'88'!J14,'89'!J14,'91'!J14,'92'!J14,'93'!J14,'94'!J14,'94A'!J14,'95'!J14,'96'!J14,'97'!J14,'98'!J14,'142'!J14,'143'!J14,'90'!J14,'93A'!J14) -> 1.6934066 | ... N14: =AVERAGE('78'!N14,'79'!N14,'80'!N14,'81'!N14,'82'!N14,'83'!N14,'84A'!N14,'84'!N14,'85'!N14,'86'!N14,'87'!N14,'88'!N14,'89'!N14,'91'!N14,'92'!N14,'93'!N14,'94'!N14,'94A'!N14,'95'!N14,'96'!N14,'97'!N14,'98'!N14,'142'!N14,'143'!N14,'90'!N14,'93A'!N14) -> 0.048351648 | O14: =AVERAGE('78'!O14,'79'!O14,'80'!O14,'81'!O14,'82'!O14,'83'!O14,'84A'!O14,'84'!O14,'85'!O14,'86'!O14,'87'!O14,'88'!O14,'89'!O14,'91'!O14,'92'!O14,'93'!O14,'94'!O14,'94A'!O14,'95'!O14,'96'!O14,'97'!O14,'98'!O14,'142'!O14,'143'!O14,'90'!O14) -> 29 | P14: =AVERAGE('78'!P14,'79'!P14,'80'!P14,'81'!P14,'82'!P14,'83'!P14,'84A'!P14,'84'!P14,'85'!P14,'86'!P14,'87'!P14,'88'!P14,'89'!P14,'91'!P14,'92'!P14,'93'!P14,'94'!P14,'94A'!P14,'95'!P14,'96'!P14,'97'!P14,'98'!P14,'142'!P14,'143'!P14,'90'!P14) -> 67.628571 | R14: 1100-1200 | S14: =SUM(C26:C29) -> 39.714286 | T14: =SUM(D26:D29) -> 12.583516 | U14: =SUM(E26:E29) -> 17.581868 | V14: =SUM(F26:F29) -> 49.045604 | W14: =SUM(G26:G29) -> 1.810989 | X14: =SUM(H26:H29) -> 1.6708791 | Y14: =SUM(I26:I29) -> 13.637912 | Z14: =SUM(J26:J29) -> 8.3714286 | ... AF14: =SUM(P26:P29) -> 328.99429
B15: 08.15 - 08.30 | C15: =AVERAGE('78'!C15,'79'!C15,'80'!C15,'81'!C15,'82'!C15,'83'!C15,'84A'!C15,'84'!C15,'85'!C15,'86'!C15,'87'!C15,'88'!C15,'89'!C15,'91'!C15,'92'!C15,'93'!C15,'94'!C15,'94A'!C15,'95'!C15,'96'!C15,'97'!C15,'98'!C15,'142'!C15,'143'!C15,'90'!C15,'93A'!C15) -> 7.4324176 | D15: =AVERAGE('78'!D15,'79'!D15,'80'!D15,'81'!D15,'82'!D15,'83'!D15,'84A'!D15,'84'!D15,'85'!D15,'86'!D15,'87'!D15,'88'!D15,'89'!D15,'91'!D15,'92'!D15,'93'!D15,'94'!D15,'94A'!D15,'95'!D15,'96'!D15,'97'!D15,'98'!D15,'142'!D15,'143'!D15,'90'!D15,'93A'!D15) -> 2.5263736 | E15: =AVERAGE('78'!E15,'79'!E15,'80'!E15,'81'!E15,'82'!E15,'83'!E15,'84A'!E15,'84'!E15,'85'!E15,'86'!E15,'87'!E15,'88'!E15,'89'!E15,'91'!E15,'92'!E15,'93'!E15,'94'!E15,'94A'!E15,'95'!E15,'96'!E15,'97'!E15,'98'!E15,'142'!E15,'143'!E15,'90'!E15,'93A'!E15) -> 3.4241758 | F15: =AVERAGE('78'!F15,'79'!F15,'80'!F15,'81'!F15,'82'!F15,'83'!F15,'84A'!F15,'84'!F15,'85'!F15,'86'!F15,'87'!F15,'88'!F15,'89'!F15,'91'!F15,'92'!F15,'93'!F15,'94'!F15,'94A'!F15,'95'!F15,'96'!F15,'97'!F15,'98'!F15,'142'!F15,'143'!F15,'90'!F15,'93A'!F15) -> 9.9758242 | G15: =AVERAGE('78'!G15,'79'!G15,'80'!G15,'81'!G15,'82'!G15,'83'!G15,'84A'!G15,'84'!G15,'85'!G15,'86'!G15,'87'!G15,'88'!G15,'89'!G15,'91'!G15,'92'!G15,'93'!G15,'94'!G15,'94A'!G15,'95'!G15,'96'!G15,'97'!G15,'98'!G15,'142'!G15,'143'!G15,'90'!G15,'93A'!G15) -> 0.46153846 | H15: =AVERAGE('78'!H15,'79'!H15,'80'!H15,'81'!H15,'82'!H15,'83'!H15,'84A'!H15,'84'!H15,'85'!H15,'86'!H15,'87'!H15,'88'!H15,'89'!H15,'91'!H15,'92'!H15,'93'!H15,'94'!H15,'94A'!H15,'95'!H15,'96'!H15,'97'!H15,'98'!H15,'142'!H15,'143'!H15,'90'!H15,'93A'!H15) -> 0.43406593 | I15: =AVERAGE('78'!I15,'79'!I15,'80'!I15,'81'!I15,'82'!I15,'83'!I15,'84A'!I15,'84'!I15,'85'!I15,'86'!I15,'87'!I15,'88'!I15,'89'!I15,'91'!I15,'92'!I15,'93'!I15,'94'!I15,'94A'!I15,'95'!I15,'96'!I15,'97'!I15,'98'!I15,'142'!I15,'143'!I15,'90'!I15,'93A'!I15) -> 2.7258242 | J15: =AVERAGE('78'!J15,'79'!J15,'80'!J15,'81'!J15,'82'!J15,'83'!J15,'84A'!J15,'84'!J15,'85'!J15,'86'!J15,'87'!J15,'88'!J15,'89'!J15,'91'!J15,'92'!J15,'93'!J15,'94'!J15,'94A'!J15,'95'!J15,'96'!J15,'97'!J15,'98'!J15,'142'!J15,'143'!J15,'90'!J15,'93A'!J15) -> 2.0175824 | ... N15: =AVERAGE('78'!N15,'79'!N15,'80'!N15,'81'!N15,'82'!N15,'83'!N15,'84A'!N15,'84'!N15,'85'!N15,'86'!N15,'87'!N15,'88'!N15,'89'!N15,'91'!N15,'92'!N15,'93'!N15,'94'!N15,'94A'!N15,'95'!N15,'96'!N15,'97'!N15,'98'!N15,'142'!N15,'143'!N15,'90'!N15,'93A'!N15) -> 0.13681319 | O15: =AVERAGE('78'!O15,'79'!O15,'80'!O15,'81'!O15,'82'!O15,'83'!O15,'84A'!O15,'84'!O15,'85'!O15,'86'!O15,'87'!O15,'88'!O15,'89'!O15,'91'!O15,'92'!O15,'93'!O15,'94'!O15,'94A'!O15,'95'!O15,'96'!O15,'97'!O15,'98'!O15,'142'!O15,'143'!O15,'90'!O15) -> 29.428571 | P15: =AVERAGE('78'!P15,'79'!P15,'80'!P15,'81'!P15,'82'!P15,'83'!P15,'84A'!P15,'84'!P15,'85'!P15,'86'!P15,'87'!P15,'88'!P15,'89'!P15,'91'!P15,'92'!P15,'93'!P15,'94'!P15,'94A'!P15,'95'!P15,'96'!P15,'97'!P15,'98'!P15,'142'!P15,'143'!P15,'90'!P15) -> 69.577143 | R15: 1200-1300 | S15: =SUM(C30:C33) -> 39.932967 | T15: =SUM(D30:D33) -> 12.628571 | U15: =SUM(E30:E33) -> 17.658242 | V15: =SUM(F30:F33) -> 49.734615 | W15: =SUM(G30:G33) -> 2.2697802 | X15: =SUM(H30:H33) -> 1.932967 | Y15: =SUM(I30:I33) -> 14.953846 | Z15: =SUM(J30:J33) -> 8.1252747 | ... AF15: =SUM(P30:P33) -> 329.04571
B16: 08.30 - 08.45 | C16: =AVERAGE('78'!C16,'79'!C16,'80'!C16,'81'!C16,'82'!C16,'83'!C16,'84A'!C16,'84'!C16,'85'!C16,'86'!C16,'87'!C16,'88'!C16,'89'!C16,'91'!C16,'92'!C16,'93'!C16,'94'!C16,'94A'!C16,'95'!C16,'96'!C16,'97'!C16,'98'!C16,'142'!C16,'143'!C16,'90'!C16,'93A'!C16) -> 7.4846154 | D16: =AVERAGE('78'!D16,'79'!D16,'80'!D16,'81'!D16,'82'!D16,'83'!D16,'84A'!D16,'84'!D16,'85'!D16,'86'!D16,'87'!D16,'88'!D16,'89'!D16,'91'!D16,'92'!D16,'93'!D16,'94'!D16,'94A'!D16,'95'!D16,'96'!D16,'97'!D16,'98'!D16,'142'!D16,'143'!D16,'90'!D16,'93A'!D16) -> 2.693956 | E16: =AVERAGE('78'!E16,'79'!E16,'80'!E16,'81'!E16,'82'!E16,'83'!E16,'84A'!E16,'84'!E16,'85'!E16,'86'!E16,'87'!E16,'88'!E16,'89'!E16,'91'!E16,'92'!E16,'93'!E16,'94'!E16,'94A'!E16,'95'!E16,'96'!E16,'97'!E16,'98'!E16,'142'!E16,'143'!E16,'90'!E16,'93A'!E16) -> 3.4983516 | F16: =AVERAGE('78'!F16,'79'!F16,'80'!F16,'81'!F16,'82'!F16,'83'!F16,'84A'!F16,'84'!F16,'85'!F16,'86'!F16,'87'!F16,'88'!F16,'89'!F16,'91'!F16,'92'!F16,'93'!F16,'94'!F16,'94A'!F16,'95'!F16,'96'!F16,'97'!F16,'98'!F16,'142'!F16,'143'!F16,'90'!F16,'93A'!F16) -> 10.873077 | G16: =AVERAGE('78'!G16,'79'!G16,'80'!G16,'81'!G16,'82'!G16,'83'!G16,'84A'!G16,'84'!G16,'85'!G16,'86'!G16,'87'!G16,'88'!G16,'89'!G16,'91'!G16,'92'!G16,'93'!G16,'94'!G16,'94A'!G16,'95'!G16,'96'!G16,'97'!G16,'98'!G16,'142'!G16,'143'!G16,'90'!G16,'93A'!G16) -> 0.43571429 | H16: =AVERAGE('78'!H16,'79'!H16,'80'!H16,'81'!H16,'82'!H16,'83'!H16,'84A'!H16,'84'!H16,'85'!H16,'86'!H16,'87'!H16,'88'!H16,'89'!H16,'91'!H16,'92'!H16,'93'!H16,'94'!H16,'94A'!H16,'95'!H16,'96'!H16,'97'!H16,'98'!H16,'142'!H16,'143'!H16,'90'!H16,'93A'!H16) -> 0.35384615 | I16: =AVERAGE('78'!I16,'79'!I16,'80'!I16,'81'!I16,'82'!I16,'83'!I16,'84A'!I16,'84'!I16,'85'!I16,'86'!I16,'87'!I16,'88'!I16,'89'!I16,'91'!I16,'92'!I16,'93'!I16,'94'!I16,'94A'!I16,'95'!I16,'96'!I16,'97'!I16,'98'!I16,'142'!I16,'143'!I16,'90'!I16,'93A'!I16) -> 2.928022 | J16: =AVERAGE('78'!J16,'79'!J16,'80'!J16,'81'!J16,'82'!J16,'83'!J16,'84A'!J16,'84'!J16,'85'!J16,'86'!J16,'87'!J16,'88'!J16,'89'!J16,'91'!J16,'92'!J16,'93'!J16,'94'!J16,'94A'!J16,'95'!J16,'96'!J16,'97'!J16,'98'!J16,'142'!J16,'143'!J16,'90'!J16,'93A'!J16) -> 1.9659341 | ... N16: =AVERAGE('78'!N16,'79'!N16,'80'!N16,'81'!N16,'82'!N16,'83'!N16,'84A'!N16,'84'!N16,'85'!N16,'86'!N16,'87'!N16,'88'!N16,'89'!N16,'91'!N16,'92'!N16,'93'!N16,'94'!N16,'94A'!N16,'95'!N16,'96'!N16,'97'!N16,'98'!N16,'142'!N16,'143'!N16,'90'!N16,'93A'!N16) -> 0.090659341 | O16: =AVERAGE('78'!O16,'79'!O16,'80'!O16,'81'!O16,'82'!O16,'83'!O16,'84A'!O16,'84'!O16,'85'!O16,'86'!O16,'87'!O16,'88'!O16,'89'!O16,'91'!O16,'92'!O16,'93'!O16,'94'!O16,'94A'!O16,'95'!O16,'96'!O16,'97'!O16,'98'!O16,'142'!O16,'143'!O16,'90'!O16) -> 30.937143 | P16: =AVERAGE('78'!P16,'79'!P16,'80'!P16,'81'!P16,'82'!P16,'83'!P16,'84A'!P16,'84'!P16,'85'!P16,'86'!P16,'87'!P16,'88'!P16,'89'!P16,'91'!P16,'92'!P16,'93'!P16,'94'!P16,'94A'!P16,'95'!P16,'96'!P16,'97'!P16,'98'!P16,'142'!P16,'143'!P16,'90'!P16) -> 73.371429 | R16: 1300-1400 | S16: =SUM(C34:C37) -> 40.451099 | T16: =SUM(D34:D37) -> 11.499451 | U16: =SUM(E34:E37) -> 18.456593 | V16: =SUM(F34:F37) -> 51.50989 | W16: =SUM(G34:G37) -> 2.2373626 | X16: =SUM(H34:H37) -> 2.2115385 | Y16: =SUM(I34:I37) -> 16.585165 | Z16: =SUM(J34:J37) -> 9.2049451 | ... AF16: =SUM(P34:P37) -> 329.14286
B17: 08.45 - 9.00 | C17: =AVERAGE('78'!C17,'79'!C17,'80'!C17,'81'!C17,'82'!C17,'83'!C17,'84A'!C17,'84'!C17,'85'!C17,'86'!C17,'87'!C17,'88'!C17,'89'!C17,'91'!C17,'92'!C17,'93'!C17,'94'!C17,'94A'!C17,'95'!C17,'96'!C17,'97'!C17,'98'!C17,'142'!C17,'143'!C17,'90'!C17,'93A'!C17) -> 7.3906593 | D17: =AVERAGE('78'!D17,'79'!D17,'80'!D17,'81'!D17,'82'!D17,'83'!D17,'84A'!D17,'84'!D17,'85'!D17,'86'!D17,'87'!D17,'88'!D17,'89'!D17,'91'!D17,'92'!D17,'93'!D17,'94'!D17,'94A'!D17,'95'!D17,'96'!D17,'97'!D17,'98'!D17,'142'!D17,'143'!D17,'90'!D17,'93A'!D17) -> 2.5450549 | E17: =AVERAGE('78'!E17,'79'!E17,'80'!E17,'81'!E17,'82'!E17,'83'!E17,'84A'!E17,'84'!E17,'85'!E17,'86'!E17,'87'!E17,'88'!E17,'89'!E17,'91'!E17,'92'!E17,'93'!E17,'94'!E17,'94A'!E17,'95'!E17,'96'!E17,'97'!E17,'98'!E17,'142'!E17,'143'!E17,'90'!E17,'93A'!E17) -> 3.6791209 | F17: =AVERAGE('78'!F17,'79'!F17,'80'!F17,'81'!F17,'82'!F17,'83'!F17,'84A'!F17,'84'!F17,'85'!F17,'86'!F17,'87'!F17,'88'!F17,'89'!F17,'91'!F17,'92'!F17,'93'!F17,'94'!F17,'94A'!F17,'95'!F17,'96'!F17,'97'!F17,'98'!F17,'142'!F17,'143'!F17,'90'!F17,'93A'!F17) -> 10.874176 | G17: =AVERAGE('78'!G17,'79'!G17,'80'!G17,'81'!G17,'82'!G17,'83'!G17,'84A'!G17,'84'!G17,'85'!G17,'86'!G17,'87'!G17,'88'!G17,'89'!G17,'91'!G17,'92'!G17,'93'!G17,'94'!G17,'94A'!G17,'95'!G17,'96'!G17,'97'!G17,'98'!G17,'142'!G17,'143'!G17,'90'!G17,'93A'!G17) -> 0.58021978 | H17: =AVERAGE('78'!H17,'79'!H17,'80'!H17,'81'!H17,'82'!H17,'83'!H17,'84A'!H17,'84'!H17,'85'!H17,'86'!H17,'87'!H17,'88'!H17,'89'!H17,'91'!H17,'92'!H17,'93'!H17,'94'!H17,'94A'!H17,'95'!H17,'96'!H17,'97'!H17,'98'!H17,'142'!H17,'143'!H17,'90'!H17,'93A'!H17) -> 0.37087912 | I17: =AVERAGE('78'!I17,'79'!I17,'80'!I17,'81'!I17,'82'!I17,'83'!I17,'84A'!I17,'84'!I17,'85'!I17,'86'!I17,'87'!I17,'88'!I17,'89'!I17,'91'!I17,'92'!I17,'93'!I17,'94'!I17,'94A'!I17,'95'!I17,'96'!I17,'97'!I17,'98'!I17,'142'!I17,'143'!I17,'90'!I17,'93A'!I17) -> 2.6637363 | J17: =AVERAGE('78'!J17,'79'!J17,'80'!J17,'81'!J17,'82'!J17,'83'!J17,'84A'!J17,'84'!J17,'85'!J17,'86'!J17,'87'!J17,'88'!J17,'89'!J17,'91'!J17,'92'!J17,'93'!J17,'94'!J17,'94A'!J17,'95'!J17,'96'!J17,'97'!J17,'98'!J17,'142'!J17,'143'!J17,'90'!J17,'93A'!J17) -> 1.5357143 | ... N17: =AVERAGE('78'!N17,'79'!N17,'80'!N17,'81'!N17,'82'!N17,'83'!N17,'84A'!N17,'84'!N17,'85'!N17,'86'!N17,'87'!N17,'88'!N17,'89'!N17,'91'!N17,'92'!N17,'93'!N17,'94'!N17,'94A'!N17,'95'!N17,'96'!N17,'97'!N17,'98'!N17,'142'!N17,'143'!N17,'90'!N17,'93A'!N17) -> 0.16978022 | O17: =AVERAGE('78'!O17,'79'!O17,'80'!O17,'81'!O17,'82'!O17,'83'!O17,'84A'!O17,'84'!O17,'85'!O17,'86'!O17,'87'!O17,'88'!O17,'89'!O17,'91'!O17,'92'!O17,'93'!O17,'94'!O17,'94A'!O17,'95'!O17,'96'!O17,'97'!O17,'98'!O17,'142'!O17,'143'!O17,'90'!O17) -> 30.754286 | P17: =AVERAGE('78'!P17,'79'!P17,'80'!P17,'81'!P17,'82'!P17,'83'!P17,'84A'!P17,'84'!P17,'85'!P17,'86'!P17,'87'!P17,'88'!P17,'89'!P17,'91'!P17,'92'!P17,'93'!P17,'94'!P17,'94A'!P17,'95'!P17,'96'!P17,'97'!P17,'98'!P17,'142'!P17,'143'!P17,'90'!P17) -> 73.725714 | R17: 1400-1500 | S17: =SUM(C38:C41) -> 38.82033 | T17: =SUM(D38:D41) -> 12.431319 | U17: =SUM(E38:E41) -> 19.258791 | V17: =SUM(F38:F41) -> 50.431319 | W17: =SUM(G38:G41) -> 1.9840659 | X17: =SUM(H38:H41) -> 2.767033 | Y17: =SUM(I38:I41) -> 16.277473 | Z17: =SUM(J38:J41) -> 9.9104396 | ... AF17: =SUM(P38:P41) -> 324.01714
B18: 09.00 - 09.15 | C18: =AVERAGE('78'!C18,'79'!C18,'80'!C18,'81'!C18,'82'!C18,'83'!C18,'84A'!C18,'84'!C18,'85'!C18,'86'!C18,'87'!C18,'88'!C18,'89'!C18,'91'!C18,'92'!C18,'93'!C18,'94'!C18,'94A'!C18,'95'!C18,'96'!C18,'97'!C18,'98'!C18,'142'!C18,'143'!C18,'90'!C18,'93A'!C18) -> 7.7851648 | D18: =AVERAGE('78'!D18,'79'!D18,'80'!D18,'81'!D18,'82'!D18,'83'!D18,'84A'!D18,'84'!D18,'85'!D18,'86'!D18,'87'!D18,'88'!D18,'89'!D18,'91'!D18,'92'!D18,'93'!D18,'94'!D18,'94A'!D18,'95'!D18,'96'!D18,'97'!D18,'98'!D18,'142'!D18,'143'!D18,'90'!D18,'93A'!D18) -> 2.6972527 | E18: =AVERAGE('78'!E18,'79'!E18,'80'!E18,'81'!E18,'82'!E18,'83'!E18,'84A'!E18,'84'!E18,'85'!E18,'86'!E18,'87'!E18,'88'!E18,'89'!E18,'91'!E18,'92'!E18,'93'!E18,'94'!E18,'94A'!E18,'95'!E18,'96'!E18,'97'!E18,'98'!E18,'142'!E18,'143'!E18,'90'!E18,'93A'!E18) -> 3.6741758 | F18: =AVERAGE('78'!F18,'79'!F18,'80'!F18,'81'!F18,'82'!F18,'83'!F18,'84A'!F18,'84'!F18,'85'!F18,'86'!F18,'87'!F18,'88'!F18,'89'!F18,'91'!F18,'92'!F18,'93'!F18,'94'!F18,'94A'!F18,'95'!F18,'96'!F18,'97'!F18,'98'!F18,'142'!F18,'143'!F18,'90'!F18,'93A'!F18) -> 10.800549 | G18: =AVERAGE('78'!G18,'79'!G18,'80'!G18,'81'!G18,'82'!G18,'83'!G18,'84A'!G18,'84'!G18,'85'!G18,'86'!G18,'87'!G18,'88'!G18,'89'!G18,'91'!G18,'92'!G18,'93'!G18,'94'!G18,'94A'!G18,'95'!G18,'96'!G18,'97'!G18,'98'!G18,'142'!G18,'143'!G18,'90'!G18,'93A'!G18) -> 0.58131868 | H18: =AVERAGE('78'!H18,'79'!H18,'80'!H18,'81'!H18,'82'!H18,'83'!H18,'84A'!H18,'84'!H18,'85'!H18,'86'!H18,'87'!H18,'88'!H18,'89'!H18,'91'!H18,'92'!H18,'93'!H18,'94'!H18,'94A'!H18,'95'!H18,'96'!H18,'97'!H18,'98'!H18,'142'!H18,'143'!H18,'90'!H18,'93A'!H18) -> 0.34010989 | I18: =AVERAGE('78'!I18,'79'!I18,'80'!I18,'81'!I18,'82'!I18,'83'!I18,'84A'!I18,'84'!I18,'85'!I18,'86'!I18,'87'!I18,'88'!I18,'89'!I18,'91'!I18,'92'!I18,'93'!I18,'94'!I18,'94A'!I18,'95'!I18,'96'!I18,'97'!I18,'98'!I18,'142'!I18,'143'!I18,'90'!I18,'93A'!I18) -> 2.8703297 | J18: =AVERAGE('78'!J18,'79'!J18,'80'!J18,'81'!J18,'82'!J18,'83'!J18,'84A'!J18,'84'!J18,'85'!J18,'86'!J18,'87'!J18,'88'!J18,'89'!J18,'91'!J18,'92'!J18,'93'!J18,'94'!J18,'94A'!J18,'95'!J18,'96'!J18,'97'!J18,'98'!J18,'142'!J18,'143'!J18,'90'!J18,'93A'!J18) -> 1.7450549 | ... N18: =AVERAGE('78'!N18,'79'!N18,'80'!N18,'81'!N18,'82'!N18,'83'!N18,'84A'!N18,'84'!N18,'85'!N18,'86'!N18,'87'!N18,'88'!N18,'89'!N18,'91'!N18,'92'!N18,'93'!N18,'94'!N18,'94A'!N18,'95'!N18,'96'!N18,'97'!N18,'98'!N18,'142'!N18,'143'!N18,'90'!N18,'93A'!N18) -> 0.081318681 | O18: =AVERAGE('78'!O18,'79'!O18,'80'!O18,'81'!O18,'82'!O18,'83'!O18,'84A'!O18,'84'!O18,'85'!O18,'86'!O18,'87'!O18,'88'!O18,'89'!O18,'91'!O18,'92'!O18,'93'!O18,'94'!O18,'94A'!O18,'95'!O18,'96'!O18,'97'!O18,'98'!O18,'142'!O18,'143'!O18,'90'!O18) -> 31.32 | P18: =AVERAGE('78'!P18,'79'!P18,'80'!P18,'81'!P18,'82'!P18,'83'!P18,'84A'!P18,'84'!P18,'85'!P18,'86'!P18,'87'!P18,'88'!P18,'89'!P18,'91'!P18,'92'!P18,'93'!P18,'94'!P18,'94A'!P18,'95'!P18,'96'!P18,'97'!P18,'98'!P18,'142'!P18,'143'!P18,'90'!P18) -> 73.188571 | R18: 1500-1600 | S18: =SUM(C42:C45) -> 40.041209 | T18: =SUM(D42:D45) -> 13.094505 | U18: =SUM(E42:E45) -> 19.474725 | V18: =SUM(F42:F45) -> 52.034615 | W18: =SUM(G42:G45) -> 1.6664835 | X18: =SUM(H42:H45) -> 2.321978 | Y18: =SUM(I42:I45) -> 17.079121 | Z18: =SUM(J42:J45) -> 10.921429 | ... AF18: =SUM(P42:P45) -> 332.21714
B19: 09.15 - 09.30 | C19: =AVERAGE('78'!C19,'79'!C19,'80'!C19,'81'!C19,'82'!C19,'83'!C19,'84A'!C19,'84'!C19,'85'!C19,'86'!C19,'87'!C19,'88'!C19,'89'!C19,'91'!C19,'92'!C19,'93'!C19,'94'!C19,'94A'!C19,'95'!C19,'96'!C19,'97'!C19,'98'!C19,'142'!C19,'143'!C19,'90'!C19,'93A'!C19) -> 7.9978022 | D19: =AVERAGE('78'!D19,'79'!D19,'80'!D19,'81'!D19,'82'!D19,'83'!D19,'84A'!D19,'84'!D19,'85'!D19,'86'!D19,'87'!D19,'88'!D19,'89'!D19,'91'!D19,'92'!D19,'93'!D19,'94'!D19,'94A'!D19,'95'!D19,'96'!D19,'97'!D19,'98'!D19,'142'!D19,'143'!D19,'90'!D19,'93A'!D19) -> 3.0104396 | E19: =AVERAGE('78'!E19,'79'!E19,'80'!E19,'81'!E19,'82'!E19,'83'!E19,'84A'!E19,'84'!E19,'85'!E19,'86'!E19,'87'!E19,'88'!E19,'89'!E19,'91'!E19,'92'!E19,'93'!E19,'94'!E19,'94A'!E19,'95'!E19,'96'!E19,'97'!E19,'98'!E19,'142'!E19,'143'!E19,'90'!E19,'93A'!E19) -> 3.8912088 | F19: =AVERAGE('78'!F19,'79'!F19,'80'!F19,'81'!F19,'82'!F19,'83'!F19,'84A'!F19,'84'!F19,'85'!F19,'86'!F19,'87'!F19,'88'!F19,'89'!F19,'91'!F19,'92'!F19,'93'!F19,'94'!F19,'94A'!F19,'95'!F19,'96'!F19,'97'!F19,'98'!F19,'142'!F19,'143'!F19,'90'!F19,'93A'!F19) -> 11.931868 | G19: =AVERAGE('78'!G19,'79'!G19,'80'!G19,'81'!G19,'82'!G19,'83'!G19,'84A'!G19,'84'!G19,'85'!G19,'86'!G19,'87'!G19,'88'!G19,'89'!G19,'91'!G19,'92'!G19,'93'!G19,'94'!G19,'94A'!G19,'95'!G19,'96'!G19,'97'!G19,'98'!G19,'142'!G19,'143'!G19,'90'!G19,'93A'!G19) -> 0.53791209 | H19: =AVERAGE('78'!H19,'79'!H19,'80'!H19,'81'!H19,'82'!H19,'83'!H19,'84A'!H19,'84'!H19,'85'!H19,'86'!H19,'87'!H19,'88'!H19,'89'!H19,'91'!H19,'92'!H19,'93'!H19,'94'!H19,'94A'!H19,'95'!H19,'96'!H19,'97'!H19,'98'!H19,'142'!H19,'143'!H19,'90'!H19,'93A'!H19) -> 0.44285714 | I19: =AVERAGE('78'!I19,'79'!I19,'80'!I19,'81'!I19,'82'!I19,'83'!I19,'84A'!I19,'84'!I19,'85'!I19,'86'!I19,'87'!I19,'88'!I19,'89'!I19,'91'!I19,'92'!I19,'93'!I19,'94'!I19,'94A'!I19,'95'!I19,'96'!I19,'97'!I19,'98'!I19,'142'!I19,'143'!I19,'90'!I19,'93A'!I19) -> 2.8648352 | J19: =AVERAGE('78'!J19,'79'!J19,'80'!J19,'81'!J19,'82'!J19,'83'!J19,'84A'!J19,'84'!J19,'85'!J19,'86'!J19,'87'!J19,'88'!J19,'89'!J19,'91'!J19,'92'!J19,'93'!J19,'94'!J19,'94A'!J19,'95'!J19,'96'!J19,'97'!J19,'98'!J19,'142'!J19,'143'!J19,'90'!J19,'93A'!J19) -> 1.6076923 | ... N19: =AVERAGE('78'!N19,'79'!N19,'80'!N19,'81'!N19,'82'!N19,'83'!N19,'84A'!N19,'84'!N19,'85'!N19,'86'!N19,'87'!N19,'88'!N19,'89'!N19,'91'!N19,'92'!N19,'93'!N19,'94'!N19,'94A'!N19,'95'!N19,'96'!N19,'97'!N19,'98'!N19,'142'!N19,'143'!N19,'90'!N19,'93A'!N19) -> 0.06978022 | O19: =AVERAGE('78'!O19,'79'!O19,'80'!O19,'81'!O19,'82'!O19,'83'!O19,'84A'!O19,'84'!O19,'85'!O19,'86'!O19,'87'!O19,'88'!O19,'89'!O19,'91'!O19,'92'!O19,'93'!O19,'94'!O19,'94A'!O19,'95'!O19,'96'!O19,'97'!O19,'98'!O19,'142'!O19,'143'!O19,'90'!O19) -> 33.171429 | P19: =AVERAGE('78'!P19,'79'!P19,'80'!P19,'81'!P19,'82'!P19,'83'!P19,'84A'!P19,'84'!P19,'85'!P19,'86'!P19,'87'!P19,'88'!P19,'89'!P19,'91'!P19,'92'!P19,'93'!P19,'94'!P19,'94A'!P19,'95'!P19,'96'!P19,'97'!P19,'98'!P19,'142'!P19,'143'!P19,'90'!P19) -> 75.365714 | R19: 1600-1700 | S19: =SUM(C46:C49) -> 42.226374 | T19: =SUM(D46:D49) -> 13.925275 | U19: =SUM(E46:E49) -> 20.451099 | V19: =SUM(F46:F49) -> 51.051648 | W19: =SUM(G46:G49) -> 1.8148352 | X19: =SUM(H46:H49) -> 2.1824176 | Y19: =SUM(I46:I49) -> 18.604396 | Z19: =SUM(J46:J49) -> 10.775275 | ... AF19: =SUM(P46:P49) -> 349.30857
B20: 09.30 - 09.45 | C20: =AVERAGE('78'!C20,'79'!C20,'80'!C20,'81'!C20,'82'!C20,'83'!C20,'84A'!C20,'84'!C20,'85'!C20,'86'!C20,'87'!C20,'88'!C20,'89'!C20,'91'!C20,'92'!C20,'93'!C20,'94'!C20,'94A'!C20,'95'!C20,'96'!C20,'97'!C20,'98'!C20,'142'!C20,'143'!C20,'90'!C20,'93A'!C20) -> 8.771978 | D20: =AVERAGE('78'!D20,'79'!D20,'80'!D20,'81'!D20,'82'!D20,'83'!D20,'84A'!D20,'84'!D20,'85'!D20,'86'!D20,'87'!D20,'88'!D20,'89'!D20,'91'!D20,'92'!D20,'93'!D20,'94'!D20,'94A'!D20,'95'!D20,'96'!D20,'97'!D20,'98'!D20,'142'!D20,'143'!D20,'90'!D20,'93A'!D20) -> 2.8016484 | E20: =AVERAGE('78'!E20,'79'!E20,'80'!E20,'81'!E20,'82'!E20,'83'!E20,'84A'!E20,'84'!E20,'85'!E20,'86'!E20,'87'!E20,'88'!E20,'89'!E20,'91'!E20,'92'!E20,'93'!E20,'94'!E20,'94A'!E20,'95'!E20,'96'!E20,'97'!E20,'98'!E20,'142'!E20,'143'!E20,'90'!E20,'93A'!E20) -> 4.1565934 | F20: =AVERAGE('78'!F20,'79'!F20,'80'!F20,'81'!F20,'82'!F20,'83'!F20,'84A'!F20,'84'!F20,'85'!F20,'86'!F20,'87'!F20,'88'!F20,'89'!F20,'91'!F20,'92'!F20,'93'!F20,'94'!F20,'94A'!F20,'95'!F20,'96'!F20,'97'!F20,'98'!F20,'142'!F20,'143'!F20,'90'!F20,'93A'!F20) -> 12.074725 | G20: =AVERAGE('78'!G20,'79'!G20,'80'!G20,'81'!G20,'82'!G20,'83'!G20,'84A'!G20,'84'!G20,'85'!G20,'86'!G20,'87'!G20,'88'!G20,'89'!G20,'91'!G20,'92'!G20,'93'!G20,'94'!G20,'94A'!G20,'95'!G20,'96'!G20,'97'!G20,'98'!G20,'142'!G20,'143'!G20,'90'!G20,'93A'!G20) -> 0.39395604 | H20: =AVERAGE('78'!H20,'79'!H20,'80'!H20,'81'!H20,'82'!H20,'83'!H20,'84A'!H20,'84'!H20,'85'!H20,'86'!H20,'87'!H20,'88'!H20,'89'!H20,'91'!H20,'92'!H20,'93'!H20,'94'!H20,'94A'!H20,'95'!H20,'96'!H20,'97'!H20,'98'!H20,'142'!H20,'143'!H20,'90'!H20,'93A'!H20) -> 0.42747253 | I20: =AVERAGE('78'!I20,'79'!I20,'80'!I20,'81'!I20,'82'!I20,'83'!I20,'84A'!I20,'84'!I20,'85'!I20,'86'!I20,'87'!I20,'88'!I20,'89'!I20,'91'!I20,'92'!I20,'93'!I20,'94'!I20,'94A'!I20,'95'!I20,'96'!I20,'97'!I20,'98'!I20,'142'!I20,'143'!I20,'90'!I20,'93A'!I20) -> 2.9005495 | J20: =AVERAGE('78'!J20,'79'!J20,'80'!J20,'81'!J20,'82'!J20,'83'!J20,'84A'!J20,'84'!J20,'85'!J20,'86'!J20,'87'!J20,'88'!J20,'89'!J20,'91'!J20,'92'!J20,'93'!J20,'94'!J20,'94A'!J20,'95'!J20,'96'!J20,'97'!J20,'98'!J20,'142'!J20,'143'!J20,'90'!J20,'93A'!J20) -> 1.6857143 | ... N20: =AVERAGE('78'!N20,'79'!N20,'80'!N20,'81'!N20,'82'!N20,'83'!N20,'84A'!N20,'84'!N20,'85'!N20,'86'!N20,'87'!N20,'88'!N20,'89'!N20,'91'!N20,'92'!N20,'93'!N20,'94'!N20,'94A'!N20,'95'!N20,'96'!N20,'97'!N20,'98'!N20,'142'!N20,'143'!N20,'90'!N20,'93A'!N20) -> 0.11153846 | O20: =AVERAGE('78'!O20,'79'!O20,'80'!O20,'81'!O20,'82'!O20,'83'!O20,'84A'!O20,'84'!O20,'85'!O20,'86'!O20,'87'!O20,'88'!O20,'89'!O20,'91'!O20,'92'!O20,'93'!O20,'94'!O20,'94A'!O20,'95'!O20,'96'!O20,'97'!O20,'98'!O20,'142'!O20,'143'!O20,'90'!O20) -> 34.228571 | P20: =AVERAGE('78'!P20,'79'!P20,'80'!P20,'81'!P20,'82'!P20,'83'!P20,'84A'!P20,'84'!P20,'85'!P20,'86'!P20,'87'!P20,'88'!P20,'89'!P20,'91'!P20,'92'!P20,'93'!P20,'94'!P20,'94A'!P20,'95'!P20,'96'!P20,'97'!P20,'98'!P20,'142'!P20,'143'!P20,'90'!P20) -> 77.554286 | R20: 1700-1800 | S20: =SUM(C50:C53) -> 46.33022 | T20: =SUM(D50:D53) -> 15.868132 | U20: =SUM(E50:E53) -> 21.467582 | V20: =SUM(F50:F53) -> 55.871429 | W20: =SUM(G50:G53) -> 2.6615385 | X20: =SUM(H50:H53) -> 2.2247253 | Y20: =SUM(I50:I53) -> 18.624176 | Z20: =SUM(J50:J53) -> 11.728022 | ... AF20: =SUM(P50:P53) -> 376.66857
B21: 09.45 - 10.00 | C21: =AVERAGE('78'!C21,'79'!C21,'80'!C21,'81'!C21,'82'!C21,'83'!C21,'84A'!C21,'84'!C21,'85'!C21,'86'!C21,'87'!C21,'88'!C21,'89'!C21,'91'!C21,'92'!C21,'93'!C21,'94'!C21,'94A'!C21,'95'!C21,'96'!C21,'97'!C21,'98'!C21,'142'!C21,'143'!C21,'90'!C21,'93A'!C21) -> 8.7549451 | D21: =AVERAGE('78'!D21,'79'!D21,'80'!D21,'81'!D21,'82'!D21,'83'!D21,'84A'!D21,'84'!D21,'85'!D21,'86'!D21,'87'!D21,'88'!D21,'89'!D21,'91'!D21,'92'!D21,'93'!D21,'94'!D21,'94A'!D21,'95'!D21,'96'!D21,'97'!D21,'98'!D21,'142'!D21,'143'!D21,'90'!D21,'93A'!D21) -> 3.0901099 | E21: =AVERAGE('78'!E21,'79'!E21,'80'!E21,'81'!E21,'82'!E21,'83'!E21,'84A'!E21,'84'!E21,'85'!E21,'86'!E21,'87'!E21,'88'!E21,'89'!E21,'91'!E21,'92'!E21,'93'!E21,'94'!E21,'94A'!E21,'95'!E21,'96'!E21,'97'!E21,'98'!E21,'142'!E21,'143'!E21,'90'!E21,'93A'!E21) -> 4.0989011 | F21: =AVERAGE('78'!F21,'79'!F21,'80'!F21,'81'!F21,'82'!F21,'83'!F21,'84A'!F21,'84'!F21,'85'!F21,'86'!F21,'87'!F21,'88'!F21,'89'!F21,'91'!F21,'92'!F21,'93'!F21,'94'!F21,'94A'!F21,'95'!F21,'96'!F21,'97'!F21,'98'!F21,'142'!F21,'143'!F21,'90'!F21,'93A'!F21) -> 12.095055 | G21: =AVERAGE('78'!G21,'79'!G21,'80'!G21,'81'!G21,'82'!G21,'83'!G21,'84A'!G21,'84'!G21,'85'!G21,'86'!G21,'87'!G21,'88'!G21,'89'!G21,'91'!G21,'92'!G21,'93'!G21,'94'!G21,'94A'!G21,'95'!G21,'96'!G21,'97'!G21,'98'!G21,'142'!G21,'143'!G21,'90'!G21,'93A'!G21) -> 0.35494505 | H21: =AVERAGE('78'!H21,'79'!H21,'80'!H21,'81'!H21,'82'!H21,'83'!H21,'84A'!H21,'84'!H21,'85'!H21,'86'!H21,'87'!H21,'88'!H21,'89'!H21,'91'!H21,'92'!H21,'93'!H21,'94'!H21,'94A'!H21,'95'!H21,'96'!H21,'97'!H21,'98'!H21,'142'!H21,'143'!H21,'90'!H21,'93A'!H21) -> 0.33296703 | I21: =AVERAGE('78'!I21,'79'!I21,'80'!I21,'81'!I21,'82'!I21,'83'!I21,'84A'!I21,'84'!I21,'85'!I21,'86'!I21,'87'!I21,'88'!I21,'89'!I21,'91'!I21,'92'!I21,'93'!I21,'94'!I21,'94A'!I21,'95'!I21,'96'!I21,'97'!I21,'98'!I21,'142'!I21,'143'!I21,'90'!I21,'93A'!I21) -> 3.0604396 | J21: =AVERAGE('78'!J21,'79'!J21,'80'!J21,'81'!J21,'82'!J21,'83'!J21,'84A'!J21,'84'!J21,'85'!J21,'86'!J21,'87'!J21,'88'!J21,'89'!J21,'91'!J21,'92'!J21,'93'!J21,'94'!J21,'94A'!J21,'95'!J21,'96'!J21,'97'!J21,'98'!J21,'142'!J21,'143'!J21,'90'!J21,'93A'!J21) -> 1.5412088 | ... N21: =AVERAGE('78'!N21,'79'!N21,'80'!N21,'81'!N21,'82'!N21,'83'!N21,'84A'!N21,'84'!N21,'85'!N21,'86'!N21,'87'!N21,'88'!N21,'89'!N21,'91'!N21,'92'!N21,'93'!N21,'94'!N21,'94A'!N21,'95'!N21,'96'!N21,'97'!N21,'98'!N21,'142'!N21,'143'!N21,'90'!N21,'93A'!N21) -> 0.043956044 | O21: =AVERAGE('78'!O21,'79'!O21,'80'!O21,'81'!O21,'82'!O21,'83'!O21,'84A'!O21,'84'!O21,'85'!O21,'86'!O21,'87'!O21,'88'!O21,'89'!O21,'91'!O21,'92'!O21,'93'!O21,'94'!O21,'94A'!O21,'95'!O21,'96'!O21,'97'!O21,'98'!O21,'142'!O21,'143'!O21,'90'!O21) -> 33.24 | P21: =AVERAGE('78'!P21,'79'!P21,'80'!P21,'81'!P21,'82'!P21,'83'!P21,'84A'!P21,'84'!P21,'85'!P21,'86'!P21,'87'!P21,'88'!P21,'89'!P21,'91'!P21,'92'!P21,'93'!P21,'94'!P21,'94A'!P21,'95'!P21,'96'!P21,'97'!P21,'98'!P21,'142'!P21,'143'!P21,'90'!P21) -> 76.754286 | R21: 1800-1900 | S21: =SUM(C54:C57) -> 46.959341 | T21: =SUM(D54:D57) -> 14.356044 | U21: =SUM(E54:E57) -> 21.673077 | V21: =SUM(F54:F57) -> 55.191209 | W21: =SUM(G54:G57) -> 3.7043956 | X21: =SUM(H54:H57) -> 2.5785714 | Y21: =SUM(I54:I57) -> 19.516484 | Z21: =SUM(J54:J57) -> 12.486813 | ... AF21: =SUM(P54:P57) -> 374.43619
B22: 10.00 - 10.15 | C22: =AVERAGE('78'!C22,'79'!C22,'80'!C22,'81'!C22,'82'!C22,'83'!C22,'84A'!C22,'84'!C22,'85'!C22,'86'!C22,'87'!C22,'88'!C22,'89'!C22,'91'!C22,'92'!C22,'93'!C22,'94'!C22,'94A'!C22,'95'!C22,'96'!C22,'97'!C22,'98'!C22,'142'!C22,'143'!C22,'90'!C22,'93A'!C22) -> 9.1478022 | D22: =AVERAGE('78'!D22,'79'!D22,'80'!D22,'81'!D22,'82'!D22,'83'!D22,'84A'!D22,'84'!D22,'85'!D22,'86'!D22,'87'!D22,'88'!D22,'89'!D22,'91'!D22,'92'!D22,'93'!D22,'94'!D22,'94A'!D22,'95'!D22,'96'!D22,'97'!D22,'98'!D22,'142'!D22,'143'!D22,'90'!D22,'93A'!D22) -> 3.1428571 | E22: =AVERAGE('78'!E22,'79'!E22,'80'!E22,'81'!E22,'82'!E22,'83'!E22,'84A'!E22,'84'!E22,'85'!E22,'86'!E22,'87'!E22,'88'!E22,'89'!E22,'91'!E22,'92'!E22,'93'!E22,'94'!E22,'94A'!E22,'95'!E22,'96'!E22,'97'!E22,'98'!E22,'142'!E22,'143'!E22,'90'!E22,'93A'!E22) -> 4.132967 | F22: =AVERAGE('78'!F22,'79'!F22,'80'!F22,'81'!F22,'82'!F22,'83'!F22,'84A'!F22,'84'!F22,'85'!F22,'86'!F22,'87'!F22,'88'!F22,'89'!F22,'91'!F22,'92'!F22,'93'!F22,'94'!F22,'94A'!F22,'95'!F22,'96'!F22,'97'!F22,'98'!F22,'142'!F22,'143'!F22,'90'!F22,'93A'!F22) -> 12.028022 | G22: =AVERAGE('78'!G22,'79'!G22,'80'!G22,'81'!G22,'82'!G22,'83'!G22,'84A'!G22,'84'!G22,'85'!G22,'86'!G22,'87'!G22,'88'!G22,'89'!G22,'91'!G22,'92'!G22,'93'!G22,'94'!G22,'94A'!G22,'95'!G22,'96'!G22,'97'!G22,'98'!G22,'142'!G22,'143'!G22,'90'!G22,'93A'!G22) -> 0.3489011 | H22: =AVERAGE('78'!H22,'79'!H22,'80'!H22,'81'!H22,'82'!H22,'83'!H22,'84A'!H22,'84'!H22,'85'!H22,'86'!H22,'87'!H22,'88'!H22,'89'!H22,'91'!H22,'92'!H22,'93'!H22,'94'!H22,'94A'!H22,'95'!H22,'96'!H22,'97'!H22,'98'!H22,'142'!H22,'143'!H22,'90'!H22,'93A'!H22) -> 0.48241758 | I22: =AVERAGE('78'!I22,'79'!I22,'80'!I22,'81'!I22,'82'!I22,'83'!I22,'84A'!I22,'84'!I22,'85'!I22,'86'!I22,'87'!I22,'88'!I22,'89'!I22,'91'!I22,'92'!I22,'93'!I22,'94'!I22,'94A'!I22,'95'!I22,'96'!I22,'97'!I22,'98'!I22,'142'!I22,'143'!I22,'90'!I22,'93A'!I22) -> 3.2785714 | J22: =AVERAGE('78'!J22,'79'!J22,'80'!J22,'81'!J22,'82'!J22,'83'!J22,'84A'!J22,'84'!J22,'85'!J22,'86'!J22,'87'!J22,'88'!J22,'89'!J22,'91'!J22,'92'!J22,'93'!J22,'94'!J22,'94A'!J22,'95'!J22,'96'!J22,'97'!J22,'98'!J22,'142'!J22,'143'!J22,'90'!J22,'93A'!J22) -> 1.8653846 | ... N22: =AVERAGE('78'!N22,'79'!N22,'80'!N22,'81'!N22,'82'!N22,'83'!N22,'84A'!N22,'84'!N22,'85'!N22,'86'!N22,'87'!N22,'88'!N22,'89'!N22,'91'!N22,'92'!N22,'93'!N22,'94'!N22,'94A'!N22,'95'!N22,'96'!N22,'97'!N22,'98'!N22,'142'!N22,'143'!N22,'90'!N22,'93A'!N22) -> 0.062637363 | O22: =AVERAGE('78'!O22,'79'!O22,'80'!O22,'81'!O22,'82'!O22,'83'!O22,'84A'!O22,'84'!O22,'85'!O22,'86'!O22,'87'!O22,'88'!O22,'89'!O22,'91'!O22,'92'!O22,'93'!O22,'94'!O22,'94A'!O22,'95'!O22,'96'!O22,'97'!O22,'98'!O22,'142'!O22,'143'!O22,'90'!O22) -> 34.668571 | P22: =AVERAGE('78'!P22,'79'!P22,'80'!P22,'81'!P22,'82'!P22,'83'!P22,'84A'!P22,'84'!P22,'85'!P22,'86'!P22,'87'!P22,'88'!P22,'89'!P22,'91'!P22,'92'!P22,'93'!P22,'94'!P22,'94A'!P22,'95'!P22,'96'!P22,'97'!P22,'98'!P22,'142'!P22,'143'!P22,'90'!P22) -> 78.377143 | R22: 1900-2000 | S22: =SUM(C58:C61) -> 47.103846 | T22: =SUM(D58:D61) -> 11.307692 | U22: =SUM(E58:E61) -> 13.934615 | V22: =SUM(F58:F61) -> 42.076923 | W22: =SUM(G58:G61) -> 3.0923077 | X22: =SUM(H58:H61) -> 4.2865385 | Y22: =SUM(I58:I61) -> 17.896154 | Z22: =SUM(J58:J61) -> 11.113462 | ... AF22: =SUM(P58:P61) -> 322.76
B23: 10.15 - 10.30 | C23: =AVERAGE('78'!C23,'79'!C23,'80'!C23,'81'!C23,'82'!C23,'83'!C23,'84A'!C23,'84'!C23,'85'!C23,'86'!C23,'87'!C23,'88'!C23,'89'!C23,'91'!C23,'92'!C23,'93'!C23,'94'!C23,'94A'!C23,'95'!C23,'96'!C23,'97'!C23,'98'!C23,'142'!C23,'143'!C23,'90'!C23,'93A'!C23) -> 8.7318681 | D23: =AVERAGE('78'!D23,'79'!D23,'80'!D23,'81'!D23,'82'!D23,'83'!D23,'84A'!D23,'84'!D23,'85'!D23,'86'!D23,'87'!D23,'88'!D23,'89'!D23,'91'!D23,'92'!D23,'93'!D23,'94'!D23,'94A'!D23,'95'!D23,'96'!D23,'97'!D23,'98'!D23,'142'!D23,'143'!D23,'90'!D23,'93A'!D23) -> 3.0159341 | E23: =AVERAGE('78'!E23,'79'!E23,'80'!E23,'81'!E23,'82'!E23,'83'!E23,'84A'!E23,'84'!E23,'85'!E23,'86'!E23,'87'!E23,'88'!E23,'89'!E23,'91'!E23,'92'!E23,'93'!E23,'94'!E23,'94A'!E23,'95'!E23,'96'!E23,'97'!E23,'98'!E23,'142'!E23,'143'!E23,'90'!E23,'93A'!E23) -> 4.3543956 | F23: =AVERAGE('78'!F23,'79'!F23,'80'!F23,'81'!F23,'82'!F23,'83'!F23,'84A'!F23,'84'!F23,'85'!F23,'86'!F23,'87'!F23,'88'!F23,'89'!F23,'91'!F23,'92'!F23,'93'!F23,'94'!F23,'94A'!F23,'95'!F23,'96'!F23,'97'!F23,'98'!F23,'142'!F23,'143'!F23,'90'!F23,'93A'!F23) -> 12.316484 | G23: =AVERAGE('78'!G23,'79'!G23,'80'!G23,'81'!G23,'82'!G23,'83'!G23,'84A'!G23,'84'!G23,'85'!G23,'86'!G23,'87'!G23,'88'!G23,'89'!G23,'91'!G23,'92'!G23,'93'!G23,'94'!G23,'94A'!G23,'95'!G23,'96'!G23,'97'!G23,'98'!G23,'142'!G23,'143'!G23,'90'!G23,'93A'!G23) -> 0.25164835 | H23: =AVERAGE('78'!H23,'79'!H23,'80'!H23,'81'!H23,'82'!H23,'83'!H23,'84A'!H23,'84'!H23,'85'!H23,'86'!H23,'87'!H23,'88'!H23,'89'!H23,'91'!H23,'92'!H23,'93'!H23,'94'!H23,'94A'!H23,'95'!H23,'96'!H23,'97'!H23,'98'!H23,'142'!H23,'143'!H23,'90'!H23,'93A'!H23) -> 0.35 | I23: =AVERAGE('78'!I23,'79'!I23,'80'!I23,'81'!I23,'82'!I23,'83'!I23,'84A'!I23,'84'!I23,'85'!I23,'86'!I23,'87'!I23,'88'!I23,'89'!I23,'91'!I23,'92'!I23,'93'!I23,'94'!I23,'94A'!I23,'95'!I23,'96'!I23,'97'!I23,'98'!I23,'142'!I23,'143'!I23,'90'!I23,'93A'!I23) -> 3.3131868 | J23: =AVERAGE('78'!J23,'79'!J23,'80'!J23,'81'!J23,'82'!J23,'83'!J23,'84A'!J23,'84'!J23,'85'!J23,'86'!J23,'87'!J23,'88'!J23,'89'!J23,'91'!J23,'92'!J23,'93'!J23,'94'!J23,'94A'!J23,'95'!J23,'96'!J23,'97'!J23,'98'!J23,'142'!J23,'143'!J23,'90'!J23,'93A'!J23) -> 1.9510989 | ... N23: =AVERAGE('78'!N23,'79'!N23,'80'!N23,'81'!N23,'82'!N23,'83'!N23,'84A'!N23,'84'!N23,'85'!N23,'86'!N23,'87'!N23,'88'!N23,'89'!N23,'91'!N23,'92'!N23,'93'!N23,'94'!N23,'94A'!N23,'95'!N23,'96'!N23,'97'!N23,'98'!N23,'142'!N23,'143'!N23,'90'!N23,'93A'!N23) -> 0.064835165 | O23: =AVERAGE('78'!O23,'79'!O23,'80'!O23,'81'!O23,'82'!O23,'83'!O23,'84A'!O23,'84'!O23,'85'!O23,'86'!O23,'87'!O23,'88'!O23,'89'!O23,'91'!O23,'92'!O23,'93'!O23,'94'!O23,'94A'!O23,'95'!O23,'96'!O23,'97'!O23,'98'!O23,'142'!O23,'143'!O23,'90'!O23) -> 34.806286 | P23: =AVERAGE('78'!P23,'79'!P23,'80'!P23,'81'!P23,'82'!P23,'83'!P23,'84A'!P23,'84'!P23,'85'!P23,'86'!P23,'87'!P23,'88'!P23,'89'!P23,'91'!P23,'92'!P23,'93'!P23,'94'!P23,'94A'!P23,'95'!P23,'96'!P23,'97'!P23,'98'!P23,'142'!P23,'143'!P23,'90'!P23) -> 79.532 | R23: 2000-2100 | S23: =SUM(C62:C65) -> 38.815385 | T23: =SUM(D62:D65) -> 9.8615385 | U23: =SUM(E62:E65) -> 12.528846 | V23: =SUM(F62:F65) -> 33.5 | W23: =SUM(G62:G65) -> 2.7442308 | X23: =SUM(H62:H65) -> 4.3538462 | Y23: =SUM(I62:I65) -> 15.890385 | Z23: =SUM(J62:J65) -> 10.817308 | ... AF23: =SUM(P62:P65) -> 259.3
B24: 10.30 - 10.45 | C24: =AVERAGE('78'!C24,'79'!C24,'80'!C24,'81'!C24,'82'!C24,'83'!C24,'84A'!C24,'84'!C24,'85'!C24,'86'!C24,'87'!C24,'88'!C24,'89'!C24,'91'!C24,'92'!C24,'93'!C24,'94'!C24,'94A'!C24,'95'!C24,'96'!C24,'97'!C24,'98'!C24,'142'!C24,'143'!C24,'90'!C24,'93A'!C24) -> 8.7549451 | D24: =AVERAGE('78'!D24,'79'!D24,'80'!D24,'81'!D24,'82'!D24,'83'!D24,'84A'!D24,'84'!D24,'85'!D24,'86'!D24,'87'!D24,'88'!D24,'89'!D24,'91'!D24,'92'!D24,'93'!D24,'94'!D24,'94A'!D24,'95'!D24,'96'!D24,'97'!D24,'98'!D24,'142'!D24,'143'!D24,'90'!D24,'93A'!D24) -> 2.8972527 | E24: =AVERAGE('78'!E24,'79'!E24,'80'!E24,'81'!E24,'82'!E24,'83'!E24,'84A'!E24,'84'!E24,'85'!E24,'86'!E24,'87'!E24,'88'!E24,'89'!E24,'91'!E24,'92'!E24,'93'!E24,'94'!E24,'94A'!E24,'95'!E24,'96'!E24,'97'!E24,'98'!E24,'142'!E24,'143'!E24,'90'!E24,'93A'!E24) -> 4.343956 | F24: =AVERAGE('78'!F24,'79'!F24,'80'!F24,'81'!F24,'82'!F24,'83'!F24,'84A'!F24,'84'!F24,'85'!F24,'86'!F24,'87'!F24,'88'!F24,'89'!F24,'91'!F24,'92'!F24,'93'!F24,'94'!F24,'94A'!F24,'95'!F24,'96'!F24,'97'!F24,'98'!F24,'142'!F24,'143'!F24,'90'!F24,'93A'!F24) -> 12.235714 | G24: =AVERAGE('78'!G24,'79'!G24,'80'!G24,'81'!G24,'82'!G24,'83'!G24,'84A'!G24,'84'!G24,'85'!G24,'86'!G24,'87'!G24,'88'!G24,'89'!G24,'91'!G24,'92'!G24,'93'!G24,'94'!G24,'94A'!G24,'95'!G24,'96'!G24,'97'!G24,'98'!G24,'142'!G24,'143'!G24,'90'!G24,'93A'!G24) -> 0.39835165 | H24: =AVERAGE('78'!H24,'79'!H24,'80'!H24,'81'!H24,'82'!H24,'83'!H24,'84A'!H24,'84'!H24,'85'!H24,'86'!H24,'87'!H24,'88'!H24,'89'!H24,'91'!H24,'92'!H24,'93'!H24,'94'!H24,'94A'!H24,'95'!H24,'96'!H24,'97'!H24,'98'!H24,'142'!H24,'143'!H24,'90'!H24,'93A'!H24) -> 0.43681319 | I24: =AVERAGE('78'!I24,'79'!I24,'80'!I24,'81'!I24,'82'!I24,'83'!I24,'84A'!I24,'84'!I24,'85'!I24,'86'!I24,'87'!I24,'88'!I24,'89'!I24,'91'!I24,'92'!I24,'93'!I24,'94'!I24,'94A'!I24,'95'!I24,'96'!I24,'97'!I24,'98'!I24,'142'!I24,'143'!I24,'90'!I24,'93A'!I24) -> 3.3263736 | J24: =AVERAGE('78'!J24,'79'!J24,'80'!J24,'81'!J24,'82'!J24,'83'!J24,'84A'!J24,'84'!J24,'85'!J24,'86'!J24,'87'!J24,'88'!J24,'89'!J24,'91'!J24,'92'!J24,'93'!J24,'94'!J24,'94A'!J24,'95'!J24,'96'!J24,'97'!J24,'98'!J24,'142'!J24,'143'!J24,'90'!J24,'93A'!J24) -> 1.9818681 | ... N24: =AVERAGE('78'!N24,'79'!N24,'80'!N24,'81'!N24,'82'!N24,'83'!N24,'84A'!N24,'84'!N24,'85'!N24,'86'!N24,'87'!N24,'88'!N24,'89'!N24,'91'!N24,'92'!N24,'93'!N24,'94'!N24,'94A'!N24,'95'!N24,'96'!N24,'97'!N24,'98'!N24,'142'!N24,'143'!N24,'90'!N24,'93A'!N24) -> 0.054395604 | O24: =AVERAGE('78'!O24,'79'!O24,'80'!O24,'81'!O24,'82'!O24,'83'!O24,'84A'!O24,'84'!O24,'85'!O24,'86'!O24,'87'!O24,'88'!O24,'89'!O24,'91'!O24,'92'!O24,'93'!O24,'94'!O24,'94A'!O24,'95'!O24,'96'!O24,'97'!O24,'98'!O24,'142'!O24,'143'!O24,'90'!O24) -> 34.782857 | P24: =AVERAGE('78'!P24,'79'!P24,'80'!P24,'81'!P24,'82'!P24,'83'!P24,'84A'!P24,'84'!P24,'85'!P24,'86'!P24,'87'!P24,'88'!P24,'89'!P24,'91'!P24,'92'!P24,'93'!P24,'94'!P24,'94A'!P24,'95'!P24,'96'!P24,'97'!P24,'98'!P24,'142'!P24,'143'!P24,'90'!P24) -> 79.617143 | R24: 2100-2200 | S24: =SUM(C66:C69) -> 28.765385 | T24: =SUM(D66:D69) -> 7.3576923 | U24: =SUM(E66:E69) -> 10.769231 | V24: =SUM(F66:F69) -> 25.569231 | W24: =SUM(G66:G69) -> 2.2615385 | X24: =SUM(H66:H69) -> 3.6557692 | Y24: =SUM(I66:I69) -> 12.107692 | Z24: =SUM(J66:J69) -> 9.7057692 | ... AF24: =SUM(P66:P69) -> 192.92
B25: 10.45 - 11.00 | C25: =AVERAGE('78'!C25,'79'!C25,'80'!C25,'81'!C25,'82'!C25,'83'!C25,'84A'!C25,'84'!C25,'85'!C25,'86'!C25,'87'!C25,'88'!C25,'89'!C25,'91'!C25,'92'!C25,'93'!C25,'94'!C25,'94A'!C25,'95'!C25,'96'!C25,'97'!C25,'98'!C25,'142'!C25,'143'!C25,'90'!C25,'93A'!C25) -> 8.4054945 | D25: =AVERAGE('78'!D25,'79'!D25,'80'!D25,'81'!D25,'82'!D25,'83'!D25,'84A'!D25,'84'!D25,'85'!D25,'86'!D25,'87'!D25,'88'!D25,'89'!D25,'91'!D25,'92'!D25,'93'!D25,'94'!D25,'94A'!D25,'95'!D25,'96'!D25,'97'!D25,'98'!D25,'142'!D25,'143'!D25,'90'!D25,'93A'!D25) -> 2.9274725 | E25: =AVERAGE('78'!E25,'79'!E25,'80'!E25,'81'!E25,'82'!E25,'83'!E25,'84A'!E25,'84'!E25,'85'!E25,'86'!E25,'87'!E25,'88'!E25,'89'!E25,'91'!E25,'92'!E25,'93'!E25,'94'!E25,'94A'!E25,'95'!E25,'96'!E25,'97'!E25,'98'!E25,'142'!E25,'143'!E25,'90'!E25,'93A'!E25) -> 4.5461538 | F25: =AVERAGE('78'!F25,'79'!F25,'80'!F25,'81'!F25,'82'!F25,'83'!F25,'84A'!F25,'84'!F25,'85'!F25,'86'!F25,'87'!F25,'88'!F25,'89'!F25,'91'!F25,'92'!F25,'93'!F25,'94'!F25,'94A'!F25,'95'!F25,'96'!F25,'97'!F25,'98'!F25,'142'!F25,'143'!F25,'90'!F25,'93A'!F25) -> 12.332967 | G25: =AVERAGE('78'!G25,'79'!G25,'80'!G25,'81'!G25,'82'!G25,'83'!G25,'84A'!G25,'84'!G25,'85'!G25,'86'!G25,'87'!G25,'88'!G25,'89'!G25,'91'!G25,'92'!G25,'93'!G25,'94'!G25,'94A'!G25,'95'!G25,'96'!G25,'97'!G25,'98'!G25,'142'!G25,'143'!G25,'90'!G25,'93A'!G25) -> 0.3010989 | H25: =AVERAGE('78'!H25,'79'!H25,'80'!H25,'81'!H25,'82'!H25,'83'!H25,'84A'!H25,'84'!H25,'85'!H25,'86'!H25,'87'!H25,'88'!H25,'89'!H25,'91'!H25,'92'!H25,'93'!H25,'94'!H25,'94A'!H25,'95'!H25,'96'!H25,'97'!H25,'98'!H25,'142'!H25,'143'!H25,'90'!H25,'93A'!H25) -> 0.46373626 | I25: =AVERAGE('78'!I25,'79'!I25,'80'!I25,'81'!I25,'82'!I25,'83'!I25,'84A'!I25,'84'!I25,'85'!I25,'86'!I25,'87'!I25,'88'!I25,'89'!I25,'91'!I25,'92'!I25,'93'!I25,'94'!I25,'94A'!I25,'95'!I25,'96'!I25,'97'!I25,'98'!I25,'142'!I25,'143'!I25,'90'!I25,'93A'!I25) -> 3.217033 | J25: =AVERAGE('78'!J25,'79'!J25,'80'!J25,'81'!J25,'82'!J25,'83'!J25,'84A'!J25,'84'!J25,'85'!J25,'86'!J25,'87'!J25,'88'!J25,'89'!J25,'91'!J25,'92'!J25,'93'!J25,'94'!J25,'94A'!J25,'95'!J25,'96'!J25,'97'!J25,'98'!J25,'142'!J25,'143'!J25,'90'!J25,'93A'!J25) -> 1.9159341 | ... N25: =AVERAGE('78'!N25,'79'!N25,'80'!N25,'81'!N25,'82'!N25,'83'!N25,'84A'!N25,'84'!N25,'85'!N25,'86'!N25,'87'!N25,'88'!N25,'89'!N25,'91'!N25,'92'!N25,'93'!N25,'94'!N25,'94A'!N25,'95'!N25,'96'!N25,'97'!N25,'98'!N25,'142'!N25,'143'!N25,'90'!N25,'93A'!N25) -> 0.049450549 | O25: =AVERAGE('78'!O25,'79'!O25,'80'!O25,'81'!O25,'82'!O25,'83'!O25,'84A'!O25,'84'!O25,'85'!O25,'86'!O25,'87'!O25,'88'!O25,'89'!O25,'91'!O25,'92'!O25,'93'!O25,'94'!O25,'94A'!O25,'95'!O25,'96'!O25,'97'!O25,'98'!O25,'142'!O25,'143'!O25,'90'!O25) -> 34.28 | P25: =AVERAGE('78'!P25,'79'!P25,'80'!P25,'81'!P25,'82'!P25,'83'!P25,'84A'!P25,'84'!P25,'85'!P25,'86'!P25,'87'!P25,'88'!P25,'89'!P25,'91'!P25,'92'!P25,'93'!P25,'94'!P25,'94A'!P25,'95'!P25,'96'!P25,'97'!P25,'98'!P25,'142'!P25,'143'!P25,'90'!P25) -> 78.297143 | R25: 2200-2300 | S25: =SUM(C70:C73) -> 20.907692 | T25: =SUM(D70:D73) -> 5.3346154 | U25: =SUM(E70:E73) -> 6.6019231 | V25: =SUM(F70:F73) -> 16.826923 | W25: =SUM(G70:G73) -> 1.6269231 | X25: =SUM(H70:H73) -> 2.3942308 | Y25: =SUM(I70:I73) -> 10.913462 | Z25: =SUM(J70:J73) -> 10.105769 | ... AF25: =SUM(P70:P73) -> 133.94
B26: 11.00 - 11.15 | C26: =AVERAGE('78'!C26,'79'!C26,'80'!C26,'81'!C26,'82'!C26,'83'!C26,'84A'!C26,'84'!C26,'85'!C26,'86'!C26,'87'!C26,'88'!C26,'89'!C26,'91'!C26,'92'!C26,'93'!C26,'94'!C26,'94A'!C26,'95'!C26,'96'!C26,'97'!C26,'98'!C26,'142'!C26,'143'!C26,'90'!C26,'93A'!C26) -> 9.7692308 | D26: =AVERAGE('78'!D26,'79'!D26,'80'!D26,'81'!D26,'82'!D26,'83'!D26,'84A'!D26,'84'!D26,'85'!D26,'86'!D26,'87'!D26,'88'!D26,'89'!D26,'91'!D26,'92'!D26,'93'!D26,'94'!D26,'94A'!D26,'95'!D26,'96'!D26,'97'!D26,'98'!D26,'142'!D26,'143'!D26,'90'!D26,'93A'!D26) -> 2.9483516 | E26: =AVERAGE('78'!E26,'79'!E26,'80'!E26,'81'!E26,'82'!E26,'83'!E26,'84A'!E26,'84'!E26,'85'!E26,'86'!E26,'87'!E26,'88'!E26,'89'!E26,'91'!E26,'92'!E26,'93'!E26,'94'!E26,'94A'!E26,'95'!E26,'96'!E26,'97'!E26,'98'!E26,'142'!E26,'143'!E26,'90'!E26,'93A'!E26) -> 4.4291209 | F26: =AVERAGE('78'!F26,'79'!F26,'80'!F26,'81'!F26,'82'!F26,'83'!F26,'84A'!F26,'84'!F26,'85'!F26,'86'!F26,'87'!F26,'88'!F26,'89'!F26,'91'!F26,'92'!F26,'93'!F26,'94'!F26,'94A'!F26,'95'!F26,'96'!F26,'97'!F26,'98'!F26,'142'!F26,'143'!F26,'90'!F26,'93A'!F26) -> 12.169231 | G26: =AVERAGE('78'!G26,'79'!G26,'80'!G26,'81'!G26,'82'!G26,'83'!G26,'84A'!G26,'84'!G26,'85'!G26,'86'!G26,'87'!G26,'88'!G26,'89'!G26,'91'!G26,'92'!G26,'93'!G26,'94'!G26,'94A'!G26,'95'!G26,'96'!G26,'97'!G26,'98'!G26,'142'!G26,'143'!G26,'90'!G26,'93A'!G26) -> 0.43241758 | H26: =AVERAGE('78'!H26,'79'!H26,'80'!H26,'81'!H26,'82'!H26,'83'!H26,'84A'!H26,'84'!H26,'85'!H26,'86'!H26,'87'!H26,'88'!H26,'89'!H26,'91'!H26,'92'!H26,'93'!H26,'94'!H26,'94A'!H26,'95'!H26,'96'!H26,'97'!H26,'98'!H26,'142'!H26,'143'!H26,'90'!H26,'93A'!H26) -> 0.4032967 | I26: =AVERAGE('78'!I26,'79'!I26,'80'!I26,'81'!I26,'82'!I26,'83'!I26,'84A'!I26,'84'!I26,'85'!I26,'86'!I26,'87'!I26,'88'!I26,'89'!I26,'91'!I26,'92'!I26,'93'!I26,'94'!I26,'94A'!I26,'95'!I26,'96'!I26,'97'!I26,'98'!I26,'142'!I26,'143'!I26,'90'!I26,'93A'!I26) -> 3.4016484 | J26: =AVERAGE('78'!J26,'79'!J26,'80'!J26,'81'!J26,'82'!J26,'83'!J26,'84A'!J26,'84'!J26,'85'!J26,'86'!J26,'87'!J26,'88'!J26,'89'!J26,'91'!J26,'92'!J26,'93'!J26,'94'!J26,'94A'!J26,'95'!J26,'96'!J26,'97'!J26,'98'!J26,'142'!J26,'143'!J26,'90'!J26,'93A'!J26) -> 1.95 | ... N26: =AVERAGE('78'!N26,'79'!N26,'80'!N26,'81'!N26,'82'!N26,'83'!N26,'84A'!N26,'84'!N26,'85'!N26,'86'!N26,'87'!N26,'88'!N26,'89'!N26,'91'!N26,'92'!N26,'93'!N26,'94'!N26,'94A'!N26,'95'!N26,'96'!N26,'97'!N26,'98'!N26,'142'!N26,'143'!N26,'90'!N26,'93A'!N26) -> 0.054395604 | O26: =AVERAGE('78'!O26,'79'!O26,'80'!O26,'81'!O26,'82'!O26,'83'!O26,'84A'!O26,'84'!O26,'85'!O26,'86'!O26,'87'!O26,'88'!O26,'89'!O26,'91'!O26,'92'!O26,'93'!O26,'94'!O26,'94A'!O26,'95'!O26,'96'!O26,'97'!O26,'98'!O26,'142'!O26,'143'!O26,'90'!O26) -> 36.297143 | P26: =AVERAGE('78'!P26,'79'!P26,'80'!P26,'81'!P26,'82'!P26,'83'!P26,'84A'!P26,'84'!P26,'85'!P26,'86'!P26,'87'!P26,'88'!P26,'89'!P26,'91'!P26,'92'!P26,'93'!P26,'94'!P26,'94A'!P26,'95'!P26,'96'!P26,'97'!P26,'98'!P26,'142'!P26,'143'!P26,'90'!P26) -> 82.36 | R26: 2300-0000 | S26: =SUM(C74:C77) -> 14.355769 | T26: =SUM(D74:D77) -> 4.4942308 | U26: =SUM(E74:E77) -> 5.5538462 | V26: =SUM(F74:F77) -> 11.238462 | W26: =SUM(G74:G77) -> 1.8 | X26: =SUM(H74:H77) -> 2.6711538 | Y26: =SUM(I74:I77) -> 8.5923077 | Z26: =SUM(J74:J77) -> 8.2 | ... AF26: =SUM(P74:P77) -> 99.54
B27: 11.15 - 11.30 | C27: =AVERAGE('78'!C27,'79'!C27,'80'!C27,'81'!C27,'82'!C27,'83'!C27,'84A'!C27,'84'!C27,'85'!C27,'86'!C27,'87'!C27,'88'!C27,'89'!C27,'91'!C27,'92'!C27,'93'!C27,'94'!C27,'94A'!C27,'95'!C27,'96'!C27,'97'!C27,'98'!C27,'142'!C27,'143'!C27,'90'!C27,'93A'!C27) -> 9.5225275 | D27: =AVERAGE('78'!D27,'79'!D27,'80'!D27,'81'!D27,'82'!D27,'83'!D27,'84A'!D27,'84'!D27,'85'!D27,'86'!D27,'87'!D27,'88'!D27,'89'!D27,'91'!D27,'92'!D27,'93'!D27,'94'!D27,'94A'!D27,'95'!D27,'96'!D27,'97'!D27,'98'!D27,'142'!D27,'143'!D27,'90'!D27,'93A'!D27) -> 3.0642857 | E27: =AVERAGE('78'!E27,'79'!E27,'80'!E27,'81'!E27,'82'!E27,'83'!E27,'84A'!E27,'84'!E27,'85'!E27,'86'!E27,'87'!E27,'88'!E27,'89'!E27,'91'!E27,'92'!E27,'93'!E27,'94'!E27,'94A'!E27,'95'!E27,'96'!E27,'97'!E27,'98'!E27,'142'!E27,'143'!E27,'90'!E27,'93A'!E27) -> 4.4318681 | F27: =AVERAGE('78'!F27,'79'!F27,'80'!F27,'81'!F27,'82'!F27,'83'!F27,'84A'!F27,'84'!F27,'85'!F27,'86'!F27,'87'!F27,'88'!F27,'89'!F27,'91'!F27,'92'!F27,'93'!F27,'94'!F27,'94A'!F27,'95'!F27,'96'!F27,'97'!F27,'98'!F27,'142'!F27,'143'!F27,'90'!F27,'93A'!F27) -> 11.995055 | G27: =AVERAGE('78'!G27,'79'!G27,'80'!G27,'81'!G27,'82'!G27,'83'!G27,'84A'!G27,'84'!G27,'85'!G27,'86'!G27,'87'!G27,'88'!G27,'89'!G27,'91'!G27,'92'!G27,'93'!G27,'94'!G27,'94A'!G27,'95'!G27,'96'!G27,'97'!G27,'98'!G27,'142'!G27,'143'!G27,'90'!G27,'93A'!G27) -> 0.51813187 | H27: =AVERAGE('78'!H27,'79'!H27,'80'!H27,'81'!H27,'82'!H27,'83'!H27,'84A'!H27,'84'!H27,'85'!H27,'86'!H27,'87'!H27,'88'!H27,'89'!H27,'91'!H27,'92'!H27,'93'!H27,'94'!H27,'94A'!H27,'95'!H27,'96'!H27,'97'!H27,'98'!H27,'142'!H27,'143'!H27,'90'!H27,'93A'!H27) -> 0.36648352 | I27: =AVERAGE('78'!I27,'79'!I27,'80'!I27,'81'!I27,'82'!I27,'83'!I27,'84A'!I27,'84'!I27,'85'!I27,'86'!I27,'87'!I27,'88'!I27,'89'!I27,'91'!I27,'92'!I27,'93'!I27,'94'!I27,'94A'!I27,'95'!I27,'96'!I27,'97'!I27,'98'!I27,'142'!I27,'143'!I27,'90'!I27,'93A'!I27) -> 3.2181319 | J27: =AVERAGE('78'!J27,'79'!J27,'80'!J27,'81'!J27,'82'!J27,'83'!J27,'84A'!J27,'84'!J27,'85'!J27,'86'!J27,'87'!J27,'88'!J27,'89'!J27,'91'!J27,'92'!J27,'93'!J27,'94'!J27,'94A'!J27,'95'!J27,'96'!J27,'97'!J27,'98'!J27,'142'!J27,'143'!J27,'90'!J27,'93A'!J27) -> 2.3076923 | ... N27: =AVERAGE('78'!N27,'79'!N27,'80'!N27,'81'!N27,'82'!N27,'83'!N27,'84A'!N27,'84'!N27,'85'!N27,'86'!N27,'87'!N27,'88'!N27,'89'!N27,'91'!N27,'92'!N27,'93'!N27,'94'!N27,'94A'!N27,'95'!N27,'96'!N27,'97'!N27,'98'!N27,'142'!N27,'143'!N27,'90'!N27,'93A'!N27) -> 0.06043956 | O27: =AVERAGE('78'!O27,'79'!O27,'80'!O27,'81'!O27,'82'!O27,'83'!O27,'84A'!O27,'84'!O27,'85'!O27,'86'!O27,'87'!O27,'88'!O27,'89'!O27,'91'!O27,'92'!O27,'93'!O27,'94'!O27,'94A'!O27,'95'!O27,'96'!O27,'97'!O27,'98'!O27,'142'!O27,'143'!O27,'90'!O27) -> 35.708571 | P27: =AVERAGE('78'!P27,'79'!P27,'80'!P27,'81'!P27,'82'!P27,'83'!P27,'84A'!P27,'84'!P27,'85'!P27,'86'!P27,'87'!P27,'88'!P27,'89'!P27,'91'!P27,'92'!P27,'93'!P27,'94'!P27,'94A'!P27,'95'!P27,'96'!P27,'97'!P27,'98'!P27,'142'!P27,'143'!P27,'90'!P27) -> 81.262857 | R27: 0000-0100 | S27: =SUM(C78:C81) -> 9.5673077 | T27: =SUM(D78:D81) -> 2.7211538 | U27: =SUM(E78:E81) -> 4.2538462 | V27: =SUM(F78:F81) -> 7.2461538 | W27: =SUM(G78:G81) -> 0.95576923 | X27: =SUM(H78:H81) -> 2.2346154 | Y27: =SUM(I78:I81) -> 6.8865385 | Z27: =SUM(J78:J81) -> 8.3326923 | ... AF27: =SUM(P78:P81) -> 68.64
B28: 11.30 - 11.45 | C28: =AVERAGE('78'!C28,'79'!C28,'80'!C28,'81'!C28,'82'!C28,'83'!C28,'84A'!C28,'84'!C28,'85'!C28,'86'!C28,'87'!C28,'88'!C28,'89'!C28,'91'!C28,'92'!C28,'93'!C28,'94'!C28,'94A'!C28,'95'!C28,'96'!C28,'97'!C28,'98'!C28,'142'!C28,'143'!C28,'90'!C28,'93A'!C28) -> 10.466484 | D28: =AVERAGE('78'!D28,'79'!D28,'80'!D28,'81'!D28,'82'!D28,'83'!D28,'84A'!D28,'84'!D28,'85'!D28,'86'!D28,'87'!D28,'88'!D28,'89'!D28,'91'!D28,'92'!D28,'93'!D28,'94'!D28,'94A'!D28,'95'!D28,'96'!D28,'97'!D28,'98'!D28,'142'!D28,'143'!D28,'90'!D28,'93A'!D28) -> 3.3972527 | E28: =AVERAGE('78'!E28,'79'!E28,'80'!E28,'81'!E28,'82'!E28,'83'!E28,'84A'!E28,'84'!E28,'85'!E28,'86'!E28,'87'!E28,'88'!E28,'89'!E28,'91'!E28,'92'!E28,'93'!E28,'94'!E28,'94A'!E28,'95'!E28,'96'!E28,'97'!E28,'98'!E28,'142'!E28,'143'!E28,'90'!E28,'93A'!E28) -> 4.4197802 | F28: =AVERAGE('78'!F28,'79'!F28,'80'!F28,'81'!F28,'82'!F28,'83'!F28,'84A'!F28,'84'!F28,'85'!F28,'86'!F28,'87'!F28,'88'!F28,'89'!F28,'91'!F28,'92'!F28,'93'!F28,'94'!F28,'94A'!F28,'95'!F28,'96'!F28,'97'!F28,'98'!F28,'142'!F28,'143'!F28,'90'!F28,'93A'!F28) -> 12.784615 | G28: =AVERAGE('78'!G28,'79'!G28,'80'!G28,'81'!G28,'82'!G28,'83'!G28,'84A'!G28,'84'!G28,'85'!G28,'86'!G28,'87'!G28,'88'!G28,'89'!G28,'91'!G28,'92'!G28,'93'!G28,'94'!G28,'94A'!G28,'95'!G28,'96'!G28,'97'!G28,'98'!G28,'142'!G28,'143'!G28,'90'!G28,'93A'!G28) -> 0.4543956 | H28: =AVERAGE('78'!H28,'79'!H28,'80'!H28,'81'!H28,'82'!H28,'83'!H28,'84A'!H28,'84'!H28,'85'!H28,'86'!H28,'87'!H28,'88'!H28,'89'!H28,'91'!H28,'92'!H28,'93'!H28,'94'!H28,'94A'!H28,'95'!H28,'96'!H28,'97'!H28,'98'!H28,'142'!H28,'143'!H28,'90'!H28,'93A'!H28) -> 0.41428571 | I28: =AVERAGE('78'!I28,'79'!I28,'80'!I28,'81'!I28,'82'!I28,'83'!I28,'84A'!I28,'84'!I28,'85'!I28,'86'!I28,'87'!I28,'88'!I28,'89'!I28,'91'!I28,'92'!I28,'93'!I28,'94'!I28,'94A'!I28,'95'!I28,'96'!I28,'97'!I28,'98'!I28,'142'!I28,'143'!I28,'90'!I28,'93A'!I28) -> 3.5978022 | J28: =AVERAGE('78'!J28,'79'!J28,'80'!J28,'81'!J28,'82'!J28,'83'!J28,'84A'!J28,'84'!J28,'85'!J28,'86'!J28,'87'!J28,'88'!J28,'89'!J28,'91'!J28,'92'!J28,'93'!J28,'94'!J28,'94A'!J28,'95'!J28,'96'!J28,'97'!J28,'98'!J28,'142'!J28,'143'!J28,'90'!J28,'93A'!J28) -> 2.1714286 | ... N28: =AVERAGE('78'!N28,'79'!N28,'80'!N28,'81'!N28,'82'!N28,'83'!N28,'84A'!N28,'84'!N28,'85'!N28,'86'!N28,'87'!N28,'88'!N28,'89'!N28,'91'!N28,'92'!N28,'93'!N28,'94'!N28,'94A'!N28,'95'!N28,'96'!N28,'97'!N28,'98'!N28,'142'!N28,'143'!N28,'90'!N28,'93A'!N28) -> 0.058791209 | O28: =AVERAGE('78'!O28,'79'!O28,'80'!O28,'81'!O28,'82'!O28,'83'!O28,'84A'!O28,'84'!O28,'85'!O28,'86'!O28,'87'!O28,'88'!O28,'89'!O28,'91'!O28,'92'!O28,'93'!O28,'94'!O28,'94A'!O28,'95'!O28,'96'!O28,'97'!O28,'98'!O28,'142'!O28,'143'!O28,'90'!O28) -> 38.068571 | P28: =AVERAGE('78'!P28,'79'!P28,'80'!P28,'81'!P28,'82'!P28,'83'!P28,'84A'!P28,'84'!P28,'85'!P28,'86'!P28,'87'!P28,'88'!P28,'89'!P28,'91'!P28,'92'!P28,'93'!P28,'94'!P28,'94A'!P28,'95'!P28,'96'!P28,'97'!P28,'98'!P28,'142'!P28,'143'!P28,'90'!P28) -> 83.891429 | R28: 0100-0200 | S28: =SUM(C82:C85) -> 7.3769231 | T28: =SUM(D82:D85) -> 2.2634615 | U28: =SUM(E82:E85) -> 3.1807692 | V28: =SUM(F82:F85) -> 4.775 | W28: =SUM(G82:G85) -> 0.72307692 | X28: =SUM(H82:H85) -> 2.3942308 | Y28: =SUM(I82:I85) -> 5.4307692 | Z28: =SUM(J82:J85) -> 7.7346154 | ... AF28: =SUM(P82:P85) -> 50.06
B29: 11.45 - 12.00 | C29: =AVERAGE('78'!C29,'79'!C29,'80'!C29,'81'!C29,'82'!C29,'83'!C29,'84A'!C29,'84'!C29,'85'!C29,'86'!C29,'87'!C29,'88'!C29,'89'!C29,'91'!C29,'92'!C29,'93'!C29,'94'!C29,'94A'!C29,'95'!C29,'96'!C29,'97'!C29,'98'!C29,'142'!C29,'143'!C29,'90'!C29,'93A'!C29) -> 9.956044 | D29: =AVERAGE('78'!D29,'79'!D29,'80'!D29,'81'!D29,'82'!D29,'83'!D29,'84A'!D29,'84'!D29,'85'!D29,'86'!D29,'87'!D29,'88'!D29,'89'!D29,'91'!D29,'92'!D29,'93'!D29,'94'!D29,'94A'!D29,'95'!D29,'96'!D29,'97'!D29,'98'!D29,'142'!D29,'143'!D29,'90'!D29,'93A'!D29) -> 3.1736264 | E29: =AVERAGE('78'!E29,'79'!E29,'80'!E29,'81'!E29,'82'!E29,'83'!E29,'84A'!E29,'84'!E29,'85'!E29,'86'!E29,'87'!E29,'88'!E29,'89'!E29,'91'!E29,'92'!E29,'93'!E29,'94'!E29,'94A'!E29,'95'!E29,'96'!E29,'97'!E29,'98'!E29,'142'!E29,'143'!E29,'90'!E29,'93A'!E29) -> 4.3010989 | F29: =AVERAGE('78'!F29,'79'!F29,'80'!F29,'81'!F29,'82'!F29,'83'!F29,'84A'!F29,'84'!F29,'85'!F29,'86'!F29,'87'!F29,'88'!F29,'89'!F29,'91'!F29,'92'!F29,'93'!F29,'94'!F29,'94A'!F29,'95'!F29,'96'!F29,'97'!F29,'98'!F29,'142'!F29,'143'!F29,'90'!F29,'93A'!F29) -> 12.096703 | G29: =AVERAGE('78'!G29,'79'!G29,'80'!G29,'81'!G29,'82'!G29,'83'!G29,'84A'!G29,'84'!G29,'85'!G29,'86'!G29,'87'!G29,'88'!G29,'89'!G29,'91'!G29,'92'!G29,'93'!G29,'94'!G29,'94A'!G29,'95'!G29,'96'!G29,'97'!G29,'98'!G29,'142'!G29,'143'!G29,'90'!G29,'93A'!G29) -> 0.40604396 | H29: =AVERAGE('78'!H29,'79'!H29,'80'!H29,'81'!H29,'82'!H29,'83'!H29,'84A'!H29,'84'!H29,'85'!H29,'86'!H29,'87'!H29,'88'!H29,'89'!H29,'91'!H29,'92'!H29,'93'!H29,'94'!H29,'94A'!H29,'95'!H29,'96'!H29,'97'!H29,'98'!H29,'142'!H29,'143'!H29,'90'!H29,'93A'!H29) -> 0.48681319 | I29: =AVERAGE('78'!I29,'79'!I29,'80'!I29,'81'!I29,'82'!I29,'83'!I29,'84A'!I29,'84'!I29,'85'!I29,'86'!I29,'87'!I29,'88'!I29,'89'!I29,'91'!I29,'92'!I29,'93'!I29,'94'!I29,'94A'!I29,'95'!I29,'96'!I29,'97'!I29,'98'!I29,'142'!I29,'143'!I29,'90'!I29,'93A'!I29) -> 3.4203297 | J29: =AVERAGE('78'!J29,'79'!J29,'80'!J29,'81'!J29,'82'!J29,'83'!J29,'84A'!J29,'84'!J29,'85'!J29,'86'!J29,'87'!J29,'88'!J29,'89'!J29,'91'!J29,'92'!J29,'93'!J29,'94'!J29,'94A'!J29,'95'!J29,'96'!J29,'97'!J29,'98'!J29,'142'!J29,'143'!J29,'90'!J29,'93A'!J29) -> 1.9423077 | ... N29: =AVERAGE('78'!N29,'79'!N29,'80'!N29,'81'!N29,'82'!N29,'83'!N29,'84A'!N29,'84'!N29,'85'!N29,'86'!N29,'87'!N29,'88'!N29,'89'!N29,'91'!N29,'92'!N29,'93'!N29,'94'!N29,'94A'!N29,'95'!N29,'96'!N29,'97'!N29,'98'!N29,'142'!N29,'143'!N29,'90'!N29,'93A'!N29) -> 0.032967033 | O29: =AVERAGE('78'!O29,'79'!O29,'80'!O29,'81'!O29,'82'!O29,'83'!O29,'84A'!O29,'84'!O29,'85'!O29,'86'!O29,'87'!O29,'88'!O29,'89'!O29,'91'!O29,'92'!O29,'93'!O29,'94'!O29,'94A'!O29,'95'!O29,'96'!O29,'97'!O29,'98'!O29,'142'!O29,'143'!O29,'90'!O29) -> 36.005714 | P29: =AVERAGE('78'!P29,'79'!P29,'80'!P29,'81'!P29,'82'!P29,'83'!P29,'84A'!P29,'84'!P29,'85'!P29,'86'!P29,'87'!P29,'88'!P29,'89'!P29,'91'!P29,'92'!P29,'93'!P29,'94'!P29,'94A'!P29,'95'!P29,'96'!P29,'97'!P29,'98'!P29,'142'!P29,'143'!P29,'90'!P29) -> 81.48 | R29: 0200-0300 | S29: =SUM(C86:C89) -> 4.05 | T29: =SUM(D86:D89) -> 1.1980769 | U29: =SUM(E86:E89) -> 1.9884615 | V29: =SUM(F86:F89) -> 3.1057692 | W29: =SUM(G86:G89) -> 0.72307692 | X29: =SUM(H86:H89) -> 2.2442308 | Y29: =SUM(I86:I89) -> 4.0461538 | Z29: =SUM(J86:J89) -> 6.25 | ... AF29: =SUM(P86:P89) -> 37.82
B30: 12.00 - 12.15 | C30: =AVERAGE('78'!C30,'79'!C30,'80'!C30,'81'!C30,'82'!C30,'83'!C30,'84A'!C30,'84'!C30,'85'!C30,'86'!C30,'87'!C30,'88'!C30,'89'!C30,'91'!C30,'92'!C30,'93'!C30,'94'!C30,'94A'!C30,'95'!C30,'96'!C30,'97'!C30,'98'!C30,'142'!C30,'143'!C30,'90'!C30,'93A'!C30) -> 10.186813 | D30: =AVERAGE('78'!D30,'79'!D30,'80'!D30,'81'!D30,'82'!D30,'83'!D30,'84A'!D30,'84'!D30,'85'!D30,'86'!D30,'87'!D30,'88'!D30,'89'!D30,'91'!D30,'92'!D30,'93'!D30,'94'!D30,'94A'!D30,'95'!D30,'96'!D30,'97'!D30,'98'!D30,'142'!D30,'143'!D30,'90'!D30,'93A'!D30) -> 3.3467033 | E30: =AVERAGE('78'!E30,'79'!E30,'80'!E30,'81'!E30,'82'!E30,'83'!E30,'84A'!E30,'84'!E30,'85'!E30,'86'!E30,'87'!E30,'88'!E30,'89'!E30,'91'!E30,'92'!E30,'93'!E30,'94'!E30,'94A'!E30,'95'!E30,'96'!E30,'97'!E30,'98'!E30,'142'!E30,'143'!E30,'90'!E30,'93A'!E30) -> 4.5456044 | F30: =AVERAGE('78'!F30,'79'!F30,'80'!F30,'81'!F30,'82'!F30,'83'!F30,'84A'!F30,'84'!F30,'85'!F30,'86'!F30,'87'!F30,'88'!F30,'89'!F30,'91'!F30,'92'!F30,'93'!F30,'94'!F30,'94A'!F30,'95'!F30,'96'!F30,'97'!F30,'98'!F30,'142'!F30,'143'!F30,'90'!F30,'93A'!F30) -> 12.365385 | G30: =AVERAGE('78'!G30,'79'!G30,'80'!G30,'81'!G30,'82'!G30,'83'!G30,'84A'!G30,'84'!G30,'85'!G30,'86'!G30,'87'!G30,'88'!G30,'89'!G30,'91'!G30,'92'!G30,'93'!G30,'94'!G30,'94A'!G30,'95'!G30,'96'!G30,'97'!G30,'98'!G30,'142'!G30,'143'!G30,'90'!G30,'93A'!G30) -> 0.37692308 | H30: =AVERAGE('78'!H30,'79'!H30,'80'!H30,'81'!H30,'82'!H30,'83'!H30,'84A'!H30,'84'!H30,'85'!H30,'86'!H30,'87'!H30,'88'!H30,'89'!H30,'91'!H30,'92'!H30,'93'!H30,'94'!H30,'94A'!H30,'95'!H30,'96'!H30,'97'!H30,'98'!H30,'142'!H30,'143'!H30,'90'!H30,'93A'!H30) -> 0.4967033 | I30: =AVERAGE('78'!I30,'79'!I30,'80'!I30,'81'!I30,'82'!I30,'83'!I30,'84A'!I30,'84'!I30,'85'!I30,'86'!I30,'87'!I30,'88'!I30,'89'!I30,'91'!I30,'92'!I30,'93'!I30,'94'!I30,'94A'!I30,'95'!I30,'96'!I30,'97'!I30,'98'!I30,'142'!I30,'143'!I30,'90'!I30,'93A'!I30) -> 3.4076923 | J30: =AVERAGE('78'!J30,'79'!J30,'80'!J30,'81'!J30,'82'!J30,'83'!J30,'84A'!J30,'84'!J30,'85'!J30,'86'!J30,'87'!J30,'88'!J30,'89'!J30,'91'!J30,'92'!J30,'93'!J30,'94'!J30,'94A'!J30,'95'!J30,'96'!J30,'97'!J30,'98'!J30,'142'!J30,'143'!J30,'90'!J30,'93A'!J30) -> 2.3692308 | ... N30: =AVERAGE('78'!N30,'79'!N30,'80'!N30,'81'!N30,'82'!N30,'83'!N30,'84A'!N30,'84'!N30,'85'!N30,'86'!N30,'87'!N30,'88'!N30,'89'!N30,'91'!N30,'92'!N30,'93'!N30,'94'!N30,'94A'!N30,'95'!N30,'96'!N30,'97'!N30,'98'!N30,'142'!N30,'143'!N30,'90'!N30,'93A'!N30) -> 0.021978022 | O30: =AVERAGE('78'!O30,'79'!O30,'80'!O30,'81'!O30,'82'!O30,'83'!O30,'84A'!O30,'84'!O30,'85'!O30,'86'!O30,'87'!O30,'88'!O30,'89'!O30,'91'!O30,'92'!O30,'93'!O30,'94'!O30,'94A'!O30,'95'!O30,'96'!O30,'97'!O30,'98'!O30,'142'!O30,'143'!O30,'90'!O30) -> 37.365714 | P30: =AVERAGE('78'!P30,'79'!P30,'80'!P30,'81'!P30,'82'!P30,'83'!P30,'84A'!P30,'84'!P30,'85'!P30,'86'!P30,'87'!P30,'88'!P30,'89'!P30,'91'!P30,'92'!P30,'93'!P30,'94'!P30,'94A'!P30,'95'!P30,'96'!P30,'97'!P30,'98'!P30,'142'!P30,'143'!P30,'90'!P30) -> 82.525714 | R30: 0300-0400 | S30: =SUM(C90:C93) -> 3.8230769 | T30: =SUM(D90:D93) -> 1.5461538 | U30: =SUM(E90:E93) -> 1.875 | V30: =SUM(F90:F93) -> 4.0076923 | W30: =SUM(G90:G93) -> 0.51538462 | X30: =SUM(H90:H93) -> 2.1326923 | Y30: =SUM(I90:I93) -> 3.5846154 | Z30: =SUM(J90:J93) -> 6.3442308 | ... AF30: =SUM(P90:P93) -> 38.66
B31: 12.15 - 12.30 | C31: =AVERAGE('78'!C31,'79'!C31,'80'!C31,'81'!C31,'82'!C31,'83'!C31,'84A'!C31,'84'!C31,'85'!C31,'86'!C31,'87'!C31,'88'!C31,'89'!C31,'91'!C31,'92'!C31,'93'!C31,'94'!C31,'94A'!C31,'95'!C31,'96'!C31,'97'!C31,'98'!C31,'142'!C31,'143'!C31,'90'!C31,'93A'!C31) -> 10.16044 | D31: =AVERAGE('78'!D31,'79'!D31,'80'!D31,'81'!D31,'82'!D31,'83'!D31,'84A'!D31,'84'!D31,'85'!D31,'86'!D31,'87'!D31,'88'!D31,'89'!D31,'91'!D31,'92'!D31,'93'!D31,'94'!D31,'94A'!D31,'95'!D31,'96'!D31,'97'!D31,'98'!D31,'142'!D31,'143'!D31,'90'!D31,'93A'!D31) -> 3.0412088 | E31: =AVERAGE('78'!E31,'79'!E31,'80'!E31,'81'!E31,'82'!E31,'83'!E31,'84A'!E31,'84'!E31,'85'!E31,'86'!E31,'87'!E31,'88'!E31,'89'!E31,'91'!E31,'92'!E31,'93'!E31,'94'!E31,'94A'!E31,'95'!E31,'96'!E31,'97'!E31,'98'!E31,'142'!E31,'143'!E31,'90'!E31,'93A'!E31) -> 4.4917582 | F31: =AVERAGE('78'!F31,'79'!F31,'80'!F31,'81'!F31,'82'!F31,'83'!F31,'84A'!F31,'84'!F31,'85'!F31,'86'!F31,'87'!F31,'88'!F31,'89'!F31,'91'!F31,'92'!F31,'93'!F31,'94'!F31,'94A'!F31,'95'!F31,'96'!F31,'97'!F31,'98'!F31,'142'!F31,'143'!F31,'90'!F31,'93A'!F31) -> 12.654396 | G31: =AVERAGE('78'!G31,'79'!G31,'80'!G31,'81'!G31,'82'!G31,'83'!G31,'84A'!G31,'84'!G31,'85'!G31,'86'!G31,'87'!G31,'88'!G31,'89'!G31,'91'!G31,'92'!G31,'93'!G31,'94'!G31,'94A'!G31,'95'!G31,'96'!G31,'97'!G31,'98'!G31,'142'!G31,'143'!G31,'90'!G31,'93A'!G31) -> 0.57472527 | H31: =AVERAGE('78'!H31,'79'!H31,'80'!H31,'81'!H31,'82'!H31,'83'!H31,'84A'!H31,'84'!H31,'85'!H31,'86'!H31,'87'!H31,'88'!H31,'89'!H31,'91'!H31,'92'!H31,'93'!H31,'94'!H31,'94A'!H31,'95'!H31,'96'!H31,'97'!H31,'98'!H31,'142'!H31,'143'!H31,'90'!H31,'93A'!H31) -> 0.46043956 | I31: =AVERAGE('78'!I31,'79'!I31,'80'!I31,'81'!I31,'82'!I31,'83'!I31,'84A'!I31,'84'!I31,'85'!I31,'86'!I31,'87'!I31,'88'!I31,'89'!I31,'91'!I31,'92'!I31,'93'!I31,'94'!I31,'94A'!I31,'95'!I31,'96'!I31,'97'!I31,'98'!I31,'142'!I31,'143'!I31,'90'!I31,'93A'!I31) -> 3.8851648 | J31: =AVERAGE('78'!J31,'79'!J31,'80'!J31,'81'!J31,'82'!J31,'83'!J31,'84A'!J31,'84'!J31,'85'!J31,'86'!J31,'87'!J31,'88'!J31,'89'!J31,'91'!J31,'92'!J31,'93'!J31,'94'!J31,'94A'!J31,'95'!J31,'96'!J31,'97'!J31,'98'!J31,'142'!J31,'143'!J31,'90'!J31,'93A'!J31) -> 2.1445055 | ... N31: =AVERAGE('78'!N31,'79'!N31,'80'!N31,'81'!N31,'82'!N31,'83'!N31,'84A'!N31,'84'!N31,'85'!N31,'86'!N31,'87'!N31,'88'!N31,'89'!N31,'91'!N31,'92'!N31,'93'!N31,'94'!N31,'94A'!N31,'95'!N31,'96'!N31,'97'!N31,'98'!N31,'142'!N31,'143'!N31,'90'!N31,'93A'!N31) -> 0.043956044 | O31: =AVERAGE('78'!O31,'79'!O31,'80'!O31,'81'!O31,'82'!O31,'83'!O31,'84A'!O31,'84'!O31,'85'!O31,'86'!O31,'87'!O31,'88'!O31,'89'!O31,'91'!O31,'92'!O31,'93'!O31,'94'!O31,'94A'!O31,'95'!O31,'96'!O31,'97'!O31,'98'!O31,'142'!O31,'143'!O31,'90'!O31) -> 37.8 | P31: =AVERAGE('78'!P31,'79'!P31,'80'!P31,'81'!P31,'82'!P31,'83'!P31,'84A'!P31,'84'!P31,'85'!P31,'86'!P31,'87'!P31,'88'!P31,'89'!P31,'91'!P31,'92'!P31,'93'!P31,'94'!P31,'94A'!P31,'95'!P31,'96'!P31,'97'!P31,'98'!P31,'142'!P31,'143'!P31,'90'!P31) -> 82.622857 | R31: 0400-0500 | S31: =SUM(C94:C97) -> 6.3134615 | T31: =SUM(D94:D97) -> 1.4903846 | U31: =SUM(E94:E97) -> 2.5480769 | V31: =SUM(F94:F97) -> 6.7576923 | W31: =SUM(G94:G97) -> 0.95384615 | X31: =SUM(H94:H97) -> 2.2980769 | Y31: =SUM(I94:I97) -> 3.8019231 | Z31: =SUM(J94:J97) -> 4.9230769 | ... AF31: =SUM(P94:P97) -> 47.86
B32: 12.30 - 12.45 | C32: =AVERAGE('78'!C32,'79'!C32,'80'!C32,'81'!C32,'82'!C32,'83'!C32,'84A'!C32,'84'!C32,'85'!C32,'86'!C32,'87'!C32,'88'!C32,'89'!C32,'91'!C32,'92'!C32,'93'!C32,'94'!C32,'94A'!C32,'95'!C32,'96'!C32,'97'!C32,'98'!C32,'142'!C32,'143'!C32,'90'!C32,'93A'!C32) -> 10.12033 | D32: =AVERAGE('78'!D32,'79'!D32,'80'!D32,'81'!D32,'82'!D32,'83'!D32,'84A'!D32,'84'!D32,'85'!D32,'86'!D32,'87'!D32,'88'!D32,'89'!D32,'91'!D32,'92'!D32,'93'!D32,'94'!D32,'94A'!D32,'95'!D32,'96'!D32,'97'!D32,'98'!D32,'142'!D32,'143'!D32,'90'!D32,'93A'!D32) -> 3.2395604 | E32: =AVERAGE('78'!E32,'79'!E32,'80'!E32,'81'!E32,'82'!E32,'83'!E32,'84A'!E32,'84'!E32,'85'!E32,'86'!E32,'87'!E32,'88'!E32,'89'!E32,'91'!E32,'92'!E32,'93'!E32,'94'!E32,'94A'!E32,'95'!E32,'96'!E32,'97'!E32,'98'!E32,'142'!E32,'143'!E32,'90'!E32,'93A'!E32) -> 4.4675824 | F32: =AVERAGE('78'!F32,'79'!F32,'80'!F32,'81'!F32,'82'!F32,'83'!F32,'84A'!F32,'84'!F32,'85'!F32,'86'!F32,'87'!F32,'88'!F32,'89'!F32,'91'!F32,'92'!F32,'93'!F32,'94'!F32,'94A'!F32,'95'!F32,'96'!F32,'97'!F32,'98'!F32,'142'!F32,'143'!F32,'90'!F32,'93A'!F32) -> 12.593407 | G32: =AVERAGE('78'!G32,'79'!G32,'80'!G32,'81'!G32,'82'!G32,'83'!G32,'84A'!G32,'84'!G32,'85'!G32,'86'!G32,'87'!G32,'88'!G32,'89'!G32,'91'!G32,'92'!G32,'93'!G32,'94'!G32,'94A'!G32,'95'!G32,'96'!G32,'97'!G32,'98'!G32,'142'!G32,'143'!G32,'90'!G32,'93A'!G32) -> 0.47197802 | H32: =AVERAGE('78'!H32,'79'!H32,'80'!H32,'81'!H32,'82'!H32,'83'!H32,'84A'!H32,'84'!H32,'85'!H32,'86'!H32,'87'!H32,'88'!H32,'89'!H32,'91'!H32,'92'!H32,'93'!H32,'94'!H32,'94A'!H32,'95'!H32,'96'!H32,'97'!H32,'98'!H32,'142'!H32,'143'!H32,'90'!H32,'93A'!H32) -> 0.42197802 | I32: =AVERAGE('78'!I32,'79'!I32,'80'!I32,'81'!I32,'82'!I32,'83'!I32,'84A'!I32,'84'!I32,'85'!I32,'86'!I32,'87'!I32,'88'!I32,'89'!I32,'91'!I32,'92'!I32,'93'!I32,'94'!I32,'94A'!I32,'95'!I32,'96'!I32,'97'!I32,'98'!I32,'142'!I32,'143'!I32,'90'!I32,'93A'!I32) -> 4.110989 | J32: =AVERAGE('78'!J32,'79'!J32,'80'!J32,'81'!J32,'82'!J32,'83'!J32,'84A'!J32,'84'!J32,'85'!J32,'86'!J32,'87'!J32,'88'!J32,'89'!J32,'91'!J32,'92'!J32,'93'!J32,'94'!J32,'94A'!J32,'95'!J32,'96'!J32,'97'!J32,'98'!J32,'142'!J32,'143'!J32,'90'!J32,'93A'!J32) -> 1.7862637 | ... N32: =AVERAGE('78'!N32,'79'!N32,'80'!N32,'81'!N32,'82'!N32,'83'!N32,'84A'!N32,'84'!N32,'85'!N32,'86'!N32,'87'!N32,'88'!N32,'89'!N32,'91'!N32,'92'!N32,'93'!N32,'94'!N32,'94A'!N32,'95'!N32,'96'!N32,'97'!N32,'98'!N32,'142'!N32,'143'!N32,'90'!N32,'93A'!N32) -> 0.054945055 | O32: =AVERAGE('78'!O32,'79'!O32,'80'!O32,'81'!O32,'82'!O32,'83'!O32,'84A'!O32,'84'!O32,'85'!O32,'86'!O32,'87'!O32,'88'!O32,'89'!O32,'91'!O32,'92'!O32,'93'!O32,'94'!O32,'94A'!O32,'95'!O32,'96'!O32,'97'!O32,'98'!O32,'142'!O32,'143'!O32,'90'!O32) -> 38.24 | P32: =AVERAGE('78'!P32,'79'!P32,'80'!P32,'81'!P32,'82'!P32,'83'!P32,'84A'!P32,'84'!P32,'85'!P32,'86'!P32,'87'!P32,'88'!P32,'89'!P32,'91'!P32,'92'!P32,'93'!P32,'94'!P32,'94A'!P32,'95'!P32,'96'!P32,'97'!P32,'98'!P32,'142'!P32,'143'!P32,'90'!P32) -> 82.702857 | R32: 0500-0600 | S32: =SUM(C98:C101) -> 7.5846154 | T32: =SUM(D98:D101) -> 2.7153846 | U32: =SUM(E98:E101) -> 3.6365385 | V32: =SUM(F98:F101) -> 11.417308 | W32: =SUM(G98:G101) -> 0.96923077 | X32: =SUM(H98:H101) -> 2.0865385 | Y32: =SUM(I98:I101) -> 4.2076923 | Z32: =SUM(J98:J101) -> 6.175 | ... AF32: =SUM(P98:P101) -> 66.46
B33: 12.45 - 13.00 | C33: =AVERAGE('78'!C33,'79'!C33,'80'!C33,'81'!C33,'82'!C33,'83'!C33,'84A'!C33,'84'!C33,'85'!C33,'86'!C33,'87'!C33,'88'!C33,'89'!C33,'91'!C33,'92'!C33,'93'!C33,'94'!C33,'94A'!C33,'95'!C33,'96'!C33,'97'!C33,'98'!C33,'142'!C33,'143'!C33,'90'!C33,'93A'!C33) -> 9.4653846 | D33: =AVERAGE('78'!D33,'79'!D33,'80'!D33,'81'!D33,'82'!D33,'83'!D33,'84A'!D33,'84'!D33,'85'!D33,'86'!D33,'87'!D33,'88'!D33,'89'!D33,'91'!D33,'92'!D33,'93'!D33,'94'!D33,'94A'!D33,'95'!D33,'96'!D33,'97'!D33,'98'!D33,'142'!D33,'143'!D33,'90'!D33,'93A'!D33) -> 3.0010989 | E33: =AVERAGE('78'!E33,'79'!E33,'80'!E33,'81'!E33,'82'!E33,'83'!E33,'84A'!E33,'84'!E33,'85'!E33,'86'!E33,'87'!E33,'88'!E33,'89'!E33,'91'!E33,'92'!E33,'93'!E33,'94'!E33,'94A'!E33,'95'!E33,'96'!E33,'97'!E33,'98'!E33,'142'!E33,'143'!E33,'90'!E33,'93A'!E33) -> 4.1532967 | F33: =AVERAGE('78'!F33,'79'!F33,'80'!F33,'81'!F33,'82'!F33,'83'!F33,'84A'!F33,'84'!F33,'85'!F33,'86'!F33,'87'!F33,'88'!F33,'89'!F33,'91'!F33,'92'!F33,'93'!F33,'94'!F33,'94A'!F33,'95'!F33,'96'!F33,'97'!F33,'98'!F33,'142'!F33,'143'!F33,'90'!F33,'93A'!F33) -> 12.121429 | G33: =AVERAGE('78'!G33,'79'!G33,'80'!G33,'81'!G33,'82'!G33,'83'!G33,'84A'!G33,'84'!G33,'85'!G33,'86'!G33,'87'!G33,'88'!G33,'89'!G33,'91'!G33,'92'!G33,'93'!G33,'94'!G33,'94A'!G33,'95'!G33,'96'!G33,'97'!G33,'98'!G33,'142'!G33,'143'!G33,'90'!G33,'93A'!G33) -> 0.84615385 | H33: =AVERAGE('78'!H33,'79'!H33,'80'!H33,'81'!H33,'82'!H33,'83'!H33,'84A'!H33,'84'!H33,'85'!H33,'86'!H33,'87'!H33,'88'!H33,'89'!H33,'91'!H33,'92'!H33,'93'!H33,'94'!H33,'94A'!H33,'95'!H33,'96'!H33,'97'!H33,'98'!H33,'142'!H33,'143'!H33,'90'!H33,'93A'!H33) -> 0.55384615 | I33: =AVERAGE('78'!I33,'79'!I33,'80'!I33,'81'!I33,'82'!I33,'83'!I33,'84A'!I33,'84'!I33,'85'!I33,'86'!I33,'87'!I33,'88'!I33,'89'!I33,'91'!I33,'92'!I33,'93'!I33,'94'!I33,'94A'!I33,'95'!I33,'96'!I33,'97'!I33,'98'!I33,'142'!I33,'143'!I33,'90'!I33,'93A'!I33) -> 3.55 | J33: =AVERAGE('78'!J33,'79'!J33,'80'!J33,'81'!J33,'82'!J33,'83'!J33,'84A'!J33,'84'!J33,'85'!J33,'86'!J33,'87'!J33,'88'!J33,'89'!J33,'91'!J33,'92'!J33,'93'!J33,'94'!J33,'94A'!J33,'95'!J33,'96'!J33,'97'!J33,'98'!J33,'142'!J33,'143'!J33,'90'!J33,'93A'!J33) -> 1.8252747 | ... N33: =AVERAGE('78'!N33,'79'!N33,'80'!N33,'81'!N33,'82'!N33,'83'!N33,'84A'!N33,'84'!N33,'85'!N33,'86'!N33,'87'!N33,'88'!N33,'89'!N33,'91'!N33,'92'!N33,'93'!N33,'94'!N33,'94A'!N33,'95'!N33,'96'!N33,'97'!N33,'98'!N33,'142'!N33,'143'!N33,'90'!N33,'93A'!N33) -> 0.064835165 | O33: =AVERAGE('78'!O33,'79'!O33,'80'!O33,'81'!O33,'82'!O33,'83'!O33,'84A'!O33,'84'!O33,'85'!O33,'86'!O33,'87'!O33,'88'!O33,'89'!O33,'91'!O33,'92'!O33,'93'!O33,'94'!O33,'94A'!O33,'95'!O33,'96'!O33,'97'!O33,'98'!O33,'142'!O33,'143'!O33,'90'!O33) -> 36.88 | P33: =AVERAGE('78'!P33,'79'!P33,'80'!P33,'81'!P33,'82'!P33,'83'!P33,'84A'!P33,'84'!P33,'85'!P33,'86'!P33,'87'!P33,'88'!P33,'89'!P33,'91'!P33,'92'!P33,'93'!P33,'94'!P33,'94A'!P33,'95'!P33,'96'!P33,'97'!P33,'98'!P33,'142'!P33,'143'!P33,'90'!P33) -> 81.194286 | R33: 0600-0700 | S33: =SUM(C102:C105) -> 15.507692 | T33: =SUM(D102:D105) -> 5.1673077 | U33: =SUM(E102:E105) -> 5.6307692 | V33: =SUM(F102:F105) -> 21.138462 | W33: =SUM(G102:G105) -> 1.7884615 | X33: =SUM(H102:H105) -> 3.1057692 | Y33: =SUM(I102:I105) -> 6.8 | Z33: =SUM(J102:J105) -> 6.4442308 | ... AF33: =SUM(P102:P105) -> 127.58
B34: 13.00 - 13.15 | C34: =AVERAGE('78'!C34,'79'!C34,'80'!C34,'81'!C34,'82'!C34,'83'!C34,'84A'!C34,'84'!C34,'85'!C34,'86'!C34,'87'!C34,'88'!C34,'89'!C34,'91'!C34,'92'!C34,'93'!C34,'94'!C34,'94A'!C34,'95'!C34,'96'!C34,'97'!C34,'98'!C34,'142'!C34,'143'!C34,'90'!C34,'93A'!C34) -> 10.851099 | D34: =AVERAGE('78'!D34,'79'!D34,'80'!D34,'81'!D34,'82'!D34,'83'!D34,'84A'!D34,'84'!D34,'85'!D34,'86'!D34,'87'!D34,'88'!D34,'89'!D34,'91'!D34,'92'!D34,'93'!D34,'94'!D34,'94A'!D34,'95'!D34,'96'!D34,'97'!D34,'98'!D34,'142'!D34,'143'!D34,'90'!D34,'93A'!D34) -> 2.9978022 | E34: =AVERAGE('78'!E34,'79'!E34,'80'!E34,'81'!E34,'82'!E34,'83'!E34,'84A'!E34,'84'!E34,'85'!E34,'86'!E34,'87'!E34,'88'!E34,'89'!E34,'91'!E34,'92'!E34,'93'!E34,'94'!E34,'94A'!E34,'95'!E34,'96'!E34,'97'!E34,'98'!E34,'142'!E34,'143'!E34,'90'!E34,'93A'!E34) -> 4.6153846 | F34: =AVERAGE('78'!F34,'79'!F34,'80'!F34,'81'!F34,'82'!F34,'83'!F34,'84A'!F34,'84'!F34,'85'!F34,'86'!F34,'87'!F34,'88'!F34,'89'!F34,'91'!F34,'92'!F34,'93'!F34,'94'!F34,'94A'!F34,'95'!F34,'96'!F34,'97'!F34,'98'!F34,'142'!F34,'143'!F34,'90'!F34,'93A'!F34) -> 13.868681 | G34: =AVERAGE('78'!G34,'79'!G34,'80'!G34,'81'!G34,'82'!G34,'83'!G34,'84A'!G34,'84'!G34,'85'!G34,'86'!G34,'87'!G34,'88'!G34,'89'!G34,'91'!G34,'92'!G34,'93'!G34,'94'!G34,'94A'!G34,'95'!G34,'96'!G34,'97'!G34,'98'!G34,'142'!G34,'143'!G34,'90'!G34,'93A'!G34) -> 0.69505495 | H34: =AVERAGE('78'!H34,'79'!H34,'80'!H34,'81'!H34,'82'!H34,'83'!H34,'84A'!H34,'84'!H34,'85'!H34,'86'!H34,'87'!H34,'88'!H34,'89'!H34,'91'!H34,'92'!H34,'93'!H34,'94'!H34,'94A'!H34,'95'!H34,'96'!H34,'97'!H34,'98'!H34,'142'!H34,'143'!H34,'90'!H34,'93A'!H34) -> 0.56263736 | I34: =AVERAGE('78'!I34,'79'!I34,'80'!I34,'81'!I34,'82'!I34,'83'!I34,'84A'!I34,'84'!I34,'85'!I34,'86'!I34,'87'!I34,'88'!I34,'89'!I34,'91'!I34,'92'!I34,'93'!I34,'94'!I34,'94A'!I34,'95'!I34,'96'!I34,'97'!I34,'98'!I34,'142'!I34,'143'!I34,'90'!I34,'93A'!I34) -> 4.1763736 | J34: =AVERAGE('78'!J34,'79'!J34,'80'!J34,'81'!J34,'82'!J34,'83'!J34,'84A'!J34,'84'!J34,'85'!J34,'86'!J34,'87'!J34,'88'!J34,'89'!J34,'91'!J34,'92'!J34,'93'!J34,'94'!J34,'94A'!J34,'95'!J34,'96'!J34,'97'!J34,'98'!J34,'142'!J34,'143'!J34,'90'!J34,'93A'!J34) -> 2.4247253 | ... N34: =AVERAGE('78'!N34,'79'!N34,'80'!N34,'81'!N34,'82'!N34,'83'!N34,'84A'!N34,'84'!N34,'85'!N34,'86'!N34,'87'!N34,'88'!N34,'89'!N34,'91'!N34,'92'!N34,'93'!N34,'94'!N34,'94A'!N34,'95'!N34,'96'!N34,'97'!N34,'98'!N34,'142'!N34,'143'!N34,'90'!N34,'93A'!N34) -> 0.13681319 | O34: =AVERAGE('78'!O34,'79'!O34,'80'!O34,'81'!O34,'82'!O34,'83'!O34,'84A'!O34,'84'!O34,'85'!O34,'86'!O34,'87'!O34,'88'!O34,'89'!O34,'91'!O34,'92'!O34,'93'!O34,'94'!O34,'94A'!O34,'95'!O34,'96'!O34,'97'!O34,'98'!O34,'142'!O34,'143'!O34,'90'!O34) -> 40.685714 | P34: =AVERAGE('78'!P34,'79'!P34,'80'!P34,'81'!P34,'82'!P34,'83'!P34,'84A'!P34,'84'!P34,'85'!P34,'86'!P34,'87'!P34,'88'!P34,'89'!P34,'91'!P34,'92'!P34,'93'!P34,'94'!P34,'94A'!P34,'95'!P34,'96'!P34,'97'!P34,'98'!P34,'142'!P34,'143'!P34,'90'!P34) -> 84.8 | R34: AM Peak Hr | S34: =MAX(S10:S12) -> 33.30989 | T34: =MAX(T10:T12) -> 11.599451 | U34: =MAX(U10:U12) -> 15.820879 | V34: =MAX(V10:V12) -> 46.902198 | W34: =MAX(W10:W12) -> 3.0362637 | X34: =MAX(X10:X12) -> 1.6642857 | Y34: =MAX(Y10:Y12) -> 11.696154 | Z34: =MAX(Z10:Z12) -> 7.8318681 | ... AF34: =MAX(AF10:AF12) -> 302.86286
B35: 13.15 - 13.30 | C35: =AVERAGE('78'!C35,'79'!C35,'80'!C35,'81'!C35,'82'!C35,'83'!C35,'84A'!C35,'84'!C35,'85'!C35,'86'!C35,'87'!C35,'88'!C35,'89'!C35,'91'!C35,'92'!C35,'93'!C35,'94'!C35,'94A'!C35,'95'!C35,'96'!C35,'97'!C35,'98'!C35,'142'!C35,'143'!C35,'90'!C35,'93A'!C35) -> 9.9115385 | D35: =AVERAGE('78'!D35,'79'!D35,'80'!D35,'81'!D35,'82'!D35,'83'!D35,'84A'!D35,'84'!D35,'85'!D35,'86'!D35,'87'!D35,'88'!D35,'89'!D35,'91'!D35,'92'!D35,'93'!D35,'94'!D35,'94A'!D35,'95'!D35,'96'!D35,'97'!D35,'98'!D35,'142'!D35,'143'!D35,'90'!D35,'93A'!D35) -> 2.9203297 | E35: =AVERAGE('78'!E35,'79'!E35,'80'!E35,'81'!E35,'82'!E35,'83'!E35,'84A'!E35,'84'!E35,'85'!E35,'86'!E35,'87'!E35,'88'!E35,'89'!E35,'91'!E35,'92'!E35,'93'!E35,'94'!E35,'94A'!E35,'95'!E35,'96'!E35,'97'!E35,'98'!E35,'142'!E35,'143'!E35,'90'!E35,'93A'!E35) -> 4.6445055 | F35: =AVERAGE('78'!F35,'79'!F35,'80'!F35,'81'!F35,'82'!F35,'83'!F35,'84A'!F35,'84'!F35,'85'!F35,'86'!F35,'87'!F35,'88'!F35,'89'!F35,'91'!F35,'92'!F35,'93'!F35,'94'!F35,'94A'!F35,'95'!F35,'96'!F35,'97'!F35,'98'!F35,'142'!F35,'143'!F35,'90'!F35,'93A'!F35) -> 12.936264 | G35: =AVERAGE('78'!G35,'79'!G35,'80'!G35,'81'!G35,'82'!G35,'83'!G35,'84A'!G35,'84'!G35,'85'!G35,'86'!G35,'87'!G35,'88'!G35,'89'!G35,'91'!G35,'92'!G35,'93'!G35,'94'!G35,'94A'!G35,'95'!G35,'96'!G35,'97'!G35,'98'!G35,'142'!G35,'143'!G35,'90'!G35,'93A'!G35) -> 0.59175824 | H35: =AVERAGE('78'!H35,'79'!H35,'80'!H35,'81'!H35,'82'!H35,'83'!H35,'84A'!H35,'84'!H35,'85'!H35,'86'!H35,'87'!H35,'88'!H35,'89'!H35,'91'!H35,'92'!H35,'93'!H35,'94'!H35,'94A'!H35,'95'!H35,'96'!H35,'97'!H35,'98'!H35,'142'!H35,'143'!H35,'90'!H35,'93A'!H35) -> 0.41923077 | I35: =AVERAGE('78'!I35,'79'!I35,'80'!I35,'81'!I35,'82'!I35,'83'!I35,'84A'!I35,'84'!I35,'85'!I35,'86'!I35,'87'!I35,'88'!I35,'89'!I35,'91'!I35,'92'!I35,'93'!I35,'94'!I35,'94A'!I35,'95'!I35,'96'!I35,'97'!I35,'98'!I35,'142'!I35,'143'!I35,'90'!I35,'93A'!I35) -> 3.4082418 | J35: =AVERAGE('78'!J35,'79'!J35,'80'!J35,'81'!J35,'82'!J35,'83'!J35,'84A'!J35,'84'!J35,'85'!J35,'86'!J35,'87'!J35,'88'!J35,'89'!J35,'91'!J35,'92'!J35,'93'!J35,'94'!J35,'94A'!J35,'95'!J35,'96'!J35,'97'!J35,'98'!J35,'142'!J35,'143'!J35,'90'!J35,'93A'!J35) -> 2.2824176 | ... N35: =AVERAGE('78'!N35,'79'!N35,'80'!N35,'81'!N35,'82'!N35,'83'!N35,'84A'!N35,'84'!N35,'85'!N35,'86'!N35,'87'!N35,'88'!N35,'89'!N35,'91'!N35,'92'!N35,'93'!N35,'94'!N35,'94A'!N35,'95'!N35,'96'!N35,'97'!N35,'98'!N35,'142'!N35,'143'!N35,'90'!N35,'93A'!N35) -> 0.076923077 | O35: =AVERAGE('78'!O35,'79'!O35,'80'!O35,'81'!O35,'82'!O35,'83'!O35,'84A'!O35,'84'!O35,'85'!O35,'86'!O35,'87'!O35,'88'!O35,'89'!O35,'91'!O35,'92'!O35,'93'!O35,'94'!O35,'94A'!O35,'95'!O35,'96'!O35,'97'!O35,'98'!O35,'142'!O35,'143'!O35,'90'!O35) -> 37.902857 | P35: =AVERAGE('78'!P35,'79'!P35,'80'!P35,'81'!P35,'82'!P35,'83'!P35,'84A'!P35,'84'!P35,'85'!P35,'86'!P35,'87'!P35,'88'!P35,'89'!P35,'91'!P35,'92'!P35,'93'!P35,'94'!P35,'94A'!P35,'95'!P35,'96'!P35,'97'!P35,'98'!P35,'142'!P35,'143'!P35,'90'!P35) -> 81.028571 | R35: IP Peak Hr | S35: =MAX(S13:S18) -> 40.451099 | T35: =MAX(T13:T18) -> 13.094505 | U35: =MAX(U13:U18) -> 19.474725 | V35: =MAX(V13:V18) -> 52.034615 | W35: =MAX(W13:W18) -> 2.2697802 | X35: =MAX(X13:X18) -> 2.767033 | Y35: =MAX(Y13:Y18) -> 17.079121 | Z35: =MAX(Z13:Z18) -> 10.921429 | ... AF35: =MAX(AF13:AF18) -> 332.21714
B36: 13.30 - 13.45 | C36: =AVERAGE('78'!C36,'79'!C36,'80'!C36,'81'!C36,'82'!C36,'83'!C36,'84A'!C36,'84'!C36,'85'!C36,'86'!C36,'87'!C36,'88'!C36,'89'!C36,'91'!C36,'92'!C36,'93'!C36,'94'!C36,'94A'!C36,'95'!C36,'96'!C36,'97'!C36,'98'!C36,'142'!C36,'143'!C36,'90'!C36,'93A'!C36) -> 10.087363 | D36: =AVERAGE('78'!D36,'79'!D36,'80'!D36,'81'!D36,'82'!D36,'83'!D36,'84A'!D36,'84'!D36,'85'!D36,'86'!D36,'87'!D36,'88'!D36,'89'!D36,'91'!D36,'92'!D36,'93'!D36,'94'!D36,'94A'!D36,'95'!D36,'96'!D36,'97'!D36,'98'!D36,'142'!D36,'143'!D36,'90'!D36,'93A'!D36) -> 2.8532967 | E36: =AVERAGE('78'!E36,'79'!E36,'80'!E36,'81'!E36,'82'!E36,'83'!E36,'84A'!E36,'84'!E36,'85'!E36,'86'!E36,'87'!E36,'88'!E36,'89'!E36,'91'!E36,'92'!E36,'93'!E36,'94'!E36,'94A'!E36,'95'!E36,'96'!E36,'97'!E36,'98'!E36,'142'!E36,'143'!E36,'90'!E36,'93A'!E36) -> 4.5983516 | F36: =AVERAGE('78'!F36,'79'!F36,'80'!F36,'81'!F36,'82'!F36,'83'!F36,'84A'!F36,'84'!F36,'85'!F36,'86'!F36,'87'!F36,'88'!F36,'89'!F36,'91'!F36,'92'!F36,'93'!F36,'94'!F36,'94A'!F36,'95'!F36,'96'!F36,'97'!F36,'98'!F36,'142'!F36,'143'!F36,'90'!F36,'93A'!F36) -> 12.315385 | G36: =AVERAGE('78'!G36,'79'!G36,'80'!G36,'81'!G36,'82'!G36,'83'!G36,'84A'!G36,'84'!G36,'85'!G36,'86'!G36,'87'!G36,'88'!G36,'89'!G36,'91'!G36,'92'!G36,'93'!G36,'94'!G36,'94A'!G36,'95'!G36,'96'!G36,'97'!G36,'98'!G36,'142'!G36,'143'!G36,'90'!G36,'93A'!G36) -> 0.46318681 | H36: =AVERAGE('78'!H36,'79'!H36,'80'!H36,'81'!H36,'82'!H36,'83'!H36,'84A'!H36,'84'!H36,'85'!H36,'86'!H36,'87'!H36,'88'!H36,'89'!H36,'91'!H36,'92'!H36,'93'!H36,'94'!H36,'94A'!H36,'95'!H36,'96'!H36,'97'!H36,'98'!H36,'142'!H36,'143'!H36,'90'!H36,'93A'!H36) -> 0.53626374 | I36: =AVERAGE('78'!I36,'79'!I36,'80'!I36,'81'!I36,'82'!I36,'83'!I36,'84A'!I36,'84'!I36,'85'!I36,'86'!I36,'87'!I36,'88'!I36,'89'!I36,'91'!I36,'92'!I36,'93'!I36,'94'!I36,'94A'!I36,'95'!I36,'96'!I36,'97'!I36,'98'!I36,'142'!I36,'143'!I36,'90'!I36,'93A'!I36) -> 4.7368132 | J36: =AVERAGE('78'!J36,'79'!J36,'80'!J36,'81'!J36,'82'!J36,'83'!J36,'84A'!J36,'84'!J36,'85'!J36,'86'!J36,'87'!J36,'88'!J36,'89'!J36,'91'!J36,'92'!J36,'93'!J36,'94'!J36,'94A'!J36,'95'!J36,'96'!J36,'97'!J36,'98'!J36,'142'!J36,'143'!J36,'90'!J36,'93A'!J36) -> 2.2956044 | ... N36: =AVERAGE('78'!N36,'79'!N36,'80'!N36,'81'!N36,'82'!N36,'83'!N36,'84A'!N36,'84'!N36,'85'!N36,'86'!N36,'87'!N36,'88'!N36,'89'!N36,'91'!N36,'92'!N36,'93'!N36,'94'!N36,'94A'!N36,'95'!N36,'96'!N36,'97'!N36,'98'!N36,'142'!N36,'143'!N36,'90'!N36,'93A'!N36) -> 0.053296703 | O36: =AVERAGE('78'!O36,'79'!O36,'80'!O36,'81'!O36,'82'!O36,'83'!O36,'84A'!O36,'84'!O36,'85'!O36,'86'!O36,'87'!O36,'88'!O36,'89'!O36,'91'!O36,'92'!O36,'93'!O36,'94'!O36,'94A'!O36,'95'!O36,'96'!O36,'97'!O36,'98'!O36,'142'!O36,'143'!O36,'90'!O36) -> 38.748571 | P36: =AVERAGE('78'!P36,'79'!P36,'80'!P36,'81'!P36,'82'!P36,'83'!P36,'84A'!P36,'84'!P36,'85'!P36,'86'!P36,'87'!P36,'88'!P36,'89'!P36,'91'!P36,'92'!P36,'93'!P36,'94'!P36,'94A'!P36,'95'!P36,'96'!P36,'97'!P36,'98'!P36,'142'!P36,'143'!P36,'90'!P36) -> 81.697143 | R36: PM Peak Hr | S36: =MAX(S19:S21) -> 46.959341 | T36: =MAX(T19:T21) -> 15.868132 | U36: =MAX(U19:U21) -> 21.673077 | V36: =MAX(V19:V21) -> 55.871429 | W36: =MAX(W19:W21) -> 3.7043956 | X36: =MAX(X19:X21) -> 2.5785714 | Y36: =MAX(Y19:Y21) -> 19.516484 | Z36: =MAX(Z19:Z21) -> 12.486813 | ... AF36: =MAX(AF19:AF21) -> 376.66857
B37: 13.45 - 14.00 | C37: =AVERAGE('78'!C37,'79'!C37,'80'!C37,'81'!C37,'82'!C37,'83'!C37,'84A'!C37,'84'!C37,'85'!C37,'86'!C37,'87'!C37,'88'!C37,'89'!C37,'91'!C37,'92'!C37,'93'!C37,'94'!C37,'94A'!C37,'95'!C37,'96'!C37,'97'!C37,'98'!C37,'142'!C37,'143'!C37,'90'!C37,'93A'!C37) -> 9.6010989 | D37: =AVERAGE('78'!D37,'79'!D37,'80'!D37,'81'!D37,'82'!D37,'83'!D37,'84A'!D37,'84'!D37,'85'!D37,'86'!D37,'87'!D37,'88'!D37,'89'!D37,'91'!D37,'92'!D37,'93'!D37,'94'!D37,'94A'!D37,'95'!D37,'96'!D37,'97'!D37,'98'!D37,'142'!D37,'143'!D37,'90'!D37,'93A'!D37) -> 2.728022 | E37: =AVERAGE('78'!E37,'79'!E37,'80'!E37,'81'!E37,'82'!E37,'83'!E37,'84A'!E37,'84'!E37,'85'!E37,'86'!E37,'87'!E37,'88'!E37,'89'!E37,'91'!E37,'92'!E37,'93'!E37,'94'!E37,'94A'!E37,'95'!E37,'96'!E37,'97'!E37,'98'!E37,'142'!E37,'143'!E37,'90'!E37,'93A'!E37) -> 4.5983516 | F37: =AVERAGE('78'!F37,'79'!F37,'80'!F37,'81'!F37,'82'!F37,'83'!F37,'84A'!F37,'84'!F37,'85'!F37,'86'!F37,'87'!F37,'88'!F37,'89'!F37,'91'!F37,'92'!F37,'93'!F37,'94'!F37,'94A'!F37,'95'!F37,'96'!F37,'97'!F37,'98'!F37,'142'!F37,'143'!F37,'90'!F37,'93A'!F37) -> 12.38956 | G37: =AVERAGE('78'!G37,'79'!G37,'80'!G37,'81'!G37,'82'!G37,'83'!G37,'84A'!G37,'84'!G37,'85'!G37,'86'!G37,'87'!G37,'88'!G37,'89'!G37,'91'!G37,'92'!G37,'93'!G37,'94'!G37,'94A'!G37,'95'!G37,'96'!G37,'97'!G37,'98'!G37,'142'!G37,'143'!G37,'90'!G37,'93A'!G37) -> 0.48736264 | H37: =AVERAGE('78'!H37,'79'!H37,'80'!H37,'81'!H37,'82'!H37,'83'!H37,'84A'!H37,'84'!H37,'85'!H37,'86'!H37,'87'!H37,'88'!H37,'89'!H37,'91'!H37,'92'!H37,'93'!H37,'94'!H37,'94A'!H37,'95'!H37,'96'!H37,'97'!H37,'98'!H37,'142'!H37,'143'!H37,'90'!H37,'93A'!H37) -> 0.69340659 | I37: =AVERAGE('78'!I37,'79'!I37,'80'!I37,'81'!I37,'82'!I37,'83'!I37,'84A'!I37,'84'!I37,'85'!I37,'86'!I37,'87'!I37,'88'!I37,'89'!I37,'91'!I37,'92'!I37,'93'!I37,'94'!I37,'94A'!I37,'95'!I37,'96'!I37,'97'!I37,'98'!I37,'142'!I37,'143'!I37,'90'!I37,'93A'!I37) -> 4.2637363 | J37: =AVERAGE('78'!J37,'79'!J37,'80'!J37,'81'!J37,'82'!J37,'83'!J37,'84A'!J37,'84'!J37,'85'!J37,'86'!J37,'87'!J37,'88'!J37,'89'!J37,'91'!J37,'92'!J37,'93'!J37,'94'!J37,'94A'!J37,'95'!J37,'96'!J37,'97'!J37,'98'!J37,'142'!J37,'143'!J37,'90'!J37,'93A'!J37) -> 2.2021978 | ... N37: =AVERAGE('78'!N37,'79'!N37,'80'!N37,'81'!N37,'82'!N37,'83'!N37,'84A'!N37,'84'!N37,'85'!N37,'86'!N37,'87'!N37,'88'!N37,'89'!N37,'91'!N37,'92'!N37,'93'!N37,'94'!N37,'94A'!N37,'95'!N37,'96'!N37,'97'!N37,'98'!N37,'142'!N37,'143'!N37,'90'!N37,'93A'!N37) -> 0.065934066 | O37: =AVERAGE('78'!O37,'79'!O37,'80'!O37,'81'!O37,'82'!O37,'83'!O37,'84A'!O37,'84'!O37,'85'!O37,'86'!O37,'87'!O37,'88'!O37,'89'!O37,'91'!O37,'92'!O37,'93'!O37,'94'!O37,'94A'!O37,'95'!O37,'96'!O37,'97'!O37,'98'!O37,'142'!O37,'143'!O37,'90'!O37) -> 38.274286 | P37: =AVERAGE('78'!P37,'79'!P37,'80'!P37,'81'!P37,'82'!P37,'83'!P37,'84A'!P37,'84'!P37,'85'!P37,'86'!P37,'87'!P37,'88'!P37,'89'!P37,'91'!P37,'92'!P37,'93'!P37,'94'!P37,'94A'!P37,'95'!P37,'96'!P37,'97'!P37,'98'!P37,'142'!P37,'143'!P37,'90'!P37) -> 81.617143 | R37: AM Period | S37: =SUM(S10:S12) -> 86.674725 | T37: =SUM(T10:T12) -> 28.056044 | U37: =SUM(U10:U12) -> 40.275275 | V37: =SUM(V10:V12) -> 123.91593 | W37: =SUM(W10:W12) -> 6.8802198 | X37: =SUM(X10:X12) -> 4.7637363 | Y37: =SUM(Y10:Y12) -> 33.117582 | Z37: =SUM(Z10:Z12) -> 21.624176 | ... AF37: =SUM(AF10:AF12) -> 834.52571
B38: 14.00 - 14.15 | C38: =AVERAGE('78'!C38,'79'!C38,'80'!C38,'81'!C38,'82'!C38,'83'!C38,'84A'!C38,'84'!C38,'85'!C38,'86'!C38,'87'!C38,'88'!C38,'89'!C38,'91'!C38,'92'!C38,'93'!C38,'94'!C38,'94A'!C38,'95'!C38,'96'!C38,'97'!C38,'98'!C38,'142'!C38,'143'!C38,'90'!C38,'93A'!C38) -> 9.2906593 | D38: =AVERAGE('78'!D38,'79'!D38,'80'!D38,'81'!D38,'82'!D38,'83'!D38,'84A'!D38,'84'!D38,'85'!D38,'86'!D38,'87'!D38,'88'!D38,'89'!D38,'91'!D38,'92'!D38,'93'!D38,'94'!D38,'94A'!D38,'95'!D38,'96'!D38,'97'!D38,'98'!D38,'142'!D38,'143'!D38,'90'!D38,'93A'!D38) -> 3.2538462 | E38: =AVERAGE('78'!E38,'79'!E38,'80'!E38,'81'!E38,'82'!E38,'83'!E38,'84A'!E38,'84'!E38,'85'!E38,'86'!E38,'87'!E38,'88'!E38,'89'!E38,'91'!E38,'92'!E38,'93'!E38,'94'!E38,'94A'!E38,'95'!E38,'96'!E38,'97'!E38,'98'!E38,'142'!E38,'143'!E38,'90'!E38,'93A'!E38) -> 4.8373626 | F38: =AVERAGE('78'!F38,'79'!F38,'80'!F38,'81'!F38,'82'!F38,'83'!F38,'84A'!F38,'84'!F38,'85'!F38,'86'!F38,'87'!F38,'88'!F38,'89'!F38,'91'!F38,'92'!F38,'93'!F38,'94'!F38,'94A'!F38,'95'!F38,'96'!F38,'97'!F38,'98'!F38,'142'!F38,'143'!F38,'90'!F38,'93A'!F38) -> 12.439011 | G38: =AVERAGE('78'!G38,'79'!G38,'80'!G38,'81'!G38,'82'!G38,'83'!G38,'84A'!G38,'84'!G38,'85'!G38,'86'!G38,'87'!G38,'88'!G38,'89'!G38,'91'!G38,'92'!G38,'93'!G38,'94'!G38,'94A'!G38,'95'!G38,'96'!G38,'97'!G38,'98'!G38,'142'!G38,'143'!G38,'90'!G38,'93A'!G38) -> 0.47032967 | H38: =AVERAGE('78'!H38,'79'!H38,'80'!H38,'81'!H38,'82'!H38,'83'!H38,'84A'!H38,'84'!H38,'85'!H38,'86'!H38,'87'!H38,'88'!H38,'89'!H38,'91'!H38,'92'!H38,'93'!H38,'94'!H38,'94A'!H38,'95'!H38,'96'!H38,'97'!H38,'98'!H38,'142'!H38,'143'!H38,'90'!H38,'93A'!H38) -> 0.66813187 | I38: =AVERAGE('78'!I38,'79'!I38,'80'!I38,'81'!I38,'82'!I38,'83'!I38,'84A'!I38,'84'!I38,'85'!I38,'86'!I38,'87'!I38,'88'!I38,'89'!I38,'91'!I38,'92'!I38,'93'!I38,'94'!I38,'94A'!I38,'95'!I38,'96'!I38,'97'!I38,'98'!I38,'142'!I38,'143'!I38,'90'!I38,'93A'!I38) -> 4.171978 | J38: =AVERAGE('78'!J38,'79'!J38,'80'!J38,'81'!J38,'82'!J38,'83'!J38,'84A'!J38,'84'!J38,'85'!J38,'86'!J38,'87'!J38,'88'!J38,'89'!J38,'91'!J38,'92'!J38,'93'!J38,'94'!J38,'94A'!J38,'95'!J38,'96'!J38,'97'!J38,'98'!J38,'142'!J38,'143'!J38,'90'!J38,'93A'!J38) -> 2.4642857 | ... N38: =AVERAGE('78'!N38,'79'!N38,'80'!N38,'81'!N38,'82'!N38,'83'!N38,'84A'!N38,'84'!N38,'85'!N38,'86'!N38,'87'!N38,'88'!N38,'89'!N38,'91'!N38,'92'!N38,'93'!N38,'94'!N38,'94A'!N38,'95'!N38,'96'!N38,'97'!N38,'98'!N38,'142'!N38,'143'!N38,'90'!N38,'93A'!N38) -> 0.043956044 | O38: =AVERAGE('78'!O38,'79'!O38,'80'!O38,'81'!O38,'82'!O38,'83'!O38,'84A'!O38,'84'!O38,'85'!O38,'86'!O38,'87'!O38,'88'!O38,'89'!O38,'91'!O38,'92'!O38,'93'!O38,'94'!O38,'94A'!O38,'95'!O38,'96'!O38,'97'!O38,'98'!O38,'142'!O38,'143'!O38,'90'!O38) -> 39.057143 | P38: =AVERAGE('78'!P38,'79'!P38,'80'!P38,'81'!P38,'82'!P38,'83'!P38,'84A'!P38,'84'!P38,'85'!P38,'86'!P38,'87'!P38,'88'!P38,'89'!P38,'91'!P38,'92'!P38,'93'!P38,'94'!P38,'94A'!P38,'95'!P38,'96'!P38,'97'!P38,'98'!P38,'142'!P38,'143'!P38,'90'!P38) -> 81.211429 | R38: IP Period | S38: =SUM(S13:S18) -> 234 | T38: =SUM(T13:T18) -> 74.220879 | U38: =SUM(U13:U18) -> 109.80769 | V38: =SUM(V13:V18) -> 301.66923 | W38: =SUM(W13:W18) -> 11.268681 | X38: =SUM(X13:X18) -> 12.637363 | Y38: =SUM(Y13:Y18) -> 91.668681 | Z38: =SUM(Z13:Z18) -> 54.247802 | ... AF38: =SUM(AF13:AF18) -> 1959.2406
B39: 14.15 - 14.30 | C39: =AVERAGE('78'!C39,'79'!C39,'80'!C39,'81'!C39,'82'!C39,'83'!C39,'84A'!C39,'84'!C39,'85'!C39,'86'!C39,'87'!C39,'88'!C39,'89'!C39,'91'!C39,'92'!C39,'93'!C39,'94'!C39,'94A'!C39,'95'!C39,'96'!C39,'97'!C39,'98'!C39,'142'!C39,'143'!C39,'90'!C39,'93A'!C39) -> 10.410989 | D39: =AVERAGE('78'!D39,'79'!D39,'80'!D39,'81'!D39,'82'!D39,'83'!D39,'84A'!D39,'84'!D39,'85'!D39,'86'!D39,'87'!D39,'88'!D39,'89'!D39,'91'!D39,'92'!D39,'93'!D39,'94'!D39,'94A'!D39,'95'!D39,'96'!D39,'97'!D39,'98'!D39,'142'!D39,'143'!D39,'90'!D39,'93A'!D39) -> 3.1324176 | E39: =AVERAGE('78'!E39,'79'!E39,'80'!E39,'81'!E39,'82'!E39,'83'!E39,'84A'!E39,'84'!E39,'85'!E39,'86'!E39,'87'!E39,'88'!E39,'89'!E39,'91'!E39,'92'!E39,'93'!E39,'94'!E39,'94A'!E39,'95'!E39,'96'!E39,'97'!E39,'98'!E39,'142'!E39,'143'!E39,'90'!E39,'93A'!E39) -> 4.8895604 | F39: =AVERAGE('78'!F39,'79'!F39,'80'!F39,'81'!F39,'82'!F39,'83'!F39,'84A'!F39,'84'!F39,'85'!F39,'86'!F39,'87'!F39,'88'!F39,'89'!F39,'91'!F39,'92'!F39,'93'!F39,'94'!F39,'94A'!F39,'95'!F39,'96'!F39,'97'!F39,'98'!F39,'142'!F39,'143'!F39,'90'!F39,'93A'!F39) -> 12.742308 | G39: =AVERAGE('78'!G39,'79'!G39,'80'!G39,'81'!G39,'82'!G39,'83'!G39,'84A'!G39,'84'!G39,'85'!G39,'86'!G39,'87'!G39,'88'!G39,'89'!G39,'91'!G39,'92'!G39,'93'!G39,'94'!G39,'94A'!G39,'95'!G39,'96'!G39,'97'!G39,'98'!G39,'142'!G39,'143'!G39,'90'!G39,'93A'!G39) -> 0.41318681 | H39: =AVERAGE('78'!H39,'79'!H39,'80'!H39,'81'!H39,'82'!H39,'83'!H39,'84A'!H39,'84'!H39,'85'!H39,'86'!H39,'87'!H39,'88'!H39,'89'!H39,'91'!H39,'92'!H39,'93'!H39,'94'!H39,'94A'!H39,'95'!H39,'96'!H39,'97'!H39,'98'!H39,'142'!H39,'143'!H39,'90'!H39,'93A'!H39) -> 0.71483516 | I39: =AVERAGE('78'!I39,'79'!I39,'80'!I39,'81'!I39,'82'!I39,'83'!I39,'84A'!I39,'84'!I39,'85'!I39,'86'!I39,'87'!I39,'88'!I39,'89'!I39,'91'!I39,'92'!I39,'93'!I39,'94'!I39,'94A'!I39,'95'!I39,'96'!I39,'97'!I39,'98'!I39,'142'!I39,'143'!I39,'90'!I39,'93A'!I39) -> 3.8664835 | J39: =AVERAGE('78'!J39,'79'!J39,'80'!J39,'81'!J39,'82'!J39,'83'!J39,'84A'!J39,'84'!J39,'85'!J39,'86'!J39,'87'!J39,'88'!J39,'89'!J39,'91'!J39,'92'!J39,'93'!J39,'94'!J39,'94A'!J39,'95'!J39,'96'!J39,'97'!J39,'98'!J39,'142'!J39,'143'!J39,'90'!J39,'93A'!J39) -> 2.2648352 | ... N39: =AVERAGE('78'!N39,'79'!N39,'80'!N39,'81'!N39,'82'!N39,'83'!N39,'84A'!N39,'84'!N39,'85'!N39,'86'!N39,'87'!N39,'88'!N39,'89'!N39,'91'!N39,'92'!N39,'93'!N39,'94'!N39,'94A'!N39,'95'!N39,'96'!N39,'97'!N39,'98'!N39,'142'!N39,'143'!N39,'90'!N39,'93A'!N39) -> 0.015934066 | O39: =AVERAGE('78'!O39,'79'!O39,'80'!O39,'81'!O39,'82'!O39,'83'!O39,'84A'!O39,'84'!O39,'85'!O39,'86'!O39,'87'!O39,'88'!O39,'89'!O39,'91'!O39,'92'!O39,'93'!O39,'94'!O39,'94A'!O39,'95'!O39,'96'!O39,'97'!O39,'98'!O39,'142'!O39,'143'!O39,'90'!O39) -> 38.971429 | P39: =AVERAGE('78'!P39,'79'!P39,'80'!P39,'81'!P39,'82'!P39,'83'!P39,'84A'!P39,'84'!P39,'85'!P39,'86'!P39,'87'!P39,'88'!P39,'89'!P39,'91'!P39,'92'!P39,'93'!P39,'94'!P39,'94A'!P39,'95'!P39,'96'!P39,'97'!P39,'98'!P39,'142'!P39,'143'!P39,'90'!P39) -> 80.165714 | R39: PM Period | S39: =SUM(S19:S21) -> 135.51593 | T39: =SUM(T19:T21) -> 44.149451 | U39: =SUM(U19:U21) -> 63.591758 | V39: =SUM(V19:V21) -> 162.11429 | W39: =SUM(W19:W21) -> 8.1807692 | X39: =SUM(X19:X21) -> 6.9857143 | Y39: =SUM(Y19:Y21) -> 56.745055 | Z39: =SUM(Z19:Z21) -> 34.99011 | ... AF39: =SUM(AF19:AF21) -> 1100.4133
B40: 14.30 - 14.45 | C40: =AVERAGE('78'!C40,'79'!C40,'80'!C40,'81'!C40,'82'!C40,'83'!C40,'84A'!C40,'84'!C40,'85'!C40,'86'!C40,'87'!C40,'88'!C40,'89'!C40,'91'!C40,'92'!C40,'93'!C40,'94'!C40,'94A'!C40,'95'!C40,'96'!C40,'97'!C40,'98'!C40,'142'!C40,'143'!C40,'90'!C40,'93A'!C40) -> 9.6516484 | D40: =AVERAGE('78'!D40,'79'!D40,'80'!D40,'81'!D40,'82'!D40,'83'!D40,'84A'!D40,'84'!D40,'85'!D40,'86'!D40,'87'!D40,'88'!D40,'89'!D40,'91'!D40,'92'!D40,'93'!D40,'94'!D40,'94A'!D40,'95'!D40,'96'!D40,'97'!D40,'98'!D40,'142'!D40,'143'!D40,'90'!D40,'93A'!D40) -> 3.1236264 | E40: =AVERAGE('78'!E40,'79'!E40,'80'!E40,'81'!E40,'82'!E40,'83'!E40,'84A'!E40,'84'!E40,'85'!E40,'86'!E40,'87'!E40,'88'!E40,'89'!E40,'91'!E40,'92'!E40,'93'!E40,'94'!E40,'94A'!E40,'95'!E40,'96'!E40,'97'!E40,'98'!E40,'142'!E40,'143'!E40,'90'!E40,'93A'!E40) -> 4.7428571 | F40: =AVERAGE('78'!F40,'79'!F40,'80'!F40,'81'!F40,'82'!F40,'83'!F40,'84A'!F40,'84'!F40,'85'!F40,'86'!F40,'87'!F40,'88'!F40,'89'!F40,'91'!F40,'92'!F40,'93'!F40,'94'!F40,'94A'!F40,'95'!F40,'96'!F40,'97'!F40,'98'!F40,'142'!F40,'143'!F40,'90'!F40,'93A'!F40) -> 12.823077 | G40: =AVERAGE('78'!G40,'79'!G40,'80'!G40,'81'!G40,'82'!G40,'83'!G40,'84A'!G40,'84'!G40,'85'!G40,'86'!G40,'87'!G40,'88'!G40,'89'!G40,'91'!G40,'92'!G40,'93'!G40,'94'!G40,'94A'!G40,'95'!G40,'96'!G40,'97'!G40,'98'!G40,'142'!G40,'143'!G40,'90'!G40,'93A'!G40) -> 0.54725275 | H40: =AVERAGE('78'!H40,'79'!H40,'80'!H40,'81'!H40,'82'!H40,'83'!H40,'84A'!H40,'84'!H40,'85'!H40,'86'!H40,'87'!H40,'88'!H40,'89'!H40,'91'!H40,'92'!H40,'93'!H40,'94'!H40,'94A'!H40,'95'!H40,'96'!H40,'97'!H40,'98'!H40,'142'!H40,'143'!H40,'90'!H40,'93A'!H40) -> 0.76593407 | I40: =AVERAGE('78'!I40,'79'!I40,'80'!I40,'81'!I40,'82'!I40,'83'!I40,'84A'!I40,'84'!I40,'85'!I40,'86'!I40,'87'!I40,'88'!I40,'89'!I40,'91'!I40,'92'!I40,'93'!I40,'94'!I40,'94A'!I40,'95'!I40,'96'!I40,'97'!I40,'98'!I40,'142'!I40,'143'!I40,'90'!I40,'93A'!I40) -> 4.0505495 | J40: =AVERAGE('78'!J40,'79'!J40,'80'!J40,'81'!J40,'82'!J40,'83'!J40,'84A'!J40,'84'!J40,'85'!J40,'86'!J40,'87'!J40,'88'!J40,'89'!J40,'91'!J40,'92'!J40,'93'!J40,'94'!J40,'94A'!J40,'95'!J40,'96'!J40,'97'!J40,'98'!J40,'142'!J40,'143'!J40,'90'!J40,'93A'!J40) -> 2.6203297 | ... N40: =AVERAGE('78'!N40,'79'!N40,'80'!N40,'81'!N40,'82'!N40,'83'!N40,'84A'!N40,'84'!N40,'85'!N40,'86'!N40,'87'!N40,'88'!N40,'89'!N40,'91'!N40,'92'!N40,'93'!N40,'94'!N40,'94A'!N40,'95'!N40,'96'!N40,'97'!N40,'98'!N40,'142'!N40,'143'!N40,'90'!N40,'93A'!N40) -> 0.092307692 | O40: =AVERAGE('78'!O40,'79'!O40,'80'!O40,'81'!O40,'82'!O40,'83'!O40,'84A'!O40,'84'!O40,'85'!O40,'86'!O40,'87'!O40,'88'!O40,'89'!O40,'91'!O40,'92'!O40,'93'!O40,'94'!O40,'94A'!O40,'95'!O40,'96'!O40,'97'!O40,'98'!O40,'142'!O40,'143'!O40,'90'!O40) -> 39.24 | P40: =AVERAGE('78'!P40,'79'!P40,'80'!P40,'81'!P40,'82'!P40,'83'!P40,'84A'!P40,'84'!P40,'85'!P40,'86'!P40,'87'!P40,'88'!P40,'89'!P40,'91'!P40,'92'!P40,'93'!P40,'94'!P40,'94A'!P40,'95'!P40,'96'!P40,'97'!P40,'98'!P40,'142'!P40,'143'!P40,'90'!P40) -> 82.708571 | R40: 12 Hours | S40: =SUM(S10:S21) -> 456.19066 | T40: =SUM(T10:T21) -> 146.42637 | U40: =SUM(U10:U21) -> 213.67473 | V40: =SUM(V10:V21) -> 587.69945 | W40: =SUM(W10:W21) -> 26.32967 | X40: =SUM(X10:X21) -> 24.386813 | Y40: =SUM(Y10:Y21) -> 181.53132 | Z40: =SUM(Z10:Z21) -> 110.86209 | ... AF40: =SUM(AF10:AF21) -> 3894.1796
B41: 14.45 - 15.00 | C41: =AVERAGE('78'!C41,'79'!C41,'80'!C41,'81'!C41,'82'!C41,'83'!C41,'84A'!C41,'84'!C41,'85'!C41,'86'!C41,'87'!C41,'88'!C41,'89'!C41,'91'!C41,'92'!C41,'93'!C41,'94'!C41,'94A'!C41,'95'!C41,'96'!C41,'97'!C41,'98'!C41,'142'!C41,'143'!C41,'90'!C41,'93A'!C41) -> 9.467033 | D41: =AVERAGE('78'!D41,'79'!D41,'80'!D41,'81'!D41,'82'!D41,'83'!D41,'84A'!D41,'84'!D41,'85'!D41,'86'!D41,'87'!D41,'88'!D41,'89'!D41,'91'!D41,'92'!D41,'93'!D41,'94'!D41,'94A'!D41,'95'!D41,'96'!D41,'97'!D41,'98'!D41,'142'!D41,'143'!D41,'90'!D41,'93A'!D41) -> 2.9214286 | E41: =AVERAGE('78'!E41,'79'!E41,'80'!E41,'81'!E41,'82'!E41,'83'!E41,'84A'!E41,'84'!E41,'85'!E41,'86'!E41,'87'!E41,'88'!E41,'89'!E41,'91'!E41,'92'!E41,'93'!E41,'94'!E41,'94A'!E41,'95'!E41,'96'!E41,'97'!E41,'98'!E41,'142'!E41,'143'!E41,'90'!E41,'93A'!E41) -> 4.789011 | F41: =AVERAGE('78'!F41,'79'!F41,'80'!F41,'81'!F41,'82'!F41,'83'!F41,'84A'!F41,'84'!F41,'85'!F41,'86'!F41,'87'!F41,'88'!F41,'89'!F41,'91'!F41,'92'!F41,'93'!F41,'94'!F41,'94A'!F41,'95'!F41,'96'!F41,'97'!F41,'98'!F41,'142'!F41,'143'!F41,'90'!F41,'93A'!F41) -> 12.426923 | G41: =AVERAGE('78'!G41,'79'!G41,'80'!G41,'81'!G41,'82'!G41,'83'!G41,'84A'!G41,'84'!G41,'85'!G41,'86'!G41,'87'!G41,'88'!G41,'89'!G41,'91'!G41,'92'!G41,'93'!G41,'94'!G41,'94A'!G41,'95'!G41,'96'!G41,'97'!G41,'98'!G41,'142'!G41,'143'!G41,'90'!G41,'93A'!G41) -> 0.5532967 | H41: =AVERAGE('78'!H41,'79'!H41,'80'!H41,'81'!H41,'82'!H41,'83'!H41,'84A'!H41,'84'!H41,'85'!H41,'86'!H41,'87'!H41,'88'!H41,'89'!H41,'91'!H41,'92'!H41,'93'!H41,'94'!H41,'94A'!H41,'95'!H41,'96'!H41,'97'!H41,'98'!H41,'142'!H41,'143'!H41,'90'!H41,'93A'!H41) -> 0.61813187 | I41: =AVERAGE('78'!I41,'79'!I41,'80'!I41,'81'!I41,'82'!I41,'83'!I41,'84A'!I41,'84'!I41,'85'!I41,'86'!I41,'87'!I41,'88'!I41,'89'!I41,'91'!I41,'92'!I41,'93'!I41,'94'!I41,'94A'!I41,'95'!I41,'96'!I41,'97'!I41,'98'!I41,'142'!I41,'143'!I41,'90'!I41,'93A'!I41) -> 4.1884615 | J41: =AVERAGE('78'!J41,'79'!J41,'80'!J41,'81'!J41,'82'!J41,'83'!J41,'84A'!J41,'84'!J41,'85'!J41,'86'!J41,'87'!J41,'88'!J41,'89'!J41,'91'!J41,'92'!J41,'93'!J41,'94'!J41,'94A'!J41,'95'!J41,'96'!J41,'97'!J41,'98'!J41,'142'!J41,'143'!J41,'90'!J41,'93A'!J41) -> 2.560989 | ... N41: =AVERAGE('78'!N41,'79'!N41,'80'!N41,'81'!N41,'82'!N41,'83'!N41,'84A'!N41,'84'!N41,'85'!N41,'86'!N41,'87'!N41,'88'!N41,'89'!N41,'91'!N41,'92'!N41,'93'!N41,'94'!N41,'94A'!N41,'95'!N41,'96'!N41,'97'!N41,'98'!N41,'142'!N41,'143'!N41,'90'!N41,'93A'!N41) -> 0.092857143 | O41: =AVERAGE('78'!O41,'79'!O41,'80'!O41,'81'!O41,'82'!O41,'83'!O41,'84A'!O41,'84'!O41,'85'!O41,'86'!O41,'87'!O41,'88'!O41,'89'!O41,'91'!O41,'92'!O41,'93'!O41,'94'!O41,'94A'!O41,'95'!O41,'96'!O41,'97'!O41,'98'!O41,'142'!O41,'143'!O41,'90'!O41) -> 39.051429 | P41: =AVERAGE('78'!P41,'79'!P41,'80'!P41,'81'!P41,'82'!P41,'83'!P41,'84A'!P41,'84'!P41,'85'!P41,'86'!P41,'87'!P41,'88'!P41,'89'!P41,'91'!P41,'92'!P41,'93'!P41,'94'!P41,'94A'!P41,'95'!P41,'96'!P41,'97'!P41,'98'!P41,'142'!P41,'143'!P41,'90'!P41) -> 79.931429 | R41: 24 Hours | S41: =SUM(S10:S33) -> 660.36181 | T41: =SUM(T10:T33) -> 201.88407 | U41: =SUM(U10:U33) -> 286.17665 | V41: =SUM(V10:V33) -> 775.35907 | W41: =SUM(W10:W33) -> 44.483516 | X41: =SUM(X10:X33) -> 58.244505 | Y41: =SUM(Y10:Y33) -> 281.68901 | Z41: =SUM(Z10:Z33) -> 207.00824 | ... AF41: =SUM(AF10:AF33) -> 5339.7196
B42: 15.00 - 15.15 | C42: =AVERAGE('78'!C42,'79'!C42,'80'!C42,'81'!C42,'82'!C42,'83'!C42,'84A'!C42,'84'!C42,'85'!C42,'86'!C42,'87'!C42,'88'!C42,'89'!C42,'91'!C42,'92'!C42,'93'!C42,'94'!C42,'94A'!C42,'95'!C42,'96'!C42,'97'!C42,'98'!C42,'142'!C42,'143'!C42,'90'!C42,'93A'!C42) -> 9.9620879 | D42: =AVERAGE('78'!D42,'79'!D42,'80'!D42,'81'!D42,'82'!D42,'83'!D42,'84A'!D42,'84'!D42,'85'!D42,'86'!D42,'87'!D42,'88'!D42,'89'!D42,'91'!D42,'92'!D42,'93'!D42,'94'!D42,'94A'!D42,'95'!D42,'96'!D42,'97'!D42,'98'!D42,'142'!D42,'143'!D42,'90'!D42,'93A'!D42) -> 3.3175824 | E42: =AVERAGE('78'!E42,'79'!E42,'80'!E42,'81'!E42,'82'!E42,'83'!E42,'84A'!E42,'84'!E42,'85'!E42,'86'!E42,'87'!E42,'88'!E42,'89'!E42,'91'!E42,'92'!E42,'93'!E42,'94'!E42,'94A'!E42,'95'!E42,'96'!E42,'97'!E42,'98'!E42,'142'!E42,'143'!E42,'90'!E42,'93A'!E42) -> 4.6692308 | F42: =AVERAGE('78'!F42,'79'!F42,'80'!F42,'81'!F42,'82'!F42,'83'!F42,'84A'!F42,'84'!F42,'85'!F42,'86'!F42,'87'!F42,'88'!F42,'89'!F42,'91'!F42,'92'!F42,'93'!F42,'94'!F42,'94A'!F42,'95'!F42,'96'!F42,'97'!F42,'98'!F42,'142'!F42,'143'!F42,'90'!F42,'93A'!F42) -> 12.924725 | G42: =AVERAGE('78'!G42,'79'!G42,'80'!G42,'81'!G42,'82'!G42,'83'!G42,'84A'!G42,'84'!G42,'85'!G42,'86'!G42,'87'!G42,'88'!G42,'89'!G42,'91'!G42,'92'!G42,'93'!G42,'94'!G42,'94A'!G42,'95'!G42,'96'!G42,'97'!G42,'98'!G42,'142'!G42,'143'!G42,'90'!G42,'93A'!G42) -> 0.43571429 | H42: =AVERAGE('78'!H42,'79'!H42,'80'!H42,'81'!H42,'82'!H42,'83'!H42,'84A'!H42,'84'!H42,'85'!H42,'86'!H42,'87'!H42,'88'!H42,'89'!H42,'91'!H42,'92'!H42,'93'!H42,'94'!H42,'94A'!H42,'95'!H42,'96'!H42,'97'!H42,'98'!H42,'142'!H42,'143'!H42,'90'!H42,'93A'!H42) -> 0.5478022 | I42: =AVERAGE('78'!I42,'79'!I42,'80'!I42,'81'!I42,'82'!I42,'83'!I42,'84A'!I42,'84'!I42,'85'!I42,'86'!I42,'87'!I42,'88'!I42,'89'!I42,'91'!I42,'92'!I42,'93'!I42,'94'!I42,'94A'!I42,'95'!I42,'96'!I42,'97'!I42,'98'!I42,'142'!I42,'143'!I42,'90'!I42,'93A'!I42) -> 4.2604396 | J42: =AVERAGE('78'!J42,'79'!J42,'80'!J42,'81'!J42,'82'!J42,'83'!J42,'84A'!J42,'84'!J42,'85'!J42,'86'!J42,'87'!J42,'88'!J42,'89'!J42,'91'!J42,'92'!J42,'93'!J42,'94'!J42,'94A'!J42,'95'!J42,'96'!J42,'97'!J42,'98'!J42,'142'!J42,'143'!J42,'90'!J42,'93A'!J42) -> 2.5087912 | ... N42: =AVERAGE('78'!N42,'79'!N42,'80'!N42,'81'!N42,'82'!N42,'83'!N42,'84A'!N42,'84'!N42,'85'!N42,'86'!N42,'87'!N42,'88'!N42,'89'!N42,'91'!N42,'92'!N42,'93'!N42,'94'!N42,'94A'!N42,'95'!N42,'96'!N42,'97'!N42,'98'!N42,'142'!N42,'143'!N42,'90'!N42,'93A'!N42) -> 0.054945055 | O42: =AVERAGE('78'!O42,'79'!O42,'80'!O42,'81'!O42,'82'!O42,'83'!O42,'84A'!O42,'84'!O42,'85'!O42,'86'!O42,'87'!O42,'88'!O42,'89'!O42,'91'!O42,'92'!O42,'93'!O42,'94'!O42,'94A'!O42,'95'!O42,'96'!O42,'97'!O42,'98'!O42,'142'!O42,'143'!O42,'90'!O42) -> 40.2 | P42: =AVERAGE('78'!P42,'79'!P42,'80'!P42,'81'!P42,'82'!P42,'83'!P42,'84A'!P42,'84'!P42,'85'!P42,'86'!P42,'87'!P42,'88'!P42,'89'!P42,'91'!P42,'92'!P42,'93'!P42,'94'!P42,'94A'!P42,'95'!P42,'96'!P42,'97'!P42,'98'!P42,'142'!P42,'143'!P42,'90'!P42) -> 82.605714 | R42: NEF | S42: =S41/S40 -> 1.4475566 | T42: =T41/T40 -> 1.3787411 | U42: =U41/U40 -> 1.3393098 | V42: =V41/V40 -> 1.3193122 | W42: =W41/W40 -> 1.6894825 | X42: =X41/X40 -> 2.3883607 | Y42: =Y41/Y40 -> 1.5517378 | Z42: =Z41/Z40 -> 1.8672591 | ... AF42: =AF41/AF40 -> 1.3712053
B43: 15.15 - 15.30 | C43: =AVERAGE('78'!C43,'79'!C43,'80'!C43,'81'!C43,'82'!C43,'83'!C43,'84A'!C43,'84'!C43,'85'!C43,'86'!C43,'87'!C43,'88'!C43,'89'!C43,'91'!C43,'92'!C43,'93'!C43,'94'!C43,'94A'!C43,'95'!C43,'96'!C43,'97'!C43,'98'!C43,'142'!C43,'143'!C43,'90'!C43,'93A'!C43) -> 10.152198 | D43: =AVERAGE('78'!D43,'79'!D43,'80'!D43,'81'!D43,'82'!D43,'83'!D43,'84A'!D43,'84'!D43,'85'!D43,'86'!D43,'87'!D43,'88'!D43,'89'!D43,'91'!D43,'92'!D43,'93'!D43,'94'!D43,'94A'!D43,'95'!D43,'96'!D43,'97'!D43,'98'!D43,'142'!D43,'143'!D43,'90'!D43,'93A'!D43) -> 3.3961538 | E43: =AVERAGE('78'!E43,'79'!E43,'80'!E43,'81'!E43,'82'!E43,'83'!E43,'84A'!E43,'84'!E43,'85'!E43,'86'!E43,'87'!E43,'88'!E43,'89'!E43,'91'!E43,'92'!E43,'93'!E43,'94'!E43,'94A'!E43,'95'!E43,'96'!E43,'97'!E43,'98'!E43,'142'!E43,'143'!E43,'90'!E43,'93A'!E43) -> 4.8302198 | F43: =AVERAGE('78'!F43,'79'!F43,'80'!F43,'81'!F43,'82'!F43,'83'!F43,'84A'!F43,'84'!F43,'85'!F43,'86'!F43,'87'!F43,'88'!F43,'89'!F43,'91'!F43,'92'!F43,'93'!F43,'94'!F43,'94A'!F43,'95'!F43,'96'!F43,'97'!F43,'98'!F43,'142'!F43,'143'!F43,'90'!F43,'93A'!F43) -> 13.041209 | G43: =AVERAGE('78'!G43,'79'!G43,'80'!G43,'81'!G43,'82'!G43,'83'!G43,'84A'!G43,'84'!G43,'85'!G43,'86'!G43,'87'!G43,'88'!G43,'89'!G43,'91'!G43,'92'!G43,'93'!G43,'94'!G43,'94A'!G43,'95'!G43,'96'!G43,'97'!G43,'98'!G43,'142'!G43,'143'!G43,'90'!G43,'93A'!G43) -> 0.38406593 | H43: =AVERAGE('78'!H43,'79'!H43,'80'!H43,'81'!H43,'82'!H43,'83'!H43,'84A'!H43,'84'!H43,'85'!H43,'86'!H43,'87'!H43,'88'!H43,'89'!H43,'91'!H43,'92'!H43,'93'!H43,'94'!H43,'94A'!H43,'95'!H43,'96'!H43,'97'!H43,'98'!H43,'142'!H43,'143'!H43,'90'!H43,'93A'!H43) -> 0.56978022 | I43: =AVERAGE('78'!I43,'79'!I43,'80'!I43,'81'!I43,'82'!I43,'83'!I43,'84A'!I43,'84'!I43,'85'!I43,'86'!I43,'87'!I43,'88'!I43,'89'!I43,'91'!I43,'92'!I43,'93'!I43,'94'!I43,'94A'!I43,'95'!I43,'96'!I43,'97'!I43,'98'!I43,'142'!I43,'143'!I43,'90'!I43,'93A'!I43) -> 4.1582418 | J43: =AVERAGE('78'!J43,'79'!J43,'80'!J43,'81'!J43,'82'!J43,'83'!J43,'84A'!J43,'84'!J43,'85'!J43,'86'!J43,'87'!J43,'88'!J43,'89'!J43,'91'!J43,'92'!J43,'93'!J43,'94'!J43,'94A'!J43,'95'!J43,'96'!J43,'97'!J43,'98'!J43,'142'!J43,'143'!J43,'90'!J43,'93A'!J43) -> 2.6686813 | ... N43: =AVERAGE('78'!N43,'79'!N43,'80'!N43,'81'!N43,'82'!N43,'83'!N43,'84A'!N43,'84'!N43,'85'!N43,'86'!N43,'87'!N43,'88'!N43,'89'!N43,'91'!N43,'92'!N43,'93'!N43,'94'!N43,'94A'!N43,'95'!N43,'96'!N43,'97'!N43,'98'!N43,'142'!N43,'143'!N43,'90'!N43,'93A'!N43) -> 0.071428571 | O43: =AVERAGE('78'!O43,'79'!O43,'80'!O43,'81'!O43,'82'!O43,'83'!O43,'84A'!O43,'84'!O43,'85'!O43,'86'!O43,'87'!O43,'88'!O43,'89'!O43,'91'!O43,'92'!O43,'93'!O43,'94'!O43,'94A'!O43,'95'!O43,'96'!O43,'97'!O43,'98'!O43,'142'!O43,'143'!O43,'90'!O43) -> 40.714286 | P43: =AVERAGE('78'!P43,'79'!P43,'80'!P43,'81'!P43,'82'!P43,'83'!P43,'84A'!P43,'84'!P43,'85'!P43,'86'!P43,'87'!P43,'88'!P43,'89'!P43,'91'!P43,'92'!P43,'93'!P43,'94'!P43,'94A'!P43,'95'!P43,'96'!P43,'97'!P43,'98'!P43,'142'!P43,'143'!P43,'90'!P43) -> 83.194286
B44: 15.30 - 15.45 | C44: =AVERAGE('78'!C44,'79'!C44,'80'!C44,'81'!C44,'82'!C44,'83'!C44,'84A'!C44,'84'!C44,'85'!C44,'86'!C44,'87'!C44,'88'!C44,'89'!C44,'91'!C44,'92'!C44,'93'!C44,'94'!C44,'94A'!C44,'95'!C44,'96'!C44,'97'!C44,'98'!C44,'142'!C44,'143'!C44,'90'!C44,'93A'!C44) -> 10.003846 | D44: =AVERAGE('78'!D44,'79'!D44,'80'!D44,'81'!D44,'82'!D44,'83'!D44,'84A'!D44,'84'!D44,'85'!D44,'86'!D44,'87'!D44,'88'!D44,'89'!D44,'91'!D44,'92'!D44,'93'!D44,'94'!D44,'94A'!D44,'95'!D44,'96'!D44,'97'!D44,'98'!D44,'142'!D44,'143'!D44,'90'!D44,'93A'!D44) -> 3.2532967 | E44: =AVERAGE('78'!E44,'79'!E44,'80'!E44,'81'!E44,'82'!E44,'83'!E44,'84A'!E44,'84'!E44,'85'!E44,'86'!E44,'87'!E44,'88'!E44,'89'!E44,'91'!E44,'92'!E44,'93'!E44,'94'!E44,'94A'!E44,'95'!E44,'96'!E44,'97'!E44,'98'!E44,'142'!E44,'143'!E44,'90'!E44,'93A'!E44) -> 4.8076923 | F44: =AVERAGE('78'!F44,'79'!F44,'80'!F44,'81'!F44,'82'!F44,'83'!F44,'84A'!F44,'84'!F44,'85'!F44,'86'!F44,'87'!F44,'88'!F44,'89'!F44,'91'!F44,'92'!F44,'93'!F44,'94'!F44,'94A'!F44,'95'!F44,'96'!F44,'97'!F44,'98'!F44,'142'!F44,'143'!F44,'90'!F44,'93A'!F44) -> 12.685165 | G44: =AVERAGE('78'!G44,'79'!G44,'80'!G44,'81'!G44,'82'!G44,'83'!G44,'84A'!G44,'84'!G44,'85'!G44,'86'!G44,'87'!G44,'88'!G44,'89'!G44,'91'!G44,'92'!G44,'93'!G44,'94'!G44,'94A'!G44,'95'!G44,'96'!G44,'97'!G44,'98'!G44,'142'!G44,'143'!G44,'90'!G44,'93A'!G44) -> 0.4032967 | H44: =AVERAGE('78'!H44,'79'!H44,'80'!H44,'81'!H44,'82'!H44,'83'!H44,'84A'!H44,'84'!H44,'85'!H44,'86'!H44,'87'!H44,'88'!H44,'89'!H44,'91'!H44,'92'!H44,'93'!H44,'94'!H44,'94A'!H44,'95'!H44,'96'!H44,'97'!H44,'98'!H44,'142'!H44,'143'!H44,'90'!H44,'93A'!H44) -> 0.68406593 | I44: =AVERAGE('78'!I44,'79'!I44,'80'!I44,'81'!I44,'82'!I44,'83'!I44,'84A'!I44,'84'!I44,'85'!I44,'86'!I44,'87'!I44,'88'!I44,'89'!I44,'91'!I44,'92'!I44,'93'!I44,'94'!I44,'94A'!I44,'95'!I44,'96'!I44,'97'!I44,'98'!I44,'142'!I44,'143'!I44,'90'!I44,'93A'!I44) -> 4.2021978 | J44: =AVERAGE('78'!J44,'79'!J44,'80'!J44,'81'!J44,'82'!J44,'83'!J44,'84A'!J44,'84'!J44,'85'!J44,'86'!J44,'87'!J44,'88'!J44,'89'!J44,'91'!J44,'92'!J44,'93'!J44,'94'!J44,'94A'!J44,'95'!J44,'96'!J44,'97'!J44,'98'!J44,'142'!J44,'143'!J44,'90'!J44,'93A'!J44) -> 3.0774725 | ... N44: =AVERAGE('78'!N44,'79'!N44,'80'!N44,'81'!N44,'82'!N44,'83'!N44,'84A'!N44,'84'!N44,'85'!N44,'86'!N44,'87'!N44,'88'!N44,'89'!N44,'91'!N44,'92'!N44,'93'!N44,'94'!N44,'94A'!N44,'95'!N44,'96'!N44,'97'!N44,'98'!N44,'142'!N44,'143'!N44,'90'!N44,'93A'!N44) -> 0.051098901 | O44: =AVERAGE('78'!O44,'79'!O44,'80'!O44,'81'!O44,'82'!O44,'83'!O44,'84A'!O44,'84'!O44,'85'!O44,'86'!O44,'87'!O44,'88'!O44,'89'!O44,'91'!O44,'92'!O44,'93'!O44,'94'!O44,'94A'!O44,'95'!O44,'96'!O44,'97'!O44,'98'!O44,'142'!O44,'143'!O44,'90'!O44) -> 40.948571 | P44: =AVERAGE('78'!P44,'79'!P44,'80'!P44,'81'!P44,'82'!P44,'83'!P44,'84A'!P44,'84'!P44,'85'!P44,'86'!P44,'87'!P44,'88'!P44,'89'!P44,'91'!P44,'92'!P44,'93'!P44,'94'!P44,'94A'!P44,'95'!P44,'96'!P44,'97'!P44,'98'!P44,'142'!P44,'143'!P44,'90'!P44) -> 82.462857
B45: 15.45 - 16.00 | C45: =AVERAGE('78'!C45,'79'!C45,'80'!C45,'81'!C45,'82'!C45,'83'!C45,'84A'!C45,'84'!C45,'85'!C45,'86'!C45,'87'!C45,'88'!C45,'89'!C45,'91'!C45,'92'!C45,'93'!C45,'94'!C45,'94A'!C45,'95'!C45,'96'!C45,'97'!C45,'98'!C45,'142'!C45,'143'!C45,'90'!C45,'93A'!C45) -> 9.9230769 | D45: =AVERAGE('78'!D45,'79'!D45,'80'!D45,'81'!D45,'82'!D45,'83'!D45,'84A'!D45,'84'!D45,'85'!D45,'86'!D45,'87'!D45,'88'!D45,'89'!D45,'91'!D45,'92'!D45,'93'!D45,'94'!D45,'94A'!D45,'95'!D45,'96'!D45,'97'!D45,'98'!D45,'142'!D45,'143'!D45,'90'!D45,'93A'!D45) -> 3.1274725 | E45: =AVERAGE('78'!E45,'79'!E45,'80'!E45,'81'!E45,'82'!E45,'83'!E45,'84A'!E45,'84'!E45,'85'!E45,'86'!E45,'87'!E45,'88'!E45,'89'!E45,'91'!E45,'92'!E45,'93'!E45,'94'!E45,'94A'!E45,'95'!E45,'96'!E45,'97'!E45,'98'!E45,'142'!E45,'143'!E45,'90'!E45,'93A'!E45) -> 5.1675824 | F45: =AVERAGE('78'!F45,'79'!F45,'80'!F45,'81'!F45,'82'!F45,'83'!F45,'84A'!F45,'84'!F45,'85'!F45,'86'!F45,'87'!F45,'88'!F45,'89'!F45,'91'!F45,'92'!F45,'93'!F45,'94'!F45,'94A'!F45,'95'!F45,'96'!F45,'97'!F45,'98'!F45,'142'!F45,'143'!F45,'90'!F45,'93A'!F45) -> 13.383516 | G45: =AVERAGE('78'!G45,'79'!G45,'80'!G45,'81'!G45,'82'!G45,'83'!G45,'84A'!G45,'84'!G45,'85'!G45,'86'!G45,'87'!G45,'88'!G45,'89'!G45,'91'!G45,'92'!G45,'93'!G45,'94'!G45,'94A'!G45,'95'!G45,'96'!G45,'97'!G45,'98'!G45,'142'!G45,'143'!G45,'90'!G45,'93A'!G45) -> 0.44340659 | H45: =AVERAGE('78'!H45,'79'!H45,'80'!H45,'81'!H45,'82'!H45,'83'!H45,'84A'!H45,'84'!H45,'85'!H45,'86'!H45,'87'!H45,'88'!H45,'89'!H45,'91'!H45,'92'!H45,'93'!H45,'94'!H45,'94A'!H45,'95'!H45,'96'!H45,'97'!H45,'98'!H45,'142'!H45,'143'!H45,'90'!H45,'93A'!H45) -> 0.52032967 | I45: =AVERAGE('78'!I45,'79'!I45,'80'!I45,'81'!I45,'82'!I45,'83'!I45,'84A'!I45,'84'!I45,'85'!I45,'86'!I45,'87'!I45,'88'!I45,'89'!I45,'91'!I45,'92'!I45,'93'!I45,'94'!I45,'94A'!I45,'95'!I45,'96'!I45,'97'!I45,'98'!I45,'142'!I45,'143'!I45,'90'!I45,'93A'!I45) -> 4.4582418 | J45: =AVERAGE('78'!J45,'79'!J45,'80'!J45,'81'!J45,'82'!J45,'83'!J45,'84A'!J45,'84'!J45,'85'!J45,'86'!J45,'87'!J45,'88'!J45,'89'!J45,'91'!J45,'92'!J45,'93'!J45,'94'!J45,'94A'!J45,'95'!J45,'96'!J45,'97'!J45,'98'!J45,'142'!J45,'143'!J45,'90'!J45,'93A'!J45) -> 2.6664835 | ... N45: =AVERAGE('78'!N45,'79'!N45,'80'!N45,'81'!N45,'82'!N45,'83'!N45,'84A'!N45,'84'!N45,'85'!N45,'86'!N45,'87'!N45,'88'!N45,'89'!N45,'91'!N45,'92'!N45,'93'!N45,'94'!N45,'94A'!N45,'95'!N45,'96'!N45,'97'!N45,'98'!N45,'142'!N45,'143'!N45,'90'!N45,'93A'!N45) -> 0.20714286 | O45: =AVERAGE('78'!O45,'79'!O45,'80'!O45,'81'!O45,'82'!O45,'83'!O45,'84A'!O45,'84'!O45,'85'!O45,'86'!O45,'87'!O45,'88'!O45,'89'!O45,'91'!O45,'92'!O45,'93'!O45,'94'!O45,'94A'!O45,'95'!O45,'96'!O45,'97'!O45,'98'!O45,'142'!O45,'143'!O45,'90'!O45) -> 41.84 | P45: =AVERAGE('78'!P45,'79'!P45,'80'!P45,'81'!P45,'82'!P45,'83'!P45,'84A'!P45,'84'!P45,'85'!P45,'86'!P45,'87'!P45,'88'!P45,'89'!P45,'91'!P45,'92'!P45,'93'!P45,'94'!P45,'94A'!P45,'95'!P45,'96'!P45,'97'!P45,'98'!P45,'142'!P45,'143'!P45,'90'!P45) -> 83.954286
B46: 16.00 - 16.15 | C46: =AVERAGE('78'!C46,'79'!C46,'80'!C46,'81'!C46,'82'!C46,'83'!C46,'84A'!C46,'84'!C46,'85'!C46,'86'!C46,'87'!C46,'88'!C46,'89'!C46,'91'!C46,'92'!C46,'93'!C46,'94'!C46,'94A'!C46,'95'!C46,'96'!C46,'97'!C46,'98'!C46,'142'!C46,'143'!C46,'90'!C46,'93A'!C46) -> 10.410989 | D46: =AVERAGE('78'!D46,'79'!D46,'80'!D46,'81'!D46,'82'!D46,'83'!D46,'84A'!D46,'84'!D46,'85'!D46,'86'!D46,'87'!D46,'88'!D46,'89'!D46,'91'!D46,'92'!D46,'93'!D46,'94'!D46,'94A'!D46,'95'!D46,'96'!D46,'97'!D46,'98'!D46,'142'!D46,'143'!D46,'90'!D46,'93A'!D46) -> 3.4813187 | E46: =AVERAGE('78'!E46,'79'!E46,'80'!E46,'81'!E46,'82'!E46,'83'!E46,'84A'!E46,'84'!E46,'85'!E46,'86'!E46,'87'!E46,'88'!E46,'89'!E46,'91'!E46,'92'!E46,'93'!E46,'94'!E46,'94A'!E46,'95'!E46,'96'!E46,'97'!E46,'98'!E46,'142'!E46,'143'!E46,'90'!E46,'93A'!E46) -> 4.821978 | F46: =AVERAGE('78'!F46,'79'!F46,'80'!F46,'81'!F46,'82'!F46,'83'!F46,'84A'!F46,'84'!F46,'85'!F46,'86'!F46,'87'!F46,'88'!F46,'89'!F46,'91'!F46,'92'!F46,'93'!F46,'94'!F46,'94A'!F46,'95'!F46,'96'!F46,'97'!F46,'98'!F46,'142'!F46,'143'!F46,'90'!F46,'93A'!F46) -> 12.162088 | G46: =AVERAGE('78'!G46,'79'!G46,'80'!G46,'81'!G46,'82'!G46,'83'!G46,'84A'!G46,'84'!G46,'85'!G46,'86'!G46,'87'!G46,'88'!G46,'89'!G46,'91'!G46,'92'!G46,'93'!G46,'94'!G46,'94A'!G46,'95'!G46,'96'!G46,'97'!G46,'98'!G46,'142'!G46,'143'!G46,'90'!G46,'93A'!G46) -> 0.3010989 | H46: =AVERAGE('78'!H46,'79'!H46,'80'!H46,'81'!H46,'82'!H46,'83'!H46,'84A'!H46,'84'!H46,'85'!H46,'86'!H46,'87'!H46,'88'!H46,'89'!H46,'91'!H46,'92'!H46,'93'!H46,'94'!H46,'94A'!H46,'95'!H46,'96'!H46,'97'!H46,'98'!H46,'142'!H46,'143'!H46,'90'!H46,'93A'!H46) -> 0.51373626 | I46: =AVERAGE('78'!I46,'79'!I46,'80'!I46,'81'!I46,'82'!I46,'83'!I46,'84A'!I46,'84'!I46,'85'!I46,'86'!I46,'87'!I46,'88'!I46,'89'!I46,'91'!I46,'92'!I46,'93'!I46,'94'!I46,'94A'!I46,'95'!I46,'96'!I46,'97'!I46,'98'!I46,'142'!I46,'143'!I46,'90'!I46,'93A'!I46) -> 4.517033 | J46: =AVERAGE('78'!J46,'79'!J46,'80'!J46,'81'!J46,'82'!J46,'83'!J46,'84A'!J46,'84'!J46,'85'!J46,'86'!J46,'87'!J46,'88'!J46,'89'!J46,'91'!J46,'92'!J46,'93'!J46,'94'!J46,'94A'!J46,'95'!J46,'96'!J46,'97'!J46,'98'!J46,'142'!J46,'143'!J46,'90'!J46,'93A'!J46) -> 2.6642857 | ... N46: =AVERAGE('78'!N46,'79'!N46,'80'!N46,'81'!N46,'82'!N46,'83'!N46,'84A'!N46,'84'!N46,'85'!N46,'86'!N46,'87'!N46,'88'!N46,'89'!N46,'91'!N46,'92'!N46,'93'!N46,'94'!N46,'94A'!N46,'95'!N46,'96'!N46,'97'!N46,'98'!N46,'142'!N46,'143'!N46,'90'!N46,'93A'!N46) -> 0.053846154 | O46: =AVERAGE('78'!O46,'79'!O46,'80'!O46,'81'!O46,'82'!O46,'83'!O46,'84A'!O46,'84'!O46,'85'!O46,'86'!O46,'87'!O46,'88'!O46,'89'!O46,'91'!O46,'92'!O46,'93'!O46,'94'!O46,'94A'!O46,'95'!O46,'96'!O46,'97'!O46,'98'!O46,'142'!O46,'143'!O46,'90'!O46) -> 41.154286 | P46: =AVERAGE('78'!P46,'79'!P46,'80'!P46,'81'!P46,'82'!P46,'83'!P46,'84A'!P46,'84'!P46,'85'!P46,'86'!P46,'87'!P46,'88'!P46,'89'!P46,'91'!P46,'92'!P46,'93'!P46,'94'!P46,'94A'!P46,'95'!P46,'96'!P46,'97'!P46,'98'!P46,'142'!P46,'143'!P46,'90'!P46) -> 84.805714
B47: 16.15 -16.30 | C47: =AVERAGE('78'!C47,'79'!C47,'80'!C47,'81'!C47,'82'!C47,'83'!C47,'84A'!C47,'84'!C47,'85'!C47,'86'!C47,'87'!C47,'88'!C47,'89'!C47,'91'!C47,'92'!C47,'93'!C47,'94'!C47,'94A'!C47,'95'!C47,'96'!C47,'97'!C47,'98'!C47,'142'!C47,'143'!C47,'90'!C47,'93A'!C47) -> 10.43956 | D47: =AVERAGE('78'!D47,'79'!D47,'80'!D47,'81'!D47,'82'!D47,'83'!D47,'84A'!D47,'84'!D47,'85'!D47,'86'!D47,'87'!D47,'88'!D47,'89'!D47,'91'!D47,'92'!D47,'93'!D47,'94'!D47,'94A'!D47,'95'!D47,'96'!D47,'97'!D47,'98'!D47,'142'!D47,'143'!D47,'90'!D47,'93A'!D47) -> 3.4362637 | E47: =AVERAGE('78'!E47,'79'!E47,'80'!E47,'81'!E47,'82'!E47,'83'!E47,'84A'!E47,'84'!E47,'85'!E47,'86'!E47,'87'!E47,'88'!E47,'89'!E47,'91'!E47,'92'!E47,'93'!E47,'94'!E47,'94A'!E47,'95'!E47,'96'!E47,'97'!E47,'98'!E47,'142'!E47,'143'!E47,'90'!E47,'93A'!E47) -> 5.317033 | F47: =AVERAGE('78'!F47,'79'!F47,'80'!F47,'81'!F47,'82'!F47,'83'!F47,'84A'!F47,'84'!F47,'85'!F47,'86'!F47,'87'!F47,'88'!F47,'89'!F47,'91'!F47,'92'!F47,'93'!F47,'94'!F47,'94A'!F47,'95'!F47,'96'!F47,'97'!F47,'98'!F47,'142'!F47,'143'!F47,'90'!F47,'93A'!F47) -> 13.325275 | G47: =AVERAGE('78'!G47,'79'!G47,'80'!G47,'81'!G47,'82'!G47,'83'!G47,'84A'!G47,'84'!G47,'85'!G47,'86'!G47,'87'!G47,'88'!G47,'89'!G47,'91'!G47,'92'!G47,'93'!G47,'94'!G47,'94A'!G47,'95'!G47,'96'!G47,'97'!G47,'98'!G47,'142'!G47,'143'!G47,'90'!G47,'93A'!G47) -> 0.47912088 | H47: =AVERAGE('78'!H47,'79'!H47,'80'!H47,'81'!H47,'82'!H47,'83'!H47,'84A'!H47,'84'!H47,'85'!H47,'86'!H47,'87'!H47,'88'!H47,'89'!H47,'91'!H47,'92'!H47,'93'!H47,'94'!H47,'94A'!H47,'95'!H47,'96'!H47,'97'!H47,'98'!H47,'142'!H47,'143'!H47,'90'!H47,'93A'!H47) -> 0.51373626 | I47: =AVERAGE('78'!I47,'79'!I47,'80'!I47,'81'!I47,'82'!I47,'83'!I47,'84A'!I47,'84'!I47,'85'!I47,'86'!I47,'87'!I47,'88'!I47,'89'!I47,'91'!I47,'92'!I47,'93'!I47,'94'!I47,'94A'!I47,'95'!I47,'96'!I47,'97'!I47,'98'!I47,'142'!I47,'143'!I47,'90'!I47,'93A'!I47) -> 4.9406593 | J47: =AVERAGE('78'!J47,'79'!J47,'80'!J47,'81'!J47,'82'!J47,'83'!J47,'84A'!J47,'84'!J47,'85'!J47,'86'!J47,'87'!J47,'88'!J47,'89'!J47,'91'!J47,'92'!J47,'93'!J47,'94'!J47,'94A'!J47,'95'!J47,'96'!J47,'97'!J47,'98'!J47,'142'!J47,'143'!J47,'90'!J47,'93A'!J47) -> 2.6340659 | ... N47: =AVERAGE('78'!N47,'79'!N47,'80'!N47,'81'!N47,'82'!N47,'83'!N47,'84A'!N47,'84'!N47,'85'!N47,'86'!N47,'87'!N47,'88'!N47,'89'!N47,'91'!N47,'92'!N47,'93'!N47,'94'!N47,'94A'!N47,'95'!N47,'96'!N47,'97'!N47,'98'!N47,'142'!N47,'143'!N47,'90'!N47,'93A'!N47) -> 0.05989011 | O47: =AVERAGE('78'!O47,'79'!O47,'80'!O47,'81'!O47,'82'!O47,'83'!O47,'84A'!O47,'84'!O47,'85'!O47,'86'!O47,'87'!O47,'88'!O47,'89'!O47,'91'!O47,'92'!O47,'93'!O47,'94'!O47,'94A'!O47,'95'!O47,'96'!O47,'97'!O47,'98'!O47,'142'!O47,'143'!O47,'90'!O47) -> 42.725714 | P47: =AVERAGE('78'!P47,'79'!P47,'80'!P47,'81'!P47,'82'!P47,'83'!P47,'84A'!P47,'84'!P47,'85'!P47,'86'!P47,'87'!P47,'88'!P47,'89'!P47,'91'!P47,'92'!P47,'93'!P47,'94'!P47,'94A'!P47,'95'!P47,'96'!P47,'97'!P47,'98'!P47,'142'!P47,'143'!P47,'90'!P47) -> 87.451429
B48: 16.30 -16.45 | C48: =AVERAGE('78'!C48,'79'!C48,'80'!C48,'81'!C48,'82'!C48,'83'!C48,'84A'!C48,'84'!C48,'85'!C48,'86'!C48,'87'!C48,'88'!C48,'89'!C48,'91'!C48,'92'!C48,'93'!C48,'94'!C48,'94A'!C48,'95'!C48,'96'!C48,'97'!C48,'98'!C48,'142'!C48,'143'!C48,'90'!C48,'93A'!C48) -> 10.785165 | D48: =AVERAGE('78'!D48,'79'!D48,'80'!D48,'81'!D48,'82'!D48,'83'!D48,'84A'!D48,'84'!D48,'85'!D48,'86'!D48,'87'!D48,'88'!D48,'89'!D48,'91'!D48,'92'!D48,'93'!D48,'94'!D48,'94A'!D48,'95'!D48,'96'!D48,'97'!D48,'98'!D48,'142'!D48,'143'!D48,'90'!D48,'93A'!D48) -> 3.6840659 | E48: =AVERAGE('78'!E48,'79'!E48,'80'!E48,'81'!E48,'82'!E48,'83'!E48,'84A'!E48,'84'!E48,'85'!E48,'86'!E48,'87'!E48,'88'!E48,'89'!E48,'91'!E48,'92'!E48,'93'!E48,'94'!E48,'94A'!E48,'95'!E48,'96'!E48,'97'!E48,'98'!E48,'142'!E48,'143'!E48,'90'!E48,'93A'!E48) -> 5.2956044 | F48: =AVERAGE('78'!F48,'79'!F48,'80'!F48,'81'!F48,'82'!F48,'83'!F48,'84A'!F48,'84'!F48,'85'!F48,'86'!F48,'87'!F48,'88'!F48,'89'!F48,'91'!F48,'92'!F48,'93'!F48,'94'!F48,'94A'!F48,'95'!F48,'96'!F48,'97'!F48,'98'!F48,'142'!F48,'143'!F48,'90'!F48,'93A'!F48) -> 12.965934 | G48: =AVERAGE('78'!G48,'79'!G48,'80'!G48,'81'!G48,'82'!G48,'83'!G48,'84A'!G48,'84'!G48,'85'!G48,'86'!G48,'87'!G48,'88'!G48,'89'!G48,'91'!G48,'92'!G48,'93'!G48,'94'!G48,'94A'!G48,'95'!G48,'96'!G48,'97'!G48,'98'!G48,'142'!G48,'143'!G48,'90'!G48,'93A'!G48) -> 0.48076923 | H48: =AVERAGE('78'!H48,'79'!H48,'80'!H48,'81'!H48,'82'!H48,'83'!H48,'84A'!H48,'84'!H48,'85'!H48,'86'!H48,'87'!H48,'88'!H48,'89'!H48,'91'!H48,'92'!H48,'93'!H48,'94'!H48,'94A'!H48,'95'!H48,'96'!H48,'97'!H48,'98'!H48,'142'!H48,'143'!H48,'90'!H48,'93A'!H48) -> 0.69505495 | I48: =AVERAGE('78'!I48,'79'!I48,'80'!I48,'81'!I48,'82'!I48,'83'!I48,'84A'!I48,'84'!I48,'85'!I48,'86'!I48,'87'!I48,'88'!I48,'89'!I48,'91'!I48,'92'!I48,'93'!I48,'94'!I48,'94A'!I48,'95'!I48,'96'!I48,'97'!I48,'98'!I48,'142'!I48,'143'!I48,'90'!I48,'93A'!I48) -> 4.5076923 | J48: =AVERAGE('78'!J48,'79'!J48,'80'!J48,'81'!J48,'82'!J48,'83'!J48,'84A'!J48,'84'!J48,'85'!J48,'86'!J48,'87'!J48,'88'!J48,'89'!J48,'91'!J48,'92'!J48,'93'!J48,'94'!J48,'94A'!J48,'95'!J48,'96'!J48,'97'!J48,'98'!J48,'142'!J48,'143'!J48,'90'!J48,'93A'!J48) -> 2.7637363 | ... N48: =AVERAGE('78'!N48,'79'!N48,'80'!N48,'81'!N48,'82'!N48,'83'!N48,'84A'!N48,'84'!N48,'85'!N48,'86'!N48,'87'!N48,'88'!N48,'89'!N48,'91'!N48,'92'!N48,'93'!N48,'94'!N48,'94A'!N48,'95'!N48,'96'!N48,'97'!N48,'98'!N48,'142'!N48,'143'!N48,'90'!N48,'93A'!N48) -> 0.10879121 | O48: =AVERAGE('78'!O48,'79'!O48,'80'!O48,'81'!O48,'82'!O48,'83'!O48,'84A'!O48,'84'!O48,'85'!O48,'86'!O48,'87'!O48,'88'!O48,'89'!O48,'91'!O48,'92'!O48,'93'!O48,'94'!O48,'94A'!O48,'95'!O48,'96'!O48,'97'!O48,'98'!O48,'142'!O48,'143'!O48,'90'!O48) -> 43.428571 | P48: =AVERAGE('78'!P48,'79'!P48,'80'!P48,'81'!P48,'82'!P48,'83'!P48,'84A'!P48,'84'!P48,'85'!P48,'86'!P48,'87'!P48,'88'!P48,'89'!P48,'91'!P48,'92'!P48,'93'!P48,'94'!P48,'94A'!P48,'95'!P48,'96'!P48,'97'!P48,'98'!P48,'142'!P48,'143'!P48,'90'!P48) -> 88.937143
B49: 16.45 -17.00 | C49: =AVERAGE('78'!C49,'79'!C49,'80'!C49,'81'!C49,'82'!C49,'83'!C49,'84A'!C49,'84'!C49,'85'!C49,'86'!C49,'87'!C49,'88'!C49,'89'!C49,'91'!C49,'92'!C49,'93'!C49,'94'!C49,'94A'!C49,'95'!C49,'96'!C49,'97'!C49,'98'!C49,'142'!C49,'143'!C49,'90'!C49,'93A'!C49) -> 10.590659 | D49: =AVERAGE('78'!D49,'79'!D49,'80'!D49,'81'!D49,'82'!D49,'83'!D49,'84A'!D49,'84'!D49,'85'!D49,'86'!D49,'87'!D49,'88'!D49,'89'!D49,'91'!D49,'92'!D49,'93'!D49,'94'!D49,'94A'!D49,'95'!D49,'96'!D49,'97'!D49,'98'!D49,'142'!D49,'143'!D49,'90'!D49,'93A'!D49) -> 3.3236264 | E49: =AVERAGE('78'!E49,'79'!E49,'80'!E49,'81'!E49,'82'!E49,'83'!E49,'84A'!E49,'84'!E49,'85'!E49,'86'!E49,'87'!E49,'88'!E49,'89'!E49,'91'!E49,'92'!E49,'93'!E49,'94'!E49,'94A'!E49,'95'!E49,'96'!E49,'97'!E49,'98'!E49,'142'!E49,'143'!E49,'90'!E49,'93A'!E49) -> 5.0164835 | F49: =AVERAGE('78'!F49,'79'!F49,'80'!F49,'81'!F49,'82'!F49,'83'!F49,'84A'!F49,'84'!F49,'85'!F49,'86'!F49,'87'!F49,'88'!F49,'89'!F49,'91'!F49,'92'!F49,'93'!F49,'94'!F49,'94A'!F49,'95'!F49,'96'!F49,'97'!F49,'98'!F49,'142'!F49,'143'!F49,'90'!F49,'93A'!F49) -> 12.598352 | G49: =AVERAGE('78'!G49,'79'!G49,'80'!G49,'81'!G49,'82'!G49,'83'!G49,'84A'!G49,'84'!G49,'85'!G49,'86'!G49,'87'!G49,'88'!G49,'89'!G49,'91'!G49,'92'!G49,'93'!G49,'94'!G49,'94A'!G49,'95'!G49,'96'!G49,'97'!G49,'98'!G49,'142'!G49,'143'!G49,'90'!G49,'93A'!G49) -> 0.55384615 | H49: =AVERAGE('78'!H49,'79'!H49,'80'!H49,'81'!H49,'82'!H49,'83'!H49,'84A'!H49,'84'!H49,'85'!H49,'86'!H49,'87'!H49,'88'!H49,'89'!H49,'91'!H49,'92'!H49,'93'!H49,'94'!H49,'94A'!H49,'95'!H49,'96'!H49,'97'!H49,'98'!H49,'142'!H49,'143'!H49,'90'!H49,'93A'!H49) -> 0.45989011 | I49: =AVERAGE('78'!I49,'79'!I49,'80'!I49,'81'!I49,'82'!I49,'83'!I49,'84A'!I49,'84'!I49,'85'!I49,'86'!I49,'87'!I49,'88'!I49,'89'!I49,'91'!I49,'92'!I49,'93'!I49,'94'!I49,'94A'!I49,'95'!I49,'96'!I49,'97'!I49,'98'!I49,'142'!I49,'143'!I49,'90'!I49,'93A'!I49) -> 4.639011 | J49: =AVERAGE('78'!J49,'79'!J49,'80'!J49,'81'!J49,'82'!J49,'83'!J49,'84A'!J49,'84'!J49,'85'!J49,'86'!J49,'87'!J49,'88'!J49,'89'!J49,'91'!J49,'92'!J49,'93'!J49,'94'!J49,'94A'!J49,'95'!J49,'96'!J49,'97'!J49,'98'!J49,'142'!J49,'143'!J49,'90'!J49,'93A'!J49) -> 2.7131868 | ... N49: =AVERAGE('78'!N49,'79'!N49,'80'!N49,'81'!N49,'82'!N49,'83'!N49,'84A'!N49,'84'!N49,'85'!N49,'86'!N49,'87'!N49,'88'!N49,'89'!N49,'91'!N49,'92'!N49,'93'!N49,'94'!N49,'94A'!N49,'95'!N49,'96'!N49,'97'!N49,'98'!N49,'142'!N49,'143'!N49,'90'!N49,'93A'!N49) -> 0.021978022 | O49: =AVERAGE('78'!O49,'79'!O49,'80'!O49,'81'!O49,'82'!O49,'83'!O49,'84A'!O49,'84'!O49,'85'!O49,'86'!O49,'87'!O49,'88'!O49,'89'!O49,'91'!O49,'92'!O49,'93'!O49,'94'!O49,'94A'!O49,'95'!O49,'96'!O49,'97'!O49,'98'!O49,'142'!O49,'143'!O49,'90'!O49) -> 42.217143 | P49: =AVERAGE('78'!P49,'79'!P49,'80'!P49,'81'!P49,'82'!P49,'83'!P49,'84A'!P49,'84'!P49,'85'!P49,'86'!P49,'87'!P49,'88'!P49,'89'!P49,'91'!P49,'92'!P49,'93'!P49,'94'!P49,'94A'!P49,'95'!P49,'96'!P49,'97'!P49,'98'!P49,'142'!P49,'143'!P49,'90'!P49) -> 88.114286
B50: 17.00 -17.15 | C50: =AVERAGE('78'!C50,'79'!C50,'80'!C50,'81'!C50,'82'!C50,'83'!C50,'84A'!C50,'84'!C50,'85'!C50,'86'!C50,'87'!C50,'88'!C50,'89'!C50,'91'!C50,'92'!C50,'93'!C50,'94'!C50,'94A'!C50,'95'!C50,'96'!C50,'97'!C50,'98'!C50,'142'!C50,'143'!C50,'90'!C50,'93A'!C50) -> 11.301648 | D50: =AVERAGE('78'!D50,'79'!D50,'80'!D50,'81'!D50,'82'!D50,'83'!D50,'84A'!D50,'84'!D50,'85'!D50,'86'!D50,'87'!D50,'88'!D50,'89'!D50,'91'!D50,'92'!D50,'93'!D50,'94'!D50,'94A'!D50,'95'!D50,'96'!D50,'97'!D50,'98'!D50,'142'!D50,'143'!D50,'90'!D50,'93A'!D50) -> 4.1335165 | E50: =AVERAGE('78'!E50,'79'!E50,'80'!E50,'81'!E50,'82'!E50,'83'!E50,'84A'!E50,'84'!E50,'85'!E50,'86'!E50,'87'!E50,'88'!E50,'89'!E50,'91'!E50,'92'!E50,'93'!E50,'94'!E50,'94A'!E50,'95'!E50,'96'!E50,'97'!E50,'98'!E50,'142'!E50,'143'!E50,'90'!E50,'93A'!E50) -> 5.5505495 | F50: =AVERAGE('78'!F50,'79'!F50,'80'!F50,'81'!F50,'82'!F50,'83'!F50,'84A'!F50,'84'!F50,'85'!F50,'86'!F50,'87'!F50,'88'!F50,'89'!F50,'91'!F50,'92'!F50,'93'!F50,'94'!F50,'94A'!F50,'95'!F50,'96'!F50,'97'!F50,'98'!F50,'142'!F50,'143'!F50,'90'!F50,'93A'!F50) -> 14.415385 | G50: =AVERAGE('78'!G50,'79'!G50,'80'!G50,'81'!G50,'82'!G50,'83'!G50,'84A'!G50,'84'!G50,'85'!G50,'86'!G50,'87'!G50,'88'!G50,'89'!G50,'91'!G50,'92'!G50,'93'!G50,'94'!G50,'94A'!G50,'95'!G50,'96'!G50,'97'!G50,'98'!G50,'142'!G50,'143'!G50,'90'!G50,'93A'!G50) -> 0.59340659 | H50: =AVERAGE('78'!H50,'79'!H50,'80'!H50,'81'!H50,'82'!H50,'83'!H50,'84A'!H50,'84'!H50,'85'!H50,'86'!H50,'87'!H50,'88'!H50,'89'!H50,'91'!H50,'92'!H50,'93'!H50,'94'!H50,'94A'!H50,'95'!H50,'96'!H50,'97'!H50,'98'!H50,'142'!H50,'143'!H50,'90'!H50,'93A'!H50) -> 0.58571429 | I50: =AVERAGE('78'!I50,'79'!I50,'80'!I50,'81'!I50,'82'!I50,'83'!I50,'84A'!I50,'84'!I50,'85'!I50,'86'!I50,'87'!I50,'88'!I50,'89'!I50,'91'!I50,'92'!I50,'93'!I50,'94'!I50,'94A'!I50,'95'!I50,'96'!I50,'97'!I50,'98'!I50,'142'!I50,'143'!I50,'90'!I50,'93A'!I50) -> 4.8335165 | J50: =AVERAGE('78'!J50,'79'!J50,'80'!J50,'81'!J50,'82'!J50,'83'!J50,'84A'!J50,'84'!J50,'85'!J50,'86'!J50,'87'!J50,'88'!J50,'89'!J50,'91'!J50,'92'!J50,'93'!J50,'94'!J50,'94A'!J50,'95'!J50,'96'!J50,'97'!J50,'98'!J50,'142'!J50,'143'!J50,'90'!J50,'93A'!J50) -> 2.9494505 | ... N50: =AVERAGE('78'!N50,'79'!N50,'80'!N50,'81'!N50,'82'!N50,'83'!N50,'84A'!N50,'84'!N50,'85'!N50,'86'!N50,'87'!N50,'88'!N50,'89'!N50,'91'!N50,'92'!N50,'93'!N50,'94'!N50,'94A'!N50,'95'!N50,'96'!N50,'97'!N50,'98'!N50,'142'!N50,'143'!N50,'90'!N50,'93A'!N50) -> 0.082417582 | O50: =AVERAGE('78'!O50,'79'!O50,'80'!O50,'81'!O50,'82'!O50,'83'!O50,'84A'!O50,'84'!O50,'85'!O50,'86'!O50,'87'!O50,'88'!O50,'89'!O50,'91'!O50,'92'!O50,'93'!O50,'94'!O50,'94A'!O50,'95'!O50,'96'!O50,'97'!O50,'98'!O50,'142'!O50,'143'!O50,'90'!O50) -> 47 | P50: =AVERAGE('78'!P50,'79'!P50,'80'!P50,'81'!P50,'82'!P50,'83'!P50,'84A'!P50,'84'!P50,'85'!P50,'86'!P50,'87'!P50,'88'!P50,'89'!P50,'91'!P50,'92'!P50,'93'!P50,'94'!P50,'94A'!P50,'95'!P50,'96'!P50,'97'!P50,'98'!P50,'142'!P50,'143'!P50,'90'!P50) -> 93.468571
B51: 17.15 -17.30 | C51: =AVERAGE('78'!C51,'79'!C51,'80'!C51,'81'!C51,'82'!C51,'83'!C51,'84A'!C51,'84'!C51,'85'!C51,'86'!C51,'87'!C51,'88'!C51,'89'!C51,'91'!C51,'92'!C51,'93'!C51,'94'!C51,'94A'!C51,'95'!C51,'96'!C51,'97'!C51,'98'!C51,'142'!C51,'143'!C51,'90'!C51,'93A'!C51) -> 11.226923 | D51: =AVERAGE('78'!D51,'79'!D51,'80'!D51,'81'!D51,'82'!D51,'83'!D51,'84A'!D51,'84'!D51,'85'!D51,'86'!D51,'87'!D51,'88'!D51,'89'!D51,'91'!D51,'92'!D51,'93'!D51,'94'!D51,'94A'!D51,'95'!D51,'96'!D51,'97'!D51,'98'!D51,'142'!D51,'143'!D51,'90'!D51,'93A'!D51) -> 3.7725275 | E51: =AVERAGE('78'!E51,'79'!E51,'80'!E51,'81'!E51,'82'!E51,'83'!E51,'84A'!E51,'84'!E51,'85'!E51,'86'!E51,'87'!E51,'88'!E51,'89'!E51,'91'!E51,'92'!E51,'93'!E51,'94'!E51,'94A'!E51,'95'!E51,'96'!E51,'97'!E51,'98'!E51,'142'!E51,'143'!E51,'90'!E51,'93A'!E51) -> 4.9071429 | F51: =AVERAGE('78'!F51,'79'!F51,'80'!F51,'81'!F51,'82'!F51,'83'!F51,'84A'!F51,'84'!F51,'85'!F51,'86'!F51,'87'!F51,'88'!F51,'89'!F51,'91'!F51,'92'!F51,'93'!F51,'94'!F51,'94A'!F51,'95'!F51,'96'!F51,'97'!F51,'98'!F51,'142'!F51,'143'!F51,'90'!F51,'93A'!F51) -> 13.534066 | G51: =AVERAGE('78'!G51,'79'!G51,'80'!G51,'81'!G51,'82'!G51,'83'!G51,'84A'!G51,'84'!G51,'85'!G51,'86'!G51,'87'!G51,'88'!G51,'89'!G51,'91'!G51,'92'!G51,'93'!G51,'94'!G51,'94A'!G51,'95'!G51,'96'!G51,'97'!G51,'98'!G51,'142'!G51,'143'!G51,'90'!G51,'93A'!G51) -> 0.72527473 | H51: =AVERAGE('78'!H51,'79'!H51,'80'!H51,'81'!H51,'82'!H51,'83'!H51,'84A'!H51,'84'!H51,'85'!H51,'86'!H51,'87'!H51,'88'!H51,'89'!H51,'91'!H51,'92'!H51,'93'!H51,'94'!H51,'94A'!H51,'95'!H51,'96'!H51,'97'!H51,'98'!H51,'142'!H51,'143'!H51,'90'!H51,'93A'!H51) -> 0.52087912 | I51: =AVERAGE('78'!I51,'79'!I51,'80'!I51,'81'!I51,'82'!I51,'83'!I51,'84A'!I51,'84'!I51,'85'!I51,'86'!I51,'87'!I51,'88'!I51,'89'!I51,'91'!I51,'92'!I51,'93'!I51,'94'!I51,'94A'!I51,'95'!I51,'96'!I51,'97'!I51,'98'!I51,'142'!I51,'143'!I51,'90'!I51,'93A'!I51) -> 4.5104396 | J51: =AVERAGE('78'!J51,'79'!J51,'80'!J51,'81'!J51,'82'!J51,'83'!J51,'84A'!J51,'84'!J51,'85'!J51,'86'!J51,'87'!J51,'88'!J51,'89'!J51,'91'!J51,'92'!J51,'93'!J51,'94'!J51,'94A'!J51,'95'!J51,'96'!J51,'97'!J51,'98'!J51,'142'!J51,'143'!J51,'90'!J51,'93A'!J51) -> 2.8043956 | ... N51: =AVERAGE('78'!N51,'79'!N51,'80'!N51,'81'!N51,'82'!N51,'83'!N51,'84A'!N51,'84'!N51,'85'!N51,'86'!N51,'87'!N51,'88'!N51,'89'!N51,'91'!N51,'92'!N51,'93'!N51,'94'!N51,'94A'!N51,'95'!N51,'96'!N51,'97'!N51,'98'!N51,'142'!N51,'143'!N51,'90'!N51,'93A'!N51) -> 0.048351648 | O51: =AVERAGE('78'!O51,'79'!O51,'80'!O51,'81'!O51,'82'!O51,'83'!O51,'84A'!O51,'84'!O51,'85'!O51,'86'!O51,'87'!O51,'88'!O51,'89'!O51,'91'!O51,'92'!O51,'93'!O51,'94'!O51,'94A'!O51,'95'!O51,'96'!O51,'97'!O51,'98'!O51,'142'!O51,'143'!O51,'90'!O51) -> 44.234286 | P51: =AVERAGE('78'!P51,'79'!P51,'80'!P51,'81'!P51,'82'!P51,'83'!P51,'84A'!P51,'84'!P51,'85'!P51,'86'!P51,'87'!P51,'88'!P51,'89'!P51,'91'!P51,'92'!P51,'93'!P51,'94'!P51,'94A'!P51,'95'!P51,'96'!P51,'97'!P51,'98'!P51,'142'!P51,'143'!P51,'90'!P51) -> 92.302857
B52: 17.30 -17.45 | C52: =AVERAGE('78'!C52,'79'!C52,'80'!C52,'81'!C52,'82'!C52,'83'!C52,'84A'!C52,'84'!C52,'85'!C52,'86'!C52,'87'!C52,'88'!C52,'89'!C52,'91'!C52,'92'!C52,'93'!C52,'94'!C52,'94A'!C52,'95'!C52,'96'!C52,'97'!C52,'98'!C52,'142'!C52,'143'!C52,'90'!C52,'93A'!C52) -> 11.271978 | D52: =AVERAGE('78'!D52,'79'!D52,'80'!D52,'81'!D52,'82'!D52,'83'!D52,'84A'!D52,'84'!D52,'85'!D52,'86'!D52,'87'!D52,'88'!D52,'89'!D52,'91'!D52,'92'!D52,'93'!D52,'94'!D52,'94A'!D52,'95'!D52,'96'!D52,'97'!D52,'98'!D52,'142'!D52,'143'!D52,'90'!D52,'93A'!D52) -> 4.1274725 | E52: =AVERAGE('78'!E52,'79'!E52,'80'!E52,'81'!E52,'82'!E52,'83'!E52,'84A'!E52,'84'!E52,'85'!E52,'86'!E52,'87'!E52,'88'!E52,'89'!E52,'91'!E52,'92'!E52,'93'!E52,'94'!E52,'94A'!E52,'95'!E52,'96'!E52,'97'!E52,'98'!E52,'142'!E52,'143'!E52,'90'!E52,'93A'!E52) -> 5.6269231 | F52: =AVERAGE('78'!F52,'79'!F52,'80'!F52,'81'!F52,'82'!F52,'83'!F52,'84A'!F52,'84'!F52,'85'!F52,'86'!F52,'87'!F52,'88'!F52,'89'!F52,'91'!F52,'92'!F52,'93'!F52,'94'!F52,'94A'!F52,'95'!F52,'96'!F52,'97'!F52,'98'!F52,'142'!F52,'143'!F52,'90'!F52,'93A'!F52) -> 14.035165 | G52: =AVERAGE('78'!G52,'79'!G52,'80'!G52,'81'!G52,'82'!G52,'83'!G52,'84A'!G52,'84'!G52,'85'!G52,'86'!G52,'87'!G52,'88'!G52,'89'!G52,'91'!G52,'92'!G52,'93'!G52,'94'!G52,'94A'!G52,'95'!G52,'96'!G52,'97'!G52,'98'!G52,'142'!G52,'143'!G52,'90'!G52,'93A'!G52) -> 0.6010989 | H52: =AVERAGE('78'!H52,'79'!H52,'80'!H52,'81'!H52,'82'!H52,'83'!H52,'84A'!H52,'84'!H52,'85'!H52,'86'!H52,'87'!H52,'88'!H52,'89'!H52,'91'!H52,'92'!H52,'93'!H52,'94'!H52,'94A'!H52,'95'!H52,'96'!H52,'97'!H52,'98'!H52,'142'!H52,'143'!H52,'90'!H52,'93A'!H52) -> 0.48076923 | I52: =AVERAGE('78'!I52,'79'!I52,'80'!I52,'81'!I52,'82'!I52,'83'!I52,'84A'!I52,'84'!I52,'85'!I52,'86'!I52,'87'!I52,'88'!I52,'89'!I52,'91'!I52,'92'!I52,'93'!I52,'94'!I52,'94A'!I52,'95'!I52,'96'!I52,'97'!I52,'98'!I52,'142'!I52,'143'!I52,'90'!I52,'93A'!I52) -> 4.4917582 | J52: =AVERAGE('78'!J52,'79'!J52,'80'!J52,'81'!J52,'82'!J52,'83'!J52,'84A'!J52,'84'!J52,'85'!J52,'86'!J52,'87'!J52,'88'!J52,'89'!J52,'91'!J52,'92'!J52,'93'!J52,'94'!J52,'94A'!J52,'95'!J52,'96'!J52,'97'!J52,'98'!J52,'142'!J52,'143'!J52,'90'!J52,'93A'!J52) -> 3.0412088 | ... N52: =AVERAGE('78'!N52,'79'!N52,'80'!N52,'81'!N52,'82'!N52,'83'!N52,'84A'!N52,'84'!N52,'85'!N52,'86'!N52,'87'!N52,'88'!N52,'89'!N52,'91'!N52,'92'!N52,'93'!N52,'94'!N52,'94A'!N52,'95'!N52,'96'!N52,'97'!N52,'98'!N52,'142'!N52,'143'!N52,'90'!N52,'93A'!N52) -> 0.070879121 | O52: =AVERAGE('78'!O52,'79'!O52,'80'!O52,'81'!O52,'82'!O52,'83'!O52,'84A'!O52,'84'!O52,'85'!O52,'86'!O52,'87'!O52,'88'!O52,'89'!O52,'91'!O52,'92'!O52,'93'!O52,'94'!O52,'94A'!O52,'95'!O52,'96'!O52,'97'!O52,'98'!O52,'142'!O52,'143'!O52,'90'!O52) -> 45.834286 | P52: =AVERAGE('78'!P52,'79'!P52,'80'!P52,'81'!P52,'82'!P52,'83'!P52,'84A'!P52,'84'!P52,'85'!P52,'86'!P52,'87'!P52,'88'!P52,'89'!P52,'91'!P52,'92'!P52,'93'!P52,'94'!P52,'94A'!P52,'95'!P52,'96'!P52,'97'!P52,'98'!P52,'142'!P52,'143'!P52,'90'!P52) -> 95.011429
B53: 17.45 -18.00 | C53: =AVERAGE('78'!C53,'79'!C53,'80'!C53,'81'!C53,'82'!C53,'83'!C53,'84A'!C53,'84'!C53,'85'!C53,'86'!C53,'87'!C53,'88'!C53,'89'!C53,'91'!C53,'92'!C53,'93'!C53,'94'!C53,'94A'!C53,'95'!C53,'96'!C53,'97'!C53,'98'!C53,'142'!C53,'143'!C53,'90'!C53,'93A'!C53) -> 12.52967 | D53: =AVERAGE('78'!D53,'79'!D53,'80'!D53,'81'!D53,'82'!D53,'83'!D53,'84A'!D53,'84'!D53,'85'!D53,'86'!D53,'87'!D53,'88'!D53,'89'!D53,'91'!D53,'92'!D53,'93'!D53,'94'!D53,'94A'!D53,'95'!D53,'96'!D53,'97'!D53,'98'!D53,'142'!D53,'143'!D53,'90'!D53,'93A'!D53) -> 3.8346154 | E53: =AVERAGE('78'!E53,'79'!E53,'80'!E53,'81'!E53,'82'!E53,'83'!E53,'84A'!E53,'84'!E53,'85'!E53,'86'!E53,'87'!E53,'88'!E53,'89'!E53,'91'!E53,'92'!E53,'93'!E53,'94'!E53,'94A'!E53,'95'!E53,'96'!E53,'97'!E53,'98'!E53,'142'!E53,'143'!E53,'90'!E53,'93A'!E53) -> 5.382967 | F53: =AVERAGE('78'!F53,'79'!F53,'80'!F53,'81'!F53,'82'!F53,'83'!F53,'84A'!F53,'84'!F53,'85'!F53,'86'!F53,'87'!F53,'88'!F53,'89'!F53,'91'!F53,'92'!F53,'93'!F53,'94'!F53,'94A'!F53,'95'!F53,'96'!F53,'97'!F53,'98'!F53,'142'!F53,'143'!F53,'90'!F53,'93A'!F53) -> 13.886813 | G53: =AVERAGE('78'!G53,'79'!G53,'80'!G53,'81'!G53,'82'!G53,'83'!G53,'84A'!G53,'84'!G53,'85'!G53,'86'!G53,'87'!G53,'88'!G53,'89'!G53,'91'!G53,'92'!G53,'93'!G53,'94'!G53,'94A'!G53,'95'!G53,'96'!G53,'97'!G53,'98'!G53,'142'!G53,'143'!G53,'90'!G53,'93A'!G53) -> 0.74175824 | H53: =AVERAGE('78'!H53,'79'!H53,'80'!H53,'81'!H53,'82'!H53,'83'!H53,'84A'!H53,'84'!H53,'85'!H53,'86'!H53,'87'!H53,'88'!H53,'89'!H53,'91'!H53,'92'!H53,'93'!H53,'94'!H53,'94A'!H53,'95'!H53,'96'!H53,'97'!H53,'98'!H53,'142'!H53,'143'!H53,'90'!H53,'93A'!H53) -> 0.63736264 | I53: =AVERAGE('78'!I53,'79'!I53,'80'!I53,'81'!I53,'82'!I53,'83'!I53,'84A'!I53,'84'!I53,'85'!I53,'86'!I53,'87'!I53,'88'!I53,'89'!I53,'91'!I53,'92'!I53,'93'!I53,'94'!I53,'94A'!I53,'95'!I53,'96'!I53,'97'!I53,'98'!I53,'142'!I53,'143'!I53,'90'!I53,'93A'!I53) -> 4.7884615 | J53: =AVERAGE('78'!J53,'79'!J53,'80'!J53,'81'!J53,'82'!J53,'83'!J53,'84A'!J53,'84'!J53,'85'!J53,'86'!J53,'87'!J53,'88'!J53,'89'!J53,'91'!J53,'92'!J53,'93'!J53,'94'!J53,'94A'!J53,'95'!J53,'96'!J53,'97'!J53,'98'!J53,'142'!J53,'143'!J53,'90'!J53,'93A'!J53) -> 2.932967 | ... N53: =AVERAGE('78'!N53,'79'!N53,'80'!N53,'81'!N53,'82'!N53,'83'!N53,'84A'!N53,'84'!N53,'85'!N53,'86'!N53,'87'!N53,'88'!N53,'89'!N53,'91'!N53,'92'!N53,'93'!N53,'94'!N53,'94A'!N53,'95'!N53,'96'!N53,'97'!N53,'98'!N53,'142'!N53,'143'!N53,'90'!N53,'93A'!N53) -> 0.048351648 | O53: =AVERAGE('78'!O53,'79'!O53,'80'!O53,'81'!O53,'82'!O53,'83'!O53,'84A'!O53,'84'!O53,'85'!O53,'86'!O53,'87'!O53,'88'!O53,'89'!O53,'91'!O53,'92'!O53,'93'!O53,'94'!O53,'94A'!O53,'95'!O53,'96'!O53,'97'!O53,'98'!O53,'142'!O53,'143'!O53,'90'!O53) -> 47.308571 | P53: =AVERAGE('78'!P53,'79'!P53,'80'!P53,'81'!P53,'82'!P53,'83'!P53,'84A'!P53,'84'!P53,'85'!P53,'86'!P53,'87'!P53,'88'!P53,'89'!P53,'91'!P53,'92'!P53,'93'!P53,'94'!P53,'94A'!P53,'95'!P53,'96'!P53,'97'!P53,'98'!P53,'142'!P53,'143'!P53,'90'!P53) -> 95.885714
B54: 18.00 - 18.15 | C54: =AVERAGE('78'!C54,'79'!C54,'80'!C54,'81'!C54,'82'!C54,'83'!C54,'84A'!C54,'84'!C54,'85'!C54,'86'!C54,'87'!C54,'88'!C54,'89'!C54,'91'!C54,'92'!C54,'93'!C54,'94'!C54,'94A'!C54,'95'!C54,'96'!C54,'97'!C54,'98'!C54,'142'!C54,'143'!C54,'90'!C54,'93A'!C54) -> 12.006593 | D54: =AVERAGE('78'!D54,'79'!D54,'80'!D54,'81'!D54,'82'!D54,'83'!D54,'84A'!D54,'84'!D54,'85'!D54,'86'!D54,'87'!D54,'88'!D54,'89'!D54,'91'!D54,'92'!D54,'93'!D54,'94'!D54,'94A'!D54,'95'!D54,'96'!D54,'97'!D54,'98'!D54,'142'!D54,'143'!D54,'90'!D54,'93A'!D54) -> 3.7038462 | E54: =AVERAGE('78'!E54,'79'!E54,'80'!E54,'81'!E54,'82'!E54,'83'!E54,'84A'!E54,'84'!E54,'85'!E54,'86'!E54,'87'!E54,'88'!E54,'89'!E54,'91'!E54,'92'!E54,'93'!E54,'94'!E54,'94A'!E54,'95'!E54,'96'!E54,'97'!E54,'98'!E54,'142'!E54,'143'!E54,'90'!E54,'93A'!E54) -> 5.5587912 | F54: =AVERAGE('78'!F54,'79'!F54,'80'!F54,'81'!F54,'82'!F54,'83'!F54,'84A'!F54,'84'!F54,'85'!F54,'86'!F54,'87'!F54,'88'!F54,'89'!F54,'91'!F54,'92'!F54,'93'!F54,'94'!F54,'94A'!F54,'95'!F54,'96'!F54,'97'!F54,'98'!F54,'142'!F54,'143'!F54,'90'!F54,'93A'!F54) -> 15.088462 | G54: =AVERAGE('78'!G54,'79'!G54,'80'!G54,'81'!G54,'82'!G54,'83'!G54,'84A'!G54,'84'!G54,'85'!G54,'86'!G54,'87'!G54,'88'!G54,'89'!G54,'91'!G54,'92'!G54,'93'!G54,'94'!G54,'94A'!G54,'95'!G54,'96'!G54,'97'!G54,'98'!G54,'142'!G54,'143'!G54,'90'!G54,'93A'!G54) -> 0.91153846 | H54: =AVERAGE('78'!H54,'79'!H54,'80'!H54,'81'!H54,'82'!H54,'83'!H54,'84A'!H54,'84'!H54,'85'!H54,'86'!H54,'87'!H54,'88'!H54,'89'!H54,'91'!H54,'92'!H54,'93'!H54,'94'!H54,'94A'!H54,'95'!H54,'96'!H54,'97'!H54,'98'!H54,'142'!H54,'143'!H54,'90'!H54,'93A'!H54) -> 0.75769231 | I54: =AVERAGE('78'!I54,'79'!I54,'80'!I54,'81'!I54,'82'!I54,'83'!I54,'84A'!I54,'84'!I54,'85'!I54,'86'!I54,'87'!I54,'88'!I54,'89'!I54,'91'!I54,'92'!I54,'93'!I54,'94'!I54,'94A'!I54,'95'!I54,'96'!I54,'97'!I54,'98'!I54,'142'!I54,'143'!I54,'90'!I54,'93A'!I54) -> 5.2148352 | J54: =AVERAGE('78'!J54,'79'!J54,'80'!J54,'81'!J54,'82'!J54,'83'!J54,'84A'!J54,'84'!J54,'85'!J54,'86'!J54,'87'!J54,'88'!J54,'89'!J54,'91'!J54,'92'!J54,'93'!J54,'94'!J54,'94A'!J54,'95'!J54,'96'!J54,'97'!J54,'98'!J54,'142'!J54,'143'!J54,'90'!J54,'93A'!J54) -> 3.4549451 | ... N54: =AVERAGE('78'!N54,'79'!N54,'80'!N54,'81'!N54,'82'!N54,'83'!N54,'84A'!N54,'84'!N54,'85'!N54,'86'!N54,'87'!N54,'88'!N54,'89'!N54,'91'!N54,'92'!N54,'93'!N54,'94'!N54,'94A'!N54,'95'!N54,'96'!N54,'97'!N54,'98'!N54,'142'!N54,'143'!N54,'90'!N54,'93A'!N54) -> 0.086813187 | O54: =AVERAGE('78'!O54,'79'!O54,'80'!O54,'81'!O54,'82'!O54,'83'!O54,'84A'!O54,'84'!O54,'85'!O54,'86'!O54,'87'!O54,'88'!O54,'89'!O54,'91'!O54,'92'!O54,'93'!O54,'94'!O54,'94A'!O54,'95'!O54,'96'!O54,'97'!O54,'98'!O54,'142'!O54,'143'!O54,'90'!O54) -> 49.057143 | P54: =AVERAGE('78'!P54,'79'!P54,'80'!P54,'81'!P54,'82'!P54,'83'!P54,'84A'!P54,'84'!P54,'85'!P54,'86'!P54,'87'!P54,'88'!P54,'89'!P54,'91'!P54,'92'!P54,'93'!P54,'94'!P54,'94A'!P54,'95'!P54,'96'!P54,'97'!P54,'98'!P54,'142'!P54,'143'!P54,'90'!P54) -> 96.011429
... B105: 06.45 - 07.00 | C105: =AVERAGE('78'!C105,'79'!C105,'80'!C105,'81'!C105,'82'!C105,'83'!C105,'84A'!C105,'84'!C105,'85'!C105,'86'!C105,'87'!C105,'88'!C105,'89'!C105,'91'!C105,'92'!C105,'93'!C105,'94'!C105,'94A'!C105,'95'!C105,'96'!C105,'97'!C105,'98'!C105,'142'!C105,'143'!C105,'90'!C105,'93A'!C105) -> 5.0711538 | D105: =AVERAGE('78'!D105,'79'!D105,'80'!D105,'81'!D105,'82'!D105,'83'!D105,'84A'!D105,'84'!D105,'85'!D105,'86'!D105,'87'!D105,'88'!D105,'89'!D105,'91'!D105,'92'!D105,'93'!D105,'94'!D105,'94A'!D105,'95'!D105,'96'!D105,'97'!D105,'98'!D105,'142'!D105,'143'!D105,'90'!D105,'93A'!D105) -> 1.6173077 | E105: =AVERAGE('78'!E105,'79'!E105,'80'!E105,'81'!E105,'82'!E105,'83'!E105,'84A'!E105,'84'!E105,'85'!E105,'86'!E105,'87'!E105,'88'!E105,'89'!E105,'91'!E105,'92'!E105,'93'!E105,'94'!E105,'94A'!E105,'95'!E105,'96'!E105,'97'!E105,'98'!E105,'142'!E105,'143'!E105,'90'!E105,'93A'!E105) -> 2.075 | F105: =AVERAGE('78'!F105,'79'!F105,'80'!F105,'81'!F105,'82'!F105,'83'!F105,'84A'!F105,'84'!F105,'85'!F105,'86'!F105,'87'!F105,'88'!F105,'89'!F105,'91'!F105,'92'!F105,'93'!F105,'94'!F105,'94A'!F105,'95'!F105,'96'!F105,'97'!F105,'98'!F105,'142'!F105,'143'!F105,'90'!F105,'93A'!F105) -> 6.2692308 | G105: =AVERAGE('78'!G105,'79'!G105,'80'!G105,'81'!G105,'82'!G105,'83'!G105,'84A'!G105,'84'!G105,'85'!G105,'86'!G105,'87'!G105,'88'!G105,'89'!G105,'91'!G105,'92'!G105,'93'!G105,'94'!G105,'94A'!G105,'95'!G105,'96'!G105,'97'!G105,'98'!G105,'142'!G105,'143'!G105,'90'!G105,'93A'!G105) -> 0.51538462 | H105: =AVERAGE('78'!H105,'79'!H105,'80'!H105,'81'!H105,'82'!H105,'83'!H105,'84A'!H105,'84'!H105,'85'!H105,'86'!H105,'87'!H105,'88'!H105,'89'!H105,'91'!H105,'92'!H105,'93'!H105,'94'!H105,'94A'!H105,'95'!H105,'96'!H105,'97'!H105,'98'!H105,'142'!H105,'143'!H105,'90'!H105,'93A'!H105) -> 1.05 | I105: =AVERAGE('78'!I105,'79'!I105,'80'!I105,'81'!I105,'82'!I105,'83'!I105,'84A'!I105,'84'!I105,'85'!I105,'86'!I105,'87'!I105,'88'!I105,'89'!I105,'91'!I105,'92'!I105,'93'!I105,'94'!I105,'94A'!I105,'95'!I105,'96'!I105,'97'!I105,'98'!I105,'142'!I105,'143'!I105,'90'!I105,'93A'!I105) -> 2.5038462 | J105: =AVERAGE('78'!J105,'79'!J105,'80'!J105,'81'!J105,'82'!J105,'83'!J105,'84A'!J105,'84'!J105,'85'!J105,'86'!J105,'87'!J105,'88'!J105,'89'!J105,'91'!J105,'92'!J105,'93'!J105,'94'!J105,'94A'!J105,'95'!J105,'96'!J105,'97'!J105,'98'!J105,'142'!J105,'143'!J105,'90'!J105,'93A'!J105) -> 1.3076923 | ... N105: =AVERAGE('78'!N105,'79'!N105,'80'!N105,'81'!N105,'82'!N105,'83'!N105,'84A'!N105,'84'!N105,'85'!N105,'86'!N105,'87'!N105,'88'!N105,'89'!N105,'91'!N105,'92'!N105,'93'!N105,'94'!N105,'94A'!N105,'95'!N105,'96'!N105,'97'!N105,'98'!N105,'142'!N105,'143'!N105,'90'!N105,'93A'!N105) -> 0.13076923 | O105: =AVERAGE('78'!O105,'79'!O105,'80'!O105,'81'!O105,'82'!O105,'83'!O105,'84A'!O105,'84'!O105,'85'!O105,'86'!O105,'87'!O105,'88'!O105,'89'!O105,'91'!O105,'92'!O105,'93'!O105,'94'!O105,'94A'!O105,'95'!O105,'96'!O105,'97'!O105,'98'!O105,'142'!O105,'143'!O105,'90'!O105) -> 22.62 | P105: =AVERAGE('78'!P105,'79'!P105,'80'!P105,'81'!P105,'82'!P105,'83'!P105,'84A'!P105,'84'!P105,'85'!P105,'86'!P105,'87'!P105,'88'!P105,'89'!P105,'91'!P105,'92'!P105,'93'!P105,'94'!P105,'94A'!P105,'95'!P105,'96'!P105,'97'!P105,'98'!P105,'142'!P105,'143'!P105,'90'!P105) -> 40.16
B106: Totals | C106: =SUM(C10:C105) -> 660.36181 | D106: =SUM(D10:D105) -> 201.88407 | E106: =SUM(E10:E105) -> 286.17665 | F106: =SUM(F10:F105) -> 775.35907 | G106: =SUM(G10:G105) -> 44.483516 | H106: =SUM(H10:H105) -> 58.244505 | I106: =SUM(I10:I105) -> 281.68901 | J106: =SUM(J10:J105) -> 207.00824 | ... P106: =SUM(P10:P105) -> 5339.7196
B107: %ges + MCs | C107: =C106/$P$106 -> 0.12366975 | D107: =D106/$P$106 -> 0.03780799 | E107: =E106/$P$106 -> 0.053593947 | F107: =F106/$P$106 -> 0.14520595 | G107: =G106/$P$106 -> 0.0083306839 | H107: =H106/$P$106 -> 0.010907783 | I107: =I106/$P$106 -> 0.052753521 | J107: =J106/$P$106 -> 0.038767624 | ... N107: =N106/$P$106 -> 0.0010212188
B108: %ges w/o MCs | C108: =C106/$O$106 -> 0.24889307 | D108: =D106/$O$106 -> 0.076090931 | E108: =E106/$O$106 -> 0.10786115 | F108: =F106/$O$106 -> 0.29223601 | G108: =G106/$O$106 -> 0.016766019 | H108: =H106/$O$106 -> 0.021952592 | I108: =I106/$O$106 -> 0.10616974 | J108: =J106/$O$106 -> 0.078022254 | ... L108: =L106/$O$106 -> 0.13298512 | N108: =N106/$O$106 -> 0.0020552663

Sheet 78
B1: Consultancy services for Preparation of Expressway Development Master Plan (EDMP) for Uganda
B2: MANUAL CLASSIFIED COUNT (MCC)
B3: ROAD NAME: | C3: MCC - C3 - STN78-MASAKA-MUTUKULA ROAD
C5: Date | D5: AVERAGE WEEK | F5: Location | G5: ='[2]Avg Week Kyotera-Masaka'!G5:H5 -> KIRIMYA POLICE | J5: Surveyor | K5: ='[2]Avg Week Kyotera-Masaka'!K5:L5 -> XXXX
C6: Dir. From | D6: BOTH DIRECTIONS | F6: Dir. To | G6: BOTH DIRECTIONS | J6: Supervisor | K6: ='[2]Avg Week Kyotera-Masaka'!K6:L6 -> KETRA
B8: Time / Veh Type | R8: SUMMARY TRAFFIC VOLUMES
C9: 1. Car | D9: 2. Station Wagon | E9: 3. Pickups | F9: 4. Minibus, matatu | G9: 5. Medium bus | H9: 6. Large Bus | I9: 7. Light Truck | J9: 8. Medium Truck | K9: 9. Heavy truck | L9: 10. Truck Trailer | M9: 11. Motor cycles | N9: 12. Tractors | O9: Total Excl M/Cycles | P9: Total All | R9: Time | S9: 1. Car | T9: 2. Station Wagon | U9: 3. Pickups | V9: 4. Minibus, matatu | W9: 5. Medium bus | X9: 6. Large Bus | Y9: 7. Light Truck | Z9: 8. Medium Truck | AA9: 9. Heavy truck | AB9: 10. Truck Trailer | AC9: 11. Motorcycles | AD9: 12. Tractors, Graders | AE9: Total Excl M/ Cycles | AF9: Total All
B10: 07.00 - 07.15 | C10: ='[2]Avg Week Masaka-Kyotera'!C10+'[2]Avg Week Kyotera-Masaka'!C10 -> 16.857143 | D10: ='[2]Avg Week Masaka-Kyotera'!D10+'[2]Avg Week Kyotera-Masaka'!D10 -> 1.4285714 | E10: ='[2]Avg Week Masaka-Kyotera'!E10+'[2]Avg Week Kyotera-Masaka'!E10 -> 4.4285714 | F10: ='[2]Avg Week Masaka-Kyotera'!F10+'[2]Avg Week Kyotera-Masaka'!F10 -> 7.5714286 | G10: ='[2]Avg Week Masaka-Kyotera'!G10+'[2]Avg Week Kyotera-Masaka'!G10 -> 0.42857143 | H10: ='[2]Avg Week Masaka-Kyotera'!H10+'[2]Avg Week Kyotera-Masaka'!H10 -> 0 | I10: ='[2]Avg Week Masaka-Kyotera'!I10+'[2]Avg Week Kyotera-Masaka'!I10 -> 3.7142857 | J10: ='[2]Avg Week Masaka-Kyotera'!J10+'[2]Avg Week Kyotera-Masaka'!J10 -> 1.5714286 | ... N10: ='[2]Avg Week Masaka-Kyotera'!N10+'[2]Avg Week Kyotera-Masaka'!N10 -> 0 | O10: =SUM(C10:L10,N10) -> 38 | P10: =SUM(C10:N10) -> 90.571429 | R10: 0700-0800 | S10: =SUM(C10:C13) -> 66.428571 | T10: =SUM(D10:D13) -> 6.1428571 | U10: =SUM(E10:E13) -> 10.428571 | V10: =SUM(F10:F13) -> 30 | W10: =SUM(G10:G13) -> 1.1428571 | X10: =SUM(H10:H13) -> 0.42857143 | Y10: =SUM(I10:I13) -> 11.714286 | Z10: =SUM(J10:J13) -> 6.1428571 | ... AF10: =SUM(P10:P13) -> 393.28571
B11: 07.15 - 07.30 | C11: ='[2]Avg Week Masaka-Kyotera'!C11+'[2]Avg Week Kyotera-Masaka'!C11 -> 16.571429 | D11: ='[2]Avg Week Masaka-Kyotera'!D11+'[2]Avg Week Kyotera-Masaka'!D11 -> 1.7142857 | E11: ='[2]Avg Week Masaka-Kyotera'!E11+'[2]Avg Week Kyotera-Masaka'!E11 -> 2.4285714 | F11: ='[2]Avg Week Masaka-Kyotera'!F11+'[2]Avg Week Kyotera-Masaka'!F11 -> 7.1428571 | G11: ='[2]Avg Week Masaka-Kyotera'!G11+'[2]Avg Week Kyotera-Masaka'!G11 -> 0.28571429 | H11: ='[2]Avg Week Masaka-Kyotera'!H11+'[2]Avg Week Kyotera-Masaka'!H11 -> 0 | I11: ='[2]Avg Week Masaka-Kyotera'!I11+'[2]Avg Week Kyotera-Masaka'!I11 -> 3.1428571 | J11: ='[2]Avg Week Masaka-Kyotera'!J11+'[2]Avg Week Kyotera-Masaka'!J11 -> 1.4285714 | ... N11: ='[2]Avg Week Masaka-Kyotera'!N11+'[2]Avg Week Kyotera-Masaka'!N11 -> 0 | O11: =SUM(C11:L11,N11) -> 33.285714 | P11: =SUM(C11:N11) -> 90.142857 | R11: 0800-0900 | S11: =SUM(C14:C17) -> 71.428571 | T11: =SUM(D14:D17) -> 11.714286 | U11: =SUM(E14:E17) -> 9.2857143 | V11: =SUM(F14:F17) -> 28.428571 | W11: =SUM(G14:G17) -> 1.5714286 | X11: =SUM(H14:H17) -> 0.28571429 | Y11: =SUM(I14:I17) -> 10.714286 | Z11: =SUM(J14:J17) -> 7.5714286 | ... AF11: =SUM(P14:P17) -> 479.71429
B12: 07.30 - 07.45 | C12: ='[2]Avg Week Masaka-Kyotera'!C12+'[2]Avg Week Kyotera-Masaka'!C12 -> 16.857143 | D12: ='[2]Avg Week Masaka-Kyotera'!D12+'[2]Avg Week Kyotera-Masaka'!D12 -> 1.5714286 | E12: ='[2]Avg Week Masaka-Kyotera'!E12+'[2]Avg Week Kyotera-Masaka'!E12 -> 1.1428571 | F12: ='[2]Avg Week Masaka-Kyotera'!F12+'[2]Avg Week Kyotera-Masaka'!F12 -> 9 | G12: ='[2]Avg Week Masaka-Kyotera'!G12+'[2]Avg Week Kyotera-Masaka'!G12 -> 0.28571429 | H12: ='[2]Avg Week Masaka-Kyotera'!H12+'[2]Avg Week Kyotera-Masaka'!H12 -> 0.28571429 | I12: ='[2]Avg Week Masaka-Kyotera'!I12+'[2]Avg Week Kyotera-Masaka'!I12 -> 2.7142857 | J12: ='[2]Avg Week Masaka-Kyotera'!J12+'[2]Avg Week Kyotera-Masaka'!J12 -> 1.4285714 | ... N12: ='[2]Avg Week Masaka-Kyotera'!N12+'[2]Avg Week Kyotera-Masaka'!N12 -> 0 | O12: =SUM(C12:L12,N12) -> 34.571429 | P12: =SUM(C12:N12) -> 109.42857 | R12: 0900-1000 | S12: =SUM(C18:C21) -> 88.142857 | T12: =SUM(D18:D21) -> 13.714286 | U12: =SUM(E18:E21) -> 13.285714 | V12: =SUM(F18:F21) -> 39.428571 | W12: =SUM(G18:G21) -> 1.5714286 | X12: =SUM(H18:H21) -> 0.85714286 | Y12: =SUM(I18:I21) -> 14.285714 | Z12: =SUM(J18:J21) -> 6 | ... AF12: =SUM(P18:P21) -> 486.28571
B13: 07.45 - 08.00 | C13: ='[2]Avg Week Masaka-Kyotera'!C13+'[2]Avg Week Kyotera-Masaka'!C13 -> 16.142857 | D13: ='[2]Avg Week Masaka-Kyotera'!D13+'[2]Avg Week Kyotera-Masaka'!D13 -> 1.4285714 | E13: ='[2]Avg Week Masaka-Kyotera'!E13+'[2]Avg Week Kyotera-Masaka'!E13 -> 2.4285714 | F13: ='[2]Avg Week Masaka-Kyotera'!F13+'[2]Avg Week Kyotera-Masaka'!F13 -> 6.2857143 | G13: ='[2]Avg Week Masaka-Kyotera'!G13+'[2]Avg Week Kyotera-Masaka'!G13 -> 0.14285714 | H13: ='[2]Avg Week Masaka-Kyotera'!H13+'[2]Avg Week Kyotera-Masaka'!H13 -> 0.14285714 | I13: ='[2]Avg Week Masaka-Kyotera'!I13+'[2]Avg Week Kyotera-Masaka'!I13 -> 2.1428571 | J13: ='[2]Avg Week Masaka-Kyotera'!J13+'[2]Avg Week Kyotera-Masaka'!J13 -> 1.7142857 | ... N13: ='[2]Avg Week Masaka-Kyotera'!N13+'[2]Avg Week Kyotera-Masaka'!N13 -> 0 | O13: =SUM(C13:L13,N13) -> 31.571429 | P13: =SUM(C13:N13) -> 103.14286 | R13: 1000-1100 | S13: =SUM(C22:C25) -> 94.285714 | T13: =SUM(D22:D25) -> 14.428571 | U13: =SUM(E22:E25) -> 14.857143 | V13: =SUM(F22:F25) -> 39 | W13: =SUM(G22:G25) -> 1.7142857 | X13: =SUM(H22:H25) -> 0.14285714 | Y13: =SUM(I22:I25) -> 13.571429 | Z13: =SUM(J22:J25) -> 7.8571429 | ... AF13: =SUM(P22:P25) -> 484.28571
B14: 08.00 - 08.15 | C14: ='[2]Avg Week Masaka-Kyotera'!C14+'[2]Avg Week Kyotera-Masaka'!C14 -> 19 | D14: ='[2]Avg Week Masaka-Kyotera'!D14+'[2]Avg Week Kyotera-Masaka'!D14 -> 1.4285714 | E14: ='[2]Avg Week Masaka-Kyotera'!E14+'[2]Avg Week Kyotera-Masaka'!E14 -> 1.5714286 | F14: ='[2]Avg Week Masaka-Kyotera'!F14+'[2]Avg Week Kyotera-Masaka'!F14 -> 7.1428571 | G14: ='[2]Avg Week Masaka-Kyotera'!G14+'[2]Avg Week Kyotera-Masaka'!G14 -> 0.71428571 | H14: ='[2]Avg Week Masaka-Kyotera'!H14+'[2]Avg Week Kyotera-Masaka'!H14 -> 0 | I14: ='[2]Avg Week Masaka-Kyotera'!I14+'[2]Avg Week Kyotera-Masaka'!I14 -> 2.4285714 | J14: ='[2]Avg Week Masaka-Kyotera'!J14+'[2]Avg Week Kyotera-Masaka'!J14 -> 1.5714286 | ... N14: ='[2]Avg Week Masaka-Kyotera'!N14+'[2]Avg Week Kyotera-Masaka'!N14 -> 0 | O14: =SUM(C14:L14,N14) -> 34.428571 | P14: =SUM(C14:N14) -> 124 | R14: 1100-1200 | S14: =SUM(C26:C29) -> 93.571429 | T14: =SUM(D26:D29) -> 15.571429 | U14: =SUM(E26:E29) -> 15.285714 | V14: =SUM(F26:F29) -> 35 | W14: =SUM(G26:G29) -> 3.7142857 | X14: =SUM(H26:H29) -> 0 | Y14: =SUM(I26:I29) -> 17.714286 | Z14: =SUM(J26:J29) -> 9.7142857 | ... AF14: =SUM(P26:P29) -> 489.28571
B15: 08.15 - 08.30 | C15: ='[2]Avg Week Masaka-Kyotera'!C15+'[2]Avg Week Kyotera-Masaka'!C15 -> 17.571429 | D15: ='[2]Avg Week Masaka-Kyotera'!D15+'[2]Avg Week Kyotera-Masaka'!D15 -> 3.5714286 | E15: ='[2]Avg Week Masaka-Kyotera'!E15+'[2]Avg Week Kyotera-Masaka'!E15 -> 2.1428571 | F15: ='[2]Avg Week Masaka-Kyotera'!F15+'[2]Avg Week Kyotera-Masaka'!F15 -> 6 | G15: ='[2]Avg Week Masaka-Kyotera'!G15+'[2]Avg Week Kyotera-Masaka'!G15 -> 0.42857143 | H15: ='[2]Avg Week Masaka-Kyotera'!H15+'[2]Avg Week Kyotera-Masaka'!H15 -> 0 | I15: ='[2]Avg Week Masaka-Kyotera'!I15+'[2]Avg Week Kyotera-Masaka'!I15 -> 2.4285714 | J15: ='[2]Avg Week Masaka-Kyotera'!J15+'[2]Avg Week Kyotera-Masaka'!J15 -> 2 | ... N15: ='[2]Avg Week Masaka-Kyotera'!N15+'[2]Avg Week Kyotera-Masaka'!N15 -> 0 | O15: =SUM(C15:L15,N15) -> 34.714286 | P15: =SUM(C15:N15) -> 121.71429 | R15: 1200-1300 | S15: =SUM(C30:C33) -> 94.428571 | T15: =SUM(D30:D33) -> 19 | U15: =SUM(E30:E33) -> 13.714286 | V15: =SUM(F30:F33) -> 35.285714 | W15: =SUM(G30:G33) -> 3.1428571 | X15: =SUM(H30:H33) -> 0 | Y15: =SUM(I30:I33) -> 15.571429 | Z15: =SUM(J30:J33) -> 6.2857143 | ... AF15: =SUM(P30:P33) -> 479.14286
B16: 08.30 - 08.45 | C16: ='[2]Avg Week Masaka-Kyotera'!C16+'[2]Avg Week Kyotera-Masaka'!C16 -> 17.714286 | D16: ='[2]Avg Week Masaka-Kyotera'!D16+'[2]Avg Week Kyotera-Masaka'!D16 -> 3.8571429 | E16: ='[2]Avg Week Masaka-Kyotera'!E16+'[2]Avg Week Kyotera-Masaka'!E16 -> 3 | F16: ='[2]Avg Week Masaka-Kyotera'!F16+'[2]Avg Week Kyotera-Masaka'!F16 -> 8.1428571 | G16: ='[2]Avg Week Masaka-Kyotera'!G16+'[2]Avg Week Kyotera-Masaka'!G16 -> 0.42857143 | H16: ='[2]Avg Week Masaka-Kyotera'!H16+'[2]Avg Week Kyotera-Masaka'!H16 -> 0 | I16: ='[2]Avg Week Masaka-Kyotera'!I16+'[2]Avg Week Kyotera-Masaka'!I16 -> 4 | J16: ='[2]Avg Week Masaka-Kyotera'!J16+'[2]Avg Week Kyotera-Masaka'!J16 -> 2 | ... N16: ='[2]Avg Week Masaka-Kyotera'!N16+'[2]Avg Week Kyotera-Masaka'!N16 -> 0 | O16: =SUM(C16:L16,N16) -> 41.428571 | P16: =SUM(C16:N16) -> 122.28571 | R16: 1300-1400 | S16: =SUM(C34:C37) -> 100.28571 | T16: =SUM(D34:D37) -> 16.714286 | U16: =SUM(E34:E37) -> 16.571429 | V16: =SUM(F34:F37) -> 40 | W16: =SUM(G34:G37) -> 4.2857143 | X16: =SUM(H34:H37) -> 0.28571429 | Y16: =SUM(I34:I37) -> 17.428571 | Z16: =SUM(J34:J37) -> 8.4285714 | ... AF16: =SUM(P34:P37) -> 475
B17: 08.45 - 9.00 | C17: ='[2]Avg Week Masaka-Kyotera'!C17+'[2]Avg Week Kyotera-Masaka'!C17 -> 17.142857 | D17: ='[2]Avg Week Masaka-Kyotera'!D17+'[2]Avg Week Kyotera-Masaka'!D17 -> 2.8571429 | E17: ='[2]Avg Week Masaka-Kyotera'!E17+'[2]Avg Week Kyotera-Masaka'!E17 -> 2.5714286 | F17: ='[2]Avg Week Masaka-Kyotera'!F17+'[2]Avg Week Kyotera-Masaka'!F17 -> 7.1428571 | G17: ='[2]Avg Week Masaka-Kyotera'!G17+'[2]Avg Week Kyotera-Masaka'!G17 -> 0 | H17: ='[2]Avg Week Masaka-Kyotera'!H17+'[2]Avg Week Kyotera-Masaka'!H17 -> 0.28571429 | I17: ='[2]Avg Week Masaka-Kyotera'!I17+'[2]Avg Week Kyotera-Masaka'!I17 -> 1.8571429 | J17: ='[2]Avg Week Masaka-Kyotera'!J17+'[2]Avg Week Kyotera-Masaka'!J17 -> 2 | ... N17: ='[2]Avg Week Masaka-Kyotera'!N17+'[2]Avg Week Kyotera-Masaka'!N17 -> 0 | O17: =SUM(C17:L17,N17) -> 35.428571 | P17: =SUM(C17:N17) -> 111.71429 | R17: 1400-1500 | S17: =SUM(C38:C41) -> 89.857143 | T17: =SUM(D38:D41) -> 14.428571 | U17: =SUM(E38:E41) -> 11.285714 | V17: =SUM(F38:F41) -> 36.142857 | W17: =SUM(G38:G41) -> 3.2857143 | X17: =SUM(H38:H41) -> 0.28571429 | Y17: =SUM(I38:I41) -> 15.142857 | Z17: =SUM(J38:J41) -> 9.7142857 | ... AF17: =SUM(P38:P41) -> 453.28571
B18: 09.00 - 09.15 | C18: ='[2]Avg Week Masaka-Kyotera'!C18+'[2]Avg Week Kyotera-Masaka'!C18 -> 20.571429 | D18: ='[2]Avg Week Masaka-Kyotera'!D18+'[2]Avg Week Kyotera-Masaka'!D18 -> 2.2857143 | E18: ='[2]Avg Week Masaka-Kyotera'!E18+'[2]Avg Week Kyotera-Masaka'!E18 -> 2.5714286 | F18: ='[2]Avg Week Masaka-Kyotera'!F18+'[2]Avg Week Kyotera-Masaka'!F18 -> 8.1428571 | G18: ='[2]Avg Week Masaka-Kyotera'!G18+'[2]Avg Week Kyotera-Masaka'!G18 -> 0.28571429 | H18: ='[2]Avg Week Masaka-Kyotera'!H18+'[2]Avg Week Kyotera-Masaka'!H18 -> 0.42857143 | I18: ='[2]Avg Week Masaka-Kyotera'!I18+'[2]Avg Week Kyotera-Masaka'!I18 -> 3.2857143 | J18: ='[2]Avg Week Masaka-Kyotera'!J18+'[2]Avg Week Kyotera-Masaka'!J18 -> 1 | ... N18: ='[2]Avg Week Masaka-Kyotera'!N18+'[2]Avg Week Kyotera-Masaka'!N18 -> 0 | O18: =SUM(C18:L18,N18) -> 40.428571 | P18: =SUM(C18:N18) -> 115.85714 | R18: 1500-1600 | S18: =SUM(C42:C45) -> 99.285714 | T18: =SUM(D42:D45) -> 15 | U18: =SUM(E42:E45) -> 15.571429 | V18: =SUM(F42:F45) -> 42.571429 | W18: =SUM(G42:G45) -> 3.8571429 | X18: =SUM(H42:H45) -> 0.14285714 | Y18: =SUM(I42:I45) -> 15 | Z18: =SUM(J42:J45) -> 8.4285714 | ... AF18: =SUM(P42:P45) -> 492.57143
B19: 09.15 - 09.30 | C19: ='[2]Avg Week Masaka-Kyotera'!C19+'[2]Avg Week Kyotera-Masaka'!C19 -> 22.285714 | D19: ='[2]Avg Week Masaka-Kyotera'!D19+'[2]Avg Week Kyotera-Masaka'!D19 -> 3.4285714 | E19: ='[2]Avg Week Masaka-Kyotera'!E19+'[2]Avg Week Kyotera-Masaka'!E19 -> 3.1428571 | F19: ='[2]Avg Week Masaka-Kyotera'!F19+'[2]Avg Week Kyotera-Masaka'!F19 -> 9.5714286 | G19: ='[2]Avg Week Masaka-Kyotera'!G19+'[2]Avg Week Kyotera-Masaka'!G19 -> 0.57142857 | H19: ='[2]Avg Week Masaka-Kyotera'!H19+'[2]Avg Week Kyotera-Masaka'!H19 -> 0 | I19: ='[2]Avg Week Masaka-Kyotera'!I19+'[2]Avg Week Kyotera-Masaka'!I19 -> 4 | J19: ='[2]Avg Week Masaka-Kyotera'!J19+'[2]Avg Week Kyotera-Masaka'!J19 -> 1 | ... N19: ='[2]Avg Week Masaka-Kyotera'!N19+'[2]Avg Week Kyotera-Masaka'!N19 -> 0 | O19: =SUM(C19:L19,N19) -> 45.571429 | P19: =SUM(C19:N19) -> 118 | R19: 1600-1700 | S19: =SUM(C46:C49) -> 110.28571 | T19: =SUM(D46:D49) -> 24.714286 | U19: =SUM(E46:E49) -> 20.857143 | V19: =SUM(F46:F49) -> 47.571429 | W19: =SUM(G46:G49) -> 5 | X19: =SUM(H46:H49) -> 0.14285714 | Y19: =SUM(I46:I49) -> 18.428571 | Z19: =SUM(J46:J49) -> 9.8571429 | ... AF19: =SUM(P46:P49) -> 553.42857
B20: 09.30 - 09.45 | C20: ='[2]Avg Week Masaka-Kyotera'!C20+'[2]Avg Week Kyotera-Masaka'!C20 -> 22 | D20: ='[2]Avg Week Masaka-Kyotera'!D20+'[2]Avg Week Kyotera-Masaka'!D20 -> 4.2857143 | E20: ='[2]Avg Week Masaka-Kyotera'!E20+'[2]Avg Week Kyotera-Masaka'!E20 -> 3.8571429 | F20: ='[2]Avg Week Masaka-Kyotera'!F20+'[2]Avg Week Kyotera-Masaka'!F20 -> 10.285714 | G20: ='[2]Avg Week Masaka-Kyotera'!G20+'[2]Avg Week Kyotera-Masaka'!G20 -> 0.28571429 | H20: ='[2]Avg Week Masaka-Kyotera'!H20+'[2]Avg Week Kyotera-Masaka'!H20 -> 0.14285714 | I20: ='[2]Avg Week Masaka-Kyotera'!I20+'[2]Avg Week Kyotera-Masaka'!I20 -> 3.5714286 | J20: ='[2]Avg Week Masaka-Kyotera'!J20+'[2]Avg Week Kyotera-Masaka'!J20 -> 2 | ... N20: ='[2]Avg Week Masaka-Kyotera'!N20+'[2]Avg Week Kyotera-Masaka'!N20 -> 0 | O20: =SUM(C20:L20,N20) -> 47.714286 | P20: =SUM(C20:N20) -> 116.42857 | R20: 1700-1800 | S20: =SUM(C50:C53) -> 121.14286 | T20: =SUM(D50:D53) -> 23.714286 | U20: =SUM(E50:E53) -> 17.714286 | V20: =SUM(F50:F53) -> 53.428571 | W20: =SUM(G50:G53) -> 6.8571429 | X20: =SUM(H50:H53) -> 1.4285714 | Y20: =SUM(I50:I53) -> 19.571429 | Z20: =SUM(J50:J53) -> 13 | ... AF20: =SUM(P50:P53) -> 592.14286
B21: 09.45 - 10.00 | C21: ='[2]Avg Week Masaka-Kyotera'!C21+'[2]Avg Week Kyotera-Masaka'!C21 -> 23.285714 | D21: ='[2]Avg Week Masaka-Kyotera'!D21+'[2]Avg Week Kyotera-Masaka'!D21 -> 3.7142857 | E21: ='[2]Avg Week Masaka-Kyotera'!E21+'[2]Avg Week Kyotera-Masaka'!E21 -> 3.7142857 | F21: ='[2]Avg Week Masaka-Kyotera'!F21+'[2]Avg Week Kyotera-Masaka'!F21 -> 11.428571 | G21: ='[2]Avg Week Masaka-Kyotera'!G21+'[2]Avg Week Kyotera-Masaka'!G21 -> 0.42857143 | H21: ='[2]Avg Week Masaka-Kyotera'!H21+'[2]Avg Week Kyotera-Masaka'!H21 -> 0.28571429 | I21: ='[2]Avg Week Masaka-Kyotera'!I21+'[2]Avg Week Kyotera-Masaka'!I21 -> 3.4285714 | J21: ='[2]Avg Week Masaka-Kyotera'!J21+'[2]Avg Week Kyotera-Masaka'!J21 -> 2 | ... N21: ='[2]Avg Week Masaka-Kyotera'!N21+'[2]Avg Week Kyotera-Masaka'!N21 -> 0.28571429 | O21: =SUM(C21:L21,N21) -> 50.571429 | P21: =SUM(C21:N21) -> 136 | R21: 1800-1900 | S21: =SUM(C54:C57) -> 107.85714 | T21: =SUM(D54:D57) -> 16.428571 | U21: =SUM(E54:E57) -> 15.714286 | V21: =SUM(F54:F57) -> 49.142857 | W21: =SUM(G54:G57) -> 8.4285714 | X21: =SUM(H54:H57) -> 1.7142857 | Y21: =SUM(I54:I57) -> 21.428571 | Z21: =SUM(J54:J57) -> 16.142857 | ... AF21: =SUM(P54:P57) -> 569.71429
B22: 10.00 - 10.15 | C22: ='[2]Avg Week Masaka-Kyotera'!C22+'[2]Avg Week Kyotera-Masaka'!C22 -> 24.142857 | D22: ='[2]Avg Week Masaka-Kyotera'!D22+'[2]Avg Week Kyotera-Masaka'!D22 -> 4.7142857 | E22: ='[2]Avg Week Masaka-Kyotera'!E22+'[2]Avg Week Kyotera-Masaka'!E22 -> 4.2857143 | F22: ='[2]Avg Week Masaka-Kyotera'!F22+'[2]Avg Week Kyotera-Masaka'!F22 -> 10.857143 | G22: ='[2]Avg Week Masaka-Kyotera'!G22+'[2]Avg Week Kyotera-Masaka'!G22 -> 0.71428571 | H22: ='[2]Avg Week Masaka-Kyotera'!H22+'[2]Avg Week Kyotera-Masaka'!H22 -> 0 | I22: ='[2]Avg Week Masaka-Kyotera'!I22+'[2]Avg Week Kyotera-Masaka'!I22 -> 2.7142857 | J22: ='[2]Avg Week Masaka-Kyotera'!J22+'[2]Avg Week Kyotera-Masaka'!J22 -> 2 | ... N22: ='[2]Avg Week Masaka-Kyotera'!N22+'[2]Avg Week Kyotera-Masaka'!N22 -> 0.14285714 | O22: =SUM(C22:L22,N22) -> 50.714286 | P22: =SUM(C22:N22) -> 120.71429 | R22: 1900-2000 | S22: =SUM(C58:C61) -> 169.5 | T22: =SUM(D58:D61) -> 9 | U22: =SUM(E58:E61) -> 14 | V22: =SUM(F58:F61) -> 42 | W22: =SUM(G58:G61) -> 4.5 | X22: =SUM(H58:H61) -> 0 | Y22: =SUM(I58:I61) -> 20 | Z22: =SUM(J58:J61) -> 18.5 | ... AF22: =SUM(P58:P61) -> 599.5
B23: 10.15 - 10.30 | C23: ='[2]Avg Week Masaka-Kyotera'!C23+'[2]Avg Week Kyotera-Masaka'!C23 -> 24.857143 | D23: ='[2]Avg Week Masaka-Kyotera'!D23+'[2]Avg Week Kyotera-Masaka'!D23 -> 1.7142857 | E23: ='[2]Avg Week Masaka-Kyotera'!E23+'[2]Avg Week Kyotera-Masaka'!E23 -> 3.4285714 | F23: ='[2]Avg Week Masaka-Kyotera'!F23+'[2]Avg Week Kyotera-Masaka'!F23 -> 7.5714286 | G23: ='[2]Avg Week Masaka-Kyotera'!G23+'[2]Avg Week Kyotera-Masaka'!G23 -> 0.28571429 | H23: ='[2]Avg Week Masaka-Kyotera'!H23+'[2]Avg Week Kyotera-Masaka'!H23 -> 0 | I23: ='[2]Avg Week Masaka-Kyotera'!I23+'[2]Avg Week Kyotera-Masaka'!I23 -> 3.5714286 | J23: ='[2]Avg Week Masaka-Kyotera'!J23+'[2]Avg Week Kyotera-Masaka'!J23 -> 2 | ... N23: ='[2]Avg Week Masaka-Kyotera'!N23+'[2]Avg Week Kyotera-Masaka'!N23 -> 0 | O23: =SUM(C23:L23,N23) -> 44.571429 | P23: =SUM(C23:N23) -> 112.57143 | R23: 2000-2100 | S23: =SUM(C62:C65) -> 128 | T23: =SUM(D62:D65) -> 7.5 | U23: =SUM(E62:E65) -> 10.5 | V23: =SUM(F62:F65) -> 25 | W23: =SUM(G62:G65) -> 4.5 | X23: =SUM(H62:H65) -> 2 | Y23: =SUM(I62:I65) -> 18.5 | Z23: =SUM(J62:J65) -> 27.5 | ... AF23: =SUM(P62:P65) -> 489
B24: 10.30 - 10.45 | C24: ='[2]Avg Week Masaka-Kyotera'!C24+'[2]Avg Week Kyotera-Masaka'!C24 -> 25.285714 | D24: ='[2]Avg Week Masaka-Kyotera'!D24+'[2]Avg Week Kyotera-Masaka'!D24 -> 3.2857143 | E24: ='[2]Avg Week Masaka-Kyotera'!E24+'[2]Avg Week Kyotera-Masaka'!E24 -> 3 | F24: ='[2]Avg Week Masaka-Kyotera'!F24+'[2]Avg Week Kyotera-Masaka'!F24 -> 11.571429 | G24: ='[2]Avg Week Masaka-Kyotera'!G24+'[2]Avg Week Kyotera-Masaka'!G24 -> 0.42857143 | H24: ='[2]Avg Week Masaka-Kyotera'!H24+'[2]Avg Week Kyotera-Masaka'!H24 -> 0 | I24: ='[2]Avg Week Masaka-Kyotera'!I24+'[2]Avg Week Kyotera-Masaka'!I24 -> 3.8571429 | J24: ='[2]Avg Week Masaka-Kyotera'!J24+'[2]Avg Week Kyotera-Masaka'!J24 -> 1 | ... N24: ='[2]Avg Week Masaka-Kyotera'!N24+'[2]Avg Week Kyotera-Masaka'!N24 -> 0 | O24: =SUM(C24:L24,N24) -> 50.142857 | P24: =SUM(C24:N24) -> 131.85714 | R24: 2100-2200 | S24: =SUM(C66:C69) -> 89 | T24: =SUM(D66:D69) -> 6.5 | U24: =SUM(E66:E69) -> 5 | V24: =SUM(F66:F69) -> 22.5 | W24: =SUM(G66:G69) -> 3.5 | X24: =SUM(H66:H69) -> 0 | Y24: =SUM(I66:I69) -> 8 | Z24: =SUM(J66:J69) -> 26 | ... AF24: =SUM(P66:P69) -> 342.5
B25: 10.45 - 11.00 | C25: ='[2]Avg Week Masaka-Kyotera'!C25+'[2]Avg Week Kyotera-Masaka'!C25 -> 20 | D25: ='[2]Avg Week Masaka-Kyotera'!D25+'[2]Avg Week Kyotera-Masaka'!D25 -> 4.7142857 | E25: ='[2]Avg Week Masaka-Kyotera'!E25+'[2]Avg Week Kyotera-Masaka'!E25 -> 4.1428571 | F25: ='[2]Avg Week Masaka-Kyotera'!F25+'[2]Avg Week Kyotera-Masaka'!F25 -> 9 | G25: ='[2]Avg Week Masaka-Kyotera'!G25+'[2]Avg Week Kyotera-Masaka'!G25 -> 0.28571429 | H25: ='[2]Avg Week Masaka-Kyotera'!H25+'[2]Avg Week Kyotera-Masaka'!H25 -> 0.14285714 | I25: ='[2]Avg Week Masaka-Kyotera'!I25+'[2]Avg Week Kyotera-Masaka'!I25 -> 3.4285714 | J25: ='[2]Avg Week Masaka-Kyotera'!J25+'[2]Avg Week Kyotera-Masaka'!J25 -> 2.8571429 | ... N25: ='[2]Avg Week Masaka-Kyotera'!N25+'[2]Avg Week Kyotera-Masaka'!N25 -> 0 | O25: =SUM(C25:L25,N25) -> 46.571429 | P25: =SUM(C25:N25) -> 119.14286 | R25: 2200-2300 | S25: =SUM(C70:C73) -> 60.5 | T25: =SUM(D70:D73) -> 2.5 | U25: =SUM(E70:E73) -> 3 | V25: =SUM(F70:F73) -> 15.5 | W25: =SUM(G70:G73) -> 2.5 | X25: =SUM(H70:H73) -> 1 | Y25: =SUM(I70:I73) -> 14 | Z25: =SUM(J70:J73) -> 21 | ... AF25: =SUM(P70:P73) -> 228.5
B26: 11.00 - 11.15 | C26: ='[2]Avg Week Masaka-Kyotera'!C26+'[2]Avg Week Kyotera-Masaka'!C26 -> 23.142857 | D26: ='[2]Avg Week Masaka-Kyotera'!D26+'[2]Avg Week Kyotera-Masaka'!D26 -> 3 | E26: ='[2]Avg Week Masaka-Kyotera'!E26+'[2]Avg Week Kyotera-Masaka'!E26 -> 4.1428571 | F26: ='[2]Avg Week Masaka-Kyotera'!F26+'[2]Avg Week Kyotera-Masaka'!F26 -> 9.7142857 | G26: ='[2]Avg Week Masaka-Kyotera'!G26+'[2]Avg Week Kyotera-Masaka'!G26 -> 0.57142857 | H26: ='[2]Avg Week Masaka-Kyotera'!H26+'[2]Avg Week Kyotera-Masaka'!H26 -> 0 | I26: ='[2]Avg Week Masaka-Kyotera'!I26+'[2]Avg Week Kyotera-Masaka'!I26 -> 4.4285714 | J26: ='[2]Avg Week Masaka-Kyotera'!J26+'[2]Avg Week Kyotera-Masaka'!J26 -> 3.4285714 | ... N26: ='[2]Avg Week Masaka-Kyotera'!N26+'[2]Avg Week Kyotera-Masaka'!N26 -> 0 | O26: =SUM(C26:L26,N26) -> 50.714286 | P26: =SUM(C26:N26) -> 131.14286 | R26: 2300-0000 | S26: =SUM(C74:C77) -> 37 | T26: =SUM(D74:D77) -> 1.5 | U26: =SUM(E74:E77) -> 2 | V26: =SUM(F74:F77) -> 7.5 | W26: =SUM(G74:G77) -> 3 | X26: =SUM(H74:H77) -> 0 | Y26: =SUM(I74:I77) -> 5.5 | Z26: =SUM(J74:J77) -> 24.5 | ... AF26: =SUM(P74:P77) -> 152
B27: 11.15 - 11.30 | C27: ='[2]Avg Week Masaka-Kyotera'!C27+'[2]Avg Week Kyotera-Masaka'!C27 -> 22.857143 | D27: ='[2]Avg Week Masaka-Kyotera'!D27+'[2]Avg Week Kyotera-Masaka'!D27 -> 4.8571429 | E27: ='[2]Avg Week Masaka-Kyotera'!E27+'[2]Avg Week Kyotera-Masaka'!E27 -> 3.2857143 | F27: ='[2]Avg Week Masaka-Kyotera'!F27+'[2]Avg Week Kyotera-Masaka'!F27 -> 8 | G27: ='[2]Avg Week Masaka-Kyotera'!G27+'[2]Avg Week Kyotera-Masaka'!G27 -> 1.8571429 | H27: ='[2]Avg Week Masaka-Kyotera'!H27+'[2]Avg Week Kyotera-Masaka'!H27 -> 0 | I27: ='[2]Avg Week Masaka-Kyotera'!I27+'[2]Avg Week Kyotera-Masaka'!I27 -> 5.1428571 | J27: ='[2]Avg Week Masaka-Kyotera'!J27+'[2]Avg Week Kyotera-Masaka'!J27 -> 2.7142857 | ... N27: ='[2]Avg Week Masaka-Kyotera'!N27+'[2]Avg Week Kyotera-Masaka'!N27 -> 0 | O27: =SUM(C27:L27,N27) -> 50 | P27: =SUM(C27:N27) -> 127.28571 | R27: 0000-0100 | S27: =SUM(C78:C81) -> 21.5 | T27: =SUM(D78:D81) -> 2 | U27: =SUM(E78:E81) -> 1.5 | V27: =SUM(F78:F81) -> 7 | W27: =SUM(G78:G81) -> 1 | X27: =SUM(H78:H81) -> 0 | Y27: =SUM(I78:I81) -> 7.5 | Z27: =SUM(J78:J81) -> 17.5 | ... AF27: =SUM(P78:P81) -> 97
B28: 11.30 - 11.45 | C28: ='[2]Avg Week Masaka-Kyotera'!C28+'[2]Avg Week Kyotera-Masaka'!C28 -> 25.142857 | D28: ='[2]Avg Week Masaka-Kyotera'!D28+'[2]Avg Week Kyotera-Masaka'!D28 -> 4 | E28: ='[2]Avg Week Masaka-Kyotera'!E28+'[2]Avg Week Kyotera-Masaka'!E28 -> 3.7142857 | F28: ='[2]Avg Week Masaka-Kyotera'!F28+'[2]Avg Week Kyotera-Masaka'!F28 -> 9.5714286 | G28: ='[2]Avg Week Masaka-Kyotera'!G28+'[2]Avg Week Kyotera-Masaka'!G28 -> 0.85714286 | H28: ='[2]Avg Week Masaka-Kyotera'!H28+'[2]Avg Week Kyotera-Masaka'!H28 -> 0 | I28: ='[2]Avg Week Masaka-Kyotera'!I28+'[2]Avg Week Kyotera-Masaka'!I28 -> 4.8571429 | J28: ='[2]Avg Week Masaka-Kyotera'!J28+'[2]Avg Week Kyotera-Masaka'!J28 -> 1.7142857 | ... N28: ='[2]Avg Week Masaka-Kyotera'!N28+'[2]Avg Week Kyotera-Masaka'!N28 -> 0 | O28: =SUM(C28:L28,N28) -> 52 | P28: =SUM(C28:N28) -> 121.71429 | R28: 0100-0200 | S28: =SUM(C82:C85) -> 12 | T28: =SUM(D82:D85) -> 0 | U28: =SUM(E82:E85) -> 1 | V28: =SUM(F82:F85) -> 5.5 | W28: =SUM(G82:G85) -> 1 | X28: =SUM(H82:H85) -> 0.5 | Y28: =SUM(I82:I85) -> 4 | Z28: =SUM(J82:J85) -> 25 | ... AF28: =SUM(P82:P85) -> 82
B29: 11.45 - 12.00 | C29: ='[2]Avg Week Masaka-Kyotera'!C29+'[2]Avg Week Kyotera-Masaka'!C29 -> 22.428571 | D29: ='[2]Avg Week Masaka-Kyotera'!D29+'[2]Avg Week Kyotera-Masaka'!D29 -> 3.7142857 | E29: ='[2]Avg Week Masaka-Kyotera'!E29+'[2]Avg Week Kyotera-Masaka'!E29 -> 4.1428571 | F29: ='[2]Avg Week Masaka-Kyotera'!F29+'[2]Avg Week Kyotera-Masaka'!F29 -> 7.7142857 | G29: ='[2]Avg Week Masaka-Kyotera'!G29+'[2]Avg Week Kyotera-Masaka'!G29 -> 0.42857143 | H29: ='[2]Avg Week Masaka-Kyotera'!H29+'[2]Avg Week Kyotera-Masaka'!H29 -> 0 | I29: ='[2]Avg Week Masaka-Kyotera'!I29+'[2]Avg Week Kyotera-Masaka'!I29 -> 3.2857143 | J29: ='[2]Avg Week Masaka-Kyotera'!J29+'[2]Avg Week Kyotera-Masaka'!J29 -> 1.8571429 | ... N29: ='[2]Avg Week Masaka-Kyotera'!N29+'[2]Avg Week Kyotera-Masaka'!N29 -> 0 | O29: =SUM(C29:L29,N29) -> 44.428571 | P29: =SUM(C29:N29) -> 109.14286 | R29: 0200-0300 | S29: =SUM(C86:C89) -> 7.5 | T29: =SUM(D86:D89) -> 0.5 | U29: =SUM(E86:E89) -> 1.5 | V29: =SUM(F86:F89) -> 2 | W29: =SUM(G86:G89) -> 0 | X29: =SUM(H86:H89) -> 3 | Y29: =SUM(I86:I89) -> 2 | Z29: =SUM(J86:J89) -> 9.5 | ... AF29: =SUM(P86:P89) -> 40.5
B30: 12.00 - 12.15 | C30: ='[2]Avg Week Masaka-Kyotera'!C30+'[2]Avg Week Kyotera-Masaka'!C30 -> 25.428571 | D30: ='[2]Avg Week Masaka-Kyotera'!D30+'[2]Avg Week Kyotera-Masaka'!D30 -> 3.2857143 | E30: ='[2]Avg Week Masaka-Kyotera'!E30+'[2]Avg Week Kyotera-Masaka'!E30 -> 2.7142857 | F30: ='[2]Avg Week Masaka-Kyotera'!F30+'[2]Avg Week Kyotera-Masaka'!F30 -> 8 | G30: ='[2]Avg Week Masaka-Kyotera'!G30+'[2]Avg Week Kyotera-Masaka'!G30 -> 0.85714286 | H30: ='[2]Avg Week Masaka-Kyotera'!H30+'[2]Avg Week Kyotera-Masaka'!H30 -> 0 | I30: ='[2]Avg Week Masaka-Kyotera'!I30+'[2]Avg Week Kyotera-Masaka'!I30 -> 2.8571429 | J30: ='[2]Avg Week Masaka-Kyotera'!J30+'[2]Avg Week Kyotera-Masaka'!J30 -> 0.71428571 | ... N30: ='[2]Avg Week Masaka-Kyotera'!N30+'[2]Avg Week Kyotera-Masaka'!N30 -> 0 | O30: =SUM(C30:L30,N30) -> 45.571429 | P30: =SUM(C30:N30) -> 111.42857 | R30: 0300-0400 | S30: =SUM(C90:C93) -> 10.5 | T30: =SUM(D90:D93) -> 0.5 | U30: =SUM(E90:E93) -> 1.5 | V30: =SUM(F90:F93) -> 1 | W30: =SUM(G90:G93) -> 0.5 | X30: =SUM(H90:H93) -> 1 | Y30: =SUM(I90:I93) -> 3 | Z30: =SUM(J90:J93) -> 10 | ... AF30: =SUM(P90:P93) -> 47
B31: 12.15 - 12.30 | C31: ='[2]Avg Week Masaka-Kyotera'!C31+'[2]Avg Week Kyotera-Masaka'!C31 -> 24.285714 | D31: ='[2]Avg Week Masaka-Kyotera'!D31+'[2]Avg Week Kyotera-Masaka'!D31 -> 4.7142857 | E31: ='[2]Avg Week Masaka-Kyotera'!E31+'[2]Avg Week Kyotera-Masaka'!E31 -> 4.2857143 | F31: ='[2]Avg Week Masaka-Kyotera'!F31+'[2]Avg Week Kyotera-Masaka'!F31 -> 9.7142857 | G31: ='[2]Avg Week Masaka-Kyotera'!G31+'[2]Avg Week Kyotera-Masaka'!G31 -> 1 | H31: ='[2]Avg Week Masaka-Kyotera'!H31+'[2]Avg Week Kyotera-Masaka'!H31 -> 0 | I31: ='[2]Avg Week Masaka-Kyotera'!I31+'[2]Avg Week Kyotera-Masaka'!I31 -> 4.5714286 | J31: ='[2]Avg Week Masaka-Kyotera'!J31+'[2]Avg Week Kyotera-Masaka'!J31 -> 1.8571429 | ... N31: ='[2]Avg Week Masaka-Kyotera'!N31+'[2]Avg Week Kyotera-Masaka'!N31 -> 0 | O31: =SUM(C31:L31,N31) -> 51.571429 | P31: =SUM(C31:N31) -> 125.42857 | R31: 0400-0500 | S31: =SUM(C94:C97) -> 5 | T31: =SUM(D94:D97) -> 0 | U31: =SUM(E94:E97) -> 1 | V31: =SUM(F94:F97) -> 3 | W31: =SUM(G94:G97) -> 1.5 | X31: =SUM(H94:H97) -> 0 | Y31: =SUM(I94:I97) -> 2 | Z31: =SUM(J94:J97) -> 11 | ... AF31: =SUM(P94:P97) -> 34
B32: 12.30 - 12.45 | C32: ='[2]Avg Week Masaka-Kyotera'!C32+'[2]Avg Week Kyotera-Masaka'!C32 -> 24.571429 | D32: ='[2]Avg Week Masaka-Kyotera'!D32+'[2]Avg Week Kyotera-Masaka'!D32 -> 5.7142857 | E32: ='[2]Avg Week Masaka-Kyotera'!E32+'[2]Avg Week Kyotera-Masaka'!E32 -> 3.1428571 | F32: ='[2]Avg Week Masaka-Kyotera'!F32+'[2]Avg Week Kyotera-Masaka'!F32 -> 10.857143 | G32: ='[2]Avg Week Masaka-Kyotera'!G32+'[2]Avg Week Kyotera-Masaka'!G32 -> 1 | H32: ='[2]Avg Week Masaka-Kyotera'!H32+'[2]Avg Week Kyotera-Masaka'!H32 -> 0 | I32: ='[2]Avg Week Masaka-Kyotera'!I32+'[2]Avg Week Kyotera-Masaka'!I32 -> 4.4285714 | J32: ='[2]Avg Week Masaka-Kyotera'!J32+'[2]Avg Week Kyotera-Masaka'!J32 -> 1.8571429 | ... N32: ='[2]Avg Week Masaka-Kyotera'!N32+'[2]Avg Week Kyotera-Masaka'!N32 -> 0 | O32: =SUM(C32:L32,N32) -> 53.285714 | P32: =SUM(C32:N32) -> 128.85714 | R32: 0500-0600 | S32: =SUM(C98:C101) -> 8.5 | T32: =SUM(D98:D101) -> 2 | U32: =SUM(E98:E101) -> 1 | V32: =SUM(F98:F101) -> 7 | W32: =SUM(G98:G101) -> 1.5 | X32: =SUM(H98:H101) -> 0 | Y32: =SUM(I98:I101) -> 3 | Z32: =SUM(J98:J101) -> 9.5 | ... AF32: =SUM(P98:P101) -> 50.5
B33: 12.45 - 13.00 | C33: ='[2]Avg Week Masaka-Kyotera'!C33+'[2]Avg Week Kyotera-Masaka'!C33 -> 20.142857 | D33: ='[2]Avg Week Masaka-Kyotera'!D33+'[2]Avg Week Kyotera-Masaka'!D33 -> 5.2857143 | E33: ='[2]Avg Week Masaka-Kyotera'!E33+'[2]Avg Week Kyotera-Masaka'!E33 -> 3.5714286 | F33: ='[2]Avg Week Masaka-Kyotera'!F33+'[2]Avg Week Kyotera-Masaka'!F33 -> 6.7142857 | G33: ='[2]Avg Week Masaka-Kyotera'!G33+'[2]Avg Week Kyotera-Masaka'!G33 -> 0.28571429 | H33: ='[2]Avg Week Masaka-Kyotera'!H33+'[2]Avg Week Kyotera-Masaka'!H33 -> 0 | I33: ='[2]Avg Week Masaka-Kyotera'!I33+'[2]Avg Week Kyotera-Masaka'!I33 -> 3.7142857 | J33: ='[2]Avg Week Masaka-Kyotera'!J33+'[2]Avg Week Kyotera-Masaka'!J33 -> 1.8571429 | ... N33: ='[2]Avg Week Masaka-Kyotera'!N33+'[2]Avg Week Kyotera-Masaka'!N33 -> 0 | O33: =SUM(C33:L33,N33) -> 43.142857 | P33: =SUM(C33:N33) -> 113.42857 | R33: 0600-0700 | S33: =SUM(C102:C105) -> 47 | T33: =SUM(D102:D105) -> 2.5 | U33: =SUM(E102:E105) -> 4.5 | V33: =SUM(F102:F105) -> 20.5 | W33: =SUM(G102:G105) -> 2 | X33: =SUM(H102:H105) -> 0.5 | Y33: =SUM(I102:I105) -> 6 | Z33: =SUM(J102:J105) -> 13.5 | ... AF33: =SUM(P102:P105) -> 196
B34: 13.00 - 13.15 | C34: ='[2]Avg Week Masaka-Kyotera'!C34+'[2]Avg Week Kyotera-Masaka'!C34 -> 25.571429 | D34: ='[2]Avg Week Masaka-Kyotera'!D34+'[2]Avg Week Kyotera-Masaka'!D34 -> 5 | E34: ='[2]Avg Week Masaka-Kyotera'!E34+'[2]Avg Week Kyotera-Masaka'!E34 -> 4.2857143 | F34: ='[2]Avg Week Masaka-Kyotera'!F34+'[2]Avg Week Kyotera-Masaka'!F34 -> 10.428571 | G34: ='[2]Avg Week Masaka-Kyotera'!G34+'[2]Avg Week Kyotera-Masaka'!G34 -> 1.2857143 | H34: ='[2]Avg Week Masaka-Kyotera'!H34+'[2]Avg Week Kyotera-Masaka'!H34 -> 0.28571429 | I34: ='[2]Avg Week Masaka-Kyotera'!I34+'[2]Avg Week Kyotera-Masaka'!I34 -> 4.2857143 | J34: ='[2]Avg Week Masaka-Kyotera'!J34+'[2]Avg Week Kyotera-Masaka'!J34 -> 1.8571429 | ... N34: ='[2]Avg Week Masaka-Kyotera'!N34+'[2]Avg Week Kyotera-Masaka'!N34 -> 0 | O34: =SUM(C34:L34,N34) -> 54.857143 | P34: =SUM(C34:N34) -> 126.28571 | R34: AM Peak Hr | S34: =MAX(S10:S12) -> 88.142857 | T34: =MAX(T10:T12) -> 13.714286 | U34: =MAX(U10:U12) -> 13.285714 | V34: =MAX(V10:V12) -> 39.428571 | W34: =MAX(W10:W12) -> 1.5714286 | X34: =MAX(X10:X12) -> 0.85714286 | Y34: =MAX(Y10:Y12) -> 14.285714 | Z34: =MAX(Z10:Z12) -> 7.5714286 | ... AF34: =MAX(AF10:AF12) -> 486.28571
B35: 13.15 - 13.30 | C35: ='[2]Avg Week Masaka-Kyotera'!C35+'[2]Avg Week Kyotera-Masaka'!C35 -> 25.142857 | D35: ='[2]Avg Week Masaka-Kyotera'!D35+'[2]Avg Week Kyotera-Masaka'!D35 -> 4.7142857 | E35: ='[2]Avg Week Masaka-Kyotera'!E35+'[2]Avg Week Kyotera-Masaka'!E35 -> 5.1428571 | F35: ='[2]Avg Week Masaka-Kyotera'!F35+'[2]Avg Week Kyotera-Masaka'!F35 -> 10.857143 | G35: ='[2]Avg Week Masaka-Kyotera'!G35+'[2]Avg Week Kyotera-Masaka'!G35 -> 1.5714286 | H35: ='[2]Avg Week Masaka-Kyotera'!H35+'[2]Avg Week Kyotera-Masaka'!H35 -> 0 | I35: ='[2]Avg Week Masaka-Kyotera'!I35+'[2]Avg Week Kyotera-Masaka'!I35 -> 5 | J35: ='[2]Avg Week Masaka-Kyotera'!J35+'[2]Avg Week Kyotera-Masaka'!J35 -> 1.5714286 | ... N35: ='[2]Avg Week Masaka-Kyotera'!N35+'[2]Avg Week Kyotera-Masaka'!N35 -> 0 | O35: =SUM(C35:L35,N35) -> 56.428571 | P35: =SUM(C35:N35) -> 119.42857 | R35: IP Peak Hr | S35: =MAX(S13:S18) -> 100.28571 | T35: =MAX(T13:T18) -> 19 | U35: =MAX(U13:U18) -> 16.571429 | V35: =MAX(V13:V18) -> 42.571429 | W35: =MAX(W13:W18) -> 4.2857143 | X35: =MAX(X13:X18) -> 0.28571429 | Y35: =MAX(Y13:Y18) -> 17.714286 | Z35: =MAX(Z13:Z18) -> 9.7142857 | ... AF35: =MAX(AF13:AF18) -> 492.57143
B36: 13.30 - 13.45 | C36: ='[2]Avg Week Masaka-Kyotera'!C36+'[2]Avg Week Kyotera-Masaka'!C36 -> 22.857143 | D36: ='[2]Avg Week Masaka-Kyotera'!D36+'[2]Avg Week Kyotera-Masaka'!D36 -> 4 | E36: ='[2]Avg Week Masaka-Kyotera'!E36+'[2]Avg Week Kyotera-Masaka'!E36 -> 3.4285714 | F36: ='[2]Avg Week Masaka-Kyotera'!F36+'[2]Avg Week Kyotera-Masaka'!F36 -> 8.5714286 | G36: ='[2]Avg Week Masaka-Kyotera'!G36+'[2]Avg Week Kyotera-Masaka'!G36 -> 1.4285714 | H36: ='[2]Avg Week Masaka-Kyotera'!H36+'[2]Avg Week Kyotera-Masaka'!H36 -> 0 | I36: ='[2]Avg Week Masaka-Kyotera'!I36+'[2]Avg Week Kyotera-Masaka'!I36 -> 3.7142857 | J36: ='[2]Avg Week Masaka-Kyotera'!J36+'[2]Avg Week Kyotera-Masaka'!J36 -> 2.5714286 | ... N36: ='[2]Avg Week Masaka-Kyotera'!N36+'[2]Avg Week Kyotera-Masaka'!N36 -> 0 | O36: =SUM(C36:L36,N36) -> 49.285714 | P36: =SUM(C36:N36) -> 113.85714 | R36: PM Peak Hr | S36: =MAX(S19:S21) -> 121.14286 | T36: =MAX(T19:T21) -> 24.714286 | U36: =MAX(U19:U21) -> 20.857143 | V36: =MAX(V19:V21) -> 53.428571 | W36: =MAX(W19:W21) -> 8.4285714 | X36: =MAX(X19:X21) -> 1.7142857 | Y36: =MAX(Y19:Y21) -> 21.428571 | Z36: =MAX(Z19:Z21) -> 16.142857 | ... AF36: =MAX(AF19:AF21) -> 592.14286
B37: 13.45 - 14.00 | C37: ='[2]Avg Week Masaka-Kyotera'!C37+'[2]Avg Week Kyotera-Masaka'!C37 -> 26.714286 | D37: ='[2]Avg Week Masaka-Kyotera'!D37+'[2]Avg Week Kyotera-Masaka'!D37 -> 3 | E37: ='[2]Avg Week Masaka-Kyotera'!E37+'[2]Avg Week Kyotera-Masaka'!E37 -> 3.7142857 | F37: ='[2]Avg Week Masaka-Kyotera'!F37+'[2]Avg Week Kyotera-Masaka'!F37 -> 10.142857 | G37: ='[2]Avg Week Masaka-Kyotera'!G37+'[2]Avg Week Kyotera-Masaka'!G37 -> 0 | H37: ='[2]Avg Week Masaka-Kyotera'!H37+'[2]Avg Week Kyotera-Masaka'!H37 -> 0 | I37: ='[2]Avg Week Masaka-Kyotera'!I37+'[2]Avg Week Kyotera-Masaka'!I37 -> 4.4285714 | J37: ='[2]Avg Week Masaka-Kyotera'!J37+'[2]Avg Week Kyotera-Masaka'!J37 -> 2.4285714 | ... N37: ='[2]Avg Week Masaka-Kyotera'!N37+'[2]Avg Week Kyotera-Masaka'!N37 -> 0 | O37: =SUM(C37:L37,N37) -> 52.714286 | P37: =SUM(C37:N37) -> 115.42857 | R37: AM Period | S37: =SUM(S10:S12) -> 226 | T37: =SUM(T10:T12) -> 31.571429 | U37: =SUM(U10:U12) -> 33 | V37: =SUM(V10:V12) -> 97.857143 | W37: =SUM(W10:W12) -> 4.2857143 | X37: =SUM(X10:X12) -> 1.5714286 | Y37: =SUM(Y10:Y12) -> 36.714286 | Z37: =SUM(Z10:Z12) -> 19.714286 | ... AF37: =SUM(AF10:AF12) -> 1359.2857
B38: 14.00 - 14.15 | C38: ='[2]Avg Week Masaka-Kyotera'!C38+'[2]Avg Week Kyotera-Masaka'!C38 -> 24.428571 | D38: ='[2]Avg Week Masaka-Kyotera'!D38+'[2]Avg Week Kyotera-Masaka'!D38 -> 3 | E38: ='[2]Avg Week Masaka-Kyotera'!E38+'[2]Avg Week Kyotera-Masaka'!E38 -> 3 | F38: ='[2]Avg Week Masaka-Kyotera'!F38+'[2]Avg Week Kyotera-Masaka'!F38 -> 8.1428571 | G38: ='[2]Avg Week Masaka-Kyotera'!G38+'[2]Avg Week Kyotera-Masaka'!G38 -> 0.42857143 | H38: ='[2]Avg Week Masaka-Kyotera'!H38+'[2]Avg Week Kyotera-Masaka'!H38 -> 0 | I38: ='[2]Avg Week Masaka-Kyotera'!I38+'[2]Avg Week Kyotera-Masaka'!I38 -> 3.8571429 | J38: ='[2]Avg Week Masaka-Kyotera'!J38+'[2]Avg Week Kyotera-Masaka'!J38 -> 1.7142857 | ... N38: ='[2]Avg Week Masaka-Kyotera'!N38+'[2]Avg Week Kyotera-Masaka'!N38 -> 0 | O38: =SUM(C38:L38,N38) -> 46 | P38: =SUM(C38:N38) -> 111.14286 | R38: IP Period | S38: =SUM(S13:S18) -> 571.71429 | T38: =SUM(T13:T18) -> 95.142857 | U38: =SUM(U13:U18) -> 87.285714 | V38: =SUM(V13:V18) -> 228 | W38: =SUM(W13:W18) -> 20 | X38: =SUM(X13:X18) -> 0.85714286 | Y38: =SUM(Y13:Y18) -> 94.428571 | Z38: =SUM(Z13:Z18) -> 50.428571 | ... AF38: =SUM(AF13:AF18) -> 2873.5714
B39: 14.15 - 14.30 | C39: ='[2]Avg Week Masaka-Kyotera'!C39+'[2]Avg Week Kyotera-Masaka'!C39 -> 23.285714 | D39: ='[2]Avg Week Masaka-Kyotera'!D39+'[2]Avg Week Kyotera-Masaka'!D39 -> 4.2857143 | E39: ='[2]Avg Week Masaka-Kyotera'!E39+'[2]Avg Week Kyotera-Masaka'!E39 -> 2.5714286 | F39: ='[2]Avg Week Masaka-Kyotera'!F39+'[2]Avg Week Kyotera-Masaka'!F39 -> 9.5714286 | G39: ='[2]Avg Week Masaka-Kyotera'!G39+'[2]Avg Week Kyotera-Masaka'!G39 -> 0.71428571 | H39: ='[2]Avg Week Masaka-Kyotera'!H39+'[2]Avg Week Kyotera-Masaka'!H39 -> 0 | I39: ='[2]Avg Week Masaka-Kyotera'!I39+'[2]Avg Week Kyotera-Masaka'!I39 -> 2.7142857 | J39: ='[2]Avg Week Masaka-Kyotera'!J39+'[2]Avg Week Kyotera-Masaka'!J39 -> 3 | ... N39: ='[2]Avg Week Masaka-Kyotera'!N39+'[2]Avg Week Kyotera-Masaka'!N39 -> 0 | O39: =SUM(C39:L39,N39) -> 47.714286 | P39: =SUM(C39:N39) -> 110.85714 | R39: PM Period | S39: =SUM(S19:S21) -> 339.28571 | T39: =SUM(T19:T21) -> 64.857143 | U39: =SUM(U19:U21) -> 54.285714 | V39: =SUM(V19:V21) -> 150.14286 | W39: =SUM(W19:W21) -> 20.285714 | X39: =SUM(X19:X21) -> 3.2857143 | Y39: =SUM(Y19:Y21) -> 59.428571 | Z39: =SUM(Z19:Z21) -> 39 | ... AF39: =SUM(AF19:AF21) -> 1715.2857
B40: 14.30 - 14.45 | C40: ='[2]Avg Week Masaka-Kyotera'!C40+'[2]Avg Week Kyotera-Masaka'!C40 -> 20.285714 | D40: ='[2]Avg Week Masaka-Kyotera'!D40+'[2]Avg Week Kyotera-Masaka'!D40 -> 4 | E40: ='[2]Avg Week Masaka-Kyotera'!E40+'[2]Avg Week Kyotera-Masaka'!E40 -> 2.7142857 | F40: ='[2]Avg Week Masaka-Kyotera'!F40+'[2]Avg Week Kyotera-Masaka'!F40 -> 9.1428571 | G40: ='[2]Avg Week Masaka-Kyotera'!G40+'[2]Avg Week Kyotera-Masaka'!G40 -> 1.2857143 | H40: ='[2]Avg Week Masaka-Kyotera'!H40+'[2]Avg Week Kyotera-Masaka'!H40 -> 0.14285714 | I40: ='[2]Avg Week Masaka-Kyotera'!I40+'[2]Avg Week Kyotera-Masaka'!I40 -> 5.2857143 | J40: ='[2]Avg Week Masaka-Kyotera'!J40+'[2]Avg Week Kyotera-Masaka'!J40 -> 3 | ... N40: ='[2]Avg Week Masaka-Kyotera'!N40+'[2]Avg Week Kyotera-Masaka'!N40 -> 0 | O40: =SUM(C40:L40,N40) -> 48.571429 | P40: =SUM(C40:N40) -> 122 | R40: 12 Hours | S40: =SUM(S10:S21) -> 1137 | T40: =SUM(T10:T21) -> 191.57143 | U40: =SUM(U10:U21) -> 174.57143 | V40: =SUM(V10:V21) -> 476 | W40: =SUM(W10:W21) -> 44.571429 | X40: =SUM(X10:X21) -> 5.7142857 | Y40: =SUM(Y10:Y21) -> 190.57143 | Z40: =SUM(Z10:Z21) -> 109.14286 | ... AF40: =SUM(AF10:AF21) -> 5948.1429
B41: 14.45 - 15.00 | C41: ='[2]Avg Week Masaka-Kyotera'!C41+'[2]Avg Week Kyotera-Masaka'!C41 -> 21.857143 | D41: ='[2]Avg Week Masaka-Kyotera'!D41+'[2]Avg Week Kyotera-Masaka'!D41 -> 3.1428571 | E41: ='[2]Avg Week Masaka-Kyotera'!E41+'[2]Avg Week Kyotera-Masaka'!E41 -> 3 | F41: ='[2]Avg Week Masaka-Kyotera'!F41+'[2]Avg Week Kyotera-Masaka'!F41 -> 9.2857143 | G41: ='[2]Avg Week Masaka-Kyotera'!G41+'[2]Avg Week Kyotera-Masaka'!G41 -> 0.85714286 | H41: ='[2]Avg Week Masaka-Kyotera'!H41+'[2]Avg Week Kyotera-Masaka'!H41 -> 0.14285714 | I41: ='[2]Avg Week Masaka-Kyotera'!I41+'[2]Avg Week Kyotera-Masaka'!I41 -> 3.2857143 | J41: ='[2]Avg Week Masaka-Kyotera'!J41+'[2]Avg Week Kyotera-Masaka'!J41 -> 2 | ... N41: ='[2]Avg Week Masaka-Kyotera'!N41+'[2]Avg Week Kyotera-Masaka'!N41 -> 0 | O41: =SUM(C41:L41,N41) -> 46.714286 | P41: =SUM(C41:N41) -> 109.28571 | R41: 24 Hours | S41: =SUM(S10:S33) -> 1733 | T41: =SUM(T10:T33) -> 226.07143 | U41: =SUM(U10:U33) -> 221.07143 | V41: =SUM(V10:V33) -> 634.5 | W41: =SUM(W10:W33) -> 70.071429 | X41: =SUM(X10:X33) -> 13.714286 | Y41: =SUM(Y10:Y33) -> 284.07143 | Z41: =SUM(Z10:Z33) -> 322.64286 | ... AF41: =SUM(AF10:AF33) -> 8306.6429
B42: 15.00 - 15.15 | C42: ='[2]Avg Week Masaka-Kyotera'!C42+'[2]Avg Week Kyotera-Masaka'!C42 -> 22.428571 | D42: ='[2]Avg Week Masaka-Kyotera'!D42+'[2]Avg Week Kyotera-Masaka'!D42 -> 3.4285714 | E42: ='[2]Avg Week Masaka-Kyotera'!E42+'[2]Avg Week Kyotera-Masaka'!E42 -> 3.8571429 | F42: ='[2]Avg Week Masaka-Kyotera'!F42+'[2]Avg Week Kyotera-Masaka'!F42 -> 12.571429 | G42: ='[2]Avg Week Masaka-Kyotera'!G42+'[2]Avg Week Kyotera-Masaka'!G42 -> 0.85714286 | H42: ='[2]Avg Week Masaka-Kyotera'!H42+'[2]Avg Week Kyotera-Masaka'!H42 -> 0 | I42: ='[2]Avg Week Masaka-Kyotera'!I42+'[2]Avg Week Kyotera-Masaka'!I42 -> 4.2857143 | J42: ='[2]Avg Week Masaka-Kyotera'!J42+'[2]Avg Week Kyotera-Masaka'!J42 -> 2.7142857 | ... N42: ='[2]Avg Week Masaka-Kyotera'!N42+'[2]Avg Week Kyotera-Masaka'!N42 -> 0 | O42: =SUM(C42:L42,N42) -> 51.857143 | P42: =SUM(C42:N42) -> 120.14286 | R42: NEF | S42: =S41/S40 -> 1.5241865 | T42: =T41/T40 -> 1.1800895 | U42: =U41/U40 -> 1.2663666 | V42: =V41/V40 -> 1.3329832 | W42: =W41/W40 -> 1.5721154 | X42: =X41/X40 -> 2.4 | Y42: =Y41/Y40 -> 1.4906297 | Z42: =Z41/Z40 -> 2.9561518 | ... AF42: =AF41/AF40 -> 1.3965103
B43: 15.15 - 15.30 | C43: ='[2]Avg Week Masaka-Kyotera'!C43+'[2]Avg Week Kyotera-Masaka'!C43 -> 28.857143 | D43: ='[2]Avg Week Masaka-Kyotera'!D43+'[2]Avg Week Kyotera-Masaka'!D43 -> 4.1428571 | E43: ='[2]Avg Week Masaka-Kyotera'!E43+'[2]Avg Week Kyotera-Masaka'!E43 -> 4.7142857 | F43: ='[2]Avg Week Masaka-Kyotera'!F43+'[2]Avg Week Kyotera-Masaka'!F43 -> 8.8571429 | G43: ='[2]Avg Week Masaka-Kyotera'!G43+'[2]Avg Week Kyotera-Masaka'!G43 -> 0.57142857 | H43: ='[2]Avg Week Masaka-Kyotera'!H43+'[2]Avg Week Kyotera-Masaka'!H43 -> 0 | I43: ='[2]Avg Week Masaka-Kyotera'!I43+'[2]Avg Week Kyotera-Masaka'!I43 -> 3.7142857 | J43: ='[2]Avg Week Masaka-Kyotera'!J43+'[2]Avg Week Kyotera-Masaka'!J43 -> 2.1428571 | ... N43: ='[2]Avg Week Masaka-Kyotera'!N43+'[2]Avg Week Kyotera-Masaka'!N43 -> 0.14285714 | O43: =SUM(C43:L43,N43) -> 55.714286 | P43: =SUM(C43:N43) -> 127.14286
B44: 15.30 - 15.45 | C44: ='[2]Avg Week Masaka-Kyotera'!C44+'[2]Avg Week Kyotera-Masaka'!C44 -> 23.428571 | D44: ='[2]Avg Week Masaka-Kyotera'!D44+'[2]Avg Week Kyotera-Masaka'!D44 -> 4.2857143 | E44: ='[2]Avg Week Masaka-Kyotera'!E44+'[2]Avg Week Kyotera-Masaka'!E44 -> 3.2857143 | F44: ='[2]Avg Week Masaka-Kyotera'!F44+'[2]Avg Week Kyotera-Masaka'!F44 -> 9.4285714 | G44: ='[2]Avg Week Masaka-Kyotera'!G44+'[2]Avg Week Kyotera-Masaka'!G44 -> 1.5714286 | H44: ='[2]Avg Week Masaka-Kyotera'!H44+'[2]Avg Week Kyotera-Masaka'!H44 -> 0.14285714 | I44: ='[2]Avg Week Masaka-Kyotera'!I44+'[2]Avg Week Kyotera-Masaka'!I44 -> 4.2857143 | J44: ='[2]Avg Week Masaka-Kyotera'!J44+'[2]Avg Week Kyotera-Masaka'!J44 -> 1.5714286 | ... N44: ='[2]Avg Week Masaka-Kyotera'!N44+'[2]Avg Week Kyotera-Masaka'!N44 -> 0 | O44: =SUM(C44:L44,N44) -> 51.142857 | P44: =SUM(C44:N44) -> 125.42857
B45: 15.45 - 16.00 | C45: ='[2]Avg Week Masaka-Kyotera'!C45+'[2]Avg Week Kyotera-Masaka'!C45 -> 24.571429 | D45: ='[2]Avg Week Masaka-Kyotera'!D45+'[2]Avg Week Kyotera-Masaka'!D45 -> 3.1428571 | E45: ='[2]Avg Week Masaka-Kyotera'!E45+'[2]Avg Week Kyotera-Masaka'!E45 -> 3.7142857 | F45: ='[2]Avg Week Masaka-Kyotera'!F45+'[2]Avg Week Kyotera-Masaka'!F45 -> 11.714286 | G45: ='[2]Avg Week Masaka-Kyotera'!G45+'[2]Avg Week Kyotera-Masaka'!G45 -> 0.85714286 | H45: ='[2]Avg Week Masaka-Kyotera'!H45+'[2]Avg Week Kyotera-Masaka'!H45 -> 0 | I45: ='[2]Avg Week Masaka-Kyotera'!I45+'[2]Avg Week Kyotera-Masaka'!I45 -> 2.7142857 | J45: ='[2]Avg Week Masaka-Kyotera'!J45+'[2]Avg Week Kyotera-Masaka'!J45 -> 2 | ... N45: ='[2]Avg Week Masaka-Kyotera'!N45+'[2]Avg Week Kyotera-Masaka'!N45 -> 0 | O45: =SUM(C45:L45,N45) -> 51.142857 | P45: =SUM(C45:N45) -> 119.85714
B46: 16.00 - 16.15 | C46: ='[2]Avg Week Masaka-Kyotera'!C46+'[2]Avg Week Kyotera-Masaka'!C46 -> 25.428571 | D46: ='[2]Avg Week Masaka-Kyotera'!D46+'[2]Avg Week Kyotera-Masaka'!D46 -> 5.1428571 | E46: ='[2]Avg Week Masaka-Kyotera'!E46+'[2]Avg Week Kyotera-Masaka'!E46 -> 5.1428571 | F46: ='[2]Avg Week Masaka-Kyotera'!F46+'[2]Avg Week Kyotera-Masaka'!F46 -> 11.428571 | G46: ='[2]Avg Week Masaka-Kyotera'!G46+'[2]Avg Week Kyotera-Masaka'!G46 -> 0.57142857 | H46: ='[2]Avg Week Masaka-Kyotera'!H46+'[2]Avg Week Kyotera-Masaka'!H46 -> 0 | I46: ='[2]Avg Week Masaka-Kyotera'!I46+'[2]Avg Week Kyotera-Masaka'!I46 -> 4.8571429 | J46: ='[2]Avg Week Masaka-Kyotera'!J46+'[2]Avg Week Kyotera-Masaka'!J46 -> 2.1428571 | ... N46: ='[2]Avg Week Masaka-Kyotera'!N46+'[2]Avg Week Kyotera-Masaka'!N46 -> 0 | O46: =SUM(C46:L46,N46) -> 58 | P46: =SUM(C46:N46) -> 136.85714
B47: 16.15 -16.30 | C47: ='[2]Avg Week Masaka-Kyotera'!C47+'[2]Avg Week Kyotera-Masaka'!C47 -> 25.428571 | D47: ='[2]Avg Week Masaka-Kyotera'!D47+'[2]Avg Week Kyotera-Masaka'!D47 -> 6.8571429 | E47: ='[2]Avg Week Masaka-Kyotera'!E47+'[2]Avg Week Kyotera-Masaka'!E47 -> 5.7142857 | F47: ='[2]Avg Week Masaka-Kyotera'!F47+'[2]Avg Week Kyotera-Masaka'!F47 -> 12.857143 | G47: ='[2]Avg Week Masaka-Kyotera'!G47+'[2]Avg Week Kyotera-Masaka'!G47 -> 2 | H47: ='[2]Avg Week Masaka-Kyotera'!H47+'[2]Avg Week Kyotera-Masaka'!H47 -> 0 | I47: ='[2]Avg Week Masaka-Kyotera'!I47+'[2]Avg Week Kyotera-Masaka'!I47 -> 5.4285714 | J47: ='[2]Avg Week Masaka-Kyotera'!J47+'[2]Avg Week Kyotera-Masaka'!J47 -> 2.4285714 | ... N47: ='[2]Avg Week Masaka-Kyotera'!N47+'[2]Avg Week Kyotera-Masaka'!N47 -> 0 | O47: =SUM(C47:L47,N47) -> 64.428571 | P47: =SUM(C47:N47) -> 144.28571
B48: 16.30 -16.45 | C48: ='[2]Avg Week Masaka-Kyotera'!C48+'[2]Avg Week Kyotera-Masaka'!C48 -> 29.142857 | D48: ='[2]Avg Week Masaka-Kyotera'!D48+'[2]Avg Week Kyotera-Masaka'!D48 -> 5.8571429 | E48: ='[2]Avg Week Masaka-Kyotera'!E48+'[2]Avg Week Kyotera-Masaka'!E48 -> 4.4285714 | F48: ='[2]Avg Week Masaka-Kyotera'!F48+'[2]Avg Week Kyotera-Masaka'!F48 -> 12.857143 | G48: ='[2]Avg Week Masaka-Kyotera'!G48+'[2]Avg Week Kyotera-Masaka'!G48 -> 1 | H48: ='[2]Avg Week Masaka-Kyotera'!H48+'[2]Avg Week Kyotera-Masaka'!H48 -> 0.14285714 | I48: ='[2]Avg Week Masaka-Kyotera'!I48+'[2]Avg Week Kyotera-Masaka'!I48 -> 3.5714286 | J48: ='[2]Avg Week Masaka-Kyotera'!J48+'[2]Avg Week Kyotera-Masaka'!J48 -> 2.8571429 | ... N48: ='[2]Avg Week Masaka-Kyotera'!N48+'[2]Avg Week Kyotera-Masaka'!N48 -> 0 | O48: =SUM(C48:L48,N48) -> 62.714286 | P48: =SUM(C48:N48) -> 138.14286
B49: 16.45 -17.00 | C49: ='[2]Avg Week Masaka-Kyotera'!C49+'[2]Avg Week Kyotera-Masaka'!C49 -> 30.285714 | D49: ='[2]Avg Week Masaka-Kyotera'!D49+'[2]Avg Week Kyotera-Masaka'!D49 -> 6.8571429 | E49: ='[2]Avg Week Masaka-Kyotera'!E49+'[2]Avg Week Kyotera-Masaka'!E49 -> 5.5714286 | F49: ='[2]Avg Week Masaka-Kyotera'!F49+'[2]Avg Week Kyotera-Masaka'!F49 -> 10.428571 | G49: ='[2]Avg Week Masaka-Kyotera'!G49+'[2]Avg Week Kyotera-Masaka'!G49 -> 1.4285714 | H49: ='[2]Avg Week Masaka-Kyotera'!H49+'[2]Avg Week Kyotera-Masaka'!H49 -> 0 | I49: ='[2]Avg Week Masaka-Kyotera'!I49+'[2]Avg Week Kyotera-Masaka'!I49 -> 4.5714286 | J49: ='[2]Avg Week Masaka-Kyotera'!J49+'[2]Avg Week Kyotera-Masaka'!J49 -> 2.4285714 | ... N49: ='[2]Avg Week Masaka-Kyotera'!N49+'[2]Avg Week Kyotera-Masaka'!N49 -> 0 | O49: =SUM(C49:L49,N49) -> 63 | P49: =SUM(C49:N49) -> 134.14286
B50: 17.00 -17.15 | C50: ='[2]Avg Week Masaka-Kyotera'!C50+'[2]Avg Week Kyotera-Masaka'!C50 -> 27.571429 | D50: ='[2]Avg Week Masaka-Kyotera'!D50+'[2]Avg Week Kyotera-Masaka'!D50 -> 7.1428571 | E50: ='[2]Avg Week Masaka-Kyotera'!E50+'[2]Avg Week Kyotera-Masaka'!E50 -> 4.4285714 | F50: ='[2]Avg Week Masaka-Kyotera'!F50+'[2]Avg Week Kyotera-Masaka'!F50 -> 14 | G50: ='[2]Avg Week Masaka-Kyotera'!G50+'[2]Avg Week Kyotera-Masaka'!G50 -> 2 | H50: ='[2]Avg Week Masaka-Kyotera'!H50+'[2]Avg Week Kyotera-Masaka'!H50 -> 0.14285714 | I50: ='[2]Avg Week Masaka-Kyotera'!I50+'[2]Avg Week Kyotera-Masaka'!I50 -> 5.1428571 | J50: ='[2]Avg Week Masaka-Kyotera'!J50+'[2]Avg Week Kyotera-Masaka'!J50 -> 2.8571429 | ... N50: ='[2]Avg Week Masaka-Kyotera'!N50+'[2]Avg Week Kyotera-Masaka'!N50 -> 0 | O50: =SUM(C50:L50,N50) -> 65.571429 | P50: =SUM(C50:N50) -> 147.28571
B51: 17.15 -17.30 | C51: ='[2]Avg Week Masaka-Kyotera'!C51+'[2]Avg Week Kyotera-Masaka'!C51 -> 25.571429 | D51: ='[2]Avg Week Masaka-Kyotera'!D51+'[2]Avg Week Kyotera-Masaka'!D51 -> 4.5714286 | E51: ='[2]Avg Week Masaka-Kyotera'!E51+'[2]Avg Week Kyotera-Masaka'!E51 -> 3.2857143 | F51: ='[2]Avg Week Masaka-Kyotera'!F51+'[2]Avg Week Kyotera-Masaka'!F51 -> 14.285714 | G51: ='[2]Avg Week Masaka-Kyotera'!G51+'[2]Avg Week Kyotera-Masaka'!G51 -> 2.5714286 | H51: ='[2]Avg Week Masaka-Kyotera'!H51+'[2]Avg Week Kyotera-Masaka'!H51 -> 0.14285714 | I51: ='[2]Avg Week Masaka-Kyotera'!I51+'[2]Avg Week Kyotera-Masaka'!I51 -> 4.5714286 | J51: ='[2]Avg Week Masaka-Kyotera'!J51+'[2]Avg Week Kyotera-Masaka'!J51 -> 3.8571429 | ... N51: ='[2]Avg Week Masaka-Kyotera'!N51+'[2]Avg Week Kyotera-Masaka'!N51 -> 0 | O51: =SUM(C51:L51,N51) -> 60.857143 | P51: =SUM(C51:N51) -> 138.14286
B52: 17.30 -17.45 | C52: ='[2]Avg Week Masaka-Kyotera'!C52+'[2]Avg Week Kyotera-Masaka'!C52 -> 31.285714 | D52: ='[2]Avg Week Masaka-Kyotera'!D52+'[2]Avg Week Kyotera-Masaka'!D52 -> 6.2857143 | E52: ='[2]Avg Week Masaka-Kyotera'!E52+'[2]Avg Week Kyotera-Masaka'!E52 -> 5.8571429 | F52: ='[2]Avg Week Masaka-Kyotera'!F52+'[2]Avg Week Kyotera-Masaka'!F52 -> 11.428571 | G52: ='[2]Avg Week Masaka-Kyotera'!G52+'[2]Avg Week Kyotera-Masaka'!G52 -> 1.7142857 | H52: ='[2]Avg Week Masaka-Kyotera'!H52+'[2]Avg Week Kyotera-Masaka'!H52 -> 0.28571429 | I52: ='[2]Avg Week Masaka-Kyotera'!I52+'[2]Avg Week Kyotera-Masaka'!I52 -> 4.8571429 | J52: ='[2]Avg Week Masaka-Kyotera'!J52+'[2]Avg Week Kyotera-Masaka'!J52 -> 3.2857143 | ... N52: ='[2]Avg Week Masaka-Kyotera'!N52+'[2]Avg Week Kyotera-Masaka'!N52 -> 0 | O52: =SUM(C52:L52,N52) -> 67.285714 | P52: =SUM(C52:N52) -> 149.85714
B53: 17.45 -18.00 | C53: ='[2]Avg Week Masaka-Kyotera'!C53+'[2]Avg Week Kyotera-Masaka'!C53 -> 36.714286 | D53: ='[2]Avg Week Masaka-Kyotera'!D53+'[2]Avg Week Kyotera-Masaka'!D53 -> 5.7142857 | E53: ='[2]Avg Week Masaka-Kyotera'!E53+'[2]Avg Week Kyotera-Masaka'!E53 -> 4.1428571 | F53: ='[2]Avg Week Masaka-Kyotera'!F53+'[2]Avg Week Kyotera-Masaka'!F53 -> 13.714286 | G53: ='[2]Avg Week Masaka-Kyotera'!G53+'[2]Avg Week Kyotera-Masaka'!G53 -> 0.57142857 | H53: ='[2]Avg Week Masaka-Kyotera'!H53+'[2]Avg Week Kyotera-Masaka'!H53 -> 0.85714286 | I53: ='[2]Avg Week Masaka-Kyotera'!I53+'[2]Avg Week Kyotera-Masaka'!I53 -> 5 | J53: ='[2]Avg Week Masaka-Kyotera'!J53+'[2]Avg Week Kyotera-Masaka'!J53 -> 3 | ... N53: ='[2]Avg Week Masaka-Kyotera'!N53+'[2]Avg Week Kyotera-Masaka'!N53 -> 0 | O53: =SUM(C53:L53,N53) -> 72.142857 | P53: =SUM(C53:N53) -> 156.85714
B54: 18.00 - 18.15 | C54: ='[2]Avg Week Masaka-Kyotera'!C54+'[2]Avg Week Kyotera-Masaka'!C54 -> 30.142857 | D54: ='[2]Avg Week Masaka-Kyotera'!D54+'[2]Avg Week Kyotera-Masaka'!D54 -> 4.5714286 | E54: ='[2]Avg Week Masaka-Kyotera'!E54+'[2]Avg Week Kyotera-Masaka'!E54 -> 2.5714286 | F54: ='[2]Avg Week Masaka-Kyotera'!F54+'[2]Avg Week Kyotera-Masaka'!F54 -> 14.571429 | G54: ='[2]Avg Week Masaka-Kyotera'!G54+'[2]Avg Week Kyotera-Masaka'!G54 -> 3.1428571 | H54: ='[2]Avg Week Masaka-Kyotera'!H54+'[2]Avg Week Kyotera-Masaka'!H54 -> 0.42857143 | I54: ='[2]Avg Week Masaka-Kyotera'!I54+'[2]Avg Week Kyotera-Masaka'!I54 -> 7.1428571 | J54: ='[2]Avg Week Masaka-Kyotera'!J54+'[2]Avg Week Kyotera-Masaka'!J54 -> 4.4285714 | ... N54: ='[2]Avg Week Masaka-Kyotera'!N54+'[2]Avg Week Kyotera-Masaka'!N54 -> 0 | O54: =SUM(C54:L54,N54) -> 69.428571 | P54: =SUM(C54:N54) -> 147.28571
... B105: 06.45 - 07.00 | C105: ='[2]Avg Week Masaka-Kyotera'!C105+'[2]Avg Week Kyotera-Masaka'!C105 -> 15.5 | D105: ='[2]Avg Week Masaka-Kyotera'!D105+'[2]Avg Week Kyotera-Masaka'!D105 -> 1 | E105: ='[2]Avg Week Masaka-Kyotera'!E105+'[2]Avg Week Kyotera-Masaka'!E105 -> 1 | F105: ='[2]Avg Week Masaka-Kyotera'!F105+'[2]Avg Week Kyotera-Masaka'!F105 -> 5.5 | G105: ='[2]Avg Week Masaka-Kyotera'!G105+'[2]Avg Week Kyotera-Masaka'!G105 -> 0.5 | H105: ='[2]Avg Week Masaka-Kyotera'!H105+'[2]Avg Week Kyotera-Masaka'!H105 -> 0.5 | I105: ='[2]Avg Week Masaka-Kyotera'!I105+'[2]Avg Week Kyotera-Masaka'!I105 -> 1 | J105: ='[2]Avg Week Masaka-Kyotera'!J105+'[2]Avg Week Kyotera-Masaka'!J105 -> 2.5 | ... N105: ='[2]Avg Week Masaka-Kyotera'!N105+'[2]Avg Week Kyotera-Masaka'!N105 -> 0 | O105: =SUM(C105:L105,N105) -> 29 | P105: =SUM(C105:N105) -> 61.5
