Workbook

Sheet ALL
B1: Consultancy services for Preparation of Expressway Development Master Plan (EDMP) for Uganda
B2: MANUAL CLASSIFIED COUNT (MCC)
B3: ROAD NAME: | C3: ='[1]28.07 Entebbe-Kampala'!C3:G3 -> MCC - C1 - STN02 - KAMPALA-ENTEBBE ROAD
C5: Date | D5: AVERAGE WEEK | F5: Location | G5: ='[1]Avg Week Entebbe-Kampala'!G5:H5 -> Nyondo Club | J5: Surveyor | K5: ='[1]Avg Week Entebbe-Kampala'!K5:L5 -> Adong agnes/Ashanut
C6: Dir. From | D6: BOTH DIRECTIONS | F6: Dir. To | G6: BOTH DIRECTIONS | J6: Supervisor | K6: ='[1]Avg Week Entebbe-Kampala'!K6:L6 -> Emma
B8: Time / Veh Type | R8: SUMMARY TRAFFIC VOLUMES
C9: 1. Car | D9: 2. Station Wagon | E9: 3. Pickups | F9: 4. Minibus, matatu | G9: 5. Medium bus | H9: 6. Large Bus | I9: 7. Light Truck | J9: 8. Medium Truck | K9: 9. Heavy truck | L9: 10. Truck Trailer | M9: 11. Motor cycles | N9: 12. Tractors | O9: Total Excl M/Cycles | P9: Total All | R9: Time | S9: 1. Car | T9: 2. Station Wagon | U9: 3. Pickups | V9: 4. Minibus, matatu | W9: 5. Medium bus | X9: 6. Large Bus | Y9: 7. Light Truck | Z9: 8. Medium Truck | AA9: 9. Heavy truck | AB9: 10. Truck Trailer | AC9: 11. Motorcycles | AD9: 12. Tractors, Graders | AE9: Total Excl M/ Cycles | AF9: Total All
B10: 07.00 - 07.15 | C10: =AVERAGE('114'!C10,'115'!C10,'116'!C10,'117'!C10,'118'!C10,'119'!C10,'121'!C10,'122'!C10,'123'!C10,'124'!C10,'125'!C10,'126'!C10,'127'!C10,'128'!C10,'129'!C10,'130'!C10,'131'!C10,'138'!C10,'139'!C10,'140'!C10) -> 2.1010024 | D10: =AVERAGE('114'!D10,'115'!D10,'116'!D10,'117'!D10,'118'!D10,'119'!D10,'121'!D10,'122'!D10,'123'!D10,'124'!D10,'125'!D10,'126'!D10,'127'!D10,'128'!D10,'129'!D10,'130'!D10,'131'!D10,'138'!D10,'139'!D10,'140'!D10) -> 0.96535714 | E10: =AVERAGE('114'!E10,'115'!E10,'116'!E10,'117'!E10,'118'!E10,'119'!E10,'121'!E10,'122'!E10,'123'!E10,'124'!E10,'125'!E10,'126'!E10,'127'!E10,'128'!E10,'129'!E10,'130'!E10,'131'!E10,'138'!E10,'139'!E10,'140'!E10) -> 1.5863095 | F10: =AVERAGE('114'!F10,'115'!F10,'116'!F10,'117'!F10,'118'!F10,'119'!F10,'121'!F10,'122'!F10,'123'!F10,'124'!F10,'125'!F10,'126'!F10,'127'!F10,'128'!F10,'129'!F10,'130'!F10,'131'!F10,'138'!F10,'139'!F10,'140'!F10) -> 0.90095238 | G10: =AVERAGE('114'!G10,'115'!G10,'116'!G10,'117'!G10,'118'!G10,'119'!G10,'121'!G10,'122'!G10,'123'!G10,'124'!G10,'125'!G10,'126'!G10,'127'!G10,'128'!G10,'129'!G10,'130'!G10,'131'!G10,'138'!G10,'139'!G10,'140'!G10) -> 0.21428571 | H10: =AVERAGE('114'!H10,'115'!H10,'116'!H10,'117'!H10,'118'!H10,'119'!H10,'121'!H10,'122'!H10,'123'!H10,'124'!H10,'125'!H10,'126'!H10,'127'!H10,'128'!H10,'129'!H10,'130'!H10,'131'!H10,'138'!H10,'139'!H10,'140'!H10) -> 0.3560024 | I10: =AVERAGE('114'!I10,'115'!I10,'116'!I10,'117'!I10,'118'!I10,'119'!I10,'121'!I10,'122'!I10,'123'!I10,'124'!I10,'125'!I10,'126'!I10,'127'!I10,'128'!I10,'129'!I10,'130'!I10,'131'!I10,'138'!I10,'139'!I10,'140'!I10) -> 1.1928571 | J10: =AVERAGE('114'!J10,'115'!J10,'116'!J10,'117'!J10,'118'!J10,'119'!J10,'121'!J10,'122'!J10,'123'!J10,'124'!J10,'125'!J10,'126'!J10,'127'!J10,'128'!J10,'129'!J10,'130'!J10,'131'!J10,'138'!J10,'139'!J10,'140'!J10) -> 0.52171669 | ... P10: =AVERAGE('114'!P10,'115'!P10,'116'!P10,'117'!P10,'118'!P10,'119'!P10,'121'!P10,'122'!P10,'123'!P10,'124'!P10,'125'!P10,'126'!P10,'127'!P10,'128'!P10,'129'!P10,'130'!P10,'131'!P10,'138'!P10,'139'!P10,'140'!P10) -> 27.633007 | R10: 0700-0800 | S10: =SUM(C10:C13) -> 8.0695858 | T10: =SUM(D10:D13) -> 3.8291096 | U10: =SUM(E10:E13) -> 6.6530812 | V10: =SUM(F10:F13) -> 3.9122929 | W10: =SUM(G10:G13) -> 0.82404762 | X10: =SUM(H10:H13) -> 1.4706263 | Y10: =SUM(I10:I13) -> 4.6821549 | Z10: =SUM(J10:J13) -> 1.8712405 | ... AF10: =SUM(P10:P13) -> 116.65047
B11: 07.15 - 07.30 | C11: =AVERAGE('114'!C11,'115'!C11,'116'!C11,'117'!C11,'118'!C11,'119'!C11,'121'!C11,'122'!C11,'123'!C11,'124'!C11,'125'!C11,'126'!C11,'127'!C11,'128'!C11,'129'!C11,'130'!C11,'131'!C11,'138'!C11,'139'!C11,'140'!C11) -> 1.8767167 | D11: =AVERAGE('114'!D11,'115'!D11,'116'!D11,'117'!D11,'118'!D11,'119'!D11,'121'!D11,'122'!D11,'123'!D11,'124'!D11,'125'!D11,'126'!D11,'127'!D11,'128'!D11,'129'!D11,'130'!D11,'131'!D11,'138'!D11,'139'!D11,'140'!D11) -> 1.0414786 | E11: =AVERAGE('114'!E11,'115'!E11,'116'!E11,'117'!E11,'118'!E11,'119'!E11,'121'!E11,'122'!E11,'123'!E11,'124'!E11,'125'!E11,'126'!E11,'127'!E11,'128'!E11,'129'!E11,'130'!E11,'131'!E11,'138'!E11,'139'!E11,'140'!E11) -> 1.5115286 | F11: =AVERAGE('114'!F11,'115'!F11,'116'!F11,'117'!F11,'118'!F11,'119'!F11,'121'!F11,'122'!F11,'123'!F11,'124'!F11,'125'!F11,'126'!F11,'127'!F11,'128'!F11,'129'!F11,'130'!F11,'131'!F11,'138'!F11,'139'!F11,'140'!F11) -> 0.80119048 | G11: =AVERAGE('114'!G11,'115'!G11,'116'!G11,'117'!G11,'118'!G11,'119'!G11,'121'!G11,'122'!G11,'123'!G11,'124'!G11,'125'!G11,'126'!G11,'127'!G11,'128'!G11,'129'!G11,'130'!G11,'131'!G11,'138'!G11,'139'!G11,'140'!G11) -> 0.19285714 | H11: =AVERAGE('114'!H11,'115'!H11,'116'!H11,'117'!H11,'118'!H11,'119'!H11,'121'!H11,'122'!H11,'123'!H11,'124'!H11,'125'!H11,'126'!H11,'127'!H11,'128'!H11,'129'!H11,'130'!H11,'131'!H11,'138'!H11,'139'!H11,'140'!H11) -> 0.25261905 | I11: =AVERAGE('114'!I11,'115'!I11,'116'!I11,'117'!I11,'118'!I11,'119'!I11,'121'!I11,'122'!I11,'123'!I11,'124'!I11,'125'!I11,'126'!I11,'127'!I11,'128'!I11,'129'!I11,'130'!I11,'131'!I11,'138'!I11,'139'!I11,'140'!I11) -> 1.1726691 | J11: =AVERAGE('114'!J11,'115'!J11,'116'!J11,'117'!J11,'118'!J11,'119'!J11,'121'!J11,'122'!J11,'123'!J11,'124'!J11,'125'!J11,'126'!J11,'127'!J11,'128'!J11,'129'!J11,'130'!J11,'131'!J11,'138'!J11,'139'!J11,'140'!J11) -> 0.47 | ... P11: =AVERAGE('114'!P11,'115'!P11,'116'!P11,'117'!P11,'118'!P11,'119'!P11,'121'!P11,'122'!P11,'123'!P11,'124'!P11,'125'!P11,'126'!P11,'127'!P11,'128'!P11,'129'!P11,'130'!P11,'131'!P11,'138'!P11,'139'!P11,'140'!P11) -> 27.213107 | R11: 0800-0900 | S11: =SUM(C14:C17) -> 9.7805502 | T11: =SUM(D14:D17) -> 3.924917 | U11: =SUM(E14:E17) -> 7.7572459 | V11: =SUM(F14:F17) -> 4.927481 | W11: =SUM(G14:G17) -> 0.50285714 | X11: =SUM(H14:H17) -> 0.75748099 | Y11: =SUM(I14:I17) -> 5.0285454 | Z11: =SUM(J14:J17) -> 1.9064286 | ... AF11: =SUM(P14:P17) -> 132.80532
B12: 07.30 - 07.45 | C12: =AVERAGE('114'!C12,'115'!C12,'116'!C12,'117'!C12,'118'!C12,'119'!C12,'121'!C12,'122'!C12,'123'!C12,'124'!C12,'125'!C12,'126'!C12,'127'!C12,'128'!C12,'129'!C12,'130'!C12,'131'!C12,'138'!C12,'139'!C12,'140'!C12) -> 2.0512405 | D12: =AVERAGE('114'!D12,'115'!D12,'116'!D12,'117'!D12,'118'!D12,'119'!D12,'121'!D12,'122'!D12,'123'!D12,'124'!D12,'125'!D12,'126'!D12,'127'!D12,'128'!D12,'129'!D12,'130'!D12,'131'!D12,'138'!D12,'139'!D12,'140'!D12) -> 0.80593337 | E12: =AVERAGE('114'!E12,'115'!E12,'116'!E12,'117'!E12,'118'!E12,'119'!E12,'121'!E12,'122'!E12,'123'!E12,'124'!E12,'125'!E12,'126'!E12,'127'!E12,'128'!E12,'129'!E12,'130'!E12,'131'!E12,'138'!E12,'139'!E12,'140'!E12) -> 1.7127501 | F12: =AVERAGE('114'!F12,'115'!F12,'116'!F12,'117'!F12,'118'!F12,'119'!F12,'121'!F12,'122'!F12,'123'!F12,'124'!F12,'125'!F12,'126'!F12,'127'!F12,'128'!F12,'129'!F12,'130'!F12,'131'!F12,'138'!F12,'139'!F12,'140'!F12) -> 0.96028812 | G12: =AVERAGE('114'!G12,'115'!G12,'116'!G12,'117'!G12,'118'!G12,'119'!G12,'121'!G12,'122'!G12,'123'!G12,'124'!G12,'125'!G12,'126'!G12,'127'!G12,'128'!G12,'129'!G12,'130'!G12,'131'!G12,'138'!G12,'139'!G12,'140'!G12) -> 0.25714286 | H12: =AVERAGE('114'!H12,'115'!H12,'116'!H12,'117'!H12,'118'!H12,'119'!H12,'121'!H12,'122'!H12,'123'!H12,'124'!H12,'125'!H12,'126'!H12,'127'!H12,'128'!H12,'129'!H12,'130'!H12,'131'!H12,'138'!H12,'139'!H12,'140'!H12) -> 0.27629052 | I12: =AVERAGE('114'!I12,'115'!I12,'116'!I12,'117'!I12,'118'!I12,'119'!I12,'121'!I12,'122'!I12,'123'!I12,'124'!I12,'125'!I12,'126'!I12,'127'!I12,'128'!I12,'129'!I12,'130'!I12,'131'!I12,'138'!I12,'139'!I12,'140'!I12) -> 1.2602881 | J12: =AVERAGE('114'!J12,'115'!J12,'116'!J12,'117'!J12,'118'!J12,'119'!J12,'121'!J12,'122'!J12,'123'!J12,'124'!J12,'125'!J12,'126'!J12,'127'!J12,'128'!J12,'129'!J12,'130'!J12,'131'!J12,'138'!J12,'139'!J12,'140'!J12) -> 0.39142857 | ... P12: =AVERAGE('114'!P12,'115'!P12,'116'!P12,'117'!P12,'118'!P12,'119'!P12,'121'!P12,'122'!P12,'123'!P12,'124'!P12,'125'!P12,'126'!P12,'127'!P12,'128'!P12,'129'!P12,'130'!P12,'131'!P12,'138'!P12,'139'!P12,'140'!P12) -> 30.32941 | R12: 0900-1000 | S12: =SUM(C18:C21) -> 11.480862 | T12: =SUM(D18:D21) -> 4.6147669 | U12: =SUM(E18:E21) -> 8.8957553 | V12: =SUM(F18:F21) -> 5.094974 | W12: =SUM(G18:G21) -> 0.46338335 | X12: =SUM(H18:H21) -> 1.1919548 | Y12: =SUM(I18:I21) -> 5.2771409 | Z12: =SUM(J18:J21) -> 1.9680952 | ... AF12: =SUM(P18:P21) -> 137.43946
B13: 07.45 - 08.00 | C13: =AVERAGE('114'!C13,'115'!C13,'116'!C13,'117'!C13,'118'!C13,'119'!C13,'121'!C13,'122'!C13,'123'!C13,'124'!C13,'125'!C13,'126'!C13,'127'!C13,'128'!C13,'129'!C13,'130'!C13,'131'!C13,'138'!C13,'139'!C13,'140'!C13) -> 2.0406263 | D13: =AVERAGE('114'!D13,'115'!D13,'116'!D13,'117'!D13,'118'!D13,'119'!D13,'121'!D13,'122'!D13,'123'!D13,'124'!D13,'125'!D13,'126'!D13,'127'!D13,'128'!D13,'129'!D13,'130'!D13,'131'!D13,'138'!D13,'139'!D13,'140'!D13) -> 1.0163405 | E13: =AVERAGE('114'!E13,'115'!E13,'116'!E13,'117'!E13,'118'!E13,'119'!E13,'121'!E13,'122'!E13,'123'!E13,'124'!E13,'125'!E13,'126'!E13,'127'!E13,'128'!E13,'129'!E13,'130'!E13,'131'!E13,'138'!E13,'139'!E13,'140'!E13) -> 1.842493 | F13: =AVERAGE('114'!F13,'115'!F13,'116'!F13,'117'!F13,'118'!F13,'119'!F13,'121'!F13,'122'!F13,'123'!F13,'124'!F13,'125'!F13,'126'!F13,'127'!F13,'128'!F13,'129'!F13,'130'!F13,'131'!F13,'138'!F13,'139'!F13,'140'!F13) -> 1.2498619 | G13: =AVERAGE('114'!G13,'115'!G13,'116'!G13,'117'!G13,'118'!G13,'119'!G13,'121'!G13,'122'!G13,'123'!G13,'124'!G13,'125'!G13,'126'!G13,'127'!G13,'128'!G13,'129'!G13,'130'!G13,'131'!G13,'138'!G13,'139'!G13,'140'!G13) -> 0.1597619 | H13: =AVERAGE('114'!H13,'115'!H13,'116'!H13,'117'!H13,'118'!H13,'119'!H13,'121'!H13,'122'!H13,'123'!H13,'124'!H13,'125'!H13,'126'!H13,'127'!H13,'128'!H13,'129'!H13,'130'!H13,'131'!H13,'138'!H13,'139'!H13,'140'!H13) -> 0.58571429 | I13: =AVERAGE('114'!I13,'115'!I13,'116'!I13,'117'!I13,'118'!I13,'119'!I13,'121'!I13,'122'!I13,'123'!I13,'124'!I13,'125'!I13,'126'!I13,'127'!I13,'128'!I13,'129'!I13,'130'!I13,'131'!I13,'138'!I13,'139'!I13,'140'!I13) -> 1.0563405 | J13: =AVERAGE('114'!J13,'115'!J13,'116'!J13,'117'!J13,'118'!J13,'119'!J13,'121'!J13,'122'!J13,'123'!J13,'124'!J13,'125'!J13,'126'!J13,'127'!J13,'128'!J13,'129'!J13,'130'!J13,'131'!J13,'138'!J13,'139'!J13,'140'!J13) -> 0.48809524 | ... P13: =AVERAGE('114'!P13,'115'!P13,'116'!P13,'117'!P13,'118'!P13,'119'!P13,'121'!P13,'122'!P13,'123'!P13,'124'!P13,'125'!P13,'126'!P13,'127'!P13,'128'!P13,'129'!P13,'130'!P13,'131'!P13,'138'!P13,'139'!P13,'140'!P13) -> 31.474948 | R13: 1000-1100 | S13: =SUM(C22:C25) -> 11.834484 | T13: =SUM(D22:D25) -> 5.0984454 | U13: =SUM(E22:E25) -> 9.5139456 | V13: =SUM(F22:F25) -> 5.4041597 | W13: =SUM(G22:G25) -> 0.56547619 | X13: =SUM(H22:H25) -> 1.0346739 | Y13: =SUM(I22:I25) -> 5.3066026 | Z13: =SUM(J22:J25) -> 1.8597619 | ... AF13: =SUM(P22:P25) -> 138.84195
B14: 08.00 - 08.15 | C14: =AVERAGE('114'!C14,'115'!C14,'116'!C14,'117'!C14,'118'!C14,'119'!C14,'121'!C14,'122'!C14,'123'!C14,'124'!C14,'125'!C14,'126'!C14,'127'!C14,'128'!C14,'129'!C14,'130'!C14,'131'!C14,'138'!C14,'139'!C14,'140'!C14) -> 2.2820048 | D14: =AVERAGE('114'!D14,'115'!D14,'116'!D14,'117'!D14,'118'!D14,'119'!D14,'121'!D14,'122'!D14,'123'!D14,'124'!D14,'125'!D14,'126'!D14,'127'!D14,'128'!D14,'129'!D14,'130'!D14,'131'!D14,'138'!D14,'139'!D14,'140'!D14) -> 1.0067977 | E14: =AVERAGE('114'!E14,'115'!E14,'116'!E14,'117'!E14,'118'!E14,'119'!E14,'121'!E14,'122'!E14,'123'!E14,'124'!E14,'125'!E14,'126'!E14,'127'!E14,'128'!E14,'129'!E14,'130'!E14,'131'!E14,'138'!E14,'139'!E14,'140'!E14) -> 1.8970978 | F14: =AVERAGE('114'!F14,'115'!F14,'116'!F14,'117'!F14,'118'!F14,'119'!F14,'121'!F14,'122'!F14,'123'!F14,'124'!F14,'125'!F14,'126'!F14,'127'!F14,'128'!F14,'129'!F14,'130'!F14,'131'!F14,'138'!F14,'139'!F14,'140'!F14) -> 1.052619 | G14: =AVERAGE('114'!G14,'115'!G14,'116'!G14,'117'!G14,'118'!G14,'119'!G14,'121'!G14,'122'!G14,'123'!G14,'124'!G14,'125'!G14,'126'!G14,'127'!G14,'128'!G14,'129'!G14,'130'!G14,'131'!G14,'138'!G14,'139'!G14,'140'!G14) -> 0.071428571 | H14: =AVERAGE('114'!H14,'115'!H14,'116'!H14,'117'!H14,'118'!H14,'119'!H14,'121'!H14,'122'!H14,'123'!H14,'124'!H14,'125'!H14,'126'!H14,'127'!H14,'128'!H14,'129'!H14,'130'!H14,'131'!H14,'138'!H14,'139'!H14,'140'!H14) -> 0.22285714 | I14: =AVERAGE('114'!I14,'115'!I14,'116'!I14,'117'!I14,'118'!I14,'119'!I14,'121'!I14,'122'!I14,'123'!I14,'124'!I14,'125'!I14,'126'!I14,'127'!I14,'128'!I14,'129'!I14,'130'!I14,'131'!I14,'138'!I14,'139'!I14,'140'!I14) -> 1.22005 | J14: =AVERAGE('114'!J14,'115'!J14,'116'!J14,'117'!J14,'118'!J14,'119'!J14,'121'!J14,'122'!J14,'123'!J14,'124'!J14,'125'!J14,'126'!J14,'127'!J14,'128'!J14,'129'!J14,'130'!J14,'131'!J14,'138'!J14,'139'!J14,'140'!J14) -> 0.32547619 | ... P14: =AVERAGE('114'!P14,'115'!P14,'116'!P14,'117'!P14,'118'!P14,'119'!P14,'121'!P14,'122'!P14,'123'!P14,'124'!P14,'125'!P14,'126'!P14,'127'!P14,'128'!P14,'129'!P14,'130'!P14,'131'!P14,'138'!P14,'139'!P14,'140'!P14) -> 32.471665 | R14: 1100-1200 | S14: =SUM(C26:C29) -> 11.820574 | T14: =SUM(D26:D29) -> 4.724936 | U14: =SUM(E26:E29) -> 9.4578291 | V14: =SUM(F26:F29) -> 5.4216287 | W14: =SUM(G26:G29) -> 0.47380952 | X14: =SUM(H26:H29) -> 0.81557623 | Y14: =SUM(I26:I29) -> 5.5548479 | Z14: =SUM(J26:J29) -> 1.9535714 | ... AF14: =SUM(P26:P29) -> 134.36953
B15: 08.15 - 08.30 | C15: =AVERAGE('114'!C15,'115'!C15,'116'!C15,'117'!C15,'118'!C15,'119'!C15,'121'!C15,'122'!C15,'123'!C15,'124'!C15,'125'!C15,'126'!C15,'127'!C15,'128'!C15,'129'!C15,'130'!C15,'131'!C15,'138'!C15,'139'!C15,'140'!C15) -> 2.4421048 | D15: =AVERAGE('114'!D15,'115'!D15,'116'!D15,'117'!D15,'118'!D15,'119'!D15,'121'!D15,'122'!D15,'123'!D15,'124'!D15,'125'!D15,'126'!D15,'127'!D15,'128'!D15,'129'!D15,'130'!D15,'131'!D15,'138'!D15,'139'!D15,'140'!D15) -> 0.92640956 | E15: =AVERAGE('114'!E15,'115'!E15,'116'!E15,'117'!E15,'118'!E15,'119'!E15,'121'!E15,'122'!E15,'123'!E15,'124'!E15,'125'!E15,'126'!E15,'127'!E15,'128'!E15,'129'!E15,'130'!E15,'131'!E15,'138'!E15,'139'!E15,'140'!E15) -> 1.5393667 | F15: =AVERAGE('114'!F15,'115'!F15,'116'!F15,'117'!F15,'118'!F15,'119'!F15,'121'!F15,'122'!F15,'123'!F15,'124'!F15,'125'!F15,'126'!F15,'127'!F15,'128'!F15,'129'!F15,'130'!F15,'131'!F15,'138'!F15,'139'!F15,'140'!F15) -> 1.1383834 | G15: =AVERAGE('114'!G15,'115'!G15,'116'!G15,'117'!G15,'118'!G15,'119'!G15,'121'!G15,'122'!G15,'123'!G15,'124'!G15,'125'!G15,'126'!G15,'127'!G15,'128'!G15,'129'!G15,'130'!G15,'131'!G15,'138'!G15,'139'!G15,'140'!G15) -> 0.10119048 | H15: =AVERAGE('114'!H15,'115'!H15,'116'!H15,'117'!H15,'118'!H15,'119'!H15,'121'!H15,'122'!H15,'123'!H15,'124'!H15,'125'!H15,'126'!H15,'127'!H15,'128'!H15,'129'!H15,'130'!H15,'131'!H15,'138'!H15,'139'!H15,'140'!H15) -> 0.15 | I15: =AVERAGE('114'!I15,'115'!I15,'116'!I15,'117'!I15,'118'!I15,'119'!I15,'121'!I15,'122'!I15,'123'!I15,'124'!I15,'125'!I15,'126'!I15,'127'!I15,'128'!I15,'129'!I15,'130'!I15,'131'!I15,'138'!I15,'139'!I15,'140'!I15) -> 1.2229072 | J15: =AVERAGE('114'!J15,'115'!J15,'116'!J15,'117'!J15,'118'!J15,'119'!J15,'121'!J15,'122'!J15,'123'!J15,'124'!J15,'125'!J15,'126'!J15,'127'!J15,'128'!J15,'129'!J15,'130'!J15,'131'!J15,'138'!J15,'139'!J15,'140'!J15) -> 0.47142857 | ... P15: =AVERAGE('114'!P15,'115'!P15,'116'!P15,'117'!P15,'118'!P15,'119'!P15,'121'!P15,'122'!P15,'123'!P15,'124'!P15,'125'!P15,'126'!P15,'127'!P15,'128'!P15,'129'!P15,'130'!P15,'131'!P15,'138'!P15,'139'!P15,'140'!P15) -> 32.405362 | R15: 1200-1300 | S15: =SUM(C30:C33) -> 12.178093 | T15: =SUM(D30:D33) -> 4.2388335 | U15: =SUM(E30:E33) -> 9.1176671 | V15: =SUM(F30:F33) -> 5.7134834 | W15: =SUM(G30:G33) -> 0.36195478 | X15: =SUM(H30:H33) -> 0.88581433 | Y15: =SUM(I30:I33) -> 5.8285574 | Z15: =SUM(J30:J33) -> 1.9762905 | ... AF15: =SUM(P30:P33) -> 133.60792
B16: 08.30 - 08.45 | C16: =AVERAGE('114'!C16,'115'!C16,'116'!C16,'117'!C16,'118'!C16,'119'!C16,'121'!C16,'122'!C16,'123'!C16,'124'!C16,'125'!C16,'126'!C16,'127'!C16,'128'!C16,'129'!C16,'130'!C16,'131'!C16,'138'!C16,'139'!C16,'140'!C16) -> 2.6346238 | D16: =AVERAGE('114'!D16,'115'!D16,'116'!D16,'117'!D16,'118'!D16,'119'!D16,'121'!D16,'122'!D16,'123'!D16,'124'!D16,'125'!D16,'126'!D16,'127'!D16,'128'!D16,'129'!D16,'130'!D16,'131'!D16,'138'!D16,'139'!D16,'140'!D16) -> 0.89741196 | E16: =AVERAGE('114'!E16,'115'!E16,'116'!E16,'117'!E16,'118'!E16,'119'!E16,'121'!E16,'122'!E16,'123'!E16,'124'!E16,'125'!E16,'126'!E16,'127'!E16,'128'!E16,'129'!E16,'130'!E16,'131'!E16,'138'!E16,'139'!E16,'140'!E16) -> 2.0592787 | F16: =AVERAGE('114'!F16,'115'!F16,'116'!F16,'117'!F16,'118'!F16,'119'!F16,'121'!F16,'122'!F16,'123'!F16,'124'!F16,'125'!F16,'126'!F16,'127'!F16,'128'!F16,'129'!F16,'130'!F16,'131'!F16,'138'!F16,'139'!F16,'140'!F16) -> 1.2769548 | G16: =AVERAGE('114'!G16,'115'!G16,'116'!G16,'117'!G16,'118'!G16,'119'!G16,'121'!G16,'122'!G16,'123'!G16,'124'!G16,'125'!G16,'126'!G16,'127'!G16,'128'!G16,'129'!G16,'130'!G16,'131'!G16,'138'!G16,'139'!G16,'140'!G16) -> 0.13142857 | H16: =AVERAGE('114'!H16,'115'!H16,'116'!H16,'117'!H16,'118'!H16,'119'!H16,'121'!H16,'122'!H16,'123'!H16,'124'!H16,'125'!H16,'126'!H16,'127'!H16,'128'!H16,'129'!H16,'130'!H16,'131'!H16,'138'!H16,'139'!H16,'140'!H16) -> 0.20486194 | I16: =AVERAGE('114'!I16,'115'!I16,'116'!I16,'117'!I16,'118'!I16,'119'!I16,'121'!I16,'122'!I16,'123'!I16,'124'!I16,'125'!I16,'126'!I16,'127'!I16,'128'!I16,'129'!I16,'130'!I16,'131'!I16,'138'!I16,'139'!I16,'140'!I16) -> 1.2612525 | J16: =AVERAGE('114'!J16,'115'!J16,'116'!J16,'117'!J16,'118'!J16,'119'!J16,'121'!J16,'122'!J16,'123'!J16,'124'!J16,'125'!J16,'126'!J16,'127'!J16,'128'!J16,'129'!J16,'130'!J16,'131'!J16,'138'!J16,'139'!J16,'140'!J16) -> 0.44571429 | ... P16: =AVERAGE('114'!P16,'115'!P16,'116'!P16,'117'!P16,'118'!P16,'119'!P16,'121'!P16,'122'!P16,'123'!P16,'124'!P16,'125'!P16,'126'!P16,'127'!P16,'128'!P16,'129'!P16,'130'!P16,'131'!P16,'138'!P16,'139'!P16,'140'!P16) -> 33.797529 | R16: 1300-1400 | S16: =SUM(C34:C37) -> 11.339272 | T16: =SUM(D34:D37) -> 4.7828621 | U16: =SUM(E34:E37) -> 9.4707553 | V16: =SUM(F34:F37) -> 5.4839596 | W16: =SUM(G34:G37) -> 0.43333333 | X16: =SUM(H34:H37) -> 2.2589096 | Y16: =SUM(I34:I37) -> 5.7516146 | Z16: =SUM(J34:J37) -> 1.9648119 | ... AF16: =SUM(P34:P37) -> 130.59147
B17: 08.45 - 9.00 | C17: =AVERAGE('114'!C17,'115'!C17,'116'!C17,'117'!C17,'118'!C17,'119'!C17,'121'!C17,'122'!C17,'123'!C17,'124'!C17,'125'!C17,'126'!C17,'127'!C17,'128'!C17,'129'!C17,'130'!C17,'131'!C17,'138'!C17,'139'!C17,'140'!C17) -> 2.4218167 | D17: =AVERAGE('114'!D17,'115'!D17,'116'!D17,'117'!D17,'118'!D17,'119'!D17,'121'!D17,'122'!D17,'123'!D17,'124'!D17,'125'!D17,'126'!D17,'127'!D17,'128'!D17,'129'!D17,'130'!D17,'131'!D17,'138'!D17,'139'!D17,'140'!D17) -> 1.0942977 | E17: =AVERAGE('114'!E17,'115'!E17,'116'!E17,'117'!E17,'118'!E17,'119'!E17,'121'!E17,'122'!E17,'123'!E17,'124'!E17,'125'!E17,'126'!E17,'127'!E17,'128'!E17,'129'!E17,'130'!E17,'131'!E17,'138'!E17,'139'!E17,'140'!E17) -> 2.2615026 | F17: =AVERAGE('114'!F17,'115'!F17,'116'!F17,'117'!F17,'118'!F17,'119'!F17,'121'!F17,'122'!F17,'123'!F17,'124'!F17,'125'!F17,'126'!F17,'127'!F17,'128'!F17,'129'!F17,'130'!F17,'131'!F17,'138'!F17,'139'!F17,'140'!F17) -> 1.4595238 | G17: =AVERAGE('114'!G17,'115'!G17,'116'!G17,'117'!G17,'118'!G17,'119'!G17,'121'!G17,'122'!G17,'123'!G17,'124'!G17,'125'!G17,'126'!G17,'127'!G17,'128'!G17,'129'!G17,'130'!G17,'131'!G17,'138'!G17,'139'!G17,'140'!G17) -> 0.19880952 | H17: =AVERAGE('114'!H17,'115'!H17,'116'!H17,'117'!H17,'118'!H17,'119'!H17,'121'!H17,'122'!H17,'123'!H17,'124'!H17,'125'!H17,'126'!H17,'127'!H17,'128'!H17,'129'!H17,'130'!H17,'131'!H17,'138'!H17,'139'!H17,'140'!H17) -> 0.1797619 | I17: =AVERAGE('114'!I17,'115'!I17,'116'!I17,'117'!I17,'118'!I17,'119'!I17,'121'!I17,'122'!I17,'123'!I17,'124'!I17,'125'!I17,'126'!I17,'127'!I17,'128'!I17,'129'!I17,'130'!I17,'131'!I17,'138'!I17,'139'!I17,'140'!I17) -> 1.3243357 | J17: =AVERAGE('114'!J17,'115'!J17,'116'!J17,'117'!J17,'118'!J17,'119'!J17,'121'!J17,'122'!J17,'123'!J17,'124'!J17,'125'!J17,'126'!J17,'127'!J17,'128'!J17,'129'!J17,'130'!J17,'131'!J17,'138'!J17,'139'!J17,'140'!J17) -> 0.66380952 | ... P17: =AVERAGE('114'!P17,'115'!P17,'116'!P17,'117'!P17,'118'!P17,'119'!P17,'121'!P17,'122'!P17,'123'!P17,'124'!P17,'125'!P17,'126'!P17,'127'!P17,'128'!P17,'129'!P17,'130'!P17,'131'!P17,'138'!P17,'139'!P17,'140'!P17) -> 34.130762 | R17: 1400-1500 | S17: =SUM(C38:C41) -> 11.483758 | T17: =SUM(D38:D41) -> 4.4154502 | U17: =SUM(E38:E41) -> 9.1452361 | V17: =SUM(F38:F41) -> 5.3683453 | W17: =SUM(G38:G41) -> 0.40238095 | X17: =SUM(H38:H41) -> 2.4179572 | Y17: =SUM(I38:I41) -> 6.1496098 | Z17: =SUM(J38:J41) -> 1.8441977 | ... AF17: =SUM(P38:P41) -> 126.30563
B18: 09.00 - 09.15 | C18: =AVERAGE('114'!C18,'115'!C18,'116'!C18,'117'!C18,'118'!C18,'119'!C18,'121'!C18,'122'!C18,'123'!C18,'124'!C18,'125'!C18,'126'!C18,'127'!C18,'128'!C18,'129'!C18,'130'!C18,'131'!C18,'138'!C18,'139'!C18,'140'!C18) -> 2.900024 | D18: =AVERAGE('114'!D18,'115'!D18,'116'!D18,'117'!D18,'118'!D18,'119'!D18,'121'!D18,'122'!D18,'123'!D18,'124'!D18,'125'!D18,'126'!D18,'127'!D18,'128'!D18,'129'!D18,'130'!D18,'131'!D18,'138'!D18,'139'!D18,'140'!D18) -> 0.9840096 | E18: =AVERAGE('114'!E18,'115'!E18,'116'!E18,'117'!E18,'118'!E18,'119'!E18,'121'!E18,'122'!E18,'123'!E18,'124'!E18,'125'!E18,'126'!E18,'127'!E18,'128'!E18,'129'!E18,'130'!E18,'131'!E18,'138'!E18,'139'!E18,'140'!E18) -> 2.0783073 | F18: =AVERAGE('114'!F18,'115'!F18,'116'!F18,'117'!F18,'118'!F18,'119'!F18,'121'!F18,'122'!F18,'123'!F18,'124'!F18,'125'!F18,'126'!F18,'127'!F18,'128'!F18,'129'!F18,'130'!F18,'131'!F18,'138'!F18,'139'!F18,'140'!F18) -> 1.1998119 | G18: =AVERAGE('114'!G18,'115'!G18,'116'!G18,'117'!G18,'118'!G18,'119'!G18,'121'!G18,'122'!G18,'123'!G18,'124'!G18,'125'!G18,'126'!G18,'127'!G18,'128'!G18,'129'!G18,'130'!G18,'131'!G18,'138'!G18,'139'!G18,'140'!G18) -> 0.085714286 | H18: =AVERAGE('114'!H18,'115'!H18,'116'!H18,'117'!H18,'118'!H18,'119'!H18,'121'!H18,'122'!H18,'123'!H18,'124'!H18,'125'!H18,'126'!H18,'127'!H18,'128'!H18,'129'!H18,'130'!H18,'131'!H18,'138'!H18,'139'!H18,'140'!H18) -> 0.27857143 | I18: =AVERAGE('114'!I18,'115'!I18,'116'!I18,'117'!I18,'118'!I18,'119'!I18,'121'!I18,'122'!I18,'123'!I18,'124'!I18,'125'!I18,'126'!I18,'127'!I18,'128'!I18,'129'!I18,'130'!I18,'131'!I18,'138'!I18,'139'!I18,'140'!I18) -> 1.3037715 | J18: =AVERAGE('114'!J18,'115'!J18,'116'!J18,'117'!J18,'118'!J18,'119'!J18,'121'!J18,'122'!J18,'123'!J18,'124'!J18,'125'!J18,'126'!J18,'127'!J18,'128'!J18,'129'!J18,'130'!J18,'131'!J18,'138'!J18,'139'!J18,'140'!J18) -> 0.41714286 | ... P18: =AVERAGE('114'!P18,'115'!P18,'116'!P18,'117'!P18,'118'!P18,'119'!P18,'121'!P18,'122'!P18,'123'!P18,'124'!P18,'125'!P18,'126'!P18,'127'!P18,'128'!P18,'129'!P18,'130'!P18,'131'!P18,'138'!P18,'139'!P18,'140'!P18) -> 33.074734 | R18: 1500-1600 | S18: =SUM(C42:C45) -> 11.987943 | T18: =SUM(D42:D45) -> 4.9814526 | U18: =SUM(E42:E45) -> 9.4946218 | V18: =SUM(F42:F45) -> 5.3640596 | W18: =SUM(G42:G45) -> 0.36214286 | X18: =SUM(H42:H45) -> 2.0820048 | Y18: =SUM(I42:I45) -> 6.172467 | Z18: =SUM(J42:J45) -> 1.7810524 | ... AF18: =SUM(P42:P45) -> 132.05463
B19: 09.15 - 09.30 | C19: =AVERAGE('114'!C19,'115'!C19,'116'!C19,'117'!C19,'118'!C19,'119'!C19,'121'!C19,'122'!C19,'123'!C19,'124'!C19,'125'!C19,'126'!C19,'127'!C19,'128'!C19,'129'!C19,'130'!C19,'131'!C19,'138'!C19,'139'!C19,'140'!C19) -> 2.832393 | D19: =AVERAGE('114'!D19,'115'!D19,'116'!D19,'117'!D19,'118'!D19,'119'!D19,'121'!D19,'122'!D19,'123'!D19,'124'!D19,'125'!D19,'126'!D19,'127'!D19,'128'!D19,'129'!D19,'130'!D19,'131'!D19,'138'!D19,'139'!D19,'140'!D19) -> 1.0382643 | E19: =AVERAGE('114'!E19,'115'!E19,'116'!E19,'117'!E19,'118'!E19,'119'!E19,'121'!E19,'122'!E19,'123'!E19,'124'!E19,'125'!E19,'126'!E19,'127'!E19,'128'!E19,'129'!E19,'130'!E19,'131'!E19,'138'!E19,'139'!E19,'140'!E19) -> 2.0309834 | F19: =AVERAGE('114'!F19,'115'!F19,'116'!F19,'117'!F19,'118'!F19,'119'!F19,'121'!F19,'122'!F19,'123'!F19,'124'!F19,'125'!F19,'126'!F19,'127'!F19,'128'!F19,'129'!F19,'130'!F19,'131'!F19,'138'!F19,'139'!F19,'140'!F19) -> 1.4662025 | G19: =AVERAGE('114'!G19,'115'!G19,'116'!G19,'117'!G19,'118'!G19,'119'!G19,'121'!G19,'122'!G19,'123'!G19,'124'!G19,'125'!G19,'126'!G19,'127'!G19,'128'!G19,'129'!G19,'130'!G19,'131'!G19,'138'!G19,'139'!G19,'140'!G19) -> 0.12857143 | H19: =AVERAGE('114'!H19,'115'!H19,'116'!H19,'117'!H19,'118'!H19,'119'!H19,'121'!H19,'122'!H19,'123'!H19,'124'!H19,'125'!H19,'126'!H19,'127'!H19,'128'!H19,'129'!H19,'130'!H19,'131'!H19,'138'!H19,'139'!H19,'140'!H19) -> 0.40119048 | I19: =AVERAGE('114'!I19,'115'!I19,'116'!I19,'117'!I19,'118'!I19,'119'!I19,'121'!I19,'122'!I19,'123'!I19,'124'!I19,'125'!I19,'126'!I19,'127'!I19,'128'!I19,'129'!I19,'130'!I19,'131'!I19,'138'!I19,'139'!I19,'140'!I19) -> 1.3263906 | J19: =AVERAGE('114'!J19,'115'!J19,'116'!J19,'117'!J19,'118'!J19,'119'!J19,'121'!J19,'122'!J19,'123'!J19,'124'!J19,'125'!J19,'126'!J19,'127'!J19,'128'!J19,'129'!J19,'130'!J19,'131'!J19,'138'!J19,'139'!J19,'140'!J19) -> 0.58547619 | ... P19: =AVERAGE('114'!P19,'115'!P19,'116'!P19,'117'!P19,'118'!P19,'119'!P19,'121'!P19,'122'!P19,'123'!P19,'124'!P19,'125'!P19,'126'!P19,'127'!P19,'128'!P19,'129'!P19,'130'!P19,'131'!P19,'138'!P19,'139'!P19,'140'!P19) -> 33.833093 | R19: 1600-1700 | S19: =SUM(C46:C49) -> 13.39531 | T19: =SUM(D46:D49) -> 4.887612 | U19: =SUM(E46:E49) -> 9.8146789 | V19: =SUM(F46:F49) -> 6.1347739 | W19: =SUM(G46:G49) -> 0.65833333 | X19: =SUM(H46:H49) -> 2.6501501 | Y19: =SUM(I46:I49) -> 6.2905362 | Z19: =SUM(J46:J49) -> 2.2394358 | ... AF19: =SUM(P46:P49) -> 140.83629
B20: 09.30 - 09.45 | C20: =AVERAGE('114'!C20,'115'!C20,'116'!C20,'117'!C20,'118'!C20,'119'!C20,'121'!C20,'122'!C20,'123'!C20,'124'!C20,'125'!C20,'126'!C20,'127'!C20,'128'!C20,'129'!C20,'130'!C20,'131'!C20,'138'!C20,'139'!C20,'140'!C20) -> 2.7812025 | D20: =AVERAGE('114'!D20,'115'!D20,'116'!D20,'117'!D20,'118'!D20,'119'!D20,'121'!D20,'122'!D20,'123'!D20,'124'!D20,'125'!D20,'126'!D20,'127'!D20,'128'!D20,'129'!D20,'130'!D20,'131'!D20,'138'!D20,'139'!D20,'140'!D20) -> 1.4088215 | E20: =AVERAGE('114'!E20,'115'!E20,'116'!E20,'117'!E20,'118'!E20,'119'!E20,'121'!E20,'122'!E20,'123'!E20,'124'!E20,'125'!E20,'126'!E20,'127'!E20,'128'!E20,'129'!E20,'130'!E20,'131'!E20,'138'!E20,'139'!E20,'140'!E20) -> 2.457405 | F20: =AVERAGE('114'!F20,'115'!F20,'116'!F20,'117'!F20,'118'!F20,'119'!F20,'121'!F20,'122'!F20,'123'!F20,'124'!F20,'125'!F20,'126'!F20,'127'!F20,'128'!F20,'129'!F20,'130'!F20,'131'!F20,'138'!F20,'139'!F20,'140'!F20) -> 1.3584834 | G20: =AVERAGE('114'!G20,'115'!G20,'116'!G20,'117'!G20,'118'!G20,'119'!G20,'121'!G20,'122'!G20,'123'!G20,'124'!G20,'125'!G20,'126'!G20,'127'!G20,'128'!G20,'129'!G20,'130'!G20,'131'!G20,'138'!G20,'139'!G20,'140'!G20) -> 0.12171669 | H20: =AVERAGE('114'!H20,'115'!H20,'116'!H20,'117'!H20,'118'!H20,'119'!H20,'121'!H20,'122'!H20,'123'!H20,'124'!H20,'125'!H20,'126'!H20,'127'!H20,'128'!H20,'129'!H20,'130'!H20,'131'!H20,'138'!H20,'139'!H20,'140'!H20) -> 0.28695478 | I20: =AVERAGE('114'!I20,'115'!I20,'116'!I20,'117'!I20,'118'!I20,'119'!I20,'121'!I20,'122'!I20,'123'!I20,'124'!I20,'125'!I20,'126'!I20,'127'!I20,'128'!I20,'129'!I20,'130'!I20,'131'!I20,'138'!I20,'139'!I20,'140'!I20) -> 1.4372549 | J20: =AVERAGE('114'!J20,'115'!J20,'116'!J20,'117'!J20,'118'!J20,'119'!J20,'121'!J20,'122'!J20,'123'!J20,'124'!J20,'125'!J20,'126'!J20,'127'!J20,'128'!J20,'129'!J20,'130'!J20,'131'!J20,'138'!J20,'139'!J20,'140'!J20) -> 0.48880952 | ... P20: =AVERAGE('114'!P20,'115'!P20,'116'!P20,'117'!P20,'118'!P20,'119'!P20,'121'!P20,'122'!P20,'123'!P20,'124'!P20,'125'!P20,'126'!P20,'127'!P20,'128'!P20,'129'!P20,'130'!P20,'131'!P20,'138'!P20,'139'!P20,'140'!P20) -> 35.888555 | R20: 1700-1800 | S20: =SUM(C50:C53) -> 14.815486 | T20: =SUM(D50:D53) -> 5.5205002 | U20: =SUM(E50:E53) -> 11.007053 | V20: =SUM(F50:F53) -> 6.0244478 | W20: =SUM(G50:G53) -> 0.8720048 | X20: =SUM(H50:H53) -> 1.3271549 | Y20: =SUM(I50:I53) -> 6.1540336 | Z20: =SUM(J50:J53) -> 2.8066667 | ... AF20: =SUM(P50:P53) -> 153.19289
B21: 09.45 - 10.00 | C21: =AVERAGE('114'!C21,'115'!C21,'116'!C21,'117'!C21,'118'!C21,'119'!C21,'121'!C21,'122'!C21,'123'!C21,'124'!C21,'125'!C21,'126'!C21,'127'!C21,'128'!C21,'129'!C21,'130'!C21,'131'!C21,'138'!C21,'139'!C21,'140'!C21) -> 2.9672429 | D21: =AVERAGE('114'!D21,'115'!D21,'116'!D21,'117'!D21,'118'!D21,'119'!D21,'121'!D21,'122'!D21,'123'!D21,'124'!D21,'125'!D21,'126'!D21,'127'!D21,'128'!D21,'129'!D21,'130'!D21,'131'!D21,'138'!D21,'139'!D21,'140'!D21) -> 1.1836715 | E21: =AVERAGE('114'!E21,'115'!E21,'116'!E21,'117'!E21,'118'!E21,'119'!E21,'121'!E21,'122'!E21,'123'!E21,'124'!E21,'125'!E21,'126'!E21,'127'!E21,'128'!E21,'129'!E21,'130'!E21,'131'!E21,'138'!E21,'139'!E21,'140'!E21) -> 2.3290596 | F21: =AVERAGE('114'!F21,'115'!F21,'116'!F21,'117'!F21,'118'!F21,'119'!F21,'121'!F21,'122'!F21,'123'!F21,'124'!F21,'125'!F21,'126'!F21,'127'!F21,'128'!F21,'129'!F21,'130'!F21,'131'!F21,'138'!F21,'139'!F21,'140'!F21) -> 1.0704762 | G21: =AVERAGE('114'!G21,'115'!G21,'116'!G21,'117'!G21,'118'!G21,'119'!G21,'121'!G21,'122'!G21,'123'!G21,'124'!G21,'125'!G21,'126'!G21,'127'!G21,'128'!G21,'129'!G21,'130'!G21,'131'!G21,'138'!G21,'139'!G21,'140'!G21) -> 0.12738095 | H21: =AVERAGE('114'!H21,'115'!H21,'116'!H21,'117'!H21,'118'!H21,'119'!H21,'121'!H21,'122'!H21,'123'!H21,'124'!H21,'125'!H21,'126'!H21,'127'!H21,'128'!H21,'129'!H21,'130'!H21,'131'!H21,'138'!H21,'139'!H21,'140'!H21) -> 0.2252381 | I21: =AVERAGE('114'!I21,'115'!I21,'116'!I21,'117'!I21,'118'!I21,'119'!I21,'121'!I21,'122'!I21,'123'!I21,'124'!I21,'125'!I21,'126'!I21,'127'!I21,'128'!I21,'129'!I21,'130'!I21,'131'!I21,'138'!I21,'139'!I21,'140'!I21) -> 1.2097239 | J21: =AVERAGE('114'!J21,'115'!J21,'116'!J21,'117'!J21,'118'!J21,'119'!J21,'121'!J21,'122'!J21,'123'!J21,'124'!J21,'125'!J21,'126'!J21,'127'!J21,'128'!J21,'129'!J21,'130'!J21,'131'!J21,'138'!J21,'139'!J21,'140'!J21) -> 0.47666667 | ... P21: =AVERAGE('114'!P21,'115'!P21,'116'!P21,'117'!P21,'118'!P21,'119'!P21,'121'!P21,'122'!P21,'123'!P21,'124'!P21,'125'!P21,'126'!P21,'127'!P21,'128'!P21,'129'!P21,'130'!P21,'131'!P21,'138'!P21,'139'!P21,'140'!P21) -> 34.643081 | R21: 1800-1900 | S21: =SUM(C54:C57) -> 13.341715 | T21: =SUM(D54:D57) -> 4.9868597 | U21: =SUM(E54:E57) -> 9.8951291 | V21: =SUM(F54:F57) -> 5.9745978 | W21: =SUM(G54:G57) -> 0.93695478 | X21: =SUM(H54:H57) -> 1.4486214 | Y21: =SUM(I54:I57) -> 6.6135574 | Z21: =SUM(J54:J57) -> 2.3890976 | ... AF21: =SUM(P54:P57) -> 147.77469
B22: 10.00 - 10.15 | C22: =AVERAGE('114'!C22,'115'!C22,'116'!C22,'117'!C22,'118'!C22,'119'!C22,'121'!C22,'122'!C22,'123'!C22,'124'!C22,'125'!C22,'126'!C22,'127'!C22,'128'!C22,'129'!C22,'130'!C22,'131'!C22,'138'!C22,'139'!C22,'140'!C22) -> 2.845112 | D22: =AVERAGE('114'!D22,'115'!D22,'116'!D22,'117'!D22,'118'!D22,'119'!D22,'121'!D22,'122'!D22,'123'!D22,'124'!D22,'125'!D22,'126'!D22,'127'!D22,'128'!D22,'129'!D22,'130'!D22,'131'!D22,'138'!D22,'139'!D22,'140'!D22) -> 1.4571238 | E22: =AVERAGE('114'!E22,'115'!E22,'116'!E22,'117'!E22,'118'!E22,'119'!E22,'121'!E22,'122'!E22,'123'!E22,'124'!E22,'125'!E22,'126'!E22,'127'!E22,'128'!E22,'129'!E22,'130'!E22,'131'!E22,'138'!E22,'139'!E22,'140'!E22) -> 2.5941787 | F22: =AVERAGE('114'!F22,'115'!F22,'116'!F22,'117'!F22,'118'!F22,'119'!F22,'121'!F22,'122'!F22,'123'!F22,'124'!F22,'125'!F22,'126'!F22,'127'!F22,'128'!F22,'129'!F22,'130'!F22,'131'!F22,'138'!F22,'139'!F22,'140'!F22) -> 1.4062405 | G22: =AVERAGE('114'!G22,'115'!G22,'116'!G22,'117'!G22,'118'!G22,'119'!G22,'121'!G22,'122'!G22,'123'!G22,'124'!G22,'125'!G22,'126'!G22,'127'!G22,'128'!G22,'129'!G22,'130'!G22,'131'!G22,'138'!G22,'139'!G22,'140'!G22) -> 0.15357143 | H22: =AVERAGE('114'!H22,'115'!H22,'116'!H22,'117'!H22,'118'!H22,'119'!H22,'121'!H22,'122'!H22,'123'!H22,'124'!H22,'125'!H22,'126'!H22,'127'!H22,'128'!H22,'129'!H22,'130'!H22,'131'!H22,'138'!H22,'139'!H22,'140'!H22) -> 0.27385954 | I22: =AVERAGE('114'!I22,'115'!I22,'116'!I22,'117'!I22,'118'!I22,'119'!I22,'121'!I22,'122'!I22,'123'!I22,'124'!I22,'125'!I22,'126'!I22,'127'!I22,'128'!I22,'129'!I22,'130'!I22,'131'!I22,'138'!I22,'139'!I22,'140'!I22) -> 1.4421048 | J22: =AVERAGE('114'!J22,'115'!J22,'116'!J22,'117'!J22,'118'!J22,'119'!J22,'121'!J22,'122'!J22,'123'!J22,'124'!J22,'125'!J22,'126'!J22,'127'!J22,'128'!J22,'129'!J22,'130'!J22,'131'!J22,'138'!J22,'139'!J22,'140'!J22) -> 0.46166667 | ... P22: =AVERAGE('114'!P22,'115'!P22,'116'!P22,'117'!P22,'118'!P22,'119'!P22,'121'!P22,'122'!P22,'123'!P22,'124'!P22,'125'!P22,'126'!P22,'127'!P22,'128'!P22,'129'!P22,'130'!P22,'131'!P22,'138'!P22,'139'!P22,'140'!P22) -> 35.570336 | R22: 1900-2000 | S22: =SUM(C58:C61) -> 11.632493 | T22: =SUM(D58:D61) -> 4.0302836 | U22: =SUM(E58:E61) -> 7.8634839 | V22: =SUM(F58:F61) -> 5.3546919 | W22: =SUM(G58:G61) -> 0.69166667 | X22: =SUM(H58:H61) -> 0.61267507 | Y22: =SUM(I58:I61) -> 4.5640756 | Z22: =SUM(J58:J61) -> 2.3 | ... AF22: =SUM(P58:P61) -> 136.24174
B23: 10.15 - 10.30 | C23: =AVERAGE('114'!C23,'115'!C23,'116'!C23,'117'!C23,'118'!C23,'119'!C23,'121'!C23,'122'!C23,'123'!C23,'124'!C23,'125'!C23,'126'!C23,'127'!C23,'128'!C23,'129'!C23,'130'!C23,'131'!C23,'138'!C23,'139'!C23,'140'!C23) -> 3.0073429 | D23: =AVERAGE('114'!D23,'115'!D23,'116'!D23,'117'!D23,'118'!D23,'119'!D23,'121'!D23,'122'!D23,'123'!D23,'124'!D23,'125'!D23,'126'!D23,'127'!D23,'128'!D23,'129'!D23,'130'!D23,'131'!D23,'138'!D23,'139'!D23,'140'!D23) -> 1.1908143 | E23: =AVERAGE('114'!E23,'115'!E23,'116'!E23,'117'!E23,'118'!E23,'119'!E23,'121'!E23,'122'!E23,'123'!E23,'124'!E23,'125'!E23,'126'!E23,'127'!E23,'128'!E23,'129'!E23,'130'!E23,'131'!E23,'138'!E23,'139'!E23,'140'!E23) -> 2.2685834 | F23: =AVERAGE('114'!F23,'115'!F23,'116'!F23,'117'!F23,'118'!F23,'119'!F23,'121'!F23,'122'!F23,'123'!F23,'124'!F23,'125'!F23,'126'!F23,'127'!F23,'128'!F23,'129'!F23,'130'!F23,'131'!F23,'138'!F23,'139'!F23,'140'!F23) -> 1.3606263 | G23: =AVERAGE('114'!G23,'115'!G23,'116'!G23,'117'!G23,'118'!G23,'119'!G23,'121'!G23,'122'!G23,'123'!G23,'124'!G23,'125'!G23,'126'!G23,'127'!G23,'128'!G23,'129'!G23,'130'!G23,'131'!G23,'138'!G23,'139'!G23,'140'!G23) -> 0.16190476 | H23: =AVERAGE('114'!H23,'115'!H23,'116'!H23,'117'!H23,'118'!H23,'119'!H23,'121'!H23,'122'!H23,'123'!H23,'124'!H23,'125'!H23,'126'!H23,'127'!H23,'128'!H23,'129'!H23,'130'!H23,'131'!H23,'138'!H23,'139'!H23,'140'!H23) -> 0.26909764 | I23: =AVERAGE('114'!I23,'115'!I23,'116'!I23,'117'!I23,'118'!I23,'119'!I23,'121'!I23,'122'!I23,'123'!I23,'124'!I23,'125'!I23,'126'!I23,'127'!I23,'128'!I23,'129'!I23,'130'!I23,'131'!I23,'138'!I23,'139'!I23,'140'!I23) -> 1.2070048 | J23: =AVERAGE('114'!J23,'115'!J23,'116'!J23,'117'!J23,'118'!J23,'119'!J23,'121'!J23,'122'!J23,'123'!J23,'124'!J23,'125'!J23,'126'!J23,'127'!J23,'128'!J23,'129'!J23,'130'!J23,'131'!J23,'138'!J23,'139'!J23,'140'!J23) -> 0.42 | ... P23: =AVERAGE('114'!P23,'115'!P23,'116'!P23,'117'!P23,'118'!P23,'119'!P23,'121'!P23,'122'!P23,'123'!P23,'124'!P23,'125'!P23,'126'!P23,'127'!P23,'128'!P23,'129'!P23,'130'!P23,'131'!P23,'138'!P23,'139'!P23,'140'!P23) -> 34.412191 | R23: 2000-2100 | S23: =SUM(C62:C65) -> 9.2037115 | T23: =SUM(D62:D65) -> 3.875042 | U23: =SUM(E62:E65) -> 6.9697759 | V23: =SUM(F62:F65) -> 3.3630252 | W23: =SUM(G62:G65) -> 0.57934174 | X23: =SUM(H62:H65) -> 0.65 | Y23: =SUM(I62:I65) -> 3.7093838 | Z23: =SUM(J62:J65) -> 1.9420168 | ... AF23: =SUM(P62:P65) -> 106.85672
B24: 10.30 - 10.45 | C24: =AVERAGE('114'!C24,'115'!C24,'116'!C24,'117'!C24,'118'!C24,'119'!C24,'121'!C24,'122'!C24,'123'!C24,'124'!C24,'125'!C24,'126'!C24,'127'!C24,'128'!C24,'129'!C24,'130'!C24,'131'!C24,'138'!C24,'139'!C24,'140'!C24) -> 2.9828691 | D24: =AVERAGE('114'!D24,'115'!D24,'116'!D24,'117'!D24,'118'!D24,'119'!D24,'121'!D24,'122'!D24,'123'!D24,'124'!D24,'125'!D24,'126'!D24,'127'!D24,'128'!D24,'129'!D24,'130'!D24,'131'!D24,'138'!D24,'139'!D24,'140'!D24) -> 1.2529072 | E24: =AVERAGE('114'!E24,'115'!E24,'116'!E24,'117'!E24,'118'!E24,'119'!E24,'121'!E24,'122'!E24,'123'!E24,'124'!E24,'125'!E24,'126'!E24,'127'!E24,'128'!E24,'129'!E24,'130'!E24,'131'!E24,'138'!E24,'139'!E24,'140'!E24) -> 2.3501501 | F24: =AVERAGE('114'!F24,'115'!F24,'116'!F24,'117'!F24,'118'!F24,'119'!F24,'121'!F24,'122'!F24,'123'!F24,'124'!F24,'125'!F24,'126'!F24,'127'!F24,'128'!F24,'129'!F24,'130'!F24,'131'!F24,'138'!F24,'139'!F24,'140'!F24) -> 1.2142857 | G24: =AVERAGE('114'!G24,'115'!G24,'116'!G24,'117'!G24,'118'!G24,'119'!G24,'121'!G24,'122'!G24,'123'!G24,'124'!G24,'125'!G24,'126'!G24,'127'!G24,'128'!G24,'129'!G24,'130'!G24,'131'!G24,'138'!G24,'139'!G24,'140'!G24) -> 0.10595238 | H24: =AVERAGE('114'!H24,'115'!H24,'116'!H24,'117'!H24,'118'!H24,'119'!H24,'121'!H24,'122'!H24,'123'!H24,'124'!H24,'125'!H24,'126'!H24,'127'!H24,'128'!H24,'129'!H24,'130'!H24,'131'!H24,'138'!H24,'139'!H24,'140'!H24) -> 0.19642857 | I24: =AVERAGE('114'!I24,'115'!I24,'116'!I24,'117'!I24,'118'!I24,'119'!I24,'121'!I24,'122'!I24,'123'!I24,'124'!I24,'125'!I24,'126'!I24,'127'!I24,'128'!I24,'129'!I24,'130'!I24,'131'!I24,'138'!I24,'139'!I24,'140'!I24) -> 1.4609644 | J24: =AVERAGE('114'!J24,'115'!J24,'116'!J24,'117'!J24,'118'!J24,'119'!J24,'121'!J24,'122'!J24,'123'!J24,'124'!J24,'125'!J24,'126'!J24,'127'!J24,'128'!J24,'129'!J24,'130'!J24,'131'!J24,'138'!J24,'139'!J24,'140'!J24) -> 0.47380952 | ... P24: =AVERAGE('114'!P24,'115'!P24,'116'!P24,'117'!P24,'118'!P24,'119'!P24,'121'!P24,'122'!P24,'123'!P24,'124'!P24,'125'!P24,'126'!P24,'127'!P24,'128'!P24,'129'!P24,'130'!P24,'131'!P24,'138'!P24,'139'!P24,'140'!P24) -> 34.821703 | R24: 2100-2200 | S24: =SUM(C66:C69) -> 7.4457283 | T24: =SUM(D66:D69) -> 2.3860504 | U24: =SUM(E66:E69) -> 5.3551261 | V24: =SUM(F66:F69) -> 3.0083333 | W24: =SUM(G66:G69) -> 0.2710084 | X24: =SUM(H66:H69) -> 0.825 | Y24: =SUM(I66:I69) -> 2.9177171 | Z24: =SUM(J66:J69) -> 1.1170168 | ... AF24: =SUM(P66:P69) -> 79.453782
B25: 10.45 - 11.00 | C25: =AVERAGE('114'!C25,'115'!C25,'116'!C25,'117'!C25,'118'!C25,'119'!C25,'121'!C25,'122'!C25,'123'!C25,'124'!C25,'125'!C25,'126'!C25,'127'!C25,'128'!C25,'129'!C25,'130'!C25,'131'!C25,'138'!C25,'139'!C25,'140'!C25) -> 2.9991597 | D25: =AVERAGE('114'!D25,'115'!D25,'116'!D25,'117'!D25,'118'!D25,'119'!D25,'121'!D25,'122'!D25,'123'!D25,'124'!D25,'125'!D25,'126'!D25,'127'!D25,'128'!D25,'129'!D25,'130'!D25,'131'!D25,'138'!D25,'139'!D25,'140'!D25) -> 1.1976 | E25: =AVERAGE('114'!E25,'115'!E25,'116'!E25,'117'!E25,'118'!E25,'119'!E25,'121'!E25,'122'!E25,'123'!E25,'124'!E25,'125'!E25,'126'!E25,'127'!E25,'128'!E25,'129'!E25,'130'!E25,'131'!E25,'138'!E25,'139'!E25,'140'!E25) -> 2.3010334 | F25: =AVERAGE('114'!F25,'115'!F25,'116'!F25,'117'!F25,'118'!F25,'119'!F25,'121'!F25,'122'!F25,'123'!F25,'124'!F25,'125'!F25,'126'!F25,'127'!F25,'128'!F25,'129'!F25,'130'!F25,'131'!F25,'138'!F25,'139'!F25,'140'!F25) -> 1.4230072 | G25: =AVERAGE('114'!G25,'115'!G25,'116'!G25,'117'!G25,'118'!G25,'119'!G25,'121'!G25,'122'!G25,'123'!G25,'124'!G25,'125'!G25,'126'!G25,'127'!G25,'128'!G25,'129'!G25,'130'!G25,'131'!G25,'138'!G25,'139'!G25,'140'!G25) -> 0.14404762 | H25: =AVERAGE('114'!H25,'115'!H25,'116'!H25,'117'!H25,'118'!H25,'119'!H25,'121'!H25,'122'!H25,'123'!H25,'124'!H25,'125'!H25,'126'!H25,'127'!H25,'128'!H25,'129'!H25,'130'!H25,'131'!H25,'138'!H25,'139'!H25,'140'!H25) -> 0.29528812 | I25: =AVERAGE('114'!I25,'115'!I25,'116'!I25,'117'!I25,'118'!I25,'119'!I25,'121'!I25,'122'!I25,'123'!I25,'124'!I25,'125'!I25,'126'!I25,'127'!I25,'128'!I25,'129'!I25,'130'!I25,'131'!I25,'138'!I25,'139'!I25,'140'!I25) -> 1.1965286 | J25: =AVERAGE('114'!J25,'115'!J25,'116'!J25,'117'!J25,'118'!J25,'119'!J25,'121'!J25,'122'!J25,'123'!J25,'124'!J25,'125'!J25,'126'!J25,'127'!J25,'128'!J25,'129'!J25,'130'!J25,'131'!J25,'138'!J25,'139'!J25,'140'!J25) -> 0.50428571 | ... P25: =AVERAGE('114'!P25,'115'!P25,'116'!P25,'117'!P25,'118'!P25,'119'!P25,'121'!P25,'122'!P25,'123'!P25,'124'!P25,'125'!P25,'126'!P25,'127'!P25,'128'!P25,'129'!P25,'130'!P25,'131'!P25,'138'!P25,'139'!P25,'140'!P25) -> 34.037717 | R25: 2200-2300 | S25: =SUM(C70:C73) -> 5.534944 | T25: =SUM(D70:D73) -> 2.322584 | U25: =SUM(E70:E73) -> 4.4370098 | V25: =SUM(F70:F73) -> 2.0416667 | W25: =SUM(G70:G73) -> 0.18802521 | X25: =SUM(H70:H73) -> 0.91267507 | Y25: =SUM(I70:I73) -> 2.9553922 | Z25: =SUM(J70:J73) -> 1.4840336 | ... AF25: =SUM(P70:P73) -> 57.038165
B26: 11.00 - 11.15 | C26: =AVERAGE('114'!C26,'115'!C26,'116'!C26,'117'!C26,'118'!C26,'119'!C26,'121'!C26,'122'!C26,'123'!C26,'124'!C26,'125'!C26,'126'!C26,'127'!C26,'128'!C26,'129'!C26,'130'!C26,'131'!C26,'138'!C26,'139'!C26,'140'!C26) -> 3.2426811 | D26: =AVERAGE('114'!D26,'115'!D26,'116'!D26,'117'!D26,'118'!D26,'119'!D26,'121'!D26,'122'!D26,'123'!D26,'124'!D26,'125'!D26,'126'!D26,'127'!D26,'128'!D26,'129'!D26,'130'!D26,'131'!D26,'138'!D26,'139'!D26,'140'!D26) -> 1.0341477 | E26: =AVERAGE('114'!E26,'115'!E26,'116'!E26,'117'!E26,'118'!E26,'119'!E26,'121'!E26,'122'!E26,'123'!E26,'124'!E26,'125'!E26,'126'!E26,'127'!E26,'128'!E26,'129'!E26,'130'!E26,'131'!E26,'138'!E26,'139'!E26,'140'!E26) -> 2.2681072 | F26: =AVERAGE('114'!F26,'115'!F26,'116'!F26,'117'!F26,'118'!F26,'119'!F26,'121'!F26,'122'!F26,'123'!F26,'124'!F26,'125'!F26,'126'!F26,'127'!F26,'128'!F26,'129'!F26,'130'!F26,'131'!F26,'138'!F26,'139'!F26,'140'!F26) -> 1.4861024 | G26: =AVERAGE('114'!G26,'115'!G26,'116'!G26,'117'!G26,'118'!G26,'119'!G26,'121'!G26,'122'!G26,'123'!G26,'124'!G26,'125'!G26,'126'!G26,'127'!G26,'128'!G26,'129'!G26,'130'!G26,'131'!G26,'138'!G26,'139'!G26,'140'!G26) -> 0.09047619 | H26: =AVERAGE('114'!H26,'115'!H26,'116'!H26,'117'!H26,'118'!H26,'119'!H26,'121'!H26,'122'!H26,'123'!H26,'124'!H26,'125'!H26,'126'!H26,'127'!H26,'128'!H26,'129'!H26,'130'!H26,'131'!H26,'138'!H26,'139'!H26,'140'!H26) -> 0.175 | I26: =AVERAGE('114'!I26,'115'!I26,'116'!I26,'117'!I26,'118'!I26,'119'!I26,'121'!I26,'122'!I26,'123'!I26,'124'!I26,'125'!I26,'126'!I26,'127'!I26,'128'!I26,'129'!I26,'130'!I26,'131'!I26,'138'!I26,'139'!I26,'140'!I26) -> 1.4920548 | J26: =AVERAGE('114'!J26,'115'!J26,'116'!J26,'117'!J26,'118'!J26,'119'!J26,'121'!J26,'122'!J26,'123'!J26,'124'!J26,'125'!J26,'126'!J26,'127'!J26,'128'!J26,'129'!J26,'130'!J26,'131'!J26,'138'!J26,'139'!J26,'140'!J26) -> 0.49 | ... P26: =AVERAGE('114'!P26,'115'!P26,'116'!P26,'117'!P26,'118'!P26,'119'!P26,'121'!P26,'122'!P26,'123'!P26,'124'!P26,'125'!P26,'126'!P26,'127'!P26,'128'!P26,'129'!P26,'130'!P26,'131'!P26,'138'!P26,'139'!P26,'140'!P26) -> 34.781477 | R26: 2300-0000 | S26: =SUM(C74:C77) -> 4.1668768 | T26: =SUM(D74:D77) -> 2.4370588 | U26: =SUM(E74:E77) -> 3.9834594 | V26: =SUM(F74:F77) -> 1.225 | W26: =SUM(G74:G77) -> 0.1710084 | X26: =SUM(H74:H77) -> 0.5960084 | Y26: =SUM(I74:I77) -> 2.5470588 | Z26: =SUM(J74:J77) -> 0.8710084 | ... AF26: =SUM(P74:P77) -> 39.064846
B27: 11.15 - 11.30 | C27: =AVERAGE('114'!C27,'115'!C27,'116'!C27,'117'!C27,'118'!C27,'119'!C27,'121'!C27,'122'!C27,'123'!C27,'124'!C27,'125'!C27,'126'!C27,'127'!C27,'128'!C27,'129'!C27,'130'!C27,'131'!C27,'138'!C27,'139'!C27,'140'!C27) -> 2.8563906 | D27: =AVERAGE('114'!D27,'115'!D27,'116'!D27,'117'!D27,'118'!D27,'119'!D27,'121'!D27,'122'!D27,'123'!D27,'124'!D27,'125'!D27,'126'!D27,'127'!D27,'128'!D27,'129'!D27,'130'!D27,'131'!D27,'138'!D27,'139'!D27,'140'!D27) -> 1.1946549 | E27: =AVERAGE('114'!E27,'115'!E27,'116'!E27,'117'!E27,'118'!E27,'119'!E27,'121'!E27,'122'!E27,'123'!E27,'124'!E27,'125'!E27,'126'!E27,'127'!E27,'128'!E27,'129'!E27,'130'!E27,'131'!E27,'138'!E27,'139'!E27,'140'!E27) -> 2.4510954 | F27: =AVERAGE('114'!F27,'115'!F27,'116'!F27,'117'!F27,'118'!F27,'119'!F27,'121'!F27,'122'!F27,'123'!F27,'124'!F27,'125'!F27,'126'!F27,'127'!F27,'128'!F27,'129'!F27,'130'!F27,'131'!F27,'138'!F27,'139'!F27,'140'!F27) -> 1.3328571 | G27: =AVERAGE('114'!G27,'115'!G27,'116'!G27,'117'!G27,'118'!G27,'119'!G27,'121'!G27,'122'!G27,'123'!G27,'124'!G27,'125'!G27,'126'!G27,'127'!G27,'128'!G27,'129'!G27,'130'!G27,'131'!G27,'138'!G27,'139'!G27,'140'!G27) -> 0.12738095 | H27: =AVERAGE('114'!H27,'115'!H27,'116'!H27,'117'!H27,'118'!H27,'119'!H27,'121'!H27,'122'!H27,'123'!H27,'124'!H27,'125'!H27,'126'!H27,'127'!H27,'128'!H27,'129'!H27,'130'!H27,'131'!H27,'138'!H27,'139'!H27,'140'!H27) -> 0.16909764 | I27: =AVERAGE('114'!I27,'115'!I27,'116'!I27,'117'!I27,'118'!I27,'119'!I27,'121'!I27,'122'!I27,'123'!I27,'124'!I27,'125'!I27,'126'!I27,'127'!I27,'128'!I27,'129'!I27,'130'!I27,'131'!I27,'138'!I27,'139'!I27,'140'!I27) -> 1.3244358 | J27: =AVERAGE('114'!J27,'115'!J27,'116'!J27,'117'!J27,'118'!J27,'119'!J27,'121'!J27,'122'!J27,'123'!J27,'124'!J27,'125'!J27,'126'!J27,'127'!J27,'128'!J27,'129'!J27,'130'!J27,'131'!J27,'138'!J27,'139'!J27,'140'!J27) -> 0.4702381 | ... P27: =AVERAGE('114'!P27,'115'!P27,'116'!P27,'117'!P27,'118'!P27,'119'!P27,'121'!P27,'122'!P27,'123'!P27,'124'!P27,'125'!P27,'126'!P27,'127'!P27,'128'!P27,'129'!P27,'130'!P27,'131'!P27,'138'!P27,'139'!P27,'140'!P27) -> 33.008631 | R27: 0000-0100 | S27: =SUM(C78:C81) -> 3.7845938 | T27: =SUM(D78:D81) -> 1.5198004 | U27: =SUM(E78:E81) -> 3.0876926 | V27: =SUM(F78:F81) -> 0.83403361 | W27: =SUM(G78:G81) -> 0.14201681 | X27: =SUM(H78:H81) -> 0.49201681 | Y27: =SUM(I78:I81) -> 2.4137255 | Z27: =SUM(J78:J81) -> 0.93004202 | ... AF27: =SUM(P78:P81) -> 30.385714
B28: 11.30 - 11.45 | C28: =AVERAGE('114'!C28,'115'!C28,'116'!C28,'117'!C28,'118'!C28,'119'!C28,'121'!C28,'122'!C28,'123'!C28,'124'!C28,'125'!C28,'126'!C28,'127'!C28,'128'!C28,'129'!C28,'130'!C28,'131'!C28,'138'!C28,'139'!C28,'140'!C28) -> 2.8782073 | D28: =AVERAGE('114'!D28,'115'!D28,'116'!D28,'117'!D28,'118'!D28,'119'!D28,'121'!D28,'122'!D28,'123'!D28,'124'!D28,'125'!D28,'126'!D28,'127'!D28,'128'!D28,'129'!D28,'130'!D28,'131'!D28,'138'!D28,'139'!D28,'140'!D28) -> 1.247481 | E28: =AVERAGE('114'!E28,'115'!E28,'116'!E28,'117'!E28,'118'!E28,'119'!E28,'121'!E28,'122'!E28,'123'!E28,'124'!E28,'125'!E28,'126'!E28,'127'!E28,'128'!E28,'129'!E28,'130'!E28,'131'!E28,'138'!E28,'139'!E28,'140'!E28) -> 2.4254882 | F28: =AVERAGE('114'!F28,'115'!F28,'116'!F28,'117'!F28,'118'!F28,'119'!F28,'121'!F28,'122'!F28,'123'!F28,'124'!F28,'125'!F28,'126'!F28,'127'!F28,'128'!F28,'129'!F28,'130'!F28,'131'!F28,'138'!F28,'139'!F28,'140'!F28) -> 1.2095238 | G28: =AVERAGE('114'!G28,'115'!G28,'116'!G28,'117'!G28,'118'!G28,'119'!G28,'121'!G28,'122'!G28,'123'!G28,'124'!G28,'125'!G28,'126'!G28,'127'!G28,'128'!G28,'129'!G28,'130'!G28,'131'!G28,'138'!G28,'139'!G28,'140'!G28) -> 0.13690476 | H28: =AVERAGE('114'!H28,'115'!H28,'116'!H28,'117'!H28,'118'!H28,'119'!H28,'121'!H28,'122'!H28,'123'!H28,'124'!H28,'125'!H28,'126'!H28,'127'!H28,'128'!H28,'129'!H28,'130'!H28,'131'!H28,'138'!H28,'139'!H28,'140'!H28) -> 0.16547619 | I28: =AVERAGE('114'!I28,'115'!I28,'116'!I28,'117'!I28,'118'!I28,'119'!I28,'121'!I28,'122'!I28,'123'!I28,'124'!I28,'125'!I28,'126'!I28,'127'!I28,'128'!I28,'129'!I28,'130'!I28,'131'!I28,'138'!I28,'139'!I28,'140'!I28) -> 1.302393 | J28: =AVERAGE('114'!J28,'115'!J28,'116'!J28,'117'!J28,'118'!J28,'119'!J28,'121'!J28,'122'!J28,'123'!J28,'124'!J28,'125'!J28,'126'!J28,'127'!J28,'128'!J28,'129'!J28,'130'!J28,'131'!J28,'138'!J28,'139'!J28,'140'!J28) -> 0.54833333 | ... P28: =AVERAGE('114'!P28,'115'!P28,'116'!P28,'117'!P28,'118'!P28,'119'!P28,'121'!P28,'122'!P28,'123'!P28,'124'!P28,'125'!P28,'126'!P28,'127'!P28,'128'!P28,'129'!P28,'130'!P28,'131'!P28,'138'!P28,'139'!P28,'140'!P28) -> 33.374396 | R28: 0100-0200 | S28: =SUM(C82:C85) -> 3.1828431 | T28: =SUM(D82:D85) -> 1.8873424 | U28: =SUM(E82:E85) -> 3.2976015 | V28: =SUM(F82:F85) -> 0.75504202 | W28: =SUM(G82:G85) -> 0.30504202 | X28: =SUM(H82:H85) -> 0.48802521 | Y28: =SUM(I82:I85) -> 2.2177171 | Z28: =SUM(J82:J85) -> 0.63767507 | ... AF28: =SUM(P82:P85) -> 25.590056
B29: 11.45 - 12.00 | C29: =AVERAGE('114'!C29,'115'!C29,'116'!C29,'117'!C29,'118'!C29,'119'!C29,'121'!C29,'122'!C29,'123'!C29,'124'!C29,'125'!C29,'126'!C29,'127'!C29,'128'!C29,'129'!C29,'130'!C29,'131'!C29,'138'!C29,'139'!C29,'140'!C29) -> 2.8432953 | D29: =AVERAGE('114'!D29,'115'!D29,'116'!D29,'117'!D29,'118'!D29,'119'!D29,'121'!D29,'122'!D29,'123'!D29,'124'!D29,'125'!D29,'126'!D29,'127'!D29,'128'!D29,'129'!D29,'130'!D29,'131'!D29,'138'!D29,'139'!D29,'140'!D29) -> 1.2486525 | E29: =AVERAGE('114'!E29,'115'!E29,'116'!E29,'117'!E29,'118'!E29,'119'!E29,'121'!E29,'122'!E29,'123'!E29,'124'!E29,'125'!E29,'126'!E29,'127'!E29,'128'!E29,'129'!E29,'130'!E29,'131'!E29,'138'!E29,'139'!E29,'140'!E29) -> 2.3131383 | F29: =AVERAGE('114'!F29,'115'!F29,'116'!F29,'117'!F29,'118'!F29,'119'!F29,'121'!F29,'122'!F29,'123'!F29,'124'!F29,'125'!F29,'126'!F29,'127'!F29,'128'!F29,'129'!F29,'130'!F29,'131'!F29,'138'!F29,'139'!F29,'140'!F29) -> 1.3931453 | G29: =AVERAGE('114'!G29,'115'!G29,'116'!G29,'117'!G29,'118'!G29,'119'!G29,'121'!G29,'122'!G29,'123'!G29,'124'!G29,'125'!G29,'126'!G29,'127'!G29,'128'!G29,'129'!G29,'130'!G29,'131'!G29,'138'!G29,'139'!G29,'140'!G29) -> 0.11904762 | H29: =AVERAGE('114'!H29,'115'!H29,'116'!H29,'117'!H29,'118'!H29,'119'!H29,'121'!H29,'122'!H29,'123'!H29,'124'!H29,'125'!H29,'126'!H29,'127'!H29,'128'!H29,'129'!H29,'130'!H29,'131'!H29,'138'!H29,'139'!H29,'140'!H29) -> 0.3060024 | I29: =AVERAGE('114'!I29,'115'!I29,'116'!I29,'117'!I29,'118'!I29,'119'!I29,'121'!I29,'122'!I29,'123'!I29,'124'!I29,'125'!I29,'126'!I29,'127'!I29,'128'!I29,'129'!I29,'130'!I29,'131'!I29,'138'!I29,'139'!I29,'140'!I29) -> 1.4359644 | J29: =AVERAGE('114'!J29,'115'!J29,'116'!J29,'117'!J29,'118'!J29,'119'!J29,'121'!J29,'122'!J29,'123'!J29,'124'!J29,'125'!J29,'126'!J29,'127'!J29,'128'!J29,'129'!J29,'130'!J29,'131'!J29,'138'!J29,'139'!J29,'140'!J29) -> 0.445 | ... P29: =AVERAGE('114'!P29,'115'!P29,'116'!P29,'117'!P29,'118'!P29,'119'!P29,'121'!P29,'122'!P29,'123'!P29,'124'!P29,'125'!P29,'126'!P29,'127'!P29,'128'!P29,'129'!P29,'130'!P29,'131'!P29,'138'!P29,'139'!P29,'140'!P29) -> 33.205022 | R29: 0200-0300 | S29: =SUM(C86:C89) -> 2.3708683 | T29: =SUM(D86:D89) -> 1.0052836 | U29: =SUM(E86:E89) -> 2.6475175 | V29: =SUM(F86:F89) -> 0.7460084 | W29: =SUM(G86:G89) -> 0.096008403 | X29: =SUM(H86:H89) -> 0.45 | Y29: =SUM(I86:I89) -> 1.8140756 | Z29: =SUM(J86:J89) -> 0.48333333 | ... AF29: =SUM(P86:P89) -> 16.702521
B30: 12.00 - 12.15 | C30: =AVERAGE('114'!C30,'115'!C30,'116'!C30,'117'!C30,'118'!C30,'119'!C30,'121'!C30,'122'!C30,'123'!C30,'124'!C30,'125'!C30,'126'!C30,'127'!C30,'128'!C30,'129'!C30,'130'!C30,'131'!C30,'138'!C30,'139'!C30,'140'!C30) -> 2.9922049 | D30: =AVERAGE('114'!D30,'115'!D30,'116'!D30,'117'!D30,'118'!D30,'119'!D30,'121'!D30,'122'!D30,'123'!D30,'124'!D30,'125'!D30,'126'!D30,'127'!D30,'128'!D30,'129'!D30,'130'!D30,'131'!D30,'138'!D30,'139'!D30,'140'!D30) -> 1.1230072 | E30: =AVERAGE('114'!E30,'115'!E30,'116'!E30,'117'!E30,'118'!E30,'119'!E30,'121'!E30,'122'!E30,'123'!E30,'124'!E30,'125'!E30,'126'!E30,'127'!E30,'128'!E30,'129'!E30,'130'!E30,'131'!E30,'138'!E30,'139'!E30,'140'!E30) -> 2.3545858 | F30: =AVERAGE('114'!F30,'115'!F30,'116'!F30,'117'!F30,'118'!F30,'119'!F30,'121'!F30,'122'!F30,'123'!F30,'124'!F30,'125'!F30,'126'!F30,'127'!F30,'128'!F30,'129'!F30,'130'!F30,'131'!F30,'138'!F30,'139'!F30,'140'!F30) -> 1.7581453 | G30: =AVERAGE('114'!G30,'115'!G30,'116'!G30,'117'!G30,'118'!G30,'119'!G30,'121'!G30,'122'!G30,'123'!G30,'124'!G30,'125'!G30,'126'!G30,'127'!G30,'128'!G30,'129'!G30,'130'!G30,'131'!G30,'138'!G30,'139'!G30,'140'!G30) -> 0.057142857 | H30: =AVERAGE('114'!H30,'115'!H30,'116'!H30,'117'!H30,'118'!H30,'119'!H30,'121'!H30,'122'!H30,'123'!H30,'124'!H30,'125'!H30,'126'!H30,'127'!H30,'128'!H30,'129'!H30,'130'!H30,'131'!H30,'138'!H30,'139'!H30,'140'!H30) -> 0.23095238 | I30: =AVERAGE('114'!I30,'115'!I30,'116'!I30,'117'!I30,'118'!I30,'119'!I30,'121'!I30,'122'!I30,'123'!I30,'124'!I30,'125'!I30,'126'!I30,'127'!I30,'128'!I30,'129'!I30,'130'!I30,'131'!I30,'138'!I30,'139'!I30,'140'!I30) -> 1.5688715 | J30: =AVERAGE('114'!J30,'115'!J30,'116'!J30,'117'!J30,'118'!J30,'119'!J30,'121'!J30,'122'!J30,'123'!J30,'124'!J30,'125'!J30,'126'!J30,'127'!J30,'128'!J30,'129'!J30,'130'!J30,'131'!J30,'138'!J30,'139'!J30,'140'!J30) -> 0.58719288 | ... P30: =AVERAGE('114'!P30,'115'!P30,'116'!P30,'117'!P30,'118'!P30,'119'!P30,'121'!P30,'122'!P30,'123'!P30,'124'!P30,'125'!P30,'126'!P30,'127'!P30,'128'!P30,'129'!P30,'130'!P30,'131'!P30,'138'!P30,'139'!P30,'140'!P30) -> 34.490686 | R30: 0300-0400 | S30: =SUM(C90:C93) -> 3.6729692 | T30: =SUM(D90:D93) -> 1.4290756 | U30: =SUM(E90:E93) -> 3.6301681 | V30: =SUM(F90:F93) -> 0.6960084 | W30: =SUM(G90:G93) -> 0.016666667 | X30: =SUM(H90:H93) -> 0.71302521 | Y30: =SUM(I90:I93) -> 1.9390756 | Z30: =SUM(J90:J93) -> 0.74201681 | ... AF30: =SUM(P90:P93) -> 20.498389
B31: 12.15 - 12.30 | C31: =AVERAGE('114'!C31,'115'!C31,'116'!C31,'117'!C31,'118'!C31,'119'!C31,'121'!C31,'122'!C31,'123'!C31,'124'!C31,'125'!C31,'126'!C31,'127'!C31,'128'!C31,'129'!C31,'130'!C31,'131'!C31,'138'!C31,'139'!C31,'140'!C31) -> 2.9732453 | D31: =AVERAGE('114'!D31,'115'!D31,'116'!D31,'117'!D31,'118'!D31,'119'!D31,'121'!D31,'122'!D31,'123'!D31,'124'!D31,'125'!D31,'126'!D31,'127'!D31,'128'!D31,'129'!D31,'130'!D31,'131'!D31,'138'!D31,'139'!D31,'140'!D31) -> 1.0651691 | E31: =AVERAGE('114'!E31,'115'!E31,'116'!E31,'117'!E31,'118'!E31,'119'!E31,'121'!E31,'122'!E31,'123'!E31,'124'!E31,'125'!E31,'126'!E31,'127'!E31,'128'!E31,'129'!E31,'130'!E31,'131'!E31,'138'!E31,'139'!E31,'140'!E31) -> 2.3440286 | F31: =AVERAGE('114'!F31,'115'!F31,'116'!F31,'117'!F31,'118'!F31,'119'!F31,'121'!F31,'122'!F31,'123'!F31,'124'!F31,'125'!F31,'126'!F31,'127'!F31,'128'!F31,'129'!F31,'130'!F31,'131'!F31,'138'!F31,'139'!F31,'140'!F31) -> 1.2240476 | G31: =AVERAGE('114'!G31,'115'!G31,'116'!G31,'117'!G31,'118'!G31,'119'!G31,'121'!G31,'122'!G31,'123'!G31,'124'!G31,'125'!G31,'126'!G31,'127'!G31,'128'!G31,'129'!G31,'130'!G31,'131'!G31,'138'!G31,'139'!G31,'140'!G31) -> 0.063145258 | H31: =AVERAGE('114'!H31,'115'!H31,'116'!H31,'117'!H31,'118'!H31,'119'!H31,'121'!H31,'122'!H31,'123'!H31,'124'!H31,'125'!H31,'126'!H31,'127'!H31,'128'!H31,'129'!H31,'130'!H31,'131'!H31,'138'!H31,'139'!H31,'140'!H31) -> 0.25357143 | I31: =AVERAGE('114'!I31,'115'!I31,'116'!I31,'117'!I31,'118'!I31,'119'!I31,'121'!I31,'122'!I31,'123'!I31,'124'!I31,'125'!I31,'126'!I31,'127'!I31,'128'!I31,'129'!I31,'130'!I31,'131'!I31,'138'!I31,'139'!I31,'140'!I31) -> 1.6334834 | J31: =AVERAGE('114'!J31,'115'!J31,'116'!J31,'117'!J31,'118'!J31,'119'!J31,'121'!J31,'122'!J31,'123'!J31,'124'!J31,'125'!J31,'126'!J31,'127'!J31,'128'!J31,'129'!J31,'130'!J31,'131'!J31,'138'!J31,'139'!J31,'140'!J31) -> 0.50357143 | ... P31: =AVERAGE('114'!P31,'115'!P31,'116'!P31,'117'!P31,'118'!P31,'119'!P31,'121'!P31,'122'!P31,'123'!P31,'124'!P31,'125'!P31,'126'!P31,'127'!P31,'128'!P31,'129'!P31,'130'!P31,'131'!P31,'138'!P31,'139'!P31,'140'!P31) -> 33.851465 | R31: 0400-0500 | S31: =SUM(C94:C97) -> 3.6186275 | T31: =SUM(D94:D97) -> 1.9116176 | U31: =SUM(E94:E97) -> 3.800077 | V31: =SUM(F94:F97) -> 1.0130252 | W31: =SUM(G94:G97) -> 0.14201681 | X31: =SUM(H94:H97) -> 0.78767507 | Y31: =SUM(I94:I97) -> 2.0180672 | Z31: =SUM(J94:J97) -> 0.58802521 | ... AF31: =SUM(P94:P97) -> 22.763165
B32: 12.30 - 12.45 | C32: =AVERAGE('114'!C32,'115'!C32,'116'!C32,'117'!C32,'118'!C32,'119'!C32,'121'!C32,'122'!C32,'123'!C32,'124'!C32,'125'!C32,'126'!C32,'127'!C32,'128'!C32,'129'!C32,'130'!C32,'131'!C32,'138'!C32,'139'!C32,'140'!C32) -> 2.8847239 | D32: =AVERAGE('114'!D32,'115'!D32,'116'!D32,'117'!D32,'118'!D32,'119'!D32,'121'!D32,'122'!D32,'123'!D32,'124'!D32,'125'!D32,'126'!D32,'127'!D32,'128'!D32,'129'!D32,'130'!D32,'131'!D32,'138'!D32,'139'!D32,'140'!D32) -> 0.91836435 | E32: =AVERAGE('114'!E32,'115'!E32,'116'!E32,'117'!E32,'118'!E32,'119'!E32,'121'!E32,'122'!E32,'123'!E32,'124'!E32,'125'!E32,'126'!E32,'127'!E32,'128'!E32,'129'!E32,'130'!E32,'131'!E32,'138'!E32,'139'!E32,'140'!E32) -> 2.2639906 | F32: =AVERAGE('114'!F32,'115'!F32,'116'!F32,'117'!F32,'118'!F32,'119'!F32,'121'!F32,'122'!F32,'123'!F32,'124'!F32,'125'!F32,'126'!F32,'127'!F32,'128'!F32,'129'!F32,'130'!F32,'131'!F32,'138'!F32,'139'!F32,'140'!F32) -> 1.2416667 | G32: =AVERAGE('114'!G32,'115'!G32,'116'!G32,'117'!G32,'118'!G32,'119'!G32,'121'!G32,'122'!G32,'123'!G32,'124'!G32,'125'!G32,'126'!G32,'127'!G32,'128'!G32,'129'!G32,'130'!G32,'131'!G32,'138'!G32,'139'!G32,'140'!G32) -> 0.11071429 | H32: =AVERAGE('114'!H32,'115'!H32,'116'!H32,'117'!H32,'118'!H32,'119'!H32,'121'!H32,'122'!H32,'123'!H32,'124'!H32,'125'!H32,'126'!H32,'127'!H32,'128'!H32,'129'!H32,'130'!H32,'131'!H32,'138'!H32,'139'!H32,'140'!H32) -> 0.22261905 | I32: =AVERAGE('114'!I32,'115'!I32,'116'!I32,'117'!I32,'118'!I32,'119'!I32,'121'!I32,'122'!I32,'123'!I32,'124'!I32,'125'!I32,'126'!I32,'127'!I32,'128'!I32,'129'!I32,'130'!I32,'131'!I32,'138'!I32,'139'!I32,'140'!I32) -> 1.3006763 | J32: =AVERAGE('114'!J32,'115'!J32,'116'!J32,'117'!J32,'118'!J32,'119'!J32,'121'!J32,'122'!J32,'123'!J32,'124'!J32,'125'!J32,'126'!J32,'127'!J32,'128'!J32,'129'!J32,'130'!J32,'131'!J32,'138'!J32,'139'!J32,'140'!J32) -> 0.46547619 | ... P32: =AVERAGE('114'!P32,'115'!P32,'116'!P32,'117'!P32,'118'!P32,'119'!P32,'121'!P32,'122'!P32,'123'!P32,'124'!P32,'125'!P32,'126'!P32,'127'!P32,'128'!P32,'129'!P32,'130'!P32,'131'!P32,'138'!P32,'139'!P32,'140'!P32) -> 32.073043 | R32: 0500-0600 | S32: =SUM(C98:C101) -> 4.7797619 | T32: =SUM(D98:D101) -> 2.6051261 | U32: =SUM(E98:E101) -> 5.0822689 | V32: =SUM(F98:F101) -> 1.2510504 | W32: =SUM(G98:G101) -> 0.19166667 | X32: =SUM(H98:H101) -> 1.0296919 | Y32: =SUM(I98:I101) -> 2.4137255 | Z32: =SUM(J98:J101) -> 0.94201681 | ... AF32: =SUM(P98:P101) -> 33.409384
B33: 12.45 - 13.00 | C33: =AVERAGE('114'!C33,'115'!C33,'116'!C33,'117'!C33,'118'!C33,'119'!C33,'121'!C33,'122'!C33,'123'!C33,'124'!C33,'125'!C33,'126'!C33,'127'!C33,'128'!C33,'129'!C33,'130'!C33,'131'!C33,'138'!C33,'139'!C33,'140'!C33) -> 3.3279192 | D33: =AVERAGE('114'!D33,'115'!D33,'116'!D33,'117'!D33,'118'!D33,'119'!D33,'121'!D33,'122'!D33,'123'!D33,'124'!D33,'125'!D33,'126'!D33,'127'!D33,'128'!D33,'129'!D33,'130'!D33,'131'!D33,'138'!D33,'139'!D33,'140'!D33) -> 1.1322929 | E33: =AVERAGE('114'!E33,'115'!E33,'116'!E33,'117'!E33,'118'!E33,'119'!E33,'121'!E33,'122'!E33,'123'!E33,'124'!E33,'125'!E33,'126'!E33,'127'!E33,'128'!E33,'129'!E33,'130'!E33,'131'!E33,'138'!E33,'139'!E33,'140'!E33) -> 2.155062 | F33: =AVERAGE('114'!F33,'115'!F33,'116'!F33,'117'!F33,'118'!F33,'119'!F33,'121'!F33,'122'!F33,'123'!F33,'124'!F33,'125'!F33,'126'!F33,'127'!F33,'128'!F33,'129'!F33,'130'!F33,'131'!F33,'138'!F33,'139'!F33,'140'!F33) -> 1.4896238 | G33: =AVERAGE('114'!G33,'115'!G33,'116'!G33,'117'!G33,'118'!G33,'119'!G33,'121'!G33,'122'!G33,'123'!G33,'124'!G33,'125'!G33,'126'!G33,'127'!G33,'128'!G33,'129'!G33,'130'!G33,'131'!G33,'138'!G33,'139'!G33,'140'!G33) -> 0.13095238 | H33: =AVERAGE('114'!H33,'115'!H33,'116'!H33,'117'!H33,'118'!H33,'119'!H33,'121'!H33,'122'!H33,'123'!H33,'124'!H33,'125'!H33,'126'!H33,'127'!H33,'128'!H33,'129'!H33,'130'!H33,'131'!H33,'138'!H33,'139'!H33,'140'!H33) -> 0.17867147 | I33: =AVERAGE('114'!I33,'115'!I33,'116'!I33,'117'!I33,'118'!I33,'119'!I33,'121'!I33,'122'!I33,'123'!I33,'124'!I33,'125'!I33,'126'!I33,'127'!I33,'128'!I33,'129'!I33,'130'!I33,'131'!I33,'138'!I33,'139'!I33,'140'!I33) -> 1.3255262 | J33: =AVERAGE('114'!J33,'115'!J33,'116'!J33,'117'!J33,'118'!J33,'119'!J33,'121'!J33,'122'!J33,'123'!J33,'124'!J33,'125'!J33,'126'!J33,'127'!J33,'128'!J33,'129'!J33,'130'!J33,'131'!J33,'138'!J33,'139'!J33,'140'!J33) -> 0.42005002 | ... P33: =AVERAGE('114'!P33,'115'!P33,'116'!P33,'117'!P33,'118'!P33,'119'!P33,'121'!P33,'122'!P33,'123'!P33,'124'!P33,'125'!P33,'126'!P33,'127'!P33,'128'!P33,'129'!P33,'130'!P33,'131'!P33,'138'!P33,'139'!P33,'140'!P33) -> 33.192729 | R33: 0600-0700 | S33: =SUM(C102:C105) -> 5.9910364 | T33: =SUM(D102:D105) -> 3.5172689 | U33: =SUM(E102:E105) -> 7.5332213 | V33: =SUM(F102:F105) -> 2.8640756 | W33: =SUM(G102:G105) -> 0.4460084 | X33: =SUM(H102:H105) -> 1.7753501 | Y33: =SUM(I102:I105) -> 3.422409 | Z33: =SUM(J102:J105) -> 1.3796919 | ... AF33: =SUM(P102:P105) -> 59.898529
B34: 13.00 - 13.15 | C34: =AVERAGE('114'!C34,'115'!C34,'116'!C34,'117'!C34,'118'!C34,'119'!C34,'121'!C34,'122'!C34,'123'!C34,'124'!C34,'125'!C34,'126'!C34,'127'!C34,'128'!C34,'129'!C34,'130'!C34,'131'!C34,'138'!C34,'139'!C34,'140'!C34) -> 2.7908143 | D34: =AVERAGE('114'!D34,'115'!D34,'116'!D34,'117'!D34,'118'!D34,'119'!D34,'121'!D34,'122'!D34,'123'!D34,'124'!D34,'125'!D34,'126'!D34,'127'!D34,'128'!D34,'129'!D34,'130'!D34,'131'!D34,'138'!D34,'139'!D34,'140'!D34) -> 1.2427381 | E34: =AVERAGE('114'!E34,'115'!E34,'116'!E34,'117'!E34,'118'!E34,'119'!E34,'121'!E34,'122'!E34,'123'!E34,'124'!E34,'125'!E34,'126'!E34,'127'!E34,'128'!E34,'129'!E34,'130'!E34,'131'!E34,'138'!E34,'139'!E34,'140'!E34) -> 2.384931 | F34: =AVERAGE('114'!F34,'115'!F34,'116'!F34,'117'!F34,'118'!F34,'119'!F34,'121'!F34,'122'!F34,'123'!F34,'124'!F34,'125'!F34,'126'!F34,'127'!F34,'128'!F34,'129'!F34,'130'!F34,'131'!F34,'138'!F34,'139'!F34,'140'!F34) -> 1.4679072 | G34: =AVERAGE('114'!G34,'115'!G34,'116'!G34,'117'!G34,'118'!G34,'119'!G34,'121'!G34,'122'!G34,'123'!G34,'124'!G34,'125'!G34,'126'!G34,'127'!G34,'128'!G34,'129'!G34,'130'!G34,'131'!G34,'138'!G34,'139'!G34,'140'!G34) -> 0.057142857 | H34: =AVERAGE('114'!H34,'115'!H34,'116'!H34,'117'!H34,'118'!H34,'119'!H34,'121'!H34,'122'!H34,'123'!H34,'124'!H34,'125'!H34,'126'!H34,'127'!H34,'128'!H34,'129'!H34,'130'!H34,'131'!H34,'138'!H34,'139'!H34,'140'!H34) -> 0.47171669 | I34: =AVERAGE('114'!I34,'115'!I34,'116'!I34,'117'!I34,'118'!I34,'119'!I34,'121'!I34,'122'!I34,'123'!I34,'124'!I34,'125'!I34,'126'!I34,'127'!I34,'128'!I34,'129'!I34,'130'!I34,'131'!I34,'138'!I34,'139'!I34,'140'!I34) -> 1.5883453 | J34: =AVERAGE('114'!J34,'115'!J34,'116'!J34,'117'!J34,'118'!J34,'119'!J34,'121'!J34,'122'!J34,'123'!J34,'124'!J34,'125'!J34,'126'!J34,'127'!J34,'128'!J34,'129'!J34,'130'!J34,'131'!J34,'138'!J34,'139'!J34,'140'!J34) -> 0.52142857 | ... P34: =AVERAGE('114'!P34,'115'!P34,'116'!P34,'117'!P34,'118'!P34,'119'!P34,'121'!P34,'122'!P34,'123'!P34,'124'!P34,'125'!P34,'126'!P34,'127'!P34,'128'!P34,'129'!P34,'130'!P34,'131'!P34,'138'!P34,'139'!P34,'140'!P34) -> 33.883619 | R34: AM Peak Hr | S34: =MAX(S10:S12) -> 11.480862 | T34: =MAX(T10:T12) -> 4.6147669 | U34: =MAX(U10:U12) -> 8.8957553 | V34: =MAX(V10:V12) -> 5.094974 | W34: =MAX(W10:W12) -> 0.82404762 | X34: =MAX(X10:X12) -> 1.4706263 | Y34: =MAX(Y10:Y12) -> 5.2771409 | Z34: =MAX(Z10:Z12) -> 1.9680952 | ... AF34: =MAX(AF10:AF12) -> 137.43946
B35: 13.15 - 13.30 | C35: =AVERAGE('114'!C35,'115'!C35,'116'!C35,'117'!C35,'118'!C35,'119'!C35,'121'!C35,'122'!C35,'123'!C35,'124'!C35,'125'!C35,'126'!C35,'127'!C35,'128'!C35,'129'!C35,'130'!C35,'131'!C35,'138'!C35,'139'!C35,'140'!C35) -> 2.8918667 | D35: =AVERAGE('114'!D35,'115'!D35,'116'!D35,'117'!D35,'118'!D35,'119'!D35,'121'!D35,'122'!D35,'123'!D35,'124'!D35,'125'!D35,'126'!D35,'127'!D35,'128'!D35,'129'!D35,'130'!D35,'131'!D35,'138'!D35,'139'!D35,'140'!D35) -> 1.2140786 | E35: =AVERAGE('114'!E35,'115'!E35,'116'!E35,'117'!E35,'118'!E35,'119'!E35,'121'!E35,'122'!E35,'123'!E35,'124'!E35,'125'!E35,'126'!E35,'127'!E35,'128'!E35,'129'!E35,'130'!E35,'131'!E35,'138'!E35,'139'!E35,'140'!E35) -> 2.3342787 | F35: =AVERAGE('114'!F35,'115'!F35,'116'!F35,'117'!F35,'118'!F35,'119'!F35,'121'!F35,'122'!F35,'123'!F35,'124'!F35,'125'!F35,'126'!F35,'127'!F35,'128'!F35,'129'!F35,'130'!F35,'131'!F35,'138'!F35,'139'!F35,'140'!F35) -> 1.3583333 | G35: =AVERAGE('114'!G35,'115'!G35,'116'!G35,'117'!G35,'118'!G35,'119'!G35,'121'!G35,'122'!G35,'123'!G35,'124'!G35,'125'!G35,'126'!G35,'127'!G35,'128'!G35,'129'!G35,'130'!G35,'131'!G35,'138'!G35,'139'!G35,'140'!G35) -> 0.16547619 | H35: =AVERAGE('114'!H35,'115'!H35,'116'!H35,'117'!H35,'118'!H35,'119'!H35,'121'!H35,'122'!H35,'123'!H35,'124'!H35,'125'!H35,'126'!H35,'127'!H35,'128'!H35,'129'!H35,'130'!H35,'131'!H35,'138'!H35,'139'!H35,'140'!H35) -> 0.56095238 | I35: =AVERAGE('114'!I35,'115'!I35,'116'!I35,'117'!I35,'118'!I35,'119'!I35,'121'!I35,'122'!I35,'123'!I35,'124'!I35,'125'!I35,'126'!I35,'127'!I35,'128'!I35,'129'!I35,'130'!I35,'131'!I35,'138'!I35,'139'!I35,'140'!I35) -> 1.2332953 | J35: =AVERAGE('114'!J35,'115'!J35,'116'!J35,'117'!J35,'118'!J35,'119'!J35,'121'!J35,'122'!J35,'123'!J35,'124'!J35,'125'!J35,'126'!J35,'127'!J35,'128'!J35,'129'!J35,'130'!J35,'131'!J35,'138'!J35,'139'!J35,'140'!J35) -> 0.44885954 | ... P35: =AVERAGE('114'!P35,'115'!P35,'116'!P35,'117'!P35,'118'!P35,'119'!P35,'121'!P35,'122'!P35,'123'!P35,'124'!P35,'125'!P35,'126'!P35,'127'!P35,'128'!P35,'129'!P35,'130'!P35,'131'!P35,'138'!P35,'139'!P35,'140'!P35) -> 32.665148 | R35: IP Peak Hr | S35: =MAX(S13:S18) -> 12.178093 | T35: =MAX(T13:T18) -> 5.0984454 | U35: =MAX(U13:U18) -> 9.5139456 | V35: =MAX(V13:V18) -> 5.7134834 | W35: =MAX(W13:W18) -> 0.56547619 | X35: =MAX(X13:X18) -> 2.4179572 | Y35: =MAX(Y13:Y18) -> 6.172467 | Z35: =MAX(Z13:Z18) -> 1.9762905 | ... AF35: =MAX(AF13:AF18) -> 138.84195
B36: 13.30 - 13.45 | C36: =AVERAGE('114'!C36,'115'!C36,'116'!C36,'117'!C36,'118'!C36,'119'!C36,'121'!C36,'122'!C36,'123'!C36,'124'!C36,'125'!C36,'126'!C36,'127'!C36,'128'!C36,'129'!C36,'130'!C36,'131'!C36,'138'!C36,'139'!C36,'140'!C36) -> 2.9063906 | D36: =AVERAGE('114'!D36,'115'!D36,'116'!D36,'117'!D36,'118'!D36,'119'!D36,'121'!D36,'122'!D36,'123'!D36,'124'!D36,'125'!D36,'126'!D36,'127'!D36,'128'!D36,'129'!D36,'130'!D36,'131'!D36,'138'!D36,'139'!D36,'140'!D36) -> 1.2682263 | E36: =AVERAGE('114'!E36,'115'!E36,'116'!E36,'117'!E36,'118'!E36,'119'!E36,'121'!E36,'122'!E36,'123'!E36,'124'!E36,'125'!E36,'126'!E36,'127'!E36,'128'!E36,'129'!E36,'130'!E36,'131'!E36,'138'!E36,'139'!E36,'140'!E36) -> 2.4246669 | F36: =AVERAGE('114'!F36,'115'!F36,'116'!F36,'117'!F36,'118'!F36,'119'!F36,'121'!F36,'122'!F36,'123'!F36,'124'!F36,'125'!F36,'126'!F36,'127'!F36,'128'!F36,'129'!F36,'130'!F36,'131'!F36,'138'!F36,'139'!F36,'140'!F36) -> 1.1679072 | G36: =AVERAGE('114'!G36,'115'!G36,'116'!G36,'117'!G36,'118'!G36,'119'!G36,'121'!G36,'122'!G36,'123'!G36,'124'!G36,'125'!G36,'126'!G36,'127'!G36,'128'!G36,'129'!G36,'130'!G36,'131'!G36,'138'!G36,'139'!G36,'140'!G36) -> 0.12380952 | H36: =AVERAGE('114'!H36,'115'!H36,'116'!H36,'117'!H36,'118'!H36,'119'!H36,'121'!H36,'122'!H36,'123'!H36,'124'!H36,'125'!H36,'126'!H36,'127'!H36,'128'!H36,'129'!H36,'130'!H36,'131'!H36,'138'!H36,'139'!H36,'140'!H36) -> 0.59642857 | I36: =AVERAGE('114'!I36,'115'!I36,'116'!I36,'117'!I36,'118'!I36,'119'!I36,'121'!I36,'122'!I36,'123'!I36,'124'!I36,'125'!I36,'126'!I36,'127'!I36,'128'!I36,'129'!I36,'130'!I36,'131'!I36,'138'!I36,'139'!I36,'140'!I36) -> 1.5140096 | J36: =AVERAGE('114'!J36,'115'!J36,'116'!J36,'117'!J36,'118'!J36,'119'!J36,'121'!J36,'122'!J36,'123'!J36,'124'!J36,'125'!J36,'126'!J36,'127'!J36,'128'!J36,'129'!J36,'130'!J36,'131'!J36,'138'!J36,'139'!J36,'140'!J36) -> 0.52190476 | ... P36: =AVERAGE('114'!P36,'115'!P36,'116'!P36,'117'!P36,'118'!P36,'119'!P36,'121'!P36,'122'!P36,'123'!P36,'124'!P36,'125'!P36,'126'!P36,'127'!P36,'128'!P36,'129'!P36,'130'!P36,'131'!P36,'138'!P36,'139'!P36,'140'!P36) -> 33.021639 | R36: PM Peak Hr | S36: =MAX(S19:S21) -> 14.815486 | T36: =MAX(T19:T21) -> 5.5205002 | U36: =MAX(U19:U21) -> 11.007053 | V36: =MAX(V19:V21) -> 6.1347739 | W36: =MAX(W19:W21) -> 0.93695478 | X36: =MAX(X19:X21) -> 2.6501501 | Y36: =MAX(Y19:Y21) -> 6.6135574 | Z36: =MAX(Z19:Z21) -> 2.8066667 | ... AF36: =MAX(AF19:AF21) -> 153.19289
B37: 13.45 - 14.00 | C37: =AVERAGE('114'!C37,'115'!C37,'116'!C37,'117'!C37,'118'!C37,'119'!C37,'121'!C37,'122'!C37,'123'!C37,'124'!C37,'125'!C37,'126'!C37,'127'!C37,'128'!C37,'129'!C37,'130'!C37,'131'!C37,'138'!C37,'139'!C37,'140'!C37) -> 2.7502001 | D37: =AVERAGE('114'!D37,'115'!D37,'116'!D37,'117'!D37,'118'!D37,'119'!D37,'121'!D37,'122'!D37,'123'!D37,'124'!D37,'125'!D37,'126'!D37,'127'!D37,'128'!D37,'129'!D37,'130'!D37,'131'!D37,'138'!D37,'139'!D37,'140'!D37) -> 1.0578191 | E37: =AVERAGE('114'!E37,'115'!E37,'116'!E37,'117'!E37,'118'!E37,'119'!E37,'121'!E37,'122'!E37,'123'!E37,'124'!E37,'125'!E37,'126'!E37,'127'!E37,'128'!E37,'129'!E37,'130'!E37,'131'!E37,'138'!E37,'139'!E37,'140'!E37) -> 2.3268788 | F37: =AVERAGE('114'!F37,'115'!F37,'116'!F37,'117'!F37,'118'!F37,'119'!F37,'121'!F37,'122'!F37,'123'!F37,'124'!F37,'125'!F37,'126'!F37,'127'!F37,'128'!F37,'129'!F37,'130'!F37,'131'!F37,'138'!F37,'139'!F37,'140'!F37) -> 1.4898119 | G37: =AVERAGE('114'!G37,'115'!G37,'116'!G37,'117'!G37,'118'!G37,'119'!G37,'121'!G37,'122'!G37,'123'!G37,'124'!G37,'125'!G37,'126'!G37,'127'!G37,'128'!G37,'129'!G37,'130'!G37,'131'!G37,'138'!G37,'139'!G37,'140'!G37) -> 0.086904762 | H37: =AVERAGE('114'!H37,'115'!H37,'116'!H37,'117'!H37,'118'!H37,'119'!H37,'121'!H37,'122'!H37,'123'!H37,'124'!H37,'125'!H37,'126'!H37,'127'!H37,'128'!H37,'129'!H37,'130'!H37,'131'!H37,'138'!H37,'139'!H37,'140'!H37) -> 0.62981192 | I37: =AVERAGE('114'!I37,'115'!I37,'116'!I37,'117'!I37,'118'!I37,'119'!I37,'121'!I37,'122'!I37,'123'!I37,'124'!I37,'125'!I37,'126'!I37,'127'!I37,'128'!I37,'129'!I37,'130'!I37,'131'!I37,'138'!I37,'139'!I37,'140'!I37) -> 1.4159644 | J37: =AVERAGE('114'!J37,'115'!J37,'116'!J37,'117'!J37,'118'!J37,'119'!J37,'121'!J37,'122'!J37,'123'!J37,'124'!J37,'125'!J37,'126'!J37,'127'!J37,'128'!J37,'129'!J37,'130'!J37,'131'!J37,'138'!J37,'139'!J37,'140'!J37) -> 0.47261905 | ... P37: =AVERAGE('114'!P37,'115'!P37,'116'!P37,'117'!P37,'118'!P37,'119'!P37,'121'!P37,'122'!P37,'123'!P37,'124'!P37,'125'!P37,'126'!P37,'127'!P37,'128'!P37,'129'!P37,'130'!P37,'131'!P37,'138'!P37,'139'!P37,'140'!P37) -> 31.021062 | R37: AM Period | S37: =SUM(S10:S12) -> 29.330998 | T37: =SUM(T10:T12) -> 12.368794 | U37: =SUM(U10:U12) -> 23.306082 | V37: =SUM(V10:V12) -> 13.934748 | W37: =SUM(W10:W12) -> 1.7902881 | X37: =SUM(X10:X12) -> 3.420062 | Y37: =SUM(Y10:Y12) -> 14.987841 | Z37: =SUM(Z10:Z12) -> 5.7457643 | ... AF37: =SUM(AF10:AF12) -> 386.89525
B38: 14.00 - 14.15 | C38: =AVERAGE('114'!C38,'115'!C38,'116'!C38,'117'!C38,'118'!C38,'119'!C38,'121'!C38,'122'!C38,'123'!C38,'124'!C38,'125'!C38,'126'!C38,'127'!C38,'128'!C38,'129'!C38,'130'!C38,'131'!C38,'138'!C38,'139'!C38,'140'!C38) -> 2.6679072 | D38: =AVERAGE('114'!D38,'115'!D38,'116'!D38,'117'!D38,'118'!D38,'119'!D38,'121'!D38,'122'!D38,'123'!D38,'124'!D38,'125'!D38,'126'!D38,'127'!D38,'128'!D38,'129'!D38,'130'!D38,'131'!D38,'138'!D38,'139'!D38,'140'!D38) -> 1.022431 | E38: =AVERAGE('114'!E38,'115'!E38,'116'!E38,'117'!E38,'118'!E38,'119'!E38,'121'!E38,'122'!E38,'123'!E38,'124'!E38,'125'!E38,'126'!E38,'127'!E38,'128'!E38,'129'!E38,'130'!E38,'131'!E38,'138'!E38,'139'!E38,'140'!E38) -> 2.4491477 | F38: =AVERAGE('114'!F38,'115'!F38,'116'!F38,'117'!F38,'118'!F38,'119'!F38,'121'!F38,'122'!F38,'123'!F38,'124'!F38,'125'!F38,'126'!F38,'127'!F38,'128'!F38,'129'!F38,'130'!F38,'131'!F38,'138'!F38,'139'!F38,'140'!F38) -> 1.3814786 | G38: =AVERAGE('114'!G38,'115'!G38,'116'!G38,'117'!G38,'118'!G38,'119'!G38,'121'!G38,'122'!G38,'123'!G38,'124'!G38,'125'!G38,'126'!G38,'127'!G38,'128'!G38,'129'!G38,'130'!G38,'131'!G38,'138'!G38,'139'!G38,'140'!G38) -> 0.05 | H38: =AVERAGE('114'!H38,'115'!H38,'116'!H38,'117'!H38,'118'!H38,'119'!H38,'121'!H38,'122'!H38,'123'!H38,'124'!H38,'125'!H38,'126'!H38,'127'!H38,'128'!H38,'129'!H38,'130'!H38,'131'!H38,'138'!H38,'139'!H38,'140'!H38) -> 0.61795718 | I38: =AVERAGE('114'!I38,'115'!I38,'116'!I38,'117'!I38,'118'!I38,'119'!I38,'121'!I38,'122'!I38,'123'!I38,'124'!I38,'125'!I38,'126'!I38,'127'!I38,'128'!I38,'129'!I38,'130'!I38,'131'!I38,'138'!I38,'139'!I38,'140'!I38) -> 1.5584454 | J38: =AVERAGE('114'!J38,'115'!J38,'116'!J38,'117'!J38,'118'!J38,'119'!J38,'121'!J38,'122'!J38,'123'!J38,'124'!J38,'125'!J38,'126'!J38,'127'!J38,'128'!J38,'129'!J38,'130'!J38,'131'!J38,'138'!J38,'139'!J38,'140'!J38) -> 0.38671669 | ... P38: =AVERAGE('114'!P38,'115'!P38,'116'!P38,'117'!P38,'118'!P38,'119'!P38,'121'!P38,'122'!P38,'123'!P38,'124'!P38,'125'!P38,'126'!P38,'127'!P38,'128'!P38,'129'!P38,'130'!P38,'131'!P38,'138'!P38,'139'!P38,'140'!P38) -> 31.606665 | R38: IP Period | S38: =SUM(S13:S18) -> 70.644124 | T38: =SUM(T13:T18) -> 28.24198 | U38: =SUM(U13:U18) -> 56.200055 | V38: =SUM(V13:V18) -> 32.755636 | W38: =SUM(W13:W18) -> 2.5990976 | X38: =SUM(X13:X18) -> 9.494936 | Y38: =SUM(Y13:Y18) -> 34.763699 | Z38: =SUM(Z13:Z18) -> 11.379686 | ... AF38: =SUM(AF13:AF18) -> 795.77112
B39: 14.15 - 14.30 | C39: =AVERAGE('114'!C39,'115'!C39,'116'!C39,'117'!C39,'118'!C39,'119'!C39,'121'!C39,'122'!C39,'123'!C39,'124'!C39,'125'!C39,'126'!C39,'127'!C39,'128'!C39,'129'!C39,'130'!C39,'131'!C39,'138'!C39,'139'!C39,'140'!C39) -> 2.7087715 | D39: =AVERAGE('114'!D39,'115'!D39,'116'!D39,'117'!D39,'118'!D39,'119'!D39,'121'!D39,'122'!D39,'123'!D39,'124'!D39,'125'!D39,'126'!D39,'127'!D39,'128'!D39,'129'!D39,'130'!D39,'131'!D39,'138'!D39,'139'!D39,'140'!D39) -> 1.0791477 | E39: =AVERAGE('114'!E39,'115'!E39,'116'!E39,'117'!E39,'118'!E39,'119'!E39,'121'!E39,'122'!E39,'123'!E39,'124'!E39,'125'!E39,'126'!E39,'127'!E39,'128'!E39,'129'!E39,'130'!E39,'131'!E39,'138'!E39,'139'!E39,'140'!E39) -> 2.267581 | F39: =AVERAGE('114'!F39,'115'!F39,'116'!F39,'117'!F39,'118'!F39,'119'!F39,'121'!F39,'122'!F39,'123'!F39,'124'!F39,'125'!F39,'126'!F39,'127'!F39,'128'!F39,'129'!F39,'130'!F39,'131'!F39,'138'!F39,'139'!F39,'140'!F39) -> 1.3755262 | G39: =AVERAGE('114'!G39,'115'!G39,'116'!G39,'117'!G39,'118'!G39,'119'!G39,'121'!G39,'122'!G39,'123'!G39,'124'!G39,'125'!G39,'126'!G39,'127'!G39,'128'!G39,'129'!G39,'130'!G39,'131'!G39,'138'!G39,'139'!G39,'140'!G39) -> 0.071428571 | H39: =AVERAGE('114'!H39,'115'!H39,'116'!H39,'117'!H39,'118'!H39,'119'!H39,'121'!H39,'122'!H39,'123'!H39,'124'!H39,'125'!H39,'126'!H39,'127'!H39,'128'!H39,'129'!H39,'130'!H39,'131'!H39,'138'!H39,'139'!H39,'140'!H39) -> 0.59261905 | I39: =AVERAGE('114'!I39,'115'!I39,'116'!I39,'117'!I39,'118'!I39,'119'!I39,'121'!I39,'122'!I39,'123'!I39,'124'!I39,'125'!I39,'126'!I39,'127'!I39,'128'!I39,'129'!I39,'130'!I39,'131'!I39,'138'!I39,'139'!I39,'140'!I39) -> 1.4241977 | J39: =AVERAGE('114'!J39,'115'!J39,'116'!J39,'117'!J39,'118'!J39,'119'!J39,'121'!J39,'122'!J39,'123'!J39,'124'!J39,'125'!J39,'126'!J39,'127'!J39,'128'!J39,'129'!J39,'130'!J39,'131'!J39,'138'!J39,'139'!J39,'140'!J39) -> 0.54552621 | ... P39: =AVERAGE('114'!P39,'115'!P39,'116'!P39,'117'!P39,'118'!P39,'119'!P39,'121'!P39,'122'!P39,'123'!P39,'124'!P39,'125'!P39,'126'!P39,'127'!P39,'128'!P39,'129'!P39,'130'!P39,'131'!P39,'138'!P39,'139'!P39,'140'!P39) -> 31.951615 | R39: PM Period | S39: =SUM(S19:S21) -> 41.552511 | T39: =SUM(T19:T21) -> 15.394972 | U39: =SUM(U19:U21) -> 30.716861 | V39: =SUM(V19:V21) -> 18.13382 | W39: =SUM(W19:W21) -> 2.4672929 | X39: =SUM(X19:X21) -> 5.4259264 | Y39: =SUM(Y19:Y21) -> 19.058127 | Z39: =SUM(Z19:Z21) -> 7.4352001 | ... AF39: =SUM(AF19:AF21) -> 441.80387
B40: 14.30 - 14.45 | C40: =AVERAGE('114'!C40,'115'!C40,'116'!C40,'117'!C40,'118'!C40,'119'!C40,'121'!C40,'122'!C40,'123'!C40,'124'!C40,'125'!C40,'126'!C40,'127'!C40,'128'!C40,'129'!C40,'130'!C40,'131'!C40,'138'!C40,'139'!C40,'140'!C40) -> 3.0410144 | D40: =AVERAGE('114'!D40,'115'!D40,'116'!D40,'117'!D40,'118'!D40,'119'!D40,'121'!D40,'122'!D40,'123'!D40,'124'!D40,'125'!D40,'126'!D40,'127'!D40,'128'!D40,'129'!D40,'130'!D40,'131'!D40,'138'!D40,'139'!D40,'140'!D40) -> 1.0787715 | E40: =AVERAGE('114'!E40,'115'!E40,'116'!E40,'117'!E40,'118'!E40,'119'!E40,'121'!E40,'122'!E40,'123'!E40,'124'!E40,'125'!E40,'126'!E40,'127'!E40,'128'!E40,'129'!E40,'130'!E40,'131'!E40,'138'!E40,'139'!E40,'140'!E40) -> 2.2928311 | F40: =AVERAGE('114'!F40,'115'!F40,'116'!F40,'117'!F40,'118'!F40,'119'!F40,'121'!F40,'122'!F40,'123'!F40,'124'!F40,'125'!F40,'126'!F40,'127'!F40,'128'!F40,'129'!F40,'130'!F40,'131'!F40,'138'!F40,'139'!F40,'140'!F40) -> 1.3929572 | G40: =AVERAGE('114'!G40,'115'!G40,'116'!G40,'117'!G40,'118'!G40,'119'!G40,'121'!G40,'122'!G40,'123'!G40,'124'!G40,'125'!G40,'126'!G40,'127'!G40,'128'!G40,'129'!G40,'130'!G40,'131'!G40,'138'!G40,'139'!G40,'140'!G40) -> 0.12261905 | H40: =AVERAGE('114'!H40,'115'!H40,'116'!H40,'117'!H40,'118'!H40,'119'!H40,'121'!H40,'122'!H40,'123'!H40,'124'!H40,'125'!H40,'126'!H40,'127'!H40,'128'!H40,'129'!H40,'130'!H40,'131'!H40,'138'!H40,'139'!H40,'140'!H40) -> 0.5597619 | I40: =AVERAGE('114'!I40,'115'!I40,'116'!I40,'117'!I40,'118'!I40,'119'!I40,'121'!I40,'122'!I40,'123'!I40,'124'!I40,'125'!I40,'126'!I40,'127'!I40,'128'!I40,'129'!I40,'130'!I40,'131'!I40,'138'!I40,'139'!I40,'140'!I40) -> 1.6829072 | J40: =AVERAGE('114'!J40,'115'!J40,'116'!J40,'117'!J40,'118'!J40,'119'!J40,'121'!J40,'122'!J40,'123'!J40,'124'!J40,'125'!J40,'126'!J40,'127'!J40,'128'!J40,'129'!J40,'130'!J40,'131'!J40,'138'!J40,'139'!J40,'140'!J40) -> 0.49595238 | ... P40: =AVERAGE('114'!P40,'115'!P40,'116'!P40,'117'!P40,'118'!P40,'119'!P40,'121'!P40,'122'!P40,'123'!P40,'124'!P40,'125'!P40,'126'!P40,'127'!P40,'128'!P40,'129'!P40,'130'!P40,'131'!P40,'138'!P40,'139'!P40,'140'!P40) -> 31.877629 | R40: 12 Hours | S40: =SUM(S10:S21) -> 141.52763 | T40: =SUM(T10:T21) -> 56.005745 | U40: =SUM(U10:U21) -> 110.223 | V40: =SUM(V10:V21) -> 64.824204 | W40: =SUM(W10:W21) -> 6.8566787 | X40: =SUM(X10:X21) -> 18.340924 | Y40: =SUM(Y10:Y21) -> 68.809668 | Z40: =SUM(Z10:Z21) -> 24.56065 | ... AF40: =SUM(AF10:AF21) -> 1624.4702
B41: 14.45 - 15.00 | C41: =AVERAGE('114'!C41,'115'!C41,'116'!C41,'117'!C41,'118'!C41,'119'!C41,'121'!C41,'122'!C41,'123'!C41,'124'!C41,'125'!C41,'126'!C41,'127'!C41,'128'!C41,'129'!C41,'130'!C41,'131'!C41,'138'!C41,'139'!C41,'140'!C41) -> 3.0660644 | D41: =AVERAGE('114'!D41,'115'!D41,'116'!D41,'117'!D41,'118'!D41,'119'!D41,'121'!D41,'122'!D41,'123'!D41,'124'!D41,'125'!D41,'126'!D41,'127'!D41,'128'!D41,'129'!D41,'130'!D41,'131'!D41,'138'!D41,'139'!D41,'140'!D41) -> 1.2351 | E41: =AVERAGE('114'!E41,'115'!E41,'116'!E41,'117'!E41,'118'!E41,'119'!E41,'121'!E41,'122'!E41,'123'!E41,'124'!E41,'125'!E41,'126'!E41,'127'!E41,'128'!E41,'129'!E41,'130'!E41,'131'!E41,'138'!E41,'139'!E41,'140'!E41) -> 2.1356763 | F41: =AVERAGE('114'!F41,'115'!F41,'116'!F41,'117'!F41,'118'!F41,'119'!F41,'121'!F41,'122'!F41,'123'!F41,'124'!F41,'125'!F41,'126'!F41,'127'!F41,'128'!F41,'129'!F41,'130'!F41,'131'!F41,'138'!F41,'139'!F41,'140'!F41) -> 1.2183834 | G41: =AVERAGE('114'!G41,'115'!G41,'116'!G41,'117'!G41,'118'!G41,'119'!G41,'121'!G41,'122'!G41,'123'!G41,'124'!G41,'125'!G41,'126'!G41,'127'!G41,'128'!G41,'129'!G41,'130'!G41,'131'!G41,'138'!G41,'139'!G41,'140'!G41) -> 0.15833333 | H41: =AVERAGE('114'!H41,'115'!H41,'116'!H41,'117'!H41,'118'!H41,'119'!H41,'121'!H41,'122'!H41,'123'!H41,'124'!H41,'125'!H41,'126'!H41,'127'!H41,'128'!H41,'129'!H41,'130'!H41,'131'!H41,'138'!H41,'139'!H41,'140'!H41) -> 0.64761905 | I41: =AVERAGE('114'!I41,'115'!I41,'116'!I41,'117'!I41,'118'!I41,'119'!I41,'121'!I41,'122'!I41,'123'!I41,'124'!I41,'125'!I41,'126'!I41,'127'!I41,'128'!I41,'129'!I41,'130'!I41,'131'!I41,'138'!I41,'139'!I41,'140'!I41) -> 1.4840596 | J41: =AVERAGE('114'!J41,'115'!J41,'116'!J41,'117'!J41,'118'!J41,'119'!J41,'121'!J41,'122'!J41,'123'!J41,'124'!J41,'125'!J41,'126'!J41,'127'!J41,'128'!J41,'129'!J41,'130'!J41,'131'!J41,'138'!J41,'139'!J41,'140'!J41) -> 0.4160024 | ... P41: =AVERAGE('114'!P41,'115'!P41,'116'!P41,'117'!P41,'118'!P41,'119'!P41,'121'!P41,'122'!P41,'123'!P41,'124'!P41,'125'!P41,'126'!P41,'127'!P41,'128'!P41,'129'!P41,'130'!P41,'131'!P41,'138'!P41,'139'!P41,'140'!P41) -> 30.869722 | R41: 24 Hours | S41: =SUM(S10:S33) -> 206.91209 | T41: =SUM(T10:T33) -> 84.932279 | U41: =SUM(U10:U33) -> 167.9104 | V41: =SUM(V10:V33) -> 87.976164 | W41: =SUM(W10:W33) -> 10.097155 | X41: =SUM(X10:X33) -> 27.673067 | Y41: =SUM(Y10:Y33) -> 101.74209 | Z41: =SUM(Z10:Z33) -> 37.977527 | ... AF41: =SUM(AF10:AF33) -> 2252.3733
B42: 15.00 - 15.15 | C42: =AVERAGE('114'!C42,'115'!C42,'116'!C42,'117'!C42,'118'!C42,'119'!C42,'121'!C42,'122'!C42,'123'!C42,'124'!C42,'125'!C42,'126'!C42,'127'!C42,'128'!C42,'129'!C42,'130'!C42,'131'!C42,'138'!C42,'139'!C42,'140'!C42) -> 3.1491477 | D42: =AVERAGE('114'!D42,'115'!D42,'116'!D42,'117'!D42,'118'!D42,'119'!D42,'121'!D42,'122'!D42,'123'!D42,'124'!D42,'125'!D42,'126'!D42,'127'!D42,'128'!D42,'129'!D42,'130'!D42,'131'!D42,'138'!D42,'139'!D42,'140'!D42) -> 1.3190976 | E42: =AVERAGE('114'!E42,'115'!E42,'116'!E42,'117'!E42,'118'!E42,'119'!E42,'121'!E42,'122'!E42,'123'!E42,'124'!E42,'125'!E42,'126'!E42,'127'!E42,'128'!E42,'129'!E42,'130'!E42,'131'!E42,'138'!E42,'139'!E42,'140'!E42) -> 2.4115786 | F42: =AVERAGE('114'!F42,'115'!F42,'116'!F42,'117'!F42,'118'!F42,'119'!F42,'121'!F42,'122'!F42,'123'!F42,'124'!F42,'125'!F42,'126'!F42,'127'!F42,'128'!F42,'129'!F42,'130'!F42,'131'!F42,'138'!F42,'139'!F42,'140'!F42) -> 1.1516667 | G42: =AVERAGE('114'!G42,'115'!G42,'116'!G42,'117'!G42,'118'!G42,'119'!G42,'121'!G42,'122'!G42,'123'!G42,'124'!G42,'125'!G42,'126'!G42,'127'!G42,'128'!G42,'129'!G42,'130'!G42,'131'!G42,'138'!G42,'139'!G42,'140'!G42) -> 0.064285714 | H42: =AVERAGE('114'!H42,'115'!H42,'116'!H42,'117'!H42,'118'!H42,'119'!H42,'121'!H42,'122'!H42,'123'!H42,'124'!H42,'125'!H42,'126'!H42,'127'!H42,'128'!H42,'129'!H42,'130'!H42,'131'!H42,'138'!H42,'139'!H42,'140'!H42) -> 0.48843337 | I42: =AVERAGE('114'!I42,'115'!I42,'116'!I42,'117'!I42,'118'!I42,'119'!I42,'121'!I42,'122'!I42,'123'!I42,'124'!I42,'125'!I42,'126'!I42,'127'!I42,'128'!I42,'129'!I42,'130'!I42,'131'!I42,'138'!I42,'139'!I42,'140'!I42) -> 1.6333954 | J42: =AVERAGE('114'!J42,'115'!J42,'116'!J42,'117'!J42,'118'!J42,'119'!J42,'121'!J42,'122'!J42,'123'!J42,'124'!J42,'125'!J42,'126'!J42,'127'!J42,'128'!J42,'129'!J42,'130'!J42,'131'!J42,'138'!J42,'139'!J42,'140'!J42) -> 0.37357143 | ... P42: =AVERAGE('114'!P42,'115'!P42,'116'!P42,'117'!P42,'118'!P42,'119'!P42,'121'!P42,'122'!P42,'123'!P42,'124'!P42,'125'!P42,'126'!P42,'127'!P42,'128'!P42,'129'!P42,'130'!P42,'131'!P42,'138'!P42,'139'!P42,'140'!P42) -> 32.21451 | R42: NEF | S42: =S41/S40 -> 1.4619907 | T42: =T41/T40 -> 1.5164923 | U42: =U41/U40 -> 1.5233699 | V42: =V41/V40 -> 1.3571499 | W42: =W41/W40 -> 1.4726014 | X42: =X41/X40 -> 1.5088153 | Y42: =Y41/Y40 -> 1.4786017 | Z42: =Z41/Z40 -> 1.5462753 | ... AF42: =AF41/AF40 -> 1.3865279
B43: 15.15 - 15.30 | C43: =AVERAGE('114'!C43,'115'!C43,'116'!C43,'117'!C43,'118'!C43,'119'!C43,'121'!C43,'122'!C43,'123'!C43,'124'!C43,'125'!C43,'126'!C43,'127'!C43,'128'!C43,'129'!C43,'130'!C43,'131'!C43,'138'!C43,'139'!C43,'140'!C43) -> 3.0395858 | D43: =AVERAGE('114'!D43,'115'!D43,'116'!D43,'117'!D43,'118'!D43,'119'!D43,'121'!D43,'122'!D43,'123'!D43,'124'!D43,'125'!D43,'126'!D43,'127'!D43,'128'!D43,'129'!D43,'130'!D43,'131'!D43,'138'!D43,'139'!D43,'140'!D43) -> 1.2502501 | E43: =AVERAGE('114'!E43,'115'!E43,'116'!E43,'117'!E43,'118'!E43,'119'!E43,'121'!E43,'122'!E43,'123'!E43,'124'!E43,'125'!E43,'126'!E43,'127'!E43,'128'!E43,'129'!E43,'130'!E43,'131'!E43,'138'!E43,'139'!E43,'140'!E43) -> 2.3693097 | F43: =AVERAGE('114'!F43,'115'!F43,'116'!F43,'117'!F43,'118'!F43,'119'!F43,'121'!F43,'122'!F43,'123'!F43,'124'!F43,'125'!F43,'126'!F43,'127'!F43,'128'!F43,'129'!F43,'130'!F43,'131'!F43,'138'!F43,'139'!F43,'140'!F43) -> 1.3838595 | G43: =AVERAGE('114'!G43,'115'!G43,'116'!G43,'117'!G43,'118'!G43,'119'!G43,'121'!G43,'122'!G43,'123'!G43,'124'!G43,'125'!G43,'126'!G43,'127'!G43,'128'!G43,'129'!G43,'130'!G43,'131'!G43,'138'!G43,'139'!G43,'140'!G43) -> 0.094047619 | H43: =AVERAGE('114'!H43,'115'!H43,'116'!H43,'117'!H43,'118'!H43,'119'!H43,'121'!H43,'122'!H43,'123'!H43,'124'!H43,'125'!H43,'126'!H43,'127'!H43,'128'!H43,'129'!H43,'130'!H43,'131'!H43,'138'!H43,'139'!H43,'140'!H43) -> 0.7497619 | I43: =AVERAGE('114'!I43,'115'!I43,'116'!I43,'117'!I43,'118'!I43,'119'!I43,'121'!I43,'122'!I43,'123'!I43,'124'!I43,'125'!I43,'126'!I43,'127'!I43,'128'!I43,'129'!I43,'130'!I43,'131'!I43,'138'!I43,'139'!I43,'140'!I43) -> 1.5402001 | J43: =AVERAGE('114'!J43,'115'!J43,'116'!J43,'117'!J43,'118'!J43,'119'!J43,'121'!J43,'122'!J43,'123'!J43,'124'!J43,'125'!J43,'126'!J43,'127'!J43,'128'!J43,'129'!J43,'130'!J43,'131'!J43,'138'!J43,'139'!J43,'140'!J43) -> 0.44005002 | ... P43: =AVERAGE('114'!P43,'115'!P43,'116'!P43,'117'!P43,'118'!P43,'119'!P43,'121'!P43,'122'!P43,'123'!P43,'124'!P43,'125'!P43,'126'!P43,'127'!P43,'128'!P43,'129'!P43,'130'!P43,'131'!P43,'138'!P43,'139'!P43,'140'!P43) -> 33.302215
B44: 15.30 - 15.45 | C44: =AVERAGE('114'!C44,'115'!C44,'116'!C44,'117'!C44,'118'!C44,'119'!C44,'121'!C44,'122'!C44,'123'!C44,'124'!C44,'125'!C44,'126'!C44,'127'!C44,'128'!C44,'129'!C44,'130'!C44,'131'!C44,'138'!C44,'139'!C44,'140'!C44) -> 2.8787215 | D44: =AVERAGE('114'!D44,'115'!D44,'116'!D44,'117'!D44,'118'!D44,'119'!D44,'121'!D44,'122'!D44,'123'!D44,'124'!D44,'125'!D44,'126'!D44,'127'!D44,'128'!D44,'129'!D44,'130'!D44,'131'!D44,'138'!D44,'139'!D44,'140'!D44) -> 1.0232643 | E44: =AVERAGE('114'!E44,'115'!E44,'116'!E44,'117'!E44,'118'!E44,'119'!E44,'121'!E44,'122'!E44,'123'!E44,'124'!E44,'125'!E44,'126'!E44,'127'!E44,'128'!E44,'129'!E44,'130'!E44,'131'!E44,'138'!E44,'139'!E44,'140'!E44) -> 2.274981 | F44: =AVERAGE('114'!F44,'115'!F44,'116'!F44,'117'!F44,'118'!F44,'119'!F44,'121'!F44,'122'!F44,'123'!F44,'124'!F44,'125'!F44,'126'!F44,'127'!F44,'128'!F44,'129'!F44,'130'!F44,'131'!F44,'138'!F44,'139'!F44,'140'!F44) -> 1.4707643 | G44: =AVERAGE('114'!G44,'115'!G44,'116'!G44,'117'!G44,'118'!G44,'119'!G44,'121'!G44,'122'!G44,'123'!G44,'124'!G44,'125'!G44,'126'!G44,'127'!G44,'128'!G44,'129'!G44,'130'!G44,'131'!G44,'138'!G44,'139'!G44,'140'!G44) -> 0.1 | H44: =AVERAGE('114'!H44,'115'!H44,'116'!H44,'117'!H44,'118'!H44,'119'!H44,'121'!H44,'122'!H44,'123'!H44,'124'!H44,'125'!H44,'126'!H44,'127'!H44,'128'!H44,'129'!H44,'130'!H44,'131'!H44,'138'!H44,'139'!H44,'140'!H44) -> 0.55619048 | I44: =AVERAGE('114'!I44,'115'!I44,'116'!I44,'117'!I44,'118'!I44,'119'!I44,'121'!I44,'122'!I44,'123'!I44,'124'!I44,'125'!I44,'126'!I44,'127'!I44,'128'!I44,'129'!I44,'130'!I44,'131'!I44,'138'!I44,'139'!I44,'140'!I44) -> 1.5661525 | J44: =AVERAGE('114'!J44,'115'!J44,'116'!J44,'117'!J44,'118'!J44,'119'!J44,'121'!J44,'122'!J44,'123'!J44,'124'!J44,'125'!J44,'126'!J44,'127'!J44,'128'!J44,'129'!J44,'130'!J44,'131'!J44,'138'!J44,'139'!J44,'140'!J44) -> 0.50290716 | ... P44: =AVERAGE('114'!P44,'115'!P44,'116'!P44,'117'!P44,'118'!P44,'119'!P44,'121'!P44,'122'!P44,'123'!P44,'124'!P44,'125'!P44,'126'!P44,'127'!P44,'128'!P44,'129'!P44,'130'!P44,'131'!P44,'138'!P44,'139'!P44,'140'!P44) -> 33.243131
B45: 15.45 - 16.00 | C45: =AVERAGE('114'!C45,'115'!C45,'116'!C45,'117'!C45,'118'!C45,'119'!C45,'121'!C45,'122'!C45,'123'!C45,'124'!C45,'125'!C45,'126'!C45,'127'!C45,'128'!C45,'129'!C45,'130'!C45,'131'!C45,'138'!C45,'139'!C45,'140'!C45) -> 2.9204882 | D45: =AVERAGE('114'!D45,'115'!D45,'116'!D45,'117'!D45,'118'!D45,'119'!D45,'121'!D45,'122'!D45,'123'!D45,'124'!D45,'125'!D45,'126'!D45,'127'!D45,'128'!D45,'129'!D45,'130'!D45,'131'!D45,'138'!D45,'139'!D45,'140'!D45) -> 1.3888405 | E45: =AVERAGE('114'!E45,'115'!E45,'116'!E45,'117'!E45,'118'!E45,'119'!E45,'121'!E45,'122'!E45,'123'!E45,'124'!E45,'125'!E45,'126'!E45,'127'!E45,'128'!E45,'129'!E45,'130'!E45,'131'!E45,'138'!E45,'139'!E45,'140'!E45) -> 2.4387525 | F45: =AVERAGE('114'!F45,'115'!F45,'116'!F45,'117'!F45,'118'!F45,'119'!F45,'121'!F45,'122'!F45,'123'!F45,'124'!F45,'125'!F45,'126'!F45,'127'!F45,'128'!F45,'129'!F45,'130'!F45,'131'!F45,'138'!F45,'139'!F45,'140'!F45) -> 1.3577691 | G45: =AVERAGE('114'!G45,'115'!G45,'116'!G45,'117'!G45,'118'!G45,'119'!G45,'121'!G45,'122'!G45,'123'!G45,'124'!G45,'125'!G45,'126'!G45,'127'!G45,'128'!G45,'129'!G45,'130'!G45,'131'!G45,'138'!G45,'139'!G45,'140'!G45) -> 0.10380952 | H45: =AVERAGE('114'!H45,'115'!H45,'116'!H45,'117'!H45,'118'!H45,'119'!H45,'121'!H45,'122'!H45,'123'!H45,'124'!H45,'125'!H45,'126'!H45,'127'!H45,'128'!H45,'129'!H45,'130'!H45,'131'!H45,'138'!H45,'139'!H45,'140'!H45) -> 0.28761905 | I45: =AVERAGE('114'!I45,'115'!I45,'116'!I45,'117'!I45,'118'!I45,'119'!I45,'121'!I45,'122'!I45,'123'!I45,'124'!I45,'125'!I45,'126'!I45,'127'!I45,'128'!I45,'129'!I45,'130'!I45,'131'!I45,'138'!I45,'139'!I45,'140'!I45) -> 1.4327191 | J45: =AVERAGE('114'!J45,'115'!J45,'116'!J45,'117'!J45,'118'!J45,'119'!J45,'121'!J45,'122'!J45,'123'!J45,'124'!J45,'125'!J45,'126'!J45,'127'!J45,'128'!J45,'129'!J45,'130'!J45,'131'!J45,'138'!J45,'139'!J45,'140'!J45) -> 0.46452381 | ... P45: =AVERAGE('114'!P45,'115'!P45,'116'!P45,'117'!P45,'118'!P45,'119'!P45,'121'!P45,'122'!P45,'123'!P45,'124'!P45,'125'!P45,'126'!P45,'127'!P45,'128'!P45,'129'!P45,'130'!P45,'131'!P45,'138'!P45,'139'!P45,'140'!P45) -> 33.294772
B46: 16.00 - 16.15 | C46: =AVERAGE('114'!C46,'115'!C46,'116'!C46,'117'!C46,'118'!C46,'119'!C46,'121'!C46,'122'!C46,'123'!C46,'124'!C46,'125'!C46,'126'!C46,'127'!C46,'128'!C46,'129'!C46,'130'!C46,'131'!C46,'138'!C46,'139'!C46,'140'!C46) -> 3.4147239 | D46: =AVERAGE('114'!D46,'115'!D46,'116'!D46,'117'!D46,'118'!D46,'119'!D46,'121'!D46,'122'!D46,'123'!D46,'124'!D46,'125'!D46,'126'!D46,'127'!D46,'128'!D46,'129'!D46,'130'!D46,'131'!D46,'138'!D46,'139'!D46,'140'!D46) -> 1.1645738 | E46: =AVERAGE('114'!E46,'115'!E46,'116'!E46,'117'!E46,'118'!E46,'119'!E46,'121'!E46,'122'!E46,'123'!E46,'124'!E46,'125'!E46,'126'!E46,'127'!E46,'128'!E46,'129'!E46,'130'!E46,'131'!E46,'138'!E46,'139'!E46,'140'!E46) -> 2.4306263 | F46: =AVERAGE('114'!F46,'115'!F46,'116'!F46,'117'!F46,'118'!F46,'119'!F46,'121'!F46,'122'!F46,'123'!F46,'124'!F46,'125'!F46,'126'!F46,'127'!F46,'128'!F46,'129'!F46,'130'!F46,'131'!F46,'138'!F46,'139'!F46,'140'!F46) -> 1.6887215 | G46: =AVERAGE('114'!G46,'115'!G46,'116'!G46,'117'!G46,'118'!G46,'119'!G46,'121'!G46,'122'!G46,'123'!G46,'124'!G46,'125'!G46,'126'!G46,'127'!G46,'128'!G46,'129'!G46,'130'!G46,'131'!G46,'138'!G46,'139'!G46,'140'!G46) -> 0.23690476 | H46: =AVERAGE('114'!H46,'115'!H46,'116'!H46,'117'!H46,'118'!H46,'119'!H46,'121'!H46,'122'!H46,'123'!H46,'124'!H46,'125'!H46,'126'!H46,'127'!H46,'128'!H46,'129'!H46,'130'!H46,'131'!H46,'138'!H46,'139'!H46,'140'!H46) -> 0.63576431 | I46: =AVERAGE('114'!I46,'115'!I46,'116'!I46,'117'!I46,'118'!I46,'119'!I46,'121'!I46,'122'!I46,'123'!I46,'124'!I46,'125'!I46,'126'!I46,'127'!I46,'128'!I46,'129'!I46,'130'!I46,'131'!I46,'138'!I46,'139'!I46,'140'!I46) -> 1.7398239 | J46: =AVERAGE('114'!J46,'115'!J46,'116'!J46,'117'!J46,'118'!J46,'119'!J46,'121'!J46,'122'!J46,'123'!J46,'124'!J46,'125'!J46,'126'!J46,'127'!J46,'128'!J46,'129'!J46,'130'!J46,'131'!J46,'138'!J46,'139'!J46,'140'!J46) -> 0.56238095 | ... P46: =AVERAGE('114'!P46,'115'!P46,'116'!P46,'117'!P46,'118'!P46,'119'!P46,'121'!P46,'122'!P46,'123'!P46,'124'!P46,'125'!P46,'126'!P46,'127'!P46,'128'!P46,'129'!P46,'130'!P46,'131'!P46,'138'!P46,'139'!P46,'140'!P46) -> 35.929346
B47: 16.15 -16.30 | C47: =AVERAGE('114'!C47,'115'!C47,'116'!C47,'117'!C47,'118'!C47,'119'!C47,'121'!C47,'122'!C47,'123'!C47,'124'!C47,'125'!C47,'126'!C47,'127'!C47,'128'!C47,'129'!C47,'130'!C47,'131'!C47,'138'!C47,'139'!C47,'140'!C47) -> 3.4777311 | D47: =AVERAGE('114'!D47,'115'!D47,'116'!D47,'117'!D47,'118'!D47,'119'!D47,'121'!D47,'122'!D47,'123'!D47,'124'!D47,'125'!D47,'126'!D47,'127'!D47,'128'!D47,'129'!D47,'130'!D47,'131'!D47,'138'!D47,'139'!D47,'140'!D47) -> 1.3565476 | E47: =AVERAGE('114'!E47,'115'!E47,'116'!E47,'117'!E47,'118'!E47,'119'!E47,'121'!E47,'122'!E47,'123'!E47,'124'!E47,'125'!E47,'126'!E47,'127'!E47,'128'!E47,'129'!E47,'130'!E47,'131'!E47,'138'!E47,'139'!E47,'140'!E47) -> 2.4820238 | F47: =AVERAGE('114'!F47,'115'!F47,'116'!F47,'117'!F47,'118'!F47,'119'!F47,'121'!F47,'122'!F47,'123'!F47,'124'!F47,'125'!F47,'126'!F47,'127'!F47,'128'!F47,'129'!F47,'130'!F47,'131'!F47,'138'!F47,'139'!F47,'140'!F47) -> 1.3005262 | G47: =AVERAGE('114'!G47,'115'!G47,'116'!G47,'117'!G47,'118'!G47,'119'!G47,'121'!G47,'122'!G47,'123'!G47,'124'!G47,'125'!G47,'126'!G47,'127'!G47,'128'!G47,'129'!G47,'130'!G47,'131'!G47,'138'!G47,'139'!G47,'140'!G47) -> 0.12261905 | H47: =AVERAGE('114'!H47,'115'!H47,'116'!H47,'117'!H47,'118'!H47,'119'!H47,'121'!H47,'122'!H47,'123'!H47,'124'!H47,'125'!H47,'126'!H47,'127'!H47,'128'!H47,'129'!H47,'130'!H47,'131'!H47,'138'!H47,'139'!H47,'140'!H47) -> 0.83028812 | I47: =AVERAGE('114'!I47,'115'!I47,'116'!I47,'117'!I47,'118'!I47,'119'!I47,'121'!I47,'122'!I47,'123'!I47,'124'!I47,'125'!I47,'126'!I47,'127'!I47,'128'!I47,'129'!I47,'130'!I47,'131'!I47,'138'!I47,'139'!I47,'140'!I47) -> 1.5488715 | J47: =AVERAGE('114'!J47,'115'!J47,'116'!J47,'117'!J47,'118'!J47,'119'!J47,'121'!J47,'122'!J47,'123'!J47,'124'!J47,'125'!J47,'126'!J47,'127'!J47,'128'!J47,'129'!J47,'130'!J47,'131'!J47,'138'!J47,'139'!J47,'140'!J47) -> 0.68629052 | ... P47: =AVERAGE('114'!P47,'115'!P47,'116'!P47,'117'!P47,'118'!P47,'119'!P47,'121'!P47,'122'!P47,'123'!P47,'124'!P47,'125'!P47,'126'!P47,'127'!P47,'128'!P47,'129'!P47,'130'!P47,'131'!P47,'138'!P47,'139'!P47,'140'!P47) -> 34.376803
B48: 16.30 -16.45 | C48: =AVERAGE('114'!C48,'115'!C48,'116'!C48,'117'!C48,'118'!C48,'119'!C48,'121'!C48,'122'!C48,'123'!C48,'124'!C48,'125'!C48,'126'!C48,'127'!C48,'128'!C48,'129'!C48,'130'!C48,'131'!C48,'138'!C48,'139'!C48,'140'!C48) -> 3.3295858 | D48: =AVERAGE('114'!D48,'115'!D48,'116'!D48,'117'!D48,'118'!D48,'119'!D48,'121'!D48,'122'!D48,'123'!D48,'124'!D48,'125'!D48,'126'!D48,'127'!D48,'128'!D48,'129'!D48,'130'!D48,'131'!D48,'138'!D48,'139'!D48,'140'!D48) -> 1.154912 | E48: =AVERAGE('114'!E48,'115'!E48,'116'!E48,'117'!E48,'118'!E48,'119'!E48,'121'!E48,'122'!E48,'123'!E48,'124'!E48,'125'!E48,'126'!E48,'127'!E48,'128'!E48,'129'!E48,'130'!E48,'131'!E48,'138'!E48,'139'!E48,'140'!E48) -> 2.3243477 | F48: =AVERAGE('114'!F48,'115'!F48,'116'!F48,'117'!F48,'118'!F48,'119'!F48,'121'!F48,'122'!F48,'123'!F48,'124'!F48,'125'!F48,'126'!F48,'127'!F48,'128'!F48,'129'!F48,'130'!F48,'131'!F48,'138'!F48,'139'!F48,'140'!F48) -> 1.5479072 | G48: =AVERAGE('114'!G48,'115'!G48,'116'!G48,'117'!G48,'118'!G48,'119'!G48,'121'!G48,'122'!G48,'123'!G48,'124'!G48,'125'!G48,'126'!G48,'127'!G48,'128'!G48,'129'!G48,'130'!G48,'131'!G48,'138'!G48,'139'!G48,'140'!G48) -> 0.18809524 | H48: =AVERAGE('114'!H48,'115'!H48,'116'!H48,'117'!H48,'118'!H48,'119'!H48,'121'!H48,'122'!H48,'123'!H48,'124'!H48,'125'!H48,'126'!H48,'127'!H48,'128'!H48,'129'!H48,'130'!H48,'131'!H48,'138'!H48,'139'!H48,'140'!H48) -> 0.63952381 | I48: =AVERAGE('114'!I48,'115'!I48,'116'!I48,'117'!I48,'118'!I48,'119'!I48,'121'!I48,'122'!I48,'123'!I48,'124'!I48,'125'!I48,'126'!I48,'127'!I48,'128'!I48,'129'!I48,'130'!I48,'131'!I48,'138'!I48,'139'!I48,'140'!I48) -> 1.5570668 | J48: =AVERAGE('114'!J48,'115'!J48,'116'!J48,'117'!J48,'118'!J48,'119'!J48,'121'!J48,'122'!J48,'123'!J48,'124'!J48,'125'!J48,'126'!J48,'127'!J48,'128'!J48,'129'!J48,'130'!J48,'131'!J48,'138'!J48,'139'!J48,'140'!J48) -> 0.44147859 | ... P48: =AVERAGE('114'!P48,'115'!P48,'116'!P48,'117'!P48,'118'!P48,'119'!P48,'121'!P48,'122'!P48,'123'!P48,'124'!P48,'125'!P48,'126'!P48,'127'!P48,'128'!P48,'129'!P48,'130'!P48,'131'!P48,'138'!P48,'139'!P48,'140'!P48) -> 35.669596
B49: 16.45 -17.00 | C49: =AVERAGE('114'!C49,'115'!C49,'116'!C49,'117'!C49,'118'!C49,'119'!C49,'121'!C49,'122'!C49,'123'!C49,'124'!C49,'125'!C49,'126'!C49,'127'!C49,'128'!C49,'129'!C49,'130'!C49,'131'!C49,'138'!C49,'139'!C49,'140'!C49) -> 3.1732693 | D49: =AVERAGE('114'!D49,'115'!D49,'116'!D49,'117'!D49,'118'!D49,'119'!D49,'121'!D49,'122'!D49,'123'!D49,'124'!D49,'125'!D49,'126'!D49,'127'!D49,'128'!D49,'129'!D49,'130'!D49,'131'!D49,'138'!D49,'139'!D49,'140'!D49) -> 1.2115786 | E49: =AVERAGE('114'!E49,'115'!E49,'116'!E49,'117'!E49,'118'!E49,'119'!E49,'121'!E49,'122'!E49,'123'!E49,'124'!E49,'125'!E49,'126'!E49,'127'!E49,'128'!E49,'129'!E49,'130'!E49,'131'!E49,'138'!E49,'139'!E49,'140'!E49) -> 2.5776811 | F49: =AVERAGE('114'!F49,'115'!F49,'116'!F49,'117'!F49,'118'!F49,'119'!F49,'121'!F49,'122'!F49,'123'!F49,'124'!F49,'125'!F49,'126'!F49,'127'!F49,'128'!F49,'129'!F49,'130'!F49,'131'!F49,'138'!F49,'139'!F49,'140'!F49) -> 1.597619 | G49: =AVERAGE('114'!G49,'115'!G49,'116'!G49,'117'!G49,'118'!G49,'119'!G49,'121'!G49,'122'!G49,'123'!G49,'124'!G49,'125'!G49,'126'!G49,'127'!G49,'128'!G49,'129'!G49,'130'!G49,'131'!G49,'138'!G49,'139'!G49,'140'!G49) -> 0.11071429 | H49: =AVERAGE('114'!H49,'115'!H49,'116'!H49,'117'!H49,'118'!H49,'119'!H49,'121'!H49,'122'!H49,'123'!H49,'124'!H49,'125'!H49,'126'!H49,'127'!H49,'128'!H49,'129'!H49,'130'!H49,'131'!H49,'138'!H49,'139'!H49,'140'!H49) -> 0.54457383 | I49: =AVERAGE('114'!I49,'115'!I49,'116'!I49,'117'!I49,'118'!I49,'119'!I49,'121'!I49,'122'!I49,'123'!I49,'124'!I49,'125'!I49,'126'!I49,'127'!I49,'128'!I49,'129'!I49,'130'!I49,'131'!I49,'138'!I49,'139'!I49,'140'!I49) -> 1.4447739 | J49: =AVERAGE('114'!J49,'115'!J49,'116'!J49,'117'!J49,'118'!J49,'119'!J49,'121'!J49,'122'!J49,'123'!J49,'124'!J49,'125'!J49,'126'!J49,'127'!J49,'128'!J49,'129'!J49,'130'!J49,'131'!J49,'138'!J49,'139'!J49,'140'!J49) -> 0.54928571 | ... P49: =AVERAGE('114'!P49,'115'!P49,'116'!P49,'117'!P49,'118'!P49,'119'!P49,'121'!P49,'122'!P49,'123'!P49,'124'!P49,'125'!P49,'126'!P49,'127'!P49,'128'!P49,'129'!P49,'130'!P49,'131'!P49,'138'!P49,'139'!P49,'140'!P49) -> 34.860548
B50: 17.00 -17.15 | C50: =AVERAGE('114'!C50,'115'!C50,'116'!C50,'117'!C50,'118'!C50,'119'!C50,'121'!C50,'122'!C50,'123'!C50,'124'!C50,'125'!C50,'126'!C50,'127'!C50,'128'!C50,'129'!C50,'130'!C50,'131'!C50,'138'!C50,'139'!C50,'140'!C50) -> 3.7268667 | D50: =AVERAGE('114'!D50,'115'!D50,'116'!D50,'117'!D50,'118'!D50,'119'!D50,'121'!D50,'122'!D50,'123'!D50,'124'!D50,'125'!D50,'126'!D50,'127'!D50,'128'!D50,'129'!D50,'130'!D50,'131'!D50,'138'!D50,'139'!D50,'140'!D50) -> 1.4031072 | E50: =AVERAGE('114'!E50,'115'!E50,'116'!E50,'117'!E50,'118'!E50,'119'!E50,'121'!E50,'122'!E50,'123'!E50,'124'!E50,'125'!E50,'126'!E50,'127'!E50,'128'!E50,'129'!E50,'130'!E50,'131'!E50,'138'!E50,'139'!E50,'140'!E50) -> 2.9610264 | F50: =AVERAGE('114'!F50,'115'!F50,'116'!F50,'117'!F50,'118'!F50,'119'!F50,'121'!F50,'122'!F50,'123'!F50,'124'!F50,'125'!F50,'126'!F50,'127'!F50,'128'!F50,'129'!F50,'130'!F50,'131'!F50,'138'!F50,'139'!F50,'140'!F50) -> 1.5680072 | G50: =AVERAGE('114'!G50,'115'!G50,'116'!G50,'117'!G50,'118'!G50,'119'!G50,'121'!G50,'122'!G50,'123'!G50,'124'!G50,'125'!G50,'126'!G50,'127'!G50,'128'!G50,'129'!G50,'130'!G50,'131'!G50,'138'!G50,'139'!G50,'140'!G50) -> 0.26547619 | H50: =AVERAGE('114'!H50,'115'!H50,'116'!H50,'117'!H50,'118'!H50,'119'!H50,'121'!H50,'122'!H50,'123'!H50,'124'!H50,'125'!H50,'126'!H50,'127'!H50,'128'!H50,'129'!H50,'130'!H50,'131'!H50,'138'!H50,'139'!H50,'140'!H50) -> 0.31714286 | I50: =AVERAGE('114'!I50,'115'!I50,'116'!I50,'117'!I50,'118'!I50,'119'!I50,'121'!I50,'122'!I50,'123'!I50,'124'!I50,'125'!I50,'126'!I50,'127'!I50,'128'!I50,'129'!I50,'130'!I50,'131'!I50,'138'!I50,'139'!I50,'140'!I50) -> 1.5229572 | J50: =AVERAGE('114'!J50,'115'!J50,'116'!J50,'117'!J50,'118'!J50,'119'!J50,'121'!J50,'122'!J50,'123'!J50,'124'!J50,'125'!J50,'126'!J50,'127'!J50,'128'!J50,'129'!J50,'130'!J50,'131'!J50,'138'!J50,'139'!J50,'140'!J50) -> 0.80809524 | ... P50: =AVERAGE('114'!P50,'115'!P50,'116'!P50,'117'!P50,'118'!P50,'119'!P50,'121'!P50,'122'!P50,'123'!P50,'124'!P50,'125'!P50,'126'!P50,'127'!P50,'128'!P50,'129'!P50,'130'!P50,'131'!P50,'138'!P50,'139'!P50,'140'!P50) -> 38.245874
B51: 17.15 -17.30 | C51: =AVERAGE('114'!C51,'115'!C51,'116'!C51,'117'!C51,'118'!C51,'119'!C51,'121'!C51,'122'!C51,'123'!C51,'124'!C51,'125'!C51,'126'!C51,'127'!C51,'128'!C51,'129'!C51,'130'!C51,'131'!C51,'138'!C51,'139'!C51,'140'!C51) -> 3.5504002 | D51: =AVERAGE('114'!D51,'115'!D51,'116'!D51,'117'!D51,'118'!D51,'119'!D51,'121'!D51,'122'!D51,'123'!D51,'124'!D51,'125'!D51,'126'!D51,'127'!D51,'128'!D51,'129'!D51,'130'!D51,'131'!D51,'138'!D51,'139'!D51,'140'!D51) -> 1.4846238 | E51: =AVERAGE('114'!E51,'115'!E51,'116'!E51,'117'!E51,'118'!E51,'119'!E51,'121'!E51,'122'!E51,'123'!E51,'124'!E51,'125'!E51,'126'!E51,'127'!E51,'128'!E51,'129'!E51,'130'!E51,'131'!E51,'138'!E51,'139'!E51,'140'!E51) -> 2.7304882 | F51: =AVERAGE('114'!F51,'115'!F51,'116'!F51,'117'!F51,'118'!F51,'119'!F51,'121'!F51,'122'!F51,'123'!F51,'124'!F51,'125'!F51,'126'!F51,'127'!F51,'128'!F51,'129'!F51,'130'!F51,'131'!F51,'138'!F51,'139'!F51,'140'!F51) -> 1.4201501 | G51: =AVERAGE('114'!G51,'115'!G51,'116'!G51,'117'!G51,'118'!G51,'119'!G51,'121'!G51,'122'!G51,'123'!G51,'124'!G51,'125'!G51,'126'!G51,'127'!G51,'128'!G51,'129'!G51,'130'!G51,'131'!G51,'138'!G51,'139'!G51,'140'!G51) -> 0.24290716 | H51: =AVERAGE('114'!H51,'115'!H51,'116'!H51,'117'!H51,'118'!H51,'119'!H51,'121'!H51,'122'!H51,'123'!H51,'124'!H51,'125'!H51,'126'!H51,'127'!H51,'128'!H51,'129'!H51,'130'!H51,'131'!H51,'138'!H51,'139'!H51,'140'!H51) -> 0.42142857 | I51: =AVERAGE('114'!I51,'115'!I51,'116'!I51,'117'!I51,'118'!I51,'119'!I51,'121'!I51,'122'!I51,'123'!I51,'124'!I51,'125'!I51,'126'!I51,'127'!I51,'128'!I51,'129'!I51,'130'!I51,'131'!I51,'138'!I51,'139'!I51,'140'!I51) -> 1.5332453 | J51: =AVERAGE('114'!J51,'115'!J51,'116'!J51,'117'!J51,'118'!J51,'119'!J51,'121'!J51,'122'!J51,'123'!J51,'124'!J51,'125'!J51,'126'!J51,'127'!J51,'128'!J51,'129'!J51,'130'!J51,'131'!J51,'138'!J51,'139'!J51,'140'!J51) -> 0.88071429 | ... P51: =AVERAGE('114'!P51,'115'!P51,'116'!P51,'117'!P51,'118'!P51,'119'!P51,'121'!P51,'122'!P51,'123'!P51,'124'!P51,'125'!P51,'126'!P51,'127'!P51,'128'!P51,'129'!P51,'130'!P51,'131'!P51,'138'!P51,'139'!P51,'140'!P51) -> 38.034772
B52: 17.30 -17.45 | C52: =AVERAGE('114'!C52,'115'!C52,'116'!C52,'117'!C52,'118'!C52,'119'!C52,'121'!C52,'122'!C52,'123'!C52,'124'!C52,'125'!C52,'126'!C52,'127'!C52,'128'!C52,'129'!C52,'130'!C52,'131'!C52,'138'!C52,'139'!C52,'140'!C52) -> 3.8860644 | D52: =AVERAGE('114'!D52,'115'!D52,'116'!D52,'117'!D52,'118'!D52,'119'!D52,'121'!D52,'122'!D52,'123'!D52,'124'!D52,'125'!D52,'126'!D52,'127'!D52,'128'!D52,'129'!D52,'130'!D52,'131'!D52,'138'!D52,'139'!D52,'140'!D52) -> 1.4413595 | E52: =AVERAGE('114'!E52,'115'!E52,'116'!E52,'117'!E52,'118'!E52,'119'!E52,'121'!E52,'122'!E52,'123'!E52,'124'!E52,'125'!E52,'126'!E52,'127'!E52,'128'!E52,'129'!E52,'130'!E52,'131'!E52,'138'!E52,'139'!E52,'140'!E52) -> 2.7956953 | F52: =AVERAGE('114'!F52,'115'!F52,'116'!F52,'117'!F52,'118'!F52,'119'!F52,'121'!F52,'122'!F52,'123'!F52,'124'!F52,'125'!F52,'126'!F52,'127'!F52,'128'!F52,'129'!F52,'130'!F52,'131'!F52,'138'!F52,'139'!F52,'140'!F52) -> 1.7480952 | G52: =AVERAGE('114'!G52,'115'!G52,'116'!G52,'117'!G52,'118'!G52,'119'!G52,'121'!G52,'122'!G52,'123'!G52,'124'!G52,'125'!G52,'126'!G52,'127'!G52,'128'!G52,'129'!G52,'130'!G52,'131'!G52,'138'!G52,'139'!G52,'140'!G52) -> 0.19528812 | H52: =AVERAGE('114'!H52,'115'!H52,'116'!H52,'117'!H52,'118'!H52,'119'!H52,'121'!H52,'122'!H52,'123'!H52,'124'!H52,'125'!H52,'126'!H52,'127'!H52,'128'!H52,'129'!H52,'130'!H52,'131'!H52,'138'!H52,'139'!H52,'140'!H52) -> 0.30515006 | I52: =AVERAGE('114'!I52,'115'!I52,'116'!I52,'117'!I52,'118'!I52,'119'!I52,'121'!I52,'122'!I52,'123'!I52,'124'!I52,'125'!I52,'126'!I52,'127'!I52,'128'!I52,'129'!I52,'130'!I52,'131'!I52,'138'!I52,'139'!I52,'140'!I52) -> 1.5092477 | J52: =AVERAGE('114'!J52,'115'!J52,'116'!J52,'117'!J52,'118'!J52,'119'!J52,'121'!J52,'122'!J52,'123'!J52,'124'!J52,'125'!J52,'126'!J52,'127'!J52,'128'!J52,'129'!J52,'130'!J52,'131'!J52,'138'!J52,'139'!J52,'140'!J52) -> 0.5397619 | ... P52: =AVERAGE('114'!P52,'115'!P52,'116'!P52,'117'!P52,'118'!P52,'119'!P52,'121'!P52,'122'!P52,'123'!P52,'124'!P52,'125'!P52,'126'!P52,'127'!P52,'128'!P52,'129'!P52,'130'!P52,'131'!P52,'138'!P52,'139'!P52,'140'!P52) -> 39.474096
B53: 17.45 -18.00 | C53: =AVERAGE('114'!C53,'115'!C53,'116'!C53,'117'!C53,'118'!C53,'119'!C53,'121'!C53,'122'!C53,'123'!C53,'124'!C53,'125'!C53,'126'!C53,'127'!C53,'128'!C53,'129'!C53,'130'!C53,'131'!C53,'138'!C53,'139'!C53,'140'!C53) -> 3.6521549 | D53: =AVERAGE('114'!D53,'115'!D53,'116'!D53,'117'!D53,'118'!D53,'119'!D53,'121'!D53,'122'!D53,'123'!D53,'124'!D53,'125'!D53,'126'!D53,'127'!D53,'128'!D53,'129'!D53,'130'!D53,'131'!D53,'138'!D53,'139'!D53,'140'!D53) -> 1.1914096 | E53: =AVERAGE('114'!E53,'115'!E53,'116'!E53,'117'!E53,'118'!E53,'119'!E53,'121'!E53,'122'!E53,'123'!E53,'124'!E53,'125'!E53,'126'!E53,'127'!E53,'128'!E53,'129'!E53,'130'!E53,'131'!E53,'138'!E53,'139'!E53,'140'!E53) -> 2.5198429 | F53: =AVERAGE('114'!F53,'115'!F53,'116'!F53,'117'!F53,'118'!F53,'119'!F53,'121'!F53,'122'!F53,'123'!F53,'124'!F53,'125'!F53,'126'!F53,'127'!F53,'128'!F53,'129'!F53,'130'!F53,'131'!F53,'138'!F53,'139'!F53,'140'!F53) -> 1.2881953 | G53: =AVERAGE('114'!G53,'115'!G53,'116'!G53,'117'!G53,'118'!G53,'119'!G53,'121'!G53,'122'!G53,'123'!G53,'124'!G53,'125'!G53,'126'!G53,'127'!G53,'128'!G53,'129'!G53,'130'!G53,'131'!G53,'138'!G53,'139'!G53,'140'!G53) -> 0.16833333 | H53: =AVERAGE('114'!H53,'115'!H53,'116'!H53,'117'!H53,'118'!H53,'119'!H53,'121'!H53,'122'!H53,'123'!H53,'124'!H53,'125'!H53,'126'!H53,'127'!H53,'128'!H53,'129'!H53,'130'!H53,'131'!H53,'138'!H53,'139'!H53,'140'!H53) -> 0.28343337 | I53: =AVERAGE('114'!I53,'115'!I53,'116'!I53,'117'!I53,'118'!I53,'119'!I53,'121'!I53,'122'!I53,'123'!I53,'124'!I53,'125'!I53,'126'!I53,'127'!I53,'128'!I53,'129'!I53,'130'!I53,'131'!I53,'138'!I53,'139'!I53,'140'!I53) -> 1.5885834 | J53: =AVERAGE('114'!J53,'115'!J53,'116'!J53,'117'!J53,'118'!J53,'119'!J53,'121'!J53,'122'!J53,'123'!J53,'124'!J53,'125'!J53,'126'!J53,'127'!J53,'128'!J53,'129'!J53,'130'!J53,'131'!J53,'138'!J53,'139'!J53,'140'!J53) -> 0.57809524 | ... P53: =AVERAGE('114'!P53,'115'!P53,'116'!P53,'117'!P53,'118'!P53,'119'!P53,'121'!P53,'122'!P53,'123'!P53,'124'!P53,'125'!P53,'126'!P53,'127'!P53,'128'!P53,'129'!P53,'130'!P53,'131'!P53,'138'!P53,'139'!P53,'140'!P53) -> 37.438143
B54: 18.00 - 18.15 | C54: =AVERAGE('114'!C54,'115'!C54,'116'!C54,'117'!C54,'118'!C54,'119'!C54,'121'!C54,'122'!C54,'123'!C54,'124'!C54,'125'!C54,'126'!C54,'127'!C54,'128'!C54,'129'!C54,'130'!C54,'131'!C54,'138'!C54,'139'!C54,'140'!C54) -> 3.6294858 | D54: =AVERAGE('114'!D54,'115'!D54,'116'!D54,'117'!D54,'118'!D54,'119'!D54,'121'!D54,'122'!D54,'123'!D54,'124'!D54,'125'!D54,'126'!D54,'127'!D54,'128'!D54,'129'!D54,'130'!D54,'131'!D54,'138'!D54,'139'!D54,'140'!D54) -> 1.4783453 | E54: =AVERAGE('114'!E54,'115'!E54,'116'!E54,'117'!E54,'118'!E54,'119'!E54,'121'!E54,'122'!E54,'123'!E54,'124'!E54,'125'!E54,'126'!E54,'127'!E54,'128'!E54,'129'!E54,'130'!E54,'131'!E54,'138'!E54,'139'!E54,'140'!E54) -> 2.922405 | F54: =AVERAGE('114'!F54,'115'!F54,'116'!F54,'117'!F54,'118'!F54,'119'!F54,'121'!F54,'122'!F54,'123'!F54,'124'!F54,'125'!F54,'126'!F54,'127'!F54,'128'!F54,'129'!F54,'130'!F54,'131'!F54,'138'!F54,'139'!F54,'140'!F54) -> 1.712531 | G54: =AVERAGE('114'!G54,'115'!G54,'116'!G54,'117'!G54,'118'!G54,'119'!G54,'121'!G54,'122'!G54,'123'!G54,'124'!G54,'125'!G54,'126'!G54,'127'!G54,'128'!G54,'129'!G54,'130'!G54,'131'!G54,'138'!G54,'139'!G54,'140'!G54) -> 0.29885954 | H54: =AVERAGE('114'!H54,'115'!H54,'116'!H54,'117'!H54,'118'!H54,'119'!H54,'121'!H54,'122'!H54,'123'!H54,'124'!H54,'125'!H54,'126'!H54,'127'!H54,'128'!H54,'129'!H54,'130'!H54,'131'!H54,'138'!H54,'139'!H54,'140'!H54) -> 0.37642857 | I54: =AVERAGE('114'!I54,'115'!I54,'116'!I54,'117'!I54,'118'!I54,'119'!I54,'121'!I54,'122'!I54,'123'!I54,'124'!I54,'125'!I54,'126'!I54,'127'!I54,'128'!I54,'129'!I54,'130'!I54,'131'!I54,'138'!I54,'139'!I54,'140'!I54) -> 1.827531 | J54: =AVERAGE('114'!J54,'115'!J54,'116'!J54,'117'!J54,'118'!J54,'119'!J54,'121'!J54,'122'!J54,'123'!J54,'124'!J54,'125'!J54,'126'!J54,'127'!J54,'128'!J54,'129'!J54,'130'!J54,'131'!J54,'138'!J54,'139'!J54,'140'!J54) -> 0.59005002 | ... P54: =AVERAGE('114'!P54,'115'!P54,'116'!P54,'117'!P54,'118'!P54,'119'!P54,'121'!P54,'122'!P54,'123'!P54,'124'!P54,'125'!P54,'126'!P54,'127'!P54,'128'!P54,'129'!P54,'130'!P54,'131'!P54,'138'!P54,'139'!P54,'140'!P54) -> 38.257879
... B105: 06.45 - 07.00 | C105: =AVERAGE('114'!C105,'115'!C105,'116'!C105,'117'!C105,'118'!C105,'119'!C105,'121'!C105,'122'!C105,'123'!C105,'124'!C105,'125'!C105,'126'!C105,'127'!C105,'128'!C105,'129'!C105,'130'!C105,'131'!C105,'138'!C105,'139'!C105,'140'!C105) -> 1.6057423 | D105: =AVERAGE('114'!D105,'115'!D105,'116'!D105,'117'!D105,'118'!D105,'119'!D105,'121'!D105,'122'!D105,'123'!D105,'124'!D105,'125'!D105,'126'!D105,'127'!D105,'128'!D105,'129'!D105,'130'!D105,'131'!D105,'138'!D105,'139'!D105,'140'!D105) -> 0.82157563 | E105: =AVERAGE('114'!E105,'115'!E105,'116'!E105,'117'!E105,'118'!E105,'119'!E105,'121'!E105,'122'!E105,'123'!E105,'124'!E105,'125'!E105,'126'!E105,'127'!E105,'128'!E105,'129'!E105,'130'!E105,'131'!E105,'138'!E105,'139'!E105,'140'!E105) -> 1.9873179 | F105: =AVERAGE('114'!F105,'115'!F105,'116'!F105,'117'!F105,'118'!F105,'119'!F105,'121'!F105,'122'!F105,'123'!F105,'124'!F105,'125'!F105,'126'!F105,'127'!F105,'128'!F105,'129'!F105,'130'!F105,'131'!F105,'138'!F105,'139'!F105,'140'!F105) -> 0.85 | G105: =AVERAGE('114'!G105,'115'!G105,'116'!G105,'117'!G105,'118'!G105,'119'!G105,'121'!G105,'122'!G105,'123'!G105,'124'!G105,'125'!G105,'126'!G105,'127'!G105,'128'!G105,'129'!G105,'130'!G105,'131'!G105,'138'!G105,'139'!G105,'140'!G105) -> 0.075 | H105: =AVERAGE('114'!H105,'115'!H105,'116'!H105,'117'!H105,'118'!H105,'119'!H105,'121'!H105,'122'!H105,'123'!H105,'124'!H105,'125'!H105,'126'!H105,'127'!H105,'128'!H105,'129'!H105,'130'!H105,'131'!H105,'138'!H105,'139'!H105,'140'!H105) -> 0.63333333 | I105: =AVERAGE('114'!I105,'115'!I105,'116'!I105,'117'!I105,'118'!I105,'119'!I105,'121'!I105,'122'!I105,'123'!I105,'124'!I105,'125'!I105,'126'!I105,'127'!I105,'128'!I105,'129'!I105,'130'!I105,'131'!I105,'138'!I105,'139'!I105,'140'!I105) -> 0.96267507 | J105: =AVERAGE('114'!J105,'115'!J105,'116'!J105,'117'!J105,'118'!J105,'119'!J105,'121'!J105,'122'!J105,'123'!J105,'124'!J105,'125'!J105,'126'!J105,'127'!J105,'128'!J105,'129'!J105,'130'!J105,'131'!J105,'138'!J105,'139'!J105,'140'!J105) -> 0.43767507 | ... P105: =AVERAGE('114'!P105,'115'!P105,'116'!P105,'117'!P105,'118'!P105,'119'!P105,'121'!P105,'122'!P105,'123'!P105,'124'!P105,'125'!P105,'126'!P105,'127'!P105,'128'!P105,'129'!P105,'130'!P105,'131'!P105,'138'!P105,'139'!P105,'140'!P105) -> 18.098319
B106: Totals | C106: =SUM(C10:C105) -> 206.91209 | D106: =SUM(D10:D105) -> 84.932279 | E106: =SUM(E10:E105) -> 167.9104 | F106: =SUM(F10:F105) -> 87.976164 | G106: =SUM(G10:G105) -> 10.097155 | H106: =SUM(H10:H105) -> 27.673067 | I106: =SUM(I10:I105) -> 101.74209 | J106: =SUM(J10:J105) -> 37.977527 | ... P106: =SUM(P10:P105) -> 2252.3733
B107: %ges + MCs | C107: =C106/$P$106 -> 0.091864031 | D107: =D106/$P$106 -> 0.037707906 | E107: =E106/$P$106 -> 0.074548213 | F107: =F106/$P$106 -> 0.039059319 | G107: =G106/$P$106 -> 0.0044828959 | H107: =H106/$P$106 -> 0.012286182 | I107: =I106/$P$106 -> 0.045171062 | J107: =J106/$P$106 -> 0.016861116 | ... N107: =N106/$P$106 -> 0.00097907311
B108: %ges w/o MCs | C108: =C106/$O$106 -> 0.24220805 | D108: =D106/$O$106 -> 0.099420395 | E108: =E106/$O$106 -> 0.19655328 | F108: =F106/$O$106 -> 0.10298352 | G108: =G106/$O$106 -> 0.011819571 | H108: =H106/$O$106 -> 0.032393659 | I108: =I106/$O$106 -> 0.1190977 | J108: =J106/$O$106 -> 0.044455898 | ... L108: =L106/$O$106 -> 0.11416831 | N108: =N106/$O$106 -> 0.0025814172

Sheet 114
B1: Consultancy services for Preparation of Expressway Development Master Plan (EDMP) for Uganda
B2: MANUAL CLASSIFIED COUNT (MCC)
B3: ROAD NAME: | C3: ='[2]06.08 Nebbi-Arua'!C3:G3 -> MCC - C5 - STN114 - ARUA-NEBBI ROAD
C5: Date | D5: AVERAGE WEEK | F5: Location | G5: ='[2]Avg Week Nebbi-Arua'!G5:H5 -> xxx | J5: Surveyor | K5: ='[2]Avg Week Nebbi-Arua'!K5:L5 -> xxx
C6: Dir. From | D6: BOTH DIRECTIONS | F6: Dir. To | G6: BOTH DIRECTIONS | J6: Supervisor | K6: ='[2]Avg Week Nebbi-Arua'!K6:L6 -> xxx
B8: Time / Veh Type | R8: SUMMARY TRAFFIC VOLUMES
C9: 1. Car | D9: 2. Station Wagon | E9: 3. Pickups | F9: 4. Minibus, matatu | G9: 5. Medium bus | H9: 6. Large Bus | I9: 7. Light Truck | J9: 8. Medium Truck | K9: 9. Heavy truck | L9: 10. Truck Trailer | M9: 11. Motor cycles | N9: 12. Tractors | O9: Total Excl M/Cycles | P9: Total All | R9: Time | S9: 1. Car | T9: 2. Station Wagon | U9: 3. Pickups | V9: 4. Minibus, matatu | W9: 5. Medium bus | X9: 6. Large Bus | Y9: 7. Light Truck | Z9: 8. Medium Truck | AA9: 9. Heavy truck | AB9: 10. Truck Trailer | AC9: 11. Motorcycles | AD9: 12. Tractors, Graders | AE9: Total Excl M/ Cycles | AF9: Total All
B10: 07.00 - 07.15 | C10: ='[2]Avg Week Arua-Nebbi'!C10+'[2]Avg Week Nebbi-Arua'!C10 -> 1.4285714 | D10: ='[2]Avg Week Arua-Nebbi'!D10+'[2]Avg Week Nebbi-Arua'!D10 -> 0 | E10: ='[2]Avg Week Arua-Nebbi'!E10+'[2]Avg Week Nebbi-Arua'!E10 -> 0 | F10: ='[2]Avg Week Arua-Nebbi'!F10+'[2]Avg Week Nebbi-Arua'!F10 -> 0.28571429 | G10: ='[2]Avg Week Arua-Nebbi'!G10+'[2]Avg Week Nebbi-Arua'!G10 -> 0.28571429 | H10: ='[2]Avg Week Arua-Nebbi'!H10+'[2]Avg Week Nebbi-Arua'!H10 -> 0.85714286 | I10: ='[2]Avg Week Arua-Nebbi'!I10+'[2]Avg Week Nebbi-Arua'!I10 -> 1.4285714 | J10: ='[2]Avg Week Arua-Nebbi'!J10+'[2]Avg Week Nebbi-Arua'!J10 -> 0.85714286 | ... N10: ='[2]Avg Week Arua-Nebbi'!N10+'[2]Avg Week Nebbi-Arua'!N10 -> 0 | O10: =SUM(C10:L10,N10) -> 5.7142857 | P10: =SUM(C10:N10) -> 23.428571 | R10: 0700-0800 | S10: =SUM(C10:C13) -> 8.2857143 | T10: =SUM(D10:D13) -> 0.42857143 | U10: =SUM(E10:E13) -> 1 | V10: =SUM(F10:F13) -> 2.2857143 | W10: =SUM(G10:G13) -> 0.85714286 | X10: =SUM(H10:H13) -> 1 | Y10: =SUM(I10:I13) -> 5.8571429 | Z10: =SUM(J10:J13) -> 2 | ... AF10: =SUM(P10:P13) -> 119.28571
B11: 07.15 - 07.30 | C11: ='[2]Avg Week Arua-Nebbi'!C11+'[2]Avg Week Nebbi-Arua'!C11 -> 1.8571429 | D11: ='[2]Avg Week Arua-Nebbi'!D11+'[2]Avg Week Nebbi-Arua'!D11 -> 0.14285714 | E11: ='[2]Avg Week Arua-Nebbi'!E11+'[2]Avg Week Nebbi-Arua'!E11 -> 0.28571429 | F11: ='[2]Avg Week Arua-Nebbi'!F11+'[2]Avg Week Nebbi-Arua'!F11 -> 0.28571429 | G11: ='[2]Avg Week Arua-Nebbi'!G11+'[2]Avg Week Nebbi-Arua'!G11 -> 0.28571429 | H11: ='[2]Avg Week Arua-Nebbi'!H11+'[2]Avg Week Nebbi-Arua'!H11 -> 0 | I11: ='[2]Avg Week Arua-Nebbi'!I11+'[2]Avg Week Nebbi-Arua'!I11 -> 1.8571429 | J11: ='[2]Avg Week Arua-Nebbi'!J11+'[2]Avg Week Nebbi-Arua'!J11 -> 0.57142857 | ... N11: ='[2]Avg Week Arua-Nebbi'!N11+'[2]Avg Week Nebbi-Arua'!N11 -> 0 | O11: =SUM(C11:L11,N11) -> 6.2857143 | P11: =SUM(C11:N11) -> 27.714286 | R11: 0800-0900 | S11: =SUM(C14:C17) -> 10.571429 | T11: =SUM(D14:D17) -> 1.2857143 | U11: =SUM(E14:E17) -> 1.8571429 | V11: =SUM(F14:F17) -> 3.4285714 | W11: =SUM(G14:G17) -> 0.71428571 | X11: =SUM(H14:H17) -> 1.8571429 | Y11: =SUM(I14:I17) -> 4.1428571 | Z11: =SUM(J14:J17) -> 1 | ... AF11: =SUM(P14:P17) -> 139.28571
B12: 07.30 - 07.45 | C12: ='[2]Avg Week Arua-Nebbi'!C12+'[2]Avg Week Nebbi-Arua'!C12 -> 2.8571429 | D12: ='[2]Avg Week Arua-Nebbi'!D12+'[2]Avg Week Nebbi-Arua'!D12 -> 0 | E12: ='[2]Avg Week Arua-Nebbi'!E12+'[2]Avg Week Nebbi-Arua'!E12 -> 0 | F12: ='[2]Avg Week Arua-Nebbi'!F12+'[2]Avg Week Nebbi-Arua'!F12 -> 1 | G12: ='[2]Avg Week Arua-Nebbi'!G12+'[2]Avg Week Nebbi-Arua'!G12 -> 0.28571429 | H12: ='[2]Avg Week Arua-Nebbi'!H12+'[2]Avg Week Nebbi-Arua'!H12 -> 0.14285714 | I12: ='[2]Avg Week Arua-Nebbi'!I12+'[2]Avg Week Nebbi-Arua'!I12 -> 1.1428571 | J12: ='[2]Avg Week Arua-Nebbi'!J12+'[2]Avg Week Nebbi-Arua'!J12 -> 0.28571429 | ... N12: ='[2]Avg Week Arua-Nebbi'!N12+'[2]Avg Week Nebbi-Arua'!N12 -> 0 | O12: =SUM(C12:L12,N12) -> 7.1428571 | P12: =SUM(C12:N12) -> 31.142857 | R12: 0900-1000 | S12: =SUM(C18:C21) -> 10.285714 | T12: =SUM(D18:D21) -> 2.7142857 | U12: =SUM(E18:E21) -> 4.2857143 | V12: =SUM(F18:F21) -> 3.8571429 | W12: =SUM(G18:G21) -> 1 | X12: =SUM(H18:H21) -> 6 | Y12: =SUM(I18:I21) -> 5.8571429 | Z12: =SUM(J18:J21) -> 1.5714286 | ... AF12: =SUM(P18:P21) -> 154.42857
B13: 07.45 - 08.00 | C13: ='[2]Avg Week Arua-Nebbi'!C13+'[2]Avg Week Nebbi-Arua'!C13 -> 2.1428571 | D13: ='[2]Avg Week Arua-Nebbi'!D13+'[2]Avg Week Nebbi-Arua'!D13 -> 0.28571429 | E13: ='[2]Avg Week Arua-Nebbi'!E13+'[2]Avg Week Nebbi-Arua'!E13 -> 0.71428571 | F13: ='[2]Avg Week Arua-Nebbi'!F13+'[2]Avg Week Nebbi-Arua'!F13 -> 0.71428571 | G13: ='[2]Avg Week Arua-Nebbi'!G13+'[2]Avg Week Nebbi-Arua'!G13 -> 0 | H13: ='[2]Avg Week Arua-Nebbi'!H13+'[2]Avg Week Nebbi-Arua'!H13 -> 0 | I13: ='[2]Avg Week Arua-Nebbi'!I13+'[2]Avg Week Nebbi-Arua'!I13 -> 1.4285714 | J13: ='[2]Avg Week Arua-Nebbi'!J13+'[2]Avg Week Nebbi-Arua'!J13 -> 0.28571429 | ... N13: ='[2]Avg Week Arua-Nebbi'!N13+'[2]Avg Week Nebbi-Arua'!N13 -> 0 | O13: =SUM(C13:L13,N13) -> 7 | P13: =SUM(C13:N13) -> 37 | R13: 1000-1100 | S13: =SUM(C22:C25) -> 14.142857 | T13: =SUM(D22:D25) -> 2 | U13: =SUM(E22:E25) -> 3.7142857 | V13: =SUM(F22:F25) -> 3.7142857 | W13: =SUM(G22:G25) -> 0.42857143 | X13: =SUM(H22:H25) -> 1.7142857 | Y13: =SUM(I22:I25) -> 8.1428571 | Z13: =SUM(J22:J25) -> 1 | ... AF13: =SUM(P22:P25) -> 145.28571
B14: 08.00 - 08.15 | C14: ='[2]Avg Week Arua-Nebbi'!C14+'[2]Avg Week Nebbi-Arua'!C14 -> 2.8571429 | D14: ='[2]Avg Week Arua-Nebbi'!D14+'[2]Avg Week Nebbi-Arua'!D14 -> 0.42857143 | E14: ='[2]Avg Week Arua-Nebbi'!E14+'[2]Avg Week Nebbi-Arua'!E14 -> 0.42857143 | F14: ='[2]Avg Week Arua-Nebbi'!F14+'[2]Avg Week Nebbi-Arua'!F14 -> 1 | G14: ='[2]Avg Week Arua-Nebbi'!G14+'[2]Avg Week Nebbi-Arua'!G14 -> 0.14285714 | H14: ='[2]Avg Week Arua-Nebbi'!H14+'[2]Avg Week Nebbi-Arua'!H14 -> 0.14285714 | I14: ='[2]Avg Week Arua-Nebbi'!I14+'[2]Avg Week Nebbi-Arua'!I14 -> 1 | J14: ='[2]Avg Week Arua-Nebbi'!J14+'[2]Avg Week Nebbi-Arua'!J14 -> 0.14285714 | ... N14: ='[2]Avg Week Arua-Nebbi'!N14+'[2]Avg Week Nebbi-Arua'!N14 -> 0 | O14: =SUM(C14:L14,N14) -> 9.1428571 | P14: =SUM(C14:N14) -> 36.428571 | R14: 1100-1200 | S14: =SUM(C26:C29) -> 15.714286 | T14: =SUM(D26:D29) -> 2.2857143 | U14: =SUM(E26:E29) -> 4.7142857 | V14: =SUM(F26:F29) -> 4.5714286 | W14: =SUM(G26:G29) -> 0.14285714 | X14: =SUM(H26:H29) -> 0 | Y14: =SUM(I26:I29) -> 7.7142857 | Z14: =SUM(J26:J29) -> 2.2857143 | ... AF14: =SUM(P26:P29) -> 152.85714
B15: 08.15 - 08.30 | C15: ='[2]Avg Week Arua-Nebbi'!C15+'[2]Avg Week Nebbi-Arua'!C15 -> 3 | D15: ='[2]Avg Week Arua-Nebbi'!D15+'[2]Avg Week Nebbi-Arua'!D15 -> 0.28571429 | E15: ='[2]Avg Week Arua-Nebbi'!E15+'[2]Avg Week Nebbi-Arua'!E15 -> 0.42857143 | F15: ='[2]Avg Week Arua-Nebbi'!F15+'[2]Avg Week Nebbi-Arua'!F15 -> 1 | G15: ='[2]Avg Week Arua-Nebbi'!G15+'[2]Avg Week Nebbi-Arua'!G15 -> 0.28571429 | H15: ='[2]Avg Week Arua-Nebbi'!H15+'[2]Avg Week Nebbi-Arua'!H15 -> 0.71428571 | I15: ='[2]Avg Week Arua-Nebbi'!I15+'[2]Avg Week Nebbi-Arua'!I15 -> 1.4285714 | J15: ='[2]Avg Week Arua-Nebbi'!J15+'[2]Avg Week Nebbi-Arua'!J15 -> 0.57142857 | ... N15: ='[2]Avg Week Arua-Nebbi'!N15+'[2]Avg Week Nebbi-Arua'!N15 -> 0.28571429 | O15: =SUM(C15:L15,N15) -> 9.8571429 | P15: =SUM(C15:N15) -> 36.142857 | R15: 1200-1300 | S15: =SUM(C30:C33) -> 15.428571 | T15: =SUM(D30:D33) -> 4.5714286 | U15: =SUM(E30:E33) -> 7.2857143 | V15: =SUM(F30:F33) -> 4.2857143 | W15: =SUM(G30:G33) -> 0.14285714 | X15: =SUM(H30:H33) -> 2.1428571 | Y15: =SUM(I30:I33) -> 7.2857143 | Z15: =SUM(J30:J33) -> 2.4285714 | ... AF15: =SUM(P30:P33) -> 159.28571
B16: 08.30 - 08.45 | C16: ='[2]Avg Week Arua-Nebbi'!C16+'[2]Avg Week Nebbi-Arua'!C16 -> 3 | D16: ='[2]Avg Week Arua-Nebbi'!D16+'[2]Avg Week Nebbi-Arua'!D16 -> 0.28571429 | E16: ='[2]Avg Week Arua-Nebbi'!E16+'[2]Avg Week Nebbi-Arua'!E16 -> 0.57142857 | F16: ='[2]Avg Week Arua-Nebbi'!F16+'[2]Avg Week Nebbi-Arua'!F16 -> 1.1428571 | G16: ='[2]Avg Week Arua-Nebbi'!G16+'[2]Avg Week Nebbi-Arua'!G16 -> 0.14285714 | H16: ='[2]Avg Week Arua-Nebbi'!H16+'[2]Avg Week Nebbi-Arua'!H16 -> 0.71428571 | I16: ='[2]Avg Week Arua-Nebbi'!I16+'[2]Avg Week Nebbi-Arua'!I16 -> 0.71428571 | J16: ='[2]Avg Week Arua-Nebbi'!J16+'[2]Avg Week Nebbi-Arua'!J16 -> 0.14285714 | ... N16: ='[2]Avg Week Arua-Nebbi'!N16+'[2]Avg Week Nebbi-Arua'!N16 -> 0 | O16: =SUM(C16:L16,N16) -> 7.5714286 | P16: =SUM(C16:N16) -> 37 | R16: 1300-1400 | S16: =SUM(C34:C37) -> 16.428571 | T16: =SUM(D34:D37) -> 2.5714286 | U16: =SUM(E34:E37) -> 3.8571429 | V16: =SUM(F34:F37) -> 4.5714286 | W16: =SUM(G34:G37) -> 0.42857143 | X16: =SUM(H34:H37) -> 3.5714286 | Y16: =SUM(I34:I37) -> 8 | Z16: =SUM(J34:J37) -> 0.71428571 | ... AF16: =SUM(P34:P37) -> 150.42857
B17: 08.45 - 9.00 | C17: ='[2]Avg Week Arua-Nebbi'!C17+'[2]Avg Week Nebbi-Arua'!C17 -> 1.7142857 | D17: ='[2]Avg Week Arua-Nebbi'!D17+'[2]Avg Week Nebbi-Arua'!D17 -> 0.28571429 | E17: ='[2]Avg Week Arua-Nebbi'!E17+'[2]Avg Week Nebbi-Arua'!E17 -> 0.42857143 | F17: ='[2]Avg Week Arua-Nebbi'!F17+'[2]Avg Week Nebbi-Arua'!F17 -> 0.28571429 | G17: ='[2]Avg Week Arua-Nebbi'!G17+'[2]Avg Week Nebbi-Arua'!G17 -> 0.14285714 | H17: ='[2]Avg Week Arua-Nebbi'!H17+'[2]Avg Week Nebbi-Arua'!H17 -> 0.28571429 | I17: ='[2]Avg Week Arua-Nebbi'!I17+'[2]Avg Week Nebbi-Arua'!I17 -> 1 | J17: ='[2]Avg Week Arua-Nebbi'!J17+'[2]Avg Week Nebbi-Arua'!J17 -> 0.14285714 | ... N17: ='[2]Avg Week Arua-Nebbi'!N17+'[2]Avg Week Nebbi-Arua'!N17 -> 0 | O17: =SUM(C17:L17,N17) -> 5.1428571 | P17: =SUM(C17:N17) -> 29.714286 | R17: 1400-1500 | S17: =SUM(C38:C41) -> 13.285714 | T17: =SUM(D38:D41) -> 2 | U17: =SUM(E38:E41) -> 3.2857143 | V17: =SUM(F38:F41) -> 3 | W17: =SUM(G38:G41) -> 1 | X17: =SUM(H38:H41) -> 2.4285714 | Y17: =SUM(I38:I41) -> 7.8571429 | Z17: =SUM(J38:J41) -> 2.5714286 | ... AF17: =SUM(P38:P41) -> 139.71429
B18: 09.00 - 09.15 | C18: ='[2]Avg Week Arua-Nebbi'!C18+'[2]Avg Week Nebbi-Arua'!C18 -> 3.2857143 | D18: ='[2]Avg Week Arua-Nebbi'!D18+'[2]Avg Week Nebbi-Arua'!D18 -> 0.28571429 | E18: ='[2]Avg Week Arua-Nebbi'!E18+'[2]Avg Week Nebbi-Arua'!E18 -> 0.42857143 | F18: ='[2]Avg Week Arua-Nebbi'!F18+'[2]Avg Week Nebbi-Arua'!F18 -> 0.57142857 | G18: ='[2]Avg Week Arua-Nebbi'!G18+'[2]Avg Week Nebbi-Arua'!G18 -> 0 | H18: ='[2]Avg Week Arua-Nebbi'!H18+'[2]Avg Week Nebbi-Arua'!H18 -> 1.1428571 | I18: ='[2]Avg Week Arua-Nebbi'!I18+'[2]Avg Week Nebbi-Arua'!I18 -> 1.1428571 | J18: ='[2]Avg Week Arua-Nebbi'!J18+'[2]Avg Week Nebbi-Arua'!J18 -> 0.28571429 | ... N18: ='[2]Avg Week Arua-Nebbi'!N18+'[2]Avg Week Nebbi-Arua'!N18 -> 0 | O18: =SUM(C18:L18,N18) -> 7.8571429 | P18: =SUM(C18:N18) -> 37.285714 | R18: 1500-1600 | S18: =SUM(C42:C45) -> 16.285714 | T18: =SUM(D42:D45) -> 2.5714286 | U18: =SUM(E42:E45) -> 5.1428571 | V18: =SUM(F42:F45) -> 3.8571429 | W18: =SUM(G42:G45) -> 0.42857143 | X18: =SUM(H42:H45) -> 1.2857143 | Y18: =SUM(I42:I45) -> 7.4285714 | Z18: =SUM(J42:J45) -> 0.85714286 | ... AF18: =SUM(P42:P45) -> 151.71429
B19: 09.15 - 09.30 | C19: ='[2]Avg Week Arua-Nebbi'!C19+'[2]Avg Week Nebbi-Arua'!C19 -> 2.1428571 | D19: ='[2]Avg Week Arua-Nebbi'!D19+'[2]Avg Week Nebbi-Arua'!D19 -> 0.42857143 | E19: ='[2]Avg Week Arua-Nebbi'!E19+'[2]Avg Week Nebbi-Arua'!E19 -> 0.71428571 | F19: ='[2]Avg Week Arua-Nebbi'!F19+'[2]Avg Week Nebbi-Arua'!F19 -> 0.85714286 | G19: ='[2]Avg Week Arua-Nebbi'!G19+'[2]Avg Week Nebbi-Arua'!G19 -> 0.28571429 | H19: ='[2]Avg Week Arua-Nebbi'!H19+'[2]Avg Week Nebbi-Arua'!H19 -> 3.4285714 | I19: ='[2]Avg Week Arua-Nebbi'!I19+'[2]Avg Week Nebbi-Arua'!I19 -> 1.4285714 | J19: ='[2]Avg Week Arua-Nebbi'!J19+'[2]Avg Week Nebbi-Arua'!J19 -> 0.71428571 | ... N19: ='[2]Avg Week Arua-Nebbi'!N19+'[2]Avg Week Nebbi-Arua'!N19 -> 0.14285714 | O19: =SUM(C19:L19,N19) -> 10.714286 | P19: =SUM(C19:N19) -> 39 | R19: 1600-1700 | S19: =SUM(C46:C49) -> 15.571429 | T19: =SUM(D46:D49) -> 4.1428571 | U19: =SUM(E46:E49) -> 8.1428571 | V19: =SUM(F46:F49) -> 4.5714286 | W19: =SUM(G46:G49) -> 1.2857143 | X19: =SUM(H46:H49) -> 3.8571429 | Y19: =SUM(I46:I49) -> 8.7142857 | Z19: =SUM(J46:J49) -> 1.4285714 | ... AF19: =SUM(P46:P49) -> 171.85714
B20: 09.30 - 09.45 | C20: ='[2]Avg Week Arua-Nebbi'!C20+'[2]Avg Week Nebbi-Arua'!C20 -> 2.7142857 | D20: ='[2]Avg Week Arua-Nebbi'!D20+'[2]Avg Week Nebbi-Arua'!D20 -> 1.2857143 | E20: ='[2]Avg Week Arua-Nebbi'!E20+'[2]Avg Week Nebbi-Arua'!E20 -> 1.8571429 | F20: ='[2]Avg Week Arua-Nebbi'!F20+'[2]Avg Week Nebbi-Arua'!F20 -> 1.7142857 | G20: ='[2]Avg Week Arua-Nebbi'!G20+'[2]Avg Week Nebbi-Arua'!G20 -> 0.42857143 | H20: ='[2]Avg Week Arua-Nebbi'!H20+'[2]Avg Week Nebbi-Arua'!H20 -> 0.85714286 | I20: ='[2]Avg Week Arua-Nebbi'!I20+'[2]Avg Week Nebbi-Arua'!I20 -> 1.5714286 | J20: ='[2]Avg Week Arua-Nebbi'!J20+'[2]Avg Week Nebbi-Arua'!J20 -> 0 | ... N20: ='[2]Avg Week Arua-Nebbi'!N20+'[2]Avg Week Nebbi-Arua'!N20 -> 0 | O20: =SUM(C20:L20,N20) -> 11.285714 | P20: =SUM(C20:N20) -> 36.285714 | R20: 1700-1800 | S20: =SUM(C50:C53) -> 17.142857 | T20: =SUM(D50:D53) -> 4.4285714 | U20: =SUM(E50:E53) -> 7.1428571 | V20: =SUM(F50:F53) -> 3.5714286 | W20: =SUM(G50:G53) -> 1.1428571 | X20: =SUM(H50:H53) -> 4 | Y20: =SUM(I50:I53) -> 4.8571429 | Z20: =SUM(J50:J53) -> 0.71428571 | ... AF20: =SUM(P50:P53) -> 173.14286
B21: 09.45 - 10.00 | C21: ='[2]Avg Week Arua-Nebbi'!C21+'[2]Avg Week Nebbi-Arua'!C21 -> 2.1428571 | D21: ='[2]Avg Week Arua-Nebbi'!D21+'[2]Avg Week Nebbi-Arua'!D21 -> 0.71428571 | E21: ='[2]Avg Week Arua-Nebbi'!E21+'[2]Avg Week Nebbi-Arua'!E21 -> 1.2857143 | F21: ='[2]Avg Week Arua-Nebbi'!F21+'[2]Avg Week Nebbi-Arua'!F21 -> 0.71428571 | G21: ='[2]Avg Week Arua-Nebbi'!G21+'[2]Avg Week Nebbi-Arua'!G21 -> 0.28571429 | H21: ='[2]Avg Week Arua-Nebbi'!H21+'[2]Avg Week Nebbi-Arua'!H21 -> 0.57142857 | I21: ='[2]Avg Week Arua-Nebbi'!I21+'[2]Avg Week Nebbi-Arua'!I21 -> 1.7142857 | J21: ='[2]Avg Week Arua-Nebbi'!J21+'[2]Avg Week Nebbi-Arua'!J21 -> 0.57142857 | ... N21: ='[2]Avg Week Arua-Nebbi'!N21+'[2]Avg Week Nebbi-Arua'!N21 -> 0 | O21: =SUM(C21:L21,N21) -> 10.285714 | P21: =SUM(C21:N21) -> 41.857143 | R21: 1800-1900 | S21: =SUM(C54:C57) -> 17.571429 | T21: =SUM(D54:D57) -> 3.2857143 | U21: =SUM(E54:E57) -> 6 | V21: =SUM(F54:F57) -> 4.2857143 | W21: =SUM(G54:G57) -> 0.85714286 | X21: =SUM(H54:H57) -> 1.8571429 | Y21: =SUM(I54:I57) -> 6.7142857 | Z21: =SUM(J54:J57) -> 1.4285714 | ... AF21: =SUM(P54:P57) -> 209.42857
B22: 10.00 - 10.15 | C22: ='[2]Avg Week Arua-Nebbi'!C22+'[2]Avg Week Nebbi-Arua'!C22 -> 2.1428571 | D22: ='[2]Avg Week Arua-Nebbi'!D22+'[2]Avg Week Nebbi-Arua'!D22 -> 0.71428571 | E22: ='[2]Avg Week Arua-Nebbi'!E22+'[2]Avg Week Nebbi-Arua'!E22 -> 1.1428571 | F22: ='[2]Avg Week Arua-Nebbi'!F22+'[2]Avg Week Nebbi-Arua'!F22 -> 1.4285714 | G22: ='[2]Avg Week Arua-Nebbi'!G22+'[2]Avg Week Nebbi-Arua'!G22 -> 0 | H22: ='[2]Avg Week Arua-Nebbi'!H22+'[2]Avg Week Nebbi-Arua'!H22 -> 0.85714286 | I22: ='[2]Avg Week Arua-Nebbi'!I22+'[2]Avg Week Nebbi-Arua'!I22 -> 1.8571429 | J22: ='[2]Avg Week Arua-Nebbi'!J22+'[2]Avg Week Nebbi-Arua'!J22 -> 0.14285714 | ... N22: ='[2]Avg Week Arua-Nebbi'!N22+'[2]Avg Week Nebbi-Arua'!N22 -> 0 | O22: =SUM(C22:L22,N22) -> 8.8571429 | P22: =SUM(C22:N22) -> 36.857143 | R22: 1900-2000 | S22: =SUM(C58:C61) -> 13 | T22: =SUM(D58:D61) -> 2 | U22: =SUM(E58:E61) -> 3 | V22: =SUM(F58:F61) -> 3.5 | W22: =SUM(G58:G61) -> 0 | X22: =SUM(H58:H61) -> 0.5 | Y22: =SUM(I58:I61) -> 8 | Z22: =SUM(J58:J61) -> 3.5 | ... AF22: =SUM(P58:P61) -> 232.5
B23: 10.15 - 10.30 | C23: ='[2]Avg Week Arua-Nebbi'!C23+'[2]Avg Week Nebbi-Arua'!C23 -> 3.8571429 | D23: ='[2]Avg Week Arua-Nebbi'!D23+'[2]Avg Week Nebbi-Arua'!D23 -> 0.14285714 | E23: ='[2]Avg Week Arua-Nebbi'!E23+'[2]Avg Week Nebbi-Arua'!E23 -> 0.42857143 | F23: ='[2]Avg Week Arua-Nebbi'!F23+'[2]Avg Week Nebbi-Arua'!F23 -> 1.2857143 | G23: ='[2]Avg Week Arua-Nebbi'!G23+'[2]Avg Week Nebbi-Arua'!G23 -> 0.14285714 | H23: ='[2]Avg Week Arua-Nebbi'!H23+'[2]Avg Week Nebbi-Arua'!H23 -> 0.71428571 | I23: ='[2]Avg Week Arua-Nebbi'!I23+'[2]Avg Week Nebbi-Arua'!I23 -> 2 | J23: ='[2]Avg Week Arua-Nebbi'!J23+'[2]Avg Week Nebbi-Arua'!J23 -> 0.14285714 | ... N23: ='[2]Avg Week Arua-Nebbi'!N23+'[2]Avg Week Nebbi-Arua'!N23 -> 0 | O23: =SUM(C23:L23,N23) -> 9.7142857 | P23: =SUM(C23:N23) -> 34.857143 | R23: 2000-2100 | S23: =SUM(C62:C65) -> 10.5 | T23: =SUM(D62:D65) -> 0.5 | U23: =SUM(E62:E65) -> 1 | V23: =SUM(F62:F65) -> 1.5 | W23: =SUM(G62:G65) -> 0.5 | X23: =SUM(H62:H65) -> 7 | Y23: =SUM(I62:I65) -> 4 | Z23: =SUM(J62:J65) -> 1 | ... AF23: =SUM(P62:P65) -> 151.5
B24: 10.30 - 10.45 | C24: ='[2]Avg Week Arua-Nebbi'!C24+'[2]Avg Week Nebbi-Arua'!C24 -> 4.7142857 | D24: ='[2]Avg Week Arua-Nebbi'!D24+'[2]Avg Week Nebbi-Arua'!D24 -> 0.57142857 | E24: ='[2]Avg Week Arua-Nebbi'!E24+'[2]Avg Week Nebbi-Arua'!E24 -> 1 | F24: ='[2]Avg Week Arua-Nebbi'!F24+'[2]Avg Week Nebbi-Arua'!F24 -> 0.14285714 | G24: ='[2]Avg Week Arua-Nebbi'!G24+'[2]Avg Week Nebbi-Arua'!G24 -> 0.14285714 | H24: ='[2]Avg Week Arua-Nebbi'!H24+'[2]Avg Week Nebbi-Arua'!H24 -> 0.14285714 | I24: ='[2]Avg Week Arua-Nebbi'!I24+'[2]Avg Week Nebbi-Arua'!I24 -> 3.4285714 | J24: ='[2]Avg Week Arua-Nebbi'!J24+'[2]Avg Week Nebbi-Arua'!J24 -> 0.42857143 | ... N24: ='[2]Avg Week Arua-Nebbi'!N24+'[2]Avg Week Nebbi-Arua'!N24 -> 0 | O24: =SUM(C24:L24,N24) -> 12 | P24: =SUM(C24:N24) -> 40.857143 | R24: 2100-2200 | S24: =SUM(C66:C69) -> 4 | T24: =SUM(D66:D69) -> 0 | U24: =SUM(E66:E69) -> 0 | V24: =SUM(F66:F69) -> 2 | W24: =SUM(G66:G69) -> 0.5 | X24: =SUM(H66:H69) -> 5.5 | Y24: =SUM(I66:I69) -> 1.5 | Z24: =SUM(J66:J69) -> 1 | ... AF24: =SUM(P66:P69) -> 77
B25: 10.45 - 11.00 | C25: ='[2]Avg Week Arua-Nebbi'!C25+'[2]Avg Week Nebbi-Arua'!C25 -> 3.4285714 | D25: ='[2]Avg Week Arua-Nebbi'!D25+'[2]Avg Week Nebbi-Arua'!D25 -> 0.57142857 | E25: ='[2]Avg Week Arua-Nebbi'!E25+'[2]Avg Week Nebbi-Arua'!E25 -> 1.1428571 | F25: ='[2]Avg Week Arua-Nebbi'!F25+'[2]Avg Week Nebbi-Arua'!F25 -> 0.85714286 | G25: ='[2]Avg Week Arua-Nebbi'!G25+'[2]Avg Week Nebbi-Arua'!G25 -> 0.14285714 | H25: ='[2]Avg Week Arua-Nebbi'!H25+'[2]Avg Week Nebbi-Arua'!H25 -> 0 | I25: ='[2]Avg Week Arua-Nebbi'!I25+'[2]Avg Week Nebbi-Arua'!I25 -> 0.85714286 | J25: ='[2]Avg Week Arua-Nebbi'!J25+'[2]Avg Week Nebbi-Arua'!J25 -> 0.28571429 | ... N25: ='[2]Avg Week Arua-Nebbi'!N25+'[2]Avg Week Nebbi-Arua'!N25 -> 0 | O25: =SUM(C25:L25,N25) -> 9.5714286 | P25: =SUM(C25:N25) -> 32.714286 | R25: 2200-2300 | S25: =SUM(C70:C73) -> 5.5 | T25: =SUM(D70:D73) -> 0 | U25: =SUM(E70:E73) -> 0 | V25: =SUM(F70:F73) -> 0 | W25: =SUM(G70:G73) -> 0 | X25: =SUM(H70:H73) -> 5 | Y25: =SUM(I70:I73) -> 3 | Z25: =SUM(J70:J73) -> 2.5 | ... AF25: =SUM(P70:P73) -> 75.5
B26: 11.00 - 11.15 | C26: ='[2]Avg Week Arua-Nebbi'!C26+'[2]Avg Week Nebbi-Arua'!C26 -> 3.7142857 | D26: ='[2]Avg Week Arua-Nebbi'!D26+'[2]Avg Week Nebbi-Arua'!D26 -> 0.42857143 | E26: ='[2]Avg Week Arua-Nebbi'!E26+'[2]Avg Week Nebbi-Arua'!E26 -> 1.1428571 | F26: ='[2]Avg Week Arua-Nebbi'!F26+'[2]Avg Week Nebbi-Arua'!F26 -> 1 | G26: ='[2]Avg Week Arua-Nebbi'!G26+'[2]Avg Week Nebbi-Arua'!G26 -> 0.14285714 | H26: ='[2]Avg Week Arua-Nebbi'!H26+'[2]Avg Week Nebbi-Arua'!H26 -> 0 | I26: ='[2]Avg Week Arua-Nebbi'!I26+'[2]Avg Week Nebbi-Arua'!I26 -> 1.8571429 | J26: ='[2]Avg Week Arua-Nebbi'!J26+'[2]Avg Week Nebbi-Arua'!J26 -> 0.57142857 | ... N26: ='[2]Avg Week Arua-Nebbi'!N26+'[2]Avg Week Nebbi-Arua'!N26 -> 0 | O26: =SUM(C26:L26,N26) -> 10.571429 | P26: =SUM(C26:N26) -> 39.571429 | R26: 2300-0000 | S26: =SUM(C74:C77) -> 4 | T26: =SUM(D74:D77) -> 0 | U26: =SUM(E74:E77) -> 0 | V26: =SUM(F74:F77) -> 1 | W26: =SUM(G74:G77) -> 0 | X26: =SUM(H74:H77) -> 3 | Y26: =SUM(I74:I77) -> 0.5 | Z26: =SUM(J74:J77) -> 0.5 | ... AF26: =SUM(P74:P77) -> 32.5
B27: 11.15 - 11.30 | C27: ='[2]Avg Week Arua-Nebbi'!C27+'[2]Avg Week Nebbi-Arua'!C27 -> 4.7142857 | D27: ='[2]Avg Week Arua-Nebbi'!D27+'[2]Avg Week Nebbi-Arua'!D27 -> 0.71428571 | E27: ='[2]Avg Week Arua-Nebbi'!E27+'[2]Avg Week Nebbi-Arua'!E27 -> 1 | F27: ='[2]Avg Week Arua-Nebbi'!F27+'[2]Avg Week Nebbi-Arua'!F27 -> 1.2857143 | G27: ='[2]Avg Week Arua-Nebbi'!G27+'[2]Avg Week Nebbi-Arua'!G27 -> 0 | H27: ='[2]Avg Week Arua-Nebbi'!H27+'[2]Avg Week Nebbi-Arua'!H27 -> 0 | I27: ='[2]Avg Week Arua-Nebbi'!I27+'[2]Avg Week Nebbi-Arua'!I27 -> 2.1428571 | J27: ='[2]Avg Week Arua-Nebbi'!J27+'[2]Avg Week Nebbi-Arua'!J27 -> 0.85714286 | ... N27: ='[2]Avg Week Arua-Nebbi'!N27+'[2]Avg Week Nebbi-Arua'!N27 -> 0 | O27: =SUM(C27:L27,N27) -> 11.714286 | P27: =SUM(C27:N27) -> 39.285714 | R27: 0000-0100 | S27: =SUM(C78:C81) -> 4 | T27: =SUM(D78:D81) -> 0.5 | U27: =SUM(E78:E81) -> 0.5 | V27: =SUM(F78:F81) -> 0 | W27: =SUM(G78:G81) -> 0 | X27: =SUM(H78:H81) -> 0.5 | Y27: =SUM(I78:I81) -> 1 | Z27: =SUM(J78:J81) -> 0 | ... AF27: =SUM(P78:P81) -> 17
B28: 11.30 - 11.45 | C28: ='[2]Avg Week Arua-Nebbi'!C28+'[2]Avg Week Nebbi-Arua'!C28 -> 3.1428571 | D28: ='[2]Avg Week Arua-Nebbi'!D28+'[2]Avg Week Nebbi-Arua'!D28 -> 0.42857143 | E28: ='[2]Avg Week Arua-Nebbi'!E28+'[2]Avg Week Nebbi-Arua'!E28 -> 1.1428571 | F28: ='[2]Avg Week Arua-Nebbi'!F28+'[2]Avg Week Nebbi-Arua'!F28 -> 1.4285714 | G28: ='[2]Avg Week Arua-Nebbi'!G28+'[2]Avg Week Nebbi-Arua'!G28 -> 0 | H28: ='[2]Avg Week Arua-Nebbi'!H28+'[2]Avg Week Nebbi-Arua'!H28 -> 0 | I28: ='[2]Avg Week Arua-Nebbi'!I28+'[2]Avg Week Nebbi-Arua'!I28 -> 2 | J28: ='[2]Avg Week Arua-Nebbi'!J28+'[2]Avg Week Nebbi-Arua'!J28 -> 0.42857143 | ... N28: ='[2]Avg Week Arua-Nebbi'!N28+'[2]Avg Week Nebbi-Arua'!N28 -> 0 | O28: =SUM(C28:L28,N28) -> 10.571429 | P28: =SUM(C28:N28) -> 34.285714 | R28: 0100-0200 | S28: =SUM(C82:C85) -> 4.5 | T28: =SUM(D82:D85) -> 0 | U28: =SUM(E82:E85) -> 0 | V28: =SUM(F82:F85) -> 0 | W28: =SUM(G82:G85) -> 0 | X28: =SUM(H82:H85) -> 0 | Y28: =SUM(I82:I85) -> 0.5 | Z28: =SUM(J82:J85) -> 0 | ... AF28: =SUM(P82:P85) -> 10.5
B29: 11.45 - 12.00 | C29: ='[2]Avg Week Arua-Nebbi'!C29+'[2]Avg Week Nebbi-Arua'!C29 -> 4.1428571 | D29: ='[2]Avg Week Arua-Nebbi'!D29+'[2]Avg Week Nebbi-Arua'!D29 -> 0.71428571 | E29: ='[2]Avg Week Arua-Nebbi'!E29+'[2]Avg Week Nebbi-Arua'!E29 -> 1.4285714 | F29: ='[2]Avg Week Arua-Nebbi'!F29+'[2]Avg Week Nebbi-Arua'!F29 -> 0.85714286 | G29: ='[2]Avg Week Arua-Nebbi'!G29+'[2]Avg Week Nebbi-Arua'!G29 -> 0 | H29: ='[2]Avg Week Arua-Nebbi'!H29+'[2]Avg Week Nebbi-Arua'!H29 -> 0 | I29: ='[2]Avg Week Arua-Nebbi'!I29+'[2]Avg Week Nebbi-Arua'!I29 -> 1.7142857 | J29: ='[2]Avg Week Arua-Nebbi'!J29+'[2]Avg Week Nebbi-Arua'!J29 -> 0.42857143 | ... N29: ='[2]Avg Week Arua-Nebbi'!N29+'[2]Avg Week Nebbi-Arua'!N29 -> 0 | O29: =SUM(C29:L29,N29) -> 11 | P29: =SUM(C29:N29) -> 39.714286 | R29: 0200-0300 | S29: =SUM(C86:C89) -> 1.5 | T29: =SUM(D86:D89) -> 0 | U29: =SUM(E86:E89) -> 0 | V29: =SUM(F86:F89) -> 0.5 | W29: =SUM(G86:G89) -> 0 | X29: =SUM(H86:H89) -> 0 | Y29: =SUM(I86:I89) -> 1 | Z29: =SUM(J86:J89) -> 0 | ... AF29: =SUM(P86:P89) -> 6.5
B30: 12.00 - 12.15 | C30: ='[2]Avg Week Arua-Nebbi'!C30+'[2]Avg Week Nebbi-Arua'!C30 -> 3.2857143 | D30: ='[2]Avg Week Arua-Nebbi'!D30+'[2]Avg Week Nebbi-Arua'!D30 -> 1.4285714 | E30: ='[2]Avg Week Arua-Nebbi'!E30+'[2]Avg Week Nebbi-Arua'!E30 -> 2.7142857 | F30: ='[2]Avg Week Arua-Nebbi'!F30+'[2]Avg Week Nebbi-Arua'!F30 -> 0.85714286 | G30: ='[2]Avg Week Arua-Nebbi'!G30+'[2]Avg Week Nebbi-Arua'!G30 -> 0.14285714 | H30: ='[2]Avg Week Arua-Nebbi'!H30+'[2]Avg Week Nebbi-Arua'!H30 -> 0.28571429 | I30: ='[2]Avg Week Arua-Nebbi'!I30+'[2]Avg Week Nebbi-Arua'!I30 -> 0.85714286 | J30: ='[2]Avg Week Arua-Nebbi'!J30+'[2]Avg Week Nebbi-Arua'!J30 -> 0.71428571 | ... N30: ='[2]Avg Week Arua-Nebbi'!N30+'[2]Avg Week Nebbi-Arua'!N30 -> 0 | O30: =SUM(C30:L30,N30) -> 12.571429 | P30: =SUM(C30:N30) -> 40.285714 | R30: 0300-0400 | S30: =SUM(C90:C93) -> 0.5 | T30: =SUM(D90:D93) -> 0 | U30: =SUM(E90:E93) -> 0 | V30: =SUM(F90:F93) -> 0 | W30: =SUM(G90:G93) -> 0 | X30: =SUM(H90:H93) -> 2 | Y30: =SUM(I90:I93) -> 0.5 | Z30: =SUM(J90:J93) -> 1 | ... AF30: =SUM(P90:P93) -> 10
B31: 12.15 - 12.30 | C31: ='[2]Avg Week Arua-Nebbi'!C31+'[2]Avg Week Nebbi-Arua'!C31 -> 4 | D31: ='[2]Avg Week Arua-Nebbi'!D31+'[2]Avg Week Nebbi-Arua'!D31 -> 1.4285714 | E31: ='[2]Avg Week Arua-Nebbi'!E31+'[2]Avg Week Nebbi-Arua'!E31 -> 2.4285714 | F31: ='[2]Avg Week Arua-Nebbi'!F31+'[2]Avg Week Nebbi-Arua'!F31 -> 0.57142857 | G31: ='[2]Avg Week Arua-Nebbi'!G31+'[2]Avg Week Nebbi-Arua'!G31 -> 0 | H31: ='[2]Avg Week Arua-Nebbi'!H31+'[2]Avg Week Nebbi-Arua'!H31 -> 0.57142857 | I31: ='[2]Avg Week Arua-Nebbi'!I31+'[2]Avg Week Nebbi-Arua'!I31 -> 2.8571429 | J31: ='[2]Avg Week Arua-Nebbi'!J31+'[2]Avg Week Nebbi-Arua'!J31 -> 0.14285714 | ... N31: ='[2]Avg Week Arua-Nebbi'!N31+'[2]Avg Week Nebbi-Arua'!N31 -> 0 | O31: =SUM(C31:L31,N31) -> 13.285714 | P31: =SUM(C31:N31) -> 41.857143 | R31: 0400-0500 | S31: =SUM(C94:C97) -> 0 | T31: =SUM(D94:D97) -> 0 | U31: =SUM(E94:E97) -> 0 | V31: =SUM(F94:F97) -> 0 | W31: =SUM(G94:G97) -> 0 | X31: =SUM(H94:H97) -> 2 | Y31: =SUM(I94:I97) -> 0 | Z31: =SUM(J94:J97) -> 0 | ... AF31: =SUM(P94:P97) -> 12.5
B32: 12.30 - 12.45 | C32: ='[2]Avg Week Arua-Nebbi'!C32+'[2]Avg Week Nebbi-Arua'!C32 -> 4.1428571 | D32: ='[2]Avg Week Arua-Nebbi'!D32+'[2]Avg Week Nebbi-Arua'!D32 -> 1.4285714 | E32: ='[2]Avg Week Arua-Nebbi'!E32+'[2]Avg Week Nebbi-Arua'!E32 -> 1.8571429 | F32: ='[2]Avg Week Arua-Nebbi'!F32+'[2]Avg Week Nebbi-Arua'!F32 -> 1.2857143 | G32: ='[2]Avg Week Arua-Nebbi'!G32+'[2]Avg Week Nebbi-Arua'!G32 -> 0 | H32: ='[2]Avg Week Arua-Nebbi'!H32+'[2]Avg Week Nebbi-Arua'!H32 -> 1.2857143 | I32: ='[2]Avg Week Arua-Nebbi'!I32+'[2]Avg Week Nebbi-Arua'!I32 -> 1.4285714 | J32: ='[2]Avg Week Arua-Nebbi'!J32+'[2]Avg Week Nebbi-Arua'!J32 -> 0.85714286 | ... N32: ='[2]Avg Week Arua-Nebbi'!N32+'[2]Avg Week Nebbi-Arua'!N32 -> 0 | O32: =SUM(C32:L32,N32) -> 12.714286 | P32: =SUM(C32:N32) -> 41.428571 | R32: 0500-0600 | S32: =SUM(C98:C101) -> 1.5 | T32: =SUM(D98:D101) -> 0 | U32: =SUM(E98:E101) -> 0 | V32: =SUM(F98:F101) -> 1.5 | W32: =SUM(G98:G101) -> 0.5 | X32: =SUM(H98:H101) -> 1 | Y32: =SUM(I98:I101) -> 2 | Z32: =SUM(J98:J101) -> 1 | ... AF32: =SUM(P98:P101) -> 24.5
B33: 12.45 - 13.00 | C33: ='[2]Avg Week Arua-Nebbi'!C33+'[2]Avg Week Nebbi-Arua'!C33 -> 4 | D33: ='[2]Avg Week Arua-Nebbi'!D33+'[2]Avg Week Nebbi-Arua'!D33 -> 0.28571429 | E33: ='[2]Avg Week Arua-Nebbi'!E33+'[2]Avg Week Nebbi-Arua'!E33 -> 0.28571429 | F33: ='[2]Avg Week Arua-Nebbi'!F33+'[2]Avg Week Nebbi-Arua'!F33 -> 1.5714286 | G33: ='[2]Avg Week Arua-Nebbi'!G33+'[2]Avg Week Nebbi-Arua'!G33 -> 0 | H33: ='[2]Avg Week Arua-Nebbi'!H33+'[2]Avg Week Nebbi-Arua'!H33 -> 0 | I33: ='[2]Avg Week Arua-Nebbi'!I33+'[2]Avg Week Nebbi-Arua'!I33 -> 2.1428571 | J33: ='[2]Avg Week Arua-Nebbi'!J33+'[2]Avg Week Nebbi-Arua'!J33 -> 0.71428571 | ... N33: ='[2]Avg Week Arua-Nebbi'!N33+'[2]Avg Week Nebbi-Arua'!N33 -> 0 | O33: =SUM(C33:L33,N33) -> 10.285714 | P33: =SUM(C33:N33) -> 35.714286 | R33: 0600-0700 | S33: =SUM(C102:C105) -> 5 | T33: =SUM(D102:D105) -> 0 | U33: =SUM(E102:E105) -> 0 | V33: =SUM(F102:F105) -> 1.5 | W33: =SUM(G102:G105) -> 0.5 | X33: =SUM(H102:H105) -> 1 | Y33: =SUM(I102:I105) -> 5 | Z33: =SUM(J102:J105) -> 1 | ... AF33: =SUM(P102:P105) -> 59.5
B34: 13.00 - 13.15 | C34: ='[2]Avg Week Arua-Nebbi'!C34+'[2]Avg Week Nebbi-Arua'!C34 -> 3.1428571 | D34: ='[2]Avg Week Arua-Nebbi'!D34+'[2]Avg Week Nebbi-Arua'!D34 -> 0.71428571 | E34: ='[2]Avg Week Arua-Nebbi'!E34+'[2]Avg Week Nebbi-Arua'!E34 -> 1.4285714 | F34: ='[2]Avg Week Arua-Nebbi'!F34+'[2]Avg Week Nebbi-Arua'!F34 -> 0.85714286 | G34: ='[2]Avg Week Arua-Nebbi'!G34+'[2]Avg Week Nebbi-Arua'!G34 -> 0.28571429 | H34: ='[2]Avg Week Arua-Nebbi'!H34+'[2]Avg Week Nebbi-Arua'!H34 -> 1.7142857 | I34: ='[2]Avg Week Arua-Nebbi'!I34+'[2]Avg Week Nebbi-Arua'!I34 -> 1.5714286 | J34: ='[2]Avg Week Arua-Nebbi'!J34+'[2]Avg Week Nebbi-Arua'!J34 -> 0.14285714 | ... N34: ='[2]Avg Week Arua-Nebbi'!N34+'[2]Avg Week Nebbi-Arua'!N34 -> 0 | O34: =SUM(C34:L34,N34) -> 10.857143 | P34: =SUM(C34:N34) -> 40.714286 | R34: AM Peak Hr | S34: =MAX(S10:S12) -> 10.571429 | T34: =MAX(T10:T12) -> 2.7142857 | U34: =MAX(U10:U12) -> 4.2857143 | V34: =MAX(V10:V12) -> 3.8571429 | W34: =MAX(W10:W12) -> 1 | X34: =MAX(X10:X12) -> 6 | Y34: =MAX(Y10:Y12) -> 5.8571429 | Z34: =MAX(Z10:Z12) -> 2 | ... AF34: =MAX(AF10:AF12) -> 154.42857
B35: 13.15 - 13.30 | C35: ='[2]Avg Week Arua-Nebbi'!C35+'[2]Avg Week Nebbi-Arua'!C35 -> 3.5714286 | D35: ='[2]Avg Week Arua-Nebbi'!D35+'[2]Avg Week Nebbi-Arua'!D35 -> 0.85714286 | E35: ='[2]Avg Week Arua-Nebbi'!E35+'[2]Avg Week Nebbi-Arua'!E35 -> 1 | F35: ='[2]Avg Week Arua-Nebbi'!F35+'[2]Avg Week Nebbi-Arua'!F35 -> 0.57142857 | G35: ='[2]Avg Week Arua-Nebbi'!G35+'[2]Avg Week Nebbi-Arua'!G35 -> 0 | H35: ='[2]Avg Week Arua-Nebbi'!H35+'[2]Avg Week Nebbi-Arua'!H35 -> 0.71428571 | I35: ='[2]Avg Week Arua-Nebbi'!I35+'[2]Avg Week Nebbi-Arua'!I35 -> 2.5714286 | J35: ='[2]Avg Week Arua-Nebbi'!J35+'[2]Avg Week Nebbi-Arua'!J35 -> 0.14285714 | ... N35: ='[2]Avg Week Arua-Nebbi'!N35+'[2]Avg Week Nebbi-Arua'!N35 -> 0 | O35: =SUM(C35:L35,N35) -> 10.714286 | P35: =SUM(C35:N35) -> 34.285714 | R35: IP Peak Hr | S35: =MAX(S13:S18) -> 16.428571 | T35: =MAX(T13:T18) -> 4.5714286 | U35: =MAX(U13:U18) -> 7.2857143 | V35: =MAX(V13:V18) -> 4.5714286 | W35: =MAX(W13:W18) -> 1 | X35: =MAX(X13:X18) -> 3.5714286 | Y35: =MAX(Y13:Y18) -> 8.1428571 | Z35: =MAX(Z13:Z18) -> 2.5714286 | ... AF35: =MAX(AF13:AF18) -> 159.28571
B36: 13.30 - 13.45 | C36: ='[2]Avg Week Arua-Nebbi'!C36+'[2]Avg Week Nebbi-Arua'!C36 -> 5.4285714 | D36: ='[2]Avg Week Arua-Nebbi'!D36+'[2]Avg Week Nebbi-Arua'!D36 -> 0.71428571 | E36: ='[2]Avg Week Arua-Nebbi'!E36+'[2]Avg Week Nebbi-Arua'!E36 -> 1.1428571 | F36: ='[2]Avg Week Arua-Nebbi'!F36+'[2]Avg Week Nebbi-Arua'!F36 -> 1.7142857 | G36: ='[2]Avg Week Arua-Nebbi'!G36+'[2]Avg Week Nebbi-Arua'!G36 -> 0 | H36: ='[2]Avg Week Arua-Nebbi'!H36+'[2]Avg Week Nebbi-Arua'!H36 -> 0.28571429 | I36: ='[2]Avg Week Arua-Nebbi'!I36+'[2]Avg Week Nebbi-Arua'!I36 -> 2 | J36: ='[2]Avg Week Arua-Nebbi'!J36+'[2]Avg Week Nebbi-Arua'!J36 -> 0 | ... N36: ='[2]Avg Week Arua-Nebbi'!N36+'[2]Avg Week Nebbi-Arua'!N36 -> 0 | O36: =SUM(C36:L36,N36) -> 13 | P36: =SUM(C36:N36) -> 39.714286 | R36: PM Peak Hr | S36: =MAX(S19:S21) -> 17.571429 | T36: =MAX(T19:T21) -> 4.4285714 | U36: =MAX(U19:U21) -> 8.1428571 | V36: =MAX(V19:V21) -> 4.5714286 | W36: =MAX(W19:W21) -> 1.2857143 | X36: =MAX(X19:X21) -> 4 | Y36: =MAX(Y19:Y21) -> 8.7142857 | Z36: =MAX(Z19:Z21) -> 1.4285714 | ... AF36: =MAX(AF19:AF21) -> 209.42857
B37: 13.45 - 14.00 | C37: ='[2]Avg Week Arua-Nebbi'!C37+'[2]Avg Week Nebbi-Arua'!C37 -> 4.2857143 | D37: ='[2]Avg Week Arua-Nebbi'!D37+'[2]Avg Week Nebbi-Arua'!D37 -> 0.28571429 | E37: ='[2]Avg Week Arua-Nebbi'!E37+'[2]Avg Week Nebbi-Arua'!E37 -> 0.28571429 | F37: ='[2]Avg Week Arua-Nebbi'!F37+'[2]Avg Week Nebbi-Arua'!F37 -> 1.4285714 | G37: ='[2]Avg Week Arua-Nebbi'!G37+'[2]Avg Week Nebbi-Arua'!G37 -> 0.14285714 | H37: ='[2]Avg Week Arua-Nebbi'!H37+'[2]Avg Week Nebbi-Arua'!H37 -> 0.85714286 | I37: ='[2]Avg Week Arua-Nebbi'!I37+'[2]Avg Week Nebbi-Arua'!I37 -> 1.8571429 | J37: ='[2]Avg Week Arua-Nebbi'!J37+'[2]Avg Week Nebbi-Arua'!J37 -> 0.42857143 | ... N37: ='[2]Avg Week Arua-Nebbi'!N37+'[2]Avg Week Nebbi-Arua'!N37 -> 0 | O37: =SUM(C37:L37,N37) -> 10.285714 | P37: =SUM(C37:N37) -> 35.714286 | R37: AM Period | S37: =SUM(S10:S12) -> 29.142857 | T37: =SUM(T10:T12) -> 4.4285714 | U37: =SUM(U10:U12) -> 7.1428571 | V37: =SUM(V10:V12) -> 9.5714286 | W37: =SUM(W10:W12) -> 2.5714286 | X37: =SUM(X10:X12) -> 8.8571429 | Y37: =SUM(Y10:Y12) -> 15.857143 | Z37: =SUM(Z10:Z12) -> 4.5714286 | ... AF37: =SUM(AF10:AF12) -> 413
B38: 14.00 - 14.15 | C38: ='[2]Avg Week Arua-Nebbi'!C38+'[2]Avg Week Nebbi-Arua'!C38 -> 3.5714286 | D38: ='[2]Avg Week Arua-Nebbi'!D38+'[2]Avg Week Nebbi-Arua'!D38 -> 0.14285714 | E38: ='[2]Avg Week Arua-Nebbi'!E38+'[2]Avg Week Nebbi-Arua'!E38 -> 0.28571429 | F38: ='[2]Avg Week Arua-Nebbi'!F38+'[2]Avg Week Nebbi-Arua'!F38 -> 1.1428571 | G38: ='[2]Avg Week Arua-Nebbi'!G38+'[2]Avg Week Nebbi-Arua'!G38 -> 0.57142857 | H38: ='[2]Avg Week Arua-Nebbi'!H38+'[2]Avg Week Nebbi-Arua'!H38 -> 1.5714286 | I38: ='[2]Avg Week Arua-Nebbi'!I38+'[2]Avg Week Nebbi-Arua'!I38 -> 2.5714286 | J38: ='[2]Avg Week Arua-Nebbi'!J38+'[2]Avg Week Nebbi-Arua'!J38 -> 0.42857143 | ... N38: ='[2]Avg Week Arua-Nebbi'!N38+'[2]Avg Week Nebbi-Arua'!N38 -> 0.14285714 | O38: =SUM(C38:L38,N38) -> 11.142857 | P38: =SUM(C38:N38) -> 36.428571 | R38: IP Period | S38: =SUM(S13:S18) -> 91.285714 | T38: =SUM(T13:T18) -> 16 | U38: =SUM(U13:U18) -> 28 | V38: =SUM(V13:V18) -> 24 | W38: =SUM(W13:W18) -> 2.5714286 | X38: =SUM(X13:X18) -> 11.142857 | Y38: =SUM(Y13:Y18) -> 46.428571 | Z38: =SUM(Z13:Z18) -> 9.8571429 | ... AF38: =SUM(AF13:AF18) -> 899.28571
B39: 14.15 - 14.30 | C39: ='[2]Avg Week Arua-Nebbi'!C39+'[2]Avg Week Nebbi-Arua'!C39 -> 2.7142857 | D39: ='[2]Avg Week Arua-Nebbi'!D39+'[2]Avg Week Nebbi-Arua'!D39 -> 0.28571429 | E39: ='[2]Avg Week Arua-Nebbi'!E39+'[2]Avg Week Nebbi-Arua'!E39 -> 0.85714286 | F39: ='[2]Avg Week Arua-Nebbi'!F39+'[2]Avg Week Nebbi-Arua'!F39 -> 0.85714286 | G39: ='[2]Avg Week Arua-Nebbi'!G39+'[2]Avg Week Nebbi-Arua'!G39 -> 0 | H39: ='[2]Avg Week Arua-Nebbi'!H39+'[2]Avg Week Nebbi-Arua'!H39 -> 0.14285714 | I39: ='[2]Avg Week Arua-Nebbi'!I39+'[2]Avg Week Nebbi-Arua'!I39 -> 1.8571429 | J39: ='[2]Avg Week Arua-Nebbi'!J39+'[2]Avg Week Nebbi-Arua'!J39 -> 0.42857143 | ... N39: ='[2]Avg Week Arua-Nebbi'!N39+'[2]Avg Week Nebbi-Arua'!N39 -> 0 | O39: =SUM(C39:L39,N39) -> 8.7142857 | P39: =SUM(C39:N39) -> 28.714286 | R39: PM Period | S39: =SUM(S19:S21) -> 50.285714 | T39: =SUM(T19:T21) -> 11.857143 | U39: =SUM(U19:U21) -> 21.285714 | V39: =SUM(V19:V21) -> 12.428571 | W39: =SUM(W19:W21) -> 3.2857143 | X39: =SUM(X19:X21) -> 9.7142857 | Y39: =SUM(Y19:Y21) -> 20.285714 | Z39: =SUM(Z19:Z21) -> 3.5714286 | ... AF39: =SUM(AF19:AF21) -> 554.42857
B40: 14.30 - 14.45 | C40: ='[2]Avg Week Arua-Nebbi'!C40+'[2]Avg Week Nebbi-Arua'!C40 -> 3.8571429 | D40: ='[2]Avg Week Arua-Nebbi'!D40+'[2]Avg Week Nebbi-Arua'!D40 -> 0.85714286 | E40: ='[2]Avg Week Arua-Nebbi'!E40+'[2]Avg Week Nebbi-Arua'!E40 -> 1.1428571 | F40: ='[2]Avg Week Arua-Nebbi'!F40+'[2]Avg Week Nebbi-Arua'!F40 -> 0.42857143 | G40: ='[2]Avg Week Arua-Nebbi'!G40+'[2]Avg Week Nebbi-Arua'!G40 -> 0 | H40: ='[2]Avg Week Arua-Nebbi'!H40+'[2]Avg Week Nebbi-Arua'!H40 -> 0.42857143 | I40: ='[2]Avg Week Arua-Nebbi'!I40+'[2]Avg Week Nebbi-Arua'!I40 -> 1.7142857 | J40: ='[2]Avg Week Arua-Nebbi'!J40+'[2]Avg Week Nebbi-Arua'!J40 -> 0.57142857 | ... N40: ='[2]Avg Week Arua-Nebbi'!N40+'[2]Avg Week Nebbi-Arua'!N40 -> 0 | O40: =SUM(C40:L40,N40) -> 10.714286 | P40: =SUM(C40:N40) -> 41.714286 | R40: 12 Hours | S40: =SUM(S10:S21) -> 170.71429 | T40: =SUM(T10:T21) -> 32.285714 | U40: =SUM(U10:U21) -> 56.428571 | V40: =SUM(V10:V21) -> 46 | W40: =SUM(W10:W21) -> 8.4285714 | X40: =SUM(X10:X21) -> 29.714286 | Y40: =SUM(Y10:Y21) -> 82.571429 | Z40: =SUM(Z10:Z21) -> 18 | ... AF40: =SUM(AF10:AF21) -> 1866.7143
B41: 14.45 - 15.00 | C41: ='[2]Avg Week Arua-Nebbi'!C41+'[2]Avg Week Nebbi-Arua'!C41 -> 3.1428571 | D41: ='[2]Avg Week Arua-Nebbi'!D41+'[2]Avg Week Nebbi-Arua'!D41 -> 0.71428571 | E41: ='[2]Avg Week Arua-Nebbi'!E41+'[2]Avg Week Nebbi-Arua'!E41 -> 1 | F41: ='[2]Avg Week Arua-Nebbi'!F41+'[2]Avg Week Nebbi-Arua'!F41 -> 0.57142857 | G41: ='[2]Avg Week Arua-Nebbi'!G41+'[2]Avg Week Nebbi-Arua'!G41 -> 0.42857143 | H41: ='[2]Avg Week Arua-Nebbi'!H41+'[2]Avg Week Nebbi-Arua'!H41 -> 0.28571429 | I41: ='[2]Avg Week Arua-Nebbi'!I41+'[2]Avg Week Nebbi-Arua'!I41 -> 1.7142857 | J41: ='[2]Avg Week Arua-Nebbi'!J41+'[2]Avg Week Nebbi-Arua'!J41 -> 1.1428571 | ... N41: ='[2]Avg Week Arua-Nebbi'!N41+'[2]Avg Week Nebbi-Arua'!N41 -> 0 | O41: =SUM(C41:L41,N41) -> 11 | P41: =SUM(C41:N41) -> 32.857143 | R41: 24 Hours | S41: =SUM(S10:S33) -> 224.71429 | T41: =SUM(T10:T33) -> 35.285714 | U41: =SUM(U10:U33) -> 60.928571 | V41: =SUM(V10:V33) -> 57.5 | W41: =SUM(W10:W33) -> 10.428571 | X41: =SUM(X10:X33) -> 57.214286 | Y41: =SUM(Y10:Y33) -> 109.57143 | Z41: =SUM(Z10:Z33) -> 29.5 | ... AF41: =SUM(AF10:AF33) -> 2576.2143
B42: 15.00 - 15.15 | C42: ='[2]Avg Week Arua-Nebbi'!C42+'[2]Avg Week Nebbi-Arua'!C42 -> 4.4285714 | D42: ='[2]Avg Week Arua-Nebbi'!D42+'[2]Avg Week Nebbi-Arua'!D42 -> 0.57142857 | E42: ='[2]Avg Week Arua-Nebbi'!E42+'[2]Avg Week Nebbi-Arua'!E42 -> 1.2857143 | F42: ='[2]Avg Week Arua-Nebbi'!F42+'[2]Avg Week Nebbi-Arua'!F42 -> 1.4285714 | G42: ='[2]Avg Week Arua-Nebbi'!G42+'[2]Avg Week Nebbi-Arua'!G42 -> 0 | H42: ='[2]Avg Week Arua-Nebbi'!H42+'[2]Avg Week Nebbi-Arua'!H42 -> 0.42857143 | I42: ='[2]Avg Week Arua-Nebbi'!I42+'[2]Avg Week Nebbi-Arua'!I42 -> 1.4285714 | J42: ='[2]Avg Week Arua-Nebbi'!J42+'[2]Avg Week Nebbi-Arua'!J42 -> 0.14285714 | ... N42: ='[2]Avg Week Arua-Nebbi'!N42+'[2]Avg Week Nebbi-Arua'!N42 -> 0 | O42: =SUM(C42:L42,N42) -> 11.285714 | P42: =SUM(C42:N42) -> 36.857143 | R42: NEF | S42: =S41/S40 -> 1.316318 | T42: =T41/T40 -> 1.0929204 | U42: =U41/U40 -> 1.0797468 | V42: =V41/V40 -> 1.25 | W42: =W41/W40 -> 1.2372881 | X42: =X41/X40 -> 1.9254808 | Y42: =Y41/Y40 -> 1.3269896 | Z42: =Z41/Z40 -> 1.6388889 | ... AF42: =AF41/AF40 -> 1.3800796
B43: 15.15 - 15.30 | C43: ='[2]Avg Week Arua-Nebbi'!C43+'[2]Avg Week Nebbi-Arua'!C43 -> 3.5714286 | D43: ='[2]Avg Week Arua-Nebbi'!D43+'[2]Avg Week Nebbi-Arua'!D43 -> 0.71428571 | E43: ='[2]Avg Week Arua-Nebbi'!E43+'[2]Avg Week Nebbi-Arua'!E43 -> 1 | F43: ='[2]Avg Week Arua-Nebbi'!F43+'[2]Avg Week Nebbi-Arua'!F43 -> 1 | G43: ='[2]Avg Week Arua-Nebbi'!G43+'[2]Avg Week Nebbi-Arua'!G43 -> 0 | H43: ='[2]Avg Week Arua-Nebbi'!H43+'[2]Avg Week Nebbi-Arua'!H43 -> 0 | I43: ='[2]Avg Week Arua-Nebbi'!I43+'[2]Avg Week Nebbi-Arua'!I43 -> 2.5714286 | J43: ='[2]Avg Week Arua-Nebbi'!J43+'[2]Avg Week Nebbi-Arua'!J43 -> 0.42857143 | ... N43: ='[2]Avg Week Arua-Nebbi'!N43+'[2]Avg Week Nebbi-Arua'!N43 -> 0 | O43: =SUM(C43:L43,N43) -> 10.571429 | P43: =SUM(C43:N43) -> 33.571429
B44: 15.30 - 15.45 | C44: ='[2]Avg Week Arua-Nebbi'!C44+'[2]Avg Week Nebbi-Arua'!C44 -> 4.7142857 | D44: ='[2]Avg Week Arua-Nebbi'!D44+'[2]Avg Week Nebbi-Arua'!D44 -> 0.85714286 | E44: ='[2]Avg Week Arua-Nebbi'!E44+'[2]Avg Week Nebbi-Arua'!E44 -> 1.8571429 | F44: ='[2]Avg Week Arua-Nebbi'!F44+'[2]Avg Week Nebbi-Arua'!F44 -> 0.85714286 | G44: ='[2]Avg Week Arua-Nebbi'!G44+'[2]Avg Week Nebbi-Arua'!G44 -> 0.42857143 | H44: ='[2]Avg Week Arua-Nebbi'!H44+'[2]Avg Week Nebbi-Arua'!H44 -> 0.57142857 | I44: ='[2]Avg Week Arua-Nebbi'!I44+'[2]Avg Week Nebbi-Arua'!I44 -> 1.8571429 | J44: ='[2]Avg Week Arua-Nebbi'!J44+'[2]Avg Week Nebbi-Arua'!J44 -> 0.14285714 | ... N44: ='[2]Avg Week Arua-Nebbi'!N44+'[2]Avg Week Nebbi-Arua'!N44 -> 0.14285714 | O44: =SUM(C44:L44,N44) -> 13.428571 | P44: =SUM(C44:N44) -> 42
B45: 15.45 - 16.00 | C45: ='[2]Avg Week Arua-Nebbi'!C45+'[2]Avg Week Nebbi-Arua'!C45 -> 3.5714286 | D45: ='[2]Avg Week Arua-Nebbi'!D45+'[2]Avg Week Nebbi-Arua'!D45 -> 0.42857143 | E45: ='[2]Avg Week Arua-Nebbi'!E45+'[2]Avg Week Nebbi-Arua'!E45 -> 1 | F45: ='[2]Avg Week Arua-Nebbi'!F45+'[2]Avg Week Nebbi-Arua'!F45 -> 0.57142857 | G45: ='[2]Avg Week Arua-Nebbi'!G45+'[2]Avg Week Nebbi-Arua'!G45 -> 0 | H45: ='[2]Avg Week Arua-Nebbi'!H45+'[2]Avg Week Nebbi-Arua'!H45 -> 0.28571429 | I45: ='[2]Avg Week Arua-Nebbi'!I45+'[2]Avg Week Nebbi-Arua'!I45 -> 1.5714286 | J45: ='[2]Avg Week Arua-Nebbi'!J45+'[2]Avg Week Nebbi-Arua'!J45 -> 0.14285714 | ... N45: ='[2]Avg Week Arua-Nebbi'!N45+'[2]Avg Week Nebbi-Arua'!N45 -> 0 | O45: =SUM(C45:L45,N45) -> 9.1428571 | P45: =SUM(C45:N45) -> 39.285714
B46: 16.00 - 16.15 | C46: ='[2]Avg Week Arua-Nebbi'!C46+'[2]Avg Week Nebbi-Arua'!C46 -> 4.7142857 | D46: ='[2]Avg Week Arua-Nebbi'!D46+'[2]Avg Week Nebbi-Arua'!D46 -> 0.42857143 | E46: ='[2]Avg Week Arua-Nebbi'!E46+'[2]Avg Week Nebbi-Arua'!E46 -> 1.2857143 | F46: ='[2]Avg Week Arua-Nebbi'!F46+'[2]Avg Week Nebbi-Arua'!F46 -> 1.5714286 | G46: ='[2]Avg Week Arua-Nebbi'!G46+'[2]Avg Week Nebbi-Arua'!G46 -> 0.42857143 | H46: ='[2]Avg Week Arua-Nebbi'!H46+'[2]Avg Week Nebbi-Arua'!H46 -> 1 | I46: ='[2]Avg Week Arua-Nebbi'!I46+'[2]Avg Week Nebbi-Arua'!I46 -> 2.5714286 | J46: ='[2]Avg Week Arua-Nebbi'!J46+'[2]Avg Week Nebbi-Arua'!J46 -> 0.42857143 | ... N46: ='[2]Avg Week Arua-Nebbi'!N46+'[2]Avg Week Nebbi-Arua'!N46 -> 0 | O46: =SUM(C46:L46,N46) -> 13.428571 | P46: =SUM(C46:N46) -> 45
B47: 16.15 -16.30 | C47: ='[2]Avg Week Arua-Nebbi'!C47+'[2]Avg Week Nebbi-Arua'!C47 -> 4.1428571 | D47: ='[2]Avg Week Arua-Nebbi'!D47+'[2]Avg Week Nebbi-Arua'!D47 -> 1 | E47: ='[2]Avg Week Arua-Nebbi'!E47+'[2]Avg Week Nebbi-Arua'!E47 -> 1.7142857 | F47: ='[2]Avg Week Arua-Nebbi'!F47+'[2]Avg Week Nebbi-Arua'!F47 -> 1 | G47: ='[2]Avg Week Arua-Nebbi'!G47+'[2]Avg Week Nebbi-Arua'!G47 -> 0.14285714 | H47: ='[2]Avg Week Arua-Nebbi'!H47+'[2]Avg Week Nebbi-Arua'!H47 -> 0.28571429 | I47: ='[2]Avg Week Arua-Nebbi'!I47+'[2]Avg Week Nebbi-Arua'!I47 -> 2.4285714 | J47: ='[2]Avg Week Arua-Nebbi'!J47+'[2]Avg Week Nebbi-Arua'!J47 -> 0.28571429 | ... N47: ='[2]Avg Week Arua-Nebbi'!N47+'[2]Avg Week Nebbi-Arua'!N47 -> 0 | O47: =SUM(C47:L47,N47) -> 12.142857 | P47: =SUM(C47:N47) -> 43.571429
B48: 16.30 -16.45 | C48: ='[2]Avg Week Arua-Nebbi'!C48+'[2]Avg Week Nebbi-Arua'!C48 -> 4.2857143 | D48: ='[2]Avg Week Arua-Nebbi'!D48+'[2]Avg Week Nebbi-Arua'!D48 -> 1.7142857 | E48: ='[2]Avg Week Arua-Nebbi'!E48+'[2]Avg Week Nebbi-Arua'!E48 -> 3.1428571 | F48: ='[2]Avg Week Arua-Nebbi'!F48+'[2]Avg Week Nebbi-Arua'!F48 -> 1.4285714 | G48: ='[2]Avg Week Arua-Nebbi'!G48+'[2]Avg Week Nebbi-Arua'!G48 -> 0.14285714 | H48: ='[2]Avg Week Arua-Nebbi'!H48+'[2]Avg Week Nebbi-Arua'!H48 -> 1 | I48: ='[2]Avg Week Arua-Nebbi'!I48+'[2]Avg Week Nebbi-Arua'!I48 -> 2.2857143 | J48: ='[2]Avg Week Arua-Nebbi'!J48+'[2]Avg Week Nebbi-Arua'!J48 -> 0.28571429 | ... N48: ='[2]Avg Week Arua-Nebbi'!N48+'[2]Avg Week Nebbi-Arua'!N48 -> 0.14285714 | O48: =SUM(C48:L48,N48) -> 17 | P48: =SUM(C48:N48) -> 46.428571
B49: 16.45 -17.00 | C49: ='[2]Avg Week Arua-Nebbi'!C49+'[2]Avg Week Nebbi-Arua'!C49 -> 2.4285714 | D49: ='[2]Avg Week Arua-Nebbi'!D49+'[2]Avg Week Nebbi-Arua'!D49 -> 1 | E49: ='[2]Avg Week Arua-Nebbi'!E49+'[2]Avg Week Nebbi-Arua'!E49 -> 2 | F49: ='[2]Avg Week Arua-Nebbi'!F49+'[2]Avg Week Nebbi-Arua'!F49 -> 0.57142857 | G49: ='[2]Avg Week Arua-Nebbi'!G49+'[2]Avg Week Nebbi-Arua'!G49 -> 0.57142857 | H49: ='[2]Avg Week Arua-Nebbi'!H49+'[2]Avg Week Nebbi-Arua'!H49 -> 1.5714286 | I49: ='[2]Avg Week Arua-Nebbi'!I49+'[2]Avg Week Nebbi-Arua'!I49 -> 1.4285714 | J49: ='[2]Avg Week Arua-Nebbi'!J49+'[2]Avg Week Nebbi-Arua'!J49 -> 0.42857143 | ... N49: ='[2]Avg Week Arua-Nebbi'!N49+'[2]Avg Week Nebbi-Arua'!N49 -> 0.14285714 | O49: =SUM(C49:L49,N49) -> 11.857143 | P49: =SUM(C49:N49) -> 36.857143
B50: 17.00 -17.15 | C50: ='[2]Avg Week Arua-Nebbi'!C50+'[2]Avg Week Nebbi-Arua'!C50 -> 4.8571429 | D50: ='[2]Avg Week Arua-Nebbi'!D50+'[2]Avg Week Nebbi-Arua'!D50 -> 1.7142857 | E50: ='[2]Avg Week Arua-Nebbi'!E50+'[2]Avg Week Nebbi-Arua'!E50 -> 2.4285714 | F50: ='[2]Avg Week Arua-Nebbi'!F50+'[2]Avg Week Nebbi-Arua'!F50 -> 1.1428571 | G50: ='[2]Avg Week Arua-Nebbi'!G50+'[2]Avg Week Nebbi-Arua'!G50 -> 0.14285714 | H50: ='[2]Avg Week Arua-Nebbi'!H50+'[2]Avg Week Nebbi-Arua'!H50 -> 0.42857143 | I50: ='[2]Avg Week Arua-Nebbi'!I50+'[2]Avg Week Nebbi-Arua'!I50 -> 1.2857143 | J50: ='[2]Avg Week Arua-Nebbi'!J50+'[2]Avg Week Nebbi-Arua'!J50 -> 0 | ... N50: ='[2]Avg Week Arua-Nebbi'!N50+'[2]Avg Week Nebbi-Arua'!N50 -> 0 | O50: =SUM(C50:L50,N50) -> 13.285714 | P50: =SUM(C50:N50) -> 37.428571
B51: 17.15 -17.30 | C51: ='[2]Avg Week Arua-Nebbi'!C51+'[2]Avg Week Nebbi-Arua'!C51 -> 4.8571429 | D51: ='[2]Avg Week Arua-Nebbi'!D51+'[2]Avg Week Nebbi-Arua'!D51 -> 1.2857143 | E51: ='[2]Avg Week Arua-Nebbi'!E51+'[2]Avg Week Nebbi-Arua'!E51 -> 2.2857143 | F51: ='[2]Avg Week Arua-Nebbi'!F51+'[2]Avg Week Nebbi-Arua'!F51 -> 1.2857143 | G51: ='[2]Avg Week Arua-Nebbi'!G51+'[2]Avg Week Nebbi-Arua'!G51 -> 0.28571429 | H51: ='[2]Avg Week Arua-Nebbi'!H51+'[2]Avg Week Nebbi-Arua'!H51 -> 2.4285714 | I51: ='[2]Avg Week Arua-Nebbi'!I51+'[2]Avg Week Nebbi-Arua'!I51 -> 1.7142857 | J51: ='[2]Avg Week Arua-Nebbi'!J51+'[2]Avg Week Nebbi-Arua'!J51 -> 0.42857143 | ... N51: ='[2]Avg Week Arua-Nebbi'!N51+'[2]Avg Week Nebbi-Arua'!N51 -> 0 | O51: =SUM(C51:L51,N51) -> 16.714286 | P51: =SUM(C51:N51) -> 44
B52: 17.30 -17.45 | C52: ='[2]Avg Week Arua-Nebbi'!C52+'[2]Avg Week Nebbi-Arua'!C52 -> 4.2857143 | D52: ='[2]Avg Week Arua-Nebbi'!D52+'[2]Avg Week Nebbi-Arua'!D52 -> 0.85714286 | E52: ='[2]Avg Week Arua-Nebbi'!E52+'[2]Avg Week Nebbi-Arua'!E52 -> 1.4285714 | F52: ='[2]Avg Week Arua-Nebbi'!F52+'[2]Avg Week Nebbi-Arua'!F52 -> 1 | G52: ='[2]Avg Week Arua-Nebbi'!G52+'[2]Avg Week Nebbi-Arua'!G52 -> 0.28571429 | H52: ='[2]Avg Week Arua-Nebbi'!H52+'[2]Avg Week Nebbi-Arua'!H52 -> 0.42857143 | I52: ='[2]Avg Week Arua-Nebbi'!I52+'[2]Avg Week Nebbi-Arua'!I52 -> 1.2857143 | J52: ='[2]Avg Week Arua-Nebbi'!J52+'[2]Avg Week Nebbi-Arua'!J52 -> 0.28571429 | ... N52: ='[2]Avg Week Arua-Nebbi'!N52+'[2]Avg Week Nebbi-Arua'!N52 -> 0 | O52: =SUM(C52:L52,N52) -> 12.142857 | P52: =SUM(C52:N52) -> 49.285714
B53: 17.45 -18.00 | C53: ='[2]Avg Week Arua-Nebbi'!C53+'[2]Avg Week Nebbi-Arua'!C53 -> 3.1428571 | D53: ='[2]Avg Week Arua-Nebbi'!D53+'[2]Avg Week Nebbi-Arua'!D53 -> 0.57142857 | E53: ='[2]Avg Week Arua-Nebbi'!E53+'[2]Avg Week Nebbi-Arua'!E53 -> 1 | F53: ='[2]Avg Week Arua-Nebbi'!F53+'[2]Avg Week Nebbi-Arua'!F53 -> 0.14285714 | G53: ='[2]Avg Week Arua-Nebbi'!G53+'[2]Avg Week Nebbi-Arua'!G53 -> 0.42857143 | H53: ='[2]Avg Week Arua-Nebbi'!H53+'[2]Avg Week Nebbi-Arua'!H53 -> 0.71428571 | I53: ='[2]Avg Week Arua-Nebbi'!I53+'[2]Avg Week Nebbi-Arua'!I53 -> 0.57142857 | J53: ='[2]Avg Week Arua-Nebbi'!J53+'[2]Avg Week Nebbi-Arua'!J53 -> 0 | ... N53: ='[2]Avg Week Arua-Nebbi'!N53+'[2]Avg Week Nebbi-Arua'!N53 -> 0 | O53: =SUM(C53:L53,N53) -> 8.7142857 | P53: =SUM(C53:N53) -> 42.428571
B54: 18.00 - 18.15 | C54: ='[2]Avg Week Arua-Nebbi'!C54+'[2]Avg Week Nebbi-Arua'!C54 -> 3.8571429 | D54: ='[2]Avg Week Arua-Nebbi'!D54+'[2]Avg Week Nebbi-Arua'!D54 -> 0.71428571 | E54: ='[2]Avg Week Arua-Nebbi'!E54+'[2]Avg Week Nebbi-Arua'!E54 -> 1.4285714 | F54: ='[2]Avg Week Arua-Nebbi'!F54+'[2]Avg Week Nebbi-Arua'!F54 -> 0.85714286 | G54: ='[2]Avg Week Arua-Nebbi'!G54+'[2]Avg Week Nebbi-Arua'!G54 -> 0 | H54: ='[2]Avg Week Arua-Nebbi'!H54+'[2]Avg Week Nebbi-Arua'!H54 -> 0.57142857 | I54: ='[2]Avg Week Arua-Nebbi'!I54+'[2]Avg Week Nebbi-Arua'!I54 -> 2 | J54: ='[2]Avg Week Arua-Nebbi'!J54+'[2]Avg Week Nebbi-Arua'!J54 -> 0 | ... N54: ='[2]Avg Week Arua-Nebbi'!N54+'[2]Avg Week Nebbi-Arua'!N54 -> 0 | O54: =SUM(C54:L54,N54) -> 10.857143 | P54: =SUM(C54:N54) -> 48.142857
... B56: 18.30 - 18.45 | C56: ='[2]Avg Week Arua-Nebbi'!C56+'[2]Avg Week Nebbi-Arua'!C56 -> 3.2857143 | D56: ='[2]Avg Week Arua-Nebbi'!D56+'[2]Avg Week Nebbi-Arua'!D56 -> 0 | E56: ='[2]Avg Week Arua-Nebbi'!E56+'[2]Avg Week Nebbi-Arua'!E56 -> 0 | F56: ='[2]Avg Week Arua-Nebbi'!F56+'[2]Avg Week Nebbi-Arua'!F56 -> 1.1428571 | G56: ='[2]Avg Week Arua-Nebbi'!G56+'[2]Avg Week Nebbi-Arua'!G56 -> 0.14285714 | H56: ='[2]Avg Week Arua-Nebbi'!H56+'[2]Avg Week Nebbi-Arua'!H56 -> 0.14285714 | I56: ='[2]Avg Week Arua-Nebbi'!I56+'[2]Avg Week Nebbi-Arua'!I56 -> 0.85714286 | J56: ='[2]Avg Week Arua-Nebbi'!J56+'[2]Avg Week Nebbi-Arua'!J56 -> 0.28571429 | ... N56: ='[2]Avg Week Arua-Nebbi'!N56+'[2]Avg Week Nebbi-Arua'!N56 -> 0.42857143 | O56: =SUM(C56:L56,N56) -> 8.2857143 | P56: =SUM(C56:N56) -> 41.285714
B57: 18.45 - 19.00 | C57: ='[2]Avg Week Arua-Nebbi'!C57+'[2]Avg Week Nebbi-Arua'!C57 -> 4.5714286 | D57: ='[2]Avg Week Arua-Nebbi'!D57+'[2]Avg Week Nebbi-Arua'!D57 -> 1.7142857 | E57: ='[2]Avg Week Arua-Nebbi'!E57+'[2]Avg Week Nebbi-Arua'!E57 -> 2.8571429 | F57: ='[2]Avg Week Arua-Nebbi'!F57+'[2]Avg Week Nebbi-Arua'!F57 -> 1.4285714 | G57: ='[2]Avg Week Arua-Nebbi'!G57+'[2]Avg Week Nebbi-Arua'!G57 -> 0.14285714 | H57: ='[2]Avg Week Arua-Nebbi'!H57+'[2]Avg Week Nebbi-Arua'!H57 -> 0.71428571 | I57: ='[2]Avg Week Arua-Nebbi'!I57+'[2]Avg Week Nebbi-Arua'!I57 -> 2.8571429 | J57: ='[2]Avg Week Arua-Nebbi'!J57+'[2]Avg Week Nebbi-Arua'!J57 -> 0.57142857 | ... N57: ='[2]Avg Week Arua-Nebbi'!N57+'[2]Avg Week Nebbi-Arua'!N57 -> 0.14285714 | O57: =SUM(C57:L57,N57) -> 18 | P57: =SUM(D57:M57,O57) -> 71.428571
B58: 19.00 - 19.15 | C58: ='[2]Avg Week Arua-Nebbi'!C58+'[2]Avg Week Nebbi-Arua'!C58 -> 4 | D58: ='[2]Avg Week Arua-Nebbi'!D58+'[2]Avg Week Nebbi-Arua'!D58 -> 1 | E58: ='[2]Avg Week Arua-Nebbi'!E58+'[2]Avg Week Nebbi-Arua'!E58 -> 1.5 | F58: ='[2]Avg Week Arua-Nebbi'!F58+'[2]Avg Week Nebbi-Arua'!F58 -> 1 | G58: ='[2]Avg Week Arua-Nebbi'!G58+'[2]Avg Week Nebbi-Arua'!G58 -> 0 | H58: ='[2]Avg Week Arua-Nebbi'!H58+'[2]Avg Week Nebbi-Arua'!H58 -> 0 | I58: ='[2]Avg Week Arua-Nebbi'!I58+'[2]Avg Week Nebbi-Arua'!I58 -> 1.5 | J58: ='[2]Avg Week Arua-Nebbi'!J58+'[2]Avg Week Nebbi-Arua'!J58 -> 0.5 | ... N58: ='[2]Avg Week Arua-Nebbi'!N58+'[2]Avg Week Nebbi-Arua'!N58 -> 0 | O58: =SUM(C58:L58,N58) -> 9.5 | P58: =SUM(D58:M58,O58) -> 64
B59: 19.15 - 19.30 | C59: ='[2]Avg Week Arua-Nebbi'!C59+'[2]Avg Week Nebbi-Arua'!C59 -> 3 | D59: ='[2]Avg Week Arua-Nebbi'!D59+'[2]Avg Week Nebbi-Arua'!D59 -> 0.5 | E59: ='[2]Avg Week Arua-Nebbi'!E59+'[2]Avg Week Nebbi-Arua'!E59 -> 1 | F59: ='[2]Avg Week Arua-Nebbi'!F59+'[2]Avg Week Nebbi-Arua'!F59 -> 1 | G59: ='[2]Avg Week Arua-Nebbi'!G59+'[2]Avg Week Nebbi-Arua'!G59 -> 0 | H59: ='[2]Avg Week Arua-Nebbi'!H59+'[2]Avg Week Nebbi-Arua'!H59 -> 0 | I59: ='[2]Avg Week Arua-Nebbi'!I59+'[2]Avg Week Nebbi-Arua'!I59 -> 1.5 | J59: ='[2]Avg Week Arua-Nebbi'!J59+'[2]Avg Week Nebbi-Arua'!J59 -> 0.5 | ... N59: ='[2]Avg Week Arua-Nebbi'!N59+'[2]Avg Week Nebbi-Arua'!N59 -> 0 | O59: =SUM(C59:L59,N59) -> 8.5 | P59: =SUM(D59:M59,O59) -> 76.5
B60: 19.30 - 19.45 | C60: ='[2]Avg Week Arua-Nebbi'!C60+'[2]Avg Week Nebbi-Arua'!C60 -> 3 | D60: ='[2]Avg Week Arua-Nebbi'!D60+'[2]Avg Week Nebbi-Arua'!D60 -> 0 | E60: ='[2]Avg Week Arua-Nebbi'!E60+'[2]Avg Week Nebbi-Arua'!E60 -> 0 | F60: ='[2]Avg Week Arua-Nebbi'!F60+'[2]Avg Week Nebbi-Arua'!F60 -> 1 | G60: ='[2]Avg Week Arua-Nebbi'!G60+'[2]Avg Week Nebbi-Arua'!G60 -> 0 | H60: ='[2]Avg Week Arua-Nebbi'!H60+'[2]Avg Week Nebbi-Arua'!H60 -> 0 | I60: ='[2]Avg Week Arua-Nebbi'!I60+'[2]Avg Week Nebbi-Arua'!I60 -> 3 | J60: ='[2]Avg Week Arua-Nebbi'!J60+'[2]Avg Week Nebbi-Arua'!J60 -> 0.5 | ... N60: ='[2]Avg Week Arua-Nebbi'!N60+'[2]Avg Week Nebbi-Arua'!N60 -> 0 | O60: =SUM(C60:L60,N60) -> 7.5 | P60: =SUM(D60:M60,O60) -> 49.5
B61: 19.45 - 20.00 | C61: ='[2]Avg Week Arua-Nebbi'!C61+'[2]Avg Week Nebbi-Arua'!C61 -> 3 | D61: ='[2]Avg Week Arua-Nebbi'!D61+'[2]Avg Week Nebbi-Arua'!D61 -> 0.5 | E61: ='[2]Avg Week Arua-Nebbi'!E61+'[2]Avg Week Nebbi-Arua'!E61 -> 0.5 | F61: ='[2]Avg Week Arua-Nebbi'!F61+'[2]Avg Week Nebbi-Arua'!F61 -> 0.5 | G61: ='[2]Avg Week Arua-Nebbi'!G61+'[2]Avg Week Nebbi-Arua'!G61 -> 0 | H61: ='[2]Avg Week Arua-Nebbi'!H61+'[2]Avg Week Nebbi-Arua'!H61 -> 0.5 | I61: ='[2]Avg Week Arua-Nebbi'!I61+'[2]Avg Week Nebbi-Arua'!I61 -> 2 | J61: ='[2]Avg Week Arua-Nebbi'!J61+'[2]Avg Week Nebbi-Arua'!J61 -> 2 | ... N61: ='[2]Avg Week Arua-Nebbi'!N61+'[2]Avg Week Nebbi-Arua'!N61 -> 0 | O61: =SUM(C61:L61,N61) -> 9.5 | P61: =SUM(D61:M61,O61) -> 42.5
B62: 20.00 - 20.15 | C62: ='[2]Avg Week Arua-Nebbi'!C62+'[2]Avg Week Nebbi-Arua'!C62 -> 2 | D62: ='[2]Avg Week Arua-Nebbi'!D62+'[2]Avg Week Nebbi-Arua'!D62 -> 0 | E62: ='[2]Avg Week Arua-Nebbi'!E62+'[2]Avg Week Nebbi-Arua'!E62 -> 0 | F62: ='[2]Avg Week Arua-Nebbi'!F62+'[2]Avg Week Nebbi-Arua'!F62 -> 0.5 | G62: ='[2]Avg Week Arua-Nebbi'!G62+'[2]Avg Week Nebbi-Arua'!G62 -> 0.5 | H62: ='[2]Avg Week Arua-Nebbi'!H62+'[2]Avg Week Nebbi-Arua'!H62 -> 0 | I62: ='[2]Avg Week Arua-Nebbi'!I62+'[2]Avg Week Nebbi-Arua'!I62 -> 2.5 | J62: ='[2]Avg Week Arua-Nebbi'!J62+'[2]Avg Week Nebbi-Arua'!J62 -> 0.5 | ... N62: ='[2]Avg Week Arua-Nebbi'!N62+'[2]Avg Week Nebbi-Arua'!N62 -> 1 | O62: =SUM(C62:L62,N62) -> 7.5 | P62: =SUM(D62:M62,O62) -> 42
B63: 20.15 - 20.30 | C63: ='[2]Avg Week Arua-Nebbi'!C63+'[2]Avg Week Nebbi-Arua'!C63 -> 2 | D63: ='[2]Avg Week Arua-Nebbi'!D63+'[2]Avg Week Nebbi-Arua'!D63 -> 0 | E63: ='[2]Avg Week Arua-Nebbi'!E63+'[2]Avg Week Nebbi-Arua'!E63 -> 0 | F63: ='[2]Avg Week Arua-Nebbi'!F63+'[2]Avg Week Nebbi-Arua'!F63 -> 0 | G63: ='[2]Avg Week Arua-Nebbi'!G63+'[2]Avg Week Nebbi-Arua'!G63 -> 0 | H63: ='[2]Avg Week Arua-Nebbi'!H63+'[2]Avg Week Nebbi-Arua'!H63 -> 5.5 | I63: ='[2]Avg Week Arua-Nebbi'!I63+'[2]Avg Week Nebbi-Arua'!I63 -> 0 | J63: ='[2]Avg Week Arua-Nebbi'!J63+'[2]Avg Week Nebbi-Arua'!J63 -> 0 | ... N63: ='[2]Avg Week Arua-Nebbi'!N63+'[2]Avg Week Nebbi-Arua'!N63 -> 0 | O63: =SUM(C63:L63,N63) -> 7.5 | P63: =SUM(D63:M63,O63) -> 38.5
B64: 20.30 - 20.45 | C64: ='[2]Avg Week Arua-Nebbi'!C64+'[2]Avg Week Nebbi-Arua'!C64 -> 5 | D64: ='[2]Avg Week Arua-Nebbi'!D64+'[2]Avg Week Nebbi-Arua'!D64 -> 0 | E64: ='[2]Avg Week Arua-Nebbi'!E64+'[2]Avg Week Nebbi-Arua'!E64 -> 0 | F64: ='[2]Avg Week Arua-Nebbi'!F64+'[2]Avg Week Nebbi-Arua'!F64 -> 1 | G64: ='[2]Avg Week Arua-Nebbi'!G64+'[2]Avg Week Nebbi-Arua'!G64 -> 0 | H64: ='[2]Avg Week Arua-Nebbi'!H64+'[2]Avg Week Nebbi-Arua'!H64 -> 0.5 | I64: ='[2]Avg Week Arua-Nebbi'!I64+'[2]Avg Week Nebbi-Arua'!I64 -> 0.5 | J64: ='[2]Avg Week Arua-Nebbi'!J64+'[2]Avg Week Nebbi-Arua'!J64 -> 0.5 | ... N64: ='[2]Avg Week Arua-Nebbi'!N64+'[2]Avg Week Nebbi-Arua'!N64 -> 0 | O64: =SUM(C64:L64,N64) -> 8 | P64: =SUM(D64:M64,O64) -> 35.5
B65: 20.45 - 21.00 | C65: ='[2]Avg Week Arua-Nebbi'!C65+'[2]Avg Week Nebbi-Arua'!C65 -> 1.5 | D65: ='[2]Avg Week Arua-Nebbi'!D65+'[2]Avg Week Nebbi-Arua'!D65 -> 0.5 | E65: ='[2]Avg Week Arua-Nebbi'!E65+'[2]Avg Week Nebbi-Arua'!E65 -> 1 | F65: ='[2]Avg Week Arua-Nebbi'!F65+'[2]Avg Week Nebbi-Arua'!F65 -> 0 | G65: ='[2]Avg Week Arua-Nebbi'!G65+'[2]Avg Week Nebbi-Arua'!G65 -> 0 | H65: ='[2]Avg Week Arua-Nebbi'!H65+'[2]Avg Week Nebbi-Arua'!H65 -> 1 | I65: ='[2]Avg Week Arua-Nebbi'!I65+'[2]Avg Week Nebbi-Arua'!I65 -> 1 | J65: ='[2]Avg Week Arua-Nebbi'!J65+'[2]Avg Week Nebbi-Arua'!J65 -> 0 | ... N65: ='[2]Avg Week Arua-Nebbi'!N65+'[2]Avg Week Nebbi-Arua'!N65 -> 0 | O65: =SUM(C65:L65,N65) -> 6 | P65: =SUM(D65:M65,O65) -> 35.5
B66: 21.00 - 21.15 | C66: ='[2]Avg Week Arua-Nebbi'!C66+'[2]Avg Week Nebbi-Arua'!C66 -> 1 | D66: ='[2]Avg Week Arua-Nebbi'!D66+'[2]Avg Week Nebbi-Arua'!D66 -> 0 | E66: ='[2]Avg Week Arua-Nebbi'!E66+'[2]Avg Week Nebbi-Arua'!E66 -> 0 | F66: ='[2]Avg Week Arua-Nebbi'!F66+'[2]Avg Week Nebbi-Arua'!F66 -> 0 | G66: ='[2]Avg Week Arua-Nebbi'!G66+'[2]Avg Week Nebbi-Arua'!G66 -> 0 | H66: ='[2]Avg Week Arua-Nebbi'!H66+'[2]Avg Week Nebbi-Arua'!H66 -> 2.5 | I66: ='[2]Avg Week Arua-Nebbi'!I66+'[2]Avg Week Nebbi-Arua'!I66 -> 1 | J66: ='[2]Avg Week Arua-Nebbi'!J66+'[2]Avg Week Nebbi-Arua'!J66 -> 0 | ... N66: ='[2]Avg Week Arua-Nebbi'!N66+'[2]Avg Week Nebbi-Arua'!N66 -> 0 | O66: =SUM(C66:L66,N66) -> 4.5 | P66: =SUM(D66:M66,O66) -> 25
B67: 21.15 - 21.30 | C67: ='[2]Avg Week Arua-Nebbi'!C67+'[2]Avg Week Nebbi-Arua'!C67 -> 0.5 | D67: ='[2]Avg Week Arua-Nebbi'!D67+'[2]Avg Week Nebbi-Arua'!D67 -> 0 | E67: ='[2]Avg Week Arua-Nebbi'!E67+'[2]Avg Week Nebbi-Arua'!E67 -> 0 | F67: ='[2]Avg Week Arua-Nebbi'!F67+'[2]Avg Week Nebbi-Arua'!F67 -> 0 | G67: ='[2]Avg Week Arua-Nebbi'!G67+'[2]Avg Week Nebbi-Arua'!G67 -> 0 | H67: ='[2]Avg Week Arua-Nebbi'!H67+'[2]Avg Week Nebbi-Arua'!H67 -> 0.5 | I67: ='[2]Avg Week Arua-Nebbi'!I67+'[2]Avg Week Nebbi-Arua'!I67 -> 0.5 | J67: ='[2]Avg Week Arua-Nebbi'!J67+'[2]Avg Week Nebbi-Arua'!J67 -> 0.5 | ... N67: ='[2]Avg Week Arua-Nebbi'!N67+'[2]Avg Week Nebbi-Arua'!N67 -> 0 | O67: =SUM(C67:L67,N67) -> 3.5 | P67: =SUM(D67:M67,O67) -> 16.5
B68: 21.30 - 21.45 | C68: ='[2]Avg Week Arua-Nebbi'!C68+'[2]Avg Week Nebbi-Arua'!C68 -> 0.5 | D68: ='[2]Avg Week Arua-Nebbi'!D68+'[2]Avg Week Nebbi-Arua'!D68 -> 0 | E68: ='[2]Avg Week Arua-Nebbi'!E68+'[2]Avg Week Nebbi-Arua'!E68 -> 0 | F68: ='[2]Avg Week Arua-Nebbi'!F68+'[2]Avg Week Nebbi-Arua'!F68 -> 1.5 | G68: ='[2]Avg Week Arua-Nebbi'!G68+'[2]Avg Week Nebbi-Arua'!G68 -> 0 | H68: ='[2]Avg Week Arua-Nebbi'!H68+'[2]Avg Week Nebbi-Arua'!H68 -> 1.5 | I68: ='[2]Avg Week Arua-Nebbi'!I68+'[2]Avg Week Nebbi-Arua'!I68 -> 0 | J68: ='[2]Avg Week Arua-Nebbi'!J68+'[2]Avg Week Nebbi-Arua'!J68 -> 0 | ... N68: ='[2]Avg Week Arua-Nebbi'!N68+'[2]Avg Week Nebbi-Arua'!N68 -> 0 | O68: =SUM(C68:L68,N68) -> 4 | P68: =SUM(D68:M68,O68) -> 20
... B105: 06.45 - 07.00 | C105: ='[2]Avg Week Arua-Nebbi'!C105+'[2]Avg Week Nebbi-Arua'!C105 -> 2.5 | D105: ='[2]Avg Week Arua-Nebbi'!D105+'[2]Avg Week Nebbi-Arua'!D105 -> 0 | E105: ='[2]Avg Week Arua-Nebbi'!E105+'[2]Avg Week Nebbi-Arua'!E105 -> 0 | F105: ='[2]Avg Week Arua-Nebbi'!F105+'[2]Avg Week Nebbi-Arua'!F105 -> 0.5 | G105: ='[2]Avg Week Arua-Nebbi'!G105+'[2]Avg Week Nebbi-Arua'!G105 -> 0 | H105: ='[2]Avg Week Arua-Nebbi'!H105+'[2]Avg Week Nebbi-Arua'!H105 -> 0 | I105: ='[2]Avg Week Arua-Nebbi'!I105+'[2]Avg Week Nebbi-Arua'!I105 -> 2.5 | J105: ='[2]Avg Week Arua-Nebbi'!J105+'[2]Avg Week Nebbi-Arua'!J105 -> 0 | ... N105: ='[2]Avg Week Arua-Nebbi'!N105+'[2]Avg Week Nebbi-Arua'!N105 -> 0.5 | O105: =SUM(C105:L105,N105) -> 7.5 | P105: =SUM(D105:M105,O105) -> 23
B106: Totals | C106: =SUM(C10:C105) -> 224.71429 | D106: =SUM(D10:D105) -> 35.285714 | E106: =SUM(E10:E105) -> 60.928571 | F106: =SUM(F10:F105) -> 57.5 | G106: =SUM(G10:G105) -> 10.428571 | H106: =SUM(H10:H105) -> 57.214286 | I106: =SUM(I10:I105) -> 109.57143 | J106: =SUM(J10:J105) -> 29.5 | ... P106: =SUM(P10:P105) -> 2576.2143
B107: %ges + MCs | C107: =C106/$P$106 -> 0.087226551 | D107: =D106/$P$106 -> 0.013696731 | E107: =E106/$P$106 -> 0.023650428 | F107: =F106/$P$106 -> 0.022319572 | G107: =G106/$P$106 -> 0.0040480217 | H107: =H106/$P$106 -> 0.022208667 | I107: =I106/$P$106 -> 0.042531954 | J107: =J106/$P$106 -> 0.011450911 | ... N107: =N106/$P$106 -> 0.0013863088
B108: %ges w/o MCs | C108: =C106/$O$106 -> 0.32956212 | D108: =D106/$O$106 -> 0.051749424 | E108: =E106/$O$106 -> 0.089356799 | F108: =F106/$O$106 -> 0.084328515 | G108: =G106/$O$106 -> 0.015294364 | H108: =H106/$O$106 -> 0.083909491 | I108: =I106/$O$106 -> 0.16069558 | J108: =J106/$O$106 -> 0.043264194 | ... L108: =L106/$O$106 -> 0.10287031 | N108: =N106/$O$106 -> 0.0052377959

Sheet 115
B1: Consultancy services for Preparation of Expressway Development Master Plan (EDMP) for Uganda
B2: MANUAL CLASSIFIED COUNT (MCC)
B3: ROAD NAME: | C3: MCC - C5 - STN115 - KARUMA-PAKWACHROAD
C5: Date | D5: AVERAGE WEEK | F5: Location | G5: ='[3]Avg Week Pakwach-Karuma'!G5:H5 -> #REF! | J5: Surveyor | K5: ='[3]Avg Week Pakwach-Karuma'!K5:L5 -> #REF!
C6: Dir. From | D6: BOTH DIRECTIONS | F6: Dir. To | G6: BOTH DIRECTIONS | J6: Supervisor | K6: ='[3]Avg Week Pakwach-Karuma'!K6:L6 -> #REF!
B8: Time / Veh Type | R8: SUMMARY TRAFFIC VOLUMES
C9: 1. Car | D9: 2. Station Wagon | E9: 3. Pickups | F9: 4. Minibus, matatu | G9: 5. Medium bus | H9: 6. Large Bus | I9: 7. Light Truck | J9: 8. Medium Truck | K9: 9. Heavy truck | L9: 10. Truck Trailer | M9: 11. Motor cycles | N9: 12. Tractors | O9: Total Excl M/Cycles | P9: Total All | R9: Time | S9: 1. Car | T9: 2. Station Wagon | U9: 3. Pickups | V9: 4. Minibus, matatu | W9: 5. Medium bus | X9: 6. Large Bus | Y9: 7. Light Truck | Z9: 8. Medium Truck | AA9: 9. Heavy truck | AB9: 10. Truck Trailer | AC9: 11. Motorcycles | AD9: 12. Tractors, Graders | AE9: Total Excl M/ Cycles | AF9: Total All
B10: 07.00 - 07.15 | C10: ='[3]Avg Week Karuma-Pakwach'!C10+'[3]Avg Week Pakwach-Karuma'!C10 -> 1.5 | D10: ='[3]Avg Week Karuma-Pakwach'!D10+'[3]Avg Week Pakwach-Karuma'!D10 -> 0.14285714 | E10: ='[3]Avg Week Karuma-Pakwach'!E10+'[3]Avg Week Pakwach-Karuma'!E10 -> 2.547619 | F10: ='[3]Avg Week Karuma-Pakwach'!F10+'[3]Avg Week Pakwach-Karuma'!F10 -> 0.76190476 | G10: ='[3]Avg Week Karuma-Pakwach'!G10+'[3]Avg Week Pakwach-Karuma'!G10 -> 0 | H10: ='[3]Avg Week Karuma-Pakwach'!H10+'[3]Avg Week Pakwach-Karuma'!H10 -> 0 | I10: ='[3]Avg Week Karuma-Pakwach'!I10+'[3]Avg Week Pakwach-Karuma'!I10 -> 0.42857143 | J10: ='[3]Avg Week Karuma-Pakwach'!J10+'[3]Avg Week Pakwach-Karuma'!J10 -> 0.14285714 | ... N10: ='[3]Avg Week Karuma-Pakwach'!N10+'[3]Avg Week Pakwach-Karuma'!N10 -> 0.42857143 | O10: =SUM(C10:L10,N10) -> 8.2380952 | P10: =SUM(C10:N10) -> 12.928571 | R10: 0700-0800 | S10: =SUM(C10:C13) -> 3.9285714 | T10: =SUM(D10:D13) -> 0.9047619 | U10: =SUM(E10:E13) -> 7.7380952 | V10: =SUM(F10:F13) -> 2.5714286 | W10: =SUM(G10:G13) -> 0.30952381 | X10: =SUM(H10:H13) -> 0.16666667 | Y10: =SUM(I10:I13) -> 0.92857143 | Z10: =SUM(J10:J13) -> 3.047619 | ... AF10: =SUM(P10:P13) -> 49.619048
B11: 07.15 - 07.30 | C11: ='[3]Avg Week Karuma-Pakwach'!C11+'[3]Avg Week Pakwach-Karuma'!C11 -> 0.92857143 | D11: ='[3]Avg Week Karuma-Pakwach'!D11+'[3]Avg Week Pakwach-Karuma'!D11 -> 0.30952381 | E11: ='[3]Avg Week Karuma-Pakwach'!E11+'[3]Avg Week Pakwach-Karuma'!E11 -> 1.3333333 | F11: ='[3]Avg Week Karuma-Pakwach'!F11+'[3]Avg Week Pakwach-Karuma'!F11 -> 0.45238095 | G11: ='[3]Avg Week Karuma-Pakwach'!G11+'[3]Avg Week Pakwach-Karuma'!G11 -> 0 | H11: ='[3]Avg Week Karuma-Pakwach'!H11+'[3]Avg Week Pakwach-Karuma'!H11 -> 0.16666667 | I11: ='[3]Avg Week Karuma-Pakwach'!I11+'[3]Avg Week Pakwach-Karuma'!I11 -> 0.33333333 | J11: ='[3]Avg Week Karuma-Pakwach'!J11+'[3]Avg Week Pakwach-Karuma'!J11 -> 0.42857143 | ... N11: ='[3]Avg Week Karuma-Pakwach'!N11+'[3]Avg Week Pakwach-Karuma'!N11 -> 0 | O11: =SUM(C11:L11,N11) -> 5.9047619 | P11: =SUM(C11:N11) -> 10.119048 | R11: 0800-0900 | S11: =SUM(C14:C17) -> 3.1190476 | T11: =SUM(D14:D17) -> 0.9047619 | U11: =SUM(E14:E17) -> 7.4761905 | V11: =SUM(F14:F17) -> 2.7380952 | W11: =SUM(G14:G17) -> 1.4285714 | X11: =SUM(H14:H17) -> 0.16666667 | Y11: =SUM(I14:I17) -> 2.9761905 | Z11: =SUM(J14:J17) -> 3.7857143 | ... AF11: =SUM(P14:P17) -> 58.5
B12: 07.30 - 07.45 | C12: ='[3]Avg Week Karuma-Pakwach'!C12+'[3]Avg Week Pakwach-Karuma'!C12 -> 0.9047619 | D12: ='[3]Avg Week Karuma-Pakwach'!D12+'[3]Avg Week Pakwach-Karuma'!D12 -> 0 | E12: ='[3]Avg Week Karuma-Pakwach'!E12+'[3]Avg Week Pakwach-Karuma'!E12 -> 1.9047619 | F12: ='[3]Avg Week Karuma-Pakwach'!F12+'[3]Avg Week Pakwach-Karuma'!F12 -> 0.85714286 | G12: ='[3]Avg Week Karuma-Pakwach'!G12+'[3]Avg Week Pakwach-Karuma'!G12 -> 0.14285714 | H12: ='[3]Avg Week Karuma-Pakwach'!H12+'[3]Avg Week Pakwach-Karuma'!H12 -> 0 | I12: ='[3]Avg Week Karuma-Pakwach'!I12+'[3]Avg Week Pakwach-Karuma'!I12 -> 0 | J12: ='[3]Avg Week Karuma-Pakwach'!J12+'[3]Avg Week Pakwach-Karuma'!J12 -> 1 | ... N12: ='[3]Avg Week Karuma-Pakwach'!N12+'[3]Avg Week Pakwach-Karuma'!N12 -> 0.5952381 | O12: =SUM(C12:L12,N12) -> 7.7619048 | P12: =SUM(C12:N12) -> 13.690476 | R12: 0900-1000 | S12: =SUM(C18:C21) -> 3.8333333 | T12: =SUM(D18:D21) -> 1.8333333 | U12: =SUM(E18:E21) -> 8.5238095 | V12: =SUM(F18:F21) -> 5.1904762 | W12: =SUM(G18:G21) -> 1.6904762 | X12: =SUM(H18:H21) -> 1.1190476 | Y12: =SUM(I18:I21) -> 2.1666667 | Z12: =SUM(J18:J21) -> 2.6428571 | ... AF12: =SUM(P18:P21) -> 69.333333
B13: 07.45 - 08.00 | C13: ='[3]Avg Week Karuma-Pakwach'!C13+'[3]Avg Week Pakwach-Karuma'!C13 -> 0.5952381 | D13: ='[3]Avg Week Karuma-Pakwach'!D13+'[3]Avg Week Pakwach-Karuma'!D13 -> 0.45238095 | E13: ='[3]Avg Week Karuma-Pakwach'!E13+'[3]Avg Week Pakwach-Karuma'!E13 -> 1.952381 | F13: ='[3]Avg Week Karuma-Pakwach'!F13+'[3]Avg Week Pakwach-Karuma'!F13 -> 0.5 | G13: ='[3]Avg Week Karuma-Pakwach'!G13+'[3]Avg Week Pakwach-Karuma'!G13 -> 0.16666667 | H13: ='[3]Avg Week Karuma-Pakwach'!H13+'[3]Avg Week Pakwach-Karuma'!H13 -> 0 | I13: ='[3]Avg Week Karuma-Pakwach'!I13+'[3]Avg Week Pakwach-Karuma'!I13 -> 0.16666667 | J13: ='[3]Avg Week Karuma-Pakwach'!J13+'[3]Avg Week Pakwach-Karuma'!J13 -> 1.4761905 | ... N13: ='[3]Avg Week Karuma-Pakwach'!N13+'[3]Avg Week Pakwach-Karuma'!N13 -> 0.42857143 | O13: =SUM(C13:L13,N13) -> 7.7380952 | P13: =SUM(C13:N13) -> 12.880952 | R13: 1000-1100 | S13: =SUM(C22:C25) -> 3.0714286 | T13: =SUM(D22:D25) -> 2 | U13: =SUM(E22:E25) -> 11.952381 | V13: =SUM(F22:F25) -> 5.5 | W13: =SUM(G22:G25) -> 3.452381 | X13: =SUM(H22:H25) -> 3.4761905 | Y13: =SUM(I22:I25) -> 3.7142857 | Z13: =SUM(J22:J25) -> 2.6190476 | ... AF13: =SUM(P22:P25) -> 68.47619
B14: 08.00 - 08.15 | C14: ='[3]Avg Week Karuma-Pakwach'!C14+'[3]Avg Week Pakwach-Karuma'!C14 -> 0.42857143 | D14: ='[3]Avg Week Karuma-Pakwach'!D14+'[3]Avg Week Pakwach-Karuma'!D14 -> 0 | E14: ='[3]Avg Week Karuma-Pakwach'!E14+'[3]Avg Week Pakwach-Karuma'!E14 -> 0.78571429 | F14: ='[3]Avg Week Karuma-Pakwach'!F14+'[3]Avg Week Pakwach-Karuma'!F14 -> 0.16666667 | G14: ='[3]Avg Week Karuma-Pakwach'!G14+'[3]Avg Week Pakwach-Karuma'!G14 -> 0 | H14: ='[3]Avg Week Karuma-Pakwach'!H14+'[3]Avg Week Pakwach-Karuma'!H14 -> 0 | I14: ='[3]Avg Week Karuma-Pakwach'!I14+'[3]Avg Week Pakwach-Karuma'!I14 -> 0.73809524 | J14: ='[3]Avg Week Karuma-Pakwach'!J14+'[3]Avg Week Pakwach-Karuma'!J14 -> 1.1666667 | ... N14: ='[3]Avg Week Karuma-Pakwach'!N14+'[3]Avg Week Pakwach-Karuma'!N14 -> 0.14285714 | O14: =SUM(C14:L14,N14) -> 6.2380952 | P14: =SUM(C14:N14) -> 10.952381 | R14: 1100-1200 | S14: =SUM(C26:C29) -> 4.4047619 | T14: =SUM(D26:D29) -> 2.2380952 | U14: =SUM(E26:E29) -> 11.809524 | V14: =SUM(F26:F29) -> 6.8095238 | W14: =SUM(G26:G29) -> 4.3333333 | X14: =SUM(H26:H29) -> 3.7857143 | Y14: =SUM(I26:I29) -> 4.2619048 | Z14: =SUM(J26:J29) -> 2.3333333 | ... AF14: =SUM(P26:P29) -> 75.333333
B15: 08.15 - 08.30 | C15: ='[3]Avg Week Karuma-Pakwach'!C15+'[3]Avg Week Pakwach-Karuma'!C15 -> 0.76190476 | D15: ='[3]Avg Week Karuma-Pakwach'!D15+'[3]Avg Week Pakwach-Karuma'!D15 -> 0.30952381 | E15: ='[3]Avg Week Karuma-Pakwach'!E15+'[3]Avg Week Pakwach-Karuma'!E15 -> 2.1428571 | F15: ='[3]Avg Week Karuma-Pakwach'!F15+'[3]Avg Week Pakwach-Karuma'!F15 -> 0.61904762 | G15: ='[3]Avg Week Karuma-Pakwach'!G15+'[3]Avg Week Pakwach-Karuma'!G15 -> 0.30952381 | H15: ='[3]Avg Week Karuma-Pakwach'!H15+'[3]Avg Week Pakwach-Karuma'!H15 -> 0 | I15: ='[3]Avg Week Karuma-Pakwach'!I15+'[3]Avg Week Pakwach-Karuma'!I15 -> 1.452381 | J15: ='[3]Avg Week Karuma-Pakwach'!J15+'[3]Avg Week Pakwach-Karuma'!J15 -> 0.85714286 | ... N15: ='[3]Avg Week Karuma-Pakwach'!N15+'[3]Avg Week Pakwach-Karuma'!N15 -> 0.47619048 | O15: =SUM(C15:L15,N15) -> 9.7619048 | P15: =SUM(C15:N15) -> 15.095238 | R15: 1200-1300 | S15: =SUM(C30:C33) -> 4.452381 | T15: =SUM(D30:D33) -> 1.4761905 | U15: =SUM(E30:E33) -> 11.309524 | V15: =SUM(F30:F33) -> 5.0238095 | W15: =SUM(G30:G33) -> 1.4047619 | X15: =SUM(H30:H33) -> 1.9047619 | Y15: =SUM(I30:I33) -> 1.1190476 | Z15: =SUM(J30:J33) -> 1.4285714 | ... AF15: =SUM(P30:P33) -> 57.571429
B16: 08.30 - 08.45 | C16: ='[3]Avg Week Karuma-Pakwach'!C16+'[3]Avg Week Pakwach-Karuma'!C16 -> 1.0238095 | D16: ='[3]Avg Week Karuma-Pakwach'!D16+'[3]Avg Week Pakwach-Karuma'!D16 -> 0.45238095 | E16: ='[3]Avg Week Karuma-Pakwach'!E16+'[3]Avg Week Pakwach-Karuma'!E16 -> 2.2380952 | F16: ='[3]Avg Week Karuma-Pakwach'!F16+'[3]Avg Week Pakwach-Karuma'!F16 -> 1.6190476 | G16: ='[3]Avg Week Karuma-Pakwach'!G16+'[3]Avg Week Pakwach-Karuma'!G16 -> 0 | H16: ='[3]Avg Week Karuma-Pakwach'!H16+'[3]Avg Week Pakwach-Karuma'!H16 -> 0 | I16: ='[3]Avg Week Karuma-Pakwach'!I16+'[3]Avg Week Pakwach-Karuma'!I16 -> 0.33333333 | J16: ='[3]Avg Week Karuma-Pakwach'!J16+'[3]Avg Week Pakwach-Karuma'!J16 -> 0.57142857 | ... N16: ='[3]Avg Week Karuma-Pakwach'!N16+'[3]Avg Week Pakwach-Karuma'!N16 -> 0.73809524 | O16: =SUM(C16:L16,N16) -> 9.5714286 | P16: =SUM(C16:N16) -> 16.095238 | R16: 1300-1400 | S16: =SUM(C34:C37) -> 6.047619 | T16: =SUM(D34:D37) -> 1.6666667 | U16: =SUM(E34:E37) -> 9.3809524 | V16: =SUM(F34:F37) -> 4.9761905 | W16: =SUM(G34:G37) -> 1.5238095 | X16: =SUM(H34:H37) -> 1.7380952 | Y16: =SUM(I34:I37) -> 3.6428571 | Z16: =SUM(J34:J37) -> 1.4047619 | ... AF16: =SUM(P34:P37) -> 63.714286
B17: 08.45 - 9.00 | C17: ='[3]Avg Week Karuma-Pakwach'!C17+'[3]Avg Week Pakwach-Karuma'!C17 -> 0.9047619 | D17: ='[3]Avg Week Karuma-Pakwach'!D17+'[3]Avg Week Pakwach-Karuma'!D17 -> 0.14285714 | E17: ='[3]Avg Week Karuma-Pakwach'!E17+'[3]Avg Week Pakwach-Karuma'!E17 -> 2.3095238 | F17: ='[3]Avg Week Karuma-Pakwach'!F17+'[3]Avg Week Pakwach-Karuma'!F17 -> 0.33333333 | G17: ='[3]Avg Week Karuma-Pakwach'!G17+'[3]Avg Week Pakwach-Karuma'!G17 -> 1.1190476 | H17: ='[3]Avg Week Karuma-Pakwach'!H17+'[3]Avg Week Pakwach-Karuma'!H17 -> 0.16666667 | I17: ='[3]Avg Week Karuma-Pakwach'!I17+'[3]Avg Week Pakwach-Karuma'!I17 -> 0.45238095 | J17: ='[3]Avg Week Karuma-Pakwach'!J17+'[3]Avg Week Pakwach-Karuma'!J17 -> 1.1904762 | ... N17: ='[3]Avg Week Karuma-Pakwach'!N17+'[3]Avg Week Pakwach-Karuma'!N17 -> 0.80952381 | O17: =SUM(C17:L17,N17) -> 9.3809524 | P17: =SUM(C17:N17) -> 16.357143 | R17: 1400-1500 | S17: =SUM(C38:C41) -> 6.1428571 | T17: =SUM(D38:D41) -> 3.1428571 | U17: =SUM(E38:E41) -> 13.880952 | V17: =SUM(F38:F41) -> 4.8809524 | W17: =SUM(G38:G41) -> 2.1904762 | X17: =SUM(H38:H41) -> 4.8333333 | Y17: =SUM(I38:I41) -> 3.3571429 | Z17: =SUM(J38:J41) -> 2.2380952 | ... AF17: =SUM(P38:P41) -> 78.928571
B18: 09.00 - 09.15 | C18: ='[3]Avg Week Karuma-Pakwach'!C18+'[3]Avg Week Pakwach-Karuma'!C18 -> 0.42857143 | D18: ='[3]Avg Week Karuma-Pakwach'!D18+'[3]Avg Week Pakwach-Karuma'!D18 -> 0 | E18: ='[3]Avg Week Karuma-Pakwach'!E18+'[3]Avg Week Pakwach-Karuma'!E18 -> 1.0714286 | F18: ='[3]Avg Week Karuma-Pakwach'!F18+'[3]Avg Week Pakwach-Karuma'!F18 -> 0.61904762 | G18: ='[3]Avg Week Karuma-Pakwach'!G18+'[3]Avg Week Pakwach-Karuma'!G18 -> 0.14285714 | H18: ='[3]Avg Week Karuma-Pakwach'!H18+'[3]Avg Week Pakwach-Karuma'!H18 -> 0 | I18: ='[3]Avg Week Karuma-Pakwach'!I18+'[3]Avg Week Pakwach-Karuma'!I18 -> 0.30952381 | J18: ='[3]Avg Week Karuma-Pakwach'!J18+'[3]Avg Week Pakwach-Karuma'!J18 -> 0.28571429 | ... N18: ='[3]Avg Week Karuma-Pakwach'!N18+'[3]Avg Week Pakwach-Karuma'!N18 -> 0.42857143 | O18: =SUM(C18:L18,N18) -> 4.8809524 | P18: =SUM(C18:N18) -> 12.404762 | R18: 1500-1600 | S18: =SUM(C42:C45) -> 5.952381 | T18: =SUM(D42:D45) -> 2.2857143 | U18: =SUM(E42:E45) -> 10.642857 | V18: =SUM(F42:F45) -> 5.3095238 | W18: =SUM(G42:G45) -> 1.9285714 | X18: =SUM(H42:H45) -> 3 | Y18: =SUM(I42:I45) -> 4.1190476 | Z18: =SUM(J42:J45) -> 2.5 | ... AF18: =SUM(P42:P45) -> 82.166667
B19: 09.15 - 09.30 | C19: ='[3]Avg Week Karuma-Pakwach'!C19+'[3]Avg Week Pakwach-Karuma'!C19 -> 0.47619048 | D19: ='[3]Avg Week Karuma-Pakwach'!D19+'[3]Avg Week Pakwach-Karuma'!D19 -> 0.5952381 | E19: ='[3]Avg Week Karuma-Pakwach'!E19+'[3]Avg Week Pakwach-Karuma'!E19 -> 2.3809524 | F19: ='[3]Avg Week Karuma-Pakwach'!F19+'[3]Avg Week Pakwach-Karuma'!F19 -> 0.80952381 | G19: ='[3]Avg Week Karuma-Pakwach'!G19+'[3]Avg Week Pakwach-Karuma'!G19 -> 0.28571429 | H19: ='[3]Avg Week Karuma-Pakwach'!H19+'[3]Avg Week Pakwach-Karuma'!H19 -> 0.30952381 | I19: ='[3]Avg Week Karuma-Pakwach'!I19+'[3]Avg Week Pakwach-Karuma'!I19 -> 0.47619048 | J19: ='[3]Avg Week Karuma-Pakwach'!J19+'[3]Avg Week Pakwach-Karuma'!J19 -> 0.30952381 | ... N19: ='[3]Avg Week Karuma-Pakwach'!N19+'[3]Avg Week Pakwach-Karuma'!N19 -> 0 | O19: =SUM(C19:L19,N19) -> 7.3809524 | P19: =SUM(C19:N19) -> 14.166667 | R19: 1600-1700 | S19: =SUM(C46:C49) -> 6.1904762 | T19: =SUM(D46:D49) -> 2.7619048 | U19: =SUM(E46:E49) -> 10.357143 | V19: =SUM(F46:F49) -> 6.5238095 | W19: =SUM(G46:G49) -> 2.1666667 | X19: =SUM(H46:H49) -> 2.9285714 | Y19: =SUM(I46:I49) -> 4.7142857 | Z19: =SUM(J46:J49) -> 1.8571429 | ... AF19: =SUM(P46:P49) -> 81.642857
B20: 09.30 - 09.45 | C20: ='[3]Avg Week Karuma-Pakwach'!C20+'[3]Avg Week Pakwach-Karuma'!C20 -> 1.5952381 | D20: ='[3]Avg Week Karuma-Pakwach'!D20+'[3]Avg Week Pakwach-Karuma'!D20 -> 0.76190476 | E20: ='[3]Avg Week Karuma-Pakwach'!E20+'[3]Avg Week Pakwach-Karuma'!E20 -> 2.4047619 | F20: ='[3]Avg Week Karuma-Pakwach'!F20+'[3]Avg Week Pakwach-Karuma'!F20 -> 2.2380952 | G20: ='[3]Avg Week Karuma-Pakwach'!G20+'[3]Avg Week Pakwach-Karuma'!G20 -> 0 | H20: ='[3]Avg Week Karuma-Pakwach'!H20+'[3]Avg Week Pakwach-Karuma'!H20 -> 0.47619048 | I20: ='[3]Avg Week Karuma-Pakwach'!I20+'[3]Avg Week Pakwach-Karuma'!I20 -> 0.61904762 | J20: ='[3]Avg Week Karuma-Pakwach'!J20+'[3]Avg Week Pakwach-Karuma'!J20 -> 1.5952381 | ... N20: ='[3]Avg Week Karuma-Pakwach'!N20+'[3]Avg Week Pakwach-Karuma'!N20 -> 0.30952381 | O20: =SUM(C20:L20,N20) -> 11.452381 | P20: =SUM(C20:N20) -> 22.785714 | R20: 1700-1800 | S20: =SUM(C50:C53) -> 8.8571429 | T20: =SUM(D50:D53) -> 3.6666667 | U20: =SUM(E50:E53) -> 13.714286 | V20: =SUM(F50:F53) -> 5.9285714 | W20: =SUM(G50:G53) -> 1.8571429 | X20: =SUM(H50:H53) -> 2.5714286 | Y20: =SUM(I50:I53) -> 3.2857143 | Z20: =SUM(J50:J53) -> 4.047619 | ... AF20: =SUM(P50:P53) -> 85.333333
B21: 09.45 - 10.00 | C21: ='[3]Avg Week Karuma-Pakwach'!C21+'[3]Avg Week Pakwach-Karuma'!C21 -> 1.3333333 | D21: ='[3]Avg Week Karuma-Pakwach'!D21+'[3]Avg Week Pakwach-Karuma'!D21 -> 0.47619048 | E21: ='[3]Avg Week Karuma-Pakwach'!E21+'[3]Avg Week Pakwach-Karuma'!E21 -> 2.6666667 | F21: ='[3]Avg Week Karuma-Pakwach'!F21+'[3]Avg Week Pakwach-Karuma'!F21 -> 1.5238095 | G21: ='[3]Avg Week Karuma-Pakwach'!G21+'[3]Avg Week Pakwach-Karuma'!G21 -> 1.2619048 | H21: ='[3]Avg Week Karuma-Pakwach'!H21+'[3]Avg Week Pakwach-Karuma'!H21 -> 0.33333333 | I21: ='[3]Avg Week Karuma-Pakwach'!I21+'[3]Avg Week Pakwach-Karuma'!I21 -> 0.76190476 | J21: ='[3]Avg Week Karuma-Pakwach'!J21+'[3]Avg Week Pakwach-Karuma'!J21 -> 0.45238095 | ... N21: ='[3]Avg Week Karuma-Pakwach'!N21+'[3]Avg Week Pakwach-Karuma'!N21 -> 0 | O21: =SUM(C21:L21,N21) -> 10.214286 | P21: =SUM(C21:N21) -> 19.97619 | R21: 1800-1900 | S21: =SUM(C54:C57) -> 3.547619 | T21: =SUM(D54:D57) -> 1.452381 | U21: =SUM(E54:E57) -> 10.285714 | V21: =SUM(F54:F57) -> 3.9047619 | W21: =SUM(G54:G57) -> 2.047619 | X21: =SUM(H54:H57) -> 3.452381 | Y21: =SUM(I54:I57) -> 2.4761905 | Z21: =SUM(J54:J57) -> 1.5 | ... AF21: =SUM(P54:P57) -> 63.595238
B22: 10.00 - 10.15 | C22: ='[3]Avg Week Karuma-Pakwach'!C22+'[3]Avg Week Pakwach-Karuma'!C22 -> 1.2619048 | D22: ='[3]Avg Week Karuma-Pakwach'!D22+'[3]Avg Week Pakwach-Karuma'!D22 -> 0.30952381 | E22: ='[3]Avg Week Karuma-Pakwach'!E22+'[3]Avg Week Pakwach-Karuma'!E22 -> 2.2619048 | F22: ='[3]Avg Week Karuma-Pakwach'!F22+'[3]Avg Week Pakwach-Karuma'!F22 -> 1.4047619 | G22: ='[3]Avg Week Karuma-Pakwach'!G22+'[3]Avg Week Pakwach-Karuma'!G22 -> 0.64285714 | H22: ='[3]Avg Week Karuma-Pakwach'!H22+'[3]Avg Week Pakwach-Karuma'!H22 -> 0.5 | I22: ='[3]Avg Week Karuma-Pakwach'!I22+'[3]Avg Week Pakwach-Karuma'!I22 -> 1.3333333 | J22: ='[3]Avg Week Karuma-Pakwach'!J22+'[3]Avg Week Pakwach-Karuma'!J22 -> 0.57142857 | ... N22: ='[3]Avg Week Karuma-Pakwach'!N22+'[3]Avg Week Pakwach-Karuma'!N22 -> 0 | O22: =SUM(C22:L22,N22) -> 10.357143 | P22: =SUM(C22:N22) -> 16.380952 | R22: 1900-2000 | S22: =SUM(C58:C61) -> 2 | T22: =SUM(D58:D61) -> 0 | U22: =SUM(E58:E61) -> 5 | V22: =SUM(F58:F61) -> 1 | W22: =SUM(G58:G61) -> 0 | X22: =SUM(H58:H61) -> 0 | Y22: =SUM(I58:I61) -> 0 | Z22: =SUM(J58:J61) -> 2 | ... AF22: =SUM(P58:P61) -> 31
B23: 10.15 - 10.30 | C23: ='[3]Avg Week Karuma-Pakwach'!C23+'[3]Avg Week Pakwach-Karuma'!C23 -> 1.0952381 | D23: ='[3]Avg Week Karuma-Pakwach'!D23+'[3]Avg Week Pakwach-Karuma'!D23 -> 0.61904762 | E23: ='[3]Avg Week Karuma-Pakwach'!E23+'[3]Avg Week Pakwach-Karuma'!E23 -> 3.8571429 | F23: ='[3]Avg Week Karuma-Pakwach'!F23+'[3]Avg Week Pakwach-Karuma'!F23 -> 1.7380952 | G23: ='[3]Avg Week Karuma-Pakwach'!G23+'[3]Avg Week Pakwach-Karuma'!G23 -> 1.0952381 | H23: ='[3]Avg Week Karuma-Pakwach'!H23+'[3]Avg Week Pakwach-Karuma'!H23 -> 0.97619048 | I23: ='[3]Avg Week Karuma-Pakwach'!I23+'[3]Avg Week Pakwach-Karuma'!I23 -> 0.5 | J23: ='[3]Avg Week Karuma-Pakwach'!J23+'[3]Avg Week Pakwach-Karuma'!J23 -> 0.14285714 | ... N23: ='[3]Avg Week Karuma-Pakwach'!N23+'[3]Avg Week Pakwach-Karuma'!N23 -> 0.28571429 | O23: =SUM(C23:L23,N23) -> 12.261905 | P23: =SUM(C23:N23) -> 19.5 | R23: 2000-2100 | S23: =SUM(C62:C65) -> 1 | T23: =SUM(D62:D65) -> 0 | U23: =SUM(E62:E65) -> 7 | V23: =SUM(F62:F65) -> 1 | W23: =SUM(G62:G65) -> 1 | X23: =SUM(H62:H65) -> 0 | Y23: =SUM(I62:I65) -> 1 | Z23: =SUM(J62:J65) -> 3 | ... AF23: =SUM(P62:P65) -> 36
B24: 10.30 - 10.45 | C24: ='[3]Avg Week Karuma-Pakwach'!C24+'[3]Avg Week Pakwach-Karuma'!C24 -> 0.14285714 | D24: ='[3]Avg Week Karuma-Pakwach'!D24+'[3]Avg Week Pakwach-Karuma'!D24 -> 0.5952381 | E24: ='[3]Avg Week Karuma-Pakwach'!E24+'[3]Avg Week Pakwach-Karuma'!E24 -> 2.8571429 | F24: ='[3]Avg Week Karuma-Pakwach'!F24+'[3]Avg Week Pakwach-Karuma'!F24 -> 0.57142857 | G24: ='[3]Avg Week Karuma-Pakwach'!G24+'[3]Avg Week Pakwach-Karuma'!G24 -> 1.1190476 | H24: ='[3]Avg Week Karuma-Pakwach'!H24+'[3]Avg Week Pakwach-Karuma'!H24 -> 0.5 | I24: ='[3]Avg Week Karuma-Pakwach'!I24+'[3]Avg Week Pakwach-Karuma'!I24 -> 0.47619048 | J24: ='[3]Avg Week Karuma-Pakwach'!J24+'[3]Avg Week Pakwach-Karuma'!J24 -> 1.3333333 | ... N24: ='[3]Avg Week Karuma-Pakwach'!N24+'[3]Avg Week Pakwach-Karuma'!N24 -> 0.42857143 | O24: =SUM(C24:L24,N24) -> 9.547619 | P24: =SUM(C24:N24) -> 15.333333 | R24: 2100-2200 | S24: =SUM(C66:C69) -> 2 | T24: =SUM(D66:D69) -> 0 | U24: =SUM(E66:E69) -> 6 | V24: =SUM(F66:F69) -> 3 | W24: =SUM(G66:G69) -> 1 | X24: =SUM(H66:H69) -> 0 | Y24: =SUM(I66:I69) -> 0 | Z24: =SUM(J66:J69) -> 1 | ... AF24: =SUM(P66:P69) -> 43
B25: 10.45 - 11.00 | C25: ='[3]Avg Week Karuma-Pakwach'!C25+'[3]Avg Week Pakwach-Karuma'!C25 -> 0.57142857 | D25: ='[3]Avg Week Karuma-Pakwach'!D25+'[3]Avg Week Pakwach-Karuma'!D25 -> 0.47619048 | E25: ='[3]Avg Week Karuma-Pakwach'!E25+'[3]Avg Week Pakwach-Karuma'!E25 -> 2.9761905 | F25: ='[3]Avg Week Karuma-Pakwach'!F25+'[3]Avg Week Pakwach-Karuma'!F25 -> 1.7857143 | G25: ='[3]Avg Week Karuma-Pakwach'!G25+'[3]Avg Week Pakwach-Karuma'!G25 -> 0.5952381 | H25: ='[3]Avg Week Karuma-Pakwach'!H25+'[3]Avg Week Pakwach-Karuma'!H25 -> 1.5 | I25: ='[3]Avg Week Karuma-Pakwach'!I25+'[3]Avg Week Pakwach-Karuma'!I25 -> 1.4047619 | J25: ='[3]Avg Week Karuma-Pakwach'!J25+'[3]Avg Week Pakwach-Karuma'!J25 -> 0.57142857 | ... N25: ='[3]Avg Week Karuma-Pakwach'!N25+'[3]Avg Week Pakwach-Karuma'!N25 -> 0.14285714 | O25: =SUM(C25:L25,N25) -> 11.571429 | P25: =SUM(C25:N25) -> 17.261905 | R25: 2200-2300 | S25: =SUM(C70:C73) -> 2 | T25: =SUM(D70:D73) -> 0 | U25: =SUM(E70:E73) -> 8 | V25: =SUM(F70:F73) -> 3 | W25: =SUM(G70:G73) -> 1 | X25: =SUM(H70:H73) -> 2 | Y25: =SUM(I70:I73) -> 2 | Z25: =SUM(J70:J73) -> 2 | ... AF25: =SUM(P70:P73) -> 44
B26: 11.00 - 11.15 | C26: ='[3]Avg Week Karuma-Pakwach'!C26+'[3]Avg Week Pakwach-Karuma'!C26 -> 1.3333333 | D26: ='[3]Avg Week Karuma-Pakwach'!D26+'[3]Avg Week Pakwach-Karuma'!D26 -> 0.14285714 | E26: ='[3]Avg Week Karuma-Pakwach'!E26+'[3]Avg Week Pakwach-Karuma'!E26 -> 2.1190476 | F26: ='[3]Avg Week Karuma-Pakwach'!F26+'[3]Avg Week Pakwach-Karuma'!F26 -> 2.9047619 | G26: ='[3]Avg Week Karuma-Pakwach'!G26+'[3]Avg Week Pakwach-Karuma'!G26 -> 0.95238095 | H26: ='[3]Avg Week Karuma-Pakwach'!H26+'[3]Avg Week Pakwach-Karuma'!H26 -> 0.5 | I26: ='[3]Avg Week Karuma-Pakwach'!I26+'[3]Avg Week Pakwach-Karuma'!I26 -> 0.5952381 | J26: ='[3]Avg Week Karuma-Pakwach'!J26+'[3]Avg Week Pakwach-Karuma'!J26 -> 0.5 | ... N26: ='[3]Avg Week Karuma-Pakwach'!N26+'[3]Avg Week Pakwach-Karuma'!N26 -> 0.14285714 | O26: =SUM(C26:L26,N26) -> 11.047619 | P26: =SUM(C26:N26) -> 17.642857 | R26: 2300-0000 | S26: =SUM(C74:C77) -> 2 | T26: =SUM(D74:D77) -> 2 | U26: =SUM(E74:E77) -> 8.5 | V26: =SUM(F74:F77) -> 4.5 | W26: =SUM(G74:G77) -> 2 | X26: =SUM(H74:H77) -> 3 | Y26: =SUM(I74:I77) -> 2.5 | Z26: =SUM(J74:J77) -> 0 | ... AF26: =SUM(P74:P77) -> 48
B27: 11.15 - 11.30 | C27: ='[3]Avg Week Karuma-Pakwach'!C27+'[3]Avg Week Pakwach-Karuma'!C27 -> 0.9047619 | D27: ='[3]Avg Week Karuma-Pakwach'!D27+'[3]Avg Week Pakwach-Karuma'!D27 -> 0.28571429 | E27: ='[3]Avg Week Karuma-Pakwach'!E27+'[3]Avg Week Pakwach-Karuma'!E27 -> 2.0714286 | F27: ='[3]Avg Week Karuma-Pakwach'!F27+'[3]Avg Week Pakwach-Karuma'!F27 -> 1.1428571 | G27: ='[3]Avg Week Karuma-Pakwach'!G27+'[3]Avg Week Pakwach-Karuma'!G27 -> 1.1190476 | H27: ='[3]Avg Week Karuma-Pakwach'!H27+'[3]Avg Week Pakwach-Karuma'!H27 -> 0.83333333 | I27: ='[3]Avg Week Karuma-Pakwach'!I27+'[3]Avg Week Pakwach-Karuma'!I27 -> 1.5 | J27: ='[3]Avg Week Karuma-Pakwach'!J27+'[3]Avg Week Pakwach-Karuma'!J27 -> 0.61904762 | ... N27: ='[3]Avg Week Karuma-Pakwach'!N27+'[3]Avg Week Pakwach-Karuma'!N27 -> 0.30952381 | O27: =SUM(C27:L27,N27) -> 10.261905 | P27: =SUM(C27:N27) -> 18 | R27: 0000-0100 | S27: =SUM(C78:C81) -> 2 | T27: =SUM(D78:D81) -> 0 | U27: =SUM(E78:E81) -> 6 | V27: =SUM(F78:F81) -> 2.5 | W27: =SUM(G78:G81) -> 0 | X27: =SUM(H78:H81) -> 0 | Y27: =SUM(I78:I81) -> 0 | Z27: =SUM(J78:J81) -> 0 | ... AF27: =SUM(P78:P81) -> 28
B28: 11.30 - 11.45 | C28: ='[3]Avg Week Karuma-Pakwach'!C28+'[3]Avg Week Pakwach-Karuma'!C28 -> 1.5238095 | D28: ='[3]Avg Week Karuma-Pakwach'!D28+'[3]Avg Week Pakwach-Karuma'!D28 -> 0.80952381 | E28: ='[3]Avg Week Karuma-Pakwach'!E28+'[3]Avg Week Pakwach-Karuma'!E28 -> 3.7380952 | F28: ='[3]Avg Week Karuma-Pakwach'!F28+'[3]Avg Week Pakwach-Karuma'!F28 -> 0.47619048 | G28: ='[3]Avg Week Karuma-Pakwach'!G28+'[3]Avg Week Pakwach-Karuma'!G28 -> 0.73809524 | H28: ='[3]Avg Week Karuma-Pakwach'!H28+'[3]Avg Week Pakwach-Karuma'!H28 -> 0.30952381 | I28: ='[3]Avg Week Karuma-Pakwach'!I28+'[3]Avg Week Pakwach-Karuma'!I28 -> 0.47619048 | J28: ='[3]Avg Week Karuma-Pakwach'!J28+'[3]Avg Week Pakwach-Karuma'!J28 -> 0.30952381 | ... N28: ='[3]Avg Week Karuma-Pakwach'!N28+'[3]Avg Week Pakwach-Karuma'!N28 -> 0.28571429 | O28: =SUM(C28:L28,N28) -> 10.761905 | P28: =SUM(C28:N28) -> 17.595238 | R28: 0100-0200 | S28: =SUM(C82:C85) -> 4 | T28: =SUM(D82:D85) -> 0 | U28: =SUM(E82:E85) -> 5.5 | V28: =SUM(F82:F85) -> 2.5 | W28: =SUM(G82:G85) -> 0 | X28: =SUM(H82:H85) -> 0 | Y28: =SUM(I82:I85) -> 1.5 | Z28: =SUM(J82:J85) -> 0 | ... AF28: =SUM(P82:P85) -> 34
B29: 11.45 - 12.00 | C29: ='[3]Avg Week Karuma-Pakwach'!C29+'[3]Avg Week Pakwach-Karuma'!C29 -> 0.64285714 | D29: ='[3]Avg Week Karuma-Pakwach'!D29+'[3]Avg Week Pakwach-Karuma'!D29 -> 1 | E29: ='[3]Avg Week Karuma-Pakwach'!E29+'[3]Avg Week Pakwach-Karuma'!E29 -> 3.8809524 | F29: ='[3]Avg Week Karuma-Pakwach'!F29+'[3]Avg Week Pakwach-Karuma'!F29 -> 2.2857143 | G29: ='[3]Avg Week Karuma-Pakwach'!G29+'[3]Avg Week Pakwach-Karuma'!G29 -> 1.5238095 | H29: ='[3]Avg Week Karuma-Pakwach'!H29+'[3]Avg Week Pakwach-Karuma'!H29 -> 2.1428571 | I29: ='[3]Avg Week Karuma-Pakwach'!I29+'[3]Avg Week Pakwach-Karuma'!I29 -> 1.6904762 | J29: ='[3]Avg Week Karuma-Pakwach'!J29+'[3]Avg Week Pakwach-Karuma'!J29 -> 0.9047619 | ... N29: ='[3]Avg Week Karuma-Pakwach'!N29+'[3]Avg Week Pakwach-Karuma'!N29 -> 0 | O29: =SUM(C29:L29,N29) -> 15.261905 | P29: =SUM(C29:N29) -> 22.095238 | R29: 0200-0300 | S29: =SUM(C86:C89) -> 3.5 | T29: =SUM(D86:D89) -> 2 | U29: =SUM(E86:E89) -> 10 | V29: =SUM(F86:F89) -> 3.5 | W29: =SUM(G86:G89) -> 1 | X29: =SUM(H86:H89) -> 3 | Y29: =SUM(I86:I89) -> 1.5 | Z29: =SUM(J86:J89) -> 0.5 | ... AF29: =SUM(P86:P89) -> 48
B30: 12.00 - 12.15 | C30: ='[3]Avg Week Karuma-Pakwach'!C30+'[3]Avg Week Pakwach-Karuma'!C30 -> 0.95238095 | D30: ='[3]Avg Week Karuma-Pakwach'!D30+'[3]Avg Week Pakwach-Karuma'!D30 -> 0.42857143 | E30: ='[3]Avg Week Karuma-Pakwach'!E30+'[3]Avg Week Pakwach-Karuma'!E30 -> 2.3571429 | F30: ='[3]Avg Week Karuma-Pakwach'!F30+'[3]Avg Week Pakwach-Karuma'!F30 -> 1.5 | G30: ='[3]Avg Week Karuma-Pakwach'!G30+'[3]Avg Week Pakwach-Karuma'!G30 -> 0 | H30: ='[3]Avg Week Karuma-Pakwach'!H30+'[3]Avg Week Pakwach-Karuma'!H30 -> 0.33333333 | I30: ='[3]Avg Week Karuma-Pakwach'!I30+'[3]Avg Week Pakwach-Karuma'!I30 -> 0 | J30: ='[3]Avg Week Karuma-Pakwach'!J30+'[3]Avg Week Pakwach-Karuma'!J30 -> 0.16666667 | ... N30: ='[3]Avg Week Karuma-Pakwach'!N30+'[3]Avg Week Pakwach-Karuma'!N30 -> 0.14285714 | O30: =SUM(C30:L30,N30) -> 6.8095238 | P30: =SUM(C30:N30) -> 12.095238 | R30: 0300-0400 | S30: =SUM(C90:C93) -> 4.5 | T30: =SUM(D90:D93) -> 0 | U30: =SUM(E90:E93) -> 7 | V30: =SUM(F90:F93) -> 2.5 | W30: =SUM(G90:G93) -> 0 | X30: =SUM(H90:H93) -> 0.5 | Y30: =SUM(I90:I93) -> 1.5 | Z30: =SUM(J90:J93) -> 1 | ... AF30: =SUM(P90:P93) -> 42.5
B31: 12.15 - 12.30 | C31: ='[3]Avg Week Karuma-Pakwach'!C31+'[3]Avg Week Pakwach-Karuma'!C31 -> 1.1904762 | D31: ='[3]Avg Week Karuma-Pakwach'!D31+'[3]Avg Week Pakwach-Karuma'!D31 -> 0.47619048 | E31: ='[3]Avg Week Karuma-Pakwach'!E31+'[3]Avg Week Pakwach-Karuma'!E31 -> 3.6904762 | F31: ='[3]Avg Week Karuma-Pakwach'!F31+'[3]Avg Week Pakwach-Karuma'!F31 -> 0.5952381 | G31: ='[3]Avg Week Karuma-Pakwach'!G31+'[3]Avg Week Pakwach-Karuma'!G31 -> 0 | H31: ='[3]Avg Week Karuma-Pakwach'!H31+'[3]Avg Week Pakwach-Karuma'!H31 -> 0.5 | I31: ='[3]Avg Week Karuma-Pakwach'!I31+'[3]Avg Week Pakwach-Karuma'!I31 -> 0.30952381 | J31: ='[3]Avg Week Karuma-Pakwach'!J31+'[3]Avg Week Pakwach-Karuma'!J31 -> 0.64285714 | ... N31: ='[3]Avg Week Karuma-Pakwach'!N31+'[3]Avg Week Pakwach-Karuma'!N31 -> 0.14285714 | O31: =SUM(C31:L31,N31) -> 7.9761905 | P31: =SUM(C31:N31) -> 12.5 | R31: 0400-0500 | S31: =SUM(C94:C97) -> 3.5 | T31: =SUM(D94:D97) -> 1 | U31: =SUM(E94:E97) -> 6.5 | V31: =SUM(F94:F97) -> 3.5 | W31: =SUM(G94:G97) -> 0 | X31: =SUM(H94:H97) -> 2 | Y31: =SUM(I94:I97) -> 2.5 | Z31: =SUM(J94:J97) -> 0 | ... AF31: =SUM(P94:P97) -> 48.5
B32: 12.30 - 12.45 | C32: ='[3]Avg Week Karuma-Pakwach'!C32+'[3]Avg Week Pakwach-Karuma'!C32 -> 1.0714286 | D32: ='[3]Avg Week Karuma-Pakwach'!D32+'[3]Avg Week Pakwach-Karuma'!D32 -> 0.14285714 | E32: ='[3]Avg Week Karuma-Pakwach'!E32+'[3]Avg Week Pakwach-Karuma'!E32 -> 2.5238095 | F32: ='[3]Avg Week Karuma-Pakwach'!F32+'[3]Avg Week Pakwach-Karuma'!F32 -> 1.6904762 | G32: ='[3]Avg Week Karuma-Pakwach'!G32+'[3]Avg Week Pakwach-Karuma'!G32 -> 0.64285714 | H32: ='[3]Avg Week Karuma-Pakwach'!H32+'[3]Avg Week Pakwach-Karuma'!H32 -> 0.30952381 | I32: ='[3]Avg Week Karuma-Pakwach'!I32+'[3]Avg Week Pakwach-Karuma'!I32 -> 0.33333333 | J32: ='[3]Avg Week Karuma-Pakwach'!J32+'[3]Avg Week Pakwach-Karuma'!J32 -> 0.30952381 | ... N32: ='[3]Avg Week Karuma-Pakwach'!N32+'[3]Avg Week Pakwach-Karuma'!N32 -> 0.64285714 | O32: =SUM(C32:L32,N32) -> 8.8333333 | P32: =SUM(C32:N32) -> 15.642857 | R32: 0500-0600 | S32: =SUM(C98:C101) -> 7.5 | T32: =SUM(D98:D101) -> 3 | U32: =SUM(E98:E101) -> 12.5 | V32: =SUM(F98:F101) -> 5 | W32: =SUM(G98:G101) -> 0 | X32: =SUM(H98:H101) -> 2 | Y32: =SUM(I98:I101) -> 1 | Z32: =SUM(J98:J101) -> 2 | ... AF32: =SUM(P98:P101) -> 65.5
B33: 12.45 - 13.00 | C33: ='[3]Avg Week Karuma-Pakwach'!C33+'[3]Avg Week Pakwach-Karuma'!C33 -> 1.2380952 | D33: ='[3]Avg Week Karuma-Pakwach'!D33+'[3]Avg Week Pakwach-Karuma'!D33 -> 0.42857143 | E33: ='[3]Avg Week Karuma-Pakwach'!E33+'[3]Avg Week Pakwach-Karuma'!E33 -> 2.7380952 | F33: ='[3]Avg Week Karuma-Pakwach'!F33+'[3]Avg Week Pakwach-Karuma'!F33 -> 1.2380952 | G33: ='[3]Avg Week Karuma-Pakwach'!G33+'[3]Avg Week Pakwach-Karuma'!G33 -> 0.76190476 | H33: ='[3]Avg Week Karuma-Pakwach'!H33+'[3]Avg Week Pakwach-Karuma'!H33 -> 0.76190476 | I33: ='[3]Avg Week Karuma-Pakwach'!I33+'[3]Avg Week Pakwach-Karuma'!I33 -> 0.47619048 | J33: ='[3]Avg Week Karuma-Pakwach'!J33+'[3]Avg Week Pakwach-Karuma'!J33 -> 0.30952381 | ... N33: ='[3]Avg Week Karuma-Pakwach'!N33+'[3]Avg Week Pakwach-Karuma'!N33 -> 0.30952381 | O33: =SUM(C33:L33,N33) -> 9.8333333 | P33: =SUM(C33:N33) -> 17.333333 | R33: 0600-0700 | S33: =SUM(C102:C105) -> 3.5 | T33: =SUM(D102:D105) -> 0 | U33: =SUM(E102:E105) -> 10.5 | V33: =SUM(F102:F105) -> 2.5 | W33: =SUM(G102:G105) -> 0 | X33: =SUM(H102:H105) -> 2 | Y33: =SUM(I102:I105) -> 1 | Z33: =SUM(J102:J105) -> 1 | ... AF33: =SUM(P102:P105) -> 54
B34: 13.00 - 13.15 | C34: ='[3]Avg Week Karuma-Pakwach'!C34+'[3]Avg Week Pakwach-Karuma'!C34 -> 1.4047619 | D34: ='[3]Avg Week Karuma-Pakwach'!D34+'[3]Avg Week Pakwach-Karuma'!D34 -> 0.76190476 | E34: ='[3]Avg Week Karuma-Pakwach'!E34+'[3]Avg Week Pakwach-Karuma'!E34 -> 2.8571429 | F34: ='[3]Avg Week Karuma-Pakwach'!F34+'[3]Avg Week Pakwach-Karuma'!F34 -> 1.2380952 | G34: ='[3]Avg Week Karuma-Pakwach'!G34+'[3]Avg Week Pakwach-Karuma'!G34 -> 0.28571429 | H34: ='[3]Avg Week Karuma-Pakwach'!H34+'[3]Avg Week Pakwach-Karuma'!H34 -> 0.14285714 | I34: ='[3]Avg Week Karuma-Pakwach'!I34+'[3]Avg Week Pakwach-Karuma'!I34 -> 0.5952381 | J34: ='[3]Avg Week Karuma-Pakwach'!J34+'[3]Avg Week Pakwach-Karuma'!J34 -> 0 | ... N34: ='[3]Avg Week Karuma-Pakwach'!N34+'[3]Avg Week Pakwach-Karuma'!N34 -> 0.47619048 | O34: =SUM(C34:L34,N34) -> 9.2380952 | P34: =SUM(C34:N34) -> 18.642857 | R34: AM Peak Hr | S34: =MAX(S10:S12) -> 3.9285714 | T34: =MAX(T10:T12) -> 1.8333333 | U34: =MAX(U10:U12) -> 8.5238095 | V34: =MAX(V10:V12) -> 5.1904762 | W34: =MAX(W10:W12) -> 1.6904762 | X34: =MAX(X10:X12) -> 1.1190476 | Y34: =MAX(Y10:Y12) -> 2.9761905 | Z34: =MAX(Z10:Z12) -> 3.7857143 | ... AF34: =MAX(AF10:AF12) -> 69.333333
B35: 13.15 - 13.30 | C35: ='[3]Avg Week Karuma-Pakwach'!C35+'[3]Avg Week Pakwach-Karuma'!C35 -> 2.3571429 | D35: ='[3]Avg Week Karuma-Pakwach'!D35+'[3]Avg Week Pakwach-Karuma'!D35 -> 0 | E35: ='[3]Avg Week Karuma-Pakwach'!E35+'[3]Avg Week Pakwach-Karuma'!E35 -> 1.5238095 | F35: ='[3]Avg Week Karuma-Pakwach'!F35+'[3]Avg Week Pakwach-Karuma'!F35 -> 2.0238095 | G35: ='[3]Avg Week Karuma-Pakwach'!G35+'[3]Avg Week Pakwach-Karuma'!G35 -> 0.16666667 | H35: ='[3]Avg Week Karuma-Pakwach'!H35+'[3]Avg Week Pakwach-Karuma'!H35 -> 0.47619048 | I35: ='[3]Avg Week Karuma-Pakwach'!I35+'[3]Avg Week Pakwach-Karuma'!I35 -> 0.78571429 | J35: ='[3]Avg Week Karuma-Pakwach'!J35+'[3]Avg Week Pakwach-Karuma'!J35 -> 0.57142857 | ... N35: ='[3]Avg Week Karuma-Pakwach'!N35+'[3]Avg Week Pakwach-Karuma'!N35 -> 0.28571429 | O35: =SUM(C35:L35,N35) -> 11.071429 | P35: =SUM(C35:N35) -> 15.404762 | R35: IP Peak Hr | S35: =MAX(S13:S18) -> 6.1428571 | T35: =MAX(T13:T18) -> 3.1428571 | U35: =MAX(U13:U18) -> 13.880952 | V35: =MAX(V13:V18) -> 6.8095238 | W35: =MAX(W13:W18) -> 4.3333333 | X35: =MAX(X13:X18) -> 4.8333333 | Y35: =MAX(Y13:Y18) -> 4.2619048 | Z35: =MAX(Z13:Z18) -> 2.6190476 | ... AF35: =MAX(AF13:AF18) -> 82.166667
