Workbook
Name Veh_Type: 'PT-12'!$C$9:$C$37
Name zones: #REF!
Name zones: #REF!
Name Zones_Ndeke: #REF!
Name Zones_Ndeke: #REF!

Sheet PT-12
B1: Consultancy services for Preparation of Expressway Development Master Plan (EDMP) for Uganda
B2: Public Transport/Bus Surveys
B4: Date: | D4: 18.10.19 | G4: Location | H4: Around total(Masaka) | J4: Coded By: | K4: Isaac A. | N4: Chkd By: | O4: Bakole. D.M
B5: Enumerator: | D5: Julius Rwothomio | G5: Supervisor: | H5: Dennis
B7: Time | C7: Veh_Type | D7: Type of Veh. | E7: Veh_Reg_No. | F7: IN / OUT | G7: Origin_Address | J7: Destination_Address | M7: No. Passengers | N7: Cost of Trip (UGX) | O7: Approx_Journey Time (Hrs)
G8: Town | H8: District | I8: Country | J8: Town | K8: District | L8: Journey_Desc
B9: 0.58333333 | C9: 6 | D9: =IF(C9="", "",VLOOKUP(C9,Key!$A$5:$B$7,2,FALSE)) -> Large Bus | E9: UAT 544P | F9: out | G9: Ntungamo | H9: Ntungamo | I9: Uga | J9: Kampala | K9: Kampala | L9: =H9&"-"&K9 -> Ntungamo-Kampala | M9: 64 | N9: 21000 | O9: 5.5
B10: 0.59652778 | C10: 6 | D10: =IF(C10="", "",VLOOKUP(C10,Key!$A$5:$B$7,2,FALSE)) -> Large Bus | E10: UBE 987E | F10: out | G10: Ibanda | H10: Ibanda | I10: Uga | J10: Kampala | K10: Kampala | L10: =H10&"-"&K10 -> Ibanda-Kampala | M10: 64 | N10: 21000 | O10: 5.15
B11: 0.61527778 | C11: 6 | D11: =IF(C11="", "",VLOOKUP(C11,Key!$A$5:$B$7,2,FALSE)) -> Large Bus | E11: UBB 145N | F11: out | G11: Ibanda | H11: Ibanda | I11: Uga | J11: Kampala | K11: Kampala | L11: =H11&"-"&K11 -> Ibanda-Kampala | M11: 50 | N11: 21000 | O11: 5.15
B12: 0.63680556 | C12: 6 | D12: =IF(C12="", "",VLOOKUP(C12,Key!$A$5:$B$7,2,FALSE)) -> Large Bus | E12: UBB 660U | F12: out | G12: Ishaka | H12: Bushenyi | I12: Uga | J12: Kampala | K12: Kampala | L12: =H12&"-"&K12 -> Bushenyi-Kampala | M12: 64 | N12: 21000 | O12: 5.5
B13: 0.64722222 | C13: 6 | D13: =IF(C13="", "",VLOOKUP(C13,Key!$A$5:$B$7,2,FALSE)) -> Large Bus | E13: UAS 100S | F13: out | G13: Mbarara | H13: Mbarara | I13: Uga | J13: Kampala | K13: Kampala | L13: =H13&"-"&K13 -> Mbarara-Kampala | M13: 64 | N13: 20000 | O13: 4.75
B14: 0.65763889 | C14: 6 | D14: =IF(C14="", "",VLOOKUP(C14,Key!$A$5:$B$7,2,FALSE)) -> Large Bus | E14: UAS 505F | F14: out | G14: Rukungiri | H14: Rukungiri | I14: Uga | J14: Kampala | K14: Kampala | L14: =H14&"-"&K14 -> Rukungiri-Kampala | M14: 64 | N14: 21000 | O14: 6.25
B15: 0.68194444 | C15: 6 | D15: =IF(C15="", "",VLOOKUP(C15,Key!$A$5:$B$7,2,FALSE)) -> Large Bus | E15: UBE 963N | F15: out | G15: Kabale | H15: Kabale | I15: Uga | J15: Kampala | K15: Kampala | L15: =H15&"-"&K15 -> Kabale-Kampala | M15: 64 | N15: 35000 | O15: 6.75
B16: 0.68611111 | C16: 6 | D16: =IF(C16="", "",VLOOKUP(C16,Key!$A$5:$B$7,2,FALSE)) -> Large Bus | E16: UAZ 348X | F16: out | G16: Mbarara | H16: Mbarara | I16: Uga | J16: Kampala | K16: Kampala | L16: =H16&"-"&K16 -> Mbarara-Kampala | M16: 64 | N16: 20000 | O16: 4.75
B17: 0.69930556 | C17: 6 | D17: =IF(C17="", "",VLOOKUP(C17,Key!$A$5:$B$7,2,FALSE)) -> Large Bus | E17: UBE 651X | F17: out | G17: Ishaka | H17: Bushenyi | I17: Uga | J17: Kampala | K17: Kampala | L17: =H17&"-"&K17 -> Bushenyi-Kampala | M17: 64 | N17: 21000 | O17: 5.5
B18: 0.70555556 | C18: 6 | D18: =IF(C18="", "",VLOOKUP(C18,Key!$A$5:$B$7,2,FALSE)) -> Large Bus | E18: UBF 401T | F18: out | G18: Bushenyi | H18: Bushenyi | I18: Uga | J18: Kampala | K18: Kampala | L18: =H18&"-"&K18 -> Bushenyi-Kampala | M18: 67 | N18: 21000 | O18: 5.5
B19: 0.70902778 | C19: 6 | D19: =IF(C19="", "",VLOOKUP(C19,Key!$A$5:$B$7,2,FALSE)) -> Large Bus | E19: UBF 405R | F19: out | G19: Kabale | H19: Kabale | I19: Uga | J19: Kampala | K19: Kampala | L19: =H19&"-"&K19 -> Kabale-Kampala | M19: 64 | N19: 35000 | O19: 6.75
B20: 0.72083333 | C20: 6 | D20: =IF(C20="", "",VLOOKUP(C20,Key!$A$5:$B$7,2,FALSE)) -> Large Bus | E20: UBE 291Z | F20: out | G20: Mbarara | H20: Mbarara | I20: Uga | J20: Kampala | K20: Kampala | L20: =H20&"-"&K20 -> Mbarara-Kampala | M20: 64 | N20: 20000 | O20: 4.75
... B91: 0.8125 | C91: 6 | D91: =IF(C91="", "",VLOOKUP(C91,Key!$A$5:$B$7,2,FALSE)) -> Large Bus | E91: UAW 446Y | F91: in | G91: Kampala | H91: kampala | I91: Uga | J91: Mbarara | K91: Mbarara | L91: =H91&"-"&K91 -> kampala-Mbarara | M91: 64 | N91: 20000 | O91: 4.75

Sheet RSI FORM
B1: Feasibility Study and Detailed Design of Kampala - Jinja Highway
B2: Roadside OD Interview Survey
B4: Date: | C4: 40465 | D4: Interviewer: | G4: Survey Station: | H4: Bweyogerere | J4: Direction: | K4: Bweyogerere-Kireka | L4: Coded By: | N4: Chkd By:
B7: Time Period | C7: Veh_Type | D7: Veh_Other | E7: Occupancy | F7: Origin_Address | H7: Origin_Purpose | I7: Origin_other | J7: Destination_Address | L7: Destination_Purpose | M7: Destination_Other | N7: Origin_Zone | O7: Dest_Zone | P7: WTP
F8: Village/Town | G8: City/Country | J8: Village/Town | K8: City/Country
B9: AM | C9: 3 | E9: 2 | F9: Entebbe | G9: Kla, Ug | H9: 1 | J9: Kla | K9: Kla, Ug | L9: 2 | N9: Blank | O9: Blank | P9: Yes | Q9: 3000
B10: AM | C10: 1 | E10: 1 | F10: Kiwanga | G10: Kla, Ug | H10: 1 | J10: Kla | K10: Kla, Ug | L10: 2 | N10: Blank | O10: Blank | P10: Yes | Q10: 2000
B11: AM | E11: 1 | F11: Bukoto | G11: Kla, Ug | H11: 3 | J11: Kla | K11: Kla, Ug | L11: 1 | N11: Blank | O11: Blank
B12: AM
B13: AM
B14: AM
B15: AM
B16: AM
B17: AM
B18: AM
B19: AM
B20: AM
B21: AM
B22: AM
B23: AM
... B53: AM

Sheet Summary
B2: BUS OPERATIONS AT MASAKA
D4: BUS JOURNEY | J4: PASSENGER DETAILS
B5: STATION | C5: DIRECTION | D5: ORIGIN | E5: DESTINATION | F5: ROUTE ID | G5: BUS TRIPS / DAY | H5: JOURNEY DISTANCE (KM) | I5: JOURNEY TIME/ TRIP (HRS) | J5: EST. PAX/ BUS | K5: AVERAGE PAX FARE (UGX)
B6: MASAKA | C6: FROM KAMPALA | D6: KAMPALA | E6: RUKUNGIRI | F6: =D6&"-"&E6 -> KAMPALA-RUKUNGIRI | G6: =ROUNDUP(COUNTIF('PT-12'!$L$9:$L$231,Summary!F6),0) -> 7 | H6: 382 | I6: =AVERAGEIF('PT-12'!$L$9:$L$231,Summary!F6,'PT-12'!$O$9:$O$231) -> 6.25 | J6: =AVERAGEIF('PT-12'!$L$9:$L$231,Summary!F6,'PT-12'!$M$9:$M$231) -> 62.571429 | K6: =AVERAGEIF('PT-12'!$L$9:$L$231,Summary!F6,'PT-12'!$N$9:$N$231) -> 24000
B7: MASAKA | C7: FROM KAMPALA | D7: KAMPALA | E7: BUSHENYI | F7: =D7&"-"&E7 -> KAMPALA-BUSHENYI | G7: =ROUNDUP(COUNTIF('PT-12'!$L$9:$L$231,Summary!F7),0) -> 1 | H7: 331 | I7: =AVERAGEIF('PT-12'!$L$9:$L$231,Summary!F7,'PT-12'!$O$9:$O$231) -> 5.5 | J7: =AVERAGEIF('PT-12'!$L$9:$L$231,Summary!F7,'PT-12'!$M$9:$M$231) -> 64 | K7: =AVERAGEIF('PT-12'!$L$9:$L$231,Summary!F7,'PT-12'!$N$9:$N$231) -> 24000
B8: MASAKA | C8: FROM KAMPALA | D8: KAMPALA | E8: IBANDA | F8: =D8&"-"&E8 -> KAMPALA-IBANDA | G8: =ROUNDUP(COUNTIF('PT-12'!$L$9:$L$231,Summary!F8),0) -> 4 | H8: 310 | I8: =AVERAGEIF('PT-12'!$L$9:$L$231,Summary!F8,'PT-12'!$O$9:$O$231) -> 5.15 | J8: =AVERAGEIF('PT-12'!$L$9:$L$231,Summary!F8,'PT-12'!$M$9:$M$231) -> 54.5 | K8: =AVERAGEIF('PT-12'!$L$9:$L$231,Summary!F8,'PT-12'!$N$9:$N$231) -> 21000
B9: MASAKA | C9: FROM KAMPALA | D9: KAMPALA | E9: ISHAKA | F9: =D9&"-"&E9 -> KAMPALA-ISHAKA | G9: =ROUNDUP(COUNTIF('PT-12'!$L$9:$L$231,Summary!F9),0) -> 12 | H9: 328 | I9: =AVERAGEIF('PT-12'!$L$9:$L$231,Summary!F9,'PT-12'!$O$9:$O$231) -> 5.26 | J9: =AVERAGEIF('PT-12'!$L$9:$L$231,Summary!F9,'PT-12'!$M$9:$M$231) -> 60.583333 | K9: =AVERAGEIF('PT-12'!$L$9:$L$231,Summary!F9,'PT-12'!$N$9:$N$231) -> 20000
B10: MASAKA | C10: FROM KAMPALA | D10: KAMPALA | E10: KABALE | F10: =D10&"-"&E10 -> KAMPALA-KABALE | G10: =ROUNDUP(COUNTIF('PT-12'!$L$9:$L$231,Summary!F10),0) -> 6 | H10: 410 | I10: =AVERAGEIF('PT-12'!$L$9:$L$231,Summary!F10,'PT-12'!$O$9:$O$231) -> 6.75 | J10: =AVERAGEIF('PT-12'!$L$9:$L$231,Summary!F10,'PT-12'!$M$9:$M$231) -> 55.333333 | K10: =AVERAGEIF('PT-12'!$L$9:$L$231,Summary!F10,'PT-12'!$N$9:$N$231) -> 35000
B11: MASAKA | C11: FROM KAMPALA | D11: KAMPALA | E11: KATETE | F11: =D11&"-"&E11 -> KAMPALA-KATETE | G11: =ROUNDUP(COUNTIF('PT-12'!$L$9:$L$231,Summary!F11),0) -> 1 | H11: 418 | I11: =AVERAGEIF('PT-12'!$L$9:$L$231,Summary!F11,'PT-12'!$O$9:$O$231) -> 7.5 | J11: =AVERAGEIF('PT-12'!$L$9:$L$231,Summary!F11,'PT-12'!$M$9:$M$231) -> 64 | K11: =AVERAGEIF('PT-12'!$L$9:$L$231,Summary!F11,'PT-12'!$N$9:$N$231) -> 35000
B12: MASAKA | C12: FROM KAMPALA | D12: KAMPALA | E12: KIGALI | F12: =D12&"-"&E12 -> KAMPALA-KIGALI | G12: =ROUNDUP(COUNTIF('PT-12'!$L$9:$L$231,Summary!F12),0) -> 1 | H12: 510 | I12: =AVERAGEIF('PT-12'!$L$9:$L$231,Summary!F12,'PT-12'!$O$9:$O$231) -> 8.5 | J12: =AVERAGEIF('PT-12'!$L$9:$L$231,Summary!F12,'PT-12'!$M$9:$M$231) -> 64 | K12: =AVERAGEIF('PT-12'!$L$9:$L$231,Summary!F12,'PT-12'!$N$9:$N$231) -> 50000
B13: MASAKA | C13: FROM KAMPALA | D13: KAMPALA | E13: MBARARA | F13: =D13&"-"&E13 -> KAMPALA-MBARARA | G13: =ROUNDUP(COUNTIF('PT-12'!$L$9:$L$231,Summary!F13),0) -> 8 | H13: 270 | I13: =AVERAGEIF('PT-12'!$L$9:$L$231,Summary!F13,'PT-12'!$O$9:$O$231) -> 4.75 | J13: =AVERAGEIF('PT-12'!$L$9:$L$231,Summary!F13,'PT-12'!$M$9:$M$231) -> 58.75 | K13: =AVERAGEIF('PT-12'!$L$9:$L$231,Summary!F13,'PT-12'!$N$9:$N$231) -> 20000
B14: MASAKA | C14: FROM KAMPALA | D14: KAMPALA | E14: NTUNGAMO | F14: =D14&"-"&E14 -> KAMPALA-NTUNGAMO | G14: =ROUNDUP(COUNTIF('PT-12'!$L$9:$L$231,Summary!F14),0) -> 10 | H14: 332 | I14: =AVERAGEIF('PT-12'!$L$9:$L$231,Summary!F14,'PT-12'!$O$9:$O$231) -> 5.5 | J14: =AVERAGEIF('PT-12'!$L$9:$L$231,Summary!F14,'PT-12'!$M$9:$M$231) -> 55.6 | K14: =AVERAGEIF('PT-12'!$L$9:$L$231,Summary!F14,'PT-12'!$N$9:$N$231) -> 25000
B15: MASAKA | C15: FROM KAMPALA | D15: KAMPALA | E15: LYANTODE | F15: =D15&"-"&E15 -> KAMPALA-LYANTODE | G15: =ROUNDUP(COUNTIF('PT-12'!$L$9:$L$231,Summary!F15),0) -> 1 | H15: 203 | I15: =AVERAGEIF('PT-12'!$L$9:$L$231,Summary!F15,'PT-12'!$O$9:$O$231) -> 3.75 | J15: =AVERAGEIF('PT-12'!$L$9:$L$231,Summary!F15,'PT-12'!$M$9:$M$231) -> 64 | K15: =AVERAGEIF('PT-12'!$L$9:$L$231,Summary!F15,'PT-12'!$N$9:$N$231) -> 20000
B16: MASAKA | C16: TO KAMPALA | D16: BUSHENYI | E16: KAMPALA | F16: =D16&"-"&E16 -> BUSHENYI-KAMPALA | G16: =ROUNDUP(COUNTIF('PT-12'!$L$9:$L$231,Summary!F16),0) -> 6 | H16: 331 | I16: =AVERAGEIF('PT-12'!$L$9:$L$231,Summary!F16,'PT-12'!$O$9:$O$231) -> 5.5 | J16: =AVERAGEIF('PT-12'!$L$9:$L$231,Summary!F16,'PT-12'!$M$9:$M$231) -> 58.833333 | K16: =AVERAGEIF('PT-12'!$L$9:$L$231,Summary!F16,'PT-12'!$N$9:$N$231) -> 21000
B17: MASAKA | C17: TO KAMPALA | D17: IBANDA | E17: KAMPALA | F17: =D17&"-"&E17 -> IBANDA-KAMPALA | G17: =ROUNDUP(COUNTIF('PT-12'!$L$9:$L$231,Summary!F17),0) -> 5 | H17: 310 | I17: =AVERAGEIF('PT-12'!$L$9:$L$231,Summary!F17,'PT-12'!$O$9:$O$231) -> 5.15 | J17: =AVERAGEIF('PT-12'!$L$9:$L$231,Summary!F17,'PT-12'!$M$9:$M$231) -> 54.4 | K17: =AVERAGEIF('PT-12'!$L$9:$L$231,Summary!F17,'PT-12'!$N$9:$N$231) -> 21000
... B22: MASAKA | C22: TO KAMPALA | D22: RUKUNGIRI | E22: KAMPALA | F22: =D22&"-"&E22 -> RUKUNGIRI-KAMPALA | G22: =ROUNDUP(COUNTIF('PT-12'!$L$9:$L$231,Summary!F22),0) -> 2 | H22: 382 | I22: =AVERAGEIF('PT-12'!$L$9:$L$231,Summary!F22,'PT-12'!$O$9:$O$231) -> 6.25 | J22: =AVERAGEIF('PT-12'!$L$9:$L$231,Summary!F22,'PT-12'!$M$9:$M$231) -> 64 | K22: =AVERAGEIF('PT-12'!$L$9:$L$231,Summary!F22,'PT-12'!$N$9:$N$231) -> 21000

Sheet Key
B1: Vehicle Type
A2: 1 | B2: Car
A3: 2 | B3: Station Wagon
A4: 3 | B4: Pickups
A5: 4 | B5: Minibus, matatu
A6: 5 | B6: Medium bus
A7: 6 | B7: Large Bus
A8: 7 | B8: Light Truck
A9: 8 | B9: Medium Truck
A10: 9 | B10: Heavy truck
A11: 10 | B11: Truck Trailer
A12: 11 | B12: Motor cycles
A13: 12 | B13: Tractors
