Workbook

Sheet 23.09.19 Entebbe-Busabala
B1: Consultancy services for Preparation of Expressway Development Master Plan (EDMP) for Uganda
B2: MANUAL CLASSIFIED COUNT (MCC)
B3: ROAD NAME: | C3: MCC - C2 - STN053 - Busabala RD
C5: Date | D5: 23.09.19 | F5: Location | G5: Ziranumbu town | J5: Surveyor | K5: Ssemuko S
C6: Dir. From | D6: ENTEBBE | F6: Dir. To | G6: BUSABALA | J6: Supervisor | K6: Steven
B8: Time / Veh Type | R8: SUMMARY TRAFFIC VOLUMES
C9: 1. Car | D9: 2. Station Wagon | E9: 3. Pickups | F9: 4. Minibus, matatu | G9: 5. Medium bus | H9: 6. Large Bus | I9: 7. Light Truck | J9: 8. Medium Truck | K9: 9. Heavy truck | L9: 10. Truck Trailer | M9: 11. Motor cycles | N9: 12. Tractors | O9: Total Excl M/Cycles | P9: Total All | R9: Time | S9: 1. Car | T9: 2. Station Wagon | U9: 3. Pickups | V9: 4. Minibus, matatu | W9: 5. Medium bus | X9: 6. Large Bus | Y9: 7. Light Truck | Z9: 8. Medium Truck | AA9: 9. Heavy truck | AB9: 10. Truck Trailer | AC9: 11. Motorcycles | AD9: 12. Tractors, Graders | AE9: Total Excl M/ Cycles | AF9: Total All
B10: 07.00 - 07.15 | C10: 4 | D10: 0 | E10: 0 | F10: 0 | G10: 3 | H10: 0 | I10: 0 | J10: 0 | K10: 0 | L10: 0 | M10: 9 | N10: 0 | O10: =SUM(C10:L10,N10) -> 7 | P10: =SUM(C10:N10) -> 16 | R10: 0700-0800 | S10: =SUM(C10:C13) -> 34 | T10: =SUM(D10:D13) -> 6 | U10: =SUM(E10:E13) -> 3 | V10: =SUM(F10:F13) -> 16 | W10: =SUM(G10:G13) -> 3 | X10: =SUM(H10:H13) -> 0 | Y10: =SUM(I10:I13) -> 2 | Z10: =SUM(J10:J13) -> 6 | ... AF10: =SUM(P10:P13) -> 197
B11: 07.15 - 07.30 | C11: 9 | D11: 2 | E11: 2 | F11: 4 | G11: 0 | H11: 0 | I11: 0 | J11: 4 | K11: 0 | L11: 0 | M11: 43 | N11: 0 | O11: =SUM(C11:L11,N11) -> 21 | P11: =SUM(C11:N11) -> 64 | R11: 0800-0900 | S11: =SUM(C14:C17) -> 23 | T11: =SUM(D14:D17) -> 1 | U11: =SUM(E14:E17) -> 1 | V11: =SUM(F14:F17) -> 17 | W11: =SUM(G14:G17) -> 0 | X11: =SUM(H14:H17) -> 0 | Y11: =SUM(I14:I17) -> 12 | Z11: =SUM(J14:J17) -> 4 | ... AF11: =SUM(P14:P17) -> 150
B12: 07.30 - 07.45 | C12: 12 | D12: 1 | E12: 1 | F12: 8 | G12: 0 | H12: 0 | I12: 1 | J12: 2 | K12: 0 | L12: 0 | M12: 40 | N12: 0 | O12: =SUM(C12:L12,N12) -> 25 | P12: =SUM(C12:N12) -> 65 | R12: 0900-1000 | S12: =SUM(C18:C21) -> 19 | T12: =SUM(D18:D21) -> 0 | U12: =SUM(E18:E21) -> 1 | V12: =SUM(F18:F21) -> 17 | W12: =SUM(G18:G21) -> 0 | X12: =SUM(H18:H21) -> 0 | Y12: =SUM(I18:I21) -> 8 | Z12: =SUM(J18:J21) -> 2 | ... AF12: =SUM(P18:P21) -> 127
B13: 07.45 - 08.00 | C13: 9 | D13: 3 | E13: 0 | F13: 4 | G13: 0 | H13: 0 | I13: 1 | J13: 0 | K13: 0 | L13: 0 | M13: 35 | N13: 0 | O13: =SUM(C13:L13,N13) -> 17 | P13: =SUM(C13:N13) -> 52 | R13: 1000-1100 | S13: =SUM(C22:C25) -> 24 | T13: =SUM(D22:D25) -> 2 | U13: =SUM(E22:E25) -> 1 | V13: =SUM(F22:F25) -> 12 | W13: =SUM(G22:G25) -> 0 | X13: =SUM(H22:H25) -> 0 | Y13: =SUM(I22:I25) -> 6 | Z13: =SUM(J22:J25) -> 3 | ... AF13: =SUM(P22:P25) -> 115
B14: 08.00 - 08.15 | C14: 6 | D14: 1 | E14: 0 | F14: 7 | G14: 0 | H14: 0 | I14: 2 | J14: 0 | K14: 0 | L14: 0 | M14: 27 | N14: 0 | O14: =SUM(C14:L14,N14) -> 16 | P14: =SUM(C14:N14) -> 43 | R14: 1100-1200 | S14: =SUM(C26:C29) -> 15 | T14: =SUM(D26:D29) -> 3 | U14: =SUM(E26:E29) -> 1 | V14: =SUM(F26:F29) -> 19 | W14: =SUM(G26:G29) -> 0 | X14: =SUM(H26:H29) -> 0 | Y14: =SUM(I26:I29) -> 12 | Z14: =SUM(J26:J29) -> 3 | ... AF14: =SUM(P26:P29) -> 120
B15: 08.15 - 08.30 | C15: 7 | D15: 0 | E15: 0 | F15: 3 | G15: 0 | H15: 0 | I15: 2 | J15: 2 | K15: 0 | L15: 0 | M15: 26 | N15: 0 | O15: =SUM(C15:L15,N15) -> 14 | P15: =SUM(C15:N15) -> 40 | R15: 1200-1300 | S15: =SUM(C30:C33) -> 14 | T15: =SUM(D30:D33) -> 0 | U15: =SUM(E30:E33) -> 2 | V15: =SUM(F30:F33) -> 12 | W15: =SUM(G30:G33) -> 0 | X15: =SUM(H30:H33) -> 0 | Y15: =SUM(I30:I33) -> 13 | Z15: =SUM(J30:J33) -> 8 | ... AF15: =SUM(P30:P33) -> 113
B16: 08.30 - 08.45 | C16: 4 | D16: 0 | E16: 0 | F16: 3 | G16: 0 | H16: 0 | I16: 5 | J16: 2 | K16: 0 | L16: 0 | M16: 22 | N16: 0 | O16: =SUM(C16:L16,N16) -> 14 | P16: =SUM(C16:N16) -> 36 | R16: 1300-1400 | S16: =SUM(C34:C37) -> 21 | T16: =SUM(D34:D37) -> 2 | U16: =SUM(E34:E37) -> 1 | V16: =SUM(F34:F37) -> 18 | W16: =SUM(G34:G37) -> 0 | X16: =SUM(H34:H37) -> 0 | Y16: =SUM(I34:I37) -> 11 | Z16: =SUM(J34:J37) -> 5 | ... AF16: =SUM(P34:P37) -> 110
B17: 08.45 - 9.00 | C17: 6 | D17: 0 | E17: 1 | F17: 4 | G17: 0 | H17: 0 | I17: 3 | J17: 0 | K17: 0 | L17: 0 | M17: 17 | N17: 0 | O17: =SUM(C17:L17,N17) -> 14 | P17: =SUM(C17:N17) -> 31 | R17: 1400-1500 | S17: =SUM(C38:C41) -> 26 | T17: =SUM(D38:D41) -> 1 | U17: =SUM(E38:E41) -> 2 | V17: =SUM(F38:F41) -> 17 | W17: =SUM(G38:G41) -> 0 | X17: =SUM(H38:H41) -> 0 | Y17: =SUM(I38:I41) -> 13 | Z17: =SUM(J38:J41) -> 3 | ... AF17: =SUM(P38:P41) -> 124
B18: 09.00 - 09.15 | C18: 4 | D18: 0 | E18: 0 | F18: 5 | G18: 0 | H18: 0 | I18: 2 | J18: 2 | K18: 0 | L18: 0 | M18: 26 | N18: 0 | O18: =SUM(C18:L18,N18) -> 13 | P18: =SUM(C18:N18) -> 39 | R18: 1500-1600 | S18: =SUM(C42:C45) -> 12 | T18: =SUM(D42:D45) -> 2 | U18: =SUM(E42:E45) -> 1 | V18: =SUM(F42:F45) -> 16 | W18: =SUM(G42:G45) -> 0 | X18: =SUM(H42:H45) -> 0 | Y18: =SUM(I42:I45) -> 11 | Z18: =SUM(J42:J45) -> 3 | ... AF18: =SUM(P42:P45) -> 112
B19: 09.15 - 09.30 | C19: 4 | D19: 0 | E19: 0 | F19: 6 | G19: 0 | H19: 0 | I19: 2 | J19: 0 | K19: 0 | L19: 0 | M19: 19 | N19: 0 | O19: =SUM(C19:L19,N19) -> 12 | P19: =SUM(C19:N19) -> 31 | R19: 1600-1700 | S19: =SUM(C46:C49) -> 16 | T19: =SUM(D46:D49) -> 2 | U19: =SUM(E46:E49) -> 2 | V19: =SUM(F46:F49) -> 27 | W19: =SUM(G46:G49) -> 0 | X19: =SUM(H46:H49) -> 0 | Y19: =SUM(I46:I49) -> 16 | Z19: =SUM(J46:J49) -> 3 | ... AF19: =SUM(P46:P49) -> 111
B20: 09.30 - 09.45 | C20: 4 | D20: 0 | E20: 1 | F20: 3 | G20: 0 | H20: 0 | I20: 1 | J20: 0 | K20: 0 | L20: 0 | M20: 23 | N20: 0 | O20: =SUM(C20:L20,N20) -> 9 | P20: =SUM(C20:N20) -> 32 | R20: 1700-1800 | S20: =SUM(C50:C53) -> 17 | T20: =SUM(D50:D53) -> 6 | U20: =SUM(E50:E53) -> 0 | V20: =SUM(F50:F53) -> 36 | W20: =SUM(G50:G53) -> 2 | X20: =SUM(H50:H53) -> 0 | Y20: =SUM(I50:I53) -> 10 | Z20: =SUM(J50:J53) -> 1 | ... AF20: =SUM(P50:P53) -> 137
B21: 09.45 - 10.00 | C21: 7 | D21: 0 | E21: 0 | F21: 3 | G21: 0 | H21: 0 | I21: 3 | J21: 0 | K21: 0 | L21: 0 | M21: 12 | N21: 0 | O21: =SUM(C21:L21,N21) -> 13 | P21: =SUM(C21:N21) -> 25 | R21: 1800-1900 | S21: =SUM(C54:C57) -> 32 | T21: =SUM(D54:D57) -> 2 | U21: =SUM(E54:E57) -> 2 | V21: =SUM(F54:F57) -> 40 | W21: =SUM(G54:G57) -> 3 | X21: =SUM(H54:H57) -> 0 | Y21: =SUM(I54:I57) -> 7 | Z21: =SUM(J54:J57) -> 1 | ... AF21: =SUM(P54:P57) -> 141
B22: 10.00 - 10.15 | C22: 8 | D22: 0 | E22: 0 | F22: 2 | G22: 0 | H22: 0 | I22: 2 | J22: 0 | K22: 0 | L22: 0 | M22: 12 | N22: 0 | O22: =SUM(C22:L22,N22) -> 12 | P22: =SUM(C22:N22) -> 24 | R22: AM Peak Hr | S22: =MAX(S10:S12) -> 34 | T22: =MAX(T10:T12) -> 6 | U22: =MAX(U10:U12) -> 3 | V22: =MAX(V10:V12) -> 17 | W22: =MAX(W10:W12) -> 3 | X22: =MAX(X10:X12) -> 0 | Y22: =MAX(Y10:Y12) -> 12 | Z22: =MAX(Z10:Z12) -> 6 | ... AF22: =MAX(AF10:AF12) -> 197
B23: 10.15 - 10.30 | C23: 7 | D23: 0 | E23: 0 | F23: 2 | G23: 0 | H23: 0 | I23: 2 | J23: 0 | K23: 0 | L23: 0 | M23: 23 | N23: 0 | O23: =SUM(C23:L23,N23) -> 11 | P23: =SUM(C23:N23) -> 34 | R23: IP Peak Hr | S23: =MAX(S13:S18) -> 26 | T23: =MAX(T13:T18) -> 3 | U23: =MAX(U13:U18) -> 2 | V23: =MAX(V13:V18) -> 19 | W23: =MAX(W13:W18) -> 0 | X23: =MAX(X13:X18) -> 0 | Y23: =MAX(Y13:Y18) -> 13 | Z23: =MAX(Z13:Z18) -> 8 | ... AF23: =MAX(AF13:AF18) -> 124
B24: 10.30 - 10.45 | C24: 7 | D24: 2 | E24: 0 | F24: 4 | G24: 0 | H24: 0 | I24: 1 | J24: 2 | K24: 0 | L24: 0 | M24: 14 | N24: 0 | O24: =SUM(C24:L24,N24) -> 16 | P24: =SUM(C24:N24) -> 30 | R24: PM Peak Hr | S24: =MAX(S19:S21) -> 32 | T24: =MAX(T19:T21) -> 6 | U24: =MAX(U19:U21) -> 2 | V24: =MAX(V19:V21) -> 40 | W24: =MAX(W19:W21) -> 3 | X24: =MAX(X19:X21) -> 0 | Y24: =MAX(Y19:Y21) -> 16 | Z24: =MAX(Z19:Z21) -> 3 | ... AF24: =MAX(AF19:AF21) -> 141
B25: 10.45 - 11.00 | C25: 2 | D25: 0 | E25: 1 | F25: 4 | G25: 0 | H25: 0 | I25: 1 | J25: 1 | K25: 0 | L25: 0 | M25: 18 | N25: 0 | O25: =SUM(C25:L25,N25) -> 9 | P25: =SUM(C25:N25) -> 27 | R25: AM Period | S25: =SUM(S10:S12) -> 76 | T25: =SUM(T10:T12) -> 7 | U25: =SUM(U10:U12) -> 5 | V25: =SUM(V10:V12) -> 50 | W25: =SUM(W10:W12) -> 3 | X25: =SUM(X10:X12) -> 0 | Y25: =SUM(Y10:Y12) -> 22 | Z25: =SUM(Z10:Z12) -> 12 | ... AF25: =SUM(AF10:AF12) -> 474
B26: 11.00 - 11.15 | C26: 8 | D26: 2 | E26: 1 | F26: 5 | G26: 0 | H26: 0 | I26: 5 | J26: 1 | K26: 0 | L26: 0 | M26: 23 | N26: 0 | O26: =SUM(C26:L26,N26) -> 22 | P26: =SUM(C26:N26) -> 45 | R26: IP Period | S26: =SUM(S13:S18) -> 112 | T26: =SUM(T13:T18) -> 10 | U26: =SUM(U13:U18) -> 8 | V26: =SUM(V13:V18) -> 94 | W26: =SUM(W13:W18) -> 0 | X26: =SUM(X13:X18) -> 0 | Y26: =SUM(Y13:Y18) -> 66 | Z26: =SUM(Z13:Z18) -> 25 | ... AF26: =SUM(AF13:AF18) -> 694
B27: 11.15 - 11.30 | C27: 3 | D27: 0 | E27: 0 | F27: 10 | G27: 0 | H27: 0 | I27: 6 | J27: 1 | K27: 0 | L27: 0 | M27: 16 | N27: 0 | O27: =SUM(C27:L27,N27) -> 20 | P27: =SUM(C27:N27) -> 36 | R27: PM Period | S27: =SUM(S19:S21) -> 65 | T27: =SUM(T19:T21) -> 10 | U27: =SUM(U19:U21) -> 4 | V27: =SUM(V19:V21) -> 103 | W27: =SUM(W19:W21) -> 5 | X27: =SUM(X19:X21) -> 0 | Y27: =SUM(Y19:Y21) -> 33 | Z27: =SUM(Z19:Z21) -> 5 | ... AF27: =SUM(AF19:AF21) -> 389
B28: 11.30 - 11.45 | C28: 1 | D28: 0 | E28: 0 | F28: 2 | G28: 0 | H28: 0 | I28: 0 | J28: 0 | K28: 0 | L28: 0 | M28: 5 | N28: 0 | O28: =SUM(C28:L28,N28) -> 3 | P28: =SUM(C28:N28) -> 8 | R28: 12 Hours | S28: =SUM(S10:S21) -> 253 | T28: =SUM(T10:T21) -> 27 | U28: =SUM(U10:U21) -> 17 | V28: =SUM(V10:V21) -> 247 | W28: =SUM(W10:W21) -> 8 | X28: =SUM(X10:X21) -> 0 | Y28: =SUM(Y10:Y21) -> 121 | Z28: =SUM(Z10:Z21) -> 42 | ... AF28: =SUM(AF10:AF21) -> 1557
B29: 11.45 - 12.00 | C29: 3 | D29: 1 | E29: 0 | F29: 2 | G29: 0 | H29: 0 | I29: 1 | J29: 1 | K29: 0 | L29: 0 | M29: 23 | N29: 0 | O29: =SUM(C29:L29,N29) -> 8 | P29: =SUM(C29:N29) -> 31
B30: 12.00 - 12.15 | C30: 3 | D30: 0 | E30: 1 | F30: 4 | G30: 0 | H30: 0 | I30: 2 | J30: 0 | K30: 0 | L30: 0 | M30: 15 | N30: 0 | O30: =SUM(C30:L30,N30) -> 10 | P30: =SUM(C30:N30) -> 25
B31: 12.15 - 12.30 | C31: 3 | D31: 0 | E31: 1 | F31: 3 | G31: 0 | H31: 0 | I31: 1 | J31: 1 | K31: 0 | L31: 0 | M31: 17 | N31: 0 | O31: =SUM(C31:L31,N31) -> 9 | P31: =SUM(C31:N31) -> 26
B32: 12.30 - 12.45 | C32: 3 | D32: 0 | E32: 0 | F32: 3 | G32: 0 | H32: 0 | I32: 4 | J32: 3 | K32: 0 | L32: 0 | M32: 22 | N32: 0 | O32: =SUM(C32:L32,N32) -> 13 | P32: =SUM(C32:N32) -> 35
B33: 12.45 - 13.00 | C33: 5 | D33: 0 | E33: 0 | F33: 2 | G33: 0 | H33: 0 | I33: 6 | J33: 4 | K33: 0 | L33: 0 | M33: 10 | N33: 0 | O33: =SUM(C33:L33,N33) -> 17 | P33: =SUM(C33:N33) -> 27
B34: 13.00 - 13.15 | C34: 6 | D34: 1 | E34: 0 | F34: 4 | G34: 0 | H34: 0 | I34: 1 | J34: 1 | K34: 0 | L34: 0 | M34: 21 | N34: 0 | O34: =SUM(C34:L34,N34) -> 13 | P34: =SUM(C34:N34) -> 34
B35: 13.15 - 13.30 | C35: 5 | D35: 1 | E35: 0 | F35: 9 | G35: 0 | H35: 0 | I35: 3 | J35: 2 | K35: 0 | L35: 0 | M35: 15 | N35: 0 | O35: =SUM(C35:L35,N35) -> 20 | P35: =SUM(C35:N35) -> 35
B36: 13.30 - 13.45 | C36: 3 | D36: 0 | E36: 0 | F36: 2 | G36: 0 | H36: 0 | I36: 2 | J36: 2 | K36: 0 | L36: 0 | M36: 8 | N36: 0 | O36: =SUM(C36:L36,N36) -> 9 | P36: =SUM(C36:N36) -> 17
B37: 13.45 - 14.00 | C37: 7 | D37: 0 | E37: 1 | F37: 3 | G37: 0 | H37: 0 | I37: 5 | J37: 0 | K37: 0 | L37: 0 | M37: 8 | N37: 0 | O37: =SUM(C37:L37,N37) -> 16 | P37: =SUM(C37:N37) -> 24
B38: 14.00 - 14.15 | C38: 6 | D38: 0 | E38: 0 | F38: 9 | G38: 0 | H38: 0 | I38: 6 | J38: 0 | K38: 0 | L38: 0 | M38: 27 | N38: 0 | O38: =SUM(C38:L38,N38) -> 21 | P38: =SUM(C38:N38) -> 48
B39: 14.15 - 14.30 | C39: 9 | D39: 0 | E39: 0 | F39: 0 | G39: 0 | H39: 0 | I39: 1 | J39: 0 | K39: 0 | L39: 0 | M39: 5 | N39: 0 | O39: =SUM(C39:L39,N39) -> 10 | P39: =SUM(C39:N39) -> 15
B40: 14.30 - 14.45 | C40: 3 | D40: 0 | E40: 0 | F40: 5 | G40: 0 | H40: 0 | I40: 2 | J40: 2 | K40: 0 | L40: 0 | M40: 9 | N40: 0 | O40: =SUM(C40:L40,N40) -> 12 | P40: =SUM(C40:N40) -> 21
... B57: 18.45 - 19.00 | C57: 13 | D57: 0 | E57: 0 | F57: 9 | G57: 1 | H57: 0 | I57: 2 | J57: 0 | K57: 0 | L57: 0 | M57: 17 | N57: 0 | O57: =SUM(C57:L57,N57) -> 25 | P57: =SUM(C57:N57) -> 42
B58: Totals | C58: =SUM(C10:C57) -> 253 | D58: =SUM(D10:D57) -> 27 | E58: =SUM(E10:E57) -> 17 | F58: =SUM(F10:F57) -> 247 | G58: =SUM(G10:G57) -> 8 | H58: =SUM(H10:H57) -> 0 | I58: =SUM(I10:I57) -> 121 | J58: =SUM(J10:J57) -> 42 | ... P58: =SUM(P10:P57) -> 1557
B59: %ges + MCs | C59: =C58/$P$58 -> 0.16249197 | D59: =D58/$P$58 -> 0.01734104 | E59: =E58/$P$58 -> 0.010918433 | F59: =F58/$P$58 -> 0.15863841 | G59: =G58/$P$58 -> 0.0051380861 | H59: =H58/$P$58 -> 0 | I59: =I58/$P$58 -> 0.077713552 | J59: =J58/$P$58 -> 0.026974952 | ... N59: =N58/$P$58 -> 0
B60: %ges w/o MCs | C60: =C58/$O$58 -> 0.35384615 | D60: =D58/$O$58 -> 0.037762238 | E60: =E58/$O$58 -> 0.023776224 | F60: =F58/$O$58 -> 0.34545455 | G60: =G58/$O$58 -> 0.011188811 | H60: =H58/$O$58 -> 0 | I60: =I58/$O$58 -> 0.16923077 | J60: =J58/$O$58 -> 0.058741259 | ... L60: =L58/$O$58 -> 0 | N60: =N58/$O$58 -> 0

Sheet 23.09.19 Busabala-Entebbe
B1: Consultancy services for Preparation of Expressway Development Master Plan (EDMP) for Uganda
B2: MANUAL CLASSIFIED COUNT (MCC)
B3: ROAD NAME: | C3: ='23.09.19 Entebbe-Busabala'!C3:G3 -> MCC - C2 - STN053 - Busabala RD
C5: Date | D5: 23.09.19 | F5: Location | G5: Busabala | J5: Surveyor | K5: Godfrey
C6: Dir. From | D6: BUSABALA | F6: Dir. To | G6: ENTEBBE | J6: Supervisor | K6: Steven
B8: Time / Veh Type | R8: SUMMARY TRAFFIC VOLUMES
C9: 1. Car | D9: 2. Station Wagon | E9: 3. Pickups | F9: 4. Minibus, matatu | G9: 5. Medium bus | H9: 6. Large Bus | I9: 7. Light Truck | J9: 8. Medium Truck | K9: 9. Heavy truck | L9: 10. Truck Trailer | M9: 11. Motor cycles | N9: 12. Tractors | O9: Total Excl M/Cycles | P9: Total All | R9: Time | S9: 1. Car | T9: 2. Station Wagon | U9: 3. Pickups | V9: 4. Minibus, matatu | W9: 5. Medium bus | X9: 6. Large Bus | Y9: 7. Light Truck | Z9: 8. Medium Truck | AA9: 9. Heavy truck | AB9: 10. Truck Trailer | AC9: 11. Motorcycles | AD9: 12. Tractors, Graders | AE9: Total Excl M/ Cycles | AF9: Total All
B10: 07.00 - 07.15 | C10: 0 | D10: 1 | E10: 0 | F10: 2 | G10: 1 | H10: 0 | I10: 1 | J10: 1 | K10: 0 | L10: 0 | M10: 7 | N10: 0 | O10: =SUM(C10:L10,N10) -> 6 | P10: =SUM(C10:N10) -> 13 | R10: 0700-0800 | S10: =SUM(C10:C13) -> 11 | T10: =SUM(D10:D13) -> 7 | U10: =SUM(E10:E13) -> 1 | V10: =SUM(F10:F13) -> 10 | W10: =SUM(G10:G13) -> 1 | X10: =SUM(H10:H13) -> 0 | Y10: =SUM(I10:I13) -> 3 | Z10: =SUM(J10:J13) -> 1 | ... AF10: =SUM(P10:P13) -> 87
B11: 07.15 - 07.30 | C11: 5 | D11: 4 | E11: 0 | F11: 1 | G11: 0 | H11: 0 | I11: 2 | J11: 0 | K11: 0 | L11: 0 | M11: 8 | N11: 0 | O11: =SUM(C11:L11,N11) -> 12 | P11: =SUM(C11:N11) -> 20 | R11: 0800-0900 | S11: =SUM(C14:C17) -> 10 | T11: =SUM(D14:D17) -> 2 | U11: =SUM(E14:E17) -> 1 | V11: =SUM(F14:F17) -> 11 | W11: =SUM(G14:G17) -> 0 | X11: =SUM(H14:H17) -> 0 | Y11: =SUM(I14:I17) -> 4 | Z11: =SUM(J14:J17) -> 2 | ... AF11: =SUM(P14:P17) -> 56
B12: 07.30 - 07.45 | C12: 5 | D12: 1 | E12: 1 | F12: 3 | G12: 0 | H12: 0 | I12: 0 | J12: 0 | K12: 0 | L12: 0 | M12: 23 | N12: 0 | O12: =SUM(C12:L12,N12) -> 10 | P12: =SUM(C12:N12) -> 33 | R12: 0900-1000 | S12: =SUM(C18:C21) -> 4 | T12: =SUM(D18:D21) -> 5 | U12: =SUM(E18:E21) -> 2 | V12: =SUM(F18:F21) -> 11 | W12: =SUM(G18:G21) -> 0 | X12: =SUM(H18:H21) -> 0 | Y12: =SUM(I18:I21) -> 6 | Z12: =SUM(J18:J21) -> 1 | ... AF12: =SUM(P18:P21) -> 62
B13: 07.45 - 08.00 | C13: 1 | D13: 1 | E13: 0 | F13: 4 | G13: 0 | H13: 0 | I13: 0 | J13: 0 | K13: 0 | L13: 0 | M13: 15 | N13: 0 | O13: =SUM(C13:L13,N13) -> 6 | P13: =SUM(C13:N13) -> 21 | R13: 1000-1100 | S13: =SUM(C22:C25) -> 11 | T13: =SUM(D22:D25) -> 3 | U13: =SUM(E22:E25) -> 1 | V13: =SUM(F22:F25) -> 13 | W13: =SUM(G22:G25) -> 0 | X13: =SUM(H22:H25) -> 0 | Y13: =SUM(I22:I25) -> 8 | Z13: =SUM(J22:J25) -> 0 | ... AF13: =SUM(P22:P25) -> 71
B14: 08.00 - 08.15 | C14: 2 | D14: 0 | E14: 0 | F14: 2 | G14: 0 | H14: 0 | I14: 2 | J14: 0 | K14: 0 | L14: 0 | M14: 7 | N14: 0 | O14: =SUM(C14:L14,N14) -> 6 | P14: =SUM(C14:N14) -> 13 | R14: 1100-1200 | S14: =SUM(C26:C29) -> 10 | T14: =SUM(D26:D29) -> 5 | U14: =SUM(E26:E29) -> 2 | V14: =SUM(F26:F29) -> 12 | W14: =SUM(G26:G29) -> 0 | X14: =SUM(H26:H29) -> 0 | Y14: =SUM(I26:I29) -> 11 | Z14: =SUM(J26:J29) -> 4 | ... AF14: =SUM(P26:P29) -> 76
B15: 08.15 - 08.30 | C15: 2 | D15: 0 | E15: 0 | F15: 3 | G15: 0 | H15: 0 | I15: 1 | J15: 2 | K15: 0 | L15: 0 | M15: 7 | N15: 0 | O15: =SUM(C15:L15,N15) -> 8 | P15: =SUM(C15:N15) -> 15 | R15: 1200-1300 | S15: =SUM(C30:C33) -> 9 | T15: =SUM(D30:D33) -> 6 | U15: =SUM(E30:E33) -> 0 | V15: =SUM(F30:F33) -> 14 | W15: =SUM(G30:G33) -> 0 | X15: =SUM(H30:H33) -> 0 | Y15: =SUM(I30:I33) -> 7 | Z15: =SUM(J30:J33) -> 1 | ... AF15: =SUM(P30:P33) -> 70
B16: 08.30 - 08.45 | C16: 4 | D16: 2 | E16: 1 | F16: 5 | G16: 0 | H16: 0 | I16: 1 | J16: 0 | K16: 0 | L16: 0 | M16: 6 | N16: 0 | O16: =SUM(C16:L16,N16) -> 13 | P16: =SUM(C16:N16) -> 19 | R16: 1300-1400 | S16: =SUM(C34:C37) -> 18 | T16: =SUM(D34:D37) -> 6 | U16: =SUM(E34:E37) -> 2 | V16: =SUM(F34:F37) -> 8 | W16: =SUM(G34:G37) -> 0 | X16: =SUM(H34:H37) -> 0 | Y16: =SUM(I34:I37) -> 11 | Z16: =SUM(J34:J37) -> 2 | ... AF16: =SUM(P34:P37) -> 81
B17: 08.45 - 9.00 | C17: 2 | D17: 0 | E17: 0 | F17: 1 | G17: 0 | H17: 0 | I17: 0 | J17: 0 | K17: 0 | L17: 0 | M17: 6 | N17: 0 | O17: =SUM(C17:L17,N17) -> 3 | P17: =SUM(C17:N17) -> 9 | R17: 1400-1500 | S17: =SUM(C38:C41) -> 11 | T17: =SUM(D38:D41) -> 8 | U17: =SUM(E38:E41) -> 0 | V17: =SUM(F38:F41) -> 11 | W17: =SUM(G38:G41) -> 0 | X17: =SUM(H38:H41) -> 0 | Y17: =SUM(I38:I41) -> 8 | Z17: =SUM(J38:J41) -> 0 | ... AF17: =SUM(P38:P41) -> 63
B18: 09.00 - 09.15 | C18: 0 | D18: 2 | E18: 0 | F18: 3 | G18: 0 | H18: 0 | I18: 1 | J18: 1 | K18: 0 | L18: 0 | M18: 15 | N18: 0 | O18: =SUM(C18:L18,N18) -> 7 | P18: =SUM(C18:N18) -> 22 | R18: 1500-1600 | S18: =SUM(C42:C45) -> 9 | T18: =SUM(D42:D45) -> 3 | U18: =SUM(E42:E45) -> 2 | V18: =SUM(F42:F45) -> 19 | W18: =SUM(G42:G45) -> 0 | X18: =SUM(H42:H45) -> 0 | Y18: =SUM(I42:I45) -> 6 | Z18: =SUM(J42:J45) -> 3 | ... AF18: =SUM(P42:P45) -> 60
B19: 09.15 - 09.30 | C19: 0 | D19: 2 | E19: 1 | F19: 4 | G19: 0 | H19: 0 | I19: 4 | J19: 0 | K19: 0 | L19: 0 | M19: 2 | N19: 2 | O19: =SUM(C19:L19,N19) -> 13 | P19: =SUM(C19:N19) -> 15 | R19: 1600-1700 | S19: =SUM(C46:C49) -> 9 | T19: =SUM(D46:D49) -> 5 | U19: =SUM(E46:E49) -> 2 | V19: =SUM(F46:F49) -> 9 | W19: =SUM(G46:G49) -> 0 | X19: =SUM(H46:H49) -> 0 | Y19: =SUM(I46:I49) -> 9 | Z19: =SUM(J46:J49) -> 1 | ... AF19: =SUM(P46:P49) -> 55
B20: 09.30 - 09.45 | C20: 3 | D20: 0 | E20: 0 | F20: 3 | G20: 0 | H20: 0 | I20: 1 | J20: 0 | K20: 0 | L20: 0 | M20: 4 | N20: 0 | O20: =SUM(C20:L20,N20) -> 7 | P20: =SUM(C20:N20) -> 11 | R20: 1700-1800 | S20: =SUM(C50:C53) -> 19 | T20: =SUM(D50:D53) -> 12 | U20: =SUM(E50:E53) -> 0 | V20: =SUM(F50:F53) -> 13 | W20: =SUM(G50:G53) -> 0 | X20: =SUM(H50:H53) -> 0 | Y20: =SUM(I50:I53) -> 8 | Z20: =SUM(J50:J53) -> 0 | ... AF20: =SUM(P50:P53) -> 81
B21: 09.45 - 10.00 | C21: 1 | D21: 1 | E21: 1 | F21: 1 | G21: 0 | H21: 0 | I21: 0 | J21: 0 | K21: 0 | L21: 0 | M21: 10 | N21: 0 | O21: =SUM(C21:L21,N21) -> 4 | P21: =SUM(C21:N21) -> 14 | R21: 1800-1900 | S21: =SUM(C54:C57) -> 18 | T21: =SUM(D54:D57) -> 6 | U21: =SUM(E54:E57) -> 4 | V21: =SUM(F54:F57) -> 18 | W21: =SUM(G54:G57) -> 0 | X21: =SUM(H54:H57) -> 0 | Y21: =SUM(I54:I57) -> 10 | Z21: =SUM(J54:J57) -> 4 | ... AF21: =SUM(P54:P57) -> 84
B22: 10.00 - 10.15 | C22: 3 | D22: 0 | E22: 0 | F22: 3 | G22: 0 | H22: 0 | I22: 2 | J22: 0 | K22: 0 | L22: 0 | M22: 8 | N22: 0 | O22: =SUM(C22:L22,N22) -> 8 | P22: =SUM(C22:N22) -> 16 | R22: AM Peak Hr | S22: =MAX(S10:S12) -> 11 | T22: =MAX(T10:T12) -> 7 | U22: =MAX(U10:U12) -> 2 | V22: =MAX(V10:V12) -> 11 | W22: =MAX(W10:W12) -> 1 | X22: =MAX(X10:X12) -> 0 | Y22: =MAX(Y10:Y12) -> 6 | Z22: =MAX(Z10:Z12) -> 2 | ... AF22: =MAX(AF10:AF12) -> 87
B23: 10.15 - 10.30 | C23: 4 | D23: 2 | E23: 1 | F23: 4 | G23: 0 | H23: 0 | I23: 3 | J23: 0 | K23: 0 | L23: 0 | M23: 13 | N23: 0 | O23: =SUM(C23:L23,N23) -> 14 | P23: =SUM(C23:N23) -> 27 | R23: IP Peak Hr | S23: =MAX(S13:S18) -> 18 | T23: =MAX(T13:T18) -> 8 | U23: =MAX(U13:U18) -> 2 | V23: =MAX(V13:V18) -> 19 | W23: =MAX(W13:W18) -> 0 | X23: =MAX(X13:X18) -> 0 | Y23: =MAX(Y13:Y18) -> 11 | Z23: =MAX(Z13:Z18) -> 4 | ... AF23: =MAX(AF13:AF18) -> 81
B24: 10.30 - 10.45 | C24: 2 | D24: 0 | E24: 0 | F24: 4 | G24: 0 | H24: 0 | I24: 3 | J24: 0 | K24: 0 | L24: 0 | M24: 7 | N24: 0 | O24: =SUM(C24:L24,N24) -> 9 | P24: =SUM(C24:N24) -> 16 | R24: PM Peak Hr | S24: =MAX(S19:S21) -> 19 | T24: =MAX(T19:T21) -> 12 | U24: =MAX(U19:U21) -> 4 | V24: =MAX(V19:V21) -> 18 | W24: =MAX(W19:W21) -> 0 | X24: =MAX(X19:X21) -> 0 | Y24: =MAX(Y19:Y21) -> 10 | Z24: =MAX(Z19:Z21) -> 4 | ... AF24: =MAX(AF19:AF21) -> 84
B25: 10.45 - 11.00 | C25: 2 | D25: 1 | E25: 0 | F25: 2 | G25: 0 | H25: 0 | I25: 0 | J25: 0 | K25: 0 | L25: 0 | M25: 7 | N25: 0 | O25: =SUM(C25:L25,N25) -> 5 | P25: =SUM(C25:N25) -> 12 | R25: AM Period | S25: =SUM(S10:S12) -> 25 | T25: =SUM(T10:T12) -> 14 | U25: =SUM(U10:U12) -> 4 | V25: =SUM(V10:V12) -> 32 | W25: =SUM(W10:W12) -> 1 | X25: =SUM(X10:X12) -> 0 | Y25: =SUM(Y10:Y12) -> 13 | Z25: =SUM(Z10:Z12) -> 4 | ... AF25: =SUM(AF10:AF12) -> 205
B26: 11.00 - 11.15 | C26: 2 | D26: 2 | E26: 2 | F26: 3 | G26: 0 | H26: 0 | I26: 3 | J26: 0 | K26: 0 | L26: 0 | M26: 11 | N26: 0 | O26: =SUM(C26:L26,N26) -> 12 | P26: =SUM(C26:N26) -> 23 | R26: IP Period | S26: =SUM(S13:S18) -> 68 | T26: =SUM(T13:T18) -> 31 | U26: =SUM(U13:U18) -> 7 | V26: =SUM(V13:V18) -> 77 | W26: =SUM(W13:W18) -> 0 | X26: =SUM(X13:X18) -> 0 | Y26: =SUM(Y13:Y18) -> 51 | Z26: =SUM(Z13:Z18) -> 10 | ... AF26: =SUM(AF13:AF18) -> 421
B27: 11.15 - 11.30 | C27: 3 | D27: 1 | E27: 0 | F27: 4 | G27: 0 | H27: 0 | I27: 6 | J27: 3 | K27: 0 | L27: 0 | M27: 11 | N27: 0 | O27: =SUM(C27:L27,N27) -> 17 | P27: =SUM(C27:N27) -> 28 | R27: PM Period | S27: =SUM(S19:S21) -> 46 | T27: =SUM(T19:T21) -> 23 | U27: =SUM(U19:U21) -> 6 | V27: =SUM(V19:V21) -> 40 | W27: =SUM(W19:W21) -> 0 | X27: =SUM(X19:X21) -> 0 | Y27: =SUM(Y19:Y21) -> 27 | Z27: =SUM(Z19:Z21) -> 5 | ... AF27: =SUM(AF19:AF21) -> 220
B28: 11.30 - 11.45 | C28: 0 | D28: 2 | E28: 0 | F28: 1 | G28: 0 | H28: 0 | I28: 1 | J28: 0 | K28: 0 | L28: 0 | M28: 3 | N28: 0 | O28: =SUM(C28:L28,N28) -> 4 | P28: =SUM(C28:N28) -> 7 | R28: 12 Hours | S28: =SUM(S10:S21) -> 139 | T28: =SUM(T10:T21) -> 68 | U28: =SUM(U10:U21) -> 17 | V28: =SUM(V10:V21) -> 149 | W28: =SUM(W10:W21) -> 1 | X28: =SUM(X10:X21) -> 0 | Y28: =SUM(Y10:Y21) -> 91 | Z28: =SUM(Z10:Z21) -> 19 | ... AF28: =SUM(AF10:AF21) -> 846
B29: 11.45 - 12.00 | C29: 5 | D29: 0 | E29: 0 | F29: 4 | G29: 0 | H29: 0 | I29: 1 | J29: 1 | K29: 0 | L29: 0 | M29: 7 | N29: 0 | O29: =SUM(C29:L29,N29) -> 11 | P29: =SUM(C29:N29) -> 18
B30: 12.00 - 12.15 | C30: 2 | D30: 0 | E30: 0 | F30: 3 | G30: 0 | H30: 0 | I30: 1 | J30: 0 | K30: 0 | L30: 0 | M30: 3 | N30: 0 | O30: =SUM(C30:L30,N30) -> 6 | P30: =SUM(C30:N30) -> 9
B31: 12.15 - 12.30 | C31: 2 | D31: 4 | E31: 0 | F31: 5 | G31: 0 | H31: 0 | I31: 5 | J31: 1 | K31: 0 | L31: 0 | M31: 16 | N31: 0 | O31: =SUM(C31:L31,N31) -> 17 | P31: =SUM(C31:N31) -> 33
B32: 12.30 - 12.45 | C32: 3 | D32: 1 | E32: 0 | F32: 3 | G32: 0 | H32: 0 | I32: 0 | J32: 0 | K32: 0 | L32: 0 | M32: 7 | N32: 0 | O32: =SUM(C32:L32,N32) -> 7 | P32: =SUM(C32:N32) -> 14
B33: 12.45 - 13.00 | C33: 2 | D33: 1 | E33: 0 | F33: 3 | G33: 0 | H33: 0 | I33: 1 | J33: 0 | K33: 0 | L33: 0 | M33: 7 | N33: 0 | O33: =SUM(C33:L33,N33) -> 7 | P33: =SUM(C33:N33) -> 14
B34: 13.00 - 13.15 | C34: 5 | D34: 1 | E34: 0 | F34: 1 | G34: 0 | H34: 0 | I34: 1 | J34: 0 | K34: 0 | L34: 0 | M34: 13 | N34: 0 | O34: =SUM(C34:L34,N34) -> 8 | P34: =SUM(C34:N34) -> 21
B35: 13.15 - 13.30 | C35: 1 | D35: 2 | E35: 0 | F35: 1 | G35: 0 | H35: 0 | I35: 6 | J35: 1 | K35: 0 | L35: 0 | M35: 5 | N35: 0 | O35: =SUM(C35:L35,N35) -> 11 | P35: =SUM(C35:N35) -> 16
B36: 13.30 - 13.45 | C36: 7 | D36: 1 | E36: 1 | F36: 2 | G36: 0 | H36: 0 | I36: 0 | J36: 1 | K36: 0 | L36: 0 | M36: 3 | N36: 0 | O36: =SUM(C36:L36,N36) -> 12 | P36: =SUM(C36:N36) -> 15
B37: 13.45 - 14.00 | C37: 5 | D37: 2 | E37: 1 | F37: 4 | G37: 0 | H37: 0 | I37: 4 | J37: 0 | K37: 1 | L37: 0 | M37: 12 | N37: 0 | O37: =SUM(C37:L37,N37) -> 17 | P37: =SUM(C37:N37) -> 29
B38: 14.00 - 14.15 | C38: 3 | D38: 0 | E38: 0 | F38: 2 | G38: 0 | H38: 0 | I38: 2 | J38: 0 | K38: 0 | L38: 0 | M38: 5 | N38: 0 | O38: =SUM(C38:L38,N38) -> 7 | P38: =SUM(C38:N38) -> 12
B39: 14.15 - 14.30 | C39: 2 | D39: 1 | E39: 0 | F39: 4 | G39: 0 | H39: 0 | I39: 2 | J39: 0 | K39: 0 | L39: 0 | M39: 11 | N39: 0 | O39: =SUM(C39:L39,N39) -> 9 | P39: =SUM(C39:N39) -> 20
B40: 14.30 - 14.45 | C40: 2 | D40: 2 | E40: 0 | F40: 1 | G40: 0 | H40: 0 | I40: 1 | J40: 0 | K40: 0 | L40: 0 | M40: 2 | N40: 0 | O40: =SUM(C40:L40,N40) -> 6 | P40: =SUM(C40:N40) -> 8
... B57: 18.45 - 19.00 | C57: 5 | D57: 1 | E57: 0 | F57: 6 | G57: 0 | H57: 0 | I57: 2 | J57: 0 | K57: 0 | L57: 0 | M57: 7 | N57: 0 | O57: =SUM(C57:L57,N57) -> 14 | P57: =SUM(C57:N57) -> 21
B58: Totals | C58: =SUM(C10:C57) -> 139 | D58: =SUM(D10:D57) -> 68 | E58: =SUM(E10:E57) -> 17 | F58: =SUM(F10:F57) -> 149 | G58: =SUM(G10:G57) -> 1 | H58: =SUM(H10:H57) -> 0 | I58: =SUM(I10:I57) -> 91 | J58: =SUM(J10:J57) -> 19 | ... P58: =SUM(P10:P57) -> 846
B59: %ges + MCs | C59: =C58/$P$58 -> 0.1643026 | D59: =D58/$P$58 -> 0.080378251 | E59: =E58/$P$58 -> 0.020094563 | F59: =F58/$P$58 -> 0.17612293 | G59: =G58/$P$58 -> 0.0011820331 | H59: =H58/$P$58 -> 0 | I59: =I58/$P$58 -> 0.10756501 | J59: =J58/$P$58 -> 0.022458629 | ... N59: =N58/$P$58 -> 0.0023640662
B60: %ges w/o MCs | C60: =C58/$O$58 -> 0.28542094 | D60: =D58/$O$58 -> 0.13963039 | E60: =E58/$O$58 -> 0.034907598 | F60: =F58/$O$58 -> 0.30595483 | G60: =G58/$O$58 -> 0.0020533881 | H60: =H58/$O$58 -> 0 | I60: =I58/$O$58 -> 0.18685832 | J60: =J58/$O$58 -> 0.039014374 | ... L60: =L58/$O$58 -> 0 | N60: =N58/$O$58 -> 0.0041067762

Sheet 24.09 Entebbe-Busabala
B1: Consultancy services for Preparation of Expressway Development Master Plan (EDMP) for Uganda
B2: MANUAL CLASSIFIED COUNT (MCC)
B3: ROAD NAME: | C3: MCC-C2-STN53-BUSABALA ROAD
C5: Date | D5: 24.09.19 | F5: Location | G5: ZIRANUMBU TOWN | J5: Surveyor | K5: SSEMUKO SAMUEL
C6: Dir. From | D6: ENTEBBE RD | F6: Dir. To | G6: BUSABALA RD | J6: Supervisor | K6: STEVEN
B8: Time / Veh Type | R8: SUMMARY TRAFFIC VOLUMES
C9: 1. Car | D9: 2. Station Wagon | E9: 3. Pickups | F9: 4. Minibus, matatu | G9: 5. Medium bus | H9: 6. Large Bus | I9: 7. Light Truck | J9: 8. Medium Truck | K9: 9. Heavy truck | L9: 10. Truck Trailer | M9: 11. Motor cycles | N9: 12. Tractors | O9: Total Excl M/Cycles | P9: Total All | R9: Time | S9: 1. Car | T9: 2. Station Wagon | U9: 3. Pickups | V9: 4. Minibus, matatu | W9: 5. Medium bus | X9: 6. Large Bus | Y9: 7. Light Truck | Z9: 8. Medium Truck | AA9: 9. Heavy truck | AB9: 10. Truck Trailer | AC9: 11. Motorcycles | AD9: 12. Tractors, Graders | AE9: Total Excl M/ Cycles | AF9: Total All
B10: 07.00 - 07.15 | C10: 11 | D10: 1 | E10: 1 | F10: 7 | G10: 0 | H10: 0 | I10: 1 | J10: 0 | K10: 0 | L10: 0 | M10: 24 | N10: 0 | O10: =SUM(C10:L10,N10) -> 21 | P10: =SUM(C10:N10) -> 45 | R10: 0700-0800 | S10: =SUM(C10:C13) -> 33 | T10: =SUM(D10:D13) -> 7 | U10: =SUM(E10:E13) -> 3 | V10: =SUM(F10:F13) -> 27 | W10: =SUM(G10:G13) -> 0 | X10: =SUM(H10:H13) -> 0 | Y10: =SUM(I10:I13) -> 9 | Z10: =SUM(J10:J13) -> 2 | ... AF10: =SUM(P10:P13) -> 195
B11: 07.15 - 07.30 | C11: 5 | D11: 2 | E11: 0 | F11: 6 | G11: 0 | H11: 0 | I11: 3 | J11: 0 | K11: 0 | L11: 0 | M11: 35 | N11: 0 | O11: =SUM(C11:L11,N11) -> 16 | P11: =SUM(C11:N11) -> 51 | R11: 0800-0900 | S11: =SUM(C14:C17) -> 24 | T11: =SUM(D14:D17) -> 4 | U11: =SUM(E14:E17) -> 1 | V11: =SUM(F14:F17) -> 19 | W11: =SUM(G14:G17) -> 0 | X11: =SUM(H14:H17) -> 0 | Y11: =SUM(I14:I17) -> 10 | Z11: =SUM(J14:J17) -> 2 | ... AF11: =SUM(P14:P17) -> 141
B12: 07.30 - 07.45 | C12: 8 | D12: 2 | E12: 2 | F12: 6 | G12: 0 | H12: 0 | I12: 2 | J12: 1 | K12: 0 | L12: 0 | M12: 26 | N12: 0 | O12: =SUM(C12:L12,N12) -> 21 | P12: =SUM(C12:N12) -> 47 | R12: 0900-1000 | S12: =SUM(C18:C21) -> 23 | T12: =SUM(D18:D21) -> 5 | U12: =SUM(E18:E21) -> 4 | V12: =SUM(F18:F21) -> 15 | W12: =SUM(G18:G21) -> 0 | X12: =SUM(H18:H21) -> 0 | Y12: =SUM(I18:I21) -> 9 | Z12: =SUM(J18:J21) -> 7 | ... AF12: =SUM(P18:P21) -> 118
B13: 07.45 - 08.00 | C13: 9 | D13: 2 | E13: 0 | F13: 8 | G13: 0 | H13: 0 | I13: 3 | J13: 1 | K13: 0 | L13: 0 | M13: 29 | N13: 0 | O13: =SUM(C13:L13,N13) -> 23 | P13: =SUM(C13:N13) -> 52 | R13: 1000-1100 | S13: =SUM(C22:C25) -> 14 | T13: =SUM(D22:D25) -> 5 | U13: =SUM(E22:E25) -> 1 | V13: =SUM(F22:F25) -> 17 | W13: =SUM(G22:G25) -> 0 | X13: =SUM(H22:H25) -> 0 | Y13: =SUM(I22:I25) -> 13 | Z13: =SUM(J22:J25) -> 2 | ... AF13: =SUM(P22:P25) -> 116
B14: 08.00 - 08.15 | C14: 9 | D14: 3 | E14: 0 | F14: 7 | G14: 0 | H14: 0 | I14: 0 | J14: 0 | K14: 0 | L14: 0 | M14: 19 | N14: 0 | O14: =SUM(C14:L14,N14) -> 19 | P14: =SUM(C14:N14) -> 38 | R14: 1100-1200 | S14: =SUM(C26:C29) -> 11 | T14: =SUM(D26:D29) -> 5 | U14: =SUM(E26:E29) -> 1 | V14: =SUM(F26:F29) -> 18 | W14: =SUM(G26:G29) -> 0 | X14: =SUM(H26:H29) -> 0 | Y14: =SUM(I26:I29) -> 7 | Z14: =SUM(J26:J29) -> 7 | ... AF14: =SUM(P26:P29) -> 111
B15: 08.15 - 08.30 | C15: 3 | D15: 1 | E15: 0 | F15: 3 | G15: 0 | H15: 0 | I15: 3 | J15: 2 | K15: 0 | L15: 0 | M15: 28 | N15: 0 | O15: =SUM(C15:L15,N15) -> 12 | P15: =SUM(C15:N15) -> 40 | R15: 1200-1300 | S15: =SUM(C30:C33) -> 7 | T15: =SUM(D30:D33) -> 2 | U15: =SUM(E30:E33) -> 2 | V15: =SUM(F30:F33) -> 18 | W15: =SUM(G30:G33) -> 0 | X15: =SUM(H30:H33) -> 0 | Y15: =SUM(I30:I33) -> 9 | Z15: =SUM(J30:J33) -> 1 | ... AF15: =SUM(P30:P33) -> 95
B16: 08.30 - 08.45 | C16: 10 | D16: 0 | E16: 0 | F16: 4 | G16: 0 | H16: 0 | I16: 3 | J16: 0 | K16: 0 | L16: 0 | M16: 10 | N16: 0 | O16: =SUM(C16:L16,N16) -> 17 | P16: =SUM(C16:N16) -> 27 | R16: 1300-1400 | S16: =SUM(C34:C37) -> 12 | T16: =SUM(D34:D37) -> 1 | U16: =SUM(E34:E37) -> 0 | V16: =SUM(F34:F37) -> 24 | W16: =SUM(G34:G37) -> 0 | X16: =SUM(H34:H37) -> 0 | Y16: =SUM(I34:I37) -> 12 | Z16: =SUM(J34:J37) -> 2 | ... AF16: =SUM(P34:P37) -> 91
B17: 08.45 - 9.00 | C17: 2 | D17: 0 | E17: 1 | F17: 5 | G17: 0 | H17: 0 | I17: 4 | J17: 0 | K17: 0 | L17: 0 | M17: 24 | N17: 0 | O17: =SUM(C17:L17,N17) -> 12 | P17: =SUM(C17:N17) -> 36 | R17: 1400-1500 | S17: =SUM(C38:C41) -> 6 | T17: =SUM(D38:D41) -> 4 | U17: =SUM(E38:E41) -> 2 | V17: =SUM(F38:F41) -> 18 | W17: =SUM(G38:G41) -> 0 | X17: =SUM(H38:H41) -> 0 | Y17: =SUM(I38:I41) -> 9 | Z17: =SUM(J38:J41) -> 1 | ... AF17: =SUM(P38:P41) -> 80
B18: 09.00 - 09.15 | C18: 7 | D18: 1 | E18: 2 | F18: 4 | G18: 0 | H18: 0 | I18: 3 | J18: 2 | K18: 0 | L18: 0 | M18: 12 | N18: 0 | O18: =SUM(C18:L18,N18) -> 19 | P18: =SUM(C18:N18) -> 31 | R18: 1500-1600 | S18: =SUM(C42:C45) -> 19 | T18: =SUM(D42:D45) -> 1 | U18: =SUM(E42:E45) -> 0 | V18: =SUM(F42:F45) -> 21 | W18: =SUM(G42:G45) -> 0 | X18: =SUM(H42:H45) -> 0 | Y18: =SUM(I42:I45) -> 10 | Z18: =SUM(J42:J45) -> 3 | ... AF18: =SUM(P42:P45) -> 94
B19: 09.15 - 09.30 | C19: 5 | D19: 1 | E19: 1 | F19: 4 | G19: 0 | H19: 0 | I19: 3 | J19: 1 | K19: 0 | L19: 0 | M19: 15 | N19: 0 | O19: =SUM(C19:L19,N19) -> 15 | P19: =SUM(C19:N19) -> 30 | R19: 1600-1700 | S19: =SUM(C46:C49) -> 17 | T19: =SUM(D46:D49) -> 5 | U19: =SUM(E46:E49) -> 3 | V19: =SUM(F46:F49) -> 27 | W19: =SUM(G46:G49) -> 0 | X19: =SUM(H46:H49) -> 0 | Y19: =SUM(I46:I49) -> 6 | Z19: =SUM(J46:J49) -> 1 | ... AF19: =SUM(P46:P49) -> 110
B20: 09.30 - 09.45 | C20: 1 | D20: 1 | E20: 1 | F20: 2 | G20: 0 | H20: 0 | I20: 1 | J20: 0 | K20: 0 | L20: 0 | M20: 4 | N20: 0 | O20: =SUM(C20:L20,N20) -> 6 | P20: =SUM(C20:N20) -> 10 | R20: 1700-1800 | S20: =SUM(C50:C53) -> 18 | T20: =SUM(D50:D53) -> 3 | U20: =SUM(E50:E53) -> 1 | V20: =SUM(F50:F53) -> 32 | W20: =SUM(G50:G53) -> 2 | X20: =SUM(H50:H53) -> 0 | Y20: =SUM(I50:I53) -> 11 | Z20: =SUM(J50:J53) -> 0 | ... AF20: =SUM(P50:P53) -> 127
B21: 09.45 - 10.00 | C21: 10 | D21: 2 | E21: 0 | F21: 5 | G21: 0 | H21: 0 | I21: 2 | J21: 4 | K21: 0 | L21: 0 | M21: 24 | N21: 0 | O21: =SUM(C21:L21,N21) -> 23 | P21: =SUM(C21:N21) -> 47 | R21: 1800-1900 | S21: =SUM(C54:C57) -> 18 | T21: =SUM(D54:D57) -> 3 | U21: =SUM(E54:E57) -> 3 | V21: =SUM(F54:F57) -> 30 | W21: =SUM(G54:G57) -> 4 | X21: =SUM(H54:H57) -> 0 | Y21: =SUM(I54:I57) -> 10 | Z21: =SUM(J54:J57) -> 3 | ... AF21: =SUM(P54:P57) -> 125
B22: 10.00 - 10.15 | C22: 4 | D22: 2 | E22: 1 | F22: 4 | G22: 0 | H22: 0 | I22: 1 | J22: 0 | K22: 0 | L22: 0 | M22: 14 | N22: 0 | O22: =SUM(C22:L22,N22) -> 12 | P22: =SUM(C22:N22) -> 26 | R22: AM Peak Hr | S22: =MAX(S10:S12) -> 33 | T22: =MAX(T10:T12) -> 7 | U22: =MAX(U10:U12) -> 4 | V22: =MAX(V10:V12) -> 27 | W22: =MAX(W10:W12) -> 0 | X22: =MAX(X10:X12) -> 0 | Y22: =MAX(Y10:Y12) -> 10 | Z22: =MAX(Z10:Z12) -> 7 | ... AF22: =MAX(AF10:AF12) -> 195
B23: 10.15 - 10.30 | C23: 4 | D23: 1 | E23: 0 | F23: 3 | G23: 0 | H23: 0 | I23: 5 | J23: 0 | K23: 0 | L23: 0 | M23: 21 | N23: 0 | O23: =SUM(C23:L23,N23) -> 13 | P23: =SUM(C23:N23) -> 34 | R23: IP Peak Hr | S23: =MAX(S13:S18) -> 19 | T23: =MAX(T13:T18) -> 5 | U23: =MAX(U13:U18) -> 2 | V23: =MAX(V13:V18) -> 24 | W23: =MAX(W13:W18) -> 0 | X23: =MAX(X13:X18) -> 0 | Y23: =MAX(Y13:Y18) -> 13 | Z23: =MAX(Z13:Z18) -> 7 | ... AF23: =MAX(AF13:AF18) -> 116
B24: 10.30 - 10.45 | C24: 1 | D24: 0 | E24: 0 | F24: 5 | G24: 0 | H24: 0 | I24: 5 | J24: 2 | K24: 0 | L24: 0 | M24: 12 | N24: 0 | O24: =SUM(C24:L24,N24) -> 13 | P24: =SUM(C24:N24) -> 25 | R24: PM Peak Hr | S24: =MAX(S19:S21) -> 18 | T24: =MAX(T19:T21) -> 5 | U24: =MAX(U19:U21) -> 3 | V24: =MAX(V19:V21) -> 32 | W24: =MAX(W19:W21) -> 4 | X24: =MAX(X19:X21) -> 0 | Y24: =MAX(Y19:Y21) -> 11 | Z24: =MAX(Z19:Z21) -> 3 | ... AF24: =MAX(AF19:AF21) -> 127
B25: 10.45 - 11.00 | C25: 5 | D25: 2 | E25: 0 | F25: 5 | G25: 0 | H25: 0 | I25: 2 | J25: 0 | K25: 0 | L25: 0 | M25: 17 | N25: 0 | O25: =SUM(C25:L25,N25) -> 14 | P25: =SUM(C25:N25) -> 31 | R25: AM Period | S25: =SUM(S10:S12) -> 80 | T25: =SUM(T10:T12) -> 16 | U25: =SUM(U10:U12) -> 8 | V25: =SUM(V10:V12) -> 61 | W25: =SUM(W10:W12) -> 0 | X25: =SUM(X10:X12) -> 0 | Y25: =SUM(Y10:Y12) -> 28 | Z25: =SUM(Z10:Z12) -> 11 | ... AF25: =SUM(AF10:AF12) -> 454
B26: 11.00 - 11.15 | C26: 4 | D26: 1 | E26: 1 | F26: 7 | G26: 0 | H26: 0 | I26: 1 | J26: 1 | K26: 1 | L26: 0 | M26: 22 | N26: 0 | O26: =SUM(C26:L26,N26) -> 16 | P26: =SUM(C26:N26) -> 38 | R26: IP Period | S26: =SUM(S13:S18) -> 69 | T26: =SUM(T13:T18) -> 18 | U26: =SUM(U13:U18) -> 6 | V26: =SUM(V13:V18) -> 116 | W26: =SUM(W13:W18) -> 0 | X26: =SUM(X13:X18) -> 0 | Y26: =SUM(Y13:Y18) -> 60 | Z26: =SUM(Z13:Z18) -> 16 | ... AF26: =SUM(AF13:AF18) -> 587
B27: 11.15 - 11.30 | C27: 4 | D27: 2 | E27: 0 | F27: 4 | G27: 0 | H27: 0 | I27: 3 | J27: 2 | K27: 0 | L27: 1 | M27: 13 | N27: 0 | O27: =SUM(C27:L27,N27) -> 16 | P27: =SUM(C27:N27) -> 29 | R27: PM Period | S27: =SUM(S19:S21) -> 53 | T27: =SUM(T19:T21) -> 11 | U27: =SUM(U19:U21) -> 7 | V27: =SUM(V19:V21) -> 89 | W27: =SUM(W19:W21) -> 6 | X27: =SUM(X19:X21) -> 0 | Y27: =SUM(Y19:Y21) -> 27 | Z27: =SUM(Z19:Z21) -> 4 | ... AF27: =SUM(AF19:AF21) -> 362
B28: 11.30 - 11.45 | C28: 2 | D28: 1 | E28: 0 | F28: 4 | G28: 0 | H28: 0 | I28: 1 | J28: 2 | K28: 0 | L28: 0 | M28: 12 | N28: 0 | O28: =SUM(C28:L28,N28) -> 10 | P28: =SUM(C28:N28) -> 22 | R28: 12 Hours | S28: =SUM(S10:S21) -> 202 | T28: =SUM(T10:T21) -> 45 | U28: =SUM(U10:U21) -> 21 | V28: =SUM(V10:V21) -> 266 | W28: =SUM(W10:W21) -> 6 | X28: =SUM(X10:X21) -> 0 | Y28: =SUM(Y10:Y21) -> 115 | Z28: =SUM(Z10:Z21) -> 31 | ... AF28: =SUM(AF10:AF21) -> 1403
B29: 11.45 - 12.00 | C29: 1 | D29: 1 | E29: 0 | F29: 3 | G29: 0 | H29: 0 | I29: 2 | J29: 2 | K29: 0 | L29: 0 | M29: 13 | N29: 0 | O29: =SUM(C29:L29,N29) -> 9 | P29: =SUM(C29:N29) -> 22
B30: 12.00 - 12.15 | C30: 2 | D30: 0 | E30: 1 | F30: 5 | G30: 0 | H30: 0 | I30: 5 | J30: 0 | K30: 0 | L30: 0 | M30: 22 | N30: 0 | O30: =SUM(C30:L30,N30) -> 13 | P30: =SUM(C30:N30) -> 35
B31: 12.15 - 12.30 | C31: 1 | D31: 0 | E31: 0 | F31: 4 | G31: 0 | H31: 0 | I31: 1 | J31: 0 | K31: 0 | L31: 0 | M31: 10 | N31: 0 | O31: =SUM(C31:L31,N31) -> 6 | P31: =SUM(C31:N31) -> 16
B32: 12.30 - 12.45 | C32: 3 | D32: 2 | E32: 1 | F32: 5 | G32: 0 | H32: 0 | I32: 0 | J32: 1 | K32: 0 | L32: 0 | M32: 16 | N32: 0 | O32: =SUM(C32:L32,N32) -> 12 | P32: =SUM(C32:N32) -> 28
B33: 12.45 - 13.00 | C33: 1 | D33: 0 | E33: 0 | F33: 4 | G33: 0 | H33: 0 | I33: 3 | J33: 0 | K33: 0 | L33: 0 | M33: 8 | N33: 0 | O33: =SUM(C33:L33,N33) -> 8 | P33: =SUM(C33:N33) -> 16
B34: 13.00 - 13.15 | C34: 3 | D34: 1 | E34: 0 | F34: 2 | G34: 0 | H34: 0 | I34: 3 | J34: 1 | K34: 0 | L34: 0 | M34: 10 | N34: 0 | O34: =SUM(C34:L34,N34) -> 10 | P34: =SUM(C34:N34) -> 20
B35: 13.15 - 13.30 | C35: 0 | D35: 0 | E35: 0 | F35: 9 | G35: 0 | H35: 0 | I35: 2 | J35: 1 | K35: 0 | L35: 0 | M35: 7 | O35: =SUM(C35:L35,N35) -> 12 | P35: =SUM(C35:N35) -> 19
B36: 13.30 - 13.45 | C36: 3 | D36: 0 | E36: 0 | F36: 8 | G36: 0 | H36: 0 | I36: 5 | J36: 0 | K36: 0 | L36: 0 | M36: 14 | N36: 0 | O36: =SUM(C36:L36,N36) -> 16 | P36: =SUM(C36:N36) -> 30
B37: 13.45 - 14.00 | C37: 6 | D37: 0 | E37: 0 | F37: 5 | G37: 0 | H37: 0 | I37: 2 | J37: 0 | K37: 0 | L37: 0 | M37: 9 | N37: 0 | O37: =SUM(C37:L37,N37) -> 13 | P37: =SUM(C37:N37) -> 22
B38: 14.00 - 14.15 | C38: 0 | D38: 2 | E38: 0 | F38: 5 | G38: 0 | H38: 0 | I38: 3 | J38: 0 | K38: 0 | L38: 0 | M38: 9 | N38: 0 | O38: =SUM(C38:L38,N38) -> 10 | P38: =SUM(C38:N38) -> 19
B39: 14.15 - 14.30 | C39: 2 | D39: 1 | E39: 1 | F39: 3 | G39: 0 | H39: 0 | I39: 2 | J39: 0 | K39: 0 | L39: 0 | M39: 11 | N39: 0 | O39: =SUM(C39:L39,N39) -> 9 | P39: =SUM(C39:N39) -> 20
B40: 14.30 - 14.45 | C40: 1 | D40: 1 | E40: 1 | F40: 4 | G40: 0 | H40: 0 | I40: 3 | J40: 0 | K40: 0 | L40: 0 | M40: 9 | N40: 0 | O40: =SUM(C40:L40,N40) -> 10 | P40: =SUM(C40:N40) -> 19
B41: 14.45 - 15.00 | C41: 3 | D41: 0 | E41: 0 | F41: 6 | G41: 0 | H41: 0 | I41: 1 | J41: 1 | K41: 0 | L41: 0 | M41: 11 | N41: 0 | O41: =SUM(C41:L41,N41) -> 11 | P41: =SUM(C41:N41) -> 22
B42: 15.00 - 15.15 | C42: 8 | D42: 0 | E42: 0 | F42: 4 | G42: 0 | H42: 0 | I42: 1 | J42: 0 | K42: 0 | L42: 0 | M42: 7 | N42: 0 | O42: =SUM(C42:L42,N42) -> 13 | P42: =SUM(C42:N42) -> 20
B43: 15.15 - 15.30 | C43: 1 | D43: 1 | E43: 0 | F43: 6 | G43: 0 | H43: 0 | I43: 2 | J43: 1 | K43: 0 | L43: 0 | M43: 14 | N43: 0 | O43: =SUM(C43:L43,N43) -> 11 | P43: =SUM(C43:N43) -> 25
B44: 15.30 - 15.45 | C44: 8 | D44: 0 | E44: 0 | F44: 5 | G44: 0 | H44: 0 | I44: 4 | J44: 2 | K44: 0 | L44: 0 | M44: 10 | N44: 0 | O44: =SUM(C44:L44,N44) -> 19 | P44: =SUM(C44:N44) -> 29
B45: 15.45 - 16.00 | C45: 2 | D45: 0 | E45: 0 | F45: 6 | G45: 0 | H45: 0 | I45: 3 | J45: 0 | K45: 0 | L45: 0 | M45: 9 | N45: 0 | O45: =SUM(C45:L45,N45) -> 11 | P45: =SUM(C45:N45) -> 20
B46: 16.00 - 16.15 | C46: 4 | D46: 0 | E46: 1 | F46: 7 | G46: 0 | H46: 0 | I46: 1 | J46: 0 | K46: 0 | L46: 0 | M46: 12 | N46: 0 | O46: =SUM(C46:L46,N46) -> 13 | P46: =SUM(C46:N46) -> 25
B47: 16.15 -16.30 | C47: 6 | D47: 2 | E47: 1 | F47: 6 | G47: 0 | H47: 0 | I47: 1 | J47: 0 | K47: 0 | L47: 0 | M47: 10 | N47: 0 | O47: =SUM(C47:L47,N47) -> 16 | P47: =SUM(C47:N47) -> 26
... B57: 18.45 - 19.00 | C57: 3 | D57: 0 | E57: 1 | F57: 6 | G57: 2 | H57: 0 | I57: 2 | J57: 0 | K57: 0 | L57: 0 | M57: 11 | N57: 0 | O57: =SUM(C57:L57,N57) -> 14 | P57: =SUM(C57:N57) -> 25
B58: Totals | C58: =SUM(C10:C57) -> 202 | D58: =SUM(D10:D57) -> 45 | E58: =SUM(E10:E57) -> 21 | F58: =SUM(F10:F57) -> 266 | G58: =SUM(G10:G57) -> 6 | H58: =SUM(H10:H57) -> 0 | I58: =SUM(I10:I57) -> 115 | J58: =SUM(J10:J57) -> 31 | ... P58: =SUM(P10:P57) -> 1403
B59: %ges + MCs | C59: =C58/$P$58 -> 0.14397719 | D59: =D58/$P$58 -> 0.032074127 | E59: =E58/$P$58 -> 0.014967926 | F59: =F58/$P$58 -> 0.18959373 | G59: =G58/$P$58 -> 0.0042765502 | H59: =H58/$P$58 -> 0 | I59: =I58/$P$58 -> 0.081967213 | J59: =J58/$P$58 -> 0.02209551 | ... N59: =N58/$P$58 -> 0
B60: %ges w/o MCs | C60: =C58/$O$58 -> 0.29317852 | D60: =D58/$O$58 -> 0.065312046 | E60: =E58/$O$58 -> 0.030478955 | F60: =F58/$O$58 -> 0.38606676 | G60: =G58/$O$58 -> 0.0087082729 | H60: =H58/$O$58 -> 0 | I60: =I58/$O$58 -> 0.16690856 | J60: =J58/$O$58 -> 0.044992743 | ... L60: =L58/$O$58 -> 0.0014513788 | N60: =N58/$O$58 -> 0

Sheet 24.09 Busabala-Entebbe
B1: Consultancy services for Preparation of Expressway Development Master Plan (EDMP) for Uganda
B2: MANUAL CLASSIFIED COUNT (MCC)
B3: ROAD NAME: | C3: ='[1]24.09.2019 ENTEBBE RD-BUSABALA '!C3:G3 -> MCC-C2-STN53-BUSABALA ROAD
C5: Date | D5: ='[1]24.09.2019 ENTEBBE RD-BUSABALA '!D5 -> 24.09.19 | F5: Location | G5: ='[1]24.09.2019 ENTEBBE RD-BUSABALA '!G5:H5 -> ZIRANUMBU TOWN | J5: Surveyor | K5: GODFREY
C6: Dir. From | D6: BUSABALA RD | F6: Dir. To | G6: ENTEBBE RD | J6: Supervisor | K6: ='[1]24.09.2019 ENTEBBE RD-BUSABALA '!K6:L6 -> STEVEN
B8: Time / Veh Type | R8: SUMMARY TRAFFIC VOLUMES
C9: 1. Car | D9: 2. Station Wagon | E9: 3. Pickups | F9: 4. Minibus, matatu | G9: 5. Medium bus | H9: 6. Large Bus | I9: 7. Light Truck | J9: 8. Medium Truck | K9: 9. Heavy truck | L9: 10. Truck Trailer | M9: 11. Motor cycles | N9: 12. Tractors | O9: Total Excl M/Cycles | P9: Total All | R9: Time | S9: 1. Car | T9: 2. Station Wagon | U9: 3. Pickups | V9: 4. Minibus, matatu | W9: 5. Medium bus | X9: 6. Large Bus | Y9: 7. Light Truck | Z9: 8. Medium Truck | AA9: 9. Heavy truck | AB9: 10. Truck Trailer | AC9: 11. Motorcycles | AD9: 12. Tractors, Graders | AE9: Total Excl M/ Cycles | AF9: Total All
B10: 07.00 - 07.15 | C10: 4 | D10: 4 | E10: 0 | F10: 2 | G10: 0 | H10: 0 | I10: 0 | J10: 1 | K10: 0 | L10: 0 | M10: 7 | N10: 0 | O10: =SUM(C10:L10,N10) -> 11 | P10: =SUM(C10:N10) -> 18 | R10: 0700-0800 | S10: =SUM(C10:C13) -> 16 | T10: =SUM(D10:D13) -> 12 | U10: =SUM(E10:E13) -> 1 | V10: =SUM(F10:F13) -> 13 | W10: =SUM(G10:G13) -> 0 | X10: =SUM(H10:H13) -> 0 | Y10: =SUM(I10:I13) -> 5 | Z10: =SUM(J10:J13) -> 2 | ... AF10: =SUM(P10:P13) -> 86
B11: 07.15 - 07.30 | C11: 9 | D11: 4 | E11: 1 | F11: 2 | G11: 0 | H11: 0 | I11: 1 | J11: 1 | K11: 0 | L11: 0 | M11: 12 | N11: 0 | O11: =SUM(C11:L11,N11) -> 18 | P11: =SUM(C11:N11) -> 30 | R11: 0800-0900 | S11: =SUM(C14:C17) -> 11 | T11: =SUM(D14:D17) -> 4 | U11: =SUM(E14:E17) -> 2 | V11: =SUM(F14:F17) -> 10 | W11: =SUM(G14:G17) -> 0 | X11: =SUM(H14:H17) -> 0 | Y11: =SUM(I14:I17) -> 4 | Z11: =SUM(J14:J17) -> 0 | ... AF11: =SUM(P14:P17) -> 60
B12: 07.30 - 07.45 | C12: 2 | D12: 1 | E12: 0 | F12: 5 | G12: 0 | H12: 0 | I12: 2 | J12: 0 | K12: 0 | L12: 0 | M12: 11 | N12: 0 | O12: =SUM(C12:L12,N12) -> 10 | P12: =SUM(C12:N12) -> 21 | R12: 0900-1000 | S12: =SUM(C18:C21) -> 5 | T12: =SUM(D18:D21) -> 2 | U12: =SUM(E18:E21) -> 0 | V12: =SUM(F18:F21) -> 13 | W12: =SUM(G18:G21) -> 1 | X12: =SUM(H18:H21) -> 0 | Y12: =SUM(I18:I21) -> 7 | Z12: =SUM(J18:J21) -> 1 | ... AF12: =SUM(P18:P21) -> 63
B13: 07.45 - 08.00 | C13: 1 | D13: 3 | E13: 0 | F13: 4 | G13: 0 | H13: 0 | I13: 2 | J13: 0 | K13: 0 | L13: 0 | M13: 7 | N13: 0 | O13: =SUM(C13:L13,N13) -> 10 | P13: =SUM(C13:N13) -> 17 | R13: 1000-1100 | S13: =SUM(C22:C25) -> 8 | T13: =SUM(D22:D25) -> 4 | U13: =SUM(E22:E25) -> 1 | V13: =SUM(F22:F25) -> 12 | W13: =SUM(G22:G25) -> 0 | X13: =SUM(H22:H25) -> 0 | Y13: =SUM(I22:I25) -> 7 | Z13: =SUM(J22:J25) -> 1 | ... AF13: =SUM(P22:P25) -> 80
B14: 08.00 - 08.15 | C14: 2 | D14: 1 | E14: 0 | F14: 4 | G14: 0 | H14: 0 | I14: 1 | J14: 0 | K14: 0 | L14: 0 | M14: 3 | N14: 0 | O14: =SUM(C14:L14,N14) -> 8 | P14: =SUM(C14:N14) -> 11 | R14: 1100-1200 | S14: =SUM(C26:C29) -> 6 | T14: =SUM(D26:D29) -> 4 | U14: =SUM(E26:E29) -> 2 | V14: =SUM(F26:F29) -> 13 | W14: =SUM(G26:G29) -> 0 | X14: =SUM(H26:H29) -> 0 | Y14: =SUM(I26:I29) -> 8 | Z14: =SUM(J26:J29) -> 3 | ... AF14: =SUM(P26:P29) -> 74
B15: 08.15 - 08.30 | C15: 4 | D15: 3 | E15: 0 | F15: 2 | G15: 0 | H15: 0 | I15: 1 | J15: 0 | K15: 0 | L15: 0 | M15: 11 | N15: 0 | O15: =SUM(C15:L15,N15) -> 10 | P15: =SUM(C15:N15) -> 21 | R15: 1200-1300 | S15: =SUM(C30:C33) -> 12 | T15: =SUM(D30:D33) -> 8 | U15: =SUM(E30:E33) -> 3 | V15: =SUM(F30:F33) -> 11 | W15: =SUM(G30:G33) -> 0 | X15: =SUM(H30:H33) -> 0 | Y15: =SUM(I30:I33) -> 8 | Z15: =SUM(J30:J33) -> 3 | ... AF15: =SUM(P30:P33) -> 77
B16: 08.30 - 08.45 | C16: 0 | D16: 0 | E16: 0 | F16: 2 | G16: 0 | H16: 0 | I16: 1 | J16: 0 | K16: 0 | L16: 0 | M16: 5 | N16: 0 | O16: =SUM(C16:L16,N16) -> 3 | P16: =SUM(C16:N16) -> 8 | R16: 1300-1400 | S16: =SUM(C34:C37) -> 10 | T16: =SUM(D34:D37) -> 4 | U16: =SUM(E34:E37) -> 0 | V16: =SUM(F34:F37) -> 9 | W16: =SUM(G34:G37) -> 0 | X16: =SUM(H34:H37) -> 0 | Y16: =SUM(I34:I37) -> 5 | Z16: =SUM(J34:J37) -> 1 | ... AF16: =SUM(P34:P37) -> 51
B17: 08.45 - 9.00 | C17: 5 | D17: 0 | E17: 2 | F17: 2 | G17: 0 | H17: 0 | I17: 1 | J17: 0 | K17: 0 | L17: 0 | M17: 10 | N17: 0 | O17: =SUM(C17:L17,N17) -> 10 | P17: =SUM(C17:N17) -> 20 | R17: 1400-1500 | S17: =SUM(C38:C41) -> 22 | T17: =SUM(D38:D41) -> 6 | U17: =SUM(E38:E41) -> 4 | V17: =SUM(F38:F41) -> 13 | W17: =SUM(G38:G41) -> 0 | X17: =SUM(H38:H41) -> 0 | Y17: =SUM(I38:I41) -> 4 | Z17: =SUM(J38:J41) -> 0 | ... AF17: =SUM(P38:P41) -> 77
B18: 09.00 - 09.15 | C18: 1 | D18: 0 | E18: 0 | F18: 3 | G18: 0 | H18: 0 | I18: 2 | J18: 0 | K18: 0 | L18: 0 | M18: 7 | N18: 0 | O18: =SUM(C18:L18,N18) -> 6 | P18: =SUM(C18:N18) -> 13 | R18: 1500-1600 | S18: =SUM(C42:C45) -> 13 | T18: =SUM(D42:D45) -> 7 | U18: =SUM(E42:E45) -> 1 | V18: =SUM(F42:F45) -> 14 | W18: =SUM(G42:G45) -> 0 | X18: =SUM(H42:H45) -> 0 | Y18: =SUM(I42:I45) -> 12 | Z18: =SUM(J42:J45) -> 1 | ... AF18: =SUM(P42:P45) -> 76
B19: 09.15 - 09.30 | C19: 2 | D19: 2 | E19: 0 | F19: 3 | G19: 0 | H19: 0 | I19: 0 | J19: 0 | K19: 0 | L19: 0 | M19: 16 | N19: 0 | O19: =SUM(C19:L19,N19) -> 7 | P19: =SUM(C19:N19) -> 23 | R19: 1600-1700 | S19: =SUM(C46:C49) -> 15 | T19: =SUM(D46:D49) -> 11 | U19: =SUM(E46:E49) -> 4 | V19: =SUM(F46:F49) -> 11 | W19: =SUM(G46:G49) -> 0 | X19: =SUM(H46:H49) -> 0 | Y19: =SUM(I46:I49) -> 6 | Z19: =SUM(J46:J49) -> 2 | ... AF19: =SUM(P46:P49) -> 82
B20: 09.30 - 09.45 | C20: 0 | D20: 0 | E20: 0 | F20: 3 | G20: 1 | H20: 0 | I20: 1 | J20: 1 | K20: 0 | L20: 0 | M20: 3 | N20: 0 | O20: =SUM(C20:L20,N20) -> 6 | P20: =SUM(C20:N20) -> 9 | R20: 1700-1800 | S20: =SUM(C50:C53) -> 19 | T20: =SUM(D50:D53) -> 3 | U20: =SUM(E50:E53) -> 1 | V20: =SUM(F50:F53) -> 16 | W20: =SUM(G50:G53) -> 0 | X20: =SUM(H50:H53) -> 0 | Y20: =SUM(I50:I53) -> 9 | Z20: =SUM(J50:J53) -> 2 | ... AF20: =SUM(P50:P53) -> 83
B21: 09.45 - 10.00 | C21: 2 | D21: 0 | E21: 0 | F21: 4 | G21: 0 | H21: 0 | I21: 4 | J21: 0 | K21: 0 | L21: 0 | M21: 8 | N21: 0 | O21: =SUM(C21:L21,N21) -> 10 | P21: =SUM(C21:N21) -> 18 | R21: 1800-1900 | S21: =SUM(C54:C57) -> 26 | T21: =SUM(D54:D57) -> 16 | U21: =SUM(E54:E57) -> 4 | V21: =SUM(F54:F57) -> 17 | W21: =SUM(G54:G57) -> 0 | X21: =SUM(H54:H57) -> 0 | Y21: =SUM(I54:I57) -> 12 | Z21: =SUM(J54:J57) -> 0 | ... AF21: =SUM(P54:P57) -> 122
B22: 10.00 - 10.15 | C22: 4 | D22: 2 | E22: 1 | F22: 4 | G22: 0 | H22: 0 | I22: 3 | J22: 0 | K22: 0 | L22: 0 | M22: 7 | N22: 0 | O22: =SUM(C22:L22,N22) -> 14 | P22: =SUM(C22:N22) -> 21 | R22: AM Peak Hr | S22: =MAX(S10:S12) -> 16 | T22: =MAX(T10:T12) -> 12 | U22: =MAX(U10:U12) -> 2 | V22: =MAX(V10:V12) -> 13 | W22: =MAX(W10:W12) -> 1 | X22: =MAX(X10:X12) -> 0 | Y22: =MAX(Y10:Y12) -> 7 | Z22: =MAX(Z10:Z12) -> 2 | ... AF22: =MAX(AF10:AF12) -> 86
B23: 10.15 - 10.30 | C23: 2 | D23: 1 | E23: 0 | F23: 3 | G23: 0 | H23: 0 | I23: 0 | J23: 0 | K23: 0 | L23: 0 | M23: 17 | N23: 0 | O23: =SUM(C23:L23,N23) -> 6 | P23: =SUM(C23:N23) -> 23 | R23: IP Peak Hr | S23: =MAX(S13:S18) -> 22 | T23: =MAX(T13:T18) -> 8 | U23: =MAX(U13:U18) -> 4 | V23: =MAX(V13:V18) -> 14 | W23: =MAX(W13:W18) -> 0 | X23: =MAX(X13:X18) -> 0 | Y23: =MAX(Y13:Y18) -> 12 | Z23: =MAX(Z13:Z18) -> 3 | ... AF23: =MAX(AF13:AF18) -> 80
B24: 10.30 - 10.45 | C24: 1 | D24: 0 | E24: 0 | F24: 2 | G24: 0 | H24: 0 | I24: 3 | J24: 1 | K24: 0 | L24: 0 | M24: 6 | N24: 0 | O24: =SUM(C24:L24,N24) -> 7 | P24: =SUM(C24:N24) -> 13 | R24: PM Peak Hr | S24: =MAX(S19:S21) -> 26 | T24: =MAX(T19:T21) -> 16 | U24: =MAX(U19:U21) -> 4 | V24: =MAX(V19:V21) -> 17 | W24: =MAX(W19:W21) -> 0 | X24: =MAX(X19:X21) -> 0 | Y24: =MAX(Y19:Y21) -> 12 | Z24: =MAX(Z19:Z21) -> 2 | ... AF24: =MAX(AF19:AF21) -> 122
B25: 10.45 - 11.00 | C25: 1 | D25: 1 | E25: 0 | F25: 3 | G25: 0 | H25: 0 | I25: 1 | J25: 0 | K25: 0 | L25: 0 | M25: 17 | N25: 0 | O25: =SUM(C25:L25,N25) -> 6 | P25: =SUM(C25:N25) -> 23 | R25: AM Period | S25: =SUM(S10:S12) -> 32 | T25: =SUM(T10:T12) -> 18 | U25: =SUM(U10:U12) -> 3 | V25: =SUM(V10:V12) -> 36 | W25: =SUM(W10:W12) -> 1 | X25: =SUM(X10:X12) -> 0 | Y25: =SUM(Y10:Y12) -> 16 | Z25: =SUM(Z10:Z12) -> 3 | ... AF25: =SUM(AF10:AF12) -> 209
B26: 11.00 - 11.15 | C26: 3 | D26: 1 | E26: 1 | F26: 4 | G26: 0 | H26: 0 | I26: 3 | J26: 0 | K26: 0 | L26: 0 | M26: 12 | N26: 0 | O26: =SUM(C26:L26,N26) -> 12 | P26: =SUM(C26:N26) -> 24 | R26: IP Period | S26: =SUM(S13:S18) -> 71 | T26: =SUM(T13:T18) -> 33 | U26: =SUM(U13:U18) -> 11 | V26: =SUM(V13:V18) -> 72 | W26: =SUM(W13:W18) -> 0 | X26: =SUM(X13:X18) -> 0 | Y26: =SUM(Y13:Y18) -> 44 | Z26: =SUM(Z13:Z18) -> 9 | ... AF26: =SUM(AF13:AF18) -> 435
B27: 11.15 - 11.30 | C27: 3 | D27: 0 | E27: 0 | F27: 4 | G27: 0 | H27: 0 | I27: 2 | J27: 3 | K27: 0 | L27: 0 | M27: 15 | N27: 0 | O27: =SUM(C27:L27,N27) -> 12 | P27: =SUM(C27:N27) -> 27 | R27: PM Period | S27: =SUM(S19:S21) -> 60 | T27: =SUM(T19:T21) -> 30 | U27: =SUM(U19:U21) -> 9 | V27: =SUM(V19:V21) -> 44 | W27: =SUM(W19:W21) -> 0 | X27: =SUM(X19:X21) -> 0 | Y27: =SUM(Y19:Y21) -> 27 | Z27: =SUM(Z19:Z21) -> 4 | ... AF27: =SUM(AF19:AF21) -> 287
B28: 11.30 - 11.45 | C28: 0 | D28: 1 | E28: 0 | F28: 1 | G28: 0 | H28: 0 | I28: 2 | J28: 0 | K28: 0 | L28: 0 | M28: 7 | N28: 0 | O28: =SUM(C28:L28,N28) -> 4 | P28: =SUM(C28:N28) -> 11 | R28: 12 Hours | S28: =SUM(S10:S21) -> 163 | T28: =SUM(T10:T21) -> 81 | U28: =SUM(U10:U21) -> 23 | V28: =SUM(V10:V21) -> 152 | W28: =SUM(W10:W21) -> 1 | X28: =SUM(X10:X21) -> 0 | Y28: =SUM(Y10:Y21) -> 87 | Z28: =SUM(Z10:Z21) -> 16 | ... AF28: =SUM(AF10:AF21) -> 931
B29: 11.45 - 12.00 | C29: 0 | D29: 2 | E29: 1 | F29: 4 | G29: 0 | H29: 0 | I29: 1 | J29: 0 | K29: 0 | L29: 0 | M29: 4 | N29: 0 | O29: =SUM(C29:L29,N29) -> 8 | P29: =SUM(C29:N29) -> 12
B30: 12.00 - 12.15 | C30: 3 | D30: 1 | E30: 2 | F30: 3 | G30: 0 | H30: 0 | I30: 0 | J30: 0 | K30: 0 | L30: 0 | M30: 7 | N30: 0 | O30: =SUM(C30:L30,N30) -> 9 | P30: =SUM(C30:N30) -> 16
B31: 12.15 - 12.30 | C31: 4 | D31: 2 | E31: 0 | F31: 2 | G31: 0 | H31: 0 | I31: 2 | J31: 1 | K31: 0 | L31: 0 | M31: 7 | N31: 0 | O31: =SUM(C31:L31,N31) -> 11 | P31: =SUM(C31:N31) -> 18
B32: 12.30 - 12.45 | C32: 2 | D32: 0 | E32: 0 | F32: 4 | G32: 0 | H32: 0 | I32: 1 | J32: 1 | K32: 0 | L32: 0 | M32: 14 | N32: 0 | O32: =SUM(C32:L32,N32) -> 8 | P32: =SUM(C32:N32) -> 22
B33: 12.45 - 13.00 | C33: 3 | D33: 5 | E33: 1 | F33: 2 | G33: 0 | H33: 0 | I33: 5 | J33: 1 | K33: 0 | L33: 0 | M33: 4 | N33: 0 | O33: =SUM(C33:L33,N33) -> 17 | P33: =SUM(C33:N33) -> 21
B34: 13.00 - 13.15 | C34: 3 | D34: 0 | E34: 0 | F34: 0 | G34: 0 | H34: 0 | I34: 0 | J34: 1 | K34: 0 | L34: 0 | M34: 8 | N34: 0 | O34: =SUM(C34:L34,N34) -> 4 | P34: =SUM(C34:N34) -> 12
B35: 13.15 - 13.30 | C35: 2 | D35: 3 | E35: 0 | F35: 4 | G35: 0 | H35: 0 | I35: 2 | J35: 0 | K35: 0 | L35: 0 | M35: 4 | N35: 0 | O35: =SUM(C35:L35,N35) -> 11 | P35: =SUM(C35:N35) -> 15
B36: 13.30 - 13.45 | C36: 2 | D36: 0 | E36: 0 | F36: 2 | G36: 0 | H36: 0 | I36: 1 | J36: 0 | K36: 0 | L36: 0 | M36: 1 | N36: 0 | O36: =SUM(C36:L36,N36) -> 5 | P36: =SUM(C36:N36) -> 6
B37: 13.45 - 14.00 | C37: 3 | D37: 1 | E37: 0 | F37: 3 | G37: 0 | H37: 0 | I37: 2 | J37: 0 | K37: 0 | L37: 0 | M37: 9 | N37: 0 | O37: =SUM(C37:L37,N37) -> 9 | P37: =SUM(C37:N37) -> 18
B38: 14.00 - 14.15 | C38: 8 | D38: 0 | E38: 1 | F38: 3 | G38: 0 | H38: 0 | I38: 1 | J38: 0 | K38: 0 | L38: 0 | M38: 5 | N38: 0 | O38: =SUM(C38:L38,N38) -> 13 | P38: =SUM(C38:N38) -> 18
B39: 14.15 - 14.30 | C39: 9 | D39: 2 | E39: 1 | F39: 2 | G39: 0 | H39: 0 | I39: 1 | J39: 0 | K39: 0 | L39: 0 | M39: 8 | N39: 0 | O39: =SUM(C39:L39,N39) -> 15 | P39: =SUM(C39:N39) -> 23
B40: 14.30 - 14.45 | C40: 3 | D40: 2 | E40: 0 | F40: 4 | G40: 0 | H40: 0 | I40: 2 | J40: 0 | K40: 0 | L40: 0 | M40: 5 | N40: 0 | O40: =SUM(C40:L40,N40) -> 11 | P40: =SUM(C40:N40) -> 16
... B57: 18.45 - 19.00 | C57: 6 | D57: 6 | E57: 1 | F57: 7 | G57: 0 | H57: 0 | I57: 3 | J57: 0 | K57: 0 | L57: 0 | M57: 16 | N57: 0 | O57: =SUM(C57:L57,N57) -> 23 | P57: =SUM(C57:N57) -> 39
B58: Totals | C58: =SUM(C10:C57) -> 163 | D58: =SUM(D10:D57) -> 81 | E58: =SUM(E10:E57) -> 23 | F58: =SUM(F10:F57) -> 152 | G58: =SUM(G10:G57) -> 1 | H58: =SUM(H10:H57) -> 0 | I58: =SUM(I10:I57) -> 87 | J58: =SUM(J10:J57) -> 16 | ... P58: =SUM(P10:P57) -> 931
B59: %ges + MCs | C59: =C58/$P$58 -> 0.17508056 | D59: =D58/$P$58 -> 0.087003222 | E59: =E58/$P$58 -> 0.024704619 | F59: =F58/$P$58 -> 0.16326531 | G59: =G58/$P$58 -> 0.0010741139 | H59: =H58/$P$58 -> 0 | I59: =I58/$P$58 -> 0.093447905 | J59: =J58/$P$58 -> 0.017185822 | ... N59: =N58/$P$58 -> 0
B60: %ges w/o MCs | C60: =C58/$O$58 -> 0.3110687 | D60: =D58/$O$58 -> 0.15458015 | E60: =E58/$O$58 -> 0.04389313 | F60: =F58/$O$58 -> 0.29007634 | G60: =G58/$O$58 -> 0.0019083969 | H60: =H58/$O$58 -> 0 | I60: =I58/$O$58 -> 0.16603053 | J60: =J58/$O$58 -> 0.030534351 | ... L60: =L58/$O$58 -> 0 | N60: =N58/$O$58 -> 0

Sheet 25.09 Entebbe-Busabala
B1: Consultancy services for Preparation of Expressway Development Master Plan (EDMP) for Uganda
B2: MANUAL CLASSIFIED COUNT (MCC)
B3: ROAD NAME: | C3: ='23.09.19 Entebbe-Busabala'!C3:G3 -> MCC - C2 - STN053 - Busabala RD
C5: Date | D5: 25.09.19 | F5: Location | G5: ='23.09.19 Entebbe-Busabala'!G5:H5 -> Ziranumbu town | J5: Surveyor | K5: ='23.09.19 Entebbe-Busabala'!K5:L5 -> Ssemuko S
C6: Dir. From | D6: ='23.09.19 Entebbe-Busabala'!D6:E6 -> ENTEBBE | F6: Dir. To | G6: ='23.09.19 Entebbe-Busabala'!G6:H6 -> BUSABALA | J6: Supervisor | K6: ='23.09.19 Entebbe-Busabala'!K6:L6 -> Steven
B8: Time / Veh Type | R8: SUMMARY TRAFFIC VOLUMES
C9: 1. Car | D9: 2. Station Wagon | E9: 3. Pickups | F9: 4. Minibus, matatu | G9: 5. Medium bus | H9: 6. Large Bus | I9: 7. Light Truck | J9: 8. Medium Truck | K9: 9. Heavy truck | L9: 10. Truck Trailer | M9: 11. Motor cycles | N9: 12. Tractors | O9: Total Excl M/Cycles | P9: Total All | R9: Time | S9: 1. Car | T9: 2. Station Wagon | U9: 3. Pickups | V9: 4. Minibus, matatu | W9: 5. Medium bus | X9: 6. Large Bus | Y9: 7. Light Truck | Z9: 8. Medium Truck | AA9: 9. Heavy truck | AB9: 10. Truck Trailer | AC9: 11. Motorcycles | AD9: 12. Tractors, Graders | AE9: Total Excl M/ Cycles | AF9: Total All
B10: 07.00 - 07.15 | C10: 13 | D10: 4 | E10: 1 | F10: 10 | G10: 0 | H10: 0 | I10: 1 | J10: 1 | K10: 0 | L10: 0 | M10: 33 | N10: 0 | O10: =SUM(C10:L10,N10) -> 30 | P10: =SUM(C10:N10) -> 63 | R10: 0700-0800 | S10: =SUM(C10:C13) -> 47 | T10: =SUM(D10:D13) -> 9 | U10: =SUM(E10:E13) -> 4 | V10: =SUM(F10:F13) -> 28 | W10: =SUM(G10:G13) -> 0 | X10: =SUM(H10:H13) -> 0 | Y10: =SUM(I10:I13) -> 12 | Z10: =SUM(J10:J13) -> 2 | ... AF10: =SUM(P10:P13) -> 212
B11: 07.15 - 07.30 | C11: 14 | D11: 2 | E11: 1 | F11: 4 | G11: 0 | H11: 0 | I11: 6 | J11: 0 | K11: 0 | L11: 0 | M11: 28 | N11: 0 | O11: =SUM(C11:L11,N11) -> 27 | P11: =SUM(C11:N11) -> 55 | R11: 0800-0900 | S11: =SUM(C14:C17) -> 21 | T11: =SUM(D14:D17) -> 3 | U11: =SUM(E14:E17) -> 0 | V11: =SUM(F14:F17) -> 18 | W11: =SUM(G14:G17) -> 0 | X11: =SUM(H14:H17) -> 0 | Y11: =SUM(I14:I17) -> 14 | Z11: =SUM(J14:J17) -> 3 | ... AF11: =SUM(P14:P17) -> 122
B12: 07.30 - 07.45 | C12: 12 | D12: 1 | E12: 1 | F12: 7 | G12: 0 | H12: 0 | I12: 1 | J12: 1 | K12: 0 | L12: 0 | M12: 27 | N12: 0 | O12: =SUM(C12:L12,N12) -> 23 | P12: =SUM(C12:N12) -> 50 | R12: 0900-1000 | S12: =SUM(C18:C21) -> 19 | T12: =SUM(D18:D21) -> 5 | U12: =SUM(E18:E21) -> 2 | V12: =SUM(F18:F21) -> 18 | W12: =SUM(G18:G21) -> 0 | X12: =SUM(H18:H21) -> 0 | Y12: =SUM(I18:I21) -> 8 | Z12: =SUM(J18:J21) -> 2 | ... AF12: =SUM(P18:P21) -> 109
B13: 07.45 - 08.00 | C13: 8 | D13: 2 | E13: 1 | F13: 7 | G13: 0 | H13: 0 | I13: 4 | J13: 0 | K13: 0 | L13: 0 | M13: 22 | N13: 0 | O13: =SUM(C13:L13,N13) -> 22 | P13: =SUM(C13:N13) -> 44 | R13: 1000-1100 | S13: =SUM(C22:C25) -> 23 | T13: =SUM(D22:D25) -> 4 | U13: =SUM(E22:E25) -> 2 | V13: =SUM(F22:F25) -> 17 | W13: =SUM(G22:G25) -> 0 | X13: =SUM(H22:H25) -> 0 | Y13: =SUM(I22:I25) -> 11 | Z13: =SUM(J22:J25) -> 3 | ... AF13: =SUM(P22:P25) -> 101
B14: 08.00 - 08.15 | C14: 5 | D14: 1 | E14: 0 | F14: 3 | G14: 0 | H14: 0 | I14: 5 | J14: 0 | K14: 1 | L14: 0 | M14: 15 | N14: 0 | O14: =SUM(C14:L14,N14) -> 15 | P14: =SUM(C14:N14) -> 30 | R14: 1100-1200 | S14: =SUM(C26:C29) -> 12 | T14: =SUM(D26:D29) -> 3 | U14: =SUM(E26:E29) -> 1 | V14: =SUM(F26:F29) -> 15 | W14: =SUM(G26:G29) -> 1 | X14: =SUM(H26:H29) -> 0 | Y14: =SUM(I26:I29) -> 8 | Z14: =SUM(J26:J29) -> 3 | ... AF14: =SUM(P26:P29) -> 109
B15: 08.15 - 08.30 | C15: 5 | D15: 0 | E15: 0 | F15: 2 | G15: 0 | H15: 0 | I15: 3 | J15: 0 | K15: 0 | L15: 0 | M15: 11 | N15: 0 | O15: =SUM(C15:L15,N15) -> 10 | P15: =SUM(C15:N15) -> 21 | R15: 1200-1300 | S15: =SUM(C30:C33) -> 12 | T15: =SUM(D30:D33) -> 1 | U15: =SUM(E30:E33) -> 2 | V15: =SUM(F30:F33) -> 15 | W15: =SUM(G30:G33) -> 0 | X15: =SUM(H30:H33) -> 0 | Y15: =SUM(I30:I33) -> 11 | Z15: =SUM(J30:J33) -> 3 | ... AF15: =SUM(P30:P33) -> 100
B16: 08.30 - 08.45 | C16: 4 | D16: 1 | E16: 0 | F16: 6 | G16: 0 | H16: 0 | I16: 3 | J16: 1 | K16: 0 | L16: 0 | M16: 8 | N16: 0 | O16: =SUM(C16:L16,N16) -> 15 | P16: =SUM(C16:N16) -> 23 | R16: 1300-1400 | S16: =SUM(C34:C37) -> 11 | T16: =SUM(D34:D37) -> 3 | U16: =SUM(E34:E37) -> 1 | V16: =SUM(F34:F37) -> 15 | W16: =SUM(G34:G37) -> 0 | X16: =SUM(H34:H37) -> 0 | Y16: =SUM(I34:I37) -> 11 | Z16: =SUM(J34:J37) -> 2 | ... AF16: =SUM(P34:P37) -> 105
B17: 08.45 - 9.00 | C17: 7 | D17: 1 | E17: 0 | F17: 7 | G17: 0 | H17: 0 | I17: 3 | J17: 2 | K17: 0 | L17: 0 | M17: 28 | N17: 0 | O17: =SUM(C17:L17,N17) -> 20 | P17: =SUM(C17:N17) -> 48 | R17: 1400-1500 | S17: =SUM(C38:C41) -> 16 | T17: =SUM(D38:D41) -> 2 | U17: =SUM(E38:E41) -> 1 | V17: =SUM(F38:F41) -> 21 | W17: =SUM(G38:G41) -> 0 | X17: =SUM(H38:H41) -> 0 | Y17: =SUM(I38:I41) -> 9 | Z17: =SUM(J38:J41) -> 0 | ... AF17: =SUM(P38:P41) -> 85
B18: 09.00 - 09.15 | C18: 4 | D18: 3 | E18: 1 | F18: 2 | G18: 0 | H18: 0 | I18: 3 | J18: 0 | K18: 0 | L18: 0 | M18: 21 | N18: 0 | O18: =SUM(C18:L18,N18) -> 13 | P18: =SUM(C18:N18) -> 34 | R18: 1500-1600 | S18: =SUM(C42:C45) -> 10 | T18: =SUM(D42:D45) -> 1 | U18: =SUM(E42:E45) -> 1 | V18: =SUM(F42:F45) -> 13 | W18: =SUM(G42:G45) -> 0 | X18: =SUM(H42:H45) -> 0 | Y18: =SUM(I42:I45) -> 9 | Z18: =SUM(J42:J45) -> 3 | ... AF18: =SUM(P42:P45) -> 74
B19: 09.15 - 09.30 | C19: 4 | D19: 1 | E19: 1 | F19: 6 | G19: 0 | H19: 0 | I19: 1 | J19: 1 | K19: 0 | L19: 0 | M19: 10 | N19: 0 | O19: =SUM(C19:L19,N19) -> 14 | P19: =SUM(C19:N19) -> 24 | R19: 1600-1700 | S19: =SUM(C46:C49) -> 8 | T19: =SUM(D46:D49) -> 4 | U19: =SUM(E46:E49) -> 1 | V19: =SUM(F46:F49) -> 26 | W19: =SUM(G46:G49) -> 0 | X19: =SUM(H46:H49) -> 0 | Y19: =SUM(I46:I49) -> 7 | Z19: =SUM(J46:J49) -> 1 | ... AF19: =SUM(P46:P49) -> 78
B20: 09.30 - 09.45 | C20: 6 | D20: 0 | E20: 0 | F20: 7 | G20: 0 | H20: 0 | I20: 2 | J20: 1 | K20: 0 | L20: 0 | M20: 5 | N20: 0 | O20: =SUM(C20:L20,N20) -> 16 | P20: =SUM(C20:N20) -> 21 | R20: 1700-1800 | S20: =SUM(C50:C53) -> 19 | T20: =SUM(D50:D53) -> 2 | U20: =SUM(E50:E53) -> 1 | V20: =SUM(F50:F53) -> 24 | W20: =SUM(G50:G53) -> 2 | X20: =SUM(H50:H53) -> 0 | Y20: =SUM(I50:I53) -> 8 | Z20: =SUM(J50:J53) -> 3 | ... AF20: =SUM(P50:P53) -> 112
B21: 09.45 - 10.00 | C21: 5 | D21: 1 | E21: 0 | F21: 3 | G21: 0 | H21: 0 | I21: 2 | J21: 0 | K21: 0 | L21: 0 | M21: 18 | N21: 1 | O21: =SUM(C21:L21,N21) -> 12 | P21: =SUM(C21:N21) -> 30 | R21: 1800-1900 | S21: =SUM(C54:C57) -> 16 | T21: =SUM(D54:D57) -> 3 | U21: =SUM(E54:E57) -> 6 | V21: =SUM(F54:F57) -> 35 | W21: =SUM(G54:G57) -> 4 | X21: =SUM(H54:H57) -> 0 | Y21: =SUM(I54:I57) -> 8 | Z21: =SUM(J54:J57) -> 4 | ... AF21: =SUM(P54:P57) -> 136
B22: 10.00 - 10.15 | C22: 8 | D22: 1 | E22: 0 | F22: 4 | G22: 0 | H22: 0 | I22: 0 | J22: 1 | K22: 0 | L22: 0 | M22: 13 | N22: 0 | O22: =SUM(C22:L22,N22) -> 14 | P22: =SUM(C22:N22) -> 27 | R22: AM Peak Hr | S22: =MAX(S10:S12) -> 47 | T22: =MAX(T10:T12) -> 9 | U22: =MAX(U10:U12) -> 4 | V22: =MAX(V10:V12) -> 28 | W22: =MAX(W10:W12) -> 0 | X22: =MAX(X10:X12) -> 0 | Y22: =MAX(Y10:Y12) -> 14 | Z22: =MAX(Z10:Z12) -> 3 | ... AF22: =MAX(AF10:AF12) -> 212
B23: 10.15 - 10.30 | C23: 3 | D23: 1 | E23: 0 | F23: 6 | G23: 0 | H23: 0 | I23: 2 | J23: 0 | K23: 0 | L23: 0 | M23: 5 | N23: 0 | O23: =SUM(C23:L23,N23) -> 12 | P23: =SUM(C23:N23) -> 17 | R23: IP Peak Hr | S23: =MAX(S13:S18) -> 23 | T23: =MAX(T13:T18) -> 4 | U23: =MAX(U13:U18) -> 2 | V23: =MAX(V13:V18) -> 21 | W23: =MAX(W13:W18) -> 1 | X23: =MAX(X13:X18) -> 0 | Y23: =MAX(Y13:Y18) -> 11 | Z23: =MAX(Z13:Z18) -> 3 | ... AF23: =MAX(AF13:AF18) -> 109
B24: 10.30 - 10.45 | C24: 9 | D24: 0 | E24: 1 | F24: 2 | G24: 0 | H24: 0 | I24: 7 | J24: 0 | K24: 0 | L24: 0 | M24: 17 | N24: 0 | O24: =SUM(C24:L24,N24) -> 19 | P24: =SUM(C24:N24) -> 36 | R24: PM Peak Hr | S24: =MAX(S19:S21) -> 19 | T24: =MAX(T19:T21) -> 4 | U24: =MAX(U19:U21) -> 6 | V24: =MAX(V19:V21) -> 35 | W24: =MAX(W19:W21) -> 4 | X24: =MAX(X19:X21) -> 0 | Y24: =MAX(Y19:Y21) -> 8 | Z24: =MAX(Z19:Z21) -> 4 | ... AF24: =MAX(AF19:AF21) -> 136
B25: 10.45 - 11.00 | C25: 3 | D25: 2 | E25: 1 | F25: 5 | G25: 0 | H25: 0 | I25: 2 | J25: 2 | K25: 0 | L25: 0 | M25: 6 | N25: 0 | O25: =SUM(C25:L25,N25) -> 15 | P25: =SUM(C25:N25) -> 21 | R25: AM Period | S25: =SUM(S10:S12) -> 87 | T25: =SUM(T10:T12) -> 17 | U25: =SUM(U10:U12) -> 6 | V25: =SUM(V10:V12) -> 64 | W25: =SUM(W10:W12) -> 0 | X25: =SUM(X10:X12) -> 0 | Y25: =SUM(Y10:Y12) -> 34 | Z25: =SUM(Z10:Z12) -> 7 | ... AF25: =SUM(AF10:AF12) -> 443
B26: 11.00 - 11.15 | C26: 3 | D26: 2 | E26: 0 | F26: 5 | G26: 0 | H26: 0 | I26: 4 | J26: 2 | K26: 0 | L26: 0 | M26: 16 | N26: 0 | O26: =SUM(C26:L26,N26) -> 16 | P26: =SUM(C26:N26) -> 32 | R26: IP Period | S26: =SUM(S13:S18) -> 84 | T26: =SUM(T13:T18) -> 14 | U26: =SUM(U13:U18) -> 8 | V26: =SUM(V13:V18) -> 96 | W26: =SUM(W13:W18) -> 1 | X26: =SUM(X13:X18) -> 0 | Y26: =SUM(Y13:Y18) -> 59 | Z26: =SUM(Z13:Z18) -> 14 | ... AF26: =SUM(AF13:AF18) -> 574
B27: 11.15 - 11.30 | C27: 3 | D27: 0 | E27: 1 | F27: 3 | G27: 0 | H27: 0 | I27: 1 | J27: 0 | K27: 0 | L27: 0 | M27: 10 | N27: 0 | O27: =SUM(C27:L27,N27) -> 8 | P27: =SUM(C27:N27) -> 18 | R27: PM Period | S27: =SUM(S19:S21) -> 43 | T27: =SUM(T19:T21) -> 9 | U27: =SUM(U19:U21) -> 8 | V27: =SUM(V19:V21) -> 85 | W27: =SUM(W19:W21) -> 6 | X27: =SUM(X19:X21) -> 0 | Y27: =SUM(Y19:Y21) -> 23 | Z27: =SUM(Z19:Z21) -> 8 | ... AF27: =SUM(AF19:AF21) -> 326
B28: 11.30 - 11.45 | C28: 3 | D28: 0 | E28: 0 | F28: 3 | G28: 0 | H28: 0 | I28: 1 | J28: 0 | K28: 0 | L28: 0 | M28: 27 | N28: 0 | O28: =SUM(C28:L28,N28) -> 7 | P28: =SUM(C28:N28) -> 34 | R28: 12 Hours | S28: =SUM(S10:S21) -> 214 | T28: =SUM(T10:T21) -> 40 | U28: =SUM(U10:U21) -> 22 | V28: =SUM(V10:V21) -> 245 | W28: =SUM(W10:W21) -> 7 | X28: =SUM(X10:X21) -> 0 | Y28: =SUM(Y10:Y21) -> 116 | Z28: =SUM(Z10:Z21) -> 29 | ... AF28: =SUM(AF10:AF21) -> 1343
B29: 11.45 - 12.00 | C29: 3 | D29: 1 | E29: 0 | F29: 4 | G29: 1 | H29: 0 | I29: 2 | J29: 1 | K29: 0 | L29: 0 | M29: 13 | N29: 0 | O29: =SUM(C29:L29,N29) -> 12 | P29: =SUM(C29:N29) -> 25
B30: 12.00 - 12.15 | C30: 3 | D30: 0 | E30: 0 | F30: 5 | G30: 0 | H30: 0 | I30: 3 | J30: 1 | K30: 0 | L30: 0 | M30: 13 | N30: 0 | O30: =SUM(C30:L30,N30) -> 12 | P30: =SUM(C30:N30) -> 25
B31: 12.15 - 12.30 | C31: 4 | D31: 0 | E31: 1 | F31: 2 | G31: 0 | H31: 0 | I31: 4 | J31: 1 | K31: 0 | L31: 0 | M31: 17 | N31: 0 | O31: =SUM(C31:L31,N31) -> 12 | P31: =SUM(C31:N31) -> 29
B32: 12.30 - 12.45 | C32: 2 | D32: 0 | E32: 1 | F32: 3 | G32: 0 | H32: 0 | I32: 3 | J32: 0 | K32: 0 | L32: 0 | M32: 18 | N32: 0 | O32: =SUM(C32:L32,N32) -> 9 | P32: =SUM(C32:N32) -> 27
B33: 12.45 - 13.00 | C33: 3 | D33: 1 | E33: 0 | F33: 5 | G33: 0 | H33: 0 | I33: 1 | J33: 1 | K33: 0 | L33: 0 | M33: 8 | N33: 0 | O33: =SUM(C33:L33,N33) -> 11 | P33: =SUM(C33:N33) -> 19
B34: 13.00 - 13.15 | C34: 4 | D34: 0 | E34: 0 | F34: 4 | G34: 0 | H34: 0 | I34: 4 | J34: 0 | K34: 0 | L34: 0 | M34: 22 | N34: 0 | O34: 22 | P34: =SUM(C34:N34) -> 34
B35: 13.15 - 13.30 | C35: 2 | D35: 1 | E35: 0 | F35: 2 | G35: 0 | H35: 0 | I35: 0 | J35: 0 | K35: 0 | L35: 0 | M35: 14 | N35: 0 | O35: =SUM(C35:L35,N35) -> 5 | P35: =SUM(C35:N35) -> 19
B36: 13.30 - 13.45 | C36: 1 | D36: 1 | E36: 1 | F36: 4 | G36: 0 | H36: 0 | I36: 4 | J36: 1 | K36: 0 | L36: 0 | M36: 14 | N36: 0 | O36: =SUM(C36:L36,N36) -> 12 | P36: =SUM(C36:N36) -> 26
B37: 13.45 - 14.00 | C37: 4 | D37: 1 | E37: 0 | F37: 5 | G37: 0 | H37: 0 | I37: 3 | J37: 1 | K37: 1 | L37: 0 | M37: 11 | N37: 0 | O37: =SUM(C37:L37,N37) -> 15 | P37: =SUM(C37:N37) -> 26
B38: 14.00 - 14.15 | C38: 6 | D38: 0 | E38: 0 | F38: 7 | G38: 0 | H38: 0 | I38: 1 | J38: 0 | K38: 0 | L38: 0 | M38: 13 | N38: 0 | O38: =SUM(C38:L38,N38) -> 14 | P38: =SUM(C38:N38) -> 27
B39: 14.15 - 14.30 | C39: 3 | D39: 0 | E39: 0 | F39: 4 | G39: 0 | H39: 0 | I39: 2 | J39: 0 | K39: 0 | L39: 0 | M39: 7 | N39: 0 | O39: =SUM(C39:L39,N39) -> 9 | P39: =SUM(C39:N39) -> 16
B40: 14.30 - 14.45 | C40: 2 | D40: 0 | E40: 0 | F40: 3 | G40: 0 | H40: 0 | I40: 2 | J40: 0 | K40: 0 | L40: 0 | M40: 7 | N40: 0 | O40: =SUM(C40:L40,N40) -> 7 | P40: =SUM(C40:N40) -> 14
B41: 14.45 - 15.00 | C41: 5 | D41: 2 | E41: 1 | F41: 7 | G41: 0 | H41: 0 | I41: 4 | J41: 0 | K41: 0 | L41: 0 | M41: 9 | N41: 0 | O41: =SUM(C41:L41,N41) -> 19 | P41: =SUM(C41:N41) -> 28
B42: 15.00 - 15.15 | C42: 4 | D42: 1 | E42: 0 | F42: 4 | G42: 0 | H42: 0 | I42: 2 | J42: 1 | K42: 0 | L42: 0 | M42: 7 | N42: 0 | O42: =SUM(C42:L42,N42) -> 12 | P42: =SUM(C42:N42) -> 19
B43: 15.15 - 15.30 | C43: 3 | D43: 0 | E43: 0 | F43: 0 | G43: 0 | H43: 0 | I43: 1 | J43: 0 | K43: 0 | L43: 0 | M43: 11 | N43: 0 | O43: =SUM(C43:L43,N43) -> 4 | P43: =SUM(C43:N43) -> 15
B44: 15.30 - 15.45 | C44: 0 | D44: 0 | E44: 1 | F44: 6 | G44: 0 | H44: 0 | I44: 1 | J44: 1 | K44: 1 | L44: 0 | M44: 9 | N44: 0 | O44: =SUM(C44:L44,N44) -> 10 | P44: =SUM(C44:N44) -> 19
B45: 15.45 - 16.00 | C45: 3 | D45: 0 | E45: 0 | F45: 3 | G45: 0 | H45: 0 | I45: 5 | J45: 1 | K45: 0 | L45: 0 | M45: 9 | N45: 0 | O45: =SUM(C45:L45,N45) -> 12 | P45: =SUM(C45:N45) -> 21
B46: 16.00 - 16.15 | C46: 1 | D46: 0 | E46: 0 | F46: 6 | G46: 0 | H46: 0 | I46: 1 | J46: 0 | K46: 0 | L46: 0 | M46: 5 | N46: 0 | O46: =SUM(C46:L46,N46) -> 8 | P46: =SUM(C46:N46) -> 13
... B57: 18.45 - 19.00 | C57: 2 | D57: 0 | E57: 4 | F57: 3 | G57: 1 | H57: 0 | I57: 1 | J57: 1 | K57: 0 | L57: 0 | M57: 17 | N57: 0 | O57: =SUM(C57:L57,N57) -> 12 | P57: =SUM(C57:N57) -> 29
B58: Totals | C58: =SUM(C10:C57) -> 214 | D58: =SUM(D10:D57) -> 40 | E58: =SUM(E10:E57) -> 22 | F58: =SUM(F10:F57) -> 245 | G58: =SUM(G10:G57) -> 7 | H58: =SUM(H10:H57) -> 0 | I58: =SUM(I10:I57) -> 116 | J58: =SUM(J10:J57) -> 29 | ... P58: =SUM(P10:P57) -> 1343
B59: %ges + MCs | C59: =C58/$P$58 -> 0.15934475 | D59: =D58/$P$58 -> 0.029784066 | E59: =E58/$P$58 -> 0.016381236 | F59: =F58/$P$58 -> 0.1824274 | G59: =G58/$P$58 -> 0.0052122115 | H59: =H58/$P$58 -> 0 | I59: =I58/$P$58 -> 0.08637379 | J59: =J58/$P$58 -> 0.021593448 | ... N59: =N58/$P$58 -> 0.00074460164
B60: %ges w/o MCs | C60: =C58/$O$58 -> 0.31059507 | D60: =D58/$O$58 -> 0.058055152 | E60: =E58/$O$58 -> 0.031930334 | F60: =F58/$O$58 -> 0.35558781 | G60: =G58/$O$58 -> 0.010159652 | H60: =H58/$O$58 -> 0 | I60: =I58/$O$58 -> 0.16835994 | J60: =J58/$O$58 -> 0.042089985 | ... L60: =L58/$O$58 -> 0.0029027576 | N60: =N58/$O$58 -> 0.0014513788

Sheet 25.09 Busabala-Entebbe
B1: Consultancy services for Preparation of Expressway Development Master Plan (EDMP) for Uganda
B2: MANUAL CLASSIFIED COUNT (MCC)
B3: ROAD NAME: | C3: ='23.09.19 Busabala-Entebbe'!C3:G3 -> MCC - C2 - STN053 - Busabala RD
C5: Date | D5: ='25.09 Entebbe-Busabala'!D5 -> 25.09.19 | F5: Location | G5: ='23.09.19 Entebbe-Busabala'!G5:H5 -> Ziranumbu town | J5: Surveyor | K5: Godfrey
C6: Dir. From | D6: ='23.09.19 Busabala-Entebbe'!D6:E6 -> BUSABALA | F6: Dir. To | G6: ='23.09.19 Busabala-Entebbe'!G6:H6 -> ENTEBBE | J6: Supervisor | K6: ='23.09.19 Entebbe-Busabala'!K6:L6 -> Steven
B8: Time / Veh Type | R8: SUMMARY TRAFFIC VOLUMES
C9: 1. Car | D9: 2. Station Wagon | E9: 3. Pickups | F9: 4. Minibus, matatu | G9: 5. Medium bus | H9: 6. Large Bus | I9: 7. Light Truck | J9: 8. Medium Truck | K9: 9. Heavy truck | L9: 10. Truck Trailer | M9: 11. Motor cycles | N9: 12. Tractors | O9: Total Excl M/Cycles | P9: Total All | R9: Time | S9: 1. Car | T9: 2. Station Wagon | U9: 3. Pickups | V9: 4. Minibus, matatu | W9: 5. Medium bus | X9: 6. Large Bus | Y9: 7. Light Truck | Z9: 8. Medium Truck | AA9: 9. Heavy truck | AB9: 10. Truck Trailer | AC9: 11. Motorcycles | AD9: 12. Tractors, Graders | AE9: Total Excl M/ Cycles | AF9: Total All
B10: 07.00 - 07.15 | C10: 3 | D10: 0 | E10: 0 | F10: 3 | G10: 0 | H10: 0 | I10: 1 | J10: 2 | K10: 0 | L10: 0 | M10: 13 | N10: 0 | O10: =SUM(C10:L10,N10) -> 9 | P10: =SUM(C10:N10) -> 22 | R10: 0700-0800 | S10: =SUM(C10:C13) -> 11 | T10: =SUM(D10:D13) -> 10 | U10: =SUM(E10:E13) -> 3 | V10: =SUM(F10:F13) -> 11 | W10: =SUM(G10:G13) -> 0 | X10: =SUM(H10:H13) -> 0 | Y10: =SUM(I10:I13) -> 2 | Z10: =SUM(J10:J13) -> 2 | ... AF10: =SUM(P10:P13) -> 84
B11: 07.15 - 07.30 | C11: 4 | D11: 5 | E11: 1 | F11: 3 | G11: 0 | H11: 0 | I11: 0 | J11: 0 | K11: 0 | L11: 0 | M11: 12 | N11: 0 | O11: =SUM(C11:L11,N11) -> 13 | P11: =SUM(C11:N11) -> 25 | R11: 0800-0900 | S11: =SUM(C14:C17) -> 8 | T11: =SUM(D14:D17) -> 4 | U11: =SUM(E14:E17) -> 1 | V11: =SUM(F14:F17) -> 12 | W11: =SUM(G14:G17) -> 0 | X11: =SUM(H14:H17) -> 0 | Y11: =SUM(I14:I17) -> 5 | Z11: =SUM(J14:J17) -> 1 | ... AF11: =SUM(P14:P17) -> 60
B12: 07.30 - 07.45 | C12: 4 | D12: 4 | E12: 1 | F12: 2 | G12: 0 | H12: 0 | I12: 1 | J12: 0 | K12: 0 | L12: 0 | M12: 12 | N12: 0 | O12: =SUM(C12:L12,N12) -> 12 | P12: =SUM(C12:N12) -> 24 | R12: 0900-1000 | S12: =SUM(C18:C21) -> 13 | T12: =SUM(D18:D21) -> 3 | U12: =SUM(E18:E21) -> 0 | V12: =SUM(F18:F21) -> 10 | W12: =SUM(G18:G21) -> 0 | X12: =SUM(H18:H21) -> 0 | Y12: =SUM(I18:I21) -> 9 | Z12: =SUM(J18:J21) -> 1 | ... AF12: =SUM(P18:P21) -> 55
B13: 07.45 - 08.00 | C13: 0 | D13: 1 | E13: 1 | F13: 3 | G13: 0 | H13: 0 | I13: 0 | J13: 0 | K13: 0 | L13: 0 | M13: 8 | N13: 0 | O13: =SUM(C13:L13,N13) -> 5 | P13: =SUM(C13:N13) -> 13 | R13: 1000-1100 | S13: =SUM(C22:C25) -> 9 | T13: =SUM(D22:D25) -> 5 | U13: =SUM(E22:E25) -> 1 | V13: =SUM(F22:F25) -> 12 | W13: =SUM(G22:G25) -> 0 | X13: =SUM(H22:H25) -> 3 | Y13: =SUM(I22:I25) -> 6 | Z13: =SUM(J22:J25) -> 2 | ... AF13: =SUM(P22:P25) -> 71
B14: 08.00 - 08.15 | C14: 2 | D14: 0 | E14: 0 | F14: 2 | G14: 0 | H14: 0 | I14: 1 | J14: 0 | K14: 0 | L14: 0 | M14: 7 | N14: 0 | O14: =SUM(C14:L14,N14) -> 5 | P14: =SUM(C14:N14) -> 12 | R14: 1100-1200 | S14: =SUM(C26:C29) -> 13 | T14: =SUM(D26:D29) -> 2 | U14: =SUM(E26:E29) -> 2 | V14: =SUM(F26:F29) -> 8 | W14: =SUM(G26:G29) -> 0 | X14: =SUM(H26:H29) -> 0 | Y14: =SUM(I26:I29) -> 9 | Z14: =SUM(J26:J29) -> 1 | ... AF14: =SUM(P26:P29) -> 71
B15: 08.15 - 08.30 | C15: 1 | D15: 1 | E15: 0 | F15: 1 | G15: 0 | H15: 0 | I15: 4 | J15: 0 | K15: 0 | L15: 0 | M15: 7 | N15: 0 | O15: =SUM(C15:L15,N15) -> 7 | P15: =SUM(C15:N15) -> 14 | R15: 1200-1300 | S15: =SUM(C30:C33) -> 8 | T15: =SUM(D30:D33) -> 1 | U15: =SUM(E30:E33) -> 4 | V15: =SUM(F30:F33) -> 7 | W15: =SUM(G30:G33) -> 0 | X15: =SUM(H30:H33) -> 0 | Y15: =SUM(I30:I33) -> 12 | Z15: =SUM(J30:J33) -> 1 | ... AF15: =SUM(P30:P33) -> 70
B16: 08.30 - 08.45 | C16: 1 | D16: 3 | E16: 1 | F16: 3 | G16: 0 | H16: 0 | I16: 0 | J16: 1 | K16: 0 | L16: 0 | M16: 11 | N16: 0 | O16: =SUM(C16:L16,N16) -> 9 | P16: =SUM(C16:N16) -> 20 | R16: 1300-1400 | S16: =SUM(C34:C37) -> 10 | T16: =SUM(D34:D37) -> 10 | U16: =SUM(E34:E37) -> 0 | V16: =SUM(F34:F37) -> 9 | W16: =SUM(G34:G37) -> 0 | X16: =SUM(H34:H37) -> 0 | Y16: =SUM(I34:I37) -> 8 | Z16: =SUM(J34:J37) -> 2 | ... AF16: =SUM(P34:P37) -> 79
B17: 08.45 - 9.00 | C17: 4 | D17: 0 | E17: 0 | F17: 6 | G17: 0 | H17: 0 | I17: 0 | J17: 0 | K17: 0 | L17: 0 | M17: 4 | N17: 0 | O17: =SUM(C17:L17,N17) -> 10 | P17: =SUM(C17:N17) -> 14 | R17: 1400-1500 | S17: =SUM(C38:C41) -> 14 | T17: =SUM(D38:D41) -> 8 | U17: =SUM(E38:E41) -> 1 | V17: =SUM(F38:F41) -> 13 | W17: =SUM(G38:G41) -> 1 | X17: =SUM(H38:H41) -> 0 | Y17: =SUM(I38:I41) -> 6 | Z17: =SUM(J38:J41) -> 0 | ... AF17: =SUM(P38:P41) -> 72
B18: 09.00 - 09.15 | C18: 2 | D18: 1 | E18: 0 | F18: 2 | G18: 0 | H18: 0 | I18: 0 | J18: 0 | K18: 0 | L18: 0 | M18: 4 | N18: 0 | O18: =SUM(C18:L18,N18) -> 5 | P18: =SUM(C18:N18) -> 9 | R18: 1500-1600 | S18: =SUM(C42:C45) -> 11 | T18: =SUM(D42:D45) -> 7 | U18: =SUM(E42:E45) -> 2 | V18: =SUM(F42:F45) -> 9 | W18: =SUM(G42:G45) -> 0 | X18: =SUM(H42:H45) -> 0 | Y18: =SUM(I42:I45) -> 4 | Z18: =SUM(J42:J45) -> 0 | ... AF18: =SUM(P42:P45) -> 62
B19: 09.15 - 09.30 | C19: 5 | D19: 1 | E19: 0 | F19: 4 | G19: 0 | H19: 0 | I19: 1 | J19: 0 | K19: 0 | L19: 0 | M19: 5 | N19: 0 | O19: =SUM(C19:L19,N19) -> 11 | P19: =SUM(C19:N19) -> 16 | R19: 1600-1700 | S19: =SUM(C46:C49) -> 13 | T19: =SUM(D46:D49) -> 9 | U19: =SUM(E46:E49) -> 5 | V19: =SUM(F46:F49) -> 12 | W19: =SUM(G46:G49) -> 0 | X19: =SUM(H46:H49) -> 0 | Y19: =SUM(I46:I49) -> 5 | Z19: =SUM(J46:J49) -> 3 | ... AF19: =SUM(P46:P49) -> 64
B20: 09.30 - 09.45 | C20: 4 | D20: 1 | E20: 0 | F20: 2 | G20: 0 | H20: 0 | I20: 6 | J20: 1 | K20: 0 | L20: 0 | M20: 7 | N20: 0 | O20: =SUM(C20:L20,N20) -> 14 | P20: =SUM(C20:N20) -> 21 | R20: 1700-1800 | S20: =SUM(C50:C53) -> 20 | T20: =SUM(D50:D53) -> 5 | U20: =SUM(E50:E53) -> 3 | V20: =SUM(F50:F53) -> 15 | W20: =SUM(G50:G53) -> 0 | X20: =SUM(H50:H53) -> 0 | Y20: =SUM(I50:I53) -> 7 | Z20: =SUM(J50:J53) -> 2 | ... AF20: =SUM(P50:P53) -> 91
B21: 09.45 - 10.00 | C21: 2 | D21: 0 | E21: 0 | F21: 2 | G21: 0 | H21: 0 | I21: 2 | J21: 0 | K21: 0 | L21: 0 | M21: 3 | N21: 0 | O21: =SUM(C21:L21,N21) -> 6 | P21: =SUM(C21:N21) -> 9 | R21: 1800-1900 | S21: =SUM(C54:C57) -> 25 | T21: =SUM(D54:D57) -> 12 | U21: =SUM(E54:E57) -> 1 | V21: =SUM(F54:F57) -> 21 | W21: =SUM(G54:G57) -> 0 | X21: =SUM(H54:H57) -> 0 | Y21: =SUM(I54:I57) -> 12 | Z21: =SUM(J54:J57) -> 1 | ... AF21: =SUM(P54:P57) -> 121
B22: 10.00 - 10.15 | C22: 0 | D22: 1 | E22: 0 | F22: 3 | G22: 0 | H22: 0 | I22: 3 | J22: 0 | K22: 0 | L22: 0 | M22: 10 | N22: 0 | O22: =SUM(C22:L22,N22) -> 7 | P22: =SUM(C22:N22) -> 17 | R22: AM Peak Hr | S22: =MAX(S10:S12) -> 13 | T22: =MAX(T10:T12) -> 10 | U22: =MAX(U10:U12) -> 3 | V22: =MAX(V10:V12) -> 12 | W22: =MAX(W10:W12) -> 0 | X22: =MAX(X10:X12) -> 0 | Y22: =MAX(Y10:Y12) -> 9 | Z22: =MAX(Z10:Z12) -> 2 | ... AF22: =MAX(AF10:AF12) -> 84
B23: 10.15 - 10.30 | C23: 2 | D23: 2 | E23: 0 | F23: 1 | G23: 0 | H23: 0 | I23: 0 | J23: 0 | K23: 0 | L23: 0 | M23: 6 | N23: 0 | O23: =SUM(C23:L23,N23) -> 5 | P23: =SUM(C23:N23) -> 11 | R23: IP Peak Hr | S23: =MAX(S13:S18) -> 14 | T23: =MAX(T13:T18) -> 10 | U23: =MAX(U13:U18) -> 4 | V23: =MAX(V13:V18) -> 13 | W23: =MAX(W13:W18) -> 1 | X23: =MAX(X13:X18) -> 3 | Y23: =MAX(Y13:Y18) -> 12 | Z23: =MAX(Z13:Z18) -> 2 | ... AF23: =MAX(AF13:AF18) -> 79
B24: 10.30 - 10.45 | C24: 2 | D24: 0 | E24: 1 | F24: 4 | G24: 0 | H24: 3 | I24: 3 | J24: 1 | K24: 0 | L24: 0 | M24: 3 | N24: 0 | O24: =SUM(C24:L24,N24) -> 14 | P24: =SUM(C24:N24) -> 17 | R24: PM Peak Hr | S24: =MAX(S19:S21) -> 25 | T24: =MAX(T19:T21) -> 12 | U24: =MAX(U19:U21) -> 5 | V24: =MAX(V19:V21) -> 21 | W24: =MAX(W19:W21) -> 0 | X24: =MAX(X19:X21) -> 0 | Y24: =MAX(Y19:Y21) -> 12 | Z24: =MAX(Z19:Z21) -> 3 | ... AF24: =MAX(AF19:AF21) -> 121
B25: 10.45 - 11.00 | C25: 5 | D25: 2 | E25: 0 | F25: 4 | G25: 0 | H25: 0 | I25: 0 | J25: 1 | K25: 0 | L25: 0 | M25: 14 | N25: 0 | O25: =SUM(C25:L25,N25) -> 12 | P25: =SUM(C25:N25) -> 26 | R25: AM Period | S25: =SUM(S10:S12) -> 32 | T25: =SUM(T10:T12) -> 17 | U25: =SUM(U10:U12) -> 4 | V25: =SUM(V10:V12) -> 33 | W25: =SUM(W10:W12) -> 0 | X25: =SUM(X10:X12) -> 0 | Y25: =SUM(Y10:Y12) -> 16 | Z25: =SUM(Z10:Z12) -> 4 | ... AF25: =SUM(AF10:AF12) -> 199
B26: 11.00 - 11.15 | C26: 6 | D26: 0 | E26: 0 | F26: 3 | G26: 0 | H26: 0 | I26: 2 | J26: 0 | K26: 0 | L26: 0 | M26: 6 | N26: 0 | O26: =SUM(C26:L26,N26) -> 11 | P26: =SUM(C26:N26) -> 17 | R26: IP Period | S26: =SUM(S13:S18) -> 65 | T26: =SUM(T13:T18) -> 33 | U26: =SUM(U13:U18) -> 10 | V26: =SUM(V13:V18) -> 58 | W26: =SUM(W13:W18) -> 1 | X26: =SUM(X13:X18) -> 3 | Y26: =SUM(Y13:Y18) -> 45 | Z26: =SUM(Z13:Z18) -> 6 | ... AF26: =SUM(AF13:AF18) -> 425
B27: 11.15 - 11.30 | C27: 1 | D27: 1 | E27: 0 | F27: 1 | G27: 0 | H27: 0 | I27: 4 | J27: 1 | K27: 0 | L27: 0 | M27: 7 | N27: 0 | O27: =SUM(C27:L27,N27) -> 8 | P27: =SUM(C27:N27) -> 15 | R27: PM Period | S27: =SUM(S19:S21) -> 58 | T27: =SUM(T19:T21) -> 26 | U27: =SUM(U19:U21) -> 9 | V27: =SUM(V19:V21) -> 48 | W27: =SUM(W19:W21) -> 0 | X27: =SUM(X19:X21) -> 0 | Y27: =SUM(Y19:Y21) -> 24 | Z27: =SUM(Z19:Z21) -> 6 | ... AF27: =SUM(AF19:AF21) -> 276
B28: 11.30 - 11.45 | C28: 4 | D28: 0 | E28: 1 | F28: 2 | G28: 0 | H28: 0 | I28: 3 | J28: 0 | K28: 0 | L28: 0 | M28: 12 | N28: 0 | O28: =SUM(C28:L28,N28) -> 10 | P28: =SUM(C28:N28) -> 22 | R28: 12 Hours | S28: =SUM(S10:S21) -> 155 | T28: =SUM(T10:T21) -> 76 | U28: =SUM(U10:U21) -> 23 | V28: =SUM(V10:V21) -> 139 | W28: =SUM(W10:W21) -> 1 | X28: =SUM(X10:X21) -> 3 | Y28: =SUM(Y10:Y21) -> 85 | Z28: =SUM(Z10:Z21) -> 16 | ... AF28: =SUM(AF10:AF21) -> 900
B29: 11.45 - 12.00 | C29: 2 | D29: 1 | E29: 1 | F29: 2 | G29: 0 | H29: 0 | I29: 0 | J29: 0 | K29: 0 | L29: 0 | M29: 11 | N29: 0 | O29: =SUM(C29:L29,N29) -> 6 | P29: =SUM(C29:N29) -> 17
B30: 12.00 - 12.15 | C30: 2 | D30: 0 | E30: 1 | F30: 1 | G30: 0 | H30: 0 | I30: 3 | J30: 0 | K30: 0 | L30: 0 | M30: 7 | N30: 0 | O30: =SUM(C30:L30,N30) -> 7 | P30: =SUM(C30:N30) -> 14
B31: 12.15 - 12.30 | C31: 2 | D31: 1 | E31: 2 | F31: 2 | G31: 0 | H31: 0 | I31: 3 | J31: 1 | K31: 0 | L31: 0 | M31: 6 | N31: 0 | O31: =SUM(C31:L31,N31) -> 11 | P31: =SUM(C31:N31) -> 17
B32: 12.30 - 12.45 | C32: 4 | D32: 0 | E32: 0 | F32: 2 | G32: 0 | H32: 0 | I32: 1 | J32: 0 | K32: 0 | L32: 0 | M32: 16 | N32: 0 | O32: =SUM(C32:L32,N32) -> 7 | P32: =SUM(C32:N32) -> 23
B33: 12.45 - 13.00 | C33: 0 | D33: 0 | E33: 1 | F33: 2 | G33: 0 | H33: 0 | I33: 5 | J33: 0 | K33: 0 | L33: 0 | M33: 8 | N33: 0 | O33: =SUM(C33:L33,N33) -> 8 | P33: =SUM(C33:N33) -> 16
B34: 13.00 - 13.15 | C34: 3 | D34: 3 | E34: 0 | F34: 3 | G34: 0 | H34: 0 | I34: 2 | J34: 0 | K34: 1 | L34: 0 | M34: 14 | N34: 0 | O34: =SUM(C34:L34,N34) -> 12 | P34: =SUM(C34:N34) -> 26
B35: 13.15 - 13.30 | C35: 3 | D35: 2 | E35: 0 | F35: 3 | G35: 0 | H35: 0 | I35: 5 | J35: 1 | K35: 0 | L35: 0 | M35: 6 | N35: 0 | O35: =SUM(C35:L35,N35) -> 14 | P35: =SUM(C35:N35) -> 20
B36: 13.30 - 13.45 | C36: 3 | D36: 4 | E36: 0 | F36: 1 | G36: 0 | H36: 0 | I36: 1 | J36: 1 | K36: 0 | L36: 0 | M36: 14 | N36: 0 | O36: =SUM(C36:L36,N36) -> 10 | P36: =SUM(C36:N36) -> 24
B37: 13.45 - 14.00 | C37: 1 | D37: 1 | E37: 0 | F37: 2 | G37: 0 | H37: 0 | I37: 0 | J37: 0 | K37: 0 | L37: 0 | M37: 5 | N37: 0 | O37: =SUM(C37:L37,N37) -> 4 | P37: =SUM(C37:N37) -> 9
B38: 14.00 - 14.15 | C38: 2 | D38: 0 | E38: 0 | F38: 3 | G38: 0 | H38: 0 | I38: 4 | J38: 0 | K38: 0 | L38: 0 | M38: 10 | N38: 0 | O38: =SUM(C38:L38,N38) -> 9 | P38: =SUM(C38:N38) -> 19
B39: 14.15 - 14.30 | C39: 2 | D39: 2 | E39: 0 | F39: 5 | G39: 0 | H39: 0 | I39: 0 | J39: 0 | K39: 1 | L39: 0 | M39: 3 | N39: 0 | O39: =SUM(C39:L39,N39) -> 10 | P39: =SUM(C39:N39) -> 13
B40: 14.30 - 14.45 | C40: 4 | D40: 1 | E40: 1 | F40: 2 | G40: 0 | H40: 0 | I40: 1 | J40: 0 | K40: 0 | L40: 0 | M40: 8 | N40: 0 | O40: =SUM(C40:L40,N40) -> 9 | P40: =SUM(C40:N40) -> 17
... B57: 18.45 - 19.00 | C57: 6 | D57: 0 | E57: 0 | F57: 5 | G57: 0 | H57: 0 | I57: 4 | J57: 0 | K57: 0 | L57: 0 | M57: 9 | N57: 0 | O57: =SUM(C57:L57,N57) -> 15 | P57: =SUM(C57:N57) -> 24
B58: Totals | C58: =SUM(C10:C57) -> 155 | D58: =SUM(D10:D57) -> 76 | E58: =SUM(E10:E57) -> 23 | F58: =SUM(F10:F57) -> 139 | G58: =SUM(G10:G57) -> 1 | H58: =SUM(H10:H57) -> 3 | I58: =SUM(I10:I57) -> 85 | J58: =SUM(J10:J57) -> 16 | ... P58: =SUM(P10:P57) -> 900
B59: %ges + MCs | C59: =C58/$P$58 -> 0.17222222 | D59: =D58/$P$58 -> 0.084444444 | E59: =E58/$P$58 -> 0.025555556 | F59: =F58/$P$58 -> 0.15444444 | G59: =G58/$P$58 -> 0.0011111111 | H59: =H58/$P$58 -> 0.0033333333 | I59: =I58/$P$58 -> 0.094444444 | J59: =J58/$P$58 -> 0.017777778 | ... N59: =N58/$P$58 -> 0
B60: %ges w/o MCs | C60: =C58/$O$58 -> 0.31 | D60: =D58/$O$58 -> 0.152 | E60: =E58/$O$58 -> 0.046 | F60: =F58/$O$58 -> 0.278 | G60: =G58/$O$58 -> 0.002 | H60: =H58/$O$58 -> 0.006 | I60: =I58/$O$58 -> 0.17 | J60: =J58/$O$58 -> 0.032 | ... L60: =L58/$O$58 -> 0 | N60: =N58/$O$58 -> 0

Sheet 26.09. 19 Entebbe-Busabala 24HR
B1: Consultancy services for Preparation of Expressway Development Master Plan (EDMP) for Uganda
B2: MANUAL CLASSIFIED COUNT (MCC)
B3: ROAD NAME: | C3: ='23.09.19 Entebbe-Busabala'!C3:G3 -> MCC - C2 - STN053 - Busabala RD
C5: Date | D5: 26.09.19 | F5: Location | G5: ='27.09 Busabala-Entebbe'!G5:H5 -> Ziranumbu town | J5: Surveyor | K5: Semuko Junior
C6: Dir. From | D6: ='23.09.19 Entebbe-Busabala'!D6:E6 -> ENTEBBE | F6: Dir. To | G6: ='23.09.19 Entebbe-Busabala'!G6:H6 -> BUSABALA | J6: Supervisor | K6: ='27.09 Busabala-Entebbe'!K6:L6 -> Steven
B8: Time / Veh Type | R8: SUMMARY TRAFFIC VOLUMES
C9: 1. Car | D9: 2. Station Wagon | E9: 3. Pickups | F9: 4. Minibus, matatu | G9: 5. Medium bus | H9: 6. Large Bus | I9: 7. Light Truck | J9: 8. Medium Truck | K9: 9. Heavy truck | L9: 10. Truck Trailer | M9: 11. Motor cycles | N9: 12. Tractors | O9: Total Excl M/Cycles | P9: Total All | R9: Time | S9: 1. Car | T9: 2. Station Wagon | U9: 3. Pickups | V9: 4. Minibus, matatu | W9: 5. Medium bus | X9: 6. Large Bus | Y9: 7. Light Truck | Z9: 8. Medium Truck | AA9: 9. Heavy truck | AB9: 10. Truck Trailer | AC9: 11. Motorcycles | AD9: 12. Tractors, Graders | AE9: Total Excl M/ Cycles | AF9: Total All
B10: 07.00 - 07.15 | C10: 12 | D10: 3 | E10: 2 | F10: 8 | G10: 0 | H10: 0 | I10: 3 | J10: 0 | K10: 0 | L10: 0 | M10: 17 | N10: 0 | O10: =SUM(C10:L10,N10) -> 28 | P10: =SUM(C10:N10) -> 45 | R10: 0700-0800 | S10: =SUM(C10:C13) -> 34 | T10: =SUM(D10:D13) -> 6 | U10: =SUM(E10:E13) -> 3 | V10: =SUM(F10:F13) -> 22 | W10: =SUM(G10:G13) -> 0 | X10: =SUM(H10:H13) -> 0 | Y10: =SUM(I10:I13) -> 10 | Z10: =SUM(J10:J13) -> 0 | ... AF10: =SUM(P10:P13) -> 167
B11: 07.15 - 07.30 | C11: 6 | D11: 1 | E11: 1 | F11: 6 | G11: 0 | H11: 0 | I11: 3 | J11: 0 | K11: 0 | L11: 0 | M11: 23 | N11: 0 | O11: =SUM(C11:L11,N11) -> 17 | P11: =SUM(C11:N11) -> 40 | R11: 0800-0900 | S11: =SUM(C14:C17) -> 24 | T11: =SUM(D14:D17) -> 2 | U11: =SUM(E14:E17) -> 2 | V11: =SUM(F14:F17) -> 21 | W11: =SUM(G14:G17) -> 0 | X11: =SUM(H14:H17) -> 0 | Y11: =SUM(I14:I17) -> 15 | Z11: =SUM(J14:J17) -> 2 | ... AF11: =SUM(P14:P17) -> 129
B12: 07.30 - 07.45 | C12: 6 | D12: 2 | E12: 0 | F12: 4 | G12: 0 | H12: 0 | I12: 3 | J12: 0 | K12: 0 | L12: 0 | M12: 25 | N12: 0 | O12: =SUM(C12:L12,N12) -> 15 | P12: =SUM(C12:N12) -> 40 | R12: 0900-1000 | S12: =SUM(C18:C21) -> 22 | T12: =SUM(D18:D21) -> 2 | U12: =SUM(E18:E21) -> 1 | V12: =SUM(F18:F21) -> 17 | W12: =SUM(G18:G21) -> 0 | X12: =SUM(H18:H21) -> 0 | Y12: =SUM(I18:I21) -> 18 | Z12: =SUM(J18:J21) -> 2 | ... AF12: =SUM(P18:P21) -> 133
B13: 07.45 - 08.00 | C13: 10 | D13: 0 | E13: 0 | F13: 4 | G13: 0 | H13: 0 | I13: 1 | J13: 0 | K13: 0 | L13: 0 | M13: 27 | N13: 0 | O13: =SUM(C13:L13,N13) -> 15 | P13: =SUM(C13:N13) -> 42 | R13: 1000-1100 | S13: =SUM(C22:C25) -> 21 | T13: =SUM(D22:D25) -> 4 | U13: =SUM(E22:E25) -> 2 | V13: =SUM(F22:F25) -> 7 | W13: =SUM(G22:G25) -> 0 | X13: =SUM(H22:H25) -> 0 | Y13: =SUM(I22:I25) -> 11 | Z13: =SUM(J22:J25) -> 1 | ... AF13: =SUM(P22:P25) -> 100
B14: 08.00 - 08.15 | C14: 6 | D14: 0 | E14: 1 | F14: 9 | G14: 0 | H14: 0 | I14: 3 | J14: 0 | K14: 0 | L14: 0 | M14: 15 | N14: 0 | O14: =SUM(C14:L14,N14) -> 19 | P14: =SUM(C14:N14) -> 34 | R14: 1100-1200 | S14: =SUM(C26:C29) -> 13 | T14: =SUM(D26:D29) -> 5 | U14: =SUM(E26:E29) -> 2 | V14: =SUM(F26:F29) -> 16 | W14: =SUM(G26:G29) -> 0 | X14: =SUM(H26:H29) -> 0 | Y14: =SUM(I26:I29) -> 13 | Z14: =SUM(J26:J29) -> 3 | ... AF14: =SUM(P26:P29) -> 113
B15: 08.15 - 08.30 | C15: 9 | D15: 0 | E15: 0 | F15: 5 | G15: 0 | H15: 0 | I15: 4 | J15: 0 | K15: 0 | L15: 0 | M15: 13 | N15: 0 | O15: =SUM(C15:L15,N15) -> 18 | P15: =SUM(C15:N15) -> 31 | R15: 1200-1300 | S15: =SUM(C30:C33) -> 13 | T15: =SUM(D30:D33) -> 0 | U15: =SUM(E30:E33) -> 4 | V15: =SUM(F30:F33) -> 12 | W15: =SUM(G30:G33) -> 0 | X15: =SUM(H30:H33) -> 0 | Y15: =SUM(I30:I33) -> 13 | Z15: =SUM(J30:J33) -> 2 | ... AF15: =SUM(P30:P33) -> 94
B16: 08.30 - 08.45 | C16: 4 | D16: 1 | E16: 0 | F16: 5 | G16: 0 | H16: 0 | I16: 2 | J16: 2 | K16: 0 | L16: 0 | M16: 25 | N16: 0 | O16: =SUM(C16:L16,N16) -> 14 | P16: =SUM(C16:N16) -> 39 | R16: 1300-1400 | S16: =SUM(C34:C37) -> 14 | T16: =SUM(D34:D37) -> 1 | U16: =SUM(E34:E37) -> 2 | V16: =SUM(F34:F37) -> 18 | W16: =SUM(G34:G37) -> 0 | X16: =SUM(H34:H37) -> 0 | Y16: =SUM(I34:I37) -> 5 | Z16: =SUM(J34:J37) -> 2 | ... AF16: =SUM(P34:P37) -> 101
B17: 08.45 - 9.00 | C17: 5 | D17: 1 | E17: 1 | F17: 2 | G17: 0 | H17: 0 | I17: 6 | J17: 0 | K17: 0 | L17: 0 | M17: 10 | N17: 0 | O17: =SUM(C17:L17,N17) -> 15 | P17: =SUM(C17:N17) -> 25 | R17: 1400-1500 | S17: =SUM(C38:C41) -> 10 | T17: =SUM(D38:D41) -> 1 | U17: =SUM(E38:E41) -> 1 | V17: =SUM(F38:F41) -> 18 | W17: =SUM(G38:G41) -> 1 | X17: =SUM(H38:H41) -> 0 | Y17: =SUM(I38:I41) -> 10 | Z17: =SUM(J38:J41) -> 7 | ... AF17: =SUM(P38:P41) -> 101
B18: 09.00 - 09.15 | C18: 4 | D18: 0 | E18: 0 | F18: 5 | G18: 0 | H18: 0 | I18: 5 | J18: 0 | K18: 0 | L18: 0 | M18: 19 | N18: 0 | O18: =SUM(C18:L18,N18) -> 14 | P18: =SUM(C18:N18) -> 33 | R18: 1500-1600 | S18: =SUM(C42:C45) -> 11 | T18: =SUM(D42:D45) -> 4 | U18: =SUM(E42:E45) -> 0 | V18: =SUM(F42:F45) -> 15 | W18: =SUM(G42:G45) -> 0 | X18: =SUM(H42:H45) -> 0 | Y18: =SUM(I42:I45) -> 5 | Z18: =SUM(J42:J45) -> 2 | ... AF18: =SUM(P42:P45) -> 86
B19: 09.15 - 09.30 | C19: 4 | D19: 0 | E19: 0 | F19: 4 | G19: 0 | H19: 0 | I19: 2 | J19: 0 | K19: 0 | L19: 0 | M19: 18 | N19: 0 | O19: =SUM(C19:L19,N19) -> 10 | P19: =SUM(C19:N19) -> 28 | R19: 1600-1700 | S19: =SUM(C46:C49) -> 13 | T19: =SUM(D46:D49) -> 4 | U19: =SUM(E46:E49) -> 2 | V19: =SUM(F46:F49) -> 20 | W19: =SUM(G46:G49) -> 2 | X19: =SUM(H46:H49) -> 0 | Y19: =SUM(I46:I49) -> 3 | Z19: =SUM(J46:J49) -> 1 | ... AF19: =SUM(P46:P49) -> 92
B20: 09.30 - 09.45 | C20: 7 | D20: 2 | E20: 1 | F20: 2 | G20: 0 | H20: 0 | I20: 2 | J20: 0 | K20: 0 | L20: 0 | M20: 18 | N20: 0 | O20: =SUM(C20:L20,N20) -> 14 | P20: =SUM(C20:N20) -> 32 | R20: 1700-1800 | S20: =SUM(C50:C53) -> 25 | T20: =SUM(D50:D53) -> 2 | U20: =SUM(E50:E53) -> 1 | V20: =SUM(F50:F53) -> 29 | W20: =SUM(G50:G53) -> 0 | X20: =SUM(H50:H53) -> 0 | Y20: =SUM(I50:I53) -> 6 | Z20: =SUM(J50:J53) -> 2 | ... AF20: =SUM(P50:P53) -> 103
B21: 09.45 - 10.00 | C21: 7 | D21: 0 | E21: 0 | F21: 6 | G21: 0 | H21: 0 | I21: 9 | J21: 2 | K21: 0 | L21: 0 | M21: 16 | N21: 0 | O21: =SUM(C21:L21,N21) -> 24 | P21: =SUM(C21:N21) -> 40 | R21: 1800-1900 | S21: =SUM(C54:C57) -> 18 | T21: =SUM(D54:D57) -> 2 | U21: =SUM(E54:E57) -> 3 | V21: =SUM(F54:F57) -> 33 | W21: =SUM(G54:G57) -> 4 | X21: =SUM(H54:H57) -> 0 | Y21: =SUM(I54:I57) -> 5 | Z21: =SUM(J54:J57) -> 3 | ... AF21: =SUM(P54:P57) -> 118
B22: 10.00 - 10.15 | C22: 9 | D22: 0 | E22: 0 | F22: 2 | G22: 0 | H22: 0 | I22: 3 | J22: 0 | K22: 0 | L22: 0 | M22: 12 | N22: 0 | O22: =SUM(C22:L22,N22) -> 14 | P22: =SUM(C22:N22) -> 26 | R22: 1900-2000 | S22: =SUM(C58:C61) -> 9 | T22: =SUM(D58:D61) -> 2 | U22: =SUM(E58:E61) -> 3 | V22: =SUM(F58:F61) -> 37 | W22: =SUM(G58:G61) -> 1 | X22: =SUM(H58:H61) -> 0 | Y22: =SUM(I58:I61) -> 4 | Z22: =SUM(J58:J61) -> 3 | ... AF22: =SUM(P58:P61) -> 96
B23: 10.15 - 10.30 | C23: 5 | D23: 4 | E23: 1 | F23: 5 | G23: 0 | H23: 0 | I23: 1 | J23: 0 | K23: 0 | L23: 0 | M23: 20 | N23: 0 | O23: =SUM(C23:L23,N23) -> 16 | P23: =SUM(C23:N23) -> 36 | R23: 2000-2100 | S23: =SUM(C62:C65) -> 6 | T23: =SUM(D62:D65) -> 1 | U23: =SUM(E62:E65) -> 2 | V23: =SUM(F62:F65) -> 17 | W23: =SUM(G62:G65) -> 0 | X23: =SUM(H62:H65) -> 0 | Y23: =SUM(I62:I65) -> 5 | Z23: =SUM(J62:J65) -> 0 | ... AF23: =SUM(P62:P65) -> 60
B24: 10.30 - 10.45 | C24: 3 | D24: 0 | E24: 1 | F24: 0 | G24: 0 | H24: 0 | I24: 5 | J24: 0 | K24: 0 | L24: 0 | M24: 10 | N24: 0 | O24: =SUM(C24:L24,N24) -> 9 | P24: =SUM(C24:N24) -> 19 | R24: 2100-2200 | S24: =SUM(C66:C69) -> 13 | T24: =SUM(D66:D69) -> 0 | U24: =SUM(E66:E69) -> 1 | V24: =SUM(F66:F69) -> 24 | W24: =SUM(G66:G69) -> 14 | X24: =SUM(H66:H69) -> 0 | Y24: =SUM(I66:I69) -> 2 | Z24: =SUM(J66:J69) -> 1 | ... AF24: =SUM(P66:P69) -> 102
B25: 10.45 - 11.00 | C25: 4 | D25: 0 | E25: 0 | F25: 0 | G25: 0 | H25: 0 | I25: 2 | J25: 1 | K25: 0 | L25: 0 | M25: 12 | N25: 0 | O25: =SUM(C25:L25,N25) -> 7 | P25: =SUM(C25:N25) -> 19 | R25: 2200-2300 | S25: =SUM(C70:C73) -> 11 | T25: =SUM(D70:D73) -> 0 | U25: =SUM(E70:E73) -> 2 | V25: =SUM(F70:F73) -> 20 | W25: =SUM(G70:G73) -> 0 | X25: =SUM(H70:H73) -> 0 | Y25: =SUM(I70:I73) -> 0 | Z25: =SUM(J70:J73) -> 0 | ... AF25: =SUM(P70:P73) -> 61
B26: 11.00 - 11.15 | C26: 5 | D26: 2 | E26: 2 | F26: 4 | G26: 0 | H26: 0 | I26: 5 | J26: 1 | K26: 0 | L26: 0 | M26: 8 | N26: 0 | O26: =SUM(C26:L26,N26) -> 19 | P26: =SUM(C26:N26) -> 27 | R26: 2300-0000 | S26: =SUM(C74:C77) -> 6 | T26: =SUM(D74:D77) -> 0 | U26: =SUM(E74:E77) -> 1 | V26: =SUM(F74:F77) -> 12 | W26: =SUM(G74:G77) -> 0 | X26: =SUM(H74:H77) -> 0 | Y26: =SUM(I74:I77) -> 1 | Z26: =SUM(J74:J77) -> 0 | ... AF26: =SUM(P74:P77) -> 38
B27: 11.15 - 11.30 | C27: 3 | D27: 0 | E27: 0 | F27: 3 | G27: 0 | H27: 0 | I27: 3 | J27: 1 | K27: 0 | L27: 0 | M27: 12 | N27: 0 | O27: =SUM(C27:L27,N27) -> 10 | P27: =SUM(C27:N27) -> 22 | R27: 0000-0100 | S27: =SUM(C78:C81) -> 5 | T27: =SUM(D78:D81) -> 2 | U27: =SUM(E78:E81) -> 0 | V27: =SUM(F78:F81) -> 1 | W27: =SUM(G78:G81) -> 0 | X27: =SUM(H78:H81) -> 0 | Y27: =SUM(I78:I81) -> 0 | Z27: =SUM(J78:J81) -> 0 | ... AF27: =SUM(P78:P81) -> 30
B28: 11.30 - 11.45 | C28: 4 | D28: 1 | E28: 0 | F28: 3 | G28: 0 | H28: 0 | I28: 3 | J28: 1 | K28: 0 | L28: 0 | M28: 15 | N28: 0 | O28: =SUM(C28:L28,N28) -> 12 | P28: =SUM(C28:N28) -> 27 | R28: 0100-0200 | S28: =SUM(C82:C85) -> 1 | T28: =SUM(D82:D85) -> 0 | U28: =SUM(E82:E85) -> 0 | V28: =SUM(F82:F85) -> 0 | W28: =SUM(G82:G85) -> 0 | X28: =SUM(H82:H85) -> 0 | Y28: =SUM(I82:I85) -> 0 | Z28: =SUM(J82:J85) -> 0 | ... AF28: =SUM(P82:P85) -> 17
B29: 11.45 - 12.00 | C29: 1 | D29: 2 | E29: 0 | F29: 6 | G29: 0 | H29: 0 | I29: 2 | J29: 0 | K29: 0 | L29: 0 | M29: 26 | N29: 0 | O29: =SUM(C29:L29,N29) -> 11 | P29: =SUM(C29:N29) -> 37 | R29: 0200-0300 | S29: =SUM(C86:C89) -> 0 | T29: =SUM(D86:D89) -> 0 | U29: =SUM(E86:E89) -> 0 | V29: =SUM(F86:F89) -> 1 | W29: =SUM(G86:G89) -> 1 | X29: =SUM(H86:H89) -> 0 | Y29: =SUM(I86:I89) -> 0 | Z29: =SUM(J86:J89) -> 0 | ... AF29: =SUM(P86:P89) -> 10
B30: 12.00 - 12.15 | C30: 3 | D30: 0 | E30: 2 | F30: 5 | G30: 0 | H30: 0 | I30: 4 | J30: 0 | K30: 0 | L30: 0 | M30: 13 | N30: 0 | O30: =SUM(C30:L30,N30) -> 14 | P30: =SUM(C30:N30) -> 27 | R30: 0300-0400 | S30: =SUM(C90:C93) -> 0 | T30: =SUM(D90:D93) -> 0 | U30: =SUM(E90:E93) -> 0 | V30: =SUM(F90:F93) -> 0 | W30: =SUM(G90:G93) -> 2 | X30: =SUM(H90:H93) -> 0 | Y30: =SUM(I90:I93) -> 0 | Z30: =SUM(J90:J93) -> 0 | ... AF30: =SUM(P90:P93) -> 5
B31: 12.15 - 12.30 | C31: 3 | D31: 0 | E31: 1 | F31: 2 | G31: 0 | H31: 0 | I31: 3 | J31: 1 | K31: 0 | L31: 0 | M31: 8 | N31: 0 | O31: =SUM(C31:L31,N31) -> 10 | P31: =SUM(C31:N31) -> 18 | R31: 0400-0500 | S31: =SUM(C94:C97) -> 0 | T31: =SUM(D94:D97) -> 0 | U31: =SUM(E94:E97) -> 1 | V31: =SUM(F94:F97) -> 4 | W31: =SUM(G94:G97) -> 0 | X31: =SUM(H94:H97) -> 0 | Y31: =SUM(I94:I97) -> 0 | Z31: =SUM(J94:J97) -> 2 | ... AF31: =SUM(P94:P97) -> 12
B32: 12.30 - 12.45 | C32: 5 | D32: 0 | E32: 0 | F32: 2 | G32: 0 | H32: 0 | I32: 4 | J32: 1 | K32: 0 | L32: 0 | M32: 18 | N32: 0 | O32: =SUM(C32:L32,N32) -> 12 | P32: =SUM(C32:N32) -> 30 | R32: 0500-0600 | S32: =SUM(C98:C101) -> 2 | T32: =SUM(D98:D101) -> 0 | U32: =SUM(E98:E101) -> 0 | V32: =SUM(F98:F101) -> 8 | W32: =SUM(G98:G101) -> 0 | X32: =SUM(H98:H101) -> 0 | Y32: =SUM(I98:I101) -> 1 | Z32: =SUM(J98:J101) -> 0 | ... AF32: =SUM(P98:P101) -> 19
B33: 12.45 - 13.00 | C33: 2 | D33: 0 | E33: 1 | F33: 3 | G33: 0 | H33: 0 | I33: 2 | J33: 0 | K33: 0 | L33: 0 | M33: 11 | N33: 0 | O33: =SUM(C33:L33,N33) -> 8 | P33: =SUM(C33:N33) -> 19 | R33: 0600-0700 | S33: =SUM(C102:C105) -> 18 | T33: =SUM(D102:D105) -> 2 | U33: =SUM(E102:E105) -> 2 | V33: =SUM(F102:F105) -> 17 | W33: =SUM(G102:G105) -> 0 | X33: =SUM(H102:H105) -> 0 | Y33: =SUM(I102:I105) -> 2 | Z33: =SUM(J102:J105) -> 0 | ... AF33: =SUM(P102:P105) -> 76
B34: 13.00 - 13.15 | C34: 8 | D34: 0 | E34: 0 | F34: 5 | G34: 0 | H34: 0 | I34: 1 | J34: 2 | K34: 0 | L34: 0 | M34: 16 | N34: 0 | O34: =SUM(C34:L34,N34) -> 16 | P34: =SUM(C34:N34) -> 32 | R34: AM Peak Hr | S34: =MAX(S10:S12) -> 34 | T34: =MAX(T10:T12) -> 6 | U34: =MAX(U10:U12) -> 3 | V34: =MAX(V10:V12) -> 22 | W34: =MAX(W10:W12) -> 0 | X34: =MAX(X10:X12) -> 0 | Y34: =MAX(Y10:Y12) -> 18 | Z34: =MAX(Z10:Z12) -> 2 | ... AF34: =MAX(AF10:AF12) -> 167
B35: 13.15 - 13.30 | C35: 0 | D35: 0 | E35: 1 | F35: 4 | G35: 0 | H35: 0 | I35: 1 | J35: 0 | K35: 0 | L35: 0 | M35: 17 | N35: 0 | O35: =SUM(C35:L35,N35) -> 6 | P35: =SUM(C35:N35) -> 23 | R35: IP Peak Hr | S35: =MAX(S13:S18) -> 21 | T35: =MAX(T13:T18) -> 5 | U35: =MAX(U13:U18) -> 4 | V35: =MAX(V13:V18) -> 18 | W35: =MAX(W13:W18) -> 1 | X35: =MAX(X13:X18) -> 0 | Y35: =MAX(Y13:Y18) -> 13 | Z35: =MAX(Z13:Z18) -> 7 | ... AF35: =MAX(AF13:AF18) -> 113
B36: 13.30 - 13.45 | C36: 3 | D36: 0 | E36: 0 | F36: 5 | G36: 0 | H36: 0 | I36: 0 | J36: 0 | K36: 0 | L36: 0 | M36: 13 | N36: 0 | O36: =SUM(C36:L36,N36) -> 8 | P36: =SUM(C36:N36) -> 21 | R36: PM Peak Hr | S36: =MAX(S19:S21) -> 25 | T36: =MAX(T19:T21) -> 4 | U36: =MAX(U19:U21) -> 3 | V36: =MAX(V19:V21) -> 33 | W36: =MAX(W19:W21) -> 4 | X36: =MAX(X19:X21) -> 0 | Y36: =MAX(Y19:Y21) -> 6 | Z36: =MAX(Z19:Z21) -> 3 | ... AF36: =MAX(AF19:AF21) -> 118
B37: 13.45 - 14.00 | C37: 3 | D37: 1 | E37: 1 | F37: 4 | G37: 0 | H37: 0 | I37: 3 | J37: 0 | K37: 0 | L37: 0 | M37: 13 | N37: 0 | O37: =SUM(C37:L37,N37) -> 12 | P37: =SUM(C37:N37) -> 25 | R37: AM Period | S37: =SUM(S10:S12) -> 80 | T37: =SUM(T10:T12) -> 10 | U37: =SUM(U10:U12) -> 6 | V37: =SUM(V10:V12) -> 60 | W37: =SUM(W10:W12) -> 0 | X37: =SUM(X10:X12) -> 0 | Y37: =SUM(Y10:Y12) -> 43 | Z37: =SUM(Z10:Z12) -> 4 | ... AF37: =SUM(AF10:AF12) -> 429
B38: 14.00 - 14.15 | C38: 2 | D38: 0 | E38: 0 | F38: 5 | G38: 0 | H38: 0 | I38: 2 | J38: 2 | K38: 0 | L38: 0 | M38: 15 | N38: 0 | O38: =SUM(C38:L38,N38) -> 11 | P38: =SUM(C38:N38) -> 26 | R38: IP Period | S38: =SUM(S13:S18) -> 82 | T38: =SUM(T13:T18) -> 15 | U38: =SUM(U13:U18) -> 11 | V38: =SUM(V13:V18) -> 86 | W38: =SUM(W13:W18) -> 1 | X38: =SUM(X13:X18) -> 0 | Y38: =SUM(Y13:Y18) -> 57 | Z38: =SUM(Z13:Z18) -> 17 | ... AF38: =SUM(AF13:AF18) -> 595
B39: 14.15 - 14.30 | C39: 2 | D39: 0 | E39: 1 | F39: 7 | G39: 1 | H39: 0 | I39: 2 | J39: 2 | K39: 0 | L39: 0 | M39: 12 | N39: 0 | O39: =SUM(C39:L39,N39) -> 15 | P39: =SUM(C39:N39) -> 27 | R39: PM Period | S39: =SUM(S19:S21) -> 56 | T39: =SUM(T19:T21) -> 8 | U39: =SUM(U19:U21) -> 6 | V39: =SUM(V19:V21) -> 82 | W39: =SUM(W19:W21) -> 6 | X39: =SUM(X19:X21) -> 0 | Y39: =SUM(Y19:Y21) -> 14 | Z39: =SUM(Z19:Z21) -> 6 | ... AF39: =SUM(AF19:AF21) -> 313
B40: 14.30 - 14.45 | C40: 6 | D40: 1 | E40: 0 | F40: 3 | G40: 0 | H40: 0 | I40: 3 | J40: 1 | K40: 0 | L40: 0 | M40: 18 | N40: 0 | O40: =SUM(C40:L40,N40) -> 14 | P40: =SUM(C40:N40) -> 32 | R40: 12 Hours | S40: =SUM(S10:S21) -> 218 | T40: =SUM(T10:T21) -> 33 | U40: =SUM(U10:U21) -> 23 | V40: =SUM(V10:V21) -> 228 | W40: =SUM(W10:W21) -> 7 | X40: =SUM(X10:X21) -> 0 | Y40: =SUM(Y10:Y21) -> 114 | Z40: =SUM(Z10:Z21) -> 27 | ... AF40: =SUM(AF10:AF21) -> 1337
B41: 14.45 - 15.00 | C41: 0 | D41: 0 | E41: 0 | F41: 3 | G41: 0 | H41: 0 | I41: 3 | J41: 2 | K41: 0 | L41: 0 | M41: 8 | N41: 0 | O41: =SUM(C41:L41,N41) -> 8 | P41: =SUM(C41:N41) -> 16 | R41: 24 Hrs/ADT | S41: =SUM(S10:S33) -> 289 | T41: =SUM(T10:T33) -> 40 | U41: =SUM(U10:U33) -> 35 | V41: =SUM(V10:V33) -> 369 | W41: =SUM(W10:W33) -> 25 | X41: =SUM(X10:X33) -> 0 | Y41: =SUM(Y10:Y33) -> 129 | Z41: =SUM(Z10:Z33) -> 33 | ... AF41: =SUM(AF10:AF33) -> 1863
B42: 15.00 - 15.15 | C42: 4 | D42: 0 | E42: 0 | F42: 3 | G42: 0 | H42: 0 | I42: 2 | J42: 0 | K42: 0 | L42: 0 | M42: 14 | N42: 0 | O42: =SUM(C42:L42,N42) -> 9 | P42: =SUM(C42:N42) -> 23 | R42: NEF | S42: =S41/S40 -> 1.3256881 | T42: =T41/T40 -> 1.2121212 | U42: =U41/U40 -> 1.5217391 | V42: =V41/V40 -> 1.6184211 | W42: =W41/W40 -> 3.5714286 | X42: =X41/X40 -> #DIV/0! | Y42: =Y41/Y40 -> 1.1315789 | Z42: =Z41/Z40 -> 1.2222222 | ... AF42: =AF41/AF40 -> 1.3934181
B43: 15.15 - 15.30 | C43: 2 | D43: 1 | E43: 0 | F43: 4 | G43: 0 | H43: 0 | I43: 0 | J43: 1 | K43: 0 | L43: 0 | M43: 8 | N43: 0 | O43: =SUM(C43:L43,N43) -> 8 | P43: =SUM(C43:N43) -> 16
B44: 15.30 - 15.45 | C44: 2 | D44: 2 | E44: 0 | F44: 4 | G44: 0 | H44: 0 | I44: 2 | J44: 0 | K44: 0 | L44: 0 | M44: 17 | N44: 0 | O44: =SUM(C44:L44,N44) -> 10 | P44: =SUM(C44:N44) -> 27
B45: 15.45 - 16.00 | C45: 3 | D45: 1 | E45: 0 | F45: 4 | G45: 0 | H45: 0 | I45: 1 | J45: 1 | K45: 0 | L45: 0 | M45: 10 | N45: 0 | O45: =SUM(C45:L45,N45) -> 10 | P45: =SUM(C45:N45) -> 20
B46: 16.00 - 16.15 | C46: 5 | D46: 1 | E46: 0 | F46: 6 | G46: 0 | H46: 0 | I46: 1 | J46: 0 | K46: 0 | L46: 0 | M46: 11 | N46: 0 | O46: =SUM(C46:L46,N46) -> 13 | P46: =SUM(C46:N46) -> 24
B47: 16.15 -16.30 | C47: 0 | D47: 0 | E47: 1 | F47: 0 | G47: 2 | H47: 0 | I47: 0 | J47: 0 | K47: 0 | L47: 0 | M47: 11 | N47: 0 | O47: =SUM(C47:L47,N47) -> 3 | P47: =SUM(C47:N47) -> 14
B48: 16.30 -16.45 | C48: 2 | D48: 1 | E48: 1 | F48: 9 | G48: 0 | H48: 0 | I48: 1 | J48: 0 | K48: 0 | L48: 0 | M48: 15 | N48: 0 | O48: =SUM(C48:L48,N48) -> 14 | P48: =SUM(C48:N48) -> 29
B49: 16.45 -17.00 | C49: 6 | D49: 2 | E49: 0 | F49: 5 | G49: 0 | H49: 0 | I49: 1 | J49: 1 | K49: 0 | L49: 0 | M49: 10 | N49: 0 | O49: =SUM(C49:L49,N49) -> 15 | P49: =SUM(C49:N49) -> 25
B50: 17.00 -17.15 | C50: 3 | D50: 0 | E50: 0 | F50: 6 | G50: 0 | H50: 0 | I50: 0 | J50: 0 | K50: 0 | L50: 0 | M50: 6 | N50: 0 | O50: =SUM(C50:L50,N50) -> 9 | P50: =SUM(C50:N50) -> 15
B51: 17.15 -17.30 | C51: 6 | D51: 0 | E51: 1 | F51: 7 | G51: 0 | H51: 0 | I51: 3 | J51: 1 | K51: 0 | L51: 0 | M51: 6 | N51: 0 | O51: =SUM(C51:L51,N51) -> 18 | P51: =SUM(C51:N51) -> 24
B52: 17.30 -17.45 | C52: 9 | D52: 1 | E52: 0 | F52: 10 | G52: 0 | H52: 0 | I52: 0 | J52: 1 | K52: 0 | L52: 0 | M52: 12 | N52: 0 | O52: =SUM(C52:L52,N52) -> 21 | P52: =SUM(C52:N52) -> 33
B53: 17.45 -18.00 | C53: 7 | D53: 1 | E53: 0 | F53: 6 | G53: 0 | H53: 0 | I53: 3 | J53: 0 | K53: 0 | L53: 0 | M53: 14 | N53: 0 | O53: =SUM(C53:L53,N53) -> 17 | P53: =SUM(C53:N53) -> 31
B54: 18.00 - 18.15 | C54: 5 | D54: 1 | E54: 0 | F54: 8 | G54: 1 | H54: 0 | I54: 1 | J54: 1 | K54: 0 | L54: 0 | M54: 13 | N54: 0 | O54: =SUM(C54:L54,N54) -> 17 | P54: =SUM(C54:N54) -> 30
... B75: 23.15 - 23.30 | C75: 3 | D75: 0 | E75: 0 | F75: 4 | G75: 0 | H75: 0 | I75: 0 | J75: 0 | K75: 0 | L75: 0 | M75: 9 | N75: 0 | O75: =SUM(C75:L75,N75) -> 7 | P75: =SUM(C75:N75) -> 16
B76: 23.30 - 23.45 | C76: 1 | D76: 0 | E76: 1 | F76: 2 | G76: 0 | H76: 0 | I76: 1 | J76: 0 | K76: 0 | L76: 0 | M76: 8 | N76: 0 | O76: 1 | P76: 2 | S76: 1
B77: 23.45 - 00.00 | C77: 2 | D77: 0 | E77: 0 | F77: 0 | G77: 0 | H77: 0 | I77: 0 | J77: 0 | K77: 0 | L77: 0 | M77: 5 | N77: 0 | O77: =SUM(C77:L77,N77) -> 2 | P77: =SUM(C77:N77) -> 7
B78: 00.00 - 00.15 | C78: 1 | D78: 1 | E78: 0 | F78: 0 | G78: 0 | H78: 0 | I78: 0 | J78: 0 | K78: 0 | L78: 0 | M78: 6 | N78: 0 | O78: =SUM(C78:L78,N78) -> 2 | P78: =SUM(C78:N78) -> 8
B79: 00.15 - 00.30 | C79: 1 | D79: 1 | E79: 0 | F79: 1 | G79: 0 | H79: 0 | I79: 0 | J79: 0 | K79: 0 | L79: 0 | M79: 3 | N79: 0 | O79: =SUM(C79:L79,N79) -> 3 | P79: =SUM(C79:N79) -> 6
B80: 00.30 - 00.45 | C80: 1 | D80: 0 | E80: 0 | F80: 0 | G80: 0 | H80: 0 | I80: 0 | J80: 0 | K80: 0 | L80: 0 | M80: 6 | N80: 0 | O80: =SUM(C80:L80,N80) -> 1 | P80: =SUM(C80:N80) -> 7
B81: 00.45 - 01.00 | C81: 2 | D81: 0 | E81: 0 | F81: 0 | G81: 0 | H81: 0 | I81: 0 | J81: 0 | K81: 0 | L81: 0 | M81: 7 | N81: 0 | O81: =SUM(C81:L81,N81) -> 2 | P81: =SUM(C81:N81) -> 9
B82: 01.00 - 01.15 | C82: 1 | D82: 0 | E82: 0 | F82: 0 | G82: 0 | H82: 0 | I82: 0 | J82: 0 | K82: 0 | L82: 0 | M82: 5 | N82: 0 | O82: =SUM(C82:L82,N82) -> 1 | P82: =SUM(C82:N82) -> 6
B83: 01.15 - 01.30 | C83: 0 | D83: 0 | E83: 0 | F83: 0 | G83: 0 | H83: 0 | I83: 0 | J83: 0 | K83: 0 | L83: 0 | M83: 6 | N83: 0 | O83: =SUM(C83:L83,N83) -> 0 | P83: =SUM(C83:N83) -> 6
B84: 01.30 - 01.45 | C84: 0 | D84: 0 | E84: 0 | F84: 0 | G84: 0 | H84: 0 | I84: 0 | J84: 0 | K84: 0 | L84: 0 | M84: 1 | N84: 0 | O84: =SUM(C84:L84,N84) -> 0 | P84: =SUM(C84:N84) -> 1
B85: 01.45 - 02.00 | C85: 0 | D85: 0 | E85: 0 | F85: 0 | G85: 0 | H85: 0 | I85: 0 | J85: 0 | K85: 0 | L85: 0 | M85: 4 | N85: 0 | O85: =SUM(C85:L85,N85) -> 0 | P85: =SUM(C85:N85) -> 4
B86: 02.00 - 02.15 | C86: 0 | D86: 0 | E86: 0 | F86: 1 | G86: 1 | H86: 0 | I86: 0 | J86: 0 | K86: 0 | L86: 0 | M86: 3 | N86: 0 | O86: =SUM(C86:L86,N86) -> 2 | P86: =SUM(C86:N86) -> 5
B87: 02.15 - 02.30 | C87: 0 | D87: 0 | E87: 0 | F87: 0 | G87: 0 | H87: 0 | I87: 0 | J87: 0 | K87: 0 | L87: 0 | M87: 3 | N87: 0 | O87: =SUM(C87:L87,N87) -> 0 | P87: =SUM(C87:N87) -> 3
B88: 02.30 - 02.45 | C88: 0 | D88: 0 | E88: 0 | F88: 0 | G88: 0 | H88: 0 | I88: 0 | J88: 0 | K88: 0 | L88: 0 | M88: 1 | N88: 0 | O88: =SUM(C88:L88,N88) -> 0 | P88: =SUM(C88:N88) -> 1
... B105: 06.45 - 07.00 | C105: 8 | D105: 1 | E105: 1 | F105: 7 | G105: 0 | H105: 0 | I105: 0 | J105: 0 | K105: 0 | L105: 0 | M105: 16 | N105: 0 | O105: =SUM(C105:L105,N105) -> 17 | P105: =SUM(C105:N105) -> 33
B106: Totals | C106: =SUM(C10:C105) -> 289 | D106: =SUM(D10:D105) -> 40 | E106: =SUM(E10:E105) -> 35 | F106: =SUM(F10:F105) -> 369 | G106: =SUM(G10:G105) -> 25 | H106: =SUM(H10:H105) -> 0 | I106: =SUM(I10:I105) -> 129 | J106: =SUM(J10:J105) -> 33 | ... P106: =SUM(P10:P105) -> 1863
B107: %ges + MCs | C107: =C106/$P$106 -> 0.15512614 | D107: =D106/$P$106 -> 0.021470746 | E107: =E106/$P$106 -> 0.018786903 | F107: =F106/$P$106 -> 0.19806763 | G107: =G106/$P$106 -> 0.013419216 | H107: =H106/$P$106 -> 0 | I107: =I106/$P$106 -> 0.069243156 | J107: =J106/$P$106 -> 0.017713366 | ... N107: =N106/$P$106 -> 0
B108: %ges w/o MCs | C108: =C106/$O$106 -> 0.31515812 | D108: =D106/$O$106 -> 0.043620502 | E108: =E106/$O$106 -> 0.038167939 | F108: =F106/$O$106 -> 0.40239913 | G108: =G106/$O$106 -> 0.027262814 | H108: =H106/$O$106 -> 0 | I108: =I106/$O$106 -> 0.14067612 | J108: =J106/$O$106 -> 0.035986914 | ... L108: =L106/$O$106 -> 0 | N108: =N106/$O$106 -> 0

Sheet 26.0919 Busabala-Entebbe 24HR
B1: Consultancy services for Preparation of Expressway Development Master Plan (EDMP) for Uganda
B2: MANUAL CLASSIFIED COUNT (MCC)
B3: ROAD NAME: | C3: ='23.09.19 Entebbe-Busabala'!C3:G3 -> MCC - C2 - STN053 - Busabala RD
C5: Date | D5: ='26.09. 19 Entebbe-Busabala 24HR'!D5 -> 26.09.19 | F5: Location | G5: ='26.09. 19 Entebbe-Busabala 24HR'!G5:H5 -> Ziranumbu town | J5: Surveyor | K5: Geofrey
C6: Dir. From | D6: ='23.09.19 Busabala-Entebbe'!D6:E6 -> BUSABALA | F6: Dir. To | G6: ='24.09 Busabala-Entebbe'!G6:H6 -> ENTEBBE RD | J6: Supervisor | K6: ='26.09. 19 Entebbe-Busabala 24HR'!K6:L6 -> Steven
B8: Time / Veh Type | R8: SUMMARY TRAFFIC VOLUMES
C9: 1. Car | D9: 2. Station Wagon | E9: 3. Pickups | F9: 4. Minibus, matatu | G9: 5. Medium bus | H9: 6. Large Bus | I9: 7. Light Truck | J9: 8. Medium Truck | K9: 9. Heavy truck | L9: 10. Truck Trailer | M9: 11. Motor cycles | N9: 12. Tractors | O9: Total Excl M/Cycles | P9: Total All | R9: Time | S9: 1. Car | T9: 2. Station Wagon | U9: 3. Pickups | V9: 4. Minibus, matatu | W9: 5. Medium bus | X9: 6. Large Bus | Y9: 7. Light Truck | Z9: 8. Medium Truck | AA9: 9. Heavy truck | AB9: 10. Truck Trailer | AC9: 11. Motorcycles | AD9: 12. Tractors, Graders | AE9: Total Excl M/ Cycles | AF9: Total All
B10: 07.00 - 07.15 | C10: 7 | D10: 0 | E10: 0 | F10: 9 | G10: 0 | H10: 0 | I10: 1 | J10: 0 | K10: 0 | L10: 0 | M10: 10 | N10: 0 | O10: =SUM(C10:L10,N10) -> 17 | P10: =SUM(C10:N10) -> 27 | R10: 0700-0800 | S10: =SUM(C10:C13) -> 11 | T10: =SUM(D10:D13) -> 3 | U10: =SUM(E10:E13) -> 1 | V10: =SUM(F10:F13) -> 18 | W10: =SUM(G10:G13) -> 0 | X10: =SUM(H10:H13) -> 0 | Y10: =SUM(I10:I13) -> 6 | Z10: =SUM(J10:J13) -> 0 | ... AF10: =SUM(P10:P13) -> 81
B11: 07.15 - 07.30 | C11: 2 | D11: 1 | E11: 1 | F11: 2 | G11: 0 | H11: 0 | I11: 4 | J11: 0 | K11: 0 | L11: 0 | M11: 4 | N11: 0 | O11: =SUM(C11:L11,N11) -> 10 | P11: =SUM(C11:N11) -> 14 | R11: 0800-0900 | S11: =SUM(C14:C17) -> 7 | T11: =SUM(D14:D17) -> 5 | U11: =SUM(E14:E17) -> 1 | V11: =SUM(F14:F17) -> 13 | W11: =SUM(G14:G17) -> 0 | X11: =SUM(H14:H17) -> 0 | Y11: =SUM(I14:I17) -> 8 | Z11: =SUM(J14:J17) -> 1 | ... AF11: =SUM(P14:P17) -> 71
B12: 07.30 - 07.45 | C12: 2 | D12: 2 | E12: 0 | F12: 4 | G12: 0 | H12: 0 | I12: 0 | J12: 0 | K12: 0 | L12: 0 | M12: 13 | N12: 0 | O12: =SUM(C12:L12,N12) -> 8 | P12: =SUM(C12:N12) -> 21 | R12: 0900-1000 | S12: =SUM(C18:C21) -> 4 | T12: =SUM(D18:D21) -> 4 | U12: =SUM(E18:E21) -> 2 | V12: =SUM(F18:F21) -> 10 | W12: =SUM(G18:G21) -> 0 | X12: =SUM(H18:H21) -> 0 | Y12: =SUM(I18:I21) -> 11 | Z12: =SUM(J18:J21) -> 0 | ... AF12: =SUM(P18:P21) -> 78
B13: 07.45 - 08.00 | C13: 0 | D13: 0 | E13: 0 | F13: 3 | G13: 0 | H13: 0 | I13: 1 | J13: 0 | K13: 0 | L13: 0 | M13: 15 | N13: 0 | O13: =SUM(C13:L13,N13) -> 4 | P13: =SUM(C13:N13) -> 19 | R13: 1000-1100 | S13: =SUM(C22:C25) -> 6 | T13: =SUM(D22:D25) -> 3 | U13: =SUM(E22:E25) -> 1 | V13: =SUM(F22:F25) -> 7 | W13: =SUM(G22:G25) -> 3 | X13: =SUM(H22:H25) -> 0 | Y13: =SUM(I22:I25) -> 6 | Z13: =SUM(J22:J25) -> 4 | ... AF13: =SUM(P22:P25) -> 68
B14: 08.00 - 08.15 | C14: 2 | D14: 1 | E14: 1 | F14: 1 | G14: 0 | H14: 0 | I14: 3 | J14: 0 | K14: 0 | L14: 0 | M14: 6 | N14: 0 | O14: =SUM(C14:L14,N14) -> 8 | P14: =SUM(C14:N14) -> 14 | R14: 1100-1200 | S14: =SUM(C26:C29) -> 12 | T14: =SUM(D26:D29) -> 0 | U14: =SUM(E26:E29) -> 1 | V14: =SUM(F26:F29) -> 12 | W14: =SUM(G26:G29) -> 0 | X14: =SUM(H26:H29) -> 0 | Y14: =SUM(I26:I29) -> 11 | Z14: =SUM(J26:J29) -> 1 | ... AF14: =SUM(P26:P29) -> 89
B15: 08.15 - 08.30 | C15: 4 | D15: 2 | E15: 0 | F15: 4 | G15: 0 | H15: 0 | I15: 0 | J15: 0 | K15: 0 | L15: 0 | M15: 11 | N15: 0 | O15: =SUM(C15:L15,N15) -> 10 | P15: =SUM(C15:N15) -> 21 | R15: 1200-1300 | S15: =SUM(C30:C33) -> 12 | T15: =SUM(D30:D33) -> 2 | U15: =SUM(E30:E33) -> 1 | V15: =SUM(F30:F33) -> 13 | W15: =SUM(G30:G33) -> 0 | X15: =SUM(H30:H33) -> 0 | Y15: =SUM(I30:I33) -> 10 | Z15: =SUM(J30:J33) -> 3 | ... AF15: =SUM(P30:P33) -> 81
B16: 08.30 - 08.45 | C16: 0 | D16: 1 | E16: 0 | F16: 4 | G16: 0 | H16: 0 | I16: 2 | J16: 0 | K16: 0 | L16: 0 | M16: 6 | N16: 0 | O16: =SUM(C16:L16,N16) -> 7 | P16: =SUM(C16:N16) -> 13 | R16: 1300-1400 | S16: =SUM(C34:C37) -> 10 | T16: =SUM(D34:D37) -> 2 | U16: =SUM(E34:E37) -> 2 | V16: =SUM(F34:F37) -> 11 | W16: =SUM(G34:G37) -> 0 | X16: =SUM(H34:H37) -> 0 | Y16: =SUM(I34:I37) -> 5 | Z16: =SUM(J34:J37) -> 2 | ... AF16: =SUM(P34:P37) -> 69
B17: 08.45 - 9.00 | C17: 1 | D17: 1 | E17: 0 | F17: 4 | G17: 0 | H17: 0 | I17: 3 | J17: 1 | K17: 0 | L17: 0 | M17: 13 | N17: 0 | O17: =SUM(C17:L17,N17) -> 10 | P17: =SUM(C17:N17) -> 23 | R17: 1400-1500 | S17: =SUM(C38:C41) -> 17 | T17: =SUM(D38:D41) -> 6 | U17: =SUM(E38:E41) -> 2 | V17: =SUM(F38:F41) -> 13 | W17: =SUM(G38:G41) -> 1 | X17: =SUM(H38:H41) -> 0 | Y17: =SUM(I38:I41) -> 7 | Z17: =SUM(J38:J41) -> 0 | ... AF17: =SUM(P38:P41) -> 91
B18: 09.00 - 09.15 | C18: 1 | D18: 2 | E18: 0 | F18: 2 | G18: 0 | H18: 0 | I18: 2 | J18: 0 | K18: 0 | L18: 0 | M18: 10 | N18: 0 | O18: =SUM(C18:L18,N18) -> 7 | P18: =SUM(C18:N18) -> 17 | R18: 1500-1600 | S18: =SUM(C42:C45) -> 10 | T18: =SUM(D42:D45) -> 3 | U18: =SUM(E42:E45) -> 3 | V18: =SUM(F42:F45) -> 11 | W18: =SUM(G42:G45) -> 0 | X18: =SUM(H42:H45) -> 0 | Y18: =SUM(I42:I45) -> 5 | Z18: =SUM(J42:J45) -> 3 | ... AF18: =SUM(P42:P45) -> 79
B19: 09.15 - 09.30 | C19: 2 | D19: 1 | E19: 1 | F19: 3 | G19: 0 | H19: 0 | I19: 3 | J19: 0 | K19: 0 | L19: 0 | M19: 10 | N19: 0 | O19: =SUM(C19:L19,N19) -> 10 | P19: =SUM(C19:N19) -> 20 | R19: 1600-1700 | S19: =SUM(C46:C49) -> 11 | T19: =SUM(D46:D49) -> 8 | U19: =SUM(E46:E49) -> 1 | V19: =SUM(F46:F49) -> 12 | W19: =SUM(G46:G49) -> 0 | X19: =SUM(H46:H49) -> 3 | Y19: =SUM(I46:I49) -> 11 | Z19: =SUM(J46:J49) -> 0 | ... AF19: =SUM(P46:P49) -> 92
B20: 09.30 - 09.45 | C20: 1 | D20: 0 | E20: 1 | F20: 3 | G20: 0 | H20: 0 | I20: 2 | J20: 0 | K20: 0 | L20: 0 | M20: 16 | N20: 0 | O20: =SUM(C20:L20,N20) -> 7 | P20: =SUM(C20:N20) -> 23 | R20: 1700-1800 | S20: =SUM(C50:C53) -> 19 | T20: =SUM(D50:D53) -> 14 | U20: =SUM(E50:E53) -> 4 | V20: =SUM(F50:F53) -> 18 | W20: =SUM(G50:G53) -> 0 | X20: =SUM(H50:H53) -> 0 | Y20: =SUM(I50:I53) -> 4 | Z20: =SUM(J50:J53) -> 3 | ... AF20: =SUM(P50:P53) -> 109
B21: 09.45 - 10.00 | C21: 0 | D21: 1 | E21: 0 | F21: 2 | G21: 0 | H21: 0 | I21: 4 | J21: 0 | K21: 0 | L21: 0 | M21: 11 | N21: 0 | O21: =SUM(C21:L21,N21) -> 7 | P21: =SUM(C21:N21) -> 18 | R21: 1800-1900 | S21: =SUM(C54:C57) -> 22 | T21: =SUM(D54:D57) -> 12 | U21: =SUM(E54:E57) -> 3 | V21: =SUM(F54:F57) -> 20 | W21: =SUM(G54:G57) -> 0 | X21: =SUM(H54:H57) -> 0 | Y21: =SUM(I54:I57) -> 4 | Z21: =SUM(J54:J57) -> 0 | ... AF21: =SUM(P54:P57) -> 103
B22: 10.00 - 10.15 | C22: 0 | D22: 0 | E22: 0 | F22: 1 | G22: 3 | H22: 0 | I22: 0 | J22: 4 | K22: 0 | L22: 0 | M22: 6 | N22: 0 | O22: =SUM(C22:L22,N22) -> 8 | P22: =SUM(C22:N22) -> 14 | R22: 1900-2000 | S22: =SUM(C58:C61) -> 36 | T22: =SUM(D58:D61) -> 5 | U22: =SUM(E58:E61) -> 13 | V22: =SUM(F58:F61) -> 26 | W22: =SUM(G58:G61) -> 0 | X22: =SUM(H58:H61) -> 0 | Y22: =SUM(I58:I61) -> 9 | Z22: =SUM(J58:J61) -> 2 | ... AF22: =SUM(P58:P61) -> 163
B23: 10.15 - 10.30 | C23: 2 | D23: 0 | E23: 0 | F23: 2 | G23: 0 | H23: 0 | I23: 2 | J23: 0 | K23: 0 | L23: 0 | M23: 11 | N23: 0 | O23: =SUM(C23:L23,N23) -> 6 | P23: =SUM(C23:N23) -> 17 | R23: 2000-2100 | S23: =SUM(C62:C65) -> 16 | T23: =SUM(D62:D65) -> 7 | U23: =SUM(E62:E65) -> 0 | V23: =SUM(F62:F65) -> 19 | W23: =SUM(G62:G65) -> 0 | X23: =SUM(H62:H65) -> 0 | Y23: =SUM(I62:I65) -> 2 | Z23: =SUM(J62:J65) -> 0 | ... AF23: =SUM(P62:P65) -> 84
B24: 10:30 -10:45 | C24: 1 | D24: 2 | E24: 0 | F24: 2 | G24: 0 | H24: 0 | I24: 2 | J24: 0 | K24: 0 | L24: 0 | M24: 13 | N24: 0 | O24: =SUM(C24:L24,N24) -> 7 | P24: =SUM(C24:N24) -> 20 | R24: 2100-2200 | S24: =SUM(C66:C69) -> 42 | T24: =SUM(D66:D69) -> 3 | U24: =SUM(E66:E69) -> 4 | V24: =SUM(F66:F69) -> 26 | W24: =SUM(G66:G69) -> 1 | X24: =SUM(H66:H69) -> 0 | Y24: =SUM(I66:I69) -> 10 | Z24: =SUM(J66:J69) -> 1 | ... AF24: =SUM(P66:P69) -> 147
B25: 10.45 - 11.00 | C25: 3 | D25: 1 | E25: 1 | F25: 2 | G25: 0 | H25: 0 | I25: 2 | J25: 0 | K25: 0 | L25: 0 | M25: 8 | N25: 0 | O25: =SUM(C25:L25,N25) -> 9 | P25: =SUM(C25:N25) -> 17 | R25: 2200-2300 | S25: =SUM(C70:C73) -> 24 | T25: =SUM(D70:D73) -> 1 | U25: =SUM(E70:E73) -> 4 | V25: =SUM(F70:F73) -> 24 | W25: =SUM(G70:G73) -> 0 | X25: =SUM(H70:H73) -> 0 | Y25: =SUM(I70:I73) -> 2 | Z25: =SUM(J70:J73) -> 2 | ... AF25: =SUM(P70:P73) -> 114
B26: 11.00 - 11.15 | C26: 2 | D26: 0 | E26: 1 | F26: 4 | G26: 0 | H26: 0 | I26: 2 | J26: 1 | K26: 0 | L26: 0 | M26: 22 | N26: 0 | O26: =SUM(C26:L26,N26) -> 10 | P26: =SUM(C26:N26) -> 32 | R26: 2300-0000 | S26: =SUM(C74:C77) -> 18 | T26: =SUM(D74:D77) -> 6 | U26: =SUM(E74:E77) -> 0 | V26: =SUM(F74:F77) -> 18 | W26: =SUM(G74:G77) -> 0 | X26: =SUM(H74:H77) -> 0 | Y26: =SUM(I74:I77) -> 2 | Z26: =SUM(J74:J77) -> 0 | ... AF26: =SUM(P74:P77) -> 106
B27: 11.15 - 11.30 | C27: 2 | D27: 0 | E27: 0 | F27: 2 | G27: 0 | H27: 0 | I27: 3 | J27: 0 | K27: 0 | L27: 0 | M27: 10 | N27: 0 | O27: =SUM(C27:L27,N27) -> 7 | P27: =SUM(C27:N27) -> 17 | R27: 0000-0100 | S27: =SUM(C78:C81) -> 11 | T27: =SUM(D78:D81) -> 3 | U27: =SUM(E78:E81) -> 0 | V27: =SUM(F78:F81) -> 4 | W27: =SUM(G78:G81) -> 0 | X27: =SUM(H78:H81) -> 0 | Y27: =SUM(I78:I81) -> 0 | Z27: =SUM(J78:J81) -> 0 | ... AF27: =SUM(P78:P81) -> 49
B28: 11.30 - 11.45 | C28: 4 | D28: 0 | E28: 0 | F28: 4 | G28: 0 | H28: 0 | I28: 3 | J28: 0 | K28: 0 | L28: 0 | M28: 6 | N28: 0 | O28: =SUM(C28:L28,N28) -> 11 | P28: =SUM(C28:N28) -> 17 | R28: 0100-0200 | S28: =SUM(C82:C85) -> 5 | T28: =SUM(D82:D85) -> 0 | U28: =SUM(E82:E85) -> 0 | V28: =SUM(F82:F85) -> 0 | W28: =SUM(G82:G85) -> 0 | X28: =SUM(H82:H85) -> 0 | Y28: =SUM(I82:I85) -> 0 | Z28: =SUM(J82:J85) -> 0 | ... AF28: =SUM(P82:P85) -> 34
B29: 11.45 - 12.00 | C29: 4 | D29: 0 | E29: 0 | F29: 2 | G29: 0 | H29: 0 | I29: 3 | J29: 0 | K29: 0 | L29: 0 | M29: 14 | N29: 0 | O29: =SUM(C29:L29,N29) -> 9 | P29: =SUM(C29:N29) -> 23 | R29: 0200-0300 | S29: =SUM(C86:C89) -> 0 | T29: =SUM(D86:D89) -> 0 | U29: =SUM(E86:E89) -> 0 | V29: =SUM(F86:F89) -> 0 | W29: =SUM(G86:G89) -> 0 | X29: =SUM(H86:H89) -> 0 | Y29: =SUM(I86:I89) -> 0 | Z29: =SUM(J86:J89) -> 0 | ... AF29: =SUM(P86:P89) -> 8
B30: 12.00 - 12.15 | C30: 1 | D30: 1 | E30: 0 | F30: 2 | G30: 0 | H30: 0 | I30: 2 | J30: 2 | K30: 0 | L30: 0 | M30: 9 | N30: 0 | O30: =SUM(C30:L30,N30) -> 8 | P30: =SUM(C30:N30) -> 17 | R30: 0300-0400 | S30: =SUM(C90:C93) -> 3 | T30: =SUM(D90:D93) -> 0 | U30: =SUM(E90:E93) -> 0 | V30: =SUM(F90:F93) -> 1 | W30: =SUM(G90:G93) -> 0 | X30: =SUM(H90:H93) -> 0 | Y30: =SUM(I90:I93) -> 1 | Z30: =SUM(J90:J93) -> 0 | ... AF30: =SUM(P90:P93) -> 11
B31: 12.15 - 12.30 | C31: 2 | D31: 1 | E31: 0 | F31: 7 | G31: 0 | H31: 0 | I31: 1 | J31: 1 | K31: 0 | L31: 0 | M31: 9 | N31: 0 | O31: =SUM(C31:L31,N31) -> 12 | P31: =SUM(C31:N31) -> 21 | R31: 0400-0500 | S31: =SUM(C94:C97) -> 2 | T31: =SUM(D94:D97) -> 0 | U31: =SUM(E94:E97) -> 0 | V31: =SUM(F94:F97) -> 1 | W31: =SUM(G94:G97) -> 0 | X31: =SUM(H94:H97) -> 0 | Y31: =SUM(I94:I97) -> 0 | Z31: =SUM(J94:J97) -> 0 | ... AF31: =SUM(P94:P97) -> 10
B32: 12.30 - 12.45 | C32: 5 | D32: 0 | E32: 0 | F32: 3 | G32: 0 | H32: 0 | I32: 4 | J32: 0 | K32: 0 | L32: 0 | M32: 11 | N32: 0 | O32: =SUM(C32:L32,N32) -> 12 | P32: =SUM(C32:N32) -> 23 | R32: 0500-0600 | S32: =SUM(C98:C101) -> 0 | T32: =SUM(D98:D101) -> 0 | U32: =SUM(E98:E101) -> 0 | V32: =SUM(F98:F101) -> 5 | W32: =SUM(G98:G101) -> 14 | X32: =SUM(H98:H101) -> 1 | Y32: =SUM(I98:I101) -> 0 | Z32: =SUM(J98:J101) -> 0 | ... AF32: =SUM(P98:P101) -> 30
B33: 12.45 - 13.00 | C33: 4 | D33: 0 | E33: 1 | F33: 1 | G33: 0 | H33: 0 | I33: 3 | J33: 0 | K33: 0 | L33: 0 | M33: 11 | N33: 0 | O33: =SUM(C33:L33,N33) -> 9 | P33: =SUM(C33:N33) -> 20 | R33: 0600-0700 | S33: =SUM(C102:C105) -> 23 | T33: =SUM(D102:D105) -> 1 | U33: =SUM(E102:E105) -> 1 | V33: =SUM(F102:F105) -> 40 | W33: =SUM(G102:G105) -> 0 | X33: =SUM(H102:H105) -> 0 | Y33: =SUM(I102:I105) -> 0 | Z33: =SUM(J102:J105) -> 0 | ... AF33: =SUM(P102:P105) -> 95
B34: 13.00 - 13.15 | C34: 1 | D34: 0 | E34: 0 | F34: 4 | G34: 0 | H34: 0 | I34: 0 | J34: 1 | K34: 0 | L34: 0 | M34: 11 | N34: 0 | O34: =SUM(C34:L34,N34) -> 6 | P34: =SUM(C34:N34) -> 17 | R34: AM Peak Hr | S34: =MAX(S10:S12) -> 11 | T34: =MAX(T10:T12) -> 5 | U34: =MAX(U10:U12) -> 2 | V34: =MAX(V10:V12) -> 18 | W34: =MAX(W10:W12) -> 0 | X34: =MAX(X10:X12) -> 0 | Y34: =MAX(Y10:Y12) -> 11 | Z34: =MAX(Z10:Z12) -> 1 | ... AF34: =MAX(AF10:AF12) -> 81
B35: 13.15 - 13.30 | C35: 2 | D35: 1 | E35: 2 | F35: 3 | G35: 0 | H35: 0 | I35: 2 | J35: 0 | K35: 0 | L35: 0 | M35: 6 | N35: 0 | O35: =SUM(C35:L35,N35) -> 10 | P35: =SUM(C35:N35) -> 16 | R35: IP Peak Hr | S35: =MAX(S13:S18) -> 17 | T35: =MAX(T13:T18) -> 6 | U35: =MAX(U13:U18) -> 3 | V35: =MAX(V13:V18) -> 13 | W35: =MAX(W13:W18) -> 3 | X35: =MAX(X13:X18) -> 0 | Y35: =MAX(Y13:Y18) -> 11 | Z35: =MAX(Z13:Z18) -> 4 | ... AF35: =MAX(AF13:AF18) -> 91
B36: 13.30 - 13.45 | C36: 3 | D36: 0 | E36: 0 | F36: 2 | G36: 0 | H36: 0 | I36: 2 | J36: 1 | K36: 0 | L36: 0 | M36: 12 | N36: 0 | O36: =SUM(C36:L36,N36) -> 8 | P36: =SUM(C36:N36) -> 20 | R36: PM Peak Hr | S36: =MAX(S19:S21) -> 22 | T36: =MAX(T19:T21) -> 14 | U36: =MAX(U19:U21) -> 4 | V36: =MAX(V19:V21) -> 20 | W36: =MAX(W19:W21) -> 0 | X36: =MAX(X19:X21) -> 3 | Y36: =MAX(Y19:Y21) -> 11 | Z36: =MAX(Z19:Z21) -> 3 | ... AF36: =MAX(AF19:AF21) -> 109
B37: 13.45 - 14.00 | C37: 4 | D37: 1 | E37: 0 | F37: 2 | G37: 0 | H37: 0 | I37: 1 | J37: 0 | K37: 0 | L37: 0 | M37: 8 | N37: 0 | O37: =SUM(C37:L37,N37) -> 8 | P37: =SUM(C37:N37) -> 16 | R37: AM Period | S37: =SUM(S10:S12) -> 22 | T37: =SUM(T10:T12) -> 12 | U37: =SUM(U10:U12) -> 4 | V37: =SUM(V10:V12) -> 41 | W37: =SUM(W10:W12) -> 0 | X37: =SUM(X10:X12) -> 0 | Y37: =SUM(Y10:Y12) -> 25 | Z37: =SUM(Z10:Z12) -> 1 | ... AF37: =SUM(AF10:AF12) -> 230
B38: 14.00 - 14.15 | C38: 2 | D38: 0 | E38: 1 | F38: 3 | G38: 0 | H38: 0 | I38: 1 | J38: 0 | K38: 0 | L38: 0 | M38: 18 | N38: 0 | O38: =SUM(C38:L38,N38) -> 7 | P38: =SUM(C38:N38) -> 25 | R38: IP Period | S38: =SUM(S13:S18) -> 67 | T38: =SUM(T13:T18) -> 16 | U38: =SUM(U13:U18) -> 10 | V38: =SUM(V13:V18) -> 67 | W38: =SUM(W13:W18) -> 4 | X38: =SUM(X13:X18) -> 0 | Y38: =SUM(Y13:Y18) -> 44 | Z38: =SUM(Z13:Z18) -> 13 | ... AF38: =SUM(AF13:AF18) -> 477
B39: 14.15 - 14.30 | C39: 6 | D39: 2 | E39: 0 | F39: 4 | G39: 0 | H39: 0 | I39: 3 | J39: 0 | K39: 0 | L39: 0 | M39: 10 | N39: 0 | O39: =SUM(C39:L39,N39) -> 15 | P39: =SUM(C39:N39) -> 25 | R39: PM Period | S39: =SUM(S19:S21) -> 52 | T39: =SUM(T19:T21) -> 34 | U39: =SUM(U19:U21) -> 8 | V39: =SUM(V19:V21) -> 50 | W39: =SUM(W19:W21) -> 0 | X39: =SUM(X19:X21) -> 3 | Y39: =SUM(Y19:Y21) -> 19 | Z39: =SUM(Z19:Z21) -> 3 | ... AF39: =SUM(AF19:AF21) -> 304
B40: 14.30 - 14.45 | C40: 7 | D40: 0 | E40: 0 | F40: 5 | G40: 1 | H40: 0 | I40: 3 | J40: 0 | K40: 0 | L40: 0 | M40: 9 | N40: 0 | O40: =SUM(C40:L40,N40) -> 16 | P40: =SUM(C40:N40) -> 25 | R40: 12 Hours | S40: =SUM(S10:S21) -> 141 | T40: =SUM(T10:T21) -> 62 | U40: =SUM(U10:U21) -> 22 | V40: =SUM(V10:V21) -> 158 | W40: =SUM(W10:W21) -> 4 | X40: =SUM(X10:X21) -> 3 | Y40: =SUM(Y10:Y21) -> 88 | Z40: =SUM(Z10:Z21) -> 17 | ... AF40: =SUM(AF10:AF21) -> 1011
B41: 14.45 - 15.00 | C41: 2 | D41: 4 | E41: 1 | F41: 1 | G41: 0 | H41: 0 | I41: 0 | J41: 0 | K41: 0 | L41: 0 | M41: 8 | N41: 0 | O41: =SUM(C41:L41,N41) -> 8 | P41: =SUM(C41:N41) -> 16 | R41: 24 Hrs/ADT | S41: =SUM(S10:S33) -> 321 | T41: =SUM(T10:T33) -> 88 | U41: =SUM(U10:U33) -> 44 | V41: =SUM(V10:V33) -> 322 | W41: =SUM(W10:W33) -> 19 | X41: =SUM(X10:X33) -> 4 | Y41: =SUM(Y10:Y33) -> 114 | Z41: =SUM(Z10:Z33) -> 22 | ... AF41: =SUM(AF10:AF33) -> 1862
B42: 15.00 - 15.15 | C42: 1 | D42: 0 | E42: 0 | F42: 3 | G42: 0 | H42: 0 | I42: 3 | J42: 1 | K42: 0 | L42: 0 | M42: 16 | N42: 0 | O42: =SUM(C42:L42,N42) -> 8 | P42: =SUM(C42:N42) -> 24 | R42: NEF | S42: =S41/S40 -> 2.2765957 | T42: =T41/T40 -> 1.4193548 | U42: =U41/U40 -> 2 | V42: =V41/V40 -> 2.0379747 | W42: =W41/W40 -> 4.75 | X42: =X41/X40 -> 1.3333333 | Y42: =Y41/Y40 -> 1.2954545 | Z42: =Z41/Z40 -> 1.2941176 | ... AF42: =AF41/AF40 -> 1.8417409
B43: 15.15 - 15.30 | C43: 1 | D43: 1 | E43: 1 | F43: 5 | G43: 0 | H43: 0 | I43: 0 | J43: 0 | K43: 0 | L43: 0 | M43: 9 | N43: 0 | O43: =SUM(C43:L43,N43) -> 8 | P43: =SUM(C43:N43) -> 17
B44: 15.30 - 15.45 | C44: 4 | D44: 2 | E44: 2 | F44: 1 | G44: 0 | H44: 0 | I44: 0 | J44: 0 | K44: 0 | L44: 0 | M44: 8 | N44: 0 | O44: =SUM(C44:L44,N44) -> 9 | P44: =SUM(C44:N44) -> 17
B45: 15.45 - 16.00 | C45: 4 | D45: 0 | E45: 0 | F45: 2 | G45: 0 | H45: 0 | I45: 2 | J45: 2 | K45: 0 | L45: 0 | M45: 11 | N45: 0 | O45: =SUM(C45:L45,N45) -> 10 | P45: =SUM(C45:N45) -> 21
B46: 16.00 - 16.15 | C46: 2 | D46: 1 | E46: 1 | F46: 2 | G46: 0 | H46: 0 | I46: 1 | J46: 0 | K46: 0 | L46: 0 | M46: 9 | N46: 0 | O46: =SUM(C46:L46,N46) -> 7 | P46: =SUM(C46:N46) -> 16
B47: 16.15 -16.30 | C47: 2 | D47: 2 | E47: 0 | F47: 2 | G47: 0 | H47: 3 | I47: 3 | J47: 0 | K47: 1 | L47: 0 | M47: 12 | N47: 0 | O47: =SUM(C47:L47,N47) -> 13 | P47: =SUM(C47:N47) -> 25
B48: 16.30 -16.45 | C48: 5 | D48: 2 | E48: 0 | F48: 3 | G48: 0 | H48: 0 | I48: 5 | J48: 0 | K48: 0 | L48: 0 | M48: 10 | N48: 0 | O48: =SUM(C48:L48,N48) -> 15 | P48: =SUM(C48:N48) -> 25
B49: 16.45 -17.00 | C49: 2 | D49: 3 | E49: 0 | F49: 5 | G49: 0 | H49: 0 | I49: 2 | J49: 0 | K49: 0 | L49: 0 | M49: 14 | N49: 0 | O49: =SUM(C49:L49,N49) -> 12 | P49: =SUM(C49:N49) -> 26
B50: 17.00 -17.15 | C50: 4 | D50: 4 | E50: 0 | F50: 2 | G50: 0 | H50: 0 | I50: 2 | J50: 1 | K50: 0 | L50: 0 | M50: 13 | N50: 0 | O50: =SUM(C50:L50,N50) -> 13 | P50: =SUM(C50:N50) -> 26
B51: 17.15 -17.30 | C51: 6 | D51: 2 | E51: 1 | F51: 6 | G51: 0 | H51: 0 | I51: 0 | J51: 1 | K51: 0 | L51: 0 | M51: 10 | N51: 0 | O51: =SUM(C51:L51,N51) -> 16 | P51: =SUM(C51:N51) -> 26
B52: 17.30 -17.45 | C52: 8 | D52: 7 | E52: 0 | F52: 7 | G52: 0 | H52: 0 | I52: 0 | J52: 0 | K52: 0 | L52: 0 | M52: 18 | N52: 0 | O52: =SUM(C52:L52,N52) -> 22 | P52: =SUM(C52:N52) -> 40
B53: 17.45 -18.00 | C53: 1 | D53: 1 | E53: 3 | F53: 3 | G53: 0 | H53: 0 | I53: 2 | J53: 1 | K53: 0 | L53: 0 | M53: 6 | N53: 0 | O53: =SUM(C53:L53,N53) -> 11 | P53: =SUM(C53:N53) -> 17
B54: 18.00 - 18.15 | C54: 4 | D54: 3 | E54: 0 | F54: 4 | G54: 0 | H54: 0 | I54: 0 | J54: 0 | K54: 0 | L54: 0 | M54: 9 | N54: 0 | O54: =SUM(C54:L54,N54) -> 11 | P54: =SUM(C54:N54) -> 20
... B105: 06.45 - 07.00 | C105: 3 | D105: 0 | E105: 0 | F105: 9 | G105: 0 | H105: 0 | I105: 0 | J105: 0 | K105: 0 | L105: 0 | M105: 14 | N105: 0 | O105: =SUM(C105:L105,N105) -> 12 | P105: =SUM(C105:N105) -> 26
B106: Totals | C106: =SUM(C10:C105) -> 321 | D106: =SUM(D10:D105) -> 88 | E106: =SUM(E10:E105) -> 44 | F106: =SUM(F10:F105) -> 322 | G106: =SUM(G10:G105) -> 19 | H106: =SUM(H10:H105) -> 4 | I106: =SUM(I10:I105) -> 114 | J106: =SUM(J10:J105) -> 22 | ... P106: =SUM(P10:P105) -> 1862
B107: %ges + MCs | C107: =C106/$P$106 -> 0.17239527 | D107: =D106/$P$106 -> 0.04726101 | E107: =E106/$P$106 -> 0.023630505 | F107: =F106/$P$106 -> 0.17293233 | G107: =G106/$P$106 -> 0.010204082 | H107: =H106/$P$106 -> 0.0021482277 | I107: =I106/$P$106 -> 0.06122449 | J107: =J106/$P$106 -> 0.011815252 | ... N107: =N106/$P$106 -> 0.00053705693
B108: %ges w/o MCs | C108: =C106/$O$106 -> 0.34185304 | D108: =D106/$O$106 -> 0.09371672 | E108: =E106/$O$106 -> 0.04685836 | F108: =F106/$O$106 -> 0.342918 | G108: =G106/$O$106 -> 0.020234292 | H108: =H106/$O$106 -> 0.0042598509 | I108: =I106/$O$106 -> 0.12140575 | J108: =J106/$O$106 -> 0.02342918 | ... L108: =L106/$O$106 -> 0 | N108: =N106/$O$106 -> 0.0010649627

Sheet 27.09 Entebbe-Busabala
B1: Consultancy services for Preparation of Expressway Development Master Plan (EDMP) for Uganda
B2: MANUAL CLASSIFIED COUNT (MCC)
B3: ROAD NAME: | C3: ='23.09.19 Entebbe-Busabala'!C3:G3 -> MCC - C2 - STN053 - Busabala RD
C5: Date | D5: 27.09.19 | F5: Location | G5: ='25.09 Busabala-Entebbe'!G5:H5 -> Ziranumbu town | J5: Surveyor | K5: Junior
C6: Dir. From | D6: ='23.09.19 Entebbe-Busabala'!D6:E6 -> ENTEBBE | F6: Dir. To | G6: ='23.09.19 Entebbe-Busabala'!G6:H6 -> BUSABALA | J6: Supervisor | K6: ='25.09 Busabala-Entebbe'!K6:L6 -> Steven
B8: Time / Veh Type | R8: SUMMARY TRAFFIC VOLUMES
C9: 1. Car | D9: 2. Station Wagon | E9: 3. Pickups | F9: 4. Minibus, matatu | G9: 5. Medium bus | H9: 6. Large Bus | I9: 7. Light Truck | J9: 8. Medium Truck | K9: 9. Heavy truck | L9: 10. Truck Trailer | M9: 11. Motor cycles | N9: 12. Tractors | O9: Total Excl M/Cycles | P9: Total All | R9: Time | S9: 1. Car | T9: 2. Station Wagon | U9: 3. Pickups | V9: 4. Minibus, matatu | W9: 5. Medium bus | X9: 6. Large Bus | Y9: 7. Light Truck | Z9: 8. Medium Truck | AA9: 9. Heavy truck | AB9: 10. Truck Trailer | AC9: 11. Motorcycles | AD9: 12. Tractors, Graders | AE9: Total Excl M/ Cycles | AF9: Total All
B10: 07.00 - 07.15 | C10: 11 | D10: 2 | E10: 3 | F10: 4 | G10: 0 | H10: 0 | I10: 0 | J10: 0 | K10: 0 | L10: 0 | M10: 22 | N10: 0 | O10: =SUM(C10:L10,N10) -> 20 | P10: =SUM(C10:N10) -> 42 | R10: 0700-0800 | S10: =SUM(C10:C13) -> 36 | T10: =SUM(D10:D13) -> 8 | U10: =SUM(E10:E13) -> 6 | V10: =SUM(F10:F13) -> 28 | W10: =SUM(G10:G13) -> 0 | X10: =SUM(H10:H13) -> 0 | Y10: =SUM(I10:I13) -> 9 | Z10: =SUM(J10:J13) -> 2 | ... AF10: =SUM(P10:P13) -> 205
B11: 07.15 - 07.30 | C11: 8 | D11: 4 | E11: 2 | F11: 8 | G11: 0 | H11: 0 | I11: 4 | J11: 0 | K11: 0 | L11: 0 | M11: 40 | N11: 0 | O11: =SUM(C11:L11,N11) -> 26 | P11: =SUM(C11:N11) -> 66 | R11: 0800-0900 | S11: =SUM(C14:C17) -> 22 | T11: =SUM(D14:D17) -> 2 | U11: =SUM(E14:E17) -> 3 | V11: =SUM(F14:F17) -> 18 | W11: =SUM(G14:G17) -> 1 | X11: =SUM(H14:H17) -> 0 | Y11: =SUM(I14:I17) -> 11 | Z11: =SUM(J14:J17) -> 2 | ... AF11: =SUM(P14:P17) -> 152
B12: 07.30 - 07.45 | C12: 7 | D12: 1 | E12: 0 | F12: 9 | G12: 0 | H12: 0 | I12: 2 | J12: 0 | K12: 0 | L12: 0 | M12: 23 | N12: 0 | O12: =SUM(C12:L12,N12) -> 19 | P12: =SUM(C12:N12) -> 42 | R12: 0900-1000 | S12: =SUM(C18:C21) -> 22 | T12: =SUM(D18:D21) -> 2 | U12: =SUM(E18:E21) -> 5 | V12: =SUM(F18:F21) -> 12 | W12: =SUM(G18:G21) -> 0 | X12: =SUM(H18:H21) -> 0 | Y12: =SUM(I18:I21) -> 12 | Z12: =SUM(J18:J21) -> 1 | ... AF12: =SUM(P18:P21) -> 130
B13: 07.45 - 08.00 | C13: 10 | D13: 1 | E13: 1 | F13: 7 | G13: 0 | H13: 0 | I13: 3 | J13: 2 | K13: 0 | L13: 0 | M13: 31 | N13: 0 | O13: =SUM(C13:L13,N13) -> 24 | P13: =SUM(C13:N13) -> 55 | R13: 1000-1100 | S13: =SUM(C22:C25) -> 9 | T13: =SUM(D22:D25) -> 1 | U13: =SUM(E22:E25) -> 1 | V13: =SUM(F22:F25) -> 8 | W13: =SUM(G22:G25) -> 2 | X13: =SUM(H22:H25) -> 0 | Y13: =SUM(I22:I25) -> 14 | Z13: =SUM(J22:J25) -> 0 | ... AF13: =SUM(P22:P25) -> 86
B14: 08.00 - 08.15 | C14: 7 | D14: 0 | E14: 1 | F14: 4 | G14: 0 | H14: 0 | I14: 3 | J14: 1 | K14: 0 | L14: 0 | M14: 21 | N14: 0 | O14: =SUM(C14:L14,N14) -> 16 | P14: =SUM(C14:N14) -> 37 | R14: 1100-1200 | S14: =SUM(C26:C29) -> 19 | T14: =SUM(D26:D29) -> 8 | U14: =SUM(E26:E29) -> 0 | V14: =SUM(F26:F29) -> 23 | W14: =SUM(G26:G29) -> 0 | X14: =SUM(H26:H29) -> 0 | Y14: =SUM(I26:I29) -> 21 | Z14: =SUM(J26:J29) -> 6 | ... AF14: =SUM(P26:P29) -> 135
B15: 08.15 - 08.30 | C15: 2 | D15: 1 | E15: 1 | F15: 4 | G15: 0 | H15: 0 | I15: 3 | J15: 0 | K15: 0 | L15: 0 | M15: 22 | N15: 0 | O15: =SUM(C15:L15,N15) -> 11 | P15: =SUM(C15:N15) -> 33 | R15: 1200-1300 | S15: =SUM(C30:C33) -> 32 | T15: =SUM(D30:D33) -> 6 | U15: =SUM(E30:E33) -> 1 | V15: =SUM(F30:F33) -> 19 | W15: =SUM(G30:G33) -> 0 | X15: =SUM(H30:H33) -> 0 | Y15: =SUM(I30:I33) -> 12 | Z15: =SUM(J30:J33) -> 1 | ... AF15: =SUM(P30:P33) -> 134
B16: 08.30 - 08.45 | C16: 5 | D16: 0 | E16: 1 | F16: 4 | G16: 0 | H16: 0 | I16: 1 | J16: 1 | K16: 0 | L16: 0 | M16: 22 | N16: 0 | O16: =SUM(C16:L16,N16) -> 12 | P16: =SUM(C16:N16) -> 34 | R16: 1300-1400 | S16: =SUM(C34:C37) -> 18 | T16: =SUM(D34:D37) -> 4 | U16: =SUM(E34:E37) -> 0 | V16: =SUM(F34:F37) -> 10 | W16: =SUM(G34:G37) -> 0 | X16: =SUM(H34:H37) -> 0 | Y16: =SUM(I34:I37) -> 11 | Z16: =SUM(J34:J37) -> 4 | ... AF16: =SUM(P34:P37) -> 95
B17: 08.45 - 9.00 | C17: 8 | D17: 1 | E17: 0 | F17: 6 | G17: 1 | H17: 0 | I17: 4 | J17: 0 | K17: 0 | L17: 0 | M17: 28 | N17: 0 | O17: =SUM(C17:L17,N17) -> 20 | P17: =SUM(C17:N17) -> 48 | R17: 1400-1500 | S17: =SUM(C38:C41) -> 6 | T17: =SUM(D38:D41) -> 6 | U17: =SUM(E38:E41) -> 1 | V17: =SUM(F38:F41) -> 17 | W17: =SUM(G38:G41) -> 1 | X17: =SUM(H38:H41) -> 0 | Y17: =SUM(I38:I41) -> 10 | Z17: =SUM(J38:J41) -> 4 | ... AF17: =SUM(P38:P41) -> 81
B18: 09.00 - 09.15 | C18: 5 | D18: 0 | E18: 1 | F18: 3 | G18: 0 | H18: 0 | I18: 2 | J18: 1 | K18: 0 | L18: 0 | M18: 28 | N18: 0 | O18: =SUM(C18:L18,N18) -> 12 | P18: =SUM(C18:N18) -> 40 | R18: 1500-1600 | S18: =SUM(C42:C45) -> 13 | T18: =SUM(D42:D45) -> 1 | U18: =SUM(E42:E45) -> 3 | V18: =SUM(F42:F45) -> 14 | W18: =SUM(G42:G45) -> 3 | X18: =SUM(H42:H45) -> 0 | Y18: =SUM(I42:I45) -> 8 | Z18: =SUM(J42:J45) -> 4 | ... AF18: =SUM(P42:P45) -> 74
B19: 09.15 - 09.30 | C19: 5 | D19: 0 | E19: 0 | F19: 4 | G19: 0 | H19: 0 | I19: 6 | J19: 0 | K19: 0 | L19: 0 | M19: 19 | N19: 0 | O19: =SUM(C19:L19,N19) -> 15 | P19: =SUM(C19:N19) -> 34 | R19: 1600-1700 | S19: =SUM(C46:C49) -> 15 | T19: =SUM(D46:D49) -> 2 | U19: =SUM(E46:E49) -> 2 | V19: =SUM(F46:F49) -> 23 | W19: =SUM(G46:G49) -> 0 | X19: =SUM(H46:H49) -> 0 | Y19: =SUM(I46:I49) -> 10 | Z19: =SUM(J46:J49) -> 2 | ... AF19: =SUM(P46:P49) -> 116
B20: 09.30 - 09.45 | C20: 8 | D20: 0 | E20: 3 | F20: 2 | G20: 0 | H20: 0 | I20: 2 | J20: 0 | K20: 0 | L20: 0 | M20: 15 | N20: 0 | O20: =SUM(C20:L20,N20) -> 15 | P20: =SUM(C20:N20) -> 30 | R20: 1700-1800 | S20: =SUM(C50:C53) -> 18 | T20: =SUM(D50:D53) -> 1 | U20: =SUM(E50:E53) -> 0 | V20: =SUM(F50:F53) -> 31 | W20: =SUM(G50:G53) -> 3 | X20: =SUM(H50:H53) -> 0 | Y20: =SUM(I50:I53) -> 8 | Z20: =SUM(J50:J53) -> 1 | ... AF20: =SUM(P50:P53) -> 130
B21: 09.45 - 10.00 | C21: 4 | D21: 2 | E21: 1 | F21: 3 | G21: 0 | H21: 0 | I21: 2 | J21: 0 | K21: 0 | L21: 0 | M21: 14 | N21: 0 | O21: =SUM(C21:L21,N21) -> 12 | P21: =SUM(C21:N21) -> 26 | R21: 1800-1900 | S21: =SUM(C54:C57) -> 25 | T21: =SUM(D54:D57) -> 5 | U21: =SUM(E54:E57) -> 3 | V21: =SUM(F54:F57) -> 36 | W21: =SUM(G54:G57) -> 3 | X21: =SUM(H54:H57) -> 0 | Y21: =SUM(I54:I57) -> 12 | Z21: =SUM(J54:J57) -> 1 | ... AF21: =SUM(P54:P57) -> 144
B22: 10.00 - 10.15 | C22: 2 | D22: 0 | E22: 0 | F22: 4 | G22: 1 | H22: 0 | I22: 3 | J22: 0 | K22: 0 | L22: 0 | M22: 25 | N22: 0 | O22: =SUM(C22:L22,N22) -> 10 | P22: =SUM(C22:N22) -> 35 | R22: AM Peak Hr | S22: =MAX(S10:S12) -> 36 | T22: =MAX(T10:T12) -> 8 | U22: =MAX(U10:U12) -> 6 | V22: =MAX(V10:V12) -> 28 | W22: =MAX(W10:W12) -> 1 | X22: =MAX(X10:X12) -> 0 | Y22: =MAX(Y10:Y12) -> 12 | Z22: =MAX(Z10:Z12) -> 2 | ... AF22: =MAX(AF10:AF12) -> 205
B23: 10.15 - 10.30 | C23: 1 | D23: 0 | E23: 1 | F23: 2 | G23: 1 | H23: 0 | I23: 3 | J23: 0 | K23: 0 | L23: 0 | M23: 4 | N23: 0 | O23: =SUM(C23:L23,N23) -> 8 | P23: =SUM(C23:N23) -> 12 | R23: IP Peak Hr | S23: =MAX(S13:S18) -> 32 | T23: =MAX(T13:T18) -> 8 | U23: =MAX(U13:U18) -> 3 | V23: =MAX(V13:V18) -> 23 | W23: =MAX(W13:W18) -> 3 | X23: =MAX(X13:X18) -> 0 | Y23: =MAX(Y13:Y18) -> 21 | Z23: =MAX(Z13:Z18) -> 6 | ... AF23: =MAX(AF13:AF18) -> 135
B24: 10.30 - 10.45 | C24: 3 | D24: 1 | E24: 0 | F24: 2 | G24: 0 | H24: 0 | I24: 6 | J24: 0 | K24: 0 | L24: 0 | M24: 9 | N24: 0 | O24: =SUM(C24:L24,N24) -> 12 | P24: =SUM(C24:N24) -> 21 | R24: PM Peak Hr | S24: =MAX(S19:S21) -> 25 | T24: =MAX(T19:T21) -> 5 | U24: =MAX(U19:U21) -> 3 | V24: =MAX(V19:V21) -> 36 | W24: =MAX(W19:W21) -> 3 | X24: =MAX(X19:X21) -> 0 | Y24: =MAX(Y19:Y21) -> 12 | Z24: =MAX(Z19:Z21) -> 2 | ... AF24: =MAX(AF19:AF21) -> 144
B25: 10.45 - 11.00 | C25: 3 | D25: 0 | E25: 0 | F25: 0 | G25: 0 | H25: 0 | I25: 2 | J25: 0 | K25: 0 | L25: 0 | M25: 13 | N25: 0 | O25: =SUM(C25:L25,N25) -> 5 | P25: =SUM(C25:N25) -> 18 | R25: AM Period | S25: =SUM(S10:S12) -> 80 | T25: =SUM(T10:T12) -> 12 | U25: =SUM(U10:U12) -> 14 | V25: =SUM(V10:V12) -> 58 | W25: =SUM(W10:W12) -> 1 | X25: =SUM(X10:X12) -> 0 | Y25: =SUM(Y10:Y12) -> 32 | Z25: =SUM(Z10:Z12) -> 5 | ... AF25: =SUM(AF10:AF12) -> 487
B26: 11.00 - 11.15 | C26: 4 | D26: 0 | E26: 0 | F26: 6 | G26: 0 | H26: 0 | I26: 1 | J26: 0 | K26: 0 | L26: 0 | M26: 11 | N26: 0 | O26: =SUM(C26:L26,N26) -> 11 | P26: =SUM(C26:N26) -> 22 | R26: IP Period | S26: =SUM(S13:S18) -> 97 | T26: =SUM(T13:T18) -> 26 | U26: =SUM(U13:U18) -> 6 | V26: =SUM(V13:V18) -> 91 | W26: =SUM(W13:W18) -> 6 | X26: =SUM(X13:X18) -> 0 | Y26: =SUM(Y13:Y18) -> 76 | Z26: =SUM(Z13:Z18) -> 19 | ... AF26: =SUM(AF13:AF18) -> 605
B27: 11.15 - 11.30 | C27: 8 | D27: 6 | E27: 0 | F27: 4 | G27: 0 | H27: 0 | I27: 2 | J27: 3 | K27: 0 | L27: 0 | M27: 24 | N27: 0 | O27: =SUM(C27:L27,N27) -> 23 | P27: =SUM(C27:N27) -> 47 | R27: PM Period | S27: =SUM(S19:S21) -> 58 | T27: =SUM(T19:T21) -> 8 | U27: =SUM(U19:U21) -> 5 | V27: =SUM(V19:V21) -> 90 | W27: =SUM(W19:W21) -> 6 | X27: =SUM(X19:X21) -> 0 | Y27: =SUM(Y19:Y21) -> 30 | Z27: =SUM(Z19:Z21) -> 4 | ... AF27: =SUM(AF19:AF21) -> 390
B28: 11.30 - 11.45 | C28: 4 | D28: 0 | E28: 0 | F28: 1 | G28: 0 | H28: 0 | I28: 4 | J28: 2 | K28: 0 | L28: 0 | M28: 10 | N28: 0 | O28: =SUM(C28:L28,N28) -> 11 | P28: =SUM(C28:N28) -> 21 | R28: 12 Hours | S28: =SUM(S10:S21) -> 235 | T28: =SUM(T10:T21) -> 46 | U28: =SUM(U10:U21) -> 25 | V28: =SUM(V10:V21) -> 239 | W28: =SUM(W10:W21) -> 13 | X28: =SUM(X10:X21) -> 0 | Y28: =SUM(Y10:Y21) -> 138 | Z28: =SUM(Z10:Z21) -> 28 | ... AF28: =SUM(AF10:AF21) -> 1482
B29: 11.45 - 12.00 | C29: 3 | D29: 2 | E29: 0 | F29: 12 | G29: 0 | H29: 0 | I29: 14 | J29: 1 | K29: 0 | L29: 0 | M29: 13 | N29: 0 | O29: =SUM(C29:L29,N29) -> 32 | P29: =SUM(C29:N29) -> 45
B30: 12.00 - 12.15 | C30: 7 | D30: 2 | E30: 0 | F30: 4 | G30: 0 | H30: 0 | I30: 2 | J30: 0 | K30: 0 | L30: 0 | M30: 16 | N30: 0 | O30: =SUM(C30:L30,N30) -> 15 | P30: =SUM(C30:N30) -> 31
B31: 12.15 - 12.30 | C31: 9 | D31: 2 | E31: 0 | F31: 4 | G31: 0 | H31: 0 | I31: 5 | J31: 0 | K31: 0 | L31: 0 | M31: 20 | N31: 0 | O31: =SUM(C31:L31,N31) -> 20 | P31: =SUM(C31:N31) -> 40
B32: 12.30 - 12.45 | C32: 10 | D32: 0 | E32: 0 | F32: 4 | G32: 0 | H32: 0 | I32: 1 | J32: 0 | K32: 0 | L32: 0 | M32: 13 | N32: 0 | O32: =SUM(C32:L32,N32) -> 15 | P32: =SUM(C32:N32) -> 28
B33: 12.45 - 13.00 | C33: 6 | D33: 2 | E33: 1 | F33: 7 | G33: 0 | H33: 0 | I33: 4 | J33: 1 | K33: 0 | L33: 0 | M33: 14 | N33: 0 | O33: =SUM(C33:L33,N33) -> 21 | P33: =SUM(C33:N33) -> 35
B34: 13.00 - 13.15 | C34: 4 | D34: 1 | E34: 0 | F34: 4 | G34: 0 | H34: 0 | I34: 4 | J34: 1 | K34: 0 | L34: 0 | M34: 14 | N34: 0 | O34: =SUM(C34:L34,N34) -> 14 | P34: =SUM(C34:N34) -> 28
B35: 13.15 - 13.30 | C35: 4 | D35: 0 | E35: 0 | F35: 3 | G35: 0 | H35: 0 | I35: 4 | J35: 0 | K35: 0 | L35: 0 | M35: 7 | N35: 0 | O35: =SUM(C35:L35,N35) -> 11 | P35: =SUM(C35:N35) -> 18
B36: 13.30 - 13.45 | C36: 6 | D36: 2 | E36: 0 | F36: 2 | G36: 0 | H36: 0 | I36: 2 | J36: 2 | K36: 0 | L36: 0 | M36: 19 | N36: 0 | O36: =SUM(C36:L36,N36) -> 14 | P36: =SUM(C36:N36) -> 33
B37: 13.45 - 14.00 | C37: 4 | D37: 1 | E37: 0 | F37: 1 | G37: 0 | H37: 0 | I37: 1 | J37: 1 | K37: 0 | L37: 0 | M37: 8 | N37: 0 | O37: =SUM(C37:L37,N37) -> 8 | P37: =SUM(C37:N37) -> 16
B38: 14.00 - 14.15 | C38: 1 | D38: 1 | E38: 0 | F38: 4 | G38: 0 | H38: 0 | I38: 2 | J38: 3 | K38: 0 | L38: 0 | M38: 8 | N38: 0 | O38: =SUM(C38:L38,N38) -> 11 | P38: =SUM(C38:N38) -> 19
B39: 14.15 - 14.30 | C39: 2 | D39: 1 | E39: 0 | F39: 4 | G39: 1 | H39: 0 | I39: 2 | J39: 0 | K39: 0 | L39: 0 | M39: 6 | N39: 0 | O39: =SUM(C39:L39,N39) -> 10 | P39: =SUM(C39:N39) -> 16
B40: 14.30 - 14.45 | C40: 0 | D40: 2 | E40: 0 | F40: 4 | G40: 0 | H40: 0 | I40: 2 | J40: 0 | K40: 0 | L40: 0 | M40: 10 | N40: 0 | O40: =SUM(C40:L40,N40) -> 8 | P40: =SUM(C40:N40) -> 18
... B57: 18.45 - 19.00 | C57: 10 | D57: 2 | E57: 1 | F57: 8 | G57: 0 | H57: 0 | I57: 8 | J57: 0 | K57: 0 | L57: 0 | M57: 17 | N57: 0 | O57: =SUM(C57:L57,N57) -> 29 | P57: =SUM(C57:N57) -> 46
B58: Totals | C58: =SUM(C10:C57) -> 235 | D58: =SUM(D10:D57) -> 46 | E58: =SUM(E10:E57) -> 25 | F58: =SUM(F10:F57) -> 239 | G58: =SUM(G10:G57) -> 13 | H58: =SUM(H10:H57) -> 0 | I58: =SUM(I10:I57) -> 138 | J58: =SUM(J10:J57) -> 28 | ... P58: =SUM(P10:P57) -> 1482
B59: %ges + MCs | C59: =C58/$P$58 -> 0.1585695 | D59: =D58/$P$58 -> 0.031039136 | E59: =E58/$P$58 -> 0.016869096 | F59: =F58/$P$58 -> 0.16126856 | G59: =G58/$P$58 -> 0.0087719298 | H59: =H58/$P$58 -> 0 | I59: =I58/$P$58 -> 0.093117409 | J59: =J58/$P$58 -> 0.018893387 | ... N59: =N58/$P$58 -> 0
B60: %ges w/o MCs | C60: =C58/$O$58 -> 0.32458564 | D60: =D58/$O$58 -> 0.063535912 | E60: =E58/$O$58 -> 0.034530387 | F60: =F58/$O$58 -> 0.3301105 | G60: =G58/$O$58 -> 0.017955801 | H60: =H58/$O$58 -> 0 | I60: =I58/$O$58 -> 0.19060773 | J60: =J58/$O$58 -> 0.038674033 | ... L60: =L58/$O$58 -> 0 | N60: =N58/$O$58 -> 0

Sheet 27.09 Busabala-Entebbe
B1: Consultancy services for Preparation of Expressway Development Master Plan (EDMP) for Uganda
B2: MANUAL CLASSIFIED COUNT (MCC)
B3: ROAD NAME: | C3: ='23.09.19 Busabala-Entebbe'!C3:G3 -> MCC - C2 - STN053 - Busabala RD
C5: Date | D5: ='27.09 Entebbe-Busabala'!D5 -> 27.09.19 | F5: Location | G5: ='27.09 Entebbe-Busabala'!G5:H5 -> Ziranumbu town | J5: Surveyor | K5: Godfrey
C6: Dir. From | D6: ='23.09.19 Busabala-Entebbe'!D6:E6 -> BUSABALA | F6: Dir. To | G6: ='23.09.19 Busabala-Entebbe'!G6:H6 -> ENTEBBE | J6: Supervisor | K6: ='27.09 Entebbe-Busabala'!K6:L6 -> Steven
B8: Time / Veh Type | R8: SUMMARY TRAFFIC VOLUMES
C9: 1. Car | D9: 2. Station Wagon | E9: 3. Pickups | F9: 4. Minibus, matatu | G9: 5. Medium bus | H9: 6. Large Bus | I9: 7. Light Truck | J9: 8. Medium Truck | K9: 9. Heavy truck | L9: 10. Truck Trailer | M9: 11. Motor cycles | N9: 12. Tractors | O9: Total Excl M/Cycles | P9: Total All | R9: Time | S9: 1. Car | T9: 2. Station Wagon | U9: 3. Pickups | V9: 4. Minibus, matatu | W9: 5. Medium bus | X9: 6. Large Bus | Y9: 7. Light Truck | Z9: 8. Medium Truck | AA9: 9. Heavy truck | AB9: 10. Truck Trailer | AC9: 11. Motorcycles | AD9: 12. Tractors, Graders | AE9: Total Excl M/ Cycles | AF9: Total All
B10: 07.00 - 07.15 | C10: 6 | D10: 3 | E10: 1 | F10: 8 | G10: 0 | H10: 0 | I10: 0 | J10: 0 | K10: 0 | L10: 0 | M10: 15 | N10: 0 | O10: =SUM(C10:L10,N10) -> 18 | P10: =SUM(C10:N10) -> 33 | R10: 0700-0800 | S10: =SUM(C10:C13) -> 19 | T10: =SUM(D10:D13) -> 4 | U10: =SUM(E10:E13) -> 1 | V10: =SUM(F10:F13) -> 24 | W10: =SUM(G10:G13) -> 6 | X10: =SUM(H10:H13) -> 0 | Y10: =SUM(I10:I13) -> 1 | Z10: =SUM(J10:J13) -> 3 | ... AF10: =SUM(P10:P13) -> 122
B11: 07.15 - 07.30 | C11: 7 | D11: 0 | E11: 0 | F11: 9 | G11: 1 | H11: 0 | I11: 0 | J11: 0 | K11: 0 | L11: 0 | M11: 27 | N11: 0 | O11: =SUM(C11:L11,N11) -> 17 | P11: =SUM(C11:N11) -> 44 | R11: 0800-0900 | S11: =SUM(C14:C17) -> 11 | T11: =SUM(D14:D17) -> 4 | U11: =SUM(E14:E17) -> 1 | V11: =SUM(F14:F17) -> 13 | W11: =SUM(G14:G17) -> 0 | X11: =SUM(H14:H17) -> 0 | Y11: =SUM(I14:I17) -> 10 | Z11: =SUM(J14:J17) -> 0 | ... AF11: =SUM(P14:P17) -> 93
B12: 07.30 - 07.45 | C12: 6 | D12: 1 | E12: 0 | F12: 6 | G12: 0 | H12: 0 | I12: 1 | J12: 1 | K12: 0 | L12: 0 | M12: 9 | N12: 0 | O12: =SUM(C12:L12,N12) -> 15 | P12: =SUM(C12:N12) -> 24 | R12: 0900-1000 | S12: =SUM(C18:C21) -> 10 | T12: =SUM(D18:D21) -> 6 | U12: =SUM(E18:E21) -> 2 | V12: =SUM(F18:F21) -> 15 | W12: =SUM(G18:G21) -> 0 | X12: =SUM(H18:H21) -> 0 | Y12: =SUM(I18:I21) -> 10 | Z12: =SUM(J18:J21) -> 0 | ... AF12: =SUM(P18:P21) -> 98
B13: 07.45 - 08.00 | C13: 0 | D13: 0 | E13: 0 | F13: 1 | G13: 5 | H13: 0 | I13: 0 | J13: 2 | K13: 0 | L13: 0 | M13: 13 | N13: 0 | O13: =SUM(C13:L13,N13) -> 8 | P13: =SUM(C13:N13) -> 21 | R13: 1000-1100 | S13: =SUM(C22:C25) -> 16 | T13: =SUM(D22:D25) -> 3 | U13: =SUM(E22:E25) -> 0 | V13: =SUM(F22:F25) -> 9 | W13: =SUM(G22:G25) -> 0 | X13: =SUM(H22:H25) -> 0 | Y13: =SUM(I22:I25) -> 8 | Z13: =SUM(J22:J25) -> 2 | ... AF13: =SUM(P22:P25) -> 88
B14: 08.00 - 08.15 | C14: 3 | D14: 0 | E14: 1 | F14: 5 | G14: 0 | H14: 0 | I14: 0 | J14: 0 | K14: 0 | L14: 0 | M14: 11 | N14: 0 | O14: =SUM(C14:L14,N14) -> 9 | P14: =SUM(C14:N14) -> 20 | R14: 1100-1200 | S14: =SUM(C26:C29) -> 8 | T14: =SUM(D26:D29) -> 3 | U14: =SUM(E26:E29) -> 0 | V14: =SUM(F26:F29) -> 9 | W14: =SUM(G26:G29) -> 0 | X14: =SUM(H26:H29) -> 0 | Y14: =SUM(I26:I29) -> 8 | Z14: =SUM(J26:J29) -> 3 | ... AF14: =SUM(P26:P29) -> 86
B15: 08.15 - 08.30 | C15: 5 | D15: 2 | E15: 0 | F15: 4 | G15: 0 | H15: 0 | I15: 4 | J15: 0 | K15: 0 | L15: 0 | M15: 8 | N15: 0 | O15: =SUM(C15:L15,N15) -> 15 | P15: =SUM(C15:N15) -> 23 | R15: 1200-1300 | S15: =SUM(C30:C33) -> 22 | T15: =SUM(D30:D33) -> 2 | U15: =SUM(E30:E33) -> 1 | V15: =SUM(F30:F33) -> 12 | W15: =SUM(G30:G33) -> 0 | X15: =SUM(H30:H33) -> 0 | Y15: =SUM(I30:I33) -> 6 | Z15: =SUM(J30:J33) -> 3 | ... AF15: =SUM(P30:P33) -> 95
B16: 08.30 - 08.45 | C16: 1 | D16: 1 | E16: 0 | F16: 1 | G16: 0 | H16: 0 | I16: 3 | J16: 0 | K16: 0 | L16: 0 | M16: 17 | N16: 0 | O16: =SUM(C16:L16,N16) -> 6 | P16: =SUM(C16:N16) -> 23 | R16: 1300-1400 | S16: =SUM(C34:C37) -> 19 | T16: =SUM(D34:D37) -> 5 | U16: =SUM(E34:E37) -> 1 | V16: =SUM(F34:F37) -> 15 | W16: =SUM(G34:G37) -> 0 | X16: =SUM(H34:H37) -> 0 | Y16: =SUM(I34:I37) -> 10 | Z16: =SUM(J34:J37) -> 2 | ... AF16: =SUM(P34:P37) -> 83
B17: 08.45 - 9.00 | C17: 2 | D17: 1 | E17: 0 | F17: 3 | G17: 0 | H17: 0 | I17: 3 | J17: 0 | K17: 0 | L17: 0 | M17: 18 | N17: 0 | O17: =SUM(C17:L17,N17) -> 9 | P17: =SUM(C17:N17) -> 27 | R17: 1400-1500 | S17: =SUM(C38:C41) -> 10 | T17: =SUM(D38:D41) -> 0 | U17: =SUM(E38:E41) -> 1 | V17: =SUM(F38:F41) -> 6 | W17: =SUM(G38:G41) -> 1 | X17: =SUM(H38:H41) -> 1 | Y17: =SUM(I38:I41) -> 6 | Z17: =SUM(J38:J41) -> 0 | ... AF17: =SUM(P38:P41) -> 52
B18: 09.00 - 09.15 | C18: 1 | D18: 2 | E18: 0 | F18: 6 | G18: 0 | H18: 0 | I18: 2 | J18: 0 | K18: 0 | L18: 0 | M18: 12 | N18: 0 | O18: =SUM(C18:L18,N18) -> 11 | P18: =SUM(C18:N18) -> 23 | R18: 1500-1600 | S18: =SUM(C42:C45) -> 14 | T18: =SUM(D42:D45) -> 7 | U18: =SUM(E42:E45) -> 1 | V18: =SUM(F42:F45) -> 13 | W18: =SUM(G42:G45) -> 0 | X18: =SUM(H42:H45) -> 0 | Y18: =SUM(I42:I45) -> 8 | Z18: =SUM(J42:J45) -> 1 | ... AF18: =SUM(P42:P45) -> 65
B19: 09.15 - 09.30 | C19: 4 | D19: 0 | E19: 1 | F19: 2 | G19: 0 | H19: 0 | I19: 3 | J19: 0 | K19: 0 | L19: 0 | M19: 7 | N19: 0 | O19: =SUM(C19:L19,N19) -> 10 | P19: =SUM(C19:N19) -> 17 | R19: 1600-1700 | S19: =SUM(C46:C49) -> 9 | T19: =SUM(D46:D49) -> 5 | U19: =SUM(E46:E49) -> 0 | V19: =SUM(F46:F49) -> 6 | W19: =SUM(G46:G49) -> 0 | X19: =SUM(H46:H49) -> 0 | Y19: =SUM(I46:I49) -> 5 | Z19: =SUM(J46:J49) -> 0 | ... AF19: =SUM(P46:P49) -> 66
B20: 09.30 - 09.45 | C20: 2 | D20: 2 | E20: 1 | F20: 2 | G20: 0 | H20: 0 | I20: 2 | J20: 0 | K20: 0 | L20: 0 | M20: 14 | N20: 0 | O20: =SUM(C20:L20,N20) -> 9 | P20: =SUM(C20:N20) -> 23 | R20: 1700-1800 | S20: =SUM(C50:C53) -> 31 | T20: =SUM(D50:D53) -> 0 | U20: =SUM(E50:E53) -> 0 | V20: =SUM(F50:F53) -> 13 | W20: =SUM(G50:G53) -> 0 | X20: =SUM(H50:H53) -> 0 | Y20: =SUM(I50:I53) -> 8 | Z20: =SUM(J50:J53) -> 1 | ... AF20: =SUM(P50:P53) -> 100
B21: 09.45 - 10.00 | C21: 3 | D21: 2 | E21: 0 | F21: 5 | G21: 0 | H21: 0 | I21: 3 | J21: 0 | K21: 0 | L21: 0 | M21: 22 | N21: 0 | O21: =SUM(C21:L21,N21) -> 13 | P21: =SUM(C21:N21) -> 35 | R21: 1800-1900 | S21: =SUM(C54:C57) -> 8 | T21: =SUM(D54:D57) -> 2 | U21: =SUM(E54:E57) -> 0 | V21: =SUM(F54:F57) -> 7 | W21: =SUM(G54:G57) -> 0 | X21: =SUM(H54:H57) -> 0 | Y21: =SUM(I54:I57) -> 2 | Z21: =SUM(J54:J57) -> 0 | ... AF21: =SUM(P54:P57) -> 31
B22: 10.00 - 10.15 | C22: 6 | D22: 2 | E22: 0 | F22: 3 | G22: 0 | H22: 0 | I22: 3 | J22: 0 | K22: 0 | L22: 0 | M22: 24 | N22: 0 | O22: =SUM(C22:L22,N22) -> 14 | P22: =SUM(C22:N22) -> 38 | R22: AM Peak Hr | S22: =MAX(S10:S12) -> 19 | T22: =MAX(T10:T12) -> 6 | U22: =MAX(U10:U12) -> 2 | V22: =MAX(V10:V12) -> 24 | W22: =MAX(W10:W12) -> 6 | X22: =MAX(X10:X12) -> 0 | Y22: =MAX(Y10:Y12) -> 10 | Z22: =MAX(Z10:Z12) -> 3 | ... AF22: =MAX(AF10:AF12) -> 122
B23: 10.15 - 10.30 | C23: 4 | D23: 1 | E23: 0 | F23: 3 | G23: 0 | H23: 0 | I23: 3 | J23: 1 | K23: 0 | L23: 0 | M23: 8 | N23: 0 | O23: =SUM(C23:L23,N23) -> 12 | P23: =SUM(C23:N23) -> 20 | R23: IP Peak Hr | S23: =MAX(S13:S18) -> 22 | T23: =MAX(T13:T18) -> 7 | U23: =MAX(U13:U18) -> 1 | V23: =MAX(V13:V18) -> 15 | W23: =MAX(W13:W18) -> 1 | X23: =MAX(X13:X18) -> 1 | Y23: =MAX(Y13:Y18) -> 10 | Z23: =MAX(Z13:Z18) -> 3 | ... AF23: =MAX(AF13:AF18) -> 95
B24: 10.30 - 10.45 | C24: 2 | D24: 0 | E24: 0 | F24: 1 | G24: 0 | H24: 0 | I24: 1 | J24: 1 | K24: 0 | L24: 0 | M24: 5 | N24: 0 | O24: =SUM(C24:L24,N24) -> 5 | P24: =SUM(C24:N24) -> 10 | R24: PM Peak Hr | S24: =MAX(S19:S21) -> 31 | T24: =MAX(T19:T21) -> 5 | U24: =MAX(U19:U21) -> 0 | V24: =MAX(V19:V21) -> 13 | W24: =MAX(W19:W21) -> 0 | X24: =MAX(X19:X21) -> 0 | Y24: =MAX(Y19:Y21) -> 8 | Z24: =MAX(Z19:Z21) -> 1 | ... AF24: =MAX(AF19:AF21) -> 100
B25: 10.45 - 11.00 | C25: 4 | D25: 0 | E25: 0 | F25: 2 | G25: 0 | H25: 0 | I25: 1 | J25: 0 | K25: 0 | L25: 0 | M25: 13 | N25: 0 | O25: =SUM(C25:L25,N25) -> 7 | P25: =SUM(C25:N25) -> 20 | R25: AM Period | S25: =SUM(S10:S12) -> 40 | T25: =SUM(T10:T12) -> 14 | U25: =SUM(U10:U12) -> 4 | V25: =SUM(V10:V12) -> 52 | W25: =SUM(W10:W12) -> 6 | X25: =SUM(X10:X12) -> 0 | Y25: =SUM(Y10:Y12) -> 21 | Z25: =SUM(Z10:Z12) -> 3 | ... AF25: =SUM(AF10:AF12) -> 313
B26: 11.00 - 11.15 | C26: 2 | D26: 0 | E26: 0 | F26: 3 | G26: 0 | H26: 0 | I26: 4 | J26: 1 | K26: 0 | L26: 0 | M26: 13 | N26: 0 | O26: =SUM(C26:L26,N26) -> 10 | P26: =SUM(C26:N26) -> 23 | R26: IP Period | S26: =SUM(S13:S18) -> 89 | T26: =SUM(T13:T18) -> 20 | U26: =SUM(U13:U18) -> 4 | V26: =SUM(V13:V18) -> 64 | W26: =SUM(W13:W18) -> 1 | X26: =SUM(X13:X18) -> 1 | Y26: =SUM(Y13:Y18) -> 46 | Z26: =SUM(Z13:Z18) -> 11 | ... AF26: =SUM(AF13:AF18) -> 469
B27: 11.15 - 11.30 | C27: 4 | D27: 0 | E27: 0 | F27: 3 | G27: 0 | H27: 0 | I27: 1 | J27: 1 | K27: 0 | L27: 0 | M27: 13 | N27: 0 | O27: =SUM(C27:L27,N27) -> 9 | P27: =SUM(C27:N27) -> 22 | R27: PM Period | S27: =SUM(S19:S21) -> 48 | T27: =SUM(T19:T21) -> 7 | U27: =SUM(U19:U21) -> 0 | V27: =SUM(V19:V21) -> 26 | W27: =SUM(W19:W21) -> 0 | X27: =SUM(X19:X21) -> 0 | Y27: =SUM(Y19:Y21) -> 15 | Z27: =SUM(Z19:Z21) -> 1 | ... AF27: =SUM(AF19:AF21) -> 197
B28: 11.30 - 11.45 | C28: 1 | D28: 1 | E28: 0 | F28: 2 | G28: 0 | H28: 0 | I28: 3 | J28: 0 | K28: 0 | L28: 0 | M28: 16 | N28: 0 | O28: =SUM(C28:L28,N28) -> 7 | P28: =SUM(C28:N28) -> 23 | R28: 12 Hours | S28: =SUM(S10:S21) -> 177 | T28: =SUM(T10:T21) -> 41 | U28: =SUM(U10:U21) -> 8 | V28: =SUM(V10:V21) -> 142 | W28: =SUM(W10:W21) -> 7 | X28: =SUM(X10:X21) -> 1 | Y28: =SUM(Y10:Y21) -> 82 | Z28: =SUM(Z10:Z21) -> 15 | ... AF28: =SUM(AF10:AF21) -> 979
B29: 11.45 - 12.00 | C29: 1 | D29: 2 | E29: 0 | F29: 1 | G29: 0 | H29: 0 | I29: 0 | J29: 1 | K29: 0 | L29: 0 | M29: 13 | N29: 0 | O29: =SUM(C29:L29,N29) -> 5 | P29: =SUM(C29:N29) -> 18
B30: 12.00 - 12.15 | C30: 7 | D30: 1 | E30: 0 | F30: 2 | G30: 0 | H30: 0 | I30: 1 | J30: 2 | K30: 0 | L30: 0 | M30: 10 | N30: 0 | O30: =SUM(C30:L30,N30) -> 13 | P30: =SUM(C30:N30) -> 23
B31: 12.15 - 12.30 | C31: 4 | D31: 0 | E31: 0 | F31: 5 | G31: 0 | H31: 0 | I31: 1 | J31: 0 | K31: 0 | L31: 0 | M31: 18 | N31: 0 | O31: =SUM(C31:L31,N31) -> 10 | P31: =SUM(C31:N31) -> 28
B32: 12.30 - 12.45 | C32: 5 | D32: 0 | E32: 1 | F32: 2 | G32: 0 | H32: 0 | I32: 4 | J32: 0 | K32: 0 | L32: 0 | M32: 9 | N32: 0 | O32: =SUM(C32:L32,N32) -> 12 | P32: =SUM(C32:N32) -> 21
B33: 12.45 - 13.00 | C33: 6 | D33: 1 | E33: 0 | F33: 3 | G33: 0 | H33: 0 | I33: 0 | J33: 1 | K33: 0 | L33: 0 | M33: 12 | N33: 0 | O33: =SUM(C33:L33,N33) -> 11 | P33: =SUM(C33:N33) -> 23
B34: 13.00 - 13.15 | C34: 2 | D34: 1 | E34: 1 | F34: 6 | G34: 0 | H34: 0 | I34: 4 | J34: 2 | K34: 0 | L34: 0 | M34: 11 | N34: 0 | O34: =SUM(C34:L34,N34) -> 16 | P34: =SUM(C34:N34) -> 27
B35: 13.15 - 13.30 | C35: 10 | D35: 1 | E35: 0 | F35: 3 | G35: 0 | H35: 0 | I35: 1 | J35: 0 | K35: 0 | L35: 0 | M35: 7 | N35: 0 | O35: =SUM(C35:L35,N35) -> 15 | P35: =SUM(C35:N35) -> 22
B36: 13.30 - 13.45 | C36: 6 | D36: 2 | E36: 0 | F36: 4 | G36: 0 | H36: 0 | I36: 3 | J36: 0 | K36: 0 | L36: 0 | M36: 9 | N36: 0 | O36: =SUM(C36:L36,N36) -> 15 | P36: =SUM(C36:N36) -> 24
B37: 13.45 - 14.00 | C37: 1 | D37: 1 | E37: 0 | F37: 2 | G37: 0 | H37: 0 | I37: 2 | J37: 0 | K37: 0 | L37: 0 | M37: 4 | N37: 0 | O37: =SUM(C37:L37,N37) -> 6 | P37: =SUM(C37:N37) -> 10
B38: 14.00 - 14.15 | C38: 4 | D38: 0 | E38: 0 | F38: 3 | G38: 0 | H38: 0 | I38: 1 | J38: 0 | K38: 0 | L38: 0 | M38: 6 | N38: 0 | O38: =SUM(C38:L38,N38) -> 8 | P38: =SUM(C38:N38) -> 14
B39: 14.15 - 14.30 | C39: 2 | D39: 0 | E39: 0 | F39: 2 | G39: 0 | H39: 0 | I39: 3 | J39: 0 | K39: 0 | L39: 0 | M39: 8 | N39: 0 | O39: =SUM(C39:L39,N39) -> 7 | P39: =SUM(C39:N39) -> 15
B40: 14.30 - 14.45 | C40: 0 | D40: 0 | E40: 0 | F40: 0 | G40: 1 | H40: 1 | I40: 0 | J40: 0 | K40: 0 | L40: 0 | M40: 6 | N40: 0 | O40: =SUM(C40:L40,N40) -> 2 | P40: =SUM(C40:N40) -> 8
... B57: 18.45 - 19.00 | C57: 0 | D57: 0 | E57: 0 | F57: 0 | G57: 0 | H57: 0 | I57: 0 | J57: 0 | K57: 0 | L57: 0 | M57: 0 | N57: 0 | O57: =SUM(C57:L57,N57) -> 0 | P57: =SUM(C57:N57) -> 0
B58: Totals | C58: =SUM(C10:C57) -> 177 | D58: =SUM(D10:D57) -> 41 | E58: =SUM(E10:E57) -> 8 | F58: =SUM(F10:F57) -> 142 | G58: =SUM(G10:G57) -> 7 | H58: =SUM(H10:H57) -> 1 | I58: =SUM(I10:I57) -> 82 | J58: =SUM(J10:J57) -> 15 | ... P58: =SUM(P10:P57) -> 979
B59: %ges + MCs | C59: =C58/$P$58 -> 0.18079673 | D59: =D58/$P$58 -> 0.041879469 | E59: =E58/$P$58 -> 0.0081716037 | F59: =F58/$P$58 -> 0.14504597 | G59: =G58/$P$58 -> 0.0071501532 | H59: =H58/$P$58 -> 0.0010214505 | I59: =I58/$P$58 -> 0.083758938 | J59: =J58/$P$58 -> 0.015321757 | ... N59: =N58/$P$58 -> 0
B60: %ges w/o MCs | C60: =C58/$O$58 -> 0.37420719 | D60: =D58/$O$58 -> 0.086680761 | E60: =E58/$O$58 -> 0.016913319 | F60: =F58/$O$58 -> 0.30021142 | G60: =G58/$O$58 -> 0.014799154 | H60: =H58/$O$58 -> 0.0021141649 | I60: =I58/$O$58 -> 0.17336152 | J60: =J58/$O$58 -> 0.031712474 | ... L60: =L58/$O$58 -> 0 | N60: =N58/$O$58 -> 0

Sheet 28.09 Entebbe-Busabala-24Hrs
B1: Consultancy services for Preparation of Expressway Development Master Plan (EDMP) for Uganda
B2: MANUAL CLASSIFIED COUNT (MCC)
B3: ROAD NAME: | C3: ='[2]23.09.19 Entebbe-Busabala'!C3:G3 -> MCC - C2 - STN053 - Busabala RD
C5: Date | D5: 28.09.19 | F5: Location | G5: ='[2]27.09 Busabala-Entebbe-24h'!G5:H5 -> Ziranumbu town | J5: Surveyor | K5: ='[2]27.09 Busabala-Entebbe-24h'!K5:L5 -> Godfrey
C6: Dir. From | D6: ='[2]23.09.19 Entebbe-Busabala'!D6:E6 -> ENTEBBE | F6: Dir. To | G6: ='[2]23.09.19 Entebbe-Busabala'!G6:H6 -> BUSABALA | J6: Supervisor | K6: ='[2]27.09 Busabala-Entebbe-24h'!K6:L6 -> Steven
B8: Time / Veh Type | R8: SUMMARY TRAFFIC VOLUMES
C9: 1. Car | D9: 2. Station Wagon | E9: 3. Pickups | F9: 4. Minibus, matatu | G9: 5. Medium bus | H9: 6. Large Bus | I9: 7. Light Truck | J9: 8. Medium Truck | K9: 9. Heavy truck | L9: 10. Truck Trailer | M9: 11. Motor cycles | N9: 12. Tractors | O9: Total Excl M/Cycles | P9: Total All | R9: Time | S9: 1. Car | T9: 2. Station Wagon | U9: 3. Pickups | V9: 4. Minibus, matatu | W9: 5. Medium bus | X9: 6. Large Bus | Y9: 7. Light Truck | Z9: 8. Medium Truck | AA9: 9. Heavy truck | AB9: 10. Truck Trailer | AC9: 11. Motorcycles | AD9: 12. Tractors, Graders | AE9: Total Excl M/ Cycles | AF9: Total All
B10: 07.00 - 07.15 | C10: 8 | D10: 0 | E10: 2 | F10: 9 | G10: 1 | H10: 0 | I10: 1 | J10: 2 | K10: 0 | L10: 0 | M10: 23 | N10: 0 | O10: =SUM(C10:L10,N10) -> 23 | P10: =SUM(C10:N10) -> 46 | R10: 0700-0800 | S10: =SUM(C10:C13) -> 28 | T10: =SUM(D10:D13) -> 3 | U10: =SUM(E10:E13) -> 5 | V10: =SUM(F10:F13) -> 26 | W10: =SUM(G10:G13) -> 2 | X10: =SUM(H10:H13) -> 0 | Y10: =SUM(I10:I13) -> 7 | Z10: =SUM(J10:J13) -> 4 | ... AF10: =SUM(P10:P13) -> 166
B11: 07.15 - 07.30 | C11: 7 | D11: 2 | E11: 2 | F11: 5 | G11: 0 | H11: 0 | I11: 3 | J11: 0 | K11: 0 | L11: 0 | M11: 18 | N11: 0 | O11: =SUM(C11:L11,N11) -> 19 | P11: =SUM(C11:N11) -> 37 | R11: 0800-0900 | S11: =SUM(C14:C17) -> 26 | T11: =SUM(D14:D17) -> 8 | U11: =SUM(E14:E17) -> 6 | V11: =SUM(F14:F17) -> 21 | W11: =SUM(G14:G17) -> 0 | X11: =SUM(H14:H17) -> 0 | Y11: =SUM(I14:I17) -> 12 | Z11: =SUM(J14:J17) -> 1 | ... AF11: =SUM(P14:P17) -> 158
B12: 07.30 - 07.45 | C12: 6 | D12: 0 | E12: 0 | F12: 7 | G12: 0 | H12: 0 | I12: 2 | J12: 1 | K12: 0 | L12: 0 | M12: 25 | N12: 0 | O12: =SUM(C12:L12,N12) -> 16 | P12: =SUM(C12:N12) -> 41 | R12: 0900-1000 | S12: =SUM(C18:C21) -> 30 | T12: =SUM(D18:D21) -> 2 | U12: =SUM(E18:E21) -> 1 | V12: =SUM(F18:F21) -> 22 | W12: =SUM(G18:G21) -> 1 | X12: =SUM(H18:H21) -> 1 | Y12: =SUM(I18:I21) -> 4 | Z12: =SUM(J18:J21) -> 3 | ... AF12: =SUM(P18:P21) -> 137
B13: 07.45 - 08.00 | C13: 7 | D13: 1 | E13: 1 | F13: 5 | G13: 1 | H13: 0 | I13: 1 | J13: 1 | K13: 0 | L13: 0 | M13: 25 | N13: 0 | O13: =SUM(C13:L13,N13) -> 17 | P13: =SUM(C13:N13) -> 42 | R13: 1000-1100 | S13: =SUM(C22:C25) -> 24 | T13: =SUM(D22:D25) -> 6 | U13: =SUM(E22:E25) -> 3 | V13: =SUM(F22:F25) -> 15 | W13: =SUM(G22:G25) -> 0 | X13: =SUM(H22:H25) -> 0 | Y13: =SUM(I22:I25) -> 6 | Z13: =SUM(J22:J25) -> 4 | ... AF13: =SUM(P22:P25) -> 121
B14: 08.00 - 08.15 | C14: 4 | D14: 2 | E14: 1 | F14: 5 | G14: 0 | H14: 0 | I14: 3 | J14: 0 | K14: 0 | L14: 0 | M14: 26 | N14: 0 | O14: =SUM(C14:L14,N14) -> 15 | P14: =SUM(C14:N14) -> 41 | R14: 1100-1200 | S14: =SUM(C26:C29) -> 19 | T14: =SUM(D26:D29) -> 2 | U14: =SUM(E26:E29) -> 4 | V14: =SUM(F26:F29) -> 22 | W14: =SUM(G26:G29) -> 0 | X14: =SUM(H26:H29) -> 0 | Y14: =SUM(I26:I29) -> 14 | Z14: =SUM(J26:J29) -> 4 | ... AF14: =SUM(P26:P29) -> 122
B15: 08.15 - 08.30 | C15: 7 | D15: 1 | E15: 1 | F15: 4 | G15: 0 | H15: 0 | I15: 6 | J15: 0 | K15: 0 | L15: 0 | M15: 19 | N15: 0 | O15: =SUM(C15:L15,N15) -> 19 | P15: =SUM(C15:N15) -> 38 | R15: 1200-1300 | S15: =SUM(C30:C33) -> 19 | T15: =SUM(D30:D33) -> 5 | U15: =SUM(E30:E33) -> 3 | V15: =SUM(F30:F33) -> 26 | W15: =SUM(G30:G33) -> 0 | X15: =SUM(H30:H33) -> 0 | Y15: =SUM(I30:I33) -> 7 | Z15: =SUM(J30:J33) -> 9 | ... AF15: =SUM(P30:P33) -> 136
B16: 08.30 - 08.45 | C16: 7 | D16: 3 | E16: 4 | F16: 7 | G16: 0 | H16: 0 | I16: 1 | J16: 1 | K16: 0 | L16: 0 | M16: 30 | N16: 0 | O16: =SUM(C16:L16,N16) -> 23 | P16: =SUM(C16:N16) -> 53 | R16: 1300-1400 | S16: =SUM(C34:C37) -> 14 | T16: =SUM(D34:D37) -> 4 | U16: =SUM(E34:E37) -> 2 | V16: =SUM(F34:F37) -> 16 | W16: =SUM(G34:G37) -> 0 | X16: =SUM(H34:H37) -> 0 | Y16: =SUM(I34:I37) -> 12 | Z16: =SUM(J34:J37) -> 2 | ... AF16: =SUM(P34:P37) -> 99
B17: 08.45 - 9.00 | C17: 8 | D17: 2 | E17: 0 | F17: 5 | G17: 0 | H17: 0 | I17: 2 | J17: 0 | K17: 0 | L17: 0 | M17: 9 | N17: 0 | O17: =SUM(C17:L17,N17) -> 17 | P17: =SUM(C17:N17) -> 26 | R17: 1400-1500 | S17: =SUM(C38:C41) -> 21 | T17: =SUM(D38:D41) -> 2 | U17: =SUM(E38:E41) -> 1 | V17: =SUM(F38:F41) -> 14 | W17: =SUM(G38:G41) -> 0 | X17: =SUM(H38:H41) -> 0 | Y17: =SUM(I38:I41) -> 11 | Z17: =SUM(J38:J41) -> 4 | ... AF17: =SUM(P38:P41) -> 103
B18: 09.00 - 09.15 | C18: 8 | D18: 0 | E18: 0 | F18: 5 | G18: 0 | H18: 0 | I18: 1 | J18: 2 | K18: 0 | L18: 0 | M18: 21 | N18: 0 | O18: =SUM(C18:L18,N18) -> 16 | P18: =SUM(C18:N18) -> 37 | R18: 1500-1600 | S18: =SUM(C42:C45) -> 15 | T18: =SUM(D42:D45) -> 3 | U18: =SUM(E42:E45) -> 0 | V18: =SUM(F42:F45) -> 14 | W18: =SUM(G42:G45) -> 0 | X18: =SUM(H42:H45) -> 0 | Y18: =SUM(I42:I45) -> 8 | Z18: =SUM(J42:J45) -> 2 | ... AF18: =SUM(P42:P45) -> 80
B19: 09.15 - 09.30 | C19: 7 | D19: 0 | E19: 1 | F19: 3 | G19: 0 | H19: 0 | I19: 2 | J19: 0 | K19: 0 | L19: 0 | M19: 13 | N19: 0 | O19: =SUM(C19:L19,N19) -> 13 | P19: =SUM(C19:N19) -> 26 | R19: 1600-1700 | S19: =SUM(C46:C49) -> 20 | T19: =SUM(D46:D49) -> 3 | U19: =SUM(E46:E49) -> 2 | V19: =SUM(F46:F49) -> 16 | W19: =SUM(G46:G49) -> 0 | X19: =SUM(H46:H49) -> 0 | Y19: =SUM(I46:I49) -> 8 | Z19: =SUM(J46:J49) -> 3 | ... AF19: =SUM(P46:P49) -> 98
B20: 09.30 - 09.45 | C20: 5 | D20: 1 | E20: 0 | F20: 6 | G20: 1 | H20: 0 | I20: 1 | J20: 1 | K20: 0 | L20: 0 | M20: 18 | N20: 0 | O20: =SUM(C20:L20,N20) -> 15 | P20: =SUM(C20:N20) -> 33 | R20: 1700-1800 | S20: =SUM(C50:C53) -> 15 | T20: =SUM(D50:D53) -> 5 | U20: =SUM(E50:E53) -> 3 | V20: =SUM(F50:F53) -> 15 | W20: =SUM(G50:G53) -> 0 | X20: =SUM(H50:H53) -> 0 | Y20: =SUM(I50:I53) -> 11 | Z20: =SUM(J50:J53) -> 1 | ... AF20: =SUM(P50:P53) -> 99
B21: 09.45 - 10.00 | C21: 10 | D21: 1 | E21: 0 | F21: 8 | G21: 0 | H21: 1 | I21: 0 | J21: 0 | K21: 0 | L21: 0 | M21: 21 | N21: 0 | O21: =SUM(C21:L21,N21) -> 20 | P21: =SUM(C21:N21) -> 41 | R21: 1800-1900 | S21: =SUM(C54:C57) -> 17 | T21: =SUM(D54:D57) -> 4 | U21: =SUM(E54:E57) -> 2 | V21: =SUM(F54:F57) -> 26 | W21: =SUM(G54:G57) -> 0 | X21: =SUM(H54:H57) -> 0 | Y21: =SUM(I54:I57) -> 6 | Z21: =SUM(J54:J57) -> 3 | ... AF21: =SUM(P54:P57) -> 121
B22: 10.00 - 10.15 | C22: 4 | D22: 0 | E22: 0 | F22: 3 | G22: 0 | H22: 0 | I22: 0 | J22: 1 | K22: 0 | L22: 0 | M22: 17 | N22: 0 | O22: =SUM(C22:L22,N22) -> 8 | P22: =SUM(C22:N22) -> 25 | R22: 1900-2000 | S22: =SUM(C58:C61) -> 22 | T22: =SUM(D58:D61) -> 1 | U22: =SUM(E58:E61) -> 2 | V22: =SUM(F58:F61) -> 25 | W22: =SUM(G58:G61) -> 0 | X22: =SUM(H58:H61) -> 0 | Y22: =SUM(I58:I61) -> 9 | Z22: =SUM(J58:J61) -> 0 | ... AF22: =SUM(P58:P61) -> 97
B23: 10.15 - 10.30 | C23: 11 | D23: 3 | E23: 3 | F23: 5 | G23: 0 | H23: 0 | I23: 2 | J23: 1 | K23: 0 | L23: 0 | M23: 17 | N23: 0 | O23: =SUM(C23:L23,N23) -> 25 | P23: =SUM(C23:N23) -> 42 | R23: 2000-2100 | S23: =SUM(C62:C65) -> 12 | T23: =SUM(D62:D65) -> 2 | U23: =SUM(E62:E65) -> 2 | V23: =SUM(F62:F65) -> 25 | W23: =SUM(G62:G65) -> 0 | X23: =SUM(H62:H65) -> 0 | Y23: =SUM(I62:I65) -> 3 | Z23: =SUM(J62:J65) -> 0 | ... AF23: =SUM(P62:P65) -> 91
B24: 10.30 - 10.45 | C24: 5 | D24: 0 | E24: 0 | F24: 3 | G24: 0 | H24: 0 | I24: 4 | J24: 2 | K24: 0 | L24: 0 | M24: 10 | N24: 0 | O24: =SUM(C24:L24,N24) -> 14 | P24: =SUM(C24:N24) -> 24 | R24: 2100-2200 | S24: =SUM(C66:C69) -> 16 | T24: =SUM(D66:D69) -> 2 | U24: =SUM(E66:E69) -> 0 | V24: =SUM(F66:F69) -> 23 | W24: =SUM(G66:G69) -> 0 | X24: =SUM(H66:H69) -> 0 | Y24: =SUM(I66:I69) -> 3 | Z24: =SUM(J66:J69) -> 0 | ... AF24: =SUM(P66:P69) -> 76
B25: 10.45 - 11.00 | C25: 4 | D25: 3 | E25: 0 | F25: 4 | G25: 0 | H25: 0 | I25: 0 | J25: 0 | K25: 0 | L25: 0 | M25: 19 | N25: 0 | O25: =SUM(C25:L25,N25) -> 11 | P25: =SUM(C25:N25) -> 30 | R25: 2200-2300 | S25: =SUM(C70:C73) -> 11 | T25: =SUM(D70:D73) -> 3 | U25: =SUM(E70:E73) -> 3 | V25: =SUM(F70:F73) -> 32 | W25: =SUM(G70:G73) -> 1 | X25: =SUM(H70:H73) -> 0 | Y25: =SUM(I70:I73) -> 1 | Z25: =SUM(J70:J73) -> 0 | ... AF25: =SUM(P70:P73) -> 88
B26: 11.00 - 11.15 | C26: 1 | D26: 0 | E26: 1 | F26: 9 | G26: 0 | H26: 0 | I26: 3 | J26: 0 | K26: 0 | L26: 0 | M26: 14 | N26: 0 | O26: =SUM(C26:L26,N26) -> 14 | P26: =SUM(C26:N26) -> 28 | R26: 2300-0000 | S26: =SUM(C74:C77) -> 12 | T26: =SUM(D74:D77) -> 1 | U26: =SUM(E74:E77) -> 1 | V26: =SUM(F74:F77) -> 23 | W26: =SUM(G74:G77) -> 0 | X26: =SUM(H74:H77) -> 0 | Y26: =SUM(I74:I77) -> 1 | Z26: =SUM(J74:J77) -> 0 | ... AF26: =SUM(P74:P77) -> 66
B27: 11.15 - 11.30 | C27: 7 | D27: 1 | E27: 2 | F27: 7 | G27: 0 | H27: 0 | I27: 5 | J27: 1 | K27: 0 | L27: 0 | M27: 11 | N27: 0 | O27: =SUM(C27:L27,N27) -> 23 | P27: =SUM(C27:N27) -> 34 | R27: 0000-0100 | S27: =SUM(C78:C81) -> 6 | T27: =SUM(D78:D81) -> 2 | U27: =SUM(E78:E81) -> 1 | V27: =SUM(F78:F81) -> 6 | W27: =SUM(G78:G81) -> 0 | X27: =SUM(H78:H81) -> 0 | Y27: =SUM(I78:I81) -> 0 | Z27: =SUM(J78:J81) -> 0 | ... AF27: =SUM(P78:P81) -> 39
B28: 11.30 - 11.45 | C28: 7 | D28: 1 | E28: 1 | F28: 4 | G28: 0 | H28: 0 | I28: 3 | J28: 1 | K28: 0 | L28: 0 | M28: 19 | N28: 0 | O28: =SUM(C28:L28,N28) -> 17 | P28: =SUM(C28:N28) -> 36 | R28: 0100-0200 | S28: =SUM(C82:C85) -> 4 | T28: =SUM(D82:D85) -> 1 | U28: =SUM(E82:E85) -> 0 | V28: =SUM(F82:F85) -> 3 | W28: =SUM(G82:G85) -> 0 | X28: =SUM(H82:H85) -> 0 | Y28: =SUM(I82:I85) -> 0 | Z28: =SUM(J82:J85) -> 0 | ... AF28: =SUM(P82:P85) -> 18
B29: 11.45 - 12.00 | C29: 4 | D29: 0 | E29: 0 | F29: 2 | G29: 0 | H29: 0 | I29: 3 | J29: 2 | K29: 0 | L29: 0 | M29: 13 | N29: 0 | O29: =SUM(C29:L29,N29) -> 11 | P29: =SUM(C29:N29) -> 24 | R29: 0200-0300 | S29: =SUM(C86:C89) -> 3 | T29: =SUM(D86:D89) -> 1 | U29: =SUM(E86:E89) -> 0 | V29: =SUM(F86:F89) -> 0 | W29: =SUM(G86:G89) -> 0 | X29: =SUM(H86:H89) -> 0 | Y29: =SUM(I86:I89) -> 0 | Z29: =SUM(J86:J89) -> 0 | ... AF29: =SUM(P86:P89) -> 13
B30: 12.00 - 12.15 | C30: 4 | D30: 0 | E30: 0 | F30: 5 | G30: 0 | H30: 0 | I30: 1 | J30: 2 | K30: 0 | L30: 0 | M30: 16 | N30: 0 | O30: =SUM(C30:L30,N30) -> 12 | P30: =SUM(C30:N30) -> 28 | R30: 0300-0400 | S30: =SUM(C90:C93) -> 1 | T30: =SUM(D90:D93) -> 0 | U30: =SUM(E90:E93) -> 0 | V30: =SUM(F90:F93) -> 0 | W30: =SUM(G90:G93) -> 0 | X30: =SUM(H90:H93) -> 0 | Y30: =SUM(I90:I93) -> 0 | Z30: =SUM(J90:J93) -> 0 | ... AF30: =SUM(P90:P93) -> 12
B31: 12.15 - 12.30 | C31: 4 | D31: 3 | E31: 0 | F31: 7 | G31: 0 | H31: 0 | I31: 2 | J31: 4 | K31: 0 | L31: 0 | M31: 14 | N31: 0 | O31: =SUM(C31:L31,N31) -> 20 | P31: =SUM(C31:N31) -> 34 | R31: 0400-0500 | S31: =SUM(C94:C97) -> 0 | T31: =SUM(D94:D97) -> 0 | U31: =SUM(E94:E97) -> 0 | V31: =SUM(F94:F97) -> 3 | W31: =SUM(G94:G97) -> 0 | X31: =SUM(H94:H97) -> 0 | Y31: =SUM(I94:I97) -> 0 | Z31: =SUM(J94:J97) -> 0 | ... AF31: =SUM(P94:P97) -> 6
B32: 12.30 - 12.45 | C32: 2 | D32: 0 | E32: 0 | F32: 7 | G32: 0 | H32: 0 | I32: 4 | J32: 0 | K32: 0 | L32: 0 | M32: 22 | N32: 0 | O32: =SUM(C32:L32,N32) -> 13 | P32: =SUM(C32:N32) -> 35 | R32: 0500-0600 | S32: =SUM(C98:C101) -> 2 | T32: =SUM(D98:D101) -> 1 | U32: =SUM(E98:E101) -> 1 | V32: =SUM(F98:F101) -> 9 | W32: =SUM(G98:G101) -> 0 | X32: =SUM(H98:H101) -> 0 | Y32: =SUM(I98:I101) -> 0 | Z32: =SUM(J98:J101) -> 0 | ... AF32: =SUM(P98:P101) -> 26
B33: 12.45 - 13.00 | C33: 9 | D33: 2 | E33: 3 | F33: 7 | G33: 0 | H33: 0 | I33: 0 | J33: 3 | K33: 0 | L33: 0 | M33: 15 | N33: 0 | O33: =SUM(C33:L33,N33) -> 24 | P33: =SUM(C33:N33) -> 39 | R33: 0600-0700 | S33: =SUM(C102:C105) -> 11 | T33: =SUM(D102:D105) -> 0 | U33: =SUM(E102:E105) -> 1 | V33: =SUM(F102:F105) -> 16 | W33: =SUM(G102:G105) -> 0 | X33: =SUM(H102:H105) -> 0 | Y33: =SUM(I102:I105) -> 3 | Z33: =SUM(J102:J105) -> 3 | ... AF33: =SUM(P102:P105) -> 77
B34: 13.00 - 13.15 | C34: 2 | D34: 0 | E34: 0 | F34: 4 | G34: 0 | H34: 0 | I34: 0 | J34: 1 | K34: 0 | L34: 0 | M34: 10 | N34: 0 | O34: =SUM(C34:L34,N34) -> 7 | P34: =SUM(C34:N34) -> 17 | R34: AM Peak Hr | S34: =MAX(S10:S12) -> 30 | T34: =MAX(T10:T12) -> 8 | U34: =MAX(U10:U12) -> 6 | V34: =MAX(V10:V12) -> 26 | W34: =MAX(W10:W12) -> 2 | X34: =MAX(X10:X12) -> 1 | Y34: =MAX(Y10:Y12) -> 12 | Z34: =MAX(Z10:Z12) -> 4 | ... AF34: =MAX(AF10:AF12) -> 166
B35: 13.15 - 13.30 | C35: 2 | D35: 1 | E35: 0 | F35: 4 | G35: 0 | H35: 0 | I35: 4 | J35: 0 | K35: 0 | L35: 0 | M35: 7 | N35: 0 | O35: =SUM(C35:L35,N35) -> 11 | P35: =SUM(C35:N35) -> 18 | R35: IP Peak Hr | S35: =MAX(S13:S18) -> 24 | T35: =MAX(T13:T18) -> 6 | U35: =MAX(U13:U18) -> 4 | V35: =MAX(V13:V18) -> 26 | W35: =MAX(W13:W18) -> 0 | X35: =MAX(X13:X18) -> 0 | Y35: =MAX(Y13:Y18) -> 14 | Z35: =MAX(Z13:Z18) -> 9 | ... AF35: =MAX(AF13:AF18) -> 136
B36: 13.30 - 13.45 | C36: 4 | D36: 1 | E36: 2 | F36: 6 | G36: 0 | H36: 0 | I36: 6 | J36: 1 | K36: 0 | L36: 0 | M36: 19 | N36: 0 | O36: =SUM(C36:L36,N36) -> 20 | P36: =SUM(C36:N36) -> 39 | R36: PM Peak Hr | S36: =MAX(S19:S21) -> 20 | T36: =MAX(T19:T21) -> 5 | U36: =MAX(U19:U21) -> 3 | V36: =MAX(V19:V21) -> 26 | W36: =MAX(W19:W21) -> 0 | X36: =MAX(X19:X21) -> 0 | Y36: =MAX(Y19:Y21) -> 11 | Z36: =MAX(Z19:Z21) -> 3 | ... AF36: =MAX(AF19:AF21) -> 121
B37: 13.45 - 14.00 | C37: 6 | D37: 2 | E37: 0 | F37: 2 | G37: 0 | H37: 0 | I37: 2 | J37: 0 | K37: 0 | L37: 0 | M37: 13 | N37: 0 | O37: =SUM(C37:L37,N37) -> 12 | P37: =SUM(C37:N37) -> 25 | R37: AM Period | S37: =SUM(S10:S12) -> 84 | T37: =SUM(T10:T12) -> 13 | U37: =SUM(U10:U12) -> 12 | V37: =SUM(V10:V12) -> 69 | W37: =SUM(W10:W12) -> 3 | X37: =SUM(X10:X12) -> 1 | Y37: =SUM(Y10:Y12) -> 23 | Z37: =SUM(Z10:Z12) -> 8 | ... AF37: =SUM(AF10:AF12) -> 461
B38: 14.00 - 14.15 | C38: 7 | D38: 0 | E38: 0 | F38: 4 | G38: 0 | H38: 0 | I38: 3 | J38: 0 | K38: 0 | L38: 0 | M38: 17 | N38: 0 | O38: =SUM(C38:L38,N38) -> 14 | P38: =SUM(C38:N38) -> 31 | R38: IP Period | S38: =SUM(S13:S18) -> 112 | T38: =SUM(T13:T18) -> 22 | U38: =SUM(U13:U18) -> 13 | V38: =SUM(V13:V18) -> 107 | W38: =SUM(W13:W18) -> 0 | X38: =SUM(X13:X18) -> 0 | Y38: =SUM(Y13:Y18) -> 58 | Z38: =SUM(Z13:Z18) -> 25 | ... AF38: =SUM(AF13:AF18) -> 661
B39: 14.15 - 14.30 | C39: 6 | D39: 0 | E39: 0 | F39: 2 | G39: 0 | H39: 0 | I39: 4 | J39: 1 | K39: 0 | L39: 0 | M39: 14 | N39: 0 | O39: =SUM(C39:L39,N39) -> 13 | P39: =SUM(C39:N39) -> 27 | R39: PM Period | S39: =SUM(S19:S21) -> 52 | T39: =SUM(T19:T21) -> 12 | U39: =SUM(U19:U21) -> 7 | V39: =SUM(V19:V21) -> 57 | W39: =SUM(W19:W21) -> 0 | X39: =SUM(X19:X21) -> 0 | Y39: =SUM(Y19:Y21) -> 25 | Z39: =SUM(Z19:Z21) -> 7 | ... AF39: =SUM(AF19:AF21) -> 318
B40: 14.30 - 14.45 | C40: 6 | D40: 0 | E40: 1 | F40: 2 | G40: 0 | H40: 0 | I40: 1 | J40: 1 | K40: 0 | L40: 0 | M40: 10 | N40: 0 | O40: =SUM(C40:L40,N40) -> 11 | P40: =SUM(C40:N40) -> 21 | R40: 12 Hours | S40: =SUM(S10:S21) -> 248 | T40: =SUM(T10:T21) -> 47 | U40: =SUM(U10:U21) -> 32 | V40: =SUM(V10:V21) -> 233 | W40: =SUM(W10:W21) -> 3 | X40: =SUM(X10:X21) -> 1 | Y40: =SUM(Y10:Y21) -> 106 | Z40: =SUM(Z10:Z21) -> 40 | ... AF40: =SUM(AF10:AF21) -> 1440
B41: 14.45 - 15.00 | C41: 2 | D41: 2 | E41: 0 | F41: 6 | G41: 0 | H41: 0 | I41: 3 | J41: 2 | K41: 0 | L41: 1 | M41: 8 | N41: 0 | O41: =SUM(C41:L41,N41) -> 16 | P41: =SUM(C41:N41) -> 24 | R41: 24 Hrs/ADT | S41: =SUM(S10:S33) -> 348 | T41: =SUM(T10:T33) -> 61 | U41: =SUM(U10:U33) -> 43 | V41: =SUM(V10:V33) -> 398 | W41: =SUM(W10:W33) -> 4 | X41: =SUM(X10:X33) -> 1 | Y41: =SUM(Y10:Y33) -> 126 | Z41: =SUM(Z10:Z33) -> 43 | ... AF41: =SUM(AF10:AF33) -> 2049
B42: 15.00 - 15.15 | C42: 3 | D42: 3 | E42: 0 | F42: 5 | G42: 0 | H42: 0 | I42: 3 | J42: 0 | K42: 0 | L42: 0 | M42: 9 | N42: 0 | O42: =SUM(C42:L42,N42) -> 14 | P42: =SUM(C42:N42) -> 23 | R42: NEF | S42: =S41/S40 -> 1.4032258 | T42: =T41/T40 -> 1.2978723 | U42: =U41/U40 -> 1.34375 | V42: =V41/V40 -> 1.7081545 | W42: =W41/W40 -> 1.3333333 | X42: =X41/X40 -> 1 | Y42: =Y41/Y40 -> 1.1886792 | Z42: =Z41/Z40 -> 1.075 | ... AF42: =AF41/AF40 -> 1.4229167
B43: 15.15 - 15.30 | C43: 5 | D43: 0 | E43: 0 | F43: 3 | G43: 0 | H43: 0 | I43: 0 | J43: 1 | K43: 0 | L43: 0 | M43: 8 | N43: 0 | O43: =SUM(C43:L43,N43) -> 9 | P43: =SUM(C43:N43) -> 17
B44: 15.30 - 15.45 | C44: 4 | D44: 0 | E44: 0 | F44: 1 | G44: 0 | H44: 0 | I44: 2 | J44: 0 | K44: 0 | L44: 0 | M44: 7 | N44: 0 | O44: =SUM(C44:L44,N44) -> 7 | P44: =SUM(C44:N44) -> 14
B45: 15.45 - 16.00 | C45: 3 | D45: 0 | E45: 0 | F45: 5 | G45: 0 | H45: 0 | I45: 3 | J45: 1 | K45: 0 | L45: 0 | M45: 14 | N45: 0 | O45: =SUM(C45:L45,N45) -> 12 | P45: =SUM(C45:N45) -> 26
B46: 16.00 - 16.15 | C46: 3 | D46: 0 | E46: 0 | F46: 2 | G46: 0 | H46: 0 | I46: 1 | J46: 0 | K46: 0 | L46: 0 | M46: 14 | N46: 0 | O46: =SUM(C46:L46,N46) -> 6 | P46: =SUM(C46:N46) -> 20
B47: 16.15 -16.30 | C47: 5 | D47: 1 | E47: 2 | F47: 7 | G47: 0 | H47: 0 | I47: 2 | J47: 0 | K47: 0 | L47: 0 | M47: 15 | N47: 0 | O47: =SUM(C47:L47,N47) -> 17 | P47: =SUM(C47:N47) -> 32
B48: 16.30 -16.45 | C48: 4 | D48: 0 | E48: 0 | F48: 1 | G48: 0 | H48: 0 | I48: 2 | J48: 2 | K48: 0 | L48: 0 | M48: 10 | N48: 0 | O48: =SUM(C48:L48,N48) -> 9 | P48: =SUM(C48:N48) -> 19
B49: 16.45 -17.00 | C49: 8 | D49: 2 | E49: 0 | F49: 6 | G49: 0 | H49: 0 | I49: 3 | J49: 1 | K49: 0 | L49: 0 | M49: 7 | N49: 0 | O49: =SUM(C49:L49,N49) -> 20 | P49: =SUM(C49:N49) -> 27
B50: 17.00 -17.15 | C50: 9 | D50: 2 | E50: 1 | F50: 8 | G50: 0 | H50: 0 | I50: 1 | J50: 1 | K50: 0 | L50: 0 | M50: 14 | N50: 0 | O50: =SUM(C50:L50,N50) -> 22 | P50: =SUM(C50:N50) -> 36
B51: 17.15 -17.30 | C51: 3 | D51: 1 | E51: 2 | F51: 1 | G51: 0 | H51: 0 | I51: 4 | J51: 0 | K51: 0 | L51: 0 | M51: 10 | N51: 0 | O51: =SUM(C51:L51,N51) -> 11 | P51: =SUM(C51:N51) -> 21
B52: 17.30 -17.45 | C52: 0 | D52: 1 | E52: 0 | F52: 5 | G52: 0 | H52: 0 | I52: 3 | J52: 0 | K52: 0 | L52: 0 | M52: 11 | N52: 0 | O52: =SUM(C52:L52,N52) -> 9 | P52: =SUM(C52:N52) -> 20
B53: 17.45 -18.00 | C53: 3 | D53: 1 | E53: 0 | F53: 1 | G53: 0 | H53: 0 | I53: 3 | J53: 0 | K53: 0 | L53: 0 | M53: 14 | N53: 0 | O53: =SUM(C53:L53,N53) -> 8 | P53: =SUM(C53:N53) -> 22
B54: 18.00 - 18.15 | C54: 6 | D54: 1 | E54: 1 | F54: 7 | G54: 0 | H54: 0 | I54: 3 | J54: 0 | K54: 0 | L54: 0 | M54: 15 | N54: 0 | O54: =SUM(C54:L54,N54) -> 18 | P54: =SUM(C54:N54) -> 33
... B105: 06.45 - 07.00 | C105: 5 | D105: 0 | E105: 1 | F105: 8 | G105: 0 | H105: 0 | I105: 0 | J105: 1 | K105: 0 | L105: 0 | M105: 19 | N105: 0 | O105: =SUM(C105:L105,N105) -> 15 | P105: =SUM(C105:N105) -> 34
B106: Totals | C106: =SUM(C10:C105) -> 348 | D106: =SUM(D10:D105) -> 61 | E106: =SUM(E10:E105) -> 43 | F106: =SUM(F10:F105) -> 398 | G106: =SUM(G10:G105) -> 4 | H106: =SUM(H10:H105) -> 1 | I106: =SUM(I10:I105) -> 126 | J106: =SUM(J10:J105) -> 43 | ... P106: =SUM(P10:P105) -> 2049
B107: %ges + MCs | C107: =C106/$P$106 -> 0.16983895 | D107: =D106/$P$106 -> 0.02977062 | E107: =E106/$P$106 -> 0.020985847 | F107: =F106/$P$106 -> 0.19424109 | G107: =G106/$P$106 -> 0.0019521718 | H107: =H106/$P$106 -> 0.00048804295 | I107: =I106/$P$106 -> 0.061493411 | J107: =J106/$P$106 -> 0.020985847 | ... N107: =N106/$P$106 -> 0
B108: %ges w/o MCs | C108: =C106/$O$106 -> 0.33918129 | D108: =D106/$O$106 -> 0.059454191 | E108: =E106/$O$106 -> 0.041910331 | F108: =F106/$O$106 -> 0.38791423 | G108: =G106/$O$106 -> 0.0038986355 | H108: =H106/$O$106 -> 0.00097465887 | I108: =I106/$O$106 -> 0.12280702 | J108: =J106/$O$106 -> 0.041910331 | ... L108: =L106/$O$106 -> 0.0019493177 | N108: =N106/$O$106 -> 0

Sheet 28.09 Busabala-Entebbe-24Hrs
B1: Consultancy services for Preparation of Expressway Development Master Plan (EDMP) for Uganda
B2: MANUAL CLASSIFIED COUNT (MCC)
B3: ROAD NAME: | C3: ='[2]23.09.19 Entebbe-Busabala'!C3:G3 -> MCC - C2 - STN053 - Busabala RD
C5: Date | D5: ='[2]28.09 Entebbe-Busabala-24h'!D5 -> 28.09.19 | F5: Location | G5: ='[2]28.09 Entebbe-Busabala-24h'!G5:H5 -> Ziranumbu town | J5: Surveyor | K5: ='[2]28.09 Entebbe-Busabala-24h'!K5:L5 -> Godfrey
C6: Dir. From | D6: ='[2]23.09.19 Busabala-Entebbe'!D6:E6 -> BUSABALA | F6: Dir. To | G6: ='[2]23.09.19 Busabala-Entebbe'!G6:H6 -> ENTEBBE | J6: Supervisor | K6: ='[2]28.09 Entebbe-Busabala-24h'!K6:L6 -> Steven
B8: Time / Veh Type | R8: SUMMARY TRAFFIC VOLUMES
C9: 1. Car | D9: 2. Station Wagon | E9: 3. Pickups | F9: 4. Minibus, matatu | G9: 5. Medium bus | H9: 6. Large Bus | I9: 7. Light Truck | J9: 8. Medium Truck | K9: 9. Heavy truck | L9: 10. Truck Trailer | M9: 11. Motor cycles | N9: 12. Tractors | O9: Total Excl M/Cycles | P9: Total All | R9: Time | S9: 1. Car | T9: 2. Station Wagon | U9: 3. Pickups | V9: 4. Minibus, matatu | W9: 5. Medium bus | X9: 6. Large Bus | Y9: 7. Light Truck | Z9: 8. Medium Truck | AA9: 9. Heavy truck | AB9: 10. Truck Trailer | AC9: 11. Motorcycles | AD9: 12. Tractors, Graders | AE9: Total Excl M/ Cycles | AF9: Total All
B10: 07.00 - 07.15 | C10: 0 | D10: 0 | E10: 0 | F10: 8 | G10: 0 | H10: 0 | I10: 0 | J10: 1 | K10: 0 | L10: 0 | M10: 13 | N10: 0 | O10: =SUM(C10:L10,N10) -> 9 | P10: =SUM(C10:N10) -> 22 | R10: 0700-0800 | S10: =SUM(C10:C13) -> 11 | T10: =SUM(D10:D13) -> 2 | U10: =SUM(E10:E13) -> 0 | V10: =SUM(F10:F13) -> 24 | W10: =SUM(G10:G13) -> 2 | X10: =SUM(H10:H13) -> 0 | Y10: =SUM(I10:I13) -> 3 | Z10: =SUM(J10:J13) -> 1 | ... AF10: =SUM(P10:P13) -> 100
B11: 07.15 - 07.30 | C11: 4 | D11: 0 | E11: 0 | F11: 4 | G11: 2 | H11: 0 | I11: 1 | J11: 0 | K11: 0 | L11: 0 | M11: 16 | N11: 0 | O11: =SUM(C11:L11,N11) -> 11 | P11: =SUM(C11:N11) -> 27 | R11: 0800-0900 | S11: =SUM(C14:C17) -> 11 | T11: =SUM(D14:D17) -> 3 | U11: =SUM(E14:E17) -> 2 | V11: =SUM(F14:F17) -> 12 | W11: =SUM(G14:G17) -> 0 | X11: =SUM(H14:H17) -> 0 | Y11: =SUM(I14:I17) -> 4 | Z11: =SUM(J14:J17) -> 0 | ... AF11: =SUM(P14:P17) -> 75
B12: 07.30 - 07.45 | C12: 3 | D12: 0 | E12: 0 | F12: 7 | G12: 0 | H12: 0 | I12: 0 | J12: 0 | K12: 0 | L12: 0 | M12: 18 | N12: 0 | O12: =SUM(C12:L12,N12) -> 10 | P12: =SUM(C12:N12) -> 28 | R12: 0900-1000 | S12: =SUM(C18:C21) -> 10 | T12: =SUM(D18:D21) -> 3 | U12: =SUM(E18:E21) -> 4 | V12: =SUM(F18:F21) -> 19 | W12: =SUM(G18:G21) -> 0 | X12: =SUM(H18:H21) -> 0 | Y12: =SUM(I18:I21) -> 12 | Z12: =SUM(J18:J21) -> 1 | ... AF12: =SUM(P18:P21) -> 100
B13: 07.45 - 08.00 | C13: 4 | D13: 2 | E13: 0 | F13: 5 | G13: 0 | H13: 0 | I13: 2 | J13: 0 | K13: 0 | L13: 0 | M13: 10 | N13: 0 | O13: =SUM(C13:L13,N13) -> 13 | P13: =SUM(C13:N13) -> 23 | R13: 1000-1100 | S13: =SUM(C22:C25) -> 15 | T13: =SUM(D22:D25) -> 7 | U13: =SUM(E22:E25) -> 1 | V13: =SUM(F22:F25) -> 12 | W13: =SUM(G22:G25) -> 1 | X13: =SUM(H22:H25) -> 0 | Y13: =SUM(I22:I25) -> 7 | Z13: =SUM(J22:J25) -> 0 | ... AF13: =SUM(P22:P25) -> 71
B14: 08.00 - 08.15 | C14: 4 | D14: 1 | E14: 0 | F14: 2 | G14: 0 | H14: 0 | I14: 0 | J14: 0 | K14: 0 | L14: 0 | M14: 11 | N14: 0 | O14: =SUM(C14:L14,N14) -> 7 | P14: =SUM(C14:N14) -> 18 | R14: 1100-1200 | S14: =SUM(C26:C29) -> 20 | T14: =SUM(D26:D29) -> 3 | U14: =SUM(E26:E29) -> 3 | V14: =SUM(F26:F29) -> 13 | W14: =SUM(G26:G29) -> 0 | X14: =SUM(H26:H29) -> 0 | Y14: =SUM(I26:I29) -> 13 | Z14: =SUM(J26:J29) -> 1 | ... AF14: =SUM(P26:P29) -> 90
B15: 08.15 - 08.30 | C15: 3 | D15: 0 | E15: 0 | F15: 3 | G15: 0 | H15: 0 | I15: 0 | J15: 0 | K15: 0 | L15: 0 | M15: 13 | N15: 0 | O15: =SUM(C15:L15,N15) -> 6 | P15: =SUM(C15:N15) -> 19 | R15: 1200-1300 | S15: =SUM(C30:C33) -> 22 | T15: =SUM(D30:D33) -> 6 | U15: =SUM(E30:E33) -> 2 | V15: =SUM(F30:F33) -> 13 | W15: =SUM(G30:G33) -> 0 | X15: =SUM(H30:H33) -> 0 | Y15: =SUM(I30:I33) -> 7 | Z15: =SUM(J30:J33) -> 3 | ... AF15: =SUM(P30:P33) -> 97
B16: 08.30 - 08.45 | C16: 2 | D16: 2 | E16: 1 | F16: 4 | G16: 0 | H16: 0 | I16: 3 | J16: 0 | K16: 0 | L16: 0 | M16: 11 | N16: 0 | O16: =SUM(C16:L16,N16) -> 12 | P16: =SUM(C16:N16) -> 23 | R16: 1300-1400 | S16: =SUM(C34:C37) -> 11 | T16: =SUM(D34:D37) -> 7 | U16: =SUM(E34:E37) -> 3 | V16: =SUM(F34:F37) -> 13 | W16: =SUM(G34:G37) -> 0 | X16: =SUM(H34:H37) -> 0 | Y16: =SUM(I34:I37) -> 6 | Z16: =SUM(J34:J37) -> 0 | ... AF16: =SUM(P34:P37) -> 81
B17: 08.45 - 9.00 | C17: 2 | D17: 0 | E17: 1 | F17: 3 | G17: 0 | H17: 0 | I17: 1 | J17: 0 | K17: 0 | L17: 0 | M17: 8 | N17: 0 | O17: =SUM(C17:L17,N17) -> 7 | P17: =SUM(C17:N17) -> 15 | R17: 1400-1500 | S17: =SUM(C38:C41) -> 13 | T17: =SUM(D38:D41) -> 5 | U17: =SUM(E38:E41) -> 0 | V17: =SUM(F38:F41) -> 10 | W17: =SUM(G38:G41) -> 0 | X17: =SUM(H38:H41) -> 0 | Y17: =SUM(I38:I41) -> 8 | Z17: =SUM(J38:J41) -> 3 | ... AF17: =SUM(P38:P41) -> 92
B18: 09.00 - 09.15 | C18: 3 | D18: 1 | E18: 2 | F18: 6 | G18: 0 | H18: 0 | I18: 1 | J18: 0 | K18: 0 | L18: 1 | M18: 5 | N18: 0 | O18: =SUM(C18:L18,N18) -> 14 | P18: =SUM(C18:N18) -> 19 | R18: 1500-1600 | S18: =SUM(C42:C45) -> 18 | T18: =SUM(D42:D45) -> 5 | U18: =SUM(E42:E45) -> 0 | V18: =SUM(F42:F45) -> 14 | W18: =SUM(G42:G45) -> 0 | X18: =SUM(H42:H45) -> 0 | Y18: =SUM(I42:I45) -> 10 | Z18: =SUM(J42:J45) -> 1 | ... AF18: =SUM(P42:P45) -> 82
B19: 09.15 - 09.30 | C19: 4 | D19: 1 | E19: 1 | F19: 4 | G19: 0 | H19: 0 | I19: 4 | J19: 0 | K19: 0 | L19: 0 | M19: 18 | N19: 0 | O19: =SUM(C19:L19,N19) -> 14 | P19: =SUM(C19:N19) -> 32 | R19: 1600-1700 | S19: =SUM(C46:C49) -> 15 | T19: =SUM(D46:D49) -> 3 | U19: =SUM(E46:E49) -> 2 | V19: =SUM(F46:F49) -> 8 | W19: =SUM(G46:G49) -> 0 | X19: =SUM(H46:H49) -> 0 | Y19: =SUM(I46:I49) -> 5 | Z19: =SUM(J46:J49) -> 1 | ... AF19: =SUM(P46:P49) -> 65
B20: 09.30 - 09.45 | C20: 2 | D20: 1 | E20: 0 | F20: 2 | G20: 0 | H20: 0 | I20: 4 | J20: 0 | K20: 0 | L20: 0 | M20: 16 | N20: 0 | O20: =SUM(C20:L20,N20) -> 9 | P20: =SUM(C20:N20) -> 25 | R20: 1700-1800 | S20: =SUM(C50:C53) -> 11 | T20: =SUM(D50:D53) -> 8 | U20: =SUM(E50:E53) -> 1 | V20: =SUM(F50:F53) -> 15 | W20: =SUM(G50:G53) -> 0 | X20: =SUM(H50:H53) -> 0 | Y20: =SUM(I50:I53) -> 10 | Z20: =SUM(J50:J53) -> 1 | ... AF20: =SUM(P50:P53) -> 89
B21: 09.45 - 10.00 | C21: 1 | D21: 0 | E21: 1 | F21: 7 | G21: 0 | H21: 0 | I21: 3 | J21: 1 | K21: 0 | L21: 0 | M21: 11 | N21: 0 | O21: =SUM(C21:L21,N21) -> 13 | P21: =SUM(C21:N21) -> 24 | R21: 1800-1900 | S21: =SUM(C54:C57) -> 19 | T21: =SUM(D54:D57) -> 9 | U21: =SUM(E54:E57) -> 0 | V21: =SUM(F54:F57) -> 16 | W21: =SUM(G54:G57) -> 0 | X21: =SUM(H54:H57) -> 0 | Y21: =SUM(I54:I57) -> 7 | Z21: =SUM(J54:J57) -> 0 | ... AF21: =SUM(P54:P57) -> 122
B22: 10.00 - 10.15 | C22: 3 | D22: 2 | E22: 0 | F22: 2 | G22: 0 | H22: 0 | I22: 1 | J22: 0 | K22: 0 | L22: 0 | M22: 8 | N22: 0 | O22: =SUM(C22:L22,N22) -> 8 | P22: =SUM(C22:N22) -> 16 | R22: 1900-2000 | S22: =SUM(C58:C61) -> 26 | T22: =SUM(D58:D61) -> 2 | U22: =SUM(E58:E61) -> 1 | V22: =SUM(F58:F61) -> 30 | W22: =SUM(G58:G61) -> 0 | X22: =SUM(H58:H61) -> 0 | Y22: =SUM(I58:I61) -> 10 | Z22: =SUM(J58:J61) -> 2 | ... AF22: =SUM(P58:P61) -> 143
B23: 10.15 - 10.30 | C23: 3 | D23: 2 | E23: 0 | F23: 5 | G23: 0 | H23: 0 | I23: 1 | J23: 0 | K23: 0 | L23: 0 | M23: 5 | N23: 0 | O23: =SUM(C23:L23,N23) -> 11 | P23: =SUM(C23:N23) -> 16 | R23: 2000-2100 | S23: =SUM(C62:C65) -> 33 | T23: =SUM(D62:D65) -> 1 | U23: =SUM(E62:E65) -> 1 | V23: =SUM(F62:F65) -> 23 | W23: =SUM(G62:G65) -> 2 | X23: =SUM(H62:H65) -> 0 | Y23: =SUM(I62:I65) -> 14 | Z23: =SUM(J62:J65) -> 2 | ... AF23: =SUM(P62:P65) -> 145
B24: 10.30 - 10.45 | C24: 3 | D24: 1 | E24: 1 | F24: 2 | G24: 0 | H24: 0 | I24: 5 | J24: 0 | K24: 0 | L24: 0 | M24: 7 | N24: 0 | O24: =SUM(C24:L24,N24) -> 12 | P24: =SUM(C24:N24) -> 19 | R24: 2100-2200 | S24: =SUM(C66:C69) -> 36 | T24: =SUM(D66:D69) -> 1 | U24: =SUM(E66:E69) -> 0 | V24: =SUM(F66:F69) -> 27 | W24: =SUM(G66:G69) -> 1 | X24: =SUM(H66:H69) -> 1 | Y24: =SUM(I66:I69) -> 5 | Z24: =SUM(J66:J69) -> 0 | ... AF24: =SUM(P66:P69) -> 132
B25: 10.45 - 11.00 | C25: 6 | D25: 2 | E25: 0 | F25: 3 | G25: 1 | H25: 0 | I25: 0 | J25: 0 | K25: 0 | L25: 0 | M25: 8 | N25: 0 | O25: =SUM(C25:L25,N25) -> 12 | P25: =SUM(C25:N25) -> 20 | R25: 2200-2300 | S25: =SUM(C70:C73) -> 30 | T25: =SUM(D70:D73) -> 6 | U25: =SUM(E70:E73) -> 0 | V25: =SUM(F70:F73) -> 38 | W25: =SUM(G70:G73) -> 1 | X25: =SUM(H70:H73) -> 0 | Y25: =SUM(I70:I73) -> 6 | Z25: =SUM(J70:J73) -> 1 | ... AF25: =SUM(P70:P73) -> 149
B26: 11.00 - 11.15 | C26: 7 | D26: 1 | E26: 0 | F26: 3 | G26: 0 | H26: 0 | I26: 3 | J26: 0 | K26: 0 | L26: 0 | M26: 14 | N26: 0 | O26: =SUM(C26:L26,N26) -> 14 | P26: =SUM(C26:N26) -> 28 | R26: 2300-0000 | S26: =SUM(C74:C77) -> 17 | T26: =SUM(D74:D77) -> 3 | U26: =SUM(E74:E77) -> 0 | V26: =SUM(F74:F77) -> 35 | W26: =SUM(G74:G77) -> 0 | X26: =SUM(H74:H77) -> 0 | Y26: =SUM(I74:I77) -> 2 | Z26: =SUM(J74:J77) -> 0 | ... AF26: =SUM(P74:P77) -> 104
B27: 11.15 - 11.30 | C27: 4 | D27: 1 | E27: 2 | F27: 2 | G27: 0 | H27: 0 | I27: 6 | J27: 1 | K27: 0 | L27: 0 | M27: 6 | N27: 0 | O27: =SUM(C27:L27,N27) -> 16 | P27: =SUM(C27:N27) -> 22 | R27: 0000-0100 | S27: =SUM(C78:C81) -> 21 | T27: =SUM(D78:D81) -> 2 | U27: =SUM(E78:E81) -> 0 | V27: =SUM(F78:F81) -> 4 | W27: =SUM(G78:G81) -> 0 | X27: =SUM(H78:H81) -> 0 | Y27: =SUM(I78:I81) -> 0 | Z27: =SUM(J78:J81) -> 0 | ... AF27: =SUM(P78:P81) -> 50
B28: 11.30 - 11.45 | C28: 7 | D28: 1 | E28: 1 | F28: 3 | G28: 0 | H28: 0 | I28: 3 | J28: 0 | K28: 0 | L28: 0 | M28: 14 | N28: 0 | O28: =SUM(C28:L28,N28) -> 15 | P28: =SUM(C28:N28) -> 29 | R28: 0100-0200 | S28: =SUM(C82:C85) -> 8 | T28: =SUM(D82:D85) -> 1 | U28: =SUM(E82:E85) -> 2 | V28: =SUM(F82:F85) -> 1 | W28: =SUM(G82:G85) -> 0 | X28: =SUM(H82:H85) -> 0 | Y28: =SUM(I82:I85) -> 1 | Z28: =SUM(J82:J85) -> 0 | ... AF28: =SUM(P82:P85) -> 35
B29: 11.45 - 12.00 | C29: 2 | D29: 0 | E29: 0 | F29: 5 | G29: 0 | H29: 0 | I29: 1 | J29: 0 | K29: 0 | L29: 0 | M29: 3 | N29: 0 | O29: =SUM(C29:L29,N29) -> 8 | P29: =SUM(C29:N29) -> 11 | R29: 0200-0300 | S29: =SUM(C86:C89) -> 7 | T29: =SUM(D86:D89) -> 0 | U29: =SUM(E86:E89) -> 0 | V29: =SUM(F86:F89) -> 1 | W29: =SUM(G86:G89) -> 0 | X29: =SUM(H86:H89) -> 0 | Y29: =SUM(I86:I89) -> 0 | Z29: =SUM(J86:J89) -> 0 | ... AF29: =SUM(P86:P89) -> 17
B30: 12.00 - 12.15 | C30: 2 | D30: 3 | E30: 1 | F30: 3 | G30: 0 | H30: 0 | I30: 0 | J30: 1 | K30: 0 | L30: 0 | M30: 19 | N30: 0 | O30: =SUM(C30:L30,N30) -> 10 | P30: =SUM(C30:N30) -> 29 | R30: 0300-0400 | S30: =SUM(C90:C93) -> 1 | T30: =SUM(D90:D93) -> 1 | U30: =SUM(E90:E93) -> 0 | V30: =SUM(F90:F93) -> 0 | W30: =SUM(G90:G93) -> 0 | X30: =SUM(H90:H93) -> 0 | Y30: =SUM(I90:I93) -> 0 | Z30: =SUM(J90:J93) -> 1 | ... AF30: =SUM(P90:P93) -> 11
B31: 12.15 - 12.30 | C31: 1 | D31: 1 | E31: 0 | F31: 2 | G31: 0 | H31: 0 | I31: 3 | J31: 0 | K31: 0 | L31: 0 | M31: 9 | N31: 0 | O31: =SUM(C31:L31,N31) -> 7 | P31: =SUM(C31:N31) -> 16 | R31: 0400-0500 | S31: =SUM(C94:C97) -> 2 | T31: =SUM(D94:D97) -> 0 | U31: =SUM(E94:E97) -> 0 | V31: =SUM(F94:F97) -> 5 | W31: =SUM(G94:G97) -> 0 | X31: =SUM(H94:H97) -> 0 | Y31: =SUM(I94:I97) -> 0 | Z31: =SUM(J94:J97) -> 0 | ... AF31: =SUM(P94:P97) -> 12
B32: 12.30 - 12.45 | C32: 14 | D32: 1 | E32: 1 | F32: 3 | G32: 0 | H32: 0 | I32: 0 | J32: 0 | K32: 0 | L32: 0 | M32: 4 | N32: 0 | O32: =SUM(C32:L32,N32) -> 19 | P32: =SUM(C32:N32) -> 23 | R32: 0500-0600 | S32: =SUM(C98:C101) -> 0 | T32: =SUM(D98:D101) -> 0 | U32: =SUM(E98:E101) -> 0 | V32: =SUM(F98:F101) -> 8 | W32: =SUM(G98:G101) -> 0 | X32: =SUM(H98:H101) -> 0 | Y32: =SUM(I98:I101) -> 0 | Z32: =SUM(J98:J101) -> 0 | ... AF32: =SUM(P98:P101) -> 15
B33: 12.45 - 13.00 | C33: 5 | D33: 1 | E33: 0 | F33: 5 | G33: 0 | H33: 0 | I33: 4 | J33: 2 | K33: 0 | L33: 0 | M33: 12 | N33: 0 | O33: =SUM(C33:L33,N33) -> 17 | P33: =SUM(C33:N33) -> 29 | R33: 0600-0700 | S33: =SUM(C102:C105) -> 6 | T33: =SUM(D102:D105) -> 0 | U33: =SUM(E102:E105) -> 0 | V33: =SUM(F102:F105) -> 14 | W33: =SUM(G102:G105) -> 0 | X33: =SUM(H102:H105) -> 0 | Y33: =SUM(I102:I105) -> 2 | Z33: =SUM(J102:J105) -> 0 | ... AF33: =SUM(P102:P105) -> 56
B34: 13.00 - 13.15 | C34: 2 | D34: 1 | E34: 0 | F34: 2 | G34: 0 | H34: 0 | I34: 1 | J34: 0 | K34: 0 | L34: 0 | M34: 9 | N34: 0 | O34: =SUM(C34:L34,N34) -> 6 | P34: =SUM(C34:N34) -> 15 | R34: AM Peak Hr | S34: =MAX(S10:S12) -> 11 | T34: =MAX(T10:T12) -> 3 | U34: =MAX(U10:U12) -> 4 | V34: =MAX(V10:V12) -> 24 | W34: =MAX(W10:W12) -> 2 | X34: =MAX(X10:X12) -> 0 | Y34: =MAX(Y10:Y12) -> 12 | Z34: =MAX(Z10:Z12) -> 1 | ... AF34: =MAX(AF10:AF12) -> 100
B35: 13.15 - 13.30 | C35: 5 | D35: 1 | E35: 1 | F35: 7 | G35: 0 | H35: 0 | I35: 2 | J35: 0 | K35: 0 | L35: 0 | M35: 6 | N35: 0 | O35: =SUM(C35:L35,N35) -> 16 | P35: =SUM(C35:N35) -> 22 | R35: IP Peak Hr | S35: =MAX(S13:S18) -> 22 | T35: =MAX(T13:T18) -> 7 | U35: =MAX(U13:U18) -> 3 | V35: =MAX(V13:V18) -> 14 | W35: =MAX(W13:W18) -> 1 | X35: =MAX(X13:X18) -> 0 | Y35: =MAX(Y13:Y18) -> 13 | Z35: =MAX(Z13:Z18) -> 3 | ... AF35: =MAX(AF13:AF18) -> 97
B36: 13.30 - 13.45 | C36: 2 | D36: 1 | E36: 1 | F36: 1 | G36: 0 | H36: 0 | I36: 3 | J36: 0 | K36: 0 | L36: 0 | M36: 14 | N36: 0 | O36: =SUM(C36:L36,N36) -> 8 | P36: =SUM(C36:N36) -> 22 | R36: PM Peak Hr | S36: =MAX(S19:S21) -> 19 | T36: =MAX(T19:T21) -> 9 | U36: =MAX(U19:U21) -> 2 | V36: =MAX(V19:V21) -> 16 | W36: =MAX(W19:W21) -> 0 | X36: =MAX(X19:X21) -> 0 | Y36: =MAX(Y19:Y21) -> 10 | Z36: =MAX(Z19:Z21) -> 1 | ... AF36: =MAX(AF19:AF21) -> 122
B37: 13.45 - 14.00 | C37: 2 | D37: 4 | E37: 1 | F37: 3 | G37: 0 | H37: 0 | I37: 0 | J37: 0 | K37: 0 | L37: 0 | M37: 12 | N37: 0 | O37: =SUM(C37:L37,N37) -> 10 | P37: =SUM(C37:N37) -> 22 | R37: AM Period | S37: =SUM(S10:S12) -> 32 | T37: =SUM(T10:T12) -> 8 | U37: =SUM(U10:U12) -> 6 | V37: =SUM(V10:V12) -> 55 | W37: =SUM(W10:W12) -> 2 | X37: =SUM(X10:X12) -> 0 | Y37: =SUM(Y10:Y12) -> 19 | Z37: =SUM(Z10:Z12) -> 2 | ... AF37: =SUM(AF10:AF12) -> 275
B38: 14.00 - 14.15 | C38: 6 | D38: 2 | E38: 0 | F38: 1 | G38: 0 | H38: 0 | I38: 2 | J38: 1 | K38: 0 | L38: 0 | M38: 13 | N38: 0 | O38: =SUM(C38:L38,N38) -> 12 | P38: =SUM(C38:N38) -> 25 | R38: IP Period | S38: =SUM(S13:S18) -> 99 | T38: =SUM(T13:T18) -> 33 | U38: =SUM(U13:U18) -> 9 | V38: =SUM(V13:V18) -> 75 | W38: =SUM(W13:W18) -> 1 | X38: =SUM(X13:X18) -> 0 | Y38: =SUM(Y13:Y18) -> 51 | Z38: =SUM(Z13:Z18) -> 8 | ... AF38: =SUM(AF13:AF18) -> 513
B39: 14.15 - 14.30 | C39: 4 | D39: 2 | E39: 0 | F39: 3 | G39: 0 | H39: 0 | I39: 1 | J39: 0 | K39: 0 | L39: 1 | M39: 19 | N39: 0 | O39: =SUM(C39:L39,N39) -> 11 | P39: =SUM(C39:N39) -> 30 | R39: PM Period | S39: =SUM(S19:S21) -> 45 | T39: =SUM(T19:T21) -> 20 | U39: =SUM(U19:U21) -> 3 | V39: =SUM(V19:V21) -> 39 | W39: =SUM(W19:W21) -> 0 | X39: =SUM(X19:X21) -> 0 | Y39: =SUM(Y19:Y21) -> 22 | Z39: =SUM(Z19:Z21) -> 2 | ... AF39: =SUM(AF19:AF21) -> 276
B40: 14.30 - 14.45 | C40: 2 | D40: 1 | E40: 0 | F40: 3 | G40: 0 | H40: 0 | I40: 2 | J40: 1 | K40: 0 | L40: 0 | M40: 7 | N40: 0 | O40: =SUM(C40:L40,N40) -> 9 | P40: =SUM(C40:N40) -> 16 | R40: 12 Hours | S40: =SUM(S10:S21) -> 176 | T40: =SUM(T10:T21) -> 61 | U40: =SUM(U10:U21) -> 18 | V40: =SUM(V10:V21) -> 169 | W40: =SUM(W10:W21) -> 3 | X40: =SUM(X10:X21) -> 0 | Y40: =SUM(Y10:Y21) -> 92 | Z40: =SUM(Z10:Z21) -> 12 | ... AF40: =SUM(AF10:AF21) -> 1064
B41: 14.45 - 15.00 | C41: 1 | D41: 0 | E41: 0 | F41: 3 | G41: 0 | H41: 0 | I41: 3 | J41: 1 | K41: 0 | L41: 0 | M41: 13 | N41: 0 | O41: =SUM(C41:L41,N41) -> 8 | P41: =SUM(C41:N41) -> 21 | R41: 24 Hrs/ADT | S41: =SUM(S10:S33) -> 363 | T41: =SUM(T10:T33) -> 78 | U41: =SUM(U10:U33) -> 22 | V41: =SUM(V10:V33) -> 355 | W41: =SUM(W10:W33) -> 7 | X41: =SUM(X10:X33) -> 1 | Y41: =SUM(Y10:Y33) -> 132 | Z41: =SUM(Z10:Z33) -> 18 | ... AF41: =SUM(AF10:AF33) -> 1933
B42: 15.00 - 15.15 | C42: 6 | D42: 1 | E42: 0 | F42: 4 | G42: 0 | H42: 0 | I42: 2 | J42: 0 | K42: 0 | L42: 0 | M42: 10 | N42: 0 | O42: =SUM(C42:L42,N42) -> 13 | P42: =SUM(C42:N42) -> 23 | R42: NEF | S42: =S41/S40 -> 2.0625 | T42: =T41/T40 -> 1.2786885 | U42: =U41/U40 -> 1.2222222 | V42: =V41/V40 -> 2.1005917 | W42: =W41/W40 -> 2.3333333 | X42: =X41/X40 -> #DIV/0! | Y42: =Y41/Y40 -> 1.4347826 | Z42: =Z41/Z40 -> 1.5 | ... AF42: =AF41/AF40 -> 1.8167293
B43: 15.15 - 15.30 | C43: 4 | D43: 1 | E43: 0 | F43: 3 | G43: 0 | H43: 0 | I43: 0 | J43: 0 | K43: 0 | L43: 0 | M43: 5 | N43: 0 | O43: =SUM(C43:L43,N43) -> 8 | P43: =SUM(C43:N43) -> 13
B44: 15.30 - 15.45 | C44: 6 | D44: 1 | E44: 0 | F44: 3 | G44: 0 | H44: 0 | I44: 3 | J44: 1 | K44: 0 | L44: 0 | M44: 7 | N44: 0 | O44: =SUM(C44:L44,N44) -> 14 | P44: =SUM(C44:N44) -> 21
B45: 15.45 - 16.00 | C45: 2 | D45: 2 | E45: 0 | F45: 4 | G45: 0 | H45: 0 | I45: 5 | J45: 0 | K45: 0 | L45: 0 | M45: 12 | N45: 0 | O45: =SUM(C45:L45,N45) -> 13 | P45: =SUM(C45:N45) -> 25
B46: 16.00 - 16.15 | C46: 7 | D46: 0 | E46: 1 | F46: 3 | G46: 0 | H46: 0 | I46: 2 | J46: 0 | K46: 0 | L46: 0 | M46: 12 | N46: 0 | O46: =SUM(C46:L46,N46) -> 13 | P46: =SUM(C46:N46) -> 25
B47: 16.15 -16.30 | C47: 2 | D47: 0 | E47: 0 | F47: 3 | G47: 0 | H47: 0 | I47: 0 | J47: 0 | K47: 0 | L47: 0 | M47: 9 | N47: 0 | O47: =SUM(C47:L47,N47) -> 5 | P47: =SUM(C47:N47) -> 14
B48: 16.30 -16.45 | C48: 3 | D48: 2 | E48: 1 | F48: 0 | G48: 0 | H48: 0 | I48: 0 | J48: 0 | K48: 0 | L48: 0 | M48: 6 | N48: 0 | O48: =SUM(C48:L48,N48) -> 6 | P48: =SUM(C48:N48) -> 12
B49: 16.45 -17.00 | C49: 3 | D49: 1 | E49: 0 | F49: 2 | G49: 0 | H49: 0 | I49: 3 | J49: 1 | K49: 0 | L49: 0 | M49: 4 | N49: 0 | O49: =SUM(C49:L49,N49) -> 10 | P49: =SUM(C49:N49) -> 14
B50: 17.00 -17.15 | C50: 4 | D50: 2 | E50: 0 | F50: 4 | G50: 0 | H50: 0 | I50: 2 | J50: 1 | K50: 0 | L50: 0 | M50: 14 | N50: 0 | O50: =SUM(C50:L50,N50) -> 13 | P50: =SUM(C50:N50) -> 27
B51: 17.15 -17.30 | C51: 2 | D51: 1 | E51: 0 | F51: 5 | G51: 0 | H51: 0 | I51: 2 | J51: 0 | K51: 0 | L51: 0 | M51: 6 | N51: 0 | O51: =SUM(C51:L51,N51) -> 10 | P51: =SUM(C51:N51) -> 16
B52: 17.30 -17.45 | C52: 2 | D52: 3 | E52: 1 | F52: 5 | G52: 0 | H52: 0 | I52: 4 | J52: 0 | K52: 0 | L52: 0 | M52: 11 | N52: 0 | O52: =SUM(C52:L52,N52) -> 15 | P52: =SUM(C52:N52) -> 26
B53: 17.45 -18.00 | C53: 3 | D53: 2 | E53: 0 | F53: 1 | G53: 0 | H53: 0 | I53: 2 | J53: 0 | K53: 1 | L53: 0 | M53: 11 | N53: 0 | O53: =SUM(C53:L53,N53) -> 9 | P53: =SUM(C53:N53) -> 20
B54: 18.00 - 18.15 | C54: 3 | D54: 3 | E54: 0 | F54: 4 | G54: 0 | H54: 0 | I54: 2 | J54: 0 | K54: 0 | L54: 0 | M54: 20 | N54: 0 | O54: =SUM(C54:L54,N54) -> 12 | P54: =SUM(C54:N54) -> 32
... B105: 06.45 - 07.00 | C105: 4 | D105: 0 | E105: 0 | F105: 6 | G105: 0 | H105: 0 | I105: 0 | J105: 0 | K105: 0 | L105: 0 | M105: 14 | N105: 0 | O105: =SUM(C105:L105,N105) -> 10 | P105: =SUM(C105:N105) -> 24
B106: Totals | C106: =SUM(C10:C105) -> 363 | D106: =SUM(D10:D105) -> 78 | E106: =SUM(E10:E105) -> 22 | F106: =SUM(F10:F105) -> 355 | G106: =SUM(G10:G105) -> 7 | H106: =SUM(H10:H105) -> 1 | I106: =SUM(I10:I105) -> 132 | J106: =SUM(J10:J105) -> 18 | ... P106: =SUM(P10:P105) -> 1933
B107: %ges + MCs | C107: =C106/$P$106 -> 0.187791 | D107: =D106/$P$106 -> 0.040351785 | E107: =E106/$P$106 -> 0.011381273 | F107: =F106/$P$106 -> 0.18365235 | G107: =G106/$P$106 -> 0.003621314 | H107: =H106/$P$106 -> 0.00051733057 | I107: =I106/$P$106 -> 0.068287636 | J107: =J106/$P$106 -> 0.0093119503 | ... N107: =N106/$P$106 -> 0
B108: %ges w/o MCs | C108: =C106/$O$106 -> 0.37003058 | D108: =D106/$O$106 -> 0.079510703 | E108: =E106/$O$106 -> 0.022426096 | F108: =F106/$O$106 -> 0.36187564 | G108: =G106/$O$106 -> 0.0071355759 | H108: =H106/$O$106 -> 0.001019368 | I108: =I106/$O$106 -> 0.13455657 | J108: =J106/$O$106 -> 0.018348624 | ... L108: =L106/$O$106 -> 0.002038736 | N108: =N106/$O$106 -> 0

Sheet 29.09 Entebbe-Busabala
B1: Consultancy services for Preparation of Expressway Development Master Plan (EDMP) for Uganda
B2: MANUAL CLASSIFIED COUNT (MCC)
B3: ROAD NAME: | C3: ='[2]23.09.19 Entebbe-Busabala'!C3:G3 -> MCC - C2 - STN053 - Busabala RD
C5: Date | D5: 29.09.19 | F5: Location | G5: ='[2]28.09 Busabala-Entebbe-24h'!G5:H5 -> Ziranumbu town | J5: Surveyor | K5: ='[2]28.09 Busabala-Entebbe-24h'!K5:L5 -> Godfrey
C6: Dir. From | D6: ='[2]23.09.19 Entebbe-Busabala'!D6:E6 -> ENTEBBE | F6: Dir. To | G6: ='[2]23.09.19 Entebbe-Busabala'!G6:H6 -> BUSABALA | J6: Supervisor | K6: ='[2]28.09 Busabala-Entebbe-24h'!K6:L6 -> Steven
B8: Time / Veh Type | R8: SUMMARY TRAFFIC VOLUMES
C9: 1. Car | D9: 2. Station Wagon | E9: 3. Pickups | F9: 4. Minibus, matatu | G9: 5. Medium bus | H9: 6. Large Bus | I9: 7. Light Truck | J9: 8. Medium Truck | K9: 9. Heavy truck | L9: 10. Truck Trailer | M9: 11. Motor cycles | N9: 12. Tractors | O9: Total Excl M/Cycles | P9: Total All | R9: Time | S9: 1. Car | T9: 2. Station Wagon | U9: 3. Pickups | V9: 4. Minibus, matatu | W9: 5. Medium bus | X9: 6. Large Bus | Y9: 7. Light Truck | Z9: 8. Medium Truck | AA9: 9. Heavy truck | AB9: 10. Truck Trailer | AC9: 11. Motorcycles | AD9: 12. Tractors, Graders | AE9: Total Excl M/ Cycles | AF9: Total All
B10: 07.00 - 07.15 | C10: 5 | D10: 0 | E10: 0 | F10: 9 | G10: 0 | H10: 0 | I10: 1 | J10: 1 | K10: 0 | L10: 0 | M10: 12 | N10: 0 | O10: =SUM(C10:L10,N10) -> 16 | P10: =SUM(C10:N10) -> 28 | R10: 0700-0800 | S10: =SUM(C10:C13) -> 19 | T10: =SUM(D10:D13) -> 0 | U10: =SUM(E10:E13) -> 1 | V10: =SUM(F10:F13) -> 35 | W10: =SUM(G10:G13) -> 0 | X10: =SUM(H10:H13) -> 0 | Y10: =SUM(I10:I13) -> 7 | Z10: =SUM(J10:J13) -> 3 | ... AF10: =SUM(P10:P13) -> 123
B11: 07.15 - 07.30 | C11: 4 | D11: 0 | E11: 1 | F11: 12 | G11: 0 | H11: 0 | I11: 1 | J11: 0 | K11: 0 | L11: 0 | M11: 17 | N11: 0 | O11: =SUM(C11:L11,N11) -> 18 | P11: =SUM(C11:N11) -> 35 | R11: 0800-0900 | S11: =SUM(C14:C17) -> 14 | T11: =SUM(D14:D17) -> 7 | U11: =SUM(E14:E17) -> 1 | V11: =SUM(F14:F17) -> 20 | W11: =SUM(G14:G17) -> 1 | X11: =SUM(H14:H17) -> 0 | Y11: =SUM(I14:I17) -> 18 | Z11: =SUM(J14:J17) -> 3 | ... AF11: =SUM(P14:P17) -> 149
B12: 07.30 - 07.45 | C12: 5 | D12: 0 | E12: 0 | F12: 5 | G12: 0 | H12: 0 | I12: 4 | J12: 2 | K12: 0 | L12: 0 | M12: 10 | N12: 0 | O12: =SUM(C12:L12,N12) -> 16 | P12: =SUM(C12:N12) -> 26 | R12: 0900-1000 | S12: =SUM(C18:C21) -> 32 | T12: =SUM(D18:D21) -> 5 | U12: =SUM(E18:E21) -> 4 | V12: =SUM(F18:F21) -> 18 | W12: =SUM(G18:G21) -> 0 | X12: =SUM(H18:H21) -> 0 | Y12: =SUM(I18:I21) -> 7 | Z12: =SUM(J18:J21) -> 4 | ... AF12: =SUM(P18:P21) -> 160
B13: 07.45 - 08.00 | C13: 5 | D13: 0 | E13: 0 | F13: 9 | G13: 0 | H13: 0 | I13: 1 | J13: 0 | K13: 0 | L13: 0 | M13: 19 | N13: 0 | O13: =SUM(C13:L13,N13) -> 15 | P13: =SUM(C13:N13) -> 34 | R13: 1000-1100 | S13: =SUM(C22:C25) -> 35 | T13: =SUM(D22:D25) -> 8 | U13: =SUM(E22:E25) -> 3 | V13: =SUM(F22:F25) -> 17 | W13: =SUM(G22:G25) -> 0 | X13: =SUM(H22:H25) -> 0 | Y13: =SUM(I22:I25) -> 8 | Z13: =SUM(J22:J25) -> 3 | ... AF13: =SUM(P22:P25) -> 127
B14: 08.00 - 08.15 | C14: 1 | D14: 1 | E14: 0 | F14: 4 | G14: 0 | H14: 0 | I14: 4 | J14: 0 | K14: 0 | L14: 0 | M14: 14 | N14: 0 | O14: =SUM(C14:L14,N14) -> 10 | P14: =SUM(C14:N14) -> 24 | R14: 1100-1200 | S14: =SUM(C26:C29) -> 45 | T14: =SUM(D26:D29) -> 2 | U14: =SUM(E26:E29) -> 0 | V14: =SUM(F26:F29) -> 25 | W14: =SUM(G26:G29) -> 1 | X14: =SUM(H26:H29) -> 0 | Y14: =SUM(I26:I29) -> 11 | Z14: =SUM(J26:J29) -> 1 | ... AF14: =SUM(P26:P29) -> 152
B15: 08.15 - 08.30 | C15: 3 | D15: 3 | E15: 1 | F15: 2 | G15: 0 | H15: 0 | I15: 5 | J15: 0 | K15: 0 | L15: 0 | M15: 25 | N15: 0 | O15: =SUM(C15:L15,N15) -> 14 | P15: =SUM(C15:N15) -> 39 | R15: 1200-1300 | S15: =SUM(C30:C33) -> 17 | T15: =SUM(D30:D33) -> 2 | U15: =SUM(E30:E33) -> 0 | V15: =SUM(F30:F33) -> 17 | W15: =SUM(G30:G33) -> 0 | X15: =SUM(H30:H33) -> 1 | Y15: =SUM(I30:I33) -> 10 | Z15: =SUM(J30:J33) -> 1 | ... AF15: =SUM(P30:P33) -> 75
B16: 08.30 - 08.45 | C16: 1 | D16: 2 | E16: 0 | F16: 5 | G16: 0 | H16: 0 | I16: 3 | J16: 2 | K16: 0 | L16: 0 | M16: 26 | N16: 0 | O16: =SUM(C16:L16,N16) -> 13 | P16: =SUM(C16:N16) -> 39 | R16: 1300-1400 | S16: =SUM(C34:C37) -> 24 | T16: =SUM(D34:D37) -> 6 | U16: =SUM(E34:E37) -> 3 | V16: =SUM(F34:F37) -> 19 | W16: =SUM(G34:G37) -> 0 | X16: =SUM(H34:H37) -> 0 | Y16: =SUM(I34:I37) -> 6 | Z16: =SUM(J34:J37) -> 2 | ... AF16: =SUM(P34:P37) -> 107
B17: 08.45 - 9.00 | C17: 9 | D17: 1 | E17: 0 | F17: 9 | G17: 1 | H17: 0 | I17: 6 | J17: 1 | K17: 0 | L17: 0 | M17: 20 | N17: 0 | O17: =SUM(C17:L17,N17) -> 27 | P17: =SUM(C17:N17) -> 47 | R17: 1400-1500 | S17: =SUM(C38:C41) -> 19 | T17: =SUM(D38:D41) -> 3 | U17: =SUM(E38:E41) -> 1 | V17: =SUM(F38:F41) -> 17 | W17: =SUM(G38:G41) -> 0 | X17: =SUM(H38:H41) -> 0 | Y17: =SUM(I38:I41) -> 13 | Z17: =SUM(J38:J41) -> 4 | ... AF17: =SUM(P38:P41) -> 118
B18: 09.00 - 09.15 | C18: 14 | D18: 1 | E18: 2 | F18: 10 | G18: 0 | H18: 0 | I18: 4 | J18: 0 | K18: 0 | L18: 0 | M18: 24 | N18: 0 | O18: =SUM(C18:L18,N18) -> 31 | P18: =SUM(C18:N18) -> 55 | R18: 1500-1600 | S18: =SUM(C42:C45) -> 28 | T18: =SUM(D42:D45) -> 3 | U18: =SUM(E42:E45) -> 3 | V18: =SUM(F42:F45) -> 24 | W18: =SUM(G42:G45) -> 0 | X18: =SUM(H42:H45) -> 0 | Y18: =SUM(I42:I45) -> 11 | Z18: =SUM(J42:J45) -> 5 | ... AF18: =SUM(P42:P45) -> 151
B19: 09.15 - 09.30 | C19: 4 | D19: 1 | E19: 1 | F19: 4 | G19: 0 | H19: 0 | I19: 1 | J19: 1 | K19: 0 | L19: 0 | M19: 23 | N19: 0 | O19: =SUM(C19:L19,N19) -> 12 | P19: =SUM(C19:N19) -> 35 | R19: 1600-1700 | S19: =SUM(C46:C49) -> 27 | T19: =SUM(D46:D49) -> 4 | U19: =SUM(E46:E49) -> 0 | V19: =SUM(F46:F49) -> 21 | W19: =SUM(G46:G49) -> 1 | X19: =SUM(H46:H49) -> 0 | Y19: =SUM(I46:I49) -> 9 | Z19: =SUM(J46:J49) -> 2 | ... AF19: =SUM(P46:P49) -> 139
B20: 09.30 - 09.45 | C20: 3 | D20: 0 | E20: 0 | F20: 2 | G20: 0 | H20: 0 | I20: 1 | J20: 0 | K20: 0 | L20: 0 | M20: 12 | N20: 0 | O20: =SUM(C20:L20,N20) -> 6 | P20: =SUM(C20:N20) -> 18 | R20: 1700-1800 | S20: =SUM(C50:C53) -> 36 | T20: =SUM(D50:D53) -> 7 | U20: =SUM(E50:E53) -> 0 | V20: =SUM(F50:F53) -> 35 | W20: =SUM(G50:G53) -> 0 | X20: =SUM(H50:H53) -> 0 | Y20: =SUM(I50:I53) -> 11 | Z20: =SUM(J50:J53) -> 0 | ... AF20: =SUM(P50:P53) -> 137
B21: 09.45 - 10.00 | C21: 11 | D21: 3 | E21: 1 | F21: 2 | G21: 0 | H21: 0 | I21: 1 | J21: 3 | K21: 0 | L21: 0 | M21: 31 | N21: 0 | O21: =SUM(C21:L21,N21) -> 21 | P21: =SUM(C21:N21) -> 52 | R21: 1800-1900 | S21: =SUM(C54:C57) -> 39 | T21: =SUM(D54:D57) -> 6 | U21: =SUM(E54:E57) -> 1 | V21: =SUM(F54:F57) -> 25 | W21: =SUM(G54:G57) -> 0 | X21: =SUM(H54:H57) -> 0 | Y21: =SUM(I54:I57) -> 11 | Z21: =SUM(J54:J57) -> 1 | ... AF21: =SUM(P54:P57) -> 167
B22: 10.00 - 10.15 | C22: 3 | D22: 0 | E22: 1 | F22: 5 | G22: 0 | H22: 0 | I22: 1 | J22: 1 | K22: 0 | L22: 0 | M22: 11 | N22: 0 | O22: =SUM(C22:L22,N22) -> 11 | P22: =SUM(C22:N22) -> 22 | R22: AM Peak Hr | S22: =MAX(S10:S12) -> 32 | T22: =MAX(T10:T12) -> 7 | U22: =MAX(U10:U12) -> 4 | V22: =MAX(V10:V12) -> 35 | W22: =MAX(W10:W12) -> 1 | X22: =MAX(X10:X12) -> 0 | Y22: =MAX(Y10:Y12) -> 18 | Z22: =MAX(Z10:Z12) -> 4 | ... AF22: =MAX(AF10:AF12) -> 160
B23: 10.15 - 10.30 | C23: 10 | D23: 3 | E23: 0 | F23: 6 | G23: 0 | H23: 0 | I23: 3 | J23: 2 | K23: 0 | L23: 0 | M23: 15 | N23: 0 | O23: =SUM(C23:L23,N23) -> 24 | P23: =SUM(C23:N23) -> 39 | R23: IP Peak Hr | S23: =MAX(S13:S18) -> 45 | T23: =MAX(T13:T18) -> 8 | U23: =MAX(U13:U18) -> 3 | V23: =MAX(V13:V18) -> 25 | W23: =MAX(W13:W18) -> 1 | X23: =MAX(X13:X18) -> 1 | Y23: =MAX(Y13:Y18) -> 13 | Z23: =MAX(Z13:Z18) -> 5 | ... AF23: =MAX(AF13:AF18) -> 152
B24: 10.30 - 10.45 | C24: 12 | D24: 2 | E24: 1 | F24: 4 | G24: 0 | H24: 0 | I24: 2 | J24: 0 | K24: 0 | L24: 0 | M24: 13 | N24: 0 | O24: =SUM(C24:L24,N24) -> 21 | P24: =SUM(C24:N24) -> 34 | R24: PM Peak Hr | S24: =MAX(S19:S21) -> 39 | T24: =MAX(T19:T21) -> 7 | U24: =MAX(U19:U21) -> 1 | V24: =MAX(V19:V21) -> 35 | W24: =MAX(W19:W21) -> 1 | X24: =MAX(X19:X21) -> 0 | Y24: =MAX(Y19:Y21) -> 11 | Z24: =MAX(Z19:Z21) -> 2 | ... AF24: =MAX(AF19:AF21) -> 167
B25: 10.45 - 11.00 | C25: 10 | D25: 3 | E25: 1 | F25: 2 | G25: 0 | H25: 0 | I25: 2 | J25: 0 | K25: 0 | L25: 0 | M25: 14 | N25: 0 | O25: =SUM(C25:L25,N25) -> 18 | P25: =SUM(C25:N25) -> 32 | R25: AM Period | S25: =SUM(S10:S12) -> 65 | T25: =SUM(T10:T12) -> 12 | U25: =SUM(U10:U12) -> 6 | V25: =SUM(V10:V12) -> 73 | W25: =SUM(W10:W12) -> 1 | X25: =SUM(X10:X12) -> 0 | Y25: =SUM(Y10:Y12) -> 32 | Z25: =SUM(Z10:Z12) -> 10 | ... AF25: =SUM(AF10:AF12) -> 432
B26: 11.00 - 11.15 | C26: 13 | D26: 2 | E26: 0 | F26: 8 | G26: 0 | H26: 0 | I26: 1 | J26: 0 | K26: 0 | L26: 0 | M26: 24 | N26: 0 | O26: =SUM(C26:L26,N26) -> 24 | P26: =SUM(C26:N26) -> 48 | R26: IP Period | S26: =SUM(S13:S18) -> 168 | T26: =SUM(T13:T18) -> 24 | U26: =SUM(U13:U18) -> 10 | V26: =SUM(V13:V18) -> 119 | W26: =SUM(W13:W18) -> 1 | X26: =SUM(X13:X18) -> 1 | Y26: =SUM(Y13:Y18) -> 59 | Z26: =SUM(Z13:Z18) -> 16 | ... AF26: =SUM(AF13:AF18) -> 730
B27: 11.15 - 11.30 | C27: 16 | D27: 0 | E27: 0 | F27: 4 | G27: 0 | H27: 0 | I27: 6 | J27: 0 | K27: 0 | L27: 0 | M27: 22 | N27: 0 | O27: =SUM(C27:L27,N27) -> 26 | P27: =SUM(C27:N27) -> 48 | R27: PM Period | S27: =SUM(S19:S21) -> 102 | T27: =SUM(T19:T21) -> 17 | U27: =SUM(U19:U21) -> 1 | V27: =SUM(V19:V21) -> 81 | W27: =SUM(W19:W21) -> 1 | X27: =SUM(X19:X21) -> 0 | Y27: =SUM(Y19:Y21) -> 31 | Z27: =SUM(Z19:Z21) -> 3 | ... AF27: =SUM(AF19:AF21) -> 443
B28: 11.30 - 11.45 | C28: 5 | D28: 0 | E28: 0 | F28: 7 | G28: 1 | H28: 0 | I28: 4 | J28: 0 | K28: 0 | L28: 0 | M28: 12 | N28: 0 | O28: =SUM(C28:L28,N28) -> 17 | P28: =SUM(C28:N28) -> 29 | R28: 12 Hours | S28: =SUM(S10:S21) -> 335 | T28: =SUM(T10:T21) -> 53 | U28: =SUM(U10:U21) -> 17 | V28: =SUM(V10:V21) -> 273 | W28: =SUM(W10:W21) -> 3 | X28: =SUM(X10:X21) -> 1 | Y28: =SUM(Y10:Y21) -> 122 | Z28: =SUM(Z10:Z21) -> 29 | ... AF28: =SUM(AF10:AF21) -> 1605
B29: 11.45 - 12.00 | C29: 11 | D29: 0 | E29: 0 | F29: 6 | G29: 0 | H29: 0 | I29: 0 | J29: 1 | K29: 0 | L29: 0 | M29: 9 | N29: 0 | O29: =SUM(C29:L29,N29) -> 18 | P29: =SUM(C29:N29) -> 27
B30: 12.00 - 12.15 | C30: 6 | D30: 2 | E30: 0 | F30: 2 | G30: 0 | H30: 0 | I30: 0 | J30: 1 | K30: 0 | L30: 0 | M30: 9 | N30: 0 | O30: =SUM(C30:L30,N30) -> 11 | P30: =SUM(C30:N30) -> 20
B31: 12.15 - 12.30 | C31: 7 | D31: 0 | E31: 0 | F31: 5 | G31: 0 | H31: 0 | I31: 1 | J31: 0 | K31: 0 | L31: 0 | M31: 9 | N31: 0 | O31: =SUM(C31:L31,N31) -> 13 | P31: =SUM(C31:N31) -> 22
B32: 12.30 - 12.45 | C32: 3 | D32: 0 | E32: 0 | F32: 7 | G32: 0 | H32: 0 | I32: 6 | J32: 0 | K32: 0 | L32: 0 | M32: 3 | N32: 0 | O32: =SUM(C32:L32,N32) -> 16 | P32: =SUM(C32:N32) -> 19
B33: 12.45 - 13.00 | C33: 1 | D33: 0 | E33: 0 | F33: 3 | G33: 0 | H33: 1 | I33: 3 | J33: 0 | K33: 0 | L33: 0 | M33: 6 | N33: 0 | O33: =SUM(C33:L33,N33) -> 8 | P33: =SUM(C33:N33) -> 14
B34: 13.00 - 13.15 | C34: 4 | D34: 0 | E34: 2 | F34: 9 | G34: 0 | H34: 0 | I34: 3 | J34: 1 | K34: 0 | L34: 0 | M34: 12 | N34: 0 | O34: =SUM(C34:L34,N34) -> 19 | P34: =SUM(C34:N34) -> 31
B35: 13.15 - 13.30 | C35: 8 | D35: 2 | E35: 0 | F35: 3 | G35: 0 | H35: 0 | I35: 1 | J35: 0 | K35: 0 | L35: 0 | M35: 5 | N35: 0 | O35: =SUM(C35:L35,N35) -> 14 | P35: =SUM(C35:N35) -> 19
B36: 13.30 - 13.45 | C36: 6 | D36: 2 | E36: 1 | F36: 5 | G36: 0 | H36: 0 | I36: 1 | J36: 1 | K36: 0 | L36: 0 | M36: 12 | N36: 0 | O36: =SUM(C36:L36,N36) -> 16 | P36: =SUM(C36:N36) -> 28
B37: 13.45 - 14.00 | C37: 6 | D37: 2 | E37: 0 | F37: 2 | G37: 0 | H37: 0 | I37: 1 | J37: 0 | K37: 0 | L37: 0 | M37: 18 | N37: 0 | O37: =SUM(C37:L37,N37) -> 11 | P37: =SUM(C37:N37) -> 29
B38: 14.00 - 14.15 | C38: 3 | D38: 1 | E38: 0 | F38: 4 | G38: 0 | H38: 0 | I38: 6 | J38: 2 | K38: 0 | L38: 0 | M38: 12 | N38: 0 | O38: =SUM(C38:L38,N38) -> 16 | P38: =SUM(C38:N38) -> 28
B39: 14.15 - 14.30 | C39: 7 | D39: 0 | E39: 0 | F39: 4 | G39: 0 | H39: 0 | I39: 4 | J39: 0 | K39: 0 | L39: 0 | M39: 13 | N39: 0 | O39: =SUM(C39:L39,N39) -> 15 | P39: =SUM(C39:N39) -> 28
B40: 14.30 - 14.45 | C40: 6 | D40: 2 | E40: 0 | F40: 4 | G40: 0 | H40: 0 | I40: 1 | J40: 1 | K40: 0 | L40: 0 | M40: 19 | N40: 0 | O40: =SUM(C40:L40,N40) -> 14 | P40: =SUM(C40:N40) -> 33
... B57: 18.45 - 19.00 | C57: 5 | D57: 2 | E57: 1 | F57: 6 | G57: 0 | H57: 0 | I57: 7 | J57: 0 | K57: 0 | L57: 0 | M57: 21 | N57: 0 | O57: =SUM(C57:L57,N57) -> 21 | P57: =SUM(C57:N57) -> 42
B58: Totals | C58: =SUM(C10:C57) -> 335 | D58: =SUM(D10:D57) -> 53 | E58: =SUM(E10:E57) -> 17 | F58: =SUM(F10:F57) -> 273 | G58: =SUM(G10:G57) -> 3 | H58: =SUM(H10:H57) -> 1 | I58: =SUM(I10:I57) -> 122 | J58: =SUM(J10:J57) -> 29 | ... P58: =SUM(P10:P57) -> 1605
B59: %ges + MCs | C59: =C58/$P$58 -> 0.20872274 | D59: =D58/$P$58 -> 0.033021807 | E59: =E58/$P$58 -> 0.0105919 | F59: =F58/$P$58 -> 0.17009346 | G59: =G58/$P$58 -> 0.0018691589 | H59: =H58/$P$58 -> 0.00062305296 | I59: =I58/$P$58 -> 0.076012461 | J59: =J58/$P$58 -> 0.018068536 | ... N59: =N58/$P$58 -> 0
B60: %ges w/o MCs | C60: =C58/$O$58 -> 0.40216086 | D60: =D58/$O$58 -> 0.06362545 | E60: =E58/$O$58 -> 0.020408163 | F60: =F58/$O$58 -> 0.32773109 | G60: =G58/$O$58 -> 0.0036014406 | H60: =H58/$O$58 -> 0.0012004802 | I60: =I58/$O$58 -> 0.14645858 | J60: =J58/$O$58 -> 0.034813926 | ... L60: =L58/$O$58 -> 0 | N60: =N58/$O$58 -> 0

Sheet 29.09 Busabala-Entebbe
B1: Consultancy services for Preparation of Expressway Development Master Plan (EDMP) for Uganda
B2: MANUAL CLASSIFIED COUNT (MCC)
B3: ROAD NAME: | C3: ='[2]23.09.19 Busabala-Entebbe'!C3:G3 -> MCC - C2 - STN053 - Busabala RD
