Workbook

Sheet 22.07 Kibuye-Makindye
B1: Consultancy services for Preparation of Expressway Development Master Plan (EDMP) for Uganda
B2: MANUAL CLASSIFIED COUNT (MCC)
B3: ROAD NAME: | C3: MCC - C1 - STN01 - MOBUTU ROAD
C5: Date | D5: 22.07.19 | F5: Location | G5: FUELEX MAKINDYE | J5: Surveyor | K5: WAKWESA ALLAN/CHEMONGES KENNETH/SSONKO SAMUEL/OWOMUGISHA BRENDA
C6: Dir. From | D6: KIBUYE | F6: Dir. To | G6: MAKINDYE | J6: Supervisor | K6: EMMA
B8: Time / Veh Type | R8: SUMMARY TRAFFIC VOLUMES
C9: 1. Car | D9: 2. Station Wagon | E9: 3. Pickups | F9: 4. Minibus, matatu | G9: 5. Medium bus | H9: 6. Large Bus | I9: 7. Light Truck | J9: 8. Medium Truck | K9: 9. Heavy truck | L9: 10. Truck Trailer | M9: 11. Motor cycles | N9: 12. Tractors | O9: Total Excl M/Cycles | P9: Total All | R9: Time | S9: 1. Car | T9: 2. Station Wagon | U9: 3. Pickups | V9: 4. Minibus, matatu | W9: 5. Medium bus | X9: 6. Large Bus | Y9: 7. Light Truck | Z9: 8. Medium Truck | AA9: 9. Heavy truck | AB9: 10. Truck Trailer | AC9: 11. Motorcycles | AD9: 12. Tractors, Graders | AE9: Total Excl M/ Cycles | AF9: Total All
B10: 07.00 - 07.15 | C10: 0 | D10: 0 | E10: 0 | F10: 0 | G10: 0 | H10: 0 | I10: 0 | J10: 0 | K10: 0 | L10: 0 | M10: 0 | N10: 0 | O10: =SUM(C10:L10,N10) -> 0 | P10: =SUM(C10:N10) -> 0 | R10: 0700-0800 | S10: =SUM(C10:C13) -> 57 | T10: =SUM(D10:D13) -> 10 | U10: =SUM(E10:E13) -> 11 | V10: =SUM(F10:F13) -> 52 | W10: =SUM(G10:G13) -> 0 | X10: =SUM(H10:H13) -> 0 | Y10: =SUM(I10:I13) -> 4 | Z10: =SUM(J10:J13) -> 3 | ... AF10: =SUM(P10:P13) -> 473
B11: 07.15 - 07.30 | C11: 0 | D11: 0 | E11: 0 | F11: 0 | G11: 0 | H11: 0 | I11: 0 | J11: 0 | K11: 0 | L11: 0 | M11: 0 | N11: 0 | O11: =SUM(C11:L11,N11) -> 0 | P11: =SUM(C11:N11) -> 0 | R11: 0800-0900 | S11: =SUM(C14:C17) -> 141 | T11: =SUM(D14:D17) -> 47 | U11: =SUM(E14:E17) -> 21 | V11: =SUM(F14:F17) -> 145 | W11: =SUM(G14:G17) -> 2 | X11: =SUM(H14:H17) -> 0 | Y11: =SUM(I14:I17) -> 8 | Z11: =SUM(J14:J17) -> 8 | ... AF11: =SUM(P14:P17) -> 1293
B12: 07.30 - 07.45 | C12: 22 | D12: 4 | E12: 3 | F12: 12 | G12: 0 | H12: 0 | I12: 3 | J12: 0 | K12: 0 | L12: 0 | M12: 185 | N12: 0 | O12: =SUM(C12:L12,N12) -> 44 | P12: =SUM(C12:N12) -> 229 | R12: 0900-1000 | S12: =SUM(C18:C21) -> 130 | T12: =SUM(D18:D21) -> 75 | U12: =SUM(E18:E21) -> 26 | V12: =SUM(F18:F21) -> 111 | W12: =SUM(G18:G21) -> 1 | X12: =SUM(H18:H21) -> 1 | Y12: =SUM(I18:I21) -> 8 | Z12: =SUM(J18:J21) -> 10 | ... AF12: =SUM(P18:P21) -> 1173
B13: 07.45 - 08.00 | C13: 35 | D13: 6 | E13: 8 | F13: 40 | G13: 0 | H13: 0 | I13: 1 | J13: 3 | K13: 0 | L13: 1 | M13: 150 | N13: 0 | O13: =SUM(C13:L13,N13) -> 94 | P13: =SUM(C13:N13) -> 244 | R13: 1000-1100 | S13: =SUM(C22:C25) -> 122 | T13: =SUM(D22:D25) -> 48 | U13: =SUM(E22:E25) -> 35 | V13: =SUM(F22:F25) -> 88 | W13: =SUM(G22:G25) -> 4 | X13: =SUM(H22:H25) -> 1 | Y13: =SUM(I22:I25) -> 12 | Z13: =SUM(J22:J25) -> 9 | ... AF13: =SUM(P22:P25) -> 893
B14: 08.00 - 08.15 | C14: 40 | D14: 7 | E14: 5 | F14: 39 | G14: 0 | H14: 0 | I14: 1 | J14: 1 | K14: 0 | L14: 0 | M14: 240 | N14: 0 | O14: =SUM(C14:L14,N14) -> 93 | P14: =SUM(C14:N14) -> 333 | R14: 1100-1200 | S14: =SUM(C26:C29) -> 157 | T14: =SUM(D26:D29) -> 67 | U14: =SUM(E26:E29) -> 27 | V14: =SUM(F26:F29) -> 101 | W14: =SUM(G26:G29) -> 0 | X14: =SUM(H26:H29) -> 0 | Y14: =SUM(I26:I29) -> 16 | Z14: =SUM(J26:J29) -> 14 | ... AF14: =SUM(P26:P29) -> 1011
B15: 08.15 - 08.30 | C15: 30 | D15: 11 | E15: 10 | F15: 33 | G15: 1 | H15: 0 | I15: 1 | J15: 2 | K15: 0 | L15: 0 | M15: 245 | N15: 0 | O15: =SUM(C15:L15,N15) -> 88 | P15: =SUM(C15:N15) -> 333 | R15: 1200-1300 | S15: =SUM(C30:C33) -> 123 | T15: =SUM(D30:D33) -> 73 | U15: =SUM(E30:E33) -> 20 | V15: =SUM(F30:F33) -> 97 | W15: =SUM(G30:G33) -> 0 | X15: =SUM(H30:H33) -> 0 | Y15: =SUM(I30:I33) -> 19 | Z15: =SUM(J30:J33) -> 14 | ... AF15: =SUM(P30:P33) -> 1066
B16: 08.30 - 08.45 | C16: 29 | D16: 14 | E16: 1 | F16: 38 | G16: 0 | H16: 0 | I16: 4 | J16: 2 | K16: 1 | L16: 0 | M16: 230 | N16: 0 | O16: =SUM(C16:L16,N16) -> 89 | P16: =SUM(C16:N16) -> 319 | R16: 1300-1400 | S16: =SUM(C34:C37) -> 160 | T16: =SUM(D34:D37) -> 73 | U16: =SUM(E34:E37) -> 32 | V16: =SUM(F34:F37) -> 92 | W16: =SUM(G34:G37) -> 0 | X16: =SUM(H34:H37) -> 0 | Y16: =SUM(I34:I37) -> 13 | Z16: =SUM(J34:J37) -> 8 | ... AF16: =SUM(P34:P37) -> 1082
B17: 08.45 - 9.00 | C17: 42 | D17: 15 | E17: 5 | F17: 35 | G17: 1 | H17: 0 | I17: 2 | J17: 3 | K17: 0 | L17: 0 | M17: 205 | N17: 0 | O17: =SUM(C17:L17,N17) -> 103 | P17: =SUM(C17:N17) -> 308 | R17: 1400-1500 | S17: =SUM(C38:C41) -> 162 | T17: =SUM(D38:D41) -> 68 | U17: =SUM(E38:E41) -> 27 | V17: =SUM(F38:F41) -> 83 | W17: =SUM(G38:G41) -> 0 | X17: =SUM(H38:H41) -> 0 | Y17: =SUM(I38:I41) -> 12 | Z17: =SUM(J38:J41) -> 10 | ... AF17: =SUM(P38:P41) -> 897
B18: 09.00 - 09.15 | C18: 37 | D18: 20 | E18: 8 | F18: 32 | G18: 1 | H18: 1 | I18: 2 | J18: 1 | K18: 0 | L18: 1 | M18: 250 | N18: 0 | O18: =SUM(C18:L18,N18) -> 103 | P18: =SUM(C18:N18) -> 353 | R18: 1500-1600 | S18: =SUM(C42:C45) -> 172 | T18: =SUM(D42:D45) -> 82 | U18: =SUM(E42:E45) -> 22 | V18: =SUM(F42:F45) -> 37 | W18: =SUM(G42:G45) -> 1 | X18: =SUM(H42:H45) -> 0 | Y18: =SUM(I42:I45) -> 16 | Z18: =SUM(J42:J45) -> 7 | ... AF18: =SUM(P42:P45) -> 700
B19: 09.15 - 09.30 | C19: 34 | D19: 15 | E19: 8 | F19: 29 | G19: 0 | H19: 0 | I19: 1 | J19: 3 | K19: 1 | L19: 0 | M19: 135 | N19: 0 | O19: =SUM(C19:L19,N19) -> 91 | P19: =SUM(C19:N19) -> 226 | R19: 1600-1700 | S19: =SUM(C46:C49) -> 267 | T19: =SUM(D46:D49) -> 101 | U19: =SUM(E46:E49) -> 29 | V19: =SUM(F46:F49) -> 72 | W19: =SUM(G46:G49) -> 0 | X19: =SUM(H46:H49) -> 0 | Y19: =SUM(I46:I49) -> 11 | Z19: =SUM(J46:J49) -> 8 | ... AF19: =SUM(P46:P49) -> 1013
B20: 09.30 - 09.45 | C20: 22 | D20: 25 | E20: 4 | F20: 27 | G20: 0 | H20: 0 | I20: 2 | J20: 3 | K20: 3 | L20: 0 | M20: 220 | N20: 0 | O20: =SUM(C20:L20,N20) -> 86 | P20: =SUM(C20:N20) -> 306 | R20: 1700-1800 | S20: =SUM(C50:C53) -> 241 | T20: =SUM(D50:D53) -> 79 | U20: =SUM(E50:E53) -> 32 | V20: =SUM(F50:F53) -> 54 | W20: =SUM(G50:G53) -> 4 | X20: =SUM(H50:H53) -> 2 | Y20: =SUM(I50:I53) -> 16 | Z20: =SUM(J50:J53) -> 10 | ... AF20: =SUM(P50:P53) -> 963
B21: 09.45 - 10.00 | C21: 37 | D21: 15 | E21: 6 | F21: 23 | G21: 0 | H21: 0 | I21: 3 | J21: 3 | K21: 1 | L21: 0 | M21: 200 | N21: 0 | O21: =SUM(C21:L21,N21) -> 88 | P21: =SUM(C21:N21) -> 288 | R21: 1800-1900 | S21: =SUM(C54:C57) -> 198 | T21: =SUM(D54:D57) -> 72 | U21: =SUM(E54:E57) -> 24 | V21: =SUM(F54:F57) -> 50 | W21: =SUM(G54:G57) -> 4 | X21: =SUM(H54:H57) -> 0 | Y21: =SUM(I54:I57) -> 11 | Z21: =SUM(J54:J57) -> 7 | ... AF21: =SUM(P54:P57) -> 922
B22: 10.00 - 10.15 | C22: 42 | D22: 18 | E22: 16 | F22: 22 | G22: 2 | H22: 0 | I22: 5 | J22: 2 | K22: 1 | L22: 0 | M22: 170 | N22: 0 | O22: =SUM(C22:L22,N22) -> 108 | P22: =SUM(C22:N22) -> 278 | R22: AM Peak Hr | S22: =MAX(S10:S12) -> 141 | T22: =MAX(T10:T12) -> 75 | U22: =MAX(U10:U12) -> 26 | V22: =MAX(V10:V12) -> 145 | W22: =MAX(W10:W12) -> 2 | X22: =MAX(X10:X12) -> 1 | Y22: =MAX(Y10:Y12) -> 8 | Z22: =MAX(Z10:Z12) -> 10 | ... AF22: =MAX(AF10:AF12) -> 1293
B23: 10.15 - 10.30 | C23: 28 | D23: 10 | E23: 2 | F23: 16 | G23: 1 | H23: 0 | I23: 1 | J23: 3 | K23: 0 | L23: 1 | M23: 140 | N23: 0 | O23: =SUM(C23:L23,N23) -> 62 | P23: =SUM(C23:N23) -> 202 | R23: IP Peak Hr | S23: =MAX(S13:S18) -> 172 | T23: =MAX(T13:T18) -> 82 | U23: =MAX(U13:U18) -> 35 | V23: =MAX(V13:V18) -> 101 | W23: =MAX(W13:W18) -> 4 | X23: =MAX(X13:X18) -> 1 | Y23: =MAX(Y13:Y18) -> 19 | Z23: =MAX(Z13:Z18) -> 14 | ... AF23: =MAX(AF13:AF18) -> 1082
B24: 10.30 - 10.45 | C24: 22 | D24: 7 | E24: 5 | F24: 24 | G24: 1 | H24: 1 | I24: 3 | J24: 2 | K24: 1 | L24: 0 | M24: 110 | N24: 0 | O24: =SUM(C24:L24,N24) -> 66 | P24: =SUM(C24:N24) -> 176 | R24: PM Peak Hr | S24: =MAX(S19:S21) -> 267 | T24: =MAX(T19:T21) -> 101 | U24: =MAX(U19:U21) -> 32 | V24: =MAX(V19:V21) -> 72 | W24: =MAX(W19:W21) -> 4 | X24: =MAX(X19:X21) -> 2 | Y24: =MAX(Y19:Y21) -> 16 | Z24: =MAX(Z19:Z21) -> 10 | ... AF24: =MAX(AF19:AF21) -> 1013
B25: 10.45 - 11.00 | C25: 30 | D25: 13 | E25: 12 | F25: 26 | G25: 0 | H25: 0 | I25: 3 | J25: 2 | K25: 1 | L25: 0 | M25: 150 | N25: 0 | O25: =SUM(C25:L25,N25) -> 87 | P25: =SUM(C25:N25) -> 237 | R25: AM Period | S25: =SUM(S10:S12) -> 328 | T25: =SUM(T10:T12) -> 132 | U25: =SUM(U10:U12) -> 58 | V25: =SUM(V10:V12) -> 308 | W25: =SUM(W10:W12) -> 3 | X25: =SUM(X10:X12) -> 1 | Y25: =SUM(Y10:Y12) -> 20 | Z25: =SUM(Z10:Z12) -> 21 | ... AF25: =SUM(AF10:AF12) -> 2939
B26: 11.00 - 11.15 | C26: 42 | D26: 11 | E26: 7 | F26: 30 | G26: 0 | H26: 0 | I26: 3 | J26: 3 | K26: 4 | L26: 0 | M26: 150 | N26: 0 | O26: =SUM(C26:L26,N26) -> 100 | P26: =SUM(C26:N26) -> 250 | R26: IP Period | S26: =SUM(S13:S18) -> 896 | T26: =SUM(T13:T18) -> 411 | U26: =SUM(U13:U18) -> 163 | V26: =SUM(V13:V18) -> 498 | W26: =SUM(W13:W18) -> 5 | X26: =SUM(X13:X18) -> 1 | Y26: =SUM(Y13:Y18) -> 88 | Z26: =SUM(Z13:Z18) -> 62 | ... AF26: =SUM(AF13:AF18) -> 5649
B27: 11.15 - 11.30 | C27: 39 | D27: 26 | E27: 7 | F27: 25 | G27: 0 | H27: 0 | I27: 9 | J27: 4 | K27: 1 | L27: 0 | M27: 175 | N27: 0 | O27: =SUM(C27:L27,N27) -> 111 | P27: =SUM(C27:N27) -> 286 | R27: PM Period | S27: =SUM(S19:S21) -> 706 | T27: =SUM(T19:T21) -> 252 | U27: =SUM(U19:U21) -> 85 | V27: =SUM(V19:V21) -> 176 | W27: =SUM(W19:W21) -> 8 | X27: =SUM(X19:X21) -> 2 | Y27: =SUM(Y19:Y21) -> 38 | Z27: =SUM(Z19:Z21) -> 25 | ... AF27: =SUM(AF19:AF21) -> 2898
B28: 11.30 - 11.45 | C28: 32 | D28: 17 | E28: 8 | F28: 25 | G28: 0 | H28: 0 | I28: 2 | J28: 3 | K28: 2 | L28: 0 | M28: 185 | N28: 0 | O28: =SUM(C28:L28,N28) -> 89 | P28: =SUM(C28:N28) -> 274 | R28: 12 Hours | S28: =SUM(S10:S21) -> 1930 | T28: =SUM(T10:T21) -> 795 | U28: =SUM(U10:U21) -> 306 | V28: =SUM(V10:V21) -> 982 | W28: =SUM(W10:W21) -> 16 | X28: =SUM(X10:X21) -> 4 | Y28: =SUM(Y10:Y21) -> 146 | Z28: =SUM(Z10:Z21) -> 108 | ... AF28: =SUM(AF10:AF21) -> 11486
B29: 11.45 - 12.00 | C29: 44 | D29: 13 | E29: 5 | F29: 21 | G29: 0 | H29: 0 | I29: 2 | J29: 4 | K29: 2 | L29: 0 | M29: 110 | N29: 0 | O29: =SUM(C29:L29,N29) -> 91 | P29: =SUM(C29:N29) -> 201
B30: 12.00 - 12.15 | C30: 35 | D30: 20 | E30: 4 | F30: 41 | G30: 0 | H30: 0 | I30: 6 | J30: 2 | K30: 2 | L30: 0 | M30: 205 | N30: 0 | O30: =SUM(C30:L30,N30) -> 110 | P30: =SUM(C30:N30) -> 315
B31: 12.15 - 12.30 | C31: 33 | D31: 17 | E31: 5 | F31: 28 | G31: 0 | H31: 0 | I31: 3 | J31: 5 | K31: 1 | L31: 1 | M31: 165 | N31: 0 | O31: =SUM(C31:L31,N31) -> 93 | P31: =SUM(C31:N31) -> 258
B32: 12.30 - 12.45 | C32: 30 | D32: 24 | E32: 8 | F32: 15 | G32: 0 | H32: 0 | I32: 5 | J32: 2 | K32: 1 | L32: 0 | M32: 185 | N32: 0 | O32: =SUM(C32:L32,N32) -> 85 | P32: =SUM(C32:N32) -> 270
B33: 12.45 - 13.00 | C33: 25 | D33: 12 | E33: 3 | F33: 13 | G33: 0 | H33: 0 | I33: 5 | J33: 5 | K33: 0 | L33: 0 | M33: 160 | N33: 0 | O33: =SUM(C33:L33,N33) -> 63 | P33: =SUM(C33:N33) -> 223
B34: 13.00 - 13.15 | C34: 25 | D34: 19 | E34: 7 | F34: 24 | G34: 0 | H34: 0 | I34: 0 | J34: 2 | K34: 1 | L34: 0 | M34: 210 | N34: 0 | O34: =SUM(C34:L34,N34) -> 78 | P34: =SUM(C34:N34) -> 288
B35: 13.15 - 13.30 | C35: 47 | D35: 19 | E35: 10 | F35: 19 | G35: 0 | H35: 0 | I35: 5 | J35: 3 | K35: 1 | L35: 0 | M35: 175 | N35: 0 | O35: =SUM(C35:L35,N35) -> 104 | P35: =SUM(C35:N35) -> 279
B36: 13.30 - 13.45 | C36: 45 | D36: 26 | E36: 10 | F36: 27 | G36: 0 | H36: 0 | I36: 6 | J36: 1 | K36: 0 | L36: 0 | M36: 165 | N36: 0 | O36: =SUM(C36:L36,N36) -> 115 | P36: =SUM(C36:N36) -> 280
B37: 13.45 - 14.00 | C37: 43 | D37: 9 | E37: 5 | F37: 22 | G37: 0 | H37: 0 | I37: 2 | J37: 2 | K37: 2 | L37: 0 | M37: 150 | N37: 0 | O37: =SUM(C37:L37,N37) -> 85 | P37: =SUM(C37:N37) -> 235
B38: 14.00 - 14.15 | C38: 37 | D38: 20 | E38: 8 | F38: 19 | G38: 0 | H38: 0 | I38: 4 | J38: 5 | K38: 0 | L38: 1 | M38: 145 | N38: 0 | O38: =SUM(C38:L38,N38) -> 94 | P38: =SUM(C38:N38) -> 239
B39: 14.15 - 14.30 | C39: 44 | D39: 19 | E39: 6 | F39: 26 | G39: 0 | H39: 0 | I39: 4 | J39: 4 | K39: 1 | L39: 0 | M39: 135 | N39: 0 | O39: =SUM(C39:L39,N39) -> 104 | P39: =SUM(C39:N39) -> 239
B40: 14.30 - 14.45 | C40: 48 | D40: 17 | E40: 9 | F40: 24 | G40: 0 | H40: 0 | I40: 2 | J40: 0 | K40: 0 | L40: 0 | M40: 120 | N40: 0 | O40: =SUM(C40:L40,N40) -> 100 | P40: =SUM(C40:N40) -> 220
... B57: 18.45 - 19.00 | C57: 40 | D57: 16 | E57: 6 | F57: 17 | G57: 1 | H57: 0 | I57: 1 | J57: 0 | K57: 0 | L57: 0 | M57: 130 | N57: 0 | O57: =SUM(C57:L57,N57) -> 81 | P57: =SUM(C57:N57) -> 211
B58: Totals | C58: =SUM(C10:C57) -> 1930 | D58: =SUM(D10:D57) -> 795 | E58: =SUM(E10:E57) -> 306 | F58: =SUM(F10:F57) -> 982 | G58: =SUM(G10:G57) -> 16 | H58: =SUM(H10:H57) -> 4 | I58: =SUM(I10:I57) -> 146 | J58: =SUM(J10:J57) -> 108 | ... P58: =SUM(P10:P57) -> 11486
B59: %ges + MCs | C59: =C58/$P$58 -> 0.16803065 | D59: =D58/$P$58 -> 0.069214696 | E59: =E58/$P$58 -> 0.026641128 | F59: =F58/$P$58 -> 0.085495386 | G59: =G58/$P$58 -> 0.0013930002 | H59: =H58/$P$58 -> 0.00034825004 | I59: =I58/$P$58 -> 0.012711127 | J59: =J58/$P$58 -> 0.0094027512 | ... N59: =N58/$P$58 -> 0
B60: %ges w/o MCs | C60: =C58/$O$58 -> 0.44541888 | D60: =D58/$O$58 -> 0.18347565 | E60: =E58/$O$58 -> 0.070620817 | F60: =F58/$O$58 -> 0.22663282 | G60: =G58/$O$58 -> 0.0036925917 | H60: =H58/$O$58 -> 0.00092314793 | I60: =I58/$O$58 -> 0.0336949 | J60: =J58/$O$58 -> 0.024924994 | ... L60: =L58/$O$58 -> 0.0013847219 | N60: =N58/$O$58 -> 0

Sheet 22.07 Makindye-Kibuye
B1: Consultancy services for Preparation of Expressway Development Master Plan (EDMP) for Uganda
B2: MANUAL CLASSIFIED COUNT (MCC)
B3: ROAD NAME: | C3: ='22.07 Kibuye-Makindye'!C3:G3 -> MCC - C1 - STN01 - MOBUTU ROAD
C5: Date | D5: ='22.07 Kibuye-Makindye'!D5 -> 22.07.19 | F5: Location | G5: ='22.07 Kibuye-Makindye'!G5:H5 -> FUELEX MAKINDYE | J5: Surveyor | K5: ='22.07 Kibuye-Makindye'!K5:L5 -> WAKWESA ALLAN/CHEMONGES KENNETH/SSONKO SAMUEL/OWOMUGISHA BRENDA
C6: Dir. From | D6: MAKINDYE | F6: Dir. To | G6: KIBUYE | J6: Supervisor | K6: ='22.07 Kibuye-Makindye'!K6:L6 -> EMMA
B8: Time / Veh Type | R8: SUMMARY TRAFFIC VOLUMES
C9: 1. Car | D9: 2. Station Wagon | E9: 3. Pickups | F9: 4. Minibus, matatu | G9: 5. Medium bus | H9: 6. Large Bus | I9: 7. Light Truck | J9: 8. Medium Truck | K9: 9. Heavy truck | L9: 10. Truck Trailer | M9: 11. Motor cycles | N9: 12. Tractors | O9: Total Excl M/Cycles | P9: Total All | R9: Time | S9: 1. Car | T9: 2. Station Wagon | U9: 3. Pickups | V9: 4. Minibus, matatu | W9: 5. Medium bus | X9: 6. Large Bus | Y9: 7. Light Truck | Z9: 8. Medium Truck | AA9: 9. Heavy truck | AB9: 10. Truck Trailer | AC9: 11. Motorcycles | AD9: 12. Tractors, Graders | AE9: Total Excl M/ Cycles | AF9: Total All
B10: 07.00 - 07.15 | C10: 35 | D10: 3 | E10: 3 | F10: 2 | G10: 0 | H10: 0 | I10: 0 | J10: 0 | K10: 0 | L10: 0 | M10: 120 | N10: 0 | O10: =SUM(C10:L10,N10) -> 43 | P10: =SUM(C10:N10) -> 163 | R10: 0700-0800 | S10: =SUM(C10:C13) -> 140 | T10: =SUM(D10:D13) -> 13 | U10: =SUM(E10:E13) -> 6 | V10: =SUM(F10:F13) -> 3 | W10: =SUM(G10:G13) -> 0 | X10: =SUM(H10:H13) -> 0 | Y10: =SUM(I10:I13) -> 4 | Z10: =SUM(J10:J13) -> 2 | ... AF10: =SUM(P10:P13) -> 738
B11: 07.15 - 07.30 | C11: 45 | D11: 2 | E11: 1 | F11: 0 | G11: 0 | H11: 0 | I11: 0 | J11: 0 | K11: 0 | L11: 0 | M11: 125 | N11: 0 | O11: =SUM(C11:L11,N11) -> 48 | P11: =SUM(C11:N11) -> 173 | R11: 0800-0900 | S11: =SUM(C14:C17) -> 233 | T11: =SUM(D14:D17) -> 23 | U11: =SUM(E14:E17) -> 24 | V11: =SUM(F14:F17) -> 18 | W11: =SUM(G14:G17) -> 0 | X11: =SUM(H14:H17) -> 0 | Y11: =SUM(I14:I17) -> 8 | Z11: =SUM(J14:J17) -> 6 | ... AF11: =SUM(P14:P17) -> 984
B12: 07.30 - 07.45 | C12: 16 | D12: 2 | E12: 0 | F12: 1 | G12: 0 | H12: 0 | I12: 1 | J12: 2 | K12: 0 | L12: 0 | M12: 150 | N12: 0 | O12: =SUM(C12:L12,N12) -> 22 | P12: =SUM(C12:N12) -> 172 | R12: 0900-1000 | S12: =SUM(C18:C21) -> 217 | T12: =SUM(D18:D21) -> 33 | U12: =SUM(E18:E21) -> 21 | V12: =SUM(F18:F21) -> 106 | W12: =SUM(G18:G21) -> 0 | X12: =SUM(H18:H21) -> 0 | Y12: =SUM(I18:I21) -> 11 | Z12: =SUM(J18:J21) -> 9 | ... AF12: =SUM(P18:P21) -> 988
B13: 07.45 - 08.00 | C13: 44 | D13: 6 | E13: 2 | F13: 0 | G13: 0 | H13: 0 | I13: 3 | J13: 0 | K13: 0 | L13: 0 | M13: 175 | N13: 0 | O13: =SUM(C13:L13,N13) -> 55 | P13: =SUM(C13:N13) -> 230 | R13: 1000-1100 | S13: =SUM(C22:C25) -> 174 | T13: =SUM(D22:D25) -> 21 | U13: =SUM(E22:E25) -> 28 | V13: =SUM(F22:F25) -> 156 | W13: =SUM(G22:G25) -> 2 | X13: =SUM(H22:H25) -> 0 | Y13: =SUM(I22:I25) -> 6 | Z13: =SUM(J22:J25) -> 9 | ... AF13: =SUM(P22:P25) -> 1256
B14: 08.00 - 08.15 | C14: 36 | D14: 2 | E14: 6 | F14: 3 | G14: 0 | H14: 0 | I14: 2 | J14: 0 | K14: 0 | L14: 0 | M14: 65 | N14: 0 | O14: =SUM(C14:L14,N14) -> 49 | P14: =SUM(C14:N14) -> 114 | R14: 1100-1200 | S14: =SUM(C26:C29) -> 178 | T14: =SUM(D26:D29) -> 16 | U14: =SUM(E26:E29) -> 25 | V14: =SUM(F26:F29) -> 170 | W14: =SUM(G26:G29) -> 1 | X14: =SUM(H26:H29) -> 0 | Y14: =SUM(I26:I29) -> 10 | Z14: =SUM(J26:J29) -> 1 | ... AF14: =SUM(P26:P29) -> 1209
B15: 08.15 - 08.30 | C15: 61 | D15: 5 | E15: 5 | F15: 2 | G15: 0 | H15: 0 | I15: 1 | J15: 2 | K15: 1 | L15: 0 | M15: 210 | N15: 0 | O15: =SUM(C15:L15,N15) -> 77 | P15: =SUM(C15:N15) -> 287 | R15: 1200-1300 | S15: =SUM(C30:C33) -> 140 | T15: =SUM(D30:D33) -> 17 | U15: =SUM(E30:E33) -> 12 | V15: =SUM(F30:F33) -> 206 | W15: =SUM(G30:G33) -> 0 | X15: =SUM(H30:H33) -> 0 | Y15: =SUM(I30:I33) -> 6 | Z15: =SUM(J30:J33) -> 4 | ... AF15: =SUM(P30:P33) -> 1135
B16: 08.30 - 08.45 | C16: 71 | D16: 5 | E16: 7 | F16: 6 | G16: 0 | H16: 0 | I16: 3 | J16: 3 | K16: 0 | L16: 0 | M16: 210 | N16: 0 | O16: =SUM(C16:L16,N16) -> 95 | P16: =SUM(C16:N16) -> 305 | R16: 1300-1400 | S16: =SUM(C34:C37) -> 161 | T16: =SUM(D34:D37) -> 11 | U16: =SUM(E34:E37) -> 23 | V16: =SUM(F34:F37) -> 159 | W16: =SUM(G34:G37) -> 0 | X16: =SUM(H34:H37) -> 0 | Y16: =SUM(I34:I37) -> 16 | Z16: =SUM(J34:J37) -> 8 | ... AF16: =SUM(P34:P37) -> 1080
B17: 08.45 - 9.00 | C17: 65 | D17: 11 | E17: 6 | F17: 7 | G17: 0 | H17: 0 | I17: 2 | J17: 1 | K17: 1 | L17: 0 | M17: 185 | N17: 0 | O17: =SUM(C17:L17,N17) -> 93 | P17: =SUM(C17:N17) -> 278 | R17: 1400-1500 | S17: =SUM(C38:C41) -> 160 | T17: =SUM(D38:D41) -> 20 | U17: =SUM(E38:E41) -> 13 | V17: =SUM(F38:F41) -> 137 | W17: =SUM(G38:G41) -> 3 | X17: =SUM(H38:H41) -> 0 | Y17: =SUM(I38:I41) -> 11 | Z17: =SUM(J38:J41) -> 5 | ... AF17: =SUM(P38:P41) -> 895
B18: 09.00 - 09.15 | C18: 52 | D18: 4 | E18: 5 | F18: 19 | G18: 0 | H18: 0 | I18: 2 | J18: 0 | K18: 0 | L18: 0 | M18: 140 | N18: 0 | O18: =SUM(C18:L18,N18) -> 82 | P18: =SUM(C18:N18) -> 222 | R18: 1500-1600 | S18: =SUM(C42:C45) -> 172 | T18: =SUM(D42:D45) -> 18 | U18: =SUM(E42:E45) -> 15 | V18: =SUM(F42:F45) -> 103 | W18: =SUM(G42:G45) -> 1 | X18: =SUM(H42:H45) -> 0 | Y18: =SUM(I42:I45) -> 4 | Z18: =SUM(J42:J45) -> 12 | ... AF18: =SUM(P42:P45) -> 643
B19: 09.15 - 09.30 | C19: 72 | D19: 10 | E19: 9 | F19: 24 | G19: 0 | H19: 0 | I19: 3 | J19: 3 | K19: 0 | L19: 0 | M19: 135 | N19: 0 | O19: =SUM(C19:L19,N19) -> 121 | P19: =SUM(C19:N19) -> 256 | R19: 1600-1700 | S19: =SUM(C46:C49) -> 236 | T19: =SUM(D46:D49) -> 29 | U19: =SUM(E46:E49) -> 33 | V19: =SUM(F46:F49) -> 87 | W19: =SUM(G46:G49) -> 1 | X19: =SUM(H46:H49) -> 0 | Y19: =SUM(I46:I49) -> 10 | Z19: =SUM(J46:J49) -> 9 | ... AF19: =SUM(P46:P49) -> 1085
B20: 09.30 - 09.45 | C20: 46 | D20: 9 | E20: 6 | F20: 28 | G20: 0 | H20: 0 | I20: 3 | J20: 6 | K20: 0 | L20: 0 | M20: 105 | N20: 0 | O20: =SUM(C20:L20,N20) -> 98 | P20: =SUM(C20:N20) -> 203 | R20: 1700-1800 | S20: =SUM(C50:C53) -> 160 | T20: =SUM(D50:D53) -> 13 | U20: =SUM(E50:E53) -> 8 | V20: =SUM(F50:F53) -> 70 | W20: =SUM(G50:G53) -> 0 | X20: =SUM(H50:H53) -> 0 | Y20: =SUM(I50:I53) -> 6 | Z20: =SUM(J50:J53) -> 11 | ... AF20: =SUM(P50:P53) -> 606
B21: 09.45 - 10.00 | C21: 47 | D21: 10 | E21: 1 | F21: 35 | G21: 0 | H21: 0 | I21: 3 | J21: 0 | K21: 1 | L21: 0 | M21: 210 | N21: 0 | O21: =SUM(C21:L21,N21) -> 97 | P21: =SUM(C21:N21) -> 307 | R21: 1800-1900 | S21: =SUM(C54:C57) -> 111 | T21: =SUM(D54:D57) -> 7 | U21: =SUM(E54:E57) -> 8 | V21: =SUM(F54:F57) -> 119 | W21: =SUM(G54:G57) -> 2 | X21: =SUM(H54:H57) -> 0 | Y21: =SUM(I54:I57) -> 6 | Z21: =SUM(J54:J57) -> 2 | ... AF21: =SUM(P54:P57) -> 648
B22: 10.00 - 10.15 | C22: 38 | D22: 4 | E22: 9 | F22: 30 | G22: 0 | H22: 0 | I22: 2 | J22: 0 | K22: 0 | L22: 0 | M22: 235 | N22: 0 | O22: =SUM(C22:L22,N22) -> 83 | P22: =SUM(C22:N22) -> 318 | R22: AM Peak Hr | S22: =MAX(S10:S12) -> 233 | T22: =MAX(T10:T12) -> 33 | U22: =MAX(U10:U12) -> 24 | V22: =MAX(V10:V12) -> 106 | W22: =MAX(W10:W12) -> 0 | X22: =MAX(X10:X12) -> 0 | Y22: =MAX(Y10:Y12) -> 11 | Z22: =MAX(Z10:Z12) -> 9 | ... AF22: =MAX(AF10:AF12) -> 988
B23: 10.15 - 10.30 | C23: 61 | D23: 10 | E23: 9 | F23: 57 | G23: 0 | H23: 0 | I23: 0 | J23: 3 | K23: 0 | L23: 0 | M23: 205 | N23: 0 | O23: =SUM(C23:L23,N23) -> 140 | P23: =SUM(C23:N23) -> 345 | R23: IP Peak Hr | S23: =MAX(S13:S18) -> 178 | T23: =MAX(T13:T18) -> 21 | U23: =MAX(U13:U18) -> 28 | V23: =MAX(V13:V18) -> 206 | W23: =MAX(W13:W18) -> 3 | X23: =MAX(X13:X18) -> 0 | Y23: =MAX(Y13:Y18) -> 16 | Z23: =MAX(Z13:Z18) -> 12 | ... AF23: =MAX(AF13:AF18) -> 1256
B24: 10.30 - 10.45 | C24: 35 | D24: 3 | E24: 5 | F24: 47 | G24: 1 | H24: 0 | I24: 0 | J24: 2 | K24: 0 | L24: 0 | M24: 210 | N24: 0 | O24: =SUM(C24:L24,N24) -> 93 | P24: =SUM(C24:N24) -> 303 | R24: PM Peak Hr | S24: =MAX(S19:S21) -> 236 | T24: =MAX(T19:T21) -> 29 | U24: =MAX(U19:U21) -> 33 | V24: =MAX(V19:V21) -> 119 | W24: =MAX(W19:W21) -> 2 | X24: =MAX(X19:X21) -> 0 | Y24: =MAX(Y19:Y21) -> 10 | Z24: =MAX(Z19:Z21) -> 11 | ... AF24: =MAX(AF19:AF21) -> 1085
B25: 10.45 - 11.00 | C25: 40 | D25: 4 | E25: 5 | F25: 22 | G25: 1 | H25: 0 | I25: 4 | J25: 4 | K25: 0 | L25: 0 | M25: 210 | N25: 0 | O25: =SUM(C25:L25,N25) -> 80 | P25: =SUM(C25:N25) -> 290 | R25: AM Period | S25: =SUM(S10:S12) -> 590 | T25: =SUM(T10:T12) -> 69 | U25: =SUM(U10:U12) -> 51 | V25: =SUM(V10:V12) -> 127 | W25: =SUM(W10:W12) -> 0 | X25: =SUM(X10:X12) -> 0 | Y25: =SUM(Y10:Y12) -> 23 | Z25: =SUM(Z10:Z12) -> 17 | ... AF25: =SUM(AF10:AF12) -> 2710
B26: 11.00 - 11.15 | C26: 50 | D26: 4 | E26: 7 | F26: 36 | G26: 0 | H26: 0 | I26: 3 | J26: 1 | K26: 0 | L26: 0 | M26: 195 | N26: 0 | O26: =SUM(C26:L26,N26) -> 101 | P26: =SUM(C26:N26) -> 296 | R26: IP Period | S26: =SUM(S13:S18) -> 985 | T26: =SUM(T13:T18) -> 103 | U26: =SUM(U13:U18) -> 116 | V26: =SUM(V13:V18) -> 931 | W26: =SUM(W13:W18) -> 7 | X26: =SUM(X13:X18) -> 0 | Y26: =SUM(Y13:Y18) -> 53 | Z26: =SUM(Z13:Z18) -> 39 | ... AF26: =SUM(AF13:AF18) -> 6218
B27: 11.15 - 11.30 | C27: 51 | D27: 3 | E27: 8 | F27: 45 | G27: 0 | H27: 0 | I27: 2 | J27: 0 | K27: 0 | L27: 1 | M27: 205 | N27: 0 | O27: =SUM(C27:L27,N27) -> 110 | P27: =SUM(C27:N27) -> 315 | R27: PM Period | S27: =SUM(S19:S21) -> 507 | T27: =SUM(T19:T21) -> 49 | U27: =SUM(U19:U21) -> 49 | V27: =SUM(V19:V21) -> 276 | W27: =SUM(W19:W21) -> 3 | X27: =SUM(X19:X21) -> 0 | Y27: =SUM(Y19:Y21) -> 22 | Z27: =SUM(Z19:Z21) -> 22 | ... AF27: =SUM(AF19:AF21) -> 2339
B28: 11.30 - 11.45 | C28: 51 | D28: 4 | E28: 6 | F28: 40 | G28: 1 | H28: 0 | I28: 2 | J28: 0 | K28: 1 | L28: 0 | M28: 210 | N28: 0 | O28: =SUM(C28:L28,N28) -> 105 | P28: =SUM(C28:N28) -> 315 | R28: 12 Hours | S28: =SUM(S10:S21) -> 2082 | T28: =SUM(T10:T21) -> 221 | U28: =SUM(U10:U21) -> 216 | V28: =SUM(V10:V21) -> 1334 | W28: =SUM(W10:W21) -> 10 | X28: =SUM(X10:X21) -> 0 | Y28: =SUM(Y10:Y21) -> 98 | Z28: =SUM(Z10:Z21) -> 78 | ... AF28: =SUM(AF10:AF21) -> 11267
B29: 11.45 - 12.00 | C29: 26 | D29: 5 | E29: 4 | F29: 49 | G29: 0 | H29: 0 | I29: 3 | J29: 0 | K29: 1 | L29: 0 | M29: 195 | N29: 0 | O29: =SUM(C29:L29,N29) -> 88 | P29: =SUM(C29:N29) -> 283
B30: 12.00 - 12.15 | C30: 36 | D30: 4 | E30: 3 | F30: 49 | G30: 0 | H30: 0 | I30: 2 | J30: 2 | K30: 0 | L30: 0 | M30: 210 | N30: 0 | O30: =SUM(C30:L30,N30) -> 96 | P30: =SUM(C30:N30) -> 306
B31: 12.15 - 12.30 | C31: 39 | D31: 5 | E31: 4 | F31: 47 | G31: 0 | H31: 0 | I31: 2 | J31: 0 | K31: 0 | L31: 0 | M31: 210 | N31: 0 | O31: =SUM(C31:L31,N31) -> 97 | P31: =SUM(C31:N31) -> 307
B32: 12.30 - 12.45 | C32: 30 | D32: 4 | E32: 3 | F32: 49 | G32: 0 | H32: 0 | I32: 1 | J32: 1 | K32: 0 | L32: 0 | M32: 210 | N32: 0 | O32: =SUM(C32:L32,N32) -> 88 | P32: =SUM(C32:N32) -> 298
B33: 12.45 - 13.00 | C33: 35 | D33: 4 | E33: 2 | F33: 61 | G33: 0 | H33: 0 | I33: 1 | J33: 1 | K33: 0 | L33: 0 | M33: 120 | N33: 0 | O33: =SUM(C33:L33,N33) -> 104 | P33: =SUM(C33:N33) -> 224
B34: 13.00 - 13.15 | C34: 46 | D34: 3 | E34: 5 | F34: 55 | G34: 0 | H34: 0 | I34: 4 | J34: 1 | K34: 0 | L34: 0 | M34: 210 | N34: 0 | O34: =SUM(C34:L34,N34) -> 114 | P34: =SUM(C34:N34) -> 324
B35: 13.15 - 13.30 | C35: 39 | D35: 3 | E35: 6 | F35: 26 | G35: 0 | H35: 0 | I35: 3 | J35: 4 | K35: 0 | L35: 0 | M35: 120 | N35: 0 | O35: =SUM(C35:L35,N35) -> 81 | P35: =SUM(C35:N35) -> 201
B36: 13.30 - 13.45 | C36: 39 | D36: 2 | E36: 3 | F36: 56 | G36: 0 | H36: 0 | I36: 2 | J36: 2 | K36: 0 | L36: 0 | M36: 210 | N36: 0 | O36: =SUM(C36:L36,N36) -> 104 | P36: =SUM(C36:N36) -> 314
B37: 13.45 - 14.00 | C37: 37 | D37: 3 | E37: 9 | F37: 22 | G37: 0 | H37: 0 | I37: 7 | J37: 1 | K37: 0 | L37: 1 | M37: 160 | N37: 1 | O37: =SUM(C37:L37,N37) -> 81 | P37: =SUM(C37:N37) -> 241
B38: 14.00 - 14.15 | C38: 45 | D38: 4 | E38: 2 | F38: 34 | G38: 0 | H38: 0 | I38: 6 | J38: 3 | K38: 0 | L38: 0 | M38: 140 | N38: 0 | O38: =SUM(C38:L38,N38) -> 94 | P38: =SUM(C38:N38) -> 234
B39: 14.15 - 14.30 | C39: 36 | D39: 10 | E39: 8 | F39: 45 | G39: 1 | H39: 0 | I39: 1 | J39: 1 | K39: 1 | L39: 0 | M39: 105 | N39: 0 | O39: =SUM(C39:L39,N39) -> 103 | P39: =SUM(C39:N39) -> 208
B40: 14.30 - 14.45 | C40: 66 | D40: 4 | E40: 2 | F40: 48 | G40: 2 | H40: 0 | I40: 3 | J40: 0 | K40: 0 | L40: 0 | M40: 210 | N40: 0 | O40: =SUM(C40:L40,N40) -> 125 | P40: =SUM(C40:N40) -> 335
... B57: 18.45 - 19.00 | C57: 30 | D57: 2 | E57: 3 | F57: 27 | G57: 0 | H57: 0 | I57: 2 | J57: 1 | K57: 0 | L57: 0 | M57: 120 | N57: 0 | O57: =SUM(C57:L57,N57) -> 65 | P57: =SUM(C57:N57) -> 185
B58: Totals | C58: =SUM(C10:C57) -> 2082 | D58: =SUM(D10:D57) -> 221 | E58: =SUM(E10:E57) -> 216 | F58: =SUM(F10:F57) -> 1334 | G58: =SUM(G10:G57) -> 10 | H58: =SUM(H10:H57) -> 0 | I58: =SUM(I10:I57) -> 98 | J58: =SUM(J10:J57) -> 78 | ... P58: =SUM(P10:P57) -> 11267
B59: %ges + MCs | C59: =C58/$P$58 -> 0.18478743 | D59: =D58/$P$58 -> 0.019614804 | E59: =E58/$P$58 -> 0.01917103 | F59: =F58/$P$58 -> 0.11839886 | G59: =G58/$P$58 -> 0.00088754771 | H59: =H58/$P$58 -> 0 | I59: =I58/$P$58 -> 0.0086979675 | J59: =J58/$P$58 -> 0.0069228721 | ... N59: =N58/$P$58 -> 8.8754771e-05
B60: %ges w/o MCs | C60: =C58/$O$58 -> 0.5134402 | D60: =D58/$O$58 -> 0.054500617 | E60: =E58/$O$58 -> 0.053267571 | F60: =F58/$O$58 -> 0.32897657 | G60: =G58/$O$58 -> 0.0024660912 | H60: =H58/$O$58 -> 0 | I60: =I58/$O$58 -> 0.024167694 | J60: =J58/$O$58 -> 0.019235512 | ... L60: =L58/$O$58 -> 0.0012330456 | N60: =N58/$O$58 -> 0.00024660912

Sheet 23.07 Kibuye-Makindye
B1: Consultancy services for Preparation of Expressway Development Master Plan (EDMP) for Uganda
B2: MANUAL CLASSIFIED COUNT (MCC)
B3: ROAD NAME: | C3: ='22.07 Kibuye-Makindye'!C3:G3 -> MCC - C1 - STN01 - MOBUTU ROAD
C5: Date | D5: 23.07.19 | F5: Location | G5: ='22.07 Kibuye-Makindye'!G5:H5 -> FUELEX MAKINDYE | J5: Surveyor | K5: ='22.07 Kibuye-Makindye'!K5:L5 -> WAKWESA ALLAN/CHEMONGES KENNETH/SSONKO SAMUEL/OWOMUGISHA BRENDA
C6: Dir. From | D6: ='22.07 Kibuye-Makindye'!D6:E6 -> KIBUYE | F6: Dir. To | G6: ='22.07 Kibuye-Makindye'!G6:H6 -> MAKINDYE | J6: Supervisor | K6: ='22.07 Kibuye-Makindye'!K6:L6 -> EMMA
B8: Time / Veh Type | R8: SUMMARY TRAFFIC VOLUMES
C9: 1. Car | D9: 2. Station Wagon | E9: 3. Pickups | F9: 4. Minibus, matatu | G9: 5. Medium bus | H9: 6. Large Bus | I9: 7. Light Truck | J9: 8. Medium Truck | K9: 9. Heavy truck | L9: 10. Truck Trailer | M9: 11. Motor cycles | N9: 12. Tractors | O9: Total Excl M/Cycles | P9: Total All | R9: Time | S9: 1. Car | T9: 2. Station Wagon | U9: 3. Pickups | V9: 4. Minibus, matatu | W9: 5. Medium bus | X9: 6. Large Bus | Y9: 7. Light Truck | Z9: 8. Medium Truck | AA9: 9. Heavy truck | AB9: 10. Truck Trailer | AC9: 11. Motorcycles | AD9: 12. Tractors, Graders | AE9: Total Excl M/ Cycles | AF9: Total All
B10: 07.00 - 07.15 | C10: 16 | D10: 2 | E10: 1 | F10: 30 | G10: 0 | H10: 0 | I10: 1 | J10: 1 | K10: 0 | L10: 0 | M10: 180 | N10: 0 | O10: =SUM(C10:L10,N10) -> 51 | P10: =SUM(C10:N10) -> 231 | R10: 0700-0800 | S10: =SUM(C10:C13) -> 129 | T10: =SUM(D10:D13) -> 37 | U10: =SUM(E10:E13) -> 15 | V10: =SUM(F10:F13) -> 160 | W10: =SUM(G10:G13) -> 1 | X10: =SUM(H10:H13) -> 0 | Y10: =SUM(I10:I13) -> 6 | Z10: =SUM(J10:J13) -> 4 | ... AF10: =SUM(P10:P13) -> 959
B11: 07.15 - 07.30 | C11: 46 | D11: 16 | E11: 5 | F11: 38 | G11: 0 | H11: 0 | I11: 2 | J11: 0 | K11: 1 | L11: 0 | M11: 145 | N11: 0 | O11: =SUM(C11:L11,N11) -> 108 | P11: =SUM(C11:N11) -> 253 | R11: 0800-0900 | S11: =SUM(C14:C17) -> 122 | T11: =SUM(D14:D17) -> 40 | U11: =SUM(E14:E17) -> 17 | V11: =SUM(F14:F17) -> 157 | W11: =SUM(G14:G17) -> 0 | X11: =SUM(H14:H17) -> 0 | Y11: =SUM(I14:I17) -> 5 | Z11: =SUM(J14:J17) -> 8 | ... AF11: =SUM(P14:P17) -> 980
B12: 07.30 - 07.45 | C12: 28 | D12: 7 | E12: 5 | F12: 43 | G12: 0 | H12: 0 | I12: 2 | J12: 0 | K12: 0 | L12: 0 | M12: 135 | N12: 0 | O12: =SUM(C12:L12,N12) -> 85 | P12: =SUM(C12:N12) -> 220 | R12: 0900-1000 | S12: =SUM(C18:C21) -> 155 | T12: =SUM(D18:D21) -> 51 | U12: =SUM(E18:E21) -> 20 | V12: =SUM(F18:F21) -> 131 | W12: =SUM(G18:G21) -> 0 | X12: =SUM(H18:H21) -> 1 | Y12: =SUM(I18:I21) -> 10 | Z12: =SUM(J18:J21) -> 14 | ... AF12: =SUM(P18:P21) -> 1050
B13: 07.45 - 08.00 | C13: 39 | D13: 12 | E13: 4 | F13: 49 | G13: 1 | H13: 0 | I13: 1 | J13: 3 | K13: 1 | L13: 0 | M13: 145 | N13: 0 | O13: =SUM(C13:L13,N13) -> 110 | P13: =SUM(C13:N13) -> 255 | R13: 1000-1100 | S13: =SUM(C22:C25) -> 147 | T13: =SUM(D22:D25) -> 60 | U13: =SUM(E22:E25) -> 32 | V13: =SUM(F22:F25) -> 118 | W13: =SUM(G22:G25) -> 0 | X13: =SUM(H22:H25) -> 0 | Y13: =SUM(I22:I25) -> 13 | Z13: =SUM(J22:J25) -> 16 | ... AF13: =SUM(P22:P25) -> 1140
B14: 08.00 - 08.15 | C14: 29 | D14: 12 | E14: 3 | F14: 37 | G14: 0 | H14: 0 | I14: 2 | J14: 2 | K14: 1 | L14: 0 | M14: 160 | N14: 0 | O14: =SUM(C14:L14,N14) -> 86 | P14: =SUM(C14:N14) -> 246 | R14: 1100-1200 | S14: =SUM(C26:C29) -> 135 | T14: =SUM(D26:D29) -> 57 | U14: =SUM(E26:E29) -> 26 | V14: =SUM(F26:F29) -> 97 | W14: =SUM(G26:G29) -> 0 | X14: =SUM(H26:H29) -> 0 | Y14: =SUM(I26:I29) -> 9 | Z14: =SUM(J26:J29) -> 18 | ... AF14: =SUM(P26:P29) -> 1030
B15: 08.15 - 08.30 | C15: 32 | D15: 5 | E15: 2 | F15: 45 | G15: 0 | H15: 0 | I15: 1 | J15: 2 | K15: 0 | L15: 0 | M15: 155 | N15: 0 | O15: =SUM(C15:L15,N15) -> 87 | P15: =SUM(C15:N15) -> 242 | R15: 1200-1300 | S15: =SUM(C30:C33) -> 206 | T15: =SUM(D30:D33) -> 73 | U15: =SUM(E30:E33) -> 27 | V15: =SUM(F30:F33) -> 100 | W15: =SUM(G30:G33) -> 0 | X15: =SUM(H30:H33) -> 0 | Y15: =SUM(I30:I33) -> 11 | Z15: =SUM(J30:J33) -> 12 | ... AF15: =SUM(P30:P33) -> 1155
B16: 08.30 - 08.45 | C16: 40 | D16: 11 | E16: 7 | F16: 48 | G16: 0 | H16: 0 | I16: 1 | J16: 3 | K16: 0 | L16: 0 | M16: 160 | N16: 0 | O16: =SUM(C16:L16,N16) -> 110 | P16: =SUM(C16:N16) -> 270 | R16: 1300-1400 | S16: =SUM(C34:C37) -> 194 | T16: =SUM(D34:D37) -> 76 | U16: =SUM(E34:E37) -> 40 | V16: =SUM(F34:F37) -> 89 | W16: =SUM(G34:G37) -> 0 | X16: =SUM(H34:H37) -> 0 | Y16: =SUM(I34:I37) -> 12 | Z16: =SUM(J34:J37) -> 11 | ... AF16: =SUM(P34:P37) -> 1053
B17: 08.45 - 9.00 | C17: 21 | D17: 12 | E17: 5 | F17: 27 | G17: 0 | H17: 0 | I17: 1 | J17: 1 | K17: 0 | L17: 0 | M17: 155 | N17: 0 | O17: =SUM(C17:L17,N17) -> 67 | P17: =SUM(C17:N17) -> 222 | R17: 1400-1500 | S17: =SUM(C38:C41) -> 210 | T17: =SUM(D38:D41) -> 89 | U17: =SUM(E38:E41) -> 25 | V17: =SUM(F38:F41) -> 97 | W17: =SUM(G38:G41) -> 1 | X17: =SUM(H38:H41) -> 0 | Y17: =SUM(I38:I41) -> 17 | Z17: =SUM(J38:J41) -> 15 | ... AF17: =SUM(P38:P41) -> 933
B18: 09.00 - 09.15 | C18: 54 | D18: 18 | E18: 4 | F18: 31 | G18: 0 | H18: 0 | I18: 2 | J18: 2 | K18: 1 | L18: 0 | M18: 165 | N18: 0 | O18: =SUM(C18:L18,N18) -> 112 | P18: =SUM(C18:N18) -> 277 | R18: 1500-1600 | S18: =SUM(C42:C45) -> 206 | T18: =SUM(D42:D45) -> 90 | U18: =SUM(E42:E45) -> 45 | V18: =SUM(F42:F45) -> 81 | W18: =SUM(G42:G45) -> 1 | X18: =SUM(H42:H45) -> 0 | Y18: =SUM(I42:I45) -> 14 | Z18: =SUM(J42:J45) -> 10 | ... AF18: =SUM(P42:P45) -> 1107
B19: 09.15 - 09.30 | C19: 36 | D19: 7 | E19: 2 | F19: 34 | G19: 0 | H19: 1 | I19: 2 | J19: 5 | K19: 1 | L19: 0 | M19: 175 | N19: 0 | O19: =SUM(C19:L19,N19) -> 88 | P19: =SUM(C19:N19) -> 263 | R19: 1600-1700 | S19: =SUM(C46:C49) -> 172 | T19: =SUM(D46:D49) -> 84 | U19: =SUM(E46:E49) -> 42 | V19: =SUM(F46:F49) -> 68 | W19: =SUM(G46:G49) -> 3 | X19: =SUM(H46:H49) -> 0 | Y19: =SUM(I46:I49) -> 15 | Z19: =SUM(J46:J49) -> 7 | ... AF19: =SUM(P46:P49) -> 1032
B20: 09.30 - 09.45 | C20: 37 | D20: 16 | E20: 5 | F20: 34 | G20: 0 | H20: 0 | I20: 2 | J20: 5 | K20: 1 | L20: 0 | M20: 145 | N20: 0 | O20: =SUM(C20:L20,N20) -> 100 | P20: =SUM(C20:N20) -> 245 | R20: 1700-1800 | S20: =SUM(C50:C53) -> 251 | T20: =SUM(D50:D53) -> 105 | U20: =SUM(E50:E53) -> 35 | V20: =SUM(F50:F53) -> 58 | W20: =SUM(G50:G53) -> 7 | X20: =SUM(H50:H53) -> 0 | Y20: =SUM(I50:I53) -> 10 | Z20: =SUM(J50:J53) -> 10 | ... AF20: =SUM(P50:P53) -> 1151
B21: 09.45 - 10.00 | C21: 28 | D21: 10 | E21: 9 | F21: 32 | G21: 0 | H21: 0 | I21: 4 | J21: 2 | K21: 0 | L21: 0 | M21: 180 | N21: 0 | O21: =SUM(C21:L21,N21) -> 85 | P21: =SUM(C21:N21) -> 265 | R21: 1800-1900 | S21: =SUM(C54:C57) -> 127 | T21: =SUM(D54:D57) -> 63 | U21: =SUM(E54:E57) -> 25 | V21: =SUM(F54:F57) -> 55 | W21: =SUM(G54:G57) -> 7 | X21: =SUM(H54:H57) -> 1 | Y21: =SUM(I54:I57) -> 13 | Z21: =SUM(J54:J57) -> 7 | ... AF21: =SUM(P54:P57) -> 859
B22: 10.00 - 10.15 | C22: 32 | D22: 13 | E22: 7 | F22: 37 | G22: 0 | H22: 0 | I22: 2 | J22: 7 | K22: 0 | L22: 0 | M22: 185 | N22: 0 | O22: =SUM(C22:L22,N22) -> 98 | P22: =SUM(C22:N22) -> 283 | R22: AM Peak Hr | S22: =MAX(S10:S12) -> 155 | T22: =MAX(T10:T12) -> 51 | U22: =MAX(U10:U12) -> 20 | V22: =MAX(V10:V12) -> 160 | W22: =MAX(W10:W12) -> 1 | X22: =MAX(X10:X12) -> 1 | Y22: =MAX(Y10:Y12) -> 10 | Z22: =MAX(Z10:Z12) -> 14 | ... AF22: =MAX(AF10:AF12) -> 1050
B23: 10.15 - 10.30 | C23: 30 | D23: 19 | E23: 8 | F23: 23 | G23: 0 | H23: 0 | I23: 2 | J23: 3 | K23: 1 | L23: 0 | M23: 200 | N23: 0 | O23: =SUM(C23:L23,N23) -> 86 | P23: =SUM(C23:N23) -> 286 | R23: IP Peak Hr | S23: =MAX(S13:S18) -> 210 | T23: =MAX(T13:T18) -> 90 | U23: =MAX(U13:U18) -> 45 | V23: =MAX(V13:V18) -> 118 | W23: =MAX(W13:W18) -> 1 | X23: =MAX(X13:X18) -> 0 | Y23: =MAX(Y13:Y18) -> 17 | Z23: =MAX(Z13:Z18) -> 18 | ... AF23: =MAX(AF13:AF18) -> 1155
B24: 10.30 - 10.45 | C24: 39 | D24: 14 | E24: 11 | F24: 26 | G24: 0 | H24: 0 | I24: 7 | J24: 4 | K24: 3 | L24: 0 | M24: 180 | N24: 0 | O24: =SUM(C24:L24,N24) -> 104 | P24: =SUM(C24:N24) -> 284 | R24: PM Peak Hr | S24: =MAX(S19:S21) -> 251 | T24: =MAX(T19:T21) -> 105 | U24: =MAX(U19:U21) -> 42 | V24: =MAX(V19:V21) -> 68 | W24: =MAX(W19:W21) -> 7 | X24: =MAX(X19:X21) -> 1 | Y24: =MAX(Y19:Y21) -> 15 | Z24: =MAX(Z19:Z21) -> 10 | ... AF24: =MAX(AF19:AF21) -> 1151
B25: 10.45 - 11.00 | C25: 46 | D25: 14 | E25: 6 | F25: 32 | G25: 0 | H25: 0 | I25: 2 | J25: 2 | K25: 0 | L25: 0 | M25: 185 | N25: 0 | O25: =SUM(C25:L25,N25) -> 102 | P25: =SUM(C25:N25) -> 287 | R25: AM Period | S25: =SUM(S10:S12) -> 406 | T25: =SUM(T10:T12) -> 128 | U25: =SUM(U10:U12) -> 52 | V25: =SUM(V10:V12) -> 448 | W25: =SUM(W10:W12) -> 1 | X25: =SUM(X10:X12) -> 1 | Y25: =SUM(Y10:Y12) -> 21 | Z25: =SUM(Z10:Z12) -> 26 | ... AF25: =SUM(AF10:AF12) -> 2989
B26: 11.00 - 11.15 | C26: 31 | D26: 11 | E26: 4 | F26: 29 | G26: 0 | H26: 0 | I26: 3 | J26: 3 | K26: 1 | L26: 0 | M26: 160 | N26: 0 | O26: =SUM(C26:L26,N26) -> 82 | P26: =SUM(C26:N26) -> 242 | R26: IP Period | S26: =SUM(S13:S18) -> 1098 | T26: =SUM(T13:T18) -> 445 | U26: =SUM(U13:U18) -> 195 | V26: =SUM(V13:V18) -> 582 | W26: =SUM(W13:W18) -> 2 | X26: =SUM(X13:X18) -> 0 | Y26: =SUM(Y13:Y18) -> 76 | Z26: =SUM(Z13:Z18) -> 82 | ... AF26: =SUM(AF13:AF18) -> 6418
B27: 11.15 - 11.30 | C27: 32 | D27: 14 | E27: 9 | F27: 26 | G27: 0 | H27: 0 | I27: 4 | J27: 4 | K27: 2 | L27: 0 | M27: 170 | N27: 0 | O27: =SUM(C27:L27,N27) -> 91 | P27: =SUM(C27:N27) -> 261 | R27: PM Period | S27: =SUM(S19:S21) -> 550 | T27: =SUM(T19:T21) -> 252 | U27: =SUM(U19:U21) -> 102 | V27: =SUM(V19:V21) -> 181 | W27: =SUM(W19:W21) -> 17 | X27: =SUM(X19:X21) -> 1 | Y27: =SUM(Y19:Y21) -> 38 | Z27: =SUM(Z19:Z21) -> 24 | ... AF27: =SUM(AF19:AF21) -> 3042
B28: 11.30 - 11.45 | C28: 30 | D28: 21 | E28: 7 | F28: 16 | G28: 0 | H28: 0 | I28: 1 | J28: 5 | K28: 0 | L28: 0 | M28: 145 | N28: 0 | O28: =SUM(C28:L28,N28) -> 80 | P28: =SUM(C28:N28) -> 225 | R28: 12 Hours | S28: =SUM(S10:S21) -> 2054 | T28: =SUM(T10:T21) -> 825 | U28: =SUM(U10:U21) -> 349 | V28: =SUM(V10:V21) -> 1211 | W28: =SUM(W10:W21) -> 20 | X28: =SUM(X10:X21) -> 2 | Y28: =SUM(Y10:Y21) -> 135 | Z28: =SUM(Z10:Z21) -> 132 | ... AF28: =SUM(AF10:AF21) -> 12449
B29: 11.45 - 12.00 | C29: 42 | D29: 11 | E29: 6 | F29: 26 | G29: 0 | H29: 0 | I29: 1 | J29: 6 | K29: 0 | L29: 0 | M29: 210 | N29: 0 | O29: =SUM(C29:L29,N29) -> 92 | P29: =SUM(C29:N29) -> 302
B30: 12.00 - 12.15 | C30: 47 | D30: 18 | E30: 7 | F30: 25 | G30: 0 | H30: 0 | I30: 4 | J30: 2 | K30: 0 | L30: 0 | M30: 185 | N30: 0 | O30: =SUM(C30:L30,N30) -> 103 | P30: =SUM(C30:N30) -> 288
B31: 12.15 - 12.30 | C31: 48 | D31: 13 | E31: 8 | F31: 26 | G31: 0 | H31: 0 | I31: 5 | J31: 3 | K31: 0 | L31: 0 | M31: 190 | N31: 0 | O31: =SUM(C31:L31,N31) -> 103 | P31: =SUM(C31:N31) -> 293
B32: 12.30 - 12.45 | C32: 44 | D32: 18 | E32: 7 | F32: 27 | G32: 0 | H32: 0 | I32: 1 | J32: 3 | K32: 2 | L32: 0 | M32: 195 | N32: 1 | O32: =SUM(C32:L32,N32) -> 103 | P32: =SUM(C32:N32) -> 298
B33: 12.45 - 13.00 | C33: 67 | D33: 24 | E33: 5 | F33: 22 | G33: 0 | H33: 0 | I33: 1 | J33: 4 | K33: 1 | L33: 0 | M33: 152 | N33: 0 | O33: =SUM(C33:L33,N33) -> 124 | P33: =SUM(C33:N33) -> 276
B34: 13.00 - 13.15 | C34: 58 | D34: 14 | E34: 13 | F34: 23 | G34: 0 | H34: 0 | I34: 2 | J34: 2 | K34: 0 | L34: 0 | M34: 155 | N34: 0 | O34: =SUM(C34:L34,N34) -> 112 | P34: =SUM(C34:N34) -> 267
B35: 13.15 - 13.30 | C35: 53 | D35: 24 | E35: 10 | F35: 26 | G35: 0 | H35: 0 | I35: 0 | J35: 0 | K35: 0 | L35: 0 | M35: 149 | N35: 0 | O35: =SUM(C35:L35,N35) -> 113 | P35: =SUM(C35:N35) -> 262
B36: 13.30 - 13.45 | C36: 42 | D36: 6 | E36: 11 | F36: 15 | G36: 0 | H36: 0 | I36: 3 | J36: 4 | K36: 1 | L36: 0 | M36: 145 | N36: 0 | O36: =SUM(C36:L36,N36) -> 82 | P36: =SUM(C36:N36) -> 227
B37: 13.45 - 14.00 | C37: 41 | D37: 32 | E37: 6 | F37: 25 | G37: 0 | H37: 0 | I37: 7 | J37: 5 | K37: 1 | L37: 0 | M37: 180 | N37: 0 | O37: =SUM(C37:L37,N37) -> 117 | P37: =SUM(C37:N37) -> 297
B38: 14.00 - 14.15 | C38: 48 | D38: 18 | E38: 7 | F38: 24 | G38: 0 | H38: 0 | I38: 8 | J38: 5 | K38: 0 | L38: 0 | M38: 152 | N38: 0 | O38: =SUM(C38:L38,N38) -> 110 | P38: =SUM(C38:N38) -> 262
B39: 14.15 - 14.30 | C39: 53 | D39: 20 | E39: 5 | F39: 16 | G39: 1 | H39: 0 | I39: 4 | J39: 4 | K39: 0 | L39: 0 | M39: 150 | N39: 0 | O39: =SUM(C39:L39,N39) -> 103 | P39: =SUM(C39:N39) -> 253
B40: 14.30 - 14.45 | C40: 48 | D40: 16 | E40: 2 | F40: 17 | G40: 0 | H40: 0 | I40: 4 | J40: 3 | K40: 2 | L40: 0 | M40: 75 | N40: 0 | O40: =SUM(C40:L40,N40) -> 92 | P40: =SUM(C40:N40) -> 167
... B57: 18.45 - 19.00 | C57: 11 | D57: 6 | E57: 2 | F57: 8 | G57: 2 | H57: 1 | I57: 1 | J57: 2 | K57: 0 | L57: 0 | M57: 110 | N57: 0 | O57: =SUM(C57:L57,N57) -> 33 | P57: =SUM(C57:N57) -> 143
B58: Totals | C58: =SUM(C10:C57) -> 2054 | D58: =SUM(D10:D57) -> 825 | E58: =SUM(E10:E57) -> 349 | F58: =SUM(F10:F57) -> 1211 | G58: =SUM(G10:G57) -> 20 | H58: =SUM(H10:H57) -> 2 | I58: =SUM(I10:I57) -> 135 | J58: =SUM(J10:J57) -> 132 | ... P58: =SUM(P10:P57) -> 12449
B59: %ges + MCs | C59: =C58/$P$58 -> 0.16499317 | D59: =D58/$P$58 -> 0.066270383 | E59: =E58/$P$58 -> 0.02803438 | F59: =F58/$P$58 -> 0.09727689 | G59: =G58/$P$58 -> 0.0016065547 | H59: =H58/$P$58 -> 0.00016065547 | I59: =I58/$P$58 -> 0.010844245 | J59: =J58/$P$58 -> 0.010603261 | ... N59: =N58/$P$58 -> 0.00016065547
B60: %ges w/o MCs | C60: =C58/$O$58 -> 0.43142197 | D60: =D58/$O$58 -> 0.17328292 | E60: =E58/$O$58 -> 0.073303928 | F60: =F58/$O$58 -> 0.25435833 | G60: =G58/$O$58 -> 0.0042007982 | H60: =H58/$O$58 -> 0.00042007982 | I60: =I58/$O$58 -> 0.028355388 | J60: =J58/$O$58 -> 0.027725268 | ... L60: =L58/$O$58 -> 0.00063011972 | N60: =N58/$O$58 -> 0.00042007982

Sheet 23.07 Makindye-Kibuye
B1: Consultancy services for Preparation of Expressway Development Master Plan (EDMP) for Uganda
B2: MANUAL CLASSIFIED COUNT (MCC)
B3: ROAD NAME: | C3: ='22.07 Makindye-Kibuye'!C3:G3 -> MCC - C1 - STN01 - MOBUTU ROAD
C5: Date | D5: ='23.07 Kibuye-Makindye'!D5 -> 23.07.19 | F5: Location | G5: ='22.07 Kibuye-Makindye'!G5:H5 -> FUELEX MAKINDYE | J5: Surveyor | K5: ='22.07 Kibuye-Makindye'!K5:L5 -> WAKWESA ALLAN/CHEMONGES KENNETH/SSONKO SAMUEL/OWOMUGISHA BRENDA
C6: Dir. From | D6: ='22.07 Makindye-Kibuye'!D6:E6 -> MAKINDYE | F6: Dir. To | G6: ='22.07 Makindye-Kibuye'!G6:H6 -> KIBUYE | J6: Supervisor | K6: ='22.07 Kibuye-Makindye'!K6:L6 -> EMMA
B8: Time / Veh Type | R8: SUMMARY TRAFFIC VOLUMES
C9: 1. Car | D9: 2. Station Wagon | E9: 3. Pickups | F9: 4. Minibus, matatu | G9: 5. Medium bus | H9: 6. Large Bus | I9: 7. Light Truck | J9: 8. Medium Truck | K9: 9. Heavy truck | L9: 10. Truck Trailer | M9: 11. Motor cycles | N9: 12. Tractors | O9: Total Excl M/Cycles | P9: Total All | R9: Time | S9: 1. Car | T9: 2. Station Wagon | U9: 3. Pickups | V9: 4. Minibus, matatu | W9: 5. Medium bus | X9: 6. Large Bus | Y9: 7. Light Truck | Z9: 8. Medium Truck | AA9: 9. Heavy truck | AB9: 10. Truck Trailer | AC9: 11. Motorcycles | AD9: 12. Tractors, Graders | AE9: Total Excl M/ Cycles | AF9: Total All
B10: 07.00 - 07.15 | C10: 34 | D10: 2 | E10: 7 | F10: 4 | G10: 0 | H10: 0 | I10: 1 | J10: 2 | K10: 0 | L10: 0 | M10: 150 | N10: 0 | O10: =SUM(C10:L10,N10) -> 50 | P10: =SUM(C10:N10) -> 200 | R10: 0700-0800 | S10: =SUM(C10:C13) -> 197 | T10: =SUM(D10:D13) -> 18 | U10: =SUM(E10:E13) -> 21 | V10: =SUM(F10:F13) -> 15 | W10: =SUM(G10:G13) -> 0 | X10: =SUM(H10:H13) -> 0 | Y10: =SUM(I10:I13) -> 8 | Z10: =SUM(J10:J13) -> 9 | ... AF10: =SUM(P10:P13) -> 953
B11: 07.15 - 07.30 | C11: 38 | D11: 5 | E11: 6 | F11: 7 | G11: 0 | H11: 0 | I11: 3 | J11: 1 | K11: 0 | L11: 0 | M11: 150 | N11: 0 | O11: =SUM(C11:L11,N11) -> 60 | P11: =SUM(C11:N11) -> 210 | R11: 0800-0900 | S11: =SUM(C14:C17) -> 195 | T11: =SUM(D14:D17) -> 23 | U11: =SUM(E14:E17) -> 26 | V11: =SUM(F14:F17) -> 46 | W11: =SUM(G14:G17) -> 0 | X11: =SUM(H14:H17) -> 0 | Y11: =SUM(I14:I17) -> 8 | Z11: =SUM(J14:J17) -> 9 | ... AF11: =SUM(P14:P17) -> 1112
B12: 07.30 - 07.45 | C12: 57 | D12: 4 | E12: 5 | F12: 3 | G12: 0 | H12: 0 | I12: 1 | J12: 5 | K12: 0 | L12: 0 | M12: 180 | N12: 0 | O12: =SUM(C12:L12,N12) -> 75 | P12: =SUM(C12:N12) -> 255 | R12: 0900-1000 | S12: =SUM(C18:C21) -> 198 | T12: =SUM(D18:D21) -> 23 | U12: =SUM(E18:E21) -> 23 | V12: =SUM(F18:F21) -> 121 | W12: =SUM(G18:G21) -> 1 | X12: =SUM(H18:H21) -> 0 | Y12: =SUM(I18:I21) -> 9 | Z12: =SUM(J18:J21) -> 8 | ... AF12: =SUM(P18:P21) -> 1209
B13: 07.45 - 08.00 | C13: 68 | D13: 7 | E13: 3 | F13: 1 | G13: 0 | H13: 0 | I13: 3 | J13: 1 | K13: 0 | L13: 0 | M13: 205 | N13: 0 | O13: =SUM(C13:L13,N13) -> 83 | P13: =SUM(C13:N13) -> 288 | R13: 1000-1100 | S13: =SUM(C22:C25) -> 192 | T13: =SUM(D22:D25) -> 33 | U13: =SUM(E22:E25) -> 25 | V13: =SUM(F22:F25) -> 142 | W13: =SUM(G22:G25) -> 1 | X13: =SUM(H22:H25) -> 0 | Y13: =SUM(I22:I25) -> 16 | Z13: =SUM(J22:J25) -> 10 | ... AF13: =SUM(P22:P25) -> 1216
B14: 08.00 - 08.15 | C14: 56 | D14: 7 | E14: 7 | F14: 4 | G14: 0 | H14: 0 | I14: 1 | J14: 1 | K14: 0 | L14: 0 | M14: 190 | N14: 0 | O14: =SUM(C14:L14,N14) -> 76 | P14: =SUM(C14:N14) -> 266 | R14: 1100-1200 | S14: =SUM(C26:C29) -> 163 | T14: =SUM(D26:D29) -> 48 | U14: =SUM(E26:E29) -> 26 | V14: =SUM(F26:F29) -> 151 | W14: =SUM(G26:G29) -> 0 | X14: =SUM(H26:H29) -> 0 | Y14: =SUM(I26:I29) -> 14 | Z14: =SUM(J26:J29) -> 8 | ... AF14: =SUM(P26:P29) -> 936
B15: 08.15 - 08.30 | C15: 42 | D15: 5 | E15: 7 | F15: 15 | G15: 0 | H15: 0 | I15: 1 | J15: 3 | K15: 0 | L15: 0 | M15: 210 | N15: 0 | O15: =SUM(C15:L15,N15) -> 73 | P15: =SUM(C15:N15) -> 283 | R15: 1200-1300 | S15: =SUM(C30:C33) -> 176 | T15: =SUM(D30:D33) -> 63 | U15: =SUM(E30:E33) -> 33 | V15: =SUM(F30:F33) -> 143 | W15: =SUM(G30:G33) -> 1 | X15: =SUM(H30:H33) -> 0 | Y15: =SUM(I30:I33) -> 17 | Z15: =SUM(J30:J33) -> 9 | ... AF15: =SUM(P30:P33) -> 1133
B16: 08.30 - 08.45 | C16: 50 | D16: 6 | E16: 4 | F16: 11 | G16: 0 | H16: 0 | I16: 1 | J16: 1 | K16: 0 | L16: 0 | M16: 240 | N16: 0 | O16: =SUM(C16:L16,N16) -> 73 | P16: =SUM(C16:N16) -> 313 | R16: 1300-1400 | S16: =SUM(C34:C37) -> 131 | T16: =SUM(D34:D37) -> 57 | U16: =SUM(E34:E37) -> 21 | V16: =SUM(F34:F37) -> 124 | W16: =SUM(G34:G37) -> 0 | X16: =SUM(H34:H37) -> 0 | Y16: =SUM(I34:I37) -> 15 | Z16: =SUM(J34:J37) -> 12 | ... AF16: =SUM(P34:P37) -> 996
B17: 08.45 - 9.00 | C17: 47 | D17: 5 | E17: 8 | F17: 16 | G17: 0 | H17: 0 | I17: 5 | J17: 4 | K17: 0 | L17: 0 | M17: 165 | N17: 0 | O17: =SUM(C17:L17,N17) -> 85 | P17: =SUM(C17:N17) -> 250 | R17: 1400-1500 | S17: =SUM(C38:C41) -> 135 | T17: =SUM(D38:D41) -> 42 | U17: =SUM(E38:E41) -> 30 | V17: =SUM(F38:F41) -> 141 | W17: =SUM(G38:G41) -> 0 | X17: =SUM(H38:H41) -> 0 | Y17: =SUM(I38:I41) -> 17 | Z17: =SUM(J38:J41) -> 11 | ... AF17: =SUM(P38:P41) -> 1043
B18: 09.00 - 09.15 | C18: 55 | D18: 10 | E18: 7 | F18: 23 | G18: 0 | H18: 0 | I18: 1 | J18: 3 | K18: 0 | L18: 0 | M18: 210 | N18: 0 | O18: =SUM(C18:L18,N18) -> 99 | P18: =SUM(C18:N18) -> 309 | R18: 1500-1600 | S18: =SUM(C42:C45) -> 104 | T18: =SUM(D42:D45) -> 26 | U18: =SUM(E42:E45) -> 23 | V18: =SUM(F42:F45) -> 110 | W18: =SUM(G42:G45) -> 1 | X18: =SUM(H42:H45) -> 1 | Y18: =SUM(I42:I45) -> 14 | Z18: =SUM(J42:J45) -> 6 | ... AF18: =SUM(P42:P45) -> 912
B19: 09.15 - 09.30 | C19: 65 | D19: 9 | E19: 7 | F19: 30 | G19: 1 | H19: 0 | I19: 3 | J19: 2 | K19: 1 | L19: 0 | M19: 200 | N19: 0 | O19: =SUM(C19:L19,N19) -> 118 | P19: =SUM(C19:N19) -> 318 | R19: 1600-1700 | S19: =SUM(C46:C49) -> 112 | T19: =SUM(D46:D49) -> 41 | U19: =SUM(E46:E49) -> 32 | V19: =SUM(F46:F49) -> 102 | W19: =SUM(G46:G49) -> 0 | X19: =SUM(H46:H49) -> 0 | Y19: =SUM(I46:I49) -> 13 | Z19: =SUM(J46:J49) -> 9 | ... AF19: =SUM(P46:P49) -> 996
B20: 09.30 - 09.45 | C20: 41 | D20: 1 | E20: 3 | F20: 34 | G20: 0 | H20: 0 | I20: 3 | J20: 1 | K20: 0 | L20: 0 | M20: 205 | N20: 0 | O20: =SUM(C20:L20,N20) -> 83 | P20: =SUM(C20:N20) -> 288 | R20: 1700-1800 | S20: =SUM(C50:C53) -> 107 | T20: =SUM(D50:D53) -> 22 | U20: =SUM(E50:E53) -> 12 | V20: =SUM(F50:F53) -> 94 | W20: =SUM(G50:G53) -> 0 | X20: =SUM(H50:H53) -> 0 | Y20: =SUM(I50:I53) -> 4 | Z20: =SUM(J50:J53) -> 9 | ... AF20: =SUM(P50:P53) -> 909
B21: 09.45 - 10.00 | C21: 37 | D21: 3 | E21: 6 | F21: 34 | G21: 0 | H21: 0 | I21: 2 | J21: 2 | K21: 0 | L21: 0 | M21: 210 | N21: 0 | O21: =SUM(C21:L21,N21) -> 84 | P21: =SUM(C21:N21) -> 294 | R21: 1800-1900 | S21: =SUM(C54:C57) -> 70 | T21: =SUM(D54:D57) -> 18 | U21: =SUM(E54:E57) -> 8 | V21: =SUM(F54:F57) -> 59 | W21: =SUM(G54:G57) -> 0 | X21: =SUM(H54:H57) -> 0 | Y21: =SUM(I54:I57) -> 7 | Z21: =SUM(J54:J57) -> 3 | ... AF21: =SUM(P54:P57) -> 778
B22: 10.00 - 10.15 | C22: 65 | D22: 7 | E22: 7 | F22: 33 | G22: 0 | H22: 0 | I22: 2 | J22: 3 | K22: 0 | L22: 0 | M22: 210 | N22: 0 | O22: =SUM(C22:L22,N22) -> 117 | P22: =SUM(C22:N22) -> 327 | R22: AM Peak Hr | S22: =MAX(S10:S12) -> 198 | T22: =MAX(T10:T12) -> 23 | U22: =MAX(U10:U12) -> 26 | V22: =MAX(V10:V12) -> 121 | W22: =MAX(W10:W12) -> 1 | X22: =MAX(X10:X12) -> 0 | Y22: =MAX(Y10:Y12) -> 9 | Z22: =MAX(Z10:Z12) -> 9 | ... AF22: =MAX(AF10:AF12) -> 1209
B23: 10.15 - 10.30 | C23: 50 | D23: 7 | E23: 5 | F23: 40 | G23: 1 | H23: 0 | I23: 5 | J23: 0 | K23: 0 | L23: 0 | M23: 205 | N23: 0 | O23: =SUM(C23:L23,N23) -> 108 | P23: =SUM(C23:N23) -> 313 | R23: IP Peak Hr | S23: =MAX(S13:S18) -> 192 | T23: =MAX(T13:T18) -> 63 | U23: =MAX(U13:U18) -> 33 | V23: =MAX(V13:V18) -> 151 | W23: =MAX(W13:W18) -> 1 | X23: =MAX(X13:X18) -> 1 | Y23: =MAX(Y13:Y18) -> 17 | Z23: =MAX(Z13:Z18) -> 12 | ... AF23: =MAX(AF13:AF18) -> 1216
B24: 10.30 - 10.45 | C24: 28 | D24: 9 | E24: 8 | F24: 34 | G24: 0 | H24: 0 | I24: 4 | J24: 3 | K24: 0 | L24: 1 | M24: 200 | N24: 0 | O24: =SUM(C24:L24,N24) -> 87 | P24: =SUM(C24:N24) -> 287 | R24: PM Peak Hr | S24: =MAX(S19:S21) -> 112 | T24: =MAX(T19:T21) -> 41 | U24: =MAX(U19:U21) -> 32 | V24: =MAX(V19:V21) -> 102 | W24: =MAX(W19:W21) -> 0 | X24: =MAX(X19:X21) -> 0 | Y24: =MAX(Y19:Y21) -> 13 | Z24: =MAX(Z19:Z21) -> 9 | ... AF24: =MAX(AF19:AF21) -> 996
B25: 10.45 - 11.00 | C25: 49 | D25: 10 | E25: 5 | F25: 35 | G25: 0 | H25: 0 | I25: 5 | J25: 4 | K25: 1 | L25: 0 | M25: 180 | N25: 0 | O25: =SUM(C25:L25,N25) -> 109 | P25: =SUM(C25:N25) -> 289 | R25: AM Period | S25: =SUM(S10:S12) -> 590 | T25: =SUM(T10:T12) -> 64 | U25: =SUM(U10:U12) -> 70 | V25: =SUM(V10:V12) -> 182 | W25: =SUM(W10:W12) -> 1 | X25: =SUM(X10:X12) -> 0 | Y25: =SUM(Y10:Y12) -> 25 | Z25: =SUM(Z10:Z12) -> 26 | ... AF25: =SUM(AF10:AF12) -> 3274
B26: 11.00 - 11.15 | C26: 41 | D26: 11 | E26: 6 | F26: 35 | G26: 0 | H26: 0 | I26: 3 | J26: 1 | K26: 0 | L26: 0 | M26: 130 | N26: 0 | O26: =SUM(C26:L26,N26) -> 97 | P26: =SUM(C26:N26) -> 227 | R26: IP Period | S26: =SUM(S13:S18) -> 901 | T26: =SUM(T13:T18) -> 269 | U26: =SUM(U13:U18) -> 158 | V26: =SUM(V13:V18) -> 811 | W26: =SUM(W13:W18) -> 3 | X26: =SUM(X13:X18) -> 1 | Y26: =SUM(Y13:Y18) -> 93 | Z26: =SUM(Z13:Z18) -> 56 | ... AF26: =SUM(AF13:AF18) -> 6236
B27: 11.15 - 11.30 | C27: 50 | D27: 10 | E27: 5 | F27: 44 | G27: 0 | H27: 0 | I27: 2 | J27: 1 | K27: 1 | L27: 0 | M27: 75 | N27: 0 | O27: =SUM(C27:L27,N27) -> 113 | P27: =SUM(C27:N27) -> 188 | R27: PM Period | S27: =SUM(S19:S21) -> 289 | T27: =SUM(T19:T21) -> 81 | U27: =SUM(U19:U21) -> 52 | V27: =SUM(V19:V21) -> 255 | W27: =SUM(W19:W21) -> 0 | X27: =SUM(X19:X21) -> 0 | Y27: =SUM(Y19:Y21) -> 24 | Z27: =SUM(Z19:Z21) -> 21 | ... AF27: =SUM(AF19:AF21) -> 2683
B28: 11.30 - 11.45 | C28: 32 | D28: 18 | E28: 11 | F28: 32 | G28: 0 | H28: 0 | I28: 4 | J28: 2 | K28: 0 | L28: 0 | M28: 170 | N28: 0 | O28: =SUM(C28:L28,N28) -> 99 | P28: =SUM(C28:N28) -> 269 | R28: 12 Hours | S28: =SUM(S10:S21) -> 1780 | T28: =SUM(T10:T21) -> 414 | U28: =SUM(U10:U21) -> 280 | V28: =SUM(V10:V21) -> 1248 | W28: =SUM(W10:W21) -> 4 | X28: =SUM(X10:X21) -> 1 | Y28: =SUM(Y10:Y21) -> 142 | Z28: =SUM(Z10:Z21) -> 103 | ... AF28: =SUM(AF10:AF21) -> 12193
B29: 11.45 - 12.00 | C29: 40 | D29: 9 | E29: 4 | F29: 40 | G29: 0 | H29: 0 | I29: 5 | J29: 4 | K29: 0 | L29: 0 | M29: 150 | N29: 0 | O29: =SUM(C29:L29,N29) -> 102 | P29: =SUM(C29:N29) -> 252
B30: 12.00 - 12.15 | C30: 47 | D30: 13 | E30: 9 | F30: 34 | G30: 1 | H30: 0 | I30: 5 | J30: 3 | K30: 3 | L30: 0 | M30: 175 | N30: 0 | O30: =SUM(C30:L30,N30) -> 115 | P30: =SUM(C30:N30) -> 290
B31: 12.15 - 12.30 | C31: 46 | D31: 13 | E31: 6 | F31: 34 | G31: 0 | H31: 0 | I31: 4 | J31: 1 | K31: 1 | L31: 0 | M31: 175 | N31: 0 | O31: =SUM(C31:L31,N31) -> 105 | P31: =SUM(C31:N31) -> 280
B32: 12.30 - 12.45 | C32: 38 | D32: 19 | E32: 7 | F32: 35 | G32: 0 | H32: 0 | I32: 4 | J32: 1 | K32: 1 | L32: 0 | M32: 170 | N32: 0 | O32: =SUM(C32:L32,N32) -> 105 | P32: =SUM(C32:N32) -> 275
B33: 12.45 - 13.00 | C33: 45 | D33: 18 | E33: 11 | F33: 40 | G33: 0 | H33: 0 | I33: 4 | J33: 4 | K33: 0 | L33: 1 | M33: 165 | N33: 0 | O33: =SUM(C33:L33,N33) -> 123 | P33: =SUM(C33:N33) -> 288
B34: 13.00 - 13.15 | C34: 36 | D34: 15 | E34: 9 | F34: 33 | G34: 0 | H34: 0 | I34: 3 | J34: 3 | K34: 0 | L34: 0 | M34: 170 | N34: 0 | O34: =SUM(C34:L34,N34) -> 99 | P34: =SUM(C34:N34) -> 269
B35: 13.15 - 13.30 | C35: 32 | D35: 15 | E35: 3 | F35: 38 | G35: 0 | H35: 0 | I35: 5 | J35: 3 | K35: 0 | L35: 0 | M35: 170 | N35: 0 | O35: =SUM(C35:L35,N35) -> 96 | P35: =SUM(C35:N35) -> 266
B36: 13.30 - 13.45 | C36: 28 | D36: 17 | E36: 6 | F36: 24 | G36: 0 | H36: 0 | I36: 3 | J36: 4 | K36: 0 | L36: 0 | M36: 100 | N36: 0 | O36: =SUM(C36:L36,N36) -> 82 | P36: =SUM(C36:N36) -> 182
B37: 13.45 - 14.00 | C37: 35 | D37: 10 | E37: 3 | F37: 29 | G37: 0 | H37: 0 | I37: 4 | J37: 2 | K37: 0 | L37: 0 | M37: 195 | N37: 1 | O37: =SUM(C37:L37,N37) -> 84 | P37: =SUM(C37:N37) -> 279
B38: 14.00 - 14.15 | C38: 46 | D38: 8 | E38: 7 | F38: 35 | G38: 0 | H38: 0 | I38: 6 | J38: 4 | K38: 0 | L38: 0 | M38: 160 | N38: 0 | O38: =SUM(C38:L38,N38) -> 106 | P38: =SUM(C38:N38) -> 266
B39: 14.15 - 14.30 | C39: 30 | D39: 12 | E39: 11 | F39: 34 | G39: 0 | H39: 0 | I39: 5 | J39: 7 | K39: 0 | L39: 0 | M39: 175 | N39: 0 | O39: =SUM(C39:L39,N39) -> 99 | P39: =SUM(C39:N39) -> 274
B40: 14.30 - 14.45 | C40: 32 | D40: 11 | E40: 7 | F40: 45 | G40: 0 | H40: 0 | I40: 3 | J40: 0 | K40: 2 | L40: 0 | M40: 150 | N40: 0 | O40: =SUM(C40:L40,N40) -> 100 | P40: =SUM(C40:N40) -> 250
... B57: 18.45 - 19.00 | C57: 5 | D57: 4 | E57: 0 | F57: 14 | G57: 0 | H57: 0 | I57: 1 | J57: 0 | K57: 0 | L57: 0 | M57: 180 | N57: 0 | O57: =SUM(C57:L57,N57) -> 24 | P57: =SUM(C57:N57) -> 204
B58: Totals | C58: =SUM(C10:C57) -> 1780 | D58: =SUM(D10:D57) -> 414 | E58: =SUM(E10:E57) -> 280 | F58: =SUM(F10:F57) -> 1248 | G58: =SUM(G10:G57) -> 4 | H58: =SUM(H10:H57) -> 1 | I58: =SUM(I10:I57) -> 142 | J58: =SUM(J10:J57) -> 103 | ... P58: =SUM(P10:P57) -> 12193
B59: %ges + MCs | C59: =C58/$P$58 -> 0.1459854 | D59: =D58/$P$58 -> 0.033953908 | E59: =E58/$P$58 -> 0.022963996 | F59: =F58/$P$58 -> 0.10235381 | G59: =G58/$P$58 -> 0.00032805708 | H59: =H58/$P$58 -> 8.201427e-05 | I59: =I58/$P$58 -> 0.011646026 | J59: =J58/$P$58 -> 0.0084474699 | ... N59: =N58/$P$58 -> 8.201427e-05
B60: %ges w/o MCs | C60: =C58/$O$58 -> 0.44589178 | D60: =D58/$O$58 -> 0.10370741 | E60: =E58/$O$58 -> 0.070140281 | F60: =F58/$O$58 -> 0.31262525 | G60: =G58/$O$58 -> 0.001002004 | H60: =H58/$O$58 -> 0.000250501 | I60: =I58/$O$58 -> 0.035571142 | J60: =J58/$O$58 -> 0.025801603 | ... L60: =L58/$O$58 -> 0.00075150301 | N60: =N58/$O$58 -> 0.000250501

Sheet 24.07 Kibuye-Makindye
B1: Consultancy services for Preparation of Expressway Development Master Plan (EDMP) for Uganda
B2: MANUAL CLASSIFIED COUNT (MCC)
B3: ROAD NAME: | C3: ='22.07 Kibuye-Makindye'!C3:G3 -> MCC - C1 - STN01 - MOBUTU ROAD
C5: Date | D5: 24.07.19 | F5: Location | G5: ='22.07 Kibuye-Makindye'!G5:H5 -> FUELEX MAKINDYE | J5: Surveyor | K5: ='22.07 Kibuye-Makindye'!K5:L5 -> WAKWESA ALLAN/CHEMONGES KENNETH/SSONKO SAMUEL/OWOMUGISHA BRENDA
C6: Dir. From | D6: ='22.07 Kibuye-Makindye'!D6:E6 -> KIBUYE | F6: Dir. To | G6: ='22.07 Kibuye-Makindye'!G6:H6 -> MAKINDYE | J6: Supervisor | K6: ='22.07 Kibuye-Makindye'!K6:L6 -> EMMA
B8: Time / Veh Type | R8: SUMMARY TRAFFIC VOLUMES
C9: 1. Car | D9: 2. Station Wagon | E9: 3. Pickups | F9: 4. Minibus, matatu | G9: 5. Medium bus | H9: 6. Large Bus | I9: 7. Light Truck | J9: 8. Medium Truck | K9: 9. Heavy truck | L9: 10. Truck Trailer | M9: 11. Motor cycles | N9: 12. Tractors | O9: Total Excl M/Cycles | P9: Total All | R9: Time | S9: 1. Car | T9: 2. Station Wagon | U9: 3. Pickups | V9: 4. Minibus, matatu | W9: 5. Medium bus | X9: 6. Large Bus | Y9: 7. Light Truck | Z9: 8. Medium Truck | AA9: 9. Heavy truck | AB9: 10. Truck Trailer | AC9: 11. Motorcycles | AD9: 12. Tractors, Graders | AE9: Total Excl M/ Cycles | AF9: Total All
B10: 07.00 - 07.15 | C10: 18 | D10: 4 | E10: 2 | F10: 18 | G10: 0 | H10: 0 | I10: 1 | J10: 2 | K10: 0 | L10: 0 | M10: 120 | N10: 0 | O10: =SUM(C10:L10,N10) -> 45 | P10: =SUM(C10:N10) -> 165 | R10: 0700-0800 | S10: =SUM(C10:C13) -> 141 | T10: =SUM(D10:D13) -> 35 | U10: =SUM(E10:E13) -> 14 | V10: =SUM(F10:F13) -> 132 | W10: =SUM(G10:G13) -> 1 | X10: =SUM(H10:H13) -> 0 | Y10: =SUM(I10:I13) -> 4 | Z10: =SUM(J10:J13) -> 8 | ... AF10: =SUM(P10:P13) -> 1031
B11: 07.15 - 07.30 | C11: 42 | D11: 7 | E11: 2 | F11: 31 | G11: 0 | H11: 0 | I11: 1 | J11: 1 | K11: 1 | L11: 0 | M11: 180 | N11: 0 | O11: =SUM(C11:L11,N11) -> 85 | P11: =SUM(C11:N11) -> 265 | R11: 0800-0900 | S11: =SUM(C14:C17) -> 190 | T11: =SUM(D14:D17) -> 72 | U11: =SUM(E14:E17) -> 20 | V11: =SUM(F14:F17) -> 192 | W11: =SUM(G14:G17) -> 2 | X11: =SUM(H14:H17) -> 1 | Y11: =SUM(I14:I17) -> 16 | Z11: =SUM(J14:J17) -> 5 | ... AF11: =SUM(P14:P17) -> 1118
B12: 07.30 - 07.45 | C12: 40 | D12: 9 | E12: 4 | F12: 45 | G12: 1 | H12: 0 | I12: 1 | J12: 3 | K12: 0 | L12: 0 | M12: 205 | N12: 0 | O12: =SUM(C12:L12,N12) -> 103 | P12: =SUM(C12:N12) -> 308 | R12: 0900-1000 | S12: =SUM(C18:C21) -> 148 | T12: =SUM(D18:D21) -> 53 | U12: =SUM(E18:E21) -> 22 | V12: =SUM(F18:F21) -> 168 | W12: =SUM(G18:G21) -> 3 | X12: =SUM(H18:H21) -> 0 | Y12: =SUM(I18:I21) -> 12 | Z12: =SUM(J18:J21) -> 17 | ... AF12: =SUM(P18:P21) -> 1238
B13: 07.45 - 08.00 | C13: 41 | D13: 15 | E13: 6 | F13: 38 | G13: 0 | H13: 0 | I13: 1 | J13: 2 | K13: 0 | L13: 0 | M13: 190 | N13: 0 | O13: =SUM(C13:L13,N13) -> 103 | P13: =SUM(C13:N13) -> 293 | R13: 1000-1100 | S13: =SUM(C22:C25) -> 114 | T13: =SUM(D22:D25) -> 36 | U13: =SUM(E22:E25) -> 18 | V13: =SUM(F22:F25) -> 91 | W13: =SUM(G22:G25) -> 1 | X13: =SUM(H22:H25) -> 0 | Y13: =SUM(I22:I25) -> 12 | Z13: =SUM(J22:J25) -> 10 | ... AF13: =SUM(P22:P25) -> 977
B14: 08.00 - 08.15 | C14: 56 | D14: 19 | E14: 3 | F14: 54 | G14: 1 | H14: 0 | I14: 3 | J14: 2 | K14: 0 | L14: 0 | M14: 135 | N14: 0 | O14: =SUM(C14:L14,N14) -> 138 | P14: =SUM(C14:N14) -> 273 | R14: 1100-1200 | S14: =SUM(C26:C29) -> 164 | T14: =SUM(D26:D29) -> 57 | U14: =SUM(E26:E29) -> 29 | V14: =SUM(F26:F29) -> 107 | W14: =SUM(G26:G29) -> 0 | X14: =SUM(H26:H29) -> 0 | Y14: =SUM(I26:I29) -> 7 | Z14: =SUM(J26:J29) -> 17 | ... AF14: =SUM(P26:P29) -> 1032
B15: 08.15 - 08.30 | C15: 50 | D15: 25 | E15: 7 | F15: 45 | G15: 0 | H15: 0 | I15: 4 | J15: 1 | K15: 0 | L15: 0 | M15: 100 | N15: 0 | O15: =SUM(C15:L15,N15) -> 132 | P15: =SUM(C15:N15) -> 232 | R15: 1200-1300 | S15: =SUM(C30:C33) -> 189 | T15: =SUM(D30:D33) -> 71 | U15: =SUM(E30:E33) -> 25 | V15: =SUM(F30:F33) -> 89 | W15: =SUM(G30:G33) -> 0 | X15: =SUM(H30:H33) -> 1 | Y15: =SUM(I30:I33) -> 4 | Z15: =SUM(J30:J33) -> 10 | ... AF15: =SUM(P30:P33) -> 1010
B16: 08.30 - 08.45 | C16: 50 | D16: 20 | E16: 6 | F16: 52 | G16: 1 | H16: 0 | I16: 6 | J16: 1 | K16: 0 | L16: 0 | M16: 170 | N16: 0 | O16: =SUM(C16:L16,N16) -> 136 | P16: =SUM(C16:N16) -> 306 | R16: 1300-1400 | S16: =SUM(C34:C37) -> 196 | T16: =SUM(D34:D37) -> 45 | U16: =SUM(E34:E37) -> 25 | V16: =SUM(F34:F37) -> 70 | W16: =SUM(G34:G37) -> 0 | X16: =SUM(H34:H37) -> 0 | Y16: =SUM(I34:I37) -> 6 | Z16: =SUM(J34:J37) -> 8 | ... AF16: =SUM(P34:P37) -> 1091
B17: 08.45 - 9.00 | C17: 34 | D17: 8 | E17: 4 | F17: 41 | G17: 0 | H17: 1 | I17: 3 | J17: 1 | K17: 0 | L17: 0 | M17: 215 | N17: 0 | O17: =SUM(C17:L17,N17) -> 92 | P17: =SUM(C17:N17) -> 307 | R17: 1400-1500 | S17: =SUM(C38:C41) -> 189 | T17: =SUM(D38:D41) -> 50 | U17: =SUM(E38:E41) -> 26 | V17: =SUM(F38:F41) -> 83 | W17: =SUM(G38:G41) -> 0 | X17: =SUM(H38:H41) -> 0 | Y17: =SUM(I38:I41) -> 10 | Z17: =SUM(J38:J41) -> 5 | ... AF17: =SUM(P38:P41) -> 977
B18: 09.00 - 09.15 | C18: 46 | D18: 13 | E18: 5 | F18: 60 | G18: 0 | H18: 0 | I18: 5 | J18: 7 | K18: 1 | L18: 0 | M18: 190 | N18: 0 | O18: =SUM(C18:L18,N18) -> 137 | P18: =SUM(C18:N18) -> 327 | R18: 1500-1600 | S18: =SUM(C42:C45) -> 190 | T18: =SUM(D42:D45) -> 75 | U18: =SUM(E42:E45) -> 35 | V18: =SUM(F42:F45) -> 70 | W18: =SUM(G42:G45) -> 0 | X18: =SUM(H42:H45) -> 0 | Y18: =SUM(I42:I45) -> 16 | Z18: =SUM(J42:J45) -> 17 | ... AF18: =SUM(P42:P45) -> 1091
B19: 09.15 - 09.30 | C19: 32 | D19: 17 | E19: 7 | F19: 50 | G19: 1 | H19: 0 | I19: 3 | J19: 5 | K19: 1 | L19: 0 | M19: 220 | N19: 0 | O19: =SUM(C19:L19,N19) -> 116 | P19: =SUM(C19:N19) -> 336 | R19: 1600-1700 | S19: =SUM(C46:C49) -> 199 | T19: =SUM(D46:D49) -> 92 | U19: =SUM(E46:E49) -> 38 | V19: =SUM(F46:F49) -> 61 | W19: =SUM(G46:G49) -> 1 | X19: =SUM(H46:H49) -> 0 | Y19: =SUM(I46:I49) -> 11 | Z19: =SUM(J46:J49) -> 13 | ... AF19: =SUM(P46:P49) -> 1226
B20: 09.30 - 09.45 | C20: 27 | D20: 12 | E20: 6 | F20: 32 | G20: 1 | H20: 0 | I20: 1 | J20: 1 | K20: 0 | L20: 1 | M20: 240 | N20: 0 | O20: =SUM(C20:L20,N20) -> 81 | P20: =SUM(C20:N20) -> 321 | R20: 1700-1800 | S20: =SUM(C50:C53) -> 308 | T20: =SUM(D50:D53) -> 115 | U20: =SUM(E50:E53) -> 40 | V20: =SUM(F50:F53) -> 48 | W20: =SUM(G50:G53) -> 2 | X20: =SUM(H50:H53) -> 0 | Y20: =SUM(I50:I53) -> 8 | Z20: =SUM(J50:J53) -> 11 | ... AF20: =SUM(P50:P53) -> 1326
B21: 09.45 - 10.00 | C21: 43 | D21: 11 | E21: 4 | F21: 26 | G21: 1 | H21: 0 | I21: 3 | J21: 4 | K21: 2 | L21: 0 | M21: 160 | N21: 0 | O21: =SUM(C21:L21,N21) -> 94 | P21: =SUM(C21:N21) -> 254 | R21: 1800-1900 | S21: =SUM(C54:C57) -> 318 | T21: =SUM(D54:D57) -> 57 | U21: =SUM(E54:E57) -> 19 | V21: =SUM(F54:F57) -> 51 | W21: =SUM(G54:G57) -> 1 | X21: =SUM(H54:H57) -> 0 | Y21: =SUM(I54:I57) -> 5 | Z21: =SUM(J54:J57) -> 5 | ... AF21: =SUM(P54:P57) -> 1129
B22: 10.00 - 10.15 | C22: 29 | D22: 3 | E22: 5 | F22: 21 | G22: 0 | H22: 0 | I22: 1 | J22: 5 | K22: 1 | L22: 0 | M22: 185 | N22: 0 | O22: =SUM(C22:L22,N22) -> 65 | P22: =SUM(C22:N22) -> 250 | R22: AM Peak Hr | S22: =MAX(S10:S12) -> 190 | T22: =MAX(T10:T12) -> 72 | U22: =MAX(U10:U12) -> 22 | V22: =MAX(V10:V12) -> 192 | W22: =MAX(W10:W12) -> 3 | X22: =MAX(X10:X12) -> 1 | Y22: =MAX(Y10:Y12) -> 16 | Z22: =MAX(Z10:Z12) -> 17 | ... AF22: =MAX(AF10:AF12) -> 1238
B23: 10.15 - 10.30 | C23: 26 | D23: 15 | E23: 5 | F23: 22 | G23: 0 | H23: 0 | I23: 2 | J23: 3 | K23: 1 | L23: 1 | M23: 170 | N23: 0 | O23: =SUM(C23:L23,N23) -> 75 | P23: =SUM(C23:N23) -> 245 | R23: IP Peak Hr | S23: =MAX(S13:S18) -> 196 | T23: =MAX(T13:T18) -> 75 | U23: =MAX(U13:U18) -> 35 | V23: =MAX(V13:V18) -> 107 | W23: =MAX(W13:W18) -> 1 | X23: =MAX(X13:X18) -> 1 | Y23: =MAX(Y13:Y18) -> 16 | Z23: =MAX(Z13:Z18) -> 17 | ... AF23: =MAX(AF13:AF18) -> 1091
B24: 10.30 - 10.45 | C24: 33 | D24: 10 | E24: 6 | F24: 29 | G24: 0 | H24: 0 | I24: 4 | J24: 0 | K24: 1 | L24: 0 | M24: 160 | N24: 0 | O24: =SUM(C24:L24,N24) -> 83 | P24: =SUM(C24:N24) -> 243 | R24: PM Peak Hr | S24: =MAX(S19:S21) -> 318 | T24: =MAX(T19:T21) -> 115 | U24: =MAX(U19:U21) -> 40 | V24: =MAX(V19:V21) -> 61 | W24: =MAX(W19:W21) -> 2 | X24: =MAX(X19:X21) -> 0 | Y24: =MAX(Y19:Y21) -> 11 | Z24: =MAX(Z19:Z21) -> 13 | ... AF24: =MAX(AF19:AF21) -> 1326
B25: 10.45 - 11.00 | C25: 26 | D25: 8 | E25: 2 | F25: 19 | G25: 1 | H25: 0 | I25: 5 | J25: 2 | K25: 1 | L25: 0 | M25: 175 | N25: 0 | O25: =SUM(C25:L25,N25) -> 64 | P25: =SUM(C25:N25) -> 239 | R25: AM Period | S25: =SUM(S10:S12) -> 479 | T25: =SUM(T10:T12) -> 160 | U25: =SUM(U10:U12) -> 56 | V25: =SUM(V10:V12) -> 492 | W25: =SUM(W10:W12) -> 6 | X25: =SUM(X10:X12) -> 1 | Y25: =SUM(Y10:Y12) -> 32 | Z25: =SUM(Z10:Z12) -> 30 | ... AF25: =SUM(AF10:AF12) -> 3387
B26: 11.00 - 11.15 | C26: 34 | D26: 10 | E26: 11 | F26: 26 | G26: 0 | H26: 0 | I26: 0 | J26: 4 | K26: 3 | L26: 1 | M26: 150 | N26: 0 | O26: =SUM(C26:L26,N26) -> 89 | P26: =SUM(C26:N26) -> 239 | R26: IP Period | S26: =SUM(S13:S18) -> 1042 | T26: =SUM(T13:T18) -> 334 | U26: =SUM(U13:U18) -> 158 | V26: =SUM(V13:V18) -> 510 | W26: =SUM(W13:W18) -> 1 | X26: =SUM(X13:X18) -> 1 | Y26: =SUM(Y13:Y18) -> 55 | Z26: =SUM(Z13:Z18) -> 67 | ... AF26: =SUM(AF13:AF18) -> 6178
B27: 11.15 - 11.30 | C27: 43 | D27: 20 | E27: 9 | F27: 28 | G27: 0 | H27: 0 | I27: 1 | J27: 3 | K27: 0 | L27: 1 | M27: 150 | N27: 0 | O27: =SUM(C27:L27,N27) -> 105 | P27: =SUM(C27:N27) -> 255 | R27: PM Period | S27: =SUM(S19:S21) -> 825 | T27: =SUM(T19:T21) -> 264 | U27: =SUM(U19:U21) -> 97 | V27: =SUM(V19:V21) -> 160 | W27: =SUM(W19:W21) -> 4 | X27: =SUM(X19:X21) -> 0 | Y27: =SUM(Y19:Y21) -> 24 | Z27: =SUM(Z19:Z21) -> 29 | ... AF27: =SUM(AF19:AF21) -> 3681
B28: 11.30 - 11.45 | C28: 46 | D28: 12 | E28: 5 | F28: 27 | G28: 0 | H28: 0 | I28: 3 | J28: 5 | K28: 0 | L28: 0 | M28: 175 | N28: 0 | O28: =SUM(C28:L28,N28) -> 98 | P28: =SUM(C28:N28) -> 273 | R28: 12 Hours | S28: =SUM(S10:S21) -> 2346 | T28: =SUM(T10:T21) -> 758 | U28: =SUM(U10:U21) -> 311 | V28: =SUM(V10:V21) -> 1162 | W28: =SUM(W10:W21) -> 11 | X28: =SUM(X10:X21) -> 2 | Y28: =SUM(Y10:Y21) -> 111 | Z28: =SUM(Z10:Z21) -> 126 | ... AF28: =SUM(AF10:AF21) -> 13246
B29: 11.45 - 12.00 | C29: 41 | D29: 15 | E29: 4 | F29: 26 | G29: 0 | H29: 0 | I29: 3 | J29: 5 | K29: 1 | L29: 0 | M29: 170 | N29: 0 | O29: =SUM(C29:L29,N29) -> 95 | P29: =SUM(C29:N29) -> 265
B30: 12.00 - 12.15 | C30: 48 | D30: 12 | E30: 4 | F30: 18 | G30: 0 | H30: 1 | I30: 0 | J30: 6 | K30: 1 | L30: 0 | M30: 160 | N30: 0 | O30: =SUM(C30:L30,N30) -> 90 | P30: =SUM(C30:N30) -> 250
B31: 12.15 - 12.30 | C31: 55 | D31: 22 | E31: 7 | F31: 26 | G31: 0 | H31: 0 | I31: 2 | J31: 3 | K31: 2 | L31: 0 | M31: 161 | N31: 0 | O31: =SUM(C31:L31,N31) -> 117 | P31: =SUM(C31:N31) -> 278
B32: 12.30 - 12.45 | C32: 52 | D32: 29 | E32: 9 | F32: 25 | G32: 0 | H32: 0 | I32: 0 | J32: 1 | K32: 1 | L32: 0 | M32: 160 | N32: 0 | O32: =SUM(C32:L32,N32) -> 117 | P32: =SUM(C32:N32) -> 277
B33: 12.45 - 13.00 | C33: 34 | D33: 8 | E33: 5 | F33: 20 | G33: 0 | H33: 0 | I33: 2 | J33: 0 | K33: 1 | L33: 0 | M33: 135 | N33: 0 | O33: =SUM(C33:L33,N33) -> 70 | P33: =SUM(C33:N33) -> 205
B34: 13.00 - 13.15 | C34: 38 | D34: 13 | E34: 4 | F34: 23 | G34: 0 | H34: 0 | I34: 1 | J34: 4 | K34: 0 | L34: 0 | M34: 170 | N34: 0 | O34: =SUM(C34:L34,N34) -> 83 | P34: =SUM(C34:N34) -> 253
B35: 13.15 - 13.30 | C35: 46 | D35: 15 | E35: 8 | F35: 19 | G35: 0 | H35: 0 | I35: 0 | J35: 0 | K35: 0 | L35: 0 | M35: 160 | N35: 0 | O35: =SUM(C35:L35,N35) -> 88 | P35: =SUM(C35:N35) -> 248
B36: 13.30 - 13.45 | C36: 57 | D36: 13 | E36: 7 | F36: 15 | G36: 0 | H36: 0 | I36: 2 | J36: 3 | K36: 2 | L36: 0 | M36: 164 | N36: 0 | O36: =SUM(C36:L36,N36) -> 99 | P36: =SUM(C36:N36) -> 263
B37: 13.45 - 14.00 | C37: 55 | D37: 4 | E37: 6 | F37: 13 | G37: 0 | H37: 0 | I37: 3 | J37: 1 | K37: 0 | L37: 0 | M37: 245 | N37: 0 | O37: =SUM(C37:L37,N37) -> 82 | P37: =SUM(C37:N37) -> 327
B38: 14.00 - 14.15 | C38: 55 | D38: 11 | E38: 7 | F38: 19 | G38: 0 | H38: 0 | I38: 5 | J38: 1 | K38: 0 | L38: 0 | M38: 174 | N38: 0 | O38: =SUM(C38:L38,N38) -> 98 | P38: =SUM(C38:N38) -> 272
B39: 14.15 - 14.30 | C39: 53 | D39: 15 | E39: 6 | F39: 20 | G39: 0 | H39: 0 | I39: 1 | J39: 2 | K39: 0 | L39: 0 | M39: 161 | N39: 0 | O39: =SUM(C39:L39,N39) -> 97 | P39: =SUM(C39:N39) -> 258
B40: 14.30 - 14.45 | C40: 42 | D40: 8 | E40: 8 | F40: 17 | G40: 0 | H40: 0 | I40: 1 | J40: 0 | K40: 0 | L40: 0 | M40: 126 | N40: 0 | O40: =SUM(C40:L40,N40) -> 76 | P40: =SUM(C40:N40) -> 202
... B57: 18.45 - 19.00 | C57: 72 | D57: 11 | E57: 1 | F57: 12 | G57: 0 | H57: 0 | I57: 1 | J57: 1 | K57: 0 | L57: 0 | M57: 150 | N57: 0 | O57: =SUM(C57:L57,N57) -> 98 | P57: =SUM(C57:N57) -> 248
B58: Totals | C58: =SUM(C10:C57) -> 2346 | D58: =SUM(D10:D57) -> 758 | E58: =SUM(E10:E57) -> 311 | F58: =SUM(F10:F57) -> 1162 | G58: =SUM(G10:G57) -> 11 | H58: =SUM(H10:H57) -> 2 | I58: =SUM(I10:I57) -> 111 | J58: =SUM(J10:J57) -> 126 | ... P58: =SUM(P10:P57) -> 13246
B59: %ges + MCs | C59: =C58/$P$58 -> 0.17711007 | D59: =D58/$P$58 -> 0.057224823 | E59: =E58/$P$58 -> 0.023478786 | F59: =F58/$P$58 -> 0.087724596 | G59: =G58/$P$58 -> 0.00083043938 | H59: =H58/$P$58 -> 0.00015098898 | I59: =I58/$P$58 -> 0.0083798883 | J59: =J58/$P$58 -> 0.0095123056 | ... N59: =N58/$P$58 -> 7.5494489e-05
B60: %ges w/o MCs | C60: =C58/$O$58 -> 0.48311367 | D60: =D58/$O$58 -> 0.15609555 | E60: =E58/$O$58 -> 0.064044481 | F60: =F58/$O$58 -> 0.2392916 | G60: =G58/$O$58 -> 0.0022652389 | H60: =H58/$O$58 -> 0.00041186161 | I60: =I58/$O$58 -> 0.02285832 | J60: =J58/$O$58 -> 0.025947282 | ... L60: =L58/$O$58 -> 0.001029654 | N60: =N58/$O$58 -> 0.00020593081

Sheet 24.07 Makindye-Kibuye
B1: Consultancy services for Preparation of Expressway Development Master Plan (EDMP) for Uganda
B2: MANUAL CLASSIFIED COUNT (MCC)
B3: ROAD NAME: | C3: ='22.07 Makindye-Kibuye'!C3:G3 -> MCC - C1 - STN01 - MOBUTU ROAD
C5: Date | D5: ='24.07 Kibuye-Makindye'!D5 -> 24.07.19 | F5: Location | G5: ='22.07 Kibuye-Makindye'!G5:H5 -> FUELEX MAKINDYE | J5: Surveyor | K5: ='22.07 Kibuye-Makindye'!K5:L5 -> WAKWESA ALLAN/CHEMONGES KENNETH/SSONKO SAMUEL/OWOMUGISHA BRENDA
C6: Dir. From | D6: ='22.07 Makindye-Kibuye'!D6:E6 -> MAKINDYE | F6: Dir. To | G6: ='22.07 Makindye-Kibuye'!G6:H6 -> KIBUYE | J6: Supervisor | K6: ='22.07 Kibuye-Makindye'!K6:L6 -> EMMA
B8: Time / Veh Type | R8: SUMMARY TRAFFIC VOLUMES
C9: 1. Car | D9: 2. Station Wagon | E9: 3. Pickups | F9: 4. Minibus, matatu | G9: 5. Medium bus | H9: 6. Large Bus | I9: 7. Light Truck | J9: 8. Medium Truck | K9: 9. Heavy truck | L9: 10. Truck Trailer | M9: 11. Motor cycles | N9: 12. Tractors | O9: Total Excl M/Cycles | P9: Total All | R9: Time | S9: 1. Car | T9: 2. Station Wagon | U9: 3. Pickups | V9: 4. Minibus, matatu | W9: 5. Medium bus | X9: 6. Large Bus | Y9: 7. Light Truck | Z9: 8. Medium Truck | AA9: 9. Heavy truck | AB9: 10. Truck Trailer | AC9: 11. Motorcycles | AD9: 12. Tractors, Graders | AE9: Total Excl M/ Cycles | AF9: Total All
B10: 07.00 - 07.15 | C10: 37 | D10: 2 | E10: 4 | F10: 6 | G10: 0 | H10: 0 | I10: 2 | J10: 1 | K10: 0 | L10: 0 | M10: 150 | N10: 0 | O10: =SUM(C10:L10,N10) -> 52 | P10: =SUM(C10:N10) -> 202 | R10: 0700-0800 | S10: =SUM(C10:C13) -> 156 | T10: =SUM(D10:D13) -> 29 | U10: =SUM(E10:E13) -> 14 | V10: =SUM(F10:F13) -> 15 | W10: =SUM(G10:G13) -> 0 | X10: =SUM(H10:H13) -> 0 | Y10: =SUM(I10:I13) -> 8 | Z10: =SUM(J10:J13) -> 6 | ... AF10: =SUM(P10:P13) -> 993
B11: 07.15 - 07.30 | C11: 26 | D11: 1 | E11: 5 | F11: 4 | G11: 0 | H11: 0 | I11: 1 | J11: 3 | K11: 0 | L11: 0 | M11: 205 | N11: 0 | O11: =SUM(C11:L11,N11) -> 40 | P11: =SUM(C11:N11) -> 245 | R11: 0800-0900 | S11: =SUM(C14:C17) -> 159 | T11: =SUM(D14:D17) -> 56 | U11: =SUM(E14:E17) -> 21 | V11: =SUM(F14:F17) -> 43 | W11: =SUM(G14:G17) -> 0 | X11: =SUM(H14:H17) -> 0 | Y11: =SUM(I14:I17) -> 9 | Z11: =SUM(J14:J17) -> 7 | ... AF11: =SUM(P14:P17) -> 1077
B12: 07.30 - 07.45 | C12: 52 | D12: 10 | E12: 2 | F12: 5 | G12: 0 | H12: 0 | I12: 1 | J12: 1 | K12: 0 | L12: 0 | M12: 235 | N12: 0 | O12: =SUM(C12:L12,N12) -> 71 | P12: =SUM(C12:N12) -> 306 | R12: 0900-1000 | S12: =SUM(C18:C21) -> 189 | T12: =SUM(D18:D21) -> 43 | U12: =SUM(E18:E21) -> 26 | V12: =SUM(F18:F21) -> 100 | W12: =SUM(G18:G21) -> 1 | X12: =SUM(H18:H21) -> 0 | Y12: =SUM(I18:I21) -> 11 | Z12: =SUM(J18:J21) -> 5 | ... AF12: =SUM(P18:P21) -> 1061
B13: 07.45 - 08.00 | C13: 41 | D13: 16 | E13: 3 | F13: 0 | G13: 0 | H13: 0 | I13: 4 | J13: 1 | K13: 0 | L13: 0 | M13: 175 | N13: 0 | O13: =SUM(C13:L13,N13) -> 65 | P13: =SUM(C13:N13) -> 240 | R13: 1000-1100 | S13: =SUM(C22:C25) -> 148 | T13: =SUM(D22:D25) -> 34 | U13: =SUM(E22:E25) -> 28 | V13: =SUM(F22:F25) -> 132 | W13: =SUM(G22:G25) -> 1 | X13: =SUM(H22:H25) -> 0 | Y13: =SUM(I22:I25) -> 10 | Z13: =SUM(J22:J25) -> 4 | ... AF13: =SUM(P22:P25) -> 1127
B14: 08.00 - 08.15 | C14: 34 | D14: 10 | E14: 2 | F14: 2 | G14: 0 | H14: 0 | I14: 0 | J14: 2 | K14: 2 | L14: 0 | M14: 210 | N14: 0 | O14: =SUM(C14:L14,N14) -> 52 | P14: =SUM(C14:N14) -> 262 | R14: 1100-1200 | S14: =SUM(C26:C29) -> 136 | T14: =SUM(D26:D29) -> 52 | U14: =SUM(E26:E29) -> 22 | V14: =SUM(F26:F29) -> 163 | W14: =SUM(G26:G29) -> 1 | X14: =SUM(H26:H29) -> 0 | Y14: =SUM(I26:I29) -> 13 | Z14: =SUM(J26:J29) -> 9 | ... AF14: =SUM(P26:P29) -> 1180
B15: 08.15 - 08.30 | C15: 52 | D15: 12 | E15: 7 | F15: 7 | G15: 0 | H15: 0 | I15: 3 | J15: 3 | K15: 0 | L15: 0 | M15: 180 | N15: 0 | O15: =SUM(C15:L15,N15) -> 84 | P15: =SUM(C15:N15) -> 264 | R15: 1200-1300 | S15: =SUM(C30:C33) -> 129 | T15: =SUM(D30:D33) -> 37 | U15: =SUM(E30:E33) -> 19 | V15: =SUM(F30:F33) -> 146 | W15: =SUM(G30:G33) -> 0 | X15: =SUM(H30:H33) -> 0 | Y15: =SUM(I30:I33) -> 17 | Z15: =SUM(J30:J33) -> 7 | ... AF15: =SUM(P30:P33) -> 1170
B16: 08.30 - 08.45 | C16: 38 | D16: 21 | E16: 9 | F16: 15 | G16: 0 | H16: 0 | I16: 3 | J16: 1 | K16: 0 | L16: 0 | M16: 210 | N16: 0 | O16: =SUM(C16:L16,N16) -> 87 | P16: =SUM(C16:N16) -> 297 | R16: 1300-1400 | S16: =SUM(C34:C37) -> 192 | T16: =SUM(D34:D37) -> 29 | U16: =SUM(E34:E37) -> 38 | V16: =SUM(F34:F37) -> 116 | W16: =SUM(G34:G37) -> 0 | X16: =SUM(H34:H37) -> 0 | Y16: =SUM(I34:I37) -> 23 | Z16: =SUM(J34:J37) -> 7 | ... AF16: =SUM(P34:P37) -> 1526
B17: 08.45 - 9.00 | C17: 35 | D17: 13 | E17: 3 | F17: 19 | G17: 0 | H17: 0 | I17: 3 | J17: 1 | K17: 0 | L17: 0 | M17: 180 | N17: 0 | O17: =SUM(C17:L17,N17) -> 74 | P17: =SUM(C17:N17) -> 254 | R17: 1400-1500 | S17: =SUM(C38:C41) -> 148 | T17: =SUM(D38:D41) -> 14 | U17: =SUM(E38:E41) -> 23 | V17: =SUM(F38:F41) -> 118 | W17: =SUM(G38:G41) -> 1 | X17: =SUM(H38:H41) -> 0 | Y17: =SUM(I38:I41) -> 12 | Z17: =SUM(J38:J41) -> 2 | ... AF17: =SUM(P38:P41) -> 1283
B18: 09.00 - 09.15 | C18: 56 | D18: 17 | E18: 6 | F18: 25 | G18: 0 | H18: 0 | I18: 3 | J18: 1 | K18: 1 | L18: 0 | M18: 180 | N18: 0 | O18: =SUM(C18:L18,N18) -> 109 | P18: =SUM(C18:N18) -> 289 | R18: 1500-1600 | S18: =SUM(C42:C45) -> 138 | T18: =SUM(D42:D45) -> 12 | U18: =SUM(E42:E45) -> 12 | V18: =SUM(F42:F45) -> 114 | W18: =SUM(G42:G45) -> 0 | X18: =SUM(H42:H45) -> 0 | Y18: =SUM(I42:I45) -> 16 | Z18: =SUM(J42:J45) -> 6 | ... AF18: =SUM(P42:P45) -> 1240
B19: 09.15 - 09.30 | C19: 45 | D19: 10 | E19: 8 | F19: 28 | G19: 1 | H19: 0 | I19: 2 | J19: 3 | K19: 0 | L19: 0 | M19: 180 | N19: 0 | O19: =SUM(C19:L19,N19) -> 97 | P19: =SUM(C19:N19) -> 277 | R19: 1600-1700 | S19: =SUM(C46:C49) -> 135 | T19: =SUM(D46:D49) -> 27 | U19: =SUM(E46:E49) -> 27 | V19: =SUM(F46:F49) -> 86 | W19: =SUM(G46:G49) -> 0 | X19: =SUM(H46:H49) -> 1 | Y19: =SUM(I46:I49) -> 15 | Z19: =SUM(J46:J49) -> 7 | ... AF19: =SUM(P46:P49) -> 1219
B20: 09.30 - 09.45 | C20: 36 | D20: 8 | E20: 5 | F20: 26 | G20: 0 | H20: 0 | I20: 2 | J20: 1 | K20: 0 | L20: 0 | M20: 120 | N20: 0 | O20: =SUM(C20:L20,N20) -> 78 | P20: =SUM(C20:N20) -> 198 | R20: 1700-1800 | S20: =SUM(C50:C53) -> 133 | T20: =SUM(D50:D53) -> 12 | U20: =SUM(E50:E53) -> 13 | V20: =SUM(F50:F53) -> 99 | W20: =SUM(G50:G53) -> 2 | X20: =SUM(H50:H53) -> 0 | Y20: =SUM(I50:I53) -> 16 | Z20: =SUM(J50:J53) -> 5 | ... AF20: =SUM(P50:P53) -> 1141
B21: 09.45 - 10.00 | C21: 52 | D21: 8 | E21: 7 | F21: 21 | G21: 0 | H21: 0 | I21: 4 | J21: 0 | K21: 0 | L21: 0 | M21: 205 | N21: 0 | O21: =SUM(C21:L21,N21) -> 92 | P21: =SUM(C21:N21) -> 297 | R21: 1800-1900 | S21: =SUM(C54:C57) -> 122 | T21: =SUM(D54:D57) -> 7 | U21: =SUM(E54:E57) -> 8 | V21: =SUM(F54:F57) -> 98 | W21: =SUM(G54:G57) -> 0 | X21: =SUM(H54:H57) -> 0 | Y21: =SUM(I54:I57) -> 5 | Z21: =SUM(J54:J57) -> 3 | ... AF21: =SUM(P54:P57) -> 1032
B22: 10.00 - 10.15 | C22: 38 | D22: 9 | E22: 6 | F22: 27 | G22: 0 | H22: 0 | I22: 1 | J22: 0 | K22: 0 | L22: 0 | M22: 220 | N22: 0 | O22: =SUM(C22:L22,N22) -> 81 | P22: =SUM(C22:N22) -> 301 | R22: AM Peak Hr | S22: =MAX(S10:S12) -> 189 | T22: =MAX(T10:T12) -> 56 | U22: =MAX(U10:U12) -> 26 | V22: =MAX(V10:V12) -> 100 | W22: =MAX(W10:W12) -> 1 | X22: =MAX(X10:X12) -> 0 | Y22: =MAX(Y10:Y12) -> 11 | Z22: =MAX(Z10:Z12) -> 7 | ... AF22: =MAX(AF10:AF12) -> 1077
B23: 10.15 - 10.30 | C23: 44 | D23: 14 | E23: 5 | F23: 38 | G23: 0 | H23: 0 | I23: 0 | J23: 0 | K23: 0 | L23: 0 | M23: 190 | N23: 0 | O23: =SUM(C23:L23,N23) -> 101 | P23: =SUM(C23:N23) -> 291 | R23: IP Peak Hr | S23: =MAX(S13:S18) -> 192 | T23: =MAX(T13:T18) -> 52 | U23: =MAX(U13:U18) -> 38 | V23: =MAX(V13:V18) -> 163 | W23: =MAX(W13:W18) -> 1 | X23: =MAX(X13:X18) -> 0 | Y23: =MAX(Y13:Y18) -> 23 | Z23: =MAX(Z13:Z18) -> 9 | ... AF23: =MAX(AF13:AF18) -> 1526
B24: 10.30 - 10.45 | C24: 28 | D24: 3 | E24: 9 | F24: 45 | G24: 1 | H24: 0 | I24: 5 | J24: 3 | K24: 0 | L24: 0 | M24: 180 | N24: 0 | O24: =SUM(C24:L24,N24) -> 94 | P24: =SUM(C24:N24) -> 274 | R24: PM Peak Hr | S24: =MAX(S19:S21) -> 135 | T24: =MAX(T19:T21) -> 27 | U24: =MAX(U19:U21) -> 27 | V24: =MAX(V19:V21) -> 99 | W24: =MAX(W19:W21) -> 2 | X24: =MAX(X19:X21) -> 1 | Y24: =MAX(Y19:Y21) -> 16 | Z24: =MAX(Z19:Z21) -> 7 | ... AF24: =MAX(AF19:AF21) -> 1219
B25: 10.45 - 11.00 | C25: 38 | D25: 8 | E25: 8 | F25: 22 | G25: 0 | H25: 0 | I25: 4 | J25: 1 | K25: 0 | L25: 0 | M25: 180 | N25: 0 | O25: =SUM(C25:L25,N25) -> 81 | P25: =SUM(C25:N25) -> 261 | R25: AM Period | S25: =SUM(S10:S12) -> 504 | T25: =SUM(T10:T12) -> 128 | U25: =SUM(U10:U12) -> 61 | V25: =SUM(V10:V12) -> 158 | W25: =SUM(W10:W12) -> 1 | X25: =SUM(X10:X12) -> 0 | Y25: =SUM(Y10:Y12) -> 28 | Z25: =SUM(Z10:Z12) -> 18 | ... AF25: =SUM(AF10:AF12) -> 3131
B26: 11.00 - 11.15 | C26: 33 | D26: 9 | E26: 1 | F26: 46 | G26: 0 | H26: 0 | I26: 0 | J26: 2 | K26: 2 | L26: 0 | M26: 210 | N26: 0 | O26: =SUM(C26:L26,N26) -> 93 | P26: =SUM(C26:N26) -> 303 | R26: IP Period | S26: =SUM(S13:S18) -> 891 | T26: =SUM(T13:T18) -> 178 | U26: =SUM(U13:U18) -> 142 | V26: =SUM(V13:V18) -> 789 | W26: =SUM(W13:W18) -> 3 | X26: =SUM(X13:X18) -> 0 | Y26: =SUM(Y13:Y18) -> 91 | Z26: =SUM(Z13:Z18) -> 35 | ... AF26: =SUM(AF13:AF18) -> 7526
B27: 11.15 - 11.30 | C27: 30 | D27: 14 | E27: 4 | F27: 45 | G27: 0 | H27: 0 | I27: 5 | J27: 3 | K27: 0 | L27: 1 | M27: 210 | N27: 0 | O27: =SUM(C27:L27,N27) -> 102 | P27: =SUM(C27:N27) -> 312 | R27: PM Period | S27: =SUM(S19:S21) -> 390 | T27: =SUM(T19:T21) -> 46 | U27: =SUM(U19:U21) -> 48 | V27: =SUM(V19:V21) -> 283 | W27: =SUM(W19:W21) -> 2 | X27: =SUM(X19:X21) -> 1 | Y27: =SUM(Y19:Y21) -> 36 | Z27: =SUM(Z19:Z21) -> 15 | ... AF27: =SUM(AF19:AF21) -> 3392
B28: 11.30 - 11.45 | C28: 37 | D28: 14 | E28: 8 | F28: 35 | G28: 0 | H28: 0 | I28: 4 | J28: 3 | K28: 0 | L28: 0 | M28: 180 | N28: 0 | O28: =SUM(C28:L28,N28) -> 101 | P28: =SUM(C28:N28) -> 281 | R28: 12 Hours | S28: =SUM(S10:S21) -> 1785 | T28: =SUM(T10:T21) -> 352 | U28: =SUM(U10:U21) -> 251 | V28: =SUM(V10:V21) -> 1230 | W28: =SUM(W10:W21) -> 6 | X28: =SUM(X10:X21) -> 1 | Y28: =SUM(Y10:Y21) -> 155 | Z28: =SUM(Z10:Z21) -> 68 | ... AF28: =SUM(AF10:AF21) -> 14049
B29: 11.45 - 12.00 | C29: 36 | D29: 15 | E29: 9 | F29: 37 | G29: 1 | H29: 0 | I29: 4 | J29: 1 | K29: 1 | L29: 0 | M29: 180 | N29: 0 | O29: =SUM(C29:L29,N29) -> 104 | P29: =SUM(C29:N29) -> 284
B30: 12.00 - 12.15 | C30: 28 | D30: 10 | E30: 5 | F30: 37 | G30: 0 | H30: 0 | I30: 6 | J30: 4 | K30: 0 | L30: 0 | M30: 180 | N30: 0 | O30: =SUM(C30:L30,N30) -> 90 | P30: =SUM(C30:N30) -> 270
B31: 12.15 - 12.30 | C31: 43 | D31: 14 | E31: 10 | F31: 41 | G31: 0 | H31: 0 | I31: 4 | J31: 0 | K31: 0 | L31: 0 | M31: 210 | N31: 0 | O31: =SUM(C31:L31,N31) -> 112 | P31: =SUM(C31:N31) -> 322
B32: 12.30 - 12.45 | C32: 28 | D32: 7 | E32: 2 | F32: 38 | G32: 0 | H32: 0 | I32: 2 | J32: 2 | K32: 0 | L32: 0 | M32: 215 | N32: 0 | O32: =SUM(C32:L32,N32) -> 79 | P32: =SUM(C32:N32) -> 294
B33: 12.45 - 13.00 | C33: 30 | D33: 6 | E33: 2 | F33: 30 | G33: 0 | H33: 0 | I33: 5 | J33: 1 | K33: 0 | L33: 0 | M33: 210 | N33: 0 | O33: =SUM(C33:L33,N33) -> 74 | P33: =SUM(C33:N33) -> 284
B34: 13.00 - 13.15 | C34: 45 | D34: 10 | E34: 11 | F34: 34 | G34: 0 | H34: 0 | I34: 5 | J34: 0 | K34: 0 | L34: 1 | M34: 220 | N34: 0 | O34: =SUM(C34:L34,N34) -> 106 | P34: =SUM(C34:N34) -> 326
B35: 13.15 - 13.30 | C35: 66 | D35: 4 | E35: 12 | F35: 25 | G35: 0 | H35: 0 | I35: 8 | J35: 1 | K35: 0 | L35: 0 | M35: 375 | N35: 0 | O35: =SUM(C35:L35,N35) -> 116 | P35: =SUM(C35:N35) -> 491
B36: 13.30 - 13.45 | C36: 43 | D36: 7 | E36: 8 | F36: 35 | G36: 0 | H36: 0 | I36: 6 | J36: 4 | K36: 0 | L36: 0 | M36: 245 | N36: 0 | O36: =SUM(C36:L36,N36) -> 103 | P36: =SUM(C36:N36) -> 348
B37: 13.45 - 14.00 | C37: 38 | D37: 8 | E37: 7 | F37: 22 | G37: 0 | H37: 0 | I37: 4 | J37: 2 | K37: 0 | L37: 0 | M37: 280 | N37: 0 | O37: =SUM(C37:L37,N37) -> 81 | P37: =SUM(C37:N37) -> 361
B38: 14.00 - 14.15 | C38: 53 | D38: 3 | E38: 16 | F38: 32 | G38: 1 | H38: 0 | I38: 5 | J38: 1 | K38: 0 | L38: 0 | M38: 240 | N38: 0 | O38: =SUM(C38:L38,N38) -> 111 | P38: =SUM(C38:N38) -> 351
B39: 14.15 - 14.30 | C39: 39 | D39: 4 | E39: 4 | F39: 41 | G39: 0 | H39: 0 | I39: 2 | J39: 1 | K39: 0 | L39: 0 | M39: 280 | N39: 0 | O39: =SUM(C39:L39,N39) -> 91 | P39: =SUM(C39:N39) -> 371
B40: 14.30 - 14.45 | C40: 18 | D40: 4 | E40: 1 | F40: 21 | G40: 0 | H40: 0 | I40: 2 | J40: 0 | K40: 0 | L40: 0 | M40: 210 | N40: 0 | O40: =SUM(C40:L40,N40) -> 46 | P40: =SUM(C40:N40) -> 256
... B57: 18.45 - 19.00 | C57: 30 | D57: 0 | E57: 0 | F57: 35 | G57: 0 | H57: 0 | I57: 3 | J57: 2 | K57: 2 | L57: 0 | M57: 185 | N57: 0 | O57: =SUM(C57:L57,N57) -> 72 | P57: =SUM(C57:N57) -> 257
B58: Totals | C58: =SUM(C10:C57) -> 1785 | D58: =SUM(D10:D57) -> 352 | E58: =SUM(E10:E57) -> 251 | F58: =SUM(F10:F57) -> 1230 | G58: =SUM(G10:G57) -> 6 | H58: =SUM(H10:H57) -> 1 | I58: =SUM(I10:I57) -> 155 | J58: =SUM(J10:J57) -> 68 | ... P58: =SUM(P10:P57) -> 14049
B59: %ges + MCs | C59: =C58/$P$58 -> 0.12705531 | D59: =D58/$P$58 -> 0.025055164 | E59: =E58/$P$58 -> 0.01786604 | F59: =F58/$P$58 -> 0.087550715 | G59: =G58/$P$58 -> 0.00042707666 | H59: =H58/$P$58 -> 7.1179443e-05 | I59: =I58/$P$58 -> 0.011032814 | J59: =J58/$P$58 -> 0.0048402021 | ... N59: =N58/$P$58 -> 0
B60: %ges w/o MCs | C60: =C58/$O$58 -> 0.46195652 | D60: =D58/$O$58 -> 0.091097308 | E60: =E58/$O$58 -> 0.064958592 | F60: =F58/$O$58 -> 0.31832298 | G60: =G58/$O$58 -> 0.001552795 | H60: =H58/$O$58 -> 0.00025879917 | I60: =I58/$O$58 -> 0.040113872 | J60: =J58/$O$58 -> 0.017598344 | ... L60: =L58/$O$58 -> 0.00077639752 | N60: =N58/$O$58 -> 0

Sheet 25.07 Kibuye-Makindye
B1: Consultancy services for Preparation of Expressway Development Master Plan (EDMP) for Uganda
B2: MANUAL CLASSIFIED COUNT (MCC)
B3: ROAD NAME: | C3: ='22.07 Kibuye-Makindye'!C3:G3 -> MCC - C1 - STN01 - MOBUTU ROAD
C5: Date | D5: 25.07.19 | F5: Location | G5: ='24.07 Makindye-Kibuye'!G5:H5 -> FUELEX MAKINDYE | J5: Surveyor | K5: ='24.07 Makindye-Kibuye'!K5:L5 -> WAKWESA ALLAN/CHEMONGES KENNETH/SSONKO SAMUEL/OWOMUGISHA BRENDA
C6: Dir. From | D6: ='22.07 Kibuye-Makindye'!D6:E6 -> KIBUYE | F6: Dir. To | G6: ='22.07 Kibuye-Makindye'!G6:H6 -> MAKINDYE | J6: Supervisor | K6: ='24.07 Makindye-Kibuye'!K6:L6 -> EMMA
B8: Time / Veh Type | R8: SUMMARY TRAFFIC VOLUMES
C9: 1. Car | D9: 2. Station Wagon | E9: 3. Pickups | F9: 4. Minibus, matatu | G9: 5. Medium bus | H9: 6. Large Bus | I9: 7. Light Truck | J9: 8. Medium Truck | K9: 9. Heavy truck | L9: 10. Truck Trailer | M9: 11. Motor cycles | N9: 12. Tractors | O9: Total Excl M/Cycles | P9: Total All | R9: Time | S9: 1. Car | T9: 2. Station Wagon | U9: 3. Pickups | V9: 4. Minibus, matatu | W9: 5. Medium bus | X9: 6. Large Bus | Y9: 7. Light Truck | Z9: 8. Medium Truck | AA9: 9. Heavy truck | AB9: 10. Truck Trailer | AC9: 11. Motorcycles | AD9: 12. Tractors, Graders | AE9: Total Excl M/ Cycles | AF9: Total All
B10: 07.00 - 07.15 | C10: 46 | D10: 11 | E10: 2 | F10: 48 | G10: 0 | H10: 0 | I10: 2 | J10: 0 | K10: 0 | L10: 0 | M10: 220 | N10: 0 | O10: =SUM(C10:L10,N10) -> 109 | P10: =SUM(C10:N10) -> 329 | R10: 0700-0800 | S10: =SUM(C10:C13) -> 193 | T10: =SUM(D10:D13) -> 50 | U10: =SUM(E10:E13) -> 13 | V10: =SUM(F10:F13) -> 171 | W10: =SUM(G10:G13) -> 2 | X10: =SUM(H10:H13) -> 0 | Y10: =SUM(I10:I13) -> 9 | Z10: =SUM(J10:J13) -> 3 | ... AF10: =SUM(P10:P13) -> 1333
B11: 07.15 - 07.30 | C11: 54 | D11: 9 | E11: 4 | F11: 45 | G11: 1 | H11: 0 | I11: 0 | J11: 1 | K11: 0 | L11: 0 | M11: 213 | N11: 0 | O11: =SUM(C11:L11,N11) -> 114 | P11: =SUM(C11:N11) -> 327 | R11: 0800-0900 | S11: =SUM(C14:C17) -> 125 | T11: =SUM(D14:D17) -> 42 | U11: =SUM(E14:E17) -> 16 | V11: =SUM(F14:F17) -> 114 | W11: =SUM(G14:G17) -> 4 | X11: =SUM(H14:H17) -> 1 | Y11: =SUM(I14:I17) -> 6 | Z11: =SUM(J14:J17) -> 7 | ... AF11: =SUM(P14:P17) -> 1215
B12: 07.30 - 07.45 | C12: 49 | D12: 12 | E12: 3 | F12: 41 | G12: 0 | H12: 0 | I12: 1 | J12: 2 | K12: 0 | L12: 0 | M12: 224 | N12: 0 | O12: =SUM(C12:L12,N12) -> 108 | P12: =SUM(C12:N12) -> 332 | R12: 0900-1000 | S12: =SUM(C18:C21) -> 109 | T12: =SUM(D18:D21) -> 42 | U12: =SUM(E18:E21) -> 21 | V12: =SUM(F18:F21) -> 87 | W12: =SUM(G18:G21) -> 1 | X12: =SUM(H18:H21) -> 0 | Y12: =SUM(I18:I21) -> 14 | Z12: =SUM(J18:J21) -> 9 | ... AF12: =SUM(P18:P21) -> 1277
B13: 07.45 - 08.00 | C13: 44 | D13: 18 | E13: 4 | F13: 37 | G13: 1 | H13: 0 | I13: 6 | J13: 0 | K13: 0 | L13: 0 | M13: 235 | N13: 0 | O13: =SUM(C13:L13,N13) -> 110 | P13: =SUM(C13:N13) -> 345 | R13: 1000-1100 | S13: =SUM(C22:C25) -> 131 | T13: =SUM(D22:D25) -> 39 | U13: =SUM(E22:E25) -> 36 | V13: =SUM(F22:F25) -> 81 | W13: =SUM(G22:G25) -> 2 | X13: =SUM(H22:H25) -> 1 | Y13: =SUM(I22:I25) -> 13 | Z13: =SUM(J22:J25) -> 5 | ... AF13: =SUM(P22:P25) -> 1071
B14: 08.00 - 08.15 | C14: 28 | D14: 11 | E14: 6 | F14: 26 | G14: 0 | H14: 1 | I14: 1 | J14: 2 | K14: 1 | L14: 0 | M14: 215 | N14: 0 | O14: =SUM(C14:L14,N14) -> 76 | P14: =SUM(C14:N14) -> 291 | R14: 1100-1200 | S14: =SUM(C26:C29) -> 153 | T14: =SUM(D26:D29) -> 87 | U14: =SUM(E26:E29) -> 30 | V14: =SUM(F26:F29) -> 82 | W14: =SUM(G26:G29) -> 1 | X14: =SUM(H26:H29) -> 0 | Y14: =SUM(I26:I29) -> 10 | Z14: =SUM(J26:J29) -> 9 | ... AF14: =SUM(P26:P29) -> 1174
B15: 08.15 - 08.30 | C15: 33 | D15: 7 | E15: 3 | F15: 28 | G15: 2 | H15: 0 | I15: 1 | J15: 2 | K15: 0 | L15: 0 | M15: 211 | N15: 0 | O15: =SUM(C15:L15,N15) -> 76 | P15: =SUM(C15:N15) -> 287 | R15: 1200-1300 | S15: =SUM(C30:C33) -> 165 | T15: =SUM(D30:D33) -> 62 | U15: =SUM(E30:E33) -> 39 | V15: =SUM(F30:F33) -> 83 | W15: =SUM(G30:G33) -> 0 | X15: =SUM(H30:H33) -> 0 | Y15: =SUM(I30:I33) -> 5 | Z15: =SUM(J30:J33) -> 19 | ... AF15: =SUM(P30:P33) -> 1184
B16: 08.30 - 08.45 | C16: 30 | D16: 17 | E16: 1 | F16: 30 | G16: 1 | H16: 0 | I16: 3 | J16: 1 | K16: 1 | L16: 0 | M16: 235 | N16: 0 | O16: =SUM(C16:L16,N16) -> 84 | P16: =SUM(C16:N16) -> 319 | R16: 1300-1400 | S16: =SUM(C34:C37) -> 198 | T16: =SUM(D34:D37) -> 47 | U16: =SUM(E34:E37) -> 22 | V16: =SUM(F34:F37) -> 87 | W16: =SUM(G34:G37) -> 1 | X16: =SUM(H34:H37) -> 0 | Y16: =SUM(I34:I37) -> 6 | Z16: =SUM(J34:J37) -> 4 | ... AF16: =SUM(P34:P37) -> 1022
B17: 08.45 - 9.00 | C17: 34 | D17: 7 | E17: 6 | F17: 30 | G17: 1 | H17: 0 | I17: 1 | J17: 2 | K17: 0 | L17: 0 | M17: 237 | N17: 0 | O17: =SUM(C17:L17,N17) -> 81 | P17: =SUM(C17:N17) -> 318 | R17: 1400-1500 | S17: =SUM(C38:C41) -> 178 | T17: =SUM(D38:D41) -> 113 | U17: =SUM(E38:E41) -> 15 | V17: =SUM(F38:F41) -> 115 | W17: =SUM(G38:G41) -> 0 | X17: =SUM(H38:H41) -> 0 | Y17: =SUM(I38:I41) -> 5 | Z17: =SUM(J38:J41) -> 4 | ... AF17: =SUM(P38:P41) -> 1132
B18: 09.00 - 09.15 | C18: 26 | D18: 9 | E18: 4 | F18: 21 | G18: 0 | H18: 0 | I18: 3 | J18: 1 | K18: 1 | L18: 0 | M18: 260 | N18: 0 | O18: =SUM(C18:L18,N18) -> 65 | P18: =SUM(C18:N18) -> 325 | R18: 1500-1600 | S18: =SUM(C42:C45) -> 270 | T18: =SUM(D42:D45) -> 105 | U18: =SUM(E42:E45) -> 22 | V18: =SUM(F42:F45) -> 156 | W18: =SUM(G42:G45) -> 0 | X18: =SUM(H42:H45) -> 0 | Y18: =SUM(I42:I45) -> 10 | Z18: =SUM(J42:J45) -> 3 | ... AF18: =SUM(P42:P45) -> 1160
B19: 09.15 - 09.30 | C19: 25 | D19: 10 | E19: 7 | F19: 26 | G19: 0 | H19: 0 | I19: 2 | J19: 3 | K19: 0 | L19: 0 | M19: 230 | N19: 0 | O19: =SUM(C19:L19,N19) -> 73 | P19: =SUM(C19:N19) -> 303 | R19: 1600-1700 | S19: =SUM(C46:C49) -> 219 | T19: =SUM(D46:D49) -> 80 | U19: =SUM(E46:E49) -> 22 | V19: =SUM(F46:F49) -> 97 | W19: =SUM(G46:G49) -> 3 | X19: =SUM(H46:H49) -> 0 | Y19: =SUM(I46:I49) -> 8 | Z19: =SUM(J46:J49) -> 4 | ... AF19: =SUM(P46:P49) -> 1118
B20: 09.30 - 09.45 | C20: 20 | D20: 14 | E20: 1 | F20: 25 | G20: 0 | H20: 0 | I20: 4 | J20: 4 | K20: 1 | L20: 0 | M20: 251 | N20: 0 | O20: =SUM(C20:L20,N20) -> 69 | P20: =SUM(C20:N20) -> 320 | R20: 1700-1800 | S20: =SUM(C50:C53) -> 290 | T20: =SUM(D50:D53) -> 67 | U20: =SUM(E50:E53) -> 31 | V20: =SUM(F50:F53) -> 167 | W20: =SUM(G50:G53) -> 3 | X20: =SUM(H50:H53) -> 1 | Y20: =SUM(I50:I53) -> 4 | Z20: =SUM(J50:J53) -> 4 | ... AF20: =SUM(P50:P53) -> 1401
B21: 09.45 - 10.00 | C21: 38 | D21: 9 | E21: 9 | F21: 15 | G21: 1 | H21: 0 | I21: 5 | J21: 1 | K21: 1 | L21: 0 | M21: 250 | N21: 0 | O21: =SUM(C21:L21,N21) -> 79 | P21: =SUM(C21:N21) -> 329 | R21: 1800-1900 | S21: =SUM(C54:C57) -> 317 | T21: =SUM(D54:D57) -> 60 | U21: =SUM(E54:E57) -> 23 | V21: =SUM(F54:F57) -> 43 | W21: =SUM(G54:G57) -> 7 | X21: =SUM(H54:H57) -> 1 | Y21: =SUM(I54:I57) -> 5 | Z21: =SUM(J54:J57) -> 0 | ... AF21: =SUM(P54:P57) -> 1187
B22: 10.00 - 10.15 | C22: 40 | D22: 12 | E22: 7 | F22: 22 | G22: 2 | H22: 0 | I22: 5 | J22: 1 | K22: 0 | L22: 0 | M22: 220 | N22: 0 | O22: =SUM(C22:L22,N22) -> 89 | P22: =SUM(C22:N22) -> 309 | R22: AM Peak Hr | S22: =MAX(S10:S12) -> 193 | T22: =MAX(T10:T12) -> 50 | U22: =MAX(U10:U12) -> 21 | V22: =MAX(V10:V12) -> 171 | W22: =MAX(W10:W12) -> 4 | X22: =MAX(X10:X12) -> 1 | Y22: =MAX(Y10:Y12) -> 14 | Z22: =MAX(Z10:Z12) -> 9 | ... AF22: =MAX(AF10:AF12) -> 1333
B23: 10.15 - 10.30 | C23: 31 | D23: 9 | E23: 7 | F23: 20 | G23: 0 | H23: 1 | I23: 0 | J23: 1 | K23: 0 | L23: 0 | M23: 185 | N23: 0 | O23: =SUM(C23:L23,N23) -> 69 | P23: =SUM(C23:N23) -> 254 | R23: IP Peak Hr | S23: =MAX(S13:S18) -> 270 | T23: =MAX(T13:T18) -> 113 | U23: =MAX(U13:U18) -> 39 | V23: =MAX(V13:V18) -> 156 | W23: =MAX(W13:W18) -> 2 | X23: =MAX(X13:X18) -> 1 | Y23: =MAX(Y13:Y18) -> 13 | Z23: =MAX(Z13:Z18) -> 19 | ... AF23: =MAX(AF13:AF18) -> 1184
B24: 10.30 - 10.45 | C24: 38 | D24: 9 | E24: 9 | F24: 17 | G24: 0 | H24: 0 | I24: 3 | J24: 1 | K24: 1 | L24: 0 | M24: 190 | N24: 0 | O24: =SUM(C24:L24,N24) -> 78 | P24: =SUM(C24:N24) -> 268 | R24: PM Peak Hr | S24: =MAX(S19:S21) -> 317 | T24: =MAX(T19:T21) -> 80 | U24: =MAX(U19:U21) -> 31 | V24: =MAX(V19:V21) -> 167 | W24: =MAX(W19:W21) -> 7 | X24: =MAX(X19:X21) -> 1 | Y24: =MAX(Y19:Y21) -> 8 | Z24: =MAX(Z19:Z21) -> 4 | ... AF24: =MAX(AF19:AF21) -> 1401
B25: 10.45 - 11.00 | C25: 22 | D25: 9 | E25: 13 | F25: 22 | G25: 0 | H25: 0 | I25: 5 | J25: 2 | K25: 2 | L25: 0 | M25: 165 | N25: 0 | O25: =SUM(C25:L25,N25) -> 75 | P25: =SUM(C25:N25) -> 240 | R25: AM Period | S25: =SUM(S10:S12) -> 427 | T25: =SUM(T10:T12) -> 134 | U25: =SUM(U10:U12) -> 50 | V25: =SUM(V10:V12) -> 372 | W25: =SUM(W10:W12) -> 7 | X25: =SUM(X10:X12) -> 1 | Y25: =SUM(Y10:Y12) -> 29 | Z25: =SUM(Z10:Z12) -> 19 | ... AF25: =SUM(AF10:AF12) -> 3825
B26: 11.00 - 11.15 | C26: 40 | D26: 23 | E26: 8 | F26: 21 | G26: 0 | H26: 0 | I26: 3 | J26: 1 | K26: 0 | L26: 0 | M26: 180 | N26: 0 | O26: =SUM(C26:L26,N26) -> 96 | P26: =SUM(C26:N26) -> 276 | R26: IP Period | S26: =SUM(S13:S18) -> 1095 | T26: =SUM(T13:T18) -> 453 | U26: =SUM(U13:U18) -> 164 | V26: =SUM(V13:V18) -> 604 | W26: =SUM(W13:W18) -> 4 | X26: =SUM(X13:X18) -> 1 | Y26: =SUM(Y13:Y18) -> 49 | Z26: =SUM(Z13:Z18) -> 44 | ... AF26: =SUM(AF13:AF18) -> 6743
B27: 11.15 - 11.30 | C27: 29 | D27: 16 | E27: 5 | F27: 18 | G27: 0 | H27: 0 | I27: 0 | J27: 4 | K27: 0 | L27: 0 | M27: 191 | N27: 0 | O27: =SUM(C27:L27,N27) -> 72 | P27: =SUM(C27:N27) -> 263 | R27: PM Period | S27: =SUM(S19:S21) -> 826 | T27: =SUM(T19:T21) -> 207 | U27: =SUM(U19:U21) -> 76 | V27: =SUM(V19:V21) -> 307 | W27: =SUM(W19:W21) -> 13 | X27: =SUM(X19:X21) -> 2 | Y27: =SUM(Y19:Y21) -> 17 | Z27: =SUM(Z19:Z21) -> 8 | ... AF27: =SUM(AF19:AF21) -> 3706
B28: 11.30 - 11.45 | C28: 42 | D28: 25 | E28: 10 | F28: 22 | G28: 0 | H28: 0 | I28: 5 | J28: 2 | K28: 1 | L28: 1 | M28: 204 | N28: 0 | O28: =SUM(C28:L28,N28) -> 108 | P28: =SUM(C28:N28) -> 312 | R28: 12 Hours | S28: =SUM(S10:S21) -> 2348 | T28: =SUM(T10:T21) -> 794 | U28: =SUM(U10:U21) -> 290 | V28: =SUM(V10:V21) -> 1283 | W28: =SUM(W10:W21) -> 24 | X28: =SUM(X10:X21) -> 4 | Y28: =SUM(Y10:Y21) -> 95 | Z28: =SUM(Z10:Z21) -> 71 | ... AF28: =SUM(AF10:AF21) -> 14274
B29: 11.45 - 12.00 | C29: 42 | D29: 23 | E29: 7 | F29: 21 | G29: 1 | H29: 0 | I29: 2 | J29: 2 | K29: 0 | L29: 0 | M29: 225 | N29: 0 | O29: =SUM(C29:L29,N29) -> 98 | P29: =SUM(C29:N29) -> 323
B30: 12.00 - 12.15 | C30: 48 | D30: 23 | E30: 17 | F30: 20 | G30: 0 | H30: 0 | I30: 0 | J30: 7 | K30: 1 | L30: 0 | M30: 208 | N30: 0 | O30: =SUM(C30:L30,N30) -> 116 | P30: =SUM(C30:N30) -> 324
B31: 12.15 - 12.30 | C31: 42 | D31: 12 | E31: 12 | F31: 28 | G31: 0 | H31: 0 | I31: 3 | J31: 4 | K31: 2 | L31: 0 | M31: 210 | N31: 0 | O31: =SUM(C31:L31,N31) -> 103 | P31: =SUM(C31:N31) -> 313
B32: 12.30 - 12.45 | C32: 33 | D32: 14 | E32: 8 | F32: 19 | G32: 0 | H32: 0 | I32: 1 | J32: 4 | K32: 3 | L32: 0 | M32: 205 | N32: 0 | O32: =SUM(C32:L32,N32) -> 82 | P32: =SUM(C32:N32) -> 287
B33: 12.45 - 13.00 | C33: 42 | D33: 13 | E33: 2 | F33: 16 | G33: 0 | H33: 0 | I33: 1 | J33: 4 | K33: 2 | L33: 0 | M33: 180 | N33: 0 | O33: =SUM(C33:L33,N33) -> 80 | P33: =SUM(C33:N33) -> 260
B34: 13.00 - 13.15 | C34: 54 | D34: 15 | E34: 5 | F34: 30 | G34: 0 | H34: 0 | I34: 3 | J34: 2 | K34: 0 | L34: 0 | M34: 190 | N34: 0 | O34: =SUM(C34:L34,N34) -> 109 | P34: =SUM(C34:N34) -> 299
B35: 13.15 - 13.30 | C35: 41 | D35: 14 | E35: 5 | F35: 23 | G35: 0 | H35: 0 | I35: 0 | J35: 1 | K35: 0 | L35: 0 | M35: 175 | N35: 0 | O35: =SUM(C35:L35,N35) -> 84 | P35: =SUM(C35:N35) -> 259
B36: 13.30 - 13.45 | C36: 47 | D36: 14 | E36: 5 | F36: 16 | G36: 0 | H36: 0 | I36: 3 | J36: 0 | K36: 0 | L36: 0 | M36: 181 | N36: 0 | O36: =SUM(C36:L36,N36) -> 85 | P36: =SUM(C36:N36) -> 266
B37: 13.45 - 14.00 | C37: 56 | D37: 4 | E37: 7 | F37: 18 | G37: 1 | H37: 0 | I37: 0 | J37: 1 | K37: 1 | L37: 0 | M37: 110 | N37: 0 | O37: =SUM(C37:L37,N37) -> 88 | P37: =SUM(C37:N37) -> 198
B38: 14.00 - 14.15 | C38: 50 | D38: 23 | E38: 4 | F38: 27 | G38: 0 | H38: 0 | I38: 3 | J38: 1 | K38: 0 | L38: 0 | M38: 170 | N38: 0 | O38: =SUM(C38:L38,N38) -> 108 | P38: =SUM(C38:N38) -> 278
B39: 14.15 - 14.30 | C39: 45 | D39: 15 | E39: 5 | F39: 25 | G39: 0 | H39: 0 | I39: 1 | J39: 0 | K39: 0 | L39: 0 | M39: 160 | N39: 0 | O39: =SUM(C39:L39,N39) -> 91 | P39: =SUM(C39:N39) -> 251
B40: 14.30 - 14.45 | C40: 63 | D40: 40 | E40: 6 | F40: 28 | G40: 0 | H40: 0 | I40: 1 | J40: 3 | K40: 0 | L40: 0 | M40: 142 | N40: 0 | O40: =SUM(C40:L40,N40) -> 141 | P40: =SUM(C40:N40) -> 283
... B57: 18.45 - 19.00 | C57: 80 | D57: 13 | E57: 10 | F57: 11 | G57: 0 | H57: 0 | I57: 0 | J57: 0 | K57: 0 | L57: 0 | M57: 170 | N57: 0 | O57: =SUM(C57:L57,N57) -> 114 | P57: =SUM(C57:N57) -> 284
B58: Totals | C58: =SUM(C10:C57) -> 2348 | D58: =SUM(D10:D57) -> 794 | E58: =SUM(E10:E57) -> 290 | F58: =SUM(F10:F57) -> 1283 | G58: =SUM(G10:G57) -> 24 | H58: =SUM(H10:H57) -> 4 | I58: =SUM(I10:I57) -> 95 | J58: =SUM(J10:J57) -> 71 | ... P58: =SUM(P10:P57) -> 14274
B59: %ges + MCs | C59: =C58/$P$58 -> 0.16449489 | D59: =D58/$P$58 -> 0.055625613 | E59: =E58/$P$58 -> 0.02031666 | F59: =F58/$P$58 -> 0.089883705 | G59: =G58/$P$58 -> 0.0016813787 | H59: =H58/$P$58 -> 0.00028022979 | I59: =I58/$P$58 -> 0.0066554575 | J59: =J58/$P$58 -> 0.0049740787 | ... N59: =N58/$P$58 -> 0
B60: %ges w/o MCs | C60: =C58/$O$58 -> 0.47559247 | D60: =D58/$O$58 -> 0.16082641 | E60: =E58/$O$58 -> 0.058740126 | F60: =F58/$O$58 -> 0.25987442 | G60: =G58/$O$58 -> 0.0048612518 | H60: =H58/$O$58 -> 0.00081020863 | I60: =I58/$O$58 -> 0.019242455 | J60: =J58/$O$58 -> 0.014381203 | ... L60: =L58/$O$58 -> 0.00040510431 | N60: =N58/$O$58 -> 0

Sheet 25.07 Makindye-Kibuye
B1: Consultancy services for Preparation of Expressway Development Master Plan (EDMP) for Uganda
B2: MANUAL CLASSIFIED COUNT (MCC)
B3: ROAD NAME: | C3: ='22.07 Makindye-Kibuye'!C3:G3 -> MCC - C1 - STN01 - MOBUTU ROAD
C5: Date | D5: ='25.07 Kibuye-Makindye'!D5 -> 25.07.19 | F5: Location | G5: ='25.07 Kibuye-Makindye'!G5:H5 -> FUELEX MAKINDYE | J5: Surveyor | K5: ='25.07 Kibuye-Makindye'!K5:L5 -> WAKWESA ALLAN/CHEMONGES KENNETH/SSONKO SAMUEL/OWOMUGISHA BRENDA
C6: Dir. From | D6: ='22.07 Makindye-Kibuye'!D6:E6 -> MAKINDYE | F6: Dir. To | G6: ='22.07 Makindye-Kibuye'!G6:H6 -> KIBUYE | J6: Supervisor | K6: ='25.07 Kibuye-Makindye'!K6:L6 -> EMMA
B8: Time / Veh Type | R8: SUMMARY TRAFFIC VOLUMES
C9: 1. Car | D9: 2. Station Wagon | E9: 3. Pickups | F9: 4. Minibus, matatu | G9: 5. Medium bus | H9: 6. Large Bus | I9: 7. Light Truck | J9: 8. Medium Truck | K9: 9. Heavy truck | L9: 10. Truck Trailer | M9: 11. Motor cycles | N9: 12. Tractors | O9: Total Excl M/Cycles | P9: Total All | R9: Time | S9: 1. Car | T9: 2. Station Wagon | U9: 3. Pickups | V9: 4. Minibus, matatu | W9: 5. Medium bus | X9: 6. Large Bus | Y9: 7. Light Truck | Z9: 8. Medium Truck | AA9: 9. Heavy truck | AB9: 10. Truck Trailer | AC9: 11. Motorcycles | AD9: 12. Tractors, Graders | AE9: Total Excl M/ Cycles | AF9: Total All
B10: 07.00 - 07.15 | C10: 35 | D10: 5 | E10: 3 | F10: 12 | G10: 0 | H10: 0 | I10: 4 | J10: 0 | K10: 0 | L10: 0 | M10: 230 | N10: 0 | O10: =SUM(C10:L10,N10) -> 59 | P10: =SUM(C10:N10) -> 289 | R10: 0700-0800 | S10: =SUM(C10:C13) -> 164 | T10: =SUM(D10:D13) -> 21 | U10: =SUM(E10:E13) -> 11 | V10: =SUM(F10:F13) -> 58 | W10: =SUM(G10:G13) -> 0 | X10: =SUM(H10:H13) -> 0 | Y10: =SUM(I10:I13) -> 18 | Z10: =SUM(J10:J13) -> 4 | ... AF10: =SUM(P10:P13) -> 1241
B11: 07.15 - 07.30 | C11: 35 | D11: 8 | E11: 3 | F11: 10 | G11: 0 | H11: 0 | I11: 4 | J11: 1 | K11: 0 | L11: 0 | M11: 240 | N11: 0 | O11: =SUM(C11:L11,N11) -> 61 | P11: =SUM(C11:N11) -> 301 | R11: 0800-0900 | S11: =SUM(C14:C17) -> 136 | T11: =SUM(D14:D17) -> 18 | U11: =SUM(E14:E17) -> 12 | V11: =SUM(F14:F17) -> 47 | W11: =SUM(G14:G17) -> 1 | X11: =SUM(H14:H17) -> 0 | Y11: =SUM(I14:I17) -> 13 | Z11: =SUM(J14:J17) -> 5 | ... AF11: =SUM(P14:P17) -> 1248
B12: 07.30 - 07.45 | C12: 45 | D12: 1 | E12: 4 | F12: 20 | G12: 0 | H12: 0 | I12: 5 | J12: 3 | K12: 0 | L12: 0 | M12: 245 | N12: 0 | O12: =SUM(C12:L12,N12) -> 78 | P12: =SUM(C12:N12) -> 323 | R12: 0900-1000 | S12: =SUM(C18:C21) -> 169 | T12: =SUM(D18:D21) -> 22 | U12: =SUM(E18:E21) -> 19 | V12: =SUM(F18:F21) -> 114 | W12: =SUM(G18:G21) -> 1 | X12: =SUM(H18:H21) -> 0 | Y12: =SUM(I18:I21) -> 10 | Z12: =SUM(J18:J21) -> 6 | ... AF12: =SUM(P18:P21) -> 1362
B13: 07.45 - 08.00 | C13: 49 | D13: 7 | E13: 1 | F13: 16 | G13: 0 | H13: 0 | I13: 5 | J13: 0 | K13: 0 | L13: 0 | M13: 250 | N13: 0 | O13: =SUM(C13:L13,N13) -> 78 | P13: =SUM(C13:N13) -> 328 | R13: 1000-1100 | S13: =SUM(C22:C25) -> 178 | T13: =SUM(D22:D25) -> 39 | U13: =SUM(E22:E25) -> 36 | V13: =SUM(F22:F25) -> 111 | W13: =SUM(G22:G25) -> 6 | X13: =SUM(H22:H25) -> 1 | Y13: =SUM(I22:I25) -> 11 | Z13: =SUM(J22:J25) -> 10 | ... AF13: =SUM(P22:P25) -> 1413
B14: 08.00 - 08.15 | C14: 47 | D14: 4 | E14: 1 | F14: 6 | G14: 0 | H14: 0 | I14: 8 | J14: 1 | K14: 1 | L14: 0 | M14: 245 | N14: 0 | O14: =SUM(C14:L14,N14) -> 68 | P14: =SUM(C14:N14) -> 313 | R14: 1100-1200 | S14: =SUM(C26:C29) -> 145 | T14: =SUM(D26:D29) -> 21 | U14: =SUM(E26:E29) -> 32 | V14: =SUM(F26:F29) -> 114 | W14: =SUM(G26:G29) -> 2 | X14: =SUM(H26:H29) -> 0 | Y14: =SUM(I26:I29) -> 10 | Z14: =SUM(J26:J29) -> 11 | ... AF14: =SUM(P26:P29) -> 1317
B15: 08.15 - 08.30 | C15: 33 | D15: 4 | E15: 2 | F15: 10 | G15: 0 | H15: 0 | I15: 2 | J15: 1 | K15: 0 | L15: 0 | M15: 250 | N15: 0 | O15: =SUM(C15:L15,N15) -> 52 | P15: =SUM(C15:N15) -> 302 | R15: 1200-1300 | S15: =SUM(C30:C33) -> 117 | T15: =SUM(D30:D33) -> 26 | U15: =SUM(E30:E33) -> 18 | V15: =SUM(F30:F33) -> 96 | W15: =SUM(G30:G33) -> 0 | X15: =SUM(H30:H33) -> 0 | Y15: =SUM(I30:I33) -> 15 | Z15: =SUM(J30:J33) -> 8 | ... AF15: =SUM(P30:P33) -> 1221
B16: 08.30 - 08.45 | C16: 20 | D16: 4 | E16: 3 | F16: 12 | G16: 1 | H16: 0 | I16: 1 | J16: 3 | K16: 0 | L16: 0 | M16: 245 | N16: 0 | O16: =SUM(C16:L16,N16) -> 44 | P16: =SUM(C16:N16) -> 289 | R16: 1300-1400 | S16: =SUM(C34:C37) -> 112 | T16: =SUM(D34:D37) -> 23 | U16: =SUM(E34:E37) -> 12 | V16: =SUM(F34:F37) -> 126 | W16: =SUM(G34:G37) -> 0 | X16: =SUM(H34:H37) -> 0 | Y16: =SUM(I34:I37) -> 12 | Z16: =SUM(J34:J37) -> 12 | ... AF16: =SUM(P34:P37) -> 1203
B17: 08.45 - 9.00 | C17: 36 | D17: 6 | E17: 6 | F17: 19 | G17: 0 | H17: 0 | I17: 2 | J17: 0 | K17: 0 | L17: 0 | M17: 275 | N17: 0 | O17: =SUM(C17:L17,N17) -> 69 | P17: =SUM(C17:N17) -> 344 | R17: 1400-1500 | S17: =SUM(C38:C41) -> 124 | T17: =SUM(D38:D41) -> 66 | U17: =SUM(E38:E41) -> 12 | V17: =SUM(F38:F41) -> 101 | W17: =SUM(G38:G41) -> 0 | X17: =SUM(H38:H41) -> 0 | Y17: =SUM(I38:I41) -> 5 | Z17: =SUM(J38:J41) -> 6 | ... AF17: =SUM(P38:P41) -> 1110
B18: 09.00 - 09.15 | C18: 45 | D18: 2 | E18: 4 | F18: 35 | G18: 0 | H18: 0 | I18: 1 | J18: 1 | K18: 0 | L18: 0 | M18: 280 | N18: 0 | O18: =SUM(C18:L18,N18) -> 88 | P18: =SUM(C18:N18) -> 368 | R18: 1500-1600 | S18: =SUM(C42:C45) -> 94 | T18: =SUM(D42:D45) -> 14 | U18: =SUM(E42:E45) -> 17 | V18: =SUM(F42:F45) -> 143 | W18: =SUM(G42:G45) -> 0 | X18: =SUM(H42:H45) -> 2 | Y18: =SUM(I42:I45) -> 0 | Z18: =SUM(J42:J45) -> 4 | ... AF18: =SUM(P42:P45) -> 1114
B19: 09.15 - 09.30 | C19: 40 | D19: 7 | E19: 4 | F19: 24 | G19: 0 | H19: 0 | I19: 2 | J19: 3 | K19: 0 | L19: 0 | M19: 245 | N19: 0 | O19: =SUM(C19:L19,N19) -> 80 | P19: =SUM(C19:N19) -> 325 | R19: 1600-1700 | S19: =SUM(C46:C49) -> 101 | T19: =SUM(D46:D49) -> 13 | U19: =SUM(E46:E49) -> 20 | V19: =SUM(F46:F49) -> 125 | W19: =SUM(G46:G49) -> 0 | X19: =SUM(H46:H49) -> 0 | Y19: =SUM(I46:I49) -> 10 | Z19: =SUM(J46:J49) -> 6 | ... AF19: =SUM(P46:P49) -> 1170
B20: 09.30 - 09.45 | C20: 43 | D20: 6 | E20: 4 | F20: 18 | G20: 0 | H20: 0 | I20: 4 | J20: 1 | K20: 0 | L20: 1 | M20: 245 | N20: 0 | O20: =SUM(C20:L20,N20) -> 77 | P20: =SUM(C20:N20) -> 322 | R20: 1700-1800 | S20: =SUM(C50:C53) -> 88 | T20: =SUM(D50:D53) -> 16 | U20: =SUM(E50:E53) -> 37 | V20: =SUM(F50:F53) -> 97 | W20: =SUM(G50:G53) -> 1 | X20: =SUM(H50:H53) -> 0 | Y20: =SUM(I50:I53) -> 6 | Z20: =SUM(J50:J53) -> 4 | ... AF20: =SUM(P50:P53) -> 1089
B21: 09.45 - 10.00 | C21: 41 | D21: 7 | E21: 7 | F21: 37 | G21: 1 | H21: 0 | I21: 3 | J21: 1 | K21: 0 | L21: 0 | M21: 250 | N21: 0 | O21: =SUM(C21:L21,N21) -> 97 | P21: =SUM(C21:N21) -> 347 | R21: 1800-1900 | S21: =SUM(C54:C57) -> 79 | T21: =SUM(D54:D57) -> 11 | U21: =SUM(E54:E57) -> 9 | V21: =SUM(F54:F57) -> 125 | W21: =SUM(G54:G57) -> 1 | X21: =SUM(H54:H57) -> 0 | Y21: =SUM(I54:I57) -> 6 | Z21: =SUM(J54:J57) -> 2 | ... AF21: =SUM(P54:P57) -> 1080
B22: 10.00 - 10.15 | C22: 49 | D22: 13 | E22: 10 | F22: 33 | G22: 1 | H22: 0 | I22: 0 | J22: 1 | K22: 0 | L22: 0 | M22: 270 | N22: 0 | O22: =SUM(C22:L22,N22) -> 107 | P22: =SUM(C22:N22) -> 377 | R22: AM Peak Hr | S22: =MAX(S10:S12) -> 169 | T22: =MAX(T10:T12) -> 22 | U22: =MAX(U10:U12) -> 19 | V22: =MAX(V10:V12) -> 114 | W22: =MAX(W10:W12) -> 1 | X22: =MAX(X10:X12) -> 0 | Y22: =MAX(Y10:Y12) -> 18 | Z22: =MAX(Z10:Z12) -> 6 | ... AF22: =MAX(AF10:AF12) -> 1362
B23: 10.15 - 10.30 | C23: 50 | D23: 8 | E23: 9 | F23: 23 | G23: 4 | H23: 0 | I23: 4 | J23: 5 | K23: 0 | L23: 0 | M23: 245 | N23: 0 | O23: =SUM(C23:L23,N23) -> 103 | P23: =SUM(C23:N23) -> 348 | R23: IP Peak Hr | S23: =MAX(S13:S18) -> 178 | T23: =MAX(T13:T18) -> 66 | U23: =MAX(U13:U18) -> 36 | V23: =MAX(V13:V18) -> 143 | W23: =MAX(W13:W18) -> 6 | X23: =MAX(X13:X18) -> 2 | Y23: =MAX(Y13:Y18) -> 15 | Z23: =MAX(Z13:Z18) -> 12 | ... AF23: =MAX(AF13:AF18) -> 1413
B24: 10.30 - 10.45 | C24: 40 | D24: 9 | E24: 6 | F24: 25 | G24: 0 | H24: 0 | I24: 2 | J24: 2 | K24: 0 | L24: 0 | M24: 245 | N24: 0 | O24: =SUM(C24:L24,N24) -> 84 | P24: =SUM(C24:N24) -> 329 | R24: PM Peak Hr | S24: =MAX(S19:S21) -> 101 | T24: =MAX(T19:T21) -> 16 | U24: =MAX(U19:U21) -> 37 | V24: =MAX(V19:V21) -> 125 | W24: =MAX(W19:W21) -> 1 | X24: =MAX(X19:X21) -> 0 | Y24: =MAX(Y19:Y21) -> 10 | Z24: =MAX(Z19:Z21) -> 6 | ... AF24: =MAX(AF19:AF21) -> 1170
B25: 10.45 - 11.00 | C25: 39 | D25: 9 | E25: 11 | F25: 30 | G25: 1 | H25: 1 | I25: 5 | J25: 2 | K25: 1 | L25: 0 | M25: 260 | N25: 0 | O25: =SUM(C25:L25,N25) -> 99 | P25: =SUM(C25:N25) -> 359 | R25: AM Period | S25: =SUM(S10:S12) -> 469 | T25: =SUM(T10:T12) -> 61 | U25: =SUM(U10:U12) -> 42 | V25: =SUM(V10:V12) -> 219 | W25: =SUM(W10:W12) -> 2 | X25: =SUM(X10:X12) -> 0 | Y25: =SUM(Y10:Y12) -> 41 | Z25: =SUM(Z10:Z12) -> 15 | ... AF25: =SUM(AF10:AF12) -> 3851
B26: 11.00 - 11.15 | C26: 30 | D26: 10 | E26: 6 | F26: 23 | G26: 0 | H26: 0 | I26: 2 | J26: 0 | K26: 1 | L26: 0 | M26: 245 | N26: 0 | O26: =SUM(C26:L26,N26) -> 72 | P26: =SUM(C26:N26) -> 317 | R26: IP Period | S26: =SUM(S13:S18) -> 770 | T26: =SUM(T13:T18) -> 189 | U26: =SUM(U13:U18) -> 127 | V26: =SUM(V13:V18) -> 691 | W26: =SUM(W13:W18) -> 8 | X26: =SUM(X13:X18) -> 3 | Y26: =SUM(Y13:Y18) -> 53 | Z26: =SUM(Z13:Z18) -> 51 | ... AF26: =SUM(AF13:AF18) -> 7378
B27: 11.15 - 11.30 | C27: 39 | D27: 2 | E27: 12 | F27: 23 | G27: 2 | H27: 0 | I27: 3 | J27: 2 | K27: 1 | L27: 0 | M27: 250 | N27: 0 | O27: =SUM(C27:L27,N27) -> 84 | P27: =SUM(C27:N27) -> 334 | R27: PM Period | S27: =SUM(S19:S21) -> 268 | T27: =SUM(T19:T21) -> 40 | U27: =SUM(U19:U21) -> 66 | V27: =SUM(V19:V21) -> 347 | W27: =SUM(W19:W21) -> 2 | X27: =SUM(X19:X21) -> 0 | Y27: =SUM(Y19:Y21) -> 22 | Z27: =SUM(Z19:Z21) -> 12 | ... AF27: =SUM(AF19:AF21) -> 3339
B28: 11.30 - 11.45 | C28: 52 | D28: 4 | E28: 9 | F28: 40 | G28: 0 | H28: 0 | I28: 3 | J28: 4 | K28: 0 | L28: 0 | M28: 245 | N28: 0 | O28: =SUM(C28:L28,N28) -> 112 | P28: =SUM(C28:N28) -> 357 | R28: 12 Hours | S28: =SUM(S10:S21) -> 1507 | T28: =SUM(T10:T21) -> 290 | U28: =SUM(U10:U21) -> 235 | V28: =SUM(V10:V21) -> 1257 | W28: =SUM(W10:W21) -> 12 | X28: =SUM(X10:X21) -> 3 | Y28: =SUM(Y10:Y21) -> 116 | Z28: =SUM(Z10:Z21) -> 78 | ... AF28: =SUM(AF10:AF21) -> 14568
B29: 11.45 - 12.00 | C29: 24 | D29: 5 | E29: 5 | F29: 28 | G29: 0 | H29: 0 | I29: 2 | J29: 5 | K29: 0 | L29: 0 | M29: 240 | N29: 0 | O29: =SUM(C29:L29,N29) -> 69 | P29: =SUM(C29:N29) -> 309
B30: 12.00 - 12.15 | C30: 41 | D30: 2 | E30: 3 | F30: 30 | G30: 0 | H30: 0 | I30: 3 | J30: 1 | K30: 0 | L30: 0 | M30: 235 | N30: 0 | O30: =SUM(C30:L30,N30) -> 80 | P30: =SUM(C30:N30) -> 315
B31: 12.15 - 12.30 | C31: 22 | D31: 11 | E31: 7 | F31: 30 | G31: 0 | H31: 0 | I31: 3 | J31: 1 | K31: 0 | L31: 0 | M31: 210 | N31: 0 | O31: =SUM(C31:L31,N31) -> 74 | P31: =SUM(C31:N31) -> 284
B32: 12.30 - 12.45 | C32: 31 | D32: 8 | E32: 4 | F32: 21 | G32: 0 | H32: 0 | I32: 3 | J32: 4 | K32: 1 | L32: 0 | M32: 245 | N32: 0 | O32: =SUM(C32:L32,N32) -> 72 | P32: =SUM(C32:N32) -> 317
B33: 12.45 - 13.00 | C33: 23 | D33: 5 | E33: 4 | F33: 15 | G33: 0 | H33: 0 | I33: 6 | J33: 2 | K33: 0 | L33: 0 | M33: 250 | N33: 0 | O33: =SUM(C33:L33,N33) -> 55 | P33: =SUM(C33:N33) -> 305
B34: 13.00 - 13.15 | C34: 31 | D34: 7 | E34: 0 | F34: 20 | G34: 0 | H34: 0 | I34: 5 | J34: 6 | K34: 0 | L34: 0 | M34: 240 | N34: 0 | O34: =SUM(C34:L34,N34) -> 69 | P34: =SUM(C34:N34) -> 309
B35: 13.15 - 13.30 | C35: 31 | D35: 8 | E35: 4 | F35: 40 | G35: 0 | H35: 0 | I35: 4 | J35: 2 | K35: 1 | L35: 0 | M35: 245 | N35: 0 | O35: =SUM(C35:L35,N35) -> 90 | P35: =SUM(C35:N35) -> 335
B36: 13.30 - 13.45 | C36: 25 | D36: 4 | E36: 6 | F36: 32 | G36: 0 | H36: 0 | I36: 3 | J36: 3 | K36: 0 | L36: 0 | M36: 210 | N36: 0 | O36: =SUM(C36:L36,N36) -> 73 | P36: =SUM(C36:N36) -> 283
B37: 13.45 - 14.00 | C37: 25 | D37: 4 | E37: 2 | F37: 34 | G37: 0 | H37: 0 | I37: 0 | J37: 1 | K37: 0 | L37: 0 | M37: 210 | N37: 0 | O37: =SUM(C37:L37,N37) -> 66 | P37: =SUM(C37:N37) -> 276
B38: 14.00 - 14.15 | C38: 22 | D38: 13 | E38: 4 | F38: 33 | G38: 0 | H38: 0 | I38: 1 | J38: 2 | K38: 0 | L38: 0 | M38: 235 | N38: 0 | O38: =SUM(C38:L38,N38) -> 75 | P38: =SUM(C38:N38) -> 310
B39: 14.15 - 14.30 | C39: 35 | D39: 17 | E39: 2 | F39: 22 | G39: 0 | H39: 0 | I39: 2 | J39: 1 | K39: 0 | L39: 0 | M39: 205 | N39: 0 | O39: =SUM(C39:L39,N39) -> 79 | P39: =SUM(C39:N39) -> 284
B40: 14.30 - 14.45 | C40: 45 | D40: 16 | E40: 6 | F40: 11 | G40: 0 | H40: 0 | I40: 2 | J40: 2 | K40: 0 | L40: 1 | M40: 160 | N40: 0 | O40: =SUM(C40:L40,N40) -> 83 | P40: =SUM(C40:N40) -> 243
... B57: 18.45 - 19.00 | C57: 18 | D57: 0 | E57: 0 | F57: 20 | G57: 0 | H57: 0 | I57: 0 | J57: 0 | K57: 0 | L57: 0 | M57: 210 | N57: 0 | O57: =SUM(C57:L57,N57) -> 38 | P57: =SUM(C57:N57) -> 248
B58: Totals | C58: =SUM(C10:C57) -> 1507 | D58: =SUM(D10:D57) -> 290 | E58: =SUM(E10:E57) -> 235 | F58: =SUM(F10:F57) -> 1257 | G58: =SUM(G10:G57) -> 12 | H58: =SUM(H10:H57) -> 3 | I58: =SUM(I10:I57) -> 116 | J58: =SUM(J10:J57) -> 78 | ... P58: =SUM(P10:P57) -> 14568
B59: %ges + MCs | C59: =C58/$P$58 -> 0.10344591 | D59: =D58/$P$58 -> 0.019906645 | E59: =E58/$P$58 -> 0.016131247 | F59: =F58/$P$58 -> 0.086285008 | G59: =G58/$P$58 -> 0.00082372323 | H59: =H58/$P$58 -> 0.00020593081 | I59: =I58/$P$58 -> 0.0079626579 | J59: =J58/$P$58 -> 0.005354201 | ... N59: =N58/$P$58 -> 0
B60: %ges w/o MCs | C60: =C58/$O$58 -> 0.42958951 | D60: =D58/$O$58 -> 0.082668187 | E60: =E58/$O$58 -> 0.066989738 | F60: =F58/$O$58 -> 0.35832383 | G60: =G58/$O$58 -> 0.0034207526 | H60: =H58/$O$58 -> 0.00085518814 | I60: =I58/$O$58 -> 0.033067275 | J60: =J58/$O$58 -> 0.022234892 | ... L60: =L58/$O$58 -> 0.00085518814 | N60: =N58/$O$58 -> 0

Sheet 26.07 Kibuye-Makindye-24h
B1: Consultancy services for Preparation of Expressway Development Master Plan (EDMP) for Uganda
B2: MANUAL CLASSIFIED COUNT (MCC)
B3: ROAD NAME: | C3: ='22.07 Kibuye-Makindye'!C3:G3 -> MCC - C1 - STN01 - MOBUTU ROAD
C5: Date | D5: 26.07.19 | F5: Location | G5: ='25.07 Makindye-Kibuye'!G5:H5 -> FUELEX MAKINDYE | J5: Surveyor | K5: ='25.07 Makindye-Kibuye'!K5:L5 -> WAKWESA ALLAN/CHEMONGES KENNETH/SSONKO SAMUEL/OWOMUGISHA BRENDA
C6: Dir. From | D6: ='22.07 Kibuye-Makindye'!D6:E6 -> KIBUYE | F6: Dir. To | G6: ='22.07 Kibuye-Makindye'!G6:H6 -> MAKINDYE | J6: Supervisor | K6: ='25.07 Makindye-Kibuye'!K6:L6 -> EMMA
B8: Time / Veh Type | R8: SUMMARY TRAFFIC VOLUMES
C9: 1. Car | D9: 2. Station Wagon | E9: 3. Pickups | F9: 4. Minibus, matatu | G9: 5. Medium bus | H9: 6. Large Bus | I9: 7. Light Truck | J9: 8. Medium Truck | K9: 9. Heavy truck | L9: 10. Truck Trailer | M9: 11. Motor cycles | N9: 12. Tractors | O9: Total Excl M/Cycles | P9: Total All | R9: Time | S9: 1. Car | T9: 2. Station Wagon | U9: 3. Pickups | V9: 4. Minibus, matatu | W9: 5. Medium bus | X9: 6. Large Bus | Y9: 7. Light Truck | Z9: 8. Medium Truck | AA9: 9. Heavy truck | AB9: 10. Truck Trailer | AC9: 11. Motorcycles | AD9: 12. Tractors, Graders | AE9: Total Excl M/ Cycles | AF9: Total All
B10: 07.00 - 07.15 | C10: 20 | D10: 4 | E10: 2 | F10: 15 | G10: 0 | H10: 0 | I10: 0 | J10: 0 | K10: 1 | L10: 0 | M10: 100 | N10: 0 | O10: =SUM(C10:L10,N10) -> 42 | P10: =SUM(C10:N10) -> 142 | R10: 0700-0800 | S10: =SUM(C10:C13) -> 147 | T10: =SUM(D10:D13) -> 37 | U10: =SUM(E10:E13) -> 17 | V10: =SUM(F10:F13) -> 115 | W10: =SUM(G10:G13) -> 3 | X10: =SUM(H10:H13) -> 1 | Y10: =SUM(I10:I13) -> 3 | Z10: =SUM(J10:J13) -> 5 | ... AF10: =SUM(P10:P13) -> 1027
B11: 07.15 - 07.30 | C11: 30 | D11: 11 | E11: 4 | F11: 39 | G11: 1 | H11: 1 | I11: 2 | J11: 2 | K11: 1 | L11: 0 | M11: 185 | N11: 0 | O11: =SUM(C11:L11,N11) -> 91 | P11: =SUM(C11:N11) -> 276 | R11: 0800-0900 | S11: =SUM(C14:C17) -> 144 | T11: =SUM(D14:D17) -> 57 | U11: =SUM(E14:E17) -> 19 | V11: =SUM(F14:F17) -> 134 | W11: =SUM(G14:G17) -> 6 | X11: =SUM(H14:H17) -> 1 | Y11: =SUM(I14:I17) -> 8 | Z11: =SUM(J14:J17) -> 3 | ... AF11: =SUM(P14:P17) -> 1124
B12: 07.30 - 07.45 | C12: 29 | D12: 9 | E12: 4 | F12: 34 | G12: 0 | H12: 0 | I12: 1 | J12: 0 | K12: 1 | L12: 0 | M12: 191 | N12: 0 | O12: =SUM(C12:L12,N12) -> 78 | P12: =SUM(C12:N12) -> 269 | R12: 0900-1000 | S12: =SUM(C18:C21) -> 108 | T12: =SUM(D18:D21) -> 26 | U12: =SUM(E18:E21) -> 21 | V12: =SUM(F18:F21) -> 88 | W12: =SUM(G18:G21) -> 3 | X12: =SUM(H18:H21) -> 0 | Y12: =SUM(I18:I21) -> 14 | Z12: =SUM(J18:J21) -> 7 | ... AF12: =SUM(P18:P21) -> 1043
B13: 07.45 - 08.00 | C13: 68 | D13: 13 | E13: 7 | F13: 27 | G13: 2 | H13: 0 | I13: 0 | J13: 3 | K13: 0 | L13: 0 | M13: 220 | N13: 0 | O13: =SUM(C13:L13,N13) -> 120 | P13: =SUM(C13:N13) -> 340 | R13: 1000-1100 | S13: =SUM(C22:C25) -> 139 | T13: =SUM(D22:D25) -> 50 | U13: =SUM(E22:E25) -> 22 | V13: =SUM(F22:F25) -> 104 | W13: =SUM(G22:G25) -> 0 | X13: =SUM(H22:H25) -> 0 | Y13: =SUM(I22:I25) -> 9 | Z13: =SUM(J22:J25) -> 4 | ... AF13: =SUM(P22:P25) -> 1052
B14: 08.00 - 08.15 | C14: 23 | D14: 13 | E14: 4 | F14: 41 | G14: 3 | H14: 0 | I14: 3 | J14: 0 | K14: 0 | L14: 0 | M14: 170 | N14: 0 | O14: =SUM(C14:L14,N14) -> 87 | P14: =SUM(C14:N14) -> 257 | R14: 1100-1200 | S14: =SUM(C26:C29) -> 368 | T14: =SUM(D26:D29) -> 43 | U14: =SUM(E26:E29) -> 28 | V14: =SUM(F26:F29) -> 65 | W14: =SUM(G26:G29) -> 2 | X14: =SUM(H26:H29) -> 0 | Y14: =SUM(I26:I29) -> 5 | Z14: =SUM(J26:J29) -> 2 | ... AF14: =SUM(P26:P29) -> 1243
B15: 08.15 - 08.30 | C15: 53 | D15: 16 | E15: 4 | F15: 31 | G15: 0 | H15: 0 | I15: 0 | J15: 0 | K15: 0 | L15: 0 | M15: 180 | N15: 0 | O15: =SUM(C15:L15,N15) -> 104 | P15: =SUM(C15:N15) -> 284 | R15: 1200-1300 | S15: =SUM(C30:C33) -> 331 | T15: =SUM(D30:D33) -> 30 | U15: =SUM(E30:E33) -> 25 | V15: =SUM(F30:F33) -> 51 | W15: =SUM(G30:G33) -> 0 | X15: =SUM(H30:H33) -> 0 | Y15: =SUM(I30:I33) -> 20 | Z15: =SUM(J30:J33) -> 6 | ... AF15: =SUM(P30:P33) -> 1207
B16: 08.30 - 08.45 | C16: 39 | D16: 21 | E16: 7 | F16: 42 | G16: 2 | H16: 0 | I16: 4 | J16: 3 | K16: 2 | L16: 0 | M16: 215 | N16: 0 | O16: =SUM(C16:L16,N16) -> 120 | P16: =SUM(C16:N16) -> 335 | R16: 1300-1400 | S16: =SUM(C34:C37) -> 155 | T16: =SUM(D34:D37) -> 59 | U16: =SUM(E34:E37) -> 20 | V16: =SUM(F34:F37) -> 61 | W16: =SUM(G34:G37) -> 0 | X16: =SUM(H34:H37) -> 0 | Y16: =SUM(I34:I37) -> 6 | Z16: =SUM(J34:J37) -> 3 | ... AF16: =SUM(P34:P37) -> 1116
B17: 08.45 - 9.00 | C17: 29 | D17: 7 | E17: 4 | F17: 20 | G17: 1 | H17: 1 | I17: 1 | J17: 0 | K17: 0 | L17: 0 | M17: 185 | N17: 0 | O17: =SUM(C17:L17,N17) -> 63 | P17: =SUM(C17:N17) -> 248 | R17: 1400-1500 | S17: =SUM(C38:C41) -> 216 | T17: =SUM(D38:D41) -> 36 | U17: =SUM(E38:E41) -> 6 | V17: =SUM(F38:F41) -> 35 | W17: =SUM(G38:G41) -> 0 | X17: =SUM(H38:H41) -> 0 | Y17: =SUM(I38:I41) -> 2 | Z17: =SUM(J38:J41) -> 3 | ... AF17: =SUM(P38:P41) -> 1142
B18: 09.00 - 09.15 | C18: 37 | D18: 8 | E18: 2 | F18: 31 | G18: 3 | H18: 0 | I18: 1 | J18: 2 | K18: 0 | L18: 0 | M18: 190 | N18: 0 | O18: =SUM(C18:L18,N18) -> 84 | P18: =SUM(C18:N18) -> 274 | R18: 1500-1600 | S18: =SUM(C42:C45) -> 202 | T18: =SUM(D42:D45) -> 52 | U18: =SUM(E42:E45) -> 33 | V18: =SUM(F42:F45) -> 84 | W18: =SUM(G42:G45) -> 0 | X18: =SUM(H42:H45) -> 0 | Y18: =SUM(I42:I45) -> 3 | Z18: =SUM(J42:J45) -> 1 | ... AF18: =SUM(P42:P45) -> 1193
B19: 09.15 - 09.30 | C19: 29 | D19: 8 | E19: 12 | F19: 19 | G19: 0 | H19: 0 | I19: 5 | J19: 4 | K19: 0 | L19: 0 | M19: 220 | N19: 0 | O19: =SUM(C19:L19,N19) -> 77 | P19: =SUM(C19:N19) -> 297 | R19: 1600-1700 | S19: =SUM(C46:C49) -> 199 | T19: =SUM(D46:D49) -> 71 | U19: =SUM(E46:E49) -> 22 | V19: =SUM(F46:F49) -> 55 | W19: =SUM(G46:G49) -> 1 | X19: =SUM(H46:H49) -> 0 | Y19: =SUM(I46:I49) -> 9 | Z19: =SUM(J46:J49) -> 8 | ... AF19: =SUM(P46:P49) -> 1153
B20: 09.30 - 09.45 | C20: 21 | D20: 7 | E20: 2 | F20: 15 | G20: 0 | H20: 0 | I20: 7 | J20: 1 | K20: 0 | L20: 0 | M20: 200 | N20: 0 | O20: =SUM(C20:L20,N20) -> 53 | P20: =SUM(C20:N20) -> 253 | R20: 1700-1800 | S20: =SUM(C50:C53) -> 160 | T20: =SUM(D50:D53) -> 75 | U20: =SUM(E50:E53) -> 25 | V20: =SUM(F50:F53) -> 65 | W20: =SUM(G50:G53) -> 1 | X20: =SUM(H50:H53) -> 0 | Y20: =SUM(I50:I53) -> 7 | Z20: =SUM(J50:J53) -> 2 | ... AF20: =SUM(P50:P53) -> 1189
B21: 09.45 - 10.00 | C21: 21 | D21: 3 | E21: 5 | F21: 23 | G21: 0 | H21: 0 | I21: 1 | J21: 0 | K21: 1 | L21: 0 | M21: 165 | N21: 0 | O21: =SUM(C21:L21,N21) -> 54 | P21: =SUM(C21:N21) -> 219 | R21: 1800-1900 | S21: =SUM(C54:C57) -> 358 | T21: =SUM(D54:D57) -> 66 | U21: =SUM(E54:E57) -> 21 | V21: =SUM(F54:F57) -> 33 | W21: =SUM(G54:G57) -> 4 | X21: =SUM(H54:H57) -> 4 | Y21: =SUM(I54:I57) -> 3 | Z21: =SUM(J54:J57) -> 2 | ... AF21: =SUM(P54:P57) -> 1207
B22: 10.00 - 10.15 | C22: 36 | D22: 13 | E22: 7 | F22: 26 | G22: 0 | H22: 0 | I22: 3 | J22: 1 | K22: 1 | L22: 0 | M22: 165 | N22: 0 | O22: =SUM(C22:L22,N22) -> 87 | P22: =SUM(C22:N22) -> 252 | R22: 1900-2000 | S22: =SUM(C58:C61) -> 189.5 | T22: =SUM(D58:D61) -> 68 | U22: =SUM(E58:E61) -> 28 | V22: =SUM(F58:F61) -> 51.5 | W22: =SUM(G58:G61) -> 0.5 | X22: =SUM(H58:H61) -> 1 | Y22: =SUM(I58:I61) -> 7 | Z22: =SUM(J58:J61) -> 5.5 | ... AF22: =SUM(P58:P61) -> 754
B23: 10.15 - 10.30 | C23: 26 | D23: 7 | E23: 8 | F23: 21 | G23: 0 | H23: 0 | I23: 4 | J23: 0 | K23: 1 | L23: 0 | M23: 150 | N23: 0 | O23: =SUM(C23:L23,N23) -> 67 | P23: =SUM(C23:N23) -> 217 | R23: 2000-2100 | S23: =SUM(C62:C65) -> 157 | T23: =SUM(D62:D65) -> 42 | U23: =SUM(E62:E65) -> 30 | V23: =SUM(F62:F65) -> 60 | W23: =SUM(G62:G65) -> 0 | X23: =SUM(H62:H65) -> 1 | Y23: =SUM(I62:I65) -> 13 | Z23: =SUM(J62:J65) -> 1 | ... AF23: =SUM(P62:P65) -> 718
B24: 10.30 - 10.45 | C24: 42 | D24: 8 | E24: 5 | F24: 34 | G24: 0 | H24: 0 | I24: 2 | J24: 1 | K24: 0 | L24: 1 | M24: 205 | N24: 0 | O24: =SUM(C24:L24,N24) -> 93 | P24: =SUM(C24:N24) -> 298 | R24: 2100-2200 | S24: =SUM(C66:C69) -> 204 | T24: =SUM(D66:D69) -> 42 | U24: =SUM(E66:E69) -> 30 | V24: =SUM(F66:F69) -> 54 | W24: =SUM(G66:G69) -> 0 | X24: =SUM(H66:H69) -> 0 | Y24: =SUM(I66:I69) -> 12 | Z24: =SUM(J66:J69) -> 3 | ... AF24: =SUM(P66:P69) -> 652
B25: 10.45 - 11.00 | C25: 35 | D25: 22 | E25: 2 | F25: 23 | G25: 0 | H25: 0 | I25: 0 | J25: 2 | K25: 1 | L25: 0 | M25: 200 | N25: 0 | O25: =SUM(C25:L25,N25) -> 85 | P25: =SUM(C25:N25) -> 285 | R25: 2200-2300 | S25: =SUM(C70:C73) -> 161 | T25: =SUM(D70:D73) -> 64 | U25: =SUM(E70:E73) -> 29 | V25: =SUM(F70:F73) -> 20 | W25: =SUM(G70:G73) -> 1 | X25: =SUM(H70:H73) -> 3 | Y25: =SUM(I70:I73) -> 14 | Z25: =SUM(J70:J73) -> 0 | ... AF25: =SUM(P70:P73) -> 624
B26: 11.00 - 11.15 | C26: 80 | D26: 11 | E26: 3 | F26: 13 | G26: 1 | H26: 0 | I26: 2 | J26: 1 | K26: 0 | L26: 0 | M26: 205 | N26: 0 | O26: =SUM(C26:L26,N26) -> 111 | P26: =SUM(C26:N26) -> 316 | R26: 2300-0000 | S26: =SUM(C74:C77) -> 120 | T26: =SUM(D74:D77) -> 35 | U26: =SUM(E74:E77) -> 11 | V26: =SUM(F74:F77) -> 9 | W26: =SUM(G74:G77) -> 0 | X26: =SUM(H74:H77) -> 0 | Y26: =SUM(I74:I77) -> 12 | Z26: =SUM(J74:J77) -> 2 | ... AF26: =SUM(P74:P77) -> 405
B27: 11.15 - 11.30 | C27: 95 | D27: 5 | E27: 2 | F27: 15 | G27: 0 | H27: 0 | I27: 0 | J27: 0 | K27: 0 | L27: 0 | M27: 160 | N27: 0 | O27: =SUM(C27:L27,N27) -> 117 | P27: =SUM(C27:N27) -> 277 | R27: 0000-0100 | S27: =SUM(C78:C81) -> 106 | T27: =SUM(D78:D81) -> 30 | U27: =SUM(E78:E81) -> 7 | V27: =SUM(F78:F81) -> 13 | W27: =SUM(G78:G81) -> 0 | X27: =SUM(H78:H81) -> 0 | Y27: =SUM(I78:I81) -> 4 | Z27: =SUM(J78:J81) -> 0 | ... AF27: =SUM(P78:P81) -> 364
B28: 11.30 - 11.45 | C28: 110 | D28: 15 | E28: 11 | F28: 26 | G28: 0 | H28: 0 | I28: 3 | J28: 1 | K28: 0 | L28: 0 | M28: 175 | N28: 0 | O28: =SUM(C28:L28,N28) -> 166 | P28: =SUM(C28:N28) -> 341 | R28: 0100-0200 | S28: =SUM(C82:C85) -> 65 | T28: =SUM(D82:D85) -> 14 | U28: =SUM(E82:E85) -> 2 | V28: =SUM(F82:F85) -> 6 | W28: =SUM(G82:G85) -> 0 | X28: =SUM(H82:H85) -> 0 | Y28: =SUM(I82:I85) -> 4 | Z28: =SUM(J82:J85) -> 0 | ... AF28: =SUM(P82:P85) -> 219
B29: 11.45 - 12.00 | C29: 83 | D29: 12 | E29: 12 | F29: 11 | G29: 1 | H29: 0 | I29: 0 | J29: 0 | K29: 0 | L29: 0 | M29: 190 | N29: 0 | O29: =SUM(C29:L29,N29) -> 119 | P29: =SUM(C29:N29) -> 309 | R29: 0200-0300 | S29: =SUM(C86:C89) -> 31 | T29: =SUM(D86:D89) -> 11 | U29: =SUM(E86:E89) -> 4 | V29: =SUM(F86:F89) -> 5 | W29: =SUM(G86:G89) -> 0 | X29: =SUM(H86:H89) -> 0 | Y29: =SUM(I86:I89) -> 1 | Z29: =SUM(J86:J89) -> 0 | ... AF29: =SUM(P86:P89) -> 147
B30: 12.00 - 12.15 | C30: 110 | D30: 9 | E30: 12 | F30: 13 | G30: 0 | H30: 0 | I30: 11 | J30: 4 | K30: 2 | L30: 0 | M30: 170 | N30: 0 | O30: =SUM(C30:L30,N30) -> 161 | P30: =SUM(C30:N30) -> 331 | R30: 0300-0400 | S30: =SUM(C90:C93) -> 21 | T30: =SUM(D90:D93) -> 6 | U30: =SUM(E90:E93) -> 2 | V30: =SUM(F90:F93) -> 3 | W30: =SUM(G90:G93) -> 0 | X30: =SUM(H90:H93) -> 0 | Y30: =SUM(I90:I93) -> 5 | Z30: =SUM(J90:J93) -> 0 | ... AF30: =SUM(P90:P93) -> 83
B31: 12.15 - 12.30 | C31: 73 | D31: 6 | E31: 7 | F31: 14 | G31: 0 | H31: 0 | I31: 2 | J31: 1 | K31: 1 | L31: 0 | M31: 220 | N31: 0 | O31: =SUM(C31:L31,N31) -> 104 | P31: =SUM(C31:N31) -> 324 | R31: 0400-0500 | S31: =SUM(C94:C97) -> 20 | T31: =SUM(D94:D97) -> 8 | U31: =SUM(E94:E97) -> 6 | V31: =SUM(F94:F97) -> 3 | W31: =SUM(G94:G97) -> 0 | X31: =SUM(H94:H97) -> 0 | Y31: =SUM(I94:I97) -> 8 | Z31: =SUM(J94:J97) -> 1 | ... AF31: =SUM(P94:P97) -> 109
B32: 12.30 - 12.45 | C32: 78 | D32: 4 | E32: 2 | F32: 15 | G32: 0 | H32: 0 | I32: 3 | J32: 1 | K32: 0 | L32: 0 | M32: 170 | N32: 0 | O32: =SUM(C32:L32,N32) -> 103 | P32: =SUM(C32:N32) -> 273 | R32: 0500-0600 | S32: =SUM(C98:C101) -> 19 | T32: =SUM(D98:D101) -> 6 | U32: =SUM(E98:E101) -> 1 | V32: =SUM(F98:F101) -> 16 | W32: =SUM(G98:G101) -> 0 | X32: =SUM(H98:H101) -> 0 | Y32: =SUM(I98:I101) -> 2 | Z32: =SUM(J98:J101) -> 0 | ... AF32: =SUM(P98:P101) -> 148
B33: 12.45 - 13.00 | C33: 70 | D33: 11 | E33: 4 | F33: 9 | G33: 0 | H33: 0 | I33: 4 | J33: 0 | K33: 1 | L33: 0 | M33: 180 | N33: 0 | O33: =SUM(C33:L33,N33) -> 99 | P33: =SUM(C33:N33) -> 279 | R33: 0600-0700 | S33: =SUM(C102:C105) -> 21 | T33: =SUM(D102:D105) -> 1 | U33: =SUM(E102:E105) -> 8 | V33: =SUM(F102:F105) -> 26 | W33: =SUM(G102:G105) -> 0 | X33: =SUM(H102:H105) -> 0 | Y33: =SUM(I102:I105) -> 0 | Z33: =SUM(J102:J105) -> 0 | ... AF33: =SUM(P102:P105) -> 164
B34: 13.00 - 13.15 | C34: 33 | D34: 13 | E34: 5 | F34: 16 | G34: 0 | H34: 0 | I34: 3 | J34: 1 | K34: 0 | L34: 0 | M34: 188 | N34: 0 | O34: =SUM(C34:L34,N34) -> 71 | P34: =SUM(C34:N34) -> 259 | R34: AM Peak Hr | S34: =MAX(S10:S12) -> 147 | T34: =MAX(T10:T12) -> 57 | U34: =MAX(U10:U12) -> 21 | V34: =MAX(V10:V12) -> 134 | W34: =MAX(W10:W12) -> 6 | X34: =MAX(X10:X12) -> 1 | Y34: =MAX(Y10:Y12) -> 14 | Z34: =MAX(Z10:Z12) -> 7 | ... AF34: =MAX(AF10:AF12) -> 1124
B35: 13.15 - 13.30 | C35: 36 | D35: 13 | E35: 7 | F35: 18 | G35: 0 | H35: 0 | I35: 0 | J35: 0 | K35: 0 | L35: 0 | M35: 208 | N35: 0 | O35: =SUM(C35:L35,N35) -> 74 | P35: =SUM(C35:N35) -> 282 | R35: IP Peak Hr | S35: =MAX(S13:S18) -> 368 | T35: =MAX(T13:T18) -> 59 | U35: =MAX(U13:U18) -> 33 | V35: =MAX(V13:V18) -> 104 | W35: =MAX(W13:W18) -> 2 | X35: =MAX(X13:X18) -> 0 | Y35: =MAX(Y13:Y18) -> 20 | Z35: =MAX(Z13:Z18) -> 6 | ... AF35: =MAX(AF13:AF18) -> 1243
B36: 13.30 - 13.45 | C36: 42 | D36: 21 | E36: 8 | F36: 12 | G36: 0 | H36: 0 | I36: 2 | J36: 2 | K36: 0 | L36: 1 | M36: 205 | N36: 0 | O36: =SUM(C36:L36,N36) -> 88 | P36: =SUM(C36:N36) -> 293 | R36: PM Peak Hr | S36: =MAX(S19:S21) -> 358 | T36: =MAX(T19:T21) -> 75 | U36: =MAX(U19:U21) -> 25 | V36: =MAX(V19:V21) -> 65 | W36: =MAX(W19:W21) -> 4 | X36: =MAX(X19:X21) -> 4 | Y36: =MAX(Y19:Y21) -> 9 | Z36: =MAX(Z19:Z21) -> 8 | ... AF36: =MAX(AF19:AF21) -> 1207
B37: 13.45 - 14.00 | C37: 44 | D37: 12 | E37: 0 | F37: 15 | G37: 0 | H37: 0 | I37: 1 | J37: 0 | K37: 0 | L37: 0 | M37: 210 | N37: 0 | O37: =SUM(C37:L37,N37) -> 72 | P37: =SUM(C37:N37) -> 282 | R37: AM Period | S37: =SUM(S10:S12) -> 399 | T37: =SUM(T10:T12) -> 120 | U37: =SUM(U10:U12) -> 57 | V37: =SUM(V10:V12) -> 337 | W37: =SUM(W10:W12) -> 12 | X37: =SUM(X10:X12) -> 2 | Y37: =SUM(Y10:Y12) -> 25 | Z37: =SUM(Z10:Z12) -> 15 | ... AF37: =SUM(AF10:AF12) -> 3194
B38: 14.00 - 14.15 | C38: 62 | D38: 7 | E38: 3 | F38: 11 | G38: 0 | H38: 0 | I38: 2 | J38: 0 | K38: 0 | L38: 0 | M38: 201 | N38: 0 | O38: =SUM(C38:L38,N38) -> 85 | P38: =SUM(C38:N38) -> 286 | R38: IP Period | S38: =SUM(S13:S18) -> 1411 | T38: =SUM(T13:T18) -> 270 | U38: =SUM(U13:U18) -> 134 | V38: =SUM(V13:V18) -> 400 | W38: =SUM(W13:W18) -> 2 | X38: =SUM(X13:X18) -> 0 | Y38: =SUM(Y13:Y18) -> 45 | Z38: =SUM(Z13:Z18) -> 19 | ... AF38: =SUM(AF13:AF18) -> 6953
B39: 14.15 - 14.30 | C39: 25 | D39: 8 | E39: 3 | F39: 11 | G39: 0 | H39: 0 | I39: 0 | J39: 2 | K39: 0 | L39: 1 | M39: 205 | N39: 0 | O39: =SUM(C39:L39,N39) -> 50 | P39: =SUM(C39:N39) -> 255 | R39: PM Period | S39: =SUM(S19:S21) -> 717 | T39: =SUM(T19:T21) -> 212 | U39: =SUM(U19:U21) -> 68 | V39: =SUM(V19:V21) -> 153 | W39: =SUM(W19:W21) -> 6 | X39: =SUM(X19:X21) -> 4 | Y39: =SUM(Y19:Y21) -> 19 | Z39: =SUM(Z19:Z21) -> 12 | ... AF39: =SUM(AF19:AF21) -> 3549
B40: 14.30 - 14.45 | C40: 34 | D40: 21 | E40: 0 | F40: 13 | G40: 0 | H40: 0 | I40: 0 | J40: 1 | K40: 2 | L40: 0 | M40: 195 | N40: 0 | O40: =SUM(C40:L40,N40) -> 71 | P40: =SUM(C40:N40) -> 266 | R40: 12 Hours | S40: =SUM(S10:S21) -> 2527 | T40: =SUM(T10:T21) -> 602 | U40: =SUM(U10:U21) -> 259 | V40: =SUM(V10:V21) -> 890 | W40: =SUM(W10:W21) -> 20 | X40: =SUM(X10:X21) -> 6 | Y40: =SUM(Y10:Y21) -> 89 | Z40: =SUM(Z10:Z21) -> 46 | ... AF40: =SUM(AF10:AF21) -> 13696
B41: 14.45 - 15.00 | C41: 95 | D41: 0 | E41: 0 | F41: 0 | G41: 0 | H41: 0 | I41: 0 | J41: 0 | K41: 0 | L41: 0 | M41: 240 | N41: 0 | O41: =SUM(C41:L41,N41) -> 95 | P41: =SUM(C41:N41) -> 335 | R41: 24 Hrs/ADT | S41: =SUM(S10:S33) -> 3641.5 | T41: =SUM(T10:T33) -> 929 | U41: =SUM(U10:U33) -> 417 | V41: =SUM(V10:V33) -> 1156.5 | W41: =SUM(W10:W33) -> 21.5 | X41: =SUM(X10:X33) -> 11 | Y41: =SUM(Y10:Y33) -> 171 | Z41: =SUM(Z10:Z33) -> 58.5 | ... AF41: =SUM(AF10:AF33) -> 18083
B42: 15.00 - 15.15 | C42: 35 | D42: 15 | E42: 16 | F42: 30 | G42: 0 | H42: 0 | I42: 1 | J42: 0 | K42: 0 | L42: 0 | M42: 190 | N42: 0 | O42: =SUM(C42:L42,N42) -> 97 | P42: =SUM(C42:N42) -> 287 | R42: NEF | S42: =S41/S40 -> 1.4410368 | T42: =T41/T40 -> 1.5431894 | U42: =U41/U40 -> 1.6100386 | V42: =V41/V40 -> 1.2994382 | W42: =W41/W40 -> 1.075 | X42: =X41/X40 -> 1.8333333 | Y42: =Y41/Y40 -> 1.9213483 | Z42: =Z41/Z40 -> 1.2717391 | ... AF42: =AF41/AF40 -> 1.3203125
B43: 15.15 - 15.30 | C43: 46 | D43: 14 | E43: 6 | F43: 22 | G43: 0 | H43: 0 | I43: 0 | J43: 0 | K43: 0 | L43: 0 | M43: 210 | N43: 0 | O43: =SUM(C43:L43,N43) -> 88 | P43: =SUM(C43:N43) -> 298
B44: 15.30 - 15.45 | C44: 51 | D44: 13 | E44: 4 | F44: 21 | G44: 0 | H44: 0 | I44: 1 | J44: 1 | K44: 1 | L44: 0 | M44: 195 | N44: 0 | O44: =SUM(C44:L44,N44) -> 92 | P44: =SUM(C44:N44) -> 287
B45: 15.45 - 16.00 | C45: 70 | D45: 10 | E45: 7 | F45: 11 | G45: 0 | H45: 0 | I45: 1 | J45: 0 | K45: 1 | L45: 1 | M45: 220 | N45: 0 | O45: =SUM(C45:L45,N45) -> 101 | P45: =SUM(C45:N45) -> 321
B46: 16.00 - 16.15 | C46: 49 | D46: 19 | E46: 7 | F46: 17 | G46: 0 | H46: 0 | I46: 4 | J46: 4 | K46: 1 | L46: 0 | M46: 225 | N46: 0 | O46: =SUM(C46:L46,N46) -> 101 | P46: =SUM(C46:N46) -> 326
B47: 16.15 -16.30 | C47: 65 | D47: 21 | E47: 6 | F47: 14 | G47: 1 | H47: 0 | I47: 3 | J47: 3 | K47: 1 | L47: 0 | M47: 180 | N47: 0 | O47: =SUM(C47:L47,N47) -> 114 | P47: =SUM(C47:N47) -> 294
B48: 16.30 -16.45 | C48: 45 | D48: 17 | E48: 6 | F48: 13 | G48: 0 | H48: 0 | I48: 0 | J48: 0 | K48: 1 | L48: 0 | M48: 220 | N48: 0 | O48: =SUM(C48:L48,N48) -> 82 | P48: =SUM(C48:N48) -> 302
B49: 16.45 -17.00 | C49: 40 | D49: 14 | E49: 3 | F49: 11 | G49: 0 | H49: 0 | I49: 2 | J49: 1 | K49: 0 | L49: 0 | M49: 160 | N49: 0 | O49: =SUM(C49:L49,N49) -> 71 | P49: =SUM(C49:N49) -> 231
B50: 17.00 -17.15 | C50: 55 | D50: 21 | E50: 7 | F50: 15 | G50: 0 | H50: 0 | I50: 1 | J50: 1 | K50: 0 | L50: 0 | M50: 215 | N50: 0 | O50: =SUM(C50:L50,N50) -> 100 | P50: =SUM(C50:N50) -> 315
B51: 17.15 -17.30 | C51: 40 | D51: 26 | E51: 3 | F51: 22 | G51: 0 | H51: 0 | I51: 0 | J51: 1 | K51: 0 | L51: 0 | M51: 200 | N51: 0 | O51: =SUM(C51:L51,N51) -> 92 | P51: =SUM(C51:N51) -> 292
B52: 17.30 -17.45 | C52: 16 | D52: 12 | E52: 5 | F52: 13 | G52: 0 | H52: 0 | I52: 4 | J52: 0 | K52: 3 | L52: 0 | M52: 210 | N52: 0 | O52: =SUM(C52:L52,N52) -> 53 | P52: =SUM(C52:N52) -> 263
B53: 17.45 -18.00 | C53: 49 | D53: 16 | E53: 10 | F53: 15 | G53: 1 | H53: 0 | I53: 2 | J53: 0 | K53: 0 | L53: 1 | M53: 225 | N53: 0 | O53: =SUM(C53:L53,N53) -> 94 | P53: =SUM(C53:N53) -> 319
B54: 18.00 - 18.15 | C54: 75 | D54: 30 | E54: 6 | F54: 6 | G54: 1 | H54: 1 | I54: 0 | J54: 1 | K54: 0 | L54: 1 | M54: 170 | N54: 0 | O54: =SUM(C54:L54,N54) -> 121 | P54: =SUM(C54:N54) -> 291
... B57: 18.45 - 19.00 | C57: 87 | D57: 16 | E57: 9 | F57: 10 | G57: 1 | H57: 2 | I57: 0 | J57: 1 | K57: 1 | L57: 0 | M57: 190 | N57: 0 | O57: =SUM(C57:L57,N57) -> 127 | P57: =SUM(C57:N57) -> 317
B58: 19.00 - 19.15 | C58: =AVERAGE(C57,C59) -> 58.5 | D58: =AVERAGE(D57,D59) -> 17 | E58: =AVERAGE(E57,E59) -> 9 | F58: =AVERAGE(F57,F59) -> 10.5 | G58: =AVERAGE(G57,G59) -> 0.5 | H58: =AVERAGE(H57,H59) -> 1 | I58: =AVERAGE(I57,I59) -> 0 | J58: =AVERAGE(J57,J59) -> 1.5 | ... N58: =AVERAGE(N57,N59) -> 0 | O58: =SUM(C58:L58,N58) -> 98.5 | P58: =SUM(C58:N58) -> 231
B59: 19.15 - 19.30 | C59: 30 | D59: 18 | E59: 9 | F59: 11 | G59: 0 | H59: 0 | I59: 0 | J59: 2 | K59: 0 | L59: 0 | M59: 75 | N59: 0 | O59: =SUM(C59:L59,N59) -> 70 | P59: =SUM(C59:N59) -> 145
B60: 19.30 - 19.45 | C60: 36 | D60: 28 | E60: 6 | F60: 14 | G60: 0 | H60: 0 | I60: 4 | J60: 1 | K60: 0 | L60: 0 | M60: 95 | N60: 0 | O60: =SUM(C60:L60,N60) -> 89 | P60: =SUM(C60:N60) -> 184
B61: 19.45 - 20.00 | C61: 65 | D61: 5 | E61: 4 | F61: 16 | G61: 0 | H61: 0 | I61: 3 | J61: 1 | K61: 0 | L61: 0 | M61: 100 | N61: 0 | O61: =SUM(C61:L61,N61) -> 94 | P61: =SUM(C61:N61) -> 194
B62: 20.00 - 20.15 | C62: 29 | D62: 7 | E62: 5 | F62: 10 | G62: 0 | H62: 0 | I62: 0 | J62: 0 | K62: 0 | L62: 0 | M62: 95 | N62: 0 | O62: =SUM(C62:L62,N62) -> 51 | P62: =SUM(C62:N62) -> 146
B63: 20.15 - 20.30 | C63: 33 | D63: 9 | E63: 13 | F63: 15 | G63: 0 | H63: 0 | I63: 2 | J63: 0 | K63: 0 | L63: 0 | M63: 105 | N63: 0 | O63: =SUM(C63:L63,N63) -> 72 | P63: =SUM(C63:N63) -> 177
B64: 20.30 - 20.45 | C64: 43 | D64: 17 | E64: 8 | F64: 16 | G64: 0 | H64: 0 | I64: 6 | J64: 0 | K64: 0 | L64: 0 | M64: 120 | N64: 0 | O64: =SUM(C64:L64,N64) -> 90 | P64: =SUM(C64:N64) -> 210
B65: 20.45 - 21.00 | C65: 52 | D65: 9 | E65: 4 | F65: 19 | G65: 0 | H65: 1 | I65: 5 | J65: 1 | K65: 0 | L65: 0 | M65: 94 | N65: 0 | O65: =SUM(C65:L65,N65) -> 91 | P65: =SUM(C65:N65) -> 185
B66: 21.00 - 21.15 | C66: 41 | D66: 6 | E66: 7 | F66: 16 | G66: 0 | H66: 0 | I66: 2 | J66: 1 | K66: 0 | L66: 0 | M66: 90 | N66: 0 | O66: =SUM(C66:L66,N66) -> 73 | P66: =SUM(C66:N66) -> 163
B67: 21.15 - 21.30 | C67: 45 | D67: 8 | E67: 9 | F67: 12 | G67: 0 | H67: 0 | I67: 9 | J67: 0 | K67: 0 | L67: 0 | M67: 70 | N67: 0 | O67: =SUM(C67:L67,N67) -> 83 | P67: =SUM(C67:N67) -> 153
B68: 21.30 - 21.45 | C68: 74 | D68: 13 | E68: 5 | F68: 11 | G68: 0 | H68: 0 | I68: 1 | J68: 2 | K68: 0 | L68: 0 | M68: 78 | N68: 0 | O68: =SUM(C68:L68,N68) -> 106 | P68: =SUM(C68:N68) -> 184
B69: 21.45 - 22.00 | C69: 44 | D69: 15 | E69: 9 | F69: 15 | G69: 0 | H69: 0 | I69: 0 | J69: 0 | K69: 0 | L69: 0 | M69: 69 | N69: 0 | O69: =SUM(C69:L69,N69) -> 83 | P69: =SUM(C69:N69) -> 152
B70: 22.00 - 22.15 | C70: 32 | D70: 12 | E70: 4 | F70: 4 | G70: 1 | H70: 1 | I70: 1 | J70: 0 | K70: 0 | L70: 0 | M70: 72 | N70: 0 | O70: =SUM(C70:L70,N70) -> 55 | P70: =SUM(C70:N70) -> 127
... B105: 06.45 - 07.00 | C105: 3 | D105: 0 | E105: 3 | F105: 8 | G105: 0 | H105: 0 | I105: 0 | J105: 0 | K105: 1 | L105: 0 | M105: 13 | N105: 0 | O105: =SUM(C105:L105,N105) -> 15 | P105: =SUM(C105:N105) -> 28
B106: Totals | C106: =SUM(C10:C105) -> 3641.5 | D106: =SUM(D10:D105) -> 929 | E106: =SUM(E10:E105) -> 417 | F106: =SUM(F10:F105) -> 1156.5 | G106: =SUM(G10:G105) -> 21.5 | H106: =SUM(H10:H105) -> 11 | I106: =SUM(I10:I105) -> 171 | J106: =SUM(J10:J105) -> 58.5 | ... P106: =SUM(P10:P105) -> 18083
B107: %ges + MCs | C107: =C106/$P$106 -> 0.20137698 | D107: =D106/$P$106 -> 0.051374219 | E107: =E106/$P$106 -> 0.023060333 | F107: =F106/$P$106 -> 0.063955096 | G107: =G106/$P$106 -> 0.001188962 | H107: =H106/$P$106 -> 0.00060830614 | I107: =I106/$P$106 -> 0.0094563955 | J107: =J106/$P$106 -> 0.0032350827 | ... N107: =N106/$P$106 -> 0
B108: %ges w/o MCs | C108: =C106/$O$106 -> 0.56461741 | D108: =D106/$O$106 -> 0.14404217 | E108: =E106/$O$106 -> 0.064656175 | F108: =F106/$O$106 -> 0.17931623 | G108: =G106/$O$106 -> 0.0033335918 | H108: =H106/$O$106 -> 0.0017055586 | I108: =I106/$O$106 -> 0.026513683 | J108: =J106/$O$106 -> 0.0090704706 | ... L108: =L106/$O$106 -> 0.0015505078 | N108: =N106/$O$106 -> 0

Sheet 26.07 Makindye-Kibuye-24h
B1: Consultancy services for Preparation of Expressway Development Master Plan (EDMP) for Uganda
B2: MANUAL CLASSIFIED COUNT (MCC)
B3: ROAD NAME: | C3: ='22.07 Kibuye-Makindye'!C3:G3 -> MCC - C1 - STN01 - MOBUTU ROAD
C5: Date | D5: ='26.07 Kibuye-Makindye-24h'!D5 -> 26.07.19 | F5: Location | G5: ='26.07 Kibuye-Makindye-24h'!G5:H5 -> FUELEX MAKINDYE | J5: Surveyor | K5: ='26.07 Kibuye-Makindye-24h'!K5:L5 -> WAKWESA ALLAN/CHEMONGES KENNETH/SSONKO SAMUEL/OWOMUGISHA BRENDA
C6: Dir. From | D6: ='22.07 Makindye-Kibuye'!D6:E6 -> MAKINDYE | F6: Dir. To | G6: ='23.07 Makindye-Kibuye'!G6:H6 -> KIBUYE | J6: Supervisor | K6: ='26.07 Kibuye-Makindye-24h'!K6:L6 -> EMMA
B8: Time / Veh Type | R8: SUMMARY TRAFFIC VOLUMES
C9: 1. Car | D9: 2. Station Wagon | E9: 3. Pickups | F9: 4. Minibus, matatu | G9: 5. Medium bus | H9: 6. Large Bus | I9: 7. Light Truck | J9: 8. Medium Truck | K9: 9. Heavy truck | L9: 10. Truck Trailer | M9: 11. Motor cycles | N9: 12. Tractors | O9: Total Excl M/Cycles | P9: Total All | R9: Time | S9: 1. Car | T9: 2. Station Wagon | U9: 3. Pickups | V9: 4. Minibus, matatu | W9: 5. Medium bus | X9: 6. Large Bus | Y9: 7. Light Truck | Z9: 8. Medium Truck | AA9: 9. Heavy truck | AB9: 10. Truck Trailer | AC9: 11. Motorcycles | AD9: 12. Tractors, Graders | AE9: Total Excl M/ Cycles | AF9: Total All
B10: 07.00 - 07.15 | C10: 21 | D10: 0 | E10: 0 | F10: 0 | G10: 0 | H10: 0 | I10: 0 | J10: 0 | K10: 0 | L10: 0 | M10: 51 | N10: 0 | O10: =SUM(C10:L10,N10) -> 21 | P10: =SUM(C10:N10) -> 72 | R10: 0700-0800 | S10: =SUM(C10:C13) -> 167 | T10: =SUM(D10:D13) -> 21 | U10: =SUM(E10:E13) -> 11 | V10: =SUM(F10:F13) -> 14 | W10: =SUM(G10:G13) -> 0 | X10: =SUM(H10:H13) -> 0 | Y10: =SUM(I10:I13) -> 3 | Z10: =SUM(J10:J13) -> 3 | ... AF10: =SUM(P10:P13) -> 931
B11: 07.15 - 07.30 | C11: 54 | D11: 10 | E11: 6 | F11: 5 | G11: 0 | H11: 0 | I11: 1 | J11: 1 | K11: 0 | L11: 0 | M11: 240 | N11: 0 | O11: =SUM(C11:L11,N11) -> 77 | P11: =SUM(C11:N11) -> 317 | R11: 0800-0900 | S11: =SUM(C14:C17) -> 102 | T11: =SUM(D14:D17) -> 13 | U11: =SUM(E14:E17) -> 10 | V11: =SUM(F14:F17) -> 50 | W11: =SUM(G14:G17) -> 0 | X11: =SUM(H14:H17) -> 0 | Y11: =SUM(I14:I17) -> 3 | Z11: =SUM(J14:J17) -> 2 | ... AF11: =SUM(P14:P17) -> 1027
B12: 07.30 - 07.45 | C12: 45 | D12: 6 | E12: 5 | F12: 8 | G12: 0 | H12: 0 | I12: 1 | J12: 1 | K12: 1 | L12: 0 | M12: 210 | N12: 0 | O12: =SUM(C12:L12,N12) -> 67 | P12: =SUM(C12:N12) -> 277 | R12: 0900-1000 | S12: =SUM(C18:C21) -> 118 | T12: =SUM(D18:D21) -> 27 | U12: =SUM(E18:E21) -> 16 | V12: =SUM(F18:F21) -> 98 | W12: =SUM(G18:G21) -> 2 | X12: =SUM(H18:H21) -> 0 | Y12: =SUM(I18:I21) -> 10 | Z12: =SUM(J18:J21) -> 6 | ... AF12: =SUM(P18:P21) -> 1154
B13: 07.45 - 08.00 | C13: 47 | D13: 5 | E13: 0 | F13: 1 | G13: 0 | H13: 0 | I13: 1 | J13: 1 | K13: 0 | L13: 0 | M13: 210 | N13: 0 | O13: =SUM(C13:L13,N13) -> 55 | P13: =SUM(C13:N13) -> 265 | R13: 1000-1100 | S13: =SUM(C22:C25) -> 119 | T13: =SUM(D22:D25) -> 22 | U13: =SUM(E22:E25) -> 7 | V13: =SUM(F22:F25) -> 102 | W13: =SUM(G22:G25) -> 0 | X13: =SUM(H22:H25) -> 0 | Y13: =SUM(I22:I25) -> 5 | Z13: =SUM(J22:J25) -> 7 | ... AF13: =SUM(P22:P25) -> 1110
B14: 08.00 - 08.15 | C14: 30 | D14: 4 | E14: 2 | F14: 9 | G14: 0 | H14: 0 | I14: 2 | J14: 1 | K14: 1 | L14: 0 | M14: 200 | N14: 0 | O14: =SUM(C14:L14,N14) -> 49 | P14: =SUM(C14:N14) -> 249 | R14: 1100-1200 | S14: =SUM(C26:C29) -> 79 | T14: =SUM(D26:D29) -> 16 | U14: =SUM(E26:E29) -> 13 | V14: =SUM(F26:F29) -> 94 | W14: =SUM(G26:G29) -> 0 | X14: =SUM(H26:H29) -> 0 | Y14: =SUM(I26:I29) -> 10 | Z14: =SUM(J26:J29) -> 10 | ... AF14: =SUM(P26:P29) -> 1049
B15: 08.15 - 08.30 | C15: 27 | D15: 4 | E15: 0 | F15: 15 | G15: 0 | H15: 0 | I15: 0 | J15: 0 | K15: 0 | L15: 0 | M15: 210 | N15: 0 | O15: =SUM(C15:L15,N15) -> 46 | P15: =SUM(C15:N15) -> 256 | R15: 1200-1300 | S15: =SUM(C30:C33) -> 136 | T15: =SUM(D30:D33) -> 21 | U15: =SUM(E30:E33) -> 14 | V15: =SUM(F30:F33) -> 172 | W15: =SUM(G30:G33) -> 0 | X15: =SUM(H30:H33) -> 0 | Y15: =SUM(I30:I33) -> 10 | Z15: =SUM(J30:J33) -> 4 | ... AF15: =SUM(P30:P33) -> 1112
B16: 08.30 - 08.45 | C16: 17 | D16: 2 | E16: 5 | F16: 16 | G16: 0 | H16: 0 | I16: 0 | J16: 0 | K16: 1 | L16: 0 | M16: 240 | N16: 0 | O16: =SUM(C16:L16,N16) -> 41 | P16: =SUM(C16:N16) -> 281 | R16: 1300-1400 | S16: =SUM(C34:C37) -> 103 | T16: =SUM(D34:D37) -> 14 | U16: =SUM(E34:E37) -> 15 | V16: =SUM(F34:F37) -> 125 | W16: =SUM(G34:G37) -> 0 | X16: =SUM(H34:H37) -> 0 | Y16: =SUM(I34:I37) -> 8 | Z16: =SUM(J34:J37) -> 0 | ... AF16: =SUM(P34:P37) -> 1060
B17: 08.45 - 9.00 | C17: 28 | D17: 3 | E17: 3 | F17: 10 | G17: 0 | H17: 0 | I17: 1 | J17: 1 | K17: 0 | L17: 0 | M17: 195 | N17: 0 | O17: =SUM(C17:L17,N17) -> 46 | P17: =SUM(C17:N17) -> 241 | R17: 1400-1500 | S17: =SUM(C38:C41) -> 84 | T17: =SUM(D38:D41) -> 17 | U17: =SUM(E38:E41) -> 9 | V17: =SUM(F38:F41) -> 122 | W17: =SUM(G38:G41) -> 0 | X17: =SUM(H38:H41) -> 1 | Y17: =SUM(I38:I41) -> 5 | Z17: =SUM(J38:J41) -> 6 | ... AF17: =SUM(P38:P41) -> 1104
B18: 09.00 - 09.15 | C18: 29 | D18: 5 | E18: 4 | F18: 27 | G18: 0 | H18: 0 | I18: 2 | J18: 0 | K18: 1 | L18: 0 | M18: 240 | N18: 0 | O18: =SUM(C18:L18,N18) -> 68 | P18: =SUM(C18:N18) -> 308 | R18: 1500-1600 | S18: =SUM(C42:C45) -> 115 | T18: =SUM(D42:D45) -> 44 | U18: =SUM(E42:E45) -> 22 | V18: =SUM(F42:F45) -> 103 | W18: =SUM(G42:G45) -> 0 | X18: =SUM(H42:H45) -> 0 | Y18: =SUM(I42:I45) -> 20 | Z18: =SUM(J42:J45) -> 0 | ... AF18: =SUM(P42:P45) -> 1290
B19: 09.15 - 09.30 | C19: 32 | D19: 8 | E19: 6 | F19: 26 | G19: 0 | H19: 0 | I19: 0 | J19: 4 | K19: 0 | L19: 0 | M19: 210 | N19: 0 | O19: =SUM(C19:L19,N19) -> 76 | P19: =SUM(C19:N19) -> 286 | R19: 1600-1700 | S19: =SUM(C46:C49) -> 123 | T19: =SUM(D46:D49) -> 11 | U19: =SUM(E46:E49) -> 8 | V19: =SUM(F46:F49) -> 133 | W19: =SUM(G46:G49) -> 1 | X19: =SUM(H46:H49) -> 0 | Y19: =SUM(I46:I49) -> 13 | Z19: =SUM(J46:J49) -> 5 | ... AF19: =SUM(P46:P49) -> 1010
B20: 09.30 - 09.45 | C20: 30 | D20: 6 | E20: 4 | F20: 20 | G20: 0 | H20: 0 | I20: 6 | J20: 1 | K20: 0 | L20: 0 | M20: 215 | N20: 0 | O20: =SUM(C20:L20,N20) -> 67 | P20: =SUM(C20:N20) -> 282 | R20: 1700-1800 | S20: =SUM(C50:C53) -> 121 | T20: =SUM(D50:D53) -> 18 | U20: =SUM(E50:E53) -> 28 | V20: =SUM(F50:F53) -> 116 | W20: =SUM(G50:G53) -> 2 | X20: =SUM(H50:H53) -> 0 | Y20: =SUM(I50:I53) -> 7 | Z20: =SUM(J50:J53) -> 4 | ... AF20: =SUM(P50:P53) -> 1014
B21: 09.45 - 10.00 | C21: 27 | D21: 8 | E21: 2 | F21: 25 | G21: 2 | H21: 0 | I21: 2 | J21: 1 | K21: 1 | L21: 0 | M21: 210 | N21: 0 | O21: =SUM(C21:L21,N21) -> 68 | P21: =SUM(C21:N21) -> 278 | R21: 1800-1900 | S21: =SUM(C54:C57) -> 81 | T21: =SUM(D54:D57) -> 5 | U21: =SUM(E54:E57) -> 0 | V21: =SUM(F54:F57) -> 88 | W21: =SUM(G54:G57) -> 0 | X21: =SUM(H54:H57) -> 0 | Y21: =SUM(I54:I57) -> 6 | Z21: =SUM(J54:J57) -> 4 | ... AF21: =SUM(P54:P57) -> 824
B22: 10.00 - 10.15 | C22: 40 | D22: 5 | E22: 0 | F22: 30 | G22: 0 | H22: 0 | I22: 3 | J22: 0 | K22: 0 | L22: 0 | M22: 210 | N22: 0 | O22: =SUM(C22:L22,N22) -> 78 | P22: =SUM(C22:N22) -> 288 | R22: 1900-2000 | S22: =SUM(C58:C61) -> 150 | T22: =SUM(D58:D61) -> 15 | U22: =SUM(E58:E61) -> 4 | V22: =SUM(F58:F61) -> 200 | W22: =SUM(G58:G61) -> 3 | X22: =SUM(H58:H61) -> 0 | Y22: =SUM(I58:I61) -> 2 | Z22: =SUM(J58:J61) -> 1 | ... AF22: =SUM(P58:P61) -> 685
B23: 10.15 - 10.30 | C23: 30 | D23: 6 | E23: 2 | F23: 28 | G23: 0 | H23: 0 | I23: 1 | J23: 2 | K23: 0 | L23: 0 | M23: 210 | N23: 0 | O23: =SUM(C23:L23,N23) -> 69 | P23: =SUM(C23:N23) -> 279 | R23: 2000-2100 | S23: =SUM(C62:C65) -> 305 | T23: =SUM(D62:D65) -> 15 | U23: =SUM(E62:E65) -> 3 | V23: =SUM(F62:F65) -> 405 | W23: =SUM(G62:G65) -> 0 | X23: =SUM(H62:H65) -> 0 | Y23: =SUM(I62:I65) -> 10 | Z23: =SUM(J62:J65) -> 3 | ... AF23: =SUM(P62:P65) -> 1285
B24: 10.30 - 10.45 | C24: 21 | D24: 7 | E24: 3 | F24: 22 | G24: 0 | H24: 0 | I24: 1 | J24: 4 | K24: 3 | L24: 0 | M24: 215 | N24: 0 | O24: =SUM(C24:L24,N24) -> 61 | P24: =SUM(C24:N24) -> 276 | R24: 2100-2200 | S24: =SUM(C66:C69) -> 195 | T24: =SUM(D66:D69) -> 21 | U24: =SUM(E66:E69) -> 7 | V24: =SUM(F66:F69) -> 115 | W24: =SUM(G66:G69) -> 2 | X24: =SUM(H66:H69) -> 0 | Y24: =SUM(I66:I69) -> 0 | Z24: =SUM(J66:J69) -> 7 | ... AF24: =SUM(P66:P69) -> 1429
B25: 10.45 - 11.00 | C25: 28 | D25: 4 | E25: 2 | F25: 22 | G25: 0 | H25: 0 | I25: 0 | J25: 1 | K25: 0 | L25: 0 | M25: 210 | N25: 0 | O25: =SUM(C25:L25,N25) -> 57 | P25: =SUM(C25:N25) -> 267 | R25: 2200-2300 | S25: =SUM(C70:C73) -> 391 | T25: =SUM(D70:D73) -> 14 | U25: =SUM(E70:E73) -> 4 | V25: =SUM(F70:F73) -> 165 | W25: =SUM(G70:G73) -> 0 | X25: =SUM(H70:H73) -> 0 | Y25: =SUM(I70:I73) -> 5 | Z25: =SUM(J70:J73) -> 0 | ... AF25: =SUM(P70:P73) -> 1544
B26: 11.00 - 11.15 | C26: 22 | D26: 6 | E26: 3 | F26: 29 | G26: 0 | H26: 0 | I26: 1 | J26: 1 | K26: 0 | L26: 0 | M26: 190 | N26: 0 | O26: =SUM(C26:L26,N26) -> 62 | P26: =SUM(C26:N26) -> 252 | R26: 2300-0000 | S26: =SUM(C74:C77) -> 245 | T26: =SUM(D74:D77) -> 9 | U26: =SUM(E74:E77) -> 6 | V26: =SUM(F74:F77) -> 135 | W26: =SUM(G74:G77) -> 2 | X26: =SUM(H74:H77) -> 0 | Y26: =SUM(I74:I77) -> 2 | Z26: =SUM(J74:J77) -> 5 | ... AF26: =SUM(P74:P77) -> 1100
B27: 11.15 - 11.30 | C27: 15 | D27: 4 | E27: 4 | F27: 19 | G27: 0 | H27: 0 | I27: 7 | J27: 0 | K27: 2 | L27: 0 | M27: 210 | N27: 0 | O27: =SUM(C27:L27,N27) -> 51 | P27: =SUM(C27:N27) -> 261 | R27: 0000-0100 | S27: =SUM(C78:C81) -> 112 | T27: =SUM(D78:D81) -> 2 | U27: =SUM(E78:E81) -> 0 | V27: =SUM(F78:F81) -> 4 | W27: =SUM(G78:G81) -> 0 | X27: =SUM(H78:H81) -> 0 | Y27: =SUM(I78:I81) -> 1 | Z27: =SUM(J78:J81) -> 0 | ... AF27: =SUM(P78:P81) -> 684
B28: 11.30 - 11.45 | C28: 16 | D28: 4 | E28: 4 | F28: 27 | G28: 0 | H28: 0 | I28: 1 | J28: 4 | K28: 0 | L28: 0 | M28: 210 | N28: 0 | O28: =SUM(C28:L28,N28) -> 56 | P28: =SUM(C28:N28) -> 266 | R28: 0100-0200 | S28: =SUM(C82:C85) -> 30 | T28: =SUM(D82:D85) -> 0 | U28: =SUM(E82:E85) -> 0 | V28: =SUM(F82:F85) -> 11 | W28: =SUM(G82:G85) -> 0 | X28: =SUM(H82:H85) -> 0 | Y28: =SUM(I82:I85) -> 0 | Z28: =SUM(J82:J85) -> 0 | ... AF28: =SUM(P82:P85) -> 279
B29: 11.45 - 12.00 | C29: 26 | D29: 2 | E29: 2 | F29: 19 | G29: 0 | H29: 0 | I29: 1 | J29: 5 | K29: 0 | L29: 0 | M29: 215 | N29: 0 | O29: =SUM(C29:L29,N29) -> 55 | P29: =SUM(C29:N29) -> 270 | R29: 0200-0300 | S29: =SUM(C86:C89) -> 31 | T29: =SUM(D86:D89) -> 1 | U29: =SUM(E86:E89) -> 1 | V29: =SUM(F86:F89) -> 4 | W29: =SUM(G86:G89) -> 0 | X29: =SUM(H86:H89) -> 0 | Y29: =SUM(I86:I89) -> 0 | Z29: =SUM(J86:J89) -> 0 | ... AF29: =SUM(P86:P89) -> 121
B30: 12.00 - 12.15 | C30: 42 | D30: 4 | E30: 6 | F30: 71 | G30: 0 | H30: 0 | I30: 2 | J30: 0 | K30: 0 | L30: 0 | M30: 210 | N30: 0 | O30: =SUM(C30:L30,N30) -> 125 | P30: =SUM(C30:N30) -> 335 | R30: 0300-0400 | S30: =SUM(C90:C93) -> 36 | T30: =SUM(D90:D93) -> 3 | U30: =SUM(E90:E93) -> 0 | V30: =SUM(F90:F93) -> 2 | W30: =SUM(G90:G93) -> 0 | X30: =SUM(H90:H93) -> 0 | Y30: =SUM(I90:I93) -> 2 | Z30: =SUM(J90:J93) -> 1 | ... AF30: =SUM(P90:P93) -> 122
B31: 12.15 - 12.30 | C31: 36 | D31: 7 | E31: 6 | F31: 40 | G31: 0 | H31: 0 | I31: 4 | J31: 0 | K31: 0 | L31: 0 | M31: 180 | N31: 0 | O31: =SUM(C31:L31,N31) -> 93 | P31: =SUM(C31:N31) -> 273 | R31: 0400-0500 | S31: =SUM(C94:C97) -> 41 | T31: =SUM(D94:D97) -> 3 | U31: =SUM(E94:E97) -> 1 | V31: =SUM(F94:F97) -> 39 | W31: =SUM(G94:G97) -> 0 | X31: =SUM(H94:H97) -> 0 | Y31: =SUM(I94:I97) -> 0 | Z31: =SUM(J94:J97) -> 0 | ... AF31: =SUM(P94:P97) -> 174
B32: 12.30 - 12.45 | C32: 32 | D32: 8 | E32: 2 | F32: 38 | G32: 0 | H32: 0 | I32: 4 | J32: 3 | K32: 0 | L32: 0 | M32: 185 | N32: 0 | O32: =SUM(C32:L32,N32) -> 87 | P32: =SUM(C32:N32) -> 272 | R32: 0500-0600 | S32: =SUM(C98:C101) -> 49 | T32: =SUM(D98:D101) -> 5 | U32: =SUM(E98:E101) -> 27 | V32: =SUM(F98:F101) -> 46 | W32: =SUM(G98:G101) -> 0 | X32: =SUM(H98:H101) -> 0 | Y32: =SUM(I98:I101) -> 0 | Z32: =SUM(J98:J101) -> 3 | ... AF32: =SUM(P98:P101) -> 346
B33: 12.45 - 13.00 | C33: 26 | D33: 2 | E33: 0 | F33: 23 | G33: 0 | H33: 0 | I33: 0 | J33: 1 | K33: 0 | L33: 0 | M33: 180 | N33: 0 | O33: =SUM(C33:L33,N33) -> 52 | P33: =SUM(C33:N33) -> 232 | R33: 0600-0700 | S33: =SUM(C102:C105) -> 230 | T33: =SUM(D102:D105) -> 9 | U33: =SUM(E102:E105) -> 0 | V33: =SUM(F102:F105) -> 330 | W33: =SUM(G102:G105) -> 0 | X33: =SUM(H102:H105) -> 0 | Y33: =SUM(I102:I105) -> 1 | Z33: =SUM(J102:J105) -> 1 | ... AF33: =SUM(P102:P105) -> 836
B34: 13.00 - 13.15 | C34: 23 | D34: 2 | E34: 4 | F34: 33 | G34: 0 | H34: 0 | I34: 3 | J34: 0 | K34: 0 | L34: 0 | M34: 210 | N34: 0 | O34: =SUM(C34:L34,N34) -> 65 | P34: =SUM(C34:N34) -> 275 | R34: AM Peak Hr | S34: =MAX(S10:S12) -> 167 | T34: =MAX(T10:T12) -> 27 | U34: =MAX(U10:U12) -> 16 | V34: =MAX(V10:V12) -> 98 | W34: =MAX(W10:W12) -> 2 | X34: =MAX(X10:X12) -> 0 | Y34: =MAX(Y10:Y12) -> 10 | Z34: =MAX(Z10:Z12) -> 6 | ... AF34: =MAX(AF10:AF12) -> 1154
B35: 13.15 - 13.30 | C35: 33 | D35: 4 | E35: 6 | F35: 33 | G35: 0 | H35: 0 | I35: 3 | J35: 0 | K35: 0 | L35: 0 | M35: 180 | N35: 0 | O35: =SUM(C35:L35,N35) -> 79 | P35: =SUM(C35:N35) -> 259 | R35: IP Peak Hr | S35: =MAX(S13:S18) -> 136 | T35: =MAX(T13:T18) -> 44 | U35: =MAX(U13:U18) -> 22 | V35: =MAX(V13:V18) -> 172 | W35: =MAX(W13:W18) -> 0 | X35: =MAX(X13:X18) -> 1 | Y35: =MAX(Y13:Y18) -> 20 | Z35: =MAX(Z13:Z18) -> 10 | ... AF35: =MAX(AF13:AF18) -> 1290
B36: 13.30 - 13.45 | C36: 20 | D36: 7 | E36: 5 | F36: 29 | G36: 0 | H36: 0 | I36: 0 | J36: 0 | K36: 0 | L36: 0 | M36: 220 | N36: 0 | O36: =SUM(C36:L36,N36) -> 61 | P36: =SUM(C36:N36) -> 281 | R36: PM Peak Hr | S36: =MAX(S19:S21) -> 123 | T36: =MAX(T19:T21) -> 18 | U36: =MAX(U19:U21) -> 28 | V36: =MAX(V19:V21) -> 133 | W36: =MAX(W19:W21) -> 2 | X36: =MAX(X19:X21) -> 0 | Y36: =MAX(Y19:Y21) -> 13 | Z36: =MAX(Z19:Z21) -> 5 | ... AF36: =MAX(AF19:AF21) -> 1014
B37: 13.45 - 14.00 | C37: 27 | D37: 1 | E37: 0 | F37: 30 | G37: 0 | H37: 0 | I37: 2 | J37: 0 | K37: 0 | L37: 0 | M37: 185 | N37: 0 | O37: =SUM(C37:L37,N37) -> 60 | P37: =SUM(C37:N37) -> 245 | R37: AM Period | S37: =SUM(S10:S12) -> 387 | T37: =SUM(T10:T12) -> 61 | U37: =SUM(U10:U12) -> 37 | V37: =SUM(V10:V12) -> 162 | W37: =SUM(W10:W12) -> 2 | X37: =SUM(X10:X12) -> 0 | Y37: =SUM(Y10:Y12) -> 16 | Z37: =SUM(Z10:Z12) -> 11 | ... AF37: =SUM(AF10:AF12) -> 3112
B38: 14.00 - 14.15 | C38: 22 | D38: 2 | E38: 2 | F38: 41 | G38: 0 | H38: 0 | I38: 2 | J38: 3 | K38: 0 | L38: 0 | M38: 210 | N38: 0 | O38: =SUM(C38:L38,N38) -> 72 | P38: =SUM(C38:N38) -> 282 | R38: IP Period | S38: =SUM(S13:S18) -> 636 | T38: =SUM(T13:T18) -> 134 | U38: =SUM(U13:U18) -> 80 | V38: =SUM(V13:V18) -> 718 | W38: =SUM(W13:W18) -> 0 | X38: =SUM(X13:X18) -> 1 | Y38: =SUM(Y13:Y18) -> 58 | Z38: =SUM(Z13:Z18) -> 27 | ... AF38: =SUM(AF13:AF18) -> 6725
B39: 14.15 - 14.30 | C39: 23 | D39: 1 | E39: 0 | F39: 38 | G39: 0 | H39: 1 | I39: 2 | J39: 1 | K39: 0 | L39: 0 | M39: 180 | N39: 0 | O39: =SUM(C39:L39,N39) -> 66 | P39: =SUM(C39:N39) -> 246 | R39: PM Period | S39: =SUM(S19:S21) -> 325 | T39: =SUM(T19:T21) -> 34 | U39: =SUM(U19:U21) -> 36 | V39: =SUM(V19:V21) -> 337 | W39: =SUM(W19:W21) -> 3 | X39: =SUM(X19:X21) -> 0 | Y39: =SUM(Y19:Y21) -> 26 | Z39: =SUM(Z19:Z21) -> 13 | ... AF39: =SUM(AF19:AF21) -> 2848
B40: 14.30 - 14.45 | C40: 27 | D40: 9 | E40: 4 | F40: 25 | G40: 0 | H40: 0 | I40: 1 | J40: 1 | K40: 0 | L40: 0 | M40: 290 | N40: 0 | O40: =SUM(C40:L40,N40) -> 67 | P40: =SUM(C40:N40) -> 357 | R40: 12 Hours | S40: =SUM(S10:S21) -> 1348 | T40: =SUM(T10:T21) -> 229 | U40: =SUM(U10:U21) -> 153 | V40: =SUM(V10:V21) -> 1217 | W40: =SUM(W10:W21) -> 5 | X40: =SUM(X10:X21) -> 1 | Y40: =SUM(Y10:Y21) -> 100 | Z40: =SUM(Z10:Z21) -> 51 | ... AF40: =SUM(AF10:AF21) -> 12685
B41: 14.45 - 15.00 | C41: 12 | D41: 5 | E41: 3 | F41: 18 | G41: 0 | H41: 0 | I41: 0 | J41: 1 | K41: 0 | L41: 0 | M41: 180 | N41: 0 | O41: =SUM(C41:L41,N41) -> 39 | P41: =SUM(C41:N41) -> 219 | R41: 24 Hrs/ADT | S41: =SUM(S10:S33) -> 3163 | T41: =SUM(T10:T33) -> 326 | U41: =SUM(U10:U33) -> 206 | V41: =SUM(V10:V33) -> 2673 | W41: =SUM(W10:W33) -> 12 | X41: =SUM(X10:X33) -> 1 | Y41: =SUM(Y10:Y33) -> 123 | Z41: =SUM(Z10:Z33) -> 72 | ... AF41: =SUM(AF10:AF33) -> 21290
B42: 15.00 - 15.15 | C42: 18 | D42: 12 | E42: 6 | F42: 16 | G42: 0 | H42: 0 | I42: 4 | J42: 0 | K42: 0 | L42: 0 | M42: 260 | N42: 0 | O42: =SUM(C42:L42,N42) -> 56 | P42: =SUM(C42:N42) -> 316 | R42: NEF | S42: =S41/S40 -> 2.3464392 | T42: =T41/T40 -> 1.4235808 | U42: =U41/U40 -> 1.3464052 | V42: =V41/V40 -> 2.1963846 | W42: =W41/W40 -> 2.4 | X42: =X41/X40 -> 1 | Y42: =Y41/Y40 -> 1.23 | Z42: =Z41/Z40 -> 1.4117647 | ... AF42: =AF41/AF40 -> 1.6783603
B43: 15.15 - 15.30 | C43: 40 | D43: 20 | E43: 8 | F43: 40 | G43: 0 | H43: 0 | I43: 11 | J43: 0 | K43: 0 | L43: 0 | M43: 260 | N43: 0 | O43: =SUM(C43:L43,N43) -> 119 | P43: =SUM(C43:N43) -> 379
B44: 15.30 - 15.45 | C44: 33 | D44: 5 | E44: 3 | F44: 24 | G44: 0 | H44: 0 | I44: 2 | J44: 0 | K44: 1 | L44: 0 | M44: 210 | N44: 0 | O44: =SUM(C44:L44,N44) -> 68 | P44: =SUM(C44:N44) -> 278
B45: 15.45 - 16.00 | C45: 24 | D45: 7 | E45: 5 | F45: 23 | G45: 0 | H45: 0 | I45: 3 | J45: 0 | K45: 0 | L45: 0 | M45: 255 | N45: 0 | O45: =SUM(C45:L45,N45) -> 62 | P45: =SUM(C45:N45) -> 317
B46: 16.00 - 16.15 | C46: 34 | D46: 3 | E46: 3 | F46: 32 | G46: 0 | H46: 0 | I46: 4 | J46: 1 | K46: 0 | L46: 0 | M46: 170 | N46: 0 | O46: =SUM(C46:L46,N46) -> 77 | P46: =SUM(C46:N46) -> 247
B47: 16.15 -16.30 | C47: 28 | D47: 2 | E47: 1 | F47: 37 | G47: 0 | H47: 0 | I47: 0 | J47: 0 | K47: 0 | L47: 0 | M47: 210 | N47: 0 | O47: =SUM(C47:L47,N47) -> 68 | P47: =SUM(C47:N47) -> 278
B48: 16.30 -16.45 | C48: 33 | D48: 6 | E48: 4 | F48: 32 | G48: 0 | H48: 0 | I48: 3 | J48: 2 | K48: 0 | L48: 0 | M48: 160 | N48: 0 | O48: =SUM(C48:L48,N48) -> 80 | P48: =SUM(C48:N48) -> 240
B49: 16.45 -17.00 | C49: 28 | D49: 0 | E49: 0 | F49: 32 | G49: 1 | H49: 0 | I49: 6 | J49: 2 | K49: 1 | L49: 0 | M49: 175 | N49: 0 | O49: =SUM(C49:L49,N49) -> 70 | P49: =SUM(C49:N49) -> 245
B50: 17.00 -17.15 | C50: 28 | D50: 5 | E50: 22 | F50: 34 | G50: 0 | H50: 0 | I50: 2 | J50: 1 | K50: 2 | L50: 0 | M50: 150 | N50: 0 | O50: =SUM(C50:L50,N50) -> 94 | P50: =SUM(C50:N50) -> 244
B51: 17.15 -17.30 | C51: 29 | D51: 5 | E51: 3 | F51: 23 | G51: 1 | H51: 0 | I51: 5 | J51: 0 | K51: 0 | L51: 0 | M51: 175 | N51: 0 | O51: =SUM(C51:L51,N51) -> 66 | P51: =SUM(C51:N51) -> 241
B52: 17.30 -17.45 | C52: 48 | D52: 4 | E52: 2 | F52: 34 | G52: 0 | H52: 0 | I52: 0 | J52: 2 | K52: 0 | L52: 0 | M52: 210 | N52: 0 | O52: =SUM(C52:L52,N52) -> 90 | P52: =SUM(C52:N52) -> 300
B53: 17.45 -18.00 | C53: 16 | D53: 4 | E53: 1 | F53: 25 | G53: 1 | H53: 0 | I53: 0 | J53: 1 | K53: 1 | L53: 0 | M53: 180 | N53: 0 | O53: =SUM(C53:L53,N53) -> 49 | P53: =SUM(C53:N53) -> 229
B54: 18.00 - 18.15 | C54: 23 | D54: 5 | E54: 0 | F54: 18 | G54: 0 | H54: 0 | I54: 2 | J54: 1 | K54: 0 | L54: 0 | M54: 175 | N54: 0 | O54: =SUM(C54:L54,N54) -> 49 | P54: =SUM(C54:N54) -> 224
... B105: 06.45 - 07.00 | C105: 70 | D105: 1 | E105: 0 | F105: 75 | G105: 0 | H105: 0 | I105: 0 | J105: 0 | K105: 0 | L105: 0 | M105: 80 | N105: 0 | O105: =SUM(C105:L105,N105) -> 146 | P105: =SUM(C105:N105) -> 226
B106: Totals | C106: =SUM(C10:C105) -> 3163 | D106: =SUM(D10:D105) -> 326 | E106: =SUM(E10:E105) -> 206 | F106: =SUM(F10:F105) -> 2673 | G106: =SUM(G10:G105) -> 12 | H106: =SUM(H10:H105) -> 1 | I106: =SUM(I10:I105) -> 123 | J106: =SUM(J10:J105) -> 72 | ... P106: =SUM(P10:P105) -> 21290
B107: %ges + MCs | C107: =C106/$P$106 -> 0.1485674 | D107: =D106/$P$106 -> 0.015312353 | E107: =E106/$P$106 -> 0.0096759042 | F107: =F106/$P$106 -> 0.1255519 | G107: =G106/$P$106 -> 0.0005636449 | H107: =H106/$P$106 -> 4.6970409e-05 | I107: =I106/$P$106 -> 0.0057773603 | J107: =J106/$P$106 -> 0.0033818694 | ... N107: =N106/$P$106 -> 4.6970409e-05
B108: %ges w/o MCs | C108: =C106/$O$106 -> 0.47938769 | D108: =D106/$O$106 -> 0.049408912 | E108: =E106/$O$106 -> 0.031221582 | F108: =F106/$O$106 -> 0.40512276 | G108: =G106/$O$106 -> 0.0018187329 | H108: =H106/$O$106 -> 0.00015156108 | I108: =I106/$O$106 -> 0.018642013 | J108: =J106/$O$106 -> 0.010912398 | ... L108: =L106/$O$106 -> 0.00015156108 | N108: =N106/$O$106 -> 0.00015156108

Sheet 27.07 Kibuye-Makindye-24h
B1: Consultancy services for Preparation of Expressway Development Master Plan (EDMP) for Uganda
B2: MANUAL CLASSIFIED COUNT (MCC)
B3: ROAD NAME: | C3: ='22.07 Kibuye-Makindye'!C3:G3 -> MCC - C1 - STN01 - MOBUTU ROAD
C5: Date | D5: 27.07.19 | F5: Location | G5: ='26.07 Makindye-Kibuye-24h'!G5:H5 -> FUELEX MAKINDYE | J5: Surveyor | K5: ='26.07 Makindye-Kibuye-24h'!K5:L5 -> WAKWESA ALLAN/CHEMONGES KENNETH/SSONKO SAMUEL/OWOMUGISHA BRENDA
C6: Dir. From | D6: ='22.07 Kibuye-Makindye'!D6:E6 -> KIBUYE | F6: Dir. To | G6: ='22.07 Kibuye-Makindye'!G6:H6 -> MAKINDYE | J6: Supervisor | K6: ='26.07 Makindye-Kibuye-24h'!K6:L6 -> EMMA
B8: Time / Veh Type | R8: SUMMARY TRAFFIC VOLUMES
C9: 1. Car | D9: 2. Station Wagon | E9: 3. Pickups | F9: 4. Minibus, matatu | G9: 5. Medium bus | H9: 6. Large Bus | I9: 7. Light Truck | J9: 8. Medium Truck | K9: 9. Heavy truck | L9: 10. Truck Trailer | M9: 11. Motor cycles | N9: 12. Tractors | O9: Total Excl M/Cycles | P9: Total All | R9: Time | S9: 1. Car | T9: 2. Station Wagon | U9: 3. Pickups | V9: 4. Minibus, matatu | W9: 5. Medium bus | X9: 6. Large Bus | Y9: 7. Light Truck | Z9: 8. Medium Truck | AA9: 9. Heavy truck | AB9: 10. Truck Trailer | AC9: 11. Motorcycles | AD9: 12. Tractors, Graders | AE9: Total Excl M/ Cycles | AF9: Total All
B10: 07.00 - 07.15 | C10: 50 | D10: 10 | E10: 0 | F10: 35 | G10: 0 | H10: 0 | I10: 3 | J10: 1 | K10: 0 | L10: 0 | M10: 175 | N10: 0 | O10: =SUM(C10:L10,N10) -> 99 | P10: =SUM(C10:N10) -> 274 | R10: 0700-0800 | S10: =SUM(C10:C13) -> 178 | T10: =SUM(D10:D13) -> 33 | U10: =SUM(E10:E13) -> 2 | V10: =SUM(F10:F13) -> 147 | W10: =SUM(G10:G13) -> 1 | X10: =SUM(H10:H13) -> 1 | Y10: =SUM(I10:I13) -> 4 | Z10: =SUM(J10:J13) -> 4 | ... AF10: =SUM(P10:P13) -> 1180
B11: 07.15 - 07.30 | C11: 40 | D11: 4 | E11: 0 | F11: 46 | G11: 1 | H11: 1 | I11: 0 | J11: 0 | K11: 0 | L11: 0 | M11: 170 | N11: 0 | O11: =SUM(C11:L11,N11) -> 92 | P11: =SUM(C11:N11) -> 262 | R11: 0800-0900 | S11: =SUM(C14:C17) -> 143 | T11: =SUM(D14:D17) -> 42 | U11: =SUM(E14:E17) -> 13 | V11: =SUM(F14:F17) -> 129 | W11: =SUM(G14:G17) -> 1 | X11: =SUM(H14:H17) -> 0 | Y11: =SUM(I14:I17) -> 9 | Z11: =SUM(J14:J17) -> 6 | ... AF11: =SUM(P14:P17) -> 1292
B12: 07.30 - 07.45 | C12: 57 | D12: 12 | E12: 1 | F12: 44 | G12: 0 | H12: 0 | I12: 0 | J12: 0 | K12: 0 | L12: 0 | M12: 245 | N12: 0 | O12: =SUM(C12:L12,N12) -> 114 | P12: =SUM(C12:N12) -> 359 | R12: 0900-1000 | S12: =SUM(C18:C21) -> 174 | T12: =SUM(D18:D21) -> 37 | U12: =SUM(E18:E21) -> 25 | V12: =SUM(F18:F21) -> 130 | W12: =SUM(G18:G21) -> 3 | X12: =SUM(H18:H21) -> 0 | Y12: =SUM(I18:I21) -> 12 | Z12: =SUM(J18:J21) -> 12 | ... AF12: =SUM(P18:P21) -> 1259
B13: 07.45 - 08.00 | C13: 31 | D13: 7 | E13: 1 | F13: 22 | G13: 0 | H13: 0 | I13: 1 | J13: 3 | K13: 0 | L13: 0 | M13: 220 | N13: 0 | O13: =SUM(C13:L13,N13) -> 65 | P13: =SUM(C13:N13) -> 285 | R13: 1000-1100 | S13: =SUM(C22:C25) -> 270 | T13: =SUM(D22:D25) -> 97 | U13: =SUM(E22:E25) -> 28 | V13: =SUM(F22:F25) -> 136 | W13: =SUM(G22:G25) -> 0 | X13: =SUM(H22:H25) -> 0 | Y13: =SUM(I22:I25) -> 6 | Z13: =SUM(J22:J25) -> 9 | ... AF13: =SUM(P22:P25) -> 1267
B14: 08.00 - 08.15 | C14: 38 | D14: 12 | E14: 1 | F14: 30 | G14: 0 | H14: 0 | I14: 2 | J14: 2 | K14: 1 | L14: 0 | M14: 230 | N14: 0 | O14: =SUM(C14:L14,N14) -> 86 | P14: =SUM(C14:N14) -> 316 | R14: 1100-1200 | S14: =SUM(C26:C29) -> 267 | T14: =SUM(D26:D29) -> 59 | U14: =SUM(E26:E29) -> 49 | V14: =SUM(F26:F29) -> 110 | W14: =SUM(G26:G29) -> 3 | X14: =SUM(H26:H29) -> 0 | Y14: =SUM(I26:I29) -> 7 | Z14: =SUM(J26:J29) -> 4 | ... AF14: =SUM(P26:P29) -> 1461
B15: 08.15 - 08.30 | C15: 25 | D15: 7 | E15: 6 | F15: 41 | G15: 1 | H15: 0 | I15: 1 | J15: 2 | K15: 1 | L15: 0 | M15: 260 | N15: 0 | O15: =SUM(C15:L15,N15) -> 84 | P15: =SUM(C15:N15) -> 344 | R15: 1200-1300 | S15: =SUM(C30:C33) -> 249 | T15: =SUM(D30:D33) -> 60 | U15: =SUM(E30:E33) -> 21 | V15: =SUM(F30:F33) -> 75 | W15: =SUM(G30:G33) -> 4 | X15: =SUM(H30:H33) -> 0 | Y15: =SUM(I30:I33) -> 6 | Z15: =SUM(J30:J33) -> 4 | ... AF15: =SUM(P30:P33) -> 1382
B16: 08.30 - 08.45 | C16: 36 | D16: 6 | E16: 4 | F16: 36 | G16: 0 | H16: 0 | I16: 5 | J16: 1 | K16: 1 | L16: 0 | M16: 205 | N16: 0 | O16: =SUM(C16:L16,N16) -> 89 | P16: =SUM(C16:N16) -> 294 | R16: 1300-1400 | S16: =SUM(C34:C37) -> 235 | T16: =SUM(D34:D37) -> 48 | U16: =SUM(E34:E37) -> 40 | V16: =SUM(F34:F37) -> 94 | W16: =SUM(G34:G37) -> 0 | X16: =SUM(H34:H37) -> 1 | Y16: =SUM(I34:I37) -> 23 | Z16: =SUM(J34:J37) -> 9 | ... AF16: =SUM(P34:P37) -> 1222
B17: 08.45 - 9.00 | C17: 44 | D17: 17 | E17: 2 | F17: 22 | G17: 0 | H17: 0 | I17: 1 | J17: 1 | K17: 1 | L17: 0 | M17: 250 | N17: 0 | O17: =SUM(C17:L17,N17) -> 88 | P17: =SUM(C17:N17) -> 338 | R17: 1400-1500 | S17: =SUM(C38:C41) -> 248 | T17: =SUM(D38:D41) -> 64 | U17: =SUM(E38:E41) -> 29 | V17: =SUM(F38:F41) -> 73 | W17: =SUM(G38:G41) -> 0 | X17: =SUM(H38:H41) -> 1 | Y17: =SUM(I38:I41) -> 19 | Z17: =SUM(J38:J41) -> 2 | ... AF17: =SUM(P38:P41) -> 1183
B18: 09.00 - 09.15 | C18: 38 | D18: 14 | E18: 6 | F18: 44 | G18: 1 | H18: 0 | I18: 1 | J18: 1 | K18: 0 | L18: 0 | M18: 175 | N18: 0 | O18: =SUM(C18:L18,N18) -> 105 | P18: =SUM(C18:N18) -> 280 | R18: 1500-1600 | S18: =SUM(C42:C45) -> 222 | T18: =SUM(D42:D45) -> 66 | U18: =SUM(E42:E45) -> 24 | V18: =SUM(F42:F45) -> 106 | W18: =SUM(G42:G45) -> 1 | X18: =SUM(H42:H45) -> 0 | Y18: =SUM(I42:I45) -> 15 | Z18: =SUM(J42:J45) -> 12 | ... AF18: =SUM(P42:P45) -> 1127
B19: 09.15 - 09.30 | C19: 24 | D19: 8 | E19: 1 | F19: 22 | G19: 1 | H19: 0 | I19: 3 | J19: 3 | K19: 0 | L19: 0 | M19: 260 | N19: 0 | O19: =SUM(C19:L19,N19) -> 62 | P19: =SUM(C19:N19) -> 322 | R19: 1600-1700 | S19: =SUM(C46:C49) -> 344 | T19: =SUM(D46:D49) -> 53 | U19: =SUM(E46:E49) -> 20 | V19: =SUM(F46:F49) -> 46 | W19: =SUM(G46:G49) -> 0 | X19: =SUM(H46:H49) -> 0 | Y19: =SUM(I46:I49) -> 6 | Z19: =SUM(J46:J49) -> 5 | ... AF19: =SUM(P46:P49) -> 1355
B20: 09.30 - 09.45 | C20: 44 | D20: 7 | E20: 9 | F20: 36 | G20: 0 | H20: 0 | I20: 6 | J20: 4 | K20: 1 | L20: 0 | M20: 230 | N20: 0 | O20: =SUM(C20:L20,N20) -> 107 | P20: =SUM(C20:N20) -> 337 | R20: 1700-1800 | S20: =SUM(C50:C53) -> 358 | T20: =SUM(D50:D53) -> 68 | U20: =SUM(E50:E53) -> 47 | V20: =SUM(F50:F53) -> 92 | W20: =SUM(G50:G53) -> 2 | X20: =SUM(H50:H53) -> 2 | Y20: =SUM(I50:I53) -> 13 | Z20: =SUM(J50:J53) -> 3 | ... AF20: =SUM(P50:P53) -> 1330
B21: 09.45 - 10.00 | C21: 68 | D21: 8 | E21: 9 | F21: 28 | G21: 1 | H21: 0 | I21: 2 | J21: 4 | K21: 0 | L21: 0 | M21: 200 | N21: 0 | O21: =SUM(C21:L21,N21) -> 120 | P21: =SUM(C21:N21) -> 320 | R21: 1800-1900 | S21: =SUM(C54:C57) -> 290 | T21: =SUM(D54:D57) -> 54 | U21: =SUM(E54:E57) -> 48 | V21: =SUM(F54:F57) -> 78 | W21: =SUM(G54:G57) -> 3 | X21: =SUM(H54:H57) -> 1 | Y21: =SUM(I54:I57) -> 9 | Z21: =SUM(J54:J57) -> 8 | ... AF21: =SUM(P54:P57) -> 1272
B22: 10.00 - 10.15 | C22: 78 | D22: 16 | E22: 3 | F22: 37 | G22: 0 | H22: 0 | I22: 0 | J22: 4 | K22: 0 | L22: 0 | M22: 186 | N22: 0 | O22: =SUM(C22:L22,N22) -> 138 | P22: =SUM(C22:N22) -> 324 | R22: 1900-2000 | S22: =SUM(C58:C61) -> 285 | T22: =SUM(D58:D61) -> 44 | U22: =SUM(E58:E61) -> 12 | V22: =SUM(F58:F61) -> 47 | W22: =SUM(G58:G61) -> 0 | X22: =SUM(H58:H61) -> 2 | Y22: =SUM(I58:I61) -> 18 | Z22: =SUM(J58:J61) -> 4 | ... AF22: =SUM(P58:P61) -> 910
B23: 10.15 - 10.30 | C23: 62 | D23: 14 | E23: 6 | F23: 40 | G23: 0 | H23: 0 | I23: 0 | J23: 3 | K23: 0 | L23: 0 | M23: 185 | N23: 0 | O23: =SUM(C23:L23,N23) -> 125 | P23: =SUM(C23:N23) -> 310 | R23: 2000-2100 | S23: =SUM(C62:C65) -> 219 | T23: =SUM(D62:D65) -> 43 | U23: =SUM(E62:E65) -> 18 | V23: =SUM(F62:F65) -> 72 | W23: =SUM(G62:G65) -> 1 | X23: =SUM(H62:H65) -> 3 | Y23: =SUM(I62:I65) -> 11 | Z23: =SUM(J62:J65) -> 4 | ... AF23: =SUM(P62:P65) -> 830
B24: 10.30 - 10.45 | C24: 60 | D24: 31 | E24: 11 | F24: 24 | G24: 0 | H24: 0 | I24: 0 | J24: 1 | K24: 3 | L24: 1 | M24: 175 | N24: 0 | O24: =SUM(C24:L24,N24) -> 131 | P24: =SUM(C24:N24) -> 306 | R24: 2100-2200 | S24: =SUM(C66:C69) -> 211 | T24: =SUM(D66:D69) -> 67 | U24: =SUM(E66:E69) -> 16 | V24: =SUM(F66:F69) -> 21 | W24: =SUM(G66:G69) -> 0 | X24: =SUM(H66:H69) -> 1 | Y24: =SUM(I66:I69) -> 31 | Z24: =SUM(J66:J69) -> 2 | ... AF24: =SUM(P66:P69) -> 744
B25: 10.45 - 11.00 | C25: 70 | D25: 36 | E25: 8 | F25: 35 | G25: 0 | H25: 0 | I25: 6 | J25: 1 | K25: 0 | L25: 0 | M25: 171 | N25: 0 | O25: =SUM(C25:L25,N25) -> 156 | P25: =SUM(C25:N25) -> 327 | R25: 2200-2300 | S25: =SUM(C70:C73) -> 100 | T25: =SUM(D70:D73) -> 14 | U25: =SUM(E70:E73) -> 12 | V25: =SUM(F70:F73) -> 15 | W25: =SUM(G70:G73) -> 0 | X25: =SUM(H70:H73) -> 0 | Y25: =SUM(I70:I73) -> 3 | Z25: =SUM(J70:J73) -> 2 | ... AF25: =SUM(P70:P73) -> 352
B26: 11.00 - 11.15 | C26: 75 | D26: 11 | E26: 11 | F26: 26 | G26: 1 | H26: 0 | I26: 3 | J26: 0 | K26: 0 | L26: 0 | M26: 180 | N26: 0 | O26: =SUM(C26:L26,N26) -> 127 | P26: =SUM(C26:N26) -> 307 | R26: 2300-0000 | S26: =SUM(C74:C77) -> 147 | T26: =SUM(D74:D77) -> 76 | U26: =SUM(E74:E77) -> 26 | V26: =SUM(F74:F77) -> 14 | W26: =SUM(G74:G77) -> 0 | X26: =SUM(H74:H77) -> 0 | Y26: =SUM(I74:I77) -> 5 | Z26: =SUM(J74:J77) -> 1 | ... AF26: =SUM(P74:P77) -> 498
B27: 11.15 - 11.30 | C27: 52 | D27: 20 | E27: 13 | F27: 23 | G27: 0 | H27: 0 | I27: 1 | J27: 3 | K27: 1 | L27: 0 | M27: 187 | N27: 0 | O27: =SUM(C27:L27,N27) -> 113 | P27: =SUM(C27:N27) -> 300 | R27: 0000-0100 | S27: =SUM(C78:C81) -> 56 | T27: =SUM(D78:D81) -> 21 | U27: =SUM(E78:E81) -> 4 | V27: =SUM(F78:F81) -> 5 | W27: =SUM(G78:G81) -> 0 | X27: =SUM(H78:H81) -> 4 | Y27: =SUM(I78:I81) -> 5 | Z27: =SUM(J78:J81) -> 0 | ... AF27: =SUM(P78:P81) -> 232
B28: 11.30 - 11.45 | C28: 78 | D28: 18 | E28: 13 | F28: 24 | G28: 2 | H28: 0 | I28: 0 | J28: 1 | K28: 0 | L28: 0 | M28: 270 | N28: 0 | O28: =SUM(C28:L28,N28) -> 136 | P28: =SUM(C28:N28) -> 406 | R28: 0100-0200 | S28: =SUM(C82:C85) -> 69 | T28: =SUM(D82:D85) -> 10 | U28: =SUM(E82:E85) -> 0 | V28: =SUM(F82:F85) -> 1 | W28: =SUM(G82:G85) -> 0 | X28: =SUM(H82:H85) -> 0 | Y28: =SUM(I82:I85) -> 2 | Z28: =SUM(J82:J85) -> 1 | ... AF28: =SUM(P82:P85) -> 227
B29: 11.45 - 12.00 | C29: 62 | D29: 10 | E29: 12 | F29: 37 | G29: 0 | H29: 0 | I29: 3 | J29: 0 | K29: 3 | L29: 1 | M29: 320 | N29: 0 | O29: =SUM(C29:L29,N29) -> 128 | P29: =SUM(C29:N29) -> 448 | R29: 0200-0300 | S29: =SUM(C86:C89) -> 110 | T29: =SUM(D86:D89) -> 8 | U29: =SUM(E86:E89) -> 7 | V29: =SUM(F86:F89) -> 4 | W29: =SUM(G86:G89) -> 0 | X29: =SUM(H86:H89) -> 0 | Y29: =SUM(I86:I89) -> 1 | Z29: =SUM(J86:J89) -> 3 | ... AF29: =SUM(P86:P89) -> 299
B30: 12.00 - 12.15 | C30: 65 | D30: 21 | E30: 6 | F30: 16 | G30: 0 | H30: 0 | I30: 3 | J30: 1 | K30: 0 | L30: 0 | M30: 280 | N30: 0 | O30: =SUM(C30:L30,N30) -> 112 | P30: =SUM(C30:N30) -> 392 | R30: 0300-0400 | S30: =SUM(C90:C93) -> 57 | T30: =SUM(D90:D93) -> 14 | U30: =SUM(E90:E93) -> 2 | V30: =SUM(F90:F93) -> 4 | W30: =SUM(G90:G93) -> 0 | X30: =SUM(H90:H93) -> 0 | Y30: =SUM(I90:I93) -> 4 | Z30: =SUM(J90:J93) -> 0 | ... AF30: =SUM(P90:P93) -> 170
B31: 12.15 - 12.30 | C31: 74 | D31: 16 | E31: 9 | F31: 30 | G31: 2 | H31: 0 | I31: 2 | J31: 1 | K31: 1 | L31: 0 | M31: 295 | N31: 0 | O31: =SUM(C31:L31,N31) -> 135 | P31: =SUM(C31:N31) -> 430 | R31: 0400-0500 | S31: =SUM(C94:C97) -> 50 | T31: =SUM(D94:D97) -> 15 | U31: =SUM(E94:E97) -> 0 | V31: =SUM(F94:F97) -> 0 | W31: =SUM(G94:G97) -> 0 | X31: =SUM(H94:H97) -> 0 | Y31: =SUM(I94:I97) -> 1 | Z31: =SUM(J94:J97) -> 0 | ... AF31: =SUM(P94:P97) -> 131
B32: 12.30 - 12.45 | C32: 60 | D32: 16 | E32: 6 | F32: 19 | G32: 2 | H32: 0 | I32: 0 | J32: 1 | K32: 0 | L32: 0 | M32: 205 | N32: 0 | O32: =SUM(C32:L32,N32) -> 104 | P32: =SUM(C32:N32) -> 309 | R32: 0500-0600 | S32: =SUM(C98:C101) -> 28 | T32: =SUM(D98:D101) -> 17 | U32: =SUM(E98:E101) -> 1 | V32: =SUM(F98:F101) -> 2 | W32: =SUM(G98:G101) -> 0 | X32: =SUM(H98:H101) -> 0 | Y32: =SUM(I98:I101) -> 0 | Z32: =SUM(J98:J101) -> 0 | ... AF32: =SUM(P98:P101) -> 110
B33: 12.45 - 13.00 | C33: 50 | D33: 7 | E33: 0 | F33: 10 | G33: 0 | H33: 0 | I33: 1 | J33: 1 | K33: 0 | L33: 2 | M33: 180 | N33: 0 | O33: =SUM(C33:L33,N33) -> 71 | P33: =SUM(C33:N33) -> 251 | R33: 0600-0700 | S33: =SUM(C102:C105) -> 14 | T33: =SUM(D102:D105) -> 7 | U33: =SUM(E102:E105) -> 3 | V33: =SUM(F102:F105) -> 5 | W33: =SUM(G102:G105) -> 0 | X33: =SUM(H102:H105) -> 0 | Y33: =SUM(I102:I105) -> 7 | Z33: =SUM(J102:J105) -> 1 | ... AF33: =SUM(P102:P105) -> 84
B34: 13.00 - 13.15 | C34: 55 | D34: 16 | E34: 8 | F34: 35 | G34: 0 | H34: 0 | I34: 11 | J34: 0 | K34: 1 | L34: 0 | M34: 230 | N34: 0 | O34: =SUM(C34:L34,N34) -> 126 | P34: =SUM(C34:N34) -> 356 | R34: AM Peak Hr | S34: =MAX(S10:S12) -> 178 | T34: =MAX(T10:T12) -> 42 | U34: =MAX(U10:U12) -> 25 | V34: =MAX(V10:V12) -> 147 | W34: =MAX(W10:W12) -> 3 | X34: =MAX(X10:X12) -> 1 | Y34: =MAX(Y10:Y12) -> 12 | Z34: =MAX(Z10:Z12) -> 12 | ... AF34: =MAX(AF10:AF12) -> 1292
B35: 13.15 - 13.30 | C35: 50 | D35: 10 | E35: 8 | F35: 25 | G35: 0 | H35: 0 | I35: 2 | J35: 0 | K35: 1 | L35: 0 | M35: 180 | N35: 0 | O35: =SUM(C35:L35,N35) -> 96 | P35: =SUM(C35:N35) -> 276 | R35: IP Peak Hr | S35: =MAX(S13:S18) -> 270 | T35: =MAX(T13:T18) -> 97 | U35: =MAX(U13:U18) -> 49 | V35: =MAX(V13:V18) -> 136 | W35: =MAX(W13:W18) -> 4 | X35: =MAX(X13:X18) -> 1 | Y35: =MAX(Y13:Y18) -> 23 | Z35: =MAX(Z13:Z18) -> 12 | ... AF35: =MAX(AF13:AF18) -> 1461
B36: 13.30 - 13.45 | C36: 75 | D36: 11 | E36: 8 | F36: 16 | G36: 0 | H36: 1 | I36: 4 | J36: 6 | K36: 0 | L36: 0 | M36: 175 | N36: 0 | O36: =SUM(C36:L36,N36) -> 121 | P36: =SUM(C36:N36) -> 296 | R36: PM Peak Hr | S36: =MAX(S19:S21) -> 358 | T36: =MAX(T19:T21) -> 68 | U36: =MAX(U19:U21) -> 48 | V36: =MAX(V19:V21) -> 92 | W36: =MAX(W19:W21) -> 3 | X36: =MAX(X19:X21) -> 2 | Y36: =MAX(Y19:Y21) -> 13 | Z36: =MAX(Z19:Z21) -> 8 | ... AF36: =MAX(AF19:AF21) -> 1355
B37: 13.45 - 14.00 | C37: 55 | D37: 11 | E37: 16 | F37: 18 | G37: 0 | H37: 0 | I37: 6 | J37: 3 | K37: 0 | L37: 0 | M37: 185 | N37: 0 | O37: =SUM(C37:L37,N37) -> 109 | P37: =SUM(C37:N37) -> 294 | R37: AM Period | S37: =SUM(S10:S12) -> 495 | T37: =SUM(T10:T12) -> 112 | U37: =SUM(U10:U12) -> 40 | V37: =SUM(V10:V12) -> 406 | W37: =SUM(W10:W12) -> 5 | X37: =SUM(X10:X12) -> 1 | Y37: =SUM(Y10:Y12) -> 25 | Z37: =SUM(Z10:Z12) -> 22 | ... AF37: =SUM(AF10:AF12) -> 3731
B38: 14.00 - 14.15 | C38: 65 | D38: 16 | E38: 8 | F38: 21 | G38: 0 | H38: 0 | I38: 6 | J38: 0 | K38: 1 | L38: 0 | M38: 205 | N38: 0 | O38: =SUM(C38:L38,N38) -> 117 | P38: =SUM(C38:N38) -> 322 | R38: IP Period | S38: =SUM(S13:S18) -> 1491 | T38: =SUM(T13:T18) -> 394 | U38: =SUM(U13:U18) -> 191 | V38: =SUM(V13:V18) -> 594 | W38: =SUM(W13:W18) -> 8 | X38: =SUM(X13:X18) -> 2 | Y38: =SUM(Y13:Y18) -> 76 | Z38: =SUM(Z13:Z18) -> 40 | ... AF38: =SUM(AF13:AF18) -> 7642
B39: 14.15 - 14.30 | C39: 41 | D39: 18 | E39: 6 | F39: 20 | G39: 0 | H39: 0 | I39: 4 | J39: 2 | K39: 0 | L39: 0 | M39: 175 | N39: 0 | O39: =SUM(C39:L39,N39) -> 91 | P39: =SUM(C39:N39) -> 266 | R39: PM Period | S39: =SUM(S19:S21) -> 992 | T39: =SUM(T19:T21) -> 175 | U39: =SUM(U19:U21) -> 115 | V39: =SUM(V19:V21) -> 216 | W39: =SUM(W19:W21) -> 5 | X39: =SUM(X19:X21) -> 3 | Y39: =SUM(Y19:Y21) -> 28 | Z39: =SUM(Z19:Z21) -> 16 | ... AF39: =SUM(AF19:AF21) -> 3957
B40: 14.30 - 14.45 | C40: 64 | D40: 16 | E40: 11 | F40: 21 | G40: 0 | H40: 0 | I40: 3 | J40: 0 | K40: 0 | L40: 0 | M40: 165 | N40: 0 | O40: =SUM(C40:L40,N40) -> 115 | P40: =SUM(C40:N40) -> 280 | R40: 12 Hours | S40: =SUM(S10:S21) -> 2978 | T40: =SUM(T10:T21) -> 681 | U40: =SUM(U10:U21) -> 346 | V40: =SUM(V10:V21) -> 1216 | W40: =SUM(W10:W21) -> 18 | X40: =SUM(X10:X21) -> 6 | Y40: =SUM(Y10:Y21) -> 129 | Z40: =SUM(Z10:Z21) -> 78 | ... AF40: =SUM(AF10:AF21) -> 15330
B41: 14.45 - 15.00 | C41: 78 | D41: 14 | E41: 4 | F41: 11 | G41: 0 | H41: 1 | I41: 6 | J41: 0 | K41: 0 | L41: 1 | M41: 200 | N41: 0 | O41: =SUM(C41:L41,N41) -> 115 | P41: =SUM(C41:N41) -> 315 | R41: 24 Hrs/ADT | S41: =SUM(S10:S33) -> 4324 | T41: =SUM(T10:T33) -> 1017 | U41: =SUM(U10:U33) -> 447 | V41: =SUM(V10:V33) -> 1406 | W41: =SUM(W10:W33) -> 19 | X41: =SUM(X10:X33) -> 16 | Y41: =SUM(Y10:Y33) -> 217 | Z41: =SUM(Z10:Z33) -> 96 | ... AF41: =SUM(AF10:AF33) -> 19917
B42: 15.00 - 15.15 | C42: 56 | D42: 16 | E42: 6 | F42: 41 | G42: 0 | H42: 0 | I42: 2 | J42: 0 | K42: 1 | L42: 0 | M42: 230 | N42: 0 | O42: =SUM(C42:L42,N42) -> 122 | P42: =SUM(C42:N42) -> 352 | R42: NEF | S42: =S41/S40 -> 1.4519812 | T42: =T41/T40 -> 1.4933921 | U42: =U41/U40 -> 1.2919075 | V42: =V41/V40 -> 1.15625 | W42: =W41/W40 -> 1.0555556 | X42: =X41/X40 -> 2.6666667 | Y42: =Y41/Y40 -> 1.6821705 | Z42: =Z41/Z40 -> 1.2307692 | ... AF42: =AF41/AF40 -> 1.2992172
B43: 15.15 - 15.30 | C43: 60 | D43: 17 | E43: 3 | F43: 23 | G43: 0 | H43: 0 | I43: 4 | J43: 6 | K43: 0 | L43: 1 | M43: 175 | N43: 0 | O43: =SUM(C43:L43,N43) -> 114 | P43: =SUM(C43:N43) -> 289
B44: 15.30 - 15.45 | C44: 55 | D44: 22 | E44: 7 | F44: 25 | G44: 0 | H44: 0 | I44: 6 | J44: 2 | K44: 1 | L44: 0 | M44: 135 | N44: 0 | O44: =SUM(C44:L44,N44) -> 118 | P44: =SUM(C44:N44) -> 253
B45: 15.45 - 16.00 | C45: 51 | D45: 11 | E45: 8 | F45: 17 | G45: 1 | H45: 0 | I45: 3 | J45: 4 | K45: 0 | L45: 2 | M45: 136 | N45: 0 | O45: =SUM(C45:L45,N45) -> 97 | P45: =SUM(C45:N45) -> 233
B46: 16.00 - 16.15 | C46: 64 | D46: 13 | E46: 3 | F46: 14 | G46: 0 | H46: 0 | I46: 1 | J46: 1 | K46: 0 | L46: 0 | M46: 220 | N46: 0 | O46: =SUM(C46:L46,N46) -> 96 | P46: =SUM(C46:N46) -> 316
B47: 16.15 -16.30 | C47: 75 | D47: 19 | E47: 10 | F47: 17 | G47: 0 | H47: 0 | I47: 3 | J47: 3 | K47: 0 | L47: 0 | M47: 205 | N47: 0 | O47: =SUM(C47:L47,N47) -> 127 | P47: =SUM(C47:N47) -> 332
B48: 16.30 -16.45 | C48: 85 | D48: 13 | E48: 6 | F48: 14 | G48: 0 | H48: 0 | I48: 1 | J48: 0 | K48: 0 | L48: 0 | M48: 210 | N48: 0 | O48: =SUM(C48:L48,N48) -> 119 | P48: =SUM(C48:N48) -> 329
B49: 16.45 -17.00 | C49: 120 | D49: 8 | E49: 1 | F49: 1 | G49: 0 | H49: 0 | I49: 1 | J49: 1 | K49: 1 | L49: 0 | M49: 245 | N49: 0 | O49: =SUM(C49:L49,N49) -> 133 | P49: =SUM(C49:N49) -> 378
B50: 17.00 -17.15 | C50: 80 | D50: 15 | E50: 6 | F50: 20 | G50: 0 | H50: 0 | I50: 1 | J50: 0 | K50: 1 | L50: 0 | M50: 195 | N50: 0 | O50: =SUM(C50:L50,N50) -> 123 | P50: =SUM(C50:N50) -> 318
B51: 17.15 -17.30 | C51: 81 | D51: 16 | E51: 8 | F51: 23 | G51: 0 | H51: 0 | I51: 1 | J51: 0 | K51: 0 | L51: 0 | M51: 198 | N51: 0 | O51: =SUM(C51:L51,N51) -> 129 | P51: =SUM(C51:N51) -> 327
B52: 17.30 -17.45 | C52: 87 | D52: 20 | E52: 12 | F52: 26 | G52: 1 | H52: 1 | I52: 3 | J52: 0 | K52: 0 | L52: 1 | M52: 170 | N52: 0 | O52: =SUM(C52:L52,N52) -> 151 | P52: =SUM(C52:N52) -> 321
B53: 17.45 -18.00 | C53: 110 | D53: 17 | E53: 21 | F53: 23 | G53: 1 | H53: 1 | I53: 8 | J53: 3 | K53: 0 | L53: 0 | M53: 180 | N53: 0 | O53: =SUM(C53:L53,N53) -> 184 | P53: =SUM(C53:N53) -> 364
B54: 18.00 - 18.15 | C54: 68 | D54: 14 | E54: 17 | F54: 23 | G54: 0 | H54: 0 | I54: 6 | J54: 2 | K54: 1 | L54: 0 | M54: 175 | N54: 0 | O54: =SUM(C54:L54,N54) -> 131 | P54: =SUM(C54:N54) -> 306
... B105: 06.45 - 07.00 | C105: 3 | D105: 2 | E105: 0 | F105: 2 | G105: 0 | H105: 0 | I105: 2 | J105: 1 | K105: 0 | L105: 0 | M105: 8 | N105: 0 | O105: =SUM(C105:L105,N105) -> 10 | P105: =SUM(C105:N105) -> 18
B106: Totals | C106: =SUM(C10:C105) -> 4324 | D106: =SUM(D10:D105) -> 1017 | E106: =SUM(E10:E105) -> 447 | F106: =SUM(F10:F105) -> 1406 | G106: =SUM(G10:G105) -> 19 | H106: =SUM(H10:H105) -> 16 | I106: =SUM(I10:I105) -> 217 | J106: =SUM(J10:J105) -> 96 | ... P106: =SUM(P10:P105) -> 19917
B107: %ges + MCs | C107: =C106/$P$106 -> 0.21710097 | D107: =D106/$P$106 -> 0.051061907 | E107: =E106/$P$106 -> 0.022443139 | F107: =F106/$P$106 -> 0.070592961 | G107: =G106/$P$106 -> 0.00095395893 | H107: =H106/$P$106 -> 0.00080333384 | I107: =I106/$P$106 -> 0.010895215 | J107: =J106/$P$106 -> 0.004820003 | ... N107: =N106/$P$106 -> 0
B108: %ges w/o MCs | C108: =C106/$O$106 -> 0.57014768 | D108: =D106/$O$106 -> 0.1340981 | E108: =E106/$O$106 -> 0.058939873 | F108: =F106/$O$106 -> 0.1853903 | G108: =G106/$O$106 -> 0.0025052743 | H108: =H106/$O$106 -> 0.0021097046 | I108: =I106/$O$106 -> 0.028612869 | J108: =J106/$O$106 -> 0.012658228 | ... L108: =L106/$O$106 -> 0.0018459916 | N108: =N106/$O$106 -> 0

Sheet 27.07 Makindye-Kibuye-24h
B1: Consultancy services for Preparation of Expressway Development Master Plan (EDMP) for Uganda
B2: MANUAL CLASSIFIED COUNT (MCC)
B3: ROAD NAME: | C3: ='22.07 Kibuye-Makindye'!C3:G3 -> MCC - C1 - STN01 - MOBUTU ROAD
C5: Date | D5: ='27.07 Kibuye-Makindye-24h'!D5 -> 27.07.19 | F5: Location | G5: ='27.07 Kibuye-Makindye-24h'!G5:H5 -> FUELEX MAKINDYE | J5: Surveyor | K5: ='27.07 Kibuye-Makindye-24h'!K5:L5 -> WAKWESA ALLAN/CHEMONGES KENNETH/SSONKO SAMUEL/OWOMUGISHA BRENDA
C6: Dir. From | D6: ='22.07 Makindye-Kibuye'!D6:E6 -> MAKINDYE | F6: Dir. To | G6: ='22.07 Makindye-Kibuye'!G6:H6 -> KIBUYE | J6: Supervisor | K6: ='27.07 Kibuye-Makindye-24h'!K6:L6 -> EMMA
B8: Time / Veh Type | R8: SUMMARY TRAFFIC VOLUMES
C9: 1. Car | D9: 2. Station Wagon | E9: 3. Pickups | F9: 4. Minibus, matatu | G9: 5. Medium bus | H9: 6. Large Bus | I9: 7. Light Truck | J9: 8. Medium Truck | K9: 9. Heavy truck | L9: 10. Truck Trailer | M9: 11. Motor cycles | N9: 12. Tractors | O9: Total Excl M/Cycles | P9: Total All | R9: Time | S9: 1. Car | T9: 2. Station Wagon | U9: 3. Pickups | V9: 4. Minibus, matatu | W9: 5. Medium bus | X9: 6. Large Bus | Y9: 7. Light Truck | Z9: 8. Medium Truck | AA9: 9. Heavy truck | AB9: 10. Truck Trailer | AC9: 11. Motorcycles | AD9: 12. Tractors, Graders | AE9: Total Excl M/ Cycles | AF9: Total All
B10: 07.00 - 07.15 | C10: 20 | D10: 3 | E10: 2 | F10: 33 | G10: 0 | H10: 0 | I10: 2 | J10: 1 | K10: 0 | L10: 0 | M10: 245 | N10: 0 | O10: =SUM(C10:L10,N10) -> 61 | P10: =SUM(C10:N10) -> 306 | R10: 0700-0800 | S10: =SUM(C10:C13) -> 138 | T10: =SUM(D10:D13) -> 13 | U10: =SUM(E10:E13) -> 13 | V10: =SUM(F10:F13) -> 171 | W10: =SUM(G10:G13) -> 3 | X10: =SUM(H10:H13) -> 0 | Y10: =SUM(I10:I13) -> 15 | Z10: =SUM(J10:J13) -> 6 | ... AF10: =SUM(P10:P13) -> 1240
B11: 07.15 - 07.30 | C11: 25 | D11: 6 | E11: 3 | F11: 32 | G11: 2 | H11: 0 | I11: 4 | J11: 3 | K11: 0 | L11: 0 | M11: 210 | N11: 0 | O11: =SUM(C11:L11,N11) -> 75 | P11: =SUM(C11:N11) -> 285 | R11: 0800-0900 | S11: =SUM(C14:C17) -> 228 | T11: =SUM(D14:D17) -> 21 | U11: =SUM(E14:E17) -> 12 | V11: =SUM(F14:F17) -> 231 | W11: =SUM(G14:G17) -> 0 | X11: =SUM(H14:H17) -> 0 | Y11: =SUM(I14:I17) -> 12 | Z11: =SUM(J14:J17) -> 4 | ... AF11: =SUM(P14:P17) -> 1363
B12: 07.30 - 07.45 | C12: 50 | D12: 0 | E12: 5 | F12: 57 | G12: 1 | H12: 0 | I12: 2 | J12: 1 | K12: 0 | L12: 0 | M12: 210 | N12: 0 | O12: =SUM(C12:L12,N12) -> 116 | P12: =SUM(C12:N12) -> 326 | R12: 0900-1000 | S12: =SUM(C18:C21) -> 269 | T12: =SUM(D18:D21) -> 43 | U12: =SUM(E18:E21) -> 22 | V12: =SUM(F18:F21) -> 190 | W12: =SUM(G18:G21) -> 0 | X12: =SUM(H18:H21) -> 0 | Y12: =SUM(I18:I21) -> 12 | Z12: =SUM(J18:J21) -> 3 | ... AF12: =SUM(P18:P21) -> 1381
B13: 07.45 - 08.00 | C13: 43 | D13: 4 | E13: 3 | F13: 49 | G13: 0 | H13: 0 | I13: 7 | J13: 1 | K13: 1 | L13: 0 | M13: 215 | N13: 0 | O13: =SUM(C13:L13,N13) -> 108 | P13: =SUM(C13:N13) -> 323 | R13: 1000-1100 | S13: =SUM(C22:C25) -> 238 | T13: =SUM(D22:D25) -> 34 | U13: =SUM(E22:E25) -> 22 | V13: =SUM(F22:F25) -> 173 | W13: =SUM(G22:G25) -> 1 | X13: =SUM(H22:H25) -> 0 | Y13: =SUM(I22:I25) -> 3 | Z13: =SUM(J22:J25) -> 11 | ... AF13: =SUM(P22:P25) -> 1388
B14: 08.00 - 08.15 | C14: 50 | D14: 6 | E14: 3 | F14: 59 | G14: 0 | H14: 0 | I14: 5 | J14: 0 | K14: 0 | L14: 0 | M14: 210 | N14: 0 | O14: =SUM(C14:L14,N14) -> 123 | P14: =SUM(C14:N14) -> 333 | R14: 1100-1200 | S14: =SUM(C26:C29) -> 204 | T14: =SUM(D26:D29) -> 20 | U14: =SUM(E26:E29) -> 8 | V14: =SUM(F26:F29) -> 131 | W14: =SUM(G26:G29) -> 1 | X14: =SUM(H26:H29) -> 0 | Y14: =SUM(I26:I29) -> 6 | Z14: =SUM(J26:J29) -> 4 | ... AF14: =SUM(P26:P29) -> 1254
B15: 08.15 - 08.30 | C15: 65 | D15: 2 | E15: 4 | F15: 55 | G15: 0 | H15: 0 | I15: 4 | J15: 1 | K15: 0 | L15: 0 | M15: 210 | N15: 0 | O15: =SUM(C15:L15,N15) -> 131 | P15: =SUM(C15:N15) -> 341 | R15: 1200-1300 | S15: =SUM(C30:C33) -> 188 | T15: =SUM(D30:D33) -> 27 | U15: =SUM(E30:E33) -> 16 | V15: =SUM(F30:F33) -> 141 | W15: =SUM(G30:G33) -> 2 | X15: =SUM(H30:H33) -> 1 | Y15: =SUM(I30:I33) -> 11 | Z15: =SUM(J30:J33) -> 6 | ... AF15: =SUM(P30:P33) -> 1354
B16: 08.30 - 08.45 | C16: 50 | D16: 0 | E16: 3 | F16: 63 | G16: 0 | H16: 0 | I16: 0 | J16: 0 | K16: 0 | L16: 0 | M16: 220 | N16: 0 | O16: =SUM(C16:L16,N16) -> 116 | P16: =SUM(C16:N16) -> 336 | R16: 1300-1400 | S16: =SUM(C34:C37) -> 148 | T16: =SUM(D34:D37) -> 29 | U16: =SUM(E34:E37) -> 34 | V16: =SUM(F34:F37) -> 143 | W16: =SUM(G34:G37) -> 0 | X16: =SUM(H34:H37) -> 0 | Y16: =SUM(I34:I37) -> 9 | Z16: =SUM(J34:J37) -> 8 | ... AF16: =SUM(P34:P37) -> 1221
B17: 08.45 - 9.00 | C17: 63 | D17: 13 | E17: 2 | F17: 54 | G17: 0 | H17: 0 | I17: 3 | J17: 3 | K17: 0 | L17: 0 | M17: 215 | N17: 0 | O17: =SUM(C17:L17,N17) -> 138 | P17: =SUM(C17:N17) -> 353 | R17: 1400-1500 | S17: =SUM(C38:C41) -> 136 | T17: =SUM(D38:D41) -> 25 | U17: =SUM(E38:E41) -> 20 | V17: =SUM(F38:F41) -> 146 | W17: =SUM(G38:G41) -> 1 | X17: =SUM(H38:H41) -> 0 | Y17: =SUM(I38:I41) -> 10 | Z17: =SUM(J38:J41) -> 2 | ... AF17: =SUM(P38:P41) -> 1255
B18: 09.00 - 09.15 | C18: 75 | D18: 5 | E18: 8 | F18: 61 | G18: 0 | H18: 0 | I18: 2 | J18: 0 | K18: 2 | L18: 0 | M18: 210 | N18: 0 | O18: =SUM(C18:L18,N18) -> 153 | P18: =SUM(C18:N18) -> 363 | R18: 1500-1600 | S18: =SUM(C42:C45) -> 142 | T18: =SUM(D42:D45) -> 40 | U18: =SUM(E42:E45) -> 27 | V18: =SUM(F42:F45) -> 123 | W18: =SUM(G42:G45) -> 1 | X18: =SUM(H42:H45) -> 0 | Y18: =SUM(I42:I45) -> 18 | Z18: =SUM(J42:J45) -> 6 | ... AF18: =SUM(P42:P45) -> 1349
B19: 09.15 - 09.30 | C19: 80 | D19: 11 | E19: 1 | F19: 60 | G19: 0 | H19: 0 | I19: 1 | J19: 0 | K19: 0 | L19: 0 | M19: 210 | N19: 0 | O19: =SUM(C19:L19,N19) -> 153 | P19: =SUM(C19:N19) -> 363 | R19: 1600-1700 | S19: =SUM(C46:C49) -> 123 | T19: =SUM(D46:D49) -> 20 | U19: =SUM(E46:E49) -> 17 | V19: =SUM(F46:F49) -> 128 | W19: =SUM(G46:G49) -> 0 | X19: =SUM(H46:H49) -> 0 | Y19: =SUM(I46:I49) -> 13 | Z19: =SUM(J46:J49) -> 6 | ... AF19: =SUM(P46:P49) -> 1289
B20: 09.30 - 09.45 | C20: 53 | D20: 16 | E20: 8 | F20: 40 | G20: 0 | H20: 0 | I20: 4 | J20: 3 | K20: 0 | L20: 0 | M20: 210 | N20: 0 | O20: =SUM(C20:L20,N20) -> 124 | P20: =SUM(C20:N20) -> 334 | R20: 1700-1800 | S20: =SUM(C50:C53) -> 141 | T20: =SUM(D50:D53) -> 17 | U20: =SUM(E50:E53) -> 1 | V20: =SUM(F50:F53) -> 129 | W20: =SUM(G50:G53) -> 0 | X20: =SUM(H50:H53) -> 0 | Y20: =SUM(I50:I53) -> 3 | Z20: =SUM(J50:J53) -> 3 | ... AF20: =SUM(P50:P53) -> 1129
B21: 09.45 - 10.00 | C21: 61 | D21: 11 | E21: 5 | F21: 29 | G21: 0 | H21: 0 | I21: 5 | J21: 0 | K21: 0 | L21: 0 | M21: 210 | N21: 0 | O21: =SUM(C21:L21,N21) -> 111 | P21: =SUM(C21:N21) -> 321 | R21: 1800-1900 | S21: =SUM(C54:C57) -> 118 | T21: =SUM(D54:D57) -> 23 | U21: =SUM(E54:E57) -> 7 | V21: =SUM(F54:F57) -> 123 | W21: =SUM(G54:G57) -> 0 | X21: =SUM(H54:H57) -> 0 | Y21: =SUM(I54:I57) -> 11 | Z21: =SUM(J54:J57) -> 5 | ... AF21: =SUM(P54:P57) -> 1170
B22: 10.00 - 10.15 | C22: 75 | D22: 1 | E22: 3 | F22: 63 | G22: 0 | H22: 0 | I22: 0 | J22: 2 | K22: 1 | L22: 0 | M22: 230 | N22: 0 | O22: =SUM(C22:L22,N22) -> 145 | P22: =SUM(C22:N22) -> 375 | R22: 1900-2000 | S22: =SUM(C58:C61) -> 264 | T22: =SUM(D58:D61) -> 11 | U22: =SUM(E58:E61) -> 2 | V22: =SUM(F58:F61) -> 160 | W22: =SUM(G58:G61) -> 0 | X22: =SUM(H58:H61) -> 1 | Y22: =SUM(I58:I61) -> 4 | Z22: =SUM(J58:J61) -> 3 | ... AF22: =SUM(P58:P61) -> 1482
B23: 10.15 - 10.30 | C23: 41 | D23: 6 | E23: 5 | F23: 34 | G23: 1 | H23: 0 | I23: 1 | J23: 2 | K23: 0 | L23: 0 | M23: 210 | N23: 0 | O23: =SUM(C23:L23,N23) -> 90 | P23: =SUM(C23:N23) -> 300 | R23: 2000-2100 | S23: =SUM(C62:C65) -> 105 | T23: =SUM(D62:D65) -> 14 | U23: =SUM(E62:E65) -> 9 | V23: =SUM(F62:F65) -> 100 | W23: =SUM(G62:G65) -> 0 | X23: =SUM(H62:H65) -> 0 | Y23: =SUM(I62:I65) -> 6 | Z23: =SUM(J62:J65) -> 1 | ... AF23: =SUM(P62:P65) -> 620
B24: 10.30 - 10.45 | C24: 40 | D24: 15 | E24: 4 | F24: 28 | G24: 0 | H24: 0 | I24: 1 | J24: 4 | K24: 0 | L24: 0 | M24: 245 | N24: 0 | O24: =SUM(C24:L24,N24) -> 92 | P24: =SUM(C24:N24) -> 337 | R24: 2100-2200 | S24: =SUM(C66:C69) -> 94 | T24: =SUM(D66:D69) -> 11 | U24: =SUM(E66:E69) -> 10 | V24: =SUM(F66:F69) -> 85 | W24: =SUM(G66:G69) -> 1 | X24: =SUM(H66:H69) -> 0 | Y24: =SUM(I66:I69) -> 2 | Z24: =SUM(J66:J69) -> 0 | ... AF24: =SUM(P66:P69) -> 636
B25: 10.45 - 11.00 | C25: 82 | D25: 12 | E25: 10 | F25: 48 | G25: 0 | H25: 0 | I25: 1 | J25: 3 | K25: 0 | L25: 0 | M25: 220 | N25: 0 | O25: =SUM(C25:L25,N25) -> 156 | P25: =SUM(C25:N25) -> 376 | R25: 2200-2300 | S25: =SUM(C70:C73) -> 75 | T25: =SUM(D70:D73) -> 3 | U25: =SUM(E70:E73) -> 2 | V25: =SUM(F70:F73) -> 92 | W25: =SUM(G70:G73) -> 0 | X25: =SUM(H70:H73) -> 0 | Y25: =SUM(I70:I73) -> 0 | Z25: =SUM(J70:J73) -> 0 | ... AF25: =SUM(P70:P73) -> 447
B26: 11.00 - 11.15 | C26: 36 | D26: 9 | E26: 1 | F26: 30 | G26: 0 | H26: 0 | I26: 1 | J26: 1 | K26: 0 | L26: 0 | M26: 245 | N26: 0 | O26: =SUM(C26:L26,N26) -> 78 | P26: =SUM(C26:N26) -> 323 | R26: 2300-0000 | S26: =SUM(C74:C77) -> 62 | T26: =SUM(D74:D77) -> 2 | U26: =SUM(E74:E77) -> 5 | V26: =SUM(F74:F77) -> 77 | W26: =SUM(G74:G77) -> 0 | X26: =SUM(H74:H77) -> 0 | Y26: =SUM(I74:I77) -> 1 | Z26: =SUM(J74:J77) -> 0 | ... AF26: =SUM(P74:P77) -> 392
B27: 11.15 - 11.30 | C27: 63 | D27: 8 | E27: 4 | F27: 39 | G27: 0 | H27: 0 | I27: 5 | J27: 1 | K27: 0 | L27: 0 | M27: 210 | N27: 0 | O27: =SUM(C27:L27,N27) -> 120 | P27: =SUM(C27:N27) -> 330 | R27: 0000-0100 | S27: =SUM(C78:C81) -> 45 | T27: =SUM(D78:D81) -> 0 | U27: =SUM(E78:E81) -> 0 | V27: =SUM(F78:F81) -> 61 | W27: =SUM(G78:G81) -> 0 | X27: =SUM(H78:H81) -> 0 | Y27: =SUM(I78:I81) -> 1 | Z27: =SUM(J78:J81) -> 0 | ... AF27: =SUM(P78:P81) -> 267
B28: 11.30 - 11.45 | C28: 67 | D28: 3 | E28: 3 | F28: 35 | G28: 1 | H28: 0 | I28: 0 | J28: 0 | K28: 0 | L28: 0 | M28: 245 | N28: 0 | O28: =SUM(C28:L28,N28) -> 109 | P28: =SUM(C28:N28) -> 354 | R28: 0100-0200 | S28: =SUM(C82:C85) -> 24 | T28: =SUM(D82:D85) -> 4 | U28: =SUM(E82:E85) -> 5 | V28: =SUM(F82:F85) -> 8 | W28: =SUM(G82:G85) -> 0 | X28: =SUM(H82:H85) -> 0 | Y28: =SUM(I82:I85) -> 0 | Z28: =SUM(J82:J85) -> 0 | ... AF28: =SUM(P82:P85) -> 271
B29: 11.45 - 12.00 | C29: 38 | D29: 0 | E29: 0 | F29: 27 | G29: 0 | H29: 0 | I29: 0 | J29: 2 | K29: 0 | L29: 0 | M29: 180 | N29: 0 | O29: =SUM(C29:L29,N29) -> 67 | P29: =SUM(C29:N29) -> 247 | R29: 0200-0300 | S29: =SUM(C86:C89) -> 37 | T29: =SUM(D86:D89) -> 3 | U29: =SUM(E86:E89) -> 1 | V29: =SUM(F86:F89) -> 22 | W29: =SUM(G86:G89) -> 0 | X29: =SUM(H86:H89) -> 0 | Y29: =SUM(I86:I89) -> 0 | Z29: =SUM(J86:J89) -> 0 | ... AF29: =SUM(P86:P89) -> 198
B30: 12.00 - 12.15 | C30: 49 | D30: 8 | E30: 2 | F30: 44 | G30: 0 | H30: 0 | I30: 2 | J30: 1 | K30: 0 | L30: 1 | M30: 225 | N30: 0 | O30: =SUM(C30:L30,N30) -> 107 | P30: =SUM(C30:N30) -> 332 | R30: 0300-0400 | S30: =SUM(C90:C93) -> 20 | T30: =SUM(D90:D93) -> 3 | U30: =SUM(E90:E93) -> 1 | V30: =SUM(F90:F93) -> 1 | W30: =SUM(G90:G93) -> 0 | X30: =SUM(H90:H93) -> 0 | Y30: =SUM(I90:I93) -> 0 | Z30: =SUM(J90:J93) -> 0 | ... AF30: =SUM(P90:P93) -> 144
B31: 12.15 - 12.30 | C31: 63 | D31: 8 | E31: 5 | F31: 32 | G31: 2 | H31: 0 | I31: 5 | J31: 4 | K31: 0 | L31: 0 | M31: 245 | N31: 0 | O31: =SUM(C31:L31,N31) -> 119 | P31: =SUM(C31:N31) -> 364 | R31: 0400-0500 | S31: =SUM(C94:C97) -> 50 | T31: =SUM(D94:D97) -> 2 | U31: =SUM(E94:E97) -> 0 | V31: =SUM(F94:F97) -> 26 | W31: =SUM(G94:G97) -> 0 | X31: =SUM(H94:H97) -> 0 | Y31: =SUM(I94:I97) -> 3 | Z31: =SUM(J94:J97) -> 0 | ... AF31: =SUM(P94:P97) -> 243
B32: 12.30 - 12.45 | C32: 33 | D32: 5 | E32: 3 | F32: 40 | G32: 0 | H32: 1 | I32: 2 | J32: 0 | K32: 0 | L32: 0 | M32: 245 | N32: 0 | O32: =SUM(C32:L32,N32) -> 84 | P32: =SUM(C32:N32) -> 329 | R32: 0500-0600 | S32: =SUM(C98:C101) -> 32 | T32: =SUM(D98:D101) -> 2 | U32: =SUM(E98:E101) -> 0 | V32: =SUM(F98:F101) -> 35 | W32: =SUM(G98:G101) -> 0 | X32: =SUM(H98:H101) -> 0 | Y32: =SUM(I98:I101) -> 3 | Z32: =SUM(J98:J101) -> 1 | ... AF32: =SUM(P98:P101) -> 180
B33: 12.45 - 13.00 | C33: 43 | D33: 6 | E33: 6 | F33: 25 | G33: 0 | H33: 0 | I33: 2 | J33: 1 | K33: 0 | L33: 1 | M33: 245 | N33: 0 | O33: =SUM(C33:L33,N33) -> 84 | P33: =SUM(C33:N33) -> 329 | R33: 0600-0700 | S33: =SUM(C102:C105) -> 54 | T33: =SUM(D102:D105) -> 1 | U33: =SUM(E102:E105) -> 0 | V33: =SUM(F102:F105) -> 65 | W33: =SUM(G102:G105) -> 0 | X33: =SUM(H102:H105) -> 0 | Y33: =SUM(I102:I105) -> 0 | Z33: =SUM(J102:J105) -> 0 | ... AF33: =SUM(P102:P105) -> 295
B34: 13.00 - 13.15 | C34: 33 | D34: 11 | E34: 9 | F34: 35 | G34: 0 | H34: 0 | I34: 2 | J34: 4 | K34: 0 | L34: 0 | M34: 210 | N34: 0 | O34: =SUM(C34:L34,N34) -> 94 | P34: =SUM(C34:N34) -> 304 | R34: AM Peak Hr | S34: =MAX(S10:S12) -> 269 | T34: =MAX(T10:T12) -> 43 | U34: =MAX(U10:U12) -> 22 | V34: =MAX(V10:V12) -> 231 | W34: =MAX(W10:W12) -> 3 | X34: =MAX(X10:X12) -> 0 | Y34: =MAX(Y10:Y12) -> 15 | Z34: =MAX(Z10:Z12) -> 6 | ... AF34: =MAX(AF10:AF12) -> 1381
B35: 13.15 - 13.30 | C35: 48 | D35: 7 | E35: 2 | F35: 44 | G35: 0 | H35: 0 | I35: 3 | J35: 3 | K35: 0 | L35: 0 | M35: 210 | N35: 0 | O35: =SUM(C35:L35,N35) -> 107 | P35: =SUM(C35:N35) -> 317 | R35: IP Peak Hr | S35: =MAX(S13:S18) -> 238 | T35: =MAX(T13:T18) -> 40 | U35: =MAX(U13:U18) -> 34 | V35: =MAX(V13:V18) -> 173 | W35: =MAX(W13:W18) -> 2 | X35: =MAX(X13:X18) -> 1 | Y35: =MAX(Y13:Y18) -> 18 | Z35: =MAX(Z13:Z18) -> 11 | ... AF35: =MAX(AF13:AF18) -> 1388
B36: 13.30 - 13.45 | C36: 32 | D36: 8 | E36: 17 | F36: 31 | G36: 0 | H36: 0 | I36: 4 | J36: 1 | K36: 0 | L36: 0 | M36: 220 | N36: 0 | O36: =SUM(C36:L36,N36) -> 93 | P36: =SUM(C36:N36) -> 313 | R36: PM Peak Hr | S36: =MAX(S19:S21) -> 141 | T36: =MAX(T19:T21) -> 23 | U36: =MAX(U19:U21) -> 17 | V36: =MAX(V19:V21) -> 129 | W36: =MAX(W19:W21) -> 0 | X36: =MAX(X19:X21) -> 0 | Y36: =MAX(Y19:Y21) -> 13 | Z36: =MAX(Z19:Z21) -> 6 | ... AF36: =MAX(AF19:AF21) -> 1289
B37: 13.45 - 14.00 | C37: 35 | D37: 3 | E37: 6 | F37: 33 | G37: 0 | H37: 0 | I37: 0 | J37: 0 | K37: 0 | L37: 0 | M37: 210 | N37: 0 | O37: =SUM(C37:L37,N37) -> 77 | P37: =SUM(C37:N37) -> 287 | R37: AM Period | S37: =SUM(S10:S12) -> 635 | T37: =SUM(T10:T12) -> 77 | U37: =SUM(U10:U12) -> 47 | V37: =SUM(V10:V12) -> 592 | W37: =SUM(W10:W12) -> 3 | X37: =SUM(X10:X12) -> 0 | Y37: =SUM(Y10:Y12) -> 39 | Z37: =SUM(Z10:Z12) -> 13 | ... AF37: =SUM(AF10:AF12) -> 3984
B38: 14.00 - 14.15 | C38: 30 | D38: 4 | E38: 4 | F38: 45 | G38: 0 | H38: 0 | I38: 2 | J38: 0 | K38: 0 | L38: 0 | M38: 235 | N38: 0 | O38: =SUM(C38:L38,N38) -> 85 | P38: =SUM(C38:N38) -> 320 | R38: IP Period | S38: =SUM(S13:S18) -> 1056 | T38: =SUM(T13:T18) -> 175 | U38: =SUM(U13:U18) -> 127 | V38: =SUM(V13:V18) -> 857 | W38: =SUM(W13:W18) -> 6 | X38: =SUM(X13:X18) -> 1 | Y38: =SUM(Y13:Y18) -> 57 | Z38: =SUM(Z13:Z18) -> 37 | ... AF38: =SUM(AF13:AF18) -> 7821
B39: 14.15 - 14.30 | C39: 45 | D39: 8 | E39: 5 | F39: 40 | G39: 0 | H39: 0 | I39: 0 | J39: 1 | K39: 0 | L39: 0 | M39: 210 | N39: 0 | O39: =SUM(C39:L39,N39) -> 99 | P39: =SUM(C39:N39) -> 309 | R39: PM Period | S39: =SUM(S19:S21) -> 382 | T39: =SUM(T19:T21) -> 60 | U39: =SUM(U19:U21) -> 25 | V39: =SUM(V19:V21) -> 380 | W39: =SUM(W19:W21) -> 0 | X39: =SUM(X19:X21) -> 0 | Y39: =SUM(Y19:Y21) -> 27 | Z39: =SUM(Z19:Z21) -> 14 | ... AF39: =SUM(AF19:AF21) -> 3588
B40: 14.30 - 14.45 | C40: 35 | D40: 7 | E40: 7 | F40: 35 | G40: 1 | H40: 0 | I40: 3 | J40: 1 | K40: 0 | L40: 0 | M40: 230 | N40: 0 | O40: =SUM(C40:L40,N40) -> 89 | P40: =SUM(C40:N40) -> 319 | R40: 12 Hours | S40: =SUM(S10:S21) -> 2073 | T40: =SUM(T10:T21) -> 312 | U40: =SUM(U10:U21) -> 199 | V40: =SUM(V10:V21) -> 1829 | W40: =SUM(W10:W21) -> 9 | X40: =SUM(X10:X21) -> 1 | Y40: =SUM(Y10:Y21) -> 123 | Z40: =SUM(Z10:Z21) -> 64 | ... AF40: =SUM(AF10:AF21) -> 15393
B41: 14.45 - 15.00 | C41: 26 | D41: 6 | E41: 4 | F41: 26 | G41: 0 | H41: 0 | I41: 5 | J41: 0 | K41: 0 | L41: 0 | M41: 240 | N41: 0 | O41: =SUM(C41:L41,N41) -> 67 | P41: =SUM(C41:N41) -> 307 | R41: 24 Hrs/ADT | S41: =SUM(S10:S33) -> 2935 | T41: =SUM(T10:T33) -> 368 | U41: =SUM(U10:U33) -> 234 | V41: =SUM(V10:V33) -> 2561 | W41: =SUM(W10:W33) -> 10 | X41: =SUM(X10:X33) -> 2 | Y41: =SUM(Y10:Y33) -> 143 | Z41: =SUM(Z10:Z33) -> 69 | ... AF41: =SUM(AF10:AF33) -> 20568
B42: 15.00 - 15.15 | C42: 30 | D42: 10 | E42: 5 | F42: 34 | G42: 0 | H42: 0 | I42: 4 | J42: 1 | K42: 0 | L42: 0 | M42: 245 | N42: 0 | O42: =SUM(C42:L42,N42) -> 84 | P42: =SUM(C42:N42) -> 329 | R42: NEF | S42: =S41/S40 -> 1.4158225 | T42: =T41/T40 -> 1.1794872 | U42: =U41/U40 -> 1.1758794 | V42: =V41/V40 -> 1.4002187 | W42: =W41/W40 -> 1.1111111 | X42: =X41/X40 -> 2 | Y42: =Y41/Y40 -> 1.1626016 | Z42: =Z41/Z40 -> 1.078125 | ... AF42: =AF41/AF40 -> 1.3361918
B43: 15.15 - 15.30 | C43: 35 | D43: 10 | E43: 4 | F43: 31 | G43: 0 | H43: 0 | I43: 6 | J43: 4 | K43: 0 | L43: 0 | M43: 210 | N43: 0 | O43: =SUM(C43:L43,N43) -> 90 | P43: =SUM(C43:N43) -> 300
B44: 15.30 - 15.45 | C44: 35 | D44: 10 | E44: 7 | F44: 33 | G44: 0 | H44: 0 | I44: 0 | J44: 1 | K44: 0 | L44: 2 | M44: 255 | N44: 0 | O44: =SUM(C44:L44,N44) -> 88 | P44: =SUM(C44:N44) -> 343
B45: 15.45 - 16.00 | C45: 42 | D45: 10 | E45: 11 | F45: 25 | G45: 1 | H45: 0 | I45: 8 | J45: 0 | K45: 0 | L45: 0 | M45: 280 | N45: 0 | O45: =SUM(C45:L45,N45) -> 97 | P45: =SUM(C45:N45) -> 377
B46: 16.00 - 16.15 | C46: 32 | D46: 5 | E46: 3 | F46: 26 | G46: 0 | H46: 0 | I46: 2 | J46: 2 | K46: 1 | L46: 0 | M46: 250 | N46: 0 | O46: =SUM(C46:L46,N46) -> 71 | P46: =SUM(C46:N46) -> 321
B47: 16.15 -16.30 | C47: 25 | D47: 5 | E47: 4 | F47: 32 | G47: 0 | H47: 0 | I47: 2 | J47: 0 | K47: 1 | L47: 0 | M47: 215 | N47: 0 | O47: =SUM(C47:L47,N47) -> 69 | P47: =SUM(C47:N47) -> 284
B48: 16.30 -16.45 | C48: 33 | D48: 5 | E48: 5 | F48: 35 | G48: 0 | H48: 0 | I48: 6 | J48: 2 | K48: 0 | L48: 0 | M48: 245 | N48: 0 | O48: =SUM(C48:L48,N48) -> 86 | P48: =SUM(C48:N48) -> 331
B49: 16.45 -17.00 | C49: 33 | D49: 5 | E49: 5 | F49: 35 | G49: 0 | H49: 0 | I49: 3 | J49: 2 | K49: 0 | L49: 0 | M49: 270 | N49: 0 | O49: =SUM(C49:L49,N49) -> 83 | P49: =SUM(C49:N49) -> 353
B50: 17.00 -17.15 | C50: 29 | D50: 2 | E50: 0 | F50: 40 | G50: 0 | H50: 0 | I50: 3 | J50: 0 | K50: 0 | L50: 0 | M50: 245 | N50: 0 | O50: =SUM(C50:L50,N50) -> 74 | P50: =SUM(C50:N50) -> 319
B51: 17.15 -17.30 | C51: 35 | D51: 9 | E51: 1 | F51: 24 | G51: 0 | H51: 0 | I51: 0 | J51: 3 | K51: 0 | L51: 0 | M51: 210 | N51: 0 | O51: =SUM(C51:L51,N51) -> 72 | P51: =SUM(C51:N51) -> 282
B52: 17.30 -17.45 | C52: 40 | D52: 3 | E52: 0 | F52: 33 | G52: 0 | H52: 0 | I52: 0 | J52: 0 | K52: 0 | L52: 0 | M52: 200 | N52: 0 | O52: =SUM(C52:L52,N52) -> 76 | P52: =SUM(C52:N52) -> 276
B53: 17.45 -18.00 | C53: 37 | D53: 3 | E53: 0 | F53: 32 | G53: 0 | H53: 0 | I53: 0 | J53: 0 | K53: 0 | L53: 0 | M53: 180 | N53: 0 | O53: =SUM(C53:L53,N53) -> 72 | P53: =SUM(C53:N53) -> 252
B54: 18.00 - 18.15 | C54: 28 | D54: 3 | E54: 0 | F54: 33 | G54: 0 | H54: 0 | I54: 3 | J54: 0 | K54: 0 | L54: 0 | M54: 245 | N54: 0 | O54: =SUM(C54:L54,N54) -> 67 | P54: =SUM(C54:N54) -> 312
... B105: 06.45 - 07.00 | C105: 15 | D105: 0 | E105: 0 | F105: 13 | G105: 0 | H105: 0 | I105: 0 | J105: 0 | K105: 0 | L105: 0 | M105: 40 | N105: 0 | O105: =SUM(C105:L105,N105) -> 28 | P105: =SUM(C105:N105) -> 68
B106: Totals | C106: =SUM(C10:C105) -> 2935 | D106: =SUM(D10:D105) -> 368 | E106: =SUM(E10:E105) -> 234 | F106: =SUM(F10:F105) -> 2561 | G106: =SUM(G10:G105) -> 10 | H106: =SUM(H10:H105) -> 2 | I106: =SUM(I10:I105) -> 143 | J106: =SUM(J10:J105) -> 69 | ... P106: =SUM(P10:P105) -> 20568
B107: %ges + MCs | C107: =C106/$P$106 -> 0.14269739 | D107: =D106/$P$106 -> 0.017891871 | E107: =E106/$P$106 -> 0.011376896 | F107: =F106/$P$106 -> 0.12451381 | G107: =G106/$P$106 -> 0.00048619214 | H107: =H106/$P$106 -> 9.7238429e-05 | I107: =I106/$P$106 -> 0.0069525476 | J107: =J106/$P$106 -> 0.0033547258 | ... N107: =N106/$P$106 -> 0
B108: %ges w/o MCs | C108: =C106/$O$106 -> 0.46300678 | D108: =D106/$O$106 -> 0.058053321 | E108: =E106/$O$106 -> 0.03691434 | F108: =F106/$O$106 -> 0.40400694 | G108: =G106/$O$106 -> 0.0015775359 | H108: =H106/$O$106 -> 0.00031550718 | I108: =I106/$O$106 -> 0.022558763 | J108: =J106/$O$106 -> 0.010884998 | ... L108: =L106/$O$106 -> 0.00094652153 | N108: =N106/$O$106 -> 0

Sheet 28.07 Kibuye-Makindye
B1: Consultancy services for Preparation of Expressway Development Master Plan (EDMP) for Uganda
B2: MANUAL CLASSIFIED COUNT (MCC)
B3: ROAD NAME: | C3: ='22.07 Kibuye-Makindye'!C3:G3 -> MCC - C1 - STN01 - MOBUTU ROAD
C5: Date | D5: 28.07.19 | F5: Location | G5: ='27.07 Makindye-Kibuye-24h'!G5:H5 -> FUELEX MAKINDYE | J5: Surveyor | K5: ='27.07 Makindye-Kibuye-24h'!K5:L5 -> WAKWESA ALLAN/CHEMONGES KENNETH/SSONKO SAMUEL/OWOMUGISHA BRENDA
C6: Dir. From | D6: ='22.07 Kibuye-Makindye'!D6:E6 -> KIBUYE | F6: Dir. To | G6: ='22.07 Kibuye-Makindye'!G6:H6 -> MAKINDYE | J6: Supervisor | K6: ='27.07 Makindye-Kibuye-24h'!K6:L6 -> EMMA
B8: Time / Veh Type | R8: SUMMARY TRAFFIC VOLUMES
C9: 1. Car | D9: 2. Station Wagon | E9: 3. Pickups | F9: 4. Minibus, matatu | G9: 5. Medium bus | H9: 6. Large Bus | I9: 7. Light Truck | J9: 8. Medium Truck | K9: 9. Heavy truck | L9: 10. Truck Trailer | M9: 11. Motor cycles | N9: 12. Tractors | O9: Total Excl M/Cycles | P9: Total All | R9: Time | S9: 1. Car | T9: 2. Station Wagon | U9: 3. Pickups | V9: 4. Minibus, matatu | W9: 5. Medium bus | X9: 6. Large Bus | Y9: 7. Light Truck | Z9: 8. Medium Truck | AA9: 9. Heavy truck | AB9: 10. Truck Trailer | AC9: 11. Motorcycles | AD9: 12. Tractors, Graders | AE9: Total Excl M/ Cycles | AF9: Total All
B10: 07.00 - 07.15 | C10: 2 | D10: 2 | E10: 0 | F10: 4 | G10: 0 | H10: 0 | I10: 0 | J10: 0 | K10: 0 | L10: 0 | M10: 40 | N10: 0 | O10: =SUM(C10:L10,N10) -> 8 | P10: =SUM(C10:N10) -> 48 | R10: 0700-0800 | S10: =SUM(C10:C13) -> 64 | T10: =SUM(D10:D13) -> 14 | U10: =SUM(E10:E13) -> 6 | V10: =SUM(F10:F13) -> 53 | W10: =SUM(G10:G13) -> 0 | X10: =SUM(H10:H13) -> 0 | Y10: =SUM(I10:I13) -> 6 | Z10: =SUM(J10:J13) -> 5 | ... AF10: =SUM(P10:P13) -> 517
B11: 07.15 - 07.30 | C11: 15 | D11: 4 | E11: 1 | F11: 23 | G11: 0 | H11: 0 | I11: 4 | J11: 2 | K11: 2 | L11: 0 | M11: 100 | N11: 0 | O11: =SUM(C11:L11,N11) -> 51 | P11: =SUM(C11:N11) -> 151 | R11: 0800-0900 | S11: =SUM(C14:C17) -> 70 | T11: =SUM(D14:D17) -> 14 | U11: =SUM(E14:E17) -> 7 | V11: =SUM(F14:F17) -> 72 | W11: =SUM(G14:G17) -> 3 | X11: =SUM(H14:H17) -> 0 | Y11: =SUM(I14:I17) -> 3 | Z11: =SUM(J14:J17) -> 5 | ... AF11: =SUM(P14:P17) -> 726
B12: 07.30 - 07.45 | C12: 16 | D12: 4 | E12: 4 | F12: 7 | G12: 0 | H12: 0 | I12: 0 | J12: 1 | K12: 0 | L12: 0 | M12: 117 | N12: 0 | O12: =SUM(C12:L12,N12) -> 32 | P12: =SUM(C12:N12) -> 149 | R12: 0900-1000 | S12: =SUM(C18:C21) -> 121 | T12: =SUM(D18:D21) -> 29 | U12: =SUM(E18:E21) -> 6 | V12: =SUM(F18:F21) -> 70 | W12: =SUM(G18:G21) -> 3 | X12: =SUM(H18:H21) -> 0 | Y12: =SUM(I18:I21) -> 1 | Z12: =SUM(J18:J21) -> 0 | ... AF12: =SUM(P18:P21) -> 901
B13: 07.45 - 08.00 | C13: 31 | D13: 4 | E13: 1 | F13: 19 | G13: 0 | H13: 0 | I13: 2 | J13: 2 | K13: 0 | L13: 0 | M13: 110 | N13: 0 | O13: =SUM(C13:L13,N13) -> 59 | P13: =SUM(C13:N13) -> 169 | R13: 1000-1100 | S13: =SUM(C22:C25) -> 181 | T13: =SUM(D22:D25) -> 48 | U13: =SUM(E22:E25) -> 18 | V13: =SUM(F22:F25) -> 119 | W13: =SUM(G22:G25) -> 3 | X13: =SUM(H22:H25) -> 0 | Y13: =SUM(I22:I25) -> 10 | Z13: =SUM(J22:J25) -> 10 | ... AF13: =SUM(P22:P25) -> 1163
B14: 08.00 - 08.15 | C14: 15 | D14: 2 | E14: 0 | F14: 18 | G14: 2 | H14: 0 | I14: 0 | J14: 2 | K14: 0 | L14: 0 | M14: 151 | N14: 0 | O14: =SUM(C14:L14,N14) -> 39 | P14: =SUM(C14:N14) -> 190 | R14: 1100-1200 | S14: =SUM(C26:C29) -> 166 | T14: =SUM(D26:D29) -> 40 | U14: =SUM(E26:E29) -> 16 | V14: =SUM(F26:F29) -> 83 | W14: =SUM(G26:G29) -> 0 | X14: =SUM(H26:H29) -> 0 | Y14: =SUM(I26:I29) -> 8 | Z14: =SUM(J26:J29) -> 3 | ... AF14: =SUM(P26:P29) -> 1083
B15: 08.15 - 08.30 | C15: 23 | D15: 8 | E15: 3 | F15: 32 | G15: 1 | H15: 0 | I15: 1 | J15: 2 | K15: 0 | L15: 0 | M15: 150 | N15: 0 | O15: =SUM(C15:L15,N15) -> 70 | P15: =SUM(C15:N15) -> 220 | R15: 1200-1300 | S15: =SUM(C30:C33) -> 179 | T15: =SUM(D30:D33) -> 48 | U15: =SUM(E30:E33) -> 31 | V15: =SUM(F30:F33) -> 89 | W15: =SUM(G30:G33) -> 0 | X15: =SUM(H30:H33) -> 1 | Y15: =SUM(I30:I33) -> 8 | Z15: =SUM(J30:J33) -> 10 | ... AF15: =SUM(P30:P33) -> 1154
B16: 08.30 - 08.45 | C16: 17 | D16: 2 | E16: 2 | F16: 14 | G16: 0 | H16: 0 | I16: 1 | J16: 0 | K16: 0 | L16: 0 | M16: 125 | N16: 0 | O16: =SUM(C16:L16,N16) -> 36 | P16: =SUM(C16:N16) -> 161 | R16: 1300-1400 | S16: =SUM(C34:C37) -> 193 | T16: =SUM(D34:D37) -> 53 | U16: =SUM(E34:E37) -> 31 | V16: =SUM(F34:F37) -> 82 | W16: =SUM(G34:G37) -> 2 | X16: =SUM(H34:H37) -> 0 | Y16: =SUM(I34:I37) -> 9 | Z16: =SUM(J34:J37) -> 2 | ... AF16: =SUM(P34:P37) -> 970
B17: 08.45 - 9.00 | C17: 15 | D17: 2 | E17: 2 | F17: 8 | G17: 0 | H17: 0 | I17: 1 | J17: 1 | K17: 0 | L17: 0 | M17: 126 | N17: 0 | O17: =SUM(C17:L17,N17) -> 29 | P17: =SUM(C17:N17) -> 155 | R17: 1400-1500 | S17: =SUM(C38:C41) -> 185 | T17: =SUM(D38:D41) -> 46 | U17: =SUM(E38:E41) -> 30 | V17: =SUM(F38:F41) -> 91 | W17: =SUM(G38:G41) -> 1 | X17: =SUM(H38:H41) -> 2 | Y17: =SUM(I38:I41) -> 8 | Z17: =SUM(J38:J41) -> 3 | ... AF17: =SUM(P38:P41) -> 1134
B18: 09.00 - 09.15 | C18: 28 | D18: 4 | E18: 2 | F18: 11 | G18: 0 | H18: 0 | I18: 0 | J18: 0 | K18: 1 | L18: 0 | M18: 160 | N18: 0 | O18: =SUM(C18:L18,N18) -> 46 | P18: =SUM(C18:N18) -> 206 | R18: 1500-1600 | S18: =SUM(C42:C45) -> 239 | T18: =SUM(D42:D45) -> 55 | U18: =SUM(E42:E45) -> 25 | V18: =SUM(F42:F45) -> 61 | W18: =SUM(G42:G45) -> 0 | X18: =SUM(H42:H45) -> 0 | Y18: =SUM(I42:I45) -> 13 | Z18: =SUM(J42:J45) -> 12 | ... AF18: =SUM(P42:P45) -> 1333
B19: 09.15 - 09.30 | C19: 16 | D19: 6 | E19: 0 | F19: 16 | G19: 0 | H19: 0 | I19: 0 | J19: 0 | K19: 0 | L19: 0 | M19: 165 | N19: 0 | O19: =SUM(C19:L19,N19) -> 38 | P19: =SUM(C19:N19) -> 203 | R19: 1600-1700 | S19: =SUM(C46:C49) -> 364 | T19: =SUM(D46:D49) -> 62 | U19: =SUM(E46:E49) -> 32 | V19: =SUM(F46:F49) -> 84 | W19: =SUM(G46:G49) -> 2 | X19: =SUM(H46:H49) -> 0 | Y19: =SUM(I46:I49) -> 4 | Z19: =SUM(J46:J49) -> 1 | ... AF19: =SUM(P46:P49) -> 1519
B20: 09.30 - 09.45 | C20: 36 | D20: 11 | E20: 4 | F20: 23 | G20: 2 | H20: 0 | I20: 1 | J20: 0 | K20: 0 | L20: 0 | M20: 170 | N20: 0 | O20: =SUM(C20:L20,N20) -> 77 | P20: =SUM(C20:N20) -> 247 | R20: 1700-1800 | S20: =SUM(C50:C53) -> 254 | T20: =SUM(D50:D53) -> 43 | U20: =SUM(E50:E53) -> 16 | V20: =SUM(F50:F53) -> 83 | W20: =SUM(G50:G53) -> 1 | X20: =SUM(H50:H53) -> 0 | Y20: =SUM(I50:I53) -> 3 | Z20: =SUM(J50:J53) -> 3 | ... AF20: =SUM(P50:P53) -> 1270
B21: 09.45 - 10.00 | C21: 41 | D21: 8 | E21: 0 | F21: 20 | G21: 1 | H21: 0 | I21: 0 | J21: 0 | K21: 0 | L21: 0 | M21: 175 | N21: 0 | O21: =SUM(C21:L21,N21) -> 70 | P21: =SUM(C21:N21) -> 245 | R21: 1800-1900 | S21: =SUM(C54:C57) -> 224 | T21: =SUM(D54:D57) -> 41 | U21: =SUM(E54:E57) -> 37 | V21: =SUM(F54:F57) -> 108 | W21: =SUM(G54:G57) -> 1 | X21: =SUM(H54:H57) -> 0 | Y21: =SUM(I54:I57) -> 7 | Z21: =SUM(J54:J57) -> 3 | ... AF21: =SUM(P54:P57) -> 1222
B22: 10.00 - 10.15 | C22: 36 | D22: 11 | E22: 5 | F22: 32 | G22: 1 | H22: 0 | I22: 4 | J22: 2 | K22: 1 | L22: 0 | M22: 140 | N22: 0 | O22: =SUM(C22:L22,N22) -> 92 | P22: =SUM(C22:N22) -> 232 | R22: AM Peak Hr | S22: =MAX(S10:S12) -> 121 | T22: =MAX(T10:T12) -> 29 | U22: =MAX(U10:U12) -> 7 | V22: =MAX(V10:V12) -> 72 | W22: =MAX(W10:W12) -> 3 | X22: =MAX(X10:X12) -> 0 | Y22: =MAX(Y10:Y12) -> 6 | Z22: =MAX(Z10:Z12) -> 5 | ... AF22: =MAX(AF10:AF12) -> 901
B23: 10.15 - 10.30 | C23: 45 | D23: 14 | E23: 8 | F23: 30 | G23: 1 | H23: 0 | I23: 1 | J23: 2 | K23: 0 | L23: 0 | M23: 208 | N23: 0 | O23: =SUM(C23:L23,N23) -> 101 | P23: =SUM(C23:N23) -> 309 | R23: IP Peak Hr | S23: =MAX(S13:S18) -> 239 | T23: =MAX(T13:T18) -> 55 | U23: =MAX(U13:U18) -> 31 | V23: =MAX(V13:V18) -> 119 | W23: =MAX(W13:W18) -> 3 | X23: =MAX(X13:X18) -> 2 | Y23: =MAX(Y13:Y18) -> 13 | Z23: =MAX(Z13:Z18) -> 12 | ... AF23: =MAX(AF13:AF18) -> 1333
B24: 10.30 - 10.45 | C24: 54 | D24: 12 | E24: 0 | F24: 30 | G24: 0 | H24: 0 | I24: 3 | J24: 2 | K24: 0 | L24: 0 | M24: 210 | N24: 0 | O24: =SUM(C24:L24,N24) -> 101 | P24: =SUM(C24:N24) -> 311 | R24: PM Peak Hr | S24: =MAX(S19:S21) -> 364 | T24: =MAX(T19:T21) -> 62 | U24: =MAX(U19:U21) -> 37 | V24: =MAX(V19:V21) -> 108 | W24: =MAX(W19:W21) -> 2 | X24: =MAX(X19:X21) -> 0 | Y24: =MAX(Y19:Y21) -> 7 | Z24: =MAX(Z19:Z21) -> 3 | ... AF24: =MAX(AF19:AF21) -> 1519
B25: 10.45 - 11.00 | C25: 46 | D25: 11 | E25: 5 | F25: 27 | G25: 1 | H25: 0 | I25: 2 | J25: 4 | K25: 0 | L25: 0 | M25: 215 | N25: 0 | O25: =SUM(C25:L25,N25) -> 96 | P25: =SUM(C25:N25) -> 311 | R25: AM Period | S25: =SUM(S10:S12) -> 255 | T25: =SUM(T10:T12) -> 57 | U25: =SUM(U10:U12) -> 19 | V25: =SUM(V10:V12) -> 195 | W25: =SUM(W10:W12) -> 6 | X25: =SUM(X10:X12) -> 0 | Y25: =SUM(Y10:Y12) -> 10 | Z25: =SUM(Z10:Z12) -> 10 | ... AF25: =SUM(AF10:AF12) -> 2144
B26: 11.00 - 11.15 | C26: 40 | D26: 14 | E26: 2 | F26: 24 | G26: 0 | H26: 0 | I26: 2 | J26: 1 | K26: 0 | L26: 0 | M26: 221 | N26: 0 | O26: =SUM(C26:L26,N26) -> 83 | P26: =SUM(C26:N26) -> 304 | R26: IP Period | S26: =SUM(S13:S18) -> 1143 | T26: =SUM(T13:T18) -> 290 | U26: =SUM(U13:U18) -> 151 | V26: =SUM(V13:V18) -> 525 | W26: =SUM(W13:W18) -> 6 | X26: =SUM(X13:X18) -> 3 | Y26: =SUM(Y13:Y18) -> 56 | Z26: =SUM(Z13:Z18) -> 40 | ... AF26: =SUM(AF13:AF18) -> 6837
B27: 11.15 - 11.30 | C27: 31 | D27: 8 | E27: 2 | F27: 21 | G27: 0 | H27: 0 | I27: 2 | J27: 1 | K27: 0 | L27: 0 | M27: 180 | N27: 0 | O27: =SUM(C27:L27,N27) -> 65 | P27: =SUM(C27:N27) -> 245 | R27: PM Period | S27: =SUM(S19:S21) -> 842 | T27: =SUM(T19:T21) -> 146 | U27: =SUM(U19:U21) -> 85 | V27: =SUM(V19:V21) -> 275 | W27: =SUM(W19:W21) -> 4 | X27: =SUM(X19:X21) -> 0 | Y27: =SUM(Y19:Y21) -> 14 | Z27: =SUM(Z19:Z21) -> 7 | ... AF27: =SUM(AF19:AF21) -> 4011
B28: 11.30 - 11.45 | C28: 45 | D28: 12 | E28: 4 | F28: 15 | G28: 0 | H28: 0 | I28: 4 | J28: 0 | K28: 1 | L28: 0 | M28: 150 | N28: 0 | O28: =SUM(C28:L28,N28) -> 81 | P28: =SUM(C28:N28) -> 231 | R28: 12 Hours | S28: =SUM(S10:S21) -> 2240 | T28: =SUM(T10:T21) -> 493 | U28: =SUM(U10:U21) -> 255 | V28: =SUM(V10:V21) -> 995 | W28: =SUM(W10:W21) -> 16 | X28: =SUM(X10:X21) -> 3 | Y28: =SUM(Y10:Y21) -> 80 | Z28: =SUM(Z10:Z21) -> 57 | ... AF28: =SUM(AF10:AF21) -> 12992
B29: 11.45 - 12.00 | C29: 50 | D29: 6 | E29: 8 | F29: 23 | G29: 0 | H29: 0 | I29: 0 | J29: 1 | K29: 0 | L29: 0 | M29: 215 | N29: 0 | O29: =SUM(C29:L29,N29) -> 88 | P29: =SUM(C29:N29) -> 303
B30: 12.00 - 12.15 | C30: 41 | D30: 11 | E30: 3 | F30: 16 | G30: 0 | H30: 0 | I30: 0 | J30: 0 | K30: 0 | L30: 0 | M30: 205 | N30: 0 | O30: =SUM(C30:L30,N30) -> 71 | P30: =SUM(C30:N30) -> 276
