Workbook

Sheet 19.8 Kayunga-Kangulumira
B1: Consultancy services for Preparation of Expressway Development Master Plan (EDMP) for Uganda
B2: MANUAL CLASSIFIED COUNT (MCC)
B3: ROAD NAME: | C3: MCC-C3-STN90-KAYUNGA-KANGULUMIRA ROAD
C5: Date | D5: 19.08.19 | F5: Location | G5: Kayunga | J5: Surveyor | K5: Comfort
C6: Dir. From | D6: KAYUNGA | F6: Dir. To | G6: KANGULUMIRA | J6: Supervisor | K6: Bella
B8: Time / Veh Type | R8: SUMMARY TRAFFIC VOLUMES
C9: 1. Car | D9: 2. Station Wagon | E9: 3. Pickups | F9: 4. Minibus, matatu | G9: 5. Medium bus | H9: 6. Large Bus | I9: 7. Light Truck | J9: 8. Medium Truck | K9: 9. Heavy truck | L9: 10. Truck Trailer | M9: 11. Motor cycles | N9: 12. Tractors | O9: Total Excl M/Cycles | P9: Total All | R9: Time | S9: 1. Car | T9: 2. Station Wagon | U9: 3. Pickups | V9: 4. Minibus, matatu | W9: 5. Medium bus | X9: 6. Large Bus | Y9: 7. Light Truck | Z9: 8. Medium Truck | AA9: 9. Heavy truck | AB9: 10. Truck Trailer | AC9: 11. Motorcycles | AD9: 12. Tractors, Graders | AE9: Total Excl M/ Cycles | AF9: Total All
B10: 07.00 - 07.15 | C10: 1 | D10: 0 | E10: 2 | F10: 3 | G10: 0 | H10: 0 | I10: 4 | J10: 0 | K10: 0 | L10: 0 | M10: 26 | N10: 0 | O10: =SUM(C10:L10,N10) -> 10 | P10: =SUM(C10:N10) -> 36 | R10: 0700-0800 | S10: =SUM(C10:C13) -> 18 | T10: =SUM(D10:D13) -> 0 | U10: =SUM(E10:E13) -> 13 | V10: =SUM(F10:F13) -> 20 | W10: =SUM(G10:G13) -> 1 | X10: =SUM(H10:H13) -> 0 | Y10: =SUM(I10:I13) -> 7 | Z10: =SUM(J10:J13) -> 0 | ... AF10: =SUM(P10:P13) -> 189
B11: 07.15 - 07.30 | C11: 3 | D11: 0 | E11: 4 | F11: 8 | G11: 0 | H11: 0 | I11: 1 | J11: 0 | K11: 0 | L11: 0 | M11: 28 | N11: 0 | O11: =SUM(C11:L11,N11) -> 16 | P11: =SUM(C11:N11) -> 44 | R11: 0800-0900 | S11: =SUM(C14:C17) -> 20 | T11: =SUM(D14:D17) -> 0 | U11: =SUM(E14:E17) -> 21 | V11: =SUM(F14:F17) -> 19 | W11: =SUM(G14:G17) -> 0 | X11: =SUM(H14:H17) -> 0 | Y11: =SUM(I14:I17) -> 6 | Z11: =SUM(J14:J17) -> 0 | ... AF11: =SUM(P14:P17) -> 222
B12: 07.30 - 07.45 | C12: 4 | D12: 0 | E12: 1 | F12: 7 | G12: 0 | H12: 0 | I12: 2 | J12: 0 | K12: 0 | L12: 0 | M12: 37 | N12: 0 | O12: =SUM(C12:L12,N12) -> 14 | P12: =SUM(C12:N12) -> 51 | R12: 0900-1000 | S12: =SUM(C18:C21) -> 23 | T12: =SUM(D18:D21) -> 0 | U12: =SUM(E18:E21) -> 21 | V12: =SUM(F18:F21) -> 16 | W12: =SUM(G18:G21) -> 1 | X12: =SUM(H18:H21) -> 0 | Y12: =SUM(I18:I21) -> 8 | Z12: =SUM(J18:J21) -> 0 | ... AF12: =SUM(P18:P21) -> 199
B13: 07.45 - 08.00 | C13: 10 | D13: 0 | E13: 6 | F13: 2 | G13: 1 | H13: 0 | I13: 0 | J13: 0 | K13: 0 | L13: 0 | M13: 39 | N13: 0 | O13: =SUM(C13:L13,N13) -> 19 | P13: =SUM(C13:N13) -> 58 | R13: 1000-1100 | S13: =SUM(C22:C25) -> 25 | T13: =SUM(D22:D25) -> 0 | U13: =SUM(E22:E25) -> 15 | V13: =SUM(F22:F25) -> 19 | W13: =SUM(G22:G25) -> 0 | X13: =SUM(H22:H25) -> 1 | Y13: =SUM(I22:I25) -> 9 | Z13: =SUM(J22:J25) -> 1 | ... AF13: =SUM(P22:P25) -> 195
B14: 08.00 - 08.15 | C14: 7 | D14: 0 | E14: 2 | F14: 5 | G14: 0 | H14: 0 | I14: 2 | J14: 0 | K14: 0 | L14: 0 | M14: 40 | N14: 0 | O14: =SUM(C14:L14,N14) -> 16 | P14: =SUM(C14:N14) -> 56 | R14: 1100-1200 | S14: =SUM(C26:C29) -> 22 | T14: =SUM(D26:D29) -> 0 | U14: =SUM(E26:E29) -> 24 | V14: =SUM(F26:F29) -> 20 | W14: =SUM(G26:G29) -> 3 | X14: =SUM(H26:H29) -> 1 | Y14: =SUM(I26:I29) -> 7 | Z14: =SUM(J26:J29) -> 1 | ... AF14: =SUM(P26:P29) -> 212
B15: 08.15 - 08.30 | C15: 6 | D15: 0 | E15: 7 | F15: 5 | G15: 0 | H15: 0 | I15: 0 | J15: 0 | K15: 0 | L15: 0 | M15: 37 | N15: 0 | O15: =SUM(C15:L15,N15) -> 18 | P15: =SUM(C15:N15) -> 55 | R15: 1200-1300 | S15: =SUM(C30:C33) -> 22 | T15: =SUM(D30:D33) -> 0 | U15: =SUM(E30:E33) -> 14 | V15: =SUM(F30:F33) -> 19 | W15: =SUM(G30:G33) -> 1 | X15: =SUM(H30:H33) -> 2 | Y15: =SUM(I30:I33) -> 11 | Z15: =SUM(J30:J33) -> 1 | ... AF15: =SUM(P30:P33) -> 171
B16: 08.30 - 08.45 | C16: 4 | D16: 0 | E16: 8 | F16: 7 | G16: 0 | H16: 0 | I16: 2 | J16: 0 | K16: 1 | L16: 0 | M16: 43 | N16: 0 | O16: =SUM(C16:L16,N16) -> 22 | P16: =SUM(C16:N16) -> 65 | R16: 1300-1400 | S16: =SUM(C34:C37) -> 12 | T16: =SUM(D34:D37) -> 0 | U16: =SUM(E34:E37) -> 12 | V16: =SUM(F34:F37) -> 17 | W16: =SUM(G34:G37) -> 1 | X16: =SUM(H34:H37) -> 0 | Y16: =SUM(I34:I37) -> 12 | Z16: =SUM(J34:J37) -> 3 | ... AF16: =SUM(P34:P37) -> 151
B17: 08.45 - 9.00 | C17: 3 | D17: 0 | E17: 4 | F17: 2 | G17: 0 | H17: 0 | I17: 2 | J17: 0 | K17: 0 | L17: 0 | M17: 35 | N17: 0 | O17: =SUM(C17:L17,N17) -> 11 | P17: =SUM(C17:N17) -> 46 | R17: 1400-1500 | S17: =SUM(C38:C41) -> 13 | T17: =SUM(D38:D41) -> 0 | U17: =SUM(E38:E41) -> 18 | V17: =SUM(F38:F41) -> 12 | W17: =SUM(G38:G41) -> 1 | X17: =SUM(H38:H41) -> 0 | Y17: =SUM(I38:I41) -> 12 | Z17: =SUM(J38:J41) -> 0 | ... AF17: =SUM(P38:P41) -> 159
B18: 09.00 - 09.15 | C18: 6 | D18: 0 | E18: 3 | F18: 6 | G18: 0 | H18: 0 | I18: 3 | J18: 0 | K18: 0 | L18: 0 | M18: 24 | N18: 0 | O18: =SUM(C18:L18,N18) -> 18 | P18: =SUM(C18:N18) -> 42 | R18: 1500-1600 | S18: =SUM(C42:C45) -> 18 | T18: =SUM(D42:D45) -> 0 | U18: =SUM(E42:E45) -> 16 | V18: =SUM(F42:F45) -> 16 | W18: =SUM(G42:G45) -> 1 | X18: =SUM(H42:H45) -> 0 | Y18: =SUM(I42:I45) -> 20 | Z18: =SUM(J42:J45) -> 1 | ... AF18: =SUM(P42:P45) -> 181
B19: 09.15 - 09.30 | C19: 4 | D19: 0 | E19: 7 | F19: 4 | G19: 1 | H19: 0 | I19: 3 | J19: 0 | K19: 2 | L19: 0 | M19: 37 | N19: 0 | O19: =SUM(C19:L19,N19) -> 21 | P19: =SUM(C19:N19) -> 58 | R19: 1600-1700 | S19: =SUM(C46:C49) -> 24 | T19: =SUM(D46:D49) -> 0 | U19: =SUM(E46:E49) -> 24 | V19: =SUM(F46:F49) -> 26 | W19: =SUM(G46:G49) -> 1 | X19: =SUM(H46:H49) -> 1 | Y19: =SUM(I46:I49) -> 16 | Z19: =SUM(J46:J49) -> 3 | ... AF19: =SUM(P46:P49) -> 197
B20: 09.30 - 09.45 | C20: 7 | D20: 0 | E20: 4 | F20: 2 | G20: 0 | H20: 0 | I20: 1 | J20: 0 | K20: 0 | L20: 0 | M20: 32 | N20: 0 | O20: =SUM(C20:L20,N20) -> 14 | P20: =SUM(C20:N20) -> 46 | R20: 1700-1800 | S20: =SUM(C50:C53) -> 24 | T20: =SUM(D50:D53) -> 0 | U20: =SUM(E50:E53) -> 24 | V20: =SUM(F50:F53) -> 23 | W20: =SUM(G50:G53) -> 2 | X20: =SUM(H50:H53) -> 3 | Y20: =SUM(I50:I53) -> 9 | Z20: =SUM(J50:J53) -> 3 | ... AF20: =SUM(P50:P53) -> 225
B21: 09.45 - 10.00 | C21: 6 | D21: 0 | E21: 7 | F21: 4 | G21: 0 | H21: 0 | I21: 1 | J21: 0 | K21: 2 | L21: 0 | M21: 33 | N21: 0 | O21: =SUM(C21:L21,N21) -> 20 | P21: =SUM(C21:N21) -> 53 | R21: 1800-1900 | S21: =SUM(C54:C57) -> 16 | T21: =SUM(D54:D57) -> 0 | U21: =SUM(E54:E57) -> 22 | V21: =SUM(F54:F57) -> 15 | W21: =SUM(G54:G57) -> 0 | X21: =SUM(H54:H57) -> 3 | Y21: =SUM(I54:I57) -> 15 | Z21: =SUM(J54:J57) -> 3 | ... AF21: =SUM(P54:P57) -> 203
B22: 10.00 - 10.15 | C22: 10 | D22: 0 | E22: 7 | F22: 3 | G22: 0 | H22: 0 | I22: 1 | J22: 0 | K22: 0 | L22: 0 | M22: 30 | N22: 0 | O22: =SUM(C22:L22,N22) -> 21 | P22: =SUM(C22:N22) -> 51 | R22: AM Peak Hr | S22: =MAX(S10:S12) -> 23 | T22: =MAX(T10:T12) -> 0 | U22: =MAX(U10:U12) -> 21 | V22: =MAX(V10:V12) -> 20 | W22: =MAX(W10:W12) -> 1 | X22: =MAX(X10:X12) -> 0 | Y22: =MAX(Y10:Y12) -> 8 | Z22: =MAX(Z10:Z12) -> 0 | ... AF22: =MAX(AF10:AF12) -> 222
B23: 10.15 - 10.30 | C23: 5 | D23: 0 | E23: 3 | F23: 6 | G23: 0 | H23: 0 | I23: 1 | J23: 0 | K23: 0 | L23: 0 | M23: 37 | N23: 0 | O23: =SUM(C23:L23,N23) -> 15 | P23: =SUM(C23:N23) -> 52 | R23: IP Peak Hr | S23: =MAX(S13:S18) -> 25 | T23: =MAX(T13:T18) -> 0 | U23: =MAX(U13:U18) -> 24 | V23: =MAX(V13:V18) -> 20 | W23: =MAX(W13:W18) -> 3 | X23: =MAX(X13:X18) -> 2 | Y23: =MAX(Y13:Y18) -> 20 | Z23: =MAX(Z13:Z18) -> 3 | ... AF23: =MAX(AF13:AF18) -> 212
B24: 10.30 - 10.45 | C24: 6 | D24: 0 | E24: 2 | F24: 4 | G24: 0 | H24: 1 | I24: 6 | J24: 0 | K24: 0 | L24: 0 | M24: 22 | N24: 0 | O24: =SUM(C24:L24,N24) -> 19 | P24: =SUM(C24:N24) -> 41 | R24: PM Peak Hr | S24: =MAX(S19:S21) -> 24 | T24: =MAX(T19:T21) -> 0 | U24: =MAX(U19:U21) -> 24 | V24: =MAX(V19:V21) -> 26 | W24: =MAX(W19:W21) -> 2 | X24: =MAX(X19:X21) -> 3 | Y24: =MAX(Y19:Y21) -> 16 | Z24: =MAX(Z19:Z21) -> 3 | ... AF24: =MAX(AF19:AF21) -> 225
B25: 10.45 - 11.00 | C25: 4 | D25: 0 | E25: 3 | F25: 6 | G25: 0 | H25: 0 | I25: 1 | J25: 1 | K25: 0 | L25: 0 | M25: 36 | N25: 0 | O25: =SUM(C25:L25,N25) -> 15 | P25: =SUM(C25:N25) -> 51 | R25: AM Period | S25: =SUM(S10:S12) -> 61 | T25: =SUM(T10:T12) -> 0 | U25: =SUM(U10:U12) -> 55 | V25: =SUM(V10:V12) -> 55 | W25: =SUM(W10:W12) -> 2 | X25: =SUM(X10:X12) -> 0 | Y25: =SUM(Y10:Y12) -> 21 | Z25: =SUM(Z10:Z12) -> 0 | ... AF25: =SUM(AF10:AF12) -> 610
B26: 11.00 - 11.15 | C26: 9 | D26: 0 | E26: 5 | F26: 6 | G26: 2 | H26: 1 | I26: 2 | J26: 0 | K26: 0 | L26: 0 | M26: 40 | N26: 0 | O26: =SUM(C26:L26,N26) -> 25 | P26: =SUM(C26:N26) -> 65 | R26: IP Period | S26: =SUM(S13:S18) -> 112 | T26: =SUM(T13:T18) -> 0 | U26: =SUM(U13:U18) -> 99 | V26: =SUM(V13:V18) -> 103 | W26: =SUM(W13:W18) -> 7 | X26: =SUM(X13:X18) -> 4 | Y26: =SUM(Y13:Y18) -> 71 | Z26: =SUM(Z13:Z18) -> 7 | ... AF26: =SUM(AF13:AF18) -> 1069
B27: 11.15 - 11.30 | C27: 4 | D27: 0 | E27: 8 | F27: 4 | G27: 1 | H27: 0 | I27: 1 | J27: 1 | K27: 0 | L27: 0 | M27: 31 | N27: 0 | O27: =SUM(C27:L27,N27) -> 19 | P27: =SUM(C27:N27) -> 50 | R27: PM Period | S27: =SUM(S19:S21) -> 64 | T27: =SUM(T19:T21) -> 0 | U27: =SUM(U19:U21) -> 70 | V27: =SUM(V19:V21) -> 64 | W27: =SUM(W19:W21) -> 3 | X27: =SUM(X19:X21) -> 7 | Y27: =SUM(Y19:Y21) -> 40 | Z27: =SUM(Z19:Z21) -> 9 | ... AF27: =SUM(AF19:AF21) -> 625
B28: 11.30 - 11.45 | C28: 6 | D28: 0 | E28: 7 | F28: 3 | G28: 0 | H28: 0 | I28: 2 | J28: 0 | K28: 0 | L28: 0 | M28: 36 | N28: 0 | O28: =SUM(C28:L28,N28) -> 18 | P28: =SUM(C28:N28) -> 54 | R28: 12 Hours | S28: =SUM(S10:S21) -> 237 | T28: =SUM(T10:T21) -> 0 | U28: =SUM(U10:U21) -> 224 | V28: =SUM(V10:V21) -> 222 | W28: =SUM(W10:W21) -> 12 | X28: =SUM(X10:X21) -> 11 | Y28: =SUM(Y10:Y21) -> 132 | Z28: =SUM(Z10:Z21) -> 16 | ... AF28: =SUM(AF10:AF21) -> 2304
B29: 11.45 - 12.00 | C29: 3 | D29: 0 | E29: 4 | F29: 7 | G29: 0 | H29: 0 | I29: 2 | J29: 0 | K29: 0 | L29: 0 | M29: 27 | N29: 0 | O29: =SUM(C29:L29,N29) -> 16 | P29: =SUM(C29:N29) -> 43
B30: 12.00 - 12.15 | C30: 6 | D30: 0 | E30: 5 | F30: 6 | G30: 0 | H30: 0 | I30: 3 | J30: 1 | K30: 1 | L30: 1 | M30: 28 | N30: 0 | O30: =SUM(C30:L30,N30) -> 23 | P30: =SUM(C30:N30) -> 51
B31: 12.15 - 12.30 | C31: 5 | D31: 0 | E31: 1 | F31: 7 | G31: 1 | H31: 2 | I31: 2 | J31: 0 | K31: 0 | L31: 0 | M31: 20 | N31: 0 | O31: =SUM(C31:L31,N31) -> 18 | P31: =SUM(C31:N31) -> 38
B32: 12.30 - 12.45 | C32: 6 | D32: 0 | E32: 1 | F32: 1 | G32: 0 | H32: 0 | I32: 5 | J32: 0 | K32: 0 | L32: 0 | M32: 32 | N32: 0 | O32: =SUM(C32:L32,N32) -> 13 | P32: =SUM(C32:N32) -> 45
B33: 12.45 - 13.00 | C33: 5 | D33: 0 | E33: 7 | F33: 5 | G33: 0 | H33: 0 | I33: 1 | J33: 0 | K33: 0 | L33: 1 | M33: 18 | N33: 0 | O33: =SUM(C33:L33,N33) -> 19 | P33: =SUM(C33:N33) -> 37
B34: 13.00 - 13.15 | C34: 1 | D34: 0 | E34: 0 | F34: 3 | G34: 0 | H34: 0 | I34: 6 | J34: 0 | K34: 1 | L34: 0 | M34: 21 | N34: 0 | O34: =SUM(C34:L34,N34) -> 11 | P34: =SUM(C34:N34) -> 32
B35: 13.15 - 13.30 | C35: 6 | D35: 0 | E35: 3 | F35: 5 | G35: 0 | H35: 0 | I35: 0 | J35: 1 | K35: 0 | L35: 0 | M35: 18 | N35: 0 | O35: =SUM(C35:L35,N35) -> 15 | P35: =SUM(C35:N35) -> 33
B36: 13.30 - 13.45 | C36: 1 | D36: 0 | E36: 3 | F36: 3 | G36: 1 | H36: 0 | I36: 3 | J36: 0 | K36: 0 | L36: 0 | M36: 22 | N36: 0 | O36: =SUM(C36:L36,N36) -> 11 | P36: =SUM(C36:N36) -> 33
B37: 13.45 - 14.00 | C37: 4 | D37: 0 | E37: 6 | F37: 6 | G37: 0 | H37: 0 | I37: 3 | J37: 2 | K37: 0 | L37: 1 | M37: 31 | N37: 0 | O37: =SUM(C37:L37,N37) -> 22 | P37: =SUM(C37:N37) -> 53
B38: 14.00 - 14.15 | C38: 6 | D38: 0 | E38: 5 | F38: 3 | G38: 0 | H38: 0 | I38: 3 | J38: 0 | K38: 0 | L38: 0 | M38: 26 | N38: 0 | O38: =SUM(C38:L38,N38) -> 17 | P38: =SUM(C38:N38) -> 43
B39: 14.15 - 14.30 | C39: 2 | D39: 0 | E39: 5 | F39: 3 | G39: 0 | H39: 0 | I39: 2 | J39: 0 | K39: 1 | L39: 0 | M39: 31 | N39: 0 | O39: =SUM(C39:L39,N39) -> 13 | P39: =SUM(C39:N39) -> 44
B40: 14.30 - 14.45 | C40: 1 | D40: 0 | E40: 5 | F40: 2 | G40: 0 | H40: 0 | I40: 4 | J40: 0 | K40: 0 | L40: 0 | M40: 21 | N40: 0 | O40: =SUM(C40:L40,N40) -> 12 | P40: =SUM(C40:N40) -> 33
... B57: 18.45 - 19.00 | C57: 2 | D57: 0 | E57: 5 | F57: 2 | G57: 0 | H57: 1 | I57: 5 | J57: 1 | K57: 2 | L57: 0 | M57: 28 | N57: 0 | O57: =SUM(C57:L57,N57) -> 18 | P57: =SUM(C57:N57) -> 46
B58: Totals | C58: =SUM(C10:C57) -> 237 | D58: =SUM(D10:D57) -> 0 | E58: =SUM(E10:E57) -> 224 | F58: =SUM(F10:F57) -> 222 | G58: =SUM(G10:G57) -> 12 | H58: =SUM(H10:H57) -> 11 | I58: =SUM(I10:I57) -> 132 | J58: =SUM(J10:J57) -> 16 | ... P58: =SUM(P10:P57) -> 2304
B59: %ges + MCs | C59: =C58/$P$58 -> 0.10286458 | D59: =D58/$P$58 -> 0 | E59: =E58/$P$58 -> 0.097222222 | F59: =F58/$P$58 -> 0.096354167 | G59: =G58/$P$58 -> 0.0052083333 | H59: =H58/$P$58 -> 0.0047743056 | I59: =I58/$P$58 -> 0.057291667 | J59: =J58/$P$58 -> 0.0069444444 | ... N59: =N58/$P$58 -> 0
B60: %ges w/o MCs | C60: =C58/$O$58 -> 0.26840317 | D60: =D58/$O$58 -> 0 | E60: =E58/$O$58 -> 0.25368063 | F60: =F58/$O$58 -> 0.25141563 | G60: =G58/$O$58 -> 0.013590034 | H60: =H58/$O$58 -> 0.012457531 | I60: =I58/$O$58 -> 0.14949037 | J60: =J58/$O$58 -> 0.018120045 | ... L60: =L58/$O$58 -> 0.010192525 | N60: =N58/$O$58 -> 0

Sheet 19.8 Kangulumira-Kayunga
B1: Consultancy services for Preparation of Expressway Development Master Plan (EDMP) for Uganda
B2: MANUAL CLASSIFIED COUNT (MCC)
B3: ROAD NAME: | C3: ='20.8 Kayunga-Kangulumira'!C3:G3 -> MCC-C3-STN90-KAYUNGA-KANGULUMIRA ROAD
C5: Date | D5: 19.08.19 | F5: Location | G5: ='25.8 Kayunga-Kangulumira'!G5:H5 -> Kayunga | J5: Surveyor | K5: ='25.8 Kayunga-Kangulumira'!K5:L5 -> Comfort
C6: Dir. From | D6: KANGULUMIRA | F6: Dir. To | G6: KAYUNGA | J6: Supervisor | K6: ='25.8 Kayunga-Kangulumira'!K6:L6 -> Bella
B8: Time / Veh Type | R8: SUMMARY TRAFFIC VOLUMES
C9: 1. Car | D9: 2. Station Wagon | E9: 3. Pickups | F9: 4. Minibus, matatu | G9: 5. Medium bus | H9: 6. Large Bus | I9: 7. Light Truck | J9: 8. Medium Truck | K9: 9. Heavy truck | L9: 10. Truck Trailer | M9: 11. Motor cycles | N9: 12. Tractors | O9: Total Excl M/Cycles | P9: Total All | R9: Time | S9: 1. Car | T9: 2. Station Wagon | U9: 3. Pickups | V9: 4. Minibus, matatu | W9: 5. Medium bus | X9: 6. Large Bus | Y9: 7. Light Truck | Z9: 8. Medium Truck | AA9: 9. Heavy truck | AB9: 10. Truck Trailer | AC9: 11. Motorcycles | AD9: 12. Tractors, Graders | AE9: Total Excl M/ Cycles | AF9: Total All
B10: 07.00 - 07.15 | C10: 4 | D10: 0 | E10: 3 | F10: 4 | G10: 0 | H10: 0 | I10: 3 | J10: 2 | K10: 1 | L10: 0 | M10: 8 | N10: 0 | O10: =SUM(C10:L10,N10) -> 17 | P10: =SUM(C10:N10) -> 25 | R10: 0700-0800 | S10: =SUM(C10:C13) -> 18 | T10: =SUM(D10:D13) -> 0 | U10: =SUM(E10:E13) -> 10 | V10: =SUM(F10:F13) -> 15 | W10: =SUM(G10:G13) -> 2 | X10: =SUM(H10:H13) -> 1 | Y10: =SUM(I10:I13) -> 9 | Z10: =SUM(J10:J13) -> 3 | ... AF10: =SUM(P10:P13) -> 111
B11: 07.15 - 07.30 | C11: 3 | D11: 0 | E11: 2 | F11: 3 | G11: 0 | H11: 0 | I11: 1 | J11: 0 | K11: 0 | L11: 0 | M11: 7 | N11: 0 | O11: =SUM(C11:L11,N11) -> 9 | P11: =SUM(C11:N11) -> 16 | R11: 0800-0900 | S11: =SUM(C14:C17) -> 23 | T11: =SUM(D14:D17) -> 0 | U11: =SUM(E14:E17) -> 10 | V11: =SUM(F14:F17) -> 13 | W11: =SUM(G14:G17) -> 0 | X11: =SUM(H14:H17) -> 0 | Y11: =SUM(I14:I17) -> 7 | Z11: =SUM(J14:J17) -> 4 | ... AF11: =SUM(P14:P17) -> 158
B12: 07.30 - 07.45 | C12: 7 | D12: 0 | E12: 4 | F12: 5 | G12: 1 | H12: 0 | I12: 1 | J12: 0 | K12: 0 | L12: 0 | M12: 15 | N12: 0 | O12: =SUM(C12:L12,N12) -> 18 | P12: =SUM(C12:N12) -> 33 | R12: 0900-1000 | S12: =SUM(C18:C21) -> 19 | T12: =SUM(D18:D21) -> 0 | U12: =SUM(E18:E21) -> 16 | V12: =SUM(F18:F21) -> 15 | W12: =SUM(G18:G21) -> 1 | X12: =SUM(H18:H21) -> 0 | Y12: =SUM(I18:I21) -> 6 | Z12: =SUM(J18:J21) -> 1 | ... AF12: =SUM(P18:P21) -> 171
B13: 07.45 - 08.00 | C13: 4 | D13: 0 | E13: 1 | F13: 3 | G13: 1 | H13: 1 | I13: 4 | J13: 1 | K13: 0 | L13: 0 | M13: 22 | N13: 0 | O13: =SUM(C13:L13,N13) -> 15 | P13: =SUM(C13:N13) -> 37 | R13: 1000-1100 | S13: =SUM(C22:C25) -> 18 | T13: =SUM(D22:D25) -> 0 | U13: =SUM(E22:E25) -> 8 | V13: =SUM(F22:F25) -> 17 | W13: =SUM(G22:G25) -> 0 | X13: =SUM(H22:H25) -> 0 | Y13: =SUM(I22:I25) -> 10 | Z13: =SUM(J22:J25) -> 2 | ... AF13: =SUM(P22:P25) -> 168
B14: 08.00 - 08.15 | C14: 5 | D14: 0 | E14: 1 | F14: 4 | G14: 0 | H14: 0 | I14: 1 | J14: 1 | K14: 0 | L14: 0 | M14: 28 | N14: 0 | O14: =SUM(C14:L14,N14) -> 12 | P14: =SUM(C14:N14) -> 40 | R14: 1100-1200 | S14: =SUM(C26:C29) -> 21 | T14: =SUM(D26:D29) -> 0 | U14: =SUM(E26:E29) -> 21 | V14: =SUM(F26:F29) -> 19 | W14: =SUM(G26:G29) -> 2 | X14: =SUM(H26:H29) -> 1 | Y14: =SUM(I26:I29) -> 9 | Z14: =SUM(J26:J29) -> 1 | ... AF14: =SUM(P26:P29) -> 192
B15: 08.15 - 08.30 | C15: 7 | D15: 0 | E15: 4 | F15: 3 | G15: 0 | H15: 0 | I15: 2 | J15: 0 | K15: 0 | L15: 0 | M15: 23 | N15: 0 | O15: =SUM(C15:L15,N15) -> 16 | P15: =SUM(C15:N15) -> 39 | R15: 1200-1300 | S15: =SUM(C30:C33) -> 23 | T15: =SUM(D30:D33) -> 0 | U15: =SUM(E30:E33) -> 12 | V15: =SUM(F30:F33) -> 15 | W15: =SUM(G30:G33) -> 0 | X15: =SUM(H30:H33) -> 1 | Y15: =SUM(I30:I33) -> 13 | Z15: =SUM(J30:J33) -> 1 | ... AF15: =SUM(P30:P33) -> 186
B16: 08.30 - 08.45 | C16: 5 | D16: 0 | E16: 3 | F16: 4 | G16: 0 | H16: 0 | I16: 3 | J16: 2 | K16: 0 | L16: 1 | M16: 28 | N16: 0 | O16: =SUM(C16:L16,N16) -> 18 | P16: =SUM(C16:N16) -> 46 | R16: 1300-1400 | S16: =SUM(C34:C37) -> 24 | T16: =SUM(D34:D37) -> 0 | U16: =SUM(E34:E37) -> 9 | V16: =SUM(F34:F37) -> 18 | W16: =SUM(G34:G37) -> 0 | X16: =SUM(H34:H37) -> 1 | Y16: =SUM(I34:I37) -> 15 | Z16: =SUM(J34:J37) -> 3 | ... AF16: =SUM(P34:P37) -> 177
B17: 08.45 - 9.00 | C17: 6 | D17: 0 | E17: 2 | F17: 2 | G17: 0 | H17: 0 | I17: 1 | J17: 1 | K17: 0 | L17: 0 | M17: 21 | N17: 0 | O17: =SUM(C17:L17,N17) -> 12 | P17: =SUM(C17:N17) -> 33 | R17: 1400-1500 | S17: =SUM(C38:C41) -> 27 | T17: =SUM(D38:D41) -> 0 | U17: =SUM(E38:E41) -> 16 | V17: =SUM(F38:F41) -> 15 | W17: =SUM(G38:G41) -> 2 | X17: =SUM(H38:H41) -> 0 | Y17: =SUM(I38:I41) -> 13 | Z17: =SUM(J38:J41) -> 1 | ... AF17: =SUM(P38:P41) -> 180
B18: 09.00 - 09.15 | C18: 7 | D18: 0 | E18: 3 | F18: 6 | G18: 0 | H18: 0 | I18: 1 | J18: 1 | K18: 0 | L18: 0 | M18: 36 | N18: 0 | O18: =SUM(C18:L18,N18) -> 18 | P18: =SUM(C18:N18) -> 54 | R18: 1500-1600 | S18: =SUM(C42:C45) -> 24 | T18: =SUM(D42:D45) -> 0 | U18: =SUM(E42:E45) -> 12 | V18: =SUM(F42:F45) -> 17 | W18: =SUM(G42:G45) -> 1 | X18: =SUM(H42:H45) -> 0 | Y18: =SUM(I42:I45) -> 12 | Z18: =SUM(J42:J45) -> 1 | ... AF18: =SUM(P42:P45) -> 170
B19: 09.15 - 09.30 | C19: 3 | D19: 0 | E19: 5 | F19: 3 | G19: 0 | H19: 0 | I19: 2 | J19: 0 | K19: 0 | L19: 1 | M19: 23 | N19: 0 | O19: =SUM(C19:L19,N19) -> 14 | P19: =SUM(C19:N19) -> 37 | R19: 1600-1700 | S19: =SUM(C46:C49) -> 23 | T19: =SUM(D46:D49) -> 0 | U19: =SUM(E46:E49) -> 12 | V19: =SUM(F46:F49) -> 15 | W19: =SUM(G46:G49) -> 0 | X19: =SUM(H46:H49) -> 0 | Y19: =SUM(I46:I49) -> 15 | Z19: =SUM(J46:J49) -> 1 | ... AF19: =SUM(P46:P49) -> 171
B20: 09.30 - 09.45 | C20: 4 | D20: 0 | E20: 5 | F20: 2 | G20: 1 | H20: 0 | I20: 3 | J20: 0 | K20: 0 | L20: 0 | M20: 24 | N20: 0 | O20: =SUM(C20:L20,N20) -> 15 | P20: =SUM(C20:N20) -> 39 | R20: 1700-1800 | S20: =SUM(C50:C53) -> 23 | T20: =SUM(D50:D53) -> 0 | U20: =SUM(E50:E53) -> 26 | V20: =SUM(F50:F53) -> 14 | W20: =SUM(G50:G53) -> 0 | X20: =SUM(H50:H53) -> 0 | Y20: =SUM(I50:I53) -> 13 | Z20: =SUM(J50:J53) -> 3 | ... AF20: =SUM(P50:P53) -> 208
B21: 09.45 - 10.00 | C21: 5 | D21: 0 | E21: 3 | F21: 4 | G21: 0 | H21: 0 | I21: 0 | J21: 0 | K21: 0 | L21: 1 | M21: 28 | N21: 0 | O21: =SUM(C21:L21,N21) -> 13 | P21: =SUM(C21:N21) -> 41 | R21: 1800-1900 | S21: =SUM(C54:C57) -> 27 | T21: =SUM(D54:D57) -> 0 | U21: =SUM(E54:E57) -> 23 | V21: =SUM(F54:F57) -> 22 | W21: =SUM(G54:G57) -> 1 | X21: =SUM(H54:H57) -> 0 | Y21: =SUM(I54:I57) -> 23 | Z21: =SUM(J54:J57) -> 1 | ... AF21: =SUM(P54:P57) -> 229
B22: 10.00 - 10.15 | C22: 4 | D22: 0 | E22: 1 | F22: 3 | G22: 0 | H22: 0 | I22: 2 | J22: 0 | K22: 1 | L22: 1 | M22: 20 | N22: 0 | O22: =SUM(C22:L22,N22) -> 12 | P22: =SUM(C22:N22) -> 32 | R22: AM Peak Hr | S22: =MAX(S10:S12) -> 23 | T22: =MAX(T10:T12) -> 0 | U22: =MAX(U10:U12) -> 16 | V22: =MAX(V10:V12) -> 15 | W22: =MAX(W10:W12) -> 2 | X22: =MAX(X10:X12) -> 1 | Y22: =MAX(Y10:Y12) -> 9 | Z22: =MAX(Z10:Z12) -> 4 | ... AF22: =MAX(AF10:AF12) -> 171
B23: 10.15 - 10.30 | C23: 3 | D23: 0 | E23: 1 | F23: 6 | G23: 0 | H23: 0 | I23: 3 | J23: 0 | K23: 1 | L23: 0 | M23: 26 | N23: 0 | O23: =SUM(C23:L23,N23) -> 14 | P23: =SUM(C23:N23) -> 40 | R23: IP Peak Hr | S23: =MAX(S13:S18) -> 27 | T23: =MAX(T13:T18) -> 0 | U23: =MAX(U13:U18) -> 21 | V23: =MAX(V13:V18) -> 19 | W23: =MAX(W13:W18) -> 2 | X23: =MAX(X13:X18) -> 1 | Y23: =MAX(Y13:Y18) -> 15 | Z23: =MAX(Z13:Z18) -> 3 | ... AF23: =MAX(AF13:AF18) -> 192
B24: 10.30 - 10.45 | C24: 5 | D24: 0 | E24: 3 | F24: 3 | G24: 0 | H24: 0 | I24: 2 | J24: 1 | K24: 0 | L24: 0 | M24: 35 | N24: 0 | O24: =SUM(C24:L24,N24) -> 14 | P24: =SUM(C24:N24) -> 49 | R24: PM Peak Hr | S24: =MAX(S19:S21) -> 27 | T24: =MAX(T19:T21) -> 0 | U24: =MAX(U19:U21) -> 26 | V24: =MAX(V19:V21) -> 22 | W24: =MAX(W19:W21) -> 1 | X24: =MAX(X19:X21) -> 0 | Y24: =MAX(Y19:Y21) -> 23 | Z24: =MAX(Z19:Z21) -> 3 | ... AF24: =MAX(AF19:AF21) -> 229
B25: 10.45 - 11.00 | C25: 6 | D25: 0 | E25: 3 | F25: 5 | G25: 0 | H25: 0 | I25: 3 | J25: 1 | K25: 0 | L25: 1 | M25: 28 | N25: 0 | O25: =SUM(C25:L25,N25) -> 19 | P25: =SUM(C25:N25) -> 47 | R25: AM Period | S25: =SUM(S10:S12) -> 60 | T25: =SUM(T10:T12) -> 0 | U25: =SUM(U10:U12) -> 36 | V25: =SUM(V10:V12) -> 43 | W25: =SUM(W10:W12) -> 3 | X25: =SUM(X10:X12) -> 1 | Y25: =SUM(Y10:Y12) -> 22 | Z25: =SUM(Z10:Z12) -> 8 | ... AF25: =SUM(AF10:AF12) -> 440
B26: 11.00 - 11.15 | C26: 7 | D26: 0 | E26: 5 | F26: 6 | G26: 1 | H26: 0 | I26: 2 | J26: 0 | K26: 0 | L26: 0 | M26: 27 | N26: 0 | O26: =SUM(C26:L26,N26) -> 21 | P26: =SUM(C26:N26) -> 48 | R26: IP Period | S26: =SUM(S13:S18) -> 137 | T26: =SUM(T13:T18) -> 0 | U26: =SUM(U13:U18) -> 78 | V26: =SUM(V13:V18) -> 101 | W26: =SUM(W13:W18) -> 5 | X26: =SUM(X13:X18) -> 3 | Y26: =SUM(Y13:Y18) -> 72 | Z26: =SUM(Z13:Z18) -> 9 | ... AF26: =SUM(AF13:AF18) -> 1073
B27: 11.15 - 11.30 | C27: 7 | D27: 0 | E27: 4 | F27: 3 | G27: 0 | H27: 0 | I27: 3 | J27: 0 | K27: 1 | L27: 0 | M27: 29 | N27: 0 | O27: =SUM(C27:L27,N27) -> 18 | P27: =SUM(C27:N27) -> 47 | R27: PM Period | S27: =SUM(S19:S21) -> 73 | T27: =SUM(T19:T21) -> 0 | U27: =SUM(U19:U21) -> 61 | V27: =SUM(V19:V21) -> 51 | W27: =SUM(W19:W21) -> 1 | X27: =SUM(X19:X21) -> 0 | Y27: =SUM(Y19:Y21) -> 51 | Z27: =SUM(Z19:Z21) -> 5 | ... AF27: =SUM(AF19:AF21) -> 608
B28: 11.30 - 11.45 | C28: 6 | D28: 0 | E28: 10 | F28: 5 | G28: 0 | H28: 1 | I28: 3 | J28: 1 | K28: 0 | L28: 1 | M28: 34 | N28: 0 | O28: =SUM(C28:L28,N28) -> 27 | P28: =SUM(C28:N28) -> 61 | R28: 12 Hours | S28: =SUM(S10:S21) -> 270 | T28: =SUM(T10:T21) -> 0 | U28: =SUM(U10:U21) -> 175 | V28: =SUM(V10:V21) -> 195 | W28: =SUM(W10:W21) -> 9 | X28: =SUM(X10:X21) -> 4 | Y28: =SUM(Y10:Y21) -> 145 | Z28: =SUM(Z10:Z21) -> 22 | ... AF28: =SUM(AF10:AF21) -> 2121
B29: 11.45 - 12.00 | C29: 1 | D29: 0 | E29: 2 | F29: 5 | G29: 1 | H29: 0 | I29: 1 | J29: 0 | K29: 0 | L29: 0 | M29: 26 | N29: 0 | O29: =SUM(C29:L29,N29) -> 10 | P29: =SUM(C29:N29) -> 36
B30: 12.00 - 12.15 | C30: 4 | D30: 0 | E30: 2 | F30: 4 | G30: 0 | H30: 0 | I30: 6 | J30: 0 | K30: 0 | L30: 1 | M30: 28 | N30: 0 | O30: =SUM(C30:L30,N30) -> 17 | P30: =SUM(C30:N30) -> 45
B31: 12.15 - 12.30 | C31: 6 | D31: 0 | E31: 3 | F31: 3 | G31: 0 | H31: 1 | I31: 3 | J31: 1 | K31: 0 | L31: 0 | M31: 30 | N31: 0 | O31: =SUM(C31:L31,N31) -> 17 | P31: =SUM(C31:N31) -> 47
B32: 12.30 - 12.45 | C32: 3 | D32: 0 | E32: 3 | F32: 6 | G32: 0 | H32: 0 | I32: 1 | J32: 0 | K32: 1 | L32: 0 | M32: 31 | N32: 0 | O32: =SUM(C32:L32,N32) -> 14 | P32: =SUM(C32:N32) -> 45
B33: 12.45 - 13.00 | C33: 10 | D33: 0 | E33: 4 | F33: 2 | G33: 0 | H33: 0 | I33: 3 | J33: 0 | K33: 1 | L33: 0 | M33: 29 | N33: 0 | O33: =SUM(C33:L33,N33) -> 20 | P33: =SUM(C33:N33) -> 49
B34: 13.00 - 13.15 | C34: 3 | D34: 0 | E34: 1 | F34: 5 | G34: 0 | H34: 0 | I34: 3 | J34: 0 | K34: 1 | L34: 0 | M34: 28 | N34: 0 | O34: =SUM(C34:L34,N34) -> 13 | P34: =SUM(C34:N34) -> 41
B35: 13.15 - 13.30 | C35: 4 | D35: 0 | E35: 4 | F35: 2 | G35: 0 | H35: 0 | I35: 3 | J35: 1 | K35: 0 | L35: 0 | M35: 25 | N35: 0 | O35: =SUM(C35:L35,N35) -> 14 | P35: =SUM(C35:N35) -> 39
B36: 13.30 - 13.45 | C36: 9 | D36: 0 | E36: 4 | F36: 6 | G36: 0 | H36: 0 | I36: 4 | J36: 0 | K36: 0 | L36: 0 | M36: 27 | N36: 0 | O36: =SUM(C36:L36,N36) -> 23 | P36: =SUM(C36:N36) -> 50
B37: 13.45 - 14.00 | C37: 8 | D37: 0 | E37: 0 | F37: 5 | G37: 0 | H37: 1 | I37: 5 | J37: 2 | K37: 0 | L37: 0 | M37: 26 | N37: 0 | O37: =SUM(C37:L37,N37) -> 21 | P37: =SUM(C37:N37) -> 47
B38: 14.00 - 14.15 | C38: 5 | D38: 0 | E38: 3 | F38: 3 | G38: 0 | H38: 0 | I38: 3 | J38: 0 | K38: 1 | L38: 0 | M38: 33 | N38: 0 | O38: =SUM(C38:L38,N38) -> 15 | P38: =SUM(C38:N38) -> 48
B39: 14.15 - 14.30 | C39: 6 | D39: 0 | E39: 8 | F39: 4 | G39: 1 | H39: 0 | I39: 3 | J39: 1 | K39: 0 | L39: 0 | M39: 18 | N39: 0 | O39: =SUM(C39:L39,N39) -> 23 | P39: =SUM(C39:N39) -> 41
B40: 14.30 - 14.45 | C40: 12 | D40: 0 | E40: 1 | F40: 5 | G40: 0 | H40: 0 | I40: 4 | J40: 0 | K40: 0 | L40: 0 | M40: 36 | N40: 0 | O40: =SUM(C40:L40,N40) -> 22 | P40: =SUM(C40:N40) -> 58
... B57: 18.45 - 19.00 | C57: 7 | D57: 0 | E57: 7 | F57: 6 | G57: 0 | H57: 0 | I57: 7 | J57: 1 | K57: 0 | L57: 0 | M57: 23 | N57: 0 | O57: =SUM(C57:L57,N57) -> 28 | P57: =SUM(C57:N57) -> 51
B58: Totals | C58: =SUM(C10:C57) -> 270 | D58: =SUM(D10:D57) -> 0 | E58: =SUM(E10:E57) -> 175 | F58: =SUM(F10:F57) -> 195 | G58: =SUM(G10:G57) -> 9 | H58: =SUM(H10:H57) -> 4 | I58: =SUM(I10:I57) -> 145 | J58: =SUM(J10:J57) -> 22 | ... P58: =SUM(P10:P57) -> 2121
B59: %ges + MCs | C59: =C58/$P$58 -> 0.12729844 | D59: =D58/$P$58 -> 0 | E59: =E58/$P$58 -> 0.082508251 | F59: =F58/$P$58 -> 0.091937765 | G59: =G58/$P$58 -> 0.0042432815 | H59: =H58/$P$58 -> 0.0018859029 | I59: =I58/$P$58 -> 0.068363979 | J59: =J58/$P$58 -> 0.010372466 | ... N59: =N58/$P$58 -> 0
B60: %ges w/o MCs | C60: =C58/$O$58 -> 0.31952663 | D60: =D58/$O$58 -> 0 | E60: =E58/$O$58 -> 0.20710059 | F60: =F58/$O$58 -> 0.23076923 | G60: =G58/$O$58 -> 0.010650888 | H60: =H58/$O$58 -> 0.0047337278 | I60: =I58/$O$58 -> 0.17159763 | J60: =J58/$O$58 -> 0.026035503 | ... L60: =L58/$O$58 -> 0.01183432 | N60: =N58/$O$58 -> 0

Sheet 20.8 Kayunga-Kangulumira
B1: Consultancy services for Preparation of Expressway Development Master Plan (EDMP) for Uganda
B2: MANUAL CLASSIFIED COUNT (MCC)
B3: ROAD NAME: | C3: ='19.8 Kayunga-Kangulumira'!C3:G3 -> MCC-C3-STN90-KAYUNGA-KANGULUMIRA ROAD
C5: Date | D5: 20.08.19 | F5: Location | G5: ='19.8 Kayunga-Kangulumira'!G5:H5 -> Kayunga | J5: Surveyor | K5: ='19.8 Kayunga-Kangulumira'!K5:L5 -> Comfort
C6: Dir. From | D6: KAYUNGA | F6: Dir. To | G6: KANGULUMIRA | J6: Supervisor | K6: ='19.8 Kayunga-Kangulumira'!K6:L6 -> Bella
B8: Time / Veh Type | R8: SUMMARY TRAFFIC VOLUMES
C9: 1. Car | D9: 2. Station Wagon | E9: 3. Pickups | F9: 4. Minibus, matatu | G9: 5. Medium bus | H9: 6. Large Bus | I9: 7. Light Truck | J9: 8. Medium Truck | K9: 9. Heavy truck | L9: 10. Truck Trailer | M9: 11. Motor cycles | N9: 12. Tractors | O9: Total Excl M/Cycles | P9: Total All | R9: Time | S9: 1. Car | T9: 2. Station Wagon | U9: 3. Pickups | V9: 4. Minibus, matatu | W9: 5. Medium bus | X9: 6. Large Bus | Y9: 7. Light Truck | Z9: 8. Medium Truck | AA9: 9. Heavy truck | AB9: 10. Truck Trailer | AC9: 11. Motorcycles | AD9: 12. Tractors, Graders | AE9: Total Excl M/ Cycles | AF9: Total All
B10: 07.00 - 07.15 | C10: 3 | D10: 0 | E10: 1 | F10: 7 | G10: 0 | H10: 0 | I10: 1 | J10: 0 | K10: 0 | L10: 0 | M10: 24 | N10: 0 | O10: =SUM(C10:L10,N10) -> 12 | P10: =SUM(C10:N10) -> 36 | R10: 0700-0800 | S10: =SUM(C10:C13) -> 14 | T10: =SUM(D10:D13) -> 0 | U10: =SUM(E10:E13) -> 8 | V10: =SUM(F10:F13) -> 32 | W10: =SUM(G10:G13) -> 0 | X10: =SUM(H10:H13) -> 0 | Y10: =SUM(I10:I13) -> 2 | Z10: =SUM(J10:J13) -> 0 | ... AF10: =SUM(P10:P13) -> 199
B11: 07.15 - 07.30 | C11: 1 | D11: 0 | E11: 3 | F11: 8 | G11: 0 | H11: 0 | I11: 0 | J11: 0 | K11: 0 | L11: 0 | M11: 35 | N11: 0 | O11: =SUM(C11:L11,N11) -> 12 | P11: =SUM(C11:N11) -> 47 | R11: 0800-0900 | S11: =SUM(C14:C17) -> 21 | T11: =SUM(D14:D17) -> 0 | U11: =SUM(E14:E17) -> 25 | V11: =SUM(F14:F17) -> 19 | W11: =SUM(G14:G17) -> 0 | X11: =SUM(H14:H17) -> 0 | Y11: =SUM(I14:I17) -> 12 | Z11: =SUM(J14:J17) -> 0 | ... AF11: =SUM(P14:P17) -> 228
B12: 07.30 - 07.45 | C12: 5 | D12: 0 | E12: 1 | F12: 10 | G12: 0 | H12: 0 | I12: 0 | J12: 0 | K12: 0 | L12: 0 | M12: 31 | N12: 0 | O12: =SUM(C12:L12,N12) -> 16 | P12: =SUM(C12:N12) -> 47 | R12: 0900-1000 | S12: =SUM(C18:C21) -> 25 | T12: =SUM(D18:D21) -> 0 | U12: =SUM(E18:E21) -> 15 | V12: =SUM(F18:F21) -> 17 | W12: =SUM(G18:G21) -> 1 | X12: =SUM(H18:H21) -> 0 | Y12: =SUM(I18:I21) -> 4 | Z12: =SUM(J18:J21) -> 0 | ... AF12: =SUM(P18:P21) -> 180
B13: 07.45 - 08.00 | C13: 5 | D13: 0 | E13: 3 | F13: 7 | G13: 0 | H13: 0 | I13: 1 | J13: 0 | K13: 0 | L13: 0 | M13: 53 | N13: 0 | O13: =SUM(C13:L13,N13) -> 16 | P13: =SUM(C13:N13) -> 69 | R13: 1000-1100 | S13: =SUM(C22:C25) -> 17 | T13: =SUM(D22:D25) -> 0 | U13: =SUM(E22:E25) -> 16 | V13: =SUM(F22:F25) -> 15 | W13: =SUM(G22:G25) -> 0 | X13: =SUM(H22:H25) -> 0 | Y13: =SUM(I22:I25) -> 8 | Z13: =SUM(J22:J25) -> 2 | ... AF13: =SUM(P22:P25) -> 159
B14: 08.00 - 08.15 | C14: 9 | D14: 0 | E14: 7 | F14: 3 | G14: 0 | H14: 0 | I14: 5 | J14: 0 | K14: 0 | L14: 0 | M14: 42 | N14: 0 | O14: =SUM(C14:L14,N14) -> 24 | P14: =SUM(C14:N14) -> 66 | R14: 1100-1200 | S14: =SUM(C26:C29) -> 16 | T14: =SUM(D26:D29) -> 0 | U14: =SUM(E26:E29) -> 21 | V14: =SUM(F26:F29) -> 16 | W14: =SUM(G26:G29) -> 1 | X14: =SUM(H26:H29) -> 1 | Y14: =SUM(I26:I29) -> 9 | Z14: =SUM(J26:J29) -> 1 | ... AF14: =SUM(P26:P29) -> 171
B15: 08.15 - 08.30 | C15: 5 | D15: 0 | E15: 5 | F15: 4 | G15: 0 | H15: 0 | I15: 4 | J15: 0 | K15: 0 | L15: 0 | M15: 44 | N15: 0 | O15: =SUM(C15:L15,N15) -> 18 | P15: =SUM(C15:N15) -> 62 | R15: 1200-1300 | S15: =SUM(C30:C33) -> 15 | T15: =SUM(D30:D33) -> 0 | U15: =SUM(E30:E33) -> 17 | V15: =SUM(F30:F33) -> 18 | W15: =SUM(G30:G33) -> 5 | X15: =SUM(H30:H33) -> 0 | Y15: =SUM(I30:I33) -> 13 | Z15: =SUM(J30:J33) -> 0 | ... AF15: =SUM(P30:P33) -> 162
B16: 08.30 - 08.45 | C16: 3 | D16: 0 | E16: 6 | F16: 10 | G16: 0 | H16: 0 | I16: 1 | J16: 0 | K16: 1 | L16: 0 | M16: 29 | N16: 0 | O16: =SUM(C16:L16,N16) -> 21 | P16: =SUM(C16:N16) -> 50 | R16: 1300-1400 | S16: =SUM(C34:C37) -> 23 | T16: =SUM(D34:D37) -> 0 | U16: =SUM(E34:E37) -> 16 | V16: =SUM(F34:F37) -> 14 | W16: =SUM(G34:G37) -> 3 | X16: =SUM(H34:H37) -> 0 | Y16: =SUM(I34:I37) -> 18 | Z16: =SUM(J34:J37) -> 2 | ... AF16: =SUM(P34:P37) -> 187
B17: 08.45 - 9.00 | C17: 4 | D17: 0 | E17: 7 | F17: 2 | G17: 0 | H17: 0 | I17: 2 | J17: 0 | K17: 0 | L17: 0 | M17: 35 | N17: 0 | O17: =SUM(C17:L17,N17) -> 15 | P17: =SUM(C17:N17) -> 50 | R17: 1400-1500 | S17: =SUM(C38:C41) -> 15 | T17: =SUM(D38:D41) -> 0 | U17: =SUM(E38:E41) -> 23 | V17: =SUM(F38:F41) -> 24 | W17: =SUM(G38:G41) -> 1 | X17: =SUM(H38:H41) -> 1 | Y17: =SUM(I38:I41) -> 15 | Z17: =SUM(J38:J41) -> 1 | ... AF17: =SUM(P38:P41) -> 167
B18: 09.00 - 09.15 | C18: 9 | D18: 0 | E18: 4 | F18: 2 | G18: 1 | H18: 0 | I18: 2 | J18: 0 | K18: 0 | L18: 0 | M18: 21 | N18: 0 | O18: =SUM(C18:L18,N18) -> 18 | P18: =SUM(C18:N18) -> 39 | R18: 1500-1600 | S18: =SUM(C42:C45) -> 13 | T18: =SUM(D42:D45) -> 0 | U18: =SUM(E42:E45) -> 20 | V18: =SUM(F42:F45) -> 12 | W18: =SUM(G42:G45) -> 0 | X18: =SUM(H42:H45) -> 0 | Y18: =SUM(I42:I45) -> 14 | Z18: =SUM(J42:J45) -> 3 | ... AF18: =SUM(P42:P45) -> 121
B19: 09.15 - 09.30 | C19: 6 | D19: 0 | E19: 0 | F19: 4 | G19: 0 | H19: 0 | I19: 0 | J19: 0 | K19: 2 | L19: 0 | M19: 27 | N19: 0 | O19: =SUM(C19:L19,N19) -> 12 | P19: =SUM(C19:N19) -> 39 | R19: 1600-1700 | S19: =SUM(C46:C49) -> 19 | T19: =SUM(D46:D49) -> 0 | U19: =SUM(E46:E49) -> 31 | V19: =SUM(F46:F49) -> 20 | W19: =SUM(G46:G49) -> 1 | X19: =SUM(H46:H49) -> 2 | Y19: =SUM(I46:I49) -> 23 | Z19: =SUM(J46:J49) -> 3 | ... AF19: =SUM(P46:P49) -> 233
B20: 09.30 - 09.45 | C20: 5 | D20: 0 | E20: 5 | F20: 8 | G20: 0 | H20: 0 | I20: 0 | J20: 0 | K20: 1 | L20: 0 | M20: 41 | N20: 0 | O20: =SUM(C20:L20,N20) -> 19 | P20: =SUM(C20:N20) -> 60 | R20: 1700-1800 | S20: =SUM(C50:C53) -> 16 | T20: =SUM(D50:D53) -> 0 | U20: =SUM(E50:E53) -> 23 | V20: =SUM(F50:F53) -> 21 | W20: =SUM(G50:G53) -> 2 | X20: =SUM(H50:H53) -> 4 | Y20: =SUM(I50:I53) -> 17 | Z20: =SUM(J50:J53) -> 3 | ... AF20: =SUM(P50:P53) -> 223
B21: 09.45 - 10.00 | C21: 5 | D21: 0 | E21: 6 | F21: 3 | G21: 0 | H21: 0 | I21: 2 | J21: 0 | K21: 0 | L21: 0 | M21: 26 | N21: 0 | O21: =SUM(C21:L21,N21) -> 16 | P21: =SUM(C21:N21) -> 42 | R21: 1800-1900 | S21: =SUM(C54:C57) -> 22 | T21: =SUM(D54:D57) -> 0 | U21: =SUM(E54:E57) -> 25 | V21: =SUM(F54:F57) -> 13 | W21: =SUM(G54:G57) -> 1 | X21: =SUM(H54:H57) -> 2 | Y21: =SUM(I54:I57) -> 17 | Z21: =SUM(J54:J57) -> 2 | ... AF21: =SUM(P54:P57) -> 187
B22: 10.00 - 10.15 | C22: 3 | D22: 0 | E22: 3 | F22: 3 | G22: 0 | H22: 0 | I22: 4 | J22: 1 | K22: 0 | L22: 0 | M22: 22 | N22: 0 | O22: =SUM(C22:L22,N22) -> 14 | P22: =SUM(C22:N22) -> 36 | R22: AM Peak Hr | S22: =MAX(S10:S12) -> 25 | T22: =MAX(T10:T12) -> 0 | U22: =MAX(U10:U12) -> 25 | V22: =MAX(V10:V12) -> 32 | W22: =MAX(W10:W12) -> 1 | X22: =MAX(X10:X12) -> 0 | Y22: =MAX(Y10:Y12) -> 12 | Z22: =MAX(Z10:Z12) -> 0 | ... AF22: =MAX(AF10:AF12) -> 228
B23: 10.15 - 10.30 | C23: 4 | D23: 0 | E23: 3 | F23: 6 | G23: 0 | H23: 0 | I23: 2 | J23: 0 | K23: 1 | L23: 0 | M23: 29 | N23: 0 | O23: =SUM(C23:L23,N23) -> 16 | P23: =SUM(C23:N23) -> 45 | R23: IP Peak Hr | S23: =MAX(S13:S18) -> 23 | T23: =MAX(T13:T18) -> 0 | U23: =MAX(U13:U18) -> 23 | V23: =MAX(V13:V18) -> 24 | W23: =MAX(W13:W18) -> 5 | X23: =MAX(X13:X18) -> 1 | Y23: =MAX(Y13:Y18) -> 18 | Z23: =MAX(Z13:Z18) -> 3 | ... AF23: =MAX(AF13:AF18) -> 187
B24: 10.30 - 10.45 | C24: 8 | D24: 0 | E24: 4 | F24: 4 | G24: 0 | H24: 0 | I24: 2 | J24: 1 | K24: 0 | L24: 1 | M24: 21 | N24: 0 | O24: =SUM(C24:L24,N24) -> 20 | P24: =SUM(C24:N24) -> 41 | R24: PM Peak Hr | S24: =MAX(S19:S21) -> 22 | T24: =MAX(T19:T21) -> 0 | U24: =MAX(U19:U21) -> 31 | V24: =MAX(V19:V21) -> 21 | W24: =MAX(W19:W21) -> 2 | X24: =MAX(X19:X21) -> 4 | Y24: =MAX(Y19:Y21) -> 23 | Z24: =MAX(Z19:Z21) -> 3 | ... AF24: =MAX(AF19:AF21) -> 233
B25: 10.45 - 11.00 | C25: 2 | D25: 0 | E25: 6 | F25: 2 | G25: 0 | H25: 0 | I25: 0 | J25: 0 | K25: 0 | L25: 1 | M25: 26 | N25: 0 | O25: =SUM(C25:L25,N25) -> 11 | P25: =SUM(C25:N25) -> 37 | R25: AM Period | S25: =SUM(S10:S12) -> 60 | T25: =SUM(T10:T12) -> 0 | U25: =SUM(U10:U12) -> 48 | V25: =SUM(V10:V12) -> 68 | W25: =SUM(W10:W12) -> 1 | X25: =SUM(X10:X12) -> 0 | Y25: =SUM(Y10:Y12) -> 18 | Z25: =SUM(Z10:Z12) -> 0 | ... AF25: =SUM(AF10:AF12) -> 607
B26: 11.00 - 11.15 | C26: 3 | D26: 0 | E26: 3 | F26: 4 | G26: 0 | H26: 0 | I26: 1 | J26: 0 | K26: 0 | L26: 1 | M26: 24 | N26: 0 | O26: =SUM(C26:L26,N26) -> 12 | P26: =SUM(C26:N26) -> 36 | R26: IP Period | S26: =SUM(S13:S18) -> 99 | T26: =SUM(T13:T18) -> 0 | U26: =SUM(U13:U18) -> 113 | V26: =SUM(V13:V18) -> 99 | W26: =SUM(W13:W18) -> 10 | X26: =SUM(X13:X18) -> 2 | Y26: =SUM(Y13:Y18) -> 77 | Z26: =SUM(Z13:Z18) -> 9 | ... AF26: =SUM(AF13:AF18) -> 967
B27: 11.15 - 11.30 | C27: 4 | D27: 0 | E27: 6 | F27: 4 | G27: 0 | H27: 1 | I27: 2 | J27: 0 | K27: 1 | L27: 0 | M27: 28 | N27: 0 | O27: =SUM(C27:L27,N27) -> 18 | P27: =SUM(C27:N27) -> 46 | R27: PM Period | S27: =SUM(S19:S21) -> 57 | T27: =SUM(T19:T21) -> 0 | U27: =SUM(U19:U21) -> 79 | V27: =SUM(V19:V21) -> 54 | W27: =SUM(W19:W21) -> 4 | X27: =SUM(X19:X21) -> 8 | Y27: =SUM(Y19:Y21) -> 57 | Z27: =SUM(Z19:Z21) -> 8 | ... AF27: =SUM(AF19:AF21) -> 643
B28: 11.30 - 11.45 | C28: 4 | D28: 0 | E28: 8 | F28: 2 | G28: 1 | H28: 0 | I28: 3 | J28: 0 | K28: 1 | L28: 0 | M28: 25 | N28: 0 | O28: =SUM(C28:L28,N28) -> 19 | P28: =SUM(C28:N28) -> 44 | R28: 12 Hours | S28: =SUM(S10:S21) -> 216 | T28: =SUM(T10:T21) -> 0 | U28: =SUM(U10:U21) -> 240 | V28: =SUM(V10:V21) -> 221 | W28: =SUM(W10:W21) -> 15 | X28: =SUM(X10:X21) -> 10 | Y28: =SUM(Y10:Y21) -> 152 | Z28: =SUM(Z10:Z21) -> 17 | ... AF28: =SUM(AF10:AF21) -> 2217
B29: 11.45 - 12.00 | C29: 5 | D29: 0 | E29: 4 | F29: 6 | G29: 0 | H29: 0 | I29: 3 | J29: 1 | K29: 0 | L29: 0 | M29: 26 | N29: 0 | O29: =SUM(C29:L29,N29) -> 19 | P29: =SUM(C29:N29) -> 45
B30: 12.00 - 12.15 | C30: 4 | D30: 0 | E30: 4 | F30: 7 | G30: 2 | H30: 0 | I30: 2 | J30: 0 | K30: 0 | L30: 0 | M30: 25 | N30: 0 | O30: =SUM(C30:L30,N30) -> 19 | P30: =SUM(C30:N30) -> 44
B31: 12.15 - 12.30 | C31: 6 | D31: 0 | E31: 5 | F31: 3 | G31: 0 | H31: 0 | I31: 6 | J31: 0 | K31: 1 | L31: 0 | M31: 19 | N31: 0 | O31: =SUM(C31:L31,N31) -> 21 | P31: =SUM(C31:N31) -> 40
B32: 12.30 - 12.45 | C32: 3 | D32: 0 | E32: 3 | F32: 5 | G32: 1 | H32: 0 | I32: 3 | J32: 0 | K32: 0 | L32: 0 | M32: 22 | N32: 0 | O32: =SUM(C32:L32,N32) -> 15 | P32: =SUM(C32:N32) -> 37
B33: 12.45 - 13.00 | C33: 2 | D33: 0 | E33: 5 | F33: 3 | G33: 2 | H33: 0 | I33: 2 | J33: 0 | K33: 0 | L33: 0 | M33: 27 | N33: 0 | O33: =SUM(C33:L33,N33) -> 14 | P33: =SUM(C33:N33) -> 41
B34: 13.00 - 13.15 | C34: 5 | D34: 0 | E34: 3 | F34: 3 | G34: 2 | H34: 0 | I34: 2 | J34: 0 | K34: 2 | L34: 2 | M34: 37 | N34: 0 | O34: =SUM(C34:L34,N34) -> 19 | P34: =SUM(C34:N34) -> 56
B35: 13.15 - 13.30 | C35: 2 | D35: 0 | E35: 5 | F35: 3 | G35: 0 | H35: 0 | I35: 5 | J35: 0 | K35: 1 | L35: 0 | M35: 23 | N35: 0 | O35: =SUM(C35:L35,N35) -> 16 | P35: =SUM(C35:N35) -> 39
B36: 13.30 - 13.45 | C36: 9 | D36: 0 | E36: 5 | F36: 3 | G36: 0 | H36: 0 | I36: 5 | J36: 1 | K36: 0 | L36: 0 | M36: 27 | N36: 0 | O36: =SUM(C36:L36,N36) -> 23 | P36: =SUM(C36:N36) -> 50
B37: 13.45 - 14.00 | C37: 7 | D37: 0 | E37: 3 | F37: 5 | G37: 1 | H37: 0 | I37: 6 | J37: 1 | K37: 0 | L37: 0 | M37: 19 | N37: 0 | O37: =SUM(C37:L37,N37) -> 23 | P37: =SUM(C37:N37) -> 42
B38: 14.00 - 14.15 | C38: 3 | D38: 0 | E38: 6 | F38: 3 | G38: 0 | H38: 1 | I38: 4 | J38: 1 | K38: 0 | L38: 0 | M38: 29 | N38: 0 | O38: =SUM(C38:L38,N38) -> 18 | P38: =SUM(C38:N38) -> 47
B39: 14.15 - 14.30 | C39: 3 | D39: 0 | E39: 5 | F39: 7 | G39: 0 | H39: 0 | I39: 4 | J39: 0 | K39: 0 | L39: 0 | M39: 22 | N39: 0 | O39: =SUM(C39:L39,N39) -> 19 | P39: =SUM(C39:N39) -> 41
B40: 14.30 - 14.45 | C40: 5 | D40: 0 | E40: 4 | F40: 7 | G40: 0 | H40: 0 | I40: 3 | J40: 0 | K40: 2 | L40: 1 | M40: 11 | N40: 0 | O40: =SUM(C40:L40,N40) -> 22 | P40: =SUM(C40:N40) -> 33
... B105: 06.45 - 07.00 | C105: 1 | D105: 0 | E105: 1 | F105: 1 | G105: 0 | H105: 0 | I105: 1 | J105: 2 | K105: 1 | L105: 0 | M105: 1 | N105: 0 | O105: =SUM(C105:L105,N105) -> 7 | P105: =SUM(C105:N105) -> 8
B106: Totals | C106: =SUM(C10:C105) -> 269 | D106: =SUM(D10:D105) -> 0 | E106: =SUM(E10:E105) -> 328 | F106: =SUM(F10:F105) -> 280 | G106: =SUM(G10:G105) -> 25 | H106: =SUM(H10:H105) -> 30 | I106: =SUM(I10:I105) -> 207 | J106: =SUM(J10:J105) -> 53 | ... P106: =SUM(P10:P105) -> 2788
B107: %ges + MCs | C107: =C106/$P$106 -> 0.096484935 | D107: =D106/$P$106 -> 0 | E107: =E106/$P$106 -> 0.11764706 | F107: =F106/$P$106 -> 0.10043042 | G107: =G106/$P$106 -> 0.0089670014 | H107: =H106/$P$106 -> 0.010760402 | I107: =I106/$P$106 -> 0.074246772 | J107: =J106/$P$106 -> 0.019010043 | ... N107: =N106/$P$106 -> 0
B108: %ges w/o MCs | C108: =C106/$O$106 -> 0.21164437 | D108: =D106/$O$106 -> 0 | E108: =E106/$O$106 -> 0.25806452 | F108: =F106/$O$106 -> 0.22029898 | G108: =G106/$O$106 -> 0.019669552 | H108: =H106/$O$106 -> 0.023603462 | I108: =I106/$O$106 -> 0.16286389 | J108: =J106/$O$106 -> 0.041699449 | ... L108: =L106/$O$106 -> 0.02281668 | N108: =N106/$O$106 -> 0

Sheet 20.8 Kangulumira-Kayunga
B1: Consultancy services for Preparation of Expressway Development Master Plan (EDMP) for Uganda
B2: MANUAL CLASSIFIED COUNT (MCC)
B3: ROAD NAME: | C3: ='20.8 Kayunga-Kangulumira'!C3:G3 -> MCC-C3-STN90-KAYUNGA-KANGULUMIRA ROAD
C5: Date | D5: ='20.8 Kayunga-Kangulumira'!D5 -> 20.08.19 | F5: Location | J5: Surveyor
C6: Dir. From | D6: KANGULUMIRA | F6: Dir. To | G6: KAYUNGA | J6: Supervisor
B8: Time / Veh Type | R8: SUMMARY TRAFFIC VOLUMES
C9: 1. Car | D9: 2. Station Wagon | E9: 3. Pickups | F9: 4. Minibus, matatu | G9: 5. Medium bus | H9: 6. Large Bus | I9: 7. Light Truck | J9: 8. Medium Truck | K9: 9. Heavy truck | L9: 10. Truck Trailer | M9: 11. Motor cycles | N9: 12. Tractors | O9: Total Excl M/Cycles | P9: Total All | R9: Time | S9: 1. Car | T9: 2. Station Wagon | U9: 3. Pickups | V9: 4. Minibus, matatu | W9: 5. Medium bus | X9: 6. Large Bus | Y9: 7. Light Truck | Z9: 8. Medium Truck | AA9: 9. Heavy truck | AB9: 10. Truck Trailer | AC9: 11. Motorcycles | AD9: 12. Tractors, Graders | AE9: Total Excl M/ Cycles | AF9: Total All
B10: 07.00 - 07.15 | C10: 4 | D10: 0 | E10: 1 | F10: 8 | G10: 0 | H10: 0 | I10: 2 | J10: 0 | K10: 1 | L10: 0 | M10: 10 | N10: 0 | O10: =SUM(C10:L10,N10) -> 16 | P10: =SUM(C10:N10) -> 26 | R10: 0700-0800 | S10: =SUM(C10:C13) -> 11 | T10: =SUM(D10:D13) -> 0 | U10: =SUM(E10:E13) -> 11 | V10: =SUM(F10:F13) -> 22 | W10: =SUM(G10:G13) -> 0 | X10: =SUM(H10:H13) -> 0 | Y10: =SUM(I10:I13) -> 7 | Z10: =SUM(J10:J13) -> 0 | ... AF10: =SUM(P10:P13) -> 133
B11: 07.15 - 07.30 | C11: 3 | D11: 0 | E11: 5 | F11: 3 | G11: 0 | H11: 0 | I11: 1 | J11: 0 | K11: 0 | L11: 0 | M11: 19 | N11: 1 | O11: =SUM(C11:L11,N11) -> 13 | P11: =SUM(C11:N11) -> 32 | R11: 0800-0900 | S11: =SUM(C14:C17) -> 17 | T11: =SUM(D14:D17) -> 0 | U11: =SUM(E14:E17) -> 8 | V11: =SUM(F14:F17) -> 15 | W11: =SUM(G14:G17) -> 0 | X11: =SUM(H14:H17) -> 0 | Y11: =SUM(I14:I17) -> 9 | Z11: =SUM(J14:J17) -> 2 | ... AF11: =SUM(P14:P17) -> 147
B12: 07.30 - 07.45 | C12: 3 | D12: 0 | E12: 4 | F12: 9 | G12: 0 | H12: 0 | I12: 3 | J12: 0 | K12: 3 | L12: 0 | M12: 19 | N12: 0 | O12: =SUM(C12:L12,N12) -> 22 | P12: =SUM(C12:N12) -> 41 | R12: 0900-1000 | S12: =SUM(C18:C21) -> 14 | T12: =SUM(D18:D21) -> 0 | U12: =SUM(E18:E21) -> 17 | V12: =SUM(F18:F21) -> 15 | W12: =SUM(G18:G21) -> 0 | X12: =SUM(H18:H21) -> 1 | Y12: =SUM(I18:I21) -> 7 | Z12: =SUM(J18:J21) -> 1 | ... AF12: =SUM(P18:P21) -> 143
B13: 07.45 - 08.00 | C13: 1 | D13: 0 | E13: 1 | F13: 2 | G13: 0 | H13: 0 | I13: 1 | J13: 0 | K13: 0 | L13: 3 | M13: 26 | N13: 0 | O13: =SUM(C13:L13,N13) -> 8 | P13: =SUM(C13:N13) -> 34 | R13: 1000-1100 | S13: =SUM(C22:C25) -> 14 | T13: =SUM(D22:D25) -> 0 | U13: =SUM(E22:E25) -> 19 | V13: =SUM(F22:F25) -> 15 | W13: =SUM(G22:G25) -> 0 | X13: =SUM(H22:H25) -> 0 | Y13: =SUM(I22:I25) -> 10 | Z13: =SUM(J22:J25) -> 1 | ... AF13: =SUM(P22:P25) -> 155
B14: 08.00 - 08.15 | C14: 3 | D14: 0 | E14: 1 | F14: 2 | G14: 0 | H14: 0 | I14: 2 | J14: 0 | K14: 0 | L14: 0 | M14: 27 | N14: 0 | O14: =SUM(C14:L14,N14) -> 8 | P14: =SUM(C14:N14) -> 35 | R14: 1100-1200 | S14: =SUM(C26:C29) -> 16 | T14: =SUM(D26:D29) -> 0 | U14: =SUM(E26:E29) -> 13 | V14: =SUM(F26:F29) -> 13 | W14: =SUM(G26:G29) -> 1 | X14: =SUM(H26:H29) -> 0 | Y14: =SUM(I26:I29) -> 15 | Z14: =SUM(J26:J29) -> 3 | ... AF14: =SUM(P26:P29) -> 178
B15: 08.15 - 08.30 | C15: 5 | D15: 0 | E15: 2 | F15: 1 | G15: 0 | H15: 0 | I15: 2 | J15: 0 | K15: 1 | L15: 0 | M15: 27 | N15: 0 | O15: =SUM(C15:L15,N15) -> 11 | P15: =SUM(C15:N15) -> 38 | R15: 1200-1300 | S15: =SUM(C30:C33) -> 11 | T15: =SUM(D30:D33) -> 0 | U15: =SUM(E30:E33) -> 6 | V15: =SUM(F30:F33) -> 19 | W15: =SUM(G30:G33) -> 2 | X15: =SUM(H30:H33) -> 0 | Y15: =SUM(I30:I33) -> 16 | Z15: =SUM(J30:J33) -> 1 | ... AF15: =SUM(P30:P33) -> 162
B16: 08.30 - 08.45 | C16: 5 | D16: 0 | E16: 2 | F16: 6 | G16: 0 | H16: 0 | I16: 3 | J16: 2 | K16: 0 | L16: 0 | M16: 19 | N16: 0 | O16: =SUM(C16:L16,N16) -> 18 | P16: =SUM(C16:N16) -> 37 | R16: 1300-1400 | S16: =SUM(C34:C37) -> 19 | T16: =SUM(D34:D37) -> 0 | U16: =SUM(E34:E37) -> 21 | V16: =SUM(F34:F37) -> 14 | W16: =SUM(G34:G37) -> 1 | X16: =SUM(H34:H37) -> 0 | Y16: =SUM(I34:I37) -> 19 | Z16: =SUM(J34:J37) -> 2 | ... AF16: =SUM(P34:P37) -> 178
B17: 08.45 - 9.00 | C17: 4 | D17: 0 | E17: 3 | F17: 6 | G17: 0 | H17: 0 | I17: 2 | J17: 0 | K17: 0 | L17: 0 | M17: 22 | N17: 0 | O17: =SUM(C17:L17,N17) -> 15 | P17: =SUM(C17:N17) -> 37 | R17: 1400-1500 | S17: =SUM(C38:C41) -> 20 | T17: =SUM(D38:D41) -> 0 | U17: =SUM(E38:E41) -> 20 | V17: =SUM(F38:F41) -> 19 | W17: =SUM(G38:G41) -> 0 | X17: =SUM(H38:H41) -> 2 | Y17: =SUM(I38:I41) -> 18 | Z17: =SUM(J38:J41) -> 1 | ... AF17: =SUM(P38:P41) -> 187
B18: 09.00 - 09.15 | C18: 4 | D18: 0 | E18: 3 | F18: 4 | G18: 0 | H18: 0 | I18: 3 | J18: 0 | K18: 0 | L18: 1 | M18: 19 | N18: 0 | O18: =SUM(C18:L18,N18) -> 15 | P18: =SUM(C18:N18) -> 34 | R18: 1500-1600 | S18: =SUM(C42:C45) -> 29 | T18: =SUM(D42:D45) -> 0 | U18: =SUM(E42:E45) -> 37 | V18: =SUM(F42:F45) -> 17 | W18: =SUM(G42:G45) -> 1 | X18: =SUM(H42:H45) -> 0 | Y18: =SUM(I42:I45) -> 11 | Z18: =SUM(J42:J45) -> 1 | ... AF18: =SUM(P42:P45) -> 180
B19: 09.15 - 09.30 | C19: 2 | D19: 0 | E19: 8 | F19: 4 | G19: 0 | H19: 1 | I19: 2 | J19: 1 | K19: 0 | L19: 1 | M19: 22 | N19: 0 | O19: =SUM(C19:L19,N19) -> 19 | P19: =SUM(C19:N19) -> 41 | R19: 1600-1700 | S19: =SUM(C46:C49) -> 25 | T19: =SUM(D46:D49) -> 0 | U19: =SUM(E46:E49) -> 35 | V19: =SUM(F46:F49) -> 15 | W19: =SUM(G46:G49) -> 0 | X19: =SUM(H46:H49) -> 0 | Y19: =SUM(I46:I49) -> 18 | Z19: =SUM(J46:J49) -> 2 | ... AF19: =SUM(P46:P49) -> 204
B20: 09.30 - 09.45 | C20: 5 | D20: 0 | E20: 2 | F20: 2 | G20: 0 | H20: 0 | I20: 0 | J20: 0 | K20: 1 | L20: 0 | M20: 22 | N20: 0 | O20: =SUM(C20:L20,N20) -> 10 | P20: =SUM(C20:N20) -> 32 | R20: 1700-1800 | S20: =SUM(C50:C53) -> 21 | T20: =SUM(D50:D53) -> 0 | U20: =SUM(E50:E53) -> 33 | V20: =SUM(F50:F53) -> 18 | W20: =SUM(G50:G53) -> 6 | X20: =SUM(H50:H53) -> 1 | Y20: =SUM(I50:I53) -> 10 | Z20: =SUM(J50:J53) -> 4 | ... AF20: =SUM(P50:P53) -> 205
B21: 09.45 - 10.00 | C21: 3 | D21: 0 | E21: 4 | F21: 5 | G21: 0 | H21: 0 | I21: 2 | J21: 0 | K21: 0 | L21: 0 | M21: 22 | N21: 0 | O21: =SUM(C21:L21,N21) -> 14 | P21: =SUM(C21:N21) -> 36 | R21: 1800-1900 | S21: =SUM(C54:C57) -> 27 | T21: =SUM(D54:D57) -> 0 | U21: =SUM(E54:E57) -> 30 | V21: =SUM(F54:F57) -> 25 | W21: =SUM(G54:G57) -> 1 | X21: =SUM(H54:H57) -> 0 | Y21: =SUM(I54:I57) -> 13 | Z21: =SUM(J54:J57) -> 0 | ... AF21: =SUM(P54:P57) -> 203
B22: 10.00 - 10.15 | C22: 2 | D22: 0 | E22: 2 | F22: 4 | G22: 0 | H22: 0 | I22: 1 | J22: 0 | K22: 2 | L22: 0 | M22: 21 | N22: 0 | O22: =SUM(C22:L22,N22) -> 11 | P22: =SUM(C22:N22) -> 32 | R22: 1900-2000 | S22: =SUM(C58:C61) -> 9 | T22: =SUM(D58:D61) -> 0 | U22: =SUM(E58:E61) -> 16 | V22: =SUM(F58:F61) -> 10 | W22: =SUM(G58:G61) -> 1 | X22: =SUM(H58:H61) -> 2 | Y22: =SUM(I58:I61) -> 12 | Z22: =SUM(J58:J61) -> 3 | ... AF22: =SUM(P58:P61) -> 138
B23: 10.15 - 10.30 | C23: 5 | D23: 0 | E23: 4 | F23: 2 | G23: 0 | H23: 0 | I23: 1 | J23: 1 | K23: 1 | L23: 0 | M23: 23 | N23: 0 | O23: =SUM(C23:L23,N23) -> 14 | P23: =SUM(C23:N23) -> 37 | R23: 2000-2100 | S23: =SUM(C62:C65) -> 12 | T23: =SUM(D62:D65) -> 0 | U23: =SUM(E62:E65) -> 13 | V23: =SUM(F62:F65) -> 12 | W23: =SUM(G62:G65) -> 1 | X23: =SUM(H62:H65) -> 1 | Y23: =SUM(I62:I65) -> 10 | Z23: =SUM(J62:J65) -> 4 | ... AF23: =SUM(P62:P65) -> 118
B24: 10.30 - 10.45 | C24: 4 | D24: 0 | E24: 6 | F24: 5 | G24: 0 | H24: 0 | I24: 4 | J24: 0 | K24: 0 | L24: 0 | M24: 18 | N24: 0 | O24: =SUM(C24:L24,N24) -> 19 | P24: =SUM(C24:N24) -> 37 | R24: 2100-2200 | S24: =SUM(C66:C69) -> 9 | T24: =SUM(D66:D69) -> 0 | U24: =SUM(E66:E69) -> 13 | V24: =SUM(F66:F69) -> 9 | W24: =SUM(G66:G69) -> 1 | X24: =SUM(H66:H69) -> 3 | Y24: =SUM(I66:I69) -> 11 | Z24: =SUM(J66:J69) -> 2 | ... AF24: =SUM(P66:P69) -> 99
B25: 10.45 - 11.00 | C25: 3 | D25: 0 | E25: 7 | F25: 4 | G25: 0 | H25: 0 | I25: 4 | J25: 0 | K25: 1 | L25: 3 | M25: 27 | N25: 0 | O25: =SUM(C25:L25,N25) -> 22 | P25: =SUM(C25:N25) -> 49 | R25: 2200-2300 | S25: =SUM(C70:C73) -> 9 | T25: =SUM(D70:D73) -> 0 | U25: =SUM(E70:E73) -> 9 | V25: =SUM(F70:F73) -> 6 | W25: =SUM(G70:G73) -> 0 | X25: =SUM(H70:H73) -> 0 | Y25: =SUM(I70:I73) -> 6 | Z25: =SUM(J70:J73) -> 3 | ... AF25: =SUM(P70:P73) -> 49
B26: 11.00 - 11.15 | C26: 3 | D26: 0 | E26: 3 | F26: 5 | G26: 0 | H26: 0 | I26: 5 | J26: 0 | K26: 0 | L26: 0 | M26: 30 | N26: 0 | O26: =SUM(C26:L26,N26) -> 16 | P26: =SUM(C26:N26) -> 46 | R26: 2300-0000 | S26: =SUM(C74:C77) -> 2 | T26: =SUM(D74:D77) -> 0 | U26: =SUM(E74:E77) -> 9 | V26: =SUM(F74:F77) -> 6 | W26: =SUM(G74:G77) -> 1 | X26: =SUM(H74:H77) -> 2 | Y26: =SUM(I74:I77) -> 5 | Z26: =SUM(J74:J77) -> 3 | ... AF26: =SUM(P74:P77) -> 43
B27: 11.15 - 11.30 | C27: 2 | D27: 0 | E27: 3 | F27: 3 | G27: 0 | H27: 0 | I27: 3 | J27: 0 | K27: 3 | L27: 0 | M27: 23 | N27: 0 | O27: =SUM(C27:L27,N27) -> 14 | P27: =SUM(C27:N27) -> 37 | R27: 0000-0100 | S27: =SUM(C78:C81) -> 4 | T27: =SUM(D78:D81) -> 0 | U27: =SUM(E78:E81) -> 7 | V27: =SUM(F78:F81) -> 7 | W27: =SUM(G78:G81) -> 1 | X27: =SUM(H78:H81) -> 2 | Y27: =SUM(I78:I81) -> 6 | Z27: =SUM(J78:J81) -> 3 | ... AF27: =SUM(P78:P81) -> 35
B28: 11.30 - 11.45 | C28: 4 | D28: 0 | E28: 5 | F28: 4 | G28: 0 | H28: 0 | I28: 4 | J28: 2 | K28: 0 | L28: 0 | M28: 31 | N28: 0 | O28: =SUM(C28:L28,N28) -> 19 | P28: =SUM(C28:N28) -> 50 | R28: 0100-0200 | S28: =SUM(C82:C85) -> 4 | T28: =SUM(D82:D85) -> 0 | U28: =SUM(E82:E85) -> 6 | V28: =SUM(F82:F85) -> 5 | W28: =SUM(G82:G85) -> 1 | X28: =SUM(H82:H85) -> 2 | Y28: =SUM(I82:I85) -> 2 | Z28: =SUM(J82:J85) -> 2 | ... AF28: =SUM(P82:P85) -> 24
B29: 11.45 - 12.00 | C29: 7 | D29: 0 | E29: 2 | F29: 1 | G29: 1 | H29: 0 | I29: 3 | J29: 1 | K29: 0 | L29: 0 | M29: 30 | N29: 0 | O29: =SUM(C29:L29,N29) -> 15 | P29: =SUM(C29:N29) -> 45 | R29: 0200-0300 | S29: =SUM(C86:C89) -> 1 | T29: =SUM(D86:D89) -> 0 | U29: =SUM(E86:E89) -> 2 | V29: =SUM(F86:F89) -> 2 | W29: =SUM(G86:G89) -> 1 | X29: =SUM(H86:H89) -> 2 | Y29: =SUM(I86:I89) -> 0 | Z29: =SUM(J86:J89) -> 3 | ... AF29: =SUM(P86:P89) -> 15
B30: 12.00 - 12.15 | C30: 3 | D30: 0 | E30: 2 | F30: 7 | G30: 0 | H30: 0 | I30: 3 | J30: 1 | K30: 0 | L30: 0 | M30: 35 | N30: 0 | O30: =SUM(C30:L30,N30) -> 16 | P30: =SUM(C30:N30) -> 51 | R30: 0300-0400 | S30: =SUM(C90:C93) -> 0 | T30: =SUM(D90:D93) -> 0 | U30: =SUM(E90:E93) -> 1 | V30: =SUM(F90:F93) -> 0 | W30: =SUM(G90:G93) -> 1 | X30: =SUM(H90:H93) -> 1 | Y30: =SUM(I90:I93) -> 0 | Z30: =SUM(J90:J93) -> 4 | ... AF30: =SUM(P90:P93) -> 11
B31: 12.15 - 12.30 | C31: 2 | D31: 0 | E31: 1 | F31: 5 | G31: 1 | H31: 0 | I31: 1 | J31: 0 | K31: 0 | L31: 1 | M31: 26 | N31: 0 | O31: =SUM(C31:L31,N31) -> 11 | P31: =SUM(C31:N31) -> 37 | R31: 0400-0500 | S31: =SUM(C94:C97) -> 0 | T31: =SUM(D94:D97) -> 0 | U31: =SUM(E94:E97) -> 4 | V31: =SUM(F94:F97) -> 0 | W31: =SUM(G94:G97) -> 1 | X31: =SUM(H94:H97) -> 3 | Y31: =SUM(I94:I97) -> 0 | Z31: =SUM(J94:J97) -> 2 | ... AF31: =SUM(P94:P97) -> 14
B32: 12.30 - 12.45 | C32: 1 | D32: 0 | E32: 2 | F32: 3 | G32: 0 | H32: 0 | I32: 7 | J32: 0 | K32: 1 | L32: 0 | M32: 27 | N32: 0 | O32: =SUM(C32:L32,N32) -> 14 | P32: =SUM(C32:N32) -> 41 | R32: 0500-0600 | S32: =SUM(C98:C101) -> 2 | T32: =SUM(D98:D101) -> 0 | U32: =SUM(E98:E101) -> 4 | V32: =SUM(F98:F101) -> 0 | W32: =SUM(G98:G101) -> 0 | X32: =SUM(H98:H101) -> 0 | Y32: =SUM(I98:I101) -> 0 | Z32: =SUM(J98:J101) -> 3 | ... AF32: =SUM(P98:P101) -> 10
B33: 12.45 - 13.00 | C33: 5 | D33: 0 | E33: 1 | F33: 4 | G33: 1 | H33: 0 | I33: 5 | J33: 0 | K33: 1 | L33: 0 | M33: 16 | N33: 0 | O33: =SUM(C33:L33,N33) -> 17 | P33: =SUM(C33:N33) -> 33 | R33: 0600-0700 | S33: =SUM(C102:C105) -> 2 | T33: =SUM(D102:D105) -> 0 | U33: =SUM(E102:E105) -> 5 | V33: =SUM(F102:F105) -> 2 | W33: =SUM(G102:G105) -> 1 | X33: =SUM(H102:H105) -> 2 | Y33: =SUM(I102:I105) -> 3 | Z33: =SUM(J102:J105) -> 4 | ... AF33: =SUM(P102:P105) -> 27
B34: 13.00 - 13.15 | C34: 4 | D34: 0 | E34: 5 | F34: 5 | G34: 0 | H34: 0 | I34: 2 | J34: 1 | K34: 1 | L34: 0 | M34: 20 | N34: 0 | O34: =SUM(C34:L34,N34) -> 18 | P34: =SUM(C34:N34) -> 38 | R34: AM Peak Hr | S34: =MAX(S10:S12) -> 17 | T34: =MAX(T10:T12) -> 0 | U34: =MAX(U10:U12) -> 17 | V34: =MAX(V10:V12) -> 22 | W34: =MAX(W10:W12) -> 0 | X34: =MAX(X10:X12) -> 1 | Y34: =MAX(Y10:Y12) -> 9 | Z34: =MAX(Z10:Z12) -> 2 | ... AF34: =MAX(AF10:AF12) -> 147
B35: 13.15 - 13.30 | C35: 6 | D35: 0 | E35: 7 | F35: 4 | G35: 0 | H35: 0 | I35: 6 | J35: 1 | K35: 1 | L35: 0 | M35: 30 | N35: 0 | O35: =SUM(C35:L35,N35) -> 25 | P35: =SUM(C35:N35) -> 55 | R35: IP Peak Hr | S35: =MAX(S13:S18) -> 29 | T35: =MAX(T13:T18) -> 0 | U35: =MAX(U13:U18) -> 37 | V35: =MAX(V13:V18) -> 19 | W35: =MAX(W13:W18) -> 2 | X35: =MAX(X13:X18) -> 2 | Y35: =MAX(Y13:Y18) -> 19 | Z35: =MAX(Z13:Z18) -> 3 | ... AF35: =MAX(AF13:AF18) -> 187
B36: 13.30 - 13.45 | C36: 4 | D36: 0 | E36: 3 | F36: 3 | G36: 1 | H36: 0 | I36: 4 | J36: 0 | K36: 0 | L36: 0 | M36: 23 | N36: 0 | O36: =SUM(C36:L36,N36) -> 15 | P36: =SUM(C36:N36) -> 38 | R36: PM Peak Hr | S36: =MAX(S19:S21) -> 27 | T36: =MAX(T19:T21) -> 0 | U36: =MAX(U19:U21) -> 35 | V36: =MAX(V19:V21) -> 25 | W36: =MAX(W19:W21) -> 6 | X36: =MAX(X19:X21) -> 1 | Y36: =MAX(Y19:Y21) -> 18 | Z36: =MAX(Z19:Z21) -> 4 | ... AF36: =MAX(AF19:AF21) -> 205
B37: 13.45 - 14.00 | C37: 5 | D37: 0 | E37: 6 | F37: 2 | G37: 0 | H37: 0 | I37: 7 | J37: 0 | K37: 0 | L37: 1 | M37: 26 | N37: 0 | O37: =SUM(C37:L37,N37) -> 21 | P37: =SUM(C37:N37) -> 47 | R37: AM Period | S37: =SUM(S10:S12) -> 42 | T37: =SUM(T10:T12) -> 0 | U37: =SUM(U10:U12) -> 36 | V37: =SUM(V10:V12) -> 52 | W37: =SUM(W10:W12) -> 0 | X37: =SUM(X10:X12) -> 1 | Y37: =SUM(Y10:Y12) -> 23 | Z37: =SUM(Z10:Z12) -> 3 | ... AF37: =SUM(AF10:AF12) -> 423
B38: 14.00 - 14.15 | C38: 5 | D38: 0 | E38: 2 | F38: 5 | G38: 0 | H38: 1 | I38: 2 | J38: 0 | K38: 0 | L38: 0 | M38: 14 | N38: 0 | O38: =SUM(C38:L38,N38) -> 15 | P38: =SUM(C38:N38) -> 29 | R38: IP Period | S38: =SUM(S13:S18) -> 109 | T38: =SUM(T13:T18) -> 0 | U38: =SUM(U13:U18) -> 116 | V38: =SUM(V13:V18) -> 97 | W38: =SUM(W13:W18) -> 5 | X38: =SUM(X13:X18) -> 2 | Y38: =SUM(Y13:Y18) -> 89 | Z38: =SUM(Z13:Z18) -> 9 | ... AF38: =SUM(AF13:AF18) -> 1040
B39: 14.15 - 14.30 | C39: 4 | D39: 0 | E39: 3 | F39: 4 | G39: 0 | H39: 0 | I39: 3 | J39: 0 | K39: 0 | L39: 0 | M39: 31 | N39: 0 | O39: =SUM(C39:L39,N39) -> 14 | P39: =SUM(C39:N39) -> 45 | R39: PM Period | S39: =SUM(S19:S21) -> 73 | T39: =SUM(T19:T21) -> 0 | U39: =SUM(U19:U21) -> 98 | V39: =SUM(V19:V21) -> 58 | W39: =SUM(W19:W21) -> 7 | X39: =SUM(X19:X21) -> 1 | Y39: =SUM(Y19:Y21) -> 41 | Z39: =SUM(Z19:Z21) -> 6 | ... AF39: =SUM(AF19:AF21) -> 612
B40: 14.30 - 14.45 | C40: 8 | D40: 0 | E40: 3 | F40: 6 | G40: 0 | H40: 1 | I40: 5 | J40: 0 | K40: 0 | L40: 1 | M40: 33 | N40: 0 | O40: =SUM(C40:L40,N40) -> 24 | P40: =SUM(C40:N40) -> 57 | R40: 12 Hours | S40: =SUM(S10:S21) -> 224 | T40: =SUM(T10:T21) -> 0 | U40: =SUM(U10:U21) -> 250 | V40: =SUM(V10:V21) -> 207 | W40: =SUM(W10:W21) -> 12 | X40: =SUM(X10:X21) -> 4 | Y40: =SUM(Y10:Y21) -> 153 | Z40: =SUM(Z10:Z21) -> 18 | ... AF40: =SUM(AF10:AF21) -> 2075
B41: 14.45 - 15.00 | C41: 3 | D41: 0 | E41: 12 | F41: 4 | G41: 0 | H41: 0 | I41: 8 | J41: 1 | K41: 1 | L41: 0 | M41: 27 | N41: 0 | O41: =SUM(C41:L41,N41) -> 29 | P41: =SUM(C41:N41) -> 56 | R41: 24 Hrs/ADT | S41: =SUM(S10:S33) -> 278 | T41: =SUM(T10:T33) -> 0 | U41: =SUM(U10:U33) -> 339 | V41: =SUM(V10:V33) -> 266 | W41: =SUM(W10:W33) -> 22 | X41: =SUM(X10:X33) -> 24 | Y41: =SUM(Y10:Y33) -> 208 | Z41: =SUM(Z10:Z33) -> 54 | ... AF41: =SUM(AF10:AF33) -> 2658
B42: 15.00 - 15.15 | C42: 11 | D42: 0 | E42: 9 | F42: 5 | G42: 0 | H42: 0 | I42: 0 | J42: 0 | K42: 1 | L42: 0 | M42: 29 | N42: 0 | O42: =SUM(C42:L42,N42) -> 26 | P42: =SUM(C42:N42) -> 55 | R42: NEF | S42: =S41/S40 -> 1.2410714 | T42: =T41/T40 -> #DIV/0! | U42: =U41/U40 -> 1.356 | V42: =V41/V40 -> 1.2850242 | W42: =W41/W40 -> 1.8333333 | X42: =X41/X40 -> 6 | Y42: =Y41/Y40 -> 1.3594771 | Z42: =Z41/Z40 -> 3 | ... AF42: =AF41/AF40 -> 1.2809639
B43: 15.15 - 15.30 | C43: 8 | D43: 0 | E43: 8 | F43: 3 | G43: 1 | H43: 0 | I43: 2 | J43: 0 | K43: 1 | L43: 0 | M43: 23 | N43: 0 | O43: =SUM(C43:L43,N43) -> 23 | P43: =SUM(C43:N43) -> 46
B44: 15.30 - 15.45 | C44: 7 | D44: 0 | E44: 11 | F44: 5 | G44: 0 | H44: 0 | I44: 3 | J44: 1 | K44: 0 | L44: 0 | M44: 14 | N44: 0 | O44: =SUM(C44:L44,N44) -> 27 | P44: =SUM(C44:N44) -> 41
B45: 15.45 - 16.00 | C45: 3 | D45: 0 | E45: 9 | F45: 4 | G45: 0 | H45: 0 | I45: 6 | J45: 0 | K45: 0 | L45: 0 | M45: 16 | N45: 0 | O45: =SUM(C45:L45,N45) -> 22 | P45: =SUM(C45:N45) -> 38
B46: 16.00 - 16.15 | C46: 4 | D46: 0 | E46: 11 | F46: 2 | G46: 0 | H46: 0 | I46: 1 | J46: 0 | K46: 0 | L46: 1 | M46: 23 | N46: 0 | O46: =SUM(C46:L46,N46) -> 19 | P46: =SUM(C46:N46) -> 42
B47: 16.15 -16.30 | C47: 8 | D47: 0 | E47: 4 | F47: 3 | G47: 0 | H47: 0 | I47: 6 | J47: 0 | K47: 0 | L47: 0 | M47: 25 | N47: 0 | O47: =SUM(C47:L47,N47) -> 21 | P47: =SUM(C47:N47) -> 46
B48: 16.30 -16.45 | C48: 9 | D48: 0 | E48: 6 | F48: 2 | G48: 0 | H48: 0 | I48: 7 | J48: 0 | K48: 0 | L48: 0 | M48: 31 | N48: 1 | O48: =SUM(C48:L48,N48) -> 25 | P48: =SUM(C48:N48) -> 56
B49: 16.45 -17.00 | C49: 4 | D49: 0 | E49: 14 | F49: 8 | G49: 0 | H49: 0 | I49: 4 | J49: 2 | K49: 0 | L49: 0 | M49: 28 | N49: 0 | O49: =SUM(C49:L49,N49) -> 32 | P49: =SUM(C49:N49) -> 60
B50: 17.00 -17.15 | C50: 8 | D50: 0 | E50: 5 | F50: 7 | G50: 3 | H50: 0 | I50: 1 | J50: 1 | K50: 0 | L50: 0 | M50: 29 | N50: 0 | O50: =SUM(C50:L50,N50) -> 25 | P50: =SUM(C50:N50) -> 54
B51: 17.15 -17.30 | C51: 3 | D51: 0 | E51: 6 | F51: 4 | G51: 1 | H51: 0 | I51: 5 | J51: 1 | K51: 0 | L51: 0 | M51: 20 | N51: 0 | O51: =SUM(C51:L51,N51) -> 20 | P51: =SUM(C51:N51) -> 40
B52: 17.30 -17.45 | C52: 5 | D52: 0 | E52: 10 | F52: 4 | G52: 1 | H52: 1 | I52: 3 | J52: 0 | K52: 0 | L52: 0 | M52: 24 | N52: 0 | O52: =SUM(C52:L52,N52) -> 24 | P52: =SUM(C52:N52) -> 48
B53: 17.45 -18.00 | C53: 5 | D53: 0 | E53: 12 | F53: 3 | G53: 1 | H53: 0 | I53: 1 | J53: 2 | K53: 0 | L53: 0 | M53: 39 | N53: 0 | O53: =SUM(C53:L53,N53) -> 24 | P53: =SUM(C53:N53) -> 63
B54: 18.00 - 18.15 | C54: 8 | D54: 0 | E54: 10 | F54: 8 | G54: 1 | H54: 0 | I54: 2 | J54: 0 | K54: 0 | L54: 0 | M54: 25 | N54: 0 | O54: =SUM(C54:L54,N54) -> 29 | P54: =SUM(C54:N54) -> 54
... B105: 06.45 - 07.00 | C105: 1 | D105: 0 | E105: 2 | F105: 1 | G105: 0 | H105: 0 | I105: 1 | J105: 2 | K105: 1 | L105: 0 | M105: 1 | N105: 0 | O105: =SUM(C105:L105,N105) -> 8 | P105: =SUM(C105:N105) -> 9
B106: Totals | C106: =SUM(C10:C105) -> 278 | D106: =SUM(D10:D105) -> 0 | E106: =SUM(E10:E105) -> 339 | F106: =SUM(F10:F105) -> 266 | G106: =SUM(G10:G105) -> 22 | H106: =SUM(H10:H105) -> 24 | I106: =SUM(I10:I105) -> 208 | J106: =SUM(J10:J105) -> 54 | ... P106: =SUM(P10:P105) -> 2658
B107: %ges + MCs | C107: =C106/$P$106 -> 0.10458992 | D107: =D106/$P$106 -> 0 | E107: =E106/$P$106 -> 0.1275395 | F107: =F106/$P$106 -> 0.10007524 | G107: =G106/$P$106 -> 0.0082768999 | H107: =H106/$P$106 -> 0.0090293454 | I107: =I106/$P$106 -> 0.078254327 | J107: =J106/$P$106 -> 0.020316027 | ... N107: =N106/$P$106 -> 0.00075244545
B108: %ges w/o MCs | C108: =C106/$O$106 -> 0.21907013 | D108: =D106/$O$106 -> 0 | E108: =E106/$O$106 -> 0.26713948 | F108: =F106/$O$106 -> 0.20961387 | G108: =G106/$O$106 -> 0.017336485 | H108: =H106/$O$106 -> 0.01891253 | I108: =I106/$O$106 -> 0.16390859 | J108: =J106/$O$106 -> 0.042553191 | ... L108: =L106/$O$106 -> 0.023640662 | N108: =N106/$O$106 -> 0.0015760441

Sheet 21.8 Kayunga-Kangulumira
B1: Consultancy services for Preparation of Expressway Development Master Plan (EDMP) for Uganda
B2: MANUAL CLASSIFIED COUNT (MCC)
B3: ROAD NAME: | C3: ='19.8 Kayunga-Kangulumira'!C3:G3 -> MCC-C3-STN90-KAYUNGA-KANGULUMIRA ROAD
C5: Date | D5: 21.08.19 | F5: Location | G5: ='19.8 Kayunga-Kangulumira'!G5:H5 -> Kayunga | J5: Surveyor | K5: ='19.8 Kayunga-Kangulumira'!K5:L5 -> Comfort
C6: Dir. From | D6: ='19.8 Kayunga-Kangulumira'!D6:E6 -> KAYUNGA | F6: Dir. To | G6: ='19.8 Kayunga-Kangulumira'!G6:H6 -> KANGULUMIRA | J6: Supervisor | K6: ='19.8 Kayunga-Kangulumira'!K6:L6 -> Bella
B8: Time / Veh Type | R8: SUMMARY TRAFFIC VOLUMES
C9: 1. Car | D9: 2. Station Wagon | E9: 3. Pickups | F9: 4. Minibus, matatu | G9: 5. Medium bus | H9: 6. Large Bus | I9: 7. Light Truck | J9: 8. Medium Truck | K9: 9. Heavy truck | L9: 10. Truck Trailer | M9: 11. Motor cycles | N9: 12. Tractors | O9: Total Excl M/Cycles | P9: Total All | R9: Time | S9: 1. Car | T9: 2. Station Wagon | U9: 3. Pickups | V9: 4. Minibus, matatu | W9: 5. Medium bus | X9: 6. Large Bus | Y9: 7. Light Truck | Z9: 8. Medium Truck | AA9: 9. Heavy truck | AB9: 10. Truck Trailer | AC9: 11. Motorcycles | AD9: 12. Tractors, Graders | AE9: Total Excl M/ Cycles | AF9: Total All
B10: 07.00 - 07.15 | C10: 2 | D10: 0 | E10: 2 | F10: 8 | G10: 0 | H10: 0 | I10: 0 | J10: 0 | K10: 0 | L10: 0 | M10: 13 | N10: 0 | O10: =SUM(C10:L10,N10) -> 12 | P10: =SUM(C10:N10) -> 25 | R10: 0700-0800 | S10: =SUM(C10:C13) -> 9 | T10: =SUM(D10:D13) -> 0 | U10: =SUM(E10:E13) -> 14 | V10: =SUM(F10:F13) -> 29 | W10: =SUM(G10:G13) -> 0 | X10: =SUM(H10:H13) -> 0 | Y10: =SUM(I10:I13) -> 5 | Z10: =SUM(J10:J13) -> 0 | ... AF10: =SUM(P10:P13) -> 165
B11: 07.15 - 07.30 | C11: 2 | D11: 0 | E11: 3 | F11: 7 | G11: 0 | H11: 0 | I11: 2 | J11: 0 | K11: 0 | L11: 0 | M11: 20 | N11: 0 | O11: =SUM(C11:L11,N11) -> 14 | P11: =SUM(C11:N11) -> 34 | R11: 0800-0900 | S11: =SUM(C14:C17) -> 11 | T11: =SUM(D14:D17) -> 0 | U11: =SUM(E14:E17) -> 15 | V11: =SUM(F14:F17) -> 17 | W11: =SUM(G14:G17) -> 0 | X11: =SUM(H14:H17) -> 0 | Y11: =SUM(I14:I17) -> 6 | Z11: =SUM(J14:J17) -> 0 | ... AF11: =SUM(P14:P17) -> 189
B12: 07.30 - 07.45 | C12: 3 | D12: 0 | E12: 3 | F12: 7 | G12: 0 | H12: 0 | I12: 2 | J12: 0 | K12: 0 | L12: 0 | M12: 35 | N12: 0 | O12: =SUM(C12:L12,N12) -> 15 | P12: =SUM(C12:N12) -> 50 | R12: 0900-1000 | S12: =SUM(C18:C21) -> 21 | T12: =SUM(D18:D21) -> 0 | U12: =SUM(E18:E21) -> 20 | V12: =SUM(F18:F21) -> 15 | W12: =SUM(G18:G21) -> 2 | X12: =SUM(H18:H21) -> 0 | Y12: =SUM(I18:I21) -> 6 | Z12: =SUM(J18:J21) -> 0 | ... AF12: =SUM(P18:P21) -> 157
B13: 07.45 - 08.00 | C13: 2 | D13: 0 | E13: 6 | F13: 7 | G13: 0 | H13: 0 | I13: 1 | J13: 0 | K13: 0 | L13: 0 | M13: 40 | N13: 0 | O13: =SUM(C13:L13,N13) -> 16 | P13: =SUM(C13:N13) -> 56 | R13: 1000-1100 | S13: =SUM(C22:C25) -> 15 | T13: =SUM(D22:D25) -> 0 | U13: =SUM(E22:E25) -> 15 | V13: =SUM(F22:F25) -> 11 | W13: =SUM(G22:G25) -> 0 | X13: =SUM(H22:H25) -> 1 | Y13: =SUM(I22:I25) -> 8 | Z13: =SUM(J22:J25) -> 1 | ... AF13: =SUM(P22:P25) -> 162
B14: 08.00 - 08.15 | C14: 5 | D14: 0 | E14: 4 | F14: 7 | G14: 0 | H14: 0 | I14: 0 | J14: 0 | K14: 0 | L14: 0 | M14: 25 | N14: 0 | O14: =SUM(C14:L14,N14) -> 16 | P14: =SUM(C14:N14) -> 41 | R14: 1100-1200 | S14: =SUM(C26:C29) -> 17 | T14: =SUM(D26:D29) -> 0 | U14: =SUM(E26:E29) -> 21 | V14: =SUM(F26:F29) -> 20 | W14: =SUM(G26:G29) -> 0 | X14: =SUM(H26:H29) -> 0 | Y14: =SUM(I26:I29) -> 10 | Z14: =SUM(J26:J29) -> 0 | ... AF14: =SUM(P26:P29) -> 155
B15: 08.15 - 08.30 | C15: 2 | D15: 0 | E15: 4 | F15: 3 | G15: 0 | H15: 0 | I15: 1 | J15: 0 | K15: 0 | L15: 0 | M15: 45 | N15: 0 | O15: =SUM(C15:L15,N15) -> 10 | P15: =SUM(C15:N15) -> 55 | R15: 1200-1300 | S15: =SUM(C30:C33) -> 18 | T15: =SUM(D30:D33) -> 0 | U15: =SUM(E30:E33) -> 24 | V15: =SUM(F30:F33) -> 13 | W15: =SUM(G30:G33) -> 2 | X15: =SUM(H30:H33) -> 0 | Y15: =SUM(I30:I33) -> 10 | Z15: =SUM(J30:J33) -> 0 | ... AF15: =SUM(P30:P33) -> 188
B16: 08.30 - 08.45 | C16: 2 | D16: 0 | E16: 3 | F16: 4 | G16: 0 | H16: 0 | I16: 1 | J16: 0 | K16: 1 | L16: 0 | M16: 34 | N16: 0 | O16: =SUM(C16:L16,N16) -> 11 | P16: =SUM(C16:N16) -> 45 | R16: 1300-1400 | S16: =SUM(C34:C37) -> 18 | T16: =SUM(D34:D37) -> 0 | U16: =SUM(E34:E37) -> 10 | V16: =SUM(F34:F37) -> 21 | W16: =SUM(G34:G37) -> 0 | X16: =SUM(H34:H37) -> 0 | Y16: =SUM(I34:I37) -> 7 | Z16: =SUM(J34:J37) -> 2 | ... AF16: =SUM(P34:P37) -> 161
B17: 08.45 - 9.00 | C17: 2 | D17: 0 | E17: 4 | F17: 3 | G17: 0 | H17: 0 | I17: 4 | J17: 0 | K17: 1 | L17: 0 | M17: 34 | N17: 0 | O17: =SUM(C17:L17,N17) -> 14 | P17: =SUM(C17:N17) -> 48 | R17: 1400-1500 | S17: =SUM(C38:C41) -> 14 | T17: =SUM(D38:D41) -> 0 | U17: =SUM(E38:E41) -> 16 | V17: =SUM(F38:F41) -> 13 | W17: =SUM(G38:G41) -> 0 | X17: =SUM(H38:H41) -> 0 | Y17: =SUM(I38:I41) -> 12 | Z17: =SUM(J38:J41) -> 2 | ... AF17: =SUM(P38:P41) -> 143
B18: 09.00 - 09.15 | C18: 5 | D18: 0 | E18: 4 | F18: 3 | G18: 1 | H18: 0 | I18: 3 | J18: 0 | K18: 2 | L18: 0 | M18: 31 | N18: 0 | O18: =SUM(C18:L18,N18) -> 18 | P18: =SUM(C18:N18) -> 49 | R18: 1500-1600 | S18: =SUM(C42:C45) -> 17 | T18: =SUM(D42:D45) -> 0 | U18: =SUM(E42:E45) -> 13 | V18: =SUM(F42:F45) -> 10 | W18: =SUM(G42:G45) -> 1 | X18: =SUM(H42:H45) -> 1 | Y18: =SUM(I42:I45) -> 17 | Z18: =SUM(J42:J45) -> 1 | ... AF18: =SUM(P42:P45) -> 158
B19: 09.15 - 09.30 | C19: 8 | D19: 0 | E19: 4 | F19: 7 | G19: 1 | H19: 0 | I19: 2 | J19: 0 | K19: 2 | L19: 0 | M19: 14 | N19: 0 | O19: =SUM(C19:L19,N19) -> 24 | P19: =SUM(C19:N19) -> 38 | R19: 1600-1700 | S19: =SUM(C46:C49) -> 23 | T19: =SUM(D46:D49) -> 0 | U19: =SUM(E46:E49) -> 21 | V19: =SUM(F46:F49) -> 18 | W19: =SUM(G46:G49) -> 6 | X19: =SUM(H46:H49) -> 0 | Y19: =SUM(I46:I49) -> 17 | Z19: =SUM(J46:J49) -> 2 | ... AF19: =SUM(P46:P49) -> 230
B20: 09.30 - 09.45 | C20: 2 | D20: 0 | E20: 7 | F20: 3 | G20: 0 | H20: 0 | I20: 1 | J20: 0 | K20: 1 | L20: 0 | M20: 26 | N20: 0 | O20: =SUM(C20:L20,N20) -> 14 | P20: =SUM(C20:N20) -> 40 | R20: 1700-1800 | S20: =SUM(C50:C53) -> 13 | T20: =SUM(D50:D53) -> 0 | U20: =SUM(E50:E53) -> 32 | V20: =SUM(F50:F53) -> 17 | W20: =SUM(G50:G53) -> 3 | X20: =SUM(H50:H53) -> 3 | Y20: =SUM(I50:I53) -> 38 | Z20: =SUM(J50:J53) -> 1 | ... AF20: =SUM(P50:P53) -> 231
B21: 09.45 - 10.00 | C21: 6 | D21: 0 | E21: 5 | F21: 2 | G21: 0 | H21: 0 | I21: 0 | J21: 0 | K21: 0 | L21: 0 | M21: 17 | N21: 0 | O21: =SUM(C21:L21,N21) -> 13 | P21: =SUM(C21:N21) -> 30 | R21: 1800-1900 | S21: =SUM(C54:C57) -> 22 | T21: =SUM(D54:D57) -> 0 | U21: =SUM(E54:E57) -> 28 | V21: =SUM(F54:F57) -> 11 | W21: =SUM(G54:G57) -> 4 | X21: =SUM(H54:H57) -> 4 | Y21: =SUM(I54:I57) -> 12 | Z21: =SUM(J54:J57) -> 2 | ... AF21: =SUM(P54:P57) -> 205
B22: 10.00 - 10.15 | C22: 4 | D22: 0 | E22: 4 | F22: 2 | G22: 0 | H22: 0 | I22: 3 | J22: 1 | K22: 1 | L22: 0 | M22: 23 | N22: 0 | O22: =SUM(C22:L22,N22) -> 15 | P22: =SUM(C22:N22) -> 38 | R22: AM Peak Hr | S22: =MAX(S10:S12) -> 21 | T22: =MAX(T10:T12) -> 0 | U22: =MAX(U10:U12) -> 20 | V22: =MAX(V10:V12) -> 29 | W22: =MAX(W10:W12) -> 2 | X22: =MAX(X10:X12) -> 0 | Y22: =MAX(Y10:Y12) -> 6 | Z22: =MAX(Z10:Z12) -> 0 | ... AF22: =MAX(AF10:AF12) -> 189
B23: 10.15 - 10.30 | C23: 4 | D23: 0 | E23: 5 | F23: 4 | G23: 0 | H23: 1 | I23: 1 | J23: 0 | K23: 1 | L23: 0 | M23: 20 | N23: 0 | O23: =SUM(C23:L23,N23) -> 16 | P23: =SUM(C23:N23) -> 36 | R23: IP Peak Hr | S23: =MAX(S13:S18) -> 18 | T23: =MAX(T13:T18) -> 0 | U23: =MAX(U13:U18) -> 24 | V23: =MAX(V13:V18) -> 21 | W23: =MAX(W13:W18) -> 2 | X23: =MAX(X13:X18) -> 1 | Y23: =MAX(Y13:Y18) -> 17 | Z23: =MAX(Z13:Z18) -> 2 | ... AF23: =MAX(AF13:AF18) -> 188
B24: 10.30 - 10.45 | C24: 5 | D24: 0 | E24: 3 | F24: 2 | G24: 0 | H24: 0 | I24: 2 | J24: 0 | K24: 0 | L24: 0 | M24: 33 | N24: 0 | O24: =SUM(C24:L24,N24) -> 12 | P24: =SUM(C24:N24) -> 45 | R24: PM Peak Hr | S24: =MAX(S19:S21) -> 23 | T24: =MAX(T19:T21) -> 0 | U24: =MAX(U19:U21) -> 32 | V24: =MAX(V19:V21) -> 18 | W24: =MAX(W19:W21) -> 6 | X24: =MAX(X19:X21) -> 4 | Y24: =MAX(Y19:Y21) -> 38 | Z24: =MAX(Z19:Z21) -> 2 | ... AF24: =MAX(AF19:AF21) -> 231
B25: 10.45 - 11.00 | C25: 2 | D25: 0 | E25: 3 | F25: 3 | G25: 0 | H25: 0 | I25: 2 | J25: 0 | K25: 0 | L25: 2 | M25: 31 | N25: 0 | O25: =SUM(C25:L25,N25) -> 12 | P25: =SUM(C25:N25) -> 43 | R25: AM Period | S25: =SUM(S10:S12) -> 41 | T25: =SUM(T10:T12) -> 0 | U25: =SUM(U10:U12) -> 49 | V25: =SUM(V10:V12) -> 61 | W25: =SUM(W10:W12) -> 2 | X25: =SUM(X10:X12) -> 0 | Y25: =SUM(Y10:Y12) -> 17 | Z25: =SUM(Z10:Z12) -> 0 | ... AF25: =SUM(AF10:AF12) -> 511
B26: 11.00 - 11.15 | C26: 7 | D26: 0 | E26: 2 | F26: 6 | G26: 0 | H26: 0 | I26: 5 | J26: 0 | K26: 0 | L26: 0 | M26: 24 | N26: 0 | O26: =SUM(C26:L26,N26) -> 20 | P26: =SUM(C26:N26) -> 44 | R26: IP Period | S26: =SUM(S13:S18) -> 99 | T26: =SUM(T13:T18) -> 0 | U26: =SUM(U13:U18) -> 99 | V26: =SUM(V13:V18) -> 88 | W26: =SUM(W13:W18) -> 3 | X26: =SUM(X13:X18) -> 2 | Y26: =SUM(Y13:Y18) -> 64 | Z26: =SUM(Z13:Z18) -> 6 | ... AF26: =SUM(AF13:AF18) -> 967
B27: 11.15 - 11.30 | C27: 5 | D27: 0 | E27: 8 | F27: 3 | G27: 0 | H27: 0 | I27: 2 | J27: 0 | K27: 2 | L27: 0 | M27: 18 | N27: 0 | O27: =SUM(C27:L27,N27) -> 20 | P27: =SUM(C27:N27) -> 38 | R27: PM Period | S27: =SUM(S19:S21) -> 58 | T27: =SUM(T19:T21) -> 0 | U27: =SUM(U19:U21) -> 81 | V27: =SUM(V19:V21) -> 46 | W27: =SUM(W19:W21) -> 13 | X27: =SUM(X19:X21) -> 7 | Y27: =SUM(Y19:Y21) -> 67 | Z27: =SUM(Z19:Z21) -> 5 | ... AF27: =SUM(AF19:AF21) -> 666
B28: 11.30 - 11.45 | C28: 5 | D28: 0 | E28: 6 | F28: 6 | G28: 0 | H28: 0 | I28: 1 | J28: 0 | K28: 1 | L28: 0 | M28: 22 | N28: 0 | O28: =SUM(C28:L28,N28) -> 19 | P28: =SUM(C28:N28) -> 41 | R28: 12 Hours | S28: =SUM(S10:S21) -> 198 | T28: =SUM(T10:T21) -> 0 | U28: =SUM(U10:U21) -> 229 | V28: =SUM(V10:V21) -> 195 | W28: =SUM(W10:W21) -> 18 | X28: =SUM(X10:X21) -> 9 | Y28: =SUM(Y10:Y21) -> 148 | Z28: =SUM(Z10:Z21) -> 11 | ... AF28: =SUM(AF10:AF21) -> 2144
B29: 11.45 - 12.00 | C29: 0 | D29: 0 | E29: 5 | F29: 5 | G29: 0 | H29: 0 | I29: 2 | J29: 0 | K29: 0 | L29: 1 | M29: 19 | N29: 0 | O29: =SUM(C29:L29,N29) -> 13 | P29: =SUM(C29:N29) -> 32
B30: 12.00 - 12.15 | C30: 3 | D30: 0 | E30: 6 | F30: 5 | G30: 0 | H30: 0 | I30: 2 | J30: 0 | K30: 0 | L30: 0 | M30: 30 | N30: 0 | O30: =SUM(C30:L30,N30) -> 16 | P30: =SUM(C30:N30) -> 46
B31: 12.15 - 12.30 | C31: 3 | D31: 0 | E31: 4 | F31: 6 | G31: 1 | H31: 0 | I31: 5 | J31: 0 | K31: 1 | L31: 0 | M31: 33 | N31: 0 | O31: =SUM(C31:L31,N31) -> 20 | P31: =SUM(C31:N31) -> 53
B32: 12.30 - 12.45 | C32: 7 | D32: 0 | E32: 5 | F32: 2 | G32: 0 | H32: 0 | I32: 1 | J32: 0 | K32: 1 | L32: 0 | M32: 28 | N32: 0 | O32: =SUM(C32:L32,N32) -> 16 | P32: =SUM(C32:N32) -> 44
B33: 12.45 - 13.00 | C33: 5 | D33: 0 | E33: 9 | F33: 0 | G33: 1 | H33: 0 | I33: 2 | J33: 0 | K33: 1 | L33: 0 | M33: 27 | N33: 0 | O33: =SUM(C33:L33,N33) -> 18 | P33: =SUM(C33:N33) -> 45
B34: 13.00 - 13.15 | C34: 6 | D34: 0 | E34: 2 | F34: 5 | G34: 0 | H34: 0 | I34: 4 | J34: 1 | K34: 0 | L34: 1 | M34: 26 | N34: 0 | O34: =SUM(C34:L34,N34) -> 19 | P34: =SUM(C34:N34) -> 45
B35: 13.15 - 13.30 | C35: 4 | D35: 0 | E35: 1 | F35: 6 | G35: 0 | H35: 0 | I35: 0 | J35: 0 | K35: 2 | L35: 0 | M35: 33 | N35: 0 | O35: =SUM(C35:L35,N35) -> 13 | P35: =SUM(C35:N35) -> 46
B36: 13.30 - 13.45 | C36: 5 | D36: 0 | E36: 6 | F36: 2 | G36: 0 | H36: 0 | I36: 1 | J36: 1 | K36: 1 | L36: 0 | M36: 22 | N36: 0 | O36: =SUM(C36:L36,N36) -> 16 | P36: =SUM(C36:N36) -> 38
B37: 13.45 - 14.00 | C37: 3 | D37: 0 | E37: 1 | F37: 8 | G37: 0 | H37: 0 | I37: 2 | J37: 0 | K37: 0 | L37: 0 | M37: 18 | N37: 0 | O37: =SUM(C37:L37,N37) -> 14 | P37: =SUM(C37:N37) -> 32
B38: 14.00 - 14.15 | C38: 1 | D38: 0 | E38: 3 | F38: 2 | G38: 0 | H38: 0 | I38: 2 | J38: 0 | K38: 1 | L38: 1 | M38: 14 | N38: 0 | O38: =SUM(C38:L38,N38) -> 10 | P38: =SUM(C38:N38) -> 24
B39: 14.15 - 14.30 | C39: 4 | D39: 0 | E39: 5 | F39: 4 | G39: 0 | H39: 0 | I39: 4 | J39: 1 | K39: 0 | L39: 0 | M39: 13 | N39: 0 | O39: =SUM(C39:L39,N39) -> 18 | P39: =SUM(C39:N39) -> 31
B40: 14.30 - 14.45 | C40: 5 | D40: 0 | E40: 3 | F40: 2 | G40: 0 | H40: 0 | I40: 1 | J40: 0 | K40: 0 | L40: 1 | M40: 17 | N40: 0 | O40: =SUM(C40:L40,N40) -> 12 | P40: =SUM(C40:N40) -> 29
... B57: 18.45 - 19.00 | C57: 8 | D57: 0 | E57: 10 | F57: 2 | G57: 1 | H57: 2 | I57: 5 | J57: 2 | K57: 0 | L57: 1 | M57: 21 | N57: 0 | O57: =SUM(C57:L57,N57) -> 31 | P57: =SUM(C57:N57) -> 52
B58: Totals | C58: =SUM(C10:C57) -> 198 | D58: =SUM(D10:D57) -> 0 | E58: =SUM(E10:E57) -> 229 | F58: =SUM(F10:F57) -> 195 | G58: =SUM(G10:G57) -> 18 | H58: =SUM(H10:H57) -> 9 | I58: =SUM(I10:I57) -> 148 | J58: =SUM(J10:J57) -> 11 | ... P58: =SUM(P10:P57) -> 2144
B59: %ges + MCs | C59: =C58/$P$58 -> 0.092350746 | D59: =D58/$P$58 -> 0 | E59: =E58/$P$58 -> 0.1068097 | F59: =F58/$P$58 -> 0.090951493 | G59: =G58/$P$58 -> 0.0083955224 | H59: =H58/$P$58 -> 0.0041977612 | I59: =I58/$P$58 -> 0.069029851 | J59: =J58/$P$58 -> 0.005130597 | ... N59: =N58/$P$58 -> 0.00093283582
B60: %ges w/o MCs | C60: =C58/$O$58 -> 0.23157895 | D60: =D58/$O$58 -> 0 | E60: =E58/$O$58 -> 0.26783626 | F60: =F58/$O$58 -> 0.22807018 | G60: =G58/$O$58 -> 0.021052632 | H60: =H58/$O$58 -> 0.010526316 | I60: =I58/$O$58 -> 0.17309942 | J60: =J58/$O$58 -> 0.012865497 | ... L60: =L58/$O$58 -> 0.016374269 | N60: =N58/$O$58 -> 0.0023391813

Sheet 21.8 Kangulumira-Kayunga
B1: Consultancy services for Preparation of Expressway Development Master Plan (EDMP) for Uganda
B2: MANUAL CLASSIFIED COUNT (MCC)
B3: ROAD NAME: | C3: ='19.8 Kayunga-Kangulumira'!C3:G3 -> MCC-C3-STN90-KAYUNGA-KANGULUMIRA ROAD
C5: Date | D5: 21.08.19 | F5: Location | G5: ='20.8 Kangulumira-Kayunga'!G5:H5 | J5: Surveyor | K5: ='20.8 Kangulumira-Kayunga'!K5:L5
C6: Dir. From | D6: KANGULUMIRA | F6: Dir. To | G6: KAYUNGA | J6: Supervisor | K6: ='20.8 Kangulumira-Kayunga'!K6:L6
B8: Time / Veh Type | R8: SUMMARY TRAFFIC VOLUMES
C9: 1. Car | D9: 2. Station Wagon | E9: 3. Pickups | F9: 4. Minibus, matatu | G9: 5. Medium bus | H9: 6. Large Bus | I9: 7. Light Truck | J9: 8. Medium Truck | K9: 9. Heavy truck | L9: 10. Truck Trailer | M9: 11. Motor cycles | N9: 12. Tractors | O9: Total Excl M/Cycles | P9: Total All | R9: Time | S9: 1. Car | T9: 2. Station Wagon | U9: 3. Pickups | V9: 4. Minibus, matatu | W9: 5. Medium bus | X9: 6. Large Bus | Y9: 7. Light Truck | Z9: 8. Medium Truck | AA9: 9. Heavy truck | AB9: 10. Truck Trailer | AC9: 11. Motorcycles | AD9: 12. Tractors, Graders | AE9: Total Excl M/ Cycles | AF9: Total All
B10: 07.00 - 07.15 | C10: 1 | D10: 0 | E10: 6 | F10: 3 | G10: 0 | H10: 1 | I10: 1 | J10: 1 | K10: 0 | L10: 0 | M10: 7 | N10: 0 | O10: =SUM(C10:L10,N10) -> 13 | P10: =SUM(C10:N10) -> 20 | R10: 0700-0800 | S10: =SUM(C10:C13) -> 8 | T10: =SUM(D10:D13) -> 0 | U10: =SUM(E10:E13) -> 14 | V10: =SUM(F10:F13) -> 18 | W10: =SUM(G10:G13) -> 0 | X10: =SUM(H10:H13) -> 2 | Y10: =SUM(I10:I13) -> 3 | Z10: =SUM(J10:J13) -> 3 | ... AF10: =SUM(P10:P13) -> 111
B11: 07.15 - 07.30 | C11: 1 | D11: 0 | E11: 2 | F11: 5 | G11: 0 | H11: 1 | I11: 0 | J11: 1 | K11: 3 | L11: 0 | M11: 12 | N11: 0 | O11: =SUM(C11:L11,N11) -> 13 | P11: =SUM(C11:N11) -> 25 | R11: 0800-0900 | S11: =SUM(C14:C17) -> 13 | T11: =SUM(D14:D17) -> 0 | U11: =SUM(E14:E17) -> 8 | V11: =SUM(F14:F17) -> 9 | W11: =SUM(G14:G17) -> 0 | X11: =SUM(H14:H17) -> 0 | Y11: =SUM(I14:I17) -> 8 | Z11: =SUM(J14:J17) -> 1 | ... AF11: =SUM(P14:P17) -> 128
B12: 07.30 - 07.45 | C12: 2 | D12: 0 | E12: 3 | F12: 6 | G12: 0 | H12: 0 | I12: 2 | J12: 0 | K12: 1 | L12: 2 | M12: 14 | N12: 0 | O12: =SUM(C12:L12,N12) -> 16 | P12: =SUM(C12:N12) -> 30 | R12: 0900-1000 | S12: =SUM(C18:C21) -> 16 | T12: =SUM(D18:D21) -> 0 | U12: =SUM(E18:E21) -> 16 | V12: =SUM(F18:F21) -> 12 | W12: =SUM(G18:G21) -> 0 | X12: =SUM(H18:H21) -> 0 | Y12: =SUM(I18:I21) -> 8 | Z12: =SUM(J18:J21) -> 1 | ... AF12: =SUM(P18:P21) -> 120
B13: 07.45 - 08.00 | C13: 4 | D13: 0 | E13: 3 | F13: 4 | G13: 0 | H13: 0 | I13: 0 | J13: 1 | K13: 2 | L13: 1 | M13: 21 | N13: 0 | O13: =SUM(C13:L13,N13) -> 15 | P13: =SUM(C13:N13) -> 36 | R13: 1000-1100 | S13: =SUM(C22:C25) -> 15 | T13: =SUM(D22:D25) -> 0 | U13: =SUM(E22:E25) -> 15 | V13: =SUM(F22:F25) -> 12 | W13: =SUM(G22:G25) -> 2 | X13: =SUM(H22:H25) -> 0 | Y13: =SUM(I22:I25) -> 17 | Z13: =SUM(J22:J25) -> 1 | ... AF13: =SUM(P22:P25) -> 152
B14: 08.00 - 08.15 | C14: 3 | D14: 0 | E14: 2 | F14: 3 | G14: 0 | H14: 0 | I14: 2 | J14: 0 | K14: 1 | L14: 0 | M14: 23 | N14: 0 | O14: =SUM(C14:L14,N14) -> 11 | P14: =SUM(C14:N14) -> 34 | R14: 1100-1200 | S14: =SUM(C26:C29) -> 25 | T14: =SUM(D26:D29) -> 0 | U14: =SUM(E26:E29) -> 18 | V14: =SUM(F26:F29) -> 19 | W14: =SUM(G26:G29) -> 4 | X14: =SUM(H26:H29) -> 1 | Y14: =SUM(I26:I29) -> 10 | Z14: =SUM(J26:J29) -> 1 | ... AF14: =SUM(P26:P29) -> 175
B15: 08.15 - 08.30 | C15: 2 | D15: 0 | E15: 2 | F15: 2 | G15: 0 | H15: 0 | I15: 0 | J15: 0 | K15: 0 | L15: 0 | M15: 28 | N15: 0 | O15: =SUM(C15:L15,N15) -> 6 | P15: =SUM(C15:N15) -> 34 | R15: 1200-1300 | S15: =SUM(C30:C33) -> 24 | T15: =SUM(D30:D33) -> 0 | U15: =SUM(E30:E33) -> 16 | V15: =SUM(F30:F33) -> 17 | W15: =SUM(G30:G33) -> 2 | X15: =SUM(H30:H33) -> 0 | Y15: =SUM(I30:I33) -> 17 | Z15: =SUM(J30:J33) -> 1 | ... AF15: =SUM(P30:P33) -> 191
B16: 08.30 - 08.45 | C16: 6 | D16: 0 | E16: 2 | F16: 2 | G16: 0 | H16: 0 | I16: 3 | J16: 1 | K16: 0 | L16: 0 | M16: 15 | N16: 0 | O16: =SUM(C16:L16,N16) -> 14 | P16: =SUM(C16:N16) -> 29 | R16: 1300-1400 | S16: =SUM(C34:C37) -> 13 | T16: =SUM(D34:D37) -> 0 | U16: =SUM(E34:E37) -> 14 | V16: =SUM(F34:F37) -> 13 | W16: =SUM(G34:G37) -> 2 | X16: =SUM(H34:H37) -> 0 | Y16: =SUM(I34:I37) -> 12 | Z16: =SUM(J34:J37) -> 0 | ... AF16: =SUM(P34:P37) -> 169
B17: 08.45 - 9.00 | C17: 2 | D17: 0 | E17: 2 | F17: 2 | G17: 0 | H17: 0 | I17: 3 | J17: 0 | K17: 0 | L17: 0 | M17: 22 | N17: 0 | O17: =SUM(C17:L17,N17) -> 9 | P17: =SUM(C17:N17) -> 31 | R17: 1400-1500 | S17: =SUM(C38:C41) -> 23 | T17: =SUM(D38:D41) -> 0 | U17: =SUM(E38:E41) -> 16 | V17: =SUM(F38:F41) -> 10 | W17: =SUM(G38:G41) -> 10 | X17: =SUM(H38:H41) -> 1 | Y17: =SUM(I38:I41) -> 19 | Z17: =SUM(J38:J41) -> 1 | ... AF17: =SUM(P38:P41) -> 189
B18: 09.00 - 09.15 | C18: 2 | D18: 0 | E18: 6 | F18: 4 | G18: 0 | H18: 0 | I18: 1 | J18: 0 | K18: 0 | L18: 0 | M18: 21 | N18: 0 | O18: =SUM(C18:L18,N18) -> 13 | P18: =SUM(C18:N18) -> 34 | R18: 1500-1600 | S18: =SUM(C42:C45) -> 24 | T18: =SUM(D42:D45) -> 0 | U18: =SUM(E42:E45) -> 29 | V18: =SUM(F42:F45) -> 16 | W18: =SUM(G42:G45) -> 0 | X18: =SUM(H42:H45) -> 0 | Y18: =SUM(I42:I45) -> 10 | Z18: =SUM(J42:J45) -> 0 | ... AF18: =SUM(P42:P45) -> 168
B19: 09.15 - 09.30 | C19: 5 | D19: 0 | E19: 2 | F19: 4 | G19: 0 | H19: 0 | I19: 2 | J19: 0 | K19: 0 | L19: 1 | M19: 14 | N19: 0 | O19: =SUM(C19:L19,N19) -> 14 | P19: =SUM(C19:N19) -> 28 | R19: 1600-1700 | S19: =SUM(C46:C49) -> 23 | T19: =SUM(D46:D49) -> 0 | U19: =SUM(E46:E49) -> 19 | V19: =SUM(F46:F49) -> 13 | W19: =SUM(G46:G49) -> 1 | X19: =SUM(H46:H49) -> 0 | Y19: =SUM(I46:I49) -> 13 | Z19: =SUM(J46:J49) -> 0 | ... AF19: =SUM(P46:P49) -> 176
B20: 09.30 - 09.45 | C20: 7 | D20: 0 | E20: 5 | F20: 1 | G20: 0 | H20: 0 | I20: 1 | J20: 1 | K20: 1 | L20: 0 | M20: 16 | N20: 0 | O20: =SUM(C20:L20,N20) -> 16 | P20: =SUM(C20:N20) -> 32 | R20: 1700-1800 | S20: =SUM(C50:C53) -> 18 | T20: =SUM(D50:D53) -> 0 | U20: =SUM(E50:E53) -> 40 | V20: =SUM(F50:F53) -> 14 | W20: =SUM(G50:G53) -> 0 | X20: =SUM(H50:H53) -> 0 | Y20: =SUM(I50:I53) -> 23 | Z20: =SUM(J50:J53) -> 0 | ... AF20: =SUM(P50:P53) -> 218
B21: 09.45 - 10.00 | C21: 2 | D21: 0 | E21: 3 | F21: 3 | G21: 0 | H21: 0 | I21: 4 | J21: 0 | K21: 0 | L21: 0 | M21: 14 | N21: 0 | O21: =SUM(C21:L21,N21) -> 12 | P21: =SUM(C21:N21) -> 26 | R21: 1800-1900 | S21: =SUM(C54:C57) -> 24 | T21: =SUM(D54:D57) -> 0 | U21: =SUM(E54:E57) -> 34 | V21: =SUM(F54:F57) -> 21 | W21: =SUM(G54:G57) -> 2 | X21: =SUM(H54:H57) -> 0 | Y21: =SUM(I54:I57) -> 18 | Z21: =SUM(J54:J57) -> 0 | ... AF21: =SUM(P54:P57) -> 246
B22: 10.00 - 10.15 | C22: 3 | D22: 0 | E22: 2 | F22: 4 | G22: 1 | H22: 0 | I22: 4 | J22: 1 | K22: 2 | L22: 0 | M22: 14 | N22: 0 | O22: =SUM(C22:L22,N22) -> 17 | P22: =SUM(C22:N22) -> 31 | R22: 1900-2000 | S22: =SUM(C58:C61) -> 0 | T22: =SUM(D58:D61) -> 0 | U22: =SUM(E58:E61) -> 0 | V22: =SUM(F58:F61) -> 0 | W22: =SUM(G58:G61) -> 0 | X22: =SUM(H58:H61) -> 0 | Y22: =SUM(I58:I61) -> 0 | Z22: =SUM(J58:J61) -> 0 | ... AF22: =SUM(P58:P61) -> 0
B23: 10.15 - 10.30 | C23: 3 | D23: 0 | E23: 6 | F23: 3 | G23: 0 | H23: 0 | I23: 6 | J23: 0 | K23: 1 | L23: 1 | M23: 28 | N23: 0 | O23: =SUM(C23:L23,N23) -> 20 | P23: =SUM(C23:N23) -> 48 | R23: 2000-2100 | S23: =SUM(C62:C65) -> 0 | T23: =SUM(D62:D65) -> 0 | U23: =SUM(E62:E65) -> 0 | V23: =SUM(F62:F65) -> 0 | W23: =SUM(G62:G65) -> 0 | X23: =SUM(H62:H65) -> 0 | Y23: =SUM(I62:I65) -> 0 | Z23: =SUM(J62:J65) -> 0 | ... AF23: =SUM(P62:P65) -> 0
B24: 10.30 - 10.45 | C24: 4 | D24: 0 | E24: 3 | F24: 3 | G24: 1 | H24: 0 | I24: 2 | J24: 0 | K24: 1 | L24: 0 | M24: 18 | N24: 0 | O24: =SUM(C24:L24,N24) -> 14 | P24: =SUM(C24:N24) -> 32 | R24: 2100-2200 | S24: =SUM(C66:C69) -> 0 | T24: =SUM(D66:D69) -> 0 | U24: =SUM(E66:E69) -> 0 | V24: =SUM(F66:F69) -> 0 | W24: =SUM(G66:G69) -> 0 | X24: =SUM(H66:H69) -> 0 | Y24: =SUM(I66:I69) -> 0 | Z24: =SUM(J66:J69) -> 0 | ... AF24: =SUM(P66:P69) -> 0
B25: 10.45 - 11.00 | C25: 5 | D25: 0 | E25: 4 | F25: 2 | G25: 0 | H25: 0 | I25: 5 | J25: 0 | K25: 2 | L25: 0 | M25: 23 | N25: 0 | O25: =SUM(C25:L25,N25) -> 18 | P25: =SUM(C25:N25) -> 41 | R25: 2200-2300 | S25: =SUM(C70:C73) -> 0 | T25: =SUM(D70:D73) -> 0 | U25: =SUM(E70:E73) -> 0 | V25: =SUM(F70:F73) -> 0 | W25: =SUM(G70:G73) -> 0 | X25: =SUM(H70:H73) -> 0 | Y25: =SUM(I70:I73) -> 0 | Z25: =SUM(J70:J73) -> 0 | ... AF25: =SUM(P70:P73) -> 0
B26: 11.00 - 11.15 | C26: 6 | D26: 0 | E26: 5 | F26: 4 | G26: 0 | H26: 0 | I26: 2 | J26: 0 | K26: 1 | L26: 2 | M26: 22 | N26: 0 | O26: =SUM(C26:L26,N26) -> 20 | P26: =SUM(C26:N26) -> 42 | R26: 2300-0000 | S26: =SUM(C74:C77) -> 0 | T26: =SUM(D74:D77) -> 0 | U26: =SUM(E74:E77) -> 0 | V26: =SUM(F74:F77) -> 0 | W26: =SUM(G74:G77) -> 0 | X26: =SUM(H74:H77) -> 0 | Y26: =SUM(I74:I77) -> 0 | Z26: =SUM(J74:J77) -> 0 | ... AF26: =SUM(P74:P77) -> 0
B27: 11.15 - 11.30 | C27: 5 | D27: 0 | E27: 3 | F27: 6 | G27: 2 | H27: 0 | I27: 2 | J27: 1 | K27: 2 | L27: 0 | M27: 15 | N27: 0 | O27: =SUM(C27:L27,N27) -> 21 | P27: =SUM(C27:N27) -> 36 | R27: 0000-0100 | S27: =SUM(C78:C81) -> 0 | T27: =SUM(D78:D81) -> 0 | U27: =SUM(E78:E81) -> 0 | V27: =SUM(F78:F81) -> 0 | W27: =SUM(G78:G81) -> 0 | X27: =SUM(H78:H81) -> 0 | Y27: =SUM(I78:I81) -> 0 | Z27: =SUM(J78:J81) -> 0 | ... AF27: =SUM(P78:P81) -> 0
B28: 11.30 - 11.45 | C28: 4 | D28: 0 | E28: 2 | F28: 5 | G28: 0 | H28: 1 | I28: 2 | J28: 0 | K28: 0 | L28: 0 | M28: 28 | N28: 0 | O28: =SUM(C28:L28,N28) -> 14 | P28: =SUM(C28:N28) -> 42 | R28: 0100-0200 | S28: =SUM(C82:C85) -> 0 | T28: =SUM(D82:D85) -> 0 | U28: =SUM(E82:E85) -> 0 | V28: =SUM(F82:F85) -> 0 | W28: =SUM(G82:G85) -> 0 | X28: =SUM(H82:H85) -> 0 | Y28: =SUM(I82:I85) -> 0 | Z28: =SUM(J82:J85) -> 0 | ... AF28: =SUM(P82:P85) -> 0
B29: 11.45 - 12.00 | C29: 10 | D29: 0 | E29: 8 | F29: 4 | G29: 2 | H29: 0 | I29: 4 | J29: 0 | K29: 0 | L29: 2 | M29: 25 | N29: 0 | O29: =SUM(C29:L29,N29) -> 30 | P29: =SUM(C29:N29) -> 55 | R29: 0200-0300 | S29: =SUM(C86:C89) -> 0 | T29: =SUM(D86:D89) -> 0 | U29: =SUM(E86:E89) -> 0 | V29: =SUM(F86:F89) -> 0 | W29: =SUM(G86:G89) -> 0 | X29: =SUM(H86:H89) -> 0 | Y29: =SUM(I86:I89) -> 0 | Z29: =SUM(J86:J89) -> 0 | ... AF29: =SUM(P86:P89) -> 0
B30: 12.00 - 12.15 | C30: 3 | D30: 0 | E30: 5 | F30: 5 | G30: 0 | H30: 0 | I30: 1 | J30: 0 | K30: 1 | L30: 1 | M30: 34 | N30: 0 | O30: =SUM(C30:L30,N30) -> 16 | P30: =SUM(C30:N30) -> 50 | R30: 0300-0400 | S30: =SUM(C90:C93) -> 0 | T30: =SUM(D90:D93) -> 0 | U30: =SUM(E90:E93) -> 0 | V30: =SUM(F90:F93) -> 0 | W30: =SUM(G90:G93) -> 0 | X30: =SUM(H90:H93) -> 0 | Y30: =SUM(I90:I93) -> 0 | Z30: =SUM(J90:J93) -> 0 | ... AF30: =SUM(P90:P93) -> 0
B31: 12.15 - 12.30 | C31: 9 | D31: 0 | E31: 3 | F31: 3 | G31: 2 | H31: 0 | I31: 10 | J31: 0 | K31: 2 | L31: 0 | M31: 17 | N31: 0 | O31: =SUM(C31:L31,N31) -> 29 | P31: =SUM(C31:N31) -> 46 | R31: 0400-0500 | S31: =SUM(C94:C97) -> 0 | T31: =SUM(D94:D97) -> 0 | U31: =SUM(E94:E97) -> 0 | V31: =SUM(F94:F97) -> 0 | W31: =SUM(G94:G97) -> 0 | X31: =SUM(H94:H97) -> 0 | Y31: =SUM(I94:I97) -> 0 | Z31: =SUM(J94:J97) -> 0 | ... AF31: =SUM(P94:P97) -> 0
B32: 12.30 - 12.45 | C32: 6 | D32: 0 | E32: 3 | F32: 6 | G32: 0 | H32: 0 | I32: 4 | J32: 0 | K32: 0 | L32: 0 | M32: 34 | N32: 0 | O32: =SUM(C32:L32,N32) -> 19 | P32: =SUM(C32:N32) -> 53 | R32: 0500-0600 | S32: =SUM(C98:C101) -> 0 | T32: =SUM(D98:D101) -> 0 | U32: =SUM(E98:E101) -> 0 | V32: =SUM(F98:F101) -> 0 | W32: =SUM(G98:G101) -> 0 | X32: =SUM(H98:H101) -> 0 | Y32: =SUM(I98:I101) -> 0 | Z32: =SUM(J98:J101) -> 0 | ... AF32: =SUM(P98:P101) -> 0
B33: 12.45 - 13.00 | C33: 6 | D33: 0 | E33: 5 | F33: 3 | G33: 0 | H33: 0 | I33: 2 | J33: 1 | K33: 0 | L33: 0 | M33: 25 | N33: 0 | O33: =SUM(C33:L33,N33) -> 17 | P33: =SUM(C33:N33) -> 42 | R33: 0600-0700 | S33: =SUM(C102:C105) -> 0 | T33: =SUM(D102:D105) -> 0 | U33: =SUM(E102:E105) -> 0 | V33: =SUM(F102:F105) -> 0 | W33: =SUM(G102:G105) -> 0 | X33: =SUM(H102:H105) -> 0 | Y33: =SUM(I102:I105) -> 0 | Z33: =SUM(J102:J105) -> 0 | ... AF33: =SUM(P102:P105) -> 0
B34: 13.00 - 13.15 | C34: 2 | D34: 0 | E34: 3 | F34: 5 | G34: 0 | H34: 0 | I34: 7 | J34: 0 | K34: 0 | L34: 0 | M34: 39 | N34: 0 | O34: =SUM(C34:L34,N34) -> 17 | P34: =SUM(C34:N34) -> 56 | R34: AM Peak Hr | S34: =MAX(S10:S12) -> 16 | T34: =MAX(T10:T12) -> 0 | U34: =MAX(U10:U12) -> 16 | V34: =MAX(V10:V12) -> 18 | W34: =MAX(W10:W12) -> 0 | X34: =MAX(X10:X12) -> 2 | Y34: =MAX(Y10:Y12) -> 8 | Z34: =MAX(Z10:Z12) -> 3 | ... AF34: =MAX(AF10:AF12) -> 128
B35: 13.15 - 13.30 | C35: 3 | D35: 0 | E35: 5 | F35: 3 | G35: 0 | H35: 0 | I35: 1 | J35: 0 | K35: 0 | L35: 0 | M35: 24 | N35: 0 | O35: =SUM(C35:L35,N35) -> 12 | P35: =SUM(C35:N35) -> 36 | R35: IP Peak Hr | S35: =MAX(S13:S18) -> 25 | T35: =MAX(T13:T18) -> 0 | U35: =MAX(U13:U18) -> 29 | V35: =MAX(V13:V18) -> 19 | W35: =MAX(W13:W18) -> 10 | X35: =MAX(X13:X18) -> 1 | Y35: =MAX(Y13:Y18) -> 19 | Z35: =MAX(Z13:Z18) -> 1 | ... AF35: =MAX(AF13:AF18) -> 191
B36: 13.30 - 13.45 | C36: 3 | D36: 0 | E36: 2 | F36: 3 | G36: 0 | H36: 0 | I36: 1 | J36: 0 | K36: 1 | L36: 2 | M36: 23 | N36: 0 | O36: =SUM(C36:L36,N36) -> 12 | P36: =SUM(C36:N36) -> 35 | R36: PM Peak Hr | S36: =MAX(S19:S21) -> 24 | T36: =MAX(T19:T21) -> 0 | U36: =MAX(U19:U21) -> 40 | V36: =MAX(V19:V21) -> 21 | W36: =MAX(W19:W21) -> 2 | X36: =MAX(X19:X21) -> 0 | Y36: =MAX(Y19:Y21) -> 23 | Z36: =MAX(Z19:Z21) -> 0 | ... AF36: =MAX(AF19:AF21) -> 246
B37: 13.45 - 14.00 | C37: 5 | D37: 0 | E37: 4 | F37: 2 | G37: 2 | H37: 0 | I37: 3 | J37: 0 | K37: 0 | L37: 0 | M37: 26 | N37: 0 | O37: =SUM(C37:L37,N37) -> 16 | P37: =SUM(C37:N37) -> 42 | R37: AM Period | S37: =SUM(S10:S12) -> 37 | T37: =SUM(T10:T12) -> 0 | U37: =SUM(U10:U12) -> 38 | V37: =SUM(V10:V12) -> 39 | W37: =SUM(W10:W12) -> 0 | X37: =SUM(X10:X12) -> 2 | Y37: =SUM(Y10:Y12) -> 19 | Z37: =SUM(Z10:Z12) -> 5 | ... AF37: =SUM(AF10:AF12) -> 359
B38: 14.00 - 14.15 | C38: 6 | D38: 0 | E38: 1 | F38: 4 | G38: 0 | H38: 1 | I38: 6 | J38: 0 | K38: 0 | L38: 0 | M38: 26 | N38: 0 | O38: =SUM(C38:L38,N38) -> 18 | P38: =SUM(C38:N38) -> 44 | R38: IP Period | S38: =SUM(S13:S18) -> 124 | T38: =SUM(T13:T18) -> 0 | U38: =SUM(U13:U18) -> 108 | V38: =SUM(V13:V18) -> 87 | W38: =SUM(W13:W18) -> 20 | X38: =SUM(X13:X18) -> 2 | Y38: =SUM(Y13:Y18) -> 85 | Z38: =SUM(Z13:Z18) -> 4 | ... AF38: =SUM(AF13:AF18) -> 1044
B39: 14.15 - 14.30 | C39: 6 | D39: 0 | E39: 4 | F39: 3 | G39: 4 | H39: 0 | I39: 5 | J39: 0 | K39: 2 | L39: 1 | M39: 23 | N39: 0 | O39: =SUM(C39:L39,N39) -> 25 | P39: =SUM(C39:N39) -> 48 | R39: PM Period | S39: =SUM(S19:S21) -> 65 | T39: =SUM(T19:T21) -> 0 | U39: =SUM(U19:U21) -> 93 | V39: =SUM(V19:V21) -> 48 | W39: =SUM(W19:W21) -> 3 | X39: =SUM(X19:X21) -> 0 | Y39: =SUM(Y19:Y21) -> 54 | Z39: =SUM(Z19:Z21) -> 0 | ... AF39: =SUM(AF19:AF21) -> 640
B40: 14.30 - 14.45 | C40: 8 | D40: 0 | E40: 7 | F40: 0 | G40: 5 | H40: 0 | I40: 4 | J40: 0 | K40: 1 | L40: 0 | M40: 26 | N40: 0 | O40: =SUM(C40:L40,N40) -> 25 | P40: =SUM(C40:N40) -> 51 | R40: 12 Hours | S40: =SUM(S10:S21) -> 226 | T40: =SUM(T10:T21) -> 0 | U40: =SUM(U10:U21) -> 239 | V40: =SUM(V10:V21) -> 174 | W40: =SUM(W10:W21) -> 23 | X40: =SUM(X10:X21) -> 4 | Y40: =SUM(Y10:Y21) -> 158 | Z40: =SUM(Z10:Z21) -> 9 | ... AF40: =SUM(AF10:AF21) -> 2043
B41: 14.45 - 15.00 | C41: 3 | D41: 0 | E41: 4 | F41: 3 | G41: 1 | H41: 0 | I41: 4 | J41: 1 | K41: 2 | L41: 0 | M41: 28 | N41: 0 | O41: =SUM(C41:L41,N41) -> 18 | P41: =SUM(C41:N41) -> 46 | R41: 24 Hrs/ADT | S41: =SUM(S10:S33) -> 226 | T41: =SUM(T10:T33) -> 0 | U41: =SUM(U10:U33) -> 239 | V41: =SUM(V10:V33) -> 174 | W41: =SUM(W10:W33) -> 23 | X41: =SUM(X10:X33) -> 4 | Y41: =SUM(Y10:Y33) -> 158 | Z41: =SUM(Z10:Z33) -> 9 | ... AF41: =SUM(AF10:AF33) -> 2043
B42: 15.00 - 15.15 | C42: 3 | D42: 0 | E42: 10 | F42: 3 | G42: 0 | H42: 0 | I42: 4 | J42: 0 | K42: 1 | L42: 0 | M42: 18 | N42: 0 | O42: =SUM(C42:L42,N42) -> 21 | P42: =SUM(C42:N42) -> 39 | R42: NEF | S42: =S41/S40 -> 1 | T42: =T41/T40 -> #DIV/0! | U42: =U41/U40 -> 1 | V42: =V41/V40 -> 1 | W42: =W41/W40 -> 1 | X42: =X41/X40 -> 1 | Y42: =Y41/Y40 -> 1 | Z42: =Z41/Z40 -> 1 | ... AF42: =AF41/AF40 -> 1
B43: 15.15 - 15.30 | C43: 9 | D43: 0 | E43: 6 | F43: 6 | G43: 0 | H43: 0 | I43: 1 | J43: 0 | K43: 0 | L43: 0 | M43: 22 | N43: 0 | O43: =SUM(C43:L43,N43) -> 22 | P43: =SUM(C43:N43) -> 44
B44: 15.30 - 15.45 | C44: 6 | D44: 0 | E44: 6 | F44: 3 | G44: 0 | H44: 0 | I44: 1 | J44: 0 | K44: 0 | L44: 1 | M44: 18 | N44: 0 | O44: =SUM(C44:L44,N44) -> 17 | P44: =SUM(C44:N44) -> 35
B45: 15.45 - 16.00 | C45: 6 | D45: 0 | E45: 7 | F45: 4 | G45: 0 | H45: 0 | I45: 4 | J45: 0 | K45: 0 | L45: 0 | M45: 29 | N45: 0 | O45: =SUM(C45:L45,N45) -> 21 | P45: =SUM(C45:N45) -> 50
B46: 16.00 - 16.15 | C46: 3 | D46: 0 | E46: 2 | F46: 4 | G46: 0 | H46: 0 | I46: 3 | J46: 0 | K46: 0 | L46: 0 | M46: 34 | N46: 0 | O46: =SUM(C46:L46,N46) -> 12 | P46: =SUM(C46:N46) -> 46
B47: 16.15 -16.30 | C47: 10 | D47: 0 | E47: 6 | F47: 5 | G47: 0 | H47: 0 | I47: 4 | J47: 0 | K47: 0 | L47: 0 | M47: 24 | N47: 0 | O47: =SUM(C47:L47,N47) -> 25 | P47: =SUM(C47:N47) -> 49
B48: 16.30 -16.45 | C48: 7 | D48: 0 | E48: 5 | F48: 1 | G48: 1 | H48: 0 | I48: 4 | J48: 0 | K48: 0 | L48: 0 | M48: 20 | N48: 0 | O48: =SUM(C48:L48,N48) -> 18 | P48: =SUM(C48:N48) -> 38
B49: 16.45 -17.00 | C49: 3 | D49: 0 | E49: 6 | F49: 3 | G49: 0 | H49: 0 | I49: 2 | J49: 0 | K49: 1 | L49: 0 | M49: 28 | N49: 0 | O49: =SUM(C49:L49,N49) -> 15 | P49: =SUM(C49:N49) -> 43
B50: 17.00 -17.15 | C50: 2 | D50: 0 | E50: 10 | F50: 3 | G50: 0 | H50: 0 | I50: 7 | J50: 0 | K50: 2 | L50: 0 | M50: 29 | N50: 0 | O50: =SUM(C50:L50,N50) -> 24 | P50: =SUM(C50:N50) -> 53
B51: 17.15 -17.30 | C51: 5 | D51: 0 | E51: 8 | F51: 0 | G51: 0 | H51: 0 | I51: 8 | J51: 0 | K51: 0 | L51: 0 | M51: 23 | N51: 0 | O51: =SUM(C51:L51,N51) -> 21 | P51: =SUM(C51:N51) -> 44
B52: 17.30 -17.45 | C52: 6 | D52: 0 | E52: 13 | F52: 5 | G52: 0 | H52: 0 | I52: 1 | J52: 0 | K52: 0 | L52: 1 | M52: 32 | N52: 0 | O52: =SUM(C52:L52,N52) -> 26 | P52: =SUM(C52:N52) -> 58
B53: 17.45 -18.00 | C53: 5 | D53: 0 | E53: 9 | F53: 6 | G53: 0 | H53: 0 | I53: 7 | J53: 0 | K53: 0 | L53: 0 | M53: 36 | N53: 0 | O53: =SUM(C53:L53,N53) -> 27 | P53: =SUM(C53:N53) -> 63
B54: 18.00 - 18.15 | C54: 5 | D54: 0 | E54: 9 | F54: 3 | G54: 0 | H54: 0 | I54: 3 | J54: 0 | K54: 0 | L54: 0 | M54: 31 | N54: 0 | O54: =SUM(C54:L54,N54) -> 20 | P54: =SUM(C54:N54) -> 51
... B105: 06.45 - 07.00 | C105: 0 | D105: 0 | E105: 0 | F105: 0 | G105: 0 | H105: 0 | I105: 0 | J105: 0 | K105: 0 | L105: 0 | M105: 0 | N105: 0 | O105: =SUM(C105:L105,N105) -> 0 | P105: =SUM(C105:N105) -> 0
B106: Totals | C106: =SUM(C10:C105) -> 226 | D106: =SUM(D10:D105) -> 0 | E106: =SUM(E10:E105) -> 239 | F106: =SUM(F10:F105) -> 174 | G106: =SUM(G10:G105) -> 23 | H106: =SUM(H10:H105) -> 4 | I106: =SUM(I10:I105) -> 158 | J106: =SUM(J10:J105) -> 9 | ... P106: =SUM(P10:P105) -> 2043
B107: %ges + MCs | C107: =C106/$P$106 -> 0.11062163 | D107: =D106/$P$106 -> 0 | E107: =E106/$P$106 -> 0.11698483 | F107: =F106/$P$106 -> 0.085168869 | G107: =G106/$P$106 -> 0.011257954 | H107: =H106/$P$106 -> 0.001957905 | I107: =I106/$P$106 -> 0.077337249 | J107: =J106/$P$106 -> 0.0044052863 | ... N107: =N106/$P$106 -> 0
B108: %ges w/o MCs | C108: =C106/$O$106 -> 0.25711035 | D108: =D106/$O$106 -> 0 | E108: =E106/$O$106 -> 0.27189989 | F108: =F106/$O$106 -> 0.19795222 | G108: =G106/$O$106 -> 0.026166098 | H108: =H106/$O$106 -> 0.0045506257 | I108: =I106/$O$106 -> 0.17974972 | J108: =J106/$O$106 -> 0.010238908 | ... L108: =L106/$O$106 -> 0.018202503 | N108: =N106/$O$106 -> 0

Sheet 22.8 Kayunga-Kangulumira
B1: Consultancy services for Preparation of Expressway Development Master Plan (EDMP) for Uganda
B2: MANUAL CLASSIFIED COUNT (MCC)
B3: ROAD NAME: | C3: ='20.8 Kayunga-Kangulumira'!C3:G3 -> MCC-C3-STN90-KAYUNGA-KANGULUMIRA ROAD
C5: Date | D5: 22.08.19 | F5: Location | G5: ='19.8 Kayunga-Kangulumira'!G5:H5 -> Kayunga | J5: Surveyor | K5: ='19.8 Kayunga-Kangulumira'!K5:L5 -> Comfort
C6: Dir. From | D6: ='20.8 Kayunga-Kangulumira'!D6:E6 -> KAYUNGA | F6: Dir. To | G6: ='20.8 Kayunga-Kangulumira'!G6:H6 -> KANGULUMIRA | J6: Supervisor | K6: ='19.8 Kayunga-Kangulumira'!K6:L6 -> Bella
B8: Time / Veh Type | R8: SUMMARY TRAFFIC VOLUMES
C9: 1. Car | D9: 2. Station Wagon | E9: 3. Pickups | F9: 4. Minibus, matatu | G9: 5. Medium bus | H9: 6. Large Bus | I9: 7. Light Truck | J9: 8. Medium Truck | K9: 9. Heavy truck | L9: 10. Truck Trailer | M9: 11. Motor cycles | N9: 12. Tractors | O9: Total Excl M/Cycles | P9: Total All | R9: Time | S9: 1. Car | T9: 2. Station Wagon | U9: 3. Pickups | V9: 4. Minibus, matatu | W9: 5. Medium bus | X9: 6. Large Bus | Y9: 7. Light Truck | Z9: 8. Medium Truck | AA9: 9. Heavy truck | AB9: 10. Truck Trailer | AC9: 11. Motorcycles | AD9: 12. Tractors, Graders | AE9: Total Excl M/ Cycles | AF9: Total All
B10: 07.00 - 07.15 | C10: 1 | D10: 0 | E10: 2 | F10: 7 | G10: 0 | H10: 0 | I10: 2 | J10: 0 | K10: 0 | L10: 0 | M10: 24 | N10: 0 | O10: =SUM(C10:L10,N10) -> 12 | P10: =SUM(C10:N10) -> 36 | R10: 0700-0800 | S10: =SUM(C10:C13) -> 6 | T10: =SUM(D10:D13) -> 0 | U10: =SUM(E10:E13) -> 24 | V10: =SUM(F10:F13) -> 33 | W10: =SUM(G10:G13) -> 0 | X10: =SUM(H10:H13) -> 0 | Y10: =SUM(I10:I13) -> 8 | Z10: =SUM(J10:J13) -> 0 | ... AF10: =SUM(P10:P13) -> 191
B11: 07.15 - 07.30 | C11: 2 | D11: 0 | E11: 12 | F11: 6 | G11: 0 | H11: 0 | I11: 4 | J11: 0 | K11: 0 | L11: 0 | M11: 38 | N11: 0 | O11: =SUM(C11:L11,N11) -> 24 | P11: =SUM(C11:N11) -> 62 | R11: 0800-0900 | S11: =SUM(C14:C17) -> 16 | T11: =SUM(D14:D17) -> 0 | U11: =SUM(E14:E17) -> 22 | V11: =SUM(F14:F17) -> 17 | W11: =SUM(G14:G17) -> 0 | X11: =SUM(H14:H17) -> 0 | Y11: =SUM(I14:I17) -> 8 | Z11: =SUM(J14:J17) -> 2 | ... AF11: =SUM(P14:P17) -> 189
B12: 07.30 - 07.45 | C12: 1 | D12: 0 | E12: 5 | F12: 9 | G12: 0 | H12: 0 | I12: 1 | J12: 0 | K12: 0 | L12: 0 | M12: 30 | N12: 0 | O12: =SUM(C12:L12,N12) -> 16 | P12: =SUM(C12:N12) -> 46 | R12: 0900-1000 | S12: =SUM(C18:C21) -> 15 | T12: =SUM(D18:D21) -> 0 | U12: =SUM(E18:E21) -> 17 | V12: =SUM(F18:F21) -> 14 | W12: =SUM(G18:G21) -> 1 | X12: =SUM(H18:H21) -> 0 | Y12: =SUM(I18:I21) -> 5 | Z12: =SUM(J18:J21) -> 0 | ... AF12: =SUM(P18:P21) -> 191
B13: 07.45 - 08.00 | C13: 2 | D13: 0 | E13: 5 | F13: 11 | G13: 0 | H13: 0 | I13: 1 | J13: 0 | K13: 0 | L13: 0 | M13: 28 | N13: 0 | O13: =SUM(C13:L13,N13) -> 19 | P13: =SUM(C13:N13) -> 47 | R13: 1000-1100 | S13: =SUM(C22:C25) -> 15 | T13: =SUM(D22:D25) -> 0 | U13: =SUM(E22:E25) -> 30 | V13: =SUM(F22:F25) -> 13 | W13: =SUM(G22:G25) -> 2 | X13: =SUM(H22:H25) -> 1 | Y13: =SUM(I22:I25) -> 8 | Z13: =SUM(J22:J25) -> 0 | ... AF13: =SUM(P22:P25) -> 169
B14: 08.00 - 08.15 | C14: 3 | D14: 0 | E14: 8 | F14: 2 | G14: 0 | H14: 0 | I14: 2 | J14: 1 | K14: 0 | L14: 0 | M14: 30 | N14: 0 | O14: =SUM(C14:L14,N14) -> 16 | P14: =SUM(C14:N14) -> 46 | R14: 1100-1200 | S14: =SUM(C26:C29) -> 23 | T14: =SUM(D26:D29) -> 0 | U14: =SUM(E26:E29) -> 19 | V14: =SUM(F26:F29) -> 17 | W14: =SUM(G26:G29) -> 0 | X14: =SUM(H26:H29) -> 0 | Y14: =SUM(I26:I29) -> 19 | Z14: =SUM(J26:J29) -> 0 | ... AF14: =SUM(P26:P29) -> 186
B15: 08.15 - 08.30 | C15: 4 | D15: 0 | E15: 3 | F15: 6 | G15: 0 | H15: 0 | I15: 3 | J15: 0 | K15: 0 | L15: 0 | M15: 40 | N15: 0 | O15: =SUM(C15:L15,N15) -> 16 | P15: =SUM(C15:N15) -> 56 | R15: 1200-1300 | S15: =SUM(C30:C33) -> 21 | T15: =SUM(D30:D33) -> 0 | U15: =SUM(E30:E33) -> 27 | V15: =SUM(F30:F33) -> 18 | W15: =SUM(G30:G33) -> 7 | X15: =SUM(H30:H33) -> 0 | Y15: =SUM(I30:I33) -> 16 | Z15: =SUM(J30:J33) -> 0 | ... AF15: =SUM(P30:P33) -> 197
B16: 08.30 - 08.45 | C16: 5 | D16: 0 | E16: 4 | F16: 4 | G16: 0 | H16: 0 | I16: 1 | J16: 1 | K16: 0 | L16: 0 | M16: 24 | N16: 0 | O16: =SUM(C16:L16,N16) -> 15 | P16: =SUM(C16:N16) -> 39 | R16: 1300-1400 | S16: =SUM(C34:C37) -> 21 | T16: =SUM(D34:D37) -> 0 | U16: =SUM(E34:E37) -> 25 | V16: =SUM(F34:F37) -> 19 | W16: =SUM(G34:G37) -> 2 | X16: =SUM(H34:H37) -> 0 | Y16: =SUM(I34:I37) -> 22 | Z16: =SUM(J34:J37) -> 0 | ... AF16: =SUM(P34:P37) -> 181
B17: 08.45 - 9.00 | C17: 4 | D17: 0 | E17: 7 | F17: 5 | G17: 0 | H17: 0 | I17: 2 | J17: 0 | K17: 0 | L17: 0 | M17: 30 | N17: 0 | O17: =SUM(C17:L17,N17) -> 18 | P17: =SUM(C17:N17) -> 48 | R17: 1400-1500 | S17: =SUM(C38:C41) -> 27 | T17: =SUM(D38:D41) -> 0 | U17: =SUM(E38:E41) -> 19 | V17: =SUM(F38:F41) -> 16 | W17: =SUM(G38:G41) -> 1 | X17: =SUM(H38:H41) -> 0 | Y17: =SUM(I38:I41) -> 16 | Z17: =SUM(J38:J41) -> 1 | ... AF17: =SUM(P38:P41) -> 189
B18: 09.00 - 09.15 | C18: 4 | D18: 0 | E18: 7 | F18: 4 | G18: 0 | H18: 0 | I18: 1 | J18: 0 | K18: 1 | L18: 0 | M18: 33 | N18: 0 | O18: =SUM(C18:L18,N18) -> 17 | P18: =SUM(C18:N18) -> 50 | R18: 1500-1600 | S18: =SUM(C42:C45) -> 21 | T18: =SUM(D42:D45) -> 0 | U18: =SUM(E42:E45) -> 15 | V18: =SUM(F42:F45) -> 12 | W18: =SUM(G42:G45) -> 0 | X18: =SUM(H42:H45) -> 1 | Y18: =SUM(I42:I45) -> 22 | Z18: =SUM(J42:J45) -> 3 | ... AF18: =SUM(P42:P45) -> 176
B19: 09.15 - 09.30 | C19: 2 | D19: 0 | E19: 4 | F19: 4 | G19: 0 | H19: 0 | I19: 2 | J19: 0 | K19: 2 | L19: 0 | M19: 38 | N19: 0 | O19: =SUM(C19:L19,N19) -> 14 | P19: =SUM(C19:N19) -> 52 | R19: 1600-1700 | S19: =SUM(C46:C49) -> 15 | T19: =SUM(D46:D49) -> 0 | U19: =SUM(E46:E49) -> 17 | V19: =SUM(F46:F49) -> 15 | W19: =SUM(G46:G49) -> 2 | X19: =SUM(H46:H49) -> 1 | Y19: =SUM(I46:I49) -> 12 | Z19: =SUM(J46:J49) -> 3 | ... AF19: =SUM(P46:P49) -> 162
B20: 09.30 - 09.45 | C20: 4 | D20: 0 | E20: 3 | F20: 3 | G20: 0 | H20: 0 | I20: 1 | J20: 0 | K20: 2 | L20: 0 | M20: 32 | N20: 0 | O20: =SUM(C20:L20,N20) -> 13 | P20: =SUM(C20:N20) -> 45 | R20: 1700-1800 | S20: =SUM(C50:C53) -> 25 | T20: =SUM(D50:D53) -> 0 | U20: =SUM(E50:E53) -> 24 | V20: =SUM(F50:F53) -> 25 | W20: =SUM(G50:G53) -> 0 | X20: =SUM(H50:H53) -> 1 | Y20: =SUM(I50:I53) -> 26 | Z20: =SUM(J50:J53) -> 2 | ... AF20: =SUM(P50:P53) -> 217
B21: 09.45 - 10.00 | C21: 5 | D21: 0 | E21: 3 | F21: 3 | G21: 1 | H21: 0 | I21: 1 | J21: 0 | K21: 0 | L21: 0 | M21: 31 | N21: 0 | O21: =SUM(C21:L21,N21) -> 13 | P21: =SUM(C21:N21) -> 44 | R21: 1800-1900 | S21: =SUM(C54:C57) -> 28 | T21: =SUM(D54:D57) -> 0 | U21: =SUM(E54:E57) -> 21 | V21: =SUM(F54:F57) -> 18 | W21: =SUM(G54:G57) -> 0 | X21: =SUM(H54:H57) -> 4 | Y21: =SUM(I54:I57) -> 26 | Z21: =SUM(J54:J57) -> 8 | ... AF21: =SUM(P54:P57) -> 207
B22: 10.00 - 10.15 | C22: 0 | D22: 0 | E22: 4 | F22: 5 | G22: 0 | H22: 0 | I22: 1 | J22: 0 | K22: 0 | L22: 0 | M22: 23 | N22: 0 | O22: =SUM(C22:L22,N22) -> 10 | P22: =SUM(C22:N22) -> 33 | R22: AM Peak Hr | S22: =MAX(S10:S12) -> 16 | T22: =MAX(T10:T12) -> 0 | U22: =MAX(U10:U12) -> 24 | V22: =MAX(V10:V12) -> 33 | W22: =MAX(W10:W12) -> 1 | X22: =MAX(X10:X12) -> 0 | Y22: =MAX(Y10:Y12) -> 8 | Z22: =MAX(Z10:Z12) -> 2 | ... AF22: =MAX(AF10:AF12) -> 191
B23: 10.15 - 10.30 | C23: 3 | D23: 0 | E23: 11 | F23: 2 | G23: 1 | H23: 0 | I23: 4 | J23: 0 | K23: 1 | L23: 0 | M23: 25 | N23: 0 | O23: =SUM(C23:L23,N23) -> 22 | P23: =SUM(C23:N23) -> 47 | R23: IP Peak Hr | S23: =MAX(S13:S18) -> 27 | T23: =MAX(T13:T18) -> 0 | U23: =MAX(U13:U18) -> 30 | V23: =MAX(V13:V18) -> 19 | W23: =MAX(W13:W18) -> 7 | X23: =MAX(X13:X18) -> 1 | Y23: =MAX(Y13:Y18) -> 22 | Z23: =MAX(Z13:Z18) -> 3 | ... AF23: =MAX(AF13:AF18) -> 197
B24: 10.30 - 10.45 | C24: 5 | D24: 0 | E24: 8 | F24: 3 | G24: 1 | H24: 1 | I24: 3 | J24: 0 | K24: 1 | L24: 0 | M24: 19 | N24: 0 | O24: =SUM(C24:L24,N24) -> 22 | P24: =SUM(C24:N24) -> 41 | R24: PM Peak Hr | S24: =MAX(S19:S21) -> 28 | T24: =MAX(T19:T21) -> 0 | U24: =MAX(U19:U21) -> 24 | V24: =MAX(V19:V21) -> 25 | W24: =MAX(W19:W21) -> 2 | X24: =MAX(X19:X21) -> 4 | Y24: =MAX(Y19:Y21) -> 26 | Z24: =MAX(Z19:Z21) -> 8 | ... AF24: =MAX(AF19:AF21) -> 217
B25: 10.45 - 11.00 | C25: 7 | D25: 0 | E25: 7 | F25: 3 | G25: 0 | H25: 0 | I25: 0 | J25: 0 | K25: 0 | L25: 0 | M25: 31 | N25: 0 | O25: =SUM(C25:L25,N25) -> 17 | P25: =SUM(C25:N25) -> 48 | R25: AM Period | S25: =SUM(S10:S12) -> 37 | T25: =SUM(T10:T12) -> 0 | U25: =SUM(U10:U12) -> 63 | V25: =SUM(V10:V12) -> 64 | W25: =SUM(W10:W12) -> 1 | X25: =SUM(X10:X12) -> 0 | Y25: =SUM(Y10:Y12) -> 21 | Z25: =SUM(Z10:Z12) -> 2 | ... AF25: =SUM(AF10:AF12) -> 571
B26: 11.00 - 11.15 | C26: 2 | D26: 0 | E26: 3 | F26: 5 | G26: 0 | H26: 0 | I26: 0 | J26: 0 | K26: 0 | L26: 0 | M26: 20 | N26: 0 | O26: =SUM(C26:L26,N26) -> 10 | P26: =SUM(C26:N26) -> 30 | R26: IP Period | S26: =SUM(S13:S18) -> 128 | T26: =SUM(T13:T18) -> 0 | U26: =SUM(U13:U18) -> 135 | V26: =SUM(V13:V18) -> 95 | W26: =SUM(W13:W18) -> 12 | X26: =SUM(X13:X18) -> 2 | Y26: =SUM(Y13:Y18) -> 103 | Z26: =SUM(Z13:Z18) -> 4 | ... AF26: =SUM(AF13:AF18) -> 1098
B27: 11.15 - 11.30 | C27: 8 | D27: 0 | E27: 4 | F27: 1 | G27: 0 | H27: 0 | I27: 6 | J27: 0 | K27: 0 | L27: 0 | M27: 35 | N27: 0 | O27: =SUM(C27:L27,N27) -> 19 | P27: =SUM(C27:N27) -> 54 | R27: PM Period | S27: =SUM(S19:S21) -> 68 | T27: =SUM(T19:T21) -> 0 | U27: =SUM(U19:U21) -> 62 | V27: =SUM(V19:V21) -> 58 | W27: =SUM(W19:W21) -> 2 | X27: =SUM(X19:X21) -> 6 | Y27: =SUM(Y19:Y21) -> 64 | Z27: =SUM(Z19:Z21) -> 13 | ... AF27: =SUM(AF19:AF21) -> 586
B28: 11.30 - 11.45 | C28: 7 | D28: 0 | E28: 8 | F28: 6 | G28: 0 | H28: 0 | I28: 10 | J28: 0 | K28: 2 | L28: 0 | M28: 30 | N28: 0 | O28: =SUM(C28:L28,N28) -> 33 | P28: =SUM(C28:N28) -> 63 | R28: 12 Hours | S28: =SUM(S10:S21) -> 233 | T28: =SUM(T10:T21) -> 0 | U28: =SUM(U10:U21) -> 260 | V28: =SUM(V10:V21) -> 217 | W28: =SUM(W10:W21) -> 15 | X28: =SUM(X10:X21) -> 8 | Y28: =SUM(Y10:Y21) -> 188 | Z28: =SUM(Z10:Z21) -> 19 | ... AF28: =SUM(AF10:AF21) -> 2255
B29: 11.45 - 12.00 | C29: 6 | D29: 0 | E29: 4 | F29: 5 | G29: 0 | H29: 0 | I29: 3 | J29: 0 | K29: 1 | L29: 0 | M29: 20 | N29: 0 | O29: =SUM(C29:L29,N29) -> 19 | P29: =SUM(C29:N29) -> 39
B30: 12.00 - 12.15 | C30: 5 | D30: 0 | E30: 5 | F30: 4 | G30: 2 | H30: 0 | I30: 1 | J30: 0 | K30: 1 | L30: 0 | M30: 27 | N30: 0 | O30: =SUM(C30:L30,N30) -> 18 | P30: =SUM(C30:N30) -> 45
B31: 12.15 - 12.30 | C31: 7 | D31: 0 | E31: 7 | F31: 8 | G31: 5 | H31: 0 | I31: 5 | J31: 0 | K31: 1 | L31: 0 | M31: 26 | N31: 0 | O31: =SUM(C31:L31,N31) -> 33 | P31: =SUM(C31:N31) -> 59
B32: 12.30 - 12.45 | C32: 4 | D32: 0 | E32: 9 | F32: 3 | G32: 0 | H32: 0 | I32: 5 | J32: 0 | K32: 0 | L32: 0 | M32: 23 | N32: 0 | O32: =SUM(C32:L32,N32) -> 21 | P32: =SUM(C32:N32) -> 44
B33: 12.45 - 13.00 | C33: 5 | D33: 0 | E33: 6 | F33: 3 | G33: 0 | H33: 0 | I33: 5 | J33: 0 | K33: 0 | L33: 0 | M33: 30 | N33: 0 | O33: =SUM(C33:L33,N33) -> 19 | P33: =SUM(C33:N33) -> 49
B34: 13.00 - 13.15 | C34: 5 | D34: 0 | E34: 5 | F34: 6 | G34: 0 | H34: 0 | I34: 10 | J34: 0 | K34: 1 | L34: 0 | M34: 29 | N34: 0 | O34: =SUM(C34:L34,N34) -> 27 | P34: =SUM(C34:N34) -> 56
B35: 13.15 - 13.30 | C35: 5 | D35: 0 | E35: 9 | F35: 5 | G35: 2 | H35: 0 | I35: 4 | J35: 0 | K35: 0 | L35: 0 | M35: 29 | N35: 0 | O35: =SUM(C35:L35,N35) -> 25 | P35: =SUM(C35:N35) -> 54
B36: 13.30 - 13.45 | C36: 7 | D36: 0 | E36: 7 | F36: 6 | G36: 0 | H36: 0 | I36: 5 | J36: 0 | K36: 1 | L36: 0 | M36: 19 | N36: 0 | O36: =SUM(C36:L36,N36) -> 26 | P36: =SUM(C36:N36) -> 45
B37: 13.45 - 14.00 | C37: 4 | D37: 0 | E37: 4 | F37: 2 | G37: 0 | H37: 0 | I37: 3 | J37: 0 | K37: 0 | L37: 0 | M37: 13 | N37: 0 | O37: =SUM(C37:L37,N37) -> 13 | P37: =SUM(C37:N37) -> 26
B38: 14.00 - 14.15 | C38: 1 | D38: 0 | E38: 5 | F38: 4 | G38: 0 | H38: 0 | I38: 6 | J38: 0 | K38: 0 | L38: 2 | M38: 25 | N38: 0 | O38: =SUM(C38:L38,N38) -> 18 | P38: =SUM(C38:N38) -> 43
B39: 14.15 - 14.30 | C39: 5 | D39: 0 | E39: 3 | F39: 3 | G39: 1 | H39: 0 | I39: 1 | J39: 1 | K39: 3 | L39: 0 | M39: 28 | N39: 0 | O39: =SUM(C39:L39,N39) -> 17 | P39: =SUM(C39:N39) -> 45
B40: 14.30 - 14.45 | C40: 13 | D40: 0 | E40: 10 | F40: 6 | G40: 0 | H40: 0 | I40: 3 | J40: 0 | K40: 0 | L40: 0 | M40: 27 | N40: 0 | O40: =SUM(C40:L40,N40) -> 32 | P40: =SUM(C40:N40) -> 59
... B57: 18.45 - 19.00 | C57: 2 | D57: 0 | E57: 1 | F57: 4 | G57: 0 | H57: 1 | I57: 4 | J57: 3 | K57: 1 | L57: 0 | M57: 22 | N57: 0 | O57: =SUM(C57:L57,N57) -> 16 | P57: =SUM(C57:N57) -> 38
B58: Totals | C58: =SUM(C10:C57) -> 233 | D58: =SUM(D10:D57) -> 0 | E58: =SUM(E10:E57) -> 260 | F58: =SUM(F10:F57) -> 217 | G58: =SUM(G10:G57) -> 15 | H58: =SUM(H10:H57) -> 8 | I58: =SUM(I10:I57) -> 188 | J58: =SUM(J10:J57) -> 19 | ... P58: =SUM(P10:P57) -> 2255
B59: %ges + MCs | C59: =C58/$P$58 -> 0.10332594 | D59: =D58/$P$58 -> 0 | E59: =E58/$P$58 -> 0.11529933 | F59: =F58/$P$58 -> 0.096230599 | G59: =G58/$P$58 -> 0.0066518847 | H59: =H58/$P$58 -> 0.0035476718 | I59: =I58/$P$58 -> 0.083370288 | J59: =J58/$P$58 -> 0.0084257206 | ... N59: =N58/$P$58 -> 0
B60: %ges w/o MCs | C60: =C58/$O$58 -> 0.23872951 | D60: =D58/$O$58 -> 0 | E60: =E58/$O$58 -> 0.26639344 | F60: =F58/$O$58 -> 0.22233607 | G60: =G58/$O$58 -> 0.015368852 | H60: =H58/$O$58 -> 0.0081967213 | I60: =I58/$O$58 -> 0.19262295 | J60: =J58/$O$58 -> 0.019467213 | ... L60: =L58/$O$58 -> 0.010245902 | N60: =N58/$O$58 -> 0

Sheet 22.8 Kaangulumira-Kayunga
B1: Consultancy services for Preparation of Expressway Development Master Plan (EDMP) for Uganda
B2: MANUAL CLASSIFIED COUNT (MCC)
B3: ROAD NAME: | C3: ='19.8 Kayunga-Kangulumira'!C3:G3 -> MCC-C3-STN90-KAYUNGA-KANGULUMIRA ROAD
C5: Date | D5: 22.08.19 | F5: Location | G5: ='21.8 Kangulumira-Kayunga'!G5:H5 | J5: Surveyor | K5: ='21.8 Kangulumira-Kayunga'!K5:L5
C6: Dir. From | D6: KANGULUMIRA | F6: Dir. To | G6: KAYUNGA | J6: Supervisor | K6: ='21.8 Kangulumira-Kayunga'!K6:L6
B8: Time / Veh Type | R8: SUMMARY TRAFFIC VOLUMES
C9: 1. Car | D9: 2. Station Wagon | E9: 3. Pickups | F9: 4. Minibus, matatu | G9: 5. Medium bus | H9: 6. Large Bus | I9: 7. Light Truck | J9: 8. Medium Truck | K9: 9. Heavy truck | L9: 10. Truck Trailer | M9: 11. Motor cycles | N9: 12. Tractors | O9: Total Excl M/Cycles | P9: Total All | R9: Time | S9: 1. Car | T9: 2. Station Wagon | U9: 3. Pickups | V9: 4. Minibus, matatu | W9: 5. Medium bus | X9: 6. Large Bus | Y9: 7. Light Truck | Z9: 8. Medium Truck | AA9: 9. Heavy truck | AB9: 10. Truck Trailer | AC9: 11. Motorcycles | AD9: 12. Tractors, Graders | AE9: Total Excl M/ Cycles | AF9: Total All
B10: 07.00 - 07.15 | C10: 1 | D10: 0 | E10: 4 | F10: 3 | G10: 0 | H10: 0 | I10: 2 | J10: 1 | K10: 0 | L10: 2 | M10: 8 | N10: 0 | O10: =SUM(C10:L10,N10) -> 13 | P10: =SUM(C10:N10) -> 21 | R10: 0700-0800 | S10: =SUM(C10:C13) -> 10 | T10: =SUM(D10:D13) -> 0 | U10: =SUM(E10:E13) -> 18 | V10: =SUM(F10:F13) -> 15 | W10: =SUM(G10:G13) -> 1 | X10: =SUM(H10:H13) -> 0 | Y10: =SUM(I10:I13) -> 7 | Z10: =SUM(J10:J13) -> 4 | ... AF10: =SUM(P10:P13) -> 119
B11: 07.15 - 07.30 | C11: 3 | D11: 0 | E11: 3 | F11: 6 | G11: 0 | H11: 0 | I11: 0 | J11: 0 | K11: 0 | L11: 0 | M11: 13 | N11: 0 | O11: =SUM(C11:L11,N11) -> 12 | P11: =SUM(C11:N11) -> 25 | R11: 0800-0900 | S11: =SUM(C14:C17) -> 12 | T11: =SUM(D14:D17) -> 0 | U11: =SUM(E14:E17) -> 19 | V11: =SUM(F14:F17) -> 12 | W11: =SUM(G14:G17) -> 0 | X11: =SUM(H14:H17) -> 2 | Y11: =SUM(I14:I17) -> 6 | Z11: =SUM(J14:J17) -> 2 | ... AF11: =SUM(P14:P17) -> 139
B12: 07.30 - 07.45 | C12: 4 | D12: 0 | E12: 6 | F12: 4 | G12: 1 | H12: 0 | I12: 3 | J12: 3 | K12: 4 | L12: 1 | M12: 14 | N12: 0 | O12: =SUM(C12:L12,N12) -> 26 | P12: =SUM(C12:N12) -> 40 | R12: 0900-1000 | S12: =SUM(C18:C21) -> 9 | T12: =SUM(D18:D21) -> 0 | U12: =SUM(E18:E21) -> 27 | V12: =SUM(F18:F21) -> 12 | W12: =SUM(G18:G21) -> 1 | X12: =SUM(H18:H21) -> 0 | Y12: =SUM(I18:I21) -> 8 | Z12: =SUM(J18:J21) -> 2 | ... AF12: =SUM(P18:P21) -> 157
B13: 07.45 - 08.00 | C13: 2 | D13: 0 | E13: 5 | F13: 2 | G13: 0 | H13: 0 | I13: 2 | J13: 0 | K13: 1 | L13: 1 | M13: 20 | N13: 0 | O13: =SUM(C13:L13,N13) -> 13 | P13: =SUM(C13:N13) -> 33 | R13: 1000-1100 | S13: =SUM(C22:C25) -> 11 | T13: =SUM(D22:D25) -> 0 | U13: =SUM(E22:E25) -> 16 | V13: =SUM(F22:F25) -> 19 | W13: =SUM(G22:G25) -> 2 | X13: =SUM(H22:H25) -> 0 | Y13: =SUM(I22:I25) -> 16 | Z13: =SUM(J22:J25) -> 0 | ... AF13: =SUM(P22:P25) -> 172
B14: 08.00 - 08.15 | C14: 2 | D14: 0 | E14: 7 | F14: 2 | G14: 0 | H14: 0 | I14: 1 | J14: 0 | K14: 0 | L14: 1 | M14: 20 | N14: 0 | O14: =SUM(C14:L14,N14) -> 13 | P14: =SUM(C14:N14) -> 33 | R14: 1100-1200 | S14: =SUM(C26:C29) -> 24 | T14: =SUM(D26:D29) -> 0 | U14: =SUM(E26:E29) -> 13 | V14: =SUM(F26:F29) -> 21 | W14: =SUM(G26:G29) -> 0 | X14: =SUM(H26:H29) -> 0 | Y14: =SUM(I26:I29) -> 14 | Z14: =SUM(J26:J29) -> 1 | ... AF14: =SUM(P26:P29) -> 176
B15: 08.15 - 08.30 | C15: 2 | D15: 0 | E15: 3 | F15: 2 | G15: 0 | H15: 1 | I15: 0 | J15: 0 | K15: 0 | L15: 0 | M15: 24 | N15: 0 | O15: =SUM(C15:L15,N15) -> 8 | P15: =SUM(C15:N15) -> 32 | R15: 1200-1300 | S15: =SUM(C30:C33) -> 19 | T15: =SUM(D30:D33) -> 0 | U15: =SUM(E30:E33) -> 15 | V15: =SUM(F30:F33) -> 16 | W15: =SUM(G30:G33) -> 0 | X15: =SUM(H30:H33) -> 0 | Y15: =SUM(I30:I33) -> 10 | Z15: =SUM(J30:J33) -> 1 | ... AF15: =SUM(P30:P33) -> 162
B16: 08.30 - 08.45 | C16: 4 | D16: 0 | E16: 4 | F16: 5 | G16: 0 | H16: 0 | I16: 3 | J16: 2 | K16: 2 | L16: 0 | M16: 17 | N16: 0 | O16: =SUM(C16:L16,N16) -> 20 | P16: =SUM(C16:N16) -> 37 | R16: 1300-1400 | S16: =SUM(C34:C37) -> 15 | T16: =SUM(D34:D37) -> 0 | U16: =SUM(E34:E37) -> 14 | V16: =SUM(F34:F37) -> 17 | W16: =SUM(G34:G37) -> 1 | X16: =SUM(H34:H37) -> 1 | Y16: =SUM(I34:I37) -> 14 | Z16: =SUM(J34:J37) -> 2 | ... AF16: =SUM(P34:P37) -> 162
B17: 08.45 - 9.00 | C17: 4 | D17: 0 | E17: 5 | F17: 3 | G17: 0 | H17: 1 | I17: 2 | J17: 0 | K17: 0 | L17: 0 | M17: 22 | N17: 0 | O17: =SUM(C17:L17,N17) -> 15 | P17: =SUM(C17:N17) -> 37 | R17: 1400-1500 | S17: =SUM(C38:C41) -> 24 | T17: =SUM(D38:D41) -> 0 | U17: =SUM(E38:E41) -> 25 | V17: =SUM(F38:F41) -> 16 | W17: =SUM(G38:G41) -> 1 | X17: =SUM(H38:H41) -> 0 | Y17: =SUM(I38:I41) -> 20 | Z17: =SUM(J38:J41) -> 2 | ... AF17: =SUM(P38:P41) -> 190
B18: 09.00 - 09.15 | C18: 2 | D18: 0 | E18: 7 | F18: 5 | G18: 0 | H18: 0 | I18: 0 | J18: 0 | K18: 0 | L18: 0 | M18: 29 | N18: 0 | O18: =SUM(C18:L18,N18) -> 14 | P18: =SUM(C18:N18) -> 43 | R18: 1500-1600 | S18: =SUM(C42:C45) -> 28 | T18: =SUM(D42:D45) -> 0 | U18: =SUM(E42:E45) -> 37 | V18: =SUM(F42:F45) -> 10 | W18: =SUM(G42:G45) -> 2 | X18: =SUM(H42:H45) -> 0 | Y18: =SUM(I42:I45) -> 23 | Z18: =SUM(J42:J45) -> 4 | ... AF18: =SUM(P42:P45) -> 201
B19: 09.15 - 09.30 | C19: 2 | D19: 0 | E19: 7 | F19: 2 | G19: 0 | H19: 0 | I19: 2 | J19: 1 | K19: 0 | L19: 0 | M19: 20 | N19: 0 | O19: =SUM(C19:L19,N19) -> 14 | P19: =SUM(C19:N19) -> 34 | R19: 1600-1700 | S19: =SUM(C46:C49) -> 32 | T19: =SUM(D46:D49) -> 0 | U19: =SUM(E46:E49) -> 32 | V19: =SUM(F46:F49) -> 13 | W19: =SUM(G46:G49) -> 2 | X19: =SUM(H46:H49) -> 0 | Y19: =SUM(I46:I49) -> 12 | Z19: =SUM(J46:J49) -> 0 | ... AF19: =SUM(P46:P49) -> 204
B20: 09.30 - 09.45 | C20: 3 | D20: 0 | E20: 4 | F20: 3 | G20: 0 | H20: 0 | I20: 1 | J20: 1 | K20: 0 | L20: 0 | M20: 23 | N20: 0 | O20: =SUM(C20:L20,N20) -> 12 | P20: =SUM(C20:N20) -> 35 | R20: 1700-1800 | S20: =SUM(C50:C53) -> 39 | T20: =SUM(D50:D53) -> 0 | U20: =SUM(E50:E53) -> 29 | V20: =SUM(F50:F53) -> 19 | W20: =SUM(G50:G53) -> 1 | X20: =SUM(H50:H53) -> 0 | Y20: =SUM(I50:I53) -> 21 | Z20: =SUM(J50:J53) -> 8 | ... AF20: =SUM(P50:P53) -> 251
B21: 09.45 - 10.00 | C21: 2 | D21: 0 | E21: 9 | F21: 2 | G21: 1 | H21: 0 | I21: 5 | J21: 0 | K21: 1 | L21: 0 | M21: 25 | N21: 0 | O21: =SUM(C21:L21,N21) -> 20 | P21: =SUM(C21:N21) -> 45 | R21: 1800-1900 | S21: =SUM(C54:C57) -> 22 | T21: =SUM(D54:D57) -> 0 | U21: =SUM(E54:E57) -> 45 | V21: =SUM(F54:F57) -> 24 | W21: =SUM(G54:G57) -> 3 | X21: =SUM(H54:H57) -> 0 | Y21: =SUM(I54:I57) -> 16 | Z21: =SUM(J54:J57) -> 0 | ... AF21: =SUM(P54:P57) -> 240
B22: 10.00 - 10.15 | C22: 2 | D22: 0 | E22: 3 | F22: 2 | G22: 0 | H22: 0 | I22: 3 | J22: 0 | K22: 2 | L22: 1 | M22: 20 | N22: 0 | O22: =SUM(C22:L22,N22) -> 13 | P22: =SUM(C22:N22) -> 33 | R22: 1900-2000 | S22: =SUM(C58:C61) -> 0 | T22: =SUM(D58:D61) -> 0 | U22: =SUM(E58:E61) -> 3 | V22: =SUM(F58:F61) -> 2 | W22: =SUM(G58:G61) -> 0 | X22: =SUM(H58:H61) -> 0 | Y22: =SUM(I58:I61) -> 3 | Z22: =SUM(J58:J61) -> 0 | ... AF22: =SUM(P58:P61) -> 24
B23: 10.15 - 10.30 | C23: 5 | D23: 0 | E23: 6 | F23: 5 | G23: 0 | H23: 0 | I23: 4 | J23: 0 | K23: 1 | L23: 0 | M23: 33 | N23: 0 | O23: =SUM(C23:L23,N23) -> 21 | P23: =SUM(C23:N23) -> 54 | R23: 2000-2100 | S23: =SUM(C62:C65) -> 0 | T23: =SUM(D62:D65) -> 0 | U23: =SUM(E62:E65) -> 0 | V23: =SUM(F62:F65) -> 0 | W23: =SUM(G62:G65) -> 0 | X23: =SUM(H62:H65) -> 0 | Y23: =SUM(I62:I65) -> 0 | Z23: =SUM(J62:J65) -> 0 | ... AF23: =SUM(P62:P65) -> 0
B24: 10.30 - 10.45 | C24: 3 | D24: 0 | E24: 4 | F24: 5 | G24: 2 | H24: 0 | I24: 5 | J24: 0 | K24: 0 | L24: 0 | M24: 23 | N24: 0 | O24: =SUM(C24:L24,N24) -> 19 | P24: =SUM(C24:N24) -> 42 | R24: 2100-2200 | S24: =SUM(C66:C69) -> 0 | T24: =SUM(D66:D69) -> 0 | U24: =SUM(E66:E69) -> 0 | V24: =SUM(F66:F69) -> 0 | W24: =SUM(G66:G69) -> 0 | X24: =SUM(H66:H69) -> 0 | Y24: =SUM(I66:I69) -> 0 | Z24: =SUM(J66:J69) -> 0 | ... AF24: =SUM(P66:P69) -> 0
B25: 10.45 - 11.00 | C25: 1 | D25: 0 | E25: 3 | F25: 7 | G25: 0 | H25: 0 | I25: 4 | J25: 0 | K25: 0 | L25: 0 | M25: 28 | N25: 0 | O25: =SUM(C25:L25,N25) -> 15 | P25: =SUM(C25:N25) -> 43 | R25: 2200-2300 | S25: =SUM(C70:C73) -> 0 | T25: =SUM(D70:D73) -> 0 | U25: =SUM(E70:E73) -> 0 | V25: =SUM(F70:F73) -> 0 | W25: =SUM(G70:G73) -> 0 | X25: =SUM(H70:H73) -> 0 | Y25: =SUM(I70:I73) -> 0 | Z25: =SUM(J70:J73) -> 0 | ... AF25: =SUM(P70:P73) -> 0
B26: 11.00 - 11.15 | C26: 7 | D26: 0 | E26: 1 | F26: 6 | G26: 0 | H26: 0 | I26: 1 | J26: 0 | K26: 1 | L26: 1 | M26: 26 | N26: 0 | O26: =SUM(C26:L26,N26) -> 17 | P26: =SUM(C26:N26) -> 43 | R26: 2300-0000 | S26: =SUM(C74:C77) -> 0 | T26: =SUM(D74:D77) -> 0 | U26: =SUM(E74:E77) -> 0 | V26: =SUM(F74:F77) -> 0 | W26: =SUM(G74:G77) -> 0 | X26: =SUM(H74:H77) -> 0 | Y26: =SUM(I74:I77) -> 0 | Z26: =SUM(J74:J77) -> 0 | ... AF26: =SUM(P74:P77) -> 0
B27: 11.15 - 11.30 | C27: 8 | D27: 0 | E27: 5 | F27: 5 | G27: 0 | H27: 0 | I27: 3 | J27: 0 | K27: 0 | L27: 0 | M27: 24 | N27: 0 | O27: =SUM(C27:L27,N27) -> 21 | P27: =SUM(C27:N27) -> 45 | R27: 0000-0100 | S27: =SUM(C78:C81) -> 0 | T27: =SUM(D78:D81) -> 0 | U27: =SUM(E78:E81) -> 0 | V27: =SUM(F78:F81) -> 0 | W27: =SUM(G78:G81) -> 0 | X27: =SUM(H78:H81) -> 0 | Y27: =SUM(I78:I81) -> 0 | Z27: =SUM(J78:J81) -> 0 | ... AF27: =SUM(P78:P81) -> 0
B28: 11.30 - 11.45 | C28: 6 | D28: 0 | E28: 3 | F28: 4 | G28: 0 | H28: 0 | I28: 8 | J28: 1 | K28: 2 | L28: 0 | M28: 25 | N28: 0 | O28: =SUM(C28:L28,N28) -> 24 | P28: =SUM(C28:N28) -> 49 | R28: 0100-0200 | S28: =SUM(C82:C85) -> 0 | T28: =SUM(D82:D85) -> 0 | U28: =SUM(E82:E85) -> 0 | V28: =SUM(F82:F85) -> 0 | W28: =SUM(G82:G85) -> 0 | X28: =SUM(H82:H85) -> 0 | Y28: =SUM(I82:I85) -> 0 | Z28: =SUM(J82:J85) -> 0 | ... AF28: =SUM(P82:P85) -> 0
B29: 11.45 - 12.00 | C29: 3 | D29: 0 | E29: 4 | F29: 6 | G29: 0 | H29: 0 | I29: 2 | J29: 0 | K29: 1 | L29: 1 | M29: 22 | N29: 0 | O29: =SUM(C29:L29,N29) -> 17 | P29: =SUM(C29:N29) -> 39 | R29: 0200-0300 | S29: =SUM(C86:C89) -> 0 | T29: =SUM(D86:D89) -> 0 | U29: =SUM(E86:E89) -> 0 | V29: =SUM(F86:F89) -> 0 | W29: =SUM(G86:G89) -> 0 | X29: =SUM(H86:H89) -> 0 | Y29: =SUM(I86:I89) -> 0 | Z29: =SUM(J86:J89) -> 0 | ... AF29: =SUM(P86:P89) -> 0
B30: 12.00 - 12.15 | C30: 3 | D30: 0 | E30: 3 | F30: 2 | G30: 0 | H30: 0 | I30: 3 | J30: 0 | K30: 0 | L30: 1 | M30: 21 | N30: 0 | O30: =SUM(C30:L30,N30) -> 12 | P30: =SUM(C30:N30) -> 33 | R30: 0300-0400 | S30: =SUM(C90:C93) -> 0 | T30: =SUM(D90:D93) -> 0 | U30: =SUM(E90:E93) -> 0 | V30: =SUM(F90:F93) -> 0 | W30: =SUM(G90:G93) -> 0 | X30: =SUM(H90:H93) -> 0 | Y30: =SUM(I90:I93) -> 0 | Z30: =SUM(J90:J93) -> 0 | ... AF30: =SUM(P90:P93) -> 0
B31: 12.15 - 12.30 | C31: 11 | D31: 0 | E31: 3 | F31: 4 | G31: 0 | H31: 0 | I31: 3 | J31: 0 | K31: 0 | L31: 0 | M31: 22 | N31: 0 | O31: =SUM(C31:L31,N31) -> 21 | P31: =SUM(C31:N31) -> 43 | R31: 0400-0500 | S31: =SUM(C94:C97) -> 0 | T31: =SUM(D94:D97) -> 0 | U31: =SUM(E94:E97) -> 0 | V31: =SUM(F94:F97) -> 0 | W31: =SUM(G94:G97) -> 0 | X31: =SUM(H94:H97) -> 0 | Y31: =SUM(I94:I97) -> 0 | Z31: =SUM(J94:J97) -> 0 | ... AF31: =SUM(P94:P97) -> 0
B32: 12.30 - 12.45 | C32: 2 | D32: 0 | E32: 4 | F32: 6 | G32: 0 | H32: 0 | I32: 3 | J32: 1 | K32: 0 | L32: 0 | M32: 23 | N32: 0 | O32: =SUM(C32:L32,N32) -> 16 | P32: =SUM(C32:N32) -> 39 | R32: 0500-0600 | S32: =SUM(C98:C101) -> 0 | T32: =SUM(D98:D101) -> 0 | U32: =SUM(E98:E101) -> 0 | V32: =SUM(F98:F101) -> 0 | W32: =SUM(G98:G101) -> 0 | X32: =SUM(H98:H101) -> 0 | Y32: =SUM(I98:I101) -> 0 | Z32: =SUM(J98:J101) -> 0 | ... AF32: =SUM(P98:P101) -> 0
B33: 12.45 - 13.00 | C33: 3 | D33: 0 | E33: 5 | F33: 4 | G33: 0 | H33: 0 | I33: 1 | J33: 0 | K33: 1 | L33: 0 | M33: 33 | N33: 0 | O33: =SUM(C33:L33,N33) -> 14 | P33: =SUM(C33:N33) -> 47 | R33: 0600-0700 | S33: =SUM(C102:C105) -> 0 | T33: =SUM(D102:D105) -> 0 | U33: =SUM(E102:E105) -> 0 | V33: =SUM(F102:F105) -> 0 | W33: =SUM(G102:G105) -> 0 | X33: =SUM(H102:H105) -> 0 | Y33: =SUM(I102:I105) -> 0 | Z33: =SUM(J102:J105) -> 0 | ... AF33: =SUM(P102:P105) -> 0
B34: 13.00 - 13.15 | C34: 4 | D34: 0 | E34: 2 | F34: 7 | G34: 0 | H34: 0 | I34: 3 | J34: 1 | K34: 0 | L34: 0 | M34: 31 | N34: 0 | O34: =SUM(C34:L34,N34) -> 17 | P34: =SUM(C34:N34) -> 48 | R34: AM Peak Hr | S34: =MAX(S10:S12) -> 12 | T34: =MAX(T10:T12) -> 0 | U34: =MAX(U10:U12) -> 27 | V34: =MAX(V10:V12) -> 15 | W34: =MAX(W10:W12) -> 1 | X34: =MAX(X10:X12) -> 2 | Y34: =MAX(Y10:Y12) -> 8 | Z34: =MAX(Z10:Z12) -> 4 | ... AF34: =MAX(AF10:AF12) -> 157
B35: 13.15 - 13.30 | C35: 4 | D35: 0 | E35: 4 | F35: 3 | G35: 1 | H35: 0 | I35: 5 | J35: 0 | K35: 1 | L35: 0 | M35: 16 | N35: 0 | O35: =SUM(C35:L35,N35) -> 18 | P35: =SUM(C35:N35) -> 34 | R35: IP Peak Hr | S35: =MAX(S13:S18) -> 28 | T35: =MAX(T13:T18) -> 0 | U35: =MAX(U13:U18) -> 37 | V35: =MAX(V13:V18) -> 21 | W35: =MAX(W13:W18) -> 2 | X35: =MAX(X13:X18) -> 1 | Y35: =MAX(Y13:Y18) -> 23 | Z35: =MAX(Z13:Z18) -> 4 | ... AF35: =MAX(AF13:AF18) -> 201
B36: 13.30 - 13.45 | C36: 4 | D36: 0 | E36: 4 | F36: 4 | G36: 0 | H36: 0 | I36: 3 | J36: 1 | K36: 1 | L36: 0 | M36: 14 | N36: 0 | O36: =SUM(C36:L36,N36) -> 17 | P36: =SUM(C36:N36) -> 31 | R36: PM Peak Hr | S36: =MAX(S19:S21) -> 39 | T36: =MAX(T19:T21) -> 0 | U36: =MAX(U19:U21) -> 45 | V36: =MAX(V19:V21) -> 24 | W36: =MAX(W19:W21) -> 3 | X36: =MAX(X19:X21) -> 0 | Y36: =MAX(Y19:Y21) -> 21 | Z36: =MAX(Z19:Z21) -> 8 | ... AF36: =MAX(AF19:AF21) -> 251
B37: 13.45 - 14.00 | C37: 3 | D37: 0 | E37: 4 | F37: 3 | G37: 0 | H37: 1 | I37: 3 | J37: 0 | K37: 0 | L37: 0 | M37: 35 | N37: 0 | O37: =SUM(C37:L37,N37) -> 14 | P37: =SUM(C37:N37) -> 49 | R37: AM Period | S37: =SUM(S10:S12) -> 31 | T37: =SUM(T10:T12) -> 0 | U37: =SUM(U10:U12) -> 64 | V37: =SUM(V10:V12) -> 39 | W37: =SUM(W10:W12) -> 2 | X37: =SUM(X10:X12) -> 2 | Y37: =SUM(Y10:Y12) -> 21 | Z37: =SUM(Z10:Z12) -> 8 | ... AF37: =SUM(AF10:AF12) -> 415
B38: 14.00 - 14.15 | C38: 7 | D38: 0 | E38: 6 | F38: 3 | G38: 1 | H38: 0 | I38: 4 | J38: 0 | K38: 0 | L38: 1 | M38: 20 | N38: 0 | O38: =SUM(C38:L38,N38) -> 22 | P38: =SUM(C38:N38) -> 42 | R38: IP Period | S38: =SUM(S13:S18) -> 121 | T38: =SUM(T13:T18) -> 0 | U38: =SUM(U13:U18) -> 120 | V38: =SUM(V13:V18) -> 99 | W38: =SUM(W13:W18) -> 6 | X38: =SUM(X13:X18) -> 1 | Y38: =SUM(Y13:Y18) -> 97 | Z38: =SUM(Z13:Z18) -> 10 | ... AF38: =SUM(AF13:AF18) -> 1063
B39: 14.15 - 14.30 | C39: 9 | D39: 0 | E39: 6 | F39: 5 | G39: 0 | H39: 0 | I39: 2 | J39: 1 | K39: 1 | L39: 0 | M39: 32 | N39: 0 | O39: =SUM(C39:L39,N39) -> 24 | P39: =SUM(C39:N39) -> 56 | R39: PM Period | S39: =SUM(S19:S21) -> 93 | T39: =SUM(T19:T21) -> 0 | U39: =SUM(U19:U21) -> 106 | V39: =SUM(V19:V21) -> 56 | W39: =SUM(W19:W21) -> 6 | X39: =SUM(X19:X21) -> 0 | Y39: =SUM(Y19:Y21) -> 49 | Z39: =SUM(Z19:Z21) -> 8 | ... AF39: =SUM(AF19:AF21) -> 695
B40: 14.30 - 14.45 | C40: 4 | D40: 0 | E40: 8 | F40: 2 | G40: 0 | H40: 0 | I40: 6 | J40: 0 | K40: 1 | L40: 0 | M40: 25 | N40: 0 | O40: =SUM(C40:L40,N40) -> 21 | P40: =SUM(C40:N40) -> 46 | R40: 12 Hours | S40: =SUM(S10:S21) -> 245 | T40: =SUM(T10:T21) -> 0 | U40: =SUM(U10:U21) -> 290 | V40: =SUM(V10:V21) -> 194 | W40: =SUM(W10:W21) -> 14 | X40: =SUM(X10:X21) -> 3 | Y40: =SUM(Y10:Y21) -> 167 | Z40: =SUM(Z10:Z21) -> 26 | ... AF40: =SUM(AF10:AF21) -> 2173
B41: 14.45 - 15.00 | C41: 4 | D41: 0 | E41: 5 | F41: 6 | G41: 0 | H41: 0 | I41: 8 | J41: 1 | K41: 1 | L41: 0 | M41: 21 | N41: 0 | O41: =SUM(C41:L41,N41) -> 25 | P41: =SUM(C41:N41) -> 46 | R41: 24 Hrs/ADT | S41: =SUM(S10:S33) -> 245 | T41: =SUM(T10:T33) -> 0 | U41: =SUM(U10:U33) -> 293 | V41: =SUM(V10:V33) -> 196 | W41: =SUM(W10:W33) -> 14 | X41: =SUM(X10:X33) -> 3 | Y41: =SUM(Y10:Y33) -> 170 | Z41: =SUM(Z10:Z33) -> 26 | ... AF41: =SUM(AF10:AF33) -> 2197
B42: 15.00 - 15.15 | C42: 7 | D42: 0 | E42: 12 | F42: 1 | G42: 0 | H42: 0 | I42: 8 | J42: 1 | K42: 1 | L42: 1 | M42: 23 | N42: 0 | O42: =SUM(C42:L42,N42) -> 31 | P42: =SUM(C42:N42) -> 54 | R42: NEF | S42: =S41/S40 -> 1 | T42: =T41/T40 -> #DIV/0! | U42: =U41/U40 -> 1.0103448 | V42: =V41/V40 -> 1.0103093 | W42: =W41/W40 -> 1 | X42: =X41/X40 -> 1 | Y42: =Y41/Y40 -> 1.0179641 | Z42: =Z41/Z40 -> 1 | ... AF42: =AF41/AF40 -> 1.0110446
B43: 15.15 - 15.30 | C43: 4 | D43: 0 | E43: 11 | F43: 4 | G43: 2 | H43: 0 | I43: 7 | J43: 0 | K43: 0 | L43: 0 | M43: 28 | N43: 0 | O43: =SUM(C43:L43,N43) -> 28 | P43: =SUM(C43:N43) -> 56
B44: 15.30 - 15.45 | C44: 6 | D44: 0 | E44: 5 | F44: 3 | G44: 0 | H44: 0 | I44: 3 | J44: 3 | K44: 0 | L44: 0 | M44: 17 | N44: 0 | O44: =SUM(C44:L44,N44) -> 20 | P44: =SUM(C44:N44) -> 37
B45: 15.45 - 16.00 | C45: 11 | D45: 0 | E45: 9 | F45: 2 | G45: 0 | H45: 0 | I45: 5 | J45: 0 | K45: 2 | L45: 0 | M45: 25 | N45: 0 | O45: =SUM(C45:L45,N45) -> 29 | P45: =SUM(C45:N45) -> 54
B46: 16.00 - 16.15 | C46: 7 | D46: 0 | E46: 4 | F46: 3 | G46: 1 | H46: 0 | I46: 3 | J46: 0 | K46: 0 | L46: 0 | M46: 23 | N46: 0 | O46: =SUM(C46:L46,N46) -> 18 | P46: =SUM(C46:N46) -> 41
B47: 16.15 -16.30 | C47: 8 | D47: 0 | E47: 5 | F47: 3 | G47: 0 | H47: 0 | I47: 3 | J47: 0 | K47: 0 | L47: 0 | M47: 21 | N47: 0 | O47: =SUM(C47:L47,N47) -> 19 | P47: =SUM(C47:N47) -> 40
B48: 16.30 -16.45 | C48: 11 | D48: 0 | E48: 10 | F48: 5 | G48: 1 | H48: 0 | I48: 3 | J48: 0 | K48: 0 | L48: 0 | M48: 36 | N48: 0 | O48: =SUM(C48:L48,N48) -> 30 | P48: =SUM(C48:N48) -> 66
B49: 16.45 -17.00 | C49: 6 | D49: 0 | E49: 13 | F49: 2 | G49: 0 | H49: 0 | I49: 3 | J49: 0 | K49: 0 | L49: 1 | M49: 32 | N49: 0 | O49: =SUM(C49:L49,N49) -> 25 | P49: =SUM(C49:N49) -> 57
B50: 17.00 -17.15 | C50: 12 | D50: 0 | E50: 3 | F50: 6 | G50: 1 | H50: 0 | I50: 6 | J50: 3 | K50: 1 | L50: 0 | M50: 35 | N50: 0 | O50: =SUM(C50:L50,N50) -> 32 | P50: =SUM(C50:N50) -> 67
B51: 17.15 -17.30 | C51: 11 | D51: 0 | E51: 12 | F51: 6 | G51: 0 | H51: 0 | I51: 9 | J51: 5 | K51: 0 | L51: 0 | M51: 27 | N51: 0 | O51: =SUM(C51:L51,N51) -> 43 | P51: =SUM(C51:N51) -> 70
B52: 17.30 -17.45 | C52: 8 | D52: 0 | E52: 6 | F52: 1 | G52: 0 | H52: 0 | I52: 0 | J52: 0 | K52: 0 | L52: 1 | M52: 33 | N52: 0 | O52: =SUM(C52:L52,N52) -> 16 | P52: =SUM(C52:N52) -> 49
B53: 17.45 -18.00 | C53: 8 | D53: 0 | E53: 8 | F53: 6 | G53: 0 | H53: 0 | I53: 6 | J53: 0 | K53: 0 | L53: 1 | M53: 36 | N53: 0 | O53: =SUM(C53:L53,N53) -> 29 | P53: =SUM(C53:N53) -> 65
B54: 18.00 - 18.15 | C54: 9 | D54: 0 | E54: 10 | F54: 5 | G54: 1 | H54: 0 | I54: 6 | J54: 0 | K54: 0 | L54: 0 | M54: 35 | N54: 0 | O54: =SUM(C54:L54,N54) -> 31 | P54: =SUM(C54:N54) -> 66
... B105: 06.45 - 07.00 | C105: 0 | D105: 0 | E105: 0 | F105: 0 | G105: 0 | H105: 0 | I105: 0 | J105: 0 | K105: 0 | L105: 0 | M105: 0 | N105: 0 | O105: =SUM(C105:L105,N105) -> 0 | P105: =SUM(C105:N105) -> 0
B106: Totals | C106: =SUM(C10:C105) -> 245 | D106: =SUM(D10:D105) -> 0 | E106: =SUM(E10:E105) -> 293 | F106: =SUM(F10:F105) -> 196 | G106: =SUM(G10:G105) -> 14 | H106: =SUM(H10:H105) -> 3 | I106: =SUM(I10:I105) -> 170 | J106: =SUM(J10:J105) -> 26 | ... P106: =SUM(P10:P105) -> 2197
B107: %ges + MCs | C107: =C106/$P$106 -> 0.1115157 | D107: =D106/$P$106 -> 0 | E107: =E106/$P$106 -> 0.13336368 | F107: =F106/$P$106 -> 0.089212563 | G107: =G106/$P$106 -> 0.0063723259 | H107: =H106/$P$106 -> 0.0013654984 | I107: =I106/$P$106 -> 0.077378243 | J107: =J106/$P$106 -> 0.01183432 | ... N107: =N106/$P$106 -> 0
B108: %ges w/o MCs | C108: =C106/$O$106 -> 0.24797571 | D108: =D106/$O$106 -> 0 | E108: =E106/$O$106 -> 0.2965587 | F108: =F106/$O$106 -> 0.19838057 | G108: =G106/$O$106 -> 0.01417004 | H108: =H106/$O$106 -> 0.0030364372 | I108: =I106/$O$106 -> 0.17206478 | J108: =J106/$O$106 -> 0.026315789 | ... L108: =L106/$O$106 -> 0.015182186 | N108: =N106/$O$106 -> 0

Sheet 23.8 Kayunga-Kangulumira
B1: Consultancy services for Preparation of Expressway Development Master Plan (EDMP) for Uganda
B2: MANUAL CLASSIFIED COUNT (MCC)
B3: ROAD NAME: | C3: ='19.8 Kayunga-Kangulumira'!C3:G3 -> MCC-C3-STN90-KAYUNGA-KANGULUMIRA ROAD
C5: Date | D5: 23.08.19 | F5: Location | G5: ='19.8 Kayunga-Kangulumira'!G5:H5 -> Kayunga | J5: Surveyor | K5: ='19.8 Kayunga-Kangulumira'!K5:L5 -> Comfort
C6: Dir. From | D6: ='19.8 Kayunga-Kangulumira'!D6:E6 -> KAYUNGA | F6: Dir. To | G6: ='19.8 Kayunga-Kangulumira'!G6:H6 -> KANGULUMIRA | J6: Supervisor | K6: ='19.8 Kayunga-Kangulumira'!K6:L6 -> Bella
B8: Time / Veh Type | R8: SUMMARY TRAFFIC VOLUMES
C9: 1. Car | D9: 2. Station Wagon | E9: 3. Pickups | F9: 4. Minibus, matatu | G9: 5. Medium bus | H9: 6. Large Bus | I9: 7. Light Truck | J9: 8. Medium Truck | K9: 9. Heavy truck | L9: 10. Truck Trailer | M9: 11. Motor cycles | N9: 12. Tractors | O9: Total Excl M/Cycles | P9: Total All | R9: Time | S9: 1. Car | T9: 2. Station Wagon | U9: 3. Pickups | V9: 4. Minibus, matatu | W9: 5. Medium bus | X9: 6. Large Bus | Y9: 7. Light Truck | Z9: 8. Medium Truck | AA9: 9. Heavy truck | AB9: 10. Truck Trailer | AC9: 11. Motorcycles | AD9: 12. Tractors, Graders | AE9: Total Excl M/ Cycles | AF9: Total All
B10: 07.00 - 07.15 | C10: 5 | D10: 0 | E10: 4 | F10: 11 | G10: 0 | H10: 0 | I10: 4 | J10: 0 | K10: 1 | L10: 0 | M10: 17 | N10: 0 | O10: =SUM(C10:L10,N10) -> 25 | P10: =SUM(C10:N10) -> 42 | R10: 0700-0800 | S10: =SUM(C10:C13) -> 13 | T10: =SUM(D10:D13) -> 0 | U10: =SUM(E10:E13) -> 10 | V10: =SUM(F10:F13) -> 27 | W10: =SUM(G10:G13) -> 0 | X10: =SUM(H10:H13) -> 0 | Y10: =SUM(I10:I13) -> 8 | Z10: =SUM(J10:J13) -> 0 | ... AF10: =SUM(P10:P13) -> 190
B11: 07.15 - 07.30 | C11: 3 | D11: 0 | E11: 0 | F11: 5 | G11: 0 | H11: 0 | I11: 1 | J11: 0 | K11: 0 | L11: 0 | M11: 38 | N11: 0 | O11: =SUM(C11:L11,N11) -> 9 | P11: =SUM(C11:N11) -> 47 | R11: 0800-0900 | S11: =SUM(C14:C17) -> 18 | T11: =SUM(D14:D17) -> 0 | U11: =SUM(E14:E17) -> 16 | V11: =SUM(F14:F17) -> 19 | W11: =SUM(G14:G17) -> 0 | X11: =SUM(H14:H17) -> 0 | Y11: =SUM(I14:I17) -> 2 | Z11: =SUM(J14:J17) -> 0 | ... AF11: =SUM(P14:P17) -> 180
B12: 07.30 - 07.45 | C12: 1 | D12: 0 | E12: 4 | F12: 5 | G12: 0 | H12: 0 | I12: 2 | J12: 0 | K12: 0 | L12: 0 | M12: 36 | N12: 0 | O12: =SUM(C12:L12,N12) -> 12 | P12: =SUM(C12:N12) -> 48 | R12: 0900-1000 | S12: =SUM(C18:C21) -> 15 | T12: =SUM(D18:D21) -> 0 | U12: =SUM(E18:E21) -> 18 | V12: =SUM(F18:F21) -> 13 | W12: =SUM(G18:G21) -> 1 | X12: =SUM(H18:H21) -> 0 | Y12: =SUM(I18:I21) -> 14 | Z12: =SUM(J18:J21) -> 0 | ... AF12: =SUM(P18:P21) -> 177
B13: 07.45 - 08.00 | C13: 4 | D13: 0 | E13: 2 | F13: 6 | G13: 0 | H13: 0 | I13: 1 | J13: 0 | K13: 0 | L13: 0 | M13: 40 | N13: 0 | O13: =SUM(C13:L13,N13) -> 13 | P13: =SUM(C13:N13) -> 53 | R13: 1000-1100 | S13: =SUM(C22:C25) -> 29 | T13: =SUM(D22:D25) -> 0 | U13: =SUM(E22:E25) -> 20 | V13: =SUM(F22:F25) -> 20 | W13: =SUM(G22:G25) -> 2 | X13: =SUM(H22:H25) -> 1 | Y13: =SUM(I22:I25) -> 12 | Z13: =SUM(J22:J25) -> 1 | ... AF13: =SUM(P22:P25) -> 178
B14: 08.00 - 08.15 | C14: 1 | D14: 0 | E14: 2 | F14: 6 | G14: 0 | H14: 0 | I14: 1 | J14: 0 | K14: 0 | L14: 0 | M14: 35 | N14: 0 | O14: =SUM(C14:L14,N14) -> 10 | P14: =SUM(C14:N14) -> 45 | R14: 1100-1200 | S14: =SUM(C26:C29) -> 19 | T14: =SUM(D26:D29) -> 0 | U14: =SUM(E26:E29) -> 18 | V14: =SUM(F26:F29) -> 17 | W14: =SUM(G26:G29) -> 1 | X14: =SUM(H26:H29) -> 0 | Y14: =SUM(I26:I29) -> 12 | Z14: =SUM(J26:J29) -> 0 | ... AF14: =SUM(P26:P29) -> 163
B15: 08.15 - 08.30 | C15: 5 | D15: 0 | E15: 2 | F15: 4 | G15: 0 | H15: 0 | I15: 0 | J15: 0 | K15: 0 | L15: 0 | M15: 32 | N15: 0 | O15: =SUM(C15:L15,N15) -> 11 | P15: =SUM(C15:N15) -> 43 | R15: 1200-1300 | S15: =SUM(C30:C33) -> 34 | T15: =SUM(D30:D33) -> 0 | U15: =SUM(E30:E33) -> 23 | V15: =SUM(F30:F33) -> 22 | W15: =SUM(G30:G33) -> 1 | X15: =SUM(H30:H33) -> 0 | Y15: =SUM(I30:I33) -> 18 | Z15: =SUM(J30:J33) -> 2 | ... AF15: =SUM(P30:P33) -> 203
B16: 08.30 - 08.45 | C16: 6 | D16: 0 | E16: 5 | F16: 6 | G16: 0 | H16: 0 | I16: 1 | J16: 0 | K16: 0 | L16: 0 | M16: 32 | N16: 0 | O16: =SUM(C16:L16,N16) -> 18 | P16: =SUM(C16:N16) -> 50 | R16: 1300-1400 | S16: =SUM(C34:C37) -> 17 | T16: =SUM(D34:D37) -> 0 | U16: =SUM(E34:E37) -> 25 | V16: =SUM(F34:F37) -> 24 | W16: =SUM(G34:G37) -> 0 | X16: =SUM(H34:H37) -> 0 | Y16: =SUM(I34:I37) -> 12 | Z16: =SUM(J34:J37) -> 0 | ... AF16: =SUM(P34:P37) -> 172
B17: 08.45 - 9.00 | C17: 6 | D17: 0 | E17: 7 | F17: 3 | G17: 0 | H17: 0 | I17: 0 | J17: 0 | K17: 1 | L17: 1 | M17: 24 | N17: 0 | O17: =SUM(C17:L17,N17) -> 18 | P17: =SUM(C17:N17) -> 42 | R17: 1400-1500 | S17: =SUM(C38:C41) -> 34 | T17: =SUM(D38:D41) -> 0 | U17: =SUM(E38:E41) -> 22 | V17: =SUM(F38:F41) -> 16 | W17: =SUM(G38:G41) -> 0 | X17: =SUM(H38:H41) -> 0 | Y17: =SUM(I38:I41) -> 18 | Z17: =SUM(J38:J41) -> 3 | ... AF17: =SUM(P38:P41) -> 196
B18: 09.00 - 09.15 | C18: 2 | D18: 0 | E18: 6 | F18: 6 | G18: 0 | H18: 0 | I18: 3 | J18: 0 | K18: 0 | L18: 0 | M18: 32 | N18: 0 | O18: =SUM(C18:L18,N18) -> 17 | P18: =SUM(C18:N18) -> 49 | R18: 1500-1600 | S18: =SUM(C42:C45) -> 34 | T18: =SUM(D42:D45) -> 0 | U18: =SUM(E42:E45) -> 25 | V18: =SUM(F42:F45) -> 19 | W18: =SUM(G42:G45) -> 2 | X18: =SUM(H42:H45) -> 1 | Y18: =SUM(I42:I45) -> 16 | Z18: =SUM(J42:J45) -> 2 | ... AF18: =SUM(P42:P45) -> 199
B19: 09.15 - 09.30 | C19: 2 | D19: 0 | E19: 2 | F19: 1 | G19: 1 | H19: 0 | I19: 2 | J19: 0 | K19: 0 | L19: 0 | M19: 25 | N19: 0 | O19: =SUM(C19:L19,N19) -> 8 | P19: =SUM(C19:N19) -> 33 | R19: 1600-1700 | S19: =SUM(C46:C49) -> 28 | T19: =SUM(D46:D49) -> 0 | U19: =SUM(E46:E49) -> 26 | V19: =SUM(F46:F49) -> 15 | W19: =SUM(G46:G49) -> 2 | X19: =SUM(H46:H49) -> 2 | Y19: =SUM(I46:I49) -> 12 | Z19: =SUM(J46:J49) -> 1 | ... AF19: =SUM(P46:P49) -> 188
B20: 09.30 - 09.45 | C20: 3 | D20: 0 | E20: 6 | F20: 2 | G20: 0 | H20: 0 | I20: 4 | J20: 0 | K20: 1 | L20: 0 | M20: 35 | N20: 0 | O20: =SUM(C20:L20,N20) -> 16 | P20: =SUM(C20:N20) -> 51 | R20: 1700-1800 | S20: =SUM(C50:C53) -> 40 | T20: =SUM(D50:D53) -> 0 | U20: =SUM(E50:E53) -> 28 | V20: =SUM(F50:F53) -> 22 | W20: =SUM(G50:G53) -> 6 | X20: =SUM(H50:H53) -> 3 | Y20: =SUM(I50:I53) -> 18 | Z20: =SUM(J50:J53) -> 2 | ... AF20: =SUM(P50:P53) -> 237
B21: 09.45 - 10.00 | C21: 8 | D21: 0 | E21: 4 | F21: 4 | G21: 0 | H21: 0 | I21: 5 | J21: 0 | K21: 0 | L21: 0 | M21: 23 | N21: 0 | O21: =SUM(C21:L21,N21) -> 21 | P21: =SUM(C21:N21) -> 44 | R21: 1800-1900 | S21: =SUM(C54:C57) -> 25 | T21: =SUM(D54:D57) -> 0 | U21: =SUM(E54:E57) -> 39 | V21: =SUM(F54:F57) -> 17 | W21: =SUM(G54:G57) -> 6 | X21: =SUM(H54:H57) -> 3 | Y21: =SUM(I54:I57) -> 16 | Z21: =SUM(J54:J57) -> 1 | ... AF21: =SUM(P54:P57) -> 202
B22: 10.00 - 10.15 | C22: 9 | D22: 0 | E22: 4 | F22: 6 | G22: 1 | H22: 0 | I22: 2 | J22: 1 | K22: 2 | L22: 0 | M22: 27 | N22: 0 | O22: =SUM(C22:L22,N22) -> 25 | P22: =SUM(C22:N22) -> 52 | R22: AM Peak Hr | S22: =MAX(S10:S12) -> 18 | T22: =MAX(T10:T12) -> 0 | U22: =MAX(U10:U12) -> 18 | V22: =MAX(V10:V12) -> 27 | W22: =MAX(W10:W12) -> 1 | X22: =MAX(X10:X12) -> 0 | Y22: =MAX(Y10:Y12) -> 14 | Z22: =MAX(Z10:Z12) -> 0 | ... AF22: =MAX(AF10:AF12) -> 190
B23: 10.15 - 10.30 | C23: 8 | D23: 0 | E23: 6 | F23: 4 | G23: 1 | H23: 0 | I23: 2 | J23: 0 | K23: 2 | L23: 0 | M23: 27 | N23: 0 | O23: =SUM(C23:L23,N23) -> 23 | P23: =SUM(C23:N23) -> 50 | R23: IP Peak Hr | S23: =MAX(S13:S18) -> 34 | T23: =MAX(T13:T18) -> 0 | U23: =MAX(U13:U18) -> 25 | V23: =MAX(V13:V18) -> 24 | W23: =MAX(W13:W18) -> 2 | X23: =MAX(X13:X18) -> 1 | Y23: =MAX(Y13:Y18) -> 18 | Z23: =MAX(Z13:Z18) -> 3 | ... AF23: =MAX(AF13:AF18) -> 203
B24: 10.30 - 10.45 | C24: 4 | D24: 0 | E24: 6 | F24: 4 | G24: 0 | H24: 0 | I24: 3 | J24: 0 | K24: 3 | L24: 0 | M24: 14 | N24: 0 | O24: =SUM(C24:L24,N24) -> 20 | P24: =SUM(C24:N24) -> 34 | R24: PM Peak Hr | S24: =MAX(S19:S21) -> 40 | T24: =MAX(T19:T21) -> 0 | U24: =MAX(U19:U21) -> 39 | V24: =MAX(V19:V21) -> 22 | W24: =MAX(W19:W21) -> 6 | X24: =MAX(X19:X21) -> 3 | Y24: =MAX(Y19:Y21) -> 18 | Z24: =MAX(Z19:Z21) -> 2 | ... AF24: =MAX(AF19:AF21) -> 237
B25: 10.45 - 11.00 | C25: 8 | D25: 0 | E25: 4 | F25: 6 | G25: 0 | H25: 1 | I25: 5 | J25: 0 | K25: 2 | L25: 0 | M25: 16 | N25: 0 | O25: =SUM(C25:L25,N25) -> 26 | P25: =SUM(C25:N25) -> 42 | R25: AM Period | S25: =SUM(S10:S12) -> 46 | T25: =SUM(T10:T12) -> 0 | U25: =SUM(U10:U12) -> 44 | V25: =SUM(V10:V12) -> 59 | W25: =SUM(W10:W12) -> 1 | X25: =SUM(X10:X12) -> 0 | Y25: =SUM(Y10:Y12) -> 24 | Z25: =SUM(Z10:Z12) -> 0 | ... AF25: =SUM(AF10:AF12) -> 547
B26: 11.00 - 11.15 | C26: 4 | D26: 0 | E26: 2 | F26: 5 | G26: 0 | H26: 0 | I26: 3 | J26: 0 | K26: 0 | L26: 0 | M26: 24 | N26: 0 | O26: =SUM(C26:L26,N26) -> 14 | P26: =SUM(C26:N26) -> 38 | R26: IP Period | S26: =SUM(S13:S18) -> 167 | T26: =SUM(T13:T18) -> 0 | U26: =SUM(U13:U18) -> 133 | V26: =SUM(V13:V18) -> 118 | W26: =SUM(W13:W18) -> 6 | X26: =SUM(X13:X18) -> 2 | Y26: =SUM(Y13:Y18) -> 88 | Z26: =SUM(Z13:Z18) -> 8 | ... AF26: =SUM(AF13:AF18) -> 1111
B27: 11.15 - 11.30 | C27: 5 | D27: 0 | E27: 6 | F27: 4 | G27: 0 | H27: 0 | I27: 3 | J27: 0 | K27: 0 | L27: 0 | M27: 18 | N27: 0 | O27: =SUM(C27:L27,N27) -> 18 | P27: =SUM(C27:N27) -> 36 | R27: PM Period | S27: =SUM(S19:S21) -> 93 | T27: =SUM(T19:T21) -> 0 | U27: =SUM(U19:U21) -> 93 | V27: =SUM(V19:V21) -> 54 | W27: =SUM(W19:W21) -> 14 | X27: =SUM(X19:X21) -> 8 | Y27: =SUM(Y19:Y21) -> 46 | Z27: =SUM(Z19:Z21) -> 4 | ... AF27: =SUM(AF19:AF21) -> 627
B28: 11.30 - 11.45 | C28: 5 | D28: 0 | E28: 9 | F28: 5 | G28: 1 | H28: 0 | I28: 3 | J28: 0 | K28: 0 | L28: 0 | M28: 25 | N28: 0 | O28: =SUM(C28:L28,N28) -> 23 | P28: =SUM(C28:N28) -> 48 | R28: 12 Hours | S28: =SUM(S10:S21) -> 306 | T28: =SUM(T10:T21) -> 0 | U28: =SUM(U10:U21) -> 270 | V28: =SUM(V10:V21) -> 231 | W28: =SUM(W10:W21) -> 21 | X28: =SUM(X10:X21) -> 10 | Y28: =SUM(Y10:Y21) -> 158 | Z28: =SUM(Z10:Z21) -> 12 | ... AF28: =SUM(AF10:AF21) -> 2285
B29: 11.45 - 12.00 | C29: 5 | D29: 0 | E29: 1 | F29: 3 | G29: 0 | H29: 0 | I29: 3 | J29: 0 | K29: 0 | L29: 0 | M29: 27 | N29: 2 | O29: =SUM(C29:L29,N29) -> 14 | P29: =SUM(C29:N29) -> 41
B30: 12.00 - 12.15 | C30: 3 | D30: 0 | E30: 9 | F30: 8 | G30: 0 | H30: 0 | I30: 4 | J30: 2 | K30: 0 | L30: 0 | M30: 16 | N30: 0 | O30: =SUM(C30:L30,N30) -> 26 | P30: =SUM(C30:N30) -> 42
B31: 12.15 - 12.30 | C31: 9 | D31: 0 | E31: 9 | F31: 4 | G31: 1 | H31: 0 | I31: 1 | J31: 0 | K31: 0 | L31: 0 | M31: 27 | N31: 0 | O31: =SUM(C31:L31,N31) -> 24 | P31: =SUM(C31:N31) -> 51
B32: 12.30 - 12.45 | C32: 10 | D32: 0 | E32: 2 | F32: 4 | G32: 0 | H32: 0 | I32: 6 | J32: 0 | K32: 1 | L32: 0 | M32: 24 | N32: 0 | O32: =SUM(C32:L32,N32) -> 23 | P32: =SUM(C32:N32) -> 47
B33: 12.45 - 13.00 | C33: 12 | D33: 0 | E33: 3 | F33: 6 | G33: 0 | H33: 0 | I33: 7 | J33: 0 | K33: 0 | L33: 1 | M33: 34 | N33: 0 | O33: =SUM(C33:L33,N33) -> 29 | P33: =SUM(C33:N33) -> 63
B34: 13.00 - 13.15 | C34: 6 | D34: 0 | E34: 4 | F34: 7 | G34: 0 | H34: 0 | I34: 1 | J34: 0 | K34: 0 | L34: 0 | M34: 17 | N34: 0 | O34: =SUM(C34:L34,N34) -> 18 | P34: =SUM(C34:N34) -> 35
B35: 13.15 - 13.30 | C35: 3 | D35: 0 | E35: 5 | F35: 8 | G35: 0 | H35: 0 | I35: 4 | J35: 0 | K35: 0 | L35: 1 | M35: 20 | N35: 0 | O35: =SUM(C35:L35,N35) -> 21 | P35: =SUM(C35:N35) -> 41
B36: 13.30 - 13.45 | C36: 4 | D36: 0 | E36: 4 | F36: 6 | G36: 0 | H36: 0 | I36: 4 | J36: 0 | K36: 0 | L36: 0 | M36: 25 | N36: 0 | O36: =SUM(C36:L36,N36) -> 18 | P36: =SUM(C36:N36) -> 43
B37: 13.45 - 14.00 | C37: 4 | D37: 0 | E37: 12 | F37: 3 | G37: 0 | H37: 0 | I37: 3 | J37: 0 | K37: 0 | L37: 0 | M37: 31 | N37: 0 | O37: =SUM(C37:L37,N37) -> 22 | P37: =SUM(C37:N37) -> 53
B38: 14.00 - 14.15 | C38: 6 | D38: 0 | E38: 6 | F38: 3 | G38: 0 | H38: 0 | I38: 4 | J38: 0 | K38: 0 | L38: 0 | M38: 24 | N38: 0 | O38: =SUM(C38:L38,N38) -> 19 | P38: =SUM(C38:N38) -> 43
B39: 14.15 - 14.30 | C39: 12 | D39: 0 | E39: 5 | F39: 4 | G39: 0 | H39: 0 | I39: 3 | J39: 2 | K39: 0 | L39: 0 | M39: 23 | N39: 0 | O39: =SUM(C39:L39,N39) -> 26 | P39: =SUM(C39:N39) -> 49
B40: 14.30 - 14.45 | C40: 7 | D40: 0 | E40: 4 | F40: 4 | G40: 0 | H40: 0 | I40: 4 | J40: 1 | K40: 0 | L40: 0 | M40: 31 | N40: 0 | O40: =SUM(C40:L40,N40) -> 20 | P40: =SUM(C40:N40) -> 51
... B57: 18.45 - 19.00 | C57: 9 | D57: 0 | E57: 18 | F57: 1 | G57: 1 | H57: 1 | I57: 5 | J57: 0 | K57: 0 | L57: 0 | M57: 26 | N57: 0 | O57: =SUM(C57:L57,N57) -> 35 | P57: =SUM(C57:N57) -> 61
B58: Totals | C58: =SUM(C10:C57) -> 306 | D58: =SUM(D10:D57) -> 0 | E58: =SUM(E10:E57) -> 270 | F58: =SUM(F10:F57) -> 231 | G58: =SUM(G10:G57) -> 21 | H58: =SUM(H10:H57) -> 10 | I58: =SUM(I10:I57) -> 158 | J58: =SUM(J10:J57) -> 12 | ... P58: =SUM(P10:P57) -> 2285
B59: %ges + MCs | C59: =C58/$P$58 -> 0.13391685 | D59: =D58/$P$58 -> 0 | E59: =E58/$P$58 -> 0.11816193 | F59: =F58/$P$58 -> 0.10109409 | G59: =G58/$P$58 -> 0.009190372 | H59: =H58/$P$58 -> 0.0043763676 | I59: =I58/$P$58 -> 0.069146608 | J59: =J58/$P$58 -> 0.0052516411 | ... N59: =N58/$P$58 -> 0.00087527352
B60: %ges w/o MCs | C60: =C58/$O$58 -> 0.2953668 | D60: =D58/$O$58 -> 0 | E60: =E58/$O$58 -> 0.26061776 | F60: =F58/$O$58 -> 0.22297297 | G60: =G58/$O$58 -> 0.02027027 | H60: =H58/$O$58 -> 0.0096525097 | I60: =I58/$O$58 -> 0.15250965 | J60: =J58/$O$58 -> 0.011583012 | ... L60: =L58/$O$58 -> 0.0077220077 | N60: =N58/$O$58 -> 0.0019305019

Sheet 23.8 Kangulumira-Kayunga
B1: Consultancy services for Preparation of Expressway Development Master Plan (EDMP) for Uganda
B2: MANUAL CLASSIFIED COUNT (MCC)
B3: ROAD NAME: | C3: ='19.8 Kayunga-Kangulumira'!C3:G3 -> MCC-C3-STN90-KAYUNGA-KANGULUMIRA ROAD
C5: Date | D5: 23.08.19 | F5: Location | G5: ='22.8 Kaangulumira-Kayunga'!G5:H5 | J5: Surveyor | K5: ='22.8 Kaangulumira-Kayunga'!K5:L5
C6: Dir. From | D6: ='20.8 Kayunga-Kangulumira'!D6:E6 -> KAYUNGA | F6: Dir. To | G6: ='20.8 Kayunga-Kangulumira'!G6:H6 -> KANGULUMIRA | J6: Supervisor | K6: ='22.8 Kaangulumira-Kayunga'!K6:L6
B8: Time / Veh Type | R8: SUMMARY TRAFFIC VOLUMES
C9: 1. Car | D9: 2. Station Wagon | E9: 3. Pickups | F9: 4. Minibus, matatu | G9: 5. Medium bus | H9: 6. Large Bus | I9: 7. Light Truck | J9: 8. Medium Truck | K9: 9. Heavy truck | L9: 10. Truck Trailer | M9: 11. Motor cycles | N9: 12. Tractors | O9: Total Excl M/Cycles | P9: Total All | R9: Time | S9: 1. Car | T9: 2. Station Wagon | U9: 3. Pickups | V9: 4. Minibus, matatu | W9: 5. Medium bus | X9: 6. Large Bus | Y9: 7. Light Truck | Z9: 8. Medium Truck | AA9: 9. Heavy truck | AB9: 10. Truck Trailer | AC9: 11. Motorcycles | AD9: 12. Tractors, Graders | AE9: Total Excl M/ Cycles | AF9: Total All
B10: 07.00 - 07.15 | C10: 3 | D10: 0 | E10: 3 | F10: 2 | G10: 0 | H10: 0 | I10: 3 | J10: 0 | K10: 0 | L10: 0 | M10: 16 | N10: 0 | O10: =SUM(C10:L10,N10) -> 11 | P10: =SUM(C10:N10) -> 27 | R10: 0700-0800 | S10: =SUM(C10:C13) -> 11 | T10: =SUM(D10:D13) -> 0 | U10: =SUM(E10:E13) -> 24 | V10: =SUM(F10:F13) -> 19 | W10: =SUM(G10:G13) -> 1 | X10: =SUM(H10:H13) -> 0 | Y10: =SUM(I10:I13) -> 8 | Z10: =SUM(J10:J13) -> 3 | ... AF10: =SUM(P10:P13) -> 151
B11: 07.15 - 07.30 | C11: 5 | D11: 0 | E11: 6 | F11: 8 | G11: 0 | H11: 0 | I11: 2 | J11: 1 | K11: 0 | L11: 0 | M11: 17 | N11: 0 | O11: =SUM(C11:L11,N11) -> 22 | P11: =SUM(C11:N11) -> 39 | R11: 0800-0900 | S11: =SUM(C14:C17) -> 16 | T11: =SUM(D14:D17) -> 0 | U11: =SUM(E14:E17) -> 19 | V11: =SUM(F14:F17) -> 14 | W11: =SUM(G14:G17) -> 1 | X11: =SUM(H14:H17) -> 1 | Y11: =SUM(I14:I17) -> 12 | Z11: =SUM(J14:J17) -> 2 | ... AF11: =SUM(P14:P17) -> 161
B12: 07.30 - 07.45 | C12: 1 | D12: 0 | E12: 8 | F12: 4 | G12: 0 | H12: 0 | I12: 2 | J12: 2 | K12: 2 | L12: 0 | M12: 18 | N12: 0 | O12: =SUM(C12:L12,N12) -> 19 | P12: =SUM(C12:N12) -> 37 | R12: 0900-1000 | S12: =SUM(C18:C21) -> 31 | T12: =SUM(D18:D21) -> 0 | U12: =SUM(E18:E21) -> 22 | V12: =SUM(F18:F21) -> 16 | W12: =SUM(G18:G21) -> 4 | X12: =SUM(H18:H21) -> 0 | Y12: =SUM(I18:I21) -> 12 | Z12: =SUM(J18:J21) -> 1 | ... AF12: =SUM(P18:P21) -> 169
B13: 07.45 - 08.00 | C13: 2 | D13: 0 | E13: 7 | F13: 5 | G13: 1 | H13: 0 | I13: 1 | J13: 0 | K13: 1 | L13: 0 | M13: 31 | N13: 0 | O13: =SUM(C13:L13,N13) -> 17 | P13: =SUM(C13:N13) -> 48 | R13: 1000-1100 | S13: =SUM(C22:C25) -> 18 | T13: =SUM(D22:D25) -> 0 | U13: =SUM(E22:E25) -> 33 | V13: =SUM(F22:F25) -> 13 | W13: =SUM(G22:G25) -> 6 | X13: =SUM(H22:H25) -> 0 | Y13: =SUM(I22:I25) -> 12 | Z13: =SUM(J22:J25) -> 2 | ... AF13: =SUM(P22:P25) -> 156
B14: 08.00 - 08.15 | C14: 6 | D14: 0 | E14: 6 | F14: 2 | G14: 0 | H14: 0 | I14: 1 | J14: 1 | K14: 0 | L14: 3 | M14: 19 | N14: 0 | O14: =SUM(C14:L14,N14) -> 19 | P14: =SUM(C14:N14) -> 38 | R14: 1100-1200 | S14: =SUM(C26:C29) -> 23 | T14: =SUM(D26:D29) -> 0 | U14: =SUM(E26:E29) -> 25 | V14: =SUM(F26:F29) -> 18 | W14: =SUM(G26:G29) -> 1 | X14: =SUM(H26:H29) -> 0 | Y14: =SUM(I26:I29) -> 13 | Z14: =SUM(J26:J29) -> 3 | ... AF14: =SUM(P26:P29) -> 163
B15: 08.15 - 08.30 | C15: 2 | D15: 0 | E15: 3 | F15: 4 | G15: 1 | H15: 1 | I15: 4 | J15: 0 | K15: 0 | L15: 0 | M15: 28 | N15: 0 | O15: =SUM(C15:L15,N15) -> 15 | P15: =SUM(C15:N15) -> 43 | R15: 1200-1300 | S15: =SUM(C30:C33) -> 25 | T15: =SUM(D30:D33) -> 0 | U15: =SUM(E30:E33) -> 29 | V15: =SUM(F30:F33) -> 18 | W15: =SUM(G30:G33) -> 1 | X15: =SUM(H30:H33) -> 0 | Y15: =SUM(I30:I33) -> 8 | Z15: =SUM(J30:J33) -> 1 | ... AF15: =SUM(P30:P33) -> 175
B16: 08.30 - 08.45 | C16: 4 | D16: 0 | E16: 6 | F16: 6 | G16: 0 | H16: 0 | I16: 5 | J16: 0 | K16: 1 | L16: 0 | M16: 21 | N16: 0 | O16: =SUM(C16:L16,N16) -> 22 | P16: =SUM(C16:N16) -> 43 | R16: 1300-1400 | S16: =SUM(C34:C37) -> 28 | T16: =SUM(D34:D37) -> 0 | U16: =SUM(E34:E37) -> 17 | V16: =SUM(F34:F37) -> 14 | W16: =SUM(G34:G37) -> 0 | X16: =SUM(H34:H37) -> 2 | Y16: =SUM(I34:I37) -> 16 | Z16: =SUM(J34:J37) -> 0 | ... AF16: =SUM(P34:P37) -> 177
B17: 08.45 - 9.00 | C17: 4 | D17: 0 | E17: 4 | F17: 2 | G17: 0 | H17: 0 | I17: 2 | J17: 1 | K17: 0 | L17: 0 | M17: 24 | N17: 0 | O17: =SUM(C17:L17,N17) -> 13 | P17: =SUM(C17:N17) -> 37 | R17: 1400-1500 | S17: =SUM(C38:C41) -> 26 | T17: =SUM(D38:D41) -> 0 | U17: =SUM(E38:E41) -> 40 | V17: =SUM(F38:F41) -> 19 | W17: =SUM(G38:G41) -> 1 | X17: =SUM(H38:H41) -> 0 | Y17: =SUM(I38:I41) -> 11 | Z17: =SUM(J38:J41) -> 0 | ... AF17: =SUM(P38:P41) -> 187
B18: 09.00 - 09.15 | C18: 7 | D18: 0 | E18: 3 | F18: 1 | G18: 1 | H18: 0 | I18: 2 | J18: 1 | K18: 0 | L18: 0 | M18: 21 | N18: 0 | O18: =SUM(C18:L18,N18) -> 15 | P18: =SUM(C18:N18) -> 36 | R18: 1500-1600 | S18: =SUM(C42:C45) -> 26 | T18: =SUM(D42:D45) -> 0 | U18: =SUM(E42:E45) -> 39 | V18: =SUM(F42:F45) -> 23 | W18: =SUM(G42:G45) -> 2 | X18: =SUM(H42:H45) -> 0 | Y18: =SUM(I42:I45) -> 13 | Z18: =SUM(J42:J45) -> 0 | ... AF18: =SUM(P42:P45) -> 212
B19: 09.15 - 09.30 | C19: 8 | D19: 0 | E19: 3 | F19: 6 | G19: 1 | H19: 0 | I19: 3 | J19: 0 | K19: 1 | L19: 2 | M19: 14 | N19: 0 | O19: =SUM(C19:L19,N19) -> 24 | P19: =SUM(C19:N19) -> 38 | R19: 1600-1700 | S19: =SUM(C46:C49) -> 32 | T19: =SUM(D46:D49) -> 0 | U19: =SUM(E46:E49) -> 46 | V19: =SUM(F46:F49) -> 17 | W19: =SUM(G46:G49) -> 0 | X19: =SUM(H46:H49) -> 0 | Y19: =SUM(I46:I49) -> 16 | Z19: =SUM(J46:J49) -> 0 | ... AF19: =SUM(P46:P49) -> 233
B20: 09.30 - 09.45 | C20: 7 | D20: 0 | E20: 14 | F20: 3 | G20: 2 | H20: 0 | I20: 1 | J20: 0 | K20: 1 | L20: 0 | M20: 25 | N20: 0 | O20: =SUM(C20:L20,N20) -> 28 | P20: =SUM(C20:N20) -> 53 | R20: 1700-1800 | S20: =SUM(C50:C53) -> 29 | T20: =SUM(D50:D53) -> 0 | U20: =SUM(E50:E53) -> 38 | V20: =SUM(F50:F53) -> 20 | W20: =SUM(G50:G53) -> 2 | X20: =SUM(H50:H53) -> 0 | Y20: =SUM(I50:I53) -> 9 | Z20: =SUM(J50:J53) -> 0 | ... AF20: =SUM(P50:P53) -> 212
B21: 09.45 - 10.00 | C21: 9 | D21: 0 | E21: 2 | F21: 6 | G21: 0 | H21: 0 | I21: 6 | J21: 0 | K21: 0 | L21: 0 | M21: 19 | N21: 0 | O21: =SUM(C21:L21,N21) -> 23 | P21: =SUM(C21:N21) -> 42 | R21: 1800-1900 | S21: =SUM(C54:C57) -> 30 | T21: =SUM(D54:D57) -> 0 | U21: =SUM(E54:E57) -> 36 | V21: =SUM(F54:F57) -> 23 | W21: =SUM(G54:G57) -> 4 | X21: =SUM(H54:H57) -> 0 | Y21: =SUM(I54:I57) -> 22 | Z21: =SUM(J54:J57) -> 0 | ... AF21: =SUM(P54:P57) -> 243
B22: 10.00 - 10.15 | C22: 7 | D22: 0 | E22: 5 | F22: 2 | G22: 0 | H22: 0 | I22: 1 | J22: 0 | K22: 0 | L22: 1 | M22: 17 | N22: 0 | O22: =SUM(C22:L22,N22) -> 16 | P22: =SUM(C22:N22) -> 33 | R22: 1900-2000 | S22: =SUM(C58:C61) -> 0 | T22: =SUM(D58:D61) -> 0 | U22: =SUM(E58:E61) -> 0 | V22: =SUM(F58:F61) -> 0 | W22: =SUM(G58:G61) -> 0 | X22: =SUM(H58:H61) -> 0 | Y22: =SUM(I58:I61) -> 0 | Z22: =SUM(J58:J61) -> 0 | ... AF22: =SUM(P58:P61) -> 0
B23: 10.15 - 10.30 | C23: 2 | D23: 0 | E23: 7 | F23: 5 | G23: 4 | H23: 0 | I23: 5 | J23: 1 | K23: 0 | L23: 1 | M23: 14 | N23: 0 | O23: =SUM(C23:L23,N23) -> 25 | P23: =SUM(C23:N23) -> 39 | R23: 2000-2100 | S23: =SUM(C62:C65) -> 0 | T23: =SUM(D62:D65) -> 0 | U23: =SUM(E62:E65) -> 0 | V23: =SUM(F62:F65) -> 0 | W23: =SUM(G62:G65) -> 0 | X23: =SUM(H62:H65) -> 0 | Y23: =SUM(I62:I65) -> 0 | Z23: =SUM(J62:J65) -> 0 | ... AF23: =SUM(P62:P65) -> 0
B24: 10.30 - 10.45 | C24: 4 | D24: 0 | E24: 13 | F24: 3 | G24: 2 | H24: 0 | I24: 3 | J24: 0 | K24: 1 | L24: 1 | M24: 17 | N24: 0 | O24: =SUM(C24:L24,N24) -> 27 | P24: =SUM(C24:N24) -> 44 | R24: 2100-2200 | S24: =SUM(C66:C69) -> 0 | T24: =SUM(D66:D69) -> 0 | U24: =SUM(E66:E69) -> 0 | V24: =SUM(F66:F69) -> 0 | W24: =SUM(G66:G69) -> 0 | X24: =SUM(H66:H69) -> 0 | Y24: =SUM(I66:I69) -> 0 | Z24: =SUM(J66:J69) -> 0 | ... AF24: =SUM(P66:P69) -> 0
B25: 10.45 - 11.00 | C25: 5 | D25: 0 | E25: 8 | F25: 3 | G25: 0 | H25: 0 | I25: 3 | J25: 1 | K25: 0 | L25: 0 | M25: 20 | N25: 0 | O25: =SUM(C25:L25,N25) -> 20 | P25: =SUM(C25:N25) -> 40 | R25: 2200-2300 | S25: =SUM(C70:C73) -> 0 | T25: =SUM(D70:D73) -> 0 | U25: =SUM(E70:E73) -> 0 | V25: =SUM(F70:F73) -> 0 | W25: =SUM(G70:G73) -> 0 | X25: =SUM(H70:H73) -> 0 | Y25: =SUM(I70:I73) -> 0 | Z25: =SUM(J70:J73) -> 0 | ... AF25: =SUM(P70:P73) -> 0
B26: 11.00 - 11.15 | C26: 4 | D26: 0 | E26: 10 | F26: 6 | G26: 1 | H26: 0 | I26: 4 | J26: 1 | K26: 1 | L26: 0 | M26: 20 | N26: 0 | O26: =SUM(C26:L26,N26) -> 27 | P26: =SUM(C26:N26) -> 47 | R26: 2300-0000 | S26: =SUM(C74:C77) -> 0 | T26: =SUM(D74:D77) -> 0 | U26: =SUM(E74:E77) -> 0 | V26: =SUM(F74:F77) -> 0 | W26: =SUM(G74:G77) -> 0 | X26: =SUM(H74:H77) -> 0 | Y26: =SUM(I74:I77) -> 0 | Z26: =SUM(J74:J77) -> 0 | ... AF26: =SUM(P74:P77) -> 0
B27: 11.15 - 11.30 | C27: 6 | D27: 0 | E27: 5 | F27: 5 | G27: 0 | H27: 0 | I27: 1 | J27: 1 | K27: 0 | L27: 0 | M27: 18 | N27: 0 | O27: =SUM(C27:L27,N27) -> 18 | P27: =SUM(C27:N27) -> 36 | R27: 0000-0100 | S27: =SUM(C78:C81) -> 0 | T27: =SUM(D78:D81) -> 0 | U27: =SUM(E78:E81) -> 0 | V27: =SUM(F78:F81) -> 0 | W27: =SUM(G78:G81) -> 0 | X27: =SUM(H78:H81) -> 0 | Y27: =SUM(I78:I81) -> 0 | Z27: =SUM(J78:J81) -> 0 | ... AF27: =SUM(P78:P81) -> 0
B28: 11.30 - 11.45 | C28: 5 | D28: 0 | E28: 6 | F28: 3 | G28: 0 | H28: 0 | I28: 4 | J28: 0 | K28: 0 | L28: 0 | M28: 22 | N28: 0 | O28: =SUM(C28:L28,N28) -> 18 | P28: =SUM(C28:N28) -> 40 | R28: 0100-0200 | S28: =SUM(C82:C85) -> 0 | T28: =SUM(D82:D85) -> 0 | U28: =SUM(E82:E85) -> 0 | V28: =SUM(F82:F85) -> 0 | W28: =SUM(G82:G85) -> 0 | X28: =SUM(H82:H85) -> 0 | Y28: =SUM(I82:I85) -> 0 | Z28: =SUM(J82:J85) -> 0 | ... AF28: =SUM(P82:P85) -> 0
B29: 11.45 - 12.00 | C29: 8 | D29: 0 | E29: 4 | F29: 4 | G29: 0 | H29: 0 | I29: 4 | J29: 1 | K29: 0 | L29: 0 | M29: 19 | N29: 0 | O29: =SUM(C29:L29,N29) -> 21 | P29: =SUM(C29:N29) -> 40 | R29: 0200-0300 | S29: =SUM(C86:C89) -> 0 | T29: =SUM(D86:D89) -> 0 | U29: =SUM(E86:E89) -> 0 | V29: =SUM(F86:F89) -> 0 | W29: =SUM(G86:G89) -> 0 | X29: =SUM(H86:H89) -> 0 | Y29: =SUM(I86:I89) -> 0 | Z29: =SUM(J86:J89) -> 0 | ... AF29: =SUM(P86:P89) -> 0
B30: 12.00 - 12.15 | C30: 3 | D30: 0 | E30: 6 | F30: 4 | G30: 0 | H30: 0 | I30: 1 | J30: 0 | K30: 0 | L30: 0 | M30: 21 | N30: 0 | O30: =SUM(C30:L30,N30) -> 14 | P30: =SUM(C30:N30) -> 35 | R30: 0300-0400 | S30: =SUM(C90:C93) -> 0 | T30: =SUM(D90:D93) -> 0 | U30: =SUM(E90:E93) -> 0 | V30: =SUM(F90:F93) -> 0 | W30: =SUM(G90:G93) -> 0 | X30: =SUM(H90:H93) -> 0 | Y30: =SUM(I90:I93) -> 0 | Z30: =SUM(J90:J93) -> 0 | ... AF30: =SUM(P90:P93) -> 0
B31: 12.15 - 12.30 | C31: 11 | D31: 0 | E31: 10 | F31: 5 | G31: 1 | H31: 0 | I31: 2 | J31: 0 | K31: 0 | L31: 0 | M31: 24 | N31: 0 | O31: =SUM(C31:L31,N31) -> 29 | P31: =SUM(C31:N31) -> 53 | R31: 0400-0500 | S31: =SUM(C94:C97) -> 0 | T31: =SUM(D94:D97) -> 0 | U31: =SUM(E94:E97) -> 0 | V31: =SUM(F94:F97) -> 0 | W31: =SUM(G94:G97) -> 0 | X31: =SUM(H94:H97) -> 0 | Y31: =SUM(I94:I97) -> 0 | Z31: =SUM(J94:J97) -> 0 | ... AF31: =SUM(P94:P97) -> 0
B32: 12.30 - 12.45 | C32: 9 | D32: 0 | E32: 5 | F32: 3 | G32: 0 | H32: 0 | I32: 3 | J32: 0 | K32: 1 | L32: 0 | M32: 24 | N32: 0 | O32: =SUM(C32:L32,N32) -> 21 | P32: =SUM(C32:N32) -> 45 | R32: 0500-0600 | S32: =SUM(C98:C101) -> 0 | T32: =SUM(D98:D101) -> 0 | U32: =SUM(E98:E101) -> 0 | V32: =SUM(F98:F101) -> 0 | W32: =SUM(G98:G101) -> 0 | X32: =SUM(H98:H101) -> 0 | Y32: =SUM(I98:I101) -> 0 | Z32: =SUM(J98:J101) -> 0 | ... AF32: =SUM(P98:P101) -> 0
B33: 12.45 - 13.00 | C33: 2 | D33: 0 | E33: 8 | F33: 6 | G33: 0 | H33: 0 | I33: 2 | J33: 1 | K33: 1 | L33: 0 | M33: 22 | N33: 0 | O33: =SUM(C33:L33,N33) -> 20 | P33: =SUM(C33:N33) -> 42 | R33: 0600-0700 | S33: =SUM(C102:C105) -> 0 | T33: =SUM(D102:D105) -> 0 | U33: =SUM(E102:E105) -> 0 | V33: =SUM(F102:F105) -> 0 | W33: =SUM(G102:G105) -> 0 | X33: =SUM(H102:H105) -> 0 | Y33: =SUM(I102:I105) -> 0 | Z33: =SUM(J102:J105) -> 0 | ... AF33: =SUM(P102:P105) -> 0
B34: 13.00 - 13.15 | C34: 8 | D34: 0 | E34: 7 | F34: 5 | G34: 0 | H34: 0 | I34: 3 | J34: 0 | K34: 1 | L34: 1 | M34: 26 | N34: 0 | O34: =SUM(C34:L34,N34) -> 25 | P34: =SUM(C34:N34) -> 51 | R34: AM Peak Hr | S34: =MAX(S10:S12) -> 31 | T34: =MAX(T10:T12) -> 0 | U34: =MAX(U10:U12) -> 24 | V34: =MAX(V10:V12) -> 19 | W34: =MAX(W10:W12) -> 4 | X34: =MAX(X10:X12) -> 1 | Y34: =MAX(Y10:Y12) -> 12 | Z34: =MAX(Z10:Z12) -> 3 | ... AF34: =MAX(AF10:AF12) -> 169
B35: 13.15 - 13.30 | C35: 7 | D35: 0 | E35: 3 | F35: 6 | G35: 0 | H35: 0 | I35: 6 | J35: 0 | K35: 0 | L35: 0 | M35: 21 | N35: 0 | O35: =SUM(C35:L35,N35) -> 22 | P35: =SUM(C35:N35) -> 43 | R35: IP Peak Hr | S35: =MAX(S13:S18) -> 28 | T35: =MAX(T13:T18) -> 0 | U35: =MAX(U13:U18) -> 40 | V35: =MAX(V13:V18) -> 23 | W35: =MAX(W13:W18) -> 6 | X35: =MAX(X13:X18) -> 2 | Y35: =MAX(Y13:Y18) -> 16 | Z35: =MAX(Z13:Z18) -> 3 | ... AF35: =MAX(AF13:AF18) -> 212
B36: 13.30 - 13.45 | C36: 6 | D36: 0 | E36: 4 | F36: 1 | G36: 0 | H36: 0 | I36: 5 | J36: 0 | K36: 0 | L36: 0 | M36: 22 | N36: 0 | O36: =SUM(C36:L36,N36) -> 16 | P36: =SUM(C36:N36) -> 38 | R36: PM Peak Hr | S36: =MAX(S19:S21) -> 32 | T36: =MAX(T19:T21) -> 0 | U36: =MAX(U19:U21) -> 46 | V36: =MAX(V19:V21) -> 23 | W36: =MAX(W19:W21) -> 4 | X36: =MAX(X19:X21) -> 0 | Y36: =MAX(Y19:Y21) -> 22 | Z36: =MAX(Z19:Z21) -> 0 | ... AF36: =MAX(AF19:AF21) -> 243
B37: 13.45 - 14.00 | C37: 7 | D37: 0 | E37: 3 | F37: 2 | G37: 0 | H37: 2 | I37: 2 | J37: 0 | K37: 1 | L37: 0 | M37: 28 | N37: 0 | O37: =SUM(C37:L37,N37) -> 17 | P37: =SUM(C37:N37) -> 45 | R37: AM Period | S37: =SUM(S10:S12) -> 58 | T37: =SUM(T10:T12) -> 0 | U37: =SUM(U10:U12) -> 65 | V37: =SUM(V10:V12) -> 49 | W37: =SUM(W10:W12) -> 6 | X37: =SUM(X10:X12) -> 1 | Y37: =SUM(Y10:Y12) -> 32 | Z37: =SUM(Z10:Z12) -> 6 | ... AF37: =SUM(AF10:AF12) -> 481
B38: 14.00 - 14.15 | C38: 7 | D38: 0 | E38: 8 | F38: 4 | G38: 0 | H38: 0 | I38: 1 | J38: 0 | K38: 0 | L38: 0 | M38: 19 | N38: 0 | O38: =SUM(C38:L38,N38) -> 20 | P38: =SUM(C38:N38) -> 39 | R38: IP Period | S38: =SUM(S13:S18) -> 146 | T38: =SUM(T13:T18) -> 0 | U38: =SUM(U13:U18) -> 183 | V38: =SUM(V13:V18) -> 105 | W38: =SUM(W13:W18) -> 11 | X38: =SUM(X13:X18) -> 2 | Y38: =SUM(Y13:Y18) -> 73 | Z38: =SUM(Z13:Z18) -> 6 | ... AF38: =SUM(AF13:AF18) -> 1070
B39: 14.15 - 14.30 | C39: 4 | D39: 0 | E39: 12 | F39: 4 | G39: 0 | H39: 0 | I39: 3 | J39: 0 | K39: 0 | L39: 1 | M39: 27 | N39: 0 | O39: =SUM(C39:L39,N39) -> 24 | P39: =SUM(C39:N39) -> 51 | R39: PM Period | S39: =SUM(S19:S21) -> 91 | T39: =SUM(T19:T21) -> 0 | U39: =SUM(U19:U21) -> 120 | V39: =SUM(V19:V21) -> 60 | W39: =SUM(W19:W21) -> 6 | X39: =SUM(X19:X21) -> 0 | Y39: =SUM(Y19:Y21) -> 47 | Z39: =SUM(Z19:Z21) -> 0 | ... AF39: =SUM(AF19:AF21) -> 688
B40: 14.30 - 14.45 | C40: 7 | D40: 0 | E40: 10 | F40: 5 | G40: 1 | H40: 0 | I40: 2 | J40: 0 | K40: 0 | L40: 1 | M40: 20 | N40: 0 | O40: =SUM(C40:L40,N40) -> 26 | P40: =SUM(C40:N40) -> 46 | R40: 12 Hours | S40: =SUM(S10:S21) -> 295 | T40: =SUM(T10:T21) -> 0 | U40: =SUM(U10:U21) -> 368 | V40: =SUM(V10:V21) -> 214 | W40: =SUM(W10:W21) -> 23 | X40: =SUM(X10:X21) -> 3 | Y40: =SUM(Y10:Y21) -> 152 | Z40: =SUM(Z10:Z21) -> 12 | ... AF40: =SUM(AF10:AF21) -> 2239
B41: 14.45 - 15.00 | C41: 8 | D41: 0 | E41: 10 | F41: 6 | G41: 0 | H41: 0 | I41: 5 | J41: 0 | K41: 0 | L41: 0 | M41: 22 | N41: 0 | O41: =SUM(C41:L41,N41) -> 29 | P41: =SUM(C41:N41) -> 51 | R41: 24 Hrs/ADT | S41: =SUM(S10:S33) -> 295 | T41: =SUM(T10:T33) -> 0 | U41: =SUM(U10:U33) -> 368 | V41: =SUM(V10:V33) -> 214 | W41: =SUM(W10:W33) -> 23 | X41: =SUM(X10:X33) -> 3 | Y41: =SUM(Y10:Y33) -> 152 | Z41: =SUM(Z10:Z33) -> 12 | ... AF41: =SUM(AF10:AF33) -> 2239
B42: 15.00 - 15.15 | C42: 4 | D42: 0 | E42: 8 | F42: 5 | G42: 0 | H42: 0 | I42: 1 | J42: 0 | K42: 0 | L42: 1 | M42: 33 | N42: 1 | O42: =SUM(C42:L42,N42) -> 20 | P42: =SUM(C42:N42) -> 53 | R42: NEF | S42: =S41/S40 -> 1 | T42: =T41/T40 -> #DIV/0! | U42: =U41/U40 -> 1 | V42: =V41/V40 -> 1 | W42: =W41/W40 -> 1 | X42: =X41/X40 -> 1 | Y42: =Y41/Y40 -> 1 | Z42: =Z41/Z40 -> 1 | ... AF42: =AF41/AF40 -> 1
B43: 15.15 - 15.30 | C43: 8 | D43: 0 | E43: 11 | F43: 6 | G43: 1 | H43: 0 | I43: 1 | J43: 0 | K43: 0 | L43: 1 | M43: 22 | N43: 0 | O43: =SUM(C43:L43,N43) -> 28 | P43: =SUM(C43:N43) -> 50
B44: 15.30 - 15.45 | C44: 5 | D44: 0 | E44: 6 | F44: 5 | G44: 0 | H44: 0 | I44: 5 | J44: 0 | K44: 0 | L44: 0 | M44: 26 | N44: 0 | O44: =SUM(C44:L44,N44) -> 21 | P44: =SUM(C44:N44) -> 47
B45: 15.45 - 16.00 | C45: 9 | D45: 0 | E45: 14 | F45: 7 | G45: 1 | H45: 0 | I45: 6 | J45: 0 | K45: 1 | L45: 2 | M45: 22 | N45: 0 | O45: =SUM(C45:L45,N45) -> 40 | P45: =SUM(C45:N45) -> 62
B46: 16.00 - 16.15 | C46: 10 | D46: 0 | E46: 14 | F46: 3 | G46: 0 | H46: 0 | I46: 3 | J46: 0 | K46: 0 | L46: 0 | M46: 32 | N46: 0 | O46: =SUM(C46:L46,N46) -> 30 | P46: =SUM(C46:N46) -> 62
B47: 16.15 -16.30 | C47: 3 | D47: 0 | E47: 6 | F47: 2 | G47: 0 | H47: 0 | I47: 5 | J47: 0 | K47: 0 | L47: 0 | M47: 31 | N47: 0 | O47: =SUM(C47:L47,N47) -> 16 | P47: =SUM(C47:N47) -> 47
B48: 16.30 -16.45 | C48: 11 | D48: 0 | E48: 13 | F48: 3 | G48: 0 | H48: 0 | I48: 4 | J48: 0 | K48: 0 | L48: 0 | M48: 28 | N48: 0 | O48: =SUM(C48:L48,N48) -> 31 | P48: =SUM(C48:N48) -> 59
B49: 16.45 -17.00 | C49: 8 | D49: 0 | E49: 13 | F49: 9 | G49: 0 | H49: 0 | I49: 4 | J49: 0 | K49: 0 | L49: 1 | M49: 30 | N49: 0 | O49: =SUM(C49:L49,N49) -> 35 | P49: =SUM(C49:N49) -> 65
B50: 17.00 -17.15 | C50: 10 | D50: 0 | E50: 7 | F50: 5 | G50: 0 | H50: 0 | I50: 1 | J50: 0 | K50: 0 | L50: 1 | M50: 27 | N50: 0 | O50: =SUM(C50:L50,N50) -> 24 | P50: =SUM(C50:N50) -> 51
B51: 17.15 -17.30 | C51: 5 | D51: 0 | E51: 9 | F51: 2 | G51: 0 | H51: 0 | I51: 2 | J51: 0 | K51: 0 | L51: 1 | M51: 24 | N51: 0 | O51: =SUM(C51:L51,N51) -> 19 | P51: =SUM(C51:N51) -> 43
B52: 17.30 -17.45 | C52: 8 | D52: 0 | E52: 14 | F52: 9 | G52: 1 | H52: 0 | I52: 5 | J52: 0 | K52: 0 | L52: 0 | M52: 34 | N52: 0 | O52: =SUM(C52:L52,N52) -> 37 | P52: =SUM(C52:N52) -> 71
B53: 17.45 -18.00 | C53: 6 | D53: 0 | E53: 8 | F53: 4 | G53: 1 | H53: 0 | I53: 1 | J53: 0 | K53: 0 | L53: 0 | M53: 27 | N53: 0 | O53: =SUM(C53:L53,N53) -> 20 | P53: =SUM(C53:N53) -> 47
B54: 18.00 - 18.15 | C54: 5 | D54: 0 | E54: 9 | F54: 7 | G54: 0 | H54: 0 | I54: 5 | J54: 0 | K54: 0 | L54: 1 | M54: 29 | N54: 0 | O54: =SUM(C54:L54,N54) -> 27 | P54: =SUM(C54:N54) -> 56
... B105: 06.45 - 07.00 | C105: 0 | D105: 0 | E105: 0 | F105: 0 | G105: 0 | H105: 0 | I105: 0 | J105: 0 | K105: 0 | L105: 0 | M105: 0 | N105: 0 | O105: =SUM(C105:L105,N105) -> 0 | P105: =SUM(C105:N105) -> 0
B106: Totals | C106: =SUM(C10:C105) -> 295 | D106: =SUM(D10:D105) -> 0 | E106: =SUM(E10:E105) -> 368 | F106: =SUM(F10:F105) -> 214 | G106: =SUM(G10:G105) -> 23 | H106: =SUM(H10:H105) -> 3 | I106: =SUM(I10:I105) -> 152 | J106: =SUM(J10:J105) -> 12 | ... P106: =SUM(P10:P105) -> 2239
B107: %ges + MCs | C107: =C106/$P$106 -> 0.13175525 | D107: =D106/$P$106 -> 0 | E107: =E106/$P$106 -> 0.16435909 | F107: =F106/$P$106 -> 0.095578383 | G107: =G106/$P$106 -> 0.010272443 | H107: =H106/$P$106 -> 0.0013398839 | I107: =I106/$P$106 -> 0.06788745 | J107: =J106/$P$106 -> 0.0053595355 | ... N107: =N106/$P$106 -> 0.00044662796
B108: %ges w/o MCs | C108: =C106/$O$106 -> 0.26793824 | D108: =D106/$O$106 -> 0 | E108: =E106/$O$106 -> 0.3342416 | F108: =F106/$O$106 -> 0.19436876 | G108: =G106/$O$106 -> 0.0208901 | H108: =H106/$O$106 -> 0.0027247956 | I108: =I106/$O$106 -> 0.13805631 | J108: =J106/$O$106 -> 0.010899183 | ... L108: =L106/$O$106 -> 0.018165304 | N108: =N106/$O$106 -> 0.00090826521

Sheet 24.8 Kayunga-Kangulumira
B1: Consultancy services for Preparation of Expressway Development Master Plan (EDMP) for Uganda
B2: MANUAL CLASSIFIED COUNT (MCC)
B3: ROAD NAME: | C3: ='20.8 Kayunga-Kangulumira'!C3:G3 -> MCC-C3-STN90-KAYUNGA-KANGULUMIRA ROAD
C5: Date | D5: 24.08.19 | F5: Location | G5: ='19.8 Kayunga-Kangulumira'!G5:H5 -> Kayunga | J5: Surveyor | K5: ='19.8 Kayunga-Kangulumira'!K5:L5 -> Comfort
C6: Dir. From | D6: ='20.8 Kayunga-Kangulumira'!D6:E6 -> KAYUNGA | F6: Dir. To | G6: ='20.8 Kayunga-Kangulumira'!G6:H6 -> KANGULUMIRA | J6: Supervisor | K6: ='19.8 Kayunga-Kangulumira'!K6:L6 -> Bella
B8: Time / Veh Type | R8: SUMMARY TRAFFIC VOLUMES
C9: 1. Car | D9: 2. Station Wagon | E9: 3. Pickups | F9: 4. Minibus, matatu | G9: 5. Medium bus | H9: 6. Large Bus | I9: 7. Light Truck | J9: 8. Medium Truck | K9: 9. Heavy truck | L9: 10. Truck Trailer | M9: 11. Motor cycles | N9: 12. Tractors | O9: Total Excl M/Cycles | P9: Total All | R9: Time | S9: 1. Car | T9: 2. Station Wagon | U9: 3. Pickups | V9: 4. Minibus, matatu | W9: 5. Medium bus | X9: 6. Large Bus | Y9: 7. Light Truck | Z9: 8. Medium Truck | AA9: 9. Heavy truck | AB9: 10. Truck Trailer | AC9: 11. Motorcycles | AD9: 12. Tractors, Graders | AE9: Total Excl M/ Cycles | AF9: Total All
B10: 07.00 - 07.15 | C10: 4 | D10: 0 | E10: 5 | F10: 4 | G10: 1 | H10: 0 | I10: 3 | J10: 0 | K10: 0 | L10: 0 | M10: 27 | N10: 0 | O10: =SUM(C10:L10,N10) -> 17 | P10: =SUM(C10:N10) -> 44 | R10: 0700-0800 | S10: =SUM(C10:C13) -> 11 | T10: =SUM(D10:D13) -> 0 | U10: =SUM(E10:E13) -> 11 | V10: =SUM(F10:F13) -> 22 | W10: =SUM(G10:G13) -> 2 | X10: =SUM(H10:H13) -> 0 | Y10: =SUM(I10:I13) -> 7 | Z10: =SUM(J10:J13) -> 0 | ... AF10: =SUM(P10:P13) -> 183
B11: 07.15 - 07.30 | C11: 2 | D11: 0 | E11: 2 | F11: 6 | G11: 1 | H11: 0 | I11: 1 | J11: 0 | K11: 0 | L11: 0 | M11: 30 | N11: 1 | O11: =SUM(C11:L11,N11) -> 13 | P11: =SUM(C11:N11) -> 43 | R11: 0800-0900 | S11: =SUM(C14:C17) -> 21 | T11: =SUM(D14:D17) -> 0 | U11: =SUM(E14:E17) -> 9 | V11: =SUM(F14:F17) -> 25 | W11: =SUM(G14:G17) -> 4 | X11: =SUM(H14:H17) -> 0 | Y11: =SUM(I14:I17) -> 8 | Z11: =SUM(J14:J17) -> 1 | ... AF11: =SUM(P14:P17) -> 184
B12: 07.30 - 07.45 | C12: 2 | D12: 0 | E12: 2 | F12: 4 | G12: 0 | H12: 0 | I12: 1 | J12: 0 | K12: 0 | L12: 0 | M12: 31 | N12: 0 | O12: =SUM(C12:L12,N12) -> 9 | P12: =SUM(C12:N12) -> 40 | R12: 0900-1000 | S12: =SUM(C18:C21) -> 24 | T12: =SUM(D18:D21) -> 0 | U12: =SUM(E18:E21) -> 9 | V12: =SUM(F18:F21) -> 18 | W12: =SUM(G18:G21) -> 1 | X12: =SUM(H18:H21) -> 0 | Y12: =SUM(I18:I21) -> 8 | Z12: =SUM(J18:J21) -> 1 | ... AF12: =SUM(P18:P21) -> 171
B13: 07.45 - 08.00 | C13: 3 | D13: 0 | E13: 2 | F13: 8 | G13: 0 | H13: 0 | I13: 2 | J13: 0 | K13: 0 | L13: 0 | M13: 41 | N13: 0 | O13: =SUM(C13:L13,N13) -> 15 | P13: =SUM(C13:N13) -> 56 | R13: 1000-1100 | S13: =SUM(C22:C25) -> 23 | T13: =SUM(D22:D25) -> 0 | U13: =SUM(E22:E25) -> 13 | V13: =SUM(F22:F25) -> 20 | W13: =SUM(G22:G25) -> 2 | X13: =SUM(H22:H25) -> 1 | Y13: =SUM(I22:I25) -> 9 | Z13: =SUM(J22:J25) -> 2 | ... AF13: =SUM(P22:P25) -> 175
B14: 08.00 - 08.15 | C14: 7 | D14: 0 | E14: 2 | F14: 9 | G14: 2 | H14: 0 | I14: 2 | J14: 0 | K14: 0 | L14: 0 | M14: 37 | N14: 0 | O14: =SUM(C14:L14,N14) -> 22 | P14: =SUM(C14:N14) -> 59 | R14: 1100-1200 | S14: =SUM(C26:C29) -> 34 | T14: =SUM(D26:D29) -> 0 | U14: =SUM(E26:E29) -> 25 | V14: =SUM(F26:F29) -> 20 | W14: =SUM(G26:G29) -> 0 | X14: =SUM(H26:H29) -> 0 | Y14: =SUM(I26:I29) -> 9 | Z14: =SUM(J26:J29) -> 0 | ... AF14: =SUM(P26:P29) -> 165
B15: 08.15 - 08.30 | C15: 4 | D15: 0 | E15: 1 | F15: 7 | G15: 1 | H15: 0 | I15: 2 | J15: 0 | K15: 0 | L15: 0 | M15: 29 | N15: 0 | O15: =SUM(C15:L15,N15) -> 15 | P15: =SUM(C15:N15) -> 44 | R15: 1200-1300 | S15: =SUM(C30:C33) -> 44 | T15: =SUM(D30:D33) -> 0 | U15: =SUM(E30:E33) -> 23 | V15: =SUM(F30:F33) -> 17 | W15: =SUM(G30:G33) -> 1 | X15: =SUM(H30:H33) -> 0 | Y15: =SUM(I30:I33) -> 18 | Z15: =SUM(J30:J33) -> 1 | ... AF15: =SUM(P30:P33) -> 203
B16: 08.30 - 08.45 | C16: 4 | D16: 0 | E16: 2 | F16: 5 | G16: 0 | H16: 0 | I16: 2 | J16: 1 | K16: 0 | L16: 0 | M16: 28 | N16: 0 | O16: =SUM(C16:L16,N16) -> 14 | P16: =SUM(C16:N16) -> 42 | R16: 1300-1400 | S16: =SUM(C34:C37) -> 30 | T16: =SUM(D34:D37) -> 0 | U16: =SUM(E34:E37) -> 21 | V16: =SUM(F34:F37) -> 12 | W16: =SUM(G34:G37) -> 1 | X16: =SUM(H34:H37) -> 0 | Y16: =SUM(I34:I37) -> 13 | Z16: =SUM(J34:J37) -> 0 | ... AF16: =SUM(P34:P37) -> 190
B17: 08.45 - 9.00 | C17: 6 | D17: 0 | E17: 4 | F17: 4 | G17: 1 | H17: 0 | I17: 2 | J17: 0 | K17: 0 | L17: 0 | M17: 22 | N17: 0 | O17: =SUM(C17:L17,N17) -> 17 | P17: =SUM(C17:N17) -> 39 | R17: 1400-1500 | S17: =SUM(C38:C41) -> 28 | T17: =SUM(D38:D41) -> 0 | U17: =SUM(E38:E41) -> 26 | V17: =SUM(F38:F41) -> 13 | W17: =SUM(G38:G41) -> 0 | X17: =SUM(H38:H41) -> 0 | Y17: =SUM(I38:I41) -> 8 | Z17: =SUM(J38:J41) -> 1 | ... AF17: =SUM(P38:P41) -> 171
B18: 09.00 - 09.15 | C18: 9 | D18: 0 | E18: 1 | F18: 6 | G18: 1 | H18: 0 | I18: 4 | J18: 0 | K18: 1 | L18: 0 | M18: 30 | N18: 0 | O18: =SUM(C18:L18,N18) -> 22 | P18: =SUM(C18:N18) -> 52 | R18: 1500-1600 | S18: =SUM(C42:C45) -> 27 | T18: =SUM(D42:D45) -> 0 | U18: =SUM(E42:E45) -> 18 | V18: =SUM(F42:F45) -> 16 | W18: =SUM(G42:G45) -> 2 | X18: =SUM(H42:H45) -> 0 | Y18: =SUM(I42:I45) -> 13 | Z18: =SUM(J42:J45) -> 1 | ... AF18: =SUM(P42:P45) -> 178
B19: 09.15 - 09.30 | C19: 6 | D19: 0 | E19: 1 | F19: 3 | G19: 0 | H19: 0 | I19: 1 | J19: 0 | K19: 1 | L19: 0 | M19: 22 | N19: 0 | O19: =SUM(C19:L19,N19) -> 12 | P19: =SUM(C19:N19) -> 34 | R19: 1600-1700 | S19: =SUM(C46:C49) -> 24 | T19: =SUM(D46:D49) -> 0 | U19: =SUM(E46:E49) -> 21 | V19: =SUM(F46:F49) -> 13 | W19: =SUM(G46:G49) -> 3 | X19: =SUM(H46:H49) -> 1 | Y19: =SUM(I46:I49) -> 15 | Z19: =SUM(J46:J49) -> 1 | ... AF19: =SUM(P46:P49) -> 190
B20: 09.30 - 09.45 | C20: 6 | D20: 0 | E20: 3 | F20: 4 | G20: 0 | H20: 0 | I20: 0 | J20: 0 | K20: 2 | L20: 0 | M20: 26 | N20: 0 | O20: =SUM(C20:L20,N20) -> 15 | P20: =SUM(C20:N20) -> 41 | R20: 1700-1800 | S20: =SUM(C50:C53) -> 23 | T20: =SUM(D50:D53) -> 0 | U20: =SUM(E50:E53) -> 16 | V20: =SUM(F50:F53) -> 14 | W20: =SUM(G50:G53) -> 0 | X20: =SUM(H50:H53) -> 4 | Y20: =SUM(I50:I53) -> 14 | Z20: =SUM(J50:J53) -> 1 | ... AF20: =SUM(P50:P53) -> 209
B21: 09.45 - 10.00 | C21: 3 | D21: 0 | E21: 4 | F21: 5 | G21: 0 | H21: 0 | I21: 3 | J21: 1 | K21: 4 | L21: 0 | M21: 24 | N21: 0 | O21: =SUM(C21:L21,N21) -> 20 | P21: =SUM(C21:N21) -> 44 | R21: 1800-1900 | S21: =SUM(C54:C57) -> 16 | T21: =SUM(D54:D57) -> 0 | U21: =SUM(E54:E57) -> 28 | V21: =SUM(F54:F57) -> 18 | W21: =SUM(G54:G57) -> 0 | X21: =SUM(H54:H57) -> 1 | Y21: =SUM(I54:I57) -> 16 | Z21: =SUM(J54:J57) -> 2 | ... AF21: =SUM(P54:P57) -> 205
B22: 10.00 - 10.15 | C22: 6 | D22: 0 | E22: 4 | F22: 4 | G22: 1 | H22: 0 | I22: 2 | J22: 0 | K22: 0 | L22: 0 | M22: 29 | N22: 0 | O22: =SUM(C22:L22,N22) -> 17 | P22: =SUM(C22:N22) -> 46 | R22: AM Peak Hr | S22: =MAX(S10:S12) -> 24 | T22: =MAX(T10:T12) -> 0 | U22: =MAX(U10:U12) -> 11 | V22: =MAX(V10:V12) -> 25 | W22: =MAX(W10:W12) -> 4 | X22: =MAX(X10:X12) -> 0 | Y22: =MAX(Y10:Y12) -> 8 | Z22: =MAX(Z10:Z12) -> 1 | ... AF22: =MAX(AF10:AF12) -> 184
B23: 10.15 - 10.30 | C23: 5 | D23: 0 | E23: 5 | F23: 2 | G23: 0 | H23: 0 | I23: 1 | J23: 0 | K23: 0 | L23: 0 | M23: 30 | N23: 0 | O23: =SUM(C23:L23,N23) -> 13 | P23: =SUM(C23:N23) -> 43 | R23: IP Peak Hr | S23: =MAX(S13:S18) -> 44 | T23: =MAX(T13:T18) -> 0 | U23: =MAX(U13:U18) -> 26 | V23: =MAX(V13:V18) -> 20 | W23: =MAX(W13:W18) -> 2 | X23: =MAX(X13:X18) -> 1 | Y23: =MAX(Y13:Y18) -> 18 | Z23: =MAX(Z13:Z18) -> 2 | ... AF23: =MAX(AF13:AF18) -> 203
B24: 10.30 - 10.45 | C24: 7 | D24: 0 | E24: 2 | F24: 6 | G24: 0 | H24: 1 | I24: 1 | J24: 2 | K24: 0 | L24: 0 | M24: 28 | N24: 0 | O24: =SUM(C24:L24,N24) -> 19 | P24: =SUM(C24:N24) -> 47 | R24: PM Peak Hr | S24: =MAX(S19:S21) -> 24 | T24: =MAX(T19:T21) -> 0 | U24: =MAX(U19:U21) -> 28 | V24: =MAX(V19:V21) -> 18 | W24: =MAX(W19:W21) -> 3 | X24: =MAX(X19:X21) -> 4 | Y24: =MAX(Y19:Y21) -> 16 | Z24: =MAX(Z19:Z21) -> 2 | ... AF24: =MAX(AF19:AF21) -> 209
B25: 10.45 - 11.00 | C25: 5 | D25: 0 | E25: 2 | F25: 8 | G25: 1 | H25: 0 | I25: 5 | J25: 0 | K25: 0 | L25: 0 | M25: 18 | N25: 0 | O25: =SUM(C25:L25,N25) -> 21 | P25: =SUM(C25:N25) -> 39 | R25: AM Period | S25: =SUM(S10:S12) -> 56 | T25: =SUM(T10:T12) -> 0 | U25: =SUM(U10:U12) -> 29 | V25: =SUM(V10:V12) -> 65 | W25: =SUM(W10:W12) -> 7 | X25: =SUM(X10:X12) -> 0 | Y25: =SUM(Y10:Y12) -> 23 | Z25: =SUM(Z10:Z12) -> 2 | ... AF25: =SUM(AF10:AF12) -> 538
B26: 11.00 - 11.15 | C26: 9 | D26: 0 | E26: 2 | F26: 2 | G26: 0 | H26: 0 | I26: 1 | J26: 0 | K26: 0 | L26: 0 | M26: 16 | N26: 0 | O26: =SUM(C26:L26,N26) -> 14 | P26: =SUM(C26:N26) -> 30 | R26: IP Period | S26: =SUM(S13:S18) -> 186 | T26: =SUM(T13:T18) -> 0 | U26: =SUM(U13:U18) -> 126 | V26: =SUM(V13:V18) -> 98 | W26: =SUM(W13:W18) -> 6 | X26: =SUM(X13:X18) -> 1 | Y26: =SUM(Y13:Y18) -> 70 | Z26: =SUM(Z13:Z18) -> 5 | ... AF26: =SUM(AF13:AF18) -> 1082
B27: 11.15 - 11.30 | C27: 9 | D27: 0 | E27: 6 | F27: 8 | G27: 0 | H27: 0 | I27: 2 | J27: 0 | K27: 0 | L27: 0 | M27: 17 | N27: 0 | O27: =SUM(C27:L27,N27) -> 25 | P27: =SUM(C27:N27) -> 42 | R27: PM Period | S27: =SUM(S19:S21) -> 63 | T27: =SUM(T19:T21) -> 0 | U27: =SUM(U19:U21) -> 65 | V27: =SUM(V19:V21) -> 45 | W27: =SUM(W19:W21) -> 3 | X27: =SUM(X19:X21) -> 6 | Y27: =SUM(Y19:Y21) -> 45 | Z27: =SUM(Z19:Z21) -> 4 | ... AF27: =SUM(AF19:AF21) -> 604
B28: 11.30 - 11.45 | C28: 6 | D28: 0 | E28: 9 | F28: 5 | G28: 0 | H28: 0 | I28: 3 | J28: 0 | K28: 0 | L28: 0 | M28: 26 | N28: 0 | O28: =SUM(C28:L28,N28) -> 23 | P28: =SUM(C28:N28) -> 49 | R28: 12 Hours | S28: =SUM(S10:S21) -> 305 | T28: =SUM(T10:T21) -> 0 | U28: =SUM(U10:U21) -> 220 | V28: =SUM(V10:V21) -> 208 | W28: =SUM(W10:W21) -> 16 | X28: =SUM(X10:X21) -> 7 | Y28: =SUM(Y10:Y21) -> 138 | Z28: =SUM(Z10:Z21) -> 11 | ... AF28: =SUM(AF10:AF21) -> 2224
B29: 11.45 - 12.00 | C29: 10 | D29: 0 | E29: 8 | F29: 5 | G29: 0 | H29: 0 | I29: 3 | J29: 0 | K29: 0 | L29: 0 | M29: 18 | N29: 0 | O29: =SUM(C29:L29,N29) -> 26 | P29: =SUM(C29:N29) -> 44
B30: 12.00 - 12.15 | C30: 9 | D30: 0 | E30: 4 | F30: 4 | G30: 0 | H30: 0 | I30: 9 | J30: 0 | K30: 0 | L30: 0 | M30: 15 | N30: 0 | O30: =SUM(C30:L30,N30) -> 26 | P30: =SUM(C30:N30) -> 41
B31: 12.15 - 12.30 | C31: 7 | D31: 0 | E31: 5 | F31: 5 | G31: 1 | H31: 0 | I31: 3 | J31: 0 | K31: 0 | L31: 0 | M31: 28 | N31: 0 | O31: =SUM(C31:L31,N31) -> 21 | P31: =SUM(C31:N31) -> 49
B32: 12.30 - 12.45 | C32: 12 | D32: 0 | E32: 9 | F32: 4 | G32: 0 | H32: 0 | I32: 2 | J32: 0 | K32: 1 | L32: 0 | M32: 32 | N32: 0 | O32: =SUM(C32:L32,N32) -> 28 | P32: =SUM(C32:N32) -> 60
B33: 12.45 - 13.00 | C33: 16 | D33: 0 | E33: 5 | F33: 4 | G33: 0 | H33: 0 | I33: 4 | J33: 1 | K33: 0 | L33: 0 | M33: 23 | N33: 0 | O33: =SUM(C33:L33,N33) -> 30 | P33: =SUM(C33:N33) -> 53
B34: 13.00 - 13.15 | C34: 5 | D34: 0 | E34: 4 | F34: 3 | G34: 1 | H34: 0 | I34: 3 | J34: 0 | K34: 1 | L34: 1 | M34: 27 | N34: 0 | O34: =SUM(C34:L34,N34) -> 18 | P34: =SUM(C34:N34) -> 45
B35: 13.15 - 13.30 | C35: 15 | D35: 0 | E35: 6 | F35: 3 | G35: 0 | H35: 0 | I35: 2 | J35: 0 | K35: 0 | L35: 0 | M35: 23 | N35: 0 | O35: =SUM(C35:L35,N35) -> 26 | P35: =SUM(C35:N35) -> 49
B36: 13.30 - 13.45 | C36: 5 | D36: 0 | E36: 5 | F36: 4 | G36: 0 | H36: 0 | I36: 4 | J36: 0 | K36: 0 | L36: 0 | M36: 30 | N36: 0 | O36: =SUM(C36:L36,N36) -> 18 | P36: =SUM(C36:N36) -> 48
B37: 13.45 - 14.00 | C37: 5 | D37: 0 | E37: 6 | F37: 2 | G37: 0 | H37: 0 | I37: 4 | J37: 0 | K37: 0 | L37: 1 | M37: 30 | N37: 0 | O37: =SUM(C37:L37,N37) -> 18 | P37: =SUM(C37:N37) -> 48
B38: 14.00 - 14.15 | C38: 13 | D38: 0 | E38: 8 | F38: 3 | G38: 0 | H38: 0 | I38: 3 | J38: 0 | K38: 1 | L38: 1 | M38: 20 | N38: 0 | O38: =SUM(C38:L38,N38) -> 29 | P38: =SUM(C38:N38) -> 49
B39: 14.15 - 14.30 | C39: 4 | D39: 0 | E39: 6 | F39: 1 | G39: 0 | H39: 0 | I39: 1 | J39: 0 | K39: 0 | L39: 0 | M39: 19 | N39: 0 | O39: =SUM(C39:L39,N39) -> 12 | P39: =SUM(C39:N39) -> 31
B40: 14.30 - 14.45 | C40: 6 | D40: 0 | E40: 4 | F40: 3 | G40: 0 | H40: 0 | I40: 2 | J40: 0 | K40: 0 | L40: 3 | M40: 17 | N40: 0 | O40: =SUM(C40:L40,N40) -> 18 | P40: =SUM(C40:N40) -> 35
... B57: 18.45 - 19.00 | C57: 4 | D57: 0 | E57: 9 | F57: 2 | G57: 0 | H57: 0 | I57: 3 | J57: 0 | K57: 1 | L57: 0 | M57: 32 | N57: 0 | O57: =SUM(C57:L57,N57) -> 19 | P57: =SUM(C57:N57) -> 51
B58: Totals | C58: =SUM(C10:C57) -> 305 | D58: =SUM(D10:D57) -> 0 | E58: =SUM(E10:E57) -> 220 | F58: =SUM(F10:F57) -> 208 | G58: =SUM(G10:G57) -> 16 | H58: =SUM(H10:H57) -> 7 | I58: =SUM(I10:I57) -> 138 | J58: =SUM(J10:J57) -> 11 | ... P58: =SUM(P10:P57) -> 2224
B59: %ges + MCs | C59: =C58/$P$58 -> 0.13714029 | D59: =D58/$P$58 -> 0 | E59: =E58/$P$58 -> 0.098920863 | F59: =F58/$P$58 -> 0.09352518 | G59: =G58/$P$58 -> 0.0071942446 | H59: =H58/$P$58 -> 0.003147482 | I59: =I58/$P$58 -> 0.06205036 | J59: =J58/$P$58 -> 0.0049460432 | ... N59: =N58/$P$58 -> 0.00044964029
B60: %ges w/o MCs | C60: =C58/$O$58 -> 0.32206969 | D60: =D58/$O$58 -> 0 | E60: =E58/$O$58 -> 0.23231257 | F60: =F58/$O$58 -> 0.21964097 | G60: =G58/$O$58 -> 0.016895459 | H60: =H58/$O$58 -> 0.0073917635 | I60: =I58/$O$58 -> 0.14572334 | J60: =J58/$O$58 -> 0.011615628 | ... L60: =L58/$O$58 -> 0.017951426 | N60: =N58/$O$58 -> 0.0010559662

Sheet 24.8 Kangulumira-Kayunga
B1: Consultancy services for Preparation of Expressway Development Master Plan (EDMP) for Uganda
B2: MANUAL CLASSIFIED COUNT (MCC)
B3: ROAD NAME: | C3: ='19.8 Kayunga-Kangulumira'!C3:G3 -> MCC-C3-STN90-KAYUNGA-KANGULUMIRA ROAD
C5: Date | D5: 24.08.19 | F5: Location | G5: ='23.8 Kangulumira-Kayunga'!G5:H5 | J5: Surveyor | K5: ='23.8 Kangulumira-Kayunga'!K5:L5
C6: Dir. From | D6: KANGULUMIRA | F6: Dir. To | G6: KAYUNGA | J6: Supervisor | K6: ='23.8 Kangulumira-Kayunga'!K6:L6
B8: Time / Veh Type | R8: SUMMARY TRAFFIC VOLUMES
C9: 1. Car | D9: 2. Station Wagon | E9: 3. Pickups | F9: 4. Minibus, matatu | G9: 5. Medium bus | H9: 6. Large Bus | I9: 7. Light Truck | J9: 8. Medium Truck | K9: 9. Heavy truck | L9: 10. Truck Trailer | M9: 11. Motor cycles | N9: 12. Tractors | O9: Total Excl M/Cycles | P9: Total All | R9: Time | S9: 1. Car | T9: 2. Station Wagon | U9: 3. Pickups | V9: 4. Minibus, matatu | W9: 5. Medium bus | X9: 6. Large Bus | Y9: 7. Light Truck | Z9: 8. Medium Truck | AA9: 9. Heavy truck | AB9: 10. Truck Trailer | AC9: 11. Motorcycles | AD9: 12. Tractors, Graders | AE9: Total Excl M/ Cycles | AF9: Total All
B10: 07.00 - 07.15 | C10: 5 | D10: 0 | E10: 2 | F10: 3 | G10: 0 | H10: 0 | I10: 3 | J10: 3 | K10: 2 | L10: 1 | M10: 11 | N10: 0 | O10: =SUM(C10:L10,N10) -> 19 | P10: =SUM(C10:N10) -> 30 | R10: 0700-0800 | S10: =SUM(C10:C13) -> 16 | T10: =SUM(D10:D13) -> 0 | U10: =SUM(E10:E13) -> 12 | V10: =SUM(F10:F13) -> 15 | W10: =SUM(G10:G13) -> 0 | X10: =SUM(H10:H13) -> 1 | Y10: =SUM(I10:I13) -> 6 | Z10: =SUM(J10:J13) -> 3 | ... AF10: =SUM(P10:P13) -> 126
B11: 07.15 - 07.30 | C11: 3 | D11: 0 | E11: 5 | F11: 2 | G11: 0 | H11: 0 | I11: 1 | J11: 0 | K11: 0 | L11: 2 | M11: 13 | N11: 0 | O11: =SUM(C11:L11,N11) -> 13 | P11: =SUM(C11:N11) -> 26 | R11: 0800-0900 | S11: =SUM(C14:C17) -> 19 | T11: =SUM(D14:D17) -> 0 | U11: =SUM(E14:E17) -> 6 | V11: =SUM(F14:F17) -> 13 | W11: =SUM(G14:G17) -> 0 | X11: =SUM(H14:H17) -> 1 | Y11: =SUM(I14:I17) -> 9 | Z11: =SUM(J14:J17) -> 1 | ... AF11: =SUM(P14:P17) -> 138
B12: 07.30 - 07.45 | C12: 5 | D12: 0 | E12: 2 | F12: 3 | G12: 0 | H12: 1 | I12: 1 | J12: 0 | K12: 2 | L12: 1 | M12: 19 | N12: 0 | O12: =SUM(C12:L12,N12) -> 15 | P12: =SUM(C12:N12) -> 34 | R12: 0900-1000 | S12: =SUM(C18:C21) -> 16 | T12: =SUM(D18:D21) -> 0 | U12: =SUM(E18:E21) -> 12 | V12: =SUM(F18:F21) -> 15 | W12: =SUM(G18:G21) -> 0 | X12: =SUM(H18:H21) -> 0 | Y12: =SUM(I18:I21) -> 5 | Z12: =SUM(J18:J21) -> 2 | ... AF12: =SUM(P18:P21) -> 120
B13: 07.45 - 08.00 | C13: 3 | D13: 0 | E13: 3 | F13: 7 | G13: 0 | H13: 0 | I13: 1 | J13: 0 | K13: 3 | L13: 0 | M13: 19 | N13: 0 | O13: =SUM(C13:L13,N13) -> 17 | P13: =SUM(C13:N13) -> 36 | R13: 1000-1100 | S13: =SUM(C22:C25) -> 14 | T13: =SUM(D22:D25) -> 0 | U13: =SUM(E22:E25) -> 10 | V13: =SUM(F22:F25) -> 18 | W13: =SUM(G22:G25) -> 2 | X13: =SUM(H22:H25) -> 0 | Y13: =SUM(I22:I25) -> 14 | Z13: =SUM(J22:J25) -> 2 | ... AF13: =SUM(P22:P25) -> 144
B14: 08.00 - 08.15 | C14: 3 | D14: 0 | E14: 2 | F14: 3 | G14: 0 | H14: 1 | I14: 0 | J14: 0 | K14: 0 | L14: 2 | M14: 26 | N14: 0 | O14: =SUM(C14:L14,N14) -> 11 | P14: =SUM(C14:N14) -> 37 | R14: 1100-1200 | S14: =SUM(C26:C29) -> 13 | T14: =SUM(D26:D29) -> 0 | U14: =SUM(E26:E29) -> 10 | V14: =SUM(F26:F29) -> 15 | W14: =SUM(G26:G29) -> 1 | X14: =SUM(H26:H29) -> 1 | Y14: =SUM(I26:I29) -> 19 | Z14: =SUM(J26:J29) -> 1 | ... AF14: =SUM(P26:P29) -> 156
B15: 08.15 - 08.30 | C15: 7 | D15: 0 | E15: 2 | F15: 3 | G15: 0 | H15: 0 | I15: 3 | J15: 0 | K15: 0 | L15: 0 | M15: 31 | N15: 0 | O15: =SUM(C15:L15,N15) -> 15 | P15: =SUM(C15:N15) -> 46 | R15: 1200-1300 | S15: =SUM(C30:C33) -> 19 | T15: =SUM(D30:D33) -> 0 | U15: =SUM(E30:E33) -> 13 | V15: =SUM(F30:F33) -> 19 | W15: =SUM(G30:G33) -> 1 | X15: =SUM(H30:H33) -> 0 | Y15: =SUM(I30:I33) -> 18 | Z15: =SUM(J30:J33) -> 1 | ... AF15: =SUM(P30:P33) -> 169
B16: 08.30 - 08.45 | C16: 4 | D16: 0 | E16: 2 | F16: 5 | G16: 0 | H16: 0 | I16: 2 | J16: 1 | K16: 0 | L16: 0 | M16: 14 | N16: 0 | O16: =SUM(C16:L16,N16) -> 14 | P16: =SUM(C16:N16) -> 28 | R16: 1300-1400 | S16: =SUM(C34:C37) -> 19 | T16: =SUM(D34:D37) -> 0 | U16: =SUM(E34:E37) -> 14 | V16: =SUM(F34:F37) -> 22 | W16: =SUM(G34:G37) -> 0 | X16: =SUM(H34:H37) -> 0 | Y16: =SUM(I34:I37) -> 11 | Z16: =SUM(J34:J37) -> 1 | ... AF16: =SUM(P34:P37) -> 168
B17: 08.45 - 9.00 | C17: 5 | D17: 0 | E17: 0 | F17: 2 | G17: 0 | H17: 0 | I17: 4 | J17: 0 | K17: 1 | L17: 1 | M17: 14 | N17: 0 | O17: =SUM(C17:L17,N17) -> 13 | P17: =SUM(C17:N17) -> 27 | R17: 1400-1500 | S17: =SUM(C38:C41) -> 21 | T17: =SUM(D38:D41) -> 0 | U17: =SUM(E38:E41) -> 25 | V17: =SUM(F38:F41) -> 14 | W17: =SUM(G38:G41) -> 1 | X17: =SUM(H38:H41) -> 1 | Y17: =SUM(I38:I41) -> 13 | Z17: =SUM(J38:J41) -> 0 | ... AF17: =SUM(P38:P41) -> 181
B18: 09.00 - 09.15 | C18: 6 | D18: 0 | E18: 4 | F18: 4 | G18: 0 | H18: 0 | I18: 2 | J18: 1 | K18: 0 | L18: 1 | M18: 24 | N18: 0 | O18: =SUM(C18:L18,N18) -> 18 | P18: =SUM(C18:N18) -> 42 | R18: 1500-1600 | S18: =SUM(C42:C45) -> 21 | T18: =SUM(D42:D45) -> 0 | U18: =SUM(E42:E45) -> 33 | V18: =SUM(F42:F45) -> 13 | W18: =SUM(G42:G45) -> 0 | X18: =SUM(H42:H45) -> 0 | Y18: =SUM(I42:I45) -> 15 | Z18: =SUM(J42:J45) -> 0 | ... AF18: =SUM(P42:P45) -> 182
B19: 09.15 - 09.30 | C19: 5 | D19: 0 | E19: 5 | F19: 3 | G19: 0 | H19: 0 | I19: 1 | J19: 0 | K19: 0 | L19: 0 | M19: 17 | N19: 0 | O19: =SUM(C19:L19,N19) -> 14 | P19: =SUM(C19:N19) -> 31 | R19: 1600-1700 | S19: =SUM(C46:C49) -> 24 | T19: =SUM(D46:D49) -> 0 | U19: =SUM(E46:E49) -> 22 | V19: =SUM(F46:F49) -> 15 | W19: =SUM(G46:G49) -> 0 | X19: =SUM(H46:H49) -> 0 | Y19: =SUM(I46:I49) -> 21 | Z19: =SUM(J46:J49) -> 2 | ... AF19: =SUM(P46:P49) -> 173
B20: 09.30 - 09.45 | C20: 2 | D20: 0 | E20: 1 | F20: 4 | G20: 0 | H20: 0 | I20: 1 | J20: 1 | K20: 0 | L20: 0 | M20: 13 | N20: 1 | O20: =SUM(C20:L20,N20) -> 10 | P20: =SUM(C20:N20) -> 23 | R20: 1700-1800 | S20: =SUM(C50:C53) -> 17 | T20: =SUM(D50:D53) -> 0 | U20: =SUM(E50:E53) -> 19 | V20: =SUM(F50:F53) -> 15 | W20: =SUM(G50:G53) -> 0 | X20: =SUM(H50:H53) -> 0 | Y20: =SUM(I50:I53) -> 10 | Z20: =SUM(J50:J53) -> 1 | ... AF20: =SUM(P50:P53) -> 190
B21: 09.45 - 10.00 | C21: 3 | D21: 0 | E21: 2 | F21: 4 | G21: 0 | H21: 0 | I21: 1 | J21: 0 | K21: 0 | L21: 1 | M21: 13 | N21: 0 | O21: =SUM(C21:L21,N21) -> 11 | P21: =SUM(C21:N21) -> 24 | R21: 1800-1900 | S21: =SUM(C54:C57) -> 23 | T21: =SUM(D54:D57) -> 0 | U21: =SUM(E54:E57) -> 14 | V21: =SUM(F54:F57) -> 19 | W21: =SUM(G54:G57) -> 0 | X21: =SUM(H54:H57) -> 0 | Y21: =SUM(I54:I57) -> 12 | Z21: =SUM(J54:J57) -> 1 | ... AF21: =SUM(P54:P57) -> 210
B22: 10.00 - 10.15 | C22: 3 | D22: 0 | E22: 3 | F22: 5 | G22: 1 | H22: 0 | I22: 4 | J22: 0 | K22: 0 | L22: 0 | M22: 20 | N22: 0 | O22: =SUM(C22:L22,N22) -> 16 | P22: =SUM(C22:N22) -> 36 | R22: AM Peak Hr | S22: =MAX(S10:S12) -> 19 | T22: =MAX(T10:T12) -> 0 | U22: =MAX(U10:U12) -> 12 | V22: =MAX(V10:V12) -> 15 | W22: =MAX(W10:W12) -> 0 | X22: =MAX(X10:X12) -> 1 | Y22: =MAX(Y10:Y12) -> 9 | Z22: =MAX(Z10:Z12) -> 3 | ... AF22: =MAX(AF10:AF12) -> 138
B23: 10.15 - 10.30 | C23: 2 | D23: 0 | E23: 1 | F23: 4 | G23: 0 | H23: 0 | I23: 2 | J23: 0 | K23: 0 | L23: 0 | M23: 14 | N23: 0 | O23: =SUM(C23:L23,N23) -> 9 | P23: =SUM(C23:N23) -> 23 | R23: IP Peak Hr | S23: =MAX(S13:S18) -> 21 | T23: =MAX(T13:T18) -> 0 | U23: =MAX(U13:U18) -> 33 | V23: =MAX(V13:V18) -> 22 | W23: =MAX(W13:W18) -> 2 | X23: =MAX(X13:X18) -> 1 | Y23: =MAX(Y13:Y18) -> 19 | Z23: =MAX(Z13:Z18) -> 2 | ... AF23: =MAX(AF13:AF18) -> 182
B24: 10.30 - 10.45 | C24: 4 | D24: 0 | E24: 0 | F24: 2 | G24: 1 | H24: 0 | I24: 6 | J24: 1 | K24: 0 | L24: 0 | M24: 21 | N24: 0 | O24: =SUM(C24:L24,N24) -> 14 | P24: =SUM(C24:N24) -> 35 | R24: PM Peak Hr | S24: =MAX(S19:S21) -> 24 | T24: =MAX(T19:T21) -> 0 | U24: =MAX(U19:U21) -> 22 | V24: =MAX(V19:V21) -> 19 | W24: =MAX(W19:W21) -> 0 | X24: =MAX(X19:X21) -> 0 | Y24: =MAX(Y19:Y21) -> 21 | Z24: =MAX(Z19:Z21) -> 2 | ... AF24: =MAX(AF19:AF21) -> 210
B25: 10.45 - 11.00 | C25: 5 | D25: 0 | E25: 6 | F25: 7 | G25: 0 | H25: 0 | I25: 2 | J25: 1 | K25: 0 | L25: 1 | M25: 28 | N25: 0 | O25: =SUM(C25:L25,N25) -> 22 | P25: =SUM(C25:N25) -> 50 | R25: AM Period | S25: =SUM(S10:S12) -> 51 | T25: =SUM(T10:T12) -> 0 | U25: =SUM(U10:U12) -> 30 | V25: =SUM(V10:V12) -> 43 | W25: =SUM(W10:W12) -> 0 | X25: =SUM(X10:X12) -> 2 | Y25: =SUM(Y10:Y12) -> 20 | Z25: =SUM(Z10:Z12) -> 6 | ... AF25: =SUM(AF10:AF12) -> 384
B26: 11.00 - 11.15 | C26: 4 | D26: 0 | E26: 3 | F26: 3 | G26: 0 | H26: 0 | I26: 9 | J26: 1 | K26: 1 | L26: 0 | M26: 23 | N26: 0 | O26: =SUM(C26:L26,N26) -> 21 | P26: =SUM(C26:N26) -> 44 | R26: IP Period | S26: =SUM(S13:S18) -> 107 | T26: =SUM(T13:T18) -> 0 | U26: =SUM(U13:U18) -> 105 | V26: =SUM(V13:V18) -> 101 | W26: =SUM(W13:W18) -> 5 | X26: =SUM(X13:X18) -> 2 | Y26: =SUM(Y13:Y18) -> 90 | Z26: =SUM(Z13:Z18) -> 5 | ... AF26: =SUM(AF13:AF18) -> 1000
B27: 11.15 - 11.30 | C27: 3 | D27: 0 | E27: 1 | F27: 5 | G27: 0 | H27: 0 | I27: 6 | J27: 0 | K27: 0 | L27: 0 | M27: 27 | N27: 0 | O27: =SUM(C27:L27,N27) -> 15 | P27: =SUM(C27:N27) -> 42 | R27: PM Period | S27: =SUM(S19:S21) -> 64 | T27: =SUM(T19:T21) -> 0 | U27: =SUM(U19:U21) -> 55 | V27: =SUM(V19:V21) -> 49 | W27: =SUM(W19:W21) -> 0 | X27: =SUM(X19:X21) -> 0 | Y27: =SUM(Y19:Y21) -> 43 | Z27: =SUM(Z19:Z21) -> 4 | ... AF27: =SUM(AF19:AF21) -> 573
B28: 11.30 - 11.45 | C28: 3 | D28: 0 | E28: 3 | F28: 4 | G28: 1 | H28: 1 | I28: 3 | J28: 0 | K28: 1 | L28: 1 | M28: 22 | N28: 0 | O28: =SUM(C28:L28,N28) -> 17 | P28: =SUM(C28:N28) -> 39 | R28: 12 Hours | S28: =SUM(S10:S21) -> 222 | T28: =SUM(T10:T21) -> 0 | U28: =SUM(U10:U21) -> 190 | V28: =SUM(V10:V21) -> 193 | W28: =SUM(W10:W21) -> 5 | X28: =SUM(X10:X21) -> 4 | Y28: =SUM(Y10:Y21) -> 153 | Z28: =SUM(Z10:Z21) -> 15 | ... AF28: =SUM(AF10:AF21) -> 1957
B29: 11.45 - 12.00 | C29: 3 | D29: 0 | E29: 3 | F29: 3 | G29: 0 | H29: 0 | I29: 1 | J29: 0 | K29: 0 | L29: 0 | M29: 21 | N29: 0 | O29: =SUM(C29:L29,N29) -> 10 | P29: =SUM(C29:N29) -> 31
B30: 12.00 - 12.15 | C30: 4 | D30: 0 | E30: 2 | F30: 3 | G30: 1 | H30: 0 | I30: 6 | J30: 0 | K30: 0 | L30: 0 | M30: 19 | N30: 0 | O30: =SUM(C30:L30,N30) -> 16 | P30: =SUM(C30:N30) -> 35
B31: 12.15 - 12.30 | C31: 2 | D31: 0 | E31: 4 | F31: 6 | G31: 0 | H31: 0 | I31: 3 | J31: 0 | K31: 0 | L31: 0 | M31: 29 | N31: 0 | O31: =SUM(C31:L31,N31) -> 15 | P31: =SUM(C31:N31) -> 44
B32: 12.30 - 12.45 | C32: 5 | D32: 0 | E32: 4 | F32: 3 | G32: 0 | H32: 0 | I32: 5 | J32: 0 | K32: 0 | L32: 0 | M32: 28 | N32: 0 | O32: =SUM(C32:L32,N32) -> 17 | P32: =SUM(C32:N32) -> 45
B33: 12.45 - 13.00 | C33: 8 | D33: 0 | E33: 3 | F33: 7 | G33: 0 | H33: 0 | I33: 4 | J33: 1 | K33: 0 | L33: 0 | M33: 22 | N33: 0 | O33: =SUM(C33:L33,N33) -> 23 | P33: =SUM(C33:N33) -> 45
B34: 13.00 - 13.15 | C34: 3 | D34: 0 | E34: 5 | F34: 6 | G34: 0 | H34: 0 | I34: 2 | J34: 1 | K34: 1 | L34: 0 | M34: 24 | N34: 0 | O34: =SUM(C34:L34,N34) -> 18 | P34: =SUM(C34:N34) -> 42
B35: 13.15 - 13.30 | C35: 4 | D35: 0 | E35: 1 | F35: 5 | G35: 0 | H35: 0 | I35: 2 | J35: 0 | K35: 0 | L35: 0 | M35: 26 | N35: 0 | O35: =SUM(C35:L35,N35) -> 12 | P35: =SUM(C35:N35) -> 38
B36: 13.30 - 13.45 | C36: 6 | D36: 0 | E36: 3 | F36: 7 | G36: 0 | H36: 0 | I36: 2 | J36: 0 | K36: 2 | L36: 0 | M36: 20 | N36: 0 | O36: =SUM(C36:L36,N36) -> 20 | P36: =SUM(C36:N36) -> 40
B37: 13.45 - 14.00 | C37: 6 | D37: 0 | E37: 5 | F37: 4 | G37: 0 | H37: 0 | I37: 5 | J37: 0 | K37: 0 | L37: 0 | M37: 28 | N37: 0 | O37: =SUM(C37:L37,N37) -> 20 | P37: =SUM(C37:N37) -> 48
B38: 14.00 - 14.15 | C38: 6 | D38: 0 | E38: 6 | F38: 0 | G38: 1 | H38: 1 | I38: 2 | J38: 0 | K38: 1 | L38: 0 | M38: 22 | N38: 0 | O38: =SUM(C38:L38,N38) -> 17 | P38: =SUM(C38:N38) -> 39
B39: 14.15 - 14.30 | C39: 5 | D39: 0 | E39: 6 | F39: 6 | G39: 0 | H39: 0 | I39: 5 | J39: 0 | K39: 0 | L39: 1 | M39: 19 | N39: 0 | O39: =SUM(C39:L39,N39) -> 23 | P39: =SUM(C39:N39) -> 42
B40: 14.30 - 14.45 | C40: 5 | D40: 0 | E40: 4 | F40: 1 | G40: 0 | H40: 0 | I40: 2 | J40: 0 | K40: 1 | L40: 0 | M40: 32 | N40: 1 | O40: =SUM(C40:L40,N40) -> 14 | P40: =SUM(C40:N40) -> 46
... B57: 18.45 - 19.00 | C57: 6 | D57: 0 | E57: 4 | F57: 4 | G57: 0 | H57: 0 | I57: 2 | J57: 1 | K57: 0 | L57: 0 | M57: 34 | N57: 0 | O57: =SUM(C57:L57,N57) -> 17 | P57: =SUM(C57:N57) -> 51
B58: Totals | C58: =SUM(C10:C57) -> 222 | D58: =SUM(D10:D57) -> 0 | E58: =SUM(E10:E57) -> 190 | F58: =SUM(F10:F57) -> 193 | G58: =SUM(G10:G57) -> 5 | H58: =SUM(H10:H57) -> 4 | I58: =SUM(I10:I57) -> 153 | J58: =SUM(J10:J57) -> 15 | ... P58: =SUM(P10:P57) -> 1957
B59: %ges + MCs | C59: =C58/$P$58 -> 0.11343894 | D59: =D58/$P$58 -> 0 | E59: =E58/$P$58 -> 0.097087379 | F59: =F58/$P$58 -> 0.098620337 | G59: =G58/$P$58 -> 0.002554931 | H59: =H58/$P$58 -> 0.0020439448 | I59: =I58/$P$58 -> 0.078180889 | J59: =J58/$P$58 -> 0.0076647931 | ... N59: =N58/$P$58 -> 0.0010219724
B60: %ges w/o MCs | C60: =C58/$O$58 -> 0.27139364 | D60: =D58/$O$58 -> 0 | E60: =E58/$O$58 -> 0.23227384 | F60: =F58/$O$58 -> 0.23594132 | G60: =G58/$O$58 -> 0.0061124694 | H60: =H58/$O$58 -> 0.0048899756 | I60: =I58/$O$58 -> 0.18704156 | J60: =J58/$O$58 -> 0.018337408 | ... L60: =L58/$O$58 -> 0.015892421 | N60: =N58/$O$58 -> 0.0024449878

Sheet 25.8 Kayunga-Kangulumira
B1: Consultancy services for Preparation of Expressway Development Master Plan (EDMP) for Uganda
B2: MANUAL CLASSIFIED COUNT (MCC)
B3: ROAD NAME: | C3: ='19.8 Kayunga-Kangulumira'!C3:G3 -> MCC-C3-STN90-KAYUNGA-KANGULUMIRA ROAD
C5: Date | D5: 25.08.19 | F5: Location | G5: ='24.8 Kayunga-Kangulumira'!G5:H5 -> Kayunga | J5: Surveyor | K5: ='24.8 Kayunga-Kangulumira'!K5:L5 -> Comfort
C6: Dir. From | D6: ='19.8 Kayunga-Kangulumira'!D6:E6 -> KAYUNGA | F6: Dir. To | G6: ='19.8 Kayunga-Kangulumira'!G6:H6 -> KANGULUMIRA | J6: Supervisor | K6: ='24.8 Kayunga-Kangulumira'!K6:L6 -> Bella
B8: Time / Veh Type | R8: SUMMARY TRAFFIC VOLUMES
C9: 1. Car | D9: 2. Station Wagon | E9: 3. Pickups | F9: 4. Minibus, matatu | G9: 5. Medium bus | H9: 6. Large Bus | I9: 7. Light Truck | J9: 8. Medium Truck | K9: 9. Heavy truck | L9: 10. Truck Trailer | M9: 11. Motor cycles | N9: 12. Tractors | O9: Total Excl M/Cycles | P9: Total All | R9: Time | S9: 1. Car | T9: 2. Station Wagon | U9: 3. Pickups | V9: 4. Minibus, matatu | W9: 5. Medium bus | X9: 6. Large Bus | Y9: 7. Light Truck | Z9: 8. Medium Truck | AA9: 9. Heavy truck | AB9: 10. Truck Trailer | AC9: 11. Motorcycles | AD9: 12. Tractors, Graders | AE9: Total Excl M/ Cycles | AF9: Total All
B10: 07.00 - 07.15 | C10: 2 | D10: 0 | E10: 1 | F10: 6 | G10: 0 | H10: 0 | I10: 1 | J10: 0 | K10: 0 | L10: 0 | M10: 22 | N10: 0 | O10: =SUM(C10:L10,N10) -> 10 | P10: =SUM(C10:N10) -> 32 | R10: 0700-0800 | S10: =SUM(C10:C13) -> 7 | T10: =SUM(D10:D13) -> 0 | U10: =SUM(E10:E13) -> 8 | V10: =SUM(F10:F13) -> 25 | W10: =SUM(G10:G13) -> 0 | X10: =SUM(H10:H13) -> 0 | Y10: =SUM(I10:I13) -> 4 | Z10: =SUM(J10:J13) -> 0 | ... AF10: =SUM(P10:P13) -> 162
B11: 07.15 - 07.30 | C11: 4 | D11: 0 | E11: 2 | F11: 4 | G11: 0 | H11: 0 | I11: 1 | J11: 0 | K11: 0 | L11: 0 | M11: 33 | N11: 0 | O11: =SUM(C11:L11,N11) -> 11 | P11: =SUM(C11:N11) -> 44 | R11: 0800-0900 | S11: =SUM(C14:C17) -> 10 | T11: =SUM(D14:D17) -> 0 | U11: =SUM(E14:E17) -> 5 | V11: =SUM(F14:F17) -> 14 | W11: =SUM(G14:G17) -> 0 | X11: =SUM(H14:H17) -> 0 | Y11: =SUM(I14:I17) -> 4 | Z11: =SUM(J14:J17) -> 0 | ... AF11: =SUM(P14:P17) -> 155
B12: 07.30 - 07.45 | C12: 0 | D12: 0 | E12: 1 | F12: 6 | G12: 0 | H12: 0 | I12: 2 | J12: 0 | K12: 0 | L12: 0 | M12: 31 | N12: 0 | O12: =SUM(C12:L12,N12) -> 9 | P12: =SUM(C12:N12) -> 40 | R12: 0900-1000 | S12: =SUM(C18:C21) -> 16 | T12: =SUM(D18:D21) -> 0 | U12: =SUM(E18:E21) -> 15 | V12: =SUM(F18:F21) -> 15 | W12: =SUM(G18:G21) -> 2 | X12: =SUM(H18:H21) -> 0 | Y12: =SUM(I18:I21) -> 8 | Z12: =SUM(J18:J21) -> 0 | ... AF12: =SUM(P18:P21) -> 179
B13: 07.45 - 08.00 | C13: 1 | D13: 0 | E13: 4 | F13: 9 | G13: 0 | H13: 0 | I13: 0 | J13: 0 | K13: 0 | L13: 0 | M13: 32 | N13: 0 | O13: =SUM(C13:L13,N13) -> 14 | P13: =SUM(C13:N13) -> 46 | R13: 1000-1100 | S13: =SUM(C22:C25) -> 16 | T13: =SUM(D22:D25) -> 0 | U13: =SUM(E22:E25) -> 15 | V13: =SUM(F22:F25) -> 17 | W13: =SUM(G22:G25) -> 1 | X13: =SUM(H22:H25) -> 0 | Y13: =SUM(I22:I25) -> 3 | Z13: =SUM(J22:J25) -> 0 | ... AF13: =SUM(P22:P25) -> 149
B14: 08.00 - 08.15 | C14: 1 | D14: 0 | E14: 1 | F14: 5 | G14: 0 | H14: 0 | I14: 1 | J14: 0 | K14: 0 | L14: 0 | M14: 34 | N14: 0 | O14: =SUM(C14:L14,N14) -> 8 | P14: =SUM(C14:N14) -> 42 | R14: 1100-1200 | S14: =SUM(C26:C29) -> 14 | T14: =SUM(D26:D29) -> 0 | U14: =SUM(E26:E29) -> 14 | V14: =SUM(F26:F29) -> 16 | W14: =SUM(G26:G29) -> 1 | X14: =SUM(H26:H29) -> 0 | Y14: =SUM(I26:I29) -> 8 | Z14: =SUM(J26:J29) -> 1 | ... AF14: =SUM(P26:P29) -> 186
B15: 08.15 - 08.30 | C15: 2 | D15: 0 | E15: 0 | F15: 2 | G15: 0 | H15: 0 | I15: 1 | J15: 0 | K15: 0 | L15: 0 | M15: 26 | N15: 0 | O15: =SUM(C15:L15,N15) -> 5 | P15: =SUM(C15:N15) -> 31 | R15: 1200-1300 | S15: =SUM(C30:C33) -> 14 | T15: =SUM(D30:D33) -> 0 | U15: =SUM(E30:E33) -> 14 | V15: =SUM(F30:F33) -> 14 | W15: =SUM(G30:G33) -> 0 | X15: =SUM(H30:H33) -> 0 | Y15: =SUM(I30:I33) -> 16 | Z15: =SUM(J30:J33) -> 3 | ... AF15: =SUM(P30:P33) -> 175
B16: 08.30 - 08.45 | C16: 5 | D16: 0 | E16: 0 | F16: 4 | G16: 0 | H16: 0 | I16: 1 | J16: 0 | K16: 1 | L16: 0 | M16: 29 | N16: 0 | O16: =SUM(C16:L16,N16) -> 11 | P16: =SUM(C16:N16) -> 40 | R16: 1300-1400 | S16: =SUM(C34:C37) -> 13 | T16: =SUM(D34:D37) -> 0 | U16: =SUM(E34:E37) -> 10 | V16: =SUM(F34:F37) -> 14 | W16: =SUM(G34:G37) -> 3 | X16: =SUM(H34:H37) -> 0 | Y16: =SUM(I34:I37) -> 4 | Z16: =SUM(J34:J37) -> 0 | ... AF16: =SUM(P34:P37) -> 146
B17: 08.45 - 9.00 | C17: 2 | D17: 0 | E17: 4 | F17: 3 | G17: 0 | H17: 0 | I17: 1 | J17: 0 | K17: 2 | L17: 0 | M17: 30 | N17: 0 | O17: =SUM(C17:L17,N17) -> 12 | P17: =SUM(C17:N17) -> 42 | R17: 1400-1500 | S17: =SUM(C38:C41) -> 13 | T17: =SUM(D38:D41) -> 0 | U17: =SUM(E38:E41) -> 13 | V17: =SUM(F38:F41) -> 14 | W17: =SUM(G38:G41) -> 2 | X17: =SUM(H38:H41) -> 0 | Y17: =SUM(I38:I41) -> 9 | Z17: =SUM(J38:J41) -> 0 | ... AF17: =SUM(P38:P41) -> 141
B18: 09.00 - 09.15 | C18: 4 | D18: 0 | E18: 3 | F18: 2 | G18: 0 | H18: 0 | I18: 2 | J18: 0 | K18: 1 | L18: 0 | M18: 27 | N18: 0 | O18: =SUM(C18:L18,N18) -> 12 | P18: =SUM(C18:N18) -> 39 | R18: 1500-1600 | S18: =SUM(C42:C45) -> 16 | T18: =SUM(D42:D45) -> 0 | U18: =SUM(E42:E45) -> 17 | V18: =SUM(F42:F45) -> 13 | W18: =SUM(G42:G45) -> 1 | X18: =SUM(H42:H45) -> 0 | Y18: =SUM(I42:I45) -> 7 | Z18: =SUM(J42:J45) -> 1 | ... AF18: =SUM(P42:P45) -> 159
B19: 09.15 - 09.30 | C19: 4 | D19: 0 | E19: 5 | F19: 6 | G19: 1 | H19: 0 | I19: 3 | J19: 0 | K19: 0 | L19: 0 | M19: 30 | N19: 0 | O19: =SUM(C19:L19,N19) -> 19 | P19: =SUM(C19:N19) -> 49 | R19: 1600-1700 | S19: =SUM(C46:C49) -> 26 | T19: =SUM(D46:D49) -> 0 | U19: =SUM(E46:E49) -> 16 | V19: =SUM(F46:F49) -> 15 | W19: =SUM(G46:G49) -> 0 | X19: =SUM(H46:H49) -> 1 | Y19: =SUM(I46:I49) -> 8 | Z19: =SUM(J46:J49) -> 1 | ... AF19: =SUM(P46:P49) -> 174
B20: 09.30 - 09.45 | C20: 3 | D20: 0 | E20: 3 | F20: 3 | G20: 1 | H20: 0 | I20: 0 | J20: 0 | K20: 0 | L20: 0 | M20: 30 | N20: 0 | O20: =SUM(C20:L20,N20) -> 10 | P20: =SUM(C20:N20) -> 40 | R20: 1700-1800 | S20: =SUM(C50:C53) -> 23 | T20: =SUM(D50:D53) -> 0 | U20: =SUM(E50:E53) -> 24 | V20: =SUM(F50:F53) -> 19 | W20: =SUM(G50:G53) -> 1 | X20: =SUM(H50:H53) -> 3 | Y20: =SUM(I50:I53) -> 15 | Z20: =SUM(J50:J53) -> 2 | ... AF20: =SUM(P50:P53) -> 203
B21: 09.45 - 10.00 | C21: 5 | D21: 0 | E21: 4 | F21: 4 | G21: 0 | H21: 0 | I21: 3 | J21: 0 | K21: 1 | L21: 0 | M21: 34 | N21: 0 | O21: =SUM(C21:L21,N21) -> 17 | P21: =SUM(C21:N21) -> 51 | R21: 1800-1900 | S21: =SUM(C54:C57) -> 30 | T21: =SUM(D54:D57) -> 0 | U21: =SUM(E54:E57) -> 18 | V21: =SUM(F54:F57) -> 21 | W21: =SUM(G54:G57) -> 3 | X21: =SUM(H54:H57) -> 2 | Y21: =SUM(I54:I57) -> 8 | Z21: =SUM(J54:J57) -> 2 | ... AF21: =SUM(P54:P57) -> 198
B22: 10.00 - 10.15 | C22: 3 | D22: 0 | E22: 4 | F22: 3 | G22: 0 | H22: 0 | I22: 0 | J22: 0 | K22: 0 | L22: 1 | M22: 21 | N22: 0 | O22: =SUM(C22:L22,N22) -> 11 | P22: =SUM(C22:N22) -> 32 | R22: AM Peak Hr | S22: =MAX(S10:S12) -> 16 | T22: =MAX(T10:T12) -> 0 | U22: =MAX(U10:U12) -> 15 | V22: =MAX(V10:V12) -> 25 | W22: =MAX(W10:W12) -> 2 | X22: =MAX(X10:X12) -> 0 | Y22: =MAX(Y10:Y12) -> 8 | Z22: =MAX(Z10:Z12) -> 0 | ... AF22: =MAX(AF10:AF12) -> 179
B23: 10.15 - 10.30 | C23: 3 | D23: 0 | E23: 2 | F23: 5 | G23: 0 | H23: 0 | I23: 1 | J23: 0 | K23: 0 | L23: 0 | M23: 22 | N23: 0 | O23: =SUM(C23:L23,N23) -> 11 | P23: =SUM(C23:N23) -> 33 | R23: IP Peak Hr | S23: =MAX(S13:S18) -> 16 | T23: =MAX(T13:T18) -> 0 | U23: =MAX(U13:U18) -> 17 | V23: =MAX(V13:V18) -> 17 | W23: =MAX(W13:W18) -> 3 | X23: =MAX(X13:X18) -> 0 | Y23: =MAX(Y13:Y18) -> 16 | Z23: =MAX(Z13:Z18) -> 3 | ... AF23: =MAX(AF13:AF18) -> 186
B24: 10.30 - 10.45 | C24: 6 | D24: 0 | E24: 5 | F24: 4 | G24: 0 | H24: 0 | I24: 1 | J24: 0 | K24: 0 | L24: 0 | M24: 23 | N24: 0 | O24: =SUM(C24:L24,N24) -> 16 | P24: =SUM(C24:N24) -> 39 | R24: PM Peak Hr | S24: =MAX(S19:S21) -> 30 | T24: =MAX(T19:T21) -> 0 | U24: =MAX(U19:U21) -> 24 | V24: =MAX(V19:V21) -> 21 | W24: =MAX(W19:W21) -> 3 | X24: =MAX(X19:X21) -> 3 | Y24: =MAX(Y19:Y21) -> 15 | Z24: =MAX(Z19:Z21) -> 2 | ... AF24: =MAX(AF19:AF21) -> 203
B25: 10.45 - 11.00 | C25: 4 | D25: 0 | E25: 4 | F25: 5 | G25: 1 | H25: 0 | I25: 1 | J25: 0 | K25: 0 | L25: 0 | M25: 30 | N25: 0 | O25: =SUM(C25:L25,N25) -> 15 | P25: =SUM(C25:N25) -> 45 | R25: AM Period | S25: =SUM(S10:S12) -> 33 | T25: =SUM(T10:T12) -> 0 | U25: =SUM(U10:U12) -> 28 | V25: =SUM(V10:V12) -> 54 | W25: =SUM(W10:W12) -> 2 | X25: =SUM(X10:X12) -> 0 | Y25: =SUM(Y10:Y12) -> 16 | Z25: =SUM(Z10:Z12) -> 0 | ... AF25: =SUM(AF10:AF12) -> 496
B26: 11.00 - 11.15 | C26: 1 | D26: 0 | E26: 4 | F26: 2 | G26: 0 | H26: 0 | I26: 3 | J26: 0 | K26: 0 | L26: 0 | M26: 32 | N26: 0 | O26: =SUM(C26:L26,N26) -> 10 | P26: =SUM(C26:N26) -> 42 | R26: IP Period | S26: =SUM(S13:S18) -> 86 | T26: =SUM(T13:T18) -> 0 | U26: =SUM(U13:U18) -> 83 | V26: =SUM(V13:V18) -> 88 | W26: =SUM(W13:W18) -> 8 | X26: =SUM(X13:X18) -> 0 | Y26: =SUM(Y13:Y18) -> 47 | Z26: =SUM(Z13:Z18) -> 5 | ... AF26: =SUM(AF13:AF18) -> 956
B27: 11.15 - 11.30 | C27: 6 | D27: 0 | E27: 4 | F27: 4 | G27: 0 | H27: 0 | I27: 0 | J27: 0 | K27: 0 | L27: 0 | M27: 30 | N27: 0 | O27: =SUM(C27:L27,N27) -> 14 | P27: =SUM(C27:N27) -> 44 | R27: PM Period | S27: =SUM(S19:S21) -> 79 | T27: =SUM(T19:T21) -> 0 | U27: =SUM(U19:U21) -> 58 | V27: =SUM(V19:V21) -> 55 | W27: =SUM(W19:W21) -> 4 | X27: =SUM(X19:X21) -> 6 | Y27: =SUM(Y19:Y21) -> 31 | Z27: =SUM(Z19:Z21) -> 5 | ... AF27: =SUM(AF19:AF21) -> 575
B28: 11.30 - 11.45 | C28: 3 | D28: 0 | E28: 5 | F28: 4 | G28: 0 | H28: 0 | I28: 2 | J28: 1 | K28: 0 | L28: 1 | M28: 36 | N28: 0 | O28: =SUM(C28:L28,N28) -> 16 | P28: =SUM(C28:N28) -> 52 | R28: 12 Hours | S28: =SUM(S10:S21) -> 198 | T28: =SUM(T10:T21) -> 0 | U28: =SUM(U10:U21) -> 169 | V28: =SUM(V10:V21) -> 197 | W28: =SUM(W10:W21) -> 14 | X28: =SUM(X10:X21) -> 6 | Y28: =SUM(Y10:Y21) -> 94 | Z28: =SUM(Z10:Z21) -> 10 | ... AF28: =SUM(AF10:AF21) -> 2027
B29: 11.45 - 12.00 | C29: 4 | D29: 0 | E29: 1 | F29: 6 | G29: 1 | H29: 0 | I29: 3 | J29: 0 | K29: 0 | L29: 0 | M29: 33 | N29: 0 | O29: =SUM(C29:L29,N29) -> 15 | P29: =SUM(C29:N29) -> 48
B30: 12.00 - 12.15 | C30: 2 | D30: 0 | E30: 1 | F30: 4 | G30: 0 | H30: 0 | I30: 4 | J30: 1 | K30: 0 | L30: 0 | M30: 24 | N30: 0 | O30: =SUM(C30:L30,N30) -> 12 | P30: =SUM(C30:N30) -> 36
B31: 12.15 - 12.30 | C31: 7 | D31: 0 | E31: 6 | F31: 1 | G31: 0 | H31: 0 | I31: 2 | J31: 2 | K31: 0 | L31: 0 | M31: 26 | N31: 0 | O31: =SUM(C31:L31,N31) -> 18 | P31: =SUM(C31:N31) -> 44
B32: 12.30 - 12.45 | C32: 1 | D32: 0 | E32: 5 | F32: 7 | G32: 0 | H32: 0 | I32: 6 | J32: 0 | K32: 0 | L32: 0 | M32: 30 | N32: 0 | O32: =SUM(C32:L32,N32) -> 19 | P32: =SUM(C32:N32) -> 49
B33: 12.45 - 13.00 | C33: 4 | D33: 0 | E33: 2 | F33: 2 | G33: 0 | H33: 0 | I33: 4 | J33: 0 | K33: 0 | L33: 1 | M33: 33 | N33: 0 | O33: =SUM(C33:L33,N33) -> 13 | P33: =SUM(C33:N33) -> 46
B34: 13.00 - 13.15 | C34: 4 | D34: 0 | E34: 3 | F34: 4 | G34: 1 | H34: 0 | I34: 2 | J34: 0 | K34: 0 | L34: 0 | M34: 28 | N34: 0 | O34: =SUM(C34:L34,N34) -> 14 | P34: =SUM(C34:N34) -> 42
B35: 13.15 - 13.30 | C35: 2 | D35: 0 | E35: 1 | F35: 5 | G35: 0 | H35: 0 | I35: 1 | J35: 0 | K35: 0 | L35: 2 | M35: 26 | N35: 0 | O35: =SUM(C35:L35,N35) -> 11 | P35: =SUM(C35:N35) -> 37
B36: 13.30 - 13.45 | C36: 5 | D36: 0 | E36: 4 | F36: 4 | G36: 0 | H36: 0 | I36: 0 | J36: 0 | K36: 0 | L36: 0 | M36: 21 | N36: 0 | O36: =SUM(C36:L36,N36) -> 13 | P36: =SUM(C36:N36) -> 34
B37: 13.45 - 14.00 | C37: 2 | D37: 0 | E37: 2 | F37: 1 | G37: 2 | H37: 0 | I37: 1 | J37: 0 | K37: 0 | L37: 0 | M37: 25 | N37: 0 | O37: =SUM(C37:L37,N37) -> 8 | P37: =SUM(C37:N37) -> 33
B38: 14.00 - 14.15 | C38: 3 | D38: 0 | E38: 2 | F38: 2 | G38: 1 | H38: 0 | I38: 1 | J38: 0 | K38: 1 | L38: 0 | M38: 19 | N38: 0 | O38: =SUM(C38:L38,N38) -> 10 | P38: =SUM(C38:N38) -> 29
B39: 14.15 - 14.30 | C39: 4 | D39: 0 | E39: 3 | F39: 2 | G39: 0 | H39: 0 | I39: 1 | J39: 0 | K39: 0 | L39: 0 | M39: 24 | N39: 0 | O39: =SUM(C39:L39,N39) -> 10 | P39: =SUM(C39:N39) -> 34
B40: 14.30 - 14.45 | C40: 4 | D40: 0 | E40: 5 | F40: 1 | G40: 1 | H40: 0 | I40: 3 | J40: 0 | K40: 0 | L40: 2 | M40: 25 | N40: 0 | O40: =SUM(C40:L40,N40) -> 16 | P40: =SUM(C40:N40) -> 41
... B57: 18.45 - 19.00 | C57: 6 | D57: 0 | E57: 4 | F57: 5 | G57: 1 | H57: 0 | I57: 0 | J57: 0 | K57: 0 | L57: 0 | M57: 30 | N57: 0 | O57: =SUM(C57:L57,N57) -> 16 | P57: =SUM(C57:N57) -> 46
B58: Totals | C58: =SUM(C10:C57) -> 198 | D58: =SUM(D10:D57) -> 0 | E58: =SUM(E10:E57) -> 169 | F58: =SUM(F10:F57) -> 197 | G58: =SUM(G10:G57) -> 14 | H58: =SUM(H10:H57) -> 6 | I58: =SUM(I10:I57) -> 94 | J58: =SUM(J10:J57) -> 10 | ... P58: =SUM(P10:P57) -> 2027
B59: %ges + MCs | C59: =C58/$P$58 -> 0.097681302 | D59: =D58/$P$58 -> 0 | E59: =E58/$P$58 -> 0.083374445 | F59: =F58/$P$58 -> 0.097187963 | G59: =G58/$P$58 -> 0.0069067588 | H59: =H58/$P$58 -> 0.0029600395 | I59: =I58/$P$58 -> 0.046373952 | J59: =J58/$P$58 -> 0.0049333991 | ... N59: =N58/$P$58 -> 0
B60: %ges w/o MCs | C60: =C58/$O$58 -> 0.28085106 | D60: =D58/$O$58 -> 0 | E60: =E58/$O$58 -> 0.23971631 | F60: =F58/$O$58 -> 0.27943262 | G60: =G58/$O$58 -> 0.019858156 | H60: =H58/$O$58 -> 0.0085106383 | I60: =I58/$O$58 -> 0.13333333 | J60: =J58/$O$58 -> 0.014184397 | ... L60: =L58/$O$58 -> 0.011347518 | N60: =N58/$O$58 -> 0

Sheet 25.8 Kangulumira-Kayunga
B1: Consultancy services for Preparation of Expressway Development Master Plan (EDMP) for Uganda
B2: MANUAL CLASSIFIED COUNT (MCC)
B3: ROAD NAME: | C3: ='20.8 Kayunga-Kangulumira'!C3:G3 -> MCC-C3-STN90-KAYUNGA-KANGULUMIRA ROAD
C5: Date | D5: 25.08.19 | F5: Location | G5: ='24.8 Kangulumira-Kayunga'!G5:H5 | J5: Surveyor | K5: ='24.8 Kangulumira-Kayunga'!K5:L5
C6: Dir. From | D6: KANGULUMIRA | F6: Dir. To | G6: KAYUNGA | J6: Supervisor | K6: ='24.8 Kangulumira-Kayunga'!K6:L6
B8: Time / Veh Type | R8: SUMMARY TRAFFIC VOLUMES
C9: 1. Car | D9: 2. Station Wagon | E9: 3. Pickups | F9: 4. Minibus, matatu | G9: 5. Medium bus | H9: 6. Large Bus | I9: 7. Light Truck | J9: 8. Medium Truck | K9: 9. Heavy truck | L9: 10. Truck Trailer | M9: 11. Motor cycles | N9: 12. Tractors | O9: Total Excl M/Cycles | P9: Total All | R9: Time | S9: 1. Car | T9: 2. Station Wagon | U9: 3. Pickups | V9: 4. Minibus, matatu | W9: 5. Medium bus | X9: 6. Large Bus | Y9: 7. Light Truck | Z9: 8. Medium Truck | AA9: 9. Heavy truck | AB9: 10. Truck Trailer | AC9: 11. Motorcycles | AD9: 12. Tractors, Graders | AE9: Total Excl M/ Cycles | AF9: Total All
B10: 07.00 - 07.15 | C10: 1 | D10: 0 | E10: 1 | F10: 3 | G10: 0 | H10: 0 | I10: 1 | J10: 1 | K10: 1 | L10: 0 | M10: 10 | N10: 0 | O10: =SUM(C10:L10,N10) -> 8 | P10: =SUM(C10:N10) -> 18 | R10: 0700-0800 | S10: =SUM(C10:C13) -> 5 | T10: =SUM(D10:D13) -> 0 | U10: =SUM(E10:E13) -> 3 | V10: =SUM(F10:F13) -> 14 | W10: =SUM(G10:G13) -> 1 | X10: =SUM(H10:H13) -> 0 | Y10: =SUM(I10:I13) -> 4 | Z10: =SUM(J10:J13) -> 1 | ... AF10: =SUM(P10:P13) -> 91
B11: 07.15 - 07.30 | C11: 0 | D11: 0 | E11: 1 | F11: 5 | G11: 0 | H11: 0 | I11: 0 | J11: 0 | K11: 0 | L11: 0 | M11: 15 | N11: 0 | O11: =SUM(C11:L11,N11) -> 6 | P11: =SUM(C11:N11) -> 21 | R11: 0800-0900 | S11: =SUM(C14:C17) -> 13 | T11: =SUM(D14:D17) -> 0 | U11: =SUM(E14:E17) -> 10 | V11: =SUM(F14:F17) -> 9 | W11: =SUM(G14:G17) -> 1 | X11: =SUM(H14:H17) -> 0 | Y11: =SUM(I14:I17) -> 2 | Z11: =SUM(J14:J17) -> 2 | ... AF11: =SUM(P14:P17) -> 108
B12: 07.30 - 07.45 | C12: 1 | D12: 0 | E12: 0 | F12: 4 | G12: 0 | H12: 0 | I12: 1 | J12: 0 | K12: 0 | L12: 1 | M12: 16 | N12: 0 | O12: =SUM(C12:L12,N12) -> 7 | P12: =SUM(C12:N12) -> 23 | R12: 0900-1000 | S12: =SUM(C18:C21) -> 14 | T12: =SUM(D18:D21) -> 0 | U12: =SUM(E18:E21) -> 6 | V12: =SUM(F18:F21) -> 11 | W12: =SUM(G18:G21) -> 1 | X12: =SUM(H18:H21) -> 0 | Y12: =SUM(I18:I21) -> 8 | Z12: =SUM(J18:J21) -> 2 | ... AF12: =SUM(P18:P21) -> 147
B13: 07.45 - 08.00 | C13: 3 | D13: 0 | E13: 1 | F13: 2 | G13: 1 | H13: 0 | I13: 2 | J13: 0 | K13: 1 | L13: 0 | M13: 19 | N13: 0 | O13: =SUM(C13:L13,N13) -> 10 | P13: =SUM(C13:N13) -> 29 | R13: 1000-1100 | S13: =SUM(C22:C25) -> 21 | T13: =SUM(D22:D25) -> 0 | U13: =SUM(E22:E25) -> 26 | V13: =SUM(F22:F25) -> 16 | W13: =SUM(G22:G25) -> 2 | X13: =SUM(H22:H25) -> 0 | Y13: =SUM(I22:I25) -> 12 | Z13: =SUM(J22:J25) -> 0 | ... AF13: =SUM(P22:P25) -> 191
B14: 08.00 - 08.15 | C14: 3 | D14: 0 | E14: 1 | F14: 3 | G14: 0 | H14: 0 | I14: 0 | J14: 0 | K14: 0 | L14: 1 | M14: 17 | N14: 0 | O14: =SUM(C14:L14,N14) -> 8 | P14: =SUM(C14:N14) -> 25 | R14: 1100-1200 | S14: =SUM(C26:C29) -> 18 | T14: =SUM(D26:D29) -> 0 | U14: =SUM(E26:E29) -> 14 | V14: =SUM(F26:F29) -> 13 | W14: =SUM(G26:G29) -> 3 | X14: =SUM(H26:H29) -> 0 | Y14: =SUM(I26:I29) -> 14 | Z14: =SUM(J26:J29) -> 1 | ... AF14: =SUM(P26:P29) -> 174
B15: 08.15 - 08.30 | C15: 2 | D15: 0 | E15: 2 | F15: 1 | G15: 1 | H15: 0 | I15: 1 | J15: 1 | K15: 0 | L15: 0 | M15: 12 | N15: 0 | O15: =SUM(C15:L15,N15) -> 8 | P15: =SUM(C15:N15) -> 20 | R15: 1200-1300 | S15: =SUM(C30:C33) -> 27 | T15: =SUM(D30:D33) -> 0 | U15: =SUM(E30:E33) -> 27 | V15: =SUM(F30:F33) -> 16 | W15: =SUM(G30:G33) -> 2 | X15: =SUM(H30:H33) -> 0 | Y15: =SUM(I30:I33) -> 11 | Z15: =SUM(J30:J33) -> 1 | ... AF15: =SUM(P30:P33) -> 197
B16: 08.30 - 08.45 | C16: 5 | D16: 0 | E16: 3 | F16: 4 | G16: 0 | H16: 0 | I16: 1 | J16: 0 | K16: 0 | L16: 0 | M16: 15 | N16: 0 | O16: =SUM(C16:L16,N16) -> 13 | P16: =SUM(C16:N16) -> 28 | R16: 1300-1400 | S16: =SUM(C34:C37) -> 21 | T16: =SUM(D34:D37) -> 0 | U16: =SUM(E34:E37) -> 28 | V16: =SUM(F34:F37) -> 14 | W16: =SUM(G34:G37) -> 0 | X16: =SUM(H34:H37) -> 0 | Y16: =SUM(I34:I37) -> 8 | Z16: =SUM(J34:J37) -> 1 | ... AF16: =SUM(P34:P37) -> 175
B17: 08.45 - 9.00 | C17: 3 | D17: 0 | E17: 4 | F17: 1 | G17: 0 | H17: 0 | I17: 0 | J17: 1 | K17: 0 | L17: 0 | M17: 26 | N17: 0 | O17: =SUM(C17:L17,N17) -> 9 | P17: =SUM(C17:N17) -> 35 | R17: 1400-1500 | S17: =SUM(C38:C41) -> 36 | T17: =SUM(D38:D41) -> 0 | U17: =SUM(E38:E41) -> 21 | V17: =SUM(F38:F41) -> 12 | W17: =SUM(G38:G41) -> 1 | X17: =SUM(H38:H41) -> 0 | Y17: =SUM(I38:I41) -> 10 | Z17: =SUM(J38:J41) -> 0 | ... AF17: =SUM(P38:P41) -> 187
