Workbook

Sheet 22.07 Kibuye-Munyonyo
B1: Consultancy services for Preparation of Expressway Development Master Plan (EDMP) for Uganda
B2: MANUAL CLASSIFIED COUNT (MCC)
B3: ROAD NAME: | C3: MCC - C1 - STN01A - SALAMA ROAD
C5: Date | D5: 22.07.19 | F5: Location | G5: Salama road 1A | J5: Surveyor | K5: Racheal
C6: Dir. From | D6: Kibuye | F6: Dir. To | G6: Munyonyo | J6: Supervisor | K6: Emma
B8: Time / Veh Type | R8: SUMMARY TRAFFIC VOLUMES
C9: 1. Car | D9: 2. Station Wagon | E9: 3. Pickups | F9: 4. Minibus, matatu | G9: 5. Medium bus | H9: 6. Large Bus | I9: 7. Light Truck | J9: 8. Medium Truck | K9: 9. Heavy truck | L9: 10. Truck Trailer | M9: 11. Motor cycles | N9: 12. Tractors | O9: Total Excl M/Cycles | P9: Total All | R9: Time | S9: 1. Car | T9: 2. Station Wagon | U9: 3. Pickups | V9: 4. Minibus, matatu | W9: 5. Medium bus | X9: 6. Large Bus | Y9: 7. Light Truck | Z9: 8. Medium Truck | AA9: 9. Heavy truck | AB9: 10. Truck Trailer | AC9: 11. Motorcycles | AD9: 12. Tractors, Graders | AE9: Total Excl M/ Cycles | AF9: Total All
B10: 07.00 - 07.15 | C10: 0 | D10: 0 | E10: 0 | F10: 4 | G10: 0 | H10: 0 | I10: 0 | J10: 0 | K10: 0 | L10: 0 | M10: 1 | N10: 0 | O10: =SUM(C10:L10,N10) -> 4 | P10: =SUM(C10:N10) -> 5 | R10: 0700-0800 | S10: =SUM(C10:C13) -> 0 | T10: =SUM(D10:D13) -> 4 | U10: =SUM(E10:E13) -> 2 | V10: =SUM(F10:F13) -> 60 | W10: =SUM(G10:G13) -> 0 | X10: =SUM(H10:H13) -> 1 | Y10: =SUM(I10:I13) -> 1 | Z10: =SUM(J10:J13) -> 0 | ... AF10: =SUM(P10:P13) -> 199
B11: 07.15 - 07.30 | C11: 0 | D11: 0 | E11: 0 | F11: 0 | G11: 0 | H11: 0 | I11: 0 | J11: 0 | K11: 0 | L11: 0 | M11: 0 | N11: 0 | O11: =SUM(C11:L11,N11) -> 0 | P11: =SUM(C11:N11) -> 0 | R11: 0800-0900 | S11: =SUM(C14:C17) -> 29 | T11: =SUM(D14:D17) -> 23 | U11: =SUM(E14:E17) -> 4 | V11: =SUM(F14:F17) -> 240 | W11: =SUM(G14:G17) -> 3 | X11: =SUM(H14:H17) -> 0 | Y11: =SUM(I14:I17) -> 5 | Z11: =SUM(J14:J17) -> 1 | ... AF11: =SUM(P14:P17) -> 945
B12: 07.30 - 07.45 | C12: 0 | D12: 0 | E12: 0 | F12: 0 | G12: 0 | H12: 0 | I12: 0 | J12: 0 | K12: 0 | L12: 0 | M12: 2 | N12: 0 | O12: =SUM(C12:L12,N12) -> 0 | P12: =SUM(C12:N12) -> 2 | R12: 0900-1000 | S12: =SUM(C18:C21) -> 26 | T12: =SUM(D18:D21) -> 25 | U12: =SUM(E18:E21) -> 8 | V12: =SUM(F18:F21) -> 178 | W12: =SUM(G18:G21) -> 2 | X12: =SUM(H18:H21) -> 3 | Y12: =SUM(I18:I21) -> 9 | Z12: =SUM(J18:J21) -> 1 | ... AF12: =SUM(P18:P21) -> 871
B13: 07.45 - 08.00 | C13: 0 | D13: 4 | E13: 2 | F13: 56 | G13: 0 | H13: 1 | I13: 1 | J13: 0 | K13: 0 | L13: 0 | M13: 128 | N13: 0 | O13: =SUM(C13:L13,N13) -> 64 | P13: =SUM(C13:N13) -> 192 | R13: 1000-1100 | S13: =SUM(C22:C25) -> 47 | T13: =SUM(D22:D25) -> 18 | U13: =SUM(E22:E25) -> 8 | V13: =SUM(F22:F25) -> 112 | W13: =SUM(G22:G25) -> 0 | X13: =SUM(H22:H25) -> 0 | Y13: =SUM(I22:I25) -> 15 | Z13: =SUM(J22:J25) -> 0 | ... AF13: =SUM(P22:P25) -> 705
B14: 08.00 - 08.15 | C14: 12 | D14: 7 | E14: 1 | F14: 61 | G14: 2 | H14: 0 | I14: 0 | J14: 0 | K14: 0 | L14: 0 | M14: 135 | N14: 0 | O14: =SUM(C14:L14,N14) -> 83 | P14: =SUM(C14:N14) -> 218 | R14: 1100-1200 | S14: =SUM(C26:C29) -> 71 | T14: =SUM(D26:D29) -> 20 | U14: =SUM(E26:E29) -> 5 | V14: =SUM(F26:F29) -> 131 | W14: =SUM(G26:G29) -> 0 | X14: =SUM(H26:H29) -> 0 | Y14: =SUM(I26:I29) -> 19 | Z14: =SUM(J26:J29) -> 3 | ... AF14: =SUM(P26:P29) -> 808
B15: 08.15 - 08.30 | C15: 6 | D15: 5 | E15: 0 | F15: 68 | G15: 0 | H15: 0 | I15: 2 | J15: 1 | K15: 0 | L15: 0 | M15: 195 | N15: 0 | O15: =SUM(C15:L15,N15) -> 82 | P15: =SUM(C15:N15) -> 277 | R15: 1200-1300 | S15: =SUM(C30:C33) -> 58 | T15: =SUM(D30:D33) -> 30 | U15: =SUM(E30:E33) -> 11 | V15: =SUM(F30:F33) -> 101 | W15: =SUM(G30:G33) -> 0 | X15: =SUM(H30:H33) -> 0 | Y15: =SUM(I30:I33) -> 19 | Z15: =SUM(J30:J33) -> 0 | ... AF15: =SUM(P30:P33) -> 710
B16: 08.30 - 08.45 | C16: 6 | D16: 4 | E16: 2 | F16: 57 | G16: 0 | H16: 0 | I16: 3 | J16: 0 | K16: 0 | L16: 0 | M16: 140 | N16: 0 | O16: =SUM(C16:L16,N16) -> 72 | P16: =SUM(C16:N16) -> 212 | R16: 1300-1400 | S16: =SUM(C34:C37) -> 76 | T16: =SUM(D34:D37) -> 32 | U16: =SUM(E34:E37) -> 11 | V16: =SUM(F34:F37) -> 100 | W16: =SUM(G34:G37) -> 0 | X16: =SUM(H34:H37) -> 0 | Y16: =SUM(I34:I37) -> 18 | Z16: =SUM(J34:J37) -> 0 | ... AF16: =SUM(P34:P37) -> 742
B17: 08.45 - 9.00 | C17: 5 | D17: 7 | E17: 1 | F17: 54 | G17: 1 | H17: 0 | I17: 0 | J17: 0 | K17: 0 | L17: 0 | M17: 170 | N17: 0 | O17: =SUM(C17:L17,N17) -> 68 | P17: =SUM(C17:N17) -> 238 | R17: 1400-1500 | S17: =SUM(C38:C41) -> 74 | T17: =SUM(D38:D41) -> 37 | U17: =SUM(E38:E41) -> 9 | V17: =SUM(F38:F41) -> 87 | W17: =SUM(G38:G41) -> 0 | X17: =SUM(H38:H41) -> 0 | Y17: =SUM(I38:I41) -> 25 | Z17: =SUM(J38:J41) -> 1 | ... AF17: =SUM(P38:P41) -> 644
B18: 09.00 - 09.15 | C18: 6 | D18: 9 | E18: 2 | F18: 50 | G18: 0 | H18: 0 | I18: 0 | J18: 0 | K18: 0 | L18: 0 | M18: 161 | N18: 0 | O18: =SUM(C18:L18,N18) -> 67 | P18: =SUM(C18:N18) -> 228 | R18: 1500-1600 | S18: =SUM(C42:C45) -> 50 | T18: =SUM(D42:D45) -> 30 | U18: =SUM(E42:E45) -> 6 | V18: =SUM(F42:F45) -> 31 | W18: =SUM(G42:G45) -> 0 | X18: =SUM(H42:H45) -> 0 | Y18: =SUM(I42:I45) -> 9 | Z18: =SUM(J42:J45) -> 2 | ... AF18: =SUM(P42:P45) -> 201
B19: 09.15 - 09.30 | C19: 6 | D19: 4 | E19: 2 | F19: 51 | G19: 1 | H19: 0 | I19: 5 | J19: 1 | K19: 0 | L19: 0 | M19: 181 | N19: 0 | O19: =SUM(C19:L19,N19) -> 70 | P19: =SUM(C19:N19) -> 251 | R19: 1600-1700 | S19: =SUM(C46:C49) -> 99 | T19: =SUM(D46:D49) -> 73 | U19: =SUM(E46:E49) -> 13 | V19: =SUM(F46:F49) -> 118 | W19: =SUM(G46:G49) -> 3 | X19: =SUM(H46:H49) -> 0 | Y19: =SUM(I46:I49) -> 17 | Z19: =SUM(J46:J49) -> 4 | ... AF19: =SUM(P46:P49) -> 763
B20: 09.30 - 09.45 | C20: 7 | D20: 5 | E20: 3 | F20: 42 | G20: 0 | H20: 2 | I20: 2 | J20: 0 | K20: 0 | L20: 0 | M20: 155 | N20: 0 | O20: =SUM(C20:L20,N20) -> 61 | P20: =SUM(C20:N20) -> 216 | R20: 1700-1800 | S20: =SUM(C50:C53) -> 123 | T20: =SUM(D50:D53) -> 47 | U20: =SUM(E50:E53) -> 14 | V20: =SUM(F50:F53) -> 118 | W20: =SUM(G50:G53) -> 3 | X20: =SUM(H50:H53) -> 0 | Y20: =SUM(I50:I53) -> 24 | Z20: =SUM(J50:J53) -> 2 | ... AF20: =SUM(P50:P53) -> 751
B21: 09.45 - 10.00 | C21: 7 | D21: 7 | E21: 1 | F21: 35 | G21: 1 | H21: 1 | I21: 2 | J21: 0 | K21: 0 | L21: 0 | M21: 122 | N21: 0 | O21: =SUM(C21:L21,N21) -> 54 | P21: =SUM(C21:N21) -> 176 | R21: 1800-1900 | S21: =SUM(C54:C57) -> 96 | T21: =SUM(D54:D57) -> 72 | U21: =SUM(E54:E57) -> 8 | V21: =SUM(F54:F57) -> 143 | W21: =SUM(G54:G57) -> 3 | X21: =SUM(H54:H57) -> 0 | Y21: =SUM(I54:I57) -> 20 | Z21: =SUM(J54:J57) -> 1 | ... AF21: =SUM(P54:P57) -> 894
B22: 10.00 - 10.15 | C22: 10 | D22: 3 | E22: 1 | F22: 27 | G22: 0 | H22: 0 | I22: 3 | J22: 0 | K22: 0 | L22: 0 | M22: 137 | N22: 0 | O22: =SUM(C22:L22,N22) -> 44 | P22: =SUM(C22:N22) -> 181 | R22: AM Peak Hr | S22: =MAX(S10:S12) -> 29 | T22: =MAX(T10:T12) -> 25 | U22: =MAX(U10:U12) -> 8 | V22: =MAX(V10:V12) -> 240 | W22: =MAX(W10:W12) -> 3 | X22: =MAX(X10:X12) -> 3 | Y22: =MAX(Y10:Y12) -> 9 | Z22: =MAX(Z10:Z12) -> 1 | ... AF22: =MAX(AF10:AF12) -> 945
B23: 10.15 - 10.30 | C23: 12 | D23: 4 | E23: 4 | F23: 35 | G23: 0 | H23: 0 | I23: 0 | J23: 0 | K23: 0 | L23: 0 | M23: 135 | N23: 0 | O23: =SUM(C23:L23,N23) -> 55 | P23: =SUM(C23:N23) -> 190 | R23: IP Peak Hr | S23: =MAX(S13:S18) -> 76 | T23: =MAX(T13:T18) -> 37 | U23: =MAX(U13:U18) -> 11 | V23: =MAX(V13:V18) -> 131 | W23: =MAX(W13:W18) -> 0 | X23: =MAX(X13:X18) -> 0 | Y23: =MAX(Y13:Y18) -> 25 | Z23: =MAX(Z13:Z18) -> 3 | ... AF23: =MAX(AF13:AF18) -> 808
B24: 10.30 - 10.45 | C24: 14 | D24: 3 | E24: 2 | F24: 28 | G24: 0 | H24: 0 | I24: 9 | J24: 0 | K24: 0 | L24: 0 | M24: 132 | N24: 0 | O24: =SUM(C24:L24,N24) -> 56 | P24: =SUM(C24:N24) -> 188 | R24: PM Peak Hr | S24: =MAX(S19:S21) -> 123 | T24: =MAX(T19:T21) -> 73 | U24: =MAX(U19:U21) -> 14 | V24: =MAX(V19:V21) -> 143 | W24: =MAX(W19:W21) -> 3 | X24: =MAX(X19:X21) -> 0 | Y24: =MAX(Y19:Y21) -> 24 | Z24: =MAX(Z19:Z21) -> 4 | ... AF24: =MAX(AF19:AF21) -> 894
B25: 10.45 - 11.00 | C25: 11 | D25: 8 | E25: 1 | F25: 22 | G25: 0 | H25: 0 | I25: 3 | J25: 0 | K25: 0 | L25: 0 | M25: 101 | N25: 0 | O25: =SUM(C25:L25,N25) -> 45 | P25: =SUM(C25:N25) -> 146 | R25: AM Period | S25: =SUM(S10:S12) -> 55 | T25: =SUM(T10:T12) -> 52 | U25: =SUM(U10:U12) -> 14 | V25: =SUM(V10:V12) -> 478 | W25: =SUM(W10:W12) -> 5 | X25: =SUM(X10:X12) -> 4 | Y25: =SUM(Y10:Y12) -> 15 | Z25: =SUM(Z10:Z12) -> 2 | ... AF25: =SUM(AF10:AF12) -> 2015
B26: 11.00 - 11.15 | C26: 23 | D26: 6 | E26: 1 | F26: 38 | G26: 0 | H26: 0 | I26: 0 | J26: 0 | K26: 0 | L26: 0 | M26: 143 | N26: 0 | O26: =SUM(C26:L26,N26) -> 68 | P26: =SUM(C26:N26) -> 211 | R26: IP Period | S26: =SUM(S13:S18) -> 376 | T26: =SUM(T13:T18) -> 167 | U26: =SUM(U13:U18) -> 50 | V26: =SUM(V13:V18) -> 562 | W26: =SUM(W13:W18) -> 0 | X26: =SUM(X13:X18) -> 0 | Y26: =SUM(Y13:Y18) -> 105 | Z26: =SUM(Z13:Z18) -> 6 | ... AF26: =SUM(AF13:AF18) -> 3810
B27: 11.15 - 11.30 | C27: 19 | D27: 5 | E27: 1 | F27: 38 | G27: 0 | H27: 0 | I27: 8 | J27: 2 | K27: 0 | L27: 0 | M27: 140 | N27: 0 | O27: =SUM(C27:L27,N27) -> 73 | P27: =SUM(C27:N27) -> 213 | R27: PM Period | S27: =SUM(S19:S21) -> 318 | T27: =SUM(T19:T21) -> 192 | U27: =SUM(U19:U21) -> 35 | V27: =SUM(V19:V21) -> 379 | W27: =SUM(W19:W21) -> 9 | X27: =SUM(X19:X21) -> 0 | Y27: =SUM(Y19:Y21) -> 61 | Z27: =SUM(Z19:Z21) -> 7 | ... AF27: =SUM(AF19:AF21) -> 2408
B28: 11.30 - 11.45 | C28: 19 | D28: 6 | E28: 2 | F28: 21 | G28: 0 | H28: 0 | I28: 3 | J28: 1 | K28: 0 | L28: 0 | M28: 151 | N28: 0 | O28: =SUM(C28:L28,N28) -> 52 | P28: =SUM(C28:N28) -> 203 | R28: 12 Hours | S28: =SUM(S10:S21) -> 749 | T28: =SUM(T10:T21) -> 411 | U28: =SUM(U10:U21) -> 99 | V28: =SUM(V10:V21) -> 1419 | W28: =SUM(W10:W21) -> 14 | X28: =SUM(X10:X21) -> 4 | Y28: =SUM(Y10:Y21) -> 181 | Z28: =SUM(Z10:Z21) -> 15 | ... AF28: =SUM(AF10:AF21) -> 8233
B29: 11.45 - 12.00 | C29: 10 | D29: 3 | E29: 1 | F29: 34 | G29: 0 | H29: 0 | I29: 8 | J29: 0 | K29: 0 | L29: 0 | M29: 125 | N29: 0 | O29: =SUM(C29:L29,N29) -> 56 | P29: =SUM(C29:N29) -> 181
B30: 12.00 - 12.15 | C30: 9 | D30: 6 | E30: 3 | F30: 27 | G30: 0 | H30: 0 | I30: 5 | J30: 0 | K30: 0 | L30: 0 | M30: 125 | N30: 0 | O30: =SUM(C30:L30,N30) -> 50 | P30: =SUM(C30:N30) -> 175
B31: 12.15 - 12.30 | C31: 20 | D31: 12 | E31: 3 | F31: 26 | G31: 0 | H31: 0 | I31: 6 | J31: 0 | K31: 0 | L31: 0 | M31: 164 | N31: 0 | O31: =SUM(C31:L31,N31) -> 67 | P31: =SUM(C31:N31) -> 231
B32: 12.30 - 12.45 | C32: 16 | D32: 7 | E32: 1 | F32: 22 | G32: 0 | H32: 0 | I32: 1 | J32: 0 | K32: 0 | L32: 0 | M32: 91 | N32: 0 | O32: =SUM(C32:L32,N32) -> 47 | P32: =SUM(C32:N32) -> 138
B33: 12.45 - 13.00 | C33: 13 | D33: 5 | E33: 4 | F33: 26 | G33: 0 | H33: 0 | I33: 7 | J33: 0 | K33: 1 | L33: 0 | M33: 110 | N33: 0 | O33: =SUM(C33:L33,N33) -> 56 | P33: =SUM(C33:N33) -> 166
B34: 13.00 - 13.15 | C34: 11 | D34: 11 | E34: 5 | F34: 21 | G34: 0 | H34: 0 | I34: 3 | J34: 0 | K34: 0 | L34: 0 | M34: 105 | N34: 0 | O34: =SUM(C34:L34,N34) -> 51 | P34: =SUM(C34:N34) -> 156
B35: 13.15 - 13.30 | C35: 25 | D35: 6 | E35: 2 | F35: 21 | G35: 0 | H35: 0 | I35: 6 | J35: 0 | K35: 0 | L35: 0 | M35: 144 | N35: 0 | O35: =SUM(C35:L35,N35) -> 60 | P35: =SUM(C35:N35) -> 204
B36: 13.30 - 13.45 | C36: 24 | D36: 4 | E36: 2 | F36: 34 | G36: 0 | H36: 0 | I36: 3 | J36: 0 | K36: 1 | L36: 0 | M36: 131 | N36: 0 | O36: =SUM(C36:L36,N36) -> 68 | P36: =SUM(C36:N36) -> 199
B37: 13.45 - 14.00 | C37: 16 | D37: 11 | E37: 2 | F37: 24 | G37: 0 | H37: 0 | I37: 6 | J37: 0 | K37: 0 | L37: 0 | M37: 124 | N37: 0 | O37: =SUM(C37:L37,N37) -> 59 | P37: =SUM(C37:N37) -> 183
B38: 14.00 - 14.15 | C38: 27 | D38: 7 | E38: 2 | F38: 34 | G38: 0 | H38: 0 | I38: 4 | J38: 0 | K38: 0 | L38: 0 | M38: 135 | N38: 0 | O38: =SUM(C38:L38,N38) -> 74 | P38: =SUM(C38:N38) -> 209
B39: 14.15 - 14.30 | C39: 15 | D39: 11 | E39: 2 | F39: 20 | G39: 0 | H39: 0 | I39: 6 | J39: 0 | K39: 0 | L39: 0 | M39: 125 | N39: 0 | O39: =SUM(C39:L39,N39) -> 54 | P39: =SUM(C39:N39) -> 179
B40: 14.30 - 14.45 | C40: 17 | D40: 12 | E40: 2 | F40: 22 | G40: 0 | H40: 0 | I40: 7 | J40: 1 | K40: 0 | L40: 0 | M40: 122 | N40: 0 | O40: =SUM(C40:L40,N40) -> 61 | P40: =SUM(C40:N40) -> 183
... B57: 18.45 - 19.00 | C57: 28 | D57: 19 | E57: 1 | F57: 39 | G57: 0 | H57: 0 | I57: 2 | J57: 0 | K57: 0 | L57: 0 | M57: 150 | N57: 0 | O57: =SUM(C57:L57,N57) -> 89 | P57: =SUM(C57:N57) -> 239
B58: Totals | C58: =SUM(C10:C57) -> 749 | D58: =SUM(D10:D57) -> 411 | E58: =SUM(E10:E57) -> 99 | F58: =SUM(F10:F57) -> 1419 | G58: =SUM(G10:G57) -> 14 | H58: =SUM(H10:H57) -> 4 | I58: =SUM(I10:I57) -> 181 | J58: =SUM(J10:J57) -> 15 | ... P58: =SUM(P10:P57) -> 8233
B59: %ges + MCs | C59: =C58/$P$58 -> 0.090975343 | D59: =D58/$P$58 -> 0.049921049 | E59: =E58/$P$58 -> 0.012024778 | F59: =F58/$P$58 -> 0.17235516 | G59: =G58/$P$58 -> 0.0017004737 | H59: =H58/$P$58 -> 0.00048584963 | I59: =I58/$P$58 -> 0.021984696 | J59: =J58/$P$58 -> 0.0018219361 | ... N59: =N58/$P$58 -> 0
B60: %ges w/o MCs | C60: =C58/$O$58 -> 0.25872193 | D60: =D58/$O$58 -> 0.14196891 | E60: =E58/$O$58 -> 0.034196891 | F60: =F58/$O$58 -> 0.49015544 | G60: =G58/$O$58 -> 0.004835924 | H60: =H58/$O$58 -> 0.0013816926 | I60: =I58/$O$58 -> 0.062521589 | J60: =J58/$O$58 -> 0.0051813472 | ... L60: =L58/$O$58 -> 0 | N60: =N58/$O$58 -> 0

Sheet 22.07 Munyonyo-Kibuye
B1: Consultancy services for Preparation of Expressway Development Master Plan (EDMP) for Uganda
B2: MANUAL CLASSIFIED COUNT (MCC)
B3: ROAD NAME: | C3: ='22.07 Kibuye-Munyonyo'!C3:G3 -> MCC - C1 - STN01A - SALAMA ROAD
C5: Date | D5: ='22.07 Kibuye-Munyonyo'!D5 -> 22.07.19 | F5: Location | G5: ='22.07 Kibuye-Munyonyo'!G5:H5 -> Salama road 1A | J5: Surveyor | K5: Gerald
C6: Dir. From | D6: Munyonyo | F6: Dir. To | G6: Kibuye | J6: Supervisor | K6: ='22.07 Kibuye-Munyonyo'!K6:L6 -> Emma
B8: Time / Veh Type | R8: SUMMARY TRAFFIC VOLUMES
C9: 1. Car | D9: 2. Station Wagon | E9: 3. Pickups | F9: 4. Minibus, matatu | G9: 5. Medium bus | H9: 6. Large Bus | I9: 7. Light Truck | J9: 8. Medium Truck | K9: 9. Heavy truck | L9: 10. Truck Trailer | M9: 11. Motor cycles | N9: 12. Tractors | O9: Total Excl M/Cycles | P9: Total All | R9: Time | S9: 1. Car | T9: 2. Station Wagon | U9: 3. Pickups | V9: 4. Minibus, matatu | W9: 5. Medium bus | X9: 6. Large Bus | Y9: 7. Light Truck | Z9: 8. Medium Truck | AA9: 9. Heavy truck | AB9: 10. Truck Trailer | AC9: 11. Motorcycles | AD9: 12. Tractors, Graders | AE9: Total Excl M/ Cycles | AF9: Total All
B10: 07.00 - 07.15 | C10: 5 | D10: 2 | E10: 0 | F10: 15 | G10: 0 | H10: 0 | I10: 0 | J10: 0 | K10: 0 | L10: 0 | M10: 83 | N10: 0 | O10: =SUM(C10:L10,N10) -> 22 | P10: =SUM(C10:N10) -> 105 | R10: 0700-0800 | S10: =SUM(C10:C13) -> 17 | T10: =SUM(D10:D13) -> 4 | U10: =SUM(E10:E13) -> 2 | V10: =SUM(F10:F13) -> 46 | W10: =SUM(G10:G13) -> 0 | X10: =SUM(H10:H13) -> 0 | Y10: =SUM(I10:I13) -> 1 | Z10: =SUM(J10:J13) -> 0 | ... AF10: =SUM(P10:P13) -> 263
B11: 07.15 - 07.30 | C11: 0 | D11: 0 | E11: 0 | F11: 0 | G11: 0 | H11: 0 | I11: 0 | J11: 0 | K11: 0 | L11: 0 | M11: 0 | N11: 0 | O11: =SUM(C11:L11,N11) -> 0 | P11: =SUM(C11:N11) -> 0 | R11: 0800-0900 | S11: =SUM(C14:C17) -> 126 | T11: =SUM(D14:D17) -> 51 | U11: =SUM(E14:E17) -> 24 | V11: =SUM(F14:F17) -> 247 | W11: =SUM(G14:G17) -> 3 | X11: =SUM(H14:H17) -> 0 | Y11: =SUM(I14:I17) -> 24 | Z11: =SUM(J14:J17) -> 0 | ... AF11: =SUM(P14:P17) -> 1390
B12: 07.30 - 07.45 | C12: 0 | D12: 0 | E12: 0 | F12: 0 | G12: 0 | H12: 0 | I12: 0 | J12: 0 | K12: 0 | L12: 0 | M12: 0 | N12: 0 | O12: =SUM(C12:L12,N12) -> 0 | P12: =SUM(C12:N12) -> 0 | R12: 0900-1000 | S12: =SUM(C18:C21) -> 131 | T12: =SUM(D18:D21) -> 61 | U12: =SUM(E18:E21) -> 21 | V12: =SUM(F18:F21) -> 200 | W12: =SUM(G18:G21) -> 1 | X12: =SUM(H18:H21) -> 0 | Y12: =SUM(I18:I21) -> 10 | Z12: =SUM(J18:J21) -> 4 | ... AF12: =SUM(P18:P21) -> 1323
B13: 07.45 - 08.00 | C13: 12 | D13: 2 | E13: 2 | F13: 31 | G13: 0 | H13: 0 | I13: 1 | J13: 0 | K13: 0 | L13: 0 | M13: 110 | N13: 0 | O13: =SUM(C13:L13,N13) -> 48 | P13: =SUM(C13:N13) -> 158 | R13: 1000-1100 | S13: =SUM(C22:C25) -> 86 | T13: =SUM(D22:D25) -> 45 | U13: =SUM(E22:E25) -> 10 | V13: =SUM(F22:F25) -> 158 | W13: =SUM(G22:G25) -> 1 | X13: =SUM(H22:H25) -> 0 | Y13: =SUM(I22:I25) -> 14 | Z13: =SUM(J22:J25) -> 1 | ... AF13: =SUM(P22:P25) -> 1019
B14: 08.00 - 08.15 | C14: 30 | D14: 12 | E14: 8 | F14: 61 | G14: 2 | H14: 0 | I14: 9 | J14: 0 | K14: 0 | L14: 0 | M14: 255 | N14: 0 | O14: =SUM(C14:L14,N14) -> 122 | P14: =SUM(C14:N14) -> 377 | R14: 1100-1200 | S14: =SUM(C26:C29) -> 114 | T14: =SUM(D26:D29) -> 32 | U14: =SUM(E26:E29) -> 21 | V14: =SUM(F26:F29) -> 124 | W14: =SUM(G26:G29) -> 2 | X14: =SUM(H26:H29) -> 0 | Y14: =SUM(I26:I29) -> 21 | Z14: =SUM(J26:J29) -> 0 | ... AF14: =SUM(P26:P29) -> 871
B15: 08.15 - 08.30 | C15: 33 | D15: 12 | E15: 6 | F15: 65 | G15: 0 | H15: 0 | I15: 5 | J15: 0 | K15: 0 | L15: 0 | M15: 245 | N15: 0 | O15: =SUM(C15:L15,N15) -> 121 | P15: =SUM(C15:N15) -> 366 | R15: 1200-1300 | S15: =SUM(C30:C33) -> 84 | T15: =SUM(D30:D33) -> 30 | U15: =SUM(E30:E33) -> 10 | V15: =SUM(F30:F33) -> 111 | W15: =SUM(G30:G33) -> 1 | X15: =SUM(H30:H33) -> 0 | Y15: =SUM(I30:I33) -> 15 | Z15: =SUM(J30:J33) -> 2 | ... AF15: =SUM(P30:P33) -> 706
B16: 08.30 - 08.45 | C16: 38 | D16: 14 | E16: 1 | F16: 69 | G16: 0 | H16: 0 | I16: 5 | J16: 0 | K16: 0 | L16: 0 | M16: 185 | N16: 0 | O16: =SUM(C16:L16,N16) -> 127 | P16: =SUM(C16:N16) -> 312 | R16: 1300-1400 | S16: =SUM(C34:C37) -> 59 | T16: =SUM(D34:D37) -> 28 | U16: =SUM(E34:E37) -> 18 | V16: =SUM(F34:F37) -> 78 | W16: =SUM(G34:G37) -> 0 | X16: =SUM(H34:H37) -> 0 | Y16: =SUM(I34:I37) -> 7 | Z16: =SUM(J34:J37) -> 2 | ... AF16: =SUM(P34:P37) -> 481
B17: 08.45 - 9.00 | C17: 25 | D17: 13 | E17: 9 | F17: 52 | G17: 1 | H17: 0 | I17: 5 | J17: 0 | K17: 1 | L17: 0 | M17: 229 | N17: 0 | O17: =SUM(C17:L17,N17) -> 106 | P17: =SUM(C17:N17) -> 335 | R17: 1400-1500 | S17: =SUM(C38:C41) -> 77 | T17: =SUM(D38:D41) -> 21 | U17: =SUM(E38:E41) -> 14 | V17: =SUM(F38:F41) -> 81 | W17: =SUM(G38:G41) -> 0 | X17: =SUM(H38:H41) -> 0 | Y17: =SUM(I38:I41) -> 11 | Z17: =SUM(J38:J41) -> 0 | ... AF17: =SUM(P38:P41) -> 569
B18: 09.00 - 09.15 | C18: 29 | D18: 14 | E18: 5 | F18: 55 | G18: 0 | H18: 0 | I18: 0 | J18: 0 | K18: 0 | L18: 0 | M18: 240 | N18: 0 | O18: =SUM(C18:L18,N18) -> 103 | P18: =SUM(C18:N18) -> 343 | R18: 1500-1600 | S18: =SUM(C42:C45) -> 63 | T18: =SUM(D42:D45) -> 19 | U18: =SUM(E42:E45) -> 11 | V18: =SUM(F42:F45) -> 60 | W18: =SUM(G42:G45) -> 0 | X18: =SUM(H42:H45) -> 0 | Y18: =SUM(I42:I45) -> 11 | Z18: =SUM(J42:J45) -> 0 | ... AF18: =SUM(P42:P45) -> 280
B19: 09.15 - 09.30 | C19: 39 | D19: 18 | E19: 5 | F19: 54 | G19: 0 | H19: 0 | I19: 4 | J19: 1 | K19: 0 | L19: 0 | M19: 230 | N19: 0 | O19: =SUM(C19:L19,N19) -> 121 | P19: =SUM(C19:N19) -> 351 | R19: 1600-1700 | S19: =SUM(C46:C49) -> 107 | T19: =SUM(D46:D49) -> 35 | U19: =SUM(E46:E49) -> 9 | V19: =SUM(F46:F49) -> 88 | W19: =SUM(G46:G49) -> 2 | X19: =SUM(H46:H49) -> 0 | Y19: =SUM(I46:I49) -> 23 | Z19: =SUM(J46:J49) -> 2 | ... AF19: =SUM(P46:P49) -> 749
B20: 09.30 - 09.45 | C20: 29 | D20: 16 | E20: 6 | F20: 49 | G20: 1 | H20: 0 | I20: 0 | J20: 3 | K20: 1 | L20: 0 | M20: 230 | N20: 0 | O20: =SUM(C20:L20,N20) -> 105 | P20: =SUM(C20:N20) -> 335 | R20: 1700-1800 | S20: =SUM(C50:C53) -> 102 | T20: =SUM(D50:D53) -> 26 | U20: =SUM(E50:E53) -> 12 | V20: =SUM(F50:F53) -> 107 | W20: =SUM(G50:G53) -> 3 | X20: =SUM(H50:H53) -> 0 | Y20: =SUM(I50:I53) -> 13 | Z20: =SUM(J50:J53) -> 1 | ... AF20: =SUM(P50:P53) -> 822
B21: 09.45 - 10.00 | C21: 34 | D21: 13 | E21: 5 | F21: 42 | G21: 0 | H21: 0 | I21: 6 | J21: 0 | K21: 0 | L21: 0 | M21: 194 | N21: 0 | O21: =SUM(C21:L21,N21) -> 100 | P21: =SUM(C21:N21) -> 294 | R21: 1800-1900 | S21: =SUM(C54:C57) -> 60 | T21: =SUM(D54:D57) -> 25 | U21: =SUM(E54:E57) -> 6 | V21: =SUM(F54:F57) -> 108 | W21: =SUM(G54:G57) -> 2 | X21: =SUM(H54:H57) -> 1 | Y21: =SUM(I54:I57) -> 8 | Z21: =SUM(J54:J57) -> 5 | ... AF21: =SUM(P54:P57) -> 729
B22: 10.00 - 10.15 | C22: 21 | D22: 15 | E22: 2 | F22: 56 | G22: 0 | H22: 0 | I22: 3 | J22: 0 | K22: 0 | L22: 0 | M22: 210 | N22: 0 | O22: =SUM(C22:L22,N22) -> 97 | P22: =SUM(C22:N22) -> 307 | R22: AM Peak Hr | S22: =MAX(S10:S12) -> 131 | T22: =MAX(T10:T12) -> 61 | U22: =MAX(U10:U12) -> 24 | V22: =MAX(V10:V12) -> 247 | W22: =MAX(W10:W12) -> 3 | X22: =MAX(X10:X12) -> 0 | Y22: =MAX(Y10:Y12) -> 24 | Z22: =MAX(Z10:Z12) -> 4 | ... AF22: =MAX(AF10:AF12) -> 1390
B23: 10.15 - 10.30 | C23: 23 | D23: 12 | E23: 1 | F23: 40 | G23: 1 | H23: 0 | I23: 3 | J23: 1 | K23: 0 | L23: 0 | M23: 191 | N23: 0 | O23: =SUM(C23:L23,N23) -> 81 | P23: =SUM(C23:N23) -> 272 | R23: IP Peak Hr | S23: =MAX(S13:S18) -> 114 | T23: =MAX(T13:T18) -> 45 | U23: =MAX(U13:U18) -> 21 | V23: =MAX(V13:V18) -> 158 | W23: =MAX(W13:W18) -> 2 | X23: =MAX(X13:X18) -> 0 | Y23: =MAX(Y13:Y18) -> 21 | Z23: =MAX(Z13:Z18) -> 2 | ... AF23: =MAX(AF13:AF18) -> 1019
B24: 10.30 - 10.45 | C24: 21 | D24: 8 | E24: 6 | F24: 28 | G24: 0 | H24: 0 | I24: 5 | J24: 0 | K24: 0 | L24: 0 | M24: 166 | N24: 0 | O24: =SUM(C24:L24,N24) -> 68 | P24: =SUM(C24:N24) -> 234 | R24: PM Peak Hr | S24: =MAX(S19:S21) -> 107 | T24: =MAX(T19:T21) -> 35 | U24: =MAX(U19:U21) -> 12 | V24: =MAX(V19:V21) -> 108 | W24: =MAX(W19:W21) -> 3 | X24: =MAX(X19:X21) -> 1 | Y24: =MAX(Y19:Y21) -> 23 | Z24: =MAX(Z19:Z21) -> 5 | ... AF24: =MAX(AF19:AF21) -> 822
B25: 10.45 - 11.00 | C25: 21 | D25: 10 | E25: 1 | F25: 34 | G25: 0 | H25: 0 | I25: 3 | J25: 0 | K25: 0 | L25: 0 | M25: 137 | N25: 0 | O25: =SUM(C25:L25,N25) -> 69 | P25: =SUM(C25:N25) -> 206 | R25: AM Period | S25: =SUM(S10:S12) -> 274 | T25: =SUM(T10:T12) -> 116 | U25: =SUM(U10:U12) -> 47 | V25: =SUM(V10:V12) -> 493 | W25: =SUM(W10:W12) -> 4 | X25: =SUM(X10:X12) -> 0 | Y25: =SUM(Y10:Y12) -> 35 | Z25: =SUM(Z10:Z12) -> 4 | ... AF25: =SUM(AF10:AF12) -> 2976
B26: 11.00 - 11.15 | C26: 32 | D26: 5 | E26: 4 | F26: 36 | G26: 0 | H26: 0 | I26: 6 | J26: 0 | K26: 0 | L26: 0 | M26: 125 | N26: 0 | O26: =SUM(C26:L26,N26) -> 83 | P26: =SUM(C26:N26) -> 208 | R26: IP Period | S26: =SUM(S13:S18) -> 483 | T26: =SUM(T13:T18) -> 175 | U26: =SUM(U13:U18) -> 84 | V26: =SUM(V13:V18) -> 612 | W26: =SUM(W13:W18) -> 4 | X26: =SUM(X13:X18) -> 0 | Y26: =SUM(Y13:Y18) -> 79 | Z26: =SUM(Z13:Z18) -> 5 | ... AF26: =SUM(AF13:AF18) -> 3926
B27: 11.15 - 11.30 | C27: 24 | D27: 6 | E27: 4 | F27: 26 | G27: 1 | H27: 0 | I27: 5 | J27: 0 | K27: 0 | L27: 0 | M27: 135 | N27: 0 | O27: =SUM(C27:L27,N27) -> 66 | P27: =SUM(C27:N27) -> 201 | R27: PM Period | S27: =SUM(S19:S21) -> 269 | T27: =SUM(T19:T21) -> 86 | U27: =SUM(U19:U21) -> 27 | V27: =SUM(V19:V21) -> 303 | W27: =SUM(W19:W21) -> 7 | X27: =SUM(X19:X21) -> 1 | Y27: =SUM(Y19:Y21) -> 44 | Z27: =SUM(Z19:Z21) -> 8 | ... AF27: =SUM(AF19:AF21) -> 2300
B28: 11.30 - 11.45 | C28: 30 | D28: 14 | E28: 7 | F28: 33 | G28: 0 | H28: 0 | I28: 7 | J28: 0 | K28: 0 | L28: 0 | M28: 163 | N28: 0 | O28: =SUM(C28:L28,N28) -> 91 | P28: =SUM(C28:N28) -> 254 | R28: 12 Hours | S28: =SUM(S10:S21) -> 1026 | T28: =SUM(T10:T21) -> 377 | U28: =SUM(U10:U21) -> 158 | V28: =SUM(V10:V21) -> 1408 | W28: =SUM(W10:W21) -> 15 | X28: =SUM(X10:X21) -> 1 | Y28: =SUM(Y10:Y21) -> 158 | Z28: =SUM(Z10:Z21) -> 17 | ... AF28: =SUM(AF10:AF21) -> 9202
B29: 11.45 - 12.00 | C29: 28 | D29: 7 | E29: 6 | F29: 29 | G29: 1 | H29: 0 | I29: 3 | J29: 0 | K29: 0 | L29: 0 | M29: 134 | N29: 0 | O29: =SUM(C29:L29,N29) -> 74 | P29: =SUM(C29:N29) -> 208
B30: 12.00 - 12.15 | C30: 29 | D30: 6 | E30: 4 | F30: 30 | G30: 0 | H30: 0 | I30: 7 | J30: 0 | K30: 0 | L30: 0 | M30: 128 | N30: 0 | O30: =SUM(C30:L30,N30) -> 76 | P30: =SUM(C30:N30) -> 204
B31: 12.15 - 12.30 | C31: 23 | D31: 9 | E31: 4 | F31: 29 | G31: 0 | H31: 0 | I31: 6 | J31: 0 | K31: 0 | L31: 0 | M31: 130 | N31: 0 | O31: =SUM(C31:L31,N31) -> 71 | P31: =SUM(C31:N31) -> 201
B32: 12.30 - 12.45 | C32: 22 | D32: 8 | E32: 0 | F32: 26 | G32: 1 | H32: 0 | I32: 1 | J32: 0 | K32: 0 | L32: 0 | M32: 108 | N32: 0 | O32: =SUM(C32:L32,N32) -> 58 | P32: =SUM(C32:N32) -> 166
B33: 12.45 - 13.00 | C33: 10 | D33: 7 | E33: 2 | F33: 26 | G33: 0 | H33: 0 | I33: 1 | J33: 2 | K33: 0 | L33: 0 | M33: 87 | N33: 0 | O33: =SUM(C33:L33,N33) -> 48 | P33: =SUM(C33:N33) -> 135
B34: 13.00 - 13.15 | C34: 18 | D34: 4 | E34: 2 | F34: 13 | G34: 0 | H34: 0 | I34: 2 | J34: 1 | K34: 0 | L34: 0 | M34: 108 | N34: 0 | O34: =SUM(C34:L34,N34) -> 40 | P34: =SUM(C34:N34) -> 148
B35: 13.15 - 13.30 | C35: 7 | D35: 11 | E35: 8 | F35: 33 | G35: 0 | H35: 0 | I35: 2 | J35: 0 | K35: 0 | L35: 0 | M35: 67 | N35: 0 | O35: =SUM(C35:L35,N35) -> 61 | P35: =SUM(C35:N35) -> 128
B36: 13.30 - 13.45 | C36: 20 | D36: 11 | E36: 7 | F36: 20 | G36: 0 | H36: 0 | I36: 3 | J36: 1 | K36: 0 | L36: 0 | M36: 64 | N36: 0 | O36: =SUM(C36:L36,N36) -> 62 | P36: =SUM(C36:N36) -> 126
B37: 13.45 - 14.00 | C37: 14 | D37: 2 | E37: 1 | F37: 12 | G37: 0 | H37: 0 | I37: 0 | J37: 0 | K37: 0 | L37: 0 | M37: 50 | N37: 0 | O37: =SUM(C37:L37,N37) -> 29 | P37: =SUM(C37:N37) -> 79
B38: 14.00 - 14.15 | C38: 16 | D38: 10 | E38: 6 | F38: 26 | G38: 0 | H38: 0 | I38: 4 | J38: 0 | K38: 1 | L38: 0 | M38: 94 | N38: 0 | O38: =SUM(C38:L38,N38) -> 63 | P38: =SUM(C38:N38) -> 157
B39: 14.15 - 14.30 | C39: 25 | D39: 6 | E39: 1 | F39: 10 | G39: 0 | H39: 0 | I39: 1 | J39: 0 | K39: 0 | L39: 0 | M39: 110 | N39: 0 | O39: =SUM(C39:L39,N39) -> 43 | P39: =SUM(C39:N39) -> 153
B40: 14.30 - 14.45 | C40: 17 | D40: 3 | E40: 5 | F40: 22 | G40: 0 | H40: 0 | I40: 4 | J40: 0 | K40: 0 | L40: 0 | M40: 102 | N40: 0 | O40: =SUM(C40:L40,N40) -> 51 | P40: =SUM(C40:N40) -> 153
... B57: 18.45 - 19.00 | C57: 12 | D57: 7 | E57: 3 | F57: 30 | G57: 2 | H57: 0 | I57: 2 | J57: 3 | K57: 0 | L57: 0 | M57: 181 | N57: 0 | O57: =SUM(C57:L57,N57) -> 59 | P57: =SUM(C57:N57) -> 240
B58: Totals | C58: =SUM(C10:C57) -> 1026 | D58: =SUM(D10:D57) -> 377 | E58: =SUM(E10:E57) -> 158 | F58: =SUM(F10:F57) -> 1408 | G58: =SUM(G10:G57) -> 15 | H58: =SUM(H10:H57) -> 1 | I58: =SUM(I10:I57) -> 158 | J58: =SUM(J10:J57) -> 17 | ... P58: =SUM(P10:P57) -> 9202
B59: %ges + MCs | C59: =C58/$P$58 -> 0.1114975 | D59: =D58/$P$58 -> 0.040969354 | E59: =E58/$P$58 -> 0.01717018 | F59: =F58/$P$58 -> 0.15301022 | G59: =G58/$P$58 -> 0.0016300804 | H59: =H58/$P$58 -> 0.00010867203 | I59: =I58/$P$58 -> 0.01717018 | J59: =J58/$P$58 -> 0.0018474245 | ... N59: =N58/$P$58 -> 0
B60: %ges w/o MCs | C60: =C58/$O$58 -> 0.32406822 | D60: =D58/$O$58 -> 0.1190777 | E60: =E58/$O$58 -> 0.049905243 | F60: =F58/$O$58 -> 0.44472521 | G60: =G58/$O$58 -> 0.0047378395 | H60: =H58/$O$58 -> 0.00031585597 | I60: =I58/$O$58 -> 0.049905243 | J60: =J58/$O$58 -> 0.0053695515 | ... L60: =L58/$O$58 -> 0 | N60: =N58/$O$58 -> 0

Sheet 23.07 Kibuye-Munyonyo
B1: Consultancy services for Preparation of Expressway Development Master Plan (EDMP) for Uganda
B2: MANUAL CLASSIFIED COUNT (MCC)
B3: ROAD NAME: | C3: ='22.07 Kibuye-Munyonyo'!C3:G3 -> MCC - C1 - STN01A - SALAMA ROAD
C5: Date | D5: 23.07.19 | F5: Location | G5: Salama road 1A | J5: Surveyor | K5: Racheal
C6: Dir. From | D6: ='22.07 Kibuye-Munyonyo'!D6:E6 -> Kibuye | F6: Dir. To | G6: Munyonyo | J6: Supervisor | K6: Emma
B8: Time / Veh Type | R8: SUMMARY TRAFFIC VOLUMES
C9: 1. Car | D9: 2. Station Wagon | E9: 3. Pickups | F9: 4. Minibus, matatu | G9: 5. Medium bus | H9: 6. Large Bus | I9: 7. Light Truck | J9: 8. Medium Truck | K9: 9. Heavy truck | L9: 10. Truck Trailer | M9: 11. Motor cycles | N9: 12. Tractors | O9: Total Excl M/Cycles | P9: Total All | R9: Time | S9: 1. Car | T9: 2. Station Wagon | U9: 3. Pickups | V9: 4. Minibus, matatu | W9: 5. Medium bus | X9: 6. Large Bus | Y9: 7. Light Truck | Z9: 8. Medium Truck | AA9: 9. Heavy truck | AB9: 10. Truck Trailer | AC9: 11. Motorcycles | AD9: 12. Tractors, Graders | AE9: Total Excl M/ Cycles | AF9: Total All
B10: 07.00 - 07.15 | C10: 15 | D10: 10 | E10: 2 | F10: 60 | G10: 0 | H10: 0 | I10: 1 | J10: 0 | K10: 0 | L10: 0 | M10: 115 | N10: 0 | O10: =SUM(C10:L10,N10) -> 88 | P10: =SUM(C10:N10) -> 203 | R10: 0700-0800 | S10: =SUM(C10:C13) -> 48 | T10: =SUM(D10:D13) -> 35 | U10: =SUM(E10:E13) -> 8 | V10: =SUM(F10:F13) -> 266 | W10: =SUM(G10:G13) -> 4 | X10: =SUM(H10:H13) -> 0 | Y10: =SUM(I10:I13) -> 7 | Z10: =SUM(J10:J13) -> 4 | ... AF10: =SUM(P10:P13) -> 909
B11: 07.15 - 07.30 | C11: 11 | D11: 11 | E11: 1 | F11: 60 | G11: 0 | H11: 0 | I11: 2 | J11: 1 | K11: 0 | L11: 0 | M11: 117 | N11: 0 | O11: =SUM(C11:L11,N11) -> 86 | P11: =SUM(C11:N11) -> 203 | R11: 0800-0900 | S11: =SUM(C14:C17) -> 41 | T11: =SUM(D14:D17) -> 28 | U11: =SUM(E14:E17) -> 6 | V11: =SUM(F14:F17) -> 284 | W11: =SUM(G14:G17) -> 2 | X11: =SUM(H14:H17) -> 0 | Y11: =SUM(I14:I17) -> 16 | Z11: =SUM(J14:J17) -> 6 | ... AF11: =SUM(P14:P17) -> 1100
B12: 07.30 - 07.45 | C12: 11 | D12: 9 | E12: 4 | F12: 69 | G12: 4 | H12: 0 | I12: 1 | J12: 1 | K12: 0 | L12: 0 | M12: 153 | N12: 0 | O12: =SUM(C12:L12,N12) -> 99 | P12: =SUM(C12:N12) -> 252 | R12: 0900-1000 | S12: =SUM(C18:C21) -> 59 | T12: =SUM(D18:D21) -> 31 | U12: =SUM(E18:E21) -> 7 | V12: =SUM(F18:F21) -> 301 | W12: =SUM(G18:G21) -> 0 | X12: =SUM(H18:H21) -> 0 | Y12: =SUM(I18:I21) -> 12 | Z12: =SUM(J18:J21) -> 3 | ... AF12: =SUM(P18:P21) -> 1143
B13: 07.45 - 08.00 | C13: 11 | D13: 5 | E13: 1 | F13: 77 | G13: 0 | H13: 0 | I13: 3 | J13: 2 | K13: 0 | L13: 0 | M13: 152 | N13: 0 | O13: =SUM(C13:L13,N13) -> 99 | P13: =SUM(C13:N13) -> 251 | R13: 1000-1100 | S13: =SUM(C22:C25) -> 51 | T13: =SUM(D22:D25) -> 27 | U13: =SUM(E22:E25) -> 5 | V13: =SUM(F22:F25) -> 144 | W13: =SUM(G22:G25) -> 1 | X13: =SUM(H22:H25) -> 0 | Y13: =SUM(I22:I25) -> 11 | Z13: =SUM(J22:J25) -> 8 | ... AF13: =SUM(P22:P25) -> 922
B14: 08.00 - 08.15 | C14: 13 | D14: 7 | E14: 0 | F14: 81 | G14: 0 | H14: 0 | I14: 5 | J14: 1 | K14: 0 | L14: 0 | M14: 170 | N14: 0 | O14: =SUM(C14:L14,N14) -> 107 | P14: =SUM(C14:N14) -> 277 | R14: 1100-1200 | S14: =SUM(C26:C29) -> 58 | T14: =SUM(D26:D29) -> 41 | U14: =SUM(E26:E29) -> 6 | V14: =SUM(F26:F29) -> 126 | W14: =SUM(G26:G29) -> 0 | X14: =SUM(H26:H29) -> 0 | Y14: =SUM(I26:I29) -> 17 | Z14: =SUM(J26:J29) -> 2 | ... AF14: =SUM(P26:P29) -> 806
B15: 08.15 - 08.30 | C15: 8 | D15: 8 | E15: 2 | F15: 71 | G15: 1 | H15: 0 | I15: 3 | J15: 2 | K15: 0 | L15: 0 | M15: 180 | N15: 0 | O15: =SUM(C15:L15,N15) -> 95 | P15: =SUM(C15:N15) -> 275 | R15: 1200-1300 | S15: =SUM(C30:C33) -> 55 | T15: =SUM(D30:D33) -> 34 | U15: =SUM(E30:E33) -> 8 | V15: =SUM(F30:F33) -> 88 | W15: =SUM(G30:G33) -> 0 | X15: =SUM(H30:H33) -> 0 | Y15: =SUM(I30:I33) -> 13 | Z15: =SUM(J30:J33) -> 1 | ... AF15: =SUM(P30:P33) -> 726
B16: 08.30 - 08.45 | C16: 11 | D16: 9 | E16: 2 | F16: 61 | G16: 0 | H16: 0 | I16: 2 | J16: 2 | K16: 2 | L16: 0 | M16: 200 | N16: 0 | O16: =SUM(C16:L16,N16) -> 89 | P16: =SUM(C16:N16) -> 289 | R16: 1300-1400 | S16: =SUM(C34:C37) -> 54 | T16: =SUM(D34:D37) -> 38 | U16: =SUM(E34:E37) -> 3 | V16: =SUM(F34:F37) -> 84 | W16: =SUM(G34:G37) -> 0 | X16: =SUM(H34:H37) -> 0 | Y16: =SUM(I34:I37) -> 11 | Z16: =SUM(J34:J37) -> 3 | ... AF16: =SUM(P34:P37) -> 584
B17: 08.45 - 9.00 | C17: 9 | D17: 4 | E17: 2 | F17: 71 | G17: 1 | H17: 0 | I17: 6 | J17: 1 | K17: 0 | L17: 0 | M17: 165 | N17: 0 | O17: =SUM(C17:L17,N17) -> 94 | P17: =SUM(C17:N17) -> 259 | R17: 1400-1500 | S17: =SUM(C38:C41) -> 67 | T17: =SUM(D38:D41) -> 38 | U17: =SUM(E38:E41) -> 9 | V17: =SUM(F38:F41) -> 84 | W17: =SUM(G38:G41) -> 1 | X17: =SUM(H38:H41) -> 0 | Y17: =SUM(I38:I41) -> 16 | Z17: =SUM(J38:J41) -> 2 | ... AF17: =SUM(P38:P41) -> 637
B18: 09.00 - 09.15 | C18: 17 | D18: 7 | E18: 4 | F18: 48 | G18: 0 | H18: 0 | I18: 3 | J18: 2 | K18: 0 | L18: 0 | M18: 175 | N18: 0 | O18: =SUM(C18:L18,N18) -> 81 | P18: =SUM(C18:N18) -> 256 | R18: 1500-1600 | S18: =SUM(C42:C45) -> 71 | T18: =SUM(D42:D45) -> 49 | U18: =SUM(E42:E45) -> 8 | V18: =SUM(F42:F45) -> 94 | W18: =SUM(G42:G45) -> 0 | X18: =SUM(H42:H45) -> 0 | Y18: =SUM(I42:I45) -> 23 | Z18: =SUM(J42:J45) -> 5 | ... AF18: =SUM(P42:P45) -> 692
B19: 09.15 - 09.30 | C19: 13 | D19: 5 | E19: 0 | F19: 150 | G19: 0 | H19: 0 | I19: 4 | J19: 1 | K19: 0 | L19: 0 | M19: 190 | N19: 0 | O19: =SUM(C19:L19,N19) -> 173 | P19: =SUM(C19:N19) -> 363 | R19: 1600-1700 | S19: =SUM(C46:C49) -> 91 | T19: =SUM(D46:D49) -> 62 | U19: =SUM(E46:E49) -> 12 | V19: =SUM(F46:F49) -> 86 | W19: =SUM(G46:G49) -> 2 | X19: =SUM(H46:H49) -> 0 | Y19: =SUM(I46:I49) -> 14 | Z19: =SUM(J46:J49) -> 2 | ... AF19: =SUM(P46:P49) -> 729
B20: 09.30 - 09.45 | C20: 10 | D20: 9 | E20: 0 | F20: 57 | G20: 0 | H20: 0 | I20: 2 | J20: 0 | K20: 0 | L20: 0 | M20: 190 | N20: 0 | O20: =SUM(C20:L20,N20) -> 78 | P20: =SUM(C20:N20) -> 268 | R20: 1700-1800 | S20: =SUM(C50:C53) -> 109 | T20: =SUM(D50:D53) -> 106 | U20: =SUM(E50:E53) -> 11 | V20: =SUM(F50:F53) -> 120 | W20: =SUM(G50:G53) -> 1 | X20: =SUM(H50:H53) -> 0 | Y20: =SUM(I50:I53) -> 17 | Z20: =SUM(J50:J53) -> 1 | ... AF20: =SUM(P50:P53) -> 871
B21: 09.45 - 10.00 | C21: 19 | D21: 10 | E21: 3 | F21: 46 | G21: 0 | H21: 0 | I21: 3 | J21: 0 | K21: 0 | L21: 0 | M21: 175 | N21: 0 | O21: =SUM(C21:L21,N21) -> 81 | P21: =SUM(C21:N21) -> 256 | R21: 1800-1900 | S21: =SUM(C54:C57) -> 122 | T21: =SUM(D54:D57) -> 67 | U21: =SUM(E54:E57) -> 6 | V21: =SUM(F54:F57) -> 145 | W21: =SUM(G54:G57) -> 3 | X21: =SUM(H54:H57) -> 0 | Y21: =SUM(I54:I57) -> 21 | Z21: =SUM(J54:J57) -> 1 | ... AF21: =SUM(P54:P57) -> 911
B22: 10.00 - 10.15 | C22: 14 | D22: 8 | E22: 1 | F22: 45 | G22: 1 | H22: 0 | I22: 3 | J22: 1 | K22: 1 | L22: 0 | M22: 180 | N22: 0 | O22: =SUM(C22:L22,N22) -> 74 | P22: =SUM(C22:N22) -> 254 | R22: AM Peak Hr | S22: =MAX(S10:S12) -> 59 | T22: =MAX(T10:T12) -> 35 | U22: =MAX(U10:U12) -> 8 | V22: =MAX(V10:V12) -> 301 | W22: =MAX(W10:W12) -> 4 | X22: =MAX(X10:X12) -> 0 | Y22: =MAX(Y10:Y12) -> 16 | Z22: =MAX(Z10:Z12) -> 6 | ... AF22: =MAX(AF10:AF12) -> 1143
B23: 10.15 - 10.30 | C23: 10 | D23: 4 | E23: 0 | F23: 30 | G23: 0 | H23: 0 | I23: 3 | J23: 0 | K23: 0 | L23: 0 | M23: 161 | N23: 0 | O23: =SUM(C23:L23,N23) -> 47 | P23: =SUM(C23:N23) -> 208 | R23: IP Peak Hr | S23: =MAX(S13:S18) -> 71 | T23: =MAX(T13:T18) -> 49 | U23: =MAX(U13:U18) -> 9 | V23: =MAX(V13:V18) -> 144 | W23: =MAX(W13:W18) -> 1 | X23: =MAX(X13:X18) -> 0 | Y23: =MAX(Y13:Y18) -> 23 | Z23: =MAX(Z13:Z18) -> 8 | ... AF23: =MAX(AF13:AF18) -> 922
B24: 10.30 - 10.45 | C24: 13 | D24: 7 | E24: 2 | F24: 36 | G24: 0 | H24: 0 | I24: 0 | J24: 4 | K24: 1 | L24: 0 | M24: 190 | N24: 0 | O24: =SUM(C24:L24,N24) -> 63 | P24: =SUM(C24:N24) -> 253 | R24: PM Peak Hr | S24: =MAX(S19:S21) -> 122 | T24: =MAX(T19:T21) -> 106 | U24: =MAX(U19:U21) -> 12 | V24: =MAX(V19:V21) -> 145 | W24: =MAX(W19:W21) -> 3 | X24: =MAX(X19:X21) -> 0 | Y24: =MAX(Y19:Y21) -> 21 | Z24: =MAX(Z19:Z21) -> 2 | ... AF24: =MAX(AF19:AF21) -> 911
B25: 10.45 - 11.00 | C25: 14 | D25: 8 | E25: 2 | F25: 33 | G25: 0 | H25: 0 | I25: 5 | J25: 3 | K25: 1 | L25: 0 | M25: 141 | N25: 0 | O25: =SUM(C25:L25,N25) -> 66 | P25: =SUM(C25:N25) -> 207 | R25: AM Period | S25: =SUM(S10:S12) -> 148 | T25: =SUM(T10:T12) -> 94 | U25: =SUM(U10:U12) -> 21 | V25: =SUM(V10:V12) -> 851 | W25: =SUM(W10:W12) -> 6 | X25: =SUM(X10:X12) -> 0 | Y25: =SUM(Y10:Y12) -> 35 | Z25: =SUM(Z10:Z12) -> 13 | ... AF25: =SUM(AF10:AF12) -> 3152
B26: 11.00 - 11.15 | C26: 13 | D26: 13 | E26: 2 | F26: 36 | G26: 0 | H26: 0 | I26: 4 | J26: 1 | K26: 0 | L26: 0 | M26: 150 | N26: 0 | O26: =SUM(C26:L26,N26) -> 69 | P26: =SUM(C26:N26) -> 219 | R26: IP Period | S26: =SUM(S13:S18) -> 356 | T26: =SUM(T13:T18) -> 227 | U26: =SUM(U13:U18) -> 39 | V26: =SUM(V13:V18) -> 620 | W26: =SUM(W13:W18) -> 2 | X26: =SUM(X13:X18) -> 0 | Y26: =SUM(Y13:Y18) -> 91 | Z26: =SUM(Z13:Z18) -> 21 | ... AF26: =SUM(AF13:AF18) -> 4367
B27: 11.15 - 11.30 | C27: 11 | D27: 13 | E27: 2 | F27: 37 | G27: 0 | H27: 0 | I27: 6 | J27: 0 | K27: 0 | L27: 0 | M27: 121 | N27: 0 | O27: =SUM(C27:L27,N27) -> 69 | P27: =SUM(C27:N27) -> 190 | R27: PM Period | S27: =SUM(S19:S21) -> 322 | T27: =SUM(T19:T21) -> 235 | U27: =SUM(U19:U21) -> 29 | V27: =SUM(V19:V21) -> 351 | W27: =SUM(W19:W21) -> 6 | X27: =SUM(X19:X21) -> 0 | Y27: =SUM(Y19:Y21) -> 52 | Z27: =SUM(Z19:Z21) -> 4 | ... AF27: =SUM(AF19:AF21) -> 2511
B28: 11.30 - 11.45 | C28: 11 | D28: 10 | E28: 0 | F28: 23 | G28: 0 | H28: 0 | I28: 4 | J28: 1 | K28: 0 | L28: 0 | M28: 140 | N28: 0 | O28: =SUM(C28:L28,N28) -> 49 | P28: =SUM(C28:N28) -> 189 | R28: 12 Hours | S28: =SUM(S10:S21) -> 826 | T28: =SUM(T10:T21) -> 556 | U28: =SUM(U10:U21) -> 89 | V28: =SUM(V10:V21) -> 1822 | W28: =SUM(W10:W21) -> 14 | X28: =SUM(X10:X21) -> 0 | Y28: =SUM(Y10:Y21) -> 178 | Z28: =SUM(Z10:Z21) -> 38 | ... AF28: =SUM(AF10:AF21) -> 10030
B29: 11.45 - 12.00 | C29: 23 | D29: 5 | E29: 2 | F29: 30 | G29: 0 | H29: 0 | I29: 3 | J29: 0 | K29: 0 | L29: 0 | M29: 145 | N29: 0 | O29: =SUM(C29:L29,N29) -> 63 | P29: =SUM(C29:N29) -> 208
B30: 12.00 - 12.15 | C30: 13 | D30: 9 | E30: 0 | F30: 20 | G30: 0 | H30: 0 | I30: 4 | J30: 0 | K30: 1 | L30: 0 | M30: 140 | N30: 0 | O30: =SUM(C30:L30,N30) -> 47 | P30: =SUM(C30:N30) -> 187
B31: 12.15 - 12.30 | C31: 8 | D31: 10 | E31: 7 | F31: 15 | G31: 0 | H31: 0 | I31: 3 | J31: 0 | K31: 1 | L31: 0 | M31: 125 | N31: 0 | O31: =SUM(C31:L31,N31) -> 44 | P31: =SUM(C31:N31) -> 169
B32: 12.30 - 12.45 | C32: 15 | D32: 7 | E32: 1 | F32: 24 | G32: 0 | H32: 0 | I32: 3 | J32: 1 | K32: 0 | L32: 0 | M32: 120 | N32: 0 | O32: =SUM(C32:L32,N32) -> 51 | P32: =SUM(C32:N32) -> 171
B33: 12.45 - 13.00 | C33: 19 | D33: 8 | E33: 0 | F33: 29 | G33: 0 | H33: 0 | I33: 3 | J33: 0 | K33: 0 | L33: 0 | M33: 140 | N33: 0 | O33: =SUM(C33:L33,N33) -> 59 | P33: =SUM(C33:N33) -> 199
B34: 13.00 - 13.15 | C34: 14 | D34: 12 | E34: 0 | F34: 24 | G34: 0 | H34: 0 | I34: 3 | J34: 1 | K34: 0 | L34: 0 | M34: 100 | N34: 0 | O34: =SUM(C34:L34,N34) -> 54 | P34: =SUM(C34:N34) -> 154
B35: 13.15 - 13.30 | C35: 19 | D35: 14 | E35: 3 | F35: 24 | G35: 0 | H35: 0 | I35: 3 | J35: 1 | K35: 1 | L35: 0 | M35: 115 | N35: 0 | O35: =SUM(C35:L35,N35) -> 65 | P35: =SUM(C35:N35) -> 180
B36: 13.30 - 13.45 | C36: 10 | D36: 1 | E36: 0 | F36: 19 | G36: 0 | H36: 0 | I36: 3 | J36: 1 | K36: 0 | L36: 0 | M36: 115 | N36: 0 | O36: =SUM(C36:L36,N36) -> 34 | P36: =SUM(C36:N36) -> 149
B37: 13.45 - 14.00 | C37: 11 | D37: 11 | E37: 0 | F37: 17 | G37: 0 | H37: 0 | I37: 2 | J37: 0 | K37: 0 | L37: 0 | M37: 60 | N37: 0 | O37: =SUM(C37:L37,N37) -> 41 | P37: =SUM(C37:N37) -> 101
B38: 14.00 - 14.15 | C38: 24 | D38: 15 | E38: 3 | F38: 24 | G38: 0 | H38: 0 | I38: 5 | J38: 1 | K38: 1 | L38: 0 | M38: 130 | N38: 0 | O38: =SUM(C38:L38,N38) -> 73 | P38: =SUM(C38:N38) -> 203
B39: 14.15 - 14.30 | C39: 16 | D39: 5 | E39: 2 | F39: 16 | G39: 1 | H39: 0 | I39: 0 | J39: 1 | K39: 1 | L39: 0 | M39: 92 | N39: 0 | O39: =SUM(C39:L39,N39) -> 42 | P39: =SUM(C39:N39) -> 134
B40: 14.30 - 14.45 | C40: 18 | D40: 6 | E40: 0 | F40: 24 | G40: 0 | H40: 0 | I40: 4 | J40: 0 | K40: 1 | L40: 0 | M40: 70 | N40: 0 | O40: =SUM(C40:L40,N40) -> 53 | P40: =SUM(C40:N40) -> 123
... B57: 18.45 - 19.00 | C57: 27 | D57: 14 | E57: 1 | F57: 42 | G57: 0 | H57: 0 | I57: 3 | J57: 0 | K57: 1 | L57: 0 | M57: 120 | N57: 0 | O57: =SUM(C57:L57,N57) -> 88 | P57: =SUM(C57:N57) -> 208
B58: Totals | C58: =SUM(C10:C57) -> 826 | D58: =SUM(D10:D57) -> 556 | E58: =SUM(E10:E57) -> 89 | F58: =SUM(F10:F57) -> 1822 | G58: =SUM(G10:G57) -> 14 | H58: =SUM(H10:H57) -> 0 | I58: =SUM(I10:I57) -> 178 | J58: =SUM(J10:J57) -> 38 | ... P58: =SUM(P10:P57) -> 10030
B59: %ges + MCs | C59: =C58/$P$58 -> 0.082352941 | D59: =D58/$P$58 -> 0.055433699 | E59: =E58/$P$58 -> 0.0088733799 | F59: =F58/$P$58 -> 0.18165503 | G59: =G58/$P$58 -> 0.0013958126 | H59: =H58/$P$58 -> 0 | I59: =I58/$P$58 -> 0.01774676 | J59: =J58/$P$58 -> 0.0037886341 | ... N59: =N58/$P$58 -> 0
B60: %ges w/o MCs | C60: =C58/$O$58 -> 0.23333333 | D60: =D58/$O$58 -> 0.15706215 | E60: =E58/$O$58 -> 0.025141243 | F60: =F58/$O$58 -> 0.51468927 | G60: =G58/$O$58 -> 0.0039548023 | H60: =H58/$O$58 -> 0 | I60: =I58/$O$58 -> 0.050282486 | J60: =J58/$O$58 -> 0.010734463 | ... L60: =L58/$O$58 -> 0 | N60: =N58/$O$58 -> 0

Sheet 23.07 Munyonyo-Kibuye
B1: Consultancy services for Preparation of Expressway Development Master Plan (EDMP) for Uganda
B2: MANUAL CLASSIFIED COUNT (MCC)
B3: ROAD NAME: | C3: ='22.07 Kibuye-Munyonyo'!C3:G3 -> MCC - C1 - STN01A - SALAMA ROAD
C5: Date | D5: ='23.07 Kibuye-Munyonyo'!D5 -> 23.07.19 | F5: Location | G5: Salama road 1A | J5: Surveyor | K5: Gerald
C6: Dir. From | D6: Munyonyo | F6: Dir. To | G6: ='22.07 Munyonyo-Kibuye'!G6:H6 -> Kibuye | J6: Supervisor | K6: Emma
B8: Time / Veh Type | R8: SUMMARY TRAFFIC VOLUMES
C9: 1. Car | D9: 2. Station Wagon | E9: 3. Pickups | F9: 4. Minibus, matatu | G9: 5. Medium bus | H9: 6. Large Bus | I9: 7. Light Truck | J9: 8. Medium Truck | K9: 9. Heavy truck | L9: 10. Truck Trailer | M9: 11. Motor cycles | N9: 12. Tractors | O9: Total Excl M/Cycles | P9: Total All | R9: Time | S9: 1. Car | T9: 2. Station Wagon | U9: 3. Pickups | V9: 4. Minibus, matatu | W9: 5. Medium bus | X9: 6. Large Bus | Y9: 7. Light Truck | Z9: 8. Medium Truck | AA9: 9. Heavy truck | AB9: 10. Truck Trailer | AC9: 11. Motorcycles | AD9: 12. Tractors, Graders | AE9: Total Excl M/ Cycles | AF9: Total All
B10: 07.00 - 07.15 | C10: 71 | D10: 20 | E10: 7 | F10: 78 | G10: 1 | H10: 0 | I10: 7 | J10: 1 | K10: 1 | L10: 0 | M10: 181 | N10: 0 | O10: =SUM(C10:L10,N10) -> 186 | P10: =SUM(C10:N10) -> 367 | R10: 0700-0800 | S10: =SUM(C10:C13) -> 142 | T10: =SUM(D10:D13) -> 62 | U10: =SUM(E10:E13) -> 19 | V10: =SUM(F10:F13) -> 245 | W10: =SUM(G10:G13) -> 1 | X10: =SUM(H10:H13) -> 0 | Y10: =SUM(I10:I13) -> 19 | Z10: =SUM(J10:J13) -> 4 | ... AF10: =SUM(P10:P13) -> 1359
B11: 07.15 - 07.30 | C11: 25 | D11: 18 | E11: 4 | F11: 50 | G11: 0 | H11: 0 | I11: 4 | J11: 0 | K11: 0 | L11: 0 | M11: 184 | N11: 0 | O11: =SUM(C11:L11,N11) -> 101 | P11: =SUM(C11:N11) -> 285 | R11: 0800-0900 | S11: =SUM(C14:C17) -> 110 | T11: =SUM(D14:D17) -> 54 | U11: =SUM(E14:E17) -> 13 | V11: =SUM(F14:F17) -> 219 | W11: =SUM(G14:G17) -> 1 | X11: =SUM(H14:H17) -> 0 | Y11: =SUM(I14:I17) -> 11 | Z11: =SUM(J14:J17) -> 1 | ... AF11: =SUM(P14:P17) -> 1249
B12: 07.30 - 07.45 | C12: 23 | D12: 16 | E12: 2 | F12: 61 | G12: 0 | H12: 0 | I12: 4 | J12: 3 | K12: 0 | L12: 0 | M12: 224 | N12: 0 | O12: =SUM(C12:L12,N12) -> 109 | P12: =SUM(C12:N12) -> 333 | R12: 0900-1000 | S12: =SUM(C18:C21) -> 90 | T12: =SUM(D18:D21) -> 56 | U12: =SUM(E18:E21) -> 22 | V12: =SUM(F18:F21) -> 177 | W12: =SUM(G18:G21) -> 0 | X12: =SUM(H18:H21) -> 0 | Y12: =SUM(I18:I21) -> 15 | Z12: =SUM(J18:J21) -> 3 | ... AF12: =SUM(P18:P21) -> 992
B13: 07.45 - 08.00 | C13: 23 | D13: 8 | E13: 6 | F13: 56 | G13: 0 | H13: 0 | I13: 4 | J13: 0 | K13: 0 | L13: 0 | M13: 277 | N13: 0 | O13: =SUM(C13:L13,N13) -> 97 | P13: =SUM(C13:N13) -> 374 | R13: 1000-1100 | S13: =SUM(C22:C25) -> 100 | T13: =SUM(D22:D25) -> 67 | U13: =SUM(E22:E25) -> 4 | V13: =SUM(F22:F25) -> 167 | W13: =SUM(G22:G25) -> 2 | X13: =SUM(H22:H25) -> 0 | Y13: =SUM(I22:I25) -> 19 | Z13: =SUM(J22:J25) -> 4 | ... AF13: =SUM(P22:P25) -> 969
B14: 08.00 - 08.15 | C14: 29 | D14: 15 | E14: 3 | F14: 62 | G14: 1 | H14: 0 | I14: 3 | J14: 0 | K14: 0 | L14: 0 | M14: 231 | N14: 0 | O14: =SUM(C14:L14,N14) -> 113 | P14: =SUM(C14:N14) -> 344 | R14: 1100-1200 | S14: =SUM(C26:C29) -> 77 | T14: =SUM(D26:D29) -> 45 | U14: =SUM(E26:E29) -> 17 | V14: =SUM(F26:F29) -> 128 | W14: =SUM(G26:G29) -> 0 | X14: =SUM(H26:H29) -> 0 | Y14: =SUM(I26:I29) -> 14 | Z14: =SUM(J26:J29) -> 3 | ... AF14: =SUM(P26:P29) -> 840
B15: 08.15 - 08.30 | C15: 28 | D15: 13 | E15: 2 | F15: 58 | G15: 0 | H15: 0 | I15: 5 | J15: 0 | K15: 0 | L15: 0 | M15: 229 | N15: 0 | O15: =SUM(C15:L15,N15) -> 106 | P15: =SUM(C15:N15) -> 335 | R15: 1200-1300 | S15: =SUM(C30:C33) -> 59 | T15: =SUM(D30:D33) -> 44 | U15: =SUM(E30:E33) -> 9 | V15: =SUM(F30:F33) -> 92 | W15: =SUM(G30:G33) -> 1 | X15: =SUM(H30:H33) -> 0 | Y15: =SUM(I30:I33) -> 9 | Z15: =SUM(J30:J33) -> 3 | ... AF15: =SUM(P30:P33) -> 647
B16: 08.30 - 08.45 | C16: 31 | D16: 18 | E16: 4 | F16: 55 | G16: 0 | H16: 0 | I16: 2 | J16: 0 | K16: 0 | L16: 0 | M16: 205 | N16: 0 | O16: =SUM(C16:L16,N16) -> 110 | P16: =SUM(C16:N16) -> 315 | R16: 1300-1400 | S16: =SUM(C34:C37) -> 70 | T16: =SUM(D34:D37) -> 42 | U16: =SUM(E34:E37) -> 17 | V16: =SUM(F34:F37) -> 97 | W16: =SUM(G34:G37) -> 0 | X16: =SUM(H34:H37) -> 0 | Y16: =SUM(I34:I37) -> 21 | Z16: =SUM(J34:J37) -> 2 | ... AF16: =SUM(P34:P37) -> 741
B17: 08.45 - 9.00 | C17: 22 | D17: 8 | E17: 4 | F17: 44 | G17: 0 | H17: 0 | I17: 1 | J17: 1 | K17: 0 | L17: 0 | M17: 175 | N17: 0 | O17: =SUM(C17:L17,N17) -> 80 | P17: =SUM(C17:N17) -> 255 | R17: 1400-1500 | S17: =SUM(C38:C41) -> 73 | T17: =SUM(D38:D41) -> 32 | U17: =SUM(E38:E41) -> 13 | V17: =SUM(F38:F41) -> 98 | W17: =SUM(G38:G41) -> 0 | X17: =SUM(H38:H41) -> 0 | Y17: =SUM(I38:I41) -> 14 | Z17: =SUM(J38:J41) -> 2 | ... AF17: =SUM(P38:P41) -> 794
B18: 09.00 - 09.15 | C18: 22 | D18: 19 | E18: 7 | F18: 52 | G18: 0 | H18: 0 | I18: 5 | J18: 1 | K18: 0 | L18: 0 | M18: 175 | N18: 0 | O18: =SUM(C18:L18,N18) -> 106 | P18: =SUM(C18:N18) -> 281 | R18: 1500-1600 | S18: =SUM(C42:C45) -> 84 | T18: =SUM(D42:D45) -> 34 | U18: =SUM(E42:E45) -> 16 | V18: =SUM(F42:F45) -> 74 | W18: =SUM(G42:G45) -> 0 | X18: =SUM(H42:H45) -> 0 | Y18: =SUM(I42:I45) -> 10 | Z18: =SUM(J42:J45) -> 5 | ... AF18: =SUM(P42:P45) -> 664
B19: 09.15 - 09.30 | C19: 27 | D19: 13 | E19: 3 | F19: 55 | G19: 0 | H19: 0 | I19: 1 | J19: 0 | K19: 1 | L19: 0 | M19: 185 | N19: 0 | O19: =SUM(C19:L19,N19) -> 100 | P19: =SUM(C19:N19) -> 285 | R19: 1600-1700 | S19: =SUM(C46:C49) -> 83 | T19: =SUM(D46:D49) -> 51 | U19: =SUM(E46:E49) -> 16 | V19: =SUM(F46:F49) -> 102 | W19: =SUM(G46:G49) -> 4 | X19: =SUM(H46:H49) -> 0 | Y19: =SUM(I46:I49) -> 19 | Z19: =SUM(J46:J49) -> 1 | ... AF19: =SUM(P46:P49) -> 876
B20: 09.30 - 09.45 | C20: 21 | D20: 10 | E20: 6 | F20: 39 | G20: 0 | H20: 0 | I20: 4 | J20: 0 | K20: 0 | L20: 0 | M20: 129 | N20: 0 | O20: =SUM(C20:L20,N20) -> 80 | P20: =SUM(C20:N20) -> 209 | R20: 1700-1800 | S20: =SUM(C50:C53) -> 75 | T20: =SUM(D50:D53) -> 35 | U20: =SUM(E50:E53) -> 13 | V20: =SUM(F50:F53) -> 93 | W20: =SUM(G50:G53) -> 2 | X20: =SUM(H50:H53) -> 0 | Y20: =SUM(I50:I53) -> 12 | Z20: =SUM(J50:J53) -> 1 | ... AF20: =SUM(P50:P53) -> 822
B21: 09.45 - 10.00 | C21: 20 | D21: 14 | E21: 6 | F21: 31 | G21: 0 | H21: 0 | I21: 5 | J21: 2 | K21: 0 | L21: 0 | M21: 139 | N21: 0 | O21: =SUM(C21:L21,N21) -> 78 | P21: =SUM(C21:N21) -> 217 | R21: 1800-1900 | S21: =SUM(C54:C57) -> 65 | T21: =SUM(D54:D57) -> 35 | U21: =SUM(E54:E57) -> 14 | V21: =SUM(F54:F57) -> 90 | W21: =SUM(G54:G57) -> 4 | X21: =SUM(H54:H57) -> 1 | Y21: =SUM(I54:I57) -> 14 | Z21: =SUM(J54:J57) -> 1 | ... AF21: =SUM(P54:P57) -> 807
B22: 10.00 - 10.15 | C22: 34 | D22: 16 | E22: 0 | F22: 49 | G22: 1 | H22: 0 | I22: 6 | J22: 2 | K22: 0 | L22: 0 | M22: 175 | N22: 0 | O22: =SUM(C22:L22,N22) -> 108 | P22: =SUM(C22:N22) -> 283 | R22: AM Peak Hr | S22: =MAX(S10:S12) -> 142 | T22: =MAX(T10:T12) -> 62 | U22: =MAX(U10:U12) -> 22 | V22: =MAX(V10:V12) -> 245 | W22: =MAX(W10:W12) -> 1 | X22: =MAX(X10:X12) -> 0 | Y22: =MAX(Y10:Y12) -> 19 | Z22: =MAX(Z10:Z12) -> 4 | ... AF22: =MAX(AF10:AF12) -> 1359
B23: 10.15 - 10.30 | C23: 19 | D23: 17 | E23: 2 | F23: 35 | G23: 0 | H23: 0 | I23: 5 | J23: 0 | K23: 0 | L23: 0 | M23: 155 | N23: 0 | O23: =SUM(C23:L23,N23) -> 78 | P23: =SUM(C23:N23) -> 233 | R23: IP Peak Hr | S23: =MAX(S13:S18) -> 100 | T23: =MAX(T13:T18) -> 67 | U23: =MAX(U13:U18) -> 17 | V23: =MAX(V13:V18) -> 167 | W23: =MAX(W13:W18) -> 2 | X23: =MAX(X13:X18) -> 0 | Y23: =MAX(Y13:Y18) -> 21 | Z23: =MAX(Z13:Z18) -> 5 | ... AF23: =MAX(AF13:AF18) -> 969
B24: 10.30 - 10.45 | C24: 23 | D24: 16 | E24: 0 | F24: 44 | G24: 0 | H24: 0 | I24: 4 | J24: 2 | K24: 0 | L24: 0 | M24: 115 | N24: 0 | O24: =SUM(C24:L24,N24) -> 89 | P24: =SUM(C24:N24) -> 204 | R24: PM Peak Hr | S24: =MAX(S19:S21) -> 83 | T24: =MAX(T19:T21) -> 51 | U24: =MAX(U19:U21) -> 16 | V24: =MAX(V19:V21) -> 102 | W24: =MAX(W19:W21) -> 4 | X24: =MAX(X19:X21) -> 1 | Y24: =MAX(Y19:Y21) -> 19 | Z24: =MAX(Z19:Z21) -> 1 | ... AF24: =MAX(AF19:AF21) -> 876
B25: 10.45 - 11.00 | C25: 24 | D25: 18 | E25: 2 | F25: 39 | G25: 1 | H25: 0 | I25: 4 | J25: 0 | K25: 0 | L25: 0 | M25: 161 | N25: 0 | O25: =SUM(C25:L25,N25) -> 88 | P25: =SUM(C25:N25) -> 249 | R25: AM Period | S25: =SUM(S10:S12) -> 342 | T25: =SUM(T10:T12) -> 172 | U25: =SUM(U10:U12) -> 54 | V25: =SUM(V10:V12) -> 641 | W25: =SUM(W10:W12) -> 2 | X25: =SUM(X10:X12) -> 0 | Y25: =SUM(Y10:Y12) -> 45 | Z25: =SUM(Z10:Z12) -> 8 | ... AF25: =SUM(AF10:AF12) -> 3600
B26: 11.00 - 11.15 | C26: 23 | D26: 14 | E26: 7 | F26: 35 | G26: 0 | H26: 0 | I26: 4 | K26: 0 | L26: 0 | M26: 145 | N26: 0 | O26: =SUM(C26:L26,N26) -> 83 | P26: =SUM(C26:N26) -> 228 | R26: IP Period | S26: =SUM(S13:S18) -> 463 | T26: =SUM(T13:T18) -> 264 | U26: =SUM(U13:U18) -> 76 | V26: =SUM(V13:V18) -> 656 | W26: =SUM(W13:W18) -> 3 | X26: =SUM(X13:X18) -> 0 | Y26: =SUM(Y13:Y18) -> 87 | Z26: =SUM(Z13:Z18) -> 19 | ... AF26: =SUM(AF13:AF18) -> 4655
B27: 11.15 - 11.30 | C27: 20 | D27: 16 | E27: 1 | F27: 32 | G27: 0 | H27: 0 | I27: 3 | J27: 1 | K27: 0 | L27: 0 | M27: 159 | N27: 0 | O27: =SUM(C27:L27,N27) -> 73 | P27: =SUM(C27:N27) -> 232 | R27: PM Period | S27: =SUM(S19:S21) -> 223 | T27: =SUM(T19:T21) -> 121 | U27: =SUM(U19:U21) -> 43 | V27: =SUM(V19:V21) -> 285 | W27: =SUM(W19:W21) -> 10 | X27: =SUM(X19:X21) -> 1 | Y27: =SUM(Y19:Y21) -> 45 | Z27: =SUM(Z19:Z21) -> 3 | ... AF27: =SUM(AF19:AF21) -> 2505
B28: 11.30 - 11.45 | C28: 14 | D28: 5 | E28: 6 | F28: 32 | G28: 0 | H28: 0 | I28: 2 | J28: 0 | K28: 0 | L28: 0 | M28: 120 | N28: 0 | O28: =SUM(C28:L28,N28) -> 59 | P28: =SUM(C28:N28) -> 179 | R28: 12 Hours | S28: =SUM(S10:S21) -> 1028 | T28: =SUM(T10:T21) -> 557 | U28: =SUM(U10:U21) -> 173 | V28: =SUM(V10:V21) -> 1582 | W28: =SUM(W10:W21) -> 15 | X28: =SUM(X10:X21) -> 1 | Y28: =SUM(Y10:Y21) -> 177 | Z28: =SUM(Z10:Z21) -> 30 | ... AF28: =SUM(AF10:AF21) -> 10760
B29: 11.45 - 12.00 | C29: 20 | D29: 10 | E29: 3 | F29: 29 | G29: 0 | H29: 0 | I29: 5 | J29: 2 | K29: 0 | L29: 0 | M29: 132 | N29: 0 | O29: =SUM(C29:L29,N29) -> 69 | P29: =SUM(C29:N29) -> 201
B30: 12.00 - 12.15 | C30: 16 | D30: 13 | E30: 2 | F30: 32 | G30: 0 | H30: 0 | I30: 3 | J30: 2 | K30: 0 | L30: 0 | M30: 145 | N30: 0 | O30: =SUM(C30:L30,N30) -> 68 | P30: =SUM(C30:N30) -> 213
B31: 12.15 - 12.30 | C31: 11 | D31: 7 | E31: 2 | F31: 19 | G31: 0 | H31: 0 | I31: 0 | J31: 0 | K31: 1 | L31: 0 | M31: 89 | N31: 0 | O31: =SUM(C31:L31,N31) -> 40 | P31: =SUM(C31:N31) -> 129
B32: 12.30 - 12.45 | C32: 13 | D32: 9 | E32: 2 | F32: 22 | G32: 1 | H32: 0 | I32: 1 | J32: 1 | K32: 0 | L32: 0 | M32: 91 | N32: 0 | O32: =SUM(C32:L32,N32) -> 49 | P32: =SUM(C32:N32) -> 140
B33: 12.45 - 13.00 | C33: 19 | D33: 15 | E33: 3 | F33: 19 | G33: 0 | H33: 0 | I33: 5 | J33: 0 | K33: 1 | L33: 0 | M33: 103 | N33: 0 | O33: =SUM(C33:L33,N33) -> 62 | P33: =SUM(C33:N33) -> 165
B34: 13.00 - 13.15 | C34: 10 | D34: 10 | E34: 7 | F34: 16 | G34: 0 | H34: 0 | I34: 6 | J34: 1 | K34: 0 | L34: 0 | M34: 124 | N34: 0 | O34: =SUM(C34:L34,N34) -> 50 | P34: =SUM(C34:N34) -> 174
B35: 13.15 - 13.30 | C35: 24 | D35: 4 | E35: 1 | F35: 25 | G35: 0 | H35: 0 | I35: 5 | J35: 1 | K35: 0 | L35: 0 | M35: 156 | N35: 0 | O35: =SUM(C35:L35,N35) -> 60 | P35: =SUM(C35:N35) -> 216
B36: 13.30 - 13.45 | C36: 21 | D36: 16 | E36: 5 | F36: 32 | G36: 0 | H36: 0 | I36: 7 | J36: 0 | K36: 0 | L36: 0 | M36: 102 | N36: 0 | O36: =SUM(C36:L36,N36) -> 81 | P36: =SUM(C36:N36) -> 183
B37: 13.45 - 14.00 | C37: 15 | D37: 12 | E37: 4 | F37: 24 | G37: 0 | H37: 0 | I37: 3 | J37: 0 | K37: 0 | L37: 0 | M37: 110 | N37: 0 | O37: =SUM(C37:L37,N37) -> 58 | P37: =SUM(C37:N37) -> 168
B38: 14.00 - 14.15 | C38: 21 | D38: 9 | E38: 2 | F38: 29 | G38: 0 | H38: 0 | I38: 5 | J38: 1 | K38: 0 | L38: 0 | M38: 139 | N38: 0 | O38: =SUM(C38:L38,N38) -> 67 | P38: =SUM(C38:N38) -> 206
B39: 14.15 - 14.30 | C39: 14 | D39: 8 | E39: 2 | F39: 23 | G39: 0 | H39: 0 | I39: 3 | J39: 0 | K39: 0 | L39: 0 | M39: 159 | N39: 0 | O39: =SUM(C39:L39,N39) -> 50 | P39: =SUM(C39:N39) -> 209
B40: 14.30 - 14.45 | C40: 18 | D40: 10 | E40: 4 | F40: 27 | G40: 0 | H40: 0 | I40: 5 | J40: 1 | K40: 0 | L40: 0 | M40: 139 | N40: 0 | O40: =SUM(C40:L40,N40) -> 65 | P40: =SUM(C40:N40) -> 204
... B57: 18.45 - 19.00 | C57: 28 | D57: 6 | E57: 5 | F57: 26 | G57: 1 | H57: 0 | I57: 2 | J57: 0 | K57: 0 | L57: 0 | M57: 185 | N57: 0 | O57: =SUM(C57:L57,N57) -> 68 | P57: =SUM(C57:N57) -> 253
B58: Totals | C58: =SUM(C10:C57) -> 1028 | D58: =SUM(D10:D57) -> 557 | E58: =SUM(E10:E57) -> 173 | F58: =SUM(F10:F57) -> 1582 | G58: =SUM(G10:G57) -> 15 | H58: =SUM(H10:H57) -> 1 | I58: =SUM(I10:I57) -> 177 | J58: =SUM(J10:J57) -> 30 | ... P58: =SUM(P10:P57) -> 10760
B59: %ges + MCs | C59: =C58/$P$58 -> 0.095539033 | D59: =D58/$P$58 -> 0.051765799 | E59: =E58/$P$58 -> 0.016078067 | F59: =F58/$P$58 -> 0.14702602 | G59: =G58/$P$58 -> 0.001394052 | H59: =H58/$P$58 -> 9.2936803e-05 | I59: =I58/$P$58 -> 0.016449814 | J59: =J58/$P$58 -> 0.0027881041 | ... N59: =N58/$P$58 -> 0
B60: %ges w/o MCs | C60: =C58/$O$58 -> 0.28795518 | D60: =D58/$O$58 -> 0.15602241 | E60: =E58/$O$58 -> 0.048459384 | F60: =F58/$O$58 -> 0.44313725 | G60: =G58/$O$58 -> 0.0042016807 | H60: =H58/$O$58 -> 0.00028011204 | I60: =I58/$O$58 -> 0.049579832 | J60: =J58/$O$58 -> 0.0084033613 | ... L60: =L58/$O$58 -> 0 | N60: =N58/$O$58 -> 0

Sheet 24.07 Kibuye-Munyonyo
B1: Consultancy services for Preparation of Expressway Development Master Plan (EDMP) for Uganda
B2: MANUAL CLASSIFIED COUNT (MCC)
B3: ROAD NAME: | C3: ='22.07 Kibuye-Munyonyo'!C3:G3 -> MCC - C1 - STN01A - SALAMA ROAD
C5: Date | D5: 24.07.19 | F5: Location | G5: ='22.07 Kibuye-Munyonyo'!G5:H5 -> Salama road 1A | J5: Surveyor | K5: ='22.07 Kibuye-Munyonyo'!K5:L5 -> Racheal
C6: Dir. From | D6: ='22.07 Kibuye-Munyonyo'!D6:E6 -> Kibuye | F6: Dir. To | G6: ='22.07 Kibuye-Munyonyo'!G6:H6 -> Munyonyo | J6: Supervisor | K6: ='22.07 Kibuye-Munyonyo'!K6:L6 -> Emma
B8: Time / Veh Type | R8: SUMMARY TRAFFIC VOLUMES
C9: 1. Car | D9: 2. Station Wagon | E9: 3. Pickups | F9: 4. Minibus, matatu | G9: 5. Medium bus | H9: 6. Large Bus | I9: 7. Light Truck | J9: 8. Medium Truck | K9: 9. Heavy truck | L9: 10. Truck Trailer | M9: 11. Motor cycles | N9: 12. Tractors | O9: Total Excl M/Cycles | P9: Total All | R9: Time | S9: 1. Car | T9: 2. Station Wagon | U9: 3. Pickups | V9: 4. Minibus, matatu | W9: 5. Medium bus | X9: 6. Large Bus | Y9: 7. Light Truck | Z9: 8. Medium Truck | AA9: 9. Heavy truck | AB9: 10. Truck Trailer | AC9: 11. Motorcycles | AD9: 12. Tractors, Graders | AE9: Total Excl M/ Cycles | AF9: Total All
B10: 07.00 - 07.15 | C10: 14 | D10: 8 | E10: 0 | F10: 78 | G10: 1 | H10: 0 | I10: 2 | J10: 0 | K10: 1 | L10: 0 | M10: 110 | N10: 0 | O10: =SUM(C10:L10,N10) -> 104 | P10: =SUM(C10:N10) -> 214 | R10: 0700-0800 | S10: =SUM(C10:C13) -> 45 | T10: =SUM(D10:D13) -> 32 | U10: =SUM(E10:E13) -> 3 | V10: =SUM(F10:F13) -> 263 | W10: =SUM(G10:G13) -> 5 | X10: =SUM(H10:H13) -> 2 | Y10: =SUM(I10:I13) -> 6 | Z10: =SUM(J10:J13) -> 2 | ... AF10: =SUM(P10:P13) -> 838
B11: 07.15 - 07.30 | C11: 10 | D11: 12 | E11: 2 | F11: 65 | G11: 1 | H11: 0 | I11: 2 | J11: 1 | K11: 1 | L11: 0 | M11: 115 | N11: 0 | O11: =SUM(C11:L11,N11) -> 94 | P11: =SUM(C11:N11) -> 209 | R11: 0800-0900 | S11: =SUM(C14:C17) -> 42 | T11: =SUM(D14:D17) -> 22 | U11: =SUM(E14:E17) -> 6 | V11: =SUM(F14:F17) -> 263 | W11: =SUM(G14:G17) -> 4 | X11: =SUM(H14:H17) -> 0 | Y11: =SUM(I14:I17) -> 9 | Z11: =SUM(J14:J17) -> 4 | ... AF11: =SUM(P14:P17) -> 989
B12: 07.30 - 07.45 | C12: 13 | D12: 3 | E12: 0 | F12: 60 | G12: 1 | H12: 2 | I12: 1 | J12: 1 | K12: 0 | L12: 0 | M12: 120 | N12: 0 | O12: =SUM(C12:L12,N12) -> 81 | P12: =SUM(C12:N12) -> 201 | R12: 0900-1000 | S12: =SUM(C18:C21) -> 53 | T12: =SUM(D18:D21) -> 27 | U12: =SUM(E18:E21) -> 7 | V12: =SUM(F18:F21) -> 188 | W12: =SUM(G18:G21) -> 1 | X12: =SUM(H18:H21) -> 0 | Y12: =SUM(I18:I21) -> 11 | Z12: =SUM(J18:J21) -> 7 | ... AF12: =SUM(P18:P21) -> 735
B13: 07.45 - 08.00 | C13: 8 | D13: 9 | E13: 1 | F13: 60 | G13: 2 | H13: 0 | I13: 1 | J13: 0 | K13: 0 | L13: 0 | M13: 133 | N13: 0 | O13: =SUM(C13:L13,N13) -> 81 | P13: =SUM(C13:N13) -> 214 | R13: 1000-1100 | S13: =SUM(C22:C25) -> 24 | T13: =SUM(D22:D25) -> 22 | U13: =SUM(E22:E25) -> 4 | V13: =SUM(F22:F25) -> 228 | W13: =SUM(G22:G25) -> 0 | X13: =SUM(H22:H25) -> 0 | Y13: =SUM(I22:I25) -> 6 | Z13: =SUM(J22:J25) -> 4 | ... AF13: =SUM(P22:P25) -> 912
B14: 08.00 - 08.15 | C14: 13 | D14: 7 | E14: 3 | F14: 75 | G14: 0 | H14: 0 | I14: 4 | J14: 2 | K14: 0 | L14: 0 | M14: 145 | N14: 0 | O14: =SUM(C14:L14,N14) -> 104 | P14: =SUM(C14:N14) -> 249 | R14: 1100-1200 | S14: =SUM(C26:C29) -> 45 | T14: =SUM(D26:D29) -> 26 | U14: =SUM(E26:E29) -> 7 | V14: =SUM(F26:F29) -> 123 | W14: =SUM(G26:G29) -> 0 | X14: =SUM(H26:H29) -> 0 | Y14: =SUM(I26:I29) -> 15 | Z14: =SUM(J26:J29) -> 1 | ... AF14: =SUM(P26:P29) -> 682
B15: 08.15 - 08.30 | C15: 13 | D15: 4 | E15: 1 | F15: 67 | G15: 1 | H15: 0 | I15: 4 | J15: 2 | K15: 0 | L15: 0 | M15: 165 | N15: 0 | O15: =SUM(C15:L15,N15) -> 92 | P15: =SUM(C15:N15) -> 257 | R15: 1200-1300 | S15: =SUM(C30:C33) -> 46 | T15: =SUM(D30:D33) -> 47 | U15: =SUM(E30:E33) -> 15 | V15: =SUM(F30:F33) -> 108 | W15: =SUM(G30:G33) -> 1 | X15: =SUM(H30:H33) -> 0 | Y15: =SUM(I30:I33) -> 12 | Z15: =SUM(J30:J33) -> 3 | ... AF15: =SUM(P30:P33) -> 604
B16: 08.30 - 08.45 | C16: 6 | D16: 7 | E16: 1 | F16: 69 | G16: 2 | H16: 0 | I16: 0 | J16: 0 | K16: 0 | L16: 0 | M16: 165 | N16: 0 | O16: =SUM(C16:L16,N16) -> 85 | P16: =SUM(C16:N16) -> 250 | R16: 1300-1400 | S16: =SUM(C34:C37) -> 41 | T16: =SUM(D34:D37) -> 25 | U16: =SUM(E34:E37) -> 18 | V16: =SUM(F34:F37) -> 90 | W16: =SUM(G34:G37) -> 1 | X16: =SUM(H34:H37) -> 0 | Y16: =SUM(I34:I37) -> 10 | Z16: =SUM(J34:J37) -> 2 | ... AF16: =SUM(P34:P37) -> 440
B17: 08.45 - 9.00 | C17: 10 | D17: 4 | E17: 1 | F17: 52 | G17: 1 | H17: 0 | I17: 1 | J17: 0 | K17: 0 | L17: 0 | M17: 164 | N17: 0 | O17: =SUM(C17:L17,N17) -> 69 | P17: =SUM(C17:N17) -> 233 | R17: 1400-1500 | S17: =SUM(C38:C41) -> 58 | T17: =SUM(D38:D41) -> 46 | U17: =SUM(E38:E41) -> 12 | V17: =SUM(F38:F41) -> 84 | W17: =SUM(G38:G41) -> 0 | X17: =SUM(H38:H41) -> 0 | Y17: =SUM(I38:I41) -> 16 | Z17: =SUM(J38:J41) -> 2 | ... AF17: =SUM(P38:P41) -> 673
B18: 09.00 - 09.15 | C18: 4 | D18: 8 | E18: 2 | F18: 52 | G18: 0 | H18: 0 | I18: 1 | J18: 0 | K18: 0 | L18: 0 | M18: 117 | N18: 0 | O18: =SUM(C18:L18,N18) -> 67 | P18: =SUM(C18:N18) -> 184 | R18: 1500-1600 | S18: =SUM(C42:C45) -> 85 | T18: =SUM(D42:D45) -> 43 | U18: =SUM(E42:E45) -> 15 | V18: =SUM(F42:F45) -> 97 | W18: =SUM(G42:G45) -> 0 | X18: =SUM(H42:H45) -> 0 | Y18: =SUM(I42:I45) -> 25 | Z18: =SUM(J42:J45) -> 8 | ... AF18: =SUM(P42:P45) -> 753
B19: 09.15 - 09.30 | C19: 15 | D19: 2 | E19: 3 | F19: 42 | G19: 0 | H19: 0 | I19: 2 | J19: 2 | K19: 0 | L19: 0 | M19: 154 | N19: 0 | O19: =SUM(C19:L19,N19) -> 66 | P19: =SUM(C19:N19) -> 220 | R19: 1600-1700 | S19: =SUM(C46:C49) -> 103 | T19: =SUM(D46:D49) -> 59 | U19: =SUM(E46:E49) -> 18 | V19: =SUM(F46:F49) -> 93 | W19: =SUM(G46:G49) -> 1 | X19: =SUM(H46:H49) -> 1 | Y19: =SUM(I46:I49) -> 20 | Z19: =SUM(J46:J49) -> 2 | ... AF19: =SUM(P46:P49) -> 775
B20: 09.30 - 09.45 | C20: 17 | D20: 11 | E20: 0 | F20: 47 | G20: 0 | H20: 0 | I20: 2 | J20: 2 | K20: 0 | L20: 0 | M20: 154 | N20: 0 | O20: =SUM(C20:L20,N20) -> 79 | P20: =SUM(C20:N20) -> 233 | R20: 1700-1800 | S20: =SUM(C50:C53) -> 109 | T20: =SUM(D50:D53) -> 65 | U20: =SUM(E50:E53) -> 18 | V20: =SUM(F50:F53) -> 117 | W20: =SUM(G50:G53) -> 1 | X20: =SUM(H50:H53) -> 3 | Y20: =SUM(I50:I53) -> 22 | Z20: =SUM(J50:J53) -> 2 | ... AF20: =SUM(P50:P53) -> 867
B21: 09.45 - 10.00 | C21: 17 | D21: 6 | E21: 2 | F21: 47 | G21: 1 | H21: 0 | I21: 6 | J21: 3 | K21: 1 | L21: 0 | M21: 15 | N21: 0 | O21: =SUM(C21:L21,N21) -> 83 | P21: =SUM(C21:N21) -> 98 | R21: 1800-1900 | S21: =SUM(C54:C57) -> 144 | T21: =SUM(D54:D57) -> 53 | U21: =SUM(E54:E57) -> 17 | V21: =SUM(F54:F57) -> 152 | W21: =SUM(G54:G57) -> 4 | X21: =SUM(H54:H57) -> 1 | Y21: =SUM(I54:I57) -> 14 | Z21: =SUM(J54:J57) -> 0 | ... AF21: =SUM(P54:P57) -> 953
B22: 10.00 - 10.15 | C22: 14 | D22: 5 | E22: 0 | F22: 40 | G22: 0 | H22: 0 | I22: 4 | J22: 2 | K22: 0 | L22: 0 | M22: 145 | N22: 0 | O22: =SUM(C22:L22,N22) -> 65 | P22: =SUM(C22:N22) -> 210 | R22: AM Peak Hr | S22: =MAX(S10:S12) -> 53 | T22: =MAX(T10:T12) -> 32 | U22: =MAX(U10:U12) -> 7 | V22: =MAX(V10:V12) -> 263 | W22: =MAX(W10:W12) -> 5 | X22: =MAX(X10:X12) -> 2 | Y22: =MAX(Y10:Y12) -> 11 | Z22: =MAX(Z10:Z12) -> 7 | ... AF22: =MAX(AF10:AF12) -> 989
B23: 10.15 - 10.30 | C23: 6 | D23: 6 | E23: 4 | F23: 43 | G23: 0 | H23: 0 | I23: 2 | J23: 2 | K23: 1 | L23: 0 | M23: 225 | N23: 0 | O23: =SUM(C23:L23,N23) -> 64 | P23: =SUM(C23:N23) -> 289 | R23: IP Peak Hr | S23: =MAX(S13:S18) -> 85 | T23: =MAX(T13:T18) -> 47 | U23: =MAX(U13:U18) -> 18 | V23: =MAX(V13:V18) -> 228 | W23: =MAX(W13:W18) -> 1 | X23: =MAX(X13:X18) -> 0 | Y23: =MAX(Y13:Y18) -> 25 | Z23: =MAX(Z13:Z18) -> 8 | ... AF23: =MAX(AF13:AF18) -> 912
B24: 10.30 - 10.45 | C24: 1 | D24: 4 | E24: 0 | F24: 85 | G24: 0 | H24: 0 | I24: 0 | J24: 0 | K24: 1 | L24: 0 | M24: 125 | N24: 0 | O24: =SUM(C24:L24,N24) -> 91 | P24: =SUM(C24:N24) -> 216 | R24: PM Peak Hr | S24: =MAX(S19:S21) -> 144 | T24: =MAX(T19:T21) -> 65 | U24: =MAX(U19:U21) -> 18 | V24: =MAX(V19:V21) -> 152 | W24: =MAX(W19:W21) -> 4 | X24: =MAX(X19:X21) -> 3 | Y24: =MAX(Y19:Y21) -> 22 | Z24: =MAX(Z19:Z21) -> 2 | ... AF24: =MAX(AF19:AF21) -> 953
B25: 10.45 - 11.00 | C25: 3 | D25: 7 | E25: 0 | F25: 60 | G25: 0 | H25: 0 | I25: 0 | J25: 0 | K25: 2 | L25: 0 | M25: 125 | N25: 0 | O25: =SUM(C25:L25,N25) -> 72 | P25: =SUM(C25:N25) -> 197 | R25: AM Period | S25: =SUM(S10:S12) -> 140 | T25: =SUM(T10:T12) -> 81 | U25: =SUM(U10:U12) -> 16 | V25: =SUM(V10:V12) -> 714 | W25: =SUM(W10:W12) -> 10 | X25: =SUM(X10:X12) -> 2 | Y25: =SUM(Y10:Y12) -> 26 | Z25: =SUM(Z10:Z12) -> 13 | ... AF25: =SUM(AF10:AF12) -> 2562
B26: 11.00 - 11.15 | C26: 9 | D26: 8 | E26: 2 | F26: 40 | G26: 0 | H26: 0 | I26: 1 | J26: 0 | K26: 1 | L26: 0 | M26: 120 | N26: 0 | O26: =SUM(C26:L26,N26) -> 61 | P26: =SUM(C26:N26) -> 181 | R26: IP Period | S26: =SUM(S13:S18) -> 299 | T26: =SUM(T13:T18) -> 209 | U26: =SUM(U13:U18) -> 71 | V26: =SUM(V13:V18) -> 730 | W26: =SUM(W13:W18) -> 2 | X26: =SUM(X13:X18) -> 0 | Y26: =SUM(Y13:Y18) -> 84 | Z26: =SUM(Z13:Z18) -> 20 | ... AF26: =SUM(AF13:AF18) -> 4064
B27: 11.15 - 11.30 | C27: 14 | D27: 5 | E27: 2 | F27: 36 | G27: 0 | H27: 0 | I27: 4 | J27: 0 | K27: 1 | L27: 0 | M27: 120 | N27: 0 | O27: =SUM(C27:L27,N27) -> 62 | P27: =SUM(C27:N27) -> 182 | R27: PM Period | S27: =SUM(S19:S21) -> 356 | T27: =SUM(T19:T21) -> 177 | U27: =SUM(U19:U21) -> 53 | V27: =SUM(V19:V21) -> 362 | W27: =SUM(W19:W21) -> 6 | X27: =SUM(X19:X21) -> 5 | Y27: =SUM(Y19:Y21) -> 56 | Z27: =SUM(Z19:Z21) -> 4 | ... AF27: =SUM(AF19:AF21) -> 2595
B28: 11.30 - 11.45 | C28: 11 | D28: 3 | E28: 1 | F28: 24 | G28: 0 | H28: 0 | I28: 6 | J28: 0 | K28: 2 | L28: 0 | M28: 106 | N28: 0 | O28: =SUM(C28:L28,N28) -> 47 | P28: =SUM(C28:N28) -> 153 | R28: 12 Hours | S28: =SUM(S10:S21) -> 795 | T28: =SUM(T10:T21) -> 467 | U28: =SUM(U10:U21) -> 140 | V28: =SUM(V10:V21) -> 1806 | W28: =SUM(W10:W21) -> 18 | X28: =SUM(X10:X21) -> 7 | Y28: =SUM(Y10:Y21) -> 166 | Z28: =SUM(Z10:Z21) -> 37 | ... AF28: =SUM(AF10:AF21) -> 9221
B29: 11.45 - 12.00 | C29: 11 | D29: 10 | E29: 2 | F29: 23 | G29: 0 | H29: 0 | I29: 4 | J29: 1 | K29: 0 | L29: 0 | M29: 115 | N29: 0 | O29: =SUM(C29:L29,N29) -> 51 | P29: =SUM(C29:N29) -> 166
B30: 12.00 - 12.15 | C30: 17 | D30: 21 | E30: 5 | F30: 22 | G30: 0 | H30: 0 | I30: 3 | J30: 2 | K30: 1 | L30: 0 | M30: 137 | N30: 0 | O30: =SUM(C30:L30,N30) -> 71 | P30: =SUM(C30:N30) -> 208
B31: 12.15 - 12.30 | C31: 11 | D31: 10 | E31: 4 | F31: 24 | G31: 1 | H31: 0 | I31: 5 | J31: 0 | K31: 0 | L31: 0 | M31: 85 | N31: 0 | O31: =SUM(C31:L31,N31) -> 55 | P31: =SUM(C31:N31) -> 140
B32: 12.30 - 12.45 | C32: 10 | D32: 7 | E32: 1 | F32: 35 | G32: 0 | H32: 0 | I32: 2 | J32: 1 | K32: 2 | L32: 0 | M32: 95 | N32: 1 | O32: =SUM(C32:L32,N32) -> 59 | P32: =SUM(C32:N32) -> 154
B33: 12.45 - 13.00 | C33: 8 | D33: 9 | E33: 5 | F33: 27 | G33: 0 | H33: 0 | I33: 2 | J33: 0 | K33: 0 | L33: 0 | M33: 51 | N33: 0 | O33: =SUM(C33:L33,N33) -> 51 | P33: =SUM(C33:N33) -> 102
B34: 13.00 - 13.15 | C34: 13 | D34: 10 | E34: 4 | F34: 28 | G34: 0 | H34: 0 | I34: 3 | J34: 1 | K34: 0 | L34: 0 | M34: 104 | N34: 0 | O34: =SUM(C34:L34,N34) -> 59 | P34: =SUM(C34:N34) -> 163
B35: 13.15 - 13.30 | C35: 7 | D35: 4 | E35: 8 | F35: 16 | G35: 0 | H35: 0 | I35: 3 | J35: 0 | K35: 0 | L35: 1 | M35: 84 | N35: 0 | O35: =SUM(C35:L35,N35) -> 39 | P35: =SUM(C35:N35) -> 123
B36: 13.30 - 13.45 | C36: 10 | D36: 4 | E36: 4 | F36: 29 | G36: 1 | H36: 0 | I36: 2 | J36: 1 | K36: 1 | L36: 0 | M36: 80 | N36: 0 | O36: =SUM(C36:L36,N36) -> 52 | P36: =SUM(C36:N36) -> 132
B37: 13.45 - 14.00 | C37: 11 | D37: 7 | E37: 2 | F37: 17 | G37: 0 | H37: 0 | I37: 2 | J37: 0 | K37: 1 | L37: 0 | M37: 104 | N37: 0 | O37: 2 | P37: 22 | S37: 8
B38: 14.00 - 14.15 | C38: 21 | D38: 11 | E38: 2 | F38: 22 | G38: 0 | H38: 0 | I38: 8 | J38: 0 | K38: 0 | L38: 0 | M38: 135 | N38: 0 | O38: =SUM(C38:L38,N38) -> 64 | P38: =SUM(C38:N38) -> 199
B39: 14.15 - 14.30 | C39: 11 | D39: 17 | E39: 4 | F39: 23 | G39: 0 | H39: 0 | I39: 4 | J39: 0 | K39: 1 | L39: 0 | M39: 100 | N39: 0 | O39: =SUM(C39:L39,N39) -> 60 | P39: =SUM(C39:N39) -> 160
B40: 14.30 - 14.45 | C40: 16 | D40: 12 | E40: 5 | F40: 21 | G40: 0 | H40: 0 | I40: 3 | J40: 1 | K40: 0 | L40: 0 | M40: 120 | N40: 0 | O40: =SUM(C40:L40,N40) -> 58 | P40: =SUM(C40:N40) -> 178
B41: 14.45 - 15.00 | C41: 10 | D41: 6 | E41: 1 | F41: 18 | G41: 0 | H41: 0 | I41: 1 | J41: 1 | K41: 2 | L41: 0 | M41: 97 | N41: 0 | O41: =SUM(C41:L41,N41) -> 39 | P41: =SUM(C41:N41) -> 136
B42: 15.00 - 15.15 | C42: 30 | D42: 14 | E42: 5 | F42: 24 | G42: 0 | H42: 0 | I42: 10 | J42: 2 | K42: 0 | L42: 0 | M42: 125 | N42: 0 | O42: =SUM(C42:L42,N42) -> 85 | P42: =SUM(C42:N42) -> 210
B43: 15.15 - 15.30 | C43: 14 | D43: 8 | E43: 4 | F43: 24 | G43: 0 | H43: 0 | I43: 4 | J43: 2 | K43: 0 | L43: 0 | M43: 114 | N43: 0 | O43: =SUM(C43:L43,N43) -> 56 | P43: =SUM(C43:N43) -> 170
B44: 15.30 - 15.45 | C44: 28 | D44: 17 | E44: 3 | F44: 30 | G44: 0 | H44: 0 | I44: 6 | J44: 3 | K44: 0 | L44: 0 | M44: 126 | N44: 0 | O44: =SUM(C44:L44,N44) -> 87 | P44: =SUM(C44:N44) -> 213
B45: 15.45 - 16.00 | C45: 13 | D45: 4 | E45: 3 | F45: 19 | G45: 0 | H45: 0 | I45: 5 | J45: 1 | K45: 0 | L45: 0 | M45: 115 | N45: 0 | O45: =SUM(C45:L45,N45) -> 45 | P45: =SUM(C45:N45) -> 160
B46: 16.00 - 16.15 | C46: 24 | D46: 5 | E46: 2 | F46: 17 | G46: 0 | H46: 0 | I46: 9 | J46: 0 | K46: 0 | L46: 0 | M46: 150 | N46: 0 | O46: =SUM(C46:L46,N46) -> 57 | P46: =SUM(C46:N46) -> 207
B47: 16.15 -16.30 | C47: 26 | D47: 14 | E47: 5 | F47: 23 | G47: 0 | H47: 0 | I47: 5 | J47: 2 | K47: 1 | L47: 0 | M47: 105 | N47: 0 | O47: =SUM(C47:L47,N47) -> 76 | P47: =SUM(C47:N47) -> 181
B48: 16.30 -16.45 | C48: 23 | D48: 20 | E48: 4 | F48: 29 | G48: 0 | H48: 1 | I48: 2 | J48: 0 | K48: 0 | L48: 0 | M48: 120 | N48: 0 | O48: =SUM(C48:L48,N48) -> 79 | P48: =SUM(C48:N48) -> 199
B49: 16.45 -17.00 | C49: 30 | D49: 20 | E49: 7 | F49: 24 | G49: 1 | H49: 0 | I49: 4 | J49: 0 | K49: 0 | L49: 0 | M49: 102 | N49: 0 | O49: =SUM(C49:L49,N49) -> 86 | P49: =SUM(C49:N49) -> 188
... B57: 18.45 - 19.00 | C57: 35 | D57: 9 | E57: 1 | F57: 30 | G57: 0 | H57: 0 | I57: 2 | J57: 0 | K57: 0 | L57: 0 | M57: 120 | N57: 0 | O57: =SUM(C57:L57,N57) -> 77 | P57: =SUM(C57:N57) -> 197
B58: Totals | C58: =SUM(C10:C57) -> 795 | D58: =SUM(D10:D57) -> 467 | E58: =SUM(E10:E57) -> 140 | F58: =SUM(F10:F57) -> 1806 | G58: =SUM(G10:G57) -> 18 | H58: =SUM(H10:H57) -> 7 | I58: =SUM(I10:I57) -> 166 | J58: =SUM(J10:J57) -> 37 | ... P58: =SUM(P10:P57) -> 9221
B59: %ges + MCs | C59: =C58/$P$58 -> 0.086216246 | D59: =D58/$P$58 -> 0.050645266 | E59: =E58/$P$58 -> 0.015182735 | F59: =F58/$P$58 -> 0.19585728 | G59: =G58/$P$58 -> 0.0019520659 | H59: =H58/$P$58 -> 0.00075913675 | I59: =I58/$P$58 -> 0.018002386 | J59: =J58/$P$58 -> 0.00401258 | ... N59: =N58/$P$58 -> 0.00010844811
B60: %ges w/o MCs | C60: =C58/$O$58 -> 0.23225241 | D60: =D58/$O$58 -> 0.13643003 | E60: =E58/$O$58 -> 0.040899796 | F60: =F58/$O$58 -> 0.52760736 | G60: =G58/$O$58 -> 0.0052585451 | H60: =H58/$O$58 -> 0.0020449898 | I60: =I58/$O$58 -> 0.048495472 | J60: =J58/$O$58 -> 0.010809232 | ... L60: =L58/$O$58 -> 0.0002921414 | N60: =N58/$O$58 -> 0.0002921414

Sheet 24.07 Munyonyo-Kibuye
B1: Consultancy services for Preparation of Expressway Development Master Plan (EDMP) for Uganda
B2: MANUAL CLASSIFIED COUNT (MCC)
B3: ROAD NAME: | C3: ='22.07 Munyonyo-Kibuye'!C3:G3 -> MCC - C1 - STN01A - SALAMA ROAD
C5: Date | D5: ='24.07 Kibuye-Munyonyo'!D5 -> 24.07.19 | F5: Location | G5: ='22.07 Kibuye-Munyonyo'!G5:H5 -> Salama road 1A | J5: Surveyor | K5: Gerald
C6: Dir. From | D6: ='22.07 Munyonyo-Kibuye'!D6:E6 -> Munyonyo | F6: Dir. To | G6: ='22.07 Munyonyo-Kibuye'!G6:H6 -> Kibuye | J6: Supervisor | K6: ='22.07 Kibuye-Munyonyo'!K6:L6 -> Emma
B8: Time / Veh Type | R8: SUMMARY TRAFFIC VOLUMES
C9: 1. Car | D9: 2. Station Wagon | E9: 3. Pickups | F9: 4. Minibus, matatu | G9: 5. Medium bus | H9: 6. Large Bus | I9: 7. Light Truck | J9: 8. Medium Truck | K9: 9. Heavy truck | L9: 10. Truck Trailer | M9: 11. Motor cycles | N9: 12. Tractors | O9: Total Excl M/Cycles | P9: Total All | R9: Time | S9: 1. Car | T9: 2. Station Wagon | U9: 3. Pickups | V9: 4. Minibus, matatu | W9: 5. Medium bus | X9: 6. Large Bus | Y9: 7. Light Truck | Z9: 8. Medium Truck | AA9: 9. Heavy truck | AB9: 10. Truck Trailer | AC9: 11. Motorcycles | AD9: 12. Tractors, Graders | AE9: Total Excl M/ Cycles | AF9: Total All
B10: 07.00 - 07.15 | C10: 38 | D10: 11 | E10: 7 | F10: 64 | G10: 1 | H10: 0 | I10: 7 | J10: 0 | K10: 1 | L10: 0 | M10: 213 | N10: 0 | O10: =SUM(C10:L10,N10) -> 129 | P10: =SUM(C10:N10) -> 342 | R10: 0700-0800 | S10: =SUM(C10:C13) -> 138 | T10: =SUM(D10:D13) -> 68 | U10: =SUM(E10:E13) -> 15 | V10: =SUM(F10:F13) -> 253 | W10: =SUM(G10:G13) -> 2 | X10: =SUM(H10:H13) -> 0 | Y10: =SUM(I10:I13) -> 21 | Z10: =SUM(J10:J13) -> 1 | ... AF10: =SUM(P10:P13) -> 1466
B11: 07.15 - 07.30 | C11: 32 | D11: 21 | E11: 6 | F11: 70 | G11: 1 | H11: 0 | I11: 5 | J11: 1 | K11: 0 | L11: 0 | M11: 266 | N11: 0 | O11: =SUM(C11:L11,N11) -> 136 | P11: =SUM(C11:N11) -> 402 | R11: 0800-0900 | S11: =SUM(C14:C17) -> 117 | T11: =SUM(D14:D17) -> 52 | U11: =SUM(E14:E17) -> 15 | V11: =SUM(F14:F17) -> 238 | W11: =SUM(G14:G17) -> 2 | X11: =SUM(H14:H17) -> 0 | Y11: =SUM(I14:I17) -> 15 | Z11: =SUM(J14:J17) -> 6 | ... AF11: =SUM(P14:P17) -> 1483
B12: 07.30 - 07.45 | C12: 21 | D12: 13 | E12: 1 | F12: 54 | G12: 0 | H12: 0 | I12: 5 | J12: 0 | K12: 0 | L12: 0 | M12: 246 | N12: 0 | O12: =SUM(C12:L12,N12) -> 94 | P12: =SUM(C12:N12) -> 340 | R12: 0900-1000 | S12: =SUM(C18:C21) -> 78 | T12: =SUM(D18:D21) -> 58 | U12: =SUM(E18:E21) -> 6 | V12: =SUM(F18:F21) -> 180 | W12: =SUM(G18:G21) -> 1 | X12: =SUM(H18:H21) -> 1 | Y12: =SUM(I18:I21) -> 9 | Z12: =SUM(J18:J21) -> 0 | ... AF12: =SUM(P18:P21) -> 1083
B13: 07.45 - 08.00 | C13: 47 | D13: 23 | E13: 1 | F13: 65 | G13: 0 | H13: 0 | I13: 4 | J13: 0 | K13: 0 | L13: 0 | M13: 242 | O13: =SUM(C13:L13,N13) -> 140 | P13: =SUM(C13:N13) -> 382 | R13: 1000-1100 | S13: =SUM(C22:C25) -> 83 | T13: =SUM(D22:D25) -> 42 | U13: =SUM(E22:E25) -> 21 | V13: =SUM(F22:F25) -> 149 | W13: =SUM(G22:G25) -> 1 | X13: =SUM(H22:H25) -> 0 | Y13: =SUM(I22:I25) -> 17 | Z13: =SUM(J22:J25) -> 4 | ... AF13: =SUM(P22:P25) -> 959
B14: 08.00 - 08.15 | C14: 32 | D14: 17 | E14: 4 | F14: 67 | G14: 2 | H14: 0 | I14: 6 | J14: 4 | K14: 0 | L14: 0 | M14: 254 | N14: 0 | O14: =SUM(C14:L14,N14) -> 132 | P14: =SUM(C14:N14) -> 386 | R14: 1100-1200 | S14: =SUM(C26:C29) -> 84 | T14: =SUM(D26:D29) -> 52 | U14: =SUM(E26:E29) -> 14 | V14: =SUM(F26:F29) -> 128 | W14: =SUM(G26:G29) -> 1 | X14: =SUM(H26:H29) -> 0 | Y14: =SUM(I26:I29) -> 7 | Z14: =SUM(J26:J29) -> 4 | ... AF14: =SUM(P26:P29) -> 923
B15: 08.15 - 08.30 | C15: 25 | D15: 12 | E15: 5 | F15: 59 | G15: 0 | H15: 0 | I15: 5 | J15: 1 | K15: 0 | L15: 0 | M15: 223 | N15: 0 | O15: =SUM(C15:L15,N15) -> 107 | P15: =SUM(C15:N15) -> 330 | R15: 1200-1300 | S15: =SUM(C30:C33) -> 65 | T15: =SUM(D30:D33) -> 37 | U15: =SUM(E30:E33) -> 21 | V15: =SUM(F30:F33) -> 106 | W15: =SUM(G30:G33) -> 2 | X15: =SUM(H30:H33) -> 0 | Y15: =SUM(I30:I33) -> 17 | Z15: =SUM(J30:J33) -> 2 | ... AF15: =SUM(P30:P33) -> 752
B16: 08.30 - 08.45 | C16: 30 | D16: 8 | E16: 3 | F16: 54 | G16: 0 | H16: 0 | I16: 2 | J16: 1 | K16: 1 | L16: 0 | M16: 280 | N16: 0 | O16: =SUM(C16:L16,N16) -> 99 | P16: =SUM(C16:N16) -> 379 | R16: 1300-1400 | S16: =SUM(C34:C37) -> 87 | T16: =SUM(D34:D37) -> 49 | U16: =SUM(E34:E37) -> 24 | V16: =SUM(F34:F37) -> 98 | W16: =SUM(G34:G37) -> 0 | X16: =SUM(H34:H37) -> 0 | Y16: =SUM(I34:I37) -> 18 | Z16: =SUM(J34:J37) -> 1 | ... AF16: =SUM(P34:P37) -> 585
B17: 08.45 - 9.00 | C17: 30 | D17: 15 | E17: 3 | F17: 58 | G17: 0 | H17: 0 | I17: 2 | J17: 0 | K17: 0 | L17: 0 | M17: 280 | N17: 0 | O17: =SUM(C17:L17,N17) -> 108 | P17: =SUM(C17:N17) -> 388 | R17: 1400-1500 | S17: =SUM(C38:C41) -> 79 | T17: =SUM(D38:D41) -> 28 | U17: =SUM(E38:E41) -> 15 | V17: =SUM(F38:F41) -> 75 | W17: =SUM(G38:G41) -> 0 | X17: =SUM(H38:H41) -> 0 | Y17: =SUM(I38:I41) -> 17 | Z17: =SUM(J38:J41) -> 0 | ... AF17: =SUM(P38:P41) -> 699
B18: 09.00 - 09.15 | C18: 17 | D18: 12 | E18: 0 | F18: 44 | G18: 0 | H18: 0 | I18: 1 | J18: 0 | K18: 1 | L18: 0 | M18: 183 | N18: 0 | O18: =SUM(C18:L18,N18) -> 75 | P18: =SUM(C18:N18) -> 258 | R18: 1500-1600 | S18: =SUM(C42:C45) -> 73 | T18: =SUM(D42:D45) -> 51 | U18: =SUM(E42:E45) -> 17 | V18: =SUM(F42:F45) -> 80 | W18: =SUM(G42:G45) -> 1 | X18: =SUM(H42:H45) -> 0 | Y18: =SUM(I42:I45) -> 25 | Z18: =SUM(J42:J45) -> 3 | ... AF18: =SUM(P42:P45) -> 835
B19: 09.15 - 09.30 | C19: 17 | D19: 15 | E19: 3 | F19: 47 | G19: 0 | H19: 0 | I19: 3 | J19: 0 | K19: 0 | L19: 0 | M19: 220 | N19: 0 | O19: =SUM(C19:L19,N19) -> 85 | P19: =SUM(C19:N19) -> 305 | R19: 1600-1700 | S19: =SUM(C46:C49) -> 75 | T19: =SUM(D46:D49) -> 61 | U19: =SUM(E46:E49) -> 26 | V19: =SUM(F46:F49) -> 96 | W19: =SUM(G46:G49) -> 3 | X19: =SUM(H46:H49) -> 0 | Y19: =SUM(I46:I49) -> 18 | Z19: =SUM(J46:J49) -> 0 | ... AF19: =SUM(P46:P49) -> 904
B20: 09.30 - 09.45 | C20: 24 | D20: 16 | E20: 1 | F20: 49 | G20: 1 | H20: 1 | I20: 4 | J20: 0 | K20: 0 | L20: 0 | M20: 172 | N20: 0 | O20: =SUM(C20:L20,N20) -> 96 | P20: =SUM(C20:N20) -> 268 | R20: 1700-1800 | S20: =SUM(C50:C53) -> 88 | T20: =SUM(D50:D53) -> 49 | U20: =SUM(E50:E53) -> 15 | V20: =SUM(F50:F53) -> 87 | W20: =SUM(G50:G53) -> 1 | X20: =SUM(H50:H53) -> 0 | Y20: =SUM(I50:I53) -> 20 | Z20: =SUM(J50:J53) -> 2 | ... AF20: =SUM(P50:P53) -> 1011
B21: 09.45 - 10.00 | C21: 20 | D21: 15 | E21: 2 | F21: 40 | G21: 0 | H21: 0 | I21: 1 | J21: 0 | K21: 0 | L21: 0 | M21: 174 | N21: 0 | O21: =SUM(C21:L21,N21) -> 78 | P21: =SUM(C21:N21) -> 252 | R21: 1800-1900 | S21: =SUM(C54:C57) -> 69 | T21: =SUM(D54:D57) -> 35 | U21: =SUM(E54:E57) -> 16 | V21: =SUM(F54:F57) -> 116 | W21: =SUM(G54:G57) -> 3 | X21: =SUM(H54:H57) -> 2 | Y21: =SUM(I54:I57) -> 11 | Z21: =SUM(J54:J57) -> 0 | ... AF21: =SUM(P54:P57) -> 1047
B22: 10.00 - 10.15 | C22: 33 | D22: 8 | E22: 4 | F22: 42 | G22: 0 | H22: 0 | I22: 5 | J22: 1 | K22: 1 | L22: 0 | M22: 224 | N22: 0 | O22: =SUM(C22:L22,N22) -> 94 | P22: =SUM(C22:N22) -> 318 | R22: AM Peak Hr | S22: =MAX(S10:S12) -> 138 | T22: =MAX(T10:T12) -> 68 | U22: =MAX(U10:U12) -> 15 | V22: =MAX(V10:V12) -> 253 | W22: =MAX(W10:W12) -> 2 | X22: =MAX(X10:X12) -> 1 | Y22: =MAX(Y10:Y12) -> 21 | Z22: =MAX(Z10:Z12) -> 6 | ... AF22: =MAX(AF10:AF12) -> 1483
B23: 10.15 - 10.30 | C23: 15 | D23: 15 | E23: 10 | F23: 34 | G23: 1 | H23: 0 | I23: 3 | J23: 1 | K23: 0 | L23: 0 | M23: 205 | N23: 0 | O23: =SUM(C23:L23,N23) -> 79 | P23: =SUM(C23:N23) -> 284 | R23: IP Peak Hr | S23: =MAX(S13:S18) -> 87 | T23: =MAX(T13:T18) -> 52 | U23: =MAX(U13:U18) -> 24 | V23: =MAX(V13:V18) -> 149 | W23: =MAX(W13:W18) -> 2 | X23: =MAX(X13:X18) -> 0 | Y23: =MAX(Y13:Y18) -> 25 | Z23: =MAX(Z13:Z18) -> 4 | ... AF23: =MAX(AF13:AF18) -> 959
B24: 10.30 - 10.45 | C24: 25 | D24: 15 | E24: 7 | F24: 45 | G24: 0 | H24: 0 | I24: 7 | J24: 2 | K24: 1 | L24: 0 | M24: 224 | N24: 0 | O24: =SUM(C24:L24,N24) -> 102 | P24: =SUM(C24:N24) -> 326 | R24: PM Peak Hr | S24: =MAX(S19:S21) -> 88 | T24: =MAX(T19:T21) -> 61 | U24: =MAX(U19:U21) -> 26 | V24: =MAX(V19:V21) -> 116 | W24: =MAX(W19:W21) -> 3 | X24: =MAX(X19:X21) -> 2 | Y24: =MAX(Y19:Y21) -> 20 | Z24: =MAX(Z19:Z21) -> 2 | ... AF24: =MAX(AF19:AF21) -> 1047
B25: 10.45 - 11.00 | C25: 10 | D25: 4 | E25: 0 | F25: 28 | G25: 0 | H25: 0 | I25: 2 | J25: 0 | K25: 0 | L25: 0 | M25: 99 | N25: 13 | O25: 1 | P25: 31 | R25: AM Period | S25: 1 | T25: 2 | U25: =SUM(U10:U12) -> 36 | V25: =SUM(V10:V12) -> 671 | W25: =L32 -> 0 | X25: =SUM(X10:X12) -> 1 | Y25: =SUM(Y10:Y12) -> 45 | Z25: =SUM(Z10:Z12) -> 7 | AA25: =SUM(AA10:AA12) -> 3 | AB25: =SUM(AB10:AB12) -> 0 | AC25: =SUM(AC10:AC12) -> 2753 | AD25: =SUM(AD10:AD12) -> 0 | AE25: =SUM(AE10:AE12) -> 1279 | AF25: =SUM(AF10:AF12) -> 4032
B26: 11.00 - 11.15 | C26: 24 | D26: 13 | E26: 1 | F26: 31 | G26: 0 | H26: 0 | I26: 1 | J26: 2 | K26: 0 | L26: 0 | M26: 179 | N26: 0 | O26: =SUM(C26:L26,N26) -> 72 | P26: =SUM(C26:N26) -> 251 | R26: IP Period | S26: =SUM(S13:S18) -> 471 | T26: =SUM(T13:T18) -> 259 | U26: =SUM(U13:U18) -> 112 | V26: =SUM(V13:V18) -> 636 | W26: =SUM(W13:W18) -> 5 | X26: =SUM(X13:X18) -> 0 | Y26: =SUM(Y13:Y18) -> 101 | Z26: =SUM(Z13:Z18) -> 14 | ... AF26: =SUM(AF13:AF18) -> 4753
B27: 11.15 - 11.30 | C27: 22 | D27: 12 | E27: 4 | F27: 32 | G27: 0 | H27: 0 | I27: 1 | J27: 0 | K27: 0 | L27: 0 | M27: 175 | N27: 0 | O27: =SUM(C27:L27,N27) -> 71 | P27: =SUM(C27:N27) -> 246 | R27: PM Period | S27: =SUM(S19:S21) -> 232 | T27: =SUM(T19:T21) -> 145 | U27: =SUM(U19:U21) -> 57 | V27: =SUM(V19:V21) -> 299 | W27: =SUM(W19:W21) -> 7 | X27: =SUM(X19:X21) -> 2 | Y27: =SUM(Y19:Y21) -> 49 | Z27: =SUM(Z19:Z21) -> 2 | ... AF27: =SUM(AF19:AF21) -> 2962
B28: 11.30 - 11.45 | C28: 22 | D28: 17 | E28: 5 | F28: 36 | G28: 1 | H28: 0 | I28: 1 | J28: 2 | K28: 0 | L28: 0 | M28: 160 | N28: 0 | O28: =SUM(C28:L28,N28) -> 84 | P28: =SUM(C28:N28) -> 244 | R28: 12 Hours | S28: =SUM(S10:S21) -> 1036 | T28: =SUM(T10:T21) -> 582 | U28: =SUM(U10:U21) -> 205 | V28: =SUM(V10:V21) -> 1606 | W28: =SUM(W10:W21) -> 17 | X28: =SUM(X10:X21) -> 3 | Y28: =SUM(Y10:Y21) -> 195 | Z28: =SUM(Z10:Z21) -> 23 | ... AF28: =SUM(AF10:AF21) -> 11747
B29: 11.45 - 12.00 | C29: 16 | D29: 10 | E29: 4 | F29: 29 | G29: 0 | H29: 0 | I29: 4 | J29: 0 | K29: 0 | L29: 0 | M29: 119 | N29: 0 | O29: =SUM(C29:L29,N29) -> 63 | P29: =SUM(C29:N29) -> 182
B30: 12.00 - 12.15 | C30: 21 | D30: 12 | E30: 4 | F30: 32 | G30: 1 | H30: 0 | I30: 5 | J30: 1 | K30: 0 | L30: 0 | M30: 143 | N30: 0 | O30: =SUM(C30:L30,N30) -> 76 | P30: =SUM(C30:N30) -> 219
B31: 12.15 - 12.30 | C31: 19 | D31: 9 | E31: 6 | F31: 26 | G31: 0 | H31: 0 | I31: 5 | J31: 1 | K31: 0 | L31: 0 | M31: 145 | N31: 0 | O31: =SUM(C31:L31,N31) -> 66 | P31: =SUM(C31:N31) -> 211
B32: 12.30 - 12.45 | C32: 13 | D32: 8 | E32: 5 | F32: 28 | G32: 0 | H32: 0 | I32: 3 | J32: 0 | K32: 0 | L32: 0 | M32: 98 | N32: 0 | O32: =SUM(C32:L32,N32) -> 57 | P32: =SUM(C32:N32) -> 155
B33: 12.45 - 13.00 | C33: 12 | D33: 8 | E33: 6 | F33: 20 | G33: 1 | H33: 0 | I33: 4 | J33: 0 | K33: 0 | L33: 0 | M33: 116 | N33: 0 | O33: =SUM(C33:L33,N33) -> 51 | P33: =SUM(C33:N33) -> 167
B34: 13.00 - 13.15 | C34: 19 | D34: 14 | E34: 3 | F34: 21 | G34: 0 | H34: 0 | I34: 6 | J34: 0 | K34: 1 | L34: 0 | M34: 119 | N34: 0 | O34: =SUM(C34:L34,N34) -> 64 | P34: =SUM(C34:N34) -> 183
B35: 13.15 - 13.30 | C35: 20 | D35: 13 | E35: 4 | F35: 22 | G35: 0 | H35: 0 | I35: 3 | J35: 0 | K35: 0 | L35: 0 | M35: 105 | N35: 0 | O35: =SUM(C35:L35,N35) -> 62 | P35: =SUM(C35:N35) -> 167
B36: 13.30 - 13.45 | C36: 26 | D36: 12 | E36: 8 | F36: 27 | G36: 0 | H36: 0 | I36: 5 | J36: 0 | K36: 0 | L36: 0 | M36: 139 | N36: 0 | O36: =SUM(C36:L36,N36) -> 78 | P36: =SUM(C36:N36) -> 217
B37: 13.45 - 14.00 | C37: 22 | D37: 10 | E37: 9 | F37: 28 | G37: 0 | H37: 0 | I37: 4 | J37: 1 | K37: 1 | L37: 0 | M37: 135 | N37: 7 | O37: 6 | P37: 18
B38: 14.00 - 14.15 | C38: 21 | D38: 7 | E38: 6 | F38: 18 | G38: 0 | H38: 0 | I38: 4 | J38: 0 | K38: 0 | L38: 0 | M38: 133 | N38: 0 | O38: =SUM(C38:L38,N38) -> 56 | P38: =SUM(C38:N38) -> 189
B39: 14.15 - 14.30 | C39: 16 | D39: 7 | E39: 2 | F39: 19 | G39: 0 | H39: 0 | I39: 3 | J39: 0 | K39: 0 | L39: 0 | M39: 116 | N39: 0 | O39: =SUM(C39:L39,N39) -> 47 | P39: =SUM(C39:N39) -> 163
B40: 14.30 - 14.45 | C40: 10 | D40: 5 | E40: 4 | F40: 18 | G40: 0 | H40: 0 | I40: 5 | J40: 0 | K40: 0 | L40: 0 | M40: 97 | N40: 0 | O40: =SUM(C40:L40,N40) -> 42 | P40: =SUM(C40:N40) -> 139
B41: 14.45 - 15.00 | C41: 32 | D41: 9 | E41: 3 | F41: 20 | G41: 0 | H41: 0 | I41: 5 | J41: 0 | K41: 0 | L41: 0 | M41: 139 | N41: 0 | O41: =SUM(C41:L41,N41) -> 69 | P41: =SUM(C41:N41) -> 208
B42: 15.00 - 15.15 | C42: 20 | D42: 16 | E42: 4 | F42: 21 | G42: 0 | H42: 0 | I42: 2 | J42: 1 | K42: 0 | L42: 0 | M42: 170 | N42: 0 | O42: =SUM(C42:L42,N42) -> 64 | P42: =SUM(C42:N42) -> 234
B43: 15.15 - 15.30 | C43: 17 | D43: 9 | E43: 4 | F43: 19 | G43: 0 | H43: 0 | I43: 8 | J43: 2 | K43: 0 | L43: 0 | M43: 126 | N43: 0 | O43: =SUM(C43:L43,N43) -> 59 | P43: =SUM(C43:N43) -> 185
B44: 15.30 - 15.45 | C44: 16 | D44: 15 | E44: 3 | F44: 21 | G44: 1 | H44: 0 | I44: 10 | J44: 0 | K44: 0 | L44: 0 | M44: 128 | N44: 0 | O44: =SUM(C44:L44,N44) -> 66 | P44: =SUM(C44:N44) -> 194
B45: 15.45 - 16.00 | C45: 20 | D45: 11 | E45: 6 | F45: 19 | G45: 0 | H45: 0 | I45: 5 | J45: 0 | K45: 1 | L45: 1 | M45: 159 | N45: 0 | O45: =SUM(C45:L45,N45) -> 63 | P45: =SUM(C45:N45) -> 222
B46: 16.00 - 16.15 | C46: 23 | D46: 16 | E46: 10 | F46: 24 | G46: 0 | H46: 0 | I46: 4 | J46: 0 | K46: 0 | L46: 0 | M46: 144 | N46: 0 | O46: =SUM(C46:L46,N46) -> 77 | P46: =SUM(C46:N46) -> 221
B47: 16.15 -16.30 | C47: 12 | D47: 16 | E47: 10 | F47: 23 | G47: 2 | H47: 0 | I47: 4 | J47: 0 | K47: 0 | L47: 0 | M47: 162 | N47: 0 | O47: =SUM(C47:L47,N47) -> 67 | P47: =SUM(C47:N47) -> 229
B48: 16.30 -16.45 | C48: 24 | D48: 9 | E48: 3 | F48: 27 | G48: 0 | H48: 0 | I48: 5 | J48: 0 | K48: 0 | L48: 0 | M48: 167 | N48: 0 | O48: =SUM(C48:L48,N48) -> 68 | P48: =SUM(C48:N48) -> 235
B49: 16.45 -17.00 | C49: 16 | D49: 20 | E49: 3 | F49: 22 | G49: 1 | H49: 0 | I49: 5 | J49: 0 | K49: 0 | L49: 0 | M49: 152 | N49: 0 | O49: =SUM(C49:L49,N49) -> 67 | P49: =SUM(C49:N49) -> 219
... B57: 18.45 - 19.00 | C57: 15 | D57: 10 | E57: 5 | F57: 40 | G57: 1 | H57: 1 | I57: 2 | J57: 0 | K57: 0 | L57: 0 | M57: 210 | N57: 0 | O57: =SUM(C57:L57,N57) -> 74 | P57: =SUM(C57:N57) -> 284
B58: Totals | C58: =SUM(C10:C57) -> 1036 | D58: =SUM(D10:D57) -> 582 | E58: =SUM(E10:E57) -> 205 | F58: =SUM(F10:F57) -> 1606 | G58: =SUM(G10:G57) -> 17 | H58: =SUM(H10:H57) -> 3 | I58: =SUM(I10:I57) -> 195 | J58: =SUM(J10:J57) -> 23 | ... P58: =SUM(P10:P57) -> 11747
B59: %ges + MCs | C59: =C58/$P$58 -> 0.08819273 | D59: =D58/$P$58 -> 0.049544565 | E59: =E58/$P$58 -> 0.017451264 | F59: =F58/$P$58 -> 0.13671576 | G59: =G58/$P$58 -> 0.001447178 | H59: =H58/$P$58 -> 0.00025538435 | I59: =I58/$P$58 -> 0.016599983 | J59: =J58/$P$58 -> 0.0019579467 | ... N59: =N58/$P$58 -> 0.0017025624
B60: %ges w/o MCs | C60: =C58/$O$58 -> 0.29060309 | D60: =D58/$O$58 -> 0.16325386 | E60: =E58/$O$58 -> 0.057503506 | F60: =F58/$O$58 -> 0.45049088 | G60: =G58/$O$58 -> 0.0047685835 | H60: =H58/$O$58 -> 0.00084151473 | I60: =I58/$O$58 -> 0.054698457 | J60: =J58/$O$58 -> 0.0064516129 | ... L60: =L58/$O$58 -> 0.00028050491 | N60: =N58/$O$58 -> 0.0056100982

Sheet 25.07 Kibuye-Munyonyo
B1: Consultancy services for Preparation of Expressway Development Master Plan (EDMP) for Uganda
B2: MANUAL CLASSIFIED COUNT (MCC)
B3: ROAD NAME: | C3: ='22.07 Kibuye-Munyonyo'!C3:G3 -> MCC - C1 - STN01A - SALAMA ROAD
C5: Date | D5: 25.07.19 | F5: Location | G5: ='24.07 Munyonyo-Kibuye'!G5:H5 -> Salama road 1A | J5: Surveyor | K5: Racheal
C6: Dir. From | D6: ='22.07 Kibuye-Munyonyo'!D6:E6 -> Kibuye | F6: Dir. To | G6: ='22.07 Kibuye-Munyonyo'!G6:H6 -> Munyonyo | J6: Supervisor | K6: ='24.07 Munyonyo-Kibuye'!K6:L6 -> Emma
B8: Time / Veh Type | R8: SUMMARY TRAFFIC VOLUMES
C9: 1. Car | D9: 2. Station Wagon | E9: 3. Pickups | F9: 4. Minibus, matatu | G9: 5. Medium bus | H9: 6. Large Bus | I9: 7. Light Truck | J9: 8. Medium Truck | K9: 9. Heavy truck | L9: 10. Truck Trailer | M9: 11. Motor cycles | N9: 12. Tractors | O9: Total Excl M/Cycles | P9: Total All | R9: Time | S9: 1. Car | T9: 2. Station Wagon | U9: 3. Pickups | V9: 4. Minibus, matatu | W9: 5. Medium bus | X9: 6. Large Bus | Y9: 7. Light Truck | Z9: 8. Medium Truck | AA9: 9. Heavy truck | AB9: 10. Truck Trailer | AC9: 11. Motorcycles | AD9: 12. Tractors, Graders | AE9: Total Excl M/ Cycles | AF9: Total All
B10: 07.00 - 07.15 | C10: 16 | D10: 6 | E10: 3 | F10: 77 | G10: 0 | H10: 0 | I10: 3 | J10: 0 | K10: 0 | L10: 0 | M10: 95 | N10: 0 | O10: =SUM(C10:L10,N10) -> 105 | P10: =SUM(C10:N10) -> 200 | R10: 0700-0800 | S10: =SUM(C10:C13) -> 56 | T10: =SUM(D10:D13) -> 14 | U10: =SUM(E10:E13) -> 5 | V10: =SUM(F10:F13) -> 272 | W10: =SUM(G10:G13) -> 2 | X10: =SUM(H10:H13) -> 1 | Y10: =SUM(I10:I13) -> 20 | Z10: =SUM(J10:J13) -> 1 | ... AF10: =SUM(P10:P13) -> 951
B11: 07.15 - 07.30 | C11: 9 | D11: 4 | E11: 0 | F11: 54 | G11: 1 | H11: 1 | I11: 12 | J11: 1 | K11: 0 | L11: 0 | M11: 150 | N11: 0 | O11: =SUM(C11:L11,N11) -> 82 | P11: =SUM(C11:N11) -> 232 | R11: 0800-0900 | S11: =SUM(C14:C17) -> 47 | T11: =SUM(D14:D17) -> 19 | U11: =SUM(E14:E17) -> 8 | V11: =SUM(F14:F17) -> 259 | W11: =SUM(G14:G17) -> 1 | X11: =SUM(H14:H17) -> 0 | Y11: =SUM(I14:I17) -> 7 | Z11: =SUM(J14:J17) -> 2 | ... AF11: =SUM(P14:P17) -> 1158
B12: 07.30 - 07.45 | C12: 19 | D12: 1 | E12: 1 | F12: 75 | G12: 1 | H12: 0 | I12: 3 | J12: 0 | K12: 0 | L12: 0 | M12: 185 | N12: 0 | O12: =SUM(C12:L12,N12) -> 100 | P12: =SUM(C12:N12) -> 285 | R12: 0900-1000 | S12: =SUM(C18:C21) -> 42 | T12: =SUM(D18:D21) -> 22 | U12: =SUM(E18:E21) -> 5 | V12: =SUM(F18:F21) -> 197 | W12: =SUM(G18:G21) -> 0 | X12: =SUM(H18:H21) -> 0 | Y12: =SUM(I18:I21) -> 10 | Z12: =SUM(J18:J21) -> 4 | ... AF12: =SUM(P18:P21) -> 906
B13: 07.45 - 08.00 | C13: 12 | D13: 3 | E13: 1 | F13: 66 | G13: 0 | H13: 0 | I13: 2 | J13: 0 | K13: 0 | L13: 0 | M13: 150 | N13: 0 | O13: =SUM(C13:L13,N13) -> 84 | P13: =SUM(C13:N13) -> 234 | R13: 1000-1100 | S13: =SUM(C22:C25) -> 62 | T13: =SUM(D22:D25) -> 25 | U13: =SUM(E22:E25) -> 10 | V13: =SUM(F22:F25) -> 149 | W13: =SUM(G22:G25) -> 0 | X13: =SUM(H22:H25) -> 0 | Y13: =SUM(I22:I25) -> 9 | Z13: =SUM(J22:J25) -> 6 | ... AF13: =SUM(P22:P25) -> 917
B14: 08.00 - 08.15 | C14: 10 | D14: 6 | E14: 4 | F14: 73 | G14: 0 | H14: 0 | I14: 1 | J14: 0 | K14: 0 | L14: 0 | M14: 210 | N14: 0 | O14: =SUM(C14:L14,N14) -> 94 | P14: =SUM(C14:N14) -> 304 | R14: 1100-1200 | S14: =SUM(C26:C29) -> 69 | T14: =SUM(D26:D29) -> 36 | U14: =SUM(E26:E29) -> 6 | V14: =SUM(F26:F29) -> 128 | W14: =SUM(G26:G29) -> 0 | X14: =SUM(H26:H29) -> 0 | Y14: =SUM(I26:I29) -> 13 | Z14: =SUM(J26:J29) -> 2 | ... AF14: =SUM(P26:P29) -> 846
B15: 08.15 - 08.30 | C15: 15 | D15: 3 | E15: 1 | F15: 58 | G15: 0 | H15: 0 | I15: 2 | J15: 0 | K15: 0 | L15: 0 | M15: 205 | N15: 0 | O15: =SUM(C15:L15,N15) -> 79 | P15: =SUM(C15:N15) -> 284 | R15: 1200-1300 | S15: =SUM(C30:C33) -> 41 | T15: =SUM(D30:D33) -> 28 | U15: =SUM(E30:E33) -> 10 | V15: =SUM(F30:F33) -> 82 | W15: =SUM(G30:G33) -> 0 | X15: =SUM(H30:H33) -> 0 | Y15: =SUM(I30:I33) -> 9 | Z15: =SUM(J30:J33) -> 2 | ... AF15: =SUM(P30:P33) -> 599
B16: 08.30 - 08.45 | C16: 12 | D16: 6 | E16: 1 | F16: 69 | G16: 0 | H16: 0 | I16: 1 | J16: 0 | K16: 0 | L16: 0 | M16: 215 | N16: 0 | O16: =SUM(C16:L16,N16) -> 89 | P16: =SUM(C16:N16) -> 304 | R16: 1300-1400 | S16: =SUM(C34:C37) -> 51 | T16: =SUM(D34:D37) -> 22 | U16: =SUM(E34:E37) -> 14 | V16: =SUM(F34:F37) -> 95 | W16: =SUM(G34:G37) -> 1 | X16: =SUM(H34:H37) -> 0 | Y16: =SUM(I34:I37) -> 6 | Z16: =SUM(J34:J37) -> 1 | ... AF16: =SUM(P34:P37) -> 526
B17: 08.45 - 9.00 | C17: 10 | D17: 4 | E17: 2 | F17: 59 | G17: 1 | H17: 0 | I17: 3 | J17: 2 | K17: 0 | L17: 0 | M17: 185 | N17: 0 | O17: =SUM(C17:L17,N17) -> 81 | P17: =SUM(C17:N17) -> 266 | R17: 1400-1500 | S17: =SUM(C38:C41) -> 63 | T17: =SUM(D38:D41) -> 30 | U17: =SUM(E38:E41) -> 7 | V17: =SUM(F38:F41) -> 61 | W17: =SUM(G38:G41) -> 0 | X17: =SUM(H38:H41) -> 0 | Y17: =SUM(I38:I41) -> 26 | Z17: =SUM(J38:J41) -> 0 | ... AF17: =SUM(P38:P41) -> 530
B18: 09.00 - 09.15 | C18: 12 | D18: 5 | E18: 1 | F18: 48 | G18: 0 | H18: 0 | I18: 4 | J18: 2 | K18: 0 | L18: 0 | M18: 185 | N18: 0 | O18: =SUM(C18:L18,N18) -> 72 | P18: =SUM(C18:N18) -> 257 | R18: 1500-1600 | S18: =SUM(C42:C45) -> 75 | T18: =SUM(D42:D45) -> 33 | U18: =SUM(E42:E45) -> 10 | V18: =SUM(F42:F45) -> 93 | W18: =SUM(G42:G45) -> 0 | X18: =SUM(H42:H45) -> 0 | Y18: =SUM(I42:I45) -> 16 | Z18: =SUM(J42:J45) -> 2 | ... AF18: =SUM(P42:P45) -> 619
B19: 09.15 - 09.30 | C19: 17 | D19: 9 | E19: 0 | F19: 64 | G19: 0 | H19: 0 | I19: 1 | J19: 0 | K19: 0 | L19: 0 | M19: 160 | N19: 0 | O19: =SUM(C19:L19,N19) -> 91 | P19: =SUM(C19:N19) -> 251 | R19: 1600-1700 | S19: =SUM(C46:C49) -> 89 | T19: =SUM(D46:D49) -> 45 | U19: =SUM(E46:E49) -> 13 | V19: =SUM(F46:F49) -> 90 | W19: =SUM(G46:G49) -> 1 | X19: =SUM(H46:H49) -> 0 | Y19: =SUM(I46:I49) -> 20 | Z19: =SUM(J46:J49) -> 0 | ... AF19: =SUM(P46:P49) -> 694
B20: 09.30 - 09.45 | C20: 8 | D20: 1 | E20: 1 | F20: 42 | G20: 0 | H20: 0 | I20: 1 | J20: 1 | K20: 1 | L20: 0 | M20: 130 | N20: 0 | O20: =SUM(C20:L20,N20) -> 55 | P20: =SUM(C20:N20) -> 185 | R20: 1700-1800 | S20: =SUM(C50:C53) -> 162 | T20: =SUM(D50:D53) -> 83 | U20: =SUM(E50:E53) -> 17 | V20: =SUM(F50:F53) -> 137 | W20: =SUM(G50:G53) -> 1 | X20: =SUM(H50:H53) -> 1 | Y20: =SUM(I50:I53) -> 13 | Z20: =SUM(J50:J53) -> 4 | ... AF20: =SUM(P50:P53) -> 848
B21: 09.45 - 10.00 | C21: 5 | D21: 7 | E21: 3 | F21: 43 | G21: 0 | H21: 0 | I21: 4 | J21: 1 | K21: 0 | L21: 0 | M21: 150 | N21: 0 | O21: =SUM(C21:L21,N21) -> 63 | P21: =SUM(C21:N21) -> 213 | R21: 1800-1900 | S21: =SUM(C54:C57) -> 123 | T21: =SUM(D54:D57) -> 80 | U21: =SUM(E54:E57) -> 9 | V21: =SUM(F54:F57) -> 134 | W21: =SUM(G54:G57) -> 1 | X21: =SUM(H54:H57) -> 0 | Y21: =SUM(I54:I57) -> 13 | Z21: =SUM(J54:J57) -> 1 | ... AF21: =SUM(P54:P57) -> 847
B22: 10.00 - 10.15 | C22: 5 | D22: 2 | E22: 2 | F22: 33 | G22: 0 | H22: 0 | I22: 0 | J22: 3 | K22: 1 | L22: 0 | M22: 150 | N22: 0 | O22: =SUM(C22:L22,N22) -> 46 | P22: =SUM(C22:N22) -> 196 | R22: AM Peak Hr | S22: =MAX(S10:S12) -> 56 | T22: =MAX(T10:T12) -> 22 | U22: =MAX(U10:U12) -> 8 | V22: =MAX(V10:V12) -> 272 | W22: =MAX(W10:W12) -> 2 | X22: =MAX(X10:X12) -> 1 | Y22: =MAX(Y10:Y12) -> 20 | Z22: =MAX(Z10:Z12) -> 4 | ... AF22: =MAX(AF10:AF12) -> 1158
B23: 10.15 - 10.30 | C23: 19 | D23: 8 | E23: 2 | F23: 43 | G23: 0 | H23: 0 | I23: 3 | J23: 2 | K23: 2 | L23: 0 | M23: 170 | N23: 0 | O23: =SUM(C23:L23,N23) -> 79 | P23: =SUM(C23:N23) -> 249 | R23: IP Peak Hr | S23: =MAX(S13:S18) -> 75 | T23: =MAX(T13:T18) -> 36 | U23: =MAX(U13:U18) -> 14 | V23: =MAX(V13:V18) -> 149 | W23: =MAX(W13:W18) -> 1 | X23: =MAX(X13:X18) -> 0 | Y23: =MAX(Y13:Y18) -> 26 | Z23: =MAX(Z13:Z18) -> 6 | ... AF23: =MAX(AF13:AF18) -> 917
B24: 10.30 - 10.45 | C24: 16 | D24: 6 | E24: 3 | F24: 35 | G24: 0 | H24: 0 | I24: 2 | J24: 0 | K24: 0 | L24: 0 | M24: 175 | N24: 0 | O24: =SUM(C24:L24,N24) -> 62 | P24: =SUM(C24:N24) -> 237 | R24: PM Peak Hr | S24: =MAX(S19:S21) -> 162 | T24: =MAX(T19:T21) -> 83 | U24: =MAX(U19:U21) -> 17 | V24: =MAX(V19:V21) -> 137 | W24: =MAX(W19:W21) -> 1 | X24: =MAX(X19:X21) -> 1 | Y24: =MAX(Y19:Y21) -> 20 | Z24: =MAX(Z19:Z21) -> 4 | ... AF24: =MAX(AF19:AF21) -> 848
B25: 10.45 - 11.00 | C25: 22 | D25: 9 | E25: 3 | F25: 38 | G25: 0 | H25: 0 | I25: 4 | J25: 1 | K25: 0 | L25: 0 | M25: 158 | N25: 0 | O25: =SUM(C25:L25,N25) -> 77 | P25: =SUM(C25:N25) -> 235 | R25: AM Period | S25: =SUM(S10:S12) -> 145 | T25: =SUM(T10:T12) -> 55 | U25: =SUM(U10:U12) -> 18 | V25: =SUM(V10:V12) -> 728 | W25: =SUM(W10:W12) -> 3 | X25: =SUM(X10:X12) -> 1 | Y25: =SUM(Y10:Y12) -> 37 | Z25: =SUM(Z10:Z12) -> 7 | ... AF25: =SUM(AF10:AF12) -> 3015
B26: 11.00 - 11.15 | C26: 21 | D26: 8 | E26: 0 | F26: 36 | G26: 0 | H26: 0 | I26: 3 | J26: 0 | K26: 1 | L26: 0 | M26: 150 | N26: 0 | O26: =SUM(C26:L26,N26) -> 69 | P26: =SUM(C26:N26) -> 219 | R26: IP Period | S26: =SUM(S13:S18) -> 361 | T26: =SUM(T13:T18) -> 174 | U26: =SUM(U13:U18) -> 57 | V26: =SUM(V13:V18) -> 608 | W26: =SUM(W13:W18) -> 1 | X26: =SUM(X13:X18) -> 0 | Y26: =SUM(Y13:Y18) -> 79 | Z26: =SUM(Z13:Z18) -> 13 | ... AF26: =SUM(AF13:AF18) -> 4037
B27: 11.15 - 11.30 | C27: 16 | D27: 13 | E27: 4 | F27: 35 | G27: 0 | H27: 0 | I27: 5 | J27: 0 | K27: 0 | L27: 0 | M27: 136 | N27: 0 | O27: =SUM(C27:L27,N27) -> 73 | P27: =SUM(C27:N27) -> 209 | R27: PM Period | S27: =SUM(S19:S21) -> 374 | T27: =SUM(T19:T21) -> 208 | U27: =SUM(U19:U21) -> 39 | V27: =SUM(V19:V21) -> 361 | W27: =SUM(W19:W21) -> 3 | X27: =SUM(X19:X21) -> 1 | Y27: =SUM(Y19:Y21) -> 46 | Z27: =SUM(Z19:Z21) -> 5 | ... AF27: =SUM(AF19:AF21) -> 2389
B28: 11.30 - 11.45 | C28: 8 | D28: 7 | E28: 0 | F28: 21 | G28: 0 | H28: 0 | I28: 2 | J28: 0 | K28: 0 | L28: 0 | M28: 155 | N28: 0 | O28: =SUM(C28:L28,N28) -> 38 | P28: =SUM(C28:N28) -> 193 | R28: 12 Hours | S28: =SUM(S10:S21) -> 880 | T28: =SUM(T10:T21) -> 437 | U28: =SUM(U10:U21) -> 114 | V28: =SUM(V10:V21) -> 1697 | W28: =SUM(W10:W21) -> 7 | X28: =SUM(X10:X21) -> 2 | Y28: =SUM(Y10:Y21) -> 162 | Z28: =SUM(Z10:Z21) -> 25 | ... AF28: =SUM(AF10:AF21) -> 9441
B29: 11.45 - 12.00 | C29: 24 | D29: 8 | E29: 2 | F29: 36 | G29: 0 | H29: 0 | I29: 3 | J29: 2 | K29: 0 | L29: 0 | M29: 150 | N29: 0 | O29: =SUM(C29:L29,N29) -> 75 | P29: =SUM(C29:N29) -> 225
B30: 12.00 - 12.15 | C30: 10 | D30: 7 | E30: 3 | F30: 25 | G30: 0 | H30: 0 | I30: 3 | J30: 0 | K30: 0 | L30: 0 | M30: 145 | N30: 0 | O30: =SUM(C30:L30,N30) -> 48 | P30: =SUM(C30:N30) -> 193
B31: 12.15 - 12.30 | C31: 11 | D31: 8 | E31: 3 | F31: 17 | G31: 0 | H31: 0 | I31: 3 | J31: 2 | K31: 1 | L31: 0 | M31: 85 | N31: 0 | O31: =SUM(C31:L31,N31) -> 45 | P31: =SUM(C31:N31) -> 130
B32: 12.30 - 12.45 | C32: 8 | D32: 6 | E32: 4 | F32: 18 | G32: 0 | H32: 0 | I32: 2 | J32: 0 | K32: 0 | L32: 0 | M32: 95 | N32: 0 | O32: =SUM(C32:L32,N32) -> 38 | P32: =SUM(C32:N32) -> 133
B33: 12.45 - 13.00 | C33: 12 | D33: 7 | E33: 0 | F33: 22 | G33: 0 | H33: 0 | I33: 1 | J33: 0 | K33: 1 | L33: 0 | M33: 100 | N33: 0 | O33: =SUM(C33:L33,N33) -> 43 | P33: =SUM(C33:N33) -> 143
B34: 13.00 - 13.15 | C34: 13 | D34: 4 | E34: 2 | F34: 38 | G34: 1 | H34: 0 | I34: 2 | J34: 0 | K34: 0 | L34: 0 | M34: 85 | N34: 0 | O34: =SUM(C34:L34,N34) -> 60 | P34: =SUM(C34:N34) -> 145
B35: 13.15 - 13.30 | C35: 14 | D35: 6 | E35: 6 | F35: 28 | G35: 0 | H35: 0 | I35: 0 | J35: 1 | K35: 0 | L35: 1 | M35: 85 | N35: 0 | O35: =SUM(C35:L35,N35) -> 56 | P35: =SUM(C35:N35) -> 141
B36: 13.30 - 13.45 | C36: 13 | D36: 5 | E36: 5 | F36: 21 | G36: 0 | H36: 0 | I36: 2 | J36: 0 | K36: 0 | L36: 0 | M36: 70 | N36: 0 | O36: =SUM(C36:L36,N36) -> 46 | P36: =SUM(C36:N36) -> 116
B37: 13.45 - 14.00 | C37: 11 | D37: 7 | E37: 1 | F37: 8 | G37: 0 | H37: 0 | I37: 2 | J37: 0 | K37: 1 | L37: 0 | M37: 94 | N37: 0 | O37: =SUM(C37:L37,N37) -> 30 | P37: =SUM(C37:N37) -> 124
B38: 14.00 - 14.15 | C38: 16 | D38: 8 | E38: 3 | F38: 2 | G38: 0 | H38: 0 | I38: 10 | J38: 0 | K38: 0 | L38: 0 | M38: 103 | N38: 0 | O38: =SUM(C38:L38,N38) -> 39 | P38: =SUM(C38:N38) -> 142
B39: 14.15 - 14.30 | C39: 15 | D39: 5 | E39: 1 | F39: 24 | G39: 0 | H39: 0 | I39: 7 | J39: 0 | K39: 0 | L39: 0 | M39: 105 | N39: 0 | O39: =SUM(C39:L39,N39) -> 52 | P39: =SUM(C39:N39) -> 157
B40: 14.30 - 14.45 | C40: 21 | D40: 9 | E40: 2 | F40: 16 | G40: 0 | H40: 0 | I40: 3 | J40: 0 | K40: 0 | L40: 0 | M40: 74 | N40: 0 | O40: =SUM(C40:L40,N40) -> 51 | P40: =SUM(C40:N40) -> 125
... B57: 18.45 - 19.00 | C57: 25 | D57: 13 | E57: 1 | F57: 20 | G57: 0 | H57: 0 | I57: 2 | J57: 0 | K57: 1 | L57: 0 | M57: 145 | N57: 0 | O57: =SUM(C57:L57,N57) -> 62 | P57: =SUM(C57:N57) -> 207
B58: Totals | C58: =SUM(C10:C57) -> 880 | D58: =SUM(D10:D57) -> 437 | E58: =SUM(E10:E57) -> 114 | F58: =SUM(F10:F57) -> 1697 | G58: =SUM(G10:G57) -> 7 | H58: =SUM(H10:H57) -> 2 | I58: =SUM(I10:I57) -> 162 | J58: =SUM(J10:J57) -> 25 | ... P58: =SUM(P10:P57) -> 9441
B59: %ges + MCs | C59: =C58/$P$58 -> 0.093210465 | D59: =D58/$P$58 -> 0.04628747 | E59: =E58/$P$58 -> 0.012074992 | F59: =F58/$P$58 -> 0.17974791 | G59: =G58/$P$58 -> 0.00074144688 | H59: =H58/$P$58 -> 0.00021184197 | I59: =I58/$P$58 -> 0.017159199 | J59: =J58/$P$58 -> 0.0026480246 | ... N59: =N58/$P$58 -> 0
B60: %ges w/o MCs | C60: =C58/$O$58 -> 0.26363092 | D60: =D58/$O$58 -> 0.13091672 | E60: =E58/$O$58 -> 0.034152187 | F60: =F58/$O$58 -> 0.50838826 | G60: =G58/$O$58 -> 0.0020970641 | H60: =H58/$O$58 -> 0.00059916117 | I60: =I58/$O$58 -> 0.048532055 | J60: =J58/$O$58 -> 0.0074895147 | ... L60: =L58/$O$58 -> 0.00029958059 | N60: =N58/$O$58 -> 0

Sheet 25.07 Munyonyo-Kibuye
B1: Consultancy services for Preparation of Expressway Development Master Plan (EDMP) for Uganda
B2: MANUAL CLASSIFIED COUNT (MCC)
B3: ROAD NAME: | C3: ='22.07 Munyonyo-Kibuye'!C3:G3 -> MCC - C1 - STN01A - SALAMA ROAD
C5: Date | D5: ='25.07 Kibuye-Munyonyo'!D5 -> 25.07.19 | F5: Location | G5: ='25.07 Kibuye-Munyonyo'!G5:H5 -> Salama road 1A | J5: Surveyor | K5: Gerald
C6: Dir. From | D6: ='22.07 Munyonyo-Kibuye'!D6:E6 -> Munyonyo | F6: Dir. To | G6: ='22.07 Munyonyo-Kibuye'!G6:H6 -> Kibuye | J6: Supervisor | K6: ='25.07 Kibuye-Munyonyo'!K6:L6 -> Emma
B8: Time / Veh Type | R8: SUMMARY TRAFFIC VOLUMES
C9: 1. Car | D9: 2. Station Wagon | E9: 3. Pickups | F9: 4. Minibus, matatu | G9: 5. Medium bus | H9: 6. Large Bus | I9: 7. Light Truck | J9: 8. Medium Truck | K9: 9. Heavy truck | L9: 10. Truck Trailer | M9: 11. Motor cycles | N9: 12. Tractors | O9: Total Excl M/Cycles | P9: Total All | R9: Time | S9: 1. Car | T9: 2. Station Wagon | U9: 3. Pickups | V9: 4. Minibus, matatu | W9: 5. Medium bus | X9: 6. Large Bus | Y9: 7. Light Truck | Z9: 8. Medium Truck | AA9: 9. Heavy truck | AB9: 10. Truck Trailer | AC9: 11. Motorcycles | AD9: 12. Tractors, Graders | AE9: Total Excl M/ Cycles | AF9: Total All
B10: 07.00 - 07.15 | C10: 39 | D10: 17 | E10: 3 | F10: 61 | G10: 1 | H10: 0 | I10: 8 | J10: 0 | K10: 0 | L10: 0 | M10: 270 | N10: 0 | O10: =SUM(C10:L10,N10) -> 129 | P10: =SUM(C10:N10) -> 399 | R10: 0700-0800 | S10: =SUM(C10:C13) -> 127 | T10: =SUM(D10:D13) -> 60 | U10: =SUM(E10:E13) -> 9 | V10: =SUM(F10:F13) -> 228 | W10: =SUM(G10:G13) -> 2 | X10: =SUM(H10:H13) -> 0 | Y10: =SUM(I10:I13) -> 20 | Z10: =SUM(J10:J13) -> 1 | ... AF10: =SUM(P10:P13) -> 1586
B11: 07.15 - 07.30 | C11: 36 | D11: 9 | E11: 3 | F11: 55 | G11: 0 | H11: 0 | I11: 6 | J11: 1 | K11: 0 | L11: 0 | M11: 280 | N11: 0 | O11: =SUM(C11:L11,N11) -> 110 | P11: =SUM(C11:N11) -> 390 | R11: 0800-0900 | S11: =SUM(C14:C17) -> 111 | T11: =SUM(D14:D17) -> 58 | U11: =SUM(E14:E17) -> 15 | V11: =SUM(F14:F17) -> 193 | W11: =SUM(G14:G17) -> 2 | X11: =SUM(H14:H17) -> 0 | Y11: =SUM(I14:I17) -> 14 | Z11: =SUM(J14:J17) -> 0 | ... AF11: =SUM(P14:P17) -> 1316
B12: 07.30 - 07.45 | C12: 21 | D12: 20 | E12: 3 | F12: 58 | G12: 0 | H12: 0 | I12: 4 | J12: 0 | K12: 0 | L12: 0 | M12: 304 | N12: 0 | O12: =SUM(C12:L12,N12) -> 106 | P12: =SUM(C12:N12) -> 410 | R12: 0900-1000 | S12: =SUM(C18:C21) -> 108 | T12: =SUM(D18:D21) -> 55 | U12: =SUM(E18:E21) -> 15 | V12: =SUM(F18:F21) -> 173 | W12: =SUM(G18:G21) -> 1 | X12: =SUM(H18:H21) -> 0 | Y12: =SUM(I18:I21) -> 8 | Z12: =SUM(J18:J21) -> 1 | ... AF12: =SUM(P18:P21) -> 1165
B13: 07.45 - 08.00 | C13: 31 | D13: 14 | E13: 0 | F13: 54 | G13: 1 | H13: 0 | I13: 2 | J13: 0 | K13: 0 | L13: 0 | M13: 285 | N13: 0 | O13: =SUM(C13:L13,N13) -> 102 | P13: =SUM(C13:N13) -> 387 | R13: 1000-1100 | S13: =SUM(C22:C25) -> 90 | T13: =SUM(D22:D25) -> 58 | U13: =SUM(E22:E25) -> 19 | V13: =SUM(F22:F25) -> 136 | W13: =SUM(G22:G25) -> 0 | X13: =SUM(H22:H25) -> 1 | Y13: =SUM(I22:I25) -> 18 | Z13: =SUM(J22:J25) -> 1 | ... AF13: =SUM(P22:P25) -> 964
B14: 08.00 - 08.15 | C14: 25 | D14: 17 | E14: 6 | F14: 55 | G14: 1 | H14: 0 | I14: 2 | J14: 0 | K14: 1 | L14: 0 | M14: 254 | N14: 0 | O14: =SUM(C14:L14,N14) -> 107 | P14: =SUM(C14:N14) -> 361 | R14: 1100-1200 | S14: =SUM(C26:C29) -> 67 | T14: =SUM(D26:D29) -> 42 | U14: =SUM(E26:E29) -> 8 | V14: =SUM(F26:F29) -> 111 | W14: =SUM(G26:G29) -> 1 | X14: =SUM(H26:H29) -> 0 | Y14: =SUM(I26:I29) -> 8 | Z14: =SUM(J26:J29) -> 3 | ... AF14: =SUM(P26:P29) -> 836
B15: 08.15 - 08.30 | C15: 31 | D15: 19 | E15: 2 | F15: 49 | G15: 0 | H15: 0 | I15: 2 | J15: 0 | K15: 0 | L15: 0 | M15: 230 | N15: 0 | O15: =SUM(C15:L15,N15) -> 103 | P15: =SUM(C15:N15) -> 333 | R15: 1200-1300 | S15: =SUM(C30:C33) -> 54 | T15: =SUM(D30:D33) -> 41 | U15: =SUM(E30:E33) -> 17 | V15: =SUM(F30:F33) -> 110 | W15: =SUM(G30:G33) -> 1 | X15: =SUM(H30:H33) -> 0 | Y15: =SUM(I30:I33) -> 16 | Z15: =SUM(J30:J33) -> 2 | ... AF15: =SUM(P30:P33) -> 839
B16: 08.30 - 08.45 | C16: 29 | D16: 8 | E16: 5 | F16: 56 | G16: 0 | H16: 0 | I16: 4 | J16: 0 | K16: 0 | L16: 0 | M16: 273 | N16: 0 | O16: =SUM(C16:L16,N16) -> 102 | P16: =SUM(C16:N16) -> 375 | R16: 1300-1400 | S16: =SUM(C34:C37) -> 83 | T16: =SUM(D34:D37) -> 42 | U16: =SUM(E34:E37) -> 9 | V16: =SUM(F34:F37) -> 96 | W16: =SUM(G34:G37) -> 0 | X16: =SUM(H34:H37) -> 0 | Y16: =SUM(I34:I37) -> 17 | Z16: =SUM(J34:J37) -> 3 | ... AF16: =SUM(P34:P37) -> 819
B17: 08.45 - 9.00 | C17: 26 | D17: 14 | E17: 2 | F17: 33 | G17: 1 | H17: 0 | I17: 6 | J17: 0 | K17: 0 | L17: 0 | M17: 165 | N17: 0 | O17: =SUM(C17:L17,N17) -> 82 | P17: =SUM(C17:N17) -> 247 | R17: 1400-1500 | S17: =SUM(C38:C41) -> 65 | T17: =SUM(D38:D41) -> 86 | U17: =SUM(E38:E41) -> 13 | V17: =SUM(F38:F41) -> 66 | W17: =SUM(G38:G41) -> 1 | X17: =SUM(H38:H41) -> 0 | Y17: =SUM(I38:I41) -> 7 | Z17: =SUM(J38:J41) -> 4 | ... AF17: =SUM(P38:P41) -> 662
B18: 09.00 - 09.15 | C18: 28 | D18: 16 | E18: 2 | F18: 49 | G18: 0 | H18: 0 | I18: 3 | J18: 1 | K18: 0 | L18: 0 | M18: 194 | N18: 0 | O18: =SUM(C18:L18,N18) -> 99 | P18: =SUM(C18:N18) -> 293 | R18: 1500-1600 | S18: =SUM(C42:C45) -> 70 | T18: =SUM(D42:D45) -> 40 | U18: =SUM(E42:E45) -> 11 | V18: =SUM(F42:F45) -> 89 | W18: =SUM(G42:G45) -> 1 | X18: =SUM(H42:H45) -> 0 | Y18: =SUM(I42:I45) -> 12 | Z18: =SUM(J42:J45) -> 2 | ... AF18: =SUM(P42:P45) -> 808
B19: 09.15 - 09.30 | C19: 29 | D19: 10 | E19: 2 | F19: 43 | G19: 0 | H19: 0 | I19: 2 | J19: 0 | K19: 0 | L19: 0 | M19: 205 | N19: 0 | O19: =SUM(C19:L19,N19) -> 86 | P19: =SUM(C19:N19) -> 291 | R19: 1600-1700 | S19: =SUM(C46:C49) -> 73 | T19: =SUM(D46:D49) -> 42 | U19: =SUM(E46:E49) -> 18 | V19: =SUM(F46:F49) -> 71 | W19: =SUM(G46:G49) -> 0 | X19: =SUM(H46:H49) -> 0 | Y19: =SUM(I46:I49) -> 7 | Z19: =SUM(J46:J49) -> 1 | ... AF19: =SUM(P46:P49) -> 793
B20: 09.30 - 09.45 | C20: 20 | D20: 12 | E20: 6 | F20: 40 | G20: 1 | H20: 0 | I20: 2 | J20: 0 | K20: 0 | L20: 1 | M20: 195 | N20: 0 | O20: =SUM(C20:L20,N20) -> 82 | P20: =SUM(C20:N20) -> 277 | R20: 1700-1800 | S20: =SUM(C50:C53) -> 80 | T20: =SUM(D50:D53) -> 59 | U20: =SUM(E50:E53) -> 10 | V20: =SUM(F50:F53) -> 91 | W20: =SUM(G50:G53) -> 2 | X20: =SUM(H50:H53) -> 0 | Y20: =SUM(I50:I53) -> 10 | Z20: =SUM(J50:J53) -> 3 | ... AF20: =SUM(P50:P53) -> 1011
B21: 09.45 - 10.00 | C21: 31 | D21: 17 | E21: 5 | F21: 41 | G21: 0 | H21: 0 | I21: 1 | J21: 0 | K21: 0 | L21: 0 | M21: 209 | N21: 0 | O21: =SUM(C21:L21,N21) -> 95 | P21: =SUM(C21:N21) -> 304 | R21: 1800-1900 | S21: =SUM(C54:C57) -> 66 | T21: =SUM(D54:D57) -> 44 | U21: =SUM(E54:E57) -> 10 | V21: =SUM(F54:F57) -> 92 | W21: =SUM(G54:G57) -> 3 | X21: =SUM(H54:H57) -> 1 | Y21: =SUM(I54:I57) -> 6 | Z21: =SUM(J54:J57) -> 1 | ... AF21: =SUM(P54:P57) -> 863
B22: 10.00 - 10.15 | C22: 26 | D22: 22 | E22: 4 | F22: 38 | G22: 0 | H22: 0 | I22: 4 | J22: 0 | K22: 0 | L22: 0 | M22: 149 | N22: 0 | O22: =SUM(C22:L22,N22) -> 94 | P22: =SUM(C22:N22) -> 243 | R22: AM Peak Hr | S22: =MAX(S10:S12) -> 127 | T22: =MAX(T10:T12) -> 60 | U22: =MAX(U10:U12) -> 15 | V22: =MAX(V10:V12) -> 228 | W22: =MAX(W10:W12) -> 2 | X22: =MAX(X10:X12) -> 0 | Y22: =MAX(Y10:Y12) -> 20 | Z22: =MAX(Z10:Z12) -> 1 | ... AF22: =MAX(AF10:AF12) -> 1586
B23: 10.15 - 10.30 | C23: 23 | D23: 15 | E23: 6 | F23: 33 | G23: 0 | H23: 1 | I23: 5 | J23: 0 | K23: 0 | L23: 0 | M23: 160 | N23: 0 | O23: =SUM(C23:L23,N23) -> 83 | P23: =SUM(C23:N23) -> 243 | R23: IP Peak Hr | S23: =MAX(S13:S18) -> 90 | T23: =MAX(T13:T18) -> 86 | U23: =MAX(U13:U18) -> 19 | V23: =MAX(V13:V18) -> 136 | W23: =MAX(W13:W18) -> 1 | X23: =MAX(X13:X18) -> 1 | Y23: =MAX(Y13:Y18) -> 18 | Z23: =MAX(Z13:Z18) -> 4 | ... AF23: =MAX(AF13:AF18) -> 964
B24: 10.30 - 10.45 | C24: 21 | D24: 12 | E24: 3 | F24: 38 | G24: 0 | H24: 0 | I24: 4 | J24: 0 | K24: 0 | L24: 0 | M24: 139 | N24: 0 | O24: =SUM(C24:L24,N24) -> 78 | P24: =SUM(C24:N24) -> 217 | R24: PM Peak Hr | S24: =MAX(S19:S21) -> 80 | T24: =MAX(T19:T21) -> 59 | U24: =MAX(U19:U21) -> 18 | V24: =MAX(V19:V21) -> 92 | W24: =MAX(W19:W21) -> 3 | X24: =MAX(X19:X21) -> 1 | Y24: =MAX(Y19:Y21) -> 10 | Z24: =MAX(Z19:Z21) -> 3 | ... AF24: =MAX(AF19:AF21) -> 1011
B25: 10.45 - 11.00 | C25: 20 | D25: 9 | E25: 6 | F25: 27 | G25: 0 | H25: 0 | I25: 5 | J25: 1 | K25: 0 | L25: 0 | M25: 193 | N25: 0 | O25: =SUM(C25:L25,N25) -> 68 | P25: =SUM(C25:N25) -> 261 | R25: AM Period | S25: =SUM(S10:S12) -> 346 | T25: =SUM(T10:T12) -> 173 | U25: =SUM(U10:U12) -> 39 | V25: =SUM(V10:V12) -> 594 | W25: =SUM(W10:W12) -> 5 | X25: =SUM(X10:X12) -> 0 | Y25: =SUM(Y10:Y12) -> 42 | Z25: =SUM(Z10:Z12) -> 2 | ... AF25: =SUM(AF10:AF12) -> 4067
B26: 11.00 - 11.15 | C26: 20 | D26: 12 | E26: 2 | F26: 33 | G26: 0 | H26: 0 | I26: 3 | J26: 0 | K26: 0 | L26: 0 | M26: 149 | N26: 0 | O26: =SUM(C26:L26,N26) -> 70 | P26: =SUM(C26:N26) -> 219 | R26: IP Period | S26: =SUM(S13:S18) -> 429 | T26: =SUM(T13:T18) -> 309 | U26: =SUM(U13:U18) -> 77 | V26: =SUM(V13:V18) -> 608 | W26: =SUM(W13:W18) -> 4 | X26: =SUM(X13:X18) -> 1 | Y26: =SUM(Y13:Y18) -> 78 | Z26: =SUM(Z13:Z18) -> 15 | ... AF26: =SUM(AF13:AF18) -> 4928
B27: 11.15 - 11.30 | C27: 16 | D27: 6 | E27: 1 | F27: 26 | G27: 1 | H27: 0 | I27: 1 | J27: 0 | K27: 0 | L27: 0 | M27: 135 | N27: 0 | O27: =SUM(C27:L27,N27) -> 51 | P27: =SUM(C27:N27) -> 186 | R27: PM Period | S27: =SUM(S19:S21) -> 219 | T27: =SUM(T19:T21) -> 145 | U27: =SUM(U19:U21) -> 38 | V27: =SUM(V19:V21) -> 254 | W27: =SUM(W19:W21) -> 5 | X27: =SUM(X19:X21) -> 1 | Y27: =SUM(Y19:Y21) -> 23 | Z27: =SUM(Z19:Z21) -> 5 | ... AF27: =SUM(AF19:AF21) -> 2667
B28: 11.30 - 11.45 | C28: 11 | D28: 7 | E28: 2 | F28: 31 | G28: 0 | H28: 0 | I28: 1 | J28: 1 | K28: 0 | L28: 0 | M28: 133 | N28: 0 | O28: =SUM(C28:L28,N28) -> 53 | P28: =SUM(C28:N28) -> 186 | R28: 12 Hours | S28: =SUM(S10:S21) -> 994 | T28: =SUM(T10:T21) -> 627 | U28: =SUM(U10:U21) -> 154 | V28: =SUM(V10:V21) -> 1456 | W28: =SUM(W10:W21) -> 14 | X28: =SUM(X10:X21) -> 2 | Y28: =SUM(Y10:Y21) -> 143 | Z28: =SUM(Z10:Z21) -> 22 | ... AF28: =SUM(AF10:AF21) -> 11662
B29: 11.45 - 12.00 | C29: 20 | D29: 17 | E29: 3 | F29: 21 | G29: 0 | H29: 0 | I29: 3 | J29: 2 | K29: 0 | L29: 0 | M29: 179 | N29: 0 | O29: =SUM(C29:L29,N29) -> 66 | P29: =SUM(C29:N29) -> 245
B30: 12.00 - 12.15 | C30: 19 | D30: 10 | E30: 4 | F30: 29 | G30: 0 | H30: 0 | I30: 3 | J30: 0 | K30: 0 | L30: 0 | M30: 170 | N30: 0 | O30: =SUM(C30:L30,N30) -> 65 | P30: =SUM(C30:N30) -> 235
B31: 12.15 - 12.30 | C31: 8 | D31: 12 | E31: 5 | F31: 28 | G31: 0 | H31: 0 | I31: 4 | J31: 2 | K31: 0 | L31: 0 | M31: 106 | N31: 0 | O31: =SUM(C31:L31,N31) -> 59 | P31: =SUM(C31:N31) -> 165
B32: 12.30 - 12.45 | C32: 14 | D32: 6 | E32: 2 | F32: 25 | G32: 0 | H32: 0 | I32: 4 | J32: 0 | K32: 0 | L32: 0 | M32: 149 | N32: 0 | O32: =SUM(C32:L32,N32) -> 51 | P32: =SUM(C32:N32) -> 200
B33: 12.45 - 13.00 | C33: 13 | D33: 13 | E33: 6 | F33: 28 | G33: 1 | H33: 0 | I33: 5 | J33: 0 | K33: 0 | L33: 0 | M33: 173 | N33: 0 | O33: =SUM(C33:L33,N33) -> 66 | P33: =SUM(C33:N33) -> 239
B34: 13.00 - 13.15 | C34: 21 | D34: 10 | E34: 6 | F34: 21 | G34: 0 | H34: 0 | I34: 2 | J34: 1 | K34: 0 | L34: 0 | M34: 144 | N34: 0 | O34: =SUM(C34:L34,N34) -> 61 | P34: =SUM(C34:N34) -> 205
B35: 13.15 - 13.30 | C35: 23 | D35: 10 | E35: 1 | F35: 25 | G35: 0 | H35: 0 | I35: 8 | J35: 0 | K35: 0 | L35: 0 | M35: 115 | N35: 0 | O35: =SUM(C35:L35,N35) -> 67 | P35: =SUM(C35:N35) -> 182
B36: 13.30 - 13.45 | C36: 22 | D36: 9 | E36: 0 | F36: 29 | G36: 0 | H36: 0 | I36: 4 | J36: 2 | K36: 0 | L36: 0 | M36: 150 | N36: 0 | O36: =SUM(C36:L36,N36) -> 66 | P36: =SUM(C36:N36) -> 216
B37: 13.45 - 14.00 | C37: 17 | D37: 13 | E37: 2 | F37: 21 | G37: 0 | H37: 0 | I37: 3 | J37: 0 | K37: 0 | L37: 0 | M37: 160 | N37: 0 | O37: =SUM(C37:L37,N37) -> 56 | P37: =SUM(C37:N37) -> 216
B38: 14.00 - 14.15 | C38: 23 | D38: 4 | E38: 2 | F38: 23 | G38: 0 | H38: 0 | I38: 3 | J38: 2 | K38: 0 | L38: 0 | M38: 121 | N38: 0 | O38: =SUM(C38:L38,N38) -> 57 | P38: =SUM(C38:N38) -> 178
B39: 14.15 - 14.30 | C39: 17 | D39: 7 | E39: 5 | F39: 25 | G39: 0 | H39: 0 | I39: 1 | J39: 0 | K39: 0 | L39: 1 | M39: 145 | N39: 0 | O39: =SUM(C39:L39,N39) -> 56 | P39: =SUM(C39:N39) -> 201
B40: 14.30 - 14.45 | C40: 17 | D40: 70 | E40: 2 | F40: 12 | G40: 1 | H40: 0 | I40: 1 | J40: 1 | K40: 0 | L40: 0 | M40: 91 | N40: 0 | O40: =SUM(C40:L40,N40) -> 104 | P40: =SUM(C40:N40) -> 195
... B57: 18.45 - 19.00 | C57: 18 | D57: 7 | E57: 3 | F57: 23 | G57: 1 | H57: 0 | I57: 1 | J57: 0 | K57: 0 | L57: 0 | M57: 157 | N57: 0 | O57: =SUM(C57:L57,N57) -> 53 | P57: =SUM(C57:N57) -> 210
B58: Totals | C58: =SUM(C10:C57) -> 994 | D58: =SUM(D10:D57) -> 627 | E58: =SUM(E10:E57) -> 154 | F58: =SUM(F10:F57) -> 1456 | G58: =SUM(G10:G57) -> 14 | H58: =SUM(H10:H57) -> 2 | I58: =SUM(I10:I57) -> 143 | J58: =SUM(J10:J57) -> 22 | ... P58: =SUM(P10:P57) -> 11662
B59: %ges + MCs | C59: =C58/$P$58 -> 0.085234094 | D59: =D58/$P$58 -> 0.053764363 | E59: =E58/$P$58 -> 0.013205282 | F59: =F58/$P$58 -> 0.12484994 | G59: =G58/$P$58 -> 0.0012004802 | H59: =H58/$P$58 -> 0.00017149717 | I59: =I58/$P$58 -> 0.012262048 | J59: =J58/$P$58 -> 0.0018864689 | ... N59: =N58/$P$58 -> 0
B60: %ges w/o MCs | C60: =C58/$O$58 -> 0.29055832 | D60: =D58/$O$58 -> 0.18327974 | E60: =E58/$O$58 -> 0.045016077 | F60: =F58/$O$58 -> 0.42560655 | G60: =G58/$O$58 -> 0.0040923707 | H60: =H58/$O$58 -> 0.00058462438 | I60: =I58/$O$58 -> 0.041800643 | J60: =J58/$O$58 -> 0.0064308682 | ... L60: =L58/$O$58 -> 0.0017538731 | N60: =N58/$O$58 -> 0

Sheet 26.07 Kibuye-Munyonyo-24h
B1: Consultancy services for Preparation of Expressway Development Master Plan (EDMP) for Uganda
B2: MANUAL CLASSIFIED COUNT (MCC)
B3: ROAD NAME: | C3: ='22.07 Kibuye-Munyonyo'!C3:G3 -> MCC - C1 - STN01A - SALAMA ROAD
C5: Date | D5: 26.07.19 | F5: Location | G5: ='25.07 Munyonyo-Kibuye'!G5:H5 -> Salama road 1A | J5: Surveyor | K5: Racheal & Richard
C6: Dir. From | D6: ='22.07 Kibuye-Munyonyo'!D6:E6 -> Kibuye | F6: Dir. To | G6: ='22.07 Kibuye-Munyonyo'!G6:H6 -> Munyonyo | J6: Supervisor | K6: ='25.07 Munyonyo-Kibuye'!K6:L6 -> Emma
B8: Time / Veh Type | R8: SUMMARY TRAFFIC VOLUMES
C9: 1. Car | D9: 2. Station Wagon | E9: 3. Pickups | F9: 4. Minibus, matatu | G9: 5. Medium bus | H9: 6. Large Bus | I9: 7. Light Truck | J9: 8. Medium Truck | K9: 9. Heavy truck | L9: 10. Truck Trailer | M9: 11. Motor cycles | N9: 12. Tractors | O9: Total Excl M/Cycles | P9: Total All | R9: Time | S9: 1. Car | T9: 2. Station Wagon | U9: 3. Pickups | V9: 4. Minibus, matatu | W9: 5. Medium bus | X9: 6. Large Bus | Y9: 7. Light Truck | Z9: 8. Medium Truck | AA9: 9. Heavy truck | AB9: 10. Truck Trailer | AC9: 11. Motorcycles | AD9: 12. Tractors, Graders | AE9: Total Excl M/ Cycles | AF9: Total All
B10: 07.00 - 07.15 | C10: 26 | D10: 8 | E10: 2 | F10: 63 | G10: 0 | H10: 0 | I10: 1 | J10: 0 | K10: 2 | L10: 0 | M10: 114 | N10: 0 | O10: =SUM(C10:L10,N10) -> 102 | P10: =SUM(C10:N10) -> 216 | R10: 0700-0800 | S10: =SUM(C10:C13) -> 52 | T10: =SUM(D10:D13) -> 27 | U10: =SUM(E10:E13) -> 5 | V10: =SUM(F10:F13) -> 292 | W10: =SUM(G10:G13) -> 1 | X10: =SUM(H10:H13) -> 0 | Y10: =SUM(I10:I13) -> 7 | Z10: =SUM(J10:J13) -> 3 | ... AF10: =SUM(P10:P13) -> 874
B11: 07.15 - 07.30 | C11: 12 | D11: 11 | E11: 0 | F11: 85 | G11: 0 | H11: 0 | I11: 2 | J11: 2 | K11: 1 | L11: 0 | M11: 119 | N11: 0 | O11: =SUM(C11:L11,N11) -> 113 | P11: =SUM(C11:N11) -> 232 | R11: 0800-0900 | S11: =SUM(C14:C17) -> 39 | T11: =SUM(D14:D17) -> 8 | U11: =SUM(E14:E17) -> 4 | V11: =SUM(F14:F17) -> 239 | W11: =SUM(G14:G17) -> 4 | X11: =SUM(H14:H17) -> 0 | Y11: =SUM(I14:I17) -> 7 | Z11: =SUM(J14:J17) -> 2 | ... AF11: =SUM(P14:P17) -> 831
B12: 07.30 - 07.45 | C12: 10 | D12: 5 | E12: 0 | F12: 74 | G12: 1 | H12: 0 | I12: 4 | J12: 0 | K12: 0 | L12: 0 | M12: 130 | N12: 0 | O12: =SUM(C12:L12,N12) -> 94 | P12: =SUM(C12:N12) -> 224 | R12: 0900-1000 | S12: =SUM(C18:C21) -> 51 | T12: =SUM(D18:D21) -> 18 | U12: =SUM(E18:E21) -> 11 | V12: =SUM(F18:F21) -> 179 | W12: =SUM(G18:G21) -> 1 | X12: =SUM(H18:H21) -> 0 | Y12: =SUM(I18:I21) -> 11 | Z12: =SUM(J18:J21) -> 1 | ... AF12: =SUM(P18:P21) -> 852
B13: 07.45 - 08.00 | C13: 4 | D13: 3 | E13: 3 | F13: 70 | G13: 0 | H13: 0 | I13: 0 | J13: 1 | K13: 1 | L13: 0 | M13: 120 | N13: 0 | O13: =SUM(C13:L13,N13) -> 82 | P13: =SUM(C13:N13) -> 202 | R13: 1000-1100 | S13: =SUM(C22:C25) -> 34 | T13: =SUM(D22:D25) -> 13 | U13: =SUM(E22:E25) -> 9 | V13: =SUM(F22:F25) -> 118 | W13: =SUM(G22:G25) -> 0 | X13: =SUM(H22:H25) -> 0 | Y13: =SUM(I22:I25) -> 17 | Z13: =SUM(J22:J25) -> 0 | ... AF13: =SUM(P22:P25) -> 620
B14: 08.00 - 08.15 | C14: 15 | D14: 2 | E14: 0 | F14: 81 | G14: 0 | H14: 0 | I14: 3 | J14: 1 | K14: 0 | L14: 0 | M14: 130 | N14: 1 | O14: =SUM(C14:L14,N14) -> 103 | P14: =SUM(C14:N14) -> 233 | R14: 1100-1200 | S14: =SUM(C26:C29) -> 55 | T14: =SUM(D26:D29) -> 14 | U14: =SUM(E26:E29) -> 10 | V14: =SUM(F26:F29) -> 81 | W14: =SUM(G26:G29) -> 0 | X14: =SUM(H26:H29) -> 0 | Y14: =SUM(I26:I29) -> 16 | Z14: =SUM(J26:J29) -> 2 | ... AF14: =SUM(P26:P29) -> 772
B15: 08.15 - 08.30 | C15: 4 | D15: 5 | E15: 2 | F15: 58 | G15: 4 | H15: 0 | I15: 1 | J15: 1 | K15: 1 | L15: 0 | M15: 130 | N15: 0 | O15: =SUM(C15:L15,N15) -> 76 | P15: =SUM(C15:N15) -> 206 | R15: 1200-1300 | S15: =SUM(C30:C33) -> 58 | T15: =SUM(D30:D33) -> 13 | U15: =SUM(E30:E33) -> 9 | V15: =SUM(F30:F33) -> 121 | W15: =SUM(G30:G33) -> 1 | X15: =SUM(H30:H33) -> 0 | Y15: =SUM(I30:I33) -> 8 | Z15: =SUM(J30:J33) -> 3 | ... AF15: =SUM(P30:P33) -> 780
B16: 08.30 - 08.45 | C16: 9 | D16: 1 | E16: 1 | F16: 65 | G16: 0 | H16: 0 | I16: 2 | J16: 0 | K16: 1 | L16: 0 | M16: 160 | N16: 0 | O16: =SUM(C16:L16,N16) -> 79 | P16: =SUM(C16:N16) -> 239 | R16: 1300-1400 | S16: =SUM(C34:C37) -> 69 | T16: =SUM(D34:D37) -> 35 | U16: =SUM(E34:E37) -> 15 | V16: =SUM(F34:F37) -> 89 | W16: =SUM(G34:G37) -> 1 | X16: =SUM(H34:H37) -> 0 | Y16: =SUM(I34:I37) -> 16 | Z16: =SUM(J34:J37) -> 3 | ... AF16: =SUM(P34:P37) -> 729
B17: 08.45 - 9.00 | C17: 11 | D17: 0 | E17: 1 | F17: 35 | G17: 0 | H17: 0 | I17: 1 | J17: 0 | K17: 0 | L17: 0 | M17: 105 | N17: 0 | O17: =SUM(C17:L17,N17) -> 48 | P17: =SUM(C17:N17) -> 153 | R17: 1400-1500 | S17: =SUM(C38:C41) -> 87 | T17: =SUM(D38:D41) -> 42 | U17: =SUM(E38:E41) -> 17 | V17: =SUM(F38:F41) -> 82 | W17: =SUM(G38:G41) -> 0 | X17: =SUM(H38:H41) -> 0 | Y17: =SUM(I38:I41) -> 12 | Z17: =SUM(J38:J41) -> 0 | ... AF17: =SUM(P38:P41) -> 820
B18: 09.00 - 09.15 | C18: 11 | D18: 4 | E18: 2 | F18: 56 | G18: 0 | H18: 0 | I18: 3 | J18: 0 | K18: 0 | L18: 0 | M18: 160 | N18: 0 | O18: =SUM(C18:L18,N18) -> 76 | P18: =SUM(C18:N18) -> 236 | R18: 1500-1600 | S18: =SUM(C42:C45) -> 105 | T18: =SUM(D42:D45) -> 48 | U18: =SUM(E42:E45) -> 12 | V18: =SUM(F42:F45) -> 63 | W18: =SUM(G42:G45) -> 1 | X18: =SUM(H42:H45) -> 0 | Y18: =SUM(I42:I45) -> 17 | Z18: =SUM(J42:J45) -> 1 | ... AF18: =SUM(P42:P45) -> 553
B19: 09.15 - 09.30 | C19: 14 | D19: 5 | E19: 3 | F19: 50 | G19: 0 | H19: 0 | I19: 4 | J19: 0 | K19: 0 | L19: 0 | M19: 135 | N19: 0 | O19: =SUM(C19:L19,N19) -> 76 | P19: =SUM(C19:N19) -> 211 | R19: 1600-1700 | S19: =SUM(C46:C49) -> 86 | T19: =SUM(D46:D49) -> 36 | U19: =SUM(E46:E49) -> 23 | V19: =SUM(F46:F49) -> 85 | W19: =SUM(G46:G49) -> 3 | X19: =SUM(H46:H49) -> 0 | Y19: =SUM(I46:I49) -> 22 | Z19: =SUM(J46:J49) -> 4 | ... AF19: =SUM(P46:P49) -> 615
B20: 09.30 - 09.45 | C20: 21 | D20: 5 | E20: 2 | F20: 35 | G20: 0 | H20: 0 | I20: 2 | J20: 0 | K20: 0 | L20: 0 | M20: 130 | N20: 0 | O20: =SUM(C20:L20,N20) -> 65 | P20: =SUM(C20:N20) -> 195 | R20: 1700-1800 | S20: =SUM(C50:C53) -> 119 | T20: =SUM(D50:D53) -> 47 | U20: =SUM(E50:E53) -> 25 | V20: =SUM(F50:F53) -> 99 | W20: =SUM(G50:G53) -> 2 | X20: =SUM(H50:H53) -> 1 | Y20: =SUM(I50:I53) -> 16 | Z20: =SUM(J50:J53) -> 2 | ... AF20: =SUM(P50:P53) -> 646
B21: 09.45 - 10.00 | C21: 5 | D21: 4 | E21: 4 | F21: 38 | G21: 1 | H21: 0 | I21: 2 | J21: 1 | K21: 0 | L21: 0 | M21: 155 | N21: 0 | O21: =SUM(C21:L21,N21) -> 55 | P21: =SUM(C21:N21) -> 210 | R21: 1800-1900 | S21: =SUM(C54:C57) -> 136 | T21: =SUM(D54:D57) -> 68 | U21: =SUM(E54:E57) -> 11 | V21: =SUM(F54:F57) -> 130 | W21: =SUM(G54:G57) -> 3 | X21: =SUM(H54:H57) -> 0 | Y21: =SUM(I54:I57) -> 22 | Z21: =SUM(J54:J57) -> 4 | ... AF21: =SUM(P54:P57) -> 763
B22: 10.00 - 10.15 | C22: 11 | D22: 4 | E22: 2 | F22: 33 | G22: 0 | H22: 0 | I22: 3 | J22: 0 | K22: 0 | L22: 0 | M22: 180 | N22: 0 | O22: =SUM(C22:L22,N22) -> 53 | P22: =SUM(C22:N22) -> 233 | R22: 1900-2000 | S22: =SUM(C58:C61) -> 83 | T22: =SUM(D58:D61) -> 27 | U22: =SUM(E58:E61) -> 26 | V22: =SUM(F58:F61) -> 157 | W22: =SUM(G58:G61) -> 0 | X22: =SUM(H58:H61) -> 0 | Y22: =SUM(I58:I61) -> 0 | Z22: =SUM(J58:J61) -> 0 | ... AF22: =SUM(P58:P61) -> 560
B23: 10.15 - 10.30 | C23: 5 | D23: 4 | E23: 3 | F23: 31 | G23: 0 | H23: 0 | I23: 8 | J23: 0 | K23: 0 | L23: 0 | M23: 14 | N23: 0 | O23: =SUM(C23:L23,N23) -> 51 | P23: =SUM(C23:N23) -> 65 | R23: 2000-2100 | S23: =SUM(C62:C65) -> 110 | T23: =SUM(D62:D65) -> 32 | U23: =SUM(E62:E65) -> 13 | V23: =SUM(F62:F65) -> 133 | W23: =SUM(G62:G65) -> 2 | X23: =SUM(H62:H65) -> 0 | Y23: =SUM(I62:I65) -> 1 | Z23: =SUM(J62:J65) -> 0 | ... AF23: =SUM(P62:P65) -> 728
B24: 10.30 - 10.45 | C24: 6 | D24: 2 | E24: 1 | F24: 9 | G24: 0 | H24: 0 | I24: 1 | J24: 0 | K24: 0 | L24: 0 | M24: 70 | N24: 0 | O24: =SUM(C24:L24,N24) -> 19 | P24: =SUM(C24:N24) -> 89 | R24: 2100-2200 | S24: =SUM(C66:C69) -> 107 | T24: =SUM(D66:D69) -> 42 | U24: =SUM(E66:E69) -> 12 | V24: =SUM(F66:F69) -> 152 | W24: =SUM(G66:G69) -> 0 | X24: =SUM(H66:H69) -> 0 | Y24: =SUM(I66:I69) -> 0 | Z24: =SUM(J66:J69) -> 6 | ... AF24: =SUM(P66:P69) -> 591
B25: 10.45 - 11.00 | C25: 12 | D25: 3 | E25: 3 | F25: 45 | G25: 0 | H25: 0 | I25: 5 | J25: 0 | K25: 0 | L25: 0 | M25: 165 | N25: 0 | O25: =SUM(C25:L25,N25) -> 68 | P25: =SUM(C25:N25) -> 233 | R25: 2200-2300 | S25: =SUM(C70:C73) -> 83 | T25: =SUM(D70:D73) -> 26 | U25: =SUM(E70:E73) -> 7 | V25: =SUM(F70:F73) -> 83 | W25: =SUM(G70:G73) -> 1 | X25: =SUM(H70:H73) -> 0 | Y25: =SUM(I70:I73) -> 0 | Z25: =SUM(J70:J73) -> 1 | ... AF25: =SUM(P70:P73) -> 343
B26: 11.00 - 11.15 | C26: 10 | D26: 9 | E26: 3 | F26: 5 | G26: 0 | H26: 0 | I26: 7 | J26: 1 | K26: 0 | L26: 0 | M26: 175 | N26: 0 | O26: =SUM(C26:L26,N26) -> 35 | P26: =SUM(C26:N26) -> 210 | R26: 2300-0000 | S26: =SUM(C74:C77) -> 91 | T26: =SUM(D74:D77) -> 12 | U26: =SUM(E74:E77) -> 5 | V26: =SUM(F74:F77) -> 58 | W26: =SUM(G74:G77) -> 0 | X26: =SUM(H74:H77) -> 0 | Y26: =SUM(I74:I77) -> 1 | Z26: =SUM(J74:J77) -> 3 | ... AF26: =SUM(P74:P77) -> 277
B27: 11.15 - 11.30 | C27: 14 | D27: 1 | E27: 3 | F27: 32 | G27: 0 | H27: 0 | I27: 5 | J27: 0 | K27: 1 | L27: 0 | M27: 150 | N27: 0 | O27: =SUM(C27:L27,N27) -> 56 | P27: =SUM(C27:N27) -> 206 | R27: 0000-0100 | S27: =SUM(C78:C81) -> 49 | T27: =SUM(D78:D81) -> 6 | U27: =SUM(E78:E81) -> 8 | V27: =SUM(F78:F81) -> 43 | W27: =SUM(G78:G81) -> 0 | X27: =SUM(H78:H81) -> 0 | Y27: =SUM(I78:I81) -> 0 | Z27: =SUM(J78:J81) -> 4 | ... AF27: =SUM(P78:P81) -> 220
B28: 11.30 - 11.45 | C28: 13 | D28: 0 | E28: 0 | F28: 16 | G28: 0 | H28: 0 | I28: 1 | J28: 1 | K28: 2 | L28: 0 | M28: 130 | N28: 0 | O28: =SUM(C28:L28,N28) -> 33 | P28: =SUM(C28:N28) -> 163 | R28: 0100-0200 | S28: =SUM(C82:C85) -> 33 | T28: =SUM(D82:D85) -> 12 | U28: =SUM(E82:E85) -> 2 | V28: =SUM(F82:F85) -> 13 | W28: =SUM(G82:G85) -> 0 | X28: =SUM(H82:H85) -> 0 | Y28: =SUM(I82:I85) -> 0 | Z28: =SUM(J82:J85) -> 3 | ... AF28: =SUM(P82:P85) -> 158
B29: 11.45 - 12.00 | C29: 18 | D29: 4 | E29: 4 | F29: 28 | G29: 0 | H29: 0 | I29: 3 | J29: 0 | K29: 1 | L29: 0 | M29: 135 | N29: 0 | O29: =SUM(C29:L29,N29) -> 58 | P29: =SUM(C29:N29) -> 193 | R29: 0200-0300 | S29: =SUM(C86:C89) -> 27 | T29: =SUM(D86:D89) -> 8 | U29: =SUM(E86:E89) -> 5 | V29: =SUM(F86:F89) -> 22 | W29: =SUM(G86:G89) -> 0 | X29: =SUM(H86:H89) -> 0 | Y29: =SUM(I86:I89) -> 0 | Z29: =SUM(J86:J89) -> 0 | ... AF29: =SUM(P86:P89) -> 115
B30: 12.00 - 12.15 | C30: 15 | D30: 6 | E30: 3 | F30: 40 | G30: 0 | H30: 0 | I30: 1 | J30: 1 | K30: 1 | L30: 0 | M30: 145 | N30: 0 | O30: =SUM(C30:L30,N30) -> 67 | P30: =SUM(C30:N30) -> 212 | R30: 0300-0400 | S30: =SUM(C90:C93) -> 31 | T30: =SUM(D90:D93) -> 9 | U30: =SUM(E90:E93) -> 8 | V30: =SUM(F90:F93) -> 40 | W30: =SUM(G90:G93) -> 6 | X30: =SUM(H90:H93) -> 0 | Y30: =SUM(I90:I93) -> 0 | Z30: =SUM(J90:J93) -> 0 | ... AF30: =SUM(P90:P93) -> 211
B31: 12.15 - 12.30 | C31: 12 | D31: 3 | E31: 3 | F31: 32 | G31: 1 | H31: 0 | I31: 2 | J31: 1 | K31: 1 | L31: 0 | M31: 135 | N31: 0 | O31: =SUM(C31:L31,N31) -> 55 | P31: =SUM(C31:N31) -> 190 | R31: 0400-0500 | S31: =SUM(C94:C97) -> 48 | T31: =SUM(D94:D97) -> 8 | U31: =SUM(E94:E97) -> 2 | V31: =SUM(F94:F97) -> 4 | W31: =SUM(G94:G97) -> 0 | X31: =SUM(H94:H97) -> 0 | Y31: =SUM(I94:I97) -> 0 | Z31: =SUM(J94:J97) -> 0 | ... AF31: =SUM(P94:P97) -> 180
B32: 12.30 - 12.45 | C32: 18 | D32: 4 | E32: 2 | F32: 21 | G32: 0 | H32: 0 | I32: 4 | J32: 0 | K32: 0 | L32: 0 | M32: 135 | N32: 0 | O32: =SUM(C32:L32,N32) -> 49 | P32: =SUM(C32:N32) -> 184 | R32: 0500-0600 | S32: =SUM(C98:C101) -> 32 | T32: =SUM(D98:D101) -> 1 | U32: =SUM(E98:E101) -> 3 | V32: =SUM(F98:F101) -> 2 | W32: =SUM(G98:G101) -> 0 | X32: =SUM(H98:H101) -> 0 | Y32: =SUM(I98:I101) -> 1 | Z32: =SUM(J98:J101) -> 0 | ... AF32: =SUM(P98:P101) -> 171
B33: 12.45 - 13.00 | C33: 13 | D33: 0 | E33: 1 | F33: 28 | G33: 0 | H33: 0 | I33: 1 | J33: 1 | K33: 0 | L33: 0 | M33: 150 | N33: 0 | O33: =SUM(C33:L33,N33) -> 44 | P33: =SUM(C33:N33) -> 194 | R33: 0600-0700 | S33: =SUM(C102:C105) -> 17 | T33: =SUM(D102:D105) -> 9 | U33: =SUM(E102:E105) -> 1 | V33: =SUM(F102:F105) -> 10 | W33: =SUM(G102:G105) -> 0 | X33: =SUM(H102:H105) -> 0 | Y33: =SUM(I102:I105) -> 0 | Z33: =SUM(J102:J105) -> 0 | ... AF33: =SUM(P102:P105) -> 144
B34: 13.00 - 13.15 | C34: 19 | D34: 10 | E34: 2 | F34: 25 | G34: 1 | H34: 0 | I34: 5 | J34: 2 | K34: 0 | L34: 0 | M34: 130 | N34: 0 | O34: =SUM(C34:L34,N34) -> 64 | P34: =SUM(C34:N34) -> 194 | R34: AM Peak Hr | S34: =MAX(S10:S12) -> 52 | T34: =MAX(T10:T12) -> 27 | U34: =MAX(U10:U12) -> 11 | V34: =MAX(V10:V12) -> 292 | W34: =MAX(W10:W12) -> 4 | X34: =MAX(X10:X12) -> 0 | Y34: =MAX(Y10:Y12) -> 11 | Z34: =MAX(Z10:Z12) -> 3 | ... AF34: =MAX(AF10:AF12) -> 874
B35: 13.15 - 13.30 | C35: 16 | D35: 6 | E35: 2 | F35: 15 | G35: 0 | H35: 0 | I35: 4 | J35: 1 | K35: 1 | L35: 0 | M35: 100 | N35: 0 | O35: =SUM(C35:L35,N35) -> 45 | P35: =SUM(C35:N35) -> 145 | R35: IP Peak Hr | S35: =MAX(S13:S18) -> 105 | T35: =MAX(T13:T18) -> 48 | U35: =MAX(U13:U18) -> 17 | V35: =MAX(V13:V18) -> 121 | W35: =MAX(W13:W18) -> 1 | X35: =MAX(X13:X18) -> 0 | Y35: =MAX(Y13:Y18) -> 17 | Z35: =MAX(Z13:Z18) -> 3 | ... AF35: =MAX(AF13:AF18) -> 820
B36: 13.30 - 13.45 | C36: 12 | D36: 8 | E36: 4 | F36: 23 | G36: 0 | H36: 0 | I36: 5 | J36: 0 | K36: 0 | L36: 0 | M36: 130 | N36: 0 | O36: =SUM(C36:L36,N36) -> 52 | P36: =SUM(C36:N36) -> 182 | R36: PM Peak Hr | S36: =MAX(S19:S21) -> 136 | T36: =MAX(T19:T21) -> 68 | U36: =MAX(U19:U21) -> 25 | V36: =MAX(V19:V21) -> 130 | W36: =MAX(W19:W21) -> 3 | X36: =MAX(X19:X21) -> 1 | Y36: =MAX(Y19:Y21) -> 22 | Z36: =MAX(Z19:Z21) -> 4 | ... AF36: =MAX(AF19:AF21) -> 763
B37: 13.45 - 14.00 | C37: 22 | D37: 11 | E37: 7 | F37: 26 | G37: 0 | H37: 0 | I37: 2 | J37: 0 | K37: 0 | L37: 0 | M37: 140 | N37: 0 | O37: =SUM(C37:L37,N37) -> 68 | P37: =SUM(C37:N37) -> 208 | R37: AM Period | S37: =SUM(S10:S12) -> 142 | T37: =SUM(T10:T12) -> 53 | U37: =SUM(U10:U12) -> 20 | V37: =SUM(V10:V12) -> 710 | W37: =SUM(W10:W12) -> 6 | X37: =SUM(X10:X12) -> 0 | Y37: =SUM(Y10:Y12) -> 25 | Z37: =SUM(Z10:Z12) -> 6 | ... AF37: =SUM(AF10:AF12) -> 2557
B38: 14.00 - 14.15 | C38: 15 | D38: 12 | E38: 5 | F38: 27 | G38: 0 | H38: 0 | I38: 3 | J38: 0 | K38: 2 | L38: 0 | M38: 175 | N38: 0 | O38: =SUM(C38:L38,N38) -> 64 | P38: =SUM(C38:N38) -> 239 | R38: IP Period | S38: =SUM(S13:S18) -> 408 | T38: =SUM(T13:T18) -> 165 | U38: =SUM(U13:U18) -> 72 | V38: =SUM(V13:V18) -> 554 | W38: =SUM(W13:W18) -> 3 | X38: =SUM(X13:X18) -> 0 | Y38: =SUM(Y13:Y18) -> 86 | Z38: =SUM(Z13:Z18) -> 9 | ... AF38: =SUM(AF13:AF18) -> 4274
B39: 14.15 - 14.30 | C39: 23 | D39: 12 | E39: 5 | F39: 16 | G39: 0 | H39: 0 | I39: 1 | J39: 0 | K39: 0 | L39: 0 | M39: 150 | N39: 0 | O39: =SUM(C39:L39,N39) -> 57 | P39: =SUM(C39:N39) -> 207 | R39: PM Period | S39: =SUM(S19:S21) -> 341 | T39: =SUM(T19:T21) -> 151 | U39: =SUM(U19:U21) -> 59 | V39: =SUM(V19:V21) -> 314 | W39: =SUM(W19:W21) -> 8 | X39: =SUM(X19:X21) -> 1 | Y39: =SUM(Y19:Y21) -> 60 | Z39: =SUM(Z19:Z21) -> 10 | ... AF39: =SUM(AF19:AF21) -> 2024
B40: 14.30 - 14.45 | C40: 23 | D40: 5 | E40: 0 | F40: 22 | G40: 0 | H40: 0 | I40: 2 | J40: 0 | K40: 0 | L40: 0 | M40: 170 | N40: 0 | O40: =SUM(C40:L40,N40) -> 52 | P40: =SUM(C40:N40) -> 222 | R40: 12 Hours | S40: =SUM(S10:S21) -> 891 | T40: =SUM(T10:T21) -> 369 | U40: =SUM(U10:U21) -> 151 | V40: =SUM(V10:V21) -> 1578 | W40: =SUM(W10:W21) -> 17 | X40: =SUM(X10:X21) -> 1 | Y40: =SUM(Y10:Y21) -> 171 | Z40: =SUM(Z10:Z21) -> 25 | ... AF40: =SUM(AF10:AF21) -> 8855
B41: 14.45 - 15.00 | C41: 26 | D41: 13 | E41: 7 | F41: 17 | G41: 0 | H41: 0 | I41: 6 | J41: 0 | K41: 0 | L41: 0 | M41: 83 | N41: 0 | O41: =SUM(C41:L41,N41) -> 69 | P41: =SUM(C41:N41) -> 152 | R41: 24 Hrs/ADT | S41: =SUM(S10:S33) -> 1602 | T41: =SUM(T10:T33) -> 561 | U41: =SUM(U10:U33) -> 243 | V41: =SUM(V10:V33) -> 2295 | W41: =SUM(W10:W33) -> 26 | X41: =SUM(X10:X33) -> 1 | Y41: =SUM(Y10:Y33) -> 174 | Z41: =SUM(Z10:Z33) -> 42 | ... AF41: =SUM(AF10:AF33) -> 12553
B42: 15.00 - 15.15 | C42: 22 | D42: 11 | E42: 3 | F42: 24 | G42: 0 | H42: 0 | I42: 2 | J42: 0 | K42: 0 | L42: 0 | M42: 56 | N42: 0 | O42: =SUM(C42:L42,N42) -> 62 | P42: =SUM(C42:N42) -> 118 | R42: NEF | S42: =S41/S40 -> 1.7979798 | T42: =T41/T40 -> 1.5203252 | U42: =U41/U40 -> 1.6092715 | V42: =V41/V40 -> 1.4543726 | W42: =W41/W40 -> 1.5294118 | X42: =X41/X40 -> 1 | Y42: =Y41/Y40 -> 1.0175439 | Z42: =Z41/Z40 -> 1.68 | ... AF42: =AF41/AF40 -> 1.4176172
B43: 15.15 - 15.30 | C43: 29 | D43: 15 | E43: 6 | F43: 13 | G43: 0 | H43: 0 | I43: 3 | J43: 0 | K43: 0 | L43: 0 | M43: 117 | N43: 0 | O43: =SUM(C43:L43,N43) -> 66 | P43: =SUM(C43:N43) -> 183
B44: 15.30 - 15.45 | C44: 27 | D44: 14 | E44: 2 | F44: 17 | G44: 1 | H44: 0 | I44: 6 | J44: 0 | K44: 1 | L44: 0 | M44: 81 | N44: 0 | O44: =SUM(C44:L44,N44) -> 68 | P44: =SUM(C44:N44) -> 149
B45: 15.45 - 16.00 | C45: 27 | D45: 8 | E45: 1 | F45: 9 | G45: 0 | H45: 0 | I45: 6 | J45: 1 | K45: 1 | L45: 0 | M45: 50 | N45: 0 | O45: =SUM(C45:L45,N45) -> 53 | P45: =SUM(C45:N45) -> 103
B46: 16.00 - 16.15 | C46: 18 | D46: 6 | E46: 4 | F46: 22 | G46: 0 | H46: 0 | I46: 5 | J46: 0 | K46: 0 | L46: 0 | M46: 65 | N46: 0 | O46: =SUM(C46:L46,N46) -> 55 | P46: =SUM(C46:N46) -> 120
B47: 16.15 -16.30 | C47: 24 | D47: 13 | E47: 5 | F47: 18 | G47: 1 | H47: 0 | I47: 10 | J47: 2 | K47: 0 | L47: 0 | M47: 120 | N47: 0 | O47: =SUM(C47:L47,N47) -> 73 | P47: =SUM(C47:N47) -> 193
B48: 16.30 -16.45 | C48: 23 | D48: 13 | E48: 8 | F48: 24 | G48: 0 | H48: 0 | I48: 5 | J48: 1 | K48: 0 | L48: 0 | M48: 95 | N48: 0 | O48: =SUM(C48:L48,N48) -> 74 | P48: =SUM(C48:N48) -> 169
B49: 16.45 -17.00 | C49: 21 | D49: 4 | E49: 6 | F49: 21 | G49: 2 | H49: 0 | I49: 2 | J49: 1 | K49: 1 | L49: 0 | M49: 75 | N49: 0 | O49: =SUM(C49:L49,N49) -> 58 | P49: =SUM(C49:N49) -> 133
B50: 17.00 -17.15 | C50: 23 | D50: 8 | E50: 3 | F50: 21 | G50: 0 | H50: 1 | I50: 3 | J50: 0 | K50: 0 | L50: 0 | M50: 75 | N50: 0 | O50: =SUM(C50:L50,N50) -> 59 | P50: =SUM(C50:N50) -> 134
B51: 17.15 -17.30 | C51: 31 | D51: 8 | E51: 8 | F51: 26 | G51: 2 | H51: 0 | I51: 6 | J51: 1 | K51: 0 | L51: 0 | M51: 100 | N51: 0 | O51: =SUM(C51:L51,N51) -> 82 | P51: =SUM(C51:N51) -> 182
B52: 17.30 -17.45 | C52: 36 | D52: 16 | E52: 8 | F52: 17 | G52: 0 | H52: 0 | I52: 3 | J52: 1 | K52: 0 | L52: 0 | M52: 85 | N52: 0 | O52: =SUM(C52:L52,N52) -> 81 | P52: =SUM(C52:N52) -> 166
B53: 17.45 -18.00 | C53: 29 | D53: 15 | E53: 6 | F53: 35 | G53: 0 | H53: 0 | I53: 4 | J53: 0 | K53: 0 | L53: 0 | M53: 75 | N53: 0 | O53: =SUM(C53:L53,N53) -> 89 | P53: =SUM(C53:N53) -> 164
B54: 18.00 - 18.15 | C54: 36 | D54: 18 | E54: 2 | F54: 28 | G54: 1 | H54: 0 | I54: 2 | J54: 0 | K54: 0 | L54: 0 | M54: 90 | N54: 0 | O54: =SUM(C54:L54,N54) -> 87 | P54: =SUM(C54:N54) -> 177
... B105: 06.45 - 07.00 | C105: 2 | D105: 0 | E105: 1 | F105: 5 | G105: 0 | H105: 0 | I105: 0 | J105: 0 | K105: 0 | L105: 0 | M105: 20 | N105: 0 | O105: =SUM(C105:L105,N105) -> 8 | P105: =SUM(C105:N105) -> 28
B106: Totals | C106: =SUM(C10:C105) -> 1602 | D106: =SUM(D10:D105) -> 561 | E106: =SUM(E10:E105) -> 243 | F106: =SUM(F10:F105) -> 2295 | G106: =SUM(G10:G105) -> 26 | H106: =SUM(H10:H105) -> 1 | I106: =SUM(I10:I105) -> 174 | J106: =SUM(J10:J105) -> 42 | ... P106: =SUM(P10:P105) -> 12553
B107: %ges + MCs | C107: =C106/$P$106 -> 0.1276189 | D107: =D106/$P$106 -> 0.044690512 | E107: =E106/$P$106 -> 0.019357922 | F107: =F106/$P$106 -> 0.18282482 | G107: =G106/$P$106 -> 0.002071218 | H107: =H106/$P$106 -> 7.9662232e-05 | I107: =I106/$P$106 -> 0.013861228 | J107: =J106/$P$106 -> 0.0033458137 | ... N107: =N106/$P$106 -> 0.00015932446
B108: %ges w/o MCs | C108: =C106/$O$106 -> 0.32084919 | D108: =D106/$O$106 -> 0.1123573 | E108: =E106/$O$106 -> 0.048668135 | F108: =F106/$O$106 -> 0.4596435 | G108: =G106/$O$106 -> 0.0052072902 | H108: =H106/$O$106 -> 0.00020028039 | I108: =I106/$O$106 -> 0.034848788 | J108: =J106/$O$106 -> 0.0084117765 | ... L108: =L106/$O$106 -> 0 | N108: =N106/$O$106 -> 0.00040056079

Sheet 26.07 Munyonyo-Kibuye-24h
B1: Consultancy services for Preparation of Expressway Development Master Plan (EDMP) for Uganda
B2: MANUAL CLASSIFIED COUNT (MCC)
B3: ROAD NAME: | C3: ='22.07 Kibuye-Munyonyo'!C3:G3 -> MCC - C1 - STN01A - SALAMA ROAD
C5: Date | D5: ='26.07 Kibuye-Munyonyo-24h'!D5 -> 26.07.19 | F5: Location | G5: ='26.07 Kibuye-Munyonyo-24h'!G5:H5 -> Salama road 1A | J5: Surveyor | K5: Gerald
C6: Dir. From | D6: ='22.07 Munyonyo-Kibuye'!D6:E6 -> Munyonyo | F6: Dir. To | G6: ='23.07 Munyonyo-Kibuye'!G6:H6 -> Kibuye | J6: Supervisor | K6: ='26.07 Kibuye-Munyonyo-24h'!K6:L6 -> Emma
B8: Time / Veh Type | R8: SUMMARY TRAFFIC VOLUMES
C9: 1. Car | D9: 2. Station Wagon | E9: 3. Pickups | F9: 4. Minibus, matatu | G9: 5. Medium bus | H9: 6. Large Bus | I9: 7. Light Truck | J9: 8. Medium Truck | K9: 9. Heavy truck | L9: 10. Truck Trailer | M9: 11. Motor cycles | N9: 12. Tractors | O9: Total Excl M/Cycles | P9: Total All | R9: Time | S9: 1. Car | T9: 2. Station Wagon | U9: 3. Pickups | V9: 4. Minibus, matatu | W9: 5. Medium bus | X9: 6. Large Bus | Y9: 7. Light Truck | Z9: 8. Medium Truck | AA9: 9. Heavy truck | AB9: 10. Truck Trailer | AC9: 11. Motorcycles | AD9: 12. Tractors, Graders | AE9: Total Excl M/ Cycles | AF9: Total All
B10: 07.00 - 07.15 | C10: 43 | D10: 22 | E10: 7 | F10: 62 | G10: 1 | H10: 0 | I10: 1 | J10: 0 | K10: 0 | L10: 0 | M10: 224 | N10: 0 | O10: =SUM(C10:L10,N10) -> 136 | P10: =SUM(C10:N10) -> 360 | R10: 0700-0800 | S10: =SUM(C10:C13) -> 136 | T10: =SUM(D10:D13) -> 60 | U10: =SUM(E10:E13) -> 15 | V10: =SUM(F10:F13) -> 230 | W10: =SUM(G10:G13) -> 4 | X10: =SUM(H10:H13) -> 0 | Y10: =SUM(I10:I13) -> 11 | Z10: =SUM(J10:J13) -> 1 | ... AF10: =SUM(P10:P13) -> 1424
B11: 07.15 - 07.30 | C11: 28 | D11: 14 | E11: 3 | F11: 57 | G11: 1 | H11: 0 | I11: 3 | J11: 0 | K11: 0 | L11: 0 | M11: 227 | N11: 0 | O11: =SUM(C11:L11,N11) -> 106 | P11: =SUM(C11:N11) -> 333 | R11: 0800-0900 | S11: =SUM(C14:C17) -> 108 | T11: =SUM(D14:D17) -> 57 | U11: =SUM(E14:E17) -> 16 | V11: =SUM(F14:F17) -> 211 | W11: =SUM(G14:G17) -> 1 | X11: =SUM(H14:H17) -> 0 | Y11: =SUM(I14:I17) -> 11 | Z11: =SUM(J14:J17) -> 0 | ... AF11: =SUM(P14:P17) -> 1510
B12: 07.30 - 07.45 | C12: 37 | D12: 11 | E12: 5 | F12: 69 | G12: 0 | H12: 0 | I12: 2 | J12: 1 | K12: 1 | L12: 0 | M12: 290 | N12: 0 | O12: =SUM(C12:L12,N12) -> 126 | P12: =SUM(C12:N12) -> 416 | R12: 0900-1000 | S12: =SUM(C18:C21) -> 88 | T12: =SUM(D18:D21) -> 45 | U12: =SUM(E18:E21) -> 16 | V12: =SUM(F18:F21) -> 145 | W12: =SUM(G18:G21) -> 0 | X12: =SUM(H18:H21) -> 0 | Y12: =SUM(I18:I21) -> 7 | Z12: =SUM(J18:J21) -> 0 | ... AF12: =SUM(P18:P21) -> 1117
B13: 07.45 - 08.00 | C13: 28 | D13: 13 | E13: 0 | F13: 42 | G13: 2 | H13: 0 | I13: 5 | J13: 0 | K13: 0 | L13: 0 | M13: 225 | N13: 0 | O13: =SUM(C13:L13,N13) -> 90 | P13: =SUM(C13:N13) -> 315 | R13: 1000-1100 | S13: =SUM(C22:C25) -> 51 | T13: =SUM(D22:D25) -> 36 | U13: =SUM(E22:E25) -> 10 | V13: =SUM(F22:F25) -> 132 | W13: =SUM(G22:G25) -> 2 | X13: =SUM(H22:H25) -> 0 | Y13: =SUM(I22:I25) -> 6 | Z13: =SUM(J22:J25) -> 2 | ... AF13: =SUM(P22:P25) -> 675
B14: 08.00 - 08.15 | C14: 29 | D14: 9 | E14: 4 | F14: 57 | G14: 0 | H14: 0 | I14: 2 | J14: 0 | K14: 0 | L14: 0 | M14: 290 | N14: 0 | O14: =SUM(C14:L14,N14) -> 101 | P14: =SUM(C14:N14) -> 391 | R14: 1100-1200 | S14: =SUM(C26:C29) -> 55 | T14: =SUM(D26:D29) -> 45 | U14: =SUM(E26:E29) -> 11 | V14: =SUM(F26:F29) -> 88 | W14: =SUM(G26:G29) -> 0 | X14: =SUM(H26:H29) -> 0 | Y14: =SUM(I26:I29) -> 7 | Z14: =SUM(J26:J29) -> 2 | ... AF14: =SUM(P26:P29) -> 665
B15: 08.15 - 08.30 | C15: 23 | D15: 13 | E15: 5 | F15: 49 | G15: 0 | H15: 0 | I15: 2 | J15: 0 | K15: 0 | L15: 0 | M15: 275 | N15: 0 | O15: =SUM(C15:L15,N15) -> 92 | P15: =SUM(C15:N15) -> 367 | R15: 1200-1300 | S15: =SUM(C30:C33) -> 72 | T15: =SUM(D30:D33) -> 28 | U15: =SUM(E30:E33) -> 7 | V15: =SUM(F30:F33) -> 55 | W15: =SUM(G30:G33) -> 0 | X15: =SUM(H30:H33) -> 0 | Y15: =SUM(I30:I33) -> 12 | Z15: =SUM(J30:J33) -> 0 | ... AF15: =SUM(P30:P33) -> 557
B16: 08.30 - 08.45 | C16: 28 | D16: 17 | E16: 2 | F16: 56 | G16: 0 | H16: 0 | I16: 5 | J16: 0 | K16: 1 | L16: 0 | M16: 270 | N16: 0 | O16: =SUM(C16:L16,N16) -> 109 | P16: =SUM(C16:N16) -> 379 | R16: 1300-1400 | S16: =SUM(C34:C37) -> 54 | T16: =SUM(D34:D37) -> 35 | U16: =SUM(E34:E37) -> 9 | V16: =SUM(F34:F37) -> 66 | W16: =SUM(G34:G37) -> 1 | X16: =SUM(H34:H37) -> 0 | Y16: =SUM(I34:I37) -> 14 | Z16: =SUM(J34:J37) -> 3 | ... AF16: =SUM(P34:P37) -> 573
B17: 08.45 - 9.00 | C17: 28 | D17: 18 | E17: 5 | F17: 49 | G17: 1 | H17: 0 | I17: 2 | J17: 0 | K17: 0 | L17: 0 | M17: 270 | N17: 0 | O17: =SUM(C17:L17,N17) -> 103 | P17: =SUM(C17:N17) -> 373 | R17: 1400-1500 | S17: =SUM(C38:C41) -> 60 | T17: =SUM(D38:D41) -> 53 | U17: =SUM(E38:E41) -> 20 | V17: =SUM(F38:F41) -> 53 | W17: =SUM(G38:G41) -> 0 | X17: =SUM(H38:H41) -> 0 | Y17: =SUM(I38:I41) -> 13 | Z17: =SUM(J38:J41) -> 2 | ... AF17: =SUM(P38:P41) -> 614
B18: 09.00 - 09.15 | C18: 28 | D18: 9 | E18: 6 | F18: 43 | G18: 0 | H18: 0 | I18: 2 | J18: 0 | K18: 0 | L18: 0 | M18: 225 | N18: 0 | O18: =SUM(C18:L18,N18) -> 88 | P18: =SUM(C18:N18) -> 313 | R18: 1500-1600 | S18: =SUM(C42:C45) -> 61 | T18: =SUM(D42:D45) -> 44 | U18: =SUM(E42:E45) -> 9 | V18: =SUM(F42:F45) -> 69 | W18: =SUM(G42:G45) -> 1 | X18: =SUM(H42:H45) -> 0 | Y18: =SUM(I42:I45) -> 9 | Z18: =SUM(J42:J45) -> 1 | ... AF18: =SUM(P42:P45) -> 577
B19: 09.15 - 09.30 | C19: 21 | D19: 12 | E19: 4 | F19: 31 | G19: 0 | H19: 0 | I19: 0 | J19: 0 | K19: 0 | L19: 0 | M19: 190 | N19: 0 | O19: =SUM(C19:L19,N19) -> 68 | P19: =SUM(C19:N19) -> 258 | R19: 1600-1700 | S19: =SUM(C46:C49) -> 80 | T19: =SUM(D46:D49) -> 38 | U19: =SUM(E46:E49) -> 29 | V19: =SUM(F46:F49) -> 65 | W19: =SUM(G46:G49) -> 3 | X19: =SUM(H46:H49) -> 0 | Y19: =SUM(I46:I49) -> 13 | Z19: =SUM(J46:J49) -> 1 | ... AF19: =SUM(P46:P49) -> 777
B20: 09.30 - 09.45 | C20: 23 | D20: 10 | E20: 5 | F20: 34 | G20: 0 | H20: 0 | I20: 2 | J20: 0 | K20: 0 | L20: 0 | M20: 200 | N20: 0 | O20: =SUM(C20:L20,N20) -> 74 | P20: =SUM(C20:N20) -> 274 | R20: 1700-1800 | S20: =SUM(C50:C53) -> 58 | T20: =SUM(D50:D53) -> 36 | U20: =SUM(E50:E53) -> 10 | V20: =SUM(F50:F53) -> 63 | W20: =SUM(G50:G53) -> 1 | X20: =SUM(H50:H53) -> 1 | Y20: =SUM(I50:I53) -> 13 | Z20: =SUM(J50:J53) -> 2 | ... AF20: =SUM(P50:P53) -> 709
B21: 09.45 - 10.00 | C21: 16 | D21: 14 | E21: 1 | F21: 37 | G21: 0 | H21: 0 | I21: 3 | J21: 0 | K21: 0 | L21: 0 | M21: 201 | N21: 0 | O21: =SUM(C21:L21,N21) -> 71 | P21: =SUM(C21:N21) -> 272 | R21: 1800-1900 | S21: =SUM(C54:C57) -> 73 | T21: =SUM(D54:D57) -> 52 | U21: =SUM(E54:E57) -> 23 | V21: =SUM(F54:F57) -> 73 | W21: =SUM(G54:G57) -> 18 | X21: =SUM(H54:H57) -> 17 | Y21: =SUM(I54:I57) -> 23 | Z21: =SUM(J54:J57) -> 17 | ... AF21: =SUM(P54:P57) -> 930
B22: 10.00 - 10.15 | C22: 17 | D22: 12 | E22: 5 | F22: 33 | G22: 0 | H22: 0 | I22: 1 | J22: 1 | K22: 0 | L22: 0 | M22: 134 | N22: 0 | O22: =SUM(C22:L22,N22) -> 69 | P22: =SUM(C22:N22) -> 203 | R22: 1900-2000 | S22: =SUM(C58:C61) -> 48 | T22: =SUM(D58:D61) -> 45 | U22: =SUM(E58:E61) -> 7 | V22: =SUM(F58:F61) -> 130 | W22: =SUM(G58:G61) -> 2 | X22: =SUM(H58:H61) -> 0 | Y22: =SUM(I58:I61) -> 12 | Z22: =SUM(J58:J61) -> 0 | ... AF22: =SUM(P58:P61) -> 1049
B23: 10.15 - 10.30 | C23: 8 | D23: 4 | E23: 1 | F23: 22 | G23: 1 | H23: 0 | I23: 2 | J23: 0 | K23: 0 | L23: 0 | M23: 65 | N23: 0 | O23: =SUM(C23:L23,N23) -> 38 | P23: =SUM(C23:N23) -> 103 | R23: 2000-2100 | S23: =SUM(C62:C65) -> 49 | T23: =SUM(D62:D65) -> 21 | U23: =SUM(E62:E65) -> 12 | V23: =SUM(F62:F65) -> 135 | W23: =SUM(G62:G65) -> 4 | X23: =SUM(H62:H65) -> 0 | Y23: =SUM(I62:I65) -> 6 | Z23: =SUM(J62:J65) -> 2 | ... AF23: =SUM(P62:P65) -> 1120
B24: 10.30 - 10.45 | C24: 14 | D24: 10 | E24: 0 | F24: 65 | G24: 0 | H24: 0 | I24: 3 | J24: 1 | K24: 0 | L24: 0 | M24: 145 | N24: 0 | O24: =SUM(C24:L24,N24) -> 93 | P24: =SUM(C24:N24) -> 238 | R24: 2100-2200 | S24: =SUM(C66:C69) -> 64 | T24: =SUM(D66:D69) -> 33 | U24: =SUM(E66:E69) -> 8 | V24: =SUM(F66:F69) -> 108 | W24: =SUM(G66:G69) -> 0 | X24: =SUM(H66:H69) -> 0 | Y24: =SUM(I66:I69) -> 5 | Z24: =SUM(J66:J69) -> 0 | ... AF24: =SUM(P66:P69) -> 1139
B25: 10.45 - 11.00 | C25: 12 | D25: 10 | E25: 4 | F25: 12 | G25: 1 | H25: 0 | I25: 0 | J25: 0 | K25: 0 | L25: 0 | M25: 92 | N25: 0 | O25: =SUM(C25:L25,N25) -> 39 | P25: =SUM(C25:N25) -> 131 | R25: 2200-2300 | S25: =SUM(C70:C73) -> 80 | T25: =SUM(D70:D73) -> 26 | U25: =SUM(E70:E73) -> 8 | V25: =SUM(F70:F73) -> 94 | W25: =SUM(G70:G73) -> 0 | X25: =SUM(H70:H73) -> 0 | Y25: =SUM(I70:I73) -> 5 | Z25: =SUM(J70:J73) -> 0 | ... AF25: =SUM(P70:P73) -> 771
B26: 11.00 - 11.15 | C26: 15 | D26: 10 | E26: 8 | F26: 25 | G26: 0 | H26: 0 | I26: 3 | J26: 0 | K26: 0 | L26: 0 | M26: 131 | N26: 0 | O26: =SUM(C26:L26,N26) -> 61 | P26: =SUM(C26:N26) -> 192 | R26: 2300-0000 | S26: =SUM(C74:C77) -> 72 | T26: =SUM(D74:D77) -> 34 | U26: =SUM(E74:E77) -> 4 | V26: =SUM(F74:F77) -> 53 | W26: =SUM(G74:G77) -> 2 | X26: =SUM(H74:H77) -> 0 | Y26: =SUM(I74:I77) -> 4 | Z26: =SUM(J74:J77) -> 0 | ... AF26: =SUM(P74:P77) -> 546
B27: 11.15 - 11.30 | C27: 16 | D27: 12 | E27: 0 | F27: 23 | G27: 0 | H27: 0 | I27: 1 | J27: 1 | K27: 0 | L27: 0 | M27: 120 | N27: 0 | O27: =SUM(C27:L27,N27) -> 53 | P27: =SUM(C27:N27) -> 173 | R27: 0000-0100 | S27: =SUM(C78:C81) -> 45 | T27: =SUM(D78:D81) -> 36 | U27: =SUM(E78:E81) -> 4 | V27: =SUM(F78:F81) -> 16 | W27: =SUM(G78:G81) -> 0 | X27: =SUM(H78:H81) -> 0 | Y27: =SUM(I78:I81) -> 3 | Z27: =SUM(J78:J81) -> 0 | ... AF27: =SUM(P78:P81) -> 456
B28: 11.30 - 11.45 | C28: 14 | D28: 9 | E28: 2 | F28: 23 | G28: 0 | H28: 0 | I28: 1 | J28: 0 | K28: 0 | L28: 0 | M28: 114 | N28: 0 | O28: =SUM(C28:L28,N28) -> 49 | P28: =SUM(C28:N28) -> 163 | R28: 0100-0200 | S28: =SUM(C82:C85) -> 27 | T28: =SUM(D82:D85) -> 20 | U28: =SUM(E82:E85) -> 2 | V28: =SUM(F82:F85) -> 3 | W28: =SUM(G82:G85) -> 0 | X28: =SUM(H82:H85) -> 0 | Y28: =SUM(I82:I85) -> 3 | Z28: =SUM(J82:J85) -> 2 | ... AF28: =SUM(P82:P85) -> 219
B29: 11.45 - 12.00 | C29: 10 | D29: 14 | E29: 1 | F29: 17 | G29: 0 | H29: 0 | I29: 2 | J29: 1 | K29: 0 | L29: 0 | M29: 92 | N29: 0 | O29: =SUM(C29:L29,N29) -> 45 | P29: =SUM(C29:N29) -> 137 | R29: 0200-0300 | S29: =SUM(C86:C89) -> 38 | T29: =SUM(D86:D89) -> 16 | U29: =SUM(E86:E89) -> 0 | V29: =SUM(F86:F89) -> 5 | W29: =SUM(G86:G89) -> 0 | X29: =SUM(H86:H89) -> 0 | Y29: =SUM(I86:I89) -> 3 | Z29: =SUM(J86:J89) -> 2 | ... AF29: =SUM(P86:P89) -> 243
B30: 12.00 - 12.15 | C30: 18 | D30: 9 | E30: 3 | F30: 17 | G30: 0 | H30: 0 | I30: 2 | J30: 0 | K30: 1 | L30: 0 | M30: 130 | N30: 0 | O30: =SUM(C30:L30,N30) -> 50 | P30: =SUM(C30:N30) -> 180 | R30: 0300-0400 | S30: =SUM(C90:C93) -> 17 | T30: =SUM(D90:D93) -> 8 | U30: =SUM(E90:E93) -> 1 | V30: =SUM(F90:F93) -> 3 | W30: =SUM(G90:G93) -> 0 | X30: =SUM(H90:H93) -> 0 | Y30: =SUM(I90:I93) -> 3 | Z30: =SUM(J90:J93) -> 1 | ... AF30: =SUM(P90:P93) -> 188
B31: 12.15 - 12.30 | C31: 22 | D31: 8 | E31: 3 | F31: 13 | G31: 0 | H31: 0 | I31: 2 | J31: 0 | K31: 0 | L31: 0 | M31: 95 | N31: 0 | O31: =SUM(C31:L31,N31) -> 48 | P31: =SUM(C31:N31) -> 143 | R31: 0400-0500 | S31: =SUM(C94:C97) -> 19 | T31: =SUM(D94:D97) -> 12 | U31: =SUM(E94:E97) -> 12 | V31: =SUM(F94:F97) -> 19 | W31: =SUM(G94:G97) -> 0 | X31: =SUM(H94:H97) -> 0 | Y31: =SUM(I94:I97) -> 2 | Z31: =SUM(J94:J97) -> 1 | ... AF31: =SUM(P94:P97) -> 216
B32: 12.30 - 12.45 | C32: 15 | D32: 3 | E32: 0 | F32: 8 | G32: 0 | H32: 0 | I32: 1 | J32: 0 | K32: 0 | L32: 0 | M32: 75 | N32: 0 | O32: =SUM(C32:L32,N32) -> 27 | P32: =SUM(C32:N32) -> 102 | R32: 0500-0600 | S32: =SUM(C98:C101) -> 39 | T32: =SUM(D98:D101) -> 15 | U32: =SUM(E98:E101) -> 8 | V32: =SUM(F98:F101) -> 53 | W32: =SUM(G98:G101) -> 0 | X32: =SUM(H98:H101) -> 0 | Y32: =SUM(I98:I101) -> 2 | Z32: =SUM(J98:J101) -> 0 | ... AF32: =SUM(P98:P101) -> 334
B33: 12.45 - 13.00 | C33: 17 | D33: 8 | E33: 1 | F33: 17 | G33: 0 | H33: 0 | I33: 7 | J33: 0 | K33: 0 | L33: 0 | M33: 82 | N33: 0 | O33: =SUM(C33:L33,N33) -> 50 | P33: =SUM(C33:N33) -> 132 | R33: 0600-0700 | S33: =SUM(C102:C105) -> 36 | T33: =SUM(D102:D105) -> 33 | U33: =SUM(E102:E105) -> 11 | V33: =SUM(F102:F105) -> 138 | W33: =SUM(G102:G105) -> 0 | X33: =SUM(H102:H105) -> 0 | Y33: =SUM(I102:I105) -> 11 | Z33: =SUM(J102:J105) -> 1 | ... AF33: =SUM(P102:P105) -> 574
B34: 13.00 - 13.15 | C34: 19 | D34: 12 | E34: 2 | F34: 18 | G34: 0 | H34: 0 | I34: 2 | J34: 0 | K34: 0 | L34: 0 | M34: 95 | N34: 0 | O34: =SUM(C34:L34,N34) -> 53 | P34: =SUM(C34:N34) -> 148 | R34: AM Peak Hr | S34: =MAX(S10:S12) -> 136 | T34: =MAX(T10:T12) -> 60 | U34: =MAX(U10:U12) -> 16 | V34: =MAX(V10:V12) -> 230 | W34: =MAX(W10:W12) -> 4 | X34: =MAX(X10:X12) -> 0 | Y34: =MAX(Y10:Y12) -> 11 | Z34: =MAX(Z10:Z12) -> 1 | ... AF34: =MAX(AF10:AF12) -> 1510
B35: 13.15 - 13.30 | C35: 10 | D35: 6 | E35: 0 | F35: 19 | G35: 1 | H35: 0 | I35: 2 | J35: 0 | K35: 0 | L35: 0 | M35: 75 | N35: 0 | O35: =SUM(C35:L35,N35) -> 38 | P35: =SUM(C35:N35) -> 113 | R35: IP Peak Hr | S35: =MAX(S13:S18) -> 72 | T35: =MAX(T13:T18) -> 53 | U35: =MAX(U13:U18) -> 20 | V35: =MAX(V13:V18) -> 132 | W35: =MAX(W13:W18) -> 2 | X35: =MAX(X13:X18) -> 0 | Y35: =MAX(Y13:Y18) -> 14 | Z35: =MAX(Z13:Z18) -> 3 | ... AF35: =MAX(AF13:AF18) -> 675
B36: 13.30 - 13.45 | C36: 14 | D36: 8 | E36: 2 | F36: 16 | G36: 0 | H36: 0 | I36: 7 | J36: 2 | K36: 0 | L36: 0 | M36: 121 | N36: 0 | O36: =SUM(C36:L36,N36) -> 49 | P36: =SUM(C36:N36) -> 170 | R36: PM Peak Hr | S36: =MAX(S19:S21) -> 80 | T36: =MAX(T19:T21) -> 52 | U36: =MAX(U19:U21) -> 29 | V36: =MAX(V19:V21) -> 73 | W36: =MAX(W19:W21) -> 18 | X36: =MAX(X19:X21) -> 17 | Y36: =MAX(Y19:Y21) -> 23 | Z36: =MAX(Z19:Z21) -> 17 | ... AF36: =MAX(AF19:AF21) -> 930
B37: 13.45 - 14.00 | C37: 11 | D37: 9 | E37: 5 | F37: 13 | G37: 0 | H37: 0 | I37: 3 | J37: 1 | K37: 0 | L37: 0 | M37: 100 | N37: 0 | O37: =SUM(C37:L37,N37) -> 42 | P37: =SUM(C37:N37) -> 142 | R37: AM Period | S37: =SUM(S10:S12) -> 332 | T37: =SUM(T10:T12) -> 162 | U37: =SUM(U10:U12) -> 47 | V37: =SUM(V10:V12) -> 586 | W37: =SUM(W10:W12) -> 5 | X37: =SUM(X10:X12) -> 0 | Y37: =SUM(Y10:Y12) -> 29 | Z37: =SUM(Z10:Z12) -> 1 | ... AF37: =SUM(AF10:AF12) -> 4051
B38: 14.00 - 14.15 | C38: 16 | D38: 10 | E38: 3 | F38: 12 | G38: 0 | H38: 0 | I38: 2 | J38: 1 | K38: 1 | L38: 0 | M38: 88 | N38: 0 | O38: =SUM(C38:L38,N38) -> 45 | P38: =SUM(C38:N38) -> 133 | R38: IP Period | S38: =SUM(S13:S18) -> 353 | T38: =SUM(T13:T18) -> 241 | U38: =SUM(U13:U18) -> 66 | V38: =SUM(V13:V18) -> 463 | W38: =SUM(W13:W18) -> 4 | X38: =SUM(X13:X18) -> 0 | Y38: =SUM(Y13:Y18) -> 61 | Z38: =SUM(Z13:Z18) -> 10 | ... AF38: =SUM(AF13:AF18) -> 3661
B39: 14.15 - 14.30 | C39: 15 | D39: 11 | E39: 2 | F39: 12 | G39: 0 | H39: 0 | I39: 4 | J39: 0 | K39: 1 | L39: 0 | M39: 115 | N39: 0 | O39: =SUM(C39:L39,N39) -> 45 | P39: =SUM(C39:N39) -> 160 | R39: PM Period | S39: =SUM(S19:S21) -> 211 | T39: =SUM(T19:T21) -> 126 | U39: =SUM(U19:U21) -> 62 | V39: =SUM(V19:V21) -> 201 | W39: =SUM(W19:W21) -> 22 | X39: =SUM(X19:X21) -> 18 | Y39: =SUM(Y19:Y21) -> 49 | Z39: =SUM(Z19:Z21) -> 20 | ... AF39: =SUM(AF19:AF21) -> 2416
B40: 14.30 - 14.45 | C40: 15 | D40: 15 | E40: 8 | F40: 16 | G40: 0 | H40: 0 | I40: 4 | J40: 1 | K40: 0 | L40: 0 | M40: 121 | N40: 0 | O40: =SUM(C40:L40,N40) -> 59 | P40: =SUM(C40:N40) -> 180 | R40: 12 Hours | S40: =SUM(S10:S21) -> 896 | T40: =SUM(T10:T21) -> 529 | U40: =SUM(U10:U21) -> 175 | V40: =SUM(V10:V21) -> 1250 | W40: =SUM(W10:W21) -> 31 | X40: =SUM(X10:X21) -> 18 | Y40: =SUM(Y10:Y21) -> 139 | Z40: =SUM(Z10:Z21) -> 31 | ... AF40: =SUM(AF10:AF21) -> 10128
B41: 14.45 - 15.00 | C41: 14 | D41: 17 | E41: 7 | F41: 13 | G41: 0 | H41: 0 | I41: 3 | J41: 0 | K41: 0 | L41: 0 | M41: 87 | N41: 0 | O41: =SUM(C41:L41,N41) -> 54 | P41: =SUM(C41:N41) -> 141 | R41: 24 Hrs/ADT | S41: =SUM(S10:S33) -> 1430 | T41: =SUM(T10:T33) -> 828 | U41: =SUM(U10:U33) -> 252 | V41: =SUM(V10:V33) -> 2007 | W41: =SUM(W10:W33) -> 39 | X41: =SUM(X10:X33) -> 18 | Y41: =SUM(Y10:Y33) -> 198 | Z41: =SUM(Z10:Z33) -> 40 | ... AF41: =SUM(AF10:AF33) -> 16983
B42: 15.00 - 15.15 | C42: 16 | D42: 10 | E42: 4 | F42: 18 | G42: 1 | H42: 0 | I42: 3 | J42: 0 | K42: 0 | L42: 1 | M42: 48 | N42: 0 | O42: =SUM(C42:L42,N42) -> 53 | P42: =SUM(C42:N42) -> 101 | R42: NEF | S42: =S41/S40 -> 1.5959821 | T42: =T41/T40 -> 1.5652174 | U42: =U41/U40 -> 1.44 | V42: =V41/V40 -> 1.6056 | W42: =W41/W40 -> 1.2580645 | X42: =X41/X40 -> 1 | Y42: =Y41/Y40 -> 1.4244604 | Z42: =Z41/Z40 -> 1.2903226 | ... AF42: =AF41/AF40 -> 1.6768365
B43: 15.15 - 15.30 | C43: 14 | D43: 10 | E43: 2 | F43: 16 | G43: 0 | H43: 0 | I43: 2 | J43: 1 | K43: 0 | L43: 0 | M43: 96 | N43: 0 | O43: =SUM(C43:L43,N43) -> 45 | P43: =SUM(C43:N43) -> 141
B44: 15.30 - 15.45 | C44: 14 | D44: 15 | E44: 2 | F44: 15 | G44: 0 | H44: 0 | I44: 1 | J44: 0 | K44: 0 | L44: 0 | M44: 114 | N44: 0 | O44: =SUM(C44:L44,N44) -> 47 | P44: =SUM(C44:N44) -> 161
B45: 15.45 - 16.00 | C45: 17 | D45: 9 | E45: 1 | F45: 20 | G45: 0 | H45: 0 | I45: 3 | J45: 0 | K45: 0 | L45: 0 | M45: 124 | N45: 0 | O45: =SUM(C45:L45,N45) -> 50 | P45: =SUM(C45:N45) -> 174
B46: 16.00 - 16.15 | C46: 12 | D46: 3 | E46: 4 | F46: 15 | G46: 0 | H46: 0 | I46: 1 | J46: 0 | K46: 0 | L46: 0 | M46: 92 | N46: 0 | O46: =SUM(C46:L46,N46) -> 35 | P46: =SUM(C46:N46) -> 127
B47: 16.15 -16.30 | C47: 23 | D47: 14 | E47: 12 | F47: 17 | G47: 0 | H47: 0 | I47: 4 | J47: 1 | K47: 0 | L47: 0 | M47: 175 | N47: 0 | O47: =SUM(C47:L47,N47) -> 71 | P47: =SUM(C47:N47) -> 246
B48: 16.30 -16.45 | C48: 26 | D48: 9 | E48: 6 | F48: 15 | G48: 2 | H48: 0 | I48: 8 | J48: 0 | K48: 1 | L48: 0 | M48: 145 | N48: 0 | O48: =SUM(C48:L48,N48) -> 67 | P48: =SUM(C48:N48) -> 212
B49: 16.45 -17.00 | C49: 19 | D49: 12 | E49: 7 | F49: 18 | G49: 1 | H49: 0 | I49: 0 | J49: 0 | K49: 0 | L49: 0 | M49: 135 | N49: 0 | O49: =SUM(C49:L49,N49) -> 57 | P49: =SUM(C49:N49) -> 192
B50: 17.00 -17.15 | C50: 9 | D50: 8 | E50: 4 | F50: 9 | G50: 0 | H50: 0 | I50: 1 | J50: 0 | K50: 0 | L50: 0 | M50: 118 | N50: 0 | O50: =SUM(C50:L50,N50) -> 31 | P50: =SUM(C50:N50) -> 149
B51: 17.15 -17.30 | C51: 14 | D51: 6 | E51: 3 | F51: 21 | G51: 0 | H51: 0 | I51: 5 | J51: 2 | K51: 0 | L51: 1 | M51: 145 | N51: 0 | O51: =SUM(C51:L51,N51) -> 52 | P51: =SUM(C51:N51) -> 197
B52: 17.30 -17.45 | C52: 15 | D52: 11 | E52: 2 | F52: 20 | G52: 0 | H52: 0 | I52: 5 | J52: 0 | K52: 0 | L52: 0 | M52: 129 | N52: 0 | O52: =SUM(C52:L52,N52) -> 53 | P52: =SUM(C52:N52) -> 182
B53: 17.45 -18.00 | C53: 20 | D53: 11 | E53: 1 | F53: 13 | G53: 1 | H53: 1 | I53: 2 | J53: 0 | K53: 0 | L53: 0 | M53: 132 | N53: 0 | O53: =SUM(C53:L53,N53) -> 49 | P53: =SUM(C53:N53) -> 181
B54: 18.00 - 18.15 | C54: 20 | D54: 11 | E54: 1 | F54: 13 | G54: 1 | H54: 1 | I54: 2 | J54: 0 | K54: 0 | L54: 0 | M54: 132 | N54: 0 | O54: =SUM(C54:L54,N54) -> 49 | P54: =SUM(C54:N54) -> 181
... B105: 06.45 - 07.00 | C105: 13 | D105: 6 | E105: 0 | F105: 26 | G105: 0 | H105: 0 | I105: 1 | J105: 0 | K105: 0 | L105: 0 | M105: 61 | N105: 0 | O105: =SUM(C105:L105,N105) -> 46 | P105: =SUM(C105:N105) -> 107
B106: Totals | C106: =SUM(C10:C105) -> 1430 | D106: =SUM(D10:D105) -> 828 | E106: =SUM(E10:E105) -> 252 | F106: =SUM(F10:F105) -> 2007 | G106: =SUM(G10:G105) -> 39 | H106: =SUM(H10:H105) -> 18 | I106: =SUM(I10:I105) -> 198 | J106: =SUM(J10:J105) -> 40 | ... P106: =SUM(P10:P105) -> 16983
B107: %ges + MCs | C107: =C106/$P$106 -> 0.084201849 | D107: =D106/$P$106 -> 0.048754637 | E107: =E106/$P$106 -> 0.014838368 | F107: =F106/$P$106 -> 0.118177 | G107: =G106/$P$106 -> 0.0022964141 | H107: =H106/$P$106 -> 0.0010598834 | I107: =I106/$P$106 -> 0.011658718 | J107: =J106/$P$106 -> 0.0023552965 | ... N107: =N106/$P$106 -> 5.8882412e-05
B108: %ges w/o MCs | C108: =C106/$O$106 -> 0.29375514 | D108: =D106/$O$106 -> 0.17009039 | E108: =E106/$O$106 -> 0.051766639 | F108: =F106/$O$106 -> 0.41228431 | G108: =G106/$O$106 -> 0.0080115037 | H108: =H106/$O$106 -> 0.0036976171 | I108: =I106/$O$106 -> 0.040673788 | J108: =J106/$O$106 -> 0.0082169269 | ... L108: =L106/$O$106 -> 0.0039030403 | N108: =N106/$O$106 -> 0.00020542317

Sheet 27.07 Kibuye-Munyonyo-24h
B1: Consultancy services for Preparation of Expressway Development Master Plan (EDMP) for Uganda
B2: MANUAL CLASSIFIED COUNT (MCC)
B3: ROAD NAME: | C3: ='22.07 Kibuye-Munyonyo'!C3:G3 -> MCC - C1 - STN01A - SALAMA ROAD
C5: Date | D5: 27.07.19 | F5: Location | G5: ='26.07 Munyonyo-Kibuye-24h'!G5:H5 -> Salama road 1A | J5: Surveyor | K5: Racheal
C6: Dir. From | D6: ='22.07 Kibuye-Munyonyo'!D6:E6 -> Kibuye | F6: Dir. To | G6: ='22.07 Kibuye-Munyonyo'!G6:H6 -> Munyonyo | J6: Supervisor | K6: ='26.07 Munyonyo-Kibuye-24h'!K6:L6 -> Emma
B8: Time / Veh Type | R8: SUMMARY TRAFFIC VOLUMES
C9: 1. Car | D9: 2. Station Wagon | E9: 3. Pickups | F9: 4. Minibus, matatu | G9: 5. Medium bus | H9: 6. Large Bus | I9: 7. Light Truck | J9: 8. Medium Truck | K9: 9. Heavy truck | L9: 10. Truck Trailer | M9: 11. Motor cycles | N9: 12. Tractors | O9: Total Excl M/Cycles | P9: Total All | R9: Time | S9: 1. Car | T9: 2. Station Wagon | U9: 3. Pickups | V9: 4. Minibus, matatu | W9: 5. Medium bus | X9: 6. Large Bus | Y9: 7. Light Truck | Z9: 8. Medium Truck | AA9: 9. Heavy truck | AB9: 10. Truck Trailer | AC9: 11. Motorcycles | AD9: 12. Tractors, Graders | AE9: Total Excl M/ Cycles | AF9: Total All
B10: 07.00 - 07.15 | C10: 0 | D10: 0 | E10: 0 | F10: 0 | G10: 0 | H10: 0 | I10: 0 | J10: 0 | K10: 0 | L10: 0 | M10: 0 | N10: 0 | O10: =SUM(C10:L10,N10) -> 0 | P10: =SUM(C10:N10) -> 0 | R10: 0700-0800 | S10: =SUM(C10:C13) -> 7 | T10: =SUM(D10:D13) -> 5 | U10: =SUM(E10:E13) -> 2 | V10: =SUM(F10:F13) -> 68 | W10: =SUM(G10:G13) -> 0 | X10: =SUM(H10:H13) -> 0 | Y10: =SUM(I10:I13) -> 2 | Z10: =SUM(J10:J13) -> 0 | ... AF10: =SUM(P10:P13) -> 194
B11: 07.15 - 07.30 | C11: 0 | D11: 0 | E11: 0 | F11: 0 | G11: 0 | H11: 0 | I11: 0 | J11: 0 | K11: 0 | L11: 0 | M11: 0 | N11: 0 | O11: =SUM(C11:L11,N11) -> 0 | P11: =SUM(C11:N11) -> 0 | R11: 0800-0900 | S11: =SUM(C14:C17) -> 50 | T11: =SUM(D14:D17) -> 11 | U11: =SUM(E14:E17) -> 15 | V11: =SUM(F14:F17) -> 283 | W11: =SUM(G14:G17) -> 1 | X11: =SUM(H14:H17) -> 0 | Y11: =SUM(I14:I17) -> 7 | Z11: =SUM(J14:J17) -> 6 | ... AF11: =SUM(P14:P17) -> 961
B12: 07.30 - 07.45 | C12: 0 | D12: 0 | E12: 0 | F12: 0 | G12: 0 | H12: 0 | I12: 0 | J12: 0 | K12: 0 | L12: 0 | M12: 0 | N12: 0 | O12: =SUM(C12:L12,N12) -> 0 | P12: =SUM(C12:N12) -> 0 | R12: 0900-1000 | S12: =SUM(C18:C21) -> 58 | T12: =SUM(D18:D21) -> 24 | U12: =SUM(E18:E21) -> 11 | V12: =SUM(F18:F21) -> 182 | W12: =SUM(G18:G21) -> 1 | X12: =SUM(H18:H21) -> 1 | Y12: =SUM(I18:I21) -> 9 | Z12: =SUM(J18:J21) -> 2 | ... AF12: =SUM(P18:P21) -> 958
B13: 07.45 - 08.00 | C13: 7 | D13: 5 | E13: 2 | F13: 68 | G13: 0 | H13: 0 | I13: 2 | J13: 0 | K13: 0 | L13: 0 | M13: 110 | N13: 0 | O13: =SUM(C13:L13,N13) -> 84 | P13: =SUM(C13:N13) -> 194 | R13: 1000-1100 | S13: =SUM(C22:C25) -> 57 | T13: =SUM(D22:D25) -> 34 | U13: =SUM(E22:E25) -> 14 | V13: =SUM(F22:F25) -> 144 | W13: =SUM(G22:G25) -> 0 | X13: =SUM(H22:H25) -> 2 | Y13: =SUM(I22:I25) -> 8 | Z13: =SUM(J22:J25) -> 2 | ... AF13: =SUM(P22:P25) -> 813
B14: 08.00 - 08.15 | C14: 13 | D14: 1 | E14: 2 | F14: 68 | G14: 0 | H14: 0 | I14: 3 | J14: 2 | K14: 0 | L14: 0 | M14: 125 | N14: 0 | O14: =SUM(C14:L14,N14) -> 89 | P14: =SUM(C14:N14) -> 214 | R14: 1100-1200 | S14: =SUM(C26:C29) -> 85 | T14: =SUM(D26:D29) -> 20 | U14: =SUM(E26:E29) -> 15 | V14: =SUM(F26:F29) -> 139 | W14: =SUM(G26:G29) -> 0 | X14: =SUM(H26:H29) -> 0 | Y14: =SUM(I26:I29) -> 14 | Z14: =SUM(J26:J29) -> 3 | ... AF14: =SUM(P26:P29) -> 682
B15: 08.15 - 08.30 | C15: 10 | D15: 2 | E15: 5 | F15: 61 | G15: 0 | H15: 0 | I15: 2 | J15: 2 | K15: 0 | L15: 0 | M15: 155 | N15: 0 | O15: =SUM(C15:L15,N15) -> 82 | P15: =SUM(C15:N15) -> 237 | R15: 1200-1300 | S15: =SUM(C30:C33) -> 83 | T15: =SUM(D30:D33) -> 30 | U15: =SUM(E30:E33) -> 3 | V15: =SUM(F30:F33) -> 112 | W15: =SUM(G30:G33) -> 0 | X15: =SUM(H30:H33) -> 0 | Y15: =SUM(I30:I33) -> 11 | Z15: =SUM(J30:J33) -> 3 | ... AF15: =SUM(P30:P33) -> 714
B16: 08.30 - 08.45 | C16: 13 | D16: 4 | E16: 7 | F16: 63 | G16: 1 | H16: 0 | I16: 0 | J16: 0 | K16: 0 | L16: 0 | M16: 163 | N16: 0 | O16: =SUM(C16:L16,N16) -> 88 | P16: =SUM(C16:N16) -> 251 | R16: 1300-1400 | S16: =SUM(C34:C37) -> 117 | T16: =SUM(D34:D37) -> 42 | U16: =SUM(E34:E37) -> 13 | V16: =SUM(F34:F37) -> 91 | W16: =SUM(G34:G37) -> 0 | X16: =SUM(H34:H37) -> 0 | Y16: =SUM(I34:I37) -> 28 | Z16: =SUM(J34:J37) -> 2 | ... AF16: =SUM(P34:P37) -> 683
B17: 08.45 - 9.00 | C17: 14 | D17: 4 | E17: 1 | F17: 91 | G17: 0 | H17: 0 | I17: 2 | J17: 2 | K17: 0 | L17: 0 | M17: 145 | N17: 0 | O17: =SUM(C17:L17,N17) -> 114 | P17: =SUM(C17:N17) -> 259 | R17: 1400-1500 | S17: =SUM(C38:C41) -> 134 | T17: =SUM(D38:D41) -> 18 | U17: =SUM(E38:E41) -> 10 | V17: =SUM(F38:F41) -> 77 | W17: =SUM(G38:G41) -> 25 | X17: =SUM(H38:H41) -> 0 | Y17: =SUM(I38:I41) -> 9 | Z17: =SUM(J38:J41) -> 1 | ... AF17: =SUM(P38:P41) -> 744
B18: 09.00 - 09.15 | C18: 15 | D18: 3 | E18: 0 | F18: 52 | G18: 0 | H18: 0 | I18: 2 | J18: 2 | K18: 0 | L18: 0 | M18: 156 | N18: 0 | O18: =SUM(C18:L18,N18) -> 74 | P18: =SUM(C18:N18) -> 230 | R18: 1500-1600 | S18: =SUM(C42:C45) -> 152 | T18: =SUM(D42:D45) -> 56 | U18: =SUM(E42:E45) -> 16 | V18: =SUM(F42:F45) -> 92 | W18: =SUM(G42:G45) -> 2 | X18: =SUM(H42:H45) -> 0 | Y18: =SUM(I42:I45) -> 12 | Z18: =SUM(J42:J45) -> 8 | ... AF18: =SUM(P42:P45) -> 808
B19: 09.15 - 09.30 | C19: 11 | D19: 9 | E19: 4 | F19: 36 | G19: 1 | H19: 0 | I19: 0 | J19: 0 | K19: 0 | L19: 0 | M19: 160 | N19: 0 | O19: =SUM(C19:L19,N19) -> 61 | P19: =SUM(C19:N19) -> 221 | R19: 1600-1700 | S19: =SUM(C46:C49) -> 177 | T19: =SUM(D46:D49) -> 93 | U19: =SUM(E46:E49) -> 20 | V19: =SUM(F46:F49) -> 148 | W19: =SUM(G46:G49) -> 0 | X19: =SUM(H46:H49) -> 0 | Y19: =SUM(I46:I49) -> 21 | Z19: =SUM(J46:J49) -> 1 | ... AF19: =SUM(P46:P49) -> 833
B20: 09.30 - 09.45 | C20: 19 | D20: 6 | E20: 2 | F20: 49 | G20: 0 | H20: 1 | I20: 1 | J20: 0 | K20: 1 | L20: 0 | M20: 178 | N20: 0 | O20: =SUM(C20:L20,N20) -> 79 | P20: =SUM(C20:N20) -> 257 | R20: 1700-1800 | S20: =SUM(C50:C53) -> 192 | T20: =SUM(D50:D53) -> 68 | U20: =SUM(E50:E53) -> 14 | V20: =SUM(F50:F53) -> 106 | W20: =SUM(G50:G53) -> 2 | X20: =SUM(H50:H53) -> 0 | Y20: =SUM(I50:I53) -> 19 | Z20: =SUM(J50:J53) -> 1 | ... AF20: =SUM(P50:P53) -> 727
B21: 09.45 - 10.00 | C21: 13 | D21: 6 | E21: 5 | F21: 45 | G21: 0 | H21: 0 | I21: 6 | J21: 0 | K21: 0 | L21: 0 | M21: 175 | N21: 0 | O21: =SUM(C21:L21,N21) -> 75 | P21: =SUM(C21:N21) -> 250 | R21: 1800-1900 | S21: =SUM(C54:C57) -> 169 | T21: =SUM(D54:D57) -> 40 | U21: =SUM(E54:E57) -> 9 | V21: =SUM(F54:F57) -> 123 | W21: =SUM(G54:G57) -> 2 | X21: =SUM(H54:H57) -> 0 | Y21: =SUM(I54:I57) -> 20 | Z21: =SUM(J54:J57) -> 1 | ... AF21: =SUM(P54:P57) -> 735
B22: 10.00 - 10.15 | C22: 11 | D22: 5 | E22: 3 | F22: 31 | G22: 0 | H22: 1 | I22: 3 | J22: 1 | K22: 0 | L22: 0 | M22: 120 | N22: 0 | O22: =SUM(C22:L22,N22) -> 55 | P22: =SUM(C22:N22) -> 175 | R22: 1900-2000 | S22: =SUM(C58:C61) -> 109 | T22: =SUM(D58:D61) -> 43 | U22: =SUM(E58:E61) -> 14 | V22: =SUM(F58:F61) -> 155 | W22: =SUM(G58:G61) -> 2 | X22: =SUM(H58:H61) -> 1 | Y22: =SUM(I58:I61) -> 0 | Z22: =SUM(J58:J61) -> 8 | ... AF22: =SUM(P58:P61) -> 693
B23: 10.15 - 10.30 | C23: 15 | D23: 7 | E23: 4 | F23: 42 | G23: 0 | H23: 0 | I23: 2 | J23: 0 | K23: 0 | L23: 0 | M23: 116 | N23: 0 | O23: =SUM(C23:L23,N23) -> 70 | P23: =SUM(C23:N23) -> 186 | R23: 2000-2100 | S23: =SUM(C62:C65) -> 254 | T23: =SUM(D62:D65) -> 58 | U23: =SUM(E62:E65) -> 25 | V23: =SUM(F62:F65) -> 169 | W23: =SUM(G62:G65) -> 2 | X23: =SUM(H62:H65) -> 0 | Y23: =SUM(I62:I65) -> 22 | Z23: =SUM(J62:J65) -> 4 | ... AF23: =SUM(P62:P65) -> 1056
B24: 10.30 - 10.45 | C24: 15 | D24: 12 | E24: 6 | F24: 36 | G24: 0 | H24: 0 | I24: 1 | J24: 0 | K24: 0 | L24: 0 | M24: 170 | N24: 0 | O24: =SUM(C24:L24,N24) -> 70 | P24: =SUM(C24:N24) -> 240 | R24: 2100-2200 | S24: =SUM(C66:C69) -> 137 | T24: =SUM(D66:D69) -> 25 | U24: =SUM(E66:E69) -> 9 | V24: =SUM(F66:F69) -> 132 | W24: =SUM(G66:G69) -> 0 | X24: =SUM(H66:H69) -> 0 | Y24: =SUM(I66:I69) -> 7 | Z24: =SUM(J66:J69) -> 3 | ... AF24: =SUM(P66:P69) -> 763
B25: 10.45 - 11.00 | C25: 16 | D25: 10 | E25: 1 | F25: 35 | G25: 0 | H25: 1 | I25: 2 | J25: 1 | K25: 0 | L25: 0 | M25: 146 | N25: 0 | O25: =SUM(C25:L25,N25) -> 66 | P25: =SUM(C25:N25) -> 212 | R25: 2200-2300 | S25: =SUM(C70:C73) -> 215 | T25: =SUM(D70:D73) -> 31 | U25: =SUM(E70:E73) -> 5 | V25: =SUM(F70:F73) -> 165 | W25: =SUM(G70:G73) -> 0 | X25: =SUM(H70:H73) -> 0 | Y25: =SUM(I70:I73) -> 9 | Z25: =SUM(J70:J73) -> 3 | ... AF25: =SUM(P70:P73) -> 794
B26: 11.00 - 11.15 | C26: 28 | D26: 2 | E26: 5 | F26: 49 | G26: 0 | H26: 0 | I26: 1 | J26: 1 | K26: 1 | L26: 0 | M26: 141 | N26: 0 | O26: =SUM(C26:L26,N26) -> 87 | P26: =SUM(C26:N26) -> 228 | R26: 2300-0000 | S26: =SUM(C74:C77) -> 131 | T26: =SUM(D74:D77) -> 13 | U26: =SUM(E74:E77) -> 3 | V26: =SUM(F74:F77) -> 102 | W26: =SUM(G74:G77) -> 1 | X26: =SUM(H74:H77) -> 0 | Y26: =SUM(I74:I77) -> 4 | Z26: =SUM(J74:J77) -> 4 | ... AF26: =SUM(P74:P77) -> 508
B27: 11.15 - 11.30 | C27: 16 | D27: 4 | E27: 4 | F27: 36 | G27: 0 | H27: 0 | I27: 5 | J27: 1 | K27: 0 | L27: 0 | M27: 90 | N27: 0 | O27: =SUM(C27:L27,N27) -> 66 | P27: =SUM(C27:N27) -> 156 | R27: 0000-0100 | S27: =SUM(C78:C81) -> 170 | T27: =SUM(D78:D81) -> 37 | U27: =SUM(E78:E81) -> 5 | V27: =SUM(F78:F81) -> 165 | W27: =SUM(G78:G81) -> 0 | X27: =SUM(H78:H81) -> 0 | Y27: =SUM(I78:I81) -> 4 | Z27: =SUM(J78:J81) -> 3 | ... AF27: =SUM(P78:P81) -> 592
B28: 11.30 - 11.45 | C28: 16 | D28: 10 | E28: 4 | F28: 32 | G28: 0 | H28: 0 | I28: 3 | J28: 1 | K28: 0 | L28: 0 | M28: 104 | N28: 0 | O28: =SUM(C28:L28,N28) -> 66 | P28: =SUM(C28:N28) -> 170 | R28: 0100-0200 | S28: =SUM(C82:C85) -> 176 | T28: =SUM(D82:D85) -> 25 | U28: =SUM(E82:E85) -> 3 | V28: =SUM(F82:F85) -> 70 | W28: =SUM(G82:G85) -> 0 | X28: =SUM(H82:H85) -> 1 | Y28: =SUM(I82:I85) -> 2 | Z28: =SUM(J82:J85) -> 3 | ... AF28: =SUM(P82:P85) -> 460
B29: 11.45 - 12.00 | C29: 25 | D29: 4 | E29: 2 | F29: 22 | G29: 0 | H29: 0 | I29: 5 | J29: 0 | K29: 0 | L29: 0 | M29: 70 | N29: 0 | O29: =SUM(C29:L29,N29) -> 58 | P29: =SUM(C29:N29) -> 128 | R29: 0200-0300 | S29: =SUM(C86:C89) -> 73 | T29: =SUM(D86:D89) -> 4 | U29: =SUM(E86:E89) -> 1 | V29: =SUM(F86:F89) -> 25 | W29: =SUM(G86:G89) -> 0 | X29: =SUM(H86:H89) -> 0 | Y29: =SUM(I86:I89) -> 3 | Z29: =SUM(J86:J89) -> 0 | ... AF29: =SUM(P86:P89) -> 249
B30: 12.00 - 12.15 | C30: 12 | D30: 3 | E30: 2 | F30: 20 | G30: 0 | H30: 0 | I30: 2 | J30: 0 | K30: 1 | L30: 0 | M30: 100 | N30: 0 | O30: =SUM(C30:L30,N30) -> 40 | P30: =SUM(C30:N30) -> 140 | R30: 0300-0400 | S30: =SUM(C90:C93) -> 60 | T30: =SUM(D90:D93) -> 2 | U30: =SUM(E90:E93) -> 1 | V30: =SUM(F90:F93) -> 18 | W30: =SUM(G90:G93) -> 1 | X30: =SUM(H90:H93) -> 0 | Y30: =SUM(I90:I93) -> 4 | Z30: =SUM(J90:J93) -> 0 | ... AF30: =SUM(P90:P93) -> 234
B31: 12.15 - 12.30 | C31: 15 | D31: 8 | E31: 0 | F31: 25 | G31: 0 | H31: 0 | I31: 1 | J31: 0 | K31: 1 | L31: 0 | M31: 135 | N31: 0 | O31: =SUM(C31:L31,N31) -> 50 | P31: =SUM(C31:N31) -> 185 | R31: 0400-0500 | S31: =SUM(C94:C97) -> 66 | T31: =SUM(D94:D97) -> 3 | U31: =SUM(E94:E97) -> 1 | V31: =SUM(F94:F97) -> 8 | W31: =SUM(G94:G97) -> 0 | X31: =SUM(H94:H97) -> 1 | Y31: =SUM(I94:I97) -> 0 | Z31: =SUM(J94:J97) -> 1 | ... AF31: =SUM(P94:P97) -> 259
B32: 12.30 - 12.45 | C32: 21 | D32: 10 | E32: 0 | F32: 42 | G32: 0 | H32: 0 | I32: 5 | J32: 2 | K32: 0 | L32: 0 | M32: 120 | N32: 0 | O32: =SUM(C32:L32,N32) -> 80 | P32: =SUM(C32:N32) -> 200 | R32: 0500-0600 | S32: =SUM(C98:C101) -> 47 | T32: =SUM(D98:D101) -> 7 | U32: =SUM(E98:E101) -> 0 | V32: =SUM(F98:F101) -> 6 | W32: =SUM(G98:G101) -> 0 | X32: =SUM(H98:H101) -> 0 | Y32: =SUM(I98:I101) -> 0 | Z32: =SUM(J98:J101) -> 0 | ... AF32: =SUM(P98:P101) -> 205
B33: 12.45 - 13.00 | C33: 35 | D33: 9 | E33: 1 | F33: 25 | G33: 0 | H33: 0 | I33: 3 | J33: 1 | K33: 0 | L33: 0 | M33: 115 | N33: 0 | O33: =SUM(C33:L33,N33) -> 74 | P33: =SUM(C33:N33) -> 189 | R33: 0600-0700 | S33: =SUM(C102:C105) -> 37 | T33: =SUM(D102:D105) -> 4 | U33: =SUM(E102:E105) -> 3 | V33: =SUM(F102:F105) -> 4 | W33: =SUM(G102:G105) -> 0 | X33: =SUM(H102:H105) -> 0 | Y33: =SUM(I102:I105) -> 0 | Z33: =SUM(J102:J105) -> 1 | ... AF33: =SUM(P102:P105) -> 128
B34: 13.00 - 13.15 | C34: 20 | D34: 12 | E34: 2 | F34: 23 | G34: 0 | H34: 0 | I34: 9 | J34: 0 | K34: 1 | L34: 0 | M34: 120 | N34: 0 | O34: =SUM(C34:L34,N34) -> 67 | P34: =SUM(C34:N34) -> 187 | R34: AM Peak Hr | S34: =MAX(S10:S12) -> 58 | T34: =MAX(T10:T12) -> 24 | U34: =MAX(U10:U12) -> 15 | V34: =MAX(V10:V12) -> 283 | W34: =MAX(W10:W12) -> 1 | X34: =MAX(X10:X12) -> 1 | Y34: =MAX(Y10:Y12) -> 9 | Z34: =MAX(Z10:Z12) -> 6 | ... AF34: =MAX(AF10:AF12) -> 961
B35: 13.15 - 13.30 | C35: 45 | D35: 9 | E35: 4 | F35: 20 | G35: 0 | H35: 0 | I35: 4 | J35: 1 | K35: 1 | L35: 0 | M35: 70 | N35: 0 | O35: =SUM(C35:L35,N35) -> 84 | P35: =SUM(C35:N35) -> 154 | R35: IP Peak Hr | S35: =MAX(S13:S18) -> 152 | T35: =MAX(T13:T18) -> 56 | U35: =MAX(U13:U18) -> 16 | V35: =MAX(V13:V18) -> 144 | W35: =MAX(W13:W18) -> 25 | X35: =MAX(X13:X18) -> 2 | Y35: =MAX(Y13:Y18) -> 28 | Z35: =MAX(Z13:Z18) -> 8 | ... AF35: =MAX(AF13:AF18) -> 813
B36: 13.30 - 13.45 | C36: 30 | D36: 10 | E36: 6 | F36: 30 | G36: 0 | H36: 0 | I36: 10 | J36: 1 | K36: 2 | L36: 0 | M36: 110 | N36: 0 | O36: =SUM(C36:L36,N36) -> 89 | P36: =SUM(C36:N36) -> 199 | R36: PM Peak Hr | S36: =MAX(S19:S21) -> 192 | T36: =MAX(T19:T21) -> 93 | U36: =MAX(U19:U21) -> 20 | V36: =MAX(V19:V21) -> 148 | W36: =MAX(W19:W21) -> 2 | X36: =MAX(X19:X21) -> 0 | Y36: =MAX(Y19:Y21) -> 21 | Z36: =MAX(Z19:Z21) -> 1 | ... AF36: =MAX(AF19:AF21) -> 833
B37: 13.45 - 14.00 | C37: 22 | D37: 11 | E37: 1 | F37: 18 | G37: 0 | H37: 0 | I37: 5 | J37: 0 | K37: 1 | L37: 0 | M37: 85 | N37: 0 | O37: =SUM(C37:L37,N37) -> 58 | P37: =SUM(C37:N37) -> 143 | R37: AM Period | S37: =SUM(S10:S12) -> 115 | T37: =SUM(T10:T12) -> 40 | U37: =SUM(U10:U12) -> 28 | V37: =SUM(V10:V12) -> 533 | W37: =SUM(W10:W12) -> 2 | X37: =SUM(X10:X12) -> 1 | Y37: =SUM(Y10:Y12) -> 18 | Z37: =SUM(Z10:Z12) -> 8 | ... AF37: =SUM(AF10:AF12) -> 2113
B38: 14.00 - 14.15 | C38: 52 | D38: 9 | E38: 0 | F38: 23 | G38: 0 | H38: 0 | I38: 4 | J38: 0 | K38: 0 | L38: 0 | M38: 180 | N38: 0 | O38: =SUM(C38:L38,N38) -> 88 | P38: =SUM(C38:N38) -> 268 | R38: IP Period | S38: =SUM(S13:S18) -> 628 | T38: =SUM(T13:T18) -> 200 | U38: =SUM(U13:U18) -> 71 | V38: =SUM(V13:V18) -> 655 | W38: =SUM(W13:W18) -> 27 | X38: =SUM(X13:X18) -> 2 | Y38: =SUM(Y13:Y18) -> 82 | Z38: =SUM(Z13:Z18) -> 19 | ... AF38: =SUM(AF13:AF18) -> 4444
B39: 14.15 - 14.30 | C39: 20 | D39: 0 | E39: 2 | F39: 25 | G39: 25 | H39: 0 | I39: 1 | J39: 1 | K39: 0 | L39: 0 | M39: 95 | N39: 0 | O39: =SUM(C39:L39,N39) -> 74 | P39: =SUM(C39:N39) -> 169 | R39: PM Period | S39: =SUM(S19:S21) -> 538 | T39: =SUM(T19:T21) -> 201 | U39: =SUM(U19:U21) -> 43 | V39: =SUM(V19:V21) -> 377 | W39: =SUM(W19:W21) -> 4 | X39: =SUM(X19:X21) -> 0 | Y39: =SUM(Y19:Y21) -> 60 | Z39: =SUM(Z19:Z21) -> 3 | ... AF39: =SUM(AF19:AF21) -> 2295
B40: 14.30 - 14.45 | C40: 35 | D40: 4 | E40: 4 | F40: 15 | G40: 0 | H40: 0 | I40: 2 | J40: 0 | K40: 0 | L40: 0 | M40: 100 | N40: 0 | O40: =SUM(C40:L40,N40) -> 60 | P40: =SUM(C40:N40) -> 160 | R40: 12 Hours | S40: =SUM(S10:S21) -> 1281 | T40: =SUM(T10:T21) -> 441 | U40: =SUM(U10:U21) -> 142 | V40: =SUM(V10:V21) -> 1565 | W40: =SUM(W10:W21) -> 33 | X40: =SUM(X10:X21) -> 3 | Y40: =SUM(Y10:Y21) -> 160 | Z40: =SUM(Z10:Z21) -> 30 | ... AF40: =SUM(AF10:AF21) -> 8852
B41: 14.45 - 15.00 | C41: 27 | D41: 5 | E41: 4 | F41: 14 | G41: 0 | H41: 0 | I41: 2 | J41: 0 | K41: 0 | L41: 0 | M41: 95 | N41: 0 | O41: =SUM(C41:L41,N41) -> 52 | P41: =SUM(C41:N41) -> 147 | R41: 24 Hrs/ADT | S41: =SUM(S10:S33) -> 2756 | T41: =SUM(T10:T33) -> 693 | U41: =SUM(U10:U33) -> 212 | V41: =SUM(V10:V33) -> 2584 | W41: =SUM(W10:W33) -> 39 | X41: =SUM(X10:X33) -> 6 | Y41: =SUM(Y10:Y33) -> 215 | Z41: =SUM(Z10:Z33) -> 60 | ... AF41: =SUM(AF10:AF33) -> 14793
B42: 15.00 - 15.15 | C42: 58 | D42: 15 | E42: 7 | F42: 20 | G42: 0 | H42: 0 | I42: 8 | J42: 0 | K42: 1 | L42: 0 | M42: 148 | N42: 0 | O42: =SUM(C42:L42,N42) -> 109 | P42: =SUM(C42:N42) -> 257 | R42: NEF | S42: =S41/S40 -> 2.1514442 | T42: =T41/T40 -> 1.5714286 | U42: =U41/U40 -> 1.4929577 | V42: =V41/V40 -> 1.6511182 | W42: =W41/W40 -> 1.1818182 | X42: =X41/X40 -> 2 | Y42: =Y41/Y40 -> 1.34375 | Z42: =Z41/Z40 -> 2 | ... AF42: =AF41/AF40 -> 1.6711478
B43: 15.15 - 15.30 | C43: 28 | D43: 16 | E43: 3 | F43: 20 | G43: 1 | H43: 0 | I43: 0 | J43: 7 | K43: 0 | L43: 0 | M43: 120 | N43: 0 | O43: =SUM(C43:L43,N43) -> 75 | P43: =SUM(C43:N43) -> 195
B44: 15.30 - 15.45 | C44: 16 | D44: 3 | E44: 1 | F44: 30 | G44: 0 | H44: 0 | I44: 1 | J44: 0 | K44: 0 | L44: 0 | M44: 95 | N44: 0 | O44: =SUM(C44:L44,N44) -> 51 | P44: =SUM(C44:N44) -> 146
B45: 15.45 - 16.00 | C45: 50 | D45: 22 | E45: 5 | F45: 22 | G45: 1 | H45: 0 | I45: 3 | J45: 1 | K45: 1 | L45: 0 | M45: 105 | N45: 0 | O45: =SUM(C45:L45,N45) -> 105 | P45: =SUM(C45:N45) -> 210
B46: 16.00 - 16.15 | C46: 41 | D46: 15 | E46: 5 | F46: 23 | G46: 0 | H46: 0 | I46: 4 | J46: 0 | K46: 0 | L46: 0 | M46: 61 | N46: 0 | O46: =SUM(C46:L46,N46) -> 88 | P46: =SUM(C46:N46) -> 149
B47: 16.15 -16.30 | C47: 30 | D47: 16 | E47: 4 | F47: 20 | G47: 0 | H47: 0 | I47: 2 | J47: 1 | K47: 0 | L47: 0 | M47: 115 | N47: 0 | O47: =SUM(C47:L47,N47) -> 73 | P47: =SUM(C47:N47) -> 188
B48: 16.30 -16.45 | C48: 61 | D48: 23 | E48: 8 | F48: 45 | G48: 0 | H48: 0 | I48: 10 | J48: 0 | K48: 0 | L48: 0 | M48: 107 | N48: 0 | O48: =SUM(C48:L48,N48) -> 147 | P48: =SUM(C48:N48) -> 254
B49: 16.45 -17.00 | C49: 45 | D49: 39 | E49: 3 | F49: 60 | G49: 0 | H49: 0 | I49: 5 | J49: 0 | K49: 0 | L49: 0 | M49: 90 | N49: 0 | O49: =SUM(C49:L49,N49) -> 152 | P49: =SUM(C49:N49) -> 242
B50: 17.00 -17.15 | C50: 31 | D50: 5 | E50: 4 | F50: 20 | G50: 1 | H50: 0 | I50: 5 | J50: 1 | K50: 0 | L50: 0 | M50: 85 | N50: 0 | O50: =SUM(C50:L50,N50) -> 67 | P50: =SUM(C50:N50) -> 152
B51: 17.15 -17.30 | C51: 56 | D51: 17 | E51: 4 | F51: 28 | G51: 1 | H51: 0 | I51: 4 | J51: 0 | K51: 0 | L51: 0 | M51: 100 | N51: 0 | O51: =SUM(C51:L51,N51) -> 110 | P51: =SUM(C51:N51) -> 210
B52: 17.30 -17.45 | C52: 45 | D52: 12 | E52: 4 | F52: 28 | G52: 0 | H52: 0 | I52: 4 | J52: 0 | K52: 0 | L52: 0 | M52: 85 | N52: 0 | O52: =SUM(C52:L52,N52) -> 93 | P52: =SUM(C52:N52) -> 178
B53: 17.45 -18.00 | C53: 60 | D53: 34 | E53: 2 | F53: 30 | G53: 0 | H53: 0 | I53: 6 | J53: 0 | K53: 0 | L53: 0 | M53: 55 | N53: 0 | O53: =SUM(C53:L53,N53) -> 132 | P53: =SUM(C53:N53) -> 187
B54: 18.00 - 18.15 | C54: 39 | D54: 20 | E54: 3 | F54: 37 | G54: 0 | H54: 0 | I54: 4 | J54: 0 | K54: 0 | L54: 0 | M54: 85 | N54: 0 | O54: =SUM(C54:L54,N54) -> 103 | P54: =SUM(C54:N54) -> 188
... B105: 06.45 - 07.00 | C105: 8 | D105: 2 | E105: 0 | F105: 1 | G105: 0 | H105: 0 | I105: 0 | J105: 1 | K105: 1 | L105: 0 | M105: 11 | N105: 0 | O105: =SUM(C105:L105,N105) -> 13 | P105: =SUM(C105:N105) -> 24
B106: Totals | C106: =SUM(C10:C105) -> 2756 | D106: =SUM(D10:D105) -> 693 | E106: =SUM(E10:E105) -> 212 | F106: =SUM(F10:F105) -> 2584 | G106: =SUM(G10:G105) -> 39 | H106: =SUM(H10:H105) -> 6 | I106: =SUM(I10:I105) -> 215 | J106: =SUM(J10:J105) -> 60 | ... P106: =SUM(P10:P105) -> 14793
B107: %ges + MCs | C107: =C106/$P$106 -> 0.18630433 | D107: =D106/$P$106 -> 0.046846481 | E107: =E106/$P$106 -> 0.014331103 | F107: =F106/$P$106 -> 0.17467721 | G107: =G106/$P$106 -> 0.0026363821 | H107: =H106/$P$106 -> 0.00040559724 | I107: =I106/$P$106 -> 0.014533901 | J107: =J106/$P$106 -> 0.0040559724 | ... N107: =N106/$P$106 -> 0
B108: %ges w/o MCs | C108: =C106/$O$106 -> 0.41669187 | D108: =D106/$O$106 -> 0.10477774 | E108: =E106/$O$106 -> 0.03205322 | F108: =F106/$O$106 -> 0.39068642 | G108: =G106/$O$106 -> 0.005896583 | H108: =H106/$O$106 -> 0.00090716662 | I108: =I106/$O$106 -> 0.032506804 | J108: =J106/$O$106 -> 0.0090716662 | ... L108: =L106/$O$106 -> 0 | N108: =N106/$O$106 -> 0

Sheet 27.07 Munyonyo-Kibuye-24h
B1: Consultancy services for Preparation of Expressway Development Master Plan (EDMP) for Uganda
B2: MANUAL CLASSIFIED COUNT (MCC)
B3: ROAD NAME: | C3: ='22.07 Kibuye-Munyonyo'!C3:G3 -> MCC - C1 - STN01A - SALAMA ROAD
C5: Date | D5: ='27.07 Kibuye-Munyonyo-24h'!D5 -> 27.07.19 | F5: Location | G5: ='27.07 Kibuye-Munyonyo-24h'!G5:H5 -> Salama road 1A | J5: Surveyor | K5: Gerald
C6: Dir. From | D6: ='22.07 Munyonyo-Kibuye'!D6:E6 -> Munyonyo | F6: Dir. To | G6: ='22.07 Munyonyo-Kibuye'!G6:H6 -> Kibuye | J6: Supervisor | K6: ='27.07 Kibuye-Munyonyo-24h'!K6:L6 -> Emma
B8: Time / Veh Type | R8: SUMMARY TRAFFIC VOLUMES
C9: 1. Car | D9: 2. Station Wagon | E9: 3. Pickups | F9: 4. Minibus, matatu | G9: 5. Medium bus | H9: 6. Large Bus | I9: 7. Light Truck | J9: 8. Medium Truck | K9: 9. Heavy truck | L9: 10. Truck Trailer | M9: 11. Motor cycles | N9: 12. Tractors | O9: Total Excl M/Cycles | P9: Total All | R9: Time | S9: 1. Car | T9: 2. Station Wagon | U9: 3. Pickups | V9: 4. Minibus, matatu | W9: 5. Medium bus | X9: 6. Large Bus | Y9: 7. Light Truck | Z9: 8. Medium Truck | AA9: 9. Heavy truck | AB9: 10. Truck Trailer | AC9: 11. Motorcycles | AD9: 12. Tractors, Graders | AE9: Total Excl M/ Cycles | AF9: Total All
B10: 07.00 - 07.15 | C10: 0 | D10: 0 | E10: 0 | F10: 0 | G10: 0 | H10: 0 | I10: 0 | J10: 0 | K10: 0 | L10: 0 | M10: 0 | N10: 0 | O10: =SUM(C10:L10,N10) -> 0 | P10: =SUM(C10:N10) -> 0 | R10: 0700-0800 | S10: =SUM(C10:C13) -> 46 | T10: =SUM(D10:D13) -> 35 | U10: =SUM(E10:E13) -> 8 | V10: =SUM(F10:F13) -> 141 | W10: =SUM(G10:G13) -> 0 | X10: =SUM(H10:H13) -> 0 | Y10: =SUM(I10:I13) -> 7 | Z10: =SUM(J10:J13) -> 1 | ... AF10: =SUM(P10:P13) -> 723
B11: 07.15 - 07.30 | C11: 15 | D11: 13 | E11: 4 | F11: 37 | G11: 0 | H11: 0 | I11: 2 | J11: 1 | K11: 0 | L11: 0 | M11: 128 | N11: 0 | O11: =SUM(C11:L11,N11) -> 72 | P11: =SUM(C11:N11) -> 200 | R11: 0800-0900 | S11: =SUM(C14:C17) -> 120 | T11: =SUM(D14:D17) -> 66 | U11: =SUM(E14:E17) -> 23 | V11: =SUM(F14:F17) -> 227 | W11: =SUM(G14:G17) -> 1 | X11: =SUM(H14:H17) -> 0 | Y11: =SUM(I14:I17) -> 15 | Z11: =SUM(J14:J17) -> 1 | ... AF11: =SUM(P14:P17) -> 1383
B12: 07.30 - 07.45 | C12: 7 | D12: 8 | E12: 1 | F12: 42 | G12: 0 | H12: 0 | I12: 1 | J12: 0 | K12: 0 | L12: 0 | M12: 130 | N12: 0 | O12: =SUM(C12:L12,N12) -> 59 | P12: =SUM(C12:N12) -> 189 | R12: 0900-1000 | S12: =SUM(C18:C21) -> 122 | T12: =SUM(D18:D21) -> 53 | U12: =SUM(E18:E21) -> 14 | V12: =SUM(F18:F21) -> 143 | W12: =SUM(G18:G21) -> 0 | X12: =SUM(H18:H21) -> 1 | Y12: =SUM(I18:I21) -> 17 | Z12: =SUM(J18:J21) -> 0 | ... AF12: =SUM(P18:P21) -> 1079
B13: 07.45 - 08.00 | C13: 24 | D13: 14 | E13: 3 | F13: 62 | G13: 0 | H13: 0 | I13: 4 | J13: 0 | K13: 0 | L13: 0 | M13: 227 | N13: 0 | O13: =SUM(C13:L13,N13) -> 107 | P13: =SUM(C13:N13) -> 334 | R13: 1000-1100 | S13: =SUM(C22:C25) -> 141 | T13: =SUM(D22:D25) -> 79 | U13: =SUM(E22:E25) -> 13 | V13: =SUM(F22:F25) -> 135 | W13: =SUM(G22:G25) -> 3 | X13: =SUM(H22:H25) -> 0 | Y13: =SUM(I22:I25) -> 14 | Z13: =SUM(J22:J25) -> 1 | ... AF13: =SUM(P22:P25) -> 1085
B14: 08.00 - 08.15 | C14: 24 | D14: 14 | E14: 1 | F14: 61 | G14: 0 | H14: 0 | I14: 4 | J14: 0 | K14: 0 | L14: 0 | M14: 231 | N14: 0 | O14: =SUM(C14:L14,N14) -> 104 | P14: =SUM(C14:N14) -> 335 | R14: 1100-1200 | S14: =SUM(C26:C29) -> 104 | T14: =SUM(D26:D29) -> 52 | U14: =SUM(E26:E29) -> 9 | V14: =SUM(F26:F29) -> 113 | W14: =SUM(G26:G29) -> 0 | X14: =SUM(H26:H29) -> 0 | Y14: =SUM(I26:I29) -> 24 | Z14: =SUM(J26:J29) -> 1 | ... AF14: =SUM(P26:P29) -> 839
B15: 08.15 - 08.30 | C15: 27 | D15: 12 | E15: 5 | F15: 60 | G15: 0 | H15: 0 | I15: 5 | J15: 0 | K15: 0 | L15: 0 | M15: 225 | N15: 0 | O15: =SUM(C15:L15,N15) -> 109 | P15: =SUM(C15:N15) -> 334 | R15: 1200-1300 | S15: =SUM(C30:C33) -> 119 | T15: =SUM(D30:D33) -> 48 | U15: =SUM(E30:E33) -> 21 | V15: =SUM(F30:F33) -> 107 | W15: =SUM(G30:G33) -> 0 | X15: =SUM(H30:H33) -> 1 | Y15: =SUM(I30:I33) -> 19 | Z15: =SUM(J30:J33) -> 3 | ... AF15: =SUM(P30:P33) -> 959
B16: 08.30 - 08.45 | C16: 28 | D16: 20 | E16: 8 | F16: 51 | G16: 1 | H16: 0 | I16: 6 | J16: 0 | K16: 0 | L16: 0 | M16: 244 | N16: 0 | O16: =SUM(C16:L16,N16) -> 114 | P16: =SUM(C16:N16) -> 358 | R16: 1300-1400 | S16: =SUM(C34:C37) -> 85 | T16: =SUM(D34:D37) -> 58 | U16: =SUM(E34:E37) -> 13 | V16: =SUM(F34:F37) -> 88 | W16: =SUM(G34:G37) -> 0 | X16: =SUM(H34:H37) -> 0 | Y16: =SUM(I34:I37) -> 16 | Z16: =SUM(J34:J37) -> 4 | ... AF16: =SUM(P34:P37) -> 773
B17: 08.45 - 9.00 | C17: 41 | D17: 20 | E17: 9 | F17: 55 | G17: 0 | H17: 0 | I17: 0 | J17: 1 | K17: 0 | L17: 0 | M17: 230 | N17: 0 | O17: =SUM(C17:L17,N17) -> 126 | P17: =SUM(C17:N17) -> 356 | R17: 1400-1500 | S17: =SUM(C38:C41) -> 87 | T17: =SUM(D38:D41) -> 38 | U17: =SUM(E38:E41) -> 26 | V17: =SUM(F38:F41) -> 85 | W17: =SUM(G38:G41) -> 0 | X17: =SUM(H38:H41) -> 0 | Y17: =SUM(I38:I41) -> 11 | Z17: =SUM(J38:J41) -> 2 | ... AF17: =SUM(P38:P41) -> 738
B18: 09.00 - 09.15 | C18: 14 | D18: 15 | E18: 3 | F18: 33 | G18: 0 | H18: 0 | I18: 0 | J18: 0 | K18: 0 | L18: 1 | M18: 160 | N18: 0 | O18: =SUM(C18:L18,N18) -> 66 | P18: =SUM(C18:N18) -> 226 | R18: 1500-1600 | S18: =SUM(C42:C45) -> 107 | T18: =SUM(D42:D45) -> 34 | U18: =SUM(E42:E45) -> 16 | V18: =SUM(F42:F45) -> 94 | W18: =SUM(G42:G45) -> 0 | X18: =SUM(H42:H45) -> 0 | Y18: =SUM(I42:I45) -> 18 | Z18: =SUM(J42:J45) -> 2 | ... AF18: =SUM(P42:P45) -> 977
B19: 09.15 - 09.30 | C19: 15 | D19: 17 | E19: 3 | F19: 25 | G19: 0 | H19: 0 | I19: 3 | J19: 0 | K19: 0 | L19: 0 | M19: 100 | N19: 0 | O19: =SUM(C19:L19,N19) -> 63 | P19: =SUM(C19:N19) -> 163 | R19: 1600-1700 | S19: =SUM(C46:C49) -> 179 | T19: =SUM(D46:D49) -> 54 | U19: =SUM(E46:E49) -> 21 | V19: =SUM(F46:F49) -> 104 | W19: =SUM(G46:G49) -> 4 | X19: =SUM(H46:H49) -> 0 | Y19: =SUM(I46:I49) -> 16 | Z19: =SUM(J46:J49) -> 0 | ... AF19: =SUM(P46:P49) -> 1102
B20: 09.30 - 09.45 | C20: 50 | D20: 13 | E20: 2 | F20: 37 | G20: 0 | H20: 1 | I20: 11 | J20: 0 | K20: 0 | L20: 0 | M20: 211 | N20: 0 | O20: =SUM(C20:L20,N20) -> 114 | P20: =SUM(C20:N20) -> 325 | R20: 1700-1800 | S20: =SUM(C50:C53) -> 122 | T20: =SUM(D50:D53) -> 24 | U20: =SUM(E50:E53) -> 12 | V20: =SUM(F50:F53) -> 90 | W20: =SUM(G50:G53) -> 0 | X20: =SUM(H50:H53) -> 0 | Y20: =SUM(I50:I53) -> 9 | Z20: =SUM(J50:J53) -> 0 | ... AF20: =SUM(P50:P53) -> 879
B21: 09.45 - 10.00 | C21: 43 | D21: 8 | E21: 6 | F21: 48 | G21: 0 | H21: 0 | I21: 3 | J21: 0 | K21: 0 | L21: 0 | M21: 257 | N21: 0 | O21: =SUM(C21:L21,N21) -> 108 | P21: =SUM(C21:N21) -> 365 | R21: 1800-1900 | S21: =SUM(C54:C57) -> 103 | T21: =SUM(D54:D57) -> 34 | U21: =SUM(E54:E57) -> 16 | V21: =SUM(F54:F57) -> 85 | W21: =SUM(G54:G57) -> 0 | X21: =SUM(H54:H57) -> 3 | Y21: =SUM(I54:I57) -> 9 | Z21: =SUM(J54:J57) -> 0 | ... AF21: =SUM(P54:P57) -> 862
B22: 10.00 - 10.15 | C22: 35 | D22: 17 | E22: 2 | F22: 21 | G22: 0 | H22: 0 | I22: 10 | J22: 0 | K22: 0 | L22: 0 | M22: 155 | N22: 0 | O22: =SUM(C22:L22,N22) -> 85 | P22: =SUM(C22:N22) -> 240 | R22: 1900-2000 | S22: =SUM(C58:C61) -> 225 | T22: =SUM(D58:D61) -> 33 | U22: =SUM(E58:E61) -> 17 | V22: =SUM(F58:F61) -> 300 | W22: =SUM(G58:G61) -> 1 | X22: =SUM(H58:H61) -> 5 | Y22: =SUM(I58:I61) -> 6 | Z22: =SUM(J58:J61) -> 1 | ... AF22: =SUM(P58:P61) -> 1616
B23: 10.15 - 10.30 | C23: 36 | D23: 18 | E23: 2 | F23: 38 | G23: 2 | H23: 0 | I23: 2 | J23: 0 | K23: 0 | L23: 0 | M23: 174 | N23: 0 | O23: =SUM(C23:L23,N23) -> 98 | P23: =SUM(C23:N23) -> 272 | R23: 2000-2100 | S23: =SUM(C62:C65) -> 360 | T23: =SUM(D62:D65) -> 164 | U23: =SUM(E62:E65) -> 20 | V23: =SUM(F62:F65) -> 550 | W23: =SUM(G62:G65) -> 3 | X23: =SUM(H62:H65) -> 0 | Y23: =SUM(I62:I65) -> 12 | Z23: =SUM(J62:J65) -> 2 | ... AF23: =SUM(P62:P65) -> 2221
B24: 10.30 - 10.45 | C24: 29 | D24: 21 | E24: 4 | F24: 37 | G24: 0 | H24: 0 | I24: 2 | J24: 1 | K24: 0 | L24: 0 | M24: 190 | N24: 0 | O24: =SUM(C24:L24,N24) -> 94 | P24: =SUM(C24:N24) -> 284 | R24: 2100-2200 | S24: =SUM(C66:C69) -> 350 | T24: =SUM(D66:D69) -> 130 | U24: =SUM(E66:E69) -> 23 | V24: =SUM(F66:F69) -> 355 | W24: =SUM(G66:G69) -> 5 | X24: =SUM(H66:H69) -> 0 | Y24: =SUM(I66:I69) -> 3 | Z24: =SUM(J66:J69) -> 0 | ... AF24: =SUM(P66:P69) -> 1948
B25: 10.45 - 11.00 | C25: 41 | D25: 23 | E25: 5 | F25: 39 | G25: 1 | H25: 0 | I25: 0 | J25: 0 | K25: 0 | L25: 0 | M25: 180 | N25: 0 | O25: =SUM(C25:L25,N25) -> 109 | P25: =SUM(C25:N25) -> 289 | R25: 2200-2300 | S25: =SUM(C70:C73) -> 345 | T25: =SUM(D70:D73) -> 105 | U25: =SUM(E70:E73) -> 11 | V25: =SUM(F70:F73) -> 262 | W25: =SUM(G70:G73) -> 1 | X25: =SUM(H70:H73) -> 0 | Y25: =SUM(I70:I73) -> 0 | Z25: =SUM(J70:J73) -> 0 | ... AF25: =SUM(P70:P73) -> 1828
B26: 11.00 - 11.15 | C26: 34 | D26: 16 | E26: 2 | F26: 27 | G26: 0 | H26: 0 | I26: 6 | J26: 1 | K26: 0 | L26: 0 | M26: 145 | N26: 0 | O26: =SUM(C26:L26,N26) -> 86 | P26: =SUM(C26:N26) -> 231 | R26: 2300-0000 | S26: =SUM(C74:C77) -> 180 | T26: =SUM(D74:D77) -> 88 | U26: =SUM(E74:E77) -> 7 | V26: =SUM(F74:F77) -> 151 | W26: =SUM(G74:G77) -> 3 | X26: =SUM(H74:H77) -> 0 | Y26: =SUM(I74:I77) -> 2 | Z26: =SUM(J74:J77) -> 0 | ... AF26: =SUM(P74:P77) -> 1462
B27: 11.15 - 11.30 | C27: 25 | D27: 5 | E27: 2 | F27: 26 | G27: 0 | H27: 0 | I27: 4 | J27: 0 | K27: 0 | L27: 0 | M27: 130 | N27: 0 | O27: =SUM(C27:L27,N27) -> 62 | P27: =SUM(C27:N27) -> 192 | R27: 0000-0100 | S27: =SUM(C78:C81) -> 100 | T27: =SUM(D78:D81) -> 24 | U27: =SUM(E78:E81) -> 12 | V27: =SUM(F78:F81) -> 43 | W27: =SUM(G78:G81) -> 0 | X27: =SUM(H78:H81) -> 0 | Y27: =SUM(I78:I81) -> 3 | Z27: =SUM(J78:J81) -> 0 | ... AF27: =SUM(P78:P81) -> 1040
B28: 11.30 - 11.45 | C28: 27 | D28: 14 | E28: 3 | F28: 29 | G28: 0 | H28: 0 | I28: 6 | J28: 0 | K28: 0 | L28: 0 | M28: 111 | N28: 0 | O28: =SUM(C28:L28,N28) -> 79 | P28: =SUM(C28:N28) -> 190 | R28: 0100-0200 | S28: =SUM(C82:C85) -> 92 | T28: =SUM(D82:D85) -> 31 | U28: =SUM(E82:E85) -> 2 | V28: =SUM(F82:F85) -> 17 | W28: =SUM(G82:G85) -> 0 | X28: =SUM(H82:H85) -> 0 | Y28: =SUM(I82:I85) -> 3 | Z28: =SUM(J82:J85) -> 0 | ... AF28: =SUM(P82:P85) -> 608
B29: 11.45 - 12.00 | C29: 18 | D29: 17 | E29: 2 | F29: 31 | G29: 0 | H29: 0 | I29: 8 | J29: 0 | K29: 0 | L29: 0 | M29: 150 | N29: 0 | O29: =SUM(C29:L29,N29) -> 76 | P29: =SUM(C29:N29) -> 226 | R29: 0200-0300 | S29: =SUM(C86:C89) -> 30 | T29: =SUM(D86:D89) -> 1 | U29: =SUM(E86:E89) -> 1 | V29: =SUM(F86:F89) -> 0 | W29: =SUM(G86:G89) -> 0 | X29: =SUM(H86:H89) -> 0 | Y29: =SUM(I86:I89) -> 3 | Z29: =SUM(J86:J89) -> 0 | ... AF29: =SUM(P86:P89) -> 351
B30: 12.00 - 12.15 | C30: 25 | D30: 13 | E30: 4 | F30: 23 | G30: 0 | H30: 0 | I30: 4 | J30: 1 | K30: 0 | L30: 0 | M30: 154 | N30: 0 | O30: =SUM(C30:L30,N30) -> 70 | P30: =SUM(C30:N30) -> 224 | R30: 0300-0400 | S30: =SUM(C90:C93) -> 32 | T30: =SUM(D90:D93) -> 0 | U30: =SUM(E90:E93) -> 0 | V30: =SUM(F90:F93) -> 3 | W30: =SUM(G90:G93) -> 0 | X30: =SUM(H90:H93) -> 0 | Y30: =SUM(I90:I93) -> 0 | Z30: =SUM(J90:J93) -> 0 | ... AF30: =SUM(P90:P93) -> 454
B31: 12.15 - 12.30 | C31: 24 | D31: 8 | E31: 4 | F31: 25 | G31: 0 | H31: 0 | I31: 6 | J31: 1 | K31: 0 | L31: 0 | M31: 150 | N31: 0 | O31: =SUM(C31:L31,N31) -> 68 | P31: =SUM(C31:N31) -> 218 | R31: 0400-0500 | S31: =SUM(C94:C97) -> 26 | T31: =SUM(D94:D97) -> 2 | U31: =SUM(E94:E97) -> 1 | V31: =SUM(F94:F97) -> 7 | W31: =SUM(G94:G97) -> 0 | X31: =SUM(H94:H97) -> 0 | Y31: =SUM(I94:I97) -> 0 | Z31: =SUM(J94:J97) -> 0 | ... AF31: =SUM(P94:P97) -> 254
B32: 12.30 - 12.45 | C32: 31 | D32: 18 | E32: 6 | F32: 27 | G32: 0 | H32: 1 | I32: 5 | J32: 1 | K32: 0 | L32: 0 | M32: 178 | N32: 0 | O32: =SUM(C32:L32,N32) -> 89 | P32: =SUM(C32:N32) -> 267 | R32: 0500-0600 | S32: =SUM(C98:C101) -> 169 | T32: =SUM(D98:D101) -> 11 | U32: =SUM(E98:E101) -> 10 | V32: =SUM(F98:F101) -> 209 | W32: =SUM(G98:G101) -> 5 | X32: =SUM(H98:H101) -> 1 | Y32: =SUM(I98:I101) -> 0 | Z32: =SUM(J98:J101) -> 0 | ... AF32: =SUM(P98:P101) -> 1046
B33: 12.45 - 13.00 | C33: 39 | D33: 9 | E33: 7 | F33: 32 | G33: 0 | H33: 0 | I33: 4 | J33: 0 | K33: 0 | L33: 1 | M33: 158 | N33: 0 | O33: =SUM(C33:L33,N33) -> 92 | P33: =SUM(C33:N33) -> 250 | R33: 0600-0700 | S33: =SUM(C102:C105) -> 455 | T33: =SUM(D102:D105) -> 75 | U33: =SUM(E102:E105) -> 18 | V33: =SUM(F102:F105) -> 432 | W33: =SUM(G102:G105) -> 11 | X33: =SUM(H102:H105) -> 1 | Y33: =SUM(I102:I105) -> 10 | Z33: =SUM(J102:J105) -> 1 | ... AF33: =SUM(P102:P105) -> 1754
B34: 13.00 - 13.15 | C34: 27 | D34: 18 | E34: 2 | F34: 29 | G34: 0 | H34: 0 | I34: 3 | J34: 2 | K34: 0 | L34: 0 | M34: 145 | N34: 0 | O34: =SUM(C34:L34,N34) -> 81 | P34: =SUM(C34:N34) -> 226 | R34: AM Peak Hr | S34: =MAX(S10:S12) -> 122 | T34: =MAX(T10:T12) -> 66 | U34: =MAX(U10:U12) -> 23 | V34: =MAX(V10:V12) -> 227 | W34: =MAX(W10:W12) -> 1 | X34: =MAX(X10:X12) -> 1 | Y34: =MAX(Y10:Y12) -> 17 | Z34: =MAX(Z10:Z12) -> 1 | ... AF34: =MAX(AF10:AF12) -> 1383
B35: 13.15 - 13.30 | C35: 18 | D35: 10 | E35: 3 | F35: 18 | G35: 0 | H35: 0 | I35: 3 | J35: 2 | K35: 0 | L35: 0 | M35: 117 | N35: 0 | O35: =SUM(C35:L35,N35) -> 54 | P35: =SUM(C35:N35) -> 171 | R35: IP Peak Hr | S35: =MAX(S13:S18) -> 141 | T35: =MAX(T13:T18) -> 79 | U35: =MAX(U13:U18) -> 26 | V35: =MAX(V13:V18) -> 135 | W35: =MAX(W13:W18) -> 3 | X35: =MAX(X13:X18) -> 1 | Y35: =MAX(Y13:Y18) -> 24 | Z35: =MAX(Z13:Z18) -> 4 | ... AF35: =MAX(AF13:AF18) -> 1085
B36: 13.30 - 13.45 | C36: 21 | D36: 17 | E36: 5 | F36: 21 | G36: 0 | H36: 0 | I36: 7 | J36: 0 | K36: 0 | L36: 0 | M36: 123 | N36: 0 | O36: =SUM(C36:L36,N36) -> 71 | P36: =SUM(C36:N36) -> 194 | R36: PM Peak Hr | S36: =MAX(S19:S21) -> 179 | T36: =MAX(T19:T21) -> 54 | U36: =MAX(U19:U21) -> 21 | V36: =MAX(V19:V21) -> 104 | W36: =MAX(W19:W21) -> 4 | X36: =MAX(X19:X21) -> 3 | Y36: =MAX(Y19:Y21) -> 16 | Z36: =MAX(Z19:Z21) -> 0 | ... AF36: =MAX(AF19:AF21) -> 1102
B37: 13.45 - 14.00 | C37: 19 | D37: 13 | E37: 3 | F37: 20 | G37: 0 | H37: 0 | I37: 3 | J37: 0 | K37: 0 | L37: 0 | M37: 124 | N37: 0 | O37: =SUM(C37:L37,N37) -> 58 | P37: =SUM(C37:N37) -> 182 | R37: AM Period | S37: =SUM(S10:S12) -> 288 | T37: =SUM(T10:T12) -> 154 | U37: =SUM(U10:U12) -> 45 | V37: =SUM(V10:V12) -> 511 | W37: =SUM(W10:W12) -> 1 | X37: =SUM(X10:X12) -> 1 | Y37: =SUM(Y10:Y12) -> 39 | Z37: =SUM(Z10:Z12) -> 2 | ... AF37: =SUM(AF10:AF12) -> 3185
B38: 14.00 - 14.15 | C38: 11 | D38: 8 | E38: 2 | F38: 10 | G38: 0 | H38: 0 | I38: 2 | J38: 1 | K38: 0 | L38: 0 | M38: 78 | N38: 0 | O38: =SUM(C38:L38,N38) -> 34 | P38: =SUM(C38:N38) -> 112 | R38: IP Period | S38: =SUM(S13:S18) -> 643 | T38: =SUM(T13:T18) -> 309 | U38: =SUM(U13:U18) -> 98 | V38: =SUM(V13:V18) -> 622 | W38: =SUM(W13:W18) -> 3 | X38: =SUM(X13:X18) -> 1 | Y38: =SUM(Y13:Y18) -> 102 | Z38: =SUM(Z13:Z18) -> 13 | ... AF38: =SUM(AF13:AF18) -> 5371
B39: 14.15 - 14.30 | C39: 24 | D39: 10 | E39: 6 | F39: 30 | G39: 0 | H39: 0 | I39: 4 | J39: 0 | K39: 0 | L39: 0 | M39: 116 | N39: 0 | O39: =SUM(C39:L39,N39) -> 74 | P39: =SUM(C39:N39) -> 190 | R39: PM Period | S39: =SUM(S19:S21) -> 404 | T39: =SUM(T19:T21) -> 112 | U39: =SUM(U19:U21) -> 49 | V39: =SUM(V19:V21) -> 279 | W39: =SUM(W19:W21) -> 4 | X39: =SUM(X19:X21) -> 3 | Y39: =SUM(Y19:Y21) -> 34 | Z39: =SUM(Z19:Z21) -> 0 | ... AF39: =SUM(AF19:AF21) -> 2843
B40: 14.30 - 14.45 | C40: 25 | D40: 14 | E40: 11 | F40: 18 | G40: 0 | H40: 0 | I40: 5 | J40: 0 | K40: 0 | L40: 0 | M40: 145 | N40: 0 | O40: =SUM(C40:L40,N40) -> 73 | P40: =SUM(C40:N40) -> 218 | R40: 12 Hours | S40: =SUM(S10:S21) -> 1335 | T40: =SUM(T10:T21) -> 575 | U40: =SUM(U10:U21) -> 192 | V40: =SUM(V10:V21) -> 1412 | W40: =SUM(W10:W21) -> 8 | X40: =SUM(X10:X21) -> 5 | Y40: =SUM(Y10:Y21) -> 175 | Z40: =SUM(Z10:Z21) -> 15 | ... AF40: =SUM(AF10:AF21) -> 11399
B41: 14.45 - 15.00 | C41: 27 | D41: 6 | E41: 7 | F41: 27 | G41: 0 | H41: 0 | I41: 0 | J41: 1 | K41: 0 | L41: 0 | M41: 150 | N41: 0 | O41: =SUM(C41:L41,N41) -> 68 | P41: =SUM(C41:N41) -> 218 | R41: 24 Hrs/ADT | S41: =SUM(S10:S33) -> 3699 | T41: =SUM(T10:T33) -> 1239 | U41: =SUM(U10:U33) -> 314 | V41: =SUM(V10:V33) -> 3741 | W41: =SUM(W10:W33) -> 37 | X41: =SUM(X10:X33) -> 12 | Y41: =SUM(Y10:Y33) -> 217 | Z41: =SUM(Z10:Z33) -> 19 | ... AF41: =SUM(AF10:AF33) -> 25981
B42: 15.00 - 15.15 | C42: 28 | D42: 5 | E42: 3 | F42: 22 | G42: 0 | H42: 0 | I42: 3 | J42: 0 | K42: 0 | L42: 0 | M42: 163 | N42: 0 | O42: =SUM(C42:L42,N42) -> 61 | P42: =SUM(C42:N42) -> 224 | R42: NEF | S42: =S41/S40 -> 2.7707865 | T42: =T41/T40 -> 2.1547826 | U42: =U41/U40 -> 1.6354167 | V42: =V41/V40 -> 2.6494334 | W42: =W41/W40 -> 4.625 | X42: =X41/X40 -> 2.4 | Y42: =Y41/Y40 -> 1.24 | Z42: =Z41/Z40 -> 1.2666667 | ... AF42: =AF41/AF40 -> 2.279235
B43: 15.15 - 15.30 | C43: 21 | D43: 11 | E43: 1 | F43: 27 | G43: 0 | H43: 0 | I43: 7 | J43: 0 | K43: 0 | L43: 0 | M43: 191 | N43: 0 | O43: =SUM(C43:L43,N43) -> 67 | P43: =SUM(C43:N43) -> 258
B44: 15.30 - 15.45 | C44: 17 | D44: 11 | E44: 6 | F44: 25 | G44: 0 | H44: 0 | I44: 4 | J44: 1 | K44: 0 | L44: 0 | M44: 175 | N44: 0 | O44: =SUM(C44:L44,N44) -> 64 | P44: =SUM(C44:N44) -> 239
B45: 15.45 - 16.00 | C45: 41 | D45: 7 | E45: 6 | F45: 20 | G45: 0 | H45: 0 | I45: 4 | J45: 1 | K45: 1 | L45: 0 | M45: 176 | N45: 0 | O45: =SUM(C45:L45,N45) -> 80 | P45: =SUM(C45:N45) -> 256
B46: 16.00 - 16.15 | C46: 42 | D46: 13 | E46: 5 | F46: 26 | G46: 2 | H46: 0 | I46: 6 | J46: 0 | K46: 0 | L46: 0 | M46: 212 | N46: 0 | O46: =SUM(C46:L46,N46) -> 94 | P46: =SUM(C46:N46) -> 306
B47: 16.15 -16.30 | C47: 63 | D47: 24 | E47: 5 | F47: 40 | G47: 2 | H47: 0 | I47: 6 | J47: 0 | K47: 1 | L47: 0 | M47: 268 | N47: 0 | O47: =SUM(C47:L47,N47) -> 141 | P47: =SUM(C47:N47) -> 409
B48: 16.30 -16.45 | C48: 53 | D48: 11 | E48: 9 | F48: 24 | G48: 0 | H48: 0 | I48: 4 | J48: 0 | K48: 0 | L48: 0 | M48: 177 | N48: 0 | O48: =SUM(C48:L48,N48) -> 101 | P48: =SUM(C48:N48) -> 278
B49: 16.45 -17.00 | C49: 21 | D49: 6 | E49: 2 | F49: 14 | G49: 0 | H49: 0 | I49: 0 | J49: 0 | K49: 0 | L49: 0 | M49: 66 | N49: 0 | O49: =SUM(C49:L49,N49) -> 43 | P49: =SUM(C49:N49) -> 109
B50: 17.00 -17.15 | C50: 19 | D50: 1 | E50: 3 | F50: 13 | G50: 0 | H50: 0 | I50: 2 | J50: 0 | K50: 0 | L50: 0 | M50: 59 | N50: 0 | O50: =SUM(C50:L50,N50) -> 38 | P50: =SUM(C50:N50) -> 97
B51: 17.15 -17.30 | C51: 23 | D51: 4 | E51: 2 | F51: 32 | G51: 0 | H51: 0 | I51: 1 | J51: 0 | K51: 0 | L51: 0 | M51: 217 | N51: 0 | O51: =SUM(C51:L51,N51) -> 62 | P51: =SUM(C51:N51) -> 279
B52: 17.30 -17.45 | C52: 44 | D52: 8 | E52: 4 | F52: 26 | G52: 0 | H52: 0 | I52: 3 | J52: 0 | K52: 0 | L52: 0 | M52: 158 | N52: 0 | O52: =SUM(C52:L52,N52) -> 85 | P52: =SUM(C52:N52) -> 243
B53: 17.45 -18.00 | C53: 36 | D53: 11 | E53: 3 | F53: 19 | G53: 0 | H53: 0 | I53: 3 | J53: 0 | K53: 0 | L53: 0 | M53: 188 | N53: 0 | O53: =SUM(C53:L53,N53) -> 72 | P53: =SUM(C53:N53) -> 260
B54: 18.00 - 18.15 | C54: 32 | D54: 10 | E54: 3 | F54: 21 | G54: 0 | H54: 0 | I54: 5 | J54: 0 | K54: 0 | L54: 0 | M54: 156 | N54: 0 | O54: =SUM(C54:L54,N54) -> 71 | P54: =SUM(C54:N54) -> 227
... B105: 06.45 - 07.00 | C105: 173 | D105: 32 | E105: 9 | F105: 110 | G105: 2 | H105: 0 | I105: 8 | J105: 0 | K105: 2 | L105: 0 | M105: 240 | N105: 0 | O105: =SUM(C105:L105,N105) -> 336 | P105: =SUM(C105:N105) -> 576
B106: Totals | C106: =SUM(C10:C105) -> 3699 | D106: =SUM(D10:D105) -> 1239 | E106: =SUM(E10:E105) -> 314 | F106: =SUM(F10:F105) -> 3741 | G106: =SUM(G10:G105) -> 37 | H106: =SUM(H10:H105) -> 12 | I106: =SUM(I10:I105) -> 217 | J106: =SUM(J10:J105) -> 19 | ... P106: =SUM(P10:P105) -> 25981
B107: %ges + MCs | C107: =C106/$P$106 -> 0.14237327 | D107: =D106/$P$106 -> 0.047688696 | E107: =E106/$P$106 -> 0.012085755 | F107: =F106/$P$106 -> 0.14398984 | G107: =G106/$P$106 -> 0.0014241176 | H107: =H106/$P$106 -> 0.00046187599 | I107: =I106/$P$106 -> 0.0083522574 | J107: =J106/$P$106 -> 0.00073130364 | ... N107: =N106/$P$106 -> 0
B108: %ges w/o MCs | C108: =C106/$O$106 -> 0.39808437 | D108: =D106/$O$106 -> 0.13334051 | E108: =E106/$O$106 -> 0.03379251 | F108: =F106/$O$106 -> 0.40260439 | G108: =G106/$O$106 -> 0.0039819199 | H108: =H106/$O$106 -> 0.0012914335 | I108: =I106/$O$106 -> 0.023353422 | J108: =J106/$O$106 -> 0.0020447697 | ... L108: =L106/$O$106 -> 0.00021523892 | N108: =N106/$O$106 -> 0

Sheet 28.07 Kibuye-Munyonyo
B1: Consultancy services for Preparation of Expressway Development Master Plan (EDMP) for Uganda
B2: MANUAL CLASSIFIED COUNT (MCC)
B3: ROAD NAME: | C3: ='22.07 Kibuye-Munyonyo'!C3:G3 -> MCC - C1 - STN01A - SALAMA ROAD
C5: Date | D5: 28.07.19 | F5: Location | G5: ='27.07 Munyonyo-Kibuye-24h'!G5:H5 -> Salama road 1A | J5: Surveyor | K5: ='27.07 Munyonyo-Kibuye-24h'!K5:L5 -> Gerald
C6: Dir. From | D6: ='22.07 Kibuye-Munyonyo'!D6:E6 -> Kibuye | F6: Dir. To | G6: ='22.07 Kibuye-Munyonyo'!G6:H6 -> Munyonyo | J6: Supervisor | K6: ='27.07 Munyonyo-Kibuye-24h'!K6:L6 -> Emma
B8: Time / Veh Type | R8: SUMMARY TRAFFIC VOLUMES
C9: 1. Car | D9: 2. Station Wagon | E9: 3. Pickups | F9: 4. Minibus, matatu | G9: 5. Medium bus | H9: 6. Large Bus | I9: 7. Light Truck | J9: 8. Medium Truck | K9: 9. Heavy truck | L9: 10. Truck Trailer | M9: 11. Motor cycles | N9: 12. Tractors | O9: Total Excl M/Cycles | P9: Total All | R9: Time | S9: 1. Car | T9: 2. Station Wagon | U9: 3. Pickups | V9: 4. Minibus, matatu | W9: 5. Medium bus | X9: 6. Large Bus | Y9: 7. Light Truck | Z9: 8. Medium Truck | AA9: 9. Heavy truck | AB9: 10. Truck Trailer | AC9: 11. Motorcycles | AD9: 12. Tractors, Graders | AE9: Total Excl M/ Cycles | AF9: Total All
B10: 07.00 - 07.15 | C10: 6 | D10: 4 | E10: 2 | F10: 34 | G10: 1 | H10: 0 | I10: 2 | J10: 0 | K10: 0 | L10: 0 | M10: 102 | N10: 0 | O10: =SUM(C10:L10,N10) -> 49 | P10: =SUM(C10:N10) -> 151 | R10: 0700-0800 | S10: =SUM(C10:C13) -> 42 | T10: =SUM(D10:D13) -> 12 | U10: =SUM(E10:E13) -> 6 | V10: =SUM(F10:F13) -> 138 | W10: =SUM(G10:G13) -> 2 | X10: =SUM(H10:H13) -> 1 | Y10: =SUM(I10:I13) -> 6 | Z10: =SUM(J10:J13) -> 0 | ... AF10: =SUM(P10:P13) -> 615
B11: 07.15 - 07.30 | C11: 9 | D11: 0 | E11: 1 | F11: 37 | G11: 0 | H11: 1 | I11: 0 | J11: 0 | K11: 0 | L11: 0 | M11: 110 | N11: 0 | O11: =SUM(C11:L11,N11) -> 48 | P11: =SUM(C11:N11) -> 158 | R11: 0800-0900 | S11: =SUM(C14:C17) -> 48 | T11: =SUM(D14:D17) -> 12 | U11: =SUM(E14:E17) -> 5 | V11: =SUM(F14:F17) -> 172 | W11: =SUM(G14:G17) -> 2 | X11: =SUM(H14:H17) -> 0 | Y11: =SUM(I14:I17) -> 2 | Z11: =SUM(J14:J17) -> 2 | ... AF11: =SUM(P14:P17) -> 546
B12: 07.30 - 07.45 | C12: 14 | D12: 3 | E12: 0 | F12: 32 | G12: 0 | H12: 0 | I12: 2 | J12: 0 | K12: 0 | L12: 0 | M12: 115 | N12: 0 | O12: =SUM(C12:L12,N12) -> 51 | P12: =SUM(C12:N12) -> 166 | R12: 0900-1000 | S12: =SUM(C18:C21) -> 78 | T12: =SUM(D18:D21) -> 23 | U12: =SUM(E18:E21) -> 4 | V12: =SUM(F18:F21) -> 158 | W12: =SUM(G18:G21) -> 2 | X12: =SUM(H18:H21) -> 1 | Y12: =SUM(I18:I21) -> 8 | Z12: =SUM(J18:J21) -> 2 | ... AF12: =SUM(P18:P21) -> 746
B13: 07.45 - 08.00 | C13: 13 | D13: 5 | E13: 3 | F13: 35 | G13: 1 | H13: 0 | I13: 2 | J13: 0 | K13: 1 | L13: 0 | M13: 80 | N13: 0 | O13: =SUM(C13:L13,N13) -> 60 | P13: =SUM(C13:N13) -> 140 | R13: 1000-1100 | S13: =SUM(C22:C25) -> 88 | T13: =SUM(D22:D25) -> 24 | U13: =SUM(E22:E25) -> 5 | V13: =SUM(F22:F25) -> 125 | W13: =SUM(G22:G25) -> 2 | X13: =SUM(H22:H25) -> 0 | Y13: =SUM(I22:I25) -> 13 | Z13: =SUM(J22:J25) -> 0 | ... AF13: =SUM(P22:P25) -> 750
B14: 08.00 - 08.15 | C14: 12 | D14: 7 | E14: 1 | F14: 37 | G14: 2 | H14: 0 | I14: 0 | J14: 2 | K14: 1 | L14: 0 | M14: 62 | N14: 0 | O14: =SUM(C14:L14,N14) -> 62 | P14: =SUM(C14:N14) -> 124 | R14: 1100-1200 | S14: =SUM(C26:C29) -> 90 | T14: =SUM(D26:D29) -> 37 | U14: =SUM(E26:E29) -> 14 | V14: =SUM(F26:F29) -> 122 | W14: =SUM(G26:G29) -> 0 | X14: =SUM(H26:H29) -> 0 | Y14: =SUM(I26:I29) -> 6 | Z14: =SUM(J26:J29) -> 0 | ... AF14: =SUM(P26:P29) -> 850
B15: 08.15 - 08.30 | C15: 11 | D15: 1 | E15: 2 | F15: 34 | G15: 0 | H15: 0 | I15: 0 | J15: 0 | K15: 0 | L15: 0 | M15: 60 | N15: 0 | O15: =SUM(C15:L15,N15) -> 48 | P15: =SUM(C15:N15) -> 108 | R15: 1200-1300 | S15: =SUM(C30:C33) -> 103 | T15: =SUM(D30:D33) -> 20 | U15: =SUM(E30:E33) -> 34 | V15: =SUM(F30:F33) -> 62 | W15: =SUM(G30:G33) -> 0 | X15: =SUM(H30:H33) -> 0 | Y15: =SUM(I30:I33) -> 9 | Z15: =SUM(J30:J33) -> 0 | ... AF15: =SUM(P30:P33) -> 726
B16: 08.30 - 08.45 | C16: 14 | D16: 3 | E16: 1 | F16: 54 | G16: 0 | H16: 0 | I16: 1 | J16: 0 | K16: 0 | L16: 0 | M16: 60 | N16: 0 | O16: =SUM(C16:L16,N16) -> 73 | P16: =SUM(C16:N16) -> 133 | R16: 1300-1400 | S16: =SUM(C34:C37) -> 141 | T16: =SUM(D34:D37) -> 27 | U16: =SUM(E34:E37) -> 6 | V16: =SUM(F34:F37) -> 103 | W16: =SUM(G34:G37) -> 6 | X16: =SUM(H34:H37) -> 0 | Y16: =SUM(I34:I37) -> 15 | Z16: =SUM(J34:J37) -> 0 | ... AF16: =SUM(P34:P37) -> 737
B17: 08.45 - 9.00 | C17: 11 | D17: 1 | E17: 1 | F17: 47 | G17: 0 | H17: 0 | I17: 1 | J17: 0 | K17: 0 | L17: 0 | M17: 120 | N17: 0 | O17: =SUM(C17:L17,N17) -> 61 | P17: =SUM(C17:N17) -> 181 | R17: 1400-1500 | S17: =SUM(C38:C41) -> 181 | T17: =SUM(D38:D41) -> 44 | U17: =SUM(E38:E41) -> 12 | V17: =SUM(F38:F41) -> 90 | W17: =SUM(G38:G41) -> 0 | X17: =SUM(H38:H41) -> 0 | Y17: =SUM(I38:I41) -> 29 | Z17: =SUM(J38:J41) -> 0 | ... AF17: =SUM(P38:P41) -> 1062
B18: 09.00 - 09.15 | C18: 21 | D18: 5 | E18: 0 | F18: 34 | G18: 0 | H18: 0 | I18: 3 | J18: 0 | K18: 0 | L18: 0 | M18: 101 | N18: 0 | O18: =SUM(C18:L18,N18) -> 63 | P18: =SUM(C18:N18) -> 164 | R18: 1500-1600 | S18: =SUM(C42:C45) -> 201 | T18: =SUM(D42:D45) -> 59 | U18: =SUM(E42:E45) -> 12 | V18: =SUM(F42:F45) -> 94 | W18: =SUM(G42:G45) -> 1 | X18: =SUM(H42:H45) -> 0 | Y18: =SUM(I42:I45) -> 14 | Z18: =SUM(J42:J45) -> 1 | ... AF18: =SUM(P42:P45) -> 1253
B19: 09.15 - 09.30 | C19: 22 | D19: 6 | E19: 3 | F19: 45 | G19: 1 | H19: 0 | I19: 0 | J19: 0 | K19: 0 | L19: 0 | M19: 115 | N19: 0 | O19: =SUM(C19:L19,N19) -> 77 | P19: =SUM(C19:N19) -> 192 | R19: 1600-1700 | S19: =SUM(C46:C49) -> 217 | T19: =SUM(D46:D49) -> 68 | U19: =SUM(E46:E49) -> 10 | V19: =SUM(F46:F49) -> 102 | W19: =SUM(G46:G49) -> 1 | X19: =SUM(H46:H49) -> 0 | Y19: =SUM(I46:I49) -> 18 | Z19: =SUM(J46:J49) -> 3 | ... AF19: =SUM(P46:P49) -> 1234
B20: 09.30 - 09.45 | C20: 17 | D20: 8 | E20: 1 | F20: 23 | G20: 1 | H20: 1 | I20: 4 | J20: 0 | K20: 1 | L20: 0 | M20: 123 | N20: 0 | O20: =SUM(C20:L20,N20) -> 56 | P20: =SUM(C20:N20) -> 179 | R20: 1700-1800 | S20: =SUM(C50:C53) -> 235 | T20: =SUM(D50:D53) -> 90 | U20: =SUM(E50:E53) -> 14 | V20: =SUM(F50:F53) -> 123 | W20: =SUM(G50:G53) -> 1 | X20: =SUM(H50:H53) -> 0 | Y20: =SUM(I50:I53) -> 12 | Z20: =SUM(J50:J53) -> 0 | ... AF20: =SUM(P50:P53) -> 1135
B21: 09.45 - 10.00 | C21: 18 | D21: 4 | E21: 0 | F21: 56 | G21: 0 | H21: 0 | I21: 1 | J21: 2 | K21: 0 | L21: 0 | M21: 130 | N21: 0 | O21: =SUM(C21:L21,N21) -> 81 | P21: =SUM(C21:N21) -> 211 | R21: 1800-1900 | S21: =SUM(C54:C57) -> 153 | T21: =SUM(D54:D57) -> 47 | U21: =SUM(E54:E57) -> 7 | V21: =SUM(F54:F57) -> 100 | W21: =SUM(G54:G57) -> 1 | X21: =SUM(H54:H57) -> 0 | Y21: =SUM(I54:I57) -> 18 | Z21: =SUM(J54:J57) -> 0 | ... AF21: =SUM(P54:P57) -> 905
B22: 10.00 - 10.15 | C22: 22 | D22: 5 | E22: 3 | F22: 27 | G22: 0 | H22: 0 | I22: 5 | J22: 0 | K22: 0 | L22: 0 | M22: 118 | N22: 0 | O22: =SUM(C22:L22,N22) -> 62 | P22: =SUM(C22:N22) -> 180 | R22: AM Peak Hr | S22: =MAX(S10:S12) -> 78 | T22: =MAX(T10:T12) -> 23 | U22: =MAX(U10:U12) -> 6 | V22: =MAX(V10:V12) -> 172 | W22: =MAX(W10:W12) -> 2 | X22: =MAX(X10:X12) -> 1 | Y22: =MAX(Y10:Y12) -> 8 | Z22: =MAX(Z10:Z12) -> 2 | ... AF22: =MAX(AF10:AF12) -> 746
B23: 10.15 - 10.30 | C23: 14 | D23: 7 | E23: 0 | F23: 39 | G23: 2 | H23: 0 | I23: 1 | J23: 0 | K23: 2 | L23: 0 | M23: 160 | N23: 0 | O23: =SUM(C23:L23,N23) -> 65 | P23: =SUM(C23:N23) -> 225 | R23: IP Peak Hr | S23: =MAX(S13:S18) -> 201 | T23: =MAX(T13:T18) -> 59 | U23: =MAX(U13:U18) -> 34 | V23: =MAX(V13:V18) -> 125 | W23: =MAX(W13:W18) -> 6 | X23: =MAX(X13:X18) -> 0 | Y23: =MAX(Y13:Y18) -> 29 | Z23: =MAX(Z13:Z18) -> 1 | ... AF23: =MAX(AF13:AF18) -> 1253
B24: 10.30 - 10.45 | C24: 27 | D24: 4 | E24: 2 | F24: 27 | G24: 0 | H24: 0 | I24: 4 | J24: 0 | K24: 0 | L24: 0 | M24: 72 | N24: 0 | O24: =SUM(C24:L24,N24) -> 64 | P24: =SUM(C24:N24) -> 136 | R24: PM Peak Hr | S24: =MAX(S19:S21) -> 235 | T24: =MAX(T19:T21) -> 90 | U24: =MAX(U19:U21) -> 14 | V24: =MAX(V19:V21) -> 123 | W24: =MAX(W19:W21) -> 1 | X24: =MAX(X19:X21) -> 0 | Y24: =MAX(Y19:Y21) -> 18 | Z24: =MAX(Z19:Z21) -> 3 | ... AF24: =MAX(AF19:AF21) -> 1234
B25: 10.45 - 11.00 | C25: 25 | D25: 8 | E25: 0 | F25: 32 | G25: 0 | H25: 0 | I25: 3 | J25: 0 | K25: 0 | L25: 0 | M25: 141 | N25: 0 | O25: =SUM(C25:L25,N25) -> 68 | P25: =SUM(C25:N25) -> 209 | R25: AM Period | S25: =SUM(S10:S12) -> 168 | T25: =SUM(T10:T12) -> 47 | U25: =SUM(U10:U12) -> 15 | V25: =SUM(V10:V12) -> 468 | W25: =SUM(W10:W12) -> 6 | X25: =SUM(X10:X12) -> 2 | Y25: =SUM(Y10:Y12) -> 16 | Z25: =SUM(Z10:Z12) -> 4 | ... AF25: =SUM(AF10:AF12) -> 1907
B26: 11.00 - 11.15 | C26: 30 | D26: 11 | E26: 2 | F26: 35 | G26: 0 | H26: 0 | I26: 0 | J26: 0 | K26: 1 | L26: 0 | M26: 150 | N26: 0 | O26: =SUM(C26:L26,N26) -> 79 | P26: =SUM(C26:N26) -> 229 | R26: IP Period | S26: =SUM(S13:S18) -> 804 | T26: =SUM(T13:T18) -> 211 | U26: =SUM(U13:U18) -> 83 | V26: =SUM(V13:V18) -> 596 | W26: =SUM(W13:W18) -> 9 | X26: =SUM(X13:X18) -> 0 | Y26: =SUM(Y13:Y18) -> 86 | Z26: =SUM(Z13:Z18) -> 1 | ... AF26: =SUM(AF13:AF18) -> 5378
B27: 11.15 - 11.30 | C27: 16 | D27: 8 | E27: 3 | F27: 31 | G27: 0 | H27: 0 | I27: 4 | J27: 0 | K27: 0 | L27: 0 | M27: 140 | N27: 0 | O27: =SUM(C27:L27,N27) -> 62 | P27: =SUM(C27:N27) -> 202 | R27: PM Period | S27: =SUM(S19:S21) -> 605 | T27: =SUM(T19:T21) -> 205 | U27: =SUM(U19:U21) -> 31 | V27: =SUM(V19:V21) -> 325 | W27: =SUM(W19:W21) -> 3 | X27: =SUM(X19:X21) -> 0 | Y27: =SUM(Y19:Y21) -> 48 | Z27: =SUM(Z19:Z21) -> 3 | ... AF27: =SUM(AF19:AF21) -> 3274
B28: 11.30 - 11.45 | C28: 25 | D28: 9 | E28: 1 | F28: 28 | G28: 0 | H28: 0 | I28: 2 | J28: 0 | K28: 0 | L28: 0 | M28: 165 | N28: 0 | O28: =SUM(C28:L28,N28) -> 65 | P28: =SUM(C28:N28) -> 230 | R28: 12 Hours | S28: =SUM(S10:S21) -> 1577 | T28: =SUM(T10:T21) -> 463 | U28: =SUM(U10:U21) -> 129 | V28: =SUM(V10:V21) -> 1389 | W28: =SUM(W10:W21) -> 18 | X28: =SUM(X10:X21) -> 2 | Y28: =SUM(Y10:Y21) -> 150 | Z28: =SUM(Z10:Z21) -> 8 | ... AF28: =SUM(AF10:AF21) -> 10559
B29: 11.45 - 12.00 | C29: 19 | D29: 9 | E29: 8 | F29: 28 | G29: 0 | H29: 0 | I29: 0 | J29: 0 | K29: 0 | L29: 0 | M29: 125 | N29: 0 | O29: =SUM(C29:L29,N29) -> 64 | P29: =SUM(C29:N29) -> 189
B30: 12.00 - 12.15 | C30: 27 | D30: 5 | E30: 3 | F30: 18 | G30: 0 | H30: 0 | I30: 2 | J30: 0 | K30: 0 | L30: 0 | M30: 105 | N30: 0 | O30: =SUM(C30:L30,N30) -> 55 | P30: =SUM(C30:N30) -> 160
B31: 12.15 - 12.30 | C31: 6 | D31: 1 | E31: 28 | F31: 0 | G31: 0 | H31: 0 | I31: 0 | J31: 0 | K31: 0 | L31: 0 | M31: 108 | N31: 0 | O31: =SUM(C31:L31,N31) -> 35 | P31: =SUM(C31:N31) -> 143
B32: 12.30 - 12.45 | C32: 40 | D32: 9 | E32: 2 | F32: 21 | G32: 0 | H32: 0 | I32: 3 | J32: 0 | K32: 0 | L32: 0 | M32: 150 | N32: 0 | O32: =SUM(C32:L32,N32) -> 75 | P32: =SUM(C32:N32) -> 225
B33: 12.45 - 13.00 | C33: 30 | D33: 5 | E33: 1 | F33: 23 | G33: 0 | H33: 0 | I33: 4 | J33: 0 | K33: 0 | L33: 0 | M33: 135 | N33: 0 | O33: =SUM(C33:L33,N33) -> 63 | P33: =SUM(C33:N33) -> 198
B34: 13.00 - 13.15 | C34: 36 | D34: 3 | E34: 2 | F34: 23 | G34: 6 | H34: 0 | I34: 7 | J34: 0 | K34: 0 | L34: 0 | M34: 93 | N34: 0 | O34: =SUM(C34:L34,N34) -> 77 | P34: =SUM(C34:N34) -> 170
B35: 13.15 - 13.30 | C35: 27 | D35: 7 | E35: 2 | F35: 26 | G35: 0 | H35: 0 | I35: 3 | J35: 0 | K35: 0 | L35: 0 | M35: 135 | N35: 0 | O35: =SUM(C35:L35,N35) -> 65 | P35: =SUM(C35:N35) -> 200
B36: 13.30 - 13.45 | C36: 33 | D36: 12 | E36: 0 | F36: 40 | G36: 0 | H36: 0 | I36: 1 | J36: 0 | K36: 0 | L36: 0 | M36: 115 | N36: 0 | O36: =SUM(C36:L36,N36) -> 86 | P36: =SUM(C36:N36) -> 201
B37: 13.45 - 14.00 | C37: 45 | D37: 5 | E37: 2 | F37: 14 | G37: 0 | H37: 0 | I37: 4 | J37: 0 | K37: 0 | L37: 0 | M37: 96 | N37: 0 | O37: =SUM(C37:L37,N37) -> 70 | P37: =SUM(C37:N37) -> 166
