Workbook

Sheet 29.07 Najjeera-Kiwatule
B1: Consultancy services for Preparation of Expressway Development Master Plan (EDMP) for Uganda
B2: MANUAL CLASSIFIED COUNT (MCC)
B3: ROAD NAME: | C3: MCC - C1 - STN36 - MBOGO ROAD
C5: Date | D5: 29.07.19 | F5: Location | G5: U Save Kiwatule | J5: Surveyor | K5: Anthony
C6: Dir. From | D6: Najjeera | F6: Dir. To | G6: Kiwatule | J6: Supervisor | K6: Steven
B8: Time / Veh Type | R8: SUMMARY TRAFFIC VOLUMES
C9: 1. Car | D9: 2. Station Wagon | E9: 3. Pickups | F9: 4. Minibus, matatu | G9: 5. Medium bus | H9: 6. Large Bus | I9: 7. Light Truck | J9: 8. Medium Truck | K9: 9. Heavy truck | L9: 10. Truck Trailer | M9: 11. Motor cycles | N9: 12. Tractors | O9: Total Excl M/Cycles | P9: Total All | R9: Time | S9: 1. Car | T9: 2. Station Wagon | U9: 3. Pickups | V9: 4. Minibus, matatu | W9: 5. Medium bus | X9: 6. Large Bus | Y9: 7. Light Truck | Z9: 8. Medium Truck | AA9: 9. Heavy truck | AB9: 10. Truck Trailer | AC9: 11. Motorcycles | AD9: 12. Tractors, Graders | AE9: Total Excl M/ Cycles | AF9: Total All
B10: 07.00 - 07.15 | C10: 94 | D10: 19 | E10: 11 | F10: 22 | G10: 0 | H10: 0 | I10: 2 | J10: 4 | K10: 1 | L10: 2 | M10: 80 | N10: 0 | O10: =SUM(C10:L10,N10) -> 155 | P10: =SUM(C10:N10) -> 235 | R10: 0700-0800 | S10: =SUM(C10:C13) -> 383 | T10: =SUM(D10:D13) -> 80 | U10: =SUM(E10:E13) -> 59 | V10: =SUM(F10:F13) -> 75 | W10: =SUM(G10:G13) -> 0 | X10: =SUM(H10:H13) -> 0 | Y10: =SUM(I10:I13) -> 11 | Z10: =SUM(J10:J13) -> 10 | ... AF10: =SUM(P10:P13) -> 994
B11: 07.15 - 07.30 | C11: 93 | D11: 22 | E11: 16 | F11: 13 | G11: 0 | H11: 0 | I11: 1 | J11: 0 | K11: 2 | L11: 0 | M11: 100 | N11: 0 | O11: =SUM(C11:L11,N11) -> 147 | P11: =SUM(C11:N11) -> 247 | R11: 0800-0900 | S11: =SUM(C14:C17) -> 346 | T11: =SUM(D14:D17) -> 97 | U11: =SUM(E14:E17) -> 61 | V11: =SUM(F14:F17) -> 108 | W11: =SUM(G14:G17) -> 0 | X11: =SUM(H14:H17) -> 0 | Y11: =SUM(I14:I17) -> 9 | Z11: =SUM(J14:J17) -> 3 | ... AF11: =SUM(P14:P17) -> 910
B12: 07.30 - 07.45 | C12: 96 | D12: 18 | E12: 13 | F12: 19 | G12: 0 | H12: 0 | I12: 6 | J12: 5 | K12: 0 | L12: 1 | M12: 110 | N12: 0 | O12: =SUM(C12:L12,N12) -> 158 | P12: =SUM(C12:N12) -> 268 | R12: 0900-1000 | S12: =SUM(C18:C21) -> 364 | T12: =SUM(D18:D21) -> 55 | U12: =SUM(E18:E21) -> 38 | V12: =SUM(F18:F21) -> 58 | W12: =SUM(G18:G21) -> 0 | X12: =SUM(H18:H21) -> 0 | Y12: =SUM(I18:I21) -> 9 | Z12: =SUM(J18:J21) -> 1 | ... AF12: =SUM(P18:P21) -> 901
B13: 07.45 - 08.00 | C13: 100 | D13: 21 | E13: 19 | F13: 21 | G13: 0 | H13: 0 | I13: 2 | J13: 1 | K13: 0 | L13: 0 | M13: 80 | N13: 0 | O13: =SUM(C13:L13,N13) -> 164 | P13: =SUM(C13:N13) -> 244 | R13: 1000-1100 | S13: =SUM(C22:C25) -> 372 | T13: =SUM(D22:D25) -> 61 | U13: =SUM(E22:E25) -> 40 | V13: =SUM(F22:F25) -> 64 | W13: =SUM(G22:G25) -> 0 | X13: =SUM(H22:H25) -> 0 | Y13: =SUM(I22:I25) -> 10 | Z13: =SUM(J22:J25) -> 15 | ... AF13: =SUM(P22:P25) -> 898
B14: 08.00 - 08.15 | C14: 86 | D14: 28 | E14: 11 | F14: 32 | G14: 0 | H14: 0 | I14: 4 | J14: 1 | K14: 3 | L14: 0 | M14: 65 | N14: 0 | O14: =SUM(C14:L14,N14) -> 165 | P14: =SUM(C14:N14) -> 230 | R14: 1100-1200 | S14: =SUM(C26:C29) -> 370 | T14: =SUM(D26:D29) -> 42 | U14: =SUM(E26:E29) -> 46 | V14: =SUM(F26:F29) -> 70 | W14: =SUM(G26:G29) -> 0 | X14: =SUM(H26:H29) -> 0 | Y14: =SUM(I26:I29) -> 11 | Z14: =SUM(J26:J29) -> 6 | ... AF14: =SUM(P26:P29) -> 886
B15: 08.15 - 08.30 | C15: 77 | D15: 13 | E15: 15 | F15: 28 | G15: 0 | H15: 0 | I15: 2 | J15: 0 | K15: 0 | L15: 0 | M15: 75 | N15: 0 | O15: =SUM(C15:L15,N15) -> 135 | P15: =SUM(C15:N15) -> 210 | R15: 1200-1300 | S15: =SUM(C30:C33) -> 295 | T15: =SUM(D30:D33) -> 48 | U15: =SUM(E30:E33) -> 33 | V15: =SUM(F30:F33) -> 51 | W15: =SUM(G30:G33) -> 0 | X15: =SUM(H30:H33) -> 0 | Y15: =SUM(I30:I33) -> 15 | Z15: =SUM(J30:J33) -> 8 | ... AF15: =SUM(P30:P33) -> 714
B16: 08.30 - 08.45 | C16: 75 | D16: 22 | E16: 19 | F16: 21 | G16: 0 | H16: 0 | I16: 0 | J16: 0 | K16: 1 | L16: 2 | M16: 80 | N16: 0 | O16: =SUM(C16:L16,N16) -> 140 | P16: =SUM(C16:N16) -> 220 | R16: 1300-1400 | S16: =SUM(C34:C37) -> 263 | T16: =SUM(D34:D37) -> 30 | U16: =SUM(E34:E37) -> 37 | V16: =SUM(F34:F37) -> 51 | W16: =SUM(G34:G37) -> 1 | X16: =SUM(H34:H37) -> 0 | Y16: =SUM(I34:I37) -> 13 | Z16: =SUM(J34:J37) -> 6 | ... AF16: =SUM(P34:P37) -> 665
B17: 08.45 - 9.00 | C17: 108 | D17: 34 | E17: 16 | F17: 27 | G17: 0 | H17: 0 | I17: 3 | J17: 2 | K17: 0 | L17: 0 | M17: 60 | N17: 0 | O17: =SUM(C17:L17,N17) -> 190 | P17: =SUM(C17:N17) -> 250 | R17: 1400-1500 | S17: =SUM(C38:C41) -> 192 | T17: =SUM(D38:D41) -> 29 | U17: =SUM(E38:E41) -> 22 | V17: =SUM(F38:F41) -> 46 | W17: =SUM(G38:G41) -> 0 | X17: =SUM(H38:H41) -> 0 | Y17: =SUM(I38:I41) -> 16 | Z17: =SUM(J38:J41) -> 6 | ... AF17: =SUM(P38:P41) -> 599
B18: 09.00 - 09.15 | C18: 55 | D18: 9 | E18: 2 | F18: 7 | G18: 0 | H18: 0 | I18: 0 | J18: 1 | K18: 0 | L18: 0 | M18: 90 | N18: 0 | O18: =SUM(C18:L18,N18) -> 74 | P18: =SUM(C18:N18) -> 164 | R18: 1500-1600 | S18: =SUM(C42:C45) -> 232 | T18: =SUM(D42:D45) -> 31 | U18: =SUM(E42:E45) -> 25 | V18: =SUM(F42:F45) -> 37 | W18: =SUM(G42:G45) -> 0 | X18: =SUM(H42:H45) -> 0 | Y18: =SUM(I42:I45) -> 23 | Z18: =SUM(J42:J45) -> 4 | ... AF18: =SUM(P42:P45) -> 671
B19: 09.15 - 09.30 | C19: 81 | D19: 9 | E19: 12 | F19: 13 | G19: 0 | H19: 0 | I19: 2 | J19: 0 | K19: 0 | L19: 0 | M19: 75 | N19: 0 | O19: =SUM(C19:L19,N19) -> 117 | P19: =SUM(C19:N19) -> 192 | R19: 1600-1700 | S19: =SUM(C46:C49) -> 264 | T19: =SUM(D46:D49) -> 34 | U19: =SUM(E46:E49) -> 32 | V19: =SUM(F46:F49) -> 45 | W19: =SUM(G46:G49) -> 1 | X19: =SUM(H46:H49) -> 0 | Y19: =SUM(I46:I49) -> 13 | Z19: =SUM(J46:J49) -> 2 | ... AF19: =SUM(P46:P49) -> 667
B20: 09.30 - 09.45 | C20: 110 | D20: 11 | E20: 15 | F20: 17 | G20: 0 | H20: 0 | I20: 3 | J20: 0 | K20: 0 | L20: 0 | M20: 111 | N20: 0 | O20: =SUM(C20:L20,N20) -> 156 | P20: =SUM(C20:N20) -> 267 | R20: 1700-1800 | S20: =SUM(C50:C53) -> 242 | T20: =SUM(D50:D53) -> 26 | U20: =SUM(E50:E53) -> 28 | V20: =SUM(F50:F53) -> 51 | W20: =SUM(G50:G53) -> 6 | X20: =SUM(H50:H53) -> 0 | Y20: =SUM(I50:I53) -> 12 | Z20: =SUM(J50:J53) -> 3 | ... AF20: =SUM(P50:P53) -> 675
B21: 09.45 - 10.00 | C21: 118 | D21: 26 | E21: 9 | F21: 21 | G21: 0 | H21: 0 | I21: 4 | J21: 0 | K21: 0 | L21: 0 | M21: 100 | N21: 0 | O21: =SUM(C21:L21,N21) -> 178 | P21: =SUM(C21:N21) -> 278 | R21: 1800-1900 | S21: =SUM(C54:C57) -> 181 | T21: =SUM(D54:D57) -> 25 | U21: =SUM(E54:E57) -> 31 | V21: =SUM(F54:F57) -> 87 | W21: =SUM(G54:G57) -> 1 | X21: =SUM(H54:H57) -> 0 | Y21: =SUM(I54:I57) -> 10 | Z21: =SUM(J54:J57) -> 2 | ... AF21: =SUM(P54:P57) -> 693
B22: 10.00 - 10.15 | C22: 100 | D22: 12 | E22: 7 | F22: 15 | G22: 0 | H22: 0 | I22: 4 | J22: 3 | K22: 0 | L22: 0 | M22: 85 | N22: 0 | O22: =SUM(C22:L22,N22) -> 141 | P22: =SUM(C22:N22) -> 226 | R22: AM Peak Hr | S22: =MAX(S10:S12) -> 383 | T22: =MAX(T10:T12) -> 97 | U22: =MAX(U10:U12) -> 61 | V22: =MAX(V10:V12) -> 108 | W22: =MAX(W10:W12) -> 0 | X22: =MAX(X10:X12) -> 0 | Y22: =MAX(Y10:Y12) -> 11 | Z22: =MAX(Z10:Z12) -> 10 | ... AF22: =MAX(AF10:AF12) -> 994
B23: 10.15 - 10.30 | C23: 91 | D23: 24 | E23: 9 | F23: 17 | G23: 0 | H23: 0 | I23: 2 | J23: 6 | K23: 0 | L23: 0 | M23: 80 | N23: 0 | O23: =SUM(C23:L23,N23) -> 149 | P23: =SUM(C23:N23) -> 229 | R23: IP Peak Hr | S23: =MAX(S13:S18) -> 372 | T23: =MAX(T13:T18) -> 61 | U23: =MAX(U13:U18) -> 46 | V23: =MAX(V13:V18) -> 70 | W23: =MAX(W13:W18) -> 1 | X23: =MAX(X13:X18) -> 0 | Y23: =MAX(Y13:Y18) -> 23 | Z23: =MAX(Z13:Z18) -> 15 | ... AF23: =MAX(AF13:AF18) -> 898
B24: 10.30 - 10.45 | C24: 91 | D24: 10 | E24: 15 | F24: 15 | G24: 0 | H24: 0 | I24: 2 | J24: 1 | K24: 1 | L24: 0 | M24: 90 | N24: 0 | O24: =SUM(C24:L24,N24) -> 135 | P24: =SUM(C24:N24) -> 225 | R24: PM Peak Hr | S24: =MAX(S19:S21) -> 264 | T24: =MAX(T19:T21) -> 34 | U24: =MAX(U19:U21) -> 32 | V24: =MAX(V19:V21) -> 87 | W24: =MAX(W19:W21) -> 6 | X24: =MAX(X19:X21) -> 0 | Y24: =MAX(Y19:Y21) -> 13 | Z24: =MAX(Z19:Z21) -> 3 | ... AF24: =MAX(AF19:AF21) -> 693
B25: 10.45 - 11.00 | C25: 90 | D25: 15 | E25: 9 | F25: 17 | G25: 0 | H25: 0 | I25: 2 | J25: 5 | K25: 0 | L25: 0 | M25: 80 | N25: 0 | O25: =SUM(C25:L25,N25) -> 138 | P25: =SUM(C25:N25) -> 218 | R25: AM Period | S25: =SUM(S10:S12) -> 1093 | T25: =SUM(T10:T12) -> 232 | U25: =SUM(U10:U12) -> 158 | V25: =SUM(V10:V12) -> 241 | W25: =SUM(W10:W12) -> 0 | X25: =SUM(X10:X12) -> 0 | Y25: =SUM(Y10:Y12) -> 29 | Z25: =SUM(Z10:Z12) -> 14 | ... AF25: =SUM(AF10:AF12) -> 2805
B26: 11.00 - 11.15 | C26: 126 | D26: 14 | E26: 18 | F26: 24 | G26: 0 | H26: 0 | I26: 3 | J26: 1 | K26: 2 | L26: 0 | M26: 85 | N26: 0 | O26: =SUM(C26:L26,N26) -> 188 | P26: =SUM(C26:N26) -> 273 | R26: IP Period | S26: =SUM(S13:S18) -> 1724 | T26: =SUM(T13:T18) -> 241 | U26: =SUM(U13:U18) -> 203 | V26: =SUM(V13:V18) -> 319 | W26: =SUM(W13:W18) -> 1 | X26: =SUM(X13:X18) -> 0 | Y26: =SUM(Y13:Y18) -> 88 | Z26: =SUM(Z13:Z18) -> 45 | ... AF26: =SUM(AF13:AF18) -> 4433
B27: 11.15 - 11.30 | C27: 107 | D27: 14 | E27: 12 | F27: 13 | G27: 0 | H27: 0 | I27: 4 | J27: 2 | K27: 2 | L27: 0 | M27: 75 | N27: 0 | O27: =SUM(C27:L27,N27) -> 154 | P27: =SUM(C27:N27) -> 229 | R27: PM Period | S27: =SUM(S19:S21) -> 687 | T27: =SUM(T19:T21) -> 85 | U27: =SUM(U19:U21) -> 91 | V27: =SUM(V19:V21) -> 183 | W27: =SUM(W19:W21) -> 8 | X27: =SUM(X19:X21) -> 0 | Y27: =SUM(Y19:Y21) -> 35 | Z27: =SUM(Z19:Z21) -> 7 | ... AF27: =SUM(AF19:AF21) -> 2035
B28: 11.30 - 11.45 | C28: 60 | D28: 6 | E28: 8 | F28: 16 | G28: 0 | H28: 0 | I28: 3 | J28: 0 | K28: 0 | L28: 0 | M28: 120 | N28: 0 | O28: =SUM(C28:L28,N28) -> 93 | P28: =SUM(C28:N28) -> 213 | R28: 12 Hours | S28: =SUM(S10:S21) -> 3504 | T28: =SUM(T10:T21) -> 558 | U28: =SUM(U10:U21) -> 452 | V28: =SUM(V10:V21) -> 743 | W28: =SUM(W10:W21) -> 9 | X28: =SUM(X10:X21) -> 0 | Y28: =SUM(Y10:Y21) -> 152 | Z28: =SUM(Z10:Z21) -> 66 | ... AF28: =SUM(AF10:AF21) -> 9273
B29: 11.45 - 12.00 | C29: 77 | D29: 8 | E29: 8 | F29: 17 | G29: 0 | H29: 0 | I29: 1 | J29: 3 | K29: 1 | L29: 1 | M29: 55 | N29: 0 | O29: =SUM(C29:L29,N29) -> 116 | P29: =SUM(C29:N29) -> 171
B30: 12.00 - 12.15 | C30: 54 | D30: 14 | E30: 7 | F30: 11 | G30: 0 | H30: 0 | I30: 5 | J30: 4 | K30: 1 | L30: 0 | M30: 65 | N30: 0 | O30: =SUM(C30:L30,N30) -> 96 | P30: =SUM(C30:N30) -> 161
B31: 12.15 - 12.30 | C31: 106 | D31: 13 | E31: 5 | F31: 12 | G31: 0 | H31: 0 | I31: 4 | J31: 1 | K31: 1 | L31: 1 | M31: 65 | N31: 0 | O31: =SUM(C31:L31,N31) -> 143 | P31: =SUM(C31:N31) -> 208
B32: 12.30 - 12.45 | C32: 60 | D32: 10 | E32: 11 | F32: 15 | G32: 0 | H32: 0 | I32: 1 | J32: 2 | K32: 0 | L32: 0 | M32: 72 | N32: 0 | O32: =SUM(C32:L32,N32) -> 99 | P32: =SUM(C32:N32) -> 171
B33: 12.45 - 13.00 | C33: 75 | D33: 11 | E33: 10 | F33: 13 | G33: 0 | H33: 0 | I33: 5 | J33: 1 | K33: 2 | L33: 0 | M33: 57 | N33: 0 | O33: =SUM(C33:L33,N33) -> 117 | P33: =SUM(C33:N33) -> 174
B34: 13.00 - 13.15 | C34: 70 | D34: 6 | E34: 10 | F34: 12 | G34: 0 | H34: 0 | I34: 3 | J34: 1 | K34: 2 | L34: 0 | M34: 70 | N34: 0 | O34: =SUM(C34:L34,N34) -> 104 | P34: =SUM(C34:N34) -> 174
B35: 13.15 - 13.30 | C35: 62 | D35: 8 | E35: 8 | F35: 12 | G35: 0 | H35: 0 | I35: 4 | J35: 1 | K35: 1 | L35: 0 | M35: 85 | N35: 0 | O35: =SUM(C35:L35,N35) -> 96 | P35: =SUM(C35:N35) -> 181
B36: 13.30 - 13.45 | C36: 58 | D36: 6 | E36: 9 | F36: 14 | G36: 1 | H36: 0 | I36: 3 | J36: 1 | K36: 1 | L36: 0 | M36: 50 | N36: 0 | O36: =SUM(C36:L36,N36) -> 93 | P36: =SUM(C36:N36) -> 143
B37: 13.45 - 14.00 | C37: 73 | D37: 10 | E37: 10 | F37: 13 | G37: 0 | H37: 0 | I37: 3 | J37: 3 | K37: 0 | L37: 0 | M37: 55 | N37: 0 | O37: =SUM(C37:L37,N37) -> 112 | P37: =SUM(C37:N37) -> 167
B38: 14.00 - 14.15 | C38: 57 | D38: 9 | E38: 6 | F38: 11 | G38: 0 | H38: 0 | I38: 6 | J38: 3 | K38: 2 | L38: 0 | M38: 80 | N38: 0 | O38: =SUM(C38:L38,N38) -> 94 | P38: =SUM(C38:N38) -> 174
B39: 14.15 - 14.30 | C39: 30 | D39: 3 | E39: 3 | F39: 6 | G39: 0 | H39: 0 | I39: 4 | J39: 1 | K39: 1 | L39: 0 | M39: 72 | N39: 0 | O39: =SUM(C39:L39,N39) -> 48 | P39: =SUM(C39:N39) -> 120
B40: 14.30 - 14.45 | C40: 62 | D40: 11 | E40: 7 | F40: 12 | G40: 0 | H40: 0 | I40: 3 | J40: 2 | K40: 0 | L40: 0 | M40: 64 | N40: 0 | O40: =SUM(C40:L40,N40) -> 97 | P40: =SUM(C40:N40) -> 161
... B57: 18.45 - 19.00 | C57: 43 | D57: 5 | E57: 14 | F57: 35 | G57: 0 | H57: 0 | I57: 1 | J57: 0 | K57: 0 | L57: 0 | M57: 90 | N57: 0 | O57: =SUM(C57:L57,N57) -> 98 | P57: =SUM(C57:N57) -> 188
B58: Totals | C58: =SUM(C10:C57) -> 3504 | D58: =SUM(D10:D57) -> 558 | E58: =SUM(E10:E57) -> 452 | F58: =SUM(F10:F57) -> 743 | G58: =SUM(G10:G57) -> 9 | H58: =SUM(H10:H57) -> 0 | I58: =SUM(I10:I57) -> 152 | J58: =SUM(J10:J57) -> 66 | ... P58: =SUM(P10:P57) -> 9273
B59: %ges + MCs | C59: =C58/$P$58 -> 0.37787124 | D59: =D58/$P$58 -> 0.060174701 | E59: =E58/$P$58 -> 0.048743664 | F59: =F58/$P$58 -> 0.080125094 | G59: =G58/$P$58 -> 0.00097055969 | H59: =H58/$P$58 -> 0 | I59: =I58/$P$58 -> 0.016391675 | J59: =J58/$P$58 -> 0.0071174377 | ... N59: =N58/$P$58 -> 0
B60: %ges w/o MCs | C60: =C58/$O$58 -> 0.63420814 | D60: =D58/$O$58 -> 0.10099548 | E60: =E58/$O$58 -> 0.081809955 | F60: =F58/$O$58 -> 0.13447964 | G60: =G58/$O$58 -> 0.0016289593 | H60: =H58/$O$58 -> 0 | I60: =I58/$O$58 -> 0.027511312 | J60: =J58/$O$58 -> 0.011945701 | ... L60: =L58/$O$58 -> 0.0012669683 | N60: =N58/$O$58 -> 0

Sheet 29.07 Kiwatule-Najjeera
B1: Consultancy services for Preparation of Expressway Development Master Plan (EDMP) for Uganda
B2: MANUAL CLASSIFIED COUNT (MCC)
B3: ROAD NAME: | C3: ='29.07 Najjeera-Kiwatule'!C3:G3 -> MCC - C1 - STN36 - MBOGO ROAD
C5: Date | D5: ='29.07 Najjeera-Kiwatule'!D5 -> 29.07.19 | F5: Location | G5: ='29.07 Najjeera-Kiwatule'!G5:H5 -> U Save Kiwatule | J5: Surveyor | K5: Beteth
C6: Dir. From | D6: Kiwatule | F6: Dir. To | G6: Najjeera | J6: Supervisor | K6: ='29.07 Najjeera-Kiwatule'!K6:L6 -> Steven
B8: Time / Veh Type | R8: SUMMARY TRAFFIC VOLUMES
C9: 1. Car | D9: 2. Station Wagon | E9: 3. Pickups | F9: 4. Minibus, matatu | G9: 5. Medium bus | H9: 6. Large Bus | I9: 7. Light Truck | J9: 8. Medium Truck | K9: 9. Heavy truck | L9: 10. Truck Trailer | M9: 11. Motor cycles | N9: 12. Tractors | O9: Total Excl M/Cycles | P9: Total All | R9: Time | S9: 1. Car | T9: 2. Station Wagon | U9: 3. Pickups | V9: 4. Minibus, matatu | W9: 5. Medium bus | X9: 6. Large Bus | Y9: 7. Light Truck | Z9: 8. Medium Truck | AA9: 9. Heavy truck | AB9: 10. Truck Trailer | AC9: 11. Motorcycles | AD9: 12. Tractors, Graders | AE9: Total Excl M/ Cycles | AF9: Total All
B10: 07.00 - 07.15 | C10: 15 | D10: 7 | E10: 1 | F10: 15 | G10: 2 | H10: 0 | I10: 3 | J10: 0 | K10: 0 | L10: 0 | M10: 22 | N10: 0 | O10: =SUM(C10:L10,N10) -> 43 | P10: =SUM(C10:N10) -> 65 | R10: 0700-0800 | S10: =SUM(C10:C13) -> 44 | T10: =SUM(D10:D13) -> 15 | U10: =SUM(E10:E13) -> 3 | V10: =SUM(F10:F13) -> 47 | W10: =SUM(G10:G13) -> 3 | X10: =SUM(H10:H13) -> 0 | Y10: =SUM(I10:I13) -> 6 | Z10: =SUM(J10:J13) -> 1 | ... AF10: =SUM(P10:P13) -> 173
B11: 07.15 - 07.30 | C11: 8 | D11: 4 | E11: 0 | F11: 10 | G11: 0 | H11: 0 | I11: 1 | J11: 1 | K11: 0 | L11: 0 | M11: 13 | N11: 0 | O11: =SUM(C11:L11,N11) -> 24 | P11: =SUM(C11:N11) -> 37 | R11: 0800-0900 | S11: =SUM(C14:C17) -> 29 | T11: =SUM(D14:D17) -> 6 | U11: =SUM(E14:E17) -> 3 | V11: =SUM(F14:F17) -> 42 | W11: =SUM(G14:G17) -> 1 | X11: =SUM(H14:H17) -> 0 | Y11: =SUM(I14:I17) -> 9 | Z11: =SUM(J14:J17) -> 0 | ... AF11: =SUM(P14:P17) -> 125
B12: 07.30 - 07.45 | C12: 12 | D12: 3 | E12: 2 | F12: 13 | G12: 1 | H12: 0 | I12: 2 | J12: 0 | K12: 0 | L12: 0 | M12: 10 | N12: 0 | O12: =SUM(C12:L12,N12) -> 33 | P12: =SUM(C12:N12) -> 43 | R12: 0900-1000 | S12: =SUM(C18:C21) -> 106 | T12: =SUM(D18:D21) -> 16 | U12: =SUM(E18:E21) -> 5 | V12: =SUM(F18:F21) -> 74 | W12: =SUM(G18:G21) -> 0 | X12: =SUM(H18:H21) -> 0 | Y12: =SUM(I18:I21) -> 22 | Z12: =SUM(J18:J21) -> 0 | ... AF12: =SUM(P18:P21) -> 447
B13: 07.45 - 08.00 | C13: 9 | D13: 1 | E13: 0 | F13: 9 | G13: 0 | H13: 0 | I13: 0 | J13: 0 | K13: 0 | L13: 0 | M13: 9 | N13: 0 | O13: =SUM(C13:L13,N13) -> 19 | P13: =SUM(C13:N13) -> 28 | R13: 1000-1100 | S13: =SUM(C22:C25) -> 152 | T13: =SUM(D22:D25) -> 23 | U13: =SUM(E22:E25) -> 14 | V13: =SUM(F22:F25) -> 92 | W13: =SUM(G22:G25) -> 0 | X13: =SUM(H22:H25) -> 0 | Y13: =SUM(I22:I25) -> 31 | Z13: =SUM(J22:J25) -> 2 | ... AF13: =SUM(P22:P25) -> 571
B14: 08.00 - 08.15 | C14: 10 | D14: 3 | E14: 1 | F14: 15 | G14: 0 | H14: 0 | I14: 5 | J14: 0 | K14: 0 | L14: 0 | M14: 10 | N14: 0 | O14: =SUM(C14:L14,N14) -> 34 | P14: =SUM(C14:N14) -> 44 | R14: 1100-1200 | S14: =SUM(C26:C29) -> 134 | T14: =SUM(D26:D29) -> 15 | U14: =SUM(E26:E29) -> 10 | V14: =SUM(F26:F29) -> 100 | W14: =SUM(G26:G29) -> 6 | X14: =SUM(H26:H29) -> 3 | Y14: =SUM(I26:I29) -> 51 | Z14: =SUM(J26:J29) -> 2 | ... AF14: =SUM(P26:P29) -> 501
B15: 08.15 - 08.30 | C15: 4 | D15: 1 | E15: 0 | F15: 9 | G15: 1 | H15: 0 | I15: 3 | J15: 0 | K15: 0 | L15: 0 | M15: 8 | N15: 0 | O15: =SUM(C15:L15,N15) -> 18 | P15: =SUM(C15:N15) -> 26 | R15: 1200-1300 | S15: =SUM(C30:C33) -> 93 | T15: =SUM(D30:D33) -> 25 | U15: =SUM(E30:E33) -> 5 | V15: =SUM(F30:F33) -> 98 | W15: =SUM(G30:G33) -> 5 | X15: =SUM(H30:H33) -> 2 | Y15: =SUM(I30:I33) -> 27 | Z15: =SUM(J30:J33) -> 3 | ... AF15: =SUM(P30:P33) -> 391
B16: 08.30 - 08.45 | C16: 6 | D16: 0 | E16: 0 | F16: 10 | G16: 0 | H16: 0 | I16: 1 | J16: 0 | K16: 0 | L16: 0 | M16: 9 | N16: 0 | O16: =SUM(C16:L16,N16) -> 17 | P16: =SUM(C16:N16) -> 26 | R16: 1300-1400 | S16: =SUM(C34:C37) -> 110 | T16: =SUM(D34:D37) -> 28 | U16: =SUM(E34:E37) -> 12 | V16: =SUM(F34:F37) -> 100 | W16: =SUM(G34:G37) -> 9 | X16: =SUM(H34:H37) -> 2 | Y16: =SUM(I34:I37) -> 14 | Z16: =SUM(J34:J37) -> 4 | ... AF16: =SUM(P34:P37) -> 420
B17: 08.45 - 9.00 | C17: 9 | D17: 2 | E17: 2 | F17: 8 | G17: 0 | H17: 0 | I17: 0 | J17: 0 | K17: 0 | L17: 0 | M17: 8 | N17: 0 | O17: =SUM(C17:L17,N17) -> 21 | P17: =SUM(C17:N17) -> 29 | R17: 1400-1500 | S17: =SUM(C38:C41) -> 162 | T17: =SUM(D38:D41) -> 26 | U17: =SUM(E38:E41) -> 12 | V17: =SUM(F38:F41) -> 42 | W17: =SUM(G38:G41) -> 3 | X17: =SUM(H38:H41) -> 1 | Y17: =SUM(I38:I41) -> 25 | Z17: =SUM(J38:J41) -> 5 | ... AF17: =SUM(P38:P41) -> 470
B18: 09.00 - 09.15 | C18: 18 | D18: 0 | E18: 0 | F18: 20 | G18: 0 | H18: 0 | I18: 1 | J18: 0 | K18: 0 | L18: 0 | M18: 40 | N18: 0 | O18: =SUM(C18:L18,N18) -> 39 | P18: =SUM(C18:N18) -> 79 | R18: 1500-1600 | S18: =SUM(C42:C45) -> 207 | T18: =SUM(D42:D45) -> 33 | U18: =SUM(E42:E45) -> 20 | V18: =SUM(F42:F45) -> 79 | W18: =SUM(G42:G45) -> 4 | X18: =SUM(H42:H45) -> 0 | Y18: =SUM(I42:I45) -> 34 | Z18: =SUM(J42:J45) -> 1 | ... AF18: =SUM(P42:P45) -> 671
B19: 09.15 - 09.30 | C19: 37 | D19: 9 | E19: 2 | F19: 15 | G19: 0 | H19: 0 | I19: 9 | J19: 0 | K19: 0 | L19: 0 | M19: 77 | N19: 0 | O19: =SUM(C19:L19,N19) -> 72 | P19: =SUM(C19:N19) -> 149 | R19: 1600-1700 | S19: =SUM(C46:C49) -> 285 | T19: =SUM(D46:D49) -> 71 | U19: =SUM(E46:E49) -> 28 | V19: =SUM(F46:F49) -> 102 | W19: =SUM(G46:G49) -> 6 | X19: =SUM(H46:H49) -> 1 | Y19: =SUM(I46:I49) -> 29 | Z19: =SUM(J46:J49) -> 5 | ... AF19: =SUM(P46:P49) -> 759
B20: 09.30 - 09.45 | C20: 19 | D20: 0 | E20: 0 | F20: 22 | G20: 0 | H20: 0 | I20: 4 | J20: 0 | K20: 0 | L20: 0 | M20: 57 | N20: 0 | O20: =SUM(C20:L20,N20) -> 45 | P20: =SUM(C20:N20) -> 102 | R20: 1700-1800 | S20: =SUM(C50:C53) -> 311 | T20: =SUM(D50:D53) -> 56 | U20: =SUM(E50:E53) -> 18 | V20: =SUM(F50:F53) -> 55 | W20: =SUM(G50:G53) -> 5 | X20: =SUM(H50:H53) -> 0 | Y20: =SUM(I50:I53) -> 25 | Z20: =SUM(J50:J53) -> 4 | ... AF20: =SUM(P50:P53) -> 720
B21: 09.45 - 10.00 | C21: 32 | D21: 7 | E21: 3 | F21: 17 | G21: 0 | H21: 0 | I21: 8 | J21: 0 | K21: 0 | L21: 0 | M21: 50 | N21: 0 | O21: =SUM(C21:L21,N21) -> 67 | P21: =SUM(C21:N21) -> 117 | R21: 1800-1900 | S21: =SUM(C54:C57) -> 420 | T21: =SUM(D54:D57) -> 56 | U21: =SUM(E54:E57) -> 23 | V21: =SUM(F54:F57) -> 55 | W21: =SUM(G54:G57) -> 2 | X21: =SUM(H54:H57) -> 2 | Y21: =SUM(I54:I57) -> 20 | Z21: =SUM(J54:J57) -> 3 | ... AF21: =SUM(P54:P57) -> 836
B22: 10.00 - 10.15 | C22: 38 | D22: 3 | E22: 4 | F22: 19 | G22: 0 | H22: 0 | I22: 8 | J22: 1 | K22: 0 | L22: 0 | M22: 55 | N22: 0 | O22: =SUM(C22:L22,N22) -> 73 | P22: =SUM(C22:N22) -> 128 | R22: AM Peak Hr | S22: =MAX(S10:S12) -> 106 | T22: =MAX(T10:T12) -> 16 | U22: =MAX(U10:U12) -> 5 | V22: =MAX(V10:V12) -> 74 | W22: =MAX(W10:W12) -> 3 | X22: =MAX(X10:X12) -> 0 | Y22: =MAX(Y10:Y12) -> 22 | Z22: =MAX(Z10:Z12) -> 1 | ... AF22: =MAX(AF10:AF12) -> 447
B23: 10.15 - 10.30 | C23: 51 | D23: 6 | E23: 3 | F23: 30 | G23: 0 | H23: 0 | I23: 6 | J23: 1 | K23: 0 | L23: 0 | M23: 74 | N23: 0 | O23: =SUM(C23:L23,N23) -> 97 | P23: =SUM(C23:N23) -> 171 | R23: IP Peak Hr | S23: =MAX(S13:S18) -> 207 | T23: =MAX(T13:T18) -> 33 | U23: =MAX(U13:U18) -> 20 | V23: =MAX(V13:V18) -> 100 | W23: =MAX(W13:W18) -> 9 | X23: =MAX(X13:X18) -> 3 | Y23: =MAX(Y13:Y18) -> 51 | Z23: =MAX(Z13:Z18) -> 5 | ... AF23: =MAX(AF13:AF18) -> 671
B24: 10.30 - 10.45 | C24: 33 | D24: 6 | E24: 2 | F24: 24 | G24: 0 | H24: 0 | I24: 12 | J24: 0 | K24: 0 | L24: 0 | M24: 81 | N24: 0 | O24: =SUM(C24:L24,N24) -> 77 | P24: =SUM(C24:N24) -> 158 | R24: PM Peak Hr | S24: =MAX(S19:S21) -> 420 | T24: =MAX(T19:T21) -> 71 | U24: =MAX(U19:U21) -> 28 | V24: =MAX(V19:V21) -> 102 | W24: =MAX(W19:W21) -> 6 | X24: =MAX(X19:X21) -> 2 | Y24: =MAX(Y19:Y21) -> 29 | Z24: =MAX(Z19:Z21) -> 5 | ... AF24: =MAX(AF19:AF21) -> 836
B25: 10.45 - 11.00 | C25: 30 | D25: 8 | E25: 5 | F25: 19 | G25: 0 | H25: 0 | I25: 5 | J25: 0 | K25: 0 | L25: 0 | M25: 47 | N25: 0 | O25: =SUM(C25:L25,N25) -> 67 | P25: =SUM(C25:N25) -> 114 | R25: AM Period | S25: =SUM(S10:S12) -> 179 | T25: =SUM(T10:T12) -> 37 | U25: =SUM(U10:U12) -> 11 | V25: =SUM(V10:V12) -> 163 | W25: =SUM(W10:W12) -> 4 | X25: =SUM(X10:X12) -> 0 | Y25: =SUM(Y10:Y12) -> 37 | Z25: =SUM(Z10:Z12) -> 1 | ... AF25: =SUM(AF10:AF12) -> 745
B26: 11.00 - 11.15 | C26: 40 | D26: 3 | E26: 2 | F26: 18 | G26: 2 | H26: 0 | I26: 20 | J26: 0 | K26: 0 | L26: 0 | M26: 37 | N26: 0 | O26: =SUM(C26:L26,N26) -> 85 | P26: =SUM(C26:N26) -> 122 | R26: IP Period | S26: =SUM(S13:S18) -> 858 | T26: =SUM(T13:T18) -> 150 | U26: =SUM(U13:U18) -> 73 | V26: =SUM(V13:V18) -> 511 | W26: =SUM(W13:W18) -> 27 | X26: =SUM(X13:X18) -> 8 | Y26: =SUM(Y13:Y18) -> 182 | Z26: =SUM(Z13:Z18) -> 17 | ... AF26: =SUM(AF13:AF18) -> 3024
B27: 11.15 - 11.30 | C27: 35 | D27: 2 | E27: 3 | F27: 26 | G27: 0 | H27: 1 | I27: 11 | J27: 1 | K27: 1 | L27: 0 | M27: 46 | N27: 0 | O27: =SUM(C27:L27,N27) -> 80 | P27: =SUM(C27:N27) -> 126 | R27: PM Period | S27: =SUM(S19:S21) -> 1016 | T27: =SUM(T19:T21) -> 183 | U27: =SUM(U19:U21) -> 69 | V27: =SUM(V19:V21) -> 212 | W27: =SUM(W19:W21) -> 13 | X27: =SUM(X19:X21) -> 3 | Y27: =SUM(Y19:Y21) -> 74 | Z27: =SUM(Z19:Z21) -> 12 | ... AF27: =SUM(AF19:AF21) -> 2315
B28: 11.30 - 11.45 | C28: 26 | D28: 6 | E28: 1 | F28: 29 | G28: 1 | H28: 0 | I28: 8 | J28: 1 | K28: 1 | L28: 0 | M28: 43 | N28: 0 | O28: =SUM(C28:L28,N28) -> 73 | P28: =SUM(C28:N28) -> 116 | R28: 12 Hours | S28: =SUM(S10:S21) -> 2053 | T28: =SUM(T10:T21) -> 370 | U28: =SUM(U10:U21) -> 153 | V28: =SUM(V10:V21) -> 886 | W28: =SUM(W10:W21) -> 44 | X28: =SUM(X10:X21) -> 11 | Y28: =SUM(Y10:Y21) -> 293 | Z28: =SUM(Z10:Z21) -> 30 | ... AF28: =SUM(AF10:AF21) -> 6084
B29: 11.45 - 12.00 | C29: 33 | D29: 4 | E29: 4 | F29: 27 | G29: 3 | H29: 2 | I29: 12 | J29: 0 | K29: 0 | L29: 0 | M29: 52 | N29: 0 | O29: =SUM(C29:L29,N29) -> 85 | P29: =SUM(C29:N29) -> 137
B30: 12.00 - 12.15 | C30: 29 | D30: 9 | E30: 0 | F30: 23 | G30: 2 | H30: 0 | I30: 7 | J30: 0 | K30: 0 | L30: 0 | M30: 44 | N30: 0 | O30: =SUM(C30:L30,N30) -> 70 | P30: =SUM(C30:N30) -> 114
B31: 12.15 - 12.30 | C31: 22 | D31: 6 | E31: 2 | F31: 29 | G31: 1 | H31: 1 | I31: 11 | J31: 2 | K31: 1 | L31: 0 | M31: 45 | N31: 0 | O31: =SUM(C31:L31,N31) -> 75 | P31: =SUM(C31:N31) -> 120
B32: 12.30 - 12.45 | C32: 33 | D32: 7 | E32: 0 | F32: 21 | G32: 0 | H32: 0 | I32: 4 | J32: 1 | K32: 0 | L32: 0 | M32: 12 | N32: 0 | O32: =SUM(C32:L32,N32) -> 66 | P32: =SUM(C32:N32) -> 78
B33: 12.45 - 13.00 | C33: 9 | D33: 3 | E33: 3 | F33: 25 | G33: 2 | H33: 1 | I33: 5 | J33: 0 | K33: 1 | L33: 0 | M33: 30 | N33: 0 | O33: =SUM(C33:L33,N33) -> 49 | P33: =SUM(C33:N33) -> 79
B34: 13.00 - 13.15 | C34: 30 | D34: 6 | E34: 1 | F34: 30 | G34: 5 | H34: 0 | I34: 1 | J34: 1 | K34: 0 | L34: 0 | M34: 35 | N34: 0 | O34: =SUM(C34:L34,N34) -> 74 | P34: =SUM(C34:N34) -> 109
B35: 13.15 - 13.30 | C35: 17 | D35: 9 | E35: 3 | F35: 10 | G35: 0 | H35: 1 | I35: 7 | J35: 0 | K35: 2 | L35: 0 | M35: 25 | N35: 0 | O35: =SUM(C35:L35,N35) -> 49 | P35: =SUM(C35:N35) -> 74
B36: 13.30 - 13.45 | C36: 20 | D36: 2 | E36: 3 | F36: 35 | G36: 3 | H36: 1 | I36: 0 | J36: 2 | K36: 0 | L36: 0 | M36: 39 | N36: 0 | O36: =SUM(C36:L36,N36) -> 66 | P36: =SUM(C36:N36) -> 105
B37: 13.45 - 14.00 | C37: 43 | D37: 11 | E37: 5 | F37: 25 | G37: 1 | H37: 0 | I37: 6 | J37: 1 | K37: 0 | L37: 0 | M37: 40 | N37: 0 | O37: =SUM(C37:L37,N37) -> 92 | P37: =SUM(C37:N37) -> 132
B38: 14.00 - 14.15 | C38: 43 | D38: 7 | E38: 2 | F38: 3 | G38: 0 | H38: 0 | I38: 11 | J38: 1 | K38: 0 | L38: 0 | M38: 60 | N38: 0 | O38: =SUM(C38:L38,N38) -> 67 | P38: =SUM(C38:N38) -> 127
B39: 14.15 - 14.30 | C39: 35 | D39: 8 | E39: 2 | F39: 20 | G39: 1 | H39: 1 | I39: 3 | J39: 0 | K39: 2 | L39: 0 | M39: 38 | N39: 0 | O39: =SUM(C39:L39,N39) -> 72 | P39: =SUM(C39:N39) -> 110
B40: 14.30 - 14.45 | C40: 43 | D40: 6 | E40: 4 | F40: 7 | G40: 2 | H40: 0 | I40: 9 | J40: 4 | K40: 0 | L40: 0 | M40: 57 | N40: 0 | O40: =SUM(C40:L40,N40) -> 75 | P40: =SUM(C40:N40) -> 132
... B57: 18.45 - 19.00 | C57: 90 | D57: 9 | E57: 8 | F57: 14 | G57: 0 | H57: 1 | I57: 0 | J57: 0 | K57: 0 | L57: 0 | M57: 70 | N57: 0 | O57: =SUM(C57:L57,N57) -> 122 | P57: =SUM(C57:N57) -> 192
B58: Totals | C58: =SUM(C10:C57) -> 2053 | D58: =SUM(D10:D57) -> 370 | E58: =SUM(E10:E57) -> 153 | F58: =SUM(F10:F57) -> 886 | G58: =SUM(G10:G57) -> 44 | H58: =SUM(H10:H57) -> 11 | I58: =SUM(I10:I57) -> 293 | J58: =SUM(J10:J57) -> 30 | ... P58: =SUM(P10:P57) -> 6084
B59: %ges + MCs | C59: =C58/$P$58 -> 0.33744247 | D59: =D58/$P$58 -> 0.060815253 | E59: =E58/$P$58 -> 0.025147929 | F59: =F58/$P$58 -> 0.14562788 | G59: =G58/$P$58 -> 0.0072320842 | H59: =H58/$P$58 -> 0.001808021 | I59: =I58/$P$58 -> 0.048159106 | J59: =J58/$P$58 -> 0.0049309665 | ... N59: =N58/$P$58 -> 0
B60: %ges w/o MCs | C60: =C58/$O$58 -> 0.53255512 | D60: =D58/$O$58 -> 0.095979248 | E60: =E58/$O$58 -> 0.039688716 | F60: =F58/$O$58 -> 0.22983139 | G60: =G58/$O$58 -> 0.011413748 | H60: =H58/$O$58 -> 0.0028534371 | I60: =I58/$O$58 -> 0.076005188 | J60: =J58/$O$58 -> 0.0077821012 | ... L60: =L58/$O$58 -> 0.00051880674 | N60: =N58/$O$58 -> 0

Sheet 30.07 Najjeera-Kiwatule
B1: Consultancy services for Preparation of Expressway Development Master Plan (EDMP) for Uganda
B2: MANUAL CLASSIFIED COUNT (MCC)
B3: ROAD NAME: | C3: ='29.07 Najjeera-Kiwatule'!C3:G3 -> MCC - C1 - STN36 - MBOGO ROAD
C5: Date | D5: 30.07.19 | F5: Location | G5: ='29.07 Najjeera-Kiwatule'!G5:H5 -> U Save Kiwatule | J5: Surveyor | K5: Anthony
C6: Dir. From | D6: ='29.07 Najjeera-Kiwatule'!D6:E6 -> Najjeera | F6: Dir. To | G6: ='29.07 Najjeera-Kiwatule'!G6:H6 -> Kiwatule | J6: Supervisor | K6: ='29.07 Najjeera-Kiwatule'!K6:L6 -> Steven
B8: Time / Veh Type | R8: SUMMARY TRAFFIC VOLUMES
C9: 1. Car | D9: 2. Station Wagon | E9: 3. Pickups | F9: 4. Minibus, matatu | G9: 5. Medium bus | H9: 6. Large Bus | I9: 7. Light Truck | J9: 8. Medium Truck | K9: 9. Heavy truck | L9: 10. Truck Trailer | M9: 11. Motor cycles | N9: 12. Tractors | O9: Total Excl M/Cycles | P9: Total All | R9: Time | S9: 1. Car | T9: 2. Station Wagon | U9: 3. Pickups | V9: 4. Minibus, matatu | W9: 5. Medium bus | X9: 6. Large Bus | Y9: 7. Light Truck | Z9: 8. Medium Truck | AA9: 9. Heavy truck | AB9: 10. Truck Trailer | AC9: 11. Motorcycles | AD9: 12. Tractors, Graders | AE9: Total Excl M/ Cycles | AF9: Total All
B10: 07.00 - 07.15 | C10: 165 | D10: 25 | E10: 7 | F10: 12 | G10: 1 | H10: 0 | I10: 2 | J10: 0 | K10: 0 | L10: 0 | M10: 90 | N10: 0 | O10: =SUM(C10:L10,N10) -> 212 | P10: =SUM(C10:N10) -> 302 | R10: 0700-0800 | S10: =SUM(C10:C13) -> 586 | T10: =SUM(D10:D13) -> 59 | U10: =SUM(E10:E13) -> 28 | V10: =SUM(F10:F13) -> 71 | W10: =SUM(G10:G13) -> 2 | X10: =SUM(H10:H13) -> 0 | Y10: =SUM(I10:I13) -> 8 | Z10: =SUM(J10:J13) -> 0 | ... AF10: =SUM(P10:P13) -> 1210
B11: 07.15 - 07.30 | C11: 126 | D11: 9 | E11: 10 | F11: 20 | G11: 0 | H11: 0 | I11: 3 | J11: 0 | K11: 0 | L11: 0 | M11: 110 | N11: 0 | O11: =SUM(C11:L11,N11) -> 168 | P11: =SUM(C11:N11) -> 278 | R11: 0800-0900 | S11: =SUM(C14:C17) -> 578 | T11: =SUM(D14:D17) -> 82 | U11: =SUM(E14:E17) -> 26 | V11: =SUM(F14:F17) -> 90 | W11: =SUM(G14:G17) -> 2 | X11: =SUM(H14:H17) -> 0 | Y11: =SUM(I14:I17) -> 11 | Z11: =SUM(J14:J17) -> 4 | ... AF11: =SUM(P14:P17) -> 1288
B12: 07.30 - 07.45 | C12: 155 | D12: 16 | E12: 4 | F12: 15 | G12: 0 | H12: 0 | I12: 2 | J12: 0 | K12: 1 | L12: 0 | M12: 115 | N12: 0 | O12: =SUM(C12:L12,N12) -> 193 | P12: =SUM(C12:N12) -> 308 | R12: 0900-1000 | S12: =SUM(C18:C21) -> 318 | T12: =SUM(D18:D21) -> 51 | U12: =SUM(E18:E21) -> 30 | V12: =SUM(F18:F21) -> 52 | W12: =SUM(G18:G21) -> 0 | X12: =SUM(H18:H21) -> 0 | Y12: =SUM(I18:I21) -> 15 | Z12: =SUM(J18:J21) -> 2 | ... AF12: =SUM(P18:P21) -> 905
B13: 07.45 - 08.00 | C13: 140 | D13: 9 | E13: 7 | F13: 24 | G13: 1 | H13: 0 | I13: 1 | J13: 0 | K13: 0 | L13: 0 | M13: 140 | N13: 0 | O13: =SUM(C13:L13,N13) -> 182 | P13: =SUM(C13:N13) -> 322 | R13: 1000-1100 | S13: =SUM(C22:C25) -> 294 | T13: =SUM(D22:D25) -> 45 | U13: =SUM(E22:E25) -> 24 | V13: =SUM(F22:F25) -> 49 | W13: =SUM(G22:G25) -> 0 | X13: =SUM(H22:H25) -> 0 | Y13: =SUM(I22:I25) -> 15 | Z13: =SUM(J22:J25) -> 4 | ... AF13: =SUM(P22:P25) -> 842
B14: 08.00 - 08.15 | C14: 153 | D14: 15 | E14: 5 | F14: 17 | G14: 0 | H14: 0 | I14: 1 | J14: 0 | K14: 0 | L14: 0 | M14: 145 | N14: 0 | O14: =SUM(C14:L14,N14) -> 191 | P14: =SUM(C14:N14) -> 336 | R14: 1100-1200 | S14: =SUM(C26:C29) -> 318 | T14: =SUM(D26:D29) -> 49 | U14: =SUM(E26:E29) -> 33 | V14: =SUM(F26:F29) -> 48 | W14: =SUM(G26:G29) -> 0 | X14: =SUM(H26:H29) -> 0 | Y14: =SUM(I26:I29) -> 17 | Z14: =SUM(J26:J29) -> 3 | ... AF14: =SUM(P26:P29) -> 905
B15: 08.15 - 08.30 | C15: 145 | D15: 19 | E15: 4 | F15: 17 | G15: 0 | H15: 0 | I15: 5 | J15: 0 | K15: 0 | L15: 0 | M15: 135 | N15: 0 | O15: =SUM(C15:L15,N15) -> 190 | P15: =SUM(C15:N15) -> 325 | R15: 1200-1300 | S15: =SUM(C30:C33) -> 296 | T15: =SUM(D30:D33) -> 30 | U15: =SUM(E30:E33) -> 23 | V15: =SUM(F30:F33) -> 59 | W15: =SUM(G30:G33) -> 0 | X15: =SUM(H30:H33) -> 0 | Y15: =SUM(I30:I33) -> 15 | Z15: =SUM(J30:J33) -> 6 | ... AF15: =SUM(P30:P33) -> 783
B16: 08.30 - 08.45 | C16: 155 | D16: 20 | E16: 9 | F16: 27 | G16: 0 | H16: 0 | I16: 1 | J16: 3 | K16: 0 | L16: 0 | M16: 110 | N16: 0 | O16: =SUM(C16:L16,N16) -> 215 | P16: =SUM(C16:N16) -> 325 | R16: 1300-1400 | S16: =SUM(C34:C37) -> 232 | T16: =SUM(D34:D37) -> 35 | U16: =SUM(E34:E37) -> 26 | V16: =SUM(F34:F37) -> 54 | W16: =SUM(G34:G37) -> 0 | X16: =SUM(H34:H37) -> 0 | Y16: =SUM(I34:I37) -> 16 | Z16: =SUM(J34:J37) -> 3 | ... AF16: =SUM(P34:P37) -> 820
B17: 08.45 - 9.00 | C17: 125 | D17: 28 | E17: 8 | F17: 29 | G17: 2 | H17: 0 | I17: 4 | J17: 1 | K17: 0 | L17: 0 | M17: 105 | N17: 0 | O17: =SUM(C17:L17,N17) -> 197 | P17: =SUM(C17:N17) -> 302 | R17: 1400-1500 | S17: =SUM(C38:C41) -> 173 | T17: =SUM(D38:D41) -> 31 | U17: =SUM(E38:E41) -> 11 | V17: =SUM(F38:F41) -> 46 | W17: =SUM(G38:G41) -> 1 | X17: =SUM(H38:H41) -> 0 | Y17: =SUM(I38:I41) -> 10 | Z17: =SUM(J38:J41) -> 2 | ... AF17: =SUM(P38:P41) -> 586
B18: 09.00 - 09.15 | C18: 50 | D18: 8 | E18: 7 | F18: 8 | G18: 0 | H18: 0 | I18: 3 | J18: 0 | K18: 0 | L18: 0 | M18: 105 | N18: 0 | O18: =SUM(C18:L18,N18) -> 76 | P18: =SUM(C18:N18) -> 181 | R18: 1500-1600 | S18: =SUM(C42:C45) -> 221 | T18: =SUM(D42:D45) -> 32 | U18: =SUM(E42:E45) -> 22 | V18: =SUM(F42:F45) -> 50 | W18: =SUM(G42:G45) -> 1 | X18: =SUM(H42:H45) -> 0 | Y18: =SUM(I42:I45) -> 23 | Z18: =SUM(J42:J45) -> 8 | ... AF18: =SUM(P42:P45) -> 647
B19: 09.15 - 09.30 | C19: 108 | D19: 16 | E19: 7 | F19: 13 | G19: 0 | H19: 0 | I19: 5 | J19: 2 | K19: 1 | L19: 0 | M19: 100 | N19: 0 | O19: =SUM(C19:L19,N19) -> 152 | P19: =SUM(C19:N19) -> 252 | R19: 1600-1700 | S19: =SUM(C46:C49) -> 245 | T19: =SUM(D46:D49) -> 41 | U19: =SUM(E46:E49) -> 17 | V19: =SUM(F46:F49) -> 55 | W19: =SUM(G46:G49) -> 1 | X19: =SUM(H46:H49) -> 0 | Y19: =SUM(I46:I49) -> 23 | Z19: =SUM(J46:J49) -> 14 | ... AF19: =SUM(P46:P49) -> 693
B20: 09.30 - 09.45 | C20: 90 | D20: 6 | E20: 8 | F20: 17 | G20: 0 | H20: 0 | I20: 2 | J20: 0 | K20: 0 | L20: 0 | M20: 140 | N20: 0 | O20: =SUM(C20:L20,N20) -> 123 | P20: =SUM(C20:N20) -> 263 | R20: 1700-1800 | S20: =SUM(C50:C53) -> 229 | T20: =SUM(D50:D53) -> 33 | U20: =SUM(E50:E53) -> 13 | V20: =SUM(F50:F53) -> 52 | W20: =SUM(G50:G53) -> 3 | X20: =SUM(H50:H53) -> 0 | Y20: =SUM(I50:I53) -> 21 | Z20: =SUM(J50:J53) -> 3 | ... AF20: =SUM(P50:P53) -> 760
B21: 09.45 - 10.00 | C21: 70 | D21: 21 | E21: 8 | F21: 14 | G21: 0 | H21: 0 | I21: 5 | J21: 0 | K21: 1 | L21: 0 | M21: 90 | N21: 0 | O21: =SUM(C21:L21,N21) -> 119 | P21: =SUM(C21:N21) -> 209 | R21: 1800-1900 | S21: =SUM(C54:C57) -> 208 | T21: =SUM(D54:D57) -> 27 | U21: =SUM(E54:E57) -> 9 | V21: =SUM(F54:F57) -> 42 | W21: =SUM(G54:G57) -> 2 | X21: =SUM(H54:H57) -> 0 | Y21: =SUM(I54:I57) -> 11 | Z21: =SUM(J54:J57) -> 4 | ... AF21: =SUM(P54:P57) -> 778
B22: 10.00 - 10.15 | C22: 68 | D22: 6 | E22: 5 | F22: 12 | G22: 0 | H22: 0 | I22: 4 | J22: 2 | K22: 1 | L22: 0 | M22: 90 | N22: 0 | O22: =SUM(C22:L22,N22) -> 98 | P22: =SUM(C22:N22) -> 188 | R22: AM Peak Hr | S22: =MAX(S10:S12) -> 586 | T22: =MAX(T10:T12) -> 82 | U22: =MAX(U10:U12) -> 30 | V22: =MAX(V10:V12) -> 90 | W22: =MAX(W10:W12) -> 2 | X22: =MAX(X10:X12) -> 0 | Y22: =MAX(Y10:Y12) -> 15 | Z22: =MAX(Z10:Z12) -> 4 | ... AF22: =MAX(AF10:AF12) -> 1288
B23: 10.15 - 10.30 | C23: 75 | D23: 14 | E23: 8 | F23: 8 | G23: 0 | H23: 0 | I23: 3 | J23: 0 | K23: 0 | L23: 0 | M23: 110 | N23: 0 | O23: =SUM(C23:L23,N23) -> 108 | P23: =SUM(C23:N23) -> 218 | R23: IP Peak Hr | S23: =MAX(S13:S18) -> 318 | T23: =MAX(T13:T18) -> 49 | U23: =MAX(U13:U18) -> 33 | V23: =MAX(V13:V18) -> 59 | W23: =MAX(W13:W18) -> 1 | X23: =MAX(X13:X18) -> 0 | Y23: =MAX(Y13:Y18) -> 23 | Z23: =MAX(Z13:Z18) -> 8 | ... AF23: =MAX(AF13:AF18) -> 905
B24: 10.30 - 10.45 | C24: 86 | D24: 16 | E24: 8 | F24: 15 | G24: 0 | H24: 0 | I24: 2 | J24: 0 | K24: 0 | L24: 0 | M24: 100 | N24: 0 | O24: =SUM(C24:L24,N24) -> 127 | P24: =SUM(C24:N24) -> 227 | R24: PM Peak Hr | S24: =MAX(S19:S21) -> 245 | T24: =MAX(T19:T21) -> 41 | U24: =MAX(U19:U21) -> 17 | V24: =MAX(V19:V21) -> 55 | W24: =MAX(W19:W21) -> 3 | X24: =MAX(X19:X21) -> 0 | Y24: =MAX(Y19:Y21) -> 23 | Z24: =MAX(Z19:Z21) -> 14 | ... AF24: =MAX(AF19:AF21) -> 778
B25: 10.45 - 11.00 | C25: 65 | D25: 9 | E25: 3 | F25: 14 | G25: 0 | H25: 0 | I25: 6 | J25: 2 | K25: 0 | L25: 0 | M25: 110 | N25: 0 | O25: =SUM(C25:L25,N25) -> 99 | P25: =SUM(C25:N25) -> 209 | R25: AM Period | S25: =SUM(S10:S12) -> 1482 | T25: =SUM(T10:T12) -> 192 | U25: =SUM(U10:U12) -> 84 | V25: =SUM(V10:V12) -> 213 | W25: =SUM(W10:W12) -> 4 | X25: =SUM(X10:X12) -> 0 | Y25: =SUM(Y10:Y12) -> 34 | Z25: =SUM(Z10:Z12) -> 6 | ... AF25: =SUM(AF10:AF12) -> 3403
B26: 11.00 - 11.15 | C26: 66 | D26: 16 | E26: 7 | F26: 13 | G26: 0 | H26: 0 | I26: 5 | J26: 2 | K26: 0 | L26: 1 | M26: 118 | N26: 0 | O26: =SUM(C26:L26,N26) -> 110 | P26: =SUM(C26:N26) -> 228 | R26: IP Period | S26: =SUM(S13:S18) -> 1534 | T26: =SUM(T13:T18) -> 222 | U26: =SUM(U13:U18) -> 139 | V26: =SUM(V13:V18) -> 306 | W26: =SUM(W13:W18) -> 2 | X26: =SUM(X13:X18) -> 0 | Y26: =SUM(Y13:Y18) -> 96 | Z26: =SUM(Z13:Z18) -> 26 | ... AF26: =SUM(AF13:AF18) -> 4583
B27: 11.15 - 11.30 | C27: 93 | D27: 4 | E27: 9 | F27: 8 | G27: 0 | H27: 0 | I27: 2 | J27: 0 | K27: 0 | L27: 0 | M27: 85 | N27: 0 | O27: =SUM(C27:L27,N27) -> 116 | P27: =SUM(C27:N27) -> 201 | R27: PM Period | S27: =SUM(S19:S21) -> 682 | T27: =SUM(T19:T21) -> 101 | U27: =SUM(U19:U21) -> 39 | V27: =SUM(V19:V21) -> 149 | W27: =SUM(W19:W21) -> 6 | X27: =SUM(X19:X21) -> 0 | Y27: =SUM(Y19:Y21) -> 55 | Z27: =SUM(Z19:Z21) -> 21 | ... AF27: =SUM(AF19:AF21) -> 2231
B28: 11.30 - 11.45 | C28: 83 | D28: 15 | E28: 9 | F28: 17 | G28: 0 | H28: 0 | I28: 5 | J28: 1 | K28: 2 | L28: 0 | M28: 140 | N28: 0 | O28: =SUM(C28:L28,N28) -> 132 | P28: =SUM(C28:N28) -> 272 | R28: 12 Hours | S28: =SUM(S10:S21) -> 3698 | T28: =SUM(T10:T21) -> 515 | U28: =SUM(U10:U21) -> 262 | V28: =SUM(V10:V21) -> 668 | W28: =SUM(W10:W21) -> 12 | X28: =SUM(X10:X21) -> 0 | Y28: =SUM(Y10:Y21) -> 185 | Z28: =SUM(Z10:Z21) -> 53 | ... AF28: =SUM(AF10:AF21) -> 10217
B29: 11.45 - 12.00 | C29: 76 | D29: 14 | E29: 8 | F29: 10 | G29: 0 | H29: 0 | I29: 5 | J29: 0 | K29: 1 | L29: 0 | M29: 90 | N29: 0 | O29: =SUM(C29:L29,N29) -> 114 | P29: =SUM(C29:N29) -> 204
B30: 12.00 - 12.15 | C30: 69 | D30: 7 | E30: 6 | F30: 10 | G30: 0 | H30: 0 | I30: 3 | J30: 2 | K30: 2 | L30: 0 | M30: 110 | N30: 0 | O30: =SUM(C30:L30,N30) -> 99 | P30: =SUM(C30:N30) -> 209
B31: 12.15 - 12.30 | C31: 87 | D31: 8 | E31: 7 | F31: 21 | G31: 0 | H31: 0 | I31: 4 | J31: 1 | K31: 1 | L31: 0 | M31: 85 | N31: 0 | O31: =SUM(C31:L31,N31) -> 129 | P31: =SUM(C31:N31) -> 214
B32: 12.30 - 12.45 | C32: 105 | D32: 12 | E32: 7 | F32: 15 | G32: 0 | H32: 0 | I32: 5 | J32: 1 | K32: 1 | L32: 0 | M32: 85 | N32: 0 | O32: =SUM(C32:L32,N32) -> 146 | P32: =SUM(C32:N32) -> 231
B33: 12.45 - 13.00 | C33: 35 | D33: 3 | E33: 3 | F33: 13 | G33: 0 | H33: 0 | I33: 3 | J33: 2 | K33: 0 | L33: 0 | M33: 70 | N33: 0 | O33: =SUM(C33:L33,N33) -> 59 | P33: =SUM(C33:N33) -> 129
B34: 13.00 - 13.15 | C34: 57 | D34: 11 | E34: 10 | F34: 20 | G34: 0 | H34: 0 | I34: 4 | J34: 1 | K34: 1 | L34: 0 | M34: 125 | N34: 0 | O34: =SUM(C34:L34,N34) -> 104 | P34: =SUM(C34:N34) -> 229
B35: 13.15 - 13.30 | C35: 60 | D35: 5 | E35: 3 | F35: 12 | G35: 0 | H35: 0 | I35: 3 | J35: 1 | K35: 1 | L35: 0 | M35: 130 | N35: 0 | O35: =SUM(C35:L35,N35) -> 85 | P35: =SUM(C35:N35) -> 215
B36: 13.30 - 13.45 | C36: 55 | D36: 9 | E36: 5 | F36: 13 | G36: 0 | H36: 0 | I36: 4 | J36: 1 | K36: 0 | L36: 0 | M36: 125 | N36: 0 | O36: =SUM(C36:L36,N36) -> 87 | P36: =SUM(C36:N36) -> 212
B37: 13.45 - 14.00 | C37: 60 | D37: 10 | E37: 8 | F37: 9 | G37: 0 | H37: 0 | I37: 5 | J37: 0 | K37: 0 | L37: 0 | M37: 72 | N37: 0 | O37: =SUM(C37:L37,N37) -> 92 | P37: =SUM(C37:N37) -> 164
B38: 14.00 - 14.15 | C38: 40 | D38: 9 | E38: 3 | F38: 9 | G38: 0 | H38: 0 | I38: 2 | J38: 0 | K38: 0 | L38: 1 | M38: 85 | N38: 0 | O38: =SUM(C38:L38,N38) -> 64 | P38: =SUM(C38:N38) -> 149
B39: 14.15 - 14.30 | C39: 53 | D39: 12 | E39: 2 | F39: 17 | G39: 0 | H39: 0 | I39: 1 | J39: 0 | K39: 0 | L39: 0 | M39: 75 | N39: 0 | O39: =SUM(C39:L39,N39) -> 85 | P39: =SUM(C39:N39) -> 160
B40: 14.30 - 14.45 | C40: 40 | D40: 6 | E40: 4 | F40: 11 | G40: 0 | H40: 0 | I40: 3 | J40: 2 | K40: 0 | L40: 0 | M40: 70 | N40: 0 | O40: =SUM(C40:L40,N40) -> 66 | P40: =SUM(C40:N40) -> 136
... B57: 18.45 - 19.00 | C57: 42 | D57: 7 | E57: 2 | F57: 15 | G57: 0 | H57: 0 | I57: 1 | J57: 0 | K57: 0 | L57: 0 | M57: 135 | N57: 0 | O57: =SUM(C57:L57,N57) -> 67 | P57: =SUM(C57:N57) -> 202
B58: Totals | C58: =SUM(C10:C57) -> 3698 | D58: =SUM(D10:D57) -> 515 | E58: =SUM(E10:E57) -> 262 | F58: =SUM(F10:F57) -> 668 | G58: =SUM(G10:G57) -> 12 | H58: =SUM(H10:H57) -> 0 | I58: =SUM(I10:I57) -> 185 | J58: =SUM(J10:J57) -> 53 | ... P58: =SUM(P10:P57) -> 10217
B59: %ges + MCs | C59: =C58/$P$58 -> 0.36194578 | D59: =D58/$P$58 -> 0.050406186 | E59: =E58/$P$58 -> 0.025643535 | F59: =F58/$P$58 -> 0.065381227 | G59: =G58/$P$58 -> 0.0011745131 | H59: =H58/$P$58 -> 0 | I59: =I58/$P$58 -> 0.018107076 | J59: =J58/$P$58 -> 0.0051874327 | ... N59: =N58/$P$58 -> 9.7876089e-05
B60: %ges w/o MCs | C60: =C58/$O$58 -> 0.68253968 | D60: =D58/$O$58 -> 0.095053525 | E60: =E58/$O$58 -> 0.048357327 | F60: =F58/$O$58 -> 0.12329273 | G60: =G58/$O$58 -> 0.0022148394 | H60: =H58/$O$58 -> 0 | I60: =I58/$O$58 -> 0.034145441 | J60: =J58/$O$58 -> 0.0097822075 | ... L60: =L58/$O$58 -> 0.00073827981 | N60: =N58/$O$58 -> 0.00018456995

Sheet 30.07 Kiwatule-Najjeera
B1: Consultancy services for Preparation of Expressway Development Master Plan (EDMP) for Uganda
B2: MANUAL CLASSIFIED COUNT (MCC)
B3: ROAD NAME: | C3: ='29.07 Kiwatule-Najjeera'!C3:G3 -> MCC - C1 - STN36 - MBOGO ROAD
C5: Date | D5: ='30.07 Najjeera-Kiwatule'!D5 -> 30.07.19 | F5: Location | G5: ='29.07 Najjeera-Kiwatule'!G5:H5 -> U Save Kiwatule | J5: Surveyor | K5: Beteth
C6: Dir. From | D6: ='29.07 Kiwatule-Najjeera'!D6:E6 -> Kiwatule | F6: Dir. To | G6: ='29.07 Kiwatule-Najjeera'!G6:H6 -> Najjeera | J6: Supervisor | K6: ='29.07 Najjeera-Kiwatule'!K6:L6 -> Steven
B8: Time / Veh Type | R8: SUMMARY TRAFFIC VOLUMES
C9: 1. Car | D9: 2. Station Wagon | E9: 3. Pickups | F9: 4. Minibus, matatu | G9: 5. Medium bus | H9: 6. Large Bus | I9: 7. Light Truck | J9: 8. Medium Truck | K9: 9. Heavy truck | L9: 10. Truck Trailer | M9: 11. Motor cycles | N9: 12. Tractors | O9: Total Excl M/Cycles | P9: Total All | R9: Time | S9: 1. Car | T9: 2. Station Wagon | U9: 3. Pickups | V9: 4. Minibus, matatu | W9: 5. Medium bus | X9: 6. Large Bus | Y9: 7. Light Truck | Z9: 8. Medium Truck | AA9: 9. Heavy truck | AB9: 10. Truck Trailer | AC9: 11. Motorcycles | AD9: 12. Tractors, Graders | AE9: Total Excl M/ Cycles | AF9: Total All
B10: 07.00 - 07.15 | C10: 12 | D10: 5 | E10: 2 | F10: 11 | G10: 1 | H10: 0 | I10: 3 | J10: 0 | K10: 0 | L10: 0 | M10: 35 | N10: 0 | O10: =SUM(C10:L10,N10) -> 34 | P10: =SUM(C10:N10) -> 69 | R10: 0700-0800 | S10: =SUM(C10:C13) -> 130 | T10: =SUM(D10:D13) -> 29 | U10: =SUM(E10:E13) -> 10 | V10: =SUM(F10:F13) -> 68 | W10: =SUM(G10:G13) -> 5 | X10: =SUM(H10:H13) -> 0 | Y10: =SUM(I10:I13) -> 24 | Z10: =SUM(J10:J13) -> 0 | ... AF10: =SUM(P10:P13) -> 416
B11: 07.15 - 07.30 | C11: 42 | D11: 9 | E11: 4 | F11: 14 | G11: 2 | H11: 0 | I11: 11 | J11: 0 | K11: 0 | L11: 0 | M11: 38 | N11: 0 | O11: =SUM(C11:L11,N11) -> 82 | P11: =SUM(C11:N11) -> 120 | R11: 0800-0900 | S11: =SUM(C14:C17) -> 81 | T11: =SUM(D14:D17) -> 21 | U11: =SUM(E14:E17) -> 8 | V11: =SUM(F14:F17) -> 67 | W11: =SUM(G14:G17) -> 3 | X11: =SUM(H14:H17) -> 0 | Y11: =SUM(I14:I17) -> 29 | Z11: =SUM(J14:J17) -> 1 | ... AF11: =SUM(P14:P17) -> 436
B12: 07.30 - 07.45 | C12: 39 | D12: 7 | E12: 2 | F12: 18 | G12: 0 | H12: 0 | I12: 8 | J12: 0 | K12: 0 | L12: 0 | M12: 33 | N12: 0 | O12: =SUM(C12:L12,N12) -> 74 | P12: =SUM(C12:N12) -> 107 | R12: 0900-1000 | S12: =SUM(C18:C21) -> 81 | T12: =SUM(D18:D21) -> 21 | U12: =SUM(E18:E21) -> 8 | V12: =SUM(F18:F21) -> 41 | W12: =SUM(G18:G21) -> 3 | X12: =SUM(H18:H21) -> 0 | Y12: =SUM(I18:I21) -> 29 | Z12: =SUM(J18:J21) -> 1 | ... AF12: =SUM(P18:P21) -> 410
B13: 07.45 - 08.00 | C13: 37 | D13: 8 | E13: 2 | F13: 25 | G13: 2 | H13: 0 | I13: 2 | J13: 0 | K13: 0 | L13: 0 | M13: 44 | N13: 0 | O13: =SUM(C13:L13,N13) -> 76 | P13: =SUM(C13:N13) -> 120 | R13: 1000-1100 | S13: =SUM(C22:C25) -> 70 | T13: =SUM(D22:D25) -> 17 | U13: =SUM(E22:E25) -> 7 | V13: =SUM(F22:F25) -> 45 | W13: =SUM(G22:G25) -> 3 | X13: =SUM(H22:H25) -> 0 | Y13: =SUM(I22:I25) -> 15 | Z13: =SUM(J22:J25) -> 2 | ... AF13: =SUM(P22:P25) -> 260
B14: 08.00 - 08.15 | C14: 36 | D14: 11 | E14: 3 | F14: 31 | G14: 1 | H14: 0 | I14: 12 | J14: 0 | K14: 0 | L14: 0 | M14: 50 | N14: 0 | O14: =SUM(C14:L14,N14) -> 94 | P14: =SUM(C14:N14) -> 144 | R14: 1100-1200 | S14: =SUM(C26:C29) -> 104 | T14: =SUM(D26:D29) -> 30 | U14: =SUM(E26:E29) -> 10 | V14: =SUM(F26:F29) -> 74 | W14: =SUM(G26:G29) -> 1 | X14: =SUM(H26:H29) -> 0 | Y14: =SUM(I26:I29) -> 15 | Z14: =SUM(J26:J29) -> 2 | ... AF14: =SUM(P26:P29) -> 379
B15: 08.15 - 08.30 | C15: 17 | D15: 2 | E15: 0 | F15: 12 | G15: 0 | H15: 0 | I15: 2 | J15: 0 | K15: 0 | L15: 0 | M15: 51 | N15: 0 | O15: =SUM(C15:L15,N15) -> 33 | P15: =SUM(C15:N15) -> 84 | R15: 1200-1300 | S15: =SUM(C30:C33) -> 133 | T15: =SUM(D30:D33) -> 25 | U15: =SUM(E30:E33) -> 10 | V15: =SUM(F30:F33) -> 68 | W15: =SUM(G30:G33) -> 0 | X15: =SUM(H30:H33) -> 0 | Y15: =SUM(I30:I33) -> 18 | Z15: =SUM(J30:J33) -> 3 | ... AF15: =SUM(P30:P33) -> 401
B16: 08.30 - 08.45 | C16: 20 | D16: 5 | E16: 4 | F16: 14 | G16: 2 | H16: 0 | I16: 5 | J16: 1 | K16: 0 | L16: 0 | M16: 55 | N16: 0 | O16: =SUM(C16:L16,N16) -> 51 | P16: =SUM(C16:N16) -> 106 | R16: 1300-1400 | S16: =SUM(C34:C37) -> 193 | T16: =SUM(D34:D37) -> 23 | U16: =SUM(E34:E37) -> 11 | V16: =SUM(F34:F37) -> 63 | W16: =SUM(G34:G37) -> 0 | X16: =SUM(H34:H37) -> 0 | Y16: =SUM(I34:I37) -> 19 | Z16: =SUM(J34:J37) -> 0 | ... AF16: =SUM(P34:P37) -> 442
B17: 08.45 - 9.00 | C17: 8 | D17: 3 | E17: 1 | F17: 10 | G17: 0 | H17: 0 | I17: 10 | J17: 0 | K17: 0 | L17: 0 | M17: 70 | N17: 0 | O17: =SUM(C17:L17,N17) -> 32 | P17: =SUM(C17:N17) -> 102 | R17: 1400-1500 | S17: =SUM(C38:C41) -> 101 | T17: =SUM(D38:D41) -> 26 | U17: =SUM(E38:E41) -> 4 | V17: =SUM(F38:F41) -> 43 | W17: =SUM(G38:G41) -> 1 | X17: =SUM(H38:H41) -> 0 | Y17: =SUM(I38:I41) -> 21 | Z17: =SUM(J38:J41) -> 3 | ... AF17: =SUM(P38:P41) -> 281
B18: 09.00 - 09.15 | C18: 36 | D18: 11 | E18: 3 | F18: 3 | G18: 1 | H18: 0 | I18: 12 | J18: 0 | K18: 0 | L18: 0 | M18: 50 | N18: 0 | O18: =SUM(C18:L18,N18) -> 66 | P18: =SUM(C18:N18) -> 116 | R18: 1500-1600 | S18: =SUM(C42:C45) -> 292 | T18: =SUM(D42:D45) -> 31 | U18: =SUM(E42:E45) -> 18 | V18: =SUM(F42:F45) -> 49 | W18: =SUM(G42:G45) -> 2 | X18: =SUM(H42:H45) -> 0 | Y18: =SUM(I42:I45) -> 20 | Z18: =SUM(J42:J45) -> 6 | ... AF18: =SUM(P42:P45) -> 552
B19: 09.15 - 09.30 | C19: 17 | D19: 2 | E19: 0 | F19: 12 | G19: 0 | H19: 0 | I19: 2 | J19: 0 | K19: 0 | L19: 0 | M19: 51 | N19: 0 | O19: =SUM(C19:L19,N19) -> 33 | P19: =SUM(C19:N19) -> 84 | R19: 1600-1700 | S19: =SUM(C46:C49) -> 458 | T19: =SUM(D46:D49) -> 63 | U19: =SUM(E46:E49) -> 11 | V19: =SUM(F46:F49) -> 42 | W19: =SUM(G46:G49) -> 0 | X19: =SUM(H46:H49) -> 0 | Y19: =SUM(I46:I49) -> 8 | Z19: =SUM(J46:J49) -> 2 | ... AF19: =SUM(P46:P49) -> 778
B20: 09.30 - 09.45 | C20: 20 | D20: 5 | E20: 4 | F20: 14 | G20: 2 | H20: 0 | I20: 5 | J20: 1 | K20: 0 | L20: 0 | M20: 55 | N20: 0 | O20: =SUM(C20:L20,N20) -> 51 | P20: =SUM(C20:N20) -> 106 | R20: 1700-1800 | S20: =SUM(C50:C53) -> 490 | T20: =SUM(D50:D53) -> 64 | U20: =SUM(E50:E53) -> 44 | V20: =SUM(F50:F53) -> 48 | W20: =SUM(G50:G53) -> 1 | X20: =SUM(H50:H53) -> 1 | Y20: =SUM(I50:I53) -> 19 | Z20: =SUM(J50:J53) -> 1 | ... AF20: =SUM(P50:P53) -> 952
B21: 09.45 - 10.00 | C21: 8 | D21: 3 | E21: 1 | F21: 12 | G21: 0 | H21: 0 | I21: 10 | J21: 0 | K21: 0 | L21: 0 | M21: 70 | N21: 0 | O21: =SUM(C21:L21,N21) -> 34 | P21: =SUM(C21:N21) -> 104 | R21: 1800-1900 | S21: =SUM(C54:C57) -> 575 | T21: =SUM(D54:D57) -> 98 | U21: =SUM(E54:E57) -> 32 | V21: =SUM(F54:F57) -> 75 | W21: =SUM(G54:G57) -> 4 | X21: =SUM(H54:H57) -> 0 | Y21: =SUM(I54:I57) -> 14 | Z21: =SUM(J54:J57) -> 0 | ... AF21: =SUM(P54:P57) -> 1122
B22: 10.00 - 10.15 | C22: 23 | D22: 4 | E22: 2 | F22: 13 | G22: 0 | H22: 0 | I22: 2 | J22: 1 | K22: 0 | L22: 0 | M22: 30 | N22: 0 | O22: =SUM(C22:L22,N22) -> 45 | P22: =SUM(C22:N22) -> 75 | R22: AM Peak Hr | S22: =MAX(S10:S12) -> 130 | T22: =MAX(T10:T12) -> 29 | U22: =MAX(U10:U12) -> 10 | V22: =MAX(V10:V12) -> 68 | W22: =MAX(W10:W12) -> 5 | X22: =MAX(X10:X12) -> 0 | Y22: =MAX(Y10:Y12) -> 29 | Z22: =MAX(Z10:Z12) -> 1 | ... AF22: =MAX(AF10:AF12) -> 436
B23: 10.15 - 10.30 | C23: 15 | D23: 3 | E23: 1 | F23: 6 | G23: 1 | H23: 0 | I23: 6 | J23: 0 | K23: 0 | L23: 0 | M23: 20 | N23: 0 | O23: =SUM(C23:L23,N23) -> 32 | P23: =SUM(C23:N23) -> 52 | R23: IP Peak Hr | S23: =MAX(S13:S18) -> 292 | T23: =MAX(T13:T18) -> 31 | U23: =MAX(U13:U18) -> 18 | V23: =MAX(V13:V18) -> 74 | W23: =MAX(W13:W18) -> 3 | X23: =MAX(X13:X18) -> 0 | Y23: =MAX(Y13:Y18) -> 21 | Z23: =MAX(Z13:Z18) -> 6 | ... AF23: =MAX(AF13:AF18) -> 552
B24: 10.30 - 10.45 | C24: 17 | D24: 4 | E24: 0 | F24: 15 | G24: 0 | H24: 0 | I24: 4 | J24: 1 | K24: 0 | L24: 0 | M24: 33 | N24: 0 | O24: =SUM(C24:L24,N24) -> 41 | P24: =SUM(C24:N24) -> 74 | R24: PM Peak Hr | S24: =MAX(S19:S21) -> 575 | T24: =MAX(T19:T21) -> 98 | U24: =MAX(U19:U21) -> 44 | V24: =MAX(V19:V21) -> 75 | W24: =MAX(W19:W21) -> 4 | X24: =MAX(X19:X21) -> 1 | Y24: =MAX(Y19:Y21) -> 19 | Z24: =MAX(Z19:Z21) -> 2 | ... AF24: =MAX(AF19:AF21) -> 1122
B25: 10.45 - 11.00 | C25: 15 | D25: 6 | E25: 4 | F25: 11 | G25: 2 | H25: 0 | I25: 3 | J25: 0 | K25: 0 | L25: 0 | M25: 18 | N25: 0 | O25: =SUM(C25:L25,N25) -> 41 | P25: =SUM(C25:N25) -> 59 | R25: AM Period | S25: =SUM(S10:S12) -> 292 | T25: =SUM(T10:T12) -> 71 | U25: =SUM(U10:U12) -> 26 | V25: =SUM(V10:V12) -> 176 | W25: =SUM(W10:W12) -> 11 | X25: =SUM(X10:X12) -> 0 | Y25: =SUM(Y10:Y12) -> 82 | Z25: =SUM(Z10:Z12) -> 2 | ... AF25: =SUM(AF10:AF12) -> 1262
B26: 11.00 - 11.15 | C26: 15 | D26: 3 | E26: 3 | F26: 12 | G26: 1 | H26: 0 | I26: 4 | J26: 0 | K26: 0 | L26: 0 | M26: 23 | N26: 0 | O26: =SUM(C26:L26,N26) -> 38 | P26: =SUM(C26:N26) -> 61 | R26: IP Period | S26: =SUM(S13:S18) -> 893 | T26: =SUM(T13:T18) -> 152 | U26: =SUM(U13:U18) -> 60 | V26: =SUM(V13:V18) -> 342 | W26: =SUM(W13:W18) -> 7 | X26: =SUM(X13:X18) -> 0 | Y26: =SUM(Y13:Y18) -> 108 | Z26: =SUM(Z13:Z18) -> 16 | ... AF26: =SUM(AF13:AF18) -> 2315
B27: 11.15 - 11.30 | C27: 26 | D27: 5 | E27: 0 | F27: 13 | G27: 0 | H27: 0 | I27: 6 | J27: 0 | K27: 0 | L27: 0 | M27: 45 | N27: 0 | O27: =SUM(C27:L27,N27) -> 50 | P27: =SUM(C27:N27) -> 95 | R27: PM Period | S27: =SUM(S19:S21) -> 1523 | T27: =SUM(T19:T21) -> 225 | U27: =SUM(U19:U21) -> 87 | V27: =SUM(V19:V21) -> 165 | W27: =SUM(W19:W21) -> 5 | X27: =SUM(X19:X21) -> 1 | Y27: =SUM(Y19:Y21) -> 41 | Z27: =SUM(Z19:Z21) -> 3 | ... AF27: =SUM(AF19:AF21) -> 2852
B28: 11.30 - 11.45 | C28: 38 | D28: 15 | E28: 3 | F28: 25 | G28: 0 | H28: 0 | I28: 3 | J28: 0 | K28: 0 | L28: 0 | M28: 45 | N28: 0 | O28: =SUM(C28:L28,N28) -> 84 | P28: =SUM(C28:N28) -> 129 | R28: 12 Hours | S28: =SUM(S10:S21) -> 2708 | T28: =SUM(T10:T21) -> 448 | U28: =SUM(U10:U21) -> 173 | V28: =SUM(V10:V21) -> 683 | W28: =SUM(W10:W21) -> 23 | X28: =SUM(X10:X21) -> 1 | Y28: =SUM(Y10:Y21) -> 231 | Z28: =SUM(Z10:Z21) -> 21 | ... AF28: =SUM(AF10:AF21) -> 6429
B29: 11.45 - 12.00 | C29: 25 | D29: 7 | E29: 4 | F29: 24 | G29: 0 | H29: 0 | I29: 2 | J29: 2 | K29: 0 | L29: 0 | M29: 30 | N29: 0 | O29: =SUM(C29:L29,N29) -> 64 | P29: =SUM(C29:N29) -> 94
B30: 12.00 - 12.15 | C30: 35 | D30: 4 | E30: 2 | F30: 26 | G30: 0 | H30: 0 | I30: 7 | J30: 1 | K30: 2 | L30: 0 | M30: 60 | N30: 0 | O30: =SUM(C30:L30,N30) -> 77 | P30: =SUM(C30:N30) -> 137
B31: 12.15 - 12.30 | C31: 35 | D31: 5 | E31: 4 | F31: 20 | G31: 0 | H31: 0 | I31: 3 | J31: 0 | K31: 0 | L31: 0 | M31: 22 | N31: 0 | O31: =SUM(C31:L31,N31) -> 67 | P31: =SUM(C31:N31) -> 89
B32: 12.30 - 12.45 | C32: 33 | D32: 7 | E32: 0 | F32: 15 | G32: 0 | H32: 0 | I32: 4 | J32: 0 | K32: 0 | L32: 0 | M32: 35 | N32: 0 | O32: =SUM(C32:L32,N32) -> 59 | P32: =SUM(C32:N32) -> 94
B33: 12.45 - 13.00 | C33: 30 | D33: 9 | E33: 4 | F33: 7 | G33: 0 | H33: 0 | I33: 4 | J33: 2 | K33: 0 | L33: 0 | M33: 25 | N33: 0 | O33: =SUM(C33:L33,N33) -> 56 | P33: =SUM(C33:N33) -> 81
B34: 13.00 - 13.15 | C34: 37 | D34: 4 | E34: 1 | F34: 10 | G34: 0 | H34: 0 | I34: 6 | J34: 0 | K34: 0 | L34: 0 | M34: 35 | N34: 0 | O34: =SUM(C34:L34,N34) -> 58 | P34: =SUM(C34:N34) -> 93
B35: 13.15 - 13.30 | C35: 46 | D35: 8 | E35: 2 | F35: 19 | G35: 0 | H35: 0 | I35: 6 | J35: 0 | K35: 0 | L35: 0 | M35: 42 | N35: 0 | O35: =SUM(C35:L35,N35) -> 81 | P35: =SUM(C35:N35) -> 123
B36: 13.30 - 13.45 | C36: 50 | D36: 5 | E36: 2 | F36: 19 | G36: 0 | H36: 0 | I36: 2 | J36: 0 | K36: 0 | L36: 0 | M36: 30 | N36: 0 | O36: =SUM(C36:L36,N36) -> 78 | P36: =SUM(C36:N36) -> 108
B37: 13.45 - 14.00 | C37: 60 | D37: 6 | E37: 6 | F37: 15 | G37: 0 | H37: 0 | I37: 5 | J37: 0 | K37: 0 | L37: 0 | M37: 26 | N37: 0 | O37: =SUM(C37:L37,N37) -> 92 | P37: =SUM(C37:N37) -> 118
B38: 14.00 - 14.15 | C38: 26 | D38: 7 | E38: 0 | F38: 10 | G38: 0 | H38: 0 | I38: 6 | J38: 0 | K38: 0 | L38: 1 | M38: 20 | N38: 0 | O38: =SUM(C38:L38,N38) -> 50 | P38: =SUM(C38:N38) -> 70
B39: 14.15 - 14.30 | C39: 22 | D39: 3 | E39: 2 | F39: 11 | G39: 1 | H39: 0 | I39: 4 | J39: 1 | K39: 0 | L39: 0 | M39: 12 | N39: 0 | O39: =SUM(C39:L39,N39) -> 44 | P39: =SUM(C39:N39) -> 56
B40: 14.30 - 14.45 | C40: 28 | D40: 4 | E40: 1 | F40: 12 | G40: 0 | H40: 0 | I40: 5 | J40: 2 | K40: 1 | L40: 0 | M40: 18 | N40: 0 | O40: =SUM(C40:L40,N40) -> 53 | P40: =SUM(C40:N40) -> 71
... B57: 18.45 - 19.00 | C57: 160 | D57: 24 | E57: 5 | F57: 10 | G57: 0 | H57: 0 | I57: 1 | J57: 0 | K57: 0 | L57: 0 | M57: 78 | N57: 0 | O57: =SUM(C57:L57,N57) -> 200 | P57: =SUM(C57:N57) -> 278
B58: Totals | C58: =SUM(C10:C57) -> 2708 | D58: =SUM(D10:D57) -> 448 | E58: =SUM(E10:E57) -> 173 | F58: =SUM(F10:F57) -> 683 | G58: =SUM(G10:G57) -> 23 | H58: =SUM(H10:H57) -> 1 | I58: =SUM(I10:I57) -> 231 | J58: =SUM(J10:J57) -> 21 | ... P58: =SUM(P10:P57) -> 6429
B59: %ges + MCs | C59: =C58/$P$58 -> 0.42121636 | D59: =D58/$P$58 -> 0.069684243 | E59: =E58/$P$58 -> 0.026909317 | F59: =F58/$P$58 -> 0.10623736 | G59: =G58/$P$58 -> 0.0035775393 | H59: =H58/$P$58 -> 0.00015554519 | I59: =I58/$P$58 -> 0.035930938 | J59: =J58/$P$58 -> 0.0032664489 | ... N59: =N58/$P$58 -> 0
B60: %ges w/o MCs | C60: =C58/$O$58 -> 0.63050058 | D60: =D58/$O$58 -> 0.10430733 | E60: =E58/$O$58 -> 0.040279395 | F60: =F58/$O$58 -> 0.15902212 | G60: =G58/$O$58 -> 0.005355064 | H60: =H58/$O$58 -> 0.00023282887 | I60: =I58/$O$58 -> 0.053783469 | J60: =J58/$O$58 -> 0.0048894063 | ... L60: =L58/$O$58 -> 0.00023282887 | N60: =N58/$O$58 -> 0

Sheet 31.07 Najjeera-Kiwatule
B1: Consultancy services for Preparation of Expressway Development Master Plan (EDMP) for Uganda
B2: MANUAL CLASSIFIED COUNT (MCC)
B3: ROAD NAME: | C3: ='29.07 Najjeera-Kiwatule'!C3:G3 -> MCC - C1 - STN36 - MBOGO ROAD
C5: Date | D5: 31.07.19 | F5: Location | G5: ='30.07 Kiwatule-Najjeera'!G5:H5 -> U Save Kiwatule | J5: Surveyor | K5: Anthony
C6: Dir. From | D6: ='29.07 Najjeera-Kiwatule'!D6:E6 -> Najjeera | F6: Dir. To | G6: ='29.07 Najjeera-Kiwatule'!G6:H6 -> Kiwatule | J6: Supervisor | K6: ='30.07 Kiwatule-Najjeera'!K6:L6 -> Steven
B8: Time / Veh Type | R8: SUMMARY TRAFFIC VOLUMES
C9: 1. Car | D9: 2. Station Wagon | E9: 3. Pickups | F9: 4. Minibus, matatu | G9: 5. Medium bus | H9: 6. Large Bus | I9: 7. Light Truck | J9: 8. Medium Truck | K9: 9. Heavy truck | L9: 10. Truck Trailer | M9: 11. Motor cycles | N9: 12. Tractors | O9: Total Excl M/Cycles | P9: Total All | R9: Time | S9: 1. Car | T9: 2. Station Wagon | U9: 3. Pickups | V9: 4. Minibus, matatu | W9: 5. Medium bus | X9: 6. Large Bus | Y9: 7. Light Truck | Z9: 8. Medium Truck | AA9: 9. Heavy truck | AB9: 10. Truck Trailer | AC9: 11. Motorcycles | AD9: 12. Tractors, Graders | AE9: Total Excl M/ Cycles | AF9: Total All
B10: 07.00 - 07.15 | C10: 147 | D10: 15 | E10: 7 | F10: 17 | G10: 0 | H10: 0 | I10: 1 | J10: 0 | K10: 0 | L10: 0 | M10: 75 | N10: 0 | O10: =SUM(C10:L10,N10) -> 187 | P10: =SUM(C10:N10) -> 262 | R10: 0700-0800 | S10: =SUM(C10:C13) -> 655 | T10: =SUM(D10:D13) -> 60 | U10: =SUM(E10:E13) -> 30 | V10: =SUM(F10:F13) -> 78 | W10: =SUM(G10:G13) -> 1 | X10: =SUM(H10:H13) -> 0 | Y10: =SUM(I10:I13) -> 10 | Z10: =SUM(J10:J13) -> 1 | ... AF10: =SUM(P10:P13) -> 1285
B11: 07.15 - 07.30 | C11: 143 | D11: 15 | E11: 4 | F11: 15 | G11: 0 | H11: 0 | I11: 2 | J11: 1 | K11: 0 | L11: 0 | M11: 105 | N11: 0 | O11: =SUM(C11:L11,N11) -> 180 | P11: =SUM(C11:N11) -> 285 | R11: 0800-0900 | S11: =SUM(C14:C17) -> 580 | T11: =SUM(D14:D17) -> 83 | U11: =SUM(E14:E17) -> 29 | V11: =SUM(F14:F17) -> 82 | W11: =SUM(G14:G17) -> 0 | X11: =SUM(H14:H17) -> 0 | Y11: =SUM(I14:I17) -> 17 | Z11: =SUM(J14:J17) -> 7 | ... AF11: =SUM(P14:P17) -> 1383
B12: 07.30 - 07.45 | C12: 170 | D12: 15 | E12: 7 | F12: 28 | G12: 0 | H12: 0 | I12: 2 | J12: 0 | K12: 0 | L12: 0 | M12: 150 | N12: 0 | O12: =SUM(C12:L12,N12) -> 222 | P12: =SUM(C12:N12) -> 372 | R12: 0900-1000 | S12: =SUM(C18:C21) -> 395 | T12: =SUM(D18:D21) -> 47 | U12: =SUM(E18:E21) -> 31 | V12: =SUM(F18:F21) -> 54 | W12: =SUM(G18:G21) -> 0 | X12: =SUM(H18:H21) -> 0 | Y12: =SUM(I18:I21) -> 16 | Z12: =SUM(J18:J21) -> 2 | ... AF12: =SUM(P18:P21) -> 1022
B13: 07.45 - 08.00 | C13: 195 | D13: 15 | E13: 12 | F13: 18 | G13: 1 | H13: 0 | I13: 5 | J13: 0 | K13: 0 | L13: 0 | M13: 120 | N13: 0 | O13: =SUM(C13:L13,N13) -> 246 | P13: =SUM(C13:N13) -> 366 | R13: 1000-1100 | S13: =SUM(C22:C25) -> 317 | T13: =SUM(D22:D25) -> 62 | U13: =SUM(E22:E25) -> 37 | V13: =SUM(F22:F25) -> 59 | W13: =SUM(G22:G25) -> 1 | X13: =SUM(H22:H25) -> 0 | Y13: =SUM(I22:I25) -> 19 | Z13: =SUM(J22:J25) -> 2 | ... AF13: =SUM(P22:P25) -> 838
B14: 08.00 - 08.15 | C14: 155 | D14: 19 | E14: 5 | F14: 24 | G14: 0 | H14: 0 | I14: 6 | J14: 1 | K14: 2 | L14: 0 | M14: 161 | N14: 0 | O14: =SUM(C14:L14,N14) -> 212 | P14: =SUM(C14:N14) -> 373 | R14: 1100-1200 | S14: =SUM(C26:C29) -> 275 | T14: =SUM(D26:D29) -> 41 | U14: =SUM(E26:E29) -> 33 | V14: =SUM(F26:F29) -> 66 | W14: =SUM(G26:G29) -> 0 | X14: =SUM(H26:H29) -> 0 | Y14: =SUM(I26:I29) -> 26 | Z14: =SUM(J26:J29) -> 8 | ... AF14: =SUM(P26:P29) -> 776
B15: 08.15 - 08.30 | C15: 150 | D15: 13 | E15: 4 | F15: 19 | G15: 0 | H15: 0 | I15: 2 | J15: 3 | K15: 0 | L15: 0 | M15: 140 | N15: 0 | O15: =SUM(C15:L15,N15) -> 191 | P15: =SUM(C15:N15) -> 331 | R15: 1200-1300 | S15: =SUM(C30:C33) -> 226 | T15: =SUM(D30:D33) -> 32 | U15: =SUM(E30:E33) -> 13 | V15: =SUM(F30:F33) -> 52 | W15: =SUM(G30:G33) -> 0 | X15: =SUM(H30:H33) -> 0 | Y15: =SUM(I30:I33) -> 20 | Z15: =SUM(J30:J33) -> 3 | ... AF15: =SUM(P30:P33) -> 702
B16: 08.30 - 08.45 | C16: 175 | D16: 39 | E16: 15 | F16: 25 | G16: 0 | H16: 0 | I16: 5 | J16: 1 | K16: 0 | L16: 0 | M16: 153 | N16: 0 | O16: =SUM(C16:L16,N16) -> 260 | P16: =SUM(C16:N16) -> 413 | R16: 1300-1400 | S16: =SUM(C34:C37) -> 317 | T16: =SUM(D34:D37) -> 35 | U16: =SUM(E34:E37) -> 27 | V16: =SUM(F34:F37) -> 58 | W16: =SUM(G34:G37) -> 1 | X16: =SUM(H34:H37) -> 0 | Y16: =SUM(I34:I37) -> 21 | Z16: =SUM(J34:J37) -> 4 | ... AF16: =SUM(P34:P37) -> 787
B17: 08.45 - 9.00 | C17: 100 | D17: 12 | E17: 5 | F17: 14 | G17: 0 | H17: 0 | I17: 4 | J17: 2 | K17: 1 | L17: 0 | M17: 128 | N17: 0 | O17: =SUM(C17:L17,N17) -> 138 | P17: =SUM(C17:N17) -> 266 | R17: 1400-1500 | S17: =SUM(C38:C41) -> 239 | T17: =SUM(D38:D41) -> 30 | U17: =SUM(E38:E41) -> 21 | V17: =SUM(F38:F41) -> 54 | W17: =SUM(G38:G41) -> 1 | X17: =SUM(H38:H41) -> 0 | Y17: =SUM(I38:I41) -> 22 | Z17: =SUM(J38:J41) -> 2 | ... AF17: =SUM(P38:P41) -> 729
B18: 09.00 - 09.15 | C18: 119 | D18: 17 | E18: 11 | F18: 15 | G18: 0 | H18: 0 | I18: 4 | J18: 0 | K18: 0 | L18: 0 | M18: 159 | N18: 0 | O18: =SUM(C18:L18,N18) -> 166 | P18: =SUM(C18:N18) -> 325 | R18: 1500-1600 | S18: =SUM(C42:C45) -> 245 | T18: =SUM(D42:D45) -> 35 | U18: =SUM(E42:E45) -> 28 | V18: =SUM(F42:F45) -> 55 | W18: =SUM(G42:G45) -> 0 | X18: =SUM(H42:H45) -> 0 | Y18: =SUM(I42:I45) -> 14 | Z18: =SUM(J42:J45) -> 1 | ... AF18: =SUM(P42:P45) -> 666
B19: 09.15 - 09.30 | C19: 91 | D19: 14 | E19: 6 | F19: 13 | G19: 0 | H19: 0 | I19: 4 | J19: 1 | K19: 0 | L19: 0 | M19: 110 | N19: 0 | O19: =SUM(C19:L19,N19) -> 129 | P19: =SUM(C19:N19) -> 239 | R19: 1600-1700 | S19: =SUM(C46:C49) -> 282 | T19: =SUM(D46:D49) -> 48 | U19: =SUM(E46:E49) -> 32 | V19: =SUM(F46:F49) -> 53 | W19: =SUM(G46:G49) -> 1 | X19: =SUM(H46:H49) -> 0 | Y19: =SUM(I46:I49) -> 12 | Z19: =SUM(J46:J49) -> 0 | ... AF19: =SUM(P46:P49) -> 751
B20: 09.30 - 09.45 | C20: 125 | D20: 10 | E20: 9 | F20: 15 | G20: 0 | H20: 0 | I20: 5 | J20: 1 | K20: 0 | L20: 1 | M20: 120 | N20: 0 | O20: =SUM(C20:L20,N20) -> 166 | P20: =SUM(C20:N20) -> 286 | R20: 1700-1800 | S20: =SUM(C50:C53) -> 211 | T20: =SUM(D50:D53) -> 29 | U20: =SUM(E50:E53) -> 24 | V20: =SUM(F50:F53) -> 56 | W20: =SUM(G50:G53) -> 6 | X20: =SUM(H50:H53) -> 0 | Y20: =SUM(I50:I53) -> 21 | Z20: =SUM(J50:J53) -> 2 | ... AF20: =SUM(P50:P53) -> 750
B21: 09.45 - 10.00 | C21: 60 | D21: 6 | E21: 5 | F21: 11 | G21: 0 | H21: 0 | I21: 3 | J21: 0 | K21: 0 | L21: 0 | M21: 87 | N21: 0 | O21: =SUM(C21:L21,N21) -> 85 | P21: =SUM(C21:N21) -> 172 | R21: 1800-1900 | S21: =SUM(C54:C57) -> 145 | T21: =SUM(D54:D57) -> 20 | U21: =SUM(E54:E57) -> 18 | V21: =SUM(F54:F57) -> 50 | W21: =SUM(G54:G57) -> 5 | X21: =SUM(H54:H57) -> 0 | Y21: =SUM(I54:I57) -> 16 | Z21: =SUM(J54:J57) -> 2 | ... AF21: =SUM(P54:P57) -> 671
B22: 10.00 - 10.15 | C22: 105 | D22: 20 | E22: 10 | F22: 15 | G22: 0 | H22: 0 | I22: 7 | J22: 0 | K22: 0 | L22: 1 | M22: 71 | N22: 0 | O22: =SUM(C22:L22,N22) -> 158 | P22: =SUM(C22:N22) -> 229 | R22: AM Peak Hr | S22: =MAX(S10:S12) -> 655 | T22: =MAX(T10:T12) -> 83 | U22: =MAX(U10:U12) -> 31 | V22: =MAX(V10:V12) -> 82 | W22: =MAX(W10:W12) -> 1 | X22: =MAX(X10:X12) -> 0 | Y22: =MAX(Y10:Y12) -> 17 | Z22: =MAX(Z10:Z12) -> 7 | ... AF22: =MAX(AF10:AF12) -> 1383
B23: 10.15 - 10.30 | C23: 87 | D23: 12 | E23: 10 | F23: 16 | G23: 1 | H23: 0 | I23: 5 | J23: 0 | K23: 0 | L23: 0 | M23: 76 | N23: 0 | O23: =SUM(C23:L23,N23) -> 131 | P23: =SUM(C23:N23) -> 207 | R23: IP Peak Hr | S23: =MAX(S13:S18) -> 317 | T23: =MAX(T13:T18) -> 62 | U23: =MAX(U13:U18) -> 37 | V23: =MAX(V13:V18) -> 66 | W23: =MAX(W13:W18) -> 1 | X23: =MAX(X13:X18) -> 0 | Y23: =MAX(Y13:Y18) -> 26 | Z23: =MAX(Z13:Z18) -> 8 | ... AF23: =MAX(AF13:AF18) -> 838
B24: 10.30 - 10.45 | C24: 75 | D24: 20 | E24: 12 | F24: 15 | G24: 0 | H24: 0 | I24: 3 | J24: 1 | K24: 0 | L24: 1 | M24: 80 | N24: 0 | O24: =SUM(C24:L24,N24) -> 127 | P24: =SUM(C24:N24) -> 207 | R24: PM Peak Hr | S24: =MAX(S19:S21) -> 282 | T24: =MAX(T19:T21) -> 48 | U24: =MAX(U19:U21) -> 32 | V24: =MAX(V19:V21) -> 56 | W24: =MAX(W19:W21) -> 6 | X24: =MAX(X19:X21) -> 0 | Y24: =MAX(Y19:Y21) -> 21 | Z24: =MAX(Z19:Z21) -> 2 | ... AF24: =MAX(AF19:AF21) -> 751
B25: 10.45 - 11.00 | C25: 50 | D25: 10 | E25: 5 | F25: 13 | G25: 0 | H25: 0 | I25: 4 | J25: 1 | K25: 1 | L25: 0 | M25: 111 | N25: 0 | O25: =SUM(C25:L25,N25) -> 84 | P25: =SUM(C25:N25) -> 195 | R25: AM Period | S25: =SUM(S10:S12) -> 1630 | T25: =SUM(T10:T12) -> 190 | U25: =SUM(U10:U12) -> 90 | V25: =SUM(V10:V12) -> 214 | W25: =SUM(W10:W12) -> 1 | X25: =SUM(X10:X12) -> 0 | Y25: =SUM(Y10:Y12) -> 43 | Z25: =SUM(Z10:Z12) -> 10 | ... AF25: =SUM(AF10:AF12) -> 3690
B26: 11.00 - 11.15 | C26: 90 | D26: 16 | E26: 10 | F26: 19 | G26: 0 | H26: 0 | I26: 3 | J26: 0 | K26: 0 | L26: 0 | M26: 65 | N26: 0 | O26: =SUM(C26:L26,N26) -> 138 | P26: =SUM(C26:N26) -> 203 | R26: IP Period | S26: =SUM(S13:S18) -> 1619 | T26: =SUM(T13:T18) -> 235 | U26: =SUM(U13:U18) -> 159 | V26: =SUM(V13:V18) -> 344 | W26: =SUM(W13:W18) -> 3 | X26: =SUM(X13:X18) -> 0 | Y26: =SUM(Y13:Y18) -> 122 | Z26: =SUM(Z13:Z18) -> 20 | ... AF26: =SUM(AF13:AF18) -> 4498
B27: 11.15 - 11.30 | C27: 85 | D27: 8 | E27: 7 | F27: 17 | G27: 0 | H27: 0 | I27: 7 | J27: 1 | K27: 1 | L27: 1 | M27: 85 | N27: 0 | O27: =SUM(C27:L27,N27) -> 127 | P27: =SUM(C27:N27) -> 212 | R27: PM Period | S27: =SUM(S19:S21) -> 638 | T27: =SUM(T19:T21) -> 97 | U27: =SUM(U19:U21) -> 74 | V27: =SUM(V19:V21) -> 159 | W27: =SUM(W19:W21) -> 12 | X27: =SUM(X19:X21) -> 0 | Y27: =SUM(Y19:Y21) -> 49 | Z27: =SUM(Z19:Z21) -> 4 | ... AF27: =SUM(AF19:AF21) -> 2172
B28: 11.30 - 11.45 | C28: 60 | D28: 9 | E28: 8 | F28: 18 | G28: 0 | H28: 0 | I28: 9 | J28: 4 | K28: 0 | L28: 0 | M28: 105 | N28: 0 | O28: =SUM(C28:L28,N28) -> 108 | P28: =SUM(C28:N28) -> 213 | R28: 12 Hours | S28: =SUM(S10:S21) -> 3887 | T28: =SUM(T10:T21) -> 522 | U28: =SUM(U10:U21) -> 323 | V28: =SUM(V10:V21) -> 717 | W28: =SUM(W10:W21) -> 16 | X28: =SUM(X10:X21) -> 0 | Y28: =SUM(Y10:Y21) -> 214 | Z28: =SUM(Z10:Z21) -> 34 | ... AF28: =SUM(AF10:AF21) -> 10360
B29: 11.45 - 12.00 | C29: 40 | D29: 8 | E29: 8 | F29: 12 | G29: 0 | H29: 0 | I29: 7 | J29: 3 | K29: 0 | L29: 0 | M29: 70 | N29: 0 | O29: =SUM(C29:L29,N29) -> 78 | P29: =SUM(C29:N29) -> 148
B30: 12.00 - 12.15 | C30: 75 | D30: 11 | E30: 3 | F30: 16 | G30: 0 | H30: 0 | I30: 2 | J30: 0 | K30: 0 | L30: 0 | M30: 92 | N30: 0 | O30: =SUM(C30:L30,N30) -> 107 | P30: =SUM(C30:N30) -> 199
B31: 12.15 - 12.30 | C31: 45 | D31: 8 | E31: 2 | F31: 11 | G31: 0 | H31: 0 | I31: 6 | J31: 2 | K31: 0 | L31: 0 | M31: 88 | N31: 0 | O31: =SUM(C31:L31,N31) -> 74 | P31: =SUM(C31:N31) -> 162
B32: 12.30 - 12.45 | C32: 45 | D32: 4 | E32: 5 | F32: 11 | G32: 0 | H32: 0 | I32: 3 | J32: 1 | K32: 0 | L32: 0 | M32: 75 | N32: 0 | O32: =SUM(C32:L32,N32) -> 69 | P32: =SUM(C32:N32) -> 144
B33: 12.45 - 13.00 | C33: 61 | D33: 9 | E33: 3 | F33: 14 | G33: 0 | H33: 0 | I33: 9 | J33: 0 | K33: 0 | L33: 0 | M33: 101 | N33: 0 | O33: =SUM(C33:L33,N33) -> 96 | P33: =SUM(C33:N33) -> 197
B34: 13.00 - 13.15 | C34: 82 | D34: 7 | E34: 10 | F34: 15 | G34: 0 | H34: 0 | I34: 6 | J34: 2 | K34: 0 | L34: 0 | M34: 88 | N34: 0 | O34: =SUM(C34:L34,N34) -> 122 | P34: =SUM(C34:N34) -> 210
B35: 13.15 - 13.30 | C35: 70 | D35: 11 | E35: 5 | F35: 19 | G35: 0 | H35: 0 | I35: 6 | J35: 1 | K35: 0 | L35: 0 | M35: 90 | N35: 0 | O35: =SUM(C35:L35,N35) -> 112 | P35: =SUM(C35:N35) -> 202
B36: 13.30 - 13.45 | C36: 73 | D36: 9 | E36: 2 | F36: 11 | G36: 0 | H36: 0 | I36: 6 | J36: 0 | K36: 0 | L36: 0 | M36: 65 | N36: 0 | O36: =SUM(C36:L36,N36) -> 101 | P36: =SUM(C36:N36) -> 166
B37: 13.45 - 14.00 | C37: 92 | D37: 8 | E37: 10 | F37: 13 | G37: 1 | H37: 0 | I37: 3 | J37: 1 | K37: 0 | L37: 0 | M37: 81 | N37: 0 | O37: =SUM(C37:L37,N37) -> 128 | P37: =SUM(C37:N37) -> 209
B38: 14.00 - 14.15 | C38: 68 | D38: 8 | E38: 4 | F38: 13 | G38: 0 | H38: 0 | I38: 7 | J38: 1 | K38: 0 | L38: 0 | M38: 115 | N38: 0 | O38: =SUM(C38:L38,N38) -> 101 | P38: =SUM(C38:N38) -> 216
B39: 14.15 - 14.30 | C39: 49 | D39: 7 | E39: 7 | F39: 10 | G39: 1 | H39: 0 | I39: 7 | J39: 1 | K39: 0 | L39: 0 | M39: 80 | N39: 0 | O39: =SUM(C39:L39,N39) -> 82 | P39: =SUM(C39:N39) -> 162
B40: 14.30 - 14.45 | C40: 67 | D40: 9 | E40: 2 | F40: 16 | G40: 0 | H40: 0 | I40: 3 | J40: 0 | K40: 0 | L40: 0 | M40: 84 | N40: 0 | O40: =SUM(C40:L40,N40) -> 97 | P40: =SUM(C40:N40) -> 181
... B57: 18.45 - 19.00 | C57: 38 | D57: 7 | E57: 5 | F57: 14 | G57: 0 | H57: 0 | I57: 6 | J57: 0 | K57: 0 | L57: 0 | M57: 120 | N57: 0 | O57: =SUM(C57:L57,N57) -> 70 | P57: =SUM(C57:N57) -> 190
B58: Totals | C58: =SUM(C10:C57) -> 3887 | D58: =SUM(D10:D57) -> 522 | E58: =SUM(E10:E57) -> 323 | F58: =SUM(F10:F57) -> 717 | G58: =SUM(G10:G57) -> 16 | H58: =SUM(H10:H57) -> 0 | I58: =SUM(I10:I57) -> 214 | J58: =SUM(J10:J57) -> 34 | ... P58: =SUM(P10:P57) -> 10360
B59: %ges + MCs | C59: =C58/$P$58 -> 0.37519305 | D59: =D58/$P$58 -> 0.0503861 | E59: =E58/$P$58 -> 0.031177606 | F59: =F58/$P$58 -> 0.069208494 | G59: =G58/$P$58 -> 0.0015444015 | H59: =H58/$P$58 -> 0 | I59: =I58/$P$58 -> 0.020656371 | J59: =J58/$P$58 -> 0.0032818533 | ... N59: =N58/$P$58 -> 0
B60: %ges w/o MCs | C60: =C58/$O$58 -> 0.67859637 | D60: =D58/$O$58 -> 0.091131285 | E60: =E58/$O$58 -> 0.056389665 | F60: =F58/$O$58 -> 0.12517458 | G60: =G58/$O$58 -> 0.0027932961 | H60: =H58/$O$58 -> 0 | I60: =I58/$O$58 -> 0.037360335 | J60: =J58/$O$58 -> 0.0059357542 | ... L60: =L58/$O$58 -> 0.001222067 | N60: =N58/$O$58 -> 0

Sheet 31.07 Kiwatule-Najjeera
B1: Consultancy services for Preparation of Expressway Development Master Plan (EDMP) for Uganda
B2: MANUAL CLASSIFIED COUNT (MCC)
B3: ROAD NAME: | C3: ='29.07 Kiwatule-Najjeera'!C3:G3 -> MCC - C1 - STN36 - MBOGO ROAD
C5: Date | D5: ='31.07 Najjeera-Kiwatule'!D5 -> 31.07.19 | F5: Location | G5: ='31.07 Najjeera-Kiwatule'!G5:H5 -> U Save Kiwatule | J5: Surveyor | K5: Beteth
C6: Dir. From | D6: ='29.07 Kiwatule-Najjeera'!D6:E6 -> Kiwatule | F6: Dir. To | G6: ='29.07 Kiwatule-Najjeera'!G6:H6 -> Najjeera | J6: Supervisor | K6: ='31.07 Najjeera-Kiwatule'!K6:L6 -> Steven
B8: Time / Veh Type | R8: SUMMARY TRAFFIC VOLUMES
C9: 1. Car | D9: 2. Station Wagon | E9: 3. Pickups | F9: 4. Minibus, matatu | G9: 5. Medium bus | H9: 6. Large Bus | I9: 7. Light Truck | J9: 8. Medium Truck | K9: 9. Heavy truck | L9: 10. Truck Trailer | M9: 11. Motor cycles | N9: 12. Tractors | O9: Total Excl M/Cycles | P9: Total All | R9: Time | S9: 1. Car | T9: 2. Station Wagon | U9: 3. Pickups | V9: 4. Minibus, matatu | W9: 5. Medium bus | X9: 6. Large Bus | Y9: 7. Light Truck | Z9: 8. Medium Truck | AA9: 9. Heavy truck | AB9: 10. Truck Trailer | AC9: 11. Motorcycles | AD9: 12. Tractors, Graders | AE9: Total Excl M/ Cycles | AF9: Total All
B10: 07.00 - 07.15 | C10: 37 | D10: 14 | E10: 2 | F10: 16 | G10: 0 | H10: 0 | I10: 2 | J10: 0 | K10: 0 | L10: 0 | M10: 33 | N10: 0 | O10: =SUM(C10:L10,N10) -> 71 | P10: =SUM(C10:N10) -> 104 | R10: 0700-0800 | S10: =SUM(C10:C13) -> 169 | T10: =SUM(D10:D13) -> 33 | U10: =SUM(E10:E13) -> 10 | V10: =SUM(F10:F13) -> 88 | W10: =SUM(G10:G13) -> 0 | X10: =SUM(H10:H13) -> 0 | Y10: =SUM(I10:I13) -> 11 | Z10: =SUM(J10:J13) -> 1 | ... AF10: =SUM(P10:P13) -> 481
B11: 07.15 - 07.30 | C11: 32 | D11: 5 | E11: 3 | F11: 20 | G11: 0 | H11: 0 | I11: 4 | J11: 0 | K11: 0 | L11: 1 | M11: 35 | N11: 0 | O11: =SUM(C11:L11,N11) -> 65 | P11: =SUM(C11:N11) -> 100 | R11: 0800-0900 | S11: =SUM(C14:C17) -> 155 | T11: =SUM(D14:D17) -> 34 | U11: =SUM(E14:E17) -> 6 | V11: =SUM(F14:F17) -> 103 | W11: =SUM(G14:G17) -> 2 | X11: =SUM(H14:H17) -> 0 | Y11: =SUM(I14:I17) -> 11 | Z11: =SUM(J14:J17) -> 2 | ... AF11: =SUM(P14:P17) -> 581
B12: 07.30 - 07.45 | C12: 53 | D12: 6 | E12: 3 | F12: 30 | G12: 0 | H12: 0 | I12: 1 | J12: 0 | K12: 0 | L12: 0 | M12: 43 | N12: 0 | O12: =SUM(C12:L12,N12) -> 93 | P12: =SUM(C12:N12) -> 136 | R12: 0900-1000 | S12: =SUM(C18:C21) -> 107 | T12: =SUM(D18:D21) -> 18 | U12: =SUM(E18:E21) -> 11 | V12: =SUM(F18:F21) -> 84 | W12: =SUM(G18:G21) -> 3 | X12: =SUM(H18:H21) -> 0 | Y12: =SUM(I18:I21) -> 25 | Z12: =SUM(J18:J21) -> 1 | ... AF12: =SUM(P18:P21) -> 459
B13: 07.45 - 08.00 | C13: 47 | D13: 8 | E13: 2 | F13: 22 | G13: 0 | H13: 0 | I13: 4 | J13: 1 | K13: 0 | L13: 1 | M13: 56 | N13: 0 | O13: =SUM(C13:L13,N13) -> 85 | P13: =SUM(C13:N13) -> 141 | R13: 1000-1100 | S13: =SUM(C22:C25) -> 115 | T13: =SUM(D22:D25) -> 24 | U13: =SUM(E22:E25) -> 12 | V13: =SUM(F22:F25) -> 96 | W13: =SUM(G22:G25) -> 2 | X13: =SUM(H22:H25) -> 2 | Y13: =SUM(I22:I25) -> 26 | Z13: =SUM(J22:J25) -> 2 | ... AF13: =SUM(P22:P25) -> 426
B14: 08.00 - 08.15 | C14: 32 | D14: 8 | E14: 1 | F14: 30 | G14: 0 | H14: 0 | I14: 1 | J14: 1 | K14: 1 | L14: 0 | M14: 44 | N14: 0 | O14: =SUM(C14:L14,N14) -> 74 | P14: =SUM(C14:N14) -> 118 | R14: 1100-1200 | S14: =SUM(C26:C29) -> 154 | T14: =SUM(D26:D29) -> 24 | U14: =SUM(E26:E29) -> 11 | V14: =SUM(F26:F29) -> 111 | W14: =SUM(G26:G29) -> 2 | X14: =SUM(H26:H29) -> 1 | Y14: =SUM(I26:I29) -> 28 | Z14: =SUM(J26:J29) -> 2 | ... AF14: =SUM(P26:P29) -> 505
B15: 08.15 - 08.30 | C15: 40 | D15: 7 | E15: 2 | F15: 27 | G15: 2 | H15: 0 | I15: 3 | J15: 1 | K15: 0 | L15: 0 | M15: 60 | N15: 0 | O15: =SUM(C15:L15,N15) -> 82 | P15: =SUM(C15:N15) -> 142 | R15: 1200-1300 | S15: =SUM(C30:C33) -> 140 | T15: =SUM(D30:D33) -> 32 | U15: =SUM(E30:E33) -> 13 | V15: =SUM(F30:F33) -> 90 | W15: =SUM(G30:G33) -> 4 | X15: =SUM(H30:H33) -> 0 | Y15: =SUM(I30:I33) -> 27 | Z15: =SUM(J30:J33) -> 5 | ... AF15: =SUM(P30:P33) -> 513
B16: 08.30 - 08.45 | C16: 46 | D16: 6 | E16: 1 | F16: 26 | G16: 0 | H16: 0 | I16: 3 | J16: 0 | K16: 0 | L16: 1 | M16: 85 | N16: 0 | O16: =SUM(C16:L16,N16) -> 83 | P16: =SUM(C16:N16) -> 168 | R16: 1300-1400 | S16: =SUM(C34:C37) -> 171 | T16: =SUM(D34:D37) -> 40 | U16: =SUM(E34:E37) -> 13 | V16: =SUM(F34:F37) -> 93 | W16: =SUM(G34:G37) -> 4 | X16: =SUM(H34:H37) -> 0 | Y16: =SUM(I34:I37) -> 28 | Z16: =SUM(J34:J37) -> 7 | ... AF16: =SUM(P34:P37) -> 531
B17: 08.45 - 9.00 | C17: 37 | D17: 13 | E17: 2 | F17: 20 | G17: 0 | H17: 0 | I17: 4 | J17: 0 | K17: 1 | L17: 1 | M17: 75 | N17: 0 | O17: =SUM(C17:L17,N17) -> 78 | P17: =SUM(C17:N17) -> 153 | R17: 1400-1500 | S17: =SUM(C38:C41) -> 212 | T17: =SUM(D38:D41) -> 45 | U17: =SUM(E38:E41) -> 16 | V17: =SUM(F38:F41) -> 120 | W17: =SUM(G38:G41) -> 3 | X17: =SUM(H38:H41) -> 1 | Y17: =SUM(I38:I41) -> 8 | Z17: =SUM(J38:J41) -> 4 | ... AF17: =SUM(P38:P41) -> 569
B18: 09.00 - 09.15 | C18: 32 | D18: 6 | E18: 2 | F18: 21 | G18: 0 | H18: 0 | I18: 6 | J18: 1 | K18: 1 | L18: 0 | M18: 51 | N18: 0 | O18: =SUM(C18:L18,N18) -> 69 | P18: =SUM(C18:N18) -> 120 | R18: 1500-1600 | S18: =SUM(C42:C45) -> 200 | T18: =SUM(D42:D45) -> 56 | U18: =SUM(E42:E45) -> 7 | V18: =SUM(F42:F45) -> 100 | W18: =SUM(G42:G45) -> 3 | X18: =SUM(H42:H45) -> 0 | Y18: =SUM(I42:I45) -> 22 | Z18: =SUM(J42:J45) -> 6 | ... AF18: =SUM(P42:P45) -> 558
B19: 09.15 - 09.30 | C19: 17 | D19: 1 | E19: 3 | F19: 21 | G19: 2 | H19: 0 | I19: 5 | J19: 0 | K19: 1 | L19: 0 | M19: 85 | N19: 0 | O19: =SUM(C19:L19,N19) -> 50 | P19: =SUM(C19:N19) -> 135 | R19: 1600-1700 | S19: =SUM(C46:C49) -> 367 | T19: =SUM(D46:D49) -> 68 | U19: =SUM(E46:E49) -> 16 | V19: =SUM(F46:F49) -> 53 | W19: =SUM(G46:G49) -> 0 | X19: =SUM(H46:H49) -> 0 | Y19: =SUM(I46:I49) -> 26 | Z19: =SUM(J46:J49) -> 4 | ... AF19: =SUM(P46:P49) -> 736
B20: 09.30 - 09.45 | C20: 23 | D20: 3 | E20: 4 | F20: 22 | G20: 0 | H20: 0 | I20: 4 | J20: 0 | K20: 0 | L20: 0 | M20: 26 | N20: 0 | O20: =SUM(C20:L20,N20) -> 56 | P20: =SUM(C20:N20) -> 82 | R20: 1700-1800 | S20: =SUM(C50:C53) -> 344 | T20: =SUM(D50:D53) -> 58 | U20: =SUM(E50:E53) -> 17 | V20: =SUM(F50:F53) -> 53 | W20: =SUM(G50:G53) -> 1 | X20: =SUM(H50:H53) -> 0 | Y20: =SUM(I50:I53) -> 27 | Z20: =SUM(J50:J53) -> 8 | ... AF20: =SUM(P50:P53) -> 744
B21: 09.45 - 10.00 | C21: 35 | D21: 8 | E21: 2 | F21: 20 | G21: 1 | H21: 0 | I21: 10 | J21: 0 | K21: 0 | L21: 1 | M21: 45 | N21: 0 | O21: =SUM(C21:L21,N21) -> 77 | P21: =SUM(C21:N21) -> 122 | R21: 1800-1900 | S21: =SUM(C54:C57) -> 490 | T21: =SUM(D54:D57) -> 123 | U21: =SUM(E54:E57) -> 15 | V21: =SUM(F54:F57) -> 51 | W21: =SUM(G54:G57) -> 3 | X21: =SUM(H54:H57) -> 0 | Y21: =SUM(I54:I57) -> 17 | Z21: =SUM(J54:J57) -> 2 | ... AF21: =SUM(P54:P57) -> 1001
B22: 10.00 - 10.15 | C22: 24 | D22: 2 | E22: 1 | F22: 15 | G22: 0 | H22: 0 | I22: 9 | J22: 0 | K22: 1 | L22: 0 | M22: 38 | N22: 0 | O22: =SUM(C22:L22,N22) -> 52 | P22: =SUM(C22:N22) -> 90 | R22: AM Peak Hr | S22: =MAX(S10:S12) -> 169 | T22: =MAX(T10:T12) -> 34 | U22: =MAX(U10:U12) -> 11 | V22: =MAX(V10:V12) -> 103 | W22: =MAX(W10:W12) -> 3 | X22: =MAX(X10:X12) -> 0 | Y22: =MAX(Y10:Y12) -> 25 | Z22: =MAX(Z10:Z12) -> 2 | ... AF22: =MAX(AF10:AF12) -> 581
B23: 10.15 - 10.30 | C23: 26 | D23: 3 | E23: 3 | F23: 22 | G23: 0 | H23: 0 | I23: 7 | J23: 0 | K23: 0 | L23: 1 | M23: 33 | N23: 0 | O23: =SUM(C23:L23,N23) -> 62 | P23: =SUM(C23:N23) -> 95 | R23: IP Peak Hr | S23: =MAX(S13:S18) -> 212 | T23: =MAX(T13:T18) -> 56 | U23: =MAX(U13:U18) -> 16 | V23: =MAX(V13:V18) -> 120 | W23: =MAX(W13:W18) -> 4 | X23: =MAX(X13:X18) -> 2 | Y23: =MAX(Y13:Y18) -> 28 | Z23: =MAX(Z13:Z18) -> 7 | ... AF23: =MAX(AF13:AF18) -> 569
B24: 10.30 - 10.45 | C24: 35 | D24: 13 | E24: 4 | F24: 34 | G24: 0 | H24: 1 | I24: 5 | J24: 2 | K24: 1 | L24: 0 | M24: 35 | N24: 0 | O24: =SUM(C24:L24,N24) -> 95 | P24: =SUM(C24:N24) -> 130 | R24: PM Peak Hr | S24: =MAX(S19:S21) -> 490 | T24: =MAX(T19:T21) -> 123 | U24: =MAX(U19:U21) -> 17 | V24: =MAX(V19:V21) -> 53 | W24: =MAX(W19:W21) -> 3 | X24: =MAX(X19:X21) -> 0 | Y24: =MAX(Y19:Y21) -> 27 | Z24: =MAX(Z19:Z21) -> 8 | ... AF24: =MAX(AF19:AF21) -> 1001
B25: 10.45 - 11.00 | C25: 30 | D25: 6 | E25: 4 | F25: 25 | G25: 2 | H25: 1 | I25: 5 | J25: 0 | K25: 0 | L25: 0 | M25: 38 | N25: 0 | O25: =SUM(C25:L25,N25) -> 73 | P25: =SUM(C25:N25) -> 111 | R25: AM Period | S25: =SUM(S10:S12) -> 431 | T25: =SUM(T10:T12) -> 85 | U25: =SUM(U10:U12) -> 27 | V25: =SUM(V10:V12) -> 275 | W25: =SUM(W10:W12) -> 5 | X25: =SUM(X10:X12) -> 0 | Y25: =SUM(Y10:Y12) -> 47 | Z25: =SUM(Z10:Z12) -> 4 | ... AF25: =SUM(AF10:AF12) -> 1521
B26: 11.00 - 11.15 | C26: 33 | D26: 8 | E26: 1 | F26: 19 | G26: 1 | H26: 0 | I26: 7 | J26: 1 | K26: 1 | L26: 0 | M26: 50 | N26: 0 | O26: =SUM(C26:L26,N26) -> 71 | P26: =SUM(C26:N26) -> 121 | R26: IP Period | S26: =SUM(S13:S18) -> 992 | T26: =SUM(T13:T18) -> 221 | U26: =SUM(U13:U18) -> 72 | V26: =SUM(V13:V18) -> 610 | W26: =SUM(W13:W18) -> 18 | X26: =SUM(X13:X18) -> 4 | Y26: =SUM(Y13:Y18) -> 139 | Z26: =SUM(Z13:Z18) -> 26 | ... AF26: =SUM(AF13:AF18) -> 3102
B27: 11.15 - 11.30 | C27: 53 | D27: 4 | E27: 3 | F27: 30 | G27: 0 | H27: 0 | I27: 10 | J27: 0 | K27: 0 | L27: 0 | M27: 25 | N27: 0 | O27: =SUM(C27:L27,N27) -> 100 | P27: =SUM(C27:N27) -> 125 | R27: PM Period | S27: =SUM(S19:S21) -> 1201 | T27: =SUM(T19:T21) -> 249 | U27: =SUM(U19:U21) -> 48 | V27: =SUM(V19:V21) -> 157 | W27: =SUM(W19:W21) -> 4 | X27: =SUM(X19:X21) -> 0 | Y27: =SUM(Y19:Y21) -> 70 | Z27: =SUM(Z19:Z21) -> 14 | ... AF27: =SUM(AF19:AF21) -> 2481
B28: 11.30 - 11.45 | C28: 34 | D28: 7 | E28: 3 | F28: 27 | G28: 1 | H28: 0 | I28: 11 | J28: 1 | K28: 0 | L28: 1 | M28: 50 | N28: 0 | O28: =SUM(C28:L28,N28) -> 85 | P28: =SUM(C28:N28) -> 135 | R28: 12 Hours | S28: =SUM(S10:S21) -> 2624 | T28: =SUM(T10:T21) -> 555 | U28: =SUM(U10:U21) -> 147 | V28: =SUM(V10:V21) -> 1042 | W28: =SUM(W10:W21) -> 27 | X28: =SUM(X10:X21) -> 4 | Y28: =SUM(Y10:Y21) -> 256 | Z28: =SUM(Z10:Z21) -> 44 | ... AF28: =SUM(AF10:AF21) -> 7104
B29: 11.45 - 12.00 | C29: 34 | D29: 5 | E29: 4 | F29: 35 | G29: 0 | H29: 1 | I29: 0 | J29: 0 | K29: 0 | L29: 0 | M29: 45 | N29: 0 | O29: =SUM(C29:L29,N29) -> 79 | P29: =SUM(C29:N29) -> 124
B30: 12.00 - 12.15 | C30: 30 | D30: 4 | E30: 5 | F30: 11 | G30: 1 | H30: 0 | I30: 5 | J30: 2 | K30: 0 | L30: 0 | M30: 30 | N30: 0 | O30: =SUM(C30:L30,N30) -> 58 | P30: =SUM(C30:N30) -> 88
B31: 12.15 - 12.30 | C31: 55 | D31: 13 | E31: 3 | F31: 35 | G31: 1 | H31: 0 | I31: 13 | J31: 3 | K31: 1 | L31: 0 | M31: 66 | N31: 0 | O31: =SUM(C31:L31,N31) -> 124 | P31: =SUM(C31:N31) -> 190
B32: 12.30 - 12.45 | C32: 30 | D32: 9 | E32: 3 | F32: 9 | G32: 1 | H32: 0 | I32: 3 | J32: 0 | K32: 0 | L32: 0 | M32: 50 | N32: 0 | O32: =SUM(C32:L32,N32) -> 55 | P32: =SUM(C32:N32) -> 105
B33: 12.45 - 13.00 | C33: 25 | D33: 6 | E33: 2 | F33: 35 | G33: 1 | H33: 0 | I33: 6 | J33: 0 | K33: 0 | L33: 0 | M33: 55 | N33: 0 | O33: =SUM(C33:L33,N33) -> 75 | P33: =SUM(C33:N33) -> 130
B34: 13.00 - 13.15 | C34: 50 | D34: 11 | E34: 2 | F34: 29 | G34: 0 | H34: 0 | I34: 7 | J34: 5 | K34: 0 | L34: 0 | M34: 40 | N34: 0 | O34: =SUM(C34:L34,N34) -> 104 | P34: =SUM(C34:N34) -> 144
B35: 13.15 - 13.30 | C35: 30 | D35: 6 | E35: 3 | F35: 10 | G35: 1 | H35: 0 | I35: 7 | J35: 0 | K35: 0 | L35: 0 | M35: 50 | N35: 0 | O35: =SUM(C35:L35,N35) -> 57 | P35: =SUM(C35:N35) -> 107
B36: 13.30 - 13.45 | C36: 34 | D36: 11 | E36: 2 | F36: 27 | G36: 0 | H36: 0 | I36: 10 | J36: 2 | K36: 0 | L36: 0 | M36: 40 | N36: 0 | O36: =SUM(C36:L36,N36) -> 86 | P36: =SUM(C36:N36) -> 126
B37: 13.45 - 14.00 | C37: 57 | D37: 12 | E37: 6 | F37: 27 | G37: 3 | H37: 0 | I37: 4 | J37: 0 | K37: 0 | L37: 0 | M37: 45 | N37: 0 | O37: =SUM(C37:L37,N37) -> 109 | P37: =SUM(C37:N37) -> 154
B38: 14.00 - 14.15 | C38: 50 | D38: 16 | E38: 5 | F38: 25 | G38: 0 | H38: 0 | I38: 4 | J38: 0 | K38: 0 | L38: 0 | M38: 35 | N38: 0 | O38: =SUM(C38:L38,N38) -> 100 | P38: =SUM(C38:N38) -> 135
B39: 14.15 - 14.30 | C39: 50 | D39: 5 | E39: 5 | F39: 20 | G39: 0 | H39: 0 | I39: 4 | J39: 0 | K39: 0 | L39: 0 | M39: 45 | N39: 0 | O39: =SUM(C39:L39,N39) -> 84 | P39: =SUM(C39:N39) -> 129
B40: 14.30 - 14.45 | C40: 67 | D40: 15 | E40: 2 | F40: 35 | G40: 2 | H40: 0 | I40: 0 | J40: 4 | K40: 0 | L40: 0 | M40: 45 | N40: 0 | O40: =SUM(C40:L40,N40) -> 125 | P40: =SUM(C40:N40) -> 170
... B57: 18.45 - 19.00 | C57: 90 | D57: 50 | E57: 2 | F57: 11 | G57: 0 | H57: 0 | I57: 1 | J57: 0 | K57: 0 | L57: 0 | M57: 75 | N57: 0 | O57: =SUM(C57:L57,N57) -> 154 | P57: =SUM(C57:N57) -> 229
B58: Totals | C58: =SUM(C10:C57) -> 2624 | D58: =SUM(D10:D57) -> 555 | E58: =SUM(E10:E57) -> 147 | F58: =SUM(F10:F57) -> 1042 | G58: =SUM(G10:G57) -> 27 | H58: =SUM(H10:H57) -> 4 | I58: =SUM(I10:I57) -> 256 | J58: =SUM(J10:J57) -> 44 | ... P58: =SUM(P10:P57) -> 7104
B59: %ges + MCs | C59: =C58/$P$58 -> 0.36936937 | D59: =D58/$P$58 -> 0.078125 | E59: =E58/$P$58 -> 0.020692568 | F59: =F58/$P$58 -> 0.14667793 | G59: =G58/$P$58 -> 0.0038006757 | H59: =H58/$P$58 -> 0.00056306306 | I59: =I58/$P$58 -> 0.036036036 | J59: =J58/$P$58 -> 0.0061936937 | ... N59: =N58/$P$58 -> 0
B60: %ges w/o MCs | C60: =C58/$O$58 -> 0.55581445 | D60: =D58/$O$58 -> 0.11755984 | E60: =E58/$O$58 -> 0.031137471 | F60: =F58/$O$58 -> 0.22071595 | G60: =G58/$O$58 -> 0.0057191273 | H60: =H58/$O$58 -> 0.00084727812 | I60: =I58/$O$58 -> 0.0542258 | J60: =J58/$O$58 -> 0.0093200593 | ... L60: =L58/$O$58 -> 0.0023300148 | N60: =N58/$O$58 -> 0

Sheet 01.08 Najjeera-Kiwatule-24h
B1: Consultancy services for Preparation of Expressway Development Master Plan (EDMP) for Uganda
B2: MANUAL CLASSIFIED COUNT (MCC)
B3: ROAD NAME: | C3: ='29.07 Najjeera-Kiwatule'!C3:G3 -> MCC - C1 - STN36 - MBOGO ROAD
C5: Date | D5: 1.08.19 | F5: Location | G5: ='31.07 Kiwatule-Najjeera'!G5:H5 -> U Save Kiwatule | J5: Surveyor | K5: Anthony
C6: Dir. From | D6: ='29.07 Najjeera-Kiwatule'!D6:E6 -> Najjeera | F6: Dir. To | G6: ='29.07 Najjeera-Kiwatule'!G6:H6 -> Kiwatule | J6: Supervisor | K6: Steven & Joan
B8: Time / Veh Type | R8: SUMMARY TRAFFIC VOLUMES
C9: 1. Car | D9: 2. Station Wagon | E9: 3. Pickups | F9: 4. Minibus, matatu | G9: 5. Medium bus | H9: 6. Large Bus | I9: 7. Light Truck | J9: 8. Medium Truck | K9: 9. Heavy truck | L9: 10. Truck Trailer | M9: 11. Motor cycles | N9: 12. Tractors | O9: Total Excl M/Cycles | P9: Total All | R9: Time | S9: 1. Car | T9: 2. Station Wagon | U9: 3. Pickups | V9: 4. Minibus, matatu | W9: 5. Medium bus | X9: 6. Large Bus | Y9: 7. Light Truck | Z9: 8. Medium Truck | AA9: 9. Heavy truck | AB9: 10. Truck Trailer | AC9: 11. Motorcycles | AD9: 12. Tractors, Graders | AE9: Total Excl M/ Cycles | AF9: Total All
B10: 07.00 - 07.15 | C10: 145 | D10: 24 | E10: 15 | F10: 32 | G10: 2 | H10: 0 | I10: 1 | J10: 1 | K10: 0 | L10: 0 | M10: 119 | N10: 0 | O10: =SUM(C10:L10,N10) -> 220 | P10: =SUM(C10:N10) -> 339 | R10: 0700-0800 | S10: =SUM(C10:C13) -> 558 | T10: =SUM(D10:D13) -> 88 | U10: =SUM(E10:E13) -> 68 | V10: =SUM(F10:F13) -> 120 | W10: =SUM(G10:G13) -> 3 | X10: =SUM(H10:H13) -> 0 | Y10: =SUM(I10:I13) -> 9 | Z10: =SUM(J10:J13) -> 2 | ... AF10: =SUM(P10:P13) -> 1358
B11: 07.15 - 07.30 | C11: 143 | D11: 20 | E11: 19 | F11: 30 | G11: 0 | H11: 0 | I11: 2 | J11: 0 | K11: 0 | L11: 0 | M11: 115 | N11: 0 | O11: =SUM(C11:L11,N11) -> 214 | P11: =SUM(C11:N11) -> 329 | R11: 0800-0900 | S11: =SUM(C14:C17) -> 485 | T11: =SUM(D14:D17) -> 62 | U11: =SUM(E14:E17) -> 34 | V11: =SUM(F14:F17) -> 73 | W11: =SUM(G14:G17) -> 1 | X11: =SUM(H14:H17) -> 0 | Y11: =SUM(I14:I17) -> 16 | Z11: =SUM(J14:J17) -> 1 | ... AF11: =SUM(P14:P17) -> 1120
B12: 07.30 - 07.45 | C12: 120 | D12: 25 | E12: 20 | F12: 34 | G12: 0 | H12: 0 | I12: 4 | J12: 1 | K12: 0 | L12: 0 | M12: 149 | N12: 0 | O12: =SUM(C12:L12,N12) -> 204 | P12: =SUM(C12:N12) -> 353 | R12: 0900-1000 | S12: =SUM(C18:C21) -> 380 | T12: =SUM(D18:D21) -> 69 | U12: =SUM(E18:E21) -> 25 | V12: =SUM(F18:F21) -> 60 | W12: =SUM(G18:G21) -> 2 | X12: =SUM(H18:H21) -> 0 | Y12: =SUM(I18:I21) -> 19 | Z12: =SUM(J18:J21) -> 1 | ... AF12: =SUM(P18:P21) -> 1028
B13: 07.45 - 08.00 | C13: 150 | D13: 19 | E13: 14 | F13: 24 | G13: 1 | H13: 0 | I13: 2 | J13: 0 | K13: 0 | L13: 0 | M13: 127 | N13: 0 | O13: =SUM(C13:L13,N13) -> 210 | P13: =SUM(C13:N13) -> 337 | R13: 1000-1100 | S13: =SUM(C22:C25) -> 360 | T13: =SUM(D22:D25) -> 48 | U13: =SUM(E22:E25) -> 45 | V13: =SUM(F22:F25) -> 68 | W13: =SUM(G22:G25) -> 0 | X13: =SUM(H22:H25) -> 0 | Y13: =SUM(I22:I25) -> 15 | Z13: =SUM(J22:J25) -> 6 | ... AF13: =SUM(P22:P25) -> 883
B14: 08.00 - 08.15 | C14: 130 | D14: 14 | E14: 11 | F14: 21 | G14: 1 | H14: 0 | I14: 4 | J14: 0 | K14: 0 | L14: 0 | M14: 113 | N14: 0 | O14: =SUM(C14:L14,N14) -> 181 | P14: =SUM(C14:N14) -> 294 | R14: 1100-1200 | S14: =SUM(C26:C29) -> 338 | T14: =SUM(D26:D29) -> 48 | U14: =SUM(E26:E29) -> 23 | V14: =SUM(F26:F29) -> 55 | W14: =SUM(G26:G29) -> 0 | X14: =SUM(H26:H29) -> 0 | Y14: =SUM(I26:I29) -> 12 | Z14: =SUM(J26:J29) -> 5 | ... AF14: =SUM(P26:P29) -> 828
B15: 08.15 - 08.30 | C15: 145 | D15: 14 | E15: 5 | F15: 25 | G15: 0 | H15: 0 | I15: 4 | J15: 0 | K15: 0 | L15: 0 | M15: 107 | N15: 0 | O15: =SUM(C15:L15,N15) -> 193 | P15: =SUM(C15:N15) -> 300 | R15: 1200-1300 | S15: =SUM(C30:C33) -> 665 | T15: =SUM(D30:D33) -> 79 | U15: =SUM(E30:E33) -> 23 | V15: =SUM(F30:F33) -> 78 | W15: =SUM(G30:G33) -> 0 | X15: =SUM(H30:H33) -> 0 | Y15: =SUM(I30:I33) -> 20 | Z15: =SUM(J30:J33) -> 2 | ... AF15: =SUM(P30:P33) -> 1192
B16: 08.30 - 08.45 | C16: 95 | D16: 19 | E16: 6 | F16: 11 | G16: 0 | H16: 0 | I16: 3 | J16: 1 | K16: 0 | L16: 0 | M16: 125 | N16: 0 | O16: =SUM(C16:L16,N16) -> 135 | P16: =SUM(C16:N16) -> 260 | R16: 1300-1400 | S16: =SUM(C34:C37) -> 170 | T16: =SUM(D34:D37) -> 24 | U16: =SUM(E34:E37) -> 25 | V16: =SUM(F34:F37) -> 34 | W16: =SUM(G34:G37) -> 2 | X16: =SUM(H34:H37) -> 0 | Y16: =SUM(I34:I37) -> 25 | Z16: =SUM(J34:J37) -> 4 | ... AF16: =SUM(P34:P37) -> 514
B17: 08.45 - 9.00 | C17: 115 | D17: 15 | E17: 12 | F17: 16 | G17: 0 | H17: 0 | I17: 5 | J17: 0 | K17: 1 | L17: 0 | M17: 102 | N17: 0 | O17: =SUM(C17:L17,N17) -> 164 | P17: =SUM(C17:N17) -> 266 | R17: 1400-1500 | S17: =SUM(C38:C41) -> 195 | T17: =SUM(D38:D41) -> 25 | U17: =SUM(E38:E41) -> 22 | V17: =SUM(F38:F41) -> 52 | W17: =SUM(G38:G41) -> 2 | X17: =SUM(H38:H41) -> 0 | Y17: =SUM(I38:I41) -> 27 | Z17: =SUM(J38:J41) -> 1 | ... AF17: =SUM(P38:P41) -> 593
B18: 09.00 - 09.15 | C18: 125 | D18: 23 | E18: 7 | F18: 19 | G18: 0 | H18: 0 | I18: 6 | J18: 1 | K18: 1 | L18: 0 | M18: 112 | N18: 0 | O18: =SUM(C18:L18,N18) -> 182 | P18: =SUM(C18:N18) -> 294 | R18: 1500-1600 | S18: =SUM(C42:C45) -> 227 | T18: =SUM(D42:D45) -> 26 | U18: =SUM(E42:E45) -> 27 | V18: =SUM(F42:F45) -> 62 | W18: =SUM(G42:G45) -> 0 | X18: =SUM(H42:H45) -> 0 | Y18: =SUM(I42:I45) -> 17 | Z18: =SUM(J42:J45) -> 0 | ... AF18: =SUM(P42:P45) -> 575
B19: 09.15 - 09.30 | C19: 110 | D19: 21 | E19: 5 | F19: 15 | G19: 0 | H19: 0 | I19: 7 | J19: 0 | K19: 0 | L19: 0 | M19: 122 | N19: 0 | O19: =SUM(C19:L19,N19) -> 158 | P19: =SUM(C19:N19) -> 280 | R19: 1600-1700 | S19: =SUM(C46:C49) -> 225 | T19: =SUM(D46:D49) -> 23 | U19: =SUM(E46:E49) -> 28 | V19: =SUM(F46:F49) -> 35 | W19: =SUM(G46:G49) -> 1 | X19: =SUM(H46:H49) -> 3 | Y19: =SUM(I46:I49) -> 19 | Z19: =SUM(J46:J49) -> 2 | ... AF19: =SUM(P46:P49) -> 573
B20: 09.30 - 09.45 | C20: 80 | D20: 17 | E20: 8 | F20: 13 | G20: 0 | H20: 0 | I20: 3 | J20: 0 | K20: 0 | L20: 0 | M20: 100 | N20: 0 | O20: =SUM(C20:L20,N20) -> 121 | P20: =SUM(C20:N20) -> 221 | R20: 1700-1800 | S20: =SUM(C50:C53) -> 277 | T20: =SUM(D50:D53) -> 43 | U20: =SUM(E50:E53) -> 29 | V20: =SUM(F50:F53) -> 51 | W20: =SUM(G50:G53) -> 9 | X20: =SUM(H50:H53) -> 1 | Y20: =SUM(I50:I53) -> 20 | Z20: =SUM(J50:J53) -> 0 | ... AF20: =SUM(P50:P53) -> 776
B21: 09.45 - 10.00 | C21: 65 | D21: 8 | E21: 5 | F21: 13 | G21: 2 | H21: 0 | I21: 3 | J21: 0 | K21: 0 | L21: 0 | M21: 137 | N21: 0 | O21: =SUM(C21:L21,N21) -> 96 | P21: =SUM(C21:N21) -> 233 | R21: 1800-1900 | S21: =SUM(C54:C57) -> 150 | T21: =SUM(D54:D57) -> 27 | U21: =SUM(E54:E57) -> 18 | V21: =SUM(F54:F57) -> 42 | W21: =SUM(G54:G57) -> 2 | X21: =SUM(H54:H57) -> 0 | Y21: =SUM(I54:I57) -> 16 | Z21: =SUM(J54:J57) -> 3 | ... AF21: =SUM(P54:P57) -> 626
B22: 10.00 - 10.15 | C22: 85 | D22: 9 | E22: 14 | F22: 19 | G22: 0 | H22: 0 | I22: 2 | J22: 0 | K22: 0 | L22: 0 | M22: 110 | N22: 0 | O22: =SUM(C22:L22,N22) -> 129 | P22: =SUM(C22:N22) -> 239 | R22: 1900-2000 | S22: =SUM(C58:C61) -> 147 | T22: =SUM(D58:D61) -> 17 | U22: =SUM(E58:E61) -> 18 | V22: =SUM(F58:F61) -> 49 | W22: =SUM(G58:G61) -> 1 | X22: =SUM(H58:H61) -> 0 | Y22: =SUM(I58:I61) -> 5 | Z22: =SUM(J58:J61) -> 1 | ... AF22: =SUM(P58:P61) -> 656
B23: 10.15 - 10.30 | C23: 115 | D23: 16 | E23: 7 | F23: 16 | G23: 0 | H23: 0 | I23: 5 | J23: 1 | K23: 1 | L23: 0 | M23: 65 | N23: 0 | O23: =SUM(C23:L23,N23) -> 161 | P23: =SUM(C23:N23) -> 226 | R23: 2000-2100 | S23: =SUM(C62:C65) -> 111 | T23: =SUM(D62:D65) -> 15 | U23: =SUM(E62:E65) -> 6 | V23: =SUM(F62:F65) -> 21 | W23: =SUM(G62:G65) -> 0 | X23: =SUM(H62:H65) -> 0 | Y23: =SUM(I62:I65) -> 8 | Z23: =SUM(J62:J65) -> 0 | ... AF23: =SUM(P62:P65) -> 662
B24: 10.30 - 10.45 | C24: 65 | D24: 15 | E24: 16 | F24: 16 | G24: 0 | H24: 0 | I24: 5 | J24: 3 | K24: 0 | L24: 0 | M24: 67 | N24: 0 | O24: =SUM(C24:L24,N24) -> 120 | P24: =SUM(C24:N24) -> 187 | R24: 2100-2200 | S24: =SUM(C66:C69) -> 101 | T24: =SUM(D66:D69) -> 13 | U24: =SUM(E66:E69) -> 2 | V24: =SUM(F66:F69) -> 27 | W24: =SUM(G66:G69) -> 0 | X24: =SUM(H66:H69) -> 0 | Y24: =SUM(I66:I69) -> 9 | Z24: =SUM(J66:J69) -> 1 | ... AF24: =SUM(P66:P69) -> 473
B25: 10.45 - 11.00 | C25: 95 | D25: 8 | E25: 8 | F25: 17 | G25: 0 | H25: 0 | I25: 3 | J25: 2 | K25: 1 | L25: 0 | M25: 97 | N25: 0 | O25: =SUM(C25:L25,N25) -> 134 | P25: =SUM(C25:N25) -> 231 | R25: 2200-2300 | S25: =SUM(C70:C73) -> 122 | T25: =SUM(D70:D73) -> 12 | U25: =SUM(E70:E73) -> 5 | V25: =SUM(F70:F73) -> 39 | W25: =SUM(G70:G73) -> 0 | X25: =SUM(H70:H73) -> 0 | Y25: =SUM(I70:I73) -> 6 | Z25: =SUM(J70:J73) -> 0 | ... AF25: =SUM(P70:P73) -> 516
B26: 11.00 - 11.15 | C26: 95 | D26: 18 | E26: 6 | F26: 19 | G26: 0 | H26: 0 | I26: 3 | J26: 2 | K26: 0 | L26: 0 | M26: 75 | N26: 0 | O26: =SUM(C26:L26,N26) -> 143 | P26: =SUM(C26:N26) -> 218 | R26: 2300-0000 | S26: =SUM(C74:C77) -> 110 | T26: =SUM(D74:D77) -> 9 | U26: =SUM(E74:E77) -> 12 | V26: =SUM(F74:F77) -> 26 | W26: =SUM(G74:G77) -> 0 | X26: =SUM(H74:H77) -> 0 | Y26: =SUM(I74:I77) -> 2 | Z26: =SUM(J74:J77) -> 0 | ... AF26: =SUM(P74:P77) -> 383
B27: 11.15 - 11.30 | C27: 85 | D27: 9 | E27: 2 | F27: 12 | G27: 0 | H27: 0 | I27: 2 | J27: 1 | K27: 1 | L27: 0 | M27: 92 | N27: 0 | O27: =SUM(C27:L27,N27) -> 112 | P27: =SUM(C27:N27) -> 204 | R27: 0000-0100 | S27: =SUM(C78:C81) -> 94 | T27: =SUM(D78:D81) -> 6 | U27: =SUM(E78:E81) -> 5 | V27: =SUM(F78:F81) -> 7 | W27: =SUM(G78:G81) -> 0 | X27: =SUM(H78:H81) -> 0 | Y27: =SUM(I78:I81) -> 3 | Z27: =SUM(J78:J81) -> 1 | ... AF27: =SUM(P78:P81) -> 218
B28: 11.30 - 11.45 | C28: 90 | D28: 12 | E28: 7 | F28: 11 | G28: 0 | H28: 0 | I28: 4 | J28: 1 | K28: 2 | L28: 0 | M28: 77 | N28: 0 | O28: =SUM(C28:L28,N28) -> 127 | P28: =SUM(C28:N28) -> 204 | R28: 0100-0200 | S28: =SUM(C82:C85) -> 38 | T28: =SUM(D82:D85) -> 0 | U28: =SUM(E82:E85) -> 0 | V28: =SUM(F82:F85) -> 0 | W28: =SUM(G82:G85) -> 0 | X28: =SUM(H82:H85) -> 0 | Y28: =SUM(I82:I85) -> 2 | Z28: =SUM(J82:J85) -> 0 | ... AF28: =SUM(P82:P85) -> 108
B29: 11.45 - 12.00 | C29: 68 | D29: 9 | E29: 8 | F29: 13 | G29: 0 | H29: 0 | I29: 3 | J29: 1 | K29: 0 | L29: 0 | M29: 100 | N29: 0 | O29: =SUM(C29:L29,N29) -> 102 | P29: =SUM(C29:N29) -> 202 | R29: 0200-0300 | S29: =SUM(C86:C89) -> 36 | T29: =SUM(D86:D89) -> 8 | U29: =SUM(E86:E89) -> 0 | V29: =SUM(F86:F89) -> 2 | W29: =SUM(G86:G89) -> 0 | X29: =SUM(H86:H89) -> 0 | Y29: =SUM(I86:I89) -> 1 | Z29: =SUM(J86:J89) -> 0 | ... AF29: =SUM(P86:P89) -> 80
B30: 12.00 - 12.15 | C30: 200 | D30: 22 | E30: 10 | F30: 20 | G30: 0 | H30: 0 | I30: 7 | J30: 0 | K30: 0 | L30: 0 | M30: 85 | N30: 0 | O30: =SUM(C30:L30,N30) -> 259 | P30: =SUM(C30:N30) -> 344 | R30: 0300-0400 | S30: =SUM(C90:C93) -> 31 | T30: =SUM(D90:D93) -> 9 | U30: =SUM(E90:E93) -> 1 | V30: =SUM(F90:F93) -> 0 | W30: =SUM(G90:G93) -> 0 | X30: =SUM(H90:H93) -> 0 | Y30: =SUM(I90:I93) -> 0 | Z30: =SUM(J90:J93) -> 1 | ... AF30: =SUM(P90:P93) -> 87
B31: 12.15 - 12.30 | C31: 160 | D31: 15 | E31: 5 | F31: 27 | G31: 0 | H31: 0 | I31: 5 | J31: 1 | K31: 0 | L31: 0 | M31: 76 | N31: 0 | O31: =SUM(C31:L31,N31) -> 213 | P31: =SUM(C31:N31) -> 289 | R31: 0400-0500 | S31: =SUM(C94:C97) -> 54 | T31: =SUM(D94:D97) -> 9 | U31: =SUM(E94:E97) -> 2 | V31: =SUM(F94:F97) -> 7 | W31: =SUM(G94:G97) -> 0 | X31: =SUM(H94:H97) -> 0 | Y31: =SUM(I94:I97) -> 1 | Z31: =SUM(J94:J97) -> 1 | ... AF31: =SUM(P94:P97) -> 117
B32: 12.30 - 12.45 | C32: 190 | D32: 15 | E32: 5 | F32: 20 | G32: 0 | H32: 0 | I32: 5 | J32: 0 | K32: 0 | L32: 0 | M32: 84 | N32: 0 | O32: =SUM(C32:L32,N32) -> 235 | P32: =SUM(C32:N32) -> 319 | R32: 0500-0600 | S32: =SUM(C98:C101) -> 161 | T32: =SUM(D98:D101) -> 24 | U32: =SUM(E98:E101) -> 8 | V32: =SUM(F98:F101) -> 33 | W32: =SUM(G98:G101) -> 13 | X32: =SUM(H98:H101) -> 0 | Y32: =SUM(I98:I101) -> 6 | Z32: =SUM(J98:J101) -> 0 | ... AF32: =SUM(P98:P101) -> 343
B33: 12.45 - 13.00 | C33: 115 | D33: 27 | E33: 3 | F33: 11 | G33: 0 | H33: 0 | I33: 3 | J33: 1 | K33: 0 | L33: 0 | M33: 80 | N33: 0 | O33: =SUM(C33:L33,N33) -> 160 | P33: =SUM(C33:N33) -> 240 | R33: 0600-0700 | S33: =SUM(C102:C105) -> 545 | T33: =SUM(D102:D105) -> 52 | U33: =SUM(E102:E105) -> 15 | V33: =SUM(F102:F105) -> 43 | W33: =SUM(G102:G105) -> 2 | X33: =SUM(H102:H105) -> 0 | Y33: =SUM(I102:I105) -> 5 | Z33: =SUM(J102:J105) -> 1 | ... AF33: =SUM(P102:P105) -> 841
B34: 13.00 - 13.15 | C34: 50 | D34: 7 | E34: 4 | F34: 10 | G34: 0 | H34: 0 | I34: 7 | J34: 0 | K34: 0 | L34: 0 | M34: 84 | N34: 0 | O34: =SUM(C34:L34,N34) -> 78 | P34: =SUM(C34:N34) -> 162 | R34: AM Peak Hr | S34: =MAX(S10:S12) -> 558 | T34: =MAX(T10:T12) -> 88 | U34: =MAX(U10:U12) -> 68 | V34: =MAX(V10:V12) -> 120 | W34: =MAX(W10:W12) -> 3 | X34: =MAX(X10:X12) -> 0 | Y34: =MAX(Y10:Y12) -> 19 | Z34: =MAX(Z10:Z12) -> 2 | ... AF34: =MAX(AF10:AF12) -> 1358
B35: 13.15 - 13.30 | C35: 32 | D35: 6 | E35: 7 | F35: 9 | G35: 0 | H35: 0 | I35: 7 | J35: 4 | K35: 0 | L35: 0 | M35: 33 | N35: 0 | O35: =SUM(C35:L35,N35) -> 65 | P35: =SUM(C35:N35) -> 98 | R35: IP Peak Hr | S35: =MAX(S13:S18) -> 665 | T35: =MAX(T13:T18) -> 79 | U35: =MAX(U13:U18) -> 45 | V35: =MAX(V13:V18) -> 78 | W35: =MAX(W13:W18) -> 2 | X35: =MAX(X13:X18) -> 0 | Y35: =MAX(Y13:Y18) -> 27 | Z35: =MAX(Z13:Z18) -> 6 | ... AF35: =MAX(AF13:AF18) -> 1192
B36: 13.30 - 13.45 | C36: 41 | D36: 6 | E36: 5 | F36: 7 | G36: 1 | H36: 0 | I36: 4 | J36: 0 | K36: 2 | L36: 0 | M36: 58 | N36: 0 | O36: =SUM(C36:L36,N36) -> 66 | P36: =SUM(C36:N36) -> 124 | R36: PM Peak Hr | S36: =MAX(S19:S21) -> 277 | T36: =MAX(T19:T21) -> 43 | U36: =MAX(U19:U21) -> 29 | V36: =MAX(V19:V21) -> 51 | W36: =MAX(W19:W21) -> 9 | X36: =MAX(X19:X21) -> 3 | Y36: =MAX(Y19:Y21) -> 20 | Z36: =MAX(Z19:Z21) -> 3 | ... AF36: =MAX(AF19:AF21) -> 776
B37: 13.45 - 14.00 | C37: 47 | D37: 5 | E37: 9 | F37: 8 | G37: 1 | H37: 0 | I37: 7 | J37: 0 | K37: 0 | L37: 0 | M37: 53 | N37: 0 | O37: =SUM(C37:L37,N37) -> 77 | P37: =SUM(C37:N37) -> 130 | R37: AM Period | S37: =SUM(S10:S12) -> 1423 | T37: =SUM(T10:T12) -> 219 | U37: =SUM(U10:U12) -> 127 | V37: =SUM(V10:V12) -> 253 | W37: =SUM(W10:W12) -> 6 | X37: =SUM(X10:X12) -> 0 | Y37: =SUM(Y10:Y12) -> 44 | Z37: =SUM(Z10:Z12) -> 4 | ... AF37: =SUM(AF10:AF12) -> 3506
B38: 14.00 - 14.15 | C38: 55 | D38: 6 | E38: 5 | F38: 9 | G38: 0 | H38: 0 | I38: 6 | J38: 0 | K38: 0 | L38: 0 | M38: 50 | N38: 0 | O38: =SUM(C38:L38,N38) -> 81 | P38: =SUM(C38:N38) -> 131 | R38: IP Period | S38: =SUM(S13:S18) -> 1955 | T38: =SUM(T13:T18) -> 250 | U38: =SUM(U13:U18) -> 165 | V38: =SUM(V13:V18) -> 349 | W38: =SUM(W13:W18) -> 4 | X38: =SUM(X13:X18) -> 0 | Y38: =SUM(Y13:Y18) -> 116 | Z38: =SUM(Z13:Z18) -> 18 | ... AF38: =SUM(AF13:AF18) -> 4585
B39: 14.15 - 14.30 | C39: 45 | D39: 5 | E39: 9 | F39: 13 | G39: 1 | H39: 0 | I39: 1 | J39: 0 | K39: 0 | L39: 1 | M39: 88 | N39: 0 | O39: =SUM(C39:L39,N39) -> 75 | P39: =SUM(C39:N39) -> 163 | R39: PM Period | S39: =SUM(S19:S21) -> 652 | T39: =SUM(T19:T21) -> 93 | U39: =SUM(U19:U21) -> 75 | V39: =SUM(V19:V21) -> 128 | W39: =SUM(W19:W21) -> 12 | X39: =SUM(X19:X21) -> 4 | Y39: =SUM(Y19:Y21) -> 55 | Z39: =SUM(Z19:Z21) -> 5 | ... AF39: =SUM(AF19:AF21) -> 1975
B40: 14.30 - 14.45 | C40: 45 | D40: 4 | E40: 5 | F40: 16 | G40: 0 | H40: 0 | I40: 10 | J40: 0 | K40: 0 | L40: 0 | M40: 68 | N40: 0 | O40: =SUM(C40:L40,N40) -> 80 | P40: =SUM(C40:N40) -> 148 | R40: 12 Hours | S40: =SUM(S10:S21) -> 4030 | T40: =SUM(T10:T21) -> 562 | U40: =SUM(U10:U21) -> 367 | V40: =SUM(V10:V21) -> 730 | W40: =SUM(W10:W21) -> 22 | X40: =SUM(X10:X21) -> 4 | Y40: =SUM(Y10:Y21) -> 215 | Z40: =SUM(Z10:Z21) -> 27 | ... AF40: =SUM(AF10:AF21) -> 10066
B41: 14.45 - 15.00 | C41: 50 | D41: 10 | E41: 3 | F41: 14 | G41: 1 | H41: 0 | I41: 10 | J41: 1 | K41: 1 | L41: 1 | M41: 60 | N41: 0 | O41: =SUM(C41:L41,N41) -> 91 | P41: =SUM(C41:N41) -> 151 | R41: 24 Hrs/ADT | S41: =SUM(S10:S33) -> 5580 | T41: =SUM(T10:T33) -> 736 | U41: =SUM(U10:U33) -> 441 | V41: =SUM(V10:V33) -> 984 | W41: =SUM(W10:W33) -> 38 | X41: =SUM(X10:X33) -> 4 | Y41: =SUM(Y10:Y33) -> 263 | Z41: =SUM(Z10:Z33) -> 33 | ... AF41: =SUM(AF10:AF33) -> 14550
B42: 15.00 - 15.15 | C42: 58 | D42: 9 | E42: 4 | F42: 12 | G42: 0 | H42: 0 | I42: 7 | J42: 0 | K42: 1 | L42: 0 | M42: 40 | N42: 0 | O42: =SUM(C42:L42,N42) -> 91 | P42: =SUM(C42:N42) -> 131 | R42: NEF | S42: =S41/S40 -> 1.3846154 | T42: =T41/T40 -> 1.3096085 | U42: =U41/U40 -> 1.2016349 | V42: =V41/V40 -> 1.3479452 | W42: =W41/W40 -> 1.7272727 | X42: =X41/X40 -> 1 | Y42: =Y41/Y40 -> 1.2232558 | Z42: =Z41/Z40 -> 1.2222222 | ... AF42: =AF41/AF40 -> 1.44546
B43: 15.15 - 15.30 | C43: 59 | D43: 8 | E43: 8 | F43: 18 | G43: 0 | H43: 0 | I43: 3 | J43: 0 | K43: 0 | L43: 0 | M43: 50 | N43: 0 | O43: =SUM(C43:L43,N43) -> 96 | P43: =SUM(C43:N43) -> 146
B44: 15.30 - 15.45 | C44: 45 | D44: 2 | E44: 6 | F44: 12 | G44: 0 | H44: 0 | I44: 4 | J44: 0 | K44: 1 | L44: 0 | M44: 72 | N44: 0 | O44: =SUM(C44:L44,N44) -> 70 | P44: =SUM(C44:N44) -> 142
B45: 15.45 - 16.00 | C45: 65 | D45: 7 | E45: 9 | F45: 20 | G45: 0 | H45: 0 | I45: 3 | J45: 0 | K45: 0 | L45: 0 | M45: 51 | N45: 1 | O45: =SUM(C45:L45,N45) -> 105 | P45: =SUM(C45:N45) -> 156
B46: 16.00 - 16.15 | C46: 46 | D46: 8 | E46: 6 | F46: 8 | G46: 0 | H46: 0 | I46: 2 | J46: 0 | K46: 3 | L46: 0 | M46: 53 | N46: 0 | O46: =SUM(C46:L46,N46) -> 73 | P46: =SUM(C46:N46) -> 126
B47: 16.15 -16.30 | C47: 72 | D47: 6 | E47: 7 | F47: 11 | G47: 0 | H47: 1 | I47: 3 | J47: 2 | K47: 0 | L47: 0 | M47: 57 | N47: 0 | O47: =SUM(C47:L47,N47) -> 102 | P47: =SUM(C47:N47) -> 159
B48: 16.30 -16.45 | C48: 57 | D48: 2 | E48: 10 | F48: 10 | G48: 0 | H48: 0 | I48: 4 | J48: 0 | K48: 0 | L48: 0 | M48: 55 | N48: 0 | O48: =SUM(C48:L48,N48) -> 83 | P48: =SUM(C48:N48) -> 138
B49: 16.45 -17.00 | C49: 50 | D49: 7 | E49: 5 | F49: 6 | G49: 1 | H49: 2 | I49: 10 | J49: 0 | K49: 1 | L49: 0 | M49: 68 | N49: 0 | O49: =SUM(C49:L49,N49) -> 82 | P49: =SUM(C49:N49) -> 150
B50: 17.00 -17.15 | C50: 115 | D50: 16 | E50: 7 | F50: 12 | G50: 2 | H50: 1 | I50: 3 | J50: 0 | K50: 0 | L50: 0 | M50: 80 | N50: 0 | O50: =SUM(C50:L50,N50) -> 156 | P50: =SUM(C50:N50) -> 236
B51: 17.15 -17.30 | C51: 54 | D51: 17 | E51: 8 | F51: 16 | G51: 5 | H51: 0 | I51: 4 | J51: 0 | K51: 2 | L51: 0 | M51: 102 | N51: 0 | O51: =SUM(C51:L51,N51) -> 106 | P51: =SUM(C51:N51) -> 208
B52: 17.30 -17.45 | C52: 50 | D52: 6 | E52: 9 | F52: 14 | G52: 1 | H52: 0 | I52: 6 | J52: 0 | K52: 1 | L52: 0 | M52: 90 | N52: 0 | O52: =SUM(C52:L52,N52) -> 87 | P52: =SUM(C52:N52) -> 177
B53: 17.45 -18.00 | C53: 58 | D53: 4 | E53: 5 | F53: 9 | G53: 1 | H53: 0 | I53: 7 | J53: 0 | K53: 0 | L53: 0 | M53: 71 | N53: 0 | O53: =SUM(C53:L53,N53) -> 84 | P53: =SUM(C53:N53) -> 155
B54: 18.00 - 18.15 | C54: 32 | D54: 9 | E54: 2 | F54: 12 | G54: 0 | H54: 0 | I54: 0 | J54: 0 | K54: 0 | L54: 0 | M54: 87 | N54: 0 | O54: =SUM(C54:L54,N54) -> 55 | P54: =SUM(C54:N54) -> 142
... B105: 06.45 - 07.00 | C105: 150 | D105: 13 | E105: 7 | F105: 15 | G105: 1 | H105: 0 | I105: 1 | J105: 1 | K105: 0 | L105: 0 | M105: 60 | N105: 0 | O105: =SUM(C105:L105,N105) -> 188 | P105: =SUM(C105:N105) -> 248
B106: Totals | C106: =SUM(C10:C105) -> 5580 | D106: =SUM(D10:D105) -> 736 | E106: =SUM(E10:E105) -> 441 | F106: =SUM(F10:F105) -> 984 | G106: =SUM(G10:G105) -> 38 | H106: =SUM(H10:H105) -> 4 | I106: =SUM(I10:I105) -> 263 | J106: =SUM(J10:J105) -> 33 | ... P106: =SUM(P10:P105) -> 14550
B107: %ges + MCs | C107: =C106/$P$106 -> 0.38350515 | D107: =D106/$P$106 -> 0.050584192 | E107: =E106/$P$106 -> 0.030309278 | F107: =F106/$P$106 -> 0.067628866 | G107: =G106/$P$106 -> 0.0026116838 | H107: =H106/$P$106 -> 0.00027491409 | I107: =I106/$P$106 -> 0.018075601 | J107: =J106/$P$106 -> 0.0022680412 | ... N107: =N106/$P$106 -> 0.00013745704
B108: %ges w/o MCs | C108: =C106/$O$106 -> 0.68837898 | D108: =D106/$O$106 -> 0.090796941 | E108: =E106/$O$106 -> 0.054404145 | F108: =F106/$O$106 -> 0.12139156 | G108: =G106/$O$106 -> 0.0046878855 | H108: =H106/$O$106 -> 0.00049346163 | I108: =I106/$O$106 -> 0.032445102 | J108: =J106/$O$106 -> 0.0040710585 | ... L108: =L106/$O$106 -> 0.00037009623 | N108: =N106/$O$106 -> 0.00024673082

Sheet 01.08 Kiwatule-Najjeera-24h
B1: Consultancy services for Preparation of Expressway Development Master Plan (EDMP) for Uganda
B2: MANUAL CLASSIFIED COUNT (MCC)
B3: ROAD NAME: | C3: ='29.07 Najjeera-Kiwatule'!C3:G3 -> MCC - C1 - STN36 - MBOGO ROAD
C5: Date | D5: ='01.08 Najjeera-Kiwatule-24h'!D5 -> 1.08.19 | F5: Location | G5: ='01.08 Najjeera-Kiwatule-24h'!G5:H5 -> U Save Kiwatule | J5: Surveyor | K5: Beteth
C6: Dir. From | D6: ='29.07 Kiwatule-Najjeera'!D6:E6 -> Kiwatule | F6: Dir. To | G6: ='02.08 Kiwatule-Najjeera'!G6:H6 -> Najjeera | J6: Supervisor | K6: ='01.08 Najjeera-Kiwatule-24h'!K6:L6 -> Steven & Joan
B8: Time / Veh Type | R8: SUMMARY TRAFFIC VOLUMES
C9: 1. Car | D9: 2. Station Wagon | E9: 3. Pickups | F9: 4. Minibus, matatu | G9: 5. Medium bus | H9: 6. Large Bus | I9: 7. Light Truck | J9: 8. Medium Truck | K9: 9. Heavy truck | L9: 10. Truck Trailer | M9: 11. Motor cycles | N9: 12. Tractors | O9: Total Excl M/Cycles | P9: Total All | R9: Time | S9: 1. Car | T9: 2. Station Wagon | U9: 3. Pickups | V9: 4. Minibus, matatu | W9: 5. Medium bus | X9: 6. Large Bus | Y9: 7. Light Truck | Z9: 8. Medium Truck | AA9: 9. Heavy truck | AB9: 10. Truck Trailer | AC9: 11. Motorcycles | AD9: 12. Tractors, Graders | AE9: Total Excl M/ Cycles | AF9: Total All
B10: 07.00 - 07.15 | C10: 39 | D10: 10 | E10: 3 | F10: 26 | G10: 0 | H10: 0 | I10: 3 | J10: 0 | K10: 0 | L10: 0 | M10: 25 | N10: 0 | O10: =SUM(C10:L10,N10) -> 81 | P10: =SUM(C10:N10) -> 106 | R10: 0700-0800 | S10: =SUM(C10:C13) -> 155 | T10: =SUM(D10:D13) -> 30 | U10: =SUM(E10:E13) -> 19 | V10: =SUM(F10:F13) -> 89 | W10: =SUM(G10:G13) -> 3 | X10: =SUM(H10:H13) -> 0 | Y10: =SUM(I10:I13) -> 11 | Z10: =SUM(J10:J13) -> 1 | ... AF10: =SUM(P10:P13) -> 445
B11: 07.15 - 07.30 | C11: 46 | D11: 8 | E11: 6 | F11: 19 | G11: 2 | H11: 0 | I11: 3 | J11: 1 | K11: 0 | L11: 0 | M11: 50 | N11: 0 | O11: =SUM(C11:L11,N11) -> 85 | P11: =SUM(C11:N11) -> 135 | R11: 0800-0900 | S11: =SUM(C14:C17) -> 134 | T11: =SUM(D14:D17) -> 22 | U11: =SUM(E14:E17) -> 13 | V11: =SUM(F14:F17) -> 77 | W11: =SUM(G14:G17) -> 0 | X11: =SUM(H14:H17) -> 0 | Y11: =SUM(I14:I17) -> 7 | Z11: =SUM(J14:J17) -> 2 | ... AF11: =SUM(P14:P17) -> 416
B12: 07.30 - 07.45 | C12: 31 | D12: 7 | E12: 3 | F12: 23 | G12: 0 | H12: 0 | I12: 2 | J12: 0 | K12: 0 | L12: 0 | M12: 26 | N12: 0 | O12: =SUM(C12:L12,N12) -> 66 | P12: =SUM(C12:N12) -> 92 | R12: 0900-1000 | S12: =SUM(C18:C21) -> 121 | T12: =SUM(D18:D21) -> 17 | U12: =SUM(E18:E21) -> 9 | V12: =SUM(F18:F21) -> 87 | W12: =SUM(G18:G21) -> 3 | X12: =SUM(H18:H21) -> 0 | Y12: =SUM(I18:I21) -> 14 | Z12: =SUM(J18:J21) -> 2 | ... AF12: =SUM(P18:P21) -> 491
B13: 07.45 - 08.00 | C13: 39 | D13: 5 | E13: 7 | F13: 21 | G13: 1 | H13: 0 | I13: 3 | J13: 0 | K13: 1 | L13: 0 | M13: 35 | N13: 0 | O13: =SUM(C13:L13,N13) -> 77 | P13: =SUM(C13:N13) -> 112 | R13: 1000-1100 | S13: =SUM(C22:C25) -> 116 | T13: =SUM(D22:D25) -> 15 | U13: =SUM(E22:E25) -> 6 | V13: =SUM(F22:F25) -> 73 | W13: =SUM(G22:G25) -> 1 | X13: =SUM(H22:H25) -> 0 | Y13: =SUM(I22:I25) -> 20 | Z13: =SUM(J22:J25) -> 5 | ... AF13: =SUM(P22:P25) -> 416
B14: 08.00 - 08.15 | C14: 31 | D14: 6 | E14: 1 | F14: 16 | G14: 0 | H14: 0 | I14: 1 | J14: 1 | K14: 0 | L14: 0 | M14: 35 | N14: 0 | O14: =SUM(C14:L14,N14) -> 56 | P14: =SUM(C14:N14) -> 91 | R14: 1100-1200 | S14: =SUM(C26:C29) -> 164 | T14: =SUM(D26:D29) -> 31 | U14: =SUM(E26:E29) -> 17 | V14: =SUM(F26:F29) -> 102 | W14: =SUM(G26:G29) -> 1 | X14: =SUM(H26:H29) -> 0 | Y14: =SUM(I26:I29) -> 32 | Z14: =SUM(J26:J29) -> 6 | ... AF14: =SUM(P26:P29) -> 564
B15: 08.15 - 08.30 | C15: 33 | D15: 6 | E15: 5 | F15: 20 | G15: 0 | H15: 0 | I15: 1 | J15: 0 | K15: 0 | L15: 0 | M15: 45 | N15: 0 | O15: =SUM(C15:L15,N15) -> 65 | P15: =SUM(C15:N15) -> 110 | R15: 1200-1300 | S15: =SUM(C30:C33) -> 168 | T15: =SUM(D30:D33) -> 23 | U15: =SUM(E30:E33) -> 10 | V15: =SUM(F30:F33) -> 61 | W15: =SUM(G30:G33) -> 6 | X15: =SUM(H30:H33) -> 0 | Y15: =SUM(I30:I33) -> 22 | Z15: =SUM(J30:J33) -> 1 | ... AF15: =SUM(P30:P33) -> 435
B16: 08.30 - 08.45 | C16: 40 | D16: 5 | E16: 5 | F16: 26 | G16: 0 | H16: 0 | I16: 3 | J16: 1 | K16: 0 | L16: 0 | M16: 40 | N16: 0 | O16: =SUM(C16:L16,N16) -> 80 | P16: =SUM(C16:N16) -> 120 | R16: 1300-1400 | S16: =SUM(C34:C37) -> 143 | T16: =SUM(D34:D37) -> 17 | U16: =SUM(E34:E37) -> 10 | V16: =SUM(F34:F37) -> 63 | W16: =SUM(G34:G37) -> 1 | X16: =SUM(H34:H37) -> 0 | Y16: =SUM(I34:I37) -> 36 | Z16: =SUM(J34:J37) -> 1 | ... AF16: =SUM(P34:P37) -> 419
B17: 08.45 - 9.00 | C17: 30 | D17: 5 | E17: 2 | F17: 15 | G17: 0 | H17: 0 | I17: 2 | J17: 0 | K17: 1 | L17: 0 | M17: 40 | N17: 0 | O17: =SUM(C17:L17,N17) -> 55 | P17: =SUM(C17:N17) -> 95 | R17: 1400-1500 | S17: =SUM(C38:C41) -> 154 | T17: =SUM(D38:D41) -> 22 | U17: =SUM(E38:E41) -> 13 | V17: =SUM(F38:F41) -> 71 | W17: =SUM(G38:G41) -> 1 | X17: =SUM(H38:H41) -> 0 | Y17: =SUM(I38:I41) -> 22 | Z17: =SUM(J38:J41) -> 2 | ... AF17: =SUM(P38:P41) -> 373
B18: 09.00 - 09.15 | C18: 26 | D18: 3 | E18: 4 | F18: 10 | G18: 1 | H18: 0 | I18: 4 | J18: 1 | K18: 0 | L18: 0 | M18: 65 | N18: 0 | O18: =SUM(C18:L18,N18) -> 49 | P18: =SUM(C18:N18) -> 114 | R18: 1500-1600 | S18: =SUM(C42:C45) -> 255 | T18: =SUM(D42:D45) -> 35 | U18: =SUM(E42:E45) -> 20 | V18: =SUM(F42:F45) -> 44 | W18: =SUM(G42:G45) -> 2 | X18: =SUM(H42:H45) -> 0 | Y18: =SUM(I42:I45) -> 24 | Z18: =SUM(J42:J45) -> 0 | ... AF18: =SUM(P42:P45) -> 551
B19: 09.15 - 09.30 | C19: 35 | D19: 3 | E19: 3 | F19: 33 | G19: 0 | H19: 0 | I19: 4 | J19: 0 | K19: 0 | L19: 0 | M19: 73 | N19: 0 | O19: =SUM(C19:L19,N19) -> 78 | P19: =SUM(C19:N19) -> 151 | R19: 1600-1700 | S19: =SUM(C46:C49) -> 465 | T19: =SUM(D46:D49) -> 68 | U19: =SUM(E46:E49) -> 19 | V19: =SUM(F46:F49) -> 34 | W19: =SUM(G46:G49) -> 1 | X19: =SUM(H46:H49) -> 0 | Y19: =SUM(I46:I49) -> 16 | Z19: =SUM(J46:J49) -> 1 | ... AF19: =SUM(P46:P49) -> 745
B20: 09.30 - 09.45 | C20: 20 | D20: 3 | E20: 0 | F20: 23 | G20: 0 | H20: 0 | I20: 5 | J20: 1 | K20: 0 | L20: 0 | M20: 50 | N20: 0 | O20: =SUM(C20:L20,N20) -> 52 | P20: =SUM(C20:N20) -> 102 | R20: 1700-1800 | S20: =SUM(C50:C53) -> 460 | T20: =SUM(D50:D53) -> 65 | U20: =SUM(E50:E53) -> 22 | V20: =SUM(F50:F53) -> 42 | W20: =SUM(G50:G53) -> 4 | X20: =SUM(H50:H53) -> 0 | Y20: =SUM(I50:I53) -> 14 | Z20: =SUM(J50:J53) -> 1 | ... AF20: =SUM(P50:P53) -> 793
B21: 09.45 - 10.00 | C21: 40 | D21: 8 | E21: 2 | F21: 21 | G21: 2 | H21: 0 | I21: 1 | J21: 0 | K21: 0 | L21: 0 | M21: 50 | N21: 0 | O21: =SUM(C21:L21,N21) -> 74 | P21: =SUM(C21:N21) -> 124 | R21: 1800-1900 | S21: =SUM(C54:C57) -> 445 | T21: =SUM(D54:D57) -> 79 | U21: =SUM(E54:E57) -> 26 | V21: =SUM(F54:F57) -> 58 | W21: =SUM(G54:G57) -> 6 | X21: =SUM(H54:H57) -> 2 | Y21: =SUM(I54:I57) -> 23 | Z21: =SUM(J54:J57) -> 2 | ... AF21: =SUM(P54:P57) -> 869
B22: 10.00 - 10.15 | C22: 35 | D22: 4 | E22: 2 | F22: 19 | G22: 0 | H22: 0 | I22: 3 | J22: 1 | K22: 1 | L22: 0 | M22: 40 | N22: 0 | O22: =SUM(C22:L22,N22) -> 65 | P22: =SUM(C22:N22) -> 105 | R22: 1900-2000 | S22: =SUM(C58:C61) -> 430 | T22: =SUM(D58:D61) -> 76 | U22: =SUM(E58:E61) -> 11 | V22: =SUM(F58:F61) -> 60 | W22: =SUM(G58:G61) -> 1 | X22: =SUM(H58:H61) -> 0 | Y22: =SUM(I58:I61) -> 10 | Z22: =SUM(J58:J61) -> 1 | ... AF22: =SUM(P58:P61) -> 739
B23: 10.15 - 10.30 | C23: 20 | D23: 3 | E23: 1 | F23: 12 | G23: 0 | H23: 0 | I23: 5 | J23: 0 | K23: 0 | L23: 0 | M23: 30 | N23: 0 | O23: =SUM(C23:L23,N23) -> 41 | P23: =SUM(C23:N23) -> 71 | R23: 2000-2100 | S23: =SUM(C62:C65) -> 504 | T23: =SUM(D62:D65) -> 57 | U23: =SUM(E62:E65) -> 18 | V23: =SUM(F62:F65) -> 59 | W23: =SUM(G62:G65) -> 0 | X23: =SUM(H62:H65) -> 0 | Y23: =SUM(I62:I65) -> 9 | Z23: =SUM(J62:J65) -> 0 | ... AF23: =SUM(P62:P65) -> 853
B24: 10.30 - 10.45 | C24: 28 | D24: 5 | E24: 1 | F24: 22 | G24: 1 | H24: 0 | I24: 5 | J24: 2 | K24: 0 | L24: 0 | M24: 64 | N24: 0 | O24: =SUM(C24:L24,N24) -> 64 | P24: =SUM(C24:N24) -> 128 | R24: 2100-2200 | S24: =SUM(C66:C69) -> 570 | T24: =SUM(D66:D69) -> 56 | U24: =SUM(E66:E69) -> 28 | V24: =SUM(F66:F69) -> 48 | W24: =SUM(G66:G69) -> 0 | X24: =SUM(H66:H69) -> 0 | Y24: =SUM(I66:I69) -> 8 | Z24: =SUM(J66:J69) -> 0 | ... AF24: =SUM(P66:P69) -> 819
B25: 10.45 - 11.00 | C25: 33 | D25: 3 | E25: 2 | F25: 20 | G25: 0 | H25: 0 | I25: 7 | J25: 2 | K25: 0 | L25: 0 | M25: 45 | N25: 0 | O25: =SUM(C25:L25,N25) -> 67 | P25: =SUM(C25:N25) -> 112 | R25: 2200-2300 | S25: =SUM(C70:C73) -> 543 | T25: =SUM(D70:D73) -> 50 | U25: =SUM(E70:E73) -> 30 | V25: =SUM(F70:F73) -> 49 | W25: =SUM(G70:G73) -> 0 | X25: =SUM(H70:H73) -> 0 | Y25: =SUM(I70:I73) -> 4 | Z25: =SUM(J70:J73) -> 1 | ... AF25: =SUM(P70:P73) -> 814
B26: 11.00 - 11.15 | C26: 45 | D26: 10 | E26: 6 | F26: 30 | G26: 0 | H26: 0 | I26: 3 | J26: 1 | K26: 0 | L26: 1 | M26: 61 | N26: 0 | O26: =SUM(C26:L26,N26) -> 96 | P26: =SUM(C26:N26) -> 157 | R26: 2300-0000 | S26: =SUM(C74:C77) -> 327 | T26: =SUM(D74:D77) -> 31 | U26: =SUM(E74:E77) -> 17 | V26: =SUM(F74:F77) -> 19 | W26: =SUM(G74:G77) -> 2 | X26: =SUM(H74:H77) -> 0 | Y26: =SUM(I74:I77) -> 2 | Z26: =SUM(J74:J77) -> 1 | ... AF26: =SUM(P74:P77) -> 512
B27: 11.15 - 11.30 | C27: 46 | D27: 5 | E27: 4 | F27: 23 | G27: 1 | H27: 0 | I27: 9 | J27: 5 | K27: 2 | L27: 0 | M27: 65 | N27: 0 | O27: =SUM(C27:L27,N27) -> 95 | P27: =SUM(C27:N27) -> 160 | R27: 0000-0100 | S27: =SUM(C78:C81) -> 167 | T27: =SUM(D78:D81) -> 9 | U27: =SUM(E78:E81) -> 5 | V27: =SUM(F78:F81) -> 9 | W27: =SUM(G78:G81) -> 0 | X27: =SUM(H78:H81) -> 0 | Y27: =SUM(I78:I81) -> 5 | Z27: =SUM(J78:J81) -> 0 | ... AF27: =SUM(P78:P81) -> 315
B28: 11.30 - 11.45 | C28: 33 | D28: 7 | E28: 3 | F28: 18 | G28: 0 | H28: 0 | I28: 5 | J28: 0 | K28: 0 | L28: 1 | M28: 35 | N28: 0 | O28: =SUM(C28:L28,N28) -> 67 | P28: =SUM(C28:N28) -> 102 | R28: 0100-0200 | S28: =SUM(C82:C85) -> 74 | T28: =SUM(D82:D85) -> 9 | U28: =SUM(E82:E85) -> 2 | V28: =SUM(F82:F85) -> 2 | W28: =SUM(G82:G85) -> 0 | X28: =SUM(H82:H85) -> 0 | Y28: =SUM(I82:I85) -> 1 | Z28: =SUM(J82:J85) -> 0 | ... AF28: =SUM(P82:P85) -> 136
B29: 11.45 - 12.00 | C29: 40 | D29: 9 | E29: 4 | F29: 31 | G29: 0 | H29: 0 | I29: 15 | J29: 0 | K29: 0 | L29: 1 | M29: 45 | N29: 0 | O29: =SUM(C29:L29,N29) -> 100 | P29: =SUM(C29:N29) -> 145 | R29: 0200-0300 | S29: =SUM(C86:C89) -> 66 | T29: =SUM(D86:D89) -> 4 | U29: =SUM(E86:E89) -> 2 | V29: =SUM(F86:F89) -> 0 | W29: =SUM(G86:G89) -> 0 | X29: =SUM(H86:H89) -> 0 | Y29: =SUM(I86:I89) -> 1 | Z29: =SUM(J86:J89) -> 0 | ... AF29: =SUM(P86:P89) -> 110
B30: 12.00 - 12.15 | C30: 27 | D30: 5 | E30: 2 | F30: 9 | G30: 4 | H30: 0 | I30: 6 | J30: 0 | K30: 0 | L30: 0 | M30: 41 | N30: 0 | O30: =SUM(C30:L30,N30) -> 53 | P30: =SUM(C30:N30) -> 94 | R30: 0300-0400 | S30: =SUM(C90:C93) -> 39 | T30: =SUM(D90:D93) -> 4 | U30: =SUM(E90:E93) -> 3 | V30: =SUM(F90:F93) -> 2 | W30: =SUM(G90:G93) -> 0 | X30: =SUM(H90:H93) -> 0 | Y30: =SUM(I90:I93) -> 1 | Z30: =SUM(J90:J93) -> 1 | ... AF30: =SUM(P90:P93) -> 89
B31: 12.15 - 12.30 | C31: 46 | D31: 9 | E31: 5 | F31: 22 | G31: 0 | H31: 0 | I31: 5 | J31: 0 | K31: 1 | L31: 0 | M31: 40 | N31: 0 | O31: =SUM(C31:L31,N31) -> 88 | P31: =SUM(C31:N31) -> 128 | R31: 0400-0500 | S31: =SUM(C94:C97) -> 49 | T31: =SUM(D94:D97) -> 3 | U31: =SUM(E94:E97) -> 6 | V31: =SUM(F94:F97) -> 6 | W31: =SUM(G94:G97) -> 2 | X31: =SUM(H94:H97) -> 0 | Y31: =SUM(I94:I97) -> 2 | Z31: =SUM(J94:J97) -> 2 | ... AF31: =SUM(P94:P97) -> 111
B32: 12.30 - 12.45 | C32: 65 | D32: 6 | E32: 3 | F32: 15 | G32: 2 | H32: 0 | I32: 6 | J32: 1 | K32: 0 | L32: 0 | M32: 30 | N32: 0 | O32: =SUM(C32:L32,N32) -> 98 | P32: =SUM(C32:N32) -> 128 | R32: 0500-0600 | S32: =SUM(C98:C101) -> 55 | T32: =SUM(D98:D101) -> 3 | U32: =SUM(E98:E101) -> 4 | V32: =SUM(F98:F101) -> 30 | W32: =SUM(G98:G101) -> 2 | X32: =SUM(H98:H101) -> 0 | Y32: =SUM(I98:I101) -> 3 | Z32: =SUM(J98:J101) -> 0 | ... AF32: =SUM(P98:P101) -> 136
B33: 12.45 - 13.00 | C33: 30 | D33: 3 | E33: 0 | F33: 15 | G33: 0 | H33: 0 | I33: 5 | J33: 0 | K33: 2 | L33: 0 | M33: 30 | N33: 0 | O33: =SUM(C33:L33,N33) -> 55 | P33: =SUM(C33:N33) -> 85 | R33: 0600-0700 | S33: =SUM(C102:C105) -> 107 | T33: =SUM(D102:D105) -> 24 | U33: =SUM(E102:E105) -> 5 | V33: =SUM(F102:F105) -> 49 | W33: =SUM(G102:G105) -> 1 | X33: =SUM(H102:H105) -> 0 | Y33: =SUM(I102:I105) -> 3 | Z33: =SUM(J102:J105) -> 2 | ... AF33: =SUM(P102:P105) -> 240
B34: 13.00 - 13.15 | C34: 15 | D34: 3 | E34: 2 | F34: 15 | G34: 0 | H34: 0 | I34: 5 | J34: 1 | K34: 0 | L34: 0 | M34: 25 | N34: 0 | O34: =SUM(C34:L34,N34) -> 41 | P34: =SUM(C34:N34) -> 66 | R34: AM Peak Hr | S34: =MAX(S10:S12) -> 155 | T34: =MAX(T10:T12) -> 30 | U34: =MAX(U10:U12) -> 19 | V34: =MAX(V10:V12) -> 89 | W34: =MAX(W10:W12) -> 3 | X34: =MAX(X10:X12) -> 0 | Y34: =MAX(Y10:Y12) -> 14 | Z34: =MAX(Z10:Z12) -> 2 | ... AF34: =MAX(AF10:AF12) -> 491
B35: 13.15 - 13.30 | C35: 40 | D35: 5 | E35: 0 | F35: 19 | G35: 0 | H35: 0 | I35: 3 | J35: 0 | K35: 0 | L35: 0 | M35: 30 | N35: 0 | O35: =SUM(C35:L35,N35) -> 67 | P35: =SUM(C35:N35) -> 97 | R35: IP Peak Hr | S35: =MAX(S13:S18) -> 255 | T35: =MAX(T13:T18) -> 35 | U35: =MAX(U13:U18) -> 20 | V35: =MAX(V13:V18) -> 102 | W35: =MAX(W13:W18) -> 6 | X35: =MAX(X13:X18) -> 0 | Y35: =MAX(Y13:Y18) -> 36 | Z35: =MAX(Z13:Z18) -> 6 | ... AF35: =MAX(AF13:AF18) -> 564
B36: 13.30 - 13.45 | C36: 33 | D36: 3 | E36: 3 | F36: 13 | G36: 0 | H36: 0 | I36: 12 | J36: 0 | K36: 0 | L36: 0 | M36: 35 | N36: 0 | O36: =SUM(C36:L36,N36) -> 64 | P36: =SUM(C36:N36) -> 99 | R36: PM Peak Hr | S36: =MAX(S19:S21) -> 465 | T36: =MAX(T19:T21) -> 79 | U36: =MAX(U19:U21) -> 26 | V36: =MAX(V19:V21) -> 58 | W36: =MAX(W19:W21) -> 6 | X36: =MAX(X19:X21) -> 2 | Y36: =MAX(Y19:Y21) -> 23 | Z36: =MAX(Z19:Z21) -> 2 | ... AF36: =MAX(AF19:AF21) -> 869
B37: 13.45 - 14.00 | C37: 55 | D37: 6 | E37: 5 | F37: 16 | G37: 1 | H37: 0 | I37: 16 | J37: 0 | K37: 0 | L37: 0 | M37: 58 | N37: 0 | O37: =SUM(C37:L37,N37) -> 99 | P37: =SUM(C37:N37) -> 157 | R37: AM Period | S37: =SUM(S10:S12) -> 410 | T37: =SUM(T10:T12) -> 69 | U37: =SUM(U10:U12) -> 41 | V37: =SUM(V10:V12) -> 253 | W37: =SUM(W10:W12) -> 6 | X37: =SUM(X10:X12) -> 0 | Y37: =SUM(Y10:Y12) -> 32 | Z37: =SUM(Z10:Z12) -> 5 | ... AF37: =SUM(AF10:AF12) -> 1352
B38: 14.00 - 14.15 | C38: 53 | D38: 2 | E38: 1 | F38: 15 | G38: 0 | H38: 0 | I38: 8 | J38: 1 | K38: 0 | L38: 0 | M38: 15 | N38: 0 | O38: =SUM(C38:L38,N38) -> 80 | P38: =SUM(C38:N38) -> 95 | R38: IP Period | S38: =SUM(S13:S18) -> 1000 | T38: =SUM(T13:T18) -> 143 | U38: =SUM(U13:U18) -> 76 | V38: =SUM(V13:V18) -> 414 | W38: =SUM(W13:W18) -> 12 | X38: =SUM(X13:X18) -> 0 | Y38: =SUM(Y13:Y18) -> 156 | Z38: =SUM(Z13:Z18) -> 15 | ... AF38: =SUM(AF13:AF18) -> 2758
B39: 14.15 - 14.30 | C39: 48 | D39: 3 | E39: 6 | F39: 18 | G39: 0 | H39: 0 | I39: 4 | J39: 0 | K39: 0 | L39: 0 | M39: 18 | N39: 0 | O39: =SUM(C39:L39,N39) -> 79 | P39: =SUM(C39:N39) -> 97 | R39: PM Period | S39: =SUM(S19:S21) -> 1370 | T39: =SUM(T19:T21) -> 212 | U39: =SUM(U19:U21) -> 67 | V39: =SUM(V19:V21) -> 134 | W39: =SUM(W19:W21) -> 11 | X39: =SUM(X19:X21) -> 2 | Y39: =SUM(Y19:Y21) -> 53 | Z39: =SUM(Z19:Z21) -> 4 | ... AF39: =SUM(AF19:AF21) -> 2407
B40: 14.30 - 14.45 | C40: 17 | D40: 10 | E40: 2 | F40: 15 | G40: 1 | H40: 0 | I40: 5 | J40: 1 | K40: 0 | L40: 0 | M40: 20 | N40: 0 | O40: =SUM(C40:L40,N40) -> 51 | P40: =SUM(C40:N40) -> 71 | R40: 12 Hours | S40: =SUM(S10:S21) -> 2780 | T40: =SUM(T10:T21) -> 424 | U40: =SUM(U10:U21) -> 184 | V40: =SUM(V10:V21) -> 801 | W40: =SUM(W10:W21) -> 29 | X40: =SUM(X10:X21) -> 2 | Y40: =SUM(Y10:Y21) -> 241 | Z40: =SUM(Z10:Z21) -> 24 | ... AF40: =SUM(AF10:AF21) -> 6517
B41: 14.45 - 15.00 | C41: 36 | D41: 7 | E41: 4 | F41: 23 | G41: 0 | H41: 0 | I41: 5 | J41: 0 | K41: 0 | L41: 0 | M41: 35 | N41: 0 | O41: =SUM(C41:L41,N41) -> 75 | P41: =SUM(C41:N41) -> 110 | R41: 24 Hrs/ADT | S41: =SUM(S10:S33) -> 5711 | T41: =SUM(T10:T33) -> 750 | U41: =SUM(U10:U33) -> 315 | V41: =SUM(V10:V33) -> 1134 | W41: =SUM(W10:W33) -> 37 | X41: =SUM(X10:X33) -> 2 | Y41: =SUM(Y10:Y33) -> 290 | Z41: =SUM(Z10:Z33) -> 32 | ... AF41: =SUM(AF10:AF33) -> 11391
B42: 15.00 - 15.15 | C42: 60 | D42: 8 | E42: 6 | F42: 10 | G42: 1 | H42: 0 | I42: 10 | J42: 0 | K42: 0 | L42: 0 | M42: 40 | N42: 0 | O42: =SUM(C42:L42,N42) -> 95 | P42: =SUM(C42:N42) -> 135 | R42: NEF | S42: =S41/S40 -> 2.0543165 | T42: =T41/T40 -> 1.7688679 | U42: =U41/U40 -> 1.7119565 | V42: =V41/V40 -> 1.4157303 | W42: =W41/W40 -> 1.2758621 | X42: =X41/X40 -> 1 | Y42: =Y41/Y40 -> 1.2033195 | Z42: =Z41/Z40 -> 1.3333333 | ... AF42: =AF41/AF40 -> 1.7478901
B43: 15.15 - 15.30 | C43: 51 | D43: 15 | E43: 3 | F43: 12 | G43: 1 | H43: 0 | I43: 3 | J43: 0 | K43: 0 | L43: 0 | M43: 50 | N43: 0 | O43: =SUM(C43:L43,N43) -> 85 | P43: =SUM(C43:N43) -> 135
B44: 15.30 - 15.45 | C44: 75 | D44: 7 | E44: 8 | F44: 7 | G44: 0 | H44: 0 | I44: 10 | J44: 0 | K44: 0 | L44: 0 | M44: 40 | N44: 0 | O44: =SUM(C44:L44,N44) -> 107 | P44: =SUM(C44:N44) -> 147
B45: 15.45 - 16.00 | C45: 69 | D45: 5 | E45: 3 | F45: 15 | G45: 0 | H45: 0 | I45: 1 | J45: 0 | K45: 1 | L45: 0 | M45: 40 | N45: 0 | O45: =SUM(C45:L45,N45) -> 94 | P45: =SUM(C45:N45) -> 134
B46: 16.00 - 16.15 | C46: 100 | D46: 8 | E46: 7 | F46: 10 | G46: 0 | H46: 0 | I46: 8 | J46: 0 | K46: 2 | L46: 0 | M46: 35 | N46: 0 | O46: =SUM(C46:L46,N46) -> 135 | P46: =SUM(C46:N46) -> 170
B47: 16.15 -16.30 | C47: 90 | D47: 10 | E47: 3 | F47: 10 | G47: 0 | H47: 0 | I47: 3 | J47: 0 | K47: 2 | L47: 0 | M47: 25 | N47: 0 | O47: =SUM(C47:L47,N47) -> 118 | P47: =SUM(C47:N47) -> 143
B48: 16.30 -16.45 | C48: 130 | D48: 36 | E48: 3 | F48: 8 | G48: 0 | H48: 0 | I48: 3 | J48: 0 | K48: 2 | L48: 0 | M48: 35 | N48: 0 | O48: =SUM(C48:L48,N48) -> 182 | P48: =SUM(C48:N48) -> 217
B49: 16.45 -17.00 | C49: 145 | D49: 14 | E49: 6 | F49: 6 | G49: 1 | H49: 0 | I49: 2 | J49: 1 | K49: 0 | L49: 0 | M49: 40 | N49: 0 | O49: =SUM(C49:L49,N49) -> 175 | P49: =SUM(C49:N49) -> 215
B50: 17.00 -17.15 | C50: 105 | D50: 10 | E50: 6 | F50: 8 | G50: 2 | H50: 0 | I50: 5 | J50: 0 | K50: 0 | L50: 0 | M50: 40 | N50: 0 | O50: =SUM(C50:L50,N50) -> 136 | P50: =SUM(C50:N50) -> 176
B51: 17.15 -17.30 | C51: 130 | D51: 25 | E51: 8 | F51: 12 | G51: 1 | H51: 0 | I51: 2 | J51: 0 | K51: 0 | L51: 1 | M51: 45 | N51: 0 | O51: =SUM(C51:L51,N51) -> 179 | P51: =SUM(C51:N51) -> 224
B52: 17.30 -17.45 | C52: 110 | D52: 16 | E52: 6 | F52: 20 | G52: 0 | H52: 0 | I52: 2 | J52: 1 | K52: 0 | L52: 0 | M52: 49 | N52: 0 | O52: =SUM(C52:L52,N52) -> 155 | P52: =SUM(C52:N52) -> 204
B53: 17.45 -18.00 | C53: 115 | D53: 14 | E53: 2 | F53: 2 | G53: 1 | H53: 0 | I53: 5 | J53: 0 | K53: 0 | L53: 0 | M53: 50 | N53: 0 | O53: =SUM(C53:L53,N53) -> 139 | P53: =SUM(C53:N53) -> 189
B54: 18.00 - 18.15 | C54: 115 | D54: 23 | E54: 6 | F54: 11 | G54: 3 | H54: 1 | I54: 9 | J54: 0 | K54: 0 | L54: 0 | M54: 40 | N54: 0 | O54: =SUM(C54:L54,N54) -> 168 | P54: =SUM(C54:N54) -> 208
... B105: 06.45 - 07.00 | C105: 7 | D105: 1 | E105: 0 | F105: 4 | G105: 0 | H105: 0 | I105: 0 | J105: 0 | K105: 0 | L105: 0 | M105: 9 | N105: 0 | O105: =SUM(C105:L105,N105) -> 12 | P105: =SUM(C105:N105) -> 21
B106: Totals | C106: =SUM(C10:C105) -> 5711 | D106: =SUM(D10:D105) -> 750 | E106: =SUM(E10:E105) -> 315 | F106: =SUM(F10:F105) -> 1134 | G106: =SUM(G10:G105) -> 37 | H106: =SUM(H10:H105) -> 2 | I106: =SUM(I10:I105) -> 290 | J106: =SUM(J10:J105) -> 32 | ... P106: =SUM(P10:P105) -> 11391
B107: %ges + MCs | C107: =C106/$P$106 -> 0.50136072 | D107: =D106/$P$106 -> 0.065841454 | E107: =E106/$P$106 -> 0.027653411 | F107: =F106/$P$106 -> 0.099552278 | G107: =G106/$P$106 -> 0.0032481784 | H107: =H106/$P$106 -> 0.00017557721 | I107: =I106/$P$106 -> 0.025458695 | J107: =J106/$P$106 -> 0.0028092354 | ... N107: =N106/$P$106 -> 8.7788605e-05
B108: %ges w/o MCs | C108: =C106/$O$106 -> 0.68832108 | D108: =D106/$O$106 -> 0.090394118 | E108: =E106/$O$106 -> 0.03796553 | F108: =F106/$O$106 -> 0.13667591 | G108: =G106/$O$106 -> 0.0044594432 | H108: =H106/$O$106 -> 0.00024105098 | I108: =I106/$O$106 -> 0.034952392 | J108: =J106/$O$106 -> 0.0038568157 | ... L108: =L106/$O$106 -> 0.00072315295 | N108: =N106/$O$106 -> 0.00012052549

Sheet 02.08 Najjeera-Kiwatule
B1: Consultancy services for Preparation of Expressway Development Master Plan (EDMP) for Uganda
B2: MANUAL CLASSIFIED COUNT (MCC)
B3: ROAD NAME: | C3: ='29.07 Najjeera-Kiwatule'!C3:G3 -> MCC - C1 - STN36 - MBOGO ROAD
C5: Date | D5: 02.08.19 | F5: Location | G5: ='29.07 Najjeera-Kiwatule'!G5:H5 -> U Save Kiwatule | J5: Surveyor | K5: Anthony
C6: Dir. From | D6: ='29.07 Najjeera-Kiwatule'!D6:E6 -> Najjeera | F6: Dir. To | G6: ='29.07 Najjeera-Kiwatule'!G6:H6 -> Kiwatule | J6: Supervisor | K6: Joan
B8: Time / Veh Type | R8: SUMMARY TRAFFIC VOLUMES
C9: 1. Car | D9: 2. Station Wagon | E9: 3. Pickups | F9: 4. Minibus, matatu | G9: 5. Medium bus | H9: 6. Large Bus | I9: 7. Light Truck | J9: 8. Medium Truck | K9: 9. Heavy truck | L9: 10. Truck Trailer | M9: 11. Motor cycles | N9: 12. Tractors | O9: Total Excl M/Cycles | P9: Total All | R9: Time | S9: 1. Car | T9: 2. Station Wagon | U9: 3. Pickups | V9: 4. Minibus, matatu | W9: 5. Medium bus | X9: 6. Large Bus | Y9: 7. Light Truck | Z9: 8. Medium Truck | AA9: 9. Heavy truck | AB9: 10. Truck Trailer | AC9: 11. Motorcycles | AD9: 12. Tractors, Graders | AE9: Total Excl M/ Cycles | AF9: Total All
B10: 07.00 - 07.15 | C10: 140 | D10: 13 | E10: 7 | F10: 21 | G10: 0 | H10: 0 | I10: 1 | J10: 0 | K10: 0 | L10: 0 | M10: 79 | N10: 0 | O10: =SUM(C10:L10,N10) -> 182 | P10: =SUM(C10:N10) -> 261 | R10: 0700-0800 | S10: =SUM(C10:C13) -> 655 | T10: =SUM(D10:D13) -> 56 | U10: =SUM(E10:E13) -> 35 | V10: =SUM(F10:F13) -> 82 | W10: =SUM(G10:G13) -> 1 | X10: =SUM(H10:H13) -> 0 | Y10: =SUM(I10:I13) -> 5 | Z10: =SUM(J10:J13) -> 1 | ... AF10: =SUM(P10:P13) -> 1185
B11: 07.15 - 07.30 | C11: 165 | D11: 18 | E11: 8 | F11: 24 | G11: 0 | H11: 0 | I11: 0 | J11: 0 | K11: 0 | L11: 0 | M11: 95 | N11: 0 | O11: =SUM(C11:L11,N11) -> 215 | P11: =SUM(C11:N11) -> 310 | R11: 0800-0900 | S11: =SUM(C14:C17) -> 580 | T11: =SUM(D14:D17) -> 63 | U11: =SUM(E14:E17) -> 27 | V11: =SUM(F14:F17) -> 73 | W11: =SUM(G14:G17) -> 0 | X11: =SUM(H14:H17) -> 0 | Y11: =SUM(I14:I17) -> 16 | Z11: =SUM(J14:J17) -> 2 | ... AF11: =SUM(P14:P17) -> 1131
B12: 07.30 - 07.45 | C12: 165 | D12: 10 | E12: 10 | F12: 17 | G12: 0 | H12: 0 | I12: 0 | J12: 1 | K12: 0 | L12: 0 | M12: 90 | N12: 0 | O12: =SUM(C12:L12,N12) -> 203 | P12: =SUM(C12:N12) -> 293 | R12: 0900-1000 | S12: =SUM(C18:C21) -> 333 | T12: =SUM(D18:D21) -> 44 | U12: =SUM(E18:E21) -> 32 | V12: =SUM(F18:F21) -> 49 | W12: =SUM(G18:G21) -> 3 | X12: =SUM(H18:H21) -> 0 | Y12: =SUM(I18:I21) -> 5 | Z12: =SUM(J18:J21) -> 3 | ... AF12: =SUM(P18:P21) -> 839
B13: 07.45 - 08.00 | C13: 185 | D13: 15 | E13: 10 | F13: 20 | G13: 1 | H13: 0 | I13: 4 | J13: 0 | K13: 0 | L13: 0 | M13: 86 | N13: 0 | O13: =SUM(C13:L13,N13) -> 235 | P13: =SUM(C13:N13) -> 321 | R13: 1000-1100 | S13: =SUM(C22:C25) -> 330 | T13: =SUM(D22:D25) -> 62 | U13: =SUM(E22:E25) -> 38 | V13: =SUM(F22:F25) -> 62 | W13: =SUM(G22:G25) -> 2 | X13: =SUM(H22:H25) -> 0 | Y13: =SUM(I22:I25) -> 19 | Z13: =SUM(J22:J25) -> 5 | ... AF13: =SUM(P22:P25) -> 869
B14: 08.00 - 08.15 | C14: 180 | D14: 21 | E14: 6 | F14: 14 | G14: 0 | H14: 0 | I14: 3 | J14: 0 | K14: 0 | L14: 0 | M14: 113 | N14: 1 | O14: =SUM(C14:L14,N14) -> 225 | P14: =SUM(C14:N14) -> 338 | R14: 1100-1200 | S14: =SUM(C26:C29) -> 251 | T14: =SUM(D26:D29) -> 36 | U14: =SUM(E26:E29) -> 26 | V14: =SUM(F26:F29) -> 44 | W14: =SUM(G26:G29) -> 0 | X14: =SUM(H26:H29) -> 0 | Y14: =SUM(I26:I29) -> 20 | Z14: =SUM(J26:J29) -> 6 | ... AF14: =SUM(P26:P29) -> 723
B15: 08.15 - 08.30 | C15: 130 | D15: 14 | E15: 12 | F15: 20 | G15: 0 | H15: 0 | I15: 4 | J15: 0 | K15: 0 | L15: 0 | M15: 96 | N15: 0 | O15: =SUM(C15:L15,N15) -> 180 | P15: =SUM(C15:N15) -> 276 | R15: 1200-1300 | S15: =SUM(C30:C33) -> 249 | T15: =SUM(D30:D33) -> 46 | U15: =SUM(E30:E33) -> 32 | V15: =SUM(F30:F33) -> 52 | W15: =SUM(G30:G33) -> 0 | X15: =SUM(H30:H33) -> 0 | Y15: =SUM(I30:I33) -> 21 | Z15: =SUM(J30:J33) -> 3 | ... AF15: =SUM(P30:P33) -> 741
B16: 08.30 - 08.45 | C16: 130 | D16: 13 | E16: 5 | F16: 17 | G16: 0 | H16: 0 | I16: 4 | J16: 1 | K16: 0 | L16: 0 | M16: 65 | N16: 0 | O16: =SUM(C16:L16,N16) -> 170 | P16: =SUM(C16:N16) -> 235 | R16: 1300-1400 | S16: =SUM(C34:C37) -> 227 | T16: =SUM(D34:D37) -> 33 | U16: =SUM(E34:E37) -> 18 | V16: =SUM(F34:F37) -> 36 | W16: =SUM(G34:G37) -> 2 | X16: =SUM(H34:H37) -> 3 | Y16: =SUM(I34:I37) -> 22 | Z16: =SUM(J34:J37) -> 5 | ... AF16: =SUM(P34:P37) -> 689
B17: 08.45 - 9.00 | C17: 140 | D17: 15 | E17: 4 | F17: 22 | G17: 0 | H17: 0 | I17: 5 | J17: 1 | K17: 0 | L17: 0 | M17: 95 | N17: 0 | O17: =SUM(C17:L17,N17) -> 187 | P17: =SUM(C17:N17) -> 282 | R17: 1400-1500 | S17: =SUM(C38:C41) -> 320 | T17: =SUM(D38:D41) -> 34 | U17: =SUM(E38:E41) -> 30 | V17: =SUM(F38:F41) -> 72 | W17: =SUM(G38:G41) -> 1 | X17: =SUM(H38:H41) -> 0 | Y17: =SUM(I38:I41) -> 22 | Z17: =SUM(J38:J41) -> 3 | ... AF17: =SUM(P38:P41) -> 785
B18: 09.00 - 09.15 | C18: 92 | D18: 5 | E18: 9 | F18: 14 | G18: 0 | H18: 0 | I18: 2 | J18: 2 | K18: 0 | L18: 0 | M18: 65 | N18: 0 | O18: =SUM(C18:L18,N18) -> 124 | P18: =SUM(C18:N18) -> 189 | R18: 1500-1600 | S18: =SUM(C42:C45) -> 305 | T18: =SUM(D42:D45) -> 37 | U18: =SUM(E42:E45) -> 23 | V18: =SUM(F42:F45) -> 37 | W18: =SUM(G42:G45) -> 0 | X18: =SUM(H42:H45) -> 0 | Y18: =SUM(I42:I45) -> 17 | Z18: =SUM(J42:J45) -> 0 | ... AF18: =SUM(P42:P45) -> 681
B19: 09.15 - 09.30 | C19: 80 | D19: 10 | E19: 5 | F19: 8 | G19: 3 | H19: 0 | I19: 1 | J19: 0 | K19: 0 | L19: 0 | M19: 110 | N19: 0 | O19: =SUM(C19:L19,N19) -> 107 | P19: =SUM(C19:N19) -> 217 | R19: 1600-1700 | S19: =SUM(C46:C49) -> 196 | T19: =SUM(D46:D49) -> 28 | U19: =SUM(E46:E49) -> 16 | V19: =SUM(F46:F49) -> 26 | W19: =SUM(G46:G49) -> 1 | X19: =SUM(H46:H49) -> 0 | Y19: =SUM(I46:I49) -> 20 | Z19: =SUM(J46:J49) -> 1 | ... AF19: =SUM(P46:P49) -> 655
B20: 09.30 - 09.45 | C20: 106 | D20: 12 | E20: 8 | F20: 12 | G20: 0 | H20: 0 | I20: 2 | J20: 0 | K20: 0 | L20: 0 | M20: 100 | N20: 0 | O20: =SUM(C20:L20,N20) -> 140 | P20: =SUM(C20:N20) -> 240 | R20: 1700-1800 | S20: =SUM(C50:C53) -> 239 | T20: =SUM(D50:D53) -> 43 | U20: =SUM(E50:E53) -> 42 | V20: =SUM(F50:F53) -> 48 | W20: =SUM(G50:G53) -> 2 | X20: =SUM(H50:H53) -> 0 | Y20: =SUM(I50:I53) -> 20 | Z20: =SUM(J50:J53) -> 0 | ... AF20: =SUM(P50:P53) -> 759
B21: 09.45 - 10.00 | C21: 55 | D21: 17 | E21: 10 | F21: 15 | G21: 0 | H21: 0 | I21: 0 | J21: 1 | K21: 0 | L21: 0 | M21: 95 | N21: 0 | O21: =SUM(C21:L21,N21) -> 98 | P21: =SUM(C21:N21) -> 193 | R21: 1800-1900 | S21: =SUM(C54:C57) -> 260 | T21: =SUM(D54:D57) -> 26 | U21: =SUM(E54:E57) -> 16 | V21: =SUM(F54:F57) -> 42 | W21: =SUM(G54:G57) -> 1 | X21: =SUM(H54:H57) -> 0 | Y21: =SUM(I54:I57) -> 14 | Z21: =SUM(J54:J57) -> 0 | ... AF21: =SUM(P54:P57) -> 899
B22: 10.00 - 10.15 | C22: 70 | D22: 10 | E22: 8 | F22: 18 | G22: 0 | H22: 0 | I22: 1 | J22: 0 | K22: 0 | L22: 0 | M22: 55 | N22: 0 | O22: =SUM(C22:L22,N22) -> 107 | P22: =SUM(C22:N22) -> 162 | R22: AM Peak Hr | S22: =MAX(S10:S12) -> 655 | T22: =MAX(T10:T12) -> 63 | U22: =MAX(U10:U12) -> 35 | V22: =MAX(V10:V12) -> 82 | W22: =MAX(W10:W12) -> 3 | X22: =MAX(X10:X12) -> 0 | Y22: =MAX(Y10:Y12) -> 16 | Z22: =MAX(Z10:Z12) -> 3 | ... AF22: =MAX(AF10:AF12) -> 1185
B23: 10.15 - 10.30 | C23: 90 | D23: 18 | E23: 13 | F23: 21 | G23: 0 | H23: 0 | I23: 7 | J23: 1 | K23: 0 | L23: 0 | M23: 113 | N23: 0 | O23: =SUM(C23:L23,N23) -> 150 | P23: =SUM(C23:N23) -> 263 | R23: IP Peak Hr | S23: =MAX(S13:S18) -> 330 | T23: =MAX(T13:T18) -> 62 | U23: =MAX(U13:U18) -> 38 | V23: =MAX(V13:V18) -> 72 | W23: =MAX(W13:W18) -> 2 | X23: =MAX(X13:X18) -> 3 | Y23: =MAX(Y13:Y18) -> 22 | Z23: =MAX(Z13:Z18) -> 6 | ... AF23: =MAX(AF13:AF18) -> 869
B24: 10.30 - 10.45 | C24: 100 | D24: 21 | E24: 10 | F24: 13 | G24: 2 | H24: 0 | I24: 2 | J24: 2 | K24: 1 | L24: 0 | M24: 80 | N24: 0 | O24: =SUM(C24:L24,N24) -> 151 | P24: =SUM(C24:N24) -> 231 | R24: PM Peak Hr | S24: =MAX(S19:S21) -> 260 | T24: =MAX(T19:T21) -> 43 | U24: =MAX(U19:U21) -> 42 | V24: =MAX(V19:V21) -> 48 | W24: =MAX(W19:W21) -> 2 | X24: =MAX(X19:X21) -> 0 | Y24: =MAX(Y19:Y21) -> 20 | Z24: =MAX(Z19:Z21) -> 1 | ... AF24: =MAX(AF19:AF21) -> 899
B25: 10.45 - 11.00 | C25: 70 | D25: 13 | E25: 7 | F25: 10 | G25: 0 | H25: 0 | I25: 9 | J25: 2 | K25: 0 | L25: 0 | M25: 102 | N25: 0 | O25: =SUM(C25:L25,N25) -> 111 | P25: =SUM(C25:N25) -> 213 | R25: AM Period | S25: =SUM(S10:S12) -> 1568 | T25: =SUM(T10:T12) -> 163 | U25: =SUM(U10:U12) -> 94 | V25: =SUM(V10:V12) -> 204 | W25: =SUM(W10:W12) -> 4 | X25: =SUM(X10:X12) -> 0 | Y25: =SUM(Y10:Y12) -> 26 | Z25: =SUM(Z10:Z12) -> 6 | ... AF25: =SUM(AF10:AF12) -> 3155
B26: 11.00 - 11.15 | C26: 85 | D26: 9 | E26: 5 | F26: 14 | G26: 0 | H26: 0 | I26: 5 | J26: 2 | K26: 0 | L26: 0 | M26: 87 | N26: 0 | O26: =SUM(C26:L26,N26) -> 120 | P26: =SUM(C26:N26) -> 207 | R26: IP Period | S26: =SUM(S13:S18) -> 1682 | T26: =SUM(T13:T18) -> 248 | U26: =SUM(U13:U18) -> 167 | V26: =SUM(V13:V18) -> 303 | W26: =SUM(W13:W18) -> 5 | X26: =SUM(X13:X18) -> 3 | Y26: =SUM(Y13:Y18) -> 121 | Z26: =SUM(Z13:Z18) -> 22 | ... AF26: =SUM(AF13:AF18) -> 4488
B27: 11.15 - 11.30 | C27: 70 | D27: 6 | E27: 6 | F27: 11 | G27: 0 | H27: 0 | I27: 5 | J27: 3 | K27: 0 | L27: 1 | M27: 72 | N27: 0 | O27: =SUM(C27:L27,N27) -> 102 | P27: =SUM(C27:N27) -> 174 | R27: PM Period | S27: =SUM(S19:S21) -> 695 | T27: =SUM(T19:T21) -> 97 | U27: =SUM(U19:U21) -> 74 | V27: =SUM(V19:V21) -> 116 | W27: =SUM(W19:W21) -> 4 | X27: =SUM(X19:X21) -> 0 | Y27: =SUM(Y19:Y21) -> 54 | Z27: =SUM(Z19:Z21) -> 1 | ... AF27: =SUM(AF19:AF21) -> 2313
B28: 11.30 - 11.45 | C28: 45 | D28: 11 | E28: 5 | F28: 8 | G28: 0 | H28: 0 | I28: 6 | J28: 1 | K28: 0 | L28: 0 | M28: 89 | N28: 0 | O28: =SUM(C28:L28,N28) -> 76 | P28: =SUM(C28:N28) -> 165 | R28: 12 Hours | S28: =SUM(S10:S21) -> 3945 | T28: =SUM(T10:T21) -> 508 | U28: =SUM(U10:U21) -> 335 | V28: =SUM(V10:V21) -> 623 | W28: =SUM(W10:W21) -> 13 | X28: =SUM(X10:X21) -> 3 | Y28: =SUM(Y10:Y21) -> 201 | Z28: =SUM(Z10:Z21) -> 29 | ... AF28: =SUM(AF10:AF21) -> 9956
B29: 11.45 - 12.00 | C29: 51 | D29: 10 | E29: 10 | F29: 11 | G29: 0 | H29: 0 | I29: 4 | J29: 0 | K29: 0 | L29: 0 | M29: 91 | N29: 0 | O29: =SUM(C29:L29,N29) -> 86 | P29: =SUM(C29:N29) -> 177
B30: 12.00 - 12.15 | C30: 55 | D30: 15 | E30: 8 | F30: 15 | G30: 0 | H30: 0 | I30: 1 | J30: 2 | K30: 0 | L30: 0 | M30: 55 | N30: 0 | O30: =SUM(C30:L30,N30) -> 96 | P30: =SUM(C30:N30) -> 151
B31: 12.15 - 12.30 | C31: 70 | D31: 12 | E31: 8 | F31: 11 | G31: 0 | H31: 0 | I31: 10 | J31: 1 | K31: 0 | L31: 0 | M31: 70 | N31: 0 | O31: =SUM(C31:L31,N31) -> 112 | P31: =SUM(C31:N31) -> 182
B32: 12.30 - 12.45 | C32: 59 | D32: 7 | E32: 8 | F32: 16 | G32: 0 | H32: 0 | I32: 6 | J32: 0 | K32: 0 | L32: 0 | M32: 113 | N32: 0 | O32: =SUM(C32:L32,N32) -> 96 | P32: =SUM(C32:N32) -> 209
B33: 12.45 - 13.00 | C33: 65 | D33: 12 | E33: 8 | F33: 10 | G33: 0 | H33: 0 | I33: 4 | J33: 0 | K33: 0 | L33: 0 | M33: 100 | N33: 0 | O33: =SUM(C33:L33,N33) -> 99 | P33: =SUM(C33:N33) -> 199
B34: 13.00 - 13.15 | C34: 75 | D34: 5 | E34: 2 | F34: 11 | G34: 0 | H34: 2 | I34: 6 | J34: 0 | K34: 0 | L34: 0 | M34: 70 | N34: 0 | O34: =SUM(C34:L34,N34) -> 101 | P34: =SUM(C34:N34) -> 171
B35: 13.15 - 13.30 | C35: 46 | D35: 10 | E35: 3 | F35: 10 | G35: 0 | H35: 0 | I35: 5 | J35: 2 | K35: 0 | L35: 0 | M35: 115 | N35: 0 | O35: =SUM(C35:L35,N35) -> 76 | P35: =SUM(C35:N35) -> 191
B36: 13.30 - 13.45 | C36: 50 | D36: 13 | E36: 9 | F36: 11 | G36: 0 | H36: 0 | I36: 4 | J36: 0 | K36: 1 | L36: 0 | M36: 90 | N36: 0 | O36: =SUM(C36:L36,N36) -> 88 | P36: =SUM(C36:N36) -> 178
B37: 13.45 - 14.00 | C37: 56 | D37: 5 | E37: 4 | F37: 4 | G37: 2 | H37: 1 | I37: 7 | J37: 3 | K37: 0 | L37: 0 | M37: 67 | N37: 0 | O37: =SUM(C37:L37,N37) -> 82 | P37: =SUM(C37:N37) -> 149
B38: 14.00 - 14.15 | C38: 75 | D38: 9 | E38: 10 | F38: 9 | G38: 0 | H38: 0 | I38: 9 | J38: 1 | K38: 0 | L38: 0 | M38: 74 | N38: 0 | O38: =SUM(C38:L38,N38) -> 113 | P38: =SUM(C38:N38) -> 187
B39: 14.15 - 14.30 | C39: 60 | D39: 11 | E39: 9 | F39: 11 | G39: 0 | H39: 0 | I39: 3 | J39: 1 | K39: 0 | L39: 0 | M39: 92 | N39: 0 | O39: =SUM(C39:L39,N39) -> 95 | P39: =SUM(C39:N39) -> 187
B40: 14.30 - 14.45 | C40: 100 | D40: 10 | E40: 5 | F40: 11 | G40: 0 | H40: 0 | I40: 2 | J40: 0 | K40: 0 | L40: 0 | M40: 77 | N40: 0 | O40: =SUM(C40:L40,N40) -> 128 | P40: =SUM(C40:N40) -> 205
... B57: 18.45 - 19.00 | C57: 30 | D57: 7 | E57: 2 | F57: 9 | G57: 1 | H57: 0 | I57: 3 | J57: 0 | K57: 1 | L57: 0 | M57: 160 | N57: 0 | O57: =SUM(C57:L57,N57) -> 53 | P57: =SUM(C57:N57) -> 213
B58: Totals | C58: =SUM(C10:C57) -> 3945 | D58: =SUM(D10:D57) -> 508 | E58: =SUM(E10:E57) -> 335 | F58: =SUM(F10:F57) -> 623 | G58: =SUM(G10:G57) -> 13 | H58: =SUM(H10:H57) -> 3 | I58: =SUM(I10:I57) -> 201 | J58: =SUM(J10:J57) -> 29 | ... P58: =SUM(P10:P57) -> 9956
B59: %ges + MCs | C59: =C58/$P$58 -> 0.39624347 | D59: =D58/$P$58 -> 0.051024508 | E59: =E58/$P$58 -> 0.033648051 | F59: =F58/$P$58 -> 0.062575331 | G59: =G58/$P$58 -> 0.0013057453 | H59: =H58/$P$58 -> 0.00030132583 | I59: =I58/$P$58 -> 0.020188831 | J59: =J58/$P$58 -> 0.0029128164 | ... N59: =N58/$P$58 -> 0.00010044194
B60: %ges w/o MCs | C60: =C58/$O$58 -> 0.69638129 | D60: =D58/$O$58 -> 0.089673433 | E60: =E58/$O$58 -> 0.05913504 | F60: =F58/$O$58 -> 0.10997352 | G60: =G58/$O$58 -> 0.0022947926 | H60: =H58/$O$58 -> 0.00052956752 | I60: =I58/$O$58 -> 0.035481024 | J60: =J58/$O$58 -> 0.0051191527 | ... L60: =L58/$O$58 -> 0.00035304501 | N60: =N58/$O$58 -> 0.00017652251

Sheet 02.08 Kiwatule-Najjeera
B1: Consultancy services for Preparation of Expressway Development Master Plan (EDMP) for Uganda
B2: MANUAL CLASSIFIED COUNT (MCC)
B3: ROAD NAME: | C3: ='29.07 Kiwatule-Najjeera'!C3:G3 -> MCC - C1 - STN36 - MBOGO ROAD
C5: Date | D5: ='02.08 Najjeera-Kiwatule'!D5 -> 02.08.19 | F5: Location | G5: ='29.07 Najjeera-Kiwatule'!G5:H5 -> U Save Kiwatule | J5: Surveyor | K5: Beteth
C6: Dir. From | D6: ='29.07 Kiwatule-Najjeera'!D6:E6 -> Kiwatule | F6: Dir. To | G6: ='29.07 Kiwatule-Najjeera'!G6:H6 -> Najjeera | J6: Supervisor | K6: Joan
B8: Time / Veh Type | R8: SUMMARY TRAFFIC VOLUMES
C9: 1. Car | D9: 2. Station Wagon | E9: 3. Pickups | F9: 4. Minibus, matatu | G9: 5. Medium bus | H9: 6. Large Bus | I9: 7. Light Truck | J9: 8. Medium Truck | K9: 9. Heavy truck | L9: 10. Truck Trailer | M9: 11. Motor cycles | N9: 12. Tractors | O9: Total Excl M/Cycles | P9: Total All | R9: Time | S9: 1. Car | T9: 2. Station Wagon | U9: 3. Pickups | V9: 4. Minibus, matatu | W9: 5. Medium bus | X9: 6. Large Bus | Y9: 7. Light Truck | Z9: 8. Medium Truck | AA9: 9. Heavy truck | AB9: 10. Truck Trailer | AC9: 11. Motorcycles | AD9: 12. Tractors, Graders | AE9: Total Excl M/ Cycles | AF9: Total All
B10: 07.00 - 07.15 | C10: 19 | D10: 6 | E10: 2 | F10: 13 | G10: 0 | H10: 0 | I10: 5 | J10: 0 | K10: 0 | L10: 0 | M10: 26 | N10: 0 | O10: =SUM(C10:L10,N10) -> 45 | P10: =SUM(C10:N10) -> 71 | R10: 0700-0800 | S10: =SUM(C10:C13) -> 153 | T10: =SUM(D10:D13) -> 20 | U10: =SUM(E10:E13) -> 10 | V10: =SUM(F10:F13) -> 77 | W10: =SUM(G10:G13) -> 2 | X10: =SUM(H10:H13) -> 0 | Y10: =SUM(I10:I13) -> 9 | Z10: =SUM(J10:J13) -> 2 | ... AF10: =SUM(P10:P13) -> 451
B11: 07.15 - 07.30 | C11: 28 | D11: 4 | E11: 0 | F11: 18 | G11: 2 | H11: 0 | I11: 2 | J11: 0 | K11: 0 | L11: 0 | M11: 50 | N11: 0 | O11: =SUM(C11:L11,N11) -> 54 | P11: =SUM(C11:N11) -> 104 | R11: 0800-0900 | S11: =SUM(C14:C17) -> 121 | T11: =SUM(D14:D17) -> 18 | U11: =SUM(E14:E17) -> 10 | V11: =SUM(F14:F17) -> 71 | W11: =SUM(G14:G17) -> 1 | X11: =SUM(H14:H17) -> 2 | Y11: =SUM(I14:I17) -> 4 | Z11: =SUM(J14:J17) -> 2 | ... AF11: =SUM(P14:P17) -> 416
B12: 07.30 - 07.45 | C12: 55 | D12: 5 | E12: 6 | F12: 17 | G12: 0 | H12: 0 | I12: 1 | J12: 0 | K12: 1 | L12: 0 | M12: 35 | N12: 0 | O12: =SUM(C12:L12,N12) -> 85 | P12: =SUM(C12:N12) -> 120 | R12: 0900-1000 | S12: =SUM(C18:C21) -> 96 | T12: =SUM(D18:D21) -> 22 | U12: =SUM(E18:E21) -> 11 | V12: =SUM(F18:F21) -> 64 | W12: =SUM(G18:G21) -> 2 | X12: =SUM(H18:H21) -> 0 | Y12: =SUM(I18:I21) -> 21 | Z12: =SUM(J18:J21) -> 2 | ... AF12: =SUM(P18:P21) -> 350
B13: 07.45 - 08.00 | C13: 51 | D13: 5 | E13: 2 | F13: 29 | G13: 0 | H13: 0 | I13: 1 | J13: 2 | K13: 1 | L13: 0 | M13: 65 | N13: 0 | O13: =SUM(C13:L13,N13) -> 91 | P13: =SUM(C13:N13) -> 156 | R13: 1000-1100 | S13: =SUM(C22:C25) -> 121 | T13: =SUM(D22:D25) -> 64 | U13: =SUM(E22:E25) -> 13 | V13: =SUM(F22:F25) -> 46 | W13: =SUM(G22:G25) -> 2 | X13: =SUM(H22:H25) -> 1 | Y13: =SUM(I22:I25) -> 14 | Z13: =SUM(J22:J25) -> 4 | ... AF13: =SUM(P22:P25) -> 395
B14: 08.00 - 08.15 | C14: 40 | D14: 10 | E14: 3 | F14: 15 | G14: 0 | H14: 1 | I14: 0 | J14: 0 | K14: 2 | L14: 0 | M14: 43 | N14: 0 | O14: =SUM(C14:L14,N14) -> 71 | P14: =SUM(C14:N14) -> 114 | R14: 1100-1200 | S14: =SUM(C26:C29) -> 106 | T14: =SUM(D26:D29) -> 43 | U14: =SUM(E26:E29) -> 14 | V14: =SUM(F26:F29) -> 38 | W14: =SUM(G26:G29) -> 0 | X14: =SUM(H26:H29) -> 0 | Y14: =SUM(I26:I29) -> 18 | Z14: =SUM(J26:J29) -> 3 | ... AF14: =SUM(P26:P29) -> 359
B15: 08.15 - 08.30 | C15: 33 | D15: 2 | E15: 1 | F15: 16 | G15: 0 | H15: 0 | I15: 1 | J15: 1 | K15: 1 | L15: 0 | M15: 50 | N15: 0 | O15: =SUM(C15:L15,N15) -> 55 | P15: =SUM(C15:N15) -> 105 | R15: 1200-1300 | S15: =SUM(C30:C33) -> 146 | T15: =SUM(D30:D33) -> 43 | U15: =SUM(E30:E33) -> 23 | V15: =SUM(F30:F33) -> 75 | W15: =SUM(G30:G33) -> 2 | X15: =SUM(H30:H33) -> 0 | Y15: =SUM(I30:I33) -> 26 | Z15: =SUM(J30:J33) -> 3 | ... AF15: =SUM(P30:P33) -> 454
B16: 08.30 - 08.45 | C16: 30 | D16: 1 | E16: 1 | F16: 22 | G16: 1 | H16: 1 | I16: 2 | J16: 1 | K16: 0 | L16: 0 | M16: 40 | N16: 0 | O16: =SUM(C16:L16,N16) -> 59 | P16: =SUM(C16:N16) -> 99 | R16: 1300-1400 | S16: =SUM(C34:C37) -> 75 | T16: =SUM(D34:D37) -> 30 | U16: =SUM(E34:E37) -> 8 | V16: =SUM(F34:F37) -> 43 | W16: =SUM(G34:G37) -> 5 | X16: =SUM(H34:H37) -> 3 | Y16: =SUM(I34:I37) -> 13 | Z16: =SUM(J34:J37) -> 3 | ... AF16: =SUM(P34:P37) -> 271
B17: 08.45 - 9.00 | C17: 18 | D17: 5 | E17: 5 | F17: 18 | G17: 0 | H17: 0 | I17: 1 | J17: 0 | K17: 0 | L17: 1 | M17: 50 | N17: 0 | O17: =SUM(C17:L17,N17) -> 48 | P17: =SUM(C17:N17) -> 98 | R17: 1400-1500 | S17: =SUM(C38:C41) -> 157 | T17: =SUM(D38:D41) -> 43 | U17: =SUM(E38:E41) -> 37 | V17: =SUM(F38:F41) -> 25 | W17: =SUM(G38:G41) -> 6 | X17: =SUM(H38:H41) -> 1 | Y17: =SUM(I38:I41) -> 16 | Z17: =SUM(J38:J41) -> 3 | ... AF17: =SUM(P38:P41) -> 404
B18: 09.00 - 09.15 | C18: 15 | D18: 5 | E18: 2 | F18: 11 | G18: 0 | H18: 0 | I18: 5 | J18: 1 | K18: 0 | L18: 0 | M18: 31 | N18: 0 | O18: =SUM(C18:L18,N18) -> 39 | P18: =SUM(C18:N18) -> 70 | R18: 1500-1600 | S18: =SUM(C42:C45) -> 139 | T18: =SUM(D42:D45) -> 31 | U18: =SUM(E42:E45) -> 21 | V18: =SUM(F42:F45) -> 39 | W18: =SUM(G42:G45) -> 4 | X18: =SUM(H42:H45) -> 1 | Y18: =SUM(I42:I45) -> 14 | Z18: =SUM(J42:J45) -> 2 | ... AF18: =SUM(P42:P45) -> 384
B19: 09.15 - 09.30 | C19: 20 | D19: 5 | E19: 4 | F19: 19 | G19: 1 | H19: 0 | I19: 8 | J19: 0 | K19: 0 | L19: 0 | M19: 39 | N19: 0 | O19: =SUM(C19:L19,N19) -> 57 | P19: =SUM(C19:N19) -> 96 | R19: 1600-1700 | S19: =SUM(C46:C49) -> 200 | T19: =SUM(D46:D49) -> 34 | U19: =SUM(E46:E49) -> 14 | V19: =SUM(F46:F49) -> 43 | W19: =SUM(G46:G49) -> 2 | X19: =SUM(H46:H49) -> 0 | Y19: =SUM(I46:I49) -> 12 | Z19: =SUM(J46:J49) -> 2 | ... AF19: =SUM(P46:P49) -> 429
B20: 09.30 - 09.45 | C20: 31 | D20: 9 | E20: 3 | F20: 24 | G20: 0 | H20: 0 | I20: 6 | J20: 0 | K20: 1 | L20: 0 | M20: 45 | N20: 0 | O20: =SUM(C20:L20,N20) -> 74 | P20: =SUM(C20:N20) -> 119 | R20: 1700-1800 | S20: =SUM(C50:C53) -> 360 | T20: =SUM(D50:D53) -> 61 | U20: =SUM(E50:E53) -> 29 | V20: =SUM(F50:F53) -> 66 | W20: =SUM(G50:G53) -> 8 | X20: =SUM(H50:H53) -> 1 | Y20: =SUM(I50:I53) -> 13 | Z20: =SUM(J50:J53) -> 3 | ... AF20: =SUM(P50:P53) -> 787
B21: 09.45 - 10.00 | C21: 30 | D21: 3 | E21: 2 | F21: 10 | G21: 1 | H21: 0 | I21: 2 | J21: 1 | K21: 0 | L21: 0 | M21: 16 | N21: 0 | O21: =SUM(C21:L21,N21) -> 49 | P21: =SUM(C21:N21) -> 65 | R21: 1800-1900 | S21: =SUM(C54:C57) -> 505 | T21: =SUM(D54:D57) -> 64 | U21: =SUM(E54:E57) -> 32 | V21: =SUM(F54:F57) -> 70 | W21: =SUM(G54:G57) -> 9 | X21: =SUM(H54:H57) -> 3 | Y21: =SUM(I54:I57) -> 30 | Z21: =SUM(J54:J57) -> 3 | ... AF21: =SUM(P54:P57) -> 1044
B22: 10.00 - 10.15 | C22: 20 | D22: 10 | E22: 4 | F22: 13 | G22: 1 | H22: 0 | I22: 0 | J22: 1 | K22: 0 | L22: 0 | M22: 20 | N22: 0 | O22: =SUM(C22:L22,N22) -> 49 | P22: =SUM(C22:N22) -> 69 | R22: AM Peak Hr | S22: =MAX(S10:S12) -> 153 | T22: =MAX(T10:T12) -> 22 | U22: =MAX(U10:U12) -> 11 | V22: =MAX(V10:V12) -> 77 | W22: =MAX(W10:W12) -> 2 | X22: =MAX(X10:X12) -> 2 | Y22: =MAX(Y10:Y12) -> 21 | Z22: =MAX(Z10:Z12) -> 2 | ... AF22: =MAX(AF10:AF12) -> 451
B23: 10.15 - 10.30 | C23: 25 | D23: 15 | E23: 2 | F23: 25 | G23: 0 | H23: 1 | I23: 10 | J23: 1 | K23: 0 | L23: 0 | M23: 35 | N23: 0 | O23: =SUM(C23:L23,N23) -> 79 | P23: =SUM(C23:N23) -> 114 | R23: IP Peak Hr | S23: =MAX(S13:S18) -> 157 | T23: =MAX(T13:T18) -> 64 | U23: =MAX(U13:U18) -> 37 | V23: =MAX(V13:V18) -> 75 | W23: =MAX(W13:W18) -> 6 | X23: =MAX(X13:X18) -> 3 | Y23: =MAX(Y13:Y18) -> 26 | Z23: =MAX(Z13:Z18) -> 4 | ... AF23: =MAX(AF13:AF18) -> 454
B24: 10.30 - 10.45 | C24: 35 | D24: 25 | E24: 5 | F24: 0 | G24: 1 | H24: 0 | I24: 3 | J24: 1 | K24: 0 | L24: 0 | M24: 40 | N24: 0 | O24: =SUM(C24:L24,N24) -> 70 | P24: =SUM(C24:N24) -> 110 | R24: PM Peak Hr | S24: =MAX(S19:S21) -> 505 | T24: =MAX(T19:T21) -> 64 | U24: =MAX(U19:U21) -> 32 | V24: =MAX(V19:V21) -> 70 | W24: =MAX(W19:W21) -> 9 | X24: =MAX(X19:X21) -> 3 | Y24: =MAX(Y19:Y21) -> 30 | Z24: =MAX(Z19:Z21) -> 3 | ... AF24: =MAX(AF19:AF21) -> 1044
B25: 10.45 - 11.00 | C25: 41 | D25: 14 | E25: 2 | F25: 8 | G25: 0 | H25: 0 | I25: 1 | J25: 1 | K25: 0 | L25: 0 | M25: 35 | N25: 0 | O25: =SUM(C25:L25,N25) -> 67 | P25: =SUM(C25:N25) -> 102 | R25: AM Period | S25: =SUM(S10:S12) -> 370 | T25: =SUM(T10:T12) -> 60 | U25: =SUM(U10:U12) -> 31 | V25: =SUM(V10:V12) -> 212 | W25: =SUM(W10:W12) -> 5 | X25: =SUM(X10:X12) -> 2 | Y25: =SUM(Y10:Y12) -> 34 | Z25: =SUM(Z10:Z12) -> 6 | ... AF25: =SUM(AF10:AF12) -> 1217
B26: 11.00 - 11.15 | C26: 26 | D26: 13 | E26: 4 | F26: 4 | G26: 0 | H26: 0 | I26: 8 | J26: 1 | K26: 0 | L26: 0 | M26: 15 | N26: 0 | O26: =SUM(C26:L26,N26) -> 56 | P26: =SUM(C26:N26) -> 71 | R26: IP Period | S26: =SUM(S13:S18) -> 744 | T26: =SUM(T13:T18) -> 254 | U26: =SUM(U13:U18) -> 116 | V26: =SUM(V13:V18) -> 266 | W26: =SUM(W13:W18) -> 19 | X26: =SUM(X13:X18) -> 6 | Y26: =SUM(Y13:Y18) -> 101 | Z26: =SUM(Z13:Z18) -> 18 | ... AF26: =SUM(AF13:AF18) -> 2267
B27: 11.15 - 11.30 | C27: 25 | D27: 7 | E27: 0 | F27: 4 | G27: 0 | H27: 0 | I27: 3 | J27: 1 | K27: 1 | L27: 0 | M27: 30 | N27: 0 | O27: =SUM(C27:L27,N27) -> 41 | P27: =SUM(C27:N27) -> 71 | R27: PM Period | S27: =SUM(S19:S21) -> 1065 | T27: =SUM(T19:T21) -> 159 | U27: =SUM(U19:U21) -> 75 | V27: =SUM(V19:V21) -> 179 | W27: =SUM(W19:W21) -> 19 | X27: =SUM(X19:X21) -> 4 | Y27: =SUM(Y19:Y21) -> 55 | Z27: =SUM(Z19:Z21) -> 8 | ... AF27: =SUM(AF19:AF21) -> 2260
B28: 11.30 - 11.45 | C28: 25 | D28: 13 | E28: 6 | F28: 16 | G28: 0 | H28: 0 | I28: 4 | J28: 1 | K28: 0 | L28: 0 | M28: 51 | N28: 0 | O28: =SUM(C28:L28,N28) -> 65 | P28: =SUM(C28:N28) -> 116 | R28: 12 Hours | S28: =SUM(S10:S21) -> 2179 | T28: =SUM(T10:T21) -> 473 | U28: =SUM(U10:U21) -> 222 | V28: =SUM(V10:V21) -> 657 | W28: =SUM(W10:W21) -> 43 | X28: =SUM(X10:X21) -> 12 | Y28: =SUM(Y10:Y21) -> 190 | Z28: =SUM(Z10:Z21) -> 32 | ... AF28: =SUM(AF10:AF21) -> 5744
B29: 11.45 - 12.00 | C29: 30 | D29: 10 | E29: 4 | F29: 14 | G29: 0 | H29: 0 | I29: 3 | J29: 0 | K29: 0 | L29: 0 | M29: 40 | N29: 0 | O29: =SUM(C29:L29,N29) -> 61 | P29: =SUM(C29:N29) -> 101
B30: 12.00 - 12.15 | C30: 31 | D30: 14 | E30: 3 | F30: 14 | G30: 0 | H30: 0 | I30: 8 | J30: 2 | K30: 2 | L30: 0 | M30: 15 | N30: 0 | O30: =SUM(C30:L30,N30) -> 74 | P30: =SUM(C30:N30) -> 89
B31: 12.15 - 12.30 | C31: 60 | D31: 6 | E31: 2 | F31: 20 | G31: 1 | H31: 0 | I31: 5 | J31: 0 | K31: 0 | L31: 0 | M31: 25 | N31: 0 | O31: =SUM(C31:L31,N31) -> 94 | P31: =SUM(C31:N31) -> 119
B32: 12.30 - 12.45 | C32: 30 | D32: 8 | E32: 13 | F32: 23 | G32: 0 | H32: 0 | I32: 10 | J32: 0 | K32: 3 | L32: 0 | M32: 40 | N32: 0 | O32: =SUM(C32:L32,N32) -> 87 | P32: =SUM(C32:N32) -> 127
B33: 12.45 - 13.00 | C33: 25 | D33: 15 | E33: 5 | F33: 18 | G33: 1 | H33: 0 | I33: 3 | J33: 1 | K33: 1 | L33: 0 | M33: 50 | N33: 0 | O33: =SUM(C33:L33,N33) -> 69 | P33: =SUM(C33:N33) -> 119
B34: 13.00 - 13.15 | C34: 15 | D34: 6 | E34: 0 | F34: 10 | G34: 0 | H34: 2 | I34: 5 | J34: 0 | K34: 0 | L34: 0 | M34: 15 | N34: 0 | O34: =SUM(C34:L34,N34) -> 38 | P34: =SUM(C34:N34) -> 53
B35: 13.15 - 13.30 | C35: 25 | D35: 7 | E35: 2 | F35: 10 | G35: 2 | H35: 0 | I35: 2 | J35: 1 | K35: 0 | L35: 0 | M35: 20 | N35: 0 | O35: =SUM(C35:L35,N35) -> 49 | P35: =SUM(C35:N35) -> 69
B36: 13.30 - 13.45 | C36: 20 | D36: 11 | E36: 5 | F36: 8 | G36: 2 | H36: 1 | I36: 3 | J36: 2 | K36: 0 | L36: 0 | M36: 36 | N36: 0 | O36: =SUM(C36:L36,N36) -> 52 | P36: =SUM(C36:N36) -> 88
B37: 13.45 - 14.00 | C37: 15 | D37: 6 | E37: 1 | F37: 15 | G37: 1 | H37: 0 | I37: 3 | J37: 0 | K37: 0 | L37: 0 | M37: 20 | N37: 0 | O37: =SUM(C37:L37,N37) -> 41 | P37: =SUM(C37:N37) -> 61
B38: 14.00 - 14.15 | C38: 55 | D38: 10 | E38: 9 | F38: 13 | G38: 2 | H38: 1 | I38: 5 | J38: 1 | K38: 0 | L38: 1 | M38: 30 | N38: 0 | O38: =SUM(C38:L38,N38) -> 97 | P38: =SUM(C38:N38) -> 127
B39: 14.15 - 14.30 | C39: 30 | D39: 6 | E39: 8 | F39: 8 | G39: 0 | H39: 0 | I39: 3 | J39: 0 | K39: 0 | L39: 0 | M39: 10 | N39: 0 | O39: =SUM(C39:L39,N39) -> 55 | P39: =SUM(C39:N39) -> 65
B40: 14.30 - 14.45 | C40: 30 | D40: 12 | E40: 9 | F40: 0 | G40: 1 | H40: 0 | I40: 5 | J40: 2 | K40: 0 | L40: 0 | M40: 45 | N40: 0 | O40: =SUM(C40:L40,N40) -> 59 | P40: =SUM(C40:N40) -> 104
... B57: 18.45 - 19.00 | C57: 150 | D57: 19 | E57: 15 | F57: 19 | G57: 0 | H57: 1 | I57: 6 | J57: 0 | K57: 0 | L57: 0 | M57: 110 | N57: 0 | O57: =SUM(C57:L57,N57) -> 210 | P57: =SUM(C57:N57) -> 320
B58: Totals | C58: =SUM(C10:C57) -> 2179 | D58: =SUM(D10:D57) -> 473 | E58: =SUM(E10:E57) -> 222 | F58: =SUM(F10:F57) -> 657 | G58: =SUM(G10:G57) -> 43 | H58: =SUM(H10:H57) -> 12 | I58: =SUM(I10:I57) -> 190 | J58: =SUM(J10:J57) -> 32 | ... P58: =SUM(P10:P57) -> 5744
B59: %ges + MCs | C59: =C58/$P$58 -> 0.37935237 | D59: =D58/$P$58 -> 0.082346797 | E59: =E58/$P$58 -> 0.038649025 | F59: =F58/$P$58 -> 0.11438022 | G59: =G58/$P$58 -> 0.0074860724 | H59: =H58/$P$58 -> 0.0020891365 | I59: =I58/$P$58 -> 0.033077994 | J59: =J58/$P$58 -> 0.0055710306 | ... N59: =N58/$P$58 -> 0
B60: %ges w/o MCs | C60: =C58/$O$58 -> 0.56848422 | D60: =D58/$O$58 -> 0.12340203 | E60: =E58/$O$58 -> 0.05791808 | F60: =F58/$O$58 -> 0.17140621 | G60: =G58/$O$58 -> 0.011218367 | H60: =H58/$O$58 -> 0.003130707 | I60: =I58/$O$58 -> 0.049569528 | J60: =J58/$O$58 -> 0.008348552 | ... L60: =L58/$O$58 -> 0.001043569 | N60: =N58/$O$58 -> 0

Sheet 03.08 Najjeera-Kiwatule-24h
B1: Consultancy services for Preparation of Expressway Development Master Plan (EDMP) for Uganda
B2: MANUAL CLASSIFIED COUNT (MCC)
B3: ROAD NAME: | C3: ='29.07 Najjeera-Kiwatule'!C3:G3 -> MCC - C1 - STN36 - MBOGO ROAD
C5: Date | D5: 03.08.19 | F5: Location | G5: ='01.08 Kiwatule-Najjeera-24h'!G5:H5 -> U Save Kiwatule | J5: Surveyor | K5: Olupot & Anthony
C6: Dir. From | D6: ='29.07 Najjeera-Kiwatule'!D6:E6 -> Najjeera | F6: Dir. To | G6: ='29.07 Najjeera-Kiwatule'!G6:H6 -> Kiwatule | J6: Supervisor | K6: Joan
B8: Time / Veh Type | R8: SUMMARY TRAFFIC VOLUMES
C9: 1. Car | D9: 2. Station Wagon | E9: 3. Pickups | F9: 4. Minibus, matatu | G9: 5. Medium bus | H9: 6. Large Bus | I9: 7. Light Truck | J9: 8. Medium Truck | K9: 9. Heavy truck | L9: 10. Truck Trailer | M9: 11. Motor cycles | N9: 12. Tractors | O9: Total Excl M/Cycles | P9: Total All | R9: Time | S9: 1. Car | T9: 2. Station Wagon | U9: 3. Pickups | V9: 4. Minibus, matatu | W9: 5. Medium bus | X9: 6. Large Bus | Y9: 7. Light Truck | Z9: 8. Medium Truck | AA9: 9. Heavy truck | AB9: 10. Truck Trailer | AC9: 11. Motorcycles | AD9: 12. Tractors, Graders | AE9: Total Excl M/ Cycles | AF9: Total All
B10: 07.00 - 07.15 | C10: 65 | D10: 7 | E10: 8 | F10: 16 | G10: 0 | H10: 0 | I10: 3 | J10: 0 | K10: 0 | L10: 0 | M10: 57 | N10: 0 | O10: =SUM(C10:L10,N10) -> 99 | P10: =SUM(C10:N10) -> 156 | R10: 0700-0800 | S10: =SUM(C10:C13) -> 280 | T10: =SUM(D10:D13) -> 43 | U10: =SUM(E10:E13) -> 29 | V10: =SUM(F10:F13) -> 63 | W10: =SUM(G10:G13) -> 0 | X10: =SUM(H10:H13) -> 0 | Y10: =SUM(I10:I13) -> 11 | Z10: =SUM(J10:J13) -> 1 | ... AF10: =SUM(P10:P13) -> 704
B11: 07.15 - 07.30 | C11: 60 | D11: 5 | E11: 3 | F11: 11 | G11: 0 | H11: 0 | I11: 2 | J11: 1 | K11: 0 | L11: 0 | M11: 60 | N11: 0 | O11: =SUM(C11:L11,N11) -> 82 | P11: =SUM(C11:N11) -> 142 | R11: 0800-0900 | S11: =SUM(C14:C17) -> 510 | T11: =SUM(D14:D17) -> 56 | U11: =SUM(E14:E17) -> 27 | V11: =SUM(F14:F17) -> 84 | W11: =SUM(G14:G17) -> 0 | X11: =SUM(H14:H17) -> 0 | Y11: =SUM(I14:I17) -> 15 | Z11: =SUM(J14:J17) -> 0 | ... AF11: =SUM(P14:P17) -> 1076
B12: 07.30 - 07.45 | C12: 80 | D12: 16 | E12: 9 | F12: 15 | G12: 0 | H12: 0 | I12: 2 | J12: 0 | K12: 0 | L12: 0 | M12: 73 | N12: 0 | O12: =SUM(C12:L12,N12) -> 122 | P12: =SUM(C12:N12) -> 195 | R12: 0900-1000 | S12: =SUM(C18:C21) -> 455 | T12: =SUM(D18:D21) -> 63 | U12: =SUM(E18:E21) -> 25 | V12: =SUM(F18:F21) -> 52 | W12: =SUM(G18:G21) -> 0 | X12: =SUM(H18:H21) -> 0 | Y12: =SUM(I18:I21) -> 14 | Z12: =SUM(J18:J21) -> 2 | ... AF12: =SUM(P18:P21) -> 983
B13: 07.45 - 08.00 | C13: 75 | D13: 15 | E13: 9 | F13: 21 | G13: 0 | H13: 0 | I13: 4 | J13: 0 | K13: 0 | L13: 0 | M13: 87 | N13: 0 | O13: =SUM(C13:L13,N13) -> 124 | P13: =SUM(C13:N13) -> 211 | R13: 1000-1100 | S13: =SUM(C22:C25) -> 310 | T13: =SUM(D22:D25) -> 62 | U13: =SUM(E22:E25) -> 28 | V13: =SUM(F22:F25) -> 53 | W13: =SUM(G22:G25) -> 1 | X13: =SUM(H22:H25) -> 0 | Y13: =SUM(I22:I25) -> 19 | Z13: =SUM(J22:J25) -> 3 | ... AF13: =SUM(P22:P25) -> 861
B14: 08.00 - 08.15 | C14: 120 | D14: 16 | E14: 7 | F14: 21 | G14: 0 | H14: 0 | I14: 9 | J14: 0 | K14: 0 | L14: 0 | M14: 89 | N14: 0 | O14: =SUM(C14:L14,N14) -> 173 | P14: =SUM(C14:N14) -> 262 | R14: 1100-1200 | S14: =SUM(C26:C29) -> 265 | T14: =SUM(D26:D29) -> 64 | U14: =SUM(E26:E29) -> 54 | V14: =SUM(F26:F29) -> 49 | W14: =SUM(G26:G29) -> 0 | X14: =SUM(H26:H29) -> 0 | Y14: =SUM(I26:I29) -> 15 | Z14: =SUM(J26:J29) -> 1 | ... AF14: =SUM(P26:P29) -> 803
B15: 08.15 - 08.30 | C15: 150 | D15: 13 | E15: 8 | F15: 27 | G15: 0 | H15: 0 | I15: 2 | J15: 0 | K15: 0 | L15: 0 | M15: 95 | N15: 0 | O15: =SUM(C15:L15,N15) -> 200 | P15: =SUM(C15:N15) -> 295 | R15: 1200-1300 | S15: =SUM(C30:C33) -> 230 | T15: =SUM(D30:D33) -> 64 | U15: =SUM(E30:E33) -> 61 | V15: =SUM(F30:F33) -> 38 | W15: =SUM(G30:G33) -> 0 | X15: =SUM(H30:H33) -> 0 | Y15: =SUM(I30:I33) -> 14 | Z15: =SUM(J30:J33) -> 3 | ... AF15: =SUM(P30:P33) -> 696
B16: 08.30 - 08.45 | C16: 100 | D16: 17 | E16: 6 | F16: 16 | G16: 0 | H16: 0 | I16: 2 | J16: 0 | K16: 0 | L16: 0 | M16: 100 | N16: 0 | O16: =SUM(C16:L16,N16) -> 141 | P16: =SUM(C16:N16) -> 241 | R16: 1300-1400 | S16: =SUM(C34:C37) -> 280 | T16: =SUM(D34:D37) -> 40 | U16: =SUM(E34:E37) -> 30 | V16: =SUM(F34:F37) -> 35 | W16: =SUM(G34:G37) -> 0 | X16: =SUM(H34:H37) -> 0 | Y16: =SUM(I34:I37) -> 22 | Z16: =SUM(J34:J37) -> 0 | ... AF16: =SUM(P34:P37) -> 686
B17: 08.45 - 9.00 | C17: 140 | D17: 10 | E17: 6 | F17: 20 | G17: 0 | H17: 0 | I17: 2 | J17: 0 | K17: 0 | L17: 0 | M17: 100 | N17: 0 | O17: =SUM(C17:L17,N17) -> 178 | P17: =SUM(C17:N17) -> 278 | R17: 1400-1500 | S17: =SUM(C38:C41) -> 270 | T17: =SUM(D38:D41) -> 29 | U17: =SUM(E38:E41) -> 21 | V17: =SUM(F38:F41) -> 27 | W17: =SUM(G38:G41) -> 0 | X17: =SUM(H38:H41) -> 0 | Y17: =SUM(I38:I41) -> 16 | Z17: =SUM(J38:J41) -> 0 | ... AF17: =SUM(P38:P41) -> 683
B18: 09.00 - 09.15 | C18: 155 | D18: 15 | E18: 5 | F18: 12 | G18: 0 | H18: 0 | I18: 4 | J18: 0 | K18: 1 | L18: 0 | M18: 75 | N18: 0 | O18: =SUM(C18:L18,N18) -> 192 | P18: =SUM(C18:N18) -> 267 | R18: 1500-1600 | S18: =SUM(C42:C45) -> 196 | T18: =SUM(D42:D45) -> 31 | U18: =SUM(E42:E45) -> 18 | V18: =SUM(F42:F45) -> 33 | W18: =SUM(G42:G45) -> 0 | X18: =SUM(H42:H45) -> 0 | Y18: =SUM(I42:I45) -> 18 | Z18: =SUM(J42:J45) -> 5 | ... AF18: =SUM(P42:P45) -> 639
B19: 09.15 - 09.30 | C19: 105 | D19: 15 | E19: 5 | F19: 14 | G19: 0 | H19: 0 | I19: 4 | J19: 0 | K19: 2 | L19: 0 | M19: 80 | N19: 0 | O19: =SUM(C19:L19,N19) -> 145 | P19: =SUM(C19:N19) -> 225 | R19: 1600-1700 | S19: =SUM(C46:C49) -> 275 | T19: =SUM(D46:D49) -> 30 | U19: =SUM(E46:E49) -> 21 | V19: =SUM(F46:F49) -> 36 | W19: =SUM(G46:G49) -> 0 | X19: =SUM(H46:H49) -> 0 | Y19: =SUM(I46:I49) -> 21 | Z19: =SUM(J46:J49) -> 4 | ... AF19: =SUM(P46:P49) -> 676
B20: 09.30 - 09.45 | C20: 95 | D20: 19 | E20: 8 | F20: 10 | G20: 0 | H20: 0 | I20: 2 | J20: 2 | K20: 0 | L20: 0 | M20: 89 | N20: 0 | O20: =SUM(C20:L20,N20) -> 136 | P20: =SUM(C20:N20) -> 225 | R20: 1700-1800 | S20: =SUM(C50:C53) -> 215 | T20: =SUM(D50:D53) -> 36 | U20: =SUM(E50:E53) -> 31 | V20: =SUM(F50:F53) -> 38 | W20: =SUM(G50:G53) -> 0 | X20: =SUM(H50:H53) -> 0 | Y20: =SUM(I50:I53) -> 16 | Z20: =SUM(J50:J53) -> 4 | ... AF20: =SUM(P50:P53) -> 661
B21: 09.45 - 10.00 | C21: 100 | D21: 14 | E21: 7 | F21: 16 | G21: 0 | H21: 0 | I21: 4 | J21: 0 | K21: 0 | L21: 0 | M21: 125 | N21: 0 | O21: =SUM(C21:L21,N21) -> 141 | P21: =SUM(C21:N21) -> 266 | R21: 1800-1900 | S21: =SUM(C54:C57) -> 273 | T21: =SUM(D54:D57) -> 38 | U21: =SUM(E54:E57) -> 26 | V21: =SUM(F54:F57) -> 50 | W21: =SUM(G54:G57) -> 1 | X21: =SUM(H54:H57) -> 0 | Y21: =SUM(I54:I57) -> 23 | Z21: =SUM(J54:J57) -> 1 | ... AF21: =SUM(P54:P57) -> 675
B22: 10.00 - 10.15 | C22: 65 | D22: 18 | E22: 7 | F22: 11 | G22: 0 | H22: 0 | I22: 8 | J22: 2 | K22: 0 | L22: 0 | M22: 75 | N22: 0 | O22: =SUM(C22:L22,N22) -> 111 | P22: =SUM(C22:N22) -> 186 | R22: 1900-2000 | S22: =SUM(C58:C61) -> 312 | T22: =SUM(D58:D61) -> 75 | U22: =SUM(E58:E61) -> 17 | V22: =SUM(F58:F61) -> 65 | W22: =SUM(G58:G61) -> 0 | X22: =SUM(H58:H61) -> 0 | Y22: =SUM(I58:I61) -> 21 | Z22: =SUM(J58:J61) -> 1 | ... AF22: =SUM(P58:P61) -> 997
B23: 10.15 - 10.30 | C23: 80 | D23: 12 | E23: 7 | F23: 15 | G23: 0 | H23: 0 | I23: 5 | J23: 1 | K23: 0 | L23: 0 | M23: 60 | N23: 0 | O23: =SUM(C23:L23,N23) -> 120 | P23: =SUM(C23:N23) -> 180 | R23: 2000-2100 | S23: =SUM(C62:C65) -> 244 | T23: =SUM(D62:D65) -> 50 | U23: =SUM(E62:E65) -> 27 | V23: =SUM(F62:F65) -> 58 | W23: =SUM(G62:G65) -> 0 | X23: =SUM(H62:H65) -> 0 | Y23: =SUM(I62:I65) -> 10 | Z23: =SUM(J62:J65) -> 1 | ... AF23: =SUM(P62:P65) -> 790
B24: 10.30 - 10.45 | C24: 90 | D24: 22 | E24: 7 | F24: 13 | G24: 0 | H24: 0 | I24: 4 | J24: 0 | K24: 0 | L24: 0 | M24: 125 | N24: 0 | O24: =SUM(C24:L24,N24) -> 136 | P24: =SUM(C24:N24) -> 261 | R24: 2100-2200 | S24: =SUM(C66:C69) -> 248 | T24: =SUM(D66:D69) -> 38 | U24: =SUM(E66:E69) -> 13 | V24: =SUM(F66:F69) -> 30 | W24: =SUM(G66:G69) -> 0 | X24: =SUM(H66:H69) -> 0 | Y24: =SUM(I66:I69) -> 11 | Z24: =SUM(J66:J69) -> 1 | ... AF24: =SUM(P66:P69) -> 709
B25: 10.45 - 11.00 | C25: 75 | D25: 10 | E25: 7 | F25: 14 | G25: 1 | H25: 0 | I25: 2 | J25: 0 | K25: 0 | L25: 0 | M25: 125 | N25: 0 | O25: =SUM(C25:L25,N25) -> 109 | P25: =SUM(C25:N25) -> 234 | R25: 2200-2300 | S25: =SUM(C70:C73) -> 217 | T25: =SUM(D70:D73) -> 34 | U25: =SUM(E70:E73) -> 10 | V25: =SUM(F70:F73) -> 27 | W25: =SUM(G70:G73) -> 0 | X25: =SUM(H70:H73) -> 0 | Y25: =SUM(I70:I73) -> 7 | Z25: =SUM(J70:J73) -> 0 | ... AF25: =SUM(P70:P73) -> 561
B26: 11.00 - 11.15 | C26: 60 | D26: 13 | E26: 17 | F26: 13 | G26: 0 | H26: 0 | I26: 3 | J26: 0 | K26: 2 | L26: 0 | M26: 85 | N26: 0 | O26: =SUM(C26:L26,N26) -> 108 | P26: =SUM(C26:N26) -> 193 | R26: 2300-0000 | S26: =SUM(C74:C77) -> 211 | T26: =SUM(D74:D77) -> 50 | U26: =SUM(E74:E77) -> 10 | V26: =SUM(F74:F77) -> 19 | W26: =SUM(G74:G77) -> 1 | X26: =SUM(H74:H77) -> 0 | Y26: =SUM(I74:I77) -> 11 | Z26: =SUM(J74:J77) -> 0 | ... AF26: =SUM(P74:P77) -> 544
B27: 11.15 - 11.30 | C27: 40 | D27: 19 | E27: 14 | F27: 10 | G27: 0 | H27: 0 | I27: 4 | J27: 1 | K27: 1 | L27: 0 | M27: 100 | N27: 0 | O27: =SUM(C27:L27,N27) -> 89 | P27: =SUM(C27:N27) -> 189 | R27: 0000-0100 | S27: =SUM(C78:C81) -> 188 | T27: =SUM(D78:D81) -> 37 | U27: =SUM(E78:E81) -> 9 | V27: =SUM(F78:F81) -> 14 | W27: =SUM(G78:G81) -> 0 | X27: =SUM(H78:H81) -> 0 | Y27: =SUM(I78:I81) -> 6 | Z27: =SUM(J78:J81) -> 0 | ... AF27: =SUM(P78:P81) -> 396
B28: 11.30 - 11.45 | C28: 80 | D28: 17 | E28: 6 | F28: 13 | G28: 0 | H28: 0 | I28: 5 | J28: 0 | K28: 0 | L28: 0 | M28: 92 | N28: 0 | O28: =SUM(C28:L28,N28) -> 121 | P28: =SUM(C28:N28) -> 213 | R28: 0100-0200 | S28: =SUM(C82:C85) -> 166 | T28: =SUM(D82:D85) -> 31 | U28: =SUM(E82:E85) -> 4 | V28: =SUM(F82:F85) -> 0 | W28: =SUM(G82:G85) -> 0 | X28: =SUM(H82:H85) -> 0 | Y28: =SUM(I82:I85) -> 4 | Z28: =SUM(J82:J85) -> 0 | ... AF28: =SUM(P82:P85) -> 346
B29: 11.45 - 12.00 | C29: 85 | D29: 15 | E29: 17 | F29: 13 | G29: 0 | H29: 0 | I29: 3 | J29: 0 | K29: 0 | L29: 0 | M29: 75 | N29: 0 | O29: =SUM(C29:L29,N29) -> 133 | P29: =SUM(C29:N29) -> 208 | R29: 0200-0300 | S29: =SUM(C86:C89) -> 103 | T29: =SUM(D86:D89) -> 25 | U29: =SUM(E86:E89) -> 5 | V29: =SUM(F86:F89) -> 3 | W29: =SUM(G86:G89) -> 0 | X29: =SUM(H86:H89) -> 0 | Y29: =SUM(I86:I89) -> 0 | Z29: =SUM(J86:J89) -> 1 | ... AF29: =SUM(P86:P89) -> 235
B30: 12.00 - 12.15 | C30: 55 | D30: 18 | E30: 16 | F30: 10 | G30: 0 | H30: 0 | I30: 1 | J30: 0 | K30: 1 | L30: 0 | M30: 60 | N30: 0 | O30: =SUM(C30:L30,N30) -> 101 | P30: =SUM(C30:N30) -> 161 | R30: 0300-0400 | S30: =SUM(C90:C93) -> 115 | T30: =SUM(D90:D93) -> 24 | U30: =SUM(E90:E93) -> 4 | V30: =SUM(F90:F93) -> 2 | W30: =SUM(G90:G93) -> 0 | X30: =SUM(H90:H93) -> 0 | Y30: =SUM(I90:I93) -> 1 | Z30: =SUM(J90:J93) -> 0 | ... AF30: =SUM(P90:P93) -> 232
B31: 12.15 - 12.30 | C31: 65 | D31: 15 | E31: 16 | F31: 7 | G31: 0 | H31: 0 | I31: 2 | J31: 2 | K31: 0 | L31: 0 | M31: 100 | N31: 0 | O31: =SUM(C31:L31,N31) -> 107 | P31: =SUM(C31:N31) -> 207 | R31: 0400-0500 | S31: =SUM(C94:C97) -> 131 | T31: =SUM(D94:D97) -> 16 | U31: =SUM(E94:E97) -> 4 | V31: =SUM(F94:F97) -> 1 | W31: =SUM(G94:G97) -> 0 | X31: =SUM(H94:H97) -> 0 | Y31: =SUM(I94:I97) -> 1 | Z31: =SUM(J94:J97) -> 0 | ... AF31: =SUM(P94:P97) -> 253
B32: 12.30 - 12.45 | C32: 60 | D32: 17 | E32: 12 | F32: 6 | G32: 0 | H32: 0 | I32: 4 | J32: 1 | K32: 0 | L32: 0 | M32: 50 | N32: 0 | O32: =SUM(C32:L32,N32) -> 100 | P32: =SUM(C32:N32) -> 150 | R32: 0500-0600 | S32: =SUM(C98:C101) -> 96 | T32: =SUM(D98:D101) -> 12 | U32: =SUM(E98:E101) -> 11 | V32: =SUM(F98:F101) -> 14 | W32: =SUM(G98:G101) -> 0 | X32: =SUM(H98:H101) -> 0 | Y32: =SUM(I98:I101) -> 6 | Z32: =SUM(J98:J101) -> 1 | ... AF32: =SUM(P98:P101) -> 208
B33: 12.45 - 13.00 | C33: 50 | D33: 14 | E33: 17 | F33: 15 | G33: 0 | H33: 0 | I33: 7 | J33: 0 | K33: 1 | L33: 0 | M33: 74 | N33: 0 | O33: =SUM(C33:L33,N33) -> 104 | P33: =SUM(C33:N33) -> 178 | R33: 0600-0700 | S33: =SUM(C102:C105) -> 132 | T33: =SUM(D102:D105) -> 28 | U33: =SUM(E102:E105) -> 4 | V33: =SUM(F102:F105) -> 27 | W33: =SUM(G102:G105) -> 0 | X33: =SUM(H102:H105) -> 0 | Y33: =SUM(I102:I105) -> 4 | Z33: =SUM(J102:J105) -> 0 | ... AF33: =SUM(P102:P105) -> 323
B34: 13.00 - 13.15 | C34: 65 | D34: 13 | E34: 5 | F34: 11 | G34: 0 | H34: 0 | I34: 8 | J34: 0 | K34: 0 | L34: 2 | M34: 80 | N34: 0 | O34: =SUM(C34:L34,N34) -> 104 | P34: =SUM(C34:N34) -> 184 | R34: AM Peak Hr | S34: =MAX(S10:S12) -> 510 | T34: =MAX(T10:T12) -> 63 | U34: =MAX(U10:U12) -> 29 | V34: =MAX(V10:V12) -> 84 | W34: =MAX(W10:W12) -> 0 | X34: =MAX(X10:X12) -> 0 | Y34: =MAX(Y10:Y12) -> 15 | Z34: =MAX(Z10:Z12) -> 2 | ... AF34: =MAX(AF10:AF12) -> 1076
B35: 13.15 - 13.30 | C35: 60 | D35: 8 | E35: 5 | F35: 7 | G35: 0 | H35: 0 | I35: 7 | J35: 0 | K35: 0 | L35: 0 | M35: 75 | N35: 0 | O35: =SUM(C35:L35,N35) -> 87 | P35: =SUM(C35:N35) -> 162 | R35: IP Peak Hr | S35: =MAX(S13:S18) -> 310 | T35: =MAX(T13:T18) -> 64 | U35: =MAX(U13:U18) -> 61 | V35: =MAX(V13:V18) -> 53 | W35: =MAX(W13:W18) -> 1 | X35: =MAX(X13:X18) -> 0 | Y35: =MAX(Y13:Y18) -> 22 | Z35: =MAX(Z13:Z18) -> 5 | ... AF35: =MAX(AF13:AF18) -> 861
B36: 13.30 - 13.45 | C36: 75 | D36: 9 | E36: 12 | F36: 5 | G36: 0 | H36: 0 | I36: 2 | J36: 0 | K36: 1 | L36: 0 | M36: 64 | N36: 0 | O36: =SUM(C36:L36,N36) -> 104 | P36: =SUM(C36:N36) -> 168 | R36: PM Peak Hr | S36: =MAX(S19:S21) -> 275 | T36: =MAX(T19:T21) -> 38 | U36: =MAX(U19:U21) -> 31 | V36: =MAX(V19:V21) -> 50 | W36: =MAX(W19:W21) -> 1 | X36: =MAX(X19:X21) -> 0 | Y36: =MAX(Y19:Y21) -> 23 | Z36: =MAX(Z19:Z21) -> 4 | ... AF36: =MAX(AF19:AF21) -> 676
B37: 13.45 - 14.00 | C37: 80 | D37: 10 | E37: 8 | F37: 12 | G37: 0 | H37: 0 | I37: 5 | J37: 0 | K37: 0 | L37: 0 | M37: 57 | N37: 0 | O37: =SUM(C37:L37,N37) -> 115 | P37: =SUM(C37:N37) -> 172 | R37: AM Period | S37: =SUM(S10:S12) -> 1245 | T37: =SUM(T10:T12) -> 162 | U37: =SUM(U10:U12) -> 81 | V37: =SUM(V10:V12) -> 199 | W37: =SUM(W10:W12) -> 0 | X37: =SUM(X10:X12) -> 0 | Y37: =SUM(Y10:Y12) -> 40 | Z37: =SUM(Z10:Z12) -> 3 | ... AF37: =SUM(AF10:AF12) -> 2763
B38: 14.00 - 14.15 | C38: 75 | D38: 13 | E38: 10 | F38: 15 | G38: 0 | H38: 0 | I38: 3 | J38: 0 | K38: 0 | L38: 0 | M38: 80 | N38: 0 | O38: =SUM(C38:L38,N38) -> 116 | P38: =SUM(C38:N38) -> 196 | R38: IP Period | S38: =SUM(S13:S18) -> 1551 | T38: =SUM(T13:T18) -> 290 | U38: =SUM(U13:U18) -> 212 | V38: =SUM(V13:V18) -> 235 | W38: =SUM(W13:W18) -> 1 | X38: =SUM(X13:X18) -> 0 | Y38: =SUM(Y13:Y18) -> 104 | Z38: =SUM(Z13:Z18) -> 12 | ... AF38: =SUM(AF13:AF18) -> 4368
B39: 14.15 - 14.30 | C39: 70 | D39: 3 | E39: 2 | F39: 5 | G39: 0 | H39: 0 | I39: 6 | J39: 0 | K39: 0 | L39: 0 | M39: 75 | N39: 0 | O39: =SUM(C39:L39,N39) -> 86 | P39: =SUM(C39:N39) -> 161 | R39: PM Period | S39: =SUM(S19:S21) -> 763 | T39: =SUM(T19:T21) -> 104 | U39: =SUM(U19:U21) -> 78 | V39: =SUM(V19:V21) -> 124 | W39: =SUM(W19:W21) -> 1 | X39: =SUM(X19:X21) -> 0 | Y39: =SUM(Y19:Y21) -> 60 | Z39: =SUM(Z19:Z21) -> 9 | ... AF39: =SUM(AF19:AF21) -> 2012
B40: 14.30 - 14.45 | C40: 65 | D40: 6 | E40: 4 | F40: 3 | G40: 0 | H40: 0 | I40: 3 | J40: 0 | K40: 0 | L40: 0 | M40: 85 | N40: 0 | O40: =SUM(C40:L40,N40) -> 81 | P40: =SUM(C40:N40) -> 166 | R40: 12 Hours | S40: =SUM(S10:S21) -> 3559 | T40: =SUM(T10:T21) -> 556 | U40: =SUM(U10:U21) -> 371 | V40: =SUM(V10:V21) -> 558 | W40: =SUM(W10:W21) -> 2 | X40: =SUM(X10:X21) -> 0 | Y40: =SUM(Y10:Y21) -> 204 | Z40: =SUM(Z10:Z21) -> 24 | ... AF40: =SUM(AF10:AF21) -> 9143
B41: 14.45 - 15.00 | C41: 60 | D41: 7 | E41: 5 | F41: 4 | G41: 0 | H41: 0 | I41: 4 | J41: 0 | K41: 0 | L41: 0 | M41: 80 | N41: 0 | O41: =SUM(C41:L41,N41) -> 80 | P41: =SUM(C41:N41) -> 160 | R41: 24 Hrs/ADT | S41: =SUM(S10:S33) -> 5722 | T41: =SUM(T10:T33) -> 976 | U41: =SUM(U10:U33) -> 489 | V41: =SUM(V10:V33) -> 818 | W41: =SUM(W10:W33) -> 3 | X41: =SUM(X10:X33) -> 0 | Y41: =SUM(Y10:Y33) -> 286 | Z41: =SUM(Z10:Z33) -> 29 | ... AF41: =SUM(AF10:AF33) -> 14737
B42: 15.00 - 15.15 | C42: 45 | D42: 7 | E42: 2 | F42: 6 | G42: 0 | H42: 0 | I42: 3 | J42: 1 | K42: 0 | L42: 0 | M42: 85 | N42: 0 | O42: =SUM(C42:L42,N42) -> 64 | P42: =SUM(C42:N42) -> 149 | R42: NEF | S42: =S41/S40 -> 1.607755 | T42: =T41/T40 -> 1.7553957 | U42: =U41/U40 -> 1.3180593 | V42: =V41/V40 -> 1.4659498 | W42: =W41/W40 -> 1.5 | X42: =X41/X40 -> #DIV/0! | Y42: =Y41/Y40 -> 1.4019608 | Z42: =Z41/Z40 -> 1.2083333 | ... AF42: =AF41/AF40 -> 1.6118342
B43: 15.15 - 15.30 | C43: 35 | D43: 8 | E43: 6 | F43: 11 | G43: 0 | H43: 0 | I43: 4 | J43: 0 | K43: 0 | L43: 0 | M43: 100 | N43: 0 | O43: =SUM(C43:L43,N43) -> 64 | P43: =SUM(C43:N43) -> 164
B44: 15.30 - 15.45 | C44: 61 | D44: 9 | E44: 5 | F44: 9 | G44: 0 | H44: 0 | I44: 6 | J44: 1 | K44: 1 | L44: 0 | M44: 77 | N44: 0 | O44: =SUM(C44:L44,N44) -> 92 | P44: =SUM(C44:N44) -> 169
B45: 15.45 - 16.00 | C45: 55 | D45: 7 | E45: 5 | F45: 7 | G45: 0 | H45: 0 | I45: 5 | J45: 3 | K45: 0 | L45: 0 | M45: 75 | N45: 0 | O45: =SUM(C45:L45,N45) -> 82 | P45: =SUM(C45:N45) -> 157
B46: 16.00 - 16.15 | C46: 95 | D46: 3 | E46: 5 | F46: 11 | G46: 0 | H46: 0 | I46: 4 | J46: 0 | K46: 0 | L46: 0 | M46: 85 | N46: 0 | O46: =SUM(C46:L46,N46) -> 118 | P46: =SUM(C46:N46) -> 203
B47: 16.15 -16.30 | C47: 70 | D47: 10 | E47: 9 | F47: 12 | G47: 0 | H47: 0 | I47: 5 | J47: 1 | K47: 1 | L47: 0 | M47: 60 | N47: 0 | O47: =SUM(C47:L47,N47) -> 108 | P47: =SUM(C47:N47) -> 168
B48: 16.30 -16.45 | C48: 60 | D48: 8 | E48: 5 | F48: 4 | G48: 0 | H48: 0 | I48: 6 | J48: 1 | K48: 0 | L48: 0 | M48: 75 | N48: 0 | O48: =SUM(C48:L48,N48) -> 84 | P48: =SUM(C48:N48) -> 159
B49: 16.45 -17.00 | C49: 50 | D49: 9 | E49: 2 | F49: 9 | G49: 0 | H49: 0 | I49: 6 | J49: 2 | K49: 0 | L49: 0 | M49: 68 | N49: 0 | O49: =SUM(C49:L49,N49) -> 78 | P49: =SUM(C49:N49) -> 146
B50: 17.00 -17.15 | C50: 58 | D50: 5 | E50: 6 | F50: 8 | G50: 0 | H50: 0 | I50: 3 | J50: 1 | K50: 1 | L50: 0 | M50: 115 | N50: 0 | O50: =SUM(C50:L50,N50) -> 82 | P50: =SUM(C50:N50) -> 197
B51: 17.15 -17.30 | C51: 60 | D51: 8 | E51: 8 | F51: 9 | G51: 0 | H51: 0 | I51: 6 | J51: 2 | K51: 0 | L51: 0 | M51: 70 | N51: 0 | O51: =SUM(C51:L51,N51) -> 93 | P51: =SUM(C51:N51) -> 163
B52: 17.30 -17.45 | C52: 55 | D52: 12 | E52: 9 | F52: 13 | G52: 0 | H52: 0 | I52: 5 | J52: 1 | K52: 0 | L52: 0 | M52: 65 | N52: 0 | O52: =SUM(C52:L52,N52) -> 95 | P52: =SUM(C52:N52) -> 160
B53: 17.45 -18.00 | C53: 42 | D53: 11 | E53: 8 | F53: 8 | G53: 0 | H53: 0 | I53: 2 | J53: 0 | K53: 0 | L53: 0 | M53: 70 | N53: 0 | O53: =SUM(C53:L53,N53) -> 71 | P53: =SUM(C53:N53) -> 141
B54: 18.00 - 18.15 | C54: 60 | D54: 10 | E54: 6 | F54: 14 | G54: 0 | H54: 0 | I54: 5 | J54: 0 | K54: 0 | L54: 0 | M54: 50 | N54: 0 | O54: =SUM(C54:L54,N54) -> 95 | P54: =SUM(C54:N54) -> 145
... B105: 06.45 - 07.00 | C105: 49 | D105: 11 | E105: 0 | F105: 8 | G105: 0 | H105: 0 | I105: 1 | J105: 0 | K105: 0 | L105: 0 | M105: 36 | N105: 0 | O105: =SUM(C105:L105,N105) -> 69 | P105: =SUM(C105:N105) -> 105
B106: Totals | C106: =SUM(C10:C105) -> 5722 | D106: =SUM(D10:D105) -> 976 | E106: =SUM(E10:E105) -> 489 | F106: =SUM(F10:F105) -> 818 | G106: =SUM(G10:G105) -> 3 | H106: =SUM(H10:H105) -> 0 | I106: =SUM(I10:I105) -> 286 | J106: =SUM(J10:J105) -> 29 | ... P106: =SUM(P10:P105) -> 14737
B107: %ges + MCs | C107: =C106/$P$106 -> 0.38827441 | D107: =D106/$P$106 -> 0.066227862 | E107: =E106/$P$106 -> 0.033181787 | F107: =F106/$P$106 -> 0.055506548 | G107: =G106/$P$106 -> 0.00020356925 | H107: =H106/$P$106 -> 0 | I107: =I106/$P$106 -> 0.019406935 | J107: =J106/$P$106 -> 0.0019678361 | ... N107: =N106/$P$106 -> 0
B108: %ges w/o MCs | C108: =C106/$O$106 -> 0.68609113 | D108: =D106/$O$106 -> 0.11702638 | E108: =E106/$O$106 -> 0.058633094 | F108: =F106/$O$106 -> 0.098081535 | G108: =G106/$O$106 -> 0.00035971223 | H108: =H106/$O$106 -> 0 | I108: =I106/$O$106 -> 0.034292566 | J108: =J106/$O$106 -> 0.0034772182 | ... L108: =L106/$O$106 -> 0.00023980815 | N108: =N106/$O$106 -> 0

Sheet 03.08 Kiwatule-Najjeera-24h
B1: Consultancy services for Preparation of Expressway Development Master Plan (EDMP) for Uganda
B2: MANUAL CLASSIFIED COUNT (MCC)
B3: ROAD NAME: | C3: ='29.07 Najjeera-Kiwatule'!C3:G3 -> MCC - C1 - STN36 - MBOGO ROAD
C5: Date | D5: ='03.08 Najjeera-Kiwatule-24h'!D5 -> 03.08.19 | F5: Location | G5: ='03.08 Najjeera-Kiwatule-24h'!G5:H5 -> U Save Kiwatule | J5: Surveyor | K5: Pauline & Beteth
C6: Dir. From | D6: ='29.07 Kiwatule-Najjeera'!D6:E6 -> Kiwatule | F6: Dir. To | G6: ='29.07 Kiwatule-Najjeera'!G6:H6 -> Najjeera | J6: Supervisor | K6: ='03.08 Najjeera-Kiwatule-24h'!K6:L6 -> Joan
B8: Time / Veh Type | R8: SUMMARY TRAFFIC VOLUMES
C9: 1. Car | D9: 2. Station Wagon | E9: 3. Pickups | F9: 4. Minibus, matatu | G9: 5. Medium bus | H9: 6. Large Bus | I9: 7. Light Truck | J9: 8. Medium Truck | K9: 9. Heavy truck | L9: 10. Truck Trailer | M9: 11. Motor cycles | N9: 12. Tractors | O9: Total Excl M/Cycles | P9: Total All | R9: Time | S9: 1. Car | T9: 2. Station Wagon | U9: 3. Pickups | V9: 4. Minibus, matatu | W9: 5. Medium bus | X9: 6. Large Bus | Y9: 7. Light Truck | Z9: 8. Medium Truck | AA9: 9. Heavy truck | AB9: 10. Truck Trailer | AC9: 11. Motorcycles | AD9: 12. Tractors, Graders | AE9: Total Excl M/ Cycles | AF9: Total All
B10: 07.00 - 07.15 | C10: 25 | D10: 4 | E10: 2 | F10: 14 | G10: 0 | H10: 0 | I10: 3 | J10: 2 | K10: 0 | L10: 0 | M10: 15 | N10: 0 | O10: =SUM(C10:L10,N10) -> 50 | P10: =SUM(C10:N10) -> 65 | R10: 0700-0800 | S10: =SUM(C10:C13) -> 93 | T10: =SUM(D10:D13) -> 29 | U10: =SUM(E10:E13) -> 13 | V10: =SUM(F10:F13) -> 83 | W10: =SUM(G10:G13) -> 0 | X10: =SUM(H10:H13) -> 0 | Y10: =SUM(I10:I13) -> 13 | Z10: =SUM(J10:J13) -> 3 | ... AF10: =SUM(P10:P13) -> 326
B11: 07.15 - 07.30 | C11: 35 | D11: 9 | E11: 5 | F11: 26 | G11: 0 | H11: 0 | I11: 6 | J11: 0 | K11: 1 | L11: 0 | M11: 30 | N11: 0 | O11: =SUM(C11:L11,N11) -> 82 | P11: =SUM(C11:N11) -> 112 | R11: 0800-0900 | S11: =SUM(C14:C17) -> 161 | T11: =SUM(D14:D17) -> 20 | U11: =SUM(E14:E17) -> 16 | V11: =SUM(F14:F17) -> 123 | W11: =SUM(G14:G17) -> 3 | X11: =SUM(H14:H17) -> 1 | Y11: =SUM(I14:I17) -> 32 | Z11: =SUM(J14:J17) -> 2 | ... AF11: =SUM(P14:P17) -> 537
B12: 07.30 - 07.45 | C12: 15 | D12: 7 | E12: 3 | F12: 23 | G12: 0 | H12: 0 | I12: 2 | J12: 0 | K12: 0 | L12: 0 | M12: 18 | N12: 0 | O12: =SUM(C12:L12,N12) -> 50 | P12: =SUM(C12:N12) -> 68 | R12: 0900-1000 | S12: =SUM(C18:C21) -> 137 | T12: =SUM(D18:D21) -> 31 | U12: =SUM(E18:E21) -> 17 | V12: =SUM(F18:F21) -> 78 | W12: =SUM(G18:G21) -> 0 | X12: =SUM(H18:H21) -> 0 | Y12: =SUM(I18:I21) -> 29 | Z12: =SUM(J18:J21) -> 4 | ... AF12: =SUM(P18:P21) -> 504
B13: 07.45 - 08.00 | C13: 18 | D13: 9 | E13: 3 | F13: 20 | G13: 0 | H13: 0 | I13: 2 | J13: 1 | K13: 0 | L13: 0 | M13: 28 | N13: 0 | O13: =SUM(C13:L13,N13) -> 53 | P13: =SUM(C13:N13) -> 81 | R13: 1000-1100 | S13: =SUM(C22:C25) -> 182 | T13: =SUM(D22:D25) -> 25 | U13: =SUM(E22:E25) -> 19 | V13: =SUM(F22:F25) -> 46 | W13: =SUM(G22:G25) -> 3 | X13: =SUM(H22:H25) -> 0 | Y13: =SUM(I22:I25) -> 23 | Z13: =SUM(J22:J25) -> 1 | ... AF13: =SUM(P22:P25) -> 416
B14: 08.00 - 08.15 | C14: 29 | D14: 3 | E14: 3 | F14: 25 | G14: 2 | H14: 0 | I14: 5 | J14: 1 | K14: 0 | L14: 0 | M14: 30 | N14: 0 | O14: =SUM(C14:L14,N14) -> 68 | P14: =SUM(C14:N14) -> 98 | R14: 1100-1200 | S14: =SUM(C26:C29) -> 163 | T14: =SUM(D26:D29) -> 35 | U14: =SUM(E26:E29) -> 11 | V14: =SUM(F26:F29) -> 50 | W14: =SUM(G26:G29) -> 1 | X14: =SUM(H26:H29) -> 0 | Y14: =SUM(I26:I29) -> 36 | Z14: =SUM(J26:J29) -> 3 | ... AF14: =SUM(P26:P29) -> 416
B15: 08.15 - 08.30 | C15: 46 | D15: 2 | E15: 3 | F15: 30 | G15: 0 | H15: 1 | I15: 6 | J15: 0 | K15: 0 | L15: 0 | M15: 45 | N15: 0 | O15: =SUM(C15:L15,N15) -> 88 | P15: =SUM(C15:N15) -> 133 | R15: 1200-1300 | S15: =SUM(C30:C33) -> 110 | T15: =SUM(D30:D33) -> 34 | U15: =SUM(E30:E33) -> 15 | V15: =SUM(F30:F33) -> 50 | W15: =SUM(G30:G33) -> 4 | X15: =SUM(H30:H33) -> 0 | Y15: =SUM(I30:I33) -> 21 | Z15: =SUM(J30:J33) -> 1 | ... AF15: =SUM(P30:P33) -> 379
B16: 08.30 - 08.45 | C16: 41 | D16: 5 | E16: 3 | F16: 31 | G16: 1 | H16: 0 | I16: 5 | J16: 1 | K16: 1 | L16: 0 | M16: 40 | N16: 0 | O16: =SUM(C16:L16,N16) -> 88 | P16: =SUM(C16:N16) -> 128 | R16: 1300-1400 | S16: =SUM(C34:C37) -> 94 | T16: =SUM(D34:D37) -> 40 | U16: =SUM(E34:E37) -> 10 | V16: =SUM(F34:F37) -> 54 | W16: =SUM(G34:G37) -> 3 | X16: =SUM(H34:H37) -> 0 | Y16: =SUM(I34:I37) -> 12 | Z16: =SUM(J34:J37) -> 5 | ... AF16: =SUM(P34:P37) -> 378
B17: 08.45 - 9.00 | C17: 45 | D17: 10 | E17: 7 | F17: 37 | G17: 0 | H17: 0 | I17: 16 | J17: 0 | K17: 3 | L17: 0 | M17: 60 | N17: 0 | O17: =SUM(C17:L17,N17) -> 118 | P17: =SUM(C17:N17) -> 178 | R17: 1400-1500 | S17: =SUM(C38:C41) -> 136 | T17: =SUM(D38:D41) -> 83 | U17: =SUM(E38:E41) -> 9 | V17: =SUM(F38:F41) -> 50 | W17: =SUM(G38:G41) -> 0 | X17: =SUM(H38:H41) -> 1 | Y17: =SUM(I38:I41) -> 41 | Z17: =SUM(J38:J41) -> 2 | ... AF17: =SUM(P38:P41) -> 458
B18: 09.00 - 09.15 | C18: 30 | D18: 5 | E18: 7 | F18: 21 | G18: 0 | H18: 0 | I18: 4 | J18: 1 | K18: 0 | L18: 0 | M18: 50 | N18: 0 | O18: =SUM(C18:L18,N18) -> 68 | P18: =SUM(C18:N18) -> 118 | R18: 1500-1600 | S18: =SUM(C42:C45) -> 218 | T18: =SUM(D42:D45) -> 36 | U18: =SUM(E42:E45) -> 23 | V18: =SUM(F42:F45) -> 46 | W18: =SUM(G42:G45) -> 3 | X18: =SUM(H42:H45) -> 2 | Y18: =SUM(I42:I45) -> 39 | Z18: =SUM(J42:J45) -> 4 | ... AF18: =SUM(P42:P45) -> 528
B19: 09.15 - 09.30 | C19: 40 | D19: 10 | E19: 3 | F19: 28 | G19: 0 | H19: 0 | I19: 10 | J19: 2 | K19: 0 | L19: 0 | M19: 45 | N19: 0 | O19: =SUM(C19:L19,N19) -> 93 | P19: =SUM(C19:N19) -> 138 | R19: 1600-1700 | S19: =SUM(C46:C49) -> 251 | T19: =SUM(D46:D49) -> 54 | U19: =SUM(E46:E49) -> 29 | V19: =SUM(F46:F49) -> 67 | W19: =SUM(G46:G49) -> 1 | X19: =SUM(H46:H49) -> 0 | Y19: =SUM(I46:I49) -> 29 | Z19: =SUM(J46:J49) -> 1 | ... AF19: =SUM(P46:P49) -> 583
B20: 09.30 - 09.45 | C20: 31 | D20: 6 | E20: 5 | F20: 2 | G20: 0 | H20: 0 | I20: 10 | J20: 1 | K20: 2 | L20: 0 | M20: 65 | N20: 0 | O20: =SUM(C20:L20,N20) -> 57 | P20: =SUM(C20:N20) -> 122 | R20: 1700-1800 | S20: =SUM(C50:C53) -> 370 | T20: =SUM(D50:D53) -> 95 | U20: =SUM(E50:E53) -> 28 | V20: =SUM(F50:F53) -> 82 | W20: =SUM(G50:G53) -> 2 | X20: =SUM(H50:H53) -> 1 | Y20: =SUM(I50:I53) -> 17 | Z20: =SUM(J50:J53) -> 3 | ... AF20: =SUM(P50:P53) -> 964
B21: 09.45 - 10.00 | C21: 36 | D21: 10 | E21: 2 | F21: 27 | G21: 0 | H21: 0 | I21: 5 | J21: 0 | K21: 0 | L21: 1 | M21: 45 | N21: 0 | O21: =SUM(C21:L21,N21) -> 81 | P21: =SUM(C21:N21) -> 126 | R21: 1800-1900 | S21: =SUM(C54:C57) -> 330 | T21: =SUM(D54:D57) -> 40 | U21: =SUM(E54:E57) -> 36 | V21: =SUM(F54:F57) -> 97 | W21: =SUM(G54:G57) -> 2 | X21: =SUM(H54:H57) -> 3 | Y21: =SUM(I54:I57) -> 30 | Z21: =SUM(J54:J57) -> 1 | ... AF21: =SUM(P54:P57) -> 775
B22: 10.00 - 10.15 | C22: 18 | D22: 2 | E22: 2 | F22: 6 | G22: 2 | H22: 0 | I22: 5 | J22: 0 | K22: 0 | L22: 0 | M22: 20 | N22: 0 | O22: =SUM(C22:L22,N22) -> 35 | P22: =SUM(C22:N22) -> 55 | R22: 1900-2000 | S22: =SUM(C58:C61) -> 300 | T22: =SUM(D58:D61) -> 92 | U22: =SUM(E58:E61) -> 32 | V22: =SUM(F58:F61) -> 68 | W22: =SUM(G58:G61) -> 1 | X22: =SUM(H58:H61) -> 0 | Y22: =SUM(I58:I61) -> 4 | Z22: =SUM(J58:J61) -> 1 | ... AF22: =SUM(P58:P61) -> 1005
B23: 10.15 - 10.30 | C23: 65 | D23: 10 | E23: 3 | F23: 11 | G23: 0 | H23: 0 | I23: 3 | J23: 0 | K23: 0 | L23: 1 | M23: 30 | N23: 0 | O23: =SUM(C23:L23,N23) -> 93 | P23: =SUM(C23:N23) -> 123 | R23: 2000-2100 | S23: =SUM(C62:C65) -> 338 | T23: =SUM(D62:D65) -> 101 | U23: =SUM(E62:E65) -> 20 | V23: =SUM(F62:F65) -> 63 | W23: =SUM(G62:G65) -> 1 | X23: =SUM(H62:H65) -> 0 | Y23: =SUM(I62:I65) -> 15 | Z23: =SUM(J62:J65) -> 4 | ... AF23: =SUM(P62:P65) -> 850
B24: 10.30 - 10.45 | C24: 57 | D24: 3 | E24: 10 | F24: 18 | G24: 1 | H24: 0 | I24: 7 | J24: 1 | K24: 1 | L24: 0 | M24: 35 | N24: 0 | O24: =SUM(C24:L24,N24) -> 98 | P24: =SUM(C24:N24) -> 133 | R24: 2100-2200 | S24: =SUM(C66:C69) -> 465 | T24: =SUM(D66:D69) -> 115 | U24: =SUM(E66:E69) -> 22 | V24: =SUM(F66:F69) -> 71 | W24: =SUM(G66:G69) -> 1 | X24: =SUM(H66:H69) -> 0 | Y24: =SUM(I66:I69) -> 13 | Z24: =SUM(J66:J69) -> 1 | ... AF24: =SUM(P66:P69) -> 986
B25: 10.45 - 11.00 | C25: 42 | D25: 10 | E25: 4 | F25: 11 | G25: 0 | H25: 0 | I25: 8 | J25: 0 | K25: 0 | L25: 0 | M25: 30 | N25: 0 | O25: =SUM(C25:L25,N25) -> 75 | P25: =SUM(C25:N25) -> 105 | R25: 2200-2300 | S25: =SUM(C70:C73) -> 446 | T25: =SUM(D70:D73) -> 147 | U25: =SUM(E70:E73) -> 28 | V25: =SUM(F70:F73) -> 50 | W25: =SUM(G70:G73) -> 0 | X25: =SUM(H70:H73) -> 0 | Y25: =SUM(I70:I73) -> 11 | Z25: =SUM(J70:J73) -> 0 | ... AF25: =SUM(P70:P73) -> 1019
B26: 11.00 - 11.15 | C26: 38 | D26: 8 | E26: 1 | F26: 10 | G26: 1 | H26: 0 | I26: 5 | J26: 0 | K26: 1 | L26: 0 | M26: 25 | N26: 0 | O26: =SUM(C26:L26,N26) -> 64 | P26: =SUM(C26:N26) -> 89 | R26: 2300-0000 | S26: =SUM(C74:C77) -> 473 | T26: =SUM(D74:D77) -> 123 | U26: =SUM(E74:E77) -> 21 | V26: =SUM(F74:F77) -> 23 | W26: =SUM(G74:G77) -> 1 | X26: =SUM(H74:H77) -> 2 | Y26: =SUM(I74:I77) -> 6 | Z26: =SUM(J74:J77) -> 2 | ... AF26: =SUM(P74:P77) -> 929
B27: 11.15 - 11.30 | C27: 36 | D27: 9 | E27: 3 | F27: 12 | G27: 0 | H27: 0 | I27: 7 | J27: 3 | K27: 0 | L27: 1 | M27: 20 | N27: 0 | O27: =SUM(C27:L27,N27) -> 71 | P27: =SUM(C27:N27) -> 91 | R27: 0000-0100 | S27: =SUM(C78:C81) -> 328 | T27: =SUM(D78:D81) -> 95 | U27: =SUM(E78:E81) -> 21 | V27: =SUM(F78:F81) -> 10 | W27: =SUM(G78:G81) -> 0 | X27: =SUM(H78:H81) -> 0 | Y27: =SUM(I78:I81) -> 6 | Z27: =SUM(J78:J81) -> 0 | ... AF27: =SUM(P78:P81) -> 662
B28: 11.30 - 11.45 | C28: 44 | D28: 8 | E28: 5 | F28: 13 | G28: 0 | H28: 0 | I28: 16 | J28: 0 | K28: 0 | L28: 0 | M28: 35 | N28: 0 | O28: =SUM(C28:L28,N28) -> 86 | P28: =SUM(C28:N28) -> 121 | R28: 0100-0200 | S28: =SUM(C82:C85) -> 174 | T28: =SUM(D82:D85) -> 43 | U28: =SUM(E82:E85) -> 4 | V28: =SUM(F82:F85) -> 7 | W28: =SUM(G82:G85) -> 0 | X28: =SUM(H82:H85) -> 0 | Y28: =SUM(I82:I85) -> 3 | Z28: =SUM(J82:J85) -> 0 | ... AF28: =SUM(P82:P85) -> 344
B29: 11.45 - 12.00 | C29: 45 | D29: 10 | E29: 2 | F29: 15 | G29: 0 | H29: 0 | I29: 8 | J29: 0 | K29: 0 | L29: 0 | M29: 35 | N29: 0 | O29: =SUM(C29:L29,N29) -> 80 | P29: =SUM(C29:N29) -> 115 | R29: 0200-0300 | S29: =SUM(C86:C89) -> 189 | T29: =SUM(D86:D89) -> 57 | U29: =SUM(E86:E89) -> 4 | V29: =SUM(F86:F89) -> 2 | W29: =SUM(G86:G89) -> 0 | X29: =SUM(H86:H89) -> 0 | Y29: =SUM(I86:I89) -> 1 | Z29: =SUM(J86:J89) -> 2 | ... AF29: =SUM(P86:P89) -> 344
B30: 12.00 - 12.15 | C30: 31 | D30: 7 | E30: 3 | F30: 20 | G30: 3 | H30: 0 | I30: 5 | J30: 1 | K30: 2 | L30: 0 | M30: 35 | N30: 0 | O30: =SUM(C30:L30,N30) -> 72 | P30: =SUM(C30:N30) -> 107 | R30: 0300-0400 | S30: =SUM(C90:C93) -> 144 | T30: =SUM(D90:D93) -> 32 | U30: =SUM(E90:E93) -> 8 | V30: =SUM(F90:F93) -> 3 | W30: =SUM(G90:G93) -> 0 | X30: =SUM(H90:H93) -> 0 | Y30: =SUM(I90:I93) -> 3 | Z30: =SUM(J90:J93) -> 1 | ... AF30: =SUM(P90:P93) -> 277
B31: 12.15 - 12.30 | C31: 31 | D31: 7 | E31: 5 | F31: 10 | G31: 1 | H31: 0 | I31: 5 | J31: 0 | K31: 1 | L31: 1 | M31: 40 | N31: 0 | O31: =SUM(C31:L31,N31) -> 61 | P31: =SUM(C31:N31) -> 101 | R31: 0400-0500 | S31: =SUM(C94:C97) -> 84 | T31: =SUM(D94:D97) -> 33 | U31: =SUM(E94:E97) -> 7 | V31: =SUM(F94:F97) -> 0 | W31: =SUM(G94:G97) -> 0 | X31: =SUM(H94:H97) -> 0 | Y31: =SUM(I94:I97) -> 3 | Z31: =SUM(J94:J97) -> 0 | ... AF31: =SUM(P94:P97) -> 206
B32: 12.30 - 12.45 | C32: 36 | D32: 14 | E32: 2 | F32: 9 | G32: 0 | H32: 0 | I32: 6 | J32: 0 | K32: 0 | L32: 0 | M32: 30 | N32: 0 | O32: =SUM(C32:L32,N32) -> 67 | P32: =SUM(C32:N32) -> 97 | R32: 0500-0600 | S32: =SUM(C98:C101) -> 72 | T32: =SUM(D98:D101) -> 18 | U32: =SUM(E98:E101) -> 8 | V32: =SUM(F98:F101) -> 10 | W32: =SUM(G98:G101) -> 0 | X32: =SUM(H98:H101) -> 0 | Y32: =SUM(I98:I101) -> 0 | Z32: =SUM(J98:J101) -> 1 | ... AF32: =SUM(P98:P101) -> 177
B33: 12.45 - 13.00 | C33: 12 | D33: 6 | E33: 5 | F33: 11 | G33: 0 | H33: 0 | I33: 5 | J33: 0 | K33: 0 | L33: 0 | M33: 35 | N33: 0 | O33: =SUM(C33:L33,N33) -> 39 | P33: =SUM(C33:N33) -> 74 | R33: 0600-0700 | S33: =SUM(C102:C105) -> 82 | T33: =SUM(D102:D105) -> 11 | U33: =SUM(E102:E105) -> 2 | V33: =SUM(F102:F105) -> 37 | W33: =SUM(G102:G105) -> 0 | X33: =SUM(H102:H105) -> 0 | Y33: =SUM(I102:I105) -> 3 | Z33: =SUM(J102:J105) -> 2 | ... AF33: =SUM(P102:P105) -> 251
B34: 13.00 - 13.15 | C34: 8 | D34: 7 | E34: 5 | F34: 10 | G34: 1 | H34: 0 | I34: 7 | J34: 1 | K34: 0 | L34: 0 | M34: 40 | N34: 0 | O34: =SUM(C34:L34,N34) -> 39 | P34: =SUM(C34:N34) -> 79 | R34: AM Peak Hr | S34: =MAX(S10:S12) -> 161 | T34: =MAX(T10:T12) -> 31 | U34: =MAX(U10:U12) -> 17 | V34: =MAX(V10:V12) -> 123 | W34: =MAX(W10:W12) -> 3 | X34: =MAX(X10:X12) -> 1 | Y34: =MAX(Y10:Y12) -> 32 | Z34: =MAX(Z10:Z12) -> 4 | ... AF34: =MAX(AF10:AF12) -> 537
B35: 13.15 - 13.30 | C35: 20 | D35: 8 | E35: 1 | F35: 11 | G35: 0 | H35: 0 | I35: 2 | J35: 1 | K35: 0 | L35: 0 | M35: 54 | N35: 0 | O35: =SUM(C35:L35,N35) -> 43 | P35: =SUM(C35:N35) -> 97 | R35: IP Peak Hr | S35: =MAX(S13:S18) -> 218 | T35: =MAX(T13:T18) -> 83 | U35: =MAX(U13:U18) -> 23 | V35: =MAX(V13:V18) -> 54 | W35: =MAX(W13:W18) -> 4 | X35: =MAX(X13:X18) -> 2 | Y35: =MAX(Y13:Y18) -> 41 | Z35: =MAX(Z13:Z18) -> 5 | ... AF35: =MAX(AF13:AF18) -> 528
B36: 13.30 - 13.45 | C36: 36 | D36: 15 | E36: 2 | F36: 18 | G36: 2 | H36: 0 | I36: 1 | J36: 3 | K36: 0 | L36: 1 | M36: 35 | N36: 0 | O36: =SUM(C36:L36,N36) -> 78 | P36: =SUM(C36:N36) -> 113 | R36: PM Peak Hr | S36: =MAX(S19:S21) -> 370 | T36: =MAX(T19:T21) -> 95 | U36: =MAX(U19:U21) -> 36 | V36: =MAX(V19:V21) -> 97 | W36: =MAX(W19:W21) -> 2 | X36: =MAX(X19:X21) -> 3 | Y36: =MAX(Y19:Y21) -> 30 | Z36: =MAX(Z19:Z21) -> 3 | ... AF36: =MAX(AF19:AF21) -> 964
B37: 13.45 - 14.00 | C37: 30 | D37: 10 | E37: 2 | F37: 15 | G37: 0 | H37: 0 | I37: 2 | J37: 0 | K37: 0 | L37: 0 | M37: 30 | N37: 0 | O37: =SUM(C37:L37,N37) -> 59 | P37: =SUM(C37:N37) -> 89 | R37: AM Period | S37: =SUM(S10:S12) -> 391 | T37: =SUM(T10:T12) -> 80 | U37: =SUM(U10:U12) -> 46 | V37: =SUM(V10:V12) -> 284 | W37: =SUM(W10:W12) -> 3 | X37: =SUM(X10:X12) -> 1 | Y37: =SUM(Y10:Y12) -> 74 | Z37: =SUM(Z10:Z12) -> 9 | ... AF37: =SUM(AF10:AF12) -> 1367
B38: 14.00 - 14.15 | C38: 60 | D38: 44 | E38: 3 | F38: 16 | G38: 0 | H38: 0 | I38: 6 | J38: 1 | K38: 0 | L38: 1 | M38: 25 | N38: 0 | O38: =SUM(C38:L38,N38) -> 131 | P38: =SUM(C38:N38) -> 156 | R38: IP Period | S38: =SUM(S13:S18) -> 903 | T38: =SUM(T13:T18) -> 253 | U38: =SUM(U13:U18) -> 87 | V38: =SUM(V13:V18) -> 296 | W38: =SUM(W13:W18) -> 14 | X38: =SUM(X13:X18) -> 3 | Y38: =SUM(Y13:Y18) -> 172 | Z38: =SUM(Z13:Z18) -> 16 | ... AF38: =SUM(AF13:AF18) -> 2575
B39: 14.15 - 14.30 | C39: 35 | D39: 20 | E39: 2 | F39: 8 | G39: 0 | H39: 0 | I39: 14 | J39: 1 | K39: 0 | L39: 0 | M39: 35 | N39: 0 | O39: =SUM(C39:L39,N39) -> 80 | P39: =SUM(C39:N39) -> 115 | R39: PM Period | S39: =SUM(S19:S21) -> 951 | T39: =SUM(T19:T21) -> 189 | U39: =SUM(U19:U21) -> 93 | V39: =SUM(V19:V21) -> 246 | W39: =SUM(W19:W21) -> 5 | X39: =SUM(X19:X21) -> 4 | Y39: =SUM(Y19:Y21) -> 76 | Z39: =SUM(Z19:Z21) -> 5 | ... AF39: =SUM(AF19:AF21) -> 2322
B40: 14.30 - 14.45 | C40: 26 | D40: 3 | E40: 1 | F40: 6 | G40: 0 | H40: 0 | I40: 1 | J40: 0 | K40: 0 | L40: 0 | M40: 45 | N40: 0 | O40: =SUM(C40:L40,N40) -> 37 | P40: =SUM(C40:N40) -> 82 | R40: 12 Hours | S40: =SUM(S10:S21) -> 2245 | T40: =SUM(T10:T21) -> 522 | U40: =SUM(U10:U21) -> 226 | V40: =SUM(V10:V21) -> 826 | W40: =SUM(W10:W21) -> 22 | X40: =SUM(X10:X21) -> 8 | Y40: =SUM(Y10:Y21) -> 322 | Z40: =SUM(Z10:Z21) -> 30 | ... AF40: =SUM(AF10:AF21) -> 6264
B41: 14.45 - 15.00 | C41: 15 | D41: 16 | E41: 3 | F41: 20 | G41: 0 | H41: 1 | I41: 20 | J41: 0 | K41: 0 | L41: 0 | M41: 30 | N41: 0 | O41: =SUM(C41:L41,N41) -> 75 | P41: =SUM(C41:N41) -> 105 | R41: 24 Hrs/ADT | S41: =SUM(S10:S33) -> 5340 | T41: =SUM(T10:T33) -> 1389 | U41: =SUM(U10:U33) -> 403 | V41: =SUM(V10:V33) -> 1170 | W41: =SUM(W10:W33) -> 26 | X41: =SUM(X10:X33) -> 10 | Y41: =SUM(Y10:Y33) -> 390 | Z41: =SUM(Z10:Z33) -> 44 | ... AF41: =SUM(AF10:AF33) -> 13314
B42: 15.00 - 15.15 | C42: 32 | D42: 6 | E42: 3 | F42: 7 | G42: 2 | H42: 0 | I42: 10 | J42: 0 | K42: 2 | L42: 0 | M42: 35 | N42: 0 | O42: =SUM(C42:L42,N42) -> 62 | P42: =SUM(C42:N42) -> 97 | R42: NEF | S42: =S41/S40 -> 2.3786192 | T42: =T41/T40 -> 2.6609195 | U42: =U41/U40 -> 1.7831858 | V42: =V41/V40 -> 1.4164649 | W42: =W41/W40 -> 1.1818182 | X42: =X41/X40 -> 1.25 | Y42: =Y41/Y40 -> 1.2111801 | Z42: =Z41/Z40 -> 1.4666667 | ... AF42: =AF41/AF40 -> 2.1254789
B43: 15.15 - 15.30 | C43: 60 | D43: 13 | E43: 11 | F43: 16 | G43: 0 | H43: 2 | I43: 8 | J43: 1 | K43: 0 | L43: 0 | M43: 50 | N43: 0 | O43: =SUM(C43:L43,N43) -> 111 | P43: =SUM(C43:N43) -> 161
B44: 15.30 - 15.45 | C44: 72 | D44: 8 | E44: 7 | F44: 13 | G44: 0 | H44: 0 | I44: 11 | J44: 2 | K44: 0 | L44: 0 | M44: 40 | N44: 0 | O44: =SUM(C44:L44,N44) -> 113 | P44: =SUM(C44:N44) -> 153
B45: 15.45 - 16.00 | C45: 54 | D45: 9 | E45: 2 | F45: 10 | G45: 1 | H45: 0 | I45: 10 | J45: 1 | K45: 0 | L45: 0 | M45: 30 | N45: 0 | O45: =SUM(C45:L45,N45) -> 87 | P45: =SUM(C45:N45) -> 117
B46: 16.00 - 16.15 | C46: 70 | D46: 11 | E46: 7 | F46: 21 | G46: 1 | H46: 0 | I46: 6 | J46: 1 | K46: 0 | L46: 0 | M46: 40 | N46: 0 | O46: =SUM(C46:L46,N46) -> 117 | P46: =SUM(C46:N46) -> 157
B47: 16.15 -16.30 | C47: 45 | D47: 11 | E47: 4 | F47: 11 | G47: 0 | H47: 0 | I47: 7 | J47: 0 | K47: 0 | L47: 0 | M47: 25 | N47: 0 | O47: =SUM(C47:L47,N47) -> 78 | P47: =SUM(C47:N47) -> 103
B48: 16.30 -16.45 | C48: 45 | D48: 21 | E48: 15 | F48: 25 | G48: 0 | H48: 0 | I48: 14 | J48: 0 | K48: 0 | L48: 0 | M48: 46 | N48: 0 | O48: =SUM(C48:L48,N48) -> 120 | P48: =SUM(C48:N48) -> 166
B49: 16.45 -17.00 | C49: 91 | D49: 11 | E49: 3 | F49: 10 | G49: 0 | H49: 0 | I49: 2 | J49: 0 | K49: 0 | L49: 0 | M49: 40 | N49: 0 | O49: =SUM(C49:L49,N49) -> 117 | P49: =SUM(C49:N49) -> 157
B50: 17.00 -17.15 | C50: 110 | D50: 15 | E50: 3 | F50: 21 | G50: 2 | H50: 0 | I50: 3 | J50: 1 | K50: 0 | L50: 0 | M50: 70 | N50: 0 | O50: =SUM(C50:L50,N50) -> 155 | P50: =SUM(C50:N50) -> 225
B51: 17.15 -17.30 | C51: 75 | D51: 30 | E51: 7 | F51: 17 | G51: 0 | H51: 0 | I51: 5 | J51: 0 | K51: 1 | L51: 0 | M51: 60 | N51: 0 | O51: =SUM(C51:L51,N51) -> 135 | P51: =SUM(C51:N51) -> 195
B52: 17.30 -17.45 | C52: 130 | D52: 41 | E52: 9 | F52: 22 | G52: 0 | H52: 1 | I52: 1 | J52: 2 | K52: 0 | L52: 0 | M52: 135 | N52: 0 | O52: =SUM(C52:L52,N52) -> 206 | P52: =SUM(C52:N52) -> 341
B53: 17.45 -18.00 | C53: 55 | D53: 9 | E53: 9 | F53: 22 | G53: 0 | H53: 0 | I53: 8 | J53: 0 | K53: 0 | L53: 0 | M53: 100 | N53: 0 | O53: =SUM(C53:L53,N53) -> 103 | P53: =SUM(C53:N53) -> 203
B54: 18.00 - 18.15 | C54: 60 | D54: 5 | E54: 4 | F54: 15 | G54: 0 | H54: 1 | I54: 7 | J54: 0 | K54: 0 | L54: 0 | M54: 55 | N54: 0 | O54: =SUM(C54:L54,N54) -> 92 | P54: =SUM(C54:N54) -> 147
... B105: 06.45 - 07.00 | C105: 27 | D105: 2 | E105: 1 | F105: 15 | G105: 0 | H105: 0 | I105: 1 | J105: 0 | K105: 0 | L105: 0 | M105: 33 | N105: 0 | O105: =SUM(C105:L105,N105) -> 46 | P105: =SUM(C105:N105) -> 79
B106: Totals | C106: =SUM(C10:C105) -> 5340 | D106: =SUM(D10:D105) -> 1389 | E106: =SUM(E10:E105) -> 403 | F106: =SUM(F10:F105) -> 1170 | G106: =SUM(G10:G105) -> 26 | H106: =SUM(H10:H105) -> 10 | I106: =SUM(I10:I105) -> 390 | J106: =SUM(J10:J105) -> 44 | ... P106: =SUM(P10:P105) -> 13314
B107: %ges + MCs | C107: =C106/$P$106 -> 0.40108157 | D107: =D106/$P$106 -> 0.10432627 | E107: =E106/$P$106 -> 0.03026889 | F107: =F106/$P$106 -> 0.087877422 | G107: =G106/$P$106 -> 0.0019528316 | H107: =H106/$P$106 -> 0.00075108908 | I107: =I106/$P$106 -> 0.029292474 | J107: =J106/$P$106 -> 0.0033047919 | ... N107: =N106/$P$106 -> 0
B108: %ges w/o MCs | C108: =C106/$O$106 -> 0.60702512 | D108: =D106/$O$106 -> 0.15789474 | E108: =E106/$O$106 -> 0.045811072 | F108: =F106/$O$106 -> 0.13299989 | G108: =G106/$O$106 -> 0.002955553 | H108: =H106/$O$106 -> 0.0011367512 | I108: =I106/$O$106 -> 0.044333295 | J108: =J106/$O$106 -> 0.0050017051 | ... L108: =L106/$O$106 -> 0.00079572582 | N108: =N106/$O$106 -> 0

Sheet 04.08 Najjeera-Kiwatule
B1: Consultancy services for Preparation of Expressway Development Master Plan (EDMP) for Uganda
B2: MANUAL CLASSIFIED COUNT (MCC)
B3: ROAD NAME: | C3: ='29.07 Najjeera-Kiwatule'!C3:G3 -> MCC - C1 - STN36 - MBOGO ROAD
C5: Date | D5: 04.08.19 | F5: Location | G5: ='03.08 Kiwatule-Najjeera-24h'!G5:H5 -> U Save Kiwatule | J5: Surveyor | K5: Anthony
C6: Dir. From | D6: ='29.07 Najjeera-Kiwatule'!D6:E6 -> Najjeera | F6: Dir. To | G6: ='29.07 Najjeera-Kiwatule'!G6:H6 -> Kiwatule | J6: Supervisor | K6: ='03.08 Kiwatule-Najjeera-24h'!K6:L6 -> Joan
B8: Time / Veh Type | R8: SUMMARY TRAFFIC VOLUMES
C9: 1. Car | D9: 2. Station Wagon | E9: 3. Pickups | F9: 4. Minibus, matatu | G9: 5. Medium bus | H9: 6. Large Bus | I9: 7. Light Truck | J9: 8. Medium Truck | K9: 9. Heavy truck | L9: 10. Truck Trailer | M9: 11. Motor cycles | N9: 12. Tractors | O9: Total Excl M/Cycles | P9: Total All | R9: Time | S9: 1. Car | T9: 2. Station Wagon | U9: 3. Pickups | V9: 4. Minibus, matatu | W9: 5. Medium bus | X9: 6. Large Bus | Y9: 7. Light Truck | Z9: 8. Medium Truck | AA9: 9. Heavy truck | AB9: 10. Truck Trailer | AC9: 11. Motorcycles | AD9: 12. Tractors, Graders | AE9: Total Excl M/ Cycles | AF9: Total All
B10: 07.00 - 07.15 | C10: 33 | D10: 0 | E10: 0 | F10: 9 | G10: 0 | H10: 0 | I10: 3 | J10: 1 | K10: 0 | L10: 0 | M10: 17 | N10: 0 | O10: =SUM(C10:L10,N10) -> 46 | P10: =SUM(C10:N10) -> 63 | R10: 0700-0800 | S10: =SUM(C10:C13) -> 237 | T10: =SUM(D10:D13) -> 19 | U10: =SUM(E10:E13) -> 21 | V10: =SUM(F10:F13) -> 43 | W10: =SUM(G10:G13) -> 1 | X10: =SUM(H10:H13) -> 0 | Y10: =SUM(I10:I13) -> 7 | Z10: =SUM(J10:J13) -> 2 | ... AF10: =SUM(P10:P13) -> 524
B11: 07.15 - 07.30 | C11: 61 | D11: 8 | E11: 10 | F11: 10 | G11: 0 | H11: 0 | I11: 1 | J11: 0 | K11: 0 | L11: 0 | M11: 48 | N11: 0 | O11: =SUM(C11:L11,N11) -> 90 | P11: =SUM(C11:N11) -> 138 | R11: 0800-0900 | S11: =SUM(C14:C17) -> 290 | T11: =SUM(D14:D17) -> 39 | U11: =SUM(E14:E17) -> 20 | V11: =SUM(F14:F17) -> 59 | W11: =SUM(G14:G17) -> 0 | X11: =SUM(H14:H17) -> 0 | Y11: =SUM(I14:I17) -> 8 | Z11: =SUM(J14:J17) -> 2 | ... AF11: =SUM(P14:P17) -> 694
B12: 07.30 - 07.45 | C12: 67 | D12: 8 | E12: 7 | F12: 12 | G12: 0 | H12: 0 | I12: 2 | J12: 1 | K12: 0 | L12: 0 | M12: 65 | N12: 0 | O12: =SUM(C12:L12,N12) -> 97 | P12: =SUM(C12:N12) -> 162 | R12: 0900-1000 | S12: =SUM(C18:C21) -> 423 | T12: =SUM(D18:D21) -> 56 | U12: =SUM(E18:E21) -> 25 | V12: =SUM(F18:F21) -> 53 | W12: =SUM(G18:G21) -> 0 | X12: =SUM(H18:H21) -> 0 | Y12: =SUM(I18:I21) -> 14 | Z12: =SUM(J18:J21) -> 2 | ... AF12: =SUM(P18:P21) -> 813
B13: 07.45 - 08.00 | C13: 76 | D13: 3 | E13: 4 | F13: 12 | G13: 1 | H13: 0 | I13: 1 | J13: 0 | K13: 0 | L13: 0 | M13: 64 | N13: 0 | O13: =SUM(C13:L13,N13) -> 97 | P13: =SUM(C13:N13) -> 161 | R13: 1000-1100 | S13: =SUM(C22:C25) -> 449 | T13: =SUM(D22:D25) -> 66 | U13: =SUM(E22:E25) -> 42 | V13: =SUM(F22:F25) -> 52 | W13: =SUM(G22:G25) -> 0 | X13: =SUM(H22:H25) -> 0 | Y13: =SUM(I22:I25) -> 13 | Z13: =SUM(J22:J25) -> 2 | ... AF13: =SUM(P22:P25) -> 996
B14: 08.00 - 08.15 | C14: 56 | D14: 5 | E14: 6 | F14: 14 | G14: 0 | H14: 0 | I14: 3 | J14: 0 | K14: 0 | L14: 0 | M14: 86 | N14: 0 | O14: =SUM(C14:L14,N14) -> 84 | P14: =SUM(C14:N14) -> 170 | R14: 1100-1200 | S14: =SUM(C26:C29) -> 425 | T14: =SUM(D26:D29) -> 56 | U14: =SUM(E26:E29) -> 35 | V14: =SUM(F26:F29) -> 49 | W14: =SUM(G26:G29) -> 0 | X14: =SUM(H26:H29) -> 0 | Y14: =SUM(I26:I29) -> 10 | Z14: =SUM(J26:J29) -> 4 | ... AF14: =SUM(P26:P29) -> 857
B15: 08.15 - 08.30 | C15: 80 | D15: 8 | E15: 3 | F15: 11 | G15: 0 | H15: 0 | I15: 2 | J15: 1 | K15: 0 | L15: 0 | M15: 45 | N15: 0 | O15: =SUM(C15:L15,N15) -> 105 | P15: =SUM(C15:N15) -> 150 | R15: 1200-1300 | S15: =SUM(C30:C33) -> 389 | T15: =SUM(D30:D33) -> 49 | U15: =SUM(E30:E33) -> 19 | V15: =SUM(F30:F33) -> 44 | W15: =SUM(G30:G33) -> 0 | X15: =SUM(H30:H33) -> 0 | Y15: =SUM(I30:I33) -> 9 | Z15: =SUM(J30:J33) -> 4 | ... AF15: =SUM(P30:P33) -> 905
B16: 08.30 - 08.45 | C16: 71 | D16: 15 | E16: 5 | F16: 15 | G16: 0 | H16: 0 | I16: 2 | J16: 1 | K16: 0 | L16: 0 | M16: 80 | N16: 0 | O16: =SUM(C16:L16,N16) -> 109 | P16: =SUM(C16:N16) -> 189 | R16: 1300-1400 | S16: =SUM(C34:C37) -> 290 | T16: =SUM(D34:D37) -> 45 | U16: =SUM(E34:E37) -> 15 | V16: =SUM(F34:F37) -> 32 | W16: =SUM(G34:G37) -> 0 | X16: =SUM(H34:H37) -> 0 | Y16: =SUM(I34:I37) -> 6 | Z16: =SUM(J34:J37) -> 0 | ... AF16: =SUM(P34:P37) -> 686
B17: 08.45 - 9.00 | C17: 83 | D17: 11 | E17: 6 | F17: 19 | G17: 0 | H17: 0 | I17: 1 | J17: 0 | K17: 0 | L17: 0 | M17: 65 | N17: 0 | O17: =SUM(C17:L17,N17) -> 120 | P17: =SUM(C17:N17) -> 185 | R17: 1400-1500 | S17: =SUM(C38:C41) -> 302 | T17: =SUM(D38:D41) -> 36 | U17: =SUM(E38:E41) -> 24 | V17: =SUM(F38:F41) -> 31 | W17: =SUM(G38:G41) -> 0 | X17: =SUM(H38:H41) -> 0 | Y17: =SUM(I38:I41) -> 11 | Z17: =SUM(J38:J41) -> 2 | ... AF17: =SUM(P38:P41) -> 758
B18: 09.00 - 09.15 | C18: 110 | D18: 8 | E18: 9 | F18: 11 | G18: 0 | H18: 0 | I18: 4 | J18: 1 | K18: 0 | L18: 0 | M18: 42 | N18: 0 | O18: =SUM(C18:L18,N18) -> 143 | P18: =SUM(C18:N18) -> 185 | R18: 1500-1600 | S18: =SUM(C42:C45) -> 323 | T18: =SUM(D42:D45) -> 47 | U18: =SUM(E42:E45) -> 13 | V18: =SUM(F42:F45) -> 33 | W18: =SUM(G42:G45) -> 1 | X18: =SUM(H42:H45) -> 0 | Y18: =SUM(I42:I45) -> 10 | Z18: =SUM(J42:J45) -> 5 | ... AF18: =SUM(P42:P45) -> 739
B19: 09.15 - 09.30 | C19: 80 | D19: 14 | E19: 6 | F19: 13 | G19: 0 | H19: 0 | I19: 4 | J19: 0 | K19: 0 | L19: 0 | M19: 55 | N19: 0 | O19: =SUM(C19:L19,N19) -> 117 | P19: =SUM(C19:N19) -> 172 | R19: 1600-1700 | S19: =SUM(C46:C49) -> 293 | T19: =SUM(D46:D49) -> 33 | U19: =SUM(E46:E49) -> 33 | V19: =SUM(F46:F49) -> 27 | W19: =SUM(G46:G49) -> 0 | X19: =SUM(H46:H49) -> 0 | Y19: =SUM(I46:I49) -> 8 | Z19: =SUM(J46:J49) -> 0 | ... AF19: =SUM(P46:P49) -> 660
B20: 09.30 - 09.45 | C20: 115 | D20: 22 | E20: 6 | F20: 16 | G20: 0 | H20: 0 | I20: 5 | J20: 0 | K20: 0 | L20: 0 | M20: 83 | N20: 0 | O20: =SUM(C20:L20,N20) -> 164 | P20: =SUM(C20:N20) -> 247 | R20: 1700-1800 | S20: =SUM(C50:C53) -> 343 | T20: =SUM(D50:D53) -> 41 | U20: =SUM(E50:E53) -> 23 | V20: =SUM(F50:F53) -> 33 | W20: =SUM(G50:G53) -> 0 | X20: =SUM(H50:H53) -> 0 | Y20: =SUM(I50:I53) -> 6 | Z20: =SUM(J50:J53) -> 0 | ... AF20: =SUM(P50:P53) -> 823
B21: 09.45 - 10.00 | C21: 118 | D21: 12 | E21: 4 | F21: 13 | G21: 0 | H21: 0 | I21: 1 | J21: 1 | K21: 0 | L21: 0 | M21: 60 | N21: 0 | O21: =SUM(C21:L21,N21) -> 149 | P21: =SUM(C21:N21) -> 209 | R21: 1800-1900 | S21: =SUM(C54:C57) -> 305 | T21: =SUM(D54:D57) -> 36 | U21: =SUM(E54:E57) -> 22 | V21: =SUM(F54:F57) -> 35 | W21: =SUM(G54:G57) -> 1 | X21: =SUM(H54:H57) -> 0 | Y21: =SUM(I54:I57) -> 4 | Z21: =SUM(J54:J57) -> 1 | ... AF21: =SUM(P54:P57) -> 695
B22: 10.00 - 10.15 | C22: 136 | D22: 21 | E22: 18 | F22: 14 | G22: 0 | H22: 0 | I22: 3 | J22: 0 | K22: 0 | L22: 0 | M22: 85 | N22: 0 | O22: =SUM(C22:L22,N22) -> 192 | P22: =SUM(C22:N22) -> 277 | R22: AM Peak Hr | S22: =MAX(S10:S12) -> 423 | T22: =MAX(T10:T12) -> 56 | U22: =MAX(U10:U12) -> 25 | V22: =MAX(V10:V12) -> 59 | W22: =MAX(W10:W12) -> 1 | X22: =MAX(X10:X12) -> 0 | Y22: =MAX(Y10:Y12) -> 14 | Z22: =MAX(Z10:Z12) -> 2 | ... AF22: =MAX(AF10:AF12) -> 813
B23: 10.15 - 10.30 | C23: 100 | D23: 15 | E23: 0 | F23: 14 | G23: 0 | H23: 0 | I23: 4 | J23: 1 | K23: 1 | L23: 0 | M23: 100 | N23: 0 | O23: =SUM(C23:L23,N23) -> 135 | P23: =SUM(C23:N23) -> 235 | R23: IP Peak Hr | S23: =MAX(S13:S18) -> 449 | T23: =MAX(T13:T18) -> 66 | U23: =MAX(U13:U18) -> 42 | V23: =MAX(V13:V18) -> 52 | W23: =MAX(W13:W18) -> 1 | X23: =MAX(X13:X18) -> 0 | Y23: =MAX(Y13:Y18) -> 13 | Z23: =MAX(Z13:Z18) -> 5 | ... AF23: =MAX(AF13:AF18) -> 996
B24: 10.30 - 10.45 | C24: 110 | D24: 16 | E24: 13 | F24: 8 | G24: 0 | H24: 0 | I24: 2 | J24: 0 | K24: 0 | L24: 0 | M24: 95 | N24: 0 | O24: =SUM(C24:L24,N24) -> 149 | P24: =SUM(C24:N24) -> 244 | R24: PM Peak Hr | S24: =MAX(S19:S21) -> 343 | T24: =MAX(T19:T21) -> 41 | U24: =MAX(U19:U21) -> 33 | V24: =MAX(V19:V21) -> 35 | W24: =MAX(W19:W21) -> 1 | X24: =MAX(X19:X21) -> 0 | Y24: =MAX(Y19:Y21) -> 8 | Z24: =MAX(Z19:Z21) -> 1 | ... AF24: =MAX(AF19:AF21) -> 823
B25: 10.45 - 11.00 | C25: 103 | D25: 14 | E25: 11 | F25: 16 | G25: 0 | H25: 0 | I25: 4 | J25: 1 | K25: 0 | L25: 1 | M25: 90 | N25: 0 | O25: =SUM(C25:L25,N25) -> 150 | P25: =SUM(C25:N25) -> 240 | R25: AM Period | S25: =SUM(S10:S12) -> 950 | T25: =SUM(T10:T12) -> 114 | U25: =SUM(U10:U12) -> 66 | V25: =SUM(V10:V12) -> 155 | W25: =SUM(W10:W12) -> 1 | X25: =SUM(X10:X12) -> 0 | Y25: =SUM(Y10:Y12) -> 29 | Z25: =SUM(Z10:Z12) -> 6 | ... AF25: =SUM(AF10:AF12) -> 2031
B26: 11.00 - 11.15 | C26: 79 | D26: 17 | E26: 4 | F26: 11 | G26: 0 | H26: 0 | I26: 4 | J26: 0 | K26: 0 | L26: 0 | M26: 85 | N26: 0 | O26: =SUM(C26:L26,N26) -> 115 | P26: =SUM(C26:N26) -> 200 | R26: IP Period | S26: =SUM(S13:S18) -> 2178 | T26: =SUM(T13:T18) -> 299 | U26: =SUM(U13:U18) -> 148 | V26: =SUM(V13:V18) -> 241 | W26: =SUM(W13:W18) -> 1 | X26: =SUM(X13:X18) -> 0 | Y26: =SUM(Y13:Y18) -> 59 | Z26: =SUM(Z13:Z18) -> 17 | ... AF26: =SUM(AF13:AF18) -> 4941
B27: 11.15 - 11.30 | C27: 126 | D27: 15 | E27: 15 | F27: 12 | G27: 0 | H27: 0 | I27: 2 | J27: 3 | K27: 0 | L27: 0 | M27: 80 | N27: 0 | O27: =SUM(C27:L27,N27) -> 173 | P27: =SUM(C27:N27) -> 253 | R27: PM Period | S27: =SUM(S19:S21) -> 941 | T27: =SUM(T19:T21) -> 110 | U27: =SUM(U19:U21) -> 78 | V27: =SUM(V19:V21) -> 95 | W27: =SUM(W19:W21) -> 1 | X27: =SUM(X19:X21) -> 0 | Y27: =SUM(Y19:Y21) -> 18 | Z27: =SUM(Z19:Z21) -> 1 | ... AF27: =SUM(AF19:AF21) -> 2178
B28: 11.30 - 11.45 | C28: 135 | D28: 6 | E28: 5 | F28: 9 | G28: 0 | H28: 0 | I28: 1 | J28: 1 | K28: 0 | L28: 0 | M28: 58 | N28: 0 | O28: =SUM(C28:L28,N28) -> 157 | P28: =SUM(C28:N28) -> 215 | R28: 12 Hours | S28: =SUM(S10:S21) -> 4069 | T28: =SUM(T10:T21) -> 523 | U28: =SUM(U10:U21) -> 292 | V28: =SUM(V10:V21) -> 491 | W28: =SUM(W10:W21) -> 3 | X28: =SUM(X10:X21) -> 0 | Y28: =SUM(Y10:Y21) -> 106 | Z28: =SUM(Z10:Z21) -> 24 | ... AF28: =SUM(AF10:AF21) -> 9150
B29: 11.45 - 12.00 | C29: 85 | D29: 18 | E29: 11 | F29: 17 | G29: 0 | H29: 0 | I29: 3 | J29: 0 | K29: 0 | L29: 0 | M29: 55 | N29: 0 | O29: =SUM(C29:L29,N29) -> 134 | P29: =SUM(C29:N29) -> 189
B30: 12.00 - 12.15 | C30: 95 | D30: 12 | E30: 9 | F30: 10 | G30: 0 | H30: 0 | I30: 4 | J30: 0 | K30: 1 | L30: 0 | M30: 111 | N30: 0 | O30: =SUM(C30:L30,N30) -> 131 | P30: =SUM(C30:N30) -> 242
B31: 12.15 - 12.30 | C31: 110 | D31: 15 | E31: 4 | F31: 13 | G31: 0 | H31: 0 | I31: 2 | J31: 1 | K31: 1 | L31: 0 | M31: 103 | N31: 0 | O31: =SUM(C31:L31,N31) -> 146 | P31: =SUM(C31:N31) -> 249
B32: 12.30 - 12.45 | C32: 87 | D32: 6 | E32: 3 | F32: 11 | G32: 0 | H32: 0 | I32: 2 | J32: 2 | K32: 0 | L32: 0 | M32: 100 | N32: 0 | O32: =SUM(C32:L32,N32) -> 111 | P32: =SUM(C32:N32) -> 211
B33: 12.45 - 13.00 | C33: 97 | D33: 16 | E33: 3 | F33: 10 | G33: 0 | H33: 0 | I33: 1 | J33: 1 | K33: 0 | L33: 0 | M33: 75 | N33: 0 | O33: =SUM(C33:L33,N33) -> 128 | P33: =SUM(C33:N33) -> 203
B34: 13.00 - 13.15 | C34: 67 | D34: 12 | E34: 4 | F34: 8 | G34: 0 | H34: 0 | I34: 1 | J34: 0 | K34: 0 | L34: 0 | M34: 88 | N34: 0 | O34: =SUM(C34:L34,N34) -> 92 | P34: =SUM(C34:N34) -> 180
B35: 13.15 - 13.30 | C35: 65 | D35: 12 | E35: 1 | F35: 9 | G35: 0 | H35: 0 | I35: 2 | J35: 0 | K35: 0 | L35: 0 | M35: 65 | N35: 0 | O35: =SUM(C35:L35,N35) -> 89 | P35: =SUM(C35:N35) -> 154
B36: 13.30 - 13.45 | C36: 70 | D36: 8 | E36: 7 | F36: 10 | G36: 0 | H36: 0 | I36: 2 | J36: 0 | K36: 0 | L36: 0 | M36: 80 | N36: 0 | O36: =SUM(C36:L36,N36) -> 97 | P36: =SUM(C36:N36) -> 177
B37: 13.45 - 14.00 | C37: 88 | D37: 13 | E37: 3 | F37: 5 | G37: 0 | H37: 0 | I37: 1 | J37: 0 | K37: 0 | L37: 0 | M37: 65 | N37: 0 | O37: =SUM(C37:L37,N37) -> 110 | P37: =SUM(C37:N37) -> 175
B38: 14.00 - 14.15 | C38: 90 | D38: 8 | E38: 5 | F38: 6 | G38: 0 | H38: 0 | I38: 3 | J38: 0 | K38: 0 | L38: 0 | M38: 80 | N38: 0 | O38: =SUM(C38:L38,N38) -> 112 | P38: =SUM(C38:N38) -> 192
B39: 14.15 - 14.30 | C39: 65 | D39: 9 | E39: 6 | F39: 7 | G39: 0 | H39: 0 | I39: 4 | J39: 2 | K39: 1 | L39: 0 | M39: 48 | N39: 0 | O39: =SUM(C39:L39,N39) -> 94 | P39: =SUM(C39:N39) -> 142
B40: 14.30 - 14.45 | C40: 56 | D40: 7 | E40: 6 | F40: 10 | G40: 0 | H40: 0 | I40: 1 | J40: 0 | K40: 0 | L40: 0 | M40: 113 | N40: 0 | O40: =SUM(C40:L40,N40) -> 80 | P40: =SUM(C40:N40) -> 193
... B57: 18.45 - 19.00 | C57: 87 | D57: 8 | E57: 8 | F57: 8 | G57: 0 | H57: 0 | I57: 3 | J57: 0 | K57: 1 | L57: 0 | M57: 109 | N57: 0 | O57: =SUM(C57:L57,N57) -> 115 | P57: =SUM(C57:N57) -> 224
B58: Totals | C58: =SUM(C10:C57) -> 4069 | D58: =SUM(D10:D57) -> 523 | E58: =SUM(E10:E57) -> 292 | F58: =SUM(F10:F57) -> 491 | G58: =SUM(G10:G57) -> 3 | H58: =SUM(H10:H57) -> 0 | I58: =SUM(I10:I57) -> 106 | J58: =SUM(J10:J57) -> 24 | ... P58: =SUM(P10:P57) -> 9150
B59: %ges + MCs | C59: =C58/$P$58 -> 0.44469945 | D59: =D58/$P$58 -> 0.05715847 | E59: =E58/$P$58 -> 0.031912568 | F59: =F58/$P$58 -> 0.053661202 | G59: =G58/$P$58 -> 0.00032786885 | H59: =H58/$P$58 -> 0 | I59: =I58/$P$58 -> 0.011584699 | J59: =J58/$P$58 -> 0.0026229508 | ... N59: =N58/$P$58 -> 0
B60: %ges w/o MCs | C60: =C58/$O$58 -> 0.73713768 | D60: =D58/$O$58 -> 0.094746377 | E60: =E58/$O$58 -> 0.052898551 | F60: =F58/$O$58 -> 0.088949275 | G60: =G58/$O$58 -> 0.00054347826 | H60: =H58/$O$58 -> 0 | I60: =I58/$O$58 -> 0.019202899 | J60: =J58/$O$58 -> 0.0043478261 | ... L60: =L58/$O$58 -> 0.00054347826 | N60: =N58/$O$58 -> 0

Sheet 04.08 Kiwatule-Najjeera
B1: Consultancy services for Preparation of Expressway Development Master Plan (EDMP) for Uganda
B2: MANUAL CLASSIFIED COUNT (MCC)
B3: ROAD NAME: | C3: ='29.07 Kiwatule-Najjeera'!C3:G3 -> MCC - C1 - STN36 - MBOGO ROAD
C5: Date | D5: ='04.08 Najjeera-Kiwatule'!D5 -> 04.08.19 | F5: Location | G5: ='04.08 Najjeera-Kiwatule'!G5:H5 -> U Save Kiwatule | J5: Surveyor | K5: Olupot
C6: Dir. From | D6: ='29.07 Kiwatule-Najjeera'!D6:E6 -> Kiwatule | F6: Dir. To | G6: ='29.07 Kiwatule-Najjeera'!G6:H6 -> Najjeera | J6: Supervisor | K6: ='04.08 Najjeera-Kiwatule'!K6:L6 -> Joan
B8: Time / Veh Type | R8: SUMMARY TRAFFIC VOLUMES
C9: 1. Car | D9: 2. Station Wagon | E9: 3. Pickups | F9: 4. Minibus, matatu | G9: 5. Medium bus | H9: 6. Large Bus | I9: 7. Light Truck | J9: 8. Medium Truck | K9: 9. Heavy truck | L9: 10. Truck Trailer | M9: 11. Motor cycles | N9: 12. Tractors | O9: Total Excl M/Cycles | P9: Total All | R9: Time | S9: 1. Car | T9: 2. Station Wagon | U9: 3. Pickups | V9: 4. Minibus, matatu | W9: 5. Medium bus | X9: 6. Large Bus | Y9: 7. Light Truck | Z9: 8. Medium Truck | AA9: 9. Heavy truck | AB9: 10. Truck Trailer | AC9: 11. Motorcycles | AD9: 12. Tractors, Graders | AE9: Total Excl M/ Cycles | AF9: Total All
