Workbook

Sheet 11.08 BUSUNJU-KAMPALA
B1: Consultancy services for Preparation of Expressway Development Master Plan (EDMP) for Uganda
B2: MANUAL CLASSIFIED COUNT (MCC)
B3: ROAD NAME: | C3: MCC - C3 - STN85 - HOIMA ROAD
C5: Date | D5: 11.08.19 | F5: Location | G5: MATTE | J5: Surveyor | K5: xxx
C6: Dir. From | D6: BUSUNJU | F6: Dir. To | G6: KAMPALA | J6: Supervisor | K6: xxx
B8: Time / Veh Type | R8: SUMMARY TRAFFIC VOLUMES
C9: 1. Car | D9: 2. Station Wagon | E9: 3. Pickups | F9: 4. Minibus, matatu | G9: 5. Medium bus | H9: 6. Large Bus | I9: 7. Light Truck | J9: 8. Medium Truck | K9: 9. Heavy truck | L9: 10. Truck Trailer | M9: 11. Motor cycles | N9: 12. Tractors | O9: Total Excl M/Cycles | P9: Total All | R9: Time | S9: 1. Car | T9: 2. Station Wagon | U9: 3. Pickups | V9: 4. Minibus, matatu | W9: 5. Medium bus | X9: 6. Large Bus | Y9: 7. Light Truck | Z9: 8. Medium Truck | AA9: 9. Heavy truck | AB9: 10. Truck Trailer | AC9: 11. Motorcycles | AD9: 12. Tractors, Graders | AE9: Total Excl M/ Cycles | AF9: Total All
B10: 07.00 - 07.15 | C10: 0 | D10: 0 | E10: 0 | F10: 0 | G10: 0 | H10: 0 | I10: 0 | J10: 0 | K10: 0 | L10: 0 | M10: 5 | N10: 0 | O10: =SUM(C10:L10,N10) -> 0 | P10: =SUM(C10:N10) -> 5 | R10: 0700-0800 | S10: =SUM(C10:C13) -> 1 | T10: =SUM(D10:D13) -> 0 | U10: =SUM(E10:E13) -> 2 | V10: =SUM(F10:F13) -> 0 | W10: =SUM(G10:G13) -> 0 | X10: =SUM(H10:H13) -> 0 | Y10: =SUM(I10:I13) -> 0 | Z10: =SUM(J10:J13) -> 0 | ... AF10: =SUM(P10:P13) -> 47
B11: 07.15 - 07.30 | C11: 0 | D11: 0 | E11: 0 | F11: 0 | G11: 0 | H11: 0 | I11: 0 | J11: 0 | K11: 0 | L11: 0 | M11: 16 | N11: 0 | O11: =SUM(C11:L11,N11) -> 0 | P11: =SUM(C11:N11) -> 16 | R11: 0800-0900 | S11: =SUM(C14:C17) -> 6 | T11: =SUM(D14:D17) -> 0 | U11: =SUM(E14:E17) -> 1 | V11: =SUM(F14:F17) -> 1 | W11: =SUM(G14:G17) -> 0 | X11: =SUM(H14:H17) -> 0 | Y11: =SUM(I14:I17) -> 0 | Z11: =SUM(J14:J17) -> 0 | ... AF11: =SUM(P14:P17) -> 59
B12: 07.30 - 07.45 | C12: 1 | D12: 0 | E12: 1 | F12: 0 | G12: 0 | H12: 0 | I12: 0 | J12: 0 | K12: 0 | L12: 0 | M12: 8 | N12: 0 | O12: =SUM(C12:L12,N12) -> 2 | P12: =SUM(C12:N12) -> 10 | R12: 0900-1000 | S12: =SUM(C18:C21) -> 6 | T12: =SUM(D18:D21) -> 0 | U12: =SUM(E18:E21) -> 3 | V12: =SUM(F18:F21) -> 2 | W12: =SUM(G18:G21) -> 0 | X12: =SUM(H18:H21) -> 0 | Y12: =SUM(I18:I21) -> 0 | Z12: =SUM(J18:J21) -> 2 | ... AF12: =SUM(P18:P21) -> 88
B13: 07.45 - 08.00 | C13: 0 | D13: 0 | E13: 1 | F13: 0 | G13: 0 | H13: 0 | I13: 0 | J13: 0 | K13: 0 | L13: 0 | M13: 15 | N13: 0 | O13: =SUM(C13:L13,N13) -> 1 | P13: =SUM(C13:N13) -> 16 | R13: 1000-1100 | S13: =SUM(C22:C25) -> 5 | T13: =SUM(D22:D25) -> 0 | U13: =SUM(E22:E25) -> 2 | V13: =SUM(F22:F25) -> 1 | W13: =SUM(G22:G25) -> 0 | X13: =SUM(H22:H25) -> 0 | Y13: =SUM(I22:I25) -> 1 | Z13: =SUM(J22:J25) -> 2 | ... AF13: =SUM(P22:P25) -> 84
B14: 08.00 - 08.15 | C14: 2 | D14: 0 | E14: 0 | F14: 1 | G14: 0 | H14: 0 | I14: 0 | J14: 0 | K14: 0 | L14: 0 | M14: 13 | N14: 0 | O14: =SUM(C14:L14,N14) -> 3 | P14: =SUM(C14:N14) -> 16 | R14: 1100-1200 | S14: =SUM(C26:C29) -> 6 | T14: =SUM(D26:D29) -> 0 | U14: =SUM(E26:E29) -> 4 | V14: =SUM(F26:F29) -> 1 | W14: =SUM(G26:G29) -> 0 | X14: =SUM(H26:H29) -> 0 | Y14: =SUM(I26:I29) -> 1 | Z14: =SUM(J26:J29) -> 3 | ... AF14: =SUM(P26:P29) -> 100
B15: 08.15 - 08.30 | C15: 1 | D15: 0 | E15: 1 | F15: 0 | G15: 0 | H15: 0 | I15: 0 | J15: 0 | K15: 0 | L15: 0 | M15: 10 | N15: 0 | O15: =SUM(C15:L15,N15) -> 2 | P15: =SUM(C15:N15) -> 12 | R15: 1200-1300 | S15: =SUM(C30:C33) -> 4 | T15: =SUM(D30:D33) -> 0 | U15: =SUM(E30:E33) -> 4 | V15: =SUM(F30:F33) -> 2 | W15: =SUM(G30:G33) -> 0 | X15: =SUM(H30:H33) -> 0 | Y15: =SUM(I30:I33) -> 0 | Z15: =SUM(J30:J33) -> 3 | ... AF15: =SUM(P30:P33) -> 77
B16: 08.30 - 08.45 | C16: 3 | D16: 0 | E16: 0 | F16: 0 | G16: 0 | H16: 0 | I16: 0 | J16: 0 | K16: 0 | L16: 0 | M16: 10 | N16: 0 | O16: =SUM(C16:L16,N16) -> 3 | P16: =SUM(C16:N16) -> 13 | R16: 1300-1400 | S16: =SUM(C34:C37) -> 3 | T16: =SUM(D34:D37) -> 0 | U16: =SUM(E34:E37) -> 6 | V16: =SUM(F34:F37) -> 0 | W16: =SUM(G34:G37) -> 0 | X16: =SUM(H34:H37) -> 0 | Y16: =SUM(I34:I37) -> 0 | Z16: =SUM(J34:J37) -> 2 | ... AF16: =SUM(P34:P37) -> 59
B17: 08.45 - 9.00 | C17: 0 | D17: 0 | E17: 0 | F17: 0 | G17: 0 | H17: 0 | I17: 0 | J17: 0 | K17: 0 | L17: 0 | M17: 18 | N17: 0 | O17: =SUM(C17:L17,N17) -> 0 | P17: =SUM(C17:N17) -> 18 | R17: 1400-1500 | S17: =SUM(C38:C41) -> 5 | T17: =SUM(D38:D41) -> 0 | U17: =SUM(E38:E41) -> 3 | V17: =SUM(F38:F41) -> 0 | W17: =SUM(G38:G41) -> 0 | X17: =SUM(H38:H41) -> 0 | Y17: =SUM(I38:I41) -> 1 | Z17: =SUM(J38:J41) -> 0 | ... AF17: =SUM(P38:P41) -> 61
B18: 09.00 - 09.15 | C18: 1 | D18: 0 | E18: 2 | F18: 1 | G18: 0 | H18: 0 | I18: 0 | J18: 0 | K18: 0 | L18: 0 | M18: 18 | N18: 0 | O18: =SUM(C18:L18,N18) -> 4 | P18: =SUM(C18:N18) -> 22 | R18: 1500-1600 | S18: =SUM(C42:C45) -> 5 | T18: =SUM(D42:D45) -> 0 | U18: =SUM(E42:E45) -> 6 | V18: =SUM(F42:F45) -> 1 | W18: =SUM(G42:G45) -> 0 | X18: =SUM(H42:H45) -> 0 | Y18: =SUM(I42:I45) -> 1 | Z18: =SUM(J42:J45) -> 0 | ... AF18: =SUM(P42:P45) -> 68
B19: 09.15 - 09.30 | C19: 1 | D19: 0 | E19: 0 | F19: 0 | G19: 0 | H19: 0 | I19: 0 | J19: 0 | K19: 0 | L19: 0 | M19: 14 | N19: 0 | O19: =SUM(C19:L19,N19) -> 1 | P19: =SUM(C19:N19) -> 15 | R19: 1600-1700 | S19: =SUM(C46:C49) -> 4 | T19: =SUM(D46:D49) -> 0 | U19: =SUM(E46:E49) -> 0 | V19: =SUM(F46:F49) -> 1 | W19: =SUM(G46:G49) -> 0 | X19: =SUM(H46:H49) -> 0 | Y19: =SUM(I46:I49) -> 0 | Z19: =SUM(J46:J49) -> 0 | ... AF19: =SUM(P46:P49) -> 59
B20: 09.30 - 09.45 | C20: 2 | D20: 0 | E20: 0 | F20: 0 | G20: 0 | H20: 0 | I20: 0 | J20: 1 | K20: 0 | L20: 0 | M20: 22 | N20: 0 | O20: =SUM(C20:L20,N20) -> 3 | P20: =SUM(C20:N20) -> 25 | R20: 1700-1800 | S20: =SUM(C50:C53) -> 3 | T20: =SUM(D50:D53) -> 0 | U20: =SUM(E50:E53) -> 6 | V20: =SUM(F50:F53) -> 0 | W20: =SUM(G50:G53) -> 0 | X20: =SUM(H50:H53) -> 0 | Y20: =SUM(I50:I53) -> 2 | Z20: =SUM(J50:J53) -> 1 | ... AF20: =SUM(P50:P53) -> 74
B21: 09.45 - 10.00 | C21: 2 | D21: 0 | E21: 1 | F21: 1 | G21: 0 | H21: 0 | I21: 0 | J21: 1 | K21: 0 | L21: 0 | M21: 21 | N21: 0 | O21: =SUM(C21:L21,N21) -> 5 | P21: =SUM(C21:N21) -> 26 | R21: 1800-1900 | S21: =SUM(C54:C57) -> 11 | T21: =SUM(D54:D57) -> 0 | U21: =SUM(E54:E57) -> 3 | V21: =SUM(F54:F57) -> 2 | W21: =SUM(G54:G57) -> 0 | X21: =SUM(H54:H57) -> 0 | Y21: =SUM(I54:I57) -> 2 | Z21: =SUM(J54:J57) -> 1 | ... AF21: =SUM(P54:P57) -> 80
B22: 10.00 - 10.15 | C22: 0 | D22: 0 | E22: 0 | F22: 1 | G22: 0 | H22: 0 | I22: 0 | J22: 1 | K22: 0 | L22: 0 | M22: 22 | N22: 0 | O22: =SUM(C22:L22,N22) -> 2 | P22: =SUM(C22:N22) -> 24 | R22: AM Peak Hr | S22: =MAX(S10:S12) -> 6 | T22: =MAX(T10:T12) -> 0 | U22: =MAX(U10:U12) -> 3 | V22: =MAX(V10:V12) -> 2 | W22: =MAX(W10:W12) -> 0 | X22: =MAX(X10:X12) -> 0 | Y22: =MAX(Y10:Y12) -> 0 | Z22: =MAX(Z10:Z12) -> 2 | ... AF22: =MAX(AF10:AF12) -> 88
B23: 10.15 - 10.30 | C23: 2 | D23: 0 | E23: 1 | F23: 0 | G23: 0 | H23: 0 | I23: 1 | J23: 0 | K23: 0 | L23: 0 | M23: 13 | N23: 0 | O23: =SUM(C23:L23,N23) -> 4 | P23: =SUM(C23:N23) -> 17 | R23: IP Peak Hr | S23: =MAX(S13:S18) -> 6 | T23: =MAX(T13:T18) -> 0 | U23: =MAX(U13:U18) -> 6 | V23: =MAX(V13:V18) -> 2 | W23: =MAX(W13:W18) -> 0 | X23: =MAX(X13:X18) -> 0 | Y23: =MAX(Y13:Y18) -> 1 | Z23: =MAX(Z13:Z18) -> 3 | ... AF23: =MAX(AF13:AF18) -> 100
B24: 10.30 - 10.45 | C24: 1 | D24: 0 | E24: 0 | F24: 0 | G24: 0 | H24: 0 | I24: 0 | J24: 1 | K24: 0 | L24: 0 | M24: 22 | N24: 0 | O24: =SUM(C24:L24,N24) -> 2 | P24: =SUM(C24:N24) -> 24 | R24: PM Peak Hr | S24: =MAX(S19:S21) -> 11 | T24: =MAX(T19:T21) -> 0 | U24: =MAX(U19:U21) -> 6 | V24: =MAX(V19:V21) -> 2 | W24: =MAX(W19:W21) -> 0 | X24: =MAX(X19:X21) -> 0 | Y24: =MAX(Y19:Y21) -> 2 | Z24: =MAX(Z19:Z21) -> 1 | ... AF24: =MAX(AF19:AF21) -> 80
B25: 10.45 - 11.00 | C25: 2 | D25: 0 | E25: 1 | F25: 0 | G25: 0 | H25: 0 | I25: 0 | J25: 0 | K25: 0 | L25: 0 | M25: 16 | N25: 0 | O25: =SUM(C25:L25,N25) -> 3 | P25: =SUM(C25:N25) -> 19 | R25: AM Period | S25: =SUM(S10:S12) -> 13 | T25: =SUM(T10:T12) -> 0 | U25: =SUM(U10:U12) -> 6 | V25: =SUM(V10:V12) -> 3 | W25: =SUM(W10:W12) -> 0 | X25: =SUM(X10:X12) -> 0 | Y25: =SUM(Y10:Y12) -> 0 | Z25: =SUM(Z10:Z12) -> 2 | ... AF25: =SUM(AF10:AF12) -> 194
B26: 11.00 - 11.15 | C26: 2 | D26: 0 | E26: 1 | F26: 0 | G26: 0 | H26: 0 | I26: 0 | J26: 1 | K26: 0 | L26: 0 | M26: 16 | N26: 0 | O26: =SUM(C26:L26,N26) -> 4 | P26: =SUM(C26:N26) -> 20 | R26: IP Period | S26: =SUM(S13:S18) -> 28 | T26: =SUM(T13:T18) -> 0 | U26: =SUM(U13:U18) -> 25 | V26: =SUM(V13:V18) -> 5 | W26: =SUM(W13:W18) -> 0 | X26: =SUM(X13:X18) -> 0 | Y26: =SUM(Y13:Y18) -> 4 | Z26: =SUM(Z13:Z18) -> 10 | ... AF26: =SUM(AF13:AF18) -> 449
B27: 11.15 - 11.30 | C27: 2 | D27: 0 | E27: 1 | F27: 1 | G27: 0 | H27: 0 | I27: 0 | J27: 1 | K27: 0 | L27: 0 | M27: 27 | N27: 0 | O27: =SUM(C27:L27,N27) -> 5 | P27: =SUM(C27:N27) -> 32 | R27: PM Period | S27: =SUM(S19:S21) -> 18 | T27: =SUM(T19:T21) -> 0 | U27: =SUM(U19:U21) -> 9 | V27: =SUM(V19:V21) -> 3 | W27: =SUM(W19:W21) -> 0 | X27: =SUM(X19:X21) -> 0 | Y27: =SUM(Y19:Y21) -> 4 | Z27: =SUM(Z19:Z21) -> 2 | ... AF27: =SUM(AF19:AF21) -> 213
B28: 11.30 - 11.45 | C28: 1 | D28: 0 | E28: 1 | F28: 0 | G28: 0 | H28: 0 | I28: 1 | J28: 0 | K28: 0 | L28: 0 | M28: 24 | N28: 0 | O28: =SUM(C28:L28,N28) -> 3 | P28: =SUM(C28:N28) -> 27 | R28: 12 Hours | S28: =SUM(S10:S21) -> 59 | T28: =SUM(T10:T21) -> 0 | U28: =SUM(U10:U21) -> 40 | V28: =SUM(V10:V21) -> 11 | W28: =SUM(W10:W21) -> 0 | X28: =SUM(X10:X21) -> 0 | Y28: =SUM(Y10:Y21) -> 8 | Z28: =SUM(Z10:Z21) -> 14 | ... AF28: =SUM(AF10:AF21) -> 856
B29: 11.45 - 12.00 | C29: 1 | D29: 0 | E29: 1 | F29: 0 | G29: 0 | H29: 0 | I29: 0 | J29: 1 | K29: 0 | L29: 0 | M29: 18 | N29: 0 | O29: =SUM(C29:L29,N29) -> 3 | P29: =SUM(C29:N29) -> 21
B30: 12.00 - 12.15 | C30: 2 | D30: 0 | E30: 1 | F30: 0 | G30: 0 | H30: 0 | I30: 0 | J30: 2 | K30: 0 | L30: 0 | M30: 17 | N30: 0 | O30: =SUM(C30:L30,N30) -> 5 | P30: =SUM(C30:N30) -> 22
B31: 12.15 - 12.30 | C31: 0 | D31: 0 | E31: 1 | F31: 1 | G31: 0 | H31: 0 | I31: 0 | J31: 0 | K31: 0 | L31: 0 | M31: 6 | N31: 0 | O31: =SUM(C31:L31,N31) -> 2 | P31: =SUM(C31:N31) -> 8
B32: 12.30 - 12.45 | C32: 2 | D32: 0 | E32: 1 | F32: 0 | G32: 0 | H32: 0 | I32: 0 | J32: 0 | K32: 0 | L32: 0 | M32: 21 | N32: 0 | O32: =SUM(C32:L32,N32) -> 3 | P32: =SUM(C32:N32) -> 24
B33: 12.45 - 13.00 | C33: 0 | D33: 0 | E33: 1 | F33: 1 | G33: 0 | H33: 0 | I33: 0 | J33: 1 | K33: 0 | L33: 0 | M33: 20 | N33: 0 | O33: =SUM(C33:L33,N33) -> 3 | P33: =SUM(C33:N33) -> 23
B34: 13.00 - 13.15 | C34: 0 | D34: 0 | E34: 2 | F34: 0 | G34: 0 | H34: 0 | I34: 0 | J34: 2 | K34: 0 | L34: 0 | M34: 14 | N34: 0 | O34: =SUM(C34:L34,N34) -> 4 | P34: =SUM(C34:N34) -> 18
B35: 13.15 - 13.30 | C35: 2 | D35: 0 | E35: 2 | F35: 0 | G35: 0 | H35: 0 | I35: 0 | J35: 0 | K35: 0 | L35: 0 | M35: 20 | N35: 0 | O35: =SUM(C35:L35,N35) -> 4 | P35: =SUM(C35:N35) -> 24
B36: 13.30 - 13.45 | C36: 1 | D36: 0 | E36: 1 | F36: 0 | G36: 0 | H36: 0 | I36: 0 | J36: 0 | K36: 0 | L36: 0 | M36: 6 | N36: 0 | O36: =SUM(C36:L36,N36) -> 2 | P36: =SUM(C36:N36) -> 8
B37: 13.45 - 14.00 | C37: 0 | D37: 0 | E37: 1 | F37: 0 | G37: 0 | H37: 0 | I37: 0 | J37: 0 | K37: 0 | L37: 0 | M37: 8 | N37: 0 | O37: =SUM(C37:L37,N37) -> 1 | P37: =SUM(C37:N37) -> 9
B38: 14.00 - 14.15 | C38: 1 | D38: 0 | E38: 1 | F38: 0 | G38: 0 | H38: 0 | I38: 1 | J38: 0 | K38: 0 | L38: 0 | M38: 11 | N38: 0 | O38: =SUM(C38:L38,N38) -> 3 | P38: =SUM(C38:N38) -> 14
B39: 14.15 - 14.30 | C39: 0 | D39: 0 | E39: 0 | F39: 0 | G39: 0 | H39: 0 | I39: 0 | J39: 0 | K39: 0 | L39: 0 | M39: 13 | N39: 0 | O39: =SUM(C39:L39,N39) -> 0 | P39: =SUM(C39:N39) -> 13
B40: 14.30 - 14.45 | C40: 2 | D40: 0 | E40: 0 | F40: 0 | G40: 0 | H40: 0 | I40: 0 | J40: 0 | K40: 0 | L40: 0 | M40: 14 | N40: 0 | O40: =SUM(C40:L40,N40) -> 2 | P40: =SUM(C40:N40) -> 16
... B57: 18.45 - 19.00 | C57: 1 | D57: 0 | E57: 0 | F57: 1 | G57: 0 | H57: 0 | I57: 1 | J57: 0 | K57: 0 | L57: 0 | M57: 18 | N57: 0 | O57: =SUM(C57:L57,N57) -> 3 | P57: =SUM(C57:N57) -> 21
B58: Totals | C58: =SUM(C10:C57) -> 59 | D58: =SUM(D10:D57) -> 0 | E58: =SUM(E10:E57) -> 40 | F58: =SUM(F10:F57) -> 11 | G58: =SUM(G10:G57) -> 0 | H58: =SUM(H10:H57) -> 0 | I58: =SUM(I10:I57) -> 8 | J58: =SUM(J10:J57) -> 14 | ... P58: =SUM(P10:P57) -> 856
B59: %ges + MCs | C59: =C58/$P$58 -> 0.068925234 | D59: =D58/$P$58 -> 0 | E59: =E58/$P$58 -> 0.046728972 | F59: =F58/$P$58 -> 0.012850467 | G59: =G58/$P$58 -> 0 | H59: =H58/$P$58 -> 0 | I59: =I58/$P$58 -> 0.0093457944 | J59: =J58/$P$58 -> 0.01635514 | ... N59: =N58/$P$58 -> 0
B60: %ges w/o MCs | C60: =C58/$O$58 -> 0.4469697 | D60: =D58/$O$58 -> 0 | E60: =E58/$O$58 -> 0.3030303 | F60: =F58/$O$58 -> 0.083333333 | G60: =G58/$O$58 -> 0 | H60: =H58/$O$58 -> 0 | I60: =I58/$O$58 -> 0.060606061 | J60: =J58/$O$58 -> 0.10606061 | ... L60: =L58/$O$58 -> 0 | N60: =N58/$O$58 -> 0

Sheet 11.08 KAMPALA-BUSUNJU
B1: Consultancy services for Preparation of Expressway Development Master Plan (EDMP) for Uganda
B2: MANUAL CLASSIFIED COUNT (MCC)
B3: ROAD NAME: | C3: ='11.08 BUSUNJU-KAMPALA'!C3:G3 -> MCC - C3 - STN85 - HOIMA ROAD
C5: Date | D5: ='11.08 BUSUNJU-KAMPALA'!D5 -> 11.08.19 | F5: Location | G5: ='11.08 BUSUNJU-KAMPALA'!G5:H5 -> MATTE | J5: Surveyor | K5: ='11.08 BUSUNJU-KAMPALA'!K5:L5 -> xxx
C6: Dir. From | D6: KAMPALA | F6: Dir. To | G6: BUSUNJU | J6: Supervisor | K6: ='11.08 BUSUNJU-KAMPALA'!K6:L6 -> xxx
B8: Time / Veh Type | R8: SUMMARY TRAFFIC VOLUMES
C9: 1. Car | D9: 2. Station Wagon | E9: 3. Pickups | F9: 4. Minibus, matatu | G9: 5. Medium bus | H9: 6. Large Bus | I9: 7. Light Truck | J9: 8. Medium Truck | K9: 9. Heavy truck | L9: 10. Truck Trailer | M9: 11. Motor cycles | N9: 12. Tractors | O9: Total Excl M/Cycles | P9: Total All | R9: Time | S9: 1. Car | T9: 2. Station Wagon | U9: 3. Pickups | V9: 4. Minibus, matatu | W9: 5. Medium bus | X9: 6. Large Bus | Y9: 7. Light Truck | Z9: 8. Medium Truck | AA9: 9. Heavy truck | AB9: 10. Truck Trailer | AC9: 11. Motorcycles | AD9: 12. Tractors, Graders | AE9: Total Excl M/ Cycles | AF9: Total All
B10: 07.00 - 07.15 | C10: 0 | D10: 0 | E10: 0 | F10: 1 | G10: 0 | H10: 0 | I10: 0 | J10: 0 | K10: 0 | L10: 0 | M10: 12 | N10: 0 | O10: =SUM(C10:L10,N10) -> 1 | P10: =SUM(C10:N10) -> 13 | R10: 0700-0800 | S10: =SUM(C10:C13) -> 3 | T10: =SUM(D10:D13) -> 0 | U10: =SUM(E10:E13) -> 0 | V10: =SUM(F10:F13) -> 2 | W10: =SUM(G10:G13) -> 0 | X10: =SUM(H10:H13) -> 0 | Y10: =SUM(I10:I13) -> 1 | Z10: =SUM(J10:J13) -> 0 | ... AF10: =SUM(P10:P13) -> 38
B11: 07.15 - 07.30 | C11: 1 | D11: 0 | E11: 0 | F11: 0 | G11: 0 | H11: 0 | I11: 0 | J11: 0 | K11: 0 | L11: 0 | M11: 5 | N11: 0 | O11: =SUM(C11:L11,N11) -> 1 | P11: =SUM(C11:N11) -> 6 | R11: 0800-0900 | S11: =SUM(C14:C17) -> 1 | T11: =SUM(D14:D17) -> 0 | U11: =SUM(E14:E17) -> 1 | V11: =SUM(F14:F17) -> 0 | W11: =SUM(G14:G17) -> 0 | X11: =SUM(H14:H17) -> 0 | Y11: =SUM(I14:I17) -> 2 | Z11: =SUM(J14:J17) -> 0 | ... AF11: =SUM(P14:P17) -> 54
B12: 07.30 - 07.45 | C12: 1 | D12: 0 | E12: 0 | F12: 0 | G12: 0 | H12: 0 | I12: 0 | J12: 0 | K12: 0 | L12: 0 | M12: 8 | N12: 0 | O12: =SUM(C12:L12,N12) -> 1 | P12: =SUM(C12:N12) -> 9 | R12: 0900-1000 | S12: =SUM(C18:C21) -> 6 | T12: =SUM(D18:D21) -> 0 | U12: =SUM(E18:E21) -> 0 | V12: =SUM(F18:F21) -> 2 | W12: =SUM(G18:G21) -> 0 | X12: =SUM(H18:H21) -> 0 | Y12: =SUM(I18:I21) -> 4 | Z12: =SUM(J18:J21) -> 0 | ... AF12: =SUM(P18:P21) -> 79
B13: 07.45 - 08.00 | C13: 1 | D13: 0 | E13: 0 | F13: 1 | G13: 0 | H13: 0 | I13: 1 | J13: 0 | K13: 0 | L13: 0 | M13: 7 | N13: 0 | O13: =SUM(C13:L13,N13) -> 3 | P13: =SUM(C13:N13) -> 10 | R13: 1000-1100 | S13: =SUM(C22:C25) -> 4 | T13: =SUM(D22:D25) -> 0 | U13: =SUM(E22:E25) -> 5 | V13: =SUM(F22:F25) -> 0 | W13: =SUM(G22:G25) -> 0 | X13: =SUM(H22:H25) -> 0 | Y13: =SUM(I22:I25) -> 6 | Z13: =SUM(J22:J25) -> 0 | ... AF13: =SUM(P22:P25) -> 92
B14: 08.00 - 08.15 | C14: 0 | D14: 0 | E14: 0 | F14: 0 | G14: 0 | H14: 0 | I14: 0 | J14: 0 | K14: 0 | L14: 0 | M14: 10 | N14: 0 | O14: =SUM(C14:L14,N14) -> 0 | P14: =SUM(C14:N14) -> 10 | R14: 1100-1200 | S14: =SUM(C26:C29) -> 6 | T14: =SUM(D26:D29) -> 0 | U14: =SUM(E26:E29) -> 7 | V14: =SUM(F26:F29) -> 3 | W14: =SUM(G26:G29) -> 0 | X14: =SUM(H26:H29) -> 0 | Y14: =SUM(I26:I29) -> 4 | Z14: =SUM(J26:J29) -> 0 | ... AF14: =SUM(P26:P29) -> 90
B15: 08.15 - 08.30 | C15: 0 | D15: 0 | E15: 1 | F15: 0 | G15: 0 | H15: 0 | I15: 2 | J15: 0 | K15: 0 | L15: 0 | M15: 10 | N15: 0 | O15: =SUM(C15:L15,N15) -> 3 | P15: =SUM(C15:N15) -> 13 | R15: 1200-1300 | S15: =SUM(C30:C33) -> 4 | T15: =SUM(D30:D33) -> 0 | U15: =SUM(E30:E33) -> 4 | V15: =SUM(F30:F33) -> 1 | W15: =SUM(G30:G33) -> 0 | X15: =SUM(H30:H33) -> 0 | Y15: =SUM(I30:I33) -> 4 | Z15: =SUM(J30:J33) -> 0 | ... AF15: =SUM(P30:P33) -> 80
B16: 08.30 - 08.45 | C16: 1 | D16: 0 | E16: 0 | F16: 0 | G16: 0 | H16: 0 | I16: 0 | J16: 0 | K16: 0 | L16: 0 | M16: 13 | N16: 0 | O16: =SUM(C16:L16,N16) -> 1 | P16: =SUM(C16:N16) -> 14 | R16: 1300-1400 | S16: =SUM(C34:C37) -> 6 | T16: =SUM(D34:D37) -> 0 | U16: =SUM(E34:E37) -> 7 | V16: =SUM(F34:F37) -> 0 | W16: =SUM(G34:G37) -> 0 | X16: =SUM(H34:H37) -> 0 | Y16: =SUM(I34:I37) -> 4 | Z16: =SUM(J34:J37) -> 0 | ... AF16: =SUM(P34:P37) -> 62
B17: 08.45 - 9.00 | C17: 0 | D17: 0 | E17: 0 | F17: 0 | G17: 0 | H17: 0 | I17: 0 | J17: 0 | K17: 0 | L17: 0 | M17: 17 | N17: 0 | O17: =SUM(C17:L17,N17) -> 0 | P17: =SUM(C17:N17) -> 17 | R17: 1400-1500 | S17: =SUM(C38:C41) -> 4 | T17: =SUM(D38:D41) -> 0 | U17: =SUM(E38:E41) -> 7 | V17: =SUM(F38:F41) -> 1 | W17: =SUM(G38:G41) -> 0 | X17: =SUM(H38:H41) -> 0 | Y17: =SUM(I38:I41) -> 0 | Z17: =SUM(J38:J41) -> 0 | ... AF17: =SUM(P38:P41) -> 69
B18: 09.00 - 09.15 | C18: 1 | D18: 0 | E18: 0 | F18: 0 | G18: 0 | H18: 0 | I18: 0 | J18: 0 | K18: 0 | L18: 0 | M18: 15 | N18: 0 | O18: =SUM(C18:L18,N18) -> 1 | P18: =SUM(C18:N18) -> 16 | R18: 1500-1600 | S18: =SUM(C42:C45) -> 4 | T18: =SUM(D42:D45) -> 0 | U18: =SUM(E42:E45) -> 4 | V18: =SUM(F42:F45) -> 1 | W18: =SUM(G42:G45) -> 0 | X18: =SUM(H42:H45) -> 0 | Y18: =SUM(I42:I45) -> 4 | Z18: =SUM(J42:J45) -> 0 | ... AF18: =SUM(P42:P45) -> 70
B19: 09.15 - 09.30 | C19: 1 | D19: 0 | E19: 0 | F19: 0 | G19: 0 | H19: 0 | I19: 0 | J19: 0 | K19: 0 | L19: 0 | M19: 16 | N19: 0 | O19: =SUM(C19:L19,N19) -> 1 | P19: =SUM(C19:N19) -> 17 | R19: 1600-1700 | S19: =SUM(C46:C49) -> 7 | T19: =SUM(D46:D49) -> 0 | U19: =SUM(E46:E49) -> 5 | V19: =SUM(F46:F49) -> 1 | W19: =SUM(G46:G49) -> 0 | X19: =SUM(H46:H49) -> 0 | Y19: =SUM(I46:I49) -> 2 | Z19: =SUM(J46:J49) -> 0 | ... AF19: =SUM(P46:P49) -> 71
B20: 09.30 - 09.45 | C20: 2 | D20: 0 | E20: 0 | F20: 1 | G20: 0 | H20: 0 | I20: 3 | J20: 0 | K20: 0 | L20: 0 | M20: 18 | N20: 0 | O20: =SUM(C20:L20,N20) -> 6 | P20: =SUM(C20:N20) -> 24 | R20: 1700-1800 | S20: =SUM(C50:C53) -> 4 | T20: =SUM(D50:D53) -> 0 | U20: =SUM(E50:E53) -> 3 | V20: =SUM(F50:F53) -> 1 | W20: =SUM(G50:G53) -> 0 | X20: =SUM(H50:H53) -> 0 | Y20: =SUM(I50:I53) -> 0 | Z20: =SUM(J50:J53) -> 0 | ... AF20: =SUM(P50:P53) -> 74
B21: 09.45 - 10.00 | C21: 2 | D21: 0 | E21: 0 | F21: 1 | G21: 0 | H21: 0 | I21: 1 | J21: 0 | K21: 0 | L21: 0 | M21: 18 | N21: 0 | O21: =SUM(C21:L21,N21) -> 4 | P21: =SUM(C21:N21) -> 22 | R21: 1800-1900 | S21: =SUM(C54:C57) -> 11 | T21: =SUM(D54:D57) -> 0 | U21: =SUM(E54:E57) -> 4 | V21: =SUM(F54:F57) -> 1 | W21: =SUM(G54:G57) -> 0 | X21: =SUM(H54:H57) -> 0 | Y21: =SUM(I54:I57) -> 2 | Z21: =SUM(J54:J57) -> 0 | ... AF21: =SUM(P54:P57) -> 84
B22: 10.00 - 10.15 | C22: 1 | D22: 0 | E22: 1 | F22: 0 | G22: 0 | H22: 0 | I22: 1 | J22: 0 | K22: 0 | L22: 0 | M22: 22 | N22: 0 | O22: =SUM(C22:L22,N22) -> 3 | P22: =SUM(C22:N22) -> 25 | R22: AM Peak Hr | S22: =MAX(S10:S12) -> 6 | T22: =MAX(T10:T12) -> 0 | U22: =MAX(U10:U12) -> 1 | V22: =MAX(V10:V12) -> 2 | W22: =MAX(W10:W12) -> 0 | X22: =MAX(X10:X12) -> 0 | Y22: =MAX(Y10:Y12) -> 4 | Z22: =MAX(Z10:Z12) -> 0 | ... AF22: =MAX(AF10:AF12) -> 79
B23: 10.15 - 10.30 | C23: 2 | D23: 0 | E23: 1 | F23: 0 | G23: 0 | H23: 0 | I23: 1 | J23: 0 | K23: 0 | L23: 0 | M23: 20 | N23: 0 | O23: =SUM(C23:L23,N23) -> 4 | P23: =SUM(C23:N23) -> 24 | R23: IP Peak Hr | S23: =MAX(S13:S18) -> 6 | T23: =MAX(T13:T18) -> 0 | U23: =MAX(U13:U18) -> 7 | V23: =MAX(V13:V18) -> 3 | W23: =MAX(W13:W18) -> 0 | X23: =MAX(X13:X18) -> 0 | Y23: =MAX(Y13:Y18) -> 6 | Z23: =MAX(Z13:Z18) -> 0 | ... AF23: =MAX(AF13:AF18) -> 92
B24: 10.30 - 10.45 | C24: 1 | D24: 0 | E24: 0 | F24: 0 | G24: 0 | H24: 0 | I24: 3 | J24: 0 | K24: 0 | L24: 0 | M24: 19 | N24: 0 | O24: =SUM(C24:L24,N24) -> 4 | P24: =SUM(C24:N24) -> 23 | R24: PM Peak Hr | S24: =MAX(S19:S21) -> 11 | T24: =MAX(T19:T21) -> 0 | U24: =MAX(U19:U21) -> 5 | V24: =MAX(V19:V21) -> 1 | W24: =MAX(W19:W21) -> 0 | X24: =MAX(X19:X21) -> 0 | Y24: =MAX(Y19:Y21) -> 2 | Z24: =MAX(Z19:Z21) -> 0 | ... AF24: =MAX(AF19:AF21) -> 84
B25: 10.45 - 11.00 | C25: 0 | D25: 0 | E25: 3 | F25: 0 | G25: 0 | H25: 0 | I25: 1 | J25: 0 | K25: 0 | L25: 0 | M25: 16 | N25: 0 | O25: =SUM(C25:L25,N25) -> 4 | P25: =SUM(C25:N25) -> 20 | R25: AM Period | S25: =SUM(S10:S12) -> 10 | T25: =SUM(T10:T12) -> 0 | U25: =SUM(U10:U12) -> 1 | V25: =SUM(V10:V12) -> 4 | W25: =SUM(W10:W12) -> 0 | X25: =SUM(X10:X12) -> 0 | Y25: =SUM(Y10:Y12) -> 7 | Z25: =SUM(Z10:Z12) -> 0 | ... AF25: =SUM(AF10:AF12) -> 171
B26: 11.00 - 11.15 | C26: 0 | D26: 0 | E26: 0 | F26: 2 | G26: 0 | H26: 0 | I26: 0 | J26: 0 | K26: 0 | L26: 0 | M26: 17 | N26: 0 | O26: =SUM(C26:L26,N26) -> 2 | P26: =SUM(C26:N26) -> 19 | R26: IP Period | S26: =SUM(S13:S18) -> 28 | T26: =SUM(T13:T18) -> 0 | U26: =SUM(U13:U18) -> 34 | V26: =SUM(V13:V18) -> 6 | W26: =SUM(W13:W18) -> 0 | X26: =SUM(X13:X18) -> 0 | Y26: =SUM(Y13:Y18) -> 22 | Z26: =SUM(Z13:Z18) -> 0 | ... AF26: =SUM(AF13:AF18) -> 463
B27: 11.15 - 11.30 | C27: 3 | D27: 0 | E27: 3 | F27: 0 | G27: 0 | H27: 0 | I27: 0 | J27: 0 | K27: 0 | L27: 0 | M27: 21 | N27: 0 | O27: =SUM(C27:L27,N27) -> 6 | P27: =SUM(C27:N27) -> 27 | R27: PM Period | S27: =SUM(S19:S21) -> 22 | T27: =SUM(T19:T21) -> 0 | U27: =SUM(U19:U21) -> 12 | V27: =SUM(V19:V21) -> 3 | W27: =SUM(W19:W21) -> 0 | X27: =SUM(X19:X21) -> 0 | Y27: =SUM(Y19:Y21) -> 4 | Z27: =SUM(Z19:Z21) -> 0 | ... AF27: =SUM(AF19:AF21) -> 229
B28: 11.30 - 11.45 | C28: 2 | D28: 0 | E28: 1 | F28: 0 | G28: 0 | H28: 0 | I28: 3 | J28: 0 | K28: 0 | L28: 0 | M28: 17 | N28: 0 | O28: =SUM(C28:L28,N28) -> 6 | P28: =SUM(C28:N28) -> 23 | R28: 12 Hours | S28: =SUM(S10:S21) -> 60 | T28: =SUM(T10:T21) -> 0 | U28: =SUM(U10:U21) -> 47 | V28: =SUM(V10:V21) -> 13 | W28: =SUM(W10:W21) -> 0 | X28: =SUM(X10:X21) -> 0 | Y28: =SUM(Y10:Y21) -> 33 | Z28: =SUM(Z10:Z21) -> 0 | ... AF28: =SUM(AF10:AF21) -> 863
B29: 11.45 - 12.00 | C29: 1 | D29: 0 | E29: 3 | F29: 1 | G29: 0 | H29: 0 | I29: 1 | J29: 0 | K29: 0 | L29: 0 | M29: 15 | N29: 0 | O29: =SUM(C29:L29,N29) -> 6 | P29: =SUM(C29:N29) -> 21
B30: 12.00 - 12.15 | C30: 0 | D30: 0 | E30: 0 | F30: 0 | G30: 0 | H30: 0 | I30: 2 | J30: 0 | K30: 0 | L30: 0 | M30: 19 | N30: 0 | O30: =SUM(C30:L30,N30) -> 2 | P30: =SUM(C30:N30) -> 21
B31: 12.15 - 12.30 | C31: 2 | D31: 0 | E31: 1 | F31: 1 | G31: 0 | H31: 0 | I31: 1 | J31: 0 | K31: 0 | L31: 0 | M31: 15 | N31: 0 | O31: =SUM(C31:L31,N31) -> 5 | P31: =SUM(C31:N31) -> 20
B32: 12.30 - 12.45 | C32: 1 | D32: 0 | E32: 0 | F32: 0 | G32: 0 | H32: 0 | I32: 0 | J32: 0 | K32: 0 | L32: 0 | M32: 16 | N32: 0 | O32: =SUM(C32:L32,N32) -> 1 | P32: =SUM(C32:N32) -> 17
B33: 12.45 - 13.00 | C33: 1 | D33: 0 | E33: 3 | F33: 0 | G33: 0 | H33: 0 | I33: 1 | J33: 0 | K33: 0 | L33: 0 | M33: 17 | N33: 0 | O33: =SUM(C33:L33,N33) -> 5 | P33: =SUM(C33:N33) -> 22
B34: 13.00 - 13.15 | C34: 3 | D34: 0 | E34: 1 | F34: 0 | G34: 0 | H34: 0 | I34: 2 | J34: 0 | K34: 0 | L34: 0 | M34: 19 | N34: 0 | O34: =SUM(C34:L34,N34) -> 6 | P34: =SUM(C34:N34) -> 25
B35: 13.15 - 13.30 | C35: 1 | D35: 0 | E35: 3 | F35: 0 | G35: 0 | H35: 0 | I35: 0 | J35: 0 | K35: 0 | L35: 0 | M35: 15 | N35: 0 | O35: =SUM(C35:L35,N35) -> 4 | P35: =SUM(C35:N35) -> 19
B36: 13.30 - 13.45 | C36: 0 | D36: 0 | E36: 1 | F36: 0 | G36: 0 | H36: 0 | I36: 1 | J36: 0 | K36: 0 | L36: 0 | M36: 1 | N36: 0 | O36: =SUM(C36:L36,N36) -> 2 | P36: =SUM(C36:N36) -> 3
B37: 13.45 - 14.00 | C37: 2 | D37: 0 | E37: 2 | F37: 0 | G37: 0 | H37: 0 | I37: 1 | J37: 0 | K37: 0 | L37: 0 | M37: 10 | N37: 0 | O37: =SUM(C37:L37,N37) -> 5 | P37: =SUM(C37:N37) -> 15
B38: 14.00 - 14.15 | C38: 2 | D38: 0 | E38: 1 | F38: 0 | G38: 0 | H38: 0 | I38: 0 | J38: 0 | K38: 0 | L38: 0 | M38: 20 | N38: 0 | O38: =SUM(C38:L38,N38) -> 3 | P38: =SUM(C38:N38) -> 23
B39: 14.15 - 14.30 | C39: 0 | D39: 0 | E39: 3 | F39: 0 | G39: 0 | H39: 0 | I39: 0 | J39: 0 | K39: 0 | L39: 0 | M39: 11 | N39: 0 | O39: =SUM(C39:L39,N39) -> 3 | P39: =SUM(C39:N39) -> 14
B40: 14.30 - 14.45 | C40: 1 | D40: 0 | E40: 2 | F40: 1 | G40: 0 | H40: 0 | I40: 0 | J40: 0 | K40: 0 | L40: 0 | M40: 9 | N40: 0 | O40: =SUM(C40:L40,N40) -> 4 | P40: =SUM(C40:N40) -> 13
... B57: 18.45 - 19.00 | C57: 4 | D57: 0 | E57: 0 | F57: 0 | G57: 0 | H57: 0 | I57: 0 | J57: 0 | K57: 0 | L57: 0 | M57: 17 | N57: 0 | O57: =SUM(C57:L57,N57) -> 4 | P57: =SUM(C57:N57) -> 21
B58: Totals | C58: =SUM(C10:C57) -> 60 | D58: =SUM(D10:D57) -> 0 | E58: =SUM(E10:E57) -> 47 | F58: =SUM(F10:F57) -> 13 | G58: =SUM(G10:G57) -> 0 | H58: =SUM(H10:H57) -> 0 | I58: =SUM(I10:I57) -> 33 | J58: =SUM(J10:J57) -> 0 | ... P58: =SUM(P10:P57) -> 863
B59: %ges + MCs | C59: =C58/$P$58 -> 0.069524913 | D59: =D58/$P$58 -> 0 | E59: =E58/$P$58 -> 0.054461182 | F59: =F58/$P$58 -> 0.015063731 | G59: =G58/$P$58 -> 0 | H59: =H58/$P$58 -> 0 | I59: =I58/$P$58 -> 0.038238702 | J59: =J58/$P$58 -> 0 | ... N59: =N58/$P$58 -> 0
B60: %ges w/o MCs | C60: =C58/$O$58 -> 0.39215686 | D60: =D58/$O$58 -> 0 | E60: =E58/$O$58 -> 0.30718954 | F60: =F58/$O$58 -> 0.08496732 | G60: =G58/$O$58 -> 0 | H60: =H58/$O$58 -> 0 | I60: =I58/$O$58 -> 0.21568627 | J60: =J58/$O$58 -> 0 | ... L60: =L58/$O$58 -> 0 | N60: =N58/$O$58 -> 0

Sheet 12.08 BUSUNJU-KAMPALA
B1: Consultancy services for Preparation of Expressway Development Master Plan (EDMP) for Uganda
B2: MANUAL CLASSIFIED COUNT (MCC)
B3: ROAD NAME: | C3: ='11.08 BUSUNJU-KAMPALA'!C3:G3 -> MCC - C3 - STN85 - HOIMA ROAD
C5: Date | D5: 12.08.19 | F5: Location | G5: ='11.08 BUSUNJU-KAMPALA'!G5:H5 -> MATTE | J5: Surveyor | K5: ='11.08 BUSUNJU-KAMPALA'!K5:L5 -> xxx
C6: Dir. From | D6: ='11.08 BUSUNJU-KAMPALA'!D6:E6 -> BUSUNJU | F6: Dir. To | G6: ='11.08 BUSUNJU-KAMPALA'!G6:H6 -> KAMPALA | J6: Supervisor | K6: ='11.08 BUSUNJU-KAMPALA'!K6:L6 -> xxx
B8: Time / Veh Type | R8: SUMMARY TRAFFIC VOLUMES
C9: 1. Car | D9: 2. Station Wagon | E9: 3. Pickups | F9: 4. Minibus, matatu | G9: 5. Medium bus | H9: 6. Large Bus | I9: 7. Light Truck | J9: 8. Medium Truck | K9: 9. Heavy truck | L9: 10. Truck Trailer | M9: 11. Motor cycles | N9: 12. Tractors | O9: Total Excl M/Cycles | P9: Total All | R9: Time | S9: 1. Car | T9: 2. Station Wagon | U9: 3. Pickups | V9: 4. Minibus, matatu | W9: 5. Medium bus | X9: 6. Large Bus | Y9: 7. Light Truck | Z9: 8. Medium Truck | AA9: 9. Heavy truck | AB9: 10. Truck Trailer | AC9: 11. Motorcycles | AD9: 12. Tractors, Graders | AE9: Total Excl M/ Cycles | AF9: Total All
B10: 07.00 - 07.15 | C10: 4 | D10: 0 | E10: 0 | F10: 0 | G10: 0 | H10: 0 | I10: 0 | J10: 0 | K10: 0 | L10: 0 | M10: 8 | N10: 0 | O10: =SUM(C10:L10,N10) -> 4 | P10: =SUM(C10:N10) -> 12 | R10: 0700-0800 | S10: =SUM(C10:C13) -> 7 | T10: =SUM(D10:D13) -> 0 | U10: =SUM(E10:E13) -> 1 | V10: =SUM(F10:F13) -> 2 | W10: =SUM(G10:G13) -> 0 | X10: =SUM(H10:H13) -> 0 | Y10: =SUM(I10:I13) -> 1 | Z10: =SUM(J10:J13) -> 0 | ... AF10: =SUM(P10:P13) -> 57
B11: 07.15 - 07.30 | C11: 1 | D11: 0 | E11: 0 | F11: 1 | G11: 0 | H11: 0 | I11: 0 | J11: 0 | K11: 0 | L11: 0 | M11: 9 | N11: 0 | O11: =SUM(C11:L11,N11) -> 2 | P11: =SUM(C11:N11) -> 11 | R11: 0800-0900 | S11: =SUM(C14:C17) -> 3 | T11: =SUM(D14:D17) -> 0 | U11: =SUM(E14:E17) -> 3 | V11: =SUM(F14:F17) -> 2 | W11: =SUM(G14:G17) -> 0 | X11: =SUM(H14:H17) -> 0 | Y11: =SUM(I14:I17) -> 3 | Z11: =SUM(J14:J17) -> 0 | ... AF11: =SUM(P14:P17) -> 77
B12: 07.30 - 07.45 | C12: 0 | D12: 0 | E12: 0 | F12: 1 | G12: 0 | H12: 0 | I12: 0 | J12: 0 | K12: 0 | L12: 0 | M12: 15 | N12: 0 | O12: =SUM(C12:L12,N12) -> 1 | P12: =SUM(C12:N12) -> 16 | R12: 0900-1000 | S12: =SUM(C18:C21) -> 0 | T12: =SUM(D18:D21) -> 0 | U12: =SUM(E18:E21) -> 3 | V12: =SUM(F18:F21) -> 0 | W12: =SUM(G18:G21) -> 0 | X12: =SUM(H18:H21) -> 0 | Y12: =SUM(I18:I21) -> 2 | Z12: =SUM(J18:J21) -> 0 | ... AF12: =SUM(P18:P21) -> 55
B13: 07.45 - 08.00 | C13: 2 | D13: 0 | E13: 1 | F13: 0 | G13: 0 | H13: 0 | I13: 1 | J13: 0 | K13: 0 | L13: 0 | M13: 14 | N13: 0 | O13: =SUM(C13:L13,N13) -> 4 | P13: =SUM(C13:N13) -> 18 | R13: 1000-1100 | S13: =SUM(C22:C25) -> 1 | T13: =SUM(D22:D25) -> 0 | U13: =SUM(E22:E25) -> 5 | V13: =SUM(F22:F25) -> 1 | W13: =SUM(G22:G25) -> 0 | X13: =SUM(H22:H25) -> 0 | Y13: =SUM(I22:I25) -> 6 | Z13: =SUM(J22:J25) -> 0 | ... AF13: =SUM(P22:P25) -> 75
B14: 08.00 - 08.15 | C14: 0 | D14: 0 | E14: 1 | F14: 0 | G14: 0 | H14: 0 | I14: 0 | J14: 0 | K14: 0 | L14: 0 | M14: 17 | N14: 0 | O14: =SUM(C14:L14,N14) -> 1 | P14: =SUM(C14:N14) -> 18 | R14: 1100-1200 | S14: =SUM(C26:C29) -> 3 | T14: =SUM(D26:D29) -> 0 | U14: =SUM(E26:E29) -> 4 | V14: =SUM(F26:F29) -> 1 | W14: =SUM(G26:G29) -> 0 | X14: =SUM(H26:H29) -> 0 | Y14: =SUM(I26:I29) -> 5 | Z14: =SUM(J26:J29) -> 0 | ... AF14: =SUM(P26:P29) -> 60
B15: 08.15 - 08.30 | C15: 1 | D15: 0 | E15: 1 | F15: 0 | G15: 0 | H15: 0 | I15: 0 | J15: 0 | K15: 0 | L15: 0 | M15: 15 | N15: 0 | O15: =SUM(C15:L15,N15) -> 2 | P15: =SUM(C15:N15) -> 17 | R15: 1200-1300 | S15: =SUM(C30:C33) -> 5 | T15: =SUM(D30:D33) -> 0 | U15: =SUM(E30:E33) -> 1 | V15: =SUM(F30:F33) -> 2 | W15: =SUM(G30:G33) -> 0 | X15: =SUM(H30:H33) -> 0 | Y15: =SUM(I30:I33) -> 2 | Z15: =SUM(J30:J33) -> 0 | ... AF15: =SUM(P30:P33) -> 70
B16: 08.30 - 08.45 | C16: 0 | D16: 0 | E16: 1 | F16: 1 | G16: 0 | H16: 0 | I16: 2 | J16: 0 | K16: 0 | L16: 0 | M16: 15 | N16: 0 | O16: =SUM(C16:L16,N16) -> 4 | P16: =SUM(C16:N16) -> 19 | R16: 1300-1400 | S16: =SUM(C34:C37) -> 5 | T16: =SUM(D34:D37) -> 0 | U16: =SUM(E34:E37) -> 4 | V16: =SUM(F34:F37) -> 2 | W16: =SUM(G34:G37) -> 0 | X16: =SUM(H34:H37) -> 0 | Y16: =SUM(I34:I37) -> 4 | Z16: =SUM(J34:J37) -> 1 | ... AF16: =SUM(P34:P37) -> 80
B17: 08.45 - 9.00 | C17: 2 | D17: 0 | E17: 0 | F17: 1 | G17: 0 | H17: 0 | I17: 1 | J17: 0 | K17: 0 | L17: 0 | M17: 19 | N17: 0 | O17: =SUM(C17:L17,N17) -> 4 | P17: =SUM(C17:N17) -> 23 | R17: 1400-1500 | S17: =SUM(C38:C41) -> 6 | T17: =SUM(D38:D41) -> 0 | U17: =SUM(E38:E41) -> 1 | V17: =SUM(F38:F41) -> 1 | W17: =SUM(G38:G41) -> 0 | X17: =SUM(H38:H41) -> 0 | Y17: =SUM(I38:I41) -> 3 | Z17: =SUM(J38:J41) -> 0 | ... AF17: =SUM(P38:P41) -> 57
B18: 09.00 - 09.15 | C18: 0 | D18: 0 | E18: 1 | F18: 0 | G18: 0 | H18: 0 | I18: 0 | J18: 0 | K18: 0 | L18: 0 | M18: 15 | N18: 0 | O18: =SUM(C18:L18,N18) -> 1 | P18: =SUM(C18:N18) -> 16 | R18: 1500-1600 | S18: =SUM(C42:C45) -> 1 | T18: =SUM(D42:D45) -> 0 | U18: =SUM(E42:E45) -> 1 | V18: =SUM(F42:F45) -> 0 | W18: =SUM(G42:G45) -> 0 | X18: =SUM(H42:H45) -> 0 | Y18: =SUM(I42:I45) -> 7 | Z18: =SUM(J42:J45) -> 0 | ... AF18: =SUM(P42:P45) -> 56
B19: 09.15 - 09.30 | C19: 0 | D19: 0 | E19: 1 | F19: 0 | G19: 0 | H19: 0 | I19: 0 | J19: 0 | K19: 0 | L19: 0 | M19: 12 | N19: 0 | O19: =SUM(C19:L19,N19) -> 1 | P19: =SUM(C19:N19) -> 13 | R19: 1600-1700 | S19: =SUM(C46:C49) -> 5 | T19: =SUM(D46:D49) -> 0 | U19: =SUM(E46:E49) -> 4 | V19: =SUM(F46:F49) -> 1 | W19: =SUM(G46:G49) -> 0 | X19: =SUM(H46:H49) -> 0 | Y19: =SUM(I46:I49) -> 6 | Z19: =SUM(J46:J49) -> 0 | ... AF19: =SUM(P46:P49) -> 69
B20: 09.30 - 09.45 | C20: 0 | D20: 0 | E20: 1 | F20: 0 | G20: 0 | H20: 0 | I20: 2 | J20: 0 | K20: 0 | L20: 0 | M20: 10 | N20: 0 | O20: =SUM(C20:L20,N20) -> 3 | P20: =SUM(C20:N20) -> 13 | R20: 1700-1800 | S20: =SUM(C50:C53) -> 3 | T20: =SUM(D50:D53) -> 0 | U20: =SUM(E50:E53) -> 6 | V20: =SUM(F50:F53) -> 3 | W20: =SUM(G50:G53) -> 0 | X20: =SUM(H50:H53) -> 0 | Y20: =SUM(I50:I53) -> 8 | Z20: =SUM(J50:J53) -> 0 | ... AF20: =SUM(P50:P53) -> 69
B21: 09.45 - 10.00 | C21: 0 | D21: 0 | E21: 0 | F21: 0 | G21: 0 | H21: 0 | I21: 0 | J21: 0 | K21: 0 | L21: 0 | M21: 13 | N21: 0 | O21: =SUM(C21:L21,N21) -> 0 | P21: =SUM(C21:N21) -> 13 | R21: 1800-1900 | S21: =SUM(C54:C57) -> 0 | T21: =SUM(D54:D57) -> 0 | U21: =SUM(E54:E57) -> 4 | V21: =SUM(F54:F57) -> 1 | W21: =SUM(G54:G57) -> 1 | X21: =SUM(H54:H57) -> 0 | Y21: =SUM(I54:I57) -> 1 | Z21: =SUM(J54:J57) -> 0 | ... AF21: =SUM(P54:P57) -> 45
B22: 10.00 - 10.15 | C22: 0 | D22: 0 | E22: 0 | F22: 1 | G22: 0 | H22: 0 | I22: 1 | J22: 0 | K22: 0 | L22: 0 | M22: 13 | N22: 0 | O22: =SUM(C22:L22,N22) -> 2 | P22: =SUM(C22:N22) -> 15 | R22: AM Peak Hr | S22: =MAX(S10:S12) -> 7 | T22: =MAX(T10:T12) -> 0 | U22: =MAX(U10:U12) -> 3 | V22: =MAX(V10:V12) -> 2 | W22: =MAX(W10:W12) -> 0 | X22: =MAX(X10:X12) -> 0 | Y22: =MAX(Y10:Y12) -> 3 | Z22: =MAX(Z10:Z12) -> 0 | ... AF22: =MAX(AF10:AF12) -> 77
B23: 10.15 - 10.30 | C23: 0 | D23: 0 | E23: 3 | F23: 0 | G23: 0 | H23: 0 | I23: 2 | J23: 0 | K23: 0 | L23: 0 | M23: 20 | N23: 0 | O23: =SUM(C23:L23,N23) -> 5 | P23: =SUM(C23:N23) -> 25 | R23: IP Peak Hr | S23: =MAX(S13:S18) -> 6 | T23: =MAX(T13:T18) -> 0 | U23: =MAX(U13:U18) -> 5 | V23: =MAX(V13:V18) -> 2 | W23: =MAX(W13:W18) -> 0 | X23: =MAX(X13:X18) -> 0 | Y23: =MAX(Y13:Y18) -> 7 | Z23: =MAX(Z13:Z18) -> 1 | ... AF23: =MAX(AF13:AF18) -> 80
B24: 10.30 - 10.45 | C24: 1 | D24: 0 | E24: 2 | F24: 0 | G24: 0 | H24: 0 | I24: 1 | J24: 0 | K24: 0 | L24: 0 | M24: 9 | N24: 0 | O24: =SUM(C24:L24,N24) -> 4 | P24: =SUM(C24:N24) -> 13 | R24: PM Peak Hr | S24: =MAX(S19:S21) -> 5 | T24: =MAX(T19:T21) -> 0 | U24: =MAX(U19:U21) -> 6 | V24: =MAX(V19:V21) -> 3 | W24: =MAX(W19:W21) -> 1 | X24: =MAX(X19:X21) -> 0 | Y24: =MAX(Y19:Y21) -> 8 | Z24: =MAX(Z19:Z21) -> 0 | ... AF24: =MAX(AF19:AF21) -> 69
B25: 10.45 - 11.00 | C25: 0 | D25: 0 | E25: 0 | F25: 0 | G25: 0 | H25: 0 | I25: 2 | J25: 0 | K25: 0 | L25: 0 | M25: 20 | N25: 0 | O25: =SUM(C25:L25,N25) -> 2 | P25: =SUM(C25:N25) -> 22 | R25: AM Period | S25: =SUM(S10:S12) -> 10 | T25: =SUM(T10:T12) -> 0 | U25: =SUM(U10:U12) -> 7 | V25: =SUM(V10:V12) -> 4 | W25: =SUM(W10:W12) -> 0 | X25: =SUM(X10:X12) -> 0 | Y25: =SUM(Y10:Y12) -> 6 | Z25: =SUM(Z10:Z12) -> 0 | ... AF25: =SUM(AF10:AF12) -> 189
B26: 11.00 - 11.15 | C26: 2 | D26: 0 | E26: 2 | F26: 1 | G26: 0 | H26: 0 | I26: 1 | J26: 0 | K26: 0 | L26: 0 | M26: 15 | N26: 0 | O26: =SUM(C26:L26,N26) -> 6 | P26: =SUM(C26:N26) -> 21 | R26: IP Period | S26: =SUM(S13:S18) -> 21 | T26: =SUM(T13:T18) -> 0 | U26: =SUM(U13:U18) -> 16 | V26: =SUM(V13:V18) -> 7 | W26: =SUM(W13:W18) -> 0 | X26: =SUM(X13:X18) -> 0 | Y26: =SUM(Y13:Y18) -> 27 | Z26: =SUM(Z13:Z18) -> 1 | ... AF26: =SUM(AF13:AF18) -> 398
B27: 11.15 - 11.30 | C27: 0 | D27: 0 | E27: 1 | F27: 0 | G27: 0 | H27: 0 | I27: 1 | J27: 0 | K27: 0 | L27: 0 | M27: 10 | N27: 0 | O27: =SUM(C27:L27,N27) -> 2 | P27: =SUM(C27:N27) -> 12 | R27: PM Period | S27: =SUM(S19:S21) -> 8 | T27: =SUM(T19:T21) -> 0 | U27: =SUM(U19:U21) -> 14 | V27: =SUM(V19:V21) -> 5 | W27: =SUM(W19:W21) -> 1 | X27: =SUM(X19:X21) -> 0 | Y27: =SUM(Y19:Y21) -> 15 | Z27: =SUM(Z19:Z21) -> 0 | ... AF27: =SUM(AF19:AF21) -> 183
B28: 11.30 - 11.45 | C28: 1 | D28: 0 | E28: 0 | F28: 0 | G28: 0 | H28: 0 | I28: 1 | J28: 0 | K28: 0 | L28: 0 | M28: 8 | N28: 0 | O28: =SUM(C28:L28,N28) -> 2 | P28: =SUM(C28:N28) -> 10 | R28: 12 Hours | S28: =SUM(S10:S21) -> 39 | T28: =SUM(T10:T21) -> 0 | U28: =SUM(U10:U21) -> 37 | V28: =SUM(V10:V21) -> 16 | W28: =SUM(W10:W21) -> 1 | X28: =SUM(X10:X21) -> 0 | Y28: =SUM(Y10:Y21) -> 48 | Z28: =SUM(Z10:Z21) -> 1 | ... AF28: =SUM(AF10:AF21) -> 770
B29: 11.45 - 12.00 | C29: 0 | D29: 0 | E29: 1 | F29: 0 | G29: 0 | H29: 0 | I29: 2 | J29: 0 | K29: 0 | L29: 0 | M29: 14 | N29: 0 | O29: =SUM(C29:L29,N29) -> 3 | P29: =SUM(C29:N29) -> 17
B30: 12.00 - 12.15 | C30: 3 | D30: 0 | E30: 1 | F30: 1 | G30: 0 | H30: 0 | I30: 0 | J30: 0 | K30: 0 | L30: 0 | M30: 21 | N30: 0 | O30: =SUM(C30:L30,N30) -> 5 | P30: =SUM(C30:N30) -> 26
B31: 12.15 - 12.30 | C31: 0 | D31: 0 | E31: 0 | F31: 0 | G31: 0 | H31: 0 | I31: 1 | J31: 0 | K31: 0 | L31: 0 | M31: 16 | N31: 0 | O31: =SUM(C31:L31,N31) -> 1 | P31: =SUM(C31:N31) -> 17
B32: 12.30 - 12.45 | C32: 2 | D32: 0 | E32: 0 | F32: 0 | G32: 0 | H32: 0 | I32: 0 | J32: 0 | K32: 0 | L32: 0 | M32: 11 | N32: 0 | O32: =SUM(C32:L32,N32) -> 2 | P32: =SUM(C32:N32) -> 13
B33: 12.45 - 13.00 | C33: 0 | D33: 0 | E33: 0 | F33: 1 | G33: 0 | H33: 0 | I33: 1 | J33: 0 | K33: 0 | L33: 0 | M33: 12 | N33: 0 | O33: =SUM(C33:L33,N33) -> 2 | P33: =SUM(C33:N33) -> 14
B34: 13.00 - 13.15 | C34: 2 | D34: 0 | E34: 2 | F34: 0 | G34: 0 | H34: 0 | I34: 0 | J34: 1 | K34: 0 | L34: 0 | M34: 20 | N34: 0 | O34: =SUM(C34:L34,N34) -> 5 | P34: =SUM(C34:N34) -> 25
B35: 13.15 - 13.30 | C35: 0 | D35: 0 | E35: 0 | F35: 2 | G35: 0 | H35: 0 | I35: 3 | J35: 0 | K35: 0 | L35: 0 | M35: 14 | N35: 0 | O35: =SUM(C35:L35,N35) -> 5 | P35: =SUM(C35:N35) -> 19
B36: 13.30 - 13.45 | C36: 3 | D36: 0 | E36: 1 | F36: 0 | G36: 0 | H36: 0 | I36: 0 | J36: 0 | K36: 0 | L36: 0 | M36: 16 | N36: 0 | O36: =SUM(C36:L36,N36) -> 4 | P36: =SUM(C36:N36) -> 20
B37: 13.45 - 14.00 | C37: 0 | D37: 0 | E37: 1 | F37: 0 | G37: 0 | H37: 0 | I37: 1 | J37: 0 | K37: 0 | L37: 0 | M37: 14 | N37: 0 | O37: =SUM(C37:L37,N37) -> 2 | P37: =SUM(C37:N37) -> 16
B38: 14.00 - 14.15 | C38: 0 | D38: 0 | E38: 0 | F38: 1 | G38: 0 | H38: 0 | I38: 0 | J38: 0 | K38: 0 | L38: 0 | M38: 11 | N38: 0 | O38: =SUM(C38:L38,N38) -> 1 | P38: =SUM(C38:N38) -> 12
B39: 14.15 - 14.30 | C39: 2 | D39: 0 | E39: 0 | F39: 0 | G39: 0 | H39: 0 | I39: 1 | J39: 0 | K39: 0 | L39: 0 | M39: 17 | N39: 0 | O39: =SUM(C39:L39,N39) -> 3 | P39: =SUM(C39:N39) -> 20
B40: 14.30 - 14.45 | C40: 1 | D40: 0 | E40: 0 | F40: 0 | G40: 0 | H40: 0 | I40: 0 | J40: 0 | K40: 0 | L40: 0 | M40: 8 | N40: 0 | O40: =SUM(C40:L40,N40) -> 1 | P40: =SUM(C40:N40) -> 9
... B57: 18.45 - 19.00 | C57: 0 | D57: 0 | E57: 0 | F57: 0 | G57: 0 | H57: 0 | I57: 0 | J57: 0 | K57: 0 | L57: 0 | M57: 0 | N57: 0 | O57: =SUM(C57:L57,N57) -> 0 | P57: =SUM(C57:N57) -> 0
B58: Totals | C58: =SUM(C10:C57) -> 39 | D58: =SUM(D10:D57) -> 0 | E58: =SUM(E10:E57) -> 37 | F58: =SUM(F10:F57) -> 16 | G58: =SUM(G10:G57) -> 1 | H58: =SUM(H10:H57) -> 0 | I58: =SUM(I10:I57) -> 48 | J58: =SUM(J10:J57) -> 1 | ... P58: =SUM(P10:P57) -> 770
B59: %ges + MCs | C59: =C58/$P$58 -> 0.050649351 | D59: =D58/$P$58 -> 0 | E59: =E58/$P$58 -> 0.048051948 | F59: =F58/$P$58 -> 0.020779221 | G59: =G58/$P$58 -> 0.0012987013 | H59: =H58/$P$58 -> 0 | I59: =I58/$P$58 -> 0.062337662 | J59: =J58/$P$58 -> 0.0012987013 | ... N59: =N58/$P$58 -> 0
B60: %ges w/o MCs | C60: =C58/$O$58 -> 0.27464789 | D60: =D58/$O$58 -> 0 | E60: =E58/$O$58 -> 0.26056338 | F60: =F58/$O$58 -> 0.11267606 | G60: =G58/$O$58 -> 0.0070422535 | H60: =H58/$O$58 -> 0 | I60: =I58/$O$58 -> 0.33802817 | J60: =J58/$O$58 -> 0.0070422535 | ... L60: =L58/$O$58 -> 0 | N60: =N58/$O$58 -> 0

Sheet 12.08 KAMPALA-BUSUNJU
B1: Consultancy services for Preparation of Expressway Development Master Plan (EDMP) for Uganda
B2: MANUAL CLASSIFIED COUNT (MCC)
B3: ROAD NAME: | C3: ='11.08 KAMPALA-BUSUNJU'!C3:G3 -> MCC - C3 - STN85 - HOIMA ROAD
C5: Date | D5: ='12.08 BUSUNJU-KAMPALA'!D5 -> 12.08.19 | F5: Location | G5: ='11.08 BUSUNJU-KAMPALA'!G5:H5 -> MATTE | J5: Surveyor | K5: ='11.08 BUSUNJU-KAMPALA'!K5:L5 -> xxx
C6: Dir. From | D6: ='11.08 KAMPALA-BUSUNJU'!D6:E6 -> KAMPALA | F6: Dir. To | G6: ='11.08 KAMPALA-BUSUNJU'!G6:H6 -> BUSUNJU | J6: Supervisor | K6: ='11.08 BUSUNJU-KAMPALA'!K6:L6 -> xxx
B8: Time / Veh Type | R8: SUMMARY TRAFFIC VOLUMES
C9: 1. Car | D9: 2. Station Wagon | E9: 3. Pickups | F9: 4. Minibus, matatu | G9: 5. Medium bus | H9: 6. Large Bus | I9: 7. Light Truck | J9: 8. Medium Truck | K9: 9. Heavy truck | L9: 10. Truck Trailer | M9: 11. Motor cycles | N9: 12. Tractors | O9: Total Excl M/Cycles | P9: Total All | R9: Time | S9: 1. Car | T9: 2. Station Wagon | U9: 3. Pickups | V9: 4. Minibus, matatu | W9: 5. Medium bus | X9: 6. Large Bus | Y9: 7. Light Truck | Z9: 8. Medium Truck | AA9: 9. Heavy truck | AB9: 10. Truck Trailer | AC9: 11. Motorcycles | AD9: 12. Tractors, Graders | AE9: Total Excl M/ Cycles | AF9: Total All
B10: 07.00 - 07.15 | C10: 0 | D10: 0 | E10: 0 | F10: 0 | G10: 0 | H10: 0 | I10: 2 | J10: 0 | K10: 0 | L10: 0 | M10: 11 | N10: 0 | O10: =SUM(C10:L10,N10) -> 2 | P10: =SUM(C10:N10) -> 13 | R10: 0700-0800 | S10: =SUM(C10:C13) -> 2 | T10: =SUM(D10:D13) -> 0 | U10: =SUM(E10:E13) -> 0 | V10: =SUM(F10:F13) -> 2 | W10: =SUM(G10:G13) -> 0 | X10: =SUM(H10:H13) -> 0 | Y10: =SUM(I10:I13) -> 4 | Z10: =SUM(J10:J13) -> 0 | ... AF10: =SUM(P10:P13) -> 57
B11: 07.15 - 07.30 | C11: 0 | D11: 0 | E11: 0 | F11: 1 | G11: 0 | H11: 0 | I11: 0 | J11: 0 | K11: 0 | L11: 0 | M11: 12 | N11: 0 | O11: =SUM(C11:L11,N11) -> 1 | P11: =SUM(C11:N11) -> 13 | R11: 0800-0900 | S11: =SUM(C14:C17) -> 2 | T11: =SUM(D14:D17) -> 0 | U11: =SUM(E14:E17) -> 1 | V11: =SUM(F14:F17) -> 1 | W11: =SUM(G14:G17) -> 0 | X11: =SUM(H14:H17) -> 0 | Y11: =SUM(I14:I17) -> 3 | Z11: =SUM(J14:J17) -> 0 | ... AF11: =SUM(P14:P17) -> 56
B12: 07.30 - 07.45 | C12: 0 | D12: 0 | E12: 0 | F12: 0 | G12: 0 | H12: 0 | I12: 1 | J12: 0 | K12: 0 | L12: 0 | M12: 12 | N12: 0 | O12: =SUM(C12:L12,N12) -> 1 | P12: =SUM(C12:N12) -> 13 | R12: 0900-1000 | S12: =SUM(C18:C21) -> 0 | T12: =SUM(D18:D21) -> 0 | U12: =SUM(E18:E21) -> 1 | V12: =SUM(F18:F21) -> 1 | W12: =SUM(G18:G21) -> 0 | X12: =SUM(H18:H21) -> 0 | Y12: =SUM(I18:I21) -> 4 | Z12: =SUM(J18:J21) -> 0 | ... AF12: =SUM(P18:P21) -> 51
B13: 07.45 - 08.00 | C13: 2 | D13: 0 | E13: 0 | F13: 1 | G13: 0 | H13: 0 | I13: 1 | J13: 0 | K13: 0 | L13: 0 | M13: 14 | N13: 0 | O13: =SUM(C13:L13,N13) -> 4 | P13: =SUM(C13:N13) -> 18 | R13: 1000-1100 | S13: =SUM(C22:C25) -> 2 | T13: =SUM(D22:D25) -> 0 | U13: =SUM(E22:E25) -> 2 | V13: =SUM(F22:F25) -> 0 | W13: =SUM(G22:G25) -> 0 | X13: =SUM(H22:H25) -> 0 | Y13: =SUM(I22:I25) -> 4 | Z13: =SUM(J22:J25) -> 0 | ... AF13: =SUM(P22:P25) -> 66
B14: 08.00 - 08.15 | C14: 0 | D14: 0 | E14: 0 | F14: 0 | G14: 0 | H14: 0 | I14: 2 | J14: 0 | K14: 0 | L14: 0 | M14: 12 | N14: 0 | O14: =SUM(C14:L14,N14) -> 2 | P14: =SUM(C14:N14) -> 14 | R14: 1100-1200 | S14: =SUM(C26:C29) -> 9 | T14: =SUM(D26:D29) -> 0 | U14: =SUM(E26:E29) -> 11 | V14: =SUM(F26:F29) -> 1 | W14: =SUM(G26:G29) -> 0 | X14: =SUM(H26:H29) -> 0 | Y14: =SUM(I26:I29) -> 1 | Z14: =SUM(J26:J29) -> 0 | ... AF14: =SUM(P26:P29) -> 69
B15: 08.15 - 08.30 | C15: 1 | D15: 0 | E15: 1 | F15: 0 | G15: 0 | H15: 0 | I15: 0 | J15: 0 | K15: 0 | L15: 0 | M15: 12 | N15: 0 | O15: =SUM(C15:L15,N15) -> 2 | P15: =SUM(C15:N15) -> 14 | R15: 1200-1300 | S15: =SUM(C30:C33) -> 3 | T15: =SUM(D30:D33) -> 0 | U15: =SUM(E30:E33) -> 5 | V15: =SUM(F30:F33) -> 2 | W15: =SUM(G30:G33) -> 0 | X15: =SUM(H30:H33) -> 0 | Y15: =SUM(I30:I33) -> 4 | Z15: =SUM(J30:J33) -> 1 | ... AF15: =SUM(P30:P33) -> 64
B16: 08.30 - 08.45 | C16: 1 | D16: 0 | E16: 0 | F16: 1 | G16: 0 | H16: 0 | I16: 0 | J16: 0 | K16: 0 | L16: 0 | M16: 13 | N16: 0 | O16: =SUM(C16:L16,N16) -> 2 | P16: =SUM(C16:N16) -> 15 | R16: 1300-1400 | S16: =SUM(C34:C37) -> 2 | T16: =SUM(D34:D37) -> 0 | U16: =SUM(E34:E37) -> 0 | V16: =SUM(F34:F37) -> 2 | W16: =SUM(G34:G37) -> 0 | X16: =SUM(H34:H37) -> 0 | Y16: =SUM(I34:I37) -> 7 | Z16: =SUM(J34:J37) -> 0 | ... AF16: =SUM(P34:P37) -> 67
B17: 08.45 - 9.00 | C17: 0 | D17: 0 | E17: 0 | F17: 0 | G17: 0 | H17: 0 | I17: 1 | J17: 0 | K17: 0 | L17: 0 | M17: 12 | N17: 0 | O17: =SUM(C17:L17,N17) -> 1 | P17: =SUM(C17:N17) -> 13 | R17: 1400-1500 | S17: =SUM(C38:C41) -> 1 | T17: =SUM(D38:D41) -> 0 | U17: =SUM(E38:E41) -> 4 | V17: =SUM(F38:F41) -> 0 | W17: =SUM(G38:G41) -> 0 | X17: =SUM(H38:H41) -> 0 | Y17: =SUM(I38:I41) -> 9 | Z17: =SUM(J38:J41) -> 0 | ... AF17: =SUM(P38:P41) -> 65
B18: 09.00 - 09.15 | C18: 0 | D18: 0 | E18: 0 | F18: 0 | G18: 0 | H18: 0 | I18: 1 | J18: 0 | K18: 0 | L18: 0 | M18: 11 | N18: 0 | O18: =SUM(C18:L18,N18) -> 1 | P18: =SUM(C18:N18) -> 12 | R18: 1500-1600 | S18: =SUM(C42:C45) -> 4 | T18: =SUM(D42:D45) -> 0 | U18: =SUM(E42:E45) -> 4 | V18: =SUM(F42:F45) -> 0 | W18: =SUM(G42:G45) -> 0 | X18: =SUM(H42:H45) -> 0 | Y18: =SUM(I42:I45) -> 3 | Z18: =SUM(J42:J45) -> 0 | ... AF18: =SUM(P42:P45) -> 57
B19: 09.15 - 09.30 | C19: 0 | D19: 0 | E19: 0 | F19: 0 | G19: 0 | H19: 0 | I19: 1 | J19: 0 | K19: 0 | L19: 0 | M19: 11 | N19: 0 | O19: =SUM(C19:L19,N19) -> 1 | P19: =SUM(C19:N19) -> 12 | R19: 1600-1700 | S19: =SUM(C46:C49) -> 3 | T19: =SUM(D46:D49) -> 0 | U19: =SUM(E46:E49) -> 1 | V19: =SUM(F46:F49) -> 0 | W19: =SUM(G46:G49) -> 0 | X19: =SUM(H46:H49) -> 0 | Y19: =SUM(I46:I49) -> 7 | Z19: =SUM(J46:J49) -> 0 | ... AF19: =SUM(P46:P49) -> 75
B20: 09.30 - 09.45 | C20: 0 | D20: 0 | E20: 0 | F20: 1 | G20: 0 | H20: 0 | I20: 1 | J20: 0 | K20: 0 | L20: 0 | M20: 10 | N20: 0 | O20: =SUM(C20:L20,N20) -> 2 | P20: =SUM(C20:N20) -> 12 | R20: 1700-1800 | S20: =SUM(C50:C53) -> 3 | T20: =SUM(D50:D53) -> 0 | U20: =SUM(E50:E53) -> 2 | V20: =SUM(F50:F53) -> 4 | W20: =SUM(G50:G53) -> 0 | X20: =SUM(H50:H53) -> 0 | Y20: =SUM(I50:I53) -> 5 | Z20: =SUM(J50:J53) -> 0 | ... AF20: =SUM(P50:P53) -> 62
B21: 09.45 - 10.00 | C21: 0 | D21: 0 | E21: 1 | F21: 0 | G21: 0 | H21: 0 | I21: 1 | J21: 0 | K21: 0 | L21: 0 | M21: 13 | N21: 0 | O21: =SUM(C21:L21,N21) -> 2 | P21: =SUM(C21:N21) -> 15 | R21: 1800-1900 | S21: =SUM(C54:C57) -> 2 | T21: =SUM(D54:D57) -> 0 | U21: =SUM(E54:E57) -> 0 | V21: =SUM(F54:F57) -> 1 | W21: =SUM(G54:G57) -> 1 | X21: =SUM(H54:H57) -> 0 | Y21: =SUM(I54:I57) -> 0 | Z21: =SUM(J54:J57) -> 0 | ... AF21: =SUM(P54:P57) -> 39
B22: 10.00 - 10.15 | C22: 0 | D22: 0 | E22: 1 | F22: 0 | G22: 0 | H22: 0 | I22: 2 | J22: 0 | K22: 0 | L22: 0 | M22: 15 | N22: 0 | O22: =SUM(C22:L22,N22) -> 3 | P22: =SUM(C22:N22) -> 18 | R22: AM Peak Hr | S22: =MAX(S10:S12) -> 2 | T22: =MAX(T10:T12) -> 0 | U22: =MAX(U10:U12) -> 1 | V22: =MAX(V10:V12) -> 2 | W22: =MAX(W10:W12) -> 0 | X22: =MAX(X10:X12) -> 0 | Y22: =MAX(Y10:Y12) -> 4 | Z22: =MAX(Z10:Z12) -> 0 | ... AF22: =MAX(AF10:AF12) -> 57
B23: 10.15 - 10.30 | C23: 0 | D23: 0 | E23: 1 | F23: 0 | G23: 0 | H23: 0 | I23: 0 | J23: 0 | K23: 0 | L23: 0 | M23: 16 | N23: 0 | O23: =SUM(C23:L23,N23) -> 1 | P23: =SUM(C23:N23) -> 17 | R23: IP Peak Hr | S23: =MAX(S13:S18) -> 9 | T23: =MAX(T13:T18) -> 0 | U23: =MAX(U13:U18) -> 11 | V23: =MAX(V13:V18) -> 2 | W23: =MAX(W13:W18) -> 0 | X23: =MAX(X13:X18) -> 0 | Y23: =MAX(Y13:Y18) -> 9 | Z23: =MAX(Z13:Z18) -> 1 | ... AF23: =MAX(AF13:AF18) -> 69
B24: 10.30 - 10.45 | C24: 0 | D24: 0 | E24: 0 | F24: 0 | G24: 0 | H24: 0 | I24: 1 | J24: 0 | K24: 0 | L24: 0 | M24: 13 | N24: 0 | O24: =SUM(C24:L24,N24) -> 1 | P24: =SUM(C24:N24) -> 14 | R24: PM Peak Hr | S24: =MAX(S19:S21) -> 3 | T24: =MAX(T19:T21) -> 0 | U24: =MAX(U19:U21) -> 2 | V24: =MAX(V19:V21) -> 4 | W24: =MAX(W19:W21) -> 1 | X24: =MAX(X19:X21) -> 0 | Y24: =MAX(Y19:Y21) -> 7 | Z24: =MAX(Z19:Z21) -> 0 | ... AF24: =MAX(AF19:AF21) -> 75
B25: 10.45 - 11.00 | C25: 2 | D25: 0 | E25: 0 | F25: 0 | G25: 0 | H25: 0 | I25: 1 | J25: 0 | K25: 0 | L25: 0 | M25: 14 | N25: 0 | O25: =SUM(C25:L25,N25) -> 3 | P25: =SUM(C25:N25) -> 17 | R25: AM Period | S25: =SUM(S10:S12) -> 4 | T25: =SUM(T10:T12) -> 0 | U25: =SUM(U10:U12) -> 2 | V25: =SUM(V10:V12) -> 4 | W25: =SUM(W10:W12) -> 0 | X25: =SUM(X10:X12) -> 0 | Y25: =SUM(Y10:Y12) -> 11 | Z25: =SUM(Z10:Z12) -> 0 | ... AF25: =SUM(AF10:AF12) -> 164
B26: 11.00 - 11.15 | C26: 2 | D26: 0 | E26: 5 | F26: 0 | G26: 0 | H26: 0 | I26: 0 | J26: 0 | K26: 0 | L26: 0 | M26: 8 | N26: 0 | O26: =SUM(C26:L26,N26) -> 7 | P26: =SUM(C26:N26) -> 15 | R26: IP Period | S26: =SUM(S13:S18) -> 21 | T26: =SUM(T13:T18) -> 0 | U26: =SUM(U13:U18) -> 26 | V26: =SUM(V13:V18) -> 5 | W26: =SUM(W13:W18) -> 0 | X26: =SUM(X13:X18) -> 0 | Y26: =SUM(Y13:Y18) -> 28 | Z26: =SUM(Z13:Z18) -> 1 | ... AF26: =SUM(AF13:AF18) -> 388
B27: 11.15 - 11.30 | C27: 3 | D27: 0 | E27: 4 | F27: 1 | G27: 0 | H27: 0 | I27: 0 | J27: 0 | K27: 0 | L27: 0 | M27: 12 | N27: 0 | O27: =SUM(C27:L27,N27) -> 8 | P27: =SUM(C27:N27) -> 20 | R27: PM Period | S27: =SUM(S19:S21) -> 8 | T27: =SUM(T19:T21) -> 0 | U27: =SUM(U19:U21) -> 3 | V27: =SUM(V19:V21) -> 5 | W27: =SUM(W19:W21) -> 1 | X27: =SUM(X19:X21) -> 0 | Y27: =SUM(Y19:Y21) -> 12 | Z27: =SUM(Z19:Z21) -> 0 | ... AF27: =SUM(AF19:AF21) -> 176
B28: 11.30 - 11.45 | C28: 1 | D28: 0 | E28: 0 | F28: 0 | G28: 0 | H28: 0 | I28: 0 | J28: 0 | K28: 0 | L28: 0 | M28: 18 | N28: 0 | O28: =SUM(C28:L28,N28) -> 1 | P28: =SUM(C28:N28) -> 19 | R28: 12 Hours | S28: =SUM(S10:S21) -> 33 | T28: =SUM(T10:T21) -> 0 | U28: =SUM(U10:U21) -> 31 | V28: =SUM(V10:V21) -> 14 | W28: =SUM(W10:W21) -> 1 | X28: =SUM(X10:X21) -> 0 | Y28: =SUM(Y10:Y21) -> 51 | Z28: =SUM(Z10:Z21) -> 1 | ... AF28: =SUM(AF10:AF21) -> 728
B29: 11.45 - 12.00 | C29: 3 | D29: 0 | E29: 2 | F29: 0 | G29: 0 | H29: 0 | I29: 1 | J29: 0 | K29: 0 | L29: 0 | M29: 9 | N29: 0 | O29: =SUM(C29:L29,N29) -> 6 | P29: =SUM(C29:N29) -> 15
B30: 12.00 - 12.15 | C30: 1 | D30: 0 | E30: 3 | F30: 0 | G30: 0 | H30: 0 | I30: 0 | J30: 0 | K30: 0 | L30: 0 | M30: 12 | N30: 0 | O30: =SUM(C30:L30,N30) -> 4 | P30: =SUM(C30:N30) -> 16
B31: 12.15 - 12.30 | C31: 1 | D31: 0 | E31: 0 | F31: 0 | G31: 0 | H31: 0 | I31: 1 | J31: 1 | K31: 0 | L31: 0 | M31: 9 | N31: 0 | O31: =SUM(C31:L31,N31) -> 3 | P31: =SUM(C31:N31) -> 12
B32: 12.30 - 12.45 | C32: 0 | D32: 0 | E32: 1 | F32: 1 | G32: 0 | H32: 0 | I32: 2 | J32: 0 | K32: 0 | L32: 0 | M32: 13 | N32: 0 | O32: =SUM(C32:L32,N32) -> 4 | P32: =SUM(C32:N32) -> 17
B33: 12.45 - 13.00 | C33: 1 | D33: 0 | E33: 1 | F33: 1 | G33: 0 | H33: 0 | I33: 1 | J33: 0 | K33: 0 | L33: 0 | M33: 15 | N33: 0 | O33: =SUM(C33:L33,N33) -> 4 | P33: =SUM(C33:N33) -> 19
B34: 13.00 - 13.15 | C34: 0 | D34: 0 | E34: 0 | F34: 0 | G34: 0 | H34: 0 | I34: 2 | J34: 0 | K34: 0 | L34: 0 | M34: 11 | N34: 0 | O34: =SUM(C34:L34,N34) -> 2 | P34: =SUM(C34:N34) -> 13
B35: 13.15 - 13.30 | C35: 2 | D35: 0 | E35: 0 | F35: 1 | G35: 0 | H35: 0 | I35: 1 | J35: 0 | K35: 0 | L35: 0 | M35: 14 | N35: 0 | O35: =SUM(C35:L35,N35) -> 4 | P35: =SUM(C35:N35) -> 18
B36: 13.30 - 13.45 | C36: 0 | D36: 0 | E36: 0 | F36: 0 | G36: 0 | H36: 0 | I36: 2 | J36: 0 | K36: 0 | L36: 0 | M36: 18 | N36: 0 | O36: =SUM(C36:L36,N36) -> 2 | P36: =SUM(C36:N36) -> 20
B37: 13.45 - 14.00 | C37: 0 | D37: 0 | E37: 0 | F37: 1 | G37: 0 | H37: 0 | I37: 2 | J37: 0 | K37: 0 | L37: 0 | M37: 13 | N37: 0 | O37: =SUM(C37:L37,N37) -> 3 | P37: =SUM(C37:N37) -> 16
B38: 14.00 - 14.15 | C38: 1 | D38: 0 | E38: 0 | F38: 0 | G38: 0 | H38: 0 | I38: 0 | J38: 0 | K38: 0 | L38: 0 | M38: 13 | N38: 0 | O38: =SUM(C38:L38,N38) -> 1 | P38: =SUM(C38:N38) -> 14
B39: 14.15 - 14.30 | C39: 0 | D39: 0 | E39: 2 | F39: 0 | G39: 0 | H39: 0 | I39: 2 | J39: 0 | K39: 0 | L39: 0 | M39: 14 | N39: 0 | O39: =SUM(C39:L39,N39) -> 4 | P39: =SUM(C39:N39) -> 18
B40: 14.30 - 14.45 | C40: 0 | D40: 0 | E40: 2 | F40: 0 | G40: 0 | H40: 0 | I40: 2 | J40: 0 | K40: 0 | L40: 0 | M40: 12 | N40: 0 | O40: =SUM(C40:L40,N40) -> 4 | P40: =SUM(C40:N40) -> 16
... B57: 18.45 - 19.00 | C57: 0 | D57: 0 | E57: 0 | F57: 0 | G57: 0 | H57: 0 | I57: 0 | J57: 0 | K57: 0 | L57: 0 | M57: 0 | N57: 0 | O57: =SUM(C57:L57,N57) -> 0 | P57: =SUM(C57:N57) -> 0
B58: Totals | C58: =SUM(C10:C57) -> 33 | D58: =SUM(D10:D57) -> 0 | E58: =SUM(E10:E57) -> 31 | F58: =SUM(F10:F57) -> 14 | G58: =SUM(G10:G57) -> 1 | H58: =SUM(H10:H57) -> 0 | I58: =SUM(I10:I57) -> 51 | J58: =SUM(J10:J57) -> 1 | ... P58: =SUM(P10:P57) -> 728
B59: %ges + MCs | C59: =C58/$P$58 -> 0.04532967 | D59: =D58/$P$58 -> 0 | E59: =E58/$P$58 -> 0.042582418 | F59: =F58/$P$58 -> 0.019230769 | G59: =G58/$P$58 -> 0.0013736264 | H59: =H58/$P$58 -> 0 | I59: =I58/$P$58 -> 0.070054945 | J59: =J58/$P$58 -> 0.0013736264 | ... N59: =N58/$P$58 -> 0
B60: %ges w/o MCs | C60: =C58/$O$58 -> 0.2519084 | D60: =D58/$O$58 -> 0 | E60: =E58/$O$58 -> 0.23664122 | F60: =F58/$O$58 -> 0.10687023 | G60: =G58/$O$58 -> 0.0076335878 | H60: =H58/$O$58 -> 0 | I60: =I58/$O$58 -> 0.38931298 | J60: =J58/$O$58 -> 0.0076335878 | ... L60: =L58/$O$58 -> 0 | N60: =N58/$O$58 -> 0

Sheet 13.08 BUSUNJU-KAMPALA
B1: Consultancy services for Preparation of Expressway Development Master Plan (EDMP) for Uganda
B2: MANUAL CLASSIFIED COUNT (MCC)
B3: ROAD NAME: | C3: ='11.08 BUSUNJU-KAMPALA'!C3:G3 -> MCC - C3 - STN85 - HOIMA ROAD
C5: Date | D5: 13.08.19 | F5: Location | G5: ='11.08 BUSUNJU-KAMPALA'!G5:H5 -> MATTE | J5: Surveyor | K5: ='11.08 BUSUNJU-KAMPALA'!K5:L5 -> xxx
C6: Dir. From | D6: ='11.08 BUSUNJU-KAMPALA'!D6:E6 -> BUSUNJU | F6: Dir. To | G6: ='11.08 BUSUNJU-KAMPALA'!G6:H6 -> KAMPALA | J6: Supervisor | K6: ='11.08 BUSUNJU-KAMPALA'!K6:L6 -> xxx
B8: Time / Veh Type | R8: SUMMARY TRAFFIC VOLUMES
C9: 1. Car | D9: 2. Station Wagon | E9: 3. Pickups | F9: 4. Minibus, matatu | G9: 5. Medium bus | H9: 6. Large Bus | I9: 7. Light Truck | J9: 8. Medium Truck | K9: 9. Heavy truck | L9: 10. Truck Trailer | M9: 11. Motor cycles | N9: 12. Tractors | O9: Total Excl M/Cycles | P9: Total All | R9: Time | S9: 1. Car | T9: 2. Station Wagon | U9: 3. Pickups | V9: 4. Minibus, matatu | W9: 5. Medium bus | X9: 6. Large Bus | Y9: 7. Light Truck | Z9: 8. Medium Truck | AA9: 9. Heavy truck | AB9: 10. Truck Trailer | AC9: 11. Motorcycles | AD9: 12. Tractors, Graders | AE9: Total Excl M/ Cycles | AF9: Total All
B10: 07.00 - 07.15 | C10: 2 | D10: 0 | E10: 1 | F10: 0 | G10: 0 | H10: 0 | I10: 1 | J10: 0 | K10: 0 | L10: 0 | M10: 7 | N10: 0 | O10: =SUM(C10:L10,N10) -> 4 | P10: =SUM(C10:N10) -> 11 | R10: 0700-0800 | S10: =SUM(C10:C13) -> 6 | T10: =SUM(D10:D13) -> 0 | U10: =SUM(E10:E13) -> 2 | V10: =SUM(F10:F13) -> 0 | W10: =SUM(G10:G13) -> 0 | X10: =SUM(H10:H13) -> 0 | Y10: =SUM(I10:I13) -> 4 | Z10: =SUM(J10:J13) -> 0 | ... AF10: =SUM(P10:P13) -> 52
B11: 07.15 - 07.30 | C11: 0 | D11: 0 | E11: 0 | F11: 0 | G11: 0 | H11: 0 | I11: 0 | J11: 0 | K11: 0 | L11: 0 | M11: 8 | N11: 0 | O11: =SUM(C11:L11,N11) -> 0 | P11: =SUM(C11:N11) -> 8 | R11: 0800-0900 | S11: =SUM(C14:C17) -> 2 | T11: =SUM(D14:D17) -> 0 | U11: =SUM(E14:E17) -> 3 | V11: =SUM(F14:F17) -> 2 | W11: =SUM(G14:G17) -> 0 | X11: =SUM(H14:H17) -> 0 | Y11: =SUM(I14:I17) -> 7 | Z11: =SUM(J14:J17) -> 0 | ... AF11: =SUM(P14:P17) -> 81
B12: 07.30 - 07.45 | C12: 3 | D12: 0 | E12: 0 | F12: 0 | G12: 0 | H12: 0 | I12: 1 | J12: 0 | K12: 0 | L12: 0 | M12: 13 | N12: 0 | O12: =SUM(C12:L12,N12) -> 4 | P12: =SUM(C12:N12) -> 17 | R12: 0900-1000 | S12: =SUM(C18:C21) -> 1 | T12: =SUM(D18:D21) -> 0 | U12: =SUM(E18:E21) -> 2 | V12: =SUM(F18:F21) -> 1 | W12: =SUM(G18:G21) -> 0 | X12: =SUM(H18:H21) -> 0 | Y12: =SUM(I18:I21) -> 6 | Z12: =SUM(J18:J21) -> 0 | ... AF12: =SUM(P18:P21) -> 73
B13: 07.45 - 08.00 | C13: 1 | D13: 0 | E13: 1 | F13: 0 | G13: 0 | H13: 0 | I13: 2 | J13: 0 | K13: 0 | L13: 0 | M13: 12 | N13: 0 | O13: =SUM(C13:L13,N13) -> 4 | P13: =SUM(C13:N13) -> 16 | R13: 1000-1100 | S13: =SUM(C22:C25) -> 3 | T13: =SUM(D22:D25) -> 0 | U13: =SUM(E22:E25) -> 1 | V13: =SUM(F22:F25) -> 0 | W13: =SUM(G22:G25) -> 0 | X13: =SUM(H22:H25) -> 0 | Y13: =SUM(I22:I25) -> 8 | Z13: =SUM(J22:J25) -> 0 | ... AF13: =SUM(P22:P25) -> 71
B14: 08.00 - 08.15 | C14: 1 | D14: 0 | E14: 0 | F14: 1 | G14: 0 | H14: 0 | I14: 0 | J14: 0 | K14: 0 | L14: 0 | M14: 13 | N14: 0 | O14: =SUM(C14:L14,N14) -> 2 | P14: =SUM(C14:N14) -> 15 | R14: 1100-1200 | S14: =SUM(C26:C29) -> 3 | T14: =SUM(D26:D29) -> 0 | U14: =SUM(E26:E29) -> 1 | V14: =SUM(F26:F29) -> 1 | W14: =SUM(G26:G29) -> 0 | X14: =SUM(H26:H29) -> 0 | Y14: =SUM(I26:I29) -> 5 | Z14: =SUM(J26:J29) -> 1 | ... AF14: =SUM(P26:P29) -> 86
B15: 08.15 - 08.30 | C15: 0 | D15: 0 | E15: 0 | F15: 0 | G15: 0 | H15: 0 | I15: 2 | J15: 0 | K15: 0 | L15: 0 | M15: 16 | N15: 0 | O15: =SUM(C15:L15,N15) -> 2 | P15: =SUM(C15:N15) -> 18 | R15: 1200-1300 | S15: =SUM(C30:C33) -> 3 | T15: =SUM(D30:D33) -> 0 | U15: =SUM(E30:E33) -> 2 | V15: =SUM(F30:F33) -> 4 | W15: =SUM(G30:G33) -> 0 | X15: =SUM(H30:H33) -> 0 | Y15: =SUM(I30:I33) -> 8 | Z15: =SUM(J30:J33) -> 0 | ... AF15: =SUM(P30:P33) -> 96
B16: 08.30 - 08.45 | C16: 1 | D16: 0 | E16: 2 | F16: 1 | G16: 0 | H16: 0 | I16: 3 | J16: 0 | K16: 0 | L16: 0 | M16: 21 | N16: 0 | O16: =SUM(C16:L16,N16) -> 7 | P16: =SUM(C16:N16) -> 28 | R16: 1300-1400 | S16: =SUM(C34:C37) -> 1 | T16: =SUM(D34:D37) -> 0 | U16: =SUM(E34:E37) -> 6 | V16: =SUM(F34:F37) -> 0 | W16: =SUM(G34:G37) -> 0 | X16: =SUM(H34:H37) -> 0 | Y16: =SUM(I34:I37) -> 3 | Z16: =SUM(J34:J37) -> 0 | ... AF16: =SUM(P34:P37) -> 74
B17: 08.45 - 9.00 | C17: 0 | D17: 0 | E17: 1 | F17: 0 | G17: 0 | H17: 0 | I17: 2 | J17: 0 | K17: 0 | L17: 0 | M17: 17 | N17: 0 | O17: =SUM(C17:L17,N17) -> 3 | P17: =SUM(C17:N17) -> 20 | R17: 1400-1500 | S17: =SUM(C38:C41) -> 5 | T17: =SUM(D38:D41) -> 0 | U17: =SUM(E38:E41) -> 4 | V17: =SUM(F38:F41) -> 1 | W17: =SUM(G38:G41) -> 0 | X17: =SUM(H38:H41) -> 0 | Y17: =SUM(I38:I41) -> 5 | Z17: =SUM(J38:J41) -> 0 | ... AF17: =SUM(P38:P41) -> 91
B18: 09.00 - 09.15 | C18: 0 | D18: 0 | E18: 0 | F18: 0 | G18: 0 | H18: 0 | I18: 1 | J18: 0 | K18: 0 | L18: 0 | M18: 15 | N18: 0 | O18: =SUM(C18:L18,N18) -> 1 | P18: =SUM(C18:N18) -> 16 | R18: 1500-1600 | S18: =SUM(C42:C45) -> 3 | T18: =SUM(D42:D45) -> 0 | U18: =SUM(E42:E45) -> 2 | V18: =SUM(F42:F45) -> 0 | W18: =SUM(G42:G45) -> 0 | X18: =SUM(H42:H45) -> 0 | Y18: =SUM(I42:I45) -> 9 | Z18: =SUM(J42:J45) -> 1 | ... AF18: =SUM(P42:P45) -> 97
B19: 09.15 - 09.30 | C19: 0 | D19: 0 | E19: 1 | F19: 0 | G19: 0 | H19: 0 | I19: 1 | J19: 0 | K19: 0 | L19: 0 | M19: 17 | N19: 0 | O19: =SUM(C19:L19,N19) -> 2 | P19: =SUM(C19:N19) -> 19 | R19: 1600-1700 | S19: =SUM(C46:C49) -> 4 | T19: =SUM(D46:D49) -> 0 | U19: =SUM(E46:E49) -> 8 | V19: =SUM(F46:F49) -> 4 | W19: =SUM(G46:G49) -> 0 | X19: =SUM(H46:H49) -> 0 | Y19: =SUM(I46:I49) -> 7 | Z19: =SUM(J46:J49) -> 0 | ... AF19: =SUM(P46:P49) -> 110
B20: 09.30 - 09.45 | C20: 1 | D20: 0 | E20: 0 | F20: 1 | G20: 0 | H20: 0 | I20: 0 | J20: 0 | K20: 0 | L20: 0 | M20: 14 | N20: 0 | O20: =SUM(C20:L20,N20) -> 2 | P20: =SUM(C20:N20) -> 16 | R20: 1700-1800 | S20: =SUM(C50:C53) -> 12 | T20: =SUM(D50:D53) -> 0 | U20: =SUM(E50:E53) -> 9 | V20: =SUM(F50:F53) -> 4 | W20: =SUM(G50:G53) -> 0 | X20: =SUM(H50:H53) -> 0 | Y20: =SUM(I50:I53) -> 4 | Z20: =SUM(J50:J53) -> 0 | ... AF20: =SUM(P50:P53) -> 111
B21: 09.45 - 10.00 | C21: 0 | D21: 0 | E21: 1 | F21: 0 | G21: 0 | H21: 0 | I21: 4 | J21: 0 | K21: 0 | L21: 0 | M21: 17 | N21: 0 | O21: =SUM(C21:L21,N21) -> 5 | P21: =SUM(C21:N21) -> 22 | R21: 1800-1900 | S21: =SUM(C54:C57) -> 5 | T21: =SUM(D54:D57) -> 0 | U21: =SUM(E54:E57) -> 6 | V21: =SUM(F54:F57) -> 3 | W21: =SUM(G54:G57) -> 1 | X21: =SUM(H54:H57) -> 0 | Y21: =SUM(I54:I57) -> 3 | Z21: =SUM(J54:J57) -> 0 | ... AF21: =SUM(P54:P57) -> 85
B22: 10.00 - 10.15 | C22: 1 | D22: 0 | E22: 0 | F22: 0 | G22: 0 | H22: 0 | I22: 0 | J22: 0 | K22: 0 | L22: 0 | M22: 13 | N22: 0 | O22: =SUM(C22:L22,N22) -> 1 | P22: =SUM(C22:N22) -> 14 | R22: AM Peak Hr | S22: =MAX(S10:S12) -> 6 | T22: =MAX(T10:T12) -> 0 | U22: =MAX(U10:U12) -> 3 | V22: =MAX(V10:V12) -> 2 | W22: =MAX(W10:W12) -> 0 | X22: =MAX(X10:X12) -> 0 | Y22: =MAX(Y10:Y12) -> 7 | Z22: =MAX(Z10:Z12) -> 0 | ... AF22: =MAX(AF10:AF12) -> 81
B23: 10.15 - 10.30 | C23: 1 | D23: 0 | E23: 1 | F23: 0 | G23: 0 | H23: 0 | I23: 4 | J23: 0 | K23: 0 | L23: 0 | M23: 13 | N23: 0 | O23: =SUM(C23:L23,N23) -> 6 | P23: =SUM(C23:N23) -> 19 | R23: IP Peak Hr | S23: =MAX(S13:S18) -> 5 | T23: =MAX(T13:T18) -> 0 | U23: =MAX(U13:U18) -> 6 | V23: =MAX(V13:V18) -> 4 | W23: =MAX(W13:W18) -> 0 | X23: =MAX(X13:X18) -> 0 | Y23: =MAX(Y13:Y18) -> 9 | Z23: =MAX(Z13:Z18) -> 1 | ... AF23: =MAX(AF13:AF18) -> 97
B24: 10.30 - 10.45 | C24: 1 | D24: 0 | E24: 0 | F24: 0 | G24: 0 | H24: 0 | I24: 2 | J24: 0 | K24: 0 | L24: 0 | M24: 16 | N24: 0 | O24: =SUM(C24:L24,N24) -> 3 | P24: =SUM(C24:N24) -> 19 | R24: PM Peak Hr | S24: =MAX(S19:S21) -> 12 | T24: =MAX(T19:T21) -> 0 | U24: =MAX(U19:U21) -> 9 | V24: =MAX(V19:V21) -> 4 | W24: =MAX(W19:W21) -> 1 | X24: =MAX(X19:X21) -> 0 | Y24: =MAX(Y19:Y21) -> 7 | Z24: =MAX(Z19:Z21) -> 0 | ... AF24: =MAX(AF19:AF21) -> 111
B25: 10.45 - 11.00 | C25: 0 | D25: 0 | E25: 0 | F25: 0 | G25: 0 | H25: 0 | I25: 2 | J25: 0 | K25: 0 | L25: 0 | M25: 17 | N25: 0 | O25: =SUM(C25:L25,N25) -> 2 | P25: =SUM(C25:N25) -> 19 | R25: AM Period | S25: =SUM(S10:S12) -> 9 | T25: =SUM(T10:T12) -> 0 | U25: =SUM(U10:U12) -> 7 | V25: =SUM(V10:V12) -> 3 | W25: =SUM(W10:W12) -> 0 | X25: =SUM(X10:X12) -> 0 | Y25: =SUM(Y10:Y12) -> 17 | Z25: =SUM(Z10:Z12) -> 0 | ... AF25: =SUM(AF10:AF12) -> 206
B26: 11.00 - 11.15 | C26: 1 | D26: 0 | E26: 0 | F26: 0 | G26: 0 | H26: 0 | I26: 4 | J26: 0 | K26: 0 | L26: 0 | M26: 17 | N26: 0 | O26: =SUM(C26:L26,N26) -> 5 | P26: =SUM(C26:N26) -> 22 | R26: IP Period | S26: =SUM(S13:S18) -> 18 | T26: =SUM(T13:T18) -> 0 | U26: =SUM(U13:U18) -> 16 | V26: =SUM(V13:V18) -> 6 | W26: =SUM(W13:W18) -> 0 | X26: =SUM(X13:X18) -> 0 | Y26: =SUM(Y13:Y18) -> 38 | Z26: =SUM(Z13:Z18) -> 2 | ... AF26: =SUM(AF13:AF18) -> 515
B27: 11.15 - 11.30 | C27: 1 | D27: 0 | E27: 1 | F27: 0 | G27: 0 | H27: 0 | I27: 1 | J27: 1 | K27: 1 | L27: 0 | M27: 17 | N27: 0 | O27: =SUM(C27:L27,N27) -> 5 | P27: =SUM(C27:N27) -> 22 | R27: PM Period | S27: =SUM(S19:S21) -> 21 | T27: =SUM(T19:T21) -> 0 | U27: =SUM(U19:U21) -> 23 | V27: =SUM(V19:V21) -> 11 | W27: =SUM(W19:W21) -> 1 | X27: =SUM(X19:X21) -> 0 | Y27: =SUM(Y19:Y21) -> 14 | Z27: =SUM(Z19:Z21) -> 0 | ... AF27: =SUM(AF19:AF21) -> 306
B28: 11.30 - 11.45 | C28: 0 | D28: 0 | E28: 0 | F28: 0 | G28: 0 | H28: 0 | I28: 0 | J28: 0 | K28: 0 | L28: 0 | M28: 27 | N28: 0 | O28: =SUM(C28:L28,N28) -> 0 | P28: =SUM(C28:N28) -> 27 | R28: 12 Hours | S28: =SUM(S10:S21) -> 48 | T28: =SUM(T10:T21) -> 0 | U28: =SUM(U10:U21) -> 46 | V28: =SUM(V10:V21) -> 20 | W28: =SUM(W10:W21) -> 1 | X28: =SUM(X10:X21) -> 0 | Y28: =SUM(Y10:Y21) -> 69 | Z28: =SUM(Z10:Z21) -> 2 | ... AF28: =SUM(AF10:AF21) -> 1027
B29: 11.45 - 12.00 | C29: 1 | D29: 0 | E29: 0 | F29: 1 | G29: 0 | H29: 0 | I29: 0 | J29: 0 | K29: 0 | L29: 0 | M29: 13 | N29: 0 | O29: =SUM(C29:L29,N29) -> 2 | P29: =SUM(C29:N29) -> 15
B30: 12.00 - 12.15 | C30: 1 | D30: 0 | E30: 0 | F30: 0 | G30: 0 | H30: 0 | I30: 2 | J30: 0 | K30: 0 | L30: 0 | M30: 18 | N30: 0 | O30: =SUM(C30:L30,N30) -> 3 | P30: =SUM(C30:N30) -> 21
B31: 12.15 - 12.30 | C31: 1 | D31: 0 | E31: 0 | F31: 1 | G31: 0 | H31: 0 | I31: 1 | J31: 0 | K31: 0 | L31: 0 | M31: 16 | N31: 0 | O31: =SUM(C31:L31,N31) -> 3 | P31: =SUM(C31:N31) -> 19
B32: 12.30 - 12.45 | C32: 1 | D32: 0 | E32: 1 | F32: 1 | G32: 0 | H32: 0 | I32: 4 | J32: 0 | K32: 0 | L32: 0 | M32: 22 | N32: 0 | O32: =SUM(C32:L32,N32) -> 7 | P32: =SUM(C32:N32) -> 29
B33: 12.45 - 13.00 | C33: 0 | D33: 0 | E33: 1 | F33: 2 | G33: 0 | H33: 0 | I33: 1 | J33: 0 | K33: 0 | L33: 0 | M33: 23 | N33: 0 | O33: =SUM(C33:L33,N33) -> 4 | P33: =SUM(C33:N33) -> 27
B34: 13.00 - 13.15 | C34: 1 | D34: 0 | E34: 0 | F34: 0 | G34: 0 | H34: 0 | I34: 1 | J34: 0 | K34: 0 | L34: 0 | M34: 14 | N34: 0 | O34: =SUM(C34:L34,N34) -> 2 | P34: =SUM(C34:N34) -> 16
B35: 13.15 - 13.30 | C35: 0 | D35: 0 | E35: 1 | F35: 0 | G35: 0 | H35: 0 | I35: 0 | J35: 0 | K35: 0 | L35: 0 | M35: 13 | N35: 0 | O35: =SUM(C35:L35,N35) -> 1 | P35: =SUM(C35:N35) -> 14
B36: 13.30 - 13.45 | C36: 0 | D36: 0 | E36: 4 | F36: 0 | G36: 0 | H36: 0 | I36: 0 | J36: 0 | K36: 0 | L36: 0 | M36: 19 | N36: 0 | O36: =SUM(C36:L36,N36) -> 4 | P36: =SUM(C36:N36) -> 23
B37: 13.45 - 14.00 | C37: 0 | D37: 0 | E37: 1 | F37: 0 | G37: 0 | H37: 0 | I37: 2 | J37: 0 | K37: 0 | L37: 0 | M37: 18 | N37: 0 | O37: =SUM(C37:L37,N37) -> 3 | P37: =SUM(C37:N37) -> 21
B38: 14.00 - 14.15 | C38: 1 | D38: 0 | E38: 1 | F38: 0 | G38: 0 | H38: 0 | I38: 1 | J38: 0 | K38: 0 | L38: 0 | M38: 24 | N38: 0 | O38: =SUM(C38:L38,N38) -> 3 | P38: =SUM(C38:N38) -> 27
B39: 14.15 - 14.30 | C39: 2 | D39: 0 | E39: 2 | F39: 1 | G39: 0 | H39: 0 | I39: 1 | J39: 0 | K39: 0 | L39: 0 | M39: 15 | N39: 0 | O39: =SUM(C39:L39,N39) -> 6 | P39: =SUM(C39:N39) -> 21
B40: 14.30 - 14.45 | C40: 0 | D40: 0 | E40: 1 | F40: 0 | G40: 0 | H40: 0 | I40: 1 | J40: 0 | K40: 0 | L40: 0 | M40: 17 | N40: 0 | O40: =SUM(C40:L40,N40) -> 2 | P40: =SUM(C40:N40) -> 19
... B57: 18.45 - 19.00 | C57: 2 | D57: 0 | E57: 1 | F57: 1 | G57: 0 | H57: 0 | I57: 0 | J57: 0 | K57: 0 | L57: 0 | M57: 20 | N57: 0 | O57: =SUM(C57:L57,N57) -> 4 | P57: =SUM(C57:N57) -> 24
B58: Totals | C58: =SUM(C10:C57) -> 48 | D58: =SUM(D10:D57) -> 0 | E58: =SUM(E10:E57) -> 46 | F58: =SUM(F10:F57) -> 20 | G58: =SUM(G10:G57) -> 1 | H58: =SUM(H10:H57) -> 0 | I58: =SUM(I10:I57) -> 69 | J58: =SUM(J10:J57) -> 2 | ... P58: =SUM(P10:P57) -> 1027
B59: %ges + MCs | C59: =C58/$P$58 -> 0.046738072 | D59: =D58/$P$58 -> 0 | E59: =E58/$P$58 -> 0.044790652 | F59: =F58/$P$58 -> 0.019474197 | G59: =G58/$P$58 -> 0.00097370983 | H59: =H58/$P$58 -> 0 | I59: =I58/$P$58 -> 0.067185979 | J59: =J58/$P$58 -> 0.0019474197 | ... N59: =N58/$P$58 -> 0
B60: %ges w/o MCs | C60: =C58/$O$58 -> 0.25668449 | D60: =D58/$O$58 -> 0 | E60: =E58/$O$58 -> 0.2459893 | F60: =F58/$O$58 -> 0.10695187 | G60: =G58/$O$58 -> 0.0053475936 | H60: =H58/$O$58 -> 0 | I60: =I58/$O$58 -> 0.36898396 | J60: =J58/$O$58 -> 0.010695187 | ... L60: =L58/$O$58 -> 0 | N60: =N58/$O$58 -> 0

Sheet 13.08 KAMPALA-BUSUNJU
B1: Consultancy services for Preparation of Expressway Development Master Plan (EDMP) for Uganda
B2: MANUAL CLASSIFIED COUNT (MCC)
B3: ROAD NAME: | C3: ='11.08 KAMPALA-BUSUNJU'!C3:G3 -> MCC - C3 - STN85 - HOIMA ROAD
C5: Date | D5: ='13.08 BUSUNJU-KAMPALA'!D5 -> 13.08.19 | F5: Location | G5: ='11.08 BUSUNJU-KAMPALA'!G5:H5 -> MATTE | J5: Surveyor | K5: ='11.08 BUSUNJU-KAMPALA'!K5:L5 -> xxx
C6: Dir. From | D6: ='11.08 KAMPALA-BUSUNJU'!D6:E6 -> KAMPALA | F6: Dir. To | G6: ='11.08 KAMPALA-BUSUNJU'!G6:H6 -> BUSUNJU | J6: Supervisor | K6: ='11.08 BUSUNJU-KAMPALA'!K6:L6 -> xxx
B8: Time / Veh Type | R8: SUMMARY TRAFFIC VOLUMES
C9: 1. Car | D9: 2. Station Wagon | E9: 3. Pickups | F9: 4. Minibus, matatu | G9: 5. Medium bus | H9: 6. Large Bus | I9: 7. Light Truck | J9: 8. Medium Truck | K9: 9. Heavy truck | L9: 10. Truck Trailer | M9: 11. Motor cycles | N9: 12. Tractors | O9: Total Excl M/Cycles | P9: Total All | R9: Time | S9: 1. Car | T9: 2. Station Wagon | U9: 3. Pickups | V9: 4. Minibus, matatu | W9: 5. Medium bus | X9: 6. Large Bus | Y9: 7. Light Truck | Z9: 8. Medium Truck | AA9: 9. Heavy truck | AB9: 10. Truck Trailer | AC9: 11. Motorcycles | AD9: 12. Tractors, Graders | AE9: Total Excl M/ Cycles | AF9: Total All
B10: 07.00 - 07.15 | C10: 0 | D10: 0 | E10: 1 | F10: 0 | G10: 0 | H10: 0 | I10: 1 | J10: 0 | K10: 0 | L10: 0 | M10: 6 | N10: 0 | O10: =SUM(C10:L10,N10) -> 2 | P10: =SUM(C10:N10) -> 8 | R10: 0700-0800 | S10: =SUM(C10:C13) -> 1 | T10: =SUM(D10:D13) -> 0 | U10: =SUM(E10:E13) -> 2 | V10: =SUM(F10:F13) -> 1 | W10: =SUM(G10:G13) -> 0 | X10: =SUM(H10:H13) -> 0 | Y10: =SUM(I10:I13) -> 7 | Z10: =SUM(J10:J13) -> 0 | ... AF10: =SUM(P10:P13) -> 47
B11: 07.15 - 07.30 | C11: 1 | D11: 0 | E11: 0 | F11: 0 | G11: 0 | H11: 0 | I11: 1 | J11: 0 | K11: 0 | L11: 0 | M11: 3 | N11: 0 | O11: =SUM(C11:L11,N11) -> 2 | P11: =SUM(C11:N11) -> 5 | R11: 0800-0900 | S11: =SUM(C14:C17) -> 2 | T11: =SUM(D14:D17) -> 0 | U11: =SUM(E14:E17) -> 2 | V11: =SUM(F14:F17) -> 1 | W11: =SUM(G14:G17) -> 0 | X11: =SUM(H14:H17) -> 0 | Y11: =SUM(I14:I17) -> 4 | Z11: =SUM(J14:J17) -> 0 | ... AF11: =SUM(P14:P17) -> 60
B12: 07.30 - 07.45 | C12: 0 | D12: 0 | E12: 1 | F12: 1 | G12: 0 | H12: 0 | I12: 3 | J12: 0 | K12: 0 | L12: 0 | M12: 18 | N12: 0 | O12: =SUM(C12:L12,N12) -> 5 | P12: =SUM(C12:N12) -> 23 | R12: 0900-1000 | S12: =SUM(C18:C21) -> 2 | T12: =SUM(D18:D21) -> 0 | U12: =SUM(E18:E21) -> 0 | V12: =SUM(F18:F21) -> 1 | W12: =SUM(G18:G21) -> 0 | X12: =SUM(H18:H21) -> 0 | Y12: =SUM(I18:I21) -> 3 | Z12: =SUM(J18:J21) -> 0 | ... AF12: =SUM(P18:P21) -> 67
B13: 07.45 - 08.00 | C13: 0 | D13: 0 | E13: 0 | F13: 0 | G13: 0 | H13: 0 | I13: 2 | J13: 0 | K13: 0 | L13: 0 | M13: 9 | N13: 0 | O13: =SUM(C13:L13,N13) -> 2 | P13: =SUM(C13:N13) -> 11 | R13: 1000-1100 | S13: =SUM(C22:C25) -> 1 | T13: =SUM(D22:D25) -> 0 | U13: =SUM(E22:E25) -> 1 | V13: =SUM(F22:F25) -> 0 | W13: =SUM(G22:G25) -> 0 | X13: =SUM(H22:H25) -> 0 | Y13: =SUM(I22:I25) -> 8 | Z13: =SUM(J22:J25) -> 0 | ... AF13: =SUM(P22:P25) -> 68
B14: 08.00 - 08.15 | C14: 0 | D14: 0 | E14: 0 | F14: 0 | G14: 0 | H14: 0 | I14: 2 | J14: 0 | K14: 0 | L14: 0 | M14: 9 | N14: 0 | O14: =SUM(C14:L14,N14) -> 2 | P14: =SUM(C14:N14) -> 11 | R14: 1100-1200 | S14: =SUM(C26:C29) -> 3 | T14: =SUM(D26:D29) -> 0 | U14: =SUM(E26:E29) -> 1 | V14: =SUM(F26:F29) -> 3 | W14: =SUM(G26:G29) -> 0 | X14: =SUM(H26:H29) -> 0 | Y14: =SUM(I26:I29) -> 5 | Z14: =SUM(J26:J29) -> 0 | ... AF14: =SUM(P26:P29) -> 82
B15: 08.15 - 08.30 | C15: 2 | D15: 0 | E15: 1 | F15: 1 | G15: 0 | H15: 0 | I15: 1 | J15: 0 | K15: 0 | L15: 0 | M15: 14 | N15: 0 | O15: =SUM(C15:L15,N15) -> 5 | P15: =SUM(C15:N15) -> 19 | R15: 1200-1300 | S15: =SUM(C30:C33) -> 3 | T15: =SUM(D30:D33) -> 0 | U15: =SUM(E30:E33) -> 5 | V15: =SUM(F30:F33) -> 2 | W15: =SUM(G30:G33) -> 0 | X15: =SUM(H30:H33) -> 0 | Y15: =SUM(I30:I33) -> 4 | Z15: =SUM(J30:J33) -> 0 | ... AF15: =SUM(P30:P33) -> 91
B16: 08.30 - 08.45 | C16: 0 | D16: 0 | E16: 0 | F16: 0 | G16: 0 | H16: 0 | I16: 1 | J16: 0 | K16: 0 | L16: 0 | M16: 17 | N16: 0 | O16: =SUM(C16:L16,N16) -> 1 | P16: =SUM(C16:N16) -> 18 | R16: 1300-1400 | S16: =SUM(C34:C37) -> 4 | T16: =SUM(D34:D37) -> 0 | U16: =SUM(E34:E37) -> 6 | V16: =SUM(F34:F37) -> 3 | W16: =SUM(G34:G37) -> 0 | X16: =SUM(H34:H37) -> 0 | Y16: =SUM(I34:I37) -> 5 | Z16: =SUM(J34:J37) -> 0 | ... AF16: =SUM(P34:P37) -> 117
B17: 08.45 - 9.00 | C17: 0 | D17: 0 | E17: 1 | F17: 0 | G17: 0 | H17: 0 | I17: 0 | J17: 0 | K17: 0 | L17: 0 | M17: 11 | N17: 0 | O17: =SUM(C17:L17,N17) -> 1 | P17: =SUM(C17:N17) -> 12 | R17: 1400-1500 | S17: =SUM(C38:C41) -> 6 | T17: =SUM(D38:D41) -> 0 | U17: =SUM(E38:E41) -> 0 | V17: =SUM(F38:F41) -> 3 | W17: =SUM(G38:G41) -> 0 | X17: =SUM(H38:H41) -> 0 | Y17: =SUM(I38:I41) -> 6 | Z17: =SUM(J38:J41) -> 1 | ... AF17: =SUM(P38:P41) -> 105
B18: 09.00 - 09.15 | C18: 1 | D18: 0 | E18: 0 | F18: 1 | G18: 0 | H18: 0 | I18: 1 | J18: 0 | K18: 0 | L18: 0 | M18: 14 | N18: 0 | O18: =SUM(C18:L18,N18) -> 3 | P18: =SUM(C18:N18) -> 17 | R18: 1500-1600 | S18: =SUM(C42:C45) -> 13 | T18: =SUM(D42:D45) -> 0 | U18: =SUM(E42:E45) -> 5 | V18: =SUM(F42:F45) -> 1 | W18: =SUM(G42:G45) -> 0 | X18: =SUM(H42:H45) -> 0 | Y18: =SUM(I42:I45) -> 7 | Z18: =SUM(J42:J45) -> 0 | ... AF18: =SUM(P42:P45) -> 118
B19: 09.15 - 09.30 | C19: 1 | D19: 0 | E19: 0 | F19: 0 | G19: 0 | H19: 0 | I19: 1 | J19: 0 | K19: 0 | L19: 0 | M19: 10 | N19: 0 | O19: =SUM(C19:L19,N19) -> 2 | P19: =SUM(C19:N19) -> 12 | R19: 1600-1700 | S19: =SUM(C46:C49) -> 10 | T19: =SUM(D46:D49) -> 0 | U19: =SUM(E46:E49) -> 11 | V19: =SUM(F46:F49) -> 3 | W19: =SUM(G46:G49) -> 0 | X19: =SUM(H46:H49) -> 0 | Y19: =SUM(I46:I49) -> 7 | Z19: =SUM(J46:J49) -> 0 | ... AF19: =SUM(P46:P49) -> 85
B20: 09.30 - 09.45 | C20: 0 | D20: 0 | E20: 0 | F20: 0 | G20: 0 | H20: 0 | I20: 1 | J20: 0 | K20: 0 | L20: 0 | M20: 14 | N20: 0 | O20: =SUM(C20:L20,N20) -> 1 | P20: =SUM(C20:N20) -> 15 | R20: 1700-1800 | S20: =SUM(C50:C53) -> 3 | T20: =SUM(D50:D53) -> 0 | U20: =SUM(E50:E53) -> 5 | V20: =SUM(F50:F53) -> 1 | W20: =SUM(G50:G53) -> 0 | X20: =SUM(H50:H53) -> 0 | Y20: =SUM(I50:I53) -> 4 | Z20: =SUM(J50:J53) -> 0 | ... AF20: =SUM(P50:P53) -> 93
B21: 09.45 - 10.00 | C21: 0 | D21: 0 | E21: 0 | F21: 0 | G21: 0 | H21: 0 | I21: 0 | J21: 0 | K21: 0 | L21: 0 | M21: 23 | N21: 0 | O21: =SUM(C21:L21,N21) -> 0 | P21: =SUM(C21:N21) -> 23 | R21: 1800-1900 | S21: =SUM(C54:C57) -> 3 | T21: =SUM(D54:D57) -> 0 | U21: =SUM(E54:E57) -> 1 | V21: =SUM(F54:F57) -> 4 | W21: =SUM(G54:G57) -> 1 | X21: =SUM(H54:H57) -> 0 | Y21: =SUM(I54:I57) -> 4 | Z21: =SUM(J54:J57) -> 0 | ... AF21: =SUM(P54:P57) -> 86
B22: 10.00 - 10.15 | C22: 0 | D22: 0 | E22: 0 | F22: 0 | G22: 0 | H22: 0 | I22: 3 | J22: 0 | K22: 0 | L22: 0 | M22: 13 | N22: 0 | O22: =SUM(C22:L22,N22) -> 3 | P22: =SUM(C22:N22) -> 16 | R22: AM Peak Hr | S22: =MAX(S10:S12) -> 2 | T22: =MAX(T10:T12) -> 0 | U22: =MAX(U10:U12) -> 2 | V22: =MAX(V10:V12) -> 1 | W22: =MAX(W10:W12) -> 0 | X22: =MAX(X10:X12) -> 0 | Y22: =MAX(Y10:Y12) -> 7 | Z22: =MAX(Z10:Z12) -> 0 | ... AF22: =MAX(AF10:AF12) -> 67
B23: 10.15 - 10.30 | C23: 1 | D23: 0 | E23: 1 | F23: 0 | G23: 0 | H23: 0 | I23: 0 | J23: 0 | K23: 0 | L23: 0 | M23: 16 | N23: 0 | O23: =SUM(C23:L23,N23) -> 2 | P23: =SUM(C23:N23) -> 18 | R23: IP Peak Hr | S23: =MAX(S13:S18) -> 13 | T23: =MAX(T13:T18) -> 0 | U23: =MAX(U13:U18) -> 6 | V23: =MAX(V13:V18) -> 3 | W23: =MAX(W13:W18) -> 0 | X23: =MAX(X13:X18) -> 0 | Y23: =MAX(Y13:Y18) -> 8 | Z23: =MAX(Z13:Z18) -> 1 | ... AF23: =MAX(AF13:AF18) -> 118
B24: 10.30 - 10.45 | C24: 0 | D24: 0 | E24: 0 | F24: 0 | G24: 0 | H24: 0 | I24: 2 | J24: 0 | K24: 0 | L24: 0 | M24: 11 | N24: 0 | O24: =SUM(C24:L24,N24) -> 2 | P24: =SUM(C24:N24) -> 13 | R24: PM Peak Hr | S24: =MAX(S19:S21) -> 10 | T24: =MAX(T19:T21) -> 0 | U24: =MAX(U19:U21) -> 11 | V24: =MAX(V19:V21) -> 4 | W24: =MAX(W19:W21) -> 1 | X24: =MAX(X19:X21) -> 0 | Y24: =MAX(Y19:Y21) -> 7 | Z24: =MAX(Z19:Z21) -> 0 | ... AF24: =MAX(AF19:AF21) -> 93
B25: 10.45 - 11.00 | C25: 0 | D25: 0 | E25: 0 | F25: 0 | G25: 0 | H25: 0 | I25: 3 | J25: 0 | K25: 0 | L25: 0 | M25: 18 | N25: 0 | O25: =SUM(C25:L25,N25) -> 3 | P25: =SUM(C25:N25) -> 21 | R25: AM Period | S25: =SUM(S10:S12) -> 5 | T25: =SUM(T10:T12) -> 0 | U25: =SUM(U10:U12) -> 4 | V25: =SUM(V10:V12) -> 3 | W25: =SUM(W10:W12) -> 0 | X25: =SUM(X10:X12) -> 0 | Y25: =SUM(Y10:Y12) -> 14 | Z25: =SUM(Z10:Z12) -> 0 | ... AF25: =SUM(AF10:AF12) -> 174
B26: 11.00 - 11.15 | C26: 0 | D26: 0 | E26: 0 | F26: 1 | G26: 0 | H26: 0 | I26: 3 | J26: 0 | K26: 0 | L26: 0 | M26: 22 | N26: 0 | O26: =SUM(C26:L26,N26) -> 4 | P26: =SUM(C26:N26) -> 26 | R26: IP Period | S26: =SUM(S13:S18) -> 30 | T26: =SUM(T13:T18) -> 0 | U26: =SUM(U13:U18) -> 18 | V26: =SUM(V13:V18) -> 12 | W26: =SUM(W13:W18) -> 0 | X26: =SUM(X13:X18) -> 0 | Y26: =SUM(Y13:Y18) -> 35 | Z26: =SUM(Z13:Z18) -> 1 | ... AF26: =SUM(AF13:AF18) -> 581
B27: 11.15 - 11.30 | C27: 3 | D27: 0 | E27: 1 | F27: 0 | G27: 0 | H27: 0 | I27: 0 | J27: 0 | K27: 0 | L27: 0 | M27: 15 | N27: 0 | O27: =SUM(C27:L27,N27) -> 4 | P27: =SUM(C27:N27) -> 19 | R27: PM Period | S27: =SUM(S19:S21) -> 16 | T27: =SUM(T19:T21) -> 0 | U27: =SUM(U19:U21) -> 17 | V27: =SUM(V19:V21) -> 8 | W27: =SUM(W19:W21) -> 1 | X27: =SUM(X19:X21) -> 0 | Y27: =SUM(Y19:Y21) -> 15 | Z27: =SUM(Z19:Z21) -> 0 | ... AF27: =SUM(AF19:AF21) -> 264
B28: 11.30 - 11.45 | C28: 0 | D28: 0 | E28: 0 | F28: 1 | G28: 0 | H28: 0 | I28: 1 | J28: 0 | K28: 0 | L28: 0 | M28: 18 | N28: 0 | O28: =SUM(C28:L28,N28) -> 2 | P28: =SUM(C28:N28) -> 20 | R28: 12 Hours | S28: =SUM(S10:S21) -> 51 | T28: =SUM(T10:T21) -> 0 | U28: =SUM(U10:U21) -> 39 | V28: =SUM(V10:V21) -> 23 | W28: =SUM(W10:W21) -> 1 | X28: =SUM(X10:X21) -> 0 | Y28: =SUM(Y10:Y21) -> 64 | Z28: =SUM(Z10:Z21) -> 1 | ... AF28: =SUM(AF10:AF21) -> 1019
B29: 11.45 - 12.00 | C29: 0 | D29: 0 | E29: 0 | F29: 1 | G29: 0 | H29: 0 | I29: 1 | J29: 0 | K29: 0 | L29: 0 | M29: 15 | N29: 0 | O29: =SUM(C29:L29,N29) -> 2 | P29: =SUM(C29:N29) -> 17
B30: 12.00 - 12.15 | C30: 2 | D30: 0 | E30: 0 | F30: 0 | G30: 0 | H30: 0 | I30: 2 | J30: 0 | K30: 0 | L30: 0 | M30: 19 | N30: 0 | O30: =SUM(C30:L30,N30) -> 4 | P30: =SUM(C30:N30) -> 23
B31: 12.15 - 12.30 | C31: 0 | D31: 0 | E31: 2 | F31: 1 | G31: 0 | H31: 0 | I31: 1 | J31: 0 | K31: 0 | L31: 0 | M31: 22 | N31: 0 | O31: =SUM(C31:L31,N31) -> 4 | P31: =SUM(C31:N31) -> 26
B32: 12.30 - 12.45 | C32: 0 | D32: 0 | E32: 1 | F32: 0 | G32: 0 | H32: 0 | I32: 0 | J32: 0 | K32: 0 | L32: 0 | M32: 16 | N32: 0 | O32: =SUM(C32:L32,N32) -> 1 | P32: =SUM(C32:N32) -> 17
B33: 12.45 - 13.00 | C33: 1 | D33: 0 | E33: 2 | F33: 1 | G33: 0 | H33: 0 | I33: 1 | J33: 0 | K33: 0 | L33: 0 | M33: 20 | N33: 0 | O33: =SUM(C33:L33,N33) -> 5 | P33: =SUM(C33:N33) -> 25
B34: 13.00 - 13.15 | C34: 2 | D34: 0 | E34: 3 | F34: 0 | G34: 0 | H34: 0 | I34: 3 | J34: 0 | K34: 0 | L34: 0 | M34: 25 | N34: 0 | O34: =SUM(C34:L34,N34) -> 8 | P34: =SUM(C34:N34) -> 33
B35: 13.15 - 13.30 | C35: 1 | D35: 0 | E35: 2 | F35: 0 | G35: 0 | H35: 0 | I35: 0 | J35: 0 | K35: 0 | L35: 0 | M35: 20 | N35: 0 | O35: =SUM(C35:L35,N35) -> 3 | P35: =SUM(C35:N35) -> 23
B36: 13.30 - 13.45 | C36: 0 | D36: 0 | E36: 0 | F36: 3 | G36: 0 | H36: 0 | I36: 1 | J36: 0 | K36: 0 | L36: 0 | M36: 37 | N36: 0 | O36: =SUM(C36:L36,N36) -> 4 | P36: =SUM(C36:N36) -> 41
B37: 13.45 - 14.00 | C37: 1 | D37: 0 | E37: 1 | F37: 0 | G37: 0 | H37: 0 | I37: 1 | J37: 0 | K37: 0 | L37: 0 | M37: 17 | N37: 0 | O37: =SUM(C37:L37,N37) -> 3 | P37: =SUM(C37:N37) -> 20
B38: 14.00 - 14.15 | C38: 0 | D38: 0 | E38: 0 | F38: 1 | G38: 0 | H38: 0 | I38: 1 | J38: 0 | K38: 0 | L38: 0 | M38: 26 | N38: 0 | O38: =SUM(C38:L38,N38) -> 2 | P38: =SUM(C38:N38) -> 28
B39: 14.15 - 14.30 | C39: 2 | D39: 0 | E39: 0 | F39: 0 | G39: 0 | H39: 0 | I39: 1 | J39: 1 | K39: 0 | L39: 0 | M39: 20 | N39: 0 | O39: =SUM(C39:L39,N39) -> 4 | P39: =SUM(C39:N39) -> 24
B40: 14.30 - 14.45 | C40: 2 | D40: 0 | E40: 0 | F40: 0 | G40: 0 | H40: 0 | I40: 3 | J40: 0 | K40: 0 | L40: 0 | M40: 17 | N40: 0 | O40: =SUM(C40:L40,N40) -> 5 | P40: =SUM(C40:N40) -> 22
... B57: 18.45 - 19.00 | C57: 1 | D57: 0 | E57: 0 | F57: 0 | G57: 0 | H57: 0 | I57: 2 | J57: 0 | K57: 0 | L57: 0 | M57: 16 | N57: 0 | O57: =SUM(C57:L57,N57) -> 3 | P57: =SUM(C57:N57) -> 19
B58: Totals | C58: =SUM(C10:C57) -> 51 | D58: =SUM(D10:D57) -> 0 | E58: =SUM(E10:E57) -> 39 | F58: =SUM(F10:F57) -> 23 | G58: =SUM(G10:G57) -> 1 | H58: =SUM(H10:H57) -> 0 | I58: =SUM(I10:I57) -> 64 | J58: =SUM(J10:J57) -> 1 | ... P58: =SUM(P10:P57) -> 1019
B59: %ges + MCs | C59: =C58/$P$58 -> 0.050049068 | D59: =D58/$P$58 -> 0 | E59: =E58/$P$58 -> 0.038272816 | F59: =F58/$P$58 -> 0.022571148 | G59: =G58/$P$58 -> 0.00098135427 | H59: =H58/$P$58 -> 0 | I59: =I58/$P$58 -> 0.062806673 | J59: =J58/$P$58 -> 0.00098135427 | ... N59: =N58/$P$58 -> 0
B60: %ges w/o MCs | C60: =C58/$O$58 -> 0.2849162 | D60: =D58/$O$58 -> 0 | E60: =E58/$O$58 -> 0.21787709 | F60: =F58/$O$58 -> 0.12849162 | G60: =G58/$O$58 -> 0.0055865922 | H60: =H58/$O$58 -> 0 | I60: =I58/$O$58 -> 0.3575419 | J60: =J58/$O$58 -> 0.0055865922 | ... L60: =L58/$O$58 -> 0 | N60: =N58/$O$58 -> 0

Sheet 14.08 BUSUNJU-KAMPALA
B1: Consultancy services for Preparation of Expressway Development Master Plan (EDMP) for Uganda
B2: MANUAL CLASSIFIED COUNT (MCC)
B3: ROAD NAME: | C3: ='11.08 BUSUNJU-KAMPALA'!C3:G3 -> MCC - C3 - STN85 - HOIMA ROAD
C5: Date | D5: 14.08.19 | F5: Location | G5: ='13.08 KAMPALA-BUSUNJU'!G5:H5 -> MATTE | J5: Surveyor | K5: ='13.08 KAMPALA-BUSUNJU'!K5:L5 -> xxx
C6: Dir. From | D6: ='11.08 BUSUNJU-KAMPALA'!D6:E6 -> BUSUNJU | F6: Dir. To | G6: ='11.08 BUSUNJU-KAMPALA'!G6:H6 -> KAMPALA | J6: Supervisor | K6: ='13.08 KAMPALA-BUSUNJU'!K6:L6 -> xxx
B8: Time / Veh Type | R8: SUMMARY TRAFFIC VOLUMES
C9: 1. Car | D9: 2. Station Wagon | E9: 3. Pickups | F9: 4. Minibus, matatu | G9: 5. Medium bus | H9: 6. Large Bus | I9: 7. Light Truck | J9: 8. Medium Truck | K9: 9. Heavy truck | L9: 10. Truck Trailer | M9: 11. Motor cycles | N9: 12. Tractors | O9: Total Excl M/Cycles | P9: Total All | R9: Time | S9: 1. Car | T9: 2. Station Wagon | U9: 3. Pickups | V9: 4. Minibus, matatu | W9: 5. Medium bus | X9: 6. Large Bus | Y9: 7. Light Truck | Z9: 8. Medium Truck | AA9: 9. Heavy truck | AB9: 10. Truck Trailer | AC9: 11. Motorcycles | AD9: 12. Tractors, Graders | AE9: Total Excl M/ Cycles | AF9: Total All
B10: 07.00 - 07.15 | C10: 1 | D10: 0 | E10: 1 | F10: 0 | G10: 0 | H10: 0 | I10: 0 | J10: 0 | K10: 0 | L10: 0 | M10: 9 | N10: 0 | O10: =SUM(C10:L10,N10) -> 2 | P10: =SUM(C10:N10) -> 11 | R10: 0700-0800 | S10: =SUM(C10:C13) -> 4 | T10: =SUM(D10:D13) -> 0 | U10: =SUM(E10:E13) -> 3 | V10: =SUM(F10:F13) -> 1 | W10: =SUM(G10:G13) -> 0 | X10: =SUM(H10:H13) -> 0 | Y10: =SUM(I10:I13) -> 1 | Z10: =SUM(J10:J13) -> 0 | ... AF10: =SUM(P10:P13) -> 51
B11: 07.15 - 07.30 | C11: 1 | D11: 0 | E11: 1 | F11: 0 | G11: 0 | H11: 0 | I11: 0 | J11: 0 | K11: 0 | L11: 0 | M11: 13 | N11: 0 | O11: =SUM(C11:L11,N11) -> 2 | P11: =SUM(C11:N11) -> 15 | R11: 0800-0900 | S11: =SUM(C14:C17) -> 2 | T11: =SUM(D14:D17) -> 0 | U11: =SUM(E14:E17) -> 5 | V11: =SUM(F14:F17) -> 1 | W11: =SUM(G14:G17) -> 1 | X11: =SUM(H14:H17) -> 0 | Y11: =SUM(I14:I17) -> 5 | Z11: =SUM(J14:J17) -> 0 | ... AF11: =SUM(P14:P17) -> 74
B12: 07.30 - 07.45 | C12: 1 | D12: 0 | E12: 1 | F12: 0 | G12: 0 | H12: 0 | I12: 0 | J12: 0 | K12: 0 | L12: 0 | M12: 11 | N12: 0 | O12: =SUM(C12:L12,N12) -> 2 | P12: =SUM(C12:N12) -> 13 | R12: 0900-1000 | S12: =SUM(C18:C21) -> 2 | T12: =SUM(D18:D21) -> 0 | U12: =SUM(E18:E21) -> 2 | V12: =SUM(F18:F21) -> 0 | W12: =SUM(G18:G21) -> 0 | X12: =SUM(H18:H21) -> 0 | Y12: =SUM(I18:I21) -> 3 | Z12: =SUM(J18:J21) -> 0 | ... AF12: =SUM(P18:P21) -> 71
B13: 07.45 - 08.00 | C13: 1 | D13: 0 | E13: 0 | F13: 1 | G13: 0 | H13: 0 | I13: 1 | J13: 0 | K13: 0 | L13: 0 | M13: 9 | N13: 0 | O13: =SUM(C13:L13,N13) -> 3 | P13: =SUM(C13:N13) -> 12 | R13: 1000-1100 | S13: =SUM(C22:C25) -> 2 | T13: =SUM(D22:D25) -> 0 | U13: =SUM(E22:E25) -> 4 | V13: =SUM(F22:F25) -> 0 | W13: =SUM(G22:G25) -> 0 | X13: =SUM(H22:H25) -> 0 | Y13: =SUM(I22:I25) -> 2 | Z13: =SUM(J22:J25) -> 0 | ... AF13: =SUM(P22:P25) -> 44
B14: 08.00 - 08.15 | C14: 0 | D14: 0 | E14: 1 | F14: 0 | G14: 0 | H14: 0 | I14: 0 | J14: 0 | K14: 0 | L14: 0 | M14: 10 | N14: 0 | O14: =SUM(C14:L14,N14) -> 1 | P14: =SUM(C14:N14) -> 11 | R14: 1100-1200 | S14: =SUM(C26:C29) -> 4 | T14: =SUM(D26:D29) -> 0 | U14: =SUM(E26:E29) -> 2 | V14: =SUM(F26:F29) -> 2 | W14: =SUM(G26:G29) -> 0 | X14: =SUM(H26:H29) -> 0 | Y14: =SUM(I26:I29) -> 2 | Z14: =SUM(J26:J29) -> 0 | ... AF14: =SUM(P26:P29) -> 52
B15: 08.15 - 08.30 | C15: 0 | D15: 0 | E15: 1 | F15: 1 | G15: 1 | H15: 0 | I15: 1 | J15: 0 | K15: 0 | L15: 0 | M15: 10 | N15: 0 | O15: =SUM(C15:L15,N15) -> 4 | P15: =SUM(C15:N15) -> 14 | R15: 1200-1300 | S15: =SUM(C30:C33) -> 3 | T15: =SUM(D30:D33) -> 0 | U15: =SUM(E30:E33) -> 6 | V15: =SUM(F30:F33) -> 1 | W15: =SUM(G30:G33) -> 0 | X15: =SUM(H30:H33) -> 0 | Y15: =SUM(I30:I33) -> 7 | Z15: =SUM(J30:J33) -> 0 | ... AF15: =SUM(P30:P33) -> 68
B16: 08.30 - 08.45 | C16: 0 | D16: 0 | E16: 2 | F16: 0 | G16: 0 | H16: 0 | I16: 2 | J16: 0 | K16: 0 | L16: 0 | M16: 22 | N16: 0 | O16: =SUM(C16:L16,N16) -> 4 | P16: =SUM(C16:N16) -> 26 | R16: 1300-1400 | S16: =SUM(C34:C37) -> 5 | T16: =SUM(D34:D37) -> 0 | U16: =SUM(E34:E37) -> 3 | V16: =SUM(F34:F37) -> 1 | W16: =SUM(G34:G37) -> 0 | X16: =SUM(H34:H37) -> 0 | Y16: =SUM(I34:I37) -> 3 | Z16: =SUM(J34:J37) -> 1 | ... AF16: =SUM(P34:P37) -> 55
B17: 08.45 - 9.00 | C17: 2 | D17: 0 | E17: 1 | F17: 0 | G17: 0 | H17: 0 | I17: 2 | J17: 0 | K17: 0 | L17: 0 | M17: 18 | N17: 0 | O17: =SUM(C17:L17,N17) -> 5 | P17: =SUM(C17:N17) -> 23 | R17: 1400-1500 | S17: =SUM(C38:C41) -> 4 | T17: =SUM(D38:D41) -> 0 | U17: =SUM(E38:E41) -> 0 | V17: =SUM(F38:F41) -> 0 | W17: =SUM(G38:G41) -> 0 | X17: =SUM(H38:H41) -> 0 | Y17: =SUM(I38:I41) -> 6 | Z17: =SUM(J38:J41) -> 0 | ... AF17: =SUM(P38:P41) -> 54
B18: 09.00 - 09.15 | C18: 1 | D18: 0 | E18: 1 | F18: 0 | G18: 0 | H18: 0 | I18: 0 | J18: 0 | K18: 0 | L18: 0 | M18: 20 | N18: 0 | O18: =SUM(C18:L18,N18) -> 2 | P18: =SUM(C18:N18) -> 22 | R18: 1500-1600 | S18: =SUM(C42:C45) -> 5 | T18: =SUM(D42:D45) -> 0 | U18: =SUM(E42:E45) -> 5 | V18: =SUM(F42:F45) -> 3 | W18: =SUM(G42:G45) -> 0 | X18: =SUM(H42:H45) -> 0 | Y18: =SUM(I42:I45) -> 7 | Z18: =SUM(J42:J45) -> 0 | ... AF18: =SUM(P42:P45) -> 72
B19: 09.15 - 09.30 | C19: 1 | D19: 0 | E19: 0 | F19: 0 | G19: 0 | H19: 0 | I19: 0 | J19: 0 | K19: 0 | L19: 0 | M19: 15 | N19: 0 | O19: =SUM(C19:L19,N19) -> 1 | P19: =SUM(C19:N19) -> 16 | R19: 1600-1700 | S19: =SUM(C46:C49) -> 4 | T19: =SUM(D46:D49) -> 0 | U19: =SUM(E46:E49) -> 5 | V19: =SUM(F46:F49) -> 1 | W19: =SUM(G46:G49) -> 0 | X19: =SUM(H46:H49) -> 0 | Y19: =SUM(I46:I49) -> 4 | Z19: =SUM(J46:J49) -> 0 | ... AF19: =SUM(P46:P49) -> 67
B20: 09.30 - 09.45 | C20: 0 | D20: 0 | E20: 1 | F20: 0 | G20: 0 | H20: 0 | I20: 1 | J20: 0 | K20: 0 | L20: 0 | M20: 13 | N20: 0 | O20: =SUM(C20:L20,N20) -> 2 | P20: =SUM(C20:N20) -> 15 | R20: 1700-1800 | S20: =SUM(C50:C53) -> 1 | T20: =SUM(D50:D53) -> 0 | U20: =SUM(E50:E53) -> 3 | V20: =SUM(F50:F53) -> 4 | W20: =SUM(G50:G53) -> 0 | X20: =SUM(H50:H53) -> 0 | Y20: =SUM(I50:I53) -> 5 | Z20: =SUM(J50:J53) -> 1 | ... AF20: =SUM(P50:P53) -> 68
B21: 09.45 - 10.00 | C21: 0 | D21: 0 | E21: 0 | F21: 0 | G21: 0 | H21: 0 | I21: 2 | J21: 0 | K21: 0 | L21: 0 | M21: 16 | N21: 0 | O21: =SUM(C21:L21,N21) -> 2 | P21: =SUM(C21:N21) -> 18 | R21: 1800-1900 | S21: =SUM(C54:C57) -> 9 | T21: =SUM(D54:D57) -> 0 | U21: =SUM(E54:E57) -> 4 | V21: =SUM(F54:F57) -> 1 | W21: =SUM(G54:G57) -> 1 | X21: =SUM(H54:H57) -> 0 | Y21: =SUM(I54:I57) -> 5 | Z21: =SUM(J54:J57) -> 0 | ... AF21: =SUM(P54:P57) -> 80
B22: 10.00 - 10.15 | C22: 0 | D22: 0 | E22: 1 | F22: 0 | G22: 0 | H22: 0 | I22: 0 | J22: 0 | K22: 0 | L22: 0 | M22: 9 | N22: 0 | O22: =SUM(C22:L22,N22) -> 1 | P22: =SUM(C22:N22) -> 10 | R22: AM Peak Hr | S22: =MAX(S10:S12) -> 4 | T22: =MAX(T10:T12) -> 0 | U22: =MAX(U10:U12) -> 5 | V22: =MAX(V10:V12) -> 1 | W22: =MAX(W10:W12) -> 1 | X22: =MAX(X10:X12) -> 0 | Y22: =MAX(Y10:Y12) -> 5 | Z22: =MAX(Z10:Z12) -> 0 | ... AF22: =MAX(AF10:AF12) -> 74
B23: 10.15 - 10.30 | C23: 1 | D23: 0 | E23: 2 | F23: 0 | G23: 0 | H23: 0 | I23: 1 | J23: 0 | K23: 0 | L23: 0 | M23: 8 | N23: 0 | O23: =SUM(C23:L23,N23) -> 4 | P23: =SUM(C23:N23) -> 12 | R23: IP Peak Hr | S23: =MAX(S13:S18) -> 5 | T23: =MAX(T13:T18) -> 0 | U23: =MAX(U13:U18) -> 6 | V23: =MAX(V13:V18) -> 3 | W23: =MAX(W13:W18) -> 0 | X23: =MAX(X13:X18) -> 0 | Y23: =MAX(Y13:Y18) -> 7 | Z23: =MAX(Z13:Z18) -> 1 | ... AF23: =MAX(AF13:AF18) -> 72
B24: 10.30 - 10.45 | C24: 0 | D24: 0 | E24: 0 | F24: 0 | G24: 0 | H24: 0 | I24: 1 | J24: 0 | K24: 0 | L24: 0 | M24: 13 | N24: 0 | O24: =SUM(C24:L24,N24) -> 1 | P24: =SUM(C24:N24) -> 14 | R24: PM Peak Hr | S24: =MAX(S19:S21) -> 9 | T24: =MAX(T19:T21) -> 0 | U24: =MAX(U19:U21) -> 5 | V24: =MAX(V19:V21) -> 4 | W24: =MAX(W19:W21) -> 1 | X24: =MAX(X19:X21) -> 0 | Y24: =MAX(Y19:Y21) -> 5 | Z24: =MAX(Z19:Z21) -> 1 | ... AF24: =MAX(AF19:AF21) -> 80
B25: 10.45 - 11.00 | C25: 1 | D25: 0 | E25: 1 | F25: 0 | G25: 0 | H25: 0 | I25: 0 | J25: 0 | K25: 0 | L25: 0 | M25: 6 | N25: 0 | O25: =SUM(C25:L25,N25) -> 2 | P25: =SUM(C25:N25) -> 8 | R25: AM Period | S25: =SUM(S10:S12) -> 8 | T25: =SUM(T10:T12) -> 0 | U25: =SUM(U10:U12) -> 10 | V25: =SUM(V10:V12) -> 2 | W25: =SUM(W10:W12) -> 1 | X25: =SUM(X10:X12) -> 0 | Y25: =SUM(Y10:Y12) -> 9 | Z25: =SUM(Z10:Z12) -> 0 | ... AF25: =SUM(AF10:AF12) -> 196
B26: 11.00 - 11.15 | C26: 2 | D26: 0 | E26: 1 | F26: 0 | G26: 0 | H26: 0 | I26: 0 | J26: 0 | K26: 0 | L26: 0 | M26: 8 | N26: 0 | O26: =SUM(C26:L26,N26) -> 3 | P26: =SUM(C26:N26) -> 11 | R26: IP Period | S26: =SUM(S13:S18) -> 23 | T26: =SUM(T13:T18) -> 0 | U26: =SUM(U13:U18) -> 20 | V26: =SUM(V13:V18) -> 7 | W26: =SUM(W13:W18) -> 0 | X26: =SUM(X13:X18) -> 0 | Y26: =SUM(Y13:Y18) -> 27 | Z26: =SUM(Z13:Z18) -> 1 | ... AF26: =SUM(AF13:AF18) -> 345
B27: 11.15 - 11.30 | C27: 0 | D27: 0 | E27: 0 | F27: 0 | G27: 0 | H27: 0 | I27: 1 | J27: 0 | K27: 0 | L27: 0 | M27: 9 | N27: 0 | O27: =SUM(C27:L27,N27) -> 1 | P27: =SUM(C27:N27) -> 10 | R27: PM Period | S27: =SUM(S19:S21) -> 14 | T27: =SUM(T19:T21) -> 0 | U27: =SUM(U19:U21) -> 12 | V27: =SUM(V19:V21) -> 6 | W27: =SUM(W19:W21) -> 1 | X27: =SUM(X19:X21) -> 0 | Y27: =SUM(Y19:Y21) -> 14 | Z27: =SUM(Z19:Z21) -> 1 | ... AF27: =SUM(AF19:AF21) -> 215
B28: 11.30 - 11.45 | C28: 2 | D28: 0 | E28: 1 | F28: 2 | G28: 0 | H28: 0 | I28: 1 | J28: 0 | K28: 0 | L28: 0 | M28: 14 | N28: 0 | O28: =SUM(C28:L28,N28) -> 6 | P28: =SUM(C28:N28) -> 20 | R28: 12 Hours | S28: =SUM(S10:S21) -> 45 | T28: =SUM(T10:T21) -> 0 | U28: =SUM(U10:U21) -> 42 | V28: =SUM(V10:V21) -> 15 | W28: =SUM(W10:W21) -> 2 | X28: =SUM(X10:X21) -> 0 | Y28: =SUM(Y10:Y21) -> 50 | Z28: =SUM(Z10:Z21) -> 2 | ... AF28: =SUM(AF10:AF21) -> 756
B29: 11.45 - 12.00 | C29: 0 | D29: 0 | E29: 0 | F29: 0 | G29: 0 | H29: 0 | I29: 0 | J29: 0 | K29: 0 | L29: 0 | M29: 11 | N29: 0 | O29: =SUM(C29:L29,N29) -> 0 | P29: =SUM(C29:N29) -> 11
B30: 12.00 - 12.15 | C30: 0 | D30: 0 | E30: 3 | F30: 0 | G30: 0 | H30: 0 | I30: 0 | J30: 0 | K30: 0 | L30: 0 | M30: 9 | N30: 0 | O30: =SUM(C30:L30,N30) -> 3 | P30: =SUM(C30:N30) -> 12
B31: 12.15 - 12.30 | C31: 0 | D31: 0 | E31: 1 | F31: 0 | G31: 0 | H31: 0 | I31: 2 | J31: 0 | K31: 0 | L31: 0 | M31: 13 | N31: 0 | O31: =SUM(C31:L31,N31) -> 3 | P31: =SUM(C31:N31) -> 16
B32: 12.30 - 12.45 | C32: 2 | D32: 0 | E32: 2 | F32: 1 | G32: 0 | H32: 0 | I32: 3 | J32: 0 | K32: 0 | L32: 0 | M32: 12 | N32: 0 | O32: =SUM(C32:L32,N32) -> 8 | P32: =SUM(C32:N32) -> 20
B33: 12.45 - 13.00 | C33: 1 | D33: 0 | E33: 0 | F33: 0 | G33: 0 | H33: 0 | I33: 2 | J33: 0 | K33: 0 | L33: 0 | M33: 17 | N33: 0 | O33: =SUM(C33:L33,N33) -> 3 | P33: =SUM(C33:N33) -> 20
B34: 13.00 - 13.15 | C34: 1 | D34: 0 | E34: 0 | F34: 0 | G34: 0 | H34: 0 | I34: 2 | J34: 0 | K34: 0 | L34: 0 | M34: 10 | N34: 0 | O34: =SUM(C34:L34,N34) -> 3 | P34: =SUM(C34:N34) -> 13
B35: 13.15 - 13.30 | C35: 1 | D35: 0 | E35: 3 | F35: 0 | G35: 0 | H35: 0 | I35: 0 | J35: 0 | K35: 0 | L35: 0 | M35: 13 | N35: 0 | O35: =SUM(C35:L35,N35) -> 4 | P35: =SUM(C35:N35) -> 17
B36: 13.30 - 13.45 | C36: 2 | D36: 0 | E36: 0 | F36: 1 | G36: 0 | H36: 0 | I36: 0 | J36: 1 | K36: 0 | L36: 0 | M36: 11 | N36: 0 | O36: =SUM(C36:L36,N36) -> 4 | P36: =SUM(C36:N36) -> 15
B37: 13.45 - 14.00 | C37: 1 | D37: 0 | E37: 0 | F37: 0 | G37: 0 | H37: 0 | I37: 1 | J37: 0 | K37: 0 | L37: 0 | M37: 8 | N37: 0 | O37: =SUM(C37:L37,N37) -> 2 | P37: =SUM(C37:N37) -> 10
B38: 14.00 - 14.15 | C38: 2 | D38: 0 | E38: 0 | F38: 0 | G38: 0 | H38: 0 | I38: 1 | J38: 0 | K38: 0 | L38: 0 | M38: 13 | N38: 0 | O38: =SUM(C38:L38,N38) -> 3 | P38: =SUM(C38:N38) -> 16
B39: 14.15 - 14.30 | C39: 1 | D39: 0 | E39: 0 | F39: 0 | G39: 0 | H39: 0 | I39: 3 | J39: 0 | K39: 0 | L39: 0 | M39: 10 | N39: 0 | O39: =SUM(C39:L39,N39) -> 4 | P39: =SUM(C39:N39) -> 14
B40: 14.30 - 14.45 | C40: 0 | D40: 0 | E40: 0 | F40: 0 | G40: 0 | H40: 0 | I40: 2 | J40: 0 | K40: 0 | L40: 0 | M40: 13 | N40: 0 | O40: =SUM(C40:L40,N40) -> 2 | P40: =SUM(C40:N40) -> 15
... B57: 18.45 - 19.00 | C57: 2 | D57: 0 | E57: 0 | F57: 0 | G57: 0 | H57: 0 | I57: 1 | J57: 0 | K57: 0 | L57: 0 | M57: 18 | N57: 0 | O57: =SUM(C57:L57,N57) -> 3 | P57: =SUM(C57:N57) -> 21
B58: Totals | C58: =SUM(C10:C57) -> 45 | D58: =SUM(D10:D57) -> 0 | E58: =SUM(E10:E57) -> 42 | F58: =SUM(F10:F57) -> 15 | G58: =SUM(G10:G57) -> 2 | H58: =SUM(H10:H57) -> 0 | I58: =SUM(I10:I57) -> 50 | J58: =SUM(J10:J57) -> 2 | ... P58: =SUM(P10:P57) -> 756
B59: %ges + MCs | C59: =C58/$P$58 -> 0.05952381 | D59: =D58/$P$58 -> 0 | E59: =E58/$P$58 -> 0.055555556 | F59: =F58/$P$58 -> 0.01984127 | G59: =G58/$P$58 -> 0.0026455026 | H59: =H58/$P$58 -> 0 | I59: =I58/$P$58 -> 0.066137566 | J59: =J58/$P$58 -> 0.0026455026 | ... N59: =N58/$P$58 -> 0
B60: %ges w/o MCs | C60: =C58/$O$58 -> 0.28846154 | D60: =D58/$O$58 -> 0 | E60: =E58/$O$58 -> 0.26923077 | F60: =F58/$O$58 -> 0.096153846 | G60: =G58/$O$58 -> 0.012820513 | H60: =H58/$O$58 -> 0 | I60: =I58/$O$58 -> 0.32051282 | J60: =J58/$O$58 -> 0.012820513 | ... L60: =L58/$O$58 -> 0 | N60: =N58/$O$58 -> 0

Sheet 14.08 KAMPALA-BUSUNJU
B1: Consultancy services for Preparation of Expressway Development Master Plan (EDMP) for Uganda
B2: MANUAL CLASSIFIED COUNT (MCC)
B3: ROAD NAME: | C3: ='11.08 KAMPALA-BUSUNJU'!C3:G3 -> MCC - C3 - STN85 - HOIMA ROAD
C5: Date | D5: ='14.08 BUSUNJU-KAMPALA'!D5 -> 14.08.19 | F5: Location | G5: ='14.08 BUSUNJU-KAMPALA'!G5:H5 -> MATTE | J5: Surveyor | K5: ='14.08 BUSUNJU-KAMPALA'!K5:L5 -> xxx
C6: Dir. From | D6: ='11.08 KAMPALA-BUSUNJU'!D6:E6 -> KAMPALA | F6: Dir. To | G6: ='11.08 KAMPALA-BUSUNJU'!G6:H6 -> BUSUNJU | J6: Supervisor | K6: ='14.08 BUSUNJU-KAMPALA'!K6:L6 -> xxx
B8: Time / Veh Type | R8: SUMMARY TRAFFIC VOLUMES
C9: 1. Car | D9: 2. Station Wagon | E9: 3. Pickups | F9: 4. Minibus, matatu | G9: 5. Medium bus | H9: 6. Large Bus | I9: 7. Light Truck | J9: 8. Medium Truck | K9: 9. Heavy truck | L9: 10. Truck Trailer | M9: 11. Motor cycles | N9: 12. Tractors | O9: Total Excl M/Cycles | P9: Total All | R9: Time | S9: 1. Car | T9: 2. Station Wagon | U9: 3. Pickups | V9: 4. Minibus, matatu | W9: 5. Medium bus | X9: 6. Large Bus | Y9: 7. Light Truck | Z9: 8. Medium Truck | AA9: 9. Heavy truck | AB9: 10. Truck Trailer | AC9: 11. Motorcycles | AD9: 12. Tractors, Graders | AE9: Total Excl M/ Cycles | AF9: Total All
B10: 07.00 - 07.15 | C10: 1 | D10: 0 | E10: 1 | F10: 0 | G10: 0 | H10: 0 | I10: 0 | J10: 0 | K10: 0 | L10: 0 | M10: 8 | N10: 0 | O10: =SUM(C10:L10,N10) -> 2 | P10: =SUM(C10:N10) -> 10 | R10: 0700-0800 | S10: =SUM(C10:C13) -> 1 | T10: =SUM(D10:D13) -> 0 | U10: =SUM(E10:E13) -> 1 | V10: =SUM(F10:F13) -> 1 | W10: =SUM(G10:G13) -> 0 | X10: =SUM(H10:H13) -> 0 | Y10: =SUM(I10:I13) -> 1 | Z10: =SUM(J10:J13) -> 0 | ... AF10: =SUM(P10:P13) -> 37
B11: 07.15 - 07.30 | C11: 0 | D11: 0 | E11: 0 | F11: 0 | G11: 0 | H11: 0 | I11: 0 | J11: 0 | K11: 0 | L11: 0 | M11: 6 | N11: 0 | O11: =SUM(C11:L11,N11) -> 0 | P11: =SUM(C11:N11) -> 6 | R11: 0800-0900 | S11: =SUM(C14:C17) -> 1 | T11: =SUM(D14:D17) -> 0 | U11: =SUM(E14:E17) -> 2 | V11: =SUM(F14:F17) -> 1 | W11: =SUM(G14:G17) -> 0 | X11: =SUM(H14:H17) -> 0 | Y11: =SUM(I14:I17) -> 1 | Z11: =SUM(J14:J17) -> 0 | ... AF11: =SUM(P14:P17) -> 55
B12: 07.30 - 07.45 | C12: 0 | D12: 0 | E12: 0 | F12: 1 | G12: 0 | H12: 0 | I12: 0 | J12: 0 | K12: 0 | L12: 0 | M12: 12 | N12: 0 | O12: =SUM(C12:L12,N12) -> 1 | P12: =SUM(C12:N12) -> 13 | R12: 0900-1000 | S12: =SUM(C18:C21) -> 2 | T12: =SUM(D18:D21) -> 0 | U12: =SUM(E18:E21) -> 1 | V12: =SUM(F18:F21) -> 0 | W12: =SUM(G18:G21) -> 0 | X12: =SUM(H18:H21) -> 0 | Y12: =SUM(I18:I21) -> 3 | Z12: =SUM(J18:J21) -> 0 | ... AF12: =SUM(P18:P21) -> 71
B13: 07.45 - 08.00 | C13: 0 | D13: 0 | E13: 0 | F13: 0 | G13: 0 | H13: 0 | I13: 1 | J13: 0 | K13: 0 | L13: 0 | M13: 7 | N13: 0 | O13: =SUM(C13:L13,N13) -> 1 | P13: =SUM(C13:N13) -> 8 | R13: 1000-1100 | S13: =SUM(C22:C25) -> 3 | T13: =SUM(D22:D25) -> 0 | U13: =SUM(E22:E25) -> 5 | V13: =SUM(F22:F25) -> 2 | W13: =SUM(G22:G25) -> 0 | X13: =SUM(H22:H25) -> 0 | Y13: =SUM(I22:I25) -> 4 | Z13: =SUM(J22:J25) -> 0 | ... AF13: =SUM(P22:P25) -> 50
B14: 08.00 - 08.15 | C14: 0 | D14: 0 | E14: 1 | F14: 1 | G14: 0 | H14: 0 | I14: 0 | J14: 0 | K14: 0 | L14: 0 | M14: 8 | N14: 0 | O14: =SUM(C14:L14,N14) -> 2 | P14: =SUM(C14:N14) -> 10 | R14: 1100-1200 | S14: =SUM(C26:C29) -> 8 | T14: =SUM(D26:D29) -> 0 | U14: =SUM(E26:E29) -> 2 | V14: =SUM(F26:F29) -> 1 | W14: =SUM(G26:G29) -> 0 | X14: =SUM(H26:H29) -> 0 | Y14: =SUM(I26:I29) -> 5 | Z14: =SUM(J26:J29) -> 0 | ... AF14: =SUM(P26:P29) -> 54
B15: 08.15 - 08.30 | C15: 0 | D15: 0 | E15: 1 | F15: 0 | G15: 0 | H15: 0 | I15: 0 | J15: 0 | K15: 0 | L15: 0 | M15: 12 | N15: 0 | O15: =SUM(C15:L15,N15) -> 1 | P15: =SUM(C15:N15) -> 13 | R15: 1200-1300 | S15: =SUM(C30:C33) -> 1 | T15: =SUM(D30:D33) -> 0 | U15: =SUM(E30:E33) -> 4 | V15: =SUM(F30:F33) -> 2 | W15: =SUM(G30:G33) -> 0 | X15: =SUM(H30:H33) -> 0 | Y15: =SUM(I30:I33) -> 4 | Z15: =SUM(J30:J33) -> 1 | ... AF15: =SUM(P30:P33) -> 61
B16: 08.30 - 08.45 | C16: 0 | D16: 0 | E16: 0 | F16: 0 | G16: 0 | H16: 0 | I16: 1 | J16: 0 | K16: 0 | L16: 0 | M16: 15 | N16: 0 | O16: =SUM(C16:L16,N16) -> 1 | P16: =SUM(C16:N16) -> 16 | R16: 1300-1400 | S16: =SUM(C34:C37) -> 2 | T16: =SUM(D34:D37) -> 0 | U16: =SUM(E34:E37) -> 1 | V16: =SUM(F34:F37) -> 1 | W16: =SUM(G34:G37) -> 0 | X16: =SUM(H34:H37) -> 0 | Y16: =SUM(I34:I37) -> 4 | Z16: =SUM(J34:J37) -> 0 | ... AF16: =SUM(P34:P37) -> 52
B17: 08.45 - 9.00 | C17: 1 | D17: 0 | E17: 0 | F17: 0 | G17: 0 | H17: 0 | I17: 0 | J17: 0 | K17: 0 | L17: 0 | M17: 15 | N17: 0 | O17: =SUM(C17:L17,N17) -> 1 | P17: =SUM(C17:N17) -> 16 | R17: 1400-1500 | S17: =SUM(C38:C41) -> 1 | T17: =SUM(D38:D41) -> 0 | U17: =SUM(E38:E41) -> 4 | V17: =SUM(F38:F41) -> 2 | W17: =SUM(G38:G41) -> 0 | X17: =SUM(H38:H41) -> 0 | Y17: =SUM(I38:I41) -> 7 | Z17: =SUM(J38:J41) -> 0 | ... AF17: =SUM(P38:P41) -> 54
B18: 09.00 - 09.15 | C18: 1 | D18: 0 | E18: 0 | F18: 0 | G18: 0 | H18: 0 | I18: 0 | J18: 0 | K18: 0 | L18: 0 | M18: 15 | N18: 0 | O18: =SUM(C18:L18,N18) -> 1 | P18: =SUM(C18:N18) -> 16 | R18: 1500-1600 | S18: =SUM(C42:C45) -> 2 | T18: =SUM(D42:D45) -> 0 | U18: =SUM(E42:E45) -> 2 | V18: =SUM(F42:F45) -> 1 | W18: =SUM(G42:G45) -> 0 | X18: =SUM(H42:H45) -> 0 | Y18: =SUM(I42:I45) -> 5 | Z18: =SUM(J42:J45) -> 0 | ... AF18: =SUM(P42:P45) -> 67
B19: 09.15 - 09.30 | C19: 1 | D19: 0 | E19: 1 | F19: 0 | G19: 0 | H19: 0 | I19: 2 | J19: 0 | K19: 0 | L19: 0 | M19: 14 | N19: 0 | O19: =SUM(C19:L19,N19) -> 4 | P19: =SUM(C19:N19) -> 18 | R19: 1600-1700 | S19: =SUM(C46:C49) -> 4 | T19: =SUM(D46:D49) -> 0 | U19: =SUM(E46:E49) -> 6 | V19: =SUM(F46:F49) -> 0 | W19: =SUM(G46:G49) -> 1 | X19: =SUM(H46:H49) -> 0 | Y19: =SUM(I46:I49) -> 4 | Z19: =SUM(J46:J49) -> 1 | ... AF19: =SUM(P46:P49) -> 69
B20: 09.30 - 09.45 | C20: 0 | D20: 0 | E20: 0 | F20: 0 | G20: 0 | H20: 0 | I20: 1 | J20: 0 | K20: 0 | L20: 0 | M20: 19 | N20: 0 | O20: =SUM(C20:L20,N20) -> 1 | P20: =SUM(C20:N20) -> 20 | R20: 1700-1800 | S20: =SUM(C50:C53) -> 4 | T20: =SUM(D50:D53) -> 0 | U20: =SUM(E50:E53) -> 2 | V20: =SUM(F50:F53) -> 7 | W20: =SUM(G50:G53) -> 0 | X20: =SUM(H50:H53) -> 0 | Y20: =SUM(I50:I53) -> 4 | Z20: =SUM(J50:J53) -> 0 | ... AF20: =SUM(P50:P53) -> 78
B21: 09.45 - 10.00 | C21: 0 | D21: 0 | E21: 0 | F21: 0 | G21: 0 | H21: 0 | I21: 0 | J21: 0 | K21: 0 | L21: 0 | M21: 17 | N21: 0 | O21: =SUM(C21:L21,N21) -> 0 | P21: =SUM(C21:N21) -> 17 | R21: 1800-1900 | S21: =SUM(C54:C57) -> 4 | T21: =SUM(D54:D57) -> 0 | U21: =SUM(E54:E57) -> 2 | V21: =SUM(F54:F57) -> 0 | W21: =SUM(G54:G57) -> 0 | X21: =SUM(H54:H57) -> 0 | Y21: =SUM(I54:I57) -> 6 | Z21: =SUM(J54:J57) -> 1 | ... AF21: =SUM(P54:P57) -> 75
B22: 10.00 - 10.15 | C22: 3 | D22: 0 | E22: 1 | F22: 0 | G22: 0 | H22: 0 | I22: 0 | J22: 0 | K22: 0 | L22: 0 | M22: 9 | N22: 0 | O22: =SUM(C22:L22,N22) -> 4 | P22: =SUM(C22:N22) -> 13 | R22: AM Peak Hr | S22: =MAX(S10:S12) -> 2 | T22: =MAX(T10:T12) -> 0 | U22: =MAX(U10:U12) -> 2 | V22: =MAX(V10:V12) -> 1 | W22: =MAX(W10:W12) -> 0 | X22: =MAX(X10:X12) -> 0 | Y22: =MAX(Y10:Y12) -> 3 | Z22: =MAX(Z10:Z12) -> 0 | ... AF22: =MAX(AF10:AF12) -> 71
B23: 10.15 - 10.30 | C23: 0 | D23: 0 | E23: 1 | F23: 1 | G23: 0 | H23: 0 | I23: 1 | J23: 0 | K23: 0 | L23: 0 | M23: 7 | N23: 0 | O23: =SUM(C23:L23,N23) -> 3 | P23: =SUM(C23:N23) -> 10 | R23: IP Peak Hr | S23: =MAX(S13:S18) -> 8 | T23: =MAX(T13:T18) -> 0 | U23: =MAX(U13:U18) -> 5 | V23: =MAX(V13:V18) -> 2 | W23: =MAX(W13:W18) -> 0 | X23: =MAX(X13:X18) -> 0 | Y23: =MAX(Y13:Y18) -> 7 | Z23: =MAX(Z13:Z18) -> 1 | ... AF23: =MAX(AF13:AF18) -> 67
B24: 10.30 - 10.45 | C24: 0 | D24: 0 | E24: 1 | F24: 0 | G24: 0 | H24: 0 | I24: 2 | J24: 0 | K24: 0 | L24: 0 | M24: 9 | N24: 0 | O24: =SUM(C24:L24,N24) -> 3 | P24: =SUM(C24:N24) -> 12 | R24: PM Peak Hr | S24: =MAX(S19:S21) -> 4 | T24: =MAX(T19:T21) -> 0 | U24: =MAX(U19:U21) -> 6 | V24: =MAX(V19:V21) -> 7 | W24: =MAX(W19:W21) -> 1 | X24: =MAX(X19:X21) -> 0 | Y24: =MAX(Y19:Y21) -> 6 | Z24: =MAX(Z19:Z21) -> 1 | ... AF24: =MAX(AF19:AF21) -> 78
B25: 10.45 - 11.00 | C25: 0 | D25: 0 | E25: 2 | F25: 1 | G25: 0 | H25: 0 | I25: 1 | J25: 0 | K25: 0 | L25: 0 | M25: 11 | N25: 0 | O25: =SUM(C25:L25,N25) -> 4 | P25: =SUM(C25:N25) -> 15 | R25: AM Period | S25: =SUM(S10:S12) -> 4 | T25: =SUM(T10:T12) -> 0 | U25: =SUM(U10:U12) -> 4 | V25: =SUM(V10:V12) -> 2 | W25: =SUM(W10:W12) -> 0 | X25: =SUM(X10:X12) -> 0 | Y25: =SUM(Y10:Y12) -> 5 | Z25: =SUM(Z10:Z12) -> 0 | ... AF25: =SUM(AF10:AF12) -> 163
B26: 11.00 - 11.15 | C26: 3 | D26: 0 | E26: 0 | F26: 0 | G26: 0 | H26: 0 | I26: 1 | J26: 0 | K26: 0 | L26: 0 | M26: 11 | N26: 0 | O26: =SUM(C26:L26,N26) -> 4 | P26: =SUM(C26:N26) -> 15 | R26: IP Period | S26: =SUM(S13:S18) -> 17 | T26: =SUM(T13:T18) -> 0 | U26: =SUM(U13:U18) -> 18 | V26: =SUM(V13:V18) -> 9 | W26: =SUM(W13:W18) -> 0 | X26: =SUM(X13:X18) -> 0 | Y26: =SUM(Y13:Y18) -> 29 | Z26: =SUM(Z13:Z18) -> 1 | ... AF26: =SUM(AF13:AF18) -> 338
B27: 11.15 - 11.30 | C27: 1 | D27: 0 | E27: 1 | F27: 0 | G27: 0 | H27: 0 | I27: 1 | J27: 0 | K27: 0 | L27: 0 | M27: 8 | N27: 0 | O27: =SUM(C27:L27,N27) -> 3 | P27: =SUM(C27:N27) -> 11 | R27: PM Period | S27: =SUM(S19:S21) -> 12 | T27: =SUM(T19:T21) -> 0 | U27: =SUM(U19:U21) -> 10 | V27: =SUM(V19:V21) -> 7 | W27: =SUM(W19:W21) -> 1 | X27: =SUM(X19:X21) -> 0 | Y27: =SUM(Y19:Y21) -> 14 | Z27: =SUM(Z19:Z21) -> 2 | ... AF27: =SUM(AF19:AF21) -> 222
B28: 11.30 - 11.45 | C28: 2 | D28: 0 | E28: 1 | F28: 1 | G28: 0 | H28: 0 | I28: 0 | J28: 0 | K28: 0 | L28: 0 | M28: 12 | N28: 0 | O28: =SUM(C28:L28,N28) -> 4 | P28: =SUM(C28:N28) -> 16 | R28: 12 Hours | S28: =SUM(S10:S21) -> 33 | T28: =SUM(T10:T21) -> 0 | U28: =SUM(U10:U21) -> 32 | V28: =SUM(V10:V21) -> 18 | W28: =SUM(W10:W21) -> 1 | X28: =SUM(X10:X21) -> 0 | Y28: =SUM(Y10:Y21) -> 48 | Z28: =SUM(Z10:Z21) -> 3 | ... AF28: =SUM(AF10:AF21) -> 723
B29: 11.45 - 12.00 | C29: 2 | D29: 0 | E29: 0 | F29: 0 | G29: 0 | H29: 0 | I29: 3 | J29: 0 | K29: 0 | L29: 0 | M29: 7 | N29: 0 | O29: =SUM(C29:L29,N29) -> 5 | P29: =SUM(C29:N29) -> 12
B30: 12.00 - 12.15 | C30: 0 | D30: 0 | E30: 0 | F30: 0 | G30: 0 | H30: 0 | I30: 1 | J30: 0 | K30: 0 | L30: 0 | M30: 10 | N30: 0 | O30: =SUM(C30:L30,N30) -> 1 | P30: =SUM(C30:N30) -> 11
B31: 12.15 - 12.30 | C31: 0 | D31: 0 | E31: 2 | F31: 1 | G31: 0 | H31: 0 | I31: 2 | J31: 0 | K31: 0 | L31: 0 | M31: 9 | N31: 0 | O31: =SUM(C31:L31,N31) -> 5 | P31: =SUM(C31:N31) -> 14
B32: 12.30 - 12.45 | C32: 1 | D32: 0 | E32: 0 | F32: 1 | G32: 0 | H32: 0 | I32: 0 | J32: 1 | K32: 0 | L32: 0 | M32: 13 | N32: 0 | O32: =SUM(C32:L32,N32) -> 3 | P32: =SUM(C32:N32) -> 16
B33: 12.45 - 13.00 | C33: 0 | D33: 0 | E33: 2 | F33: 0 | G33: 0 | H33: 0 | I33: 1 | J33: 0 | K33: 0 | L33: 0 | M33: 17 | N33: 0 | O33: =SUM(C33:L33,N33) -> 3 | P33: =SUM(C33:N33) -> 20
B34: 13.00 - 13.15 | C34: 0 | D34: 0 | E34: 1 | F34: 1 | G34: 0 | H34: 0 | I34: 2 | J34: 0 | K34: 0 | L34: 0 | M34: 15 | N34: 0 | O34: =SUM(C34:L34,N34) -> 4 | P34: =SUM(C34:N34) -> 19
B35: 13.15 - 13.30 | C35: 0 | D35: 0 | E35: 0 | F35: 0 | G35: 0 | H35: 0 | I35: 1 | J35: 0 | K35: 0 | L35: 0 | M35: 10 | N35: 0 | O35: =SUM(C35:L35,N35) -> 1 | P35: =SUM(C35:N35) -> 11
B36: 13.30 - 13.45 | C36: 0 | D36: 0 | E36: 0 | F36: 0 | G36: 0 | H36: 0 | I36: 1 | J36: 0 | K36: 0 | L36: 0 | M36: 8 | N36: 0 | O36: =SUM(C36:L36,N36) -> 1 | P36: =SUM(C36:N36) -> 9
B37: 13.45 - 14.00 | C37: 2 | D37: 0 | E37: 0 | F37: 0 | G37: 0 | H37: 0 | I37: 0 | J37: 0 | K37: 0 | L37: 0 | M37: 11 | N37: 0 | O37: =SUM(C37:L37,N37) -> 2 | P37: =SUM(C37:N37) -> 13
B38: 14.00 - 14.15 | C38: 0 | D38: 0 | E38: 2 | F38: 1 | G38: 0 | H38: 0 | I38: 4 | J38: 0 | K38: 0 | L38: 0 | M38: 11 | N38: 0 | O38: =SUM(C38:L38,N38) -> 7 | P38: =SUM(C38:N38) -> 18
B39: 14.15 - 14.30 | C39: 1 | D39: 0 | E39: 0 | F39: 0 | G39: 0 | H39: 0 | I39: 1 | J39: 0 | K39: 0 | L39: 0 | M39: 7 | N39: 0 | O39: =SUM(C39:L39,N39) -> 2 | P39: =SUM(C39:N39) -> 9
B40: 14.30 - 14.45 | C40: 0 | D40: 0 | E40: 0 | F40: 1 | G40: 0 | H40: 0 | I40: 1 | J40: 0 | K40: 0 | L40: 0 | M40: 13 | N40: 0 | O40: =SUM(C40:L40,N40) -> 2 | P40: =SUM(C40:N40) -> 15
... B57: 18.45 - 19.00 | C57: 1 | D57: 0 | E57: 1 | F57: 0 | G57: 0 | H57: 0 | I57: 3 | J57: 0 | K57: 0 | L57: 0 | M57: 13 | N57: 0 | O57: =SUM(C57:L57,N57) -> 5 | P57: =SUM(C57:N57) -> 18
B58: Totals | C58: =SUM(C10:C57) -> 33 | D58: =SUM(D10:D57) -> 0 | E58: =SUM(E10:E57) -> 32 | F58: =SUM(F10:F57) -> 18 | G58: =SUM(G10:G57) -> 1 | H58: =SUM(H10:H57) -> 0 | I58: =SUM(I10:I57) -> 48 | J58: =SUM(J10:J57) -> 3 | ... P58: =SUM(P10:P57) -> 723
B59: %ges + MCs | C59: =C58/$P$58 -> 0.045643154 | D59: =D58/$P$58 -> 0 | E59: =E58/$P$58 -> 0.044260028 | F59: =F58/$P$58 -> 0.024896266 | G59: =G58/$P$58 -> 0.0013831259 | H59: =H58/$P$58 -> 0 | I59: =I58/$P$58 -> 0.066390041 | J59: =J58/$P$58 -> 0.0041493776 | ... N59: =N58/$P$58 -> 0
B60: %ges w/o MCs | C60: =C58/$O$58 -> 0.24444444 | D60: =D58/$O$58 -> 0 | E60: =E58/$O$58 -> 0.23703704 | F60: =F58/$O$58 -> 0.13333333 | G60: =G58/$O$58 -> 0.0074074074 | H60: =H58/$O$58 -> 0 | I60: =I58/$O$58 -> 0.35555556 | J60: =J58/$O$58 -> 0.022222222 | ... L60: =L58/$O$58 -> 0 | N60: =N58/$O$58 -> 0

Sheet 15.08 BUSUNJU-KAMPALA
B1: Consultancy services for Preparation of Expressway Development Master Plan (EDMP) for Uganda
B2: MANUAL CLASSIFIED COUNT (MCC)
B3: ROAD NAME: | C3: ='11.08 BUSUNJU-KAMPALA'!C3:G3 -> MCC - C3 - STN85 - HOIMA ROAD
C5: Date | D5: 15.08.19 | F5: Location | G5: ='17.08 KAMPALA-BUSUNJU-24h'!G5:H5 -> MATTE | J5: Surveyor | K5: ='17.08 KAMPALA-BUSUNJU-24h'!K5:L5 -> xxx
C6: Dir. From | D6: ='11.08 BUSUNJU-KAMPALA'!D6:E6 -> BUSUNJU | F6: Dir. To | G6: ='11.08 BUSUNJU-KAMPALA'!G6:H6 -> KAMPALA | J6: Supervisor | K6: ='17.08 KAMPALA-BUSUNJU-24h'!K6:L6 -> xxx
B8: Time / Veh Type | R8: SUMMARY TRAFFIC VOLUMES
C9: 1. Car | D9: 2. Station Wagon | E9: 3. Pickups | F9: 4. Minibus, matatu | G9: 5. Medium bus | H9: 6. Large Bus | I9: 7. Light Truck | J9: 8. Medium Truck | K9: 9. Heavy truck | L9: 10. Truck Trailer | M9: 11. Motor cycles | N9: 12. Tractors | O9: Total Excl M/Cycles | P9: Total All | R9: Time | S9: 1. Car | T9: 2. Station Wagon | U9: 3. Pickups | V9: 4. Minibus, matatu | W9: 5. Medium bus | X9: 6. Large Bus | Y9: 7. Light Truck | Z9: 8. Medium Truck | AA9: 9. Heavy truck | AB9: 10. Truck Trailer | AC9: 11. Motorcycles | AD9: 12. Tractors, Graders | AE9: Total Excl M/ Cycles | AF9: Total All
B10: 07.00 - 07.15 | C10: 0 | D10: 0 | E10: 0 | F10: 0 | G10: 0 | H10: 0 | I10: 1 | J10: 0 | K10: 0 | L10: 0 | M10: 8 | N10: 0 | O10: =SUM(C10:L10,N10) -> 1 | P10: =SUM(C10:N10) -> 9 | R10: 0700-0800 | S10: =SUM(C10:C13) -> 3 | T10: =SUM(D10:D13) -> 0 | U10: =SUM(E10:E13) -> 2 | V10: =SUM(F10:F13) -> 0 | W10: =SUM(G10:G13) -> 0 | X10: =SUM(H10:H13) -> 0 | Y10: =SUM(I10:I13) -> 1 | Z10: =SUM(J10:J13) -> 0 | ... AF10: =SUM(P10:P13) -> 54
B11: 07.15 - 07.30 | C11: 2 | D11: 0 | E11: 0 | F11: 0 | G11: 0 | H11: 0 | I11: 0 | J11: 0 | K11: 0 | L11: 0 | M11: 14 | N11: 0 | O11: =SUM(C11:L11,N11) -> 2 | P11: =SUM(C11:N11) -> 16 | R11: 0800-0900 | S11: =SUM(C14:C17) -> 5 | T11: =SUM(D14:D17) -> 0 | U11: =SUM(E14:E17) -> 3 | V11: =SUM(F14:F17) -> 2 | W11: =SUM(G14:G17) -> 0 | X11: =SUM(H14:H17) -> 0 | Y11: =SUM(I14:I17) -> 7 | Z11: =SUM(J14:J17) -> 0 | ... AF11: =SUM(P14:P17) -> 69
B12: 07.30 - 07.45 | C12: 1 | D12: 0 | E12: 1 | F12: 0 | G12: 0 | H12: 0 | I12: 0 | J12: 0 | K12: 0 | L12: 0 | M12: 8 | N12: 0 | O12: =SUM(C12:L12,N12) -> 2 | P12: =SUM(C12:N12) -> 10 | R12: 0900-1000 | S12: =SUM(C18:C21) -> 2 | T12: =SUM(D18:D21) -> 0 | U12: =SUM(E18:E21) -> 2 | V12: =SUM(F18:F21) -> 0 | W12: =SUM(G18:G21) -> 0 | X12: =SUM(H18:H21) -> 0 | Y12: =SUM(I18:I21) -> 2 | Z12: =SUM(J18:J21) -> 1 | ... AF12: =SUM(P18:P21) -> 67
B13: 07.45 - 08.00 | C13: 0 | D13: 0 | E13: 1 | F13: 0 | G13: 0 | H13: 0 | I13: 0 | J13: 0 | K13: 0 | L13: 0 | M13: 18 | N13: 0 | O13: =SUM(C13:L13,N13) -> 1 | P13: =SUM(C13:N13) -> 19 | R13: 1000-1100 | S13: =SUM(C22:C25) -> 2 | T13: =SUM(D22:D25) -> 0 | U13: =SUM(E22:E25) -> 5 | V13: =SUM(F22:F25) -> 0 | W13: =SUM(G22:G25) -> 4 | X13: =SUM(H22:H25) -> 0 | Y13: =SUM(I22:I25) -> 4 | Z13: =SUM(J22:J25) -> 1 | ... AF13: =SUM(P22:P25) -> 75
B14: 08.00 - 08.15 | C14: 1 | D14: 0 | E14: 0 | F14: 0 | G14: 0 | H14: 0 | I14: 0 | J14: 0 | K14: 0 | L14: 0 | M14: 13 | N14: 0 | O14: =SUM(C14:L14,N14) -> 1 | P14: =SUM(C14:N14) -> 14 | R14: 1100-1200 | S14: =SUM(C26:C29) -> 6 | T14: =SUM(D26:D29) -> 0 | U14: =SUM(E26:E29) -> 1 | V14: =SUM(F26:F29) -> 1 | W14: =SUM(G26:G29) -> 0 | X14: =SUM(H26:H29) -> 0 | Y14: =SUM(I26:I29) -> 6 | Z14: =SUM(J26:J29) -> 1 | ... AF14: =SUM(P26:P29) -> 64
B15: 08.15 - 08.30 | C15: 2 | D15: 0 | E15: 2 | F15: 1 | G15: 0 | H15: 0 | I15: 3 | J15: 0 | K15: 0 | L15: 0 | M15: 17 | N15: 0 | O15: =SUM(C15:L15,N15) -> 8 | P15: =SUM(C15:N15) -> 25 | R15: 1200-1300 | S15: =SUM(C30:C33) -> 5 | T15: =SUM(D30:D33) -> 0 | U15: =SUM(E30:E33) -> 5 | V15: =SUM(F30:F33) -> 2 | W15: =SUM(G30:G33) -> 0 | X15: =SUM(H30:H33) -> 0 | Y15: =SUM(I30:I33) -> 8 | Z15: =SUM(J30:J33) -> 0 | ... AF15: =SUM(P30:P33) -> 82
B16: 08.30 - 08.45 | C16: 2 | D16: 0 | E16: 0 | F16: 1 | G16: 0 | H16: 0 | I16: 2 | J16: 0 | K16: 0 | L16: 0 | M16: 12 | N16: 0 | O16: =SUM(C16:L16,N16) -> 5 | P16: =SUM(C16:N16) -> 17 | R16: 1300-1400 | S16: =SUM(C34:C37) -> 7 | T16: =SUM(D34:D37) -> 0 | U16: =SUM(E34:E37) -> 5 | V16: =SUM(F34:F37) -> 3 | W16: =SUM(G34:G37) -> 1 | X16: =SUM(H34:H37) -> 0 | Y16: =SUM(I34:I37) -> 5 | Z16: =SUM(J34:J37) -> 1 | ... AF16: =SUM(P34:P37) -> 66
B17: 08.45 - 9.00 | C17: 0 | D17: 0 | E17: 1 | F17: 0 | G17: 0 | H17: 0 | I17: 2 | J17: 0 | K17: 0 | L17: 0 | M17: 10 | N17: 0 | O17: =SUM(C17:L17,N17) -> 3 | P17: =SUM(C17:N17) -> 13 | R17: 1400-1500 | S17: =SUM(C38:C41) -> 2 | T17: =SUM(D38:D41) -> 0 | U17: =SUM(E38:E41) -> 0 | V17: =SUM(F38:F41) -> 2 | W17: =SUM(G38:G41) -> 0 | X17: =SUM(H38:H41) -> 0 | Y17: =SUM(I38:I41) -> 5 | Z17: =SUM(J38:J41) -> 0 | ... AF17: =SUM(P38:P41) -> 62
B18: 09.00 - 09.15 | C18: 2 | D18: 0 | E18: 1 | F18: 0 | G18: 0 | H18: 0 | I18: 0 | J18: 0 | K18: 0 | L18: 0 | M18: 18 | N18: 0 | O18: =SUM(C18:L18,N18) -> 3 | P18: =SUM(C18:N18) -> 21 | R18: 1500-1600 | S18: =SUM(C42:C45) -> 6 | T18: =SUM(D42:D45) -> 0 | U18: =SUM(E42:E45) -> 6 | V18: =SUM(F42:F45) -> 0 | W18: =SUM(G42:G45) -> 0 | X18: =SUM(H42:H45) -> 0 | Y18: =SUM(I42:I45) -> 12 | Z18: =SUM(J42:J45) -> 0 | ... AF18: =SUM(P42:P45) -> 62
B19: 09.15 - 09.30 | C19: 0 | D19: 0 | E19: 1 | F19: 0 | G19: 0 | H19: 0 | I19: 0 | J19: 0 | K19: 0 | L19: 0 | M19: 15 | N19: 0 | O19: =SUM(C19:L19,N19) -> 1 | P19: =SUM(C19:N19) -> 16 | R19: 1600-1700 | S19: =SUM(C46:C49) -> 4 | T19: =SUM(D46:D49) -> 0 | U19: =SUM(E46:E49) -> 4 | V19: =SUM(F46:F49) -> 1 | W19: =SUM(G46:G49) -> 0 | X19: =SUM(H46:H49) -> 0 | Y19: =SUM(I46:I49) -> 3 | Z19: =SUM(J46:J49) -> 0 | ... AF19: =SUM(P46:P49) -> 58
B20: 09.30 - 09.45 | C20: 0 | D20: 0 | E20: 0 | F20: 0 | G20: 0 | H20: 0 | I20: 1 | J20: 1 | K20: 0 | L20: 0 | M20: 16 | N20: 0 | O20: =SUM(C20:L20,N20) -> 2 | P20: =SUM(C20:N20) -> 18 | R20: 1700-1800 | S20: =SUM(C50:C53) -> 6 | T20: =SUM(D50:D53) -> 0 | U20: =SUM(E50:E53) -> 1 | V20: =SUM(F50:F53) -> 0 | W20: =SUM(G50:G53) -> 0 | X20: =SUM(H50:H53) -> 0 | Y20: =SUM(I50:I53) -> 5 | Z20: =SUM(J50:J53) -> 0 | ... AF20: =SUM(P50:P53) -> 70
B21: 09.45 - 10.00 | C21: 0 | D21: 0 | E21: 0 | F21: 0 | G21: 0 | H21: 0 | I21: 1 | J21: 0 | K21: 0 | L21: 0 | M21: 11 | N21: 0 | O21: =SUM(C21:L21,N21) -> 1 | P21: =SUM(C21:N21) -> 12 | R21: 1800-1900 | S21: =SUM(C54:C57) -> 0 | T21: =SUM(D54:D57) -> 0 | U21: =SUM(E54:E57) -> 3 | V21: =SUM(F54:F57) -> 4 | W21: =SUM(G54:G57) -> 1 | X21: =SUM(H54:H57) -> 0 | Y21: =SUM(I54:I57) -> 4 | Z21: =SUM(J54:J57) -> 0 | ... AF21: =SUM(P54:P57) -> 75
B22: 10.00 - 10.15 | C22: 1 | D22: 0 | E22: 1 | F22: 0 | G22: 0 | H22: 0 | I22: 1 | J22: 0 | K22: 0 | L22: 0 | M22: 17 | N22: 0 | O22: =SUM(C22:L22,N22) -> 3 | P22: =SUM(C22:N22) -> 20 | R22: AM Peak Hr | S22: =MAX(S10:S12) -> 5 | T22: =MAX(T10:T12) -> 0 | U22: =MAX(U10:U12) -> 3 | V22: =MAX(V10:V12) -> 2 | W22: =MAX(W10:W12) -> 0 | X22: =MAX(X10:X12) -> 0 | Y22: =MAX(Y10:Y12) -> 7 | Z22: =MAX(Z10:Z12) -> 1 | ... AF22: =MAX(AF10:AF12) -> 69
B23: 10.15 - 10.30 | C23: 1 | D23: 0 | E23: 1 | F23: 0 | G23: 0 | H23: 0 | I23: 0 | J23: 0 | K23: 0 | L23: 0 | M23: 11 | N23: 0 | O23: =SUM(C23:L23,N23) -> 2 | P23: =SUM(C23:N23) -> 13 | R23: IP Peak Hr | S23: =MAX(S13:S18) -> 7 | T23: =MAX(T13:T18) -> 0 | U23: =MAX(U13:U18) -> 6 | V23: =MAX(V13:V18) -> 3 | W23: =MAX(W13:W18) -> 4 | X23: =MAX(X13:X18) -> 0 | Y23: =MAX(Y13:Y18) -> 12 | Z23: =MAX(Z13:Z18) -> 1 | ... AF23: =MAX(AF13:AF18) -> 82
B24: 10.30 - 10.45 | C24: 0 | D24: 0 | E24: 2 | F24: 0 | G24: 4 | H24: 0 | I24: 3 | J24: 1 | K24: 0 | L24: 0 | M24: 22 | N24: 0 | O24: =SUM(C24:L24,N24) -> 10 | P24: =SUM(C24:N24) -> 32 | R24: PM Peak Hr | S24: =MAX(S19:S21) -> 6 | T24: =MAX(T19:T21) -> 0 | U24: =MAX(U19:U21) -> 4 | V24: =MAX(V19:V21) -> 4 | W24: =MAX(W19:W21) -> 1 | X24: =MAX(X19:X21) -> 0 | Y24: =MAX(Y19:Y21) -> 5 | Z24: =MAX(Z19:Z21) -> 0 | ... AF24: =MAX(AF19:AF21) -> 75
B25: 10.45 - 11.00 | C25: 0 | D25: 0 | E25: 1 | F25: 0 | G25: 0 | H25: 0 | I25: 0 | J25: 0 | K25: 0 | L25: 0 | M25: 9 | N25: 0 | O25: =SUM(C25:L25,N25) -> 1 | P25: =SUM(C25:N25) -> 10 | R25: AM Period | S25: =SUM(S10:S12) -> 10 | T25: =SUM(T10:T12) -> 0 | U25: =SUM(U10:U12) -> 7 | V25: =SUM(V10:V12) -> 2 | W25: =SUM(W10:W12) -> 0 | X25: =SUM(X10:X12) -> 0 | Y25: =SUM(Y10:Y12) -> 10 | Z25: =SUM(Z10:Z12) -> 1 | ... AF25: =SUM(AF10:AF12) -> 190
B26: 11.00 - 11.15 | C26: 3 | D26: 0 | E26: 0 | F26: 1 | G26: 0 | H26: 0 | I26: 1 | J26: 0 | K26: 0 | L26: 0 | M26: 10 | N26: 0 | O26: =SUM(C26:L26,N26) -> 5 | P26: =SUM(C26:N26) -> 15 | R26: IP Period | S26: =SUM(S13:S18) -> 28 | T26: =SUM(T13:T18) -> 0 | U26: =SUM(U13:U18) -> 22 | V26: =SUM(V13:V18) -> 8 | W26: =SUM(W13:W18) -> 5 | X26: =SUM(X13:X18) -> 0 | Y26: =SUM(Y13:Y18) -> 40 | Z26: =SUM(Z13:Z18) -> 3 | ... AF26: =SUM(AF13:AF18) -> 411
B27: 11.15 - 11.30 | C27: 1 | D27: 0 | E27: 0 | F27: 0 | G27: 0 | H27: 0 | I27: 2 | J27: 1 | K27: 0 | L27: 0 | M27: 15 | N27: 0 | O27: =SUM(C27:L27,N27) -> 4 | P27: =SUM(C27:N27) -> 19 | R27: PM Period | S27: =SUM(S19:S21) -> 10 | T27: =SUM(T19:T21) -> 0 | U27: =SUM(U19:U21) -> 8 | V27: =SUM(V19:V21) -> 5 | W27: =SUM(W19:W21) -> 1 | X27: =SUM(X19:X21) -> 0 | Y27: =SUM(Y19:Y21) -> 12 | Z27: =SUM(Z19:Z21) -> 0 | ... AF27: =SUM(AF19:AF21) -> 203
B28: 11.30 - 11.45 | C28: 2 | D28: 0 | E28: 0 | F28: 0 | G28: 0 | H28: 0 | I28: 1 | J28: 0 | K28: 0 | L28: 0 | M28: 14 | N28: 0 | O28: =SUM(C28:L28,N28) -> 3 | P28: =SUM(C28:N28) -> 17 | R28: 12 Hours | S28: =SUM(S10:S21) -> 48 | T28: =SUM(T10:T21) -> 0 | U28: =SUM(U10:U21) -> 37 | V28: =SUM(V10:V21) -> 15 | W28: =SUM(W10:W21) -> 6 | X28: =SUM(X10:X21) -> 0 | Y28: =SUM(Y10:Y21) -> 62 | Z28: =SUM(Z10:Z21) -> 4 | ... AF28: =SUM(AF10:AF21) -> 804
B29: 11.45 - 12.00 | C29: 0 | D29: 0 | E29: 1 | F29: 0 | G29: 0 | H29: 0 | I29: 2 | J29: 0 | K29: 0 | L29: 0 | M29: 10 | N29: 0 | O29: =SUM(C29:L29,N29) -> 3 | P29: =SUM(C29:N29) -> 13
B30: 12.00 - 12.15 | C30: 2 | D30: 0 | E30: 2 | F30: 1 | G30: 0 | H30: 0 | I30: 0 | J30: 0 | K30: 0 | L30: 0 | M30: 13 | N30: 0 | O30: =SUM(C30:L30,N30) -> 5 | P30: =SUM(C30:N30) -> 18
B31: 12.15 - 12.30 | C31: 3 | D31: 0 | E31: 1 | F31: 0 | G31: 0 | H31: 0 | I31: 2 | J31: 0 | K31: 0 | L31: 0 | M31: 15 | N31: 0 | O31: =SUM(C31:L31,N31) -> 6 | P31: =SUM(C31:N31) -> 21
B32: 12.30 - 12.45 | C32: 0 | D32: 0 | E32: 1 | F32: 1 | G32: 0 | H32: 0 | I32: 3 | J32: 0 | K32: 0 | L32: 0 | M32: 16 | N32: 0 | O32: =SUM(C32:L32,N32) -> 5 | P32: =SUM(C32:N32) -> 21
B33: 12.45 - 13.00 | C33: 0 | D33: 0 | E33: 1 | F33: 0 | G33: 0 | H33: 0 | I33: 3 | J33: 0 | K33: 0 | L33: 0 | M33: 18 | N33: 0 | O33: =SUM(C33:L33,N33) -> 4 | P33: =SUM(C33:N33) -> 22
B34: 13.00 - 13.15 | C34: 1 | D34: 0 | E34: 1 | F34: 0 | G34: 0 | H34: 0 | I34: 2 | J34: 0 | K34: 0 | L34: 0 | M34: 12 | N34: 0 | O34: =SUM(C34:L34,N34) -> 4 | P34: =SUM(C34:N34) -> 16
B35: 13.15 - 13.30 | C35: 4 | D35: 0 | E35: 2 | F35: 2 | G35: 0 | H35: 0 | I35: 2 | J35: 1 | K35: 0 | L35: 0 | M35: 10 | N35: 0 | O35: =SUM(C35:L35,N35) -> 11 | P35: =SUM(C35:N35) -> 21
B36: 13.30 - 13.45 | C36: 0 | D36: 0 | E36: 1 | F36: 1 | G36: 1 | H36: 0 | I36: 1 | J36: 0 | K36: 0 | L36: 0 | M36: 11 | N36: 0 | O36: =SUM(C36:L36,N36) -> 4 | P36: =SUM(C36:N36) -> 15
B37: 13.45 - 14.00 | C37: 2 | D37: 0 | E37: 1 | F37: 0 | G37: 0 | H37: 0 | I37: 0 | J37: 0 | K37: 0 | L37: 0 | M37: 11 | N37: 0 | O37: =SUM(C37:L37,N37) -> 3 | P37: =SUM(C37:N37) -> 14
B38: 14.00 - 14.15 | C38: 0 | D38: 0 | E38: 0 | F38: 0 | G38: 0 | H38: 0 | I38: 0 | J38: 0 | K38: 0 | L38: 0 | M38: 11 | N38: 0 | O38: =SUM(C38:L38,N38) -> 0 | P38: =SUM(C38:N38) -> 11
B39: 14.15 - 14.30 | C39: 1 | D39: 0 | E39: 0 | F39: 0 | G39: 0 | H39: 0 | I39: 4 | J39: 0 | K39: 0 | L39: 0 | M39: 10 | N39: 0 | O39: =SUM(C39:L39,N39) -> 5 | P39: =SUM(C39:N39) -> 15
B40: 14.30 - 14.45 | C40: 1 | D40: 0 | E40: 0 | F40: 1 | G40: 0 | H40: 0 | I40: 1 | J40: 0 | K40: 0 | L40: 0 | M40: 14 | N40: 0 | O40: =SUM(C40:L40,N40) -> 3 | P40: =SUM(C40:N40) -> 17
... B57: 18.45 - 19.00 | C57: 0 | D57: 0 | E57: 2 | F57: 3 | G57: 0 | H57: 0 | I57: 1 | J57: 0 | K57: 0 | L57: 0 | M57: 13 | N57: 0 | O57: =SUM(C57:L57,N57) -> 6 | P57: =SUM(C57:N57) -> 19
B58: Totals | C58: =SUM(C10:C57) -> 48 | D58: =SUM(D10:D57) -> 0 | E58: =SUM(E10:E57) -> 37 | F58: =SUM(F10:F57) -> 15 | G58: =SUM(G10:G57) -> 6 | H58: =SUM(H10:H57) -> 0 | I58: =SUM(I10:I57) -> 62 | J58: =SUM(J10:J57) -> 4 | ... P58: =SUM(P10:P57) -> 804
B59: %ges + MCs | C59: =C58/$P$58 -> 0.059701493 | D59: =D58/$P$58 -> 0 | E59: =E58/$P$58 -> 0.0460199 | F59: =F58/$P$58 -> 0.018656716 | G59: =G58/$P$58 -> 0.0074626866 | H59: =H58/$P$58 -> 0 | I59: =I58/$P$58 -> 0.077114428 | J59: =J58/$P$58 -> 0.0049751244 | ... N59: =N58/$P$58 -> 0
B60: %ges w/o MCs | C60: =C58/$O$58 -> 0.27906977 | D60: =D58/$O$58 -> 0 | E60: =E58/$O$58 -> 0.21511628 | F60: =F58/$O$58 -> 0.087209302 | G60: =G58/$O$58 -> 0.034883721 | H60: =H58/$O$58 -> 0 | I60: =I58/$O$58 -> 0.36046512 | J60: =J58/$O$58 -> 0.023255814 | ... L60: =L58/$O$58 -> 0 | N60: =N58/$O$58 -> 0

Sheet 15.08 KAMPALA-BUSUNJU
B1: Consultancy services for Preparation of Expressway Development Master Plan (EDMP) for Uganda
B2: MANUAL CLASSIFIED COUNT (MCC)
B3: ROAD NAME: | C3: ='11.08 KAMPALA-BUSUNJU'!C3:G3 -> MCC - C3 - STN85 - HOIMA ROAD
C5: Date | D5: ='15.08 BUSUNJU-KAMPALA'!D5 -> 15.08.19 | F5: Location | G5: ='15.08 BUSUNJU-KAMPALA'!G5:H5 -> MATTE | J5: Surveyor | K5: ='15.08 BUSUNJU-KAMPALA'!K5:L5 -> xxx
C6: Dir. From | D6: ='11.08 KAMPALA-BUSUNJU'!D6:E6 -> KAMPALA | F6: Dir. To | G6: ='11.08 KAMPALA-BUSUNJU'!G6:H6 -> BUSUNJU | J6: Supervisor | K6: ='15.08 BUSUNJU-KAMPALA'!K6:L6 -> xxx
B8: Time / Veh Type | R8: SUMMARY TRAFFIC VOLUMES
C9: 1. Car | D9: 2. Station Wagon | E9: 3. Pickups | F9: 4. Minibus, matatu | G9: 5. Medium bus | H9: 6. Large Bus | I9: 7. Light Truck | J9: 8. Medium Truck | K9: 9. Heavy truck | L9: 10. Truck Trailer | M9: 11. Motor cycles | N9: 12. Tractors | O9: Total Excl M/Cycles | P9: Total All | R9: Time | S9: 1. Car | T9: 2. Station Wagon | U9: 3. Pickups | V9: 4. Minibus, matatu | W9: 5. Medium bus | X9: 6. Large Bus | Y9: 7. Light Truck | Z9: 8. Medium Truck | AA9: 9. Heavy truck | AB9: 10. Truck Trailer | AC9: 11. Motorcycles | AD9: 12. Tractors, Graders | AE9: Total Excl M/ Cycles | AF9: Total All
B10: 07.00 - 07.15 | C10: 1 | D10: 0 | E10: 2 | F10: 0 | G10: 0 | H10: 0 | I10: 0 | J10: 0 | K10: 0 | L10: 0 | M10: 6 | N10: 0 | O10: =SUM(C10:L10,N10) -> 3 | P10: =SUM(C10:N10) -> 9 | R10: 0700-0800 | S10: =SUM(C10:C13) -> 3 | T10: =SUM(D10:D13) -> 0 | U10: =SUM(E10:E13) -> 3 | V10: =SUM(F10:F13) -> 1 | W10: =SUM(G10:G13) -> 1 | X10: =SUM(H10:H13) -> 0 | Y10: =SUM(I10:I13) -> 2 | Z10: =SUM(J10:J13) -> 0 | ... AF10: =SUM(P10:P13) -> 53
B11: 07.15 - 07.30 | C11: 1 | D11: 0 | E11: 0 | F11: 0 | G11: 0 | H11: 0 | I11: 1 | J11: 0 | K11: 0 | L11: 0 | M11: 10 | N11: 0 | O11: =SUM(C11:L11,N11) -> 2 | P11: =SUM(C11:N11) -> 12 | R11: 0800-0900 | S11: =SUM(C14:C17) -> 1 | T11: =SUM(D14:D17) -> 0 | U11: =SUM(E14:E17) -> 0 | V11: =SUM(F14:F17) -> 2 | W11: =SUM(G14:G17) -> 0 | X11: =SUM(H14:H17) -> 0 | Y11: =SUM(I14:I17) -> 2 | Z11: =SUM(J14:J17) -> 0 | ... AF11: =SUM(P14:P17) -> 46
B12: 07.30 - 07.45 | C12: 1 | D12: 0 | E12: 1 | F12: 0 | G12: 1 | H12: 0 | I12: 0 | J12: 0 | K12: 0 | L12: 0 | M12: 16 | N12: 0 | O12: =SUM(C12:L12,N12) -> 3 | P12: =SUM(C12:N12) -> 19 | R12: 0900-1000 | S12: =SUM(C18:C21) -> 2 | T12: =SUM(D18:D21) -> 0 | U12: =SUM(E18:E21) -> 2 | V12: =SUM(F18:F21) -> 0 | W12: =SUM(G18:G21) -> 0 | X12: =SUM(H18:H21) -> 0 | Y12: =SUM(I18:I21) -> 5 | Z12: =SUM(J18:J21) -> 0 | ... AF12: =SUM(P18:P21) -> 60
B13: 07.45 - 08.00 | C13: 0 | D13: 0 | E13: 0 | F13: 1 | G13: 0 | H13: 0 | I13: 1 | J13: 0 | K13: 0 | L13: 0 | M13: 11 | N13: 0 | O13: =SUM(C13:L13,N13) -> 2 | P13: =SUM(C13:N13) -> 13 | R13: 1000-1100 | S13: =SUM(C22:C25) -> 3 | T13: =SUM(D22:D25) -> 0 | U13: =SUM(E22:E25) -> 7 | V13: =SUM(F22:F25) -> 2 | W13: =SUM(G22:G25) -> 0 | X13: =SUM(H22:H25) -> 0 | Y13: =SUM(I22:I25) -> 4 | Z13: =SUM(J22:J25) -> 0 | ... AF13: =SUM(P22:P25) -> 76
B14: 08.00 - 08.15 | C14: 0 | D14: 0 | E14: 0 | F14: 1 | G14: 0 | H14: 0 | I14: 1 | J14: 0 | K14: 0 | L14: 0 | M14: 11 | N14: 0 | O14: =SUM(C14:L14,N14) -> 2 | P14: =SUM(C14:N14) -> 13 | R14: 1100-1200 | S14: =SUM(C26:C29) -> 5 | T14: =SUM(D26:D29) -> 0 | U14: =SUM(E26:E29) -> 4 | V14: =SUM(F26:F29) -> 0 | W14: =SUM(G26:G29) -> 1 | X14: =SUM(H26:H29) -> 0 | Y14: =SUM(I26:I29) -> 3 | Z14: =SUM(J26:J29) -> 1 | ... AF14: =SUM(P26:P29) -> 68
B15: 08.15 - 08.30 | C15: 1 | D15: 0 | E15: 0 | F15: 1 | G15: 0 | H15: 0 | I15: 0 | J15: 0 | K15: 0 | L15: 0 | M15: 8 | N15: 0 | O15: =SUM(C15:L15,N15) -> 2 | P15: =SUM(C15:N15) -> 10 | R15: 1200-1300 | S15: =SUM(C30:C33) -> 4 | T15: =SUM(D30:D33) -> 0 | U15: =SUM(E30:E33) -> 6 | V15: =SUM(F30:F33) -> 2 | W15: =SUM(G30:G33) -> 0 | X15: =SUM(H30:H33) -> 0 | Y15: =SUM(I30:I33) -> 11 | Z15: =SUM(J30:J33) -> 0 | ... AF15: =SUM(P30:P33) -> 75
B16: 08.30 - 08.45 | C16: 0 | D16: 0 | E16: 0 | F16: 0 | G16: 0 | H16: 0 | I16: 0 | J16: 0 | K16: 0 | L16: 0 | M16: 10 | N16: 0 | O16: =SUM(C16:L16,N16) -> 0 | P16: =SUM(C16:N16) -> 10 | R16: 1300-1400 | S16: =SUM(C34:C37) -> 6 | T16: =SUM(D34:D37) -> 0 | U16: =SUM(E34:E37) -> 1 | V16: =SUM(F34:F37) -> 2 | W16: =SUM(G34:G37) -> 0 | X16: =SUM(H34:H37) -> 0 | Y16: =SUM(I34:I37) -> 5 | Z16: =SUM(J34:J37) -> 0 | ... AF16: =SUM(P34:P37) -> 57
B17: 08.45 - 9.00 | C17: 0 | D17: 0 | E17: 0 | F17: 0 | G17: 0 | H17: 0 | I17: 1 | J17: 0 | K17: 0 | L17: 0 | M17: 12 | N17: 0 | O17: =SUM(C17:L17,N17) -> 1 | P17: =SUM(C17:N17) -> 13 | R17: 1400-1500 | S17: =SUM(C38:C41) -> 3 | T17: =SUM(D38:D41) -> 0 | U17: =SUM(E38:E41) -> 4 | V17: =SUM(F38:F41) -> 1 | W17: =SUM(G38:G41) -> 0 | X17: =SUM(H38:H41) -> 0 | Y17: =SUM(I38:I41) -> 5 | Z17: =SUM(J38:J41) -> 0 | ... AF17: =SUM(P38:P41) -> 66
B18: 09.00 - 09.15 | C18: 0 | D18: 0 | E18: 0 | F18: 0 | G18: 0 | H18: 0 | I18: 2 | J18: 0 | K18: 0 | L18: 0 | M18: 13 | N18: 0 | O18: =SUM(C18:L18,N18) -> 2 | P18: =SUM(C18:N18) -> 15 | R18: 1500-1600 | S18: =SUM(C42:C45) -> 4 | T18: =SUM(D42:D45) -> 0 | U18: =SUM(E42:E45) -> 3 | V18: =SUM(F42:F45) -> 1 | W18: =SUM(G42:G45) -> 0 | X18: =SUM(H42:H45) -> 0 | Y18: =SUM(I42:I45) -> 5 | Z18: =SUM(J42:J45) -> 1 | ... AF18: =SUM(P42:P45) -> 66
B19: 09.15 - 09.30 | C19: 1 | D19: 0 | E19: 0 | F19: 0 | G19: 0 | H19: 0 | I19: 1 | J19: 0 | K19: 0 | L19: 0 | M19: 17 | N19: 0 | O19: =SUM(C19:L19,N19) -> 2 | P19: =SUM(C19:N19) -> 19 | R19: 1600-1700 | S19: =SUM(C46:C49) -> 3 | T19: =SUM(D46:D49) -> 0 | U19: =SUM(E46:E49) -> 2 | V19: =SUM(F46:F49) -> 2 | W19: =SUM(G46:G49) -> 0 | X19: =SUM(H46:H49) -> 0 | Y19: =SUM(I46:I49) -> 5 | Z19: =SUM(J46:J49) -> 0 | ... AF19: =SUM(P46:P49) -> 53
B20: 09.30 - 09.45 | C20: 1 | D20: 0 | E20: 1 | F20: 0 | G20: 0 | H20: 0 | I20: 1 | J20: 0 | K20: 0 | L20: 0 | M20: 13 | N20: 0 | O20: =SUM(C20:L20,N20) -> 3 | P20: =SUM(C20:N20) -> 16 | R20: 1700-1800 | S20: =SUM(C50:C53) -> 4 | T20: =SUM(D50:D53) -> 0 | U20: =SUM(E50:E53) -> 3 | V20: =SUM(F50:F53) -> 1 | W20: =SUM(G50:G53) -> 1 | X20: =SUM(H50:H53) -> 0 | Y20: =SUM(I50:I53) -> 8 | Z20: =SUM(J50:J53) -> 0 | ... AF20: =SUM(P50:P53) -> 77
B21: 09.45 - 10.00 | C21: 0 | D21: 0 | E21: 1 | F21: 0 | G21: 0 | H21: 0 | I21: 1 | J21: 0 | K21: 0 | L21: 0 | M21: 8 | N21: 0 | O21: =SUM(C21:L21,N21) -> 2 | P21: =SUM(C21:N21) -> 10 | R21: 1800-1900 | S21: =SUM(C54:C57) -> 7 | T21: =SUM(D54:D57) -> 0 | U21: =SUM(E54:E57) -> 1 | V21: =SUM(F54:F57) -> 4 | W21: =SUM(G54:G57) -> 0 | X21: =SUM(H54:H57) -> 0 | Y21: =SUM(I54:I57) -> 3 | Z21: =SUM(J54:J57) -> 0 | ... AF21: =SUM(P54:P57) -> 77
B22: 10.00 - 10.15 | C22: 0 | D22: 0 | E22: 0 | F22: 0 | G22: 0 | H22: 0 | I22: 0 | J22: 0 | K22: 0 | L22: 0 | M22: 17 | N22: 0 | O22: =SUM(C22:L22,N22) -> 0 | P22: =SUM(C22:N22) -> 17 | R22: AM Peak Hr | S22: =MAX(S10:S12) -> 3 | T22: =MAX(T10:T12) -> 0 | U22: =MAX(U10:U12) -> 3 | V22: =MAX(V10:V12) -> 2 | W22: =MAX(W10:W12) -> 1 | X22: =MAX(X10:X12) -> 0 | Y22: =MAX(Y10:Y12) -> 5 | Z22: =MAX(Z10:Z12) -> 0 | ... AF22: =MAX(AF10:AF12) -> 60
B23: 10.15 - 10.30 | C23: 1 | D23: 0 | E23: 5 | F23: 0 | G23: 0 | H23: 0 | I23: 3 | J23: 0 | K23: 0 | L23: 0 | M23: 18 | N23: 0 | O23: =SUM(C23:L23,N23) -> 9 | P23: =SUM(C23:N23) -> 27 | R23: IP Peak Hr | S23: =MAX(S13:S18) -> 6 | T23: =MAX(T13:T18) -> 0 | U23: =MAX(U13:U18) -> 7 | V23: =MAX(V13:V18) -> 2 | W23: =MAX(W13:W18) -> 1 | X23: =MAX(X13:X18) -> 0 | Y23: =MAX(Y13:Y18) -> 11 | Z23: =MAX(Z13:Z18) -> 1 | ... AF23: =MAX(AF13:AF18) -> 76
B24: 10.30 - 10.45 | C24: 1 | D24: 0 | E24: 1 | F24: 2 | G24: 0 | H24: 0 | I24: 1 | J24: 0 | K24: 0 | L24: 0 | M24: 14 | N24: 0 | O24: =SUM(C24:L24,N24) -> 5 | P24: =SUM(C24:N24) -> 19 | R24: PM Peak Hr | S24: =MAX(S19:S21) -> 7 | T24: =MAX(T19:T21) -> 0 | U24: =MAX(U19:U21) -> 3 | V24: =MAX(V19:V21) -> 4 | W24: =MAX(W19:W21) -> 1 | X24: =MAX(X19:X21) -> 0 | Y24: =MAX(Y19:Y21) -> 8 | Z24: =MAX(Z19:Z21) -> 0 | ... AF24: =MAX(AF19:AF21) -> 77
B25: 10.45 - 11.00 | C25: 1 | D25: 0 | E25: 1 | F25: 0 | G25: 0 | H25: 0 | I25: 0 | J25: 0 | K25: 0 | L25: 0 | M25: 11 | N25: 0 | O25: =SUM(C25:L25,N25) -> 2 | P25: =SUM(C25:N25) -> 13 | R25: AM Period | S25: =SUM(S10:S12) -> 6 | T25: =SUM(T10:T12) -> 0 | U25: =SUM(U10:U12) -> 5 | V25: =SUM(V10:V12) -> 3 | W25: =SUM(W10:W12) -> 1 | X25: =SUM(X10:X12) -> 0 | Y25: =SUM(Y10:Y12) -> 9 | Z25: =SUM(Z10:Z12) -> 0 | ... AF25: =SUM(AF10:AF12) -> 159
B26: 11.00 - 11.15 | C26: 0 | D26: 0 | E26: 2 | F26: 0 | G26: 0 | H26: 0 | I26: 1 | J26: 0 | K26: 0 | L26: 0 | M26: 12 | N26: 0 | O26: =SUM(C26:L26,N26) -> 3 | P26: =SUM(C26:N26) -> 15 | R26: IP Period | S26: =SUM(S13:S18) -> 25 | T26: =SUM(T13:T18) -> 0 | U26: =SUM(U13:U18) -> 25 | V26: =SUM(V13:V18) -> 8 | W26: =SUM(W13:W18) -> 1 | X26: =SUM(X13:X18) -> 0 | Y26: =SUM(Y13:Y18) -> 33 | Z26: =SUM(Z13:Z18) -> 2 | ... AF26: =SUM(AF13:AF18) -> 408
B27: 11.15 - 11.30 | C27: 2 | D27: 0 | E27: 0 | F27: 0 | G27: 0 | H27: 0 | I27: 1 | J27: 1 | K27: 0 | L27: 0 | M27: 14 | N27: 0 | O27: =SUM(C27:L27,N27) -> 4 | P27: =SUM(C27:N27) -> 18 | R27: PM Period | S27: =SUM(S19:S21) -> 14 | T27: =SUM(T19:T21) -> 0 | U27: =SUM(U19:U21) -> 6 | V27: =SUM(V19:V21) -> 7 | W27: =SUM(W19:W21) -> 1 | X27: =SUM(X19:X21) -> 0 | Y27: =SUM(Y19:Y21) -> 16 | Z27: =SUM(Z19:Z21) -> 0 | ... AF27: =SUM(AF19:AF21) -> 207
B28: 11.30 - 11.45 | C28: 1 | D28: 0 | E28: 2 | F28: 0 | G28: 0 | H28: 0 | I28: 0 | J28: 0 | K28: 0 | L28: 0 | M28: 12 | N28: 0 | O28: =SUM(C28:L28,N28) -> 3 | P28: =SUM(C28:N28) -> 15 | R28: 12 Hours | S28: =SUM(S10:S21) -> 45 | T28: =SUM(T10:T21) -> 0 | U28: =SUM(U10:U21) -> 36 | V28: =SUM(V10:V21) -> 18 | W28: =SUM(W10:W21) -> 3 | X28: =SUM(X10:X21) -> 0 | Y28: =SUM(Y10:Y21) -> 58 | Z28: =SUM(Z10:Z21) -> 2 | ... AF28: =SUM(AF10:AF21) -> 774
B29: 11.45 - 12.00 | C29: 2 | D29: 0 | E29: 0 | F29: 0 | G29: 1 | H29: 0 | I29: 1 | J29: 0 | K29: 0 | L29: 0 | M29: 16 | N29: 0 | O29: =SUM(C29:L29,N29) -> 4 | P29: =SUM(C29:N29) -> 20
B30: 12.00 - 12.15 | C30: 2 | D30: 0 | E30: 0 | F30: 1 | G30: 0 | H30: 0 | I30: 3 | J30: 0 | K30: 0 | L30: 0 | M30: 9 | N30: 0 | O30: =SUM(C30:L30,N30) -> 6 | P30: =SUM(C30:N30) -> 15
B31: 12.15 - 12.30 | C31: 1 | D31: 0 | E31: 2 | F31: 0 | G31: 0 | H31: 0 | I31: 5 | J31: 0 | K31: 0 | L31: 0 | M31: 15 | N31: 0 | O31: =SUM(C31:L31,N31) -> 8 | P31: =SUM(C31:N31) -> 23
B32: 12.30 - 12.45 | C32: 1 | D32: 0 | E32: 2 | F32: 0 | G32: 0 | H32: 0 | I32: 1 | J32: 0 | K32: 0 | L32: 0 | M32: 11 | N32: 0 | O32: =SUM(C32:L32,N32) -> 4 | P32: =SUM(C32:N32) -> 15
B33: 12.45 - 13.00 | C33: 0 | D33: 0 | E33: 2 | F33: 1 | G33: 0 | H33: 0 | I33: 2 | J33: 0 | K33: 0 | L33: 0 | M33: 17 | N33: 0 | O33: =SUM(C33:L33,N33) -> 5 | P33: =SUM(C33:N33) -> 22
B34: 13.00 - 13.15 | C34: 3 | D34: 0 | E34: 0 | F34: 0 | G34: 0 | H34: 0 | I34: 0 | J34: 0 | K34: 0 | L34: 0 | M34: 9 | N34: 0 | O34: =SUM(C34:L34,N34) -> 3 | P34: =SUM(C34:N34) -> 12
B35: 13.15 - 13.30 | C35: 1 | D35: 0 | E35: 0 | F35: 1 | G35: 0 | H35: 0 | I35: 0 | J35: 0 | K35: 0 | L35: 0 | M35: 10 | N35: 0 | O35: =SUM(C35:L35,N35) -> 2 | P35: =SUM(C35:N35) -> 12
B36: 13.30 - 13.45 | C36: 0 | D36: 0 | E36: 0 | F36: 1 | G36: 0 | H36: 0 | I36: 3 | J36: 0 | K36: 0 | L36: 0 | M36: 16 | N36: 0 | O36: =SUM(C36:L36,N36) -> 4 | P36: =SUM(C36:N36) -> 20
B37: 13.45 - 14.00 | C37: 2 | D37: 0 | E37: 1 | F37: 0 | G37: 0 | H37: 0 | I37: 2 | J37: 0 | K37: 0 | L37: 0 | M37: 8 | N37: 0 | O37: =SUM(C37:L37,N37) -> 5 | P37: =SUM(C37:N37) -> 13
B38: 14.00 - 14.15 | C38: 1 | D38: 0 | E38: 1 | F38: 0 | G38: 0 | H38: 0 | I38: 1 | J38: 0 | K38: 0 | L38: 0 | M38: 12 | N38: 0 | O38: =SUM(C38:L38,N38) -> 3 | P38: =SUM(C38:N38) -> 15
B39: 14.15 - 14.30 | C39: 1 | D39: 0 | E39: 0 | F39: 1 | G39: 0 | H39: 0 | I39: 3 | J39: 0 | K39: 0 | L39: 0 | M39: 14 | N39: 0 | O39: =SUM(C39:L39,N39) -> 5 | P39: =SUM(C39:N39) -> 19
B40: 14.30 - 14.45 | C40: 0 | D40: 0 | E40: 2 | F40: 0 | G40: 0 | H40: 0 | I40: 1 | J40: 0 | K40: 0 | L40: 0 | M40: 11 | N40: 0 | O40: =SUM(C40:L40,N40) -> 3 | P40: =SUM(C40:N40) -> 14
... B57: 18.45 - 19.00 | C57: 1 | D57: 0 | E57: 0 | F57: 1 | G57: 0 | H57: 0 | I57: 1 | J57: 0 | K57: 0 | L57: 0 | M57: 19 | N57: 0 | O57: =SUM(C57:L57,N57) -> 3 | P57: =SUM(C57:N57) -> 22
B58: Totals | C58: =SUM(C10:C57) -> 45 | D58: =SUM(D10:D57) -> 0 | E58: =SUM(E10:E57) -> 36 | F58: =SUM(F10:F57) -> 18 | G58: =SUM(G10:G57) -> 3 | H58: =SUM(H10:H57) -> 0 | I58: =SUM(I10:I57) -> 58 | J58: =SUM(J10:J57) -> 2 | ... P58: =SUM(P10:P57) -> 774
B59: %ges + MCs | C59: =C58/$P$58 -> 0.058139535 | D59: =D58/$P$58 -> 0 | E59: =E58/$P$58 -> 0.046511628 | F59: =F58/$P$58 -> 0.023255814 | G59: =G58/$P$58 -> 0.003875969 | H59: =H58/$P$58 -> 0 | I59: =I58/$P$58 -> 0.074935401 | J59: =J58/$P$58 -> 0.0025839793 | ... N59: =N58/$P$58 -> 0
B60: %ges w/o MCs | C60: =C58/$O$58 -> 0.27607362 | D60: =D58/$O$58 -> 0 | E60: =E58/$O$58 -> 0.2208589 | F60: =F58/$O$58 -> 0.11042945 | G60: =G58/$O$58 -> 0.018404908 | H60: =H58/$O$58 -> 0 | I60: =I58/$O$58 -> 0.35582822 | J60: =J58/$O$58 -> 0.012269939 | ... L60: =L58/$O$58 -> 0 | N60: =N58/$O$58 -> 0

Sheet 16.08 BUSUNJU-KAMPALA-24h
B1: Consultancy services for Preparation of Expressway Development Master Plan (EDMP) for Uganda
B2: MANUAL CLASSIFIED COUNT (MCC)
B3: ROAD NAME: | C3: ='11.08 BUSUNJU-KAMPALA'!C3:G3 -> MCC - C3 - STN85 - HOIMA ROAD
C5: Date | D5: 16.08.19 | F5: Location | G5: ='14.08 KAMPALA-BUSUNJU'!G5:H5 -> MATTE | J5: Surveyor | K5: ='14.08 KAMPALA-BUSUNJU'!K5:L5 -> xxx
C6: Dir. From | D6: ='11.08 BUSUNJU-KAMPALA'!D6:E6 -> BUSUNJU | F6: Dir. To | G6: ='11.08 BUSUNJU-KAMPALA'!G6:H6 -> KAMPALA | J6: Supervisor | K6: ='14.08 KAMPALA-BUSUNJU'!K6:L6 -> xxx
B8: Time / Veh Type | R8: SUMMARY TRAFFIC VOLUMES
C9: 1. Car | D9: 2. Station Wagon | E9: 3. Pickups | F9: 4. Minibus, matatu | G9: 5. Medium bus | H9: 6. Large Bus | I9: 7. Light Truck | J9: 8. Medium Truck | K9: 9. Heavy truck | L9: 10. Truck Trailer | M9: 11. Motor cycles | N9: 12. Tractors | O9: Total Excl M/Cycles | P9: Total All | R9: Time | S9: 1. Car | T9: 2. Station Wagon | U9: 3. Pickups | V9: 4. Minibus, matatu | W9: 5. Medium bus | X9: 6. Large Bus | Y9: 7. Light Truck | Z9: 8. Medium Truck | AA9: 9. Heavy truck | AB9: 10. Truck Trailer | AC9: 11. Motorcycles | AD9: 12. Tractors, Graders | AE9: Total Excl M/ Cycles | AF9: Total All
B10: 07.00 - 07.15 | C10: 0 | D10: 2 | E10: 0 | F10: 0 | G10: 0 | H10: 0 | I10: 0 | J10: 0 | K10: 0 | L10: 0 | M10: 13 | N10: 0 | O10: =SUM(C10:L10,N10) -> 2 | P10: =SUM(C10:N10) -> 15 | R10: 0700-0800 | S10: =SUM(C10:C13) -> 1 | T10: =SUM(D10:D13) -> 4 | U10: =SUM(E10:E13) -> 0 | V10: =SUM(F10:F13) -> 0 | W10: =SUM(G10:G13) -> 0 | X10: =SUM(H10:H13) -> 0 | Y10: =SUM(I10:I13) -> 1 | Z10: =SUM(J10:J13) -> 0 | ... AF10: =SUM(P10:P13) -> 46
B11: 07.15 - 07.30 | C11: 0 | D11: 1 | E11: 0 | F11: 0 | G11: 0 | H11: 0 | I11: 1 | J11: 0 | K11: 0 | L11: 0 | M11: 9 | N11: 0 | O11: =SUM(C11:L11,N11) -> 2 | P11: =SUM(C11:N11) -> 11 | R11: 0800-0900 | S11: =SUM(C14:C17) -> 1 | T11: =SUM(D14:D17) -> 3 | U11: =SUM(E14:E17) -> 3 | V11: =SUM(F14:F17) -> 0 | W11: =SUM(G14:G17) -> 0 | X11: =SUM(H14:H17) -> 0 | Y11: =SUM(I14:I17) -> 2 | Z11: =SUM(J14:J17) -> 0 | ... AF11: =SUM(P14:P17) -> 76
B12: 07.30 - 07.45 | C12: 0 | D12: 1 | E12: 0 | F12: 0 | G12: 0 | H12: 0 | I12: 0 | J12: 0 | K12: 0 | L12: 0 | M12: 10 | N12: 0 | O12: =SUM(C12:L12,N12) -> 1 | P12: =SUM(C12:N12) -> 11 | R12: 0900-1000 | S12: =SUM(C18:C21) -> 4 | T12: =SUM(D18:D21) -> 5 | U12: =SUM(E18:E21) -> 0 | V12: =SUM(F18:F21) -> 0 | W12: =SUM(G18:G21) -> 0 | X12: =SUM(H18:H21) -> 0 | Y12: =SUM(I18:I21) -> 3 | Z12: =SUM(J18:J21) -> 0 | ... AF12: =SUM(P18:P21) -> 68
B13: 07.45 - 08.00 | C13: 1 | D13: 0 | E13: 0 | F13: 0 | G13: 0 | H13: 0 | I13: 0 | J13: 0 | K13: 0 | L13: 0 | M13: 8 | N13: 0 | O13: =SUM(C13:L13,N13) -> 1 | P13: =SUM(C13:N13) -> 9 | R13: 1000-1100 | S13: =SUM(C22:C25) -> 2 | T13: =SUM(D22:D25) -> 5 | U13: =SUM(E22:E25) -> 3 | V13: =SUM(F22:F25) -> 0 | W13: =SUM(G22:G25) -> 0 | X13: =SUM(H22:H25) -> 0 | Y13: =SUM(I22:I25) -> 6 | Z13: =SUM(J22:J25) -> 0 | ... AF13: =SUM(P22:P25) -> 81
B14: 08.00 - 08.15 | C14: 0 | D14: 1 | E14: 0 | F14: 0 | G14: 0 | H14: 0 | I14: 1 | J14: 0 | K14: 0 | L14: 0 | M14: 14 | N14: 0 | O14: =SUM(C14:L14,N14) -> 2 | P14: =SUM(C14:N14) -> 16 | R14: 1100-1200 | S14: =SUM(C26:C29) -> 2 | T14: =SUM(D26:D29) -> 0 | U14: =SUM(E26:E29) -> 2 | V14: =SUM(F26:F29) -> 0 | W14: =SUM(G26:G29) -> 0 | X14: =SUM(H26:H29) -> 0 | Y14: =SUM(I26:I29) -> 4 | Z14: =SUM(J26:J29) -> 0 | ... AF14: =SUM(P26:P29) -> 84
B15: 08.15 - 08.30 | C15: 0 | D15: 0 | E15: 2 | F15: 0 | G15: 0 | H15: 0 | I15: 0 | J15: 0 | K15: 0 | L15: 0 | M15: 17 | N15: 0 | O15: =SUM(C15:L15,N15) -> 2 | P15: =SUM(C15:N15) -> 19 | R15: 1200-1300 | S15: =SUM(C30:C33) -> 1 | T15: =SUM(D30:D33) -> 4 | U15: =SUM(E30:E33) -> 1 | V15: =SUM(F30:F33) -> 0 | W15: =SUM(G30:G33) -> 0 | X15: =SUM(H30:H33) -> 0 | Y15: =SUM(I30:I33) -> 4 | Z15: =SUM(J30:J33) -> 0 | ... AF15: =SUM(P30:P33) -> 63
B16: 08.30 - 08.45 | C16: 0 | D16: 2 | E16: 1 | F16: 0 | G16: 0 | H16: 0 | I16: 1 | J16: 0 | K16: 0 | L16: 0 | M16: 21 | N16: 0 | O16: =SUM(C16:L16,N16) -> 4 | P16: =SUM(C16:N16) -> 25 | R16: 1300-1400 | S16: =SUM(C34:C37) -> 1 | T16: =SUM(D34:D37) -> 5 | U16: =SUM(E34:E37) -> 1 | V16: =SUM(F34:F37) -> 0 | W16: =SUM(G34:G37) -> 0 | X16: =SUM(H34:H37) -> 0 | Y16: =SUM(I34:I37) -> 4 | Z16: =SUM(J34:J37) -> 0 | ... AF16: =SUM(P34:P37) -> 70
B17: 08.45 - 9.00 | C17: 1 | D17: 0 | E17: 0 | F17: 0 | G17: 0 | H17: 0 | I17: 0 | J17: 0 | K17: 0 | L17: 0 | M17: 15 | N17: 0 | O17: =SUM(C17:L17,N17) -> 1 | P17: =SUM(C17:N17) -> 16 | R17: 1400-1500 | S17: =SUM(C38:C41) -> 7 | T17: =SUM(D38:D41) -> 7 | U17: =SUM(E38:E41) -> 1 | V17: =SUM(F38:F41) -> 0 | W17: =SUM(G38:G41) -> 0 | X17: =SUM(H38:H41) -> 0 | Y17: =SUM(I38:I41) -> 3 | Z17: =SUM(J38:J41) -> 0 | ... AF17: =SUM(P38:P41) -> 63
B18: 09.00 - 09.15 | C18: 2 | D18: 3 | E18: 0 | F18: 0 | G18: 0 | H18: 0 | I18: 1 | J18: 0 | K18: 0 | L18: 0 | M18: 19 | N18: 0 | O18: =SUM(C18:L18,N18) -> 6 | P18: =SUM(C18:N18) -> 25 | R18: 1500-1600 | S18: =SUM(C42:C45) -> 7 | T18: =SUM(D42:D45) -> 7 | U18: =SUM(E42:E45) -> 1 | V18: =SUM(F42:F45) -> 0 | W18: =SUM(G42:G45) -> 0 | X18: =SUM(H42:H45) -> 0 | Y18: =SUM(I42:I45) -> 5 | Z18: =SUM(J42:J45) -> 0 | ... AF18: =SUM(P42:P45) -> 65
B19: 09.15 - 09.30 | C19: 2 | D19: 2 | E19: 0 | F19: 0 | G19: 0 | H19: 0 | I19: 0 | J19: 0 | K19: 0 | L19: 0 | M19: 11 | N19: 0 | O19: =SUM(C19:L19,N19) -> 4 | P19: =SUM(C19:N19) -> 15 | R19: 1600-1700 | S19: =SUM(C46:C49) -> 8 | T19: =SUM(D46:D49) -> 4 | U19: =SUM(E46:E49) -> 1 | V19: =SUM(F46:F49) -> 0 | W19: =SUM(G46:G49) -> 0 | X19: =SUM(H46:H49) -> 0 | Y19: =SUM(I46:I49) -> 4 | Z19: =SUM(J46:J49) -> 1 | ... AF19: =SUM(P46:P49) -> 76
B20: 09.30 - 09.45 | C20: 0 | D20: 0 | E20: 0 | F20: 0 | G20: 0 | H20: 0 | I20: 2 | J20: 0 | K20: 0 | L20: 0 | M20: 15 | N20: 0 | O20: =SUM(C20:L20,N20) -> 2 | P20: =SUM(C20:N20) -> 17 | R20: 1700-1800 | S20: =SUM(C50:C53) -> 1 | T20: =SUM(D50:D53) -> 3 | U20: =SUM(E50:E53) -> 1 | V20: =SUM(F50:F53) -> 0 | W20: =SUM(G50:G53) -> 0 | X20: =SUM(H50:H53) -> 0 | Y20: =SUM(I50:I53) -> 4 | Z20: =SUM(J50:J53) -> 0 | ... AF20: =SUM(P50:P53) -> 60
B21: 09.45 - 10.00 | C21: 0 | D21: 0 | E21: 0 | F21: 0 | G21: 0 | H21: 0 | I21: 0 | J21: 0 | K21: 0 | L21: 0 | M21: 11 | N21: 0 | O21: =SUM(C21:L21,N21) -> 0 | P21: =SUM(C21:N21) -> 11 | R21: 1800-1900 | S21: =SUM(C54:C57) -> 3 | T21: =SUM(D54:D57) -> 8 | U21: =SUM(E54:E57) -> 1 | V21: =SUM(F54:F57) -> 1 | W21: =SUM(G54:G57) -> 0 | X21: =SUM(H54:H57) -> 0 | Y21: =SUM(I54:I57) -> 4 | Z21: =SUM(J54:J57) -> 0 | ... AF21: =SUM(P54:P57) -> 74
B22: 10.00 - 10.15 | C22: 0 | D22: 2 | E22: 0 | F22: 0 | G22: 0 | H22: 0 | I22: 1 | J22: 0 | K22: 0 | L22: 0 | M22: 15 | N22: 0 | O22: =SUM(C22:L22,N22) -> 3 | P22: =SUM(C22:N22) -> 18 | R22: 1900-2000 | S22: =SUM(C58:C61) -> 4 | T22: =SUM(D58:D61) -> 0 | U22: =SUM(E58:E61) -> 1 | V22: =SUM(F58:F61) -> 0 | W22: =SUM(G58:G61) -> 0 | X22: =SUM(H58:H61) -> 0 | Y22: =SUM(I58:I61) -> 1 | Z22: =SUM(J58:J61) -> 0 | ... AF22: =SUM(P58:P61) -> 42
B23: 10.15 - 10.30 | C23: 1 | D23: 1 | E23: 2 | F23: 0 | G23: 0 | H23: 0 | I23: 1 | J23: 0 | K23: 0 | L23: 0 | M23: 14 | N23: 0 | O23: =SUM(C23:L23,N23) -> 5 | P23: =SUM(C23:N23) -> 19 | R23: 2000-2100 | S23: =SUM(C62:C65) -> 4 | T23: =SUM(D62:D65) -> 0 | U23: =SUM(E62:E65) -> 2 | V23: =SUM(F62:F65) -> 0 | W23: =SUM(G62:G65) -> 0 | X23: =SUM(H62:H65) -> 0 | Y23: =SUM(I62:I65) -> 3 | Z23: =SUM(J62:J65) -> 0 | ... AF23: =SUM(P62:P65) -> 57
B24: 10.30 - 10.45 | C24: 0 | D24: 1 | E24: 1 | F24: 0 | G24: 0 | H24: 0 | I24: 2 | J24: 0 | K24: 0 | L24: 0 | M24: 18 | N24: 0 | O24: =SUM(C24:L24,N24) -> 4 | P24: =SUM(C24:N24) -> 22 | R24: 2100-2200 | S24: =SUM(C66:C69) -> 1 | T24: =SUM(D66:D69) -> 0 | U24: =SUM(E66:E69) -> 1 | V24: =SUM(F66:F69) -> 0 | W24: =SUM(G66:G69) -> 0 | X24: =SUM(H66:H69) -> 0 | Y24: =SUM(I66:I69) -> 2 | Z24: =SUM(J66:J69) -> 0 | ... AF24: =SUM(P66:P69) -> 52
B25: 10.45 - 11.00 | C25: 1 | D25: 1 | E25: 0 | F25: 0 | G25: 0 | H25: 0 | I25: 2 | J25: 0 | K25: 0 | L25: 0 | M25: 18 | N25: 0 | O25: =SUM(C25:L25,N25) -> 4 | P25: =SUM(C25:N25) -> 22 | R25: 2200-2300 | S25: =SUM(C70:C73) -> 1 | T25: =SUM(D70:D73) -> 0 | U25: =SUM(E70:E73) -> 2 | V25: =SUM(F70:F73) -> 0 | W25: =SUM(G70:G73) -> 1 | X25: =SUM(H70:H73) -> 0 | Y25: =SUM(I70:I73) -> 3 | Z25: =SUM(J70:J73) -> 0 | ... AF25: =SUM(P70:P73) -> 47
B26: 11.00 - 11.15 | C26: 1 | D26: 0 | E26: 1 | F26: 0 | G26: 0 | H26: 0 | I26: 0 | J26: 0 | K26: 0 | L26: 0 | M26: 16 | N26: 0 | O26: =SUM(C26:L26,N26) -> 2 | P26: =SUM(C26:N26) -> 18 | R26: 2300-0000 | S26: =SUM(C74:C77) -> 3 | T26: =SUM(D74:D77) -> 0 | U26: =SUM(E74:E77) -> 1 | V26: =SUM(F74:F77) -> 0 | W26: =SUM(G74:G77) -> 0 | X26: =SUM(H74:H77) -> 0 | Y26: =SUM(I74:I77) -> 2 | Z26: =SUM(J74:J77) -> 0 | ... AF26: =SUM(P74:P77) -> 42
B27: 11.15 - 11.30 | C27: 0 | D27: 0 | E27: 0 | F27: 0 | G27: 0 | H27: 0 | I27: 1 | J27: 0 | K27: 0 | L27: 0 | M27: 14 | N27: 0 | O27: =SUM(C27:L27,N27) -> 1 | P27: =SUM(C27:N27) -> 15 | R27: 0000-0100 | S27: =SUM(C78:C81) -> 1 | T27: =SUM(D78:D81) -> 0 | U27: =SUM(E78:E81) -> 1 | V27: =SUM(F78:F81) -> 0 | W27: =SUM(G78:G81) -> 0 | X27: =SUM(H78:H81) -> 0 | Y27: =SUM(I78:I81) -> 2 | Z27: =SUM(J78:J81) -> 0 | ... AF27: =SUM(P78:P81) -> 29
B28: 11.30 - 11.45 | C28: 0 | D28: 0 | E28: 0 | F28: 0 | G28: 0 | H28: 0 | I28: 1 | J28: 0 | K28: 0 | L28: 0 | M28: 19 | N28: 0 | O28: =SUM(C28:L28,N28) -> 1 | P28: =SUM(C28:N28) -> 20 | R28: 0100-0200 | S28: =SUM(C82:C85) -> 0 | T28: =SUM(D82:D85) -> 0 | U28: =SUM(E82:E85) -> 0 | V28: =SUM(F82:F85) -> 0 | W28: =SUM(G82:G85) -> 0 | X28: =SUM(H82:H85) -> 0 | Y28: =SUM(I82:I85) -> 0 | Z28: =SUM(J82:J85) -> 0 | ... AF28: =SUM(P82:P85) -> 16
B29: 11.45 - 12.00 | C29: 1 | D29: 0 | E29: 1 | F29: 0 | G29: 0 | H29: 0 | I29: 2 | J29: 0 | K29: 0 | L29: 0 | M29: 27 | N29: 0 | O29: =SUM(C29:L29,N29) -> 4 | P29: =SUM(C29:N29) -> 31 | R29: 0200-0300 | S29: =SUM(C86:C89) -> 0 | T29: =SUM(D86:D89) -> 0 | U29: =SUM(E86:E89) -> 0 | V29: =SUM(F86:F89) -> 0 | W29: =SUM(G86:G89) -> 0 | X29: =SUM(H86:H89) -> 0 | Y29: =SUM(I86:I89) -> 0 | Z29: =SUM(J86:J89) -> 0 | ... AF29: =SUM(P86:P89) -> 12
B30: 12.00 - 12.15 | C30: 0 | D30: 1 | E30: 1 | F30: 0 | G30: 0 | H30: 0 | I30: 1 | J30: 0 | K30: 0 | L30: 0 | M30: 16 | N30: 0 | O30: =SUM(C30:L30,N30) -> 3 | P30: =SUM(C30:N30) -> 19 | R30: 0300-0400 | S30: =SUM(C90:C93) -> 1 | T30: =SUM(D90:D93) -> 0 | U30: =SUM(E90:E93) -> 1 | V30: =SUM(F90:F93) -> 0 | W30: =SUM(G90:G93) -> 0 | X30: =SUM(H90:H93) -> 0 | Y30: =SUM(I90:I93) -> 2 | Z30: =SUM(J90:J93) -> 0 | ... AF30: =SUM(P90:P93) -> 21
B31: 12.15 - 12.30 | C31: 1 | D31: 0 | E31: 0 | F31: 0 | G31: 0 | H31: 0 | I31: 1 | J31: 0 | K31: 0 | L31: 0 | M31: 14 | N31: 0 | O31: =SUM(C31:L31,N31) -> 2 | P31: =SUM(C31:N31) -> 16 | R31: 0400-0500 | S31: =SUM(C94:C97) -> 4 | T31: =SUM(D94:D97) -> 0 | U31: =SUM(E94:E97) -> 3 | V31: =SUM(F94:F97) -> 1 | W31: =SUM(G94:G97) -> 0 | X31: =SUM(H94:H97) -> 0 | Y31: =SUM(I94:I97) -> 2 | Z31: =SUM(J94:J97) -> 0 | ... AF31: =SUM(P94:P97) -> 48
B32: 12.30 - 12.45 | C32: 0 | D32: 2 | E32: 0 | F32: 0 | G32: 0 | H32: 0 | I32: 1 | J32: 0 | K32: 0 | L32: 0 | M32: 10 | N32: 0 | O32: =SUM(C32:L32,N32) -> 3 | P32: =SUM(C32:N32) -> 13 | R32: 0500-0600 | S32: =SUM(C98:C101) -> 4 | T32: =SUM(D98:D101) -> 0 | U32: =SUM(E98:E101) -> 4 | V32: =SUM(F98:F101) -> 2 | W32: =SUM(G98:G101) -> 0 | X32: =SUM(H98:H101) -> 0 | Y32: =SUM(I98:I101) -> 4 | Z32: =SUM(J98:J101) -> 0 | ... AF32: =SUM(P98:P101) -> 60
B33: 12.45 - 13.00 | C33: 0 | D33: 1 | E33: 0 | F33: 0 | G33: 0 | H33: 0 | I33: 1 | J33: 0 | K33: 0 | L33: 0 | M33: 13 | N33: 0 | O33: =SUM(C33:L33,N33) -> 2 | P33: =SUM(C33:N33) -> 15 | R33: 0600-0700 | S33: =SUM(C102:C105) -> 5 | T33: =SUM(D102:D105) -> 0 | U33: =SUM(E102:E105) -> 3 | V33: =SUM(F102:F105) -> 1 | W33: =SUM(G102:G105) -> 0 | X33: =SUM(H102:H105) -> 0 | Y33: =SUM(I102:I105) -> 2 | Z33: =SUM(J102:J105) -> 0 | ... AF33: =SUM(P102:P105) -> 56
B34: 13.00 - 13.15 | C34: 1 | D34: 0 | E34: 0 | F34: 0 | G34: 0 | H34: 0 | I34: 1 | J34: 0 | K34: 0 | L34: 0 | M34: 19 | N34: 0 | O34: =SUM(C34:L34,N34) -> 2 | P34: =SUM(C34:N34) -> 21 | R34: AM Peak Hr | S34: =MAX(S10:S12) -> 4 | T34: =MAX(T10:T12) -> 5 | U34: =MAX(U10:U12) -> 3 | V34: =MAX(V10:V12) -> 0 | W34: =MAX(W10:W12) -> 0 | X34: =MAX(X10:X12) -> 0 | Y34: =MAX(Y10:Y12) -> 3 | Z34: =MAX(Z10:Z12) -> 0 | ... AF34: =MAX(AF10:AF12) -> 76
B35: 13.15 - 13.30 | C35: 0 | D35: 2 | E35: 0 | F35: 0 | G35: 0 | H35: 0 | I35: 0 | J35: 0 | K35: 0 | L35: 0 | M35: 17 | N35: 0 | O35: =SUM(C35:L35,N35) -> 2 | P35: =SUM(C35:N35) -> 19 | R35: IP Peak Hr | S35: =MAX(S13:S18) -> 7 | T35: =MAX(T13:T18) -> 7 | U35: =MAX(U13:U18) -> 3 | V35: =MAX(V13:V18) -> 0 | W35: =MAX(W13:W18) -> 0 | X35: =MAX(X13:X18) -> 0 | Y35: =MAX(Y13:Y18) -> 6 | Z35: =MAX(Z13:Z18) -> 0 | ... AF35: =MAX(AF13:AF18) -> 84
B36: 13.30 - 13.45 | C36: 0 | D36: 3 | E36: 0 | F36: 0 | G36: 0 | H36: 0 | I36: 1 | J36: 0 | K36: 0 | L36: 0 | M36: 14 | N36: 0 | O36: =SUM(C36:L36,N36) -> 4 | P36: =SUM(C36:N36) -> 18 | R36: PM Peak Hr | S36: =MAX(S19:S21) -> 8 | T36: =MAX(T19:T21) -> 8 | U36: =MAX(U19:U21) -> 1 | V36: =MAX(V19:V21) -> 1 | W36: =MAX(W19:W21) -> 0 | X36: =MAX(X19:X21) -> 0 | Y36: =MAX(Y19:Y21) -> 4 | Z36: =MAX(Z19:Z21) -> 1 | ... AF36: =MAX(AF19:AF21) -> 76
B37: 13.45 - 14.00 | C37: 0 | D37: 0 | E37: 1 | F37: 0 | G37: 0 | H37: 0 | I37: 2 | J37: 0 | K37: 0 | L37: 0 | M37: 9 | N37: 0 | O37: =SUM(C37:L37,N37) -> 3 | P37: =SUM(C37:N37) -> 12 | R37: AM Period | S37: =SUM(S10:S12) -> 6 | T37: =SUM(T10:T12) -> 12 | U37: =SUM(U10:U12) -> 3 | V37: =SUM(V10:V12) -> 0 | W37: =SUM(W10:W12) -> 0 | X37: =SUM(X10:X12) -> 0 | Y37: =SUM(Y10:Y12) -> 6 | Z37: =SUM(Z10:Z12) -> 0 | ... AF37: =SUM(AF10:AF12) -> 190
B38: 14.00 - 14.15 | C38: 1 | D38: 1 | E38: 0 | F38: 0 | G38: 0 | H38: 0 | I38: 1 | J38: 0 | K38: 0 | L38: 0 | M38: 13 | N38: 0 | O38: =SUM(C38:L38,N38) -> 3 | P38: =SUM(C38:N38) -> 16 | R38: IP Period | S38: =SUM(S13:S18) -> 20 | T38: =SUM(T13:T18) -> 28 | U38: =SUM(U13:U18) -> 9 | V38: =SUM(V13:V18) -> 0 | W38: =SUM(W13:W18) -> 0 | X38: =SUM(X13:X18) -> 0 | Y38: =SUM(Y13:Y18) -> 26 | Z38: =SUM(Z13:Z18) -> 0 | ... AF38: =SUM(AF13:AF18) -> 426
B39: 14.15 - 14.30 | C39: 2 | D39: 3 | E39: 1 | F39: 0 | G39: 0 | H39: 0 | I39: 2 | J39: 0 | K39: 0 | L39: 0 | M39: 11 | N39: 0 | O39: =SUM(C39:L39,N39) -> 8 | P39: =SUM(C39:N39) -> 19 | R39: PM Period | S39: =SUM(S19:S21) -> 12 | T39: =SUM(T19:T21) -> 15 | U39: =SUM(U19:U21) -> 3 | V39: =SUM(V19:V21) -> 1 | W39: =SUM(W19:W21) -> 0 | X39: =SUM(X19:X21) -> 0 | Y39: =SUM(Y19:Y21) -> 12 | Z39: =SUM(Z19:Z21) -> 1 | ... AF39: =SUM(AF19:AF21) -> 210
B40: 14.30 - 14.45 | C40: 0 | D40: 0 | E40: 0 | F40: 0 | G40: 0 | H40: 0 | I40: 0 | J40: 0 | K40: 0 | L40: 0 | M40: 15 | N40: 0 | O40: =SUM(C40:L40,N40) -> 0 | P40: =SUM(C40:N40) -> 15 | R40: 12 Hours | S40: =SUM(S10:S21) -> 38 | T40: =SUM(T10:T21) -> 55 | U40: =SUM(U10:U21) -> 15 | V40: =SUM(V10:V21) -> 1 | W40: =SUM(W10:W21) -> 0 | X40: =SUM(X10:X21) -> 0 | Y40: =SUM(Y10:Y21) -> 44 | Z40: =SUM(Z10:Z21) -> 1 | ... AF40: =SUM(AF10:AF21) -> 826
B41: 14.45 - 15.00 | C41: 4 | D41: 3 | E41: 0 | F41: 0 | G41: 0 | H41: 0 | I41: 0 | J41: 0 | K41: 0 | L41: 0 | M41: 6 | N41: 0 | O41: =SUM(C41:L41,N41) -> 7 | P41: =SUM(C41:N41) -> 13 | R41: 24 Hrs/ADT | S41: =SUM(S10:S33) -> 66 | T41: =SUM(T10:T33) -> 55 | U41: =SUM(U10:U33) -> 34 | V41: =SUM(V10:V33) -> 5 | W41: =SUM(W10:W33) -> 1 | X41: =SUM(X10:X33) -> 0 | Y41: =SUM(Y10:Y33) -> 67 | Z41: =SUM(Z10:Z33) -> 1 | ... AF41: =SUM(AF10:AF33) -> 1308
B42: 15.00 - 15.15 | C42: 2 | D42: 4 | E42: 0 | F42: 0 | G42: 0 | H42: 0 | I42: 3 | J42: 0 | K42: 0 | L42: 0 | M42: 16 | N42: 0 | O42: =SUM(C42:L42,N42) -> 9 | P42: =SUM(C42:N42) -> 25 | R42: NEF | S42: =S41/S40 -> 1.7368421 | T42: =T41/T40 -> 1 | U42: =U41/U40 -> 2.2666667 | V42: =V41/V40 -> 5 | W42: =W41/W40 -> #DIV/0! | X42: =X41/X40 -> #DIV/0! | Y42: =Y41/Y40 -> 1.5227273 | Z42: =Z41/Z40 -> 1 | ... AF42: =AF41/AF40 -> 1.5835351
B43: 15.15 - 15.30 | C43: 1 | D43: 2 | E43: 0 | F43: 0 | G43: 0 | H43: 0 | I43: 1 | J43: 0 | K43: 0 | L43: 0 | M43: 14 | N43: 0 | O43: =SUM(C43:L43,N43) -> 4 | P43: =SUM(C43:N43) -> 18
B44: 15.30 - 15.45 | C44: 2 | D44: 1 | E44: 1 | F44: 0 | G44: 0 | H44: 0 | I44: 1 | J44: 0 | K44: 0 | L44: 0 | M44: 10 | N44: 0 | O44: =SUM(C44:L44,N44) -> 5 | P44: =SUM(C44:N44) -> 15
B45: 15.45 - 16.00 | C45: 2 | D45: 0 | E45: 0 | F45: 0 | G45: 0 | H45: 0 | I45: 0 | J45: 0 | K45: 0 | L45: 0 | M45: 5 | N45: 0 | O45: =SUM(C45:L45,N45) -> 2 | P45: =SUM(C45:N45) -> 7
B46: 16.00 - 16.15 | C46: 4 | D46: 0 | E46: 0 | F46: 0 | G46: 0 | H46: 0 | I46: 1 | J46: 0 | K46: 0 | L46: 0 | M46: 11 | N46: 0 | O46: =SUM(C46:L46,N46) -> 5 | P46: =SUM(C46:N46) -> 16
B47: 16.15 -16.30 | C47: 2 | D47: 1 | E47: 0 | F47: 0 | G47: 0 | H47: 0 | I47: 2 | J47: 0 | K47: 0 | L47: 0 | M47: 17 | N47: 0 | O47: =SUM(C47:L47,N47) -> 5 | P47: =SUM(C47:N47) -> 22
B48: 16.30 -16.45 | C48: 2 | D48: 3 | E48: 0 | F48: 0 | G48: 0 | H48: 0 | I48: 1 | J48: 1 | K48: 0 | L48: 0 | M48: 15 | N48: 0 | O48: =SUM(C48:L48,N48) -> 7 | P48: =SUM(C48:N48) -> 22
B49: 16.45 -17.00 | C49: 0 | D49: 0 | E49: 1 | F49: 0 | G49: 0 | H49: 0 | I49: 0 | J49: 0 | K49: 0 | L49: 0 | M49: 15 | N49: 0 | O49: =SUM(C49:L49,N49) -> 1 | P49: =SUM(C49:N49) -> 16
B50: 17.00 -17.15 | C50: 0 | D50: 0 | E50: 0 | F50: 0 | G50: 0 | H50: 0 | I50: 2 | J50: 0 | K50: 0 | L50: 0 | M50: 11 | N50: 0 | O50: =SUM(C50:L50,N50) -> 2 | P50: =SUM(C50:N50) -> 13
B51: 17.15 -17.30 | C51: 0 | D51: 0 | E51: 0 | F51: 0 | G51: 0 | H51: 0 | I51: 0 | J51: 0 | K51: 0 | L51: 0 | M51: 17 | N51: 0 | O51: =SUM(C51:L51,N51) -> 0 | P51: =SUM(C51:N51) -> 17
B52: 17.30 -17.45 | C52: 1 | D52: 3 | E52: 1 | F52: 0 | G52: 0 | H52: 0 | I52: 0 | J52: 0 | K52: 0 | L52: 0 | M52: 14 | N52: 0 | O52: =SUM(C52:L52,N52) -> 5 | P52: =SUM(C52:N52) -> 19
B53: 17.45 -18.00 | C53: 0 | D53: 0 | E53: 0 | F53: 0 | G53: 0 | H53: 0 | I53: 2 | J53: 0 | K53: 0 | L53: 0 | M53: 9 | N53: 0 | O53: =SUM(C53:L53,N53) -> 2 | P53: =SUM(C53:N53) -> 11
B54: 18.00 - 18.15 | C54: 0 | D54: 5 | E54: 0 | F54: 0 | G54: 0 | H54: 0 | I54: 1 | J54: 0 | K54: 0 | L54: 0 | M54: 12 | N54: 0 | O54: =SUM(C54:L54,N54) -> 6 | P54: =SUM(C54:N54) -> 18
... B57: 18.45 - 19.00 | C57: 3 | D57: 1 | E57: 0 | F57: 0 | G57: 0 | H57: 0 | I57: 1 | J57: 0 | K57: 0 | L57: 0 | M57: 16 | N57: 0 | O57: =SUM(C57:L57,N57) -> 5 | P57: =SUM(C57:N57) -> 21
B58: 19.00 - 19.15 | C58: =ROUND(0.8*AVERAGE('11.08 BUSUNJU-KAMPALA'!C10,'12.08 BUSUNJU-KAMPALA'!C10,'13.08 BUSUNJU-KAMPALA'!C10,'14.08 BUSUNJU-KAMPALA'!C10,'15.08 BUSUNJU-KAMPALA'!C10),0) -> 1 | D58: =ROUND(0.8*AVERAGE('11.08 BUSUNJU-KAMPALA'!D10,'12.08 BUSUNJU-KAMPALA'!D10,'13.08 BUSUNJU-KAMPALA'!D10,'14.08 BUSUNJU-KAMPALA'!D10,'15.08 BUSUNJU-KAMPALA'!D10),0) -> 0 | E58: =ROUND(0.8*AVERAGE('11.08 BUSUNJU-KAMPALA'!E10,'12.08 BUSUNJU-KAMPALA'!E10,'13.08 BUSUNJU-KAMPALA'!E10,'14.08 BUSUNJU-KAMPALA'!E10,'15.08 BUSUNJU-KAMPALA'!E10),0) -> 0 | F58: =ROUND(0.8*AVERAGE('11.08 BUSUNJU-KAMPALA'!F10,'12.08 BUSUNJU-KAMPALA'!F10,'13.08 BUSUNJU-KAMPALA'!F10,'14.08 BUSUNJU-KAMPALA'!F10,'15.08 BUSUNJU-KAMPALA'!F10),0) -> 0 | G58: =ROUND(0.8*AVERAGE('11.08 BUSUNJU-KAMPALA'!G10,'12.08 BUSUNJU-KAMPALA'!G10,'13.08 BUSUNJU-KAMPALA'!G10,'14.08 BUSUNJU-KAMPALA'!G10,'15.08 BUSUNJU-KAMPALA'!G10),0) -> 0 | H58: =ROUND(0.8*AVERAGE('11.08 BUSUNJU-KAMPALA'!H10,'12.08 BUSUNJU-KAMPALA'!H10,'13.08 BUSUNJU-KAMPALA'!H10,'14.08 BUSUNJU-KAMPALA'!H10,'15.08 BUSUNJU-KAMPALA'!H10),0) -> 0 | I58: =ROUND(0.8*AVERAGE('11.08 BUSUNJU-KAMPALA'!I10,'12.08 BUSUNJU-KAMPALA'!I10,'13.08 BUSUNJU-KAMPALA'!I10,'14.08 BUSUNJU-KAMPALA'!I10,'15.08 BUSUNJU-KAMPALA'!I10),0) -> 0 | J58: =ROUND(0.8*AVERAGE('11.08 BUSUNJU-KAMPALA'!J10,'12.08 BUSUNJU-KAMPALA'!J10,'13.08 BUSUNJU-KAMPALA'!J10,'14.08 BUSUNJU-KAMPALA'!J10,'15.08 BUSUNJU-KAMPALA'!J10),0) -> 0 | ... N58: =ROUND(0.8*AVERAGE('11.08 BUSUNJU-KAMPALA'!N10,'12.08 BUSUNJU-KAMPALA'!N10,'13.08 BUSUNJU-KAMPALA'!N10,'14.08 BUSUNJU-KAMPALA'!N10,'15.08 BUSUNJU-KAMPALA'!N10),0) -> 0 | O58: =SUM(C58:L58,N58) -> 1 | P58: =SUM(C58:N58) -> 7
B59: 19.15 - 19.30 | C59: =ROUND(0.8*AVERAGE('11.08 BUSUNJU-KAMPALA'!C11,'12.08 BUSUNJU-KAMPALA'!C11,'13.08 BUSUNJU-KAMPALA'!C11,'14.08 BUSUNJU-KAMPALA'!C11,'15.08 BUSUNJU-KAMPALA'!C11),0) -> 1 | D59: =ROUND(0.8*AVERAGE('11.08 BUSUNJU-KAMPALA'!D11,'12.08 BUSUNJU-KAMPALA'!D11,'13.08 BUSUNJU-KAMPALA'!D11,'14.08 BUSUNJU-KAMPALA'!D11,'15.08 BUSUNJU-KAMPALA'!D11),0) -> 0 | E59: =ROUND(0.8*AVERAGE('11.08 BUSUNJU-KAMPALA'!E11,'12.08 BUSUNJU-KAMPALA'!E11,'13.08 BUSUNJU-KAMPALA'!E11,'14.08 BUSUNJU-KAMPALA'!E11,'15.08 BUSUNJU-KAMPALA'!E11),0) -> 0 | F59: =ROUND(0.8*AVERAGE('11.08 BUSUNJU-KAMPALA'!F11,'12.08 BUSUNJU-KAMPALA'!F11,'13.08 BUSUNJU-KAMPALA'!F11,'14.08 BUSUNJU-KAMPALA'!F11,'15.08 BUSUNJU-KAMPALA'!F11),0) -> 0 | G59: =ROUND(0.8*AVERAGE('11.08 BUSUNJU-KAMPALA'!G11,'12.08 BUSUNJU-KAMPALA'!G11,'13.08 BUSUNJU-KAMPALA'!G11,'14.08 BUSUNJU-KAMPALA'!G11,'15.08 BUSUNJU-KAMPALA'!G11),0) -> 0 | H59: =ROUND(0.8*AVERAGE('11.08 BUSUNJU-KAMPALA'!H11,'12.08 BUSUNJU-KAMPALA'!H11,'13.08 BUSUNJU-KAMPALA'!H11,'14.08 BUSUNJU-KAMPALA'!H11,'15.08 BUSUNJU-KAMPALA'!H11),0) -> 0 | I59: =ROUND(0.8*AVERAGE('11.08 BUSUNJU-KAMPALA'!I11,'12.08 BUSUNJU-KAMPALA'!I11,'13.08 BUSUNJU-KAMPALA'!I11,'14.08 BUSUNJU-KAMPALA'!I11,'15.08 BUSUNJU-KAMPALA'!I11),0) -> 0 | J59: =ROUND(0.8*AVERAGE('11.08 BUSUNJU-KAMPALA'!J11,'12.08 BUSUNJU-KAMPALA'!J11,'13.08 BUSUNJU-KAMPALA'!J11,'14.08 BUSUNJU-KAMPALA'!J11,'15.08 BUSUNJU-KAMPALA'!J11),0) -> 0 | ... N59: =ROUND(0.8*AVERAGE('11.08 BUSUNJU-KAMPALA'!N11,'12.08 BUSUNJU-KAMPALA'!N11,'13.08 BUSUNJU-KAMPALA'!N11,'14.08 BUSUNJU-KAMPALA'!N11,'15.08 BUSUNJU-KAMPALA'!N11),0) -> 0 | O59: =SUM(C59:L59,N59) -> 1 | P59: =SUM(C59:N59) -> 11
B60: 19.30 - 19.45 | C60: =ROUND(0.8*AVERAGE('11.08 BUSUNJU-KAMPALA'!C12,'12.08 BUSUNJU-KAMPALA'!C12,'13.08 BUSUNJU-KAMPALA'!C12,'14.08 BUSUNJU-KAMPALA'!C12,'15.08 BUSUNJU-KAMPALA'!C12),0) -> 1 | D60: =ROUND(0.8*AVERAGE('11.08 BUSUNJU-KAMPALA'!D12,'12.08 BUSUNJU-KAMPALA'!D12,'13.08 BUSUNJU-KAMPALA'!D12,'14.08 BUSUNJU-KAMPALA'!D12,'15.08 BUSUNJU-KAMPALA'!D12),0) -> 0 | E60: =ROUND(0.8*AVERAGE('11.08 BUSUNJU-KAMPALA'!E12,'12.08 BUSUNJU-KAMPALA'!E12,'13.08 BUSUNJU-KAMPALA'!E12,'14.08 BUSUNJU-KAMPALA'!E12,'15.08 BUSUNJU-KAMPALA'!E12),0) -> 0 | F60: =ROUND(0.8*AVERAGE('11.08 BUSUNJU-KAMPALA'!F12,'12.08 BUSUNJU-KAMPALA'!F12,'13.08 BUSUNJU-KAMPALA'!F12,'14.08 BUSUNJU-KAMPALA'!F12,'15.08 BUSUNJU-KAMPALA'!F12),0) -> 0 | G60: =ROUND(0.8*AVERAGE('11.08 BUSUNJU-KAMPALA'!G12,'12.08 BUSUNJU-KAMPALA'!G12,'13.08 BUSUNJU-KAMPALA'!G12,'14.08 BUSUNJU-KAMPALA'!G12,'15.08 BUSUNJU-KAMPALA'!G12),0) -> 0 | H60: =ROUND(0.8*AVERAGE('11.08 BUSUNJU-KAMPALA'!H12,'12.08 BUSUNJU-KAMPALA'!H12,'13.08 BUSUNJU-KAMPALA'!H12,'14.08 BUSUNJU-KAMPALA'!H12,'15.08 BUSUNJU-KAMPALA'!H12),0) -> 0 | I60: =ROUND(0.8*AVERAGE('11.08 BUSUNJU-KAMPALA'!I12,'12.08 BUSUNJU-KAMPALA'!I12,'13.08 BUSUNJU-KAMPALA'!I12,'14.08 BUSUNJU-KAMPALA'!I12,'15.08 BUSUNJU-KAMPALA'!I12),0) -> 0 | J60: =ROUND(0.8*AVERAGE('11.08 BUSUNJU-KAMPALA'!J12,'12.08 BUSUNJU-KAMPALA'!J12,'13.08 BUSUNJU-KAMPALA'!J12,'14.08 BUSUNJU-KAMPALA'!J12,'15.08 BUSUNJU-KAMPALA'!J12),0) -> 0 | ... N60: =ROUND(0.8*AVERAGE('11.08 BUSUNJU-KAMPALA'!N12,'12.08 BUSUNJU-KAMPALA'!N12,'13.08 BUSUNJU-KAMPALA'!N12,'14.08 BUSUNJU-KAMPALA'!N12,'15.08 BUSUNJU-KAMPALA'!N12),0) -> 0 | O60: =SUM(C60:L60,N60) -> 1 | P60: =SUM(C60:N60) -> 10
B61: 19.45 - 20.00 | C61: =ROUND(0.8*AVERAGE('11.08 BUSUNJU-KAMPALA'!C13,'12.08 BUSUNJU-KAMPALA'!C13,'13.08 BUSUNJU-KAMPALA'!C13,'14.08 BUSUNJU-KAMPALA'!C13,'15.08 BUSUNJU-KAMPALA'!C13),0) -> 1 | D61: =ROUND(0.8*AVERAGE('11.08 BUSUNJU-KAMPALA'!D13,'12.08 BUSUNJU-KAMPALA'!D13,'13.08 BUSUNJU-KAMPALA'!D13,'14.08 BUSUNJU-KAMPALA'!D13,'15.08 BUSUNJU-KAMPALA'!D13),0) -> 0 | E61: =ROUND(0.8*AVERAGE('11.08 BUSUNJU-KAMPALA'!E13,'12.08 BUSUNJU-KAMPALA'!E13,'13.08 BUSUNJU-KAMPALA'!E13,'14.08 BUSUNJU-KAMPALA'!E13,'15.08 BUSUNJU-KAMPALA'!E13),0) -> 1 | F61: =ROUND(0.8*AVERAGE('11.08 BUSUNJU-KAMPALA'!F13,'12.08 BUSUNJU-KAMPALA'!F13,'13.08 BUSUNJU-KAMPALA'!F13,'14.08 BUSUNJU-KAMPALA'!F13,'15.08 BUSUNJU-KAMPALA'!F13),0) -> 0 | G61: =ROUND(0.8*AVERAGE('11.08 BUSUNJU-KAMPALA'!G13,'12.08 BUSUNJU-KAMPALA'!G13,'13.08 BUSUNJU-KAMPALA'!G13,'14.08 BUSUNJU-KAMPALA'!G13,'15.08 BUSUNJU-KAMPALA'!G13),0) -> 0 | H61: =ROUND(0.8*AVERAGE('11.08 BUSUNJU-KAMPALA'!H13,'12.08 BUSUNJU-KAMPALA'!H13,'13.08 BUSUNJU-KAMPALA'!H13,'14.08 BUSUNJU-KAMPALA'!H13,'15.08 BUSUNJU-KAMPALA'!H13),0) -> 0 | I61: =ROUND(0.8*AVERAGE('11.08 BUSUNJU-KAMPALA'!I13,'12.08 BUSUNJU-KAMPALA'!I13,'13.08 BUSUNJU-KAMPALA'!I13,'14.08 BUSUNJU-KAMPALA'!I13,'15.08 BUSUNJU-KAMPALA'!I13),0) -> 1 | J61: =ROUND(0.8*AVERAGE('11.08 BUSUNJU-KAMPALA'!J13,'12.08 BUSUNJU-KAMPALA'!J13,'13.08 BUSUNJU-KAMPALA'!J13,'14.08 BUSUNJU-KAMPALA'!J13,'15.08 BUSUNJU-KAMPALA'!J13),0) -> 0 | ... N61: =ROUND(0.8*AVERAGE('11.08 BUSUNJU-KAMPALA'!N13,'12.08 BUSUNJU-KAMPALA'!N13,'13.08 BUSUNJU-KAMPALA'!N13,'14.08 BUSUNJU-KAMPALA'!N13,'15.08 BUSUNJU-KAMPALA'!N13),0) -> 0 | O61: =SUM(C61:L61,N61) -> 3 | P61: =SUM(C61:N61) -> 14
B62: 20.00 - 20.15 | C62: =ROUND(0.8*AVERAGE('11.08 BUSUNJU-KAMPALA'!C14,'12.08 BUSUNJU-KAMPALA'!C14,'13.08 BUSUNJU-KAMPALA'!C14,'14.08 BUSUNJU-KAMPALA'!C14,'15.08 BUSUNJU-KAMPALA'!C14),0) -> 1 | D62: =ROUND(0.8*AVERAGE('11.08 BUSUNJU-KAMPALA'!D14,'12.08 BUSUNJU-KAMPALA'!D14,'13.08 BUSUNJU-KAMPALA'!D14,'14.08 BUSUNJU-KAMPALA'!D14,'15.08 BUSUNJU-KAMPALA'!D14),0) -> 0 | E62: =ROUND(0.8*AVERAGE('11.08 BUSUNJU-KAMPALA'!E14,'12.08 BUSUNJU-KAMPALA'!E14,'13.08 BUSUNJU-KAMPALA'!E14,'14.08 BUSUNJU-KAMPALA'!E14,'15.08 BUSUNJU-KAMPALA'!E14),0) -> 0 | F62: =ROUND(0.8*AVERAGE('11.08 BUSUNJU-KAMPALA'!F14,'12.08 BUSUNJU-KAMPALA'!F14,'13.08 BUSUNJU-KAMPALA'!F14,'14.08 BUSUNJU-KAMPALA'!F14,'15.08 BUSUNJU-KAMPALA'!F14),0) -> 0 | G62: =ROUND(0.8*AVERAGE('11.08 BUSUNJU-KAMPALA'!G14,'12.08 BUSUNJU-KAMPALA'!G14,'13.08 BUSUNJU-KAMPALA'!G14,'14.08 BUSUNJU-KAMPALA'!G14,'15.08 BUSUNJU-KAMPALA'!G14),0) -> 0 | H62: =ROUND(0.8*AVERAGE('11.08 BUSUNJU-KAMPALA'!H14,'12.08 BUSUNJU-KAMPALA'!H14,'13.08 BUSUNJU-KAMPALA'!H14,'14.08 BUSUNJU-KAMPALA'!H14,'15.08 BUSUNJU-KAMPALA'!H14),0) -> 0 | I62: =ROUND(0.8*AVERAGE('11.08 BUSUNJU-KAMPALA'!I14,'12.08 BUSUNJU-KAMPALA'!I14,'13.08 BUSUNJU-KAMPALA'!I14,'14.08 BUSUNJU-KAMPALA'!I14,'15.08 BUSUNJU-KAMPALA'!I14),0) -> 0 | J62: =ROUND(0.8*AVERAGE('11.08 BUSUNJU-KAMPALA'!J14,'12.08 BUSUNJU-KAMPALA'!J14,'13.08 BUSUNJU-KAMPALA'!J14,'14.08 BUSUNJU-KAMPALA'!J14,'15.08 BUSUNJU-KAMPALA'!J14),0) -> 0 | ... N62: =ROUND(0.8*AVERAGE('11.08 BUSUNJU-KAMPALA'!N14,'12.08 BUSUNJU-KAMPALA'!N14,'13.08 BUSUNJU-KAMPALA'!N14,'14.08 BUSUNJU-KAMPALA'!N14,'15.08 BUSUNJU-KAMPALA'!N14),0) -> 0 | O62: =SUM(C62:L62,N62) -> 1 | P62: =SUM(C62:N62) -> 12
B63: 20.15 - 20.30 | C63: =ROUND(0.8*AVERAGE('11.08 BUSUNJU-KAMPALA'!C15,'12.08 BUSUNJU-KAMPALA'!C15,'13.08 BUSUNJU-KAMPALA'!C15,'14.08 BUSUNJU-KAMPALA'!C15,'15.08 BUSUNJU-KAMPALA'!C15),0) -> 1 | D63: =ROUND(0.8*AVERAGE('11.08 BUSUNJU-KAMPALA'!D15,'12.08 BUSUNJU-KAMPALA'!D15,'13.08 BUSUNJU-KAMPALA'!D15,'14.08 BUSUNJU-KAMPALA'!D15,'15.08 BUSUNJU-KAMPALA'!D15),0) -> 0 | E63: =ROUND(0.8*AVERAGE('11.08 BUSUNJU-KAMPALA'!E15,'12.08 BUSUNJU-KAMPALA'!E15,'13.08 BUSUNJU-KAMPALA'!E15,'14.08 BUSUNJU-KAMPALA'!E15,'15.08 BUSUNJU-KAMPALA'!E15),0) -> 1 | F63: =ROUND(0.8*AVERAGE('11.08 BUSUNJU-KAMPALA'!F15,'12.08 BUSUNJU-KAMPALA'!F15,'13.08 BUSUNJU-KAMPALA'!F15,'14.08 BUSUNJU-KAMPALA'!F15,'15.08 BUSUNJU-KAMPALA'!F15),0) -> 0 | G63: =ROUND(0.8*AVERAGE('11.08 BUSUNJU-KAMPALA'!G15,'12.08 BUSUNJU-KAMPALA'!G15,'13.08 BUSUNJU-KAMPALA'!G15,'14.08 BUSUNJU-KAMPALA'!G15,'15.08 BUSUNJU-KAMPALA'!G15),0) -> 0 | H63: =ROUND(0.8*AVERAGE('11.08 BUSUNJU-KAMPALA'!H15,'12.08 BUSUNJU-KAMPALA'!H15,'13.08 BUSUNJU-KAMPALA'!H15,'14.08 BUSUNJU-KAMPALA'!H15,'15.08 BUSUNJU-KAMPALA'!H15),0) -> 0 | I63: =ROUND(0.8*AVERAGE('11.08 BUSUNJU-KAMPALA'!I15,'12.08 BUSUNJU-KAMPALA'!I15,'13.08 BUSUNJU-KAMPALA'!I15,'14.08 BUSUNJU-KAMPALA'!I15,'15.08 BUSUNJU-KAMPALA'!I15),0) -> 1 | J63: =ROUND(0.8*AVERAGE('11.08 BUSUNJU-KAMPALA'!J15,'12.08 BUSUNJU-KAMPALA'!J15,'13.08 BUSUNJU-KAMPALA'!J15,'14.08 BUSUNJU-KAMPALA'!J15,'15.08 BUSUNJU-KAMPALA'!J15),0) -> 0 | ... N63: =ROUND(0.8*AVERAGE('11.08 BUSUNJU-KAMPALA'!N15,'12.08 BUSUNJU-KAMPALA'!N15,'13.08 BUSUNJU-KAMPALA'!N15,'14.08 BUSUNJU-KAMPALA'!N15,'15.08 BUSUNJU-KAMPALA'!N15),0) -> 0 | O63: =SUM(C63:L63,N63) -> 3 | P63: =SUM(C63:N63) -> 14
B64: 20.30 - 20.45 | C64: =ROUND(0.8*AVERAGE('11.08 BUSUNJU-KAMPALA'!C16,'12.08 BUSUNJU-KAMPALA'!C16,'13.08 BUSUNJU-KAMPALA'!C16,'14.08 BUSUNJU-KAMPALA'!C16,'15.08 BUSUNJU-KAMPALA'!C16),0) -> 1 | D64: =ROUND(0.8*AVERAGE('11.08 BUSUNJU-KAMPALA'!D16,'12.08 BUSUNJU-KAMPALA'!D16,'13.08 BUSUNJU-KAMPALA'!D16,'14.08 BUSUNJU-KAMPALA'!D16,'15.08 BUSUNJU-KAMPALA'!D16),0) -> 0 | E64: =ROUND(0.8*AVERAGE('11.08 BUSUNJU-KAMPALA'!E16,'12.08 BUSUNJU-KAMPALA'!E16,'13.08 BUSUNJU-KAMPALA'!E16,'14.08 BUSUNJU-KAMPALA'!E16,'15.08 BUSUNJU-KAMPALA'!E16),0) -> 1 | F64: =ROUND(0.8*AVERAGE('11.08 BUSUNJU-KAMPALA'!F16,'12.08 BUSUNJU-KAMPALA'!F16,'13.08 BUSUNJU-KAMPALA'!F16,'14.08 BUSUNJU-KAMPALA'!F16,'15.08 BUSUNJU-KAMPALA'!F16),0) -> 0 | G64: =ROUND(0.8*AVERAGE('11.08 BUSUNJU-KAMPALA'!G16,'12.08 BUSUNJU-KAMPALA'!G16,'13.08 BUSUNJU-KAMPALA'!G16,'14.08 BUSUNJU-KAMPALA'!G16,'15.08 BUSUNJU-KAMPALA'!G16),0) -> 0 | H64: =ROUND(0.8*AVERAGE('11.08 BUSUNJU-KAMPALA'!H16,'12.08 BUSUNJU-KAMPALA'!H16,'13.08 BUSUNJU-KAMPALA'!H16,'14.08 BUSUNJU-KAMPALA'!H16,'15.08 BUSUNJU-KAMPALA'!H16),0) -> 0 | I64: =ROUND(0.8*AVERAGE('11.08 BUSUNJU-KAMPALA'!I16,'12.08 BUSUNJU-KAMPALA'!I16,'13.08 BUSUNJU-KAMPALA'!I16,'14.08 BUSUNJU-KAMPALA'!I16,'15.08 BUSUNJU-KAMPALA'!I16),0) -> 1 | J64: =ROUND(0.8*AVERAGE('11.08 BUSUNJU-KAMPALA'!J16,'12.08 BUSUNJU-KAMPALA'!J16,'13.08 BUSUNJU-KAMPALA'!J16,'14.08 BUSUNJU-KAMPALA'!J16,'15.08 BUSUNJU-KAMPALA'!J16),0) -> 0 | ... N64: =ROUND(0.8*AVERAGE('11.08 BUSUNJU-KAMPALA'!N16,'12.08 BUSUNJU-KAMPALA'!N16,'13.08 BUSUNJU-KAMPALA'!N16,'14.08 BUSUNJU-KAMPALA'!N16,'15.08 BUSUNJU-KAMPALA'!N16),0) -> 0 | O64: =SUM(C64:L64,N64) -> 3 | P64: =SUM(C64:N64) -> 16
B65: 20.45 - 21.00 | C65: =ROUND(0.8*AVERAGE('11.08 BUSUNJU-KAMPALA'!C17,'12.08 BUSUNJU-KAMPALA'!C17,'13.08 BUSUNJU-KAMPALA'!C17,'14.08 BUSUNJU-KAMPALA'!C17,'15.08 BUSUNJU-KAMPALA'!C17),0) -> 1 | D65: =ROUND(0.8*AVERAGE('11.08 BUSUNJU-KAMPALA'!D17,'12.08 BUSUNJU-KAMPALA'!D17,'13.08 BUSUNJU-KAMPALA'!D17,'14.08 BUSUNJU-KAMPALA'!D17,'15.08 BUSUNJU-KAMPALA'!D17),0) -> 0 | E65: =ROUND(0.8*AVERAGE('11.08 BUSUNJU-KAMPALA'!E17,'12.08 BUSUNJU-KAMPALA'!E17,'13.08 BUSUNJU-KAMPALA'!E17,'14.08 BUSUNJU-KAMPALA'!E17,'15.08 BUSUNJU-KAMPALA'!E17),0) -> 0 | F65: =ROUND(0.8*AVERAGE('11.08 BUSUNJU-KAMPALA'!F17,'12.08 BUSUNJU-KAMPALA'!F17,'13.08 BUSUNJU-KAMPALA'!F17,'14.08 BUSUNJU-KAMPALA'!F17,'15.08 BUSUNJU-KAMPALA'!F17),0) -> 0 | G65: =ROUND(0.8*AVERAGE('11.08 BUSUNJU-KAMPALA'!G17,'12.08 BUSUNJU-KAMPALA'!G17,'13.08 BUSUNJU-KAMPALA'!G17,'14.08 BUSUNJU-KAMPALA'!G17,'15.08 BUSUNJU-KAMPALA'!G17),0) -> 0 | H65: =ROUND(0.8*AVERAGE('11.08 BUSUNJU-KAMPALA'!H17,'12.08 BUSUNJU-KAMPALA'!H17,'13.08 BUSUNJU-KAMPALA'!H17,'14.08 BUSUNJU-KAMPALA'!H17,'15.08 BUSUNJU-KAMPALA'!H17),0) -> 0 | I65: =ROUND(0.8*AVERAGE('11.08 BUSUNJU-KAMPALA'!I17,'12.08 BUSUNJU-KAMPALA'!I17,'13.08 BUSUNJU-KAMPALA'!I17,'14.08 BUSUNJU-KAMPALA'!I17,'15.08 BUSUNJU-KAMPALA'!I17),0) -> 1 | J65: =ROUND(0.8*AVERAGE('11.08 BUSUNJU-KAMPALA'!J17,'12.08 BUSUNJU-KAMPALA'!J17,'13.08 BUSUNJU-KAMPALA'!J17,'14.08 BUSUNJU-KAMPALA'!J17,'15.08 BUSUNJU-KAMPALA'!J17),0) -> 0 | ... N65: =ROUND(0.8*AVERAGE('11.08 BUSUNJU-KAMPALA'!N17,'12.08 BUSUNJU-KAMPALA'!N17,'13.08 BUSUNJU-KAMPALA'!N17,'14.08 BUSUNJU-KAMPALA'!N17,'15.08 BUSUNJU-KAMPALA'!N17),0) -> 0 | O65: =SUM(C65:L65,N65) -> 2 | P65: =SUM(C65:N65) -> 15
B66: 21.00 - 21.15 | C66: =ROUND(0.8*AVERAGE('11.08 BUSUNJU-KAMPALA'!C18,'12.08 BUSUNJU-KAMPALA'!C18,'13.08 BUSUNJU-KAMPALA'!C18,'14.08 BUSUNJU-KAMPALA'!C18,'15.08 BUSUNJU-KAMPALA'!C18),0) -> 1 | D66: =ROUND(0.8*AVERAGE('11.08 BUSUNJU-KAMPALA'!D18,'12.08 BUSUNJU-KAMPALA'!D18,'13.08 BUSUNJU-KAMPALA'!D18,'14.08 BUSUNJU-KAMPALA'!D18,'15.08 BUSUNJU-KAMPALA'!D18),0) -> 0 | E66: =ROUND(0.8*AVERAGE('11.08 BUSUNJU-KAMPALA'!E18,'12.08 BUSUNJU-KAMPALA'!E18,'13.08 BUSUNJU-KAMPALA'!E18,'14.08 BUSUNJU-KAMPALA'!E18,'15.08 BUSUNJU-KAMPALA'!E18),0) -> 1 | F66: =ROUND(0.8*AVERAGE('11.08 BUSUNJU-KAMPALA'!F18,'12.08 BUSUNJU-KAMPALA'!F18,'13.08 BUSUNJU-KAMPALA'!F18,'14.08 BUSUNJU-KAMPALA'!F18,'15.08 BUSUNJU-KAMPALA'!F18),0) -> 0 | G66: =ROUND(0.8*AVERAGE('11.08 BUSUNJU-KAMPALA'!G18,'12.08 BUSUNJU-KAMPALA'!G18,'13.08 BUSUNJU-KAMPALA'!G18,'14.08 BUSUNJU-KAMPALA'!G18,'15.08 BUSUNJU-KAMPALA'!G18),0) -> 0 | H66: =ROUND(0.8*AVERAGE('11.08 BUSUNJU-KAMPALA'!H18,'12.08 BUSUNJU-KAMPALA'!H18,'13.08 BUSUNJU-KAMPALA'!H18,'14.08 BUSUNJU-KAMPALA'!H18,'15.08 BUSUNJU-KAMPALA'!H18),0) -> 0 | I66: =ROUND(0.8*AVERAGE('11.08 BUSUNJU-KAMPALA'!I18,'12.08 BUSUNJU-KAMPALA'!I18,'13.08 BUSUNJU-KAMPALA'!I18,'14.08 BUSUNJU-KAMPALA'!I18,'15.08 BUSUNJU-KAMPALA'!I18),0) -> 0 | J66: =ROUND(0.8*AVERAGE('11.08 BUSUNJU-KAMPALA'!J18,'12.08 BUSUNJU-KAMPALA'!J18,'13.08 BUSUNJU-KAMPALA'!J18,'14.08 BUSUNJU-KAMPALA'!J18,'15.08 BUSUNJU-KAMPALA'!J18),0) -> 0 | ... N66: =ROUND(0.8*AVERAGE('11.08 BUSUNJU-KAMPALA'!N18,'12.08 BUSUNJU-KAMPALA'!N18,'13.08 BUSUNJU-KAMPALA'!N18,'14.08 BUSUNJU-KAMPALA'!N18,'15.08 BUSUNJU-KAMPALA'!N18),0) -> 0 | O66: =SUM(C66:L66,N66) -> 2 | P66: =SUM(C66:N66) -> 16
B67: 21.15 - 21.30 | C67: =ROUND(0.8*AVERAGE('11.08 BUSUNJU-KAMPALA'!C19,'12.08 BUSUNJU-KAMPALA'!C19,'13.08 BUSUNJU-KAMPALA'!C19,'14.08 BUSUNJU-KAMPALA'!C19,'15.08 BUSUNJU-KAMPALA'!C19),0) -> 0 | D67: =ROUND(0.8*AVERAGE('11.08 BUSUNJU-KAMPALA'!D19,'12.08 BUSUNJU-KAMPALA'!D19,'13.08 BUSUNJU-KAMPALA'!D19,'14.08 BUSUNJU-KAMPALA'!D19,'15.08 BUSUNJU-KAMPALA'!D19),0) -> 0 | E67: =ROUND(0.8*AVERAGE('11.08 BUSUNJU-KAMPALA'!E19,'12.08 BUSUNJU-KAMPALA'!E19,'13.08 BUSUNJU-KAMPALA'!E19,'14.08 BUSUNJU-KAMPALA'!E19,'15.08 BUSUNJU-KAMPALA'!E19),0) -> 0 | F67: =ROUND(0.8*AVERAGE('11.08 BUSUNJU-KAMPALA'!F19,'12.08 BUSUNJU-KAMPALA'!F19,'13.08 BUSUNJU-KAMPALA'!F19,'14.08 BUSUNJU-KAMPALA'!F19,'15.08 BUSUNJU-KAMPALA'!F19),0) -> 0 | G67: =ROUND(0.8*AVERAGE('11.08 BUSUNJU-KAMPALA'!G19,'12.08 BUSUNJU-KAMPALA'!G19,'13.08 BUSUNJU-KAMPALA'!G19,'14.08 BUSUNJU-KAMPALA'!G19,'15.08 BUSUNJU-KAMPALA'!G19),0) -> 0 | H67: =ROUND(0.8*AVERAGE('11.08 BUSUNJU-KAMPALA'!H19,'12.08 BUSUNJU-KAMPALA'!H19,'13.08 BUSUNJU-KAMPALA'!H19,'14.08 BUSUNJU-KAMPALA'!H19,'15.08 BUSUNJU-KAMPALA'!H19),0) -> 0 | I67: =ROUND(0.8*AVERAGE('11.08 BUSUNJU-KAMPALA'!I19,'12.08 BUSUNJU-KAMPALA'!I19,'13.08 BUSUNJU-KAMPALA'!I19,'14.08 BUSUNJU-KAMPALA'!I19,'15.08 BUSUNJU-KAMPALA'!I19),0) -> 0 | J67: =ROUND(0.8*AVERAGE('11.08 BUSUNJU-KAMPALA'!J19,'12.08 BUSUNJU-KAMPALA'!J19,'13.08 BUSUNJU-KAMPALA'!J19,'14.08 BUSUNJU-KAMPALA'!J19,'15.08 BUSUNJU-KAMPALA'!J19),0) -> 0 | ... N67: =ROUND(0.8*AVERAGE('11.08 BUSUNJU-KAMPALA'!N19,'12.08 BUSUNJU-KAMPALA'!N19,'13.08 BUSUNJU-KAMPALA'!N19,'14.08 BUSUNJU-KAMPALA'!N19,'15.08 BUSUNJU-KAMPALA'!N19),0) -> 0 | O67: =SUM(C67:L67,N67) -> 0 | P67: =SUM(C67:N67) -> 12
B68: 21.30 - 21.45 | C68: =ROUND(0.7*AVERAGE('11.08 BUSUNJU-KAMPALA'!C20,'12.08 BUSUNJU-KAMPALA'!C20,'13.08 BUSUNJU-KAMPALA'!C20,'14.08 BUSUNJU-KAMPALA'!C20,'15.08 BUSUNJU-KAMPALA'!C20),0) -> 0 | D68: =ROUND(0.7*AVERAGE('11.08 BUSUNJU-KAMPALA'!D20,'12.08 BUSUNJU-KAMPALA'!D20,'13.08 BUSUNJU-KAMPALA'!D20,'14.08 BUSUNJU-KAMPALA'!D20,'15.08 BUSUNJU-KAMPALA'!D20),0) -> 0 | E68: =ROUND(0.7*AVERAGE('11.08 BUSUNJU-KAMPALA'!E20,'12.08 BUSUNJU-KAMPALA'!E20,'13.08 BUSUNJU-KAMPALA'!E20,'14.08 BUSUNJU-KAMPALA'!E20,'15.08 BUSUNJU-KAMPALA'!E20),0) -> 0 | F68: =ROUND(0.7*AVERAGE('11.08 BUSUNJU-KAMPALA'!F20,'12.08 BUSUNJU-KAMPALA'!F20,'13.08 BUSUNJU-KAMPALA'!F20,'14.08 BUSUNJU-KAMPALA'!F20,'15.08 BUSUNJU-KAMPALA'!F20),0) -> 0 | G68: =ROUND(0.7*AVERAGE('11.08 BUSUNJU-KAMPALA'!G20,'12.08 BUSUNJU-KAMPALA'!G20,'13.08 BUSUNJU-KAMPALA'!G20,'14.08 BUSUNJU-KAMPALA'!G20,'15.08 BUSUNJU-KAMPALA'!G20),0) -> 0 | H68: =ROUND(0.7*AVERAGE('11.08 BUSUNJU-KAMPALA'!H20,'12.08 BUSUNJU-KAMPALA'!H20,'13.08 BUSUNJU-KAMPALA'!H20,'14.08 BUSUNJU-KAMPALA'!H20,'15.08 BUSUNJU-KAMPALA'!H20),0) -> 0 | I68: =ROUND(0.7*AVERAGE('11.08 BUSUNJU-KAMPALA'!I20,'12.08 BUSUNJU-KAMPALA'!I20,'13.08 BUSUNJU-KAMPALA'!I20,'14.08 BUSUNJU-KAMPALA'!I20,'15.08 BUSUNJU-KAMPALA'!I20),0) -> 1 | J68: =ROUND(0.7*AVERAGE('11.08 BUSUNJU-KAMPALA'!J20,'12.08 BUSUNJU-KAMPALA'!J20,'13.08 BUSUNJU-KAMPALA'!J20,'14.08 BUSUNJU-KAMPALA'!J20,'15.08 BUSUNJU-KAMPALA'!J20),0) -> 0 | ... N68: =ROUND(0.7*AVERAGE('11.08 BUSUNJU-KAMPALA'!N20,'12.08 BUSUNJU-KAMPALA'!N20,'13.08 BUSUNJU-KAMPALA'!N20,'14.08 BUSUNJU-KAMPALA'!N20,'15.08 BUSUNJU-KAMPALA'!N20),0) -> 0 | O68: =SUM(C68:L68,N68) -> 1 | P68: =SUM(C68:N68) -> 12
B69: 21.45 - 22.00 | C69: =ROUND(0.7*AVERAGE('11.08 BUSUNJU-KAMPALA'!C21,'12.08 BUSUNJU-KAMPALA'!C21,'13.08 BUSUNJU-KAMPALA'!C21,'14.08 BUSUNJU-KAMPALA'!C21,'15.08 BUSUNJU-KAMPALA'!C21),0) -> 0 | D69: =ROUND(0.7*AVERAGE('11.08 BUSUNJU-KAMPALA'!D21,'12.08 BUSUNJU-KAMPALA'!D21,'13.08 BUSUNJU-KAMPALA'!D21,'14.08 BUSUNJU-KAMPALA'!D21,'15.08 BUSUNJU-KAMPALA'!D21),0) -> 0 | E69: =ROUND(0.7*AVERAGE('11.08 BUSUNJU-KAMPALA'!E21,'12.08 BUSUNJU-KAMPALA'!E21,'13.08 BUSUNJU-KAMPALA'!E21,'14.08 BUSUNJU-KAMPALA'!E21,'15.08 BUSUNJU-KAMPALA'!E21),0) -> 0 | F69: =ROUND(0.7*AVERAGE('11.08 BUSUNJU-KAMPALA'!F21,'12.08 BUSUNJU-KAMPALA'!F21,'13.08 BUSUNJU-KAMPALA'!F21,'14.08 BUSUNJU-KAMPALA'!F21,'15.08 BUSUNJU-KAMPALA'!F21),0) -> 0 | G69: =ROUND(0.7*AVERAGE('11.08 BUSUNJU-KAMPALA'!G21,'12.08 BUSUNJU-KAMPALA'!G21,'13.08 BUSUNJU-KAMPALA'!G21,'14.08 BUSUNJU-KAMPALA'!G21,'15.08 BUSUNJU-KAMPALA'!G21),0) -> 0 | H69: =ROUND(0.7*AVERAGE('11.08 BUSUNJU-KAMPALA'!H21,'12.08 BUSUNJU-KAMPALA'!H21,'13.08 BUSUNJU-KAMPALA'!H21,'14.08 BUSUNJU-KAMPALA'!H21,'15.08 BUSUNJU-KAMPALA'!H21),0) -> 0 | I69: =ROUND(0.7*AVERAGE('11.08 BUSUNJU-KAMPALA'!I21,'12.08 BUSUNJU-KAMPALA'!I21,'13.08 BUSUNJU-KAMPALA'!I21,'14.08 BUSUNJU-KAMPALA'!I21,'15.08 BUSUNJU-KAMPALA'!I21),0) -> 1 | J69: =ROUND(0.7*AVERAGE('11.08 BUSUNJU-KAMPALA'!J21,'12.08 BUSUNJU-KAMPALA'!J21,'13.08 BUSUNJU-KAMPALA'!J21,'14.08 BUSUNJU-KAMPALA'!J21,'15.08 BUSUNJU-KAMPALA'!J21),0) -> 0 | ... N69: =ROUND(0.7*AVERAGE('11.08 BUSUNJU-KAMPALA'!N21,'12.08 BUSUNJU-KAMPALA'!N21,'13.08 BUSUNJU-KAMPALA'!N21,'14.08 BUSUNJU-KAMPALA'!N21,'15.08 BUSUNJU-KAMPALA'!N21),0) -> 0 | O69: =SUM(C69:L69,N69) -> 1 | P69: =SUM(C69:N69) -> 12
B70: 22.00 - 22.15 | C70: =ROUND(0.7*AVERAGE('11.08 BUSUNJU-KAMPALA'!C22,'12.08 BUSUNJU-KAMPALA'!C22,'13.08 BUSUNJU-KAMPALA'!C22,'14.08 BUSUNJU-KAMPALA'!C22,'15.08 BUSUNJU-KAMPALA'!C22),0) -> 0 | D70: =ROUND(0.7*AVERAGE('11.08 BUSUNJU-KAMPALA'!D22,'12.08 BUSUNJU-KAMPALA'!D22,'13.08 BUSUNJU-KAMPALA'!D22,'14.08 BUSUNJU-KAMPALA'!D22,'15.08 BUSUNJU-KAMPALA'!D22),0) -> 0 | E70: =ROUND(0.7*AVERAGE('11.08 BUSUNJU-KAMPALA'!E22,'12.08 BUSUNJU-KAMPALA'!E22,'13.08 BUSUNJU-KAMPALA'!E22,'14.08 BUSUNJU-KAMPALA'!E22,'15.08 BUSUNJU-KAMPALA'!E22),0) -> 0 | F70: =ROUND(0.7*AVERAGE('11.08 BUSUNJU-KAMPALA'!F22,'12.08 BUSUNJU-KAMPALA'!F22,'13.08 BUSUNJU-KAMPALA'!F22,'14.08 BUSUNJU-KAMPALA'!F22,'15.08 BUSUNJU-KAMPALA'!F22),0) -> 0 | G70: =ROUND(0.7*AVERAGE('11.08 BUSUNJU-KAMPALA'!G22,'12.08 BUSUNJU-KAMPALA'!G22,'13.08 BUSUNJU-KAMPALA'!G22,'14.08 BUSUNJU-KAMPALA'!G22,'15.08 BUSUNJU-KAMPALA'!G22),0) -> 0 | H70: =ROUND(0.7*AVERAGE('11.08 BUSUNJU-KAMPALA'!H22,'12.08 BUSUNJU-KAMPALA'!H22,'13.08 BUSUNJU-KAMPALA'!H22,'14.08 BUSUNJU-KAMPALA'!H22,'15.08 BUSUNJU-KAMPALA'!H22),0) -> 0 | I70: =ROUND(0.7*AVERAGE('11.08 BUSUNJU-KAMPALA'!I22,'12.08 BUSUNJU-KAMPALA'!I22,'13.08 BUSUNJU-KAMPALA'!I22,'14.08 BUSUNJU-KAMPALA'!I22,'15.08 BUSUNJU-KAMPALA'!I22),0) -> 0 | J70: =ROUND(0.7*AVERAGE('11.08 BUSUNJU-KAMPALA'!J22,'12.08 BUSUNJU-KAMPALA'!J22,'13.08 BUSUNJU-KAMPALA'!J22,'14.08 BUSUNJU-KAMPALA'!J22,'15.08 BUSUNJU-KAMPALA'!J22),0) -> 0 | ... N70: =ROUND(0.7*AVERAGE('11.08 BUSUNJU-KAMPALA'!N22,'12.08 BUSUNJU-KAMPALA'!N22,'13.08 BUSUNJU-KAMPALA'!N22,'14.08 BUSUNJU-KAMPALA'!N22,'15.08 BUSUNJU-KAMPALA'!N22),0) -> 0 | O70: =SUM(C70:L70,N70) -> 0 | P70: =SUM(C70:N70) -> 10
B71: 22.15 - 22.30 | C71: =ROUND(0.7*AVERAGE('11.08 BUSUNJU-KAMPALA'!C23,'12.08 BUSUNJU-KAMPALA'!C23,'13.08 BUSUNJU-KAMPALA'!C23,'14.08 BUSUNJU-KAMPALA'!C23,'15.08 BUSUNJU-KAMPALA'!C23),0) -> 1 | D71: =ROUND(0.7*AVERAGE('11.08 BUSUNJU-KAMPALA'!D23,'12.08 BUSUNJU-KAMPALA'!D23,'13.08 BUSUNJU-KAMPALA'!D23,'14.08 BUSUNJU-KAMPALA'!D23,'15.08 BUSUNJU-KAMPALA'!D23),0) -> 0 | E71: =ROUND(0.7*AVERAGE('11.08 BUSUNJU-KAMPALA'!E23,'12.08 BUSUNJU-KAMPALA'!E23,'13.08 BUSUNJU-KAMPALA'!E23,'14.08 BUSUNJU-KAMPALA'!E23,'15.08 BUSUNJU-KAMPALA'!E23),0) -> 1 | F71: =ROUND(0.7*AVERAGE('11.08 BUSUNJU-KAMPALA'!F23,'12.08 BUSUNJU-KAMPALA'!F23,'13.08 BUSUNJU-KAMPALA'!F23,'14.08 BUSUNJU-KAMPALA'!F23,'15.08 BUSUNJU-KAMPALA'!F23),0) -> 0 | G71: =ROUND(0.7*AVERAGE('11.08 BUSUNJU-KAMPALA'!G23,'12.08 BUSUNJU-KAMPALA'!G23,'13.08 BUSUNJU-KAMPALA'!G23,'14.08 BUSUNJU-KAMPALA'!G23,'15.08 BUSUNJU-KAMPALA'!G23),0) -> 0 | H71: =ROUND(0.7*AVERAGE('11.08 BUSUNJU-KAMPALA'!H23,'12.08 BUSUNJU-KAMPALA'!H23,'13.08 BUSUNJU-KAMPALA'!H23,'14.08 BUSUNJU-KAMPALA'!H23,'15.08 BUSUNJU-KAMPALA'!H23),0) -> 0 | I71: =ROUND(0.7*AVERAGE('11.08 BUSUNJU-KAMPALA'!I23,'12.08 BUSUNJU-KAMPALA'!I23,'13.08 BUSUNJU-KAMPALA'!I23,'14.08 BUSUNJU-KAMPALA'!I23,'15.08 BUSUNJU-KAMPALA'!I23),0) -> 1 | J71: =ROUND(0.7*AVERAGE('11.08 BUSUNJU-KAMPALA'!J23,'12.08 BUSUNJU-KAMPALA'!J23,'13.08 BUSUNJU-KAMPALA'!J23,'14.08 BUSUNJU-KAMPALA'!J23,'15.08 BUSUNJU-KAMPALA'!J23),0) -> 0 | ... N71: =ROUND(0.7*AVERAGE('11.08 BUSUNJU-KAMPALA'!N23,'12.08 BUSUNJU-KAMPALA'!N23,'13.08 BUSUNJU-KAMPALA'!N23,'14.08 BUSUNJU-KAMPALA'!N23,'15.08 BUSUNJU-KAMPALA'!N23),0) -> 0 | O71: =SUM(C71:L71,N71) -> 3 | P71: =SUM(C71:N71) -> 12
B72: 22.30 - 22.45 | C72: =ROUND(0.7*AVERAGE('11.08 BUSUNJU-KAMPALA'!C24,'12.08 BUSUNJU-KAMPALA'!C24,'13.08 BUSUNJU-KAMPALA'!C24,'14.08 BUSUNJU-KAMPALA'!C24,'15.08 BUSUNJU-KAMPALA'!C24),0) -> 0 | D72: =ROUND(0.7*AVERAGE('11.08 BUSUNJU-KAMPALA'!D24,'12.08 BUSUNJU-KAMPALA'!D24,'13.08 BUSUNJU-KAMPALA'!D24,'14.08 BUSUNJU-KAMPALA'!D24,'15.08 BUSUNJU-KAMPALA'!D24),0) -> 0 | E72: =ROUND(0.7*AVERAGE('11.08 BUSUNJU-KAMPALA'!E24,'12.08 BUSUNJU-KAMPALA'!E24,'13.08 BUSUNJU-KAMPALA'!E24,'14.08 BUSUNJU-KAMPALA'!E24,'15.08 BUSUNJU-KAMPALA'!E24),0) -> 1 | F72: =ROUND(0.7*AVERAGE('11.08 BUSUNJU-KAMPALA'!F24,'12.08 BUSUNJU-KAMPALA'!F24,'13.08 BUSUNJU-KAMPALA'!F24,'14.08 BUSUNJU-KAMPALA'!F24,'15.08 BUSUNJU-KAMPALA'!F24),0) -> 0 | G72: =ROUND(0.7*AVERAGE('11.08 BUSUNJU-KAMPALA'!G24,'12.08 BUSUNJU-KAMPALA'!G24,'13.08 BUSUNJU-KAMPALA'!G24,'14.08 BUSUNJU-KAMPALA'!G24,'15.08 BUSUNJU-KAMPALA'!G24),0) -> 1 | H72: =ROUND(0.7*AVERAGE('11.08 BUSUNJU-KAMPALA'!H24,'12.08 BUSUNJU-KAMPALA'!H24,'13.08 BUSUNJU-KAMPALA'!H24,'14.08 BUSUNJU-KAMPALA'!H24,'15.08 BUSUNJU-KAMPALA'!H24),0) -> 0 | I72: =ROUND(0.7*AVERAGE('11.08 BUSUNJU-KAMPALA'!I24,'12.08 BUSUNJU-KAMPALA'!I24,'13.08 BUSUNJU-KAMPALA'!I24,'14.08 BUSUNJU-KAMPALA'!I24,'15.08 BUSUNJU-KAMPALA'!I24),0) -> 1 | J72: =ROUND(0.7*AVERAGE('11.08 BUSUNJU-KAMPALA'!J24,'12.08 BUSUNJU-KAMPALA'!J24,'13.08 BUSUNJU-KAMPALA'!J24,'14.08 BUSUNJU-KAMPALA'!J24,'15.08 BUSUNJU-KAMPALA'!J24),0) -> 0 | ... N72: =ROUND(0.7*AVERAGE('11.08 BUSUNJU-KAMPALA'!N24,'12.08 BUSUNJU-KAMPALA'!N24,'13.08 BUSUNJU-KAMPALA'!N24,'14.08 BUSUNJU-KAMPALA'!N24,'15.08 BUSUNJU-KAMPALA'!N24),0) -> 0 | O72: =SUM(C72:L72,N72) -> 3 | P72: =SUM(C72:N72) -> 14
B73: 22.45 - 23.00 | C73: =ROUND(0.7*AVERAGE('11.08 BUSUNJU-KAMPALA'!C25,'12.08 BUSUNJU-KAMPALA'!C25,'13.08 BUSUNJU-KAMPALA'!C25,'14.08 BUSUNJU-KAMPALA'!C25,'15.08 BUSUNJU-KAMPALA'!C25),0) -> 0 | D73: =ROUND(0.7*AVERAGE('11.08 BUSUNJU-KAMPALA'!D25,'12.08 BUSUNJU-KAMPALA'!D25,'13.08 BUSUNJU-KAMPALA'!D25,'14.08 BUSUNJU-KAMPALA'!D25,'15.08 BUSUNJU-KAMPALA'!D25),0) -> 0 | E73: =ROUND(0.7*AVERAGE('11.08 BUSUNJU-KAMPALA'!E25,'12.08 BUSUNJU-KAMPALA'!E25,'13.08 BUSUNJU-KAMPALA'!E25,'14.08 BUSUNJU-KAMPALA'!E25,'15.08 BUSUNJU-KAMPALA'!E25),0) -> 0 | F73: =ROUND(0.7*AVERAGE('11.08 BUSUNJU-KAMPALA'!F25,'12.08 BUSUNJU-KAMPALA'!F25,'13.08 BUSUNJU-KAMPALA'!F25,'14.08 BUSUNJU-KAMPALA'!F25,'15.08 BUSUNJU-KAMPALA'!F25),0) -> 0 | G73: =ROUND(0.7*AVERAGE('11.08 BUSUNJU-KAMPALA'!G25,'12.08 BUSUNJU-KAMPALA'!G25,'13.08 BUSUNJU-KAMPALA'!G25,'14.08 BUSUNJU-KAMPALA'!G25,'15.08 BUSUNJU-KAMPALA'!G25),0) -> 0 | H73: =ROUND(0.7*AVERAGE('11.08 BUSUNJU-KAMPALA'!H25,'12.08 BUSUNJU-KAMPALA'!H25,'13.08 BUSUNJU-KAMPALA'!H25,'14.08 BUSUNJU-KAMPALA'!H25,'15.08 BUSUNJU-KAMPALA'!H25),0) -> 0 | I73: =ROUND(0.7*AVERAGE('11.08 BUSUNJU-KAMPALA'!I25,'12.08 BUSUNJU-KAMPALA'!I25,'13.08 BUSUNJU-KAMPALA'!I25,'14.08 BUSUNJU-KAMPALA'!I25,'15.08 BUSUNJU-KAMPALA'!I25),0) -> 1 | J73: =ROUND(0.7*AVERAGE('11.08 BUSUNJU-KAMPALA'!J25,'12.08 BUSUNJU-KAMPALA'!J25,'13.08 BUSUNJU-KAMPALA'!J25,'14.08 BUSUNJU-KAMPALA'!J25,'15.08 BUSUNJU-KAMPALA'!J25),0) -> 0 | ... N73: =ROUND(0.7*AVERAGE('11.08 BUSUNJU-KAMPALA'!N25,'12.08 BUSUNJU-KAMPALA'!N25,'13.08 BUSUNJU-KAMPALA'!N25,'14.08 BUSUNJU-KAMPALA'!N25,'15.08 BUSUNJU-KAMPALA'!N25),0) -> 0 | O73: =SUM(C73:L73,N73) -> 1 | P73: =SUM(C73:N73) -> 11
B74: 23.00 - 23.15 | C74: =ROUND(0.7*AVERAGE('11.08 BUSUNJU-KAMPALA'!C26,'12.08 BUSUNJU-KAMPALA'!C26,'13.08 BUSUNJU-KAMPALA'!C26,'14.08 BUSUNJU-KAMPALA'!C26,'15.08 BUSUNJU-KAMPALA'!C26),0) -> 1 | D74: =ROUND(0.7*AVERAGE('11.08 BUSUNJU-KAMPALA'!D26,'12.08 BUSUNJU-KAMPALA'!D26,'13.08 BUSUNJU-KAMPALA'!D26,'14.08 BUSUNJU-KAMPALA'!D26,'15.08 BUSUNJU-KAMPALA'!D26),0) -> 0 | E74: =ROUND(0.7*AVERAGE('11.08 BUSUNJU-KAMPALA'!E26,'12.08 BUSUNJU-KAMPALA'!E26,'13.08 BUSUNJU-KAMPALA'!E26,'14.08 BUSUNJU-KAMPALA'!E26,'15.08 BUSUNJU-KAMPALA'!E26),0) -> 1 | F74: =ROUND(0.7*AVERAGE('11.08 BUSUNJU-KAMPALA'!F26,'12.08 BUSUNJU-KAMPALA'!F26,'13.08 BUSUNJU-KAMPALA'!F26,'14.08 BUSUNJU-KAMPALA'!F26,'15.08 BUSUNJU-KAMPALA'!F26),0) -> 0 | G74: =ROUND(0.7*AVERAGE('11.08 BUSUNJU-KAMPALA'!G26,'12.08 BUSUNJU-KAMPALA'!G26,'13.08 BUSUNJU-KAMPALA'!G26,'14.08 BUSUNJU-KAMPALA'!G26,'15.08 BUSUNJU-KAMPALA'!G26),0) -> 0 | H74: =ROUND(0.7*AVERAGE('11.08 BUSUNJU-KAMPALA'!H26,'12.08 BUSUNJU-KAMPALA'!H26,'13.08 BUSUNJU-KAMPALA'!H26,'14.08 BUSUNJU-KAMPALA'!H26,'15.08 BUSUNJU-KAMPALA'!H26),0) -> 0 | I74: =ROUND(0.7*AVERAGE('11.08 BUSUNJU-KAMPALA'!I26,'12.08 BUSUNJU-KAMPALA'!I26,'13.08 BUSUNJU-KAMPALA'!I26,'14.08 BUSUNJU-KAMPALA'!I26,'15.08 BUSUNJU-KAMPALA'!I26),0) -> 1 | J74: =ROUND(0.7*AVERAGE('11.08 BUSUNJU-KAMPALA'!J26,'12.08 BUSUNJU-KAMPALA'!J26,'13.08 BUSUNJU-KAMPALA'!J26,'14.08 BUSUNJU-KAMPALA'!J26,'15.08 BUSUNJU-KAMPALA'!J26),0) -> 0 | ... N74: =ROUND(0.7*AVERAGE('11.08 BUSUNJU-KAMPALA'!N26,'12.08 BUSUNJU-KAMPALA'!N26,'13.08 BUSUNJU-KAMPALA'!N26,'14.08 BUSUNJU-KAMPALA'!N26,'15.08 BUSUNJU-KAMPALA'!N26),0) -> 0 | O74: =SUM(C74:L74,N74) -> 3 | P74: =SUM(C74:N74) -> 12
B75: 23.15 - 23.30 | C75: =ROUND(0.7*AVERAGE('11.08 BUSUNJU-KAMPALA'!C27,'12.08 BUSUNJU-KAMPALA'!C27,'13.08 BUSUNJU-KAMPALA'!C27,'14.08 BUSUNJU-KAMPALA'!C27,'15.08 BUSUNJU-KAMPALA'!C27),0) -> 1 | D75: =ROUND(0.7*AVERAGE('11.08 BUSUNJU-KAMPALA'!D27,'12.08 BUSUNJU-KAMPALA'!D27,'13.08 BUSUNJU-KAMPALA'!D27,'14.08 BUSUNJU-KAMPALA'!D27,'15.08 BUSUNJU-KAMPALA'!D27),0) -> 0 | E75: =ROUND(0.7*AVERAGE('11.08 BUSUNJU-KAMPALA'!E27,'12.08 BUSUNJU-KAMPALA'!E27,'13.08 BUSUNJU-KAMPALA'!E27,'14.08 BUSUNJU-KAMPALA'!E27,'15.08 BUSUNJU-KAMPALA'!E27),0) -> 0 | F75: =ROUND(0.7*AVERAGE('11.08 BUSUNJU-KAMPALA'!F27,'12.08 BUSUNJU-KAMPALA'!F27,'13.08 BUSUNJU-KAMPALA'!F27,'14.08 BUSUNJU-KAMPALA'!F27,'15.08 BUSUNJU-KAMPALA'!F27),0) -> 0 | G75: =ROUND(0.7*AVERAGE('11.08 BUSUNJU-KAMPALA'!G27,'12.08 BUSUNJU-KAMPALA'!G27,'13.08 BUSUNJU-KAMPALA'!G27,'14.08 BUSUNJU-KAMPALA'!G27,'15.08 BUSUNJU-KAMPALA'!G27),0) -> 0 | H75: =ROUND(0.7*AVERAGE('11.08 BUSUNJU-KAMPALA'!H27,'12.08 BUSUNJU-KAMPALA'!H27,'13.08 BUSUNJU-KAMPALA'!H27,'14.08 BUSUNJU-KAMPALA'!H27,'15.08 BUSUNJU-KAMPALA'!H27),0) -> 0 | I75: =ROUND(0.7*AVERAGE('11.08 BUSUNJU-KAMPALA'!I27,'12.08 BUSUNJU-KAMPALA'!I27,'13.08 BUSUNJU-KAMPALA'!I27,'14.08 BUSUNJU-KAMPALA'!I27,'15.08 BUSUNJU-KAMPALA'!I27),0) -> 1 | J75: =ROUND(0.7*AVERAGE('11.08 BUSUNJU-KAMPALA'!J27,'12.08 BUSUNJU-KAMPALA'!J27,'13.08 BUSUNJU-KAMPALA'!J27,'14.08 BUSUNJU-KAMPALA'!J27,'15.08 BUSUNJU-KAMPALA'!J27),0) -> 0 | ... N75: =ROUND(0.7*AVERAGE('11.08 BUSUNJU-KAMPALA'!N27,'12.08 BUSUNJU-KAMPALA'!N27,'13.08 BUSUNJU-KAMPALA'!N27,'14.08 BUSUNJU-KAMPALA'!N27,'15.08 BUSUNJU-KAMPALA'!N27),0) -> 0 | O75: =SUM(C75:L75,N75) -> 2 | P75: =SUM(C75:N75) -> 13
B76: 23.30 - 23.45 | C76: =ROUND(0.5*AVERAGE('11.08 BUSUNJU-KAMPALA'!C28,'12.08 BUSUNJU-KAMPALA'!C28,'13.08 BUSUNJU-KAMPALA'!C28,'14.08 BUSUNJU-KAMPALA'!C28,'15.08 BUSUNJU-KAMPALA'!C28),0) -> 1 | D76: =ROUND(0.5*AVERAGE('11.08 BUSUNJU-KAMPALA'!D28,'12.08 BUSUNJU-KAMPALA'!D28,'13.08 BUSUNJU-KAMPALA'!D28,'14.08 BUSUNJU-KAMPALA'!D28,'15.08 BUSUNJU-KAMPALA'!D28),0) -> 0 | E76: =ROUND(0.5*AVERAGE('11.08 BUSUNJU-KAMPALA'!E28,'12.08 BUSUNJU-KAMPALA'!E28,'13.08 BUSUNJU-KAMPALA'!E28,'14.08 BUSUNJU-KAMPALA'!E28,'15.08 BUSUNJU-KAMPALA'!E28),0) -> 0 | F76: =ROUND(0.5*AVERAGE('11.08 BUSUNJU-KAMPALA'!F28,'12.08 BUSUNJU-KAMPALA'!F28,'13.08 BUSUNJU-KAMPALA'!F28,'14.08 BUSUNJU-KAMPALA'!F28,'15.08 BUSUNJU-KAMPALA'!F28),0) -> 0 | G76: =ROUND(0.5*AVERAGE('11.08 BUSUNJU-KAMPALA'!G28,'12.08 BUSUNJU-KAMPALA'!G28,'13.08 BUSUNJU-KAMPALA'!G28,'14.08 BUSUNJU-KAMPALA'!G28,'15.08 BUSUNJU-KAMPALA'!G28),0) -> 0 | H76: =ROUND(0.5*AVERAGE('11.08 BUSUNJU-KAMPALA'!H28,'12.08 BUSUNJU-KAMPALA'!H28,'13.08 BUSUNJU-KAMPALA'!H28,'14.08 BUSUNJU-KAMPALA'!H28,'15.08 BUSUNJU-KAMPALA'!H28),0) -> 0 | I76: =ROUND(0.5*AVERAGE('11.08 BUSUNJU-KAMPALA'!I28,'12.08 BUSUNJU-KAMPALA'!I28,'13.08 BUSUNJU-KAMPALA'!I28,'14.08 BUSUNJU-KAMPALA'!I28,'15.08 BUSUNJU-KAMPALA'!I28),0) -> 0 | J76: =ROUND(0.5*AVERAGE('11.08 BUSUNJU-KAMPALA'!J28,'12.08 BUSUNJU-KAMPALA'!J28,'13.08 BUSUNJU-KAMPALA'!J28,'14.08 BUSUNJU-KAMPALA'!J28,'15.08 BUSUNJU-KAMPALA'!J28),0) -> 0 | ... N76: =ROUND(0.5*AVERAGE('11.08 BUSUNJU-KAMPALA'!N28,'12.08 BUSUNJU-KAMPALA'!N28,'13.08 BUSUNJU-KAMPALA'!N28,'14.08 BUSUNJU-KAMPALA'!N28,'15.08 BUSUNJU-KAMPALA'!N28),0) -> 0 | O76: =SUM(C76:L76,N76) -> 1 | P76: =SUM(C76:N76) -> 10
B77: 23.45 - 00.00 | C77: =ROUND(0.5*AVERAGE('11.08 BUSUNJU-KAMPALA'!C29,'12.08 BUSUNJU-KAMPALA'!C29,'13.08 BUSUNJU-KAMPALA'!C29,'14.08 BUSUNJU-KAMPALA'!C29,'15.08 BUSUNJU-KAMPALA'!C29),0) -> 0 | D77: =ROUND(0.5*AVERAGE('11.08 BUSUNJU-KAMPALA'!D29,'12.08 BUSUNJU-KAMPALA'!D29,'13.08 BUSUNJU-KAMPALA'!D29,'14.08 BUSUNJU-KAMPALA'!D29,'15.08 BUSUNJU-KAMPALA'!D29),0) -> 0 | E77: =ROUND(0.5*AVERAGE('11.08 BUSUNJU-KAMPALA'!E29,'12.08 BUSUNJU-KAMPALA'!E29,'13.08 BUSUNJU-KAMPALA'!E29,'14.08 BUSUNJU-KAMPALA'!E29,'15.08 BUSUNJU-KAMPALA'!E29),0) -> 0 | F77: =ROUND(0.5*AVERAGE('11.08 BUSUNJU-KAMPALA'!F29,'12.08 BUSUNJU-KAMPALA'!F29,'13.08 BUSUNJU-KAMPALA'!F29,'14.08 BUSUNJU-KAMPALA'!F29,'15.08 BUSUNJU-KAMPALA'!F29),0) -> 0 | G77: =ROUND(0.5*AVERAGE('11.08 BUSUNJU-KAMPALA'!G29,'12.08 BUSUNJU-KAMPALA'!G29,'13.08 BUSUNJU-KAMPALA'!G29,'14.08 BUSUNJU-KAMPALA'!G29,'15.08 BUSUNJU-KAMPALA'!G29),0) -> 0 | H77: =ROUND(0.5*AVERAGE('11.08 BUSUNJU-KAMPALA'!H29,'12.08 BUSUNJU-KAMPALA'!H29,'13.08 BUSUNJU-KAMPALA'!H29,'14.08 BUSUNJU-KAMPALA'!H29,'15.08 BUSUNJU-KAMPALA'!H29),0) -> 0 | I77: =ROUND(0.5*AVERAGE('11.08 BUSUNJU-KAMPALA'!I29,'12.08 BUSUNJU-KAMPALA'!I29,'13.08 BUSUNJU-KAMPALA'!I29,'14.08 BUSUNJU-KAMPALA'!I29,'15.08 BUSUNJU-KAMPALA'!I29),0) -> 0 | J77: =ROUND(0.5*AVERAGE('11.08 BUSUNJU-KAMPALA'!J29,'12.08 BUSUNJU-KAMPALA'!J29,'13.08 BUSUNJU-KAMPALA'!J29,'14.08 BUSUNJU-KAMPALA'!J29,'15.08 BUSUNJU-KAMPALA'!J29),0) -> 0 | ... N77: =ROUND(0.5*AVERAGE('11.08 BUSUNJU-KAMPALA'!N29,'12.08 BUSUNJU-KAMPALA'!N29,'13.08 BUSUNJU-KAMPALA'!N29,'14.08 BUSUNJU-KAMPALA'!N29,'15.08 BUSUNJU-KAMPALA'!N29),0) -> 0 | O77: =SUM(C77:L77,N77) -> 0 | P77: =SUM(C77:N77) -> 7
B78: 00.00 - 00.15 | C78: =ROUND(0.5*AVERAGE('11.08 BUSUNJU-KAMPALA'!C30,'12.08 BUSUNJU-KAMPALA'!C30,'13.08 BUSUNJU-KAMPALA'!C30,'14.08 BUSUNJU-KAMPALA'!C30,'15.08 BUSUNJU-KAMPALA'!C30),0) -> 1 | D78: =ROUND(0.5*AVERAGE('11.08 BUSUNJU-KAMPALA'!D30,'12.08 BUSUNJU-KAMPALA'!D30,'13.08 BUSUNJU-KAMPALA'!D30,'14.08 BUSUNJU-KAMPALA'!D30,'15.08 BUSUNJU-KAMPALA'!D30),0) -> 0 | E78: =ROUND(0.5*AVERAGE('11.08 BUSUNJU-KAMPALA'!E30,'12.08 BUSUNJU-KAMPALA'!E30,'13.08 BUSUNJU-KAMPALA'!E30,'14.08 BUSUNJU-KAMPALA'!E30,'15.08 BUSUNJU-KAMPALA'!E30),0) -> 1 | F78: =ROUND(0.5*AVERAGE('11.08 BUSUNJU-KAMPALA'!F30,'12.08 BUSUNJU-KAMPALA'!F30,'13.08 BUSUNJU-KAMPALA'!F30,'14.08 BUSUNJU-KAMPALA'!F30,'15.08 BUSUNJU-KAMPALA'!F30),0) -> 0 | G78: =ROUND(0.5*AVERAGE('11.08 BUSUNJU-KAMPALA'!G30,'12.08 BUSUNJU-KAMPALA'!G30,'13.08 BUSUNJU-KAMPALA'!G30,'14.08 BUSUNJU-KAMPALA'!G30,'15.08 BUSUNJU-KAMPALA'!G30),0) -> 0 | H78: =ROUND(0.5*AVERAGE('11.08 BUSUNJU-KAMPALA'!H30,'12.08 BUSUNJU-KAMPALA'!H30,'13.08 BUSUNJU-KAMPALA'!H30,'14.08 BUSUNJU-KAMPALA'!H30,'15.08 BUSUNJU-KAMPALA'!H30),0) -> 0 | I78: =ROUND(0.5*AVERAGE('11.08 BUSUNJU-KAMPALA'!I30,'12.08 BUSUNJU-KAMPALA'!I30,'13.08 BUSUNJU-KAMPALA'!I30,'14.08 BUSUNJU-KAMPALA'!I30,'15.08 BUSUNJU-KAMPALA'!I30),0) -> 0 | J78: =ROUND(0.5*AVERAGE('11.08 BUSUNJU-KAMPALA'!J30,'12.08 BUSUNJU-KAMPALA'!J30,'13.08 BUSUNJU-KAMPALA'!J30,'14.08 BUSUNJU-KAMPALA'!J30,'15.08 BUSUNJU-KAMPALA'!J30),0) -> 0 | ... N78: =ROUND(0.5*AVERAGE('11.08 BUSUNJU-KAMPALA'!N30,'12.08 BUSUNJU-KAMPALA'!N30,'13.08 BUSUNJU-KAMPALA'!N30,'14.08 BUSUNJU-KAMPALA'!N30,'15.08 BUSUNJU-KAMPALA'!N30),0) -> 0 | O78: =SUM(C78:L78,N78) -> 2 | P78: =SUM(C78:N78) -> 10
B79: 00.15 - 00.30 | C79: =ROUND(0.5*AVERAGE('11.08 BUSUNJU-KAMPALA'!C31,'12.08 BUSUNJU-KAMPALA'!C31,'13.08 BUSUNJU-KAMPALA'!C31,'14.08 BUSUNJU-KAMPALA'!C31,'15.08 BUSUNJU-KAMPALA'!C31),0) -> 0 | D79: =ROUND(0.5*AVERAGE('11.08 BUSUNJU-KAMPALA'!D31,'12.08 BUSUNJU-KAMPALA'!D31,'13.08 BUSUNJU-KAMPALA'!D31,'14.08 BUSUNJU-KAMPALA'!D31,'15.08 BUSUNJU-KAMPALA'!D31),0) -> 0 | E79: =ROUND(0.5*AVERAGE('11.08 BUSUNJU-KAMPALA'!E31,'12.08 BUSUNJU-KAMPALA'!E31,'13.08 BUSUNJU-KAMPALA'!E31,'14.08 BUSUNJU-KAMPALA'!E31,'15.08 BUSUNJU-KAMPALA'!E31),0) -> 0 | F79: =ROUND(0.5*AVERAGE('11.08 BUSUNJU-KAMPALA'!F31,'12.08 BUSUNJU-KAMPALA'!F31,'13.08 BUSUNJU-KAMPALA'!F31,'14.08 BUSUNJU-KAMPALA'!F31,'15.08 BUSUNJU-KAMPALA'!F31),0) -> 0 | G79: =ROUND(0.5*AVERAGE('11.08 BUSUNJU-KAMPALA'!G31,'12.08 BUSUNJU-KAMPALA'!G31,'13.08 BUSUNJU-KAMPALA'!G31,'14.08 BUSUNJU-KAMPALA'!G31,'15.08 BUSUNJU-KAMPALA'!G31),0) -> 0 | H79: =ROUND(0.5*AVERAGE('11.08 BUSUNJU-KAMPALA'!H31,'12.08 BUSUNJU-KAMPALA'!H31,'13.08 BUSUNJU-KAMPALA'!H31,'14.08 BUSUNJU-KAMPALA'!H31,'15.08 BUSUNJU-KAMPALA'!H31),0) -> 0 | I79: =ROUND(0.5*AVERAGE('11.08 BUSUNJU-KAMPALA'!I31,'12.08 BUSUNJU-KAMPALA'!I31,'13.08 BUSUNJU-KAMPALA'!I31,'14.08 BUSUNJU-KAMPALA'!I31,'15.08 BUSUNJU-KAMPALA'!I31),0) -> 1 | J79: =ROUND(0.5*AVERAGE('11.08 BUSUNJU-KAMPALA'!J31,'12.08 BUSUNJU-KAMPALA'!J31,'13.08 BUSUNJU-KAMPALA'!J31,'14.08 BUSUNJU-KAMPALA'!J31,'15.08 BUSUNJU-KAMPALA'!J31),0) -> 0 | ... N79: =ROUND(0.5*AVERAGE('11.08 BUSUNJU-KAMPALA'!N31,'12.08 BUSUNJU-KAMPALA'!N31,'13.08 BUSUNJU-KAMPALA'!N31,'14.08 BUSUNJU-KAMPALA'!N31,'15.08 BUSUNJU-KAMPALA'!N31),0) -> 0 | O79: =SUM(C79:L79,N79) -> 1 | P79: =SUM(C79:N79) -> 8
B80: 00.30 - 00.45 | C80: =ROUND(0.3*AVERAGE('11.08 BUSUNJU-KAMPALA'!C32,'12.08 BUSUNJU-KAMPALA'!C32,'13.08 BUSUNJU-KAMPALA'!C32,'14.08 BUSUNJU-KAMPALA'!C32,'15.08 BUSUNJU-KAMPALA'!C32),0) -> 0 | D80: =ROUND(0.3*AVERAGE('11.08 BUSUNJU-KAMPALA'!D32,'12.08 BUSUNJU-KAMPALA'!D32,'13.08 BUSUNJU-KAMPALA'!D32,'14.08 BUSUNJU-KAMPALA'!D32,'15.08 BUSUNJU-KAMPALA'!D32),0) -> 0 | E80: =ROUND(0.3*AVERAGE('11.08 BUSUNJU-KAMPALA'!E32,'12.08 BUSUNJU-KAMPALA'!E32,'13.08 BUSUNJU-KAMPALA'!E32,'14.08 BUSUNJU-KAMPALA'!E32,'15.08 BUSUNJU-KAMPALA'!E32),0) -> 0 | F80: =ROUND(0.3*AVERAGE('11.08 BUSUNJU-KAMPALA'!F32,'12.08 BUSUNJU-KAMPALA'!F32,'13.08 BUSUNJU-KAMPALA'!F32,'14.08 BUSUNJU-KAMPALA'!F32,'15.08 BUSUNJU-KAMPALA'!F32),0) -> 0 | G80: =ROUND(0.3*AVERAGE('11.08 BUSUNJU-KAMPALA'!G32,'12.08 BUSUNJU-KAMPALA'!G32,'13.08 BUSUNJU-KAMPALA'!G32,'14.08 BUSUNJU-KAMPALA'!G32,'15.08 BUSUNJU-KAMPALA'!G32),0) -> 0 | H80: =ROUND(0.3*AVERAGE('11.08 BUSUNJU-KAMPALA'!H32,'12.08 BUSUNJU-KAMPALA'!H32,'13.08 BUSUNJU-KAMPALA'!H32,'14.08 BUSUNJU-KAMPALA'!H32,'15.08 BUSUNJU-KAMPALA'!H32),0) -> 0 | I80: =ROUND(0.3*AVERAGE('11.08 BUSUNJU-KAMPALA'!I32,'12.08 BUSUNJU-KAMPALA'!I32,'13.08 BUSUNJU-KAMPALA'!I32,'14.08 BUSUNJU-KAMPALA'!I32,'15.08 BUSUNJU-KAMPALA'!I32),0) -> 1 | J80: =ROUND(0.3*AVERAGE('11.08 BUSUNJU-KAMPALA'!J32,'12.08 BUSUNJU-KAMPALA'!J32,'13.08 BUSUNJU-KAMPALA'!J32,'14.08 BUSUNJU-KAMPALA'!J32,'15.08 BUSUNJU-KAMPALA'!J32),0) -> 0 | ... N80: =ROUND(0.3*AVERAGE('11.08 BUSUNJU-KAMPALA'!N32,'12.08 BUSUNJU-KAMPALA'!N32,'13.08 BUSUNJU-KAMPALA'!N32,'14.08 BUSUNJU-KAMPALA'!N32,'15.08 BUSUNJU-KAMPALA'!N32),0) -> 0 | O80: =SUM(C80:L80,N80) -> 1 | P80: =SUM(C80:N80) -> 6
B81: 00.45 - 01.00 | C81: =ROUND(0.3*AVERAGE('11.08 BUSUNJU-KAMPALA'!C33,'12.08 BUSUNJU-KAMPALA'!C33,'13.08 BUSUNJU-KAMPALA'!C33,'14.08 BUSUNJU-KAMPALA'!C33,'15.08 BUSUNJU-KAMPALA'!C33),0) -> 0 | D81: =ROUND(0.3*AVERAGE('11.08 BUSUNJU-KAMPALA'!D33,'12.08 BUSUNJU-KAMPALA'!D33,'13.08 BUSUNJU-KAMPALA'!D33,'14.08 BUSUNJU-KAMPALA'!D33,'15.08 BUSUNJU-KAMPALA'!D33),0) -> 0 | E81: =ROUND(0.3*AVERAGE('11.08 BUSUNJU-KAMPALA'!E33,'12.08 BUSUNJU-KAMPALA'!E33,'13.08 BUSUNJU-KAMPALA'!E33,'14.08 BUSUNJU-KAMPALA'!E33,'15.08 BUSUNJU-KAMPALA'!E33),0) -> 0 | F81: =ROUND(0.3*AVERAGE('11.08 BUSUNJU-KAMPALA'!F33,'12.08 BUSUNJU-KAMPALA'!F33,'13.08 BUSUNJU-KAMPALA'!F33,'14.08 BUSUNJU-KAMPALA'!F33,'15.08 BUSUNJU-KAMPALA'!F33),0) -> 0 | G81: =ROUND(0.3*AVERAGE('11.08 BUSUNJU-KAMPALA'!G33,'12.08 BUSUNJU-KAMPALA'!G33,'13.08 BUSUNJU-KAMPALA'!G33,'14.08 BUSUNJU-KAMPALA'!G33,'15.08 BUSUNJU-KAMPALA'!G33),0) -> 0 | H81: =ROUND(0.3*AVERAGE('11.08 BUSUNJU-KAMPALA'!H33,'12.08 BUSUNJU-KAMPALA'!H33,'13.08 BUSUNJU-KAMPALA'!H33,'14.08 BUSUNJU-KAMPALA'!H33,'15.08 BUSUNJU-KAMPALA'!H33),0) -> 0 | I81: =ROUND(0.3*AVERAGE('11.08 BUSUNJU-KAMPALA'!I33,'12.08 BUSUNJU-KAMPALA'!I33,'13.08 BUSUNJU-KAMPALA'!I33,'14.08 BUSUNJU-KAMPALA'!I33,'15.08 BUSUNJU-KAMPALA'!I33),0) -> 0 | J81: =ROUND(0.3*AVERAGE('11.08 BUSUNJU-KAMPALA'!J33,'12.08 BUSUNJU-KAMPALA'!J33,'13.08 BUSUNJU-KAMPALA'!J33,'14.08 BUSUNJU-KAMPALA'!J33,'15.08 BUSUNJU-KAMPALA'!J33),0) -> 0 | ... N81: =ROUND(0.3*AVERAGE('11.08 BUSUNJU-KAMPALA'!N33,'12.08 BUSUNJU-KAMPALA'!N33,'13.08 BUSUNJU-KAMPALA'!N33,'14.08 BUSUNJU-KAMPALA'!N33,'15.08 BUSUNJU-KAMPALA'!N33),0) -> 0 | O81: =SUM(C81:L81,N81) -> 0 | P81: =SUM(C81:N81) -> 5
B82: 01.00 - 01.15 | C82: =ROUND(0.3*AVERAGE('11.08 BUSUNJU-KAMPALA'!C34,'12.08 BUSUNJU-KAMPALA'!C34,'13.08 BUSUNJU-KAMPALA'!C34,'14.08 BUSUNJU-KAMPALA'!C34,'15.08 BUSUNJU-KAMPALA'!C34),0) -> 0 | D82: =ROUND(0.3*AVERAGE('11.08 BUSUNJU-KAMPALA'!D34,'12.08 BUSUNJU-KAMPALA'!D34,'13.08 BUSUNJU-KAMPALA'!D34,'14.08 BUSUNJU-KAMPALA'!D34,'15.08 BUSUNJU-KAMPALA'!D34),0) -> 0 | E82: =ROUND(0.3*AVERAGE('11.08 BUSUNJU-KAMPALA'!E34,'12.08 BUSUNJU-KAMPALA'!E34,'13.08 BUSUNJU-KAMPALA'!E34,'14.08 BUSUNJU-KAMPALA'!E34,'15.08 BUSUNJU-KAMPALA'!E34),0) -> 0 | F82: =ROUND(0.3*AVERAGE('11.08 BUSUNJU-KAMPALA'!F34,'12.08 BUSUNJU-KAMPALA'!F34,'13.08 BUSUNJU-KAMPALA'!F34,'14.08 BUSUNJU-KAMPALA'!F34,'15.08 BUSUNJU-KAMPALA'!F34),0) -> 0 | G82: =ROUND(0.3*AVERAGE('11.08 BUSUNJU-KAMPALA'!G34,'12.08 BUSUNJU-KAMPALA'!G34,'13.08 BUSUNJU-KAMPALA'!G34,'14.08 BUSUNJU-KAMPALA'!G34,'15.08 BUSUNJU-KAMPALA'!G34),0) -> 0 | H82: =ROUND(0.3*AVERAGE('11.08 BUSUNJU-KAMPALA'!H34,'12.08 BUSUNJU-KAMPALA'!H34,'13.08 BUSUNJU-KAMPALA'!H34,'14.08 BUSUNJU-KAMPALA'!H34,'15.08 BUSUNJU-KAMPALA'!H34),0) -> 0 | I82: =ROUND(0.3*AVERAGE('11.08 BUSUNJU-KAMPALA'!I34,'12.08 BUSUNJU-KAMPALA'!I34,'13.08 BUSUNJU-KAMPALA'!I34,'14.08 BUSUNJU-KAMPALA'!I34,'15.08 BUSUNJU-KAMPALA'!I34),0) -> 0 | J82: =ROUND(0.3*AVERAGE('11.08 BUSUNJU-KAMPALA'!J34,'12.08 BUSUNJU-KAMPALA'!J34,'13.08 BUSUNJU-KAMPALA'!J34,'14.08 BUSUNJU-KAMPALA'!J34,'15.08 BUSUNJU-KAMPALA'!J34),0) -> 0 | ... N82: =ROUND(0.3*AVERAGE('11.08 BUSUNJU-KAMPALA'!N34,'12.08 BUSUNJU-KAMPALA'!N34,'13.08 BUSUNJU-KAMPALA'!N34,'14.08 BUSUNJU-KAMPALA'!N34,'15.08 BUSUNJU-KAMPALA'!N34),0) -> 0 | O82: =SUM(C82:L82,N82) -> 0 | P82: =SUM(C82:N82) -> 4
B83: 01.15 - 01.30 | C83: =ROUND(0.3*AVERAGE('11.08 BUSUNJU-KAMPALA'!C35,'12.08 BUSUNJU-KAMPALA'!C35,'13.08 BUSUNJU-KAMPALA'!C35,'14.08 BUSUNJU-KAMPALA'!C35,'15.08 BUSUNJU-KAMPALA'!C35),0) -> 0 | D83: =ROUND(0.3*AVERAGE('11.08 BUSUNJU-KAMPALA'!D35,'12.08 BUSUNJU-KAMPALA'!D35,'13.08 BUSUNJU-KAMPALA'!D35,'14.08 BUSUNJU-KAMPALA'!D35,'15.08 BUSUNJU-KAMPALA'!D35),0) -> 0 | E83: =ROUND(0.3*AVERAGE('11.08 BUSUNJU-KAMPALA'!E35,'12.08 BUSUNJU-KAMPALA'!E35,'13.08 BUSUNJU-KAMPALA'!E35,'14.08 BUSUNJU-KAMPALA'!E35,'15.08 BUSUNJU-KAMPALA'!E35),0) -> 0 | F83: =ROUND(0.3*AVERAGE('11.08 BUSUNJU-KAMPALA'!F35,'12.08 BUSUNJU-KAMPALA'!F35,'13.08 BUSUNJU-KAMPALA'!F35,'14.08 BUSUNJU-KAMPALA'!F35,'15.08 BUSUNJU-KAMPALA'!F35),0) -> 0 | G83: =ROUND(0.3*AVERAGE('11.08 BUSUNJU-KAMPALA'!G35,'12.08 BUSUNJU-KAMPALA'!G35,'13.08 BUSUNJU-KAMPALA'!G35,'14.08 BUSUNJU-KAMPALA'!G35,'15.08 BUSUNJU-KAMPALA'!G35),0) -> 0 | H83: =ROUND(0.3*AVERAGE('11.08 BUSUNJU-KAMPALA'!H35,'12.08 BUSUNJU-KAMPALA'!H35,'13.08 BUSUNJU-KAMPALA'!H35,'14.08 BUSUNJU-KAMPALA'!H35,'15.08 BUSUNJU-KAMPALA'!H35),0) -> 0 | I83: =ROUND(0.3*AVERAGE('11.08 BUSUNJU-KAMPALA'!I35,'12.08 BUSUNJU-KAMPALA'!I35,'13.08 BUSUNJU-KAMPALA'!I35,'14.08 BUSUNJU-KAMPALA'!I35,'15.08 BUSUNJU-KAMPALA'!I35),0) -> 0 | J83: =ROUND(0.3*AVERAGE('11.08 BUSUNJU-KAMPALA'!J35,'12.08 BUSUNJU-KAMPALA'!J35,'13.08 BUSUNJU-KAMPALA'!J35,'14.08 BUSUNJU-KAMPALA'!J35,'15.08 BUSUNJU-KAMPALA'!J35),0) -> 0 | ... N83: =ROUND(0.3*AVERAGE('11.08 BUSUNJU-KAMPALA'!N35,'12.08 BUSUNJU-KAMPALA'!N35,'13.08 BUSUNJU-KAMPALA'!N35,'14.08 BUSUNJU-KAMPALA'!N35,'15.08 BUSUNJU-KAMPALA'!N35),0) -> 0 | O83: =SUM(C83:L83,N83) -> 0 | P83: =SUM(C83:N83) -> 4
B84: 01.30 - 01.45 | C84: =ROUND(0.3*AVERAGE('11.08 BUSUNJU-KAMPALA'!C36,'12.08 BUSUNJU-KAMPALA'!C36,'13.08 BUSUNJU-KAMPALA'!C36,'14.08 BUSUNJU-KAMPALA'!C36,'15.08 BUSUNJU-KAMPALA'!C36),0) -> 0 | D84: =ROUND(0.3*AVERAGE('11.08 BUSUNJU-KAMPALA'!D36,'12.08 BUSUNJU-KAMPALA'!D36,'13.08 BUSUNJU-KAMPALA'!D36,'14.08 BUSUNJU-KAMPALA'!D36,'15.08 BUSUNJU-KAMPALA'!D36),0) -> 0 | E84: =ROUND(0.3*AVERAGE('11.08 BUSUNJU-KAMPALA'!E36,'12.08 BUSUNJU-KAMPALA'!E36,'13.08 BUSUNJU-KAMPALA'!E36,'14.08 BUSUNJU-KAMPALA'!E36,'15.08 BUSUNJU-KAMPALA'!E36),0) -> 0 | F84: =ROUND(0.3*AVERAGE('11.08 BUSUNJU-KAMPALA'!F36,'12.08 BUSUNJU-KAMPALA'!F36,'13.08 BUSUNJU-KAMPALA'!F36,'14.08 BUSUNJU-KAMPALA'!F36,'15.08 BUSUNJU-KAMPALA'!F36),0) -> 0 | G84: =ROUND(0.3*AVERAGE('11.08 BUSUNJU-KAMPALA'!G36,'12.08 BUSUNJU-KAMPALA'!G36,'13.08 BUSUNJU-KAMPALA'!G36,'14.08 BUSUNJU-KAMPALA'!G36,'15.08 BUSUNJU-KAMPALA'!G36),0) -> 0 | H84: =ROUND(0.3*AVERAGE('11.08 BUSUNJU-KAMPALA'!H36,'12.08 BUSUNJU-KAMPALA'!H36,'13.08 BUSUNJU-KAMPALA'!H36,'14.08 BUSUNJU-KAMPALA'!H36,'15.08 BUSUNJU-KAMPALA'!H36),0) -> 0 | I84: =ROUND(0.3*AVERAGE('11.08 BUSUNJU-KAMPALA'!I36,'12.08 BUSUNJU-KAMPALA'!I36,'13.08 BUSUNJU-KAMPALA'!I36,'14.08 BUSUNJU-KAMPALA'!I36,'15.08 BUSUNJU-KAMPALA'!I36),0) -> 0 | J84: =ROUND(0.3*AVERAGE('11.08 BUSUNJU-KAMPALA'!J36,'12.08 BUSUNJU-KAMPALA'!J36,'13.08 BUSUNJU-KAMPALA'!J36,'14.08 BUSUNJU-KAMPALA'!J36,'15.08 BUSUNJU-KAMPALA'!J36),0) -> 0 | ... N84: =ROUND(0.3*AVERAGE('11.08 BUSUNJU-KAMPALA'!N36,'12.08 BUSUNJU-KAMPALA'!N36,'13.08 BUSUNJU-KAMPALA'!N36,'14.08 BUSUNJU-KAMPALA'!N36,'15.08 BUSUNJU-KAMPALA'!N36),0) -> 0 | O84: =SUM(C84:L84,N84) -> 0 | P84: =SUM(C84:N84) -> 4
B85: 01.45 - 02.00 | C85: =ROUND(0.3*AVERAGE('11.08 BUSUNJU-KAMPALA'!C37,'12.08 BUSUNJU-KAMPALA'!C37,'13.08 BUSUNJU-KAMPALA'!C37,'14.08 BUSUNJU-KAMPALA'!C37,'15.08 BUSUNJU-KAMPALA'!C37),0) -> 0 | D85: =ROUND(0.3*AVERAGE('11.08 BUSUNJU-KAMPALA'!D37,'12.08 BUSUNJU-KAMPALA'!D37,'13.08 BUSUNJU-KAMPALA'!D37,'14.08 BUSUNJU-KAMPALA'!D37,'15.08 BUSUNJU-KAMPALA'!D37),0) -> 0 | E85: =ROUND(0.3*AVERAGE('11.08 BUSUNJU-KAMPALA'!E37,'12.08 BUSUNJU-KAMPALA'!E37,'13.08 BUSUNJU-KAMPALA'!E37,'14.08 BUSUNJU-KAMPALA'!E37,'15.08 BUSUNJU-KAMPALA'!E37),0) -> 0 | F85: =ROUND(0.3*AVERAGE('11.08 BUSUNJU-KAMPALA'!F37,'12.08 BUSUNJU-KAMPALA'!F37,'13.08 BUSUNJU-KAMPALA'!F37,'14.08 BUSUNJU-KAMPALA'!F37,'15.08 BUSUNJU-KAMPALA'!F37),0) -> 0 | G85: =ROUND(0.3*AVERAGE('11.08 BUSUNJU-KAMPALA'!G37,'12.08 BUSUNJU-KAMPALA'!G37,'13.08 BUSUNJU-KAMPALA'!G37,'14.08 BUSUNJU-KAMPALA'!G37,'15.08 BUSUNJU-KAMPALA'!G37),0) -> 0 | H85: =ROUND(0.3*AVERAGE('11.08 BUSUNJU-KAMPALA'!H37,'12.08 BUSUNJU-KAMPALA'!H37,'13.08 BUSUNJU-KAMPALA'!H37,'14.08 BUSUNJU-KAMPALA'!H37,'15.08 BUSUNJU-KAMPALA'!H37),0) -> 0 | I85: =ROUND(0.3*AVERAGE('11.08 BUSUNJU-KAMPALA'!I37,'12.08 BUSUNJU-KAMPALA'!I37,'13.08 BUSUNJU-KAMPALA'!I37,'14.08 BUSUNJU-KAMPALA'!I37,'15.08 BUSUNJU-KAMPALA'!I37),0) -> 0 | J85: =ROUND(0.3*AVERAGE('11.08 BUSUNJU-KAMPALA'!J37,'12.08 BUSUNJU-KAMPALA'!J37,'13.08 BUSUNJU-KAMPALA'!J37,'14.08 BUSUNJU-KAMPALA'!J37,'15.08 BUSUNJU-KAMPALA'!J37),0) -> 0 | ... N85: =ROUND(0.3*AVERAGE('11.08 BUSUNJU-KAMPALA'!N37,'12.08 BUSUNJU-KAMPALA'!N37,'13.08 BUSUNJU-KAMPALA'!N37,'14.08 BUSUNJU-KAMPALA'!N37,'15.08 BUSUNJU-KAMPALA'!N37),0) -> 0 | O85: =SUM(C85:L85,N85) -> 0 | P85: =SUM(C85:N85) -> 4
B86: 02.00 - 02.15 | C86: =ROUND(0.2*AVERAGE('11.08 BUSUNJU-KAMPALA'!C38,'12.08 BUSUNJU-KAMPALA'!C38,'13.08 BUSUNJU-KAMPALA'!C38,'14.08 BUSUNJU-KAMPALA'!C38,'15.08 BUSUNJU-KAMPALA'!C38),0) -> 0 | D86: =ROUND(0.2*AVERAGE('11.08 BUSUNJU-KAMPALA'!D38,'12.08 BUSUNJU-KAMPALA'!D38,'13.08 BUSUNJU-KAMPALA'!D38,'14.08 BUSUNJU-KAMPALA'!D38,'15.08 BUSUNJU-KAMPALA'!D38),0) -> 0 | E86: =ROUND(0.2*AVERAGE('11.08 BUSUNJU-KAMPALA'!E38,'12.08 BUSUNJU-KAMPALA'!E38,'13.08 BUSUNJU-KAMPALA'!E38,'14.08 BUSUNJU-KAMPALA'!E38,'15.08 BUSUNJU-KAMPALA'!E38),0) -> 0 | F86: =ROUND(0.2*AVERAGE('11.08 BUSUNJU-KAMPALA'!F38,'12.08 BUSUNJU-KAMPALA'!F38,'13.08 BUSUNJU-KAMPALA'!F38,'14.08 BUSUNJU-KAMPALA'!F38,'15.08 BUSUNJU-KAMPALA'!F38),0) -> 0 | G86: =ROUND(0.2*AVERAGE('11.08 BUSUNJU-KAMPALA'!G38,'12.08 BUSUNJU-KAMPALA'!G38,'13.08 BUSUNJU-KAMPALA'!G38,'14.08 BUSUNJU-KAMPALA'!G38,'15.08 BUSUNJU-KAMPALA'!G38),0) -> 0 | H86: =ROUND(0.2*AVERAGE('11.08 BUSUNJU-KAMPALA'!H38,'12.08 BUSUNJU-KAMPALA'!H38,'13.08 BUSUNJU-KAMPALA'!H38,'14.08 BUSUNJU-KAMPALA'!H38,'15.08 BUSUNJU-KAMPALA'!H38),0) -> 0 | I86: =ROUND(0.2*AVERAGE('11.08 BUSUNJU-KAMPALA'!I38,'12.08 BUSUNJU-KAMPALA'!I38,'13.08 BUSUNJU-KAMPALA'!I38,'14.08 BUSUNJU-KAMPALA'!I38,'15.08 BUSUNJU-KAMPALA'!I38),0) -> 0 | J86: =ROUND(0.2*AVERAGE('11.08 BUSUNJU-KAMPALA'!J38,'12.08 BUSUNJU-KAMPALA'!J38,'13.08 BUSUNJU-KAMPALA'!J38,'14.08 BUSUNJU-KAMPALA'!J38,'15.08 BUSUNJU-KAMPALA'!J38),0) -> 0 | ... N86: =ROUND(0.2*AVERAGE('11.08 BUSUNJU-KAMPALA'!N38,'12.08 BUSUNJU-KAMPALA'!N38,'13.08 BUSUNJU-KAMPALA'!N38,'14.08 BUSUNJU-KAMPALA'!N38,'15.08 BUSUNJU-KAMPALA'!N38),0) -> 0 | O86: =SUM(C86:L86,N86) -> 0 | P86: =SUM(C86:N86) -> 3
B87: 02.15 - 02.30 | C87: =ROUND(0.2*AVERAGE('11.08 BUSUNJU-KAMPALA'!C39,'12.08 BUSUNJU-KAMPALA'!C39,'13.08 BUSUNJU-KAMPALA'!C39,'14.08 BUSUNJU-KAMPALA'!C39,'15.08 BUSUNJU-KAMPALA'!C39),0) -> 0 | D87: =ROUND(0.2*AVERAGE('11.08 BUSUNJU-KAMPALA'!D39,'12.08 BUSUNJU-KAMPALA'!D39,'13.08 BUSUNJU-KAMPALA'!D39,'14.08 BUSUNJU-KAMPALA'!D39,'15.08 BUSUNJU-KAMPALA'!D39),0) -> 0 | E87: =ROUND(0.2*AVERAGE('11.08 BUSUNJU-KAMPALA'!E39,'12.08 BUSUNJU-KAMPALA'!E39,'13.08 BUSUNJU-KAMPALA'!E39,'14.08 BUSUNJU-KAMPALA'!E39,'15.08 BUSUNJU-KAMPALA'!E39),0) -> 0 | F87: =ROUND(0.2*AVERAGE('11.08 BUSUNJU-KAMPALA'!F39,'12.08 BUSUNJU-KAMPALA'!F39,'13.08 BUSUNJU-KAMPALA'!F39,'14.08 BUSUNJU-KAMPALA'!F39,'15.08 BUSUNJU-KAMPALA'!F39),0) -> 0 | G87: =ROUND(0.2*AVERAGE('11.08 BUSUNJU-KAMPALA'!G39,'12.08 BUSUNJU-KAMPALA'!G39,'13.08 BUSUNJU-KAMPALA'!G39,'14.08 BUSUNJU-KAMPALA'!G39,'15.08 BUSUNJU-KAMPALA'!G39),0) -> 0 | H87: =ROUND(0.2*AVERAGE('11.08 BUSUNJU-KAMPALA'!H39,'12.08 BUSUNJU-KAMPALA'!H39,'13.08 BUSUNJU-KAMPALA'!H39,'14.08 BUSUNJU-KAMPALA'!H39,'15.08 BUSUNJU-KAMPALA'!H39),0) -> 0 | I87: =ROUND(0.2*AVERAGE('11.08 BUSUNJU-KAMPALA'!I39,'12.08 BUSUNJU-KAMPALA'!I39,'13.08 BUSUNJU-KAMPALA'!I39,'14.08 BUSUNJU-KAMPALA'!I39,'15.08 BUSUNJU-KAMPALA'!I39),0) -> 0 | J87: =ROUND(0.2*AVERAGE('11.08 BUSUNJU-KAMPALA'!J39,'12.08 BUSUNJU-KAMPALA'!J39,'13.08 BUSUNJU-KAMPALA'!J39,'14.08 BUSUNJU-KAMPALA'!J39,'15.08 BUSUNJU-KAMPALA'!J39),0) -> 0 | ... N87: =ROUND(0.2*AVERAGE('11.08 BUSUNJU-KAMPALA'!N39,'12.08 BUSUNJU-KAMPALA'!N39,'13.08 BUSUNJU-KAMPALA'!N39,'14.08 BUSUNJU-KAMPALA'!N39,'15.08 BUSUNJU-KAMPALA'!N39),0) -> 0 | O87: =SUM(C87:L87,N87) -> 0 | P87: =SUM(C87:N87) -> 3
B88: 02.30 - 02.45 | C88: =ROUND(0.2*AVERAGE('11.08 BUSUNJU-KAMPALA'!C40,'12.08 BUSUNJU-KAMPALA'!C40,'13.08 BUSUNJU-KAMPALA'!C40,'14.08 BUSUNJU-KAMPALA'!C40,'15.08 BUSUNJU-KAMPALA'!C40),0) -> 0 | D88: =ROUND(0.2*AVERAGE('11.08 BUSUNJU-KAMPALA'!D40,'12.08 BUSUNJU-KAMPALA'!D40,'13.08 BUSUNJU-KAMPALA'!D40,'14.08 BUSUNJU-KAMPALA'!D40,'15.08 BUSUNJU-KAMPALA'!D40),0) -> 0 | E88: =ROUND(0.2*AVERAGE('11.08 BUSUNJU-KAMPALA'!E40,'12.08 BUSUNJU-KAMPALA'!E40,'13.08 BUSUNJU-KAMPALA'!E40,'14.08 BUSUNJU-KAMPALA'!E40,'15.08 BUSUNJU-KAMPALA'!E40),0) -> 0 | F88: =ROUND(0.2*AVERAGE('11.08 BUSUNJU-KAMPALA'!F40,'12.08 BUSUNJU-KAMPALA'!F40,'13.08 BUSUNJU-KAMPALA'!F40,'14.08 BUSUNJU-KAMPALA'!F40,'15.08 BUSUNJU-KAMPALA'!F40),0) -> 0 | G88: =ROUND(0.2*AVERAGE('11.08 BUSUNJU-KAMPALA'!G40,'12.08 BUSUNJU-KAMPALA'!G40,'13.08 BUSUNJU-KAMPALA'!G40,'14.08 BUSUNJU-KAMPALA'!G40,'15.08 BUSUNJU-KAMPALA'!G40),0) -> 0 | H88: =ROUND(0.2*AVERAGE('11.08 BUSUNJU-KAMPALA'!H40,'12.08 BUSUNJU-KAMPALA'!H40,'13.08 BUSUNJU-KAMPALA'!H40,'14.08 BUSUNJU-KAMPALA'!H40,'15.08 BUSUNJU-KAMPALA'!H40),0) -> 0 | I88: =ROUND(0.2*AVERAGE('11.08 BUSUNJU-KAMPALA'!I40,'12.08 BUSUNJU-KAMPALA'!I40,'13.08 BUSUNJU-KAMPALA'!I40,'14.08 BUSUNJU-KAMPALA'!I40,'15.08 BUSUNJU-KAMPALA'!I40),0) -> 0 | J88: =ROUND(0.2*AVERAGE('11.08 BUSUNJU-KAMPALA'!J40,'12.08 BUSUNJU-KAMPALA'!J40,'13.08 BUSUNJU-KAMPALA'!J40,'14.08 BUSUNJU-KAMPALA'!J40,'15.08 BUSUNJU-KAMPALA'!J40),0) -> 0 | ... N88: =ROUND(0.2*AVERAGE('11.08 BUSUNJU-KAMPALA'!N40,'12.08 BUSUNJU-KAMPALA'!N40,'13.08 BUSUNJU-KAMPALA'!N40,'14.08 BUSUNJU-KAMPALA'!N40,'15.08 BUSUNJU-KAMPALA'!N40),0) -> 0 | O88: =SUM(C88:L88,N88) -> 0 | P88: =SUM(C88:N88) -> 3
