Workbook

Sheet 22.07 RUBAGA-KABUSU
B1: Consultancy services for Preparation of Expressway Development Master Plan (EDMP) for Uganda
B2: MANUAL CLASSIFIED COUNT (MCC)
B3: ROAD NAME: | C3: MCC - C1 - STN05 - KABUSU ROAD
C5: Date | D5: 22.07.19 | F5: Location | G5: CHAD SUPERMARKET | J5: Surveyor | K5: EMMANUEL EGIMU
C6: Dir. From | D6: RUBAGA | F6: Dir. To | G6: KABUSU | J6: Supervisor | K6: DENIS
B8: Time / Veh Type | R8: SUMMARY TRAFFIC VOLUMES
C9: 1. Car | D9: 2. Station Wagon | E9: 3. Pickups | F9: 4. Minibus, matatu | G9: 5. Medium bus | H9: 6. Large Bus | I9: 7. Light Truck | J9: 8. Medium Truck | K9: 9. Heavy truck | L9: 10. Truck Trailer | M9: 11. Motor cycles | N9: 12. Tractors | O9: Total Excl M/Cycles | P9: Total All | R9: Time | S9: 1. Car | T9: 2. Station Wagon | U9: 3. Pickups | V9: 4. Minibus, matatu | W9: 5. Medium bus | X9: 6. Large Bus | Y9: 7. Light Truck | Z9: 8. Medium Truck | AA9: 9. Heavy truck | AB9: 10. Truck Trailer | AC9: 11. Motorcycles | AD9: 12. Tractors, Graders | AE9: Total Excl M/ Cycles | AF9: Total All
B10: 07.00 - 07.15 | C10: 10 | D10: 9 | E10: 1 | F10: 10 | G10: 2 | H10: 0 | I10: 0 | J10: 0 | K10: 0 | L10: 0 | M10: 60 | N10: 0 | O10: =SUM(C10:L10,N10) -> 32 | P10: =SUM(C10:N10) -> 92 | R10: 0700-0800 | S10: =SUM(C10:C13) -> 63 | T10: =SUM(D10:D13) -> 17 | U10: =SUM(E10:E13) -> 6 | V10: =SUM(F10:F13) -> 72 | W10: =SUM(G10:G13) -> 3 | X10: =SUM(H10:H13) -> 0 | Y10: =SUM(I10:I13) -> 7 | Z10: =SUM(J10:J13) -> 3 | ... AF10: =SUM(P10:P13) -> 564
B11: 07.15 - 07.30 | C11: 7 | D11: 0 | E11: 1 | F11: 14 | G11: 0 | H11: 0 | I11: 2 | J11: 0 | K11: 0 | L11: 0 | M11: 58 | N11: 0 | O11: =SUM(C11:L11,N11) -> 24 | P11: =SUM(C11:N11) -> 82 | R11: 0800-0900 | S11: =SUM(C14:C17) -> 77 | T11: =SUM(D14:D17) -> 21 | U11: =SUM(E14:E17) -> 9 | V11: =SUM(F14:F17) -> 106 | W11: =SUM(G14:G17) -> 2 | X11: =SUM(H14:H17) -> 1 | Y11: =SUM(I14:I17) -> 17 | Z11: =SUM(J14:J17) -> 7 | ... AF11: =SUM(P14:P17) -> 1375
B12: 07.30 - 07.45 | C12: 15 | D12: 3 | E12: 3 | F12: 20 | G12: 0 | H12: 0 | I12: 2 | J12: 1 | K12: 0 | L12: 0 | M12: 70 | N12: 0 | O12: =SUM(C12:L12,N12) -> 44 | P12: =SUM(C12:N12) -> 114 | R12: 0900-1000 | S12: =SUM(C18:C21) -> 81 | T12: =SUM(D18:D21) -> 17 | U12: =SUM(E18:E21) -> 11 | V12: =SUM(F18:F21) -> 94 | W12: =SUM(G18:G21) -> 7 | X12: =SUM(H18:H21) -> 3 | Y12: =SUM(I18:I21) -> 10 | Z12: =SUM(J18:J21) -> 10 | ... AF12: =SUM(P18:P21) -> 1199
B13: 07.45 - 08.00 | C13: 31 | D13: 5 | E13: 1 | F13: 28 | G13: 1 | H13: 0 | I13: 3 | J13: 2 | K13: 0 | L13: 0 | M13: 205 | N13: 0 | O13: =SUM(C13:L13,N13) -> 71 | P13: =SUM(C13:N13) -> 276 | R13: 1000-1100 | S13: =SUM(C22:C25) -> 91 | T13: =SUM(D22:D25) -> 28 | U13: =SUM(E22:E25) -> 14 | V13: =SUM(F22:F25) -> 84 | W13: =SUM(G22:G25) -> 1 | X13: =SUM(H22:H25) -> 2 | Y13: =SUM(I22:I25) -> 21 | Z13: =SUM(J22:J25) -> 10 | ... AF13: =SUM(P22:P25) -> 966
B14: 08.00 - 08.15 | C14: 18 | D14: 7 | E14: 2 | F14: 21 | G14: 0 | H14: 0 | I14: 5 | J14: 2 | K14: 0 | L14: 0 | M14: 252 | N14: 0 | O14: =SUM(C14:L14,N14) -> 55 | P14: =SUM(C14:N14) -> 307 | R14: 1100-1200 | S14: =SUM(C26:C29) -> 107 | T14: =SUM(D26:D29) -> 17 | U14: =SUM(E26:E29) -> 9 | V14: =SUM(F26:F29) -> 68 | W14: =SUM(G26:G29) -> 1 | X14: =SUM(H26:H29) -> 0 | Y14: =SUM(I26:I29) -> 23 | Z14: =SUM(J26:J29) -> 17 | ... AF14: =SUM(P26:P29) -> 848
B15: 08.15 - 08.30 | C15: 22 | D15: 4 | E15: 4 | F15: 19 | G15: 1 | H15: 0 | I15: 4 | J15: 1 | K15: 0 | L15: 0 | M15: 241 | N15: 0 | O15: =SUM(C15:L15,N15) -> 55 | P15: =SUM(C15:N15) -> 296 | R15: 1200-1300 | S15: =SUM(C30:C33) -> 107 | T15: =SUM(D30:D33) -> 29 | U15: =SUM(E30:E33) -> 20 | V15: =SUM(F30:F33) -> 61 | W15: =SUM(G30:G33) -> 0 | X15: =SUM(H30:H33) -> 2 | Y15: =SUM(I30:I33) -> 19 | Z15: =SUM(J30:J33) -> 14 | ... AF15: =SUM(P30:P33) -> 894
B16: 08.30 - 08.45 | C16: 18 | D16: 1 | E16: 1 | F16: 47 | G16: 0 | H16: 0 | I16: 5 | J16: 2 | K16: 0 | L16: 0 | M16: 286 | N16: 0 | O16: =SUM(C16:L16,N16) -> 74 | P16: =SUM(C16:N16) -> 360 | R16: 1300-1400 | S16: =SUM(C34:C37) -> 140 | T16: =SUM(D34:D37) -> 19 | U16: =SUM(E34:E37) -> 9 | V16: =SUM(F34:F37) -> 75 | W16: =SUM(G34:G37) -> 0 | X16: =SUM(H34:H37) -> 0 | Y16: =SUM(I34:I37) -> 21 | Z16: =SUM(J34:J37) -> 22 | ... AF16: =SUM(P34:P37) -> 867
B17: 08.45 - 9.00 | C17: 19 | D17: 9 | E17: 2 | F17: 19 | G17: 1 | H17: 1 | I17: 3 | J17: 2 | K17: 0 | L17: 1 | M17: 355 | N17: 0 | O17: =SUM(C17:L17,N17) -> 57 | P17: =SUM(C17:N17) -> 412 | R17: 1400-1500 | S17: =SUM(C38:C41) -> 132 | T17: =SUM(D38:D41) -> 22 | U17: =SUM(E38:E41) -> 8 | V17: =SUM(F38:F41) -> 62 | W17: =SUM(G38:G41) -> 1 | X17: =SUM(H38:H41) -> 1 | Y17: =SUM(I38:I41) -> 15 | Z17: =SUM(J38:J41) -> 13 | ... AF17: =SUM(P38:P41) -> 818
B18: 09.00 - 09.15 | C18: 16 | D18: 4 | E18: 3 | F18: 35 | G18: 1 | H18: 0 | I18: 2 | J18: 3 | K18: 0 | L18: 0 | M18: 315 | N18: 0 | O18: =SUM(C18:L18,N18) -> 64 | P18: =SUM(C18:N18) -> 379 | R18: 1500-1600 | S18: =SUM(C42:C45) -> 143 | T18: =SUM(D42:D45) -> 27 | U18: =SUM(E42:E45) -> 11 | V18: =SUM(F42:F45) -> 43 | W18: =SUM(G42:G45) -> 4 | X18: =SUM(H42:H45) -> 1 | Y18: =SUM(I42:I45) -> 7 | Z18: =SUM(J42:J45) -> 13 | ... AF18: =SUM(P42:P45) -> 401
B19: 09.15 - 09.30 | C19: 16 | D19: 7 | E19: 1 | F19: 14 | G19: 1 | H19: 0 | I19: 1 | J19: 4 | K19: 0 | L19: 0 | M19: 182 | N19: 0 | O19: =SUM(C19:L19,N19) -> 44 | P19: =SUM(C19:N19) -> 226 | R19: 1600-1700 | S19: =SUM(C46:C49) -> 188 | T19: =SUM(D46:D49) -> 30 | U19: =SUM(E46:E49) -> 16 | V19: =SUM(F46:F49) -> 52 | W19: =SUM(G46:G49) -> 1 | X19: =SUM(H46:H49) -> 1 | Y19: =SUM(I46:I49) -> 14 | Z19: =SUM(J46:J49) -> 11 | ... AF19: =SUM(P46:P49) -> 899
B20: 09.30 - 09.45 | C20: 25 | D20: 1 | E20: 3 | F20: 22 | G20: 1 | H20: 2 | I20: 3 | J20: 1 | K20: 0 | L20: 0 | M20: 235 | N20: 0 | O20: =SUM(C20:L20,N20) -> 58 | P20: =SUM(C20:N20) -> 293 | R20: 1700-1800 | S20: =SUM(C50:C53) -> 271 | T20: =SUM(D50:D53) -> 41 | U20: =SUM(E50:E53) -> 19 | V20: =SUM(F50:F53) -> 45 | W20: =SUM(G50:G53) -> 1 | X20: =SUM(H50:H53) -> 0 | Y20: =SUM(I50:I53) -> 14 | Z20: =SUM(J50:J53) -> 21 | ... AF20: =SUM(P50:P53) -> 983
B21: 09.45 - 10.00 | C21: 24 | D21: 5 | E21: 4 | F21: 23 | G21: 4 | H21: 1 | I21: 4 | J21: 2 | K21: 1 | L21: 0 | M21: 233 | N21: 0 | O21: =SUM(C21:L21,N21) -> 68 | P21: =SUM(C21:N21) -> 301 | R21: 1800-1900 | S21: =SUM(C54:C57) -> 388 | T21: =SUM(D54:D57) -> 57 | U21: =SUM(E54:E57) -> 30 | V21: =SUM(F54:F57) -> 25 | W21: =SUM(G54:G57) -> 11 | X21: =SUM(H54:H57) -> 0 | Y21: =SUM(I54:I57) -> 15 | Z21: =SUM(J54:J57) -> 8 | ... AF21: =SUM(P54:P57) -> 1169
B22: 10.00 - 10.15 | C22: 19 | D22: 13 | E22: 4 | F22: 27 | G22: 1 | H22: 1 | I22: 4 | J22: 1 | K22: 0 | L22: 0 | M22: 181 | N22: 0 | O22: =SUM(C22:L22,N22) -> 70 | P22: =SUM(C22:N22) -> 251 | R22: AM Peak Hr | S22: =MAX(S10:S12) -> 81 | T22: =MAX(T10:T12) -> 21 | U22: =MAX(U10:U12) -> 11 | V22: =MAX(V10:V12) -> 106 | W22: =MAX(W10:W12) -> 7 | X22: =MAX(X10:X12) -> 3 | Y22: =MAX(Y10:Y12) -> 17 | Z22: =MAX(Z10:Z12) -> 10 | ... AF22: =MAX(AF10:AF12) -> 1375
B23: 10.15 - 10.30 | C23: 18 | D23: 3 | E23: 2 | F23: 21 | G23: 0 | H23: 0 | I23: 3 | J23: 5 | K23: 0 | L23: 0 | M23: 168 | N23: 0 | O23: =SUM(C23:L23,N23) -> 52 | P23: =SUM(C23:N23) -> 220 | R23: IP Peak Hr | S23: =MAX(S13:S18) -> 143 | T23: =MAX(T13:T18) -> 29 | U23: =MAX(U13:U18) -> 20 | V23: =MAX(V13:V18) -> 84 | W23: =MAX(W13:W18) -> 4 | X23: =MAX(X13:X18) -> 2 | Y23: =MAX(Y13:Y18) -> 23 | Z23: =MAX(Z13:Z18) -> 22 | ... AF23: =MAX(AF13:AF18) -> 966
B24: 10.30 - 10.45 | C24: 22 | D24: 5 | E24: 2 | F24: 15 | G24: 0 | H24: 0 | I24: 5 | J24: 0 | K24: 0 | L24: 0 | M24: 180 | N24: 0 | O24: =SUM(C24:L24,N24) -> 49 | P24: =SUM(C24:N24) -> 229 | R24: PM Peak Hr | S24: =MAX(S19:S21) -> 388 | T24: =MAX(T19:T21) -> 57 | U24: =MAX(U19:U21) -> 30 | V24: =MAX(V19:V21) -> 52 | W24: =MAX(W19:W21) -> 11 | X24: =MAX(X19:X21) -> 1 | Y24: =MAX(Y19:Y21) -> 15 | Z24: =MAX(Z19:Z21) -> 21 | ... AF24: =MAX(AF19:AF21) -> 1169
B25: 10.45 - 11.00 | C25: 32 | D25: 7 | E25: 6 | F25: 21 | G25: 0 | H25: 1 | I25: 9 | J25: 4 | K25: 1 | L25: 0 | M25: 185 | N25: 0 | O25: =SUM(C25:L25,N25) -> 81 | P25: =SUM(C25:N25) -> 266 | R25: AM Period | S25: =SUM(S10:S12) -> 221 | T25: =SUM(T10:T12) -> 55 | U25: =SUM(U10:U12) -> 26 | V25: =SUM(V10:V12) -> 272 | W25: =SUM(W10:W12) -> 12 | X25: =SUM(X10:X12) -> 4 | Y25: =SUM(Y10:Y12) -> 34 | Z25: =SUM(Z10:Z12) -> 20 | ... AF25: =SUM(AF10:AF12) -> 3138
B26: 11.00 - 11.15 | C26: 26 | D26: 2 | E26: 2 | F26: 18 | G26: 0 | H26: 0 | I26: 7 | J26: 4 | K26: 2 | L26: 1 | M26: 177 | N26: 0 | O26: =SUM(C26:L26,N26) -> 62 | P26: =SUM(C26:N26) -> 239 | R26: IP Period | S26: =SUM(S13:S18) -> 720 | T26: =SUM(T13:T18) -> 142 | U26: =SUM(U13:U18) -> 71 | V26: =SUM(V13:V18) -> 393 | W26: =SUM(W13:W18) -> 7 | X26: =SUM(X13:X18) -> 6 | Y26: =SUM(Y13:Y18) -> 106 | Z26: =SUM(Z13:Z18) -> 89 | ... AF26: =SUM(AF13:AF18) -> 4794
B27: 11.15 - 11.30 | C27: 26 | D27: 5 | E27: 2 | F27: 12 | G27: 0 | H27: 0 | I27: 3 | J27: 9 | K27: 2 | L27: 0 | M27: 146 | N27: 0 | O27: =SUM(C27:L27,N27) -> 59 | P27: =SUM(C27:N27) -> 205 | R27: PM Period | S27: =SUM(S19:S21) -> 847 | T27: =SUM(T19:T21) -> 128 | U27: =SUM(U19:U21) -> 65 | V27: =SUM(V19:V21) -> 122 | W27: =SUM(W19:W21) -> 13 | X27: =SUM(X19:X21) -> 1 | Y27: =SUM(Y19:Y21) -> 43 | Z27: =SUM(Z19:Z21) -> 40 | ... AF27: =SUM(AF19:AF21) -> 3051
B28: 11.30 - 11.45 | C28: 23 | D28: 3 | E28: 2 | F28: 17 | G28: 1 | H28: 0 | I28: 10 | J28: 1 | K28: 1 | L28: 0 | M28: 134 | N28: 0 | O28: =SUM(C28:L28,N28) -> 58 | P28: =SUM(C28:N28) -> 192 | R28: 12 Hours | S28: =SUM(S10:S21) -> 1788 | T28: =SUM(T10:T21) -> 325 | U28: =SUM(U10:U21) -> 162 | V28: =SUM(V10:V21) -> 787 | W28: =SUM(W10:W21) -> 32 | X28: =SUM(X10:X21) -> 11 | Y28: =SUM(Y10:Y21) -> 183 | Z28: =SUM(Z10:Z21) -> 149 | ... AF28: =SUM(AF10:AF21) -> 10983
B29: 11.45 - 12.00 | C29: 32 | D29: 7 | E29: 3 | F29: 21 | G29: 0 | H29: 0 | I29: 3 | J29: 3 | K29: 3 | L29: 0 | M29: 140 | N29: 0 | O29: =SUM(C29:L29,N29) -> 72 | P29: =SUM(C29:N29) -> 212
B30: 12.00 - 12.15 | C30: 23 | D30: 4 | E30: 6 | F30: 19 | G30: 0 | H30: 0 | I30: 2 | J30: 4 | K30: 1 | L30: 1 | M30: 181 | N30: 0 | O30: =SUM(C30:L30,N30) -> 60 | P30: =SUM(C30:N30) -> 241
B31: 12.15 - 12.30 | C31: 22 | D31: 10 | E31: 3 | F31: 10 | G31: 0 | H31: 1 | I31: 6 | J31: 6 | K31: 2 | L31: 0 | M31: 150 | N31: 0 | O31: =SUM(C31:L31,N31) -> 60 | P31: =SUM(C31:N31) -> 210
B32: 12.30 - 12.45 | C32: 27 | D32: 10 | E32: 4 | F32: 22 | G32: 0 | H32: 0 | I32: 6 | J32: 1 | K32: 1 | L32: 0 | M32: 147 | N32: 0 | O32: =SUM(C32:L32,N32) -> 71 | P32: =SUM(C32:N32) -> 218
B33: 12.45 - 13.00 | C33: 35 | D33: 5 | E33: 7 | F33: 10 | G33: 0 | H33: 1 | I33: 5 | J33: 3 | K33: 1 | L33: 0 | M33: 158 | N33: 0 | O33: =SUM(C33:L33,N33) -> 67 | P33: =SUM(C33:N33) -> 225
B34: 13.00 - 13.15 | C34: 31 | D34: 3 | E34: 3 | F34: 18 | G34: 0 | H34: 0 | I34: 6 | J34: 9 | K34: 2 | L34: 0 | M34: 148 | N34: 0 | O34: =SUM(C34:L34,N34) -> 72 | P34: =SUM(C34:N34) -> 220
B35: 13.15 - 13.30 | C35: 39 | D35: 7 | E35: 0 | F35: 22 | G35: 0 | H35: 0 | I35: 1 | J35: 4 | K35: 1 | L35: 0 | M35: 144 | N35: 0 | O35: =SUM(C35:L35,N35) -> 74 | P35: =SUM(C35:N35) -> 218
B36: 13.30 - 13.45 | C36: 30 | D36: 3 | E36: 5 | F36: 11 | G36: 0 | H36: 0 | I36: 5 | J36: 2 | K36: 1 | L36: 0 | M36: 120 | N36: 0 | O36: =SUM(C36:L36,N36) -> 57 | P36: =SUM(C36:N36) -> 177
B37: 13.45 - 14.00 | C37: 40 | D37: 6 | E37: 1 | F37: 24 | G37: 0 | H37: 0 | I37: 9 | J37: 7 | K37: 0 | L37: 0 | M37: 165 | N37: 0 | O37: =SUM(C37:L37,N37) -> 87 | P37: =SUM(C37:N37) -> 252
B38: 14.00 - 14.15 | C38: 24 | D38: 2 | E38: 3 | F38: 15 | G38: 0 | H38: 0 | I38: 3 | J38: 2 | K38: 0 | L38: 0 | M38: 115 | N38: 0 | O38: =SUM(C38:L38,N38) -> 49 | P38: =SUM(C38:N38) -> 164
B39: 14.15 - 14.30 | C39: 31 | D39: 6 | E39: 0 | F39: 13 | G39: 1 | H39: 0 | I39: 3 | J39: 5 | K39: 1 | L39: 3 | M39: 138 | N39: 0 | O39: =SUM(C39:L39,N39) -> 63 | P39: =SUM(C39:N39) -> 201
B40: 14.30 - 14.45 | C40: 35 | D40: 5 | E40: 1 | F40: 14 | G40: 0 | H40: 0 | I40: 6 | J40: 5 | K40: 0 | L40: 0 | M40: 150 | N40: 0 | O40: =SUM(C40:L40,N40) -> 66 | P40: =SUM(C40:N40) -> 216
... B57: 18.45 - 19.00 | C57: 88 | D57: 12 | E57: 17 | F57: 6 | G57: 0 | H57: 0 | I57: 0 | J57: 3 | K57: 0 | L57: 0 | M57: 166 | N57: 0 | O57: =SUM(C57:L57,N57) -> 126 | P57: =SUM(C57:N57) -> 292
B58: Totals | C58: =SUM(C10:C57) -> 1788 | D58: =SUM(D10:D57) -> 325 | E58: =SUM(E10:E57) -> 162 | F58: =SUM(F10:F57) -> 787 | G58: =SUM(G10:G57) -> 32 | H58: =SUM(H10:H57) -> 11 | I58: =SUM(I10:I57) -> 183 | J58: =SUM(J10:J57) -> 149 | ... P58: =SUM(P10:P57) -> 10983
B59: %ges + MCs | C59: =C58/$P$58 -> 0.16279705 | D59: =D58/$P$58 -> 0.029591186 | E59: =E58/$P$58 -> 0.014750068 | F59: =F58/$P$58 -> 0.071656196 | G59: =G58/$P$58 -> 0.0029135937 | H59: =H58/$P$58 -> 0.0010015478 | I59: =I58/$P$58 -> 0.016662114 | J59: =J58/$P$58 -> 0.013566421 | ... N59: =N58/$P$58 -> 9.1049804e-05
B60: %ges w/o MCs | C60: =C58/$O$58 -> 0.51438435 | D60: =D58/$O$58 -> 0.093498274 | E60: =E58/$O$58 -> 0.046605293 | F60: =F58/$O$58 -> 0.22640967 | G60: =G58/$O$58 -> 0.0092059839 | H60: =H58/$O$58 -> 0.003164557 | I60: =I58/$O$58 -> 0.05264672 | J60: =J58/$O$58 -> 0.042865362 | ... L60: =L58/$O$58 -> 0.003452244 | N60: =N58/$O$58 -> 0.000287687

Sheet 22.07 KABUSU-RUBAGA
B1: Consultancy services for Preparation of Expressway Development Master Plan (EDMP) for Uganda
B2: MANUAL CLASSIFIED COUNT (MCC)
B3: ROAD NAME: | C3: ='22.07 RUBAGA-KABUSU'!C3:G3 -> MCC - C1 - STN05 - KABUSU ROAD
C5: Date | D5: ='22.07 RUBAGA-KABUSU'!D5 -> 22.07.19 | F5: Location | G5: ='22.07 RUBAGA-KABUSU'!G5:H5 -> CHAD SUPERMARKET | J5: Surveyor | K5: MBERE IVAN
C6: Dir. From | D6: KABUSU | F6: Dir. To | G6: RUBAGA | J6: Supervisor | K6: ='22.07 RUBAGA-KABUSU'!K6:L6 -> DENIS
B8: Time / Veh Type | R8: SUMMARY TRAFFIC VOLUMES
C9: 1. Car | D9: 2. Station Wagon | E9: 3. Pickups | F9: 4. Minibus, matatu | G9: 5. Medium bus | H9: 6. Large Bus | I9: 7. Light Truck | J9: 8. Medium Truck | K9: 9. Heavy truck | L9: 10. Truck Trailer | M9: 11. Motor cycles | N9: 12. Tractors | O9: Total Excl M/Cycles | P9: Total All | R9: Time | S9: 1. Car | T9: 2. Station Wagon | U9: 3. Pickups | V9: 4. Minibus, matatu | W9: 5. Medium bus | X9: 6. Large Bus | Y9: 7. Light Truck | Z9: 8. Medium Truck | AA9: 9. Heavy truck | AB9: 10. Truck Trailer | AC9: 11. Motorcycles | AD9: 12. Tractors, Graders | AE9: Total Excl M/ Cycles | AF9: Total All
B10: 07.00 - 07.15 | C10: 35 | D10: 25 | E10: 1 | F10: 26 | G10: 0 | H10: 1 | I10: 1 | J10: 0 | K10: 0 | L10: 0 | M10: 146 | N10: 0 | O10: =SUM(C10:L10,N10) -> 89 | P10: =SUM(C10:N10) -> 235 | R10: 0700-0800 | S10: =SUM(C10:C13) -> 160 | T10: =SUM(D10:D13) -> 111 | U10: =SUM(E10:E13) -> 7 | V10: =SUM(F10:F13) -> 102 | W10: =SUM(G10:G13) -> 1 | X10: =SUM(H10:H13) -> 1 | Y10: =SUM(I10:I13) -> 11 | Z10: =SUM(J10:J13) -> 2 | ... AF10: =SUM(P10:P13) -> 1131
B11: 07.15 - 07.30 | C11: 11 | D11: 4 | E11: 2 | F11: 2 | G11: 0 | H11: 0 | I11: 1 | J11: 0 | K11: 0 | L11: 0 | M11: 155 | N11: 0 | O11: =SUM(C11:L11,N11) -> 20 | P11: =SUM(C11:N11) -> 175 | R11: 0800-0900 | S11: =SUM(C14:C17) -> 153 | T11: =SUM(D14:D17) -> 176 | U11: =SUM(E14:E17) -> 24 | V11: =SUM(F14:F17) -> 129 | W11: =SUM(G14:G17) -> 0 | X11: =SUM(H14:H17) -> 0 | Y11: =SUM(I14:I17) -> 21 | Z11: =SUM(J14:J17) -> 4 | ... AF11: =SUM(P14:P17) -> 1589
B12: 07.30 - 07.45 | C12: 54 | D12: 28 | E12: 2 | F12: 29 | G12: 0 | H12: 0 | I12: 3 | J12: 1 | K12: 0 | L12: 0 | M12: 175 | N12: 0 | O12: =SUM(C12:L12,N12) -> 117 | P12: =SUM(C12:N12) -> 292 | R12: 0900-1000 | S12: =SUM(C18:C21) -> 158 | T12: =SUM(D18:D21) -> 136 | U12: =SUM(E18:E21) -> 29 | V12: =SUM(F18:F21) -> 89 | W12: =SUM(G18:G21) -> 1 | X12: =SUM(H18:H21) -> 0 | Y12: =SUM(I18:I21) -> 21 | Z12: =SUM(J18:J21) -> 12 | ... AF12: =SUM(P18:P21) -> 1408
B13: 07.45 - 08.00 | C13: 60 | D13: 54 | E13: 2 | F13: 45 | G13: 1 | H13: 0 | I13: 6 | J13: 1 | K13: 0 | L13: 0 | M13: 260 | N13: 0 | O13: =SUM(C13:L13,N13) -> 169 | P13: =SUM(C13:N13) -> 429 | R13: 1000-1100 | S13: =SUM(C22:C25) -> 132 | T13: =SUM(D22:D25) -> 117 | U13: =SUM(E22:E25) -> 40 | V13: =SUM(F22:F25) -> 108 | W13: =SUM(G22:G25) -> 0 | X13: =SUM(H22:H25) -> 0 | Y13: =SUM(I22:I25) -> 21 | Z13: =SUM(J22:J25) -> 5 | ... AF13: =SUM(P22:P25) -> 1097
B14: 08.00 - 08.15 | C14: 40 | D14: 58 | E14: 6 | F14: 38 | G14: 0 | H14: 0 | I14: 5 | J14: 2 | K14: 0 | L14: 0 | M14: 320 | N14: 0 | O14: =SUM(C14:L14,N14) -> 149 | P14: =SUM(C14:N14) -> 469 | R14: 1100-1200 | S14: =SUM(C26:C29) -> 109 | T14: =SUM(D26:D29) -> 79 | U14: =SUM(E26:E29) -> 23 | V14: =SUM(F26:F29) -> 125 | W14: =SUM(G26:G29) -> 2 | X14: =SUM(H26:H29) -> 0 | Y14: =SUM(I26:I29) -> 14 | Z14: =SUM(J26:J29) -> 6 | ... AF14: =SUM(P26:P29) -> 1034
B15: 08.15 - 08.30 | C15: 35 | D15: 30 | E15: 3 | F15: 26 | G15: 0 | H15: 0 | I15: 5 | J15: 2 | K15: 1 | L15: 0 | M15: 261 | N15: 0 | O15: =SUM(C15:L15,N15) -> 102 | P15: =SUM(C15:N15) -> 363 | R15: 1200-1300 | S15: =SUM(C30:C33) -> 111 | T15: =SUM(D30:D33) -> 113 | U15: =SUM(E30:E33) -> 11 | V15: =SUM(F30:F33) -> 127 | W15: =SUM(G30:G33) -> 2 | X15: =SUM(H30:H33) -> 1 | Y15: =SUM(I30:I33) -> 15 | Z15: =SUM(J30:J33) -> 7 | ... AF15: =SUM(P30:P33) -> 1141
B16: 08.30 - 08.45 | C16: 42 | D16: 46 | E16: 3 | F16: 36 | G16: 0 | H16: 0 | I16: 10 | J16: 0 | K16: 1 | L16: 0 | M16: 299 | N16: 0 | O16: =SUM(C16:L16,N16) -> 138 | P16: =SUM(C16:N16) -> 437 | R16: 1300-1400 | S16: =SUM(C34:C37) -> 92 | T16: =SUM(D34:D37) -> 71 | U16: =SUM(E34:E37) -> 26 | V16: =SUM(F34:F37) -> 113 | W16: =SUM(G34:G37) -> 1 | X16: =SUM(H34:H37) -> 2 | Y16: =SUM(I34:I37) -> 17 | Z16: =SUM(J34:J37) -> 4 | ... AF16: =SUM(P34:P37) -> 927
B17: 08.45 - 9.00 | C17: 36 | D17: 42 | E17: 12 | F17: 29 | G17: 0 | H17: 0 | I17: 1 | J17: 0 | K17: 0 | L17: 0 | M17: 200 | N17: 0 | O17: =SUM(C17:L17,N17) -> 120 | P17: =SUM(C17:N17) -> 320 | R17: 1400-1500 | S17: =SUM(C38:C41) -> 85 | T17: =SUM(D38:D41) -> 68 | U17: =SUM(E38:E41) -> 13 | V17: =SUM(F38:F41) -> 72 | W17: =SUM(G38:G41) -> 2 | X17: =SUM(H38:H41) -> 3 | Y17: =SUM(I38:I41) -> 18 | Z17: =SUM(J38:J41) -> 12 | ... AF17: =SUM(P38:P41) -> 878
B18: 09.00 - 09.15 | C18: 41 | D18: 34 | E18: 8 | F18: 25 | G18: 1 | H18: 0 | I18: 6 | J18: 0 | K18: 0 | L18: 0 | M18: 232 | N18: 0 | O18: =SUM(C18:L18,N18) -> 115 | P18: =SUM(C18:N18) -> 347 | R18: 1500-1600 | S18: =SUM(C42:C45) -> 89 | T18: =SUM(D42:D45) -> 73 | U18: =SUM(E42:E45) -> 16 | V18: =SUM(F42:F45) -> 79 | W18: =SUM(G42:G45) -> 2 | X18: =SUM(H42:H45) -> 2 | Y18: =SUM(I42:I45) -> 24 | Z18: =SUM(J42:J45) -> 10 | ... AF18: =SUM(P42:P45) -> 523
B19: 09.15 - 09.30 | C19: 35 | D19: 31 | E19: 8 | F19: 2 | G19: 0 | H19: 0 | I19: 5 | J19: 4 | K19: 0 | L19: 0 | M19: 207 | N19: 0 | O19: =SUM(C19:L19,N19) -> 85 | P19: =SUM(C19:N19) -> 292 | R19: 1600-1700 | S19: =SUM(C46:C49) -> 96 | T19: =SUM(D46:D49) -> 88 | U19: =SUM(E46:E49) -> 18 | V19: =SUM(F46:F49) -> 91 | W19: =SUM(G46:G49) -> 1 | X19: =SUM(H46:H49) -> 2 | Y19: =SUM(I46:I49) -> 20 | Z19: =SUM(J46:J49) -> 4 | ... AF19: =SUM(P46:P49) -> 1070
B20: 09.30 - 09.45 | C20: 49 | D20: 41 | E20: 7 | F20: 26 | G20: 0 | H20: 0 | I20: 4 | J20: 4 | K20: 0 | L20: 1 | M20: 260 | N20: 0 | O20: =SUM(C20:L20,N20) -> 132 | P20: =SUM(C20:N20) -> 392 | R20: 1700-1800 | S20: =SUM(C50:C53) -> 104 | T20: =SUM(D50:D53) -> 99 | U20: =SUM(E50:E53) -> 15 | V20: =SUM(F50:F53) -> 108 | W20: =SUM(G50:G53) -> 1 | X20: =SUM(H50:H53) -> 0 | Y20: =SUM(I50:I53) -> 26 | Z20: =SUM(J50:J53) -> 6 | ... AF20: =SUM(P50:P53) -> 1184
B21: 09.45 - 10.00 | C21: 33 | D21: 30 | E21: 6 | F21: 36 | G21: 0 | H21: 0 | I21: 6 | J21: 4 | K21: 0 | L21: 1 | M21: 261 | N21: 0 | O21: =SUM(C21:L21,N21) -> 116 | P21: =SUM(C21:N21) -> 377 | R21: 1800-1900 | S21: =SUM(C54:C57) -> 100 | T21: =SUM(D54:D57) -> 78 | U21: =SUM(E54:E57) -> 20 | V21: =SUM(F54:F57) -> 134 | W21: =SUM(G54:G57) -> 5 | X21: =SUM(H54:H57) -> 5 | Y21: =SUM(I54:I57) -> 16 | Z21: =SUM(J54:J57) -> 7 | ... AF21: =SUM(P54:P57) -> 1399
B22: 10.00 - 10.15 | C22: 28 | D22: 29 | E22: 10 | F22: 34 | G22: 0 | H22: 0 | I22: 3 | J22: 2 | K22: 0 | L22: 0 | M22: 115 | N22: 0 | O22: =SUM(C22:L22,N22) -> 106 | P22: =SUM(C22:N22) -> 221 | R22: AM Peak Hr | S22: =MAX(S10:S12) -> 160 | T22: =MAX(T10:T12) -> 176 | U22: =MAX(U10:U12) -> 29 | V22: =MAX(V10:V12) -> 129 | W22: =MAX(W10:W12) -> 1 | X22: =MAX(X10:X12) -> 1 | Y22: =MAX(Y10:Y12) -> 21 | Z22: =MAX(Z10:Z12) -> 12 | ... AF22: =MAX(AF10:AF12) -> 1589
B23: 10.15 - 10.30 | C23: 32 | D23: 26 | E23: 11 | F23: 21 | G23: 0 | H23: 0 | I23: 6 | J23: 0 | K23: 0 | L23: 0 | M23: 214 | N23: 0 | O23: =SUM(C23:L23,N23) -> 96 | P23: =SUM(C23:N23) -> 310 | R23: IP Peak Hr | S23: =MAX(S13:S18) -> 132 | T23: =MAX(T13:T18) -> 117 | U23: =MAX(U13:U18) -> 40 | V23: =MAX(V13:V18) -> 127 | W23: =MAX(W13:W18) -> 2 | X23: =MAX(X13:X18) -> 3 | Y23: =MAX(Y13:Y18) -> 24 | Z23: =MAX(Z13:Z18) -> 12 | ... AF23: =MAX(AF13:AF18) -> 1141
B24: 10.30 - 10.45 | C24: 29 | D24: 29 | E24: 13 | F24: 26 | G24: 0 | H24: 0 | I24: 4 | J24: 3 | K24: 1 | L24: 0 | M24: 157 | N24: 0 | O24: =SUM(C24:L24,N24) -> 105 | P24: =SUM(C24:N24) -> 262 | R24: PM Peak Hr | S24: =MAX(S19:S21) -> 104 | T24: =MAX(T19:T21) -> 99 | U24: =MAX(U19:U21) -> 20 | V24: =MAX(V19:V21) -> 134 | W24: =MAX(W19:W21) -> 5 | X24: =MAX(X19:X21) -> 5 | Y24: =MAX(Y19:Y21) -> 26 | Z24: =MAX(Z19:Z21) -> 7 | ... AF24: =MAX(AF19:AF21) -> 1399
B25: 10.45 - 11.00 | C25: 43 | D25: 33 | E25: 6 | F25: 27 | G25: 0 | H25: 0 | I25: 8 | J25: 0 | K25: 1 | L25: 1 | M25: 185 | N25: 0 | O25: =SUM(C25:L25,N25) -> 119 | P25: =SUM(C25:N25) -> 304 | R25: AM Period | S25: =SUM(S10:S12) -> 471 | T25: =SUM(T10:T12) -> 423 | U25: =SUM(U10:U12) -> 60 | V25: =SUM(V10:V12) -> 320 | W25: =SUM(W10:W12) -> 2 | X25: =SUM(X10:X12) -> 1 | Y25: =SUM(Y10:Y12) -> 53 | Z25: =SUM(Z10:Z12) -> 18 | ... AF25: =SUM(AF10:AF12) -> 4128
B26: 11.00 - 11.15 | C26: 27 | D26: 21 | E26: 8 | F26: 37 | G26: 0 | H26: 0 | I26: 6 | J26: 2 | K26: 1 | L26: 1 | M26: 175 | N26: 0 | O26: =SUM(C26:L26,N26) -> 103 | P26: =SUM(C26:N26) -> 278 | R26: IP Period | S26: =SUM(S13:S18) -> 618 | T26: =SUM(T13:T18) -> 521 | U26: =SUM(U13:U18) -> 129 | V26: =SUM(V13:V18) -> 624 | W26: =SUM(W13:W18) -> 9 | X26: =SUM(X13:X18) -> 8 | Y26: =SUM(Y13:Y18) -> 109 | Z26: =SUM(Z13:Z18) -> 44 | ... AF26: =SUM(AF13:AF18) -> 5600
B27: 11.15 - 11.30 | C27: 37 | D27: 11 | E27: 5 | F27: 27 | G27: 0 | H27: 0 | I27: 0 | J27: 0 | K27: 0 | L27: 0 | M27: 144 | N27: 0 | O27: =SUM(C27:L27,N27) -> 80 | P27: =SUM(C27:N27) -> 224 | R27: PM Period | S27: =SUM(S19:S21) -> 300 | T27: =SUM(T19:T21) -> 265 | U27: =SUM(U19:U21) -> 53 | V27: =SUM(V19:V21) -> 333 | W27: =SUM(W19:W21) -> 7 | X27: =SUM(X19:X21) -> 7 | Y27: =SUM(Y19:Y21) -> 62 | Z27: =SUM(Z19:Z21) -> 17 | ... AF27: =SUM(AF19:AF21) -> 3653
B28: 11.30 - 11.45 | C28: 23 | D28: 28 | E28: 9 | F28: 36 | G28: 0 | H28: 0 | I28: 5 | J28: 3 | K28: 1 | L28: 0 | M28: 161 | N28: 0 | O28: =SUM(C28:L28,N28) -> 105 | P28: =SUM(C28:N28) -> 266 | R28: 12 Hours | S28: =SUM(S10:S21) -> 1389 | T28: =SUM(T10:T21) -> 1209 | U28: =SUM(U10:U21) -> 242 | V28: =SUM(V10:V21) -> 1277 | W28: =SUM(W10:W21) -> 18 | X28: =SUM(X10:X21) -> 16 | Y28: =SUM(Y10:Y21) -> 224 | Z28: =SUM(Z10:Z21) -> 79 | ... AF28: =SUM(AF10:AF21) -> 13381
B29: 11.45 - 12.00 | C29: 22 | D29: 19 | E29: 1 | F29: 25 | G29: 2 | H29: 0 | I29: 3 | J29: 1 | K29: 1 | L29: 1 | M29: 191 | N29: 0 | O29: =SUM(C29:L29,N29) -> 75 | P29: =SUM(C29:N29) -> 266
B30: 12.00 - 12.15 | C30: 27 | D30: 36 | E30: 0 | F30: 30 | G30: 1 | H30: 0 | I30: 3 | J30: 3 | K30: 1 | L30: 0 | M30: 189 | N30: 0 | O30: =SUM(C30:L30,N30) -> 101 | P30: =SUM(C30:N30) -> 290
B31: 12.15 - 12.30 | C31: 28 | D31: 28 | E31: 2 | F31: 30 | G31: 0 | H31: 1 | I31: 5 | J31: 1 | K31: 1 | L31: 0 | M31: 185 | N31: 0 | O31: =SUM(C31:L31,N31) -> 96 | P31: =SUM(C31:N31) -> 281
B32: 12.30 - 12.45 | C32: 33 | D32: 30 | E32: 4 | F32: 36 | G32: 1 | H32: 0 | I32: 4 | J32: 1 | K32: 0 | L32: 1 | M32: 200 | N32: 0 | O32: =SUM(C32:L32,N32) -> 110 | P32: =SUM(C32:N32) -> 310
B33: 12.45 - 13.00 | C33: 23 | D33: 19 | E33: 5 | F33: 31 | G33: 0 | H33: 0 | I33: 3 | J33: 2 | K33: 3 | L33: 0 | M33: 174 | N33: 0 | O33: =SUM(C33:L33,N33) -> 86 | P33: =SUM(C33:N33) -> 260
B34: 13.00 - 13.15 | C34: 21 | D34: 16 | E34: 5 | F34: 28 | G34: 0 | H34: 1 | I34: 6 | J34: 1 | K34: 1 | L34: 0 | M34: 181 | N34: 0 | O34: =SUM(C34:L34,N34) -> 79 | P34: =SUM(C34:N34) -> 260
B35: 13.15 - 13.30 | C35: 27 | D35: 18 | E35: 8 | F35: 37 | G35: 0 | H35: 0 | I35: 2 | J35: 3 | K35: 1 | L35: 2 | M35: 138 | N35: 0 | O35: =SUM(C35:L35,N35) -> 98 | P35: =SUM(C35:N35) -> 236
B36: 13.30 - 13.45 | C36: 23 | D36: 17 | E36: 5 | F36: 24 | G36: 1 | H36: 1 | I36: 6 | J36: 0 | K36: 1 | L36: 1 | M36: 150 | N36: 0 | O36: =SUM(C36:L36,N36) -> 79 | P36: =SUM(C36:N36) -> 229
B37: 13.45 - 14.00 | C37: 21 | D37: 20 | E37: 8 | F37: 24 | G37: 0 | H37: 0 | I37: 3 | J37: 0 | K37: 1 | L37: 0 | M37: 125 | N37: 0 | O37: =SUM(C37:L37,N37) -> 77 | P37: =SUM(C37:N37) -> 202
B38: 14.00 - 14.15 | C38: 17 | D38: 14 | E38: 1 | F38: 13 | G38: 1 | H38: 1 | I38: 4 | J38: 3 | K38: 0 | L38: 0 | M38: 165 | N38: 0 | O38: =SUM(C38:L38,N38) -> 54 | P38: =SUM(C38:N38) -> 219
B39: 14.15 - 14.30 | C39: 18 | D39: 14 | E39: 5 | F39: 19 | G39: 0 | H39: 0 | I39: 6 | J39: 5 | K39: 0 | L39: 1 | M39: 135 | N39: 0 | O39: =SUM(C39:L39,N39) -> 68 | P39: =SUM(C39:N39) -> 203
B40: 14.30 - 14.45 | C40: 29 | D40: 14 | E40: 4 | F40: 18 | G40: 0 | H40: 0 | I40: 2 | J40: 4 | K40: 3 | L40: 0 | M40: 168 | N40: 0 | O40: =SUM(C40:L40,N40) -> 74 | P40: =SUM(C40:N40) -> 242
... B57: 18.45 - 19.00 | C57: 13 | D57: 18 | E57: 8 | F57: 29 | G57: 0 | H57: 0 | I57: 2 | J57: 2 | K57: 2 | L57: 0 | M57: 270 | N57: 0 | O57: =SUM(C57:L57,N57) -> 74 | P57: =SUM(C57:N57) -> 344
B58: Totals | C58: =SUM(C10:C57) -> 1389 | D58: =SUM(D10:D57) -> 1209 | E58: =SUM(E10:E57) -> 242 | F58: =SUM(F10:F57) -> 1277 | G58: =SUM(G10:G57) -> 18 | H58: =SUM(H10:H57) -> 16 | I58: =SUM(I10:I57) -> 224 | J58: =SUM(J10:J57) -> 79 | ... P58: =SUM(P10:P57) -> 13381
B59: %ges + MCs | C59: =C58/$P$58 -> 0.1038039 | D59: =D58/$P$58 -> 0.090351992 | E59: =E58/$P$58 -> 0.018085345 | F59: =F58/$P$58 -> 0.095433824 | G59: =G58/$P$58 -> 0.0013451909 | H59: =H58/$P$58 -> 0.0011957253 | I59: =I58/$P$58 -> 0.016740154 | J59: =J58/$P$58 -> 0.0059038936 | ... N59: =N58/$P$58 -> 0
B60: %ges w/o MCs | C60: =C58/$O$58 -> 0.30791399 | D60: =D58/$O$58 -> 0.26801153 | E60: =E58/$O$58 -> 0.053646642 | F60: =F58/$O$58 -> 0.28308579 | G60: =G58/$O$58 -> 0.0039902461 | H60: =H58/$O$58 -> 0.0035468854 | I60: =I58/$O$58 -> 0.049656395 | J60: =J58/$O$58 -> 0.017512747 | ... L60: =L58/$O$58 -> 0.0044336067 | N60: =N58/$O$58 -> 0

Sheet 23.07 RUBAGA-KABUSU
B1: Consultancy services for Preparation of Expressway Development Master Plan (EDMP) for Uganda
B2: MANUAL CLASSIFIED COUNT (MCC)
B3: ROAD NAME: | C3: ='22.07 RUBAGA-KABUSU'!C3:G3 -> MCC - C1 - STN05 - KABUSU ROAD
C5: Date | D5: 23.07.19 | F5: Location | G5: ='22.07 RUBAGA-KABUSU'!G5:H5 -> CHAD SUPERMARKET | J5: Surveyor | K5: ='22.07 RUBAGA-KABUSU'!K5:L5 -> EMMANUEL EGIMU
C6: Dir. From | D6: ='22.07 RUBAGA-KABUSU'!D6:E6 -> RUBAGA | F6: Dir. To | G6: ='22.07 RUBAGA-KABUSU'!G6:H6 -> KABUSU | J6: Supervisor | K6: ='22.07 RUBAGA-KABUSU'!K6:L6 -> DENIS
B8: Time / Veh Type | R8: SUMMARY TRAFFIC VOLUMES
C9: 1. Car | D9: 2. Station Wagon | E9: 3. Pickups | F9: 4. Minibus, matatu | G9: 5. Medium bus | H9: 6. Large Bus | I9: 7. Light Truck | J9: 8. Medium Truck | K9: 9. Heavy truck | L9: 10. Truck Trailer | M9: 11. Motor cycles | N9: 12. Tractors | O9: Total Excl M/Cycles | P9: Total All | R9: Time | S9: 1. Car | T9: 2. Station Wagon | U9: 3. Pickups | V9: 4. Minibus, matatu | W9: 5. Medium bus | X9: 6. Large Bus | Y9: 7. Light Truck | Z9: 8. Medium Truck | AA9: 9. Heavy truck | AB9: 10. Truck Trailer | AC9: 11. Motorcycles | AD9: 12. Tractors, Graders | AE9: Total Excl M/ Cycles | AF9: Total All
B10: 07.00 - 07.15 | C10: 33 | D10: 6 | E10: 4 | F10: 32 | G10: 0 | H10: 0 | I10: 0 | J10: 0 | K10: 0 | L10: 0 | M10: 85 | N10: 0 | O10: =SUM(C10:L10,N10) -> 75 | P10: =SUM(C10:N10) -> 160 | R10: 0700-0800 | S10: =SUM(C10:C13) -> 130 | T10: =SUM(D10:D13) -> 18 | U10: =SUM(E10:E13) -> 9 | V10: =SUM(F10:F13) -> 108 | W10: =SUM(G10:G13) -> 1 | X10: =SUM(H10:H13) -> 2 | Y10: =SUM(I10:I13) -> 2 | Z10: =SUM(J10:J13) -> 9 | ... AF10: =SUM(P10:P13) -> 809
B11: 07.15 - 07.30 | C11: 31 | D11: 4 | E11: 1 | F11: 30 | G11: 0 | H11: 1 | I11: 1 | J11: 4 | K11: 0 | L11: 0 | M11: 122 | N11: 0 | O11: =SUM(C11:L11,N11) -> 72 | P11: =SUM(C11:N11) -> 194 | R11: 0800-0900 | S11: =SUM(C14:C17) -> 74 | T11: =SUM(D14:D17) -> 13 | U11: =SUM(E14:E17) -> 9 | V11: =SUM(F14:F17) -> 67 | W11: =SUM(G14:G17) -> 3 | X11: =SUM(H14:H17) -> 2 | Y11: =SUM(I14:I17) -> 6 | Z11: =SUM(J14:J17) -> 9 | ... AF11: =SUM(P14:P17) -> 928
B12: 07.30 - 07.45 | C12: 28 | D12: 4 | E12: 2 | F12: 17 | G12: 0 | H12: 1 | I12: 0 | J12: 2 | K12: 0 | L12: 0 | M12: 173 | N12: 0 | O12: =SUM(C12:L12,N12) -> 54 | P12: =SUM(C12:N12) -> 227 | R12: 0900-1000 | S12: =SUM(C18:C21) -> 80 | T12: =SUM(D18:D21) -> 22 | U12: =SUM(E18:E21) -> 7 | V12: =SUM(F18:F21) -> 68 | W12: =SUM(G18:G21) -> 1 | X12: =SUM(H18:H21) -> 0 | Y12: =SUM(I18:I21) -> 6 | Z12: =SUM(J18:J21) -> 21 | ... AF12: =SUM(P18:P21) -> 919
B13: 07.45 - 08.00 | C13: 38 | D13: 4 | E13: 2 | F13: 29 | G13: 1 | H13: 0 | I13: 1 | J13: 3 | K13: 0 | L13: 0 | M13: 150 | N13: 0 | O13: =SUM(C13:L13,N13) -> 78 | P13: =SUM(C13:N13) -> 228 | R13: 1000-1100 | S13: =SUM(C22:C25) -> 113 | T13: =SUM(D22:D25) -> 18 | U13: =SUM(E22:E25) -> 18 | V13: =SUM(F22:F25) -> 74 | W13: =SUM(G22:G25) -> 1 | X13: =SUM(H22:H25) -> 0 | Y13: =SUM(I22:I25) -> 15 | Z13: =SUM(J22:J25) -> 13 | ... AF13: =SUM(P22:P25) -> 827
B14: 08.00 - 08.15 | C14: 15 | D14: 2 | E14: 3 | F14: 13 | G14: 1 | H14: 0 | I14: 1 | J14: 3 | K14: 0 | L14: 1 | M14: 207 | N14: 0 | O14: =SUM(C14:L14,N14) -> 39 | P14: =SUM(C14:N14) -> 246 | R14: 1100-1200 | S14: =SUM(C26:C29) -> 115 | T14: =SUM(D26:D29) -> 30 | U14: =SUM(E26:E29) -> 22 | V14: =SUM(F26:F29) -> 53 | W14: =SUM(G26:G29) -> 2 | X14: =SUM(H26:H29) -> 1 | Y14: =SUM(I26:I29) -> 13 | Z14: =SUM(J26:J29) -> 18 | ... AF14: =SUM(P26:P29) -> 916
B15: 08.15 - 08.30 | C15: 20 | D15: 5 | E15: 1 | F15: 18 | G15: 1 | H15: 0 | I15: 0 | J15: 1 | K15: 0 | L15: 0 | M15: 199 | N15: 0 | O15: =SUM(C15:L15,N15) -> 46 | P15: =SUM(C15:N15) -> 245 | R15: 1200-1300 | S15: =SUM(C30:C33) -> 111 | T15: =SUM(D30:D33) -> 26 | U15: =SUM(E30:E33) -> 15 | V15: =SUM(F30:F33) -> 69 | W15: =SUM(G30:G33) -> 4 | X15: =SUM(H30:H33) -> 1 | Y15: =SUM(I30:I33) -> 14 | Z15: =SUM(J30:J33) -> 23 | ... AF15: =SUM(P30:P33) -> 734
B16: 08.30 - 08.45 | C16: 17 | D16: 6 | E16: 1 | F16: 22 | G16: 0 | H16: 2 | I16: 3 | J16: 4 | K16: 1 | L16: 1 | M16: 150 | N16: 0 | O16: =SUM(C16:L16,N16) -> 57 | P16: =SUM(C16:N16) -> 207 | R16: 1300-1400 | S16: =SUM(C34:C37) -> 119 | T16: =SUM(D34:D37) -> 21 | U16: =SUM(E34:E37) -> 13 | V16: =SUM(F34:F37) -> 63 | W16: =SUM(G34:G37) -> 1 | X16: =SUM(H34:H37) -> 0 | Y16: =SUM(I34:I37) -> 13 | Z16: =SUM(J34:J37) -> 21 | ... AF16: =SUM(P34:P37) -> 759
B17: 08.45 - 9.00 | C17: 22 | D17: 0 | E17: 4 | F17: 14 | G17: 1 | H17: 0 | I17: 2 | J17: 1 | K17: 1 | L17: 0 | M17: 185 | N17: 0 | O17: =SUM(C17:L17,N17) -> 45 | P17: =SUM(C17:N17) -> 230 | R17: 1400-1500 | S17: =SUM(C38:C41) -> 115 | T17: =SUM(D38:D41) -> 15 | U17: =SUM(E38:E41) -> 21 | V17: =SUM(F38:F41) -> 53 | W17: =SUM(G38:G41) -> 1 | X17: =SUM(H38:H41) -> 0 | Y17: =SUM(I38:I41) -> 7 | Z17: =SUM(J38:J41) -> 10 | ... AF17: =SUM(P38:P41) -> 757
B18: 09.00 - 09.15 | C18: 25 | D18: 4 | E18: 2 | F18: 15 | G18: 0 | H18: 0 | I18: 3 | J18: 4 | K18: 0 | L18: 2 | M18: 210 | N18: 0 | O18: =SUM(C18:L18,N18) -> 55 | P18: =SUM(C18:N18) -> 265 | R18: 1500-1600 | S18: =SUM(C42:C45) -> 158 | T18: =SUM(D42:D45) -> 25 | U18: =SUM(E42:E45) -> 10 | V18: =SUM(F42:F45) -> 46 | W18: =SUM(G42:G45) -> 0 | X18: =SUM(H42:H45) -> 1 | Y18: =SUM(I42:I45) -> 18 | Z18: =SUM(J42:J45) -> 19 | ... AF18: =SUM(P42:P45) -> 868
B19: 09.15 - 09.30 | C19: 15 | D19: 13 | E19: 1 | F19: 24 | G19: 0 | H19: 0 | I19: 1 | J19: 7 | K19: 0 | L19: 0 | M19: 164 | N19: 0 | O19: =SUM(C19:L19,N19) -> 61 | P19: =SUM(C19:N19) -> 225 | R19: 1600-1700 | S19: =SUM(C46:C49) -> 199 | T19: =SUM(D46:D49) -> 26 | U19: =SUM(E46:E49) -> 19 | V19: =SUM(F46:F49) -> 50 | W19: =SUM(G46:G49) -> 2 | X19: =SUM(H46:H49) -> 1 | Y19: =SUM(I46:I49) -> 15 | Z19: =SUM(J46:J49) -> 10 | ... AF19: =SUM(P46:P49) -> 916
B20: 09.30 - 09.45 | C20: 20 | D20: 0 | E20: 2 | F20: 12 | G20: 0 | H20: 0 | I20: 2 | J20: 3 | K20: 0 | L20: 0 | M20: 170 | N20: 0 | O20: =SUM(C20:L20,N20) -> 39 | P20: =SUM(C20:N20) -> 209 | R20: 1700-1800 | S20: =SUM(C50:C53) -> 294 | T20: =SUM(D50:D53) -> 39 | U20: =SUM(E50:E53) -> 11 | V20: =SUM(F50:F53) -> 45 | W20: =SUM(G50:G53) -> 0 | X20: =SUM(H50:H53) -> 0 | Y20: =SUM(I50:I53) -> 11 | Z20: =SUM(J50:J53) -> 14 | ... AF20: =SUM(P50:P53) -> 1121
B21: 09.45 - 10.00 | C21: 20 | D21: 5 | E21: 2 | F21: 17 | G21: 1 | H21: 0 | I21: 0 | J21: 7 | K21: 1 | L21: 167 | M21: 0 | N21: 0 | O21: =SUM(C21:L21,N21) -> 220 | P21: =SUM(C21:N21) -> 220 | R21: 1800-1900 | S21: =SUM(C54:C57) -> 233 | T21: =SUM(D54:D57) -> 64 | U21: =SUM(E54:E57) -> 15 | V21: =SUM(F54:F57) -> 21 | W21: =SUM(G54:G57) -> 0 | X21: =SUM(H54:H57) -> 0 | Y21: =SUM(I54:I57) -> 13 | Z21: =SUM(J54:J57) -> 14 | ... AF21: =SUM(P54:P57) -> 910
B22: 10.00 - 10.15 | C22: 32 | D22: 6 | E22: 5 | F22: 20 | G22: 1 | H22: 0 | I22: 0 | J22: 6 | K22: 0 | L22: 0 | M22: 203 | N22: 0 | O22: =SUM(C22:L22,N22) -> 70 | P22: =SUM(C22:N22) -> 273 | R22: AM Peak Hr | S22: =MAX(S10:S12) -> 130 | T22: =MAX(T10:T12) -> 22 | U22: =MAX(U10:U12) -> 9 | V22: =MAX(V10:V12) -> 108 | W22: =MAX(W10:W12) -> 3 | X22: =MAX(X10:X12) -> 2 | Y22: =MAX(Y10:Y12) -> 6 | Z22: =MAX(Z10:Z12) -> 21 | ... AF22: =MAX(AF10:AF12) -> 928
B23: 10.15 - 10.30 | C23: 23 | D23: 9 | E23: 3 | F23: 20 | G23: 0 | H23: 0 | I23: 5 | J23: 3 | K23: 2 | L23: 0 | M23: 145 | N23: 0 | O23: =SUM(C23:L23,N23) -> 65 | P23: =SUM(C23:N23) -> 210 | R23: IP Peak Hr | S23: =MAX(S13:S18) -> 158 | T23: =MAX(T13:T18) -> 30 | U23: =MAX(U13:U18) -> 22 | V23: =MAX(V13:V18) -> 74 | W23: =MAX(W13:W18) -> 4 | X23: =MAX(X13:X18) -> 1 | Y23: =MAX(Y13:Y18) -> 18 | Z23: =MAX(Z13:Z18) -> 23 | ... AF23: =MAX(AF13:AF18) -> 916
B24: 10.30 - 10.45 | C24: 26 | D24: 1 | E24: 4 | F24: 16 | G24: 0 | H24: 0 | I24: 4 | J24: 2 | K24: 0 | L24: 0 | M24: 123 | N24: 0 | O24: =SUM(C24:L24,N24) -> 53 | P24: =SUM(C24:N24) -> 176 | R24: PM Peak Hr | S24: =MAX(S19:S21) -> 294 | T24: =MAX(T19:T21) -> 64 | U24: =MAX(U19:U21) -> 19 | V24: =MAX(V19:V21) -> 50 | W24: =MAX(W19:W21) -> 2 | X24: =MAX(X19:X21) -> 1 | Y24: =MAX(Y19:Y21) -> 15 | Z24: =MAX(Z19:Z21) -> 14 | ... AF24: =MAX(AF19:AF21) -> 1121
B25: 10.45 - 11.00 | C25: 32 | D25: 2 | E25: 6 | F25: 18 | G25: 0 | H25: 0 | I25: 6 | J25: 2 | K25: 0 | L25: 0 | M25: 102 | N25: 0 | O25: =SUM(C25:L25,N25) -> 66 | P25: =SUM(C25:N25) -> 168 | R25: AM Period | S25: =SUM(S10:S12) -> 284 | T25: =SUM(T10:T12) -> 53 | U25: =SUM(U10:U12) -> 25 | V25: =SUM(V10:V12) -> 243 | W25: =SUM(W10:W12) -> 5 | X25: =SUM(X10:X12) -> 4 | Y25: =SUM(Y10:Y12) -> 14 | Z25: =SUM(Z10:Z12) -> 39 | ... AF25: =SUM(AF10:AF12) -> 2656
B26: 11.00 - 11.15 | C26: 28 | D26: 7 | E26: 4 | F26: 13 | G26: 0 | H26: 1 | I26: 5 | J26: 8 | K26: 2 | L26: 2 | M26: 111 | N26: 0 | O26: =SUM(C26:L26,N26) -> 70 | P26: =SUM(C26:N26) -> 181 | R26: IP Period | S26: =SUM(S13:S18) -> 731 | T26: =SUM(T13:T18) -> 135 | U26: =SUM(U13:U18) -> 99 | V26: =SUM(V13:V18) -> 358 | W26: =SUM(W13:W18) -> 9 | X26: =SUM(X13:X18) -> 3 | Y26: =SUM(Y13:Y18) -> 80 | Z26: =SUM(Z13:Z18) -> 104 | ... AF26: =SUM(AF13:AF18) -> 4861
B27: 11.15 - 11.30 | C27: 25 | D27: 12 | E27: 7 | F27: 9 | G27: 1 | H27: 0 | I27: 1 | J27: 8 | K27: 0 | L27: 0 | M27: 215 | N27: 0 | O27: =SUM(C27:L27,N27) -> 63 | P27: =SUM(C27:N27) -> 278 | R27: PM Period | S27: =SUM(S19:S21) -> 726 | T27: =SUM(T19:T21) -> 129 | U27: =SUM(U19:U21) -> 45 | V27: =SUM(V19:V21) -> 116 | W27: =SUM(W19:W21) -> 2 | X27: =SUM(X19:X21) -> 1 | Y27: =SUM(Y19:Y21) -> 39 | Z27: =SUM(Z19:Z21) -> 38 | ... AF27: =SUM(AF19:AF21) -> 2947
B28: 11.30 - 11.45 | C28: 29 | D28: 7 | E28: 7 | F28: 19 | G28: 1 | H28: 0 | I28: 2 | J28: 1 | K28: 1 | L28: 1 | M28: 195 | N28: 0 | O28: =SUM(C28:L28,N28) -> 68 | P28: =SUM(C28:N28) -> 263 | R28: 12 Hours | S28: =SUM(S10:S21) -> 1741 | T28: =SUM(T10:T21) -> 317 | U28: =SUM(U10:U21) -> 169 | V28: =SUM(V10:V21) -> 717 | W28: =SUM(W10:W21) -> 16 | X28: =SUM(X10:X21) -> 8 | Y28: =SUM(Y10:Y21) -> 133 | Z28: =SUM(Z10:Z21) -> 181 | ... AF28: =SUM(AF10:AF21) -> 10464
B29: 11.45 - 12.00 | C29: 33 | D29: 4 | E29: 4 | F29: 12 | G29: 0 | H29: 0 | I29: 5 | J29: 1 | K29: 0 | L29: 0 | M29: 135 | N29: 0 | O29: =SUM(C29:L29,N29) -> 59 | P29: =SUM(C29:N29) -> 194
B30: 12.00 - 12.15 | C30: 26 | D30: 9 | E30: 4 | F30: 13 | G30: 0 | H30: 0 | I30: 1 | J30: 8 | K30: 0 | L30: 0 | M30: 175 | N30: 0 | O30: =SUM(C30:L30,N30) -> 61 | P30: =SUM(C30:N30) -> 236
B31: 12.15 - 12.30 | C31: 26 | D31: 2 | E31: 5 | F31: 19 | G31: 1 | H31: 0 | I31: 3 | J31: 9 | K31: 1 | L31: 2 | M31: 105 | N31: 0 | O31: =SUM(C31:L31,N31) -> 68 | P31: =SUM(C31:N31) -> 173
B32: 12.30 - 12.45 | C32: 32 | D32: 6 | E32: 3 | F32: 17 | G32: 1 | H32: 1 | I32: 4 | J32: 3 | K32: 1 | L32: 0 | M32: 89 | N32: 0 | O32: =SUM(C32:L32,N32) -> 68 | P32: =SUM(C32:N32) -> 157
B33: 12.45 - 13.00 | C33: 27 | D33: 9 | E33: 3 | F33: 20 | G33: 2 | H33: 0 | I33: 6 | J33: 3 | K33: 2 | L33: 0 | M33: 96 | N33: 0 | O33: =SUM(C33:L33,N33) -> 72 | P33: =SUM(C33:N33) -> 168
B34: 13.00 - 13.15 | C34: 25 | D34: 8 | E34: 3 | F34: 21 | G34: 0 | H34: 0 | I34: 5 | J34: 6 | K34: 0 | L34: 1 | M34: 123 | N34: 0 | O34: =SUM(C34:L34,N34) -> 69 | P34: =SUM(C34:N34) -> 192
B35: 13.15 - 13.30 | C35: 34 | D35: 5 | E35: 3 | F35: 18 | G35: 0 | H35: 0 | I35: 1 | J35: 2 | K35: 0 | L35: 1 | M35: 154 | N35: 0 | O35: =SUM(C35:L35,N35) -> 64 | P35: =SUM(C35:N35) -> 218
B36: 13.30 - 13.45 | C36: 24 | D36: 1 | E36: 4 | F36: 16 | G36: 0 | H36: 0 | I36: 0 | J36: 5 | K36: 0 | L36: 0 | M36: 128 | N36: 0 | O36: =SUM(C36:L36,N36) -> 50 | P36: =SUM(C36:N36) -> 178
B37: 13.45 - 14.00 | C37: 36 | D37: 7 | E37: 3 | F37: 8 | G37: 1 | H37: 0 | I37: 7 | J37: 8 | K37: 1 | L37: 1 | M37: 99 | N37: 0 | O37: =SUM(C37:L37,N37) -> 72 | P37: =SUM(C37:N37) -> 171
B38: 14.00 - 14.15 | C38: 30 | D38: 3 | E38: 5 | F38: 14 | G38: 0 | H38: 0 | I38: 3 | J38: 3 | K38: 0 | L38: 0 | M38: 90 | N38: 0 | O38: =SUM(C38:L38,N38) -> 58 | P38: =SUM(C38:N38) -> 148
B39: 14.15 - 14.30 | C39: 33 | D39: 3 | E39: 4 | F39: 11 | G39: 0 | H39: 0 | I39: 3 | J39: 3 | K39: 0 | L39: 1 | M39: 121 | N39: 0 | O39: =SUM(C39:L39,N39) -> 58 | P39: =SUM(C39:N39) -> 179
B40: 14.30 - 14.45 | C40: 27 | D40: 1 | E40: 9 | F40: 15 | G40: 1 | H40: 0 | I40: 0 | J40: 0 | K40: 2 | L40: 1 | M40: 142 | N40: 0 | O40: =SUM(C40:L40,N40) -> 56 | P40: =SUM(C40:N40) -> 198
... B57: 18.45 - 19.00 | C57: 44 | D57: 8 | E57: 1 | F57: 3 | G57: 0 | H57: 0 | I57: 3 | J57: 1 | K57: 1 | L57: 0 | M57: 83 | N57: 0 | O57: =SUM(C57:L57,N57) -> 61 | P57: =SUM(C57:N57) -> 144
B58: Totals | C58: =SUM(C10:C57) -> 1741 | D58: =SUM(D10:D57) -> 317 | E58: =SUM(E10:E57) -> 169 | F58: =SUM(F10:F57) -> 717 | G58: =SUM(G10:G57) -> 16 | H58: =SUM(H10:H57) -> 8 | I58: =SUM(I10:I57) -> 133 | J58: =SUM(J10:J57) -> 181 | ... P58: =SUM(P10:P57) -> 10464
B59: %ges + MCs | C59: =C58/$P$58 -> 0.16637997 | D59: =D58/$P$58 -> 0.030294343 | E59: =E58/$P$58 -> 0.016150612 | F59: =F58/$P$58 -> 0.068520642 | G59: =G58/$P$58 -> 0.001529052 | H59: =H58/$P$58 -> 0.00076452599 | I59: =I58/$P$58 -> 0.012710245 | J59: =J58/$P$58 -> 0.017297401 | ... N59: =N58/$P$58 -> 0
B60: %ges w/o MCs | C60: =C58/$O$58 -> 0.49686073 | D60: =D58/$O$58 -> 0.090468037 | E60: =E58/$O$58 -> 0.048230594 | F60: =F58/$O$58 -> 0.20462329 | G60: =G58/$O$58 -> 0.00456621 | H60: =H58/$O$58 -> 0.002283105 | I60: =I58/$O$58 -> 0.037956621 | J60: =J58/$O$58 -> 0.051655251 | ... L60: =L58/$O$58 -> 0.054794521 | N60: =N58/$O$58 -> 0

Sheet 23.07 KABUSU-RUBAGA
B1: Consultancy services for Preparation of Expressway Development Master Plan (EDMP) for Uganda
B2: MANUAL CLASSIFIED COUNT (MCC)
B3: ROAD NAME: | C3: ='22.07 KABUSU-RUBAGA'!C3:G3 -> MCC - C1 - STN05 - KABUSU ROAD
C5: Date | D5: ='23.07 RUBAGA-KABUSU'!D5 -> 23.07.19 | F5: Location | G5: ='22.07 RUBAGA-KABUSU'!G5:H5 -> CHAD SUPERMARKET | J5: Surveyor | K5: MBERE IVAN
C6: Dir. From | D6: KABUSU | F6: Dir. To | G6: RUBAGA | J6: Supervisor | K6: DENIS
B8: Time / Veh Type | R8: SUMMARY TRAFFIC VOLUMES
C9: 1. Car | D9: 2. Station Wagon | E9: 3. Pickups | F9: 4. Minibus, matatu | G9: 5. Medium bus | H9: 6. Large Bus | I9: 7. Light Truck | J9: 8. Medium Truck | K9: 9. Heavy truck | L9: 10. Truck Trailer | M9: 11. Motor cycles | N9: 12. Tractors | O9: Total Excl M/Cycles | P9: Total All | R9: Time | S9: 1. Car | T9: 2. Station Wagon | U9: 3. Pickups | V9: 4. Minibus, matatu | W9: 5. Medium bus | X9: 6. Large Bus | Y9: 7. Light Truck | Z9: 8. Medium Truck | AA9: 9. Heavy truck | AB9: 10. Truck Trailer | AC9: 11. Motorcycles | AD9: 12. Tractors, Graders | AE9: Total Excl M/ Cycles | AF9: Total All
B10: 07.00 - 07.15 | C10: 74 | D10: 52 | E10: 6 | F10: 42 | G10: 0 | H10: 0 | I10: 5 | J10: 1 | K10: 0 | L10: 1 | M10: 195 | N10: 0 | O10: =SUM(C10:L10,N10) -> 181 | P10: =SUM(C10:N10) -> 376 | R10: 0700-0800 | S10: =SUM(C10:C13) -> 222 | T10: =SUM(D10:D13) -> 215 | U10: =SUM(E10:E13) -> 25 | V10: =SUM(F10:F13) -> 270 | W10: =SUM(G10:G13) -> 0 | X10: =SUM(H10:H13) -> 1 | Y10: =SUM(I10:I13) -> 13 | Z10: =SUM(J10:J13) -> 5 | ... AF10: =SUM(P10:P13) -> 2021
B11: 07.15 - 07.30 | C11: 43 | D11: 48 | E11: 4 | F11: 37 | G11: 0 | H11: 0 | I11: 2 | J11: 1 | K11: 1 | L11: 2 | M11: 328 | N11: 0 | O11: =SUM(C11:L11,N11) -> 138 | P11: =SUM(C11:N11) -> 466 | R11: 0800-0900 | S11: =SUM(C14:C17) -> 199 | T11: =SUM(D14:D17) -> 174 | U11: =SUM(E14:E17) -> 24 | V11: =SUM(F14:F17) -> 148 | W11: =SUM(G14:G17) -> 0 | X11: =SUM(H14:H17) -> 0 | Y11: =SUM(I14:I17) -> 19 | Z11: =SUM(J14:J17) -> 7 | ... AF11: =SUM(P14:P17) -> 1853
B12: 07.30 - 07.45 | C12: 59 | D12: 56 | E12: 8 | F12: 151 | G12: 0 | H12: 0 | I12: 2 | J12: 1 | K12: 0 | L12: 0 | M12: 425 | N12: 0 | O12: =SUM(C12:L12,N12) -> 277 | P12: =SUM(C12:N12) -> 702 | R12: 0900-1000 | S12: =SUM(C18:C21) -> 163 | T12: =SUM(D18:D21) -> 130 | U12: =SUM(E18:E21) -> 20 | V12: =SUM(F18:F21) -> 124 | W12: =SUM(G18:G21) -> 0 | X12: =SUM(H18:H21) -> 1 | Y12: =SUM(I18:I21) -> 15 | Z12: =SUM(J18:J21) -> 5 | ... AF12: =SUM(P18:P21) -> 1314
B13: 07.45 - 08.00 | C13: 46 | D13: 59 | E13: 7 | F13: 40 | G13: 0 | H13: 1 | I13: 4 | J13: 2 | K13: 1 | L13: 0 | M13: 317 | N13: 0 | O13: =SUM(C13:L13,N13) -> 160 | P13: =SUM(C13:N13) -> 477 | R13: 1000-1100 | S13: =SUM(C22:C25) -> 114 | T13: =SUM(D22:D25) -> 98 | U13: =SUM(E22:E25) -> 24 | V13: =SUM(F22:F25) -> 130 | W13: =SUM(G22:G25) -> 0 | X13: =SUM(H22:H25) -> 0 | Y13: =SUM(I22:I25) -> 22 | Z13: =SUM(J22:J25) -> 11 | ... AF13: =SUM(P22:P25) -> 1121
B14: 08.00 - 08.15 | C14: 58 | D14: 55 | E14: 10 | F14: 37 | G14: 0 | H14: 0 | I14: 6 | J14: 3 | K14: 0 | L14: 0 | M14: 301 | N14: 0 | O14: =SUM(C14:L14,N14) -> 169 | P14: =SUM(C14:N14) -> 470 | R14: 1100-1200 | S14: =SUM(C26:C29) -> 101 | T14: =SUM(D26:D29) -> 90 | U14: =SUM(E26:E29) -> 19 | V14: =SUM(F26:F29) -> 113 | W14: =SUM(G26:G29) -> 0 | X14: =SUM(H26:H29) -> 1 | Y14: =SUM(I26:I29) -> 22 | Z14: =SUM(J26:J29) -> 7 | ... AF14: =SUM(P26:P29) -> 1056
B15: 08.15 - 08.30 | C15: 54 | D15: 33 | E15: 4 | F15: 32 | G15: 0 | H15: 0 | I15: 3 | J15: 0 | K15: 1 | L15: 0 | M15: 345 | N15: 0 | O15: =SUM(C15:L15,N15) -> 127 | P15: =SUM(C15:N15) -> 472 | R15: 1200-1300 | S15: =SUM(C30:C33) -> 87 | T15: =SUM(D30:D33) -> 80 | U15: =SUM(E30:E33) -> 34 | V15: =SUM(F30:F33) -> 117 | W15: =SUM(G30:G33) -> 1 | X15: =SUM(H30:H33) -> 0 | Y15: =SUM(I30:I33) -> 25 | Z15: =SUM(J30:J33) -> 8 | ... AF15: =SUM(P30:P33) -> 1074
B16: 08.30 - 08.45 | C16: 44 | D16: 45 | E16: 8 | F16: 44 | G16: 0 | H16: 0 | I16: 6 | J16: 3 | K16: 0 | L16: 0 | M16: 315 | N16: 0 | O16: =SUM(C16:L16,N16) -> 150 | P16: =SUM(C16:N16) -> 465 | R16: 1300-1400 | S16: =SUM(C34:C37) -> 95 | T16: =SUM(D34:D37) -> 66 | U16: =SUM(E34:E37) -> 10 | V16: =SUM(F34:F37) -> 95 | W16: =SUM(G34:G37) -> 2 | X16: =SUM(H34:H37) -> 2 | Y16: =SUM(I34:I37) -> 13 | Z16: =SUM(J34:J37) -> 9 | ... AF16: =SUM(P34:P37) -> 896
B17: 08.45 - 9.00 | C17: 43 | D17: 41 | E17: 2 | F17: 35 | G17: 0 | H17: 0 | I17: 4 | J17: 1 | K17: 0 | L17: 0 | M17: 320 | N17: 0 | O17: =SUM(C17:L17,N17) -> 126 | P17: =SUM(C17:N17) -> 446 | R17: 1400-1500 | S17: =SUM(C38:C41) -> 91 | T17: =SUM(D38:D41) -> 77 | U17: =SUM(E38:E41) -> 24 | V17: =SUM(F38:F41) -> 79 | W17: =SUM(G38:G41) -> 1 | X17: =SUM(H38:H41) -> 0 | Y17: =SUM(I38:I41) -> 28 | Z17: =SUM(J38:J41) -> 6 | ... AF17: =SUM(P38:P41) -> 906
B18: 09.00 - 09.15 | C18: 36 | D18: 31 | E18: 5 | F18: 26 | G18: 0 | H18: 0 | I18: 1 | J18: 1 | K18: 1 | L18: 0 | M18: 191 | N18: 0 | O18: =SUM(C18:L18,N18) -> 101 | P18: =SUM(C18:N18) -> 292 | R18: 1500-1600 | S18: =SUM(C42:C45) -> 105 | T18: =SUM(D42:D45) -> 79 | U18: =SUM(E42:E45) -> 17 | V18: =SUM(F42:F45) -> 95 | W18: =SUM(G42:G45) -> 0 | X18: =SUM(H42:H45) -> 1 | Y18: =SUM(I42:I45) -> 23 | Z18: =SUM(J42:J45) -> 12 | ... AF18: =SUM(P42:P45) -> 831
B19: 09.15 - 09.30 | C19: 46 | D19: 30 | E19: 4 | F19: 35 | G19: 0 | H19: 0 | I19: 4 | J19: 2 | K19: 1 | L19: 0 | M19: 234 | N19: 0 | O19: =SUM(C19:L19,N19) -> 122 | P19: =SUM(C19:N19) -> 356 | R19: 1600-1700 | S19: =SUM(C46:C49) -> 113 | T19: =SUM(D46:D49) -> 82 | U19: =SUM(E46:E49) -> 16 | V19: =SUM(F46:F49) -> 82 | W19: =SUM(G46:G49) -> 3 | X19: =SUM(H46:H49) -> 3 | Y19: =SUM(I46:I49) -> 21 | Z19: =SUM(J46:J49) -> 11 | ... AF19: =SUM(P46:P49) -> 1024
B20: 09.30 - 09.45 | C20: 47 | D20: 39 | E20: 6 | F20: 36 | G20: 0 | H20: 0 | I20: 5 | J20: 2 | K20: 1 | L20: 0 | M20: 211 | N20: 0 | O20: =SUM(C20:L20,N20) -> 136 | P20: =SUM(C20:N20) -> 347 | R20: 1700-1800 | S20: =SUM(C50:C53) -> 97 | T20: =SUM(D50:D53) -> 85 | U20: =SUM(E50:E53) -> 10 | V20: =SUM(F50:F53) -> 95 | W20: =SUM(G50:G53) -> 3 | X20: =SUM(H50:H53) -> 3 | Y20: =SUM(I50:I53) -> 11 | Z20: =SUM(J50:J53) -> 13 | ... AF20: =SUM(P50:P53) -> 983
B21: 09.45 - 10.00 | C21: 34 | D21: 30 | E21: 5 | F21: 27 | G21: 0 | H21: 1 | I21: 5 | J21: 0 | K21: 0 | L21: 0 | M21: 217 | N21: 0 | O21: =SUM(C21:L21,N21) -> 102 | P21: =SUM(C21:N21) -> 319 | R21: 1800-1900 | S21: =SUM(C54:C57) -> 136 | T21: =SUM(D54:D57) -> 73 | U21: =SUM(E54:E57) -> 17 | V21: =SUM(F54:F57) -> 123 | W21: =SUM(G54:G57) -> 6 | X21: =SUM(H54:H57) -> 3 | Y21: =SUM(I54:I57) -> 11 | Z21: =SUM(J54:J57) -> 6 | ... AF21: =SUM(P54:P57) -> 1284
B22: 10.00 - 10.15 | C22: 25 | D22: 26 | E22: 7 | F22: 34 | G22: 0 | H22: 0 | I22: 8 | J22: 3 | K22: 1 | L22: 1 | M22: 188 | N22: 0 | O22: =SUM(C22:L22,N22) -> 105 | P22: =SUM(C22:N22) -> 293 | R22: AM Peak Hr | S22: =MAX(S10:S12) -> 222 | T22: =MAX(T10:T12) -> 215 | U22: =MAX(U10:U12) -> 25 | V22: =MAX(V10:V12) -> 270 | W22: =MAX(W10:W12) -> 0 | X22: =MAX(X10:X12) -> 1 | Y22: =MAX(Y10:Y12) -> 19 | Z22: =MAX(Z10:Z12) -> 7 | ... AF22: =MAX(AF10:AF12) -> 2021
B23: 10.15 - 10.30 | C23: 28 | D23: 21 | E23: 5 | F23: 31 | G23: 0 | H23: 0 | I23: 5 | J23: 1 | K23: 0 | L23: 2 | M23: 179 | N23: 0 | O23: =SUM(C23:L23,N23) -> 93 | P23: =SUM(C23:N23) -> 272 | R23: IP Peak Hr | S23: =MAX(S13:S18) -> 114 | T23: =MAX(T13:T18) -> 98 | U23: =MAX(U13:U18) -> 34 | V23: =MAX(V13:V18) -> 130 | W23: =MAX(W13:W18) -> 2 | X23: =MAX(X13:X18) -> 2 | Y23: =MAX(Y13:Y18) -> 28 | Z23: =MAX(Z13:Z18) -> 12 | ... AF23: =MAX(AF13:AF18) -> 1121
B24: 10.30 - 10.45 | C24: 41 | D24: 25 | E24: 8 | F24: 31 | G24: 0 | H24: 0 | I24: 2 | J24: 3 | K24: 2 | L24: 1 | M24: 160 | N24: 0 | O24: =SUM(C24:L24,N24) -> 113 | P24: =SUM(C24:N24) -> 273 | R24: PM Peak Hr | S24: =MAX(S19:S21) -> 136 | T24: =MAX(T19:T21) -> 85 | U24: =MAX(U19:U21) -> 17 | V24: =MAX(V19:V21) -> 123 | W24: =MAX(W19:W21) -> 6 | X24: =MAX(X19:X21) -> 3 | Y24: =MAX(Y19:Y21) -> 21 | Z24: =MAX(Z19:Z21) -> 13 | ... AF24: =MAX(AF19:AF21) -> 1284
B25: 10.45 - 11.00 | C25: 20 | D25: 26 | E25: 4 | F25: 34 | G25: 0 | H25: 0 | I25: 7 | J25: 4 | K25: 1 | L25: 2 | M25: 185 | N25: 0 | O25: =SUM(C25:L25,N25) -> 98 | P25: =SUM(C25:N25) -> 283 | R25: AM Period | S25: =SUM(S10:S12) -> 584 | T25: =SUM(T10:T12) -> 519 | U25: =SUM(U10:U12) -> 69 | V25: =SUM(V10:V12) -> 542 | W25: =SUM(W10:W12) -> 0 | X25: =SUM(X10:X12) -> 2 | Y25: =SUM(Y10:Y12) -> 47 | Z25: =SUM(Z10:Z12) -> 17 | ... AF25: =SUM(AF10:AF12) -> 5188
B26: 11.00 - 11.15 | C26: 22 | D26: 21 | E26: 7 | F26: 37 | G26: 0 | H26: 1 | I26: 6 | J26: 1 | K26: 2 | L26: 0 | M26: 163 | N26: 0 | O26: =SUM(C26:L26,N26) -> 97 | P26: =SUM(C26:N26) -> 260 | R26: IP Period | S26: =SUM(S13:S18) -> 593 | T26: =SUM(T13:T18) -> 490 | U26: =SUM(U13:U18) -> 128 | V26: =SUM(V13:V18) -> 629 | W26: =SUM(W13:W18) -> 4 | X26: =SUM(X13:X18) -> 4 | Y26: =SUM(Y13:Y18) -> 133 | Z26: =SUM(Z13:Z18) -> 53 | ... AF26: =SUM(AF13:AF18) -> 5884
B27: 11.15 - 11.30 | C27: 32 | D27: 25 | E27: 2 | F27: 24 | G27: 0 | H27: 0 | I27: 6 | J27: 4 | K27: 3 | L27: 2 | M27: 148 | N27: 0 | O27: =SUM(C27:L27,N27) -> 98 | P27: =SUM(C27:N27) -> 246 | R27: PM Period | S27: =SUM(S19:S21) -> 346 | T27: =SUM(T19:T21) -> 240 | U27: =SUM(U19:U21) -> 43 | V27: =SUM(V19:V21) -> 300 | W27: =SUM(W19:W21) -> 12 | X27: =SUM(X19:X21) -> 9 | Y27: =SUM(Y19:Y21) -> 43 | Z27: =SUM(Z19:Z21) -> 30 | ... AF27: =SUM(AF19:AF21) -> 3291
B28: 11.30 - 11.45 | C28: 29 | D28: 23 | E28: 3 | F28: 27 | G28: 0 | H28: 0 | I28: 4 | J28: 1 | K28: 1 | L28: 3 | M28: 166 | N28: 0 | O28: =SUM(C28:L28,N28) -> 91 | P28: =SUM(C28:N28) -> 257 | R28: 12 Hours | S28: =SUM(S10:S21) -> 1523 | T28: =SUM(T10:T21) -> 1249 | U28: =SUM(U10:U21) -> 240 | V28: =SUM(V10:V21) -> 1471 | W28: =SUM(W10:W21) -> 16 | X28: =SUM(X10:X21) -> 15 | Y28: =SUM(Y10:Y21) -> 223 | Z28: =SUM(Z10:Z21) -> 100 | ... AF28: =SUM(AF10:AF21) -> 14363
B29: 11.45 - 12.00 | C29: 18 | D29: 21 | E29: 7 | F29: 25 | G29: 0 | H29: 0 | I29: 6 | J29: 1 | K29: 0 | L29: 2 | M29: 213 | N29: 0 | O29: =SUM(C29:L29,N29) -> 80 | P29: =SUM(C29:N29) -> 293
B30: 12.00 - 12.15 | C30: 27 | D30: 25 | E30: 8 | F30: 30 | G30: 1 | H30: 0 | I30: 13 | J30: 4 | K30: 0 | L30: 2 | M30: 160 | N30: 0 | O30: =SUM(C30:L30,N30) -> 110 | P30: =SUM(C30:N30) -> 270
B31: 12.15 - 12.30 | C31: 27 | D31: 15 | E31: 7 | F31: 36 | G31: 0 | H31: 0 | I31: 3 | J31: 0 | K31: 1 | L31: 1 | M31: 182 | N31: 0 | O31: =SUM(C31:L31,N31) -> 90 | P31: =SUM(C31:N31) -> 272
B32: 12.30 - 12.45 | C32: 16 | D32: 22 | E32: 5 | F32: 23 | G32: 0 | H32: 0 | I32: 1 | J32: 4 | K32: 1 | L32: 0 | M32: 178 | N32: 0 | O32: =SUM(C32:L32,N32) -> 72 | P32: =SUM(C32:N32) -> 250
B33: 12.45 - 13.00 | C33: 17 | D33: 18 | E33: 14 | F33: 28 | G33: 0 | H33: 0 | I33: 8 | J33: 0 | K33: 1 | L33: 0 | M33: 196 | N33: 0 | O33: =SUM(C33:L33,N33) -> 86 | P33: =SUM(C33:N33) -> 282
B34: 13.00 - 13.15 | C34: 22 | D34: 17 | E34: 2 | F34: 24 | G34: 1 | H34: 1 | I34: 2 | J34: 3 | K34: 2 | L34: 3 | M34: 168 | N34: 0 | O34: =SUM(C34:L34,N34) -> 77 | P34: =SUM(C34:N34) -> 245
B35: 13.15 - 13.30 | C35: 26 | D35: 20 | E35: 3 | F35: 25 | G35: 0 | H35: 0 | I35: 5 | J35: 1 | K35: 0 | L35: 2 | M35: 132 | N35: 0 | O35: =SUM(C35:L35,N35) -> 82 | P35: =SUM(C35:N35) -> 214
B36: 13.30 - 13.45 | C36: 24 | D36: 11 | E36: 2 | F36: 27 | G36: 1 | H36: 0 | I36: 2 | J36: 1 | K36: 1 | L36: 2 | M36: 131 | N36: 0 | O36: =SUM(C36:L36,N36) -> 71 | P36: =SUM(C36:N36) -> 202
B37: 13.45 - 14.00 | C37: 23 | D37: 18 | E37: 3 | F37: 19 | G37: 0 | H37: 1 | I37: 4 | J37: 4 | K37: 1 | L37: 1 | M37: 161 | N37: 0 | O37: =SUM(C37:L37,N37) -> 74 | P37: =SUM(C37:N37) -> 235
B38: 14.00 - 14.15 | C38: 21 | D38: 16 | E38: 2 | F38: 22 | G38: 1 | H38: 0 | I38: 7 | J38: 1 | K38: 0 | L38: 3 | M38: 167 | N38: 0 | O38: =SUM(C38:L38,N38) -> 73 | P38: =SUM(C38:N38) -> 240
B39: 14.15 - 14.30 | C39: 23 | D39: 19 | E39: 7 | F39: 21 | G39: 0 | H39: 0 | I39: 9 | J39: 3 | K39: 0 | L39: 1 | M39: 123 | N39: 0 | O39: =SUM(C39:L39,N39) -> 83 | P39: =SUM(C39:N39) -> 206
B40: 14.30 - 14.45 | C40: 26 | D40: 22 | E40: 2 | F40: 18 | G40: 0 | H40: 0 | I40: 8 | J40: 1 | K40: 1 | L40: 2 | M40: 161 | N40: 0 | O40: =SUM(C40:L40,N40) -> 80 | P40: =SUM(C40:N40) -> 241
... B44: 15.30 - 15.45 | C44: 21 | D44: 25 | E44: 7 | F44: 22 | G44: 0 | H44: 0 | I44: 9 | J44: 2 | K44: 1 | L44: 1 | M44: 188 | N44: 0 | O44: =SUM(C44:L44,N44) -> 88 | P44: =SUM(C44:N44) -> 276
B45: 15.45 - 16.00 | C45: 34 | D45: 15 | E45: 2 | F45: 31 | G45: 0 | H45: 0 | I45: 6 | J45: 1 | K45: 2 | L45: 0 | M45: 186 | N45: 14 | O45: 9 | P45: 21 | S45: 7 | T45: 4 | U45: 1 | V45: 1 | W45: 168
B46: 16.00 - 16.15 | C46: 21 | D46: 14 | E46: 9 | F46: 21 | G46: 0 | H46: 0 | I46: 7 | J46: 4 | K46: 1 | L46: 1 | M46: 168 | N46: 0 | O46: =SUM(C46:L46,N46) -> 78 | P46: =SUM(C46:N46) -> 246
B47: 16.15 -16.30 | C47: 40 | D47: 28 | E47: 2 | F47: 20 | G47: 1 | H47: 1 | I47: 4 | J47: 4 | K47: 1 | L47: 1 | M47: 141 | N47: 0 | O47: =SUM(C47:L47,N47) -> 102 | P47: =SUM(C47:N47) -> 243
B48: 16.30 -16.45 | C48: 27 | D48: 17 | E48: 3 | F48: 21 | G48: 1 | H48: 1 | I48: 3 | J48: 2 | K48: 2 | L48: 1 | M48: 155 | N48: 0 | O48: =SUM(C48:L48,N48) -> 78 | P48: =SUM(C48:N48) -> 233
B49: 16.45 -17.00 | C49: 25 | D49: 23 | E49: 2 | F49: 20 | G49: 1 | H49: 1 | I49: 7 | J49: 1 | K49: 1 | L49: 1 | M49: 220 | N49: 0 | O49: =SUM(C49:L49,N49) -> 82 | P49: =SUM(C49:N49) -> 302
B50: 17.00 -17.15 | C50: 23 | D50: 23 | E50: 5 | F50: 19 | G50: 0 | H50: 1 | I50: 6 | J50: 1 | K50: 0 | L50: 0 | M50: 187 | N50: 0 | O50: =SUM(C50:L50,N50) -> 78 | P50: =SUM(C50:N50) -> 265
B51: 17.15 -17.30 | C51: 22 | D51: 20 | E51: 0 | F51: 24 | G51: 0 | H51: 1 | I51: 3 | J51: 6 | K51: 0 | L51: 0 | M51: 172 | N51: 0 | O51: =SUM(C51:L51,N51) -> 76 | P51: =SUM(C51:N51) -> 248
B52: 17.30 -17.45 | C52: 27 | D52: 25 | E52: 2 | F52: 28 | G52: 2 | H52: 1 | I52: 2 | J52: 2 | K52: 0 | L52: 1 | M52: 168 | N52: 0 | O52: =SUM(C52:L52,N52) -> 90 | P52: =SUM(C52:N52) -> 258
B53: 17.45 -18.00 | C53: 25 | D53: 17 | E53: 3 | F53: 24 | G53: 1 | H53: 0 | I53: 0 | J53: 4 | K53: 1 | L53: 2 | M53: 135 | N53: 0 | O53: =SUM(C53:L53,N53) -> 77 | P53: =SUM(C53:N53) -> 212
B54: 18.00 - 18.15 | C54: 30 | D54: 14 | E54: 0 | F54: 20 | G54: 1 | H54: 1 | I54: 3 | J54: 1 | K54: 0 | L54: 0 | M54: 233 | N54: 0 | O54: =SUM(C54:L54,N54) -> 70 | P54: =SUM(C54:N54) -> 303
B55: 18.15 - 18.30 | C55: 31 | D55: 24 | E55: 6 | F55: 38 | G55: 1 | H55: 0 | I55: 1 | J55: 1 | K55: 0 | L55: 0 | M55: 235 | N55: 0 | O55: =SUM(C55:L55,N55) -> 102 | P55: =SUM(C55:N55) -> 337
B56: 18.30 - 18.45 | C56: 37 | D56: 19 | E56: 9 | F56: 59 | G56: 1 | H56: 1 | I56: 5 | J56: 2 | K56: 0 | L56: 1 | M56: 230 | N56: 0 | O56: =SUM(C56:L56,N56) -> 134 | P56: =SUM(C56:N56) -> 364
B57: 18.45 - 19.00 | C57: 38 | D57: 16 | E57: 2 | F57: 6 | G57: 3 | H57: 1 | I57: 2 | J57: 2 | K57: 0 | L57: 0 | M57: 210 | N57: 0 | O57: =SUM(C57:L57,N57) -> 70 | P57: =SUM(C57:N57) -> 280
B58: Totals | C58: =SUM(C10:C57) -> 1523 | D58: =SUM(D10:D57) -> 1249 | E58: =SUM(E10:E57) -> 240 | F58: =SUM(F10:F57) -> 1471 | G58: =SUM(G10:G57) -> 16 | H58: =SUM(H10:H57) -> 15 | I58: =SUM(I10:I57) -> 223 | J58: =SUM(J10:J57) -> 100 | ... P58: =SUM(P10:P57) -> 14363
B59: %ges + MCs | C59: =C58/$P$58 -> 0.10603634 | D59: =D58/$P$58 -> 0.086959549 | E59: =E58/$P$58 -> 0.016709601 | F59: =F58/$P$58 -> 0.10241593 | G59: =G58/$P$58 -> 0.0011139734 | H59: =H58/$P$58 -> 0.0010443501 | I59: =I58/$P$58 -> 0.015526004 | J59: =J58/$P$58 -> 0.0069623338 | ... N59: =N58/$P$58 -> 0.00097472673
B60: %ges w/o MCs | C60: =C58/$O$58 -> 0.3147995 | D60: =D58/$O$58 -> 0.25816453 | E60: =E58/$O$58 -> 0.049607276 | F60: =F58/$O$58 -> 0.30405126 | G60: =G58/$O$58 -> 0.0033071517 | H60: =H58/$O$58 -> 0.0031004547 | I60: =I58/$O$58 -> 0.046093427 | J60: =J58/$O$58 -> 0.020669698 | ... L60: =L58/$O$58 -> 0.0095080612 | N60: =N58/$O$58 -> 0.0028937578

Sheet 24.07 RUBAGA-KABUSU
B1: Consultancy services for Preparation of Expressway Development Master Plan (EDMP) for Uganda
B2: MANUAL CLASSIFIED COUNT (MCC)
B3: ROAD NAME: | C3: ='22.07 RUBAGA-KABUSU'!C3:G3 -> MCC - C1 - STN05 - KABUSU ROAD
C5: Date | D5: 24.07.19 | F5: Location | G5: ='22.07 RUBAGA-KABUSU'!G5:H5 -> CHAD SUPERMARKET | J5: Surveyor | K5: ='22.07 RUBAGA-KABUSU'!K5:L5 -> EMMANUEL EGIMU
C6: Dir. From | D6: ='22.07 RUBAGA-KABUSU'!D6:E6 -> RUBAGA | F6: Dir. To | G6: ='22.07 RUBAGA-KABUSU'!G6:H6 -> KABUSU | J6: Supervisor | K6: ='22.07 RUBAGA-KABUSU'!K6:L6 -> DENIS
B8: Time / Veh Type | R8: SUMMARY TRAFFIC VOLUMES
C9: 1. Car | D9: 2. Station Wagon | E9: 3. Pickups | F9: 4. Minibus, matatu | G9: 5. Medium bus | H9: 6. Large Bus | I9: 7. Light Truck | J9: 8. Medium Truck | K9: 9. Heavy truck | L9: 10. Truck Trailer | M9: 11. Motor cycles | N9: 12. Tractors | O9: Total Excl M/Cycles | P9: Total All | R9: Time | S9: 1. Car | T9: 2. Station Wagon | U9: 3. Pickups | V9: 4. Minibus, matatu | W9: 5. Medium bus | X9: 6. Large Bus | Y9: 7. Light Truck | Z9: 8. Medium Truck | AA9: 9. Heavy truck | AB9: 10. Truck Trailer | AC9: 11. Motorcycles | AD9: 12. Tractors, Graders | AE9: Total Excl M/ Cycles | AF9: Total All
B10: 07.00 - 07.15 | C10: 31 | D10: 7 | E10: 4 | F10: 13 | G10: 0 | H10: 0 | I10: 4 | J10: 2 | K10: 0 | L10: 0 | M10: 68 | N10: 0 | O10: =SUM(C10:L10,N10) -> 61 | P10: =SUM(C10:N10) -> 129 | R10: 0700-0800 | S10: =SUM(C10:C13) -> 127 | T10: =SUM(D10:D13) -> 17 | U10: =SUM(E10:E13) -> 9 | V10: =SUM(F10:F13) -> 76 | W10: =SUM(G10:G13) -> 0 | X10: =SUM(H10:H13) -> 1 | Y10: =SUM(I10:I13) -> 8 | Z10: =SUM(J10:J13) -> 5 | ... AF10: =SUM(P10:P13) -> 581
B11: 07.15 - 07.30 | C11: 45 | D11: 4 | E11: 1 | F11: 18 | G11: 0 | H11: 0 | I11: 1 | J11: 2 | K11: 0 | L11: 2 | M11: 79 | N11: 0 | O11: =SUM(C11:L11,N11) -> 73 | P11: =SUM(C11:N11) -> 152 | R11: 0800-0900 | S11: =SUM(C14:C17) -> 84 | T11: =SUM(D14:D17) -> 22 | U11: =SUM(E14:E17) -> 8 | V11: =SUM(F14:F17) -> 92 | W11: =SUM(G14:G17) -> 5 | X11: =SUM(H14:H17) -> 1 | Y11: =SUM(I14:I17) -> 13 | Z11: =SUM(J14:J17) -> 14 | ... AF11: =SUM(P14:P17) -> 795
B12: 07.30 - 07.45 | C12: 18 | D12: 3 | E12: 3 | F12: 22 | G12: 0 | H12: 1 | I12: 1 | J12: 1 | K12: 1 | L12: 0 | M12: 91 | N12: 0 | O12: =SUM(C12:L12,N12) -> 50 | P12: =SUM(C12:N12) -> 141 | R12: 0900-1000 | S12: =SUM(C18:C21) -> 64 | T12: =SUM(D18:D21) -> 19 | U12: =SUM(E18:E21) -> 19 | V12: =SUM(F18:F21) -> 84 | W12: =SUM(G18:G21) -> 2 | X12: =SUM(H18:H21) -> 0 | Y12: =SUM(I18:I21) -> 6 | Z12: =SUM(J18:J21) -> 11 | ... AF12: =SUM(P18:P21) -> 762
B13: 07.45 - 08.00 | C13: 33 | D13: 3 | E13: 1 | F13: 23 | G13: 0 | H13: 0 | I13: 2 | J13: 0 | K13: 0 | L13: 0 | M13: 97 | N13: 0 | O13: =SUM(C13:L13,N13) -> 62 | P13: =SUM(C13:N13) -> 159 | R13: 1000-1100 | S13: =SUM(C22:C25) -> 91 | T13: =SUM(D22:D25) -> 34 | U13: =SUM(E22:E25) -> 10 | V13: =SUM(F22:F25) -> 69 | W13: =SUM(G22:G25) -> 4 | X13: =SUM(H22:H25) -> 0 | Y13: =SUM(I22:I25) -> 4 | Z13: =SUM(J22:J25) -> 21 | ... AF13: =SUM(P22:P25) -> 1032
B14: 08.00 - 08.15 | C14: 31 | D14: 1 | E14: 3 | F14: 23 | G14: 3 | H14: 1 | I14: 6 | J14: 3 | K14: 0 | L14: 1 | M14: 112 | N14: 0 | O14: =SUM(C14:L14,N14) -> 72 | P14: =SUM(C14:N14) -> 184 | R14: 1100-1200 | S14: =SUM(C26:C29) -> 110 | T14: =SUM(D26:D29) -> 26 | U14: =SUM(E26:E29) -> 9 | V14: =SUM(F26:F29) -> 69 | W14: =SUM(G26:G29) -> 1 | X14: =SUM(H26:H29) -> 1 | Y14: =SUM(I26:I29) -> 8 | Z14: =SUM(J26:J29) -> 16 | ... AF14: =SUM(P26:P29) -> 845
B15: 08.15 - 08.30 | C15: 22 | D15: 5 | E15: 1 | F15: 24 | G15: 2 | H15: 0 | I15: 6 | J15: 5 | K15: 0 | L15: 2 | M15: 149 | N15: 0 | O15: =SUM(C15:L15,N15) -> 67 | P15: =SUM(C15:N15) -> 216 | R15: 1200-1300 | S15: =SUM(C30:C33) -> 113 | T15: =SUM(D30:D33) -> 23 | U15: =SUM(E30:E33) -> 16 | V15: =SUM(F30:F33) -> 48 | W15: =SUM(G30:G33) -> 4 | X15: =SUM(H30:H33) -> 2 | Y15: =SUM(I30:I33) -> 10 | Z15: =SUM(J30:J33) -> 22 | ... AF15: =SUM(P30:P33) -> 776
B16: 08.30 - 08.45 | C16: 14 | D16: 7 | E16: 3 | F16: 20 | G16: 0 | H16: 0 | I16: 1 | J16: 3 | K16: 2 | L16: 0 | M16: 161 | N16: 0 | O16: =SUM(C16:L16,N16) -> 50 | P16: =SUM(C16:N16) -> 211 | R16: 1300-1400 | S16: =SUM(C34:C37) -> 105 | T16: =SUM(D34:D37) -> 22 | U16: =SUM(E34:E37) -> 9 | V16: =SUM(F34:F37) -> 57 | W16: =SUM(G34:G37) -> 3 | X16: =SUM(H34:H37) -> 3 | Y16: =SUM(I34:I37) -> 8 | Z16: =SUM(J34:J37) -> 13 | ... AF16: =SUM(P34:P37) -> 702
B17: 08.45 - 9.00 | C17: 17 | D17: 9 | E17: 1 | F17: 25 | G17: 0 | H17: 0 | I17: 0 | J17: 3 | K17: 1 | L17: 0 | M17: 128 | N17: 0 | O17: =SUM(C17:L17,N17) -> 56 | P17: =SUM(C17:N17) -> 184 | R17: 1400-1500 | S17: =SUM(C38:C41) -> 118 | T17: =SUM(D38:D41) -> 14 | U17: =SUM(E38:E41) -> 21 | V17: =SUM(F38:F41) -> 43 | W17: =SUM(G38:G41) -> 0 | X17: =SUM(H38:H41) -> 0 | Y17: =SUM(I38:I41) -> 18 | Z17: =SUM(J38:J41) -> 11 | ... AF17: =SUM(P38:P41) -> 748
B18: 09.00 - 09.15 | C18: 19 | D18: 5 | E18: 6 | F18: 17 | G18: 0 | H18: 0 | I18: 1 | J18: 3 | K18: 1 | L18: 1 | M18: 142 | N18: 0 | O18: =SUM(C18:L18,N18) -> 53 | P18: =SUM(C18:N18) -> 195 | R18: 1500-1600 | S18: =SUM(C42:C45) -> 152 | T18: =SUM(D42:D45) -> 27 | U18: =SUM(E42:E45) -> 22 | V18: =SUM(F42:F45) -> 67 | W18: =SUM(G42:G45) -> 0 | X18: =SUM(H42:H45) -> 1 | Y18: =SUM(I42:I45) -> 13 | Z18: =SUM(J42:J45) -> 17 | ... AF18: =SUM(P42:P45) -> 1103
B19: 09.15 - 09.30 | C19: 18 | D19: 2 | E19: 6 | F19: 22 | G19: 0 | H19: 0 | I19: 2 | J19: 3 | K19: 0 | L19: 0 | M19: 102 | N19: 0 | O19: =SUM(C19:L19,N19) -> 53 | P19: =SUM(C19:N19) -> 155 | R19: 1600-1700 | S19: =SUM(C46:C49) -> 184 | T19: =SUM(D46:D49) -> 47 | U19: =SUM(E46:E49) -> 19 | V19: =SUM(F46:F49) -> 45 | W19: =SUM(G46:G49) -> 1 | X19: =SUM(H46:H49) -> 4 | Y19: =SUM(I46:I49) -> 13 | Z19: =SUM(J46:J49) -> 14 | ... AF19: =SUM(P46:P49) -> 881
B20: 09.30 - 09.45 | C20: 7 | D20: 5 | E20: 5 | F20: 22 | G20: 0 | H20: 0 | I20: 2 | J20: 3 | K20: 0 | L20: 0 | M20: 127 | N20: 0 | O20: =SUM(C20:L20,N20) -> 44 | P20: =SUM(C20:N20) -> 171 | R20: 1700-1800 | S20: =SUM(C50:C53) -> 260 | T20: =SUM(D50:D53) -> 38 | U20: =SUM(E50:E53) -> 18 | V20: =SUM(F50:F53) -> 41 | W20: =SUM(G50:G53) -> 0 | X20: =SUM(H50:H53) -> 1 | Y20: =SUM(I50:I53) -> 14 | Z20: =SUM(J50:J53) -> 15 | ... AF20: =SUM(P50:P53) -> 843
B21: 09.45 - 10.00 | C21: 20 | D21: 7 | E21: 2 | F21: 23 | G21: 2 | H21: 0 | I21: 1 | J21: 2 | K21: 1 | L21: 0 | M21: 183 | N21: 0 | O21: =SUM(C21:L21,N21) -> 58 | P21: =SUM(C21:N21) -> 241 | R21: 1800-1900 | S21: =SUM(C54:C57) -> 298 | T21: =SUM(D54:D57) -> 68 | U21: =SUM(E54:E57) -> 13 | V21: =SUM(F54:F57) -> 26 | W21: =SUM(G54:G57) -> 0 | X21: =SUM(H54:H57) -> 0 | Y21: =SUM(I54:I57) -> 5 | Z21: =SUM(J54:J57) -> 5 | ... AF21: =SUM(P54:P57) -> 682
B22: 10.00 - 10.15 | C22: 25 | D22: 11 | E22: 2 | F22: 15 | G22: 0 | H22: 0 | I22: 2 | J22: 4 | K22: 0 | L22: 0 | M22: 206 | N22: 0 | O22: =SUM(C22:L22,N22) -> 59 | P22: =SUM(C22:N22) -> 265 | R22: AM Peak Hr | S22: =MAX(S10:S12) -> 127 | T22: =MAX(T10:T12) -> 22 | U22: =MAX(U10:U12) -> 19 | V22: =MAX(V10:V12) -> 92 | W22: =MAX(W10:W12) -> 5 | X22: =MAX(X10:X12) -> 1 | Y22: =MAX(Y10:Y12) -> 13 | Z22: =MAX(Z10:Z12) -> 14 | ... AF22: =MAX(AF10:AF12) -> 795
B23: 10.15 - 10.30 | C23: 17 | D23: 8 | E23: 4 | F23: 21 | G23: 2 | H23: 0 | I23: 1 | J23: 5 | K23: 1 | L23: 1 | M23: 190 | N23: 0 | O23: =SUM(C23:L23,N23) -> 60 | P23: =SUM(C23:N23) -> 250 | R23: IP Peak Hr | S23: =MAX(S13:S18) -> 152 | T23: =MAX(T13:T18) -> 34 | U23: =MAX(U13:U18) -> 22 | V23: =MAX(V13:V18) -> 69 | W23: =MAX(W13:W18) -> 4 | X23: =MAX(X13:X18) -> 3 | Y23: =MAX(Y13:Y18) -> 18 | Z23: =MAX(Z13:Z18) -> 22 | ... AF23: =MAX(AF13:AF18) -> 1103
B24: 10.30 - 10.45 | C24: 19 | D24: 7 | E24: 2 | F24: 19 | G24: 1 | H24: 0 | I24: 1 | J24: 6 | K24: 1 | L24: 0 | M24: 216 | N24: 0 | O24: =SUM(C24:L24,N24) -> 56 | P24: =SUM(C24:N24) -> 272 | R24: PM Peak Hr | S24: =MAX(S19:S21) -> 298 | T24: =MAX(T19:T21) -> 68 | U24: =MAX(U19:U21) -> 19 | V24: =MAX(V19:V21) -> 45 | W24: =MAX(W19:W21) -> 1 | X24: =MAX(X19:X21) -> 4 | Y24: =MAX(Y19:Y21) -> 14 | Z24: =MAX(Z19:Z21) -> 15 | ... AF24: =MAX(AF19:AF21) -> 881
B25: 10.45 - 11.00 | C25: 30 | D25: 8 | E25: 2 | F25: 14 | G25: 1 | H25: 0 | I25: 0 | J25: 6 | K25: 1 | L25: 0 | M25: 183 | N25: 0 | O25: =SUM(C25:L25,N25) -> 62 | P25: =SUM(C25:N25) -> 245 | R25: AM Period | S25: =SUM(S10:S12) -> 275 | T25: =SUM(T10:T12) -> 58 | U25: =SUM(U10:U12) -> 36 | V25: =SUM(V10:V12) -> 252 | W25: =SUM(W10:W12) -> 7 | X25: =SUM(X10:X12) -> 2 | Y25: =SUM(Y10:Y12) -> 27 | Z25: =SUM(Z10:Z12) -> 30 | ... AF25: =SUM(AF10:AF12) -> 2138
B26: 11.00 - 11.15 | C26: 25 | D26: 7 | E26: 0 | F26: 19 | G26: 0 | H26: 0 | I26: 3 | J26: 2 | K26: 1 | L26: 0 | M26: 154 | N26: 0 | O26: =SUM(C26:L26,N26) -> 57 | P26: =SUM(C26:N26) -> 211 | R26: IP Period | S26: =SUM(S13:S18) -> 689 | T26: =SUM(T13:T18) -> 146 | U26: =SUM(U13:U18) -> 87 | V26: =SUM(V13:V18) -> 353 | W26: =SUM(W13:W18) -> 12 | X26: =SUM(X13:X18) -> 7 | Y26: =SUM(Y13:Y18) -> 61 | Z26: =SUM(Z13:Z18) -> 100 | ... AF26: =SUM(AF13:AF18) -> 5206
B27: 11.15 - 11.30 | C27: 24 | D27: 5 | E27: 2 | F27: 16 | G27: 0 | H27: 0 | I27: 0 | J27: 7 | K27: 0 | L27: 0 | M27: 161 | N27: 0 | O27: =SUM(C27:L27,N27) -> 54 | P27: =SUM(C27:N27) -> 215 | R27: PM Period | S27: =SUM(S19:S21) -> 742 | T27: =SUM(T19:T21) -> 153 | U27: =SUM(U19:U21) -> 50 | V27: =SUM(V19:V21) -> 112 | W27: =SUM(W19:W21) -> 1 | X27: =SUM(X19:X21) -> 5 | Y27: =SUM(Y19:Y21) -> 32 | Z27: =SUM(Z19:Z21) -> 34 | ... AF27: =SUM(AF19:AF21) -> 2406
B28: 11.30 - 11.45 | C28: 31 | D28: 9 | E28: 3 | F28: 19 | G28: 1 | H28: 1 | I28: 1 | J28: 6 | K28: 0 | L28: 0 | M28: 137 | N28: 0 | O28: =SUM(C28:L28,N28) -> 71 | P28: =SUM(C28:N28) -> 208 | R28: 12 Hours | S28: =SUM(S10:S21) -> 1706 | T28: =SUM(T10:T21) -> 357 | U28: =SUM(U10:U21) -> 173 | V28: =SUM(V10:V21) -> 717 | W28: =SUM(W10:W21) -> 20 | X28: =SUM(X10:X21) -> 14 | Y28: =SUM(Y10:Y21) -> 120 | Z28: =SUM(Z10:Z21) -> 164 | ... AF28: =SUM(AF10:AF21) -> 9750
B29: 11.45 - 12.00 | C29: 30 | D29: 5 | E29: 4 | F29: 15 | G29: 0 | H29: 0 | I29: 4 | J29: 1 | K29: 1 | L29: 1 | M29: 150 | N29: 0 | O29: =SUM(C29:L29,N29) -> 61 | P29: =SUM(C29:N29) -> 211
B30: 12.00 - 12.15 | C30: 27 | D30: 2 | E30: 5 | F30: 10 | G30: 1 | H30: 0 | I30: 5 | J30: 5 | K30: 0 | L30: 1 | M30: 99 | N30: 0 | O30: =SUM(C30:L30,N30) -> 56 | P30: =SUM(C30:N30) -> 155
B31: 12.15 - 12.30 | C31: 23 | D31: 9 | E31: 6 | F31: 18 | G31: 1 | H31: 0 | I31: 1 | J31: 7 | K31: 0 | L31: 0 | M31: 129 | N31: 0 | O31: =SUM(C31:L31,N31) -> 65 | P31: =SUM(C31:N31) -> 194
B32: 12.30 - 12.45 | C32: 30 | D32: 7 | E32: 3 | F32: 9 | G32: 0 | H32: 1 | I32: 3 | J32: 6 | K32: 1 | L32: 0 | M32: 142 | N32: 0 | O32: =SUM(C32:L32,N32) -> 60 | P32: =SUM(C32:N32) -> 202
B33: 12.45 - 13.00 | C33: 33 | D33: 5 | E33: 2 | F33: 11 | G33: 2 | H33: 1 | I33: 1 | J33: 4 | K33: 1 | L33: 2 | M33: 163 | N33: 0 | O33: =SUM(C33:L33,N33) -> 62 | P33: =SUM(C33:N33) -> 225
B34: 13.00 - 13.15 | C34: 21 | D34: 5 | E34: 3 | F34: 17 | G34: 0 | H34: 0 | I34: 4 | J34: 2 | K34: 2 | L34: 1 | M34: 108 | N34: 0 | O34: =SUM(C34:L34,N34) -> 55 | P34: =SUM(C34:N34) -> 163
B35: 13.15 - 13.30 | C35: 25 | D35: 6 | E35: 2 | F35: 13 | G35: 0 | H35: 2 | I35: 1 | J35: 3 | K35: 0 | L35: 0 | M35: 83 | N35: 0 | O35: =SUM(C35:L35,N35) -> 52 | P35: =SUM(C35:N35) -> 135
B36: 13.30 - 13.45 | C36: 35 | D36: 5 | E36: 3 | F36: 14 | G36: 1 | H36: 0 | I36: 0 | J36: 3 | K36: 2 | L36: 0 | M36: 121 | N36: 0 | O36: =SUM(C36:L36,N36) -> 63 | P36: =SUM(C36:N36) -> 184
B37: 13.45 - 14.00 | C37: 24 | D37: 6 | E37: 1 | F37: 13 | G37: 2 | H37: 1 | I37: 3 | J37: 5 | K37: 1 | L37: 1 | M37: 163 | N37: 0 | O37: =SUM(C37:L37,N37) -> 57 | P37: =SUM(C37:N37) -> 220
B38: 14.00 - 14.15 | C38: 21 | D38: 2 | E38: 5 | F38: 8 | G38: 0 | H38: 0 | I38: 4 | J38: 1 | K38: 1 | L38: 0 | M38: 109 | N38: 0 | O38: =SUM(C38:L38,N38) -> 42 | P38: =SUM(C38:N38) -> 151
B39: 14.15 - 14.30 | C39: 27 | D39: 5 | E39: 5 | F39: 14 | G39: 0 | H39: 0 | I39: 2 | J39: 3 | K39: 0 | L39: 1 | M39: 106 | N39: 0 | O39: =SUM(C39:L39,N39) -> 57 | P39: =SUM(C39:N39) -> 163
B40: 14.30 - 14.45 | C40: 45 | D40: 4 | E40: 7 | F40: 11 | G40: 0 | H40: 0 | I40: 10 | J40: 4 | K40: 1 | L40: 0 | M40: 140 | N40: 0 | O40: =SUM(C40:L40,N40) -> 82 | P40: =SUM(C40:N40) -> 222
... B57: 18.45 - 19.00 | C57: 53 | D57: 13 | E57: 3 | F57: 14 | G57: 0 | H57: 0 | I57: 4 | J57: 0 | K57: 0 | L57: 1 | M57: 56 | N57: 0 | O57: =SUM(C57:L57,N57) -> 88 | P57: =SUM(C57:N57) -> 144
B58: Totals | C58: =SUM(C10:C57) -> 1706 | D58: =SUM(D10:D57) -> 357 | E58: =SUM(E10:E57) -> 173 | F58: =SUM(F10:F57) -> 717 | G58: =SUM(G10:G57) -> 20 | H58: =SUM(H10:H57) -> 14 | I58: =SUM(I10:I57) -> 120 | J58: =SUM(J10:J57) -> 164 | ... P58: =SUM(P10:P57) -> 9750
B59: %ges + MCs | C59: =C58/$P$58 -> 0.17497436 | D59: =D58/$P$58 -> 0.036615385 | E59: =E58/$P$58 -> 0.01774359 | F59: =F58/$P$58 -> 0.073538462 | G59: =G58/$P$58 -> 0.0020512821 | H59: =H58/$P$58 -> 0.0014358974 | I59: =I58/$P$58 -> 0.012307692 | J59: =J58/$P$58 -> 0.016820513 | ... N59: =N58/$P$58 -> 0
B60: %ges w/o MCs | C60: =C58/$O$58 -> 0.51385542 | D60: =D58/$O$58 -> 0.10753012 | E60: =E58/$O$58 -> 0.052108434 | F60: =F58/$O$58 -> 0.21596386 | G60: =G58/$O$58 -> 0.0060240964 | H60: =H58/$O$58 -> 0.0042168675 | I60: =I58/$O$58 -> 0.036144578 | J60: =J58/$O$58 -> 0.04939759 | ... L60: =L58/$O$58 -> 0.0054216867 | N60: =N58/$O$58 -> 0

Sheet 24.07 KABUSU-RUBAGA
B1: Consultancy services for Preparation of Expressway Development Master Plan (EDMP) for Uganda
B2: MANUAL CLASSIFIED COUNT (MCC)
B3: ROAD NAME: | C3: ='22.07 KABUSU-RUBAGA'!C3:G3 -> MCC - C1 - STN05 - KABUSU ROAD
C5: Date | D5: ='24.07 RUBAGA-KABUSU'!D5 -> 24.07.19 | F5: Location | G5: ='22.07 RUBAGA-KABUSU'!G5:H5 -> CHAD SUPERMARKET | J5: Surveyor | K5: MBERE IVAN
C6: Dir. From | D6: ='22.07 KABUSU-RUBAGA'!D6:E6 -> KABUSU | F6: Dir. To | G6: ='22.07 KABUSU-RUBAGA'!G6:H6 -> RUBAGA | J6: Supervisor | K6: ='22.07 RUBAGA-KABUSU'!K6:L6 -> DENIS
B8: Time / Veh Type | R8: SUMMARY TRAFFIC VOLUMES
C9: 1. Car | D9: 2. Station Wagon | E9: 3. Pickups | F9: 4. Minibus, matatu | G9: 5. Medium bus | H9: 6. Large Bus | I9: 7. Light Truck | J9: 8. Medium Truck | K9: 9. Heavy truck | L9: 10. Truck Trailer | M9: 11. Motor cycles | N9: 12. Tractors | O9: Total Excl M/Cycles | P9: Total All | R9: Time | S9: 1. Car | T9: 2. Station Wagon | U9: 3. Pickups | V9: 4. Minibus, matatu | W9: 5. Medium bus | X9: 6. Large Bus | Y9: 7. Light Truck | Z9: 8. Medium Truck | AA9: 9. Heavy truck | AB9: 10. Truck Trailer | AC9: 11. Motorcycles | AD9: 12. Tractors, Graders | AE9: Total Excl M/ Cycles | AF9: Total All
B10: 07.00 - 07.15 | C10: 68 | D10: 41 | E10: 10 | F10: 40 | G10: 0 | H10: 0 | I10: 0 | J10: 1 | K10: 0 | L10: 1 | M10: 235 | N10: 0 | O10: =SUM(C10:L10,N10) -> 161 | P10: =SUM(C10:N10) -> 396 | R10: 0700-0800 | S10: =SUM(C10:C13) -> 268 | T10: =SUM(D10:D13) -> 192 | U10: =SUM(E10:E13) -> 29 | V10: =SUM(F10:F13) -> 173 | W10: =SUM(G10:G13) -> 2 | X10: =SUM(H10:H13) -> 0 | Y10: =SUM(I10:I13) -> 19 | Z10: =SUM(J10:J13) -> 1 | ... AF10: =SUM(P10:P13) -> 1811
B11: 07.15 - 07.30 | C11: 74 | D11: 40 | E11: 8 | F11: 54 | G11: 0 | H11: 0 | I11: 8 | J11: 0 | K11: 0 | L11: 0 | M11: 281 | N11: 0 | O11: =SUM(C11:L11,N11) -> 184 | P11: =SUM(C11:N11) -> 465 | R11: 0800-0900 | S11: =SUM(C14:C17) -> 186 | T11: =SUM(D14:D17) -> 149 | U11: =SUM(E14:E17) -> 26 | V11: =SUM(F14:F17) -> 117 | W11: =SUM(G14:G17) -> 0 | X11: =SUM(H14:H17) -> 1 | Y11: =SUM(I14:I17) -> 15 | Z11: =SUM(J14:J17) -> 4 | ... AF11: =SUM(P14:P17) -> 1685
B12: 07.30 - 07.45 | C12: 69 | D12: 55 | E12: 4 | F12: 38 | G12: 1 | H12: 0 | I12: 6 | J12: 0 | K12: 2 | L12: 0 | M12: 298 | N12: 0 | O12: =SUM(C12:L12,N12) -> 175 | P12: =SUM(C12:N12) -> 473 | R12: 0900-1000 | S12: =SUM(C18:C21) -> 160 | T12: =SUM(D18:D21) -> 148 | U12: =SUM(E18:E21) -> 33 | V12: =SUM(F18:F21) -> 129 | W12: =SUM(G18:G21) -> 1 | X12: =SUM(H18:H21) -> 0 | Y12: =SUM(I18:I21) -> 23 | Z12: =SUM(J18:J21) -> 2 | ... AF12: =SUM(P18:P21) -> 1375
B13: 07.45 - 08.00 | C13: 57 | D13: 56 | E13: 7 | F13: 41 | G13: 1 | H13: 0 | I13: 5 | J13: 0 | K13: 0 | L13: 0 | M13: 310 | N13: 0 | O13: =SUM(C13:L13,N13) -> 167 | P13: =SUM(C13:N13) -> 477 | R13: 1000-1100 | S13: =SUM(C22:C25) -> 114 | T13: =SUM(D22:D25) -> 101 | U13: =SUM(E22:E25) -> 34 | V13: =SUM(F22:F25) -> 109 | W13: =SUM(G22:G25) -> 1 | X13: =SUM(H22:H25) -> 2 | Y13: =SUM(I22:I25) -> 21 | Z13: =SUM(J22:J25) -> 8 | ... AF13: =SUM(P22:P25) -> 1159
B14: 08.00 - 08.15 | C14: 47 | D14: 41 | E14: 11 | F14: 31 | G14: 0 | H14: 0 | I14: 2 | J14: 1 | K14: 0 | L14: 0 | M14: 320 | N14: 0 | O14: =SUM(C14:L14,N14) -> 133 | P14: =SUM(C14:N14) -> 453 | R14: 1100-1200 | S14: =SUM(C26:C29) -> 107 | T14: =SUM(D26:D29) -> 84 | U14: =SUM(E26:E29) -> 23 | V14: =SUM(F26:F29) -> 90 | W14: =SUM(G26:G29) -> 0 | X14: =SUM(H26:H29) -> 2 | Y14: =SUM(I26:I29) -> 28 | Z14: =SUM(J26:J29) -> 7 | ... AF14: =SUM(P26:P29) -> 1092
B15: 08.15 - 08.30 | C15: 52 | D15: 43 | E15: 0 | F15: 35 | G15: 0 | H15: 1 | I15: 2 | J15: 1 | K15: 1 | L15: 0 | M15: 291 | N15: 0 | O15: =SUM(C15:L15,N15) -> 135 | P15: =SUM(C15:N15) -> 426 | R15: 1200-1300 | S15: =SUM(C30:C33) -> 98 | T15: =SUM(D30:D33) -> 74 | U15: =SUM(E30:E33) -> 14 | V15: =SUM(F30:F33) -> 101 | W15: =SUM(G30:G33) -> 0 | X15: =SUM(H30:H33) -> 1 | Y15: =SUM(I30:I33) -> 15 | Z15: =SUM(J30:J33) -> 12 | ... AF15: =SUM(P30:P33) -> 1101
B16: 08.30 - 08.45 | C16: 40 | D16: 35 | E16: 8 | F16: 18 | G16: 0 | H16: 0 | I16: 5 | J16: 1 | K16: 0 | L16: 0 | M16: 285 | N16: 0 | O16: =SUM(C16:L16,N16) -> 107 | P16: =SUM(C16:N16) -> 392 | R16: 1300-1400 | S16: =SUM(C34:C37) -> 102 | T16: =SUM(D34:D37) -> 82 | U16: =SUM(E34:E37) -> 18 | V16: =SUM(F34:F37) -> 89 | W16: =SUM(G34:G37) -> 1 | X16: =SUM(H34:H37) -> 3 | Y16: =SUM(I34:I37) -> 21 | Z16: =SUM(J34:J37) -> 7 | ... AF16: =SUM(P34:P37) -> 917
B17: 08.45 - 9.00 | C17: 47 | D17: 30 | E17: 7 | F17: 33 | G17: 0 | H17: 0 | I17: 6 | J17: 1 | K17: 0 | L17: 0 | M17: 290 | N17: 0 | O17: =SUM(C17:L17,N17) -> 124 | P17: =SUM(C17:N17) -> 414 | R17: 1400-1500 | S17: =SUM(C38:C41) -> 78 | T17: =SUM(D38:D41) -> 69 | U17: =SUM(E38:E41) -> 17 | V17: =SUM(F38:F41) -> 76 | W17: =SUM(G38:G41) -> 2 | X17: =SUM(H38:H41) -> 0 | Y17: =SUM(I38:I41) -> 20 | Z17: =SUM(J38:J41) -> 5 | ... AF17: =SUM(P38:P41) -> 798
B18: 09.00 - 09.15 | C18: 40 | D18: 35 | E18: 8 | F18: 26 | G18: 0 | H18: 0 | I18: 5 | J18: 0 | K18: 1 | L18: 0 | M18: 222 | N18: 0 | O18: =SUM(C18:L18,N18) -> 115 | P18: =SUM(C18:N18) -> 337 | R18: 1500-1600 | S18: =SUM(C42:C45) -> 70 | T18: =SUM(D42:D45) -> 87 | U18: =SUM(E42:E45) -> 31 | V18: =SUM(F42:F45) -> 95 | W18: =SUM(G42:G45) -> 1 | X18: =SUM(H42:H45) -> 3 | Y18: =SUM(I42:I45) -> 6 | Z18: =SUM(J42:J45) -> 10 | ... AF18: =SUM(P42:P45) -> 864
B19: 09.15 - 09.30 | C19: 45 | D19: 35 | E19: 11 | F19: 38 | G19: 1 | H19: 0 | I19: 5 | J19: 0 | K19: 0 | L19: 1 | M19: 178 | N19: 0 | O19: =SUM(C19:L19,N19) -> 136 | P19: =SUM(C19:N19) -> 314 | R19: 1600-1700 | S19: =SUM(C46:C49) -> 91 | T19: =SUM(D46:D49) -> 70 | U19: =SUM(E46:E49) -> 23 | V19: =SUM(F46:F49) -> 76 | W19: =SUM(G46:G49) -> 1 | X19: =SUM(H46:H49) -> 1 | Y19: =SUM(I46:I49) -> 26 | Z19: =SUM(J46:J49) -> 5 | ... AF19: =SUM(P46:P49) -> 936
B20: 09.30 - 09.45 | C20: 39 | D20: 41 | E20: 9 | F20: 32 | G20: 0 | H20: 0 | I20: 8 | J20: 1 | K20: 1 | L20: 1 | M20: 234 | N20: 0 | O20: =SUM(C20:L20,N20) -> 132 | P20: =SUM(C20:N20) -> 366 | R20: 1700-1800 | S20: =SUM(C50:C53) -> 161 | T20: =SUM(D50:D53) -> 127 | U20: =SUM(E50:E53) -> 23 | V20: =SUM(F50:F53) -> 125 | W20: =SUM(G50:G53) -> 2 | X20: =SUM(H50:H53) -> 3 | Y20: =SUM(I50:I53) -> 22 | Z20: =SUM(J50:J53) -> 9 | ... AF20: =SUM(P50:P53) -> 1312
B21: 09.45 - 10.00 | C21: 36 | D21: 37 | E21: 5 | F21: 33 | G21: 0 | H21: 0 | I21: 5 | J21: 1 | K21: 2 | L21: 2 | M21: 237 | N21: 0 | O21: =SUM(C21:L21,N21) -> 121 | P21: =SUM(C21:N21) -> 358 | R21: 1800-1900 | S21: =SUM(C54:C57) -> 108 | T21: =SUM(D54:D57) -> 116 | U21: =SUM(E54:E57) -> 22 | V21: =SUM(F54:F57) -> 174 | W21: =SUM(G54:G57) -> 6 | X21: =SUM(H54:H57) -> 9 | Y21: =SUM(I54:I57) -> 7 | Z21: =SUM(J54:J57) -> 6 | ... AF21: =SUM(P54:P57) -> 1420
B22: 10.00 - 10.15 | C22: 31 | D22: 24 | E22: 14 | F22: 30 | G22: 0 | H22: 0 | I22: 5 | J22: 0 | K22: 0 | L22: 1 | M22: 159 | N22: 0 | O22: =SUM(C22:L22,N22) -> 105 | P22: =SUM(C22:N22) -> 264 | R22: AM Peak Hr | S22: =MAX(S10:S12) -> 268 | T22: =MAX(T10:T12) -> 192 | U22: =MAX(U10:U12) -> 33 | V22: =MAX(V10:V12) -> 173 | W22: =MAX(W10:W12) -> 2 | X22: =MAX(X10:X12) -> 1 | Y22: =MAX(Y10:Y12) -> 23 | Z22: =MAX(Z10:Z12) -> 4 | ... AF22: =MAX(AF10:AF12) -> 1811
B23: 10.15 - 10.30 | C23: 33 | D23: 30 | E23: 5 | F23: 29 | G23: 0 | H23: 1 | I23: 9 | J23: 3 | K23: 0 | L23: 0 | M23: 230 | N23: 0 | O23: =SUM(C23:L23,N23) -> 110 | P23: =SUM(C23:N23) -> 340 | R23: IP Peak Hr | S23: =MAX(S13:S18) -> 114 | T23: =MAX(T13:T18) -> 101 | U23: =MAX(U13:U18) -> 34 | V23: =MAX(V13:V18) -> 109 | W23: =MAX(W13:W18) -> 2 | X23: =MAX(X13:X18) -> 3 | Y23: =MAX(Y13:Y18) -> 28 | Z23: =MAX(Z13:Z18) -> 12 | ... AF23: =MAX(AF13:AF18) -> 1159
B24: 10.30 - 10.45 | C24: 31 | D24: 19 | E24: 6 | F24: 24 | G24: 1 | H24: 0 | I24: 2 | J24: 1 | K24: 0 | L24: 2 | M24: 189 | N24: 0 | O24: =SUM(C24:L24,N24) -> 86 | P24: =SUM(C24:N24) -> 275 | R24: PM Peak Hr | S24: =MAX(S19:S21) -> 161 | T24: =MAX(T19:T21) -> 127 | U24: =MAX(U19:U21) -> 23 | V24: =MAX(V19:V21) -> 174 | W24: =MAX(W19:W21) -> 6 | X24: =MAX(X19:X21) -> 9 | Y24: =MAX(Y19:Y21) -> 26 | Z24: =MAX(Z19:Z21) -> 9 | ... AF24: =MAX(AF19:AF21) -> 1420
B25: 10.45 - 11.00 | C25: 19 | D25: 28 | E25: 9 | F25: 26 | G25: 0 | H25: 1 | I25: 5 | J25: 4 | K25: 2 | L25: 2 | M25: 184 | N25: 0 | O25: =SUM(C25:L25,N25) -> 96 | P25: =SUM(C25:N25) -> 280 | R25: AM Period | S25: =SUM(S10:S12) -> 614 | T25: =SUM(T10:T12) -> 489 | U25: =SUM(U10:U12) -> 88 | V25: =SUM(V10:V12) -> 419 | W25: =SUM(W10:W12) -> 3 | X25: =SUM(X10:X12) -> 1 | Y25: =SUM(Y10:Y12) -> 57 | Z25: =SUM(Z10:Z12) -> 7 | ... AF25: =SUM(AF10:AF12) -> 4871
B26: 11.00 - 11.15 | C26: 30 | D26: 19 | E26: 6 | F26: 27 | G26: 0 | H26: 0 | I26: 9 | J26: 2 | K26: 1 | L26: 0 | M26: 232 | N26: 0 | O26: =SUM(C26:L26,N26) -> 94 | P26: =SUM(C26:N26) -> 326 | R26: IP Period | S26: =SUM(S13:S18) -> 569 | T26: =SUM(T13:T18) -> 497 | U26: =SUM(U13:U18) -> 137 | V26: =SUM(V13:V18) -> 560 | W26: =SUM(W13:W18) -> 5 | X26: =SUM(X13:X18) -> 11 | Y26: =SUM(Y13:Y18) -> 111 | Z26: =SUM(Z13:Z18) -> 49 | ... AF26: =SUM(AF13:AF18) -> 5931
B27: 11.15 - 11.30 | C27: 23 | D27: 21 | E27: 9 | F27: 27 | G27: 0 | H27: 0 | I27: 6 | J27: 1 | K27: 2 | L27: 0 | M27: 172 | N27: 0 | O27: =SUM(C27:L27,N27) -> 89 | P27: =SUM(C27:N27) -> 261 | R27: PM Period | S27: =SUM(S19:S21) -> 360 | T27: =SUM(T19:T21) -> 313 | U27: =SUM(U19:U21) -> 68 | V27: =SUM(V19:V21) -> 375 | W27: =SUM(W19:W21) -> 9 | X27: =SUM(X19:X21) -> 13 | Y27: =SUM(Y19:Y21) -> 55 | Z27: =SUM(Z19:Z21) -> 20 | ... AF27: =SUM(AF19:AF21) -> 3668
B28: 11.30 - 11.45 | C28: 26 | D28: 23 | E28: 6 | F28: 16 | G28: 0 | H28: 0 | I28: 9 | J28: 3 | K28: 1 | L28: 1 | M28: 171 | N28: 0 | O28: =SUM(C28:L28,N28) -> 85 | P28: =SUM(C28:N28) -> 256 | R28: 12 Hours | S28: =SUM(S10:S21) -> 1543 | T28: =SUM(T10:T21) -> 1299 | U28: =SUM(U10:U21) -> 293 | V28: =SUM(V10:V21) -> 1354 | W28: =SUM(W10:W21) -> 17 | X28: =SUM(X10:X21) -> 25 | Y28: =SUM(Y10:Y21) -> 223 | Z28: =SUM(Z10:Z21) -> 76 | ... AF28: =SUM(AF10:AF21) -> 14470
B29: 11.45 - 12.00 | C29: 28 | D29: 21 | E29: 2 | F29: 20 | G29: 0 | H29: 2 | I29: 4 | J29: 1 | K29: 2 | L29: 0 | M29: 169 | N29: 0 | O29: =SUM(C29:L29,N29) -> 80 | P29: =SUM(C29:N29) -> 249
B30: 12.00 - 12.15 | C30: 21 | D30: 19 | E30: 8 | F30: 23 | G30: 0 | H30: 0 | I30: 7 | J30: 1 | K30: 0 | L30: 0 | M30: 210 | N30: 0 | O30: =SUM(C30:L30,N30) -> 79 | P30: =SUM(C30:N30) -> 289
B31: 12.15 - 12.30 | C31: 35 | D31: 18 | E31: 4 | F31: 26 | G31: 0 | H31: 0 | I31: 2 | J31: 7 | K31: 2 | L31: 0 | M31: 245 | N31: 0 | O31: =SUM(C31:L31,N31) -> 94 | P31: =SUM(C31:N31) -> 339
B32: 12.30 - 12.45 | C32: 18 | D32: 21 | E32: 0 | F32: 26 | G32: 0 | H32: 1 | I32: 3 | J32: 4 | K32: 1 | L32: 2 | M32: 172 | N32: 0 | O32: =SUM(C32:L32,N32) -> 76 | P32: =SUM(C32:N32) -> 248
B33: 12.45 - 13.00 | C33: 24 | D33: 16 | E33: 2 | F33: 26 | G33: 0 | H33: 0 | I33: 3 | J33: 0 | K33: 0 | L33: 0 | M33: 154 | N33: 0 | O33: =SUM(C33:L33,N33) -> 71 | P33: =SUM(C33:N33) -> 225
B34: 13.00 - 13.15 | C34: 39 | D34: 17 | E34: 7 | F34: 19 | G34: 0 | H34: 1 | I34: 8 | J34: 2 | K34: 0 | L34: 0 | M34: 185 | N34: 0 | O34: =SUM(C34:L34,N34) -> 93 | P34: =SUM(C34:N34) -> 278
B35: 13.15 - 13.30 | C35: 23 | D35: 24 | E35: 3 | F35: 21 | G35: 0 | H35: 0 | I35: 5 | J35: 2 | K35: 1 | L35: 0 | M35: 128 | N35: 0 | O35: =SUM(C35:L35,N35) -> 79 | P35: =SUM(C35:N35) -> 207
B36: 13.30 - 13.45 | C36: 13 | D36: 16 | E36: 5 | F36: 25 | G36: 1 | H36: 0 | I36: 2 | J36: 1 | K36: 4 | L36: 1 | M36: 114 | N36: 0 | O36: =SUM(C36:L36,N36) -> 68 | P36: =SUM(C36:N36) -> 182
B37: 13.45 - 14.00 | C37: 27 | D37: 25 | E37: 3 | F37: 24 | G37: 0 | H37: 2 | I37: 6 | J37: 2 | K37: 0 | L37: 0 | M37: 161 | N37: 0 | O37: =SUM(C37:L37,N37) -> 89 | P37: =SUM(C37:N37) -> 250
B38: 14.00 - 14.15 | C38: 25 | D38: 22 | E38: 4 | F38: 24 | G38: 1 | H38: 0 | I38: 6 | J38: 1 | K38: 0 | L38: 1 | M38: 142 | N38: 0 | O38: =SUM(C38:L38,N38) -> 84 | P38: =SUM(C38:N38) -> 226
B39: 14.15 - 14.30 | C39: 25 | D39: 19 | E39: 5 | F39: 18 | G39: 1 | H39: 0 | I39: 5 | J39: 2 | K39: 0 | L39: 0 | M39: 133 | N39: 0 | O39: =SUM(C39:L39,N39) -> 75 | P39: =SUM(C39:N39) -> 208
B40: 14.30 - 14.45 | C40: 14 | D40: 18 | E40: 4 | F40: 16 | G40: 0 | H40: 0 | I40: 5 | J40: 1 | K40: 0 | L40: 0 | M40: 134 | N40: 0 | O40: =SUM(C40:L40,N40) -> 58 | P40: =SUM(C40:N40) -> 192
... B57: 18.45 - 19.00 | C57: 23 | D57: 47 | E57: 7 | F57: 60 | G57: 2 | H57: 6 | I57: 2 | J57: 2 | K57: 0 | L57: 0 | M57: 200 | N57: 0 | O57: =SUM(C57:L57,N57) -> 149 | P57: =SUM(C57:N57) -> 349
B58: Totals | C58: =SUM(C10:C57) -> 1543 | D58: =SUM(D10:D57) -> 1299 | E58: =SUM(E10:E57) -> 293 | F58: =SUM(F10:F57) -> 1354 | G58: =SUM(G10:G57) -> 17 | H58: =SUM(H10:H57) -> 25 | I58: =SUM(I10:I57) -> 223 | J58: =SUM(J10:J57) -> 76 | ... P58: =SUM(P10:P57) -> 14470
B59: %ges + MCs | C59: =C58/$P$58 -> 0.10663442 | D59: =D58/$P$58 -> 0.089771942 | E59: =E58/$P$58 -> 0.020248791 | F59: =F58/$P$58 -> 0.093572909 | G59: =G58/$P$58 -> 0.0011748445 | H59: =H58/$P$58 -> 0.0017277125 | I59: =I58/$P$58 -> 0.015411196 | J59: =J58/$P$58 -> 0.005252246 | ... N59: =N58/$P$58 -> 0
B60: %ges w/o MCs | C60: =C58/$O$58 -> 0.31592957 | D60: =D58/$O$58 -> 0.26597052 | E60: =E58/$O$58 -> 0.05999181 | F60: =F58/$O$58 -> 0.27723178 | G60: =G58/$O$58 -> 0.0034807535 | H60: =H58/$O$58 -> 0.0051187551 | I60: =I58/$O$58 -> 0.045659296 | J60: =J58/$O$58 -> 0.015561016 | ... L60: =L58/$O$58 -> 0.0045045045 | N60: =N58/$O$58 -> 0

Sheet 25.07 RUBAGA-KABUSU
B1: Consultancy services for Preparation of Expressway Development Master Plan (EDMP) for Uganda
B2: MANUAL CLASSIFIED COUNT (MCC)
B3: ROAD NAME: | C3: ='22.07 RUBAGA-KABUSU'!C3:G3 -> MCC - C1 - STN05 - KABUSU ROAD
C5: Date | D5: 25.07.19 | F5: Location | G5: ='24.07 KABUSU-RUBAGA'!G5:H5 -> CHAD SUPERMARKET | J5: Surveyor | K5: ='24.07 KABUSU-RUBAGA'!K5:L5 -> MBERE IVAN
C6: Dir. From | D6: ='22.07 RUBAGA-KABUSU'!D6:E6 -> RUBAGA | F6: Dir. To | G6: ='22.07 RUBAGA-KABUSU'!G6:H6 -> KABUSU | J6: Supervisor | K6: ='24.07 KABUSU-RUBAGA'!K6:L6 -> DENIS
B8: Time / Veh Type | R8: SUMMARY TRAFFIC VOLUMES
C9: 1. Car | D9: 2. Station Wagon | E9: 3. Pickups | F9: 4. Minibus, matatu | G9: 5. Medium bus | H9: 6. Large Bus | I9: 7. Light Truck | J9: 8. Medium Truck | K9: 9. Heavy truck | L9: 10. Truck Trailer | M9: 11. Motor cycles | N9: 12. Tractors | O9: Total Excl M/Cycles | P9: Total All | R9: Time | S9: 1. Car | T9: 2. Station Wagon | U9: 3. Pickups | V9: 4. Minibus, matatu | W9: 5. Medium bus | X9: 6. Large Bus | Y9: 7. Light Truck | Z9: 8. Medium Truck | AA9: 9. Heavy truck | AB9: 10. Truck Trailer | AC9: 11. Motorcycles | AD9: 12. Tractors, Graders | AE9: Total Excl M/ Cycles | AF9: Total All
B10: 07.00 - 07.15 | C10: 66 | D10: 14 | E10: 4 | F10: 18 | G10: 0 | H10: 1 | I10: 2 | J10: 0 | K10: 0 | L10: 0 | M10: 79 | N10: 0 | O10: =SUM(C10:L10,N10) -> 105 | P10: =SUM(C10:N10) -> 184 | R10: 0700-0800 | S10: =SUM(C10:C13) -> 138 | T10: =SUM(D10:D13) -> 28 | U10: =SUM(E10:E13) -> 10 | V10: =SUM(F10:F13) -> 82 | W10: =SUM(G10:G13) -> 3 | X10: =SUM(H10:H13) -> 4 | Y10: =SUM(I10:I13) -> 4 | Z10: =SUM(J10:J13) -> 5 | ... AF10: =SUM(P10:P13) -> 667
B11: 07.15 - 07.30 | C11: 20 | D11: 4 | E11: 2 | F11: 23 | G11: 2 | H11: 1 | I11: 1 | J11: 2 | K11: 0 | L11: 0 | M11: 112 | N11: 0 | O11: =SUM(C11:L11,N11) -> 55 | P11: =SUM(C11:N11) -> 167 | R11: 0800-0900 | S11: =SUM(C14:C17) -> 78 | T11: =SUM(D14:D17) -> 15 | U11: =SUM(E14:E17) -> 4 | V11: =SUM(F14:F17) -> 87 | W11: =SUM(G14:G17) -> 3 | X11: =SUM(H14:H17) -> 0 | Y11: =SUM(I14:I17) -> 10 | Z11: =SUM(J14:J17) -> 7 | ... AF11: =SUM(P14:P17) -> 918
B12: 07.30 - 07.45 | C12: 22 | D12: 3 | E12: 3 | F12: 20 | G12: 1 | H12: 2 | I12: 1 | J12: 2 | K12: 0 | L12: 0 | M12: 93 | N12: 0 | O12: =SUM(C12:L12,N12) -> 54 | P12: =SUM(C12:N12) -> 147 | R12: 0900-1000 | S12: =SUM(C18:C21) -> 85 | T12: =SUM(D18:D21) -> 15 | U12: =SUM(E18:E21) -> 15 | V12: =SUM(F18:F21) -> 85 | W12: =SUM(G18:G21) -> 1 | X12: =SUM(H18:H21) -> 2 | Y12: =SUM(I18:I21) -> 10 | Z12: =SUM(J18:J21) -> 12 | ... AF12: =SUM(P18:P21) -> 674
B13: 07.45 - 08.00 | C13: 30 | D13: 7 | E13: 1 | F13: 21 | G13: 0 | H13: 0 | I13: 0 | J13: 1 | K13: 0 | L13: 0 | M13: 109 | N13: 0 | O13: =SUM(C13:L13,N13) -> 60 | P13: =SUM(C13:N13) -> 169 | R13: 1000-1100 | S13: =SUM(C22:C25) -> 91 | T13: =SUM(D22:D25) -> 17 | U13: =SUM(E22:E25) -> 12 | V13: =SUM(F22:F25) -> 45 | W13: =SUM(G22:G25) -> 4 | X13: =SUM(H22:H25) -> 1 | Y13: =SUM(I22:I25) -> 11 | Z13: =SUM(J22:J25) -> 8 | ... AF13: =SUM(P22:P25) -> 734
B14: 08.00 - 08.15 | C14: 22 | D14: 2 | E14: 2 | F14: 23 | G14: 1 | H14: 0 | I14: 4 | J14: 0 | K14: 0 | L14: 0 | M14: 202 | N14: 0 | O14: =SUM(C14:L14,N14) -> 54 | P14: =SUM(C14:N14) -> 256 | R14: 1100-1200 | S14: =SUM(C26:C29) -> 122 | T14: =SUM(D26:D29) -> 23 | U14: =SUM(E26:E29) -> 11 | V14: =SUM(F26:F29) -> 60 | W14: =SUM(G26:G29) -> 2 | X14: =SUM(H26:H29) -> 0 | Y14: =SUM(I26:I29) -> 17 | Z14: =SUM(J26:J29) -> 7 | ... AF14: =SUM(P26:P29) -> 924
B15: 08.15 - 08.30 | C15: 30 | D15: 8 | E15: 2 | F15: 19 | G15: 1 | H15: 0 | I15: 1 | J15: 2 | K15: 0 | L15: 0 | M15: 225 | N15: 0 | O15: =SUM(C15:L15,N15) -> 63 | P15: =SUM(C15:N15) -> 288 | R15: 1200-1300 | S15: =SUM(C30:C33) -> 121 | T15: =SUM(D30:D33) -> 18 | U15: =SUM(E30:E33) -> 15 | V15: =SUM(F30:F33) -> 61 | W15: =SUM(G30:G33) -> 2 | X15: =SUM(H30:H33) -> 3 | Y15: =SUM(I30:I33) -> 19 | Z15: =SUM(J30:J33) -> 11 | ... AF15: =SUM(P30:P33) -> 838
B16: 08.30 - 08.45 | C16: 13 | D16: 4 | E16: 0 | F16: 18 | G16: 1 | H16: 0 | I16: 5 | J16: 2 | K16: 0 | L16: 2 | M16: 145 | N16: 0 | O16: =SUM(C16:L16,N16) -> 45 | P16: =SUM(C16:N16) -> 190 | R16: 1300-1400 | S16: =SUM(C34:C37) -> 111 | T16: =SUM(D34:D37) -> 15 | U16: =SUM(E34:E37) -> 15 | V16: =SUM(F34:F37) -> 47 | W16: =SUM(G34:G37) -> 1 | X16: =SUM(H34:H37) -> 2 | Y16: =SUM(I34:I37) -> 5 | Z16: =SUM(J34:J37) -> 8 | ... AF16: =SUM(P34:P37) -> 484
B17: 08.45 - 9.00 | C17: 13 | D17: 1 | E17: 0 | F17: 27 | G17: 0 | H17: 0 | I17: 0 | J17: 3 | K17: 0 | L17: 0 | M17: 140 | N17: 0 | O17: =SUM(C17:L17,N17) -> 44 | P17: =SUM(C17:N17) -> 184 | R17: 1400-1500 | S17: =SUM(C38:C41) -> 107 | T17: =SUM(D38:D41) -> 28 | U17: =SUM(E38:E41) -> 14 | V17: =SUM(F38:F41) -> 38 | W17: =SUM(G38:G41) -> 0 | X17: =SUM(H38:H41) -> 0 | Y17: =SUM(I38:I41) -> 9 | Z17: =SUM(J38:J41) -> 8 | ... AF17: =SUM(P38:P41) -> 538
B18: 09.00 - 09.15 | C18: 29 | D18: 3 | E18: 4 | F18: 28 | G18: 0 | H18: 1 | I18: 1 | J18: 4 | K18: 0 | L18: 2 | M18: 140 | N18: 0 | O18: =SUM(C18:L18,N18) -> 72 | P18: =SUM(C18:N18) -> 212 | R18: 1500-1600 | S18: =SUM(C42:C45) -> 144 | T18: =SUM(D42:D45) -> 24 | U18: =SUM(E42:E45) -> 10 | V18: =SUM(F42:F45) -> 43 | W18: =SUM(G42:G45) -> 0 | X18: =SUM(H42:H45) -> 0 | Y18: =SUM(I42:I45) -> 15 | Z18: =SUM(J42:J45) -> 11 | ... AF18: =SUM(P42:P45) -> 561
B19: 09.15 - 09.30 | C19: 11 | D19: 6 | E19: 3 | F19: 18 | G19: 0 | H19: 0 | I19: 3 | J19: 4 | K19: 0 | L19: 0 | M19: 90 | N19: 0 | O19: =SUM(C19:L19,N19) -> 45 | P19: =SUM(C19:N19) -> 135 | R19: 1600-1700 | S19: =SUM(C46:C49) -> 132 | T19: =SUM(D46:D49) -> 33 | U19: =SUM(E46:E49) -> 13 | V19: =SUM(F46:F49) -> 44 | W19: =SUM(G46:G49) -> 2 | X19: =SUM(H46:H49) -> 2 | Y19: =SUM(I46:I49) -> 11 | Z19: =SUM(J46:J49) -> 9 | ... AF19: =SUM(P46:P49) -> 638
B20: 09.30 - 09.45 | C20: 20 | D20: 3 | E20: 3 | F20: 23 | G20: 0 | H20: 0 | I20: 4 | J20: 3 | K20: 1 | L20: 0 | M20: 116 | N20: 0 | O20: =SUM(C20:L20,N20) -> 57 | P20: =SUM(C20:N20) -> 173 | R20: 1700-1800 | S20: =SUM(C50:C53) -> 198 | T20: =SUM(D50:D53) -> 47 | U20: =SUM(E50:E53) -> 10 | V20: =SUM(F50:F53) -> 33 | W20: =SUM(G50:G53) -> 1 | X20: =SUM(H50:H53) -> 0 | Y20: =SUM(I50:I53) -> 4 | Z20: =SUM(J50:J53) -> 9 | ... AF20: =SUM(P50:P53) -> 692
B21: 09.45 - 10.00 | C21: 25 | D21: 3 | E21: 5 | F21: 16 | G21: 1 | H21: 1 | I21: 2 | J21: 1 | K21: 0 | L21: 1 | M21: 99 | N21: 0 | O21: =SUM(C21:L21,N21) -> 55 | P21: =SUM(C21:N21) -> 154 | R21: 1800-1900 | S21: =SUM(C54:C57) -> 200 | T21: =SUM(D54:D57) -> 48 | U21: =SUM(E54:E57) -> 20 | V21: =SUM(F54:F57) -> 18 | W21: =SUM(G54:G57) -> 1 | X21: =SUM(H54:H57) -> 2 | Y21: =SUM(I54:I57) -> 11 | Z21: =SUM(J54:J57) -> 19 | ... AF21: =SUM(P54:P57) -> 658
B22: 10.00 - 10.15 | C22: 31 | D22: 4 | E22: 3 | F22: 12 | G22: 2 | H22: 0 | I22: 2 | J22: 3 | K22: 1 | L22: 0 | M22: 150 | N22: 0 | O22: =SUM(C22:L22,N22) -> 58 | P22: =SUM(C22:N22) -> 208 | R22: AM Peak Hr | S22: =MAX(S10:S12) -> 138 | T22: =MAX(T10:T12) -> 28 | U22: =MAX(U10:U12) -> 15 | V22: =MAX(V10:V12) -> 87 | W22: =MAX(W10:W12) -> 3 | X22: =MAX(X10:X12) -> 4 | Y22: =MAX(Y10:Y12) -> 10 | Z22: =MAX(Z10:Z12) -> 12 | ... AF22: =MAX(AF10:AF12) -> 918
B23: 10.15 - 10.30 | C23: 15 | D23: 5 | E23: 1 | F23: 9 | G23: 0 | H23: 0 | I23: 0 | J23: 2 | K23: 0 | L23: 0 | M23: 166 | N23: 0 | O23: =SUM(C23:L23,N23) -> 32 | P23: =SUM(C23:N23) -> 198 | R23: IP Peak Hr | S23: =MAX(S13:S18) -> 144 | T23: =MAX(T13:T18) -> 28 | U23: =MAX(U13:U18) -> 15 | V23: =MAX(V13:V18) -> 61 | W23: =MAX(W13:W18) -> 4 | X23: =MAX(X13:X18) -> 3 | Y23: =MAX(Y13:Y18) -> 19 | Z23: =MAX(Z13:Z18) -> 11 | ... AF23: =MAX(AF13:AF18) -> 924
B24: 10.30 - 10.45 | C24: 24 | D24: 5 | E24: 5 | F24: 13 | G24: 2 | H24: 0 | I24: 5 | J24: 2 | K24: 1 | L24: 0 | M24: 122 | N24: 0 | O24: =SUM(C24:L24,N24) -> 57 | P24: =SUM(C24:N24) -> 179 | R24: PM Peak Hr | S24: =MAX(S19:S21) -> 200 | T24: =MAX(T19:T21) -> 48 | U24: =MAX(U19:U21) -> 20 | V24: =MAX(V19:V21) -> 44 | W24: =MAX(W19:W21) -> 2 | X24: =MAX(X19:X21) -> 2 | Y24: =MAX(Y19:Y21) -> 11 | Z24: =MAX(Z19:Z21) -> 19 | ... AF24: =MAX(AF19:AF21) -> 692
B25: 10.45 - 11.00 | C25: 21 | D25: 3 | E25: 3 | F25: 11 | G25: 0 | H25: 1 | I25: 4 | J25: 1 | K25: 0 | L25: 0 | M25: 105 | N25: 0 | O25: =SUM(C25:L25,N25) -> 44 | P25: =SUM(C25:N25) -> 149 | R25: AM Period | S25: =SUM(S10:S12) -> 301 | T25: =SUM(T10:T12) -> 58 | U25: =SUM(U10:U12) -> 29 | V25: =SUM(V10:V12) -> 254 | W25: =SUM(W10:W12) -> 7 | X25: =SUM(X10:X12) -> 6 | Y25: =SUM(Y10:Y12) -> 24 | Z25: =SUM(Z10:Z12) -> 24 | ... AF25: =SUM(AF10:AF12) -> 2259
B26: 11.00 - 11.15 | C26: 39 | D26: 4 | E26: 0 | F26: 8 | G26: 1 | H26: 0 | I26: 4 | J26: 3 | K26: 1 | L26: 0 | M26: 175 | N26: 0 | O26: =SUM(C26:L26,N26) -> 60 | P26: =SUM(C26:N26) -> 235 | R26: IP Period | S26: =SUM(S13:S18) -> 696 | T26: =SUM(T13:T18) -> 125 | U26: =SUM(U13:U18) -> 77 | V26: =SUM(V13:V18) -> 294 | W26: =SUM(W13:W18) -> 9 | X26: =SUM(X13:X18) -> 6 | Y26: =SUM(Y13:Y18) -> 76 | Z26: =SUM(Z13:Z18) -> 53 | ... AF26: =SUM(AF13:AF18) -> 4079
B27: 11.15 - 11.30 | C27: 23 | D27: 3 | E27: 2 | F27: 15 | G27: 1 | H27: 0 | I27: 3 | J27: 1 | K27: 2 | L27: 0 | M27: 160 | N27: 0 | O27: =SUM(C27:L27,N27) -> 50 | P27: =SUM(C27:N27) -> 210 | R27: PM Period | S27: =SUM(S19:S21) -> 530 | T27: =SUM(T19:T21) -> 128 | U27: =SUM(U19:U21) -> 43 | V27: =SUM(V19:V21) -> 95 | W27: =SUM(W19:W21) -> 4 | X27: =SUM(X19:X21) -> 4 | Y27: =SUM(Y19:Y21) -> 26 | Z27: =SUM(Z19:Z21) -> 37 | ... AF27: =SUM(AF19:AF21) -> 1988
B28: 11.30 - 11.45 | C28: 33 | D28: 8 | E28: 4 | F28: 24 | G28: 0 | H28: 0 | I28: 5 | J28: 1 | K28: 2 | L28: 1 | M28: 120 | N28: 0 | O28: =SUM(C28:L28,N28) -> 78 | P28: =SUM(C28:N28) -> 198 | R28: 12 Hours | S28: =SUM(S10:S21) -> 1527 | T28: =SUM(T10:T21) -> 311 | U28: =SUM(U10:U21) -> 149 | V28: =SUM(V10:V21) -> 643 | W28: =SUM(W10:W21) -> 20 | X28: =SUM(X10:X21) -> 16 | Y28: =SUM(Y10:Y21) -> 126 | Z28: =SUM(Z10:Z21) -> 114 | ... AF28: =SUM(AF10:AF21) -> 8326
B29: 11.45 - 12.00 | C29: 27 | D29: 8 | E29: 5 | F29: 13 | G29: 0 | H29: 0 | I29: 5 | J29: 2 | K29: 1 | L29: 0 | M29: 220 | N29: 0 | O29: =SUM(C29:L29,N29) -> 61 | P29: =SUM(C29:N29) -> 281
B30: 12.00 - 12.15 | C30: 20 | D30: 3 | E30: 2 | F30: 17 | G30: 1 | H30: 0 | I30: 6 | J30: 3 | K30: 1 | L30: 1 | M30: 189 | N30: 0 | O30: =SUM(C30:L30,N30) -> 54 | P30: =SUM(C30:N30) -> 243
B31: 12.15 - 12.30 | C31: 29 | D31: 9 | E31: 6 | F31: 17 | G31: 1 | H31: 0 | I31: 6 | J31: 2 | K31: 2 | L31: 1 | M31: 170 | N31: 0 | O31: =SUM(C31:L31,N31) -> 73 | P31: =SUM(C31:N31) -> 243
B32: 12.30 - 12.45 | C32: 38 | D32: 2 | E32: 3 | F32: 12 | G32: 0 | H32: 1 | I32: 6 | J32: 3 | K32: 0 | L32: 3 | M32: 140 | N32: 0 | O32: =SUM(C32:L32,N32) -> 68 | P32: =SUM(C32:N32) -> 208
B33: 12.45 - 13.00 | C33: 34 | D33: 4 | E33: 4 | F33: 15 | G33: 0 | H33: 2 | I33: 1 | J33: 3 | K33: 1 | L33: 0 | M33: 80 | N33: 0 | O33: =SUM(C33:L33,N33) -> 64 | P33: =SUM(C33:N33) -> 144
B34: 13.00 - 13.15 | C34: 38 | D34: 2 | E34: 2 | F34: 12 | G34: 0 | H34: 1 | I34: 1 | J34: 2 | K34: 0 | L34: 0 | M34: 73 | N34: 0 | O34: =SUM(C34:L34,N34) -> 58 | P34: =SUM(C34:N34) -> 131
B35: 13.15 - 13.30 | C35: 35 | D35: 4 | E35: 4 | F35: 16 | G35: 0 | H35: 0 | I35: 2 | J35: 2 | K35: 1 | L35: 0 | M35: 80 | N35: 0 | O35: =SUM(C35:L35,N35) -> 64 | P35: =SUM(C35:N35) -> 144
B36: 13.30 - 13.45 | C36: 24 | D36: 6 | E36: 5 | F36: 13 | G36: 1 | H36: 0 | I36: 0 | J36: 4 | K36: 1 | L36: 0 | M36: 63 | N36: 0 | O36: =SUM(C36:L36,N36) -> 54 | P36: =SUM(C36:N36) -> 117
B37: 13.45 - 14.00 | C37: 14 | D37: 3 | E37: 4 | F37: 6 | G37: 0 | H37: 1 | I37: 2 | J37: 0 | K37: 2 | L37: 0 | M37: 60 | N37: 0 | O37: =SUM(C37:L37,N37) -> 32 | P37: =SUM(C37:N37) -> 92
B38: 14.00 - 14.15 | C38: 29 | D38: 6 | E38: 5 | F38: 9 | G38: 0 | H38: 0 | I38: 1 | J38: 0 | K38: 2 | L38: 1 | M38: 72 | N38: 0 | O38: =SUM(C38:L38,N38) -> 53 | P38: =SUM(C38:N38) -> 125
B39: 14.15 - 14.30 | C39: 21 | D39: 5 | E39: 2 | F39: 8 | G39: 0 | H39: 0 | I39: 1 | J39: 2 | K39: 0 | L39: 3 | M39: 49 | N39: 0 | O39: =SUM(C39:L39,N39) -> 42 | P39: =SUM(C39:N39) -> 91
B40: 14.30 - 14.45 | C40: 30 | D40: 9 | E40: 4 | F40: 15 | G40: 0 | H40: 0 | I40: 1 | J40: 4 | K40: 1 | L40: 0 | M40: 99 | N40: 0 | O40: =SUM(C40:L40,N40) -> 64 | P40: =SUM(C40:N40) -> 163
... B57: 18.45 - 19.00 | C57: 52 | D57: 12 | E57: 3 | F57: 4 | G57: 0 | H57: 0 | I57: 4 | J57: 3 | K57: 2 | L57: 1 | M57: 94 | N57: 0 | O57: =SUM(C57:L57,N57) -> 81 | P57: =SUM(C57:N57) -> 175
B58: Totals | C58: =SUM(C10:C57) -> 1527 | D58: =SUM(D10:D57) -> 311 | E58: =SUM(E10:E57) -> 149 | F58: =SUM(F10:F57) -> 643 | G58: =SUM(G10:G57) -> 20 | H58: =SUM(H10:H57) -> 16 | I58: =SUM(I10:I57) -> 126 | J58: =SUM(J10:J57) -> 114 | ... P58: =SUM(P10:P57) -> 8326
B59: %ges + MCs | C59: =C58/$P$58 -> 0.18340139 | D59: =D58/$P$58 -> 0.037352871 | E59: =E58/$P$58 -> 0.017895748 | F59: =F58/$P$58 -> 0.077227961 | G59: =G58/$P$58 -> 0.0024021139 | H59: =H58/$P$58 -> 0.0019216911 | I59: =I58/$P$58 -> 0.015133317 | J59: =J58/$P$58 -> 0.013692049 | ... N59: =N58/$P$58 -> 0
B60: %ges w/o MCs | C60: =C58/$O$58 -> 0.51570415 | D60: =D58/$O$58 -> 0.10503208 | E60: =E58/$O$58 -> 0.050320838 | F60: =F58/$O$58 -> 0.21715637 | G60: =G58/$O$58 -> 0.0067544748 | H60: =H58/$O$58 -> 0.0054035799 | I60: =I58/$O$58 -> 0.042553191 | J60: =J58/$O$58 -> 0.038500507 | ... L60: =L58/$O$58 -> 0.0070921986 | N60: =N58/$O$58 -> 0

Sheet 25.07 KABUSU-RUBAGA
B1: Consultancy services for Preparation of Expressway Development Master Plan (EDMP) for Uganda
B2: MANUAL CLASSIFIED COUNT (MCC)
B3: ROAD NAME: | C3: ='22.07 KABUSU-RUBAGA'!C3:G3 -> MCC - C1 - STN05 - KABUSU ROAD
C5: Date | D5: ='25.07 RUBAGA-KABUSU'!D5 -> 25.07.19 | F5: Location | G5: ='25.07 RUBAGA-KABUSU'!G5:H5 -> CHAD SUPERMARKET | J5: Surveyor | K5: ='25.07 RUBAGA-KABUSU'!K5:L5 -> MBERE IVAN
C6: Dir. From | D6: ='22.07 KABUSU-RUBAGA'!D6:E6 -> KABUSU | F6: Dir. To | G6: ='22.07 KABUSU-RUBAGA'!G6:H6 -> RUBAGA | J6: Supervisor | K6: ='25.07 RUBAGA-KABUSU'!K6:L6 -> DENIS
B8: Time / Veh Type | R8: SUMMARY TRAFFIC VOLUMES
C9: 1. Car | D9: 2. Station Wagon | E9: 3. Pickups | F9: 4. Minibus, matatu | G9: 5. Medium bus | H9: 6. Large Bus | I9: 7. Light Truck | J9: 8. Medium Truck | K9: 9. Heavy truck | L9: 10. Truck Trailer | M9: 11. Motor cycles | N9: 12. Tractors | O9: Total Excl M/Cycles | P9: Total All | R9: Time | S9: 1. Car | T9: 2. Station Wagon | U9: 3. Pickups | V9: 4. Minibus, matatu | W9: 5. Medium bus | X9: 6. Large Bus | Y9: 7. Light Truck | Z9: 8. Medium Truck | AA9: 9. Heavy truck | AB9: 10. Truck Trailer | AC9: 11. Motorcycles | AD9: 12. Tractors, Graders | AE9: Total Excl M/ Cycles | AF9: Total All
B10: 07.00 - 07.15 | C10: 62 | D10: 64 | E10: 10 | F10: 41 | G10: 1 | H10: 2 | I10: 8 | J10: 4 | K10: 2 | L10: 0 | M10: 160 | N10: 0 | O10: =SUM(C10:L10,N10) -> 194 | P10: =SUM(C10:N10) -> 354 | R10: 0700-0800 | S10: =SUM(C10:C13) -> 244 | T10: =SUM(D10:D13) -> 201 | U10: =SUM(E10:E13) -> 27 | V10: =SUM(F10:F13) -> 169 | W10: =SUM(G10:G13) -> 2 | X10: =SUM(H10:H13) -> 2 | Y10: =SUM(I10:I13) -> 20 | Z10: =SUM(J10:J13) -> 7 | ... AF10: =SUM(P10:P13) -> 1585
B11: 07.15 - 07.30 | C11: 55 | D11: 50 | E11: 4 | F11: 37 | G11: 0 | H11: 0 | I11: 2 | J11: 1 | K11: 0 | L11: 0 | M11: 210 | N11: 0 | O11: =SUM(C11:L11,N11) -> 149 | P11: =SUM(C11:N11) -> 359 | R11: 0800-0900 | S11: =SUM(C14:C17) -> 188 | T11: =SUM(D14:D17) -> 165 | U11: =SUM(E14:E17) -> 24 | V11: =SUM(F14:F17) -> 118 | W11: =SUM(G14:G17) -> 2 | X11: =SUM(H14:H17) -> 0 | Y11: =SUM(I14:I17) -> 15 | Z11: =SUM(J14:J17) -> 9 | ... AF11: =SUM(P14:P17) -> 1727
B12: 07.30 - 07.45 | C12: 73 | D12: 39 | E12: 6 | F12: 48 | G12: 1 | H12: 0 | I12: 4 | J12: 0 | K12: 0 | L12: 1 | M12: 255 | N12: 0 | O12: =SUM(C12:L12,N12) -> 172 | P12: =SUM(C12:N12) -> 427 | R12: 0900-1000 | S12: =SUM(C18:C21) -> 163 | T12: =SUM(D18:D21) -> 128 | U12: =SUM(E18:E21) -> 26 | V12: =SUM(F18:F21) -> 118 | W12: =SUM(G18:G21) -> 1 | X12: =SUM(H18:H21) -> 1 | Y12: =SUM(I18:I21) -> 16 | Z12: =SUM(J18:J21) -> 3 | ... AF12: =SUM(P18:P21) -> 1342
B13: 07.45 - 08.00 | C13: 54 | D13: 48 | E13: 7 | F13: 43 | G13: 0 | H13: 0 | I13: 6 | J13: 2 | K13: 0 | L13: 0 | M13: 285 | N13: 0 | O13: =SUM(C13:L13,N13) -> 160 | P13: =SUM(C13:N13) -> 445 | R13: 1000-1100 | S13: =SUM(C22:C25) -> 122 | T13: =SUM(D22:D25) -> 85 | U13: =SUM(E22:E25) -> 21 | V13: =SUM(F22:F25) -> 91 | W13: =SUM(G22:G25) -> 2 | X13: =SUM(H22:H25) -> 0 | Y13: =SUM(I22:I25) -> 9 | Z13: =SUM(J22:J25) -> 7 | ... AF13: =SUM(P22:P25) -> 1025
B14: 08.00 - 08.15 | C14: 53 | D14: 54 | E14: 6 | F14: 23 | G14: 0 | H14: 0 | I14: 3 | J14: 3 | K14: 0 | L14: 0 | M14: 335 | N14: 0 | O14: =SUM(C14:L14,N14) -> 142 | P14: =SUM(C14:N14) -> 477 | R14: 1100-1200 | S14: =SUM(C26:C29) -> 101 | T14: =SUM(D26:D29) -> 81 | U14: =SUM(E26:E29) -> 22 | V14: =SUM(F26:F29) -> 101 | W14: =SUM(G26:G29) -> 0 | X14: =SUM(H26:H29) -> 0 | Y14: =SUM(I26:I29) -> 14 | Z14: =SUM(J26:J29) -> 11 | ... AF14: =SUM(P26:P29) -> 1105
B15: 08.15 - 08.30 | C15: 41 | D15: 49 | E15: 8 | F15: 37 | G15: 2 | H15: 0 | I15: 5 | J15: 3 | K15: 0 | L15: 0 | M15: 265 | N15: 0 | O15: =SUM(C15:L15,N15) -> 145 | P15: =SUM(C15:N15) -> 410 | R15: 1200-1300 | S15: =SUM(C30:C33) -> 82 | T15: =SUM(D30:D33) -> 90 | U15: =SUM(E30:E33) -> 22 | V15: =SUM(F30:F33) -> 89 | W15: =SUM(G30:G33) -> 1 | X15: =SUM(H30:H33) -> 1 | Y15: =SUM(I30:I33) -> 18 | Z15: =SUM(J30:J33) -> 10 | ... AF15: =SUM(P30:P33) -> 1072
B16: 08.30 - 08.45 | C16: 43 | D16: 29 | E16: 6 | F16: 37 | G16: 0 | H16: 0 | I16: 5 | J16: 2 | K16: 3 | L16: 1 | M16: 305 | N16: 0 | O16: =SUM(C16:L16,N16) -> 126 | P16: =SUM(C16:N16) -> 431 | R16: 1300-1400 | S16: =SUM(C34:C37) -> 105 | T16: =SUM(D34:D37) -> 96 | U16: =SUM(E34:E37) -> 23 | V16: =SUM(F34:F37) -> 71 | W16: =SUM(G34:G37) -> 0 | X16: =SUM(H34:H37) -> 1 | Y16: =SUM(I34:I37) -> 17 | Z16: =SUM(J34:J37) -> 17 | ... AF16: =SUM(P34:P37) -> 1075
B17: 08.45 - 9.00 | C17: 51 | D17: 33 | E17: 4 | F17: 21 | G17: 0 | H17: 0 | I17: 2 | J17: 1 | K17: 1 | L17: 1 | M17: 295 | N17: 0 | O17: =SUM(C17:L17,N17) -> 114 | P17: =SUM(C17:N17) -> 409 | R17: 1400-1500 | S17: =SUM(C38:C41) -> 104 | T17: =SUM(D38:D41) -> 56 | U17: =SUM(E38:E41) -> 10 | V17: =SUM(F38:F41) -> 82 | W17: =SUM(G38:G41) -> 1 | X17: =SUM(H38:H41) -> 2 | Y17: =SUM(I38:I41) -> 29 | Z17: =SUM(J38:J41) -> 8 | ... AF17: =SUM(P38:P41) -> 1011
B18: 09.00 - 09.15 | C18: 54 | D18: 40 | E18: 5 | F18: 40 | G18: 0 | H18: 0 | I18: 3 | J18: 0 | K18: 2 | L18: 0 | M18: 305 | N18: 0 | O18: =SUM(C18:L18,N18) -> 144 | P18: =SUM(C18:N18) -> 449 | R18: 1500-1600 | S18: =SUM(C42:C45) -> 94 | T18: =SUM(D42:D45) -> 92 | U18: =SUM(E42:E45) -> 22 | V18: =SUM(F42:F45) -> 79 | W18: =SUM(G42:G45) -> 0 | X18: =SUM(H42:H45) -> 0 | Y18: =SUM(I42:I45) -> 14 | Z18: =SUM(J42:J45) -> 3 | ... AF18: =SUM(P42:P45) -> 874
B19: 09.15 - 09.30 | C19: 37 | D19: 40 | E19: 6 | F19: 32 | G19: 0 | H19: 1 | I19: 3 | J19: 0 | K19: 2 | L19: 1 | M19: 175 | N19: 0 | O19: =SUM(C19:L19,N19) -> 122 | P19: =SUM(C19:N19) -> 297 | R19: 1600-1700 | S19: =SUM(C46:C49) -> 91 | T19: =SUM(D46:D49) -> 63 | U19: =SUM(E46:E49) -> 15 | V19: =SUM(F46:F49) -> 77 | W19: =SUM(G46:G49) -> 5 | X19: =SUM(H46:H49) -> 2 | Y19: =SUM(I46:I49) -> 24 | Z19: =SUM(J46:J49) -> 5 | ... AF19: =SUM(P46:P49) -> 790
B20: 09.30 - 09.45 | C20: 34 | D20: 29 | E20: 7 | F20: 26 | G20: 0 | H20: 0 | I20: 5 | J20: 1 | K20: 1 | L20: 0 | M20: 180 | N20: 0 | O20: =SUM(C20:L20,N20) -> 103 | P20: =SUM(C20:N20) -> 283 | R20: 1700-1800 | S20: =SUM(C50:C53) -> 97 | T20: =SUM(D50:D53) -> 79 | U20: =SUM(E50:E53) -> 17 | V20: =SUM(F50:F53) -> 99 | W20: =SUM(G50:G53) -> 0 | X20: =SUM(H50:H53) -> 2 | Y20: =SUM(I50:I53) -> 14 | Z20: =SUM(J50:J53) -> 9 | ... AF20: =SUM(P50:P53) -> 792
B21: 09.45 - 10.00 | C21: 38 | D21: 19 | E21: 8 | F21: 20 | G21: 1 | H21: 0 | I21: 5 | J21: 2 | K21: 2 | L21: 0 | M21: 218 | N21: 0 | O21: =SUM(C21:L21,N21) -> 95 | P21: =SUM(C21:N21) -> 313 | R21: 1800-1900 | S21: =SUM(C54:C57) -> 111 | T21: =SUM(D54:D57) -> 92 | U21: =SUM(E54:E57) -> 20 | V21: =SUM(F54:F57) -> 129 | W21: =SUM(G54:G57) -> 1 | X21: =SUM(H54:H57) -> 1 | Y21: =SUM(I54:I57) -> 9 | Z21: =SUM(J54:J57) -> 4 | ... AF21: =SUM(P54:P57) -> 1123
B22: 10.00 - 10.15 | C22: 33 | D22: 15 | E22: 4 | F22: 30 | G22: 0 | H22: 0 | I22: 1 | J22: 1 | K22: 0 | L22: 0 | M22: 162 | N22: 0 | O22: =SUM(C22:L22,N22) -> 84 | P22: =SUM(C22:N22) -> 246 | R22: AM Peak Hr | S22: =MAX(S10:S12) -> 244 | T22: =MAX(T10:T12) -> 201 | U22: =MAX(U10:U12) -> 27 | V22: =MAX(V10:V12) -> 169 | W22: =MAX(W10:W12) -> 2 | X22: =MAX(X10:X12) -> 2 | Y22: =MAX(Y10:Y12) -> 20 | Z22: =MAX(Z10:Z12) -> 9 | ... AF22: =MAX(AF10:AF12) -> 1727
B23: 10.15 - 10.30 | C23: 34 | D23: 28 | E23: 4 | F23: 19 | G23: 0 | H23: 0 | I23: 5 | J23: 2 | K23: 3 | L23: 0 | M23: 177 | N23: 0 | O23: =SUM(C23:L23,N23) -> 95 | P23: =SUM(C23:N23) -> 272 | R23: IP Peak Hr | S23: =MAX(S13:S18) -> 122 | T23: =MAX(T13:T18) -> 96 | U23: =MAX(U13:U18) -> 23 | V23: =MAX(V13:V18) -> 101 | W23: =MAX(W13:W18) -> 2 | X23: =MAX(X13:X18) -> 2 | Y23: =MAX(Y13:Y18) -> 29 | Z23: =MAX(Z13:Z18) -> 17 | ... AF23: =MAX(AF13:AF18) -> 1105
B24: 10.30 - 10.45 | C24: 26 | D24: 22 | E24: 7 | F24: 25 | G24: 2 | H24: 0 | I24: 1 | J24: 4 | K24: 0 | L24: 3 | M24: 153 | N24: 0 | O24: =SUM(C24:L24,N24) -> 90 | P24: =SUM(C24:N24) -> 243 | R24: PM Peak Hr | S24: =MAX(S19:S21) -> 111 | T24: =MAX(T19:T21) -> 92 | U24: =MAX(U19:U21) -> 20 | V24: =MAX(V19:V21) -> 129 | W24: =MAX(W19:W21) -> 5 | X24: =MAX(X19:X21) -> 2 | Y24: =MAX(Y19:Y21) -> 24 | Z24: =MAX(Z19:Z21) -> 9 | ... AF24: =MAX(AF19:AF21) -> 1123
B25: 10.45 - 11.00 | C25: 29 | D25: 20 | E25: 6 | F25: 17 | G25: 0 | H25: 0 | I25: 2 | J25: 0 | K25: 1 | L25: 1 | M25: 188 | N25: 0 | O25: =SUM(C25:L25,N25) -> 76 | P25: =SUM(C25:N25) -> 264 | R25: AM Period | S25: =SUM(S10:S12) -> 595 | T25: =SUM(T10:T12) -> 494 | U25: =SUM(U10:U12) -> 77 | V25: =SUM(V10:V12) -> 405 | W25: =SUM(W10:W12) -> 5 | X25: =SUM(X10:X12) -> 3 | Y25: =SUM(Y10:Y12) -> 51 | Z25: =SUM(Z10:Z12) -> 19 | ... AF25: =SUM(AF10:AF12) -> 4654
B26: 11.00 - 11.15 | C26: 27 | D26: 17 | E26: 4 | F26: 23 | G26: 0 | H26: 0 | I26: 3 | J26: 4 | K26: 0 | L26: 2 | M26: 225 | N26: 0 | O26: =SUM(C26:L26,N26) -> 80 | P26: =SUM(C26:N26) -> 305 | R26: IP Period | S26: =SUM(S13:S18) -> 608 | T26: =SUM(T13:T18) -> 500 | U26: =SUM(U13:U18) -> 120 | V26: =SUM(V13:V18) -> 513 | W26: =SUM(W13:W18) -> 4 | X26: =SUM(X13:X18) -> 4 | Y26: =SUM(Y13:Y18) -> 101 | Z26: =SUM(Z13:Z18) -> 56 | ... AF26: =SUM(AF13:AF18) -> 6162
B27: 11.15 - 11.30 | C27: 24 | D27: 25 | E27: 9 | F27: 32 | G27: 0 | H27: 0 | I27: 5 | J27: 1 | K27: 0 | L27: 0 | M27: 170 | N27: 0 | O27: =SUM(C27:L27,N27) -> 96 | P27: =SUM(C27:N27) -> 266 | R27: PM Period | S27: =SUM(S19:S21) -> 299 | T27: =SUM(T19:T21) -> 234 | U27: =SUM(U19:U21) -> 52 | V27: =SUM(V19:V21) -> 305 | W27: =SUM(W19:W21) -> 6 | X27: =SUM(X19:X21) -> 5 | Y27: =SUM(Y19:Y21) -> 47 | Z27: =SUM(Z19:Z21) -> 18 | ... AF27: =SUM(AF19:AF21) -> 2705
B28: 11.30 - 11.45 | C28: 29 | D28: 22 | E28: 2 | F28: 20 | G28: 0 | H28: 0 | I28: 1 | J28: 2 | K28: 1 | L28: 0 | M28: 180 | N28: 0 | O28: =SUM(C28:L28,N28) -> 77 | P28: =SUM(C28:N28) -> 257 | R28: 12 Hours | S28: =SUM(S10:S21) -> 1502 | T28: =SUM(T10:T21) -> 1228 | U28: =SUM(U10:U21) -> 249 | V28: =SUM(V10:V21) -> 1223 | W28: =SUM(W10:W21) -> 15 | X28: =SUM(X10:X21) -> 12 | Y28: =SUM(Y10:Y21) -> 199 | Z28: =SUM(Z10:Z21) -> 93 | ... AF28: =SUM(AF10:AF21) -> 13521
B29: 11.45 - 12.00 | C29: 21 | D29: 17 | E29: 7 | F29: 26 | G29: 0 | H29: 0 | I29: 5 | J29: 4 | K29: 2 | L29: 0 | M29: 195 | N29: 0 | O29: =SUM(C29:L29,N29) -> 82 | P29: =SUM(C29:N29) -> 277
B30: 12.00 - 12.15 | C30: 18 | D30: 22 | E30: 4 | F30: 17 | G30: 0 | H30: 0 | I30: 9 | J30: 2 | K30: 1 | L30: 0 | M30: 170 | N30: 0 | O30: =SUM(C30:L30,N30) -> 73 | P30: =SUM(C30:N30) -> 243
B31: 12.15 - 12.30 | C31: 20 | D31: 35 | E31: 8 | F31: 25 | G31: 0 | H31: 0 | I31: 3 | J31: 1 | K31: 4 | L31: 1 | M31: 210 | N31: 0 | O31: =SUM(C31:L31,N31) -> 97 | P31: =SUM(C31:N31) -> 307
B32: 12.30 - 12.45 | C32: 26 | D32: 16 | E32: 3 | F32: 28 | G32: 0 | H32: 0 | I32: 4 | J32: 2 | K32: 1 | L32: 2 | M32: 173 | N32: 0 | O32: =SUM(C32:L32,N32) -> 82 | P32: =SUM(C32:N32) -> 255
B33: 12.45 - 13.00 | C33: 18 | D33: 17 | E33: 7 | F33: 19 | G33: 1 | H33: 1 | I33: 2 | J33: 5 | K33: 2 | L33: 0 | M33: 195 | N33: 0 | O33: =SUM(C33:L33,N33) -> 72 | P33: =SUM(C33:N33) -> 267
B34: 13.00 - 13.15 | C34: 18 | D34: 35 | E34: 4 | F34: 19 | G34: 0 | H34: 0 | I34: 2 | J34: 4 | K34: 2 | L34: 0 | M34: 148 | N34: 0 | O34: =SUM(C34:L34,N34) -> 84 | P34: =SUM(C34:N34) -> 232
B35: 13.15 - 13.30 | C35: 15 | D35: 23 | E35: 5 | F35: 15 | G35: 0 | H35: 0 | I35: 11 | J35: 5 | K35: 1 | L35: 0 | M35: 178 | N35: 0 | O35: =SUM(C35:L35,N35) -> 75 | P35: =SUM(C35:N35) -> 253
B36: 13.30 - 13.45 | C36: 35 | D36: 17 | E36: 10 | F36: 16 | G36: 0 | H36: 1 | I36: 1 | J36: 4 | K36: 2 | L36: 2 | M36: 205 | N36: 0 | O36: =SUM(C36:L36,N36) -> 88 | P36: =SUM(C36:N36) -> 293
B37: 13.45 - 14.00 | C37: 37 | D37: 21 | E37: 4 | F37: 21 | G37: 0 | H37: 0 | I37: 3 | J37: 4 | K37: 1 | L37: 1 | M37: 205 | N37: 0 | O37: =SUM(C37:L37,N37) -> 92 | P37: =SUM(C37:N37) -> 297
B38: 14.00 - 14.15 | C38: 27 | D38: 10 | E38: 2 | F38: 23 | G38: 0 | H38: 0 | I38: 19 | J38: 3 | K38: 2 | L38: 0 | M38: 180 | N38: 0 | O38: =SUM(C38:L38,N38) -> 86 | P38: =SUM(C38:N38) -> 266
B39: 14.15 - 14.30 | C39: 38 | D39: 15 | E39: 3 | F39: 15 | G39: 1 | H39: 1 | I39: 0 | J39: 1 | K39: 0 | L39: 0 | M39: 183 | N39: 0 | O39: =SUM(C39:L39,N39) -> 74 | P39: =SUM(C39:N39) -> 257
B40: 14.30 - 14.45 | C40: 18 | D40: 17 | E40: 3 | F40: 20 | G40: 0 | H40: 0 | I40: 7 | J40: 2 | K40: 4 | L40: 0 | M40: 235 | N40: 0 | O40: =SUM(C40:L40,N40) -> 71 | P40: =SUM(C40:N40) -> 306
... B57: 18.45 - 19.00 | C57: 39 | D57: 40 | E57: 7 | F57: 32 | G57: 0 | H57: 0 | I57: 4 | J57: 1 | K57: 0 | L57: 0 | M57: 185 | N57: 0 | O57: =SUM(C57:L57,N57) -> 123 | P57: =SUM(C57:N57) -> 308
B58: Totals | C58: =SUM(C10:C57) -> 1502 | D58: =SUM(D10:D57) -> 1228 | E58: =SUM(E10:E57) -> 249 | F58: =SUM(F10:F57) -> 1223 | G58: =SUM(G10:G57) -> 15 | H58: =SUM(H10:H57) -> 12 | I58: =SUM(I10:I57) -> 199 | J58: =SUM(J10:J57) -> 93 | ... P58: =SUM(P10:P57) -> 13521
B59: %ges + MCs | C59: =C58/$P$58 -> 0.11108646 | D59: =D58/$P$58 -> 0.090821685 | E59: =E58/$P$58 -> 0.018415798 | F59: =F58/$P$58 -> 0.09045189 | G59: =G58/$P$58 -> 0.0011093854 | H59: =H58/$P$58 -> 0.00088750832 | I59: =I58/$P$58 -> 0.014717846 | J59: =J58/$P$58 -> 0.0068781895 | ... N59: =N58/$P$58 -> 0
B60: %ges w/o MCs | C60: =C58/$O$58 -> 0.32680592 | D60: =D58/$O$58 -> 0.26718886 | E60: =E58/$O$58 -> 0.054177546 | F60: =F58/$O$58 -> 0.26610096 | G60: =G58/$O$58 -> 0.0032637076 | H60: =H58/$O$58 -> 0.0026109661 | I60: =I58/$O$58 -> 0.04329852 | J60: =J58/$O$58 -> 0.020234987 | ... L60: =L58/$O$58 -> 0.0054395126 | N60: =N58/$O$58 -> 0

Sheet 26.07 RUBAGA-KABUSU-24h
B1: Consultancy services for Preparation of Expressway Development Master Plan (EDMP) for Uganda
B2: MANUAL CLASSIFIED COUNT (MCC)
B3: ROAD NAME: | C3: ='22.07 RUBAGA-KABUSU'!C3:G3 -> MCC - C1 - STN05 - KABUSU ROAD
C5: Date | D5: 26.07.19 | F5: Location | G5: ='25.07 KABUSU-RUBAGA'!G5:H5 -> CHAD SUPERMARKET | J5: Surveyor | K5: EMMANUEL EGIMU
C6: Dir. From | D6: ='22.07 RUBAGA-KABUSU'!D6:E6 -> RUBAGA | F6: Dir. To | G6: ='22.07 RUBAGA-KABUSU'!G6:H6 -> KABUSU | J6: Supervisor | K6: ='25.07 KABUSU-RUBAGA'!K6:L6 -> DENIS
B8: Time / Veh Type | R8: SUMMARY TRAFFIC VOLUMES
C9: 1. Car | D9: 2. Station Wagon | E9: 3. Pickups | F9: 4. Minibus, matatu | G9: 5. Medium bus | H9: 6. Large Bus | I9: 7. Light Truck | J9: 8. Medium Truck | K9: 9. Heavy truck | L9: 10. Truck Trailer | M9: 11. Motor cycles | N9: 12. Tractors | O9: Total Excl M/Cycles | P9: Total All | R9: Time | S9: 1. Car | T9: 2. Station Wagon | U9: 3. Pickups | V9: 4. Minibus, matatu | W9: 5. Medium bus | X9: 6. Large Bus | Y9: 7. Light Truck | Z9: 8. Medium Truck | AA9: 9. Heavy truck | AB9: 10. Truck Trailer | AC9: 11. Motorcycles | AD9: 12. Tractors, Graders | AE9: Total Excl M/ Cycles | AF9: Total All
B10: 07.00 - 07.15 | C10: 36 | D10: 5 | E10: 3 | F10: 13 | G10: 0 | H10: 0 | I10: 0 | J10: 0 | K10: 0 | L10: 0 | M10: 74 | N10: 0 | O10: =SUM(C10:L10,N10) -> 57 | P10: =SUM(C10:N10) -> 131 | R10: 0700-0800 | S10: =SUM(C10:C13) -> 127 | T10: =SUM(D10:D13) -> 18 | U10: =SUM(E10:E13) -> 9 | V10: =SUM(F10:F13) -> 89 | W10: =SUM(G10:G13) -> 5 | X10: =SUM(H10:H13) -> 5 | Y10: =SUM(I10:I13) -> 5 | Z10: =SUM(J10:J13) -> 2 | ... AF10: =SUM(P10:P13) -> 666
B11: 07.15 - 07.30 | C11: 29 | D11: 5 | E11: 2 | F11: 33 | G11: 0 | H11: 1 | I11: 0 | J11: 0 | K11: 0 | L11: 0 | M11: 116 | N11: 0 | O11: =SUM(C11:L11,N11) -> 70 | P11: =SUM(C11:N11) -> 186 | R11: 0800-0900 | S11: =SUM(C14:C17) -> 88 | T11: =SUM(D14:D17) -> 15 | U11: =SUM(E14:E17) -> 11 | V11: =SUM(F14:F17) -> 78 | W11: =SUM(G14:G17) -> 3 | X11: =SUM(H14:H17) -> 2 | Y11: =SUM(I14:I17) -> 7 | Z11: =SUM(J14:J17) -> 7 | ... AF11: =SUM(P14:P17) -> 858
B12: 07.30 - 07.45 | C12: 36 | D12: 4 | E12: 1 | F12: 22 | G12: 3 | H12: 3 | I12: 3 | J12: 1 | K12: 0 | L12: 1 | M12: 95 | N12: 0 | O12: =SUM(C12:L12,N12) -> 74 | P12: =SUM(C12:N12) -> 169 | R12: 0900-1000 | S12: =SUM(C18:C21) -> 106 | T12: =SUM(D18:D21) -> 13 | U12: =SUM(E18:E21) -> 9 | V12: =SUM(F18:F21) -> 73 | W12: =SUM(G18:G21) -> 3 | X12: =SUM(H18:H21) -> 0 | Y12: =SUM(I18:I21) -> 14 | Z12: =SUM(J18:J21) -> 7 | ... AF12: =SUM(P18:P21) -> 873
B13: 07.45 - 08.00 | C13: 26 | D13: 4 | E13: 3 | F13: 21 | G13: 2 | H13: 1 | I13: 2 | J13: 1 | K13: 0 | L13: 0 | M13: 120 | N13: 0 | O13: =SUM(C13:L13,N13) -> 60 | P13: =SUM(C13:N13) -> 180 | R13: 1000-1100 | S13: =SUM(C22:C25) -> 52 | T13: =SUM(D22:D25) -> 12 | U13: =SUM(E22:E25) -> 6 | V13: =SUM(F22:F25) -> 35 | W13: =SUM(G22:G25) -> 2 | X13: =SUM(H22:H25) -> 1 | Y13: =SUM(I22:I25) -> 9 | Z13: =SUM(J22:J25) -> 8 | ... AF13: =SUM(P22:P25) -> 516
B14: 08.00 - 08.15 | C14: 18 | D14: 6 | E14: 1 | F14: 21 | G14: 0 | H14: 0 | I14: 3 | J14: 0 | K14: 0 | L14: 0 | M14: 128 | N14: 0 | O14: =SUM(C14:L14,N14) -> 49 | P14: =SUM(C14:N14) -> 177 | R14: 1100-1200 | S14: =SUM(C26:C29) -> 86 | T14: =SUM(D26:D29) -> 16 | U14: =SUM(E26:E29) -> 8 | V14: =SUM(F26:F29) -> 52 | W14: =SUM(G26:G29) -> 0 | X14: =SUM(H26:H29) -> 0 | Y14: =SUM(I26:I29) -> 13 | Z14: =SUM(J26:J29) -> 5 | ... AF14: =SUM(P26:P29) -> 570
B15: 08.15 - 08.30 | C15: 31 | D15: 2 | E15: 4 | F15: 17 | G15: 0 | H15: 1 | I15: 2 | J15: 2 | K15: 0 | L15: 0 | M15: 160 | N15: 0 | O15: =SUM(C15:L15,N15) -> 59 | P15: =SUM(C15:N15) -> 219 | R15: 1200-1300 | S15: =SUM(C30:C33) -> 82 | T15: =SUM(D30:D33) -> 16 | U15: =SUM(E30:E33) -> 9 | V15: =SUM(F30:F33) -> 27 | W15: =SUM(G30:G33) -> 1 | X15: =SUM(H30:H33) -> 0 | Y15: =SUM(I30:I33) -> 19 | Z15: =SUM(J30:J33) -> 2 | ... AF15: =SUM(P30:P33) -> 505
B16: 08.30 - 08.45 | C16: 29 | D16: 4 | E16: 1 | F16: 21 | G16: 1 | H16: 1 | I16: 1 | J16: 2 | K16: 0 | L16: 0 | M16: 232 | N16: 0 | O16: =SUM(C16:L16,N16) -> 60 | P16: =SUM(C16:N16) -> 292 | R16: 1300-1400 | S16: =SUM(C34:C37) -> 106 | T16: =SUM(D34:D37) -> 20 | U16: =SUM(E34:E37) -> 14 | V16: =SUM(F34:F37) -> 44 | W16: =SUM(G34:G37) -> 1 | X16: =SUM(H34:H37) -> 3 | Y16: =SUM(I34:I37) -> 16 | Z16: =SUM(J34:J37) -> 4 | ... AF16: =SUM(P34:P37) -> 649
B17: 08.45 - 9.00 | C17: 10 | D17: 3 | E17: 5 | F17: 19 | G17: 2 | H17: 0 | I17: 1 | J17: 3 | K17: 0 | L17: 0 | M17: 127 | N17: 0 | O17: =SUM(C17:L17,N17) -> 43 | P17: =SUM(C17:N17) -> 170 | R17: 1400-1500 | S17: =SUM(C38:C41) -> 107 | T17: =SUM(D38:D41) -> 20 | U17: =SUM(E38:E41) -> 16 | V17: =SUM(F38:F41) -> 40 | W17: =SUM(G38:G41) -> 2 | X17: =SUM(H38:H41) -> 2 | Y17: =SUM(I38:I41) -> 11 | Z17: =SUM(J38:J41) -> 7 | ... AF17: =SUM(P38:P41) -> 610
B18: 09.00 - 09.15 | C18: 32 | D18: 0 | E18: 1 | F18: 14 | G18: 1 | H18: 0 | I18: 4 | J18: 1 | K18: 0 | L18: 0 | M18: 240 | N18: 0 | O18: =SUM(C18:L18,N18) -> 53 | P18: =SUM(C18:N18) -> 293 | R18: 1500-1600 | S18: =SUM(C42:C45) -> 137 | T18: =SUM(D42:D45) -> 23 | U18: =SUM(E42:E45) -> 20 | V18: =SUM(F42:F45) -> 45 | W18: =SUM(G42:G45) -> 0 | X18: =SUM(H42:H45) -> 0 | Y18: =SUM(I42:I45) -> 20 | Z18: =SUM(J42:J45) -> 4 | ... AF18: =SUM(P42:P45) -> 612
B19: 09.15 - 09.30 | C19: 29 | D19: 3 | E19: 3 | F19: 22 | G19: 1 | H19: 0 | I19: 2 | J19: 3 | K19: 0 | L19: 0 | M19: 183 | N19: 0 | O19: =SUM(C19:L19,N19) -> 63 | P19: =SUM(C19:N19) -> 246 | R19: 1600-1700 | S19: =SUM(C46:C49) -> 176 | T19: =SUM(D46:D49) -> 30 | U19: =SUM(E46:E49) -> 16 | V19: =SUM(F46:F49) -> 72 | W19: =SUM(G46:G49) -> 1 | X19: =SUM(H46:H49) -> 1 | Y19: =SUM(I46:I49) -> 21 | Z19: =SUM(J46:J49) -> 9 | ... AF19: =SUM(P46:P49) -> 1176
B20: 09.30 - 09.45 | C20: 23 | D20: 8 | E20: 1 | F20: 23 | G20: 1 | H20: 0 | I20: 4 | J20: 1 | K20: 0 | L20: 0 | M20: 102 | N20: 0 | O20: =SUM(C20:L20,N20) -> 61 | P20: =SUM(C20:N20) -> 163 | R20: 1700-1800 | S20: =SUM(C50:C53) -> 216 | T20: =SUM(D50:D53) -> 63 | U20: =SUM(E50:E53) -> 22 | V20: =SUM(F50:F53) -> 52 | W20: =SUM(G50:G53) -> 0 | X20: =SUM(H50:H53) -> 0 | Y20: =SUM(I50:I53) -> 15 | Z20: =SUM(J50:J53) -> 11 | ... AF20: =SUM(P50:P53) -> 901
B21: 09.45 - 10.00 | C21: 22 | D21: 2 | E21: 4 | F21: 14 | G21: 0 | H21: 0 | I21: 4 | J21: 2 | K21: 1 | L21: 2 | M21: 120 | N21: 0 | O21: =SUM(C21:L21,N21) -> 51 | P21: =SUM(C21:N21) -> 171 | R21: 1800-1900 | S21: =SUM(C54:C57) -> 289 | T21: =SUM(D54:D57) -> 68 | U21: =SUM(E54:E57) -> 25 | V21: =SUM(F54:F57) -> 67 | W21: =SUM(G54:G57) -> 0 | X21: =SUM(H54:H57) -> 2 | Y21: =SUM(I54:I57) -> 23 | Z21: =SUM(J54:J57) -> 5 | ... AF21: =SUM(P54:P57) -> 907
B22: 10.00 - 10.15 | C22: 20 | D22: 7 | E22: 3 | F22: 19 | G22: 0 | H22: 1 | I22: 7 | J22: 5 | K22: 1 | L22: 1 | M22: 121 | N22: 0 | O22: =SUM(C22:L22,N22) -> 64 | P22: =SUM(C22:N22) -> 185 | R22: 1900-2000 | S22: =SUM(C58:C61) -> 0 | T22: =SUM(D58:D61) -> 0 | U22: =SUM(E58:E61) -> 0 | V22: =SUM(F58:F61) -> 0 | W22: =SUM(G58:G61) -> 0 | X22: =SUM(H58:H61) -> 0 | Y22: =SUM(I58:I61) -> 0 | Z22: =SUM(J58:J61) -> 0 | ... AF22: =SUM(P58:P61) -> 0
B23: 10.15 - 10.30 | C23: 12 | D23: 2 | E23: 0 | F23: 5 | G23: 1 | H23: 0 | I23: 1 | J23: 1 | K23: 0 | L23: 0 | M23: 160 | N23: 0 | O23: =SUM(C23:L23,N23) -> 22 | P23: =SUM(C23:N23) -> 182 | R23: 2000-2100 | S23: =SUM(C62:C65) -> 0 | T23: =SUM(D62:D65) -> 0 | U23: =SUM(E62:E65) -> 0 | V23: =SUM(F62:F65) -> 0 | W23: =SUM(G62:G65) -> 0 | X23: =SUM(H62:H65) -> 0 | Y23: =SUM(I62:I65) -> 0 | Z23: =SUM(J62:J65) -> 0 | ... AF23: =SUM(P62:P65) -> 0
B24: 10.30 - 10.45 | C24: 11 | D24: 0 | E24: 0 | F24: 4 | G24: 1 | H24: 0 | I24: 1 | J24: 1 | K24: 0 | L24: 0 | M24: 73 | O24: =SUM(C24:L24,N24) -> 18 | P24: =SUM(C24:N24) -> 91 | R24: 2100-2200 | S24: =SUM(C66:C69) -> 0 | T24: =SUM(D66:D69) -> 0 | U24: =SUM(E66:E69) -> 0 | V24: =SUM(F66:F69) -> 0 | W24: =SUM(G66:G69) -> 0 | X24: =SUM(H66:H69) -> 0 | Y24: =SUM(I66:I69) -> 0 | Z24: =SUM(J66:J69) -> 0 | ... AF24: =SUM(P66:P69) -> 0
B25: 10.45 - 11.00 | C25: 9 | D25: 3 | E25: 3 | F25: 7 | G25: 0 | H25: 0 | I25: 0 | J25: 1 | K25: 0 | L25: 1 | M25: 34 | N25: 0 | O25: =SUM(C25:L25,N25) -> 24 | P25: =SUM(C25:N25) -> 58 | R25: 2200-2300 | S25: =SUM(C70:C73) -> 137 | T25: =SUM(D70:D73) -> 23 | U25: =SUM(E70:E73) -> 12 | V25: =SUM(F70:F73) -> 36 | W25: =SUM(G70:G73) -> 0 | X25: =SUM(H70:H73) -> 0 | Y25: =SUM(I70:I73) -> 6 | Z25: =SUM(J70:J73) -> 1 | ... AF25: =SUM(P70:P73) -> 464
B26: 11.00 - 11.15 | C26: 20 | D26: 2 | E26: 4 | F26: 8 | G26: 0 | H26: 0 | I26: 2 | J26: 1 | K26: 1 | L26: 0 | M26: 45 | N26: 0 | O26: =SUM(C26:L26,N26) -> 38 | P26: =SUM(C26:N26) -> 83 | R26: 2300-0000 | S26: =SUM(C74:C77) -> 161 | T26: =SUM(D74:D77) -> 26 | U26: =SUM(E74:E77) -> 11 | V26: =SUM(F74:F77) -> 27 | W26: =SUM(G74:G77) -> 0 | X26: =SUM(H74:H77) -> 3 | Y26: =SUM(I74:I77) -> 5 | Z26: =SUM(J74:J77) -> 4 | ... AF26: =SUM(P74:P77) -> 598
B27: 11.15 - 11.30 | C27: 21 | D27: 4 | E27: 1 | F27: 15 | G27: 0 | H27: 0 | I27: 3 | J27: 0 | K27: 0 | L27: 0 | M27: 64 | N27: 0 | O27: =SUM(C27:L27,N27) -> 44 | P27: =SUM(C27:N27) -> 108 | R27: 0000-0100 | S27: =SUM(C78:C81) -> 153 | T27: =SUM(D78:D81) -> 12 | U27: =SUM(E78:E81) -> 8 | V27: =SUM(F78:F81) -> 13 | W27: =SUM(G78:G81) -> 0 | X27: =SUM(H78:H81) -> 3 | Y27: =SUM(I78:I81) -> 5 | Z27: =SUM(J78:J81) -> 2 | ... AF27: =SUM(P78:P81) -> 442
B28: 11.30 - 11.45 | C28: 38 | D28: 1 | E28: 2 | F28: 23 | G28: 0 | H28: 0 | I28: 2 | J28: 0 | K28: 0 | L28: 1 | M28: 134 | N28: 0 | O28: =SUM(C28:L28,N28) -> 67 | P28: =SUM(C28:N28) -> 201 | R28: 0100-0200 | S28: =SUM(C82:C85) -> 61 | T28: =SUM(D82:D85) -> 5 | U28: =SUM(E82:E85) -> 4 | V28: =SUM(F82:F85) -> 2 | W28: =SUM(G82:G85) -> 0 | X28: =SUM(H82:H85) -> 0 | Y28: =SUM(I82:I85) -> 5 | Z28: =SUM(J82:J85) -> 1 | ... AF28: =SUM(P82:P85) -> 222
B29: 11.45 - 12.00 | C29: 7 | D29: 9 | E29: 1 | F29: 6 | G29: 0 | H29: 0 | I29: 6 | J29: 4 | K29: 0 | L29: 0 | M29: 145 | N29: 0 | O29: =SUM(C29:L29,N29) -> 33 | P29: =SUM(C29:N29) -> 178 | R29: 0200-0300 | S29: =SUM(C86:C89) -> 45 | T29: =SUM(D86:D89) -> 2 | U29: =SUM(E86:E89) -> 1 | V29: =SUM(F86:F89) -> 0 | W29: =SUM(G86:G89) -> 0 | X29: =SUM(H86:H89) -> 0 | Y29: =SUM(I86:I89) -> 1 | Z29: =SUM(J86:J89) -> 1 | ... AF29: =SUM(P86:P89) -> 113
B30: 12.00 - 12.15 | C30: 27 | D30: 3 | E30: 4 | F30: 9 | G30: 0 | H30: 0 | I30: 9 | J30: 1 | K30: 0 | L30: 1 | M30: 66 | N30: 0 | O30: =SUM(C30:L30,N30) -> 54 | P30: =SUM(C30:N30) -> 120 | R30: 0300-0400 | S30: =SUM(C90:C93) -> 31 | T30: =SUM(D90:D93) -> 1 | U30: =SUM(E90:E93) -> 0 | V30: =SUM(F90:F93) -> 4 | W30: =SUM(G90:G93) -> 0 | X30: =SUM(H90:H93) -> 0 | Y30: =SUM(I90:I93) -> 2 | Z30: =SUM(J90:J93) -> 0 | ... AF30: =SUM(P90:P93) -> 120
B31: 12.15 - 12.30 | C31: 27 | D31: 8 | E31: 2 | F31: 7 | G31: 1 | H31: 0 | I31: 5 | J31: 1 | K31: 2 | L31: 0 | M31: 107 | N31: 0 | O31: =SUM(C31:L31,N31) -> 53 | P31: =SUM(C31:N31) -> 160 | R31: 0400-0500 | S31: =SUM(C94:C97) -> 19 | T31: =SUM(D94:D97) -> 5 | U31: =SUM(E94:E97) -> 2 | V31: =SUM(F94:F97) -> 6 | W31: =SUM(G94:G97) -> 0 | X31: =SUM(H94:H97) -> 0 | Y31: =SUM(I94:I97) -> 1 | Z31: =SUM(J94:J97) -> 0 | ... AF31: =SUM(P94:P97) -> 109
B32: 12.30 - 12.45 | C32: 13 | D32: 3 | E32: 2 | F32: 8 | G32: 0 | H32: 0 | I32: 2 | J32: 0 | K32: 0 | L32: 0 | M32: 100 | N32: 0 | O32: =SUM(C32:L32,N32) -> 28 | P32: =SUM(C32:N32) -> 128 | R32: 0500-0600 | S32: =SUM(C98:C101) -> 33 | T32: =SUM(D98:D101) -> 11 | U32: =SUM(E98:E101) -> 0 | V32: =SUM(F98:F101) -> 34 | W32: =SUM(G98:G101) -> 0 | X32: =SUM(H98:H101) -> 2 | Y32: =SUM(I98:I101) -> 2 | Z32: =SUM(J98:J101) -> 5 | ... AF32: =SUM(P98:P101) -> 176
B33: 12.45 - 13.00 | C33: 15 | D33: 2 | E33: 1 | F33: 3 | G33: 0 | H33: 0 | I33: 3 | J33: 0 | K33: 0 | L33: 0 | M33: 73 | N33: 0 | O33: =SUM(C33:L33,N33) -> 24 | P33: =SUM(C33:N33) -> 97 | R33: 0600-0700 | S33: =SUM(C102:C105) -> 65 | T33: =SUM(D102:D105) -> 3 | U33: =SUM(E102:E105) -> 3 | V33: =SUM(F102:F105) -> 67 | W33: =SUM(G102:G105) -> 8 | X33: =SUM(H102:H105) -> 4 | Y33: =SUM(I102:I105) -> 9 | Z33: =SUM(J102:J105) -> 2 | ... AF33: =SUM(P102:P105) -> 331
B34: 13.00 - 13.15 | C34: 20 | D34: 3 | E34: 6 | F34: 12 | G34: 1 | H34: 0 | I34: 5 | J34: 1 | K34: 0 | L34: 0 | M34: 135 | N34: 0 | O34: =SUM(C34:L34,N34) -> 48 | P34: =SUM(C34:N34) -> 183 | R34: AM Peak Hr | S34: =MAX(S10:S12) -> 127 | T34: =MAX(T10:T12) -> 18 | U34: =MAX(U10:U12) -> 11 | V34: =MAX(V10:V12) -> 89 | W34: =MAX(W10:W12) -> 5 | X34: =MAX(X10:X12) -> 5 | Y34: =MAX(Y10:Y12) -> 14 | Z34: =MAX(Z10:Z12) -> 7 | ... AF34: =MAX(AF10:AF12) -> 873
B35: 13.15 - 13.30 | C35: 21 | D35: 5 | E35: 1 | F35: 10 | G35: 0 | H35: 3 | I35: 4 | J35: 0 | K35: 0 | L35: 0 | M35: 123 | N35: 0 | O35: =SUM(C35:L35,N35) -> 44 | P35: =SUM(C35:N35) -> 167 | R35: IP Peak Hr | S35: =MAX(S13:S18) -> 137 | T35: =MAX(T13:T18) -> 23 | U35: =MAX(U13:U18) -> 20 | V35: =MAX(V13:V18) -> 52 | W35: =MAX(W13:W18) -> 2 | X35: =MAX(X13:X18) -> 3 | Y35: =MAX(Y13:Y18) -> 20 | Z35: =MAX(Z13:Z18) -> 8 | ... AF35: =MAX(AF13:AF18) -> 649
B36: 13.30 - 13.45 | C36: 37 | D36: 9 | E36: 2 | F36: 12 | G36: 0 | H36: 0 | I36: 5 | J36: 3 | K36: 0 | L36: 0 | M36: 70 | N36: 0 | O36: =SUM(C36:L36,N36) -> 68 | P36: =SUM(C36:N36) -> 138 | R36: PM Peak Hr | S36: =MAX(S19:S21) -> 289 | T36: =MAX(T19:T21) -> 68 | U36: =MAX(U19:U21) -> 25 | V36: =MAX(V19:V21) -> 72 | W36: =MAX(W19:W21) -> 1 | X36: =MAX(X19:X21) -> 2 | Y36: =MAX(Y19:Y21) -> 23 | Z36: =MAX(Z19:Z21) -> 11 | ... AF36: =MAX(AF19:AF21) -> 1176
B37: 13.45 - 14.00 | C37: 28 | D37: 3 | E37: 5 | F37: 10 | G37: 0 | H37: 0 | I37: 2 | J37: 0 | K37: 1 | L37: 2 | M37: 110 | N37: 0 | O37: =SUM(C37:L37,N37) -> 51 | P37: =SUM(C37:N37) -> 161 | R37: AM Period | S37: =SUM(S10:S12) -> 321 | T37: =SUM(T10:T12) -> 46 | U37: =SUM(U10:U12) -> 29 | V37: =SUM(V10:V12) -> 240 | W37: =SUM(W10:W12) -> 11 | X37: =SUM(X10:X12) -> 7 | Y37: =SUM(Y10:Y12) -> 26 | Z37: =SUM(Z10:Z12) -> 16 | ... AF37: =SUM(AF10:AF12) -> 2397
B38: 14.00 - 14.15 | C38: 8 | D38: 3 | E38: 4 | F38: 13 | G38: 0 | H38: 0 | I38: 0 | J38: 0 | K38: 0 | L38: 0 | M38: 140 | N38: 0 | O38: =SUM(C38:L38,N38) -> 28 | P38: =SUM(C38:N38) -> 168 | R38: IP Period | S38: =SUM(S13:S18) -> 570 | T38: =SUM(T13:T18) -> 107 | U38: =SUM(U13:U18) -> 73 | V38: =SUM(V13:V18) -> 243 | W38: =SUM(W13:W18) -> 6 | X38: =SUM(X13:X18) -> 6 | Y38: =SUM(Y13:Y18) -> 88 | Z38: =SUM(Z13:Z18) -> 30 | ... AF38: =SUM(AF13:AF18) -> 3462
B39: 14.15 - 14.30 | C39: 31 | D39: 4 | E39: 4 | F39: 8 | G39: 0 | H39: 0 | I39: 3 | J39: 1 | K39: 0 | L39: 0 | M39: 84 | N39: 0 | O39: =SUM(C39:L39,N39) -> 51 | P39: =SUM(C39:N39) -> 135 | R39: PM Period | S39: =SUM(S19:S21) -> 681 | T39: =SUM(T19:T21) -> 161 | U39: =SUM(U19:U21) -> 63 | V39: =SUM(V19:V21) -> 191 | W39: =SUM(W19:W21) -> 1 | X39: =SUM(X19:X21) -> 3 | Y39: =SUM(Y19:Y21) -> 59 | Z39: =SUM(Z19:Z21) -> 25 | ... AF39: =SUM(AF19:AF21) -> 2984
B40: 14.30 - 14.45 | C40: 18 | D40: 10 | E40: 6 | F40: 9 | G40: 1 | H40: 1 | I40: 3 | J40: 2 | K40: 1 | L40: 0 | M40: 122 | N40: 0 | O40: =SUM(C40:L40,N40) -> 51 | P40: =SUM(C40:N40) -> 173 | R40: 12 Hours | S40: =SUM(S10:S21) -> 1572 | T40: =SUM(T10:T21) -> 314 | U40: =SUM(U10:U21) -> 165 | V40: =SUM(V10:V21) -> 674 | W40: =SUM(W10:W21) -> 18 | X40: =SUM(X10:X21) -> 16 | Y40: =SUM(Y10:Y21) -> 173 | Z40: =SUM(Z10:Z21) -> 71 | ... AF40: =SUM(AF10:AF21) -> 8843
B41: 14.45 - 15.00 | C41: 50 | D41: 3 | E41: 2 | F41: 10 | G41: 1 | H41: 1 | I41: 5 | J41: 4 | K41: 1 | L41: 0 | M41: 57 | N41: 0 | O41: =SUM(C41:L41,N41) -> 77 | P41: =SUM(C41:N41) -> 134 | R41: 24 Hrs/ADT | S41: =SUM(S10:S33) -> 2277 | T41: =SUM(T10:T33) -> 402 | U41: =SUM(U10:U33) -> 206 | V41: =SUM(V10:V33) -> 863 | W41: =SUM(W10:W33) -> 26 | X41: =SUM(X10:X33) -> 28 | Y41: =SUM(Y10:Y33) -> 209 | Z41: =SUM(Z10:Z33) -> 87 | ... AF41: =SUM(AF10:AF33) -> 11418
B42: 15.00 - 15.15 | C42: 30 | D42: 3 | E42: 4 | F42: 12 | G42: 0 | H42: 0 | I42: 6 | J42: 3 | K42: 1 | L42: 0 | M42: 108 | N42: 0 | O42: =SUM(C42:L42,N42) -> 59 | P42: =SUM(C42:N42) -> 167 | R42: NEF | S42: =S41/S40 -> 1.4484733 | T42: =T41/T40 -> 1.2802548 | U42: =U41/U40 -> 1.2484848 | V42: =V41/V40 -> 1.2804154 | W42: =W41/W40 -> 1.4444444 | X42: =X41/X40 -> 1.75 | Y42: =Y41/Y40 -> 1.2080925 | Z42: =Z41/Z40 -> 1.2253521 | ... AF42: =AF41/AF40 -> 1.2911908
B43: 15.15 - 15.30 | C43: 35 | D43: 6 | E43: 3 | F43: 8 | G43: 0 | H43: 0 | I43: 1 | J43: 0 | K43: 1 | L43: 0 | M43: 97 | N43: 0 | O43: =SUM(C43:L43,N43) -> 54 | P43: =SUM(C43:N43) -> 151
B44: 15.30 - 15.45 | C44: 29 | D44: 7 | E44: 5 | F44: 11 | G44: 0 | H44: 0 | I44: 10 | J44: 1 | K44: 0 | L44: 0 | M44: 124 | N44: 0 | O44: =SUM(C44:L44,N44) -> 63 | P44: =SUM(C44:N44) -> 187
B45: 15.45 - 16.00 | C45: 43 | D45: 7 | E45: 8 | F45: 14 | G45: 0 | H45: 0 | I45: 3 | J45: 0 | K45: 1 | L45: 0 | M45: 31 | N45: 0 | O45: =SUM(C45:L45,N45) -> 76 | P45: =SUM(C45:N45) -> 107
B46: 16.00 - 16.15 | C46: 41 | D46: 6 | E46: 4 | F46: 14 | G46: 0 | H46: 0 | I46: 6 | J46: 0 | K46: 0 | L46: 0 | M46: 190 | N46: 0 | O46: =SUM(C46:L46,N46) -> 71 | P46: =SUM(C46:N46) -> 261
B47: 16.15 -16.30 | C47: 57 | D47: 7 | E47: 7 | F47: 28 | G47: 0 | H47: 1 | I47: 12 | J47: 4 | K47: 0 | L47: 0 | M47: 251 | N47: 0 | O47: =SUM(C47:L47,N47) -> 116 | P47: =SUM(C47:N47) -> 367
B48: 16.30 -16.45 | C48: 41 | D48: 11 | E48: 4 | F48: 14 | G48: 1 | H48: 0 | I48: 3 | J48: 2 | K48: 0 | L48: 0 | M48: 165 | N48: 0 | O48: =SUM(C48:L48,N48) -> 76 | P48: =SUM(C48:N48) -> 241
B49: 16.45 -17.00 | C49: 37 | D49: 6 | E49: 1 | F49: 16 | G49: 0 | H49: 0 | I49: 0 | J49: 3 | K49: 0 | L49: 0 | M49: 244 | N49: 0 | O49: =SUM(C49:L49,N49) -> 63 | P49: =SUM(C49:N49) -> 307
B50: 17.00 -17.15 | C50: 77 | D50: 24 | E50: 8 | F50: 16 | G50: 0 | H50: 0 | I50: 5 | J50: 4 | K50: 2 | L50: 2 | M50: 168 | N50: 0 | O50: =SUM(C50:L50,N50) -> 138 | P50: =SUM(C50:N50) -> 306
B51: 17.15 -17.30 | C51: 29 | D51: 6 | E51: 2 | F51: 7 | G51: 0 | H51: 0 | I51: 2 | J51: 2 | K51: 0 | L51: 0 | M51: 160 | N51: 0 | O51: =SUM(C51:L51,N51) -> 48 | P51: =SUM(C51:N51) -> 208
B52: 17.30 -17.45 | C52: 61 | D52: 16 | E52: 3 | F52: 17 | G52: 0 | H52: 0 | I52: 7 | J52: 2 | K52: 0 | L52: 0 | M52: 81 | N52: 0 | O52: =SUM(C52:L52,N52) -> 106 | P52: =SUM(C52:N52) -> 187
B53: 17.45 -18.00 | C53: 49 | D53: 17 | E53: 9 | F53: 12 | G53: 0 | H53: 0 | I53: 1 | J53: 3 | K53: 3 | L53: 1 | M53: 105 | N53: 0 | O53: =SUM(C53:L53,N53) -> 95 | P53: =SUM(C53:N53) -> 200
B54: 18.00 - 18.15 | C54: 112 | D54: 23 | E54: 16 | F54: 21 | G54: 0 | H54: 2 | I54: 9 | J54: 3 | K54: 1 | L54: 1 | M54: 72 | N54: 0 | O54: =SUM(C54:L54,N54) -> 188 | P54: =SUM(C54:N54) -> 260
... B105: 06.45 - 07.00 | C105: 23 | D105: 0 | E105: 2 | F105: 23 | G105: 4 | H105: 0 | I105: 6 | J105: 0 | K105: 0 | L105: 0 | M105: 52 | N105: 0 | O105: =SUM(C105:L105,N105) -> 58 | P105: =SUM(C105:N105) -> 110
B106: Totals | C106: =SUM(C10:C105) -> 2277 | D106: =SUM(D10:D105) -> 402 | E106: =SUM(E10:E105) -> 206 | F106: =SUM(F10:F105) -> 863 | G106: =SUM(G10:G105) -> 26 | H106: =SUM(H10:H105) -> 28 | I106: =SUM(I10:I105) -> 209 | J106: =SUM(J10:J105) -> 87 | ... P106: =SUM(P10:P105) -> 11418
B107: %ges + MCs | C107: =C106/$P$106 -> 0.19942197 | D107: =D106/$P$106 -> 0.035207567 | E107: =E106/$P$106 -> 0.018041689 | F107: =F106/$P$106 -> 0.075582414 | G107: =G106/$P$106 -> 0.0022771063 | H107: =H106/$P$106 -> 0.0024522683 | I107: =I106/$P$106 -> 0.018304432 | J107: =J106/$P$106 -> 0.0076195481 | ... N107: =N106/$P$106 -> 0.00035032405
B108: %ges w/o MCs | C108: =C106/$O$106 -> 0.54696133 | D108: =D106/$O$106 -> 0.096564977 | E108: =E106/$O$106 -> 0.049483546 | F108: =F106/$O$106 -> 0.20730243 | G108: =G106/$O$106 -> 0.006245496 | H108: =H106/$O$106 -> 0.0067259188 | I108: =I106/$O$106 -> 0.05020418 | J108: =J106/$O$106 -> 0.020898391 | ... L108: =L106/$O$106 -> 0.0052846505 | N108: =N106/$O$106 -> 0.00096084554

Sheet 26.07 KABUSU-RUBAGA-24h
B1: Consultancy services for Preparation of Expressway Development Master Plan (EDMP) for Uganda
B2: MANUAL CLASSIFIED COUNT (MCC)
B3: ROAD NAME: | C3: ='22.07 RUBAGA-KABUSU'!C3:G3 -> MCC - C1 - STN05 - KABUSU ROAD
C5: Date | D5: ='26.07 RUBAGA-KABUSU-24h'!D5 -> 26.07.19 | F5: Location | G5: ='26.07 RUBAGA-KABUSU-24h'!G5:H5 -> CHAD SUPERMARKET | J5: Surveyor | K5: MBERE IVAN
C6: Dir. From | D6: ='22.07 KABUSU-RUBAGA'!D6:E6 -> KABUSU | F6: Dir. To | G6: ='23.07 KABUSU-RUBAGA'!G6:H6 -> RUBAGA | J6: Supervisor | K6: ='26.07 RUBAGA-KABUSU-24h'!K6:L6 -> DENIS
B8: Time / Veh Type | R8: SUMMARY TRAFFIC VOLUMES
C9: 1. Car | D9: 2. Station Wagon | E9: 3. Pickups | F9: 4. Minibus, matatu | G9: 5. Medium bus | H9: 6. Large Bus | I9: 7. Light Truck | J9: 8. Medium Truck | K9: 9. Heavy truck | L9: 10. Truck Trailer | M9: 11. Motor cycles | N9: 12. Tractors | O9: Total Excl M/Cycles | P9: Total All | R9: Time | S9: 1. Car | T9: 2. Station Wagon | U9: 3. Pickups | V9: 4. Minibus, matatu | W9: 5. Medium bus | X9: 6. Large Bus | Y9: 7. Light Truck | Z9: 8. Medium Truck | AA9: 9. Heavy truck | AB9: 10. Truck Trailer | AC9: 11. Motorcycles | AD9: 12. Tractors, Graders | AE9: Total Excl M/ Cycles | AF9: Total All
B10: 07.00 - 07.15 | C10: 44 | D10: 37 | E10: 9 | F10: 34 | G10: 0 | H10: 0 | I10: 0 | J10: 2 | K10: 1 | L10: 0 | M10: 169 | N10: 0 | O10: =SUM(C10:L10,N10) -> 127 | P10: =SUM(C10:N10) -> 296 | R10: 0700-0800 | S10: =SUM(C10:C13) -> 256 | T10: =SUM(D10:D13) -> 200 | U10: =SUM(E10:E13) -> 24 | V10: =SUM(F10:F13) -> 155 | W10: =SUM(G10:G13) -> 0 | X10: =SUM(H10:H13) -> 3 | Y10: =SUM(I10:I13) -> 7 | Z10: =SUM(J10:J13) -> 6 | ... AF10: =SUM(P10:P13) -> 1687
B11: 07.15 - 07.30 | C11: 70 | D11: 49 | E11: 3 | F11: 37 | G11: 0 | H11: 0 | I11: 3 | J11: 1 | K11: 0 | L11: 1 | M11: 265 | N11: 0 | O11: =SUM(C11:L11,N11) -> 164 | P11: =SUM(C11:N11) -> 429 | R11: 0800-0900 | S11: =SUM(C14:C17) -> 195 | T11: =SUM(D14:D17) -> 173 | U11: =SUM(E14:E17) -> 24 | V11: =SUM(F14:F17) -> 128 | W11: =SUM(G14:G17) -> 2 | X11: =SUM(H14:H17) -> 1 | Y11: =SUM(I14:I17) -> 8 | Z11: =SUM(J14:J17) -> 6 | ... AF11: =SUM(P14:P17) -> 1601
B12: 07.30 - 07.45 | C12: 67 | D12: 57 | E12: 6 | F12: 52 | G12: 0 | H12: 3 | I12: 0 | J12: 3 | K12: 0 | L12: 0 | M12: 280 | N12: 0 | O12: =SUM(C12:L12,N12) -> 188 | P12: =SUM(C12:N12) -> 468 | R12: 0900-1000 | S12: =SUM(C18:C21) -> 132 | T12: =SUM(D18:D21) -> 130 | U12: =SUM(E18:E21) -> 41 | V12: =SUM(F18:F21) -> 116 | W12: =SUM(G18:G21) -> 1 | X12: =SUM(H18:H21) -> 1 | Y12: =SUM(I18:I21) -> 18 | Z12: =SUM(J18:J21) -> 0 | ... AF12: =SUM(P18:P21) -> 1530
B13: 07.45 - 08.00 | C13: 75 | D13: 57 | E13: 6 | F13: 32 | G13: 0 | H13: 0 | I13: 4 | J13: 0 | K13: 0 | L13: 0 | M13: 320 | N13: 0 | O13: =SUM(C13:L13,N13) -> 174 | P13: =SUM(C13:N13) -> 494 | R13: 1000-1100 | S13: =SUM(C22:C25) -> 120 | T13: =SUM(D22:D25) -> 125 | U13: =SUM(E22:E25) -> 30 | V13: =SUM(F22:F25) -> 88 | W13: =SUM(G22:G25) -> 5 | X13: =SUM(H22:H25) -> 1 | Y13: =SUM(I22:I25) -> 13 | Z13: =SUM(J22:J25) -> 13 | ... AF13: =SUM(P22:P25) -> 1355
B14: 08.00 - 08.15 | C14: 33 | D14: 46 | E14: 11 | F14: 29 | G14: 1 | H14: 0 | I14: 6 | J14: 2 | K14: 1 | L14: 0 | M14: 240 | N14: 0 | O14: =SUM(C14:L14,N14) -> 129 | P14: =SUM(C14:N14) -> 369 | R14: 1100-1200 | S14: =SUM(C26:C29) -> 82 | T14: =SUM(D26:D29) -> 100 | U14: =SUM(E26:E29) -> 22 | V14: =SUM(F26:F29) -> 106 | W14: =SUM(G26:G29) -> 2 | X14: =SUM(H26:H29) -> 1 | Y14: =SUM(I26:I29) -> 17 | Z14: =SUM(J26:J29) -> 15 | ... AF14: =SUM(P26:P29) -> 1251
B15: 08.15 - 08.30 | C15: 61 | D15: 46 | E15: 7 | F15: 36 | G15: 0 | H15: 1 | I15: 2 | J15: 2 | K15: 0 | L15: 0 | M15: 260 | N15: 0 | O15: =SUM(C15:L15,N15) -> 155 | P15: =SUM(C15:N15) -> 415 | R15: 1200-1300 | S15: =SUM(C30:C33) -> 105 | T15: =SUM(D30:D33) -> 95 | U15: =SUM(E30:E33) -> 20 | V15: =SUM(F30:F33) -> 79 | W15: =SUM(G30:G33) -> 1 | X15: =SUM(H30:H33) -> 0 | Y15: =SUM(I30:I33) -> 12 | Z15: =SUM(J30:J33) -> 12 | ... AF15: =SUM(P30:P33) -> 1231
B16: 08.30 - 08.45 | C16: 45 | D16: 44 | E16: 5 | F16: 30 | G16: 1 | H16: 0 | I16: 0 | J16: 0 | K16: 0 | L16: 1 | M16: 270 | N16: 0 | O16: =SUM(C16:L16,N16) -> 126 | P16: =SUM(C16:N16) -> 396 | R16: 1300-1400 | S16: =SUM(C34:C37) -> 96 | T16: =SUM(D34:D37) -> 112 | U16: =SUM(E34:E37) -> 16 | V16: =SUM(F34:F37) -> 94 | W16: =SUM(G34:G37) -> 4 | X16: =SUM(H34:H37) -> 1 | Y16: =SUM(I34:I37) -> 18 | Z16: =SUM(J34:J37) -> 8 | ... AF16: =SUM(P34:P37) -> 1007
B17: 08.45 - 9.00 | C17: 56 | D17: 37 | E17: 1 | F17: 33 | G17: 0 | H17: 0 | I17: 0 | J17: 2 | K17: 1 | L17: 1 | M17: 290 | N17: 0 | O17: =SUM(C17:L17,N17) -> 131 | P17: =SUM(C17:N17) -> 421 | R17: 1400-1500 | S17: =SUM(C38:C41) -> 100 | T17: =SUM(D38:D41) -> 68 | U17: =SUM(E38:E41) -> 10 | V17: =SUM(F38:F41) -> 91 | W17: =SUM(G38:G41) -> 1 | X17: =SUM(H38:H41) -> 1 | Y17: =SUM(I38:I41) -> 18 | Z17: =SUM(J38:J41) -> 14 | ... AF17: =SUM(P38:P41) -> 853
B18: 09.00 - 09.15 | C18: 31 | D18: 43 | E18: 7 | F18: 32 | G18: 0 | H18: 0 | I18: 3 | J18: 0 | K18: 0 | L18: 0 | M18: 330 | N18: 0 | O18: =SUM(C18:L18,N18) -> 116 | P18: =SUM(C18:N18) -> 446 | R18: 1500-1600 | S18: =SUM(C42:C45) -> 128 | T18: =SUM(D42:D45) -> 95 | U18: =SUM(E42:E45) -> 20 | V18: =SUM(F42:F45) -> 84 | W18: =SUM(G42:G45) -> 0 | X18: =SUM(H42:H45) -> 0 | Y18: =SUM(I42:I45) -> 17 | Z18: =SUM(J42:J45) -> 13 | ... AF18: =SUM(P42:P45) -> 780
B19: 09.15 - 09.30 | C19: 36 | D19: 42 | E19: 12 | F19: 31 | G19: 0 | H19: 0 | I19: 2 | J19: 0 | K19: 2 | L19: 1 | M19: 280 | N19: 0 | O19: =SUM(C19:L19,N19) -> 126 | P19: =SUM(C19:N19) -> 406 | R19: 1600-1700 | S19: =SUM(C46:C49) -> 104 | T19: =SUM(D46:D49) -> 79 | U19: =SUM(E46:E49) -> 19 | V19: =SUM(F46:F49) -> 113 | W19: =SUM(G46:G49) -> 5 | X19: =SUM(H46:H49) -> 2 | Y19: =SUM(I46:I49) -> 20 | Z19: =SUM(J46:J49) -> 10 | ... AF19: =SUM(P46:P49) -> 1029
B20: 09.30 - 09.45 | C20: 35 | D20: 29 | E20: 12 | F20: 26 | G20: 0 | H20: 0 | I20: 7 | J20: 0 | K20: 0 | L20: 0 | M20: 228 | N20: 0 | O20: =SUM(C20:L20,N20) -> 109 | P20: =SUM(C20:N20) -> 337 | R20: 1700-1800 | S20: =SUM(C50:C53) -> 91 | T20: =SUM(D50:D53) -> 90 | U20: =SUM(E50:E53) -> 17 | V20: =SUM(F50:F53) -> 67 | W20: =SUM(G50:G53) -> 5 | X20: =SUM(H50:H53) -> 2 | Y20: =SUM(I50:I53) -> 24 | Z20: =SUM(J50:J53) -> 10 | ... AF20: =SUM(P50:P53) -> 1112
B21: 09.45 - 10.00 | C21: 30 | D21: 16 | E21: 10 | F21: 27 | G21: 1 | H21: 1 | I21: 6 | J21: 0 | K21: 0 | L21: 0 | M21: 250 | N21: 0 | O21: =SUM(C21:L21,N21) -> 91 | P21: =SUM(C21:N21) -> 341 | R21: 1800-1900 | S21: =SUM(C54:C57) -> 103 | T21: =SUM(D54:D57) -> 88 | U21: =SUM(E54:E57) -> 17 | V21: =SUM(F54:F57) -> 138 | W21: =SUM(G54:G57) -> 5 | X21: =SUM(H54:H57) -> 5 | Y21: =SUM(I54:I57) -> 15 | Z21: =SUM(J54:J57) -> 8 | ... AF21: =SUM(P54:P57) -> 1360
B22: 10.00 - 10.15 | C22: 30 | D22: 24 | E22: 7 | F22: 22 | G22: 0 | H22: 0 | I22: 1 | J22: 3 | K22: 3 | L22: 0 | M22: 235 | N22: 0 | O22: =SUM(C22:L22,N22) -> 90 | P22: =SUM(C22:N22) -> 325 | R22: 1900-2000 | S22: =SUM(C58:C61) -> 4 | T22: =SUM(D58:D61) -> 0 | U22: =SUM(E58:E61) -> 0 | V22: =SUM(F58:F61) -> 0 | W22: =SUM(G58:G61) -> 0 | X22: =SUM(H58:H61) -> 0 | Y22: =SUM(I58:I61) -> 0 | Z22: =SUM(J58:J61) -> 0 | ... AF22: =SUM(P58:P61) -> 15
B23: 10.15 - 10.30 | C23: 31 | D23: 35 | E23: 3 | F23: 24 | G23: 5 | H23: 0 | I23: 4 | J23: 4 | K23: 1 | L23: 1 | M23: 260 | N23: 0 | O23: =SUM(C23:L23,N23) -> 108 | P23: =SUM(C23:N23) -> 368 | R23: 2000-2100 | S23: =SUM(C62:C65) -> 0 | T23: =SUM(D62:D65) -> 0 | U23: =SUM(E62:E65) -> 0 | V23: =SUM(F62:F65) -> 0 | W23: =SUM(G62:G65) -> 0 | X23: =SUM(H62:H65) -> 0 | Y23: =SUM(I62:I65) -> 0 | Z23: =SUM(J62:J65) -> 0 | ... AF23: =SUM(P62:P65) -> 0
B24: 10.30 - 10.45 | C24: 33 | D24: 33 | E24: 16 | F24: 21 | G24: 0 | H24: 1 | I24: 4 | J24: 5 | K24: 2 | L24: 1 | M24: 240 | N24: 0 | O24: =SUM(C24:L24,N24) -> 116 | P24: =SUM(C24:N24) -> 356 | R24: 2100-2200 | S24: =SUM(C66:C69) -> 0 | T24: =SUM(D66:D69) -> 0 | U24: =SUM(E66:E69) -> 0 | V24: =SUM(F66:F69) -> 0 | W24: =SUM(G66:G69) -> 0 | X24: =SUM(H66:H69) -> 0 | Y24: =SUM(I66:I69) -> 0 | Z24: =SUM(J66:J69) -> 0 | ... AF24: =SUM(P66:P69) -> 0
B25: 10.45 - 11.00 | C25: 26 | D25: 33 | E25: 4 | F25: 21 | G25: 0 | H25: 0 | I25: 4 | J25: 1 | K25: 0 | L25: 0 | M25: 217 | N25: 0 | O25: =SUM(C25:L25,N25) -> 89 | P25: =SUM(C25:N25) -> 306 | R25: 2200-2300 | S25: =SUM(C70:C73) -> 116 | T25: =SUM(D70:D73) -> 10 | U25: =SUM(E70:E73) -> 6 | V25: =SUM(F70:F73) -> 47 | W25: =SUM(G70:G73) -> 1 | X25: =SUM(H70:H73) -> 0 | Y25: =SUM(I70:I73) -> 2 | Z25: =SUM(J70:J73) -> 2 | ... AF25: =SUM(P70:P73) -> 632
B26: 11.00 - 11.15 | C26: 35 | D26: 40 | E26: 9 | F26: 38 | G26: 1 | H26: 1 | I26: 5 | J26: 3 | K26: 1 | L26: 0 | M26: 185 | N26: 0 | O26: =SUM(C26:L26,N26) -> 133 | P26: =SUM(C26:N26) -> 318 | R26: 2300-0000 | S26: =SUM(C74:C77) -> 99 | T26: =SUM(D74:D77) -> 10 | U26: =SUM(E74:E77) -> 11 | V26: =SUM(F74:F77) -> 16 | W26: =SUM(G74:G77) -> 0 | X26: =SUM(H74:H77) -> 0 | Y26: =SUM(I74:I77) -> 6 | Z26: =SUM(J74:J77) -> 4 | ... AF26: =SUM(P74:P77) -> 526
B27: 11.15 - 11.30 | C27: 18 | D27: 23 | E27: 4 | F27: 26 | G27: 0 | H27: 0 | I27: 4 | J27: 3 | K27: 1 | L27: 0 | M27: 261 | N27: 0 | O27: =SUM(C27:L27,N27) -> 79 | P27: =SUM(C27:N27) -> 340 | R27: 0000-0100 | S27: =SUM(C78:C81) -> 57 | T27: =SUM(D78:D81) -> 2 | U27: =SUM(E78:E81) -> 6 | V27: =SUM(F78:F81) -> 11 | W27: =SUM(G78:G81) -> 1 | X27: =SUM(H78:H81) -> 1 | Y27: =SUM(I78:I81) -> 3 | Z27: =SUM(J78:J81) -> 2 | ... AF27: =SUM(P78:P81) -> 308
B28: 11.30 - 11.45 | C28: 15 | D28: 20 | E28: 6 | F28: 23 | G28: 1 | H28: 0 | I28: 6 | J28: 5 | K28: 2 | L28: 1 | M28: 233 | N28: 0 | O28: =SUM(C28:L28,N28) -> 79 | P28: =SUM(C28:N28) -> 312 | R28: 0100-0200 | S28: =SUM(C82:C85) -> 40 | T28: =SUM(D82:D85) -> 3 | U28: =SUM(E82:E85) -> 0 | V28: =SUM(F82:F85) -> 7 | W28: =SUM(G82:G85) -> 0 | X28: =SUM(H82:H85) -> 0 | Y28: =SUM(I82:I85) -> 5 | Z28: =SUM(J82:J85) -> 4 | ... AF28: =SUM(P82:P85) -> 189
B29: 11.45 - 12.00 | C29: 14 | D29: 17 | E29: 3 | F29: 19 | G29: 0 | H29: 0 | I29: 2 | J29: 4 | K29: 1 | L29: 1 | M29: 220 | N29: 0 | O29: =SUM(C29:L29,N29) -> 61 | P29: =SUM(C29:N29) -> 281 | R29: 0200-0300 | S29: =SUM(C86:C89) -> 45 | T29: =SUM(D86:D89) -> 3 | U29: =SUM(E86:E89) -> 3 | V29: =SUM(F86:F89) -> 2 | W29: =SUM(G86:G89) -> 0 | X29: =SUM(H86:H89) -> 0 | Y29: =SUM(I86:I89) -> 2 | Z29: =SUM(J86:J89) -> 1 | ... AF29: =SUM(P86:P89) -> 170
B30: 12.00 - 12.15 | C30: 35 | D30: 20 | E30: 8 | F30: 30 | G30: 0 | H30: 0 | I30: 3 | J30: 1 | K30: 0 | L30: 0 | M30: 270 | N30: 0 | O30: =SUM(C30:L30,N30) -> 97 | P30: =SUM(C30:N30) -> 367 | R30: 0300-0400 | S30: =SUM(C90:C93) -> 63 | T30: =SUM(D90:D93) -> 4 | U30: =SUM(E90:E93) -> 3 | V30: =SUM(F90:F93) -> 26 | W30: =SUM(G90:G93) -> 0 | X30: =SUM(H90:H93) -> 1 | Y30: =SUM(I90:I93) -> 5 | Z30: =SUM(J90:J93) -> 4 | ... AF30: =SUM(P90:P93) -> 205
B31: 12.15 - 12.30 | C31: 24 | D31: 26 | E31: 3 | F31: 3 | G31: 0 | H31: 0 | I31: 4 | J31: 3 | K31: 2 | L31: 3 | M31: 144 | N31: 0 | O31: =SUM(C31:L31,N31) -> 68 | P31: =SUM(C31:N31) -> 212 | R31: 0400-0500 | S31: =SUM(C94:C97) -> 25 | T31: =SUM(D94:D97) -> 3 | U31: =SUM(E94:E97) -> 1 | V31: =SUM(F94:F97) -> 19 | W31: =SUM(G94:G97) -> 0 | X31: =SUM(H94:H97) -> 2 | Y31: =SUM(I94:I97) -> 5 | Z31: =SUM(J94:J97) -> 1 | ... AF31: =SUM(P94:P97) -> 185
B32: 12.30 - 12.45 | C32: 28 | D32: 35 | E32: 3 | F32: 25 | G32: 1 | H32: 0 | I32: 4 | J32: 5 | K32: 0 | L32: 0 | M32: 250 | N32: 0 | O32: =SUM(C32:L32,N32) -> 101 | P32: =SUM(C32:N32) -> 351 | R32: 0500-0600 | S32: =SUM(C98:C101) -> 58 | T32: =SUM(D98:D101) -> 2 | U32: =SUM(E98:E101) -> 3 | V32: =SUM(F98:F101) -> 125 | W32: =SUM(G98:G101) -> 3 | X32: =SUM(H98:H101) -> 4 | Y32: =SUM(I98:I101) -> 14 | Z32: =SUM(J98:J101) -> 2 | ... AF32: =SUM(P98:P101) -> 358
B33: 12.45 - 13.00 | C33: 18 | D33: 14 | E33: 6 | F33: 21 | G33: 0 | H33: 0 | I33: 1 | J33: 3 | K33: 2 | L33: 1 | M33: 235 | N33: 0 | O33: =SUM(C33:L33,N33) -> 66 | P33: =SUM(C33:N33) -> 301 | R33: 0600-0700 | S33: =SUM(C102:C105) -> 118 | T33: =SUM(D102:D105) -> 5 | U33: =SUM(E102:E105) -> 4 | V33: =SUM(F102:F105) -> 168 | W33: =SUM(G102:G105) -> 3 | X33: =SUM(H102:H105) -> 0 | Y33: =SUM(I102:I105) -> 15 | Z33: =SUM(J102:J105) -> 2 | ... AF33: =SUM(P102:P105) -> 499
B34: 13.00 - 13.15 | C34: 30 | D34: 21 | E34: 5 | F34: 18 | G34: 2 | H34: 0 | I34: 0 | J34: 6 | K34: 1 | L34: 0 | M34: 195 | N34: 0 | O34: =SUM(C34:L34,N34) -> 83 | P34: =SUM(C34:N34) -> 278 | R34: AM Peak Hr | S34: =MAX(S10:S12) -> 256 | T34: =MAX(T10:T12) -> 200 | U34: =MAX(U10:U12) -> 41 | V34: =MAX(V10:V12) -> 155 | W34: =MAX(W10:W12) -> 2 | X34: =MAX(X10:X12) -> 3 | Y34: =MAX(Y10:Y12) -> 18 | Z34: =MAX(Z10:Z12) -> 6 | ... AF34: =MAX(AF10:AF12) -> 1687
B35: 13.15 - 13.30 | C35: 22 | D35: 21 | E35: 4 | F35: 22 | G35: 0 | H35: 0 | I35: 4 | J35: 0 | K35: 1 | L35: 0 | M35: 146 | N35: 0 | O35: =SUM(C35:L35,N35) -> 74 | P35: =SUM(C35:N35) -> 220 | R35: IP Peak Hr | S35: =MAX(S13:S18) -> 128 | T35: =MAX(T13:T18) -> 125 | U35: =MAX(U13:U18) -> 30 | V35: =MAX(V13:V18) -> 106 | W35: =MAX(W13:W18) -> 5 | X35: =MAX(X13:X18) -> 1 | Y35: =MAX(Y13:Y18) -> 18 | Z35: =MAX(Z13:Z18) -> 15 | ... AF35: =MAX(AF13:AF18) -> 1355
B36: 13.30 - 13.45 | C36: 22 | D36: 29 | E36: 2 | F36: 21 | G36: 0 | H36: 1 | I36: 7 | J36: 1 | K36: 2 | L36: 1 | M36: 190 | N36: 0 | O36: =SUM(C36:L36,N36) -> 86 | P36: =SUM(C36:N36) -> 276 | R36: PM Peak Hr | S36: =MAX(S19:S21) -> 104 | T36: =MAX(T19:T21) -> 90 | U36: =MAX(U19:U21) -> 19 | V36: =MAX(V19:V21) -> 138 | W36: =MAX(W19:W21) -> 5 | X36: =MAX(X19:X21) -> 5 | Y36: =MAX(Y19:Y21) -> 24 | Z36: =MAX(Z19:Z21) -> 10 | ... AF36: =MAX(AF19:AF21) -> 1360
B37: 13.45 - 14.00 | C37: 22 | D37: 41 | E37: 5 | F37: 33 | G37: 2 | H37: 0 | I37: 7 | J37: 1 | K37: 0 | L37: 2 | M37: 120 | N37: 0 | O37: =SUM(C37:L37,N37) -> 113 | P37: =SUM(C37:N37) -> 233 | R37: AM Period | S37: =SUM(S10:S12) -> 583 | T37: =SUM(T10:T12) -> 503 | U37: =SUM(U10:U12) -> 89 | V37: =SUM(V10:V12) -> 399 | W37: =SUM(W10:W12) -> 3 | X37: =SUM(X10:X12) -> 5 | Y37: =SUM(Y10:Y12) -> 33 | Z37: =SUM(Z10:Z12) -> 12 | ... AF37: =SUM(AF10:AF12) -> 4818
B38: 14.00 - 14.15 | C38: 19 | D38: 10 | E38: 0 | F38: 16 | G38: 0 | H38: 0 | I38: 3 | J38: 3 | K38: 2 | L38: 0 | M38: 155 | N38: 0 | O38: =SUM(C38:L38,N38) -> 53 | P38: =SUM(C38:N38) -> 208 | R38: IP Period | S38: =SUM(S13:S18) -> 631 | T38: =SUM(T13:T18) -> 595 | U38: =SUM(U13:U18) -> 118 | V38: =SUM(V13:V18) -> 542 | W38: =SUM(W13:W18) -> 13 | X38: =SUM(X13:X18) -> 4 | Y38: =SUM(Y13:Y18) -> 95 | Z38: =SUM(Z13:Z18) -> 75 | ... AF38: =SUM(AF13:AF18) -> 6477
B39: 14.15 - 14.30 | C39: 19 | D39: 17 | E39: 5 | F39: 16 | G39: 0 | H39: 0 | I39: 6 | J39: 4 | K39: 0 | L39: 1 | M39: 174 | N39: 0 | O39: =SUM(C39:L39,N39) -> 68 | P39: =SUM(C39:N39) -> 242 | R39: PM Period | S39: =SUM(S19:S21) -> 298 | T39: =SUM(T19:T21) -> 257 | U39: =SUM(U19:U21) -> 53 | V39: =SUM(V19:V21) -> 318 | W39: =SUM(W19:W21) -> 15 | X39: =SUM(X19:X21) -> 9 | Y39: =SUM(Y19:Y21) -> 59 | Z39: =SUM(Z19:Z21) -> 28 | ... AF39: =SUM(AF19:AF21) -> 3501
B40: 14.30 - 14.45 | C40: 31 | D40: 20 | E40: 4 | F40: 29 | G40: 0 | H40: 1 | I40: 7 | J40: 5 | K40: 0 | L40: 0 | M40: 118 | N40: 0 | O40: =SUM(C40:L40,N40) -> 97 | P40: =SUM(C40:N40) -> 215 | R40: 12 Hours | S40: =SUM(S10:S21) -> 1512 | T40: =SUM(T10:T21) -> 1355 | U40: =SUM(U10:U21) -> 260 | V40: =SUM(V10:V21) -> 1259 | W40: =SUM(W10:W21) -> 31 | X40: =SUM(X10:X21) -> 18 | Y40: =SUM(Y10:Y21) -> 187 | Z40: =SUM(Z10:Z21) -> 115 | ... AF40: =SUM(AF10:AF21) -> 14796
B41: 14.45 - 15.00 | C41: 31 | D41: 21 | E41: 1 | F41: 30 | G41: 1 | H41: 0 | I41: 2 | J41: 2 | K41: 0 | L41: 0 | M41: 100 | N41: 0 | O41: =SUM(C41:L41,N41) -> 88 | P41: =SUM(C41:N41) -> 188 | R41: 24 Hrs/ADT | S41: =SUM(S10:S33) -> 2137 | T41: =SUM(T10:T33) -> 1397 | U41: =SUM(U10:U33) -> 297 | V41: =SUM(V10:V33) -> 1680 | W41: =SUM(W10:W33) -> 39 | X41: =SUM(X10:X33) -> 26 | Y41: =SUM(Y10:Y33) -> 244 | Z41: =SUM(Z10:Z33) -> 137 | ... AF41: =SUM(AF10:AF33) -> 17883
B42: 15.00 - 15.15 | C42: 24 | D42: 24 | E42: 3 | F42: 9 | G42: 0 | H42: 0 | I42: 4 | J42: 2 | K42: 1 | L42: 0 | M42: 163 | N42: 0 | O42: =SUM(C42:L42,N42) -> 67 | P42: =SUM(C42:N42) -> 230 | R42: NEF | S42: =S41/S40 -> 1.4133598 | T42: =T41/T40 -> 1.0309963 | U42: =U41/U40 -> 1.1423077 | V42: =V41/V40 -> 1.3343924 | W42: =W41/W40 -> 1.2580645 | X42: =X41/X40 -> 1.4444444 | Y42: =Y41/Y40 -> 1.3048128 | Z42: =Z41/Z40 -> 1.1913043 | ... AF42: =AF41/AF40 -> 1.2086375
B43: 15.15 - 15.30 | C43: 40 | D43: 26 | E43: 4 | F43: 20 | G43: 0 | H43: 0 | I43: 2 | J43: 4 | K43: 0 | L43: 0 | M43: 165 | N43: 0 | O43: =SUM(C43:L43,N43) -> 96 | P43: =SUM(C43:N43) -> 261
B44: 15.30 - 15.45 | C44: 35 | D44: 27 | E44: 7 | F44: 24 | G44: 0 | H44: 0 | I44: 3 | J44: 4 | K44: 0 | L44: 1 | M44: 82 | N44: 0 | O44: =SUM(C44:L44,N44) -> 101 | P44: =SUM(C44:N44) -> 183
B45: 15.45 - 16.00 | C45: 29 | D45: 18 | E45: 6 | F45: 31 | G45: 0 | H45: 0 | I45: 8 | J45: 3 | K45: 2 | L45: 2 | M45: 7 | N45: 0 | O45: =SUM(C45:L45,N45) -> 99 | P45: =SUM(C45:N45) -> 106
B46: 16.00 - 16.15 | C46: 16 | D46: 11 | E46: 2 | F46: 11 | G46: 0 | H46: 0 | I46: 4 | J46: 1 | K46: 0 | L46: 0 | M46: 65 | N46: 0 | O46: =SUM(C46:L46,N46) -> 45 | P46: =SUM(C46:N46) -> 110
B47: 16.15 -16.30 | C47: 33 | D47: 32 | E47: 7 | F47: 36 | G47: 5 | H47: 0 | I47: 8 | J47: 1 | K47: 1 | L47: 1 | M47: 210 | N47: 0 | O47: =SUM(C47:L47,N47) -> 124 | P47: =SUM(C47:N47) -> 334
B48: 16.30 -16.45 | C48: 28 | D48: 20 | E48: 4 | F48: 31 | G48: 0 | H48: 1 | I48: 6 | J48: 4 | K48: 0 | L48: 0 | M48: 230 | N48: 0 | O48: =SUM(C48:L48,N48) -> 94 | P48: =SUM(C48:N48) -> 324
B49: 16.45 -17.00 | C49: 27 | D49: 16 | E49: 6 | F49: 35 | G49: 0 | H49: 1 | I49: 2 | J49: 4 | K49: 0 | L49: 0 | M49: 170 | N49: 0 | O49: =SUM(C49:L49,N49) -> 91 | P49: =SUM(C49:N49) -> 261
B50: 17.00 -17.15 | C50: 25 | D50: 23 | E50: 4 | F50: 2 | G50: 0 | H50: 1 | I50: 6 | J50: 6 | K50: 2 | L50: 0 | M50: 215 | N50: 0 | O50: =SUM(C50:L50,N50) -> 69 | P50: =SUM(C50:N50) -> 284
B51: 17.15 -17.30 | C51: 20 | D51: 33 | E51: 2 | F51: 20 | G51: 0 | H51: 0 | I51: 10 | J51: 1 | K51: 0 | L51: 0 | M51: 161 | N51: 0 | O51: =SUM(C51:L51,N51) -> 86 | P51: =SUM(C51:N51) -> 247
B52: 17.30 -17.45 | C52: 23 | D52: 20 | E52: 6 | F52: 28 | G52: 5 | H52: 1 | I52: 4 | J52: 2 | K52: 1 | L52: 1 | M52: 236 | N52: 0 | O52: =SUM(C52:L52,N52) -> 91 | P52: =SUM(C52:N52) -> 327
B53: 17.45 -18.00 | C53: 23 | D53: 14 | E53: 5 | F53: 17 | G53: 0 | H53: 0 | I53: 4 | J53: 1 | K53: 1 | L53: 1 | M53: 188 | N53: 0 | O53: =SUM(C53:L53,N53) -> 66 | P53: =SUM(C53:N53) -> 254
B54: 18.00 - 18.15 | C54: 25 | D54: 26 | E54: 4 | F54: 33 | G54: 1 | H54: 0 | I54: 3 | J54: 2 | K54: 1 | L54: 0 | M54: 235 | N54: 0 | O54: =SUM(C54:L54,N54) -> 95 | P54: =SUM(C54:N54) -> 330
... B105: 06.45 - 07.00 | C105: 21 | D105: 0 | E105: 3 | F105: 45 | G105: 0 | H105: 0 | I105: 2 | J105: 2 | K105: 0 | L105: 0 | M105: 36 | N105: 0 | O105: =SUM(C105:L105,N105) -> 73 | P105: =SUM(C105:N105) -> 109
B106: Totals | C106: =SUM(C10:C105) -> 2137 | D106: =SUM(D10:D105) -> 1397 | E106: =SUM(E10:E105) -> 297 | F106: =SUM(F10:F105) -> 1680 | G106: =SUM(G10:G105) -> 39 | H106: =SUM(H10:H105) -> 26 | I106: =SUM(I10:I105) -> 244 | J106: =SUM(J10:J105) -> 137 | ... P106: =SUM(P10:P105) -> 17883
B107: %ges + MCs | C107: =C106/$P$106 -> 0.11949897 | D107: =D106/$P$106 -> 0.078118884 | E107: =E106/$P$106 -> 0.016607952 | F107: =F106/$P$106 -> 0.093943969 | G107: =G106/$P$106 -> 0.0021808421 | H107: =H106/$P$106 -> 0.0014538948 | I107: =I106/$P$106 -> 0.013644243 | J107: =J106/$P$106 -> 0.007660907 | ... N107: =N106/$P$106 -> 0
B108: %ges w/o MCs | C108: =C106/$O$106 -> 0.35415976 | D108: =D106/$O$106 -> 0.23152138 | E108: =E106/$O$106 -> 0.049221081 | F108: =F106/$O$106 -> 0.27842227 | G108: =G106/$O$106 -> 0.0064633742 | H108: =H106/$O$106 -> 0.0043089161 | I108: =I106/$O$106 -> 0.040437521 | J108: =J106/$O$106 -> 0.022704674 | ... L108: =L106/$O$106 -> 0.0041431886 | N108: =N106/$O$106 -> 0

Sheet 27.07 RUBAGA-KABUSU-24h
B1: Consultancy services for Preparation of Expressway Development Master Plan (EDMP) for Uganda
B2: MANUAL CLASSIFIED COUNT (MCC)
B3: ROAD NAME: | C3: ='22.07 RUBAGA-KABUSU'!C3:G3 -> MCC - C1 - STN05 - KABUSU ROAD
C5: Date | D5: 27.07.19 | F5: Location | G5: ='26.07 KABUSU-RUBAGA-24h'!G5:H5 -> CHAD SUPERMARKET | J5: Surveyor | K5: EMMANUEL EGIMU
C6: Dir. From | D6: ='22.07 RUBAGA-KABUSU'!D6:E6 -> RUBAGA | F6: Dir. To | G6: ='22.07 RUBAGA-KABUSU'!G6:H6 -> KABUSU | J6: Supervisor | K6: ='26.07 KABUSU-RUBAGA-24h'!K6:L6 -> DENIS
B8: Time / Veh Type | R8: SUMMARY TRAFFIC VOLUMES
C9: 1. Car | D9: 2. Station Wagon | E9: 3. Pickups | F9: 4. Minibus, matatu | G9: 5. Medium bus | H9: 6. Large Bus | I9: 7. Light Truck | J9: 8. Medium Truck | K9: 9. Heavy truck | L9: 10. Truck Trailer | M9: 11. Motor cycles | N9: 12. Tractors | O9: Total Excl M/Cycles | P9: Total All | R9: Time | S9: 1. Car | T9: 2. Station Wagon | U9: 3. Pickups | V9: 4. Minibus, matatu | W9: 5. Medium bus | X9: 6. Large Bus | Y9: 7. Light Truck | Z9: 8. Medium Truck | AA9: 9. Heavy truck | AB9: 10. Truck Trailer | AC9: 11. Motorcycles | AD9: 12. Tractors, Graders | AE9: Total Excl M/ Cycles | AF9: Total All
B10: 07.00 - 07.15 | C10: 29 | D10: 3 | E10: 7 | F10: 26 | G10: 3 | H10: 2 | I10: 7 | J10: 0 | K10: 0 | L10: 0 | M10: 60 | N10: 0 | O10: =SUM(C10:L10,N10) -> 77 | P10: =SUM(C10:N10) -> 137 | R10: 0700-0800 | S10: =SUM(C10:C13) -> 96 | T10: =SUM(D10:D13) -> 17 | U10: =SUM(E10:E13) -> 14 | V10: =SUM(F10:F13) -> 100 | W10: =SUM(G10:G13) -> 4 | X10: =SUM(H10:H13) -> 4 | Y10: =SUM(I10:I13) -> 9 | Z10: =SUM(J10:J13) -> 0 | ... AF10: =SUM(P10:P13) -> 672
B11: 07.15 - 07.30 | C11: 34 | D11: 7 | E11: 3 | F11: 25 | G11: 0 | H11: 1 | I11: 0 | J11: 0 | K11: 0 | L11: 0 | M11: 88 | N11: 0 | O11: =SUM(C11:L11,N11) -> 70 | P11: =SUM(C11:N11) -> 158 | R11: 0800-0900 | S11: =SUM(C14:C17) -> 84 | T11: =SUM(D14:D17) -> 16 | U11: =SUM(E14:E17) -> 8 | V11: =SUM(F14:F17) -> 91 | W11: =SUM(G14:G17) -> 0 | X11: =SUM(H14:H17) -> 3 | Y11: =SUM(I14:I17) -> 16 | Z11: =SUM(J14:J17) -> 4 | ... AF11: =SUM(P14:P17) -> 1012
B12: 07.30 - 07.45 | C12: 14 | D12: 3 | E12: 3 | F12: 26 | G12: 1 | H12: 1 | I12: 0 | J12: 0 | K12: 0 | L12: 0 | M12: 129 | N12: 0 | O12: =SUM(C12:L12,N12) -> 48 | P12: =SUM(C12:N12) -> 177 | R12: 0900-1000 | S12: =SUM(C18:C21) -> 94 | T12: =SUM(D18:D21) -> 6 | U12: =SUM(E18:E21) -> 6 | V12: =SUM(F18:F21) -> 75 | W12: =SUM(G18:G21) -> 3 | X12: =SUM(H18:H21) -> 1 | Y12: =SUM(I18:I21) -> 13 | Z12: =SUM(J18:J21) -> 7 | ... AF12: =SUM(P18:P21) -> 913
B13: 07.45 - 08.00 | C13: 19 | D13: 4 | E13: 1 | F13: 23 | G13: 0 | H13: 0 | I13: 2 | J13: 0 | K13: 0 | L13: 0 | M13: 151 | N13: 0 | O13: =SUM(C13:L13,N13) -> 49 | P13: =SUM(C13:N13) -> 200 | R13: 1000-1100 | S13: =SUM(C22:C25) -> 92 | T13: =SUM(D22:D25) -> 12 | U13: =SUM(E22:E25) -> 10 | V13: =SUM(F22:F25) -> 55 | W13: =SUM(G22:G25) -> 0 | X13: =SUM(H22:H25) -> 2 | Y13: =SUM(I22:I25) -> 21 | Z13: =SUM(J22:J25) -> 6 | ... AF13: =SUM(P22:P25) -> 701
B14: 08.00 - 08.15 | C14: 19 | D14: 5 | E14: 1 | F14: 27 | G14: 0 | H14: 1 | I14: 3 | J14: 0 | K14: 1 | L14: 0 | M14: 92 | N14: 0 | O14: =SUM(C14:L14,N14) -> 57 | P14: =SUM(C14:N14) -> 149 | R14: 1100-1200 | S14: =SUM(C26:C29) -> 162 | T14: =SUM(D26:D29) -> 19 | U14: =SUM(E26:E29) -> 17 | V14: =SUM(F26:F29) -> 53 | W14: =SUM(G26:G29) -> 1 | X14: =SUM(H26:H29) -> 2 | Y14: =SUM(I26:I29) -> 11 | Z14: =SUM(J26:J29) -> 6 | ... AF14: =SUM(P26:P29) -> 790
B15: 08.15 - 08.30 | C15: 24 | D15: 4 | E15: 1 | F15: 22 | G15: 0 | H15: 2 | I15: 3 | J15: 1 | K15: 1 | L15: 1 | M15: 201 | N15: 0 | O15: =SUM(C15:L15,N15) -> 59 | P15: =SUM(C15:N15) -> 260 | R15: 1200-1300 | S15: =SUM(C30:C33) -> 157 | T15: =SUM(D30:D33) -> 29 | U15: =SUM(E30:E33) -> 11 | V15: =SUM(F30:F33) -> 44 | W15: =SUM(G30:G33) -> 1 | X15: =SUM(H30:H33) -> 1 | Y15: =SUM(I30:I33) -> 14 | Z15: =SUM(J30:J33) -> 6 | ... AF15: =SUM(P30:P33) -> 581
B16: 08.30 - 08.45 | C16: 17 | D16: 1 | E16: 2 | F16: 23 | G16: 0 | H16: 0 | I16: 5 | J16: 1 | K16: 0 | L16: 0 | M16: 253 | N16: 0 | O16: =SUM(C16:L16,N16) -> 49 | P16: =SUM(C16:N16) -> 302 | R16: 1300-1400 | S16: =SUM(C34:C37) -> 182 | T16: =SUM(D34:D37) -> 27 | U16: =SUM(E34:E37) -> 15 | V16: =SUM(F34:F37) -> 49 | W16: =SUM(G34:G37) -> 1 | X16: =SUM(H34:H37) -> 1 | Y16: =SUM(I34:I37) -> 15 | Z16: =SUM(J34:J37) -> 7 | ... AF16: =SUM(P34:P37) -> 770
B17: 08.45 - 9.00 | C17: 24 | D17: 6 | E17: 4 | F17: 19 | G17: 0 | H17: 0 | I17: 5 | J17: 2 | K17: 0 | L17: 1 | M17: 240 | N17: 0 | O17: =SUM(C17:L17,N17) -> 61 | P17: =SUM(C17:N17) -> 301 | R17: 1400-1500 | S17: =SUM(C38:C41) -> 231 | T17: =SUM(D38:D41) -> 35 | U17: =SUM(E38:E41) -> 10 | V17: =SUM(F38:F41) -> 41 | W17: =SUM(G38:G41) -> 1 | X17: =SUM(H38:H41) -> 1 | Y17: =SUM(I38:I41) -> 23 | Z17: =SUM(J38:J41) -> 13 | ... AF17: =SUM(P38:P41) -> 885
B18: 09.00 - 09.15 | C18: 26 | D18: 1 | E18: 0 | F18: 19 | G18: 3 | H18: 1 | I18: 2 | J18: 1 | K18: 2 | L18: 0 | M18: 259 | N18: 0 | O18: =SUM(C18:L18,N18) -> 55 | P18: =SUM(C18:N18) -> 314 | R18: 1500-1600 | S18: =SUM(C42:C45) -> 200 | T18: =SUM(D42:D45) -> 48 | U18: =SUM(E42:E45) -> 17 | V18: =SUM(F42:F45) -> 44 | W18: =SUM(G42:G45) -> 1 | X18: =SUM(H42:H45) -> 2 | Y18: =SUM(I42:I45) -> 18 | Z18: =SUM(J42:J45) -> 8 | ... AF18: =SUM(P42:P45) -> 706
B19: 09.15 - 09.30 | C19: 24 | D19: 2 | E19: 3 | F19: 24 | G19: 0 | H19: 0 | I19: 5 | J19: 0 | K19: 0 | L19: 0 | M19: 182 | N19: 0 | O19: =SUM(C19:L19,N19) -> 58 | P19: =SUM(C19:N19) -> 240 | R19: 1600-1700 | S19: =SUM(C46:C49) -> 196 | T19: =SUM(D46:D49) -> 25 | U19: =SUM(E46:E49) -> 17 | V19: =SUM(F46:F49) -> 31 | W19: =SUM(G46:G49) -> 2 | X19: =SUM(H46:H49) -> 2 | Y19: =SUM(I46:I49) -> 23 | Z19: =SUM(J46:J49) -> 5 | ... AF19: =SUM(P46:P49) -> 728
B20: 09.30 - 09.45 | C20: 25 | D20: 2 | E20: 1 | F20: 13 | G20: 0 | H20: 0 | I20: 2 | J20: 4 | K20: 0 | L20: 0 | M20: 124 | N20: 0 | O20: =SUM(C20:L20,N20) -> 47 | P20: =SUM(C20:N20) -> 171 | R20: 1700-1800 | S20: =SUM(C50:C53) -> 216 | T20: =SUM(D50:D53) -> 30 | U20: =SUM(E50:E53) -> 19 | V20: =SUM(F50:F53) -> 34 | W20: =SUM(G50:G53) -> 1 | X20: =SUM(H50:H53) -> 0 | Y20: =SUM(I50:I53) -> 19 | Z20: =SUM(J50:J53) -> 5 | ... AF20: =SUM(P50:P53) -> 603
B21: 09.45 - 10.00 | C21: 19 | D21: 1 | E21: 2 | F21: 19 | G21: 0 | H21: 0 | I21: 4 | J21: 2 | K21: 0 | L21: 0 | M21: 141 | N21: 0 | O21: =SUM(C21:L21,N21) -> 47 | P21: =SUM(C21:N21) -> 188 | R21: 1800-1900 | S21: =SUM(C54:C57) -> 136 | T21: =SUM(D54:D57) -> 33 | U21: =SUM(E54:E57) -> 12 | V21: =SUM(F54:F57) -> 19 | W21: =SUM(G54:G57) -> 2 | X21: =SUM(H54:H57) -> 0 | Y21: =SUM(I54:I57) -> 12 | Z21: =SUM(J54:J57) -> 3 | ... AF21: =SUM(P54:P57) -> 452
B22: 10.00 - 10.15 | C22: 17 | D22: 1 | E22: 1 | F22: 16 | G22: 0 | H22: 0 | I22: 5 | J22: 1 | K22: 2 | L22: 0 | M22: 115 | N22: 0 | O22: =SUM(C22:L22,N22) -> 43 | P22: =SUM(C22:N22) -> 158 | R22: 1900-2000 | S22: =SUM(C58:C61) -> 144 | T22: =SUM(D58:D61) -> 36 | U22: =SUM(E58:E61) -> 12 | V22: =SUM(F58:F61) -> 31 | W22: =SUM(G58:G61) -> 3 | X22: =SUM(H58:H61) -> 0 | Y22: =SUM(I58:I61) -> 12 | Z22: =SUM(J58:J61) -> 3 | ... AF22: =SUM(P58:P61) -> 585
B23: 10.15 - 10.30 | C23: 16 | D23: 3 | E23: 2 | F23: 15 | G23: 0 | H23: 0 | I23: 6 | J23: 1 | K23: 0 | L23: 0 | M23: 132 | N23: 0 | O23: =SUM(C23:L23,N23) -> 43 | P23: =SUM(C23:N23) -> 175 | R23: 2000-2100 | S23: =SUM(C62:C65) -> 179 | T23: =SUM(D62:D65) -> 38 | U23: =SUM(E62:E65) -> 5 | V23: =SUM(F62:F65) -> 50 | W23: =SUM(G62:G65) -> 3 | X23: =SUM(H62:H65) -> 0 | Y23: =SUM(I62:I65) -> 9 | Z23: =SUM(J62:J65) -> 6 | ... AF23: =SUM(P62:P65) -> 705
B24: 10.30 - 10.45 | C24: 27 | D24: 5 | E24: 3 | F24: 10 | G24: 0 | H24: 0 | I24: 4 | J24: 0 | K24: 1 | L24: 0 | M24: 103 | N24: 0 | O24: =SUM(C24:L24,N24) -> 50 | P24: =SUM(C24:N24) -> 153 | R24: 2100-2200 | S24: =SUM(C66:C69) -> 88 | T24: =SUM(D66:D69) -> 6 | U24: =SUM(E66:E69) -> 7 | V24: =SUM(F66:F69) -> 17 | W24: =SUM(G66:G69) -> 16 | X24: =SUM(H66:H69) -> 0 | Y24: =SUM(I66:I69) -> 14 | Z24: =SUM(J66:J69) -> 14 | ... AF24: =SUM(P66:P69) -> 430
B25: 10.45 - 11.00 | C25: 32 | D25: 3 | E25: 4 | F25: 14 | G25: 0 | H25: 2 | I25: 6 | J25: 4 | K25: 0 | L25: 0 | M25: 150 | N25: 0 | O25: =SUM(C25:L25,N25) -> 65 | P25: =SUM(C25:N25) -> 215 | R25: 2200-2300 | S25: =SUM(C70:C73) -> 140 | T25: =SUM(D70:D73) -> 31 | U25: =SUM(E70:E73) -> 6 | V25: =SUM(F70:F73) -> 37 | W25: =SUM(G70:G73) -> 0 | X25: =SUM(H70:H73) -> 1 | Y25: =SUM(I70:I73) -> 8 | Z25: =SUM(J70:J73) -> 2 | ... AF25: =SUM(P70:P73) -> 547
B26: 11.00 - 11.15 | C26: 44 | D26: 4 | E26: 6 | F26: 18 | G26: 0 | H26: 0 | I26: 4 | J26: 1 | K26: 1 | L26: 0 | M26: 180 | N26: 0 | O26: =SUM(C26:L26,N26) -> 78 | P26: =SUM(C26:N26) -> 258 | R26: 2300-0000 | S26: =SUM(C74:C77) -> 100 | T26: =SUM(D74:D77) -> 8 | U26: =SUM(E74:E77) -> 11 | V26: =SUM(F74:F77) -> 21 | W26: =SUM(G74:G77) -> 4 | X26: =SUM(H74:H77) -> 5 | Y26: =SUM(I74:I77) -> 4 | Z26: =SUM(J74:J77) -> 1 | ... AF26: =SUM(P74:P77) -> 413
B27: 11.15 - 11.30 | C27: 29 | D27: 4 | E27: 1 | F27: 9 | G27: 1 | H27: 2 | I27: 5 | J27: 0 | K27: 1 | L27: 0 | M27: 130 | N27: 0 | O27: =SUM(C27:L27,N27) -> 52 | P27: =SUM(C27:N27) -> 182 | R27: 0000-0100 | S27: =SUM(C78:C81) -> 89 | T27: =SUM(D78:D81) -> 2 | U27: =SUM(E78:E81) -> 8 | V27: =SUM(F78:F81) -> 14 | W27: =SUM(G78:G81) -> 1 | X27: =SUM(H78:H81) -> 1 | Y27: =SUM(I78:I81) -> 3 | Z27: =SUM(J78:J81) -> 1 | ... AF27: =SUM(P78:P81) -> 297
B28: 11.30 - 11.45 | C28: 46 | D28: 7 | E28: 4 | F28: 14 | G28: 0 | H28: 0 | I28: 1 | J28: 3 | K28: 1 | L28: 2 | M28: 120 | N28: 0 | O28: =SUM(C28:L28,N28) -> 78 | P28: =SUM(C28:N28) -> 198 | R28: 0100-0200 | S28: =SUM(C82:C85) -> 65 | T28: =SUM(D82:D85) -> 1 | U28: =SUM(E82:E85) -> 3 | V28: =SUM(F82:F85) -> 1 | W28: =SUM(G82:G85) -> 0 | X28: =SUM(H82:H85) -> 1 | Y28: =SUM(I82:I85) -> 0 | Z28: =SUM(J82:J85) -> 1 | ... AF28: =SUM(P82:P85) -> 196
B29: 11.45 - 12.00 | C29: 43 | D29: 4 | E29: 6 | F29: 12 | G29: 0 | H29: 0 | I29: 1 | J29: 2 | K29: 0 | L29: 0 | M29: 84 | N29: 0 | O29: =SUM(C29:L29,N29) -> 68 | P29: =SUM(C29:N29) -> 152 | R29: 0200-0300 | S29: =SUM(C86:C89) -> 63 | T29: =SUM(D86:D89) -> 13 | U29: =SUM(E86:E89) -> 3 | V29: =SUM(F86:F89) -> 4 | W29: =SUM(G86:G89) -> 0 | X29: =SUM(H86:H89) -> 1 | Y29: =SUM(I86:I89) -> 3 | Z29: =SUM(J86:J89) -> 4 | ... AF29: =SUM(P86:P89) -> 187
B30: 12.00 - 12.15 | C30: 23 | D30: 6 | E30: 2 | F30: 12 | G30: 0 | H30: 0 | I30: 1 | J30: 1 | K30: 0 | L30: 0 | M30: 51 | N30: 0 | O30: =SUM(C30:L30,N30) -> 45 | P30: =SUM(C30:N30) -> 96 | R30: 0300-0400 | S30: =SUM(C90:C93) -> 155 | T30: =SUM(D90:D93) -> 1 | U30: =SUM(E90:E93) -> 0 | V30: =SUM(F90:F93) -> 2 | W30: =SUM(G90:G93) -> 0 | X30: =SUM(H90:H93) -> 0 | Y30: =SUM(I90:I93) -> 1 | Z30: =SUM(J90:J93) -> 1 | ... AF30: =SUM(P90:P93) -> 251
B31: 12.15 - 12.30 | C31: 61 | D31: 6 | E31: 2 | F31: 13 | G31: 0 | H31: 1 | I31: 3 | J31: 2 | K31: 2 | L31: 0 | M31: 80 | N31: 0 | O31: =SUM(C31:L31,N31) -> 90 | P31: =SUM(C31:N31) -> 170 | R31: 0400-0500 | S31: =SUM(C94:C97) -> 47 | T31: =SUM(D94:D97) -> 0 | U31: =SUM(E94:E97) -> 0 | V31: =SUM(F94:F97) -> 3 | W31: =SUM(G94:G97) -> 0 | X31: =SUM(H94:H97) -> 1 | Y31: =SUM(I94:I97) -> 5 | Z31: =SUM(J94:J97) -> 1 | ... AF31: =SUM(P94:P97) -> 167
B32: 12.30 - 12.45 | C32: 36 | D32: 13 | E32: 6 | F32: 8 | G32: 1 | H32: 0 | I32: 3 | J32: 0 | K32: 1 | L32: 1 | M32: 77 | N32: 0 | O32: =SUM(C32:L32,N32) -> 69 | P32: =SUM(C32:N32) -> 146 | R32: 0500-0600 | S32: =SUM(C98:C101) -> 46 | T32: =SUM(D98:D101) -> 6 | U32: =SUM(E98:E101) -> 5 | V32: =SUM(F98:F101) -> 8 | W32: =SUM(G98:G101) -> 0 | X32: =SUM(H98:H101) -> 0 | Y32: =SUM(I98:I101) -> 1 | Z32: =SUM(J98:J101) -> 2 | ... AF32: =SUM(P98:P101) -> 168
B33: 12.45 - 13.00 | C33: 37 | D33: 4 | E33: 1 | F33: 11 | G33: 0 | H33: 0 | I33: 7 | J33: 3 | K33: 1 | L33: 0 | M33: 105 | N33: 0 | O33: =SUM(C33:L33,N33) -> 64 | P33: =SUM(C33:N33) -> 169 | R33: 0600-0700 | S33: =SUM(C102:C105) -> 27 | T33: =SUM(D102:D105) -> 4 | U33: =SUM(E102:E105) -> 0 | V33: =SUM(F102:F105) -> 43 | W33: =SUM(G102:G105) -> 2 | X33: =SUM(H102:H105) -> 3 | Y33: =SUM(I102:I105) -> 6 | Z33: =SUM(J102:J105) -> 8 | ... AF33: =SUM(P102:P105) -> 222
B34: 13.00 - 13.15 | C34: 47 | D34: 6 | E34: 2 | F34: 10 | G34: 0 | H34: 1 | I34: 4 | J34: 3 | K34: 3 | L34: 1 | M34: 95 | N34: 0 | O34: =SUM(C34:L34,N34) -> 77 | P34: =SUM(C34:N34) -> 172 | R34: AM Peak Hr | S34: =MAX(S10:S12) -> 96 | T34: =MAX(T10:T12) -> 17 | U34: =MAX(U10:U12) -> 14 | V34: =MAX(V10:V12) -> 100 | W34: =MAX(W10:W12) -> 4 | X34: =MAX(X10:X12) -> 4 | Y34: =MAX(Y10:Y12) -> 16 | Z34: =MAX(Z10:Z12) -> 7 | ... AF34: =MAX(AF10:AF12) -> 1012
B35: 13.15 - 13.30 | C35: 44 | D35: 3 | E35: 4 | F35: 14 | G35: 0 | H35: 0 | I35: 5 | J35: 2 | K35: 2 | L35: 1 | M35: 142 | N35: 0 | O35: =SUM(C35:L35,N35) -> 75 | P35: =SUM(C35:N35) -> 217 | R35: IP Peak Hr | S35: =MAX(S13:S18) -> 231 | T35: =MAX(T13:T18) -> 48 | U35: =MAX(U13:U18) -> 17 | V35: =MAX(V13:V18) -> 55 | W35: =MAX(W13:W18) -> 1 | X35: =MAX(X13:X18) -> 2 | Y35: =MAX(Y13:Y18) -> 23 | Z35: =MAX(Z13:Z18) -> 13 | ... AF35: =MAX(AF13:AF18) -> 885
B36: 13.30 - 13.45 | C36: 41 | D36: 8 | E36: 2 | F36: 9 | G36: 1 | H36: 0 | I36: 2 | J36: 0 | K36: 1 | L36: 0 | M36: 128 | N36: 0 | O36: =SUM(C36:L36,N36) -> 64 | P36: =SUM(C36:N36) -> 192 | R36: PM Peak Hr | S36: =MAX(S19:S21) -> 216 | T36: =MAX(T19:T21) -> 33 | U36: =MAX(U19:U21) -> 19 | V36: =MAX(V19:V21) -> 34 | W36: =MAX(W19:W21) -> 2 | X36: =MAX(X19:X21) -> 2 | Y36: =MAX(Y19:Y21) -> 23 | Z36: =MAX(Z19:Z21) -> 5 | ... AF36: =MAX(AF19:AF21) -> 728
B37: 13.45 - 14.00 | C37: 50 | D37: 10 | E37: 7 | F37: 16 | G37: 0 | H37: 0 | I37: 4 | J37: 2 | K37: 1 | L37: 0 | M37: 99 | N37: 0 | O37: =SUM(C37:L37,N37) -> 90 | P37: =SUM(C37:N37) -> 189 | R37: AM Period | S37: =SUM(S10:S12) -> 274 | T37: =SUM(T10:T12) -> 39 | U37: =SUM(U10:U12) -> 28 | V37: =SUM(V10:V12) -> 266 | W37: =SUM(W10:W12) -> 7 | X37: =SUM(X10:X12) -> 8 | Y37: =SUM(Y10:Y12) -> 38 | Z37: =SUM(Z10:Z12) -> 11 | ... AF37: =SUM(AF10:AF12) -> 2597
B38: 14.00 - 14.15 | C38: 61 | D38: 9 | E38: 3 | F38: 11 | G38: 0 | H38: 1 | I38: 4 | J38: 5 | K38: 0 | L38: 0 | M38: 160 | N38: 0 | O38: =SUM(C38:L38,N38) -> 94 | P38: =SUM(C38:N38) -> 254 | R38: IP Period | S38: =SUM(S13:S18) -> 1024 | T38: =SUM(T13:T18) -> 170 | U38: =SUM(U13:U18) -> 80 | V38: =SUM(V13:V18) -> 286 | W38: =SUM(W13:W18) -> 5 | X38: =SUM(X13:X18) -> 9 | Y38: =SUM(Y13:Y18) -> 102 | Z38: =SUM(Z13:Z18) -> 46 | ... AF38: =SUM(AF13:AF18) -> 4433
B39: 14.15 - 14.30 | C39: 63 | D39: 6 | E39: 2 | F39: 9 | G39: 1 | H39: 0 | I39: 8 | J39: 3 | K39: 1 | L39: 0 | M39: 127 | N39: 0 | O39: =SUM(C39:L39,N39) -> 93 | P39: =SUM(C39:N39) -> 220 | R39: PM Period | S39: =SUM(S19:S21) -> 548 | T39: =SUM(T19:T21) -> 88 | U39: =SUM(U19:U21) -> 48 | V39: =SUM(V19:V21) -> 84 | W39: =SUM(W19:W21) -> 5 | X39: =SUM(X19:X21) -> 2 | Y39: =SUM(Y19:Y21) -> 54 | Z39: =SUM(Z19:Z21) -> 13 | ... AF39: =SUM(AF19:AF21) -> 1783
B40: 14.30 - 14.45 | C40: 55 | D40: 7 | E40: 1 | F40: 12 | G40: 0 | H40: 0 | I40: 4 | J40: 2 | K40: 1 | L40: 0 | M40: 135 | N40: 0 | O40: =SUM(C40:L40,N40) -> 82 | P40: =SUM(C40:N40) -> 217 | R40: 12 Hours | S40: =SUM(S10:S21) -> 1846 | T40: =SUM(T10:T21) -> 297 | U40: =SUM(U10:U21) -> 156 | V40: =SUM(V10:V21) -> 636 | W40: =SUM(W10:W21) -> 17 | X40: =SUM(X10:X21) -> 19 | Y40: =SUM(Y10:Y21) -> 194 | Z40: =SUM(Z10:Z21) -> 70 | ... AF40: =SUM(AF10:AF21) -> 8813
B41: 14.45 - 15.00 | C41: 52 | D41: 13 | E41: 4 | F41: 9 | G41: 0 | H41: 0 | I41: 7 | J41: 3 | K41: 1 | L41: 0 | M41: 105 | N41: 0 | O41: =SUM(C41:L41,N41) -> 89 | P41: =SUM(C41:N41) -> 194 | R41: 24 Hrs/ADT | S41: =SUM(S10:S33) -> 2989 | T41: =SUM(T10:T33) -> 443 | U41: =SUM(U10:U33) -> 216 | V41: =SUM(V10:V33) -> 867 | W41: =SUM(W10:W33) -> 46 | X41: =SUM(X10:X33) -> 32 | Y41: =SUM(Y10:Y33) -> 260 | Z41: =SUM(Z10:Z33) -> 114 | ... AF41: =SUM(AF10:AF33) -> 12981
B42: 15.00 - 15.15 | C42: 58 | D42: 20 | E42: 4 | F42: 16 | G42: 1 | H42: 0 | I42: 4 | J42: 1 | K42: 1 | L42: 1 | M42: 82 | N42: 0 | O42: =SUM(C42:L42,N42) -> 106 | P42: =SUM(C42:N42) -> 188 | R42: NEF | S42: =S41/S40 -> 1.6191766 | T42: =T41/T40 -> 1.4915825 | U42: =U41/U40 -> 1.3846154 | V42: =V41/V40 -> 1.3632075 | W42: =W41/W40 -> 2.7058824 | X42: =X41/X40 -> 1.6842105 | Y42: =Y41/Y40 -> 1.3402062 | Z42: =Z41/Z40 -> 1.6285714 | ... AF42: =AF41/AF40 -> 1.4729377
B43: 15.15 - 15.30 | C43: 46 | D43: 9 | E43: 6 | F43: 10 | G43: 0 | H43: 0 | I43: 3 | J43: 0 | K43: 2 | L43: 0 | M43: 66 | N43: 0 | O43: =SUM(C43:L43,N43) -> 76 | P43: =SUM(C43:N43) -> 142
B44: 15.30 - 15.45 | C44: 49 | D44: 7 | E44: 6 | F44: 10 | G44: 0 | H44: 1 | I44: 7 | J44: 1 | K44: 2 | L44: 0 | M44: 88 | N44: 0 | O44: =SUM(C44:L44,N44) -> 83 | P44: =SUM(C44:N44) -> 171
B45: 15.45 - 16.00 | C45: 47 | D45: 12 | E45: 1 | F45: 8 | G45: 0 | H45: 1 | I45: 4 | J45: 6 | K45: 0 | L45: 0 | M45: 126 | N45: 0 | O45: =SUM(C45:L45,N45) -> 79 | P45: =SUM(C45:N45) -> 205
B46: 16.00 - 16.15 | C46: 54 | D46: 3 | E46: 3 | F46: 11 | G46: 0 | H46: 0 | I46: 10 | J46: 1 | K46: 2 | L46: 0 | M46: 83 | N46: 0 | O46: =SUM(C46:L46,N46) -> 84 | P46: =SUM(C46:N46) -> 167
B47: 16.15 -16.30 | C47: 45 | D47: 7 | E47: 8 | F47: 8 | G47: 0 | H47: 0 | I47: 6 | J47: 2 | K47: 0 | L47: 0 | M47: 110 | N47: 0 | O47: =SUM(C47:L47,N47) -> 76 | P47: =SUM(C47:N47) -> 186
B48: 16.30 -16.45 | C48: 50 | D48: 6 | E48: 4 | F48: 7 | G48: 2 | H48: 2 | I48: 4 | J48: 0 | K48: 0 | L48: 0 | M48: 170 | N48: 0 | O48: =SUM(C48:L48,N48) -> 75 | P48: =SUM(C48:N48) -> 245
B49: 16.45 -17.00 | C49: 47 | D49: 9 | E49: 2 | F49: 5 | G49: 0 | H49: 0 | I49: 3 | J49: 2 | K49: 1 | L49: 1 | M49: 60 | N49: 0 | O49: =SUM(C49:L49,N49) -> 70 | P49: =SUM(C49:N49) -> 130
B50: 17.00 -17.15 | C50: 67 | D50: 10 | E50: 2 | F50: 7 | G50: 1 | H50: 0 | I50: 6 | J50: 1 | K50: 0 | L50: 1 | M50: 56 | N50: 0 | O50: =SUM(C50:L50,N50) -> 95 | P50: =SUM(C50:N50) -> 151
B51: 17.15 -17.30 | C51: 60 | D51: 6 | E51: 6 | F51: 5 | G51: 0 | H51: 0 | I51: 7 | J51: 1 | K51: 1 | L51: 0 | M51: 84 | N51: 0 | O51: =SUM(C51:L51,N51) -> 86 | P51: =SUM(C51:N51) -> 170
B52: 17.30 -17.45 | C52: 43 | D52: 10 | E52: 6 | F52: 10 | G52: 0 | H52: 0 | I52: 4 | J52: 0 | K52: 1 | L52: 0 | M52: 77 | N52: 0 | O52: =SUM(C52:L52,N52) -> 74 | P52: =SUM(C52:N52) -> 151
B53: 17.45 -18.00 | C53: 46 | D53: 4 | E53: 5 | F53: 12 | G53: 0 | H53: 0 | I53: 2 | J53: 3 | K53: 0 | L53: 0 | M53: 59 | N53: 0 | O53: =SUM(C53:L53,N53) -> 72 | P53: =SUM(C53:N53) -> 131
B54: 18.00 - 18.15 | C54: 46 | D54: 17 | E54: 7 | F54: 5 | G54: 1 | H54: 0 | I54: 3 | J54: 1 | K54: 1 | L54: 0 | M54: 60 | N54: 0 | O54: =SUM(C54:L54,N54) -> 81 | P54: =SUM(C54:N54) -> 141
... B105: 06.45 - 07.00 | C105: 5 | D105: 3 | E105: 0 | F105: 0 | G105: 2 | H105: 1 | I105: 3 | J105: 2 | K105: 0 | L105: 0 | M105: 25 | N105: 0 | O105: =SUM(C105:L105,N105) -> 16 | P105: =SUM(C105:N105) -> 41
B106: Totals | C106: =SUM(C10:C105) -> 2989 | D106: =SUM(D10:D105) -> 443 | E106: =SUM(E10:E105) -> 216 | F106: =SUM(F10:F105) -> 867 | G106: =SUM(G10:G105) -> 46 | H106: =SUM(H10:H105) -> 32 | I106: =SUM(I10:I105) -> 260 | J106: =SUM(J10:J105) -> 114 | ... P106: =SUM(P10:P105) -> 12981
B107: %ges + MCs | C107: =C106/$P$106 -> 0.23025961 | D107: =D106/$P$106 -> 0.034126801 | E107: =E106/$P$106 -> 0.016639704 | F107: =F106/$P$106 -> 0.066789924 | G107: =G106/$P$106 -> 0.0035436407 | H107: =H106/$P$106 -> 0.0024651414 | I107: =I106/$P$106 -> 0.020029274 | J107: =J106/$P$106 -> 0.0087820661 | ... N107: =N106/$P$106 -> 0.000231107
B108: %ges w/o MCs | C108: =C106/$O$106 -> 0.59246779 | D108: =D106/$O$106 -> 0.087809713 | E108: =E106/$O$106 -> 0.042814668 | F108: =F106/$O$106 -> 0.17185332 | G108: =G106/$O$106 -> 0.0091179386 | H108: =H106/$O$106 -> 0.0063429138 | I108: =I106/$O$106 -> 0.051536174 | J108: =J106/$O$106 -> 0.02259663 | ... L108: =L106/$O$106 -> 0.003567889 | N108: =N106/$O$106 -> 0.00059464817

Sheet 27.07 KABUSU-RUBAGA-24h
B1: Consultancy services for Preparation of Expressway Development Master Plan (EDMP) for Uganda
B2: MANUAL CLASSIFIED COUNT (MCC)
B3: ROAD NAME: | C3: ='22.07 RUBAGA-KABUSU'!C3:G3 -> MCC - C1 - STN05 - KABUSU ROAD
C5: Date | D5: ='27.07 RUBAGA-KABUSU-24h'!D5 -> 27.07.19 | F5: Location | G5: ='27.07 RUBAGA-KABUSU-24h'!G5:H5 -> CHAD SUPERMARKET | J5: Surveyor | K5: MBERE IVAN
C6: Dir. From | D6: ='22.07 KABUSU-RUBAGA'!D6:E6 -> KABUSU | F6: Dir. To | G6: ='22.07 KABUSU-RUBAGA'!G6:H6 -> RUBAGA | J6: Supervisor | K6: ='27.07 RUBAGA-KABUSU-24h'!K6:L6 -> DENIS
B8: Time / Veh Type | R8: SUMMARY TRAFFIC VOLUMES
C9: 1. Car | D9: 2. Station Wagon | E9: 3. Pickups | F9: 4. Minibus, matatu | G9: 5. Medium bus | H9: 6. Large Bus | I9: 7. Light Truck | J9: 8. Medium Truck | K9: 9. Heavy truck | L9: 10. Truck Trailer | M9: 11. Motor cycles | N9: 12. Tractors | O9: Total Excl M/Cycles | P9: Total All | R9: Time | S9: 1. Car | T9: 2. Station Wagon | U9: 3. Pickups | V9: 4. Minibus, matatu | W9: 5. Medium bus | X9: 6. Large Bus | Y9: 7. Light Truck | Z9: 8. Medium Truck | AA9: 9. Heavy truck | AB9: 10. Truck Trailer | AC9: 11. Motorcycles | AD9: 12. Tractors, Graders | AE9: Total Excl M/ Cycles | AF9: Total All
B10: 07.00 - 07.15 | C10: 33 | D10: 41 | E10: 1 | F10: 39 | G10: 0 | H10: 0 | I10: 6 | J10: 0 | K10: 0 | L10: 0 | M10: 193 | N10: 0 | O10: =SUM(C10:L10,N10) -> 120 | P10: =SUM(C10:N10) -> 313 | R10: 0700-0800 | S10: =SUM(C10:C13) -> 154 | T10: =SUM(D10:D13) -> 143 | U10: =SUM(E10:E13) -> 8 | V10: =SUM(F10:F13) -> 184 | W10: =SUM(G10:G13) -> 0 | X10: =SUM(H10:H13) -> 1 | Y10: =SUM(I10:I13) -> 16 | Z10: =SUM(J10:J13) -> 5 | ... AF10: =SUM(P10:P13) -> 1438
B11: 07.15 - 07.30 | C11: 42 | D11: 47 | E11: 0 | F11: 57 | G11: 0 | H11: 0 | I11: 3 | J11: 0 | K11: 1 | L11: 0 | M11: 190 | N11: 0 | O11: =SUM(C11:L11,N11) -> 150 | P11: =SUM(C11:N11) -> 340 | R11: 0800-0900 | S11: =SUM(C14:C17) -> 183 | T11: =SUM(D14:D17) -> 129 | U11: =SUM(E14:E17) -> 31 | V11: =SUM(F14:F17) -> 154 | W11: =SUM(G14:G17) -> 0 | X11: =SUM(H14:H17) -> 1 | Y11: =SUM(I14:I17) -> 15 | Z11: =SUM(J14:J17) -> 3 | ... AF11: =SUM(P14:P17) -> 1566
B12: 07.30 - 07.45 | C12: 35 | D12: 28 | E12: 3 | F12: 40 | G12: 0 | H12: 0 | I12: 3 | J12: 2 | K12: 1 | L12: 0 | M12: 219 | N12: 0 | O12: =SUM(C12:L12,N12) -> 112 | P12: =SUM(C12:N12) -> 331 | R12: 0900-1000 | S12: =SUM(C18:C21) -> 192 | T12: =SUM(D18:D21) -> 140 | U12: =SUM(E18:E21) -> 20 | V12: =SUM(F18:F21) -> 127 | W12: =SUM(G18:G21) -> 1 | X12: =SUM(H18:H21) -> 3 | Y12: =SUM(I18:I21) -> 21 | Z12: =SUM(J18:J21) -> 9 | ... AF12: =SUM(P18:P21) -> 1505
B13: 07.45 - 08.00 | C13: 44 | D13: 27 | E13: 4 | F13: 48 | G13: 0 | H13: 1 | I13: 4 | J13: 3 | K13: 1 | L13: 0 | M13: 322 | N13: 0 | O13: =SUM(C13:L13,N13) -> 132 | P13: =SUM(C13:N13) -> 454 | R13: 1000-1100 | S13: =SUM(C22:C25) -> 144 | T13: =SUM(D22:D25) -> 154 | U13: =SUM(E22:E25) -> 29 | V13: =SUM(F22:F25) -> 119 | W13: =SUM(G22:G25) -> 0 | X13: =SUM(H22:H25) -> 0 | Y13: =SUM(I22:I25) -> 15 | Z13: =SUM(J22:J25) -> 6 | ... AF13: =SUM(P22:P25) -> 1136
B14: 08.00 - 08.15 | C14: 55 | D14: 28 | E14: 4 | F14: 41 | G14: 0 | H14: 0 | I14: 1 | J14: 0 | K14: 1 | L14: 0 | M14: 201 | N14: 0 | O14: =SUM(C14:L14,N14) -> 130 | P14: =SUM(C14:N14) -> 331 | R14: 1100-1200 | S14: =SUM(C26:C29) -> 130 | T14: =SUM(D26:D29) -> 162 | U14: =SUM(E26:E29) -> 20 | V14: =SUM(F26:F29) -> 112 | W14: =SUM(G26:G29) -> 2 | X14: =SUM(H26:H29) -> 1 | Y14: =SUM(I26:I29) -> 24 | Z14: =SUM(J26:J29) -> 12 | ... AF14: =SUM(P26:P29) -> 962
B15: 08.15 - 08.30 | C15: 43 | D15: 33 | E15: 4 | F15: 42 | G15: 0 | H15: 0 | I15: 6 | J15: 0 | K15: 0 | L15: 0 | M15: 255 | N15: 0 | O15: =SUM(C15:L15,N15) -> 128 | P15: =SUM(C15:N15) -> 383 | R15: 1200-1300 | S15: =SUM(C30:C33) -> 102 | T15: =SUM(D30:D33) -> 104 | U15: =SUM(E30:E33) -> 17 | V15: =SUM(F30:F33) -> 88 | W15: =SUM(G30:G33) -> 0 | X15: =SUM(H30:H33) -> 1 | Y15: =SUM(I30:I33) -> 21 | Z15: =SUM(J30:J33) -> 13 | ... AF15: =SUM(P30:P33) -> 940
B16: 08.30 - 08.45 | C16: 38 | D16: 39 | E16: 14 | F16: 40 | G16: 0 | H16: 1 | I16: 3 | J16: 3 | K16: 0 | L16: 1 | M16: 260 | N16: 0 | O16: =SUM(C16:L16,N16) -> 139 | P16: =SUM(C16:N16) -> 399 | R16: 1300-1400 | S16: =SUM(C34:C37) -> 105 | T16: =SUM(D34:D37) -> 92 | U16: =SUM(E34:E37) -> 11 | V16: =SUM(F34:F37) -> 72 | W16: =SUM(G34:G37) -> 0 | X16: =SUM(H34:H37) -> 0 | Y16: =SUM(I34:I37) -> 22 | Z16: =SUM(J34:J37) -> 6 | ... AF16: =SUM(P34:P37) -> 803
B17: 08.45 - 9.00 | C17: 47 | D17: 29 | E17: 9 | F17: 31 | G17: 0 | H17: 0 | I17: 5 | J17: 0 | K17: 1 | L17: 0 | M17: 331 | N17: 0 | O17: =SUM(C17:L17,N17) -> 122 | P17: =SUM(C17:N17) -> 453 | R17: 1400-1500 | S17: =SUM(C38:C41) -> 93 | T17: =SUM(D38:D41) -> 90 | U17: =SUM(E38:E41) -> 21 | V17: =SUM(F38:F41) -> 72 | W17: =SUM(G38:G41) -> 2 | X17: =SUM(H38:H41) -> 1 | Y17: =SUM(I38:I41) -> 12 | Z17: =SUM(J38:J41) -> 11 | ... AF17: =SUM(P38:P41) -> 803
B18: 09.00 - 09.15 | C18: 62 | D18: 40 | E18: 4 | F18: 34 | G18: 0 | H18: 0 | I18: 6 | J18: 2 | K18: 1 | L18: 0 | M18: 310 | N18: 0 | O18: =SUM(C18:L18,N18) -> 149 | P18: =SUM(C18:N18) -> 459 | R18: 1500-1600 | S18: =SUM(C42:C45) -> 97 | T18: =SUM(D42:D45) -> 92 | U18: =SUM(E42:E45) -> 19 | V18: =SUM(F42:F45) -> 73 | W18: =SUM(G42:G45) -> 1 | X18: =SUM(H42:H45) -> 1 | Y18: =SUM(I42:I45) -> 17 | Z18: =SUM(J42:J45) -> 6 | ... AF18: =SUM(P42:P45) -> 829
B19: 09.15 - 09.30 | C19: 37 | D19: 22 | E19: 8 | F19: 29 | G19: 0 | H19: 0 | I19: 6 | J19: 2 | K19: 1 | L19: 2 | M19: 193 | N19: 0 | O19: =SUM(C19:L19,N19) -> 107 | P19: =SUM(C19:N19) -> 300 | R19: 1600-1700 | S19: =SUM(C46:C49) -> 96 | T19: =SUM(D46:D49) -> 94 | U19: =SUM(E46:E49) -> 15 | V19: =SUM(F46:F49) -> 85 | W19: =SUM(G46:G49) -> 1 | X19: =SUM(H46:H49) -> 2 | Y19: =SUM(I46:I49) -> 9 | Z19: =SUM(J46:J49) -> 8 | ... AF19: =SUM(P46:P49) -> 915
B20: 09.30 - 09.45 | C20: 40 | D20: 37 | E20: 6 | F20: 27 | G20: 1 | H20: 2 | I20: 8 | J20: 3 | K20: 2 | L20: 0 | M20: 247 | N20: 0 | O20: =SUM(C20:L20,N20) -> 126 | P20: =SUM(C20:N20) -> 373 | R20: 1700-1800 | S20: =SUM(C50:C53) -> 124 | T20: =SUM(D50:D53) -> 78 | U20: =SUM(E50:E53) -> 20 | V20: =SUM(F50:F53) -> 95 | W20: =SUM(G50:G53) -> 1 | X20: =SUM(H50:H53) -> 4 | Y20: =SUM(I50:I53) -> 14 | Z20: =SUM(J50:J53) -> 5 | ... AF20: =SUM(P50:P53) -> 1020
B21: 09.45 - 10.00 | C21: 53 | D21: 41 | E21: 2 | F21: 37 | G21: 0 | H21: 1 | I21: 1 | J21: 2 | K21: 2 | L21: 0 | M21: 234 | N21: 0 | O21: =SUM(C21:L21,N21) -> 139 | P21: =SUM(C21:N21) -> 373 | R21: 1800-1900 | S21: =SUM(C54:C57) -> 139 | T21: =SUM(D54:D57) -> 75 | U21: =SUM(E54:E57) -> 9 | V21: =SUM(F54:F57) -> 106 | W21: =SUM(G54:G57) -> 2 | X21: =SUM(H54:H57) -> 4 | Y21: =SUM(I54:I57) -> 10 | Z21: =SUM(J54:J57) -> 5 | ... AF21: =SUM(P54:P57) -> 800
B22: 10.00 - 10.15 | C22: 23 | D22: 42 | E22: 6 | F22: 34 | G22: 0 | H22: 0 | I22: 4 | J22: 2 | K22: 0 | L22: 0 | M22: 246 | N22: 0 | O22: =SUM(C22:L22,N22) -> 111 | P22: =SUM(C22:N22) -> 357 | R22: 1900-2000 | S22: =SUM(C58:C61) -> 200 | T22: =SUM(D58:D61) -> 18 | U22: =SUM(E58:E61) -> 11 | V22: =SUM(F58:F61) -> 114 | W22: =SUM(G58:G61) -> 3 | X22: =SUM(H58:H61) -> 3 | Y22: =SUM(I58:I61) -> 2 | Z22: =SUM(J58:J61) -> 4 | ... AF22: =SUM(P58:P61) -> 877
B23: 10.15 - 10.30 | C23: 43 | D23: 36 | E23: 4 | F23: 31 | G23: 0 | H23: 0 | I23: 4 | J23: 1 | K23: 0 | L23: 0 | M23: 88 | N23: 0 | O23: =SUM(C23:L23,N23) -> 119 | P23: =SUM(C23:N23) -> 207 | R23: 2000-2100 | S23: =SUM(C62:C65) -> 198 | T23: =SUM(D62:D65) -> 12 | U23: =SUM(E62:E65) -> 10 | V23: =SUM(F62:F65) -> 114 | W23: =SUM(G62:G65) -> 2 | X23: =SUM(H62:H65) -> 2 | Y23: =SUM(I62:I65) -> 10 | Z23: =SUM(J62:J65) -> 2 | ... AF23: =SUM(P62:P65) -> 846
B24: 10.30 - 10.45 | C24: 37 | D24: 43 | E24: 11 | F24: 24 | G24: 0 | H24: 0 | I24: 4 | J24: 2 | K24: 2 | L24: 0 | M24: 145 | N24: 0 | O24: =SUM(C24:L24,N24) -> 123 | P24: =SUM(C24:N24) -> 268 | R24: 2100-2200 | S24: =SUM(C66:C69) -> 178 | T24: =SUM(D66:D69) -> 11 | U24: =SUM(E66:E69) -> 12 | V24: =SUM(F66:F69) -> 102 | W24: =SUM(G66:G69) -> 1 | X24: =SUM(H66:H69) -> 2 | Y24: =SUM(I66:I69) -> 7 | Z24: =SUM(J66:J69) -> 3 | ... AF24: =SUM(P66:P69) -> 706
B25: 10.45 - 11.00 | C25: 41 | D25: 33 | E25: 8 | F25: 30 | G25: 0 | H25: 0 | I25: 3 | J25: 1 | K25: 0 | L25: 0 | M25: 188 | N25: 0 | O25: =SUM(C25:L25,N25) -> 116 | P25: =SUM(C25:N25) -> 304 | R25: 2200-2300 | S25: =SUM(C70:C73) -> 137 | T25: =SUM(D70:D73) -> 7 | U25: =SUM(E70:E73) -> 7 | V25: =SUM(F70:F73) -> 28 | W25: =SUM(G70:G73) -> 2 | X25: =SUM(H70:H73) -> 0 | Y25: =SUM(I70:I73) -> 2 | Z25: =SUM(J70:J73) -> 1 | ... AF25: =SUM(P70:P73) -> 519
B26: 11.00 - 11.15 | C26: 38 | D26: 34 | E26: 7 | F26: 27 | G26: 2 | H26: 1 | I26: 7 | J26: 1 | K26: 0 | L26: 0 | M26: 161 | N26: 0 | O26: =SUM(C26:L26,N26) -> 117 | P26: =SUM(C26:N26) -> 278 | R26: 2300-0000 | S26: =SUM(C74:C77) -> 96 | T26: =SUM(D74:D77) -> 9 | U26: =SUM(E74:E77) -> 5 | V26: =SUM(F74:F77) -> 17 | W26: =SUM(G74:G77) -> 0 | X26: =SUM(H74:H77) -> 1 | Y26: =SUM(I74:I77) -> 7 | Z26: =SUM(J74:J77) -> 2 | ... AF26: =SUM(P74:P77) -> 409
B27: 11.15 - 11.30 | C27: 26 | D27: 30 | E27: 4 | F27: 31 | G27: 0 | H27: 0 | I27: 8 | J27: 4 | K27: 1 | L27: 0 | M27: 86 | N27: 0 | O27: =SUM(C27:L27,N27) -> 104 | P27: =SUM(C27:N27) -> 190 | R27: 0000-0100 | S27: =SUM(C78:C81) -> 79 | T27: =SUM(D78:D81) -> 3 | U27: =SUM(E78:E81) -> 6 | V27: =SUM(F78:F81) -> 7 | W27: =SUM(G78:G81) -> 3 | X27: =SUM(H78:H81) -> 3 | Y27: =SUM(I78:I81) -> 3 | Z27: =SUM(J78:J81) -> 1 | ... AF27: =SUM(P78:P81) -> 287
B28: 11.30 - 11.45 | C28: 26 | D28: 51 | E28: 7 | F28: 28 | G28: 0 | H28: 0 | I28: 5 | J28: 5 | K28: 1 | L28: 1 | M28: 136 | N28: 0 | O28: =SUM(C28:L28,N28) -> 124 | P28: =SUM(C28:N28) -> 260 | R28: 0100-0200 | S28: =SUM(C82:C85) -> 59 | T28: =SUM(D82:D85) -> 7 | U28: =SUM(E82:E85) -> 2 | V28: =SUM(F82:F85) -> 2 | W28: =SUM(G82:G85) -> 0 | X28: =SUM(H82:H85) -> 1 | Y28: =SUM(I82:I85) -> 3 | Z28: =SUM(J82:J85) -> 3 | ... AF28: =SUM(P82:P85) -> 229
B29: 11.45 - 12.00 | C29: 40 | D29: 47 | E29: 2 | F29: 26 | G29: 0 | H29: 0 | I29: 4 | J29: 2 | K29: 0 | L29: 1 | M29: 112 | N29: 0 | O29: =SUM(C29:L29,N29) -> 122 | P29: =SUM(C29:N29) -> 234 | R29: 0200-0300 | S29: =SUM(C86:C89) -> 33 | T29: =SUM(D86:D89) -> 1 | U29: =SUM(E86:E89) -> 1 | V29: =SUM(F86:F89) -> 2 | W29: =SUM(G86:G89) -> 1 | X29: =SUM(H86:H89) -> 2 | Y29: =SUM(I86:I89) -> 1 | Z29: =SUM(J86:J89) -> 0 | ... AF29: =SUM(P86:P89) -> 170
B30: 12.00 - 12.15 | C30: 21 | D30: 21 | E30: 3 | F30: 24 | G30: 0 | H30: 1 | I30: 3 | J30: 2 | K30: 0 | L30: 0 | M30: 105 | N30: 0 | O30: =SUM(C30:L30,N30) -> 75 | P30: =SUM(C30:N30) -> 180 | R30: 0300-0400 | S30: =SUM(C90:C93) -> 48 | T30: =SUM(D90:D93) -> 2 | U30: =SUM(E90:E93) -> 1 | V30: =SUM(F90:F93) -> 4 | W30: =SUM(G90:G93) -> 1 | X30: =SUM(H90:H93) -> 2 | Y30: =SUM(I90:I93) -> 2 | Z30: =SUM(J90:J93) -> 4 | ... AF30: =SUM(P90:P93) -> 155
B31: 12.15 - 12.30 | C31: 31 | D31: 25 | E31: 3 | F31: 16 | G31: 0 | H31: 0 | I31: 7 | J31: 6 | K31: 1 | L31: 0 | M31: 190 | N31: 0 | O31: =SUM(C31:L31,N31) -> 89 | P31: =SUM(C31:N31) -> 279 | R31: 0400-0500 | S31: =SUM(C94:C97) -> 39 | T31: =SUM(D94:D97) -> 2 | U31: =SUM(E94:E97) -> 2 | V31: =SUM(F94:F97) -> 3 | W31: =SUM(G94:G97) -> 1 | X31: =SUM(H94:H97) -> 6 | Y31: =SUM(I94:I97) -> 7 | Z31: =SUM(J94:J97) -> 7 | ... AF31: =SUM(P94:P97) -> 184
B32: 12.30 - 12.45 | C32: 15 | D32: 28 | E32: 7 | F32: 28 | G32: 0 | H32: 0 | I32: 7 | J32: 2 | K32: 2 | L32: 0 | M32: 156 | N32: 0 | O32: =SUM(C32:L32,N32) -> 89 | P32: =SUM(C32:N32) -> 245 | R32: 0500-0600 | S32: =SUM(C98:C101) -> 34 | T32: =SUM(D98:D101) -> 4 | U32: =SUM(E98:E101) -> 5 | V32: =SUM(F98:F101) -> 22 | W32: =SUM(G98:G101) -> 2 | X32: =SUM(H98:H101) -> 4 | Y32: =SUM(I98:I101) -> 7 | Z32: =SUM(J98:J101) -> 3 | ... AF32: =SUM(P98:P101) -> 203
B33: 12.45 - 13.00 | C33: 35 | D33: 30 | E33: 4 | F33: 20 | G33: 0 | H33: 0 | I33: 4 | J33: 3 | K33: 0 | L33: 1 | M33: 139 | N33: 0 | O33: =SUM(C33:L33,N33) -> 97 | P33: =SUM(C33:N33) -> 236 | R33: 0600-0700 | S33: =SUM(C102:C105) -> 73 | T33: =SUM(D102:D105) -> 2 | U33: =SUM(E102:E105) -> 6 | V33: =SUM(F102:F105) -> 53 | W33: =SUM(G102:G105) -> 4 | X33: =SUM(H102:H105) -> 2 | Y33: =SUM(I102:I105) -> 5 | Z33: =SUM(J102:J105) -> 9 | ... AF33: =SUM(P102:P105) -> 313
B34: 13.00 - 13.15 | C34: 33 | D34: 22 | E34: 2 | F34: 21 | G34: 0 | H34: 0 | I34: 9 | J34: 2 | K34: 0 | L34: 1 | M34: 126 | N34: 0 | O34: =SUM(C34:L34,N34) -> 90 | P34: =SUM(C34:N34) -> 216 | R34: AM Peak Hr | S34: =MAX(S10:S12) -> 192 | T34: =MAX(T10:T12) -> 143 | U34: =MAX(U10:U12) -> 31 | V34: =MAX(V10:V12) -> 184 | W34: =MAX(W10:W12) -> 1 | X34: =MAX(X10:X12) -> 3 | Y34: =MAX(Y10:Y12) -> 21 | Z34: =MAX(Z10:Z12) -> 9 | ... AF34: =MAX(AF10:AF12) -> 1566
B35: 13.15 - 13.30 | C35: 32 | D35: 27 | E35: 6 | F35: 14 | G35: 0 | H35: 0 | I35: 2 | J35: 0 | K35: 1 | L35: 1 | M35: 141 | N35: 0 | O35: =SUM(C35:L35,N35) -> 83 | P35: =SUM(C35:N35) -> 224 | R35: IP Peak Hr | S35: =MAX(S13:S18) -> 144 | T35: =MAX(T13:T18) -> 162 | U35: =MAX(U13:U18) -> 29 | V35: =MAX(V13:V18) -> 119 | W35: =MAX(W13:W18) -> 2 | X35: =MAX(X13:X18) -> 1 | Y35: =MAX(Y13:Y18) -> 24 | Z35: =MAX(Z13:Z18) -> 13 | ... AF35: =MAX(AF13:AF18) -> 1136
B36: 13.30 - 13.45 | C36: 25 | D36: 24 | E36: 2 | F36: 19 | G36: 0 | H36: 0 | I36: 7 | J36: 2 | K36: 0 | L36: 0 | M36: 134 | N36: 0 | O36: =SUM(C36:L36,N36) -> 79 | P36: =SUM(C36:N36) -> 213 | R36: PM Peak Hr | S36: =MAX(S19:S21) -> 139 | T36: =MAX(T19:T21) -> 94 | U36: =MAX(U19:U21) -> 20 | V36: =MAX(V19:V21) -> 106 | W36: =MAX(W19:W21) -> 2 | X36: =MAX(X19:X21) -> 4 | Y36: =MAX(Y19:Y21) -> 14 | Z36: =MAX(Z19:Z21) -> 8 | ... AF36: =MAX(AF19:AF21) -> 1020
B37: 13.45 - 14.00 | C37: 15 | D37: 19 | E37: 1 | F37: 18 | G37: 0 | H37: 0 | I37: 4 | J37: 2 | K37: 1 | L37: 0 | M37: 90 | N37: 0 | O37: =SUM(C37:L37,N37) -> 60 | P37: =SUM(C37:N37) -> 150 | R37: AM Period | S37: =SUM(S10:S12) -> 529 | T37: =SUM(T10:T12) -> 412 | U37: =SUM(U10:U12) -> 59 | V37: =SUM(V10:V12) -> 465 | W37: =SUM(W10:W12) -> 1 | X37: =SUM(X10:X12) -> 5 | Y37: =SUM(Y10:Y12) -> 52 | Z37: =SUM(Z10:Z12) -> 17 | ... AF37: =SUM(AF10:AF12) -> 4509
B38: 14.00 - 14.15 | C38: 19 | D38: 26 | E38: 7 | F38: 16 | G38: 0 | H38: 0 | I38: 3 | J38: 2 | K38: 0 | L38: 0 | M38: 83 | N38: 0 | O38: =SUM(C38:L38,N38) -> 73 | P38: =SUM(C38:N38) -> 156 | R38: IP Period | S38: =SUM(S13:S18) -> 671 | T38: =SUM(T13:T18) -> 694 | U38: =SUM(U13:U18) -> 117 | V38: =SUM(V13:V18) -> 536 | W38: =SUM(W13:W18) -> 5 | X38: =SUM(X13:X18) -> 4 | Y38: =SUM(Y13:Y18) -> 111 | Z38: =SUM(Z13:Z18) -> 54 | ... AF38: =SUM(AF13:AF18) -> 5473
B39: 14.15 - 14.30 | C39: 28 | D39: 18 | E39: 6 | F39: 22 | G39: 1 | H39: 0 | I39: 3 | J39: 1 | K39: 2 | L39: 0 | M39: 122 | N39: 0 | O39: =SUM(C39:L39,N39) -> 81 | P39: =SUM(C39:N39) -> 203 | R39: PM Period | S39: =SUM(S19:S21) -> 359 | T39: =SUM(T19:T21) -> 247 | U39: =SUM(U19:U21) -> 44 | V39: =SUM(V19:V21) -> 286 | W39: =SUM(W19:W21) -> 4 | X39: =SUM(X19:X21) -> 10 | Y39: =SUM(Y19:Y21) -> 33 | Z39: =SUM(Z19:Z21) -> 18 | ... AF39: =SUM(AF19:AF21) -> 2735
B40: 14.30 - 14.45 | C40: 24 | D40: 28 | E40: 4 | F40: 10 | G40: 1 | H40: 1 | I40: 3 | J40: 5 | K40: 1 | L40: 1 | M40: 140 | N40: 0 | O40: =SUM(C40:L40,N40) -> 78 | P40: =SUM(C40:N40) -> 218 | R40: 12 Hours | S40: =SUM(S10:S21) -> 1559 | T40: =SUM(T10:T21) -> 1353 | U40: =SUM(U10:U21) -> 220 | V40: =SUM(V10:V21) -> 1287 | W40: =SUM(W10:W21) -> 10 | X40: =SUM(X10:X21) -> 19 | Y40: =SUM(Y10:Y21) -> 196 | Z40: =SUM(Z10:Z21) -> 89 | ... AF40: =SUM(AF10:AF21) -> 12717
B41: 14.45 - 15.00 | C41: 22 | D41: 18 | E41: 4 | F41: 24 | G41: 0 | H41: 0 | I41: 3 | J41: 3 | K41: 1 | L41: 1 | M41: 150 | N41: 0 | O41: =SUM(C41:L41,N41) -> 76 | P41: =SUM(C41:N41) -> 226 | R41: 24 Hrs/ADT | S41: =SUM(S10:S33) -> 2733 | T41: =SUM(T10:T33) -> 1431 | U41: =SUM(U10:U33) -> 288 | V41: =SUM(V10:V33) -> 1755 | W41: =SUM(W10:W33) -> 30 | X41: =SUM(X10:X33) -> 47 | Y41: =SUM(Y10:Y33) -> 252 | Z41: =SUM(Z10:Z33) -> 128 | ... AF41: =SUM(AF10:AF33) -> 17615
B42: 15.00 - 15.15 | C42: 26 | D42: 19 | E42: 2 | F42: 20 | G42: 0 | H42: 0 | I42: 4 | J42: 1 | K42: 1 | L42: 0 | M42: 104 | N42: 0 | O42: =SUM(C42:L42,N42) -> 73 | P42: =SUM(C42:N42) -> 177 | R42: NEF | S42: =S41/S40 -> 1.7530468 | T42: =T41/T40 -> 1.0576497 | U42: =U41/U40 -> 1.3090909 | V42: =V41/V40 -> 1.3636364 | W42: =W41/W40 -> 3 | X42: =X41/X40 -> 2.4736842 | Y42: =Y41/Y40 -> 1.2857143 | Z42: =Z41/Z40 -> 1.4382022 | ... AF42: =AF41/AF40 -> 1.3851537
B43: 15.15 - 15.30 | C43: 24 | D43: 19 | E43: 1 | F43: 18 | G43: 0 | H43: 0 | I43: 4 | J43: 4 | K43: 0 | L43: 0 | M43: 117 | N43: 0 | O43: =SUM(C43:L43,N43) -> 70 | P43: =SUM(C43:N43) -> 187
B44: 15.30 - 15.45 | C44: 23 | D44: 29 | E44: 10 | F44: 16 | G44: 0 | H44: 0 | I44: 4 | J44: 0 | K44: 0 | L44: 0 | M44: 151 | N44: 0 | O44: =SUM(C44:L44,N44) -> 82 | P44: =SUM(C44:N44) -> 233
B45: 15.45 - 16.00 | C45: 24 | D45: 25 | E45: 6 | F45: 19 | G45: 1 | H45: 1 | I45: 5 | J45: 1 | K45: 1 | L45: 0 | M45: 149 | N45: 0 | O45: =SUM(C45:L45,N45) -> 83 | P45: =SUM(C45:N45) -> 232
B46: 16.00 - 16.15 | C46: 30 | D46: 20 | E46: 5 | F46: 22 | G46: 0 | H46: 0 | I46: 2 | J46: 2 | K46: 0 | L46: 2 | M46: 170 | N46: 0 | O46: =SUM(C46:L46,N46) -> 83 | P46: =SUM(C46:N46) -> 253
B47: 16.15 -16.30 | C47: 14 | D47: 24 | E47: 4 | F47: 23 | G47: 1 | H47: 1 | I47: 2 | J47: 1 | K47: 1 | L47: 1 | M47: 132 | N47: 0 | O47: =SUM(C47:L47,N47) -> 72 | P47: =SUM(C47:N47) -> 204
B48: 16.30 -16.45 | C48: 21 | D48: 20 | E48: 2 | F48: 12 | G48: 0 | H48: 1 | I48: 4 | J48: 1 | K48: 1 | L48: 0 | M48: 142 | N48: 0 | O48: =SUM(C48:L48,N48) -> 62 | P48: =SUM(C48:N48) -> 204
B49: 16.45 -17.00 | C49: 31 | D49: 30 | E49: 4 | F49: 28 | G49: 0 | H49: 0 | I49: 1 | J49: 4 | K49: 0 | L49: 2 | M49: 154 | N49: 0 | O49: =SUM(C49:L49,N49) -> 100 | P49: =SUM(C49:N49) -> 254
B50: 17.00 -17.15 | C50: 33 | D50: 15 | E50: 4 | F50: 23 | G50: 0 | H50: 2 | I50: 3 | J50: 1 | K50: 1 | L50: 0 | M50: 171 | N50: 0 | O50: =SUM(C50:L50,N50) -> 82 | P50: =SUM(C50:N50) -> 253
B51: 17.15 -17.30 | C51: 30 | D51: 25 | E51: 5 | F51: 27 | G51: 0 | H51: 0 | I51: 5 | J51: 2 | K51: 0 | L51: 0 | M51: 230 | N51: 0 | O51: =SUM(C51:L51,N51) -> 94 | P51: =SUM(C51:N51) -> 324
B52: 17.30 -17.45 | C52: 17 | D52: 16 | E52: 6 | F52: 24 | G52: 1 | H52: 2 | I52: 3 | J52: 1 | K52: 1 | L52: 0 | M52: 125 | N52: 0 | O52: =SUM(C52:L52,N52) -> 71 | P52: =SUM(C52:N52) -> 196
B53: 17.45 -18.00 | C53: 44 | D53: 22 | E53: 5 | F53: 21 | G53: 0 | H53: 0 | I53: 3 | J53: 1 | K53: 1 | L53: 0 | M53: 150 | N53: 0 | O53: =SUM(C53:L53,N53) -> 97 | P53: =SUM(C53:N53) -> 247
B54: 18.00 - 18.15 | C54: 41 | D54: 9 | E54: 3 | F54: 12 | G54: 0 | H54: 1 | I54: 2 | J54: 1 | K54: 0 | L54: 0 | M54: 175 | N54: 0 | O54: =SUM(C54:L54,N54) -> 69 | P54: =SUM(C54:N54) -> 244
... B105: 06.45 - 07.00 | C105: 23 | D105: 0 | E105: 3 | F105: 20 | G105: 0 | H105: 0 | I105: 0 | J105: 4 | K105: 1 | L105: 0 | M105: 60 | N105: 0 | O105: =SUM(C105:L105,N105) -> 51 | P105: =SUM(C105:N105) -> 111
B106: Totals | C106: =SUM(C10:C105) -> 2733 | D106: =SUM(D10:D105) -> 1431 | E106: =SUM(E10:E105) -> 288 | F106: =SUM(F10:F105) -> 1755 | G106: =SUM(G10:G105) -> 30 | H106: =SUM(H10:H105) -> 47 | I106: =SUM(I10:I105) -> 252 | J106: =SUM(J10:J105) -> 128 | ... P106: =SUM(P10:P105) -> 17615
B107: %ges + MCs | C107: =C106/$P$106 -> 0.15515186 | D107: =D106/$P$106 -> 0.081237582 | E107: =E106/$P$106 -> 0.016349702 | F107: =F106/$P$106 -> 0.099630996 | G107: =G106/$P$106 -> 0.001703094 | H107: =H106/$P$106 -> 0.0026681805 | I107: =I106/$P$106 -> 0.014305989 | J107: =J106/$P$106 -> 0.0072665342 | ... N107: =N106/$P$106 -> 0
B108: %ges w/o MCs | C108: =C106/$O$106 -> 0.40651495 | D108: =D106/$O$106 -> 0.21285141 | E108: =E106/$O$106 -> 0.042838019 | F108: =F106/$O$106 -> 0.26104418 | G108: =G106/$O$106 -> 0.0044622936 | H108: =H106/$O$106 -> 0.0069909267 | I108: =I106/$O$106 -> 0.037483266 | J108: =J106/$O$106 -> 0.019039119 | ... L108: =L106/$O$106 -> 0.0026773762 | N108: =N106/$O$106 -> 0

Sheet 28.07 RUBAGA-KABUSU
B1: Consultancy services for Preparation of Expressway Development Master Plan (EDMP) for Uganda
B2: MANUAL CLASSIFIED COUNT (MCC)
B3: ROAD NAME: | C3: ='22.07 RUBAGA-KABUSU'!C3:G3 -> MCC - C1 - STN05 - KABUSU ROAD
C5: Date | D5: 28.07.19 | F5: Location | G5: ='27.07 KABUSU-RUBAGA-24h'!G5:H5 -> CHAD SUPERMARKET | J5: Surveyor | K5: EMMANUEL EGIMU
C6: Dir. From | D6: ='22.07 RUBAGA-KABUSU'!D6:E6 -> RUBAGA | F6: Dir. To | G6: ='22.07 RUBAGA-KABUSU'!G6:H6 -> KABUSU | J6: Supervisor | K6: ='27.07 KABUSU-RUBAGA-24h'!K6:L6 -> DENIS
B8: Time / Veh Type | R8: SUMMARY TRAFFIC VOLUMES
C9: 1. Car | D9: 2. Station Wagon | E9: 3. Pickups | F9: 4. Minibus, matatu | G9: 5. Medium bus | H9: 6. Large Bus | I9: 7. Light Truck | J9: 8. Medium Truck | K9: 9. Heavy truck | L9: 10. Truck Trailer | M9: 11. Motor cycles | N9: 12. Tractors | O9: Total Excl M/Cycles | P9: Total All | R9: Time | S9: 1. Car | T9: 2. Station Wagon | U9: 3. Pickups | V9: 4. Minibus, matatu | W9: 5. Medium bus | X9: 6. Large Bus | Y9: 7. Light Truck | Z9: 8. Medium Truck | AA9: 9. Heavy truck | AB9: 10. Truck Trailer | AC9: 11. Motorcycles | AD9: 12. Tractors, Graders | AE9: Total Excl M/ Cycles | AF9: Total All
B10: 07.00 - 07.15 | C10: 23 | D10: 0 | E10: 0 | F10: 7 | G10: 0 | H10: 0 | I10: 0 | J10: 0 | K10: 0 | L10: 0 | M10: 23 | N10: 0 | O10: =SUM(C10:L10,N10) -> 30 | P10: =SUM(C10:N10) -> 53 | R10: 0700-0800 | S10: =SUM(C10:C13) -> 59 | T10: =SUM(D10:D13) -> 4 | U10: =SUM(E10:E13) -> 3 | V10: =SUM(F10:F13) -> 52 | W10: =SUM(G10:G13) -> 1 | X10: =SUM(H10:H13) -> 1 | Y10: =SUM(I10:I13) -> 5 | Z10: =SUM(J10:J13) -> 1 | ... AF10: =SUM(P10:P13) -> 353
B11: 07.15 - 07.30 | C11: 14 | D11: 2 | E11: 0 | F11: 5 | G11: 0 | H11: 1 | I11: 1 | J11: 0 | K11: 0 | L11: 0 | M11: 45 | N11: 0 | O11: =SUM(C11:L11,N11) -> 23 | P11: =SUM(C11:N11) -> 68 | R11: 0800-0900 | S11: =SUM(C14:C17) -> 52 | T11: =SUM(D14:D17) -> 12 | U11: =SUM(E14:E17) -> 6 | V11: =SUM(F14:F17) -> 70 | W11: =SUM(G14:G17) -> 0 | X11: =SUM(H14:H17) -> 10 | Y11: =SUM(I14:I17) -> 10 | Z11: =SUM(J14:J17) -> 0 | ... AF11: =SUM(P14:P17) -> 491
B12: 07.30 - 07.45 | C12: 7 | D12: 0 | E12: 1 | F12: 20 | G12: 0 | H12: 0 | I12: 1 | J12: 0 | K12: 0 | L12: 1 | M12: 74 | N12: 0 | O12: =SUM(C12:L12,N12) -> 30 | P12: =SUM(C12:N12) -> 104 | R12: 0900-1000 | S12: =SUM(C18:C21) -> 86 | T12: =SUM(D18:D21) -> 10 | U12: =SUM(E18:E21) -> 11 | V12: =SUM(F18:F21) -> 83 | W12: =SUM(G18:G21) -> 3 | X12: =SUM(H18:H21) -> 0 | Y12: =SUM(I18:I21) -> 4 | Z12: =SUM(J18:J21) -> 9 | ... AF12: =SUM(P18:P21) -> 668
B13: 07.45 - 08.00 | C13: 15 | D13: 2 | E13: 2 | F13: 20 | G13: 1 | H13: 0 | I13: 3 | J13: 1 | K13: 1 | L13: 0 | M13: 83 | N13: 0 | O13: =SUM(C13:L13,N13) -> 45 | P13: =SUM(C13:N13) -> 128 | R13: 1000-1100 | S13: =SUM(C22:C25) -> 60 | T13: =SUM(D22:D25) -> 9 | U13: =SUM(E22:E25) -> 9 | V13: =SUM(F22:F25) -> 77 | W13: =SUM(G22:G25) -> 1 | X13: =SUM(H22:H25) -> 3 | Y13: =SUM(I22:I25) -> 10 | Z13: =SUM(J22:J25) -> 7 | ... AF13: =SUM(P22:P25) -> 574
B14: 08.00 - 08.15 | C14: 7 | D14: 1 | E14: 0 | F14: 22 | G14: 0 | H14: 2 | I14: 3 | J14: 0 | K14: 0 | L14: 0 | M14: 83 | N14: 0 | O14: =SUM(C14:L14,N14) -> 35 | P14: =SUM(C14:N14) -> 118 | R14: 1100-1200 | S14: =SUM(C26:C29) -> 132 | T14: =SUM(D26:D29) -> 20 | U14: =SUM(E26:E29) -> 20 | V14: =SUM(F26:F29) -> 67 | W14: =SUM(G26:G29) -> 1 | X14: =SUM(H26:H29) -> 1 | Y14: =SUM(I26:I29) -> 2 | Z14: =SUM(J26:J29) -> 7 | ... AF14: =SUM(P26:P29) -> 639
B15: 08.15 - 08.30 | C15: 13 | D15: 4 | E15: 3 | F15: 16 | G15: 0 | H15: 1 | I15: 1 | J15: 0 | K15: 0 | L15: 1 | M15: 62 | N15: 0 | O15: =SUM(C15:L15,N15) -> 39 | P15: =SUM(C15:N15) -> 101 | R15: 1200-1300 | S15: =SUM(C30:C33) -> 119 | T15: =SUM(D30:D33) -> 26 | U15: =SUM(E30:E33) -> 16 | V15: =SUM(F30:F33) -> 51 | W15: =SUM(G30:G33) -> 0 | X15: =SUM(H30:H33) -> 0 | Y15: =SUM(I30:I33) -> 11 | Z15: =SUM(J30:J33) -> 1 | ... AF15: =SUM(P30:P33) -> 634
B16: 08.30 - 08.45 | C16: 20 | D16: 2 | E16: 2 | F16: 20 | G16: 0 | H16: 5 | I16: 2 | J16: 0 | K16: 2 | L16: 0 | M16: 113 | N16: 0 | O16: =SUM(C16:L16,N16) -> 53 | P16: =SUM(C16:N16) -> 166 | R16: 1300-1400 | S16: =SUM(C34:C37) -> 140 | T16: =SUM(D34:D37) -> 28 | U16: =SUM(E34:E37) -> 13 | V16: =SUM(F34:F37) -> 46 | W16: =SUM(G34:G37) -> 1 | X16: =SUM(H34:H37) -> 3 | Y16: =SUM(I34:I37) -> 3 | Z16: =SUM(J34:J37) -> 5 | ... AF16: =SUM(P34:P37) -> 528
B17: 08.45 - 9.00 | C17: 12 | D17: 5 | E17: 1 | F17: 12 | G17: 0 | H17: 2 | I17: 4 | J17: 0 | K17: 0 | L17: 0 | M17: 70 | N17: 0 | O17: =SUM(C17:L17,N17) -> 36 | P17: =SUM(C17:N17) -> 106 | R17: 1400-1500 | S17: =SUM(C38:C41) -> 155 | T17: =SUM(D38:D41) -> 31 | U17: =SUM(E38:E41) -> 17 | V17: =SUM(F38:F41) -> 47 | W17: =SUM(G38:G41) -> 5 | X17: =SUM(H38:H41) -> 0 | Y17: =SUM(I38:I41) -> 5 | Z17: =SUM(J38:J41) -> 3 | ... AF17: =SUM(P38:P41) -> 693
B18: 09.00 - 09.15 | C18: 28 | D18: 4 | E18: 5 | F18: 21 | G18: 2 | H18: 0 | I18: 1 | J18: 2 | K18: 0 | L18: 0 | M18: 120 | N18: 0 | O18: =SUM(C18:L18,N18) -> 63 | P18: =SUM(C18:N18) -> 183 | R18: 1500-1600 | S18: =SUM(C42:C45) -> 174 | T18: =SUM(D42:D45) -> 22 | U18: =SUM(E42:E45) -> 13 | V18: =SUM(F42:F45) -> 52 | W18: =SUM(G42:G45) -> 0 | X18: =SUM(H42:H45) -> 1 | Y18: =SUM(I42:I45) -> 6 | Z18: =SUM(J42:J45) -> 3 | ... AF18: =SUM(P42:P45) -> 545
B19: 09.15 - 09.30 | C19: 14 | D19: 3 | E19: 1 | F19: 21 | G19: 0 | H19: 0 | I19: 1 | J19: 4 | K19: 0 | L19: 0 | M19: 94 | N19: 0 | O19: =SUM(C19:L19,N19) -> 44 | P19: =SUM(C19:N19) -> 138 | R19: 1600-1700 | S19: =SUM(C46:C49) -> 182 | T19: =SUM(D46:D49) -> 22 | U19: =SUM(E46:E49) -> 18 | V19: =SUM(F46:F49) -> 55 | W19: =SUM(G46:G49) -> 0 | X19: =SUM(H46:H49) -> 3 | Y19: =SUM(I46:I49) -> 4 | Z19: =SUM(J46:J49) -> 6 | ... AF19: =SUM(P46:P49) -> 521
B20: 09.30 - 09.45 | C20: 17 | D20: 1 | E20: 0 | F20: 22 | G20: 1 | H20: 0 | I20: 0 | J20: 1 | K20: 0 | L20: 0 | M20: 134 | N20: 0 | O20: =SUM(C20:L20,N20) -> 42 | P20: =SUM(C20:N20) -> 176 | R20: 1700-1800 | S20: =SUM(C50:C53) -> 133 | T20: =SUM(D50:D53) -> 31 | U20: =SUM(E50:E53) -> 17 | V20: =SUM(F50:F53) -> 37 | W20: =SUM(G50:G53) -> 1 | X20: =SUM(H50:H53) -> 0 | Y20: =SUM(I50:I53) -> 8 | Z20: =SUM(J50:J53) -> 2 | ... AF20: =SUM(P50:P53) -> 589
B21: 09.45 - 10.00 | C21: 27 | D21: 2 | E21: 5 | F21: 19 | G21: 0 | H21: 0 | I21: 2 | J21: 2 | K21: 0 | L21: 0 | M21: 114 | N21: 0 | O21: =SUM(C21:L21,N21) -> 57 | P21: =SUM(C21:N21) -> 171 | R21: 1800-1900 | S21: =SUM(C54:C57) -> 262 | T21: =SUM(D54:D57) -> 32 | U21: =SUM(E54:E57) -> 11 | V21: =SUM(F54:F57) -> 37 | W21: =SUM(G54:G57) -> 3 | X21: =SUM(H54:H57) -> 1 | Y21: =SUM(I54:I57) -> 10 | Z21: =SUM(J54:J57) -> 3 | ... AF21: =SUM(P54:P57) -> 637
B22: 10.00 - 10.15 | C22: 9 | D22: 2 | E22: 2 | F22: 21 | G22: 0 | H22: 1 | I22: 3 | J22: 4 | K22: 0 | L22: 0 | M22: 99 | N22: 0 | O22: =SUM(C22:L22,N22) -> 42 | P22: =SUM(C22:N22) -> 141 | R22: AM Peak Hr | S22: =MAX(S10:S12) -> 86 | T22: =MAX(T10:T12) -> 12 | U22: =MAX(U10:U12) -> 11 | V22: =MAX(V10:V12) -> 83 | W22: =MAX(W10:W12) -> 3 | X22: =MAX(X10:X12) -> 10 | Y22: =MAX(Y10:Y12) -> 10 | Z22: =MAX(Z10:Z12) -> 9 | ... AF22: =MAX(AF10:AF12) -> 668
B23: 10.15 - 10.30 | C23: 11 | D23: 1 | E23: 1 | F23: 15 | G23: 0 | H23: 1 | I23: 1 | J23: 1 | K23: 0 | L23: 0 | M23: 105 | N23: 0 | O23: =SUM(C23:L23,N23) -> 31 | P23: =SUM(C23:N23) -> 136 | R23: IP Peak Hr | S23: =MAX(S13:S18) -> 174 | T23: =MAX(T13:T18) -> 31 | U23: =MAX(U13:U18) -> 20 | V23: =MAX(V13:V18) -> 77 | W23: =MAX(W13:W18) -> 5 | X23: =MAX(X13:X18) -> 3 | Y23: =MAX(Y13:Y18) -> 11 | Z23: =MAX(Z13:Z18) -> 7 | ... AF23: =MAX(AF13:AF18) -> 693
B24: 10.30 - 10.45 | C24: 17 | D24: 3 | E24: 4 | F24: 21 | G24: 0 | H24: 0 | I24: 2 | J24: 0 | K24: 1 | L24: 0 | M24: 90 | N24: 0 | O24: =SUM(C24:L24,N24) -> 48 | P24: =SUM(C24:N24) -> 138 | R24: PM Peak Hr | S24: =MAX(S19:S21) -> 262 | T24: =MAX(T19:T21) -> 32 | U24: =MAX(U19:U21) -> 18 | V24: =MAX(V19:V21) -> 55 | W24: =MAX(W19:W21) -> 3 | X24: =MAX(X19:X21) -> 3 | Y24: =MAX(Y19:Y21) -> 10 | Z24: =MAX(Z19:Z21) -> 6 | ... AF24: =MAX(AF19:AF21) -> 637
B25: 10.45 - 11.00 | C25: 23 | D25: 3 | E25: 2 | F25: 20 | G25: 1 | H25: 1 | I25: 4 | J25: 2 | K25: 0 | L25: 0 | M25: 103 | N25: 0 | O25: =SUM(C25:L25,N25) -> 56 | P25: =SUM(C25:N25) -> 159 | R25: AM Period | S25: =SUM(S10:S12) -> 197 | T25: =SUM(T10:T12) -> 26 | U25: =SUM(U10:U12) -> 20 | V25: =SUM(V10:V12) -> 205 | W25: =SUM(W10:W12) -> 4 | X25: =SUM(X10:X12) -> 11 | Y25: =SUM(Y10:Y12) -> 19 | Z25: =SUM(Z10:Z12) -> 10 | ... AF25: =SUM(AF10:AF12) -> 1512
B26: 11.00 - 11.15 | C26: 23 | D26: 4 | E26: 7 | F26: 17 | G26: 0 | H26: 1 | I26: 0 | J26: 1 | K26: 1 | L26: 0 | M26: 123 | N26: 0 | O26: =SUM(C26:L26,N26) -> 54 | P26: =SUM(C26:N26) -> 177 | R26: IP Period | S26: =SUM(S13:S18) -> 780 | T26: =SUM(T13:T18) -> 136 | U26: =SUM(U13:U18) -> 88 | V26: =SUM(V13:V18) -> 340 | W26: =SUM(W13:W18) -> 8 | X26: =SUM(X13:X18) -> 8 | Y26: =SUM(Y13:Y18) -> 37 | Z26: =SUM(Z13:Z18) -> 26 | ... AF26: =SUM(AF13:AF18) -> 3613
B27: 11.15 - 11.30 | C27: 32 | D27: 6 | E27: 1 | F27: 20 | G27: 0 | H27: 0 | I27: 0 | J27: 2 | K27: 0 | L27: 0 | M27: 100 | N27: 0 | O27: =SUM(C27:L27,N27) -> 61 | P27: =SUM(C27:N27) -> 161 | R27: PM Period | S27: =SUM(S19:S21) -> 577 | T27: =SUM(T19:T21) -> 85 | U27: =SUM(U19:U21) -> 46 | V27: =SUM(V19:V21) -> 129 | W27: =SUM(W19:W21) -> 4 | X27: =SUM(X19:X21) -> 4 | Y27: =SUM(Y19:Y21) -> 22 | Z27: =SUM(Z19:Z21) -> 11 | ... AF27: =SUM(AF19:AF21) -> 1747
B28: 11.30 - 11.45 | C28: 33 | D28: 5 | E28: 8 | F28: 14 | G28: 0 | H28: 0 | I28: 2 | J28: 3 | K28: 0 | L28: 0 | M28: 88 | N28: 0 | O28: =SUM(C28:L28,N28) -> 65 | P28: =SUM(C28:N28) -> 153 | R28: 12 Hours | S28: =SUM(S10:S21) -> 1554 | T28: =SUM(T10:T21) -> 247 | U28: =SUM(U10:U21) -> 154 | V28: =SUM(V10:V21) -> 674 | W28: =SUM(W10:W21) -> 16 | X28: =SUM(X10:X21) -> 23 | Y28: =SUM(Y10:Y21) -> 78 | Z28: =SUM(Z10:Z21) -> 47 | ... AF28: =SUM(AF10:AF21) -> 6872
B29: 11.45 - 12.00 | C29: 44 | D29: 5 | E29: 4 | F29: 16 | G29: 1 | H29: 0 | I29: 0 | J29: 1 | K29: 2 | L29: 0 | M29: 75 | N29: 0 | O29: =SUM(C29:L29,N29) -> 73 | P29: =SUM(C29:N29) -> 148
B30: 12.00 - 12.15 | C30: 39 | D30: 14 | E30: 7 | F30: 16 | G30: 0 | H30: 0 | I30: 2 | J30: 1 | K30: 0 | L30: 0 | M30: 79 | N30: 0 | O30: =SUM(C30:L30,N30) -> 79 | P30: =SUM(C30:N30) -> 158
B31: 12.15 - 12.30 | C31: 18 | D31: 4 | E31: 2 | F31: 12 | G31: 0 | H31: 0 | I31: 5 | J31: 0 | K31: 0 | L31: 0 | M31: 160 | N31: 0 | O31: =SUM(C31:L31,N31) -> 41 | P31: =SUM(C31:N31) -> 201
B32: 12.30 - 12.45 | C32: 30 | D32: 7 | E32: 5 | F32: 12 | G32: 0 | H32: 0 | I32: 3 | J32: 0 | K32: 0 | L32: 0 | M32: 70 | N32: 0 | O32: =SUM(C32:L32,N32) -> 57 | P32: =SUM(C32:N32) -> 127
B33: 12.45 - 13.00 | C33: 32 | D33: 1 | E33: 2 | F33: 11 | G33: 0 | H33: 0 | I33: 1 | J33: 0 | K33: 2 | L33: 0 | M33: 99 | N33: 0 | O33: =SUM(C33:L33,N33) -> 49 | P33: =SUM(C33:N33) -> 148
B34: 13.00 - 13.15 | C34: 42 | D34: 7 | E34: 2 | F34: 15 | G34: 0 | H34: 0 | I34: 1 | J34: 3 | K34: 0 | L34: 0 | M34: 48 | N34: 0 | O34: =SUM(C34:L34,N34) -> 70 | P34: =SUM(C34:N34) -> 118
B35: 13.15 - 13.30 | C35: 21 | D35: 7 | E35: 1 | F35: 10 | G35: 0 | H35: 1 | I35: 0 | J35: 0 | K35: 1 | L35: 0 | M35: 119 | N35: 0 | O35: =SUM(C35:L35,N35) -> 41 | P35: =SUM(C35:N35) -> 160
B36: 13.30 - 13.45 | C36: 27 | D36: 8 | E36: 6 | F36: 13 | G36: 1 | H36: 0 | I36: 1 | J36: 0 | K36: 0 | L36: 0 | M36: 81 | N36: 0 | O36: =SUM(C36:L36,N36) -> 56 | P36: =SUM(C36:N36) -> 137
B37: 13.45 - 14.00 | C37: 50 | D37: 6 | E37: 4 | F37: 8 | G37: 0 | H37: 2 | I37: 1 | J37: 2 | K37: 1 | L37: 0 | M37: 39 | N37: 0 | O37: =SUM(C37:L37,N37) -> 74 | P37: =SUM(C37:N37) -> 113
B38: 14.00 - 14.15 | C38: 36 | D38: 6 | E38: 4 | F38: 19 | G38: 0 | H38: 0 | I38: 1 | J38: 1 | K38: 1 | L38: 0 | M38: 94 | N38: 0 | O38: =SUM(C38:L38,N38) -> 68 | P38: =SUM(C38:N38) -> 162
B39: 14.15 - 14.30 | C39: 48 | D39: 12 | E39: 2 | F39: 7 | G39: 3 | H39: 0 | I39: 2 | J39: 1 | K39: 2 | L39: 0 | M39: 103 | N39: 0 | O39: =SUM(C39:L39,N39) -> 77 | P39: =SUM(C39:N39) -> 180
