Workbook

Sheet 17.10 jinja-kampala
B1: Consultancy services for Preparation of Expressway Development Master Plan (EDMP) for Uganda
B2: MANUAL CLASSIFIED COUNT (MCC)
B3: ROAD NAME: | C3: MCC - C 4- STN19 -Kampala-Jinja highway
C5: Date | D5: 17.10.19 | F5: Location | G5: Nakibbizi | J5: Surveyor | K5: Micheal
C6: Dir. From | D6: Jinja | F6: Dir. To | G6: Kampala | J6: Supervisor | K6: Emma
B8: Time / Veh Type | R8: SUMMARY TRAFFIC VOLUMES
C9: 1. Car | D9: 2. Station Wagon | E9: 3. Pickups | F9: 4. Minibus, matatu | G9: 5. Medium bus | H9: 6. Large Bus | I9: 7. Light Truck | J9: 8. Medium Truck | K9: 9. Heavy truck | L9: 10. Truck Trailer | M9: 11. Motor cycles | N9: 12. Tractors | O9: Total Excl M/Cycles | P9: Total All | R9: Time | S9: 1. Car | T9: 2. Station Wagon | U9: 3. Pickups | V9: 4. Minibus, matatu | W9: 5. Medium bus | X9: 6. Large Bus | Y9: 7. Light Truck | Z9: 8. Medium Truck | AA9: 9. Heavy truck | AB9: 10. Truck Trailer | AC9: 11. Motorcycles | AD9: 12. Tractors, Graders | AE9: Total Excl M/ Cycles | AF9: Total All
B10: 07.00 - 07.15 | C10: 8 | D10: 2 | E10: 3 | F10: 37 | G10: 1 | H10: 1 | I10: 2 | J10: 2 | K10: 0 | L10: 16 | M10: 23 | N10: 0 | O10: =SUM(C10:L10,N10) -> 72 | P10: =SUM(C10:N10) -> 95 | R10: 0700-0800 | S10: =SUM(C10:C13) -> 34 | T10: =SUM(D10:D13) -> 8 | U10: =SUM(E10:E13) -> 8 | V10: =SUM(F10:F13) -> 144 | W10: =SUM(G10:G13) -> 4 | X10: =SUM(H10:H13) -> 3 | Y10: =SUM(I10:I13) -> 9 | Z10: =SUM(J10:J13) -> 8 | ... AF10: =SUM(P10:P13) -> 361
B11: 07.15 - 07.30 | C11: 11 | D11: 2 | E11: 2 | F11: 38 | G11: 0 | H11: 1 | I11: 2 | J11: 2 | K11: 1 | L11: 15 | M11: 22 | N11: 0 | O11: =SUM(C11:L11,N11) -> 74 | P11: =SUM(C11:N11) -> 96 | R11: 0800-0900 | S11: =SUM(C14:C17) -> 59 | T11: =SUM(D14:D17) -> 10 | U11: =SUM(E14:E17) -> 11 | V11: =SUM(F14:F17) -> 128 | W11: =SUM(G14:G17) -> 1 | X11: =SUM(H14:H17) -> 3 | Y11: =SUM(I14:I17) -> 13 | Z11: =SUM(J14:J17) -> 14 | ... AF11: =SUM(P14:P17) -> 380
B12: 07.30 - 07.45 | C12: 8 | D12: 1 | E12: 2 | F12: 27 | G12: 2 | H12: 0 | I12: 3 | J12: 1 | K12: 3 | L12: 11 | M12: 16 | N12: 0 | O12: =SUM(C12:L12,N12) -> 58 | P12: =SUM(C12:N12) -> 74 | R12: 0900-1000 | S12: =SUM(C18:C21) -> 33 | T12: =SUM(D18:D21) -> 8 | U12: =SUM(E18:E21) -> 13 | V12: =SUM(F18:F21) -> 116 | W12: =SUM(G18:G21) -> 3 | X12: =SUM(H18:H21) -> 4 | Y12: =SUM(I18:I21) -> 17 | Z12: =SUM(J18:J21) -> 14 | ... AF12: =SUM(P18:P21) -> 335
B13: 07.45 - 08.00 | C13: 7 | D13: 3 | E13: 1 | F13: 42 | G13: 1 | H13: 1 | I13: 2 | J13: 3 | K13: 5 | L13: 10 | M13: 21 | N13: 0 | O13: =SUM(C13:L13,N13) -> 75 | P13: =SUM(C13:N13) -> 96 | R13: 1000-1100 | S13: =SUM(C22:C25) -> 41 | T13: =SUM(D22:D25) -> 11 | U13: =SUM(E22:E25) -> 18 | V13: =SUM(F22:F25) -> 94 | W13: =SUM(G22:G25) -> 5 | X13: =SUM(H22:H25) -> 2 | Y13: =SUM(I22:I25) -> 16 | Z13: =SUM(J22:J25) -> 11 | ... AF13: =SUM(P22:P25) -> 321
B14: 08.00 - 08.15 | C14: 17 | D14: 2 | E14: 4 | F14: 36 | G14: 0 | H14: 0 | I14: 4 | J14: 2 | K14: 0 | L14: 13 | M14: 18 | N14: 0 | O14: =SUM(C14:L14,N14) -> 78 | P14: =SUM(C14:N14) -> 96 | R14: 1100-1200 | S14: =SUM(C26:C29) -> 40 | T14: =SUM(D26:D29) -> 10 | U14: =SUM(E26:E29) -> 13 | V14: =SUM(F26:F29) -> 87 | W14: =SUM(G26:G29) -> 0 | X14: =SUM(H26:H29) -> 2 | Y14: =SUM(I26:I29) -> 23 | Z14: =SUM(J26:J29) -> 18 | ... AF14: =SUM(P26:P29) -> 330
B15: 08.15 - 08.30 | C15: 11 | D15: 2 | E15: 2 | F15: 30 | G15: 0 | H15: 0 | I15: 3 | J15: 5 | K15: 0 | L15: 15 | M15: 22 | N15: 0 | O15: =SUM(C15:L15,N15) -> 68 | P15: =SUM(C15:N15) -> 90 | R15: 1200-1300 | S15: =SUM(C30:C33) -> 51 | T15: =SUM(D30:D33) -> 5 | U15: =SUM(E30:E33) -> 11 | V15: =SUM(F30:F33) -> 84 | W15: =SUM(G30:G33) -> 2 | X15: =SUM(H30:H33) -> 1 | Y15: =SUM(I30:I33) -> 21 | Z15: =SUM(J30:J33) -> 20 | ... AF15: =SUM(P30:P33) -> 313
B16: 08.30 - 08.45 | C16: 15 | D16: 6 | E16: 1 | F16: 24 | G16: 0 | H16: 2 | I16: 4 | J16: 3 | K16: 0 | L16: 23 | M16: 14 | N16: 0 | O16: =SUM(C16:L16,N16) -> 78 | P16: =SUM(C16:N16) -> 92 | R16: 1300-1400 | S16: =SUM(C34:C37) -> 68 | T16: =SUM(D34:D37) -> 15 | U16: =SUM(E34:E37) -> 14 | V16: =SUM(F34:F37) -> 105 | W16: =SUM(G34:G37) -> 0 | X16: =SUM(H34:H37) -> 0 | Y16: =SUM(I34:I37) -> 21 | Z16: =SUM(J34:J37) -> 24 | ... AF16: =SUM(P34:P37) -> 376
B17: 08.45 - 9.00 | C17: 16 | D17: 0 | E17: 4 | F17: 38 | G17: 1 | H17: 1 | I17: 2 | J17: 4 | K17: 1 | L17: 11 | M17: 24 | N17: 0 | O17: =SUM(C17:L17,N17) -> 78 | P17: =SUM(C17:N17) -> 102 | R17: 1400-1500 | S17: =SUM(C38:C41) -> 56 | T17: =SUM(D38:D41) -> 28 | U17: =SUM(E38:E41) -> 15 | V17: =SUM(F38:F41) -> 105 | W17: =SUM(G38:G41) -> 0 | X17: =SUM(H38:H41) -> 4 | Y17: =SUM(I38:I41) -> 25 | Z17: =SUM(J38:J41) -> 19 | ... AF17: =SUM(P38:P41) -> 405
B18: 09.00 - 09.15 | C18: 4 | D18: 3 | E18: 4 | F18: 20 | G18: 3 | H18: 2 | I18: 2 | J18: 3 | K18: 2 | L18: 14 | M18: 12 | N18: 0 | O18: =SUM(C18:L18,N18) -> 57 | P18: =SUM(C18:N18) -> 69 | R18: 1500-1600 | S18: =SUM(C42:C45) -> 70 | T18: =SUM(D42:D45) -> 22 | U18: =SUM(E42:E45) -> 17 | V18: =SUM(F42:F45) -> 107 | W18: =SUM(G42:G45) -> 7 | X18: =SUM(H42:H45) -> 2 | Y18: =SUM(I42:I45) -> 19 | Z18: =SUM(J42:J45) -> 32 | ... AF18: =SUM(P42:P45) -> 408
B19: 09.15 - 09.30 | C19: 9 | D19: 4 | E19: 6 | F19: 41 | G19: 0 | H19: 1 | I19: 4 | J19: 6 | K19: 0 | L19: 17 | M19: 14 | N19: 0 | O19: =SUM(C19:L19,N19) -> 88 | P19: =SUM(C19:N19) -> 102 | R19: 1600-1700 | S19: =SUM(C46:C49) -> 63 | T19: =SUM(D46:D49) -> 12 | U19: =SUM(E46:E49) -> 14 | V19: =SUM(F46:F49) -> 101 | W19: =SUM(G46:G49) -> 2 | X19: =SUM(H46:H49) -> 2 | Y19: =SUM(I46:I49) -> 20 | Z19: =SUM(J46:J49) -> 24 | ... AF19: =SUM(P46:P49) -> 403
B20: 09.30 - 09.45 | C20: 11 | D20: 0 | E20: 1 | F20: 36 | G20: 0 | H20: 0 | I20: 6 | J20: 1 | K20: 1 | L20: 15 | M20: 17 | N20: 0 | O20: =SUM(C20:L20,N20) -> 71 | P20: =SUM(C20:N20) -> 88 | R20: 1700-1800 | S20: =SUM(C50:C53) -> 74 | T20: =SUM(D50:D53) -> 18 | U20: =SUM(E50:E53) -> 20 | V20: =SUM(F50:F53) -> 115 | W20: =SUM(G50:G53) -> 3 | X20: =SUM(H50:H53) -> 3 | Y20: =SUM(I50:I53) -> 22 | Z20: =SUM(J50:J53) -> 24 | ... AF20: =SUM(P50:P53) -> 447
B21: 09.45 - 10.00 | C21: 9 | D21: 1 | E21: 2 | F21: 19 | G21: 0 | H21: 1 | I21: 5 | J21: 4 | K21: 0 | L21: 12 | M21: 23 | N21: 0 | O21: =SUM(C21:L21,N21) -> 53 | P21: =SUM(C21:N21) -> 76 | R21: 1800-1900 | S21: =SUM(C54:C57) -> 58 | T21: =SUM(D54:D57) -> 13 | U21: =SUM(E54:E57) -> 17 | V21: =SUM(F54:F57) -> 93 | W21: =SUM(G54:G57) -> 7 | X21: =SUM(H54:H57) -> 2 | Y21: =SUM(I54:I57) -> 25 | Z21: =SUM(J54:J57) -> 27 | ... AF21: =SUM(P54:P57) -> 353
B22: 10.00 - 10.15 | C22: 15 | D22: 3 | E22: 4 | F22: 19 | G22: 1 | H22: 2 | I22: 4 | J22: 0 | K22: 0 | L22: 14 | M22: 19 | N22: 0 | O22: =SUM(C22:L22,N22) -> 62 | P22: =SUM(C22:N22) -> 81 | R22: AM Peak Hr | S22: =MAX(S10:S12) -> 59 | T22: =MAX(T10:T12) -> 10 | U22: =MAX(U10:U12) -> 13 | V22: =MAX(V10:V12) -> 144 | W22: =MAX(W10:W12) -> 4 | X22: =MAX(X10:X12) -> 4 | Y22: =MAX(Y10:Y12) -> 17 | Z22: =MAX(Z10:Z12) -> 14 | ... AF22: =MAX(AF10:AF12) -> 380
B23: 10.15 - 10.30 | C23: 7 | D23: 0 | E23: 4 | F23: 26 | G23: 0 | H23: 0 | I23: 3 | J23: 6 | K23: 1 | L23: 11 | M23: 16 | N23: 0 | O23: =SUM(C23:L23,N23) -> 58 | P23: =SUM(C23:N23) -> 74 | R23: IP Peak Hr | S23: =MAX(S13:S18) -> 70 | T23: =MAX(T13:T18) -> 28 | U23: =MAX(U13:U18) -> 18 | V23: =MAX(V13:V18) -> 107 | W23: =MAX(W13:W18) -> 7 | X23: =MAX(X13:X18) -> 4 | Y23: =MAX(Y13:Y18) -> 25 | Z23: =MAX(Z13:Z18) -> 32 | ... AF23: =MAX(AF13:AF18) -> 408
B24: 10.30 - 10.45 | C24: 13 | D24: 7 | E24: 4 | F24: 26 | G24: 1 | H24: 0 | I24: 6 | J24: 2 | K24: 1 | L24: 12 | M24: 18 | N24: 0 | O24: =SUM(C24:L24,N24) -> 72 | P24: =SUM(C24:N24) -> 90 | R24: PM Peak Hr | S24: =MAX(S19:S21) -> 74 | T24: =MAX(T19:T21) -> 18 | U24: =MAX(U19:U21) -> 20 | V24: =MAX(V19:V21) -> 115 | W24: =MAX(W19:W21) -> 7 | X24: =MAX(X19:X21) -> 3 | Y24: =MAX(Y19:Y21) -> 25 | Z24: =MAX(Z19:Z21) -> 27 | ... AF24: =MAX(AF19:AF21) -> 447
B25: 10.45 - 11.00 | C25: 6 | D25: 1 | E25: 6 | F25: 23 | G25: 3 | H25: 0 | I25: 3 | J25: 3 | K25: 2 | L25: 11 | M25: 18 | N25: 0 | O25: =SUM(C25:L25,N25) -> 58 | P25: =SUM(C25:N25) -> 76 | R25: AM Period | S25: =SUM(S10:S12) -> 126 | T25: =SUM(T10:T12) -> 26 | U25: =SUM(U10:U12) -> 32 | V25: =SUM(V10:V12) -> 388 | W25: =SUM(W10:W12) -> 8 | X25: =SUM(X10:X12) -> 10 | Y25: =SUM(Y10:Y12) -> 39 | Z25: =SUM(Z10:Z12) -> 36 | ... AF25: =SUM(AF10:AF12) -> 1076
B26: 11.00 - 11.15 | C26: 5 | D26: 1 | E26: 2 | F26: 14 | G26: 0 | H26: 0 | I26: 5 | J26: 4 | K26: 0 | L26: 12 | M26: 15 | N26: 0 | O26: =SUM(C26:L26,N26) -> 43 | P26: =SUM(C26:N26) -> 58 | R26: IP Period | S26: =SUM(S13:S18) -> 326 | T26: =SUM(T13:T18) -> 91 | U26: =SUM(U13:U18) -> 88 | V26: =SUM(V13:V18) -> 582 | W26: =SUM(W13:W18) -> 14 | X26: =SUM(X13:X18) -> 11 | Y26: =SUM(Y13:Y18) -> 125 | Z26: =SUM(Z13:Z18) -> 124 | ... AF26: =SUM(AF13:AF18) -> 2153
B27: 11.15 - 11.30 | C27: 8 | D27: 1 | E27: 7 | F27: 28 | G27: 0 | H27: 1 | I27: 7 | J27: 4 | K27: 0 | L27: 11 | M27: 27 | N27: 0 | O27: =SUM(C27:L27,N27) -> 67 | P27: =SUM(C27:N27) -> 94 | R27: PM Period | S27: =SUM(S19:S21) -> 195 | T27: =SUM(T19:T21) -> 43 | U27: =SUM(U19:U21) -> 51 | V27: =SUM(V19:V21) -> 309 | W27: =SUM(W19:W21) -> 12 | X27: =SUM(X19:X21) -> 7 | Y27: =SUM(Y19:Y21) -> 67 | Z27: =SUM(Z19:Z21) -> 75 | ... AF27: =SUM(AF19:AF21) -> 1203
B28: 11.30 - 11.45 | C28: 10 | D28: 5 | E28: 2 | F28: 21 | G28: 0 | H28: 1 | I28: 7 | J28: 4 | K28: 1 | L28: 18 | M28: 17 | N28: 0 | O28: =SUM(C28:L28,N28) -> 69 | P28: =SUM(C28:N28) -> 86 | R28: 12 Hours | S28: =SUM(S10:S21) -> 647 | T28: =SUM(T10:T21) -> 160 | U28: =SUM(U10:U21) -> 171 | V28: =SUM(V10:V21) -> 1279 | W28: =SUM(W10:W21) -> 34 | X28: =SUM(X10:X21) -> 28 | Y28: =SUM(Y10:Y21) -> 231 | Z28: =SUM(Z10:Z21) -> 235 | ... AF28: =SUM(AF10:AF21) -> 4432
B29: 11.45 - 12.00 | C29: 17 | D29: 3 | E29: 2 | F29: 24 | G29: 0 | H29: 0 | I29: 4 | J29: 6 | K29: 3 | L29: 12 | M29: 21 | N29: 0 | O29: =SUM(C29:L29,N29) -> 71 | P29: =SUM(C29:N29) -> 92
B30: 12.00 - 12.15 | C30: 15 | D30: 0 | E30: 3 | F30: 19 | G30: 0 | H30: 1 | I30: 7 | J30: 8 | K30: 0 | L30: 6 | M30: 19 | N30: 0 | O30: =SUM(C30:L30,N30) -> 59 | P30: =SUM(C30:N30) -> 78
B31: 12.15 - 12.30 | C31: 9 | D31: 4 | E31: 7 | F31: 16 | G31: 0 | H31: 0 | I31: 4 | J31: 4 | K31: 0 | L31: 16 | M31: 16 | N31: 1 | O31: =SUM(C31:L31,N31) -> 61 | P31: =SUM(C31:N31) -> 77
B32: 12.30 - 12.45 | C32: 18 | D32: 0 | E32: 1 | F32: 27 | G32: 1 | H32: 0 | I32: 3 | J32: 4 | K32: 1 | L32: 7 | M32: 15 | N32: 0 | O32: =SUM(C32:L32,N32) -> 62 | P32: =SUM(C32:N32) -> 77
B33: 12.45 - 13.00 | C33: 9 | D33: 1 | E33: 0 | F33: 22 | G33: 1 | H33: 0 | I33: 7 | J33: 4 | K33: 7 | L33: 15 | M33: 15 | N33: 0 | O33: =SUM(C33:L33,N33) -> 66 | P33: =SUM(C33:N33) -> 81
B34: 13.00 - 13.15 | C34: 17 | D34: 3 | E34: 2 | F34: 34 | G34: 0 | H34: 0 | I34: 6 | J34: 10 | K34: 1 | L34: 6 | M34: 17 | N34: 0 | O34: =SUM(C34:L34,N34) -> 79 | P34: =SUM(C34:N34) -> 96
B35: 13.15 - 13.30 | C35: 24 | D35: 3 | E35: 4 | F35: 26 | G35: 0 | H35: 0 | I35: 5 | J35: 7 | K35: 4 | L35: 9 | M35: 26 | N35: 0 | O35: =SUM(C35:L35,N35) -> 82 | P35: =SUM(C35:N35) -> 108
B36: 13.30 - 13.45 | C36: 11 | D36: 6 | E36: 5 | F36: 21 | G36: 0 | H36: 0 | I36: 4 | J36: 5 | K36: 1 | L36: 11 | M36: 24 | N36: 0 | O36: =SUM(C36:L36,N36) -> 64 | P36: =SUM(C36:N36) -> 88
B37: 13.45 - 14.00 | C37: 16 | D37: 3 | E37: 3 | F37: 24 | G37: 0 | H37: 0 | I37: 6 | J37: 2 | K37: 0 | L37: 5 | M37: 25 | N37: 0 | O37: =SUM(C37:L37,N37) -> 59 | P37: =SUM(C37:N37) -> 84
B38: 14.00 - 14.15 | C38: 5 | D38: 2 | E38: 3 | F38: 25 | G38: 0 | H38: 2 | I38: 6 | J38: 4 | K38: 1 | L38: 10 | M38: 34 | N38: 0 | O38: =SUM(C38:L38,N38) -> 58 | P38: =SUM(C38:N38) -> 92
B39: 14.15 - 14.30 | C39: 22 | D39: 8 | E39: 2 | F39: 31 | G39: 0 | H39: 1 | I39: 3 | J39: 5 | K39: 0 | L39: 12 | M39: 22 | N39: 0 | O39: =SUM(C39:L39,N39) -> 84 | P39: =SUM(C39:N39) -> 106
B40: 14.30 - 14.45 | C40: 14 | D40: 13 | E40: 5 | F40: 24 | G40: 0 | H40: 1 | I40: 7 | J40: 3 | K40: 2 | L40: 11 | M40: 14 | N40: 0 | O40: =SUM(C40:L40,N40) -> 80 | P40: =SUM(C40:N40) -> 94
... B57: 18.45 - 19.00 | C57: 0 | D57: 0 | E57: 0 | F57: 0 | G57: 0 | H57: 0 | I57: 0 | J57: 0 | K57: 0 | L57: 0 | M57: 0 | N57: 0 | O57: =SUM(C57:L57,N57) -> 0 | P57: =SUM(C57:N57) -> 0
B58: Totals | C58: =SUM(C10:C57) -> 647 | D58: =SUM(D10:D57) -> 160 | E58: =SUM(E10:E57) -> 171 | F58: =SUM(F10:F57) -> 1279 | G58: =SUM(G10:G57) -> 34 | H58: =SUM(H10:H57) -> 28 | I58: =SUM(I10:I57) -> 231 | J58: =SUM(J10:J57) -> 235 | ... P58: =SUM(P10:P57) -> 4432
B59: %ges + MCs | C59: =C58/$P$58 -> 0.14598375 | D59: =D58/$P$58 -> 0.036101083 | E59: =E58/$P$58 -> 0.038583032 | F59: =F58/$P$58 -> 0.28858303 | G59: =G58/$P$58 -> 0.0076714801 | H59: =H58/$P$58 -> 0.0063176895 | I59: =I58/$P$58 -> 0.052120939 | J59: =J58/$P$58 -> 0.053023466 | ... N59: =N58/$P$58 -> 0.0067689531
B60: %ges w/o MCs | C60: =C58/$O$58 -> 0.18694019 | D60: =D58/$O$58 -> 0.046229413 | E60: =E58/$O$58 -> 0.049407686 | F60: =F58/$O$58 -> 0.36954637 | G60: =G58/$O$58 -> 0.0098237504 | H60: =H58/$O$58 -> 0.0080901474 | I60: =I58/$O$58 -> 0.066743716 | J60: =J58/$O$58 -> 0.067899451 | ... L60: =L58/$O$58 -> 0.16787056 | N60: =N58/$O$58 -> 0.008668015

Sheet 17.10 Kampala-Jinja
B1: Consultancy services for Preparation of Expressway Development Master Plan (EDMP) for Uganda
B2: MANUAL CLASSIFIED COUNT (MCC)
B3: ROAD NAME: | C3: ='17.10 jinja-kampala'!C3:G3 -> MCC - C 4- STN19 -Kampala-Jinja highway
C5: Date | D5: ='17.10 jinja-kampala'!D5 -> 17.10.19 | F5: Location | G5: ='17.10 jinja-kampala'!G5:H5 -> Nakibbizi | J5: Surveyor | K5: Jerome
C6: Dir. From | D6: Kampala | F6: Dir. To | G6: Jinja | J6: Supervisor | K6: ='17.10 jinja-kampala'!K6:L6 -> Emma
B8: Time / Veh Type | R8: SUMMARY TRAFFIC VOLUMES
C9: 1. Car | D9: 2. Station Wagon | E9: 3. Pickups | F9: 4. Minibus, matatu | G9: 5. Medium bus | H9: 6. Large Bus | I9: 7. Light Truck | J9: 8. Medium Truck | K9: 9. Heavy truck | L9: 10. Truck Trailer | M9: 11. Motor cycles | N9: 12. Tractors | O9: Total Excl M/Cycles | P9: Total All | R9: Time | S9: 1. Car | T9: 2. Station Wagon | U9: 3. Pickups | V9: 4. Minibus, matatu | W9: 5. Medium bus | X9: 6. Large Bus | Y9: 7. Light Truck | Z9: 8. Medium Truck | AA9: 9. Heavy truck | AB9: 10. Truck Trailer | AC9: 11. Motorcycles | AD9: 12. Tractors, Graders | AE9: Total Excl M/ Cycles | AF9: Total All
B10: 07.00 - 07.15 | C10: 64 | D10: 5 | E10: 2 | F10: 30 | G10: 1 | H10: 0 | I10: 4 | J10: 7 | K10: 4 | L10: 10 | M10: 25 | N10: 0 | O10: =SUM(C10:L10,N10) -> 127 | P10: =SUM(C10:N10) -> 152 | R10: 0700-0800 | S10: =SUM(C10:C13) -> 97 | T10: =SUM(D10:D13) -> 26 | U10: =SUM(E10:E13) -> 11 | V10: =SUM(F10:F13) -> 107 | W10: =SUM(G10:G13) -> 3 | X10: =SUM(H10:H13) -> 0 | Y10: =SUM(I10:I13) -> 17 | Z10: =SUM(J10:J13) -> 28 | ... AF10: =SUM(P10:P13) -> 418
B11: 07.15 - 07.30 | C11: 8 | D11: 6 | E11: 3 | F11: 23 | G11: 2 | H11: 0 | I11: 4 | J11: 6 | K11: 3 | L11: 6 | M11: 25 | N11: 0 | O11: =SUM(C11:L11,N11) -> 61 | P11: =SUM(C11:N11) -> 86 | R11: 0800-0900 | S11: =SUM(C14:C17) -> 32 | T11: =SUM(D14:D17) -> 15 | U11: =SUM(E14:E17) -> 13 | V11: =SUM(F14:F17) -> 101 | W11: =SUM(G14:G17) -> 1 | X11: =SUM(H14:H17) -> 2 | Y11: =SUM(I14:I17) -> 8 | Z11: =SUM(J14:J17) -> 10 | ... AF11: =SUM(P14:P17) -> 265
B12: 07.30 - 07.45 | C12: 11 | D12: 8 | E12: 3 | F12: 30 | G12: 0 | H12: 0 | I12: 7 | J12: 5 | K12: 2 | L12: 6 | M12: 20 | N12: 0 | O12: =SUM(C12:L12,N12) -> 72 | P12: =SUM(C12:N12) -> 92 | R12: 0900-1000 | S12: =SUM(C18:C21) -> 35 | T12: =SUM(D18:D21) -> 18 | U12: =SUM(E18:E21) -> 11 | V12: =SUM(F18:F21) -> 121 | W12: =SUM(G18:G21) -> 2 | X12: =SUM(H18:H21) -> 2 | Y12: =SUM(I18:I21) -> 14 | Z12: =SUM(J18:J21) -> 14 | ... AF12: =SUM(P18:P21) -> 291
B13: 07.45 - 08.00 | C13: 14 | D13: 7 | E13: 3 | F13: 24 | G13: 0 | H13: 0 | I13: 2 | J13: 10 | K13: 1 | L13: 6 | M13: 21 | N13: 0 | O13: =SUM(C13:L13,N13) -> 67 | P13: =SUM(C13:N13) -> 88 | R13: 1000-1100 | S13: =SUM(C22:C25) -> 28 | T13: =SUM(D22:D25) -> 12 | U13: =SUM(E22:E25) -> 8 | V13: =SUM(F22:F25) -> 93 | W13: =SUM(G22:G25) -> 4 | X13: =SUM(H22:H25) -> 1 | Y13: =SUM(I22:I25) -> 13 | Z13: =SUM(J22:J25) -> 13 | ... AF13: =SUM(P22:P25) -> 267
B14: 08.00 - 08.15 | C14: 7 | D14: 4 | E14: 3 | F14: 28 | G14: 0 | H14: 1 | I14: 4 | J14: 4 | K14: 0 | L14: 4 | M14: 14 | N14: 0 | O14: =SUM(C14:L14,N14) -> 55 | P14: =SUM(C14:N14) -> 69 | R14: 1100-1200 | S14: =SUM(C26:C29) -> 52 | T14: =SUM(D26:D29) -> 22 | U14: =SUM(E26:E29) -> 12 | V14: =SUM(F26:F29) -> 97 | W14: =SUM(G26:G29) -> 3 | X14: =SUM(H26:H29) -> 0 | Y14: =SUM(I26:I29) -> 26 | Z14: =SUM(J26:J29) -> 25 | ... AF14: =SUM(P26:P29) -> 342
B15: 08.15 - 08.30 | C15: 12 | D15: 4 | E15: 5 | F15: 29 | G15: 1 | H15: 0 | I15: 3 | J15: 1 | K15: 3 | L15: 4 | M15: 13 | N15: 0 | O15: =SUM(C15:L15,N15) -> 62 | P15: =SUM(C15:N15) -> 75 | R15: 1200-1300 | S15: =SUM(C30:C33) -> 43 | T15: =SUM(D30:D33) -> 29 | U15: =SUM(E30:E33) -> 21 | V15: =SUM(F30:F33) -> 127 | W15: =SUM(G30:G33) -> 6 | X15: =SUM(H30:H33) -> 2 | Y15: =SUM(I30:I33) -> 11 | Z15: =SUM(J30:J33) -> 18 | ... AF15: =SUM(P30:P33) -> 353
B16: 08.30 - 08.45 | C16: 7 | D16: 1 | E16: 3 | F16: 18 | G16: 0 | H16: 1 | I16: 1 | J16: 4 | K16: 4 | L16: 3 | M16: 18 | N16: 0 | O16: =SUM(C16:L16,N16) -> 42 | P16: =SUM(C16:N16) -> 60 | R16: 1300-1400 | S16: =SUM(C34:C37) -> 51 | T16: =SUM(D34:D37) -> 19 | U16: =SUM(E34:E37) -> 10 | V16: =SUM(F34:F37) -> 125 | W16: =SUM(G34:G37) -> 3 | X16: =SUM(H34:H37) -> 3 | Y16: =SUM(I34:I37) -> 16 | Z16: =SUM(J34:J37) -> 17 | ... AF16: =SUM(P34:P37) -> 367
B17: 08.45 - 9.00 | C17: 6 | D17: 6 | E17: 2 | F17: 26 | G17: 0 | H17: 0 | I17: 0 | J17: 1 | K17: 1 | L17: 5 | M17: 14 | N17: 0 | O17: =SUM(C17:L17,N17) -> 47 | P17: =SUM(C17:N17) -> 61 | R17: 1400-1500 | S17: =SUM(C38:C41) -> 31 | T17: =SUM(D38:D41) -> 14 | U17: =SUM(E38:E41) -> 14 | V17: =SUM(F38:F41) -> 115 | W17: =SUM(G38:G41) -> 6 | X17: =SUM(H38:H41) -> 1 | Y17: =SUM(I38:I41) -> 19 | Z17: =SUM(J38:J41) -> 16 | ... AF17: =SUM(P38:P41) -> 339
B18: 09.00 - 09.15 | C18: 7 | D18: 5 | E18: 5 | F18: 36 | G18: 1 | H18: 1 | I18: 5 | J18: 5 | K18: 2 | L18: 5 | M18: 17 | N18: 0 | O18: =SUM(C18:L18,N18) -> 72 | P18: =SUM(C18:N18) -> 89 | R18: 1500-1600 | S18: =SUM(C42:C45) -> 39 | T18: =SUM(D42:D45) -> 23 | U18: =SUM(E42:E45) -> 15 | V18: =SUM(F42:F45) -> 111 | W18: =SUM(G42:G45) -> 4 | X18: =SUM(H42:H45) -> 2 | Y18: =SUM(I42:I45) -> 17 | Z18: =SUM(J42:J45) -> 38 | ... AF18: =SUM(P42:P45) -> 394
B19: 09.15 - 09.30 | C19: 8 | D19: 2 | E19: 2 | F19: 23 | G19: 0 | H19: 0 | I19: 2 | J19: 3 | K19: 2 | L19: 1 | M19: 12 | N19: 0 | O19: =SUM(C19:L19,N19) -> 43 | P19: =SUM(C19:N19) -> 55 | R19: 1600-1700 | S19: =SUM(C46:C49) -> 36 | T19: =SUM(D46:D49) -> 17 | U19: =SUM(E46:E49) -> 13 | V19: =SUM(F46:F49) -> 91 | W19: =SUM(G46:G49) -> 3 | X19: =SUM(H46:H49) -> 2 | Y19: =SUM(I46:I49) -> 16 | Z19: =SUM(J46:J49) -> 22 | ... AF19: =SUM(P46:P49) -> 372
B20: 09.30 - 09.45 | C20: 9 | D20: 6 | E20: 2 | F20: 26 | G20: 0 | H20: 0 | I20: 4 | J20: 1 | K20: 1 | L20: 1 | M20: 18 | N20: 0 | O20: =SUM(C20:L20,N20) -> 50 | P20: =SUM(C20:N20) -> 68 | R20: 1700-1800 | S20: =SUM(C50:C53) -> 25 | T20: =SUM(D50:D53) -> 18 | U20: =SUM(E50:E53) -> 12 | V20: =SUM(F50:F53) -> 128 | W20: =SUM(G50:G53) -> 3 | X20: =SUM(H50:H53) -> 1 | Y20: =SUM(I50:I53) -> 16 | Z20: =SUM(J50:J53) -> 30 | ... AF20: =SUM(P50:P53) -> 390
B21: 09.45 - 10.00 | C21: 11 | D21: 5 | E21: 2 | F21: 36 | G21: 1 | H21: 1 | I21: 3 | J21: 5 | K21: 1 | L21: 3 | M21: 10 | N21: 1 | O21: =SUM(C21:L21,N21) -> 69 | P21: =SUM(C21:N21) -> 79 | R21: 1800-1900 | S21: =SUM(C54:C57) -> 47 | T21: =SUM(D54:D57) -> 22 | U21: =SUM(E54:E57) -> 19 | V21: =SUM(F54:F57) -> 105 | W21: =SUM(G54:G57) -> 5 | X21: =SUM(H54:H57) -> 5 | Y21: =SUM(I54:I57) -> 21 | Z21: =SUM(J54:J57) -> 24 | ... AF21: =SUM(P54:P57) -> 394
B22: 10.00 - 10.15 | C22: 7 | D22: 4 | E22: 5 | F22: 25 | G22: 1 | H22: 1 | I22: 4 | J22: 4 | K22: 0 | L22: 2 | M22: 25 | N22: 0 | O22: =SUM(C22:L22,N22) -> 53 | P22: =SUM(C22:N22) -> 78 | R22: AM Peak Hr | S22: =MAX(S10:S12) -> 97 | T22: =MAX(T10:T12) -> 26 | U22: =MAX(U10:U12) -> 13 | V22: =MAX(V10:V12) -> 121 | W22: =MAX(W10:W12) -> 3 | X22: =MAX(X10:X12) -> 2 | Y22: =MAX(Y10:Y12) -> 17 | Z22: =MAX(Z10:Z12) -> 28 | ... AF22: =MAX(AF10:AF12) -> 418
B23: 10.15 - 10.30 | C23: 10 | D23: 2 | E23: 0 | F23: 10 | G23: 2 | H23: 0 | I23: 1 | J23: 1 | K23: 1 | L23: 1 | M23: 17 | N23: 0 | O23: =SUM(C23:L23,N23) -> 28 | P23: =SUM(C23:N23) -> 45 | R23: IP Peak Hr | S23: =MAX(S13:S18) -> 52 | T23: =MAX(T13:T18) -> 29 | U23: =MAX(U13:U18) -> 21 | V23: =MAX(V13:V18) -> 127 | W23: =MAX(W13:W18) -> 6 | X23: =MAX(X13:X18) -> 3 | Y23: =MAX(Y13:Y18) -> 26 | Z23: =MAX(Z13:Z18) -> 38 | ... AF23: =MAX(AF13:AF18) -> 394
B24: 10.30 - 10.45 | C24: 5 | D24: 1 | E24: 1 | F24: 33 | G24: 1 | H24: 0 | I24: 4 | J24: 5 | K24: 1 | L24: 4 | M24: 23 | N24: 0 | O24: =SUM(C24:L24,N24) -> 55 | P24: =SUM(C24:N24) -> 78 | R24: PM Peak Hr | S24: =MAX(S19:S21) -> 47 | T24: =MAX(T19:T21) -> 22 | U24: =MAX(U19:U21) -> 19 | V24: =MAX(V19:V21) -> 128 | W24: =MAX(W19:W21) -> 5 | X24: =MAX(X19:X21) -> 5 | Y24: =MAX(Y19:Y21) -> 21 | Z24: =MAX(Z19:Z21) -> 30 | ... AF24: =MAX(AF19:AF21) -> 394
B25: 10.45 - 11.00 | C25: 6 | D25: 5 | E25: 2 | F25: 25 | G25: 0 | H25: 0 | I25: 4 | J25: 3 | K25: 4 | L25: 3 | M25: 14 | N25: 0 | O25: =SUM(C25:L25,N25) -> 52 | P25: =SUM(C25:N25) -> 66 | R25: AM Period | S25: =SUM(S10:S12) -> 164 | T25: =SUM(T10:T12) -> 59 | U25: =SUM(U10:U12) -> 35 | V25: =SUM(V10:V12) -> 329 | W25: =SUM(W10:W12) -> 6 | X25: =SUM(X10:X12) -> 4 | Y25: =SUM(Y10:Y12) -> 39 | Z25: =SUM(Z10:Z12) -> 52 | ... AF25: =SUM(AF10:AF12) -> 974
B26: 11.00 - 11.15 | C26: 11 | D26: 7 | E26: 4 | F26: 2 | G26: 2 | H26: 0 | I26: 8 | J26: 7 | K26: 1 | L26: 5 | M26: 15 | N26: 0 | O26: =SUM(C26:L26,N26) -> 47 | P26: =SUM(C26:N26) -> 62 | R26: IP Period | S26: =SUM(S13:S18) -> 244 | T26: =SUM(T13:T18) -> 119 | U26: =SUM(U13:U18) -> 80 | V26: =SUM(V13:V18) -> 668 | W26: =SUM(W13:W18) -> 26 | X26: =SUM(X13:X18) -> 9 | Y26: =SUM(Y13:Y18) -> 102 | Z26: =SUM(Z13:Z18) -> 127 | ... AF26: =SUM(AF13:AF18) -> 2062
B27: 11.15 - 11.30 | C27: 14 | D27: 5 | E27: 1 | F27: 43 | G27: 1 | H27: 0 | I27: 6 | J27: 5 | K27: 0 | L27: 11 | M27: 18 | N27: 0 | O27: =SUM(C27:L27,N27) -> 86 | P27: =SUM(C27:N27) -> 104 | R27: PM Period | S27: =SUM(S19:S21) -> 108 | T27: =SUM(T19:T21) -> 57 | U27: =SUM(U19:U21) -> 44 | V27: =SUM(V19:V21) -> 324 | W27: =SUM(W19:W21) -> 11 | X27: =SUM(X19:X21) -> 8 | Y27: =SUM(Y19:Y21) -> 53 | Z27: =SUM(Z19:Z21) -> 76 | ... AF27: =SUM(AF19:AF21) -> 1156
B28: 11.30 - 11.45 | C28: 15 | D28: 5 | E28: 3 | F28: 35 | G28: 0 | H28: 0 | I28: 4 | J28: 6 | K28: 2 | L28: 7 | M28: 18 | N28: 0 | O28: =SUM(C28:L28,N28) -> 77 | P28: =SUM(C28:N28) -> 95 | R28: 12 Hours | S28: =SUM(S10:S21) -> 516 | T28: =SUM(T10:T21) -> 235 | U28: =SUM(U10:U21) -> 159 | V28: =SUM(V10:V21) -> 1321 | W28: =SUM(W10:W21) -> 43 | X28: =SUM(X10:X21) -> 21 | Y28: =SUM(Y10:Y21) -> 194 | Z28: =SUM(Z10:Z21) -> 255 | ... AF28: =SUM(AF10:AF21) -> 4192
B29: 11.45 - 12.00 | C29: 12 | D29: 5 | E29: 4 | F29: 17 | G29: 0 | H29: 0 | I29: 8 | J29: 7 | K29: 2 | L29: 7 | M29: 19 | N29: 0 | O29: =SUM(C29:L29,N29) -> 62 | P29: =SUM(C29:N29) -> 81
B30: 12.00 - 12.15 | C30: 9 | D30: 5 | E30: 3 | F30: 25 | G30: 2 | H30: 1 | I30: 4 | J30: 2 | K30: 0 | L30: 8 | M30: 19 | N30: 0 | O30: =SUM(C30:L30,N30) -> 59 | P30: =SUM(C30:N30) -> 78
B31: 12.15 - 12.30 | C31: 16 | D31: 7 | E31: 7 | F31: 32 | G31: 0 | H31: 0 | I31: 4 | J31: 5 | K31: 1 | L31: 8 | M31: 14 | N31: 0 | O31: =SUM(C31:L31,N31) -> 80 | P31: =SUM(C31:N31) -> 94
B32: 12.30 - 12.45 | C32: 8 | D32: 10 | E32: 5 | F32: 47 | G32: 1 | H32: 1 | I32: 2 | J32: 8 | K32: 1 | L32: 7 | M32: 12 | N32: 0 | O32: =SUM(C32:L32,N32) -> 90 | P32: =SUM(C32:N32) -> 102
B33: 12.45 - 13.00 | C33: 10 | D33: 7 | E33: 6 | F33: 23 | G33: 3 | H33: 0 | I33: 1 | J33: 3 | K33: 2 | L33: 7 | M33: 17 | N33: 0 | O33: =SUM(C33:L33,N33) -> 62 | P33: =SUM(C33:N33) -> 79
B34: 13.00 - 13.15 | C34: 16 | D34: 2 | E34: 1 | F34: 32 | G34: 1 | H34: 0 | I34: 5 | J34: 5 | K34: 2 | L34: 5 | M34: 24 | N34: 0 | O34: =SUM(C34:L34,N34) -> 69 | P34: =SUM(C34:N34) -> 93
B35: 13.15 - 13.30 | C35: 7 | D35: 2 | E35: 5 | F35: 30 | G35: 1 | H35: 2 | I35: 3 | J35: 5 | K35: 1 | L35: 10 | M35: 13 | N35: 0 | O35: =SUM(C35:L35,N35) -> 66 | P35: =SUM(C35:N35) -> 79
B36: 13.30 - 13.45 | C36: 14 | D36: 7 | E36: 0 | F36: 30 | G36: 0 | H36: 1 | I36: 4 | J36: 2 | K36: 1 | L36: 22 | M36: 20 | N36: 0 | O36: =SUM(C36:L36,N36) -> 81 | P36: =SUM(C36:N36) -> 101
B37: 13.45 - 14.00 | C37: 14 | D37: 8 | E37: 4 | F37: 33 | G37: 1 | H37: 0 | I37: 4 | J37: 5 | K37: 2 | L37: 9 | M37: 14 | N37: 0 | O37: =SUM(C37:L37,N37) -> 80 | P37: =SUM(C37:N37) -> 94
B38: 14.00 - 14.15 | C38: 6 | D38: 4 | E38: 2 | F38: 35 | G38: 3 | H38: 0 | I38: 3 | J38: 4 | K38: 4 | L38: 8 | M38: 17 | N38: 0 | O38: =SUM(C38:L38,N38) -> 69 | P38: =SUM(C38:N38) -> 86
B39: 14.15 - 14.30 | C39: 4 | D39: 2 | E39: 2 | F39: 29 | G39: 0 | H39: 0 | I39: 4 | J39: 3 | K39: 1 | L39: 11 | M39: 16 | N39: 0 | O39: =SUM(C39:L39,N39) -> 56 | P39: =SUM(C39:N39) -> 72
B40: 14.30 - 14.45 | C40: 12 | D40: 6 | E40: 5 | F40: 37 | G40: 1 | H40: 1 | I40: 4 | J40: 5 | K40: 6 | L40: 13 | M40: 16 | N40: 0 | O40: =SUM(C40:L40,N40) -> 90 | P40: =SUM(C40:N40) -> 106
... B57: 18.45 - 19.00 | C57: 0 | D57: 0 | E57: 0 | F57: 0 | G57: 0 | H57: 0 | I57: 0 | J57: 0 | K57: 0 | L57: 0 | M57: 0 | N57: 0 | O57: =SUM(C57:L57,N57) -> 0 | P57: =SUM(C57:N57) -> 0
B58: Totals | C58: =SUM(C10:C57) -> 516 | D58: =SUM(D10:D57) -> 235 | E58: =SUM(E10:E57) -> 159 | F58: =SUM(F10:F57) -> 1321 | G58: =SUM(G10:G57) -> 43 | H58: =SUM(H10:H57) -> 21 | I58: =SUM(I10:I57) -> 194 | J58: =SUM(J10:J57) -> 255 | ... P58: =SUM(P10:P57) -> 4192
B59: %ges + MCs | C59: =C58/$P$58 -> 0.1230916 | D59: =D58/$P$58 -> 0.05605916 | E59: =E58/$P$58 -> 0.037929389 | F59: =F58/$P$58 -> 0.31512405 | G59: =G58/$P$58 -> 0.010257634 | H59: =H58/$P$58 -> 0.005009542 | I59: =I58/$P$58 -> 0.046278626 | J59: =J58/$P$58 -> 0.060830153 | ... N59: =N58/$P$58 -> 0.00047709924
B60: %ges w/o MCs | C60: =C58/$O$58 -> 0.15476905 | D60: =D58/$O$58 -> 0.070485903 | E60: =E58/$O$58 -> 0.047690462 | F60: =F58/$O$58 -> 0.39622076 | G60: =G58/$O$58 -> 0.012897421 | H60: =H58/$O$58 -> 0.0062987403 | I60: =I58/$O$58 -> 0.058188362 | J60: =J58/$O$58 -> 0.076484703 | ... L60: =L58/$O$58 -> 0.15056989 | N60: =N58/$O$58 -> 0.00059988002

Sheet 18.10 Jinja-Kampala
B1: Consultancy services for Preparation of Expressway Development Master Plan (EDMP) for Uganda
B2: MANUAL CLASSIFIED COUNT (MCC)
B3: ROAD NAME: | C3: ='17.10 jinja-kampala'!C3:G3 -> MCC - C 4- STN19 -Kampala-Jinja highway
C5: Date | D5: 18.10.19 | F5: Location | G5: ='17.10 jinja-kampala'!G5:H5 -> Nakibbizi | J5: Surveyor | K5: ='17.10 jinja-kampala'!K5:L5 -> Micheal
C6: Dir. From | D6: ='17.10 jinja-kampala'!D6:E6 -> Jinja | F6: Dir. To | G6: ='17.10 jinja-kampala'!G6:H6 -> Kampala | J6: Supervisor | K6: ='17.10 jinja-kampala'!K6:L6 -> Emma
B8: Time / Veh Type | R8: SUMMARY TRAFFIC VOLUMES
C9: 1. Car | D9: 2. Station Wagon | E9: 3. Pickups | F9: 4. Minibus, matatu | G9: 5. Medium bus | H9: 6. Large Bus | I9: 7. Light Truck | J9: 8. Medium Truck | K9: 9. Heavy truck | L9: 10. Truck Trailer | M9: 11. Motor cycles | N9: 12. Tractors | O9: Total Excl M/Cycles | P9: Total All | R9: Time | S9: 1. Car | T9: 2. Station Wagon | U9: 3. Pickups | V9: 4. Minibus, matatu | W9: 5. Medium bus | X9: 6. Large Bus | Y9: 7. Light Truck | Z9: 8. Medium Truck | AA9: 9. Heavy truck | AB9: 10. Truck Trailer | AC9: 11. Motorcycles | AD9: 12. Tractors, Graders | AE9: Total Excl M/ Cycles | AF9: Total All
B10: 07.00 - 07.15 | C10: 3 | D10: 1 | E10: 0 | F10: 18 | G10: 6 | H10: 0 | I10: 1 | J10: 2 | K10: 1 | L10: 17 | M10: 6 | N10: 0 | O10: =SUM(C10:L10,N10) -> 49 | P10: =SUM(C10:N10) -> 55 | R10: 0700-0800 | S10: =SUM(C10:C13) -> 30 | T10: =SUM(D10:D13) -> 9 | U10: =SUM(E10:E13) -> 6 | V10: =SUM(F10:F13) -> 106 | W10: =SUM(G10:G13) -> 15 | X10: =SUM(H10:H13) -> 3 | Y10: =SUM(I10:I13) -> 7 | Z10: =SUM(J10:J13) -> 10 | ... AF10: =SUM(P10:P13) -> 296
B11: 07.15 - 07.30 | C11: 9 | D11: 0 | E11: 3 | F11: 29 | G11: 1 | H11: 2 | I11: 4 | J11: 2 | K11: 1 | L11: 6 | M11: 19 | N11: 0 | O11: =SUM(C11:L11,N11) -> 57 | P11: =SUM(C11:N11) -> 76 | R11: 0800-0900 | S11: =SUM(C14:C17) -> 40 | T11: =SUM(D14:D17) -> 6 | U11: =SUM(E14:E17) -> 7 | V11: =SUM(F14:F17) -> 111 | W11: =SUM(G14:G17) -> 9 | X11: =SUM(H14:H17) -> 8 | Y11: =SUM(I14:I17) -> 10 | Z11: =SUM(J14:J17) -> 8 | ... AF11: =SUM(P14:P17) -> 327
B12: 07.30 - 07.45 | C12: 9 | D12: 6 | E12: 1 | F12: 30 | G12: 1 | H12: 0 | I12: 1 | J12: 2 | K12: 3 | L12: 9 | M12: 17 | N12: 1 | O12: =SUM(C12:L12,N12) -> 63 | P12: =SUM(C12:N12) -> 80 | R12: 0900-1000 | S12: =SUM(C18:C21) -> 46 | T12: =SUM(D18:D21) -> 23 | U12: =SUM(E18:E21) -> 22 | V12: =SUM(F18:F21) -> 121 | W12: =SUM(G18:G21) -> 7 | X12: =SUM(H18:H21) -> 6 | Y12: =SUM(I18:I21) -> 5 | Z12: =SUM(J18:J21) -> 16 | ... AF12: =SUM(P18:P21) -> 365
B13: 07.45 - 08.00 | C13: 9 | D13: 2 | E13: 2 | F13: 29 | G13: 7 | H13: 1 | I13: 1 | J13: 4 | K13: 3 | L13: 14 | M13: 13 | N13: 0 | O13: =SUM(C13:L13,N13) -> 72 | P13: =SUM(C13:N13) -> 85 | R13: 1000-1100 | S13: =SUM(C22:C25) -> 56 | T13: =SUM(D22:D25) -> 26 | U13: =SUM(E22:E25) -> 9 | V13: =SUM(F22:F25) -> 104 | W13: =SUM(G22:G25) -> 1 | X13: =SUM(H22:H25) -> 5 | Y13: =SUM(I22:I25) -> 15 | Z13: =SUM(J22:J25) -> 24 | ... AF13: =SUM(P22:P25) -> 399
B14: 08.00 - 08.15 | C14: 8 | D14: 1 | E14: 1 | F14: 34 | G14: 1 | H14: 0 | I14: 3 | J14: 1 | K14: 0 | L14: 13 | M14: 12 | N14: 0 | O14: =SUM(C14:L14,N14) -> 62 | P14: =SUM(C14:N14) -> 74 | R14: 1100-1200 | S14: =SUM(C26:C29) -> 44 | T14: =SUM(D26:D29) -> 15 | U14: =SUM(E26:E29) -> 15 | V14: =SUM(F26:F29) -> 104 | W14: =SUM(G26:G29) -> 2 | X14: =SUM(H26:H29) -> 3 | Y14: =SUM(I26:I29) -> 10 | Z14: =SUM(J26:J29) -> 31 | ... AF14: =SUM(P26:P29) -> 351
B15: 08.15 - 08.30 | C15: 10 | D15: 0 | E15: 2 | F15: 22 | G15: 1 | H15: 4 | I15: 2 | J15: 1 | K15: 0 | L15: 11 | M15: 19 | N15: 0 | O15: =SUM(C15:L15,N15) -> 53 | P15: =SUM(C15:N15) -> 72 | R15: 1200-1300 | S15: =SUM(C30:C33) -> 54 | T15: =SUM(D30:D33) -> 15 | U15: =SUM(E30:E33) -> 9 | V15: =SUM(F30:F33) -> 117 | W15: =SUM(G30:G33) -> 1 | X15: =SUM(H30:H33) -> 1 | Y15: =SUM(I30:I33) -> 12 | Z15: =SUM(J30:J33) -> 28 | ... AF15: =SUM(P30:P33) -> 369
B16: 08.30 - 08.45 | C16: 16 | D16: 2 | E16: 1 | F16: 29 | G16: 6 | H16: 3 | I16: 2 | J16: 4 | K16: 2 | L16: 15 | M16: 19 | N16: 0 | O16: =SUM(C16:L16,N16) -> 80 | P16: =SUM(C16:N16) -> 99 | R16: 1300-1400 | S16: =SUM(C34:C37) -> 46 | T16: =SUM(D34:D37) -> 30 | U16: =SUM(E34:E37) -> 18 | V16: =SUM(F34:F37) -> 100 | W16: =SUM(G34:G37) -> 3 | X16: =SUM(H34:H37) -> 1 | Y16: =SUM(I34:I37) -> 9 | Z16: =SUM(J34:J37) -> 22 | ... AF16: =SUM(P34:P37) -> 386
B17: 08.45 - 9.00 | C17: 6 | D17: 3 | E17: 3 | F17: 26 | G17: 1 | H17: 1 | I17: 3 | J17: 2 | K17: 1 | L17: 14 | M17: 22 | N17: 0 | O17: =SUM(C17:L17,N17) -> 60 | P17: =SUM(C17:N17) -> 82 | R17: 1400-1500 | S17: =SUM(C38:C41) -> 72 | T17: =SUM(D38:D41) -> 28 | U17: =SUM(E38:E41) -> 14 | V17: =SUM(F38:F41) -> 120 | W17: =SUM(G38:G41) -> 4 | X17: =SUM(H38:H41) -> 2 | Y17: =SUM(I38:I41) -> 12 | Z17: =SUM(J38:J41) -> 26 | ... AF17: =SUM(P38:P41) -> 408
B18: 09.00 - 09.15 | C18: 18 | D18: 7 | E18: 8 | F18: 28 | G18: 1 | H18: 1 | I18: 2 | J18: 6 | K18: 1 | L18: 8 | M18: 17 | N18: 0 | O18: =SUM(C18:L18,N18) -> 80 | P18: =SUM(C18:N18) -> 97 | R18: 1500-1600 | S18: =SUM(C42:C45) -> 81 | T18: =SUM(D42:D45) -> 20 | U18: =SUM(E42:E45) -> 15 | V18: =SUM(F42:F45) -> 104 | W18: =SUM(G42:G45) -> 5 | X18: =SUM(H42:H45) -> 2 | Y18: =SUM(I42:I45) -> 13 | Z18: =SUM(J42:J45) -> 40 | ... AF18: =SUM(P42:P45) -> 430
B19: 09.15 - 09.30 | C19: 11 | D19: 9 | E19: 3 | F19: 35 | G19: 1 | H19: 3 | I19: 2 | J19: 4 | K19: 2 | L19: 12 | M19: 15 | N19: 0 | O19: =SUM(C19:L19,N19) -> 82 | P19: =SUM(C19:N19) -> 97 | R19: 1600-1700 | S19: =SUM(C46:C49) -> 107 | T19: =SUM(D46:D49) -> 23 | U19: =SUM(E46:E49) -> 36 | V19: =SUM(F46:F49) -> 121 | W19: =SUM(G46:G49) -> 3 | X19: =SUM(H46:H49) -> 2 | Y19: =SUM(I46:I49) -> 12 | Z19: =SUM(J46:J49) -> 41 | ... AF19: =SUM(P46:P49) -> 508
B20: 09.30 - 09.45 | C20: 7 | D20: 2 | E20: 4 | F20: 23 | G20: 3 | H20: 1 | I20: 1 | J20: 2 | K20: 0 | L20: 10 | M20: 18 | N20: 0 | O20: =SUM(C20:L20,N20) -> 53 | P20: =SUM(C20:N20) -> 71 | R20: 1700-1800 | S20: =SUM(C50:C53) -> 92 | T20: =SUM(D50:D53) -> 20 | U20: =SUM(E50:E53) -> 29 | V20: =SUM(F50:F53) -> 128 | W20: =SUM(G50:G53) -> 3 | X20: =SUM(H50:H53) -> 6 | Y20: =SUM(I50:I53) -> 17 | Z20: =SUM(J50:J53) -> 26 | ... AF20: =SUM(P50:P53) -> 492
B21: 09.45 - 10.00 | C21: 10 | D21: 5 | E21: 7 | F21: 35 | G21: 2 | H21: 1 | I21: 0 | J21: 4 | K21: 2 | L21: 12 | M21: 22 | N21: 0 | O21: =SUM(C21:L21,N21) -> 78 | P21: =SUM(C21:N21) -> 100 | R21: 1800-1900 | S21: =SUM(C54:C57) -> 77 | T21: =SUM(D54:D57) -> 26 | U21: =SUM(E54:E57) -> 22 | V21: =SUM(F54:F57) -> 110 | W21: =SUM(G54:G57) -> 10 | X21: =SUM(H54:H57) -> 2 | Y21: =SUM(I54:I57) -> 2 | Z21: =SUM(J54:J57) -> 31 | ... AF21: =SUM(P54:P57) -> 449
B22: 10.00 - 10.15 | C22: 16 | D22: 3 | E22: 4 | F22: 24 | G22: 0 | H22: 4 | I22: 3 | J22: 5 | K22: 0 | L22: 15 | M22: 16 | N22: 0 | O22: =SUM(C22:L22,N22) -> 74 | P22: =SUM(C22:N22) -> 90 | R22: AM Peak Hr | S22: =MAX(S10:S12) -> 46 | T22: =MAX(T10:T12) -> 23 | U22: =MAX(U10:U12) -> 22 | V22: =MAX(V10:V12) -> 121 | W22: =MAX(W10:W12) -> 15 | X22: =MAX(X10:X12) -> 8 | Y22: =MAX(Y10:Y12) -> 10 | Z22: =MAX(Z10:Z12) -> 16 | ... AF22: =MAX(AF10:AF12) -> 365
B23: 10.15 - 10.30 | C23: 15 | D23: 7 | E23: 1 | F23: 27 | G23: 1 | H23: 0 | I23: 2 | J23: 5 | K23: 3 | L23: 11 | M23: 35 | N23: 0 | O23: =SUM(C23:L23,N23) -> 72 | P23: =SUM(C23:N23) -> 107 | R23: IP Peak Hr | S23: =MAX(S13:S18) -> 81 | T23: =MAX(T13:T18) -> 30 | U23: =MAX(U13:U18) -> 18 | V23: =MAX(V13:V18) -> 120 | W23: =MAX(W13:W18) -> 5 | X23: =MAX(X13:X18) -> 5 | Y23: =MAX(Y13:Y18) -> 15 | Z23: =MAX(Z13:Z18) -> 40 | ... AF23: =MAX(AF13:AF18) -> 430
B24: 10.30 - 10.45 | C24: 14 | D24: 4 | E24: 2 | F24: 28 | G24: 0 | H24: 0 | I24: 4 | J24: 9 | K24: 0 | L24: 11 | M24: 23 | N24: 0 | O24: =SUM(C24:L24,N24) -> 72 | P24: =SUM(C24:N24) -> 95 | R24: PM Peak Hr | S24: =MAX(S19:S21) -> 107 | T24: =MAX(T19:T21) -> 26 | U24: =MAX(U19:U21) -> 36 | V24: =MAX(V19:V21) -> 128 | W24: =MAX(W19:W21) -> 10 | X24: =MAX(X19:X21) -> 6 | Y24: =MAX(Y19:Y21) -> 17 | Z24: =MAX(Z19:Z21) -> 41 | ... AF24: =MAX(AF19:AF21) -> 508
B25: 10.45 - 11.00 | C25: 11 | D25: 12 | E25: 2 | F25: 25 | G25: 0 | H25: 1 | I25: 6 | J25: 5 | K25: 0 | L25: 12 | M25: 33 | N25: 0 | O25: =SUM(C25:L25,N25) -> 74 | P25: =SUM(C25:N25) -> 107 | R25: AM Period | S25: =SUM(S10:S12) -> 116 | T25: =SUM(T10:T12) -> 38 | U25: =SUM(U10:U12) -> 35 | V25: =SUM(V10:V12) -> 338 | W25: =SUM(W10:W12) -> 31 | X25: =SUM(X10:X12) -> 17 | Y25: =SUM(Y10:Y12) -> 22 | Z25: =SUM(Z10:Z12) -> 34 | ... AF25: =SUM(AF10:AF12) -> 988
B26: 11.00 - 11.15 | C26: 12 | D26: 5 | E26: 2 | F26: 23 | G26: 2 | H26: 0 | I26: 1 | J26: 7 | K26: 1 | L26: 10 | M26: 30 | N26: 0 | O26: =SUM(C26:L26,N26) -> 63 | P26: =SUM(C26:N26) -> 93 | R26: IP Period | S26: =SUM(S13:S18) -> 353 | T26: =SUM(T13:T18) -> 134 | U26: =SUM(U13:U18) -> 80 | V26: =SUM(V13:V18) -> 649 | W26: =SUM(W13:W18) -> 16 | X26: =SUM(X13:X18) -> 14 | Y26: =SUM(Y13:Y18) -> 71 | Z26: =SUM(Z13:Z18) -> 171 | ... AF26: =SUM(AF13:AF18) -> 2343
B27: 11.15 - 11.30 | C27: 7 | D27: 2 | E27: 5 | F27: 24 | G27: 0 | H27: 2 | I27: 3 | J27: 9 | K27: 0 | L27: 10 | M27: 15 | N27: 0 | O27: =SUM(C27:L27,N27) -> 62 | P27: =SUM(C27:N27) -> 77 | R27: PM Period | S27: =SUM(S19:S21) -> 276 | T27: =SUM(T19:T21) -> 69 | U27: =SUM(U19:U21) -> 87 | V27: =SUM(V19:V21) -> 359 | W27: =SUM(W19:W21) -> 16 | X27: =SUM(X19:X21) -> 10 | Y27: =SUM(Y19:Y21) -> 31 | Z27: =SUM(Z19:Z21) -> 98 | ... AF27: =SUM(AF19:AF21) -> 1449
B28: 11.30 - 11.45 | C28: 10 | D28: 6 | E28: 4 | F28: 28 | G28: 0 | H28: 1 | I28: 5 | J28: 4 | K28: 1 | L28: 11 | M28: 23 | N28: 0 | O28: =SUM(C28:L28,N28) -> 70 | P28: =SUM(C28:N28) -> 93 | R28: 12 Hours | S28: =SUM(S10:S21) -> 745 | T28: =SUM(T10:T21) -> 241 | U28: =SUM(U10:U21) -> 202 | V28: =SUM(V10:V21) -> 1346 | W28: =SUM(W10:W21) -> 63 | X28: =SUM(X10:X21) -> 41 | Y28: =SUM(Y10:Y21) -> 124 | Z28: =SUM(Z10:Z21) -> 303 | ... AF28: =SUM(AF10:AF21) -> 4780
B29: 11.45 - 12.00 | C29: 15 | D29: 2 | E29: 4 | F29: 29 | G29: 0 | H29: 0 | I29: 1 | J29: 11 | K29: 1 | L29: 6 | M29: 19 | N29: 0 | O29: =SUM(C29:L29,N29) -> 69 | P29: =SUM(C29:N29) -> 88
B30: 12.00 - 12.15 | C30: 18 | D30: 2 | E30: 2 | F30: 29 | G30: 0 | H30: 0 | I30: 2 | J30: 7 | K30: 4 | L30: 15 | M30: 16 | N30: 0 | O30: =SUM(C30:L30,N30) -> 79 | P30: =SUM(C30:N30) -> 95
B31: 12.15 - 12.30 | C31: 12 | D31: 2 | E31: 2 | F31: 34 | G31: 1 | H31: 0 | I31: 4 | J31: 6 | K31: 0 | L31: 7 | M31: 24 | N31: 0 | O31: =SUM(C31:L31,N31) -> 68 | P31: =SUM(C31:N31) -> 92
B32: 12.30 - 12.45 | C32: 12 | D32: 7 | E32: 5 | F32: 30 | G32: 0 | H32: 0 | I32: 3 | J32: 7 | K32: 0 | L32: 10 | M32: 21 | N32: 0 | O32: =SUM(C32:L32,N32) -> 74 | P32: =SUM(C32:N32) -> 95
B33: 12.45 - 13.00 | C33: 12 | D33: 4 | E33: 0 | F33: 24 | G33: 0 | H33: 1 | I33: 3 | J33: 8 | K33: 2 | L33: 15 | M33: 18 | N33: 0 | O33: =SUM(C33:L33,N33) -> 69 | P33: =SUM(C33:N33) -> 87
B34: 13.00 - 13.15 | C34: 9 | D34: 6 | E34: 5 | F34: 22 | G34: 0 | H34: 0 | I34: 1 | J34: 1 | K34: 3 | L34: 12 | M34: 26 | N34: 0 | O34: =SUM(C34:L34,N34) -> 59 | P34: =SUM(C34:N34) -> 85
B35: 13.15 - 13.30 | C35: 11 | D35: 12 | E35: 2 | F35: 36 | G35: 1 | H35: 0 | I35: 5 | J35: 12 | K35: 5 | L35: 15 | M35: 35 | N35: 0 | O35: =SUM(C35:L35,N35) -> 99 | P35: =SUM(C35:N35) -> 134
B36: 13.30 - 13.45 | C36: 14 | D36: 8 | E36: 9 | F36: 23 | G36: 1 | H36: 1 | I36: 1 | J36: 4 | K36: 2 | L36: 5 | M36: 16 | N36: 0 | O36: =SUM(C36:L36,N36) -> 68 | P36: =SUM(C36:N36) -> 84
B37: 13.45 - 14.00 | C37: 12 | D37: 4 | E37: 2 | F37: 19 | G37: 1 | H37: 0 | I37: 2 | J37: 5 | K37: 0 | L37: 16 | M37: 22 | N37: 0 | O37: =SUM(C37:L37,N37) -> 61 | P37: =SUM(C37:N37) -> 83
B38: 14.00 - 14.15 | C38: 18 | D38: 9 | E38: 4 | F38: 23 | G38: 0 | H38: 1 | I38: 4 | J38: 2 | K38: 1 | L38: 12 | M38: 17 | N38: 0 | O38: =SUM(C38:L38,N38) -> 74 | P38: =SUM(C38:N38) -> 91
B39: 14.15 - 14.30 | C39: 21 | D39: 8 | E39: 2 | F39: 25 | G39: 2 | H39: 0 | I39: 5 | J39: 7 | K39: 2 | L39: 13 | M39: 20 | N39: 0 | O39: =SUM(C39:L39,N39) -> 85 | P39: =SUM(C39:N39) -> 105
B40: 14.30 - 14.45 | C40: 23 | D40: 7 | E40: 5 | F40: 33 | G40: 0 | H40: 1 | I40: 3 | J40: 10 | K40: 5 | L40: 12 | M40: 25 | N40: 0 | O40: =SUM(C40:L40,N40) -> 99 | P40: =SUM(C40:N40) -> 124
... B57: 18.45 - 19.00 | C57: 21 | D57: 9 | E57: 2 | F57: 23 | G57: 1 | H57: 0 | I57: 2 | J57: 5 | K57: 8 | L57: 22 | M57: 27 | N57: 0 | O57: =SUM(C57:L57,N57) -> 93 | P57: =SUM(C57:N57) -> 120
B58: Totals | C58: =SUM(C10:C57) -> 745 | D58: =SUM(D10:D57) -> 241 | E58: =SUM(E10:E57) -> 202 | F58: =SUM(F10:F57) -> 1346 | G58: =SUM(G10:G57) -> 63 | H58: =SUM(H10:H57) -> 41 | I58: =SUM(I10:I57) -> 124 | J58: =SUM(J10:J57) -> 303 | ... P58: =SUM(P10:P57) -> 4780
B59: %ges + MCs | C59: =C58/$P$58 -> 0.15585774 | D59: =D58/$P$58 -> 0.05041841 | E59: =E58/$P$58 -> 0.042259414 | F59: =F58/$P$58 -> 0.28158996 | G59: =G58/$P$58 -> 0.013179916 | H59: =H58/$P$58 -> 0.0085774059 | I59: =I58/$P$58 -> 0.025941423 | J59: =J58/$P$58 -> 0.063389121 | ... N59: =N58/$P$58 -> 0.00020920502
B60: %ges w/o MCs | C60: =C58/$O$58 -> 0.20059235 | D60: =D58/$O$58 -> 0.064889607 | E60: =E58/$O$58 -> 0.054388799 | F60: =F58/$O$58 -> 0.36241249 | G60: =G58/$O$58 -> 0.016962843 | H60: =H58/$O$58 -> 0.011039311 | I60: =I58/$O$58 -> 0.033387184 | J60: =J58/$O$58 -> 0.081583199 | ... L60: =L58/$O$58 -> 0.15185784 | N60: =N58/$O$58 -> 0.00026925148

Sheet 18.10 Kampala-Jinja
B1: Consultancy services for Preparation of Expressway Development Master Plan (EDMP) for Uganda
B2: MANUAL CLASSIFIED COUNT (MCC)
B3: ROAD NAME: | C3: ='17.10 Kampala-Jinja'!C3:G3 -> MCC - C 4- STN19 -Kampala-Jinja highway
C5: Date | D5: ='18.10 Jinja-Kampala'!D5 -> 18.10.19 | F5: Location | G5: ='17.10 jinja-kampala'!G5:H5 -> Nakibbizi | J5: Surveyor | K5: Jerome
C6: Dir. From | D6: ='17.10 Kampala-Jinja'!D6:E6 -> Kampala | F6: Dir. To | G6: ='17.10 Kampala-Jinja'!G6:H6 -> Jinja | J6: Supervisor | K6: ='17.10 jinja-kampala'!K6:L6 -> Emma
B8: Time / Veh Type | R8: SUMMARY TRAFFIC VOLUMES
C9: 1. Car | D9: 2. Station Wagon | E9: 3. Pickups | F9: 4. Minibus, matatu | G9: 5. Medium bus | H9: 6. Large Bus | I9: 7. Light Truck | J9: 8. Medium Truck | K9: 9. Heavy truck | L9: 10. Truck Trailer | M9: 11. Motor cycles | N9: 12. Tractors | O9: Total Excl M/Cycles | P9: Total All | R9: Time | S9: 1. Car | T9: 2. Station Wagon | U9: 3. Pickups | V9: 4. Minibus, matatu | W9: 5. Medium bus | X9: 6. Large Bus | Y9: 7. Light Truck | Z9: 8. Medium Truck | AA9: 9. Heavy truck | AB9: 10. Truck Trailer | AC9: 11. Motorcycles | AD9: 12. Tractors, Graders | AE9: Total Excl M/ Cycles | AF9: Total All
B10: 07.00 - 07.15 | C10: 5 | D10: 0 | E10: 2 | F10: 30 | G10: 1 | H10: 0 | I10: 4 | J10: 3 | K10: 1 | L10: 19 | M10: 12 | N10: 0 | O10: =SUM(C10:L10,N10) -> 65 | P10: =SUM(C10:N10) -> 77 | R10: 0700-0800 | S10: =SUM(C10:C13) -> 34 | T10: =SUM(D10:D13) -> 19 | U10: =SUM(E10:E13) -> 16 | V10: =SUM(F10:F13) -> 111 | W10: =SUM(G10:G13) -> 2 | X10: =SUM(H10:H13) -> 1 | Y10: =SUM(I10:I13) -> 11 | Z10: =SUM(J10:J13) -> 18 | ... AF10: =SUM(P10:P13) -> 348
B11: 07.15 - 07.30 | C11: 12 | D11: 7 | E11: 2 | F11: 22 | G11: 0 | H11: 0 | I11: 1 | J11: 6 | K11: 3 | L11: 7 | M11: 20 | N11: 0 | O11: =SUM(C11:L11,N11) -> 60 | P11: =SUM(C11:N11) -> 80 | R11: 0800-0900 | S11: =SUM(C14:C17) -> 45 | T11: =SUM(D14:D17) -> 18 | U11: =SUM(E14:E17) -> 16 | V11: =SUM(F14:F17) -> 117 | W11: =SUM(G14:G17) -> 1 | X11: =SUM(H14:H17) -> 2 | Y11: =SUM(I14:I17) -> 8 | Z11: =SUM(J14:J17) -> 17 | ... AF11: =SUM(P14:P17) -> 321
B12: 07.30 - 07.45 | C12: 4 | D12: 3 | E12: 3 | F12: 31 | G12: 1 | H12: 0 | I12: 4 | J12: 6 | K12: 2 | L12: 16 | M12: 26 | N12: 0 | O12: =SUM(C12:L12,N12) -> 70 | P12: =SUM(C12:N12) -> 96 | R12: 0900-1000 | S12: =SUM(C18:C21) -> 56 | T12: =SUM(D18:D21) -> 34 | U12: =SUM(E18:E21) -> 18 | V12: =SUM(F18:F21) -> 109 | W12: =SUM(G18:G21) -> 4 | X12: =SUM(H18:H21) -> 0 | Y12: =SUM(I18:I21) -> 9 | Z12: =SUM(J18:J21) -> 14 | ... AF12: =SUM(P18:P21) -> 336
B13: 07.45 - 08.00 | C13: 13 | D13: 9 | E13: 9 | F13: 28 | G13: 0 | H13: 1 | I13: 2 | J13: 3 | K13: 1 | L13: 4 | M13: 25 | N13: 0 | O13: =SUM(C13:L13,N13) -> 70 | P13: =SUM(C13:N13) -> 95 | R13: 1000-1100 | S13: =SUM(C22:C25) -> 51 | T13: =SUM(D22:D25) -> 23 | U13: =SUM(E22:E25) -> 16 | V13: =SUM(F22:F25) -> 129 | W13: =SUM(G22:G25) -> 4 | X13: =SUM(H22:H25) -> 2 | Y13: =SUM(I22:I25) -> 2 | Z13: =SUM(J22:J25) -> 21 | ... AF13: =SUM(P22:P25) -> 343
B14: 08.00 - 08.15 | C14: 12 | D14: 9 | E14: 3 | F14: 34 | G14: 1 | H14: 0 | I14: 2 | J14: 3 | K14: 0 | L14: 7 | M14: 13 | N14: 0 | O14: =SUM(C14:L14,N14) -> 71 | P14: =SUM(C14:N14) -> 84 | R14: 1100-1200 | S14: =SUM(C26:C29) -> 53 | T14: =SUM(D26:D29) -> 29 | U14: =SUM(E26:E29) -> 22 | V14: =SUM(F26:F29) -> 103 | W14: =SUM(G26:G29) -> 2 | X14: =SUM(H26:H29) -> 3 | Y14: =SUM(I26:I29) -> 6 | Z14: =SUM(J26:J29) -> 28 | ... AF14: =SUM(P26:P29) -> 366
B15: 08.15 - 08.30 | C15: 14 | D15: 6 | E15: 7 | F15: 32 | G15: 0 | H15: 0 | I15: 4 | J15: 4 | K15: 0 | L15: 7 | M15: 13 | N15: 0 | O15: =SUM(C15:L15,N15) -> 74 | P15: =SUM(C15:N15) -> 87 | R15: 1200-1300 | S15: =SUM(C30:C33) -> 41 | T15: =SUM(D30:D33) -> 21 | U15: =SUM(E30:E33) -> 15 | V15: =SUM(F30:F33) -> 121 | W15: =SUM(G30:G33) -> 7 | X15: =SUM(H30:H33) -> 3 | Y15: =SUM(I30:I33) -> 7 | Z15: =SUM(J30:J33) -> 24 | ... AF15: =SUM(P30:P33) -> 370
B16: 08.30 - 08.45 | C16: 10 | D16: 2 | E16: 2 | F16: 21 | G16: 0 | H16: 1 | I16: 1 | J16: 4 | K16: 2 | L16: 2 | M16: 23 | N16: 0 | O16: =SUM(C16:L16,N16) -> 45 | P16: =SUM(C16:N16) -> 68 | R16: 1300-1400 | S16: =SUM(C34:C37) -> 60 | T16: =SUM(D34:D37) -> 29 | U16: =SUM(E34:E37) -> 13 | V16: =SUM(F34:F37) -> 120 | W16: =SUM(G34:G37) -> 8 | X16: =SUM(H34:H37) -> 1 | Y16: =SUM(I34:I37) -> 22 | Z16: =SUM(J34:J37) -> 31 | ... AF16: =SUM(P34:P37) -> 435
B17: 08.45 - 9.00 | C17: 9 | D17: 1 | E17: 4 | F17: 30 | G17: 0 | H17: 1 | I17: 1 | J17: 6 | K17: 3 | L17: 5 | M17: 22 | N17: 0 | O17: =SUM(C17:L17,N17) -> 60 | P17: =SUM(C17:N17) -> 82 | R17: 1400-1500 | S17: =SUM(C38:C41) -> 46 | T17: =SUM(D38:D41) -> 17 | U17: =SUM(E38:E41) -> 19 | V17: =SUM(F38:F41) -> 135 | W17: =SUM(G38:G41) -> 8 | X17: =SUM(H38:H41) -> 4 | Y17: =SUM(I38:I41) -> 17 | Z17: =SUM(J38:J41) -> 27 | ... AF17: =SUM(P38:P41) -> 424
B18: 09.00 - 09.15 | C18: 12 | D18: 9 | E18: 5 | F18: 24 | G18: 3 | H18: 0 | I18: 1 | J18: 2 | K18: 1 | L18: 5 | M18: 17 | N18: 0 | O18: =SUM(C18:L18,N18) -> 62 | P18: =SUM(C18:N18) -> 79 | R18: 1500-1600 | S18: =SUM(C42:C45) -> 46 | T18: =SUM(D42:D45) -> 31 | U18: =SUM(E42:E45) -> 18 | V18: =SUM(F42:F45) -> 124 | W18: =SUM(G42:G45) -> 6 | X18: =SUM(H42:H45) -> 3 | Y18: =SUM(I42:I45) -> 22 | Z18: =SUM(J42:J45) -> 26 | ... AF18: =SUM(P42:P45) -> 403
B19: 09.15 - 09.30 | C19: 15 | D19: 8 | E19: 9 | F19: 28 | G19: 0 | H19: 0 | I19: 2 | J19: 3 | K19: 1 | L19: 4 | M19: 17 | N19: 0 | O19: =SUM(C19:L19,N19) -> 70 | P19: =SUM(C19:N19) -> 87 | R19: 1600-1700 | S19: =SUM(C46:C49) -> 62 | T19: =SUM(D46:D49) -> 28 | U19: =SUM(E46:E49) -> 25 | V19: =SUM(F46:F49) -> 106 | W19: =SUM(G46:G49) -> 5 | X19: =SUM(H46:H49) -> 1 | Y19: =SUM(I46:I49) -> 16 | Z19: =SUM(J46:J49) -> 33 | ... AF19: =SUM(P46:P49) -> 414
B20: 09.30 - 09.45 | C20: 8 | D20: 5 | E20: 3 | F20: 21 | G20: 0 | H20: 0 | I20: 2 | J20: 5 | K20: 0 | L20: 3 | M20: 22 | N20: 0 | O20: =SUM(C20:L20,N20) -> 47 | P20: =SUM(C20:N20) -> 69 | R20: 1700-1800 | S20: =SUM(C50:C53) -> 86 | T20: =SUM(D50:D53) -> 42 | U20: =SUM(E50:E53) -> 21 | V20: =SUM(F50:F53) -> 152 | W20: =SUM(G50:G53) -> 7 | X20: =SUM(H50:H53) -> 2 | Y20: =SUM(I50:I53) -> 22 | Z20: =SUM(J50:J53) -> 30 | ... AF20: =SUM(P50:P53) -> 562
B21: 09.45 - 10.00 | C21: 21 | D21: 12 | E21: 1 | F21: 36 | G21: 1 | H21: 0 | I21: 4 | J21: 4 | K21: 2 | L21: 5 | M21: 15 | N21: 0 | O21: =SUM(C21:L21,N21) -> 86 | P21: =SUM(C21:N21) -> 101 | R21: 1800-1900 | S21: =SUM(C54:C57) -> 68 | T21: =SUM(D54:D57) -> 24 | U21: =SUM(E54:E57) -> 20 | V21: =SUM(F54:F57) -> 109 | W21: =SUM(G54:G57) -> 4 | X21: =SUM(H54:H57) -> 5 | Y21: =SUM(I54:I57) -> 16 | Z21: =SUM(J54:J57) -> 23 | ... AF21: =SUM(P54:P57) -> 455
B22: 10.00 - 10.15 | C22: 12 | D22: 7 | E22: 4 | F22: 29 | G22: 2 | H22: 1 | I22: 1 | J22: 3 | K22: 0 | L22: 3 | M22: 25 | N22: 0 | O22: =SUM(C22:L22,N22) -> 62 | P22: =SUM(C22:N22) -> 87 | R22: AM Peak Hr | S22: =MAX(S10:S12) -> 56 | T22: =MAX(T10:T12) -> 34 | U22: =MAX(U10:U12) -> 18 | V22: =MAX(V10:V12) -> 117 | W22: =MAX(W10:W12) -> 4 | X22: =MAX(X10:X12) -> 2 | Y22: =MAX(Y10:Y12) -> 11 | Z22: =MAX(Z10:Z12) -> 18 | ... AF22: =MAX(AF10:AF12) -> 348
B23: 10.15 - 10.30 | C23: 14 | D23: 3 | E23: 1 | F23: 31 | G23: 1 | H23: 0 | I23: 0 | J23: 5 | K23: 0 | L23: 2 | M23: 21 | N23: 0 | O23: =SUM(C23:L23,N23) -> 57 | P23: =SUM(C23:N23) -> 78 | R23: IP Peak Hr | S23: =MAX(S13:S18) -> 60 | T23: =MAX(T13:T18) -> 31 | U23: =MAX(U13:U18) -> 22 | V23: =MAX(V13:V18) -> 135 | W23: =MAX(W13:W18) -> 8 | X23: =MAX(X13:X18) -> 4 | Y23: =MAX(Y13:Y18) -> 22 | Z23: =MAX(Z13:Z18) -> 31 | ... AF23: =MAX(AF13:AF18) -> 435
B24: 10.30 - 10.45 | C24: 14 | D24: 7 | E24: 7 | F24: 35 | G24: 0 | H24: 1 | I24: 0 | J24: 9 | K24: 0 | L24: 2 | M24: 26 | N24: 0 | O24: =SUM(C24:L24,N24) -> 75 | P24: =SUM(C24:N24) -> 101 | R24: PM Peak Hr | S24: =MAX(S19:S21) -> 86 | T24: =MAX(T19:T21) -> 42 | U24: =MAX(U19:U21) -> 25 | V24: =MAX(V19:V21) -> 152 | W24: =MAX(W19:W21) -> 7 | X24: =MAX(X19:X21) -> 5 | Y24: =MAX(Y19:Y21) -> 22 | Z24: =MAX(Z19:Z21) -> 33 | ... AF24: =MAX(AF19:AF21) -> 562
B25: 10.45 - 11.00 | C25: 11 | D25: 6 | E25: 4 | F25: 34 | G25: 1 | H25: 0 | I25: 1 | J25: 4 | K25: 0 | L25: 4 | M25: 12 | N25: 0 | O25: =SUM(C25:L25,N25) -> 65 | P25: =SUM(C25:N25) -> 77 | R25: AM Period | S25: =SUM(S10:S12) -> 135 | T25: =SUM(T10:T12) -> 71 | U25: =SUM(U10:U12) -> 50 | V25: =SUM(V10:V12) -> 337 | W25: =SUM(W10:W12) -> 7 | X25: =SUM(X10:X12) -> 3 | Y25: =SUM(Y10:Y12) -> 28 | Z25: =SUM(Z10:Z12) -> 49 | ... AF25: =SUM(AF10:AF12) -> 1005
B26: 11.00 - 11.15 | C26: 13 | D26: 6 | E26: 6 | F26: 31 | G26: 0 | H26: 1 | I26: 2 | J26: 4 | K26: 0 | L26: 3 | M26: 24 | N26: 0 | O26: =SUM(C26:L26,N26) -> 66 | P26: =SUM(C26:N26) -> 90 | R26: IP Period | S26: =SUM(S13:S18) -> 297 | T26: =SUM(T13:T18) -> 150 | U26: =SUM(U13:U18) -> 103 | V26: =SUM(V13:V18) -> 732 | W26: =SUM(W13:W18) -> 35 | X26: =SUM(X13:X18) -> 16 | Y26: =SUM(Y13:Y18) -> 76 | Z26: =SUM(Z13:Z18) -> 157 | ... AF26: =SUM(AF13:AF18) -> 2341
B27: 11.15 - 11.30 | C27: 14 | D27: 10 | E27: 5 | F27: 29 | G27: 1 | H27: 2 | I27: 0 | J27: 7 | K27: 1 | L27: 5 | M27: 32 | N27: 0 | O27: =SUM(C27:L27,N27) -> 74 | P27: =SUM(C27:N27) -> 106 | R27: PM Period | S27: =SUM(S19:S21) -> 216 | T27: =SUM(T19:T21) -> 94 | U27: =SUM(U19:U21) -> 66 | V27: =SUM(V19:V21) -> 367 | W27: =SUM(W19:W21) -> 16 | X27: =SUM(X19:X21) -> 8 | Y27: =SUM(Y19:Y21) -> 54 | Z27: =SUM(Z19:Z21) -> 86 | ... AF27: =SUM(AF19:AF21) -> 1431
B28: 11.30 - 11.45 | C28: 8 | D28: 8 | E28: 6 | F28: 23 | G28: 0 | H28: 0 | I28: 3 | J28: 8 | K28: 0 | L28: 8 | M28: 20 | N28: 0 | O28: =SUM(C28:L28,N28) -> 64 | P28: =SUM(C28:N28) -> 84 | R28: 12 Hours | S28: =SUM(S10:S21) -> 648 | T28: =SUM(T10:T21) -> 315 | U28: =SUM(U10:U21) -> 219 | V28: =SUM(V10:V21) -> 1436 | W28: =SUM(W10:W21) -> 58 | X28: =SUM(X10:X21) -> 27 | Y28: =SUM(Y10:Y21) -> 158 | Z28: =SUM(Z10:Z21) -> 292 | ... AF28: =SUM(AF10:AF21) -> 4777
B29: 11.45 - 12.00 | C29: 18 | D29: 5 | E29: 5 | F29: 20 | G29: 1 | H29: 0 | I29: 1 | J29: 9 | K29: 1 | L29: 8 | M29: 18 | N29: 0 | O29: =SUM(C29:L29,N29) -> 68 | P29: =SUM(C29:N29) -> 86
B30: 12.00 - 12.15 | C30: 14 | D30: 7 | E30: 5 | F30: 41 | G30: 1 | H30: 0 | I30: 3 | J30: 9 | K30: 2 | L30: 1 | M30: 20 | N30: 0 | O30: =SUM(C30:L30,N30) -> 83 | P30: =SUM(C30:N30) -> 103
B31: 12.15 - 12.30 | C31: 9 | D31: 2 | E31: 3 | F31: 23 | G31: 2 | H31: 3 | I31: 1 | J31: 7 | K31: 1 | L31: 8 | M31: 24 | N31: 0 | O31: =SUM(C31:L31,N31) -> 59 | P31: =SUM(C31:N31) -> 83
B32: 12.30 - 12.45 | C32: 11 | D32: 8 | E32: 5 | F32: 20 | G32: 0 | H32: 0 | I32: 3 | J32: 4 | K32: 1 | L32: 14 | M32: 19 | N32: 0 | O32: =SUM(C32:L32,N32) -> 66 | P32: =SUM(C32:N32) -> 85
B33: 12.45 - 13.00 | C33: 7 | D33: 4 | E33: 2 | F33: 37 | G33: 4 | H33: 0 | I33: 0 | J33: 4 | K33: 3 | L33: 12 | M33: 26 | N33: 0 | O33: =SUM(C33:L33,N33) -> 73 | P33: =SUM(C33:N33) -> 99
B34: 13.00 - 13.15 | C34: 14 | D34: 3 | E34: 4 | F34: 30 | G34: 2 | H34: 0 | I34: 9 | J34: 8 | K34: 1 | L34: 10 | M34: 24 | N34: 0 | O34: =SUM(C34:L34,N34) -> 81 | P34: =SUM(C34:N34) -> 105
B35: 13.15 - 13.30 | C35: 12 | D35: 9 | E35: 3 | F35: 31 | G35: 4 | H35: 0 | I35: 3 | J35: 13 | K35: 0 | L35: 13 | M35: 20 | N35: 0 | O35: =SUM(C35:L35,N35) -> 88 | P35: =SUM(C35:N35) -> 108
B36: 13.30 - 13.45 | C36: 21 | D36: 8 | E36: 4 | F36: 37 | G36: 0 | H36: 0 | I36: 8 | J36: 4 | K36: 1 | L36: 15 | M36: 33 | N36: 0 | O36: =SUM(C36:L36,N36) -> 98 | P36: =SUM(C36:N36) -> 131
B37: 13.45 - 14.00 | C37: 13 | D37: 9 | E37: 2 | F37: 22 | G37: 2 | H37: 1 | I37: 2 | J37: 6 | K37: 0 | L37: 17 | M37: 17 | N37: 0 | O37: =SUM(C37:L37,N37) -> 74 | P37: =SUM(C37:N37) -> 91
B38: 14.00 - 14.15 | C38: 9 | D38: 8 | E38: 5 | F38: 32 | G38: 4 | H38: 2 | I38: 3 | J38: 3 | K38: 9 | L38: 10 | M38: 14 | N38: 0 | O38: =SUM(C38:L38,N38) -> 85 | P38: =SUM(C38:N38) -> 99
B39: 14.15 - 14.30 | C39: 12 | D39: 5 | E39: 5 | F39: 37 | G39: 1 | H39: 0 | I39: 4 | J39: 12 | K39: 2 | L39: 20 | M39: 21 | N39: 0 | O39: =SUM(C39:L39,N39) -> 98 | P39: =SUM(C39:N39) -> 119
B40: 14.30 - 14.45 | C40: 14 | D40: 0 | E40: 6 | F40: 32 | G40: 2 | H40: 1 | I40: 3 | J40: 8 | K40: 1 | L40: 15 | M40: 20 | N40: 0 | O40: =SUM(C40:L40,N40) -> 82 | P40: =SUM(C40:N40) -> 102
... B57: 18.45 - 19.00 | C57: 35 | D57: 2 | E57: 8 | F57: 15 | G57: 1 | H57: 3 | I57: 3 | J57: 5 | K57: 0 | L57: 30 | M57: 40 | N57: 0 | O57: =SUM(C57:L57,N57) -> 102 | P57: =SUM(C57:N57) -> 142
B58: Totals | C58: =SUM(C10:C57) -> 648 | D58: =SUM(D10:D57) -> 315 | E58: =SUM(E10:E57) -> 219 | F58: =SUM(F10:F57) -> 1436 | G58: =SUM(G10:G57) -> 58 | H58: =SUM(H10:H57) -> 27 | I58: =SUM(I10:I57) -> 158 | J58: =SUM(J10:J57) -> 292 | ... P58: =SUM(P10:P57) -> 4777
B59: %ges + MCs | C59: =C58/$P$58 -> 0.13564999 | D59: =D58/$P$58 -> 0.065940967 | E59: =E58/$P$58 -> 0.045844672 | F59: =F58/$P$58 -> 0.30060708 | G59: =G58/$P$58 -> 0.012141511 | H59: =H58/$P$58 -> 0.0056520829 | I59: =I58/$P$58 -> 0.033075152 | J59: =J58/$P$58 -> 0.06112623 | ... N59: =N58/$P$58 -> 0.00041867281
B60: %ges w/o MCs | C60: =C58/$O$58 -> 0.17088608 | D60: =D58/$O$58 -> 0.08306962 | E60: =E58/$O$58 -> 0.057753165 | F60: =F58/$O$58 -> 0.37869198 | G60: =G58/$O$58 -> 0.015295359 | H60: =H58/$O$58 -> 0.0071202532 | I60: =I58/$O$58 -> 0.041666667 | J60: =J58/$O$58 -> 0.077004219 | ... L60: =L58/$O$58 -> 0.15031646 | N60: =N58/$O$58 -> 0.00052742616

Sheet 19.10 Jinja-Kampala-24hr
B1: Consultancy services for Preparation of Expressway Development Master Plan (EDMP) for Uganda
B2: MANUAL CLASSIFIED COUNT (MCC)
B3: ROAD NAME: | C3: ='17.10 jinja-kampala'!C3:G3 -> MCC - C 4- STN19 -Kampala-Jinja highway
C5: Date | D5: 19.10.19 | F5: Location | G5: ='27.10 KAMPALA-JINJA'!G5:H5 -> Nakibbizi | J5: Surveyor | K5: ='27.10 KAMPALA-JINJA'!K5:L5 -> JEROME
C6: Dir. From | D6: ='17.10 jinja-kampala'!D6:E6 -> Jinja | F6: Dir. To | G6: ='17.10 jinja-kampala'!G6:H6 -> Kampala | J6: Supervisor | K6: ='27.10 KAMPALA-JINJA'!K6:L6 -> Emma
B8: Time / Veh Type | R8: SUMMARY TRAFFIC VOLUMES
C9: 1. Car | D9: 2. Station Wagon | E9: 3. Pickups | F9: 4. Minibus, matatu | G9: 5. Medium bus | H9: 6. Large Bus | I9: 7. Light Truck | J9: 8. Medium Truck | K9: 9. Heavy truck | L9: 10. Truck Trailer | M9: 11. Motor cycles | N9: 12. Tractors | O9: Total Excl M/Cycles | P9: Total All | R9: Time | S9: 1. Car | T9: 2. Station Wagon | U9: 3. Pickups | V9: 4. Minibus, matatu | W9: 5. Medium bus | X9: 6. Large Bus | Y9: 7. Light Truck | Z9: 8. Medium Truck | AA9: 9. Heavy truck | AB9: 10. Truck Trailer | AC9: 11. Motorcycles | AD9: 12. Tractors, Graders | AE9: Total Excl M/ Cycles | AF9: Total All
B10: 07.00 - 07.15 | C10: 9 | D10: 2 | E10: 0 | F10: 32 | G10: 0 | H10: 1 | I10: 2 | J10: 6 | K10: 2 | L10: 20 | M10: 15 | N10: 0 | O10: =SUM(C10:L10,N10) -> 74 | P10: =SUM(C10:N10) -> 89 | R10: 0700-0800 | S10: =SUM(C10:C13) -> 40 | T10: =SUM(D10:D13) -> 11 | U10: =SUM(E10:E13) -> 11 | V10: =SUM(F10:F13) -> 140 | W10: =SUM(G10:G13) -> 2 | X10: =SUM(H10:H13) -> 5 | Y10: =SUM(I10:I13) -> 6 | Z10: =SUM(J10:J13) -> 15 | ... AF10: =SUM(P10:P13) -> 354
B11: 07.15 - 07.30 | C11: 12 | D11: 4 | E11: 4 | F11: 40 | G11: 0 | H11: 3 | I11: 0 | J11: 4 | K11: 1 | L11: 5 | M11: 21 | N11: 0 | O11: =SUM(C11:L11,N11) -> 73 | P11: =SUM(C11:N11) -> 94 | R11: 0800-0900 | S11: =SUM(C14:C17) -> 59 | T11: =SUM(D14:D17) -> 20 | U11: =SUM(E14:E17) -> 11 | V11: =SUM(F14:F17) -> 145 | W11: =SUM(G14:G17) -> 2 | X11: =SUM(H14:H17) -> 5 | Y11: =SUM(I14:I17) -> 11 | Z11: =SUM(J14:J17) -> 19 | ... AF11: =SUM(P14:P17) -> 399
B12: 07.30 - 07.45 | C12: 7 | D12: 0 | E12: 4 | F12: 34 | G12: 1 | H12: 1 | I12: 4 | J12: 2 | K12: 2 | L12: 6 | M12: 14 | N12: 0 | O12: =SUM(C12:L12,N12) -> 61 | P12: =SUM(C12:N12) -> 75 | R12: 0900-1000 | S12: =SUM(C18:C21) -> 66 | T12: =SUM(D18:D21) -> 19 | U12: =SUM(E18:E21) -> 15 | V12: =SUM(F18:F21) -> 125 | W12: =SUM(G18:G21) -> 4 | X12: =SUM(H18:H21) -> 3 | Y12: =SUM(I18:I21) -> 18 | Z12: =SUM(J18:J21) -> 8 | ... AF12: =SUM(P18:P21) -> 397
B13: 07.45 - 08.00 | C13: 12 | D13: 5 | E13: 3 | F13: 34 | G13: 1 | H13: 0 | I13: 0 | J13: 3 | K13: 0 | L13: 17 | M13: 21 | N13: 0 | O13: =SUM(C13:L13,N13) -> 75 | P13: =SUM(C13:N13) -> 96 | R13: 1000-1100 | S13: =SUM(C22:C25) -> 65 | T13: =SUM(D22:D25) -> 23 | U13: =SUM(E22:E25) -> 14 | V13: =SUM(F22:F25) -> 118 | W13: =SUM(G22:G25) -> 5 | X13: =SUM(H22:H25) -> 3 | Y13: =SUM(I22:I25) -> 20 | Z13: =SUM(J22:J25) -> 16 | ... AF13: =SUM(P22:P25) -> 411
B14: 08.00 - 08.15 | C14: 22 | D14: 9 | E14: 5 | F14: 38 | G14: 0 | H14: 0 | I14: 3 | J14: 6 | K14: 3 | L14: 12 | M14: 23 | N14: 0 | O14: =SUM(C14:L14,N14) -> 98 | P14: =SUM(C14:N14) -> 121 | R14: 1100-1200 | S14: =SUM(C26:C29) -> 67 | T14: =SUM(D26:D29) -> 24 | U14: =SUM(E26:E29) -> 19 | V14: =SUM(F26:F29) -> 125 | W14: =SUM(G26:G29) -> 4 | X14: =SUM(H26:H29) -> 2 | Y14: =SUM(I26:I29) -> 9 | Z14: =SUM(J26:J29) -> 12 | ... AF14: =SUM(P26:P29) -> 418
B15: 08.15 - 08.30 | C15: 19 | D15: 6 | E15: 3 | F15: 34 | G15: 1 | H15: 3 | I15: 3 | J15: 5 | K15: 2 | L15: 9 | M15: 17 | N15: 0 | O15: =SUM(C15:L15,N15) -> 85 | P15: =SUM(C15:N15) -> 102 | R15: 1200-1300 | S15: =SUM(C30:C33) -> 97 | T15: =SUM(D30:D33) -> 24 | U15: =SUM(E30:E33) -> 15 | V15: =SUM(F30:F33) -> 116 | W15: =SUM(G30:G33) -> 1 | X15: =SUM(H30:H33) -> 2 | Y15: =SUM(I30:I33) -> 16 | Z15: =SUM(J30:J33) -> 27 | ... AF15: =SUM(P30:P33) -> 415
B16: 08.30 - 08.45 | C16: 5 | D16: 4 | E16: 2 | F16: 30 | G16: 1 | H16: 0 | I16: 2 | J16: 8 | K16: 2 | L16: 10 | M16: 21 | N16: 0 | O16: =SUM(C16:L16,N16) -> 64 | P16: =SUM(C16:N16) -> 85 | R16: 1300-1400 | S16: =SUM(C34:C37) -> 94 | T16: =SUM(D34:D37) -> 23 | U16: =SUM(E34:E37) -> 22 | V16: =SUM(F34:F37) -> 110 | W16: =SUM(G34:G37) -> 1 | X16: =SUM(H34:H37) -> 0 | Y16: =SUM(I34:I37) -> 19 | Z16: =SUM(J34:J37) -> 27 | ... AF16: =SUM(P34:P37) -> 440
B17: 08.45 - 9.00 | C17: 13 | D17: 1 | E17: 1 | F17: 43 | G17: 0 | H17: 2 | I17: 3 | J17: 0 | K17: 0 | L17: 8 | M17: 20 | N17: 0 | O17: =SUM(C17:L17,N17) -> 71 | P17: =SUM(C17:N17) -> 91 | R17: 1400-1500 | S17: =SUM(C38:C41) -> 68 | T17: =SUM(D38:D41) -> 18 | U17: =SUM(E38:E41) -> 7 | V17: =SUM(F38:F41) -> 90 | W17: =SUM(G38:G41) -> 0 | X17: =SUM(H38:H41) -> 3 | Y17: =SUM(I38:I41) -> 15 | Z17: =SUM(J38:J41) -> 13 | ... AF17: =SUM(P38:P41) -> 281
B18: 09.00 - 09.15 | C18: 16 | D18: 6 | E18: 3 | F18: 28 | G18: 3 | H18: 1 | I18: 3 | J18: 4 | K18: 1 | L18: 11 | M18: 31 | N18: 0 | O18: =SUM(C18:L18,N18) -> 76 | P18: =SUM(C18:N18) -> 107 | R18: 1500-1600 | S18: =SUM(C42:C45) -> 94 | T18: =SUM(D42:D45) -> 24 | U18: =SUM(E42:E45) -> 20 | V18: =SUM(F42:F45) -> 125 | W18: =SUM(G42:G45) -> 2 | X18: =SUM(H42:H45) -> 3 | Y18: =SUM(I42:I45) -> 12 | Z18: =SUM(J42:J45) -> 10 | ... AF18: =SUM(P42:P45) -> 428
B19: 09.15 - 09.30 | C19: 19 | D19: 3 | E19: 5 | F19: 27 | G19: 0 | H19: 1 | I19: 5 | J19: 2 | K19: 1 | L19: 7 | M19: 30 | N19: 0 | O19: =SUM(C19:L19,N19) -> 70 | P19: =SUM(C19:N19) -> 100 | R19: 1600-1700 | S19: =SUM(C46:C49) -> 53 | T19: =SUM(D46:D49) -> 30 | U19: =SUM(E46:E49) -> 14 | V19: =SUM(F46:F49) -> 116 | W19: =SUM(G46:G49) -> 6 | X19: =SUM(H46:H49) -> 2 | Y19: =SUM(I46:I49) -> 19 | Z19: =SUM(J46:J49) -> 18 | ... AF19: =SUM(P46:P49) -> 424
B20: 09.30 - 09.45 | C20: 16 | D20: 7 | E20: 6 | F20: 33 | G20: 0 | H20: 0 | I20: 5 | J20: 1 | K20: 1 | L20: 4 | M20: 19 | N20: 0 | O20: =SUM(C20:L20,N20) -> 73 | P20: =SUM(C20:N20) -> 92 | R20: 1700-1800 | S20: =SUM(C50:C53) -> 90 | T20: =SUM(D50:D53) -> 37 | U20: =SUM(E50:E53) -> 19 | V20: =SUM(F50:F53) -> 157 | W20: =SUM(G50:G53) -> 8 | X20: =SUM(H50:H53) -> 5 | Y20: =SUM(I50:I53) -> 21 | Z20: =SUM(J50:J53) -> 24 | ... AF20: =SUM(P50:P53) -> 486
B21: 09.45 - 10.00 | C21: 15 | D21: 3 | E21: 1 | F21: 37 | G21: 1 | H21: 1 | I21: 5 | J21: 1 | K21: 1 | L21: 8 | M21: 25 | N21: 0 | O21: =SUM(C21:L21,N21) -> 73 | P21: =SUM(C21:N21) -> 98 | R21: 1800-1900 | S21: =SUM(C54:C57) -> 116 | T21: =SUM(D54:D57) -> 32 | U21: =SUM(E54:E57) -> 17 | V21: =SUM(F54:F57) -> 140 | W21: =SUM(G54:G57) -> 11 | X21: =SUM(H54:H57) -> 3 | Y21: =SUM(I54:I57) -> 32 | Z21: =SUM(J54:J57) -> 29 | ... AF21: =SUM(P54:P57) -> 525
B22: 10.00 - 10.15 | C22: 11 | D22: 2 | E22: 4 | F22: 33 | G22: 2 | H22: 1 | I22: 7 | J22: 1 | K22: 0 | L22: 9 | M22: 24 | N22: 0 | O22: =SUM(C22:L22,N22) -> 70 | P22: =SUM(C22:N22) -> 94 | R22: 1900-2000 | S22: =SUM(C58:C61) -> 94 | T22: =SUM(D58:D61) -> 43 | U22: =SUM(E58:E61) -> 23 | V22: =SUM(F58:F61) -> 126 | W22: =SUM(G58:G61) -> 8 | X22: =SUM(H58:H61) -> 7 | Y22: =SUM(I58:I61) -> 5 | Z22: =SUM(J58:J61) -> 23 | ... AF22: =SUM(P58:P61) -> 472
B23: 10.15 - 10.30 | C23: 24 | D23: 6 | E23: 6 | F23: 30 | G23: 2 | H23: 0 | I23: 7 | J23: 5 | K23: 3 | L23: 8 | M23: 26 | N23: 0 | O23: =SUM(C23:L23,N23) -> 91 | P23: =SUM(C23:N23) -> 117 | R23: 2000-2100 | S23: =SUM(C62:C65) -> 107 | T23: =SUM(D62:D65) -> 55 | U23: =SUM(E62:E65) -> 25 | V23: =SUM(F62:F65) -> 105 | W23: =SUM(G62:G65) -> 7 | X23: =SUM(H62:H65) -> 2 | Y23: =SUM(I62:I65) -> 13 | Z23: =SUM(J62:J65) -> 24 | ... AF23: =SUM(P62:P65) -> 485
B24: 10.30 - 10.45 | C24: 12 | D24: 6 | E24: 3 | F24: 30 | G24: 0 | H24: 1 | I24: 3 | J24: 2 | K24: 0 | L24: 9 | M24: 24 | N24: 0 | O24: =SUM(C24:L24,N24) -> 66 | P24: =SUM(C24:N24) -> 90 | R24: 2100-2200 | S24: =SUM(C66:C69) -> 102 | T24: =SUM(D66:D69) -> 58 | U24: =SUM(E66:E69) -> 46 | V24: =SUM(F66:F69) -> 102 | W24: =SUM(G66:G69) -> 5 | X24: =SUM(H66:H69) -> 2 | Y24: =SUM(I66:I69) -> 6 | Z24: =SUM(J66:J69) -> 22 | ... AF24: =SUM(P66:P69) -> 471
B25: 10.45 - 11.00 | C25: 18 | D25: 9 | E25: 1 | F25: 25 | G25: 1 | H25: 1 | I25: 3 | J25: 8 | K25: 1 | L25: 14 | M25: 29 | N25: 0 | O25: =SUM(C25:L25,N25) -> 81 | P25: =SUM(C25:N25) -> 110 | R25: 2200-2300 | S25: =SUM(C70:C73) -> 59 | T25: =SUM(D70:D73) -> 26 | U25: =SUM(E70:E73) -> 12 | V25: =SUM(F70:F73) -> 69 | W25: =SUM(G70:G73) -> 1 | X25: =SUM(H70:H73) -> 2 | Y25: =SUM(I70:I73) -> 4 | Z25: =SUM(J70:J73) -> 26 | ... AF25: =SUM(P70:P73) -> 274
B26: 11.00 - 11.15 | C26: 21 | D26: 3 | E26: 3 | F26: 38 | G26: 0 | H26: 1 | I26: 4 | J26: 1 | K26: 1 | L26: 11 | M26: 31 | N26: 0 | O26: =SUM(C26:L26,N26) -> 83 | P26: =SUM(C26:N26) -> 114 | R26: 2300-0000 | S26: =SUM(C74:C77) -> 27 | T26: =SUM(D74:D77) -> 18 | U26: =SUM(E74:E77) -> 5 | V26: =SUM(F74:F77) -> 24 | W26: =SUM(G74:G77) -> 3 | X26: =SUM(H74:H77) -> 0 | Y26: =SUM(I74:I77) -> 7 | Z26: =SUM(J74:J77) -> 17 | ... AF26: =SUM(P74:P77) -> 152
B27: 11.15 - 11.30 | C27: 14 | D27: 9 | E27: 5 | F27: 29 | G27: 2 | H27: 0 | I27: 1 | J27: 5 | K27: 1 | L27: 10 | M27: 28 | N27: 0 | O27: =SUM(C27:L27,N27) -> 76 | P27: =SUM(C27:N27) -> 104 | R27: 0000-0100 | S27: =SUM(C78:C81) -> 2 | T27: =SUM(D78:D81) -> 1 | U27: =SUM(E78:E81) -> 1 | V27: =SUM(F78:F81) -> 4 | W27: =SUM(G78:G81) -> 0 | X27: =SUM(H78:H81) -> 0 | Y27: =SUM(I78:I81) -> 0 | Z27: =SUM(J78:J81) -> 0 | ... AF27: =SUM(P78:P81) -> 9
B28: 11.30 - 11.45 | C28: 16 | D28: 5 | E28: 5 | F28: 27 | G28: 0 | H28: 0 | I28: 2 | J28: 3 | K28: 0 | L28: 9 | M28: 30 | N28: 1 | O28: =SUM(C28:L28,N28) -> 68 | P28: =SUM(C28:N28) -> 98 | R28: 0100-0200 | S28: =SUM(C82:C85) -> 6 | T28: =SUM(D82:D85) -> 2 | U28: =SUM(E82:E85) -> 1 | V28: =SUM(F82:F85) -> 13 | W28: =SUM(G82:G85) -> 1 | X28: =SUM(H82:H85) -> 3 | Y28: =SUM(I82:I85) -> 5 | Z28: =SUM(J82:J85) -> 7 | ... AF28: =SUM(P82:P85) -> 55
B29: 11.45 - 12.00 | C29: 16 | D29: 7 | E29: 6 | F29: 31 | G29: 2 | H29: 1 | I29: 2 | J29: 3 | K29: 2 | L29: 9 | M29: 23 | N29: 0 | O29: =SUM(C29:L29,N29) -> 79 | P29: =SUM(C29:N29) -> 102 | R29: 0200-0300 | S29: =SUM(C86:C89) -> 3 | T29: =SUM(D86:D89) -> 3 | U29: =SUM(E86:E89) -> 0 | V29: =SUM(F86:F89) -> 3 | W29: =SUM(G86:G89) -> 0 | X29: =SUM(H86:H89) -> 3 | Y29: =SUM(I86:I89) -> 1 | Z29: =SUM(J86:J89) -> 9 | ... AF29: =SUM(P86:P89) -> 44
B30: 12.00 - 12.15 | C30: 30 | D30: 10 | E30: 3 | F30: 27 | G30: 0 | H30: 0 | I30: 2 | J30: 8 | K30: 0 | L30: 2 | M30: 20 | N30: 0 | O30: =SUM(C30:L30,N30) -> 82 | P30: =SUM(C30:N30) -> 102 | R30: 0300-0400 | S30: =SUM(C90:C93) -> 5 | T30: =SUM(D90:D93) -> 1 | U30: =SUM(E90:E93) -> 0 | V30: =SUM(F90:F93) -> 5 | W30: =SUM(G90:G93) -> 0 | X30: =SUM(H90:H93) -> 0 | Y30: =SUM(I90:I93) -> 2 | Z30: =SUM(J90:J93) -> 6 | ... AF30: =SUM(P90:P93) -> 40
B31: 12.15 - 12.30 | C31: 19 | D31: 3 | E31: 5 | F31: 35 | G31: 0 | H31: 1 | I31: 3 | J31: 5 | K31: 2 | L31: 3 | M31: 16 | N31: 0 | O31: =SUM(C31:L31,N31) -> 76 | P31: =SUM(C31:N31) -> 92 | R31: 0400-0500 | S31: =SUM(C94:C97) -> 10 | T31: =SUM(D94:D97) -> 5 | U31: =SUM(E94:E97) -> 3 | V31: =SUM(F94:F97) -> 17 | W31: =SUM(G94:G97) -> 4 | X31: =SUM(H94:H97) -> 4 | Y31: =SUM(I94:I97) -> 0 | Z31: =SUM(J94:J97) -> 10 | ... AF31: =SUM(P94:P97) -> 80
B32: 12.30 - 12.45 | C32: 24 | D32: 3 | E32: 5 | F32: 28 | G32: 0 | H32: 1 | I32: 6 | J32: 5 | K32: 1 | L32: 12 | M32: 25 | N32: 0 | O32: =SUM(C32:L32,N32) -> 85 | P32: =SUM(C32:N32) -> 110 | R32: 0500-0600 | S32: =SUM(C98:C101) -> 6 | T32: =SUM(D98:D101) -> 0 | U32: =SUM(E98:E101) -> 3 | V32: =SUM(F98:F101) -> 40 | W32: =SUM(G98:G101) -> 0 | X32: =SUM(H98:H101) -> 1 | Y32: =SUM(I98:I101) -> 5 | Z32: =SUM(J98:J101) -> 13 | ... AF32: =SUM(P98:P101) -> 122
B33: 12.45 - 13.00 | C33: 24 | D33: 8 | E33: 2 | F33: 26 | G33: 1 | H33: 0 | I33: 5 | J33: 9 | K33: 2 | L33: 14 | M33: 20 | N33: 0 | O33: =SUM(C33:L33,N33) -> 91 | P33: =SUM(C33:N33) -> 111 | R33: 0600-0700 | S33: =SUM(C102:C105) -> 21 | T33: =SUM(D102:D105) -> 6 | U33: =SUM(E102:E105) -> 5 | V33: =SUM(F102:F105) -> 85 | W33: =SUM(G102:G105) -> 0 | X33: =SUM(H102:H105) -> 2 | Y33: =SUM(I102:I105) -> 1 | Z33: =SUM(J102:J105) -> 11 | ... AF33: =SUM(P102:P105) -> 299
B34: 13.00 - 13.15 | C34: 20 | D34: 8 | E34: 4 | F34: 31 | G34: 0 | H34: 0 | I34: 3 | J34: 6 | K34: 0 | L34: 15 | M34: 21 | N34: 0 | O34: =SUM(C34:L34,N34) -> 87 | P34: =SUM(C34:N34) -> 108 | R34: AM Peak Hr | S34: =MAX(S10:S12) -> 66 | T34: =MAX(T10:T12) -> 20 | U34: =MAX(U10:U12) -> 15 | V34: =MAX(V10:V12) -> 145 | W34: =MAX(W10:W12) -> 4 | X34: =MAX(X10:X12) -> 5 | Y34: =MAX(Y10:Y12) -> 18 | Z34: =MAX(Z10:Z12) -> 19 | ... AF34: =MAX(AF10:AF12) -> 399
B35: 13.15 - 13.30 | C35: 28 | D35: 6 | E35: 6 | F35: 30 | G35: 0 | H35: 0 | I35: 4 | J35: 3 | K35: 2 | L35: 11 | M35: 17 | N35: 0 | O35: =SUM(C35:L35,N35) -> 90 | P35: =SUM(C35:N35) -> 107 | R35: IP Peak Hr | S35: =MAX(S13:S18) -> 97 | T35: =MAX(T13:T18) -> 24 | U35: =MAX(U13:U18) -> 22 | V35: =MAX(V13:V18) -> 125 | W35: =MAX(W13:W18) -> 5 | X35: =MAX(X13:X18) -> 3 | Y35: =MAX(Y13:Y18) -> 20 | Z35: =MAX(Z13:Z18) -> 27 | ... AF35: =MAX(AF13:AF18) -> 440
B36: 13.30 - 13.45 | C36: 19 | D36: 5 | E36: 9 | F36: 25 | G36: 0 | H36: 0 | I36: 7 | J36: 13 | K36: 2 | L36: 11 | M36: 20 | N36: 0 | O36: =SUM(C36:L36,N36) -> 91 | P36: =SUM(C36:N36) -> 111 | R36: PM Peak Hr | S36: =MAX(S19:S21) -> 116 | T36: =MAX(T19:T21) -> 37 | U36: =MAX(U19:U21) -> 19 | V36: =MAX(V19:V21) -> 157 | W36: =MAX(W19:W21) -> 11 | X36: =MAX(X19:X21) -> 5 | Y36: =MAX(Y19:Y21) -> 32 | Z36: =MAX(Z19:Z21) -> 29 | ... AF36: =MAX(AF19:AF21) -> 525
B37: 13.45 - 14.00 | C37: 27 | D37: 4 | E37: 3 | F37: 24 | G37: 1 | H37: 0 | I37: 5 | J37: 5 | K37: 0 | L37: 19 | M37: 26 | N37: 0 | O37: =SUM(C37:L37,N37) -> 88 | P37: =SUM(C37:N37) -> 114 | R37: AM Period | S37: =SUM(S10:S12) -> 165 | T37: =SUM(T10:T12) -> 50 | U37: =SUM(U10:U12) -> 37 | V37: =SUM(V10:V12) -> 410 | W37: =SUM(W10:W12) -> 8 | X37: =SUM(X10:X12) -> 13 | Y37: =SUM(Y10:Y12) -> 35 | Z37: =SUM(Z10:Z12) -> 42 | ... AF37: =SUM(AF10:AF12) -> 1150
B38: 14.00 - 14.15 | C38: 29 | D38: 1 | E38: 3 | F38: 25 | G38: 0 | H38: 0 | I38: 8 | J38: 4 | K38: 2 | L38: 14 | M38: 4 | N38: 0 | O38: =SUM(C38:L38,N38) -> 86 | P38: =SUM(C38:N38) -> 90 | R38: IP Period | S38: =SUM(S13:S18) -> 485 | T38: =SUM(T13:T18) -> 136 | U38: =SUM(U13:U18) -> 97 | V38: =SUM(V13:V18) -> 684 | W38: =SUM(W13:W18) -> 13 | X38: =SUM(X13:X18) -> 13 | Y38: =SUM(Y13:Y18) -> 91 | Z38: =SUM(Z13:Z18) -> 105 | ... AF38: =SUM(AF13:AF18) -> 2393
B39: 14.15 - 14.30 | C39: 14 | D39: 8 | E39: 2 | F39: 16 | G39: 0 | H39: 2 | I39: 5 | J39: 2 | K39: 0 | L39: 9 | M39: 1 | N39: 0 | O39: =SUM(C39:L39,N39) -> 58 | P39: =SUM(C39:N39) -> 59 | R39: PM Period | S39: =SUM(S19:S21) -> 259 | T39: =SUM(T19:T21) -> 99 | U39: =SUM(U19:U21) -> 50 | V39: =SUM(V19:V21) -> 413 | W39: =SUM(W19:W21) -> 25 | X39: =SUM(X19:X21) -> 10 | Y39: =SUM(Y19:Y21) -> 72 | Z39: =SUM(Z19:Z21) -> 71 | ... AF39: =SUM(AF19:AF21) -> 1435
B40: 14.30 - 14.45 | C40: 12 | D40: 4 | E40: 2 | F40: 29 | G40: 0 | H40: 1 | I40: 1 | J40: 3 | K40: 0 | L40: 19 | M40: 2 | N40: 0 | O40: =SUM(C40:L40,N40) -> 71 | P40: =SUM(C40:N40) -> 73 | R40: 12 Hours | S40: =SUM(S10:S21) -> 909 | T40: =SUM(T10:T21) -> 285 | U40: =SUM(U10:U21) -> 184 | V40: =SUM(V10:V21) -> 1507 | W40: =SUM(W10:W21) -> 46 | X40: =SUM(X10:X21) -> 36 | Y40: =SUM(Y10:Y21) -> 198 | Z40: =SUM(Z10:Z21) -> 218 | ... AF40: =SUM(AF10:AF21) -> 4978
B41: 14.45 - 15.00 | C41: 13 | D41: 5 | E41: 0 | F41: 20 | G41: 0 | H41: 0 | I41: 1 | J41: 4 | K41: 0 | L41: 8 | M41: 8 | N41: 0 | O41: =SUM(C41:L41,N41) -> 51 | P41: =SUM(C41:N41) -> 59 | R41: 24 Hrs/ADT | S41: =SUM(S10:S33) -> 1351 | T41: =SUM(T10:T33) -> 503 | U41: =SUM(U10:U33) -> 308 | V41: =SUM(V10:V33) -> 2100 | W41: =SUM(W10:W33) -> 75 | X41: =SUM(X10:X33) -> 62 | Y41: =SUM(Y10:Y33) -> 247 | Z41: =SUM(Z10:Z33) -> 386 | ... AF41: =SUM(AF10:AF33) -> 7481
B42: 15.00 - 15.15 | C42: 25 | D42: 8 | E42: 3 | F42: 27 | G42: 2 | H42: 0 | I42: 7 | J42: 2 | K42: 0 | L42: 13 | M42: 20 | N42: 0 | O42: =SUM(C42:L42,N42) -> 87 | P42: =SUM(C42:N42) -> 107 | R42: NEF | S42: =S41/S40 -> 1.4862486 | T42: =T41/T40 -> 1.7649123 | U42: =U41/U40 -> 1.673913 | V42: =V41/V40 -> 1.393497 | W42: =W41/W40 -> 1.6304348 | X42: =X41/X40 -> 1.7222222 | Y42: =Y41/Y40 -> 1.2474747 | Z42: =Z41/Z40 -> 1.7706422 | ... AF42: =AF41/AF40 -> 1.5028124
B43: 15.15 - 15.30 | C43: 19 | D43: 7 | E43: 5 | F43: 30 | G43: 0 | H43: 1 | I43: 0 | J43: 2 | K43: 2 | L43: 4 | M43: 17 | N43: 0 | O43: =SUM(C43:L43,N43) -> 70 | P43: =SUM(C43:N43) -> 87
B44: 15.30 - 15.45 | C44: 23 | D44: 5 | E44: 7 | F44: 36 | G44: 0 | H44: 1 | I44: 3 | J44: 3 | K44: 1 | L44: 12 | M44: 24 | N44: 0 | O44: =SUM(C44:L44,N44) -> 91 | P44: =SUM(C44:N44) -> 115
B45: 15.45 - 16.00 | C45: 27 | D45: 4 | E45: 5 | F45: 32 | G45: 0 | H45: 1 | I45: 2 | J45: 3 | K45: 0 | L45: 11 | M45: 34 | N45: 0 | O45: =SUM(C45:L45,N45) -> 85 | P45: =SUM(C45:N45) -> 119
B46: 16.00 - 16.15 | C46: 13 | D46: 6 | E46: 3 | F46: 28 | G46: 2 | H46: 1 | I46: 5 | J46: 4 | K46: 0 | L46: 5 | M46: 28 | N46: 0 | O46: =SUM(C46:L46,N46) -> 67 | P46: =SUM(C46:N46) -> 95
B47: 16.15 -16.30 | C47: 14 | D47: 7 | E47: 7 | F47: 28 | G47: 1 | H47: 0 | I47: 5 | J47: 6 | K47: 1 | L47: 16 | M47: 29 | N47: 0 | O47: =SUM(C47:L47,N47) -> 85 | P47: =SUM(C47:N47) -> 114
B48: 16.30 -16.45 | C48: 10 | D48: 12 | E48: 2 | F48: 33 | G48: 2 | H48: 0 | I48: 4 | J48: 5 | K48: 2 | L48: 16 | M48: 35 | N48: 0 | O48: =SUM(C48:L48,N48) -> 86 | P48: =SUM(C48:N48) -> 121
B49: 16.45 -17.00 | C49: 16 | D49: 5 | E49: 2 | F49: 27 | G49: 1 | H49: 1 | I49: 5 | J49: 3 | K49: 1 | L49: 8 | M49: 25 | N49: 0 | O49: =SUM(C49:L49,N49) -> 69 | P49: =SUM(C49:N49) -> 94
B50: 17.00 -17.15 | C50: 19 | D50: 7 | E50: 5 | F50: 40 | G50: 4 | H50: 0 | I50: 8 | J50: 4 | K50: 1 | L50: 15 | M50: 27 | N50: 0 | O50: =SUM(C50:L50,N50) -> 103 | P50: =SUM(C50:N50) -> 130
B51: 17.15 -17.30 | C51: 21 | D51: 11 | E51: 6 | F51: 37 | G51: 1 | H51: 3 | I51: 3 | J51: 5 | K51: 1 | L51: 7 | M51: 24 | N51: 0 | O51: =SUM(C51:L51,N51) -> 95 | P51: =SUM(C51:N51) -> 119
B52: 17.30 -17.45 | C52: 26 | D52: 5 | E52: 4 | F52: 41 | G52: 1 | H52: 1 | I52: 5 | J52: 7 | K52: 1 | L52: 9 | M52: 14 | N52: 0 | O52: =SUM(C52:L52,N52) -> 100 | P52: =SUM(C52:N52) -> 114
B53: 17.45 -18.00 | C53: 24 | D53: 14 | E53: 4 | F53: 39 | G53: 2 | H53: 1 | I53: 5 | J53: 8 | K53: 0 | L53: 7 | M53: 19 | N53: 0 | O53: =SUM(C53:L53,N53) -> 104 | P53: =SUM(C53:N53) -> 123
B54: 18.00 - 18.15 | C54: 24 | D54: 11 | E54: 2 | F54: 40 | G54: 0 | H54: 0 | I54: 6 | J54: 10 | K54: 0 | L54: 17 | M54: 23 | N54: 0 | O54: =SUM(C54:L54,N54) -> 110 | P54: =SUM(C54:N54) -> 133
... B105: 06.45 - 07.00 | C105: 9 | D105: 0 | E105: 3 | F105: 18 | G105: 0 | H105: 1 | I105: 1 | J105: 1 | K105: 3 | L105: 18 | M105: 5 | N105: 0 | O105: =SUM(C105:L105,N105) -> 54 | P105: =SUM(C105:N105) -> 59
B106: Totals | C106: =SUM(C10:C105) -> 1351 | D106: =SUM(D10:D105) -> 503 | E106: =SUM(E10:E105) -> 308 | F106: =SUM(F10:F105) -> 2100 | G106: =SUM(G10:G105) -> 75 | H106: =SUM(H10:H105) -> 62 | I106: =SUM(I10:I105) -> 247 | J106: =SUM(J10:J105) -> 386 | ... P106: =SUM(P10:P105) -> 7481
B107: %ges + MCs | C107: =C106/$P$106 -> 0.18059083 | D107: =D106/$P$106 -> 0.067237 | E107: =E106/$P$106 -> 0.041170966 | F107: =F106/$P$106 -> 0.28071113 | G107: =G106/$P$106 -> 0.010025398 | H107: =H106/$P$106 -> 0.0082876621 | I107: =I106/$P$106 -> 0.033016976 | J107: =J106/$P$106 -> 0.05159738 | ... N107: =N106/$P$106 -> 0.00013367197
B108: %ges w/o MCs | C108: =C106/$O$106 -> 0.22667785 | D108: =D106/$O$106 -> 0.084395973 | E108: =E106/$O$106 -> 0.051677852 | F108: =F106/$O$106 -> 0.35234899 | G108: =G106/$O$106 -> 0.012583893 | H108: =H106/$O$106 -> 0.010402685 | I108: =I106/$O$106 -> 0.041442953 | J108: =J106/$O$106 -> 0.064765101 | ... L108: =L106/$O$106 -> 0.13892617 | N108: =N106/$O$106 -> 0.00016778523

Sheet 19.10 Kampala-Jinja-24hr
B1: Consultancy services for Preparation of Expressway Development Master Plan (EDMP) for Uganda
B2: MANUAL CLASSIFIED COUNT (MCC)
B3: ROAD NAME: | C3: ='17.10 jinja-kampala'!C3:G3 -> MCC - C 4- STN19 -Kampala-Jinja highway
C5: Date | D5: 17.10.19 | F5: Location | G5: ='21.10 jinja-Kampala-24h'!G5:H5 -> Nakibbizi | J5: Surveyor | K5: jerome
C6: Dir. From | D6: Kampala | F6: Dir. To | G6: Jinja | J6: Supervisor | K6: ='21.10 jinja-Kampala-24h'!K6:L6 -> Emma
B8: Time / Veh Type | R8: SUMMARY TRAFFIC VOLUMES
C9: 1. Car | D9: 2. Station Wagon | E9: 3. Pickups | F9: 4. Minibus, matatu | G9: 5. Medium bus | H9: 6. Large Bus | I9: 7. Light Truck | J9: 8. Medium Truck | K9: 9. Heavy truck | L9: 10. Truck Trailer | M9: 11. Motor cycles | N9: 12. Tractors | O9: Total Excl M/Cycles | P9: Total All | R9: Time | S9: 1. Car | T9: 2. Station Wagon | U9: 3. Pickups | V9: 4. Minibus, matatu | W9: 5. Medium bus | X9: 6. Large Bus | Y9: 7. Light Truck | Z9: 8. Medium Truck | AA9: 9. Heavy truck | AB9: 10. Truck Trailer | AC9: 11. Motorcycles | AD9: 12. Tractors, Graders | AE9: Total Excl M/ Cycles | AF9: Total All
B10: 07.00 - 07.15 | C10: 10 | D10: 6 | E10: 3 | F10: 23 | G10: 1 | H10: 0 | I10: 0 | J10: 2 | K10: 1 | L10: 6 | M10: 17 | N10: 0 | O10: =SUM(C10:L10,N10) -> 52 | P10: =SUM(C10:N10) -> 69 | R10: 0700-0800 | S10: =SUM(C10:C13) -> 52 | T10: =SUM(D10:D13) -> 40 | U10: =SUM(E10:E13) -> 16 | V10: =SUM(F10:F13) -> 147 | W10: =SUM(G10:G13) -> 3 | X10: =SUM(H10:H13) -> 1 | Y10: =SUM(I10:I13) -> 8 | Z10: =SUM(J10:J13) -> 27 | ... AF10: =SUM(P10:P13) -> 419
B11: 07.15 - 07.30 | C11: 11 | D11: 6 | E11: 2 | F11: 32 | G11: 0 | H11: 0 | I11: 4 | J11: 7 | K11: 2 | L11: 15 | M11: 24 | N11: 0 | O11: =SUM(C11:L11,N11) -> 79 | P11: =SUM(C11:N11) -> 103 | R11: 0800-0900 | S11: =SUM(C14:C17) -> 85 | T11: =SUM(D14:D17) -> 53 | U11: =SUM(E14:E17) -> 22 | V11: =SUM(F14:F17) -> 159 | W11: =SUM(G14:G17) -> 4 | X11: =SUM(H14:H17) -> 2 | Y11: =SUM(I14:I17) -> 12 | Z11: =SUM(J14:J17) -> 18 | ... AF11: =SUM(P14:P17) -> 451
B12: 07.30 - 07.45 | C12: 12 | D12: 15 | E12: 5 | F12: 55 | G12: 2 | H12: 1 | I12: 0 | J12: 11 | K12: 2 | L12: 11 | M12: 17 | N12: 0 | O12: =SUM(C12:L12,N12) -> 114 | P12: =SUM(C12:N12) -> 131 | R12: 0900-1000 | S12: =SUM(C18:C21) -> 67 | T12: =SUM(D18:D21) -> 39 | U12: =SUM(E18:E21) -> 21 | V12: =SUM(F18:F21) -> 155 | W12: =SUM(G18:G21) -> 6 | X12: =SUM(H18:H21) -> 1 | Y12: =SUM(I18:I21) -> 5 | Z12: =SUM(J18:J21) -> 15 | ... AF12: =SUM(P18:P21) -> 398
B13: 07.45 - 08.00 | C13: 19 | D13: 13 | E13: 6 | F13: 37 | G13: 0 | H13: 0 | I13: 4 | J13: 7 | K13: 2 | L13: 10 | M13: 18 | N13: 0 | O13: =SUM(C13:L13,N13) -> 98 | P13: =SUM(C13:N13) -> 116 | R13: 1000-1100 | S13: =SUM(C22:C25) -> 69 | T13: =SUM(D22:D25) -> 38 | U13: =SUM(E22:E25) -> 17 | V13: =SUM(F22:F25) -> 131 | W13: =SUM(G22:G25) -> 3 | X13: =SUM(H22:H25) -> 2 | Y13: =SUM(I22:I25) -> 10 | Z13: =SUM(J22:J25) -> 10 | ... AF13: =SUM(P22:P25) -> 382
B14: 08.00 - 08.15 | C14: 18 | D14: 13 | E14: 3 | F14: 35 | G14: 0 | H14: 1 | I14: 4 | J14: 3 | K14: 2 | L14: 7 | M14: 13 | N14: 0 | O14: =SUM(C14:L14,N14) -> 86 | P14: =SUM(C14:N14) -> 99 | R14: 1100-1200 | S14: =SUM(C26:C29) -> 99 | T14: =SUM(D26:D29) -> 43 | U14: =SUM(E26:E29) -> 17 | V14: =SUM(F26:F29) -> 117 | W14: =SUM(G26:G29) -> 5 | X14: =SUM(H26:H29) -> 4 | Y14: =SUM(I26:I29) -> 12 | Z14: =SUM(J26:J29) -> 14 | ... AF14: =SUM(P26:P29) -> 416
B15: 08.15 - 08.30 | C15: 33 | D15: 17 | E15: 6 | F15: 40 | G15: 2 | H15: 1 | I15: 4 | J15: 5 | K15: 3 | L15: 3 | M15: 13 | N15: 0 | O15: =SUM(C15:L15,N15) -> 114 | P15: =SUM(C15:N15) -> 127 | R15: 1200-1300 | S15: =SUM(C30:C33) -> 101 | T15: =SUM(D30:D33) -> 33 | U15: =SUM(E30:E33) -> 18 | V15: =SUM(F30:F33) -> 111 | W15: =SUM(G30:G33) -> 63 | X15: =SUM(H30:H33) -> 3 | Y15: =SUM(I30:I33) -> 16 | Z15: =SUM(J30:J33) -> 10 | ... AF15: =SUM(P30:P33) -> 471
B16: 08.30 - 08.45 | C16: 20 | D16: 14 | E16: 8 | F16: 47 | G16: 2 | H16: 0 | I16: 2 | J16: 8 | K16: 0 | L16: 4 | M16: 25 | N16: 0 | O16: =SUM(C16:L16,N16) -> 105 | P16: =SUM(C16:N16) -> 130 | R16: 1300-1400 | S16: =SUM(C34:C37) -> 93 | T16: =SUM(D34:D37) -> 51 | U16: =SUM(E34:E37) -> 14 | V16: =SUM(F34:F37) -> 181 | W16: =SUM(G34:G37) -> 4 | X16: =SUM(H34:H37) -> 5 | Y16: =SUM(I34:I37) -> 20 | Z16: =SUM(J34:J37) -> 13 | ... AF16: =SUM(P34:P37) -> 509
B17: 08.45 - 9.00 | C17: 14 | D17: 9 | E17: 5 | F17: 37 | G17: 0 | H17: 0 | I17: 2 | J17: 2 | K17: 1 | L17: 3 | M17: 22 | N17: 0 | O17: =SUM(C17:L17,N17) -> 73 | P17: =SUM(C17:N17) -> 95 | R17: 1400-1500 | S17: =SUM(C38:C41) -> 64 | T17: =SUM(D38:D41) -> 23 | U17: =SUM(E38:E41) -> 17 | V17: =SUM(F38:F41) -> 109 | W17: =SUM(G38:G41) -> 10 | X17: =SUM(H38:H41) -> 1 | Y17: =SUM(I38:I41) -> 13 | Z17: =SUM(J38:J41) -> 14 | ... AF17: =SUM(P38:P41) -> 322
B18: 09.00 - 09.15 | C18: 19 | D18: 15 | E18: 7 | F18: 29 | G18: 1 | H18: 1 | I18: 1 | J18: 4 | K18: 1 | L18: 3 | M18: 20 | N18: 0 | O18: =SUM(C18:L18,N18) -> 81 | P18: =SUM(C18:N18) -> 101 | R18: 1500-1600 | S18: =SUM(C42:C45) -> 77 | T18: =SUM(D42:D45) -> 22 | U18: =SUM(E42:E45) -> 13 | V18: =SUM(F42:F45) -> 177 | W18: =SUM(G42:G45) -> 5 | X18: =SUM(H42:H45) -> 1 | Y18: =SUM(I42:I45) -> 13 | Z18: =SUM(J42:J45) -> 21 | ... AF18: =SUM(P42:P45) -> 456
B19: 09.15 - 09.30 | C19: 11 | D19: 9 | E19: 4 | F19: 45 | G19: 3 | H19: 0 | I19: 0 | J19: 4 | K19: 1 | L19: 1 | M19: 20 | N19: 0 | O19: =SUM(C19:L19,N19) -> 78 | P19: =SUM(C19:N19) -> 98 | R19: 1600-1700 | S19: =SUM(C46:C49) -> 83 | T19: =SUM(D46:D49) -> 29 | U19: =SUM(E46:E49) -> 21 | V19: =SUM(F46:F49) -> 126 | W19: =SUM(G46:G49) -> 8 | X19: =SUM(H46:H49) -> 4 | Y19: =SUM(I46:I49) -> 14 | Z19: =SUM(J46:J49) -> 19 | ... AF19: =SUM(P46:P49) -> 467
B20: 09.30 - 09.45 | C20: 21 | D20: 9 | E20: 4 | F20: 40 | G20: 2 | H20: 0 | I20: 2 | J20: 4 | K20: 0 | L20: 5 | M20: 11 | N20: 0 | O20: =SUM(C20:L20,N20) -> 87 | P20: =SUM(C20:N20) -> 98 | R20: 1700-1800 | S20: =SUM(C50:C53) -> 44 | T20: =SUM(D50:D53) -> 13 | U20: =SUM(E50:E53) -> 12 | V20: =SUM(F50:F53) -> 130 | W20: =SUM(G50:G53) -> 3 | X20: =SUM(H50:H53) -> 3 | Y20: =SUM(I50:I53) -> 12 | Z20: =SUM(J50:J53) -> 15 | ... AF20: =SUM(P50:P53) -> 377
B21: 09.45 - 10.00 | C21: 16 | D21: 6 | E21: 6 | F21: 41 | G21: 0 | H21: 0 | I21: 2 | J21: 3 | K21: 1 | L21: 6 | M21: 20 | N21: 0 | O21: =SUM(C21:L21,N21) -> 81 | P21: =SUM(C21:N21) -> 101 | R21: 1800-1900 | S21: =SUM(C54:C57) -> 75 | T21: =SUM(D54:D57) -> 25 | U21: =SUM(E54:E57) -> 9 | V21: =SUM(F54:F57) -> 125 | W21: =SUM(G54:G57) -> 5 | X21: =SUM(H54:H57) -> 2 | Y21: =SUM(I54:I57) -> 16 | Z21: =SUM(J54:J57) -> 30 | ... AF21: =SUM(P54:P57) -> 470
B22: 10.00 - 10.15 | C22: 17 | D22: 13 | E22: 3 | F22: 32 | G22: 1 | H22: 1 | I22: 4 | J22: 6 | K22: 0 | L22: 5 | M22: 23 | N22: 0 | O22: =SUM(C22:L22,N22) -> 82 | P22: =SUM(C22:N22) -> 105 | R22: 1900-2000 | S22: =SUM(C58:C61) -> 107 | T22: =SUM(D58:D61) -> 23 | U22: =SUM(E58:E61) -> 12 | V22: =SUM(F58:F61) -> 104 | W22: =SUM(G58:G61) -> 5 | X22: =SUM(H58:H61) -> 4 | Y22: =SUM(I58:I61) -> 32 | Z22: =SUM(J58:J61) -> 10 | ... AF22: =SUM(P58:P61) -> 493
B23: 10.15 - 10.30 | C23: 16 | D23: 5 | E23: 3 | F23: 25 | G23: 0 | H23: 0 | I23: 0 | J23: 0 | K23: 2 | L23: 1 | M23: 10 | N23: 0 | O23: =SUM(C23:L23,N23) -> 52 | P23: =SUM(C23:N23) -> 62 | R23: 2000-2100 | S23: =SUM(C62:C65) -> 73 | T23: =SUM(D62:D65) -> 27 | U23: =SUM(E62:E65) -> 15 | V23: =SUM(F62:F65) -> 117 | W23: =SUM(G62:G65) -> 3 | X23: =SUM(H62:H65) -> 3 | Y23: =SUM(I62:I65) -> 37 | Z23: =SUM(J62:J65) -> 39 | ... AF23: =SUM(P62:P65) -> 508
B24: 10.30 - 10.45 | C24: 14 | D24: 9 | E24: 2 | F24: 29 | G24: 2 | H24: 1 | I24: 4 | J24: 2 | K24: 2 | L24: 1 | M24: 20 | N24: 0 | O24: =SUM(C24:L24,N24) -> 66 | P24: =SUM(C24:N24) -> 86 | R24: 2100-2200 | S24: =SUM(C66:C69) -> 64 | T24: =SUM(D66:D69) -> 23 | U24: =SUM(E66:E69) -> 4 | V24: =SUM(F66:F69) -> 77 | W24: =SUM(G66:G69) -> 6 | X24: =SUM(H66:H69) -> 3 | Y24: =SUM(I66:I69) -> 13 | Z24: =SUM(J66:J69) -> 23 | ... AF24: =SUM(P66:P69) -> 356
B25: 10.45 - 11.00 | C25: 22 | D25: 11 | E25: 9 | F25: 45 | G25: 0 | H25: 0 | I25: 2 | J25: 2 | K25: 1 | L25: 6 | M25: 31 | N25: 0 | O25: =SUM(C25:L25,N25) -> 98 | P25: =SUM(C25:N25) -> 129 | R25: 2200-2300 | S25: =SUM(C70:C73) -> 44 | T25: =SUM(D70:D73) -> 9 | U25: =SUM(E70:E73) -> 13 | V25: =SUM(F70:F73) -> 68 | W25: =SUM(G70:G73) -> 5 | X25: =SUM(H70:H73) -> 5 | Y25: =SUM(I70:I73) -> 5 | Z25: =SUM(J70:J73) -> 15 | ... AF25: =SUM(P70:P73) -> 263
B26: 11.00 - 11.15 | C26: 21 | D26: 15 | E26: 4 | F26: 36 | G26: 0 | H26: 1 | I26: 6 | J26: 4 | K26: 1 | L26: 6 | M26: 21 | N26: 0 | O26: =SUM(C26:L26,N26) -> 94 | P26: =SUM(C26:N26) -> 115 | R26: 2300-0000 | S26: =SUM(C74:C77) -> 30 | T26: =SUM(D74:D77) -> 10 | U26: =SUM(E74:E77) -> 4 | V26: =SUM(F74:F77) -> 29 | W26: =SUM(G74:G77) -> 4 | X26: =SUM(H74:H77) -> 1 | Y26: =SUM(I74:I77) -> 5 | Z26: =SUM(J74:J77) -> 18 | ... AF26: =SUM(P74:P77) -> 155
B27: 11.15 - 11.30 | C27: 27 | D27: 8 | E27: 4 | F27: 34 | G27: 0 | H27: 1 | I27: 1 | J27: 1 | K27: 0 | L27: 1 | M27: 27 | N27: 0 | O27: =SUM(C27:L27,N27) -> 77 | P27: =SUM(C27:N27) -> 104 | R27: 0000-0100 | S27: =SUM(C78:C81) -> 6 | T27: =SUM(D78:D81) -> 0 | U27: =SUM(E78:E81) -> 0 | V27: =SUM(F78:F81) -> 5 | W27: =SUM(G78:G81) -> 0 | X27: =SUM(H78:H81) -> 0 | Y27: =SUM(I78:I81) -> 1 | Z27: =SUM(J78:J81) -> 2 | ... AF27: =SUM(P78:P81) -> 20
B28: 11.30 - 11.45 | C28: 21 | D28: 10 | E28: 4 | F28: 23 | G28: 2 | H28: 1 | I28: 2 | J28: 6 | K28: 1 | L28: 3 | M28: 17 | N28: 0 | O28: =SUM(C28:L28,N28) -> 73 | P28: =SUM(C28:N28) -> 90 | R28: 0100-0200 | S28: =SUM(C82:C85) -> 5 | T28: =SUM(D82:D85) -> 2 | U28: =SUM(E82:E85) -> 2 | V28: =SUM(F82:F85) -> 3 | W28: =SUM(G82:G85) -> 0 | X28: =SUM(H82:H85) -> 1 | Y28: =SUM(I82:I85) -> 9 | Z28: =SUM(J82:J85) -> 15 | ... AF28: =SUM(P82:P85) -> 54
B29: 11.45 - 12.00 | C29: 30 | D29: 10 | E29: 5 | F29: 24 | G29: 3 | H29: 1 | I29: 3 | J29: 3 | K29: 0 | L29: 8 | M29: 20 | N29: 0 | O29: =SUM(C29:L29,N29) -> 87 | P29: =SUM(C29:N29) -> 107 | R29: 0200-0300 | S29: =SUM(C86:C89) -> 11 | T29: =SUM(D86:D89) -> 4 | U29: =SUM(E86:E89) -> 4 | V29: =SUM(F86:F89) -> 4 | W29: =SUM(G86:G89) -> 1 | X29: =SUM(H86:H89) -> 4 | Y29: =SUM(I86:I89) -> 3 | Z29: =SUM(J86:J89) -> 25 | ... AF29: =SUM(P86:P89) -> 81
B30: 12.00 - 12.15 | C30: 17 | D30: 7 | E30: 7 | F30: 32 | G30: 1 | H30: 0 | I30: 6 | J30: 0 | K30: 0 | L30: 6 | M30: 26 | N30: 0 | O30: =SUM(C30:L30,N30) -> 76 | P30: =SUM(C30:N30) -> 102 | R30: 0300-0400 | S30: =SUM(C90:C93) -> 3 | T30: =SUM(D90:D93) -> 0 | U30: =SUM(E90:E93) -> 5 | V30: =SUM(F90:F93) -> 1 | W30: =SUM(G90:G93) -> 0 | X30: =SUM(H90:H93) -> 2 | Y30: =SUM(I90:I93) -> 0 | Z30: =SUM(J90:J93) -> 11 | ... AF30: =SUM(P90:P93) -> 36
B31: 12.15 - 12.30 | C31: 32 | D31: 9 | E31: 4 | F31: 28 | G31: 2 | H31: 1 | I31: 5 | J31: 4 | K31: 0 | L31: 12 | M31: 22 | N31: 0 | O31: =SUM(C31:L31,N31) -> 97 | P31: =SUM(C31:N31) -> 119 | R31: 0400-0500 | S31: =SUM(C94:C97) -> 7 | T31: =SUM(D94:D97) -> 3 | U31: =SUM(E94:E97) -> 2 | V31: =SUM(F94:F97) -> 7 | W31: =SUM(G94:G97) -> 1 | X31: =SUM(H94:H97) -> 1 | Y31: =SUM(I94:I97) -> 2 | Z31: =SUM(J94:J97) -> 12 | ... AF31: =SUM(P94:P97) -> 53
B32: 12.30 - 12.45 | C32: 32 | D32: 9 | E32: 4 | F32: 28 | G32: 2 | H32: 1 | I32: 5 | J32: 4 | K32: 0 | L32: 12 | M32: 22 | N32: 0 | O32: =SUM(C32:L32,N32) -> 97 | P32: =SUM(C32:N32) -> 119 | R32: 0500-0600 | S32: =SUM(C98:C101) -> 8 | T32: =SUM(D98:D101) -> 6 | U32: =SUM(E98:E101) -> 1 | V32: =SUM(F98:F101) -> 26 | W32: =SUM(G98:G101) -> 0 | X32: =SUM(H98:H101) -> 0 | Y32: =SUM(I98:I101) -> 3 | Z32: =SUM(J98:J101) -> 16 | ... AF32: =SUM(P98:P101) -> 91
B33: 12.45 - 13.00 | C33: 20 | D33: 8 | E33: 3 | F33: 23 | G33: 58 | H33: 1 | I33: 0 | J33: 2 | K33: 7 | L33: 1 | M33: 7 | N33: 1 | O33: =SUM(C33:L33,N33) -> 124 | P33: =SUM(C33:N33) -> 131 | R33: 0600-0700 | S33: =SUM(C102:C105) -> 30 | T33: =SUM(D102:D105) -> 17 | U33: =SUM(E102:E105) -> 3 | V33: =SUM(F102:F105) -> 59 | W33: =SUM(G102:G105) -> 0 | X33: =SUM(H102:H105) -> 3 | Y33: =SUM(I102:I105) -> 9 | Z33: =SUM(J102:J105) -> 13 | ... AF33: =SUM(P102:P105) -> 238
B34: 13.00 - 13.15 | C34: 21 | D34: 12 | E34: 1 | F34: 45 | G34: 0 | H34: 0 | I34: 8 | J34: 6 | K34: 2 | L34: 12 | M34: 21 | N34: 0 | O34: =SUM(C34:L34,N34) -> 107 | P34: =SUM(C34:N34) -> 128 | R34: AM Peak Hr | S34: =MAX(S10:S12) -> 85 | T34: =MAX(T10:T12) -> 53 | U34: =MAX(U10:U12) -> 22 | V34: =MAX(V10:V12) -> 159 | W34: =MAX(W10:W12) -> 6 | X34: =MAX(X10:X12) -> 2 | Y34: =MAX(Y10:Y12) -> 12 | Z34: =MAX(Z10:Z12) -> 27 | ... AF34: =MAX(AF10:AF12) -> 451
B35: 13.15 - 13.30 | C35: 21 | D35: 15 | E35: 4 | F35: 51 | G35: 2 | H35: 2 | I35: 3 | J35: 1 | K35: 1 | L35: 11 | M35: 16 | N35: 0 | O35: =SUM(C35:L35,N35) -> 111 | P35: =SUM(C35:N35) -> 127 | R35: IP Peak Hr | S35: =MAX(S13:S18) -> 101 | T35: =MAX(T13:T18) -> 51 | U35: =MAX(U13:U18) -> 18 | V35: =MAX(V13:V18) -> 181 | W35: =MAX(W13:W18) -> 63 | X35: =MAX(X13:X18) -> 5 | Y35: =MAX(Y13:Y18) -> 20 | Z35: =MAX(Z13:Z18) -> 21 | ... AF35: =MAX(AF13:AF18) -> 509
B36: 13.30 - 13.45 | C36: 25 | D36: 15 | E36: 5 | F36: 41 | G36: 1 | H36: 0 | I36: 3 | J36: 3 | K36: 2 | L36: 15 | M36: 15 | N36: 0 | O36: =SUM(C36:L36,N36) -> 110 | P36: =SUM(C36:N36) -> 125 | R36: PM Peak Hr | S36: =MAX(S19:S21) -> 83 | T36: =MAX(T19:T21) -> 29 | U36: =MAX(U19:U21) -> 21 | V36: =MAX(V19:V21) -> 130 | W36: =MAX(W19:W21) -> 8 | X36: =MAX(X19:X21) -> 4 | Y36: =MAX(Y19:Y21) -> 16 | Z36: =MAX(Z19:Z21) -> 30 | ... AF36: =MAX(AF19:AF21) -> 470
B37: 13.45 - 14.00 | C37: 26 | D37: 9 | E37: 4 | F37: 44 | G37: 1 | H37: 3 | I37: 6 | J37: 3 | K37: 0 | L37: 15 | M37: 18 | N37: 0 | O37: =SUM(C37:L37,N37) -> 111 | P37: =SUM(C37:N37) -> 129 | R37: AM Period | S37: =SUM(S10:S12) -> 204 | T37: =SUM(T10:T12) -> 132 | U37: =SUM(U10:U12) -> 59 | V37: =SUM(V10:V12) -> 461 | W37: =SUM(W10:W12) -> 13 | X37: =SUM(X10:X12) -> 4 | Y37: =SUM(Y10:Y12) -> 25 | Z37: =SUM(Z10:Z12) -> 60 | ... AF37: =SUM(AF10:AF12) -> 1268
B38: 14.00 - 14.15 | C38: 11 | D38: 4 | E38: 2 | F38: 26 | G38: 3 | H38: 0 | I38: 2 | J38: 4 | K38: 0 | L38: 2 | M38: 10 | N38: 0 | O38: =SUM(C38:L38,N38) -> 54 | P38: =SUM(C38:N38) -> 64 | R38: IP Period | S38: =SUM(S13:S18) -> 503 | T38: =SUM(T13:T18) -> 210 | U38: =SUM(U13:U18) -> 96 | V38: =SUM(V13:V18) -> 826 | W38: =SUM(W13:W18) -> 90 | X38: =SUM(X13:X18) -> 16 | Y38: =SUM(Y13:Y18) -> 84 | Z38: =SUM(Z13:Z18) -> 82 | ... AF38: =SUM(AF13:AF18) -> 2556
B39: 14.15 - 14.30 | C39: 20 | D39: 7 | E39: 2 | F39: 29 | G39: 3 | H39: 0 | I39: 3 | J39: 0 | K39: 2 | L39: 7 | M39: 8 | N39: 0 | O39: =SUM(C39:L39,N39) -> 73 | P39: =SUM(C39:N39) -> 81 | R39: PM Period | S39: =SUM(S19:S21) -> 202 | T39: =SUM(T19:T21) -> 67 | U39: =SUM(U19:U21) -> 42 | V39: =SUM(V19:V21) -> 381 | W39: =SUM(W19:W21) -> 16 | X39: =SUM(X19:X21) -> 9 | Y39: =SUM(Y19:Y21) -> 42 | Z39: =SUM(Z19:Z21) -> 64 | ... AF39: =SUM(AF19:AF21) -> 1314
B40: 14.30 - 14.45 | C40: 15 | D40: 10 | E40: 10 | F40: 40 | G40: 2 | H40: 1 | I40: 7 | J40: 5 | K40: 10 | L40: 5 | M40: 6 | N40: 0 | O40: =SUM(C40:L40,N40) -> 105 | P40: =SUM(C40:N40) -> 111 | R40: 12 Hours | S40: =SUM(S10:S21) -> 909 | T40: =SUM(T10:T21) -> 409 | U40: =SUM(U10:U21) -> 197 | V40: =SUM(V10:V21) -> 1668 | W40: =SUM(W10:W21) -> 119 | X40: =SUM(X10:X21) -> 29 | Y40: =SUM(Y10:Y21) -> 151 | Z40: =SUM(Z10:Z21) -> 206 | ... AF40: =SUM(AF10:AF21) -> 5138
B41: 14.45 - 15.00 | C41: 18 | D41: 2 | E41: 3 | F41: 14 | G41: 2 | H41: 0 | I41: 1 | J41: 5 | K41: 3 | L41: 12 | M41: 6 | N41: 0 | O41: =SUM(C41:L41,N41) -> 60 | P41: =SUM(C41:N41) -> 66 | R41: 24 Hrs/ADT | S41: =SUM(S10:S33) -> 1297 | T41: =SUM(T10:T33) -> 533 | U41: =SUM(U10:U33) -> 262 | V41: =SUM(V10:V33) -> 2168 | W41: =SUM(W10:W33) -> 144 | X41: =SUM(X10:X33) -> 56 | Y41: =SUM(Y10:Y33) -> 270 | Z41: =SUM(Z10:Z33) -> 405 | ... AF41: =SUM(AF10:AF33) -> 7486
B42: 15.00 - 15.15 | C42: 10 | D42: 7 | E42: 2 | F42: 30 | G42: 0 | H42: 0 | I42: 2 | J42: 5 | K42: 2 | L42: 15 | M42: 10 | N42: 0 | O42: =SUM(C42:L42,N42) -> 73 | P42: =SUM(C42:N42) -> 83 | R42: NEF | S42: =S41/S40 -> 1.4268427 | T42: =T41/T40 -> 1.3031785 | U42: =U41/U40 -> 1.3299492 | V42: =V41/V40 -> 1.2997602 | W42: =W41/W40 -> 1.210084 | X42: =X41/X40 -> 1.9310345 | Y42: =Y41/Y40 -> 1.7880795 | Z42: =Z41/Z40 -> 1.9660194 | ... AF42: =AF41/AF40 -> 1.4569872
B43: 15.15 - 15.30 | C43: 22 | D43: 3 | E43: 2 | F43: 67 | G43: 4 | H43: 1 | I43: 6 | J43: 6 | K43: 2 | L43: 17 | M43: 15 | N43: 0 | O43: =SUM(C43:L43,N43) -> 130 | P43: =SUM(C43:N43) -> 145
B44: 15.30 - 15.45 | C44: 20 | D44: 7 | E44: 6 | F44: 35 | G44: 0 | H44: 0 | I44: 2 | J44: 3 | K44: 2 | L44: 10 | M44: 27 | N44: 0 | O44: =SUM(C44:L44,N44) -> 85 | P44: =SUM(C44:N44) -> 112
B45: 15.45 - 16.00 | C45: 25 | D45: 5 | E45: 3 | F45: 45 | G45: 1 | H45: 0 | I45: 3 | J45: 7 | K45: 0 | L45: 10 | M45: 17 | N45: 0 | O45: =SUM(C45:L45,N45) -> 99 | P45: =SUM(C45:N45) -> 116
B46: 16.00 - 16.15 | C46: 21 | D46: 6 | E46: 1 | F46: 21 | G46: 1 | H46: 1 | I46: 3 | J46: 7 | K46: 1 | L46: 21 | M46: 26 | N46: 0 | O46: =SUM(C46:L46,N46) -> 83 | P46: =SUM(C46:N46) -> 109
B47: 16.15 -16.30 | C47: 12 | D47: 6 | E47: 3 | F47: 20 | G47: 0 | H47: 0 | I47: 3 | J47: 3 | K47: 1 | L47: 11 | M47: 15 | N47: 0 | O47: =SUM(C47:L47,N47) -> 59 | P47: =SUM(C47:N47) -> 74
B48: 16.30 -16.45 | C48: 25 | D48: 13 | E48: 11 | F48: 40 | G48: 0 | H48: 1 | I48: 7 | J48: 5 | K48: 2 | L48: 26 | M48: 27 | N48: 0 | O48: =SUM(C48:L48,N48) -> 130 | P48: =SUM(C48:N48) -> 157
B49: 16.45 -17.00 | C49: 25 | D49: 4 | E49: 6 | F49: 45 | G49: 7 | H49: 2 | I49: 1 | J49: 4 | K49: 0 | L49: 23 | M49: 10 | N49: 0 | O49: =SUM(C49:L49,N49) -> 117 | P49: =SUM(C49:N49) -> 127
B50: 17.00 -17.15 | C50: 13 | D50: 3 | E50: 5 | F50: 35 | G50: 1 | H50: 0 | I50: 3 | J50: 8 | K50: 1 | L50: 27 | M50: 18 | N50: 0 | O50: =SUM(C50:L50,N50) -> 96 | P50: =SUM(C50:N50) -> 114
B51: 17.15 -17.30 | C51: 9 | D51: 1 | E51: 1 | F51: 25 | G51: 0 | H51: 3 | I51: 5 | J51: 2 | K51: 0 | L51: 18 | M51: 11 | N51: 0 | O51: =SUM(C51:L51,N51) -> 64 | P51: =SUM(C51:N51) -> 75
B52: 17.30 -17.45 | C52: 8 | D52: 5 | E52: 1 | F52: 25 | G52: 1 | H52: 0 | I52: 4 | J52: 1 | K52: 3 | L52: 12 | M52: 13 | N52: 0 | O52: =SUM(C52:L52,N52) -> 60 | P52: =SUM(C52:N52) -> 73
B53: 17.45 -18.00 | C53: 14 | D53: 4 | E53: 5 | F53: 45 | G53: 1 | H53: 0 | I53: 0 | J53: 4 | K53: 2 | L53: 19 | M53: 21 | N53: 0 | O53: =SUM(C53:L53,N53) -> 94 | P53: =SUM(C53:N53) -> 115
B54: 18.00 - 18.15 | C54: 17 | D54: 9 | E54: 2 | F54: 38 | G54: 1 | H54: 1 | I54: 7 | J54: 7 | K54: 3 | L54: 32 | M54: 22 | N54: 0 | O54: =SUM(C54:L54,N54) -> 117 | P54: =SUM(C54:N54) -> 139
... B105: 06.45 - 07.00 | C105: 6 | D105: 3 | E105: 1 | F105: 14 | G105: 0 | H105: 0 | I105: 3 | J105: 4 | K105: 3 | L105: 11 | M105: 17 | N105: 0 | O105: =SUM(C105:L105,N105) -> 45 | P105: =SUM(C105:N105) -> 62
B106: Totals | C106: =SUM(C10:C105) -> 1297 | D106: =SUM(D10:D105) -> 533 | E106: =SUM(E10:E105) -> 262 | F106: =SUM(F10:F105) -> 2168 | G106: =SUM(G10:G105) -> 144 | H106: =SUM(H10:H105) -> 56 | I106: =SUM(I10:I105) -> 270 | J106: =SUM(J10:J105) -> 405 | ... P106: =SUM(P10:P105) -> 7486
B107: %ges + MCs | C107: =C106/$P$106 -> 0.17325675 | D107: =D106/$P$106 -> 0.071199573 | E107: =E106/$P$106 -> 0.034998664 | F107: =F106/$P$106 -> 0.28960727 | G107: =G106/$P$106 -> 0.019235907 | H107: =H106/$P$106 -> 0.0074806305 | I107: =I106/$P$106 -> 0.036067326 | J107: =J106/$P$106 -> 0.054100989 | ... N107: =N106/$P$106 -> 0.00013358269
B108: %ges w/o MCs | C108: =C106/$O$106 -> 0.21154787 | D108: =D106/$O$106 -> 0.086935247 | E108: =E106/$O$106 -> 0.042733649 | F108: =F106/$O$106 -> 0.35361279 | G108: =G106/$O$106 -> 0.023487196 | H108: =H106/$O$106 -> 0.0091339096 | I108: =I106/$O$106 -> 0.044038493 | J108: =J106/$O$106 -> 0.066057739 | ... L108: =L106/$O$106 -> 0.13896591 | N108: =N106/$O$106 -> 0.00016310553

Sheet 20.10 Jinja-Kampala
B1: Consultancy services for Preparation of Expressway Development Master Plan (EDMP) for Uganda
B2: MANUAL CLASSIFIED COUNT (MCC)
B3: ROAD NAME: | C3: ='17.10 jinja-kampala'!C3:G3 -> MCC - C 4- STN19 -Kampala-Jinja highway
C5: Date | D5: 20.10.19 | F5: Location | G5: ='17.10 jinja-kampala'!G5:H5 -> Nakibbizi | J5: Surveyor | K5: ='17.10 jinja-kampala'!K5:L5 -> Micheal
C6: Dir. From | D6: ='17.10 jinja-kampala'!D6:E6 -> Jinja | F6: Dir. To | G6: ='17.10 jinja-kampala'!G6:H6 -> Kampala | J6: Supervisor | K6: ='17.10 jinja-kampala'!K6:L6 -> Emma
B8: Time / Veh Type | R8: SUMMARY TRAFFIC VOLUMES
C9: 1. Car | D9: 2. Station Wagon | E9: 3. Pickups | F9: 4. Minibus, matatu | G9: 5. Medium bus | H9: 6. Large Bus | I9: 7. Light Truck | J9: 8. Medium Truck | K9: 9. Heavy truck | L9: 10. Truck Trailer | M9: 11. Motor cycles | N9: 12. Tractors | O9: Total Excl M/Cycles | P9: Total All | R9: Time | S9: 1. Car | T9: 2. Station Wagon | U9: 3. Pickups | V9: 4. Minibus, matatu | W9: 5. Medium bus | X9: 6. Large Bus | Y9: 7. Light Truck | Z9: 8. Medium Truck | AA9: 9. Heavy truck | AB9: 10. Truck Trailer | AC9: 11. Motorcycles | AD9: 12. Tractors, Graders | AE9: Total Excl M/ Cycles | AF9: Total All
B10: 07.00 - 07.15 | C10: 6 | D10: 2 | E10: 0 | F10: 27 | G10: 0 | H10: 2 | I10: 1 | J10: 2 | K10: 2 | L10: 10 | M10: 10 | N10: 0 | O10: =SUM(C10:L10,N10) -> 52 | P10: =SUM(C10:N10) -> 62 | R10: 0700-0800 | S10: =SUM(C10:C13) -> 40 | T10: =SUM(D10:D13) -> 15 | U10: =SUM(E10:E13) -> 9 | V10: =SUM(F10:F13) -> 144 | W10: =SUM(G10:G13) -> 1 | X10: =SUM(H10:H13) -> 7 | Y10: =SUM(I10:I13) -> 4 | Z10: =SUM(J10:J13) -> 7 | ... AF10: =SUM(P10:P13) -> 347
B11: 07.15 - 07.30 | C11: 12 | D11: 6 | E11: 4 | F11: 42 | G11: 0 | H11: 2 | I11: 1 | J11: 0 | K11: 1 | L11: 16 | M11: 11 | N11: 0 | O11: =SUM(C11:L11,N11) -> 84 | P11: =SUM(C11:N11) -> 95 | R11: 0800-0900 | S11: =SUM(C14:C17) -> 57 | T11: =SUM(D14:D17) -> 15 | U11: =SUM(E14:E17) -> 8 | V11: =SUM(F14:F17) -> 127 | W11: =SUM(G14:G17) -> 2 | X11: =SUM(H14:H17) -> 6 | Y11: =SUM(I14:I17) -> 8 | Z11: =SUM(J14:J17) -> 8 | ... AF11: =SUM(P14:P17) -> 350
B12: 07.30 - 07.45 | C12: 11 | D12: 3 | E12: 2 | F12: 36 | G12: 1 | H12: 3 | I12: 1 | J12: 2 | K12: 1 | L12: 7 | M12: 11 | N12: 0 | O12: =SUM(C12:L12,N12) -> 67 | P12: =SUM(C12:N12) -> 78 | R12: 0900-1000 | S12: =SUM(C18:C21) -> 63 | T12: =SUM(D18:D21) -> 34 | U12: =SUM(E18:E21) -> 12 | V12: =SUM(F18:F21) -> 127 | W12: =SUM(G18:G21) -> 7 | X12: =SUM(H18:H21) -> 1 | Y12: =SUM(I18:I21) -> 13 | Z12: =SUM(J18:J21) -> 7 | ... AF12: =SUM(P18:P21) -> 408
B13: 07.45 - 08.00 | C13: 11 | D13: 4 | E13: 3 | F13: 39 | G13: 0 | H13: 0 | I13: 1 | J13: 3 | K13: 4 | L13: 26 | M13: 21 | N13: 0 | O13: =SUM(C13:L13,N13) -> 91 | P13: =SUM(C13:N13) -> 112 | R13: 1000-1100 | S13: =SUM(C22:C25) -> 74 | T13: =SUM(D22:D25) -> 36 | U13: =SUM(E22:E25) -> 12 | V13: =SUM(F22:F25) -> 128 | W13: =SUM(G22:G25) -> 3 | X13: =SUM(H22:H25) -> 0 | Y13: =SUM(I22:I25) -> 14 | Z13: =SUM(J22:J25) -> 19 | ... AF13: =SUM(P22:P25) -> 428
B14: 08.00 - 08.15 | C14: 5 | D14: 4 | E14: 3 | F14: 30 | G14: 0 | H14: 1 | I14: 1 | J14: 1 | K14: 0 | L14: 12 | M14: 3 | N14: 0 | O14: =SUM(C14:L14,N14) -> 57 | P14: =SUM(C14:N14) -> 60 | R14: 1100-1200 | S14: =SUM(C26:C29) -> 82 | T14: =SUM(D26:D29) -> 38 | U14: =SUM(E26:E29) -> 11 | V14: =SUM(F26:F29) -> 100 | W14: =SUM(G26:G29) -> 5 | X14: =SUM(H26:H29) -> 2 | Y14: =SUM(I26:I29) -> 19 | Z14: =SUM(J26:J29) -> 7 | ... AF14: =SUM(P26:P29) -> 402
B15: 08.15 - 08.30 | C15: 13 | D15: 2 | E15: 2 | F15: 38 | G15: 2 | H15: 1 | I15: 3 | J15: 3 | K15: 0 | L15: 10 | M15: 23 | N15: 0 | O15: =SUM(C15:L15,N15) -> 74 | P15: =SUM(C15:N15) -> 97 | R15: 1200-1300 | S15: =SUM(C30:C33) -> 80 | T15: =SUM(D30:D33) -> 39 | U15: =SUM(E30:E33) -> 9 | V15: =SUM(F30:F33) -> 113 | W15: =SUM(G30:G33) -> 2 | X15: =SUM(H30:H33) -> 4 | Y15: =SUM(I30:I33) -> 16 | Z15: =SUM(J30:J33) -> 13 | ... AF15: =SUM(P30:P33) -> 397
B16: 08.30 - 08.45 | C16: 18 | D16: 6 | E16: 1 | F16: 30 | G16: 0 | H16: 1 | I16: 2 | J16: 2 | K16: 1 | L16: 12 | M16: 22 | N16: 0 | O16: =SUM(C16:L16,N16) -> 73 | P16: =SUM(C16:N16) -> 95 | R16: 1300-1400 | S16: =SUM(C34:C37) -> 112 | T16: =SUM(D34:D37) -> 39 | U16: =SUM(E34:E37) -> 19 | V16: =SUM(F34:F37) -> 120 | W16: =SUM(G34:G37) -> 4 | X16: =SUM(H34:H37) -> 4 | Y16: =SUM(I34:I37) -> 10 | Z16: =SUM(J34:J37) -> 13 | ... AF16: =SUM(P34:P37) -> 455
B17: 08.45 - 9.00 | C17: 21 | D17: 3 | E17: 2 | F17: 29 | G17: 0 | H17: 3 | I17: 2 | J17: 2 | K17: 1 | L17: 6 | M17: 29 | N17: 0 | O17: =SUM(C17:L17,N17) -> 69 | P17: =SUM(C17:N17) -> 98 | R17: 1400-1500 | S17: =SUM(C38:C41) -> 108 | T17: =SUM(D38:D41) -> 43 | U17: =SUM(E38:E41) -> 17 | V17: =SUM(F38:F41) -> 124 | W17: =SUM(G38:G41) -> 3 | X17: =SUM(H38:H41) -> 3 | Y17: =SUM(I38:I41) -> 14 | Z17: =SUM(J38:J41) -> 22 | ... AF17: =SUM(P38:P41) -> 455
B18: 09.00 - 09.15 | C18: 16 | D18: 8 | E18: 4 | F18: 30 | G18: 2 | H18: 0 | I18: 4 | J18: 1 | K18: 0 | L18: 15 | M18: 21 | N18: 0 | O18: =SUM(C18:L18,N18) -> 80 | P18: =SUM(C18:N18) -> 101 | R18: 1500-1600 | S18: =SUM(C42:C45) -> 104 | T18: =SUM(D42:D45) -> 62 | U18: =SUM(E42:E45) -> 31 | V18: =SUM(F42:F45) -> 133 | W18: =SUM(G42:G45) -> 3 | X18: =SUM(H42:H45) -> 1 | Y18: =SUM(I42:I45) -> 17 | Z18: =SUM(J42:J45) -> 27 | ... AF18: =SUM(P42:P45) -> 509
B19: 09.15 - 09.30 | C19: 14 | D19: 10 | E19: 5 | F19: 26 | G19: 3 | H19: 0 | I19: 2 | J19: 3 | K19: 0 | L19: 14 | M19: 25 | N19: 0 | O19: =SUM(C19:L19,N19) -> 77 | P19: =SUM(C19:N19) -> 102 | R19: 1600-1700 | S19: =SUM(C46:C49) -> 101 | T19: =SUM(D46:D49) -> 45 | U19: =SUM(E46:E49) -> 20 | V19: =SUM(F46:F49) -> 157 | W19: =SUM(G46:G49) -> 4 | X19: =SUM(H46:H49) -> 4 | Y19: =SUM(I46:I49) -> 15 | Z19: =SUM(J46:J49) -> 18 | ... AF19: =SUM(P46:P49) -> 528
B20: 09.30 - 09.45 | C20: 15 | D20: 11 | E20: 3 | F20: 46 | G20: 0 | H20: 0 | I20: 2 | J20: 0 | K20: 1 | L20: 9 | M20: 26 | N20: 0 | O20: =SUM(C20:L20,N20) -> 87 | P20: =SUM(C20:N20) -> 113 | R20: 1700-1800 | S20: =SUM(C50:C53) -> 90 | T20: =SUM(D50:D53) -> 39 | U20: =SUM(E50:E53) -> 16 | V20: =SUM(F50:F53) -> 145 | W20: =SUM(G50:G53) -> 7 | X20: =SUM(H50:H53) -> 2 | Y20: =SUM(I50:I53) -> 12 | Z20: =SUM(J50:J53) -> 19 | ... AF20: =SUM(P50:P53) -> 482
B21: 09.45 - 10.00 | C21: 18 | D21: 5 | E21: 0 | F21: 25 | G21: 2 | H21: 1 | I21: 5 | J21: 3 | K21: 1 | L21: 8 | M21: 24 | N21: 0 | O21: =SUM(C21:L21,N21) -> 68 | P21: =SUM(C21:N21) -> 92 | R21: 1800-1900 | S21: =SUM(C54:C57) -> 112 | T21: =SUM(D54:D57) -> 47 | U21: =SUM(E54:E57) -> 21 | V21: =SUM(F54:F57) -> 158 | W21: =SUM(G54:G57) -> 9 | X21: =SUM(H54:H57) -> 2 | Y21: =SUM(I54:I57) -> 24 | Z21: =SUM(J54:J57) -> 13 | ... AF21: =SUM(P54:P57) -> 541
B22: 10.00 - 10.15 | C22: 19 | D22: 10 | E22: 4 | F22: 36 | G22: 0 | H22: 0 | I22: 0 | J22: 6 | K22: 1 | L22: 10 | M22: 29 | N22: 0 | O22: =SUM(C22:L22,N22) -> 86 | P22: =SUM(C22:N22) -> 115 | R22: AM Peak Hr | S22: =MAX(S10:S12) -> 63 | T22: =MAX(T10:T12) -> 34 | U22: =MAX(U10:U12) -> 12 | V22: =MAX(V10:V12) -> 144 | W22: =MAX(W10:W12) -> 7 | X22: =MAX(X10:X12) -> 7 | Y22: =MAX(Y10:Y12) -> 13 | Z22: =MAX(Z10:Z12) -> 8 | ... AF22: =MAX(AF10:AF12) -> 408
B23: 10.15 - 10.30 | C23: 17 | D23: 10 | E23: 3 | F23: 31 | G23: 2 | H23: 0 | I23: 4 | J23: 5 | K23: 0 | L23: 13 | M23: 31 | N23: 0 | O23: =SUM(C23:L23,N23) -> 85 | P23: =SUM(C23:N23) -> 116 | R23: IP Peak Hr | S23: =MAX(S13:S18) -> 112 | T23: =MAX(T13:T18) -> 62 | U23: =MAX(U13:U18) -> 31 | V23: =MAX(V13:V18) -> 133 | W23: =MAX(W13:W18) -> 5 | X23: =MAX(X13:X18) -> 4 | Y23: =MAX(Y13:Y18) -> 19 | Z23: =MAX(Z13:Z18) -> 27 | ... AF23: =MAX(AF13:AF18) -> 509
B24: 10.30 - 10.45 | C24: 21 | D24: 8 | E24: 3 | F24: 35 | G24: 0 | H24: 0 | I24: 4 | J24: 2 | K24: 1 | L24: 9 | M24: 20 | N24: 0 | O24: =SUM(C24:L24,N24) -> 83 | P24: =SUM(C24:N24) -> 103 | R24: PM Peak Hr | S24: =MAX(S19:S21) -> 112 | T24: =MAX(T19:T21) -> 47 | U24: =MAX(U19:U21) -> 21 | V24: =MAX(V19:V21) -> 158 | W24: =MAX(W19:W21) -> 9 | X24: =MAX(X19:X21) -> 4 | Y24: =MAX(Y19:Y21) -> 24 | Z24: =MAX(Z19:Z21) -> 19 | ... AF24: =MAX(AF19:AF21) -> 541
B25: 10.45 - 11.00 | C25: 17 | D25: 8 | E25: 2 | F25: 26 | G25: 1 | H25: 0 | I25: 6 | J25: 6 | K25: 1 | L25: 9 | M25: 18 | N25: 0 | O25: =SUM(C25:L25,N25) -> 76 | P25: =SUM(C25:N25) -> 94 | R25: AM Period | S25: =SUM(S10:S12) -> 160 | T25: =SUM(T10:T12) -> 64 | U25: =SUM(U10:U12) -> 29 | V25: =SUM(V10:V12) -> 398 | W25: =SUM(W10:W12) -> 10 | X25: =SUM(X10:X12) -> 14 | Y25: =SUM(Y10:Y12) -> 25 | Z25: =SUM(Z10:Z12) -> 22 | ... AF25: =SUM(AF10:AF12) -> 1105
B26: 11.00 - 11.15 | C26: 29 | D26: 6 | E26: 2 | F26: 4 | G26: 0 | H26: 1 | I26: 7 | J26: 0 | K26: 9 | L26: 23 | M26: 0 | N26: 0 | O26: =SUM(C26:L26,N26) -> 81 | P26: =SUM(C26:N26) -> 81 | R26: IP Period | S26: =SUM(S13:S18) -> 560 | T26: =SUM(T13:T18) -> 257 | U26: =SUM(U13:U18) -> 99 | V26: =SUM(V13:V18) -> 718 | W26: =SUM(W13:W18) -> 20 | X26: =SUM(X13:X18) -> 14 | Y26: =SUM(Y13:Y18) -> 90 | Z26: =SUM(Z13:Z18) -> 101 | ... AF26: =SUM(AF13:AF18) -> 2646
B27: 11.15 - 11.30 | C27: 19 | D27: 11 | E27: 6 | F27: 23 | G27: 0 | H27: 0 | I27: 5 | J27: 1 | K27: 1 | L27: 3 | M27: 34 | N27: 0 | O27: =SUM(C27:L27,N27) -> 69 | P27: =SUM(C27:N27) -> 103 | R27: PM Period | S27: =SUM(S19:S21) -> 303 | T27: =SUM(T19:T21) -> 131 | U27: =SUM(U19:U21) -> 57 | V27: =SUM(V19:V21) -> 460 | W27: =SUM(W19:W21) -> 20 | X27: =SUM(X19:X21) -> 8 | Y27: =SUM(Y19:Y21) -> 51 | Z27: =SUM(Z19:Z21) -> 50 | ... AF27: =SUM(AF19:AF21) -> 1551
B28: 11.30 - 11.45 | C28: 22 | D28: 5 | E28: 2 | F28: 38 | G28: 2 | H28: 1 | I28: 4 | J28: 4 | K28: 0 | L28: 13 | M28: 28 | N28: 0 | O28: =SUM(C28:L28,N28) -> 91 | P28: =SUM(C28:N28) -> 119 | R28: 12 Hours | S28: =SUM(S10:S21) -> 1023 | T28: =SUM(T10:T21) -> 452 | U28: =SUM(U10:U21) -> 185 | V28: =SUM(V10:V21) -> 1576 | W28: =SUM(W10:W21) -> 50 | X28: =SUM(X10:X21) -> 36 | Y28: =SUM(Y10:Y21) -> 166 | Z28: =SUM(Z10:Z21) -> 173 | ... AF28: =SUM(AF10:AF21) -> 5302
B29: 11.45 - 12.00 | C29: 12 | D29: 16 | E29: 1 | F29: 35 | G29: 3 | H29: 0 | I29: 3 | J29: 2 | K29: 0 | L29: 6 | M29: 21 | N29: 0 | O29: =SUM(C29:L29,N29) -> 78 | P29: =SUM(C29:N29) -> 99
B30: 12.00 - 12.15 | C30: 25 | D30: 10 | E30: 2 | F30: 30 | G30: 1 | H30: 2 | I30: 3 | J30: 1 | K30: 0 | L30: 18 | M30: 26 | N30: 0 | O30: =SUM(C30:L30,N30) -> 92 | P30: =SUM(C30:N30) -> 118
B31: 12.15 - 12.30 | C31: 20 | D31: 11 | E31: 3 | F31: 35 | G31: 1 | H31: 0 | I31: 6 | J31: 6 | K31: 0 | L31: 9 | M31: 21 | N31: 0 | O31: =SUM(C31:L31,N31) -> 91 | P31: =SUM(C31:N31) -> 112
B32: 12.30 - 12.45 | C32: 16 | D32: 9 | E32: 1 | F32: 29 | G32: 0 | H32: 1 | I32: 4 | J32: 1 | K32: 1 | L32: 7 | M32: 17 | N32: 0 | O32: =SUM(C32:L32,N32) -> 69 | P32: =SUM(C32:N32) -> 86
B33: 12.45 - 13.00 | C33: 19 | D33: 9 | E33: 3 | F33: 19 | G33: 0 | H33: 1 | I33: 3 | J33: 5 | K33: 0 | L33: 9 | M33: 13 | N33: 0 | O33: =SUM(C33:L33,N33) -> 68 | P33: =SUM(C33:N33) -> 81
B34: 13.00 - 13.15 | C34: 25 | D34: 11 | E34: 6 | F34: 33 | G34: 1 | H34: 0 | I34: 5 | J34: 6 | K34: 0 | L34: 13 | M34: 12 | N34: 0 | O34: =SUM(C34:L34,N34) -> 100 | P34: =SUM(C34:N34) -> 112
B35: 13.15 - 13.30 | C35: 30 | D35: 8 | E35: 1 | F35: 35 | G35: 1 | H35: 0 | I35: 1 | J35: 3 | K35: 1 | L35: 6 | M35: 23 | N35: 0 | O35: =SUM(C35:L35,N35) -> 86 | P35: =SUM(C35:N35) -> 109
B36: 13.30 - 13.45 | C36: 28 | D36: 8 | E36: 4 | F36: 21 | G36: 1 | H36: 1 | I36: 2 | J36: 2 | K36: 3 | L36: 13 | M36: 24 | N36: 0 | O36: =SUM(C36:L36,N36) -> 83 | P36: =SUM(C36:N36) -> 107
B37: 13.45 - 14.00 | C37: 29 | D37: 12 | E37: 8 | F37: 31 | G37: 1 | H37: 3 | I37: 2 | J37: 2 | K37: 1 | L37: 14 | M37: 24 | N37: 0 | O37: =SUM(C37:L37,N37) -> 103 | P37: =SUM(C37:N37) -> 127
B38: 14.00 - 14.15 | C38: 33 | D38: 5 | E38: 5 | F38: 39 | G38: 0 | H38: 1 | I38: 5 | J38: 5 | K38: 0 | L38: 9 | M38: 24 | N38: 0 | O38: =SUM(C38:L38,N38) -> 102 | P38: =SUM(C38:N38) -> 126
B39: 14.15 - 14.30 | C39: 25 | D39: 6 | E39: 3 | F39: 21 | G39: 2 | H39: 1 | I39: 3 | J39: 2 | K39: 1 | L39: 6 | M39: 18 | N39: 0 | O39: =SUM(C39:L39,N39) -> 70 | P39: =SUM(C39:N39) -> 88
B40: 14.30 - 14.45 | C40: 23 | D40: 17 | E40: 1 | F40: 39 | G40: 0 | H40: 0 | I40: 3 | J40: 8 | K40: 5 | L40: 8 | M40: 17 | N40: 0 | O40: =SUM(C40:L40,N40) -> 104 | P40: =SUM(C40:N40) -> 121
... B57: 18.45 - 19.00 | C57: 19 | D57: 5 | E57: 0 | F57: 33 | G57: 1 | H57: 0 | I57: 11 | J57: 2 | K57: 0 | L57: 2 | M57: 30 | N57: 0 | O57: =SUM(C57:L57,N57) -> 73 | P57: =SUM(C57:N57) -> 103
B58: Totals | C58: =SUM(C10:C57) -> 1023 | D58: =SUM(D10:D57) -> 452 | E58: =SUM(E10:E57) -> 185 | F58: =SUM(F10:F57) -> 1576 | G58: =SUM(G10:G57) -> 50 | H58: =SUM(H10:H57) -> 36 | I58: =SUM(I10:I57) -> 166 | J58: =SUM(J10:J57) -> 173 | ... P58: =SUM(P10:P57) -> 5302
B59: %ges + MCs | C59: =C58/$P$58 -> 0.19294606 | D59: =D58/$P$58 -> 0.085250849 | E59: =E58/$P$58 -> 0.034892493 | F59: =F58/$P$58 -> 0.29724632 | G59: =G58/$P$58 -> 0.0094304036 | H59: =H58/$P$58 -> 0.0067898906 | I59: =I58/$P$58 -> 0.03130894 | J59: =J58/$P$58 -> 0.032629197 | ... N59: =N58/$P$58 -> 0
B60: %ges w/o MCs | C60: =C58/$O$58 -> 0.24241706 | D60: =D58/$O$58 -> 0.107109 | E60: =E58/$O$58 -> 0.043838863 | F60: =F58/$O$58 -> 0.37345972 | G60: =G58/$O$58 -> 0.011848341 | H60: =H58/$O$58 -> 0.0085308057 | I60: =I58/$O$58 -> 0.039336493 | J60: =J58/$O$58 -> 0.040995261 | ... L60: =L58/$O$58 -> 0.11943128 | N60: =N58/$O$58 -> 0

Sheet 20.10 Kampala-Jinja
B1: Consultancy services for Preparation of Expressway Development Master Plan (EDMP) for Uganda
B2: MANUAL CLASSIFIED COUNT (MCC)
B3: ROAD NAME: | C3: ='17.10 Kampala-Jinja'!C3:G3 -> MCC - C 4- STN19 -Kampala-Jinja highway
C5: Date | D5: ='20.10 Jinja-Kampala'!D5 -> 20.10.19 | F5: Location | G5: ='17.10 jinja-kampala'!G5:H5 -> Nakibbizi | J5: Surveyor | K5: Jerome
C6: Dir. From | D6: ='17.10 Kampala-Jinja'!D6:E6 -> Kampala | F6: Dir. To | G6: ='17.10 Kampala-Jinja'!G6:H6 -> Jinja | J6: Supervisor | K6: ='17.10 jinja-kampala'!K6:L6 -> Emma
B8: Time / Veh Type | R8: SUMMARY TRAFFIC VOLUMES
C9: 1. Car | D9: 2. Station Wagon | E9: 3. Pickups | F9: 4. Minibus, matatu | G9: 5. Medium bus | H9: 6. Large Bus | I9: 7. Light Truck | J9: 8. Medium Truck | K9: 9. Heavy truck | L9: 10. Truck Trailer | M9: 11. Motor cycles | N9: 12. Tractors | O9: Total Excl M/Cycles | P9: Total All | R9: Time | S9: 1. Car | T9: 2. Station Wagon | U9: 3. Pickups | V9: 4. Minibus, matatu | W9: 5. Medium bus | X9: 6. Large Bus | Y9: 7. Light Truck | Z9: 8. Medium Truck | AA9: 9. Heavy truck | AB9: 10. Truck Trailer | AC9: 11. Motorcycles | AD9: 12. Tractors, Graders | AE9: Total Excl M/ Cycles | AF9: Total All
B10: 07.00 - 07.15 | C10: 6 | D10: 3 | E10: 0 | F10: 2 | G10: 0 | H10: 0 | I10: 1 | J10: 2 | K10: 3 | L10: 6 | M10: 16 | N10: 0 | O10: =SUM(C10:L10,N10) -> 23 | P10: =SUM(C10:N10) -> 39 | R10: 0700-0800 | S10: =SUM(C10:C13) -> 30 | T10: =SUM(D10:D13) -> 17 | U10: =SUM(E10:E13) -> 5 | V10: =SUM(F10:F13) -> 79 | W10: =SUM(G10:G13) -> 0 | X10: =SUM(H10:H13) -> 1 | Y10: =SUM(I10:I13) -> 2 | Z10: =SUM(J10:J13) -> 22 | ... AF10: =SUM(P10:P13) -> 241
B11: 07.15 - 07.30 | C11: 10 | D11: 3 | E11: 3 | F11: 27 | G11: 0 | H11: 0 | I11: 0 | J11: 6 | K11: 1 | L11: 12 | M11: 14 | N11: 0 | O11: =SUM(C11:L11,N11) -> 62 | P11: =SUM(C11:N11) -> 76 | R11: 0800-0900 | S11: =SUM(C14:C17) -> 42 | T11: =SUM(D14:D17) -> 22 | U11: =SUM(E14:E17) -> 7 | V11: =SUM(F14:F17) -> 120 | W11: =SUM(G14:G17) -> 3 | X11: =SUM(H14:H17) -> 3 | Y11: =SUM(I14:I17) -> 9 | Z11: =SUM(J14:J17) -> 11 | ... AF11: =SUM(P14:P17) -> 307
B12: 07.30 - 07.45 | C12: 5 | D12: 3 | E12: 1 | F12: 25 | G12: 0 | H12: 0 | I12: 0 | J12: 9 | K12: 2 | L12: 9 | M12: 7 | N12: 0 | O12: =SUM(C12:L12,N12) -> 54 | P12: =SUM(C12:N12) -> 61 | R12: 0900-1000 | S12: =SUM(C18:C21) -> 62 | T12: =SUM(D18:D21) -> 35 | U12: =SUM(E18:E21) -> 15 | V12: =SUM(F18:F21) -> 124 | W12: =SUM(G18:G21) -> 3 | X12: =SUM(H18:H21) -> 2 | Y12: =SUM(I18:I21) -> 9 | Z12: =SUM(J18:J21) -> 17 | ... AF12: =SUM(P18:P21) -> 368
B13: 07.45 - 08.00 | C13: 9 | D13: 8 | E13: 1 | F13: 25 | G13: 0 | H13: 1 | I13: 1 | J13: 5 | K13: 0 | L13: 4 | M13: 11 | N13: 0 | O13: =SUM(C13:L13,N13) -> 54 | P13: =SUM(C13:N13) -> 65 | R13: 1000-1100 | S13: =SUM(C22:C25) -> 84 | T13: =SUM(D22:D25) -> 32 | U13: =SUM(E22:E25) -> 13 | V13: =SUM(F22:F25) -> 155 | W13: =SUM(G22:G25) -> 5 | X13: =SUM(H22:H25) -> 1 | Y13: =SUM(I22:I25) -> 5 | Z13: =SUM(J22:J25) -> 14 | ... AF13: =SUM(P22:P25) -> 422
B14: 08.00 - 08.15 | C14: 15 | D14: 8 | E14: 3 | F14: 32 | G14: 1 | H14: 2 | I14: 2 | J14: 2 | K14: 1 | L14: 11 | M14: 15 | N14: 1 | O14: =SUM(C14:L14,N14) -> 78 | P14: =SUM(C14:N14) -> 93 | R14: 1100-1200 | S14: =SUM(C26:C29) -> 65 | T14: =SUM(D26:D29) -> 47 | U14: =SUM(E26:E29) -> 13 | V14: =SUM(F26:F29) -> 129 | W14: =SUM(G26:G29) -> 7 | X14: =SUM(H26:H29) -> 2 | Y14: =SUM(I26:I29) -> 5 | Z14: =SUM(J26:J29) -> 13 | ... AF14: =SUM(P26:P29) -> 388
B15: 08.15 - 08.30 | C15: 8 | D15: 4 | E15: 1 | F15: 31 | G15: 0 | H15: 0 | I15: 2 | J15: 3 | K15: 0 | L15: 3 | M15: 15 | N15: 0 | O15: =SUM(C15:L15,N15) -> 52 | P15: =SUM(C15:N15) -> 67 | R15: 1200-1300 | S15: =SUM(C30:C33) -> 70 | T15: =SUM(D30:D33) -> 35 | U15: =SUM(E30:E33) -> 13 | V15: =SUM(F30:F33) -> 122 | W15: =SUM(G30:G33) -> 6 | X15: =SUM(H30:H33) -> 1 | Y15: =SUM(I30:I33) -> 16 | Z15: =SUM(J30:J33) -> 10 | ... AF15: =SUM(P30:P33) -> 362
B16: 08.30 - 08.45 | C16: 3 | D16: 4 | E16: 1 | F16: 23 | G16: 2 | H16: 0 | I16: 2 | J16: 5 | K16: 0 | L16: 4 | M16: 11 | N16: 0 | O16: =SUM(C16:L16,N16) -> 44 | P16: =SUM(C16:N16) -> 55 | R16: 1300-1400 | S16: =SUM(C34:C37) -> 62 | T16: =SUM(D34:D37) -> 30 | U16: =SUM(E34:E37) -> 13 | V16: =SUM(F34:F37) -> 130 | W16: =SUM(G34:G37) -> 9 | X16: =SUM(H34:H37) -> 1 | Y16: =SUM(I34:I37) -> 12 | Z16: =SUM(J34:J37) -> 10 | ... AF16: =SUM(P34:P37) -> 345
B17: 08.45 - 9.00 | C17: 16 | D17: 6 | E17: 2 | F17: 34 | G17: 0 | H17: 1 | I17: 3 | J17: 1 | K17: 1 | L17: 6 | M17: 22 | N17: 0 | O17: =SUM(C17:L17,N17) -> 70 | P17: =SUM(C17:N17) -> 92 | R17: 1400-1500 | S17: =SUM(C38:C41) -> 56 | T17: =SUM(D38:D41) -> 38 | U17: =SUM(E38:E41) -> 9 | V17: =SUM(F38:F41) -> 127 | W17: =SUM(G38:G41) -> 3 | X17: =SUM(H38:H41) -> 3 | Y17: =SUM(I38:I41) -> 13 | Z17: =SUM(J38:J41) -> 10 | ... AF17: =SUM(P38:P41) -> 365
B18: 09.00 - 09.15 | C18: 16 | D18: 9 | E18: 1 | F18: 27 | G18: 1 | H18: 0 | I18: 2 | J18: 5 | K18: 1 | L18: 6 | M18: 14 | N18: 0 | O18: =SUM(C18:L18,N18) -> 68 | P18: =SUM(C18:N18) -> 82 | R18: 1500-1600 | S18: =SUM(C42:C45) -> 95 | T18: =SUM(D42:D45) -> 28 | U18: =SUM(E42:E45) -> 17 | V18: =SUM(F42:F45) -> 144 | W18: =SUM(G42:G45) -> 9 | X18: =SUM(H42:H45) -> 3 | Y18: =SUM(I42:I45) -> 8 | Z18: =SUM(J42:J45) -> 13 | ... AF18: =SUM(P42:P45) -> 419
B19: 09.15 - 09.30 | C19: 12 | D19: 12 | E19: 8 | F19: 37 | G19: 2 | H19: 1 | I19: 2 | J19: 5 | K19: 2 | L19: 7 | M19: 18 | N19: 0 | O19: =SUM(C19:L19,N19) -> 88 | P19: =SUM(C19:N19) -> 106 | R19: 1600-1700 | S19: =SUM(C46:C49) -> 69 | T19: =SUM(D46:D49) -> 38 | U19: =SUM(E46:E49) -> 12 | V19: =SUM(F46:F49) -> 136 | W19: =SUM(G46:G49) -> 4 | X19: =SUM(H46:H49) -> 2 | Y19: =SUM(I46:I49) -> 12 | Z19: =SUM(J46:J49) -> 11 | ... AF19: =SUM(P46:P49) -> 407
B20: 09.30 - 09.45 | C20: 23 | D20: 7 | E20: 3 | F20: 30 | G20: 0 | H20: 1 | I20: 3 | J20: 3 | K20: 2 | L20: 10 | M20: 11 | N20: 0 | O20: =SUM(C20:L20,N20) -> 82 | P20: =SUM(C20:N20) -> 93 | R20: 1700-1800 | S20: =SUM(C50:C53) -> 89 | T20: =SUM(D50:D53) -> 34 | U20: =SUM(E50:E53) -> 12 | V20: =SUM(F50:F53) -> 133 | W20: =SUM(G50:G53) -> 4 | X20: =SUM(H50:H53) -> 2 | Y20: =SUM(I50:I53) -> 12 | Z20: =SUM(J50:J53) -> 15 | ... AF20: =SUM(P50:P53) -> 421
B21: 09.45 - 10.00 | C21: 11 | D21: 7 | E21: 3 | F21: 30 | G21: 0 | H21: 0 | I21: 2 | J21: 4 | K21: 1 | L21: 8 | M21: 21 | N21: 0 | O21: =SUM(C21:L21,N21) -> 66 | P21: =SUM(C21:N21) -> 87 | R21: 1800-1900 | S21: =SUM(C54:C57) -> 60 | T21: =SUM(D54:D57) -> 27 | U21: =SUM(E54:E57) -> 16 | V21: =SUM(F54:F57) -> 132 | W21: =SUM(G54:G57) -> 5 | X21: =SUM(H54:H57) -> 4 | Y21: =SUM(I54:I57) -> 13 | Z21: =SUM(J54:J57) -> 7 | ... AF21: =SUM(P54:P57) -> 370
B22: 10.00 - 10.15 | C22: 16 | D22: 7 | E22: 6 | F22: 37 | G22: 1 | H22: 0 | I22: 1 | J22: 4 | K22: 1 | L22: 5 | M22: 21 | N22: 0 | O22: =SUM(C22:L22,N22) -> 78 | P22: =SUM(C22:N22) -> 99 | R22: AM Peak Hr | S22: =MAX(S10:S12) -> 62 | T22: =MAX(T10:T12) -> 35 | U22: =MAX(U10:U12) -> 15 | V22: =MAX(V10:V12) -> 124 | W22: =MAX(W10:W12) -> 3 | X22: =MAX(X10:X12) -> 3 | Y22: =MAX(Y10:Y12) -> 9 | Z22: =MAX(Z10:Z12) -> 22 | ... AF22: =MAX(AF10:AF12) -> 368
B23: 10.15 - 10.30 | C23: 23 | D23: 10 | E23: 1 | F23: 48 | G23: 2 | H23: 0 | I23: 3 | J23: 6 | K23: 0 | L23: 3 | M23: 28 | N23: 0 | O23: =SUM(C23:L23,N23) -> 96 | P23: =SUM(C23:N23) -> 124 | R23: IP Peak Hr | S23: =MAX(S13:S18) -> 95 | T23: =MAX(T13:T18) -> 47 | U23: =MAX(U13:U18) -> 17 | V23: =MAX(V13:V18) -> 155 | W23: =MAX(W13:W18) -> 9 | X23: =MAX(X13:X18) -> 3 | Y23: =MAX(Y13:Y18) -> 16 | Z23: =MAX(Z13:Z18) -> 14 | ... AF23: =MAX(AF13:AF18) -> 422
B24: 10.30 - 10.45 | C24: 23 | D24: 11 | E24: 1 | F24: 33 | G24: 1 | H24: 1 | I24: 0 | J24: 1 | K24: 1 | L24: 10 | M24: 21 | N24: 0 | O24: =SUM(C24:L24,N24) -> 82 | P24: =SUM(C24:N24) -> 103 | R24: PM Peak Hr | S24: =MAX(S19:S21) -> 89 | T24: =MAX(T19:T21) -> 38 | U24: =MAX(U19:U21) -> 16 | V24: =MAX(V19:V21) -> 136 | W24: =MAX(W19:W21) -> 5 | X24: =MAX(X19:X21) -> 4 | Y24: =MAX(Y19:Y21) -> 13 | Z24: =MAX(Z19:Z21) -> 15 | ... AF24: =MAX(AF19:AF21) -> 421
B25: 10.45 - 11.00 | C25: 22 | D25: 4 | E25: 5 | F25: 37 | G25: 1 | H25: 0 | I25: 1 | J25: 3 | K25: 1 | L25: 10 | M25: 12 | N25: 0 | O25: =SUM(C25:L25,N25) -> 84 | P25: =SUM(C25:N25) -> 96 | R25: AM Period | S25: =SUM(S10:S12) -> 134 | T25: =SUM(T10:T12) -> 74 | U25: =SUM(U10:U12) -> 27 | V25: =SUM(V10:V12) -> 323 | W25: =SUM(W10:W12) -> 6 | X25: =SUM(X10:X12) -> 6 | Y25: =SUM(Y10:Y12) -> 20 | Z25: =SUM(Z10:Z12) -> 50 | ... AF25: =SUM(AF10:AF12) -> 916
B26: 11.00 - 11.15 | C26: 19 | D26: 6 | E26: 3 | F26: 30 | G26: 1 | H26: 0 | I26: 1 | J26: 3 | K26: 0 | L26: 4 | M26: 14 | N26: 0 | O26: =SUM(C26:L26,N26) -> 67 | P26: =SUM(C26:N26) -> 81 | R26: IP Period | S26: =SUM(S13:S18) -> 432 | T26: =SUM(T13:T18) -> 210 | U26: =SUM(U13:U18) -> 78 | V26: =SUM(V13:V18) -> 807 | W26: =SUM(W13:W18) -> 39 | X26: =SUM(X13:X18) -> 11 | Y26: =SUM(Y13:Y18) -> 59 | Z26: =SUM(Z13:Z18) -> 70 | ... AF26: =SUM(AF13:AF18) -> 2301
B27: 11.15 - 11.30 | C27: 21 | D27: 13 | E27: 4 | F27: 32 | G27: 1 | H27: 2 | I27: 2 | J27: 5 | K27: 3 | L27: 11 | M27: 27 | N27: 0 | O27: =SUM(C27:L27,N27) -> 94 | P27: =SUM(C27:N27) -> 121 | R27: PM Period | S27: =SUM(S19:S21) -> 218 | T27: =SUM(T19:T21) -> 99 | U27: =SUM(U19:U21) -> 40 | V27: =SUM(V19:V21) -> 401 | W27: =SUM(W19:W21) -> 13 | X27: =SUM(X19:X21) -> 8 | Y27: =SUM(Y19:Y21) -> 37 | Z27: =SUM(Z19:Z21) -> 33 | ... AF27: =SUM(AF19:AF21) -> 1198
B28: 11.30 - 11.45 | C28: 13 | D28: 18 | E28: 3 | F28: 38 | G28: 5 | H28: 0 | I28: 1 | J28: 3 | K28: 0 | L28: 6 | M28: 13 | N28: 0 | O28: =SUM(C28:L28,N28) -> 87 | P28: =SUM(C28:N28) -> 100 | R28: 12 Hours | S28: =SUM(S10:S21) -> 784 | T28: =SUM(T10:T21) -> 383 | U28: =SUM(U10:U21) -> 145 | V28: =SUM(V10:V21) -> 1531 | W28: =SUM(W10:W21) -> 58 | X28: =SUM(X10:X21) -> 25 | Y28: =SUM(Y10:Y21) -> 116 | Z28: =SUM(Z10:Z21) -> 153 | ... AF28: =SUM(AF10:AF21) -> 4415
B29: 11.45 - 12.00 | C29: 12 | D29: 10 | E29: 3 | F29: 29 | G29: 0 | H29: 0 | I29: 1 | J29: 2 | K29: 2 | L29: 7 | M29: 20 | N29: 0 | O29: =SUM(C29:L29,N29) -> 66 | P29: =SUM(C29:N29) -> 86
B30: 12.00 - 12.15 | C30: 22 | D30: 13 | E30: 8 | F30: 36 | G30: 0 | H30: 0 | I30: 3 | J30: 5 | K30: 2 | L30: 7 | M30: 18 | N30: 0 | O30: =SUM(C30:L30,N30) -> 96 | P30: =SUM(C30:N30) -> 114
B31: 12.15 - 12.30 | C31: 17 | D31: 6 | E31: 3 | F31: 32 | G31: 1 | H31: 1 | I31: 5 | J31: 1 | K31: 0 | L31: 1 | M31: 18 | N31: 0 | O31: =SUM(C31:L31,N31) -> 67 | P31: =SUM(C31:N31) -> 85
B32: 12.30 - 12.45 | C32: 11 | D32: 4 | E32: 2 | F32: 34 | G32: 1 | H32: 0 | I32: 4 | J32: 2 | K32: 1 | L32: 10 | M32: 18 | N32: 0 | O32: =SUM(C32:L32,N32) -> 69 | P32: =SUM(C32:N32) -> 87
B33: 12.45 - 13.00 | C33: 20 | D33: 12 | E33: 0 | F33: 20 | G33: 4 | H33: 0 | I33: 4 | J33: 2 | K33: 2 | L33: 4 | M33: 8 | N33: 0 | O33: =SUM(C33:L33,N33) -> 68 | P33: =SUM(C33:N33) -> 76
B34: 13.00 - 13.15 | C34: 10 | D34: 9 | E34: 3 | F34: 29 | G34: 2 | H34: 0 | I34: 3 | J34: 3 | K34: 0 | L34: 4 | M34: 14 | N34: 0 | O34: =SUM(C34:L34,N34) -> 63 | P34: =SUM(C34:N34) -> 77
B35: 13.15 - 13.30 | C35: 14 | D35: 4 | E35: 4 | F35: 29 | G35: 2 | H35: 1 | I35: 3 | J35: 2 | K35: 2 | L35: 9 | M35: 14 | N35: 0 | O35: =SUM(C35:L35,N35) -> 70 | P35: =SUM(C35:N35) -> 84
B36: 13.30 - 13.45 | C36: 17 | D36: 9 | E36: 3 | F36: 29 | G36: 2 | H36: 0 | I36: 3 | J36: 3 | K36: 0 | L36: 4 | M36: 14 | N36: 0 | O36: =SUM(C36:L36,N36) -> 70 | P36: =SUM(C36:N36) -> 84
B37: 13.45 - 14.00 | C37: 21 | D37: 8 | E37: 3 | F37: 43 | G37: 3 | H37: 0 | I37: 3 | J37: 2 | K37: 0 | L37: 5 | M37: 12 | N37: 0 | O37: =SUM(C37:L37,N37) -> 88 | P37: =SUM(C37:N37) -> 100
B38: 14.00 - 14.15 | C38: 12 | D38: 25 | E38: 2 | F38: 40 | G38: 0 | H38: 0 | I38: 3 | J38: 3 | K38: 1 | L38: 4 | M38: 33 | N38: 0 | O38: =SUM(C38:L38,N38) -> 90 | P38: =SUM(C38:N38) -> 123
B39: 14.15 - 14.30 | C39: 8 | D39: 4 | E39: 3 | F39: 25 | G39: 0 | H39: 2 | I39: 4 | J39: 2 | K39: 1 | L39: 5 | M39: 11 | N39: 0 | O39: =SUM(C39:L39,N39) -> 54 | P39: =SUM(C39:N39) -> 65
B40: 14.30 - 14.45 | C40: 10 | D40: 3 | E40: 3 | F40: 36 | G40: 1 | H40: 0 | I40: 2 | J40: 0 | K40: 2 | L40: 9 | M40: 12 | N40: 0 | O40: =SUM(C40:L40,N40) -> 66 | P40: =SUM(C40:N40) -> 78
... B57: 18.45 - 19.00 | C57: 4 | D57: 3 | E57: 0 | F57: 26 | G57: 0 | H57: 0 | I57: 3 | J57: 1 | K57: 1 | L57: 8 | M57: 20 | N57: 0 | O57: =SUM(C57:L57,N57) -> 46 | P57: =SUM(C57:N57) -> 66
B58: Totals | C58: =SUM(C10:C57) -> 784 | D58: =SUM(D10:D57) -> 383 | E58: =SUM(E10:E57) -> 145 | F58: =SUM(F10:F57) -> 1531 | G58: =SUM(G10:G57) -> 58 | H58: =SUM(H10:H57) -> 25 | I58: =SUM(I10:I57) -> 116 | J58: =SUM(J10:J57) -> 153 | ... P58: =SUM(P10:P57) -> 4415
B59: %ges + MCs | C59: =C58/$P$58 -> 0.17757644 | D59: =D58/$P$58 -> 0.086749717 | E59: =E58/$P$58 -> 0.032842582 | F59: =F58/$P$58 -> 0.34677237 | G59: =G58/$P$58 -> 0.013137033 | H59: =H58/$P$58 -> 0.0056625142 | I59: =I58/$P$58 -> 0.026274066 | J59: =J58/$P$58 -> 0.034654587 | ... N59: =N58/$P$58 -> 0.00045300113
B60: %ges w/o MCs | C60: =C58/$O$58 -> 0.21893326 | D60: =D58/$O$58 -> 0.10695336 | E60: =E58/$O$58 -> 0.040491483 | F60: =F58/$O$58 -> 0.42753421 | G60: =G58/$O$58 -> 0.016196593 | H60: =H58/$O$58 -> 0.0069812901 | I60: =I58/$O$58 -> 0.032393186 | J60: =J58/$O$58 -> 0.042725496 | ... L60: =L58/$O$58 -> 0.092711533 | N60: =N58/$O$58 -> 0.00055850321

Sheet 21.10 jinja-Kampala-24h
B1: Consultancy services for Preparation of Expressway Development Master Plan (EDMP) for Uganda
B2: MANUAL CLASSIFIED COUNT (MCC)
B3: ROAD NAME: | C3: ='17.10 jinja-kampala'!C3:G3 -> MCC - C 4- STN19 -Kampala-Jinja highway
C5: Date | D5: 21.10.19 | F5: Location | G5: ='19.10 Jinja-Kampala-24hr'!G5:H5 -> Nakibbizi | J5: Surveyor | K5: Micheal
C6: Dir. From | D6: Jinja | F6: Dir. To | G6: Kampala | J6: Supervisor | K6: ='19.10 Jinja-Kampala-24hr'!K6:L6 -> Emma
B8: Time / Veh Type | R8: SUMMARY TRAFFIC VOLUMES
C9: 1. Car | D9: 2. Station Wagon | E9: 3. Pickups | F9: 4. Minibus, matatu | G9: 5. Medium bus | H9: 6. Large Bus | I9: 7. Light Truck | J9: 8. Medium Truck | K9: 9. Heavy truck | L9: 10. Truck Trailer | M9: 11. Motor cycles | N9: 12. Tractors | O9: Total Excl M/Cycles | P9: Total All | R9: Time | S9: 1. Car | T9: 2. Station Wagon | U9: 3. Pickups | V9: 4. Minibus, matatu | W9: 5. Medium bus | X9: 6. Large Bus | Y9: 7. Light Truck | Z9: 8. Medium Truck | AA9: 9. Heavy truck | AB9: 10. Truck Trailer | AC9: 11. Motorcycles | AD9: 12. Tractors, Graders | AE9: Total Excl M/ Cycles | AF9: Total All
B10: 07.00 - 07.15 | C10: 14 | D10: 0 | E10: 2 | F10: 28 | G10: 0 | H10: 0 | I10: 2 | J10: 11 | K10: 0 | L10: 12 | M10: 18 | N10: 0 | O10: =SUM(C10:L10,N10) -> 69 | P10: =SUM(C10:N10) -> 87 | R10: 0700-0800 | S10: =SUM(C10:C13) -> 34 | T10: =SUM(D10:D13) -> 7 | U10: =SUM(E10:E13) -> 5 | V10: =SUM(F10:F13) -> 126 | W10: =SUM(G10:G13) -> 6 | X10: =SUM(H10:H13) -> 4 | Y10: =SUM(I10:I13) -> 6 | Z10: =SUM(J10:J13) -> 14 | ... AF10: =SUM(P10:P13) -> 339
B11: 07.15 - 07.30 | C11: 2 | D11: 0 | E11: 0 | F11: 25 | G11: 2 | H11: 0 | I11: 0 | J11: 0 | K11: 1 | L11: 10 | M11: 27 | N11: 0 | O11: =SUM(C11:L11,N11) -> 40 | P11: =SUM(C11:N11) -> 67 | R11: 0800-0900 | S11: =SUM(C14:C17) -> 48 | T11: =SUM(D14:D17) -> 8 | U11: =SUM(E14:E17) -> 14 | V11: =SUM(F14:F17) -> 139 | W11: =SUM(G14:G17) -> 6 | X11: =SUM(H14:H17) -> 2 | Y11: =SUM(I14:I17) -> 8 | Z11: =SUM(J14:J17) -> 2 | ... AF11: =SUM(P14:P17) -> 336
B12: 07.30 - 07.45 | C12: 9 | D12: 5 | E12: 2 | F12: 31 | G12: 1 | H12: 2 | I12: 1 | J12: 2 | K12: 0 | L12: 5 | M12: 24 | N12: 0 | O12: =SUM(C12:L12,N12) -> 58 | P12: =SUM(C12:N12) -> 82 | R12: 0900-1000 | S12: =SUM(C18:C21) -> 46 | T12: =SUM(D18:D21) -> 18 | U12: =SUM(E18:E21) -> 12 | V12: =SUM(F18:F21) -> 133 | W12: =SUM(G18:G21) -> 3 | X12: =SUM(H18:H21) -> 1 | Y12: =SUM(I18:I21) -> 5 | Z12: =SUM(J18:J21) -> 10 | ... AF12: =SUM(P18:P21) -> 324
B13: 07.45 - 08.00 | C13: 9 | D13: 2 | E13: 1 | F13: 42 | G13: 3 | H13: 2 | I13: 3 | J13: 1 | K13: 0 | L13: 17 | M13: 23 | N13: 0 | O13: =SUM(C13:L13,N13) -> 80 | P13: =SUM(C13:N13) -> 103 | R13: 1000-1100 | S13: =SUM(C22:C25) -> 53 | T13: =SUM(D22:D25) -> 14 | U13: =SUM(E22:E25) -> 11 | V13: =SUM(F22:F25) -> 120 | W13: =SUM(G22:G25) -> 2 | X13: =SUM(H22:H25) -> 2 | Y13: =SUM(I22:I25) -> 6 | Z13: =SUM(J22:J25) -> 8 | ... AF13: =SUM(P22:P25) -> 351
B14: 08.00 - 08.15 | C14: 11 | D14: 3 | E14: 4 | F14: 37 | G14: 4 | H14: 0 | I14: 1 | J14: 0 | K14: 0 | L14: 11 | M14: 20 | N14: 0 | O14: =SUM(C14:L14,N14) -> 71 | P14: =SUM(C14:N14) -> 91 | R14: 1100-1200 | S14: =SUM(C26:C29) -> 38 | T14: =SUM(D26:D29) -> 21 | U14: =SUM(E26:E29) -> 12 | V14: =SUM(F26:F29) -> 125 | W14: =SUM(G26:G29) -> 4 | X14: =SUM(H26:H29) -> 2 | Y14: =SUM(I26:I29) -> 14 | Z14: =SUM(J26:J29) -> 16 | ... AF14: =SUM(P26:P29) -> 368
B15: 08.15 - 08.30 | C15: 11 | D15: 1 | E15: 4 | F15: 37 | G15: 0 | H15: 1 | I15: 2 | J15: 0 | K15: 0 | L15: 8 | M15: 16 | N15: 0 | O15: =SUM(C15:L15,N15) -> 64 | P15: =SUM(C15:N15) -> 80 | R15: 1200-1300 | S15: =SUM(C30:C33) -> 51 | T15: =SUM(D30:D33) -> 28 | U15: =SUM(E30:E33) -> 12 | V15: =SUM(F30:F33) -> 121 | W15: =SUM(G30:G33) -> 3 | X15: =SUM(H30:H33) -> 3 | Y15: =SUM(I30:I33) -> 14 | Z15: =SUM(J30:J33) -> 15 | ... AF15: =SUM(P30:P33) -> 376
B16: 08.30 - 08.45 | C16: 10 | D16: 2 | E16: 3 | F16: 34 | G16: 1 | H16: 1 | I16: 3 | J16: 0 | K16: 1 | L16: 12 | M16: 25 | N16: 0 | O16: =SUM(C16:L16,N16) -> 67 | P16: =SUM(C16:N16) -> 92 | R16: 1300-1400 | S16: =SUM(C34:C37) -> 77 | T16: =SUM(D34:D37) -> 41 | U16: =SUM(E34:E37) -> 11 | V16: =SUM(F34:F37) -> 146 | W16: =SUM(G34:G37) -> 2 | X16: =SUM(H34:H37) -> 2 | Y16: =SUM(I34:I37) -> 15 | Z16: =SUM(J34:J37) -> 49 | ... AF16: =SUM(P34:P37) -> 481
B17: 08.45 - 9.00 | C17: 16 | D17: 2 | E17: 3 | F17: 31 | G17: 1 | H17: 0 | I17: 2 | J17: 2 | K17: 1 | L17: 12 | M17: 3 | N17: 0 | O17: =SUM(C17:L17,N17) -> 70 | P17: =SUM(C17:N17) -> 73 | R17: 1400-1500 | S17: =SUM(C38:C41) -> 52 | T17: =SUM(D38:D41) -> 18 | U17: =SUM(E38:E41) -> 16 | V17: =SUM(F38:F41) -> 127 | W17: =SUM(G38:G41) -> 1 | X17: =SUM(H38:H41) -> 1 | Y17: =SUM(I38:I41) -> 18 | Z17: =SUM(J38:J41) -> 29 | ... AF17: =SUM(P38:P41) -> 384
B18: 09.00 - 09.15 | C18: 13 | D18: 6 | E18: 7 | F18: 36 | G18: 2 | H18: 0 | I18: 3 | J18: 1 | K18: 1 | L18: 8 | M18: 5 | N18: 0 | O18: =SUM(C18:L18,N18) -> 77 | P18: =SUM(C18:N18) -> 82 | R18: 1500-1600 | S18: =SUM(C42:C45) -> 52 | T18: =SUM(D42:D45) -> 23 | U18: =SUM(E42:E45) -> 24 | V18: =SUM(F42:F45) -> 120 | W18: =SUM(G42:G45) -> 2 | X18: =SUM(H42:H45) -> 4 | Y18: =SUM(I42:I45) -> 22 | Z18: =SUM(J42:J45) -> 24 | ... AF18: =SUM(P42:P45) -> 403
B19: 09.15 - 09.30 | C19: 8 | D19: 4 | E19: 4 | F19: 31 | G19: 0 | H19: 0 | I19: 1 | J19: 5 | K19: 0 | L19: 7 | M19: 16 | N19: 0 | O19: =SUM(C19:L19,N19) -> 60 | P19: =SUM(C19:N19) -> 76 | R19: 1600-1700 | S19: =SUM(C46:C49) -> 46 | T19: =SUM(D46:D49) -> 33 | U19: =SUM(E46:E49) -> 13 | V19: =SUM(F46:F49) -> 132 | W19: =SUM(G46:G49) -> 4 | X19: =SUM(H46:H49) -> 0 | Y19: =SUM(I46:I49) -> 20 | Z19: =SUM(J46:J49) -> 28 | ... AF19: =SUM(P46:P49) -> 443
B20: 09.30 - 09.45 | C20: 13 | D20: 4 | E20: 1 | F20: 41 | G20: 1 | H20: 1 | I20: 0 | J20: 3 | K20: 0 | L20: 15 | M20: 21 | N20: 0 | O20: =SUM(C20:L20,N20) -> 79 | P20: =SUM(C20:N20) -> 100 | R20: 1700-1800 | S20: =SUM(C50:C53) -> 54 | T20: =SUM(D50:D53) -> 32 | U20: =SUM(E50:E53) -> 12 | V20: =SUM(F50:F53) -> 123 | W20: =SUM(G50:G53) -> 6 | X20: =SUM(H50:H53) -> 5 | Y20: =SUM(I50:I53) -> 16 | Z20: =SUM(J50:J53) -> 29 | ... AF20: =SUM(P50:P53) -> 430
B21: 09.45 - 10.00 | C21: 12 | D21: 4 | E21: 0 | F21: 25 | G21: 0 | H21: 0 | I21: 1 | J21: 1 | K21: 0 | L21: 4 | M21: 19 | N21: 0 | O21: =SUM(C21:L21,N21) -> 47 | P21: =SUM(C21:N21) -> 66 | R21: 1800-1900 | S21: =SUM(C54:C57) -> 50 | T21: =SUM(D54:D57) -> 24 | U21: =SUM(E54:E57) -> 11 | V21: =SUM(F54:F57) -> 127 | W21: =SUM(G54:G57) -> 7 | X21: =SUM(H54:H57) -> 1 | Y21: =SUM(I54:I57) -> 12 | Z21: =SUM(J54:J57) -> 27 | ... AF21: =SUM(P54:P57) -> 375
B22: 10.00 - 10.15 | C22: 24 | D22: 5 | E22: 3 | F22: 44 | G22: 2 | H22: 0 | I22: 0 | J22: 2 | K22: 0 | L22: 15 | M22: 25 | N22: 0 | O22: =SUM(C22:L22,N22) -> 95 | P22: =SUM(C22:N22) -> 120 | R22: 1900-2000 | S22: =SUM(C58:C61) -> 39 | T22: =SUM(D58:D61) -> 25 | U22: =SUM(E58:E61) -> 17 | V22: =SUM(F58:F61) -> 104 | W22: =SUM(G58:G61) -> 9 | X22: =SUM(H58:H61) -> 3 | Y22: =SUM(I58:I61) -> 11 | Z22: =SUM(J58:J61) -> 15 | ... AF22: =SUM(P58:P61) -> 341
B23: 10.15 - 10.30 | C23: 8 | D23: 3 | E23: 3 | F23: 24 | G23: 0 | H23: 0 | I23: 4 | J23: 2 | K23: 0 | L23: 10 | M23: 15 | N23: 0 | O23: =SUM(C23:L23,N23) -> 54 | P23: =SUM(C23:N23) -> 69 | R23: 2000-2100 | S23: =SUM(C62:C65) -> 59 | T23: =SUM(D62:D65) -> 33 | U23: =SUM(E62:E65) -> 11 | V23: =SUM(F62:F65) -> 85 | W23: =SUM(G62:G65) -> 7 | X23: =SUM(H62:H65) -> 6 | Y23: =SUM(I62:I65) -> 14 | Z23: =SUM(J62:J65) -> 13 | ... AF23: =SUM(P62:P65) -> 393
B24: 10.30 - 10.45 | C24: 14 | D24: 4 | E24: 2 | F24: 27 | G24: 0 | H24: 1 | I24: 1 | J24: 2 | K24: 2 | L24: 10 | M24: 22 | N24: 0 | O24: =SUM(C24:L24,N24) -> 63 | P24: =SUM(C24:N24) -> 85 | R24: 2100-2200 | S24: =SUM(C66:C69) -> 46 | T24: =SUM(D66:D69) -> 14 | U24: =SUM(E66:E69) -> 17 | V24: =SUM(F66:F69) -> 59 | W24: =SUM(G66:G69) -> 4 | X24: =SUM(H66:H69) -> 3 | Y24: =SUM(I66:I69) -> 10 | Z24: =SUM(J66:J69) -> 17 | ... AF24: =SUM(P66:P69) -> 283
B25: 10.45 - 11.00 | C25: 7 | D25: 2 | E25: 3 | F25: 25 | G25: 0 | H25: 1 | I25: 1 | J25: 2 | K25: 1 | L25: 7 | M25: 28 | N25: 0 | O25: =SUM(C25:L25,N25) -> 49 | P25: =SUM(C25:N25) -> 77 | R25: 2200-2300 | S25: =SUM(C70:C73) -> 23 | T25: =SUM(D70:D73) -> 7 | U25: =SUM(E70:E73) -> 6 | V25: =SUM(F70:F73) -> 36 | W25: =SUM(G70:G73) -> 0 | X25: =SUM(H70:H73) -> 0 | Y25: =SUM(I70:I73) -> 8 | Z25: =SUM(J70:J73) -> 15 | ... AF25: =SUM(P70:P73) -> 171
B26: 11.00 - 11.15 | C26: 8 | D26: 1 | E26: 3 | F26: 34 | G26: 0 | H26: 1 | I26: 3 | J26: 2 | K26: 0 | L26: 10 | M26: 15 | N26: 0 | O26: =SUM(C26:L26,N26) -> 62 | P26: =SUM(C26:N26) -> 77 | R26: 2300-0000 | S26: =SUM(C74:C77) -> 24 | T26: =SUM(D74:D77) -> 9 | U26: =SUM(E74:E77) -> 3 | V26: =SUM(F74:F77) -> 21 | W26: =SUM(G74:G77) -> 3 | X26: =SUM(H74:H77) -> 0 | Y26: =SUM(I74:I77) -> 10 | Z26: =SUM(J74:J77) -> 11 | ... AF26: =SUM(P74:P77) -> 176
B27: 11.15 - 11.30 | C27: 11 | D27: 3 | E27: 6 | F27: 31 | G27: 1 | H27: 1 | I27: 5 | J27: 4 | K27: 0 | L27: 9 | M27: 18 | N27: 0 | O27: =SUM(C27:L27,N27) -> 71 | P27: =SUM(C27:N27) -> 89 | R27: 0000-0100 | S27: =SUM(C78:C81) -> 7 | T27: =SUM(D78:D81) -> 6 | U27: =SUM(E78:E81) -> 4 | V27: =SUM(F78:F81) -> 8 | W27: =SUM(G78:G81) -> 0 | X27: =SUM(H78:H81) -> 2 | Y27: =SUM(I78:I81) -> 5 | Z27: =SUM(J78:J81) -> 18 | ... AF27: =SUM(P78:P81) -> 133
B28: 11.30 - 11.45 | C28: 14 | D28: 10 | E28: 2 | F28: 35 | G28: 1 | H28: 0 | I28: 4 | J28: 4 | K28: 2 | L28: 20 | M28: 30 | N28: 0 | O28: =SUM(C28:L28,N28) -> 92 | P28: =SUM(C28:N28) -> 122 | R28: 0100-0200 | S28: =SUM(C82:C85) -> 1 | T28: =SUM(D82:D85) -> 1 | U28: =SUM(E82:E85) -> 0 | V28: =SUM(F82:F85) -> 1 | W28: =SUM(G82:G85) -> 0 | X28: =SUM(H82:H85) -> 2 | Y28: =SUM(I82:I85) -> 4 | Z28: =SUM(J82:J85) -> 17 | ... AF28: =SUM(P82:P85) -> 61
B29: 11.45 - 12.00 | C29: 5 | D29: 7 | E29: 1 | F29: 25 | G29: 2 | H29: 0 | I29: 2 | J29: 6 | K29: 0 | L29: 7 | M29: 25 | N29: 0 | O29: =SUM(C29:L29,N29) -> 55 | P29: =SUM(C29:N29) -> 80 | R29: 0200-0300 | S29: =SUM(C86:C89) -> 4 | T29: =SUM(D86:D89) -> 1 | U29: =SUM(E86:E89) -> 1 | V29: =SUM(F86:F89) -> 0 | W29: =SUM(G86:G89) -> 0 | X29: =SUM(H86:H89) -> 2 | Y29: =SUM(I86:I89) -> 4 | Z29: =SUM(J86:J89) -> 20 | ... AF29: =SUM(P86:P89) -> 78
B30: 12.00 - 12.15 | C30: 8 | D30: 10 | E30: 3 | F30: 31 | G30: 0 | H30: 0 | I30: 6 | J30: 3 | K30: 0 | L30: 16 | M30: 27 | N30: 0 | O30: =SUM(C30:L30,N30) -> 77 | P30: =SUM(C30:N30) -> 104 | R30: 0300-0400 | S30: =SUM(C90:C93) -> 4 | T30: =SUM(D90:D93) -> 1 | U30: =SUM(E90:E93) -> 0 | V30: =SUM(F90:F93) -> 8 | W30: =SUM(G90:G93) -> 1 | X30: =SUM(H90:H93) -> 5 | Y30: =SUM(I90:I93) -> 4 | Z30: =SUM(J90:J93) -> 23 | ... AF30: =SUM(P90:P93) -> 101
B31: 12.15 - 12.30 | C31: 14 | D31: 7 | E31: 2 | F31: 37 | G31: 1 | H31: 2 | I31: 3 | J31: 4 | K31: 1 | L31: 11 | M31: 6 | N31: 0 | O31: =SUM(C31:L31,N31) -> 82 | P31: =SUM(C31:N31) -> 88 | R31: 0400-0500 | S31: =SUM(C94:C97) -> 8 | T31: =SUM(D94:D97) -> 1 | U31: =SUM(E94:E97) -> 0 | V31: =SUM(F94:F97) -> 22 | W31: =SUM(G94:G97) -> 0 | X31: =SUM(H94:H97) -> 5 | Y31: =SUM(I94:I97) -> 5 | Z31: =SUM(J94:J97) -> 18 | ... AF31: =SUM(P94:P97) -> 203
B32: 12.30 - 12.45 | C32: 18 | D32: 8 | E32: 4 | F32: 32 | G32: 1 | H32: 0 | I32: 4 | J32: 3 | K32: 2 | L32: 7 | M32: 25 | N32: 0 | O32: =SUM(C32:L32,N32) -> 79 | P32: =SUM(C32:N32) -> 104 | R32: 0500-0600 | S32: =SUM(C98:C101) -> 19 | T32: =SUM(D98:D101) -> 17 | U32: =SUM(E98:E101) -> 5 | V32: =SUM(F98:F101) -> 55 | W32: =SUM(G98:G101) -> 1 | X32: =SUM(H98:H101) -> 12 | Y32: =SUM(I98:I101) -> 7 | Z32: =SUM(J98:J101) -> 16 | ... AF32: =SUM(P98:P101) -> 252
B33: 12.45 - 13.00 | C33: 11 | D33: 3 | E33: 3 | F33: 21 | G33: 1 | H33: 1 | I33: 1 | J33: 5 | K33: 1 | L33: 9 | M33: 24 | N33: 0 | O33: =SUM(C33:L33,N33) -> 56 | P33: =SUM(C33:N33) -> 80 | R33: 0600-0700 | S33: =SUM(C102:C105) -> 29 | T33: =SUM(D102:D105) -> 7 | U33: =SUM(E102:E105) -> 5 | V33: =SUM(F102:F105) -> 79 | W33: =SUM(G102:G105) -> 3 | X33: =SUM(H102:H105) -> 6 | Y33: =SUM(I102:I105) -> 11 | Z33: =SUM(J102:J105) -> 18 | ... AF33: =SUM(P102:P105) -> 243
B34: 13.00 - 13.15 | C34: 22 | D34: 16 | E34: 1 | F34: 53 | G34: 1 | H34: 2 | I34: 5 | J34: 18 | K34: 5 | L34: 18 | M34: 29 | N34: 0 | O34: =SUM(C34:L34,N34) -> 141 | P34: =SUM(C34:N34) -> 170 | R34: AM Peak Hr | S34: =MAX(S10:S12) -> 48 | T34: =MAX(T10:T12) -> 18 | U34: =MAX(U10:U12) -> 14 | V34: =MAX(V10:V12) -> 139 | W34: =MAX(W10:W12) -> 6 | X34: =MAX(X10:X12) -> 4 | Y34: =MAX(Y10:Y12) -> 8 | Z34: =MAX(Z10:Z12) -> 14 | ... AF34: =MAX(AF10:AF12) -> 339
B35: 13.15 - 13.30 | C35: 36 | D35: 14 | E35: 4 | F35: 37 | G35: 0 | H35: 0 | I35: 2 | J35: 22 | K35: 3 | L35: 11 | M35: 21 | N35: 0 | O35: =SUM(C35:L35,N35) -> 129 | P35: =SUM(C35:N35) -> 150 | R35: IP Peak Hr | S35: =MAX(S13:S18) -> 77 | T35: =MAX(T13:T18) -> 41 | U35: =MAX(U13:U18) -> 24 | V35: =MAX(V13:V18) -> 146 | W35: =MAX(W13:W18) -> 4 | X35: =MAX(X13:X18) -> 4 | Y35: =MAX(Y13:Y18) -> 22 | Z35: =MAX(Z13:Z18) -> 49 | ... AF35: =MAX(AF13:AF18) -> 481
B36: 13.30 - 13.45 | C36: 12 | D36: 9 | E36: 6 | F36: 25 | G36: 1 | H36: 0 | I36: 3 | J36: 3 | K36: 2 | L36: 7 | M36: 17 | N36: 0 | O36: =SUM(C36:L36,N36) -> 68 | P36: =SUM(C36:N36) -> 85 | R36: PM Peak Hr | S36: =MAX(S19:S21) -> 54 | T36: =MAX(T19:T21) -> 33 | U36: =MAX(U19:U21) -> 13 | V36: =MAX(V19:V21) -> 132 | W36: =MAX(W19:W21) -> 7 | X36: =MAX(X19:X21) -> 5 | Y36: =MAX(Y19:Y21) -> 20 | Z36: =MAX(Z19:Z21) -> 29 | ... AF36: =MAX(AF19:AF21) -> 443
B37: 13.45 - 14.00 | C37: 7 | D37: 2 | E37: 0 | F37: 31 | G37: 0 | H37: 0 | I37: 5 | J37: 6 | K37: 1 | L37: 7 | M37: 17 | N37: 0 | O37: =SUM(C37:L37,N37) -> 59 | P37: =SUM(C37:N37) -> 76 | R37: AM Period | S37: =SUM(S10:S12) -> 128 | T37: =SUM(T10:T12) -> 33 | U37: =SUM(U10:U12) -> 31 | V37: =SUM(V10:V12) -> 398 | W37: =SUM(W10:W12) -> 15 | X37: =SUM(X10:X12) -> 7 | Y37: =SUM(Y10:Y12) -> 19 | Z37: =SUM(Z10:Z12) -> 26 | ... AF37: =SUM(AF10:AF12) -> 999
B38: 14.00 - 14.15 | C38: 16 | D38: 9 | E38: 8 | F38: 32 | G38: 0 | H38: 0 | I38: 3 | J38: 5 | K38: 1 | L38: 12 | M38: 27 | N38: 0 | O38: =SUM(C38:L38,N38) -> 86 | P38: =SUM(C38:N38) -> 113 | R38: IP Period | S38: =SUM(S13:S18) -> 323 | T38: =SUM(T13:T18) -> 145 | U38: =SUM(U13:U18) -> 86 | V38: =SUM(V13:V18) -> 759 | W38: =SUM(W13:W18) -> 14 | X38: =SUM(X13:X18) -> 14 | Y38: =SUM(Y13:Y18) -> 89 | Z38: =SUM(Z13:Z18) -> 141 | ... AF38: =SUM(AF13:AF18) -> 2363
B39: 14.15 - 14.30 | C39: 15 | D39: 5 | E39: 3 | F39: 28 | G39: 0 | H39: 0 | I39: 4 | J39: 8 | K39: 1 | L39: 2 | M39: 21 | N39: 0 | O39: =SUM(C39:L39,N39) -> 66 | P39: =SUM(C39:N39) -> 87 | R39: PM Period | S39: =SUM(S19:S21) -> 150 | T39: =SUM(T19:T21) -> 89 | U39: =SUM(U19:U21) -> 36 | V39: =SUM(V19:V21) -> 382 | W39: =SUM(W19:W21) -> 17 | X39: =SUM(X19:X21) -> 6 | Y39: =SUM(Y19:Y21) -> 48 | Z39: =SUM(Z19:Z21) -> 84 | ... AF39: =SUM(AF19:AF21) -> 1248
B40: 14.30 - 14.45 | C40: 10 | D40: 2 | E40: 4 | F40: 34 | G40: 0 | H40: 0 | I40: 3 | J40: 7 | K40: 2 | L40: 6 | M40: 25 | N40: 0 | O40: =SUM(C40:L40,N40) -> 68 | P40: =SUM(C40:N40) -> 93 | R40: 12 Hours | S40: =SUM(S10:S21) -> 601 | T40: =SUM(T10:T21) -> 267 | U40: =SUM(U10:U21) -> 153 | V40: =SUM(V10:V21) -> 1539 | W40: =SUM(W10:W21) -> 46 | X40: =SUM(X10:X21) -> 27 | Y40: =SUM(Y10:Y21) -> 156 | Z40: =SUM(Z10:Z21) -> 251 | ... AF40: =SUM(AF10:AF21) -> 4610
B41: 14.45 - 15.00 | C41: 11 | D41: 2 | E41: 1 | F41: 33 | G41: 1 | H41: 1 | I41: 8 | J41: 9 | K41: 1 | L41: 4 | M41: 20 | N41: 0 | O41: =SUM(C41:L41,N41) -> 71 | P41: =SUM(C41:N41) -> 91 | R41: 24 Hrs/ADT | S41: =SUM(S10:S33) -> 864 | T41: =SUM(T10:T33) -> 389 | U41: =SUM(U10:U33) -> 222 | V41: =SUM(V10:V33) -> 2017 | W41: =SUM(W10:W33) -> 74 | X41: =SUM(X10:X33) -> 73 | Y41: =SUM(Y10:Y33) -> 249 | Z41: =SUM(Z10:Z33) -> 452 | ... AF41: =SUM(AF10:AF33) -> 7045
B42: 15.00 - 15.15 | C42: 15 | D42: 5 | E42: 3 | F42: 34 | G42: 1 | H42: 1 | I42: 7 | J42: 4 | K42: 2 | L42: 10 | M42: 20 | N42: 0 | O42: =SUM(C42:L42,N42) -> 82 | P42: =SUM(C42:N42) -> 102 | R42: NEF | S42: =S41/S40 -> 1.437604 | T42: =T41/T40 -> 1.4569288 | U42: =U41/U40 -> 1.4509804 | V42: =V41/V40 -> 1.3105913 | W42: =W41/W40 -> 1.6086957 | X42: =X41/X40 -> 2.7037037 | Y42: =Y41/Y40 -> 1.5961538 | Z42: =Z41/Z40 -> 1.8007968 | ... AF42: =AF41/AF40 -> 1.5281996
B43: 15.15 - 15.30 | C43: 9 | D43: 5 | E43: 2 | F43: 23 | G43: 0 | H43: 1 | I43: 5 | J43: 4 | K43: 2 | L43: 7 | M43: 26 | N43: 0 | O43: =SUM(C43:L43,N43) -> 58 | P43: =SUM(C43:N43) -> 84
B44: 15.30 - 15.45 | C44: 15 | D44: 9 | E44: 11 | F44: 33 | G44: 1 | H44: 1 | I44: 6 | J44: 4 | K44: 2 | L44: 7 | M44: 25 | N44: 0 | O44: =SUM(C44:L44,N44) -> 89 | P44: =SUM(C44:N44) -> 114
B45: 15.45 - 16.00 | C45: 13 | D45: 4 | E45: 8 | F45: 30 | G45: 0 | H45: 1 | I45: 4 | J45: 12 | K45: 0 | L45: 17 | M45: 14 | N45: 0 | O45: =SUM(C45:L45,N45) -> 89 | P45: =SUM(C45:N45) -> 103
B46: 16.00 - 16.15 | C46: 10 | D46: 8 | E46: 4 | F46: 26 | G46: 0 | H46: 0 | I46: 4 | J46: 8 | K46: 0 | L46: 14 | M46: 30 | N46: 0 | O46: =SUM(C46:L46,N46) -> 74 | P46: =SUM(C46:N46) -> 104
B47: 16.15 -16.30 | C47: 5 | D47: 11 | E47: 6 | F47: 33 | G47: 1 | H47: 0 | I47: 6 | J47: 2 | K47: 0 | L47: 15 | M47: 25 | N47: 0 | O47: =SUM(C47:L47,N47) -> 79 | P47: =SUM(C47:N47) -> 104
B48: 16.30 -16.45 | C48: 10 | D48: 10 | E48: 3 | F48: 32 | G48: 2 | H48: 0 | I48: 1 | J48: 13 | K48: 3 | L48: 16 | M48: 21 | N48: 0 | O48: =SUM(C48:L48,N48) -> 90 | P48: =SUM(C48:N48) -> 111
B49: 16.45 -17.00 | C49: 21 | D49: 4 | E49: 0 | F49: 41 | G49: 1 | H49: 0 | I49: 9 | J49: 5 | K49: 1 | L49: 13 | M49: 29 | N49: 0 | O49: =SUM(C49:L49,N49) -> 95 | P49: =SUM(C49:N49) -> 124
B50: 17.00 -17.15 | C50: 13 | D50: 8 | E50: 2 | F50: 39 | G50: 1 | H50: 2 | I50: 6 | J50: 6 | K50: 0 | L50: 10 | M50: 27 | N50: 0 | O50: =SUM(C50:L50,N50) -> 87 | P50: =SUM(C50:N50) -> 114
B51: 17.15 -17.30 | C51: 10 | D51: 11 | E51: 4 | F51: 14 | G51: 1 | H51: 0 | I51: 3 | J51: 5 | K51: 3 | L51: 12 | M51: 28 | N51: 0 | O51: =SUM(C51:L51,N51) -> 63 | P51: =SUM(C51:N51) -> 91
B52: 17.30 -17.45 | C52: 16 | D52: 8 | E52: 5 | F52: 39 | G52: 0 | H52: 2 | I52: 2 | J52: 12 | K52: 2 | L52: 8 | M52: 36 | N52: 0 | O52: =SUM(C52:L52,N52) -> 94 | P52: =SUM(C52:N52) -> 130
B53: 17.45 -18.00 | C53: 15 | D53: 5 | E53: 1 | F53: 31 | G53: 4 | H53: 1 | I53: 5 | J53: 6 | K53: 2 | L53: 1 | M53: 24 | N53: 0 | O53: =SUM(C53:L53,N53) -> 71 | P53: =SUM(C53:N53) -> 95
B54: 18.00 - 18.15 | C54: 22 | D54: 8 | E54: 3 | F54: 41 | G54: 1 | H54: 0 | I54: 5 | J54: 10 | K54: 3 | L54: 6 | M54: 21 | N54: 0 | O54: =SUM(C54:L54,N54) -> 99 | P54: =SUM(C54:N54) -> 120
... B105: 06.45 - 07.00 | C105: 9 | D105: 4 | E105: 1 | F105: 26 | G105: 1 | H105: 2 | I105: 2 | J105: 7 | K105: 3 | L105: 10 | M105: 16 | N105: 0 | O105: =SUM(C105:L105,N105) -> 65 | P105: =SUM(C105:N105) -> 81
B106: Totals | C106: =SUM(C10:C105) -> 864 | D106: =SUM(D10:D105) -> 389 | E106: =SUM(E10:E105) -> 222 | F106: =SUM(F10:F105) -> 2017 | G106: =SUM(G10:G105) -> 74 | H106: =SUM(H10:H105) -> 73 | I106: =SUM(I10:I105) -> 249 | J106: =SUM(J10:J105) -> 452 | ... P106: =SUM(P10:P105) -> 7045
B107: %ges + MCs | C107: =C106/$P$106 -> 0.12264017 | D107: =D106/$P$106 -> 0.055216466 | E107: =E106/$P$106 -> 0.03151171 | F107: =F106/$P$106 -> 0.28630234 | G107: =G106/$P$106 -> 0.010503903 | H107: =H106/$P$106 -> 0.010361959 | I107: =I106/$P$106 -> 0.035344216 | J107: =J106/$P$106 -> 0.064158978 | ... N107: =N106/$P$106 -> 0.00042583392
B108: %ges w/o MCs | C108: =C106/$O$106 -> 0.15709091 | D108: =D106/$O$106 -> 0.070727273 | E108: =E106/$O$106 -> 0.040363636 | F108: =F106/$O$106 -> 0.36672727 | G108: =G106/$O$106 -> 0.013454545 | H108: =H106/$O$106 -> 0.013272727 | I108: =I106/$O$106 -> 0.045272727 | J108: =J106/$O$106 -> 0.082181818 | ... L108: =L106/$O$106 -> 0.15945455 | N108: =N106/$O$106 -> 0.00054545455

Sheet 21.10 Kampala-Jinja-24h
B1: Consultancy services for Preparation of Expressway Development Master Plan (EDMP) for Uganda
B2: MANUAL CLASSIFIED COUNT (MCC)
B3: ROAD NAME: | C3: ='17.10 jinja-kampala'!C3:G3 -> MCC - C 4- STN19 -Kampala-Jinja highway
C5: Date | D5: 21.10.19 | F5: Location | G5: ='19.10 Kampala-Jinja-24hr'!G5:H5 -> Nakibbizi | J5: Surveyor | K5: ='19.10 Kampala-Jinja-24hr'!K5:L5 -> jerome
C6: Dir. From | D6: ='17.10 Kampala-Jinja'!D6:E6 -> Kampala | F6: Dir. To | G6: ='17.10 Kampala-Jinja'!G6:H6 -> Jinja | J6: Supervisor | K6: ='19.10 Kampala-Jinja-24hr'!K6:L6 -> Emma
B8: Time / Veh Type | R8: SUMMARY TRAFFIC VOLUMES
C9: 1. Car | D9: 2. Station Wagon | E9: 3. Pickups | F9: 4. Minibus, matatu | G9: 5. Medium bus | H9: 6. Large Bus | I9: 7. Light Truck | J9: 8. Medium Truck | K9: 9. Heavy truck | L9: 10. Truck Trailer | M9: 11. Motor cycles | N9: 12. Tractors | O9: Total Excl M/Cycles | P9: Total All | R9: Time | S9: 1. Car | T9: 2. Station Wagon | U9: 3. Pickups | V9: 4. Minibus, matatu | W9: 5. Medium bus | X9: 6. Large Bus | Y9: 7. Light Truck | Z9: 8. Medium Truck | AA9: 9. Heavy truck | AB9: 10. Truck Trailer | AC9: 11. Motorcycles | AD9: 12. Tractors, Graders | AE9: Total Excl M/ Cycles | AF9: Total All
B10: 07.00 - 07.15 | C10: 19 | D10: 4 | E10: 5 | F10: 29 | G10: 2 | H10: 2 | I10: 2 | J10: 5 | K10: 8 | L10: 10 | M10: 20 | N10: 0 | O10: =SUM(C10:L10,N10) -> 86 | P10: =SUM(C10:N10) -> 106 | R10: 0700-0800 | S10: =SUM(C10:C13) -> 57 | T10: =SUM(D10:D13) -> 16 | U10: =SUM(E10:E13) -> 14 | V10: =SUM(F10:F13) -> 89 | W10: =SUM(G10:G13) -> 3 | X10: =SUM(H10:H13) -> 3 | Y10: =SUM(I10:I13) -> 8 | Z10: =SUM(J10:J13) -> 18 | ... AF10: =SUM(P10:P13) -> 284
B11: 07.15 - 07.30 | C11: 11 | D11: 8 | E11: 0 | F11: 15 | G11: 0 | H11: 0 | I11: 3 | J11: 6 | K11: 1 | L11: 2 | M11: 5 | N11: 0 | O11: =SUM(C11:L11,N11) -> 46 | P11: =SUM(C11:N11) -> 51 | R11: 0800-0900 | S11: =SUM(C14:C17) -> 68 | T11: =SUM(D14:D17) -> 30 | U11: =SUM(E14:E17) -> 16 | V11: =SUM(F14:F17) -> 107 | W11: =SUM(G14:G17) -> 2 | X11: =SUM(H14:H17) -> 1 | Y11: =SUM(I14:I17) -> 8 | Z11: =SUM(J14:J17) -> 15 | ... AF11: =SUM(P14:P17) -> 320
B12: 07.30 - 07.45 | C12: 15 | D12: 1 | E12: 4 | F12: 15 | G12: 1 | H12: 1 | I12: 1 | J12: 5 | K12: 4 | L12: 2 | M12: 11 | N12: 0 | O12: =SUM(C12:L12,N12) -> 49 | P12: =SUM(C12:N12) -> 60 | R12: 0900-1000 | S12: =SUM(C18:C21) -> 61 | T12: =SUM(D18:D21) -> 32 | U12: =SUM(E18:E21) -> 19 | V12: =SUM(F18:F21) -> 115 | W12: =SUM(G18:G21) -> 2 | X12: =SUM(H18:H21) -> 2 | Y12: =SUM(I18:I21) -> 6 | Z12: =SUM(J18:J21) -> 8 | ... AF12: =SUM(P18:P21) -> 294
B13: 07.45 - 08.00 | C13: 12 | D13: 3 | E13: 5 | F13: 30 | G13: 0 | H13: 0 | I13: 2 | J13: 2 | K13: 2 | L13: 2 | M13: 9 | N13: 0 | O13: =SUM(C13:L13,N13) -> 58 | P13: =SUM(C13:N13) -> 67 | R13: 1000-1100 | S13: =SUM(C22:C25) -> 55 | T13: =SUM(D22:D25) -> 39 | U13: =SUM(E22:E25) -> 18 | V13: =SUM(F22:F25) -> 125 | W13: =SUM(G22:G25) -> 4 | X13: =SUM(H22:H25) -> 3 | Y13: =SUM(I22:I25) -> 8 | Z13: =SUM(J22:J25) -> 15 | ... AF13: =SUM(P22:P25) -> 334
B14: 08.00 - 08.15 | C14: 19 | D14: 7 | E14: 4 | F14: 39 | G14: 1 | H14: 0 | I14: 3 | J14: 1 | K14: 1 | L14: 1 | M14: 12 | N14: 0 | O14: =SUM(C14:L14,N14) -> 76 | P14: =SUM(C14:N14) -> 88 | R14: 1100-1200 | S14: =SUM(C26:C29) -> 64 | T14: =SUM(D26:D29) -> 31 | U14: =SUM(E26:E29) -> 21 | V14: =SUM(F26:F29) -> 120 | W14: =SUM(G26:G29) -> 4 | X14: =SUM(H26:H29) -> 3 | Y14: =SUM(I26:I29) -> 11 | Z14: =SUM(J26:J29) -> 12 | ... AF14: =SUM(P26:P29) -> 374
B15: 08.15 - 08.30 | C15: 24 | D15: 8 | E15: 4 | F15: 26 | G15: 0 | H15: 0 | I15: 2 | J15: 5 | K15: 3 | L15: 2 | M15: 19 | N15: 0 | O15: =SUM(C15:L15,N15) -> 74 | P15: =SUM(C15:N15) -> 93 | R15: 1200-1300 | S15: =SUM(C30:C33) -> 63 | T15: =SUM(D30:D33) -> 31 | U15: =SUM(E30:E33) -> 19 | V15: =SUM(F30:F33) -> 89 | W15: =SUM(G30:G33) -> 5 | X15: =SUM(H30:H33) -> 2 | Y15: =SUM(I30:I33) -> 13 | Z15: =SUM(J30:J33) -> 18 | ... AF15: =SUM(P30:P33) -> 328
B16: 08.30 - 08.45 | C16: 15 | D16: 8 | E16: 3 | F16: 29 | G16: 1 | H16: 1 | I16: 2 | J16: 5 | K16: 1 | L16: 3 | M16: 20 | N16: 0 | O16: =SUM(C16:L16,N16) -> 68 | P16: =SUM(C16:N16) -> 88 | R16: 1300-1400 | S16: =SUM(C34:C37) -> 56 | T16: =SUM(D34:D37) -> 28 | U16: =SUM(E34:E37) -> 23 | V16: =SUM(F34:F37) -> 121 | W16: =SUM(G34:G37) -> 6 | X16: =SUM(H34:H37) -> 2 | Y16: =SUM(I34:I37) -> 16 | Z16: =SUM(J34:J37) -> 11 | ... AF16: =SUM(P34:P37) -> 357
B17: 08.45 - 9.00 | C17: 10 | D17: 7 | E17: 5 | F17: 13 | G17: 0 | H17: 0 | I17: 1 | J17: 4 | K17: 0 | L17: 4 | M17: 7 | N17: 0 | O17: =SUM(C17:L17,N17) -> 44 | P17: =SUM(C17:N17) -> 51 | R17: 1400-1500 | S17: =SUM(C38:C41) -> 44 | T17: =SUM(D38:D41) -> 37 | U17: =SUM(E38:E41) -> 16 | V17: =SUM(F38:F41) -> 114 | W17: =SUM(G38:G41) -> 7 | X17: =SUM(H38:H41) -> 1 | Y17: =SUM(I38:I41) -> 17 | Z17: =SUM(J38:J41) -> 13 | ... AF17: =SUM(P38:P41) -> 359
B18: 09.00 - 09.15 | C18: 22 | D18: 12 | E18: 1 | F18: 36 | G18: 0 | H18: 0 | I18: 1 | J18: 2 | K18: 1 | L18: 1 | M18: 4 | N18: 0 | O18: =SUM(C18:L18,N18) -> 76 | P18: =SUM(C18:N18) -> 80 | R18: 1500-1600 | S18: =SUM(C42:C45) -> 46 | T18: =SUM(D42:D45) -> 25 | U18: =SUM(E42:E45) -> 13 | V18: =SUM(F42:F45) -> 103 | W18: =SUM(G42:G45) -> 2 | X18: =SUM(H42:H45) -> 2 | Y18: =SUM(I42:I45) -> 17 | Z18: =SUM(J42:J45) -> 22 | ... AF18: =SUM(P42:P45) -> 343
B19: 09.15 - 09.30 | C19: 13 | D19: 5 | E19: 7 | F19: 20 | G19: 1 | H19: 1 | I19: 1 | J19: 1 | K19: 0 | L19: 6 | M19: 6 | N19: 0 | O19: =SUM(C19:L19,N19) -> 55 | P19: =SUM(C19:N19) -> 61 | R19: 1600-1700 | S19: =SUM(C46:C49) -> 44 | T19: =SUM(D46:D49) -> 15 | U19: =SUM(E46:E49) -> 17 | V19: =SUM(F46:F49) -> 125 | W19: =SUM(G46:G49) -> 4 | X19: =SUM(H46:H49) -> 4 | Y19: =SUM(I46:I49) -> 13 | Z19: =SUM(J46:J49) -> 28 | ... AF19: =SUM(P46:P49) -> 383
B20: 09.30 - 09.45 | C20: 16 | D20: 7 | E20: 5 | F20: 38 | G20: 1 | H20: 0 | I20: 2 | J20: 2 | K20: 1 | L20: 2 | M20: 13 | N20: 0 | O20: =SUM(C20:L20,N20) -> 74 | P20: =SUM(C20:N20) -> 87 | R20: 1700-1800 | S20: =SUM(C50:C53) -> 51 | T20: =SUM(D50:D53) -> 36 | U20: =SUM(E50:E53) -> 9 | V20: =SUM(F50:F53) -> 106 | W20: =SUM(G50:G53) -> 6 | X20: =SUM(H50:H53) -> 1 | Y20: =SUM(I50:I53) -> 26 | Z20: =SUM(J50:J53) -> 19 | ... AF20: =SUM(P50:P53) -> 420
B21: 09.45 - 10.00 | C21: 10 | D21: 8 | E21: 6 | F21: 21 | G21: 0 | H21: 1 | I21: 2 | J21: 3 | K21: 0 | L21: 1 | M21: 14 | N21: 0 | O21: =SUM(C21:L21,N21) -> 52 | P21: =SUM(C21:N21) -> 66 | R21: 1800-1900 | S21: =SUM(C54:C57) -> 43 | T21: =SUM(D54:D57) -> 17 | U21: =SUM(E54:E57) -> 17 | V21: =SUM(F54:F57) -> 114 | W21: =SUM(G54:G57) -> 7 | X21: =SUM(H54:H57) -> 5 | Y21: =SUM(I54:I57) -> 20 | Z21: =SUM(J54:J57) -> 13 | ... AF21: =SUM(P54:P57) -> 383
B22: 10.00 - 10.15 | C22: 26 | D22: 14 | E22: 6 | F22: 25 | G22: 0 | H22: 1 | I22: 2 | J22: 6 | K22: 1 | L22: 2 | M22: 20 | N22: 0 | O22: =SUM(C22:L22,N22) -> 83 | P22: =SUM(C22:N22) -> 103 | R22: 1900-2000 | S22: =SUM(C58:C61) -> 36 | T22: =SUM(D58:D61) -> 14 | U22: =SUM(E58:E61) -> 12 | V22: =SUM(F58:F61) -> 86 | W22: =SUM(G58:G61) -> 1 | X22: =SUM(H58:H61) -> 0 | Y22: =SUM(I58:I61) -> 20 | Z22: =SUM(J58:J61) -> 22 | ... AF22: =SUM(P58:P61) -> 308
B23: 10.15 - 10.30 | C23: 10 | D23: 9 | E23: 6 | F23: 40 | G23: 1 | H23: 0 | I23: 1 | J23: 5 | K23: 0 | L23: 0 | M23: 14 | N23: 0 | O23: =SUM(C23:L23,N23) -> 72 | P23: =SUM(C23:N23) -> 86 | R23: 2000-2100 | S23: =SUM(C62:C65) -> 35 | T23: =SUM(D62:D65) -> 9 | U23: =SUM(E62:E65) -> 8 | V23: =SUM(F62:F65) -> 66 | W23: =SUM(G62:G65) -> 6 | X23: =SUM(H62:H65) -> 2 | Y23: =SUM(I62:I65) -> 13 | Z23: =SUM(J62:J65) -> 27 | ... AF23: =SUM(P62:P65) -> 287
B24: 10.30 - 10.45 | C24: 15 | D24: 13 | E24: 5 | F24: 40 | G24: 1 | H24: 1 | I24: 2 | J24: 2 | K24: 1 | L24: 2 | M24: 21 | N24: 0 | O24: =SUM(C24:L24,N24) -> 82 | P24: =SUM(C24:N24) -> 103 | R24: 2100-2200 | S24: =SUM(C66:C69) -> 36 | T24: =SUM(D66:D69) -> 5 | U24: =SUM(E66:E69) -> 4 | V24: =SUM(F66:F69) -> 45 | W24: =SUM(G66:G69) -> 25 | X24: =SUM(H66:H69) -> 0 | Y24: =SUM(I66:I69) -> 10 | Z24: =SUM(J66:J69) -> 11 | ... AF24: =SUM(P66:P69) -> 248
B25: 10.45 - 11.00 | C25: 4 | D25: 3 | E25: 1 | F25: 20 | G25: 2 | H25: 1 | I25: 3 | J25: 2 | K25: 0 | L25: 1 | M25: 5 | N25: 0 | O25: =SUM(C25:L25,N25) -> 37 | P25: =SUM(C25:N25) -> 42 | R25: 2200-2300 | S25: =SUM(C70:C73) -> 30 | T25: =SUM(D70:D73) -> 5 | U25: =SUM(E70:E73) -> 7 | V25: =SUM(F70:F73) -> 43 | W25: =SUM(G70:G73) -> 7 | X25: =SUM(H70:H73) -> 1 | Y25: =SUM(I70:I73) -> 13 | Z25: =SUM(J70:J73) -> 27 | ... AF25: =SUM(P70:P73) -> 207
B26: 11.00 - 11.15 | C26: 14 | D26: 8 | E26: 7 | F26: 25 | G26: 0 | H26: 1 | I26: 2 | J26: 4 | K26: 1 | L26: 2 | M26: 24 | N26: 0 | O26: =SUM(C26:L26,N26) -> 64 | P26: =SUM(C26:N26) -> 88 | R26: 2300-0000 | S26: =SUM(C74:C77) -> 24 | T26: =SUM(D74:D77) -> 6 | U26: =SUM(E74:E77) -> 4 | V26: =SUM(F74:F77) -> 25 | W26: =SUM(G74:G77) -> 4 | X26: =SUM(H74:H77) -> 5 | Y26: =SUM(I74:I77) -> 15 | Z26: =SUM(J74:J77) -> 3 | ... AF26: =SUM(P74:P77) -> 144
B27: 11.15 - 11.30 | C27: 21 | D27: 10 | E27: 2 | F27: 32 | G27: 1 | H27: 0 | I27: 2 | J27: 3 | K27: 0 | L27: 7 | M27: 12 | N27: 0 | O27: =SUM(C27:L27,N27) -> 78 | P27: =SUM(C27:N27) -> 90 | R27: 0000-0100 | S27: =SUM(C78:C81) -> 13 | T27: =SUM(D78:D81) -> 3 | U27: =SUM(E78:E81) -> 3 | V27: =SUM(F78:F81) -> 12 | W27: =SUM(G78:G81) -> 2 | X27: =SUM(H78:H81) -> 4 | Y27: =SUM(I78:I81) -> 4 | Z27: =SUM(J78:J81) -> 27 | ... AF27: =SUM(P78:P81) -> 94
B28: 11.30 - 11.45 | C28: 15 | D28: 6 | E28: 7 | F28: 26 | G28: 1 | H28: 2 | I28: 5 | J28: 4 | K28: 0 | L28: 3 | M28: 35 | N28: 0 | O28: =SUM(C28:L28,N28) -> 69 | P28: =SUM(C28:N28) -> 104 | R28: 0100-0200 | S28: =SUM(C82:C85) -> 11 | T28: =SUM(D82:D85) -> 3 | U28: =SUM(E82:E85) -> 1 | V28: =SUM(F82:F85) -> 9 | W28: =SUM(G82:G85) -> 0 | X28: =SUM(H82:H85) -> 2 | Y28: =SUM(I82:I85) -> 6 | Z28: =SUM(J82:J85) -> 26 | ... AF28: =SUM(P82:P85) -> 89
B29: 11.45 - 12.00 | C29: 14 | D29: 7 | E29: 5 | F29: 37 | G29: 2 | H29: 0 | I29: 2 | J29: 1 | K29: 0 | L29: 6 | M29: 18 | N29: 0 | O29: =SUM(C29:L29,N29) -> 74 | P29: =SUM(C29:N29) -> 92 | R29: 0200-0300 | S29: =SUM(C86:C89) -> 4 | T29: =SUM(D86:D89) -> 1 | U29: =SUM(E86:E89) -> 1 | V29: =SUM(F86:F89) -> 6 | W29: =SUM(G86:G89) -> 0 | X29: =SUM(H86:H89) -> 2 | Y29: =SUM(I86:I89) -> 10 | Z29: =SUM(J86:J89) -> 15 | ... AF29: =SUM(P86:P89) -> 63
B30: 12.00 - 12.15 | C30: 15 | D30: 6 | E30: 5 | F30: 24 | G30: 0 | H30: 1 | I30: 2 | J30: 6 | K30: 2 | L30: 3 | M30: 18 | N30: 0 | O30: =SUM(C30:L30,N30) -> 64 | P30: =SUM(C30:N30) -> 82 | R30: 0300-0400 | S30: =SUM(C90:C93) -> 1 | T30: =SUM(D90:D93) -> 0 | U30: =SUM(E90:E93) -> 0 | V30: =SUM(F90:F93) -> 5 | W30: =SUM(G90:G93) -> 0 | X30: =SUM(H90:H93) -> 1 | Y30: =SUM(I90:I93) -> 3 | Z30: =SUM(J90:J93) -> 14 | ... AF30: =SUM(P90:P93) -> 34
B31: 12.15 - 12.30 | C31: 8 | D31: 3 | E31: 1 | F31: 14 | G31: 1 | H31: 0 | I31: 2 | J31: 5 | K31: 0 | L31: 2 | M31: 15 | N31: 0 | O31: =SUM(C31:L31,N31) -> 36 | P31: =SUM(C31:N31) -> 51 | R31: 0400-0500 | S31: =SUM(C94:C97) -> 4 | T31: =SUM(D94:D97) -> 0 | U31: =SUM(E94:E97) -> 0 | V31: =SUM(F94:F97) -> 2 | W31: =SUM(G94:G97) -> 0 | X31: =SUM(H94:H97) -> 1 | Y31: =SUM(I94:I97) -> 5 | Z31: =SUM(J94:J97) -> 14 | ... AF31: =SUM(P94:P97) -> 34
B32: 12.30 - 12.45 | C32: 23 | D32: 18 | E32: 10 | F32: 21 | G32: 2 | H32: 0 | I32: 6 | J32: 4 | K32: 1 | L32: 14 | M32: 12 | N32: 0 | O32: =SUM(C32:L32,N32) -> 99 | P32: =SUM(C32:N32) -> 111 | R32: 0500-0600 | S32: =SUM(C98:C101) -> 6 | T32: =SUM(D98:D101) -> 1 | U32: =SUM(E98:E101) -> 3 | V32: =SUM(F98:F101) -> 16 | W32: =SUM(G98:G101) -> 0 | X32: =SUM(H98:H101) -> 0 | Y32: =SUM(I98:I101) -> 6 | Z32: =SUM(J98:J101) -> 12 | ... AF32: =SUM(P98:P101) -> 62
B33: 12.45 - 13.00 | C33: 17 | D33: 4 | E33: 3 | F33: 30 | G33: 2 | H33: 1 | I33: 3 | J33: 3 | K33: 3 | L33: 10 | M33: 8 | N33: 0 | O33: =SUM(C33:L33,N33) -> 76 | P33: =SUM(C33:N33) -> 84 | R33: 0600-0700 | S33: =SUM(C102:C105) -> 19 | T33: =SUM(D102:D105) -> 9 | U33: =SUM(E102:E105) -> 12 | V33: =SUM(F102:F105) -> 39 | W33: =SUM(G102:G105) -> 1 | X33: =SUM(H102:H105) -> 1 | Y33: =SUM(I102:I105) -> 5 | Z33: =SUM(J102:J105) -> 11 | ... AF33: =SUM(P102:P105) -> 129
B34: 13.00 - 13.15 | C34: 19 | D34: 7 | E34: 8 | F34: 33 | G34: 2 | H34: 0 | I34: 4 | J34: 2 | K34: 0 | L34: 10 | M34: 16 | N34: 1 | O34: =SUM(C34:L34,N34) -> 86 | P34: =SUM(C34:N34) -> 102 | R34: AM Peak Hr | S34: =MAX(S10:S12) -> 68 | T34: =MAX(T10:T12) -> 32 | U34: =MAX(U10:U12) -> 19 | V34: =MAX(V10:V12) -> 115 | W34: =MAX(W10:W12) -> 3 | X34: =MAX(X10:X12) -> 3 | Y34: =MAX(Y10:Y12) -> 8 | Z34: =MAX(Z10:Z12) -> 18 | ... AF34: =MAX(AF10:AF12) -> 320
B35: 13.15 - 13.30 | C35: 17 | D35: 8 | E35: 2 | F35: 30 | G35: 1 | H35: 1 | I35: 2 | J35: 6 | K35: 0 | L35: 7 | M35: 22 | N35: 0 | O35: =SUM(C35:L35,N35) -> 74 | P35: =SUM(C35:N35) -> 96 | R35: IP Peak Hr | S35: =MAX(S13:S18) -> 64 | T35: =MAX(T13:T18) -> 39 | U35: =MAX(U13:U18) -> 23 | V35: =MAX(V13:V18) -> 125 | W35: =MAX(W13:W18) -> 7 | X35: =MAX(X13:X18) -> 3 | Y35: =MAX(Y13:Y18) -> 17 | Z35: =MAX(Z13:Z18) -> 22 | ... AF35: =MAX(AF13:AF18) -> 374
B36: 13.30 - 13.45 | C36: 9 | D36: 7 | E36: 6 | F36: 25 | G36: 0 | H36: 1 | I36: 3 | J36: 1 | K36: 1 | L36: 8 | M36: 21 | N36: 0 | O36: =SUM(C36:L36,N36) -> 61 | P36: =SUM(C36:N36) -> 82 | R36: PM Peak Hr | S36: =MAX(S19:S21) -> 51 | T36: =MAX(T19:T21) -> 36 | U36: =MAX(U19:U21) -> 17 | V36: =MAX(V19:V21) -> 125 | W36: =MAX(W19:W21) -> 7 | X36: =MAX(X19:X21) -> 5 | Y36: =MAX(Y19:Y21) -> 26 | Z36: =MAX(Z19:Z21) -> 28 | ... AF36: =MAX(AF19:AF21) -> 420
B37: 13.45 - 14.00 | C37: 11 | D37: 6 | E37: 7 | F37: 33 | G37: 3 | H37: 0 | I37: 7 | J37: 2 | K37: 1 | L37: 5 | M37: 2 | N37: 0 | O37: =SUM(C37:L37,N37) -> 75 | P37: =SUM(C37:N37) -> 77 | R37: AM Period | S37: =SUM(S10:S12) -> 186 | T37: =SUM(T10:T12) -> 78 | U37: =SUM(U10:U12) -> 49 | V37: =SUM(V10:V12) -> 311 | W37: =SUM(W10:W12) -> 7 | X37: =SUM(X10:X12) -> 6 | Y37: =SUM(Y10:Y12) -> 22 | Z37: =SUM(Z10:Z12) -> 41 | ... AF37: =SUM(AF10:AF12) -> 898
B38: 14.00 - 14.15 | C38: 6 | D38: 10 | E38: 4 | F38: 25 | G38: 2 | H38: 0 | I38: 2 | J38: 2 | K38: 0 | L38: 5 | M38: 27 | N38: 0 | O38: =SUM(C38:L38,N38) -> 56 | P38: =SUM(C38:N38) -> 83 | R38: IP Period | S38: =SUM(S13:S18) -> 328 | T38: =SUM(T13:T18) -> 191 | U38: =SUM(U13:U18) -> 110 | V38: =SUM(V13:V18) -> 672 | W38: =SUM(W13:W18) -> 28 | X38: =SUM(X13:X18) -> 13 | Y38: =SUM(Y13:Y18) -> 82 | Z38: =SUM(Z13:Z18) -> 91 | ... AF38: =SUM(AF13:AF18) -> 2095
B39: 14.15 - 14.30 | C39: 14 | D39: 13 | E39: 3 | F39: 20 | G39: 0 | H39: 0 | I39: 5 | J39: 5 | K39: 0 | L39: 8 | M39: 19 | N39: 0 | O39: =SUM(C39:L39,N39) -> 68 | P39: =SUM(C39:N39) -> 87 | R39: PM Period | S39: =SUM(S19:S21) -> 138 | T39: =SUM(T19:T21) -> 68 | U39: =SUM(U19:U21) -> 43 | V39: =SUM(V19:V21) -> 345 | W39: =SUM(W19:W21) -> 17 | X39: =SUM(X19:X21) -> 10 | Y39: =SUM(Y19:Y21) -> 59 | Z39: =SUM(Z19:Z21) -> 60 | ... AF39: =SUM(AF19:AF21) -> 1186
B40: 14.30 - 14.45 | C40: 9 | D40: 10 | E40: 4 | F40: 37 | G40: 3 | H40: 0 | I40: 3 | J40: 3 | K40: 0 | L40: 9 | M40: 20 | N40: 0 | O40: =SUM(C40:L40,N40) -> 78 | P40: =SUM(C40:N40) -> 98 | R40: 12 Hours | S40: =SUM(S10:S21) -> 652 | T40: =SUM(T10:T21) -> 337 | U40: =SUM(U10:U21) -> 202 | V40: =SUM(V10:V21) -> 1328 | W40: =SUM(W10:W21) -> 52 | X40: =SUM(X10:X21) -> 29 | Y40: =SUM(Y10:Y21) -> 163 | Z40: =SUM(Z10:Z21) -> 192 | ... AF40: =SUM(AF10:AF21) -> 4179
B41: 14.45 - 15.00 | C41: 15 | D41: 4 | E41: 5 | F41: 32 | G41: 2 | H41: 1 | I41: 7 | J41: 3 | K41: 1 | L41: 9 | M41: 12 | N41: 0 | O41: =SUM(C41:L41,N41) -> 79 | P41: =SUM(C41:N41) -> 91 | R41: 24 Hrs/ADT | S41: =SUM(S10:S33) -> 871 | T41: =SUM(T10:T33) -> 393 | U41: =SUM(U10:U33) -> 257 | V41: =SUM(V10:V33) -> 1682 | W41: =SUM(W10:W33) -> 98 | X41: =SUM(X10:X33) -> 48 | Y41: =SUM(Y10:Y33) -> 273 | Z41: =SUM(Z10:Z33) -> 401 | ... AF41: =SUM(AF10:AF33) -> 5878
B42: 15.00 - 15.15 | C42: 11 | D42: 8 | E42: 2 | F42: 22 | G42: 1 | H42: 1 | I42: 2 | J42: 2 | K42: 1 | L42: 16 | M42: 16 | N42: 0 | O42: =SUM(C42:L42,N42) -> 66 | P42: =SUM(C42:N42) -> 82 | R42: NEF | S42: =S41/S40 -> 1.3358896 | T42: =T41/T40 -> 1.1661721 | U42: =U41/U40 -> 1.2722772 | V42: =V41/V40 -> 1.2665663 | W42: =W41/W40 -> 1.8846154 | X42: =X41/X40 -> 1.6551724 | Y42: =Y41/Y40 -> 1.6748466 | Z42: =Z41/Z40 -> 2.0885417 | ... AF42: =AF41/AF40 -> 1.4065566
B43: 15.15 - 15.30 | C43: 13 | D43: 2 | E43: 3 | F43: 23 | G43: 0 | H43: 1 | I43: 6 | J43: 2 | K43: 1 | L43: 8 | M43: 16 | N43: 0 | O43: =SUM(C43:L43,N43) -> 59 | P43: =SUM(C43:N43) -> 75
B44: 15.30 - 15.45 | C44: 8 | D44: 8 | E44: 2 | F44: 28 | G44: 0 | H44: 0 | I44: 4 | J44: 9 | K44: 1 | L44: 15 | M44: 8 | N44: 0 | O44: =SUM(C44:L44,N44) -> 75 | P44: =SUM(C44:N44) -> 83
B45: 15.45 - 16.00 | C45: 14 | D45: 7 | E45: 6 | F45: 30 | G45: 1 | H45: 0 | I45: 5 | J45: 9 | K45: 3 | L45: 11 | M45: 17 | N45: 0 | O45: =SUM(C45:L45,N45) -> 86 | P45: =SUM(C45:N45) -> 103
B46: 16.00 - 16.15 | C46: 8 | D46: 8 | E46: 6 | F46: 35 | G46: 1 | H46: 2 | I46: 3 | J46: 8 | K46: 2 | L46: 16 | M46: 6 | N46: 0 | O46: =SUM(C46:L46,N46) -> 89 | P46: =SUM(C46:N46) -> 95
B47: 16.15 -16.30 | C47: 9 | D47: 2 | E47: 3 | F47: 23 | G47: 1 | H47: 1 | I47: 4 | J47: 7 | K47: 1 | L47: 15 | M47: 17 | N47: 0 | O47: =SUM(C47:L47,N47) -> 66 | P47: =SUM(C47:N47) -> 83
B48: 16.30 -16.45 | C48: 7 | D48: 2 | E48: 4 | F48: 31 | G48: 1 | H48: 1 | I48: 2 | J48: 4 | K48: 1 | L48: 16 | M48: 21 | N48: 0 | O48: =SUM(C48:L48,N48) -> 69 | P48: =SUM(C48:N48) -> 90
B49: 16.45 -17.00 | C49: 20 | D49: 3 | E49: 4 | F49: 36 | G49: 1 | H49: 0 | I49: 4 | J49: 9 | K49: 1 | L49: 28 | M49: 9 | N49: 0 | O49: =SUM(C49:L49,N49) -> 106 | P49: =SUM(C49:N49) -> 115
B50: 17.00 -17.15 | C50: 19 | D50: 10 | E50: 3 | F50: 35 | G50: 2 | H50: 0 | I50: 5 | J50: 5 | K50: 3 | L50: 20 | M50: 14 | N50: 0 | O50: =SUM(C50:L50,N50) -> 102 | P50: =SUM(C50:N50) -> 116
B51: 17.15 -17.30 | C51: 11 | D51: 5 | E51: 3 | F51: 20 | G51: 0 | H51: 0 | I51: 7 | J51: 5 | K51: 4 | L51: 14 | M51: 22 | N51: 0 | O51: =SUM(C51:L51,N51) -> 69 | P51: =SUM(C51:N51) -> 91
B52: 17.30 -17.45 | C52: 10 | D52: 19 | E52: 3 | F52: 24 | G52: 4 | H52: 0 | I52: 6 | J52: 3 | K52: 2 | L52: 27 | M52: 13 | N52: 0 | O52: =SUM(C52:L52,N52) -> 98 | P52: =SUM(C52:N52) -> 111
B53: 17.45 -18.00 | C53: 11 | D53: 2 | E53: 0 | F53: 27 | G53: 0 | H53: 1 | I53: 8 | J53: 6 | K53: 0 | L53: 20 | M53: 27 | N53: 0 | O53: =SUM(C53:L53,N53) -> 75 | P53: =SUM(C53:N53) -> 102
B54: 18.00 - 18.15 | C54: 10 | D54: 7 | E54: 6 | F54: 41 | G54: 0 | H54: 2 | I54: 2 | J54: 2 | K54: 2 | L54: 16 | M54: 8 | N54: 0 | O54: =SUM(C54:L54,N54) -> 88 | P54: =SUM(C54:N54) -> 96
... B105: 06.45 - 07.00 | C105: 4 | D105: 3 | E105: 1 | F105: 13 | G105: 1 | H105: 0 | I105: 0 | J105: 6 | K105: 0 | L105: 6 | M105: 9 | N105: 0 | O105: =SUM(C105:L105,N105) -> 34 | P105: =SUM(C105:N105) -> 43
B106: Totals | C106: =SUM(C10:C105) -> 871 | D106: =SUM(D10:D105) -> 393 | E106: =SUM(E10:E105) -> 257 | F106: =SUM(F10:F105) -> 1682 | G106: =SUM(G10:G105) -> 98 | H106: =SUM(H10:H105) -> 48 | I106: =SUM(I10:I105) -> 273 | J106: =SUM(J10:J105) -> 401 | ... P106: =SUM(P10:P105) -> 5878
B107: %ges + MCs | C107: =C106/$P$106 -> 0.14817965 | D107: =D106/$P$106 -> 0.066859476 | E107: =E106/$P$106 -> 0.043722355 | F107: =F106/$P$106 -> 0.28615175 | G107: =G106/$P$106 -> 0.016672338 | H107: =H106/$P$106 -> 0.0081660429 | I107: =I106/$P$106 -> 0.046444369 | J107: =J106/$P$106 -> 0.068220483 | ... N107: =N106/$P$106 -> 0.0034025179
B108: %ges w/o MCs | C108: =C106/$O$106 -> 0.17688871 | D108: =D106/$O$106 -> 0.07981316 | E108: =E106/$O$106 -> 0.052193339 | F108: =F106/$O$106 -> 0.3415922 | G108: =G106/$O$106 -> 0.019902518 | H108: =H106/$O$106 -> 0.0097481722 | I108: =I106/$O$106 -> 0.055442729 | J108: =J106/$O$106 -> 0.081437855 | ... L108: =L106/$O$106 -> 0.15759545 | N108: =N106/$O$106 -> 0.0040617384

Sheet 23.10 JINJA-KAMPALA
B1: Consultancy services for Preparation of Expressway Development Master Plan (EDMP) for Uganda
B2: MANUAL CLASSIFIED COUNT (MCC)
B3: ROAD NAME: | C3: ='17.10 jinja-kampala'!C3:G3 -> MCC - C 4- STN19 -Kampala-Jinja highway
C5: Date | D5: 23.10.19 | F5: Location | G5: ='21.10 Kampala-Jinja-24h'!G5:H5 -> Nakibbizi | J5: Surveyor | K5: ='21.10 Kampala-Jinja-24h'!K5:L5 -> jerome
C6: Dir. From | D6: ='17.10 jinja-kampala'!D6:E6 -> Jinja | F6: Dir. To | G6: ='17.10 jinja-kampala'!G6:H6 -> Kampala | J6: Supervisor | K6: ='21.10 Kampala-Jinja-24h'!K6:L6 -> Emma
B8: Time / Veh Type | R8: SUMMARY TRAFFIC VOLUMES
C9: 1. Car | D9: 2. Station Wagon | E9: 3. Pickups | F9: 4. Minibus, matatu | G9: 5. Medium bus | H9: 6. Large Bus | I9: 7. Light Truck | J9: 8. Medium Truck | K9: 9. Heavy truck | L9: 10. Truck Trailer | M9: 11. Motor cycles | N9: 12. Tractors | O9: Total Excl M/Cycles | P9: Total All | R9: Time | S9: 1. Car | T9: 2. Station Wagon | U9: 3. Pickups | V9: 4. Minibus, matatu | W9: 5. Medium bus | X9: 6. Large Bus | Y9: 7. Light Truck | Z9: 8. Medium Truck | AA9: 9. Heavy truck | AB9: 10. Truck Trailer | AC9: 11. Motorcycles | AD9: 12. Tractors, Graders | AE9: Total Excl M/ Cycles | AF9: Total All
B10: 07.00 - 07.15 | C10: 10 | D10: 0 | E10: 5 | F10: 26 | G10: 1 | H10: 2 | I10: 1 | J10: 1 | K10: 0 | L10: 7 | M10: 18 | N10: 0 | O10: =SUM(C10:L10,N10) -> 53 | P10: =SUM(C10:N10) -> 71 | R10: 0700-0800 | S10: =SUM(C10:C13) -> 41 | T10: =SUM(D10:D13) -> 8 | U10: =SUM(E10:E13) -> 13 | V10: =SUM(F10:F13) -> 117 | W10: =SUM(G10:G13) -> 7 | X10: =SUM(H10:H13) -> 4 | Y10: =SUM(I10:I13) -> 12 | Z10: =SUM(J10:J13) -> 9 | ... AF10: =SUM(P10:P13) -> 337
B11: 07.15 - 07.30 | C11: 6 | D11: 0 | E11: 2 | F11: 33 | G11: 3 | H11: 0 | I11: 3 | J11: 4 | K11: 2 | L11: 6 | M11: 22 | N11: 0 | O11: =SUM(C11:L11,N11) -> 59 | P11: =SUM(C11:N11) -> 81 | R11: 0800-0900 | S11: =SUM(C14:C17) -> 50 | T11: =SUM(D14:D17) -> 8 | U11: =SUM(E14:E17) -> 11 | V11: =SUM(F14:F17) -> 100 | W11: =SUM(G14:G17) -> 1 | X11: =SUM(H14:H17) -> 5 | Y11: =SUM(I14:I17) -> 14 | Z11: =SUM(J14:J17) -> 11 | ... AF11: =SUM(P14:P17) -> 323
B12: 07.30 - 07.45 | C12: 13 | D12: 7 | E12: 1 | F12: 30 | G12: 2 | H12: 1 | I12: 2 | J12: 0 | K12: 1 | L12: 10 | M12: 25 | N12: 0 | O12: =SUM(C12:L12,N12) -> 67 | P12: =SUM(C12:N12) -> 92 | R12: 0900-1000 | S12: =SUM(C18:C21) -> 35 | T12: =SUM(D18:D21) -> 8 | U12: =SUM(E18:E21) -> 12 | V12: =SUM(F18:F21) -> 113 | W12: =SUM(G18:G21) -> 2 | X12: =SUM(H18:H21) -> 1 | Y12: =SUM(I18:I21) -> 19 | Z12: =SUM(J18:J21) -> 13 | ... AF12: =SUM(P18:P21) -> 356
B13: 07.45 - 08.00 | C13: 12 | D13: 1 | E13: 5 | F13: 28 | G13: 1 | H13: 1 | I13: 6 | J13: 4 | K13: 3 | L13: 10 | M13: 22 | N13: 0 | O13: =SUM(C13:L13,N13) -> 71 | P13: =SUM(C13:N13) -> 93 | R13: 1000-1100 | S13: =SUM(C22:C25) -> 44 | T13: =SUM(D22:D25) -> 2 | U13: =SUM(E22:E25) -> 7 | V13: =SUM(F22:F25) -> 100 | W13: =SUM(G22:G25) -> 4 | X13: =SUM(H22:H25) -> 2 | Y13: =SUM(I22:I25) -> 22 | Z13: =SUM(J22:J25) -> 17 | ... AF13: =SUM(P22:P25) -> 321
B14: 08.00 - 08.15 | C14: 9 | D14: 0 | E14: 4 | F14: 26 | G14: 0 | H14: 0 | I14: 5 | J14: 2 | K14: 1 | L14: 8 | M14: 23 | N14: 0 | O14: =SUM(C14:L14,N14) -> 55 | P14: =SUM(C14:N14) -> 78 | R14: 1100-1200 | S14: =SUM(C26:C29) -> 61 | T14: =SUM(D26:D29) -> 6 | U14: =SUM(E26:E29) -> 23 | V14: =SUM(F26:F29) -> 91 | W14: =SUM(G26:G29) -> 0 | X14: =SUM(H26:H29) -> 3 | Y14: =SUM(I26:I29) -> 23 | Z14: =SUM(J26:J29) -> 19 | ... AF14: =SUM(P26:P29) -> 347
B15: 08.15 - 08.30 | C15: 13 | D15: 1 | E15: 3 | F15: 26 | G15: 0 | H15: 2 | I15: 2 | J15: 4 | K15: 0 | L15: 18 | M15: 20 | N15: 0 | O15: =SUM(C15:L15,N15) -> 69 | P15: =SUM(C15:N15) -> 89 | R15: 1200-1300 | S15: =SUM(C30:C33) -> 45 | T15: =SUM(D30:D33) -> 12 | U15: =SUM(E30:E33) -> 11 | V15: =SUM(F30:F33) -> 89 | W15: =SUM(G30:G33) -> 2 | X15: =SUM(H30:H33) -> 1 | Y15: =SUM(I30:I33) -> 21 | Z15: =SUM(J30:J33) -> 23 | ... AF15: =SUM(P30:P33) -> 326
B16: 08.30 - 08.45 | C16: 15 | D16: 3 | E16: 2 | F16: 24 | G16: 0 | H16: 1 | I16: 3 | J16: 4 | K16: 2 | L16: 10 | M16: 17 | N16: 0 | O16: =SUM(C16:L16,N16) -> 64 | P16: =SUM(C16:N16) -> 81 | R16: 1300-1400 | S16: =SUM(C34:C37) -> 50 | T16: =SUM(D34:D37) -> 12 | U16: =SUM(E34:E37) -> 14 | V16: =SUM(F34:F37) -> 79 | W16: =SUM(G34:G37) -> 2 | X16: =SUM(H34:H37) -> 0 | Y16: =SUM(I34:I37) -> 13 | Z16: =SUM(J34:J37) -> 21 | ... AF16: =SUM(P34:P37) -> 322
B17: 08.45 - 9.00 | C17: 13 | D17: 4 | E17: 2 | F17: 24 | G17: 1 | H17: 2 | I17: 4 | J17: 1 | K17: 0 | L17: 11 | M17: 13 | N17: 0 | O17: =SUM(C17:L17,N17) -> 62 | P17: =SUM(C17:N17) -> 75 | R17: 1400-1500 | S17: =SUM(C38:C41) -> 52 | T17: =SUM(D38:D41) -> 17 | U17: =SUM(E38:E41) -> 25 | V17: =SUM(F38:F41) -> 97 | W17: =SUM(G38:G41) -> 1 | X17: =SUM(H38:H41) -> 2 | Y17: =SUM(I38:I41) -> 22 | Z17: =SUM(J38:J41) -> 25 | ... AF17: =SUM(P38:P41) -> 352
B18: 09.00 - 09.15 | C18: 11 | D18: 2 | E18: 5 | F18: 32 | G18: 1 | H18: 0 | I18: 6 | J18: 4 | K18: 3 | L18: 6 | M18: 39 | N18: 0 | O18: =SUM(C18:L18,N18) -> 70 | P18: =SUM(C18:N18) -> 109 | R18: 1500-1600 | S18: =SUM(C42:C45) -> 70 | T18: =SUM(D42:D45) -> 14 | U18: =SUM(E42:E45) -> 24 | V18: =SUM(F42:F45) -> 97 | W18: =SUM(G42:G45) -> 1 | X18: =SUM(H42:H45) -> 3 | Y18: =SUM(I42:I45) -> 20 | Z18: =SUM(J42:J45) -> 24 | ... AF18: =SUM(P42:P45) -> 361
B19: 09.15 - 09.30 | C19: 8 | D19: 3 | E19: 0 | F19: 27 | G19: 1 | H19: 0 | I19: 6 | J19: 2 | K19: 0 | L19: 16 | M19: 29 | N19: 0 | O19: =SUM(C19:L19,N19) -> 63 | P19: =SUM(C19:N19) -> 92 | R19: 1600-1700 | S19: =SUM(C46:C49) -> 64 | T19: =SUM(D46:D49) -> 13 | U19: =SUM(E46:E49) -> 30 | V19: =SUM(F46:F49) -> 99 | W19: =SUM(G46:G49) -> 3 | X19: =SUM(H46:H49) -> 3 | Y19: =SUM(I46:I49) -> 18 | Z19: =SUM(J46:J49) -> 22 | ... AF19: =SUM(P46:P49) -> 354
B20: 09.30 - 09.45 | C20: 5 | D20: 1 | E20: 4 | F20: 31 | G20: 0 | H20: 1 | I20: 4 | J20: 4 | K20: 0 | L20: 16 | M20: 26 | N20: 0 | O20: =SUM(C20:L20,N20) -> 66 | P20: =SUM(C20:N20) -> 92 | R20: 1700-1800 | S20: =SUM(C50:C53) -> 79 | T20: =SUM(D50:D53) -> 22 | U20: =SUM(E50:E53) -> 17 | V20: =SUM(F50:F53) -> 134 | W20: =SUM(G50:G53) -> 4 | X20: =SUM(H50:H53) -> 2 | Y20: =SUM(I50:I53) -> 28 | Z20: =SUM(J50:J53) -> 29 | ... AF20: =SUM(P50:P53) -> 445
B21: 09.45 - 10.00 | C21: 11 | D21: 2 | E21: 3 | F21: 23 | G21: 0 | H21: 0 | I21: 3 | J21: 3 | K21: 0 | L21: 6 | M21: 12 | N21: 0 | O21: =SUM(C21:L21,N21) -> 51 | P21: =SUM(C21:N21) -> 63 | R21: 1800-1900 | S21: =SUM(C54:C57) -> 114 | T21: =SUM(D54:D57) -> 18 | U21: =SUM(E54:E57) -> 22 | V21: =SUM(F54:F57) -> 120 | W21: =SUM(G54:G57) -> 8 | X21: =SUM(H54:H57) -> 2 | Y21: =SUM(I54:I57) -> 19 | Z21: =SUM(J54:J57) -> 19 | ... AF21: =SUM(P54:P57) -> 486
B22: 10.00 - 10.15 | C22: 13 | D22: 0 | E22: 2 | F22: 29 | G22: 1 | H22: 1 | I22: 5 | J22: 6 | K22: 0 | L22: 11 | M22: 21 | N22: 0 | O22: =SUM(C22:L22,N22) -> 68 | P22: =SUM(C22:N22) -> 89 | R22: AM Peak Hr | S22: =MAX(S10:S12) -> 50 | T22: =MAX(T10:T12) -> 8 | U22: =MAX(U10:U12) -> 13 | V22: =MAX(V10:V12) -> 117 | W22: =MAX(W10:W12) -> 7 | X22: =MAX(X10:X12) -> 5 | Y22: =MAX(Y10:Y12) -> 19 | Z22: =MAX(Z10:Z12) -> 13 | ... AF22: =MAX(AF10:AF12) -> 356
B23: 10.15 - 10.30 | C23: 14 | D23: 2 | E23: 3 | F23: 23 | G23: 0 | H23: 0 | I23: 9 | J23: 3 | K23: 1 | L23: 10 | M23: 19 | N23: 0 | O23: =SUM(C23:L23,N23) -> 65 | P23: =SUM(C23:N23) -> 84 | R23: IP Peak Hr | S23: =MAX(S13:S18) -> 70 | T23: =MAX(T13:T18) -> 17 | U23: =MAX(U13:U18) -> 25 | V23: =MAX(V13:V18) -> 100 | W23: =MAX(W13:W18) -> 4 | X23: =MAX(X13:X18) -> 3 | Y23: =MAX(Y13:Y18) -> 23 | Z23: =MAX(Z13:Z18) -> 25 | ... AF23: =MAX(AF13:AF18) -> 361
B24: 10.30 - 10.45 | C24: 7 | D24: 0 | E24: 2 | F24: 23 | G24: 1 | H24: 1 | I24: 4 | J24: 3 | K24: 1 | L24: 8 | M24: 22 | N24: 0 | O24: =SUM(C24:L24,N24) -> 50 | P24: =SUM(C24:N24) -> 72 | R24: PM Peak Hr | S24: =MAX(S19:S21) -> 114 | T24: =MAX(T19:T21) -> 22 | U24: =MAX(U19:U21) -> 30 | V24: =MAX(V19:V21) -> 134 | W24: =MAX(W19:W21) -> 8 | X24: =MAX(X19:X21) -> 3 | Y24: =MAX(Y19:Y21) -> 28 | Z24: =MAX(Z19:Z21) -> 29 | ... AF24: =MAX(AF19:AF21) -> 486
B25: 10.45 - 11.00 | C25: 10 | D25: 0 | E25: 0 | F25: 25 | G25: 2 | H25: 0 | I25: 4 | J25: 5 | K25: 1 | L25: 7 | M25: 22 | N25: 0 | O25: =SUM(C25:L25,N25) -> 54 | P25: =SUM(C25:N25) -> 76 | R25: AM Period | S25: =SUM(S10:S12) -> 126 | T25: =SUM(T10:T12) -> 24 | U25: =SUM(U10:U12) -> 36 | V25: =SUM(V10:V12) -> 330 | W25: =SUM(W10:W12) -> 10 | X25: =SUM(X10:X12) -> 10 | Y25: =SUM(Y10:Y12) -> 45 | Z25: =SUM(Z10:Z12) -> 33 | ... AF25: =SUM(AF10:AF12) -> 1016
B26: 11.00 - 11.15 | C26: 12 | D26: 2 | E26: 4 | F26: 18 | G26: 0 | H26: 0 | I26: 6 | J26: 10 | K26: 1 | L26: 9 | M26: 16 | N26: 0 | O26: =SUM(C26:L26,N26) -> 62 | P26: =SUM(C26:N26) -> 78 | R26: IP Period | S26: =SUM(S13:S18) -> 322 | T26: =SUM(T13:T18) -> 63 | U26: =SUM(U13:U18) -> 104 | V26: =SUM(V13:V18) -> 553 | W26: =SUM(W13:W18) -> 10 | X26: =SUM(X13:X18) -> 11 | Y26: =SUM(Y13:Y18) -> 121 | Z26: =SUM(Z13:Z18) -> 129 | ... AF26: =SUM(AF13:AF18) -> 2029
B27: 11.15 - 11.30 | C27: 18 | D27: 1 | E27: 7 | F27: 22 | G27: 0 | H27: 1 | I27: 6 | J27: 5 | K27: 1 | L27: 13 | M27: 27 | N27: 0 | O27: =SUM(C27:L27,N27) -> 74 | P27: =SUM(C27:N27) -> 101 | R27: PM Period | S27: =SUM(S19:S21) -> 257 | T27: =SUM(T19:T21) -> 53 | U27: =SUM(U19:U21) -> 69 | V27: =SUM(V19:V21) -> 353 | W27: =SUM(W19:W21) -> 15 | X27: =SUM(X19:X21) -> 7 | Y27: =SUM(Y19:Y21) -> 65 | Z27: =SUM(Z19:Z21) -> 70 | ... AF27: =SUM(AF19:AF21) -> 1285
B28: 11.30 - 11.45 | C28: 13 | D28: 2 | E28: 6 | F28: 25 | G28: 0 | H28: 0 | I28: 5 | J28: 2 | K28: 1 | L28: 6 | M28: 22 | N28: 0 | O28: =SUM(C28:L28,N28) -> 60 | P28: =SUM(C28:N28) -> 82 | R28: 12 Hours | S28: =SUM(S10:S21) -> 705 | T28: =SUM(T10:T21) -> 140 | U28: =SUM(U10:U21) -> 209 | V28: =SUM(V10:V21) -> 1236 | W28: =SUM(W10:W21) -> 35 | X28: =SUM(X10:X21) -> 28 | Y28: =SUM(Y10:Y21) -> 231 | Z28: =SUM(Z10:Z21) -> 232 | ... AF28: =SUM(AF10:AF21) -> 4330
B29: 11.45 - 12.00 | C29: 18 | D29: 1 | E29: 6 | F29: 26 | G29: 0 | H29: 2 | I29: 6 | J29: 2 | K29: 1 | L29: 5 | M29: 19 | N29: 0 | O29: =SUM(C29:L29,N29) -> 67 | P29: =SUM(C29:N29) -> 86
B30: 12.00 - 12.15 | C30: 12 | D30: 4 | E30: 3 | F30: 19 | G30: 1 | H30: 0 | I30: 4 | J30: 4 | K30: 1 | L30: 9 | M30: 18 | N30: 0 | O30: =SUM(C30:L30,N30) -> 57 | P30: =SUM(C30:N30) -> 75
B31: 12.15 - 12.30 | C31: 12 | D31: 2 | E31: 2 | F31: 27 | G31: 1 | H31: 0 | I31: 4 | J31: 4 | K31: 0 | L31: 10 | M31: 20 | N31: 0 | O31: =SUM(C31:L31,N31) -> 62 | P31: =SUM(C31:N31) -> 82
B32: 12.30 - 12.45 | C32: 11 | D32: 2 | E32: 3 | F32: 20 | G32: 0 | H32: 0 | I32: 9 | J32: 7 | K32: 1 | L32: 8 | M32: 28 | N32: 0 | O32: =SUM(C32:L32,N32) -> 61 | P32: =SUM(C32:N32) -> 89
B33: 12.45 - 13.00 | C33: 10 | D33: 4 | E33: 3 | F33: 23 | G33: 0 | H33: 1 | I33: 4 | J33: 8 | K33: 1 | L33: 8 | M33: 18 | N33: 0 | O33: =SUM(C33:L33,N33) -> 62 | P33: =SUM(C33:N33) -> 80
B34: 13.00 - 13.15 | C34: 14 | D34: 0 | E34: 1 | F34: 21 | G34: 0 | H34: 0 | I34: 4 | J34: 6 | K34: 1 | L34: 10 | M34: 16 | N34: 0 | O34: =SUM(C34:L34,N34) -> 57 | P34: =SUM(C34:N34) -> 73
B35: 13.15 - 13.30 | C35: 14 | D35: 4 | E35: 4 | F35: 10 | G35: 1 | H35: 0 | I35: 0 | J35: 7 | K35: 4 | L35: 7 | M35: 23 | N35: 0 | O35: =SUM(C35:L35,N35) -> 51 | P35: =SUM(C35:N35) -> 74
B36: 13.30 - 13.45 | C36: 12 | D36: 3 | E36: 4 | F36: 23 | G36: 1 | H36: 0 | I36: 3 | J36: 5 | K36: 1 | L36: 20 | M36: 18 | N36: 0 | O36: =SUM(C36:L36,N36) -> 72 | P36: =SUM(C36:N36) -> 90
B37: 13.45 - 14.00 | C37: 10 | D37: 5 | E37: 5 | F37: 25 | G37: 0 | H37: 0 | I37: 6 | J37: 3 | K37: 0 | L37: 11 | M37: 19 | N37: 1 | O37: =SUM(C37:L37,N37) -> 66 | P37: =SUM(C37:N37) -> 85
B38: 14.00 - 14.15 | C38: 11 | D38: 2 | E38: 9 | F38: 27 | G38: 1 | H38: 2 | I38: 5 | J38: 5 | K38: 1 | L38: 22 | M38: 2 | N38: 1 | O38: =SUM(C38:L38,N38) -> 86 | P38: =SUM(C38:N38) -> 88
B39: 14.15 - 14.30 | C39: 14 | D39: 11 | E39: 6 | F39: 19 | G39: 0 | H39: 0 | I39: 2 | J39: 7 | K39: 0 | L39: 14 | M39: 13 | N39: 0 | O39: =SUM(C39:L39,N39) -> 73 | P39: =SUM(C39:N39) -> 86
B40: 14.30 - 14.45 | C40: 13 | D40: 2 | E40: 5 | F40: 26 | G40: 0 | H40: 0 | I40: 8 | J40: 9 | K40: 2 | L40: 10 | M40: 23 | N40: 0 | O40: =SUM(C40:L40,N40) -> 75 | P40: =SUM(C40:N40) -> 98
... B57: 18.45 - 19.00 | C57: 27 | D57: 3 | E57: 6 | F57: 31 | G57: 3 | H57: 0 | I57: 5 | J57: 2 | K57: 4 | L57: 9 | M57: 30 | N57: 0 | O57: =SUM(C57:L57,N57) -> 90 | P57: =SUM(C57:N57) -> 120
B58: Totals | C58: =SUM(C10:C57) -> 705 | D58: =SUM(D10:D57) -> 140 | E58: =SUM(E10:E57) -> 209 | F58: =SUM(F10:F57) -> 1236 | G58: =SUM(G10:G57) -> 35 | H58: =SUM(H10:H57) -> 28 | I58: =SUM(I10:I57) -> 231 | J58: =SUM(J10:J57) -> 232 | ... P58: =SUM(P10:P57) -> 4330
B59: %ges + MCs | C59: =C58/$P$58 -> 0.16281755 | D59: =D58/$P$58 -> 0.032332564 | E59: =E58/$P$58 -> 0.048267898 | F59: =F58/$P$58 -> 0.28545035 | G59: =G58/$P$58 -> 0.0080831409 | H59: =H58/$P$58 -> 0.0064665127 | I59: =I58/$P$58 -> 0.05334873 | J59: =J58/$P$58 -> 0.053579677 | ... N59: =N58/$P$58 -> 0.00069284065
B60: %ges w/o MCs | C60: =C58/$O$58 -> 0.21044776 | D60: =D58/$O$58 -> 0.041791045 | E60: =E58/$O$58 -> 0.06238806 | F60: =F58/$O$58 -> 0.36895522 | G60: =G58/$O$58 -> 0.010447761 | H60: =H58/$O$58 -> 0.008358209 | I60: =I58/$O$58 -> 0.068955224 | J60: =J58/$O$58 -> 0.069253731 | ... L60: =L58/$O$58 -> 0.13731343 | N60: =N58/$O$58 -> 0.00089552239

Sheet 23.10 KAMPALA-JINJA
B1: Consultancy services for Preparation of Expressway Development Master Plan (EDMP) for Uganda
B2: MANUAL CLASSIFIED COUNT (MCC)
B3: ROAD NAME: | C3: ='17.10 Kampala-Jinja'!C3:G3 -> MCC - C 4- STN19 -Kampala-Jinja highway
C5: Date | D5: 23.1019 | F5: Location | G5: ='23.10 JINJA-KAMPALA'!G5:H5 -> Nakibbizi | J5: Surveyor | K5: ='23.10 JINJA-KAMPALA'!K5:L5 -> jerome
C6: Dir. From | D6: ='17.10 Kampala-Jinja'!D6:E6 -> Kampala | F6: Dir. To | G6: ='17.10 Kampala-Jinja'!G6:H6 -> Jinja | J6: Supervisor | K6: ='23.10 JINJA-KAMPALA'!K6:L6 -> Emma
B8: Time / Veh Type | R8: SUMMARY TRAFFIC VOLUMES
C9: 1. Car | D9: 2. Station Wagon | E9: 3. Pickups | F9: 4. Minibus, matatu | G9: 5. Medium bus | H9: 6. Large Bus | I9: 7. Light Truck | J9: 8. Medium Truck | K9: 9. Heavy truck | L9: 10. Truck Trailer | M9: 11. Motor cycles | N9: 12. Tractors | O9: Total Excl M/Cycles | P9: Total All | R9: Time | S9: 1. Car | T9: 2. Station Wagon | U9: 3. Pickups | V9: 4. Minibus, matatu | W9: 5. Medium bus | X9: 6. Large Bus | Y9: 7. Light Truck | Z9: 8. Medium Truck | AA9: 9. Heavy truck | AB9: 10. Truck Trailer | AC9: 11. Motorcycles | AD9: 12. Tractors, Graders | AE9: Total Excl M/ Cycles | AF9: Total All
B10: 07.00 - 07.15 | C10: 5 | D10: 2 | E10: 1 | F10: 15 | G10: 1 | H10: 0 | I10: 0 | J10: 2 | K10: 1 | L10: 3 | M10: 19 | N10: 0 | O10: =SUM(C10:L10,N10) -> 30 | P10: =SUM(C10:N10) -> 49 | R10: 0700-0800 | S10: =SUM(C10:C13) -> 34 | T10: =SUM(D10:D13) -> 18 | U10: =SUM(E10:E13) -> 13 | V10: =SUM(F10:F13) -> 100 | W10: =SUM(G10:G13) -> 2 | X10: =SUM(H10:H13) -> 1 | Y10: =SUM(I10:I13) -> 6 | Z10: =SUM(J10:J13) -> 14 | ... AF10: =SUM(P10:P13) -> 302
B11: 07.15 - 07.30 | C11: 9 | D11: 3 | E11: 5 | F11: 23 | G11: 1 | H11: 0 | I11: 1 | J11: 3 | K11: 1 | L11: 8 | M11: 17 | N11: 0 | O11: =SUM(C11:L11,N11) -> 54 | P11: =SUM(C11:N11) -> 71 | R11: 0800-0900 | S11: =SUM(C14:C17) -> 44 | T11: =SUM(D14:D17) -> 24 | U11: =SUM(E14:E17) -> 10 | V11: =SUM(F14:F17) -> 98 | W11: =SUM(G14:G17) -> 1 | X11: =SUM(H14:H17) -> 0 | Y11: =SUM(I14:I17) -> 11 | Z11: =SUM(J14:J17) -> 21 | ... AF11: =SUM(P14:P17) -> 309
B12: 07.30 - 07.45 | C12: 13 | D12: 10 | E12: 5 | F12: 30 | G12: 0 | H12: 1 | I12: 2 | J12: 6 | K12: 1 | L12: 8 | M12: 22 | N12: 0 | O12: =SUM(C12:L12,N12) -> 76 | P12: =SUM(C12:N12) -> 98 | R12: 0900-1000 | S12: =SUM(C18:C21) -> 56 | T12: =SUM(D18:D21) -> 38 | U12: =SUM(E18:E21) -> 26 | V12: =SUM(F18:F21) -> 125 | W12: =SUM(G18:G21) -> 4 | X12: =SUM(H18:H21) -> 5 | Y12: =SUM(I18:I21) -> 7 | Z12: =SUM(J18:J21) -> 22 | ... AF12: =SUM(P18:P21) -> 404
B13: 07.45 - 08.00 | C13: 7 | D13: 3 | E13: 2 | F13: 32 | G13: 0 | H13: 0 | I13: 3 | J13: 3 | K13: 0 | L13: 1 | M13: 33 | N13: 0 | O13: =SUM(C13:L13,N13) -> 51 | P13: =SUM(C13:N13) -> 84 | R13: 1000-1100 | S13: =SUM(C22:C25) -> 59 | T13: =SUM(D22:D25) -> 13 | U13: =SUM(E22:E25) -> 20 | V13: =SUM(F22:F25) -> 102 | W13: =SUM(G22:G25) -> 1 | X13: =SUM(H22:H25) -> 0 | Y13: =SUM(I22:I25) -> 5 | Z13: =SUM(J22:J25) -> 16 | ... AF13: =SUM(P22:P25) -> 328
B14: 08.00 - 08.15 | C14: 13 | D14: 8 | E14: 3 | F14: 19 | G14: 0 | H14: 0 | I14: 5 | J14: 3 | K14: 0 | L14: 6 | M14: 20 | N14: 0 | O14: =SUM(C14:L14,N14) -> 57 | P14: =SUM(C14:N14) -> 77 | R14: 1100-1200 | S14: =SUM(C26:C29) -> 64 | T14: =SUM(D26:D29) -> 32 | U14: =SUM(E26:E29) -> 25 | V14: =SUM(F26:F29) -> 108 | W14: =SUM(G26:G29) -> 3 | X14: =SUM(H26:H29) -> 2 | Y14: =SUM(I26:I29) -> 8 | Z14: =SUM(J26:J29) -> 22 | ... AF14: =SUM(P26:P29) -> 368
B15: 08.15 - 08.30 | C15: 12 | D15: 5 | E15: 1 | F15: 29 | G15: 0 | H15: 0 | I15: 2 | J15: 0 | K15: 2 | L15: 9 | M15: 20 | N15: 0 | O15: =SUM(C15:L15,N15) -> 60 | P15: =SUM(C15:N15) -> 80 | R15: 1200-1300 | S15: =SUM(C30:C33) -> 75 | T15: =SUM(D30:D33) -> 23 | U15: =SUM(E30:E33) -> 13 | V15: =SUM(F30:F33) -> 103 | W15: =SUM(G30:G33) -> 1 | X15: =SUM(H30:H33) -> 2 | Y15: =SUM(I30:I33) -> 8 | Z15: =SUM(J30:J33) -> 39 | ... AF15: =SUM(P30:P33) -> 392
B16: 08.30 - 08.45 | C16: 10 | D16: 6 | E16: 4 | F16: 27 | G16: 0 | H16: 0 | I16: 2 | J16: 13 | K16: 1 | L16: 4 | M16: 15 | N16: 0 | O16: =SUM(C16:L16,N16) -> 67 | P16: =SUM(C16:N16) -> 82 | R16: 1300-1400 | S16: =SUM(C34:C37) -> 53 | T16: =SUM(D34:D37) -> 24 | U16: =SUM(E34:E37) -> 20 | V16: =SUM(F34:F37) -> 108 | W16: =SUM(G34:G37) -> 2 | X16: =SUM(H34:H37) -> 3 | Y16: =SUM(I34:I37) -> 10 | Z16: =SUM(J34:J37) -> 29 | ... AF16: =SUM(P34:P37) -> 388
B17: 08.45 - 9.00 | C17: 9 | D17: 5 | E17: 2 | F17: 23 | G17: 1 | H17: 0 | I17: 2 | J17: 5 | K17: 1 | L17: 6 | M17: 16 | N17: 0 | O17: =SUM(C17:L17,N17) -> 54 | P17: =SUM(C17:N17) -> 70 | R17: 1400-1500 | S17: =SUM(C38:C41) -> 45 | T17: =SUM(D38:D41) -> 24 | U17: =SUM(E38:E41) -> 17 | V17: =SUM(F38:F41) -> 123 | W17: =SUM(G38:G41) -> 3 | X17: =SUM(H38:H41) -> 4 | Y17: =SUM(I38:I41) -> 16 | Z17: =SUM(J38:J41) -> 31 | ... AF17: =SUM(P38:P41) -> 377
B18: 09.00 - 09.15 | C18: 7 | D18: 9 | E18: 4 | F18: 33 | G18: 1 | H18: 1 | I18: 1 | J18: 11 | K18: 2 | L18: 8 | M18: 32 | N18: 0 | O18: =SUM(C18:L18,N18) -> 77 | P18: =SUM(C18:N18) -> 109 | R18: 1500-1600 | S18: =SUM(C42:C45) -> 67 | T18: =SUM(D42:D45) -> 29 | U18: =SUM(E42:E45) -> 13 | V18: =SUM(F42:F45) -> 129 | W18: =SUM(G42:G45) -> 1 | X18: =SUM(H42:H45) -> 3 | Y18: =SUM(I42:I45) -> 15 | Z18: =SUM(J42:J45) -> 43 | ... AF18: =SUM(P42:P45) -> 459
B19: 09.15 - 09.30 | C19: 22 | D19: 9 | E19: 10 | F19: 26 | G19: 0 | H19: 3 | I19: 0 | J19: 5 | K19: 1 | L19: 10 | M19: 19 | N19: 0 | O19: =SUM(C19:L19,N19) -> 86 | P19: =SUM(C19:N19) -> 105 | R19: 1600-1700 | S19: =SUM(C46:C49) -> 41 | T19: =SUM(D46:D49) -> 28 | U19: =SUM(E46:E49) -> 14 | V19: =SUM(F46:F49) -> 111 | W19: =SUM(G46:G49) -> 4 | X19: =SUM(H46:H49) -> 1 | Y19: =SUM(I46:I49) -> 12 | Z19: =SUM(J46:J49) -> 43 | ... AF19: =SUM(P46:P49) -> 404
B20: 09.30 - 09.45 | C20: 16 | D20: 9 | E20: 3 | F20: 36 | G20: 0 | H20: 0 | I20: 1 | J20: 2 | K20: 1 | L20: 3 | M20: 26 | N20: 1 | O20: =SUM(C20:L20,N20) -> 72 | P20: =SUM(C20:N20) -> 98 | R20: 1700-1800 | S20: =SUM(C50:C53) -> 49 | T20: =SUM(D50:D53) -> 17 | U20: =SUM(E50:E53) -> 19 | V20: =SUM(F50:F53) -> 121 | W20: =SUM(G50:G53) -> 3 | X20: =SUM(H50:H53) -> 4 | Y20: =SUM(I50:I53) -> 13 | Z20: =SUM(J50:J53) -> 33 | ... AF20: =SUM(P50:P53) -> 397
B21: 09.45 - 10.00 | C21: 11 | D21: 11 | E21: 9 | F21: 30 | G21: 3 | H21: 1 | I21: 5 | J21: 4 | K21: 0 | L21: 4 | M21: 14 | N21: 0 | O21: =SUM(C21:L21,N21) -> 78 | P21: =SUM(C21:N21) -> 92 | R21: 1800-1900 | S21: =SUM(C54:C57) -> 41 | T21: =SUM(D54:D57) -> 35 | U21: =SUM(E54:E57) -> 12 | V21: =SUM(F54:F57) -> 127 | W21: =SUM(G54:G57) -> 4 | X21: =SUM(H54:H57) -> 5 | Y21: =SUM(I54:I57) -> 15 | Z21: =SUM(J54:J57) -> 26 | ... AF21: =SUM(P54:P57) -> 422
B22: 10.00 - 10.15 | C22: 20 | D22: 4 | E22: 6 | F22: 31 | G22: 0 | H22: 0 | I22: 2 | J22: 3 | K22: 0 | L22: 6 | M22: 17 | N22: 0 | O22: =SUM(C22:L22,N22) -> 72 | P22: =SUM(C22:N22) -> 89 | R22: AM Peak Hr | S22: =MAX(S10:S12) -> 56 | T22: =MAX(T10:T12) -> 38 | U22: =MAX(U10:U12) -> 26 | V22: =MAX(V10:V12) -> 125 | W22: =MAX(W10:W12) -> 4 | X22: =MAX(X10:X12) -> 5 | Y22: =MAX(Y10:Y12) -> 11 | Z22: =MAX(Z10:Z12) -> 22 | ... AF22: =MAX(AF10:AF12) -> 404
B23: 10.15 - 10.30 | C23: 10 | D23: 5 | E23: 4 | F23: 18 | G23: 1 | H23: 0 | I23: 0 | J23: 3 | K23: 0 | L23: 6 | M23: 25 | N23: 0 | O23: =SUM(C23:L23,N23) -> 47 | P23: =SUM(C23:N23) -> 72 | R23: IP Peak Hr | S23: =MAX(S13:S18) -> 75 | T23: =MAX(T13:T18) -> 32 | U23: =MAX(U13:U18) -> 25 | V23: =MAX(V13:V18) -> 129 | W23: =MAX(W13:W18) -> 3 | X23: =MAX(X13:X18) -> 4 | Y23: =MAX(Y13:Y18) -> 16 | Z23: =MAX(Z13:Z18) -> 43 | ... AF23: =MAX(AF13:AF18) -> 459
B24: 10.30 - 10.45 | C24: 19 | D24: 0 | E24: 7 | F24: 23 | G24: 0 | H24: 0 | I24: 2 | J24: 6 | K24: 1 | L24: 8 | M24: 23 | N24: 0 | O24: =SUM(C24:L24,N24) -> 66 | P24: =SUM(C24:N24) -> 89 | R24: PM Peak Hr | S24: =MAX(S19:S21) -> 49 | T24: =MAX(T19:T21) -> 35 | U24: =MAX(U19:U21) -> 19 | V24: =MAX(V19:V21) -> 127 | W24: =MAX(W19:W21) -> 4 | X24: =MAX(X19:X21) -> 5 | Y24: =MAX(Y19:Y21) -> 15 | Z24: =MAX(Z19:Z21) -> 43 | ... AF24: =MAX(AF19:AF21) -> 422
B25: 10.45 - 11.00 | C25: 10 | D25: 4 | E25: 3 | F25: 30 | G25: 0 | H25: 0 | I25: 1 | J25: 4 | K25: 1 | L25: 6 | M25: 19 | N25: 0 | O25: =SUM(C25:L25,N25) -> 59 | P25: =SUM(C25:N25) -> 78 | R25: AM Period | S25: =SUM(S10:S12) -> 134 | T25: =SUM(T10:T12) -> 80 | U25: =SUM(U10:U12) -> 49 | V25: =SUM(V10:V12) -> 323 | W25: =SUM(W10:W12) -> 7 | X25: =SUM(X10:X12) -> 6 | Y25: =SUM(Y10:Y12) -> 24 | Z25: =SUM(Z10:Z12) -> 57 | ... AF25: =SUM(AF10:AF12) -> 1015
B26: 11.00 - 11.15 | C26: 22 | D26: 8 | E26: 8 | F26: 21 | G26: 2 | H26: 1 | I26: 3 | J26: 7 | K26: 1 | L26: 9 | M26: 11 | N26: 0 | O26: =SUM(C26:L26,N26) -> 82 | P26: =SUM(C26:N26) -> 93 | R26: IP Period | S26: =SUM(S13:S18) -> 363 | T26: =SUM(T13:T18) -> 145 | U26: =SUM(U13:U18) -> 108 | V26: =SUM(V13:V18) -> 673 | W26: =SUM(W13:W18) -> 11 | X26: =SUM(X13:X18) -> 14 | Y26: =SUM(Y13:Y18) -> 62 | Z26: =SUM(Z13:Z18) -> 180 | ... AF26: =SUM(AF13:AF18) -> 2312
B27: 11.15 - 11.30 | C27: 14 | D27: 7 | E27: 8 | F27: 30 | G27: 0 | H27: 1 | I27: 1 | J27: 5 | K27: 0 | L27: 7 | M27: 15 | N27: 0 | O27: =SUM(C27:L27,N27) -> 73 | P27: =SUM(C27:N27) -> 88 | R27: PM Period | S27: =SUM(S19:S21) -> 131 | T27: =SUM(T19:T21) -> 80 | U27: =SUM(U19:U21) -> 45 | V27: =SUM(V19:V21) -> 359 | W27: =SUM(W19:W21) -> 11 | X27: =SUM(X19:X21) -> 10 | Y27: =SUM(Y19:Y21) -> 40 | Z27: =SUM(Z19:Z21) -> 102 | ... AF27: =SUM(AF19:AF21) -> 1223
B28: 11.30 - 11.45 | C28: 11 | D28: 11 | E28: 3 | F28: 27 | G28: 0 | H28: 0 | I28: 2 | J28: 3 | K28: 3 | L28: 9 | M28: 13 | N28: 0 | O28: =SUM(C28:L28,N28) -> 69 | P28: =SUM(C28:N28) -> 82 | R28: 12 Hours | S28: =SUM(S10:S21) -> 628 | T28: =SUM(T10:T21) -> 305 | U28: =SUM(U10:U21) -> 202 | V28: =SUM(V10:V21) -> 1355 | W28: =SUM(W10:W21) -> 29 | X28: =SUM(X10:X21) -> 30 | Y28: =SUM(Y10:Y21) -> 126 | Z28: =SUM(Z10:Z21) -> 339 | ... AF28: =SUM(AF10:AF21) -> 4550
B29: 11.45 - 12.00 | C29: 17 | D29: 6 | E29: 6 | F29: 30 | G29: 1 | H29: 0 | I29: 2 | J29: 7 | K29: 0 | L29: 15 | M29: 21 | N29: 0 | O29: =SUM(C29:L29,N29) -> 84 | P29: =SUM(C29:N29) -> 105
B30: 12.00 - 12.15 | C30: 15 | D30: 4 | E30: 3 | F30: 23 | G30: 0 | H30: 0 | I30: 2 | J30: 12 | K30: 0 | L30: 7 | M30: 22 | N30: 0 | O30: =SUM(C30:L30,N30) -> 66 | P30: =SUM(C30:N30) -> 88
B31: 12.15 - 12.30 | C31: 20 | D31: 6 | E31: 2 | F31: 35 | G31: 1 | H31: 1 | I31: 2 | J31: 10 | K31: 2 | L31: 18 | M31: 21 | N31: 0 | O31: =SUM(C31:L31,N31) -> 97 | P31: =SUM(C31:N31) -> 118
B32: 12.30 - 12.45 | C32: 24 | D32: 5 | E32: 5 | F32: 29 | G32: 0 | H32: 1 | I32: 3 | J32: 12 | K32: 1 | L32: 12 | M32: 23 | N32: 0 | O32: =SUM(C32:L32,N32) -> 92 | P32: =SUM(C32:N32) -> 115
B33: 12.45 - 13.00 | C33: 16 | D33: 8 | E33: 3 | F33: 16 | G33: 0 | H33: 0 | I33: 1 | J33: 5 | K33: 0 | L33: 7 | M33: 15 | N33: 0 | O33: =SUM(C33:L33,N33) -> 56 | P33: =SUM(C33:N33) -> 71
B34: 13.00 - 13.15 | C34: 11 | D34: 4 | E34: 2 | F34: 25 | G34: 1 | H34: 0 | I34: 3 | J34: 4 | K34: 0 | L34: 12 | M34: 25 | N34: 0 | O34: =SUM(C34:L34,N34) -> 62 | P34: =SUM(C34:N34) -> 87
B35: 13.15 - 13.30 | C35: 9 | D35: 5 | E35: 6 | F35: 21 | G35: 0 | H35: 1 | I35: 1 | J35: 8 | K35: 1 | L35: 10 | M35: 18 | N35: 0 | O35: =SUM(C35:L35,N35) -> 62 | P35: =SUM(C35:N35) -> 80
B36: 13.30 - 13.45 | C36: 21 | D36: 10 | E36: 5 | F36: 30 | G36: 0 | H36: 2 | I36: 2 | J36: 13 | K36: 0 | L36: 12 | M36: 24 | N36: 0 | O36: =SUM(C36:L36,N36) -> 95 | P36: =SUM(C36:N36) -> 119
B37: 13.45 - 14.00 | C37: 12 | D37: 5 | E37: 7 | F37: 32 | G37: 1 | H37: 0 | I37: 4 | J37: 4 | K37: 1 | L37: 15 | M37: 21 | N37: 0 | O37: =SUM(C37:L37,N37) -> 81 | P37: =SUM(C37:N37) -> 102
B38: 14.00 - 14.15 | C38: 2 | D38: 5 | E38: 0 | F38: 32 | G38: 1 | H38: 1 | I38: 6 | J38: 4 | K38: 3 | L38: 10 | M38: 12 | N38: 0 | O38: =SUM(C38:L38,N38) -> 64 | P38: =SUM(C38:N38) -> 76
B39: 14.15 - 14.30 | C39: 9 | D39: 6 | E39: 7 | F39: 30 | G39: 0 | H39: 1 | I39: 1 | J39: 11 | K39: 1 | L39: 7 | M39: 11 | N39: 0 | O39: =SUM(C39:L39,N39) -> 73 | P39: =SUM(C39:N39) -> 84
B40: 14.30 - 14.45 | C40: 19 | D40: 8 | E40: 9 | F40: 34 | G40: 1 | H40: 1 | I40: 6 | J40: 7 | K40: 0 | L40: 15 | M40: 15 | N40: 0 | O40: =SUM(C40:L40,N40) -> 100 | P40: =SUM(C40:N40) -> 115
... B57: 18.45 - 19.00 | C57: 10 | D57: 9 | E57: 0 | F57: 33 | G57: 2 | H57: 2 | I57: 4 | J57: 5 | K57: 1 | L57: 11 | M57: 25 | N57: 0 | O57: =SUM(C57:L57,N57) -> 77 | P57: =SUM(C57:N57) -> 102
B58: Totals | C58: =SUM(C10:C57) -> 628 | D58: =SUM(D10:D57) -> 305 | E58: =SUM(E10:E57) -> 202 | F58: =SUM(F10:F57) -> 1355 | G58: =SUM(G10:G57) -> 29 | H58: =SUM(H10:H57) -> 30 | I58: =SUM(I10:I57) -> 126 | J58: =SUM(J10:J57) -> 339 | ... P58: =SUM(P10:P57) -> 4550
B59: %ges + MCs | C59: =C58/$P$58 -> 0.13802198 | D59: =D58/$P$58 -> 0.067032967 | E59: =E58/$P$58 -> 0.044395604 | F59: =F58/$P$58 -> 0.2978022 | G59: =G58/$P$58 -> 0.0063736264 | H59: =H58/$P$58 -> 0.0065934066 | I59: =I58/$P$58 -> 0.027692308 | J59: =J58/$P$58 -> 0.074505495 | ... N59: =N58/$P$58 -> 0.00065934066
B60: %ges w/o MCs | C60: =C58/$O$58 -> 0.17343275 | D60: =D58/$O$58 -> 0.084230875 | E60: =E58/$O$58 -> 0.055785695 | F60: =F58/$O$58 -> 0.37420602 | G60: =G58/$O$58 -> 0.0080088373 | H60: =H58/$O$58 -> 0.0082850041 | I60: =I58/$O$58 -> 0.034797017 | J60: =J58/$O$58 -> 0.093620547 | ... L60: =L58/$O$58 -> 0.14913007 | N60: =N58/$O$58 -> 0.00082850041

Sheet 27.10 JINJA-KAMPALA
B1: Consultancy services for Preparation of Expressway Development Master Plan (EDMP) for Uganda
B2: MANUAL CLASSIFIED COUNT (MCC)
B3: ROAD NAME: | C3: ='17.10 jinja-kampala'!C3:G3 -> MCC - C 4- STN19 -Kampala-Jinja highway
C5: Date | D5: 25.07.19 | F5: Location | G5: ='20.10 Kampala-Jinja'!G5:H5 -> Nakibbizi | J5: Surveyor | K5: MICHEAL
C6: Dir. From | D6: ='17.10 jinja-kampala'!D6:E6 -> Jinja | F6: Dir. To | G6: ='17.10 jinja-kampala'!G6:H6 -> Kampala | J6: Supervisor | K6: ='20.10 Kampala-Jinja'!K6:L6 -> Emma
B8: Time / Veh Type | R8: SUMMARY TRAFFIC VOLUMES
C9: 1. Car | D9: 2. Station Wagon | E9: 3. Pickups | F9: 4. Minibus, matatu | G9: 5. Medium bus | H9: 6. Large Bus | I9: 7. Light Truck | J9: 8. Medium Truck | K9: 9. Heavy truck | L9: 10. Truck Trailer | M9: 11. Motor cycles | N9: 12. Tractors | O9: Total Excl M/Cycles | P9: Total All | R9: Time | S9: 1. Car | T9: 2. Station Wagon | U9: 3. Pickups | V9: 4. Minibus, matatu | W9: 5. Medium bus | X9: 6. Large Bus | Y9: 7. Light Truck | Z9: 8. Medium Truck | AA9: 9. Heavy truck | AB9: 10. Truck Trailer | AC9: 11. Motorcycles | AD9: 12. Tractors, Graders | AE9: Total Excl M/ Cycles | AF9: Total All
B10: 07.00 - 07.15 | C10: 4 | D10: 2 | E10: 1 | F10: 17 | G10: 0 | H10: 0 | I10: 1 | J10: 5 | K10: 1 | L10: 11 | M10: 19 | N10: 0 | O10: =SUM(C10:L10,N10) -> 42 | P10: =SUM(C10:N10) -> 61 | R10: 0700-0800 | S10: =SUM(C10:C13) -> 41 | T10: =SUM(D10:D13) -> 10 | U10: =SUM(E10:E13) -> 12 | V10: =SUM(F10:F13) -> 140 | W10: =SUM(G10:G13) -> 8 | X10: =SUM(H10:H13) -> 5 | Y10: =SUM(I10:I13) -> 8 | Z10: =SUM(J10:J13) -> 27 | ... AF10: =SUM(P10:P13) -> 386
B11: 07.15 - 07.30 | C11: 9 | D11: 4 | E11: 5 | F11: 54 | G11: 1 | H11: 1 | I11: 5 | J11: 13 | K11: 2 | L11: 18 | M11: 27 | N11: 0 | O11: =SUM(C11:L11,N11) -> 112 | P11: =SUM(C11:N11) -> 139 | R11: 0800-0900 | S11: =SUM(C14:C17) -> 29 | T11: =SUM(D14:D17) -> 10 | U11: =SUM(E14:E17) -> 5 | V11: =SUM(F14:F17) -> 91 | W11: =SUM(G14:G17) -> 37 | X11: =SUM(H14:H17) -> 2 | Y11: =SUM(I14:I17) -> 1 | Z11: =SUM(J14:J17) -> 8 | ... AF11: =SUM(P14:P17) -> 309
B12: 07.30 - 07.45 | C12: 9 | D12: 4 | E12: 2 | F12: 35 | G12: 3 | H12: 2 | I12: 0 | J12: 4 | K12: 1 | L12: 13 | M12: 13 | N12: 0 | O12: =SUM(C12:L12,N12) -> 73 | P12: =SUM(C12:N12) -> 86 | R12: 0900-1000 | S12: =SUM(C18:C21) -> 54 | T12: =SUM(D18:D21) -> 32 | U12: =SUM(E18:E21) -> 10 | V12: =SUM(F18:F21) -> 133 | W12: =SUM(G18:G21) -> 4 | X12: =SUM(H18:H21) -> 3 | Y12: =SUM(I18:I21) -> 5 | Z12: =SUM(J18:J21) -> 34 | ... AF12: =SUM(P18:P21) -> 422
B13: 07.45 - 08.00 | C13: 19 | D13: 0 | E13: 4 | F13: 34 | G13: 4 | H13: 2 | I13: 2 | J13: 5 | K13: 2 | L13: 13 | M13: 15 | N13: 0 | O13: =SUM(C13:L13,N13) -> 85 | P13: =SUM(C13:N13) -> 100 | R13: 1000-1100 | S13: =SUM(C22:C25) -> 26 | T13: =SUM(D22:D25) -> 9 | U13: =SUM(E22:E25) -> 15 | V13: =SUM(F22:F25) -> 104 | W13: =SUM(G22:G25) -> 3 | X13: =SUM(H22:H25) -> 0 | Y13: =SUM(I22:I25) -> 11 | Z13: =SUM(J22:J25) -> 22 | ... AF13: =SUM(P22:P25) -> 316
B14: 08.00 - 08.15 | C14: 12 | D14: 2 | E14: 3 | F14: 44 | G14: 0 | H14: 0 | I14: 0 | J14: 1 | K14: 2 | L14: 17 | M14: 18 | N14: 0 | O14: =SUM(C14:L14,N14) -> 81 | P14: =SUM(C14:N14) -> 99 | R14: 1100-1200 | S14: =SUM(C26:C29) -> 64 | T14: =SUM(D26:D29) -> 17 | U14: =SUM(E26:E29) -> 13 | V14: =SUM(F26:F29) -> 123 | W14: =SUM(G26:G29) -> 3 | X14: =SUM(H26:H29) -> 1 | Y14: =SUM(I26:I29) -> 13 | Z14: =SUM(J26:J29) -> 47 | ... AF14: =SUM(P26:P29) -> 436
B15: 08.15 - 08.30 | C15: 5 | D15: 1 | E15: 2 | F15: 17 | G15: 0 | H15: 0 | I15: 0 | J15: 4 | K15: 0 | L15: 5 | M15: 12 | N15: 0 | O15: =SUM(C15:L15,N15) -> 34 | P15: =SUM(C15:N15) -> 46 | R15: 1200-1300 | S15: =SUM(C30:C33) -> 34 | T15: =SUM(D30:D33) -> 13 | U15: =SUM(E30:E33) -> 11 | V15: =SUM(F30:F33) -> 90 | W15: =SUM(G30:G33) -> 3 | X15: =SUM(H30:H33) -> 1 | Y15: =SUM(I30:I33) -> 8 | Z15: =SUM(J30:J33) -> 21 | ... AF15: =SUM(P30:P33) -> 315
B16: 08.30 - 08.45 | C16: 3 | D16: 3 | E16: 0 | F16: 23 | G16: 0 | H16: 0 | I16: 1 | J16: 2 | K16: 0 | L16: 12 | M16: 13 | N16: 0 | O16: =SUM(C16:L16,N16) -> 44 | P16: =SUM(C16:N16) -> 57 | R16: 1300-1400 | S16: =SUM(C34:C37) -> 48 | T16: =SUM(D34:D37) -> 16 | U16: =SUM(E34:E37) -> 20 | V16: =SUM(F34:F37) -> 117 | W16: =SUM(G34:G37) -> 3 | X16: =SUM(H34:H37) -> 2 | Y16: =SUM(I34:I37) -> 13 | Z16: =SUM(J34:J37) -> 33 | ... AF16: =SUM(P34:P37) -> 391
B17: 08.45 - 9.00 | C17: 9 | D17: 4 | E17: 0 | F17: 7 | G17: 37 | H17: 2 | I17: 0 | J17: 1 | K17: 7 | L17: 3 | M17: 12 | N17: 25 | O17: =SUM(C17:L17,N17) -> 95 | P17: =SUM(C17:N17) -> 107 | R17: 1400-1500 | S17: =SUM(C38:C41) -> 44 | T17: =SUM(D38:D41) -> 21 | U17: =SUM(E38:E41) -> 20 | V17: =SUM(F38:F41) -> 109 | W17: =SUM(G38:G41) -> 2 | X17: =SUM(H38:H41) -> 0 | Y17: =SUM(I38:I41) -> 20 | Z17: =SUM(J38:J41) -> 30 | ... AF17: =SUM(P38:P41) -> 395
B18: 09.00 - 09.15 | C18: 16 | D18: 16 | E18: 3 | F18: 37 | G18: 0 | H18: 1 | I18: 2 | J18: 19 | K18: 0 | L18: 6 | M18: 29 | N18: 0 | O18: =SUM(C18:L18,N18) -> 100 | P18: =SUM(C18:N18) -> 129 | R18: 1500-1600 | S18: =SUM(C42:C45) -> 42 | T18: =SUM(D42:D45) -> 26 | U18: =SUM(E42:E45) -> 22 | V18: =SUM(F42:F45) -> 101 | W18: =SUM(G42:G45) -> 0 | X18: =SUM(H42:H45) -> 2 | Y18: =SUM(I42:I45) -> 10 | Z18: =SUM(J42:J45) -> 24 | ... AF18: =SUM(P42:P45) -> 359
B19: 09.15 - 09.30 | C19: 11 | D19: 1 | E19: 3 | F19: 35 | G19: 1 | H19: 0 | I19: 0 | J19: 3 | K19: 0 | L19: 13 | M19: 18 | N19: 0 | O19: =SUM(C19:L19,N19) -> 67 | P19: =SUM(C19:N19) -> 85 | R19: 1600-1700 | S19: =SUM(C46:C49) -> 45 | T19: =SUM(D46:D49) -> 16 | U19: =SUM(E46:E49) -> 21 | V19: =SUM(F46:F49) -> 113 | W19: =SUM(G46:G49) -> 6 | X19: =SUM(H46:H49) -> 4 | Y19: =SUM(I46:I49) -> 5 | Z19: =SUM(J46:J49) -> 32 | ... AF19: =SUM(P46:P49) -> 389
B20: 09.30 - 09.45 | C20: 19 | D20: 11 | E20: 2 | F20: 36 | G20: 1 | H20: 2 | I20: 2 | J20: 9 | K20: 1 | L20: 28 | M20: 24 | N20: 0 | O20: =SUM(C20:L20,N20) -> 111 | P20: =SUM(C20:N20) -> 135 | R20: 1700-1800 | S20: =SUM(C50:C53) -> 38 | T20: =SUM(D50:D53) -> 25 | U20: =SUM(E50:E53) -> 7 | V20: =SUM(F50:F53) -> 107 | W20: =SUM(G50:G53) -> 9 | X20: =SUM(H50:H53) -> 5 | Y20: =SUM(I50:I53) -> 9 | Z20: =SUM(J50:J53) -> 32 | ... AF20: =SUM(P50:P53) -> 386
B21: 09.45 - 10.00 | C21: 8 | D21: 4 | E21: 2 | F21: 25 | G21: 2 | H21: 0 | I21: 1 | J21: 3 | K21: 0 | L21: 4 | M21: 24 | N21: 0 | O21: =SUM(C21:L21,N21) -> 49 | P21: =SUM(C21:N21) -> 73 | R21: 1800-1900 | S21: =SUM(C54:C57) -> 64 | T21: =SUM(D54:D57) -> 12 | U21: =SUM(E54:E57) -> 17 | V21: =SUM(F54:F57) -> 130 | W21: =SUM(G54:G57) -> 3 | X21: =SUM(H54:H57) -> 2 | Y21: =SUM(I54:I57) -> 8 | Z21: =SUM(J54:J57) -> 21 | ... AF21: =SUM(P54:P57) -> 360
B22: 10.00 - 10.15 | C22: 9 | D22: 5 | E22: 10 | F22: 33 | G22: 1 | H22: 0 | I22: 3 | J22: 12 | K22: 1 | L22: 3 | M22: 29 | N22: 0 | O22: =SUM(C22:L22,N22) -> 77 | P22: =SUM(C22:N22) -> 106 | R22: AM Peak Hr | S22: =MAX(S10:S12) -> 54 | T22: =MAX(T10:T12) -> 32 | U22: =MAX(U10:U12) -> 12 | V22: =MAX(V10:V12) -> 140 | W22: =MAX(W10:W12) -> 37 | X22: =MAX(X10:X12) -> 5 | Y22: =MAX(Y10:Y12) -> 8 | Z22: =MAX(Z10:Z12) -> 34 | ... AF22: =MAX(AF10:AF12) -> 422
B23: 10.15 - 10.30 | C23: 7 | D23: 1 | E23: 3 | F23: 18 | G23: 0 | H23: 0 | I23: 0 | J23: 3 | K23: 1 | L23: 12 | M23: 19 | N23: 0 | O23: =SUM(C23:L23,N23) -> 45 | P23: =SUM(C23:N23) -> 64 | R23: IP Peak Hr | S23: =MAX(S13:S18) -> 64 | T23: =MAX(T13:T18) -> 26 | U23: =MAX(U13:U18) -> 22 | V23: =MAX(V13:V18) -> 123 | W23: =MAX(W13:W18) -> 3 | X23: =MAX(X13:X18) -> 2 | Y23: =MAX(Y13:Y18) -> 20 | Z23: =MAX(Z13:Z18) -> 47 | ... AF23: =MAX(AF13:AF18) -> 436
B24: 10.30 - 10.45 | C24: 4 | D24: 1 | E24: 2 | F24: 22 | G24: 1 | H24: 0 | I24: 4 | J24: 4 | K24: 2 | L24: 9 | M24: 24 | N24: 0 | O24: =SUM(C24:L24,N24) -> 49 | P24: =SUM(C24:N24) -> 73 | R24: PM Peak Hr | S24: =MAX(S19:S21) -> 64 | T24: =MAX(T19:T21) -> 25 | U24: =MAX(U19:U21) -> 21 | V24: =MAX(V19:V21) -> 130 | W24: =MAX(W19:W21) -> 9 | X24: =MAX(X19:X21) -> 5 | Y24: =MAX(Y19:Y21) -> 9 | Z24: =MAX(Z19:Z21) -> 32 | ... AF24: =MAX(AF19:AF21) -> 389
B25: 10.45 - 11.00 | C25: 6 | D25: 2 | E25: 0 | F25: 31 | G25: 1 | H25: 0 | I25: 4 | J25: 3 | K25: 2 | L25: 6 | M25: 18 | N25: 0 | O25: =SUM(C25:L25,N25) -> 55 | P25: =SUM(C25:N25) -> 73 | R25: AM Period | S25: =SUM(S10:S12) -> 124 | T25: =SUM(T10:T12) -> 52 | U25: =SUM(U10:U12) -> 27 | V25: =SUM(V10:V12) -> 364 | W25: =SUM(W10:W12) -> 49 | X25: =SUM(X10:X12) -> 10 | Y25: =SUM(Y10:Y12) -> 14 | Z25: =SUM(Z10:Z12) -> 69 | ... AF25: =SUM(AF10:AF12) -> 1117
B26: 11.00 - 11.15 | C26: 11 | D26: 2 | E26: 6 | F26: 31 | G26: 1 | H26: 1 | I26: 5 | J26: 12 | K26: 0 | L26: 13 | M26: 29 | N26: 0 | O26: =SUM(C26:L26,N26) -> 82 | P26: =SUM(C26:N26) -> 111 | R26: IP Period | S26: =SUM(S13:S18) -> 258 | T26: =SUM(T13:T18) -> 102 | U26: =SUM(U13:U18) -> 101 | V26: =SUM(V13:V18) -> 644 | W26: =SUM(W13:W18) -> 14 | X26: =SUM(X13:X18) -> 6 | Y26: =SUM(Y13:Y18) -> 75 | Z26: =SUM(Z13:Z18) -> 177 | ... AF26: =SUM(AF13:AF18) -> 2212
B27: 11.15 - 11.30 | C27: 26 | D27: 1 | E27: 2 | F27: 30 | G27: 0 | H27: 0 | I27: 2 | J27: 10 | K27: 2 | L27: 17 | M27: 23 | N27: 0 | O27: =SUM(C27:L27,N27) -> 90 | P27: =SUM(C27:N27) -> 113 | R27: PM Period | S27: =SUM(S19:S21) -> 147 | T27: =SUM(T19:T21) -> 53 | U27: =SUM(U19:U21) -> 45 | V27: =SUM(V19:V21) -> 350 | W27: =SUM(W19:W21) -> 18 | X27: =SUM(X19:X21) -> 11 | Y27: =SUM(Y19:Y21) -> 22 | Z27: =SUM(Z19:Z21) -> 85 | ... AF27: =SUM(AF19:AF21) -> 1135
B28: 11.30 - 11.45 | C28: 12 | D28: 6 | E28: 3 | F28: 33 | G28: 0 | H28: 0 | I28: 2 | J28: 5 | K28: 2 | L28: 12 | M28: 22 | N28: 0 | O28: =SUM(C28:L28,N28) -> 75 | P28: =SUM(C28:N28) -> 97 | R28: 12 Hours | S28: =SUM(S10:S21) -> 529 | T28: =SUM(T10:T21) -> 207 | U28: =SUM(U10:U21) -> 173 | V28: =SUM(V10:V21) -> 1358 | W28: =SUM(W10:W21) -> 81 | X28: =SUM(X10:X21) -> 27 | Y28: =SUM(Y10:Y21) -> 111 | Z28: =SUM(Z10:Z21) -> 331 | ... AF28: =SUM(AF10:AF21) -> 4464
B29: 11.45 - 12.00 | C29: 15 | D29: 8 | E29: 2 | F29: 29 | G29: 2 | H29: 0 | I29: 4 | J29: 20 | K29: 0 | L29: 11 | M29: 24 | N29: 0 | O29: =SUM(C29:L29,N29) -> 91 | P29: =SUM(C29:N29) -> 115
B30: 12.00 - 12.15 | C30: 8 | D30: 5 | E30: 5 | F30: 13 | G30: 0 | H30: 1 | I30: 1 | J30: 5 | K30: 3 | L30: 8 | M30: 12 | N30: 0 | O30: =SUM(C30:L30,N30) -> 49 | P30: =SUM(C30:N30) -> 61
B31: 12.15 - 12.30 | C31: 7 | D31: 1 | E31: 2 | F31: 22 | G31: 1 | H31: 0 | I31: 2 | J31: 5 | K31: 6 | L31: 10 | M31: 20 | N31: 0 | O31: =SUM(C31:L31,N31) -> 56 | P31: =SUM(C31:N31) -> 76
B32: 12.30 - 12.45 | C32: 12 | D32: 1 | E32: 3 | F32: 27 | G32: 1 | H32: 0 | I32: 1 | J32: 5 | K32: 1 | L32: 8 | M32: 24 | N32: 0 | O32: =SUM(C32:L32,N32) -> 59 | P32: =SUM(C32:N32) -> 83
B33: 12.45 - 13.00 | C33: 7 | D33: 6 | E33: 1 | F33: 28 | G33: 1 | H33: 0 | I33: 4 | J33: 6 | K33: 3 | L33: 18 | M33: 21 | N33: 0 | O33: =SUM(C33:L33,N33) -> 74 | P33: =SUM(C33:N33) -> 95
B34: 13.00 - 13.15 | C34: 14 | D34: 3 | E34: 9 | F34: 38 | G34: 2 | H34: 1 | I34: 2 | J34: 7 | K34: 0 | L34: 11 | M34: 32 | N34: 0 | O34: =SUM(C34:L34,N34) -> 87 | P34: =SUM(C34:N34) -> 119
B35: 13.15 - 13.30 | C35: 14 | D35: 6 | E35: 3 | F35: 17 | G35: 0 | H35: 0 | I35: 1 | J35: 5 | K35: 2 | L35: 4 | M35: 13 | N35: 0 | O35: =SUM(C35:L35,N35) -> 52 | P35: =SUM(C35:N35) -> 65
B36: 13.30 - 13.45 | C36: 13 | D36: 4 | E36: 5 | F36: 30 | G36: 1 | H36: 0 | I36: 7 | J36: 9 | K36: 2 | L36: 7 | M36: 29 | N36: 0 | O36: =SUM(C36:L36,N36) -> 78 | P36: =SUM(C36:N36) -> 107
B37: 13.45 - 14.00 | C37: 7 | D37: 3 | E37: 3 | F37: 32 | G37: 0 | H37: 1 | I37: 3 | J37: 12 | K37: 2 | L37: 11 | M37: 26 | N37: 0 | O37: =SUM(C37:L37,N37) -> 74 | P37: =SUM(C37:N37) -> 100
B38: 14.00 - 14.15 | C38: 10 | D38: 5 | E38: 2 | F38: 35 | G38: 0 | H38: 0 | I38: 8 | J38: 9 | K38: 1 | L38: 6 | M38: 22 | N38: 0 | O38: =SUM(C38:L38,N38) -> 76 | P38: =SUM(C38:N38) -> 98
B39: 14.15 - 14.30 | C39: 11 | D39: 8 | E39: 3 | F39: 14 | G39: 1 | H39: 0 | I39: 6 | J39: 7 | K39: 1 | L39: 14 | M39: 21 | N39: 0 | O39: =SUM(C39:L39,N39) -> 65 | P39: =SUM(C39:N39) -> 86
B40: 14.30 - 14.45 | C40: 15 | D40: 4 | E40: 6 | F40: 36 | G40: 0 | H40: 0 | I40: 2 | J40: 11 | K40: 0 | L40: 9 | M40: 21 | N40: 0 | O40: =SUM(C40:L40,N40) -> 83 | P40: =SUM(C40:N40) -> 104
... B56: 18.30 - 18.45 | C56: 27 | D56: 4 | E56: 6 | F56: 28 | G56: 1 | H56: 1 | I56: 3 | J56: 3 | K56: 1 | L56: 22 | M56: 24 | N56: 0 | O56: =SUM(C56:L56,N56) -> 96 | P56: =SUM(C56:N56) -> 120
B57: 18.45 - 19.00 | C57: 5 | D57: 2 | E57: 4 | F57: 32 | G57: 0 | H57: 0 | I57: 1 | J57: 6 | K57: 0 | L57: 6 | N57: 0 | O57: =SUM(C57:L57,N57) -> 56 | P57: =SUM(C57:N57) -> 56
B58: Totals | C58: =SUM(C10:C57) -> 529 | D58: =SUM(D10:D57) -> 207 | E58: =SUM(E10:E57) -> 173 | F58: =SUM(F10:F57) -> 1358 | G58: =SUM(G10:G57) -> 81 | H58: =SUM(H10:H57) -> 27 | I58: =SUM(I10:I57) -> 111 | J58: =SUM(J10:J57) -> 331 | ... P58: =SUM(P10:P57) -> 4464
B59: %ges + MCs | C59: =C58/$P$58 -> 0.11850358 | D59: =D58/$P$58 -> 0.046370968 | E59: =E58/$P$58 -> 0.03875448 | F59: =F58/$P$58 -> 0.30421147 | G59: =G58/$P$58 -> 0.018145161 | H59: =H58/$P$58 -> 0.0060483871 | I59: =I58/$P$58 -> 0.024865591 | J59: =J58/$P$58 -> 0.074148746 | ... N59: =N58/$P$58 -> 0.0056003584
B60: %ges w/o MCs | C60: =C58/$O$58 -> 0.15431739 | D60: =D58/$O$58 -> 0.060385064 | E60: =E58/$O$58 -> 0.050466744 | F60: =F58/$O$58 -> 0.39614936 | G60: =G58/$O$58 -> 0.023628938 | H60: =H58/$O$58 -> 0.0078763127 | I60: =I58/$O$58 -> 0.032380397 | J60: =J58/$O$58 -> 0.09655776 | ... L60: =L58/$O$58 -> 0.14994166 | N60: =N58/$O$58 -> 0.0072928821

Sheet 27.10 KAMPALA-JINJA
B1: Consultancy services for Preparation of Expressway Development Master Plan (EDMP) for Uganda
B2: MANUAL CLASSIFIED COUNT (MCC)
B3: ROAD NAME: | C3: ='17.10 Kampala-Jinja'!C3:G3 -> MCC - C 4- STN19 -Kampala-Jinja highway
C5: Date | D5: ='27.10 JINJA-KAMPALA'!D5 -> 25.07.19 | F5: Location | G5: ='27.10 JINJA-KAMPALA'!G5:H5 -> Nakibbizi | J5: Surveyor | K5: JEROME
C6: Dir. From | D6: ='17.10 Kampala-Jinja'!D6:E6 -> Kampala | F6: Dir. To | G6: ='17.10 Kampala-Jinja'!G6:H6 -> Jinja | J6: Supervisor | K6: ='27.10 JINJA-KAMPALA'!K6:L6 -> Emma
B8: Time / Veh Type | R8: SUMMARY TRAFFIC VOLUMES
C9: 1. Car | D9: 2. Station Wagon | E9: 3. Pickups | F9: 4. Minibus, matatu | G9: 5. Medium bus | H9: 6. Large Bus | I9: 7. Light Truck | J9: 8. Medium Truck | K9: 9. Heavy truck | L9: 10. Truck Trailer | M9: 11. Motor cycles | N9: 12. Tractors | O9: Total Excl M/Cycles | P9: Total All | R9: Time | S9: 1. Car | T9: 2. Station Wagon | U9: 3. Pickups | V9: 4. Minibus, matatu | W9: 5. Medium bus | X9: 6. Large Bus | Y9: 7. Light Truck | Z9: 8. Medium Truck | AA9: 9. Heavy truck | AB9: 10. Truck Trailer | AC9: 11. Motorcycles | AD9: 12. Tractors, Graders | AE9: Total Excl M/ Cycles | AF9: Total All
B10: 07.00 - 07.15 | C10: 4 | D10: 1 | E10: 0 | F10: 11 | G10: 1 | H10: 0 | I10: 6 | J10: 3 | K10: 4 | L10: 5 | M10: 9 | N10: 0 | O10: =SUM(C10:L10,N10) -> 35 | P10: =SUM(C10:N10) -> 44 | R10: 0700-0800 | S10: =SUM(C10:C13) -> 40 | T10: =SUM(D10:D13) -> 18 | U10: =SUM(E10:E13) -> 6 | V10: =SUM(F10:F13) -> 91 | W10: =SUM(G10:G13) -> 27 | X10: =SUM(H10:H13) -> 0 | Y10: =SUM(I10:I13) -> 15 | Z10: =SUM(J10:J13) -> 17 | ... AF10: =SUM(P10:P13) -> 289
