Workbook

Sheet 22.07 SentemaRBT-Sentema
B1: Consultancy services for Preparation of Expressway Development Master Plan (EDMP) for Uganda
B2: MANUAL CLASSIFIED COUNT (MCC)
B3: ROAD NAME: | C3: MCC - C1 - STN15 - SENTEMA ROAD
C5: Date | D5: 22.07.19 | F5: Location | G5: Ku roofings | J5: Surveyor | K5: Naido Grace
C6: Dir. From | D6: Sentema RBT | F6: Dir. To | G6: Sentema | J6: Supervisor | K6: Isaac
B8: Time / Veh Type | R8: SUMMARY TRAFFIC VOLUMES
C9: 1. Car | D9: 2. Station Wagon | E9: 3. Pickups | F9: 4. Minibus, matatu | G9: 5. Medium bus | H9: 6. Large Bus | I9: 7. Light Truck | J9: 8. Medium Truck | K9: 9. Heavy truck | L9: 10. Truck Trailer | M9: 11. Motor cycles | N9: 12. Tractors | O9: Total Excl M/Cycles | P9: Total All | R9: Time | S9: 1. Car | T9: 2. Station Wagon | U9: 3. Pickups | V9: 4. Minibus, matatu | W9: 5. Medium bus | X9: 6. Large Bus | Y9: 7. Light Truck | Z9: 8. Medium Truck | AA9: 9. Heavy truck | AB9: 10. Truck Trailer | AC9: 11. Motorcycles | AD9: 12. Tractors, Graders | AE9: Total Excl M/ Cycles | AF9: Total All
B10: 07.00 - 07.15 | C10: 7 | D10: 1 | E10: 0 | F10: 8 | G10: 0 | H10: 0 | I10: 1 | J10: 2 | K10: 0 | L10: 0 | M10: 33 | N10: 0 | O10: =SUM(C10:L10,N10) -> 19 | P10: =SUM(C10:N10) -> 52 | R10: 0700-0800 | S10: =SUM(C10:C13) -> 38 | T10: =SUM(D10:D13) -> 10 | U10: =SUM(E10:E13) -> 3 | V10: =SUM(F10:F13) -> 44 | W10: =SUM(G10:G13) -> 1 | X10: =SUM(H10:H13) -> 0 | Y10: =SUM(I10:I13) -> 6 | Z10: =SUM(J10:J13) -> 5 | ... AF10: =SUM(P10:P13) -> 291
B11: 07.15 - 07.30 | C11: 13 | D11: 3 | E11: 0 | F11: 16 | G11: 1 | H11: 0 | I11: 0 | J11: 2 | K11: 0 | L11: 0 | M11: 35 | N11: 0 | O11: =SUM(C11:L11,N11) -> 35 | P11: =SUM(C11:N11) -> 70 | R11: 0800-0900 | S11: =SUM(C14:C17) -> 25 | T11: =SUM(D14:D17) -> 9 | U11: =SUM(E14:E17) -> 4 | V11: =SUM(F14:F17) -> 53 | W11: =SUM(G14:G17) -> 0 | X11: =SUM(H14:H17) -> 2 | Y11: =SUM(I14:I17) -> 5 | Z11: =SUM(J14:J17) -> 5 | ... AF11: =SUM(P14:P17) -> 303
B12: 07.30 - 07.45 | C12: 11 | D12: 1 | E12: 3 | F12: 8 | G12: 0 | H12: 0 | I12: 5 | J12: 1 | K12: 1 | L12: 0 | M12: 50 | N12: 0 | O12: =SUM(C12:L12,N12) -> 30 | P12: =SUM(C12:N12) -> 80 | R12: 0900-1000 | S12: =SUM(C18:C21) -> 31 | T12: =SUM(D18:D21) -> 18 | U12: =SUM(E18:E21) -> 2 | V12: =SUM(F18:F21) -> 62 | W12: =SUM(G18:G21) -> 0 | X12: =SUM(H18:H21) -> 3 | Y12: =SUM(I18:I21) -> 22 | Z12: =SUM(J18:J21) -> 9 | ... AF12: =SUM(P18:P21) -> 365
B13: 07.45 - 08.00 | C13: 7 | D13: 5 | E13: 0 | F13: 12 | G13: 0 | H13: 0 | I13: 0 | J13: 0 | K13: 0 | L13: 1 | M13: 64 | N13: 0 | O13: =SUM(C13:L13,N13) -> 25 | P13: =SUM(C13:N13) -> 89 | R13: 1000-1100 | S13: =SUM(C22:C25) -> 28 | T13: =SUM(D22:D25) -> 11 | U13: =SUM(E22:E25) -> 5 | V13: =SUM(F22:F25) -> 49 | W13: =SUM(G22:G25) -> 0 | X13: =SUM(H22:H25) -> 0 | Y13: =SUM(I22:I25) -> 14 | Z13: =SUM(J22:J25) -> 4 | ... AF13: =SUM(P22:P25) -> 339
B14: 08.00 - 08.15 | C14: 7 | D14: 3 | E14: 0 | F14: 16 | G14: 0 | H14: 0 | I14: 2 | J14: 1 | K14: 0 | L14: 0 | M14: 54 | N14: 0 | O14: =SUM(C14:L14,N14) -> 29 | P14: =SUM(C14:N14) -> 83 | R14: 1100-1200 | S14: =SUM(C26:C29) -> 20 | T14: =SUM(D26:D29) -> 10 | U14: =SUM(E26:E29) -> 7 | V14: =SUM(F26:F29) -> 26 | W14: =SUM(G26:G29) -> 0 | X14: =SUM(H26:H29) -> 0 | Y14: =SUM(I26:I29) -> 17 | Z14: =SUM(J26:J29) -> 5 | ... AF14: =SUM(P26:P29) -> 262
B15: 08.15 - 08.30 | C15: 11 | D15: 2 | E15: 2 | F15: 17 | G15: 0 | H15: 2 | I15: 2 | J15: 2 | K15: 0 | L15: 0 | M15: 66 | N15: 0 | O15: =SUM(C15:L15,N15) -> 38 | P15: =SUM(C15:N15) -> 104 | R15: 1200-1300 | S15: =SUM(C30:C33) -> 18 | T15: =SUM(D30:D33) -> 10 | U15: =SUM(E30:E33) -> 4 | V15: =SUM(F30:F33) -> 25 | W15: =SUM(G30:G33) -> 0 | X15: =SUM(H30:H33) -> 0 | Y15: =SUM(I30:I33) -> 22 | Z15: =SUM(J30:J33) -> 3 | ... AF15: =SUM(P30:P33) -> 232
B16: 08.30 - 08.45 | C16: 7 | D16: 4 | E16: 2 | F16: 16 | G16: 0 | H16: 0 | I16: 1 | J16: 2 | K16: 0 | L16: 0 | M16: 70 | N16: 0 | O16: =SUM(C16:L16,N16) -> 32 | P16: =SUM(C16:N16) -> 102 | R16: 1300-1400 | S16: =SUM(C34:C37) -> 27 | T16: =SUM(D34:D37) -> 8 | U16: =SUM(E34:E37) -> 4 | V16: =SUM(F34:F37) -> 24 | W16: =SUM(G34:G37) -> 0 | X16: =SUM(H34:H37) -> 0 | Y16: =SUM(I34:I37) -> 14 | Z16: =SUM(J34:J37) -> 4 | ... AF16: =SUM(P34:P37) -> 229
B17: 08.45 - 9.00 | C17: 0 | D17: 0 | E17: 0 | F17: 4 | G17: 0 | H17: 0 | I17: 0 | J17: 0 | K17: 0 | L17: 0 | M17: 10 | N17: 0 | O17: =SUM(C17:L17,N17) -> 4 | P17: =SUM(C17:N17) -> 14 | R17: 1400-1500 | S17: =SUM(C38:C41) -> 39 | T17: =SUM(D38:D41) -> 8 | U17: =SUM(E38:E41) -> 7 | V17: =SUM(F38:F41) -> 24 | W17: =SUM(G38:G41) -> 1 | X17: =SUM(H38:H41) -> 0 | Y17: =SUM(I38:I41) -> 19 | Z17: =SUM(J38:J41) -> 6 | ... AF17: =SUM(P38:P41) -> 262
B18: 09.00 - 09.15 | C18: 8 | D18: 2 | E18: 0 | F18: 23 | G18: 0 | H18: 2 | I18: 2 | J18: 0 | K18: 0 | L18: 0 | M18: 61 | N18: 0 | O18: =SUM(C18:L18,N18) -> 37 | P18: =SUM(C18:N18) -> 98 | R18: 1500-1600 | S18: =SUM(C42:C45) -> 38 | T18: =SUM(D42:D45) -> 14 | U18: =SUM(E42:E45) -> 7 | V18: =SUM(F42:F45) -> 25 | W18: =SUM(G42:G45) -> 0 | X18: =SUM(H42:H45) -> 0 | Y18: =SUM(I42:I45) -> 2 | Z18: =SUM(J42:J45) -> 2 | ... AF18: =SUM(P42:P45) -> 204
B19: 09.15 - 09.30 | C19: 6 | D19: 4 | E19: 1 | F19: 15 | G19: 0 | H19: 0 | I19: 6 | J19: 0 | K19: 0 | L19: 1 | M19: 69 | N19: 0 | O19: =SUM(C19:L19,N19) -> 33 | P19: =SUM(C19:N19) -> 102 | R19: 1600-1700 | S19: =SUM(C46:C49) -> 50 | T19: =SUM(D46:D49) -> 9 | U19: =SUM(E46:E49) -> 4 | V19: =SUM(F46:F49) -> 28 | W19: =SUM(G46:G49) -> 1 | X19: =SUM(H46:H49) -> 0 | Y19: =SUM(I46:I49) -> 10 | Z19: =SUM(J46:J49) -> 6 | ... AF19: =SUM(P46:P49) -> 293
B20: 09.30 - 09.45 | C20: 12 | D20: 7 | E20: 0 | F20: 14 | G20: 0 | H20: 0 | I20: 9 | J20: 6 | K20: 0 | L20: 0 | M20: 45 | N20: 0 | O20: =SUM(C20:L20,N20) -> 48 | P20: =SUM(C20:N20) -> 93 | R20: 1700-1800 | S20: =SUM(C50:C53) -> 96 | T20: =SUM(D50:D53) -> 24 | U20: =SUM(E50:E53) -> 4 | V20: =SUM(F50:F53) -> 47 | W20: =SUM(G50:G53) -> 1 | X20: =SUM(H50:H53) -> 0 | Y20: =SUM(I50:I53) -> 13 | Z20: =SUM(J50:J53) -> 3 | ... AF20: =SUM(P50:P53) -> 419
B21: 09.45 - 10.00 | C21: 5 | D21: 5 | E21: 1 | F21: 10 | G21: 0 | H21: 1 | I21: 5 | J21: 3 | K21: 0 | L21: 0 | M21: 42 | N21: 0 | O21: =SUM(C21:L21,N21) -> 30 | P21: =SUM(C21:N21) -> 72 | R21: 1800-1900 | S21: =SUM(C54:C57) -> 140 | T21: =SUM(D54:D57) -> 23 | U21: =SUM(E54:E57) -> 6 | V21: =SUM(F54:F57) -> 55 | W21: =SUM(G54:G57) -> 1 | X21: =SUM(H54:H57) -> 0 | Y21: =SUM(I54:I57) -> 11 | Z21: =SUM(J54:J57) -> 8 | ... AF21: =SUM(P54:P57) -> 520
B22: 10.00 - 10.15 | C22: 9 | D22: 3 | E22: 1 | F22: 11 | G22: 0 | H22: 0 | I22: 8 | J22: 0 | K22: 1 | L22: 0 | M22: 67 | N22: 0 | O22: =SUM(C22:L22,N22) -> 33 | P22: =SUM(C22:N22) -> 100 | R22: AM Peak Hr | S22: =MAX(S10:S12) -> 38 | T22: =MAX(T10:T12) -> 18 | U22: =MAX(U10:U12) -> 4 | V22: =MAX(V10:V12) -> 62 | W22: =MAX(W10:W12) -> 1 | X22: =MAX(X10:X12) -> 3 | Y22: =MAX(Y10:Y12) -> 22 | Z22: =MAX(Z10:Z12) -> 9 | ... AF22: =MAX(AF10:AF12) -> 365
B23: 10.15 - 10.30 | C23: 7 | D23: 3 | E23: 2 | F23: 17 | G23: 0 | H23: 0 | I23: 1 | J23: 2 | K23: 0 | L23: 0 | M23: 61 | N23: 0 | O23: =SUM(C23:L23,N23) -> 32 | P23: =SUM(C23:N23) -> 93 | R23: IP Peak Hr | S23: =MAX(S13:S18) -> 39 | T23: =MAX(T13:T18) -> 14 | U23: =MAX(U13:U18) -> 7 | V23: =MAX(V13:V18) -> 49 | W23: =MAX(W13:W18) -> 1 | X23: =MAX(X13:X18) -> 0 | Y23: =MAX(Y13:Y18) -> 22 | Z23: =MAX(Z13:Z18) -> 6 | ... AF23: =MAX(AF13:AF18) -> 339
B24: 10.30 - 10.45 | C24: 7 | D24: 5 | E24: 0 | F24: 12 | G24: 0 | H24: 0 | I24: 2 | J24: 0 | K24: 0 | L24: 0 | M24: 65 | N24: 0 | O24: =SUM(C24:L24,N24) -> 26 | P24: =SUM(C24:N24) -> 91 | R24: PM Peak Hr | S24: =MAX(S19:S21) -> 140 | T24: =MAX(T19:T21) -> 24 | U24: =MAX(U19:U21) -> 6 | V24: =MAX(V19:V21) -> 55 | W24: =MAX(W19:W21) -> 1 | X24: =MAX(X19:X21) -> 0 | Y24: =MAX(Y19:Y21) -> 13 | Z24: =MAX(Z19:Z21) -> 8 | ... AF24: =MAX(AF19:AF21) -> 520
B25: 10.45 - 11.00 | C25: 5 | D25: 0 | E25: 2 | F25: 9 | G25: 0 | H25: 0 | I25: 3 | J25: 2 | K25: 0 | L25: 0 | M25: 34 | N25: 0 | O25: =SUM(C25:L25,N25) -> 21 | P25: =SUM(C25:N25) -> 55 | R25: AM Period | S25: =SUM(S10:S12) -> 94 | T25: =SUM(T10:T12) -> 37 | U25: =SUM(U10:U12) -> 9 | V25: =SUM(V10:V12) -> 159 | W25: =SUM(W10:W12) -> 1 | X25: =SUM(X10:X12) -> 5 | Y25: =SUM(Y10:Y12) -> 33 | Z25: =SUM(Z10:Z12) -> 19 | ... AF25: =SUM(AF10:AF12) -> 959
B26: 11.00 - 11.15 | C26: 5 | D26: 4 | E26: 1 | F26: 10 | G26: 0 | H26: 0 | I26: 2 | J26: 0 | K26: 2 | L26: 0 | M26: 43 | N26: 0 | O26: =SUM(C26:L26,N26) -> 24 | P26: =SUM(C26:N26) -> 67 | R26: IP Period | S26: =SUM(S13:S18) -> 170 | T26: =SUM(T13:T18) -> 61 | U26: =SUM(U13:U18) -> 34 | V26: =SUM(V13:V18) -> 173 | W26: =SUM(W13:W18) -> 1 | X26: =SUM(X13:X18) -> 0 | Y26: =SUM(Y13:Y18) -> 88 | Z26: =SUM(Z13:Z18) -> 24 | ... AF26: =SUM(AF13:AF18) -> 1528
B27: 11.15 - 11.30 | C27: 6 | D27: 1 | E27: 0 | F27: 8 | G27: 0 | H27: 0 | I27: 6 | J27: 1 | K27: 0 | L27: 0 | M27: 31 | N27: 0 | O27: =SUM(C27:L27,N27) -> 22 | P27: =SUM(C27:N27) -> 53 | R27: PM Period | S27: =SUM(S19:S21) -> 286 | T27: =SUM(T19:T21) -> 56 | U27: =SUM(U19:U21) -> 14 | V27: =SUM(V19:V21) -> 130 | W27: =SUM(W19:W21) -> 3 | X27: =SUM(X19:X21) -> 0 | Y27: =SUM(Y19:Y21) -> 34 | Z27: =SUM(Z19:Z21) -> 17 | ... AF27: =SUM(AF19:AF21) -> 1232
B28: 11.30 - 11.45 | C28: 6 | D28: 1 | E28: 1 | F28: 5 | G28: 0 | H28: 0 | I28: 5 | J28: 1 | K28: 1 | L28: 0 | M28: 59 | N28: 0 | O28: =SUM(C28:L28,N28) -> 20 | P28: =SUM(C28:N28) -> 79 | R28: 12 Hours | S28: =SUM(S10:S21) -> 550 | T28: =SUM(T10:T21) -> 154 | U28: =SUM(U10:U21) -> 57 | V28: =SUM(V10:V21) -> 462 | W28: =SUM(W10:W21) -> 5 | X28: =SUM(X10:X21) -> 5 | Y28: =SUM(Y10:Y21) -> 155 | Z28: =SUM(Z10:Z21) -> 60 | ... AF28: =SUM(AF10:AF21) -> 3719
B29: 11.45 - 12.00 | C29: 3 | D29: 4 | E29: 5 | F29: 3 | G29: 0 | H29: 0 | I29: 4 | J29: 3 | K29: 0 | L29: 0 | M29: 41 | N29: 0 | O29: =SUM(C29:L29,N29) -> 22 | P29: =SUM(C29:N29) -> 63
B30: 12.00 - 12.15 | C30: 6 | D30: 1 | E30: 1 | F30: 10 | G30: 0 | H30: 0 | I30: 4 | J30: 1 | K30: 0 | L30: 0 | M30: 24 | N30: 0 | O30: =SUM(C30:L30,N30) -> 23 | P30: =SUM(C30:N30) -> 47
B31: 12.15 - 12.30 | C31: 1 | D31: 3 | E31: 1 | F31: 3 | G31: 0 | H31: 0 | I31: 7 | J31: 1 | K31: 0 | L31: 0 | M31: 40 | N31: 0 | O31: =SUM(C31:L31,N31) -> 16 | P31: =SUM(C31:N31) -> 56
B32: 12.30 - 12.45 | C32: 7 | D32: 3 | E32: 0 | F32: 8 | G32: 0 | H32: 0 | I32: 4 | J32: 1 | K32: 0 | L32: 0 | M32: 46 | N32: 0 | O32: =SUM(C32:L32,N32) -> 23 | P32: =SUM(C32:N32) -> 69
B33: 12.45 - 13.00 | C33: 4 | D33: 3 | E33: 2 | F33: 4 | G33: 0 | H33: 0 | I33: 7 | J33: 0 | K33: 0 | L33: 0 | M33: 39 | N33: 1 | O33: =SUM(C33:L33,N33) -> 21 | P33: =SUM(C33:N33) -> 60
B34: 13.00 - 13.15 | C34: 9 | D34: 0 | E34: 2 | F34: 7 | G34: 0 | H34: 0 | I34: 5 | J34: 0 | K34: 0 | L34: 0 | M34: 44 | N34: 0 | O34: =SUM(C34:L34,N34) -> 23 | P34: =SUM(C34:N34) -> 67
B35: 13.15 - 13.30 | C35: 6 | D35: 2 | E35: 0 | F35: 7 | G35: 0 | H35: 0 | I35: 4 | J35: 1 | K35: 0 | L35: 0 | M35: 40 | N35: 0 | O35: =SUM(C35:L35,N35) -> 20 | P35: =SUM(C35:N35) -> 60
B36: 13.30 - 13.45 | C36: 7 | D36: 3 | E36: 1 | F36: 3 | G36: 0 | H36: 0 | I36: 2 | J36: 1 | K36: 0 | L36: 0 | M36: 28 | N36: 0 | O36: =SUM(C36:L36,N36) -> 17 | P36: =SUM(C36:N36) -> 45
B37: 13.45 - 14.00 | C37: 5 | D37: 3 | E37: 1 | F37: 7 | G37: 0 | H37: 0 | I37: 3 | J37: 2 | K37: 0 | L37: 1 | M37: 35 | N37: 0 | O37: =SUM(C37:L37,N37) -> 22 | P37: =SUM(C37:N37) -> 57
B38: 14.00 - 14.15 | C38: 6 | D38: 2 | E38: 4 | F38: 6 | G38: 1 | H38: 0 | I38: 6 | J38: 3 | K38: 1 | L38: 0 | M38: 37 | N38: 0 | O38: =SUM(C38:L38,N38) -> 29 | P38: =SUM(C38:N38) -> 66
B39: 14.15 - 14.30 | C39: 13 | D39: 1 | E39: 1 | F39: 7 | G39: 0 | H39: 0 | I39: 4 | J39: 1 | K39: 0 | L39: 0 | M39: 33 | N39: 0 | O39: =SUM(C39:L39,N39) -> 27 | P39: =SUM(C39:N39) -> 60
B40: 14.30 - 14.45 | C40: 8 | D40: 2 | E40: 1 | F40: 4 | G40: 0 | H40: 0 | I40: 3 | J40: 2 | K40: 0 | L40: 0 | M40: 41 | N40: 0 | O40: =SUM(C40:L40,N40) -> 20 | P40: =SUM(C40:N40) -> 61
... B57: 18.45 - 19.00 | C57: 31 | D57: 2 | E57: 3 | F57: 15 | G57: 0 | H57: 0 | I57: 3 | J57: 3 | K57: 0 | L57: 0 | M57: 80 | N57: 1 | O57: =SUM(C57:L57,N57) -> 58 | P57: =SUM(C57:N57) -> 138
B58: Totals | C58: =SUM(C10:C57) -> 550 | D58: =SUM(D10:D57) -> 154 | E58: =SUM(E10:E57) -> 57 | F58: =SUM(F10:F57) -> 462 | G58: =SUM(G10:G57) -> 5 | H58: =SUM(H10:H57) -> 5 | I58: =SUM(I10:I57) -> 155 | J58: =SUM(J10:J57) -> 60 | ... P58: =SUM(P10:P57) -> 3719
B59: %ges + MCs | C59: =C58/$P$58 -> 0.14788922 | D59: =D58/$P$58 -> 0.041408981 | E59: =E58/$P$58 -> 0.015326701 | F59: =F58/$P$58 -> 0.12422694 | G59: =G58/$P$58 -> 0.0013444474 | H59: =H58/$P$58 -> 0.0013444474 | I59: =I58/$P$58 -> 0.04167787 | J59: =J58/$P$58 -> 0.016133369 | ... N59: =N58/$P$58 -> 0.00053777897
B60: %ges w/o MCs | C60: =C58/$O$58 -> 0.37517053 | D60: =D58/$O$58 -> 0.10504775 | E60: =E58/$O$58 -> 0.03888131 | F60: =F58/$O$58 -> 0.31514325 | G60: =G58/$O$58 -> 0.0034106412 | H60: =H58/$O$58 -> 0.0034106412 | I60: =I58/$O$58 -> 0.10572988 | J60: =J58/$O$58 -> 0.040927694 | ... L60: =L58/$O$58 -> 0.002728513 | N60: =N58/$O$58 -> 0.0013642565

Sheet 22.07 Sentema-Sentema RBT
B1: Consultancy services for Preparation of Expressway Development Master Plan (EDMP) for Uganda
B2: MANUAL CLASSIFIED COUNT (MCC)
B3: ROAD NAME: | C3: ='22.07 SentemaRBT-Sentema'!C3:G3 -> MCC - C1 - STN15 - SENTEMA ROAD
C5: Date | D5: ='22.07 SentemaRBT-Sentema'!D5 -> 22.07.19 | F5: Location | G5: ='22.07 SentemaRBT-Sentema'!G5:H5 -> Ku roofings | J5: Surveyor | K5: Mbaha James
C6: Dir. From | D6: Sentema | F6: Dir. To | G6: Sentema RBT | J6: Supervisor | K6: Isaac
B8: Time / Veh Type | R8: SUMMARY TRAFFIC VOLUMES
C9: 1. Car | D9: 2. Station Wagon | E9: 3. Pickups | F9: 4. Minibus, matatu | G9: 5. Medium bus | H9: 6. Large Bus | I9: 7. Light Truck | J9: 8. Medium Truck | K9: 9. Heavy truck | L9: 10. Truck Trailer | M9: 11. Motor cycles | N9: 12. Tractors | O9: Total Excl M/Cycles | P9: Total All | R9: Time | S9: 1. Car | T9: 2. Station Wagon | U9: 3. Pickups | V9: 4. Minibus, matatu | W9: 5. Medium bus | X9: 6. Large Bus | Y9: 7. Light Truck | Z9: 8. Medium Truck | AA9: 9. Heavy truck | AB9: 10. Truck Trailer | AC9: 11. Motorcycles | AD9: 12. Tractors, Graders | AE9: Total Excl M/ Cycles | AF9: Total All
B10: 07.00 - 07.15 | C10: 63 | D10: 3 | E10: 10 | F10: 31 | G10: 0 | H10: 0 | I10: 1 | J10: 2 | K10: 1 | L10: 1 | M10: 59 | N10: 0 | O10: =SUM(C10:L10,N10) -> 112 | P10: =SUM(C10:N10) -> 171 | R10: 0700-0800 | S10: =SUM(C10:C13) -> 289 | T10: =SUM(D10:D13) -> 14 | U10: =SUM(E10:E13) -> 24 | V10: =SUM(F10:F13) -> 127 | W10: =SUM(G10:G13) -> 1 | X10: =SUM(H10:H13) -> 0 | Y10: =SUM(I10:I13) -> 10 | Z10: =SUM(J10:J13) -> 3 | ... AF10: =SUM(P10:P13) -> 833
B11: 07.15 - 07.30 | C11: 71 | D11: 4 | E11: 6 | F11: 42 | G11: 0 | H11: 0 | I11: 5 | J11: 0 | K11: 1 | L11: 0 | M11: 91 | N11: 0 | O11: =SUM(C11:L11,N11) -> 129 | P11: =SUM(C11:N11) -> 220 | R11: 0800-0900 | S11: =SUM(C14:C17) -> 152 | T11: =SUM(D14:D17) -> 18 | U11: =SUM(E14:E17) -> 15 | V11: =SUM(F14:F17) -> 53 | W11: =SUM(G14:G17) -> 0 | X11: =SUM(H14:H17) -> 0 | Y11: =SUM(I14:I17) -> 12 | Z11: =SUM(J14:J17) -> 3 | ... AF11: =SUM(P14:P17) -> 629
B12: 07.30 - 07.45 | C12: 73 | D12: 1 | E12: 2 | F12: 24 | G12: 1 | H12: 0 | I12: 2 | J12: 0 | K12: 0 | L12: 0 | M12: 114 | N12: 0 | O12: =SUM(C12:L12,N12) -> 103 | P12: =SUM(C12:N12) -> 217 | R12: 0900-1000 | S12: =SUM(C18:C21) -> 136 | T12: =SUM(D18:D21) -> 13 | U12: =SUM(E18:E21) -> 14 | V12: =SUM(F18:F21) -> 51 | W12: =SUM(G18:G21) -> 0 | X12: =SUM(H18:H21) -> 0 | Y12: =SUM(I18:I21) -> 13 | Z12: =SUM(J18:J21) -> 6 | ... AF12: =SUM(P18:P21) -> 516
B13: 07.45 - 08.00 | C13: 82 | D13: 6 | E13: 6 | F13: 30 | G13: 0 | H13: 0 | I13: 2 | J13: 1 | K13: 0 | L13: 2 | M13: 96 | N13: 0 | O13: =SUM(C13:L13,N13) -> 129 | P13: =SUM(C13:N13) -> 225 | R13: 1000-1100 | S13: =SUM(C22:C25) -> 62 | T13: =SUM(D22:D25) -> 15 | U13: =SUM(E22:E25) -> 12 | V13: =SUM(F22:F25) -> 38 | W13: =SUM(G22:G25) -> 1 | X13: =SUM(H22:H25) -> 0 | Y13: =SUM(I22:I25) -> 15 | Z13: =SUM(J22:J25) -> 3 | ... AF13: =SUM(P22:P25) -> 310
B14: 08.00 - 08.15 | C14: 73 | D14: 4 | E14: 4 | F14: 23 | G14: 0 | H14: 0 | I14: 4 | J14: 3 | K14: 0 | L14: 0 | M14: 117 | N14: 0 | O14: =SUM(C14:L14,N14) -> 111 | P14: =SUM(C14:N14) -> 228 | R14: 1100-1200 | S14: =SUM(C26:C29) -> 34 | T14: =SUM(D26:D29) -> 20 | U14: =SUM(E26:E29) -> 12 | V14: =SUM(F26:F29) -> 28 | W14: =SUM(G26:G29) -> 0 | X14: =SUM(H26:H29) -> 0 | Y14: =SUM(I26:I29) -> 14 | Z14: =SUM(J26:J29) -> 2 | ... AF14: =SUM(P26:P29) -> 272
B15: 08.15 - 08.30 | C15: 45 | D15: 9 | E15: 7 | F15: 16 | G15: 0 | H15: 0 | I15: 4 | J15: 0 | K15: 0 | L15: 0 | M15: 145 | N15: 0 | O15: =SUM(C15:L15,N15) -> 81 | P15: =SUM(C15:N15) -> 226 | R15: 1200-1300 | S15: =SUM(C30:C33) -> 50 | T15: =SUM(D30:D33) -> 11 | U15: =SUM(E30:E33) -> 6 | V15: =SUM(F30:F33) -> 14 | W15: =SUM(G30:G33) -> 0 | X15: =SUM(H30:H33) -> 0 | Y15: =SUM(I30:I33) -> 19 | Z15: =SUM(J30:J33) -> 7 | ... AF15: =SUM(P30:P33) -> 240
B16: 08.30 - 08.45 | C16: 29 | D16: 4 | E16: 4 | F16: 11 | G16: 0 | H16: 0 | I16: 3 | J16: 0 | K16: 0 | L16: 0 | M16: 89 | N16: 0 | O16: =SUM(C16:L16,N16) -> 51 | P16: =SUM(C16:N16) -> 140 | R16: 1300-1400 | S16: =SUM(C34:C37) -> 35 | T16: =SUM(D34:D37) -> 6 | U16: =SUM(E34:E37) -> 2 | V16: =SUM(F34:F37) -> 15 | W16: =SUM(G34:G37) -> 0 | X16: =SUM(H34:H37) -> 0 | Y16: =SUM(I34:I37) -> 14 | Z16: =SUM(J34:J37) -> 3 | ... AF16: =SUM(P34:P37) -> 180
B17: 08.45 - 9.00 | C17: 5 | D17: 1 | E17: 0 | F17: 3 | G17: 0 | H17: 0 | I17: 1 | J17: 0 | K17: 0 | L17: 0 | M17: 25 | N17: 0 | O17: =SUM(C17:L17,N17) -> 10 | P17: =SUM(C17:N17) -> 35 | R17: 1400-1500 | S17: =SUM(C38:C41) -> 37 | T17: =SUM(D38:D41) -> 9 | U17: =SUM(E38:E41) -> 5 | V17: =SUM(F38:F41) -> 29 | W17: =SUM(G38:G41) -> 0 | X17: =SUM(H38:H41) -> 1 | Y17: =SUM(I38:I41) -> 17 | Z17: =SUM(J38:J41) -> 3 | ... AF17: =SUM(P38:P41) -> 281
B18: 09.00 - 09.15 | C18: 35 | D18: 2 | E18: 7 | F18: 16 | G18: 0 | H18: 0 | I18: 5 | J18: 0 | K18: 0 | L18: 0 | M18: 90 | N18: 0 | O18: =SUM(C18:L18,N18) -> 65 | P18: =SUM(C18:N18) -> 155 | R18: 1500-1600 | S18: =SUM(C42:C45) -> 38 | T18: =SUM(D42:D45) -> 12 | U18: =SUM(E42:E45) -> 4 | V18: =SUM(F42:F45) -> 19 | W18: =SUM(G42:G45) -> 0 | X18: =SUM(H42:H45) -> 0 | Y18: =SUM(I42:I45) -> 16 | Z18: =SUM(J42:J45) -> 4 | ... AF18: =SUM(P42:P45) -> 238
B19: 09.15 - 09.30 | C19: 29 | D19: 3 | E19: 0 | F19: 13 | G19: 0 | H19: 0 | I19: 2 | J19: 3 | K19: 0 | L19: 0 | M19: 81 | N19: 0 | O19: =SUM(C19:L19,N19) -> 50 | P19: =SUM(C19:N19) -> 131 | R19: 1600-1700 | S19: =SUM(C46:C49) -> 40 | T19: =SUM(D46:D49) -> 8 | U19: =SUM(E46:E49) -> 7 | V19: =SUM(F46:F49) -> 15 | W19: =SUM(G46:G49) -> 0 | X19: =SUM(H46:H49) -> 0 | Y19: =SUM(I46:I49) -> 10 | Z19: =SUM(J46:J49) -> 5 | ... AF19: =SUM(P46:P49) -> 273
B20: 09.30 - 09.45 | C20: 38 | D20: 4 | E20: 4 | F20: 9 | G20: 0 | H20: 0 | I20: 2 | J20: 3 | K20: 0 | L20: 1 | M20: 67 | N20: 0 | O20: =SUM(C20:L20,N20) -> 61 | P20: =SUM(C20:N20) -> 128 | R20: 1700-1800 | S20: =SUM(C50:C53) -> 49 | T20: =SUM(D50:D53) -> 17 | U20: =SUM(E50:E53) -> 5 | V20: =SUM(F50:F53) -> 40 | W20: =SUM(G50:G53) -> 2 | X20: =SUM(H50:H53) -> 1 | Y20: =SUM(I50:I53) -> 10 | Z20: =SUM(J50:J53) -> 3 | ... AF20: =SUM(P50:P53) -> 366
B21: 09.45 - 10.00 | C21: 34 | D21: 4 | E21: 3 | F21: 13 | G21: 0 | H21: 0 | I21: 4 | J21: 0 | K21: 0 | L21: 0 | M21: 44 | N21: 0 | O21: =SUM(C21:L21,N21) -> 58 | P21: =SUM(C21:N21) -> 102 | R21: 1800-1900 | S21: =SUM(C54:C57) -> 48 | T21: =SUM(D54:D57) -> 14 | U21: =SUM(E54:E57) -> 3 | V21: =SUM(F54:F57) -> 54 | W21: =SUM(G54:G57) -> 1 | X21: =SUM(H54:H57) -> 1 | Y21: =SUM(I54:I57) -> 14 | Z21: =SUM(J54:J57) -> 1 | ... AF21: =SUM(P54:P57) -> 382
B22: 10.00 - 10.15 | C22: 26 | D22: 4 | E22: 5 | F22: 10 | G22: 1 | H22: 0 | I22: 4 | J22: 1 | K22: 0 | L22: 0 | M22: 63 | N22: 0 | O22: =SUM(C22:L22,N22) -> 51 | P22: =SUM(C22:N22) -> 114 | R22: AM Peak Hr | S22: =MAX(S10:S12) -> 289 | T22: =MAX(T10:T12) -> 18 | U22: =MAX(U10:U12) -> 24 | V22: =MAX(V10:V12) -> 127 | W22: =MAX(W10:W12) -> 1 | X22: =MAX(X10:X12) -> 0 | Y22: =MAX(Y10:Y12) -> 13 | Z22: =MAX(Z10:Z12) -> 6 | ... AF22: =MAX(AF10:AF12) -> 833
B23: 10.15 - 10.30 | C23: 18 | D23: 2 | E23: 1 | F23: 12 | G23: 0 | H23: 0 | I23: 5 | J23: 1 | K23: 1 | L23: 0 | M23: 29 | N23: 0 | O23: =SUM(C23:L23,N23) -> 40 | P23: =SUM(C23:N23) -> 69 | R23: IP Peak Hr | S23: =MAX(S13:S18) -> 62 | T23: =MAX(T13:T18) -> 20 | U23: =MAX(U13:U18) -> 12 | V23: =MAX(V13:V18) -> 38 | W23: =MAX(W13:W18) -> 1 | X23: =MAX(X13:X18) -> 1 | Y23: =MAX(Y13:Y18) -> 19 | Z23: =MAX(Z13:Z18) -> 7 | ... AF23: =MAX(AF13:AF18) -> 310
B24: 10.30 - 10.45 | C24: 9 | D24: 4 | E24: 2 | F24: 10 | G24: 0 | H24: 0 | I24: 5 | J24: 0 | K24: 0 | L24: 0 | M24: 40 | N24: 0 | O24: =SUM(C24:L24,N24) -> 30 | P24: =SUM(C24:N24) -> 70 | R24: PM Peak Hr | S24: =MAX(S19:S21) -> 49 | T24: =MAX(T19:T21) -> 17 | U24: =MAX(U19:U21) -> 7 | V24: =MAX(V19:V21) -> 54 | W24: =MAX(W19:W21) -> 2 | X24: =MAX(X19:X21) -> 1 | Y24: =MAX(Y19:Y21) -> 14 | Z24: =MAX(Z19:Z21) -> 5 | ... AF24: =MAX(AF19:AF21) -> 382
B25: 10.45 - 11.00 | C25: 9 | D25: 5 | E25: 4 | F25: 6 | G25: 0 | H25: 0 | I25: 1 | J25: 1 | K25: 0 | L25: 0 | M25: 31 | N25: 0 | O25: =SUM(C25:L25,N25) -> 26 | P25: =SUM(C25:N25) -> 57 | R25: AM Period | S25: =SUM(S10:S12) -> 577 | T25: =SUM(T10:T12) -> 45 | U25: =SUM(U10:U12) -> 53 | V25: =SUM(V10:V12) -> 231 | W25: =SUM(W10:W12) -> 1 | X25: =SUM(X10:X12) -> 0 | Y25: =SUM(Y10:Y12) -> 35 | Z25: =SUM(Z10:Z12) -> 12 | ... AF25: =SUM(AF10:AF12) -> 1978
B26: 11.00 - 11.15 | C26: 8 | D26: 4 | E26: 1 | F26: 5 | G26: 0 | H26: 0 | I26: 5 | J26: 0 | K26: 0 | L26: 0 | M26: 38 | N26: 0 | O26: =SUM(C26:L26,N26) -> 23 | P26: =SUM(C26:N26) -> 61 | R26: IP Period | S26: =SUM(S13:S18) -> 256 | T26: =SUM(T13:T18) -> 73 | U26: =SUM(U13:U18) -> 41 | V26: =SUM(V13:V18) -> 143 | W26: =SUM(W13:W18) -> 1 | X26: =SUM(X13:X18) -> 1 | Y26: =SUM(Y13:Y18) -> 95 | Z26: =SUM(Z13:Z18) -> 22 | ... AF26: =SUM(AF13:AF18) -> 1521
B27: 11.15 - 11.30 | C27: 7 | D27: 5 | E27: 4 | F27: 11 | G27: 0 | H27: 0 | I27: 4 | J27: 1 | K27: 4 | L27: 0 | M27: 33 | N27: 0 | O27: =SUM(C27:L27,N27) -> 36 | P27: =SUM(C27:N27) -> 69 | R27: PM Period | S27: =SUM(S19:S21) -> 137 | T27: =SUM(T19:T21) -> 39 | U27: =SUM(U19:U21) -> 15 | V27: =SUM(V19:V21) -> 109 | W27: =SUM(W19:W21) -> 3 | X27: =SUM(X19:X21) -> 2 | Y27: =SUM(Y19:Y21) -> 34 | Z27: =SUM(Z19:Z21) -> 9 | ... AF27: =SUM(AF19:AF21) -> 1021
B28: 11.30 - 11.45 | C28: 12 | D28: 4 | E28: 5 | F28: 6 | G28: 0 | H28: 0 | I28: 2 | J28: 0 | K28: 1 | L28: 0 | M28: 43 | N28: 0 | O28: =SUM(C28:L28,N28) -> 30 | P28: =SUM(C28:N28) -> 73 | R28: 12 Hours | S28: =SUM(S10:S21) -> 970 | T28: =SUM(T10:T21) -> 157 | U28: =SUM(U10:U21) -> 109 | V28: =SUM(V10:V21) -> 483 | W28: =SUM(W10:W21) -> 5 | X28: =SUM(X10:X21) -> 3 | Y28: =SUM(Y10:Y21) -> 164 | Z28: =SUM(Z10:Z21) -> 43 | ... AF28: =SUM(AF10:AF21) -> 4520
B29: 11.45 - 12.00 | C29: 7 | D29: 7 | E29: 2 | F29: 6 | G29: 0 | H29: 0 | I29: 3 | J29: 1 | K29: 1 | L29: 1 | M29: 41 | N29: 0 | O29: =SUM(C29:L29,N29) -> 28 | P29: =SUM(C29:N29) -> 69
B30: 12.00 - 12.15 | C30: 20 | D30: 6 | E30: 3 | F30: 5 | G30: 0 | H30: 0 | I30: 4 | J30: 5 | K30: 1 | L30: 0 | M30: 46 | N30: 0 | O30: =SUM(C30:L30,N30) -> 44 | P30: =SUM(C30:N30) -> 90
B31: 12.15 - 12.30 | C31: 14 | D31: 2 | E31: 0 | F31: 0 | G31: 0 | H31: 0 | I31: 4 | J31: 0 | K31: 0 | L31: 0 | M31: 32 | N31: 0 | O31: =SUM(C31:L31,N31) -> 20 | P31: =SUM(C31:N31) -> 52
B32: 12.30 - 12.45 | C32: 8 | D32: 2 | E32: 2 | F32: 6 | G32: 0 | H32: 0 | I32: 5 | J32: 1 | K32: 1 | L32: 0 | M32: 31 | N32: 0 | O32: =SUM(C32:L32,N32) -> 25 | P32: =SUM(C32:N32) -> 56
B33: 12.45 - 13.00 | C33: 8 | D33: 1 | E33: 1 | F33: 3 | G33: 0 | H33: 0 | I33: 6 | J33: 1 | K33: 0 | L33: 0 | M33: 22 | N33: 0 | O33: =SUM(C33:L33,N33) -> 20 | P33: =SUM(C33:N33) -> 42
B34: 13.00 - 13.15 | C34: 9 | D34: 4 | E34: 0 | F34: 4 | G34: 0 | H34: 0 | I34: 3 | J34: 0 | K34: 0 | L34: 0 | M34: 40 | N34: 0 | O34: =SUM(C34:L34,N34) -> 20 | P34: =SUM(C34:N34) -> 60
B35: 13.15 - 13.30 | C35: 6 | D35: 1 | E35: 1 | F35: 4 | G35: 0 | H35: 0 | I35: 4 | J35: 1 | K35: 0 | L35: 0 | M35: 30 | N35: 0 | O35: =SUM(C35:L35,N35) -> 17 | P35: =SUM(C35:N35) -> 47
B36: 13.30 - 13.45 | C36: 7 | D36: 1 | E36: 0 | F36: 7 | G36: 0 | H36: 0 | I36: 2 | J36: 1 | K36: 0 | L36: 0 | M36: 15 | N36: 0 | O36: =SUM(C36:L36,N36) -> 18 | P36: =SUM(C36:N36) -> 33
B37: 13.45 - 14.00 | C37: 13 | D37: 0 | E37: 1 | F37: 0 | G37: 0 | H37: 0 | I37: 5 | J37: 1 | K37: 0 | L37: 0 | M37: 20 | N37: 0 | O37: =SUM(C37:L37,N37) -> 20 | P37: =SUM(C37:N37) -> 40
B38: 14.00 - 14.15 | C38: 6 | D38: 4 | E38: 1 | F38: 12 | G38: 0 | H38: 1 | I38: 4 | J38: 1 | K38: 0 | L38: 0 | M38: 40 | N38: 0 | O38: =SUM(C38:L38,N38) -> 29 | P38: =SUM(C38:N38) -> 69
B39: 14.15 - 14.30 | C39: 9 | D39: 1 | E39: 2 | F39: 3 | G39: 0 | H39: 0 | I39: 6 | J39: 1 | K39: 1 | L39: 0 | M39: 47 | N39: 0 | O39: =SUM(C39:L39,N39) -> 23 | P39: =SUM(C39:N39) -> 70
B40: 14.30 - 14.45 | C40: 13 | D40: 3 | E40: 2 | F40: 8 | G40: 0 | H40: 0 | I40: 3 | J40: 1 | K40: 0 | L40: 0 | M40: 46 | N40: 0 | O40: =SUM(C40:L40,N40) -> 30 | P40: =SUM(C40:N40) -> 76
... B57: 18.45 - 19.00 | C57: 12 | D57: 5 | E57: 1 | F57: 14 | G57: 0 | H57: 0 | I57: 3 | J57: 1 | K57: 0 | L57: 0 | M57: 59 | N57: 0 | O57: =SUM(C57:L57,N57) -> 36 | P57: =SUM(C57:N57) -> 95
B58: Totals | C58: =SUM(C10:C57) -> 970 | D58: =SUM(D10:D57) -> 157 | E58: =SUM(E10:E57) -> 109 | F58: =SUM(F10:F57) -> 483 | G58: =SUM(G10:G57) -> 5 | H58: =SUM(H10:H57) -> 3 | I58: =SUM(I10:I57) -> 164 | J58: =SUM(J10:J57) -> 43 | ... P58: =SUM(P10:P57) -> 4520
B59: %ges + MCs | C59: =C58/$P$58 -> 0.21460177 | D59: =D58/$P$58 -> 0.034734513 | E59: =E58/$P$58 -> 0.024115044 | F59: =F58/$P$58 -> 0.10685841 | G59: =G58/$P$58 -> 0.0011061947 | H59: =H58/$P$58 -> 0.00066371681 | I59: =I58/$P$58 -> 0.036283186 | J59: =J58/$P$58 -> 0.0095132743 | ... N59: =N58/$P$58 -> 0
B60: %ges w/o MCs | C60: =C58/$O$58 -> 0.49667179 | D60: =D58/$O$58 -> 0.080389145 | E60: =E58/$O$58 -> 0.055811572 | F60: =F58/$O$58 -> 0.24731183 | G60: =G58/$O$58 -> 0.0025601639 | H60: =H58/$O$58 -> 0.0015360983 | I60: =I58/$O$58 -> 0.083973374 | J60: =J58/$O$58 -> 0.022017409 | ... L60: =L58/$O$58 -> 0.0030721966 | N60: =N58/$O$58 -> 0

Sheet 23.07 Sentema RBT-Sentema
B1: Consultancy services for Preparation of Expressway Development Master Plan (EDMP) for Uganda
B2: MANUAL CLASSIFIED COUNT (MCC)
B3: ROAD NAME: | C3: MCC - C1 - STN15 - SENTEMA ROAD
C5: Date | D5: 23.07.19 | F5: Location | G5: Ku roofings | J5: Surveyor | K5: Naido Grace
C6: Dir. From | D6: ='22.07 SentemaRBT-Sentema'!D6:E6 -> Sentema RBT | F6: Dir. To | G6: Sentema | J6: Supervisor | K6: Isaac
B8: Time / Veh Type | R8: SUMMARY TRAFFIC VOLUMES
C9: 1. Car | D9: 2. Station Wagon | E9: 3. Pickups | F9: 4. Minibus, matatu | G9: 5. Medium bus | H9: 6. Large Bus | I9: 7. Light Truck | J9: 8. Medium Truck | K9: 9. Heavy truck | L9: 10. Truck Trailer | M9: 11. Motor cycles | N9: 12. Tractors | O9: Total Excl M/Cycles | P9: Total All | R9: Time | S9: 1. Car | T9: 2. Station Wagon | U9: 3. Pickups | V9: 4. Minibus, matatu | W9: 5. Medium bus | X9: 6. Large Bus | Y9: 7. Light Truck | Z9: 8. Medium Truck | AA9: 9. Heavy truck | AB9: 10. Truck Trailer | AC9: 11. Motorcycles | AD9: 12. Tractors, Graders | AE9: Total Excl M/ Cycles | AF9: Total All
B10: 07.00 - 07.15 | C10: 9 | D10: 1 | E10: 1 | F10: 4 | G10: 0 | H10: 0 | I10: 2 | J10: 1 | K10: 0 | L10: 1 | M10: 26 | N10: 0 | O10: =SUM(C10:L10,N10) -> 19 | P10: =SUM(C10:N10) -> 45 | R10: 0700-0800 | S10: =SUM(C10:C13) -> 47 | T10: =SUM(D10:D13) -> 7 | U10: =SUM(E10:E13) -> 4 | V10: =SUM(F10:F13) -> 33 | W10: =SUM(G10:G13) -> 1 | X10: =SUM(H10:H13) -> 0 | Y10: =SUM(I10:I13) -> 6 | Z10: =SUM(J10:J13) -> 10 | ... AF10: =SUM(P10:P13) -> 234
B11: 07.15 - 07.30 | C11: 13 | D11: 5 | E11: 0 | F11: 11 | G11: 1 | H11: 0 | I11: 1 | J11: 3 | K11: 0 | L11: 0 | M11: 36 | N11: 0 | O11: =SUM(C11:L11,N11) -> 34 | P11: =SUM(C11:N11) -> 70 | R11: 0800-0900 | S11: =SUM(C14:C17) -> 28 | T11: =SUM(D14:D17) -> 9 | U11: =SUM(E14:E17) -> 2 | V11: =SUM(F14:F17) -> 55 | W11: =SUM(G14:G17) -> 0 | X11: =SUM(H14:H17) -> 0 | Y11: =SUM(I14:I17) -> 6 | Z11: =SUM(J14:J17) -> 5 | ... AF11: =SUM(P14:P17) -> 274
B12: 07.30 - 07.45 | C12: 15 | D12: 1 | E12: 2 | F12: 10 | G12: 0 | H12: 0 | I12: 1 | J12: 3 | K12: 0 | L12: 0 | M12: 36 | N12: 0 | O12: =SUM(C12:L12,N12) -> 32 | P12: =SUM(C12:N12) -> 68 | R12: 0900-1000 | S12: =SUM(C18:C21) -> 31 | T12: =SUM(D18:D21) -> 6 | U12: =SUM(E18:E21) -> 7 | V12: =SUM(F18:F21) -> 53 | W12: =SUM(G18:G21) -> 0 | X12: =SUM(H18:H21) -> 1 | Y12: =SUM(I18:I21) -> 7 | Z12: =SUM(J18:J21) -> 5 | ... AF12: =SUM(P18:P21) -> 300
B13: 07.45 - 08.00 | C13: 10 | D13: 0 | E13: 1 | F13: 8 | G13: 0 | H13: 0 | I13: 2 | J13: 3 | K13: 0 | L13: 0 | M13: 27 | N13: 0 | O13: =SUM(C13:L13,N13) -> 24 | P13: =SUM(C13:N13) -> 51 | R13: 1000-1100 | S13: =SUM(C22:C25) -> 29 | T13: =SUM(D22:D25) -> 4 | U13: =SUM(E22:E25) -> 13 | V13: =SUM(F22:F25) -> 29 | W13: =SUM(G22:G25) -> 0 | X13: =SUM(H22:H25) -> 2 | Y13: =SUM(I22:I25) -> 17 | Z13: =SUM(J22:J25) -> 3 | ... AF13: =SUM(P22:P25) -> 272
B14: 08.00 - 08.15 | C14: 6 | D14: 3 | E14: 1 | F14: 20 | G14: 0 | H14: 0 | I14: 1 | J14: 3 | K14: 0 | L14: 0 | M14: 38 | N14: 0 | O14: =SUM(C14:L14,N14) -> 34 | P14: =SUM(C14:N14) -> 72 | R14: 1100-1200 | S14: =SUM(C26:C29) -> 32 | T14: =SUM(D26:D29) -> 10 | U14: =SUM(E26:E29) -> 9 | V14: =SUM(F26:F29) -> 26 | W14: =SUM(G26:G29) -> 0 | X14: =SUM(H26:H29) -> 0 | Y14: =SUM(I26:I29) -> 12 | Z14: =SUM(J26:J29) -> 9 | ... AF14: =SUM(P26:P29) -> 289
B15: 08.15 - 08.30 | C15: 7 | D15: 1 | E15: 0 | F15: 14 | G15: 0 | H15: 0 | I15: 0 | J15: 0 | K15: 0 | L15: 0 | M15: 39 | N15: 0 | O15: =SUM(C15:L15,N15) -> 22 | P15: =SUM(C15:N15) -> 61 | R15: 1200-1300 | S15: =SUM(C30:C33) -> 29 | T15: =SUM(D30:D33) -> 2 | U15: =SUM(E30:E33) -> 8 | V15: =SUM(F30:F33) -> 17 | W15: =SUM(G30:G33) -> 1 | X15: =SUM(H30:H33) -> 0 | Y15: =SUM(I30:I33) -> 14 | Z15: =SUM(J30:J33) -> 4 | ... AF15: =SUM(P30:P33) -> 266
B16: 08.30 - 08.45 | C16: 5 | D16: 1 | E16: 0 | F16: 10 | G16: 0 | H16: 0 | I16: 1 | J16: 1 | K16: 0 | L16: 0 | M16: 47 | N16: 0 | O16: =SUM(C16:L16,N16) -> 18 | P16: =SUM(C16:N16) -> 65 | R16: 1300-1400 | S16: =SUM(C34:C37) -> 39 | T16: =SUM(D34:D37) -> 4 | U16: =SUM(E34:E37) -> 5 | V16: =SUM(F34:F37) -> 25 | W16: =SUM(G34:G37) -> 1 | X16: =SUM(H34:H37) -> 0 | Y16: =SUM(I34:I37) -> 14 | Z16: =SUM(J34:J37) -> 4 | ... AF16: =SUM(P34:P37) -> 267
B17: 08.45 - 9.00 | C17: 10 | D17: 4 | E17: 1 | F17: 11 | G17: 0 | H17: 0 | I17: 4 | J17: 1 | K17: 1 | L17: 1 | M17: 43 | N17: 0 | O17: =SUM(C17:L17,N17) -> 33 | P17: =SUM(C17:N17) -> 76 | R17: 1400-1500 | S17: =SUM(C38:C41) -> 44 | T17: =SUM(D38:D41) -> 4 | U17: =SUM(E38:E41) -> 12 | V17: =SUM(F38:F41) -> 23 | W17: =SUM(G38:G41) -> 0 | X17: =SUM(H38:H41) -> 1 | Y17: =SUM(I38:I41) -> 12 | Z17: =SUM(J38:J41) -> 0 | ... AF17: =SUM(P38:P41) -> 257
B18: 09.00 - 09.15 | C18: 7 | D18: 1 | E18: 2 | F18: 17 | G18: 0 | H18: 0 | I18: 2 | J18: 2 | K18: 1 | L18: 1 | M18: 12 | N18: 0 | O18: =SUM(C18:L18,N18) -> 33 | P18: =SUM(C18:N18) -> 45 | R18: 1500-1600 | S18: =SUM(C42:C45) -> 35 | T18: =SUM(D42:D45) -> 8 | U18: =SUM(E42:E45) -> 11 | V18: =SUM(F42:F45) -> 28 | W18: =SUM(G42:G45) -> 0 | X18: =SUM(H42:H45) -> 0 | Y18: =SUM(I42:I45) -> 18 | Z18: =SUM(J42:J45) -> 3 | ... AF18: =SUM(P42:P45) -> 241
B19: 09.15 - 09.30 | C19: 9 | D19: 2 | E19: 2 | F19: 9 | G19: 0 | H19: 0 | I19: 1 | J19: 2 | K19: 0 | L19: 0 | M19: 60 | N19: 0 | O19: =SUM(C19:L19,N19) -> 25 | P19: =SUM(C19:N19) -> 85 | R19: 1600-1700 | S19: =SUM(C46:C49) -> 61 | T19: =SUM(D46:D49) -> 14 | U19: =SUM(E46:E49) -> 8 | V19: =SUM(F46:F49) -> 27 | W19: =SUM(G46:G49) -> 1 | X19: =SUM(H46:H49) -> 0 | Y19: =SUM(I46:I49) -> 11 | Z19: =SUM(J46:J49) -> 2 | ... AF19: =SUM(P46:P49) -> 279
B20: 09.30 - 09.45 | C20: 12 | D20: 1 | E20: 2 | F20: 10 | G20: 0 | H20: 1 | I20: 4 | J20: 1 | K20: 0 | L20: 0 | M20: 62 | N20: 0 | O20: =SUM(C20:L20,N20) -> 31 | P20: =SUM(C20:N20) -> 93 | R20: 1700-1800 | S20: =SUM(C50:C53) -> 107 | T20: =SUM(D50:D53) -> 20 | U20: =SUM(E50:E53) -> 8 | V20: =SUM(F50:F53) -> 39 | W20: =SUM(G50:G53) -> 0 | X20: =SUM(H50:H53) -> 0 | Y20: =SUM(I50:I53) -> 7 | Z20: =SUM(J50:J53) -> 0 | ... AF20: =SUM(P50:P53) -> 388
B21: 09.45 - 10.00 | C21: 3 | D21: 2 | E21: 1 | F21: 17 | G21: 0 | H21: 0 | I21: 0 | J21: 0 | K21: 0 | L21: 2 | M21: 52 | N21: 0 | O21: =SUM(C21:L21,N21) -> 25 | P21: =SUM(C21:N21) -> 77 | R21: 1800-1900 | S21: =SUM(C54:C57) -> 133 | T21: =SUM(D54:D57) -> 17 | U21: =SUM(E54:E57) -> 11 | V21: =SUM(F54:F57) -> 52 | W21: =SUM(G54:G57) -> 0 | X21: =SUM(H54:H57) -> 0 | Y21: =SUM(I54:I57) -> 15 | Z21: =SUM(J54:J57) -> 1 | ... AF21: =SUM(P54:P57) -> 469
B22: 10.00 - 10.15 | C22: 4 | D22: 2 | E22: 1 | F22: 10 | G22: 0 | H22: 2 | I22: 5 | J22: 0 | K22: 0 | L22: 2 | M22: 35 | N22: 0 | O22: =SUM(C22:L22,N22) -> 26 | P22: =SUM(C22:N22) -> 61 | R22: AM Peak Hr | S22: =MAX(S10:S12) -> 47 | T22: =MAX(T10:T12) -> 9 | U22: =MAX(U10:U12) -> 7 | V22: =MAX(V10:V12) -> 55 | W22: =MAX(W10:W12) -> 1 | X22: =MAX(X10:X12) -> 1 | Y22: =MAX(Y10:Y12) -> 7 | Z22: =MAX(Z10:Z12) -> 10 | ... AF22: =MAX(AF10:AF12) -> 300
B23: 10.15 - 10.30 | C23: 8 | D23: 1 | E23: 4 | F23: 9 | G23: 0 | H23: 0 | I23: 4 | J23: 1 | K23: 0 | L23: 0 | M23: 41 | N23: 0 | O23: =SUM(C23:L23,N23) -> 27 | P23: =SUM(C23:N23) -> 68 | R23: IP Peak Hr | S23: =MAX(S13:S18) -> 44 | T23: =MAX(T13:T18) -> 10 | U23: =MAX(U13:U18) -> 13 | V23: =MAX(V13:V18) -> 29 | W23: =MAX(W13:W18) -> 1 | X23: =MAX(X13:X18) -> 2 | Y23: =MAX(Y13:Y18) -> 18 | Z23: =MAX(Z13:Z18) -> 9 | ... AF23: =MAX(AF13:AF18) -> 289
B24: 10.30 - 10.45 | C24: 5 | D24: 1 | E24: 3 | F24: 6 | G24: 0 | H24: 0 | I24: 5 | J24: 0 | K24: 0 | L24: 1 | M24: 56 | N24: 0 | O24: =SUM(C24:L24,N24) -> 21 | P24: =SUM(C24:N24) -> 77 | R24: PM Peak Hr | S24: =MAX(S19:S21) -> 133 | T24: =MAX(T19:T21) -> 20 | U24: =MAX(U19:U21) -> 11 | V24: =MAX(V19:V21) -> 52 | W24: =MAX(W19:W21) -> 1 | X24: =MAX(X19:X21) -> 0 | Y24: =MAX(Y19:Y21) -> 15 | Z24: =MAX(Z19:Z21) -> 2 | ... AF24: =MAX(AF19:AF21) -> 469
B25: 10.45 - 11.00 | C25: 12 | D25: 0 | E25: 5 | F25: 4 | G25: 0 | H25: 0 | I25: 3 | J25: 2 | K25: 0 | L25: 1 | M25: 39 | N25: 0 | O25: =SUM(C25:L25,N25) -> 27 | P25: =SUM(C25:N25) -> 66 | R25: AM Period | S25: =SUM(S10:S12) -> 106 | T25: =SUM(T10:T12) -> 22 | U25: =SUM(U10:U12) -> 13 | V25: =SUM(V10:V12) -> 141 | W25: =SUM(W10:W12) -> 1 | X25: =SUM(X10:X12) -> 1 | Y25: =SUM(Y10:Y12) -> 19 | Z25: =SUM(Z10:Z12) -> 20 | ... AF25: =SUM(AF10:AF12) -> 808
B26: 11.00 - 11.15 | C26: 8 | D26: 2 | E26: 0 | F26: 6 | G26: 0 | H26: 0 | I26: 3 | J26: 4 | K26: 0 | L26: 0 | M26: 45 | N26: 0 | O26: =SUM(C26:L26,N26) -> 23 | P26: =SUM(C26:N26) -> 68 | R26: IP Period | S26: =SUM(S13:S18) -> 208 | T26: =SUM(T13:T18) -> 32 | U26: =SUM(U13:U18) -> 58 | V26: =SUM(V13:V18) -> 148 | W26: =SUM(W13:W18) -> 2 | X26: =SUM(X13:X18) -> 3 | Y26: =SUM(Y13:Y18) -> 87 | Z26: =SUM(Z13:Z18) -> 23 | ... AF26: =SUM(AF13:AF18) -> 1592
B27: 11.15 - 11.30 | C27: 10 | D27: 1 | E27: 3 | F27: 9 | G27: 0 | H27: 0 | I27: 2 | J27: 2 | K27: 0 | L27: 0 | M27: 48 | N27: 0 | O27: =SUM(C27:L27,N27) -> 27 | P27: =SUM(C27:N27) -> 75 | R27: PM Period | S27: =SUM(S19:S21) -> 301 | T27: =SUM(T19:T21) -> 51 | U27: =SUM(U19:U21) -> 27 | V27: =SUM(V19:V21) -> 118 | W27: =SUM(W19:W21) -> 1 | X27: =SUM(X19:X21) -> 0 | Y27: =SUM(Y19:Y21) -> 33 | Z27: =SUM(Z19:Z21) -> 3 | ... AF27: =SUM(AF19:AF21) -> 1136
B28: 11.30 - 11.45 | C28: 9 | D28: 3 | E28: 3 | F28: 6 | G28: 0 | H28: 0 | I28: 3 | J28: 1 | K28: 1 | L28: 0 | M28: 51 | N28: 0 | O28: =SUM(C28:L28,N28) -> 26 | P28: =SUM(C28:N28) -> 77 | R28: 12 Hours | S28: =SUM(S10:S21) -> 615 | T28: =SUM(T10:T21) -> 105 | U28: =SUM(U10:U21) -> 98 | V28: =SUM(V10:V21) -> 407 | W28: =SUM(W10:W21) -> 4 | X28: =SUM(X10:X21) -> 4 | Y28: =SUM(Y10:Y21) -> 139 | Z28: =SUM(Z10:Z21) -> 46 | ... AF28: =SUM(AF10:AF21) -> 3536
B29: 11.45 - 12.00 | C29: 5 | D29: 4 | E29: 3 | F29: 5 | G29: 0 | H29: 0 | I29: 4 | J29: 2 | K29: 1 | L29: 0 | M29: 45 | N29: 0 | O29: =SUM(C29:L29,N29) -> 24 | P29: =SUM(C29:N29) -> 69
B30: 12.00 - 12.15 | C30: 3 | D30: 1 | E30: 4 | F30: 5 | G30: 0 | H30: 0 | I30: 6 | J30: 0 | K30: 0 | L30: 0 | M30: 42 | N30: 0 | O30: =SUM(C30:L30,N30) -> 19 | P30: =SUM(C30:N30) -> 61
B31: 12.15 - 12.30 | C31: 8 | D31: 0 | E31: 0 | F31: 8 | G31: 0 | H31: 0 | I31: 4 | J31: 2 | K31: 0 | L31: 0 | M31: 60 | N31: 0 | O31: =SUM(C31:L31,N31) -> 22 | P31: =SUM(C31:N31) -> 82
B32: 12.30 - 12.45 | C32: 9 | D32: 1 | E32: 1 | F32: 2 | G32: 0 | H32: 0 | I32: 0 | J32: 0 | K32: 0 | L32: 0 | M32: 40 | N32: 0 | O32: =SUM(C32:L32,N32) -> 13 | P32: =SUM(C32:N32) -> 53
B33: 12.45 - 13.00 | C33: 9 | D33: 0 | E33: 3 | F33: 2 | G33: 1 | H33: 0 | I33: 4 | J33: 2 | K33: 0 | L33: 0 | M33: 49 | N33: 0 | O33: =SUM(C33:L33,N33) -> 21 | P33: =SUM(C33:N33) -> 70
B34: 13.00 - 13.15 | C34: 7 | D34: 0 | E34: 3 | F34: 7 | G34: 0 | H34: 0 | I34: 6 | J34: 2 | K34: 0 | L34: 2 | M34: 51 | N34: 0 | O34: =SUM(C34:L34,N34) -> 27 | P34: =SUM(C34:N34) -> 78
B35: 13.15 - 13.30 | C35: 7 | D35: 2 | E35: 0 | F35: 5 | G35: 1 | H35: 0 | I35: 1 | J35: 1 | K35: 0 | L35: 0 | M35: 48 | N35: 0 | O35: =SUM(C35:L35,N35) -> 17 | P35: =SUM(C35:N35) -> 65
B36: 13.30 - 13.45 | C36: 20 | D36: 0 | E36: 1 | F36: 5 | G36: 0 | H36: 0 | I36: 7 | J36: 0 | K36: 0 | L36: 0 | M36: 41 | N36: 0 | O36: =SUM(C36:L36,N36) -> 33 | P36: =SUM(C36:N36) -> 74
B37: 13.45 - 14.00 | C37: 5 | D37: 2 | E37: 1 | F37: 8 | G37: 0 | H37: 0 | I37: 0 | J37: 1 | K37: 1 | L37: 2 | M37: 30 | N37: 0 | O37: =SUM(C37:L37,N37) -> 20 | P37: =SUM(C37:N37) -> 50
B38: 14.00 - 14.15 | C38: 11 | D38: 0 | E38: 4 | F38: 4 | G38: 0 | H38: 1 | I38: 3 | J38: 0 | K38: 0 | L38: 0 | M38: 39 | N38: 0 | O38: =SUM(C38:L38,N38) -> 23 | P38: =SUM(C38:N38) -> 62
B39: 14.15 - 14.30 | C39: 13 | D39: 1 | E39: 4 | F39: 9 | G39: 0 | H39: 0 | I39: 3 | J39: 0 | K39: 0 | L39: 0 | M39: 47 | N39: 0 | O39: =SUM(C39:L39,N39) -> 30 | P39: =SUM(C39:N39) -> 77
B40: 14.30 - 14.45 | C40: 9 | D40: 1 | E40: 1 | F40: 5 | G40: 0 | H40: 0 | I40: 3 | J40: 0 | K40: 0 | L40: 0 | M40: 39 | N40: 0 | O40: =SUM(C40:L40,N40) -> 19 | P40: =SUM(C40:N40) -> 58
... B57: 18.45 - 19.00 | C57: 29 | D57: 3 | E57: 2 | F57: 13 | G57: 0 | H57: 0 | I57: 6 | J57: 0 | K57: 1 | L57: 0 | M57: 59 | N57: 0 | O57: =SUM(C57:L57,N57) -> 54 | P57: =SUM(C57:N57) -> 113
B58: Totals | C58: =SUM(C10:C57) -> 615 | D58: =SUM(D10:D57) -> 105 | E58: =SUM(E10:E57) -> 98 | F58: =SUM(F10:F57) -> 407 | G58: =SUM(G10:G57) -> 4 | H58: =SUM(H10:H57) -> 4 | I58: =SUM(I10:I57) -> 139 | J58: =SUM(J10:J57) -> 46 | ... P58: =SUM(P10:P57) -> 3536
B59: %ges + MCs | C59: =C58/$P$58 -> 0.17392534 | D59: =D58/$P$58 -> 0.02969457 | E59: =E58/$P$58 -> 0.027714932 | F59: =F58/$P$58 -> 0.11510181 | G59: =G58/$P$58 -> 0.0011312217 | H59: =H58/$P$58 -> 0.0011312217 | I59: =I58/$P$58 -> 0.039309955 | J59: =J58/$P$58 -> 0.01300905 | ... N59: =N58/$P$58 -> 0
B60: %ges w/o MCs | C60: =C58/$O$58 -> 0.4253112 | D60: =D58/$O$58 -> 0.072614108 | E60: =E58/$O$58 -> 0.067773167 | F60: =F58/$O$58 -> 0.28146611 | G60: =G58/$O$58 -> 0.0027662517 | H60: =H58/$O$58 -> 0.0027662517 | I60: =I58/$O$58 -> 0.096127248 | J60: =J58/$O$58 -> 0.031811895 | ... L60: =L58/$O$58 -> 0.010373444 | N60: =N58/$O$58 -> 0

Sheet 23.07 Sentema-Sentema RBT
B1: Consultancy services for Preparation of Expressway Development Master Plan (EDMP) for Uganda
B2: MANUAL CLASSIFIED COUNT (MCC)
B3: ROAD NAME: | C3: MCC - C1 - STN15 - SENTEMA ROAD
C5: Date | D5: ='23.07 Sentema RBT-Sentema'!D5 -> 23.07.19 | F5: Location | G5: Ku roofings | J5: Surveyor | K5: Ngugo Hamuza
C6: Dir. From | D6: Sentema | F6: Dir. To | G6: ='22.07 Sentema-Sentema RBT'!G6:H6 -> Sentema RBT | J6: Supervisor | K6: Isaac
B8: Time / Veh Type | R8: SUMMARY TRAFFIC VOLUMES
C9: 1. Car | D9: 2. Station Wagon | E9: 3. Pickups | F9: 4. Minibus, matatu | G9: 5. Medium bus | H9: 6. Large Bus | I9: 7. Light Truck | J9: 8. Medium Truck | K9: 9. Heavy truck | L9: 10. Truck Trailer | M9: 11. Motor cycles | N9: 12. Tractors | O9: Total Excl M/Cycles | P9: Total All | R9: Time | S9: 1. Car | T9: 2. Station Wagon | U9: 3. Pickups | V9: 4. Minibus, matatu | W9: 5. Medium bus | X9: 6. Large Bus | Y9: 7. Light Truck | Z9: 8. Medium Truck | AA9: 9. Heavy truck | AB9: 10. Truck Trailer | AC9: 11. Motorcycles | AD9: 12. Tractors, Graders | AE9: Total Excl M/ Cycles | AF9: Total All
B10: 07.00 - 07.15 | C10: 70 | D10: 6 | E10: 2 | F10: 26 | G10: 0 | H10: 0 | I10: 1 | J10: 1 | K10: 2 | L10: 1 | M10: 95 | N10: 0 | O10: =SUM(C10:L10,N10) -> 109 | P10: =SUM(C10:N10) -> 204 | R10: 0700-0800 | S10: =SUM(C10:C13) -> 270 | T10: =SUM(D10:D13) -> 13 | U10: =SUM(E10:E13) -> 20 | V10: =SUM(F10:F13) -> 100 | W10: =SUM(G10:G13) -> 0 | X10: =SUM(H10:H13) -> 0 | Y10: =SUM(I10:I13) -> 6 | Z10: =SUM(J10:J13) -> 2 | ... AF10: =SUM(P10:P13) -> 783
B11: 07.15 - 07.30 | C11: 76 | D11: 1 | E11: 7 | F11: 21 | G11: 0 | H11: 0 | I11: 2 | J11: 0 | K11: 0 | L11: 0 | M11: 85 | N11: 0 | O11: =SUM(C11:L11,N11) -> 107 | P11: =SUM(C11:N11) -> 192 | R11: 0800-0900 | S11: =SUM(C14:C17) -> 179 | T11: =SUM(D14:D17) -> 24 | U11: =SUM(E14:E17) -> 16 | V11: =SUM(F14:F17) -> 111 | W11: =SUM(G14:G17) -> 0 | X11: =SUM(H14:H17) -> 0 | Y11: =SUM(I14:I17) -> 11 | Z11: =SUM(J14:J17) -> 9 | ... AF11: =SUM(P14:P17) -> 690
B12: 07.30 - 07.45 | C12: 68 | D12: 5 | E12: 6 | F12: 30 | G12: 0 | H12: 0 | I12: 3 | J12: 0 | K12: 0 | L12: 0 | M12: 111 | N12: 0 | O12: =SUM(C12:L12,N12) -> 112 | P12: =SUM(C12:N12) -> 223 | R12: 0900-1000 | S12: =SUM(C18:C21) -> 116 | T12: =SUM(D18:D21) -> 17 | U12: =SUM(E18:E21) -> 19 | V12: =SUM(F18:F21) -> 59 | W12: =SUM(G18:G21) -> 0 | X12: =SUM(H18:H21) -> 0 | Y12: =SUM(I18:I21) -> 10 | Z12: =SUM(J18:J21) -> 8 | ... AF12: =SUM(P18:P21) -> 473
B13: 07.45 - 08.00 | C13: 56 | D13: 1 | E13: 5 | F13: 23 | G13: 0 | H13: 0 | I13: 0 | J13: 1 | K13: 0 | L13: 0 | M13: 78 | N13: 0 | O13: =SUM(C13:L13,N13) -> 86 | P13: =SUM(C13:N13) -> 164 | R13: 1000-1100 | S13: =SUM(C22:C25) -> 69 | T13: =SUM(D22:D25) -> 6 | U13: =SUM(E22:E25) -> 13 | V13: =SUM(F22:F25) -> 40 | W13: =SUM(G22:G25) -> 0 | X13: =SUM(H22:H25) -> 0 | Y13: =SUM(I22:I25) -> 13 | Z13: =SUM(J22:J25) -> 12 | ... AF13: =SUM(P22:P25) -> 364
B14: 08.00 - 08.15 | C14: 68 | D14: 5 | E14: 7 | F14: 37 | G14: 0 | H14: 0 | I14: 3 | J14: 5 | K14: 1 | L14: 0 | M14: 112 | N14: 0 | O14: =SUM(C14:L14,N14) -> 126 | P14: =SUM(C14:N14) -> 238 | R14: 1100-1200 | S14: =SUM(C26:C29) -> 65 | T14: =SUM(D26:D29) -> 8 | U14: =SUM(E26:E29) -> 12 | V14: =SUM(F26:F29) -> 32 | W14: =SUM(G26:G29) -> 1 | X14: =SUM(H26:H29) -> 1 | Y14: =SUM(I26:I29) -> 7 | Z14: =SUM(J26:J29) -> 11 | ... AF14: =SUM(P26:P29) -> 403
B15: 08.15 - 08.30 | C15: 37 | D15: 7 | E15: 6 | F15: 37 | G15: 0 | H15: 0 | I15: 2 | J15: 2 | K15: 0 | L15: 0 | M15: 73 | N15: 0 | O15: =SUM(C15:L15,N15) -> 91 | P15: =SUM(C15:N15) -> 164 | R15: 1200-1300 | S15: =SUM(C30:C33) -> 41 | T15: =SUM(D30:D33) -> 8 | U15: =SUM(E30:E33) -> 11 | V15: =SUM(F30:F33) -> 27 | W15: =SUM(G30:G33) -> 0 | X15: =SUM(H30:H33) -> 1 | Y15: =SUM(I30:I33) -> 8 | Z15: =SUM(J30:J33) -> 9 | ... AF15: =SUM(P30:P33) -> 308
B16: 08.30 - 08.45 | C16: 39 | D16: 5 | E16: 2 | F16: 21 | G16: 0 | H16: 0 | I16: 2 | J16: 1 | K16: 0 | L16: 0 | M16: 62 | N16: 0 | O16: =SUM(C16:L16,N16) -> 70 | P16: =SUM(C16:N16) -> 132 | R16: 1300-1400 | S16: =SUM(C34:C37) -> 46 | T16: =SUM(D34:D37) -> 3 | U16: =SUM(E34:E37) -> 10 | V16: =SUM(F34:F37) -> 19 | W16: =SUM(G34:G37) -> 0 | X16: =SUM(H34:H37) -> 0 | Y16: =SUM(I34:I37) -> 18 | Z16: =SUM(J34:J37) -> 13 | ... AF16: =SUM(P34:P37) -> 308
B17: 08.45 - 9.00 | C17: 35 | D17: 7 | E17: 1 | F17: 16 | G17: 0 | H17: 0 | I17: 4 | J17: 1 | K17: 1 | L17: 0 | M17: 91 | N17: 0 | O17: =SUM(C17:L17,N17) -> 65 | P17: =SUM(C17:N17) -> 156 | R17: 1400-1500 | S17: =SUM(C38:C41) -> 50 | T17: =SUM(D38:D41) -> 5 | U17: =SUM(E38:E41) -> 13 | V17: =SUM(F38:F41) -> 24 | W17: =SUM(G38:G41) -> 1 | X17: =SUM(H38:H41) -> 0 | Y17: =SUM(I38:I41) -> 7 | Z17: =SUM(J38:J41) -> 8 | ... AF17: =SUM(P38:P41) -> 312
B18: 09.00 - 09.15 | C18: 28 | D18: 7 | E18: 7 | F18: 13 | G18: 0 | H18: 0 | I18: 1 | J18: 1 | K18: 0 | L18: 0 | M18: 76 | N18: 0 | O18: =SUM(C18:L18,N18) -> 57 | P18: =SUM(C18:N18) -> 133 | R18: 1500-1600 | S18: =SUM(C42:C45) -> 40 | T18: =SUM(D42:D45) -> 5 | U18: =SUM(E42:E45) -> 6 | V18: =SUM(F42:F45) -> 24 | W18: =SUM(G42:G45) -> 0 | X18: =SUM(H42:H45) -> 0 | Y18: =SUM(I42:I45) -> 15 | Z18: =SUM(J42:J45) -> 6 | ... AF18: =SUM(P42:P45) -> 261
B19: 09.15 - 09.30 | C19: 40 | D19: 1 | E19: 5 | F19: 18 | G19: 0 | H19: 0 | I19: 3 | J19: 2 | K19: 0 | L19: 0 | M19: 72 | N19: 0 | O19: =SUM(C19:L19,N19) -> 69 | P19: =SUM(C19:N19) -> 141 | R19: 1600-1700 | S19: =SUM(C46:C49) -> 43 | T19: =SUM(D46:D49) -> 6 | U19: =SUM(E46:E49) -> 11 | V19: =SUM(F46:F49) -> 23 | W19: =SUM(G46:G49) -> 1 | X19: =SUM(H46:H49) -> 1 | Y19: =SUM(I46:I49) -> 12 | Z19: =SUM(J46:J49) -> 3 | ... AF19: =SUM(P46:P49) -> 322
B20: 09.30 - 09.45 | C20: 17 | D20: 5 | E20: 2 | F20: 14 | G20: 0 | H20: 0 | I20: 3 | J20: 2 | K20: 1 | L20: 0 | M20: 58 | N20: 0 | O20: =SUM(C20:L20,N20) -> 44 | P20: =SUM(C20:N20) -> 102 | R20: 1700-1800 | S20: =SUM(C50:C53) -> 61 | T20: =SUM(D50:D53) -> 9 | U20: =SUM(E50:E53) -> 8 | V20: =SUM(F50:F53) -> 29 | W20: =SUM(G50:G53) -> 1 | X20: =SUM(H50:H53) -> 0 | Y20: =SUM(I50:I53) -> 8 | Z20: =SUM(J50:J53) -> 3 | ... AF20: =SUM(P50:P53) -> 359
B21: 09.45 - 10.00 | C21: 31 | D21: 4 | E21: 5 | F21: 14 | G21: 0 | H21: 0 | I21: 3 | J21: 3 | K21: 0 | L21: 0 | M21: 37 | N21: 0 | O21: =SUM(C21:L21,N21) -> 60 | P21: =SUM(C21:N21) -> 97 | R21: 1800-1900 | S21: =SUM(C54:C57) -> 47 | T21: =SUM(D54:D57) -> 6 | U21: =SUM(E54:E57) -> 9 | V21: =SUM(F54:F57) -> 48 | W21: =SUM(G54:G57) -> 1 | X21: =SUM(H54:H57) -> 1 | Y21: =SUM(I54:I57) -> 11 | Z21: =SUM(J54:J57) -> 0 | ... AF21: =SUM(P54:P57) -> 307
B22: 10.00 - 10.15 | C22: 9 | D22: 3 | E22: 3 | F22: 10 | G22: 0 | H22: 0 | I22: 3 | J22: 2 | K22: 0 | L22: 0 | M22: 44 | N22: 0 | O22: =SUM(C22:L22,N22) -> 30 | P22: =SUM(C22:N22) -> 74 | R22: AM Peak Hr | S22: =MAX(S10:S12) -> 270 | T22: =MAX(T10:T12) -> 24 | U22: =MAX(U10:U12) -> 20 | V22: =MAX(V10:V12) -> 111 | W22: =MAX(W10:W12) -> 0 | X22: =MAX(X10:X12) -> 0 | Y22: =MAX(Y10:Y12) -> 11 | Z22: =MAX(Z10:Z12) -> 9 | ... AF22: =MAX(AF10:AF12) -> 783
B23: 10.15 - 10.30 | C23: 21 | D23: 0 | E23: 6 | F23: 13 | G23: 0 | H23: 0 | I23: 3 | J23: 5 | K23: 0 | L23: 0 | M23: 61 | N23: 0 | O23: =SUM(C23:L23,N23) -> 48 | P23: =SUM(C23:N23) -> 109 | R23: IP Peak Hr | S23: =MAX(S13:S18) -> 69 | T23: =MAX(T13:T18) -> 8 | U23: =MAX(U13:U18) -> 13 | V23: =MAX(V13:V18) -> 40 | W23: =MAX(W13:W18) -> 1 | X23: =MAX(X13:X18) -> 1 | Y23: =MAX(Y13:Y18) -> 18 | Z23: =MAX(Z13:Z18) -> 13 | ... AF23: =MAX(AF13:AF18) -> 403
B24: 10.30 - 10.45 | C24: 23 | D24: 2 | E24: 2 | F24: 10 | G24: 0 | H24: 0 | I24: 2 | J24: 2 | K24: 1 | L24: 1 | M24: 61 | N24: 0 | O24: =SUM(C24:L24,N24) -> 43 | P24: =SUM(C24:N24) -> 104 | R24: PM Peak Hr | S24: =MAX(S19:S21) -> 61 | T24: =MAX(T19:T21) -> 9 | U24: =MAX(U19:U21) -> 11 | V24: =MAX(V19:V21) -> 48 | W24: =MAX(W19:W21) -> 1 | X24: =MAX(X19:X21) -> 1 | Y24: =MAX(Y19:Y21) -> 12 | Z24: =MAX(Z19:Z21) -> 3 | ... AF24: =MAX(AF19:AF21) -> 359
B25: 10.45 - 11.00 | C25: 16 | D25: 1 | E25: 2 | F25: 7 | G25: 0 | H25: 0 | I25: 5 | J25: 3 | K25: 1 | L25: 42 | M25: 0 | N25: 0 | O25: =SUM(C25:L25,N25) -> 77 | P25: =SUM(C25:N25) -> 77 | R25: AM Period | S25: =SUM(S10:S12) -> 565 | T25: =SUM(T10:T12) -> 54 | U25: =SUM(U10:U12) -> 55 | V25: =SUM(V10:V12) -> 270 | W25: =SUM(W10:W12) -> 0 | X25: =SUM(X10:X12) -> 0 | Y25: =SUM(Y10:Y12) -> 27 | Z25: =SUM(Z10:Z12) -> 19 | ... AF25: =SUM(AF10:AF12) -> 1946
B26: 11.00 - 11.15 | C26: 19 | D26: 2 | E26: 3 | F26: 7 | G26: 0 | H26: 0 | I26: 3 | J26: 2 | K26: 0 | L26: 1 | M26: 52 | N26: 0 | O26: =SUM(C26:L26,N26) -> 37 | P26: =SUM(C26:N26) -> 89 | R26: IP Period | S26: =SUM(S13:S18) -> 311 | T26: =SUM(T13:T18) -> 35 | U26: =SUM(U13:U18) -> 65 | V26: =SUM(V13:V18) -> 166 | W26: =SUM(W13:W18) -> 2 | X26: =SUM(X13:X18) -> 2 | Y26: =SUM(Y13:Y18) -> 68 | Z26: =SUM(Z13:Z18) -> 59 | ... AF26: =SUM(AF13:AF18) -> 1956
B27: 11.15 - 11.30 | C27: 11 | D27: 0 | E27: 1 | F27: 12 | G27: 1 | H27: 0 | I27: 0 | J27: 5 | K27: 0 | L27: 0 | M27: 83 | N27: 0 | O27: =SUM(C27:L27,N27) -> 30 | P27: =SUM(C27:N27) -> 113 | R27: PM Period | S27: =SUM(S19:S21) -> 151 | T27: =SUM(T19:T21) -> 21 | U27: =SUM(U19:U21) -> 28 | V27: =SUM(V19:V21) -> 100 | W27: =SUM(W19:W21) -> 3 | X27: =SUM(X19:X21) -> 2 | Y27: =SUM(Y19:Y21) -> 31 | Z27: =SUM(Z19:Z21) -> 6 | ... AF27: =SUM(AF19:AF21) -> 988
B28: 11.30 - 11.45 | C28: 13 | D28: 3 | E28: 6 | F28: 4 | G28: 0 | H28: 0 | I28: 3 | J28: 2 | K28: 0 | L28: 0 | M28: 62 | N28: 0 | O28: =SUM(C28:L28,N28) -> 31 | P28: =SUM(C28:N28) -> 93 | R28: 12 Hours | S28: =SUM(S10:S21) -> 1027 | T28: =SUM(T10:T21) -> 110 | U28: =SUM(U10:U21) -> 148 | V28: =SUM(V10:V21) -> 536 | W28: =SUM(W10:W21) -> 5 | X28: =SUM(X10:X21) -> 4 | Y28: =SUM(Y10:Y21) -> 126 | Z28: =SUM(Z10:Z21) -> 84 | ... AF28: =SUM(AF10:AF21) -> 4890
B29: 11.45 - 12.00 | C29: 22 | D29: 3 | E29: 2 | F29: 9 | G29: 0 | H29: 1 | I29: 1 | J29: 2 | K29: 0 | L29: 0 | M29: 68 | N29: 0 | O29: =SUM(C29:L29,N29) -> 40 | P29: =SUM(C29:N29) -> 108
B30: 12.00 - 12.15 | C30: 10 | D30: 5 | E30: 2 | F30: 7 | G30: 0 | H30: 0 | I30: 2 | J30: 4 | K30: 0 | L30: 0 | M30: 45 | N30: 0 | O30: =SUM(C30:L30,N30) -> 30 | P30: =SUM(C30:N30) -> 75
B31: 12.15 - 12.30 | C31: 13 | D31: 1 | E31: 2 | F31: 8 | G31: 0 | H31: 0 | I31: 2 | J31: 1 | K31: 1 | L31: 0 | M31: 47 | N31: 0 | O31: =SUM(C31:L31,N31) -> 28 | P31: =SUM(C31:N31) -> 75
B32: 12.30 - 12.45 | C32: 12 | D32: 0 | E32: 5 | F32: 5 | G32: 0 | H32: 1 | I32: 2 | J32: 2 | K32: 0 | L32: 0 | M32: 55 | N32: 0 | O32: =SUM(C32:L32,N32) -> 27 | P32: =SUM(C32:N32) -> 82
B33: 12.45 - 13.00 | C33: 6 | D33: 2 | E33: 2 | F33: 7 | G33: 0 | H33: 0 | I33: 2 | J33: 2 | K33: 0 | L33: 0 | M33: 55 | N33: 0 | O33: =SUM(C33:L33,N33) -> 21 | P33: =SUM(C33:N33) -> 76
B34: 13.00 - 13.15 | C34: 10 | D34: 1 | E34: 1 | F34: 5 | G34: 0 | H34: 0 | I34: 3 | J34: 3 | K34: 0 | L34: 0 | M34: 55 | N34: 0 | O34: =SUM(C34:L34,N34) -> 23 | P34: =SUM(C34:N34) -> 78
B35: 13.15 - 13.30 | C35: 17 | D35: 1 | E35: 2 | F35: 8 | G35: 0 | H35: 0 | I35: 3 | J35: 6 | K35: 0 | L35: 1 | M35: 57 | N35: 0 | O35: =SUM(C35:L35,N35) -> 38 | P35: =SUM(C35:N35) -> 95
B36: 13.30 - 13.45 | C36: 8 | D36: 1 | E36: 2 | F36: 4 | G36: 0 | H36: 0 | I36: 5 | J36: 2 | K36: 1 | L36: 0 | M36: 52 | N36: 0 | O36: =SUM(C36:L36,N36) -> 23 | P36: =SUM(C36:N36) -> 75
B37: 13.45 - 14.00 | C37: 11 | D37: 0 | E37: 5 | F37: 2 | G37: 0 | H37: 0 | I37: 7 | J37: 2 | K37: 1 | L37: 1 | M37: 31 | N37: 0 | O37: =SUM(C37:L37,N37) -> 29 | P37: =SUM(C37:N37) -> 60
B38: 14.00 - 14.15 | C38: 10 | D38: 0 | E38: 0 | F38: 4 | G38: 0 | H38: 0 | I38: 1 | J38: 1 | K38: 0 | L38: 0 | M38: 38 | N38: 0 | O38: =SUM(C38:L38,N38) -> 16 | P38: =SUM(C38:N38) -> 54
B39: 14.15 - 14.30 | C39: 15 | D39: 1 | E39: 4 | F39: 10 | G39: 1 | H39: 0 | I39: 3 | J39: 2 | K39: 1 | L39: 0 | M39: 47 | N39: 0 | O39: =SUM(C39:L39,N39) -> 37 | P39: =SUM(C39:N39) -> 84
B40: 14.30 - 14.45 | C40: 10 | D40: 4 | E40: 5 | F40: 4 | G40: 0 | H40: 0 | I40: 1 | J40: 3 | K40: 0 | L40: 0 | M40: 60 | N40: 0 | O40: =SUM(C40:L40,N40) -> 27 | P40: =SUM(C40:N40) -> 87
... B56: 18.30 - 18.45 | C56: 11 | D56: 1 | E56: 2 | F56: 9 | G56: 0 | H56: 0 | I56: 2 | J56: 0 | K56: 0 | L56: 0 | M56: 72 | N56: 0 | O56: =SUM(C56:L56,N56) -> 25 | P56: =SUM(C56:N56) -> 97
B57: 18.45 - 19.00 | C57: 13 | D57: 1 | E57: 3 | F57: 15 | G57: 0 | H57: 0 | I57: 2 | J57: 0 | K57: 0 | L57: 0 | M57: 68s | N57: 0 | O57: =SUM(C57:L57,N57) -> 34 | P57: =SUM(C57:N57) -> 34
B58: Totals | C58: =SUM(C10:C57) -> 1027 | D58: =SUM(D10:D57) -> 110 | E58: =SUM(E10:E57) -> 148 | F58: =SUM(F10:F57) -> 536 | G58: =SUM(G10:G57) -> 5 | H58: =SUM(H10:H57) -> 4 | I58: =SUM(I10:I57) -> 126 | J58: =SUM(J10:J57) -> 84 | ... P58: =SUM(P10:P57) -> 4890
B59: %ges + MCs | C59: =C58/$P$58 -> 0.21002045 | D59: =D58/$P$58 -> 0.022494888 | E59: =E58/$P$58 -> 0.030265849 | F59: =F58/$P$58 -> 0.10961145 | G59: =G58/$P$58 -> 0.0010224949 | H59: =H58/$P$58 -> 0.00081799591 | I59: =I58/$P$58 -> 0.025766871 | J59: =J58/$P$58 -> 0.017177914 | ... N59: =N58/$P$58 -> 0.00020449898
B60: %ges w/o MCs | C60: =C58/$O$58 -> 0.48811787 | D60: =D58/$O$58 -> 0.052281369 | E60: =E58/$O$58 -> 0.070342205 | F60: =F58/$O$58 -> 0.25475285 | G60: =G58/$O$58 -> 0.0023764259 | H60: =H58/$O$58 -> 0.0019011407 | I60: =I58/$O$58 -> 0.059885932 | J60: =J58/$O$58 -> 0.039923954 | ... L60: =L58/$O$58 -> 0.022338403 | N60: =N58/$O$58 -> 0.00047528517

Sheet 24.07 SentemaRBT-Sentema
B1: Consultancy services for Preparation of Expressway Development Master Plan (EDMP) for Uganda
B2: MANUAL CLASSIFIED COUNT (MCC)
B3: ROAD NAME: | C3: ='22.07 SentemaRBT-Sentema'!C3:G3 -> MCC - C1 - STN15 - SENTEMA ROAD
C5: Date | D5: 24.07.19 | F5: Location | G5: ='22.07 SentemaRBT-Sentema'!G5:H5 -> Ku roofings | J5: Surveyor | K5: Weere Junior
C6: Dir. From | D6: ='22.07 SentemaRBT-Sentema'!D6:E6 -> Sentema RBT | F6: Dir. To | G6: ='22.07 SentemaRBT-Sentema'!G6:H6 -> Sentema | J6: Supervisor | K6: ='22.07 SentemaRBT-Sentema'!K6:L6 -> Isaac
B8: Time / Veh Type | R8: SUMMARY TRAFFIC VOLUMES
C9: 1. Car | D9: 2. Station Wagon | E9: 3. Pickups | F9: 4. Minibus, matatu | G9: 5. Medium bus | H9: 6. Large Bus | I9: 7. Light Truck | J9: 8. Medium Truck | K9: 9. Heavy truck | L9: 10. Truck Trailer | M9: 11. Motor cycles | N9: 12. Tractors | O9: Total Excl M/Cycles | P9: Total All | R9: Time | S9: 1. Car | T9: 2. Station Wagon | U9: 3. Pickups | V9: 4. Minibus, matatu | W9: 5. Medium bus | X9: 6. Large Bus | Y9: 7. Light Truck | Z9: 8. Medium Truck | AA9: 9. Heavy truck | AB9: 10. Truck Trailer | AC9: 11. Motorcycles | AD9: 12. Tractors, Graders | AE9: Total Excl M/ Cycles | AF9: Total All
B10: 07.00 - 07.15 | C10: 3 | D10: 0 | E10: 1 | F10: 1 | G10: 0 | H10: 1 | I10: 1 | J10: 0 | K10: 1 | L10: 0 | M10: 23 | N10: 0 | O10: =SUM(C10:L10,N10) -> 8 | P10: =SUM(C10:N10) -> 31 | R10: 0700-0800 | S10: =SUM(C10:C13) -> 22 | T10: =SUM(D10:D13) -> 0 | U10: =SUM(E10:E13) -> 2 | V10: =SUM(F10:F13) -> 31 | W10: =SUM(G10:G13) -> 0 | X10: =SUM(H10:H13) -> 1 | Y10: =SUM(I10:I13) -> 8 | Z10: =SUM(J10:J13) -> 9 | ... AF10: =SUM(P10:P13) -> 229
B11: 07.15 - 07.30 | C11: 7 | D11: 0 | E11: 0 | F11: 4 | G11: 0 | H11: 0 | I11: 3 | J11: 2 | K11: 0 | L11: 0 | M11: 26 | N11: 0 | O11: =SUM(C11:L11,N11) -> 16 | P11: =SUM(C11:N11) -> 42 | R11: 0800-0900 | S11: =SUM(C14:C17) -> 49 | T11: =SUM(D14:D17) -> 8 | U11: =SUM(E14:E17) -> 5 | V11: =SUM(F14:F17) -> 52 | W11: =SUM(G14:G17) -> 1 | X11: =SUM(H14:H17) -> 3 | Y11: =SUM(I14:I17) -> 6 | Z11: =SUM(J14:J17) -> 8 | ... AF11: =SUM(P14:P17) -> 338
B12: 07.30 - 07.45 | C12: 3 | D12: 0 | E12: 0 | F12: 6 | G12: 0 | H12: 0 | I12: 0 | J12: 3 | K12: 0 | L12: 0 | M12: 50 | N12: 0 | O12: =SUM(C12:L12,N12) -> 12 | P12: =SUM(C12:N12) -> 62 | R12: 0900-1000 | S12: =SUM(C18:C21) -> 18 | T12: =SUM(D18:D21) -> 4 | U12: =SUM(E18:E21) -> 7 | V12: =SUM(F18:F21) -> 42 | W12: =SUM(G18:G21) -> 0 | X12: =SUM(H18:H21) -> 1 | Y12: =SUM(I18:I21) -> 10 | Z12: =SUM(J18:J21) -> 5 | ... AF12: =SUM(P18:P21) -> 280
B13: 07.45 - 08.00 | C13: 9 | D13: 0 | E13: 1 | F13: 20 | G13: 0 | H13: 0 | I13: 4 | J13: 4 | K13: 0 | L13: 0 | M13: 56 | N13: 0 | O13: =SUM(C13:L13,N13) -> 38 | P13: =SUM(C13:N13) -> 94 | R13: 1000-1100 | S13: =SUM(C22:C25) -> 25 | T13: =SUM(D22:D25) -> 5 | U13: =SUM(E22:E25) -> 8 | V13: =SUM(F22:F25) -> 40 | W13: =SUM(G22:G25) -> 0 | X13: =SUM(H22:H25) -> 0 | Y13: =SUM(I22:I25) -> 16 | Z13: =SUM(J22:J25) -> 6 | ... AF13: =SUM(P22:P25) -> 289
B14: 08.00 - 08.15 | C14: 10 | D14: 2 | E14: 1 | F14: 10 | G14: 1 | H14: 1 | I14: 3 | J14: 3 | K14: 0 | L14: 0 | M14: 41 | N14: 0 | O14: =SUM(C14:L14,N14) -> 31 | P14: =SUM(C14:N14) -> 72 | R14: 1100-1200 | S14: =SUM(C26:C29) -> 95 | T14: =SUM(D26:D29) -> 9 | U14: =SUM(E26:E29) -> 12 | V14: =SUM(F26:F29) -> 33 | W14: =SUM(G26:G29) -> 0 | X14: =SUM(H26:H29) -> 0 | Y14: =SUM(I26:I29) -> 21 | Z14: =SUM(J26:J29) -> 3 | ... AF14: =SUM(P26:P29) -> 437
B15: 08.15 - 08.30 | C15: 14 | D15: 1 | E15: 1 | F15: 15 | G15: 0 | H15: 0 | I15: 2 | J15: 1 | K15: 0 | L15: 0 | M15: 53 | N15: 0 | O15: =SUM(C15:L15,N15) -> 34 | P15: =SUM(C15:N15) -> 87 | R15: 1200-1300 | S15: =SUM(C30:C33) -> 33 | T15: =SUM(D30:D33) -> 8 | U15: =SUM(E30:E33) -> 4 | V15: =SUM(F30:F33) -> 23 | W15: =SUM(G30:G33) -> 8 | X15: =SUM(H30:H33) -> 0 | Y15: =SUM(I30:I33) -> 17 | Z15: =SUM(J30:J33) -> 8 | ... AF15: =SUM(P30:P33) -> 347
B16: 08.30 - 08.45 | C16: 11 | D16: 2 | E16: 2 | F16: 7 | G16: 0 | H16: 0 | I16: 0 | J16: 4 | K16: 1 | L16: 0 | M16: 50 | N16: 0 | O16: =SUM(C16:L16,N16) -> 27 | P16: =SUM(C16:N16) -> 77 | R16: 1300-1400 | S16: =SUM(C34:C37) -> 25 | T16: =SUM(D34:D37) -> 10 | U16: =SUM(E34:E37) -> 9 | V16: =SUM(F34:F37) -> 24 | W16: =SUM(G34:G37) -> 0 | X16: =SUM(H34:H37) -> 0 | Y16: =SUM(I34:I37) -> 16 | Z16: =SUM(J34:J37) -> 7 | ... AF16: =SUM(P34:P37) -> 313
B17: 08.45 - 9.00 | C17: 14 | D17: 3 | E17: 1 | F17: 20 | G17: 0 | H17: 2 | I17: 1 | J17: 0 | K17: 0 | L17: 0 | M17: 61 | N17: 0 | O17: =SUM(C17:L17,N17) -> 41 | P17: =SUM(C17:N17) -> 102 | R17: 1400-1500 | S17: =SUM(C38:C41) -> 25 | T17: =SUM(D38:D41) -> 6 | U17: =SUM(E38:E41) -> 6 | V17: =SUM(F38:F41) -> 28 | W17: =SUM(G38:G41) -> 0 | X17: =SUM(H38:H41) -> 0 | Y17: =SUM(I38:I41) -> 16 | Z17: =SUM(J38:J41) -> 2 | ... AF17: =SUM(P38:P41) -> 269
B18: 09.00 - 09.15 | C18: 6 | D18: 3 | E18: 1 | F18: 14 | G18: 0 | H18: 0 | I18: 2 | J18: 3 | K18: 0 | L18: 0 | M18: 52 | N18: 0 | O18: =SUM(C18:L18,N18) -> 29 | P18: =SUM(C18:N18) -> 81 | R18: 1500-1600 | S18: =SUM(C42:C45) -> 37 | T18: =SUM(D42:D45) -> 8 | U18: =SUM(E42:E45) -> 4 | V18: =SUM(F42:F45) -> 31 | W18: =SUM(G42:G45) -> 0 | X18: =SUM(H42:H45) -> 0 | Y18: =SUM(I42:I45) -> 16 | Z18: =SUM(J42:J45) -> 4 | ... AF18: =SUM(P42:P45) -> 304
B19: 09.15 - 09.30 | C19: 7 | D19: 1 | E19: 3 | F19: 11 | G19: 0 | H19: 1 | I19: 4 | J19: 0 | K19: 0 | L19: 0 | M19: 42 | N19: 0 | O19: =SUM(C19:L19,N19) -> 27 | P19: =SUM(C19:N19) -> 69 | R19: 1600-1700 | S19: =SUM(C46:C49) -> 43 | T19: =SUM(D46:D49) -> 16 | U19: =SUM(E46:E49) -> 6 | V19: =SUM(F46:F49) -> 37 | W19: =SUM(G46:G49) -> 2 | X19: =SUM(H46:H49) -> 1 | Y19: =SUM(I46:I49) -> 13 | Z19: =SUM(J46:J49) -> 7 | ... AF19: =SUM(P46:P49) -> 348
B20: 09.30 - 09.45 | C20: 3 | D20: 0 | E20: 0 | F20: 7 | G20: 0 | H20: 0 | I20: 1 | J20: 0 | K20: 0 | L20: 0 | M20: 45 | N20: 0 | O20: =SUM(C20:L20,N20) -> 11 | P20: =SUM(C20:N20) -> 56 | R20: 1700-1800 | S20: =SUM(C50:C53) -> 86 | T20: =SUM(D50:D53) -> 18 | U20: =SUM(E50:E53) -> 16 | V20: =SUM(F50:F53) -> 43 | W20: =SUM(G50:G53) -> 3 | X20: =SUM(H50:H53) -> 0 | Y20: =SUM(I50:I53) -> 14 | Z20: =SUM(J50:J53) -> 6 | ... AF20: =SUM(P50:P53) -> 424
B21: 09.45 - 10.00 | C21: 2 | D21: 0 | E21: 3 | F21: 10 | G21: 0 | H21: 0 | I21: 3 | J21: 2 | K21: 0 | L21: 0 | M21: 54 | N21: 0 | O21: =SUM(C21:L21,N21) -> 20 | P21: =SUM(C21:N21) -> 74 | R21: 1800-1900 | S21: =SUM(C54:C57) -> 109 | T21: =SUM(D54:D57) -> 33 | U21: =SUM(E54:E57) -> 15 | V21: =SUM(F54:F57) -> 57 | W21: =SUM(G54:G57) -> 3 | X21: =SUM(H54:H57) -> 0 | Y21: =SUM(I54:I57) -> 11 | Z21: =SUM(J54:J57) -> 2 | ... AF21: =SUM(P54:P57) -> 459
B22: 10.00 - 10.15 | C22: 8 | D22: 2 | E22: 3 | F22: 13 | G22: 0 | H22: 0 | I22: 3 | J22: 1 | K22: 0 | L22: 0 | M22: 39 | N22: 0 | O22: =SUM(C22:L22,N22) -> 30 | P22: =SUM(C22:N22) -> 69 | R22: AM Peak Hr | S22: =MAX(S10:S12) -> 49 | T22: =MAX(T10:T12) -> 8 | U22: =MAX(U10:U12) -> 7 | V22: =MAX(V10:V12) -> 52 | W22: =MAX(W10:W12) -> 1 | X22: =MAX(X10:X12) -> 3 | Y22: =MAX(Y10:Y12) -> 10 | Z22: =MAX(Z10:Z12) -> 9 | ... AF22: =MAX(AF10:AF12) -> 338
B23: 10.15 - 10.30 | C23: 9 | D23: 1 | E23: 2 | F23: 4 | G23: 0 | H23: 0 | I23: 4 | J23: 1 | K23: 0 | L23: 0 | M23: 56 | N23: 0 | O23: =SUM(C23:L23,N23) -> 21 | P23: =SUM(C23:N23) -> 77 | R23: IP Peak Hr | S23: =MAX(S13:S18) -> 95 | T23: =MAX(T13:T18) -> 10 | U23: =MAX(U13:U18) -> 12 | V23: =MAX(V13:V18) -> 40 | W23: =MAX(W13:W18) -> 8 | X23: =MAX(X13:X18) -> 0 | Y23: =MAX(Y13:Y18) -> 21 | Z23: =MAX(Z13:Z18) -> 8 | ... AF23: =MAX(AF13:AF18) -> 437
B24: 10.30 - 10.45 | C24: 4 | D24: 2 | E24: 2 | F24: 9 | G24: 0 | H24: 0 | I24: 3 | J24: 1 | K24: 0 | L24: 0 | M24: 43 | N24: 0 | O24: =SUM(C24:L24,N24) -> 21 | P24: =SUM(C24:N24) -> 64 | R24: PM Peak Hr | S24: =MAX(S19:S21) -> 109 | T24: =MAX(T19:T21) -> 33 | U24: =MAX(U19:U21) -> 16 | V24: =MAX(V19:V21) -> 57 | W24: =MAX(W19:W21) -> 3 | X24: =MAX(X19:X21) -> 1 | Y24: =MAX(Y19:Y21) -> 14 | Z24: =MAX(Z19:Z21) -> 7 | ... AF24: =MAX(AF19:AF21) -> 459
B25: 10.45 - 11.00 | C25: 4 | D25: 0 | E25: 1 | F25: 14 | G25: 0 | H25: 0 | I25: 6 | J25: 3 | K25: 0 | L25: 0 | M25: 51 | N25: 0 | O25: =SUM(C25:L25,N25) -> 28 | P25: =SUM(C25:N25) -> 79 | R25: AM Period | S25: =SUM(S10:S12) -> 89 | T25: =SUM(T10:T12) -> 12 | U25: =SUM(U10:U12) -> 14 | V25: =SUM(V10:V12) -> 125 | W25: =SUM(W10:W12) -> 1 | X25: =SUM(X10:X12) -> 5 | Y25: =SUM(Y10:Y12) -> 24 | Z25: =SUM(Z10:Z12) -> 22 | ... AF25: =SUM(AF10:AF12) -> 847
B26: 11.00 - 11.15 | C26: 10 | D26: 1 | E26: 4 | F26: 6 | G26: 0 | H26: 0 | I26: 5 | J26: 0 | K26: 0 | L26: 0 | M26: 60 | N26: 0 | O26: =SUM(C26:L26,N26) -> 26 | P26: =SUM(C26:N26) -> 86 | R26: IP Period | S26: =SUM(S13:S18) -> 240 | T26: =SUM(T13:T18) -> 46 | U26: =SUM(U13:U18) -> 43 | V26: =SUM(V13:V18) -> 179 | W26: =SUM(W13:W18) -> 8 | X26: =SUM(X13:X18) -> 0 | Y26: =SUM(Y13:Y18) -> 102 | Z26: =SUM(Z13:Z18) -> 30 | ... AF26: =SUM(AF13:AF18) -> 1959
B27: 11.15 - 11.30 | C27: 61 | D27: 2 | E27: 4 | F27: 9 | G27: 0 | H27: 0 | I27: 5 | J27: 0 | K27: 0 | L27: 0 | M27: 81 | N27: 0 | O27: =SUM(C27:L27,N27) -> 81 | P27: =SUM(C27:N27) -> 162 | R27: PM Period | S27: =SUM(S19:S21) -> 238 | T27: =SUM(T19:T21) -> 67 | U27: =SUM(U19:U21) -> 37 | V27: =SUM(V19:V21) -> 137 | W27: =SUM(W19:W21) -> 8 | X27: =SUM(X19:X21) -> 1 | Y27: =SUM(Y19:Y21) -> 38 | Z27: =SUM(Z19:Z21) -> 15 | ... AF27: =SUM(AF19:AF21) -> 1231
B28: 11.30 - 11.45 | C28: 10 | D28: 4 | E28: 3 | F28: 7 | G28: 0 | H28: 0 | I28: 7 | J28: 1 | K28: 0 | L28: 0 | M28: 63 | N28: 0 | O28: =SUM(C28:L28,N28) -> 32 | P28: =SUM(C28:N28) -> 95 | R28: 12 Hours | S28: =SUM(S10:S21) -> 567 | T28: =SUM(T10:T21) -> 125 | U28: =SUM(U10:U21) -> 94 | V28: =SUM(V10:V21) -> 441 | W28: =SUM(W10:W21) -> 17 | X28: =SUM(X10:X21) -> 6 | Y28: =SUM(Y10:Y21) -> 164 | Z28: =SUM(Z10:Z21) -> 67 | ... AF28: =SUM(AF10:AF21) -> 4037
B29: 11.45 - 12.00 | C29: 14 | D29: 2 | E29: 1 | F29: 11 | G29: 0 | H29: 0 | I29: 4 | J29: 2 | K29: 0 | L29: 0 | M29: 60 | N29: 0 | O29: =SUM(C29:L29,N29) -> 34 | P29: =SUM(C29:N29) -> 94
B30: 12.00 - 12.15 | C30: 11 | D30: 1 | E30: 0 | F30: 7 | G30: 0 | H30: 0 | I30: 8 | J30: 0 | K30: 0 | L30: 0 | M30: 59 | N30: 0 | O30: =SUM(C30:L30,N30) -> 27 | P30: =SUM(C30:N30) -> 86
B31: 12.15 - 12.30 | C31: 10 | D31: 1 | E31: 3 | F31: 0 | G31: 7 | H31: 0 | I31: 0 | J31: 4 | K31: 1 | L31: 0 | M31: 67 | N31: 0 | O31: =SUM(C31:L31,N31) -> 26 | P31: =SUM(C31:N31) -> 93
B32: 12.30 - 12.45 | C32: 5 | D32: 3 | E32: 0 | F32: 8 | G32: 0 | H32: 0 | I32: 5 | J32: 1 | K32: 1 | L32: 0 | M32: 47 | N32: 0 | O32: =SUM(C32:L32,N32) -> 23 | P32: =SUM(C32:N32) -> 70
B33: 12.45 - 13.00 | C33: 7 | D33: 3 | E33: 1 | F33: 8 | G33: 1 | H33: 0 | I33: 4 | J33: 3 | K33: 0 | L33: 0 | M33: 71 | N33: 0 | O33: =SUM(C33:L33,N33) -> 27 | P33: =SUM(C33:N33) -> 98
B34: 13.00 - 13.15 | C34: 9 | D34: 2 | E34: 2 | F34: 4 | G34: 0 | H34: 0 | I34: 2 | J34: 2 | K34: 0 | L34: 0 | M34: 45 | N34: 0 | O34: =SUM(C34:L34,N34) -> 21 | P34: =SUM(C34:N34) -> 66
B35: 13.15 - 13.30 | C35: 4 | D35: 3 | E35: 1 | F35: 5 | G35: 0 | H35: 0 | I35: 4 | J35: 2 | K35: 0 | L35: 0 | M35: 64 | N35: 0 | O35: =SUM(C35:L35,N35) -> 19 | P35: =SUM(C35:N35) -> 83
B36: 13.30 - 13.45 | C36: 8 | D36: 2 | E36: 2 | F36: 11 | G36: 0 | H36: 0 | I36: 3 | J36: 1 | K36: 0 | L36: 0 | M36: 48 | N36: 0 | O36: =SUM(C36:L36,N36) -> 27 | P36: =SUM(C36:N36) -> 75
B37: 13.45 - 14.00 | C37: 4 | D37: 3 | E37: 4 | F37: 4 | G37: 0 | H37: 0 | I37: 7 | J37: 2 | K37: 0 | L37: 0 | M37: 65 | N37: 0 | O37: =SUM(C37:L37,N37) -> 24 | P37: =SUM(C37:N37) -> 89
B38: 14.00 - 14.15 | C38: 7 | D38: 3 | E38: 1 | F38: 7 | G38: 0 | H38: 0 | I38: 4 | J38: 2 | K38: 0 | L38: 0 | M38: 51 | N38: 0 | O38: =SUM(C38:L38,N38) -> 24 | P38: =SUM(C38:N38) -> 75
B39: 14.15 - 14.30 | C39: 5 | D39: 0 | E39: 2 | F39: 5 | G39: 0 | H39: 0 | I39: 4 | J39: 0 | K39: 0 | L39: 0 | M39: 45 | N39: 0 | O39: =SUM(C39:L39,N39) -> 16 | P39: =SUM(C39:N39) -> 61
B40: 14.30 - 14.45 | C40: 5 | D40: 2 | E40: 2 | F40: 8 | G40: 0 | H40: 0 | I40: 7 | J40: 0 | K40: 0 | L40: 0 | M40: 49 | N40: 0 | O40: =SUM(C40:L40,N40) -> 24 | P40: =SUM(C40:N40) -> 73
... B44: 15.30 - 15.45 | C44: 8 | D44: 0 | E44: 0 | F44: 6 | G44: 0 | H44: 0 | I44: 4 | J44: 1 | K44: 1 | L44: 0 | M44: 78 | N44: 0 | O44: =SUM(C44:L44,N44) -> 20 | P44: =SUM(C44:N44) -> 98
B45: 15.45 - 16.00 | C45: 7 | D45: 0 | E45: 0 | F45: 9 | G45: 0 | H45: 0 | I45: 4 | J45: 1 | K45: 0 | L45: 0 | M45: 41 | O45: =SUM(C45:L45,N45) -> 21 | P45: =SUM(C45:N45) -> 62
B46: 16.00 - 16.15 | C46: 9 | D46: 3 | E46: 0 | F46: 7 | G46: 1 | H46: 0 | I46: 8 | J46: 5 | K46: 0 | L46: 0 | M46: 56 | N46: 0 | O46: =SUM(C46:L46,N46) -> 33 | P46: =SUM(C46:N46) -> 89
B47: 16.15 -16.30 | C47: 13 | D47: 3 | E47: 3 | F47: 8 | G47: 1 | H47: 1 | I47: 1 | J47: 0 | K47: 1 | L47: 0 | M47: 47 | N47: 0 | O47: =SUM(C47:L47,N47) -> 31 | P47: =SUM(C47:N47) -> 78
B48: 16.30 -16.45 | C48: 16 | D48: 4 | E48: 1 | F48: 9 | G48: 0 | H48: 0 | I48: 1 | J48: 0 | K48: 1 | L48: 0 | M48: 56 | N48: 0 | O48: =SUM(C48:L48,N48) -> 32 | P48: =SUM(C48:N48) -> 88
B49: 16.45 -17.00 | C49: 5 | D49: 6 | E49: 2 | F49: 13 | G49: 0 | H49: 0 | I49: 3 | J49: 2 | K49: 2 | L49: 0 | M49: 60 | N49: 0 | O49: =SUM(C49:L49,N49) -> 33 | P49: =SUM(C49:N49) -> 93
B50: 17.00 -17.15 | C50: 16 | D50: 4 | E50: 6 | F50: 10 | G50: 0 | H50: 0 | I50: 5 | J50: 4 | K50: 0 | L50: 0 | M50: 56 | N50: 0 | O50: =SUM(C50:L50,N50) -> 45 | P50: =SUM(C50:N50) -> 101
B51: 17.15 -17.30 | C51: 19 | D51: 1 | E51: 0 | F51: 9 | G51: 0 | H51: 0 | I51: 2 | J51: 2 | K51: 0 | L51: 0 | M51: 55 | N51: 0 | O51: =SUM(C51:L51,N51) -> 33 | P51: =SUM(C51:N51) -> 88
B52: 17.30 -17.45 | C52: 19 | D52: 7 | E52: 4 | F52: 9 | G52: 2 | H52: 0 | I52: 2 | J52: 0 | K52: 1 | L52: 0 | M52: 69 | N52: 0 | O52: =SUM(C52:L52,N52) -> 44 | P52: =SUM(C52:N52) -> 113
B53: 17.45 -18.00 | C53: 32 | D53: 6 | E53: 6 | F53: 15 | G53: 1 | H53: 0 | I53: 5 | J53: 0 | K53: 0 | L53: 0 | M53: 57 | N53: 0 | O53: =SUM(C53:L53,N53) -> 65 | P53: =SUM(C53:N53) -> 122
B54: 18.00 - 18.15 | C54: 23 | D54: 10 | E54: 5 | F54: 13 | G54: 0 | H54: 0 | I54: 0 | J54: 0 | K54: 1 | L54: 0 | M54: 49 | N54: 0 | O54: =SUM(C54:L54,N54) -> 52 | P54: =SUM(C54:N54) -> 101
B55: 18.15 - 18.30 | C55: 30 | D55: 6 | E55: 3 | F55: 14 | G55: 1 | H55: 0 | I55: 2 | J55: 0 | K55: 0 | L55: 0 | M55: 78 | N55: 0 | O55: =SUM(C55:L55,N55) -> 56 | P55: =SUM(C55:N55) -> 134
B56: 18.30 - 18.45 | C56: 35 | D56: 9 | E56: 4 | F56: 16 | G56: 1 | H56: 0 | I56: 5 | J56: 0 | K56: 1 | L56: 0 | M56: 63 | N56: 0 | O56: =SUM(C56:L56,N56) -> 71 | P56: =SUM(C56:N56) -> 134
B57: 18.45 - 19.00 | C57: 21 | D57: 8 | E57: 3 | F57: 14 | G57: 1 | H57: 0 | I57: 4 | J57: 2 | K57: 0 | L57: 0 | M57: 37 | N57: 0 | O57: =SUM(C57:L57,N57) -> 53 | P57: =SUM(C57:N57) -> 90
B58: Totals | C58: =SUM(C10:C57) -> 567 | D58: =SUM(D10:D57) -> 125 | E58: =SUM(E10:E57) -> 94 | F58: =SUM(F10:F57) -> 441 | G58: =SUM(G10:G57) -> 17 | H58: =SUM(H10:H57) -> 6 | I58: =SUM(I10:I57) -> 164 | J58: =SUM(J10:J57) -> 67 | ... P58: =SUM(P10:P57) -> 4037
B59: %ges + MCs | C59: =C58/$P$58 -> 0.14045083 | D59: =D58/$P$58 -> 0.030963587 | E59: =E58/$P$58 -> 0.023284617 | F59: =F58/$P$58 -> 0.10923953 | G59: =G58/$P$58 -> 0.0042110478 | H59: =H58/$P$58 -> 0.0014862522 | I59: =I58/$P$58 -> 0.040624226 | J59: =J58/$P$58 -> 0.016596483 | ... N59: =N58/$P$58 -> 0
B60: %ges w/o MCs | C60: =C58/$O$58 -> 0.37977227 | D60: =D58/$O$58 -> 0.083724046 | E60: =E58/$O$58 -> 0.062960482 | F60: =F58/$O$58 -> 0.29537843 | G60: =G58/$O$58 -> 0.01138647 | H60: =H58/$O$58 -> 0.0040187542 | I60: =I58/$O$58 -> 0.10984595 | J60: =J58/$O$58 -> 0.044876088 | ... L60: =L58/$O$58 -> 0 | N60: =N58/$O$58 -> 0

Sheet 24.07 Sentema-SentemaRBT
B1: Consultancy services for Preparation of Expressway Development Master Plan (EDMP) for Uganda
B2: MANUAL CLASSIFIED COUNT (MCC)
B3: ROAD NAME: | C3: ='22.07 Sentema-Sentema RBT'!C3:G3 -> MCC - C1 - STN15 - SENTEMA ROAD
C5: Date | D5: ='24.07 SentemaRBT-Sentema'!D5 -> 24.07.19 | F5: Location | G5: ='22.07 SentemaRBT-Sentema'!G5:H5 -> Ku roofings | J5: Surveyor | K5: Naido Grace
C6: Dir. From | D6: ='22.07 Sentema-Sentema RBT'!D6:E6 -> Sentema | F6: Dir. To | G6: ='22.07 Sentema-Sentema RBT'!G6:H6 -> Sentema RBT | J6: Supervisor | K6: ='22.07 SentemaRBT-Sentema'!K6:L6 -> Isaac
B8: Time / Veh Type | R8: SUMMARY TRAFFIC VOLUMES
C9: 1. Car | D9: 2. Station Wagon | E9: 3. Pickups | F9: 4. Minibus, matatu | G9: 5. Medium bus | H9: 6. Large Bus | I9: 7. Light Truck | J9: 8. Medium Truck | K9: 9. Heavy truck | L9: 10. Truck Trailer | M9: 11. Motor cycles | N9: 12. Tractors | O9: Total Excl M/Cycles | P9: Total All | R9: Time | S9: 1. Car | T9: 2. Station Wagon | U9: 3. Pickups | V9: 4. Minibus, matatu | W9: 5. Medium bus | X9: 6. Large Bus | Y9: 7. Light Truck | Z9: 8. Medium Truck | AA9: 9. Heavy truck | AB9: 10. Truck Trailer | AC9: 11. Motorcycles | AD9: 12. Tractors, Graders | AE9: Total Excl M/ Cycles | AF9: Total All
B10: 07.00 - 07.15 | C10: 41 | D10: 6 | E10: 5 | F10: 25 | G10: 0 | H10: 1 | I10: 2 | J10: 0 | K10: 2 | L10: 0 | M10: 88 | N10: 0 | O10: =SUM(C10:L10,N10) -> 82 | P10: =SUM(C10:N10) -> 170 | R10: 0700-0800 | S10: =SUM(C10:C13) -> 225 | T10: =SUM(D10:D13) -> 13 | U10: =SUM(E10:E13) -> 22 | V10: =SUM(F10:F13) -> 92 | W10: =SUM(G10:G13) -> 0 | X10: =SUM(H10:H13) -> 1 | Y10: =SUM(I10:I13) -> 16 | Z10: =SUM(J10:J13) -> 0 | ... AF10: =SUM(P10:P13) -> 790
B11: 07.15 - 07.30 | C11: 54 | D11: 1 | E11: 6 | F11: 16 | G11: 0 | H11: 0 | I11: 6 | J11: 0 | K11: 1 | L11: 0 | M11: 92 | N11: 0 | O11: =SUM(C11:L11,N11) -> 84 | P11: =SUM(C11:N11) -> 176 | R11: 0800-0900 | S11: =SUM(C14:C17) -> 162 | T11: =SUM(D14:D17) -> 16 | U11: =SUM(E14:E17) -> 9 | V11: =SUM(F14:F17) -> 70 | W11: =SUM(G14:G17) -> 1 | X11: =SUM(H14:H17) -> 0 | Y11: =SUM(I14:I17) -> 15 | Z11: =SUM(J14:J17) -> 4 | ... AF11: =SUM(P14:P17) -> 643
B12: 07.30 - 07.45 | C12: 83 | D12: 6 | E12: 6 | F12: 30 | G12: 0 | H12: 0 | I12: 2 | J12: 0 | K12: 1 | L12: 1 | M12: 94 | N12: 0 | O12: =SUM(C12:L12,N12) -> 129 | P12: =SUM(C12:N12) -> 223 | R12: 0900-1000 | S12: =SUM(C18:C21) -> 111 | T12: =SUM(D18:D21) -> 11 | U12: =SUM(E18:E21) -> 13 | V12: =SUM(F18:F21) -> 49 | W12: =SUM(G18:G21) -> 0 | X12: =SUM(H18:H21) -> 0 | Y12: =SUM(I18:I21) -> 15 | Z12: =SUM(J18:J21) -> 10 | ... AF12: =SUM(P18:P21) -> 515
B13: 07.45 - 08.00 | C13: 47 | D13: 0 | E13: 5 | F13: 21 | G13: 0 | H13: 0 | I13: 6 | J13: 0 | K13: 0 | L13: 0 | M13: 142 | N13: 0 | O13: =SUM(C13:L13,N13) -> 79 | P13: =SUM(C13:N13) -> 221 | R13: 1000-1100 | S13: =SUM(C22:C25) -> 84 | T13: =SUM(D22:D25) -> 13 | U13: =SUM(E22:E25) -> 9 | V13: =SUM(F22:F25) -> 39 | W13: =SUM(G22:G25) -> 1 | X13: =SUM(H22:H25) -> 0 | Y13: =SUM(I22:I25) -> 17 | Z13: =SUM(J22:J25) -> 16 | ... AF13: =SUM(P22:P25) -> 410
B14: 08.00 - 08.15 | C14: 68 | D14: 6 | E14: 3 | F14: 30 | G14: 0 | H14: 0 | I14: 7 | J14: 3 | K14: 0 | L14: 1 | M14: 83 | N14: 0 | O14: =SUM(C14:L14,N14) -> 118 | P14: =SUM(C14:N14) -> 201 | R14: 1100-1200 | S14: =SUM(C26:C29) -> 60 | T14: =SUM(D26:D29) -> 9 | U14: =SUM(E26:E29) -> 13 | V14: =SUM(F26:F29) -> 38 | W14: =SUM(G26:G29) -> 0 | X14: =SUM(H26:H29) -> 3 | Y14: =SUM(I26:I29) -> 15 | Z14: =SUM(J26:J29) -> 9 | ... AF14: =SUM(P26:P29) -> 413
B15: 08.15 - 08.30 | C15: 35 | D15: 4 | E15: 0 | F15: 20 | G15: 0 | H15: 0 | I15: 3 | J15: 1 | K15: 0 | L15: 0 | M15: 93 | N15: 0 | O15: =SUM(C15:L15,N15) -> 63 | P15: =SUM(C15:N15) -> 156 | R15: 1200-1300 | S15: =SUM(C30:C33) -> 46 | T15: =SUM(D30:D33) -> 13 | U15: =SUM(E30:E33) -> 6 | V15: =SUM(F30:F33) -> 31 | W15: =SUM(G30:G33) -> 0 | X15: =SUM(H30:H33) -> 0 | Y15: =SUM(I30:I33) -> 15 | Z15: =SUM(J30:J33) -> 7 | ... AF15: =SUM(P30:P33) -> 354
B16: 08.30 - 08.45 | C16: 32 | D16: 1 | E16: 4 | F16: 11 | G16: 0 | H16: 0 | I16: 4 | J16: 0 | K16: 0 | L16: 0 | M16: 91 | N16: 0 | O16: =SUM(C16:L16,N16) -> 52 | P16: =SUM(C16:N16) -> 143 | R16: 1300-1400 | S16: =SUM(C34:C37) -> 37 | T16: =SUM(D34:D37) -> 11 | U16: =SUM(E34:E37) -> 9 | V16: =SUM(F34:F37) -> 21 | W16: =SUM(G34:G37) -> 0 | X16: =SUM(H34:H37) -> 0 | Y16: =SUM(I34:I37) -> 11 | Z16: =SUM(J34:J37) -> 8 | ... AF16: =SUM(P34:P37) -> 338
B17: 08.45 - 9.00 | C17: 27 | D17: 5 | E17: 2 | F17: 9 | G17: 1 | H17: 0 | I17: 1 | J17: 0 | K17: 1 | L17: 0 | M17: 97 | N17: 0 | O17: =SUM(C17:L17,N17) -> 46 | P17: =SUM(C17:N17) -> 143 | R17: 1400-1500 | S17: =SUM(C38:C41) -> 40 | T17: =SUM(D38:D41) -> 7 | U17: =SUM(E38:E41) -> 9 | V17: =SUM(F38:F41) -> 20 | W17: =SUM(G38:G41) -> 0 | X17: =SUM(H38:H41) -> 0 | Y17: =SUM(I38:I41) -> 8 | Z17: =SUM(J38:J41) -> 2 | ... AF17: =SUM(P38:P41) -> 280
B18: 09.00 - 09.15 | C18: 31 | D18: 2 | E18: 5 | F18: 13 | G18: 0 | H18: 0 | I18: 3 | J18: 5 | K18: 0 | L18: 0 | M18: 81 | N18: 0 | O18: =SUM(C18:L18,N18) -> 59 | P18: =SUM(C18:N18) -> 140 | R18: 1500-1600 | S18: =SUM(C42:C45) -> 48 | T18: =SUM(D42:D45) -> 8 | U18: =SUM(E42:E45) -> 7 | V18: =SUM(F42:F45) -> 26 | W18: =SUM(G42:G45) -> 0 | X18: =SUM(H42:H45) -> 0 | Y18: =SUM(I42:I45) -> 13 | Z18: =SUM(J42:J45) -> 4 | ... AF18: =SUM(P42:P45) -> 310
B19: 09.15 - 09.30 | C19: 20 | D19: 0 | E19: 3 | F19: 18 | G19: 0 | H19: 0 | I19: 4 | J19: 2 | K19: 0 | L19: 0 | M19: 80 | N19: 0 | O19: =SUM(C19:L19,N19) -> 47 | P19: =SUM(C19:N19) -> 127 | R19: 1600-1700 | S19: =SUM(C46:C49) -> 45 | T19: =SUM(D46:D49) -> 10 | U19: =SUM(E46:E49) -> 9 | V19: =SUM(F46:F49) -> 24 | W19: =SUM(G46:G49) -> 1 | X19: =SUM(H46:H49) -> 0 | Y19: =SUM(I46:I49) -> 13 | Z19: =SUM(J46:J49) -> 2 | ... AF19: =SUM(P46:P49) -> 352
B20: 09.30 - 09.45 | C20: 37 | D20: 5 | E20: 2 | F20: 11 | G20: 0 | H20: 0 | I20: 4 | J20: 1 | K20: 0 | L20: 0 | M20: 77 | N20: 0 | O20: =SUM(C20:L20,N20) -> 60 | P20: =SUM(C20:N20) -> 137 | R20: 1700-1800 | S20: =SUM(C50:C53) -> 40 | T20: =SUM(D50:D53) -> 10 | U20: =SUM(E50:E53) -> 15 | V20: =SUM(F50:F53) -> 24 | W20: =SUM(G50:G53) -> 1 | X20: =SUM(H50:H53) -> 1 | Y20: =SUM(I50:I53) -> 9 | Z20: =SUM(J50:J53) -> 6 | ... AF20: =SUM(P50:P53) -> 351
B21: 09.45 - 10.00 | C21: 23 | D21: 4 | E21: 3 | F21: 7 | G21: 0 | H21: 0 | I21: 4 | J21: 2 | K21: 1 | L21: 0 | M21: 67 | N21: 0 | O21: =SUM(C21:L21,N21) -> 44 | P21: =SUM(C21:N21) -> 111 | R21: 1800-1900 | S21: =SUM(C54:C57) -> 39 | T21: =SUM(D54:D57) -> 12 | U21: =SUM(E54:E57) -> 8 | V21: =SUM(F54:F57) -> 50 | W21: =SUM(G54:G57) -> 0 | X21: =SUM(H54:H57) -> 0 | Y21: =SUM(I54:I57) -> 9 | Z21: =SUM(J54:J57) -> 3 | ... AF21: =SUM(P54:P57) -> 362
B22: 10.00 - 10.15 | C22: 29 | D22: 3 | E22: 1 | F22: 10 | G22: 0 | H22: 0 | I22: 5 | J22: 2 | K22: 0 | L22: 0 | M22: 63 | N22: 0 | O22: =SUM(C22:L22,N22) -> 50 | P22: =SUM(C22:N22) -> 113 | R22: AM Peak Hr | S22: =MAX(S10:S12) -> 225 | T22: =MAX(T10:T12) -> 16 | U22: =MAX(U10:U12) -> 22 | V22: =MAX(V10:V12) -> 92 | W22: =MAX(W10:W12) -> 1 | X22: =MAX(X10:X12) -> 1 | Y22: =MAX(Y10:Y12) -> 16 | Z22: =MAX(Z10:Z12) -> 10 | ... AF22: =MAX(AF10:AF12) -> 790
B23: 10.15 - 10.30 | C23: 20 | D23: 3 | E23: 4 | F23: 10 | G23: 0 | H23: 0 | I23: 7 | J23: 2 | K23: 0 | L23: 0 | M23: 55 | N23: 0 | O23: =SUM(C23:L23,N23) -> 46 | P23: =SUM(C23:N23) -> 101 | R23: IP Peak Hr | S23: =MAX(S13:S18) -> 84 | T23: =MAX(T13:T18) -> 13 | U23: =MAX(U13:U18) -> 13 | V23: =MAX(V13:V18) -> 39 | W23: =MAX(W13:W18) -> 1 | X23: =MAX(X13:X18) -> 3 | Y23: =MAX(Y13:Y18) -> 17 | Z23: =MAX(Z13:Z18) -> 16 | ... AF23: =MAX(AF13:AF18) -> 413
B24: 10.30 - 10.45 | C24: 19 | D24: 3 | E24: 2 | F24: 8 | G24: 0 | H24: 0 | I24: 2 | J24: 4 | K24: 0 | L24: 0 | M24: 66 | N24: 0 | O24: =SUM(C24:L24,N24) -> 38 | P24: =SUM(C24:N24) -> 104 | R24: PM Peak Hr | S24: =MAX(S19:S21) -> 45 | T24: =MAX(T19:T21) -> 12 | U24: =MAX(U19:U21) -> 15 | V24: =MAX(V19:V21) -> 50 | W24: =MAX(W19:W21) -> 1 | X24: =MAX(X19:X21) -> 1 | Y24: =MAX(Y19:Y21) -> 13 | Z24: =MAX(Z19:Z21) -> 6 | ... AF24: =MAX(AF19:AF21) -> 362
B25: 10.45 - 11.00 | C25: 16 | D25: 4 | E25: 2 | F25: 11 | G25: 1 | H25: 0 | I25: 3 | J25: 8 | K25: 0 | L25: 0 | M25: 47 | N25: 0 | O25: =SUM(C25:L25,N25) -> 45 | P25: =SUM(C25:N25) -> 92 | R25: AM Period | S25: =SUM(S10:S12) -> 498 | T25: =SUM(T10:T12) -> 40 | U25: =SUM(U10:U12) -> 44 | V25: =SUM(V10:V12) -> 211 | W25: =SUM(W10:W12) -> 1 | X25: =SUM(X10:X12) -> 1 | Y25: =SUM(Y10:Y12) -> 46 | Z25: =SUM(Z10:Z12) -> 14 | ... AF25: =SUM(AF10:AF12) -> 1948
B26: 11.00 - 11.15 | C26: 14 | D26: 1 | E26: 2 | F26: 9 | G26: 0 | H26: 1 | I26: 5 | J26: 0 | K26: 0 | L26: 0 | M26: 82 | N26: 0 | O26: =SUM(C26:L26,N26) -> 32 | P26: =SUM(C26:N26) -> 114 | R26: IP Period | S26: =SUM(S13:S18) -> 315 | T26: =SUM(T13:T18) -> 61 | U26: =SUM(U13:U18) -> 53 | V26: =SUM(V13:V18) -> 175 | W26: =SUM(W13:W18) -> 1 | X26: =SUM(X13:X18) -> 3 | Y26: =SUM(Y13:Y18) -> 79 | Z26: =SUM(Z13:Z18) -> 46 | ... AF26: =SUM(AF13:AF18) -> 2105
B27: 11.15 - 11.30 | C27: 13 | D27: 3 | E27: 8 | F27: 12 | G27: 0 | H27: 0 | I27: 3 | J27: 1 | K27: 0 | L27: 0 | M27: 59 | N27: 0 | O27: =SUM(C27:L27,N27) -> 40 | P27: =SUM(C27:N27) -> 99 | R27: PM Period | S27: =SUM(S19:S21) -> 124 | T27: =SUM(T19:T21) -> 32 | U27: =SUM(U19:U21) -> 32 | V27: =SUM(V19:V21) -> 98 | W27: =SUM(W19:W21) -> 2 | X27: =SUM(X19:X21) -> 1 | Y27: =SUM(Y19:Y21) -> 31 | Z27: =SUM(Z19:Z21) -> 11 | ... AF27: =SUM(AF19:AF21) -> 1065
B28: 11.30 - 11.45 | C28: 10 | D28: 2 | E28: 2 | F28: 6 | G28: 0 | H28: 1 | I28: 2 | J28: 3 | K28: 1 | L28: 0 | M28: 64 | N28: 0 | O28: =SUM(C28:L28,N28) -> 27 | P28: =SUM(C28:N28) -> 91 | R28: 12 Hours | S28: =SUM(S10:S21) -> 937 | T28: =SUM(T10:T21) -> 133 | U28: =SUM(U10:U21) -> 129 | V28: =SUM(V10:V21) -> 484 | W28: =SUM(W10:W21) -> 4 | X28: =SUM(X10:X21) -> 5 | Y28: =SUM(Y10:Y21) -> 156 | Z28: =SUM(Z10:Z21) -> 71 | ... AF28: =SUM(AF10:AF21) -> 5118
B29: 11.45 - 12.00 | C29: 23 | D29: 3 | E29: 1 | F29: 11 | G29: 0 | H29: 1 | I29: 5 | J29: 5 | K29: 0 | L29: 0 | M29: 60 | N29: 0 | O29: =SUM(C29:L29,N29) -> 49 | P29: =SUM(C29:N29) -> 109
B30: 12.00 - 12.15 | C30: 11 | D30: 6 | E30: 2 | F30: 4 | G30: 0 | H30: 0 | I30: 4 | J30: 1 | K30: 0 | L30: 0 | M30: 64 | N30: 0 | O30: =SUM(C30:L30,N30) -> 28 | P30: =SUM(C30:N30) -> 92
B31: 12.15 - 12.30 | C31: 10 | D31: 1 | E31: 0 | F31: 11 | G31: 0 | H31: 0 | I31: 3 | J31: 1 | K31: 0 | L31: 0 | M31: 58 | N31: 0 | O31: =SUM(C31:L31,N31) -> 26 | P31: =SUM(C31:N31) -> 84
B32: 12.30 - 12.45 | C32: 18 | D32: 2 | E32: 2 | F32: 5 | G32: 0 | H32: 0 | I32: 2 | J32: 4 | K32: 0 | L32: 0 | M32: 53 | N32: 0 | O32: =SUM(C32:L32,N32) -> 33 | P32: =SUM(C32:N32) -> 86
B33: 12.45 - 13.00 | C33: 7 | D33: 4 | E33: 2 | F33: 11 | G33: 0 | H33: 0 | I33: 6 | J33: 1 | K33: 0 | L33: 0 | M33: 61 | N33: 0 | O33: =SUM(C33:L33,N33) -> 31 | P33: =SUM(C33:N33) -> 92
B34: 13.00 - 13.15 | C34: 6 | D34: 5 | E34: 2 | F34: 4 | G34: 0 | H34: 0 | I34: 5 | J34: 4 | K34: 0 | L34: 0 | M34: 59 | N34: 0 | O34: =SUM(C34:L34,N34) -> 26 | P34: =SUM(C34:N34) -> 85
B35: 13.15 - 13.30 | C35: 8 | D35: 1 | E35: 1 | F35: 6 | G35: 0 | H35: 0 | I35: 5 | J35: 2 | K35: 0 | L35: 1 | M35: 63 | N35: 0 | O35: =SUM(C35:L35,N35) -> 24 | P35: =SUM(C35:N35) -> 87
B36: 13.30 - 13.45 | C36: 14 | D36: 4 | E36: 4 | F36: 2 | G36: 0 | H36: 0 | I36: 1 | J36: 0 | K36: 2 | L36: 0 | M36: 61 | N36: 0 | O36: =SUM(C36:L36,N36) -> 27 | P36: =SUM(C36:N36) -> 88
B37: 13.45 - 14.00 | C37: 9 | D37: 1 | E37: 2 | F37: 9 | G37: 0 | H37: 0 | I37: 0 | J37: 2 | K37: 0 | L37: 0 | M37: 55 | N37: 0 | O37: =SUM(C37:L37,N37) -> 23 | P37: =SUM(C37:N37) -> 78
B38: 14.00 - 14.15 | C38: 12 | D38: 1 | E38: 2 | F38: 6 | G38: 0 | H38: 0 | I38: 2 | J38: 0 | K38: 0 | L38: 0 | M38: 48 | N38: 0 | O38: =SUM(C38:L38,N38) -> 23 | P38: =SUM(C38:N38) -> 71
B39: 14.15 - 14.30 | C39: 8 | D39: 2 | E39: 2 | F39: 5 | G39: 0 | H39: 0 | I39: 3 | J39: 1 | K39: 0 | L39: 0 | M39: 56 | N39: 0 | O39: =SUM(C39:L39,N39) -> 21 | P39: =SUM(C39:N39) -> 77
B40: 14.30 - 14.45 | C40: 14 | D40: 4 | E40: 4 | F40: 3 | G40: 0 | H40: 0 | I40: 2 | J40: 1 | K40: 0 | L40: 0 | M40: 50 | N40: 0 | O40: =SUM(C40:L40,N40) -> 28 | P40: =SUM(C40:N40) -> 78
... B57: 18.45 - 19.00 | C57: 13 | D57: 3 | E57: 4 | F57: 19 | G57: 0 | H57: 0 | I57: 2 | J57: 0 | K57: 0 | L57: 0 | M57: 50 | N57: 0 | O57: =SUM(C57:L57,N57) -> 41 | P57: =SUM(C57:N57) -> 91
B58: Totals | C58: =SUM(C10:C57) -> 937 | D58: =SUM(D10:D57) -> 133 | E58: =SUM(E10:E57) -> 129 | F58: =SUM(F10:F57) -> 484 | G58: =SUM(G10:G57) -> 4 | H58: =SUM(H10:H57) -> 5 | I58: =SUM(I10:I57) -> 156 | J58: =SUM(J10:J57) -> 71 | ... P58: =SUM(P10:P57) -> 5118
B59: %ges + MCs | C59: =C58/$P$58 -> 0.18307933 | D59: =D58/$P$58 -> 0.025986714 | E59: =E58/$P$58 -> 0.025205158 | F59: =F58/$P$58 -> 0.094568191 | G59: =G58/$P$58 -> 0.0007815553 | H59: =H58/$P$58 -> 0.00097694412 | I59: =I58/$P$58 -> 0.030480657 | J59: =J58/$P$58 -> 0.013872606 | ... N59: =N58/$P$58 -> 0
B60: %ges w/o MCs | C60: =C58/$O$58 -> 0.48473875 | D60: =D58/$O$58 -> 0.068804966 | E60: =E58/$O$58 -> 0.066735644 | F60: =F58/$O$58 -> 0.250388 | G60: =G58/$O$58 -> 0.0020693223 | H60: =H58/$O$58 -> 0.0025866529 | I60: =I58/$O$58 -> 0.08070357 | J60: =J58/$O$58 -> 0.036730471 | ... L60: =L58/$O$58 -> 0.0015519917 | N60: =N58/$O$58 -> 0

Sheet 25.07 SentemaRBT-Sentema
B1: Consultancy services for Preparation of Expressway Development Master Plan (EDMP) for Uganda
B2: MANUAL CLASSIFIED COUNT (MCC)
B3: ROAD NAME: | C3: ='22.07 SentemaRBT-Sentema'!C3:G3 -> MCC - C1 - STN15 - SENTEMA ROAD
C5: Date | D5: 25.07.19 | F5: Location | G5: ='24.07 Sentema-SentemaRBT'!G5:H5 -> Ku roofings | J5: Surveyor | K5: Weere Junior
C6: Dir. From | D6: ='22.07 SentemaRBT-Sentema'!D6:E6 -> Sentema RBT | F6: Dir. To | G6: ='22.07 SentemaRBT-Sentema'!G6:H6 -> Sentema | J6: Supervisor | K6: ='24.07 Sentema-SentemaRBT'!K6:L6 -> Isaac
B8: Time / Veh Type | R8: SUMMARY TRAFFIC VOLUMES
C9: 1. Car | D9: 2. Station Wagon | E9: 3. Pickups | F9: 4. Minibus, matatu | G9: 5. Medium bus | H9: 6. Large Bus | I9: 7. Light Truck | J9: 8. Medium Truck | K9: 9. Heavy truck | L9: 10. Truck Trailer | M9: 11. Motor cycles | N9: 12. Tractors | O9: Total Excl M/Cycles | P9: Total All | R9: Time | S9: 1. Car | T9: 2. Station Wagon | U9: 3. Pickups | V9: 4. Minibus, matatu | W9: 5. Medium bus | X9: 6. Large Bus | Y9: 7. Light Truck | Z9: 8. Medium Truck | AA9: 9. Heavy truck | AB9: 10. Truck Trailer | AC9: 11. Motorcycles | AD9: 12. Tractors, Graders | AE9: Total Excl M/ Cycles | AF9: Total All
B10: 07.00 - 07.15 | C10: 6 | D10: 0 | E10: 0 | F10: 6 | G10: 0 | H10: 0 | I10: 1 | J10: 2 | K10: 2 | L10: 0 | M10: 26 | N10: 0 | O10: =SUM(C10:L10,N10) -> 17 | P10: =SUM(C10:N10) -> 43 | R10: 0700-0800 | S10: =SUM(C10:C13) -> 43 | T10: =SUM(D10:D13) -> 3 | U10: =SUM(E10:E13) -> 3 | V10: =SUM(F10:F13) -> 48 | W10: =SUM(G10:G13) -> 0 | X10: =SUM(H10:H13) -> 1 | Y10: =SUM(I10:I13) -> 8 | Z10: =SUM(J10:J13) -> 10 | ... AF10: =SUM(P10:P13) -> 301
B11: 07.15 - 07.30 | C11: 13 | D11: 2 | E11: 0 | F11: 12 | G11: 0 | H11: 0 | I11: 1 | J11: 1 | K11: 0 | L11: 0 | M11: 48 | N11: 0 | O11: =SUM(C11:L11,N11) -> 29 | P11: =SUM(C11:N11) -> 77 | R11: 0800-0900 | S11: =SUM(C14:C17) -> 27 | T11: =SUM(D14:D17) -> 8 | U11: =SUM(E14:E17) -> 7 | V11: =SUM(F14:F17) -> 44 | W11: =SUM(G14:G17) -> 2 | X11: =SUM(H14:H17) -> 0 | Y11: =SUM(I14:I17) -> 6 | Z11: =SUM(J14:J17) -> 3 | ... AF11: =SUM(P14:P17) -> 284
B12: 07.30 - 07.45 | C12: 8 | D12: 0 | E12: 2 | F12: 12 | G12: 0 | H12: 0 | I12: 2 | J12: 1 | K12: 0 | L12: 0 | M12: 49 | N12: 0 | O12: =SUM(C12:L12,N12) -> 25 | P12: =SUM(C12:N12) -> 74 | R12: 0900-1000 | S12: =SUM(C18:C21) -> 29 | T12: =SUM(D18:D21) -> 6 | U12: =SUM(E18:E21) -> 4 | V12: =SUM(F18:F21) -> 70 | W12: =SUM(G18:G21) -> 0 | X12: =SUM(H18:H21) -> 1 | Y12: =SUM(I18:I21) -> 7 | Z12: =SUM(J18:J21) -> 5 | ... AF12: =SUM(P18:P21) -> 342
B13: 07.45 - 08.00 | C13: 16 | D13: 1 | E13: 1 | F13: 18 | G13: 0 | H13: 1 | I13: 4 | J13: 6 | K13: 0 | L13: 0 | M13: 60 | N13: 0 | O13: =SUM(C13:L13,N13) -> 47 | P13: =SUM(C13:N13) -> 107 | R13: 1000-1100 | S13: =SUM(C22:C25) -> 39 | T13: =SUM(D22:D25) -> 6 | U13: =SUM(E22:E25) -> 6 | V13: =SUM(F22:F25) -> 49 | W13: =SUM(G22:G25) -> 0 | X13: =SUM(H22:H25) -> 1 | Y13: =SUM(I22:I25) -> 12 | Z13: =SUM(J22:J25) -> 2 | ... AF13: =SUM(P22:P25) -> 334
B14: 08.00 - 08.15 | C14: 5 | D14: 3 | E14: 2 | F14: 10 | G14: 0 | H14: 0 | I14: 0 | J14: 0 | K14: 0 | L14: 0 | M14: 31 | N14: 0 | O14: =SUM(C14:L14,N14) -> 20 | P14: =SUM(C14:N14) -> 51 | R14: 1100-1200 | S14: =SUM(C26:C29) -> 43 | T14: =SUM(D26:D29) -> 20 | U14: =SUM(E26:E29) -> 9 | V14: =SUM(F26:F29) -> 28 | W14: =SUM(G26:G29) -> 0 | X14: =SUM(H26:H29) -> 0 | Y14: =SUM(I26:I29) -> 10 | Z14: =SUM(J26:J29) -> 4 | ... AF14: =SUM(P26:P29) -> 360
B15: 08.15 - 08.30 | C15: 5 | D15: 2 | E15: 1 | F15: 14 | G15: 0 | H15: 0 | I15: 2 | J15: 1 | K15: 0 | L15: 0 | M15: 63 | N15: 0 | O15: =SUM(C15:L15,N15) -> 25 | P15: =SUM(C15:N15) -> 88 | R15: 1200-1300 | S15: =SUM(C30:C33) -> 29 | T15: =SUM(D30:D33) -> 10 | U15: =SUM(E30:E33) -> 10 | V15: =SUM(F30:F33) -> 28 | W15: =SUM(G30:G33) -> 0 | X15: =SUM(H30:H33) -> 0 | Y15: =SUM(I30:I33) -> 17 | Z15: =SUM(J30:J33) -> 3 | ... AF15: =SUM(P30:P33) -> 312
B16: 08.30 - 08.45 | C16: 7 | D16: 2 | E16: 4 | F16: 8 | G16: 0 | H16: 0 | I16: 3 | J16: 2 | K16: 0 | L16: 0 | M16: 42 | N16: 0 | O16: =SUM(C16:L16,N16) -> 26 | P16: =SUM(C16:N16) -> 68 | R16: 1300-1400 | S16: =SUM(C34:C37) -> 39 | T16: =SUM(D34:D37) -> 6 | U16: =SUM(E34:E37) -> 8 | V16: =SUM(F34:F37) -> 28 | W16: =SUM(G34:G37) -> 0 | X16: =SUM(H34:H37) -> 0 | Y16: =SUM(I34:I37) -> 18 | Z16: =SUM(J34:J37) -> 6 | ... AF16: =SUM(P34:P37) -> 340
B17: 08.45 - 9.00 | C17: 10 | D17: 1 | E17: 0 | F17: 12 | G17: 2 | H17: 0 | I17: 1 | J17: 0 | K17: 3 | L17: 0 | M17: 48 | N17: 0 | O17: =SUM(C17:L17,N17) -> 29 | P17: =SUM(C17:N17) -> 77 | R17: 1400-1500 | S17: =SUM(C38:C41) -> 33 | T17: =SUM(D38:D41) -> 7 | U17: =SUM(E38:E41) -> 9 | V17: =SUM(F38:F41) -> 30 | W17: =SUM(G38:G41) -> 0 | X17: =SUM(H38:H41) -> 0 | Y17: =SUM(I38:I41) -> 12 | Z17: =SUM(J38:J41) -> 4 | ... AF17: =SUM(P38:P41) -> 313
B18: 09.00 - 09.15 | C18: 9 | D18: 4 | E18: 2 | F18: 12 | G18: 0 | H18: 1 | I18: 0 | J18: 1 | K18: 0 | L18: 0 | M18: 60 | N18: 0 | O18: =SUM(C18:L18,N18) -> 29 | P18: =SUM(C18:N18) -> 89 | R18: 1500-1600 | S18: =SUM(C42:C45) -> 46 | T18: =SUM(D42:D45) -> 7 | U18: =SUM(E42:E45) -> 12 | V18: =SUM(F42:F45) -> 18 | W18: =SUM(G42:G45) -> 0 | X18: =SUM(H42:H45) -> 2 | Y18: =SUM(I42:I45) -> 7 | Z18: =SUM(J42:J45) -> 3 | ... AF18: =SUM(P42:P45) -> 273
B19: 09.15 - 09.30 | C19: 2 | D19: 1 | E19: 1 | F19: 26 | G19: 0 | H19: 0 | I19: 5 | J19: 4 | K19: 0 | L19: 0 | M19: 51 | N19: 0 | O19: =SUM(C19:L19,N19) -> 39 | P19: =SUM(C19:N19) -> 90 | R19: 1600-1700 | S19: =SUM(C46:C49) -> 52 | T19: =SUM(D46:D49) -> 15 | U19: =SUM(E46:E49) -> 8 | V19: =SUM(F46:F49) -> 33 | W19: =SUM(G46:G49) -> 2 | X19: =SUM(H46:H49) -> 0 | Y19: =SUM(I46:I49) -> 12 | Z19: =SUM(J46:J49) -> 4 | ... AF19: =SUM(P46:P49) -> 317
B20: 09.30 - 09.45 | C20: 10 | D20: 0 | E20: 1 | F20: 10 | G20: 0 | H20: 0 | I20: 1 | J20: 0 | K20: 0 | L20: 0 | M20: 56 | N20: 0 | O20: =SUM(C20:L20,N20) -> 22 | P20: =SUM(C20:N20) -> 78 | R20: 1700-1800 | S20: =SUM(C50:C53) -> 69 | T20: =SUM(D50:D53) -> 32 | U20: =SUM(E50:E53) -> 9 | V20: =SUM(F50:F53) -> 48 | W20: =SUM(G50:G53) -> 1 | X20: =SUM(H50:H53) -> 0 | Y20: =SUM(I50:I53) -> 9 | Z20: =SUM(J50:J53) -> 3 | ... AF20: =SUM(P50:P53) -> 420
B21: 09.45 - 10.00 | C21: 8 | D21: 1 | E21: 0 | F21: 22 | G21: 0 | H21: 0 | I21: 1 | J21: 0 | K21: 0 | L21: 0 | M21: 53 | N21: 0 | O21: =SUM(C21:L21,N21) -> 32 | P21: =SUM(C21:N21) -> 85 | R21: 1800-1900 | S21: =SUM(C54:C57) -> 124 | T21: =SUM(D54:D57) -> 32 | U21: =SUM(E54:E57) -> 15 | V21: =SUM(F54:F57) -> 49 | W21: =SUM(G54:G57) -> 2 | X21: =SUM(H54:H57) -> 0 | Y21: =SUM(I54:I57) -> 9 | Z21: =SUM(J54:J57) -> 2 | ... AF21: =SUM(P54:P57) -> 495
B22: 10.00 - 10.15 | C22: 5 | D22: 3 | E22: 0 | F22: 13 | G22: 0 | H22: 1 | I22: 2 | J22: 1 | K22: 0 | L22: 0 | M22: 35 | N22: 0 | O22: =SUM(C22:L22,N22) -> 25 | P22: =SUM(C22:N22) -> 60 | R22: AM Peak Hr | S22: =MAX(S10:S12) -> 43 | T22: =MAX(T10:T12) -> 8 | U22: =MAX(U10:U12) -> 7 | V22: =MAX(V10:V12) -> 70 | W22: =MAX(W10:W12) -> 2 | X22: =MAX(X10:X12) -> 1 | Y22: =MAX(Y10:Y12) -> 8 | Z22: =MAX(Z10:Z12) -> 10 | ... AF22: =MAX(AF10:AF12) -> 342
B23: 10.15 - 10.30 | C23: 12 | D23: 1 | E23: 1 | F23: 9 | G23: 0 | H23: 0 | I23: 3 | J23: 0 | K23: 1 | L23: 0 | M23: 60 | N23: 0 | O23: =SUM(C23:L23,N23) -> 27 | P23: =SUM(C23:N23) -> 87 | R23: IP Peak Hr | S23: =MAX(S13:S18) -> 46 | T23: =MAX(T13:T18) -> 20 | U23: =MAX(U13:U18) -> 12 | V23: =MAX(V13:V18) -> 49 | W23: =MAX(W13:W18) -> 0 | X23: =MAX(X13:X18) -> 2 | Y23: =MAX(Y13:Y18) -> 18 | Z23: =MAX(Z13:Z18) -> 6 | ... AF23: =MAX(AF13:AF18) -> 360
B24: 10.30 - 10.45 | C24: 11 | D24: 2 | E24: 2 | F24: 17 | G24: 0 | H24: 0 | I24: 3 | J24: 1 | K24: 1 | L24: 0 | M24: 63 | N24: 0 | O24: =SUM(C24:L24,N24) -> 37 | P24: =SUM(C24:N24) -> 100 | R24: PM Peak Hr | S24: =MAX(S19:S21) -> 124 | T24: =MAX(T19:T21) -> 32 | U24: =MAX(U19:U21) -> 15 | V24: =MAX(V19:V21) -> 49 | W24: =MAX(W19:W21) -> 2 | X24: =MAX(X19:X21) -> 0 | Y24: =MAX(Y19:Y21) -> 12 | Z24: =MAX(Z19:Z21) -> 4 | ... AF24: =MAX(AF19:AF21) -> 495
B25: 10.45 - 11.00 | C25: 11 | D25: 0 | E25: 3 | F25: 10 | G25: 0 | H25: 0 | I25: 4 | J25: 0 | K25: 1 | L25: 0 | M25: 58 | N25: 0 | O25: =SUM(C25:L25,N25) -> 29 | P25: =SUM(C25:N25) -> 87 | R25: AM Period | S25: =SUM(S10:S12) -> 99 | T25: =SUM(T10:T12) -> 17 | U25: =SUM(U10:U12) -> 14 | V25: =SUM(V10:V12) -> 162 | W25: =SUM(W10:W12) -> 2 | X25: =SUM(X10:X12) -> 2 | Y25: =SUM(Y10:Y12) -> 21 | Z25: =SUM(Z10:Z12) -> 18 | ... AF25: =SUM(AF10:AF12) -> 927
B26: 11.00 - 11.15 | C26: 13 | D26: 6 | E26: 0 | F26: 8 | G26: 0 | H26: 0 | I26: 3 | J26: 2 | K26: 0 | L26: 0 | M26: 66 | N26: 0 | O26: =SUM(C26:L26,N26) -> 32 | P26: =SUM(C26:N26) -> 98 | R26: IP Period | S26: =SUM(S13:S18) -> 229 | T26: =SUM(T13:T18) -> 56 | U26: =SUM(U13:U18) -> 54 | V26: =SUM(V13:V18) -> 181 | W26: =SUM(W13:W18) -> 0 | X26: =SUM(X13:X18) -> 3 | Y26: =SUM(Y13:Y18) -> 76 | Z26: =SUM(Z13:Z18) -> 22 | ... AF26: =SUM(AF13:AF18) -> 1932
B27: 11.15 - 11.30 | C27: 9 | D27: 7 | E27: 3 | F27: 10 | G27: 0 | H27: 0 | I27: 2 | J27: 1 | K27: 0 | L27: 0 | M27: 65 | N27: 0 | O27: =SUM(C27:L27,N27) -> 32 | P27: =SUM(C27:N27) -> 97 | R27: PM Period | S27: =SUM(S19:S21) -> 245 | T27: =SUM(T19:T21) -> 79 | U27: =SUM(U19:U21) -> 32 | V27: =SUM(V19:V21) -> 130 | W27: =SUM(W19:W21) -> 5 | X27: =SUM(X19:X21) -> 0 | Y27: =SUM(Y19:Y21) -> 30 | Z27: =SUM(Z19:Z21) -> 9 | ... AF27: =SUM(AF19:AF21) -> 1232
B28: 11.30 - 11.45 | C28: 6 | D28: 3 | E28: 4 | F28: 4 | G28: 0 | H28: 0 | I28: 3 | J28: 1 | K28: 0 | L28: 0 | M28: 65 | N28: 0 | O28: =SUM(C28:L28,N28) -> 21 | P28: =SUM(C28:N28) -> 86 | R28: 12 Hours | S28: =SUM(S10:S21) -> 573 | T28: =SUM(T10:T21) -> 152 | U28: =SUM(U10:U21) -> 100 | V28: =SUM(V10:V21) -> 473 | W28: =SUM(W10:W21) -> 7 | X28: =SUM(X10:X21) -> 5 | Y28: =SUM(Y10:Y21) -> 127 | Z28: =SUM(Z10:Z21) -> 49 | ... AF28: =SUM(AF10:AF21) -> 4091
B29: 11.45 - 12.00 | C29: 15 | D29: 4 | E29: 2 | F29: 6 | G29: 0 | H29: 0 | I29: 2 | J29: 0 | K29: 2 | L29: 0 | M29: 48 | N29: 0 | O29: =SUM(C29:L29,N29) -> 31 | P29: =SUM(C29:N29) -> 79
B30: 12.00 - 12.15 | C30: 13 | D30: 0 | E30: 3 | F30: 8 | G30: 0 | H30: 0 | I30: 6 | J30: 1 | K30: 0 | L30: 0 | M30: 52 | N30: 0 | O30: =SUM(C30:L30,N30) -> 31 | P30: =SUM(C30:N30) -> 83
B31: 12.15 - 12.30 | C31: 4 | D31: 7 | E31: 4 | F31: 7 | G31: 0 | H31: 0 | I31: 2 | J31: 0 | K31: 0 | L31: 0 | M31: 61 | N31: 0 | O31: =SUM(C31:L31,N31) -> 24 | P31: =SUM(C31:N31) -> 85
B32: 12.30 - 12.45 | C32: 6 | D32: 0 | E32: 0 | F32: 6 | G32: 0 | H32: 0 | I32: 8 | J32: 0 | K32: 0 | L32: 0 | M32: 46 | N32: 0 | O32: =SUM(C32:L32,N32) -> 20 | P32: =SUM(C32:N32) -> 66
B33: 12.45 - 13.00 | C33: 6 | D33: 3 | E33: 3 | F33: 7 | G33: 0 | H33: 0 | I33: 1 | J33: 2 | K33: 1 | L33: 0 | M33: 55 | N33: 0 | O33: =SUM(C33:L33,N33) -> 23 | P33: =SUM(C33:N33) -> 78
B34: 13.00 - 13.15 | C34: 9 | D34: 0 | E34: 2 | F34: 6 | G34: 0 | H34: 0 | I34: 4 | J34: 0 | K34: 1 | L34: 0 | M34: 54 | N34: 0 | O34: =SUM(C34:L34,N34) -> 22 | P34: =SUM(C34:N34) -> 76
B35: 13.15 - 13.30 | C35: 10 | D35: 3 | E35: 2 | F35: 4 | G35: 0 | H35: 0 | I35: 4 | J35: 5 | K35: 1 | L35: 0 | M35: 59 | N35: 0 | O35: =SUM(C35:L35,N35) -> 29 | P35: =SUM(C35:N35) -> 88
B36: 13.30 - 13.45 | C36: 9 | D36: 3 | E36: 2 | F36: 11 | G36: 0 | H36: 0 | I36: 5 | J36: 0 | K36: 0 | L36: 0 | M36: 53 | N36: 0 | O36: =SUM(C36:L36,N36) -> 30 | P36: =SUM(C36:N36) -> 83
B37: 13.45 - 14.00 | C37: 11 | D37: 0 | E37: 2 | F37: 7 | G37: 0 | H37: 0 | I37: 5 | J37: 1 | K37: 1 | L37: 0 | M37: 66 | N37: 0 | O37: =SUM(C37:L37,N37) -> 27 | P37: =SUM(C37:N37) -> 93
B38: 14.00 - 14.15 | C38: 11 | D38: 2 | E38: 2 | F38: 9 | G38: 0 | H38: 0 | I38: 5 | J38: 1 | K38: 3 | L38: 0 | M38: 49 | N38: 0 | O38: =SUM(C38:L38,N38) -> 33 | P38: =SUM(C38:N38) -> 82
B39: 14.15 - 14.30 | C39: 8 | D39: 1 | E39: 4 | F39: 9 | G39: 0 | H39: 0 | I39: 3 | J39: 0 | K39: 0 | L39: 0 | M39: 62 | N39: 0 | O39: =SUM(C39:L39,N39) -> 25 | P39: =SUM(C39:N39) -> 87
B40: 14.30 - 14.45 | C40: 6 | D40: 1 | E40: 1 | F40: 6 | G40: 0 | H40: 0 | I40: 2 | J40: 2 | K40: 0 | L40: 0 | M40: 50 | N40: 0 | O40: =SUM(C40:L40,N40) -> 18 | P40: =SUM(C40:N40) -> 68
... B57: 18.45 - 19.00 | C57: 29 | D57: 6 | E57: 1 | F57: 12 | G57: 2 | H57: 0 | I57: 1 | J57: 1 | K57: 1 | L57: 0 | M57: 54 | N57: 0 | O57: =SUM(C57:L57,N57) -> 53 | P57: =SUM(C57:N57) -> 107
B58: Totals | C58: =SUM(C10:C57) -> 573 | D58: =SUM(D10:D57) -> 152 | E58: =SUM(E10:E57) -> 100 | F58: =SUM(F10:F57) -> 473 | G58: =SUM(G10:G57) -> 7 | H58: =SUM(H10:H57) -> 5 | I58: =SUM(I10:I57) -> 127 | J58: =SUM(J10:J57) -> 49 | ... P58: =SUM(P10:P57) -> 4091
B59: %ges + MCs | C59: =C58/$P$58 -> 0.14006355 | D59: =D58/$P$58 -> 0.03715473 | E59: =E58/$P$58 -> 0.024443901 | F59: =F58/$P$58 -> 0.11561965 | G59: =G58/$P$58 -> 0.0017110731 | H59: =H58/$P$58 -> 0.0012221951 | I59: =I58/$P$58 -> 0.031043755 | J59: =J58/$P$58 -> 0.011977512 | ... N59: =N58/$P$58 -> 0
B60: %ges w/o MCs | C60: =C58/$O$58 -> 0.37821782 | D60: =D58/$O$58 -> 0.10033003 | E60: =E58/$O$58 -> 0.066006601 | F60: =F58/$O$58 -> 0.31221122 | G60: =G58/$O$58 -> 0.004620462 | H60: =H58/$O$58 -> 0.00330033 | I60: =I58/$O$58 -> 0.083828383 | J60: =J58/$O$58 -> 0.032343234 | ... L60: =L58/$O$58 -> 0 | N60: =N58/$O$58 -> 0

Sheet 25.07 Sentema-SentemaRBT
B1: Consultancy services for Preparation of Expressway Development Master Plan (EDMP) for Uganda
B2: MANUAL CLASSIFIED COUNT (MCC)
B3: ROAD NAME: | C3: ='22.07 Sentema-Sentema RBT'!C3:G3 -> MCC - C1 - STN15 - SENTEMA ROAD
C5: Date | D5: ='25.07 SentemaRBT-Sentema'!D5 -> 25.07.19 | F5: Location | G5: ='25.07 SentemaRBT-Sentema'!G5:H5 -> Ku roofings | J5: Surveyor | K5: Mbaha James
C6: Dir. From | D6: ='22.07 Sentema-Sentema RBT'!D6:E6 -> Sentema | F6: Dir. To | G6: ='22.07 Sentema-Sentema RBT'!G6:H6 -> Sentema RBT | J6: Supervisor | K6: ='25.07 SentemaRBT-Sentema'!K6:L6 -> Isaac
B8: Time / Veh Type | R8: SUMMARY TRAFFIC VOLUMES
C9: 1. Car | D9: 2. Station Wagon | E9: 3. Pickups | F9: 4. Minibus, matatu | G9: 5. Medium bus | H9: 6. Large Bus | I9: 7. Light Truck | J9: 8. Medium Truck | K9: 9. Heavy truck | L9: 10. Truck Trailer | M9: 11. Motor cycles | N9: 12. Tractors | O9: Total Excl M/Cycles | P9: Total All | R9: Time | S9: 1. Car | T9: 2. Station Wagon | U9: 3. Pickups | V9: 4. Minibus, matatu | W9: 5. Medium bus | X9: 6. Large Bus | Y9: 7. Light Truck | Z9: 8. Medium Truck | AA9: 9. Heavy truck | AB9: 10. Truck Trailer | AC9: 11. Motorcycles | AD9: 12. Tractors, Graders | AE9: Total Excl M/ Cycles | AF9: Total All
B10: 07.00 - 07.15 | C10: 48 | D10: 6 | E10: 9 | F10: 62 | G10: 0 | H10: 0 | I10: 3 | J10: 1 | K10: 0 | L10: 0 | M10: 77 | N10: 0 | O10: =SUM(C10:L10,N10) -> 129 | P10: =SUM(C10:N10) -> 206 | R10: 0700-0800 | S10: =SUM(C10:C13) -> 263 | T10: =SUM(D10:D13) -> 32 | U10: =SUM(E10:E13) -> 23 | V10: =SUM(F10:F13) -> 167 | W10: =SUM(G10:G13) -> 0 | X10: =SUM(H10:H13) -> 0 | Y10: =SUM(I10:I13) -> 11 | Z10: =SUM(J10:J13) -> 3 | ... AF10: =SUM(P10:P13) -> 870
B11: 07.15 - 07.30 | C11: 97 | D11: 11 | E11: 5 | F11: 41 | G11: 0 | H11: 0 | I11: 3 | J11: 1 | K11: 0 | L11: 0 | M11: 92 | N11: 0 | O11: =SUM(C11:L11,N11) -> 158 | P11: =SUM(C11:N11) -> 250 | R11: 0800-0900 | S11: =SUM(C14:C17) -> 184 | T11: =SUM(D14:D17) -> 34 | U11: =SUM(E14:E17) -> 17 | V11: =SUM(F14:F17) -> 118 | W11: =SUM(G14:G17) -> 1 | X11: =SUM(H14:H17) -> 0 | Y11: =SUM(I14:I17) -> 20 | Z11: =SUM(J14:J17) -> 7 | ... AF11: =SUM(P14:P17) -> 857
B12: 07.30 - 07.45 | C12: 48 | D12: 5 | E12: 2 | F12: 35 | G12: 0 | H12: 0 | I12: 1 | J12: 0 | K12: 0 | L12: 0 | M12: 102 | N12: 0 | O12: =SUM(C12:L12,N12) -> 91 | P12: =SUM(C12:N12) -> 193 | R12: 0900-1000 | S12: =SUM(C18:C21) -> 192 | T12: =SUM(D18:D21) -> 18 | U12: =SUM(E18:E21) -> 15 | V12: =SUM(F18:F21) -> 89 | W12: =SUM(G18:G21) -> 5 | X12: =SUM(H18:H21) -> 0 | Y12: =SUM(I18:I21) -> 13 | Z12: =SUM(J18:J21) -> 6 | ... AF12: =SUM(P18:P21) -> 706
B13: 07.45 - 08.00 | C13: 70 | D13: 10 | E13: 7 | F13: 29 | G13: 0 | H13: 0 | I13: 4 | J13: 1 | K13: 0 | L13: 0 | M13: 100 | N13: 0 | O13: =SUM(C13:L13,N13) -> 121 | P13: =SUM(C13:N13) -> 221 | R13: 1000-1100 | S13: =SUM(C22:C25) -> 163 | T13: =SUM(D22:D25) -> 18 | U13: =SUM(E22:E25) -> 11 | V13: =SUM(F22:F25) -> 61 | W13: =SUM(G22:G25) -> 3 | X13: =SUM(H22:H25) -> 1 | Y13: =SUM(I22:I25) -> 22 | Z13: =SUM(J22:J25) -> 6 | ... AF13: =SUM(P22:P25) -> 689
B14: 08.00 - 08.15 | C14: 54 | D14: 12 | E14: 2 | F14: 34 | G14: 0 | H14: 0 | I14: 6 | J14: 1 | K14: 0 | L14: 0 | M14: 135 | N14: 0 | O14: =SUM(C14:L14,N14) -> 109 | P14: =SUM(C14:N14) -> 244 | R14: 1100-1200 | S14: =SUM(C26:C29) -> 102 | T14: =SUM(D26:D29) -> 15 | U14: =SUM(E26:E29) -> 9 | V14: =SUM(F26:F29) -> 42 | W14: =SUM(G26:G29) -> 0 | X14: =SUM(H26:H29) -> 1 | Y14: =SUM(I26:I29) -> 15 | Z14: =SUM(J26:J29) -> 5 | ... AF14: =SUM(P26:P29) -> 439
B15: 08.15 - 08.30 | C15: 61 | D15: 8 | E15: 4 | F15: 42 | G15: 1 | H15: 0 | I15: 5 | J15: 1 | K15: 0 | L15: 0 | M15: 124 | N15: 0 | O15: =SUM(C15:L15,N15) -> 122 | P15: =SUM(C15:N15) -> 246 | R15: 1200-1300 | S15: =SUM(C30:C33) -> 73 | T15: =SUM(D30:D33) -> 6 | U15: =SUM(E30:E33) -> 8 | V15: =SUM(F30:F33) -> 28 | W15: =SUM(G30:G33) -> 0 | X15: =SUM(H30:H33) -> 0 | Y15: =SUM(I30:I33) -> 11 | Z15: =SUM(J30:J33) -> 4 | ... AF15: =SUM(P30:P33) -> 434
B16: 08.30 - 08.45 | C16: 27 | D16: 6 | E16: 5 | F16: 18 | G16: 0 | H16: 0 | I16: 4 | J16: 2 | K16: 0 | L16: 0 | M16: 112 | N16: 0 | O16: =SUM(C16:L16,N16) -> 62 | P16: =SUM(C16:N16) -> 174 | R16: 1300-1400 | S16: =SUM(C34:C37) -> 44 | T16: =SUM(D34:D37) -> 11 | U16: =SUM(E34:E37) -> 3 | V16: =SUM(F34:F37) -> 20 | W16: =SUM(G34:G37) -> 0 | X16: =SUM(H34:H37) -> 1 | Y16: =SUM(I34:I37) -> 13 | Z16: =SUM(J34:J37) -> 10 | ... AF16: =SUM(P34:P37) -> 339
B17: 08.45 - 9.00 | C17: 42 | D17: 8 | E17: 6 | F17: 24 | G17: 0 | H17: 0 | I17: 5 | J17: 3 | K17: 0 | L17: 0 | M17: 105 | N17: 0 | O17: =SUM(C17:L17,N17) -> 88 | P17: =SUM(C17:N17) -> 193 | R17: 1400-1500 | S17: =SUM(C38:C41) -> 42 | T17: =SUM(D38:D41) -> 14 | U17: =SUM(E38:E41) -> 9 | V17: =SUM(F38:F41) -> 34 | W17: =SUM(G38:G41) -> 0 | X17: =SUM(H38:H41) -> 0 | Y17: =SUM(I38:I41) -> 10 | Z17: =SUM(J38:J41) -> 12 | ... AF17: =SUM(P38:P41) -> 354
B18: 09.00 - 09.15 | C18: 63 | D18: 5 | E18: 6 | F18: 25 | G18: 5 | H18: 0 | I18: 4 | J18: 2 | K18: 0 | L18: 1 | M18: 113 | N18: 0 | O18: =SUM(C18:L18,N18) -> 111 | P18: =SUM(C18:N18) -> 224 | R18: 1500-1600 | S18: =SUM(C42:C45) -> 61 | T18: =SUM(D42:D45) -> 12 | U18: =SUM(E42:E45) -> 6 | V18: =SUM(F42:F45) -> 17 | W18: =SUM(G42:G45) -> 0 | X18: =SUM(H42:H45) -> 1 | Y18: =SUM(I42:I45) -> 21 | Z18: =SUM(J42:J45) -> 8 | ... AF18: =SUM(P42:P45) -> 398
B19: 09.15 - 09.30 | C19: 56 | D19: 7 | E19: 2 | F19: 23 | G19: 0 | H19: 0 | I19: 3 | J19: 1 | K19: 0 | L19: 0 | M19: 105 | N19: 0 | O19: =SUM(C19:L19,N19) -> 92 | P19: =SUM(C19:N19) -> 197 | R19: 1600-1700 | S19: =SUM(C46:C49) -> 51 | T19: =SUM(D46:D49) -> 13 | U19: =SUM(E46:E49) -> 6 | V19: =SUM(F46:F49) -> 20 | W19: =SUM(G46:G49) -> 1 | X19: =SUM(H46:H49) -> 0 | Y19: =SUM(I46:I49) -> 13 | Z19: =SUM(J46:J49) -> 6 | ... AF19: =SUM(P46:P49) -> 391
B20: 09.30 - 09.45 | C20: 45 | D20: 2 | E20: 4 | F20: 20 | G20: 0 | H20: 0 | I20: 1 | J20: 0 | K20: 0 | L20: 0 | M20: 62 | N20: 0 | O20: =SUM(C20:L20,N20) -> 72 | P20: =SUM(C20:N20) -> 134 | R20: 1700-1800 | S20: =SUM(C50:C53) -> 86 | T20: =SUM(D50:D53) -> 15 | U20: =SUM(E50:E53) -> 2 | V20: =SUM(F50:F53) -> 38 | W20: =SUM(G50:G53) -> 1 | X20: =SUM(H50:H53) -> 0 | Y20: =SUM(I50:I53) -> 10 | Z20: =SUM(J50:J53) -> 1 | ... AF20: =SUM(P50:P53) -> 420
B21: 09.45 - 10.00 | C21: 28 | D21: 4 | E21: 3 | F21: 21 | G21: 0 | H21: 0 | I21: 5 | J21: 3 | K21: 0 | L21: 0 | M21: 87 | N21: 0 | O21: =SUM(C21:L21,N21) -> 64 | P21: =SUM(C21:N21) -> 151 | R21: 1800-1900 | S21: =SUM(C54:C57) -> 39 | T21: =SUM(D54:D57) -> 20 | U21: =SUM(E54:E57) -> 8 | V21: =SUM(F54:F57) -> 45 | W21: =SUM(G54:G57) -> 1 | X21: =SUM(H54:H57) -> 1 | Y21: =SUM(I54:I57) -> 5 | Z21: =SUM(J54:J57) -> 4 | ... AF21: =SUM(P54:P57) -> 450
B22: 10.00 - 10.15 | C22: 27 | D22: 5 | E22: 3 | F22: 18 | G22: 3 | H22: 1 | I22: 12 | J22: 5 | K22: 0 | L22: 0 | M22: 98 | N22: 0 | O22: =SUM(C22:L22,N22) -> 74 | P22: =SUM(C22:N22) -> 172 | R22: AM Peak Hr | S22: =MAX(S10:S12) -> 263 | T22: =MAX(T10:T12) -> 34 | U22: =MAX(U10:U12) -> 23 | V22: =MAX(V10:V12) -> 167 | W22: =MAX(W10:W12) -> 5 | X22: =MAX(X10:X12) -> 0 | Y22: =MAX(Y10:Y12) -> 20 | Z22: =MAX(Z10:Z12) -> 7 | ... AF22: =MAX(AF10:AF12) -> 870
B23: 10.15 - 10.30 | C23: 42 | D23: 2 | E23: 2 | F23: 22 | G23: 0 | H23: 0 | I23: 3 | J23: 0 | K23: 0 | L23: 2 | M23: 122 | N23: 0 | O23: =SUM(C23:L23,N23) -> 73 | P23: =SUM(C23:N23) -> 195 | R23: IP Peak Hr | S23: =MAX(S13:S18) -> 163 | T23: =MAX(T13:T18) -> 18 | U23: =MAX(U13:U18) -> 11 | V23: =MAX(V13:V18) -> 61 | W23: =MAX(W13:W18) -> 3 | X23: =MAX(X13:X18) -> 1 | Y23: =MAX(Y13:Y18) -> 22 | Z23: =MAX(Z13:Z18) -> 12 | ... AF23: =MAX(AF13:AF18) -> 689
B24: 10.30 - 10.45 | C24: 31 | D24: 5 | E24: 3 | F24: 9 | G24: 0 | H24: 0 | I24: 2 | J24: 0 | K24: 1 | L24: 0 | M24: 81 | N24: 0 | O24: =SUM(C24:L24,N24) -> 51 | P24: =SUM(C24:N24) -> 132 | R24: PM Peak Hr | S24: =MAX(S19:S21) -> 86 | T24: =MAX(T19:T21) -> 20 | U24: =MAX(U19:U21) -> 8 | V24: =MAX(V19:V21) -> 45 | W24: =MAX(W19:W21) -> 1 | X24: =MAX(X19:X21) -> 1 | Y24: =MAX(Y19:Y21) -> 13 | Z24: =MAX(Z19:Z21) -> 6 | ... AF24: =MAX(AF19:AF21) -> 450
B25: 10.45 - 11.00 | C25: 63 | D25: 6 | E25: 3 | F25: 12 | G25: 0 | H25: 0 | I25: 5 | J25: 1 | K25: 1 | L25: 0 | M25: 99 | N25: 0 | O25: =SUM(C25:L25,N25) -> 91 | P25: =SUM(C25:N25) -> 190 | R25: AM Period | S25: =SUM(S10:S12) -> 639 | T25: =SUM(T10:T12) -> 84 | U25: =SUM(U10:U12) -> 55 | V25: =SUM(V10:V12) -> 374 | W25: =SUM(W10:W12) -> 6 | X25: =SUM(X10:X12) -> 0 | Y25: =SUM(Y10:Y12) -> 44 | Z25: =SUM(Z10:Z12) -> 16 | ... AF25: =SUM(AF10:AF12) -> 2433
B26: 11.00 - 11.15 | C26: 30 | D26: 9 | E26: 3 | F26: 7 | G26: 0 | H26: 0 | I26: 3 | J26: 0 | K26: 0 | L26: 0 | M26: 54 | N26: 0 | O26: =SUM(C26:L26,N26) -> 52 | P26: =SUM(C26:N26) -> 106 | R26: IP Period | S26: =SUM(S13:S18) -> 485 | T26: =SUM(T13:T18) -> 76 | U26: =SUM(U13:U18) -> 46 | V26: =SUM(V13:V18) -> 202 | W26: =SUM(W13:W18) -> 3 | X26: =SUM(X13:X18) -> 4 | Y26: =SUM(Y13:Y18) -> 92 | Z26: =SUM(Z13:Z18) -> 45 | ... AF26: =SUM(AF13:AF18) -> 2653
B27: 11.15 - 11.30 | C27: 32 | D27: 4 | E27: 2 | F27: 9 | G27: 0 | H27: 0 | I27: 6 | J27: 3 | K27: 0 | L27: 1 | M27: 49 | N27: 0 | O27: =SUM(C27:L27,N27) -> 57 | P27: =SUM(C27:N27) -> 106 | R27: PM Period | S27: =SUM(S19:S21) -> 176 | T27: =SUM(T19:T21) -> 48 | U27: =SUM(U19:U21) -> 16 | V27: =SUM(V19:V21) -> 103 | W27: =SUM(W19:W21) -> 3 | X27: =SUM(X19:X21) -> 1 | Y27: =SUM(Y19:Y21) -> 28 | Z27: =SUM(Z19:Z21) -> 11 | ... AF27: =SUM(AF19:AF21) -> 1261
B28: 11.30 - 11.45 | C28: 28 | D28: 1 | E28: 1 | F28: 12 | G28: 0 | H28: 0 | I28: 2 | J28: 1 | K28: 1 | L28: 0 | M28: 82 | N28: 0 | O28: =SUM(C28:L28,N28) -> 46 | P28: =SUM(C28:N28) -> 128 | R28: 12 Hours | S28: =SUM(S10:S21) -> 1300 | T28: =SUM(T10:T21) -> 208 | U28: =SUM(U10:U21) -> 117 | V28: =SUM(V10:V21) -> 679 | W28: =SUM(W10:W21) -> 12 | X28: =SUM(X10:X21) -> 5 | Y28: =SUM(Y10:Y21) -> 164 | Z28: =SUM(Z10:Z21) -> 72 | ... AF28: =SUM(AF10:AF21) -> 6347
B29: 11.45 - 12.00 | C29: 12 | D29: 1 | E29: 3 | F29: 14 | G29: 0 | H29: 1 | I29: 4 | J29: 1 | K29: 0 | L29: 0 | M29: 63 | N29: 0 | O29: =SUM(C29:L29,N29) -> 36 | P29: =SUM(C29:N29) -> 99
B30: 12.00 - 12.15 | C30: 26 | D30: 4 | E30: 5 | F30: 9 | G30: 0 | H30: 0 | I30: 1 | J30: 1 | K30: 0 | L30: 0 | M30: 88 | N30: 0 | O30: =SUM(C30:L30,N30) -> 46 | P30: =SUM(C30:N30) -> 134
B31: 12.15 - 12.30 | C31: 16 | D31: 0 | E31: 0 | F31: 10 | G31: 0 | H31: 0 | I31: 3 | J31: 0 | K31: 0 | L31: 0 | M31: 71 | N31: 0 | O31: =SUM(C31:L31,N31) -> 29 | P31: =SUM(C31:N31) -> 100
B32: 12.30 - 12.45 | C32: 13 | D32: 1 | E32: 2 | F32: 3 | G32: 0 | H32: 0 | I32: 3 | J32: 1 | K32: 0 | L32: 0 | M32: 73 | N32: 0 | O32: =SUM(C32:L32,N32) -> 23 | P32: =SUM(C32:N32) -> 96
B33: 12.45 - 13.00 | C33: 18 | D33: 1 | E33: 1 | F33: 6 | G33: 0 | H33: 0 | I33: 4 | J33: 2 | K33: 0 | L33: 0 | M33: 72 | N33: 0 | O33: =SUM(C33:L33,N33) -> 32 | P33: =SUM(C33:N33) -> 104
B34: 13.00 - 13.15 | C34: 12 | D34: 3 | E34: 0 | F34: 4 | G34: 0 | H34: 0 | I34: 3 | J34: 6 | K34: 0 | L34: 0 | M34: 75 | N34: 0 | O34: =SUM(C34:L34,N34) -> 28 | P34: =SUM(C34:N34) -> 103
B35: 13.15 - 13.30 | C35: 7 | D35: 3 | E35: 2 | F35: 5 | G35: 0 | H35: 0 | I35: 5 | J35: 0 | K35: 0 | L35: 0 | M35: 59 | N35: 0 | O35: =SUM(C35:L35,N35) -> 22 | P35: =SUM(C35:N35) -> 81
B36: 13.30 - 13.45 | C36: 7 | D36: 3 | E36: 0 | F36: 6 | G36: 0 | H36: 1 | I36: 1 | J36: 0 | K36: 0 | L36: 0 | M36: 53 | N36: 0 | O36: =SUM(C36:L36,N36) -> 18 | P36: =SUM(C36:N36) -> 71
B37: 13.45 - 14.00 | C37: 18 | D37: 2 | E37: 1 | F37: 5 | G37: 0 | H37: 0 | I37: 4 | J37: 4 | K37: 0 | L37: 1 | M37: 49 | N37: 0 | O37: =SUM(C37:L37,N37) -> 35 | P37: =SUM(C37:N37) -> 84
B38: 14.00 - 14.15 | C38: 8 | D38: 3 | E38: 3 | F38: 8 | G38: 0 | H38: 0 | I38: 2 | J38: 3 | K38: 1 | L38: 0 | M38: 77 | N38: 0 | O38: =SUM(C38:L38,N38) -> 28 | P38: =SUM(C38:N38) -> 105
B39: 14.15 - 14.30 | C39: 13 | D39: 3 | E39: 2 | F39: 7 | G39: 0 | H39: 0 | I39: 4 | J39: 2 | K39: 1 | L39: 1 | M39: 52 | N39: 0 | O39: =SUM(C39:L39,N39) -> 33 | P39: =SUM(C39:N39) -> 85
B40: 14.30 - 14.45 | C40: 7 | D40: 2 | E40: 1 | F40: 12 | G40: 0 | H40: 0 | I40: 2 | J40: 4 | K40: 0 | L40: 1 | M40: 38 | N40: 0 | O40: =SUM(C40:L40,N40) -> 29 | P40: =SUM(C40:N40) -> 67
... B57: 18.45 - 19.00 | C57: 2 | D57: 2 | E57: 1 | F57: 8 | G57: 0 | H57: 0 | I57: 0 | J57: 0 | K57: 0 | L57: 0 | M57: 112 | N57: 0 | O57: =SUM(C57:L57,N57) -> 13 | P57: =SUM(C57:N57) -> 125
B58: Totals | C58: =SUM(C10:C57) -> 1300 | D58: =SUM(D10:D57) -> 208 | E58: =SUM(E10:E57) -> 117 | F58: =SUM(F10:F57) -> 679 | G58: =SUM(G10:G57) -> 12 | H58: =SUM(H10:H57) -> 5 | I58: =SUM(I10:I57) -> 164 | J58: =SUM(J10:J57) -> 72 | ... P58: =SUM(P10:P57) -> 6347
B59: %ges + MCs | C59: =C58/$P$58 -> 0.20482118 | D59: =D58/$P$58 -> 0.032771388 | E59: =E58/$P$58 -> 0.018433906 | F59: =F58/$P$58 -> 0.10697968 | G59: =G58/$P$58 -> 0.001890657 | H59: =H58/$P$58 -> 0.00078777375 | I59: =I58/$P$58 -> 0.025838979 | J59: =J58/$P$58 -> 0.011343942 | ... N59: =N58/$P$58 -> 0
B60: %ges w/o MCs | C60: =C58/$O$58 -> 0.50485437 | D60: =D58/$O$58 -> 0.080776699 | E60: =E58/$O$58 -> 0.045436893 | F60: =F58/$O$58 -> 0.26368932 | G60: =G58/$O$58 -> 0.0046601942 | H60: =H58/$O$58 -> 0.0019417476 | I60: =I58/$O$58 -> 0.06368932 | J60: =J58/$O$58 -> 0.027961165 | ... L60: =L58/$O$58 -> 0.0042718447 | N60: =N58/$O$58 -> 0

Sheet 26.07 SentemaRBT-Sentema-24h
B1: Consultancy services for Preparation of Expressway Development Master Plan (EDMP) for Uganda
B2: MANUAL CLASSIFIED COUNT (MCC)
B3: ROAD NAME: | C3: ='22.07 SentemaRBT-Sentema'!C3:G3 -> MCC - C1 - STN15 - SENTEMA ROAD
C5: Date | D5: 26.07.19 | F5: Location | G5: ='25.07 Sentema-SentemaRBT'!G5:H5 -> Ku roofings | J5: Surveyor | K5: Weere Junior
C6: Dir. From | D6: ='22.07 SentemaRBT-Sentema'!D6:E6 -> Sentema RBT | F6: Dir. To | G6: ='22.07 SentemaRBT-Sentema'!G6:H6 -> Sentema | J6: Supervisor | K6: ='25.07 Sentema-SentemaRBT'!K6:L6 -> Isaac
B8: Time / Veh Type | R8: SUMMARY TRAFFIC VOLUMES
C9: 1. Car | D9: 2. Station Wagon | E9: 3. Pickups | F9: 4. Minibus, matatu | G9: 5. Medium bus | H9: 6. Large Bus | I9: 7. Light Truck | J9: 8. Medium Truck | K9: 9. Heavy truck | L9: 10. Truck Trailer | M9: 11. Motor cycles | N9: 12. Tractors | O9: Total Excl M/Cycles | P9: Total All | R9: Time | S9: 1. Car | T9: 2. Station Wagon | U9: 3. Pickups | V9: 4. Minibus, matatu | W9: 5. Medium bus | X9: 6. Large Bus | Y9: 7. Light Truck | Z9: 8. Medium Truck | AA9: 9. Heavy truck | AB9: 10. Truck Trailer | AC9: 11. Motorcycles | AD9: 12. Tractors, Graders | AE9: Total Excl M/ Cycles | AF9: Total All
B10: 07.00 - 07.15 | C10: 9 | D10: 1 | E10: 4 | F10: 1 | G10: 2 | H10: 0 | I10: 3 | J10: 2 | K10: 0 | L10: 0 | M10: 27 | N10: 0 | O10: =SUM(C10:L10,N10) -> 22 | P10: =SUM(C10:N10) -> 49 | R10: 0700-0800 | S10: =SUM(C10:C13) -> 31 | T10: =SUM(D10:D13) -> 11 | U10: =SUM(E10:E13) -> 10 | V10: =SUM(F10:F13) -> 50 | W10: =SUM(G10:G13) -> 2 | X10: =SUM(H10:H13) -> 0 | Y10: =SUM(I10:I13) -> 8 | Z10: =SUM(J10:J13) -> 9 | ... AF10: =SUM(P10:P13) -> 296
B11: 07.15 - 07.30 | C11: 8 | D11: 1 | E11: 1 | F11: 12 | G11: 0 | H11: 0 | I11: 0 | J11: 3 | K11: 0 | L11: 0 | M11: 31 | N11: 0 | O11: =SUM(C11:L11,N11) -> 25 | P11: =SUM(C11:N11) -> 56 | R11: 0800-0900 | S11: =SUM(C14:C17) -> 27 | T11: =SUM(D14:D17) -> 11 | U11: =SUM(E14:E17) -> 0 | V11: =SUM(F14:F17) -> 52 | W11: =SUM(G14:G17) -> 2 | X11: =SUM(H14:H17) -> 1 | Y11: =SUM(I14:I17) -> 15 | Z11: =SUM(J14:J17) -> 5 | ... AF11: =SUM(P14:P17) -> 328
B12: 07.30 - 07.45 | C12: 3 | D12: 1 | E12: 1 | F12: 14 | G12: 0 | H12: 0 | I12: 1 | J12: 1 | K12: 0 | L12: 0 | M12: 49 | N12: 0 | O12: =SUM(C12:L12,N12) -> 21 | P12: =SUM(C12:N12) -> 70 | R12: 0900-1000 | S12: =SUM(C18:C21) -> 39 | T12: =SUM(D18:D21) -> 7 | U12: =SUM(E18:E21) -> 14 | V12: =SUM(F18:F21) -> 55 | W12: =SUM(G18:G21) -> 0 | X12: =SUM(H18:H21) -> 2 | Y12: =SUM(I18:I21) -> 17 | Z12: =SUM(J18:J21) -> 5 | ... AF12: =SUM(P18:P21) -> 367
B13: 07.45 - 08.00 | C13: 11 | D13: 8 | E13: 4 | F13: 23 | G13: 0 | H13: 0 | I13: 4 | J13: 3 | K13: 1 | L13: 0 | M13: 67 | N13: 0 | O13: =SUM(C13:L13,N13) -> 54 | P13: =SUM(C13:N13) -> 121 | R13: 1000-1100 | S13: =SUM(C22:C25) -> 25 | T13: =SUM(D22:D25) -> 6 | U13: =SUM(E22:E25) -> 11 | V13: =SUM(F22:F25) -> 50 | W13: =SUM(G22:G25) -> 0 | X13: =SUM(H22:H25) -> 0 | Y13: =SUM(I22:I25) -> 14 | Z13: =SUM(J22:J25) -> 6 | ... AF13: =SUM(P22:P25) -> 310
B14: 08.00 - 08.15 | C14: 5 | D14: 2 | E14: 0 | F14: 13 | G14: 0 | H14: 0 | I14: 3 | J14: 1 | K14: 0 | L14: 0 | M14: 40 | N14: 0 | O14: =SUM(C14:L14,N14) -> 24 | P14: =SUM(C14:N14) -> 64 | R14: 1100-1200 | S14: =SUM(C26:C29) -> 25 | T14: =SUM(D26:D29) -> 10 | U14: =SUM(E26:E29) -> 9 | V14: =SUM(F26:F29) -> 29 | W14: =SUM(G26:G29) -> 1 | X14: =SUM(H26:H29) -> 1 | Y14: =SUM(I26:I29) -> 17 | Z14: =SUM(J26:J29) -> 9 | ... AF14: =SUM(P26:P29) -> 340
B15: 08.15 - 08.30 | C15: 8 | D15: 3 | E15: 0 | F15: 11 | G15: 1 | H15: 1 | I15: 2 | J15: 0 | K15: 0 | L15: 2 | M15: 53 | N15: 0 | O15: =SUM(C15:L15,N15) -> 28 | P15: =SUM(C15:N15) -> 81 | R15: 1200-1300 | S15: =SUM(C30:C33) -> 38 | T15: =SUM(D30:D33) -> 8 | U15: =SUM(E30:E33) -> 11 | V15: =SUM(F30:F33) -> 24 | W15: =SUM(G30:G33) -> 0 | X15: =SUM(H30:H33) -> 0 | Y15: =SUM(I30:I33) -> 19 | Z15: =SUM(J30:J33) -> 7 | ... AF15: =SUM(P30:P33) -> 311
B16: 08.30 - 08.45 | C16: 4 | D16: 6 | E16: 0 | F16: 15 | G16: 1 | H16: 0 | I16: 7 | J16: 1 | K16: 0 | L16: 0 | M16: 55 | N16: 0 | O16: =SUM(C16:L16,N16) -> 34 | P16: =SUM(C16:N16) -> 89 | R16: 1300-1400 | S16: =SUM(C34:C37) -> 29 | T16: =SUM(D34:D37) -> 10 | U16: =SUM(E34:E37) -> 2 | V16: =SUM(F34:F37) -> 24 | W16: =SUM(G34:G37) -> 0 | X16: =SUM(H34:H37) -> 0 | Y16: =SUM(I34:I37) -> 14 | Z16: =SUM(J34:J37) -> 2 | ... AF16: =SUM(P34:P37) -> 209
B17: 08.45 - 9.00 | C17: 10 | D17: 0 | E17: 0 | F17: 13 | G17: 0 | H17: 0 | I17: 3 | J17: 3 | K17: 0 | L17: 0 | M17: 65 | N17: 0 | O17: =SUM(C17:L17,N17) -> 29 | P17: =SUM(C17:N17) -> 94 | R17: 1400-1500 | S17: =SUM(C38:C41) -> 35 | T17: =SUM(D38:D41) -> 14 | U17: =SUM(E38:E41) -> 13 | V17: =SUM(F38:F41) -> 27 | W17: =SUM(G38:G41) -> 0 | X17: =SUM(H38:H41) -> 1 | Y17: =SUM(I38:I41) -> 16 | Z17: =SUM(J38:J41) -> 2 | ... AF17: =SUM(P38:P41) -> 295
B18: 09.00 - 09.15 | C18: 12 | D18: 1 | E18: 2 | F18: 20 | G18: 0 | H18: 0 | I18: 5 | J18: 2 | K18: 0 | L18: 0 | M18: 63 | N18: 0 | O18: =SUM(C18:L18,N18) -> 42 | P18: =SUM(C18:N18) -> 105 | R18: 1500-1600 | S18: =SUM(C42:C45) -> 45 | T18: =SUM(D42:D45) -> 14 | U18: =SUM(E42:E45) -> 14 | V18: =SUM(F42:F45) -> 28 | W18: =SUM(G42:G45) -> 0 | X18: =SUM(H42:H45) -> 0 | Y18: =SUM(I42:I45) -> 16 | Z18: =SUM(J42:J45) -> 4 | ... AF18: =SUM(P42:P45) -> 310
B19: 09.15 - 09.30 | C19: 7 | D19: 0 | E19: 2 | F19: 11 | G19: 0 | H19: 0 | I19: 7 | J19: 1 | K19: 0 | L19: 0 | M19: 50 | N19: 0 | O19: =SUM(C19:L19,N19) -> 28 | P19: =SUM(C19:N19) -> 78 | R19: 1600-1700 | S19: =SUM(C46:C49) -> 62 | T19: =SUM(D46:D49) -> 14 | U19: =SUM(E46:E49) -> 13 | V19: =SUM(F46:F49) -> 28 | W19: =SUM(G46:G49) -> 0 | X19: =SUM(H46:H49) -> 0 | Y19: =SUM(I46:I49) -> 11 | Z19: =SUM(J46:J49) -> 5 | ... AF19: =SUM(P46:P49) -> 324
B20: 09.30 - 09.45 | C20: 6 | D20: 4 | E20: 3 | F20: 13 | G20: 0 | H20: 0 | I20: 3 | J20: 1 | K20: 0 | L20: 0 | M20: 52 | N20: 0 | O20: =SUM(C20:L20,N20) -> 30 | P20: =SUM(C20:N20) -> 82 | R20: 1700-1800 | S20: =SUM(C50:C53) -> 104 | T20: =SUM(D50:D53) -> 15 | U20: =SUM(E50:E53) -> 6 | V20: =SUM(F50:F53) -> 45 | W20: =SUM(G50:G53) -> 1 | X20: =SUM(H50:H53) -> 0 | Y20: =SUM(I50:I53) -> 12 | Z20: =SUM(J50:J53) -> 10 | ... AF20: =SUM(P50:P53) -> 426
B21: 09.45 - 10.00 | C21: 14 | D21: 2 | E21: 7 | F21: 11 | G21: 0 | H21: 2 | I21: 2 | J21: 1 | K21: 0 | L21: 0 | M21: 63 | N21: 0 | O21: =SUM(C21:L21,N21) -> 39 | P21: =SUM(C21:N21) -> 102 | R21: 1800-1900 | S21: =SUM(C54:C57) -> 101 | T21: =SUM(D54:D57) -> 27 | U21: =SUM(E54:E57) -> 6 | V21: =SUM(F54:F57) -> 60 | W21: =SUM(G54:G57) -> 0 | X21: =SUM(H54:H57) -> 0 | Y21: =SUM(I54:I57) -> 20 | Z21: =SUM(J54:J57) -> 4 | ... AF21: =SUM(P54:P57) -> 507
B22: 10.00 - 10.15 | C22: 8 | D22: 0 | E22: 3 | F22: 16 | G22: 0 | H22: 0 | I22: 1 | J22: 1 | K22: 1 | L22: 0 | M22: 50 | N22: 0 | O22: =SUM(C22:L22,N22) -> 30 | P22: =SUM(C22:N22) -> 80 | R22: 1900-2000 | S22: =SUM(C58:C61) -> 76 | T22: =SUM(D58:D61) -> 41 | U22: =SUM(E58:E61) -> 15 | V22: =SUM(F58:F61) -> 60 | W22: =SUM(G58:G61) -> 2 | X22: =SUM(H58:H61) -> 1 | Y22: =SUM(I58:I61) -> 12 | Z22: =SUM(J58:J61) -> 1 | ... AF22: =SUM(P58:P61) -> 457
B23: 10.15 - 10.30 | C23: 5 | D23: 2 | E23: 4 | F23: 10 | G23: 0 | H23: 0 | I23: 2 | J23: 2 | K23: 0 | L23: 0 | M23: 40 | N23: 0 | O23: =SUM(C23:L23,N23) -> 25 | P23: =SUM(C23:N23) -> 65 | R23: 2000-2100 | S23: =SUM(C62:C65) -> 78 | T23: =SUM(D62:D65) -> 17 | U23: =SUM(E62:E65) -> 11 | V23: =SUM(F62:F65) -> 44 | W23: =SUM(G62:G65) -> 1 | X23: =SUM(H62:H65) -> 0 | Y23: =SUM(I62:I65) -> 7 | Z23: =SUM(J62:J65) -> 2 | ... AF23: =SUM(P62:P65) -> 423
B24: 10.30 - 10.45 | C24: 8 | D24: 2 | E24: 2 | F24: 15 | G24: 0 | H24: 0 | I24: 4 | J24: 2 | K24: 0 | L24: 0 | M24: 52 | N24: 1 | O24: =SUM(C24:L24,N24) -> 34 | P24: =SUM(C24:N24) -> 86 | R24: 2100-2200 | S24: =SUM(C66:C69) -> 51 | T24: =SUM(D66:D69) -> 19 | U24: =SUM(E66:E69) -> 5 | V24: =SUM(F66:F69) -> 19 | W24: =SUM(G66:G69) -> 3 | X24: =SUM(H66:H69) -> 0 | Y24: =SUM(I66:I69) -> 7 | Z24: =SUM(J66:J69) -> 2 | ... AF24: =SUM(P66:P69) -> 261
B25: 10.45 - 11.00 | C25: 4 | D25: 2 | E25: 2 | F25: 9 | G25: 0 | H25: 0 | I25: 7 | J25: 1 | K25: 2 | L25: 0 | M25: 52 | N25: 0 | O25: =SUM(C25:L25,N25) -> 27 | P25: =SUM(C25:N25) -> 79 | R25: 2200-2300 | S25: =SUM(C70:C73) -> 30 | T25: =SUM(D70:D73) -> 10 | U25: =SUM(E70:E73) -> 3 | V25: =SUM(F70:F73) -> 5 | W25: =SUM(G70:G73) -> 1 | X25: =SUM(H70:H73) -> 0 | Y25: =SUM(I70:I73) -> 1 | Z25: =SUM(J70:J73) -> 3 | ... AF25: =SUM(P70:P73) -> 114
B26: 11.00 - 11.15 | C26: 8 | D26: 3 | E26: 2 | F26: 7 | G26: 0 | H26: 0 | I26: 5 | J26: 2 | K26: 2 | L26: 0 | M26: 63 | N26: 0 | O26: =SUM(C26:L26,N26) -> 29 | P26: =SUM(C26:N26) -> 92 | R26: 2300-0000 | S26: =SUM(C74:C77) -> 14 | T26: =SUM(D74:D77) -> 4 | U26: =SUM(E74:E77) -> 0 | V26: =SUM(F74:F77) -> 2 | W26: =SUM(G74:G77) -> 1 | X26: =SUM(H74:H77) -> 0 | Y26: =SUM(I74:I77) -> 1 | Z26: =SUM(J74:J77) -> 2 | ... AF26: =SUM(P74:P77) -> 51
B27: 11.15 - 11.30 | C27: 4 | D27: 2 | E27: 2 | F27: 12 | G27: 0 | H27: 1 | I27: 2 | J27: 2 | K27: 0 | L27: 0 | M27: 66 | N27: 0 | O27: =SUM(C27:L27,N27) -> 25 | P27: =SUM(C27:N27) -> 91 | R27: 0000-0100 | S27: =SUM(C78:C81) -> 7 | T27: =SUM(D78:D81) -> 1 | U27: =SUM(E78:E81) -> 0 | V27: =SUM(F78:F81) -> 0 | W27: =SUM(G78:G81) -> 0 | X27: =SUM(H78:H81) -> 0 | Y27: =SUM(I78:I81) -> 0 | Z27: =SUM(J78:J81) -> 1 | ... AF27: =SUM(P78:P81) -> 23
B28: 11.30 - 11.45 | C28: 8 | D28: 2 | E28: 3 | F28: 3 | G28: 1 | H28: 0 | I28: 8 | J28: 1 | K28: 0 | L28: 0 | M28: 48 | N28: 0 | O28: =SUM(C28:L28,N28) -> 26 | P28: =SUM(C28:N28) -> 74 | R28: 0100-0200 | S28: =SUM(C82:C85) -> 0 | T28: =SUM(D82:D85) -> 0 | U28: =SUM(E82:E85) -> 0 | V28: =SUM(F82:F85) -> 0 | W28: =SUM(G82:G85) -> 0 | X28: =SUM(H82:H85) -> 0 | Y28: =SUM(I82:I85) -> 0 | Z28: =SUM(J82:J85) -> 0 | ... AF28: =SUM(P82:P85) -> 0
B29: 11.45 - 12.00 | C29: 5 | D29: 3 | E29: 2 | F29: 7 | G29: 0 | H29: 0 | I29: 2 | J29: 4 | K29: 2 | L29: 0 | M29: 58 | N29: 0 | O29: =SUM(C29:L29,N29) -> 25 | P29: =SUM(C29:N29) -> 83 | R29: 0200-0300 | S29: =SUM(C86:C89) -> 0 | T29: =SUM(D86:D89) -> 0 | U29: =SUM(E86:E89) -> 0 | V29: =SUM(F86:F89) -> 0 | W29: =SUM(G86:G89) -> 0 | X29: =SUM(H86:H89) -> 0 | Y29: =SUM(I86:I89) -> 0 | Z29: =SUM(J86:J89) -> 0 | ... AF29: =SUM(P86:P89) -> 0
B30: 12.00 - 12.15 | C30: 13 | D30: 2 | E30: 4 | F30: 5 | G30: 0 | H30: 0 | I30: 2 | J30: 1 | K30: 0 | L30: 0 | M30: 45 | N30: 0 | O30: =SUM(C30:L30,N30) -> 27 | P30: =SUM(C30:N30) -> 72 | R30: 0300-0400 | S30: =SUM(C90:C93) -> 3 | T30: =SUM(D90:D93) -> 0 | U30: =SUM(E90:E93) -> 1 | V30: =SUM(F90:F93) -> 1 | W30: =SUM(G90:G93) -> 0 | X30: =SUM(H90:H93) -> 0 | Y30: =SUM(I90:I93) -> 0 | Z30: =SUM(J90:J93) -> 1 | ... AF30: =SUM(P90:P93) -> 10
B31: 12.15 - 12.30 | C31: 5 | D31: 2 | E31: 3 | F31: 6 | G31: 0 | H31: 0 | I31: 8 | J31: 2 | K31: 0 | L31: 0 | M31: 47 | N31: 0 | O31: =SUM(C31:L31,N31) -> 26 | P31: =SUM(C31:N31) -> 73 | R31: 0400-0500 | S31: =SUM(C94:C97) -> 3 | T31: =SUM(D94:D97) -> 0 | U31: =SUM(E94:E97) -> 0 | V31: =SUM(F94:F97) -> 1 | W31: =SUM(G94:G97) -> 0 | X31: =SUM(H94:H97) -> 0 | Y31: =SUM(I94:I97) -> 0 | Z31: =SUM(J94:J97) -> 2 | ... AF31: =SUM(P94:P97) -> 7
B32: 12.30 - 12.45 | C32: 13 | D32: 2 | E32: 3 | F32: 6 | G32: 0 | H32: 0 | I32: 7 | J32: 2 | K32: 0 | L32: 0 | M32: 50 | N32: 0 | O32: =SUM(C32:L32,N32) -> 33 | P32: =SUM(C32:N32) -> 83 | R32: 0500-0600 | S32: =SUM(C98:C101) -> 14 | T32: =SUM(D98:D101) -> 1 | U32: =SUM(E98:E101) -> 0 | V32: =SUM(F98:F101) -> 8 | W32: =SUM(G98:G101) -> 0 | X32: =SUM(H98:H101) -> 0 | Y32: =SUM(I98:I101) -> 2 | Z32: =SUM(J98:J101) -> 0 | ... AF32: =SUM(P98:P101) -> 65
B33: 12.45 - 13.00 | C33: 7 | D33: 2 | E33: 1 | F33: 7 | G33: 0 | H33: 0 | I33: 2 | J33: 2 | K33: 0 | L33: 0 | M33: 62 | N33: 0 | O33: =SUM(C33:L33,N33) -> 21 | P33: =SUM(C33:N33) -> 83 | R33: 0600-0700 | S33: =SUM(C102:C105) -> 16 | T33: =SUM(D102:D105) -> 5 | U33: =SUM(E102:E105) -> 2 | V33: =SUM(F102:F105) -> 19 | W33: =SUM(G102:G105) -> 1 | X33: =SUM(H102:H105) -> 0 | Y33: =SUM(I102:I105) -> 9 | Z33: =SUM(J102:J105) -> 1 | ... AF33: =SUM(P102:P105) -> 116
B34: 13.00 - 13.15 | C34: 12 | D34: 2 | E34: 0 | F34: 7 | G34: 0 | H34: 0 | I34: 3 | J34: 0 | K34: 0 | L34: 0 | M34: 25 | N34: 0 | O34: =SUM(C34:L34,N34) -> 24 | P34: =SUM(C34:N34) -> 49 | R34: AM Peak Hr | S34: =MAX(S10:S12) -> 39 | T34: =MAX(T10:T12) -> 11 | U34: =MAX(U10:U12) -> 14 | V34: =MAX(V10:V12) -> 55 | W34: =MAX(W10:W12) -> 2 | X34: =MAX(X10:X12) -> 2 | Y34: =MAX(Y10:Y12) -> 17 | Z34: =MAX(Z10:Z12) -> 9 | ... AF34: =MAX(AF10:AF12) -> 367
B35: 13.15 - 13.30 | C35: 3 | D35: 4 | E35: 1 | F35: 7 | G35: 0 | H35: 0 | I35: 7 | J35: 1 | K35: 0 | L35: 0 | M35: 25 | N35: 0 | O35: =SUM(C35:L35,N35) -> 23 | P35: =SUM(C35:N35) -> 48 | R35: IP Peak Hr | S35: =MAX(S13:S18) -> 45 | T35: =MAX(T13:T18) -> 14 | U35: =MAX(U13:U18) -> 14 | V35: =MAX(V13:V18) -> 50 | W35: =MAX(W13:W18) -> 1 | X35: =MAX(X13:X18) -> 1 | Y35: =MAX(Y13:Y18) -> 19 | Z35: =MAX(Z13:Z18) -> 9 | ... AF35: =MAX(AF13:AF18) -> 340
B36: 13.30 - 13.45 | C36: 4 | D36: 1 | E36: 0 | F36: 1 | G36: 0 | H36: 0 | I36: 0 | J36: 0 | K36: 6 | L36: 1 | M36: 12 | N36: 0 | O36: =SUM(C36:L36,N36) -> 13 | P36: =SUM(C36:N36) -> 25 | R36: PM Peak Hr | S36: =MAX(S19:S21) -> 104 | T36: =MAX(T19:T21) -> 27 | U36: =MAX(U19:U21) -> 13 | V36: =MAX(V19:V21) -> 60 | W36: =MAX(W19:W21) -> 1 | X36: =MAX(X19:X21) -> 0 | Y36: =MAX(Y19:Y21) -> 20 | Z36: =MAX(Z19:Z21) -> 10 | ... AF36: =MAX(AF19:AF21) -> 507
B37: 13.45 - 14.00 | C37: 10 | D37: 3 | E37: 1 | F37: 9 | G37: 0 | H37: 0 | I37: 4 | J37: 1 | K37: 1 | L37: 0 | M37: 58 | N37: 0 | O37: =SUM(C37:L37,N37) -> 29 | P37: =SUM(C37:N37) -> 87 | R37: AM Period | S37: =SUM(S10:S12) -> 97 | T37: =SUM(T10:T12) -> 29 | U37: =SUM(U10:U12) -> 24 | V37: =SUM(V10:V12) -> 157 | W37: =SUM(W10:W12) -> 4 | X37: =SUM(X10:X12) -> 3 | Y37: =SUM(Y10:Y12) -> 40 | Z37: =SUM(Z10:Z12) -> 19 | ... AF37: =SUM(AF10:AF12) -> 991
B38: 14.00 - 14.15 | C38: 15 | D38: 4 | E38: 5 | F38: 10 | G38: 0 | H38: 0 | I38: 3 | J38: 0 | K38: 2 | L38: 0 | M38: 45 | N38: 0 | O38: =SUM(C38:L38,N38) -> 39 | P38: =SUM(C38:N38) -> 84 | R38: IP Period | S38: =SUM(S13:S18) -> 197 | T38: =SUM(T13:T18) -> 62 | U38: =SUM(U13:U18) -> 60 | V38: =SUM(V13:V18) -> 182 | W38: =SUM(W13:W18) -> 1 | X38: =SUM(X13:X18) -> 2 | Y38: =SUM(Y13:Y18) -> 96 | Z38: =SUM(Z13:Z18) -> 30 | ... AF38: =SUM(AF13:AF18) -> 1775
B39: 14.15 - 14.30 | C39: 9 | D39: 4 | E39: 4 | F39: 6 | G39: 0 | H39: 0 | I39: 6 | J39: 1 | K39: 1 | L39: 0 | M39: 32 | N39: 0 | O39: =SUM(C39:L39,N39) -> 31 | P39: =SUM(C39:N39) -> 63 | R39: PM Period | S39: =SUM(S19:S21) -> 267 | T39: =SUM(T19:T21) -> 56 | U39: =SUM(U19:U21) -> 25 | V39: =SUM(V19:V21) -> 133 | W39: =SUM(W19:W21) -> 1 | X39: =SUM(X19:X21) -> 0 | Y39: =SUM(Y19:Y21) -> 43 | Z39: =SUM(Z19:Z21) -> 19 | ... AF39: =SUM(AF19:AF21) -> 1257
B40: 14.30 - 14.45 | C40: 3 | D40: 3 | E40: 2 | F40: 6 | G40: 0 | H40: 0 | I40: 2 | J40: 1 | K40: 0 | L40: 0 | M40: 46 | N40: 0 | O40: =SUM(C40:L40,N40) -> 17 | P40: =SUM(C40:N40) -> 63 | R40: 12 Hours | S40: =SUM(S10:S21) -> 561 | T40: =SUM(T10:T21) -> 147 | U40: =SUM(U10:U21) -> 109 | V40: =SUM(V10:V21) -> 472 | W40: =SUM(W10:W21) -> 6 | X40: =SUM(X10:X21) -> 5 | Y40: =SUM(Y10:Y21) -> 179 | Z40: =SUM(Z10:Z21) -> 68 | ... AF40: =SUM(AF10:AF21) -> 4023
B41: 14.45 - 15.00 | C41: 8 | D41: 3 | E41: 2 | F41: 5 | G41: 0 | H41: 1 | I41: 5 | J41: 0 | K41: 1 | L41: 0 | M41: 60 | N41: 0 | O41: =SUM(C41:L41,N41) -> 25 | P41: =SUM(C41:N41) -> 85 | R41: 24 Hrs/ADT | S41: =SUM(S10:S33) -> 853 | T41: =SUM(T10:T33) -> 245 | U41: =SUM(U10:U33) -> 146 | V41: =SUM(V10:V33) -> 631 | W41: =SUM(W10:W33) -> 15 | X41: =SUM(X10:X33) -> 6 | Y41: =SUM(Y10:Y33) -> 218 | Z41: =SUM(Z10:Z33) -> 83 | ... AF41: =SUM(AF10:AF33) -> 5550
B42: 15.00 - 15.15 | C42: 9 | D42: 4 | E42: 5 | F42: 10 | G42: 0 | H42: 0 | I42: 3 | J42: 0 | K42: 0 | L42: 0 | M42: 45 | N42: 0 | O42: =SUM(C42:L42,N42) -> 31 | P42: =SUM(C42:N42) -> 76 | R42: NEF | S42: =S41/S40 -> 1.5204991 | T42: =T41/T40 -> 1.6666667 | U42: =U41/U40 -> 1.3394495 | V42: =V41/V40 -> 1.3368644 | W42: =W41/W40 -> 2.5 | X42: =X41/X40 -> 1.2 | Y42: =Y41/Y40 -> 1.2178771 | Z42: =Z41/Z40 -> 1.2205882 | ... AF42: =AF41/AF40 -> 1.3795675
B43: 15.15 - 15.30 | C43: 14 | D43: 5 | E43: 2 | F43: 6 | G43: 0 | H43: 0 | I43: 7 | J43: 2 | K43: 0 | L43: 0 | M43: 40 | N43: 0 | O43: =SUM(C43:L43,N43) -> 36 | P43: =SUM(C43:N43) -> 76
B44: 15.30 - 15.45 | C44: 9 | D44: 2 | E44: 3 | F44: 6 | G44: 0 | H44: 0 | I44: 4 | J44: 0 | K44: 0 | L44: 0 | M44: 55 | N44: 0 | O44: =SUM(C44:L44,N44) -> 24 | P44: =SUM(C44:N44) -> 79
B45: 15.45 - 16.00 | C45: 13 | D45: 3 | E45: 4 | F45: 6 | G45: 0 | H45: 0 | I45: 2 | J45: 2 | K45: 0 | L45: 0 | M45: 49 | N45: 0 | O45: =SUM(C45:L45,N45) -> 30 | P45: =SUM(C45:N45) -> 79
B46: 16.00 - 16.15 | C46: 12 | D46: 2 | E46: 1 | F46: 8 | G46: 0 | H46: 0 | I46: 5 | J46: 1 | K46: 0 | L46: 2 | M46: 47 | N46: 0 | O46: =SUM(C46:L46,N46) -> 31 | P46: =SUM(C46:N46) -> 78
B47: 16.15 -16.30 | C47: 16 | D47: 3 | E47: 2 | F47: 3 | G47: 0 | H47: 0 | I47: 2 | J47: 0 | K47: 0 | L47: 0 | M47: 36 | N47: 0 | O47: =SUM(C47:L47,N47) -> 26 | P47: =SUM(C47:N47) -> 62
B48: 16.30 -16.45 | C48: 18 | D48: 4 | E48: 6 | F48: 9 | G48: 0 | H48: 0 | I48: 3 | J48: 2 | K48: 0 | L48: 0 | M48: 53 | N48: 0 | O48: =SUM(C48:L48,N48) -> 42 | P48: =SUM(C48:N48) -> 95
B49: 16.45 -17.00 | C49: 16 | D49: 5 | E49: 4 | F49: 8 | G49: 0 | H49: 0 | I49: 1 | J49: 2 | K49: 0 | L49: 0 | M49: 53 | N49: 0 | O49: =SUM(C49:L49,N49) -> 36 | P49: =SUM(C49:N49) -> 89
B50: 17.00 -17.15 | C50: 23 | D50: 5 | E50: 2 | F50: 10 | G50: 0 | H50: 0 | I50: 0 | J50: 2 | K50: 0 | L50: 0 | M50: 52 | N50: 0 | O50: =SUM(C50:L50,N50) -> 42 | P50: =SUM(C50:N50) -> 94
B51: 17.15 -17.30 | C51: 28 | D51: 2 | E51: 0 | F51: 10 | G51: 0 | H51: 0 | I51: 5 | J51: 5 | K51: 0 | L51: 0 | M51: 50 | N51: 0 | O51: =SUM(C51:L51,N51) -> 50 | P51: =SUM(C51:N51) -> 100
B52: 17.30 -17.45 | C52: 18 | D52: 3 | E52: 3 | F52: 12 | G52: 1 | H52: 0 | I52: 3 | J52: 2 | K52: 0 | L52: 0 | M52: 70 | N52: 0 | O52: =SUM(C52:L52,N52) -> 42 | P52: =SUM(C52:N52) -> 112
B53: 17.45 -18.00 | C53: 35 | D53: 5 | E53: 1 | F53: 13 | G53: 0 | H53: 0 | I53: 4 | J53: 1 | K53: 0 | L53: 1 | M53: 60 | N53: 0 | O53: =SUM(C53:L53,N53) -> 60 | P53: =SUM(C53:N53) -> 120
B54: 18.00 - 18.15 | C54: 29 | D54: 7 | E54: 0 | F54: 13 | G54: 0 | H54: 0 | I54: 5 | J54: 0 | K54: 0 | L54: 0 | M54: 81 | N54: 0 | O54: =SUM(C54:L54,N54) -> 54 | P54: =SUM(C54:N54) -> 135
... B105: 06.45 - 07.00 | C105: 2 | D105: 1 | E105: 0 | F105: 4 | G105: 0 | H105: 0 | I105: 3 | J105: 1 | K105: 3 | L105: 0 | M105: 18 | N105: 0 | O105: =SUM(C105:L105,N105) -> 14 | P105: =SUM(C105:N105) -> 32
B106: Totals | C106: =SUM(C10:C105) -> 853 | D106: =SUM(D10:D105) -> 245 | E106: =SUM(E10:E105) -> 146 | F106: =SUM(F10:F105) -> 631 | G106: =SUM(G10:G105) -> 15 | H106: =SUM(H10:H105) -> 6 | I106: =SUM(I10:I105) -> 218 | J106: =SUM(J10:J105) -> 83 | ... P106: =SUM(P10:P105) -> 5550
B107: %ges + MCs | C107: =C106/$P$106 -> 0.15369369 | D107: =D106/$P$106 -> 0.044144144 | E107: =E106/$P$106 -> 0.026306306 | F107: =F106/$P$106 -> 0.11369369 | G107: =G106/$P$106 -> 0.0027027027 | H107: =H106/$P$106 -> 0.0010810811 | I107: =I106/$P$106 -> 0.039279279 | J107: =J106/$P$106 -> 0.014954955 | ... N107: =N106/$P$106 -> 0.00018018018
B108: %ges w/o MCs | C108: =C106/$O$106 -> 0.37843833 | D108: =D106/$O$106 -> 0.10869565 | E108: =E106/$O$106 -> 0.064773736 | F108: =F106/$O$106 -> 0.27994676 | G108: =G106/$O$106 -> 0.0066548358 | H108: =H106/$O$106 -> 0.0026619343 | I108: =I106/$O$106 -> 0.096716948 | J108: =J106/$O$106 -> 0.036823425 | ... L108: =L106/$O$106 -> 0.0070984916 | N108: =N106/$O$106 -> 0.00044365572

Sheet 26.07 Sentema-Sentema RBT-24h
B1: Consultancy services for Preparation of Expressway Development Master Plan (EDMP) for Uganda
B2: MANUAL CLASSIFIED COUNT (MCC)
B3: ROAD NAME: | C3: ='22.07 SentemaRBT-Sentema'!C3:G3 -> MCC - C1 - STN15 - SENTEMA ROAD
C5: Date | D5: ='26.07 SentemaRBT-Sentema-24h'!D5 -> 26.07.19 | F5: Location | G5: ='26.07 SentemaRBT-Sentema-24h'!G5:H5 -> Ku roofings | J5: Surveyor | K5: Ismael Usaama
C6: Dir. From | D6: ='22.07 Sentema-Sentema RBT'!D6:E6 -> Sentema | F6: Dir. To | G6: ='23.07 Sentema-Sentema RBT'!G6:H6 -> Sentema RBT | J6: Supervisor | K6: ='26.07 SentemaRBT-Sentema-24h'!K6:L6 -> Isaac
B8: Time / Veh Type | R8: SUMMARY TRAFFIC VOLUMES
C9: 1. Car | D9: 2. Station Wagon | E9: 3. Pickups | F9: 4. Minibus, matatu | G9: 5. Medium bus | H9: 6. Large Bus | I9: 7. Light Truck | J9: 8. Medium Truck | K9: 9. Heavy truck | L9: 10. Truck Trailer | M9: 11. Motor cycles | N9: 12. Tractors | O9: Total Excl M/Cycles | P9: Total All | R9: Time | S9: 1. Car | T9: 2. Station Wagon | U9: 3. Pickups | V9: 4. Minibus, matatu | W9: 5. Medium bus | X9: 6. Large Bus | Y9: 7. Light Truck | Z9: 8. Medium Truck | AA9: 9. Heavy truck | AB9: 10. Truck Trailer | AC9: 11. Motorcycles | AD9: 12. Tractors, Graders | AE9: Total Excl M/ Cycles | AF9: Total All
B10: 07.00 - 07.15 | C10: 65 | D10: 6 | E10: 4 | F10: 26 | G10: 0 | H10: 0 | I10: 2 | J10: 0 | K10: 1 | L10: 0 | M10: 90 | N10: 0 | O10: =SUM(C10:L10,N10) -> 104 | P10: =SUM(C10:N10) -> 194 | R10: 0700-0800 | S10: =SUM(C10:C13) -> 212 | T10: =SUM(D10:D13) -> 59 | U10: =SUM(E10:E13) -> 35 | V10: =SUM(F10:F13) -> 70 | W10: =SUM(G10:G13) -> 0 | X10: =SUM(H10:H13) -> 0 | Y10: =SUM(I10:I13) -> 6 | Z10: =SUM(J10:J13) -> 3 | ... AF10: =SUM(P10:P13) -> 692
B11: 07.15 - 07.30 | C11: 36 | D11: 4 | E11: 3 | F11: 10 | G11: 0 | H11: 0 | I11: 1 | J11: 0 | K11: 0 | L11: 0 | M11: 50 | N11: 0 | O11: =SUM(C11:L11,N11) -> 54 | P11: =SUM(C11:N11) -> 104 | R11: 0800-0900 | S11: =SUM(C14:C17) -> 127 | T11: =SUM(D14:D17) -> 14 | U11: =SUM(E14:E17) -> 18 | V11: =SUM(F14:F17) -> 72 | W11: =SUM(G14:G17) -> 0 | X11: =SUM(H14:H17) -> 0 | Y11: =SUM(I14:I17) -> 9 | Z11: =SUM(J14:J17) -> 1 | ... AF11: =SUM(P14:P17) -> 439
B12: 07.30 - 07.45 | C12: 62 | D12: 13 | E12: 7 | F12: 34 | G12: 0 | H12: 0 | I12: 0 | J12: 1 | K12: 0 | L12: 0 | M12: 101 | N12: 0 | O12: =SUM(C12:L12,N12) -> 117 | P12: =SUM(C12:N12) -> 218 | R12: 0900-1000 | S12: =SUM(C18:C21) -> 123 | T12: =SUM(D18:D21) -> 11 | U12: =SUM(E18:E21) -> 9 | V12: =SUM(F18:F21) -> 49 | W12: =SUM(G18:G21) -> 0 | X12: =SUM(H18:H21) -> 0 | Y12: =SUM(I18:I21) -> 16 | Z12: =SUM(J18:J21) -> 8 | ... AF12: =SUM(P18:P21) -> 393
B13: 07.45 - 08.00 | C13: 49 | D13: 36 | E13: 21 | F13: 0 | G13: 0 | H13: 0 | I13: 3 | J13: 2 | K13: 0 | L13: 0 | M13: 65 | N13: 0 | O13: =SUM(C13:L13,N13) -> 111 | P13: =SUM(C13:N13) -> 176 | R13: 1000-1100 | S13: =SUM(C22:C25) -> 68 | T13: =SUM(D22:D25) -> 10 | U13: =SUM(E22:E25) -> 15 | V13: =SUM(F22:F25) -> 47 | W13: =SUM(G22:G25) -> 1 | X13: =SUM(H22:H25) -> 0 | Y13: =SUM(I22:I25) -> 14 | Z13: =SUM(J22:J25) -> 5 | ... AF13: =SUM(P22:P25) -> 312
B14: 08.00 - 08.15 | C14: 43 | D14: 4 | E14: 8 | F14: 29 | G14: 0 | H14: 0 | I14: 6 | J14: 1 | K14: 0 | L14: 0 | M14: 67 | N14: 0 | O14: =SUM(C14:L14,N14) -> 91 | P14: =SUM(C14:N14) -> 158 | R14: 1100-1200 | S14: =SUM(C26:C29) -> 48 | T14: =SUM(D26:D29) -> 6 | U14: =SUM(E26:E29) -> 9 | V14: =SUM(F26:F29) -> 28 | W14: =SUM(G26:G29) -> 0 | X14: =SUM(H26:H29) -> 0 | Y14: =SUM(I26:I29) -> 17 | Z14: =SUM(J26:J29) -> 12 | ... AF14: =SUM(P26:P29) -> 278
B15: 08.15 - 08.30 | C15: 21 | D15: 3 | E15: 2 | F15: 13 | G15: 0 | H15: 0 | I15: 1 | J15: 0 | K15: 0 | L15: 1 | M15: 40 | N15: 0 | O15: =SUM(C15:L15,N15) -> 41 | P15: =SUM(C15:N15) -> 81 | R15: 1200-1300 | S15: =SUM(C30:C33) -> 45 | T15: =SUM(D30:D33) -> 7 | U15: =SUM(E30:E33) -> 11 | V15: =SUM(F30:F33) -> 26 | W15: =SUM(G30:G33) -> 0 | X15: =SUM(H30:H33) -> 0 | Y15: =SUM(I30:I33) -> 15 | Z15: =SUM(J30:J33) -> 6 | ... AF15: =SUM(P30:P33) -> 245
B16: 08.30 - 08.45 | C16: 20 | D16: 3 | E16: 3 | F16: 16 | G16: 0 | H16: 0 | I16: 1 | J16: 0 | K16: 0 | L16: 0 | M16: 23 | N16: 0 | O16: =SUM(C16:L16,N16) -> 43 | P16: =SUM(C16:N16) -> 66 | R16: 1300-1400 | S16: =SUM(C34:C37) -> 39 | T16: =SUM(D34:D37) -> 10 | U16: =SUM(E34:E37) -> 8 | V16: =SUM(F34:F37) -> 17 | W16: =SUM(G34:G37) -> 0 | X16: =SUM(H34:H37) -> 0 | Y16: =SUM(I34:I37) -> 10 | Z16: =SUM(J34:J37) -> 7 | ... AF16: =SUM(P34:P37) -> 218
B17: 08.45 - 9.00 | C17: 43 | D17: 4 | E17: 5 | F17: 14 | G17: 0 | H17: 0 | I17: 1 | J17: 0 | K17: 0 | L17: 0 | M17: 67 | N17: 0 | O17: =SUM(C17:L17,N17) -> 67 | P17: =SUM(C17:N17) -> 134 | R17: 1400-1500 | S17: =SUM(C38:C41) -> 38 | T17: =SUM(D38:D41) -> 5 | U17: =SUM(E38:E41) -> 8 | V17: =SUM(F38:F41) -> 18 | W17: =SUM(G38:G41) -> 0 | X17: =SUM(H38:H41) -> 0 | Y17: =SUM(I38:I41) -> 14 | Z17: =SUM(J38:J41) -> 4 | ... AF17: =SUM(P38:P41) -> 183
B18: 09.00 - 09.15 | C18: 44 | D18: 5 | E18: 1 | F18: 21 | G18: 0 | H18: 0 | I18: 1 | J18: 2 | K18: 0 | L18: 0 | M18: 65 | N18: 0 | O18: =SUM(C18:L18,N18) -> 74 | P18: =SUM(C18:N18) -> 139 | R18: 1500-1600 | S18: =SUM(C42:C45) -> 28 | T18: =SUM(D42:D45) -> 5 | U18: =SUM(E42:E45) -> 9 | V18: =SUM(F42:F45) -> 25 | W18: =SUM(G42:G45) -> 0 | X18: =SUM(H42:H45) -> 0 | Y18: =SUM(I42:I45) -> 11 | Z18: =SUM(J42:J45) -> 8 | ... AF18: =SUM(P42:P45) -> 192
B19: 09.15 - 09.30 | C19: 44 | D19: 2 | E19: 7 | F19: 19 | G19: 0 | H19: 0 | I19: 8 | J19: 2 | K19: 0 | L19: 0 | M19: 43 | N19: 0 | O19: =SUM(C19:L19,N19) -> 82 | P19: =SUM(C19:N19) -> 125 | R19: 1600-1700 | S19: =SUM(C46:C49) -> 43 | T19: =SUM(D46:D49) -> 8 | U19: =SUM(E46:E49) -> 11 | V19: =SUM(F46:F49) -> 20 | W19: =SUM(G46:G49) -> 1 | X19: =SUM(H46:H49) -> 1 | Y19: =SUM(I46:I49) -> 9 | Z19: =SUM(J46:J49) -> 5 | ... AF19: =SUM(P46:P49) -> 216
B20: 09.30 - 09.45 | C20: 13 | D20: 0 | E20: 0 | F20: 6 | G20: 0 | H20: 0 | I20: 3 | J20: 2 | K20: 0 | L20: 0 | M20: 32 | N20: 0 | O20: =SUM(C20:L20,N20) -> 24 | P20: =SUM(C20:N20) -> 56 | R20: 1700-1800 | S20: =SUM(C50:C53) -> 63 | T20: =SUM(D50:D53) -> 7 | U20: =SUM(E50:E53) -> 6 | V20: =SUM(F50:F53) -> 19 | W20: =SUM(G50:G53) -> 2 | X20: =SUM(H50:H53) -> 1 | Y20: =SUM(I50:I53) -> 7 | Z20: =SUM(J50:J53) -> 6 | ... AF20: =SUM(P50:P53) -> 228
B21: 09.45 - 10.00 | C21: 22 | D21: 4 | E21: 1 | F21: 3 | G21: 0 | H21: 0 | I21: 4 | J21: 2 | K21: 0 | L21: 0 | M21: 37 | N21: 0 | O21: =SUM(C21:L21,N21) -> 36 | P21: =SUM(C21:N21) -> 73 | R21: 1800-1900 | S21: =SUM(C54:C57) -> 38 | T21: =SUM(D54:D57) -> 7 | U21: =SUM(E54:E57) -> 3 | V21: =SUM(F54:F57) -> 43 | W21: =SUM(G54:G57) -> 0 | X21: =SUM(H54:H57) -> 1 | Y21: =SUM(I54:I57) -> 10 | Z21: =SUM(J54:J57) -> 4 | ... AF21: =SUM(P54:P57) -> 237
B22: 10.00 - 10.15 | C22: 23 | D22: 6 | E22: 1 | F22: 18 | G22: 1 | H22: 0 | I22: 4 | J22: 4 | K22: 0 | L22: 0 | M22: 42 | N22: 0 | O22: =SUM(C22:L22,N22) -> 57 | P22: =SUM(C22:N22) -> 99 | R22: 1900-2000 | S22: =SUM(C58:C61) -> 52 | T22: =SUM(D58:D61) -> 6 | U22: =SUM(E58:E61) -> 5 | V22: =SUM(F58:F61) -> 43 | W22: =SUM(G58:G61) -> 0 | X22: =SUM(H58:H61) -> 1 | Y22: =SUM(I58:I61) -> 6 | Z22: =SUM(J58:J61) -> 2 | ... AF22: =SUM(P58:P61) -> 212
B23: 10.15 - 10.30 | C23: 16 | D23: 3 | E23: 3 | F23: 8 | G23: 0 | H23: 0 | I23: 2 | J23: 0 | K23: 0 | L23: 0 | M23: 33 | N23: 0 | O23: =SUM(C23:L23,N23) -> 32 | P23: =SUM(C23:N23) -> 65 | R23: 2000-2100 | S23: =SUM(C62:C65) -> 45 | T23: =SUM(D62:D65) -> 7 | U23: =SUM(E62:E65) -> 6 | V23: =SUM(F62:F65) -> 53 | W23: =SUM(G62:G65) -> 0 | X23: =SUM(H62:H65) -> 0 | Y23: =SUM(I62:I65) -> 4 | Z23: =SUM(J62:J65) -> 3 | ... AF23: =SUM(P62:P65) -> 255
B24: 10.30 - 10.45 | C24: 17 | D24: 1 | E24: 6 | F24: 8 | G24: 0 | H24: 0 | I24: 5 | J24: 0 | K24: 2 | L24: 1 | M24: 39 | N24: 0 | O24: =SUM(C24:L24,N24) -> 40 | P24: =SUM(C24:N24) -> 79 | R24: 2100-2200 | S24: =SUM(C66:C69) -> 0 | T24: =SUM(D66:D69) -> 0 | U24: =SUM(E66:E69) -> 0 | V24: =SUM(F66:F69) -> 0 | W24: =SUM(G66:G69) -> 0 | X24: =SUM(H66:H69) -> 0 | Y24: =SUM(I66:I69) -> 0 | Z24: =SUM(J66:J69) -> 0 | ... AF24: =SUM(P66:P69) -> 0
B25: 10.45 - 11.00 | C25: 12 | D25: 0 | E25: 5 | F25: 13 | G25: 0 | H25: 0 | I25: 3 | J25: 1 | K25: 0 | L25: 0 | M25: 35 | N25: 0 | O25: =SUM(C25:L25,N25) -> 34 | P25: =SUM(C25:N25) -> 69 | R25: 2200-2300 | S25: =SUM(C70:C73) -> 0 | T25: =SUM(D70:D73) -> 0 | U25: =SUM(E70:E73) -> 0 | V25: =SUM(F70:F73) -> 0 | W25: =SUM(G70:G73) -> 0 | X25: =SUM(H70:H73) -> 0 | Y25: =SUM(I70:I73) -> 0 | Z25: =SUM(J70:J73) -> 0 | ... AF25: =SUM(P70:P73) -> 0
B26: 11.00 - 11.15 | C26: 17 | D26: 1 | E26: 2 | F26: 7 | G26: 0 | H26: 0 | I26: 1 | J26: 4 | K26: 0 | L26: 0 | M26: 33 | N26: 0 | O26: =SUM(C26:L26,N26) -> 32 | P26: =SUM(C26:N26) -> 65 | R26: 2300-0000 | S26: =SUM(C74:C77) -> 14 | T26: =SUM(D74:D77) -> 4 | U26: =SUM(E74:E77) -> 4 | V26: =SUM(F74:F77) -> 6 | W26: =SUM(G74:G77) -> 0 | X26: =SUM(H74:H77) -> 0 | Y26: =SUM(I74:I77) -> 0 | Z26: =SUM(J74:J77) -> 1 | ... AF26: =SUM(P74:P77) -> 82
B27: 11.15 - 11.30 | C27: 12 | D27: 3 | E27: 2 | F27: 7 | G27: 0 | H27: 0 | I27: 6 | J27: 0 | K27: 1 | L27: 1 | M27: 46 | N27: 0 | O27: =SUM(C27:L27,N27) -> 32 | P27: =SUM(C27:N27) -> 78 | R27: 0000-0100 | S27: =SUM(C78:C81) -> 4 | T27: =SUM(D78:D81) -> 0 | U27: =SUM(E78:E81) -> 1 | V27: =SUM(F78:F81) -> 1 | W27: =SUM(G78:G81) -> 0 | X27: =SUM(H78:H81) -> 0 | Y27: =SUM(I78:I81) -> 2 | Z27: =SUM(J78:J81) -> 1 | ... AF27: =SUM(P78:P81) -> 29
B28: 11.30 - 11.45 | C28: 10 | D28: 0 | E28: 2 | F28: 8 | G28: 0 | H28: 0 | I28: 4 | J28: 5 | K28: 1 | L28: 0 | M28: 33 | N28: 0 | O28: =SUM(C28:L28,N28) -> 30 | P28: =SUM(C28:N28) -> 63 | R28: 0100-0200 | S28: =SUM(C82:C85) -> 4 | T28: =SUM(D82:D85) -> 0 | U28: =SUM(E82:E85) -> 0 | V28: =SUM(F82:F85) -> 0 | W28: =SUM(G82:G85) -> 0 | X28: =SUM(H82:H85) -> 0 | Y28: =SUM(I82:I85) -> 0 | Z28: =SUM(J82:J85) -> 1 | ... AF28: =SUM(P82:P85) -> 16
B29: 11.45 - 12.00 | C29: 9 | D29: 2 | E29: 3 | F29: 6 | G29: 0 | H29: 0 | I29: 6 | J29: 3 | K29: 0 | L29: 0 | M29: 43 | N29: 0 | O29: =SUM(C29:L29,N29) -> 29 | P29: =SUM(C29:N29) -> 72 | R29: 0200-0300 | S29: =SUM(C86:C89) -> 2 | T29: =SUM(D86:D89) -> 1 | U29: =SUM(E86:E89) -> 0 | V29: =SUM(F86:F89) -> 1 | W29: =SUM(G86:G89) -> 0 | X29: =SUM(H86:H89) -> 0 | Y29: =SUM(I86:I89) -> 0 | Z29: =SUM(J86:J89) -> 0 | ... AF29: =SUM(P86:P89) -> 10
B30: 12.00 - 12.15 | C30: 11 | D30: 2 | E30: 2 | F30: 8 | G30: 0 | H30: 0 | I30: 3 | J30: 2 | K30: 0 | L30: 0 | M30: 31 | N30: 0 | O30: =SUM(C30:L30,N30) -> 28 | P30: =SUM(C30:N30) -> 59 | R30: 0300-0400 | S30: =SUM(C90:C93) -> 0 | T30: =SUM(D90:D93) -> 0 | U30: =SUM(E90:E93) -> 2 | V30: =SUM(F90:F93) -> 0 | W30: =SUM(G90:G93) -> 0 | X30: =SUM(H90:H93) -> 0 | Y30: =SUM(I90:I93) -> 1 | Z30: =SUM(J90:J93) -> 0 | ... AF30: =SUM(P90:P93) -> 10
B31: 12.15 - 12.30 | C31: 16 | D31: 2 | E31: 1 | F31: 8 | G31: 0 | H31: 0 | I31: 3 | J31: 0 | K31: 0 | L31: 0 | M31: 41 | N31: 0 | O31: =SUM(C31:L31,N31) -> 30 | P31: =SUM(C31:N31) -> 71 | R31: 0400-0500 | S31: =SUM(C94:C97) -> 3 | T31: =SUM(D94:D97) -> 0 | U31: =SUM(E94:E97) -> 0 | V31: =SUM(F94:F97) -> 5 | W31: =SUM(G94:G97) -> 0 | X31: =SUM(H94:H97) -> 0 | Y31: =SUM(I94:I97) -> 0 | Z31: =SUM(J94:J97) -> 0 | ... AF31: =SUM(P94:P97) -> 11
B32: 12.30 - 12.45 | C32: 10 | D32: 1 | E32: 3 | F32: 6 | G32: 0 | H32: 0 | I32: 5 | J32: 3 | K32: 0 | L32: 0 | M32: 28 | N32: 0 | O32: =SUM(C32:L32,N32) -> 28 | P32: =SUM(C32:N32) -> 56 | R32: 0500-0600 | S32: =SUM(C98:C101) -> 22 | T32: =SUM(D98:D101) -> 1 | U32: =SUM(E98:E101) -> 2 | V32: =SUM(F98:F101) -> 24 | W32: =SUM(G98:G101) -> 4 | X32: =SUM(H98:H101) -> 0 | Y32: =SUM(I98:I101) -> 3 | Z32: =SUM(J98:J101) -> 0 | ... AF32: =SUM(P98:P101) -> 87
B33: 12.45 - 13.00 | C33: 8 | D33: 2 | E33: 5 | F33: 4 | G33: 0 | H33: 0 | I33: 4 | J33: 1 | K33: 0 | L33: 0 | M33: 35 | N33: 0 | O33: =SUM(C33:L33,N33) -> 24 | P33: =SUM(C33:N33) -> 59 | R33: 0600-0700 | S33: =SUM(C102:C105) -> 41 | T33: =SUM(D102:D105) -> 4 | U33: =SUM(E102:E105) -> 2 | V33: =SUM(F102:F105) -> 44 | W33: =SUM(G102:G105) -> 0 | X33: =SUM(H102:H105) -> 0 | Y33: =SUM(I102:I105) -> 3 | Z33: =SUM(J102:J105) -> 2 | ... AF33: =SUM(P102:P105) -> 181
B34: 13.00 - 13.15 | C34: 10 | D34: 3 | E34: 3 | F34: 4 | G34: 0 | H34: 0 | I34: 3 | J34: 2 | K34: 0 | L34: 0 | M34: 29 | N34: 0 | O34: =SUM(C34:L34,N34) -> 25 | P34: =SUM(C34:N34) -> 54 | R34: AM Peak Hr | S34: =MAX(S10:S12) -> 212 | T34: =MAX(T10:T12) -> 59 | U34: =MAX(U10:U12) -> 35 | V34: =MAX(V10:V12) -> 72 | W34: =MAX(W10:W12) -> 0 | X34: =MAX(X10:X12) -> 0 | Y34: =MAX(Y10:Y12) -> 16 | Z34: =MAX(Z10:Z12) -> 8 | ... AF34: =MAX(AF10:AF12) -> 692
B35: 13.15 - 13.30 | C35: 13 | D35: 2 | E35: 2 | F35: 3 | G35: 0 | H35: 0 | I35: 1 | J35: 0 | K35: 0 | L35: 0 | M35: 27 | N35: 0 | O35: =SUM(C35:L35,N35) -> 21 | P35: =SUM(C35:N35) -> 48 | R35: IP Peak Hr | S35: =MAX(S13:S18) -> 68 | T35: =MAX(T13:T18) -> 10 | U35: =MAX(U13:U18) -> 15 | V35: =MAX(V13:V18) -> 47 | W35: =MAX(W13:W18) -> 1 | X35: =MAX(X13:X18) -> 0 | Y35: =MAX(Y13:Y18) -> 17 | Z35: =MAX(Z13:Z18) -> 12 | ... AF35: =MAX(AF13:AF18) -> 312
B36: 13.30 - 13.45 | C36: 11 | D36: 4 | E36: 3 | F36: 6 | G36: 0 | H36: 0 | I36: 4 | J36: 2 | K36: 0 | L36: 0 | M36: 42 | N36: 0 | O36: =SUM(C36:L36,N36) -> 30 | P36: =SUM(C36:N36) -> 72 | R36: PM Peak Hr | S36: =MAX(S19:S21) -> 63 | T36: =MAX(T19:T21) -> 8 | U36: =MAX(U19:U21) -> 11 | V36: =MAX(V19:V21) -> 43 | W36: =MAX(W19:W21) -> 2 | X36: =MAX(X19:X21) -> 1 | Y36: =MAX(Y19:Y21) -> 10 | Z36: =MAX(Z19:Z21) -> 6 | ... AF36: =MAX(AF19:AF21) -> 237
B37: 13.45 - 14.00 | C37: 5 | D37: 1 | E37: 0 | F37: 4 | G37: 0 | H37: 0 | I37: 2 | J37: 3 | K37: 1 | L37: 0 | M37: 28 | N37: 0 | O37: =SUM(C37:L37,N37) -> 16 | P37: =SUM(C37:N37) -> 44 | R37: AM Period | S37: =SUM(S10:S12) -> 462 | T37: =SUM(T10:T12) -> 84 | U37: =SUM(U10:U12) -> 62 | V37: =SUM(V10:V12) -> 191 | W37: =SUM(W10:W12) -> 0 | X37: =SUM(X10:X12) -> 0 | Y37: =SUM(Y10:Y12) -> 31 | Z37: =SUM(Z10:Z12) -> 12 | ... AF37: =SUM(AF10:AF12) -> 1524
B38: 14.00 - 14.15 | C38: 8 | D38: 2 | E38: 2 | F38: 7 | G38: 0 | H38: 0 | I38: 6 | J38: 1 | K38: 0 | L38: 0 | M38: 18 | N38: 0 | O38: =SUM(C38:L38,N38) -> 26 | P38: =SUM(C38:N38) -> 44 | R38: IP Period | S38: =SUM(S13:S18) -> 266 | T38: =SUM(T13:T18) -> 43 | U38: =SUM(U13:U18) -> 60 | V38: =SUM(V13:V18) -> 161 | W38: =SUM(W13:W18) -> 1 | X38: =SUM(X13:X18) -> 0 | Y38: =SUM(Y13:Y18) -> 81 | Z38: =SUM(Z13:Z18) -> 42 | ... AF38: =SUM(AF13:AF18) -> 1428
B39: 14.15 - 14.30 | C39: 13 | D39: 1 | E39: 3 | F39: 2 | G39: 0 | H39: 0 | I39: 3 | J39: 0 | K39: 2 | L39: 0 | M39: 27 | N39: 0 | O39: =SUM(C39:L39,N39) -> 24 | P39: =SUM(C39:N39) -> 51 | R39: PM Period | S39: =SUM(S19:S21) -> 144 | T39: =SUM(T19:T21) -> 22 | U39: =SUM(U19:U21) -> 20 | V39: =SUM(V19:V21) -> 82 | W39: =SUM(W19:W21) -> 3 | X39: =SUM(X19:X21) -> 3 | Y39: =SUM(Y19:Y21) -> 26 | Z39: =SUM(Z19:Z21) -> 15 | ... AF39: =SUM(AF19:AF21) -> 681
B40: 14.30 - 14.45 | C40: 7 | D40: 1 | E40: 3 | F40: 6 | G40: 0 | H40: 0 | I40: 1 | J40: 0 | K40: 0 | L40: 1 | M40: 20 | N40: 0 | O40: =SUM(C40:L40,N40) -> 19 | P40: =SUM(C40:N40) -> 39 | R40: 12 Hours | S40: =SUM(S10:S21) -> 872 | T40: =SUM(T10:T21) -> 149 | U40: =SUM(U10:U21) -> 142 | V40: =SUM(V10:V21) -> 434 | W40: =SUM(W10:W21) -> 4 | X40: =SUM(X10:X21) -> 3 | Y40: =SUM(Y10:Y21) -> 138 | Z40: =SUM(Z10:Z21) -> 69 | ... AF40: =SUM(AF10:AF21) -> 3633
B41: 14.45 - 15.00 | C41: 10 | D41: 1 | E41: 0 | F41: 3 | G41: 0 | H41: 0 | I41: 4 | J41: 3 | K41: 1 | L41: 0 | M41: 27 | N41: 0 | O41: =SUM(C41:L41,N41) -> 22 | P41: =SUM(C41:N41) -> 49 | R41: 24 Hrs/ADT | S41: =SUM(S10:S33) -> 1059 | T41: =SUM(T10:T33) -> 172 | U41: =SUM(U10:U33) -> 164 | V41: =SUM(V10:V33) -> 611 | W41: =SUM(W10:W33) -> 8 | X41: =SUM(X10:X33) -> 4 | Y41: =SUM(Y10:Y33) -> 157 | Z41: =SUM(Z10:Z33) -> 79 | ... AF41: =SUM(AF10:AF33) -> 4526
B42: 15.00 - 15.15 | C42: 6 | D42: 3 | E42: 5 | F42: 5 | G42: 0 | H42: 0 | I42: 2 | J42: 2 | K42: 1 | L42: 0 | M42: 17 | N42: 0 | O42: =SUM(C42:L42,N42) -> 24 | P42: =SUM(C42:N42) -> 41 | R42: NEF | S42: =S41/S40 -> 1.2144495 | T42: =T41/T40 -> 1.1543624 | U42: =U41/U40 -> 1.1549296 | V42: =V41/V40 -> 1.4078341 | W42: =W41/W40 -> 2 | X42: =X41/X40 -> 1.3333333 | Y42: =Y41/Y40 -> 1.1376812 | Z42: =Z41/Z40 -> 1.1449275 | ... AF42: =AF41/AF40 -> 1.2458024
B43: 15.15 - 15.30 | C43: 6 | D43: 0 | E43: 0 | F43: 11 | G43: 0 | H43: 0 | I43: 5 | J43: 1 | K43: 1 | L43: 0 | M43: 32 | N43: 0 | O43: =SUM(C43:L43,N43) -> 24 | P43: =SUM(C43:N43) -> 56
B44: 15.30 - 15.45 | C44: 5 | D44: 2 | E44: 1 | F44: 2 | G44: 0 | H44: 0 | I44: 1 | J44: 3 | K44: 0 | L44: 0 | M44: 32 | N44: 0 | O44: =SUM(C44:L44,N44) -> 14 | P44: =SUM(C44:N44) -> 46
B45: 15.45 - 16.00 | C45: 11 | D45: 0 | E45: 3 | F45: 7 | G45: 0 | H45: 0 | I45: 3 | J45: 2 | K45: 0 | L45: 0 | M45: 23 | N45: 0 | O45: =SUM(C45:L45,N45) -> 26 | P45: =SUM(C45:N45) -> 49
B46: 16.00 - 16.15 | C46: 12 | D46: 1 | E46: 2 | F46: 6 | G46: 0 | H46: 0 | I46: 6 | J46: 1 | K46: 0 | L46: 0 | M46: 32 | N46: 0 | O46: =SUM(C46:L46,N46) -> 28 | P46: =SUM(C46:N46) -> 60
B47: 16.15 -16.30 | C47: 11 | D47: 3 | E47: 3 | F47: 2 | G47: 0 | H47: 1 | I47: 2 | J47: 1 | K47: 0 | L47: 0 | M47: 31 | N47: 0 | O47: =SUM(C47:L47,N47) -> 23 | P47: =SUM(C47:N47) -> 54
B48: 16.30 -16.45 | C48: 9 | D48: 2 | E48: 3 | F48: 5 | G48: 1 | H48: 0 | I48: 0 | J48: 1 | K48: 0 | L48: 0 | M48: 17 | N48: 0 | O48: =SUM(C48:L48,N48) -> 21 | P48: =SUM(C48:N48) -> 38
B49: 16.45 -17.00 | C49: 11 | D49: 2 | E49: 3 | F49: 7 | G49: 0 | H49: 0 | I49: 1 | J49: 2 | K49: 0 | L49: 0 | M49: 38 | N49: 0 | O49: =SUM(C49:L49,N49) -> 26 | P49: =SUM(C49:N49) -> 64
B50: 17.00 -17.15 | C50: 17 | D50: 2 | E50: 2 | F50: 2 | G50: 1 | H50: 0 | I50: 3 | J50: 3 | K50: 0 | L50: 0 | M50: 27 | N50: 0 | O50: =SUM(C50:L50,N50) -> 30 | P50: =SUM(C50:N50) -> 57
B51: 17.15 -17.30 | C51: 15 | D51: 3 | E51: 1 | F51: 6 | G51: 0 | H51: 0 | I51: 0 | J51: 1 | K51: 0 | L51: 0 | M51: 28 | N51: 0 | O51: =SUM(C51:L51,N51) -> 26 | P51: =SUM(C51:N51) -> 54
B52: 17.30 -17.45 | C52: 14 | D52: 1 | E52: 2 | F52: 10 | G52: 0 | H52: 1 | I52: 1 | J52: 1 | K52: 0 | L52: 0 | M52: 30 | N52: 0 | O52: =SUM(C52:L52,N52) -> 30 | P52: =SUM(C52:N52) -> 60
B53: 17.45 -18.00 | C53: 17 | D53: 1 | E53: 1 | F53: 1 | G53: 1 | H53: 0 | I53: 3 | J53: 1 | K53: 1 | L53: 0 | M53: 31 | N53: 0 | O53: =SUM(C53:L53,N53) -> 26 | P53: =SUM(C53:N53) -> 57
B54: 18.00 - 18.15 | C54: 8 | D54: 4 | E54: 0 | F54: 4 | G54: 0 | H54: 0 | I54: 3 | J54: 1 | K54: 0 | L54: 0 | M54: 32 | N54: 0 | O54: =SUM(C54:L54,N54) -> 20 | P54: =SUM(C54:N54) -> 52
... B60: 19.30 - 19.45 | C60: 8 | D60: 1 | E60: 0 | F60: 14 | G60: 0 | H60: 0 | I60: 0 | J60: 1 | K60: 0 | L60: 0 | M60: 28 | N60: 0 | O60: =SUM(C60:L60,N60) -> 24 | P60: =SUM(C60:N60) -> 52
B61: 19.45 - 20.00 | C61: 17 | D61: 0 | E61: 1 | F61: 13 | G61: 0 | H61: 0 | I61: 2 | J61: 0 | K61: 0 | L61: 0 | M61: 37 | N61: 0 | O61: 2 | P61: 11
B62: 20.00 - 20.15 | C62: 11 | D62: 0 | E62: 2 | F62: 11 | G62: 0 | H62: 0 | I62: 2 | J62: 0 | K62: 0 | L62: 0 | M62: 38 | N62: 0 | O62: =SUM(C62:L62,N62) -> 26 | P62: =SUM(C62:N62) -> 64
B63: 20.15 - 20.30 | C63: 14 | D63: 4 | E63: 0 | F63: 13 | G63: 0 | H63: 0 | I63: 1 | J63: 0 | K63: 0 | L63: 0 | M63: 45 | N63: 0 | O63: =SUM(C63:L63,N63) -> 32 | P63: =SUM(C63:N63) -> 77
B64: 20.30 - 20.45 | C64: 7 | D64: 0 | E64: 4 | F64: 14 | G64: 0 | H64: 0 | I64: 0 | J64: 0 | K64: 0 | L64: 0 | M64: 29 | N64: 0 | O64: =SUM(C64:L64,N64) -> 25 | P64: =SUM(C64:N64) -> 54
B65: 20.45 - 21.00 | C65: 13 | D65: 3 | E65: 0 | F65: 15 | G65: 0 | H65: 0 | I65: 1 | J65: 3 | K65: 0 | L65: 0 | M65: 25 | N65: 0 | O65: =SUM(C65:L65,N65) -> 35 | P65: =SUM(C65:N65) -> 60
B66: 21.00 - 21.15 | C66: 0 | D66: 0 | E66: 0 | F66: 0 | G66: 0 | H66: 0 | I66: 0 | J66: 0 | K66: 0 | L66: 0 | M66: 0 | N66: 0 | O66: =SUM(C66:L66,N66) -> 0 | P66: =SUM(C66:N66) -> 0
B67: 21.15 - 21.30 | C67: 0 | D67: 0 | E67: 0 | F67: 0 | G67: 0 | H67: 0 | I67: 0 | J67: 0 | K67: 0 | L67: 0 | M67: 0 | N67: 0 | O67: =SUM(C67:L67,N67) -> 0 | P67: =SUM(C67:N67) -> 0
B68: 21.30 - 21.45 | C68: 0 | D68: 0 | E68: 0 | F68: 0 | G68: 0 | H68: 0 | I68: 0 | J68: 0 | K68: 0 | L68: 0 | M68: 0 | N68: 0 | O68: =SUM(C68:L68,N68) -> 0 | P68: =SUM(C68:N68) -> 0
B69: 21.45 - 22.00 | C69: 0 | D69: 0 | E69: 0 | F69: 0 | G69: 0 | H69: 0 | I69: 0 | J69: 0 | K69: 0 | L69: 0 | M69: 0 | N69: 0 | O69: =SUM(C69:L69,N69) -> 0 | P69: =SUM(C69:N69) -> 0
B70: 22.00 - 22.15 | C70: 0 | D70: 0 | E70: 0 | F70: 0 | G70: 0 | H70: 0 | I70: 0 | J70: 0 | K70: 0 | L70: 0 | M70: 0 | N70: 0 | O70: =SUM(C70:L70,N70) -> 0 | P70: =SUM(C70:N70) -> 0
B71: 22.15 - 22.30 | C71: 0 | D71: 0 | E71: 0 | F71: 0 | G71: 0 | H71: 0 | I71: 0 | J71: 0 | K71: 0 | L71: 0 | M71: 0 | N71: 0 | O71: =SUM(C71:L71,N71) -> 0 | P71: =SUM(C71:N71) -> 0
B72: 22.30 - 22.45 | C72: 0 | D72: 0 | E72: 0 | F72: 0 | G72: 0 | H72: 0 | I72: 0 | J72: 0 | K72: 0 | L72: 0 | M72: 0 | N72: 0 | O72: =SUM(C72:L72,N72) -> 0 | P72: =SUM(C72:N72) -> 0
B73: 22.45 - 23.00 | C73: 0 | D73: 0 | E73: 0 | F73: 0 | G73: 0 | H73: 0 | I73: 0 | J73: 0 | K73: 0 | L73: 0 | M73: 0 | N73: 0 | O73: =SUM(C73:L73,N73) -> 0 | P73: =SUM(C73:N73) -> 0
... B105: 06.45 - 07.00 | C105: 12 | D105: 0 | E105: 0 | F105: 7 | G105: 0 | H105: 0 | I105: 0 | J105: 0 | K105: 0 | L105: 0 | M105: 33 | N105: 0 | O105: =SUM(C105:L105,N105) -> 19 | P105: =SUM(C105:N105) -> 52
B106: Totals | C106: =SUM(C10:C105) -> 1059 | D106: =SUM(D10:D105) -> 172 | E106: =SUM(E10:E105) -> 164 | F106: =SUM(F10:F105) -> 611 | G106: =SUM(G10:G105) -> 8 | H106: =SUM(H10:H105) -> 4 | I106: =SUM(I10:I105) -> 157 | J106: =SUM(J10:J105) -> 79 | ... P106: =SUM(P10:P105) -> 4526
B107: %ges + MCs | C107: =C106/$P$106 -> 0.23398144 | D107: =D106/$P$106 -> 0.038002651 | E107: =E106/$P$106 -> 0.036235086 | F107: =F106/$P$106 -> 0.13499779 | G107: =G106/$P$106 -> 0.0017675652 | H107: =H106/$P$106 -> 0.00088378259 | I107: =I106/$P$106 -> 0.034688467 | J107: =J106/$P$106 -> 0.017454706 | ... N107: =N106/$P$106 -> 0
B108: %ges w/o MCs | C108: =C106/$O$106 -> 0.47192513 | D108: =D106/$O$106 -> 0.076648841 | E108: =E106/$O$106 -> 0.073083779 | F108: =F106/$O$106 -> 0.27228164 | G108: =G106/$O$106 -> 0.0035650624 | H108: =H106/$O$106 -> 0.0017825312 | I108: =I106/$O$106 -> 0.069964349 | J108: =J106/$O$106 -> 0.035204991 | ... L108: =L106/$O$106 -> 0.0026737968 | N108: =N106/$O$106 -> 0

Sheet 27.07 SentemaRBT-Sentema-24h
B1: Consultancy services for Preparation of Expressway Development Master Plan (EDMP) for Uganda
B2: MANUAL CLASSIFIED COUNT (MCC)
B3: ROAD NAME: | C3: ='22.07 SentemaRBT-Sentema'!C3:G3 -> MCC - C1 - STN15 - SENTEMA ROAD
C5: Date | D5: 27.07.19 | F5: Location | G5: ='26.07 Sentema-Sentema RBT-24h'!G5:H5 -> Ku roofings | J5: Surveyor | K5: Peter N
C6: Dir. From | D6: ='22.07 SentemaRBT-Sentema'!D6:E6 -> Sentema RBT | F6: Dir. To | G6: ='22.07 SentemaRBT-Sentema'!G6:H6 -> Sentema | J6: Supervisor | K6: ='26.07 Sentema-Sentema RBT-24h'!K6:L6 -> Isaac
B8: Time / Veh Type | R8: SUMMARY TRAFFIC VOLUMES
C9: 1. Car | D9: 2. Station Wagon | E9: 3. Pickups | F9: 4. Minibus, matatu | G9: 5. Medium bus | H9: 6. Large Bus | I9: 7. Light Truck | J9: 8. Medium Truck | K9: 9. Heavy truck | L9: 10. Truck Trailer | M9: 11. Motor cycles | N9: 12. Tractors | O9: Total Excl M/Cycles | P9: Total All | R9: Time | S9: 1. Car | T9: 2. Station Wagon | U9: 3. Pickups | V9: 4. Minibus, matatu | W9: 5. Medium bus | X9: 6. Large Bus | Y9: 7. Light Truck | Z9: 8. Medium Truck | AA9: 9. Heavy truck | AB9: 10. Truck Trailer | AC9: 11. Motorcycles | AD9: 12. Tractors, Graders | AE9: Total Excl M/ Cycles | AF9: Total All
B10: 07.00 - 07.15 | C10: 15 | D10: 0 | E10: 1 | F10: 0 | G10: 9 | H10: 0 | I10: 1 | J10: 2 | K10: 0 | L10: 0 | M10: 22 | N10: 0 | O10: =SUM(C10:L10,N10) -> 28 | P10: =SUM(C10:N10) -> 50 | R10: 0700-0800 | S10: =SUM(C10:C13) -> 15 | T10: =SUM(D10:D13) -> 0 | U10: =SUM(E10:E13) -> 1 | V10: =SUM(F10:F13) -> 0 | W10: =SUM(G10:G13) -> 9 | X10: =SUM(H10:H13) -> 0 | Y10: =SUM(I10:I13) -> 1 | Z10: =SUM(J10:J13) -> 2 | ... AF10: =SUM(P10:P13) -> 50
B11: 07.15 - 07.30 | C11: 0 | D11: 0 | E11: 0 | F11: 0 | G11: 0 | H11: 0 | I11: 0 | J11: 0 | K11: 0 | L11: 0 | M11: 0 | N11: 0 | O11: =SUM(C11:L11,N11) -> 0 | P11: =SUM(C11:N11) -> 0 | R11: 0800-0900 | S11: =SUM(C14:C17) -> 18 | T11: =SUM(D14:D17) -> 5 | U11: =SUM(E14:E17) -> 3 | V11: =SUM(F14:F17) -> 34 | W11: =SUM(G14:G17) -> 1 | X11: =SUM(H14:H17) -> 0 | Y11: =SUM(I14:I17) -> 7 | Z11: =SUM(J14:J17) -> 1 | ... AF11: =SUM(P14:P17) -> 168
B12: 07.30 - 07.45 | C12: 0 | D12: 0 | E12: 0 | F12: 0 | G12: 0 | H12: 0 | I12: 0 | J12: 0 | K12: 0 | L12: 0 | M12: 0 | N12: 0 | O12: =SUM(C12:L12,N12) -> 0 | P12: =SUM(C12:N12) -> 0 | R12: 0900-1000 | S12: =SUM(C18:C21) -> 82 | T12: =SUM(D18:D21) -> 6 | U12: =SUM(E18:E21) -> 21 | V12: =SUM(F18:F21) -> 63 | W12: =SUM(G18:G21) -> 0 | X12: =SUM(H18:H21) -> 1 | Y12: =SUM(I18:I21) -> 23 | Z12: =SUM(J18:J21) -> 2 | ... AF12: =SUM(P18:P21) -> 380
B13: 07.45 - 08.00 | C13: 0 | D13: 0 | E13: 0 | F13: 0 | G13: 0 | H13: 0 | I13: 0 | J13: 0 | K13: 0 | L13: 0 | M13: 0 | N13: 0 | O13: =SUM(C13:L13,N13) -> 0 | P13: =SUM(C13:N13) -> 0 | R13: 1000-1100 | S13: =SUM(C22:C25) -> 105 | T13: =SUM(D22:D25) -> 21 | U13: =SUM(E22:E25) -> 32 | V13: =SUM(F22:F25) -> 68 | W13: =SUM(G22:G25) -> 0 | X13: =SUM(H22:H25) -> 0 | Y13: =SUM(I22:I25) -> 29 | Z13: =SUM(J22:J25) -> 2 | ... AF13: =SUM(P22:P25) -> 448
B14: 08.00 - 08.15 | C14: 0 | D14: 0 | E14: 0 | F14: 0 | G14: 0 | H14: 0 | I14: 0 | J14: 0 | K14: 0 | L14: 0 | M14: 0 | N14: 0 | O14: =SUM(C14:L14,N14) -> 0 | P14: =SUM(C14:N14) -> 0 | R14: 1100-1200 | S14: =SUM(C26:C29) -> 107 | T14: =SUM(D26:D29) -> 16 | U14: =SUM(E26:E29) -> 40 | V14: =SUM(F26:F29) -> 123 | W14: =SUM(G26:G29) -> 0 | X14: =SUM(H26:H29) -> 1 | Y14: =SUM(I26:I29) -> 43 | Z14: =SUM(J26:J29) -> 1 | ... AF14: =SUM(P26:P29) -> 543
B15: 08.15 - 08.30 | C15: 3 | D15: 0 | E15: 1 | F15: 12 | G15: 1 | H15: 0 | I15: 3 | J15: 0 | K15: 0 | L15: 0 | M15: 28 | N15: 0 | O15: =SUM(C15:L15,N15) -> 20 | P15: =SUM(C15:N15) -> 48 | R15: 1200-1300 | S15: =SUM(C30:C33) -> 125 | T15: =SUM(D30:D33) -> 26 | U15: =SUM(E30:E33) -> 60 | V15: =SUM(F30:F33) -> 130 | W15: =SUM(G30:G33) -> 1 | X15: =SUM(H30:H33) -> 0 | Y15: =SUM(I30:I33) -> 16 | Z15: =SUM(J30:J33) -> 7 | ... AF15: =SUM(P30:P33) -> 506
B16: 08.30 - 08.45 | C16: 11 | D16: 4 | E16: 1 | F16: 9 | G16: 0 | H16: 0 | I16: 4 | J16: 0 | K16: 1 | L16: 0 | M16: 47 | N16: 0 | O16: =SUM(C16:L16,N16) -> 30 | P16: =SUM(C16:N16) -> 77 | R16: 1300-1400 | S16: =SUM(C34:C37) -> 83 | T16: =SUM(D34:D37) -> 9 | U16: =SUM(E34:E37) -> 19 | V16: =SUM(F34:F37) -> 65 | W16: =SUM(G34:G37) -> 1 | X16: =SUM(H34:H37) -> 0 | Y16: =SUM(I34:I37) -> 14 | Z16: =SUM(J34:J37) -> 0 | ... AF16: =SUM(P34:P37) -> 363
B17: 08.45 - 9.00 | C17: 4 | D17: 1 | E17: 1 | F17: 13 | G17: 0 | H17: 0 | I17: 0 | J17: 1 | K17: 1 | L17: 0 | M17: 22 | N17: 0 | O17: =SUM(C17:L17,N17) -> 21 | P17: =SUM(C17:N17) -> 43 | R17: 1400-1500 | S17: =SUM(C38:C41) -> 79 | T17: =SUM(D38:D41) -> 5 | U17: =SUM(E38:E41) -> 15 | V17: =SUM(F38:F41) -> 63 | W17: =SUM(G38:G41) -> 0 | X17: =SUM(H38:H41) -> 0 | Y17: =SUM(I38:I41) -> 9 | Z17: =SUM(J38:J41) -> 1 | ... AF17: =SUM(P38:P41) -> 328
B18: 09.00 - 09.15 | C18: 17 | D18: 1 | E18: 1 | F18: 7 | G18: 0 | H18: 0 | I18: 5 | J18: 0 | K18: 0 | L18: 0 | M18: 45 | N18: 0 | O18: =SUM(C18:L18,N18) -> 31 | P18: =SUM(C18:N18) -> 76 | R18: 1500-1600 | S18: =SUM(C42:C45) -> 74 | T18: =SUM(D42:D45) -> 1 | U18: =SUM(E42:E45) -> 11 | V18: =SUM(F42:F45) -> 62 | W18: =SUM(G42:G45) -> 0 | X18: =SUM(H42:H45) -> 0 | Y18: =SUM(I42:I45) -> 15 | Z18: =SUM(J42:J45) -> 3 | ... AF18: =SUM(P42:P45) -> 341
B19: 09.15 - 09.30 | C19: 20 | D19: 2 | E19: 5 | F19: 25 | G19: 0 | H19: 0 | I19: 10 | J19: 1 | K19: 0 | L19: 0 | M19: 70 | N19: 0 | O19: =SUM(C19:L19,N19) -> 63 | P19: =SUM(C19:N19) -> 133 | R19: 1600-1700 | S19: =SUM(C46:C49) -> 56 | T19: =SUM(D46:D49) -> 4 | U19: =SUM(E46:E49) -> 12 | V19: =SUM(F46:F49) -> 51 | W19: =SUM(G46:G49) -> 0 | X19: =SUM(H46:H49) -> 0 | Y19: =SUM(I46:I49) -> 18 | Z19: =SUM(J46:J49) -> 2 | ... AF19: =SUM(P46:P49) -> 295
B20: 09.30 - 09.45 | C20: 25 | D20: 2 | E20: 5 | F20: 15 | G20: 0 | H20: 1 | I20: 3 | J20: 1 | K20: 0 | L20: 0 | M20: 42 | N20: 0 | O20: =SUM(C20:L20,N20) -> 52 | P20: =SUM(C20:N20) -> 94 | R20: 1700-1800 | S20: =SUM(C50:C53) -> 62 | T20: =SUM(D50:D53) -> 4 | U20: =SUM(E50:E53) -> 12 | V20: =SUM(F50:F53) -> 33 | W20: =SUM(G50:G53) -> 0 | X20: =SUM(H50:H53) -> 0 | Y20: =SUM(I50:I53) -> 11 | Z20: =SUM(J50:J53) -> 6 | ... AF20: =SUM(P50:P53) -> 268
B21: 09.45 - 10.00 | C21: 20 | D21: 1 | E21: 10 | F21: 16 | G21: 0 | H21: 0 | I21: 5 | J21: 0 | K21: 0 | L21: 0 | M21: 25 | N21: 0 | O21: =SUM(C21:L21,N21) -> 52 | P21: =SUM(C21:N21) -> 77 | R21: 1800-1900 | S21: =SUM(C54:C57) -> 69 | T21: =SUM(D54:D57) -> 6 | U21: =SUM(E54:E57) -> 18 | V21: =SUM(F54:F57) -> 68 | W21: =SUM(G54:G57) -> 0 | X21: =SUM(H54:H57) -> 0 | Y21: =SUM(I54:I57) -> 9 | Z21: =SUM(J54:J57) -> 4 | ... AF21: =SUM(P54:P57) -> 305
B22: 10.00 - 10.15 | C22: 20 | D22: 5 | E22: 7 | F22: 15 | G22: 0 | H22: 0 | I22: 6 | J22: 2 | K22: 0 | L22: 0 | M22: 50 | N22: 0 | O22: =SUM(C22:L22,N22) -> 55 | P22: =SUM(C22:N22) -> 105 | R22: 1900-2000 | S22: =SUM(C58:C61) -> 93 | T22: =SUM(D58:D61) -> 16 | U22: =SUM(E58:E61) -> 21 | V22: =SUM(F58:F61) -> 95 | W22: =SUM(G58:G61) -> 1 | X22: =SUM(H58:H61) -> 0 | Y22: =SUM(I58:I61) -> 15 | Z22: =SUM(J58:J61) -> 2 | ... AF22: =SUM(P58:P61) -> 387
B23: 10.15 - 10.30 | C23: 35 | D23: 8 | E23: 3 | F23: 8 | G23: 0 | H23: 0 | I23: 6 | J23: 0 | K23: 0 | L23: 0 | M23: 45 | N23: 0 | O23: =SUM(C23:L23,N23) -> 60 | P23: =SUM(C23:N23) -> 105 | R23: 2000-2100 | S23: =SUM(C62:C65) -> 140 | T23: =SUM(D62:D65) -> 21 | U23: =SUM(E62:E65) -> 16 | V23: =SUM(F62:F65) -> 150 | W23: =SUM(G62:G65) -> 0 | X23: =SUM(H62:H65) -> 0 | Y23: =SUM(I62:I65) -> 11 | Z23: =SUM(J62:J65) -> 2 | ... AF23: =SUM(P62:P65) -> 532
B24: 10.30 - 10.45 | C24: 25 | D24: 5 | E24: 10 | F24: 20 | G24: 0 | H24: 0 | I24: 10 | J24: 0 | K24: 0 | L24: 0 | M24: 50 | N24: 0 | O24: =SUM(C24:L24,N24) -> 70 | P24: =SUM(C24:N24) -> 120 | R24: 2100-2200 | S24: =SUM(C66:C69) -> 71 | T24: =SUM(D66:D69) -> 3 | U24: =SUM(E66:E69) -> 10 | V24: =SUM(F66:F69) -> 63 | W24: =SUM(G66:G69) -> 2 | X24: =SUM(H66:H69) -> 0 | Y24: =SUM(I66:I69) -> 6 | Z24: =SUM(J66:J69) -> 1 | ... AF24: =SUM(P66:P69) -> 303
B25: 10.45 - 11.00 | C25: 25 | D25: 3 | E25: 12 | F25: 25 | G25: 0 | H25: 0 | I25: 7 | J25: 0 | K25: 1 | L25: 0 | M25: 45 | N25: 0 | O25: =SUM(C25:L25,N25) -> 73 | P25: =SUM(C25:N25) -> 118 | R25: 2200-2300 | S25: =SUM(C70:C73) -> 72 | T25: =SUM(D70:D73) -> 4 | U25: =SUM(E70:E73) -> 3 | V25: =SUM(F70:F73) -> 45 | W25: =SUM(G70:G73) -> 0 | X25: =SUM(H70:H73) -> 0 | Y25: =SUM(I70:I73) -> 6 | Z25: =SUM(J70:J73) -> 0 | ... AF25: =SUM(P70:P73) -> 221
B26: 11.00 - 11.15 | C26: 22 | D26: 6 | E26: 8 | F26: 25 | G26: 0 | H26: 0 | I26: 5 | J26: 1 | K26: 1 | L26: 0 | M26: 45 | N26: 0 | O26: =SUM(C26:L26,N26) -> 68 | P26: =SUM(C26:N26) -> 113 | R26: 2300-0000 | S26: =SUM(C74:C77) -> 45 | T26: =SUM(D74:D77) -> 3 | U26: =SUM(E74:E77) -> 6 | V26: =SUM(F74:F77) -> 33 | W26: =SUM(G74:G77) -> 0 | X26: =SUM(H74:H77) -> 0 | Y26: =SUM(I74:I77) -> 4 | Z26: =SUM(J74:J77) -> 0 | ... AF26: =SUM(P74:P77) -> 159
B27: 11.15 - 11.30 | C27: 30 | D27: 2 | E27: 7 | F27: 35 | G27: 0 | H27: 0 | I27: 12 | J27: 0 | K27: 1 | L27: 0 | M27: 55 | N27: 0 | O27: =SUM(C27:L27,N27) -> 87 | P27: =SUM(C27:N27) -> 142 | R27: 0000-0100 | S27: =SUM(C78:C81) -> 18 | T27: =SUM(D78:D81) -> 1 | U27: =SUM(E78:E81) -> 2 | V27: =SUM(F78:F81) -> 5 | W27: =SUM(G78:G81) -> 0 | X27: =SUM(H78:H81) -> 3 | Y27: =SUM(I78:I81) -> 4 | Z27: =SUM(J78:J81) -> 2 | ... AF27: =SUM(P78:P81) -> 64
B28: 11.30 - 11.45 | C28: 35 | D28: 3 | E28: 10 | F28: 38 | G28: 0 | H28: 1 | I28: 16 | J28: 0 | K28: 0 | L28: 0 | M28: 60 | N28: 0 | O28: =SUM(C28:L28,N28) -> 103 | P28: =SUM(C28:N28) -> 163 | R28: 0100-0200 | S28: =SUM(C82:C85) -> 6 | T28: =SUM(D82:D85) -> 1 | U28: =SUM(E82:E85) -> 3 | V28: =SUM(F82:F85) -> 0 | W28: =SUM(G82:G85) -> 0 | X28: =SUM(H82:H85) -> 0 | Y28: =SUM(I82:I85) -> 4 | Z28: =SUM(J82:J85) -> 0 | ... AF28: =SUM(P82:P85) -> 36
B29: 11.45 - 12.00 | C29: 20 | D29: 5 | E29: 15 | F29: 25 | G29: 0 | H29: 0 | I29: 10 | J29: 0 | K29: 0 | L29: 0 | M29: 50 | N29: 0 | O29: =SUM(C29:L29,N29) -> 75 | P29: =SUM(C29:N29) -> 125 | R29: 0200-0300 | S29: =SUM(C86:C89) -> 8 | T29: =SUM(D86:D89) -> 0 | U29: =SUM(E86:E89) -> 2 | V29: =SUM(F86:F89) -> 0 | W29: =SUM(G86:G89) -> 0 | X29: =SUM(H86:H89) -> 0 | Y29: =SUM(I86:I89) -> 3 | Z29: =SUM(J86:J89) -> 0 | ... AF29: =SUM(P86:P89) -> 30
B30: 12.00 - 12.15 | C30: 30 | D30: 10 | E30: 25 | F30: 35 | G30: 1 | H30: 0 | I30: 2 | J30: 2 | K30: 10 | L30: 0 | M30: 65 | N30: 0 | O30: =SUM(C30:L30,N30) -> 115 | P30: =SUM(C30:N30) -> 180 | R30: 0300-0400 | S30: =SUM(C90:C93) -> 1 | T30: =SUM(D90:D93) -> 0 | U30: =SUM(E90:E93) -> 2 | V30: =SUM(F90:F93) -> 0 | W30: =SUM(G90:G93) -> 0 | X30: =SUM(H90:H93) -> 0 | Y30: =SUM(I90:I93) -> 3 | Z30: =SUM(J90:J93) -> 0 | ... AF30: =SUM(P90:P93) -> 17
B31: 12.15 - 12.30 | C31: 35 | D31: 5 | E31: 15 | F31: 40 | G31: 0 | H31: 0 | I31: 6 | J31: 0 | K31: 0 | L31: 0 | M31: 55 | N31: 0 | O31: =SUM(C31:L31,N31) -> 101 | P31: =SUM(C31:N31) -> 156 | R31: 0400-0500 | S31: =SUM(C94:C97) -> 1 | T31: =SUM(D94:D97) -> 0 | U31: =SUM(E94:E97) -> 0 | V31: =SUM(F94:F97) -> 0 | W31: =SUM(G94:G97) -> 0 | X31: =SUM(H94:H97) -> 0 | Y31: =SUM(I94:I97) -> 0 | Z31: =SUM(J94:J97) -> 0 | ... AF31: =SUM(P94:P97) -> 8
B32: 12.30 - 12.45 | C32: 40 | D32: 8 | E32: 15 | F32: 30 | G32: 0 | H32: 0 | I32: 5 | J32: 2 | K32: 0 | L32: 0 | M32: 55 | N32: 0 | O32: =SUM(C32:L32,N32) -> 100 | P32: =SUM(C32:N32) -> 155 | R32: 0500-0600 | S32: =SUM(C98:C101) -> 14 | T32: =SUM(D98:D101) -> 0 | U32: =SUM(E98:E101) -> 0 | V32: =SUM(F98:F101) -> 2 | W32: =SUM(G98:G101) -> 0 | X32: =SUM(H98:H101) -> 0 | Y32: =SUM(I98:I101) -> 2 | Z32: =SUM(J98:J101) -> 1 | ... AF32: =SUM(P98:P101) -> 29
B33: 12.45 - 13.00 | C33: 20 | D33: 3 | E33: 5 | F33: 25 | G33: 0 | H33: 0 | I33: 3 | J33: 3 | K33: 0 | L33: 0 | M33: 45 | N33: 0 | O33: 5 | P33: 15 | R33: 0600-0700 | S33: 4 | T33: =SUM(D102:D105) -> 0 | U33: 2 | V33: =SUM(F102:F105) -> 1 | W33: =SUM(G102:G105) -> 1 | X33: =SUM(H102:H105) -> 1 | Y33: =SUM(I102:I105) -> 3 | Z33: =SUM(J102:J105) -> 3 | AA33: =SUM(K102:K105) -> 0 | AB33: =SUM(L102:L105) -> 0 | AC33: =SUM(M102:M105) -> 18 | ... AF33: =SUM(P102:P105) -> 35
B34: 13.00 - 13.15 | C34: 25 | D34: 2 | E34: 5 | F34: 15 | G34: 0 | H34: 0 | I34: 4 | J34: 0 | K34: 2 | L34: 1 | M34: 45 | N34: 0 | O34: =SUM(C34:L34,N34) -> 54 | P34: =SUM(C34:N34) -> 99 | R34: AM Peak Hr | S34: =MAX(S10:S12) -> 82 | T34: =MAX(T10:T12) -> 6 | U34: =MAX(U10:U12) -> 21 | V34: =MAX(V10:V12) -> 63 | W34: =MAX(W10:W12) -> 9 | X34: =MAX(X10:X12) -> 1 | Y34: =MAX(Y10:Y12) -> 23 | Z34: =MAX(Z10:Z12) -> 2 | ... AF34: =MAX(AF10:AF12) -> 380
B35: 13.15 - 13.30 | C35: 11 | D35: 3 | E35: 8 | F35: 10 | G35: 0 | H35: 0 | I35: 5 | J35: 0 | K35: 1 | L35: 0 | M35: 35 | N35: 0 | O35: =SUM(C35:L35,N35) -> 38 | P35: =SUM(C35:N35) -> 73 | R35: IP Peak Hr | S35: =MAX(S13:S18) -> 125 | T35: =MAX(T13:T18) -> 26 | U35: =MAX(U13:U18) -> 60 | V35: =MAX(V13:V18) -> 130 | W35: =MAX(W13:W18) -> 1 | X35: =MAX(X13:X18) -> 1 | Y35: =MAX(Y13:Y18) -> 43 | Z35: =MAX(Z13:Z18) -> 7 | ... AF35: =MAX(AF13:AF18) -> 543
B36: 13.30 - 13.45 | C36: 17 | D36: 3 | E36: 4 | F36: 20 | G36: 1 | H36: 0 | I36: 1 | J36: 0 | K36: 2 | L36: 0 | M36: 40 | N36: 0 | O36: =SUM(C36:L36,N36) -> 48 | P36: =SUM(C36:N36) -> 88 | R36: PM Peak Hr | S36: =MAX(S19:S21) -> 69 | T36: =MAX(T19:T21) -> 6 | U36: =MAX(U19:U21) -> 18 | V36: =MAX(V19:V21) -> 68 | W36: =MAX(W19:W21) -> 0 | X36: =MAX(X19:X21) -> 0 | Y36: =MAX(Y19:Y21) -> 18 | Z36: =MAX(Z19:Z21) -> 6 | ... AF36: =MAX(AF19:AF21) -> 305
B37: 13.45 - 14.00 | C37: 30 | D37: 1 | E37: 2 | F37: 20 | G37: 0 | H37: 0 | I37: 4 | J37: 0 | K37: 0 | L37: 1 | M37: 45 | N37: 0 | O37: =SUM(C37:L37,N37) -> 58 | P37: =SUM(C37:N37) -> 103 | R37: AM Period | S37: =SUM(S10:S12) -> 115 | T37: =SUM(T10:T12) -> 11 | U37: =SUM(U10:U12) -> 25 | V37: =SUM(V10:V12) -> 97 | W37: =SUM(W10:W12) -> 10 | X37: =SUM(X10:X12) -> 1 | Y37: =SUM(Y10:Y12) -> 31 | Z37: =SUM(Z10:Z12) -> 5 | ... AF37: =SUM(AF10:AF12) -> 598
B38: 14.00 - 14.15 | C38: 25 | D38: 2 | E38: 2 | F38: 15 | G38: 0 | H38: 0 | I38: 3 | J38: 0 | K38: 1 | L38: 0 | M38: 40 | N38: 0 | O38: =SUM(C38:L38,N38) -> 48 | P38: =SUM(C38:N38) -> 88 | R38: IP Period | S38: =SUM(S13:S18) -> 573 | T38: =SUM(T13:T18) -> 78 | U38: =SUM(U13:U18) -> 177 | V38: =SUM(V13:V18) -> 511 | W38: =SUM(W13:W18) -> 2 | X38: =SUM(X13:X18) -> 1 | Y38: =SUM(Y13:Y18) -> 126 | Z38: =SUM(Z13:Z18) -> 14 | ... AF38: =SUM(AF13:AF18) -> 2529
B39: 14.15 - 14.30 | C39: 20 | D39: 2 | E39: 1 | F39: 10 | G39: 0 | H39: 0 | I39: 2 | J39: 1 | K39: 1 | L39: 0 | M39: 35 | N39: 0 | O39: =SUM(C39:L39,N39) -> 37 | P39: =SUM(C39:N39) -> 72 | R39: PM Period | S39: =SUM(S19:S21) -> 187 | T39: =SUM(T19:T21) -> 14 | U39: =SUM(U19:U21) -> 42 | V39: =SUM(V19:V21) -> 152 | W39: =SUM(W19:W21) -> 0 | X39: =SUM(X19:X21) -> 0 | Y39: =SUM(Y19:Y21) -> 38 | Z39: =SUM(Z19:Z21) -> 12 | ... AF39: =SUM(AF19:AF21) -> 868
B40: 14.30 - 14.45 | C40: 22 | D40: 0 | E40: 5 | F40: 20 | G40: 0 | H40: 0 | I40: 2 | J40: 0 | K40: 0 | L40: 0 | M40: 33 | N40: 0 | O40: =SUM(C40:L40,N40) -> 49 | P40: =SUM(C40:N40) -> 82 | R40: 12 Hours | S40: =SUM(S10:S21) -> 875 | T40: =SUM(T10:T21) -> 103 | U40: =SUM(U10:U21) -> 244 | V40: =SUM(V10:V21) -> 760 | W40: =SUM(W10:W21) -> 12 | X40: =SUM(X10:X21) -> 2 | Y40: =SUM(Y10:Y21) -> 195 | Z40: =SUM(Z10:Z21) -> 31 | ... AF40: =SUM(AF10:AF21) -> 3995
B41: 14.45 - 15.00 | C41: 12 | D41: 1 | E41: 7 | F41: 18 | G41: 0 | H41: 0 | I41: 2 | J41: 0 | K41: 1 | L41: 0 | M41: 45 | N41: 0 | O41: =SUM(C41:L41,N41) -> 41 | P41: =SUM(C41:N41) -> 86 | R41: 24 Hrs/ADT | S41: =SUM(S10:S33) -> 1348 | T41: =SUM(T10:T33) -> 152 | U41: =SUM(U10:U33) -> 311 | V41: =SUM(V10:V33) -> 1154 | W41: =SUM(W10:W33) -> 16 | X41: =SUM(X10:X33) -> 6 | Y41: =SUM(Y10:Y33) -> 256 | Z41: =SUM(Z10:Z33) -> 42 | ... AF41: =SUM(AF10:AF33) -> 5816
B42: 15.00 - 15.15 | C42: 20 | D42: 1 | E42: 3 | F42: 15 | G42: 0 | H42: 0 | I42: 1 | J42: 3 | K42: 0 | L42: 0 | M42: 35 | N42: 0 | O42: =SUM(C42:L42,N42) -> 43 | P42: =SUM(C42:N42) -> 78 | R42: NEF | S42: =S41/S40 -> 1.5405714 | T42: =T41/T40 -> 1.4757282 | U42: =U41/U40 -> 1.2745902 | V42: =V41/V40 -> 1.5184211 | W42: =W41/W40 -> 1.3333333 | X42: =X41/X40 -> 3 | Y42: =Y41/Y40 -> 1.3128205 | Z42: =Z41/Z40 -> 1.3548387 | ... AF42: =AF41/AF40 -> 1.4558198
B43: 15.15 - 15.30 | C43: 22 | D43: 0 | E43: 6 | F43: 9 | G43: 0 | H43: 0 | I43: 10 | J43: 0 | K43: 2 | L43: 0 | M43: 45 | N43: 0 | O43: =SUM(C43:L43,N43) -> 49 | P43: =SUM(C43:N43) -> 94
B44: 15.30 - 15.45 | C44: 15 | D44: 0 | E44: 1 | F44: 20 | G44: 0 | H44: 0 | I44: 3 | J44: 0 | K44: 1 | L44: 0 | M44: 50 | N44: 0 | O44: =SUM(C44:L44,N44) -> 40 | P44: =SUM(C44:N44) -> 90
B45: 15.45 - 16.00 | C45: 17 | D45: 0 | E45: 1 | F45: 18 | G45: 0 | H45: 0 | I45: 1 | J45: 0 | K45: 2 | L45: 0 | M45: 40 | N45: 0 | O45: =SUM(C45:L45,N45) -> 39 | P45: =SUM(C45:N45) -> 79
B46: 16.00 - 16.15 | C46: 18 | D46: 0 | E46: 2 | F46: 25 | G46: 0 | H46: 0 | I46: 10 | J46: 0 | K46: 0 | L46: 0 | M46: 35 | N46: 0 | O46: =SUM(C46:L46,N46) -> 55 | P46: =SUM(C46:N46) -> 90
B47: 16.15 -16.30 | C47: 18 | D47: 3 | E47: 3 | F47: 7 | G47: 0 | H47: 0 | I47: 4 | J47: 0 | K47: 1 | L47: 0 | M47: 30 | N47: 0 | O47: =SUM(C47:L47,N47) -> 36 | P47: =SUM(C47:N47) -> 66
B48: 16.30 -16.45 | C48: 10 | D48: 0 | E48: 6 | F48: 9 | G48: 0 | H48: 0 | I48: 2 | J48: 0 | K48: 1 | L48: 0 | M48: 50 | N48: 0 | O48: =SUM(C48:L48,N48) -> 28 | P48: =SUM(C48:N48) -> 78
B49: 16.45 -17.00 | C49: 10 | D49: 1 | E49: 1 | F49: 10 | G49: 0 | H49: 0 | I49: 2 | J49: 2 | K49: 0 | L49: 0 | M49: 35 | N49: 0 | O49: =SUM(C49:L49,N49) -> 26 | P49: =SUM(C49:N49) -> 61
B50: 17.00 -17.15 | C50: 13 | D50: 0 | E50: 4 | F50: 15 | G50: 0 | H50: 0 | I50: 3 | J50: 1 | K50: 0 | L50: 0 | M50: 20 | N50: 0 | O50: =SUM(C50:L50,N50) -> 36 | P50: =SUM(C50:N50) -> 56
B51: 17.15 -17.30 | C51: 19 | D51: 1 | E51: 2 | F51: 4 | G51: 0 | H51: 0 | I51: 3 | J51: 1 | K51: 0 | L51: 0 | M51: 43 | N51: 0 | O51: =SUM(C51:L51,N51) -> 30 | P51: =SUM(C51:N51) -> 73
B52: 17.30 -17.45 | C52: 18 | D52: 1 | E52: 3 | F52: 4 | G52: 0 | H52: 0 | I52: 3 | J52: 2 | K52: 0 | L52: 0 | M52: 30 | N52: 0 | O52: =SUM(C52:L52,N52) -> 31 | P52: =SUM(C52:N52) -> 61
B53: 17.45 -18.00 | C53: 12 | D53: 2 | E53: 3 | F53: 10 | G53: 0 | H53: 0 | I53: 2 | J53: 2 | K53: 1 | L53: 0 | M53: 46 | N53: 0 | O53: =SUM(C53:L53,N53) -> 32 | P53: =SUM(C53:N53) -> 78
B54: 18.00 - 18.15 | C54: 19 | D54: 2 | E54: 2 | F54: 13 | G54: 0 | H54: 0 | I54: 1 | J54: 0 | K54: 0 | L54: 0 | M54: 25 | N54: 0 | O54: =SUM(C54:L54,N54) -> 37 | P54: =SUM(C54:N54) -> 62
... B105: 06.45 - 07.00 | C105: 0 | D105: 0 | E105: 0 | F105: 0 | G105: 0 | H105: 0 | I105: 1 | J105: 0 | K105: 0 | L105: 0 | M105: 9 | N105: 0 | O105: =SUM(C105:L105,N105) -> 1 | P105: =SUM(C105:N105) -> 10
B106: Totals | C106: =SUM(C10:C105) -> 1351 | D106: =SUM(D10:D105) -> 152 | E106: =SUM(E10:E105) -> 310 | F106: =SUM(F10:F105) -> 1154 | G106: =SUM(G10:G105) -> 16 | H106: =SUM(H10:H105) -> 6 | I106: =SUM(I10:I105) -> 256 | J106: =SUM(J10:J105) -> 42 | ... P106: =SUM(P10:P105) -> 5816
B107: %ges + MCs | C107: =C106/$P$106 -> 0.23229023 | D107: =D106/$P$106 -> 0.026134801 | E107: =E106/$P$106 -> 0.053301238 | F107: =F106/$P$106 -> 0.19841816 | G107: =G106/$P$106 -> 0.0027510316 | H107: =H106/$P$106 -> 0.0010316369 | I107: =I106/$P$106 -> 0.044016506 | J107: =J106/$P$106 -> 0.007221458 | ... N107: =N106/$P$106 -> 0
B108: %ges w/o MCs | C108: =C106/$O$106 -> 0.41076315 | D108: =D106/$O$106 -> 0.046214655 | E108: =E106/$O$106 -> 0.094253573 | F108: =F106/$O$106 -> 0.35086652 | G108: =G106/$O$106 -> 0.0048647005 | H108: =H106/$O$106 -> 0.0018242627 | I108: =I106/$O$106 -> 0.077835208 | J108: =J106/$O$106 -> 0.012769839 | ... L108: =L106/$O$106 -> 0.0024323503 | N108: =N106/$O$106 -> 0

Sheet 27.07 Sentema-SentemaRBT-24h
B1: Consultancy services for Preparation of Expressway Development Master Plan (EDMP) for Uganda
B2: MANUAL CLASSIFIED COUNT (MCC)
B3: ROAD NAME: | C3: ='22.07 SentemaRBT-Sentema'!C3:G3 -> MCC - C1 - STN15 - SENTEMA ROAD
C5: Date | D5: ='27.07 SentemaRBT-Sentema-24h'!D5 -> 27.07.19 | F5: Location | G5: ='27.07 SentemaRBT-Sentema-24h'!G5:H5 -> Ku roofings | J5: Surveyor | K5: Nawaja Brenda
C6: Dir. From | D6: ='22.07 Sentema-Sentema RBT'!D6:E6 -> Sentema | F6: Dir. To | G6: ='22.07 Sentema-Sentema RBT'!G6:H6 -> Sentema RBT | J6: Supervisor | K6: ='27.07 SentemaRBT-Sentema-24h'!K6:L6 -> Isaac
B8: Time / Veh Type | R8: SUMMARY TRAFFIC VOLUMES
C9: 1. Car | D9: 2. Station Wagon | E9: 3. Pickups | F9: 4. Minibus, matatu | G9: 5. Medium bus | H9: 6. Large Bus | I9: 7. Light Truck | J9: 8. Medium Truck | K9: 9. Heavy truck | L9: 10. Truck Trailer | M9: 11. Motor cycles | N9: 12. Tractors | O9: Total Excl M/Cycles | P9: Total All | R9: Time | S9: 1. Car | T9: 2. Station Wagon | U9: 3. Pickups | V9: 4. Minibus, matatu | W9: 5. Medium bus | X9: 6. Large Bus | Y9: 7. Light Truck | Z9: 8. Medium Truck | AA9: 9. Heavy truck | AB9: 10. Truck Trailer | AC9: 11. Motorcycles | AD9: 12. Tractors, Graders | AE9: Total Excl M/ Cycles | AF9: Total All
B10: 07.00 - 07.15 | C10: 0 | D10: 0 | E10: 0 | F10: 0 | G10: 0 | H10: 0 | I10: 0 | J10: 0 | K10: 0 | L10: 0 | M10: 0 | N10: 0 | O10: =SUM(C10:L10,N10) -> 0 | P10: =SUM(C10:N10) -> 0 | R10: 0700-0800 | S10: =SUM(C10:C13) -> 10 | T10: =SUM(D10:D13) -> 1 | U10: =SUM(E10:E13) -> 1 | V10: =SUM(F10:F13) -> 5 | W10: =SUM(G10:G13) -> 0 | X10: =SUM(H10:H13) -> 0 | Y10: =SUM(I10:I13) -> 1 | Z10: =SUM(J10:J13) -> 0 | ... AF10: =SUM(P10:P13) -> 31
B11: 07.15 - 07.30 | C11: 0 | D11: 0 | E11: 0 | F11: 0 | G11: 0 | H11: 0 | I11: 0 | J11: 0 | K11: 0 | L11: 0 | M11: 0 | N11: 0 | O11: =SUM(C11:L11,N11) -> 0 | P11: =SUM(C11:N11) -> 0 | R11: 0800-0900 | S11: =SUM(C14:C17) -> 132 | T11: =SUM(D14:D17) -> 12 | U11: =SUM(E14:E17) -> 14 | V11: =SUM(F14:F17) -> 57 | W11: =SUM(G14:G17) -> 0 | X11: =SUM(H14:H17) -> 0 | Y11: =SUM(I14:I17) -> 3 | Z11: =SUM(J14:J17) -> 6 | ... AF11: =SUM(P14:P17) -> 388
B12: 07.30 - 07.45 | C12: 0 | D12: 0 | E12: 0 | F12: 0 | G12: 0 | H12: 0 | I12: 0 | J12: 0 | K12: 0 | L12: 0 | M12: 0 | N12: 0 | O12: =SUM(C12:L12,N12) -> 0 | P12: =SUM(C12:N12) -> 0 | R12: 0900-1000 | S12: =SUM(C18:C21) -> 111 | T12: =SUM(D18:D21) -> 49 | U12: =SUM(E18:E21) -> 10 | V12: =SUM(F18:F21) -> 61 | W12: =SUM(G18:G21) -> 0 | X12: =SUM(H18:H21) -> 0 | Y12: =SUM(I18:I21) -> 11 | Z12: =SUM(J18:J21) -> 8 | ... AF12: =SUM(P18:P21) -> 507
B13: 07.45 - 08.00 | C13: 10 | D13: 1 | E13: 1 | F13: 5 | G13: 0 | H13: 0 | I13: 1 | J13: 0 | K13: 1 | L13: 0 | M13: 12 | N13: 0 | O13: =SUM(C13:L13,N13) -> 19 | P13: =SUM(C13:N13) -> 31 | R13: 1000-1100 | S13: =SUM(C22:C25) -> 77 | T13: =SUM(D22:D25) -> 51 | U13: =SUM(E22:E25) -> 17 | V13: =SUM(F22:F25) -> 45 | W13: =SUM(G22:G25) -> 0 | X13: =SUM(H22:H25) -> 0 | Y13: =SUM(I22:I25) -> 22 | Z13: =SUM(J22:J25) -> 10 | ... AF13: =SUM(P22:P25) -> 459
B14: 08.00 - 08.15 | C14: 42 | D14: 4 | E14: 5 | F14: 16 | G14: 0 | H14: 0 | I14: 2 | J14: 2 | K14: 0 | L14: 0 | M14: 30 | N14: 0 | O14: =SUM(C14:L14,N14) -> 71 | P14: =SUM(C14:N14) -> 101 | R14: 1100-1200 | S14: =SUM(C26:C29) -> 58 | T14: =SUM(D26:D29) -> 30 | U14: =SUM(E26:E29) -> 9 | V14: =SUM(F26:F29) -> 35 | W14: =SUM(G26:G29) -> 0 | X14: =SUM(H26:H29) -> 0 | Y14: =SUM(I26:I29) -> 6 | Z14: =SUM(J26:J29) -> 5 | ... AF14: =SUM(P26:P29) -> 340
B15: 08.15 - 08.30 | C15: 35 | D15: 5 | E15: 4 | F15: 19 | G15: 0 | H15: 0 | I15: 0 | J15: 2 | K15: 0 | L15: 0 | M15: 50 | N15: 0 | O15: =SUM(C15:L15,N15) -> 65 | P15: =SUM(C15:N15) -> 115 | R15: 1200-1300 | S15: =SUM(C30:C33) -> 30 | T15: =SUM(D30:D33) -> 18 | U15: =SUM(E30:E33) -> 8 | V15: =SUM(F30:F33) -> 24 | W15: =SUM(G30:G33) -> 2 | X15: =SUM(H30:H33) -> 0 | Y15: =SUM(I30:I33) -> 5 | Z15: =SUM(J30:J33) -> 7 | ... AF15: =SUM(P30:P33) -> 257
B16: 08.30 - 08.45 | C16: 31 | D16: 2 | E16: 4 | F16: 14 | G16: 0 | H16: 0 | I16: 1 | J16: 2 | K16: 0 | L16: 0 | M16: 54 | N16: 0 | O16: =SUM(C16:L16,N16) -> 54 | P16: =SUM(C16:N16) -> 108 | R16: 1300-1400 | S16: =SUM(C34:C37) -> 41 | T16: =SUM(D34:D37) -> 17 | U16: =SUM(E34:E37) -> 12 | V16: =SUM(F34:F37) -> 29 | W16: =SUM(G34:G37) -> 0 | X16: =SUM(H34:H37) -> 0 | Y16: =SUM(I34:I37) -> 9 | Z16: =SUM(J34:J37) -> 5 | ... AF16: =SUM(P34:P37) -> 278
B17: 08.45 - 9.00 | C17: 24 | D17: 1 | E17: 1 | F17: 8 | G17: 0 | H17: 0 | I17: 0 | J17: 0 | K17: 0 | L17: 0 | M17: 30 | N17: 0 | O17: =SUM(C17:L17,N17) -> 34 | P17: =SUM(C17:N17) -> 64 | R17: 1400-1500 | S17: =SUM(C38:C41) -> 43 | T17: =SUM(D38:D41) -> 20 | U17: =SUM(E38:E41) -> 12 | V17: =SUM(F38:F41) -> 17 | W17: =SUM(G38:G41) -> 0 | X17: =SUM(H38:H41) -> 1 | Y17: =SUM(I38:I41) -> 8 | Z17: =SUM(J38:J41) -> 2 | ... AF17: =SUM(P38:P41) -> 294
B18: 09.00 - 09.15 | C18: 49 | D18: 22 | E18: 6 | F18: 30 | G18: 0 | H18: 0 | I18: 7 | J18: 3 | K18: 0 | L18: 0 | M18: 85 | N18: 0 | O18: =SUM(C18:L18,N18) -> 117 | P18: =SUM(C18:N18) -> 202 | R18: 1500-1600 | S18: =SUM(C42:C45) -> 33 | T18: =SUM(D42:D45) -> 33 | U18: =SUM(E42:E45) -> 7 | V18: =SUM(F42:F45) -> 26 | W18: =SUM(G42:G45) -> 0 | X18: =SUM(H42:H45) -> 0 | Y18: =SUM(I42:I45) -> 11 | Z18: =SUM(J42:J45) -> 8 | ... AF18: =SUM(P42:P45) -> 286
B19: 09.15 - 09.30 | C19: 30 | D19: 10 | E19: 0 | F19: 8 | G19: 0 | H19: 0 | I19: 1 | J19: 2 | K19: 0 | L19: 0 | M19: 62 | N19: 0 | O19: =SUM(C19:L19,N19) -> 51 | P19: =SUM(C19:N19) -> 113 | R19: 1600-1700 | S19: =SUM(C46:C49) -> 35 | T19: =SUM(D46:D49) -> 23 | U19: =SUM(E46:E49) -> 5 | V19: =SUM(F46:F49) -> 22 | W19: =SUM(G46:G49) -> 0 | X19: =SUM(H46:H49) -> 1 | Y19: =SUM(I46:I49) -> 13 | Z19: =SUM(J46:J49) -> 13 | ... AF19: =SUM(P46:P49) -> 264
B20: 09.30 - 09.45 | C20: 18 | D20: 11 | E20: 2 | F20: 14 | G20: 0 | H20: 0 | I20: 1 | J20: 0 | K20: 0 | L20: 1 | M20: 44 | N20: 0 | O20: =SUM(C20:L20,N20) -> 47 | P20: =SUM(C20:N20) -> 91 | R20: 1700-1800 | S20: =SUM(C50:C53) -> 31 | T20: =SUM(D50:D53) -> 23 | U20: =SUM(E50:E53) -> 9 | V20: =SUM(F50:F53) -> 18 | W20: =SUM(G50:G53) -> 0 | X20: =SUM(H50:H53) -> 0 | Y20: =SUM(I50:I53) -> 14 | Z20: =SUM(J50:J53) -> 5 | ... AF20: =SUM(P50:P53) -> 263
B21: 09.45 - 10.00 | C21: 14 | D21: 6 | E21: 2 | F21: 9 | G21: 0 | H21: 0 | I21: 2 | J21: 3 | K21: 0 | L21: 0 | M21: 65 | N21: 0 | O21: =SUM(C21:L21,N21) -> 36 | P21: =SUM(C21:N21) -> 101 | R21: 1800-1900 | S21: =SUM(C54:C57) -> 39 | T21: =SUM(D54:D57) -> 26 | U21: =SUM(E54:E57) -> 9 | V21: =SUM(F54:F57) -> 32 | W21: =SUM(G54:G57) -> 13 | X21: =SUM(H54:H57) -> 1 | Y21: =SUM(I54:I57) -> 11 | Z21: =SUM(J54:J57) -> 9 | ... AF21: =SUM(P54:P57) -> 384
B22: 10.00 - 10.15 | C22: 25 | D22: 8 | E22: 2 | F22: 9 | G22: 0 | H22: 0 | I22: 8 | J22: 2 | K22: 0 | L22: 0 | M22: 68 | N22: 0 | O22: =SUM(C22:L22,N22) -> 54 | P22: =SUM(C22:N22) -> 122 | R22: 1900-2000 | S22: =SUM(C58:C61) -> 52 | T22: =SUM(D58:D61) -> 15 | U22: =SUM(E58:E61) -> 5 | V22: =SUM(F58:F61) -> 28 | W22: =SUM(G58:G61) -> 2 | X22: =SUM(H58:H61) -> 1 | Y22: =SUM(I58:I61) -> 6 | Z22: =SUM(J58:J61) -> 4 | ... AF22: =SUM(P58:P61) -> 259
B23: 10.15 - 10.30 | C23: 18 | D23: 16 | E23: 9 | F23: 17 | G23: 0 | H23: 0 | I23: 9 | J23: 4 | K23: 0 | L23: 0 | M23: 61 | N23: 0 | O23: =SUM(C23:L23,N23) -> 73 | P23: =SUM(C23:N23) -> 134 | R23: 2000-2100 | S23: =SUM(C62:C65) -> 56 | T23: =SUM(D62:D65) -> 4 | U23: =SUM(E62:E65) -> 6 | V23: =SUM(F62:F65) -> 57 | W23: =SUM(G62:G65) -> 1 | X23: =SUM(H62:H65) -> 2 | Y23: =SUM(I62:I65) -> 8 | Z23: =SUM(J62:J65) -> 2 | ... AF23: =SUM(P62:P65) -> 229
B24: 10.30 - 10.45 | C24: 12 | D24: 16 | E24: 4 | F24: 7 | G24: 0 | H24: 0 | I24: 1 | J24: 4 | K24: 0 | L24: 2 | M24: 64 | N24: 0 | O24: =SUM(C24:L24,N24) -> 46 | P24: =SUM(C24:N24) -> 110 | R24: 2100-2200 | S24: =SUM(C66:C69) -> 25 | T24: =SUM(D66:D69) -> 3 | U24: =SUM(E66:E69) -> 5 | V24: =SUM(F66:F69) -> 15 | W24: =SUM(G66:G69) -> 0 | X24: =SUM(H66:H69) -> 0 | Y24: =SUM(I66:I69) -> 2 | Z24: =SUM(J66:J69) -> 0 | ... AF24: =SUM(P66:P69) -> 129
B25: 10.45 - 11.00 | C25: 22 | D25: 11 | E25: 2 | F25: 12 | G25: 0 | H25: 0 | I25: 4 | J25: 0 | K25: 0 | L25: 0 | M25: 42 | N25: 0 | O25: =SUM(C25:L25,N25) -> 51 | P25: =SUM(C25:N25) -> 93 | R25: 2200-2300 | S25: =SUM(C70:C73) -> 22 | T25: =SUM(D70:D73) -> 0 | U25: =SUM(E70:E73) -> 1 | V25: =SUM(F70:F73) -> 9 | W25: =SUM(G70:G73) -> 0 | X25: =SUM(H70:H73) -> 0 | Y25: =SUM(I70:I73) -> 1 | Z25: =SUM(J70:J73) -> 0 | ... AF25: =SUM(P70:P73) -> 98
B26: 11.00 - 11.15 | C26: 11 | D26: 5 | E26: 1 | F26: 5 | G26: 0 | H26: 0 | I26: 1 | J26: 0 | K26: 0 | L26: 0 | M26: 56 | N26: 0 | O26: =SUM(C26:L26,N26) -> 23 | P26: =SUM(C26:N26) -> 79 | R26: 2300-0000 | S26: =SUM(C74:C77) -> 24 | T26: =SUM(D74:D77) -> 0 | U26: =SUM(E74:E77) -> 2 | V26: =SUM(F74:F77) -> 9 | W26: =SUM(G74:G77) -> 0 | X26: =SUM(H74:H77) -> 0 | Y26: =SUM(I74:I77) -> 1 | Z26: =SUM(J74:J77) -> 0 | ... AF26: =SUM(P74:P77) -> 65
B27: 11.15 - 11.30 | C27: 21 | D27: 5 | E27: 4 | F27: 11 | G27: 0 | H27: 0 | I27: 4 | J27: 4 | K27: 0 | L27: 0 | M27: 47 | N27: 0 | O27: =SUM(C27:L27,N27) -> 49 | P27: =SUM(C27:N27) -> 96 | R27: 0000-0100 | S27: =SUM(C78:C81) -> 6 | T27: =SUM(D78:D81) -> 3 | U27: =SUM(E78:E81) -> 1 | V27: =SUM(F78:F81) -> 0 | W27: =SUM(G78:G81) -> 1 | X27: =SUM(H78:H81) -> 0 | Y27: =SUM(I78:I81) -> 0 | Z27: =SUM(J78:J81) -> 0 | ... AF27: =SUM(P78:P81) -> 20
B28: 11.30 - 11.45 | C28: 5 | D28: 7 | E28: 1 | F28: 8 | G28: 0 | H28: 0 | I28: 1 | J28: 1 | K28: 0 | L28: 0 | M28: 36 | N28: 0 | O28: =SUM(C28:L28,N28) -> 23 | P28: =SUM(C28:N28) -> 59 | R28: 0100-0200 | S28: =SUM(C82:C85) -> 3 | T28: =SUM(D82:D85) -> 0 | U28: =SUM(E82:E85) -> 0 | V28: =SUM(F82:F85) -> 0 | W28: =SUM(G82:G85) -> 0 | X28: =SUM(H82:H85) -> 0 | Y28: =SUM(I82:I85) -> 0 | Z28: =SUM(J82:J85) -> 0 | ... AF28: =SUM(P82:P85) -> 7
B29: 11.45 - 12.00 | C29: 21 | D29: 13 | E29: 3 | F29: 11 | G29: 0 | H29: 0 | I29: 0 | J29: 0 | K29: 1 | L29: 1 | M29: 56 | N29: 0 | O29: =SUM(C29:L29,N29) -> 50 | P29: =SUM(C29:N29) -> 106 | R29: 0200-0300 | S29: =SUM(C86:C89) -> 5 | T29: =SUM(D86:D89) -> 0 | U29: =SUM(E86:E89) -> 1 | V29: =SUM(F86:F89) -> 0 | W29: =SUM(G86:G89) -> 0 | X29: =SUM(H86:H89) -> 0 | Y29: =SUM(I86:I89) -> 0 | Z29: =SUM(J86:J89) -> 1 | ... AF29: =SUM(P86:P89) -> 21
B30: 12.00 - 12.15 | C30: 8 | D30: 5 | E30: 3 | F30: 8 | G30: 1 | H30: 0 | I30: 1 | J30: 1 | K30: 0 | L30: 0 | M30: 46 | N30: 0 | O30: =SUM(C30:L30,N30) -> 27 | P30: =SUM(C30:N30) -> 73 | R30: 0300-0400 | S30: =SUM(C90:C93) -> 4 | T30: =SUM(D90:D93) -> 0 | U30: =SUM(E90:E93) -> 0 | V30: =SUM(F90:F93) -> 2 | W30: =SUM(G90:G93) -> 0 | X30: =SUM(H90:H93) -> 0 | Y30: =SUM(I90:I93) -> 0 | Z30: =SUM(J90:J93) -> 3 | ... AF30: =SUM(P90:P93) -> 16
B31: 12.15 - 12.30 | C31: 9 | D31: 4 | E31: 2 | F31: 7 | G31: 0 | H31: 0 | I31: 3 | J31: 5 | K31: 0 | L31: 1 | M31: 41 | N31: 0 | O31: =SUM(C31:L31,N31) -> 31 | P31: =SUM(C31:N31) -> 72 | R31: 0400-0500 | S31: =SUM(C94:C97) -> 0 | T31: =SUM(D94:D97) -> 0 | U31: =SUM(E94:E97) -> 1 | V31: =SUM(F94:F97) -> 2 | W31: =SUM(G94:G97) -> 0 | X31: =SUM(H94:H97) -> 0 | Y31: =SUM(I94:I97) -> 0 | Z31: =SUM(J94:J97) -> 0 | ... AF31: =SUM(P94:P97) -> 5
B32: 12.30 - 12.45 | C32: 8 | D32: 4 | E32: 2 | F32: 5 | G32: 0 | H32: 0 | I32: 1 | J32: 1 | K32: 0 | L32: 0 | M32: 36 | N32: 0 | O32: =SUM(C32:L32,N32) -> 21 | P32: =SUM(C32:N32) -> 57 | R32: 0500-0600 | S32: =SUM(C98:C101) -> 6 | T32: =SUM(D98:D101) -> 0 | U32: =SUM(E98:E101) -> 0 | V32: =SUM(F98:F101) -> 14 | W32: =SUM(G98:G101) -> 1 | X32: =SUM(H98:H101) -> 0 | Y32: =SUM(I98:I101) -> 1 | Z32: =SUM(J98:J101) -> 1 | ... AF32: =SUM(P98:P101) -> 38
B33: 12.45 - 13.00 | C33: 5 | D33: 5 | E33: 1 | F33: 4 | G33: 1 | H33: 0 | I33: 0 | J33: 0 | K33: 0 | L33: 0 | M33: 39 | N33: 0 | O33: =SUM(C33:L33,N33) -> 16 | P33: =SUM(C33:N33) -> 55 | R33: 0600-0700 | S33: =SUM(C102:C105) -> 16 | T33: =SUM(D102:D105) -> 0 | U33: =SUM(E102:E105) -> 1 | V33: =SUM(F102:F105) -> 28 | W33: =SUM(G102:G105) -> 1 | X33: =SUM(H102:H105) -> 0 | Y33: =SUM(I102:I105) -> 3 | Z33: =SUM(J102:J105) -> 1 | ... AF33: =SUM(P102:P105) -> 96
B34: 13.00 - 13.15 | C34: 10 | D34: 4 | E34: 5 | F34: 7 | G34: 0 | H34: 0 | I34: 0 | J34: 2 | K34: 1 | L34: 0 | M34: 45 | N34: 0 | O34: =SUM(C34:L34,N34) -> 29 | P34: =SUM(C34:N34) -> 74 | R34: AM Peak Hr | S34: =MAX(S10:S12) -> 132 | T34: =MAX(T10:T12) -> 49 | U34: =MAX(U10:U12) -> 14 | V34: =MAX(V10:V12) -> 61 | W34: =MAX(W10:W12) -> 0 | X34: =MAX(X10:X12) -> 0 | Y34: =MAX(Y10:Y12) -> 11 | Z34: =MAX(Z10:Z12) -> 8 | ... AF34: =MAX(AF10:AF12) -> 507
B35: 13.15 - 13.30 | C35: 5 | D35: 3 | E35: 1 | F35: 7 | G35: 0 | H35: 0 | I35: 5 | J35: 1 | K35: 0 | L35: 0 | M35: 37 | N35: 0 | O35: =SUM(C35:L35,N35) -> 22 | P35: =SUM(C35:N35) -> 59 | R35: IP Peak Hr | S35: =MAX(S13:S18) -> 77 | T35: =MAX(T13:T18) -> 51 | U35: =MAX(U13:U18) -> 17 | V35: =MAX(V13:V18) -> 45 | W35: =MAX(W13:W18) -> 2 | X35: =MAX(X13:X18) -> 1 | Y35: =MAX(Y13:Y18) -> 22 | Z35: =MAX(Z13:Z18) -> 10 | ... AF35: =MAX(AF13:AF18) -> 459
B36: 13.30 - 13.45 | C36: 15 | D36: 4 | E36: 2 | F36: 8 | G36: 0 | H36: 0 | I36: 2 | J36: 0 | K36: 0 | L36: 1 | M36: 38 | N36: 0 | O36: =SUM(C36:L36,N36) -> 32 | P36: =SUM(C36:N36) -> 70 | R36: PM Peak Hr | S36: =MAX(S19:S21) -> 39 | T36: =MAX(T19:T21) -> 26 | U36: =MAX(U19:U21) -> 9 | V36: =MAX(V19:V21) -> 32 | W36: =MAX(W19:W21) -> 13 | X36: =MAX(X19:X21) -> 1 | Y36: =MAX(Y19:Y21) -> 14 | Z36: =MAX(Z19:Z21) -> 13 | ... AF36: =MAX(AF19:AF21) -> 384
B37: 13.45 - 14.00 | C37: 11 | D37: 6 | E37: 4 | F37: 7 | G37: 0 | H37: 0 | I37: 2 | J37: 2 | K37: 0 | L37: 0 | M37: 43 | N37: 0 | O37: =SUM(C37:L37,N37) -> 32 | P37: =SUM(C37:N37) -> 75 | R37: AM Period | S37: =SUM(S10:S12) -> 253 | T37: =SUM(T10:T12) -> 62 | U37: =SUM(U10:U12) -> 25 | V37: =SUM(V10:V12) -> 123 | W37: =SUM(W10:W12) -> 0 | X37: =SUM(X10:X12) -> 0 | Y37: =SUM(Y10:Y12) -> 15 | Z37: =SUM(Z10:Z12) -> 14 | ... AF37: =SUM(AF10:AF12) -> 926
B38: 14.00 - 14.15 | C38: 15 | D38: 6 | E38: 4 | F38: 4 | G38: 0 | H38: 0 | I38: 1 | J38: 0 | K38: 0 | L38: 0 | M38: 50 | N38: 0 | O38: =SUM(C38:L38,N38) -> 30 | P38: =SUM(C38:N38) -> 80 | R38: IP Period | S38: =SUM(S13:S18) -> 282 | T38: =SUM(T13:T18) -> 169 | U38: =SUM(U13:U18) -> 65 | V38: =SUM(V13:V18) -> 176 | W38: =SUM(W13:W18) -> 2 | X38: =SUM(X13:X18) -> 1 | Y38: =SUM(Y13:Y18) -> 61 | Z38: =SUM(Z13:Z18) -> 37 | ... AF38: =SUM(AF13:AF18) -> 1914
B39: 14.15 - 14.30 | C39: 13 | D39: 2 | E39: 2 | F39: 5 | G39: 0 | H39: 0 | I39: 1 | J39: 1 | K39: 0 | L39: 0 | M39: 46 | N39: 0 | O39: =SUM(C39:L39,N39) -> 24 | P39: =SUM(C39:N39) -> 70 | R39: PM Period | S39: =SUM(S19:S21) -> 105 | T39: =SUM(T19:T21) -> 72 | U39: =SUM(U19:U21) -> 23 | V39: =SUM(V19:V21) -> 72 | W39: =SUM(W19:W21) -> 13 | X39: =SUM(X19:X21) -> 2 | Y39: =SUM(Y19:Y21) -> 38 | Z39: =SUM(Z19:Z21) -> 27 | ... AF39: =SUM(AF19:AF21) -> 911
B40: 14.30 - 14.45 | C40: 13 | D40: 7 | E40: 3 | F40: 3 | G40: 0 | H40: 1 | I40: 4 | J40: 0 | K40: 0 | L40: 1 | M40: 52 | N40: 0 | O40: =SUM(C40:L40,N40) -> 32 | P40: =SUM(C40:N40) -> 84 | R40: 12 Hours | S40: =SUM(S10:S21) -> 640 | T40: =SUM(T10:T21) -> 303 | U40: =SUM(U10:U21) -> 113 | V40: =SUM(V10:V21) -> 371 | W40: =SUM(W10:W21) -> 15 | X40: =SUM(X10:X21) -> 3 | Y40: =SUM(Y10:Y21) -> 114 | Z40: =SUM(Z10:Z21) -> 78 | ... AF40: =SUM(AF10:AF21) -> 3751
B41: 14.45 - 15.00 | C41: 2 | D41: 5 | E41: 3 | F41: 5 | G41: 0 | H41: 0 | I41: 2 | J41: 1 | K41: 0 | L41: 0 | M41: 42 | N41: 0 | O41: =SUM(C41:L41,N41) -> 18 | P41: =SUM(C41:N41) -> 60 | R41: 24 Hrs/ADT | S41: =SUM(S10:S33) -> 859 | T41: =SUM(T10:T33) -> 328 | U41: =SUM(U10:U33) -> 136 | V41: =SUM(V10:V33) -> 535 | W41: =SUM(W10:W33) -> 21 | X41: =SUM(X10:X33) -> 6 | Y41: =SUM(Y10:Y33) -> 136 | Z41: =SUM(Z10:Z33) -> 90 | ... AF41: =SUM(AF10:AF33) -> 4734
B42: 15.00 - 15.15 | C42: 11 | D42: 5 | E42: 3 | F42: 8 | G42: 0 | H42: 0 | I42: 3 | J42: 1 | K42: 0 | L42: 0 | M42: 44 | N42: 0 | O42: =SUM(C42:L42,N42) -> 31 | P42: =SUM(C42:N42) -> 75 | R42: NEF | S42: =S41/S40 -> 1.3421875 | T42: =T41/T40 -> 1.0825083 | U42: =U41/U40 -> 1.2035398 | V42: =V41/V40 -> 1.4420485 | W42: =W41/W40 -> 1.4 | X42: =X41/X40 -> 2 | Y42: =Y41/Y40 -> 1.1929825 | Z42: =Z41/Z40 -> 1.1538462 | ... AF42: =AF41/AF40 -> 1.2620634
B43: 15.15 - 15.30 | C43: 10 | D43: 7 | E43: 0 | F43: 4 | G43: 0 | H43: 0 | I43: 3 | J43: 2 | K43: 4 | L43: 0 | M43: 35 | N43: 0 | O43: =SUM(C43:L43,N43) -> 30 | P43: =SUM(C43:N43) -> 65
B44: 15.30 - 15.45 | C44: 6 | D44: 10 | E44: 0 | F44: 6 | G44: 0 | H44: 0 | I44: 2 | J44: 3 | K44: 1 | L44: 0 | M44: 38 | N44: 0 | O44: =SUM(C44:L44,N44) -> 28 | P44: =SUM(C44:N44) -> 66
B45: 15.45 - 16.00 | C45: 6 | D45: 11 | E45: 4 | F45: 8 | G45: 0 | H45: 0 | I45: 3 | J45: 2 | K45: 0 | L45: 0 | M45: 46 | N45: 0 | O45: =SUM(C45:L45,N45) -> 34 | P45: =SUM(C45:N45) -> 80
B46: 16.00 - 16.15 | C46: 10 | D46: 6 | E46: 1 | F46: 2 | G46: 0 | H46: 0 | I46: 3 | J46: 1 | K46: 0 | L46: 0 | M46: 38 | N46: 0 | O46: =SUM(C46:L46,N46) -> 23 | P46: =SUM(C46:N46) -> 61
B47: 16.15 -16.30 | C47: 7 | D47: 6 | E47: 2 | F47: 7 | G47: 0 | H47: 0 | I47: 2 | J47: 4 | K47: 0 | L47: 0 | M47: 39 | N47: 0 | O47: =SUM(C47:L47,N47) -> 28 | P47: =SUM(C47:N47) -> 67
B48: 16.30 -16.45 | C48: 6 | D48: 6 | E48: 2 | F48: 6 | G48: 0 | H48: 0 | I48: 4 | J48: 6 | K48: 1 | L48: 0 | M48: 32 | N48: 0 | O48: =SUM(C48:L48,N48) -> 31 | P48: =SUM(C48:N48) -> 63
B49: 16.45 -17.00 | C49: 12 | D49: 5 | E49: 0 | F49: 7 | G49: 0 | H49: 1 | I49: 4 | J49: 2 | K49: 0 | L49: 0 | M49: 42 | N49: 0 | O49: =SUM(C49:L49,N49) -> 31 | P49: =SUM(C49:N49) -> 73
B50: 17.00 -17.15 | C50: 3 | D50: 2 | E50: 1 | F50: 4 | G50: 0 | H50: 0 | I50: 1 | J50: 2 | K50: 0 | L50: 0 | M50: 38 | N50: 0 | O50: =SUM(C50:L50,N50) -> 13 | P50: =SUM(C50:N50) -> 51
B51: 17.15 -17.30 | C51: 7 | D51: 6 | E51: 2 | F51: 4 | G51: 0 | H51: 0 | I51: 3 | J51: 0 | K51: 0 | L51: 0 | M51: 33 | N51: 0 | O51: =SUM(C51:L51,N51) -> 22 | P51: =SUM(C51:N51) -> 55
B52: 17.30 -17.45 | C52: 7 | D52: 8 | E52: 4 | F52: 4 | G52: 0 | H52: 0 | I52: 6 | J52: 0 | K52: 0 | L52: 0 | M52: 39 | N52: 0 | O52: =SUM(C52:L52,N52) -> 29 | P52: =SUM(C52:N52) -> 68
B53: 17.45 -18.00 | C53: 14 | D53: 7 | E53: 2 | F53: 6 | G53: 0 | H53: 0 | I53: 4 | J53: 3 | K53: 1 | L53: 0 | M53: 52 | N53: 0 | O53: =SUM(C53:L53,N53) -> 37 | P53: =SUM(C53:N53) -> 89
B54: 18.00 - 18.15 | C54: 9 | D54: 7 | E54: 3 | F54: 10 | G54: 0 | H54: 1 | I54: 3 | J54: 1 | K54: 0 | L54: 0 | M54: 65 | N54: 0 | O54: =SUM(C54:L54,N54) -> 34 | P54: =SUM(C54:N54) -> 99
... B105: 06.45 - 07.00 | C105: 5 | D105: 0 | E105: 0 | F105: 8 | G105: 0 | H105: 0 | I105: 1 | J105: 0 | K105: 0 | L105: 0 | M105: 16 | N105: 0 | O105: =SUM(C105:L105,N105) -> 14 | P105: =SUM(C105:N105) -> 30
B106: Totals | C106: =SUM(C10:C105) -> 859 | D106: =SUM(D10:D105) -> 328 | E106: =SUM(E10:E105) -> 136 | F106: =SUM(F10:F105) -> 535 | G106: =SUM(G10:G105) -> 21 | H106: =SUM(H10:H105) -> 6 | I106: =SUM(I10:I105) -> 136 | J106: =SUM(J10:J105) -> 90 | ... P106: =SUM(P10:P105) -> 4734
B107: %ges + MCs | C107: =C106/$P$106 -> 0.18145332 | D107: =D106/$P$106 -> 0.069286016 | E107: =E106/$P$106 -> 0.028728348 | F107: =F106/$P$106 -> 0.11301225 | G107: =G106/$P$106 -> 0.0044359949 | H107: =H106/$P$106 -> 0.0012674271 | I107: =I106/$P$106 -> 0.028728348 | J107: =J106/$P$106 -> 0.019011407 | ... N107: =N106/$P$106 -> 0
B108: %ges w/o MCs | C108: =C106/$O$106 -> 0.40253046 | D108: =D106/$O$106 -> 0.15370197 | E108: =E106/$O$106 -> 0.063730084 | F108: =F106/$O$106 -> 0.25070291 | G108: =G106/$O$106 -> 0.0098406748 | H108: =H106/$O$106 -> 0.0028116214 | I108: =I106/$O$106 -> 0.063730084 | J108: =J106/$O$106 -> 0.042174321 | ... L108: =L106/$O$106 -> 0.0042174321 | N108: =N106/$O$106 -> 0

Sheet 28.07 SentemaRBT-Sentema
B1: Consultancy services for Preparation of Expressway Development Master Plan (EDMP) for Uganda
B2: MANUAL CLASSIFIED COUNT (MCC)
B3: ROAD NAME: | C3: ='22.07 SentemaRBT-Sentema'!C3:G3 -> MCC - C1 - STN15 - SENTEMA ROAD
C5: Date | D5: 28.07.19 | F5: Location | G5: ='27.07 Sentema-SentemaRBT-24h'!G5:H5 -> Ku roofings | J5: Surveyor | K5: ='27.07 Sentema-SentemaRBT-24h'!K5:L5 -> Nawaja Brenda
C6: Dir. From | D6: ='22.07 SentemaRBT-Sentema'!D6:E6 -> Sentema RBT | F6: Dir. To | G6: ='22.07 SentemaRBT-Sentema'!G6:H6 -> Sentema | J6: Supervisor | K6: ='27.07 Sentema-SentemaRBT-24h'!K6:L6 -> Isaac
B8: Time / Veh Type | R8: SUMMARY TRAFFIC VOLUMES
C9: 1. Car | D9: 2. Station Wagon | E9: 3. Pickups | F9: 4. Minibus, matatu | G9: 5. Medium bus | H9: 6. Large Bus | I9: 7. Light Truck | J9: 8. Medium Truck | K9: 9. Heavy truck | L9: 10. Truck Trailer | M9: 11. Motor cycles | N9: 12. Tractors | O9: Total Excl M/Cycles | P9: Total All | R9: Time | S9: 1. Car | T9: 2. Station Wagon | U9: 3. Pickups | V9: 4. Minibus, matatu | W9: 5. Medium bus | X9: 6. Large Bus | Y9: 7. Light Truck | Z9: 8. Medium Truck | AA9: 9. Heavy truck | AB9: 10. Truck Trailer | AC9: 11. Motorcycles | AD9: 12. Tractors, Graders | AE9: Total Excl M/ Cycles | AF9: Total All
B10: 07.00 - 07.15 | C10: 0 | D10: 0 | E10: 0 | F10: 0 | G10: 0 | H10: 0 | I10: 0 | J10: 0 | K10: 0 | L10: 0 | M10: 0 | N10: 0 | O10: =SUM(C10:L10,N10) -> 0 | P10: =SUM(C10:N10) -> 0 | R10: 0700-0800 | S10: =SUM(C10:C13) -> 11 | T10: =SUM(D10:D13) -> 0 | U10: =SUM(E10:E13) -> 3 | V10: =SUM(F10:F13) -> 19 | W10: =SUM(G10:G13) -> 0 | X10: =SUM(H10:H13) -> 0 | Y10: =SUM(I10:I13) -> 3 | Z10: =SUM(J10:J13) -> 2 | ... AF10: =SUM(P10:P13) -> 84
B11: 07.15 - 07.30 | C11: 4 | D11: 0 | E11: 0 | F11: 5 | G11: 0 | H11: 0 | I11: 0 | J11: 0 | K11: 0 | L11: 0 | M11: 19 | N11: 0 | O11: =SUM(C11:L11,N11) -> 9 | P11: =SUM(C11:N11) -> 28 | R11: 0800-0900 | S11: =SUM(C14:C17) -> 18 | T11: =SUM(D14:D17) -> 3 | U11: =SUM(E14:E17) -> 7 | V11: =SUM(F14:F17) -> 24 | W11: =SUM(G14:G17) -> 4 | X11: =SUM(H14:H17) -> 1 | Y11: =SUM(I14:I17) -> 9 | Z11: =SUM(J14:J17) -> 1 | ... AF11: =SUM(P14:P17) -> 144
B12: 07.30 - 07.45 | C12: 3 | D12: 0 | E12: 1 | F12: 4 | G12: 0 | H12: 0 | I12: 0 | J12: 1 | K12: 0 | L12: 0 | M12: 11 | N12: 0 | O12: =SUM(C12:L12,N12) -> 9 | P12: =SUM(C12:N12) -> 20 | R12: 0900-1000 | S12: =SUM(C18:C21) -> 47 | T12: =SUM(D18:D21) -> 3 | U12: =SUM(E18:E21) -> 19 | V12: =SUM(F18:F21) -> 44 | W12: =SUM(G18:G21) -> 1 | X12: =SUM(H18:H21) -> 2 | Y12: =SUM(I18:I21) -> 10 | Z12: =SUM(J18:J21) -> 5 | ... AF12: =SUM(P18:P21) -> 260
B13: 07.45 - 08.00 | C13: 4 | D13: 0 | E13: 2 | F13: 10 | G13: 0 | H13: 0 | I13: 3 | J13: 1 | K13: 2 | L13: 0 | M13: 14 | N13: 0 | O13: =SUM(C13:L13,N13) -> 22 | P13: =SUM(C13:N13) -> 36 | R13: 1000-1100 | S13: =SUM(C22:C25) -> 37 | T13: =SUM(D22:D25) -> 8 | U13: =SUM(E22:E25) -> 9 | V13: =SUM(F22:F25) -> 35 | W13: =SUM(G22:G25) -> 2 | X13: =SUM(H22:H25) -> 1 | Y13: =SUM(I22:I25) -> 3 | Z13: =SUM(J22:J25) -> 4 | ... AF13: =SUM(P22:P25) -> 199
B14: 08.00 - 08.15 | C14: 6 | D14: 0 | E14: 3 | F14: 8 | G14: 0 | H14: 0 | I14: 2 | J14: 1 | K14: 0 | L14: 0 | M14: 12 | N14: 0 | O14: =SUM(C14:L14,N14) -> 20 | P14: =SUM(C14:N14) -> 32 | R14: 1100-1200 | S14: =SUM(C26:C29) -> 25 | T14: =SUM(D26:D29) -> 2 | U14: =SUM(E26:E29) -> 5 | V14: =SUM(F26:F29) -> 50 | W14: =SUM(G26:G29) -> 1 | X14: =SUM(H26:H29) -> 0 | Y14: =SUM(I26:I29) -> 12 | Z14: =SUM(J26:J29) -> 2 | ... AF14: =SUM(P26:P29) -> 198
B15: 08.15 - 08.30 | C15: 4 | D15: 1 | E15: 1 | F15: 11 | G15: 4 | H15: 1 | I15: 2 | J15: 0 | K15: 4 | L15: 0 | M15: 13 | N15: 0 | O15: =SUM(C15:L15,N15) -> 28 | P15: =SUM(C15:N15) -> 41 | R15: 1200-1300 | S15: =SUM(C30:C33) -> 20 | T15: =SUM(D30:D33) -> 5 | U15: =SUM(E30:E33) -> 6 | V15: =SUM(F30:F33) -> 24 | W15: =SUM(G30:G33) -> 4 | X15: =SUM(H30:H33) -> 0 | Y15: =SUM(I30:I33) -> 3 | Z15: =SUM(J30:J33) -> 5 | ... AF15: =SUM(P30:P33) -> 150
B16: 08.30 - 08.45 | C16: 3 | D16: 1 | E16: 3 | F16: 3 | G16: 0 | H16: 0 | I16: 3 | J16: 0 | K16: 0 | L16: 0 | M16: 17 | N16: 0 | O16: =SUM(C16:L16,N16) -> 13 | P16: =SUM(C16:N16) -> 30 | R16: 1300-1400 | S16: =SUM(C34:C37) -> 46 | T16: =SUM(D34:D37) -> 3 | U16: =SUM(E34:E37) -> 11 | V16: =SUM(F34:F37) -> 21 | W16: =SUM(G34:G37) -> 0 | X16: =SUM(H34:H37) -> 0 | Y16: =SUM(I34:I37) -> 12 | Z16: =SUM(J34:J37) -> 6 | ... AF16: =SUM(P34:P37) -> 187
B17: 08.45 - 9.00 | C17: 5 | D17: 1 | E17: 0 | F17: 2 | G17: 0 | H17: 0 | I17: 2 | J17: 0 | K17: 1 | L17: 0 | M17: 30 | N17: 0 | O17: =SUM(C17:L17,N17) -> 11 | P17: =SUM(C17:N17) -> 41 | R17: 1400-1500 | S17: =SUM(C38:C41) -> 75 | T17: =SUM(D38:D41) -> 4 | U17: =SUM(E38:E41) -> 17 | V17: =SUM(F38:F41) -> 41 | W17: =SUM(G38:G41) -> 0 | X17: =SUM(H38:H41) -> 1 | Y17: =SUM(I38:I41) -> 10 | Z17: =SUM(J38:J41) -> 11 | ... AF17: =SUM(P38:P41) -> 289
B18: 09.00 - 09.15 | C18: 8 | D18: 1 | E18: 5 | F18: 10 | G18: 0 | H18: 0 | I18: 3 | J18: 0 | K18: 0 | L18: 0 | M18: 38 | N18: 0 | O18: =SUM(C18:L18,N18) -> 27 | P18: =SUM(C18:N18) -> 65 | R18: 1500-1600 | S18: =SUM(C42:C45) -> 99 | T18: =SUM(D42:D45) -> 3 | U18: =SUM(E42:E45) -> 14 | V18: =SUM(F42:F45) -> 41 | W18: =SUM(G42:G45) -> 2 | X18: =SUM(H42:H45) -> 0 | Y18: =SUM(I42:I45) -> 15 | Z18: =SUM(J42:J45) -> 5 | ... AF18: =SUM(P42:P45) -> 313
B19: 09.15 - 09.30 | C19: 20 | D19: 0 | E19: 4 | F19: 13 | G19: 1 | H19: 2 | I19: 3 | J19: 2 | K19: 0 | L19: 0 | M19: 35 | N19: 0 | O19: =SUM(C19:L19,N19) -> 45 | P19: =SUM(C19:N19) -> 80 | R19: 1600-1700 | S19: =SUM(C46:C49) -> 68 | T19: =SUM(D46:D49) -> 1 | U19: =SUM(E46:E49) -> 11 | V19: =SUM(F46:F49) -> 40 | W19: =SUM(G46:G49) -> 10 | X19: =SUM(H46:H49) -> 0 | Y19: =SUM(I46:I49) -> 7 | Z19: =SUM(J46:J49) -> 3 | ... AF19: =SUM(P46:P49) -> 252
B20: 09.30 - 09.45 | C20: 17 | D20: 0 | E20: 10 | F20: 15 | G20: 0 | H20: 0 | I20: 0 | J20: 1 | K20: 0 | L20: 0 | M20: 30 | N20: 0 | O20: =SUM(C20:L20,N20) -> 43 | P20: =SUM(C20:N20) -> 73 | R20: 1700-1800 | S20: =SUM(C50:C53) -> 61 | T20: =SUM(D50:D53) -> 3 | U20: =SUM(E50:E53) -> 6 | V20: =SUM(F50:F53) -> 32 | W20: =SUM(G50:G53) -> 0 | X20: =SUM(H50:H53) -> 0 | Y20: =SUM(I50:I53) -> 19 | Z20: =SUM(J50:J53) -> 1 | ... AF20: =SUM(P50:P53) -> 209
B21: 09.45 - 10.00 | C21: 2 | D21: 2 | E21: 0 | F21: 6 | G21: 0 | H21: 0 | I21: 4 | J21: 2 | K21: 1 | L21: 0 | M21: 25 | N21: 0 | O21: =SUM(C21:L21,N21) -> 17 | P21: =SUM(C21:N21) -> 42 | R21: 1800-1900 | S21: =SUM(C54:C57) -> 76 | T21: =SUM(D54:D57) -> 4 | U21: =SUM(E54:E57) -> 5 | V21: =SUM(F54:F57) -> 20 | W21: =SUM(G54:G57) -> 0 | X21: =SUM(H54:H57) -> 0 | Y21: =SUM(I54:I57) -> 8 | Z21: =SUM(J54:J57) -> 2 | ... AF21: =SUM(P54:P57) -> 199
B22: 10.00 - 10.15 | C22: 10 | D22: 1 | E22: 6 | F22: 15 | G22: 1 | H22: 0 | I22: 0 | J22: 0 | K22: 0 | L22: 0 | M22: 30 | N22: 0 | O22: =SUM(C22:L22,N22) -> 33 | P22: =SUM(C22:N22) -> 63 | R22: AM Peak Hr | S22: =MAX(S10:S12) -> 47 | T22: =MAX(T10:T12) -> 3 | U22: =MAX(U10:U12) -> 19 | V22: =MAX(V10:V12) -> 44 | W22: =MAX(W10:W12) -> 4 | X22: =MAX(X10:X12) -> 2 | Y22: =MAX(Y10:Y12) -> 10 | Z22: =MAX(Z10:Z12) -> 5 | ... AF22: =MAX(AF10:AF12) -> 260
B23: 10.15 - 10.30 | C23: 11 | D23: 2 | E23: 1 | F23: 17 | G23: 1 | H23: 1 | I23: 1 | J23: 1 | K23: 0 | L23: 0 | M23: 25 | N23: 0 | O23: =SUM(C23:L23,N23) -> 35 | P23: =SUM(C23:N23) -> 60 | R23: IP Peak Hr | S23: =MAX(S13:S18) -> 99 | T23: =MAX(T13:T18) -> 8 | U23: =MAX(U13:U18) -> 17 | V23: =MAX(V13:V18) -> 50 | W23: =MAX(W13:W18) -> 4 | X23: =MAX(X13:X18) -> 1 | Y23: =MAX(Y13:Y18) -> 15 | Z23: =MAX(Z13:Z18) -> 11 | ... AF23: =MAX(AF13:AF18) -> 313
B24: 10.30 - 10.45 | C24: 13 | D24: 4 | E24: 0 | F24: 2 | G24: 0 | H24: 0 | I24: 0 | J24: 2 | K24: 0 | L24: 0 | M24: 25 | N24: 0 | O24: =SUM(C24:L24,N24) -> 21 | P24: =SUM(C24:N24) -> 46 | R24: PM Peak Hr | S24: =MAX(S19:S21) -> 76 | T24: =MAX(T19:T21) -> 4 | U24: =MAX(U19:U21) -> 11 | V24: =MAX(V19:V21) -> 40 | W24: =MAX(W19:W21) -> 10 | X24: =MAX(X19:X21) -> 0 | Y24: =MAX(Y19:Y21) -> 19 | Z24: =MAX(Z19:Z21) -> 3 | ... AF24: =MAX(AF19:AF21) -> 252
B25: 10.45 - 11.00 | C25: 3 | D25: 1 | E25: 2 | F25: 1 | G25: 0 | H25: 0 | I25: 2 | J25: 1 | K25: 0 | L25: 0 | M25: 20 | N25: 0 | O25: =SUM(C25:L25,N25) -> 10 | P25: =SUM(C25:N25) -> 30 | R25: AM Period | S25: =SUM(S10:S12) -> 76 | T25: =SUM(T10:T12) -> 6 | U25: =SUM(U10:U12) -> 29 | V25: =SUM(V10:V12) -> 87 | W25: =SUM(W10:W12) -> 5 | X25: =SUM(X10:X12) -> 3 | Y25: =SUM(Y10:Y12) -> 22 | Z25: =SUM(Z10:Z12) -> 8 | ... AF25: =SUM(AF10:AF12) -> 488
B26: 11.00 - 11.15 | C26: 4 | D26: 0 | E26: 0 | F26: 5 | G26: 1 | H26: 0 | I26: 5 | J26: 1 | K26: 0 | L26: 0 | M26: 30 | N26: 0 | O26: =SUM(C26:L26,N26) -> 16 | P26: =SUM(C26:N26) -> 46 | R26: IP Period | S26: =SUM(S13:S18) -> 302 | T26: =SUM(T13:T18) -> 25 | U26: =SUM(U13:U18) -> 62 | V26: =SUM(V13:V18) -> 212 | W26: =SUM(W13:W18) -> 9 | X26: =SUM(X13:X18) -> 2 | Y26: =SUM(Y13:Y18) -> 55 | Z26: =SUM(Z13:Z18) -> 33 | ... AF26: =SUM(AF13:AF18) -> 1336
B27: 11.15 - 11.30 | C27: 5 | D27: 0 | E27: 3 | F27: 11 | G27: 0 | H27: 0 | I27: 2 | J27: 1 | K27: 0 | L27: 0 | M27: 26 | N27: 0 | O27: =SUM(C27:L27,N27) -> 22 | P27: =SUM(C27:N27) -> 48 | R27: PM Period | S27: =SUM(S19:S21) -> 205 | T27: =SUM(T19:T21) -> 8 | U27: =SUM(U19:U21) -> 22 | V27: =SUM(V19:V21) -> 92 | W27: =SUM(W19:W21) -> 10 | X27: =SUM(X19:X21) -> 0 | Y27: =SUM(Y19:Y21) -> 34 | Z27: =SUM(Z19:Z21) -> 6 | ... AF27: =SUM(AF19:AF21) -> 660
B28: 11.30 - 11.45 | C28: 9 | D28: 2 | E28: 2 | F28: 19 | G28: 0 | H28: 0 | I28: 3 | J28: 0 | K28: 0 | L28: 0 | M28: 27 | N28: 0 | O28: =SUM(C28:L28,N28) -> 35 | P28: =SUM(C28:N28) -> 62 | R28: 12 Hours | S28: =SUM(S10:S21) -> 583 | T28: =SUM(T10:T21) -> 39 | U28: =SUM(U10:U21) -> 113 | V28: =SUM(V10:V21) -> 391 | W28: =SUM(W10:W21) -> 24 | X28: =SUM(X10:X21) -> 5 | Y28: =SUM(Y10:Y21) -> 111 | Z28: =SUM(Z10:Z21) -> 47 | ... AF28: =SUM(AF10:AF21) -> 2484
B29: 11.45 - 12.00 | C29: 7 | D29: 0 | E29: 0 | F29: 15 | G29: 0 | H29: 0 | I29: 2 | J29: 0 | K29: 0 | L29: 0 | M29: 18 | N29: 0 | O29: =SUM(C29:L29,N29) -> 24 | P29: =SUM(C29:N29) -> 42
B30: 12.00 - 12.15 | C30: 3 | D30: 1 | E30: 2 | F30: 8 | G30: 0 | H30: 0 | I30: 2 | J30: 0 | K30: 0 | L30: 0 | M30: 18 | N30: 0 | O30: =SUM(C30:L30,N30) -> 16 | P30: =SUM(C30:N30) -> 34
B31: 12.15 - 12.30 | C31: 3 | D31: 2 | E31: 0 | F31: 0 | G31: 4 | H31: 0 | I31: 0 | J31: 1 | K31: 0 | L31: 0 | M31: 11 | N31: 0 | O31: =SUM(C31:L31,N31) -> 10 | P31: =SUM(C31:N31) -> 21
B32: 12.30 - 12.45 | C32: 7 | D32: 2 | E32: 3 | F32: 10 | G32: 0 | H32: 0 | I32: 0 | J32: 3 | K32: 0 | L32: 0 | M32: 35 | N32: 0 | O32: =SUM(C32:L32,N32) -> 25 | P32: =SUM(C32:N32) -> 60
B33: 12.45 - 13.00 | C33: 7 | D33: 0 | E33: 1 | F33: 6 | G33: 0 | H33: 0 | I33: 1 | J33: 1 | K33: 0 | L33: 1 | M33: 18 | N33: 0 | O33: =SUM(C33:L33,N33) -> 17 | P33: =SUM(C33:N33) -> 35
B34: 13.00 - 13.15 | C34: 7 | D34: 0 | E34: 2 | F34: 7 | G34: 0 | H34: 0 | I34: 3 | J34: 1 | K34: 1 | L34: 3 | M34: 20 | N34: 0 | O34: =SUM(C34:L34,N34) -> 24 | P34: =SUM(C34:N34) -> 44
B35: 13.15 - 13.30 | C35: 11 | D35: 1 | E35: 5 | F35: 10 | G35: 0 | H35: 0 | I35: 2 | J35: 2 | K35: 0 | L35: 0 | M35: 22 | N35: 0 | O35: =SUM(C35:L35,N35) -> 31 | P35: =SUM(C35:N35) -> 53
B36: 13.30 - 13.45 | C36: 13 | D36: 1 | E36: 3 | F36: 3 | G36: 0 | H36: 0 | I36: 3 | J36: 1 | K36: 0 | L36: 0 | M36: 17 | N36: 0 | O36: =SUM(C36:L36,N36) -> 24 | P36: =SUM(C36:N36) -> 41
B37: 13.45 - 14.00 | C37: 15 | D37: 1 | E37: 1 | F37: 1 | G37: 0 | H37: 0 | I37: 4 | J37: 2 | K37: 0 | L37: 0 | M37: 25 | N37: 0 | O37: =SUM(C37:L37,N37) -> 24 | P37: =SUM(C37:N37) -> 49
