Workbook
Name Veh_Type: 'ARUA PARK'!$H$8:$H$81
Name zones: #REF!
Name Zones_Ndeke: #REF!

Sheet ARUA PARK
C1: Consultancy services for Preparation of Expressway Development Master Plan (EDMP) for Uganda
C2: Stated Preferance Survey
D4: Town | E4: ARUA | I4: Interviewer: | J4: NAMULI JULIET | N4: Supervisor: | O4: DENIS | R4: Coded By: | S4: RUTH K | W4: Chkd By: | X4: Deo B. M
B6: Date | C6: Time (24-h format) | D6: Veh_Reg_No. | E6: Driver or Passenger? D/P | F6: Mode No. | G6: Mode Description | H6: Veh_Type | I6: Veh_Type Desc | J6: Gender (M/F) | K6: Age Bracket No. | L6: Age Bracket Desc. | M6: Origin_Address | P6: Origin_Purpose | Q6: Origin-Purpose Desc | R6: Destination_Address | U6: Destination_Purpose | V6: Destination_Purpose Desc | W6: Journey_Purpose | X6: Cost of Trip (UGX) | Y6: Journey Dist (Km) | Z6: Journey Time (Hrs) | AA6: Profession No. | AB6: Profession Desc. | AC6: Monthly Income No. | AD6: Monthly Income | AE6: Rank of Issues NOT OK with Journey | AJ6: Would You Use Xpressways? Y/N | AK6: Pay How Much? (UGX) | AL6: Origin_Zone | AM6: Dest_Zone
M7: Village or Town | N7: District | O7: Country | R7: Village or Town | S7: District | T7: Country | AE7: Journey Time | AF7: Cost of Journey | AG7: Comfort | AH7: Safety | AI7: Reliability
B8: 43771 | C8: 0.39166667 | E8: D | F8: 2 | G8: =VLOOKUP(F8,Key!$A$17:$B$21,2,FALSE) -> Road Vehicle | H8: 9 | I8: =VLOOKUP(H8,Key!$A$2:$B$13,2,FALSE) -> Heavy truck | J8: M | K8: 2 | L8: =VLOOKUP(K8,Key!$A$24:$B$29,2,FALSE) -> 30-39 | M8: TOWN | N8: KAMPALA | O8: UGA | P8: 2 | Q8: =VLOOKUP(P8,Key!$E$2:$F$9,2,FALSE) -> Work | R8: TOWN | S8: HOIMA | T8: UGA | U8: 2 | V8: =VLOOKUP(U8,Key!$E$2:$F$9,2,FALSE) -> Work | W8: =Q8&"-"&V8 -> Work-Work | X8: 200000 | Y8: 200 | Z8: 3.5 | AA8: 6 | AB8: =VLOOKUP(AA8,Key!$C$20:$D$29,2,FALSE) -> Businessman | AC8: 4 | AD8: =VLOOKUP(AC8,Key!$E$20:$F$24,2,FALSE) -> 750,000-1,000,000 | AE8: 3 | AF8: 4 | AG8: 5 | AH8: 1 | AI8: 2 | AJ8: Y | AK8: 3000
B9: 43771 | C9: 0.39444444 | E9: D | F9: 2 | G9: =VLOOKUP(F9,Key!$A$17:$B$21,2,FALSE) -> Road Vehicle | H9: 9 | I9: =VLOOKUP(H9,Key!$A$2:$B$13,2,FALSE) -> Heavy truck | J9: M | K9: 2 | L9: =VLOOKUP(K9,Key!$A$24:$B$29,2,FALSE) -> 30-39 | M9: KAMPALA | N9: KAMPALA | O9: UGA | P9: 1 | Q9: =VLOOKUP(P9,Key!$E$2:$F$9,2,FALSE) -> Home | R9: ARUA | S9: ARUA | T9: UGA | U9: 2 | V9: =VLOOKUP(U9,Key!$E$2:$F$9,2,FALSE) -> Work | W9: =Q9&"-"&V9 -> Home-Work | X9: 300000 | Y9: 500 | Z9: 8 | AA9: 5 | AB9: =VLOOKUP(AA9,Key!$C$20:$D$29,2,FALSE) -> Professional | AC9: 3 | AD9: =VLOOKUP(AC9,Key!$E$20:$F$24,2,FALSE) -> 500,000-750,000 | AE9: 4 | AF9: 3 | AG9: 1 | AH9: 2 | AI9: 5 | AJ9: Y | AK9: 5000
B10: 43771 | C10: 0.53263889 | E10: D | F10: 2 | G10: =VLOOKUP(F10,Key!$A$17:$B$21,2,FALSE) -> Road Vehicle | H10: 9 | I10: =VLOOKUP(H10,Key!$A$2:$B$13,2,FALSE) -> Heavy truck | J10: M | K10: 2 | L10: =VLOOKUP(K10,Key!$A$24:$B$29,2,FALSE) -> 30-39 | M10: KAMPALA | N10: KAMPALA | O10: UGA | P10: 1 | Q10: =VLOOKUP(P10,Key!$E$2:$F$9,2,FALSE) -> Home | R10: KANONI | S10: KANONI | T10: UGA | U10: 2 | V10: =VLOOKUP(U10,Key!$E$2:$F$9,2,FALSE) -> Work | W10: =Q10&"-"&V10 -> Home-Work | X10: 65000 | Y10: 94 | Z10: 3 | AA10: 5 | AB10: =VLOOKUP(AA10,Key!$C$20:$D$29,2,FALSE) -> Professional | AC10: 3 | AD10: =VLOOKUP(AC10,Key!$E$20:$F$24,2,FALSE) -> 500,000-750,000 | AE10: 3 | AF10: 2 | AG10: 1 | AH10: 4 | AI10: 5 | AJ10: Y | AK10: 5000
B11: 43771 | C11: 0.64930556 | E11: D | F11: 2 | G11: =VLOOKUP(F11,Key!$A$17:$B$21,2,FALSE) -> Road Vehicle | H11: 9 | I11: =VLOOKUP(H11,Key!$A$2:$B$13,2,FALSE) -> Heavy truck | J11: M | K11: 3 | L11: =VLOOKUP(K11,Key!$A$24:$B$29,2,FALSE) -> 40-49 | M11: TOWN | N11: KAMPALA | O11: UGA | P11: 2 | Q11: =VLOOKUP(P11,Key!$E$2:$F$9,2,FALSE) -> Work | R11: TOWN | S11: MPIGI | T11: UGA | U11: 2 | V11: =VLOOKUP(U11,Key!$E$2:$F$9,2,FALSE) -> Work | W11: =Q11&"-"&V11 -> Work-Work | X11: 80000 | AA11: 6 | AB11: =VLOOKUP(AA11,Key!$C$20:$D$29,2,FALSE) -> Businessman | AC11: 4 | AD11: =VLOOKUP(AC11,Key!$E$20:$F$24,2,FALSE) -> 750,000-1,000,000 | AE11: 1 | AF11: 4 | AG11: 5 | AH11: 2 | AI11: 3 | AJ11: Y | AK11: 4000
B12: 43771 | C12: 0.40208333 | E12: D | F12: 2 | G12: =VLOOKUP(F12,Key!$A$17:$B$21,2,FALSE) -> Road Vehicle | H12: 9 | I12: =VLOOKUP(H12,Key!$A$2:$B$13,2,FALSE) -> Heavy truck | J12: M | K12: 3 | L12: =VLOOKUP(K12,Key!$A$24:$B$29,2,FALSE) -> 40-49 | M12: KAMPALA | N12: KAMPALA | O12: UGA | P12: 1 | Q12: =VLOOKUP(P12,Key!$E$2:$F$9,2,FALSE) -> Home | R12: HOIMA | S12: HOIMA | T12: UGA | U12: 3 | V12: =VLOOKUP(U12,Key!$E$2:$F$9,2,FALSE) -> Study | W12: =Q12&"-"&V12 -> Home-Study | X12: 200000 | Y12: 200 | Z12: 4 | AA12: 5 | AB12: =VLOOKUP(AA12,Key!$C$20:$D$29,2,FALSE) -> Professional | AC12: 3 | AD12: =VLOOKUP(AC12,Key!$E$20:$F$24,2,FALSE) -> 500,000-750,000 | AE12: 4 | AF12: 3 | AG12: 2 | AH12: 1 | AI12: 5 | AJ12: Y | AK12: 200
B13: 43771 | C13: 0.44027778 | E13: D | F13: 2 | G13: =VLOOKUP(F13,Key!$A$17:$B$21,2,FALSE) -> Road Vehicle | H13: 9 | I13: =VLOOKUP(H13,Key!$A$2:$B$13,2,FALSE) -> Heavy truck | J13: M | K13: 3 | L13: =VLOOKUP(K13,Key!$A$24:$B$29,2,FALSE) -> 40-49 | M13: KAMPALA | N13: KAMPALA | O13: UGA | P13: 2 | Q13: =VLOOKUP(P13,Key!$E$2:$F$9,2,FALSE) -> Work | R13: MASAKA | S13: MASAKA | T13: UGA | U13: 1 | V13: =VLOOKUP(U13,Key!$E$2:$F$9,2,FALSE) -> Home | W13: =Q13&"-"&V13 -> Work-Home | X13: 100000 | Y13: 127 | Z13: 3 | AA13: 5 | AB13: =VLOOKUP(AA13,Key!$C$20:$D$29,2,FALSE) -> Professional | AC13: 4 | AD13: =VLOOKUP(AC13,Key!$E$20:$F$24,2,FALSE) -> 750,000-1,000,000 | AE13: 3 | AF13: 5 | AG13: 1 | AH13: 2 | AI13: 3 | AJ13: Y | AK13: 3000
B14: 43771 | C14: 0.53819444 | E14: D | F14: 2 | G14: =VLOOKUP(F14,Key!$A$17:$B$21,2,FALSE) -> Road Vehicle | H14: 9 | I14: =VLOOKUP(H14,Key!$A$2:$B$13,2,FALSE) -> Heavy truck | J14: M | K14: 3 | L14: =VLOOKUP(K14,Key!$A$24:$B$29,2,FALSE) -> 40-49 | M14: KAMPALA | N14: KAMPALA | O14: UGA | P14: 1 | Q14: =VLOOKUP(P14,Key!$E$2:$F$9,2,FALSE) -> Home | R14: KAKOGE | S14: LUWERO | T14: UGA | U14: 2 | V14: =VLOOKUP(U14,Key!$E$2:$F$9,2,FALSE) -> Work | W14: =Q14&"-"&V14 -> Home-Work | X14: 100000 | Y14: 62 | Z14: 2 | AA14: 5 | AB14: =VLOOKUP(AA14,Key!$C$20:$D$29,2,FALSE) -> Professional | AC14: 3 | AD14: =VLOOKUP(AC14,Key!$E$20:$F$24,2,FALSE) -> 500,000-750,000 | AE14: 5 | AF14: 2 | AG14: 1 | AH14: 3 | AI14: 4 | AJ14: Y
B15: 43771 | C15: 0.44375 | E15: D | F15: 2 | G15: =VLOOKUP(F15,Key!$A$17:$B$21,2,FALSE) -> Road Vehicle | H15: 9 | I15: =VLOOKUP(H15,Key!$A$2:$B$13,2,FALSE) -> Heavy truck | J15: M | K15: 4 | L15: =VLOOKUP(K15,Key!$A$24:$B$29,2,FALSE) -> 50-59 | M15: TOWN | N15: KAMPALA | O15: UGA | P15: 2 | Q15: =VLOOKUP(P15,Key!$E$2:$F$9,2,FALSE) -> Work | R15: TOWN | S15: KAMPALA | T15: UGA | U15: 2 | V15: =VLOOKUP(U15,Key!$E$2:$F$9,2,FALSE) -> Work | W15: =Q15&"-"&V15 -> Work-Work | X15: 280000 | Y15: 244 | Z15: 5 | AA15: 7 | AB15: =VLOOKUP(AA15,Key!$C$20:$D$29,2,FALSE) -> Farmer | AC15: 4 | AD15: =VLOOKUP(AC15,Key!$E$20:$F$24,2,FALSE) -> 750,000-1,000,000 | AE15: 8 | AF15: 3 | AG15: 1 | AH15: 2 | AI15: 4 | AJ15: Y | AK15: 2000
B16: 43771 | C16: 0.6125 | E16: D | F16: 2 | G16: =VLOOKUP(F16,Key!$A$17:$B$21,2,FALSE) -> Road Vehicle | H16: 9 | I16: =VLOOKUP(H16,Key!$A$2:$B$13,2,FALSE) -> Heavy truck | J16: M | K16: 4 | L16: =VLOOKUP(K16,Key!$A$24:$B$29,2,FALSE) -> 50-59 | M16: KAMPALA | N16: KAMPALA | O16: UGA | P16: 1 | Q16: =VLOOKUP(P16,Key!$E$2:$F$9,2,FALSE) -> Home | R16: MASAKA | S16: MASAKA | T16: UGA | U16: 2 | V16: =VLOOKUP(U16,Key!$E$2:$F$9,2,FALSE) -> Work | W16: =Q16&"-"&V16 -> Home-Work | X16: 130000 | Y16: 140 | Z16: 3 | AA16: 5 | AB16: =VLOOKUP(AA16,Key!$C$20:$D$29,2,FALSE) -> Professional | AC16: 4 | AD16: =VLOOKUP(AC16,Key!$E$20:$F$24,2,FALSE) -> 750,000-1,000,000 | AE16: 5 | AF16: 1 | AG16: 2 | AH16: 3 | AI16: 4 | AJ16: Y | AK16: 5000
B17: 43771 | C17: 0.45416667 | E17: D | F17: 2 | G17: =VLOOKUP(F17,Key!$A$17:$B$21,2,FALSE) -> Road Vehicle | H17: 9 | I17: =VLOOKUP(H17,Key!$A$2:$B$13,2,FALSE) -> Heavy truck | J17: M | K17: 4 | L17: =VLOOKUP(K17,Key!$A$24:$B$29,2,FALSE) -> 50-59 | M17: KAMPALA | N17: KAMPALA | O17: UGA | P17: 1 | Q17: =VLOOKUP(P17,Key!$E$2:$F$9,2,FALSE) -> Home | R17: GULU | S17: GULU | T17: UGA | U17: 2 | V17: =VLOOKUP(U17,Key!$E$2:$F$9,2,FALSE) -> Work | W17: =Q17&"-"&V17 -> Home-Work | X17: 280000 | Y17: 335 | Z17: 6 | AA17: 5 | AB17: =VLOOKUP(AA17,Key!$C$20:$D$29,2,FALSE) -> Professional | AC17: 3 | AD17: =VLOOKUP(AC17,Key!$E$20:$F$24,2,FALSE) -> 500,000-750,000 | AE17: 3 | AF17: 1 | AG17: 2 | AH17: 5 | AI17: 4 | AJ17: Y | AK17: 5000
B18: 43771 | C18: 0.65763889 | E18: D | F18: 2 | G18: =VLOOKUP(F18,Key!$A$17:$B$21,2,FALSE) -> Road Vehicle | H18: 9 | I18: =VLOOKUP(H18,Key!$A$2:$B$13,2,FALSE) -> Heavy truck | J18: M | K18: 4 | L18: =VLOOKUP(K18,Key!$A$24:$B$29,2,FALSE) -> 50-59 | M18: KAMPALA | N18: KAMPALA | O18: UGA | P18: 1 | Q18: =VLOOKUP(P18,Key!$E$2:$F$9,2,FALSE) -> Home | R18: JINJA | S18: JINJA | T18: UGA | U18: 2 | V18: =VLOOKUP(U18,Key!$E$2:$F$9,2,FALSE) -> Work | W18: =Q18&"-"&V18 -> Home-Work | X18: 70000 | Y18: 80 | Z18: 2.5 | AA18: 6 | AB18: =VLOOKUP(AA18,Key!$C$20:$D$29,2,FALSE) -> Businessman | AC18: 2 | AD18: =VLOOKUP(AC18,Key!$E$20:$F$24,2,FALSE) -> 300,000-500,000 | AE18: 5 | AF18: 1 | AG18: 2 | AH18: 3 | AI18: 4 | AJ18: Y | AK18: 5000
B19: 43771 | C19: 0.62013889 | E19: P | F19: 2 | G19: =VLOOKUP(F19,Key!$A$17:$B$21,2,FALSE) -> Road Vehicle | H19: 6 | I19: =VLOOKUP(H19,Key!$A$2:$B$13,2,FALSE) -> Large Bus | J19: F | K19: 2 | L19: =VLOOKUP(K19,Key!$A$24:$B$29,2,FALSE) -> 30-39 | M19: HOIMA | N19: HOIMA | O19: UGA | P19: 1 | Q19: =VLOOKUP(P19,Key!$E$2:$F$9,2,FALSE) -> Home | R19: TOWN | S19: KAMPALA | T19: UGA | U19: 1 | V19: =VLOOKUP(U19,Key!$E$2:$F$9,2,FALSE) -> Home | W19: =Q19&"-"&V19 -> Home-Home | X19: 15000 | Y19: 201 | Z19: 4 | AA19: 7 | AB19: =VLOOKUP(AA19,Key!$C$20:$D$29,2,FALSE) -> Farmer | AC19: 2 | AD19: =VLOOKUP(AC19,Key!$E$20:$F$24,2,FALSE) -> 300,000-500,000 | AE19: 3 | AF19: 5 | AG19: 4 | AH19: 2 | AI19: 1 | AJ19: Y | AK19: 1000
B20: 43771 | C20: 0.40833333 | E20: P | F20: 2 | G20: =VLOOKUP(F20,Key!$A$17:$B$21,2,FALSE) -> Road Vehicle | H20: 6 | I20: =VLOOKUP(H20,Key!$A$2:$B$13,2,FALSE) -> Large Bus | J20: F | K20: 2 | L20: =VLOOKUP(K20,Key!$A$24:$B$29,2,FALSE) -> 30-39 | M20: HOIMA | N20: HOIMA | O20: UGA | P20: 1 | Q20: =VLOOKUP(P20,Key!$E$2:$F$9,2,FALSE) -> Home | R20: KAMPALA | S20: KAMPALA | T20: UGA | U20: 2 | V20: =VLOOKUP(U20,Key!$E$2:$F$9,2,FALSE) -> Work | W20: =Q20&"-"&V20 -> Home-Work | X20: 15000 | Y20: 201 | Z20: 4.5 | AA20: 2 | AB20: =VLOOKUP(AA20,Key!$C$20:$D$29,2,FALSE) -> Manual Labour | AC20: 1 | AD20: =VLOOKUP(AC20,Key!$E$20:$F$24,2,FALSE) -> <300,000 | AE20: 3 | AF20: 2 | AG20: 1 | AH20: 5 | AI20: 4 | AJ20: Y
B21: 43771 | C21: 0.42361111 | E21: D | F21: 2 | G21: =VLOOKUP(F21,Key!$A$17:$B$21,2,FALSE) -> Road Vehicle | H21: 6 | I21: =VLOOKUP(H21,Key!$A$2:$B$13,2,FALSE) -> Large Bus | J21: M | K21: 2 | L21: =VLOOKUP(K21,Key!$A$24:$B$29,2,FALSE) -> 30-39 | M21: TOWN | N21: KAMPALA | O21: UGA | P21: 2 | Q21: =VLOOKUP(P21,Key!$E$2:$F$9,2,FALSE) -> Work | R21: TOWN | S21: KAMPALA | T21: UGA | U21: 2 | V21: =VLOOKUP(U21,Key!$E$2:$F$9,2,FALSE) -> Work | W21: =Q21&"-"&V21 -> Work-Work | X21: 100000 | Y21: 66 | Z21: 2 | AA21: 5 | AB21: =VLOOKUP(AA21,Key!$C$20:$D$29,2,FALSE) -> Professional | AC21: 3 | AD21: =VLOOKUP(AC21,Key!$E$20:$F$24,2,FALSE) -> 500,000-750,000 | AE21: 4 | AF21: 2 | AG21: 3 | AH21: 5 | AI21: 1 | AJ21: Y | AK21: 3000
B22: 43771 | C22: 0.39652778 | E22: P | F22: 2 | G22: =VLOOKUP(F22,Key!$A$17:$B$21,2,FALSE) -> Road Vehicle | H22: 6 | I22: =VLOOKUP(H22,Key!$A$2:$B$13,2,FALSE) -> Large Bus | J22: M | K22: 2 | L22: =VLOOKUP(K22,Key!$A$24:$B$29,2,FALSE) -> 30-39 | M22: TOWN | N22: KAMPALA | O22: UGA | P22: 1 | Q22: =VLOOKUP(P22,Key!$E$2:$F$9,2,FALSE) -> Home | R22: BUKWELI | S22: HOIMA | T22: UGA | U22: 2 | V22: =VLOOKUP(U22,Key!$E$2:$F$9,2,FALSE) -> Work | W22: =Q22&"-"&V22 -> Home-Work | X22: 15000 | Y22: 60 | Z22: 3 | AA22: 6 | AB22: =VLOOKUP(AA22,Key!$C$20:$D$29,2,FALSE) -> Businessman | AC22: 3 | AD22: =VLOOKUP(AC22,Key!$E$20:$F$24,2,FALSE) -> 500,000-750,000 | AJ22: Y | AK22: 1000
B23: 43771 | C23: 0.62708333 | E23: D | F23: 2 | G23: =VLOOKUP(F23,Key!$A$17:$B$21,2,FALSE) -> Road Vehicle | H23: 6 | I23: =VLOOKUP(H23,Key!$A$2:$B$13,2,FALSE) -> Large Bus | J23: M | K23: 2 | L23: =VLOOKUP(K23,Key!$A$24:$B$29,2,FALSE) -> 30-39 | M23: KAMPALA | N23: KAMPALA | O23: UGA | P23: 1 | Q23: =VLOOKUP(P23,Key!$E$2:$F$9,2,FALSE) -> Home | R23: HOIMA | S23: HOI MA | T23: UGA | U23: 2 | V23: =VLOOKUP(U23,Key!$E$2:$F$9,2,FALSE) -> Work | W23: =Q23&"-"&V23 -> Home-Work | X23: 200000 | Y23: 200 | Z23: 4 | AA23: 5 | AB23: =VLOOKUP(AA23,Key!$C$20:$D$29,2,FALSE) -> Professional | AC23: 4 | AD23: =VLOOKUP(AC23,Key!$E$20:$F$24,2,FALSE) -> 750,000-1,000,000 | AE23: 5 | AF23: 2 | AG23: 1 | AH23: 3 | AI23: 4 | AJ23: Y | AK23: 1000
B24: 43771 | C24: 0.64930556 | E24: P | F24: 2 | G24: =VLOOKUP(F24,Key!$A$17:$B$21,2,FALSE) -> Road Vehicle | H24: 6 | I24: =VLOOKUP(H24,Key!$A$2:$B$13,2,FALSE) -> Large Bus | J24: M | K24: 3 | L24: =VLOOKUP(K24,Key!$A$24:$B$29,2,FALSE) -> 40-49 | M24: KAMPALA | N24: KAMPALA | O24: UGA | P24: 1 | Q24: =VLOOKUP(P24,Key!$E$2:$F$9,2,FALSE) -> Home | R24: KAMULI | S24: KAMULI | T24: UGA | U24: 2 | V24: =VLOOKUP(U24,Key!$E$2:$F$9,2,FALSE) -> Work | W24: =Q24&"-"&V24 -> Home-Work | Y24: 141 | Z24: 3 | AA24: 6 | AB24: =VLOOKUP(AA24,Key!$C$20:$D$29,2,FALSE) -> Businessman | AC24: 3 | AD24: =VLOOKUP(AC24,Key!$E$20:$F$24,2,FALSE) -> 500,000-750,000 | AJ24: Y | AK24: 3000
B25: 43771 | C25: 0.45 | E25: D | F25: 2 | G25: =VLOOKUP(F25,Key!$A$17:$B$21,2,FALSE) -> Road Vehicle | H25: 6 | I25: =VLOOKUP(H25,Key!$A$2:$B$13,2,FALSE) -> Large Bus | J25: M | K25: 4 | L25: =VLOOKUP(K25,Key!$A$24:$B$29,2,FALSE) -> 50-59 | M25: KAMPALA | N25: KAMPALA | O25: UGA | P25: 1 | Q25: =VLOOKUP(P25,Key!$E$2:$F$9,2,FALSE) -> Home | R25: MASINDI | S25: MASINDI | T25: UGA | U25: 2 | V25: =VLOOKUP(U25,Key!$E$2:$F$9,2,FALSE) -> Work | W25: =Q25&"-"&V25 -> Home-Work | X25: 300000 | Y25: 213 | Z25: 5 | AA25: 5 | AB25: =VLOOKUP(AA25,Key!$C$20:$D$29,2,FALSE) -> Professional | AC25: 3 | AD25: =VLOOKUP(AC25,Key!$E$20:$F$24,2,FALSE) -> 500,000-750,000 | AE25: 3 | AF25: 2 | AG25: 1 | AH25: 4 | AI25: 5 | AJ25: Y | AK25: 1000
B26: 43771 | C26: 0.41388889 | E26: D | F26: 2 | G26: =VLOOKUP(F26,Key!$A$17:$B$21,2,FALSE) -> Road Vehicle | H26: 7 | I26: =VLOOKUP(H26,Key!$A$2:$B$13,2,FALSE) -> Light Truck | J26: M | K26: 2 | L26: =VLOOKUP(K26,Key!$A$24:$B$29,2,FALSE) -> 30-39 | M26: TOWN | N26: KAMPALA | O26: UGA | P26: 2 | Q26: =VLOOKUP(P26,Key!$E$2:$F$9,2,FALSE) -> Work | R26: WANTONI | S26: MUKONO | T26: UGA | U26: 2 | V26: =VLOOKUP(U26,Key!$E$2:$F$9,2,FALSE) -> Work | W26: =Q26&"-"&V26 -> Work-Work | X26: 40000 | Y26: 2.5 | Z26: 1.5 | AA26: 5 | AB26: =VLOOKUP(AA26,Key!$C$20:$D$29,2,FALSE) -> Professional | AC26: 3 | AD26: =VLOOKUP(AC26,Key!$E$20:$F$24,2,FALSE) -> 500,000-750,000 | AE26: 5 | AF26: 3 | AG26: 4 | AH26: 2 | AI26: 1 | AJ26: Y | AK26: 4000
B27: 43771 | C27: 0.50625 | E27: D | F27: 2 | G27: =VLOOKUP(F27,Key!$A$17:$B$21,2,FALSE) -> Road Vehicle | H27: 7 | I27: =VLOOKUP(H27,Key!$A$2:$B$13,2,FALSE) -> Light Truck | J27: M | K27: 2 | L27: =VLOOKUP(K27,Key!$A$24:$B$29,2,FALSE) -> 30-39 | M27: TOWN | N27: KAMPALA | O27: UGA | P27: 2 | Q27: =VLOOKUP(P27,Key!$E$2:$F$9,2,FALSE) -> Work | R27: KAJANSI | S27: WAKISO | T27: UGA | U27: 2 | V27: =VLOOKUP(U27,Key!$E$2:$F$9,2,FALSE) -> Work | W27: =Q27&"-"&V27 -> Work-Work | X27: 35000 | Y27: 17 | Z27: 1 | AA27: 5 | AB27: =VLOOKUP(AA27,Key!$C$20:$D$29,2,FALSE) -> Professional | AD27: =VLOOKUP(AC27,Key!$E$20:$F$24,2,FALSE) -> #N/A | AE27: 1 | AF27: 2 | AG27: 3 | AH27: 4 | AI27: 5 | AJ27: Y | AK27: 3000
B28: 43771 | C28: 0.57083333 | E28: D | F28: 2 | G28: =VLOOKUP(F28,Key!$A$17:$B$21,2,FALSE) -> Road Vehicle | H28: 7 | I28: =VLOOKUP(H28,Key!$A$2:$B$13,2,FALSE) -> Light Truck | J28: M | K28: 2 | L28: =VLOOKUP(K28,Key!$A$24:$B$29,2,FALSE) -> 30-39 | M28: KAMPALA | N28: KAMPALA | O28: UGA | P28: 1 | Q28: =VLOOKUP(P28,Key!$E$2:$F$9,2,FALSE) -> Home | R28: MBALE | S28: MBALE | T28: UGA | U28: 2 | V28: =VLOOKUP(U28,Key!$E$2:$F$9,2,FALSE) -> Work | W28: =Q28&"-"&V28 -> Home-Work | X28: 240000 | Y28: 256 | Z28: 5 | AA28: 5 | AB28: =VLOOKUP(AA28,Key!$C$20:$D$29,2,FALSE) -> Professional | AC28: 4 | AD28: =VLOOKUP(AC28,Key!$E$20:$F$24,2,FALSE) -> 750,000-1,000,000 | AE28: 3 | AF28: 2 | AG28: 1 | AH28: 5 | AI28: 4 | AJ28: Y | AK28: 3000
B29: 43771 | C29: 0.69722222 | E29: D | F29: 2 | G29: =VLOOKUP(F29,Key!$A$17:$B$21,2,FALSE) -> Road Vehicle | H29: 7 | I29: =VLOOKUP(H29,Key!$A$2:$B$13,2,FALSE) -> Light Truck | J29: M | K29: 2 | L29: =VLOOKUP(K29,Key!$A$24:$B$29,2,FALSE) -> 30-39 | M29: KAMPALA | N29: KAMPALA | O29: UGA | P29: 1 | Q29: =VLOOKUP(P29,Key!$E$2:$F$9,2,FALSE) -> Home | R29: KAGEGE | S29: NAKASEKE | T29: UGA | U29: 1 | V29: =VLOOKUP(U29,Key!$E$2:$F$9,2,FALSE) -> Home | W29: =Q29&"-"&V29 -> Home-Home | X29: 130000 | Y29: 150 | Z29: 4 | AA29: 5 | AB29: =VLOOKUP(AA29,Key!$C$20:$D$29,2,FALSE) -> Professional | AC29: 3 | AD29: =VLOOKUP(AC29,Key!$E$20:$F$24,2,FALSE) -> 500,000-750,000 | AE29: 3 | AF29: 1 | AG29: 5 | AH29: 2 | AI29: 4 | AJ29: Y | AK29: 4000
B30: 43771 | C30: 0.70972222 | E30: D | F30: 2 | G30: =VLOOKUP(F30,Key!$A$17:$B$21,2,FALSE) -> Road Vehicle | H30: 7 | I30: =VLOOKUP(H30,Key!$A$2:$B$13,2,FALSE) -> Light Truck | J30: M | K30: 2 | L30: =VLOOKUP(K30,Key!$A$24:$B$29,2,FALSE) -> 30-39 | M30: KAMPALA | N30: KAMPALA | O30: UGA | P30: 1 | Q30: =VLOOKUP(P30,Key!$E$2:$F$9,2,FALSE) -> Home | R30: MPIGI | S30: MPIGI | T30: UGA | U30: 2 | V30: =VLOOKUP(U30,Key!$E$2:$F$9,2,FALSE) -> Work | W30: =Q30&"-"&V30 -> Home-Work | X30: 5000 | Y30: 35 | Z30: 2 | AA30: 2 | AB30: =VLOOKUP(AA30,Key!$C$20:$D$29,2,FALSE) -> Manual Labour | AC30: 3 | AD30: =VLOOKUP(AC30,Key!$E$20:$F$24,2,FALSE) -> 500,000-750,000 | AE30: 3 | AF30: 1 | AG30: 2 | AH30: 5 | AI30: 4 | AJ30: Y | AK30: 5000
B31: 43771 | C31: 0.73541667 | E31: D | F31: 2 | G31: =VLOOKUP(F31,Key!$A$17:$B$21,2,FALSE) -> Road Vehicle | H31: 7 | I31: =VLOOKUP(H31,Key!$A$2:$B$13,2,FALSE) -> Light Truck | J31: M | K31: 2 | L31: =VLOOKUP(K31,Key!$A$24:$B$29,2,FALSE) -> 30-39 | M31: TOWN | N31: KAMPALA | O31: UGA | P31: 2 | Q31: =VLOOKUP(P31,Key!$E$2:$F$9,2,FALSE) -> Work | R31: TOWN | S31: KASESE | T31: UGA | U31: 2 | V31: =VLOOKUP(U31,Key!$E$2:$F$9,2,FALSE) -> Work | W31: =Q31&"-"&V31 -> Work-Work | X31: 300000 | Y31: 370 | Z31: 6 | AA31: 5 | AB31: =VLOOKUP(AA31,Key!$C$20:$D$29,2,FALSE) -> Professional | AC31: 4 | AD31: =VLOOKUP(AC31,Key!$E$20:$F$24,2,FALSE) -> 750,000-1,000,000 | AE31: 1 | AF31: 2 | AG31: 5 | AH31: 4 | AI31: 3 | AJ31: Y | AK31: 4000
B32: 43771 | C32: 0.46666667 | E32: D | F32: 2 | G32: =VLOOKUP(F32,Key!$A$17:$B$21,2,FALSE) -> Road Vehicle | H32: 7 | I32: =VLOOKUP(H32,Key!$A$2:$B$13,2,FALSE) -> Light Truck | J32: M | K32: 3 | L32: =VLOOKUP(K32,Key!$A$24:$B$29,2,FALSE) -> 40-49 | M32: KAMPALA | N32: KAMPALA | O32: UGA | P32: 1 | Q32: =VLOOKUP(P32,Key!$E$2:$F$9,2,FALSE) -> Home | R32: SOROTI | S32: SOROTI | T32: UGA | U32: 2 | V32: =VLOOKUP(U32,Key!$E$2:$F$9,2,FALSE) -> Work | W32: =Q32&"-"&V32 -> Home-Work | X32: 270000 | Y32: 323 | Z32: 5 | AA32: 5 | AB32: =VLOOKUP(AA32,Key!$C$20:$D$29,2,FALSE) -> Professional | AC32: 4 | AD32: =VLOOKUP(AC32,Key!$E$20:$F$24,2,FALSE) -> 750,000-1,000,000 | AE32: 5 | AF32: 4 | AG32: 1 | AH32: 2 | AI32: 3 | AJ32: Y | AK32: 3000
B33: 43771 | C33: 0.52916667 | E33: D | F33: 2 | G33: =VLOOKUP(F33,Key!$A$17:$B$21,2,FALSE) -> Road Vehicle | H33: 7 | I33: =VLOOKUP(H33,Key!$A$2:$B$13,2,FALSE) -> Light Truck | J33: M | K33: 3 | L33: =VLOOKUP(K33,Key!$A$24:$B$29,2,FALSE) -> 40-49 | M33: KAMPALA | N33: KAMPALA | O33: UGA | P33: 1 | Q33: =VLOOKUP(P33,Key!$E$2:$F$9,2,FALSE) -> Home | R33: BUWATE | S33: WAKISO | T33: UGA | U33: 2 | V33: =VLOOKUP(U33,Key!$E$2:$F$9,2,FALSE) -> Work | W33: =Q33&"-"&V33 -> Home-Work | X33: 15000 | Y33: 16 | Z33: 0.8 | AA33: 5 | AB33: =VLOOKUP(AA33,Key!$C$20:$D$29,2,FALSE) -> Professional | AC33: 4 | AD33: =VLOOKUP(AC33,Key!$E$20:$F$24,2,FALSE) -> 750,000-1,000,000 | AE33: 5 | AF33: 3 | AG33: 1 | AH33: 2 | AI33: 4 | AJ33: Y | AK33: 1000
B34: 43771 | C34: 0.60833333 | E34: D | F34: 2 | G34: =VLOOKUP(F34,Key!$A$17:$B$21,2,FALSE) -> Road Vehicle | H34: 7 | I34: =VLOOKUP(H34,Key!$A$2:$B$13,2,FALSE) -> Light Truck | J34: M | K34: 3 | L34: =VLOOKUP(K34,Key!$A$24:$B$29,2,FALSE) -> 40-49 | M34: KAMPALA | N34: KAMPALA | O34: UGA | P34: 1 | Q34: =VLOOKUP(P34,Key!$E$2:$F$9,2,FALSE) -> Home | R34: KAMULI | S34: KAMULI | T34: UGA | U34: 2 | V34: =VLOOKUP(U34,Key!$E$2:$F$9,2,FALSE) -> Work | W34: =Q34&"-"&V34 -> Home-Work | X34: 170000 | Y34: 140 | Z34: 3 | AA34: 5 | AB34: =VLOOKUP(AA34,Key!$C$20:$D$29,2,FALSE) -> Professional | AC34: 4 | AD34: =VLOOKUP(AC34,Key!$E$20:$F$24,2,FALSE) -> 750,000-1,000,000 | AE34: 5 | AF34: 2 | AG34: 1 | AH34: 3 | AI34: 4 | AJ34: Y | AK34: 5000
B35: 43771 | C35: 0.50069444 | E35: D | F35: 2 | G35: =VLOOKUP(F35,Key!$A$17:$B$21,2,FALSE) -> Road Vehicle | H35: 7 | I35: =VLOOKUP(H35,Key!$A$2:$B$13,2,FALSE) -> Light Truck | J35: M | K35: 5 | L35: =VLOOKUP(K35,Key!$A$24:$B$29,2,FALSE) -> 60-69 | M35: KAMPALA | N35: KAMPALA | O35: UGA | P35: 1 | Q35: =VLOOKUP(P35,Key!$E$2:$F$9,2,FALSE) -> Home | R35: LIRA | S35: LIRA | T35: UGA | U35: 2 | V35: =VLOOKUP(U35,Key!$E$2:$F$9,2,FALSE) -> Work | W35: =Q35&"-"&V35 -> Home-Work | X35: 280000 | Y35: 330 | Z35: 6 | AA35: 5 | AB35: =VLOOKUP(AA35,Key!$C$20:$D$29,2,FALSE) -> Professional | AC35: 4 | AD35: =VLOOKUP(AC35,Key!$E$20:$F$24,2,FALSE) -> 750,000-1,000,000 | AE35: 3 | AF35: 5 | AG35: 1 | AH35: 2 | AI35: 3 | AJ35: Y | AK35: 3000
B36: 43771 | C36: 0.49375 | E36: D | F36: 2 | G36: =VLOOKUP(F36,Key!$A$17:$B$21,2,FALSE) -> Road Vehicle | H36: 7 | I36: =VLOOKUP(H36,Key!$A$2:$B$13,2,FALSE) -> Light Truck | J36: M | K36: 5 | L36: =VLOOKUP(K36,Key!$A$24:$B$29,2,FALSE) -> 60-69 | M36: KAMPALA | N36: KAMPALA | O36: UGA | P36: 1 | Q36: =VLOOKUP(P36,Key!$E$2:$F$9,2,FALSE) -> Home | R36: SOROTI | S36: SOROTI | T36: UGA | U36: 2 | V36: =VLOOKUP(U36,Key!$E$2:$F$9,2,FALSE) -> Work | W36: =Q36&"-"&V36 -> Home-Work | X36: 240000 | Y36: 290 | Z36: 8 | AA36: 5 | AB36: =VLOOKUP(AA36,Key!$C$20:$D$29,2,FALSE) -> Professional | AC36: 4 | AD36: =VLOOKUP(AC36,Key!$E$20:$F$24,2,FALSE) -> 750,000-1,000,000 | AE36: 3 | AF36: 5 | AG36: 1 | AH36: 2 | AI36: 4 | AJ36: Y | AK36: 2000
B37: 43771 | C37: 0.58680556 | E37: P | F37: 2 | G37: =VLOOKUP(F37,Key!$A$17:$B$21,2,FALSE) -> Road Vehicle | H37: 5 | I37: =VLOOKUP(H37,Key!$A$2:$B$13,2,FALSE) -> Medium bus | J37: M | K37: 1 | L37: =VLOOKUP(K37,Key!$A$24:$B$29,2,FALSE) -> 20-29 | M37: KITIMBWA | N37: KAYUNGA | O37: UGA | P37: 1 | Q37: =VLOOKUP(P37,Key!$E$2:$F$9,2,FALSE) -> Home | R37: KAMPALA | S37: KAMPALA | T37: UGA | U37: 4 | V37: =VLOOKUP(U37,Key!$E$2:$F$9,2,FALSE) -> Commercial | W37: =Q37&"-"&V37 -> Home-Commercial | X37: 6000 | Y37: 36 | Z37: 2 | AA37: 6 | AB37: =VLOOKUP(AA37,Key!$C$20:$D$29,2,FALSE) -> Businessman | AC37: 3 | AD37: =VLOOKUP(AC37,Key!$E$20:$F$24,2,FALSE) -> 500,000-750,000 | AE37: 5 | AF37: 2 | AG37: 1 | AH37: 3 | AI37: 4 | AJ37: Y | AK37: 5000
B38: 43771 | C38: 0.59375 | E38: D | F38: 2 | G38: =VLOOKUP(F38,Key!$A$17:$B$21,2,FALSE) -> Road Vehicle | H38: 5 | I38: =VLOOKUP(H38,Key!$A$2:$B$13,2,FALSE) -> Medium bus | J38: M | K38: 1 | L38: =VLOOKUP(K38,Key!$A$24:$B$29,2,FALSE) -> 20-29 | M38: ARUA | N38: ARUA | O38: UGA | P38: 1 | Q38: =VLOOKUP(P38,Key!$E$2:$F$9,2,FALSE) -> Home | R38: KAMPALA | S38: KAMPALA | T38: UGA | U38: 4 | V38: =VLOOKUP(U38,Key!$E$2:$F$9,2,FALSE) -> Commercial | W38: =Q38&"-"&V38 -> Home-Commercial | X38: 300000 | Y38: 500 | Z38: 7 | AA38: 5 | AB38: =VLOOKUP(AA38,Key!$C$20:$D$29,2,FALSE) -> Professional | AC38: 2 | AD38: =VLOOKUP(AC38,Key!$E$20:$F$24,2,FALSE) -> 300,000-500,000 | AE38: 5 | AF38: 4 | AG38: 1 | AH38: 2 | AI38: 3 | AJ38: Y
B39: 43771 | C39: 0.47430556 | E39: D | F39: 2 | G39: =VLOOKUP(F39,Key!$A$17:$B$21,2,FALSE) -> Road Vehicle | H39: 5 | I39: =VLOOKUP(H39,Key!$A$2:$B$13,2,FALSE) -> Medium bus | J39: M | K39: 2 | L39: =VLOOKUP(K39,Key!$A$24:$B$29,2,FALSE) -> 30-39 | M39: KAMPALA | N39: KAMPALA | O39: UGA | P39: 1 | Q39: =VLOOKUP(P39,Key!$E$2:$F$9,2,FALSE) -> Home | R39: HOIMA | S39: HOIMA | T39: UGA | U39: 2 | V39: =VLOOKUP(U39,Key!$E$2:$F$9,2,FALSE) -> Work | W39: =Q39&"-"&V39 -> Home-Work | X39: 200000 | Y39: 201 | Z39: 4.5 | AA39: 5 | AB39: =VLOOKUP(AA39,Key!$C$20:$D$29,2,FALSE) -> Professional | AC39: 3 | AD39: =VLOOKUP(AC39,Key!$E$20:$F$24,2,FALSE) -> 500,000-750,000 | AE39: 3 | AF39: 1 | AG39: 5 | AH39: 2 | AI39: 4 | AJ39: Y | AK39: 3000
B40: 43771 | C40: 10:44 | E40: D | F40: 2 | G40: =VLOOKUP(F40,Key!$A$17:$B$21,2,FALSE) -> Road Vehicle | H40: 5 | I40: =VLOOKUP(H40,Key!$A$2:$B$13,2,FALSE) -> Medium bus | J40: M | K40: 3 | L40: =VLOOKUP(K40,Key!$A$24:$B$29,2,FALSE) -> 40-49 | M40: TOWN | N40: KAMPALA | O40: UGA | P40: 2 | Q40: =VLOOKUP(P40,Key!$E$2:$F$9,2,FALSE) -> Work | R40: MUKONO | S40: MUKONO | T40: UGA | U40: 2 | V40: =VLOOKUP(U40,Key!$E$2:$F$9,2,FALSE) -> Work | W40: =Q40&"-"&V40 -> Work-Work | X40: 70000 | Y40: 15 | Z40: 3 | AA40: 6 | AB40: =VLOOKUP(AA40,Key!$C$20:$D$29,2,FALSE) -> Businessman | AC40: 4 | AD40: =VLOOKUP(AC40,Key!$E$20:$F$24,2,FALSE) -> 750,000-1,000,000 | AE40: 3 | AF40: 4 | AG40: 5 | AH40: 2 | AI40: 1 | AJ40: Y | AK40: 2000
B41: 43771 | C41: 0.525 | E41: D | F41: 2 | G41: =VLOOKUP(F41,Key!$A$17:$B$21,2,FALSE) -> Road Vehicle | H41: 5 | I41: =VLOOKUP(H41,Key!$A$2:$B$13,2,FALSE) -> Medium bus | J41: M | K41: 3 | L41: =VLOOKUP(K41,Key!$A$24:$B$29,2,FALSE) -> 40-49 | M41: KAMPALA | N41: KAMPALA | O41: UGA | P41: 1 | Q41: =VLOOKUP(P41,Key!$E$2:$F$9,2,FALSE) -> Home | R41: MPIGI | S41: MPIGI | T41: UGA | U41: 2 | V41: =VLOOKUP(U41,Key!$E$2:$F$9,2,FALSE) -> Work | W41: =Q41&"-"&V41 -> Home-Work | X41: 40000 | Y41: 39 | Z41: 2 | AA41: 5 | AB41: =VLOOKUP(AA41,Key!$C$20:$D$29,2,FALSE) -> Professional | AC41: 3 | AD41: =VLOOKUP(AC41,Key!$E$20:$F$24,2,FALSE) -> 500,000-750,000 | AE41: 3 | AF41: 1 | AG41: 2 | AH41: 5 | AI41: 4 | AJ41: Y | AK41: 2000
B42: 43771 | C42: 0.40625 | E42: D | F42: 2 | G42: =VLOOKUP(F42,Key!$A$17:$B$21,2,FALSE) -> Road Vehicle | H42: 5 | I42: =VLOOKUP(H42,Key!$A$2:$B$13,2,FALSE) -> Medium bus | J42: M | K42: 4 | L42: =VLOOKUP(K42,Key!$A$24:$B$29,2,FALSE) -> 50-59 | M42: KAMPALA | N42: KAMPALA | O42: UGA | P42: 2 | Q42: =VLOOKUP(P42,Key!$E$2:$F$9,2,FALSE) -> Work | R42: KYEGWEGWA | S42: KYEGWEGWA | T42: UGA | U42: 2 | V42: =VLOOKUP(U42,Key!$E$2:$F$9,2,FALSE) -> Work | W42: =Q42&"-"&V42 -> Work-Work | X42: 165000 | Y42: 192 | Z42: 4 | AA42: 5 | AB42: =VLOOKUP(AA42,Key!$C$20:$D$29,2,FALSE) -> Professional | AC42: 4 | AD42: =VLOOKUP(AC42,Key!$E$20:$F$24,2,FALSE) -> 750,000-1,000,000 | AE42: 3 | AF42: 4 | AG42: 5 | AH42: 1 | AI42: 2 | AJ42: Y | AK42: 4000
B43: 43771 | C43: 0.52361111 | E43: D | F43: 2 | G43: =VLOOKUP(F43,Key!$A$17:$B$21,2,FALSE) -> Road Vehicle | H43: 8 | I43: =VLOOKUP(H43,Key!$A$2:$B$13,2,FALSE) -> Medium Truck | J43: M | K43: 1 | L43: =VLOOKUP(K43,Key!$A$24:$B$29,2,FALSE) -> 20-29 | M43: KAMPALA | N43: KAMPALA | O43: UGA | P43: 1 | Q43: =VLOOKUP(P43,Key!$E$2:$F$9,2,FALSE) -> Home | R43: GULU | S43: GULU | T43: UGA | U43: 2 | V43: =VLOOKUP(U43,Key!$E$2:$F$9,2,FALSE) -> Work | W43: =Q43&"-"&V43 -> Home-Work | X43: 250000 | Y43: 335 | Z43: 5 | AA43: 5 | AB43: =VLOOKUP(AA43,Key!$C$20:$D$29,2,FALSE) -> Professional | AC43: 4 | AD43: =VLOOKUP(AC43,Key!$E$20:$F$24,2,FALSE) -> 750,000-1,000,000 | AE43: 5 | AF43: 2 | AG43: 1 | AH43: 3 | AI43: 4 | AJ43: Y | AK43: 3000
B44: 43771 | C44: 0.45555556 | E44: D | F44: 2 | G44: =VLOOKUP(F44,Key!$A$17:$B$21,2,FALSE) -> Road Vehicle | H44: 8 | I44: =VLOOKUP(H44,Key!$A$2:$B$13,2,FALSE) -> Medium Truck | J44: M | K44: 2 | L44: =VLOOKUP(K44,Key!$A$24:$B$29,2,FALSE) -> 30-39 | M44: TOWN | N44: KAMPALA | O44: UGA | P44: 2 | Q44: =VLOOKUP(P44,Key!$E$2:$F$9,2,FALSE) -> Work | R44: MPIGI | S44: MPIGI | T44: UGA | U44: 2 | V44: =VLOOKUP(U44,Key!$E$2:$F$9,2,FALSE) -> Work | W44: =Q44&"-"&V44 -> Work-Work | X44: 45000 | Y44: 39 | Z44: 2 | AA44: 5 | AB44: =VLOOKUP(AA44,Key!$C$20:$D$29,2,FALSE) -> Professional | AC44: 3 | AD44: =VLOOKUP(AC44,Key!$E$20:$F$24,2,FALSE) -> 500,000-750,000 | AE44: 3 | AF44: 2 | AG44: 4 | AH44: 1 | AI44: 5 | AJ44: Y | AK44: 1000
B45: 43771 | C45: 0.56180556 | E45: D | F45: 2 | G45: =VLOOKUP(F45,Key!$A$17:$B$21,2,FALSE) -> Road Vehicle | H45: 8 | I45: =VLOOKUP(H45,Key!$A$2:$B$13,2,FALSE) -> Medium Truck | J45: M | K45: 2 | L45: =VLOOKUP(K45,Key!$A$24:$B$29,2,FALSE) -> 30-39 | M45: KAMPALA | N45: KAMPALA | O45: UGA | P45: 1 | Q45: =VLOOKUP(P45,Key!$E$2:$F$9,2,FALSE) -> Home | R45: BUGEMA | S45: BUGEMA | T45: UGA | U45: 2 | V45: =VLOOKUP(U45,Key!$E$2:$F$9,2,FALSE) -> Work | W45: =Q45&"-"&V45 -> Home-Work | X45: 270000 | Y45: 259 | Z45: 4 | AA45: 5 | AB45: =VLOOKUP(AA45,Key!$C$20:$D$29,2,FALSE) -> Professional | AC45: 4 | AD45: =VLOOKUP(AC45,Key!$E$20:$F$24,2,FALSE) -> 750,000-1,000,000 | AE45: 5 | AF45: 4 | AG45: 2 | AH45: 1 | AI45: 3 | AJ45: Y | AK45: 10000
B46: 43771 | C46: 0.41666667 | E46: D | F46: 2 | G46: =VLOOKUP(F46,Key!$A$17:$B$21,2,FALSE) -> Road Vehicle | H46: 8 | I46: =VLOOKUP(H46,Key!$A$2:$B$13,2,FALSE) -> Medium Truck | J46: M | K46: 2 | L46: =VLOOKUP(K46,Key!$A$24:$B$29,2,FALSE) -> 30-39 | M46: KAMPALA | N46: KAMPALA | O46: UGA | P46: 1 | Q46: =VLOOKUP(P46,Key!$E$2:$F$9,2,FALSE) -> Home | R46: KAMULI | S46: KAMULI | T46: UGA | U46: 2 | V46: =VLOOKUP(U46,Key!$E$2:$F$9,2,FALSE) -> Work | W46: =Q46&"-"&V46 -> Home-Work | X46: 180000 | Y46: 141 | Z46: 3.5 | AA46: 5 | AB46: =VLOOKUP(AA46,Key!$C$20:$D$29,2,FALSE) -> Professional | AC46: 4 | AD46: =VLOOKUP(AC46,Key!$E$20:$F$24,2,FALSE) -> 750,000-1,000,000 | AE46: 4 | AF46: 3 | AG46: 1 | AH46: 2 | AI46: 5 | AJ46: Y | AK46: 3000
B47: 43771 | C47: 0.57361111 | E47: D | F47: 2 | G47: =VLOOKUP(F47,Key!$A$17:$B$21,2,FALSE) -> Road Vehicle | H47: 8 | I47: =VLOOKUP(H47,Key!$A$2:$B$13,2,FALSE) -> Medium Truck | J47: M | K47: 2 | L47: =VLOOKUP(K47,Key!$A$24:$B$29,2,FALSE) -> 30-39 | M47: KAMPALA | N47: KAMPALA | O47: UGA | P47: 1 | Q47: =VLOOKUP(P47,Key!$E$2:$F$9,2,FALSE) -> Home | R47: KAYUNGA | S47: KAYUNGA | T47: UGA | U47: 2 | V47: =VLOOKUP(U47,Key!$E$2:$F$9,2,FALSE) -> Work | W47: =Q47&"-"&V47 -> Home-Work | X47: 40000 | Y47: 36 | Z47: 2 | AA47: 5 | AB47: =VLOOKUP(AA47,Key!$C$20:$D$29,2,FALSE) -> Professional | AC47: 4 | AD47: =VLOOKUP(AC47,Key!$E$20:$F$24,2,FALSE) -> 750,000-1,000,000 | AE47: 3 | AF47: 1 | AG47: 2 | AH47: 4 | AI47: 5 | AJ47: Y | AK47: 3000
B48: 43771 | C48: 0.55694444 | E48: D | F48: 2 | G48: =VLOOKUP(F48,Key!$A$17:$B$21,2,FALSE) -> Road Vehicle | H48: 8 | I48: =VLOOKUP(H48,Key!$A$2:$B$13,2,FALSE) -> Medium Truck | J48: M | K48: 2 | L48: =VLOOKUP(K48,Key!$A$24:$B$29,2,FALSE) -> 30-39 | M48: KAMPALA | N48: KAMPALA | O48: UGA | P48: 1 | Q48: =VLOOKUP(P48,Key!$E$2:$F$9,2,FALSE) -> Home | R48: WOBULENZI | S48: WOBULENZI | T48: UGA | U48: 4 | V48: =VLOOKUP(U48,Key!$E$2:$F$9,2,FALSE) -> Commercial | W48: =Q48&"-"&V48 -> Home-Commercial | X48: 60000 | Y48: 49 | Z48: 2 | AA48: 5 | AB48: =VLOOKUP(AA48,Key!$C$20:$D$29,2,FALSE) -> Professional | AC48: 4 | AD48: =VLOOKUP(AC48,Key!$E$20:$F$24,2,FALSE) -> 750,000-1,000,000 | AE48: 4 | AF48: 1 | AG48: 3 | AH48: 2 | AI48: 5 | AJ48: Y | AK48: 3000
B49: 43771 | C49: 0.51180556 | E49: D | F49: 2 | G49: =VLOOKUP(F49,Key!$A$17:$B$21,2,FALSE) -> Road Vehicle | H49: 8 | I49: =VLOOKUP(H49,Key!$A$2:$B$13,2,FALSE) -> Medium Truck | J49: M | K49: 2 | L49: =VLOOKUP(K49,Key!$A$24:$B$29,2,FALSE) -> 30-39 | M49: KAMPALA | N49: KAMPALA | O49: UGA | P49: 1 | Q49: =VLOOKUP(P49,Key!$E$2:$F$9,2,FALSE) -> Home | R49: RAKAI | S49: RAKAI | T49: UGA | U49: 1 | V49: =VLOOKUP(U49,Key!$E$2:$F$9,2,FALSE) -> Home | W49: =Q49&"-"&V49 -> Home-Home | X49: 170000 | Y49: 190 | Z49: 4 | AA49: 5 | AB49: =VLOOKUP(AA49,Key!$C$20:$D$29,2,FALSE) -> Professional | AC49: 4 | AD49: =VLOOKUP(AC49,Key!$E$20:$F$24,2,FALSE) -> 750,000-1,000,000 | AE49: 3 | AF49: 1 | AG49: 2 | AH49: 5 | AI49: 4 | AJ49: Y | AK49: 3000
B50: 43771 | C50: 0.50277778 | E50: D | F50: 2 | G50: =VLOOKUP(F50,Key!$A$17:$B$21,2,FALSE) -> Road Vehicle | H50: 8 | I50: =VLOOKUP(H50,Key!$A$2:$B$13,2,FALSE) -> Medium Truck | J50: M | K50: 2 | L50: =VLOOKUP(K50,Key!$A$24:$B$29,2,FALSE) -> 30-39 | M50: KAMPALA | N50: KAMPALA | O50: UGA | P50: 1 | Q50: =VLOOKUP(P50,Key!$E$2:$F$9,2,FALSE) -> Home | R50: LUKAYA | S50: LUKAYA | T50: UGA | U50: 2 | V50: =VLOOKUP(U50,Key!$E$2:$F$9,2,FALSE) -> Work | W50: =Q50&"-"&V50 -> Home-Work | X50: 110000 | Y50: 101 | Z50: 3.5 | AA50: 5 | AB50: =VLOOKUP(AA50,Key!$C$20:$D$29,2,FALSE) -> Professional | AC50: 3 | AD50: =VLOOKUP(AC50,Key!$E$20:$F$24,2,FALSE) -> 500,000-750,000 | AE50: 3 | AF50: 5 | AG50: 1 | AH50: 2 | AI50: 3 | AJ50: Y | AK50: 4000
B51: 43771 | C51: 0.46666667 | E51: D | F51: 2 | G51: =VLOOKUP(F51,Key!$A$17:$B$21,2,FALSE) -> Road Vehicle | H51: 8 | I51: =VLOOKUP(H51,Key!$A$2:$B$13,2,FALSE) -> Medium Truck | J51: M | K51: 3 | L51: =VLOOKUP(K51,Key!$A$24:$B$29,2,FALSE) -> 40-49 | M51: TOWN | N51: KAMPALA | O51: UGA | P51: 2 | Q51: =VLOOKUP(P51,Key!$E$2:$F$9,2,FALSE) -> Work | R51: TOWN | S51: GULU | T51: UGA | U51: 2 | V51: =VLOOKUP(U51,Key!$E$2:$F$9,2,FALSE) -> Work | W51: =Q51&"-"&V51 -> Work-Work | X51: 220000 | Y51: 266 | Z51: 6 | AA51: 5 | AB51: =VLOOKUP(AA51,Key!$C$20:$D$29,2,FALSE) -> Professional | AD51: =VLOOKUP(AC51,Key!$E$20:$F$24,2,FALSE) -> #N/A | AE51: 1 | AF51: 2 | AG51: 3 | AH51: 3 | AI51: 4 | AJ51: Y | AK51: 1000
B52: 43771 | C52: 0.37916667 | E52: D | F52: 2 | G52: =VLOOKUP(F52,Key!$A$17:$B$21,2,FALSE) -> Road Vehicle | H52: 8 | I52: =VLOOKUP(H52,Key!$A$2:$B$13,2,FALSE) -> Medium Truck | J52: M | K52: 3 | L52: =VLOOKUP(K52,Key!$A$24:$B$29,2,FALSE) -> 40-49 | M52: TOWN | N52: KAMPALA | O52: UGA | P52: 2 | Q52: =VLOOKUP(P52,Key!$E$2:$F$9,2,FALSE) -> Work | R52: MPIGI | S52: MPIGI | T52: UGA | U52: 2 | V52: =VLOOKUP(U52,Key!$E$2:$F$9,2,FALSE) -> Work | W52: =Q52&"-"&V52 -> Work-Work | X52: 40000 | Y52: 20 | Z52: 2 | AA52: 5 | AB52: =VLOOKUP(AA52,Key!$C$20:$D$29,2,FALSE) -> Professional | AD52: =VLOOKUP(AC52,Key!$E$20:$F$24,2,FALSE) -> #N/A | AE52: 1 | AF52: 4 | AG52: 5 | AH52: 3 | AI52: 4 | AJ52: Y | AK52: 4000
B53: 43771 | C53: 0.59027778 | E53: D | F53: 2 | G53: =VLOOKUP(F53,Key!$A$17:$B$21,2,FALSE) -> Road Vehicle | H53: 8 | I53: =VLOOKUP(H53,Key!$A$2:$B$13,2,FALSE) -> Medium Truck | J53: M | K53: 3 | L53: =VLOOKUP(K53,Key!$A$24:$B$29,2,FALSE) -> 40-49 | M53: KAMPALA | N53: KAMPALA | O53: UGA | P53: 1 | Q53: =VLOOKUP(P53,Key!$E$2:$F$9,2,FALSE) -> Home | R53: ENTEBBE | S53: WAKISO | T53: UGA | U53: 2 | V53: =VLOOKUP(U53,Key!$E$2:$F$9,2,FALSE) -> Work | W53: =Q53&"-"&V53 -> Home-Work | X53: 50000 | Y53: 36 | Z53: 1.5 | AA53: 5 | AB53: =VLOOKUP(AA53,Key!$C$20:$D$29,2,FALSE) -> Professional | AC53: 4 | AD53: =VLOOKUP(AC53,Key!$E$20:$F$24,2,FALSE) -> 750,000-1,000,000 | AE53: 3 | AF53: 1 | AG53: 2 | AH53: 5 | AI53: 4 | AJ53: Y | AK53: 2000
B54: 43771 | C54: 0.61736111 | E54: D | F54: 2 | G54: =VLOOKUP(F54,Key!$A$17:$B$21,2,FALSE) -> Road Vehicle | H54: 8 | I54: =VLOOKUP(H54,Key!$A$2:$B$13,2,FALSE) -> Medium Truck | J54: M | K54: 3 | L54: =VLOOKUP(K54,Key!$A$24:$B$29,2,FALSE) -> 40-49 | M54: KAMPALA | N54: KAMPALA | O54: UGA | P54: 1 | Q54: =VLOOKUP(P54,Key!$E$2:$F$9,2,FALSE) -> Home | R54: KYOZANGA | S54: MASAKA | T54: UGA | U54: 2 | V54: =VLOOKUP(U54,Key!$E$2:$F$9,2,FALSE) -> Work | W54: =Q54&"-"&V54 -> Home-Work | X54: 120000 | Y54: 184 | Z54: 4 | AA54: 5 | AB54: =VLOOKUP(AA54,Key!$C$20:$D$29,2,FALSE) -> Professional | AC54: 4 | AD54: =VLOOKUP(AC54,Key!$E$20:$F$24,2,FALSE) -> 750,000-1,000,000 | AE54: 3 | AF54: 1 | AG54: 2 | AH54: 4 | AI54: 5 | AJ54: Y | AK54: 5000
B55: 43771 | C55: 0.63402778 | E55: D | F55: 2 | G55: =VLOOKUP(F55,Key!$A$17:$B$21,2,FALSE) -> Road Vehicle | H55: 8 | I55: =VLOOKUP(H55,Key!$A$2:$B$13,2,FALSE) -> Medium Truck | J55: M | K55: 3 | L55: =VLOOKUP(K55,Key!$A$24:$B$29,2,FALSE) -> 40-49 | M55: BUSUNGU | N55: WAKISO | O55: UGA | P55: 2 | Q55: =VLOOKUP(P55,Key!$E$2:$F$9,2,FALSE) -> Work | R55: TOWN | S55: KAMPALA | T55: UGA | U55: 2 | V55: =VLOOKUP(U55,Key!$E$2:$F$9,2,FALSE) -> Work | W55: =Q55&"-"&V55 -> Work-Work | X55: 40000 | Y55: 34 | Z55: 1 | AA55: 6 | AB55: =VLOOKUP(AA55,Key!$C$20:$D$29,2,FALSE) -> Businessman | AC55: 4 | AD55: =VLOOKUP(AC55,Key!$E$20:$F$24,2,FALSE) -> 750,000-1,000,000 | AE55: 5 | AF55: 4 | AG55: 1 | AH55: 2 | AI55: 3 | AJ55: Y | AK55: 5000
B56: 43771 | C56: 0.48194444 | E56: D | F56: 2 | G56: =VLOOKUP(F56,Key!$A$17:$B$21,2,FALSE) -> Road Vehicle | H56: 8 | I56: =VLOOKUP(H56,Key!$A$2:$B$13,2,FALSE) -> Medium Truck | J56: M | K56: 3 | L56: =VLOOKUP(K56,Key!$A$24:$B$29,2,FALSE) -> 40-49 | M56: KAMPALA | N56: KAMPALA | O56: UGA | P56: 1 | Q56: =VLOOKUP(P56,Key!$E$2:$F$9,2,FALSE) -> Home | R56: MITYANA | S56: MITYANA | T56: UGA | U56: 2 | V56: =VLOOKUP(U56,Key!$E$2:$F$9,2,FALSE) -> Work | W56: =Q56&"-"&V56 -> Home-Work | X56: 70000 | Y56: 70 | Z56: 2 | AA56: 5 | AB56: =VLOOKUP(AA56,Key!$C$20:$D$29,2,FALSE) -> Professional | AC56: 3 | AD56: =VLOOKUP(AC56,Key!$E$20:$F$24,2,FALSE) -> 500,000-750,000 | AE56: 3 | AF56: 1 | AG56: 2 | AH56: 5 | AI56: 4 | AJ56: Y | AK56: 1000
B57: 43771 | C57: 0.43263889 | E57: D | F57: 2 | G57: =VLOOKUP(F57,Key!$A$17:$B$21,2,FALSE) -> Road Vehicle | H57: 8 | I57: =VLOOKUP(H57,Key!$A$2:$B$13,2,FALSE) -> Medium Truck | J57: M | K57: 3 | L57: =VLOOKUP(K57,Key!$A$24:$B$29,2,FALSE) -> 40-49 | M57: KAMPALA | N57: KAMPALA | O57: UGA | P57: 1 | Q57: =VLOOKUP(P57,Key!$E$2:$F$9,2,FALSE) -> Home | R57: MUBENDE | S57: MUBENDE | T57: UGA | U57: 2 | V57: =VLOOKUP(U57,Key!$E$2:$F$9,2,FALSE) -> Work | W57: =Q57&"-"&V57 -> Home-Work | X57: 200000 | Y57: 154 | Z57: 3 | AA57: 5 | AB57: =VLOOKUP(AA57,Key!$C$20:$D$29,2,FALSE) -> Professional | AC57: 3 | AD57: =VLOOKUP(AC57,Key!$E$20:$F$24,2,FALSE) -> 500,000-750,000 | AJ57: Y | AK57: 3000
B58: 43771 | C58: 0.61805556 | E58: D | F58: 2 | G58: =VLOOKUP(F58,Key!$A$17:$B$21,2,FALSE) -> Road Vehicle | H58: 8 | I58: =VLOOKUP(H58,Key!$A$2:$B$13,2,FALSE) -> Medium Truck | J58: M | K58: 3 | L58: =VLOOKUP(K58,Key!$A$24:$B$29,2,FALSE) -> 40-49 | M58: KAMPALA | N58: KAMPALA | O58: UGA | P58: 1 | Q58: =VLOOKUP(P58,Key!$E$2:$F$9,2,FALSE) -> Home | R58: GULU | S58: GULU | T58: UGA | U58: 2 | V58: =VLOOKUP(U58,Key!$E$2:$F$9,2,FALSE) -> Work | W58: =Q58&"-"&V58 -> Home-Work | X58: 250000 | Y58: 353 | Z58: 5 | AA58: 5 | AB58: =VLOOKUP(AA58,Key!$C$20:$D$29,2,FALSE) -> Professional | AC58: 5 | AD58: =VLOOKUP(AC58,Key!$E$20:$F$24,2,FALSE) -> >1,000,000 | AE58: 4 | AF58: 2 | AG58: 3 | AH58: 1 | AI58: 5 | AJ58: Y | AK58: 2000
B59: 43771 | C59: 0.36041667 | E59: D | F59: 2 | G59: =VLOOKUP(F59,Key!$A$17:$B$21,2,FALSE) -> Road Vehicle | H59: 8 | I59: =VLOOKUP(H59,Key!$A$2:$B$13,2,FALSE) -> Medium Truck | J59: M | K59: 4 | L59: =VLOOKUP(K59,Key!$A$24:$B$29,2,FALSE) -> 50-59 | M59: KAMPALA | N59: KAMPALA | O59: UGA | P59: 1 | Q59: =VLOOKUP(P59,Key!$E$2:$F$9,2,FALSE) -> Home | R59: NSANJI | S59: WAKISO | T59: UGA | U59: 2 | V59: =VLOOKUP(U59,Key!$E$2:$F$9,2,FALSE) -> Work | W59: =Q59&"-"&V59 -> Home-Work | X59: 25000 | Y59: 18 | Z59: 1.5 | AA59: 5 | AB59: =VLOOKUP(AA59,Key!$C$20:$D$29,2,FALSE) -> Professional | AC59: 4 | AD59: =VLOOKUP(AC59,Key!$E$20:$F$24,2,FALSE) -> 750,000-1,000,000 | AE59: 3 | AF59: 2 | AG59: 1 | AH59: 4 | AI59: 5 | AJ59: Y | AK59: 5000
B60: 43771 | C60: 0.54305556 | E60: D | F60: 2 | G60: =VLOOKUP(F60,Key!$A$17:$B$21,2,FALSE) -> Road Vehicle | H60: 8 | I60: =VLOOKUP(H60,Key!$A$2:$B$13,2,FALSE) -> Medium Truck | J60: M | K60: 4 | L60: =VLOOKUP(K60,Key!$A$24:$B$29,2,FALSE) -> 50-59 | M60: KAMPALA | N60: KAMPALA | O60: UGA | P60: 1 | Q60: =VLOOKUP(P60,Key!$E$2:$F$9,2,FALSE) -> Home | R60: MASAKA | S60: MASAKA | T60: UGA | U60: 2 | V60: =VLOOKUP(U60,Key!$E$2:$F$9,2,FALSE) -> Work | W60: =Q60&"-"&V60 -> Home-Work | X60: 170000 | Y60: 131 | Z60: 3 | AA60: 9 | AB60: =VLOOKUP(AA60,Key!$C$20:$D$29,2,FALSE) -> Retired | AC60: 4 | AD60: =VLOOKUP(AC60,Key!$E$20:$F$24,2,FALSE) -> 750,000-1,000,000 | AE60: 3 | AF60: 1 | AG60: 5 | AH60: 2 | AI60: 4 | AJ60: Y | AK60: 5000
B61: 43771 | C61: 0.60347222 | E61: D | F61: 2 | G61: =VLOOKUP(F61,Key!$A$17:$B$21,2,FALSE) -> Road Vehicle | H61: 8 | I61: =VLOOKUP(H61,Key!$A$2:$B$13,2,FALSE) -> Medium Truck | J61: M | K61: 4 | L61: =VLOOKUP(K61,Key!$A$24:$B$29,2,FALSE) -> 50-59 | M61: KAMPALA | N61: KAMPALA | O61: UGA | P61: 1 | Q61: =VLOOKUP(P61,Key!$E$2:$F$9,2,FALSE) -> Home | R61: BUWAMA | S61: MASAKA | T61: UGA | U61: 2 | V61: =VLOOKUP(U61,Key!$E$2:$F$9,2,FALSE) -> Work | W61: =Q61&"-"&V61 -> Home-Work | X61: 170000 | Y61: 132 | Z61: 3 | AA61: 5 | AB61: =VLOOKUP(AA61,Key!$C$20:$D$29,2,FALSE) -> Professional | AC61: 4 | AD61: =VLOOKUP(AC61,Key!$E$20:$F$24,2,FALSE) -> 750,000-1,000,000 | AE61: 3 | AF61: 1 | AG61: 2 | AH61: 3 | AI61: 4 | AJ61: Y | AK61: 1000
B62: 43771 | C62: 0.66597222 | E62: D | F62: 2 | G62: =VLOOKUP(F62,Key!$A$17:$B$21,2,FALSE) -> Road Vehicle | H62: 8 | I62: =VLOOKUP(H62,Key!$A$2:$B$13,2,FALSE) -> Medium Truck | J62: M | K62: 4 | L62: =VLOOKUP(K62,Key!$A$24:$B$29,2,FALSE) -> 50-59 | M62: TOWN | N62: KAMPALA | O62: UGA | P62: 2 | Q62: =VLOOKUP(P62,Key!$E$2:$F$9,2,FALSE) -> Work | R62: ARUA | S62: ARUA | T62: UGA | U62: 2 | V62: =VLOOKUP(U62,Key!$E$2:$F$9,2,FALSE) -> Work | W62: =Q62&"-"&V62 -> Work-Work | X62: 200000 | Y62: 500 | Z62: 6 | AA62: 5 | AB62: =VLOOKUP(AA62,Key!$C$20:$D$29,2,FALSE) -> Professional | AC62: 4 | AD62: =VLOOKUP(AC62,Key!$E$20:$F$24,2,FALSE) -> 750,000-1,000,000 | AE62: 3 | AF62: 1 | AG62: 2 | AH62: 5 | AI62: 4 | AJ62: Y | AK62: 5000
B63: 43771 | C63: 0.68888889 | E63: D | F63: 2 | G63: =VLOOKUP(F63,Key!$A$17:$B$21,2,FALSE) -> Road Vehicle | H63: 8 | I63: =VLOOKUP(H63,Key!$A$2:$B$13,2,FALSE) -> Medium Truck | J63: M | K63: 4 | L63: =VLOOKUP(K63,Key!$A$24:$B$29,2,FALSE) -> 50-59 | M63: KAMPALA | N63: KAMPALA | O63: UGA | P63: 1 | Q63: =VLOOKUP(P63,Key!$E$2:$F$9,2,FALSE) -> Home | T63: UGA | U63: 2 | V63: =VLOOKUP(U63,Key!$E$2:$F$9,2,FALSE) -> Work | W63: =Q63&"-"&V63 -> Home-Work | X63: 20000 | Y63: 28 | Z63: 1.5 | AA63: 5 | AB63: =VLOOKUP(AA63,Key!$C$20:$D$29,2,FALSE) -> Professional | AC63: 4 | AD63: =VLOOKUP(AC63,Key!$E$20:$F$24,2,FALSE) -> 750,000-1,000,000 | AE63: 5 | AF63: 2 | AG63: 1 | AH63: 3 | AI63: 4 | AJ63: Y | AK63: 5000
B64: 43771 | C64: 0.75625 | E64: D | F64: 2 | G64: =VLOOKUP(F64,Key!$A$17:$B$21,2,FALSE) -> Road Vehicle | H64: 8 | I64: =VLOOKUP(H64,Key!$A$2:$B$13,2,FALSE) -> Medium Truck | J64: M | K64: 4 | L64: =VLOOKUP(K64,Key!$A$24:$B$29,2,FALSE) -> 50-59 | M64: TOWN | N64: KAMPALA | O64: UGA | P64: 2 | Q64: =VLOOKUP(P64,Key!$E$2:$F$9,2,FALSE) -> Work | R64: TOWN | S64: RUKUNGIRI | T64: UGA | U64: 2 | V64: =VLOOKUP(U64,Key!$E$2:$F$9,2,FALSE) -> Work | W64: =Q64&"-"&V64 -> Work-Work | X64: 800000 | Y64: 353 | Z64: 6 | AA64: 5 | AB64: =VLOOKUP(AA64,Key!$C$20:$D$29,2,FALSE) -> Professional | AC64: 3 | AD64: =VLOOKUP(AC64,Key!$E$20:$F$24,2,FALSE) -> 500,000-750,000 | AJ64: Y | AK64: 8000
B65: 43771 | C65: 0.42569444 | E65: D | F65: 2 | G65: =VLOOKUP(F65,Key!$A$17:$B$21,2,FALSE) -> Road Vehicle | H65: 8 | I65: =VLOOKUP(H65,Key!$A$2:$B$13,2,FALSE) -> Medium Truck | J65: M | K65: 4 | L65: =VLOOKUP(K65,Key!$A$24:$B$29,2,FALSE) -> 50-59 | M65: KAMPALA | N65: KAMPALA | O65: UGA | P65: 1 | Q65: =VLOOKUP(P65,Key!$E$2:$F$9,2,FALSE) -> Home | R65: LUKOYA | S65: LUKOYA | T65: UGA | U65: 2 | V65: =VLOOKUP(U65,Key!$E$2:$F$9,2,FALSE) -> Work | W65: =Q65&"-"&V65 -> Home-Work | X65: 130000 | Y65: 102 | Z65: 3.5 | AA65: 5 | AB65: =VLOOKUP(AA65,Key!$C$20:$D$29,2,FALSE) -> Professional | AC65: 3 | AD65: =VLOOKUP(AC65,Key!$E$20:$F$24,2,FALSE) -> 500,000-750,000 | AE65: 3 | AF65: 5 | AG65: 1 | AH65: 2 | AI65: 4 | AJ65: Y | AK65: 3000
B66: 43771 | C66: 0.6 | E66: D | F66: 2 | G66: =VLOOKUP(F66,Key!$A$17:$B$21,2,FALSE) -> Road Vehicle | H66: 8 | I66: =VLOOKUP(H66,Key!$A$2:$B$13,2,FALSE) -> Medium Truck | J66: M | K66: 4 | L66: =VLOOKUP(K66,Key!$A$24:$B$29,2,FALSE) -> 50-59 | M66: KAMPALA | N66: KAMPALA | O66: UGA | P66: 1 | Q66: =VLOOKUP(P66,Key!$E$2:$F$9,2,FALSE) -> Home | R66: HOIMA | S66: HOIMA | T66: UGA | U66: 2 | V66: =VLOOKUP(U66,Key!$E$2:$F$9,2,FALSE) -> Work | W66: =Q66&"-"&V66 -> Home-Work | X66: 200000 | Y66: 240 | Z66: 5 | AA66: 6 | AB66: =VLOOKUP(AA66,Key!$C$20:$D$29,2,FALSE) -> Businessman | AC66: 4 | AD66: =VLOOKUP(AC66,Key!$E$20:$F$24,2,FALSE) -> 750,000-1,000,000 | AE66: 3 | AF66: 1 | AG66: 2 | AH66: 3 | AI66: 5 | AJ66: Y | AK66: 5000
B67: 43771 | C67: 0.46041667 | E67: D | F67: 2 | G67: =VLOOKUP(F67,Key!$A$17:$B$21,2,FALSE) -> Road Vehicle | H67: 8 | I67: =VLOOKUP(H67,Key!$A$2:$B$13,2,FALSE) -> Medium Truck | J67: M | K67: 4 | L67: =VLOOKUP(K67,Key!$A$24:$B$29,2,FALSE) -> 50-59 | M67: KAMPALA | N67: KAMPALA | O67: UGA | P67: 1 | Q67: =VLOOKUP(P67,Key!$E$2:$F$9,2,FALSE) -> Home | R67: MBARARA | S67: MBARARA | T67: UGA | U67: 2 | V67: =VLOOKUP(U67,Key!$E$2:$F$9,2,FALSE) -> Work | W67: =Q67&"-"&V67 -> Home-Work | X67: 280000 | Y67: 280 | Z67: 5 | AA67: 5 | AB67: =VLOOKUP(AA67,Key!$C$20:$D$29,2,FALSE) -> Professional | AC67: 3 | AD67: =VLOOKUP(AC67,Key!$E$20:$F$24,2,FALSE) -> 500,000-750,000 | AE67: 3 | AF67: 5 | AG67: 1 | AH67: 2 | AI67: 3 | AJ67: Y
B68: 43771 | C68: 0.56597222 | E68: D | F68: 2 | G68: =VLOOKUP(F68,Key!$A$17:$B$21,2,FALSE) -> Road Vehicle | H68: 8 | I68: =VLOOKUP(H68,Key!$A$2:$B$13,2,FALSE) -> Medium Truck | J68: M | K68: 4 | L68: =VLOOKUP(K68,Key!$A$24:$B$29,2,FALSE) -> 50-59 | M68: KAMPALA | N68: KAMPALA | O68: UGA | P68: 1 | Q68: =VLOOKUP(P68,Key!$E$2:$F$9,2,FALSE) -> Home | R68: BUSUNJU | S68: MITYANA | T68: UGA | U68: 2 | V68: =VLOOKUP(U68,Key!$E$2:$F$9,2,FALSE) -> Work | W68: =Q68&"-"&V68 -> Home-Work | X68: 50000 | Y68: 34 | Z68: 2 | AA68: 5 | AB68: =VLOOKUP(AA68,Key!$C$20:$D$29,2,FALSE) -> Professional | AC68: 4 | AD68: =VLOOKUP(AC68,Key!$E$20:$F$24,2,FALSE) -> 750,000-1,000,000 | AE68: 5 | AF68: 4 | AG68: 1 | AH68: 2 | AI68: 3 | AJ68: Y | AK68: 5000
B69: 43771 | C69: 0.54513889 | E69: D | F69: 2 | G69: =VLOOKUP(F69,Key!$A$17:$B$21,2,FALSE) -> Road Vehicle | H69: 8 | I69: =VLOOKUP(H69,Key!$A$2:$B$13,2,FALSE) -> Medium Truck | J69: M | K69: 4 | L69: =VLOOKUP(K69,Key!$A$24:$B$29,2,FALSE) -> 50-59 | M69: KAMPALA | N69: KAMPALA | O69: UGA | P69: 1 | Q69: =VLOOKUP(P69,Key!$E$2:$F$9,2,FALSE) -> Home | R69: ENTEBBE | S69: WAKISO | T69: UGA | U69: 2 | V69: =VLOOKUP(U69,Key!$E$2:$F$9,2,FALSE) -> Work | W69: =Q69&"-"&V69 -> Home-Work | X69: 50000 | Y69: 36 | Z69: 1 | AA69: 5 | AB69: =VLOOKUP(AA69,Key!$C$20:$D$29,2,FALSE) -> Professional | AC69: 4 | AD69: =VLOOKUP(AC69,Key!$E$20:$F$24,2,FALSE) -> 750,000-1,000,000 | AE69: 3 | AF69: 1 | AG69: 4 | AH69: 5 | AI69: 2 | AJ69: Y | AK69: 3000
B70: 43771 | C70: 0.64027778 | E70: P | F70: 2 | G70: =VLOOKUP(F70,Key!$A$17:$B$21,2,FALSE) -> Road Vehicle | H70: 4 | I70: =VLOOKUP(H70,Key!$A$2:$B$13,2,FALSE) -> Minibus | J70: F | K70: 1 | L70: =VLOOKUP(K70,Key!$A$24:$B$29,2,FALSE) -> 20-29 | M70: BUSUNJU | N70: WAKISO | O70: UGA | P70: 2 | Q70: =VLOOKUP(P70,Key!$E$2:$F$9,2,FALSE) -> Work | R70: KAMPALA | S70: KAMPALA | T70: UGA | U70: 1 | V70: =VLOOKUP(U70,Key!$E$2:$F$9,2,FALSE) -> Home | W70: =Q70&"-"&V70 -> Work-Home | X70: 4000 | Y70: 34 | Z70: 1.5 | AA70: 6 | AB70: =VLOOKUP(AA70,Key!$C$20:$D$29,2,FALSE) -> Businessman | AC70: 3 | AD70: =VLOOKUP(AC70,Key!$E$20:$F$24,2,FALSE) -> 500,000-750,000 | AE70: 4 | AF70: 2 | AG70: 1 | AH70: 3 | AI70: 5 | AJ70: Y
B71: 43771 | C71: 0.57708333 | E71: P | F71: 2 | G71: =VLOOKUP(F71,Key!$A$17:$B$21,2,FALSE) -> Road Vehicle | H71: 4 | I71: =VLOOKUP(H71,Key!$A$2:$B$13,2,FALSE) -> Minibus | J71: F | K71: 1 | L71: =VLOOKUP(K71,Key!$A$24:$B$29,2,FALSE) -> 20-29 | M71: BUSUNJU | N71: WAKISO | O71: UGA | P71: 1 | Q71: =VLOOKUP(P71,Key!$E$2:$F$9,2,FALSE) -> Home | R71: KAMPALA | S71: KAMPALA | T71: UGA | U71: 4 | V71: =VLOOKUP(U71,Key!$E$2:$F$9,2,FALSE) -> Commercial | W71: =Q71&"-"&V71 -> Home-Commercial | X71: 4000 | Y71: 34 | Z71: 2 | AA71: 5 | AB71: =VLOOKUP(AA71,Key!$C$20:$D$29,2,FALSE) -> Professional | AC71: 4 | AD71: =VLOOKUP(AC71,Key!$E$20:$F$24,2,FALSE) -> 750,000-1,000,000 | AE71: 4 | AF71: 1 | AG71: 2 | AH71: 3 | AI71: 5 | AJ71: Y | AK71: 3000
B72: 43771 | C72: 0.675 | E72: P | F72: 2 | G72: =VLOOKUP(F72,Key!$A$17:$B$21,2,FALSE) -> Road Vehicle | H72: 4 | I72: =VLOOKUP(H72,Key!$A$2:$B$13,2,FALSE) -> Minibus | J72: F | K72: 1 | L72: =VLOOKUP(K72,Key!$A$24:$B$29,2,FALSE) -> 20-29 | M72: KAMPALA | N72: KAMPALA | O72: UGA | P72: 1 | Q72: =VLOOKUP(P72,Key!$E$2:$F$9,2,FALSE) -> Home | R72: KAMULI | S72: KAMULI | T72: UGA | U72: 5 | V72: =VLOOKUP(U72,Key!$E$2:$F$9,2,FALSE) -> Tourism | W72: =Q72&"-"&V72 -> Home-Tourism | X72: 8000 | Y72: 141 | Z72: 2 | AA72: 6 | AB72: =VLOOKUP(AA72,Key!$C$20:$D$29,2,FALSE) -> Businessman | AC72: 3 | AD72: =VLOOKUP(AC72,Key!$E$20:$F$24,2,FALSE) -> 500,000-750,000 | AE72: 3 | AF72: 4 | AG72: 1 | AH72: 2 | AI72: 5 | AJ72: Y | AK72: 3000
B73: 43771 | C73: 0.63472222 | E73: P | F73: 2 | G73: =VLOOKUP(F73,Key!$A$17:$B$21,2,FALSE) -> Road Vehicle | H73: 4 | I73: =VLOOKUP(H73,Key!$A$2:$B$13,2,FALSE) -> Minibus | J73: M | K73: 2 | L73: =VLOOKUP(K73,Key!$A$24:$B$29,2,FALSE) -> 30-39 | M73: KAMPALA | N73: KAMPALA | O73: UGA | P73: 4 | Q73: =VLOOKUP(P73,Key!$E$2:$F$9,2,FALSE) -> Commercial | R73: HOIMA | S73: HOIMA | T73: UGA | U73: 1 | V73: =VLOOKUP(U73,Key!$E$2:$F$9,2,FALSE) -> Home | W73: =Q73&"-"&V73 -> Commercial-Home | X73: 15000 | Y73: 200 | Z73: 4 | AA73: 6 | AB73: =VLOOKUP(AA73,Key!$C$20:$D$29,2,FALSE) -> Businessman | AC73: 3 | AD73: =VLOOKUP(AC73,Key!$E$20:$F$24,2,FALSE) -> 500,000-750,000 | AE73: 5 | AF73: 1 | AG73: 2 | AH73: 3 | AI73: 4 | AJ73: Y | AK73: 1000
B74: 43771 | C74: 0.67708333 | E74: D | F74: 2 | G74: =VLOOKUP(F74,Key!$A$17:$B$21,2,FALSE) -> Road Vehicle | H74: 3 | I74: =VLOOKUP(H74,Key!$A$2:$B$13,2,FALSE) -> Pickups | J74: M | K74: 2 | L74: =VLOOKUP(K74,Key!$A$24:$B$29,2,FALSE) -> 30-39 | M74: KAMPALA | N74: KAMPALA | O74: UGA | P74: 1 | Q74: =VLOOKUP(P74,Key!$E$2:$F$9,2,FALSE) -> Home | R74: KYANKWANZE | S74: KYANKWANZE | T74: UGA | U74: 2 | V74: =VLOOKUP(U74,Key!$E$2:$F$9,2,FALSE) -> Work | W74: =Q74&"-"&V74 -> Home-Work | X74: 150000 | Y74: 152 | Z74: 3 | AA74: 5 | AB74: =VLOOKUP(AA74,Key!$C$20:$D$29,2,FALSE) -> Professional | AC74: 4 | AD74: =VLOOKUP(AC74,Key!$E$20:$F$24,2,FALSE) -> 750,000-1,000,000 | AE74: 5 | AF74: 1 | AG74: 2 | AH74: 4 | AI74: 5 | AJ74: Y | AK74: 5000
B75: 43771 | C75: 0.39583333 | E75: D | F75: 2 | G75: =VLOOKUP(F75,Key!$A$17:$B$21,2,FALSE) -> Road Vehicle | H75: 3 | I75: =VLOOKUP(H75,Key!$A$2:$B$13,2,FALSE) -> Pickups | J75: M | K75: 2 | L75: =VLOOKUP(K75,Key!$A$24:$B$29,2,FALSE) -> 30-39 | M75: NANSANA | N75: KAMPALA | O75: UGA | P75: 1 | Q75: =VLOOKUP(P75,Key!$E$2:$F$9,2,FALSE) -> Home | R75: NSAMBYA | S75: KAMPALA | T75: UGA | U75: 2 | V75: =VLOOKUP(U75,Key!$E$2:$F$9,2,FALSE) -> Work | W75: =Q75&"-"&V75 -> Home-Work | X75: 10000 | Y75: 10 | Z75: 1 | AA75: 5 | AB75: =VLOOKUP(AA75,Key!$C$20:$D$29,2,FALSE) -> Professional | AC75: 1 | AD75: =VLOOKUP(AC75,Key!$E$20:$F$24,2,FALSE) -> <300,000 | AE75: 4 | AF75: 3 | AG75: 1 | AH75: 2 | AI75: 5 | AJ75: Y
B76: 43771 | C76: 0.54444444 | E76: D | F76: 2 | G76: =VLOOKUP(F76,Key!$A$17:$B$21,2,FALSE) -> Road Vehicle | H76: 2 | I76: =VLOOKUP(H76,Key!$A$2:$B$13,2,FALSE) -> Station Wagon | J76: M | K76: 3 | L76: =VLOOKUP(K76,Key!$A$24:$B$29,2,FALSE) -> 40-49 | M76: KAMPALA | N76: KAMPALA | O76: UGA | P76: 1 | Q76: =VLOOKUP(P76,Key!$E$2:$F$9,2,FALSE) -> Home | R76: BUSIA | S76: BUSIA | T76: UGA | U76: 2 | V76: =VLOOKUP(U76,Key!$E$2:$F$9,2,FALSE) -> Work | W76: =Q76&"-"&V76 -> Home-Work | X76: 220000 | Y76: 229 | Z76: 4 | AA76: 5 | AB76: =VLOOKUP(AA76,Key!$C$20:$D$29,2,FALSE) -> Professional | AC76: 4 | AD76: =VLOOKUP(AC76,Key!$E$20:$F$24,2,FALSE) -> 750,000-1,000,000 | AE76: 3 | AF76: 5 | AG76: 1 | AH76: 2 | AI76: 5 | AJ76: Y | AK76: 4000
B77: 43771 | C77: 0.4125 | E77: D | F77: 2 | G77: =VLOOKUP(F77,Key!$A$17:$B$21,2,FALSE) -> Road Vehicle | H77: 10 | I77: =VLOOKUP(H77,Key!$A$2:$B$13,2,FALSE) -> Truck Trailer | J77: M | K77: 3 | L77: =VLOOKUP(K77,Key!$A$24:$B$29,2,FALSE) -> 40-49 | M77: KAMPALA | N77: KAMPALA | O77: UGA | P77: 1 | Q77: =VLOOKUP(P77,Key!$E$2:$F$9,2,FALSE) -> Home | R77: BUSUNJU | S77: WAKISO | T77: UGA | U77: 2 | V77: =VLOOKUP(U77,Key!$E$2:$F$9,2,FALSE) -> Work | W77: =Q77&"-"&V77 -> Home-Work | X77: 50000 | Y77: 34 | Z77: 2 | AA77: 5 | AB77: =VLOOKUP(AA77,Key!$C$20:$D$29,2,FALSE) -> Professional | AC77: 4 | AD77: =VLOOKUP(AC77,Key!$E$20:$F$24,2,FALSE) -> 750,000-1,000,000 | AE77: 4 | AF77: 1 | AG77: 2 | AH77: 5 | AI77: 3 | AJ77: Y | AK77: 1000
B78: 43771 | C78: 0.37777778 | E78: D | F78: 2 | G78: =VLOOKUP(F78,Key!$A$17:$B$21,2,FALSE) -> Road Vehicle | H78: 10 | I78: =VLOOKUP(H78,Key!$A$2:$B$13,2,FALSE) -> Truck Trailer | J78: M | K78: 4 | L78: =VLOOKUP(K78,Key!$A$24:$B$29,2,FALSE) -> 50-59 | M78: KAMPALA | N78: KAMPALA | O78: UGA | P78: 1 | Q78: =VLOOKUP(P78,Key!$E$2:$F$9,2,FALSE) -> Home | R78: MASAKA | S78: MASAKA | T78: UGA | U78: 2 | V78: =VLOOKUP(U78,Key!$E$2:$F$9,2,FALSE) -> Work | W78: =Q78&"-"&V78 -> Home-Work | X78: 130000 | Y78: 127 | Z78: 3 | AA78: 5 | AB78: =VLOOKUP(AA78,Key!$C$20:$D$29,2,FALSE) -> Professional | AC78: 4 | AD78: =VLOOKUP(AC78,Key!$E$20:$F$24,2,FALSE) -> 750,000-1,000,000 | AE78: 3 | AF78: 1 | AG78: 2 | AH78: 5 | AI78: 4 | AJ78: Y | AK78: 5000
B79: 43771 | C79: 0.53611111 | E79: D | F79: 2 | G79: =VLOOKUP(F79,Key!$A$17:$B$21,2,FALSE) -> Road Vehicle | H79: 10 | I79: =VLOOKUP(H79,Key!$A$2:$B$13,2,FALSE) -> Truck Trailer | J79: M | K79: 4 | L79: =VLOOKUP(K79,Key!$A$24:$B$29,2,FALSE) -> 50-59 | M79: KAMPALA | N79: KAMPALA | O79: UGA | P79: 1 | Q79: =VLOOKUP(P79,Key!$E$2:$F$9,2,FALSE) -> Home | R79: KALISIZO | S79: KALISIZO | T79: UGA | U79: 2 | V79: =VLOOKUP(U79,Key!$E$2:$F$9,2,FALSE) -> Work | W79: =Q79&"-"&V79 -> Home-Work | X79: 160000 | Y79: 462 | Z79: 3 | AA79: 5 | AB79: =VLOOKUP(AA79,Key!$C$20:$D$29,2,FALSE) -> Professional | AC79: 4 | AD79: =VLOOKUP(AC79,Key!$E$20:$F$24,2,FALSE) -> 750,000-1,000,000 | AE79: 4 | AF79: 1 | AG79: 2 | AH79: 5 | AI79: 4 | AJ79: Y | AK79: 5000
B80: 43771 | C80: 0.48888889 | E80: D | F80: 2 | G80: =VLOOKUP(F80,Key!$A$17:$B$21,2,FALSE) -> Road Vehicle | H80: 10 | I80: =VLOOKUP(H80,Key!$A$2:$B$13,2,FALSE) -> Truck Trailer | J80: M | K80: 4 | L80: =VLOOKUP(K80,Key!$A$24:$B$29,2,FALSE) -> 50-59 | M80: KAMPALA | N80: KAMPALA | O80: UGA | P80: 1 | Q80: =VLOOKUP(P80,Key!$E$2:$F$9,2,FALSE) -> Home | R80: JINJA | S80: JINJA | T80: UGA | U80: 2 | V80: =VLOOKUP(U80,Key!$E$2:$F$9,2,FALSE) -> Work | W80: =Q80&"-"&V80 -> Home-Work | X80: 80000 | Y80: 80 | Z80: 3 | AA80: 5 | AB80: =VLOOKUP(AA80,Key!$C$20:$D$29,2,FALSE) -> Professional | AC80: 4 | AD80: =VLOOKUP(AC80,Key!$E$20:$F$24,2,FALSE) -> 750,000-1,000,000 | AE80: 5 | AF80: 1 | AG80: 2 | AH80: 3 | AI80: 4 | AJ80: Y | AK80: 5000
B81: 43771 | C81: 0.45694444 | E81: D | F81: 2 | G81: =VLOOKUP(F81,Key!$A$17:$B$21,2,FALSE) -> Road Vehicle | H81: 10 | I81: =VLOOKUP(H81,Key!$A$2:$B$13,2,FALSE) -> Truck Trailer | J81: M | K81: 4 | L81: =VLOOKUP(K81,Key!$A$24:$B$29,2,FALSE) -> 50-59 | M81: TOWN | N81: KAMPALA | O81: UGA | P81: 2 | Q81: =VLOOKUP(P81,Key!$E$2:$F$9,2,FALSE) -> Work | R81: TOWN | S81: MBARARA | T81: UGA | U81: 2 | V81: =VLOOKUP(U81,Key!$E$2:$F$9,2,FALSE) -> Work | W81: =Q81&"-"&V81 -> Work-Work | X81: 300000 | Y81: 160 | Z81: 6 | AA81: 5 | AB81: =VLOOKUP(AA81,Key!$C$20:$D$29,2,FALSE) -> Professional | AD81: =VLOOKUP(AC81,Key!$E$20:$F$24,2,FALSE) -> #N/A | AE81: 1 | AF81: 2 | AG81: 2 | AH81: 4 | AJ81: Y | AK81: 3000
H86: Row Label | I86: Count of Gender | J86: Percentage
H87: Female | I87: 5 | J87: =I87/$I$89 -> 0.067567568
H88: Male | I88: 69 | J88: =I88/$I$89 -> 0.93243243
H89: Grand Total | I89: 74 | J89: =I89/$I$89 -> 1
H92: Modes | I92: Male | J92: Female | K92: Total | L92: Percentage
L93: Male | M93: Female
H94: Car | I94: 0 | J94: 0 | K94: =SUM(I94:J94) -> 0 | L94: 0 | M94: 0
H95: Station Wagon | I95: 1 | J95: 0 | K95: =SUM(I95:J95) -> 1 | L95: =I95/K95 -> 1 | M95: =J95/K95 -> 0
H96: Pickups | I96: 2 | J96: 0 | K96: =SUM(I96:J96) -> 2 | L96: =I96/K96 -> 1 | M96: =J96/K96 -> 0
H97: Minibus | I97: 1 | J97: 3 | K97: =SUM(I97:J97) -> 4 | L97: =I97/K97 -> 0.25 | M97: =J97/K97 -> 0.75
H98: Medium bus | I98: 6 | J98: 0 | K98: =SUM(I98:J98) -> 6 | L98: =I98/K98 -> 1 | M98: =J98/K98 -> 0
H99: Large Bus | I99: 5 | J99: 2 | K99: =SUM(I99:J99) -> 7 | L99: =I99/K99 -> 0.71428571 | M99: =J99/K99 -> 0.28571429
H100: Light Truck | I100: 11 | J100: 0 | K100: =SUM(I100:J100) -> 11 | L100: =I100/K100 -> 1 | M100: =J100/K100 -> 0
H101: Medium Truck | I101: 27 | J101: 0 | K101: =SUM(I101:J101) -> 27 | L101: =I101/K101 -> 1 | M101: =J101/K101 -> 0
H102: Heavy truck | I102: 11 | J102: 0 | K102: =SUM(I102:J102) -> 11 | L102: =I102/K102 -> 1 | M102: =J102/K102 -> 0
H103: Truck Trailer | I103: 5 | J103: 0 | K103: =SUM(I103:J103) -> 5 | L103: =I103/K103 -> 1 | M103: =J103/K103 -> 0
H104: Motor cycles | I104: 0 | J104: 0 | K104: =SUM(I104:J104) -> 0 | L104: 0 | M104: 0
H105: Tractors | I105: 0 | J105: 0 | K105: =SUM(I105:J105) -> 0 | L105: 0 | M105: 0
H106: Bicycle | I106: 0 | J106: 0 | K106: =SUM(I106:J106) -> 0 | L106: 0 | M106: 0
H110: Age | I110: Female | J110: Male | K110: Total | M110: Age | N110: Female | O110: Male | P110: Total
H111: 20-29 | I111: 3 | J111: 3 | K111: =SUM(I111:J111) -> 6 | M111: 20-29 | N111: =I111/$I$117 -> 0.6 | O111: =J111/$J$117 -> 0.042253521 | P111: =K111/$K$117 -> 0.078947368
...

Sheet RSI FORM
B1: Feasibility Study and Detailed Design of Kampala - Jinja Highway
B2: Roadside OD Interview Survey
B4: Date: | C4: 40465 | D4: Interviewer: | G4: Survey Station: | H4: Bweyogerere | J4: Direction: | K4: Bweyogerere-Kireka | L4: Coded By: | N4: Chkd By:
B7: Time Period | C7: Veh_Type | D7: Veh_Other | E7: Occupancy | F7: Origin_Address | H7: Origin_Purpose | I7: Origin_other | J7: Destination_Address | L7: Destination_Purpose | M7: Destination_Other | N7: Origin_Zone | O7: Dest_Zone | P7: WTP
F8: Village/Town | G8: City/Country | J8: Village/Town | K8: City/Country
B9: AM | C9: 3 | E9: 2 | F9: Entebbe | G9: Kla, Ug | H9: 1 | J9: Kla | K9: Kla, Ug | L9: 2 | N9: Blank | O9: Blank | P9: Yes | Q9: 3000
B10: AM | C10: 1 | E10: 1 | F10: Kiwanga | G10: Kla, Ug | H10: 1 | J10: Kla | K10: Kla, Ug | L10: 2 | N10: Blank | O10: Blank | P10: Yes | Q10: 2000
B11: AM | E11: 1 | F11: Bukoto | G11: Kla, Ug | H11: 3 | J11: Kla | K11: Kla, Ug | L11: 1 | N11: Blank | O11: Blank
B12: AM
B13: AM
B14: AM
B15: AM
B16: AM
B17: AM
B18: AM
B19: AM
B20: AM
B21: AM
B22: AM
B23: AM
... B53: AM

Sheet Key
B1: Vehicle Type | D1: Establishment Type | F1: Origin / Destination Purpose | H1: Trip Frequency | J1: Goods Type
A2: 1 | B2: Car | C2: 1 | D2: Residential | E2: 1 | F2: Home | G2: 1 | H2: more than 2 times every day | I2: 1 | J2: Food crop (Maize,rice,wheat etc)
A3: 2 | B3: Station Wagon | C3: 2 | D3: Office | E3: 2 | F3: Work | G3: 2 | H3: Daily (Up and Down) | I3: 2 | J3: Cash Crops (coffee,tea etc)
A4: 3 | B4: Pickups | C4: 3 | D4: Factory | E4: 3 | F4: Study | G4: 3 | H4: 2/3 times a week | I4: 3 | J4: Perishable (fish,milk,tea etc)
A5: 4 | B5: Minibus | C5: 4 | D5: Educational Facility | E5: 4 | F5: Commercial | G5: 4 | H5: Once a week | I5: 4 | J5: Construction Material (cement, gravel,stones,gravel,pipes)
A6: 5 | B6: Medium bus | C6: 5 | D6: Hospital | E6: 5 | F6: Tourism | G6: 5 | H6: Once a month | I6: 5 | J6: Metal/machinery
A7: 6 | B7: Large Bus | C7: 6 | D7: Bus / Taxi Park | E7: 6 | F7: Leisure/Social | G7: 6 | H7: Once in a while | I7: 6 | J7: Forestry products (timber & charcoal)
A8: 7 | B8: Light Truck | C8: 7 | D8: Wholesale shopping | E8: 7 | F8: Hospital | I8: 7 | J8: Fuels (any petroleum products)
A9: 8 | B9: Medium Truck | C9: 8 | D9: Boda boda stage | E9: 8 | F9: Others | I9: 8 | J9: Chemical Products (fertilizer,paints)
A10: 9 | B10: Heavy truck | C10: 9 | D10: Farm | I10: 9 | J10: Livestock (cows,goats,camel etc)
A11: 10 | B11: Truck Trailer | C11: 10 | D11: Construction Site | I11: 10 | J11: Household retail products (beverage,oil,sugar,salt,flour)
A12: 11 | B12: Motor cycles | C12: 11 | D12: Retail Shop/Market | I12: 11 | J12: Empty
A13: 12 | B13: Tractors | C13: 12 | D13: Warehouse | I13: 12 | J13: Others (Pl specify)
C14: 13 | D14: Harbour
C15: 14 | D15: Timber Centre
B16: Mode Number | C16: 15 | D16: Quarry
A17: 1 | B17: Walking/Cycling | C17: 16 | D17: Others (to be specified)
A18: 2 | B18: Road Vehicle
A19: 3 | B19: Rail | D19: Profession | F19: Monthly Income
A20: 4 | B20: Water/Ferry | C20: 1 | D20: Unemployed | E20: 1 | F20: <300,000
A21: 5 | B21: Air | C21: 2 | D21: Manual Labour | E21: 2 | F21: 300,000-500,000
C22: 3 | D22: Artisan/Domestic | E22: 3 | F22: 500,000-750,000
B23: Age Bracket No. | C23: 4 | D23: Office Worker | E23: 4 | F23: 750,000-1,000,000
A24: 1 | B24: 20-29 | C24: 5 | D24: Professional | E24: 5 | F24: >1,000,000
A25: 2 | B25: 30-39 | C25: 6 | D25: Businessman
A26: 3 | B26: 40-49 | C26: 7 | D26: Farmer
A27: 4 | B27: 50-59 | C27: 8 | D27: Student
A28: 5 | B28: 60-69 | C28: 9 | D28: Retired
A29: 6 | B29: 70- | C29: 10 | D29: Other
