Workbook

Sheet 25.10 MASAKA-MUTUKULA
B1: Consultancy services for Preparation of Expressway Development Master Plan (EDMP) for Uganda
B2: MANUAL CLASSIFIED COUNT (MCC)
B3: ROAD NAME: | C3: ='31.10 Masaka-Mutukula'!C3:G3 -> MCC - C4- STN99-MASAKA-MUTUKULA
C5: Date | D5: 25.10.19 | F5: Location | G5: ='26.10 MUTUKULA-MASAKA-24HR'!G5:H5 -> MUTUKULA | J5: Surveyor | K5: Steven
C6: Dir. From | D6: ='31.10 Masaka-Mutukula'!D6:E6 -> MASAKA | F6: Dir. To | G6: ='31.10 Masaka-Mutukula'!G6:H6 -> MUTUKULA | J6: Supervisor | K6: ='26.10 MUTUKULA-MASAKA-24HR'!K6:L6 -> SANDRA
B8: Time / Veh Type | R8: SUMMARY TRAFFIC VOLUMES
C9: 1. Car | D9: 2. Station Wagon | E9: 3. Pickups | F9: 4. Minibus, matatu | G9: 5. Medium bus | H9: 6. Large Bus | I9: 7. Light Truck | J9: 8. Medium Truck | K9: 9. Heavy truck | L9: 10. Truck Trailer | M9: 11. Motor cycles | N9: 12. Tractors | O9: Total Excl M/Cycles | P9: Total All | R9: Time | S9: 1. Car | T9: 2. Station Wagon | U9: 3. Pickups | V9: 4. Minibus, matatu | W9: 5. Medium bus | X9: 6. Large Bus | Y9: 7. Light Truck | Z9: 8. Medium Truck | AA9: 9. Heavy truck | AB9: 10. Truck Trailer | AC9: 11. Motorcycles | AD9: 12. Tractors, Graders | AE9: Total Excl M/ Cycles | AF9: Total All
B10: 07.00 - 07.15 | C10: 2 | D10: 0 | E10: 0 | F10: 2 | G10: 0 | H10: 0 | I10: 1 | J10: 0 | K10: 0 | L10: 0 | M10: 7 | N10: 0 | O10: =SUM(C10:L10,N10) -> 5 | P10: =SUM(C10:N10) -> 12 | R10: 0700-0800 | S10: =SUM(C10:C13) -> 12 | T10: =SUM(D10:D13) -> 0 | U10: =SUM(E10:E13) -> 0 | V10: =SUM(F10:F13) -> 6 | W10: =SUM(G10:G13) -> 0 | X10: =SUM(H10:H13) -> 0 | Y10: =SUM(I10:I13) -> 5 | Z10: =SUM(J10:J13) -> 0 | ... AF10: =SUM(P10:P13) -> 66
B11: 07.15 - 07.30 | C11: 4 | D11: 0 | E11: 0 | F11: 3 | G11: 0 | H11: 0 | I11: 1 | J11: 0 | K11: 0 | L11: 0 | M11: 15 | N11: 0 | O11: =SUM(C11:L11,N11) -> 8 | P11: =SUM(C11:N11) -> 23 | R11: 0800-0900 | S11: =SUM(C14:C17) -> 24 | T11: =SUM(D14:D17) -> 0 | U11: =SUM(E14:E17) -> 0 | V11: =SUM(F14:F17) -> 6 | W11: =SUM(G14:G17) -> 0 | X11: =SUM(H14:H17) -> 0 | Y11: =SUM(I14:I17) -> 11 | Z11: =SUM(J14:J17) -> 0 | ... AF11: =SUM(P14:P17) -> 126
B12: 07.30 - 07.45 | C12: 2 | D12: 0 | E12: 0 | F12: 0 | G12: 0 | H12: 0 | I12: 2 | J12: 0 | K12: 1 | L12: 0 | M12: 8 | N12: 0 | O12: =SUM(C12:L12,N12) -> 5 | P12: =SUM(C12:N12) -> 13 | R12: 0900-1000 | S12: =SUM(C18:C21) -> 8 | T12: =SUM(D18:D21) -> 0 | U12: =SUM(E18:E21) -> 1 | V12: =SUM(F18:F21) -> 7 | W12: =SUM(G18:G21) -> 0 | X12: =SUM(H18:H21) -> 0 | Y12: =SUM(I18:I21) -> 5 | Z12: =SUM(J18:J21) -> 2 | ... AF12: =SUM(P18:P21) -> 85
B13: 07.45 - 08.00 | C13: 4 | D13: 0 | E13: 0 | F13: 1 | G13: 0 | H13: 0 | I13: 1 | J13: 0 | K13: 0 | L13: 0 | M13: 12 | N13: 0 | O13: =SUM(C13:L13,N13) -> 6 | P13: =SUM(C13:N13) -> 18 | R13: 1000-1100 | S13: =SUM(C22:C25) -> 13 | T13: =SUM(D22:D25) -> 2 | U13: =SUM(E22:E25) -> 0 | V13: =SUM(F22:F25) -> 8 | W13: =SUM(G22:G25) -> 0 | X13: =SUM(H22:H25) -> 0 | Y13: =SUM(I22:I25) -> 13 | Z13: =SUM(J22:J25) -> 1 | ... AF13: =SUM(P22:P25) -> 112
B14: 08.00 - 08.15 | C14: 6 | D14: 0 | E14: 0 | F14: 0 | G14: 0 | H14: 0 | I14: 3 | J14: 0 | K14: 0 | L14: 0 | M14: 25 | N14: 0 | O14: =SUM(C14:L14,N14) -> 9 | P14: =SUM(C14:N14) -> 34 | R14: 1100-1200 | S14: =SUM(C26:C29) -> 12 | T14: =SUM(D26:D29) -> 0 | U14: =SUM(E26:E29) -> 1 | V14: =SUM(F26:F29) -> 9 | W14: =SUM(G26:G29) -> 0 | X14: =SUM(H26:H29) -> 0 | Y14: =SUM(I26:I29) -> 3 | Z14: =SUM(J26:J29) -> 1 | ... AF14: =SUM(P26:P29) -> 89
B15: 08.15 - 08.30 | C15: 7 | D15: 0 | E15: 0 | F15: 1 | G15: 0 | H15: 0 | I15: 4 | J15: 0 | K15: 0 | L15: 0 | M15: 20 | N15: 0 | O15: =SUM(C15:L15,N15) -> 12 | P15: =SUM(C15:N15) -> 32 | R15: 1200-1300 | S15: =SUM(C30:C33) -> 9 | T15: =SUM(D30:D33) -> 0 | U15: =SUM(E30:E33) -> 1 | V15: =SUM(F30:F33) -> 7 | W15: =SUM(G30:G33) -> 0 | X15: =SUM(H30:H33) -> 0 | Y15: =SUM(I30:I33) -> 4 | Z15: =SUM(J30:J33) -> 2 | ... AF15: =SUM(P30:P33) -> 80
B16: 08.30 - 08.45 | C16: 7 | D16: 0 | E16: 0 | F16: 3 | G16: 0 | H16: 0 | I16: 1 | J16: 0 | K16: 1 | L16: 0 | M16: 21 | N16: 0 | O16: =SUM(C16:L16,N16) -> 12 | P16: =SUM(C16:N16) -> 33 | R16: 1300-1400 | S16: =SUM(C34:C37) -> 13 | T16: =SUM(D34:D37) -> 0 | U16: =SUM(E34:E37) -> 0 | V16: =SUM(F34:F37) -> 9 | W16: =SUM(G34:G37) -> 0 | X16: =SUM(H34:H37) -> 0 | Y16: =SUM(I34:I37) -> 2 | Z16: =SUM(J34:J37) -> 0 | ... AF16: =SUM(P34:P37) -> 90
B17: 08.45 - 9.00 | C17: 4 | D17: 0 | E17: 0 | F17: 2 | G17: 0 | H17: 0 | I17: 3 | J17: 0 | K17: 2 | L17: 0 | M17: 16 | N17: 0 | O17: =SUM(C17:L17,N17) -> 11 | P17: =SUM(C17:N17) -> 27 | R17: 1400-1500 | S17: =SUM(C38:C41) -> 16 | T17: =SUM(D38:D41) -> 0 | U17: =SUM(E38:E41) -> 42 | V17: =SUM(F38:F41) -> 11 | W17: =SUM(G38:G41) -> 0 | X17: =SUM(H38:H41) -> 1 | Y17: =SUM(I38:I41) -> 4 | Z17: =SUM(J38:J41) -> 0 | ... AF17: =SUM(P38:P41) -> 128
B18: 09.00 - 09.15 | C18: 2 | D18: 0 | E18: 1 | F18: 2 | G18: 0 | H18: 0 | I18: 3 | J18: 0 | K18: 0 | L18: 0 | M18: 11 | N18: 0 | O18: =SUM(C18:L18,N18) -> 8 | P18: =SUM(C18:N18) -> 19 | R18: 1500-1600 | S18: =SUM(C42:C45) -> 13 | T18: =SUM(D42:D45) -> 0 | U18: =SUM(E42:E45) -> 5 | V18: =SUM(F42:F45) -> 7 | W18: =SUM(G42:G45) -> 0 | X18: =SUM(H42:H45) -> 0 | Y18: =SUM(I42:I45) -> 12 | Z18: =SUM(J42:J45) -> 1 | ... AF18: =SUM(P42:P45) -> 106
B19: 09.15 - 09.30 | C19: 4 | D19: 0 | E19: 0 | F19: 3 | G19: 0 | H19: 0 | I19: 1 | J19: 2 | K19: 1 | L19: 0 | M19: 14 | N19: 0 | O19: =SUM(C19:L19,N19) -> 11 | P19: =SUM(C19:N19) -> 25 | R19: 1600-1700 | S19: =SUM(C46:C49) -> 9 | T19: =SUM(D46:D49) -> 2 | U19: =SUM(E46:E49) -> 1 | V19: =SUM(F46:F49) -> 7 | W19: =SUM(G46:G49) -> 0 | X19: =SUM(H46:H49) -> 0 | Y19: =SUM(I46:I49) -> 3 | Z19: =SUM(J46:J49) -> 4 | ... AF19: =SUM(P46:P49) -> 99
B20: 09.30 - 09.45 | C20: 1 | D20: 0 | E20: 0 | F20: 2 | G20: 0 | H20: 0 | I20: 1 | J20: 0 | K20: 0 | L20: 0 | M20: 17 | N20: 0 | O20: =SUM(C20:L20,N20) -> 4 | P20: =SUM(C20:N20) -> 21 | R20: 1700-1800 | S20: =SUM(C50:C53) -> 18 | T20: =SUM(D50:D53) -> 0 | U20: =SUM(E50:E53) -> 2 | V20: =SUM(F50:F53) -> 7 | W20: =SUM(G50:G53) -> 0 | X20: =SUM(H50:H53) -> 0 | Y20: =SUM(I50:I53) -> 6 | Z20: =SUM(J50:J53) -> 0 | ... AF20: =SUM(P50:P53) -> 98
B21: 09.45 - 10.00 | C21: 1 | D21: 0 | E21: 0 | F21: 0 | G21: 0 | H21: 0 | I21: 0 | J21: 0 | K21: 0 | L21: 0 | M21: 19 | N21: 0 | O21: =SUM(C21:L21,N21) -> 1 | P21: =SUM(C21:N21) -> 20 | R21: 1800-1900 | S21: =SUM(C54:C57) -> 25 | T21: =SUM(D54:D57) -> 1 | U21: =SUM(E54:E57) -> 4 | V21: =SUM(F54:F57) -> 5 | W21: =SUM(G54:G57) -> 0 | X21: =SUM(H54:H57) -> 0 | Y21: =SUM(I54:I57) -> 3 | Z21: =SUM(J54:J57) -> 1 | ... AF21: =SUM(P54:P57) -> 132
B22: 10.00 - 10.15 | C22: 3 | D22: 1 | E22: 0 | F22: 1 | G22: 0 | H22: 0 | I22: 4 | J22: 0 | K22: 1 | L22: 0 | M22: 21 | N22: 0 | O22: =SUM(C22:L22,N22) -> 10 | P22: =SUM(C22:N22) -> 31 | R22: AM Peak Hr | S22: =MAX(S10:S12) -> 24 | T22: =MAX(T10:T12) -> 0 | U22: =MAX(U10:U12) -> 1 | V22: =MAX(V10:V12) -> 7 | W22: =MAX(W10:W12) -> 0 | X22: =MAX(X10:X12) -> 0 | Y22: =MAX(Y10:Y12) -> 11 | Z22: =MAX(Z10:Z12) -> 2 | ... AF22: =MAX(AF10:AF12) -> 126
B23: 10.15 - 10.30 | C23: 2 | D23: 0 | E23: 0 | F23: 2 | G23: 0 | H23: 0 | I23: 3 | J23: 0 | K23: 0 | L23: 0 | M23: 9 | N23: 0 | O23: =SUM(C23:L23,N23) -> 7 | P23: =SUM(C23:N23) -> 16 | R23: IP Peak Hr | S23: =MAX(S13:S18) -> 16 | T23: =MAX(T13:T18) -> 2 | U23: =MAX(U13:U18) -> 42 | V23: =MAX(V13:V18) -> 11 | W23: =MAX(W13:W18) -> 0 | X23: =MAX(X13:X18) -> 1 | Y23: =MAX(Y13:Y18) -> 13 | Z23: =MAX(Z13:Z18) -> 2 | ... AF23: =MAX(AF13:AF18) -> 128
B24: 10.30 - 10.45 | C24: 4 | D24: 1 | E24: 0 | F24: 3 | G24: 0 | H24: 0 | I24: 2 | J24: 0 | K24: 0 | L24: 0 | M24: 19 | N24: 0 | O24: =SUM(C24:L24,N24) -> 10 | P24: =SUM(C24:N24) -> 29 | R24: PM Peak Hr | S24: =MAX(S19:S21) -> 25 | T24: =MAX(T19:T21) -> 2 | U24: =MAX(U19:U21) -> 4 | V24: =MAX(V19:V21) -> 7 | W24: =MAX(W19:W21) -> 0 | X24: =MAX(X19:X21) -> 0 | Y24: =MAX(Y19:Y21) -> 6 | Z24: =MAX(Z19:Z21) -> 4 | ... AF24: =MAX(AF19:AF21) -> 132
B25: 10.45 - 11.00 | C25: 4 | D25: 0 | E25: 0 | F25: 2 | G25: 0 | H25: 0 | I25: 4 | J25: 1 | K25: 0 | L25: 0 | M25: 25 | N25: 0 | O25: =SUM(C25:L25,N25) -> 11 | P25: =SUM(C25:N25) -> 36 | R25: AM Period | S25: =SUM(S10:S12) -> 44 | T25: =SUM(T10:T12) -> 0 | U25: =SUM(U10:U12) -> 1 | V25: =SUM(V10:V12) -> 19 | W25: =SUM(W10:W12) -> 0 | X25: =SUM(X10:X12) -> 0 | Y25: =SUM(Y10:Y12) -> 21 | Z25: =SUM(Z10:Z12) -> 2 | ... AF25: =SUM(AF10:AF12) -> 277
B26: 11.00 - 11.15 | C26: 1 | D26: 0 | E26: 0 | F26: 5 | G26: 0 | H26: 0 | I26: 0 | J26: 0 | K26: 0 | L26: 0 | M26: 15 | N26: 0 | O26: =SUM(C26:L26,N26) -> 6 | P26: =SUM(C26:N26) -> 21 | R26: IP Period | S26: =SUM(S13:S18) -> 76 | T26: =SUM(T13:T18) -> 2 | U26: =SUM(U13:U18) -> 49 | V26: =SUM(V13:V18) -> 51 | W26: =SUM(W13:W18) -> 0 | X26: =SUM(X13:X18) -> 1 | Y26: =SUM(Y13:Y18) -> 38 | Z26: =SUM(Z13:Z18) -> 5 | ... AF26: =SUM(AF13:AF18) -> 605
B27: 11.15 - 11.30 | C27: 3 | D27: 0 | E27: 1 | F27: 0 | G27: 0 | H27: 0 | I27: 1 | J27: 1 | K27: 0 | L27: 0 | M27: 18 | N27: 0 | O27: =SUM(C27:L27,N27) -> 6 | P27: =SUM(C27:N27) -> 24 | R27: PM Period | S27: =SUM(S19:S21) -> 52 | T27: =SUM(T19:T21) -> 3 | U27: =SUM(U19:U21) -> 7 | V27: =SUM(V19:V21) -> 19 | W27: =SUM(W19:W21) -> 0 | X27: =SUM(X19:X21) -> 0 | Y27: =SUM(Y19:Y21) -> 12 | Z27: =SUM(Z19:Z21) -> 5 | ... AF27: =SUM(AF19:AF21) -> 329
B28: 11.30 - 11.45 | C28: 4 | D28: 0 | E28: 0 | F28: 2 | G28: 0 | H28: 0 | I28: 1 | J28: 0 | K28: 0 | L28: 0 | M28: 14 | N28: 0 | O28: =SUM(C28:L28,N28) -> 7 | P28: =SUM(C28:N28) -> 21 | R28: 12 Hours | S28: =SUM(S10:S21) -> 172 | T28: =SUM(T10:T21) -> 5 | U28: =SUM(U10:U21) -> 57 | V28: =SUM(V10:V21) -> 89 | W28: =SUM(W10:W21) -> 0 | X28: =SUM(X10:X21) -> 1 | Y28: =SUM(Y10:Y21) -> 71 | Z28: =SUM(Z10:Z21) -> 12 | ... AF28: =SUM(AF10:AF21) -> 1211
B29: 11.45 - 12.00 | C29: 4 | D29: 0 | E29: 0 | F29: 2 | G29: 0 | H29: 0 | I29: 1 | J29: 0 | K29: 0 | L29: 0 | M29: 16 | N29: 0 | O29: =SUM(C29:L29,N29) -> 7 | P29: =SUM(C29:N29) -> 23
B30: 12.00 - 12.15 | C30: 4 | D30: 0 | E30: 0 | F30: 2 | G30: 0 | H30: 0 | I30: 2 | J30: 0 | K30: 0 | L30: 0 | M30: 17 | N30: 0 | O30: =SUM(C30:L30,N30) -> 8 | P30: =SUM(C30:N30) -> 25
B31: 12.15 - 12.30 | C31: 1 | D31: 0 | E31: 1 | F31: 0 | G31: 0 | H31: 0 | I31: 2 | J31: 1 | K31: 0 | L31: 0 | M31: 16 | N31: 0 | O31: =SUM(C31:L31,N31) -> 5 | P31: =SUM(C31:N31) -> 21
B32: 12.30 - 12.45 | C32: 3 | D32: 0 | E32: 0 | F32: 2 | G32: 0 | H32: 0 | I32: 0 | J32: 0 | K32: 0 | L32: 0 | M32: 11 | N32: 0 | O32: =SUM(C32:L32,N32) -> 5 | P32: =SUM(C32:N32) -> 16
B33: 12.45 - 13.00 | C33: 1 | D33: 0 | E33: 0 | F33: 3 | G33: 0 | H33: 0 | I33: 0 | J33: 1 | K33: 0 | L33: 0 | M33: 13 | N33: 0 | O33: =SUM(C33:L33,N33) -> 5 | P33: =SUM(C33:N33) -> 18
B34: 13.00 - 13.15 | C34: 6 | D34: 0 | E34: 0 | F34: 5 | G34: 0 | H34: 0 | I34: 0 | J34: 0 | K34: 1 | L34: 0 | M34: 30 | N34: 0 | O34: =SUM(C34:L34,N34) -> 12 | P34: =SUM(C34:N34) -> 42
B35: 13.15 - 13.30 | C35: 3 | D35: 0 | E35: 0 | F35: 0 | G35: 0 | H35: 0 | I35: 0 | J35: 0 | K35: 0 | L35: 0 | M35: 8 | N35: 0 | O35: =SUM(C35:L35,N35) -> 3 | P35: =SUM(C35:N35) -> 11
B36: 13.30 - 13.45 | C36: 0 | D36: 0 | E36: 0 | F36: 2 | G36: 0 | H36: 0 | I36: 0 | J36: 0 | K36: 0 | L36: 0 | M36: 14 | N36: 0 | O36: =SUM(C36:L36,N36) -> 2 | P36: =SUM(C36:N36) -> 16
B37: 13.45 - 14.00 | C37: 4 | D37: 0 | E37: 0 | F37: 2 | G37: 0 | H37: 0 | I37: 2 | J37: 0 | K37: 2 | L37: 0 | M37: 11 | N37: 0 | O37: =SUM(C37:L37,N37) -> 10 | P37: =SUM(C37:N37) -> 21
B38: 14.00 - 14.15 | C38: 4 | D38: 0 | E38: 0 | F38: 3 | G38: 0 | H38: 0 | I38: 2 | J38: 0 | K38: 1 | L38: 0 | M38: 14 | N38: 0 | O38: =SUM(C38:L38,N38) -> 10 | P38: =SUM(C38:N38) -> 24
B39: 14.15 - 14.30 | C39: 5 | D39: 0 | E39: 0 | F39: 3 | G39: 0 | H39: 0 | I39: 2 | J39: 0 | K39: 0 | L39: 0 | M39: 10 | N39: 0 | O39: =SUM(C39:L39,N39) -> 10 | P39: =SUM(C39:N39) -> 20
B40: 14.30 - 14.45 | C40: 3 | D40: 0 | E40: 0 | F40: 3 | G40: 0 | H40: 1 | I40: 0 | J40: 0 | K40: 0 | L40: 0 | M40: 8 | N40: 0 | O40: =SUM(C40:L40,N40) -> 7 | P40: =SUM(C40:N40) -> 15
... B50: 17.00 -17.15 | C50: 3 | D50: 0 | E50: 0 | F50: 0 | G50: 0 | H50: 0 | I50: 1 | J50: 0 | K50: 2 | L50: 0 | M50: 16 | N50: 0 | O50: =SUM(C50:L50,N50) -> 6 | P50: =SUM(C50:N50) -> 22
B51: 17.15 -17.30 | C51: 6 | D51: 0 | F51: 2 | G51: 0 | H51: 0 | I51: 2 | J51: 0 | K51: 1 | L51: 0 | M51: 18 | N51: 0 | O51: =SUM(C51:L51,N51) -> 11 | P51: =SUM(C51:N51) -> 29
B52: 17.30 -17.45 | C52: 2 | D52: 0 | E52: 0 | F52: 4 | G52: 0 | H52: 0 | I52: 3 | J52: 0 | K52: 1 | L52: 0 | M52: 13 | N52: 0 | O52: =SUM(C52:L52,N52) -> 10 | P52: =SUM(C52:N52) -> 23
B53: 17.45 -18.00 | C53: 7 | D53: 0 | E53: 2 | F53: 1 | G53: 0 | H53: 0 | I53: 0 | J53: 0 | K53: 1 | L53: 0 | M53: 13 | N53: 0 | O53: =SUM(C53:L53,N53) -> 11 | P53: =SUM(C53:N53) -> 24
B54: 18.00 - 18.15 | C54: 8 | D54: 0 | E54: 0 | F54: 1 | G54: 0 | H54: 0 | I54: 0 | J54: 0 | K54: 0 | L54: 0 | M54: 17 | N54: 0 | O54: =SUM(C54:L54,N54) -> 9 | P54: =SUM(C54:N54) -> 26
B55: 18.15 - 18.30 | C55: 7 | D55: 0 | E55: 2 | F55: 2 | G55: 0 | H55: 0 | I55: 0 | J55: 1 | K55: 2 | L55: 0 | M55: 23 | N55: 0 | O55: =SUM(C55:L55,N55) -> 14 | P55: =SUM(C55:N55) -> 37
B56: 18.30 - 18.45 | C56: 5 | D56: 0 | E56: 2 | F56: 2 | G56: 0 | H56: 0 | I56: 1 | J56: 0 | K56: 2 | L56: 0 | M56: 23 | N56: 0 | O56: =SUM(C56:L56,N56) -> 12 | P56: =SUM(C56:N56) -> 35
B57: 18.45 - 19.00 | C57: 5 | D57: 1 | E57: 0 | F57: 0 | G57: 0 | H57: 0 | I57: 2 | J57: 0 | K57: 1 | L57: 0 | M57: 25 | N57: 0 | O57: =SUM(C57:L57,N57) -> 9 | P57: =SUM(C57:N57) -> 34
B58: Totals | C58: =SUM(C10:C57) -> 172 | D58: =SUM(D10:D57) -> 5 | E58: =SUM(E10:E57) -> 57 | F58: =SUM(F10:F57) -> 89 | G58: =SUM(G10:G57) -> 0 | H58: =SUM(H10:H57) -> 1 | I58: =SUM(I10:I57) -> 71 | J58: =SUM(J10:J57) -> 12 | ... P58: =SUM(P10:P57) -> 1211
B59: %ges + MCs | C59: =C58/$P$58 -> 0.14203138 | D59: =D58/$P$58 -> 0.0041288192 | E59: =E58/$P$58 -> 0.047068538 | F59: =F58/$P$58 -> 0.073492981 | G59: =G58/$P$58 -> 0 | H59: =H58/$P$58 -> 0.00082576383 | I59: =I58/$P$58 -> 0.058629232 | J59: =J58/$P$58 -> 0.009909166 | ... N59: =N58/$P$58 -> 0
B60: %ges w/o MCs | C60: =C58/$O$58 -> 0.4 | D60: =D58/$O$58 -> 0.011627907 | E60: =E58/$O$58 -> 0.13255814 | F60: =F58/$O$58 -> 0.20697674 | G60: =G58/$O$58 -> 0 | H60: =H58/$O$58 -> 0.0023255814 | I60: =I58/$O$58 -> 0.16511628 | J60: =J58/$O$58 -> 0.027906977 | ... L60: =L58/$O$58 -> 0 | N60: =N58/$O$58 -> 0

Sheet 25.10 MUTUKULA-MASAKA
B1: Consultancy services for Preparation of Expressway Development Master Plan (EDMP) for Uganda
B2: MANUAL CLASSIFIED COUNT (MCC)
B3: ROAD NAME: | C3: ='31.10.MUTUKULA-MASAKA'!C3:G3 -> MCC-C4-STN99-MASAKA-MUTUKULA
C5: Date | D5: 25.10.19 | F5: Location | G5: MUTUKULA | J5: Surveyor | K5: SANDRA
C6: Dir. From | D6: Mutukula | F6: Dir. To | G6: Masaka | J6: Supervisor | K6: SANDRA
B8: Time / Veh Type | R8: SUMMARY TRAFFIC VOLUMES
C9: 1. Car | D9: 2. Station Wagon | E9: 3. Pickups | F9: 4. Minibus, matatu | G9: 5. Medium bus | H9: 6. Large Bus | I9: 7. Light Truck | J9: 8. Medium Truck | K9: 9. Heavy truck | L9: 10. Truck Trailer | M9: 11. Motor cycles | N9: 12. Tractors | O9: Total Excl M/Cycles | P9: Total All | R9: Time | S9: 1. Car | T9: 2. Station Wagon | U9: 3. Pickups | V9: 4. Minibus, matatu | W9: 5. Medium bus | X9: 6. Large Bus | Y9: 7. Light Truck | Z9: 8. Medium Truck | AA9: 9. Heavy truck | AB9: 10. Truck Trailer | AC9: 11. Motorcycles | AD9: 12. Tractors, Graders | AE9: Total Excl M/ Cycles | AF9: Total All
B10: 07.00 - 07.15 | C10: 1 | D10: 0 | E10: 0 | F10: 2 | G10: 0 | H10: 0 | I10: 0 | J10: 0 | K10: 0 | L10: 0 | M10: 5 | N10: 0 | O10: =SUM(C10:L10,N10) -> 3 | P10: =SUM(C10:N10) -> 8 | R10: 0700-0800 | S10: =SUM(C10:C13) -> 9 | T10: =SUM(D10:D13) -> 0 | U10: =SUM(E10:E13) -> 1 | V10: =SUM(F10:F13) -> 7 | W10: =SUM(G10:G13) -> 0 | X10: =SUM(H10:H13) -> 0 | Y10: =SUM(I10:I13) -> 2 | Z10: =SUM(J10:J13) -> 0 | ... AF10: =SUM(P10:P13) -> 48
B11: 07.15 - 07.30 | C11: 2 | D11: 0 | E11: 0 | F11: 1 | G11: 0 | H11: 0 | I11: 0 | J11: 0 | K11: 0 | L11: 0 | M11: 7 | N11: 0 | O11: =SUM(C11:L11,N11) -> 3 | P11: =SUM(C11:N11) -> 10 | R11: 0800-0900 | S11: =SUM(C14:C17) -> 13 | T11: =SUM(D14:D17) -> 2 | U11: =SUM(E14:E17) -> 0 | V11: =SUM(F14:F17) -> 2 | W11: =SUM(G14:G17) -> 0 | X11: =SUM(H14:H17) -> 0 | Y11: =SUM(I14:I17) -> 4 | Z11: =SUM(J14:J17) -> 1 | ... AF11: =SUM(P14:P17) -> 66
B12: 07.30 - 07.45 | C12: 2 | D12: 0 | E12: 1 | F12: 2 | G12: 0 | H12: 0 | I12: 1 | J12: 0 | K12: 0 | L12: 0 | M12: 5 | N12: 0 | O12: =SUM(C12:L12,N12) -> 6 | P12: =SUM(C12:N12) -> 11 | R12: 0900-1000 | S12: =SUM(C18:C21) -> 7 | T12: =SUM(D18:D21) -> 0 | U12: =SUM(E18:E21) -> 1 | V12: =SUM(F18:F21) -> 2 | W12: =SUM(G18:G21) -> 1 | X12: =SUM(H18:H21) -> 0 | Y12: =SUM(I18:I21) -> 5 | Z12: =SUM(J18:J21) -> 1 | ... AF12: =SUM(P18:P21) -> 86
B13: 07.45 - 08.00 | C13: 4 | D13: 0 | E13: 0 | F13: 2 | G13: 0 | H13: 0 | I13: 1 | J13: 0 | K13: 0 | L13: 0 | M13: 12 | N13: 0 | O13: =SUM(C13:L13,N13) -> 7 | P13: =SUM(C13:N13) -> 19 | R13: 1000-1100 | S13: =SUM(C22:C25) -> 17 | T13: =SUM(D22:D25) -> 7 | U13: =SUM(E22:E25) -> 1 | V13: =SUM(F22:F25) -> 6 | W13: =SUM(G22:G25) -> 0 | X13: =SUM(H22:H25) -> 0 | Y13: =SUM(I22:I25) -> 5 | Z13: =SUM(J22:J25) -> 5 | ... AF13: =SUM(P22:P25) -> 100
B14: 08.00 - 08.15 | C14: 4 | D14: 0 | E14: 0 | F14: 0 | G14: 0 | H14: 0 | I14: 2 | J14: 0 | K14: 0 | L14: 0 | M14: 13 | N14: 0 | O14: =SUM(C14:L14,N14) -> 6 | P14: =SUM(C14:N14) -> 19 | R14: 1100-1200 | S14: =SUM(C26:C29) -> 8 | T14: =SUM(D26:D29) -> 1 | U14: =SUM(E26:E29) -> 1 | V14: =SUM(F26:F29) -> 6 | W14: =SUM(G26:G29) -> 0 | X14: =SUM(H26:H29) -> 0 | Y14: =SUM(I26:I29) -> 6 | Z14: =SUM(J26:J29) -> 0 | ... AF14: =SUM(P26:P29) -> 77
B15: 08.15 - 08.30 | C15: 2 | D15: 0 | E15: 0 | F15: 0 | G15: 0 | H15: 0 | I15: 0 | J15: 0 | K15: 0 | L15: 0 | M15: 11 | N15: 0 | O15: =SUM(C15:L15,N15) -> 2 | P15: =SUM(C15:N15) -> 13 | R15: 1200-1300 | S15: =SUM(C30:C33) -> 9 | T15: =SUM(D30:D33) -> 3 | U15: =SUM(E30:E33) -> 2 | V15: =SUM(F30:F33) -> 6 | W15: =SUM(G30:G33) -> 0 | X15: =SUM(H30:H33) -> 0 | Y15: =SUM(I30:I33) -> 5 | Z15: =SUM(J30:J33) -> 3 | ... AF15: =SUM(P30:P33) -> 75
B16: 08.30 - 08.45 | C16: 2 | D16: 1 | E16: 0 | F16: 1 | G16: 0 | H16: 0 | I16: 1 | J16: 0 | K16: 0 | L16: 0 | M16: 11 | N16: 0 | O16: =SUM(C16:L16,N16) -> 5 | P16: =SUM(C16:N16) -> 16 | R16: 1300-1400 | S16: =SUM(C34:C37) -> 9 | T16: =SUM(D34:D37) -> 0 | U16: =SUM(E34:E37) -> 2 | V16: =SUM(F34:F37) -> 6 | W16: =SUM(G34:G37) -> 2 | X16: =SUM(H34:H37) -> 0 | Y16: =SUM(I34:I37) -> 3 | Z16: =SUM(J34:J37) -> 2 | ... AF16: =SUM(P34:P37) -> 81
B17: 08.45 - 9.00 | C17: 5 | D17: 1 | E17: 0 | F17: 1 | G17: 0 | H17: 0 | I17: 1 | J17: 1 | K17: 0 | L17: 0 | M17: 9 | N17: 0 | O17: =SUM(C17:L17,N17) -> 9 | P17: =SUM(C17:N17) -> 18 | R17: 1400-1500 | S17: =SUM(C38:C41) -> 15 | T17: =SUM(D38:D41) -> 1 | U17: =SUM(E38:E41) -> 1 | V17: =SUM(F38:F41) -> 6 | W17: =SUM(G38:G41) -> 0 | X17: =SUM(H38:H41) -> 0 | Y17: =SUM(I38:I41) -> 6 | Z17: =SUM(J38:J41) -> 1 | ... AF17: =SUM(P38:P41) -> 90
B18: 09.00 - 09.15 | C18: 1 | D18: 0 | E18: 0 | F18: 1 | G18: 0 | H18: 0 | I18: 2 | J18: 0 | K18: 0 | L18: 0 | M18: 10 | N18: 0 | O18: =SUM(C18:L18,N18) -> 4 | P18: =SUM(C18:N18) -> 14 | R18: 1500-1600 | S18: =SUM(C42:C45) -> 8 | T18: =SUM(D42:D45) -> 2 | U18: =SUM(E42:E45) -> 0 | V18: =SUM(F42:F45) -> 9 | W18: =SUM(G42:G45) -> 0 | X18: =SUM(H42:H45) -> 0 | Y18: =SUM(I42:I45) -> 3 | Z18: =SUM(J42:J45) -> 6 | ... AF18: =SUM(P42:P45) -> 101
B19: 09.15 - 09.30 | C19: 0 | D19: 0 | E19: 0 | F19: 0 | G19: 1 | H19: 0 | I19: 0 | J19: 0 | K19: 0 | L19: 0 | M19: 11 | N19: 0 | O19: =SUM(C19:L19,N19) -> 1 | P19: =SUM(C19:N19) -> 12 | R19: 1600-1700 | S19: =SUM(C46:C49) -> 10 | T19: =SUM(D46:D49) -> 1 | U19: =SUM(E46:E49) -> 1 | V19: =SUM(F46:F49) -> 5 | W19: =SUM(G46:G49) -> 1 | X19: =SUM(H46:H49) -> 2 | Y19: =SUM(I46:I49) -> 4 | Z19: =SUM(J46:J49) -> 8 | ... AF19: =SUM(P46:P49) -> 89
B20: 09.30 - 09.45 | C20: 2 | D20: 0 | E20: 1 | F20: 0 | G20: 0 | H20: 0 | I20: 2 | J20: 0 | K20: 0 | L20: 0 | M20: 16 | N20: 0 | O20: =SUM(C20:L20,N20) -> 5 | P20: =SUM(C20:N20) -> 21 | R20: 1700-1800 | S20: =SUM(C50:C53) -> 8 | T20: =SUM(D50:D53) -> 1 | U20: =SUM(E50:E53) -> 1 | V20: =SUM(F50:F53) -> 5 | W20: =SUM(G50:G53) -> 0 | X20: =SUM(H50:H53) -> 0 | Y20: =SUM(I50:I53) -> 4 | Z20: =SUM(J50:J53) -> 3 | ... AF20: =SUM(P50:P53) -> 96
B21: 09.45 - 10.00 | C21: 4 | D21: 0 | E21: 0 | F21: 1 | G21: 0 | H21: 0 | I21: 1 | J21: 1 | K21: 0 | L21: 0 | M21: 32 | N21: 0 | O21: =SUM(C21:L21,N21) -> 7 | P21: =SUM(C21:N21) -> 39 | R21: 1800-1900 | S21: =SUM(C54:C57) -> 10 | T21: =SUM(D54:D57) -> 0 | U21: =SUM(E54:E57) -> 1 | V21: =SUM(F54:F57) -> 4 | W21: =SUM(G54:G57) -> 0 | X21: =SUM(H54:H57) -> 0 | Y21: =SUM(I54:I57) -> 2 | Z21: =SUM(J54:J57) -> 8 | ... AF21: =SUM(P54:P57) -> 99
B22: 10.00 - 10.15 | C22: 4 | D22: 0 | E22: 1 | F22: 1 | G22: 0 | H22: 0 | I22: 3 | J22: 0 | K22: 1 | L22: 0 | M22: 10 | N22: 0 | O22: =SUM(C22:L22,N22) -> 10 | P22: =SUM(C22:N22) -> 20 | R22: AM Peak Hr | S22: =MAX(S10:S12) -> 13 | T22: =MAX(T10:T12) -> 2 | U22: =MAX(U10:U12) -> 1 | V22: =MAX(V10:V12) -> 7 | W22: =MAX(W10:W12) -> 1 | X22: =MAX(X10:X12) -> 0 | Y22: =MAX(Y10:Y12) -> 5 | Z22: =MAX(Z10:Z12) -> 1 | ... AF22: =MAX(AF10:AF12) -> 86
B23: 10.15 - 10.30 | C23: 5 | D23: 2 | E23: 0 | F23: 0 | G23: 0 | H23: 0 | I23: 1 | J23: 2 | K23: 0 | L23: 0 | M23: 14 | N23: 0 | O23: =SUM(C23:L23,N23) -> 10 | P23: =SUM(C23:N23) -> 24 | R23: IP Peak Hr | S23: =MAX(S13:S18) -> 17 | T23: =MAX(T13:T18) -> 7 | U23: =MAX(U13:U18) -> 2 | V23: =MAX(V13:V18) -> 9 | W23: =MAX(W13:W18) -> 2 | X23: =MAX(X13:X18) -> 0 | Y23: =MAX(Y13:Y18) -> 6 | Z23: =MAX(Z13:Z18) -> 6 | ... AF23: =MAX(AF13:AF18) -> 101
B24: 10.30 - 10.45 | C24: 5 | D24: 1 | E24: 0 | F24: 1 | G24: 0 | H24: 0 | I24: 0 | J24: 2 | K24: 0 | L24: 0 | M24: 16 | N24: 0 | O24: =SUM(C24:L24,N24) -> 9 | P24: =SUM(C24:N24) -> 25 | R24: PM Peak Hr | S24: =MAX(S19:S21) -> 10 | T24: =MAX(T19:T21) -> 1 | U24: =MAX(U19:U21) -> 1 | V24: =MAX(V19:V21) -> 5 | W24: =MAX(W19:W21) -> 1 | X24: =MAX(X19:X21) -> 2 | Y24: =MAX(Y19:Y21) -> 4 | Z24: =MAX(Z19:Z21) -> 8 | ... AF24: =MAX(AF19:AF21) -> 99
B25: 10.45 - 11.00 | C25: 3 | D25: 4 | E25: 0 | F25: 4 | G25: 0 | H25: 0 | I25: 1 | J25: 1 | K25: 0 | L25: 0 | M25: 18 | N25: 0 | O25: =SUM(C25:L25,N25) -> 13 | P25: =SUM(C25:N25) -> 31 | R25: AM Period | S25: =SUM(S10:S12) -> 29 | T25: =SUM(T10:T12) -> 2 | U25: =SUM(U10:U12) -> 2 | V25: =SUM(V10:V12) -> 11 | W25: =SUM(W10:W12) -> 1 | X25: =SUM(X10:X12) -> 0 | Y25: =SUM(Y10:Y12) -> 11 | Z25: =SUM(Z10:Z12) -> 2 | ... AF25: =SUM(AF10:AF12) -> 200
B26: 11.00 - 11.15 | C26: 2 | D26: 0 | E26: 0 | F26: 2 | G26: 0 | H26: 0 | I26: 0 | J26: 0 | K26: 1 | L26: 1 | M26: 15 | N26: 0 | O26: =SUM(C26:L26,N26) -> 6 | P26: =SUM(C26:N26) -> 21 | R26: IP Period | S26: =SUM(S13:S18) -> 66 | T26: =SUM(T13:T18) -> 14 | U26: =SUM(U13:U18) -> 7 | V26: =SUM(V13:V18) -> 39 | W26: =SUM(W13:W18) -> 2 | X26: =SUM(X13:X18) -> 0 | Y26: =SUM(Y13:Y18) -> 28 | Z26: =SUM(Z13:Z18) -> 17 | ... AF26: =SUM(AF13:AF18) -> 524
B27: 11.15 - 11.30 | C27: 2 | D27: 0 | E27: 0 | F27: 2 | G27: 0 | H27: 0 | I27: 2 | J27: 0 | K27: 0 | L27: 0 | M27: 12 | N27: 0 | O27: =SUM(C27:L27,N27) -> 6 | P27: =SUM(C27:N27) -> 18 | R27: PM Period | S27: =SUM(S19:S21) -> 28 | T27: =SUM(T19:T21) -> 2 | U27: =SUM(U19:U21) -> 3 | V27: =SUM(V19:V21) -> 14 | W27: =SUM(W19:W21) -> 1 | X27: =SUM(X19:X21) -> 2 | Y27: =SUM(Y19:Y21) -> 10 | Z27: =SUM(Z19:Z21) -> 19 | ... AF27: =SUM(AF19:AF21) -> 284
B28: 11.30 - 11.45 | C28: 3 | D28: 1 | E28: 1 | F28: 0 | G28: 0 | H28: 0 | I28: 1 | J28: 0 | K28: 0 | L28: 0 | M28: 11 | N28: 0 | O28: =SUM(C28:L28,N28) -> 6 | P28: =SUM(C28:N28) -> 17 | R28: 12 Hours | S28: =SUM(S10:S21) -> 123 | T28: =SUM(T10:T21) -> 18 | U28: =SUM(U10:U21) -> 12 | V28: =SUM(V10:V21) -> 64 | W28: =SUM(W10:W21) -> 4 | X28: =SUM(X10:X21) -> 2 | Y28: =SUM(Y10:Y21) -> 49 | Z28: =SUM(Z10:Z21) -> 38 | ... AF28: =SUM(AF10:AF21) -> 1008
B29: 11.45 - 12.00 | C29: 1 | D29: 0 | E29: 0 | F29: 2 | G29: 0 | H29: 0 | I29: 3 | J29: 0 | K29: 0 | L29: 0 | M29: 15 | N29: 0 | O29: =SUM(C29:L29,N29) -> 6 | P29: =SUM(C29:N29) -> 21
B30: 12.00 - 12.15 | C30: 1 | D30: 2 | E30: 0 | F30: 1 | G30: 0 | H30: 0 | I30: 1 | J30: 1 | K30: 0 | L30: 0 | M30: 12 | N30: 0 | O30: =SUM(C30:L30,N30) -> 6 | P30: =SUM(C30:N30) -> 18
B31: 12.15 - 12.30 | C31: 3 | D31: 1 | E31: 0 | F31: 1 | G31: 0 | H31: 0 | I31: 1 | J31: 2 | K31: 0 | L31: 0 | M31: 9 | N31: 0 | O31: =SUM(C31:L31,N31) -> 8 | P31: =SUM(C31:N31) -> 17
B32: 12.30 - 12.45 | C32: 2 | D32: 0 | E32: 1 | F32: 3 | G32: 0 | H32: 0 | I32: 2 | J32: 0 | K32: 0 | L32: 0 | M32: 11 | N32: 0 | O32: =SUM(C32:L32,N32) -> 8 | P32: =SUM(C32:N32) -> 19
B33: 12.45 - 13.00 | C33: 3 | D33: 0 | E33: 1 | F33: 1 | G33: 0 | H33: 0 | I33: 1 | J33: 0 | K33: 0 | L33: 0 | M33: 15 | N33: 0 | O33: =SUM(C33:L33,N33) -> 6 | P33: =SUM(C33:N33) -> 21
B34: 13.00 - 13.15 | C34: 3 | D34: 0 | E34: 0 | F34: 2 | G34: 0 | H34: 0 | I34: 1 | J34: 0 | K34: 2 | L34: 0 | M34: 14 | N34: 0 | O34: =SUM(C34:L34,N34) -> 8 | P34: =SUM(C34:N34) -> 22
B35: 13.15 - 13.30 | C35: 4 | D35: 0 | E35: 0 | F35: 2 | G35: 0 | H35: 0 | I35: 0 | J35: 1 | K35: 0 | L35: 2 | M35: 18 | N35: 0 | O35: =SUM(C35:L35,N35) -> 9 | P35: =SUM(C35:N35) -> 27
B36: 13.30 - 13.45 | C36: 0 | D36: 0 | E36: 1 | F36: 1 | G36: 1 | H36: 0 | I36: 1 | J36: 0 | K36: 2 | L36: 0 | M36: 5 | N36: 0 | O36: =SUM(C36:L36,N36) -> 6 | P36: =SUM(C36:N36) -> 11
B37: 13.45 - 14.00 | C37: 2 | D37: 0 | E37: 1 | F37: 1 | G37: 1 | H37: 0 | I37: 1 | J37: 1 | K37: 1 | L37: 1 | M37: 12 | N37: 0 | O37: =SUM(C37:L37,N37) -> 9 | P37: =SUM(C37:N37) -> 21
B38: 14.00 - 14.15 | C38: 3 | D38: 1 | E38: 0 | F38: 0 | G38: 0 | H38: 0 | I38: 2 | J38: 0 | K38: 1 | L38: 0 | M38: 16 | N38: 0 | O38: =SUM(C38:L38,N38) -> 7 | P38: =SUM(C38:N38) -> 23
B39: 14.15 - 14.30 | C39: 5 | D39: 0 | E39: 0 | F39: 2 | G39: 0 | H39: 0 | I39: 1 | J39: 0 | K39: 0 | L39: 0 | M39: 12 | N39: 0 | O39: =SUM(C39:L39,N39) -> 8 | P39: =SUM(C39:N39) -> 20
B40: 14.30 - 14.45 | C40: 3 | D40: 0 | E40: 1 | F40: 2 | G40: 0 | H40: 0 | I40: 1 | J40: 0 | K40: 1 | L40: 0 | M40: 14 | N40: 0 | O40: =SUM(C40:L40,N40) -> 8 | P40: =SUM(C40:N40) -> 22
... B57: 18.45 - 19.00 | C57: 2 | D57: 0 | E57: 1 | F57: 0 | G57: 0 | H57: 0 | I57: 0 | J57: 2 | K57: 2 | L57: 4 | M57: 21 | N57: 0 | O57: =SUM(C57:L57,N57) -> 11 | P57: =SUM(C57:N57) -> 32
B58: Totals | C58: =SUM(C10:C57) -> 123 | D58: =SUM(D10:D57) -> 18 | E58: =SUM(E10:E57) -> 12 | F58: =SUM(F10:F57) -> 64 | G58: =SUM(G10:G57) -> 4 | H58: =SUM(H10:H57) -> 2 | I58: =SUM(I10:I57) -> 49 | J58: =SUM(J10:J57) -> 38 | ... P58: =SUM(P10:P57) -> 1008
B59: %ges + MCs | C59: =C58/$P$58 -> 0.12202381 | D59: =D58/$P$58 -> 0.017857143 | E59: =E58/$P$58 -> 0.011904762 | F59: =F58/$P$58 -> 0.063492063 | G59: =G58/$P$58 -> 0.003968254 | H59: =H58/$P$58 -> 0.001984127 | I59: =I58/$P$58 -> 0.048611111 | J59: =J58/$P$58 -> 0.037698413 | ... N59: =N58/$P$58 -> 0
B60: %ges w/o MCs | C60: =C58/$O$58 -> 0.35964912 | D60: =D58/$O$58 -> 0.052631579 | E60: =E58/$O$58 -> 0.035087719 | F60: =F58/$O$58 -> 0.1871345 | G60: =G58/$O$58 -> 0.011695906 | H60: =H58/$O$58 -> 0.0058479532 | I60: =I58/$O$58 -> 0.14327485 | J60: =J58/$O$58 -> 0.11111111 | ... L60: =L58/$O$58 -> 0.026315789 | N60: =N58/$O$58 -> 0

Sheet 26.10 MASAKA-MUTUKULA-24HR
B1: Consultancy services for Preparation of Expressway Development Master Plan (EDMP) for Uganda
B2: MANUAL CLASSIFIED COUNT (MCC)
B3: ROAD NAME: | C3: ='31.10 Masaka-Mutukula'!C3:G3 -> MCC - C4- STN99-MASAKA-MUTUKULA
C5: Date | D5: 26.10.19 | F5: Location | G5: ='28.10 MUTUKULA-MASAKA-24HR'!G5:H5 -> MUTUKULA | J5: Surveyor | K5: Steven & Omeje
C6: Dir. From | D6: ='31.10 Masaka-Mutukula'!D6:E6 -> MASAKA | F6: Dir. To | G6: ='31.10 Masaka-Mutukula'!G6:H6 -> MUTUKULA | J6: Supervisor | K6: ='28.10 MUTUKULA-MASAKA-24HR'!K6:L6 -> SANDRA
B8: Time / Veh Type | R8: SUMMARY TRAFFIC VOLUMES
C9: 1. Car | D9: 2. Station Wagon | E9: 3. Pickups | F9: 4. Minibus, matatu | G9: 5. Medium bus | H9: 6. Large Bus | I9: 7. Light Truck | J9: 8. Medium Truck | K9: 9. Heavy truck | L9: 10. Truck Trailer | M9: 11. Motor cycles | N9: 12. Tractors | O9: Total Excl M/Cycles | P9: Total All | R9: Time | S9: 1. Car | T9: 2. Station Wagon | U9: 3. Pickups | V9: 4. Minibus, matatu | W9: 5. Medium bus | X9: 6. Large Bus | Y9: 7. Light Truck | Z9: 8. Medium Truck | AA9: 9. Heavy truck | AB9: 10. Truck Trailer | AC9: 11. Motorcycles | AD9: 12. Tractors, Graders | AE9: Total Excl M/ Cycles | AF9: Total All
B10: 07.00 - 07.15 | C10: 1 | D10: 0 | E10: 0 | F10: 0 | G10: 0 | H10: 0 | I10: 0 | J10: 0 | K10: 0 | L10: 0 | M10: 1 | N10: 0 | O10: =SUM(C10:L10,N10) -> 1 | P10: =SUM(C10:N10) -> 2 | R10: 0700-0800 | S10: =SUM(C10:C13) -> 7 | T10: =SUM(D10:D13) -> 1 | U10: =SUM(E10:E13) -> 0 | V10: =SUM(F10:F13) -> 1 | W10: =SUM(G10:G13) -> 0 | X10: =SUM(H10:H13) -> 0 | Y10: =SUM(I10:I13) -> 1 | Z10: =SUM(J10:J13) -> 0 | ... AF10: =SUM(P10:P13) -> 39
B11: 07.15 - 07.30 | C11: 3 | D11: 1 | E11: 0 | F11: 0 | G11: 0 | H11: 0 | I11: 0 | J11: 0 | K11: 0 | L11: 0 | M11: 6 | N11: 0 | O11: =SUM(C11:L11,N11) -> 4 | P11: =SUM(C11:N11) -> 10 | R11: 0800-0900 | S11: =SUM(C14:C17) -> 17 | T11: =SUM(D14:D17) -> 2 | U11: =SUM(E14:E17) -> 0 | V11: =SUM(F14:F17) -> 2 | W11: =SUM(G14:G17) -> 0 | X11: =SUM(H14:H17) -> 0 | Y11: =SUM(I14:I17) -> 1 | Z11: =SUM(J14:J17) -> 2 | ... AF11: =SUM(P14:P17) -> 86
B12: 07.30 - 07.45 | C12: 1 | D12: 0 | E12: 0 | F12: 0 | G12: 0 | H12: 0 | I12: 0 | J12: 0 | K12: 0 | L12: 0 | M12: 8 | N12: 0 | O12: =SUM(C12:L12,N12) -> 1 | P12: =SUM(C12:N12) -> 9 | R12: 0900-1000 | S12: =SUM(C18:C21) -> 5 | T12: =SUM(D18:D21) -> 0 | U12: =SUM(E18:E21) -> 2 | V12: =SUM(F18:F21) -> 3 | W12: =SUM(G18:G21) -> 0 | X12: =SUM(H18:H21) -> 1 | Y12: =SUM(I18:I21) -> 12 | Z12: =SUM(J18:J21) -> 2 | ... AF12: =SUM(P18:P21) -> 72
B13: 07.45 - 08.00 | C13: 2 | D13: 0 | E13: 0 | F13: 1 | G13: 0 | H13: 0 | I13: 1 | J13: 0 | K13: 2 | L13: 0 | M13: 12 | N13: 0 | O13: =SUM(C13:L13,N13) -> 6 | P13: =SUM(C13:N13) -> 18 | R13: 1000-1100 | S13: =SUM(C22:C25) -> 4 | T13: =SUM(D22:D25) -> 0 | U13: =SUM(E22:E25) -> 0 | V13: =SUM(F22:F25) -> 3 | W13: =SUM(G22:G25) -> 0 | X13: =SUM(H22:H25) -> 0 | Y13: =SUM(I22:I25) -> 1 | Z13: =SUM(J22:J25) -> 0 | ... AF13: =SUM(P22:P25) -> 26
B14: 08.00 - 08.15 | C14: 4 | D14: 0 | E14: 0 | F14: 0 | G14: 0 | H14: 0 | I14: 1 | J14: 0 | K14: 3 | L14: 0 | M14: 13 | N14: 0 | O14: =SUM(C14:L14,N14) -> 8 | P14: =SUM(C14:N14) -> 21 | R14: 1100-1200 | S14: =SUM(C26:C29) -> 9 | T14: =SUM(D26:D29) -> 1 | U14: =SUM(E26:E29) -> 1 | V14: =SUM(F26:F29) -> 9 | W14: =SUM(G26:G29) -> 0 | X14: =SUM(H26:H29) -> 0 | Y14: =SUM(I26:I29) -> 1 | Z14: =SUM(J26:J29) -> 1 | ... AF14: =SUM(P26:P29) -> 61
B15: 08.15 - 08.30 | C15: 7 | D15: 0 | E15: 0 | F15: 0 | G15: 0 | H15: 0 | I15: 0 | J15: 1 | K15: 0 | L15: 1 | M15: 10 | N15: 0 | O15: =SUM(C15:L15,N15) -> 9 | P15: =SUM(C15:N15) -> 19 | R15: 1200-1300 | S15: =SUM(C30:C33) -> 11 | T15: =SUM(D30:D33) -> 2 | U15: =SUM(E30:E33) -> 0 | V15: =SUM(F30:F33) -> 7 | W15: =SUM(G30:G33) -> 0 | X15: =SUM(H30:H33) -> 0 | Y15: =SUM(I30:I33) -> 1 | Z15: =SUM(J30:J33) -> 1 | ... AF15: =SUM(P30:P33) -> 67
B16: 08.30 - 08.45 | C16: 3 | D16: 1 | E16: 0 | F16: 2 | G16: 0 | H16: 0 | I16: 0 | J16: 1 | K16: 1 | L16: 1 | M16: 15 | N16: 0 | O16: =SUM(C16:L16,N16) -> 9 | P16: =SUM(C16:N16) -> 24 | R16: 1300-1400 | S16: =SUM(C34:C37) -> 8 | T16: =SUM(D34:D37) -> 2 | U16: =SUM(E34:E37) -> 0 | V16: =SUM(F34:F37) -> 6 | W16: =SUM(G34:G37) -> 0 | X16: =SUM(H34:H37) -> 0 | Y16: =SUM(I34:I37) -> 3 | Z16: =SUM(J34:J37) -> 4 | ... AF16: =SUM(P34:P37) -> 66
B17: 08.45 - 9.00 | C17: 3 | D17: 1 | E17: 0 | F17: 0 | G17: 0 | H17: 0 | I17: 0 | J17: 0 | K17: 3 | L17: 0 | M17: 15 | N17: 0 | O17: =SUM(C17:L17,N17) -> 7 | P17: =SUM(C17:N17) -> 22 | R17: 1400-1500 | S17: =SUM(C38:C41) -> 17 | T17: =SUM(D38:D41) -> 2 | U17: =SUM(E38:E41) -> 0 | V17: =SUM(F38:F41) -> 6 | W17: =SUM(G38:G41) -> 0 | X17: =SUM(H38:H41) -> 0 | Y17: =SUM(I38:I41) -> 2 | Z17: =SUM(J38:J41) -> 6 | ... AF17: =SUM(P38:P41) -> 94
B18: 09.00 - 09.15 | C18: 2 | D18: 0 | E18: 1 | F18: 2 | G18: 0 | H18: 0 | I18: 5 | J18: 1 | K18: 0 | L18: 1 | M18: 11 | N18: 0 | O18: =SUM(C18:L18,N18) -> 12 | P18: =SUM(C18:N18) -> 23 | R18: 1500-1600 | S18: =SUM(C42:C45) -> 12 | T18: =SUM(D42:D45) -> 2 | U18: =SUM(E42:E45) -> 0 | V18: =SUM(F42:F45) -> 13 | W18: =SUM(G42:G45) -> 0 | X18: =SUM(H42:H45) -> 0 | Y18: =SUM(I42:I45) -> 5 | Z18: =SUM(J42:J45) -> 4 | ... AF18: =SUM(P42:P45) -> 63
B19: 09.15 - 09.30 | C19: 0 | D19: 0 | E19: 1 | F19: 0 | G19: 0 | H19: 1 | I19: 1 | J19: 0 | K19: 0 | L19: 0 | M19: 16 | N19: 0 | O19: =SUM(C19:L19,N19) -> 3 | P19: =SUM(C19:N19) -> 19 | R19: 1600-1700 | S19: =SUM(C46:C49) -> 14 | T19: =SUM(D46:D49) -> 6 | U19: =SUM(E46:E49) -> 1 | V19: =SUM(F46:F49) -> 10 | W19: =SUM(G46:G49) -> 0 | X19: =SUM(H46:H49) -> 0 | Y19: =SUM(I46:I49) -> 1 | Z19: =SUM(J46:J49) -> 1 | ... AF19: =SUM(P46:P49) -> 54
B20: 09.30 - 09.45 | C20: 2 | D20: 0 | E20: 0 | F20: 1 | G20: 0 | H20: 0 | I20: 6 | J20: 1 | K20: 0 | L20: 1 | M20: 5 | N20: 0 | O20: =SUM(C20:L20,N20) -> 11 | P20: =SUM(C20:N20) -> 16 | R20: 1700-1800 | S20: =SUM(C50:C53) -> 6 | T20: =SUM(D50:D53) -> 1 | U20: =SUM(E50:E53) -> 1 | V20: =SUM(F50:F53) -> 5 | W20: =SUM(G50:G53) -> 0 | X20: =SUM(H50:H53) -> 0 | Y20: =SUM(I50:I53) -> 2 | Z20: =SUM(J50:J53) -> 2 | ... AF20: =SUM(P50:P53) -> 53
B21: 09.45 - 10.00 | C21: 1 | D21: 0 | E21: 0 | F21: 0 | G21: 0 | H21: 0 | I21: 0 | J21: 0 | K21: 2 | L21: 0 | M21: 11 | N21: 0 | O21: =SUM(C21:L21,N21) -> 3 | P21: =SUM(C21:N21) -> 14 | R21: 1800-1900 | S21: =SUM(C54:C57) -> 4 | T21: =SUM(D54:D57) -> 2 | U21: =SUM(E54:E57) -> 0 | V21: =SUM(F54:F57) -> 8 | W21: =SUM(G54:G57) -> 0 | X21: =SUM(H54:H57) -> 0 | Y21: =SUM(I54:I57) -> 0 | Z21: =SUM(J54:J57) -> 1 | ... AF21: =SUM(P54:P57) -> 71
B22: 10.00 - 10.15 | C22: 2 | D22: 0 | E22: 0 | F22: 1 | G22: 0 | H22: 0 | I22: 0 | J22: 0 | K22: 3 | L22: 0 | M22: 4 | N22: 0 | O22: =SUM(C22:L22,N22) -> 6 | P22: =SUM(C22:N22) -> 10 | R22: 1900-2000 | S22: =SUM(C58:C61) -> 10 | T22: =SUM(D58:D61) -> 3 | U22: =SUM(E58:E61) -> 0 | V22: =SUM(F58:F61) -> 9 | W22: =SUM(G58:G61) -> 0 | X22: =SUM(H58:H61) -> 0 | Y22: =SUM(I58:I61) -> 2 | Z22: =SUM(J58:J61) -> 2 | ... AF22: =SUM(P58:P61) -> 122
B23: 10.15 - 10.30 | C23: 0 | D23: 0 | E23: 0 | F23: 0 | G23: 0 | H23: 0 | I23: 0 | J23: 0 | K23: 0 | L23: 0 | M23: 2 | N23: 0 | O23: =SUM(C23:L23,N23) -> 0 | P23: =SUM(C23:N23) -> 2 | R23: 2000-2100 | S23: =SUM(C62:C65) -> 15 | T23: =SUM(D62:D65) -> 0 | U23: =SUM(E62:E65) -> 0 | V23: =SUM(F62:F65) -> 3 | W23: =SUM(G62:G65) -> 0 | X23: =SUM(H62:H65) -> 1 | Y23: =SUM(I62:I65) -> 2 | Z23: =SUM(J62:J65) -> 0 | ... AF23: =SUM(P62:P65) -> 46
B24: 10.30 - 10.45 | C24: 1 | D24: 0 | E24: 0 | F24: 0 | G24: 0 | H24: 0 | I24: 0 | J24: 0 | K24: 1 | L24: 0 | M24: 2 | N24: 0 | O24: =SUM(C24:L24,N24) -> 2 | P24: =SUM(C24:N24) -> 4 | R24: 2100-2200 | S24: =SUM(C66:C69) -> 13 | T24: =SUM(D66:D69) -> 1 | U24: =SUM(E66:E69) -> 0 | V24: =SUM(F66:F69) -> 2 | W24: =SUM(G66:G69) -> 0 | X24: =SUM(H66:H69) -> 0 | Y24: =SUM(I66:I69) -> 0 | Z24: =SUM(J66:J69) -> 2 | ... AF24: =SUM(P66:P69) -> 50
B25: 10.45 - 11.00 | C25: 1 | D25: 0 | E25: 0 | F25: 2 | G25: 0 | H25: 0 | I25: 1 | J25: 0 | K25: 0 | L25: 0 | M25: 6 | N25: 0 | O25: =SUM(C25:L25,N25) -> 4 | P25: =SUM(C25:N25) -> 10 | R25: 2200-2300 | S25: =SUM(C70:C73) -> 9 | T25: =SUM(D70:D73) -> 0 | U25: =SUM(E70:E73) -> 0 | V25: =SUM(F70:F73) -> 2 | W25: =SUM(G70:G73) -> 0 | X25: =SUM(H70:H73) -> 0 | Y25: =SUM(I70:I73) -> 3 | Z25: =SUM(J70:J73) -> 1 | ... AF25: =SUM(P70:P73) -> 32
B26: 11.00 - 11.15 | C26: 2 | D26: 1 | E26: 0 | F26: 4 | G26: 0 | H26: 0 | I26: 0 | J26: 0 | K26: 0 | L26: 0 | M26: 8 | N26: 0 | O26: =SUM(C26:L26,N26) -> 7 | P26: =SUM(C26:N26) -> 15 | R26: 2300-0000 | S26: =SUM(C74:C77) -> 1 | T26: =SUM(D74:D77) -> 0 | U26: =SUM(E74:E77) -> 0 | V26: =SUM(F74:F77) -> 1 | W26: =SUM(G74:G77) -> 1 | X26: =SUM(H74:H77) -> 0 | Y26: =SUM(I74:I77) -> 0 | Z26: =SUM(J74:J77) -> 0 | ... AF26: =SUM(P74:P77) -> 12
B27: 11.15 - 11.30 | C27: 3 | D27: 0 | E27: 0 | F27: 2 | G27: 0 | H27: 0 | I27: 1 | J27: 1 | K27: 0 | L27: 0 | M27: 13 | N27: 0 | O27: =SUM(C27:L27,N27) -> 7 | P27: =SUM(C27:N27) -> 20 | R27: 0000-0100 | S27: =SUM(C78:C81) -> 3 | T27: =SUM(D78:D81) -> 2 | U27: =SUM(E78:E81) -> 0 | V27: =SUM(F78:F81) -> 2 | W27: =SUM(G78:G81) -> 0 | X27: =SUM(H78:H81) -> 0 | Y27: =SUM(I78:I81) -> 0 | Z27: =SUM(J78:J81) -> 0 | ... AF27: =SUM(P78:P81) -> 12
B28: 11.30 - 11.45 | C28: 2 | D28: 0 | E28: 1 | F28: 2 | G28: 0 | H28: 0 | I28: 0 | J28: 0 | K28: 1 | L28: 0 | M28: 8 | N28: 0 | O28: =SUM(C28:L28,N28) -> 6 | P28: =SUM(C28:N28) -> 14 | R28: 0100-0200 | S28: =SUM(C82:C85) -> 1 | T28: =SUM(D82:D85) -> 0 | U28: =SUM(E82:E85) -> 0 | V28: =SUM(F82:F85) -> 0 | W28: =SUM(G82:G85) -> 0 | X28: =SUM(H82:H85) -> 0 | Y28: =SUM(I82:I85) -> 0 | Z28: =SUM(J82:J85) -> 0 | ... AF28: =SUM(P82:P85) -> 2
B29: 11.45 - 12.00 | C29: 2 | D29: 0 | E29: 0 | F29: 1 | G29: 0 | H29: 0 | I29: 0 | J29: 0 | K29: 0 | L29: 0 | M29: 9 | N29: 0 | O29: =SUM(C29:L29,N29) -> 3 | P29: =SUM(C29:N29) -> 12 | R29: 0200-0300 | S29: =SUM(C86:C89) -> 1 | T29: =SUM(D86:D89) -> 0 | U29: =SUM(E86:E89) -> 0 | V29: =SUM(F86:F89) -> 1 | W29: =SUM(G86:G89) -> 0 | X29: =SUM(H86:H89) -> 0 | Y29: =SUM(I86:I89) -> 0 | Z29: =SUM(J86:J89) -> 0 | ... AF29: =SUM(P86:P89) -> 7
B30: 12.00 - 12.15 | C30: 4 | D30: 0 | E30: 0 | F30: 0 | G30: 0 | H30: 0 | I30: 0 | J30: 0 | K30: 2 | L30: 0 | M30: 18 | N30: 0 | O30: =SUM(C30:L30,N30) -> 6 | P30: =SUM(C30:N30) -> 24 | R30: 0300-0400 | S30: =SUM(C90:C93) -> 0 | T30: =SUM(D90:D93) -> 1 | U30: =SUM(E90:E93) -> 0 | V30: =SUM(F90:F93) -> 0 | W30: =SUM(G90:G93) -> 0 | X30: =SUM(H90:H93) -> 2 | Y30: =SUM(I90:I93) -> 0 | Z30: =SUM(J90:J93) -> 0 | ... AF30: =SUM(P90:P93) -> 5
B31: 12.15 - 12.30 | C31: 1 | D31: 0 | E31: 0 | F31: 6 | G31: 0 | H31: 0 | I31: 1 | J31: 1 | K31: 0 | L31: 0 | M31: 9 | N31: 0 | O31: =SUM(C31:L31,N31) -> 9 | P31: =SUM(C31:N31) -> 18 | R31: 0400-0500 | S31: =SUM(C94:C97) -> 1 | T31: =SUM(D94:D97) -> 0 | U31: =SUM(E94:E97) -> 0 | V31: =SUM(F94:F97) -> 0 | W31: =SUM(G94:G97) -> 0 | X31: =SUM(H94:H97) -> 0 | Y31: =SUM(I94:I97) -> 0 | Z31: =SUM(J94:J97) -> 2 | ... AF31: =SUM(P94:P97) -> 7
B32: 12.30 - 12.45 | C32: 4 | D32: 0 | E32: 0 | F32: 0 | G32: 0 | H32: 0 | I32: 0 | J32: 0 | K32: 0 | L32: 0 | M32: 10 | N32: 0 | O32: =SUM(C32:L32,N32) -> 4 | P32: =SUM(C32:N32) -> 14 | R32: 0500-0600 | S32: =SUM(C98:C101) -> 3 | T32: =SUM(D98:D101) -> 0 | U32: =SUM(E98:E101) -> 0 | V32: =SUM(F98:F101) -> 1 | W32: =SUM(G98:G101) -> 0 | X32: =SUM(H98:H101) -> 0 | Y32: =SUM(I98:I101) -> 1 | Z32: =SUM(J98:J101) -> 1 | ... AF32: =SUM(P98:P101) -> 13
B33: 12.45 - 13.00 | C33: 2 | D33: 2 | E33: 0 | F33: 1 | G33: 0 | H33: 0 | I33: 0 | J33: 0 | K33: 0 | L33: 0 | M33: 6 | N33: 0 | O33: =SUM(C33:L33,N33) -> 5 | P33: =SUM(C33:N33) -> 11 | R33: 0600-0700 | S33: =SUM(C102:C105) -> 5 | T33: =SUM(D102:D105) -> 0 | U33: =SUM(E102:E105) -> 0 | V33: =SUM(F102:F105) -> 26 | W33: =SUM(G102:G105) -> 0 | X33: =SUM(H102:H105) -> 0 | Y33: =SUM(I102:I105) -> 4 | Z33: =SUM(J102:J105) -> 0 | ... AF33: =SUM(P102:P105) -> 52
B34: 13.00 - 13.15 | C34: 2 | D34: 0 | E34: 0 | F34: 1 | G34: 0 | H34: 0 | I34: 1 | J34: 0 | K34: 0 | L34: 2 | M34: 9 | N34: 0 | O34: =SUM(C34:L34,N34) -> 6 | P34: =SUM(C34:N34) -> 15 | R34: AM Peak Hr | S34: =MAX(S10:S12) -> 17 | T34: =MAX(T10:T12) -> 2 | U34: =MAX(U10:U12) -> 2 | V34: =MAX(V10:V12) -> 3 | W34: =MAX(W10:W12) -> 0 | X34: =MAX(X10:X12) -> 1 | Y34: =MAX(Y10:Y12) -> 12 | Z34: =MAX(Z10:Z12) -> 2 | ... AF34: =MAX(AF10:AF12) -> 86
B35: 13.15 - 13.30 | C35: 1 | D35: 0 | E35: 0 | F35: 1 | G35: 0 | H35: 0 | I35: 2 | J35: 1 | K35: 1 | L35: 0 | M35: 8 | N35: 0 | O35: =SUM(C35:L35,N35) -> 6 | P35: =SUM(C35:N35) -> 14 | R35: IP Peak Hr | S35: =MAX(S13:S18) -> 17 | T35: =MAX(T13:T18) -> 2 | U35: =MAX(U13:U18) -> 1 | V35: =MAX(V13:V18) -> 13 | W35: =MAX(W13:W18) -> 0 | X35: =MAX(X13:X18) -> 0 | Y35: =MAX(Y13:Y18) -> 5 | Z35: =MAX(Z13:Z18) -> 6 | ... AF35: =MAX(AF13:AF18) -> 94
B36: 13.30 - 13.45 | C36: 1 | D36: 1 | E36: 0 | F36: 3 | G36: 0 | H36: 0 | I36: 0 | J36: 3 | K36: 0 | L36: 0 | M36: 14 | N36: 0 | O36: =SUM(C36:L36,N36) -> 8 | P36: =SUM(C36:N36) -> 22 | R36: PM Peak Hr | S36: =MAX(S19:S21) -> 14 | T36: =MAX(T19:T21) -> 6 | U36: =MAX(U19:U21) -> 1 | V36: =MAX(V19:V21) -> 10 | W36: =MAX(W19:W21) -> 0 | X36: =MAX(X19:X21) -> 0 | Y36: =MAX(Y19:Y21) -> 2 | Z36: =MAX(Z19:Z21) -> 2 | ... AF36: =MAX(AF19:AF21) -> 71
B37: 13.45 - 14.00 | C37: 4 | D37: 1 | E37: 0 | F37: 1 | G37: 0 | H37: 0 | I37: 0 | J37: 0 | K37: 0 | L37: 0 | M37: 9 | N37: 0 | O37: =SUM(C37:L37,N37) -> 6 | P37: =SUM(C37:N37) -> 15 | R37: AM Period | S37: =SUM(S10:S12) -> 29 | T37: =SUM(T10:T12) -> 3 | U37: =SUM(U10:U12) -> 2 | V37: =SUM(V10:V12) -> 6 | W37: =SUM(W10:W12) -> 0 | X37: =SUM(X10:X12) -> 1 | Y37: =SUM(Y10:Y12) -> 14 | Z37: =SUM(Z10:Z12) -> 4 | ... AF37: =SUM(AF10:AF12) -> 197
B38: 14.00 - 14.15 | C38: 3 | D38: 1 | E38: 0 | F38: 1 | G38: 0 | H38: 0 | I38: 0 | J38: 1 | K38: 0 | L38: 0 | M38: 16 | N38: 0 | O38: =SUM(C38:L38,N38) -> 6 | P38: =SUM(C38:N38) -> 22 | R38: IP Period | S38: =SUM(S13:S18) -> 61 | T38: =SUM(T13:T18) -> 9 | U38: =SUM(U13:U18) -> 1 | V38: =SUM(V13:V18) -> 44 | W38: =SUM(W13:W18) -> 0 | X38: =SUM(X13:X18) -> 0 | Y38: =SUM(Y13:Y18) -> 13 | Z38: =SUM(Z13:Z18) -> 16 | ... AF38: =SUM(AF13:AF18) -> 377
B39: 14.15 - 14.30 | C39: 2 | D39: 0 | E39: 0 | F39: 2 | G39: 0 | H39: 0 | I39: 1 | J39: 3 | K39: 0 | L39: 0 | M39: 12 | N39: 0 | O39: =SUM(C39:L39,N39) -> 8 | P39: =SUM(C39:N39) -> 20 | R39: PM Period | S39: =SUM(S19:S21) -> 24 | T39: =SUM(T19:T21) -> 9 | U39: =SUM(U19:U21) -> 2 | V39: =SUM(V19:V21) -> 23 | W39: =SUM(W19:W21) -> 0 | X39: =SUM(X19:X21) -> 0 | Y39: =SUM(Y19:Y21) -> 3 | Z39: =SUM(Z19:Z21) -> 4 | ... AF39: =SUM(AF19:AF21) -> 178
B40: 14.30 - 14.45 | C40: 7 | D40: 1 | E40: 0 | F40: 1 | G40: 0 | H40: 0 | I40: 1 | J40: 1 | K40: 0 | L40: 0 | M40: 24 | N40: 0 | O40: =SUM(C40:L40,N40) -> 11 | P40: =SUM(C40:N40) -> 35 | R40: 12 Hours | S40: =SUM(S10:S21) -> 114 | T40: =SUM(T10:T21) -> 21 | U40: =SUM(U10:U21) -> 5 | V40: =SUM(V10:V21) -> 73 | W40: =SUM(W10:W21) -> 0 | X40: =SUM(X10:X21) -> 1 | Y40: =SUM(Y10:Y21) -> 30 | Z40: =SUM(Z10:Z21) -> 24 | ... AF40: =SUM(AF10:AF21) -> 752
B41: 14.45 - 15.00 | C41: 5 | D41: 0 | E41: 0 | F41: 2 | G41: 0 | H41: 0 | I41: 0 | J41: 1 | K41: 0 | L41: 0 | M41: 9 | N41: 0 | O41: =SUM(C41:L41,N41) -> 8 | P41: =SUM(C41:N41) -> 17 | R41: 24 Hrs/ADT | S41: =SUM(S10:S33) -> 176 | T41: =SUM(T10:T33) -> 28 | U41: =SUM(U10:U33) -> 5 | V41: =SUM(V10:V33) -> 120 | W41: =SUM(W10:W33) -> 1 | X41: =SUM(X10:X33) -> 4 | Y41: =SUM(Y10:Y33) -> 42 | Z41: =SUM(Z10:Z33) -> 32 | ... AF41: =SUM(AF10:AF33) -> 1112
B42: 15.00 - 15.15 | C42: 5 | D42: 0 | E42: 0 | F42: 1 | G42: 0 | H42: 0 | I42: 2 | J42: 0 | K42: 0 | L42: 0 | M42: 8 | N42: 0 | O42: =SUM(C42:L42,N42) -> 8 | P42: =SUM(C42:N42) -> 16 | R42: NEF | S42: =S41/S40 -> 1.5438596 | T42: =T41/T40 -> 1.3333333 | U42: =U41/U40 -> 1 | V42: =V41/V40 -> 1.6438356 | W42: =W41/W40 -> #DIV/0! | X42: =X41/X40 -> 4 | Y42: =Y41/Y40 -> 1.4 | Z42: =Z41/Z40 -> 1.3333333 | ... AF42: =AF41/AF40 -> 1.4787234
B43: 15.15 - 15.30 | C43: 2 | D43: 0 | E43: 0 | F43: 7 | G43: 0 | H43: 0 | I43: 0 | J43: 0 | K43: 0 | L43: 0 | M43: 4 | N43: 0 | O43: =SUM(C43:L43,N43) -> 9 | P43: =SUM(C43:N43) -> 13
B44: 15.30 - 15.45 | C44: 3 | D44: 2 | E44: 0 | F44: 4 | G44: 0 | H44: 0 | I44: 1 | J44: 3 | K44: 0 | L44: 0 | M44: 12 | N44: 0 | O44: =SUM(C44:L44,N44) -> 13 | P44: =SUM(C44:N44) -> 25
B45: 15.45 - 16.00 | C45: 2 | D45: 0 | E45: 0 | F45: 1 | G45: 0 | H45: 0 | I45: 2 | J45: 1 | K45: 0 | L45: 0 | M45: 3 | N45: 0 | O45: =SUM(C45:L45,N45) -> 6 | P45: =SUM(C45:N45) -> 9
B46: 16.00 - 16.15 | C46: 7 | D46: 0 | E46: 0 | F46: 2 | G46: 0 | H46: 0 | I46: 0 | J46: 0 | K46: 0 | L46: 0 | M46: 3 | N46: 0 | O46: =SUM(C46:L46,N46) -> 9 | P46: =SUM(C46:N46) -> 12
B47: 16.15 -16.30 | C47: 4 | D47: 1 | E47: 0 | F47: 2 | G47: 0 | H47: 0 | I47: 0 | J47: 1 | K47: 0 | L47: 0 | M47: 1 | N47: 0 | O47: =SUM(C47:L47,N47) -> 8 | P47: =SUM(C47:N47) -> 9
B48: 16.30 -16.45 | C48: 2 | D48: 0 | E48: 0 | F48: 3 | G48: 0 | H48: 0 | I48: 0 | J48: 0 | K48: 0 | L48: 0 | M48: 6 | N48: 0 | O48: =SUM(C48:L48,N48) -> 5 | P48: =SUM(C48:N48) -> 11
B49: 16.45 -17.00 | C49: 1 | D49: 5 | E49: 1 | F49: 3 | G49: 0 | H49: 0 | I49: 1 | J49: 0 | K49: 0 | L49: 0 | M49: 11 | N49: 0 | O49: =SUM(C49:L49,N49) -> 11 | P49: =SUM(C49:N49) -> 22
B50: 17.00 -17.15 | C50: 0 | D50: 0 | E50: 0 | F50: 0 | G50: 0 | H50: 0 | I50: 0 | J50: 0 | K50: 0 | L50: 0 | M50: 0 | N50: 0 | O50: =SUM(C50:L50,N50) -> 0 | P50: =SUM(C50:N50) -> 0
B51: 17.15 -17.30 | C51: 3 | D51: 1 | E51: 0 | F51: 3 | G51: 0 | H51: 0 | I51: 0 | J51: 0 | K51: 0 | L51: 0 | M51: 11 | N51: 0 | O51: =SUM(C51:L51,N51) -> 7 | P51: =SUM(C51:N51) -> 18
B52: 17.30 -17.45 | C52: 0 | D52: 0 | E52: 0 | F52: 0 | G52: 0 | H52: 0 | I52: 1 | J52: 1 | K52: 0 | L52: 0 | M52: 10 | N52: 0 | O52: =SUM(C52:L52,N52) -> 2 | P52: =SUM(C52:N52) -> 12
B53: 17.45 -18.00 | C53: 3 | D53: 0 | E53: 1 | F53: 2 | G53: 0 | H53: 0 | I53: 1 | J53: 1 | K53: 0 | L53: 0 | M53: 15 | N53: 0 | O53: =SUM(C53:L53,N53) -> 8 | P53: =SUM(C53:N53) -> 23
B54: 18.00 - 18.15 | C54: 1 | D54: 0 | E54: 0 | F54: 2 | G54: 0 | H54: 0 | I54: 0 | J54: 0 | K54: 1 | L54: 1 | M54: 14 | N54: 0 | O54: =SUM(C54:L54,N54) -> 5 | P54: =SUM(C54:N54) -> 19
... B104: 06.30 - 06.45 | C104: 0 | D104: 0 | E104: 0 | F104: 0 | G104: 0 | H104: 0 | I104: 1 | J104: 0 | K104: 1 | L104: 0 | M104: 5 | N104: 0 | O104: =SUM(C104:L104,N104) -> 2 | P104: =SUM(C104:N104) -> 7
B105: 06.45 - 07.00 | C105: 3 | E105: 0 | F105: 26 | G105: 0 | H105: 0 | I105: 0 | J105: 0 | K105: 2 | L105: 0 | M105: 5 | N105: 0 | O105: =SUM(C105:L105,N105) -> 31 | P105: =SUM(C105:N105) -> 36
B106: Totals | C106: =SUM(C10:C105) -> 176 | D106: =SUM(D10:D105) -> 28 | E106: =SUM(E10:E105) -> 5 | F106: =SUM(F10:F105) -> 120 | G106: =SUM(G10:G105) -> 1 | H106: =SUM(H10:H105) -> 4 | I106: =SUM(I10:I105) -> 42 | J106: =SUM(J10:J105) -> 32 | ... P106: =SUM(P10:P105) -> 1112
B107: %ges + MCs | C107: =C106/$P$106 -> 0.15827338 | D107: =D106/$P$106 -> 0.025179856 | E107: =E106/$P$106 -> 0.0044964029 | F107: =F106/$P$106 -> 0.10791367 | G107: =G106/$P$106 -> 0.00089928058 | H107: =H106/$P$106 -> 0.0035971223 | I107: =I106/$P$106 -> 0.037769784 | J107: =J106/$P$106 -> 0.028776978 | ... N107: =N106/$P$106 -> 0
B108: %ges w/o MCs | C108: =C106/$O$106 -> 0.37849462 | D108: =D106/$O$106 -> 0.060215054 | E108: =E106/$O$106 -> 0.010752688 | F108: =F106/$O$106 -> 0.25806452 | G108: =G106/$O$106 -> 0.0021505376 | H108: =H106/$O$106 -> 0.0086021505 | I108: =I106/$O$106 -> 0.090322581 | J108: =J106/$O$106 -> 0.068817204 | ... L108: =L106/$O$106 -> 0.021505376 | N108: =N106/$O$106 -> 0

Sheet 26.10 MUTUKULA-MASAKA-24HR
B1: Consultancy services for Preparation of Expressway Development Master Plan (EDMP) for Uganda
B2: MANUAL CLASSIFIED COUNT (MCC)
B3: ROAD NAME: | C3: ='31.10 Masaka-Mutukula'!C3:G3 -> MCC - C4- STN99-MASAKA-MUTUKULA
C5: Date | D5: 26.10.19 | F5: Location | G5: ='26.10 MASAKA-MUTUKULA-24HR'!G5:H5 -> MUTUKULA | J5: Surveyor | K5: WILLIAM
C6: Dir. From | D6: ='31.10.MUTUKULA-MASAKA'!D6:E6 -> MUTUKULA | F6: Dir. To | G6: ='31.10.MUTUKULA-MASAKA'!G6:H6 -> MASAKA | J6: Supervisor | K6: ='26.10 MASAKA-MUTUKULA-24HR'!K6:L6 -> SANDRA
B8: Time / Veh Type | R8: SUMMARY TRAFFIC VOLUMES
C9: 1. Car | D9: 2. Station Wagon | E9: 3. Pickups | F9: 4. Minibus, matatu | G9: 5. Medium bus | H9: 6. Large Bus | I9: 7. Light Truck | J9: 8. Medium Truck | K9: 9. Heavy truck | L9: 10. Truck Trailer | M9: 11. Motor cycles | N9: 12. Tractors | O9: Total Excl M/Cycles | P9: Total All | R9: Time | S9: 1. Car | T9: 2. Station Wagon | U9: 3. Pickups | V9: 4. Minibus, matatu | W9: 5. Medium bus | X9: 6. Large Bus | Y9: 7. Light Truck | Z9: 8. Medium Truck | AA9: 9. Heavy truck | AB9: 10. Truck Trailer | AC9: 11. Motorcycles | AD9: 12. Tractors, Graders | AE9: Total Excl M/ Cycles | AF9: Total All
B10: 07.00 - 07.15 | C10: 2 | D10: 0 | E10: 0 | F10: 1 | G10: 1 | H10: 0 | I10: 2 | J10: 0 | K10: 0 | L10: 0 | M10: 9 | N10: 0 | O10: =SUM(C10:L10,N10) -> 6 | P10: =SUM(C10:N10) -> 15 | R10: 0700-0800 | S10: =SUM(C10:C13) -> 8 | T10: =SUM(D10:D13) -> 0 | U10: =SUM(E10:E13) -> 0 | V10: =SUM(F10:F13) -> 1 | W10: =SUM(G10:G13) -> 2 | X10: =SUM(H10:H13) -> 0 | Y10: =SUM(I10:I13) -> 2 | Z10: =SUM(J10:J13) -> 1 | ... AF10: =SUM(P10:P13) -> 42
B11: 07.15 - 07.30 | C11: 1 | D11: 0 | E11: 0 | F11: 0 | G11: 0 | H11: 0 | I11: 0 | J11: 0 | K11: 0 | L11: 0 | M11: 9 | N11: 0 | O11: =SUM(C11:L11,N11) -> 1 | P11: =SUM(C11:N11) -> 10 | R11: 0800-0900 | S11: =SUM(C14:C17) -> 10 | T11: =SUM(D14:D17) -> 1 | U11: =SUM(E14:E17) -> 0 | V11: =SUM(F14:F17) -> 3 | W11: =SUM(G14:G17) -> 0 | X11: =SUM(H14:H17) -> 0 | Y11: =SUM(I14:I17) -> 0 | Z11: =SUM(J14:J17) -> 0 | ... AF11: =SUM(P14:P17) -> 46
B12: 07.30 - 07.45 | C12: 5 | D12: 0 | E12: 0 | F12: 0 | G12: 0 | H12: 0 | I12: 0 | J12: 0 | K12: 0 | L12: 0 | M12: 1 | N12: 0 | O12: =SUM(C12:L12,N12) -> 5 | P12: =SUM(C12:N12) -> 6 | R12: 0900-1000 | S12: =SUM(C18:C21) -> 10 | T12: =SUM(D18:D21) -> 2 | U12: =SUM(E18:E21) -> 2 | V12: =SUM(F18:F21) -> 7 | W12: =SUM(G18:G21) -> 0 | X12: =SUM(H18:H21) -> 0 | Y12: =SUM(I18:I21) -> 3 | Z12: =SUM(J18:J21) -> 2 | ... AF12: =SUM(P18:P21) -> 68
B13: 07.45 - 08.00 | C13: 0 | D13: 0 | E13: 0 | F13: 0 | G13: 1 | H13: 0 | I13: 0 | J13: 1 | K13: 0 | L13: 0 | M13: 9 | N13: 0 | O13: =SUM(C13:L13,N13) -> 2 | P13: =SUM(C13:N13) -> 11 | R13: 1000-1100 | S13: =SUM(C22:C25) -> 8 | T13: =SUM(D22:D25) -> 3 | U13: =SUM(E22:E25) -> 2 | V13: =SUM(F22:F25) -> 1 | W13: =SUM(G22:G25) -> 0 | X13: =SUM(H22:H25) -> 0 | Y13: =SUM(I22:I25) -> 2 | Z13: =SUM(J22:J25) -> 2 | ... AF13: =SUM(P22:P25) -> 53
B14: 08.00 - 08.15 | C14: 1 | D14: 0 | E14: 0 | F14: 1 | G14: 0 | H14: 0 | I14: 0 | J14: 0 | K14: 0 | L14: 0 | M14: 15 | N14: 0 | O14: =SUM(C14:L14,N14) -> 2 | P14: =SUM(C14:N14) -> 17 | R14: 1100-1200 | S14: =SUM(C26:C29) -> 8 | T14: =SUM(D26:D29) -> 2 | U14: =SUM(E26:E29) -> 0 | V14: =SUM(F26:F29) -> 5 | W14: =SUM(G26:G29) -> 0 | X14: =SUM(H26:H29) -> 0 | Y14: =SUM(I26:I29) -> 7 | Z14: =SUM(J26:J29) -> 0 | ... AF14: =SUM(P26:P29) -> 70
B15: 08.15 - 08.30 | C15: 4 | D15: 1 | E15: 0 | F15: 1 | G15: 0 | H15: 0 | I15: 0 | J15: 0 | K15: 4 | L15: 0 | M15: 4 | N15: 0 | O15: =SUM(C15:L15,N15) -> 10 | P15: =SUM(C15:N15) -> 14 | R15: 1200-1300 | S15: =SUM(C30:C33) -> 14 | T15: =SUM(D30:D33) -> 5 | U15: =SUM(E30:E33) -> 0 | V15: =SUM(F30:F33) -> 5 | W15: =SUM(G30:G33) -> 0 | X15: =SUM(H30:H33) -> 0 | Y15: =SUM(I30:I33) -> 2 | Z15: =SUM(J30:J33) -> 2 | ... AF15: =SUM(P30:P33) -> 65
B16: 08.30 - 08.45 | C16: 2 | D16: 0 | E16: 0 | F16: 0 | G16: 0 | H16: 0 | I16: 0 | J16: 0 | K16: 0 | L16: 0 | M16: 4 | N16: 0 | O16: =SUM(C16:L16,N16) -> 2 | P16: =SUM(C16:N16) -> 6 | R16: 1300-1400 | S16: =SUM(C34:C37) -> 11 | T16: =SUM(D34:D37) -> 2 | U16: =SUM(E34:E37) -> 0 | V16: =SUM(F34:F37) -> 4 | W16: =SUM(G34:G37) -> 0 | X16: =SUM(H34:H37) -> 0 | Y16: =SUM(I34:I37) -> 1 | Z16: =SUM(J34:J37) -> 1 | ... AF16: =SUM(P34:P37) -> 58
B17: 08.45 - 9.00 | C17: 3 | D17: 0 | E17: 0 | F17: 1 | G17: 0 | H17: 0 | I17: 0 | J17: 0 | K17: 0 | L17: 0 | M17: 5 | N17: 0 | O17: =SUM(C17:L17,N17) -> 4 | P17: =SUM(C17:N17) -> 9 | R17: 1400-1500 | S17: =SUM(C38:C41) -> 10 | T17: =SUM(D38:D41) -> 3 | U17: =SUM(E38:E41) -> 3 | V17: =SUM(F38:F41) -> 4 | W17: =SUM(G38:G41) -> 0 | X17: =SUM(H38:H41) -> 0 | Y17: =SUM(I38:I41) -> 5 | Z17: =SUM(J38:J41) -> 3 | ... AF17: =SUM(P38:P41) -> 76
B18: 09.00 - 09.15 | C18: 2 | D18: 2 | E18: 1 | F18: 2 | G18: 0 | H18: 0 | I18: 0 | J18: 0 | K18: 0 | L18: 0 | M18: 10 | N18: 0 | O18: =SUM(C18:L18,N18) -> 7 | P18: =SUM(C18:N18) -> 17 | R18: 1500-1600 | S18: =SUM(C42:C45) -> 14 | T18: =SUM(D42:D45) -> 2 | U18: =SUM(E42:E45) -> 2 | V18: =SUM(F42:F45) -> 8 | W18: =SUM(G42:G45) -> 0 | X18: =SUM(H42:H45) -> 0 | Y18: =SUM(I42:I45) -> 6 | Z18: =SUM(J42:J45) -> 3 | ... AF18: =SUM(P42:P45) -> 73
B19: 09.15 - 09.30 | C19: 1 | D19: 0 | E19: 0 | F19: 1 | G19: 0 | H19: 0 | I19: 0 | J19: 1 | K19: 0 | L19: 0 | M19: 8 | N19: 0 | O19: =SUM(C19:L19,N19) -> 3 | P19: =SUM(C19:N19) -> 11 | R19: 1600-1700 | S19: =SUM(C46:C49) -> 12 | T19: =SUM(D46:D49) -> 4 | U19: =SUM(E46:E49) -> 1 | V19: =SUM(F46:F49) -> 9 | W19: =SUM(G46:G49) -> 0 | X19: =SUM(H46:H49) -> 1 | Y19: =SUM(I46:I49) -> 4 | Z19: =SUM(J46:J49) -> 6 | ... AF19: =SUM(P46:P49) -> 60
B20: 09.30 - 09.45 | C20: 5 | D20: 0 | E20: 1 | F20: 3 | G20: 0 | H20: 0 | I20: 3 | J20: 1 | K20: 0 | L20: 1 | M20: 19 | N20: 0 | O20: =SUM(C20:L20,N20) -> 14 | P20: =SUM(C20:N20) -> 33 | R20: 1700-1800 | S20: =SUM(C50:C53) -> 15 | T20: =SUM(D50:D53) -> 4 | U20: =SUM(E50:E53) -> 0 | V20: =SUM(F50:F53) -> 6 | W20: =SUM(G50:G53) -> 0 | X20: =SUM(H50:H53) -> 0 | Y20: =SUM(I50:I53) -> 4 | Z20: =SUM(J50:J53) -> 0 | ... AF20: =SUM(P50:P53) -> 84
B21: 09.45 - 10.00 | C21: 2 | D21: 0 | E21: 0 | F21: 1 | G21: 0 | H21: 0 | I21: 0 | J21: 0 | K21: 0 | L21: 0 | M21: 4 | N21: 0 | O21: =SUM(C21:L21,N21) -> 3 | P21: =SUM(C21:N21) -> 7 | R21: 1800-1900 | S21: =SUM(C54:C57) -> 14 | T21: =SUM(D54:D57) -> 4 | U21: =SUM(E54:E57) -> 0 | V21: =SUM(F54:F57) -> 12 | W21: =SUM(G54:G57) -> 0 | X21: =SUM(H54:H57) -> 0 | Y21: =SUM(I54:I57) -> 0 | Z21: =SUM(J54:J57) -> 6 | ... AF21: =SUM(P54:P57) -> 107
B22: 10.00 - 10.15 | C22: 2 | D22: 1 | E22: 0 | F22: 0 | G22: 0 | H22: 0 | I22: 0 | J22: 0 | K22: 0 | L22: 0 | M22: 4 | N22: 0 | O22: =SUM(C22:L22,N22) -> 3 | P22: =SUM(C22:N22) -> 7 | R22: 1900-2000 | S22: =SUM(C58:C61) -> 9 | T22: =SUM(D58:D61) -> 6 | U22: =SUM(E58:E61) -> 0 | V22: =SUM(F58:F61) -> 5 | W22: =SUM(G58:G61) -> 0 | X22: =SUM(H58:H61) -> 0 | Y22: =SUM(I58:I61) -> 3 | Z22: =SUM(J58:J61) -> 2 | ... AF22: =SUM(P58:P61) -> 124
B23: 10.15 - 10.30 | C23: 1 | D23: 1 | E23: 0 | F23: 0 | G23: 0 | H23: 0 | I23: 1 | J23: 0 | K23: 0 | L23: 0 | M23: 5 | N23: 0 | O23: =SUM(C23:L23,N23) -> 3 | P23: =SUM(C23:N23) -> 8 | R23: 2000-2100 | S23: =SUM(C62:C65) -> 16 | T23: =SUM(D62:D65) -> 3 | U23: =SUM(E62:E65) -> 1 | V23: =SUM(F62:F65) -> 3 | W23: =SUM(G62:G65) -> 0 | X23: =SUM(H62:H65) -> 0 | Y23: =SUM(I62:I65) -> 4 | Z23: =SUM(J62:J65) -> 7 | ... AF23: =SUM(P62:P65) -> 77
B24: 10.30 - 10.45 | C24: 3 | D24: 0 | E24: 0 | F24: 1 | G24: 0 | H24: 0 | I24: 0 | J24: 2 | K24: 0 | L24: 1 | M24: 6 | N24: 0 | O24: =SUM(C24:L24,N24) -> 7 | P24: =SUM(C24:N24) -> 13 | R24: 2100-2200 | S24: =SUM(C66:C69) -> 12 | T24: =SUM(D66:D69) -> 4 | U24: =SUM(E66:E69) -> 0 | V24: =SUM(F66:F69) -> 1 | W24: =SUM(G66:G69) -> 0 | X24: =SUM(H66:H69) -> 1 | Y24: =SUM(I66:I69) -> 2 | Z24: =SUM(J66:J69) -> 3 | ... AF24: =SUM(P66:P69) -> 62
B25: 10.45 - 11.00 | C25: 2 | D25: 1 | E25: 2 | F25: 0 | G25: 0 | H25: 0 | I25: 1 | J25: 0 | K25: 10 | L25: 0 | M25: 9 | N25: 0 | O25: =SUM(C25:L25,N25) -> 16 | P25: =SUM(C25:N25) -> 25 | R25: 2200-2300 | S25: =SUM(C70:C73) -> 3 | T25: =SUM(D70:D73) -> 2 | U25: =SUM(E70:E73) -> 0 | V25: =SUM(F70:F73) -> 0 | W25: =SUM(G70:G73) -> 0 | X25: =SUM(H70:H73) -> 0 | Y25: =SUM(I70:I73) -> 2 | Z25: =SUM(J70:J73) -> 0 | ... AF25: =SUM(P70:P73) -> 30
B26: 11.00 - 11.15 | C26: 1 | D26: 0 | E26: 0 | F26: 1 | G26: 0 | H26: 0 | I26: 3 | J26: 0 | K26: 0 | L26: 0 | M26: 12 | N26: 0 | O26: =SUM(C26:L26,N26) -> 5 | P26: =SUM(C26:N26) -> 17 | R26: 2300-0000 | S26: =SUM(C74:C77) -> 3 | T26: =SUM(D74:D77) -> 0 | U26: =SUM(E74:E77) -> 0 | V26: =SUM(F74:F77) -> 1 | W26: =SUM(G74:G77) -> 0 | X26: =SUM(H74:H77) -> 0 | Y26: =SUM(I74:I77) -> 1 | Z26: =SUM(J74:J77) -> 0 | ... AF26: =SUM(P74:P77) -> 12
B27: 11.15 - 11.30 | C27: 2 | D27: 0 | E27: 0 | F27: 1 | G27: 0 | H27: 0 | I27: 2 | J27: 0 | K27: 0 | L27: 0 | M27: 11 | N27: 0 | O27: =SUM(C27:L27,N27) -> 5 | P27: =SUM(C27:N27) -> 16 | R27: 0000-0100 | S27: =SUM(C78:C81) -> 0 | T27: =SUM(D78:D81) -> 0 | U27: =SUM(E78:E81) -> 0 | V27: =SUM(F78:F81) -> 2 | W27: =SUM(G78:G81) -> 0 | X27: =SUM(H78:H81) -> 0 | Y27: =SUM(I78:I81) -> 0 | Z27: =SUM(J78:J81) -> 0 | ... AF27: =SUM(P78:P81) -> 3
B28: 11.30 - 11.45 | C28: 2 | D28: 2 | E28: 0 | F28: 3 | G28: 0 | H28: 0 | I28: 1 | J28: 0 | K28: 0 | L28: 0 | M28: 12 | N28: 0 | O28: =SUM(C28:L28,N28) -> 8 | P28: =SUM(C28:N28) -> 20 | R28: 0100-0200 | S28: =SUM(C82:C85) -> 0 | T28: =SUM(D82:D85) -> 0 | U28: =SUM(E82:E85) -> 0 | V28: =SUM(F82:F85) -> 0 | W28: =SUM(G82:G85) -> 0 | X28: =SUM(H82:H85) -> 0 | Y28: =SUM(I82:I85) -> 0 | Z28: =SUM(J82:J85) -> 0 | ... AF28: =SUM(P82:P85) -> 3
B29: 11.45 - 12.00 | C29: 3 | D29: 0 | E29: 0 | F29: 0 | G29: 0 | H29: 0 | I29: 1 | J29: 0 | K29: 0 | L29: 0 | M29: 13 | N29: 0 | O29: =SUM(C29:L29,N29) -> 4 | P29: =SUM(C29:N29) -> 17 | R29: 0200-0300 | S29: =SUM(C86:C89) -> 0 | T29: =SUM(D86:D89) -> 0 | U29: =SUM(E86:E89) -> 0 | V29: =SUM(F86:F89) -> 0 | W29: =SUM(G86:G89) -> 0 | X29: =SUM(H86:H89) -> 0 | Y29: =SUM(I86:I89) -> 0 | Z29: =SUM(J86:J89) -> 0 | ... AF29: =SUM(P86:P89) -> 0
B30: 12.00 - 12.15 | C30: 1 | D30: 1 | E30: 0 | F30: 2 | G30: 0 | H30: 0 | I30: 2 | J30: 1 | K30: 1 | L30: 1 | M30: 5 | N30: 0 | O30: =SUM(C30:L30,N30) -> 9 | P30: =SUM(C30:N30) -> 14 | R30: 0300-0400 | S30: =SUM(C90:C93) -> 0 | T30: =SUM(D90:D93) -> 0 | U30: =SUM(E90:E93) -> 0 | V30: =SUM(F90:F93) -> 0 | W30: =SUM(G90:G93) -> 0 | X30: =SUM(H90:H93) -> 0 | Y30: =SUM(I90:I93) -> 0 | Z30: =SUM(J90:J93) -> 0 | ... AF30: =SUM(P90:P93) -> 0
B31: 12.15 - 12.30 | C31: 4 | D31: 2 | E31: 0 | F31: 1 | G31: 0 | H31: 0 | I31: 0 | J31: 0 | K31: 1 | L31: 0 | M31: 9 | N31: 0 | O31: =SUM(C31:L31,N31) -> 8 | P31: =SUM(C31:N31) -> 17 | R31: 0400-0500 | S31: =SUM(C94:C97) -> 0 | T31: =SUM(D94:D97) -> 0 | U31: =SUM(E94:E97) -> 0 | V31: =SUM(F94:F97) -> 0 | W31: =SUM(G94:G97) -> 0 | X31: =SUM(H94:H97) -> 0 | Y31: =SUM(I94:I97) -> 0 | Z31: =SUM(J94:J97) -> 0 | ... AF31: =SUM(P94:P97) -> 1
B32: 12.30 - 12.45 | C32: 4 | D32: 0 | E32: 0 | F32: 2 | G32: 0 | H32: 0 | I32: 0 | J32: 1 | K32: 1 | L32: 0 | M32: 9 | N32: 0 | O32: =SUM(C32:L32,N32) -> 8 | P32: =SUM(C32:N32) -> 17 | R32: 0500-0600 | S32: =SUM(C98:C101) -> 1 | T32: =SUM(D98:D101) -> 0 | U32: =SUM(E98:E101) -> 0 | V32: =SUM(F98:F101) -> 2 | W32: =SUM(G98:G101) -> 0 | X32: =SUM(H98:H101) -> 0 | Y32: =SUM(I98:I101) -> 0 | Z32: =SUM(J98:J101) -> 0 | ... AF32: =SUM(P98:P101) -> 5
B33: 12.45 - 13.00 | C33: 5 | D33: 2 | E33: 0 | F33: 0 | G33: 0 | H33: 0 | I33: 0 | J33: 0 | K33: 2 | L33: 0 | M33: 8 | N33: 0 | O33: =SUM(C33:L33,N33) -> 9 | P33: =SUM(C33:N33) -> 17 | R33: 0600-0700 | S33: =SUM(C102:C105) -> 0 | T33: =SUM(D102:D105) -> 0 | U33: =SUM(E102:E105) -> 0 | V33: =SUM(F102:F105) -> 5 | W33: =SUM(G102:G105) -> 0 | X33: =SUM(H102:H105) -> 0 | Y33: =SUM(I102:I105) -> 1 | Z33: =SUM(J102:J105) -> 0 | ... AF33: =SUM(P102:P105) -> 11
B34: 13.00 - 13.15 | C34: 3 | D34: 1 | E34: 0 | F34: 1 | G34: 0 | H34: 0 | I34: 0 | J34: 0 | K34: 2 | L34: 0 | M34: 8 | N34: 0 | O34: =SUM(C34:L34,N34) -> 7 | P34: =SUM(C34:N34) -> 15 | R34: AM Peak Hr | S34: =MAX(S10:S12) -> 10 | T34: =MAX(T10:T12) -> 2 | U34: =MAX(U10:U12) -> 2 | V34: =MAX(V10:V12) -> 7 | W34: =MAX(W10:W12) -> 2 | X34: =MAX(X10:X12) -> 0 | Y34: =MAX(Y10:Y12) -> 3 | Z34: =MAX(Z10:Z12) -> 2 | ... AF34: =MAX(AF10:AF12) -> 68
B35: 13.15 - 13.30 | C35: 3 | D35: 1 | E35: 0 | F35: 1 | G35: 0 | H35: 0 | I35: 1 | J35: 0 | K35: 0 | L35: 0 | M35: 6 | N35: 0 | O35: =SUM(C35:L35,N35) -> 6 | P35: =SUM(C35:N35) -> 12 | R35: IP Peak Hr | S35: =MAX(S13:S18) -> 14 | T35: =MAX(T13:T18) -> 5 | U35: =MAX(U13:U18) -> 3 | V35: =MAX(V13:V18) -> 8 | W35: =MAX(W13:W18) -> 0 | X35: =MAX(X13:X18) -> 0 | Y35: =MAX(Y13:Y18) -> 7 | Z35: =MAX(Z13:Z18) -> 3 | ... AF35: =MAX(AF13:AF18) -> 76
B36: 13.30 - 13.45 | C36: 2 | D36: 0 | E36: 0 | F36: 2 | G36: 0 | H36: 0 | I36: 0 | J36: 0 | K36: 0 | L36: 0 | M36: 14 | N36: 0 | O36: =SUM(C36:L36,N36) -> 4 | P36: =SUM(C36:N36) -> 18 | R36: PM Peak Hr | S36: =MAX(S19:S21) -> 15 | T36: =MAX(T19:T21) -> 4 | U36: =MAX(U19:U21) -> 1 | V36: =MAX(V19:V21) -> 12 | W36: =MAX(W19:W21) -> 0 | X36: =MAX(X19:X21) -> 1 | Y36: =MAX(Y19:Y21) -> 4 | Z36: =MAX(Z19:Z21) -> 6 | ... AF36: =MAX(AF19:AF21) -> 107
B37: 13.45 - 14.00 | C37: 3 | D37: 0 | E37: 0 | F37: 0 | G37: 0 | H37: 0 | I37: 0 | J37: 1 | K37: 4 | L37: 0 | M37: 5 | N37: 0 | O37: =SUM(C37:L37,N37) -> 8 | P37: =SUM(C37:N37) -> 13 | R37: AM Period | S37: =SUM(S10:S12) -> 28 | T37: =SUM(T10:T12) -> 3 | U37: =SUM(U10:U12) -> 2 | V37: =SUM(V10:V12) -> 11 | W37: =SUM(W10:W12) -> 2 | X37: =SUM(X10:X12) -> 0 | Y37: =SUM(Y10:Y12) -> 5 | Z37: =SUM(Z10:Z12) -> 3 | ... AF37: =SUM(AF10:AF12) -> 156
B38: 14.00 - 14.15 | C38: 4 | D38: 0 | E38: 3 | F38: 0 | G38: 0 | H38: 0 | I38: 2 | J38: 1 | K38: 0 | L38: 0 | M38: 10 | N38: 0 | O38: =SUM(C38:L38,N38) -> 10 | P38: =SUM(C38:N38) -> 20 | R38: IP Period | S38: =SUM(S13:S18) -> 65 | T38: =SUM(T13:T18) -> 17 | U38: =SUM(U13:U18) -> 7 | V38: =SUM(V13:V18) -> 27 | W38: =SUM(W13:W18) -> 0 | X38: =SUM(X13:X18) -> 0 | Y38: =SUM(Y13:Y18) -> 23 | Z38: =SUM(Z13:Z18) -> 11 | ... AF38: =SUM(AF13:AF18) -> 395
B39: 14.15 - 14.30 | C39: 2 | D39: 3 | E39: 0 | F39: 1 | G39: 0 | H39: 0 | I39: 1 | J39: 0 | K39: 0 | L39: 2 | M39: 10 | N39: 0 | O39: =SUM(C39:L39,N39) -> 9 | P39: =SUM(C39:N39) -> 19 | R39: PM Period | S39: =SUM(S19:S21) -> 41 | T39: =SUM(T19:T21) -> 12 | U39: =SUM(U19:U21) -> 1 | V39: =SUM(V19:V21) -> 27 | W39: =SUM(W19:W21) -> 0 | X39: =SUM(X19:X21) -> 1 | Y39: =SUM(Y19:Y21) -> 8 | Z39: =SUM(Z19:Z21) -> 12 | ... AF39: =SUM(AF19:AF21) -> 251
B40: 14.30 - 14.45 | C40: 3 | D40: 0 | E40: 0 | F40: 1 | G40: 0 | H40: 0 | I40: 0 | J40: 1 | K40: 2 | L40: 0 | M40: 7 | N40: 0 | O40: =SUM(C40:L40,N40) -> 7 | P40: =SUM(C40:N40) -> 14 | R40: 12 Hours | S40: =SUM(S10:S21) -> 134 | T40: =SUM(T10:T21) -> 32 | U40: =SUM(U10:U21) -> 10 | V40: =SUM(V10:V21) -> 65 | W40: =SUM(W10:W21) -> 2 | X40: =SUM(X10:X21) -> 1 | Y40: =SUM(Y10:Y21) -> 36 | Z40: =SUM(Z10:Z21) -> 26 | ... AF40: =SUM(AF10:AF21) -> 802
B41: 14.45 - 15.00 | C41: 1 | D41: 0 | E41: 0 | F41: 2 | G41: 0 | H41: 0 | I41: 2 | J41: 1 | K41: 1 | L41: 0 | M41: 16 | N41: 0 | O41: =SUM(C41:L41,N41) -> 7 | P41: =SUM(C41:N41) -> 23 | R41: 24 Hrs/ADT | S41: =SUM(S10:S33) -> 178 | T41: =SUM(T10:T33) -> 47 | U41: =SUM(U10:U33) -> 11 | V41: =SUM(V10:V33) -> 84 | W41: =SUM(W10:W33) -> 2 | X41: =SUM(X10:X33) -> 2 | Y41: =SUM(Y10:Y33) -> 49 | Z41: =SUM(Z10:Z33) -> 38 | ... AF41: =SUM(AF10:AF33) -> 1130
B42: 15.00 - 15.15 | C42: 2 | D42: 1 | E42: 0 | F42: 3 | G42: 0 | H42: 0 | I42: 1 | J42: 0 | K42: 2 | L42: 0 | M42: 8 | N42: 0 | O42: =SUM(C42:L42,N42) -> 9 | P42: =SUM(C42:N42) -> 17 | R42: NEF | S42: =S41/S40 -> 1.3283582 | T42: =T41/T40 -> 1.46875 | U42: =U41/U40 -> 1.1 | V42: =V41/V40 -> 1.2923077 | W42: =W41/W40 -> 1 | X42: =X41/X40 -> 2 | Y42: =Y41/Y40 -> 1.3611111 | Z42: =Z41/Z40 -> 1.4615385 | ... AF42: =AF41/AF40 -> 1.4089776
B43: 15.15 - 15.30 | C43: 4 | D43: 0 | E43: 0 | F43: 1 | G43: 0 | H43: 0 | I43: 3 | J43: 0 | K43: 1 | L43: 0 | M43: 7 | N43: 0 | O43: =SUM(C43:L43,N43) -> 9 | P43: =SUM(C43:N43) -> 16
B44: 15.30 - 15.45 | C44: 4 | D44: 0 | E44: 2 | F44: 0 | G44: 0 | H44: 0 | I44: 1 | J44: 3 | K44: 1 | L44: 0 | M44: 10 | N44: 0 | O44: =SUM(C44:L44,N44) -> 11 | P44: =SUM(C44:N44) -> 21
B45: 15.45 - 16.00 | C45: 4 | D45: 1 | E45: 0 | F45: 4 | G45: 0 | H45: 0 | I45: 1 | J45: 0 | K45: 1 | L45: 0 | M45: 8 | N45: 0 | O45: =SUM(C45:L45,N45) -> 11 | P45: =SUM(C45:N45) -> 19
B46: 16.00 - 16.15 | C46: 3 | D46: 0 | E46: 0 | F46: 2 | G46: 0 | H46: 0 | I46: 1 | J46: 4 | K46: 2 | L46: 0 | M46: 3 | N46: 0 | O46: =SUM(C46:L46,N46) -> 12 | P46: =SUM(C46:N46) -> 15
B47: 16.15 -16.30 | C47: 4 | D47: 1 | E47: 0 | F47: 2 | G47: 0 | H47: 0 | I47: 0 | J47: 0 | K47: 0 | L47: 0 | M47: 2 | N47: 0 | O47: =SUM(C47:L47,N47) -> 7 | P47: =SUM(C47:N47) -> 9
B48: 16.30 -16.45 | C48: 4 | D48: 1 | E48: 1 | F48: 0 | G48: 0 | H48: 0 | I48: 3 | J48: 2 | K48: 6 | L48: 0 | M48: 3 | N48: 0 | O48: =SUM(C48:L48,N48) -> 17 | P48: =SUM(C48:N48) -> 20
B49: 16.45 -17.00 | C49: 1 | D49: 2 | E49: 0 | F49: 5 | G49: 0 | H49: 1 | I49: 0 | J49: 0 | K49: 0 | L49: 0 | M49: 7 | N49: 0 | O49: =SUM(C49:L49,N49) -> 9 | P49: =SUM(C49:N49) -> 16
B50: 17.00 -17.15 | C50: 3 | D50: 0 | E50: 0 | F50: 0 | G50: 0 | H50: 0 | I50: 0 | J50: 0 | K50: 0 | L50: 1 | M50: 6 | N50: 0 | O50: =SUM(C50:L50,N50) -> 4 | P50: =SUM(C50:N50) -> 10
B51: 17.15 -17.30 | C51: 5 | D51: 0 | E51: 0 | F51: 3 | G51: 0 | H51: 0 | I51: 2 | J51: 0 | K51: 0 | L51: 1 | M51: 12 | N51: 0 | O51: =SUM(C51:L51,N51) -> 11 | P51: =SUM(C51:N51) -> 23
B52: 17.30 -17.45 | C52: 6 | D52: 2 | E52: 0 | F52: 2 | G52: 0 | H52: 0 | I52: 1 | J52: 0 | K52: 2 | L52: 0 | M52: 22 | N52: 0 | O52: =SUM(C52:L52,N52) -> 13 | P52: =SUM(C52:N52) -> 35
B53: 17.45 -18.00 | C53: 1 | D53: 2 | E53: 0 | F53: 1 | G53: 0 | H53: 0 | I53: 1 | J53: 0 | K53: 1 | L53: 0 | M53: 10 | N53: 0 | O53: =SUM(C53:L53,N53) -> 6 | P53: =SUM(C53:N53) -> 16
B54: 18.00 - 18.15 | C54: 2 | D54: 0 | E54: 0 | F54: 3 | G54: 0 | H54: 0 | I54: 0 | J54: 1 | K54: 0 | L54: 0 | M54: 15 | N54: 0 | O54: =SUM(C54:L54,N54) -> 6 | P54: =SUM(C54:N54) -> 21
... B82: 01.00 - 01.15 | C82: 0 | D82: 0 | E82: 0 | F82: 0 | G82: 0 | H82: 0 | I82: 0 | J82: 0 | K82: 0 | L82: 0 | M82: 1 | N82: 0 | O82: =SUM(C82:L82,N82) -> 0 | P82: =SUM(C82:N82) -> 1
B83: 01.15 - 01.30 | C83: 0 | D83: 0 | E83: 0 | G83: 0 | H83: 0 | I83: 0 | J83: 0 | K83: 0 | L83: 0 | M83: 1 | N83: 0 | O83: =SUM(C83:L83,N83) -> 0 | P83: =SUM(C83:N83) -> 1
B84: 01.30 - 01.45 | C84: 0 | D84: 0 | E84: 0 | F84: 0 | G84: 0 | H84: 0 | I84: 0 | J84: 0 | K84: 0 | L84: 0 | M84: 1 | N84: 0 | O84: =SUM(C84:L84,N84) -> 0 | P84: =SUM(C84:N84) -> 1
B85: 01.45 - 02.00 | C85: 0 | D85: 0 | E85: 0 | F85: 0 | G85: 0 | H85: 0 | I85: 0 | J85: 0 | K85: 0 | L85: 0 | M85: 0 | N85: 0 | O85: =SUM(C85:L85,N85) -> 0 | P85: =SUM(C85:N85) -> 0
B86: 02.00 - 02.15 | C86: 0 | D86: 0 | E86: 0 | F86: 0 | G86: 0 | H86: 0 | I86: 0 | J86: 0 | K86: 0 | L86: 0 | M86: 0 | N86: 0 | O86: =SUM(C86:L86,N86) -> 0 | P86: =SUM(C86:N86) -> 0
B87: 02.15 - 02.30 | C87: 0 | D87: 0 | E87: 0 | F87: 0 | G87: 0 | H87: 0 | I87: 0 | J87: 0 | K87: 0 | L87: 0 | M87: 0 | N87: 0 | O87: =SUM(C87:L87,N87) -> 0 | P87: =SUM(C87:N87) -> 0
B88: 02.30 - 02.45 | C88: 0 | D88: 0 | E88: 0 | F88: 0 | G88: 0 | H88: 0 | I88: 0 | J88: 0 | K88: 0 | L88: 0 | M88: 0 | N88: 0 | O88: =SUM(C88:L88,N88) -> 0 | P88: =SUM(C88:N88) -> 0
B89: 02.45 - 03.00 | C89: 0 | D89: 0 | E89: 0 | F89: 0 | G89: 0 | H89: 0 | I89: 0 | J89: 0 | K89: 0 | L89: 0 | M89: 0 | N89: 0 | O89: =SUM(C89:L89,N89) -> 0 | P89: =SUM(C89:N89) -> 0
B90: 03.00 - 03.15 | C90: 0 | D90: 0 | E90: 0 | F90: 0 | G90: 0 | H90: 0 | I90: 0 | J90: 0 | K90: 0 | L90: 0 | M90: 0 | N90: 0 | O90: =SUM(C90:L90,N90) -> 0 | P90: =SUM(C90:N90) -> 0
B91: 03.15 - 03.30 | C91: 0 | D91: 0 | E91: 0 | F91: 0 | G91: 0 | H91: 0 | I91: 0 | J91: 0 | K91: 0 | L91: 0 | M91: 0 | N91: 0 | O91: =SUM(C91:L91,N91) -> 0 | P91: =SUM(C91:N91) -> 0
B92: 03.30 - 03.45 | C92: 0 | D92: 0 | E92: 0 | F92: 0 | G92: 0 | H92: 0 | I92: 0 | J92: 0 | K92: 0 | L92: 0 | M92: 0 | N92: 0 | O92: =SUM(C92:L92,N92) -> 0 | P92: =SUM(C92:N92) -> 0
B93: 03.45 - 04.00 | C93: 0 | D93: 0 | E93: 0 | F93: 0 | G93: 0 | H93: 0 | I93: 0 | J93: 0 | K93: 0 | L93: 0 | M93: 0 | N93: 0 | O93: =SUM(C93:L93,N93) -> 0 | P93: =SUM(C93:N93) -> 0
B94: 04.00 - 04.15 | C94: 0 | D94: 0 | E94: 0 | F94: 0 | G94: 0 | H94: 0 | I94: 0 | J94: 0 | K94: 0 | L94: 0 | M94: 0 | N94: 0 | O94: =SUM(C94:L94,N94) -> 0 | P94: =SUM(C94:N94) -> 0
B95: 04.15 - 04.30 | C95: 0 | D95: 0 | E95: 0 | F95: 0 | G95: 0 | H95: 0 | I95: 0 | J95: 0 | K95: 0 | L95: 0 | M95: 0 | N95: 0 | O95: =SUM(C95:L95,N95) -> 0 | P95: =SUM(C95:N95) -> 0
... B105: 06.45 - 07.00 | C105: 0 | D105: 0 | E105: 0 | F105: 3 | G105: 0 | H105: 0 | I105: 0 | J105: 0 | K105: 0 | L105: 0 | M105: 1 | N105: 0 | O105: =SUM(C105:L105,N105) -> 3 | P105: =SUM(C105:N105) -> 4
B106: Totals | C106: =SUM(C10:C105) -> 178 | D106: =SUM(D10:D105) -> 47 | E106: =SUM(E10:E105) -> 11 | F106: =SUM(F10:F105) -> 84 | G106: =SUM(G10:G105) -> 2 | H106: =SUM(H10:H105) -> 2 | I106: =SUM(I10:I105) -> 49 | J106: =SUM(J10:J105) -> 38 | ... P106: =SUM(P10:P105) -> 1130
B107: %ges + MCs | C107: =C106/$P$106 -> 0.15752212 | D107: =D106/$P$106 -> 0.04159292 | E107: =E106/$P$106 -> 0.0097345133 | F107: =F106/$P$106 -> 0.074336283 | G107: =G106/$P$106 -> 0.0017699115 | H107: =H106/$P$106 -> 0.0017699115 | I107: =I106/$P$106 -> 0.043362832 | J107: =J106/$P$106 -> 0.033628319 | ... N107: =N106/$P$106 -> 0
B108: %ges w/o MCs | C108: =C106/$O$106 -> 0.37552743 | D108: =D106/$O$106 -> 0.099156118 | E108: =E106/$O$106 -> 0.023206751 | F108: =F106/$O$106 -> 0.17721519 | G108: =G106/$O$106 -> 0.0042194093 | H108: =H106/$O$106 -> 0.0042194093 | I108: =I106/$O$106 -> 0.10337553 | J108: =J106/$O$106 -> 0.080168776 | ... L108: =L106/$O$106 -> 0.016877637 | N108: =N106/$O$106 -> 0

Sheet 27.10 Masaka-Mutukula
B1: Consultancy services for Preparation of Expressway Development Master Plan (EDMP) for Uganda
B2: MANUAL CLASSIFIED COUNT (MCC)
B3: ROAD NAME: | C3: ='31.10.MUTUKULA-MASAKA'!C3:G3 -> MCC-C4-STN99-MASAKA-MUTUKULA
C5: Date | D5: 27.10.19 | F5: Location | G5: ='25.10 MASAKA-MUTUKULA'!G5:H5 -> MUTUKULA | J5: Surveyor | K5: Walter
C6: Dir. From | D6: MASAKA | F6: Dir. To | G6: MUTUKULA | J6: Supervisor | K6: ='25.10 MASAKA-MUTUKULA'!K6:L6 -> SANDRA
B8: Time / Veh Type | R8: SUMMARY TRAFFIC VOLUMES
C9: 1. Car | D9: 2. Station Wagon | E9: 3. Pickups | F9: 4. Minibus, matatu | G9: 5. Medium bus | H9: 6. Large Bus | I9: 7. Light Truck | J9: 8. Medium Truck | K9: 9. Heavy truck | L9: 10. Truck Trailer | M9: 11. Motor cycles | N9: 12. Tractors | O9: Total Excl M/Cycles | P9: Total All | R9: Time | S9: 1. Car | T9: 2. Station Wagon | U9: 3. Pickups | V9: 4. Minibus, matatu | W9: 5. Medium bus | X9: 6. Large Bus | Y9: 7. Light Truck | Z9: 8. Medium Truck | AA9: 9. Heavy truck | AB9: 10. Truck Trailer | AC9: 11. Motorcycles | AD9: 12. Tractors, Graders | AE9: Total Excl M/ Cycles | AF9: Total All
B10: 07.00 - 07.15 | C10: 1 | D10: 2 | E10: 0 | F10: 0 | G10: 0 | H10: 0 | I10: 0 | J10: 2 | K10: 1 | L10: 0 | M10: 1 | N10: 0 | O10: =SUM(C10:L10,N10) -> 6 | P10: =SUM(C10:N10) -> 7 | R10: 0700-0800 | S10: =SUM(C10:C13) -> 4 | T10: =SUM(D10:D13) -> 2 | U10: =SUM(E10:E13) -> 0 | V10: =SUM(F10:F13) -> 0 | W10: =SUM(G10:G13) -> 0 | X10: =SUM(H10:H13) -> 0 | Y10: =SUM(I10:I13) -> 0 | Z10: =SUM(J10:J13) -> 4 | ... AF10: =SUM(P10:P13) -> 35
B11: 07.15 - 07.30 | C11: 0 | D11: 0 | E11: 0 | F11: 0 | G11: 0 | H11: 0 | I11: 0 | J11: 1 | K11: 0 | L11: 0 | M11: 0 | N11: 0 | O11: =SUM(C11:L11,N11) -> 1 | P11: =SUM(C11:N11) -> 1 | R11: 0800-0900 | S11: =SUM(C14:C17) -> 12 | T11: =SUM(D14:D17) -> 1 | U11: =SUM(E14:E17) -> 0 | V11: =SUM(F14:F17) -> 4 | W11: =SUM(G14:G17) -> 0 | X11: =SUM(H14:H17) -> 1 | Y11: =SUM(I14:I17) -> 2 | Z11: =SUM(J14:J17) -> 1 | ... AF11: =SUM(P14:P17) -> 69
B12: 07.30 - 07.45 | C12: 2 | D12: 0 | E12: 0 | F12: 0 | G12: 0 | H12: 0 | I12: 0 | J12: 0 | K12: 0 | L12: 0 | M12: 7 | N12: 0 | O12: =SUM(C12:L12,N12) -> 2 | P12: =SUM(C12:N12) -> 9 | R12: 0900-1000 | S12: =SUM(C18:C21) -> 9 | T12: =SUM(D18:D21) -> 1 | U12: =SUM(E18:E21) -> 1 | V12: =SUM(F18:F21) -> 4 | W12: =SUM(G18:G21) -> 0 | X12: =SUM(H18:H21) -> 0 | Y12: =SUM(I18:I21) -> 2 | Z12: =SUM(J18:J21) -> 0 | ... AF12: =SUM(P18:P21) -> 86
B13: 07.45 - 08.00 | C13: 1 | D13: 0 | E13: 0 | F13: 0 | G13: 0 | H13: 0 | I13: 0 | J13: 1 | K13: 0 | L13: 0 | M13: 16 | N13: 0 | O13: =SUM(C13:L13,N13) -> 2 | P13: =SUM(C13:N13) -> 18 | R13: 1000-1100 | S13: =SUM(C22:C25) -> 14 | T13: =SUM(D22:D25) -> 0 | U13: =SUM(E22:E25) -> 1 | V13: =SUM(F22:F25) -> 7 | W13: =SUM(G22:G25) -> 0 | X13: =SUM(H22:H25) -> 0 | Y13: =SUM(I22:I25) -> 5 | Z13: =SUM(J22:J25) -> 0 | ... AF13: =SUM(P22:P25) -> 92
B14: 08.00 - 08.15 | C14: 1 | D14: 0 | E14: 0 | F14: 0 | G14: 0 | H14: 0 | I14: 0 | J14: 1 | K14: 0 | L14: 0 | M14: 8 | N14: 0 | O14: =SUM(C14:L14,N14) -> 2 | P14: =SUM(C14:N14) -> 10 | R14: 1100-1200 | S14: =SUM(C26:C29) -> 7 | T14: =SUM(D26:D29) -> 0 | U14: =SUM(E26:E29) -> 0 | V14: =SUM(F26:F29) -> 5 | W14: =SUM(G26:G29) -> 0 | X14: =SUM(H26:H29) -> 0 | Y14: =SUM(I26:I29) -> 2 | Z14: =SUM(J26:J29) -> 0 | ... AF14: =SUM(P26:P29) -> 62
B15: 08.15 - 08.30 | C15: 4 | D15: 1 | E15: 0 | F15: 0 | G15: 0 | H15: 0 | I15: 1 | J15: 0 | K15: 0 | L15: 0 | M15: 13 | N15: 0 | O15: =SUM(C15:L15,N15) -> 6 | P15: =SUM(C15:N15) -> 19 | R15: 1200-1300 | S15: =SUM(C30:C33) -> 10 | T15: =SUM(D30:D33) -> 1 | U15: =SUM(E30:E33) -> 1 | V15: =SUM(F30:F33) -> 9 | W15: =SUM(G30:G33) -> 0 | X15: =SUM(H30:H33) -> 1 | Y15: =SUM(I30:I33) -> 7 | Z15: =SUM(J30:J33) -> 0 | ... AF15: =SUM(P30:P33) -> 75
B16: 08.30 - 08.45 | C16: 5 | D16: 0 | E16: 0 | F16: 0 | G16: 0 | H16: 1 | I16: 1 | J16: 0 | K16: 0 | L16: 0 | M16: 11 | N16: 0 | O16: =SUM(C16:L16,N16) -> 7 | P16: =SUM(C16:N16) -> 18 | R16: 1300-1400 | S16: =SUM(C34:C37) -> 5 | T16: =SUM(D34:D37) -> 2 | U16: =SUM(E34:E37) -> 0 | V16: =SUM(F34:F37) -> 3 | W16: =SUM(G34:G37) -> 0 | X16: =SUM(H34:H37) -> 0 | Y16: =SUM(I34:I37) -> 3 | Z16: =SUM(J34:J37) -> 0 | ... AF16: =SUM(P34:P37) -> 76
B17: 08.45 - 9.00 | C17: 2 | D17: 0 | E17: 0 | F17: 4 | G17: 0 | H17: 0 | I17: 0 | J17: 0 | K17: 1 | L17: 0 | M17: 15 | N17: 0 | O17: =SUM(C17:L17,N17) -> 7 | P17: =SUM(C17:N17) -> 22 | R17: 1400-1500 | S17: =SUM(C38:C41) -> 9 | T17: =SUM(D38:D41) -> 1 | U17: =SUM(E38:E41) -> 0 | V17: =SUM(F38:F41) -> 6 | W17: =SUM(G38:G41) -> 0 | X17: =SUM(H38:H41) -> 0 | Y17: =SUM(I38:I41) -> 5 | Z17: =SUM(J38:J41) -> 0 | ... AF17: =SUM(P38:P41) -> 80
B18: 09.00 - 09.15 | C18: 3 | D18: 0 | E18: 0 | F18: 0 | G18: 0 | H18: 0 | I18: 1 | J18: 0 | K18: 4 | L18: 0 | M18: 21 | N18: 0 | O18: =SUM(C18:L18,N18) -> 8 | P18: =SUM(C18:N18) -> 29 | R18: 1500-1600 | S18: =SUM(C42:C45) -> 10 | T18: =SUM(D42:D45) -> 0 | U18: =SUM(E42:E45) -> 0 | V18: =SUM(F42:F45) -> 4 | W18: =SUM(G42:G45) -> 0 | X18: =SUM(H42:H45) -> 0 | Y18: =SUM(I42:I45) -> 6 | Z18: =SUM(J42:J45) -> 0 | ... AF18: =SUM(P42:P45) -> 66
B19: 09.15 - 09.30 | C19: 1 | D19: 0 | E19: 1 | F19: 1 | G19: 0 | H19: 0 | I19: 1 | J19: 0 | K19: 0 | L19: 0 | M19: 10 | N19: 0 | O19: =SUM(C19:L19,N19) -> 4 | P19: =SUM(C19:N19) -> 14 | R19: 1600-1700 | S19: =SUM(C46:C49) -> 16 | T19: =SUM(D46:D49) -> 0 | U19: =SUM(E46:E49) -> 0 | V19: =SUM(F46:F49) -> 8 | W19: =SUM(G46:G49) -> 0 | X19: =SUM(H46:H49) -> 0 | Y19: =SUM(I46:I49) -> 2 | Z19: =SUM(J46:J49) -> 1 | ... AF19: =SUM(P46:P49) -> 94
B20: 09.30 - 09.45 | C20: 3 | D20: 1 | E20: 0 | F20: 2 | G20: 0 | H20: 0 | I20: 0 | J20: 0 | K20: 1 | L20: 0 | M20: 23 | N20: 0 | O20: =SUM(C20:L20,N20) -> 7 | P20: =SUM(C20:N20) -> 30 | R20: 1700-1800 | S20: =SUM(C50:C53) -> 9 | T20: =SUM(D50:D53) -> 1 | U20: =SUM(E50:E53) -> 1 | V20: =SUM(F50:F53) -> 6 | W20: =SUM(G50:G53) -> 0 | X20: =SUM(H50:H53) -> 0 | Y20: =SUM(I50:I53) -> 1 | Z20: =SUM(J50:J53) -> 1 | ... AF20: =SUM(P50:P53) -> 62
B21: 09.45 - 10.00 | C21: 2 | D21: 0 | E21: 0 | F21: 1 | G21: 0 | H21: 0 | I21: 0 | J21: 0 | K21: 1 | L21: 0 | M21: 9 | N21: 0 | O21: =SUM(C21:L21,N21) -> 4 | P21: =SUM(C21:N21) -> 13 | R21: 1800-1900 | S21: =SUM(C54:C57) -> 14 | T21: =SUM(D54:D57) -> 0 | U21: =SUM(E54:E57) -> 0 | V21: =SUM(F54:F57) -> 4 | W21: =SUM(G54:G57) -> 0 | X21: =SUM(H54:H57) -> 0 | Y21: =SUM(I54:I57) -> 1 | Z21: =SUM(J54:J57) -> 3 | ... AF21: =SUM(P54:P57) -> 65
B22: 10.00 - 10.15 | C22: 3 | D22: 0 | E22: 0 | F22: 3 | G22: 0 | H22: 0 | I22: 1 | J22: 0 | K22: 2 | L22: 0 | M22: 15 | N22: 0 | O22: =SUM(C22:L22,N22) -> 9 | P22: =SUM(C22:N22) -> 24 | R22: AM Peak Hr | S22: =MAX(S10:S12) -> 12 | T22: =MAX(T10:T12) -> 2 | U22: =MAX(U10:U12) -> 1 | V22: =MAX(V10:V12) -> 4 | W22: =MAX(W10:W12) -> 0 | X22: =MAX(X10:X12) -> 1 | Y22: =MAX(Y10:Y12) -> 2 | Z22: =MAX(Z10:Z12) -> 4 | ... AF22: =MAX(AF10:AF12) -> 86
B23: 10.15 - 10.30 | C23: 1 | D23: 0 | E23: 0 | F23: 2 | G23: 0 | H23: 0 | I23: 2 | J23: 0 | K23: 3 | L23: 0 | M23: 18 | N23: 0 | O23: =SUM(C23:L23,N23) -> 8 | P23: =SUM(C23:N23) -> 26 | R23: IP Peak Hr | S23: =MAX(S13:S18) -> 14 | T23: =MAX(T13:T18) -> 2 | U23: =MAX(U13:U18) -> 1 | V23: =MAX(V13:V18) -> 9 | W23: =MAX(W13:W18) -> 0 | X23: =MAX(X13:X18) -> 1 | Y23: =MAX(Y13:Y18) -> 7 | Z23: =MAX(Z13:Z18) -> 0 | ... AF23: =MAX(AF13:AF18) -> 92
B24: 10.30 - 10.45 | C24: 5 | D24: 0 | E24: 1 | F24: 0 | G24: 0 | H24: 0 | I24: 2 | J24: 0 | K24: 1 | L24: 0 | M24: 17 | N24: 0 | O24: =SUM(C24:L24,N24) -> 9 | P24: =SUM(C24:N24) -> 26 | R24: PM Peak Hr | S24: =MAX(S19:S21) -> 16 | T24: =MAX(T19:T21) -> 1 | U24: =MAX(U19:U21) -> 1 | V24: =MAX(V19:V21) -> 8 | W24: =MAX(W19:W21) -> 0 | X24: =MAX(X19:X21) -> 0 | Y24: =MAX(Y19:Y21) -> 2 | Z24: =MAX(Z19:Z21) -> 3 | ... AF24: =MAX(AF19:AF21) -> 94
B25: 10.45 - 11.00 | C25: 5 | D25: 0 | E25: 0 | F25: 2 | G25: 0 | H25: 0 | I25: 0 | J25: 0 | K25: 0 | L25: 0 | M25: 9 | N25: 0 | O25: =SUM(C25:L25,N25) -> 7 | P25: =SUM(C25:N25) -> 16 | R25: AM Period | S25: =SUM(S10:S12) -> 25 | T25: =SUM(T10:T12) -> 4 | U25: =SUM(U10:U12) -> 1 | V25: =SUM(V10:V12) -> 8 | W25: =SUM(W10:W12) -> 0 | X25: =SUM(X10:X12) -> 1 | Y25: =SUM(Y10:Y12) -> 4 | Z25: =SUM(Z10:Z12) -> 5 | ... AF25: =SUM(AF10:AF12) -> 190
B26: 11.00 - 11.15 | C26: 2 | D26: 0 | E26: 0 | F26: 3 | G26: 0 | H26: 0 | I26: 0 | J26: 0 | K26: 1 | L26: 0 | M26: 6 | N26: 0 | O26: =SUM(C26:L26,N26) -> 6 | P26: =SUM(C26:N26) -> 12 | R26: IP Period | S26: =SUM(S13:S18) -> 55 | T26: =SUM(T13:T18) -> 4 | U26: =SUM(U13:U18) -> 2 | V26: =SUM(V13:V18) -> 34 | W26: =SUM(W13:W18) -> 0 | X26: =SUM(X13:X18) -> 1 | Y26: =SUM(Y13:Y18) -> 28 | Z26: =SUM(Z13:Z18) -> 0 | ... AF26: =SUM(AF13:AF18) -> 451
B27: 11.15 - 11.30 | C27: 3 | D27: 0 | E27: 0 | F27: 0 | G27: 0 | H27: 0 | I27: 0 | J27: 0 | K27: 1 | L27: 0 | M27: 11 | N27: 0 | O27: =SUM(C27:L27,N27) -> 4 | P27: =SUM(C27:N27) -> 15 | R27: PM Period | S27: =SUM(S19:S21) -> 39 | T27: =SUM(T19:T21) -> 1 | U27: =SUM(U19:U21) -> 1 | V27: =SUM(V19:V21) -> 18 | W27: =SUM(W19:W21) -> 0 | X27: =SUM(X19:X21) -> 0 | Y27: =SUM(Y19:Y21) -> 4 | Z27: =SUM(Z19:Z21) -> 5 | ... AF27: =SUM(AF19:AF21) -> 221
B28: 11.30 - 11.45 | C28: 2 | D28: 0 | E28: 0 | F28: 0 | G28: 0 | H28: 0 | I28: 2 | J28: 0 | K28: 2 | L28: 0 | M28: 13 | N28: 0 | O28: =SUM(C28:L28,N28) -> 6 | P28: =SUM(C28:N28) -> 19 | R28: 12 Hours | S28: =SUM(S10:S21) -> 119 | T28: =SUM(T10:T21) -> 9 | U28: =SUM(U10:U21) -> 4 | V28: =SUM(V10:V21) -> 60 | W28: =SUM(W10:W21) -> 0 | X28: =SUM(X10:X21) -> 2 | Y28: =SUM(Y10:Y21) -> 36 | Z28: =SUM(Z10:Z21) -> 10 | ... AF28: =SUM(AF10:AF21) -> 862
B29: 11.45 - 12.00 | C29: 0 | D29: 0 | E29: 0 | F29: 2 | G29: 0 | H29: 0 | I29: 0 | J29: 0 | K29: 1 | L29: 0 | M29: 13 | N29: 0 | O29: =SUM(C29:L29,N29) -> 3 | P29: =SUM(C29:N29) -> 16
B30: 12.00 - 12.15 | C30: 0 | D30: 1 | E30: 0 | F30: 1 | G30: 0 | H30: 0 | I30: 2 | J30: 0 | K30: 0 | L30: 0 | M30: 5 | N30: 0 | O30: =SUM(C30:L30,N30) -> 4 | P30: =SUM(C30:N30) -> 9
B31: 12.15 - 12.30 | C31: 1 | D31: 0 | E31: 1 | F31: 1 | G31: 0 | H31: 0 | I31: 1 | J31: 0 | K31: 3 | L31: 0 | M31: 12 | N31: 0 | O31: =SUM(C31:L31,N31) -> 7 | P31: =SUM(C31:N31) -> 19
B32: 12.30 - 12.45 | C32: 6 | D32: 0 | E32: 0 | F32: 4 | G32: 0 | H32: 1 | I32: 3 | J32: 0 | K32: 1 | L32: 0 | M32: 14 | N32: 0 | O32: =SUM(C32:L32,N32) -> 15 | P32: =SUM(C32:N32) -> 29
B33: 12.45 - 13.00 | C33: 3 | D33: 0 | E33: 0 | F33: 3 | G33: 0 | H33: 0 | I33: 1 | J33: 0 | K33: 0 | L33: 0 | M33: 11 | N33: 0 | O33: =SUM(C33:L33,N33) -> 7 | P33: =SUM(C33:N33) -> 18
B34: 13.00 - 13.15 | C34: 4 | D34: 1 | E34: 0 | F34: 0 | G34: 0 | H34: 0 | I34: 0 | J34: 0 | K34: 1 | L34: 0 | M34: 16 | N34: 0 | O34: =SUM(C34:L34,N34) -> 6 | P34: =SUM(C34:N34) -> 22
B35: 13.15 - 13.30 | C35: 1 | D35: 0 | E35: 0 | F35: 2 | G35: 0 | H35: 0 | I35: 0 | J35: 0 | K35: 0 | L35: 0 | M35: 8 | N35: 0 | O35: =SUM(C35:L35,N35) -> 3 | P35: =SUM(C35:N35) -> 11
B36: 13.30 - 13.45 | C36: 0 | D36: 1 | E36: 0 | F36: 1 | G36: 0 | H36: 0 | I36: 0 | J36: 0 | K36: 1 | L36: 0 | M36: 17 | N36: 0 | O36: =SUM(C36:L36,N36) -> 3 | P36: =SUM(C36:N36) -> 20
B37: 13.45 - 14.00 | C37: 0 | D37: 0 | E37: 0 | F37: 0 | G37: 0 | H37: 0 | I37: 3 | J37: 0 | K37: 1 | L37: 0 | M37: 19 | N37: 0 | O37: =SUM(C37:L37,N37) -> 4 | P37: =SUM(C37:N37) -> 23
B38: 14.00 - 14.15 | C38: 3 | D38: 0 | E38: 0 | F38: 2 | G38: 0 | H38: 0 | I38: 1 | J38: 0 | K38: 1 | L38: 0 | M38: 20 | N38: 0 | O38: =SUM(C38:L38,N38) -> 7 | P38: =SUM(C38:N38) -> 27
B39: 14.15 - 14.30 | C39: 2 | D39: 0 | E39: 0 | F39: 0 | G39: 0 | H39: 0 | I39: 2 | J39: 0 | K39: 0 | L39: 0 | M39: 11 | N39: 0 | O39: =SUM(C39:L39,N39) -> 4 | P39: =SUM(C39:N39) -> 15
B40: 14.30 - 14.45 | C40: 2 | D40: 1 | E40: 0 | F40: 3 | G40: 0 | H40: 0 | I40: 2 | J40: 0 | K40: 2 | L40: 0 | M40: 14 | N40: 0 | O40: =SUM(C40:L40,N40) -> 10 | P40: =SUM(C40:N40) -> 24
... B57: 18.45 - 19.00 | C57: 5 | D57: 0 | E57: 0 | F57: 3 | G57: 0 | H57: 0 | I57: 1 | J57: 0 | K57: 2 | L57: 1 | M57: 10 | N57: 0 | O57: =SUM(C57:L57,N57) -> 12 | P57: =SUM(C57:N57) -> 22
B58: Totals | C58: =SUM(C10:C57) -> 119 | D58: =SUM(D10:D57) -> 9 | E58: =SUM(E10:E57) -> 4 | F58: =SUM(F10:F57) -> 60 | G58: =SUM(G10:G57) -> 0 | H58: =SUM(H10:H57) -> 2 | I58: =SUM(I10:I57) -> 36 | J58: =SUM(J10:J57) -> 10 | ... P58: =SUM(P10:P57) -> 862
B59: %ges + MCs | C59: =C58/$P$58 -> 0.13805104 | D59: =D58/$P$58 -> 0.010440835 | E59: =E58/$P$58 -> 0.0046403712 | F59: =F58/$P$58 -> 0.069605568 | G59: =G58/$P$58 -> 0 | H59: =H58/$P$58 -> 0.0023201856 | I59: =I58/$P$58 -> 0.041763341 | J59: =J58/$P$58 -> 0.011600928 | ... N59: =N58/$P$58 -> 0
B60: %ges w/o MCs | C60: =C58/$O$58 -> 0.42198582 | D60: =D58/$O$58 -> 0.031914894 | E60: =E58/$O$58 -> 0.014184397 | F60: =F58/$O$58 -> 0.21276596 | G60: =G58/$O$58 -> 0 | H60: =H58/$O$58 -> 0.0070921986 | I60: =I58/$O$58 -> 0.12765957 | J60: =J58/$O$58 -> 0.035460993 | ... L60: =L58/$O$58 -> 0.014184397 | N60: =N58/$O$58 -> 0

Sheet 27.10 Mutukula-Masaka
B1: Consultancy services for Preparation of Expressway Development Master Plan (EDMP) for Uganda
B2: MANUAL CLASSIFIED COUNT (MCC)
B3: ROAD NAME: | C3: ='31.10.MUTUKULA-MASAKA'!C3:G3 -> MCC-C4-STN99-MASAKA-MUTUKULA
C5: Date | D5: 27.10.19 | F5: Location | G5: ='25.10 MASAKA-MUTUKULA'!G5:H5 -> MUTUKULA | J5: Surveyor | K5: Walter
C6: Dir. From | D6: ='31.10.MUTUKULA-MASAKA'!D6:E6 -> MUTUKULA | F6: Dir. To | G6: ='31.10.MUTUKULA-MASAKA'!G6:H6 -> MASAKA | J6: Supervisor | K6: ='25.10 MASAKA-MUTUKULA'!K6:L6 -> SANDRA
B8: Time / Veh Type | R8: SUMMARY TRAFFIC VOLUMES
C9: 1. Car | D9: 2. Station Wagon | E9: 3. Pickups | F9: 4. Minibus, matatu | G9: 5. Medium bus | H9: 6. Large Bus | I9: 7. Light Truck | J9: 8. Medium Truck | K9: 9. Heavy truck | L9: 10. Truck Trailer | M9: 11. Motor cycles | N9: 12. Tractors | O9: Total Excl M/Cycles | P9: Total All | R9: Time | S9: 1. Car | T9: 2. Station Wagon | U9: 3. Pickups | V9: 4. Minibus, matatu | W9: 5. Medium bus | X9: 6. Large Bus | Y9: 7. Light Truck | Z9: 8. Medium Truck | AA9: 9. Heavy truck | AB9: 10. Truck Trailer | AC9: 11. Motorcycles | AD9: 12. Tractors, Graders | AE9: Total Excl M/ Cycles | AF9: Total All
B10: 07.00 - 07.15 | C10: 0 | D10: 0 | E10: 0 | F10: 0 | G10: 0 | H10: 0 | I10: 0 | J10: 0 | K10: 0 | L10: 0 | M10: 0 | N10: 0 | O10: =SUM(C10:L10,N10) -> 0 | P10: =SUM(C10:N10) -> 0 | R10: 0700-0800 | S10: =SUM(C10:C13) -> 0 | T10: =SUM(D10:D13) -> 0 | U10: =SUM(E10:E13) -> 0 | V10: =SUM(F10:F13) -> 0 | W10: =SUM(G10:G13) -> 0 | X10: =SUM(H10:H13) -> 0 | Y10: =SUM(I10:I13) -> 0 | Z10: =SUM(J10:J13) -> 0 | ... AF10: =SUM(P10:P13) -> 0
B11: 07.15 - 07.30 | C11: 0 | D11: 0 | E11: 0 | F11: 0 | G11: 0 | H11: 0 | I11: 0 | J11: 0 | K11: 0 | L11: 0 | M11: 0 | N11: 0 | O11: =SUM(C11:L11,N11) -> 0 | P11: =SUM(C11:N11) -> 0 | R11: 0800-0900 | S11: =SUM(C14:C17) -> 0 | T11: =SUM(D14:D17) -> 0 | U11: =SUM(E14:E17) -> 0 | V11: =SUM(F14:F17) -> 0 | W11: =SUM(G14:G17) -> 0 | X11: =SUM(H14:H17) -> 0 | Y11: =SUM(I14:I17) -> 0 | Z11: =SUM(J14:J17) -> 0 | ... AF11: =SUM(P14:P17) -> 0
B12: 07.30 - 07.45 | C12: 0 | D12: 0 | E12: 0 | F12: 0 | G12: 0 | H12: 0 | I12: 0 | J12: 0 | K12: 0 | L12: 0 | M12: 0 | N12: 0 | O12: =SUM(C12:L12,N12) -> 0 | P12: =SUM(C12:N12) -> 0 | R12: 0900-1000 | S12: =SUM(C18:C21) -> 0 | T12: =SUM(D18:D21) -> 0 | U12: =SUM(E18:E21) -> 0 | V12: =SUM(F18:F21) -> 0 | W12: =SUM(G18:G21) -> 0 | X12: =SUM(H18:H21) -> 0 | Y12: =SUM(I18:I21) -> 0 | Z12: =SUM(J18:J21) -> 0 | ... AF12: =SUM(P18:P21) -> 0
B13: 07.45 - 08.00 | C13: 0 | D13: 0 | E13: 0 | F13: 0 | G13: 0 | H13: 0 | I13: 0 | J13: 0 | K13: 0 | L13: 0 | M13: 0 | N13: 0 | O13: =SUM(C13:L13,N13) -> 0 | P13: =SUM(C13:N13) -> 0 | R13: 1000-1100 | S13: =SUM(C22:C25) -> 0 | T13: =SUM(D22:D25) -> 0 | U13: =SUM(E22:E25) -> 0 | V13: =SUM(F22:F25) -> 0 | W13: =SUM(G22:G25) -> 0 | X13: =SUM(H22:H25) -> 0 | Y13: =SUM(I22:I25) -> 0 | Z13: =SUM(J22:J25) -> 0 | ... AF13: =SUM(P22:P25) -> 0
B14: 08.00 - 08.15 | C14: 0 | D14: 0 | E14: 0 | F14: 0 | G14: 0 | H14: 0 | I14: 0 | J14: 0 | K14: 0 | L14: 0 | M14: 0 | N14: 0 | O14: =SUM(C14:L14,N14) -> 0 | P14: =SUM(C14:N14) -> 0 | R14: 1100-1200 | S14: =SUM(C26:C29) -> 0 | T14: =SUM(D26:D29) -> 0 | U14: =SUM(E26:E29) -> 0 | V14: =SUM(F26:F29) -> 0 | W14: =SUM(G26:G29) -> 0 | X14: =SUM(H26:H29) -> 0 | Y14: =SUM(I26:I29) -> 0 | Z14: =SUM(J26:J29) -> 0 | ... AF14: =SUM(P26:P29) -> 0
B15: 08.15 - 08.30 | C15: 0 | D15: 0 | E15: 0 | F15: 0 | G15: 0 | H15: 0 | I15: 0 | J15: 0 | K15: 0 | L15: 0 | M15: 0 | N15: 0 | O15: =SUM(C15:L15,N15) -> 0 | P15: =SUM(C15:N15) -> 0 | R15: 1200-1300 | S15: =SUM(C30:C33) -> 0 | T15: =SUM(D30:D33) -> 0 | U15: =SUM(E30:E33) -> 0 | V15: =SUM(F30:F33) -> 0 | W15: =SUM(G30:G33) -> 0 | X15: =SUM(H30:H33) -> 0 | Y15: =SUM(I30:I33) -> 0 | Z15: =SUM(J30:J33) -> 0 | ... AF15: =SUM(P30:P33) -> 0
B16: 08.30 - 08.45 | C16: 0 | D16: 0 | E16: 0 | F16: 0 | G16: 0 | H16: 0 | I16: 0 | J16: 0 | K16: 0 | L16: 0 | M16: 0 | N16: 0 | O16: =SUM(C16:L16,N16) -> 0 | P16: =SUM(C16:N16) -> 0 | R16: 1300-1400 | S16: =SUM(C34:C37) -> 0 | T16: =SUM(D34:D37) -> 0 | U16: =SUM(E34:E37) -> 0 | V16: =SUM(F34:F37) -> 0 | W16: =SUM(G34:G37) -> 0 | X16: =SUM(H34:H37) -> 0 | Y16: =SUM(I34:I37) -> 0 | Z16: =SUM(J34:J37) -> 0 | ... AF16: =SUM(P34:P37) -> 0
B17: 08.45 - 9.00 | C17: 0 | D17: 0 | E17: 0 | F17: 0 | G17: 0 | H17: 0 | I17: 0 | J17: 0 | K17: 0 | L17: 0 | M17: 0 | N17: 0 | O17: =SUM(C17:L17,N17) -> 0 | P17: =SUM(C17:N17) -> 0 | R17: 1400-1500 | S17: =SUM(C38:C41) -> 0 | T17: =SUM(D38:D41) -> 0 | U17: =SUM(E38:E41) -> 0 | V17: =SUM(F38:F41) -> 0 | W17: =SUM(G38:G41) -> 0 | X17: =SUM(H38:H41) -> 0 | Y17: =SUM(I38:I41) -> 0 | Z17: =SUM(J38:J41) -> 0 | ... AF17: =SUM(P38:P41) -> 0
B18: 09.00 - 09.15 | C18: 0 | D18: 0 | E18: 0 | F18: 0 | G18: 0 | H18: 0 | I18: 0 | J18: 0 | K18: 0 | L18: 0 | M18: 0 | N18: 0 | O18: =SUM(C18:L18,N18) -> 0 | P18: =SUM(C18:N18) -> 0 | R18: 1500-1600 | S18: =SUM(C42:C45) -> 0 | T18: =SUM(D42:D45) -> 0 | U18: =SUM(E42:E45) -> 0 | V18: =SUM(F42:F45) -> 0 | W18: =SUM(G42:G45) -> 0 | X18: =SUM(H42:H45) -> 0 | Y18: =SUM(I42:I45) -> 0 | Z18: =SUM(J42:J45) -> 0 | ... AF18: =SUM(P42:P45) -> 0
B19: 09.15 - 09.30 | C19: 0 | D19: 0 | E19: 0 | F19: 0 | G19: 0 | H19: 0 | I19: 0 | J19: 0 | K19: 0 | L19: 0 | M19: 0 | N19: 0 | O19: =SUM(C19:L19,N19) -> 0 | P19: =SUM(C19:N19) -> 0 | R19: 1600-1700 | S19: =SUM(C46:C49) -> 0 | T19: =SUM(D46:D49) -> 0 | U19: =SUM(E46:E49) -> 0 | V19: =SUM(F46:F49) -> 0 | W19: =SUM(G46:G49) -> 0 | X19: =SUM(H46:H49) -> 0 | Y19: =SUM(I46:I49) -> 0 | Z19: =SUM(J46:J49) -> 0 | ... AF19: =SUM(P46:P49) -> 0
B20: 09.30 - 09.45 | C20: 0 | D20: 0 | E20: 0 | F20: 0 | G20: 0 | H20: 0 | I20: 0 | J20: 0 | K20: 0 | L20: 0 | M20: 0 | N20: 0 | O20: =SUM(C20:L20,N20) -> 0 | P20: =SUM(C20:N20) -> 0 | R20: 1700-1800 | S20: =SUM(C50:C53) -> 0 | T20: =SUM(D50:D53) -> 0 | U20: =SUM(E50:E53) -> 0 | V20: =SUM(F50:F53) -> 0 | W20: =SUM(G50:G53) -> 0 | X20: =SUM(H50:H53) -> 0 | Y20: =SUM(I50:I53) -> 0 | Z20: =SUM(J50:J53) -> 0 | ... AF20: =SUM(P50:P53) -> 0
B21: 09.45 - 10.00 | C21: 0 | D21: 0 | E21: 0 | F21: 0 | G21: 0 | H21: 0 | I21: 0 | J21: 0 | K21: 0 | L21: 0 | M21: 0 | N21: 0 | O21: =SUM(C21:L21,N21) -> 0 | P21: =SUM(C21:N21) -> 0 | R21: 1800-1900 | S21: =SUM(C54:C57) -> 0 | T21: =SUM(D54:D57) -> 0 | U21: =SUM(E54:E57) -> 0 | V21: =SUM(F54:F57) -> 0 | W21: =SUM(G54:G57) -> 0 | X21: =SUM(H54:H57) -> 0 | Y21: =SUM(I54:I57) -> 0 | Z21: =SUM(J54:J57) -> 0 | ... AF21: =SUM(P54:P57) -> 0
B22: 10.00 - 10.15 | C22: 0 | D22: 0 | E22: 0 | F22: 0 | G22: 0 | H22: 0 | I22: 0 | J22: 0 | K22: 0 | L22: 0 | M22: 0 | N22: 0 | O22: =SUM(C22:L22,N22) -> 0 | P22: =SUM(C22:N22) -> 0 | R22: AM Peak Hr | S22: =MAX(S10:S12) -> 0 | T22: =MAX(T10:T12) -> 0 | U22: =MAX(U10:U12) -> 0 | V22: =MAX(V10:V12) -> 0 | W22: =MAX(W10:W12) -> 0 | X22: =MAX(X10:X12) -> 0 | Y22: =MAX(Y10:Y12) -> 0 | Z22: =MAX(Z10:Z12) -> 0 | ... AF22: =MAX(AF10:AF12) -> 0
B23: 10.15 - 10.30 | C23: 0 | D23: 0 | E23: 0 | F23: 0 | G23: 0 | H23: 0 | I23: 0 | J23: 0 | K23: 0 | L23: 0 | M23: 0 | N23: 0 | O23: =SUM(C23:L23,N23) -> 0 | P23: =SUM(C23:N23) -> 0 | R23: IP Peak Hr | S23: =MAX(S13:S18) -> 0 | T23: =MAX(T13:T18) -> 0 | U23: =MAX(U13:U18) -> 0 | V23: =MAX(V13:V18) -> 0 | W23: =MAX(W13:W18) -> 0 | X23: =MAX(X13:X18) -> 0 | Y23: =MAX(Y13:Y18) -> 0 | Z23: =MAX(Z13:Z18) -> 0 | ... AF23: =MAX(AF13:AF18) -> 0
B24: 10.30 - 10.45 | C24: 0 | D24: 0 | E24: 0 | F24: 0 | G24: 0 | H24: 0 | I24: 0 | J24: 0 | K24: 0 | L24: 0 | M24: 0 | N24: 0 | O24: =SUM(C24:L24,N24) -> 0 | P24: =SUM(C24:N24) -> 0 | R24: PM Peak Hr | S24: =MAX(S19:S21) -> 0 | T24: =MAX(T19:T21) -> 0 | U24: =MAX(U19:U21) -> 0 | V24: =MAX(V19:V21) -> 0 | W24: =MAX(W19:W21) -> 0 | X24: =MAX(X19:X21) -> 0 | Y24: =MAX(Y19:Y21) -> 0 | Z24: =MAX(Z19:Z21) -> 0 | ... AF24: =MAX(AF19:AF21) -> 0
B25: 10.45 - 11.00 | C25: 0 | D25: 0 | E25: 0 | F25: 0 | G25: 0 | H25: 0 | I25: 0 | J25: 0 | K25: 0 | L25: 0 | M25: 0 | N25: 0 | O25: =SUM(C25:L25,N25) -> 0 | P25: =SUM(C25:N25) -> 0 | R25: AM Period | S25: =SUM(S10:S12) -> 0 | T25: =SUM(T10:T12) -> 0 | U25: =SUM(U10:U12) -> 0 | V25: =SUM(V10:V12) -> 0 | W25: =SUM(W10:W12) -> 0 | X25: =SUM(X10:X12) -> 0 | Y25: =SUM(Y10:Y12) -> 0 | Z25: =SUM(Z10:Z12) -> 0 | ... AF25: =SUM(AF10:AF12) -> 0
B26: 11.00 - 11.15 | C26: 0 | D26: 0 | E26: 0 | F26: 0 | G26: 0 | H26: 0 | I26: 0 | J26: 0 | K26: 0 | L26: 0 | M26: 0 | N26: 0 | O26: =SUM(C26:L26,N26) -> 0 | P26: =SUM(C26:N26) -> 0 | R26: IP Period | S26: =SUM(S13:S18) -> 0 | T26: =SUM(T13:T18) -> 0 | U26: =SUM(U13:U18) -> 0 | V26: =SUM(V13:V18) -> 0 | W26: =SUM(W13:W18) -> 0 | X26: =SUM(X13:X18) -> 0 | Y26: =SUM(Y13:Y18) -> 0 | Z26: =SUM(Z13:Z18) -> 0 | ... AF26: =SUM(AF13:AF18) -> 0
B27: 11.15 - 11.30 | C27: 0 | D27: 0 | E27: 0 | F27: 0 | G27: 0 | H27: 0 | I27: 0 | J27: 0 | K27: 0 | L27: 0 | M27: 0 | N27: 0 | O27: =SUM(C27:L27,N27) -> 0 | P27: =SUM(C27:N27) -> 0 | R27: PM Period | S27: =SUM(S19:S21) -> 0 | T27: =SUM(T19:T21) -> 0 | U27: =SUM(U19:U21) -> 0 | V27: =SUM(V19:V21) -> 0 | W27: =SUM(W19:W21) -> 0 | X27: =SUM(X19:X21) -> 0 | Y27: =SUM(Y19:Y21) -> 0 | Z27: =SUM(Z19:Z21) -> 0 | ... AF27: =SUM(AF19:AF21) -> 0
B28: 11.30 - 11.45 | C28: 0 | D28: 0 | E28: 0 | F28: 0 | G28: 0 | H28: 0 | I28: 0 | J28: 0 | K28: 0 | L28: 0 | M28: 0 | N28: 0 | O28: =SUM(C28:L28,N28) -> 0 | P28: =SUM(C28:N28) -> 0 | R28: 12 Hours | S28: =SUM(S10:S21) -> 0 | T28: =SUM(T10:T21) -> 0 | U28: =SUM(U10:U21) -> 0 | V28: =SUM(V10:V21) -> 0 | W28: =SUM(W10:W21) -> 0 | X28: =SUM(X10:X21) -> 0 | Y28: =SUM(Y10:Y21) -> 0 | Z28: =SUM(Z10:Z21) -> 0 | ... AF28: =SUM(AF10:AF21) -> 0
B29: 11.45 - 12.00 | C29: 0 | D29: 0 | E29: 0 | F29: 0 | G29: 0 | H29: 0 | I29: 0 | J29: 0 | K29: 0 | L29: 0 | M29: 0 | N29: 0 | O29: =SUM(C29:L29,N29) -> 0 | P29: =SUM(C29:N29) -> 0
B30: 12.00 - 12.15 | C30: 0 | D30: 0 | E30: 0 | F30: 0 | G30: 0 | H30: 0 | I30: 0 | J30: 0 | K30: 0 | L30: 0 | M30: 0 | N30: 0 | O30: =SUM(C30:L30,N30) -> 0 | P30: =SUM(C30:N30) -> 0
B31: 12.15 - 12.30 | C31: 0 | D31: 0 | E31: 0 | F31: 0 | G31: 0 | H31: 0 | I31: 0 | J31: 0 | K31: 0 | L31: 0 | M31: 0 | N31: 0 | O31: =SUM(C31:L31,N31) -> 0 | P31: =SUM(C31:N31) -> 0
B32: 12.30 - 12.45 | C32: 0 | D32: 0 | E32: 0 | F32: 0 | G32: 0 | H32: 0 | I32: 0 | J32: 0 | K32: 0 | L32: 0 | M32: 0 | N32: 0 | O32: =SUM(C32:L32,N32) -> 0 | P32: =SUM(C32:N32) -> 0
B33: 12.45 - 13.00 | C33: 0 | D33: 0 | E33: 0 | F33: 0 | G33: 0 | H33: 0 | I33: 0 | J33: 0 | K33: 0 | L33: 0 | M33: 0 | N33: 0 | O33: =SUM(C33:L33,N33) -> 0 | P33: =SUM(C33:N33) -> 0
B34: 13.00 - 13.15 | C34: 0 | D34: 0 | E34: 0 | F34: 0 | G34: 0 | H34: 0 | I34: 0 | J34: 0 | K34: 0 | L34: 0 | M34: 0 | N34: 0 | O34: =SUM(C34:L34,N34) -> 0 | P34: =SUM(C34:N34) -> 0
B35: 13.15 - 13.30 | C35: 0 | D35: 0 | E35: 0 | F35: 0 | G35: 0 | H35: 0 | I35: 0 | J35: 0 | K35: 0 | L35: 0 | M35: 0 | N35: 0 | O35: =SUM(C35:L35,N35) -> 0 | P35: =SUM(C35:N35) -> 0
B36: 13.30 - 13.45 | C36: 0 | D36: 0 | E36: 0 | F36: 0 | G36: 0 | H36: 0 | I36: 0 | J36: 0 | K36: 0 | L36: 0 | M36: 0 | N36: 0 | O36: =SUM(C36:L36,N36) -> 0 | P36: =SUM(C36:N36) -> 0
B37: 13.45 - 14.00 | C37: 0 | D37: 0 | E37: 0 | F37: 0 | G37: 0 | H37: 0 | I37: 0 | J37: 0 | K37: 0 | L37: 0 | M37: 0 | N37: 0 | O37: =SUM(C37:L37,N37) -> 0 | P37: =SUM(C37:N37) -> 0
B38: 14.00 - 14.15 | C38: 0 | D38: 0 | E38: 0 | F38: 0 | G38: 0 | H38: 0 | I38: 0 | J38: 0 | K38: 0 | L38: 0 | M38: 0 | N38: 0 | O38: =SUM(C38:L38,N38) -> 0 | P38: =SUM(C38:N38) -> 0
B39: 14.15 - 14.30 | C39: 0 | D39: 0 | E39: 0 | F39: 0 | G39: 0 | H39: 0 | I39: 0 | J39: 0 | K39: 0 | L39: 0 | M39: 0 | N39: 0 | O39: =SUM(C39:L39,N39) -> 0 | P39: =SUM(C39:N39) -> 0
B40: 14.30 - 14.45 | C40: 0 | D40: 0 | E40: 0 | F40: 0 | G40: 0 | H40: 0 | I40: 0 | J40: 0 | K40: 0 | L40: 0 | M40: 0 | N40: 0 | O40: =SUM(C40:L40,N40) -> 0 | P40: =SUM(C40:N40) -> 0
... B57: 18.45 - 19.00 | C57: 0 | D57: 0 | E57: 0 | F57: 0 | G57: 0 | H57: 0 | I57: 0 | J57: 0 | K57: 0 | L57: 0 | M57: 0 | N57: 0 | O57: =SUM(C57:L57,N57) -> 0 | P57: =SUM(C57:N57) -> 0
B58: Totals | C58: =SUM(C10:C57) -> 0 | D58: =SUM(D10:D57) -> 0 | E58: =SUM(E10:E57) -> 0 | F58: =SUM(F10:F57) -> 0 | G58: =SUM(G10:G57) -> 0 | H58: =SUM(H10:H57) -> 0 | I58: =SUM(I10:I57) -> 0 | J58: =SUM(J10:J57) -> 0 | ... P58: =SUM(P10:P57) -> 0
B59: %ges + MCs | C59: =C58/$P$58 -> #DIV/0! | D59: =D58/$P$58 -> #DIV/0! | E59: =E58/$P$58 -> #DIV/0! | F59: =F58/$P$58 -> #DIV/0! | G59: =G58/$P$58 -> #DIV/0! | H59: =H58/$P$58 -> #DIV/0! | I59: =I58/$P$58 -> #DIV/0! | J59: =J58/$P$58 -> #DIV/0! | ... N59: =N58/$P$58 -> #DIV/0!
B60: %ges w/o MCs | C60: =C58/$O$58 -> #DIV/0! | D60: =D58/$O$58 -> #DIV/0! | E60: =E58/$O$58 -> #DIV/0! | F60: =F58/$O$58 -> #DIV/0! | G60: =G58/$O$58 -> #DIV/0! | H60: =H58/$O$58 -> #DIV/0! | I60: =I58/$O$58 -> #DIV/0! | J60: =J58/$O$58 -> #DIV/0! | ... L60: =L58/$O$58 -> #DIV/0! | N60: =N58/$O$58 -> #DIV/0!

Sheet 28.10 MASAKA-MUTUKULA-24HR
B1: Consultancy services for Preparation of Expressway Development Master Plan (EDMP) for Uganda
B2: MANUAL CLASSIFIED COUNT (MCC)
B3: ROAD NAME: | C3: ='31.10 Masaka-Mutukula'!C3:G3 -> MCC - C4- STN99-MASAKA-MUTUKULA
C5: Date | D5: 28.10.19 | F5: Location | G5: ='25.10 MUTUKULA-MASAKA'!G5:H5 -> MUTUKULA | J5: Surveyor | K5: PETER
C6: Dir. From | D6: ='31.10 Masaka-Mutukula'!D6:E6 -> MASAKA | F6: Dir. To | G6: ='31.10 Masaka-Mutukula'!G6:H6 -> MUTUKULA | J6: Supervisor | K6: ='25.10 MUTUKULA-MASAKA'!K6:L6 -> SANDRA
B8: Time / Veh Type | R8: SUMMARY TRAFFIC VOLUMES
C9: 1. Car | D9: 2. Station Wagon | E9: 3. Pickups | F9: 4. Minibus, matatu | G9: 5. Medium bus | H9: 6. Large Bus | I9: 7. Light Truck | J9: 8. Medium Truck | K9: 9. Heavy truck | L9: 10. Truck Trailer | M9: 11. Motor cycles | N9: 12. Tractors | O9: Total Excl M/Cycles | P9: Total All | R9: Time | S9: 1. Car | T9: 2. Station Wagon | U9: 3. Pickups | V9: 4. Minibus, matatu | W9: 5. Medium bus | X9: 6. Large Bus | Y9: 7. Light Truck | Z9: 8. Medium Truck | AA9: 9. Heavy truck | AB9: 10. Truck Trailer | AC9: 11. Motorcycles | AD9: 12. Tractors, Graders | AE9: Total Excl M/ Cycles | AF9: Total All
B10: 07.00 - 07.15 | C10: 1 | D10: 0 | E10: 0 | F10: 0 | G10: 0 | H10: 0 | I10: 1 | J10: 2 | K10: 0 | L10: 0 | M10: 16 | N10: 0 | O10: =SUM('28.10 MASAKA-MUTUKULA-24HR'!C10:L10,'28.10 MASAKA-MUTUKULA-24HR'!N10) -> 4 | P10: =SUM('28.10 MASAKA-MUTUKULA-24HR'!C10:N10) -> 20 | R10: 0700-0800 | S10: =SUM('28.10 MASAKA-MUTUKULA-24HR'!C10:C13) -> 17 | T10: =SUM('28.10 MASAKA-MUTUKULA-24HR'!D10:D13) -> 2 | U10: =SUM('28.10 MASAKA-MUTUKULA-24HR'!E10:E13) -> 0 | V10: =SUM('28.10 MASAKA-MUTUKULA-24HR'!F10:F13) -> 3 | W10: =SUM('28.10 MASAKA-MUTUKULA-24HR'!G10:G13) -> 0 | X10: =SUM('28.10 MASAKA-MUTUKULA-24HR'!H10:H13) -> 0 | Y10: =SUM('28.10 MASAKA-MUTUKULA-24HR'!I10:I13) -> 2 | Z10: =SUM('28.10 MASAKA-MUTUKULA-24HR'!J10:J13) -> 8 | ... AF10: =SUM('28.10 MASAKA-MUTUKULA-24HR'!P10:P13) -> 79
B11: 07.15 - 07.30 | C11: 10 | D11: 0 | E11: 0 | F11: 0 | G11: 0 | H11: 0 | I11: 1 | J11: 0 | K11: 0 | L11: 0 | M11: 10 | N11: 0 | O11: =SUM('28.10 MASAKA-MUTUKULA-24HR'!C11:L11,'28.10 MASAKA-MUTUKULA-24HR'!N11) -> 11 | P11: =SUM('28.10 MASAKA-MUTUKULA-24HR'!C11:N11) -> 21 | R11: 0800-0900 | S11: =SUM('28.10 MASAKA-MUTUKULA-24HR'!C14:C17) -> 7 | T11: =SUM('28.10 MASAKA-MUTUKULA-24HR'!D14:D17) -> 1 | U11: =SUM('28.10 MASAKA-MUTUKULA-24HR'!E14:E17) -> 0 | V11: =SUM('28.10 MASAKA-MUTUKULA-24HR'!F14:F17) -> 6 | W11: =SUM('28.10 MASAKA-MUTUKULA-24HR'!G14:G17) -> 0 | X11: =SUM('28.10 MASAKA-MUTUKULA-24HR'!H14:H17) -> 0 | Y11: =SUM('28.10 MASAKA-MUTUKULA-24HR'!I14:I17) -> 1 | Z11: =SUM('28.10 MASAKA-MUTUKULA-24HR'!J14:J17) -> 10 | ... AF11: =SUM('28.10 MASAKA-MUTUKULA-24HR'!P14:P17) -> 71
B12: 07.30 - 07.45 | C12: 3 | D12: 1 | E12: 0 | F12: 1 | G12: 0 | H12: 0 | I12: 0 | J12: 4 | K12: 1 | L12: 0 | M12: 10 | N12: 0 | O12: =SUM('28.10 MASAKA-MUTUKULA-24HR'!C12:L12,'28.10 MASAKA-MUTUKULA-24HR'!N12) -> 10 | P12: =SUM('28.10 MASAKA-MUTUKULA-24HR'!C12:N12) -> 20 | R12: 0900-1000 | S12: =SUM('28.10 MASAKA-MUTUKULA-24HR'!C18:C21) -> 11 | T12: =SUM('28.10 MASAKA-MUTUKULA-24HR'!D18:D21) -> 2 | U12: =SUM('28.10 MASAKA-MUTUKULA-24HR'!E18:E21) -> 0 | V12: =SUM('28.10 MASAKA-MUTUKULA-24HR'!F18:F21) -> 3 | W12: =SUM('28.10 MASAKA-MUTUKULA-24HR'!G18:G21) -> 0 | X12: =SUM('28.10 MASAKA-MUTUKULA-24HR'!H18:H21) -> 0 | Y12: =SUM('28.10 MASAKA-MUTUKULA-24HR'!I18:I21) -> 1 | Z12: =SUM('28.10 MASAKA-MUTUKULA-24HR'!J18:J21) -> 6 | ... AF12: =SUM('28.10 MASAKA-MUTUKULA-24HR'!P18:P21) -> 71
B13: 07.45 - 08.00 | C13: 3 | D13: 1 | E13: 0 | F13: 2 | G13: 0 | H13: 0 | I13: 0 | J13: 2 | K13: 0 | L13: 0 | M13: 10 | N13: 0 | O13: =SUM('28.10 MASAKA-MUTUKULA-24HR'!C13:L13,'28.10 MASAKA-MUTUKULA-24HR'!N13) -> 8 | P13: =SUM('28.10 MASAKA-MUTUKULA-24HR'!C13:N13) -> 18 | R13: 1000-1100 | S13: =SUM('28.10 MASAKA-MUTUKULA-24HR'!C22:C25) -> 10 | T13: =SUM('28.10 MASAKA-MUTUKULA-24HR'!D22:D25) -> 2 | U13: =SUM('28.10 MASAKA-MUTUKULA-24HR'!E22:E25) -> 1 | V13: =SUM('28.10 MASAKA-MUTUKULA-24HR'!F22:F25) -> 5 | W13: =SUM('28.10 MASAKA-MUTUKULA-24HR'!G22:G25) -> 0 | X13: =SUM('28.10 MASAKA-MUTUKULA-24HR'!H22:H25) -> 0 | Y13: =SUM('28.10 MASAKA-MUTUKULA-24HR'!I22:I25) -> 2 | Z13: =SUM('28.10 MASAKA-MUTUKULA-24HR'!J22:J25) -> 7 | ... AF13: =SUM('28.10 MASAKA-MUTUKULA-24HR'!P22:P25) -> 74
B14: 08.00 - 08.15 | C14: 3 | D14: 1 | E14: 0 | F14: 0 | G14: 0 | H14: 0 | I14: 0 | J14: 4 | K14: 0 | L14: 0 | M14: 5 | N14: 0 | O14: =SUM('28.10 MASAKA-MUTUKULA-24HR'!C14:L14,'28.10 MASAKA-MUTUKULA-24HR'!N14) -> 8 | P14: =SUM('28.10 MASAKA-MUTUKULA-24HR'!C14:N14) -> 13 | R14: 1100-1200 | S14: =SUM('28.10 MASAKA-MUTUKULA-24HR'!C26:C29) -> 6 | T14: =SUM('28.10 MASAKA-MUTUKULA-24HR'!D26:D29) -> 1 | U14: =SUM('28.10 MASAKA-MUTUKULA-24HR'!E26:E29) -> 0 | V14: =SUM('28.10 MASAKA-MUTUKULA-24HR'!F26:F29) -> 7 | W14: =SUM('28.10 MASAKA-MUTUKULA-24HR'!G26:G29) -> 0 | X14: =SUM('28.10 MASAKA-MUTUKULA-24HR'!H26:H29) -> 0 | Y14: =SUM('28.10 MASAKA-MUTUKULA-24HR'!I26:I29) -> 1 | Z14: =SUM('28.10 MASAKA-MUTUKULA-24HR'!J26:J29) -> 9 | ... AF14: =SUM('28.10 MASAKA-MUTUKULA-24HR'!P26:P29) -> 67
B15: 08.15 - 08.30 | C15: 4 | D15: 0 | E15: 0 | F15: 2 | G15: 0 | H15: 0 | I15: 0 | J15: 1 | K15: 0 | L15: 0 | M15: 17 | N15: 0 | O15: =SUM('28.10 MASAKA-MUTUKULA-24HR'!C15:L15,'28.10 MASAKA-MUTUKULA-24HR'!N15) -> 7 | P15: =SUM('28.10 MASAKA-MUTUKULA-24HR'!C15:N15) -> 24 | R15: 1200-1300 | S15: =SUM('28.10 MASAKA-MUTUKULA-24HR'!C30:C33) -> 8 | T15: =SUM('28.10 MASAKA-MUTUKULA-24HR'!D30:D33) -> 0 | U15: =SUM('28.10 MASAKA-MUTUKULA-24HR'!E30:E33) -> 1 | V15: =SUM('28.10 MASAKA-MUTUKULA-24HR'!F30:F33) -> 13 | W15: =SUM('28.10 MASAKA-MUTUKULA-24HR'!G30:G33) -> 0 | X15: =SUM('28.10 MASAKA-MUTUKULA-24HR'!H30:H33) -> 0 | Y15: =SUM('28.10 MASAKA-MUTUKULA-24HR'!I30:I33) -> 3 | Z15: =SUM('28.10 MASAKA-MUTUKULA-24HR'!J30:J33) -> 3 | ... AF15: =SUM('28.10 MASAKA-MUTUKULA-24HR'!P30:P33) -> 58
B16: 08.30 - 08.45 | C16: 0 | D16: 0 | E16: 0 | F16: 2 | G16: 0 | H16: 0 | I16: 1 | J16: 5 | K16: 0 | L16: 0 | M16: 8 | N16: 0 | O16: =SUM('28.10 MASAKA-MUTUKULA-24HR'!C16:L16,'28.10 MASAKA-MUTUKULA-24HR'!N16) -> 8 | P16: =SUM('28.10 MASAKA-MUTUKULA-24HR'!C16:N16) -> 16 | R16: 1300-1400 | S16: =SUM('28.10 MASAKA-MUTUKULA-24HR'!C34:C37) -> 8 | T16: =SUM('28.10 MASAKA-MUTUKULA-24HR'!D34:D37) -> 1 | U16: =SUM('28.10 MASAKA-MUTUKULA-24HR'!E34:E37) -> 0 | V16: =SUM('28.10 MASAKA-MUTUKULA-24HR'!F34:F37) -> 15 | W16: =SUM('28.10 MASAKA-MUTUKULA-24HR'!G34:G37) -> 0 | X16: =SUM('28.10 MASAKA-MUTUKULA-24HR'!H34:H37) -> 0 | Y16: =SUM('28.10 MASAKA-MUTUKULA-24HR'!I34:I37) -> 3 | Z16: =SUM('28.10 MASAKA-MUTUKULA-24HR'!J34:J37) -> 3 | ... AF16: =SUM('28.10 MASAKA-MUTUKULA-24HR'!P34:P37) -> 66
B17: 08.45 - 9.00 | C17: 0 | D17: 0 | E17: 0 | F17: 2 | G17: 0 | H17: 0 | I17: 0 | J17: 0 | K17: 0 | L17: 0 | M17: 16 | N17: 0 | O17: =SUM('28.10 MASAKA-MUTUKULA-24HR'!C17:L17,'28.10 MASAKA-MUTUKULA-24HR'!N17) -> 2 | P17: =SUM('28.10 MASAKA-MUTUKULA-24HR'!C17:N17) -> 18 | R17: 1400-1500 | S17: =SUM('28.10 MASAKA-MUTUKULA-24HR'!C38:C41) -> 12 | T17: =SUM('28.10 MASAKA-MUTUKULA-24HR'!D38:D41) -> 1 | U17: =SUM('28.10 MASAKA-MUTUKULA-24HR'!E38:E41) -> 2 | V17: =SUM('28.10 MASAKA-MUTUKULA-24HR'!F38:F41) -> 10 | W17: =SUM('28.10 MASAKA-MUTUKULA-24HR'!G38:G41) -> 0 | X17: =SUM('28.10 MASAKA-MUTUKULA-24HR'!H38:H41) -> 0 | Y17: =SUM('28.10 MASAKA-MUTUKULA-24HR'!I38:I41) -> 0 | Z17: =SUM('28.10 MASAKA-MUTUKULA-24HR'!J38:J41) -> 1 | ... AF17: =SUM('28.10 MASAKA-MUTUKULA-24HR'!P38:P41) -> 57
B18: 09.00 - 09.15 | C18: 4 | D18: 1 | E18: 0 | F18: 0 | G18: 0 | H18: 0 | I18: 0 | J18: 3 | K18: 0 | L18: 0 | M18: 12 | N18: 0 | O18: =SUM('28.10 MASAKA-MUTUKULA-24HR'!C18:L18,'28.10 MASAKA-MUTUKULA-24HR'!N18) -> 8 | P18: =SUM('28.10 MASAKA-MUTUKULA-24HR'!C18:N18) -> 20 | R18: 1500-1600 | S18: =SUM('28.10 MASAKA-MUTUKULA-24HR'!C42:C45) -> 4 | T18: =SUM('28.10 MASAKA-MUTUKULA-24HR'!D42:D45) -> 2 | U18: =SUM('28.10 MASAKA-MUTUKULA-24HR'!E42:E45) -> 1 | V18: =SUM('28.10 MASAKA-MUTUKULA-24HR'!F42:F45) -> 6 | W18: =SUM('28.10 MASAKA-MUTUKULA-24HR'!G42:G45) -> 0 | X18: =SUM('28.10 MASAKA-MUTUKULA-24HR'!H42:H45) -> 0 | Y18: =SUM('28.10 MASAKA-MUTUKULA-24HR'!I42:I45) -> 2 | Z18: =SUM('28.10 MASAKA-MUTUKULA-24HR'!J42:J45) -> 0 | ... AF18: =SUM('28.10 MASAKA-MUTUKULA-24HR'!P42:P45) -> 54
B19: 09.15 - 09.30 | C19: 3 | D19: 0 | E19: 0 | F19: 1 | G19: 0 | H19: 0 | I19: 0 | J19: 1 | K19: 1 | L19: 0 | M19: 7 | N19: 0 | O19: =SUM('28.10 MASAKA-MUTUKULA-24HR'!C19:L19,'28.10 MASAKA-MUTUKULA-24HR'!N19) -> 6 | P19: =SUM('28.10 MASAKA-MUTUKULA-24HR'!C19:N19) -> 13 | R19: 1600-1700 | S19: =SUM('28.10 MASAKA-MUTUKULA-24HR'!C46:C49) -> 11 | T19: =SUM('28.10 MASAKA-MUTUKULA-24HR'!D46:D49) -> 4 | U19: =SUM('28.10 MASAKA-MUTUKULA-24HR'!E46:E49) -> 0 | V19: =SUM('28.10 MASAKA-MUTUKULA-24HR'!F46:F49) -> 3 | W19: =SUM('28.10 MASAKA-MUTUKULA-24HR'!G46:G49) -> 0 | X19: =SUM('28.10 MASAKA-MUTUKULA-24HR'!H46:H49) -> 0 | Y19: =SUM('28.10 MASAKA-MUTUKULA-24HR'!I46:I49) -> 1 | Z19: =SUM('28.10 MASAKA-MUTUKULA-24HR'!J46:J49) -> 2 | ... AF19: =SUM('28.10 MASAKA-MUTUKULA-24HR'!P46:P49) -> 69
B20: 09.30 - 09.45 | C20: 4 | D20: 1 | E20: 0 | F20: 1 | G20: 0 | H20: 0 | I20: 0 | J20: 0 | K20: 6 | L20: 0 | M20: 13 | N20: 0 | O20: =SUM('28.10 MASAKA-MUTUKULA-24HR'!C20:L20,'28.10 MASAKA-MUTUKULA-24HR'!N20) -> 12 | P20: =SUM('28.10 MASAKA-MUTUKULA-24HR'!C20:N20) -> 25 | R20: 1700-1800 | S20: =SUM('28.10 MASAKA-MUTUKULA-24HR'!C50:C53) -> 12 | T20: =SUM('28.10 MASAKA-MUTUKULA-24HR'!D50:D53) -> 2 | U20: =SUM('28.10 MASAKA-MUTUKULA-24HR'!E50:E53) -> 0 | V20: =SUM('28.10 MASAKA-MUTUKULA-24HR'!F50:F53) -> 7 | W20: =SUM('28.10 MASAKA-MUTUKULA-24HR'!G50:G53) -> 0 | X20: =SUM('28.10 MASAKA-MUTUKULA-24HR'!H50:H53) -> 0 | Y20: =SUM('28.10 MASAKA-MUTUKULA-24HR'!I50:I53) -> 2 | Z20: =SUM('28.10 MASAKA-MUTUKULA-24HR'!J50:J53) -> 3 | ... AF20: =SUM('28.10 MASAKA-MUTUKULA-24HR'!P50:P53) -> 64
B21: 09.45 - 10.00 | C21: 0 | D21: 0 | E21: 0 | F21: 1 | G21: 0 | H21: 0 | I21: 1 | J21: 2 | K21: 0 | L21: 0 | M21: 9 | N21: 0 | O21: =SUM('28.10 MASAKA-MUTUKULA-24HR'!C21:L21,'28.10 MASAKA-MUTUKULA-24HR'!N21) -> 4 | P21: =SUM('28.10 MASAKA-MUTUKULA-24HR'!C21:N21) -> 13 | R21: 1800-1900 | S21: =SUM('28.10 MASAKA-MUTUKULA-24HR'!C54:C57) -> 15 | T21: =SUM('28.10 MASAKA-MUTUKULA-24HR'!D54:D57) -> 3 | U21: =SUM('28.10 MASAKA-MUTUKULA-24HR'!E54:E57) -> 3 | V21: =SUM('28.10 MASAKA-MUTUKULA-24HR'!F54:F57) -> 7 | W21: =SUM('28.10 MASAKA-MUTUKULA-24HR'!G54:G57) -> 0 | X21: =SUM('28.10 MASAKA-MUTUKULA-24HR'!H54:H57) -> 0 | Y21: =SUM('28.10 MASAKA-MUTUKULA-24HR'!I54:I57) -> 5 | Z21: =SUM('28.10 MASAKA-MUTUKULA-24HR'!J54:J57) -> 2 | ... AF21: =SUM('28.10 MASAKA-MUTUKULA-24HR'!P54:P57) -> 95
B22: 10.00 - 10.15 | C22: 1 | D22: 0 | E22: 0 | F22: 1 | G22: 0 | H22: 0 | I22: 0 | J22: 1 | K22: 0 | L22: 0 | M22: 15 | N22: 0 | O22: =SUM('28.10 MASAKA-MUTUKULA-24HR'!C22:L22,'28.10 MASAKA-MUTUKULA-24HR'!N22) -> 3 | P22: =SUM('28.10 MASAKA-MUTUKULA-24HR'!C22:N22) -> 18 | R22: AM Peak Hr | S22: =MAX(S10:S12) -> 17 | T22: =MAX(T10:T12) -> 2 | U22: =MAX(U10:U12) -> 0 | V22: =MAX(V10:V12) -> 6 | W22: =MAX(W10:W12) -> 0 | X22: =MAX(X10:X12) -> 0 | Y22: =MAX(Y10:Y12) -> 2 | Z22: =MAX(Z10:Z12) -> 10 | ... AF22: =MAX(AF10:AF12) -> 79
B23: 10.15 - 10.30 | C23: 4 | D23: 1 | E23: 0 | F23: 2 | G23: 0 | H23: 0 | I23: 0 | J23: 1 | K23: 0 | L23: 0 | M23: 8 | N23: 0 | O23: =SUM('28.10 MASAKA-MUTUKULA-24HR'!C23:L23,'28.10 MASAKA-MUTUKULA-24HR'!N23) -> 8 | P23: =SUM('28.10 MASAKA-MUTUKULA-24HR'!C23:N23) -> 16 | R23: IP Peak Hr | S23: =MAX(S13:S18) -> 12 | T23: =MAX(T13:T18) -> 2 | U23: =MAX(U13:U18) -> 2 | V23: =MAX(V13:V18) -> 15 | W23: =MAX(W13:W18) -> 0 | X23: =MAX(X13:X18) -> 0 | Y23: =MAX(Y13:Y18) -> 3 | Z23: =MAX(Z13:Z18) -> 9 | ... AF23: =MAX(AF13:AF18) -> 74
B24: 10.30 - 10.45 | C24: 3 | D24: 0 | E24: 1 | F24: 2 | G24: 0 | H24: 0 | I24: 0 | J24: 3 | K24: 0 | L24: 0 | M24: 10 | N24: 0 | O24: =SUM('28.10 MASAKA-MUTUKULA-24HR'!C24:L24,'28.10 MASAKA-MUTUKULA-24HR'!N24) -> 9 | P24: =SUM('28.10 MASAKA-MUTUKULA-24HR'!C24:N24) -> 19 | R24: PM Peak Hr | S24: =MAX(S19:S21) -> 15 | T24: =MAX(T19:T21) -> 4 | U24: =MAX(U19:U21) -> 3 | V24: =MAX(V19:V21) -> 7 | W24: =MAX(W19:W21) -> 0 | X24: =MAX(X19:X21) -> 0 | Y24: =MAX(Y19:Y21) -> 5 | Z24: =MAX(Z19:Z21) -> 3 | ... AF24: =MAX(AF19:AF21) -> 95
B25: 10.45 - 11.00 | C25: 2 | D25: 1 | E25: 0 | F25: 0 | G25: 0 | H25: 0 | I25: 2 | J25: 2 | K25: 2 | L25: 0 | M25: 12 | N25: 0 | O25: =SUM('28.10 MASAKA-MUTUKULA-24HR'!C25:L25,'28.10 MASAKA-MUTUKULA-24HR'!N25) -> 9 | P25: =SUM('28.10 MASAKA-MUTUKULA-24HR'!C25:N25) -> 21 | R25: AM Period | S25: =SUM(S10:S12) -> 35 | T25: =SUM(T10:T12) -> 5 | U25: =SUM(U10:U12) -> 0 | V25: =SUM(V10:V12) -> 12 | W25: =SUM(W10:W12) -> 0 | X25: =SUM(X10:X12) -> 0 | Y25: =SUM(Y10:Y12) -> 4 | Z25: =SUM(Z10:Z12) -> 24 | ... AF25: =SUM(AF10:AF12) -> 221
B26: 11.00 - 11.15 | C26: 1 | D26: 1 | E26: 0 | F26: 1 | G26: 0 | H26: 0 | I26: 1 | J26: 1 | K26: 0 | L26: 0 | M26: 7 | N26: 0 | O26: =SUM('28.10 MASAKA-MUTUKULA-24HR'!C26:L26,'28.10 MASAKA-MUTUKULA-24HR'!N26) -> 5 | P26: =SUM('28.10 MASAKA-MUTUKULA-24HR'!C26:N26) -> 12 | R26: IP Period | S26: =SUM(S13:S18) -> 48 | T26: =SUM(T13:T18) -> 7 | U26: =SUM(U13:U18) -> 5 | V26: =SUM(V13:V18) -> 56 | W26: =SUM(W13:W18) -> 0 | X26: =SUM(X13:X18) -> 0 | Y26: =SUM(Y13:Y18) -> 11 | Z26: =SUM(Z13:Z18) -> 23 | ... AF26: =SUM(AF13:AF18) -> 376
B27: 11.15 - 11.30 | C27: 0 | D27: 0 | E27: 0 | F27: 2 | G27: 0 | H27: 0 | I27: 0 | J27: 3 | K27: 0 | L27: 0 | M27: 17 | N27: 0 | O27: =SUM('28.10 MASAKA-MUTUKULA-24HR'!C27:L27,'28.10 MASAKA-MUTUKULA-24HR'!N27) -> 5 | P27: =SUM('28.10 MASAKA-MUTUKULA-24HR'!C27:N27) -> 22 | R27: PM Period | S27: =SUM(S19:S21) -> 38 | T27: =SUM(T19:T21) -> 9 | U27: =SUM(U19:U21) -> 3 | V27: =SUM(V19:V21) -> 17 | W27: =SUM(W19:W21) -> 0 | X27: =SUM(X19:X21) -> 0 | Y27: =SUM(Y19:Y21) -> 8 | Z27: =SUM(Z19:Z21) -> 7 | ... AF27: =SUM(AF19:AF21) -> 228
B28: 11.30 - 11.45 | C28: 2 | D28: 0 | E28: 0 | F28: 0 | G28: 0 | H28: 0 | I28: 0 | J28: 1 | K28: 0 | L28: 0 | M28: 12 | N28: 0 | O28: =SUM('28.10 MASAKA-MUTUKULA-24HR'!C28:L28,'28.10 MASAKA-MUTUKULA-24HR'!N28) -> 3 | P28: =SUM('28.10 MASAKA-MUTUKULA-24HR'!C28:N28) -> 15 | R28: 12 Hours | S28: =SUM(S10:S21) -> 121 | T28: =SUM(T10:T21) -> 21 | U28: =SUM(U10:U21) -> 8 | V28: =SUM(V10:V21) -> 85 | W28: =SUM(W10:W21) -> 0 | X28: =SUM(X10:X21) -> 0 | Y28: =SUM(Y10:Y21) -> 23 | Z28: =SUM(Z10:Z21) -> 54 | ... AF28: =SUM(AF10:AF21) -> 825
B29: 11.45 - 12.00 | C29: 3 | D29: 0 | E29: 0 | F29: 4 | G29: 0 | H29: 0 | I29: 0 | J29: 4 | K29: 1 | L29: 0 | M29: 6 | N29: 0 | O29: =SUM('28.10 MASAKA-MUTUKULA-24HR'!C29:L29,'28.10 MASAKA-MUTUKULA-24HR'!N29) -> 12 | P29: =SUM('28.10 MASAKA-MUTUKULA-24HR'!C29:N29) -> 18 | R29: 0200-0300 | S29: =SUM(C86:C89) -> 0 | T29: =SUM(D86:D89) -> 0 | U29: =SUM(E86:E89) -> 0 | V29: =SUM(F86:F89) -> 0 | W29: =SUM(G86:G89) -> 0 | X29: =SUM(H86:H89) -> 1 | Y29: =SUM(I86:I89) -> 0 | Z29: =SUM(J86:J89) -> 1 | ... AF29: =SUM(P86:P89) -> 5
B30: 12.00 - 12.15 | C30: 0 | D30: 0 | E30: 0 | F30: 5 | G30: 0 | H30: 0 | I30: 1 | J30: 0 | K30: 0 | L30: 0 | M30: 14 | N30: 0 | O30: =SUM('28.10 MASAKA-MUTUKULA-24HR'!C30:L30,'28.10 MASAKA-MUTUKULA-24HR'!N30) -> 6 | P30: =SUM('28.10 MASAKA-MUTUKULA-24HR'!C30:N30) -> 20 | R30: 0300-0400 | S30: =SUM(C90:C93) -> 0 | T30: =SUM(D90:D93) -> 0 | U30: =SUM(E90:E93) -> 0 | V30: =SUM(F90:F93) -> 0 | W30: =SUM(G90:G93) -> 0 | X30: =SUM(H90:H93) -> 1 | Y30: =SUM(I90:I93) -> 0 | Z30: =SUM(J90:J93) -> 3 | ... AF30: =SUM(P90:P93) -> 8
B31: 12.15 - 12.30 | C31: 2 | D31: 0 | E31: 0 | F31: 2 | G31: 0 | H31: 0 | I31: 0 | J31: 1 | K31: 0 | L31: 0 | M31: 3 | N31: 0 | O31: =SUM('28.10 MASAKA-MUTUKULA-24HR'!C31:L31,'28.10 MASAKA-MUTUKULA-24HR'!N31) -> 5 | P31: =SUM('28.10 MASAKA-MUTUKULA-24HR'!C31:N31) -> 8 | R31: 0400-0500 | S31: =SUM(C94:C97) -> 0 | T31: =SUM(D94:D97) -> 0 | U31: =SUM(E94:E97) -> 0 | V31: =SUM(F94:F97) -> 0 | W31: =SUM(G94:G97) -> 0 | X31: =SUM(H94:H97) -> 0 | Y31: =SUM(I94:I97) -> 0 | Z31: =SUM(J94:J97) -> 3 | ... AF31: =SUM(P94:P97) -> 5
B32: 12.30 - 12.45 | C32: 5 | D32: 0 | E32: 0 | F32: 6 | G32: 0 | H32: 0 | I32: 0 | J32: 0 | K32: 0 | L32: 0 | M32: 8 | N32: 0 | O32: =SUM('28.10 MASAKA-MUTUKULA-24HR'!C32:L32,'28.10 MASAKA-MUTUKULA-24HR'!N32) -> 11 | P32: =SUM('28.10 MASAKA-MUTUKULA-24HR'!C32:N32) -> 19 | R32: 0500-0600 | S32: =SUM(C98:C101) -> 0 | T32: =SUM(D98:D101) -> 0 | U32: =SUM(E98:E101) -> 0 | V32: =SUM(F98:F101) -> 0 | W32: =SUM(G98:G101) -> 0 | X32: =SUM(H98:H101) -> 0 | Y32: =SUM(I98:I101) -> 1 | Z32: =SUM(J98:J101) -> 3 | ... AF32: =SUM(P98:P101) -> 5
B33: 12.45 - 13.00 | C33: 1 | D33: 0 | E33: 1 | F33: 0 | G33: 0 | H33: 0 | I33: 2 | J33: 2 | K33: 1 | L33: 0 | M33: 4 | N33: 0 | O33: =SUM('28.10 MASAKA-MUTUKULA-24HR'!C33:L33,'28.10 MASAKA-MUTUKULA-24HR'!N33) -> 7 | P33: =SUM('28.10 MASAKA-MUTUKULA-24HR'!C33:N33) -> 11 | R33: 0600-0700 | S33: =SUM(C102:C105) -> 4 | T33: =SUM(D102:D105) -> 3 | U33: =SUM(E102:E105) -> 0 | V33: =SUM(F102:F105) -> 1 | W33: =SUM(G102:G105) -> 0 | X33: =SUM(H102:H105) -> 0 | Y33: =SUM(I102:I105) -> 0 | Z33: =SUM(J102:J105) -> 4 | ... AF33: =SUM(P102:P105) -> 31
B34: 13.00 - 13.15 | C34: 4 | D34: 0 | E34: 0 | F34: 7 | G34: 0 | H34: 0 | I34: 0 | J34: 2 | K34: 0 | L34: 0 | M34: 12 | N34: 0 | O34: =SUM('28.10 MASAKA-MUTUKULA-24HR'!C34:L34,'28.10 MASAKA-MUTUKULA-24HR'!N34) -> 13 | P34: =SUM('28.10 MASAKA-MUTUKULA-24HR'!C34:N34) -> 25 | R34: AM Peak Hr | S34: =MAX(#REF!) -> #REF! | T34: =MAX(#REF!) -> #REF! | U34: =MAX(#REF!) -> #REF! | V34: =MAX(#REF!) -> #REF! | W34: =MAX(#REF!) -> #REF! | X34: =MAX(#REF!) -> #REF! | Y34: =MAX(#REF!) -> #REF! | Z34: =MAX(#REF!) -> #REF! | ... AF34: =MAX(#REF!) -> #REF!
B35: 13.15 - 13.30 | C35: 1 | D35: 1 | E35: 0 | F35: 5 | G35: 0 | H35: 0 | I35: 2 | J35: 0 | K35: 3 | L35: 0 | M35: 8 | N35: 0 | O35: =SUM('28.10 MASAKA-MUTUKULA-24HR'!C35:L35,'28.10 MASAKA-MUTUKULA-24HR'!N35) -> 12 | P35: =SUM('28.10 MASAKA-MUTUKULA-24HR'!C35:N35) -> 20 | R35: IP Peak Hr | S35: =MAX(#REF!) -> #REF! | T35: =MAX(#REF!) -> #REF! | U35: =MAX(#REF!) -> #REF! | V35: =MAX(#REF!) -> #REF! | W35: =MAX(#REF!) -> #REF! | X35: =MAX(#REF!) -> #REF! | Y35: =MAX(#REF!) -> #REF! | Z35: =MAX(#REF!) -> #REF! | ... AF35: =MAX(#REF!) -> #REF!
B36: 13.30 - 13.45 | C36: 0 | D36: 0 | E36: 0 | F36: 2 | G36: 0 | H36: 0 | I36: 1 | J36: 0 | K36: 5 | L36: 0 | M36: 4 | N36: 0 | O36: =SUM('28.10 MASAKA-MUTUKULA-24HR'!C36:L36,'28.10 MASAKA-MUTUKULA-24HR'!N36) -> 8 | P36: =SUM('28.10 MASAKA-MUTUKULA-24HR'!C36:N36) -> 12 | R36: PM Peak Hr | S36: =MAX(#REF!) -> #REF! | T36: =MAX(#REF!) -> #REF! | U36: =MAX(#REF!) -> #REF! | V36: =MAX(#REF!) -> #REF! | W36: =MAX(#REF!) -> #REF! | X36: =MAX(#REF!) -> #REF! | Y36: =MAX(#REF!) -> #REF! | Z36: =MAX(#REF!) -> #REF! | ... AF36: =MAX(#REF!) -> #REF!
B37: 13.45 - 14.00 | C37: 3 | D37: 0 | E37: 0 | F37: 1 | G37: 0 | H37: 0 | I37: 0 | J37: 1 | K37: 2 | L37: 0 | M37: 2 | N37: 0 | O37: =SUM('28.10 MASAKA-MUTUKULA-24HR'!C37:L37,'28.10 MASAKA-MUTUKULA-24HR'!N37) -> 7 | P37: =SUM('28.10 MASAKA-MUTUKULA-24HR'!C37:N37) -> 9 | R37: AM Period | S37: =SUM(#REF!) -> #REF! | T37: =SUM(#REF!) -> #REF! | U37: =SUM(#REF!) -> #REF! | V37: =SUM(#REF!) -> #REF! | W37: =SUM(#REF!) -> #REF! | X37: =SUM(#REF!) -> #REF! | Y37: =SUM(#REF!) -> #REF! | Z37: =SUM(#REF!) -> #REF! | ... AF37: =SUM(#REF!) -> #REF!
B38: 14.00 - 14.15 | C38: 3 | D38: 0 | E38: 0 | F38: 6 | G38: 0 | H38: 0 | I38: 0 | J38: 0 | K38: 0 | L38: 0 | M38: 11 | N38: 0 | O38: =SUM('28.10 MASAKA-MUTUKULA-24HR'!C38:L38,'28.10 MASAKA-MUTUKULA-24HR'!N38) -> 9 | P38: =SUM('28.10 MASAKA-MUTUKULA-24HR'!C38:N38) -> 20 | R38: IP Period | S38: =SUM(#REF!) -> #REF! | T38: =SUM(#REF!) -> #REF! | U38: =SUM(#REF!) -> #REF! | V38: =SUM(#REF!) -> #REF! | W38: =SUM(#REF!) -> #REF! | X38: =SUM(#REF!) -> #REF! | Y38: =SUM(#REF!) -> #REF! | Z38: =SUM(#REF!) -> #REF! | ... AF38: =SUM(#REF!) -> #REF!
B39: 14.15 - 14.30 | C39: 1 | D39: 0 | E39: 1 | F39: 1 | G39: 0 | H39: 0 | I39: 0 | J39: 1 | K39: 0 | L39: 0 | M39: 5 | N39: 0 | O39: =SUM('28.10 MASAKA-MUTUKULA-24HR'!C39:L39,'28.10 MASAKA-MUTUKULA-24HR'!N39) -> 4 | P39: =SUM('28.10 MASAKA-MUTUKULA-24HR'!C39:N39) -> 9 | R39: PM Period | S39: =SUM(#REF!) -> #REF! | T39: =SUM(#REF!) -> #REF! | U39: =SUM(#REF!) -> #REF! | V39: =SUM(#REF!) -> #REF! | W39: =SUM(#REF!) -> #REF! | X39: =SUM(#REF!) -> #REF! | Y39: =SUM(#REF!) -> #REF! | Z39: =SUM(#REF!) -> #REF! | ... AF39: =SUM(#REF!) -> #REF!
B40: 14.30 - 14.45 | C40: 1 | D40: 0 | E40: 1 | F40: 0 | G40: 0 | H40: 0 | I40: 0 | J40: 0 | K40: 0 | L40: 0 | M40: 10 | N40: 0 | O40: =SUM('28.10 MASAKA-MUTUKULA-24HR'!C40:L40,'28.10 MASAKA-MUTUKULA-24HR'!N40) -> 2 | P40: =SUM('28.10 MASAKA-MUTUKULA-24HR'!C40:N40) -> 12 | R40: 12 Hours | S40: =SUM(#REF!) -> #REF! | T40: =SUM(#REF!) -> #REF! | U40: =SUM(#REF!) -> #REF! | V40: =SUM(#REF!) -> #REF! | W40: =SUM(#REF!) -> #REF! | X40: =SUM(#REF!) -> #REF! | Y40: =SUM(#REF!) -> #REF! | Z40: =SUM(#REF!) -> #REF! | ... AF40: =SUM(#REF!) -> #REF!
B41: 14.45 - 15.00 | C41: 7 | D41: 1 | E41: 0 | F41: 3 | G41: 0 | H41: 0 | I41: 0 | J41: 0 | K41: 0 | L41: 0 | M41: 5 | N41: 0 | O41: =SUM('28.10 MASAKA-MUTUKULA-24HR'!C41:L41,'28.10 MASAKA-MUTUKULA-24HR'!N41) -> 11 | P41: =SUM('28.10 MASAKA-MUTUKULA-24HR'!C41:N41) -> 16 | R41: 24 Hrs/ADT | S41: =SUM(S10:S33) -> 411 | T41: =SUM(T10:T33) -> 74 | U41: =SUM(U10:U33) -> 29 | V41: =SUM(V10:V33) -> 284 | W41: =SUM(W10:W33) -> 0 | X41: =SUM(X10:X33) -> 2 | Y41: =SUM(Y10:Y33) -> 80 | Z41: =SUM(Z10:Z33) -> 198 | ... AF41: =SUM(AF10:AF33) -> 2777
B42: 15.00 - 15.15 | C42: 2 | D42: 1 | E42: 0 | F42: 1 | G42: 0 | H42: 0 | I42: 0 | J42: 0 | K42: 1 | L42: 0 | M42: 11 | N42: 0 | O42: =SUM('28.10 MASAKA-MUTUKULA-24HR'!C42:L42,'28.10 MASAKA-MUTUKULA-24HR'!N42) -> 5 | P42: =SUM('28.10 MASAKA-MUTUKULA-24HR'!C42:N42) -> 16 | R42: NEF | S42: =S41/S40 -> #REF! | T42: =T41/T40 -> #REF! | U42: =U41/U40 -> #REF! | V42: =V41/V40 -> #REF! | W42: =W41/W40 -> #REF! | X42: =X41/X40 -> #REF! | Y42: =Y41/Y40 -> #REF! | Z42: =Z41/Z40 -> #REF! | ... AF42: =AF41/AF40 -> #REF!
B43: 15.15 - 15.30 | C43: 0 | D43: 0 | E43: 0 | F43: 0 | G43: 0 | H43: 0 | I43: 1 | J43: 0 | K43: 0 | L43: 0 | M43: 10 | N43: 0 | O43: =SUM('28.10 MASAKA-MUTUKULA-24HR'!C43:L43,'28.10 MASAKA-MUTUKULA-24HR'!N43) -> 1 | P43: =SUM('28.10 MASAKA-MUTUKULA-24HR'!C43:N43) -> 11
B44: 15.30 - 15.45 | C44: 1 | D44: 1 | E44: 1 | F44: 3 | G44: 0 | H44: 0 | I44: 0 | J44: 0 | K44: 0 | L44: 0 | M44: 10 | N44: 0 | O44: =SUM('28.10 MASAKA-MUTUKULA-24HR'!C44:L44,'28.10 MASAKA-MUTUKULA-24HR'!N44) -> 6 | P44: =SUM('28.10 MASAKA-MUTUKULA-24HR'!C44:N44) -> 16
B45: 15.45 - 16.00 | C45: 1 | D45: 0 | E45: 0 | F45: 2 | G45: 0 | H45: 0 | I45: 1 | J45: 0 | K45: 0 | L45: 0 | M45: 7 | N45: 0 | O45: =SUM('28.10 MASAKA-MUTUKULA-24HR'!C45:L45,'28.10 MASAKA-MUTUKULA-24HR'!N45) -> 4 | P45: =SUM('28.10 MASAKA-MUTUKULA-24HR'!C45:N45) -> 11
B46: 16.00 - 16.15 | C46: 2 | D46: 2 | E46: 0 | F46: 2 | G46: 0 | H46: 0 | I46: 0 | J46: 1 | K46: 1 | L46: 0 | M46: 10 | N46: 0 | O46: =SUM('28.10 MASAKA-MUTUKULA-24HR'!C46:L46,'28.10 MASAKA-MUTUKULA-24HR'!N46) -> 8 | P46: =SUM('28.10 MASAKA-MUTUKULA-24HR'!C46:N46) -> 18
B47: 16.15 -16.30 | C47: 4 | D47: 0 | E47: 0 | F47: 1 | G47: 0 | H47: 0 | I47: 0 | J47: 0 | K47: 0 | L47: 0 | M47: 8 | N47: 0 | O47: =SUM('28.10 MASAKA-MUTUKULA-24HR'!C47:L47,'28.10 MASAKA-MUTUKULA-24HR'!N47) -> 5 | P47: =SUM('28.10 MASAKA-MUTUKULA-24HR'!C47:N47) -> 13
B48: 16.30 -16.45 | C48: 5 | D48: 2 | E48: 0 | F48: 0 | G48: 0 | H48: 0 | I48: 1 | J48: 1 | K48: 0 | L48: 0 | M48: 15 | N48: 0 | O48: =SUM('28.10 MASAKA-MUTUKULA-24HR'!C48:L48,'28.10 MASAKA-MUTUKULA-24HR'!N48) -> 9 | P48: =SUM('28.10 MASAKA-MUTUKULA-24HR'!C48:N48) -> 24
B49: 16.45 -17.00 | C49: 0 | D49: 0 | E49: 0 | F49: 0 | G49: 0 | H49: 0 | I49: 0 | J49: 0 | K49: 0 | L49: 0 | M49: 14 | N49: 0 | O49: =SUM('28.10 MASAKA-MUTUKULA-24HR'!C49:L49,'28.10 MASAKA-MUTUKULA-24HR'!N49) -> 0 | P49: =SUM('28.10 MASAKA-MUTUKULA-24HR'!C49:N49) -> 14
B50: 17.00 -17.15 | C50: 2 | D50: 0 | E50: 0 | F50: 2 | G50: 0 | H50: 0 | I50: 1 | J50: 0 | K50: 0 | L50: 0 | M50: 9 | N50: 0 | O50: =SUM('28.10 MASAKA-MUTUKULA-24HR'!C50:L50,'28.10 MASAKA-MUTUKULA-24HR'!N50) -> 5 | P50: =SUM('28.10 MASAKA-MUTUKULA-24HR'!C50:N50) -> 14
B51: 17.15 -17.30 | C51: 5 | D51: 0 | E51: 0 | F51: 1 | G51: 0 | H51: 0 | I51: 0 | J51: 0 | K51: 0 | L51: 0 | M51: 8 | N51: 0 | O51: =SUM('28.10 MASAKA-MUTUKULA-24HR'!C51:L51,'28.10 MASAKA-MUTUKULA-24HR'!N51) -> 6 | P51: =SUM('28.10 MASAKA-MUTUKULA-24HR'!C51:N51) -> 14
B52: 17.30 -17.45 | C52: 3 | D52: 0 | E52: 0 | F52: 3 | G52: 0 | H52: 0 | I52: 0 | J52: 2 | K52: 0 | L52: 0 | M52: 9 | N52: 0 | O52: =SUM('28.10 MASAKA-MUTUKULA-24HR'!C52:L52,'28.10 MASAKA-MUTUKULA-24HR'!N52) -> 8 | P52: =SUM('28.10 MASAKA-MUTUKULA-24HR'!C52:N52) -> 17
B53: 17.45 -18.00 | C53: 2 | D53: 2 | E53: 0 | F53: 1 | G53: 0 | H53: 0 | I53: 1 | J53: 1 | K53: 0 | L53: 0 | M53: 12 | N53: 0 | O53: =SUM('28.10 MASAKA-MUTUKULA-24HR'!C53:L53,'28.10 MASAKA-MUTUKULA-24HR'!N53) -> 7 | P53: =SUM('28.10 MASAKA-MUTUKULA-24HR'!C53:N53) -> 19
B54: 18.00 - 18.15 | C54: 3 | D54: 1 | E54: 2 | F54: 2 | G54: 0 | H54: 0 | I54: 0 | J54: 0 | K54: 0 | L54: 0 | M54: 17 | N54: 0 | O54: =SUM('28.10 MASAKA-MUTUKULA-24HR'!C54:L54,'28.10 MASAKA-MUTUKULA-24HR'!N54) -> 8 | P54: =SUM('28.10 MASAKA-MUTUKULA-24HR'!C54:N54) -> 25
... B57: 18.45 - 19.00 | C57: 0 | D57: 0 | E57: 0 | F57: 2 | G57: 0 | H57: 0 | I57: 1 | J57: 0 | K57: 0 | L57: 0 | M57: 11 | N57: 0 | O57: =SUM('28.10 MASAKA-MUTUKULA-24HR'!C57:L57,'28.10 MASAKA-MUTUKULA-24HR'!N57) -> 3 | P57: =SUM('28.10 MASAKA-MUTUKULA-24HR'!C57:N57) -> 14
B58: 19.00 - 19.15 | C58: 0 | D58: 0 | E58: 0 | F58: 0 | G58: 0 | H58: 0 | I58: 0 | J58: 2 | K58: 0 | L58: 0 | M58: 13 | N58: 0 | O58: =SUM(C58:L58,N58) -> 2 | P58: =SUM(C58:N58) -> 15
B59: 19.15 - 19.30 | C59: 3 | D59: 2 | E59: 0 | F59: 1 | G59: 0 | H59: 0 | I59: 0 | J59: 1 | K59: 0 | L59: 0 | M59: 22 | N59: 0 | O59: =SUM(C59:L59,N59) -> 7 | P59: =SUM(C59:N59) -> 29
B60: 19.30 - 19.45 | C60: 2 | D60: 1 | E60: 0 | F60: 1 | G60: 0 | H60: 0 | I60: 3 | J60: 0 | K60: 0 | L60: 0 | M60: 11 | N60: 0 | O60: =SUM(C60:L60,N60) -> 7 | P60: =SUM(C60:N60) -> 18
B61: 19.45 - 20.00 | C61: 4 | D61: 0 | E61: 0 | F61: 1 | G61: 0 | H61: 0 | I61: 0 | J61: 0 | K61: 2 | L61: 0 | M61: 8 | N61: 0 | O61: =SUM(C61:L61,N61) -> 7 | P61: =SUM(C61:N61) -> 15
B62: 20.00 - 20.15 | C62: 2 | D62: 0 | E62: 0 | F62: 0 | G62: 0 | H62: 0 | I62: 0 | J62: 0 | K62: 5 | L62: 0 | M62: 4 | N62: 0 | O62: =SUM(C62:L62,N62) -> 7 | P62: =SUM(C62:N62) -> 11
B63: 20.15 - 20.30 | C63: 1 | D63: 0 | E63: 0 | F63: 0 | G63: 0 | H63: 0 | I63: 0 | J63: 1 | K63: 3 | L63: 0 | M63: 5 | N63: 0 | O63: =SUM(C63:L63,N63) -> 5 | P63: =SUM(C63:N63) -> 10
B64: 20.30 - 20.45 | C64: 1 | D64: 1 | E64: 0 | F64: 0 | G64: 0 | H64: 0 | I64: 0 | J64: 0 | K64: 0 | L64: 0 | M64: 2 | N64: 0 | O64: =SUM(C64:L64,N64) -> 2 | P64: =SUM(C64:N64) -> 4
B65: 20.45 - 21.00 | C65: 2 | D65: 0 | E65: 1 | F65: 0 | G65: 0 | H65: 0 | I65: 0 | J65: 0 | K65: 0 | L65: 0 | M65: 3 | N65: 0 | O65: =SUM(C65:L65,N65) -> 3 | P65: =SUM(C65:N65) -> 6
B66: 21.00 - 21.15 | C66: 0 | D66: 0 | E66: 0 | F66: 0 | G66: 0 | H66: 0 | I66: 0 | J66: 0 | K66: 0 | L66: 0 | M66: 0 | N66: 0 | O66: =SUM(C66:L66,N66) -> 0 | P66: =SUM(C66:N66) -> 0
B67: 21.15 - 21.30 | C67: 3 | D67: 0 | E67: 0 | F67: 2 | G67: 0 | H67: 0 | I67: 1 | J67: 0 | K67: 0 | L67: 0 | M67: 9 | N67: 0 | O67: =SUM(C67:L67,N67) -> 6 | P67: =SUM(C67:N67) -> 15
B68: 21.30 - 21.45 | C68: 2 | D68: 0 | E68: 0 | F68: 0 | G68: 0 | H68: 0 | I68: 0 | J68: 0 | K68: 1 | L68: 0 | M68: 9 | N68: 0 | O68: =SUM(C68:L68,N68) -> 3 | P68: =SUM(C68:N68) -> 12
B69: 21.45 - 22.00 | C69: 1 | D69: 0 | E69: 0 | F69: 0 | G69: 2 | H69: 0 | I69: 0 | J69: 1 | K69: 1 | L69: 0 | M69: 6 | N69: 0 | O69: =SUM(C69:L69,N69) -> 5 | P69: =SUM(C69:N69) -> 11
... B105: 06.45 - 07.00 | C105: 1 | D105: 2 | E105: 0 | F105: 1 | G105: 0 | H105: 0 | I105: 0 | J105: 2 | K105: 0 | L105: 0 | M105: 8 | N105: 0 | O105: =SUM(C105:L105,N105) -> 6 | P105: =SUM(C105:N105) -> 14
B106: Totals | C106: =SUM(C10:C105) -> 159 | D106: =SUM(D10:D105) -> 32 | E106: =SUM(E10:E105) -> 10 | F106: =SUM(F10:F105) -> 95 | G106: =SUM(G10:G105) -> 6 | H106: =SUM(H10:H105) -> 2 | I106: =SUM(I10:I105) -> 31 | J106: =SUM(J10:J105) -> 83 | ... P106: =SUM(P10:P105) -> 1100
B107: %ges + MCs | C107: =C106/$P$106 -> 0.14454545 | D107: =D106/$P$106 -> 0.029090909 | E107: =E106/$P$106 -> 0.0090909091 | F107: =F106/$P$106 -> 0.086363636 | G107: =G106/$P$106 -> 0.0054545455 | H107: =H106/$P$106 -> 0.0018181818 | I107: =I106/$P$106 -> 0.028181818 | J107: =J106/$P$106 -> 0.075454545 | ... N107: =N106/$P$106 -> 0
B108: %ges w/o MCs | C108: =C106/$O$106 -> 0.33333333 | D108: =D106/$O$106 -> 0.067085954 | E108: =E106/$O$106 -> 0.020964361 | F108: =F106/$O$106 -> 0.19916143 | G108: =G106/$O$106 -> 0.012578616 | H108: =H106/$O$106 -> 0.0041928721 | I108: =I106/$O$106 -> 0.064989518 | J108: =J106/$O$106 -> 0.17400419 | ... L108: =L106/$O$106 -> 0.0020964361 | N108: =N106/$O$106 -> 0

Sheet 28.10 MUTUKULA-MASAKA-24HR
B1: Consultancy services for Preparation of Expressway Development Master Plan (EDMP) for Uganda
B2: MANUAL CLASSIFIED COUNT (MCC)
B3: ROAD NAME: | C3: ='31.10 Masaka-Mutukula'!C3:G3 -> MCC - C4- STN99-MASAKA-MUTUKULA
C5: Date | D5: ='28.10 MASAKA-MUTUKULA-24HR'!D5 -> 28.10.19 | F5: Location | G5: ='28.10 MASAKA-MUTUKULA-24HR'!G5:H5 -> MUTUKULA | J5: Surveyor | K5: Walter & Kaala Richard
C6: Dir. From | D6: ='31.10.MUTUKULA-MASAKA'!D6:E6 -> MUTUKULA | F6: Dir. To | G6: ='30.10 MUTUKULA-MASAKA'!G6:H6 -> MASAKA | J6: Supervisor | K6: ='28.10 MASAKA-MUTUKULA-24HR'!K6:L6 -> SANDRA
B8: Time / Veh Type | R8: SUMMARY TRAFFIC VOLUMES
C9: 1. Car | D9: 2. Station Wagon | E9: 3. Pickups | F9: 4. Minibus, matatu | G9: 5. Medium bus | H9: 6. Large Bus | I9: 7. Light Truck | J9: 8. Medium Truck | K9: 9. Heavy truck | L9: 10. Truck Trailer | M9: 11. Motor cycles | N9: 12. Tractors | O9: Total Excl M/Cycles | P9: Total All | R9: Time | S9: 1. Car | T9: 2. Station Wagon | U9: 3. Pickups | V9: 4. Minibus, matatu | W9: 5. Medium bus | X9: 6. Large Bus | Y9: 7. Light Truck | Z9: 8. Medium Truck | AA9: 9. Heavy truck | AB9: 10. Truck Trailer | AC9: 11. Motorcycles | AD9: 12. Tractors, Graders | AE9: Total Excl M/ Cycles | AF9: Total All
B10: 07.00 - 07.15 | C10: 1 | D10: 1 | E10: 0 | F10: 0 | G10: 0 | H10: 0 | I10: 0 | J10: 0 | K10: 0 | L10: 0 | M10: 7 | N10: 0 | O10: =SUM(C10:L10,N10) -> 2 | P10: =SUM(C10:N10) -> 9 | R10: 0700-0800 | S10: =SUM(C10:C13) -> 10 | T10: =SUM(D10:D13) -> 1 | U10: =SUM(E10:E13) -> 1 | V10: =SUM(F10:F13) -> 4 | W10: =SUM(G10:G13) -> 0 | X10: =SUM(H10:H13) -> 0 | Y10: =SUM(I10:I13) -> 0 | Z10: =SUM(J10:J13) -> 1 | ... AF10: =SUM(P10:P13) -> 45
B11: 07.15 - 07.30 | C11: 2 | D11: 0 | E11: 1 | F11: 0 | G11: 0 | H11: 0 | I11: 0 | J11: 0 | K11: 0 | L11: 0 | M11: 6 | N11: 0 | O11: =SUM(C11:L11,N11) -> 3 | P11: =SUM(C11:N11) -> 9 | R11: 0800-0900 | S11: =SUM(C14:C17) -> 8 | T11: =SUM(D14:D17) -> 0 | U11: =SUM(E14:E17) -> 0 | V11: =SUM(F14:F17) -> 6 | W11: =SUM(G14:G17) -> 0 | X11: =SUM(H14:H17) -> 0 | Y11: =SUM(I14:I17) -> 2 | Z11: =SUM(J14:J17) -> 1 | ... AF11: =SUM(P14:P17) -> 45
B12: 07.30 - 07.45 | C12: 3 | D12: 0 | E12: 0 | F12: 3 | G12: 0 | H12: 0 | I12: 0 | J12: 1 | K12: 0 | L12: 0 | M12: 7 | N12: 0 | O12: =SUM(C12:L12,N12) -> 7 | P12: =SUM(C12:N12) -> 14 | R12: 0900-1000 | S12: =SUM(C18:C21) -> 14 | T12: =SUM(D18:D21) -> 0 | U12: =SUM(E18:E21) -> 0 | V12: =SUM(F18:F21) -> 5 | W12: =SUM(G18:G21) -> 0 | X12: =SUM(H18:H21) -> 0 | Y12: =SUM(I18:I21) -> 4 | Z12: =SUM(J18:J21) -> 0 | ... AF12: =SUM(P18:P21) -> 66
B13: 07.45 - 08.00 | C13: 4 | D13: 0 | E13: 0 | F13: 1 | G13: 0 | H13: 0 | I13: 0 | J13: 0 | K13: 0 | L13: 0 | M13: 8 | N13: 0 | O13: =SUM(C13:L13,N13) -> 5 | P13: =SUM(C13:N13) -> 13 | R13: 1000-1100 | S13: =SUM(C22:C25) -> 7 | T13: =SUM(D22:D25) -> 3 | U13: =SUM(E22:E25) -> 1 | V13: =SUM(F22:F25) -> 5 | W13: =SUM(G22:G25) -> 0 | X13: =SUM(H22:H25) -> 0 | Y13: =SUM(I22:I25) -> 1 | Z13: =SUM(J22:J25) -> 2 | ... AF13: =SUM(P22:P25) -> 61
B14: 08.00 - 08.15 | C14: 2 | D14: 0 | E14: 0 | F14: 1 | G14: 0 | H14: 0 | I14: 1 | J14: 0 | K14: 0 | L14: 0 | M14: 7 | N14: 0 | O14: =SUM(C14:L14,N14) -> 4 | P14: =SUM(C14:N14) -> 11 | R14: 1100-1200 | S14: =SUM(C26:C29) -> 10 | T14: =SUM(D26:D29) -> 4 | U14: =SUM(E26:E29) -> 2 | V14: =SUM(F26:F29) -> 5 | W14: =SUM(G26:G29) -> 0 | X14: =SUM(H26:H29) -> 0 | Y14: =SUM(I26:I29) -> 3 | Z14: =SUM(J26:J29) -> 1 | ... AF14: =SUM(P26:P29) -> 53
B15: 08.15 - 08.30 | C15: 2 | D15: 0 | E15: 0 | F15: 1 | G15: 0 | H15: 0 | I15: 0 | J15: 0 | K15: 0 | L15: 0 | M15: 6 | N15: 0 | O15: =SUM(C15:L15,N15) -> 3 | P15: =SUM(C15:N15) -> 9 | R15: 1200-1300 | S15: =SUM(C30:C33) -> 8 | T15: =SUM(D30:D33) -> 3 | U15: =SUM(E30:E33) -> 0 | V15: =SUM(F30:F33) -> 7 | W15: =SUM(G30:G33) -> 0 | X15: =SUM(H30:H33) -> 0 | Y15: =SUM(I30:I33) -> 2 | Z15: =SUM(J30:J33) -> 4 | ... AF15: =SUM(P30:P33) -> 48
B16: 08.30 - 08.45 | C16: 3 | D16: 0 | E16: 0 | F16: 2 | G16: 0 | H16: 0 | I16: 1 | J16: 0 | K16: 0 | L16: 0 | M16: 8 | N16: 0 | O16: =SUM(C16:L16,N16) -> 6 | P16: =SUM(C16:N16) -> 14 | R16: 1300-1400 | S16: =SUM(C34:C37) -> 6 | T16: =SUM(D34:D37) -> 0 | U16: =SUM(E34:E37) -> 2 | V16: =SUM(F34:F37) -> 10 | W16: =SUM(G34:G37) -> 0 | X16: =SUM(H34:H37) -> 0 | Y16: =SUM(I34:I37) -> 3 | Z16: =SUM(J34:J37) -> 6 | ... AF16: =SUM(P34:P37) -> 73
B17: 08.45 - 9.00 | C17: 1 | D17: 0 | E17: 0 | F17: 2 | G17: 0 | H17: 0 | I17: 0 | J17: 1 | K17: 0 | L17: 0 | M17: 7 | N17: 0 | O17: =SUM(C17:L17,N17) -> 4 | P17: =SUM(C17:N17) -> 11 | R17: 1400-1500 | S17: =SUM(C38:C41) -> 8 | T17: =SUM(D38:D41) -> 0 | U17: =SUM(E38:E41) -> 1 | V17: =SUM(F38:F41) -> 7 | W17: =SUM(G38:G41) -> 0 | X17: =SUM(H38:H41) -> 0 | Y17: =SUM(I38:I41) -> 6 | Z17: =SUM(J38:J41) -> 1 | ... AF17: =SUM(P38:P41) -> 69
B18: 09.00 - 09.15 | C18: 2 | D18: 0 | E18: 0 | F18: 2 | G18: 0 | H18: 0 | I18: 1 | J18: 0 | K18: 0 | L18: 0 | M18: 10 | N18: 0 | O18: =SUM(C18:L18,N18) -> 5 | P18: =SUM(C18:N18) -> 15 | R18: 1500-1600 | S18: =SUM(C42:C45) -> 12 | T18: =SUM(D42:D45) -> 4 | U18: =SUM(E42:E45) -> 1 | V18: =SUM(F42:F45) -> 8 | W18: =SUM(G42:G45) -> 0 | X18: =SUM(H42:H45) -> 0 | Y18: =SUM(I42:I45) -> 0 | Z18: =SUM(J42:J45) -> 1 | ... AF18: =SUM(P42:P45) -> 62
B19: 09.15 - 09.30 | C19: 6 | D19: 0 | E19: 0 | F19: 1 | G19: 0 | H19: 0 | I19: 2 | J19: 0 | K19: 0 | L19: 0 | M19: 10 | N19: 0 | O19: =SUM(C19:L19,N19) -> 9 | P19: =SUM(C19:N19) -> 19 | R19: 1600-1700 | S19: =SUM(C46:C49) -> 10 | T19: =SUM(D46:D49) -> 2 | U19: =SUM(E46:E49) -> 2 | V19: =SUM(F46:F49) -> 9 | W19: =SUM(G46:G49) -> 0 | X19: =SUM(H46:H49) -> 2 | Y19: =SUM(I46:I49) -> 5 | Z19: =SUM(J46:J49) -> 7 | ... AF19: =SUM(P46:P49) -> 77
B20: 09.30 - 09.45 | C20: 3 | D20: 0 | E20: 0 | F20: 1 | G20: 0 | H20: 0 | I20: 1 | J20: 0 | K20: 0 | L20: 0 | M20: 7 | N20: 0 | O20: =SUM(C20:L20,N20) -> 5 | P20: =SUM(C20:N20) -> 12 | R20: 1700-1800 | S20: =SUM(C50:C53) -> 13 | T20: =SUM(D50:D53) -> 3 | U20: =SUM(E50:E53) -> 0 | V20: =SUM(F50:F53) -> 5 | W20: =SUM(G50:G53) -> 0 | X20: =SUM(H50:H53) -> 0 | Y20: =SUM(I50:I53) -> 2 | Z20: =SUM(J50:J53) -> 7 | ... AF20: =SUM(P50:P53) -> 73
B21: 09.45 - 10.00 | C21: 3 | D21: 0 | E21: 0 | F21: 1 | G21: 0 | H21: 0 | I21: 0 | J21: 0 | K21: 1 | L21: 0 | M21: 15 | N21: 0 | O21: =SUM(C21:L21,N21) -> 5 | P21: =SUM(C21:N21) -> 20 | R21: 1800-1900 | S21: =SUM(C54:C57) -> 11 | T21: =SUM(D54:D57) -> 2 | U21: =SUM(E54:E57) -> 3 | V21: =SUM(F54:F57) -> 7 | W21: =SUM(G54:G57) -> 0 | X21: =SUM(H54:H57) -> 0 | Y21: =SUM(I54:I57) -> 8 | Z21: =SUM(J54:J57) -> 2 | ... AF21: =SUM(P54:P57) -> 86
B22: 10.00 - 10.15 | C22: 2 | D22: 0 | E22: 0 | F22: 1 | G22: 0 | H22: 0 | I22: 0 | J22: 0 | K22: 1 | L22: 0 | M22: 8 | N22: 0 | O22: =SUM(C22:L22,N22) -> 4 | P22: =SUM(C22:N22) -> 12 | R22: 1900-2000 | S22: =SUM(C58:C61) -> 12 | T22: =SUM(D58:D61) -> 6 | U22: =SUM(E58:E61) -> 0 | V22: =SUM(F58:F61) -> 5 | W22: =SUM(G58:G61) -> 0 | X22: =SUM(H58:H61) -> 0 | Y22: =SUM(I58:I61) -> 6 | Z22: =SUM(J58:J61) -> 7 | ... AF22: =SUM(P58:P61) -> 111
B23: 10.15 - 10.30 | C23: 0 | D23: 1 | E23: 1 | F23: 1 | G23: 0 | H23: 0 | I23: 0 | J23: 0 | K23: 0 | L23: 0 | M23: 10 | N23: 0 | O23: =SUM(C23:L23,N23) -> 3 | P23: =SUM(C23:N23) -> 13 | R23: 2000-2100 | S23: =SUM(C62:C65) -> 14 | T23: =SUM(D62:D65) -> 4 | U23: =SUM(E62:E65) -> 0 | V23: =SUM(F62:F65) -> 1 | W23: =SUM(G62:G65) -> 0 | X23: =SUM(H62:H65) -> 0 | Y23: =SUM(I62:I65) -> 1 | Z23: =SUM(J62:J65) -> 15 | ... AF23: =SUM(P62:P65) -> 89
B24: 10.30 - 10.45 | C24: 2 | D24: 1 | E24: 0 | F24: 2 | G24: 0 | H24: 0 | I24: 1 | J24: 0 | K24: 0 | L24: 0 | M24: 11 | N24: 0 | O24: =SUM(C24:L24,N24) -> 6 | P24: =SUM(C24:N24) -> 17 | R24: 2100-2200 | S24: =SUM(C66:C69) -> 9 | T24: =SUM(D66:D69) -> 1 | U24: =SUM(E66:E69) -> 0 | V24: =SUM(F66:F69) -> 1 | W24: =SUM(G66:G69) -> 0 | X24: =SUM(H66:H69) -> 0 | Y24: =SUM(I66:I69) -> 0 | Z24: =SUM(J66:J69) -> 12 | ... AF24: =SUM(P66:P69) -> 60
B25: 10.45 - 11.00 | C25: 3 | D25: 1 | E25: 0 | F25: 1 | G25: 0 | H25: 0 | I25: 0 | J25: 2 | K25: 0 | L25: 0 | M25: 12 | N25: 0 | O25: =SUM(C25:L25,N25) -> 7 | P25: =SUM(C25:N25) -> 19 | R25: 2200-2300 | S25: =SUM(C70:C73) -> 3 | T25: =SUM(D70:D73) -> 0 | U25: =SUM(E70:E73) -> 0 | V25: =SUM(F70:F73) -> 1 | W25: =SUM(G70:G73) -> 0 | X25: =SUM(H70:H73) -> 0 | Y25: =SUM(I70:I73) -> 0 | Z25: =SUM(J70:J73) -> 2 | ... AF25: =SUM(P70:P73) -> 41
B26: 11.00 - 11.15 | C26: 4 | D26: 3 | E26: 0 | F26: 2 | G26: 0 | H26: 0 | I26: 2 | J26: 0 | K26: 0 | L26: 0 | M26: 7 | N26: 0 | O26: =SUM(C26:L26,N26) -> 11 | P26: =SUM(C26:N26) -> 18 | R26: 2300-0000 | S26: =SUM(C74:C77) -> 2 | T26: =SUM(D74:D77) -> 0 | U26: =SUM(E74:E77) -> 1 | V26: =SUM(F74:F77) -> 1 | W26: =SUM(G74:G77) -> 0 | X26: =SUM(H74:H77) -> 0 | Y26: =SUM(I74:I77) -> 0 | Z26: =SUM(J74:J77) -> 2 | ... AF26: =SUM(P74:P77) -> 13
B27: 11.15 - 11.30 | C27: 1 | D27: 0 | E27: 0 | F27: 0 | G27: 0 | H27: 0 | I27: 1 | J27: 1 | K27: 2 | L27: 0 | M27: 6 | N27: 0 | O27: =SUM(C27:L27,N27) -> 5 | P27: =SUM(C27:N27) -> 11 | R27: 0000-0100 | S27: =SUM(C78:C81) -> 0 | T27: =SUM(D78:D81) -> 0 | U27: =SUM(E78:E81) -> 0 | V27: =SUM(F78:F81) -> 0 | W27: =SUM(G78:G81) -> 0 | X27: =SUM(H78:H81) -> 0 | Y27: =SUM(I78:I81) -> 0 | Z27: =SUM(J78:J81) -> 0 | ... AF27: =SUM(P78:P81) -> 3
B28: 11.30 - 11.45 | C28: 2 | D28: 0 | E28: 0 | F28: 3 | G28: 0 | H28: 0 | I28: 0 | J28: 0 | K28: 0 | L28: 0 | M28: 9 | N28: 0 | O28: =SUM(C28:L28,N28) -> 5 | P28: =SUM(C28:N28) -> 14 | R28: 0100-0200 | S28: =SUM(C82:C85) -> 1 | T28: =SUM(D82:D85) -> 0 | U28: =SUM(E82:E85) -> 0 | V28: =SUM(F82:F85) -> 0 | W28: =SUM(G82:G85) -> 0 | X28: =SUM(H82:H85) -> 0 | Y28: =SUM(I82:I85) -> 0 | Z28: =SUM(J82:J85) -> 0 | ... AF28: =SUM(P82:P85) -> 3
B29: 11.45 - 12.00 | C29: 3 | D29: 1 | E29: 2 | F29: 0 | G29: 0 | H29: 0 | I29: 0 | J29: 0 | K29: 0 | L29: 0 | M29: 4 | N29: 0 | O29: =SUM(C29:L29,N29) -> 6 | P29: =SUM(C29:N29) -> 10 | R29: 0200-0300 | S29: =SUM(C86:C89) -> 0 | T29: =SUM(D86:D89) -> 0 | U29: =SUM(E86:E89) -> 0 | V29: =SUM(F86:F89) -> 0 | W29: =SUM(G86:G89) -> 0 | X29: =SUM(H86:H89) -> 0 | Y29: =SUM(I86:I89) -> 0 | Z29: =SUM(J86:J89) -> 0 | ... AF29: =SUM(P86:P89) -> 0
B30: 12.00 - 12.15 | C30: 3 | D30: 1 | E30: 0 | F30: 2 | G30: 0 | H30: 0 | I30: 1 | J30: 2 | K30: 0 | L30: 0 | M30: 4 | N30: 0 | O30: =SUM(C30:L30,N30) -> 9 | P30: =SUM(C30:N30) -> 13 | R30: 0300-0400 | S30: =SUM(C90:C93) -> 0 | T30: =SUM(D90:D93) -> 0 | U30: =SUM(E90:E93) -> 0 | V30: =SUM(F90:F93) -> 0 | W30: =SUM(G90:G93) -> 0 | X30: =SUM(H90:H93) -> 0 | Y30: =SUM(I90:I93) -> 0 | Z30: =SUM(J90:J93) -> 0 | ... AF30: =SUM(P90:P93) -> 1
B31: 12.15 - 12.30 | C31: 2 | D31: 0 | E31: 0 | F31: 3 | G31: 0 | H31: 0 | I31: 0 | J31: 1 | K31: 0 | L31: 0 | M31: 5 | N31: 0 | O31: =SUM(C31:L31,N31) -> 6 | P31: =SUM(C31:N31) -> 11 | R31: 0400-0500 | S31: =SUM(C94:C97) -> 2 | T31: =SUM(D94:D97) -> 0 | U31: =SUM(E94:E97) -> 1 | V31: =SUM(F94:F97) -> 1 | W31: =SUM(G94:G97) -> 0 | X31: =SUM(H94:H97) -> 0 | Y31: =SUM(I94:I97) -> 0 | Z31: =SUM(J94:J97) -> 1 | ... AF31: =SUM(P94:P97) -> 5
B32: 12.30 - 12.45 | C32: 0 | D32: 2 | E32: 0 | F32: 1 | G32: 0 | H32: 0 | I32: 1 | J32: 0 | K32: 0 | L32: 0 | M32: 7 | N32: 0 | O32: =SUM(C32:L32,N32) -> 4 | P32: =SUM(C32:N32) -> 11 | R32: 0500-0600 | S32: =SUM(C98:C101) -> 1 | T32: =SUM(D98:D101) -> 0 | U32: =SUM(E98:E101) -> 0 | V32: =SUM(F98:F101) -> 1 | W32: =SUM(G98:G101) -> 2 | X32: =SUM(H98:H101) -> 1 | Y32: =SUM(I98:I101) -> 0 | Z32: =SUM(J98:J101) -> 0 | ... AF32: =SUM(P98:P101) -> 7
B33: 12.45 - 13.00 | C33: 3 | D33: 0 | E33: 0 | F33: 1 | G33: 0 | H33: 0 | I33: 0 | J33: 1 | K33: 0 | L33: 0 | M33: 8 | N33: 0 | O33: =SUM(C33:L33,N33) -> 5 | P33: =SUM(C33:N33) -> 13 | R33: 0600-0700 | S33: =SUM(C102:C105) -> 4 | T33: =SUM(D102:D105) -> 0 | U33: =SUM(E102:E105) -> 0 | V33: =SUM(F102:F105) -> 3 | W33: =SUM(G102:G105) -> 0 | X33: =SUM(H102:H105) -> 0 | Y33: =SUM(I102:I105) -> 0 | Z33: =SUM(J102:J105) -> 1 | ... AF33: =SUM(P102:P105) -> 25
B34: 13.00 - 13.15 | C34: 1 | D34: 0 | E34: 1 | F34: 3 | G34: 0 | H34: 0 | I34: 0 | J34: 1 | K34: 0 | L34: 0 | M34: 12 | N34: 0 | O34: =SUM(C34:L34,N34) -> 6 | P34: =SUM(C34:N34) -> 18 | R34: AM Peak Hr | S34: =MAX(S10:S12) -> 14 | T34: =MAX(T10:T12) -> 1 | U34: =MAX(U10:U12) -> 1 | V34: =MAX(V10:V12) -> 6 | W34: =MAX(W10:W12) -> 0 | X34: =MAX(X10:X12) -> 0 | Y34: =MAX(Y10:Y12) -> 4 | Z34: =MAX(Z10:Z12) -> 1 | ... AF34: =MAX(AF10:AF12) -> 66
B35: 13.15 - 13.30 | C35: 0 | D35: 0 | E35: 0 | F35: 2 | G35: 0 | H35: 0 | I35: 2 | J35: 3 | K35: 0 | L35: 0 | M35: 7 | N35: 0 | O35: =SUM(C35:L35,N35) -> 7 | P35: =SUM(C35:N35) -> 14 | R35: IP Peak Hr | S35: =MAX(S13:S18) -> 12 | T35: =MAX(T13:T18) -> 4 | U35: =MAX(U13:U18) -> 2 | V35: =MAX(V13:V18) -> 10 | W35: =MAX(W13:W18) -> 0 | X35: =MAX(X13:X18) -> 0 | Y35: =MAX(Y13:Y18) -> 6 | Z35: =MAX(Z13:Z18) -> 6 | ... AF35: =MAX(AF13:AF18) -> 73
B36: 13.30 - 13.45 | C36: 3 | D36: 0 | E36: 0 | F36: 1 | G36: 0 | H36: 0 | I36: 0 | J36: 2 | K36: 0 | L36: 1 | M36: 15 | N36: 0 | O36: =SUM(C36:L36,N36) -> 7 | P36: =SUM(C36:N36) -> 22 | R36: PM Peak Hr | S36: =MAX(S19:S21) -> 13 | T36: =MAX(T19:T21) -> 3 | U36: =MAX(U19:U21) -> 3 | V36: =MAX(V19:V21) -> 9 | W36: =MAX(W19:W21) -> 0 | X36: =MAX(X19:X21) -> 2 | Y36: =MAX(Y19:Y21) -> 8 | Z36: =MAX(Z19:Z21) -> 7 | ... AF36: =MAX(AF19:AF21) -> 86
B37: 13.45 - 14.00 | C37: 2 | D37: 0 | E37: 1 | F37: 4 | G37: 0 | H37: 0 | I37: 1 | J37: 0 | K37: 2 | L37: 3 | M37: 6 | N37: 0 | O37: =SUM(C37:L37,N37) -> 13 | P37: =SUM(C37:N37) -> 19 | R37: AM Period | S37: =SUM(S10:S12) -> 32 | T37: =SUM(T10:T12) -> 1 | U37: =SUM(U10:U12) -> 1 | V37: =SUM(V10:V12) -> 15 | W37: =SUM(W10:W12) -> 0 | X37: =SUM(X10:X12) -> 0 | Y37: =SUM(Y10:Y12) -> 6 | Z37: =SUM(Z10:Z12) -> 2 | ... AF37: =SUM(AF10:AF12) -> 156
B38: 14.00 - 14.15 | C38: 3 | D38: 0 | E38: 0 | F38: 1 | G38: 0 | H38: 0 | I38: 2 | J38: 0 | K38: 4 | L38: 0 | M38: 6 | N38: 0 | O38: =SUM(C38:L38,N38) -> 10 | P38: =SUM(C38:N38) -> 16 | R38: IP Period | S38: =SUM(S13:S18) -> 51 | T38: =SUM(T13:T18) -> 14 | U38: =SUM(U13:U18) -> 7 | V38: =SUM(V13:V18) -> 42 | W38: =SUM(W13:W18) -> 0 | X38: =SUM(X13:X18) -> 0 | Y38: =SUM(Y13:Y18) -> 15 | Z38: =SUM(Z13:Z18) -> 15 | ... AF38: =SUM(AF13:AF18) -> 366
B39: 14.15 - 14.30 | C39: 2 | D39: 0 | E39: 0 | F39: 1 | G39: 0 | H39: 0 | I39: 0 | J39: 0 | K39: 1 | L39: 0 | M39: 4 | N39: 0 | O39: =SUM(C39:L39,N39) -> 4 | P39: =SUM(C39:N39) -> 8 | R39: PM Period | S39: =SUM(S19:S21) -> 34 | T39: =SUM(T19:T21) -> 7 | U39: =SUM(U19:U21) -> 5 | V39: =SUM(V19:V21) -> 21 | W39: =SUM(W19:W21) -> 0 | X39: =SUM(X19:X21) -> 2 | Y39: =SUM(Y19:Y21) -> 15 | Z39: =SUM(Z19:Z21) -> 16 | ... AF39: =SUM(AF19:AF21) -> 236
B40: 14.30 - 14.45 | C40: 1 | D40: 0 | E40: 1 | F40: 3 | G40: 0 | H40: 0 | I40: 3 | J40: 1 | K40: 0 | L40: 1 | M40: 11 | N40: 0 | O40: =SUM(C40:L40,N40) -> 10 | P40: =SUM(C40:N40) -> 21 | R40: 12 Hours | S40: =SUM(S10:S21) -> 117 | T40: =SUM(T10:T21) -> 22 | U40: =SUM(U10:U21) -> 13 | V40: =SUM(V10:V21) -> 78 | W40: =SUM(W10:W21) -> 0 | X40: =SUM(X10:X21) -> 2 | Y40: =SUM(Y10:Y21) -> 36 | Z40: =SUM(Z10:Z21) -> 33 | ... AF40: =SUM(AF10:AF21) -> 758
B41: 14.45 - 15.00 | C41: 2 | D41: 0 | E41: 0 | F41: 2 | G41: 0 | H41: 0 | I41: 1 | J41: 0 | K41: 4 | L41: 0 | M41: 15 | N41: 0 | O41: =SUM(C41:L41,N41) -> 9 | P41: =SUM(C41:N41) -> 24 | R41: 24 Hrs/ADT | S41: =SUM(S10:S33) -> 165 | T41: =SUM(T10:T33) -> 33 | U41: =SUM(U10:U33) -> 15 | V41: =SUM(V10:V33) -> 92 | W41: =SUM(W10:W33) -> 2 | X41: =SUM(X10:X33) -> 3 | Y41: =SUM(Y10:Y33) -> 43 | Z41: =SUM(Z10:Z33) -> 73 | ... AF41: =SUM(AF10:AF33) -> 1116
B42: 15.00 - 15.15 | C42: 2 | D42: 1 | E42: 1 | F42: 3 | G42: 0 | H42: 0 | I42: 0 | J42: 1 | K42: 0 | L42: 1 | M42: 12 | N42: 0 | O42: =SUM(C42:L42,N42) -> 9 | P42: =SUM(C42:N42) -> 21 | R42: NEF | S42: =S41/S40 -> 1.4102564 | T42: =T41/T40 -> 1.5 | U42: =U41/U40 -> 1.1538462 | V42: =V41/V40 -> 1.1794872 | W42: =W41/W40 -> #DIV/0! | X42: =X41/X40 -> 1.5 | Y42: =Y41/Y40 -> 1.1944444 | Z42: =Z41/Z40 -> 2.2121212 | ... AF42: =AF41/AF40 -> 1.4722955
B43: 15.15 - 15.30 | C43: 2 | D43: 2 | E43: 0 | F43: 0 | G43: 0 | H43: 0 | I43: 0 | J43: 0 | K43: 0 | L43: 0 | M43: 10 | N43: 0 | O43: =SUM(C43:L43,N43) -> 4 | P43: =SUM(C43:N43) -> 14
B44: 15.30 - 15.45 | C44: 3 | D44: 1 | E44: 0 | F44: 4 | G44: 0 | H44: 0 | I44: 0 | J44: 0 | K44: 2 | L44: 0 | M44: 7 | N44: 0 | O44: =SUM(C44:L44,N44) -> 10 | P44: =SUM(C44:N44) -> 17
B45: 15.45 - 16.00 | C45: 5 | D45: 0 | E45: 0 | F45: 1 | G45: 0 | H45: 0 | I45: 0 | J45: 0 | K45: 0 | L45: 0 | M45: 4 | N45: 0 | O45: =SUM(C45:L45,N45) -> 6 | P45: =SUM(C45:N45) -> 10
B46: 16.00 - 16.15 | C46: 2 | D46: 1 | E46: 0 | F46: 3 | G46: 0 | H46: 0 | I46: 3 | J46: 3 | K46: 0 | L46: 0 | M46: 5 | N46: 0 | O46: =SUM(C46:L46,N46) -> 12 | P46: =SUM(C46:N46) -> 17
B47: 16.15 -16.30 | C47: 4 | D47: 0 | E47: 1 | F47: 3 | G47: 0 | H47: 0 | I47: 2 | J47: 2 | K47: 0 | L47: 0 | M47: 6 | N47: 0 | O47: =SUM(C47:L47,N47) -> 12 | P47: =SUM(C47:N47) -> 18
B48: 16.30 -16.45 | C48: 4 | D48: 1 | E48: 1 | F48: 2 | G48: 0 | H48: 2 | I48: 0 | J48: 1 | K48: 4 | L48: 2 | M48: 9 | N48: 0 | O48: =SUM(C48:L48,N48) -> 17 | P48: =SUM(C48:N48) -> 26
B49: 16.45 -17.00 | C49: 0 | D49: 0 | E49: 0 | F49: 1 | G49: 0 | H49: 0 | I49: 0 | J49: 1 | K49: 1 | L49: 0 | M49: 13 | N49: 0 | O49: =SUM(C49:L49,N49) -> 3 | P49: =SUM(C49:N49) -> 16
B50: 17.00 -17.15 | C50: 2 | D50: 1 | E50: 0 | F50: 1 | G50: 0 | H50: 0 | I50: 1 | J50: 0 | K50: 1 | L50: 0 | M50: 12 | N50: 0 | O50: =SUM(C50:L50,N50) -> 6 | P50: =SUM(C50:N50) -> 18
B51: 17.15 -17.30 | C51: 6 | D51: 0 | E51: 0 | F51: 0 | G51: 0 | H51: 0 | I51: 0 | J51: 2 | K51: 2 | L51: 2 | M51: 7 | N51: 0 | O51: =SUM(C51:L51,N51) -> 12 | P51: =SUM(C51:N51) -> 19
B52: 17.30 -17.45 | C52: 4 | D52: 1 | E52: 0 | F52: 3 | G52: 0 | H52: 0 | I52: 0 | J52: 3 | K52: 0 | L52: 0 | M52: 12 | N52: 0 | O52: =SUM(C52:L52,N52) -> 11 | P52: =SUM(C52:N52) -> 23
B53: 17.45 -18.00 | C53: 1 | D53: 1 | E53: 0 | F53: 1 | G53: 0 | H53: 0 | I53: 1 | J53: 2 | K53: 0 | L53: 0 | M53: 7 | N53: 0 | O53: =SUM(C53:L53,N53) -> 6 | P53: =SUM(C53:N53) -> 13
B54: 18.00 - 18.15 | C54: 3 | D54: 0 | E54: 0 | F54: 1 | G54: 0 | H54: 0 | I54: 0 | J54: 0 | K54: 0 | L54: 0 | M54: 13 | N54: 0 | O54: =SUM(C54:L54,N54) -> 4 | P54: =SUM(C54:N54) -> 17
... B100: 05.30 - 05.45 | C100: 1 | D100: 0 | E100: 0 | F100: 1 | G100: 0 | H100: 0 | I100: 0 | J100: 0 | K100: 0 | L100: 0 | M100: 0 | N100: 0 | O100: =SUM(C100:L100,N100) -> 2 | P100: =SUM(C100:N100) -> 2
B101: 05.45 - 06.00 | C101: 0 | D101: 0 | E101: 0 | F101: 0 | H101: 0 | I101: 0 | J101: 0 | K101: 0 | L101: 0 | M101: 1 | N101: 0 | O101: =SUM(C101:L101,N101) -> 0 | P101: =SUM(C101:N101) -> 1
B102: 06.00 - 06.15 | C102: 1 | D102: 0 | E102: 0 | F102: 0 | G102: 0 | H102: 0 | I102: 0 | J102: 0 | K102: 0 | L102: 0 | M102: 0 | N102: 0 | O102: =SUM(C102:L102,N102) -> 1 | P102: =SUM(C102:N102) -> 1
B103: 06.15 - 06.30 | C103: 0 | D103: 0 | E103: 0 | F103: 1 | G103: 0 | H103: 0 | I103: 0 | J103: 0 | K103: 0 | L103: 0 | M103: 0 | N103: 0 | O103: =SUM(C103:L103,N103) -> 1 | P103: =SUM(C103:N103) -> 1
B104: 06.30 - 06.45 | C104: 1 | D104: 0 | E104: 0 | F104: 1 | G104: 0 | H104: 0 | I104: 0 | J104: 0 | K104: 0 | L104: 0 | M104: 7 | N104: 0 | O104: =SUM(C104:L104,N104) -> 2 | P104: =SUM(C104:N104) -> 9
B105: 06.45 - 07.00 | C105: 2 | D105: 0 | E105: 0 | F105: 1 | G105: 0 | H105: 0 | I105: 0 | J105: 1 | K105: 0 | L105: 0 | M105: 10 | N105: 0 | O105: =SUM(C105:L105,N105) -> 4 | P105: =SUM(C105:N105) -> 14
B106: Totals | C106: =SUM(C10:C105) -> 165 | D106: =SUM(D10:D105) -> 33 | E106: =SUM(E10:E105) -> 15 | F106: =SUM(F10:F105) -> 92 | G106: =SUM(G10:G105) -> 2 | H106: =SUM(H10:H105) -> 3 | I106: =SUM(I10:I105) -> 43 | J106: =SUM(J10:J105) -> 73 | ... P106: =SUM(P10:P105) -> 1116
B107: %ges + MCs | C107: =C106/$P$106 -> 0.14784946 | D107: =D106/$P$106 -> 0.029569892 | E107: =E106/$P$106 -> 0.01344086 | F107: =F106/$P$106 -> 0.082437276 | G107: =G106/$P$106 -> 0.0017921147 | H107: =H106/$P$106 -> 0.002688172 | I107: =I106/$P$106 -> 0.038530466 | J107: =J106/$P$106 -> 0.065412186 | ... N107: =N106/$P$106 -> 0
B108: %ges w/o MCs | C108: =C106/$O$106 -> 0.33536585 | D108: =D106/$O$106 -> 0.067073171 | E108: =E106/$O$106 -> 0.030487805 | F108: =F106/$O$106 -> 0.18699187 | G108: =G106/$O$106 -> 0.0040650407 | H108: =H106/$O$106 -> 0.006097561 | I108: =I106/$O$106 -> 0.087398374 | J108: =J106/$O$106 -> 0.14837398 | ... L108: =L106/$O$106 -> 0.020325203 | N108: =N106/$O$106 -> 0

Sheet 29.10 MASAKA-MUTUKULA
B1: Consultancy services for Preparation of Expressway Development Master Plan (EDMP) for Uganda
B2: MANUAL CLASSIFIED COUNT (MCC)
B3: ROAD NAME: | C3: ='31.10.MUTUKULA-MASAKA'!C3:G3 -> MCC-C4-STN99-MASAKA-MUTUKULA
C5: Date | D5: 29.10.19 | F5: Location | G5: ='31.10 Masaka-Mutukula'!G5:H5 -> MUTUKULA BORDER | J5: Surveyor | K5: Walter
C6: Dir. From | D6: MASAKA | F6: Dir. To | G6: MUTUKULA | J6: Supervisor | K6: ='31.10 Masaka-Mutukula'!K6:L6 -> SANDRA
B8: Time / Veh Type | R8: SUMMARY TRAFFIC VOLUMES
C9: 1. Car | D9: 2. Station Wagon | E9: 3. Pickups | F9: 4. Minibus, matatu | G9: 5. Medium bus | H9: 6. Large Bus | I9: 7. Light Truck | J9: 8. Medium Truck | K9: 9. Heavy truck | L9: 10. Truck Trailer | M9: 11. Motor cycles | N9: 12. Tractors | O9: Total Excl M/Cycles | P9: Total All | R9: Time | S9: 1. Car | T9: 2. Station Wagon | U9: 3. Pickups | V9: 4. Minibus, matatu | W9: 5. Medium bus | X9: 6. Large Bus | Y9: 7. Light Truck | Z9: 8. Medium Truck | AA9: 9. Heavy truck | AB9: 10. Truck Trailer | AC9: 11. Motorcycles | AD9: 12. Tractors, Graders | AE9: Total Excl M/ Cycles | AF9: Total All
B10: 07.00 - 07.15 | C10: 1 | D10: 0 | E10: 0 | F10: 0 | G10: 0 | H10: 0 | I10: 2 | J10: 0 | K10: 0 | L10: 0 | M10: 14 | N10: 0 | O10: =SUM(C10:L10,N10) -> 3 | P10: =SUM(C10:N10) -> 17 | R10: 0700-0800 | S10: =SUM(C10:C13) -> 11 | T10: =SUM(D10:D13) -> 0 | U10: =SUM(E10:E13) -> 0 | V10: =SUM(F10:F13) -> 0 | W10: =SUM(G10:G13) -> 0 | X10: =SUM(H10:H13) -> 0 | Y10: =SUM(I10:I13) -> 4 | Z10: =SUM(J10:J13) -> 1 | ... AF10: =SUM(P10:P13) -> 76
B11: 07.15 - 07.30 | C11: 5 | D11: 0 | E11: 0 | F11: 0 | G11: 0 | H11: 0 | I11: 1 | J11: 1 | K11: 0 | L11: 0 | M11: 9 | N11: 0 | O11: =SUM(C11:L11,N11) -> 7 | P11: =SUM(C11:N11) -> 16 | R11: 0800-0900 | S11: =SUM(C14:C17) -> 15 | T11: =SUM(D14:D17) -> 0 | U11: =SUM(E14:E17) -> 0 | V11: =SUM(F14:F17) -> 4 | W11: =SUM(G14:G17) -> 0 | X11: =SUM(H14:H17) -> 0 | Y11: =SUM(I14:I17) -> 5 | Z11: =SUM(J14:J17) -> 1 | ... AF11: =SUM(P14:P17) -> 77
B12: 07.30 - 07.45 | C12: 2 | D12: 0 | E12: 0 | F12: 0 | G12: 0 | H12: 0 | I12: 0 | J12: 0 | K12: 2 | L12: 0 | M12: 17 | N12: 0 | O12: =SUM(C12:L12,N12) -> 4 | P12: =SUM(C12:N12) -> 21 | R12: 0900-1000 | S12: =SUM(C18:C21) -> 11 | T12: =SUM(D18:D21) -> 0 | U12: =SUM(E18:E21) -> 2 | V12: =SUM(F18:F21) -> 5 | W12: =SUM(G18:G21) -> 0 | X12: =SUM(H18:H21) -> 0 | Y12: =SUM(I18:I21) -> 5 | Z12: =SUM(J18:J21) -> 1 | ... AF12: =SUM(P18:P21) -> 94
B13: 07.45 - 08.00 | C13: 3 | D13: 0 | E13: 0 | F13: 0 | G13: 0 | H13: 0 | I13: 1 | J13: 0 | K13: 2 | L13: 0 | M13: 16 | N13: 0 | O13: =SUM(C13:L13,N13) -> 6 | P13: =SUM(C13:N13) -> 22 | R13: 1000-1100 | S13: =SUM(C22:C25) -> 7 | T13: =SUM(D22:D25) -> 0 | U13: =SUM(E22:E25) -> 0 | V13: =SUM(F22:F25) -> 6 | W13: =SUM(G22:G25) -> 0 | X13: =SUM(H22:H25) -> 0 | Y13: =SUM(I22:I25) -> 7 | Z13: =SUM(J22:J25) -> 0 | ... AF13: =SUM(P22:P25) -> 64
B14: 08.00 - 08.15 | C14: 2 | D14: 0 | E14: 0 | F14: 0 | G14: 0 | H14: 0 | I14: 1 | J14: 0 | K14: 0 | L14: 0 | M14: 6 | N14: 0 | O14: =SUM(C14:L14,N14) -> 3 | P14: =SUM(C14:N14) -> 9 | R14: 1100-1200 | S14: =SUM(C26:C29) -> 9 | T14: =SUM(D26:D29) -> 3 | U14: =SUM(E26:E29) -> 0 | V14: =SUM(F26:F29) -> 4 | W14: =SUM(G26:G29) -> 0 | X14: =SUM(H26:H29) -> 0 | Y14: =SUM(I26:I29) -> 8 | Z14: =SUM(J26:J29) -> 4 | ... AF14: =SUM(P26:P29) -> 63
B15: 08.15 - 08.30 | C15: 6 | D15: 0 | E15: 0 | F15: 0 | G15: 0 | H15: 0 | I15: 0 | J15: 0 | K15: 2 | L15: 1 | M15: 13 | N15: 0 | O15: =SUM(C15:L15,N15) -> 9 | P15: =SUM(C15:N15) -> 22 | R15: 1200-1300 | S15: =SUM(C30:C33) -> 12 | T15: =SUM(D30:D33) -> 3 | U15: =SUM(E30:E33) -> 2 | V15: =SUM(F30:F33) -> 11 | W15: =SUM(G30:G33) -> 0 | X15: =SUM(H30:H33) -> 0 | Y15: =SUM(I30:I33) -> 4 | Z15: =SUM(J30:J33) -> 3 | ... AF15: =SUM(P30:P33) -> 89
B16: 08.30 - 08.45 | C16: 5 | D16: 0 | E16: 0 | F16: 2 | G16: 0 | H16: 0 | I16: 2 | J16: 1 | K16: 1 | L16: 0 | M16: 10 | N16: 0 | O16: =SUM(C16:L16,N16) -> 11 | P16: =SUM(C16:N16) -> 21 | R16: 1300-1400 | S16: =SUM(C34:C37) -> 11 | T16: =SUM(D34:D37) -> 0 | U16: =SUM(E34:E37) -> 0 | V16: =SUM(F34:F37) -> 9 | W16: =SUM(G34:G37) -> 0 | X16: =SUM(H34:H37) -> 0 | Y16: =SUM(I34:I37) -> 3 | Z16: =SUM(J34:J37) -> 2 | ... AF16: =SUM(P34:P37) -> 69
B17: 08.45 - 9.00 | C17: 2 | D17: 0 | E17: 0 | F17: 2 | G17: 0 | H17: 0 | I17: 2 | J17: 0 | K17: 1 | L17: 1 | M17: 17 | N17: 0 | O17: =SUM(C17:L17,N17) -> 8 | P17: =SUM(C17:N17) -> 25 | R17: 1400-1500 | S17: =SUM(C38:C41) -> 11 | T17: =SUM(D38:D41) -> 0 | U17: =SUM(E38:E41) -> 1 | V17: =SUM(F38:F41) -> 3 | W17: =SUM(G38:G41) -> 0 | X17: =SUM(H38:H41) -> 0 | Y17: =SUM(I38:I41) -> 4 | Z17: =SUM(J38:J41) -> 1 | ... AF17: =SUM(P38:P41) -> 72
B18: 09.00 - 09.15 | C18: 5 | D18: 0 | E18: 0 | F18: 0 | G18: 0 | H18: 0 | I18: 0 | J18: 0 | K18: 2 | L18: 0 | M18: 16 | N18: 0 | O18: =SUM(C18:L18,N18) -> 7 | P18: =SUM(C18:N18) -> 23 | R18: 1500-1600 | S18: =SUM(C42:C45) -> 13 | T18: =SUM(D42:D45) -> 4 | U18: =SUM(E42:E45) -> 0 | V18: =SUM(F42:F45) -> 4 | W18: =SUM(G42:G45) -> 0 | X18: =SUM(H42:H45) -> 0 | Y18: =SUM(I42:I45) -> 2 | Z18: =SUM(J42:J45) -> 0 | ... AF18: =SUM(P42:P45) -> 72
B19: 09.15 - 09.30 | C19: 3 | D19: 0 | E19: 0 | F19: 2 | G19: 0 | H19: 0 | I19: 2 | J19: 0 | K19: 1 | L19: 0 | M19: 13 | N19: 0 | O19: =SUM(C19:L19,N19) -> 8 | P19: =SUM(C19:N19) -> 21 | R19: 1600-1700 | S19: =SUM(C46:C49) -> 10 | T19: =SUM(D46:D49) -> 2 | U19: =SUM(E46:E49) -> 0 | V19: =SUM(F46:F49) -> 8 | W19: =SUM(G46:G49) -> 0 | X19: =SUM(H46:H49) -> 0 | Y19: =SUM(I46:I49) -> 2 | Z19: =SUM(J46:J49) -> 2 | ... AF19: =SUM(P46:P49) -> 106
B20: 09.30 - 09.45 | C20: 3 | D20: 0 | E20: 0 | F20: 1 | G20: 0 | H20: 0 | I20: 1 | J20: 1 | K20: 0 | L20: 2 | M20: 18 | N20: 0 | O20: =SUM(C20:L20,N20) -> 8 | P20: =SUM(C20:N20) -> 26 | R20: 1700-1800 | S20: =SUM(C50:C53) -> 14 | T20: =SUM(D50:D53) -> 0 | U20: =SUM(E50:E53) -> 0 | V20: =SUM(F50:F53) -> 1 | W20: =SUM(G50:G53) -> 0 | X20: =SUM(H50:H53) -> 0 | Y20: =SUM(I50:I53) -> 4 | Z20: =SUM(J50:J53) -> 0 | ... AF20: =SUM(P50:P53) -> 90
B21: 09.45 - 10.00 | C21: 0 | D21: 0 | E21: 2 | F21: 2 | G21: 0 | H21: 0 | I21: 2 | J21: 0 | K21: 0 | L21: 0 | M21: 18 | N21: 0 | O21: =SUM(C21:L21,N21) -> 6 | P21: =SUM(C21:N21) -> 24 | R21: 1800-1900 | S21: =SUM(C54:C57) -> 14 | T21: =SUM(D54:D57) -> 2 | U21: =SUM(E54:E57) -> 3 | V21: =SUM(F54:F57) -> 2 | W21: =SUM(G54:G57) -> 0 | X21: =SUM(H54:H57) -> 0 | Y21: =SUM(I54:I57) -> 3 | Z21: =SUM(J54:J57) -> 0 | ... AF21: =SUM(P54:P57) -> 85
B22: 10.00 - 10.15 | C22: 2 | D22: 0 | E22: 0 | F22: 0 | G22: 0 | H22: 0 | I22: 1 | J22: 0 | K22: 1 | L22: 0 | M22: 9 | N22: 0 | O22: =SUM(C22:L22,N22) -> 4 | P22: =SUM(C22:N22) -> 13 | R22: AM Peak Hr | S22: =MAX(S10:S12) -> 15 | T22: =MAX(T10:T12) -> 0 | U22: =MAX(U10:U12) -> 2 | V22: =MAX(V10:V12) -> 5 | W22: =MAX(W10:W12) -> 0 | X22: =MAX(X10:X12) -> 0 | Y22: =MAX(Y10:Y12) -> 5 | Z22: =MAX(Z10:Z12) -> 1 | ... AF22: =MAX(AF10:AF12) -> 94
B23: 10.15 - 10.30 | C23: 0 | D23: 0 | E23: 0 | F23: 2 | G23: 0 | H23: 0 | I23: 3 | J23: 0 | K23: 0 | L23: 0 | M23: 8 | N23: 0 | O23: =SUM(C23:L23,N23) -> 5 | P23: =SUM(C23:N23) -> 13 | R23: IP Peak Hr | S23: =MAX(S13:S18) -> 13 | T23: =MAX(T13:T18) -> 4 | U23: =MAX(U13:U18) -> 2 | V23: =MAX(V13:V18) -> 11 | W23: =MAX(W13:W18) -> 0 | X23: =MAX(X13:X18) -> 0 | Y23: =MAX(Y13:Y18) -> 8 | Z23: =MAX(Z13:Z18) -> 4 | ... AF23: =MAX(AF13:AF18) -> 89
B24: 10.30 - 10.45 | C24: 3 | D24: 0 | E24: 0 | F24: 1 | G24: 0 | H24: 0 | I24: 2 | J24: 0 | K24: 2 | L24: 0 | M24: 10 | N24: 0 | O24: =SUM(C24:L24,N24) -> 8 | P24: =SUM(C24:N24) -> 18 | R24: PM Peak Hr | S24: =MAX(S19:S21) -> 14 | T24: =MAX(T19:T21) -> 2 | U24: =MAX(U19:U21) -> 3 | V24: =MAX(V19:V21) -> 8 | W24: =MAX(W19:W21) -> 0 | X24: =MAX(X19:X21) -> 0 | Y24: =MAX(Y19:Y21) -> 4 | Z24: =MAX(Z19:Z21) -> 2 | ... AF24: =MAX(AF19:AF21) -> 106
B25: 10.45 - 11.00 | C25: 2 | D25: 0 | E25: 0 | F25: 3 | G25: 0 | H25: 0 | I25: 1 | J25: 0 | K25: 0 | L25: 0 | M25: 14 | N25: 0 | O25: =SUM(C25:L25,N25) -> 6 | P25: =SUM(C25:N25) -> 20 | R25: AM Period | S25: =SUM(S10:S12) -> 37 | T25: =SUM(T10:T12) -> 0 | U25: =SUM(U10:U12) -> 2 | V25: =SUM(V10:V12) -> 9 | W25: =SUM(W10:W12) -> 0 | X25: =SUM(X10:X12) -> 0 | Y25: =SUM(Y10:Y12) -> 14 | Z25: =SUM(Z10:Z12) -> 3 | ... AF25: =SUM(AF10:AF12) -> 247
B26: 11.00 - 11.15 | C26: 3 | D26: 1 | E26: 0 | F26: 2 | G26: 0 | H26: 0 | I26: 1 | J26: 0 | K26: 0 | L26: 0 | M26: 11 | N26: 0 | O26: =SUM(C26:L26,N26) -> 7 | P26: =SUM(C26:N26) -> 18 | R26: IP Period | S26: =SUM(S13:S18) -> 63 | T26: =SUM(T13:T18) -> 10 | U26: =SUM(U13:U18) -> 3 | V26: =SUM(V13:V18) -> 37 | W26: =SUM(W13:W18) -> 0 | X26: =SUM(X13:X18) -> 0 | Y26: =SUM(Y13:Y18) -> 28 | Z26: =SUM(Z13:Z18) -> 10 | ... AF26: =SUM(AF13:AF18) -> 429
B27: 11.15 - 11.30 | C27: 4 | D27: 0 | E27: 0 | F27: 1 | G27: 0 | H27: 0 | I27: 2 | J27: 2 | K27: 0 | L27: 0 | M27: 11 | N27: 0 | O27: =SUM(C27:L27,N27) -> 9 | P27: =SUM(C27:N27) -> 20 | R27: PM Period | S27: =SUM(S19:S21) -> 38 | T27: =SUM(T19:T21) -> 4 | U27: =SUM(U19:U21) -> 3 | V27: =SUM(V19:V21) -> 11 | W27: =SUM(W19:W21) -> 0 | X27: =SUM(X19:X21) -> 0 | Y27: =SUM(Y19:Y21) -> 9 | Z27: =SUM(Z19:Z21) -> 2 | ... AF27: =SUM(AF19:AF21) -> 281
B28: 11.30 - 11.45 | C28: 1 | D28: 2 | E28: 0 | F28: 1 | G28: 0 | H28: 0 | I28: 3 | J28: 1 | K28: 0 | L28: 0 | M28: 5 | N28: 0 | O28: =SUM(C28:L28,N28) -> 8 | P28: =SUM(C28:N28) -> 13 | R28: 12 Hours | S28: =SUM(S10:S21) -> 138 | T28: =SUM(T10:T21) -> 14 | U28: =SUM(U10:U21) -> 8 | V28: =SUM(V10:V21) -> 57 | W28: =SUM(W10:W21) -> 0 | X28: =SUM(X10:X21) -> 0 | Y28: =SUM(Y10:Y21) -> 51 | Z28: =SUM(Z10:Z21) -> 15 | ... AF28: =SUM(AF10:AF21) -> 957
B29: 11.45 - 12.00 | C29: 1 | D29: 0 | E29: 0 | F29: 0 | G29: 0 | H29: 0 | I29: 2 | J29: 1 | K29: 0 | L29: 0 | M29: 8 | N29: 0 | O29: =SUM(C29:L29,N29) -> 4 | P29: =SUM(C29:N29) -> 12
B30: 12.00 - 12.15 | C30: 5 | D30: 2 | E30: 2 | F30: 4 | G30: 0 | H30: 0 | I30: 2 | J30: 2 | K30: 0 | L30: 0 | M30: 19 | N30: 0 | O30: =SUM(C30:L30,N30) -> 17 | P30: =SUM(C30:N30) -> 36
B31: 12.15 - 12.30 | C31: 2 | D31: 0 | E31: 0 | F31: 3 | G31: 0 | H31: 0 | I31: 0 | J31: 0 | K31: 0 | L31: 0 | M31: 13 | N31: 0 | O31: =SUM(C31:L31,N31) -> 5 | P31: =SUM(C31:N31) -> 18
B32: 12.30 - 12.45 | C32: 4 | D32: 0 | E32: 0 | F32: 4 | G32: 0 | H32: 0 | I32: 0 | J32: 1 | K32: 0 | L32: 0 | M32: 17 | N32: 0 | O32: =SUM(C32:L32,N32) -> 9 | P32: =SUM(C32:N32) -> 26
B33: 12.45 - 13.00 | C33: 1 | D33: 1 | E33: 0 | F33: 0 | G33: 0 | H33: 0 | I33: 2 | J33: 0 | K33: 0 | L33: 0 | M33: 5 | N33: 0 | O33: =SUM(C33:L33,N33) -> 4 | P33: =SUM(C33:N33) -> 9
B34: 13.00 - 13.15 | C34: 4 | D34: 0 | E34: 0 | F34: 2 | G34: 0 | H34: 0 | I34: 2 | J34: 1 | K34: 2 | L34: 0 | M34: 14 | N34: 0 | O34: =SUM(C34:L34,N34) -> 11 | P34: =SUM(C34:N34) -> 25
B35: 13.15 - 13.30 | C35: 3 | D35: 0 | E35: 0 | F35: 2 | G35: 0 | H35: 0 | I35: 1 | J35: 0 | K35: 0 | L35: 0 | M35: 6 | N35: 0 | O35: =SUM(C35:L35,N35) -> 6 | P35: =SUM(C35:N35) -> 12
B36: 13.30 - 13.45 | C36: 2 | D36: 0 | E36: 0 | F36: 2 | G36: 0 | H36: 0 | I36: 0 | J36: 1 | K36: 0 | L36: 0 | M36: 15 | N36: 0 | O36: =SUM(C36:L36,N36) -> 5 | P36: =SUM(C36:N36) -> 20
B37: 13.45 - 14.00 | C37: 2 | D37: 0 | E37: 0 | F37: 3 | G37: 0 | H37: 0 | I37: 0 | J37: 0 | K37: 0 | L37: 0 | M37: 7 | N37: 0 | O37: =SUM(C37:L37,N37) -> 5 | P37: =SUM(C37:N37) -> 12
B38: 14.00 - 14.15 | C38: 2 | D38: 0 | E38: 0 | F38: 1 | G38: 0 | H38: 0 | I38: 1 | J38: 0 | K38: 0 | L38: 1 | M38: 7 | N38: 0 | O38: =SUM(C38:L38,N38) -> 5 | P38: =SUM(C38:N38) -> 12
B39: 14.15 - 14.30 | C39: 3 | D39: 0 | E39: 0 | F39: 0 | G39: 0 | H39: 0 | I39: 3 | J39: 1 | K39: 1 | L39: 0 | M39: 21 | N39: 0 | O39: =SUM(C39:L39,N39) -> 8 | P39: =SUM(C39:N39) -> 29
B40: 14.30 - 14.45 | C40: 2 | D40: 0 | E40: 1 | F40: 1 | G40: 0 | H40: 0 | I40: 0 | J40: 0 | K40: 2 | L40: 0 | M40: 13 | N40: 0 | O40: =SUM(C40:L40,N40) -> 6 | P40: =SUM(C40:N40) -> 19
... B57: 18.45 - 19.00 | C57: 1 | D57: 1 | E57: 0 | F57: 0 | G57: 0 | H57: 0 | I57: 0 | J57: 0 | K57: 0 | L57: 0 | M57: 0 | N57: 7 | O57: =SUM(C57:L57,N57) -> 9 | P57: =SUM(C57:N57) -> 9
B58: Totals | C58: =SUM(C10:C57) -> 138 | D58: =SUM(D10:D57) -> 14 | E58: =SUM(E10:E57) -> 8 | F58: =SUM(F10:F57) -> 57 | G58: =SUM(G10:G57) -> 0 | H58: =SUM(H10:H57) -> 0 | I58: =SUM(I10:I57) -> 51 | J58: =SUM(J10:J57) -> 15 | ... P58: =SUM(P10:P57) -> 957
B59: %ges + MCs | C59: =C58/$P$58 -> 0.14420063 | D59: =D58/$P$58 -> 0.014629049 | E59: =E58/$P$58 -> 0.0083594566 | F59: =F58/$P$58 -> 0.059561129 | G59: =G58/$P$58 -> 0 | H59: =H58/$P$58 -> 0 | I59: =I58/$P$58 -> 0.053291536 | J59: =J58/$P$58 -> 0.015673981 | ... N59: =N58/$P$58 -> 0.048066876
B60: %ges w/o MCs | C60: =C58/$O$58 -> 0.36411609 | D60: =D58/$O$58 -> 0.036939314 | E60: =E58/$O$58 -> 0.021108179 | F60: =F58/$O$58 -> 0.15039578 | G60: =G58/$O$58 -> 0 | H60: =H58/$O$58 -> 0 | I60: =I58/$O$58 -> 0.13456464 | J60: =J58/$O$58 -> 0.039577836 | ... L60: =L58/$O$58 -> 0.018469657 | N60: =N58/$O$58 -> 0.12137203

Sheet 29.10 MUTUKULA-MASAKA
B1: Consultancy services for Preparation of Expressway Development Master Plan (EDMP) for Uganda
B2: MANUAL CLASSIFIED COUNT (MCC)
B3: ROAD NAME: | C3: ='31.10 Masaka-Mutukula'!C3:G3 -> MCC - C4- STN99-MASAKA-MUTUKULA
C5: Date | D5: 29.10.19 | F5: Location | G5: ='31.10 Masaka-Mutukula'!G5:H5 -> MUTUKULA BORDER | J5: Surveyor | K5: ='31.10 Masaka-Mutukula'!K5:L5 -> KETRA .
C6: Dir. From | D6: MUTUKULA | F6: Dir. To | G6: MASAKA | J6: Supervisor | K6: ='31.10 Masaka-Mutukula'!K6:L6 -> SANDRA
B8: Time / Veh Type | R8: SUMMARY TRAFFIC VOLUMES
C9: 1. Car | D9: 2. Station Wagon | E9: 3. Pickups | F9: 4. Minibus, matatu | G9: 5. Medium bus | H9: 6. Large Bus | I9: 7. Light Truck | J9: 8. Medium Truck | K9: 9. Heavy truck | L9: 10. Truck Trailer | M9: 11. Motor cycles | N9: 12. Tractors | O9: Total Excl M/Cycles | P9: Total All | R9: Time | S9: 1. Car | T9: 2. Station Wagon | U9: 3. Pickups | V9: 4. Minibus, matatu | W9: 5. Medium bus | X9: 6. Large Bus | Y9: 7. Light Truck | Z9: 8. Medium Truck | AA9: 9. Heavy truck | AB9: 10. Truck Trailer | AC9: 11. Motorcycles | AD9: 12. Tractors, Graders | AE9: Total Excl M/ Cycles | AF9: Total All
B10: 07.00 - 07.15 | C10: 0 | D10: 0 | E10: 1 | F10: 0 | G10: 0 | H10: 0 | I10: 1 | J10: 0 | K10: 0 | L10: 0 | M10: 7 | N10: 0 | O10: =SUM(C10:L10,N10) -> 2 | P10: =SUM(C10:N10) -> 9 | R10: 0700-0800 | S10: =SUM(C10:C13) -> 4 | T10: =SUM(D10:D13) -> 0 | U10: =SUM(E10:E13) -> 1 | V10: =SUM(F10:F13) -> 2 | W10: =SUM(G10:G13) -> 0 | X10: =SUM(H10:H13) -> 0 | Y10: =SUM(I10:I13) -> 3 | Z10: =SUM(J10:J13) -> 0 | ... AF10: =SUM(P10:P13) -> 53
B11: 07.15 - 07.30 | C11: 1 | D11: 0 | E11: 0 | F11: 0 | G11: 0 | H11: 0 | I11: 0 | J11: 0 | K11: 0 | L11: 0 | M11: 10 | N11: 0 | O11: =SUM(C11:L11,N11) -> 1 | P11: =SUM(C11:N11) -> 11 | R11: 0800-0900 | S11: =SUM(C14:C17) -> 10 | T11: =SUM(D14:D17) -> 0 | U11: =SUM(E14:E17) -> 0 | V11: =SUM(F14:F17) -> 4 | W11: =SUM(G14:G17) -> 0 | X11: =SUM(H14:H17) -> 0 | Y11: =SUM(I14:I17) -> 3 | Z11: =SUM(J14:J17) -> 0 | ... AF11: =SUM(P14:P17) -> 55
B12: 07.30 - 07.45 | C12: 2 | D12: 0 | E12: 0 | F12: 1 | G12: 0 | H12: 0 | I12: 1 | J12: 0 | K12: 0 | L12: 0 | M12: 10 | N12: 0 | O12: =SUM(C12:L12,N12) -> 4 | P12: =SUM(C12:N12) -> 14 | R12: 0900-1000 | S12: =SUM(C18:C21) -> 13 | T12: =SUM(D18:D21) -> 1 | U12: =SUM(E18:E21) -> 0 | V12: =SUM(F18:F21) -> 5 | W12: =SUM(G18:G21) -> 0 | X12: =SUM(H18:H21) -> 0 | Y12: =SUM(I18:I21) -> 4 | Z12: =SUM(J18:J21) -> 0 | ... AF12: =SUM(P18:P21) -> 88
B13: 07.45 - 08.00 | C13: 1 | D13: 0 | E13: 0 | F13: 1 | G13: 0 | H13: 0 | I13: 1 | J13: 0 | K13: 2 | L13: 0 | M13: 14 | N13: 0 | O13: =SUM(C13:L13,N13) -> 5 | P13: =SUM(C13:N13) -> 19 | R13: 1000-1100 | S13: =SUM(C22:C25) -> 9 | T13: =SUM(D22:D25) -> 1 | U13: =SUM(E22:E25) -> 0 | V13: =SUM(F22:F25) -> 4 | W13: =SUM(G22:G25) -> 0 | X13: =SUM(H22:H25) -> 0 | Y13: =SUM(I22:I25) -> 5 | Z13: =SUM(J22:J25) -> 0 | ... AF13: =SUM(P22:P25) -> 63
B14: 08.00 - 08.15 | C14: 3 | D14: 0 | E14: 0 | F14: 0 | G14: 0 | H14: 0 | I14: 1 | J14: 0 | K14: 0 | L14: 0 | M14: 11 | N14: 0 | O14: =SUM(C14:L14,N14) -> 4 | P14: =SUM(C14:N14) -> 15 | R14: 1100-1200 | S14: =SUM(C26:C29) -> 6 | T14: =SUM(D26:D29) -> 0 | U14: =SUM(E26:E29) -> 2 | V14: =SUM(F26:F29) -> 10 | W14: =SUM(G26:G29) -> 0 | X14: =SUM(H26:H29) -> 0 | Y14: =SUM(I26:I29) -> 4 | Z14: =SUM(J26:J29) -> 2 | ... AF14: =SUM(P26:P29) -> 75
B15: 08.15 - 08.30 | C15: 1 | D15: 0 | E15: 0 | F15: 1 | G15: 0 | H15: 0 | I15: 0 | J15: 0 | K15: 2 | L15: 0 | M15: 8 | N15: 0 | O15: =SUM(C15:L15,N15) -> 4 | P15: =SUM(C15:N15) -> 12 | R15: 1200-1300 | S15: =SUM(C30:C33) -> 8 | T15: =SUM(D30:D33) -> 2 | U15: =SUM(E30:E33) -> 0 | V15: =SUM(F30:F33) -> 4 | W15: =SUM(G30:G33) -> 0 | X15: =SUM(H30:H33) -> 0 | Y15: =SUM(I30:I33) -> 4 | Z15: =SUM(J30:J33) -> 3 | ... AF15: =SUM(P30:P33) -> 62
B16: 08.30 - 08.45 | C16: 2 | D16: 0 | E16: 0 | F16: 1 | G16: 0 | H16: 0 | I16: 1 | J16: 0 | K16: 0 | L16: 0 | M16: 7 | N16: 0 | O16: =SUM(C16:L16,N16) -> 4 | P16: =SUM(C16:N16) -> 11 | R16: 1300-1400 | S16: =SUM(C34:C37) -> 8 | T16: =SUM(D34:D37) -> 0 | U16: =SUM(E34:E37) -> 0 | V16: =SUM(F34:F37) -> 3 | W16: =SUM(G34:G37) -> 0 | X16: =SUM(H34:H37) -> 0 | Y16: =SUM(I34:I37) -> 4 | Z16: =SUM(J34:J37) -> 1 | ... AF16: =SUM(P34:P37) -> 57
B17: 08.45 - 9.00 | C17: 4 | D17: 0 | E17: 0 | F17: 2 | G17: 0 | H17: 0 | I17: 1 | J17: 0 | K17: 0 | L17: 0 | M17: 10 | N17: 0 | O17: =SUM(C17:L17,N17) -> 7 | P17: =SUM(C17:N17) -> 17 | R17: 1400-1500 | S17: =SUM(C38:C41) -> 11 | T17: =SUM(D38:D41) -> 3 | U17: =SUM(E38:E41) -> 2 | V17: =SUM(F38:F41) -> 3 | W17: =SUM(G38:G41) -> 0 | X17: =SUM(H38:H41) -> 0 | Y17: =SUM(I38:I41) -> 4 | Z17: =SUM(J38:J41) -> 4 | ... AF17: =SUM(P38:P41) -> 73
B18: 09.00 - 09.15 | C18: 2 | D18: 1 | E18: 0 | F18: 1 | G18: 0 | H18: 0 | I18: 1 | J18: 0 | K18: 1 | L18: 0 | M18: 20 | N18: 0 | O18: =SUM(C18:L18,N18) -> 6 | P18: =SUM(C18:N18) -> 26 | R18: 1500-1600 | S18: =SUM(C42:C45) -> 9 | T18: =SUM(D42:D45) -> 1 | U18: =SUM(E42:E45) -> 0 | V18: =SUM(F42:F45) -> 4 | W18: =SUM(G42:G45) -> 0 | X18: =SUM(H42:H45) -> 0 | Y18: =SUM(I42:I45) -> 2 | Z18: =SUM(J42:J45) -> 1 | ... AF18: =SUM(P42:P45) -> 56
B19: 09.15 - 09.30 | C19: 5 | D19: 0 | E19: 0 | F19: 2 | G19: 0 | H19: 0 | I19: 0 | J19: 0 | K19: 1 | L19: 0 | M19: 11 | N19: 0 | O19: =SUM(C19:L19,N19) -> 8 | P19: =SUM(C19:N19) -> 19 | R19: 1600-1700 | S19: =SUM(C46:C49) -> 14 | T19: =SUM(D46:D49) -> 4 | U19: =SUM(E46:E49) -> 1 | V19: =SUM(F46:F49) -> 4 | W19: =SUM(G46:G49) -> 0 | X19: =SUM(H46:H49) -> 2 | Y19: =SUM(I46:I49) -> 4 | Z19: =SUM(J46:J49) -> 4 | ... AF19: =SUM(P46:P49) -> 110
B20: 09.30 - 09.45 | C20: 4 | D20: 0 | E20: 0 | F20: 1 | G20: 0 | H20: 0 | I20: 0 | J20: 0 | K20: 1 | L20: 0 | M20: 16 | N20: 0 | O20: =SUM(C20:L20,N20) -> 6 | P20: =SUM(C20:N20) -> 22 | R20: 1700-1800 | S20: =SUM(C50:C53) -> 12 | T20: =SUM(D50:D53) -> 3 | U20: =SUM(E50:E53) -> 2 | V20: =SUM(F50:F53) -> 5 | W20: =SUM(G50:G53) -> 0 | X20: =SUM(H50:H53) -> 1 | Y20: =SUM(I50:I53) -> 4 | Z20: =SUM(J50:J53) -> 13 | ... AF20: =SUM(P50:P53) -> 104
B21: 09.45 - 10.00 | C21: 2 | D21: 0 | E21: 0 | F21: 1 | G21: 0 | H21: 0 | I21: 3 | J21: 0 | K21: 0 | L21: 0 | M21: 15 | N21: 0 | O21: =SUM(C21:L21,N21) -> 6 | P21: =SUM(C21:N21) -> 21 | R21: 1800-1900 | S21: =SUM(C54:C57) -> 13 | T21: =SUM(D54:D57) -> 4 | U21: =SUM(E54:E57) -> 0 | V21: =SUM(F54:F57) -> 1 | W21: =SUM(G54:G57) -> 0 | X21: =SUM(H54:H57) -> 0 | Y21: =SUM(I54:I57) -> 2 | Z21: =SUM(J54:J57) -> 8 | ... AF21: =SUM(P54:P57) -> 102
B22: 10.00 - 10.15 | C22: 1 | D22: 1 | E22: 0 | F22: 0 | G22: 0 | H22: 0 | I22: 1 | J22: 0 | K22: 1 | L22: 0 | M22: 11 | N22: 0 | O22: =SUM(C22:L22,N22) -> 4 | P22: =SUM(C22:N22) -> 15 | R22: AM Peak Hr | S22: =MAX(S10:S12) -> 13 | T22: =MAX(T10:T12) -> 1 | U22: =MAX(U10:U12) -> 1 | V22: =MAX(V10:V12) -> 5 | W22: =MAX(W10:W12) -> 0 | X22: =MAX(X10:X12) -> 0 | Y22: =MAX(Y10:Y12) -> 4 | Z22: =MAX(Z10:Z12) -> 0 | ... AF22: =MAX(AF10:AF12) -> 88
B23: 10.15 - 10.30 | C23: 3 | D23: 0 | E23: 0 | F23: 2 | G23: 0 | H23: 0 | I23: 1 | J23: 0 | K23: 0 | L23: 0 | M23: 9 | N23: 0 | O23: =SUM(C23:L23,N23) -> 6 | P23: =SUM(C23:N23) -> 15 | R23: IP Peak Hr | S23: =MAX(S13:S18) -> 11 | T23: =MAX(T13:T18) -> 3 | U23: =MAX(U13:U18) -> 2 | V23: =MAX(V13:V18) -> 10 | W23: =MAX(W13:W18) -> 0 | X23: =MAX(X13:X18) -> 0 | Y23: =MAX(Y13:Y18) -> 5 | Z23: =MAX(Z13:Z18) -> 4 | ... AF23: =MAX(AF13:AF18) -> 75
B24: 10.30 - 10.45 | C24: 4 | D24: 0 | E24: 0 | F24: 1 | G24: 0 | H24: 0 | I24: 0 | J24: 0 | K24: 2 | L24: 0 | M24: 7 | N24: 0 | O24: =SUM(C24:L24,N24) -> 7 | P24: =SUM(C24:N24) -> 14 | R24: PM Peak Hr | S24: =MAX(S19:S21) -> 14 | T24: =MAX(T19:T21) -> 4 | U24: =MAX(U19:U21) -> 2 | V24: =MAX(V19:V21) -> 5 | W24: =MAX(W19:W21) -> 0 | X24: =MAX(X19:X21) -> 2 | Y24: =MAX(Y19:Y21) -> 4 | Z24: =MAX(Z19:Z21) -> 13 | ... AF24: =MAX(AF19:AF21) -> 110
B25: 10.45 - 11.00 | C25: 1 | D25: 0 | E25: 0 | F25: 1 | G25: 0 | H25: 0 | I25: 3 | J25: 0 | K25: 2 | L25: 0 | M25: 12 | N25: 0 | O25: =SUM(C25:L25,N25) -> 7 | P25: =SUM(C25:N25) -> 19 | R25: AM Period | S25: =SUM(S10:S12) -> 27 | T25: =SUM(T10:T12) -> 1 | U25: =SUM(U10:U12) -> 1 | V25: =SUM(V10:V12) -> 11 | W25: =SUM(W10:W12) -> 0 | X25: =SUM(X10:X12) -> 0 | Y25: =SUM(Y10:Y12) -> 10 | Z25: =SUM(Z10:Z12) -> 0 | ... AF25: =SUM(AF10:AF12) -> 196
B26: 11.00 - 11.15 | C26: 0 | D26: 0 | E26: 1 | F26: 2 | G26: 0 | H26: 0 | I26: 0 | J26: 1 | K26: 1 | L26: 0 | M26: 17 | N26: 0 | O26: =SUM(C26:L26,N26) -> 5 | P26: =SUM(C26:N26) -> 22 | R26: IP Period | S26: =SUM(S13:S18) -> 51 | T26: =SUM(T13:T18) -> 7 | U26: =SUM(U13:U18) -> 4 | V26: =SUM(V13:V18) -> 28 | W26: =SUM(W13:W18) -> 0 | X26: =SUM(X13:X18) -> 0 | Y26: =SUM(Y13:Y18) -> 23 | Z26: =SUM(Z13:Z18) -> 11 | ... AF26: =SUM(AF13:AF18) -> 386
B27: 11.15 - 11.30 | C27: 1 | D27: 0 | E27: 0 | F27: 3 | G27: 0 | H27: 0 | I27: 0 | J27: 0 | K27: 1 | L27: 0 | M27: 11 | N27: 0 | O27: =SUM(C27:L27,N27) -> 5 | P27: =SUM(C27:N27) -> 16 | R27: PM Period | S27: =SUM(S19:S21) -> 39 | T27: =SUM(T19:T21) -> 11 | U27: =SUM(U19:U21) -> 3 | V27: =SUM(V19:V21) -> 10 | W27: =SUM(W19:W21) -> 0 | X27: =SUM(X19:X21) -> 3 | Y27: =SUM(Y19:Y21) -> 10 | Z27: =SUM(Z19:Z21) -> 25 | ... AF27: =SUM(AF19:AF21) -> 316
B28: 11.30 - 11.45 | C28: 2 | D28: 0 | E28: 1 | F28: 3 | G28: 0 | H28: 0 | I28: 0 | J28: 0 | K28: 1 | L28: 0 | M28: 7 | N28: 0 | O28: =SUM(C28:L28,N28) -> 7 | P28: =SUM(C28:N28) -> 14 | R28: 12 Hours | S28: =SUM(S10:S21) -> 117 | T28: =SUM(T10:T21) -> 19 | U28: =SUM(U10:U21) -> 8 | V28: =SUM(V10:V21) -> 49 | W28: =SUM(W10:W21) -> 0 | X28: =SUM(X10:X21) -> 3 | Y28: =SUM(Y10:Y21) -> 43 | Z28: =SUM(Z10:Z21) -> 36 | ... AF28: =SUM(AF10:AF21) -> 898
B29: 11.45 - 12.00 | C29: 3 | D29: 0 | E29: 0 | F29: 2 | G29: 0 | H29: 0 | I29: 4 | J29: 1 | K29: 6 | L29: 0 | M29: 7 | N29: 0 | O29: =SUM(C29:L29,N29) -> 16 | P29: =SUM(C29:N29) -> 23
B30: 12.00 - 12.15 | C30: 3 | D30: 0 | E30: 0 | F30: 0 | G30: 0 | H30: 0 | I30: 0 | J30: 1 | K30: 0 | L30: 0 | M30: 14 | N30: 0 | O30: =SUM(C30:L30,N30) -> 4 | P30: =SUM(C30:N30) -> 18
B31: 12.15 - 12.30 | C31: 0 | D31: 2 | E31: 0 | F31: 2 | G31: 0 | H31: 0 | I31: 1 | J31: 1 | K31: 0 | L31: 0 | M31: 5 | N31: 0 | O31: =SUM(C31:L31,N31) -> 6 | P31: =SUM(C31:N31) -> 11
B32: 12.30 - 12.45 | C32: 3 | D32: 0 | E32: 0 | F32: 2 | G32: 0 | H32: 0 | I32: 1 | J32: 1 | K32: 0 | L32: 0 | M32: 16 | N32: 0 | O32: =SUM(C32:L32,N32) -> 7 | P32: =SUM(C32:N32) -> 23
B33: 12.45 - 13.00 | C33: 2 | D33: 0 | E33: 0 | F33: 0 | G33: 0 | H33: 0 | I33: 2 | J33: 0 | K33: 0 | L33: 0 | M33: 6 | N33: 0 | O33: =SUM(C33:L33,N33) -> 4 | P33: =SUM(C33:N33) -> 10
B34: 13.00 - 13.15 | C34: 3 | D34: 0 | E34: 0 | F34: 1 | G34: 0 | H34: 0 | I34: 3 | J34: 1 | K34: 0 | L34: 0 | M34: 6 | N34: 0 | O34: =SUM(C34:L34,N34) -> 8 | P34: =SUM(C34:N34) -> 14
B35: 13.15 - 13.30 | C35: 5 | D35: 0 | E35: 0 | F35: 1 | G35: 0 | H35: 0 | I35: 1 | J35: 0 | K35: 0 | L35: 0 | M35: 10 | N35: 0 | O35: =SUM(C35:L35,N35) -> 7 | P35: =SUM(C35:N35) -> 17
B36: 13.30 - 13.45 | C36: 0 | D36: 0 | E36: 0 | F36: 0 | G36: 0 | H36: 0 | I36: 0 | J36: 0 | K36: 0 | L36: 0 | M36: 10 | N36: 0 | O36: =SUM(C36:L36,N36) -> 0 | P36: =SUM(C36:N36) -> 10
B37: 13.45 - 14.00 | C37: 0 | D37: 0 | E37: 0 | F37: 1 | G37: 0 | H37: 0 | I37: 0 | J37: 0 | K37: 0 | L37: 0 | M37: 15 | N37: 0 | O37: =SUM(C37:L37,N37) -> 1 | P37: =SUM(C37:N37) -> 16
B38: 14.00 - 14.15 | C38: 1 | D38: 1 | E38: 1 | F38: 1 | G38: 0 | H38: 0 | I38: 1 | J38: 0 | K38: 0 | L38: 0 | M38: 10 | N38: 0 | O38: =SUM(C38:L38,N38) -> 5 | P38: =SUM(C38:N38) -> 15
B39: 14.15 - 14.30 | C39: 1 | D39: 0 | E39: 0 | F39: 1 | G39: 0 | H39: 0 | I39: 1 | J39: 2 | K39: 0 | L39: 0 | M39: 12 | N39: 0 | O39: =SUM(C39:L39,N39) -> 5 | P39: =SUM(C39:N39) -> 17
B40: 14.30 - 14.45 | C40: 5 | D40: 1 | E40: 1 | F40: 0 | G40: 0 | H40: 0 | I40: 2 | J40: 1 | K40: 0 | L40: 0 | M40: 12 | N40: 0 | O40: =SUM(C40:L40,N40) -> 10 | P40: =SUM(C40:N40) -> 22
... B57: 18.45 - 19.00 | C57: 1 | D57: 0 | E57: 0 | F57: 0 | G57: 0 | H57: 0 | I57: 0 | J57: 0 | K57: 4 | L57: 0 | M57: 18 | N57: 0 | O57: =SUM(C57:L57,N57) -> 5 | P57: =SUM(C57:N57) -> 23
B58: Totals | C58: =SUM(C10:C57) -> 117 | D58: =SUM(D10:D57) -> 19 | E58: =SUM(E10:E57) -> 8 | F58: =SUM(F10:F57) -> 49 | G58: =SUM(G10:G57) -> 0 | H58: =SUM(H10:H57) -> 3 | I58: =SUM(I10:I57) -> 43 | J58: =SUM(J10:J57) -> 36 | ... P58: =SUM(P10:P57) -> 898
B59: %ges + MCs | C59: =C58/$P$58 -> 0.13028953 | D59: =D58/$P$58 -> 0.021158129 | E59: =E58/$P$58 -> 0.008908686 | F59: =F58/$P$58 -> 0.054565702 | G59: =G58/$P$58 -> 0 | H59: =H58/$P$58 -> 0.0033407572 | I59: =I58/$P$58 -> 0.047884187 | J59: =J58/$P$58 -> 0.040089087 | ... N59: =N58/$P$58 -> 0
B60: %ges w/o MCs | C60: =C58/$O$58 -> 0.365625 | D60: =D58/$O$58 -> 0.059375 | E60: =E58/$O$58 -> 0.025 | F60: =F58/$O$58 -> 0.153125 | G60: =G58/$O$58 -> 0 | H60: =H58/$O$58 -> 0.009375 | I60: =I58/$O$58 -> 0.134375 | J60: =J58/$O$58 -> 0.1125 | ... L60: =L58/$O$58 -> 0.00625 | N60: =N58/$O$58 -> 0

Sheet 30.10 MASAKA-MUTUKULA
B1: Consultancy services for Preparation of Expressway Development Master Plan (EDMP) for Uganda
B2: MANUAL CLASSIFIED COUNT (MCC)
B3: ROAD NAME: | C3: ='31.10 Masaka-Mutukula'!C3:G3 -> MCC - C4- STN99-MASAKA-MUTUKULA
C5: Date | D5: 30.10.19 | F5: Location | G5: ='31.10 Masaka-Mutukula'!G5:H5 -> MUTUKULA BORDER | J5: Surveyor | K5: KETRA
C6: Dir. From | D6: ='31.10 Masaka-Mutukula'!D6:E6 -> MASAKA | F6: Dir. To | G6: ='31.10 Masaka-Mutukula'!G6:H6 -> MUTUKULA | J6: Supervisor | K6: ='31.10 Masaka-Mutukula'!K6:L6 -> SANDRA
B8: Time / Veh Type | R8: SUMMARY TRAFFIC VOLUMES
C9: 1. Car | D9: 2. Station Wagon | E9: 3. Pickups | F9: 4. Minibus, matatu | G9: 5. Medium bus | H9: 6. Large Bus | I9: 7. Light Truck | J9: 8. Medium Truck | K9: 9. Heavy truck | L9: 10. Truck Trailer | M9: 11. Motor cycles | N9: 12. Tractors | O9: Total Excl M/Cycles | P9: Total All | R9: Time | S9: 1. Car | T9: 2. Station Wagon | U9: 3. Pickups | V9: 4. Minibus, matatu | W9: 5. Medium bus | X9: 6. Large Bus | Y9: 7. Light Truck | Z9: 8. Medium Truck | AA9: 9. Heavy truck | AB9: 10. Truck Trailer | AC9: 11. Motorcycles | AD9: 12. Tractors, Graders | AE9: Total Excl M/ Cycles | AF9: Total All
B10: 07.00 - 07.15 | C10: 3 | D10: 0 | E10: 0 | F10: 1 | G10: 0 | H10: 0 | I10: 0 | J10: 0 | K10: 2 | L10: 0 | M10: 8 | N10: 0 | O10: =SUM(C10:L10,N10) -> 6 | P10: =SUM(C10:N10) -> 14 | R10: 0700-0800 | S10: =SUM(C10:C13) -> 13 | T10: =SUM(D10:D13) -> 0 | U10: =SUM(E10:E13) -> 1 | V10: =SUM(F10:F13) -> 2 | W10: =SUM(G10:G13) -> 0 | X10: =SUM(H10:H13) -> 0 | Y10: =SUM(I10:I13) -> 0 | Z10: =SUM(J10:J13) -> 0 | ... AF10: =SUM(P10:P13) -> 61
B11: 07.15 - 07.30 | C11: 2 | D11: 0 | E11: 0 | F11: 1 | G11: 0 | H11: 0 | I11: 0 | J11: 0 | K11: 1 | L11: 0 | M11: 10 | N11: 0 | O11: =SUM(C11:L11,N11) -> 4 | P11: =SUM(C11:N11) -> 14 | R11: 0800-0900 | S11: =SUM(C14:C17) -> 8 | T11: =SUM(D14:D17) -> 2 | U11: =SUM(E14:E17) -> 0 | V11: =SUM(F14:F17) -> 1 | W11: =SUM(G14:G17) -> 0 | X11: =SUM(H14:H17) -> 1 | Y11: =SUM(I14:I17) -> 4 | Z11: =SUM(J14:J17) -> 1 | ... AF11: =SUM(P14:P17) -> 92
B12: 07.30 - 07.45 | C12: 2 | D12: 0 | E12: 1 | F12: 0 | G12: 0 | H12: 0 | I12: 0 | J12: 0 | K12: 2 | L12: 0 | M12: 13 | N12: 0 | O12: =SUM(C12:L12,N12) -> 5 | P12: =SUM(C12:N12) -> 18 | R12: 0900-1000 | S12: =SUM(C18:C21) -> 12 | T12: =SUM(D18:D21) -> 0 | U12: =SUM(E18:E21) -> 3 | V12: =SUM(F18:F21) -> 6 | W12: =SUM(G18:G21) -> 0 | X12: =SUM(H18:H21) -> 0 | Y12: =SUM(I18:I21) -> 2 | Z12: =SUM(J18:J21) -> 4 | ... AF12: =SUM(P18:P21) -> 85
B13: 07.45 - 08.00 | C13: 6 | D13: 0 | E13: 0 | F13: 0 | G13: 0 | H13: 0 | I13: 0 | J13: 0 | K13: 5 | L13: 0 | M13: 4 | N13: 0 | O13: =SUM(C13:L13,N13) -> 11 | P13: =SUM(C13:N13) -> 15 | R13: 1000-1100 | S13: =SUM(C22:C25) -> 7 | T13: =SUM(D22:D25) -> 0 | U13: =SUM(E22:E25) -> 0 | V13: =SUM(F22:F25) -> 4 | W13: =SUM(G22:G25) -> 0 | X13: =SUM(H22:H25) -> 0 | Y13: =SUM(I22:I25) -> 3 | Z13: =SUM(J22:J25) -> 0 | ... AF13: =SUM(P22:P25) -> 71
B14: 08.00 - 08.15 | C14: 0 | D14: 1 | E14: 0 | F14: 0 | G14: 0 | H14: 0 | I14: 1 | J14: 0 | K14: 12 | L14: 0 | M14: 11 | N14: 0 | O14: =SUM(C14:L14,N14) -> 14 | P14: =SUM(C14:N14) -> 25 | R14: 1100-1200 | S14: =SUM(C26:C29) -> 6 | T14: =SUM(D26:D29) -> 2 | U14: =SUM(E26:E29) -> 0 | V14: =SUM(F26:F29) -> 5 | W14: =SUM(G26:G29) -> 0 | X14: =SUM(H26:H29) -> 0 | Y14: =SUM(I26:I29) -> 4 | Z14: =SUM(J26:J29) -> 2 | ... AF14: =SUM(P26:P29) -> 86
B15: 08.15 - 08.30 | C15: 5 | D15: 0 | E15: 0 | F15: 0 | G15: 0 | H15: 1 | I15: 1 | J15: 1 | K15: 2 | L15: 0 | M15: 13 | N15: 0 | O15: =SUM(C15:L15,N15) -> 10 | P15: =SUM(C15:N15) -> 23 | R15: 1200-1300 | S15: =SUM(C30:C33) -> 17 | T15: =SUM(D30:D33) -> 1 | U15: =SUM(E30:E33) -> 1 | V15: =SUM(F30:F33) -> 8 | W15: =SUM(G30:G33) -> 0 | X15: =SUM(H30:H33) -> 0 | Y15: =SUM(I30:I33) -> 2 | Z15: =SUM(J30:J33) -> 0 | ... AF15: =SUM(P30:P33) -> 101
B16: 08.30 - 08.45 | C16: 2 | D16: 0 | E16: 0 | F16: 0 | G16: 0 | H16: 0 | I16: 0 | J16: 0 | K16: 1 | L16: 0 | M16: 20 | N16: 0 | O16: =SUM(C16:L16,N16) -> 3 | P16: =SUM(C16:N16) -> 23 | R16: 1300-1400 | S16: =SUM(C34:C37) -> 9 | T16: =SUM(D34:D37) -> 1 | U16: =SUM(E34:E37) -> 1 | V16: =SUM(F34:F37) -> 5 | W16: =SUM(G34:G37) -> 0 | X16: =SUM(H34:H37) -> 0 | Y16: =SUM(I34:I37) -> 3 | Z16: =SUM(J34:J37) -> 0 | ... AF16: =SUM(P34:P37) -> 77
B17: 08.45 - 9.00 | C17: 1 | D17: 1 | E17: 0 | F17: 1 | G17: 0 | H17: 0 | I17: 2 | J17: 0 | K17: 1 | L17: 0 | M17: 15 | N17: 0 | O17: =SUM(C17:L17,N17) -> 6 | P17: =SUM(C17:N17) -> 21 | R17: 1400-1500 | S17: =SUM(C38:C41) -> 12 | T17: =SUM(D38:D41) -> 0 | U17: =SUM(E38:E41) -> 0 | V17: =SUM(F38:F41) -> 9 | W17: =SUM(G38:G41) -> 0 | X17: =SUM(H38:H41) -> 0 | Y17: =SUM(I38:I41) -> 6 | Z17: =SUM(J38:J41) -> 2 | ... AF17: =SUM(P38:P41) -> 108
B18: 09.00 - 09.15 | C18: 2 | D18: 0 | E18: 0 | F18: 1 | G18: 0 | H18: 0 | I18: 0 | J18: 0 | K18: 1 | L18: 0 | M18: 8 | N18: 0 | O18: =SUM(C18:L18,N18) -> 4 | P18: =SUM(C18:N18) -> 12 | R18: 1500-1600 | S18: =SUM(C42:C45) -> 6 | T18: =SUM(D42:D45) -> 1 | U18: =SUM(E42:E45) -> 0 | V18: =SUM(F42:F45) -> 5 | W18: =SUM(G42:G45) -> 0 | X18: =SUM(H42:H45) -> 0 | Y18: =SUM(I42:I45) -> 4 | Z18: =SUM(J42:J45) -> 1 | ... AF18: =SUM(P42:P45) -> 76
B19: 09.15 - 09.30 | C19: 4 | D19: 0 | E19: 0 | F19: 2 | G19: 0 | H19: 0 | I19: 1 | J19: 1 | K19: 0 | L19: 0 | M19: 12 | N19: 0 | O19: =SUM(C19:L19,N19) -> 8 | P19: =SUM(C19:N19) -> 20 | R19: 1600-1700 | S19: =SUM(C46:C49) -> 12 | T19: =SUM(D46:D49) -> 0 | U19: =SUM(E46:E49) -> 0 | V19: =SUM(F46:F49) -> 7 | W19: =SUM(G46:G49) -> 0 | X19: =SUM(H46:H49) -> 0 | Y19: =SUM(I46:I49) -> 2 | Z19: =SUM(J46:J49) -> 0 | ... AF19: =SUM(P46:P49) -> 88
B20: 09.30 - 09.45 | C20: 3 | D20: 0 | E20: 3 | F20: 0 | G20: 0 | H20: 0 | I20: 1 | J20: 3 | K20: 2 | L20: 0 | M20: 17 | N20: 0 | O20: =SUM(C20:L20,N20) -> 12 | P20: =SUM(C20:N20) -> 29 | R20: 1700-1800 | S20: =SUM(C50:C53) -> 10 | T20: =SUM(D50:D53) -> 1 | U20: =SUM(E50:E53) -> 0 | V20: =SUM(F50:F53) -> 6 | W20: =SUM(G50:G53) -> 0 | X20: =SUM(H50:H53) -> 0 | Y20: =SUM(I50:I53) -> 3 | Z20: =SUM(J50:J53) -> 0 | ... AF20: =SUM(P50:P53) -> 78
B21: 09.45 - 10.00 | C21: 3 | D21: 0 | E21: 0 | F21: 3 | G21: 0 | H21: 0 | I21: 0 | J21: 0 | K21: 0 | L21: 0 | M21: 18 | N21: 0 | O21: =SUM(C21:L21,N21) -> 6 | P21: =SUM(C21:N21) -> 24 | R21: 1800-1900 | S21: =SUM(C54:C57) -> 22 | T21: =SUM(D54:D57) -> 0 | U21: =SUM(E54:E57) -> 0 | V21: =SUM(F54:F57) -> 9 | W21: =SUM(G54:G57) -> 0 | X21: =SUM(H54:H57) -> 0 | Y21: =SUM(I54:I57) -> 2 | Z21: =SUM(J54:J57) -> 0 | ... AF21: =SUM(P54:P57) -> 107
B22: 10.00 - 10.15 | C22: 1 | D22: 0 | E22: 0 | F22: 0 | G22: 0 | H22: 0 | I22: 0 | J22: 0 | K22: 1 | L22: 0 | M22: 12 | N22: 0 | O22: =SUM(C22:L22,N22) -> 2 | P22: =SUM(C22:N22) -> 14 | R22: AM Peak Hr | S22: =MAX(S10:S12) -> 13 | T22: =MAX(T10:T12) -> 2 | U22: =MAX(U10:U12) -> 3 | V22: =MAX(V10:V12) -> 6 | W22: =MAX(W10:W12) -> 0 | X22: =MAX(X10:X12) -> 1 | Y22: =MAX(Y10:Y12) -> 4 | Z22: =MAX(Z10:Z12) -> 4 | ... AF22: =MAX(AF10:AF12) -> 92
B23: 10.15 - 10.30 | C23: 4 | D23: 0 | E23: 0 | F23: 1 | G23: 0 | H23: 0 | I23: 1 | J23: 0 | K23: 0 | L23: 0 | M23: 13 | N23: 0 | O23: =SUM(C23:L23,N23) -> 6 | P23: =SUM(C23:N23) -> 19 | R23: IP Peak Hr | S23: =MAX(S13:S18) -> 17 | T23: =MAX(T13:T18) -> 2 | U23: =MAX(U13:U18) -> 1 | V23: =MAX(V13:V18) -> 9 | W23: =MAX(W13:W18) -> 0 | X23: =MAX(X13:X18) -> 0 | Y23: =MAX(Y13:Y18) -> 6 | Z23: =MAX(Z13:Z18) -> 2 | ... AF23: =MAX(AF13:AF18) -> 108
B24: 10.30 - 10.45 | C24: 2 | D24: 0 | E24: 0 | F24: 0 | G24: 0 | H24: 0 | I24: 1 | J24: 0 | K24: 2 | L24: 0 | M24: 15 | N24: 0 | O24: =SUM(C24:L24,N24) -> 5 | P24: =SUM(C24:N24) -> 20 | R24: PM Peak Hr | S24: =MAX(S19:S21) -> 22 | T24: =MAX(T19:T21) -> 1 | U24: =MAX(U19:U21) -> 0 | V24: =MAX(V19:V21) -> 9 | W24: =MAX(W19:W21) -> 0 | X24: =MAX(X19:X21) -> 0 | Y24: =MAX(Y19:Y21) -> 3 | Z24: =MAX(Z19:Z21) -> 0 | ... AF24: =MAX(AF19:AF21) -> 107
B25: 10.45 - 11.00 | C25: 0 | D25: 0 | E25: 0 | F25: 3 | G25: 0 | H25: 0 | I25: 1 | J25: 0 | K25: 3 | L25: 0 | M25: 11 | N25: 0 | O25: =SUM(C25:L25,N25) -> 7 | P25: =SUM(C25:N25) -> 18 | R25: AM Period | S25: =SUM(S10:S12) -> 33 | T25: =SUM(T10:T12) -> 2 | U25: =SUM(U10:U12) -> 4 | V25: =SUM(V10:V12) -> 9 | W25: =SUM(W10:W12) -> 0 | X25: =SUM(X10:X12) -> 1 | Y25: =SUM(Y10:Y12) -> 6 | Z25: =SUM(Z10:Z12) -> 5 | ... AF25: =SUM(AF10:AF12) -> 238
B26: 11.00 - 11.15 | C26: 2 | D26: 2 | E26: 0 | F26: 1 | G26: 0 | H26: 0 | I26: 0 | J26: 0 | K26: 2 | L26: 0 | M26: 17 | N26: 0 | O26: =SUM(C26:L26,N26) -> 7 | P26: =SUM(C26:N26) -> 24 | R26: IP Period | S26: =SUM(S13:S18) -> 57 | T26: =SUM(T13:T18) -> 5 | U26: =SUM(U13:U18) -> 2 | V26: =SUM(V13:V18) -> 36 | W26: =SUM(W13:W18) -> 0 | X26: =SUM(X13:X18) -> 0 | Y26: =SUM(Y13:Y18) -> 22 | Z26: =SUM(Z13:Z18) -> 5 | ... AF26: =SUM(AF13:AF18) -> 519
B27: 11.15 - 11.30 | C27: 0 | D27: 0 | E27: 0 | F27: 3 | G27: 0 | H27: 0 | I27: 1 | J27: 0 | K27: 0 | L27: 0 | M27: 21 | N27: 0 | O27: =SUM(C27:L27,N27) -> 4 | P27: =SUM(C27:N27) -> 25 | R27: PM Period | S27: =SUM(S19:S21) -> 44 | T27: =SUM(T19:T21) -> 1 | U27: =SUM(U19:U21) -> 0 | V27: =SUM(V19:V21) -> 22 | W27: =SUM(W19:W21) -> 0 | X27: =SUM(X19:X21) -> 0 | Y27: =SUM(Y19:Y21) -> 7 | Z27: =SUM(Z19:Z21) -> 0 | ... AF27: =SUM(AF19:AF21) -> 273
B28: 11.30 - 11.45 | C28: 3 | D28: 0 | E28: 0 | F28: 1 | G28: 0 | H28: 0 | I28: 3 | J28: 1 | K28: 3 | L28: 0 | M28: 15 | N28: 0 | O28: =SUM(C28:L28,N28) -> 11 | P28: =SUM(C28:N28) -> 26 | R28: 12 Hours | S28: =SUM(S10:S21) -> 134 | T28: =SUM(T10:T21) -> 8 | U28: =SUM(U10:U21) -> 6 | V28: =SUM(V10:V21) -> 67 | W28: =SUM(W10:W21) -> 0 | X28: =SUM(X10:X21) -> 1 | Y28: =SUM(Y10:Y21) -> 35 | Z28: =SUM(Z10:Z21) -> 10 | ... AF28: =SUM(AF10:AF21) -> 1030
B29: 11.45 - 12.00 | C29: 1 | D29: 0 | E29: 0 | F29: 0 | G29: 0 | H29: 0 | I29: 0 | J29: 1 | K29: 0 | L29: 0 | M29: 9 | N29: 0 | O29: =SUM(C29:L29,N29) -> 2 | P29: =SUM(C29:N29) -> 11
B30: 12.00 - 12.15 | C30: 2 | D30: 0 | E30: 0 | F30: 2 | G30: 0 | H30: 0 | I30: 0 | J30: 0 | K30: 1 | L30: 0 | M30: 19 | N30: 0 | O30: =SUM(C30:L30,N30) -> 5 | P30: =SUM(C30:N30) -> 24
B31: 12.15 - 12.30 | C31: 6 | D31: 0 | E31: 0 | F31: 2 | G31: 0 | H31: 0 | I31: 1 | J31: 0 | K31: 5 | L31: 0 | M31: 22 | N31: 0 | O31: =SUM(C31:L31,N31) -> 14 | P31: =SUM(C31:N31) -> 36
B32: 12.30 - 12.45 | C32: 5 | D32: 1 | E32: 1 | F32: 2 | G32: 0 | H32: 0 | I32: 0 | J32: 0 | K32: 0 | L32: 0 | M32: 10 | N32: 0 | O32: =SUM(C32:L32,N32) -> 9 | P32: =SUM(C32:N32) -> 19
B33: 12.45 - 13.00 | C33: 4 | D33: 0 | E33: 0 | F33: 2 | G33: 0 | H33: 0 | I33: 1 | J33: 0 | K33: 1 | L33: 0 | M33: 14 | N33: 0 | O33: =SUM(C33:L33,N33) -> 8 | P33: =SUM(C33:N33) -> 22
B34: 13.00 - 13.15 | C34: 2 | D34: 0 | E34: 0 | F34: 1 | G34: 0 | H34: 0 | I34: 1 | J34: 0 | K34: 1 | L34: 0 | M34: 8 | N34: 0 | O34: =SUM(C34:L34,N34) -> 5 | P34: =SUM(C34:N34) -> 13
B35: 13.15 - 13.30 | C35: 1 | D35: 1 | E35: 0 | F35: 2 | G35: 0 | H35: 0 | I35: 2 | J35: 0 | K35: 1 | L35: 0 | M35: 13 | N35: 0 | O35: =SUM(C35:L35,N35) -> 7 | P35: =SUM(C35:N35) -> 20
B36: 13.30 - 13.45 | C36: 3 | D36: 0 | E36: 0 | F36: 2 | G36: 0 | H36: 0 | I36: 0 | J36: 0 | K36: 0 | L36: 0 | M36: 19 | N36: 0 | O36: =SUM(C36:L36,N36) -> 5 | P36: =SUM(C36:N36) -> 24
B37: 13.45 - 14.00 | C37: 3 | D37: 0 | E37: 1 | F37: 0 | G37: 0 | H37: 0 | I37: 0 | J37: 0 | K37: 0 | L37: 0 | M37: 16 | N37: 0 | O37: =SUM(C37:L37,N37) -> 4 | P37: =SUM(C37:N37) -> 20
B38: 14.00 - 14.15 | C38: 3 | D38: 0 | E38: 0 | F38: 3 | G38: 0 | H38: 0 | I38: 2 | J38: 0 | K38: 2 | L38: 0 | M38: 13 | N38: 0 | O38: =SUM(C38:L38,N38) -> 10 | P38: =SUM(C38:N38) -> 23
B39: 14.15 - 14.30 | C39: 1 | D39: 0 | E39: 0 | F39: 1 | G39: 0 | H39: 0 | I39: 3 | J39: 0 | K39: 1 | L39: 0 | M39: 12 | N39: 0 | O39: =SUM(C39:L39,N39) -> 6 | P39: =SUM(C39:N39) -> 18
B40: 14.30 - 14.45 | C40: 5 | D40: 0 | E40: 0 | F40: 3 | G40: 0 | H40: 0 | I40: 0 | J40: 2 | K40: 1 | L40: 0 | M40: 23 | N40: 0 | O40: =SUM(C40:L40,N40) -> 11 | P40: =SUM(C40:N40) -> 34
... B57: 18.45 - 19.00 | C57: 5 | D57: 0 | E57: 0 | F57: 2 | G57: 0 | H57: 0 | I57: 1 | J57: 0 | K57: 0 | L57: 0 | M57: 23 | N57: 0 | O57: =SUM(C57:L57,N57) -> 8 | P57: =SUM(C57:N57) -> 31
B58: Totals | C58: 5 | D58: =SUM(D10:D57) -> 8 | E58: =SUM(E10:E57) -> 6 | F58: =SUM(F10:F57) -> 67 | G58: =SUM(G10:G57) -> 0 | H58: =SUM(H10:H57) -> 1 | I58: =SUM(I10:I57) -> 35 | J58: =SUM(J10:J57) -> 10 | K58: =SUM(K10:K57) -> 73 | ... P58: =SUM(P10:P57) -> 1030
B59: %ges + MCs | C59: =C58/$P$58 -> 0.0048543689 | D59: =D58/$P$58 -> 0.0077669903 | E59: =E58/$P$58 -> 0.0058252427 | F59: =F58/$P$58 -> 0.065048544 | G59: =G58/$P$58 -> 0 | H59: =H58/$P$58 -> 0.00097087379 | I59: =I58/$P$58 -> 0.033980583 | J59: =J58/$P$58 -> 0.0097087379 | ... N59: =N58/$P$58 -> 0
B60: %ges w/o MCs | C60: =C58/$O$58 -> 0.01497006 | D60: =D58/$O$58 -> 0.023952096 | E60: =E58/$O$58 -> 0.017964072 | F60: =F58/$O$58 -> 0.2005988 | G60: =G58/$O$58 -> 0 | H60: =H58/$O$58 -> 0.002994012 | I60: =I58/$O$58 -> 0.10479042 | J60: =J58/$O$58 -> 0.02994012 | ... L60: =L58/$O$58 -> 0 | N60: =N58/$O$58 -> 0

Sheet 30.10 MUTUKULA-MASAKA
B1: Consultancy services for Preparation of Expressway Development Master Plan (EDMP) for Uganda
B2: MANUAL CLASSIFIED COUNT (MCC)
B3: ROAD NAME: | C3: ='31.10.MUTUKULA-MASAKA'!C3:G3 -> MCC-C4-STN99-MASAKA-MUTUKULA
C5: Date | D5: ='30.10 MASAKA-MUTUKULA'!D5 -> 30.10.19 | F5: Location | G5: ='31.10 Masaka-Mutukula'!G5:H5 -> MUTUKULA BORDER | J5: Surveyor | K5: SANDRA
C6: Dir. From | D6: ='31.10.MUTUKULA-MASAKA'!D6:E6 -> MUTUKULA | F6: Dir. To | G6: ='31.10.MUTUKULA-MASAKA'!G6:H6 -> MASAKA | J6: Supervisor | K6: ='31.10 Masaka-Mutukula'!K6:L6 -> SANDRA
B8: Time / Veh Type | R8: SUMMARY TRAFFIC VOLUMES
C9: 1. Car | D9: 2. Station Wagon | E9: 3. Pickups | F9: 4. Minibus, matatu | G9: 5. Medium bus | H9: 6. Large Bus | I9: 7. Light Truck | J9: 8. Medium Truck | K9: 9. Heavy truck | L9: 10. Truck Trailer | M9: 11. Motor cycles | N9: 12. Tractors | O9: Total Excl M/Cycles | P9: Total All | R9: Time | S9: 1. Car | T9: 2. Station Wagon | U9: 3. Pickups | V9: 4. Minibus, matatu | W9: 5. Medium bus | X9: 6. Large Bus | Y9: 7. Light Truck | Z9: 8. Medium Truck | AA9: 9. Heavy truck | AB9: 10. Truck Trailer | AC9: 11. Motorcycles | AD9: 12. Tractors, Graders | AE9: Total Excl M/ Cycles | AF9: Total All
B10: 07.00 - 07.15 | C10: 1 | D10: 0 | E10: 1 | F10: 0 | G10: 0 | H10: 0 | I10: 0 | J10: 0 | K10: 0 | L10: 0 | M10: 6 | N10: 0 | O10: =SUM(C10:L10,N10) -> 2 | P10: =SUM(C10:N10) -> 8 | R10: 0700-0800 | S10: =SUM(C10:C13) -> 8 | T10: =SUM(D10:D13) -> 1 | U10: =SUM(E10:E13) -> 1 | V10: =SUM(F10:F13) -> 2 | W10: =SUM(G10:G13) -> 0 | X10: =SUM(H10:H13) -> 0 | Y10: =SUM(I10:I13) -> 3 | Z10: =SUM(J10:J13) -> 0 | ... AF10: =SUM(P10:P13) -> 52
B11: 07.15 - 07.30 | C11: 3 | D11: 0 | E11: 0 | F11: 0 | G11: 0 | H11: 0 | I11: 1 | J11: 0 | K11: 0 | L11: 0 | M11: 9 | N11: 0 | O11: =SUM(C11:L11,N11) -> 4 | P11: =SUM(C11:N11) -> 13 | R11: 0800-0900 | S11: =SUM(C14:C17) -> 3 | T11: =SUM(D14:D17) -> 1 | U11: =SUM(E14:E17) -> 1 | V11: =SUM(F14:F17) -> 2 | W11: =SUM(G14:G17) -> 0 | X11: =SUM(H14:H17) -> 0 | Y11: =SUM(I14:I17) -> 2 | Z11: =SUM(J14:J17) -> 0 | ... AF11: =SUM(P14:P17) -> 55
B12: 07.30 - 07.45 | C12: 1 | D12: 0 | E12: 0 | F12: 2 | G12: 0 | H12: 0 | I12: 0 | J12: 0 | K12: 0 | L12: 0 | M12: 11 | N12: 0 | O12: =SUM(C12:L12,N12) -> 3 | P12: =SUM(C12:N12) -> 14 | R12: 0900-1000 | S12: =SUM(C18:C21) -> 10 | T12: =SUM(D18:D21) -> 1 | U12: =SUM(E18:E21) -> 0 | V12: =SUM(F18:F21) -> 4 | W12: =SUM(G18:G21) -> 0 | X12: =SUM(H18:H21) -> 0 | Y12: =SUM(I18:I21) -> 0 | Z12: =SUM(J18:J21) -> 1 | ... AF12: =SUM(P18:P21) -> 55
B13: 07.45 - 08.00 | C13: 3 | D13: 1 | E13: 0 | F13: 0 | G13: 0 | H13: 0 | I13: 2 | J13: 0 | K13: 1 | L13: 0 | M13: 10 | N13: 0 | O13: =SUM(C13:L13,N13) -> 7 | P13: =SUM(C13:N13) -> 17 | R13: 1000-1100 | S13: =SUM(C22:C25) -> 6 | T13: =SUM(D22:D25) -> 0 | U13: =SUM(E22:E25) -> 0 | V13: =SUM(F22:F25) -> 3 | W13: =SUM(G22:G25) -> 0 | X13: =SUM(H22:H25) -> 0 | Y13: =SUM(I22:I25) -> 3 | Z13: =SUM(J22:J25) -> 3 | ... AF13: =SUM(P22:P25) -> 63
B14: 08.00 - 08.15 | C14: 0 | D14: 0 | E14: 0 | F14: 0 | G14: 0 | H14: 0 | I14: 0 | J14: 0 | K14: 2 | L14: 0 | M14: 10 | N14: 0 | O14: =SUM(C14:L14,N14) -> 2 | P14: =SUM(C14:N14) -> 12 | R14: 1100-1200 | S14: =SUM(C26:C29) -> 5 | T14: =SUM(D26:D29) -> 2 | U14: =SUM(E26:E29) -> 0 | V14: =SUM(F26:F29) -> 6 | W14: =SUM(G26:G29) -> 2 | X14: =SUM(H26:H29) -> 0 | Y14: =SUM(I26:I29) -> 2 | Z14: =SUM(J26:J29) -> 2 | ... AF14: =SUM(P26:P29) -> 60
B15: 08.15 - 08.30 | C15: 1 | D15: 0 | E15: 1 | F15: 1 | G15: 0 | H15: 0 | I15: 0 | J15: 0 | K15: 0 | L15: 0 | M15: 13 | N15: 0 | O15: =SUM(C15:L15,N15) -> 3 | P15: =SUM(C15:N15) -> 16 | R15: 1200-1300 | S15: =SUM(C30:C33) -> 10 | T15: =SUM(D30:D33) -> 2 | U15: =SUM(E30:E33) -> 0 | V15: =SUM(F30:F33) -> 5 | W15: =SUM(G30:G33) -> 0 | X15: =SUM(H30:H33) -> 0 | Y15: =SUM(I30:I33) -> 4 | Z15: =SUM(J30:J33) -> 5 | ... AF15: =SUM(P30:P33) -> 90
B16: 08.30 - 08.45 | C16: 1 | D16: 0 | E16: 0 | F16: 0 | G16: 0 | H16: 0 | I16: 1 | J16: 0 | K16: 0 | L16: 0 | M16: 12 | N16: 0 | O16: =SUM(C16:L16,N16) -> 2 | P16: =SUM(C16:N16) -> 14 | R16: 1300-1400 | S16: =SUM(C34:C37) -> 7 | T16: =SUM(D34:D37) -> 0 | U16: =SUM(E34:E37) -> 1 | V16: =SUM(F34:F37) -> 5 | W16: =SUM(G34:G37) -> 0 | X16: =SUM(H34:H37) -> 0 | Y16: =SUM(I34:I37) -> 1 | Z16: =SUM(J34:J37) -> 5 | ... AF16: =SUM(P34:P37) -> 69
B17: 08.45 - 9.00 | C17: 1 | D17: 1 | E17: 0 | F17: 1 | G17: 0 | H17: 0 | I17: 1 | J17: 0 | K17: 0 | L17: 0 | M17: 9 | N17: 0 | O17: =SUM(C17:L17,N17) -> 4 | P17: =SUM(C17:N17) -> 13 | R17: 1400-1500 | S17: =SUM(C38:C41) -> 12 | T17: =SUM(D38:D41) -> 3 | U17: =SUM(E38:E41) -> 0 | V17: =SUM(F38:F41) -> 3 | W17: =SUM(G38:G41) -> 0 | X17: =SUM(H38:H41) -> 0 | Y17: =SUM(I38:I41) -> 5 | Z17: =SUM(J38:J41) -> 2 | ... AF17: =SUM(P38:P41) -> 67
B18: 09.00 - 09.15 | C18: 3 | D18: 0 | E18: 0 | F18: 1 | G18: 0 | H18: 0 | I18: 0 | J18: 0 | K18: 0 | L18: 0 | M18: 3 | N18: 0 | O18: =SUM(C18:L18,N18) -> 4 | P18: =SUM(C18:N18) -> 7 | R18: 1500-1600 | S18: =SUM(C42:C45) -> 12 | T18: =SUM(D42:D45) -> 4 | U18: =SUM(E42:E45) -> 2 | V18: =SUM(F42:F45) -> 6 | W18: =SUM(G42:G45) -> 0 | X18: =SUM(H42:H45) -> 0 | Y18: =SUM(I42:I45) -> 9 | Z18: =SUM(J42:J45) -> 8 | ... AF18: =SUM(P42:P45) -> 104
B19: 09.15 - 09.30 | C19: 2 | D19: 1 | E19: 0 | F19: 2 | G19: 0 | H19: 0 | I19: 0 | J19: 0 | K19: 0 | L19: 0 | M19: 10 | N19: 0 | O19: =SUM(C19:L19,N19) -> 5 | P19: =SUM(C19:N19) -> 15 | R19: 1600-1700 | S19: =SUM(C46:C49) -> 8 | T19: =SUM(D46:D49) -> 1 | U19: =SUM(E46:E49) -> 0 | V19: =SUM(F46:F49) -> 7 | W19: =SUM(G46:G49) -> 0 | X19: =SUM(H46:H49) -> 1 | Y19: =SUM(I46:I49) -> 2 | Z19: =SUM(J46:J49) -> 5 | ... AF19: =SUM(P46:P49) -> 87
B20: 09.30 - 09.45 | C20: 2 | D20: 0 | E20: 0 | F20: 1 | G20: 0 | H20: 0 | I20: 0 | J20: 1 | K20: 0 | L20: 0 | M20: 13 | N20: 0 | O20: =SUM(C20:L20,N20) -> 4 | P20: =SUM(C20:N20) -> 17 | R20: 1700-1800 | S20: =SUM(C50:C53) -> 13 | T20: =SUM(D50:D53) -> 0 | U20: =SUM(E50:E53) -> 1 | V20: =SUM(F50:F53) -> 7 | W20: =SUM(G50:G53) -> 0 | X20: =SUM(H50:H53) -> 2 | Y20: =SUM(I50:I53) -> 10 | Z20: =SUM(J50:J53) -> 9 | ... AF20: =SUM(P50:P53) -> 109
B21: 09.45 - 10.00 | C21: 3 | D21: 0 | E21: 0 | F21: 0 | G21: 0 | H21: 0 | I21: 0 | J21: 0 | K21: 1 | L21: 0 | M21: 12 | N21: 0 | O21: =SUM(C21:L21,N21) -> 4 | P21: =SUM(C21:N21) -> 16 | R21: 1800-1900 | S21: =SUM(C54:C57) -> 10 | T21: =SUM(D54:D57) -> 2 | U21: =SUM(E54:E57) -> 0 | V21: =SUM(F54:F57) -> 6 | W21: =SUM(G54:G57) -> 0 | X21: =SUM(H54:H57) -> 0 | Y21: =SUM(I54:I57) -> 0 | Z21: =SUM(J54:J57) -> 7 | ... AF21: =SUM(P54:P57) -> 82
B22: 10.00 - 10.15 | C22: 1 | D22: 0 | E22: 0 | F22: 2 | G22: 0 | H22: 0 | I22: 2 | J22: 0 | K22: 0 | L22: 0 | M22: 9 | N22: 0 | O22: =SUM(C22:L22,N22) -> 5 | P22: =SUM(C22:N22) -> 14 | R22: AM Peak Hr | S22: =MAX(S10:S12) -> 10 | T22: =MAX(T10:T12) -> 1 | U22: =MAX(U10:U12) -> 1 | V22: =MAX(V10:V12) -> 4 | W22: =MAX(W10:W12) -> 0 | X22: =MAX(X10:X12) -> 0 | Y22: =MAX(Y10:Y12) -> 3 | Z22: =MAX(Z10:Z12) -> 1 | ... AF22: =MAX(AF10:AF12) -> 55
B23: 10.15 - 10.30 | C23: 1 | D23: 0 | E23: 0 | F23: 0 | G23: 0 | H23: 0 | I23: 1 | J23: 0 | K23: 1 | L23: 0 | M23: 12 | N23: 0 | O23: =SUM(C23:L23,N23) -> 3 | P23: =SUM(C23:N23) -> 15 | R23: IP Peak Hr | S23: =MAX(S13:S18) -> 12 | T23: =MAX(T13:T18) -> 4 | U23: =MAX(U13:U18) -> 2 | V23: =MAX(V13:V18) -> 6 | W23: =MAX(W13:W18) -> 2 | X23: =MAX(X13:X18) -> 0 | Y23: =MAX(Y13:Y18) -> 9 | Z23: =MAX(Z13:Z18) -> 8 | ... AF23: =MAX(AF13:AF18) -> 104
B24: 10.30 - 10.45 | C24: 1 | D24: 0 | E24: 0 | F24: 1 | G24: 0 | H24: 0 | I24: 0 | J24: 1 | K24: 0 | L24: 0 | M24: 14 | N24: 0 | O24: =SUM(C24:L24,N24) -> 3 | P24: =SUM(C24:N24) -> 17 | R24: PM Peak Hr | S24: =MAX(S19:S21) -> 13 | T24: =MAX(T19:T21) -> 2 | U24: =MAX(U19:U21) -> 1 | V24: =MAX(V19:V21) -> 7 | W24: =MAX(W19:W21) -> 0 | X24: =MAX(X19:X21) -> 2 | Y24: =MAX(Y19:Y21) -> 10 | Z24: =MAX(Z19:Z21) -> 9 | ... AF24: =MAX(AF19:AF21) -> 109
B25: 10.45 - 11.00 | C25: 3 | D25: 0 | E25: 0 | F25: 0 | G25: 0 | H25: 0 | I25: 0 | J25: 2 | K25: 1 | L25: 0 | M25: 11 | N25: 0 | O25: =SUM(C25:L25,N25) -> 6 | P25: =SUM(C25:N25) -> 17 | R25: AM Period | S25: =SUM(S10:S12) -> 21 | T25: =SUM(T10:T12) -> 3 | U25: =SUM(U10:U12) -> 2 | V25: =SUM(V10:V12) -> 8 | W25: =SUM(W10:W12) -> 0 | X25: =SUM(X10:X12) -> 0 | Y25: =SUM(Y10:Y12) -> 5 | Z25: =SUM(Z10:Z12) -> 1 | ... AF25: =SUM(AF10:AF12) -> 162
B26: 11.00 - 11.15 | C26: 1 | D26: 0 | E26: 0 | F26: 2 | G26: 2 | H26: 0 | I26: 0 | J26: 0 | K26: 0 | L26: 0 | M26: 6 | N26: 0 | O26: =SUM(C26:L26,N26) -> 5 | P26: =SUM(C26:N26) -> 11 | R26: IP Period | S26: =SUM(S13:S18) -> 52 | T26: =SUM(T13:T18) -> 11 | U26: =SUM(U13:U18) -> 3 | V26: =SUM(V13:V18) -> 28 | W26: =SUM(W13:W18) -> 2 | X26: =SUM(X13:X18) -> 0 | Y26: =SUM(Y13:Y18) -> 24 | Z26: =SUM(Z13:Z18) -> 25 | ... AF26: =SUM(AF13:AF18) -> 453
B27: 11.15 - 11.30 | C27: 1 | D27: 0 | E27: 0 | F27: 0 | G27: 0 | H27: 0 | I27: 0 | J27: 0 | K27: 1 | L27: 0 | M27: 13 | N27: 0 | O27: =SUM(C27:L27,N27) -> 2 | P27: =SUM(C27:N27) -> 15 | R27: PM Period | S27: =SUM(S19:S21) -> 31 | T27: =SUM(T19:T21) -> 3 | U27: =SUM(U19:U21) -> 1 | V27: =SUM(V19:V21) -> 20 | W27: =SUM(W19:W21) -> 0 | X27: =SUM(X19:X21) -> 3 | Y27: =SUM(Y19:Y21) -> 12 | Z27: =SUM(Z19:Z21) -> 21 | ... AF27: =SUM(AF19:AF21) -> 278
B28: 11.30 - 11.45 | C28: 2 | D28: 0 | E28: 0 | F28: 1 | G28: 0 | H28: 0 | I28: 0 | J28: 2 | K28: 0 | L28: 0 | M28: 12 | N28: 0 | O28: =SUM(C28:L28,N28) -> 5 | P28: =SUM(C28:N28) -> 17 | R28: 12 Hours | S28: =SUM(S10:S21) -> 104 | T28: =SUM(T10:T21) -> 17 | U28: =SUM(U10:U21) -> 6 | V28: =SUM(V10:V21) -> 56 | W28: =SUM(W10:W21) -> 2 | X28: =SUM(X10:X21) -> 3 | Y28: =SUM(Y10:Y21) -> 41 | Z28: =SUM(Z10:Z21) -> 47 | ... AF28: =SUM(AF10:AF21) -> 893
B29: 11.45 - 12.00 | C29: 1 | D29: 2 | E29: 0 | F29: 3 | G29: 0 | H29: 0 | I29: 2 | J29: 0 | K29: 0 | L29: 0 | M29: 9 | N29: 0 | O29: =SUM(C29:L29,N29) -> 8 | P29: =SUM(C29:N29) -> 17
B30: 12.00 - 12.15 | C30: 0 | D30: 1 | E30: 0 | F30: 3 | G30: 0 | H30: 0 | I30: 2 | J30: 2 | K30: 3 | L30: 0 | M30: 20 | N30: 0 | O30: =SUM(C30:L30,N30) -> 11 | P30: =SUM(C30:N30) -> 31
B31: 12.15 - 12.30 | C31: 3 | D31: 0 | E31: 0 | F31: 2 | G31: 0 | H31: 0 | I31: 0 | J31: 0 | K31: 1 | L31: 2 | M31: 12 | N31: 0 | O31: =SUM(C31:L31,N31) -> 8 | P31: =SUM(C31:N31) -> 20
B32: 12.30 - 12.45 | C32: 5 | D32: 0 | E32: 0 | F32: 0 | G32: 0 | H32: 0 | I32: 1 | J32: 0 | K32: 0 | L32: 0 | M32: 10 | N32: 0 | O32: =SUM(C32:L32,N32) -> 6 | P32: =SUM(C32:N32) -> 16
B33: 12.45 - 13.00 | C33: 2 | D33: 1 | E33: 0 | F33: 0 | G33: 0 | H33: 0 | I33: 1 | J33: 3 | K33: 1 | L33: 0 | M33: 15 | N33: 0 | O33: =SUM(C33:L33,N33) -> 8 | P33: =SUM(C33:N33) -> 23
B34: 13.00 - 13.15 | C34: 3 | D34: 0 | E34: 0 | F34: 1 | G34: 0 | H34: 0 | I34: 0 | J34: 1 | K34: 1 | L34: 0 | M34: 14 | N34: 0 | O34: =SUM(C34:L34,N34) -> 6 | P34: =SUM(C34:N34) -> 20
B35: 13.15 - 13.30 | C35: 0 | D35: 0 | E35: 0 | F35: 1 | G35: 0 | H35: 0 | I35: 1 | J35: 0 | K35: 0 | L35: 0 | M35: 14 | N35: 0 | O35: =SUM(C35:L35,N35) -> 2 | P35: =SUM(C35:N35) -> 16
B36: 13.30 - 13.45 | C36: 1 | D36: 0 | E36: 0 | F36: 2 | G36: 0 | H36: 0 | I36: 0 | J36: 2 | K36: 0 | L36: 0 | M36: 10 | N36: 0 | O36: =SUM(C36:L36,N36) -> 5 | P36: =SUM(C36:N36) -> 15
B37: 13.45 - 14.00 | C37: 3 | D37: 0 | E37: 1 | F37: 1 | G37: 0 | H37: 0 | I37: 0 | J37: 2 | K37: 1 | L37: 0 | M37: 10 | N37: 0 | O37: =SUM(C37:L37,N37) -> 8 | P37: =SUM(C37:N37) -> 18
B38: 14.00 - 14.15 | C38: 1 | D38: 0 | E38: 0 | F38: 1 | G38: 0 | H38: 0 | I38: 2 | J38: 0 | K38: 1 | L38: 0 | M38: 13 | N38: 0 | O38: =SUM(C38:L38,N38) -> 5 | P38: =SUM(C38:N38) -> 18
B39: 14.15 - 14.30 | C39: 4 | D39: 2 | E39: 0 | F39: 0 | G39: 0 | H39: 0 | I39: 1 | J39: 0 | K39: 0 | L39: 0 | M39: 9 | N39: 0 | O39: =SUM(C39:L39,N39) -> 7 | P39: =SUM(C39:N39) -> 16
B40: 14.30 - 14.45 | C40: 3 | D40: 1 | E40: 0 | F40: 0 | G40: 0 | H40: 0 | I40: 1 | J40: 0 | K40: 0 | L40: 0 | M40: 9 | N40: 0 | O40: =SUM(C40:L40,N40) -> 5 | P40: =SUM(C40:N40) -> 14
... B57: 18.45 - 19.00 | C57: 1 | D57: 1 | E57: 0 | F57: 1 | G57: 0 | H57: 0 | I57: 0 | J57: 3 | K57: 0 | L57: 0 | M57: 17 | N57: 0 | O57: =SUM(C57:L57,N57) -> 6 | P57: =SUM(C57:N57) -> 23
B58: Totals | C58: =SUM(C10:C57) -> 104 | D58: =SUM(D10:D57) -> 17 | E58: =SUM(E10:E57) -> 6 | F58: =SUM(F10:F57) -> 56 | G58: =SUM(G10:G57) -> 2 | H58: =SUM(H10:H57) -> 3 | I58: =SUM(I10:I57) -> 41 | J58: =SUM(J10:J57) -> 47 | ... P58: =SUM(P10:P57) -> 893
B59: %ges + MCs | C59: =C58/$P$58 -> 0.11646137 | D59: =D58/$P$58 -> 0.019036954 | E59: =E58/$P$58 -> 0.006718925 | F59: =F58/$P$58 -> 0.062709966 | G59: =G58/$P$58 -> 0.0022396417 | H59: =H58/$P$58 -> 0.0033594625 | I59: =I58/$P$58 -> 0.045912654 | J59: =J58/$P$58 -> 0.052631579 | ... N59: =N58/$P$58 -> 0.0011198208
B60: %ges w/o MCs | C60: =C58/$O$58 -> 0.33440514 | D60: =D58/$O$58 -> 0.054662379 | E60: =E58/$O$58 -> 0.019292605 | F60: =F58/$O$58 -> 0.18006431 | G60: =G58/$O$58 -> 0.0064308682 | H60: =H58/$O$58 -> 0.0096463023 | I60: =I58/$O$58 -> 0.1318328 | J60: =J58/$O$58 -> 0.1511254 | ... L60: =L58/$O$58 -> 0.0096463023 | N60: =N58/$O$58 -> 0.0032154341

Sheet 31.10 Masaka-Mutukula
B1: Consultancy services for Preparation of Expressway Development Master Plan (EDMP) for Uganda
B2: MANUAL CLASSIFIED COUNT (MCC)
B3: ROAD NAME: | C3: MCC - C4- STN99-MASAKA-MUTUKULA
C5: Date | D5: 31-10-19 | F5: Location | G5: MUTUKULA BORDER | J5: Surveyor | K5: KETRA .
C6: Dir. From | D6: MASAKA | F6: Dir. To | G6: MUTUKULA | J6: Supervisor | K6: SANDRA
B8: Time / Veh Type | R8: SUMMARY TRAFFIC VOLUMES
C9: 1. Car | D9: 2. Station Wagon | E9: 3. Pickups | F9: 4. Minibus, matatu | G9: 5. Medium bus | H9: 6. Large Bus | I9: 7. Light Truck | J9: 8. Medium Truck | K9: 9. Heavy truck | L9: 10. Truck Trailer | M9: 11. Motor cycles | N9: 12. Tractors | O9: Total Excl M/Cycles | P9: Total All | R9: Time | S9: 1. Car | T9: 2. Station Wagon | U9: 3. Pickups | V9: 4. Minibus, matatu | W9: 5. Medium bus | X9: 6. Large Bus | Y9: 7. Light Truck | Z9: 8. Medium Truck | AA9: 9. Heavy truck | AB9: 10. Truck Trailer | AC9: 11. Motorcycles | AD9: 12. Tractors, Graders | AE9: Total Excl M/ Cycles | AF9: Total All
B10: 07.00 - 07.15 | C10: 2 | D10: 0 | E10: 0 | F10: 0 | G10: 0 | H10: 0 | I10: 0 | J10: 0 | K10: 2 | L10: 0 | M10: 13 | N10: 0 | O10: =SUM(C10:L10,N10) -> 4 | P10: =SUM(C10:N10) -> 17 | R10: 0700-0800 | S10: =SUM(C10:C13) -> 11 | T10: =SUM(D10:D13) -> 1 | U10: =SUM(E10:E13) -> 0 | V10: =SUM(F10:F13) -> 8 | W10: =SUM(G10:G13) -> 0 | X10: =SUM(H10:H13) -> 0 | Y10: =SUM(I10:I13) -> 5 | Z10: =SUM(J10:J13) -> 1 | ... AF10: =SUM(P10:P13) -> 78
B11: 07.15 - 07.30 | C11: 1 | D11: 1 | E11: 0 | F11: 4 | G11: 0 | H11: 0 | I11: 2 | J11: 0 | K11: 1 | L11: 0 | M11: 9 | N11: 0 | O11: =SUM(C11:L11,N11) -> 9 | P11: =SUM(C11:N11) -> 18 | R11: 0800-0900 | S11: =SUM(C14:C17) -> 15 | T11: =SUM(D14:D17) -> 0 | U11: =SUM(E14:E17) -> 1 | V11: =SUM(F14:F17) -> 4 | W11: =SUM(G14:G17) -> 0 | X11: =SUM(H14:H17) -> 0 | Y11: =SUM(I14:I17) -> 8 | Z11: =SUM(J14:J17) -> 0 | ... AF11: =SUM(P14:P17) -> 73
B12: 07.30 - 07.45 | C12: 6 | D12: 0 | E12: 0 | F12: 1 | G12: 0 | H12: 0 | I12: 2 | J12: 0 | K12: 1 | L12: 0 | M12: 13 | N12: 0 | O12: =SUM(C12:L12,N12) -> 10 | P12: =SUM(C12:N12) -> 23 | R12: 0900-1000 | S12: =SUM(C18:C21) -> 14 | T12: =SUM(D18:D21) -> 1 | U12: =SUM(E18:E21) -> 0 | V12: =SUM(F18:F21) -> 2 | W12: =SUM(G18:G21) -> 0 | X12: =SUM(H18:H21) -> 0 | Y12: =SUM(I18:I21) -> 6 | Z12: =SUM(J18:J21) -> 0 | ... AF12: =SUM(P18:P21) -> 84
B13: 07.45 - 08.00 | C13: 2 | D13: 0 | E13: 0 | F13: 3 | G13: 0 | H13: 0 | I13: 1 | J13: 1 | K13: 5 | L13: 0 | M13: 8 | N13: 0 | O13: =SUM(C13:L13,N13) -> 12 | P13: =SUM(C13:N13) -> 20 | R13: 1000-1100 | S13: =SUM(C22:C25) -> 12 | T13: =SUM(D22:D25) -> 1 | U13: =SUM(E22:E25) -> 0 | V13: =SUM(F22:F25) -> 6 | W13: =SUM(G22:G25) -> 0 | X13: =SUM(H22:H25) -> 0 | Y13: =SUM(I22:I25) -> 2 | Z13: =SUM(J22:J25) -> 0 | ... AF13: =SUM(P22:P25) -> 33
B14: 08.00 - 08.15 | C14: 4 | D14: 0 | E14: 1 | F14: 0 | G14: 0 | H14: 0 | I14: 3 | J14: 0 | K14: 2 | L14: 0 | M14: 10 | N14: 0 | O14: =SUM(C14:L14,N14) -> 10 | P14: =SUM(C14:N14) -> 20 | R14: 1100-1200 | S14: =SUM(C26:C29) -> 3 | T14: =SUM(D26:D29) -> 0 | U14: =SUM(E26:E29) -> 1 | V14: =SUM(F26:F29) -> 7 | W14: =SUM(G26:G29) -> 0 | X14: =SUM(H26:H29) -> 0 | Y14: =SUM(I26:I29) -> 4 | Z14: =SUM(J26:J29) -> 0 | ... AF14: =SUM(P26:P29) -> 40
B15: 08.15 - 08.30 | C15: 5 | D15: 0 | E15: 0 | F15: 1 | G15: 0 | H15: 0 | I15: 1 | J15: 0 | K15: 1 | L15: 0 | M15: 11 | N15: 0 | O15: =SUM(C15:L15,N15) -> 8 | P15: =SUM(C15:N15) -> 19 | R15: 1200-1300 | S15: =SUM(C30:C33) -> 12 | T15: =SUM(D30:D33) -> 2 | U15: =SUM(E30:E33) -> 1 | V15: =SUM(F30:F33) -> 3 | W15: =SUM(G30:G33) -> 0 | X15: =SUM(H30:H33) -> 0 | Y15: =SUM(I30:I33) -> 4 | Z15: =SUM(J30:J33) -> 0 | ... AF15: =SUM(P30:P33) -> 52
B16: 08.30 - 08.45 | C16: 3 | D16: 0 | E16: 0 | F16: 1 | G16: 0 | H16: 0 | I16: 1 | J16: 0 | K16: 1 | L16: 0 | M16: 12 | N16: 0 | O16: =SUM(C16:L16,N16) -> 6 | P16: =SUM(C16:N16) -> 18 | R16: 1300-1400 | S16: =SUM(C34:C37) -> 9 | T16: =SUM(D34:D37) -> 0 | U16: =SUM(E34:E37) -> 1 | V16: =SUM(F34:F37) -> 8 | W16: =SUM(G34:G37) -> 0 | X16: =SUM(H34:H37) -> 0 | Y16: =SUM(I34:I37) -> 7 | Z16: =SUM(J34:J37) -> 1 | ... AF16: =SUM(P34:P37) -> 66
B17: 08.45 - 9.00 | C17: 3 | D17: 0 | E17: 0 | F17: 2 | G17: 0 | H17: 0 | I17: 3 | J17: 0 | K17: 1 | L17: 0 | M17: 7 | N17: 0 | O17: =SUM(C17:L17,N17) -> 9 | P17: =SUM(C17:N17) -> 16 | R17: 1400-1500 | S17: =SUM(C38:C41) -> 13 | T17: =SUM(D38:D41) -> 0 | U17: =SUM(E38:E41) -> 0 | V17: =SUM(F38:F41) -> 5 | W17: =SUM(G38:G41) -> 0 | X17: =SUM(H38:H41) -> 0 | Y17: =SUM(I38:I41) -> 2 | Z17: =SUM(J38:J41) -> 0 | ... AF17: =SUM(P38:P41) -> 67
