Workbook
Name Dist: 'ALL DATA'!$S:$S
Name Jtime: 'ALL DATA'!$T:$T
Name Pay: 'ALL DATA'!$Z:$Z
Name Tripfreq: 'ALL DATA'!$U:$U
Name veh: 'ALL DATA'!$D:$D
Name Veh_Type: '24.08 Kaliro-Iganga'!$D$9:$D$55
Name Veh_Type: '26.08 Kaliro-Iganga'!$D$9:$D$68
Name Veh_Type: 'ALL DATA'!$D$9:$D$63
Name Veh_Type: '[1]25.07 BUSEGA-NATEETE'!$D:$D
Name Veh_Type: '24.08 Iganga-Kaliro'!$D$9:$D$63
Name zones: #REF!
Name zones: #REF!
Name Zones_Ndeke: #REF!
Name Zones_Ndeke: #REF!

Sheet Analysis
B3: Vehicle OD Sample Proportions | N3: Average Journey Time
B4: Vehicle Types | C4: OD Sample | D4: OD Sample, % | N4: Journey Time Range (Hrs) | O4: Cummu-lative | P4: No of Vehicles | Q4: No. of Vehicles, %
B5: Car | C5: =COUNTIF('ALL DATA'!$D$9:$D$5000,"1") -> 79 | D5: =C5/$C$17 -> 0.28014184 | N5: 0-0.25 | O5: =COUNTIF(Jtime,"<=0.25") -> 16 | P5: =O5 -> 16 | Q5: =P5/$O$15 -> 0.057971014
B6: Station Wagon | C6: =COUNTIF('ALL DATA'!$D$9:$D$5000,"2") -> 52 | D6: =C6/$C$17 -> 0.18439716 | N6: 0.25-0.50 | O6: =COUNTIF(Jtime,"<=0.5") -> 109 | P6: =O6-O5 -> 93 | Q6: =P6/$O$15 -> 0.33695652
B7: Pickups | C7: =COUNTIF('ALL DATA'!$D$9:$D$5000,"3") -> 29 | D7: =C7/$C$17 -> 0.10283688 | N7: 0.50-0.75 | O7: =COUNTIF(Jtime,"<=0.75") -> 115 | P7: =O7-O6 -> 6 | Q7: =P7/$O$15 -> 0.02173913
B8: Minibus, matatu | C8: =COUNTIF('ALL DATA'!$D$9:$D$5000,"4") -> 55 | D8: =C8/$C$17 -> 0.19503546 | N8: 0.75-1.00 | O8: =COUNTIF(Jtime,"<=1.0") -> 193 | P8: =O8-O7 -> 78 | Q8: =P8/$O$15 -> 0.2826087
B9: Medium bus | C9: =COUNTIF('ALL DATA'!$D$9:$D$5000,"5") -> 10 | D9: =C9/$C$17 -> 0.035460993 | N9: 1.00-1.50 | O9: =COUNTIF(Jtime,"<=1.5") -> 209 | P9: =O9-O8 -> 16 | Q9: =P9/$O$15 -> 0.057971014
B10: Large Bus | C10: =COUNTIF('ALL DATA'!$D$9:$D$5000,"6") -> 1 | D10: =C10/$C$17 -> 0.0035460993 | N10: 1.5-2.0 | O10: =COUNTIF(Jtime,"<=2") -> 250 | P10: =O10-O9 -> 41 | Q10: =P10/$O$15 -> 0.14855072
B11: Light Truck | C11: =COUNTIF('ALL DATA'!$D$9:$D$5000,"7") -> 17 | D11: =C11/$C$17 -> 0.060283688 | N11: 2.0-3.0 | O11: =COUNTIF(Jtime,"<=3") -> 258 | P11: =O11-O10 -> 8 | Q11: =P11/$O$15 -> 0.028985507
B12: Medium Truck | C12: =COUNTIF('ALL DATA'!$D$9:$D$5000,"8") -> 25 | D12: =C12/$C$17 -> 0.088652482 | N12: 3.0-5.0 | O12: =COUNTIF(Jtime,"<=5") -> 276 | P12: =O12-O11 -> 18 | Q12: =P12/$O$15 -> 0.065217391
B13: Heavy truck | C13: =COUNTIF('ALL DATA'!$D$9:$D$5000,"9") -> 2 | D13: =C13/$C$17 -> 0.0070921986 | N13: 5.0-7.5 | O13: =COUNTIF(Jtime,"<=7.5") -> 276 | P13: =O13-O12 -> 0 | Q13: =P13/$O$15 -> 0
B14: Truck Trailer | C14: =COUNTIF('ALL DATA'!$D$9:$D$5000,"10") -> 0 | D14: =C14/$C$17 -> 0 | N14: 7.5-10 | O14: =COUNTIF(Jtime,"<=10") -> 276 | P14: =O14-O13 -> 0 | Q14: =P14/$O$15 -> 0
B15: Motor cycles | C15: =COUNTIF('ALL DATA'!$D$9:$D$5000,"11") -> 12 | D15: =C15/$C$17 -> 0.042553191 | N15: Over 10 | O15: =COUNTIF(Jtime,"<=15") -> 276 | P15: =O15-O14 -> 0 | Q15: =P15/$O$15 -> 0
B16: Tractors | C16: =COUNTIF('ALL DATA'!$D$9:$D$5000,"12") -> 0 | D16: =C16/$C$17 -> 0
C17: =SUM(C5:C16) -> 282
N21: Trip Frequency
B22: Journey Purpose | N22: Trip Frequency | O22: No of Vehicles | P22: No. of Vehicles, %
B23: Purpose | C23: Respondents | D23: Percent | N23: More than 2 times every day | O23: =COUNTIF(Tripfreq,"=1") -> 15 | P23: =O23/$O$29 -> 0.055762082
B24: Home-Work | C24: =COUNTIF('ALL DATA'!$R$9:$R$5000,"Home-Work") -> 57 | D24: =C24/$C$29 -> 0.20212766 | N24: Daily (Up and Down) | O24: =COUNTIF(Tripfreq,"=2") -> 178 | P24: =O24/$O$29 -> 0.66171004
B25: Home-Study | C25: =COUNTIF('ALL DATA'!$R$9:$R$369,"Home-Study") -> 4 | D25: =C25/$C$29 -> 0.014184397 | N25: 2/3 times a week | O25: =COUNTIF(Tripfreq,"=3") -> 12 | P25: =O25/$O$29 -> 0.044609665
B26: Work-Home | C26: =COUNTIF('ALL DATA'!$R$9:$R$369,"Work-Home") -> 63 | D26: =C26/$C$29 -> 0.22340426 | N26: Once a week | O26: =COUNTIF(Tripfreq,"=4") -> 19 | P26: =O26/$O$29 -> 0.07063197
B27: Work-Work | C27: =COUNTIF('ALL DATA'!$R$9:$R$369,"Work-Work") -> 78 | D27: =C27/$C$29 -> 0.27659574 | N27: Once a month | O27: =COUNTIF(Tripfreq,"=5") -> 8 | P27: =O27/$O$29 -> 0.029739777
B28: Others | C28: =C29-SUM(C24:C27) -> 80 | D28: =C28/$C$29 -> 0.28368794 | N28: Once in a while | O28: =COUNTIF(Tripfreq,"=6") -> 37 | P28: =O28/$O$29 -> 0.13754647
B29: Total | C29: =C17 -> 282 | O29: =SUM(O23:O28) -> 269
B40: Expressway Use
B41: Response | C41: Number | D41: Percent
B42: Yes | C42: =COUNTIF('ALL DATA'!$Y$9:$Y$5000,"Y") -> 209 | D42: =C42/$C$44 -> 0.74113475
B43: No | C43: =C44-C42 -> 73 | D43: =C43/$C$44 -> 0.25886525
B44: Total | C44: =C29 -> 282
R47: Home | S47: Work | T47: Study | U47: Commercial | V47: Tourism | W47: Leisure/Social | X47: Hospital | Y47: Others
P48: 1 | Q48: Home | R48: =R59/SUM($R$59:$Y$66) -> 0.021276596 | S48: =S59/SUM($R$59:$Y$66) -> 0.20212766 | T48: =T59/SUM($R$59:$Y$66) -> 0.014184397 | U48: =U59/SUM($R$59:$Y$66) -> 0.0070921986 | V48: =V59/SUM($R$59:$Y$66) -> 0 | W48: =W59/SUM($R$59:$Y$66) -> 0 | X48: =X59/SUM($R$59:$Y$66) -> 0.024822695 | Y48: =Y59/SUM($R$59:$Y$66) -> 0.081560284
P49: 2 | Q49: Work | R49: =R60/SUM($R$59:$Y$66) -> 0.22340426 | S49: =S60/SUM($R$59:$Y$66) -> 0.27659574 | T49: =T60/SUM($R$59:$Y$66) -> 0 | U49: =U60/SUM($R$59:$Y$66) -> 0 | V49: =V60/SUM($R$59:$Y$66) -> 0 | W49: =W60/SUM($R$59:$Y$66) -> 0 | X49: =X60/SUM($R$59:$Y$66) -> 0.0070921986 | Y49: =Y60/SUM($R$59:$Y$66) -> 0.014184397
P50: 3 | Q50: Study | R50: =R61/SUM($R$59:$Y$66) -> 0.0070921986 | S50: =S61/SUM($R$59:$Y$66) -> 0 | T50: =T61/SUM($R$59:$Y$66) -> 0.0035460993 | U50: =U61/SUM($R$59:$Y$66) -> 0 | V50: =V61/SUM($R$59:$Y$66) -> 0 | W50: =W61/SUM($R$59:$Y$66) -> 0 | X50: =X61/SUM($R$59:$Y$66) -> 0 | Y50: =Y61/SUM($R$59:$Y$66) -> 0.0070921986
P51: 4 | Q51: Commercial | R51: =R62/SUM($R$59:$Y$66) -> 0.0035460993 | S51: =S62/SUM($R$59:$Y$66) -> 0 | T51: =T62/SUM($R$59:$Y$66) -> 0 | U51: =U62/SUM($R$59:$Y$66) -> 0.0070921986 | V51: =V62/SUM($R$59:$Y$66) -> 0 | W51: =W62/SUM($R$59:$Y$66) -> 0 | X51: =X62/SUM($R$59:$Y$66) -> 0 | Y51: =Y62/SUM($R$59:$Y$66) -> 0
P52: 5 | Q52: Tourism | R52: =R63/SUM($R$59:$Y$66) -> 0 | S52: =S63/SUM($R$59:$Y$66) -> 0 | T52: =T63/SUM($R$59:$Y$66) -> 0 | U52: =U63/SUM($R$59:$Y$66) -> 0 | V52: =V63/SUM($R$59:$Y$66) -> 0 | W52: =W63/SUM($R$59:$Y$66) -> 0 | X52: =X63/SUM($R$59:$Y$66) -> 0 | Y52: =Y63/SUM($R$59:$Y$66) -> 0
P53: 6 | Q53: Leisure/Social | R53: =R64/SUM($R$59:$Y$66) -> 0 | S53: =S64/SUM($R$59:$Y$66) -> 0 | T53: =T64/SUM($R$59:$Y$66) -> 0 | U53: =U64/SUM($R$59:$Y$66) -> 0 | V53: =V64/SUM($R$59:$Y$66) -> 0 | W53: =W64/SUM($R$59:$Y$66) -> 0 | X53: =X64/SUM($R$59:$Y$66) -> 0 | Y53: =Y64/SUM($R$59:$Y$66) -> 0
P54: 7 | Q54: Hospital | R54: =R65/SUM($R$59:$Y$66) -> 0.010638298 | S54: =S65/SUM($R$59:$Y$66) -> 0 | T54: =T65/SUM($R$59:$Y$66) -> 0 | U54: =U65/SUM($R$59:$Y$66) -> 0 | V54: =V65/SUM($R$59:$Y$66) -> 0 | W54: =W65/SUM($R$59:$Y$66) -> 0 | X54: =X65/SUM($R$59:$Y$66) -> 0 | Y54: =Y65/SUM($R$59:$Y$66) -> 0
P55: 8 | Q55: Others | R55: =R66/SUM($R$59:$Y$66) -> 0.067375887 | S55: =S66/SUM($R$59:$Y$66) -> 0.0035460993 | T55: =T66/SUM($R$59:$Y$66) -> 0 | U55: =U66/SUM($R$59:$Y$66) -> 0 | V55: =V66/SUM($R$59:$Y$66) -> 0 | W55: =W66/SUM($R$59:$Y$66) -> 0 | X55: =X66/SUM($R$59:$Y$66) -> 0 | Y55: =Y66/SUM($R$59:$Y$66) -> 0.017730496
R57: 1 | S57: 2 | T57: 3 | U57: 4 | V57: 5 | W57: 6 | X57: 7 | Y57: 8
B58: Willingness to Pay | R58: Home | S58: Work | T58: Study | U58: Commercial | V58: Tourism | W58: Leisure/Social | X58: Hospital | Y58: Others
B59: Vehicle Types | C59: Average Price | P59: 1 | Q59: Home | R59: =COUNTIF('ALL DATA'!$R$9:$R$5000,R69) -> 6 | S59: =COUNTIF('ALL DATA'!$R$9:$R$5000,S69) -> 57 | T59: =COUNTIF('ALL DATA'!$R$9:$R$5000,T69) -> 4 | U59: =COUNTIF('ALL DATA'!$R$9:$R$5000,U69) -> 2 | V59: =COUNTIF('ALL DATA'!$R$9:$R$5000,V69) -> 0 | W59: =COUNTIF('ALL DATA'!$R$9:$R$5000,W69) -> 0 | X59: =COUNTIF('ALL DATA'!$R$9:$R$5000,X69) -> 7 | Y59: =COUNTIF('ALL DATA'!$R$9:$R$5000,Y69) -> 23
B60: Car | C60: =AVERAGEIF(veh,"=1",'ALL DATA'!$Z$9:$Z$5000) -> 5750 | P60: 2 | Q60: Work | R60: =COUNTIF('ALL DATA'!$R$9:$R$5000,R70) -> 63 | S60: =COUNTIF('ALL DATA'!$R$9:$R$5000,S70) -> 78 | T60: =COUNTIF('ALL DATA'!$R$9:$R$5000,T70) -> 0 | U60: =COUNTIF('ALL DATA'!$R$9:$R$5000,U70) -> 0 | V60: =COUNTIF('ALL DATA'!$R$9:$R$5000,V70) -> 0 | W60: =COUNTIF('ALL DATA'!$R$9:$R$5000,W70) -> 0 | X60: =COUNTIF('ALL DATA'!$R$9:$R$5000,X70) -> 2 | Y60: =COUNTIF('ALL DATA'!$R$9:$R$5000,Y70) -> 4
B61: Station Wagon | C61: 0 | P61: 3 | Q61: Study | R61: =COUNTIF('ALL DATA'!$R$9:$R$5000,R71) -> 2 | S61: =COUNTIF('ALL DATA'!$R$9:$R$5000,S71) -> 0 | T61: =COUNTIF('ALL DATA'!$R$9:$R$5000,T71) -> 1 | U61: =COUNTIF('ALL DATA'!$R$9:$R$5000,U71) -> 0 | V61: =COUNTIF('ALL DATA'!$R$9:$R$5000,V71) -> 0 | W61: =COUNTIF('ALL DATA'!$R$9:$R$5000,W71) -> 0 | X61: =COUNTIF('ALL DATA'!$R$9:$R$5000,X71) -> 0 | Y61: =COUNTIF('ALL DATA'!$R$9:$R$5000,Y71) -> 2
B62: Pickups | C62: 0 | P62: 4 | Q62: Commercial | R62: =COUNTIF('ALL DATA'!$R$9:$R$5000,R72) -> 1 | S62: =COUNTIF('ALL DATA'!$R$9:$R$5000,S72) -> 0 | T62: =COUNTIF('ALL DATA'!$R$9:$R$5000,T72) -> 0 | U62: =COUNTIF('ALL DATA'!$R$9:$R$5000,U72) -> 2 | V62: =COUNTIF('ALL DATA'!$R$9:$R$5000,V72) -> 0 | W62: =COUNTIF('ALL DATA'!$R$9:$R$5000,W72) -> 0 | X62: =COUNTIF('ALL DATA'!$R$9:$R$5000,X72) -> 0 | Y62: =COUNTIF('ALL DATA'!$R$9:$R$5000,Y72) -> 0
B63: Minibus, matatu | C63: =AVERAGEIF(veh,"=4",'ALL DATA'!$Z$9:$Z$5000) -> 2000 | P63: 5 | Q63: Tourism | R63: =COUNTIF('ALL DATA'!$R$9:$R$5000,R73) -> 0 | S63: =COUNTIF('ALL DATA'!$R$9:$R$5000,S73) -> 0 | T63: =COUNTIF('ALL DATA'!$R$9:$R$5000,T73) -> 0 | U63: =COUNTIF('ALL DATA'!$R$9:$R$5000,U73) -> 0 | V63: =COUNTIF('ALL DATA'!$R$9:$R$5000,V73) -> 0 | W63: =COUNTIF('ALL DATA'!$R$9:$R$5000,W73) -> 0 | X63: =COUNTIF('ALL DATA'!$R$9:$R$5000,X73) -> 0 | Y63: =COUNTIF('ALL DATA'!$R$9:$R$5000,Y73) -> 0
B64: Medium bus | C64: 0 | P64: 6 | Q64: Leisure/Social | R64: =COUNTIF('ALL DATA'!$R$9:$R$5000,R74) -> 0 | S64: =COUNTIF('ALL DATA'!$R$9:$R$5000,S74) -> 0 | T64: =COUNTIF('ALL DATA'!$R$9:$R$5000,T74) -> 0 | U64: =COUNTIF('ALL DATA'!$R$9:$R$5000,U74) -> 0 | V64: =COUNTIF('ALL DATA'!$R$9:$R$5000,V74) -> 0 | W64: =COUNTIF('ALL DATA'!$R$9:$R$5000,W74) -> 0 | X64: =COUNTIF('ALL DATA'!$R$9:$R$5000,X74) -> 0 | Y64: =COUNTIF('ALL DATA'!$R$9:$R$5000,Y74) -> 0
B65: Large Bus | C65: 0 | P65: 7 | Q65: Hospital | R65: =COUNTIF('ALL DATA'!$R$9:$R$5000,R75) -> 3 | S65: =COUNTIF('ALL DATA'!$R$9:$R$5000,S75) -> 0 | T65: =COUNTIF('ALL DATA'!$R$9:$R$5000,T75) -> 0 | U65: =COUNTIF('ALL DATA'!$R$9:$R$5000,U75) -> 0 | V65: =COUNTIF('ALL DATA'!$R$9:$R$5000,V75) -> 0 | W65: =COUNTIF('ALL DATA'!$R$9:$R$5000,W75) -> 0 | X65: =COUNTIF('ALL DATA'!$R$9:$R$5000,X75) -> 0 | Y65: =COUNTIF('ALL DATA'!$R$9:$R$5000,Y75) -> 0
B66: Light Truck | C66: 0 | P66: 8 | Q66: Others | R66: =COUNTIF('ALL DATA'!$R$9:$R$5000,R76) -> 19 | S66: =COUNTIF('ALL DATA'!$R$9:$R$5000,S76) -> 1 | T66: =COUNTIF('ALL DATA'!$R$9:$R$5000,T76) -> 0 | U66: =COUNTIF('ALL DATA'!$R$9:$R$5000,U76) -> 0 | V66: =COUNTIF('ALL DATA'!$R$9:$R$5000,V76) -> 0 | W66: =COUNTIF('ALL DATA'!$R$9:$R$5000,W76) -> 0 | X66: =COUNTIF('ALL DATA'!$R$9:$R$5000,X76) -> 0 | Y66: =COUNTIF('ALL DATA'!$R$9:$R$5000,Y76) -> 5
B67: Medium Truck | C67: 0
B68: Heavy truck | C68: 0 | R68: Home | S68: Work | T68: Study | U68: Commercial | V68: Tourism | W68: Leisure/Social | X68: Hospital | Y68: Others
B69: Truck Trailer | C69: 0 | P69: 1 | Q69: Home | R69: =$Q69&"-"&R$68 -> Home-Home | S69: =$Q69&"-"&S$68 -> Home-Work | T69: =$Q69&"-"&T$68 -> Home-Study | U69: =$Q69&"-"&U$68 -> Home-Commercial | V69: =$Q69&"-"&V$68 -> Home-Tourism | W69: =$Q69&"-"&W$68 -> Home-Leisure/Social | X69: =$Q69&"-"&X$68 -> Home-Hospital | Y69: =$Q69&"-"&Y$68 -> Home-Others
B70: Motor cycles | C70: =AVERAGEIF(veh,"=11",'ALL DATA'!$Z$9:$Z$5000) -> 500 | P70: 2 | Q70: Work | R70: =$Q70&"-"&R$68 -> Work-Home | S70: =$Q70&"-"&S$68 -> Work-Work | T70: =$Q70&"-"&T$68 -> Work-Study | U70: =$Q70&"-"&U$68 -> Work-Commercial | V70: =$Q70&"-"&V$68 -> Work-Tourism | W70: =$Q70&"-"&W$68 -> Work-Leisure/Social | X70: =$Q70&"-"&X$68 -> Work-Hospital | Y70: =$Q70&"-"&Y$68 -> Work-Others
B71: Tractors | C71: 0 | P71: 3 | Q71: Study | R71: =$Q71&"-"&R$68 -> Study-Home | S71: =$Q71&"-"&S$68 -> Study-Work | T71: =$Q71&"-"&T$68 -> Study-Study | U71: =$Q71&"-"&U$68 -> Study-Commercial | V71: =$Q71&"-"&V$68 -> Study-Tourism | W71: =$Q71&"-"&W$68 -> Study-Leisure/Social | X71: =$Q71&"-"&X$68 -> Study-Hospital | Y71: =$Q71&"-"&Y$68 -> Study-Others
P72: 4 | Q72: Commercial | R72: =$Q72&"-"&R$68 -> Commercial-Home | S72: =$Q72&"-"&S$68 -> Commercial-Work | T72: =$Q72&"-"&T$68 -> Commercial-Study | U72: =$Q72&"-"&U$68 -> Commercial-Commercial | V72: =$Q72&"-"&V$68 -> Commercial-Tourism | W72: =$Q72&"-"&W$68 -> Commercial-Leisure/Social | X72: =$Q72&"-"&X$68 -> Commercial-Hospital | Y72: =$Q72&"-"&Y$68 -> Commercial-Others
P73: 5 | Q73: Tourism | R73: =$Q73&"-"&R$68 -> Tourism-Home | S73: =$Q73&"-"&S$68 -> Tourism-Work | T73: =$Q73&"-"&T$68 -> Tourism-Study | U73: =$Q73&"-"&U$68 -> Tourism-Commercial | V73: =$Q73&"-"&V$68 -> Tourism-Tourism | W73: =$Q73&"-"&W$68 -> Tourism-Leisure/Social | X73: =$Q73&"-"&X$68 -> Tourism-Hospital | Y73: =$Q73&"-"&Y$68 -> Tourism-Others
P74: 6 | Q74: Leisure/Social | R74: =$Q74&"-"&R$68 -> Leisure/Social-Home | S74: =$Q74&"-"&S$68 -> Leisure/Social-Work | T74: =$Q74&"-"&T$68 -> Leisure/Social-Study | U74: =$Q74&"-"&U$68 -> Leisure/Social-Commercial | V74: =$Q74&"-"&V$68 -> Leisure/Social-Tourism | W74: =$Q74&"-"&W$68 -> Leisure/Social-Leisure/Social | X74: =$Q74&"-"&X$68 -> Leisure/Social-Hospital | Y74: =$Q74&"-"&Y$68 -> Leisure/Social-Others
P75: 7 | Q75: Hospital | R75: =$Q75&"-"&R$68 -> Hospital-Home | S75: =$Q75&"-"&S$68 -> Hospital-Work | T75: =$Q75&"-"&T$68 -> Hospital-Study | U75: =$Q75&"-"&U$68 -> Hospital-Commercial | V75: =$Q75&"-"&V$68 -> Hospital-Tourism | W75: =$Q75&"-"&W$68 -> Hospital-Leisure/Social | X75: =$Q75&"-"&X$68 -> Hospital-Hospital | Y75: =$Q75&"-"&Y$68 -> Hospital-Others
P76: 8 | Q76: Others | R76: =$Q76&"-"&R$68 -> Others-Home | S76: =$Q76&"-"&S$68 -> Others-Work | T76: =$Q76&"-"&T$68 -> Others-Study | U76: =$Q76&"-"&U$68 -> Others-Commercial | V76: =$Q76&"-"&V$68 -> Others-Tourism | W76: =$Q76&"-"&W$68 -> Others-Leisure/Social | X76: =$Q76&"-"&X$68 -> Others-Hospital | Y76: =$Q76&"-"&Y$68 -> Others-Others
B78: Average Trip Length
B79: Trip Length Range | C79: Cumm-ulative | D79: No of Vehicles | E79: Percentage
B80: 0-1 | C80: =COUNTIF(Dist,"<=1") -> 1 | D80: =C80 -> 1 | E80: =D80/$C$88 -> 0.0053191489
B81: 1-2.5 | C81: =COUNTIF(Dist,"<=2.5") -> 14 | D81: =C81-C80 -> 13 | E81: =D81/$C$88 -> 0.069148936
B82: 2.5-5.0 | C82: =COUNTIF(Dist,"<=5") -> 26 | D82: =C82-C81 -> 12 | E82: =D82/$C$88 -> 0.063829787
B83: 5.0-10.0 | C83: =COUNTIF(Dist,"<=10") -> 47 | D83: =C83-C82 -> 21 | E83: =D83/$C$88 -> 0.11170213
B84: 10.0-20.0 | C84: =COUNTIF(Dist,"<=20") -> 99 | D84: =C84-C83 -> 52 | E84: =D84/$C$88 -> 0.27659574
B85: 20.0-50.0 | C85: =COUNTIF(Dist,"<=50") -> 165 | D85: =C85-C84 -> 66 | E85: =D85/$C$88 -> 0.35106383
B86: 50.0-100.0 | C86: =COUNTIF(Dist,"<=100") -> 169 | D86: =C86-C85 -> 4 | E86: =D86/$C$88 -> 0.021276596
B87: 100.0-250.0 | C87: =COUNTIF(Dist,"<=250") -> 188 | D87: =C87-C86 -> 19 | E87: =D87/$C$88 -> 0.10106383
B88: Over 250 | C88: =COUNTIF(Dist,"<=700") -> 188 | D88: =C88-C87 -> 0 | E88: =D88/$C$88 -> 0

Sheet ALL DATA
B1: Consultancy services for Preparation of Expressway Development Master Plan (EDMP) for Uganda
B2: Roadside OD Interview Survey
B4: Date: | C4: 24.08.19 | E4: Road Name: | F4: Iganga-Kaliro Rd | I4: Direction From: | L4: Iganga | N4: Interviewers: | O4: Kirabo Edith | V4: Supervisor: | W4: Felix C. | Y4: Coded By: | Z4: Isaac Akure | AA4: Chkd By: | AB4: Isaac M.
I5: Direction To: | L5: Kaliro
B7: Time | C7: Veh_Reg_No. | D7: Veh_Type | E7: No. Occupants | F7: Origin_Address | I7: Origin_Establish | J7: Origin_Purpose | K7: Origin-Purpose Desc | L7: Destination_Address | O7: Destination_Establish | P7: Destination_Purpose | Q7: Destination_Purpose Desc | R7: Journey_Purpose | S7: Approx_Distance (Km) | T7: Approx_Journey Time (Hrs) | U7: Trip_Frequency | V7: GOODS VEHICLES ONLY | Y7: Would You Use Xpressways? | Z7: Pay How Much? (UGX) | AA7: Origin_Zone | AB7: Dest_Zone
F8: Village or Town | G8: District | H8: Country | L8: Village or Town | M8: District | N8: Country | V8: Goods_Type | W8: Goods_Quantity (Ton) | X8: Goods_Value (UGXm)
B9: 0.43680556 | C9: UBB 204G | D9: 1 | E9: 1 | F9: Entebbe | G9: Wakiso | H9: Uga | I9: 16 | J9: 8 | K9: =VLOOKUP(J9,Key!$E$2:$F$9,2,FALSE) -> Others | L9: Kabira | M9: Iganga | N9: Uga | O9: 1 | P9: 1 | Q9: =VLOOKUP(P9,Key!$E$2:$F$9,2,FALSE) -> Home | R9: =K9&"-"&Q9 -> Others-Home | S9: 27 | T9: 1 | U9: 2 | Y9: Y | AA9: =VLOOKUP(F9,Zones!$A$2:$F$151534,6,FALSE) -> 1388 | AB9: =VLOOKUP(L9,Zones!$A$2:$F$151477,6,FALSE) -> 845
B10: 0.43055556 | C10: UAJ 283F | D10: 1 | E10: 2 | F10: Jinja | G10: Jinja | H10: Uga | I10: 1 | J10: 1 | K10: =VLOOKUP(J10,Key!$E$2:$F$9,2,FALSE) -> Home | L10: Kaliro | M10: Kaliro | N10: Uga | O10: 3 | P10: 2 | Q10: =VLOOKUP(P10,Key!$E$2:$F$9,2,FALSE) -> Work | R10: =K10&"-"&Q10 -> Home-Work | S10: 1 | T10: 1 | U10: 2 | Y10: Y | AA10: =VLOOKUP(F10,Zones!$A$2:$F$151534,6,FALSE) -> 403 | AB10: =VLOOKUP(L10,Zones!$A$2:$F$151477,6,FALSE) -> 498
B11: 0.020138889 | C11: UAN 195Q | D11: 1 | E11: 4 | F11: Mukono | G11: Mukono | H11: Uga | I11: 1 | J11: 1 | K11: =VLOOKUP(J11,Key!$E$2:$F$9,2,FALSE) -> Home | L11: Kaliro | M11: Kaliro | N11: Uga | O11: 10 | P11: 2 | Q11: =VLOOKUP(P11,Key!$E$2:$F$9,2,FALSE) -> Work | R11: =K11&"-"&Q11 -> Home-Work | S11: 5 | T11: 1 | U11: 2 | Y11: Y | AA11: =VLOOKUP(F11,Zones!$A$2:$F$151534,6,FALSE) -> 1064 | AB11: =VLOOKUP(L11,Zones!$A$2:$F$151477,6,FALSE) -> 498
B12: 0.48472222 | C12: UBA 865V | D12: 1 | E12: 1 | F12: Kampala | G12: Kampala | H12: Uga | I12: 1 | J12: 1 | K12: =VLOOKUP(J12,Key!$E$2:$F$9,2,FALSE) -> Home | L12: Namungalwe | M12: Iganga | N12: Uga | O12: 16 | P12: 8 | Q12: =VLOOKUP(P12,Key!$E$2:$F$9,2,FALSE) -> Others | R12: =K12&"-"&Q12 -> Home-Others | S12: 160 | T12: 4 | U12: 2 | Y12: Y | AA12: =VLOOKUP(F12,Zones!$A$2:$F$151534,6,FALSE) -> 521 | AB12: =VLOOKUP(L12,Zones!$A$2:$F$151477,6,FALSE) -> 373
B13: 0.47777778 | C13: UAS 126A | D13: 4 | E13: 14 | F13: Iganga | G13: Iganga | H13: Uga | I13: 6 | J13: 2 | K13: =VLOOKUP(J13,Key!$E$2:$F$9,2,FALSE) -> Work | L13: Kaliro | M13: Kaliro | N13: Uga | O13: 6 | P13: 2 | Q13: =VLOOKUP(P13,Key!$E$2:$F$9,2,FALSE) -> Work | R13: =K13&"-"&Q13 -> Work-Work | S13: 15 | T13: 2 | U13: 2 | Y13: Y | AA13: =VLOOKUP(F13,Zones!$A$2:$F$151534,6,FALSE) -> 365 | AB13: =VLOOKUP(L13,Zones!$A$2:$F$151477,6,FALSE) -> 498
B14: 0.48055556 | C14: UAW 781F | D14: 3 | E14: 6 | F14: Bugerwi | G14: Iganga | H14: Uga | I14: 1 | J14: 1 | K14: =VLOOKUP(J14,Key!$E$2:$F$9,2,FALSE) -> Home | L14: Namungalwe | M14: Iganga | N14: Uga | O14: 16 | P14: 2 | Q14: =VLOOKUP(P14,Key!$E$2:$F$9,2,FALSE) -> Work | R14: =K14&"-"&Q14 -> Home-Work | S14: 10 | T14: 0.3 | U14: 2 | Y14: Y | AA14: =VLOOKUP(F14,Zones!$A$2:$F$151534,6,FALSE) -> 362 | AB14: =VLOOKUP(L14,Zones!$A$2:$F$151477,6,FALSE) -> 373
B15: 0.43402778 | C15: UAE 400F | D15: 8 | E15: 1 | F15: Iganga | G15: Iganga | H15: Uga | I15: 1 | J15: 1 | K15: =VLOOKUP(J15,Key!$E$2:$F$9,2,FALSE) -> Home | L15: Namungalwe | M15: Iganga | N15: Uga | O15: 16 | P15: 8 | Q15: =VLOOKUP(P15,Key!$E$2:$F$9,2,FALSE) -> Others | R15: =K15&"-"&Q15 -> Home-Others | S15: 16 | T15: 0.5 | U15: 2 | Y15: Y | AA15: =VLOOKUP(F15,Zones!$A$2:$F$151534,6,FALSE) -> 365 | AB15: =VLOOKUP(L15,Zones!$A$2:$F$151477,6,FALSE) -> 373
B16: 0.47638889 | C16: UAJ 126D | D16: 8 | E16: 3 | F16: Iganga | G16: Iganga | H16: Uga | I16: 1 | J16: 1 | K16: =VLOOKUP(J16,Key!$E$2:$F$9,2,FALSE) -> Home | L16: Magamaga | M16: Iganga | N16: Uga | O16: 10 | P16: 2 | Q16: =VLOOKUP(P16,Key!$E$2:$F$9,2,FALSE) -> Work | R16: =K16&"-"&Q16 -> Home-Work | T16: 0.5 | U16: 2 | Y16: Y | AA16: =VLOOKUP(F16,Zones!$A$2:$F$151534,6,FALSE) -> 365 | AB16: =VLOOKUP(L16,Zones!$A$2:$F$151477,6,FALSE) -> 954
B17: 0.41319444 | C17: UAY 720N | D17: 3 | E17: 4 | F17: Iganga | G17: Iganga | H17: Uga | I17: 1 | J17: 1 | K17: =VLOOKUP(J17,Key!$E$2:$F$9,2,FALSE) -> Home | L17: Namungalwe | M17: Iganga | N17: Uga | O17: 16 | P17: 8 | Q17: =VLOOKUP(P17,Key!$E$2:$F$9,2,FALSE) -> Others | R17: =K17&"-"&Q17 -> Home-Others | S17: 10 | T17: 0.5 | U17: 2 | Y17: Y | AA17: =VLOOKUP(F17,Zones!$A$2:$F$151534,6,FALSE) -> 365 | AB17: =VLOOKUP(L17,Zones!$A$2:$F$151477,6,FALSE) -> 373
B18: 0.40833333 | C18: UAX 893Y | D18: 8 | E18: 3 | F18: Iganga | G18: Iganga | H18: Uga | I18: 16 | J18: 8 | K18: =VLOOKUP(J18,Key!$E$2:$F$9,2,FALSE) -> Others | L18: Irinda | M18: Iganga | N18: Uga | O18: 16 | P18: 8 | Q18: =VLOOKUP(P18,Key!$E$2:$F$9,2,FALSE) -> Others | R18: =K18&"-"&Q18 -> Others-Others | S18: 85 | T18: 2 | U18: 2 | Y18: Y | AA18: =VLOOKUP(F18,Zones!$A$2:$F$151534,6,FALSE) -> 365 | AB18: =VLOOKUP(L18,Zones!$A$2:$F$151477,6,FALSE) -> 365
B19: 0.42638889 | C19: UBA 982B | D19: 1 | E19: 4 | F19: Jinja | G19: Jinja | H19: Uga | I19: 1 | J19: 1 | K19: =VLOOKUP(J19,Key!$E$2:$F$9,2,FALSE) -> Home | L19: Kaliro | M19: Kaliro | N19: Uga | O19: 4 | P19: 3 | Q19: =VLOOKUP(P19,Key!$E$2:$F$9,2,FALSE) -> Study | R19: =K19&"-"&Q19 -> Home-Study | T19: 0.5 | U19: 2 | Y19: Y | AA19: =VLOOKUP(F19,Zones!$A$2:$F$151534,6,FALSE) -> 403 | AB19: =VLOOKUP(L19,Zones!$A$2:$F$151477,6,FALSE) -> 498
B20: 0.425 | C20: UAK 473X | D20: 5 | E20: 28 | F20: Jinja | G20: Jinja | H20: Uga | I20: 6 | J20: 2 | K20: =VLOOKUP(J20,Key!$E$2:$F$9,2,FALSE) -> Work | L20: Kaliro | M20: Kaliro | N20: Uga | O20: 6 | P20: 2 | Q20: =VLOOKUP(P20,Key!$E$2:$F$9,2,FALSE) -> Work | R20: =K20&"-"&Q20 -> Work-Work | S20: 30 | T20: 3 | U20: 6 | Y20: Y | AA20: =VLOOKUP(F20,Zones!$A$2:$F$151534,6,FALSE) -> 403 | AB20: =VLOOKUP(L20,Zones!$A$2:$F$151477,6,FALSE) -> 498
B21: 0.4375 | C21: UAL 681Z | D21: 8 | E21: 3 | F21: Kakira | G21: Iganga | H21: Uga | I21: 3 | J21: 2 | K21: =VLOOKUP(J21,Key!$E$2:$F$9,2,FALSE) -> Work | L21: Kaliro | M21: Kaliro | N21: Uga | O21: 16 | P21: 8 | Q21: =VLOOKUP(P21,Key!$E$2:$F$9,2,FALSE) -> Others | R21: =K21&"-"&Q21 -> Work-Others | T21: 0.7 | U21: 4 | Y21: Y | AA21: =VLOOKUP(F21,Zones!$A$2:$F$151534,6,FALSE) -> 404 | AB21: =VLOOKUP(L21,Zones!$A$2:$F$151477,6,FALSE) -> 498
B22: 0.43819444 | C22: UAL 758V | D22: 1 | E22: 2 | F22: Busesa | G22: Iganga | H22: Uga | I22: 1 | J22: 1 | K22: =VLOOKUP(J22,Key!$E$2:$F$9,2,FALSE) -> Home | L22: Nabitovu | M22: Iganga | N22: Uga | O22: 3 | P22: 2 | Q22: =VLOOKUP(P22,Key!$E$2:$F$9,2,FALSE) -> Work | R22: =K22&"-"&Q22 -> Home-Work | S22: 15 | T22: 0.8 | U22: 2 | Y22: Y | AA22: =VLOOKUP(F22,Zones!$A$2:$F$151534,6,FALSE) -> 364 | AB22: =VLOOKUP(L22,Zones!$A$2:$F$151477,6,FALSE) -> 372
B23: 0.42361111 | C23: UAZ 355H | D23: 8 | E23: 2 | F23: Iganga | G23: Iganga | H23: Uga | I23: 1 | J23: 1 | K23: =VLOOKUP(J23,Key!$E$2:$F$9,2,FALSE) -> Home | L23: Kyani | M23: Kaliro | N23: Uga | O23: 10 | P23: 2 | Q23: =VLOOKUP(P23,Key!$E$2:$F$9,2,FALSE) -> Work | R23: =K23&"-"&Q23 -> Home-Work | T23: 0.5 | U23: 2 | Y23: Y | AA23: =VLOOKUP(F23,Zones!$A$2:$F$151534,6,FALSE) -> 365 | AB23: =VLOOKUP(L23,Zones!$A$2:$F$151477,6,FALSE) -> 495
B24: 0.42777778 | C24: UAK 002F | D24: 1 | E24: 5 | F24: Iganga | G24: Iganga | H24: Uga | I24: 4 | J24: 3 | K24: =VLOOKUP(J24,Key!$E$2:$F$9,2,FALSE) -> Study | L24: Kaliro | M24: Kaliro | N24: Uga | O24: 1 | P24: 1 | Q24: =VLOOKUP(P24,Key!$E$2:$F$9,2,FALSE) -> Home | R24: =K24&"-"&Q24 -> Study-Home | T24: 0.5 | U24: 5 | Y24: Y | AA24: =VLOOKUP(F24,Zones!$A$2:$F$151534,6,FALSE) -> 365 | AB24: =VLOOKUP(L24,Zones!$A$2:$F$151477,6,FALSE) -> 498
B25: 0.39097222 | C25: UAV 252E | D25: 4 | E25: 2 | F25: Iganga | G25: Iganga | H25: Uga | I25: 1 | J25: 1 | K25: =VLOOKUP(J25,Key!$E$2:$F$9,2,FALSE) -> Home | L25: Bunyiiro | M25: Iganga | N25: Uga | O25: 6 | P25: 2 | Q25: =VLOOKUP(P25,Key!$E$2:$F$9,2,FALSE) -> Work | R25: =K25&"-"&Q25 -> Home-Work | S25: 5 | T25: 0.1 | U25: 4 | Y25: Y | AA25: =VLOOKUP(F25,Zones!$A$2:$F$151534,6,FALSE) -> 365 | AB25: =VLOOKUP(L25,Zones!$A$2:$F$151477,6,FALSE) -> 373
B26: 0.39166667 | C26: UAQ 598E | D26: 4 | E26: 1 | F26: Iganga | G26: Iganga | H26: Uga | I26: 1 | J26: 1 | K26: =VLOOKUP(J26,Key!$E$2:$F$9,2,FALSE) -> Home | L26: Nawangaiza | M26: Iganga | N26: Uga | O26: 6 | P26: 2 | Q26: =VLOOKUP(P26,Key!$E$2:$F$9,2,FALSE) -> Work | R26: =K26&"-"&Q26 -> Home-Work | T26: 0.5 | U26: 1 | Y26: Y | AA26: =VLOOKUP(F26,Zones!$A$2:$F$151534,6,FALSE) -> 365 | AB26: =VLOOKUP(L26,Zones!$A$2:$F$151477,6,FALSE) -> 374
B27: 0.38819444 | C27: UAZ 329W | D27: 8 | E27: 3 | F27: Magamaga | G27: Iganga | H27: Uga | I27: 1 | J27: 1 | K27: =VLOOKUP(J27,Key!$E$2:$F$9,2,FALSE) -> Home | L27: Kaliro | M27: Kaliro | N27: Uga | O27: 3 | P27: 2 | Q27: =VLOOKUP(P27,Key!$E$2:$F$9,2,FALSE) -> Work | R27: =K27&"-"&Q27 -> Home-Work | T27: 0.8 | U27: 2 | Y27: Y | AA27: =VLOOKUP(F27,Zones!$A$2:$F$151534,6,FALSE) -> 954 | AB27: =VLOOKUP(L27,Zones!$A$2:$F$151477,6,FALSE) -> 498
B28: 0.38541667 | C28: UEN 384H | D28: 11 | E28: 2 | F28: Iganga | G28: Iganga | H28: Uga | I28: 8 | J28: 2 | K28: =VLOOKUP(J28,Key!$E$2:$F$9,2,FALSE) -> Work | L28: Buwolera | M28: Iganga | N28: Uga | O28: 8 | P28: 2 | Q28: =VLOOKUP(P28,Key!$E$2:$F$9,2,FALSE) -> Work | R28: =K28&"-"&Q28 -> Work-Work | S28: 8 | T28: 0.5 | U28: 2 | Y28: Y | AA28: =VLOOKUP(F28,Zones!$A$2:$F$151534,6,FALSE) -> 365 | AB28: =VLOOKUP(L28,Zones!$A$2:$F$151477,6,FALSE) -> 400
B29: 0.39652778 | C29: UAL 373H | D29: 3 | E29: 5 | F29: Iganga | G29: Iganga | H29: Uga | I29: 1 | J29: 1 | K29: =VLOOKUP(J29,Key!$E$2:$F$9,2,FALSE) -> Home | L29: Bunyiiro | M29: Iganga | N29: Uga | O29: 10 | P29: 2 | Q29: =VLOOKUP(P29,Key!$E$2:$F$9,2,FALSE) -> Work | R29: =K29&"-"&Q29 -> Home-Work | S29: 3 | T29: 0.5 | U29: 2 | Y29: Y | AA29: =VLOOKUP(F29,Zones!$A$2:$F$151534,6,FALSE) -> 365 | AB29: =VLOOKUP(L29,Zones!$A$2:$F$151477,6,FALSE) -> 373
B30: 0.39444444 | C30: UAZ 293J | D30: 5 | E30: 30 | F30: Kayunga | G30: Kayunga | H30: Uga | I30: 6 | J30: 2 | K30: =VLOOKUP(J30,Key!$E$2:$F$9,2,FALSE) -> Work | L30: Kilama | M30: Kibaale | N30: Uga | O30: 6 | P30: 2 | Q30: =VLOOKUP(P30,Key!$E$2:$F$9,2,FALSE) -> Work | R30: =K30&"-"&Q30 -> Work-Work | T30: 1 | U30: 4 | Y30: Y | Z30: 20000 | AA30: =VLOOKUP(F30,Zones!$A$2:$F$151534,6,FALSE) -> 685 | AB30: =VLOOKUP(L30,Zones!$A$2:$F$151477,6,FALSE) -> 693
B31: 0.36458333 | C31: UBA 419Q | D31: 8 | E31: 3 | F31: Iganga | G31: Iganga | H31: Uga | I31: 1 | J31: 1 | K31: =VLOOKUP(J31,Key!$E$2:$F$9,2,FALSE) -> Home | L31: Namungalwe | M31: Iganga | N31: Uga | O31: 10 | P31: 2 | Q31: =VLOOKUP(P31,Key!$E$2:$F$9,2,FALSE) -> Work | R31: =K31&"-"&Q31 -> Home-Work | S31: 6 | T31: 0.4 | U31: 4 | Y31: Y | AA31: =VLOOKUP(F31,Zones!$A$2:$F$151534,6,FALSE) -> 365 | AB31: =VLOOKUP(L31,Zones!$A$2:$F$151477,6,FALSE) -> 373
B32: 0.35972222 | C32: UBC 278D | D32: 4 | E32: 14 | F32: Jinja | G32: Jinja | H32: Uga | I32: 6 | J32: 2 | K32: =VLOOKUP(J32,Key!$E$2:$F$9,2,FALSE) -> Work | L32: Kilama | M32: Iganga | N32: Uga | O32: 6 | P32: 2 | Q32: =VLOOKUP(P32,Key!$E$2:$F$9,2,FALSE) -> Work | R32: =K32&"-"&Q32 -> Work-Work | T32: 1 | U32: 4 | Y32: Y | Z32: 1000 | AA32: =VLOOKUP(F32,Zones!$A$2:$F$151534,6,FALSE) -> 403 | AB32: =VLOOKUP(L32,Zones!$A$2:$F$151477,6,FALSE) -> 693
B33: 0.70625 | C33: UAW 666X | D33: 1 | E33: 2 | F33: Iganga | G33: Iganga | H33: Uga | I33: 2 | J33: 2 | K33: =VLOOKUP(J33,Key!$E$2:$F$9,2,FALSE) -> Work | L33: Bunyiiro | M33: Iganga | N33: Uga | O33: 1 | P33: 1 | Q33: =VLOOKUP(P33,Key!$E$2:$F$9,2,FALSE) -> Home | R33: =K33&"-"&Q33 -> Work-Home | S33: 2 | T33: 0.5 | U33: 2 | Y33: Y | AA33: =VLOOKUP(F33,Zones!$A$2:$F$151534,6,FALSE) -> 365 | AB33: =VLOOKUP(L33,Zones!$A$2:$F$151477,6,FALSE) -> 373
B34: 0.71666667 | C34: UBC 299T | D34: 1 | E34: 4 | F34: Iganga | G34: Iganga | H34: Uga | I34: 14 | J34: 8 | K34: =VLOOKUP(J34,Key!$E$2:$F$9,2,FALSE) -> Others | L34: Kaliro | M34: Kaliro | N34: Uga | O34: 1 | P34: 1 | Q34: =VLOOKUP(P34,Key!$E$2:$F$9,2,FALSE) -> Home | R34: =K34&"-"&Q34 -> Others-Home | S34: 15 | T34: 0.8 | U34: 2 | Y34: Y | AA34: =VLOOKUP(F34,Zones!$A$2:$F$151534,6,FALSE) -> 365 | AB34: =VLOOKUP(L34,Zones!$A$2:$F$151477,6,FALSE) -> 498
B35: 0.72361111 | C35: UAE 723H | D35: 2 | E35: 3 | F35: Iganga | G35: Iganga | H35: Uga | I35: 16 | J35: 8 | K35: =VLOOKUP(J35,Key!$E$2:$F$9,2,FALSE) -> Others | L35: Bunyiiro | M35: Iganga | N35: Uga | O35: 1 | P35: 1 | Q35: =VLOOKUP(P35,Key!$E$2:$F$9,2,FALSE) -> Home | R35: =K35&"-"&Q35 -> Others-Home | S35: 15 | T35: 2 | U35: 2 | Y35: Y | AA35: =VLOOKUP(F35,Zones!$A$2:$F$151534,6,FALSE) -> 365 | AB35: =VLOOKUP(L35,Zones!$A$2:$F$151477,6,FALSE) -> 373
B36: 0.73263889 | C36: UAV 662X | D36: 7 | E36: 4 | F36: Bugiri | G36: Bugiri | H36: Uga | I36: 10 | J36: 2 | K36: =VLOOKUP(J36,Key!$E$2:$F$9,2,FALSE) -> Work | L36: Bunyiiro | M36: Iganga | N36: Uga | O36: 1 | P36: 1 | Q36: =VLOOKUP(P36,Key!$E$2:$F$9,2,FALSE) -> Home | R36: =K36&"-"&Q36 -> Work-Home | S36: 20 | T36: 2 | U36: 4 | Y36: Y | AA36: =VLOOKUP(F36,Zones!$A$2:$F$151534,6,FALSE) -> 145 | AB36: =VLOOKUP(L36,Zones!$A$2:$F$151477,6,FALSE) -> 373
B37: 0.74166667 | C37: UBD 600D | D37: 4 | E37: 14 | F37: Iganga | G37: Iganga | H37: Uga | I37: 6 | J37: 2 | K37: =VLOOKUP(J37,Key!$E$2:$F$9,2,FALSE) -> Work | L37: Bunyiiro | M37: Iganga | N37: Uga | O37: 6 | P37: 2 | Q37: =VLOOKUP(P37,Key!$E$2:$F$9,2,FALSE) -> Work | R37: =K37&"-"&Q37 -> Work-Work | S37: 27 | T37: 1.5 | U37: 2 | Y37: Y | AA37: =VLOOKUP(F37,Zones!$A$2:$F$151534,6,FALSE) -> 365 | AB37: =VLOOKUP(L37,Zones!$A$2:$F$151477,6,FALSE) -> 373
B38: 0.46597222 | C38: UAY 781C | D38: 1 | E38: 4 | F38: Entebbe | G38: Kampala | H38: Uga | I38: 1 | J38: 1 | K38: =VLOOKUP(J38,Key!$E$2:$F$9,2,FALSE) -> Home | L38: Nabigalata | M38: Namutumba | N38: Uga | O38: 16 | P38: 8 | Q38: =VLOOKUP(P38,Key!$E$2:$F$9,2,FALSE) -> Others | R38: =K38&"-"&Q38 -> Home-Others | S38: 160 | T38: 2 | U38: 6 | Y38: Y | AA38: =VLOOKUP(F38,Zones!$A$2:$F$151534,6,FALSE) -> 1388 | AB38: =VLOOKUP(L38,Zones!$A$2:$F$151477,6,FALSE) -> 1135
B39: 0.47430556 | C39: UAJ 344A | D39: 2 | E39: 4 | F39: Iganga | G39: Iganga | H39: Uga | I39: 2 | J39: 2 | K39: =VLOOKUP(J39,Key!$E$2:$F$9,2,FALSE) -> Work | L39: Kaliro | M39: Kaliro | N39: Uga | O39: 1 | P39: 1 | Q39: =VLOOKUP(P39,Key!$E$2:$F$9,2,FALSE) -> Home | R39: =K39&"-"&Q39 -> Work-Home | T39: 0.4 | U39: 2 | Y39: N | AA39: =VLOOKUP(F39,Zones!$A$2:$F$151534,6,FALSE) -> 365 | AB39: =VLOOKUP(L39,Zones!$A$2:$F$151477,6,FALSE) -> 498
B40: 0.41458333 | C40: UBA 707P | D40: 2 | E40: 6 | F40: Mbalala | G40: Mukono | H40: Uga | I40: 1 | J40: 1 | K40: =VLOOKUP(J40,Key!$E$2:$F$9,2,FALSE) -> Home | L40: Kilama | M40: Iganga | N40: Uga | O40: 16 | P40: 8 | Q40: =VLOOKUP(P40,Key!$E$2:$F$9,2,FALSE) -> Others | R40: =K40&"-"&Q40 -> Home-Others | S40: 45 | T40: 2 | U40: 6 | Y40: Y | Z40: 2000 | AA40: =VLOOKUP(F40,Zones!$A$2:$F$151534,6,FALSE) -> 1064 | AB40: =VLOOKUP(L40,Zones!$A$2:$F$151477,6,FALSE) -> 693
B41: 0.41388889 | C41: UBD 162K | D41: 1 | E41: 3 | F41: Iganga | G41: Iganga | H41: Uga | I41: 1 | J41: 1 | K41: =VLOOKUP(J41,Key!$E$2:$F$9,2,FALSE) -> Home | L41: Kigulu | M41: Iganga | N41: Uga | O41: 2 | P41: 2 | Q41: =VLOOKUP(P41,Key!$E$2:$F$9,2,FALSE) -> Work | R41: =K41&"-"&Q41 -> Home-Work | T41: 0.3 | U41: 4 | Y41: Y | AA41: =VLOOKUP(F41,Zones!$A$2:$F$151534,6,FALSE) -> 365 | AB41: =VLOOKUP(L41,Zones!$A$2:$F$151477,6,FALSE) -> 369
B42: 0.38333333 | C42: UDY 560V | D42: 11 | E42: 1 | F42: Iganga | G42: Iganga | H42: Uga | I42: 8 | J42: 2 | K42: =VLOOKUP(J42,Key!$E$2:$F$9,2,FALSE) -> Work | L42: Bunyiiro | M42: Iganga | N42: Uga | O42: 8 | P42: 2 | Q42: =VLOOKUP(P42,Key!$E$2:$F$9,2,FALSE) -> Work | R42: =K42&"-"&Q42 -> Work-Work | S42: 2 | T42: 0.1 | U42: 2 | Y42: Y | Z42: 1000 | AA42: =VLOOKUP(F42,Zones!$A$2:$F$151534,6,FALSE) -> 365 | AB42: =VLOOKUP(L42,Zones!$A$2:$F$151477,6,FALSE) -> 373
B43: 0.38125 | C43: UAN 532E | D43: 4 | E43: 14 | F43: Iganga | G43: Iganga | H43: Uga | I43: 6 | J43: 2 | K43: =VLOOKUP(J43,Key!$E$2:$F$9,2,FALSE) -> Work | L43: Kigulu | M43: Iganga | N43: Uga | O43: 6 | P43: 2 | Q43: =VLOOKUP(P43,Key!$E$2:$F$9,2,FALSE) -> Work | R43: =K43&"-"&Q43 -> Work-Work | T43: 0.2 | U43: 2 | Y43: Y | AA43: =VLOOKUP(F43,Zones!$A$2:$F$151534,6,FALSE) -> 365 | AB43: =VLOOKUP(L43,Zones!$A$2:$F$151477,6,FALSE) -> 369
B44: 0.37777778 | C44: UAE 818W | D44: 11 | E44: 3 | F44: Iganga | G44: Iganga | H44: Uga | I44: 8 | J44: 2 | K44: =VLOOKUP(J44,Key!$E$2:$F$9,2,FALSE) -> Work | L44: Nabigalata | M44: Namutumba | N44: Uga | O44: 8 | P44: 2 | Q44: =VLOOKUP(P44,Key!$E$2:$F$9,2,FALSE) -> Work | R44: =K44&"-"&Q44 -> Work-Work | S44: 45 | T44: 0.5 | U44: 2 | Y44: Y | AA44: =VLOOKUP(F44,Zones!$A$2:$F$151534,6,FALSE) -> 365 | AB44: =VLOOKUP(L44,Zones!$A$2:$F$151477,6,FALSE) -> 1135
B45: 0.37986111 | C45: UEX 823K | D45: 11 | E45: 2 | F45: Iganga | G45: Iganga | H45: Uga | I45: 8 | J45: 2 | K45: =VLOOKUP(J45,Key!$E$2:$F$9,2,FALSE) -> Work | L45: Kigulu | M45: Iganga | N45: Uga | O45: 8 | P45: 2 | Q45: =VLOOKUP(P45,Key!$E$2:$F$9,2,FALSE) -> Work | R45: =K45&"-"&Q45 -> Work-Work | T45: 0.1 | U45: 2 | Y45: Y | AA45: =VLOOKUP(F45,Zones!$A$2:$F$151534,6,FALSE) -> 365 | AB45: =VLOOKUP(L45,Zones!$A$2:$F$151477,6,FALSE) -> 369
B46: 0.67916667 | C46: UBD 253B | D46: 1 | E46: 1 | F46: Iganga | G46: Iganga | H46: Uga | I46: 12 | J46: 8 | K46: =VLOOKUP(J46,Key!$E$2:$F$9,2,FALSE) -> Others | L46: Kaliro | M46: Kaliro | N46: Uga | O46: 1 | P46: 1 | Q46: =VLOOKUP(P46,Key!$E$2:$F$9,2,FALSE) -> Home | R46: =K46&"-"&Q46 -> Others-Home | S46: 15 | T46: 1 | U46: 2 | Y46: Y | AA46: =VLOOKUP(F46,Zones!$A$2:$F$151534,6,FALSE) -> 365 | AB46: =VLOOKUP(L46,Zones!$A$2:$F$151477,6,FALSE) -> 498
B47: 0.68472222 | C47: UAX 623S | D47: 4 | E47: 14 | F47: Iganga | G47: Iganga | H47: Uga | I47: 6 | J47: 2 | K47: =VLOOKUP(J47,Key!$E$2:$F$9,2,FALSE) -> Work | L47: Kaliro | M47: Kaliro | N47: Uga | O47: 6 | P47: 2 | Q47: =VLOOKUP(P47,Key!$E$2:$F$9,2,FALSE) -> Work | R47: =K47&"-"&Q47 -> Work-Work | S47: 15 | T47: 1 | U47: 2 | Y47: Y | AA47: =VLOOKUP(F47,Zones!$A$2:$F$151534,6,FALSE) -> 365 | AB47: =VLOOKUP(L47,Zones!$A$2:$F$151477,6,FALSE) -> 498
B48: 0.66597222 | C48: UAP 221T | D48: 4 | E48: 14 | F48: Iganga | G48: Iganga | H48: Uga | I48: 6 | J48: 2 | K48: =VLOOKUP(J48,Key!$E$2:$F$9,2,FALSE) -> Work | L48: Nabigalata | M48: Namutumba | N48: Uga | O48: 6 | P48: 2 | Q48: =VLOOKUP(P48,Key!$E$2:$F$9,2,FALSE) -> Work | R48: =K48&"-"&Q48 -> Work-Work | T48: 1 | U48: 2 | Y48: Y | AA48: =VLOOKUP(F48,Zones!$A$2:$F$151534,6,FALSE) -> 365 | AB48: =VLOOKUP(L48,Zones!$A$2:$F$151477,6,FALSE) -> 1135
B49: 0.65833333 | C49: UAV 764L | D49: 3 | E49: 3 | F49: Iganga | G49: Iganga | H49: Uga | I49: 9 | J49: 2 | K49: =VLOOKUP(J49,Key!$E$2:$F$9,2,FALSE) -> Work | L49: Bunyiiro | M49: Iganga | N49: Uga | O49: 1 | P49: 1 | Q49: =VLOOKUP(P49,Key!$E$2:$F$9,2,FALSE) -> Home | R49: =K49&"-"&Q49 -> Work-Home | S49: 2 | T49: 0.3 | U49: 2 | Y49: Y | AA49: =VLOOKUP(F49,Zones!$A$2:$F$151534,6,FALSE) -> 365 | AB49: =VLOOKUP(L49,Zones!$A$2:$F$151477,6,FALSE) -> 373
B50: 0.65138889 | C50: UBB 008J | D50: 2 | E50: 5 | F50: Iganga | G50: Iganga | H50: Uga | I50: 7 | J50: 8 | K50: =VLOOKUP(J50,Key!$E$2:$F$9,2,FALSE) -> Others | L50: Nakalama | M50: Iganga | N50: Uga | O50: 1 | P50: 1 | Q50: =VLOOKUP(P50,Key!$E$2:$F$9,2,FALSE) -> Home | R50: =K50&"-"&Q50 -> Others-Home | S50: 27 | T50: 2 | U50: 2 | Y50: Y | AA50: =VLOOKUP(F50,Zones!$A$2:$F$151534,6,FALSE) -> 365 | AB50: =VLOOKUP(L50,Zones!$A$2:$F$151477,6,FALSE) -> 369
B51: 0.65416667 | C51: UAE 277H | D51: 1 | E51: 4 | F51: Iganga | G51: Iganga | H51: Uga | I51: 16 | J51: 8 | K51: =VLOOKUP(J51,Key!$E$2:$F$9,2,FALSE) -> Others | L51: Kaliro | M51: Kaliro | N51: Uga | O51: 1 | P51: 1 | Q51: =VLOOKUP(P51,Key!$E$2:$F$9,2,FALSE) -> Home | R51: =K51&"-"&Q51 -> Others-Home | S51: 15 | T51: 1 | U51: 4 | Y51: Y | AA51: =VLOOKUP(F51,Zones!$A$2:$F$151534,6,FALSE) -> 365 | AB51: =VLOOKUP(L51,Zones!$A$2:$F$151477,6,FALSE) -> 498
B52: 0.64513889 | C52: UDN 165K | D52: 11 | E52: 3 | F52: Iganga | G52: Iganga | H52: Uga | I52: 8 | J52: 2 | K52: =VLOOKUP(J52,Key!$E$2:$F$9,2,FALSE) -> Work | L52: Nabigalata | M52: Namutumba | N52: Uga | O52: 8 | P52: 2 | Q52: =VLOOKUP(P52,Key!$E$2:$F$9,2,FALSE) -> Work | R52: =K52&"-"&Q52 -> Work-Work | S52: 15 | T52: 1 | U52: 2 | Y52: Y | Z52: 500 | AA52: =VLOOKUP(F52,Zones!$A$2:$F$151534,6,FALSE) -> 365 | AB52: =VLOOKUP(L52,Zones!$A$2:$F$151477,6,FALSE) -> 1135
B53: 0.61666667 | C53: UAT 378T | D53: 2 | E53: 3 | F53: Jinja | G53: Jinja | H53: Uga | I53: 5 | J53: 7 | K53: =VLOOKUP(J53,Key!$E$2:$F$9,2,FALSE) -> Hospital | L53: Kaliro | M53: Kaliro | N53: Uga | O53: 1 | P53: 1 | Q53: =VLOOKUP(P53,Key!$E$2:$F$9,2,FALSE) -> Home | R53: =K53&"-"&Q53 -> Hospital-Home | S53: 30 | T53: 3 | U53: 2 | Y53: Y | AA53: =VLOOKUP(F53,Zones!$A$2:$F$151534,6,FALSE) -> 403 | AB53: =VLOOKUP(L53,Zones!$A$2:$F$151477,6,FALSE) -> 498
B54: 0.60972222 | C54: UBF 673H | D54: 7 | E54: 1 | F54: Iganga | G54: Iganga | H54: Uga | I54: 9 | J54: 2 | K54: =VLOOKUP(J54,Key!$E$2:$F$9,2,FALSE) -> Work | L54: Kabira | M54: Iganga | N54: Uga | O54: 1 | P54: 1 | Q54: =VLOOKUP(P54,Key!$E$2:$F$9,2,FALSE) -> Home | R54: =K54&"-"&Q54 -> Work-Home | S54: 27 | T54: 1 | U54: 2 | Y54: Y | AA54: =VLOOKUP(F54,Zones!$A$2:$F$151534,6,FALSE) -> 365 | AB54: =VLOOKUP(L54,Zones!$A$2:$F$151477,6,FALSE) -> 845
B55: 0.61458333 | C55: UBE 742S | D55: 1 | E55: 4 | F55: Iganga | G55: Iganga | H55: Uga | I55: 4 | J55: 3 | K55: =VLOOKUP(J55,Key!$E$2:$F$9,2,FALSE) -> Study | L55: Kaliro | M55: Kaliro | N55: Uga | O55: 1 | P55: 1 | Q55: =VLOOKUP(P55,Key!$E$2:$F$9,2,FALSE) -> Home | R55: =K55&"-"&Q55 -> Study-Home | S55: 2 | T55: 1 | U55: 2 | Y55: Y | AA55: =VLOOKUP(F55,Zones!$A$2:$F$151534,6,FALSE) -> 365 | AB55: =VLOOKUP(L55,Zones!$A$2:$F$151477,6,FALSE) -> 498
B56: 0.59930556 | C56: UBF 359K | D56: 1 | E56: 2 | F56: Iganga | G56: Iganga | H56: Uga | I56: 2 | J56: 2 | K56: =VLOOKUP(J56,Key!$E$2:$F$9,2,FALSE) -> Work | L56: Kigulu | M56: Iganga | N56: Uga | O56: 1 | P56: 1 | Q56: =VLOOKUP(P56,Key!$E$2:$F$9,2,FALSE) -> Home | R56: =K56&"-"&Q56 -> Work-Home | T56: 0.1 | U56: 2 | Y56: Y | Z56: 2000 | AA56: =VLOOKUP(F56,Zones!$A$2:$F$151534,6,FALSE) -> 365 | AB56: =VLOOKUP(L56,Zones!$A$2:$F$151477,6,FALSE) -> 369
B57: 0.60347222 | C57: UAP 922X | D57: 8 | E57: 4 | F57: Iganga | G57: Iganga | H57: Uga | I57: 1 | J57: 1 | K57: =VLOOKUP(J57,Key!$E$2:$F$9,2,FALSE) -> Home | L57: Kaliro | M57: Kaliro | N57: Uga | O57: 10 | P57: 2 | Q57: =VLOOKUP(P57,Key!$E$2:$F$9,2,FALSE) -> Work | R57: =K57&"-"&Q57 -> Home-Work | S57: 2 | T57: 1 | U57: 2 | Y57: Y | AA57: =VLOOKUP(F57,Zones!$A$2:$F$151534,6,FALSE) -> 365 | AB57: =VLOOKUP(L57,Zones!$A$2:$F$151477,6,FALSE) -> 498
B58: 0.59375 | C58: UBA 285Q | D58: 9 | E58: 3 | F58: Kampala | G58: Kampala | H58: Uga | I58: 1 | J58: 1 | K58: =VLOOKUP(J58,Key!$E$2:$F$9,2,FALSE) -> Home | L58: Nabigalata | M58: Namutumba | N58: Uga | O58: 16 | P58: 8 | Q58: =VLOOKUP(P58,Key!$E$2:$F$9,2,FALSE) -> Others | R58: =K58&"-"&Q58 -> Home-Others | S58: 165 | T58: 3 | U58: 4 | V58: 1 | W58: 28 | Y58: N | AA58: =VLOOKUP(F58,Zones!$A$2:$F$151534,6,FALSE) -> 521 | AB58: =VLOOKUP(L58,Zones!$A$2:$F$151477,6,FALSE) -> 1135
B59: 0.021527778 | C59: UAV 746T | D59: 3 | E59: 2 | F59: Iganga | G59: Iganga | H59: Uga | I59: 10 | J59: 2 | K59: =VLOOKUP(J59,Key!$E$2:$F$9,2,FALSE) -> Work | L59: Buboko | M59: Namayingo | N59: Uga | O59: 1 | P59: 1 | Q59: =VLOOKUP(P59,Key!$E$2:$F$9,2,FALSE) -> Home | R59: =K59&"-"&Q59 -> Work-Home | T59: 0.2 | U59: 2 | Y59: Y | AA59: =VLOOKUP(F59,Zones!$A$2:$F$151534,6,FALSE) -> 365 | AB59: =VLOOKUP(L59,Zones!$A$2:$F$151477,6,FALSE) -> 1110
B60: 0.4625 | C60: UAL 248H | D60: 4 | E60: 14 | F60: Iganga | G60: Iganga | H60: Uga | I60: 6 | J60: 2 | K60: =VLOOKUP(J60,Key!$E$2:$F$9,2,FALSE) -> Work | L60: Kaliro | M60: Kaliro | N60: Uga | O60: 6 | P60: 2 | Q60: =VLOOKUP(P60,Key!$E$2:$F$9,2,FALSE) -> Work | R60: =K60&"-"&Q60 -> Work-Work | S60: 15 | T60: 2 | U60: 2 | Y60: Y | AA60: =VLOOKUP(F60,Zones!$A$2:$F$151534,6,FALSE) -> 365 | AB60: =VLOOKUP(L60,Zones!$A$2:$F$151477,6,FALSE) -> 498
B61: 0.45833333 | C61: UAP 538K | D61: 1 | E61: 2 | F61: Kampala | G61: Kampala | H61: Uga | I61: 10 | J61: 2 | K61: =VLOOKUP(J61,Key!$E$2:$F$9,2,FALSE) -> Work | L61: Kaliro | M61: Kaliro | N61: Uga | O61: 1 | P61: 1 | Q61: =VLOOKUP(P61,Key!$E$2:$F$9,2,FALSE) -> Home | R61: =K61&"-"&Q61 -> Work-Home | S61: 160 | T61: 2 | U61: 2 | Y61: Y | AA61: =VLOOKUP(F61,Zones!$A$2:$F$151534,6,FALSE) -> 521 | AB61: =VLOOKUP(L61,Zones!$A$2:$F$151477,6,FALSE) -> 498
B62: 0.45625 | C62: UAW 216V | D62: 1 | E62: 6 | F62: Mayuge | G62: Mayuge | H62: Uga | I62: 1 | J62: 1 | K62: =VLOOKUP(J62,Key!$E$2:$F$9,2,FALSE) -> Home | L62: Kaliro | M62: Kaliro | N62: Uga | O62: 5 | P62: 7 | Q62: =VLOOKUP(P62,Key!$E$2:$F$9,2,FALSE) -> Hospital | R62: =K62&"-"&Q62 -> Home-Hospital | S62: 30 | T62: 1 | U62: 6 | Y62: Y | AA62: =VLOOKUP(F62,Zones!$A$2:$F$151534,6,FALSE) -> 956 | AB62: =VLOOKUP(L62,Zones!$A$2:$F$151477,6,FALSE) -> 498
B63: 0.45833333 | C63: UAQ 332E | D63: 6 | E63: 30 | F63: Jinja | G63: Jinja | H63: Uga | I63: 4 | J63: 3 | K63: =VLOOKUP(J63,Key!$E$2:$F$9,2,FALSE) -> Study | L63: Kaliro | M63: Kaliro | N63: Uga | O63: 16 | P63: 8 | Q63: =VLOOKUP(P63,Key!$E$2:$F$9,2,FALSE) -> Others | R63: =K63&"-"&Q63 -> Study-Others | Y63: Y | AA63: =VLOOKUP(F63,Zones!$A$2:$F$151534,6,FALSE) -> 403 | AB63: =VLOOKUP(L63,Zones!$A$2:$F$151477,6,FALSE) -> 498
B64: 0.38541667 | C64: UAY 695F | D64: 8 | E64: 2 | F64: Kigulu | G64: Iganga | H64: Uga | I64: 2 | J64: 2 | K64: =VLOOKUP(J64,Key!$E$2:$F$9,2,FALSE) -> Work | L64: Nakalama | M64: Iganga | N64: Uga | O64: 2 | P64: 2 | Q64: =VLOOKUP(P64,Key!$E$2:$F$9,2,FALSE) -> Work | R64: =K64&"-"&Q64 -> Work-Work | T64: 1 | U64: 2 | V64: 11 | Y64: Y | AA64: =VLOOKUP(F64,Zones!$A$2:$F$151534,6,FALSE) -> 369 | AB64: =VLOOKUP(L64,Zones!$A$2:$F$151477,6,FALSE) -> 369
B65: 0.017361111 | C65: UWO 251C | D65: 7 | E65: 3 | F65: Buwolomera | G65: Iganga | H65: Uga | I65: 9 | J65: 4 | K65: =VLOOKUP(J65,Key!$E$2:$F$9,2,FALSE) -> Commercial | L65: Kakira | M65: Jinja | N65: Uga | O65: 3 | P65: 4 | Q65: =VLOOKUP(P65,Key!$E$2:$F$9,2,FALSE) -> Commercial | R65: =K65&"-"&Q65 -> Commercial-Commercial | S65: 34 | T65: 2 | V65: 1 | W65: 10 | Y65: Y | AA65: =VLOOKUP(F65,Zones!$A$2:$F$151534,6,FALSE) -> 594 | AB65: =VLOOKUP(L65,Zones!$A$2:$F$151477,6,FALSE) -> 404
B66: 0.027777778 | C66: UAT 889B | D66: 4 | E66: 14 | F66: Kaliro | G66: Kaliro | H66: Uga | I66: 16 | J66: 2 | K66: =VLOOKUP(J66,Key!$E$2:$F$9,2,FALSE) -> Work | L66: Jinja | M66: Jinja | N66: Uga | O66: 2 | P66: 2 | Q66: =VLOOKUP(P66,Key!$E$2:$F$9,2,FALSE) -> Work | R66: =K66&"-"&Q66 -> Work-Work | S66: 20 | T66: 1 | U66: 6 | Y66: Y | AA66: =VLOOKUP(F66,Zones!$A$2:$F$151534,6,FALSE) -> 498 | AB66: =VLOOKUP(L66,Zones!$A$2:$F$151477,6,FALSE) -> 403
B67: 0.59652778 | C67: UAK 508K | D67: 1 | E67: 3 | F67: Kawete | G67: Kaliro | H67: Uga | I67: 1 | J67: 1 | K67: =VLOOKUP(J67,Key!$E$2:$F$9,2,FALSE) -> Home | L67: Jinja | M67: Jinja | N67: Uga | O67: 2 | P67: 2 | Q67: =VLOOKUP(P67,Key!$E$2:$F$9,2,FALSE) -> Work | R67: =K67&"-"&Q67 -> Home-Work | S67: 20 | T67: 1.5 | U67: 2 | Y67: N | AA67: =VLOOKUP(F67,Zones!$A$2:$F$151534,6,FALSE) -> 373 | AB67: =VLOOKUP(L67,Zones!$A$2:$F$151477,6,FALSE) -> 403
B68: 0.59375 | C68: UAJ 114D | D68: 4 | E68: 14 | F68: Kaliro | G68: Kaliro | H68: Uga | I68: 6 | J68: 2 | K68: =VLOOKUP(J68,Key!$E$2:$F$9,2,FALSE) -> Work | L68: Iganga | M68: Iganga | N68: Uga | O68: 6 | P68: 2 | Q68: =VLOOKUP(P68,Key!$E$2:$F$9,2,FALSE) -> Work | R68: =K68&"-"&Q68 -> Work-Work | S68: 32 | T68: 1 | U68: 1 | Y68: Y | AA68: =VLOOKUP(F68,Zones!$A$2:$F$151534,6,FALSE) -> 498 | AB68: =VLOOKUP(L68,Zones!$A$2:$F$151477,6,FALSE) -> 365
B69: 0.45763889 | C69: UDG 017K | D69: 2 | E69: 4 | F69: Kaliro | G69: Kaliro | H69: Uga | I69: 1 | J69: 1 | K69: =VLOOKUP(J69,Key!$E$2:$F$9,2,FALSE) -> Home | L69: Iganga | M69: Iganga | N69: Uga | O69: 5 | P69: 7 | Q69: =VLOOKUP(P69,Key!$E$2:$F$9,2,FALSE) -> Hospital | R69: =K69&"-"&Q69 -> Home-Hospital | S69: 32 | T69: 1 | U69: 6 | Y69: Y | AA69: =VLOOKUP(F69,Zones!$A$2:$F$151534,6,FALSE) -> 498 | AB69: =VLOOKUP(L69,Zones!$A$2:$F$151477,6,FALSE) -> 365
B70: 0.45486111 | C70: UBE 157B | D70: 1 | E70: 1 | F70: Kaliro | G70: Kaliro | H70: Uga | I70: 1 | J70: 1 | K70: =VLOOKUP(J70,Key!$E$2:$F$9,2,FALSE) -> Home | L70: Iganga | M70: Iganga | N70: Uga | O70: 16 | P70: 8 | Q70: =VLOOKUP(P70,Key!$E$2:$F$9,2,FALSE) -> Others | R70: =K70&"-"&Q70 -> Home-Others | S70: 32 | T70: 1 | U70: 4 | Y70: Y | AA70: =VLOOKUP(F70,Zones!$A$2:$F$151534,6,FALSE) -> 498 | AB70: =VLOOKUP(L70,Zones!$A$2:$F$151477,6,FALSE) -> 365
B71: 0.37430556 | C71: UAU 413G | D71: 1 | E71: 4 | F71: Kirama | G71: Kaliro | H71: Uga | I71: 1 | J71: 1 | K71: =VLOOKUP(J71,Key!$E$2:$F$9,2,FALSE) -> Home | L71: Mayuge | M71: Mayuge | N71: Uga | O71: 1 | P71: 1 | Q71: =VLOOKUP(P71,Key!$E$2:$F$9,2,FALSE) -> Home | R71: =K71&"-"&Q71 -> Home-Home | T71: 1 | U71: 5 | Y71: Y | AA71: =VLOOKUP(F71,Zones!$A$2:$F$151534,6,FALSE) -> 496 | AB71: =VLOOKUP(L71,Zones!$A$2:$F$151477,6,FALSE) -> 956
B72: 0.37152778 | C72: UEW 992D | D72: 11 | E72: 2 | F72: Nasuti | G72: Kaliro | H72: Uga | I72: 1 | J72: 1 | K72: =VLOOKUP(J72,Key!$E$2:$F$9,2,FALSE) -> Home | L72: Iganga | M72: Iganga | N72: Uga | O72: 2 | P72: 2 | Q72: =VLOOKUP(P72,Key!$E$2:$F$9,2,FALSE) -> Work | R72: =K72&"-"&Q72 -> Home-Work | S72: 16 | T72: 0.5 | U72: 2 | Y72: Y | AA72: =VLOOKUP(F72,Zones!$A$2:$F$151534,6,FALSE) -> 372 | AB72: =VLOOKUP(L72,Zones!$A$2:$F$151477,6,FALSE) -> 365
B73: 0.60347222 | C73: UAR 406K | D73: 2 | E73: 4 | F73: Buhuka | G73: Hoima | H73: Uga | I73: 1 | J73: 1 | K73: =VLOOKUP(J73,Key!$E$2:$F$9,2,FALSE) -> Home | L73: Jinja | M73: Jinja | N73: Uga | O73: 2 | P73: 2 | Q73: =VLOOKUP(P73,Key!$E$2:$F$9,2,FALSE) -> Work | R73: =K73&"-"&Q73 -> Home-Work | S73: 36 | T73: 2 | U73: 2 | Y73: Y | AA73: =VLOOKUP(F73,Zones!$A$2:$F$151534,6,FALSE) -> 348 | AB73: =VLOOKUP(L73,Zones!$A$2:$F$151477,6,FALSE) -> 403
B74: 0.61805556 | C74: UEX 117N | D74: 11 | E74: 3 | F74: Namungalwe | G74: Iganga | H74: Uga | I74: 8 | J74: 2 | K74: =VLOOKUP(J74,Key!$E$2:$F$9,2,FALSE) -> Work | L74: Iganga | M74: Iganga | N74: Uga | O74: 2 | P74: 2 | Q74: =VLOOKUP(P74,Key!$E$2:$F$9,2,FALSE) -> Work | R74: =K74&"-"&Q74 -> Work-Work | T74: 0.2 | U74: 2 | Y74: Y | AA74: =VLOOKUP(F74,Zones!$A$2:$F$151534,6,FALSE) -> 373 | AB74: =VLOOKUP(L74,Zones!$A$2:$F$151477,6,FALSE) -> 365
B75: 0.7125 | C75: UAM 808V | D75: 8 | E75: 2 | F75: Gadumire | G75: Iganga | H75: Uga | I75: 9 | J75: 2 | K75: =VLOOKUP(J75,Key!$E$2:$F$9,2,FALSE) -> Work | L75: Iganga | M75: Iganga | N75: Uga | O75: 3 | P75: 2 | Q75: =VLOOKUP(P75,Key!$E$2:$F$9,2,FALSE) -> Work | R75: =K75&"-"&Q75 -> Work-Work | T75: 0.5 | Y75: Y | AA75: =VLOOKUP(F75,Zones!$A$2:$F$151534,6,FALSE) -> 497 | AB75: =VLOOKUP(L75,Zones!$A$2:$F$151477,6,FALSE) -> 365
B76: 0.72222222 | C76: UBE 131B | D76: 2 | E76: 1 | F76: Kaliro | G76: Kaliro | H76: Uga | I76: 1 | J76: 1 | K76: =VLOOKUP(J76,Key!$E$2:$F$9,2,FALSE) -> Home | L76: Iganga | M76: Iganga | N76: Uga | O76: 4 | P76: 3 | Q76: =VLOOKUP(P76,Key!$E$2:$F$9,2,FALSE) -> Study | R76: =K76&"-"&Q76 -> Home-Study | S76: 30 | T76: 1 | U76: 2 | Y76: Y | AA76: =VLOOKUP(F76,Zones!$A$2:$F$151534,6,FALSE) -> 498 | AB76: =VLOOKUP(L76,Zones!$A$2:$F$151477,6,FALSE) -> 365
B77: 0.70138889 | C77: UAW 103W | D77: 4 | E77: 14 | F77: Kaliro | G77: Kaliro | H77: Uga | I77: 6 | J77: 2 | K77: =VLOOKUP(J77,Key!$E$2:$F$9,2,FALSE) -> Work | L77: Iganga | M77: Iganga | N77: Uga | O77: 6 | P77: 2 | Q77: =VLOOKUP(P77,Key!$E$2:$F$9,2,FALSE) -> Work | R77: =K77&"-"&Q77 -> Work-Work | S77: 32 | T77: 1.5 | U77: 2 | Y77: Y | AA77: =VLOOKUP(F77,Zones!$A$2:$F$151534,6,FALSE) -> 498 | AB77: =VLOOKUP(L77,Zones!$A$2:$F$151477,6,FALSE) -> 365
B78: 0.69097222 | C78: UAP 080Y | D78: 11 | E78: 3 | F78: Kigulu | G78: Iganga | H78: Uga | I78: 8 | J78: 2 | K78: =VLOOKUP(J78,Key!$E$2:$F$9,2,FALSE) -> Work | L78: Iganga | M78: Iganga | N78: Uga | O78: 2 | P78: 2 | Q78: =VLOOKUP(P78,Key!$E$2:$F$9,2,FALSE) -> Work | R78: =K78&"-"&Q78 -> Work-Work | T78: 0.3 | U78: 2 | Y78: Y | AA78: =VLOOKUP(F78,Zones!$A$2:$F$151534,6,FALSE) -> 369 | AB78: =VLOOKUP(L78,Zones!$A$2:$F$151477,6,FALSE) -> 365
B79: 0.67361111 | C79: UAL 234P | D79: 5 | E79: 32 | F79: Kaliro | G79: Kaliro | H79: Uga | I79: 6 | J79: 2 | K79: =VLOOKUP(J79,Key!$E$2:$F$9,2,FALSE) -> Work | L79: Kampala | M79: Kampala | N79: Uga | O79: 6 | P79: 2 | Q79: =VLOOKUP(P79,Key!$E$2:$F$9,2,FALSE) -> Work | R79: =K79&"-"&Q79 -> Work-Work | S79: 135 | T79: 4 | U79: 2 | Y79: Y | AA79: =VLOOKUP(F79,Zones!$A$2:$F$151534,6,FALSE) -> 498 | AB79: =VLOOKUP(L79,Zones!$A$2:$F$151477,6,FALSE) -> 521
B80: 0.68055556 | C80: UAQ 118C | D80: 2 | E80: 5 | F80: Buhuka | G80: Kaliro | H80: Uga | I80: 1 | J80: 1 | K80: =VLOOKUP(J80,Key!$E$2:$F$9,2,FALSE) -> Home | L80: Iganga | M80: Iganga | N80: Uga | O80: 1 | P80: 1 | Q80: =VLOOKUP(P80,Key!$E$2:$F$9,2,FALSE) -> Home | R80: =K80&"-"&Q80 -> Home-Home | T80: 0.5 | U80: 6 | Y80: Y | AA80: =VLOOKUP(F80,Zones!$A$2:$F$151534,6,FALSE) -> 348 | AB80: =VLOOKUP(L80,Zones!$A$2:$F$151477,6,FALSE) -> 365
B81: 0.43125 | C81: UBD 179R | D81: 4 | E81: 14 | F81: Kaliro | G81: Kaliro | H81: Uga | I81: 1 | J81: 1 | K81: =VLOOKUP(J81,Key!$E$2:$F$9,2,FALSE) -> Home | L81: Jinja | M81: Jinja | N81: Uga | O81: 16 | P81: 8 | Q81: =VLOOKUP(P81,Key!$E$2:$F$9,2,FALSE) -> Others | R81: =K81&"-"&Q81 -> Home-Others | S81: 78 | T81: 1.5 | U81: 2 | Y81: N | AA81: =VLOOKUP(F81,Zones!$A$2:$F$151534,6,FALSE) -> 498 | AB81: =VLOOKUP(L81,Zones!$A$2:$F$151477,6,FALSE) -> 403
B82: 0.38958333 | C82: UEF 225L | D82: 11 | E82: 3 | F82: Kigulu | G82: Iganga | H82: Uga | I82: 2 | J82: 2 | K82: =VLOOKUP(J82,Key!$E$2:$F$9,2,FALSE) -> Work | L82: Iganga | M82: Iganga | N82: Uga | O82: 2 | P82: 2 | Q82: =VLOOKUP(P82,Key!$E$2:$F$9,2,FALSE) -> Work | R82: =K82&"-"&Q82 -> Work-Work | T82: 0.3 | U82: 2 | Y82: Y | AA82: =VLOOKUP(F82,Zones!$A$2:$F$151534,6,FALSE) -> 369 | AB82: =VLOOKUP(L82,Zones!$A$2:$F$151477,6,FALSE) -> 365
B83: 0.39930556 | C83: UAA 029B | D83: 1 | E83: 6 | F83: Kaliro | G83: Kaliro | H83: Uga | I83: 2 | J83: 2 | K83: =VLOOKUP(J83,Key!$E$2:$F$9,2,FALSE) -> Work | L83: Iganga | M83: Iganga | N83: Uga | O83: 2 | P83: 2 | Q83: =VLOOKUP(P83,Key!$E$2:$F$9,2,FALSE) -> Work | R83: =K83&"-"&Q83 -> Work-Work | S83: 34 | T83: 1 | U83: 2 | Y83: Y | AA83: =VLOOKUP(F83,Zones!$A$2:$F$151534,6,FALSE) -> 498 | AB83: =VLOOKUP(L83,Zones!$A$2:$F$151477,6,FALSE) -> 365
B84: 0.74930556 | C84: UBD 655C | D84: 1 | E84: 2 | F84: Kaliro | G84: Kaliro | H84: Uga | I84: 2 | J84: 2 | K84: =VLOOKUP(J84,Key!$E$2:$F$9,2,FALSE) -> Work | L84: Iganga | M84: Iganga | N84: Uga | O84: 1 | P84: 1 | Q84: =VLOOKUP(P84,Key!$E$2:$F$9,2,FALSE) -> Home | R84: =K84&"-"&Q84 -> Work-Home | S84: 32 | T84: 1 | U84: 2 | Y84: Y | AA84: =VLOOKUP(F84,Zones!$A$2:$F$151534,6,FALSE) -> 498 | AB84: =VLOOKUP(L84,Zones!$A$2:$F$151477,6,FALSE) -> 365
B85: 0.74861111 | C85: UAF 220Q | D85: 11 | E85: 3 | F85: Buwolomera | G85: Iganga | H85: Uga | I85: 8 | J85: 2 | K85: =VLOOKUP(J85,Key!$E$2:$F$9,2,FALSE) -> Work | L85: Iganga | M85: Iganga | N85: Uga | O85: 2 | P85: 2 | Q85: =VLOOKUP(P85,Key!$E$2:$F$9,2,FALSE) -> Work | R85: =K85&"-"&Q85 -> Work-Work | S85: 34 | T85: 0.5 | Y85: Y | AA85: =VLOOKUP(F85,Zones!$A$2:$F$151534,6,FALSE) -> 594 | AB85: =VLOOKUP(L85,Zones!$A$2:$F$151477,6,FALSE) -> 365
B86: 0.39930556 | C86: UBF 963M | D86: 1 | E86: 4 | F86: Namugala | G86: Iganga | H86: Uga | I86: 1 | J86: 1 | K86: =VLOOKUP(J86,Key!$E$2:$F$9,2,FALSE) -> Home | L86: Iganga | M86: Iganga | N86: Uga | O86: 5 | P86: 7 | Q86: =VLOOKUP(P86,Key!$E$2:$F$9,2,FALSE) -> Hospital | R86: =K86&"-"&Q86 -> Home-Hospital | S86: 7 | T86: 0.2 | U86: 1 | Y86: Y | AA86: =VLOOKUP(F86,Zones!$A$2:$F$151534,6,FALSE) -> 368 | AB86: =VLOOKUP(L86,Zones!$A$2:$F$151477,6,FALSE) -> 365
B87: 0.39722222 | C87: UAK 727X | D87: 4 | E87: 14 | F87: Kaliro | G87: Kaliro | H87: Uga | I87: 1 | J87: 1 | K87: =VLOOKUP(J87,Key!$E$2:$F$9,2,FALSE) -> Home | L87: Iganga | M87: Iganga | N87: Uga | O87: 6 | P87: 2 | Q87: =VLOOKUP(P87,Key!$E$2:$F$9,2,FALSE) -> Work | R87: =K87&"-"&Q87 -> Home-Work | S87: 32 | T87: 0.5 | U87: 2 | Y87: Y | AA87: =VLOOKUP(F87,Zones!$A$2:$F$151534,6,FALSE) -> 498 | AB87: =VLOOKUP(L87,Zones!$A$2:$F$151477,6,FALSE) -> 365
B88: 0.63541667 | C88: UAL 676U | D88: 1 | E88: 5 | F88: Buwolomera | G88: Iganga | H88: Uga | I88: 16 | J88: 8 | K88: =VLOOKUP(J88,Key!$E$2:$F$9,2,FALSE) -> Others | L88: Iganga | M88: Iganga | N88: Uga | O88: 2 | P88: 2 | Q88: =VLOOKUP(P88,Key!$E$2:$F$9,2,FALSE) -> Work | R88: =K88&"-"&Q88 -> Others-Work | S88: 34 | T88: 2 | U88: 6 | Y88: Y | AA88: =VLOOKUP(F88,Zones!$A$2:$F$151534,6,FALSE) -> 594 | AB88: =VLOOKUP(L88,Zones!$A$2:$F$151477,6,FALSE) -> 365
B89: 0.62847222 | C89: UAJ 214P | D89: 8 | E89: 2 | F89: Kawete | G89: Kaliro | H89: Uga | I89: 9 | J89: 2 | K89: =VLOOKUP(J89,Key!$E$2:$F$9,2,FALSE) -> Work | L89: Kakira | M89: Jinja | N89: Uga | O89: 3 | P89: 2 | Q89: =VLOOKUP(P89,Key!$E$2:$F$9,2,FALSE) -> Work | R89: =K89&"-"&Q89 -> Work-Work | T89: 1.5 | U89: 4 | Y89: Y | AA89: =VLOOKUP(F89,Zones!$A$2:$F$151534,6,FALSE) -> 373 | AB89: =VLOOKUP(L89,Zones!$A$2:$F$151477,6,FALSE) -> 404
B90: 0.86458333 | C90: UAU 950H | D90: 1 | E90: 1 | F90: Namugala | G90: Iganga | H90: Uga | I90: 1 | J90: 1 | K90: =VLOOKUP(J90,Key!$E$2:$F$9,2,FALSE) -> Home | L90: Iganga | M90: Iganga | N90: Uga | O90: 2 | P90: 2 | Q90: =VLOOKUP(P90,Key!$E$2:$F$9,2,FALSE) -> Work | R90: =K90&"-"&Q90 -> Home-Work | T90: 0.2 | Y90: Y | AA90: =VLOOKUP(F90,Zones!$A$2:$F$151534,6,FALSE) -> 368 | AB90: =VLOOKUP(L90,Zones!$A$2:$F$151477,6,FALSE) -> 365
B91: 0.86666667 | C91: UAJ 178Z | D91: 5 | E91: 14 | F91: Pallisa | G91: Pallisa | H91: Uga | I91: 6 | J91: 2 | K91: =VLOOKUP(J91,Key!$E$2:$F$9,2,FALSE) -> Work | L91: Kampala | M91: Kampala | N91: Uga | O91: 2 | P91: 2 | Q91: =VLOOKUP(P91,Key!$E$2:$F$9,2,FALSE) -> Work | R91: =K91&"-"&Q91 -> Work-Work | S91: 140 | T91: 4 | U91: 2 | Y91: Y | AA91: =VLOOKUP(F91,Zones!$A$2:$F$151534,6,FALSE) -> 1252 | AB91: =VLOOKUP(L91,Zones!$A$2:$F$151477,6,FALSE) -> 521
B92: 0.875 | C92: UAV 280V | D92: 3 | E92: 2 | F92: Nasuti | G92: Iganga | H92: Uga | I92: 1 | J92: 1 | K92: =VLOOKUP(J92,Key!$E$2:$F$9,2,FALSE) -> Home | L92: Iganga | M92: Iganga | N92: Uga | O92: 2 | P92: 2 | Q92: =VLOOKUP(P92,Key!$E$2:$F$9,2,FALSE) -> Work | R92: =K92&"-"&Q92 -> Home-Work | S92: 15 | T92: 0.3 | U92: 1 | Y92: Y | AA92: =VLOOKUP(F92,Zones!$A$2:$F$151534,6,FALSE) -> 372 | AB92: =VLOOKUP(L92,Zones!$A$2:$F$151477,6,FALSE) -> 365
B93: 0.90277778 | C93: UAF 866H | D93: 5 | E93: 29 | F93: Kaliro | G93: Kaliro | H93: Uga | I93: 6 | J93: 4 | K93: =VLOOKUP(J93,Key!$E$2:$F$9,2,FALSE) -> Commercial | L93: Iganga | M93: Iganga | N93: Uga | O93: 6 | P93: 4 | Q93: =VLOOKUP(P93,Key!$E$2:$F$9,2,FALSE) -> Commercial | R93: =K93&"-"&Q93 -> Commercial-Commercial | S93: 30 | T93: 1.5 | U93: 2 | Y93: Y | AA93: =VLOOKUP(F93,Zones!$A$2:$F$151534,6,FALSE) -> 498 | AB93: =VLOOKUP(L93,Zones!$A$2:$F$151477,6,FALSE) -> 365
B94: 0.96458333 | C94: UAQ 870S | D94: 1 | E94: 4 | F94: Kawete | G94: Kaliro | H94: Uga | I94: 1 | J94: 1 | K94: =VLOOKUP(J94,Key!$E$2:$F$9,2,FALSE) -> Home | L94: Jinja | M94: Jinja | N94: Uga | O94: 1 | P94: 1 | Q94: =VLOOKUP(P94,Key!$E$2:$F$9,2,FALSE) -> Home | R94: =K94&"-"&Q94 -> Home-Home | S94: 20 | T94: 1 | U94: 5 | Y94: Y | AA94: =VLOOKUP(F94,Zones!$A$2:$F$151534,6,FALSE) -> 373 | AB94: =VLOOKUP(L94,Zones!$A$2:$F$151477,6,FALSE) -> 403
B95: 0.46180556 | C95: UAQ 275Z | D95: 4 | E95: 14 | F95: Kaliro | G95: Kaliro | H95: Uga | I95: 1 | J95: 1 | K95: =VLOOKUP(J95,Key!$E$2:$F$9,2,FALSE) -> Home | L95: Jinja | M95: Jinja | N95: Uga | O95: 16 | P95: 2 | Q95: =VLOOKUP(P95,Key!$E$2:$F$9,2,FALSE) -> Work | R95: =K95&"-"&Q95 -> Home-Work | T95: 1.5 | U95: 2 | Y95: N | AA95: =VLOOKUP(F95,Zones!$A$2:$F$151534,6,FALSE) -> 498 | AB95: =VLOOKUP(L95,Zones!$A$2:$F$151477,6,FALSE) -> 403
B96: 0.66666667 | C96: UAN 146J | D96: 7 | E96: 2 | F96: Kaliro | G96: Kaliro | H96: Uga | I96: 2 | J96: 2 | K96: =VLOOKUP(J96,Key!$E$2:$F$9,2,FALSE) -> Work | L96: Jinja | M96: Jinja | N96: Uga | O96: 2 | P96: 2 | Q96: =VLOOKUP(P96,Key!$E$2:$F$9,2,FALSE) -> Work | R96: =K96&"-"&Q96 -> Work-Work | S96: 36 | T96: 2 | U96: 4 | V96: 1 | W96: 12 | Y96: Y | AA96: =VLOOKUP(F96,Zones!$A$2:$F$151534,6,FALSE) -> 498 | AB96: =VLOOKUP(L96,Zones!$A$2:$F$151477,6,FALSE) -> 403
B97: 0.65833333 | C97: UAB 512B | D97: 3 | E97: 1 | F97: Kaliro | G97: Kaliro | H97: Uga | I97: 1 | J97: 1 | K97: =VLOOKUP(J97,Key!$E$2:$F$9,2,FALSE) -> Home | L97: Iganga | M97: Iganga | N97: Uga | O97: 2 | P97: 2 | Q97: =VLOOKUP(P97,Key!$E$2:$F$9,2,FALSE) -> Work | R97: =K97&"-"&Q97 -> Home-Work | S97: 32 | T97: 1 | U97: 2 | Y97: Y | AA97: =VLOOKUP(F97,Zones!$A$2:$F$151534,6,FALSE) -> 498 | AB97: =VLOOKUP(L97,Zones!$A$2:$F$151477,6,FALSE) -> 365
B98: 0.47569444 | C98: UAP 108T | D98: 2 | E98: 5 | F98: Nawanyingi | G98: Iganga | H98: Uga | I98: 9 | J98: 4 | K98: =VLOOKUP(J98,Key!$E$2:$F$9,2,FALSE) -> Commercial | L98: Ntinda | M98: Iganga | N98: Uga | O98: 1 | P98: 1 | Q98: =VLOOKUP(P98,Key!$E$2:$F$9,2,FALSE) -> Home | R98: =K98&"-"&Q98 -> Commercial-Home | S98: 12 | T98: 0.3 | U98: 5 | Y98: N | AA98: =VLOOKUP(F98,Zones!$A$2:$F$151534,6,FALSE) -> 375 | AB98: =VLOOKUP(L98,Zones!$A$2:$F$151477,6,FALSE) -> 577
B99: 0.024305556 | C99: UAY 884Q | D99: 7 | E99: 2 | F99: Gadumire | G99: Kaliro | H99: Uga | I99: 2 | J99: 2 | K99: =VLOOKUP(J99,Key!$E$2:$F$9,2,FALSE) -> Work | L99: Kampala | M99: Iganga | N99: Uga | O99: 1 | P99: 1 | Q99: =VLOOKUP(P99,Key!$E$2:$F$9,2,FALSE) -> Home | R99: =K99&"-"&Q99 -> Work-Home | S99: 118 | T99: 4 | U99: 6 | V99: 8 | W99: 10 | Y99: Y | AA99: =VLOOKUP(F99,Zones!$A$2:$F$151534,6,FALSE) -> 497 | AB99: =VLOOKUP(L99,Zones!$A$2:$F$151477,6,FALSE) -> 521
B100: 0.46944444 | C100: UBD 931T | D100: 7 | E100: 2 | F100: Kigulu | G100: Iganga | H100: Uga | I100: 9 | J100: 1 | K100: =VLOOKUP(J100,Key!$E$2:$F$9,2,FALSE) -> Home | L100: Iganga | M100: Iganga | N100: Uga | O100: 1 | P100: 1 | Q100: =VLOOKUP(P100,Key!$E$2:$F$9,2,FALSE) -> Home | R100: =K100&"-"&Q100 -> Home-Home | T100: 0.8 | U100: 5 | Y100: Y | AA100: =VLOOKUP(F100,Zones!$A$2:$F$151534,6,FALSE) -> 369 | AB100: =VLOOKUP(L100,Zones!$A$2:$F$151477,6,FALSE) -> 365
B101: 0.46875 | C101: UAT 175G | D101: 1 | E101: 3 | F101: Kabira | G101: Iganga | H101: Uga | I101: 1 | J101: 1 | K101: =VLOOKUP(J101,Key!$E$2:$F$9,2,FALSE) -> Home | L101: Iganga | M101: Iganga | N101: Uga | O101: 1 | P101: 1 | Q101: =VLOOKUP(P101,Key!$E$2:$F$9,2,FALSE) -> Home | R101: =K101&"-"&Q101 -> Home-Home | T101: 1 | U101: 6 | Y101: Y | AA101: =VLOOKUP(F101,Zones!$A$2:$F$151534,6,FALSE) -> 845 | AB101: =VLOOKUP(L101,Zones!$A$2:$F$151477,6,FALSE) -> 365
B102: 0.41666667 | C102: UAH 128G | D102: 2 | E102: 2 | F102: Bunyiro | G102: Iganga | H102: Uga | I102: 2 | J102: 2 | K102: =VLOOKUP(J102,Key!$E$2:$F$9,2,FALSE) -> Work | L102: Iganga | M102: Iganga | N102: Uga | O102: 2 | P102: 2 | Q102: =VLOOKUP(P102,Key!$E$2:$F$9,2,FALSE) -> Work | R102: =K102&"-"&Q102 -> Work-Work | T102: 0.5 | U102: 6 | Y102: Y | AA102: =VLOOKUP(F102,Zones!$A$2:$F$151534,6,FALSE) -> 369 | AB102: =VLOOKUP(L102,Zones!$A$2:$F$151477,6,FALSE) -> 365
...

Sheet Zones
A1: ZONE NAME | B1: DISTRICT | C1: COUNTY | D1: SUBCOUNTY | E1: Parish | F1: ZONE No.
A2: Abim | B2: Abim | C2: Labwor | D2: =A2 -> Abim | F2: 1
A3: Abim Town Council | B3: Abim | C3: Labwor | D3: =A3 -> Abim Town Council | F3: 2
A4: Alerek | B4: Abim | C4: Labwor | D4: =A4 -> Alerek | F4: 3
A5: Lotukei | B5: Abim | C5: Labwor | D5: =A5 -> Lotukei | F5: 4
A6: Morulem | B6: Abim | C6: Labwor | D6: =A6 -> Morulem | F6: 5
A7: Nyakwae | B7: Abim | C7: Labwor | D7: =A7 -> Nyakwae | F7: 6
A8: Adjumani Town Council | B8: Adjumani | C8: East Moyo | D8: =A8 -> Adjumani Town Council | F8: 7
A9: Adjumani | D9: =A9 -> Adjumani | F9: 7
A10: Adropi | B10: Adjumani | C10: East Moyo | D10: =A10 -> Adropi | F10: 8
A11: Arinyapi | B11: Adjumani | C11: East Moyo | D11: =A11 -> Arinyapi | F11: 9
A12: Ciforo | B12: Adjumani | C12: East Moyo | D12: =A12 -> Ciforo | F12: 10
A13: Dzaipi | B13: Adjumani | C13: East Moyo | D13: =A13 -> Dzaipi | F13: 11
A14: Itirikwa | B14: Adjumani | C14: East Moyo | D14: =A14 -> Itirikwa | F14: 12
A15: Ofua | B15: Adjumani | C15: East Moyo | D15: =A15 -> Ofua | F15: 13
A16: Pacara | B16: Adjumani | C16: East Moyo | D16: =A16 -> Pacara | F16: 14
A17: Pakele | B17: Adjumani | C17: East Moyo | D17: =A17 -> Pakele | F17: 15
A18: Ukusijoni | B18: Adjumani | C18: East Moyo | D18: =A18 -> Ukusijoni | F18: 16
A19: Adilang | B19: Agago | C19: Agago | D19: =A19 -> Adilang | F19: 17
A20: Agago Town Council | B20: Agago | C20: Agago | D20: =A20 -> Agago Town Council | F20: 18
A21: Arum | B21: Agago | C21: Agago | D21: =A21 -> Arum | F21: 19
... A84: Apac Muicipality | B84: Apac | C84: Apac Municipality | D84: =A84 -> Apac Muicipality | F84: 82
A85: Apac | D85: =A85 -> Apac | F85: 82
A86: Chawente | B86: Apac | C86: Kwania | D86: =A86 -> Chawente | F86: 83
A87: Chegere | B87: Apac | C87: Maruzi | D87: =A87 -> Chegere | F87: 84
A88: Ibuje | B88: Apac | C88: Maruzi | D88: =A88 -> Ibuje | F88: 85
A89: Inomo | B89: Apac | C89: Kwania | D89: =A89 -> Inomo | F89: 86
A90: Nambieso | B90: Apac | C90: Kwania | D90: =A90 -> Nambieso | F90: 87
A91: Adumi | B91: Arua | C91: Ayivu | D91: =A91 -> Adumi | F91: 88
A92: Aii-Vu | B92: Arua | C92: Terego | D92: =A92 -> Aii-Vu | F92: 89
A93: Ajia | B93: Arua | C93: Vurra | D93: =A93 -> Ajia | F93: 90
A94: Anyiribu | B94: Arua | C94: Madi Okollo | D94: =A94 -> Anyiribu | F94: 91
A95: Arivu | B95: Arua | C95: Vurra | D95: =A95 -> Arivu | F95: 92
A96: Aroi | B96: Arua | C96: Ayivu | D96: =A96 -> Aroi | F96: 93
A97: Arua Municipality | B97: Arua | C97: Arua Municipality | D97: =A97 -> Arua Municipality | F97: 94
A98: Arua | D98: =A98 -> Arua | F98: 94
A99: Ayivuni | B99: Arua | C99: Ayivu | D99: =A99 -> Ayivuni | F99: 95
A100: Bileafe | B100: Arua | C100: Terego | D100: =A100 -> Bileafe | F100: 96
A101: Dadamu | B101: Arua | C101: Ayivu | D101: =A101 -> Dadamu | F101: 97
A102: Ewanga | B102: Arua | C102: Madi Okollo | D102: =A102 -> Ewanga | F102: 98
A103: Katrini | B103: Arua | C103: Terego | D103: =A103 -> Katrini | F103: 99
A104: Logiri | B104: Arua | C104: Vurra | D104: =A104 -> Logiri | F104: 100
A105: Manibe | B105: Arua | C105: Ayivu | D105: =A105 -> Manibe | F105: 101
A106: Odupi | B106: Arua | C106: Terego | D106: =A106 -> Odupi | F106: 102
A107: Offaka | B107: Arua | C107: Madi Okollo | D107: =A107 -> Offaka | F107: 103
A108: Ogoko | B108: Arua | C108: Madi Okollo | D108: =A108 -> Ogoko | F108: 104
A109: Okollo | B109: Arua | C109: Madi Okollo | D109: =A109 -> Okollo | F109: 105
A110: Oluko | B110: Arua | C110: Ayivu | D110: =A110 -> Oluko | F110: 106
... A149: Bugiri Municipality | B149: Bugiri | C149: Bugiri Municipality | D149: =A149 -> Bugiri Municipality | F149: 145
A150: Bugiri | D150: =A150 -> Bugiri | F150: 145
A151: Bulesa | B151: Bugiri | C151: Bukooli North | D151: =A151 -> Bulesa | F151: 146
A152: Bulidha | B152: Bugiri | C152: Bukooli North | D152: =A152 -> Bulidha | F152: 147
A153: Buluguyi | B153: Bugiri | C153: Bukooli North | D153: =A153 -> Buluguyi | F153: 148
A154: Buwunga-Bugiri | B154: Bugiri | C154: Bukooli North | D154: =A154 -> Buwunga-Bugiri | F154: 149
A155: Busowa | D155: =A155 -> Busowa | F155: 149
A156: Iwemba | B156: Bugiri | C156: Bukooli North | D156: =A156 -> Iwemba | F156: 150
A157: Kapyanga | B157: Bugiri | C157: Bukooli North | D157: =A157 -> Kapyanga | F157: 151
A158: Muterere | B158: Bugiri | C158: Bukooli North | D158: =A158 -> Muterere | F158: 152
A159: Nabukalu | B159: Bugiri | C159: Bukooli North | D159: =A159 -> Nabukalu | F159: 153
A160: Nankoma | B160: Bugiri | C160: Bukooli North | D160: =A160 -> Nankoma | F160: 154
A161: Bihanga-Buhweju | B161: Buhweju | C161: Buhweju | D161: =A161 -> Bihanga-Buhweju | F161: 155
A162: Bitsya | B162: Buhweju | C162: Buhweju | D162: =A162 -> Bitsya | F162: 156
A163: Burere | B163: Buhweju | C163: Buhweju | D163: =A163 -> Burere | F163: 157
A164: Engaju | B164: Buhweju | C164: Buhweju | D164: =A164 -> Engaju | F164: 158
A165: Karungu | B165: Buhweju | C165: Buhweju | D165: =A165 -> Karungu | F165: 159
A166: Nsiika Town Council | B166: Buhweju | C166: Buhweju | D166: =A166 -> Nsiika Town Council | F166: 160
A167: Nyakishana | B167: Buhweju | C167: Buhweju | D167: =A167 -> Nyakishana | F167: 161
... A171: Lugazi Municipality | B171: Buikwe | C171: Lugazi Municipality | D171: =A171 -> Lugazi Municipality | F171: 165
A172: Lugazi | D172: =A172 -> Lugazi | F172: 165
A173: THEMBO LUGAZI | F173: 165
A174: Najja | B174: Buikwe | C174: Buikwe | D174: =A174 -> Najja | F174: 166
A175: Kiyindi | D175: =A175 -> Kiyindi | F175: 166
A176: Ngogwe | B176: Buikwe | C176: Buikwe | D176: =A176 -> Ngogwe | F176: 167
A177: Njeru Municipality | B177: Buikwe | C177: Njeru Municipality | D177: =A177 -> Njeru Municipality | F177: 168
A178: Njeru | D178: =A178 -> Njeru | F178: 168
A179: Mbiko | D179: =A179 -> Mbiko | F179: 168
A180: BUKAYA | F180: 168
A181: Nyenga | D181: =A181 -> Nyenga | F181: 168
A182: Nakibizi | D182: =A182 -> Nakibizi | F182: 168
A183: Nakibizzi | D183: =A183 -> Nakibizzi | F183: 168
A184: Nkokonjeru Town Council | B184: Buikwe | C184: Buikwe | D184: =A184 -> Nkokonjeru Town Council | F184: 169
A185: Ssi-Bukunja | B185: Buikwe | C185: Buikwe | D185: =A185 -> Ssi-Bukunja | F185: 170
A186: Bukedea | B186: Bukedea | C186: Bukedea | D186: =A186 -> Bukedea | F186: 171
A187: Bukedea Town Council | B187: Bukedea | C187: Bukedea | D187: =A187 -> Bukedea Town Council | F187: 172
A188: Kachumbala | B188: Bukedea | C188: Bukedea | D188: =A188 -> Kachumbala | F188: 173
A189: Kidongole | B189: Bukedea | C189: Bukedea | D189: =A189 -> Kidongole | F189: 174
A190: Kolir | B190: Bukedea | C190: Bukedea | D190: =A190 -> Kolir | F190: 175
A191: Malera | B191: Bukedea | C191: Bukedea | D191: =A191 -> Malera | F191: 176
A192: Bigasa | B192: Bukomansimbi | C192: Bukomansimbi | D192: =A192 -> Bigasa | F192: 177
A193: Bukomansimbi Town Council | B193: Bukomansimbi | C193: Bukomansimbi | D193: =A193 -> Bukomansimbi Town Council | F193: 178
A194: BUKOMANSIMBI | F194: 178
A195: Butenga | B195: Bukomansimbi | C195: Bukomansimbi | D195: =A195 -> Butenga | F195: 179
A196: Kibinge | B196: Bukomansimbi | C196: Bukomansimbi | D196: =A196 -> Kibinge | F196: 180
A197: Kitanda | B197: Bukomansimbi | C197: Bukomansimbi | D197: =A197 -> Kitanda | F197: 181
A198: Bukwo | B198: Bukwo | C198: Kongasis | D198: =A198 -> Bukwo | F198: 182
A199: Bukwo Town Council | B199: Bukwo | C199: Kongasis | D199: =A199 -> Bukwo Town Council | F199: 183
A200: Chepkwasta | B200: Bukwo | C200: Kongasis | D200: =A200 -> Chepkwasta | F200: 184
A201: Chesower | B201: Bukwo | C201: Kongasis | D201: =A201 -> Chesower | F201: 185
A202: Kabei | B202: Bukwo | C202: Kongasis | D202: =A202 -> Kabei | F202: 186
A203: Kamet | B203: Bukwo | C203: Kongasis | D203: =A203 -> Kamet | F203: 187
...

Sheet 24.08 Iganga-Kaliro
B1: Consultancy services for Preparation of Expressway Development Master Plan (EDMP) for Uganda
B2: Roadside OD Interview Survey
B4: Date: | C4: 24.08.19 | E4: Road Name: | F4: Iganga-Kaliro Rd | I4: Direction From: | L4: Iganga | N4: Interviewers: | O4: Kirabo Edith | V4: Supervisor: | W4: Felix C. | Y4: Coded By: | Z4: Isaac Akure | AA4: Chkd By: | AB4: Isaac M.
I5: Direction To: | L5: Kaliro
B7: Time | C7: Veh_Reg_No. | D7: Veh_Type | E7: No. Occupants | F7: Origin_Address | I7: Origin_Establish | J7: Origin_Purpose | K7: Origin-Purpose Desc | L7: Destination_Address | O7: Destination_Establish | P7: Destination_Purpose | Q7: Destination_Purpose Desc | R7: Journey_Purpose | S7: Approx_Distance (Km) | T7: Approx_Journey Time (Hrs) | U7: Trip_Frequency | V7: GOODS VEHICLES ONLY | Y7: Would You Use Xpressways? | Z7: Pay How Much? (UGX) | AA7: Origin_Zone | AB7: Dest_Zone
F8: Village or Town | G8: District | H8: Country | L8: Village or Town | M8: District | N8: Country | V8: Goods_Type | W8: Goods_Quantity (Ton) | X8: Goods_Value (UGXm)
B9: 0.43680556 | C9: UBB 204G | D9: 1 | E9: 1 | F9: Entebbe | G9: Wakiso | H9: Uga | I9: 16 | J9: 8 | K9: =VLOOKUP(J9,Key!$E$2:$F$9,2,FALSE) -> Others | L9: Kabira | M9: Iganga | N9: Uga | O9: 1 | P9: 1 | Q9: =VLOOKUP(P9,Key!$E$2:$F$9,2,FALSE) -> Home | R9: =K9&"-"&Q9 -> Others-Home | S9: 27 | T9: 1 | U9: 2 | Y9: Y
B10: 0.43055556 | C10: UAJ 283F | D10: 1 | E10: 2 | F10: Jinja | G10: Jinja | H10: Uga | I10: 1 | J10: 1 | K10: =VLOOKUP(J10,Key!$E$2:$F$9,2,FALSE) -> Home | L10: Kaliro | M10: Iganga | N10: Uga | O10: 3 | P10: 2 | Q10: =VLOOKUP(P10,Key!$E$2:$F$9,2,FALSE) -> Work | R10: =K10&"-"&Q10 -> Home-Work | S10: 1 | T10: 1 | U10: 2 | Y10: Y
B11: 0.020138889 | C11: UAN 195Q | D11: 1 | E11: 4 | F11: Mukono | G11: Mukono | H11: Uga | I11: 1 | J11: 1 | K11: =VLOOKUP(J11,Key!$E$2:$F$9,2,FALSE) -> Home | L11: Kaliro | M11: Iganga | N11: Uga | O11: 10 | P11: 2 | Q11: =VLOOKUP(P11,Key!$E$2:$F$9,2,FALSE) -> Work | R11: =K11&"-"&Q11 -> Home-Work | S11: 5 | T11: 1 | U11: 2 | Y11: Y
B12: 0.48472222 | C12: UBA 865V | D12: 1 | E12: 1 | F12: Kampala | G12: Kampala | H12: Uga | I12: 1 | J12: 1 | K12: =VLOOKUP(J12,Key!$E$2:$F$9,2,FALSE) -> Home | L12: Nabigalo | M12: Iganga | N12: Uga | O12: 16 | P12: 8 | Q12: =VLOOKUP(P12,Key!$E$2:$F$9,2,FALSE) -> Others | R12: =K12&"-"&Q12 -> Home-Others | S12: 160 | T12: 4 | U12: 2 | Y12: Y
B13: 0.47777778 | C13: UAS 126A | D13: 4 | E13: 14 | F13: Iganga | G13: Iganga | H13: Uga | I13: 6 | J13: 2 | K13: =VLOOKUP(J13,Key!$E$2:$F$9,2,FALSE) -> Work | L13: Kaliro | M13: Iganga | N13: Uga | O13: 6 | P13: 2 | Q13: =VLOOKUP(P13,Key!$E$2:$F$9,2,FALSE) -> Work | R13: =K13&"-"&Q13 -> Work-Work | S13: 15 | T13: 2 | U13: 2 | Y13: Y
B14: 0.48055556 | C14: UAW 781F | D14: 3 | E14: 6 | F14: Bugerwe | G14: Iganga | H14: Uga | I14: 1 | J14: 1 | K14: =VLOOKUP(J14,Key!$E$2:$F$9,2,FALSE) -> Home | L14: Namugala | M14: Iganga | N14: Uga | O14: 16 | P14: 2 | Q14: =VLOOKUP(P14,Key!$E$2:$F$9,2,FALSE) -> Work | R14: =K14&"-"&Q14 -> Home-Work | S14: 10 | T14: 0.3 | U14: 2 | Y14: Y
B15: 0.43402778 | C15: UAE 400F | D15: 8 | E15: 1 | F15: Iganga | G15: Iganga | H15: Uga | I15: 1 | J15: 1 | K15: =VLOOKUP(J15,Key!$E$2:$F$9,2,FALSE) -> Home | L15: Namugala | M15: Iganga | N15: Uga | O15: 16 | P15: 8 | Q15: =VLOOKUP(P15,Key!$E$2:$F$9,2,FALSE) -> Others | R15: =K15&"-"&Q15 -> Home-Others | S15: 16 | T15: 0.5 | U15: 2 | Y15: Y
B16: 0.47638889 | C16: UAJ 126D | D16: 8 | E16: 3 | F16: Iganga | G16: Iganga | H16: Uga | I16: 1 | J16: 1 | K16: =VLOOKUP(J16,Key!$E$2:$F$9,2,FALSE) -> Home | L16: Magamaga | M16: Iganga | N16: Uga | O16: 10 | P16: 2 | Q16: =VLOOKUP(P16,Key!$E$2:$F$9,2,FALSE) -> Work | R16: =K16&"-"&Q16 -> Home-Work | T16: 0.5 | U16: 2 | Y16: Y
B17: 0.41319444 | C17: UAY 720N | D17: 3 | E17: 4 | F17: Iganga | G17: Iganga | H17: Uga | I17: 1 | J17: 1 | K17: =VLOOKUP(J17,Key!$E$2:$F$9,2,FALSE) -> Home | L17: Namugala | M17: Iganga | N17: Uga | O17: 16 | P17: 8 | Q17: =VLOOKUP(P17,Key!$E$2:$F$9,2,FALSE) -> Others | R17: =K17&"-"&Q17 -> Home-Others | S17: 10 | T17: 0.5 | U17: 2 | Y17: Y
B18: 0.40833333 | C18: UAX 893Y | D18: 8 | E18: 3 | F18: Iganga | G18: Iganga | H18: Uga | I18: 16 | J18: 8 | K18: =VLOOKUP(J18,Key!$E$2:$F$9,2,FALSE) -> Others | L18: Irinda | M18: Iganga | N18: Uga | O18: 16 | P18: 8 | Q18: =VLOOKUP(P18,Key!$E$2:$F$9,2,FALSE) -> Others | R18: =K18&"-"&Q18 -> Others-Others | S18: 85 | T18: 2 | U18: 2 | Y18: Y
B19: 0.42638889 | C19: UBA 982B | D19: 1 | E19: 4 | F19: Jinja | G19: Jinja | H19: Uga | I19: 1 | J19: 1 | K19: =VLOOKUP(J19,Key!$E$2:$F$9,2,FALSE) -> Home | L19: Kaliro | M19: Iganga | N19: Uga | O19: 4 | P19: 3 | Q19: =VLOOKUP(P19,Key!$E$2:$F$9,2,FALSE) -> Study | R19: =K19&"-"&Q19 -> Home-Study | T19: 0.5 | U19: 2 | Y19: Y
B20: 0.425 | C20: UAK 473X | D20: 5 | E20: 28 | F20: Jinja | G20: Jinja | H20: Uga | I20: 6 | J20: 2 | K20: =VLOOKUP(J20,Key!$E$2:$F$9,2,FALSE) -> Work | L20: Kaliro | M20: Iganga | N20: Uga | O20: 6 | P20: 2 | Q20: =VLOOKUP(P20,Key!$E$2:$F$9,2,FALSE) -> Work | R20: =K20&"-"&Q20 -> Work-Work | S20: 30 | T20: 3 | U20: 6 | Y20: Y
B21: 0.4375 | C21: UAL 681Z | D21: 8 | E21: 3 | F21: Kakira | G21: Iganga | H21: Uga | I21: 3 | J21: 2 | K21: =VLOOKUP(J21,Key!$E$2:$F$9,2,FALSE) -> Work | L21: Kaliro | M21: Iganga | N21: Uga | O21: 16 | P21: 8 | Q21: =VLOOKUP(P21,Key!$E$2:$F$9,2,FALSE) -> Others | R21: =K21&"-"&Q21 -> Work-Others | T21: 0.7 | U21: 4 | Y21: Y
B22: 0.43819444 | C22: UAL 758V | D22: 1 | E22: 2 | F22: Busesa | G22: Bugweri | H22: Uga | I22: 1 | J22: 1 | K22: =VLOOKUP(J22,Key!$E$2:$F$9,2,FALSE) -> Home | L22: Nabitovu | M22: Iganga | N22: Uga | O22: 3 | P22: 2 | Q22: =VLOOKUP(P22,Key!$E$2:$F$9,2,FALSE) -> Work | R22: =K22&"-"&Q22 -> Home-Work | S22: 15 | T22: 0.8 | U22: 2 | Y22: Y
B23: 0.42361111 | C23: UAZ 355H | D23: 8 | E23: 2 | F23: Iganga | G23: Iganga | H23: Uga | I23: 1 | J23: 1 | K23: =VLOOKUP(J23,Key!$E$2:$F$9,2,FALSE) -> Home | L23: Kyanga | M23: Iganga | N23: Uga | O23: 10 | P23: 2 | Q23: =VLOOKUP(P23,Key!$E$2:$F$9,2,FALSE) -> Work | R23: =K23&"-"&Q23 -> Home-Work | T23: 0.5 | U23: 2 | Y23: Y
B24: 0.42777778 | C24: UAK 002F | D24: 1 | E24: 5 | F24: Iganga | G24: Iganga | H24: Uga | I24: 4 | J24: 3 | K24: =VLOOKUP(J24,Key!$E$2:$F$9,2,FALSE) -> Study | L24: Kaliro | M24: Iganga | N24: Uga | O24: 1 | P24: 1 | Q24: =VLOOKUP(P24,Key!$E$2:$F$9,2,FALSE) -> Home | R24: =K24&"-"&Q24 -> Study-Home | T24: 0.5 | U24: 5 | Y24: Y
B25: 0.39097222 | C25: UAV 252E | D25: 4 | E25: 2 | F25: Iganga | G25: Iganga | H25: Uga | I25: 1 | J25: 1 | K25: =VLOOKUP(J25,Key!$E$2:$F$9,2,FALSE) -> Home | L25: Bunyiiro | M25: Iganga | N25: Uga | O25: 6 | P25: 2 | Q25: =VLOOKUP(P25,Key!$E$2:$F$9,2,FALSE) -> Work | R25: =K25&"-"&Q25 -> Home-Work | S25: 5 | T25: 0.1 | U25: 4 | Y25: Y
B26: 0.39166667 | C26: UAQ 598E | D26: 4 | E26: 1 | F26: Iganga | G26: Iganga | H26: Uga | I26: 1 | J26: 1 | K26: =VLOOKUP(J26,Key!$E$2:$F$9,2,FALSE) -> Home | L26: Nawanika | M26: Iganga | N26: Uga | O26: 6 | P26: 2 | Q26: =VLOOKUP(P26,Key!$E$2:$F$9,2,FALSE) -> Work | R26: =K26&"-"&Q26 -> Home-Work | T26: 0.5 | U26: 1 | Y26: Y
B27: 0.38819444 | C27: UAZ 329W | D27: 8 | E27: 3 | F27: Magamaga | G27: Iganga | H27: Uga | I27: 1 | J27: 1 | K27: =VLOOKUP(J27,Key!$E$2:$F$9,2,FALSE) -> Home | L27: Kaliro | M27: Iganga | N27: Uga | O27: 3 | P27: 2 | Q27: =VLOOKUP(P27,Key!$E$2:$F$9,2,FALSE) -> Work | R27: =K27&"-"&Q27 -> Home-Work | T27: 0.8 | U27: 2 | Y27: Y
B28: 0.38541667 | C28: UEN 384H | D28: 11 | E28: 2 | F28: Iganga | G28: Iganga | H28: Uga | I28: 8 | J28: 2 | K28: =VLOOKUP(J28,Key!$E$2:$F$9,2,FALSE) -> Work | L28: Buwolmera | M28: Iganga | N28: Uga | O28: 8 | P28: 2 | Q28: =VLOOKUP(P28,Key!$E$2:$F$9,2,FALSE) -> Work | R28: =K28&"-"&Q28 -> Work-Work | S28: 8 | T28: 0.5 | U28: 2 | Y28: Y
B29: 0.39652778 | C29: UAL 373H | D29: 3 | E29: 5 | F29: Iganga | G29: Iganga | H29: Uga | I29: 1 | J29: 1 | K29: =VLOOKUP(J29,Key!$E$2:$F$9,2,FALSE) -> Home | L29: Bunyiiro | M29: Iganga | N29: Uga | O29: 10 | P29: 2 | Q29: =VLOOKUP(P29,Key!$E$2:$F$9,2,FALSE) -> Work | R29: =K29&"-"&Q29 -> Home-Work | S29: 3 | T29: 0.5 | U29: 2 | Y29: Y
B30: 0.39444444 | C30: UAZ 293J | D30: 5 | E30: 30 | F30: Kayunga | G30: Kayunga | H30: Uga | I30: 6 | J30: 2 | K30: =VLOOKUP(J30,Key!$E$2:$F$9,2,FALSE) -> Work | L30: Kilama | M30: Kaliro | N30: Uga | O30: 6 | P30: 2 | Q30: =VLOOKUP(P30,Key!$E$2:$F$9,2,FALSE) -> Work | R30: =K30&"-"&Q30 -> Work-Work | T30: 1 | U30: 4 | Y30: Y | Z30: 20000
B31: 0.36458333 | C31: UBA 419Q | D31: 8 | E31: 3 | F31: Iganga | G31: Iganga | H31: Uga | I31: 1 | J31: 1 | K31: =VLOOKUP(J31,Key!$E$2:$F$9,2,FALSE) -> Home | L31: Mamumagala | M31: Iganga | N31: Uga | O31: 10 | P31: 2 | Q31: =VLOOKUP(P31,Key!$E$2:$F$9,2,FALSE) -> Work | R31: =K31&"-"&Q31 -> Home-Work | S31: 6 | T31: 0.4 | U31: 4 | Y31: Y
B32: 0.35972222 | C32: UBC 278D | D32: 4 | E32: 14 | F32: Jinja | G32: Jinja | H32: Uga | I32: 6 | J32: 2 | K32: =VLOOKUP(J32,Key!$E$2:$F$9,2,FALSE) -> Work | L32: Kilama | M32: Iganga | N32: Uga | O32: 6 | P32: 2 | Q32: =VLOOKUP(P32,Key!$E$2:$F$9,2,FALSE) -> Work | R32: =K32&"-"&Q32 -> Work-Work | T32: 1 | U32: 4 | Y32: Y | Z32: 1000
B33: 0.70625 | C33: UAW 666X | D33: 1 | E33: 2 | F33: Iganga | G33: Iganga | H33: Uga | I33: 2 | J33: 2 | K33: =VLOOKUP(J33,Key!$E$2:$F$9,2,FALSE) -> Work | L33: Bunyiiro | M33: Iganga | N33: Uga | O33: 1 | P33: 1 | Q33: =VLOOKUP(P33,Key!$E$2:$F$9,2,FALSE) -> Home | R33: =K33&"-"&Q33 -> Work-Home | S33: 2 | T33: 0.5 | U33: 2 | Y33: Y
B34: 0.71666667 | C34: UBC 299T | D34: 1 | E34: 4 | F34: Iganga | G34: Iganga | H34: Uga | I34: 14 | J34: 8 | K34: =VLOOKUP(J34,Key!$E$2:$F$9,2,FALSE) -> Others | L34: Kaliro | M34: Iganga | N34: Uga | O34: 1 | P34: 1 | Q34: =VLOOKUP(P34,Key!$E$2:$F$9,2,FALSE) -> Home | R34: =K34&"-"&Q34 -> Others-Home | S34: 15 | T34: 0.8 | U34: 2 | Y34: Y
B35: 0.72361111 | C35: UAE 723H | D35: 2 | E35: 3 | F35: Iganga | G35: Iganga | H35: Uga | I35: 16 | J35: 8 | K35: =VLOOKUP(J35,Key!$E$2:$F$9,2,FALSE) -> Others | L35: Bunyiiro | M35: Iganga | N35: Uga | O35: 1 | P35: 1 | Q35: =VLOOKUP(P35,Key!$E$2:$F$9,2,FALSE) -> Home | R35: =K35&"-"&Q35 -> Others-Home | S35: 15 | T35: 2 | U35: 2 | Y35: Y
B36: 0.73263889 | C36: UAV 662X | D36: 7 | E36: 4 | F36: Bugiri | G36: Bugiri | H36: Uga | I36: 10 | J36: 2 | K36: =VLOOKUP(J36,Key!$E$2:$F$9,2,FALSE) -> Work | L36: Bunyiiro | M36: Iganga | N36: Uga | O36: 1 | P36: 1 | Q36: =VLOOKUP(P36,Key!$E$2:$F$9,2,FALSE) -> Home | R36: =K36&"-"&Q36 -> Work-Home | S36: 20 | T36: 2 | U36: 4 | Y36: Y
B37: 0.74166667 | C37: UBD 600D | D37: 4 | E37: 14 | F37: Iganga | G37: Iganga | H37: Uga | I37: 6 | J37: 2 | K37: =VLOOKUP(J37,Key!$E$2:$F$9,2,FALSE) -> Work | L37: Bunyiiro | M37: Iganga | N37: Uga | O37: 6 | P37: 2 | Q37: =VLOOKUP(P37,Key!$E$2:$F$9,2,FALSE) -> Work | R37: =K37&"-"&Q37 -> Work-Work | S37: 27 | T37: 1.5 | U37: 2 | Y37: Y
B38: 0.46597222 | C38: UAY 781C | D38: 1 | E38: 4 | F38: Entebbe | G38: Kampala | H38: Uga | I38: 1 | J38: 1 | K38: =VLOOKUP(J38,Key!$E$2:$F$9,2,FALSE) -> Home | L38: Nabigalo | M38: Iganga | N38: Uga | O38: 16 | P38: 8 | Q38: =VLOOKUP(P38,Key!$E$2:$F$9,2,FALSE) -> Others | R38: =K38&"-"&Q38 -> Home-Others | S38: 160 | T38: 2 | U38: 6 | Y38: Y
B39: 0.47430556 | C39: UAJ 344A | D39: 2 | E39: 4 | F39: Iganga | G39: Iganga | H39: Uga | I39: 2 | J39: 2 | K39: =VLOOKUP(J39,Key!$E$2:$F$9,2,FALSE) -> Work | L39: Kaliro | M39: Iganga | N39: Uga | O39: 1 | P39: 1 | Q39: =VLOOKUP(P39,Key!$E$2:$F$9,2,FALSE) -> Home | R39: =K39&"-"&Q39 -> Work-Home | T39: 0.4 | U39: 2 | Y39: N
B40: 0.41458333 | C40: UBA 707P | D40: 2 | E40: 6 | F40: Mbalala | G40: Mukono | H40: Uga | I40: 1 | J40: 1 | K40: =VLOOKUP(J40,Key!$E$2:$F$9,2,FALSE) -> Home | L40: Kilama | M40: Iganga | N40: Uga | O40: 16 | P40: 8 | Q40: =VLOOKUP(P40,Key!$E$2:$F$9,2,FALSE) -> Others | R40: =K40&"-"&Q40 -> Home-Others | S40: 45 | T40: 2 | U40: 6 | Y40: Y | Z40: 2000
B41: 0.41388889 | C41: UBD 162K | D41: 1 | E41: 3 | F41: Iganga | G41: Iganga | H41: Uga | I41: 1 | J41: 1 | K41: =VLOOKUP(J41,Key!$E$2:$F$9,2,FALSE) -> Home | L41: Kigulo | M41: Iganga | N41: Uga | O41: 2 | P41: 2 | Q41: =VLOOKUP(P41,Key!$E$2:$F$9,2,FALSE) -> Work | R41: =K41&"-"&Q41 -> Home-Work | T41: 0.3 | U41: 4 | Y41: Y
B42: 0.38333333 | C42: UDY 560V | D42: 11 | E42: 1 | F42: Iganga | G42: Iganga | H42: Uga | I42: 8 | J42: 2 | K42: =VLOOKUP(J42,Key!$E$2:$F$9,2,FALSE) -> Work | L42: Bunyiiro | M42: Iganga | N42: Uga | O42: 8 | P42: 2 | Q42: =VLOOKUP(P42,Key!$E$2:$F$9,2,FALSE) -> Work | R42: =K42&"-"&Q42 -> Work-Work | S42: 2 | T42: 0.1 | U42: 2 | Y42: Y | Z42: 1000
B43: 0.38125 | C43: UAN 532E | D43: 4 | E43: 14 | F43: Iganga | G43: Iganga | H43: Uga | I43: 6 | J43: 2 | K43: =VLOOKUP(J43,Key!$E$2:$F$9,2,FALSE) -> Work | L43: Kigulu | M43: Iganga | N43: Uga | O43: 6 | P43: 2 | Q43: =VLOOKUP(P43,Key!$E$2:$F$9,2,FALSE) -> Work | R43: =K43&"-"&Q43 -> Work-Work | T43: 0.2 | U43: 2 | Y43: Y
B44: 0.37777778 | C44: UAE 818W | D44: 11 | E44: 3 | F44: Iganga | G44: Iganga | H44: Uga | I44: 8 | J44: 2 | K44: =VLOOKUP(J44,Key!$E$2:$F$9,2,FALSE) -> Work | L44: Namugala | M44: Iganga | N44: Uga | O44: 8 | P44: 2 | Q44: =VLOOKUP(P44,Key!$E$2:$F$9,2,FALSE) -> Work | R44: =K44&"-"&Q44 -> Work-Work | S44: 45 | T44: 0.5 | U44: 2 | Y44: Y
B45: 0.37986111 | C45: UEX 823K | D45: 11 | E45: 2 | F45: Iganga | G45: Iganga | H45: Uga | I45: 8 | J45: 2 | K45: =VLOOKUP(J45,Key!$E$2:$F$9,2,FALSE) -> Work | L45: Kigulu | M45: Iganga | N45: Uga | O45: 8 | P45: 2 | Q45: =VLOOKUP(P45,Key!$E$2:$F$9,2,FALSE) -> Work | R45: =K45&"-"&Q45 -> Work-Work | T45: 0.1 | U45: 2 | Y45: Y
B46: 0.67916667 | C46: UBD 253B | D46: 1 | E46: 1 | F46: Iganga | G46: Iganga | H46: Uga | I46: 12 | J46: 8 | K46: =VLOOKUP(J46,Key!$E$2:$F$9,2,FALSE) -> Others | L46: Kaliro | M46: Iganga | N46: Uga | O46: 1 | P46: 1 | Q46: =VLOOKUP(P46,Key!$E$2:$F$9,2,FALSE) -> Home | R46: =K46&"-"&Q46 -> Others-Home | S46: 15 | T46: 1 | U46: 2 | Y46: Y
B47: 0.68472222 | C47: UAX 623S | D47: 4 | E47: 14 | F47: Iganga | G47: Iganga | H47: Uga | I47: 6 | J47: 2 | K47: =VLOOKUP(J47,Key!$E$2:$F$9,2,FALSE) -> Work | L47: Kaliro | M47: Iganga | N47: Uga | O47: 6 | P47: 2 | Q47: =VLOOKUP(P47,Key!$E$2:$F$9,2,FALSE) -> Work | R47: =K47&"-"&Q47 -> Work-Work | S47: 15 | T47: 1 | U47: 2 | Y47: Y
B48: 0.66597222 | C48: UAP 221T | D48: 4 | E48: 14 | F48: Iganga | G48: Iganga | H48: Uga | I48: 6 | J48: 2 | K48: =VLOOKUP(J48,Key!$E$2:$F$9,2,FALSE) -> Work | L48: Nabingalo | M48: Iganga | N48: Uga | O48: 6 | P48: 2 | Q48: =VLOOKUP(P48,Key!$E$2:$F$9,2,FALSE) -> Work | R48: =K48&"-"&Q48 -> Work-Work | T48: 1 | U48: 2 | Y48: Y
B49: 0.65833333 | C49: UAV 764L | D49: 3 | E49: 3 | F49: Iganga | G49: Iganga | H49: Uga | I49: 9 | J49: 2 | K49: =VLOOKUP(J49,Key!$E$2:$F$9,2,FALSE) -> Work | L49: Bunyiiro | M49: Iganga | N49: Uga | O49: 1 | P49: 1 | Q49: =VLOOKUP(P49,Key!$E$2:$F$9,2,FALSE) -> Home | R49: =K49&"-"&Q49 -> Work-Home | S49: 2 | T49: 0.3 | U49: 2 | Y49: Y
B50: 0.65138889 | C50: UBB 008J | D50: 2 | E50: 5 | F50: Iganga | G50: Iganga | H50: Uga | I50: 7 | J50: 8 | K50: =VLOOKUP(J50,Key!$E$2:$F$9,2,FALSE) -> Others | L50: Kalama | M50: Iganga | N50: Uga | O50: 1 | P50: 1 | Q50: =VLOOKUP(P50,Key!$E$2:$F$9,2,FALSE) -> Home | R50: =K50&"-"&Q50 -> Others-Home | S50: 27 | T50: 2 | U50: 2 | Y50: Y
B51: 0.65416667 | C51: UAE 277H | D51: 1 | E51: 4 | F51: Iganga | G51: Iganga | H51: Uga | I51: 16 | J51: 8 | K51: =VLOOKUP(J51,Key!$E$2:$F$9,2,FALSE) -> Others | L51: Kaliro | M51: Iganga | N51: Uga | O51: 1 | P51: 1 | Q51: =VLOOKUP(P51,Key!$E$2:$F$9,2,FALSE) -> Home | R51: =K51&"-"&Q51 -> Others-Home | S51: 15 | T51: 1 | U51: 4 | Y51: Y
B52: 0.64513889 | C52: UDN 165K | D52: 11 | E52: 3 | F52: Iganga | G52: Iganga | H52: Uga | I52: 8 | J52: 2 | K52: =VLOOKUP(J52,Key!$E$2:$F$9,2,FALSE) -> Work | L52: Nabingalo | M52: Iganga | N52: Uga | O52: 8 | P52: 2 | Q52: =VLOOKUP(P52,Key!$E$2:$F$9,2,FALSE) -> Work | R52: =K52&"-"&Q52 -> Work-Work | S52: 15 | T52: 1 | U52: 2 | Y52: Y | Z52: 500
B53: 0.61666667 | C53: UAT 378T | D53: 2 | E53: 3 | F53: Jinja | G53: Jinja | H53: Uga | I53: 5 | J53: 7 | K53: =VLOOKUP(J53,Key!$E$2:$F$9,2,FALSE) -> Hospital | L53: Kaliro | M53: Iganga | N53: Uga | O53: 1 | P53: 1 | Q53: =VLOOKUP(P53,Key!$E$2:$F$9,2,FALSE) -> Home | R53: =K53&"-"&Q53 -> Hospital-Home | S53: 30 | T53: 3 | U53: 2 | Y53: Y
B54: 0.60972222 | C54: UBF 673H | D54: 7 | E54: 1 | F54: Iganga | G54: Iganga | H54: Uga | I54: 9 | J54: 2 | K54: =VLOOKUP(J54,Key!$E$2:$F$9,2,FALSE) -> Work | L54: Kabira | M54: Iganga | N54: Uga | O54: 1 | P54: 1 | Q54: =VLOOKUP(P54,Key!$E$2:$F$9,2,FALSE) -> Home | R54: =K54&"-"&Q54 -> Work-Home | S54: 27 | T54: 1 | U54: 2 | Y54: Y
B55: 0.61458333 | C55: UBE 742S | D55: 1 | E55: 4 | F55: Iganga | G55: Iganga | H55: Uga | I55: 4 | J55: 3 | K55: =VLOOKUP(J55,Key!$E$2:$F$9,2,FALSE) -> Study | L55: Kaliro | M55: Iganga | N55: Uga | O55: 1 | P55: 1 | Q55: =VLOOKUP(P55,Key!$E$2:$F$9,2,FALSE) -> Home | R55: =K55&"-"&Q55 -> Study-Home | S55: 2 | T55: 1 | U55: 2 | Y55: Y
B56: 0.59930556 | C56: UBF 359K | D56: 1 | E56: 2 | F56: Iganga | G56: Iganga | H56: Uga | I56: 2 | J56: 2 | K56: =VLOOKUP(J56,Key!$E$2:$F$9,2,FALSE) -> Work | L56: Kigulu | M56: Iganga | N56: Uga | O56: 1 | P56: 1 | Q56: =VLOOKUP(P56,Key!$E$2:$F$9,2,FALSE) -> Home | R56: =K56&"-"&Q56 -> Work-Home | T56: 0.1 | U56: 2 | Y56: Y | Z56: 2000
B57: 0.60347222 | C57: UAP 922X | D57: 8 | E57: 4 | F57: Iganga | G57: Iganga | H57: Uga | I57: 1 | J57: 1 | K57: =VLOOKUP(J57,Key!$E$2:$F$9,2,FALSE) -> Home | L57: Kaliro | M57: Iganga | N57: Uga | O57: 10 | P57: 2 | Q57: =VLOOKUP(P57,Key!$E$2:$F$9,2,FALSE) -> Work | R57: =K57&"-"&Q57 -> Home-Work | S57: 2 | T57: 1 | U57: 2 | Y57: Y
B58: 0.59375 | C58: UBA 285Q | D58: 9 | E58: 3 | F58: Kampala | G58: Kampala | H58: Uga | I58: 1 | J58: 1 | K58: =VLOOKUP(J58,Key!$E$2:$F$9,2,FALSE) -> Home | L58: Nabingalo | M58: Iganga | N58: Uga | O58: 16 | P58: 8 | Q58: =VLOOKUP(P58,Key!$E$2:$F$9,2,FALSE) -> Others | R58: =K58&"-"&Q58 -> Home-Others | S58: 165 | T58: 3 | U58: 4 | V58: 1 | W58: 28 | Y58: N
B59: 0.021527778 | C59: UAV 746T | D59: 3 | E59: 2 | F59: Iganga | G59: Iganga | H59: Uga | I59: 10 | J59: 2 | K59: =VLOOKUP(J59,Key!$E$2:$F$9,2,FALSE) -> Work | L59: Buboko | M59: Iganga | N59: Uga | O59: 1 | P59: 1 | Q59: =VLOOKUP(P59,Key!$E$2:$F$9,2,FALSE) -> Home | R59: =K59&"-"&Q59 -> Work-Home | T59: 0.2 | U59: 2 | Y59: Y
B60: 0.4625 | C60: UAL 248H | D60: 4 | E60: 14 | F60: Iganga | G60: Iganga | H60: Uga | I60: 6 | J60: 2 | K60: =VLOOKUP(J60,Key!$E$2:$F$9,2,FALSE) -> Work | L60: Kaliro | M60: Iganga | N60: Uga | O60: 6 | P60: 2 | Q60: =VLOOKUP(P60,Key!$E$2:$F$9,2,FALSE) -> Work | R60: =K60&"-"&Q60 -> Work-Work | S60: 15 | T60: 2 | U60: 2 | Y60: Y
B61: 0.45833333 | C61: UAP 538K | D61: 1 | E61: 2 | F61: Kampala | G61: Kampala | H61: Uga | I61: 10 | J61: 2 | K61: =VLOOKUP(J61,Key!$E$2:$F$9,2,FALSE) -> Work | L61: Kaliro | M61: Iganga | N61: Uga | O61: 1 | P61: 1 | Q61: =VLOOKUP(P61,Key!$E$2:$F$9,2,FALSE) -> Home | R61: =K61&"-"&Q61 -> Work-Home | S61: 160 | T61: 2 | U61: 2 | Y61: Y
B62: 0.45625 | C62: UAW 216V | D62: 1 | E62: 6 | F62: Mayuge | G62: Mayuge | H62: Uga | I62: 1 | J62: 1 | K62: =VLOOKUP(J62,Key!$E$2:$F$9,2,FALSE) -> Home | L62: Kaliro | M62: Iganga | N62: Uga | O62: 5 | P62: 7 | Q62: =VLOOKUP(P62,Key!$E$2:$F$9,2,FALSE) -> Hospital | R62: =K62&"-"&Q62 -> Home-Hospital | S62: 30 | T62: 1 | U62: 6 | Y62: Y
B63: 0.45833333 | C63: UAQ 332E | D63: 6 | E63: 30 | F63: Jinja | G63: Jinja | H63: Uga | I63: 4 | J63: 3 | K63: =VLOOKUP(J63,Key!$E$2:$F$9,2,FALSE) -> Study | L63: Kaliro | M63: Iganga | N63: Uga | O63: 16 | P63: 8 | Q63: =VLOOKUP(P63,Key!$E$2:$F$9,2,FALSE) -> Others | R63: =K63&"-"&Q63 -> Study-Others | Y63: Y

Sheet RSI FORM
B1: Feasibility Study and Detailed Design of Kampala - Jinja Highway
B2: Roadside OD Interview Survey
B4: Date: | C4: 40465 | D4: Interviewer: | G4: Survey Station: | H4: Bweyogerere | J4: Direction: | K4: Bweyogerere-Kireka | L4: Coded By: | N4: Chkd By:
B7: Time Period | C7: Veh_Type | D7: Veh_Other | E7: Occupancy | F7: Origin_Address | H7: Origin_Purpose | I7: Origin_other | J7: Destination_Address | L7: Destination_Purpose | M7: Destination_Other | N7: Origin_Zone | O7: Dest_Zone | P7: WTP
F8: Village/Town | G8: City/Country | J8: Village/Town | K8: City/Country
B9: AM | C9: 3 | E9: 2 | F9: Entebbe | G9: Kla, Ug | H9: 1 | J9: Kla | K9: Kla, Ug | L9: 2 | N9: Blank | O9: Blank | P9: Yes | Q9: 3000
B10: AM | C10: 1 | E10: 1 | F10: Kiwanga | G10: Kla, Ug | H10: 1 | J10: Kla | K10: Kla, Ug | L10: 2 | N10: Blank | O10: Blank | P10: Yes | Q10: 2000
B11: AM | E11: 1 | F11: Bukoto | G11: Kla, Ug | H11: 3 | J11: Kla | K11: Kla, Ug | L11: 1 | N11: Blank | O11: Blank
B12: AM
B13: AM
B14: AM
B15: AM
B16: AM
B17: AM
B18: AM
B19: AM
B20: AM
B21: AM
B22: AM
B23: AM
... B53: AM

Sheet 24.08 Kaliro-Iganga
B1: Consultancy services for Preparation of Expressway Development Master Plan (EDMP) for Uganda
B2: Roadside OD Interview Survey
B4: Date: | C4: ='24.08 Iganga-Kaliro'!C4 -> 24.08.19 | E4: Road Name: | F4: ='24.08 Iganga-Kaliro'!F4:G4 -> Iganga-Kaliro Rd | I4: Direction From: | L4: Kaliro | N4: Interviewers: | O4: Racheal | V4: Supervisor: | Y4: Coded By: | Z4: ='24.08 Iganga-Kaliro'!Z4 -> Isaac Akure | AA4: Chkd By: | AB4: ='24.08 Iganga-Kaliro'!AB4 -> Isaac M.
I5: Direction To: | L5: Iganga
B7: Time | C7: Veh_Reg_No. | D7: Veh_Type | E7: No. Occupants | F7: Origin_Address | I7: Origin_Establish | J7: Origin_Purpose | K7: Origin-Purpose Desc | L7: Destination_Address | O7: Destination_Establish | P7: Destination_Purpose | Q7: Destination_Purpose Desc | R7: Journey_Purpose | S7: Approx_Distance (Km) | T7: Approx_Journey Time (Hrs) | U7: Trip_Frequency | V7: GOODS VEHICLES ONLY | Y7: Would You Use Xpressways? | Z7: Pay How Much? (UGX) | AA7: Origin_Zone | AB7: Dest_Zone
F8: Village or Town | G8: District | H8: Country | L8: Village or Town | M8: District | N8: Country | V8: Goods_Type | W8: Goods_Quantity (Ton) | X8: Goods_Value (UGXm)
B9: 0.38541667 | C9: UAY 695F | D9: 8 | E9: 2 | F9: Kigulu | G9: Iganga | H9: Uga | I9: 2 | J9: 2 | K9: =VLOOKUP(J9,Key!$E$2:$F$9,2,FALSE) -> Work | L9: Nakalama | M9: Iganga | N9: Uga | O9: 2 | P9: 2 | Q9: =VLOOKUP(P9,Key!$E$2:$F$9,2,FALSE) -> Work | R9: =K9&"-"&Q9 -> Work-Work | T9: 1 | U9: 2 | V9: 11 | Y9: Y
B10: 0.017361111 | C10: UWO 251C | D10: 7 | E10: 3 | F10: Buwolumera | G10: Iganga | H10: Uga | I10: 9 | J10: 4 | K10: =VLOOKUP(J10,Key!$E$2:$F$9,2,FALSE) -> Commercial | L10: Kakira | M10: Jinja | N10: Uga | O10: 3 | P10: 4 | Q10: =VLOOKUP(P10,Key!$E$2:$F$9,2,FALSE) -> Commercial | R10: =K10&"-"&Q10 -> Commercial-Commercial | S10: 34 | T10: 2 | V10: 1 | W10: 10 | Y10: Y
B11: 0.027777778 | C11: UAT 889B | D11: 4 | E11: 14 | F11: Kaliro | G11: Kaliro | H11: Uga | I11: 16 | J11: 2 | K11: =VLOOKUP(J11,Key!$E$2:$F$9,2,FALSE) -> Work | L11: Jinja | M11: Jinja | N11: Uga | O11: 2 | P11: 2 | Q11: =VLOOKUP(P11,Key!$E$2:$F$9,2,FALSE) -> Work | R11: =K11&"-"&Q11 -> Work-Work | S11: 20 | T11: 1 | U11: 6 | Y11: Y
B12: 0.59652778 | C12: UAK 508K | D12: 1 | E12: 3 | F12: Kawete | G12: Kaliro | H12: Uga | I12: 1 | J12: 1 | K12: =VLOOKUP(J12,Key!$E$2:$F$9,2,FALSE) -> Home | L12: Jinja | M12: Jinja | N12: Uga | O12: 2 | P12: 2 | Q12: =VLOOKUP(P12,Key!$E$2:$F$9,2,FALSE) -> Work | R12: =K12&"-"&Q12 -> Home-Work | S12: 20 | T12: 1.5 | U12: 2 | Y12: N
B13: 0.59375 | C13: UAJ 114D | D13: 4 | E13: 14 | F13: Kaliro | G13: Kaliro | H13: Uga | I13: 6 | J13: 2 | K13: =VLOOKUP(J13,Key!$E$2:$F$9,2,FALSE) -> Work | L13: Iganga | M13: Iganga | N13: Uga | O13: 6 | P13: 2 | Q13: =VLOOKUP(P13,Key!$E$2:$F$9,2,FALSE) -> Work | R13: =K13&"-"&Q13 -> Work-Work | S13: 32 | T13: 1 | U13: 1 | Y13: Y
B14: 0.45763889 | C14: UDG 017K | D14: 2 | E14: 4 | F14: Kaliro | G14: Kaliro | H14: Uga | I14: 1 | J14: 1 | K14: =VLOOKUP(J14,Key!$E$2:$F$9,2,FALSE) -> Home | L14: Iganga | M14: Iganga | N14: Uga | O14: 5 | P14: 7 | Q14: =VLOOKUP(P14,Key!$E$2:$F$9,2,FALSE) -> Hospital | R14: =K14&"-"&Q14 -> Home-Hospital | S14: 32 | T14: 1 | U14: 6 | Y14: Y
B15: 0.45486111 | C15: UBE 157B | D15: 1 | E15: 1 | F15: Kaliro | G15: Kaliro | H15: Uga | I15: 1 | J15: 1 | K15: =VLOOKUP(J15,Key!$E$2:$F$9,2,FALSE) -> Home | L15: Iganga | M15: Iganga | N15: Uga | O15: 16 | P15: 8 | Q15: =VLOOKUP(P15,Key!$E$2:$F$9,2,FALSE) -> Others | R15: =K15&"-"&Q15 -> Home-Others | S15: 32 | T15: 1 | U15: 4 | Y15: Y
B16: 0.37430556 | C16: UAU 413G | D16: 1 | E16: 4 | F16: Kirama | G16: Kaliro | H16: Uga | I16: 1 | J16: 1 | K16: =VLOOKUP(J16,Key!$E$2:$F$9,2,FALSE) -> Home | L16: Mayuge | M16: Mayuge | N16: Uga | O16: 1 | P16: 1 | Q16: =VLOOKUP(P16,Key!$E$2:$F$9,2,FALSE) -> Home | R16: =K16&"-"&Q16 -> Home-Home | T16: 1 | U16: 5 | Y16: Y
B17: 0.37152778 | C17: UEW 992D | D17: 11 | E17: 2 | F17: Nasuti | G17: Kaliro | H17: Uga | I17: 1 | J17: 1 | K17: =VLOOKUP(J17,Key!$E$2:$F$9,2,FALSE) -> Home | L17: Iganga | M17: Iganga | N17: Uga | O17: 2 | P17: 2 | Q17: =VLOOKUP(P17,Key!$E$2:$F$9,2,FALSE) -> Work | R17: =K17&"-"&Q17 -> Home-Work | S17: 16 | T17: 0.5 | U17: 2 | Y17: Y
B18: 0.60347222 | C18: UAR 406K | D18: 2 | E18: 4 | F18: Buhuka | G18: Kaliro | H18: Uga | I18: 1 | J18: 1 | K18: =VLOOKUP(J18,Key!$E$2:$F$9,2,FALSE) -> Home | L18: Jinja | M18: Jinja | N18: Uga | O18: 2 | P18: 2 | Q18: =VLOOKUP(P18,Key!$E$2:$F$9,2,FALSE) -> Work | R18: =K18&"-"&Q18 -> Home-Work | S18: 36 | T18: 2 | U18: 2 | Y18: Y
B19: 0.61805556 | C19: UEX 117N | D19: 11 | E19: 3 | F19: Namungaala | G19: Iganga | H19: Uga | I19: 8 | J19: 2 | K19: =VLOOKUP(J19,Key!$E$2:$F$9,2,FALSE) -> Work | L19: Iganga | M19: Iganga | N19: Uga | O19: 2 | P19: 2 | Q19: =VLOOKUP(P19,Key!$E$2:$F$9,2,FALSE) -> Work | R19: =K19&"-"&Q19 -> Work-Work | T19: 0.2 | U19: 2 | Y19: Y
B20: 0.7125 | C20: UAM 808V | D20: 8 | E20: 2 | F20: Gandumire | G20: Iganga | H20: Uga | I20: 9 | J20: 2 | K20: =VLOOKUP(J20,Key!$E$2:$F$9,2,FALSE) -> Work | L20: Iganga | M20: Iganga | N20: Uga | O20: 3 | P20: 2 | Q20: =VLOOKUP(P20,Key!$E$2:$F$9,2,FALSE) -> Work | R20: =K20&"-"&Q20 -> Work-Work | T20: 0.5 | Y20: Y
B21: 0.72222222 | C21: UBE 131B | D21: 2 | E21: 1 | F21: Kaliro | G21: Kaliro | H21: Uga | I21: 1 | J21: 1 | K21: =VLOOKUP(J21,Key!$E$2:$F$9,2,FALSE) -> Home | L21: Iganga | M21: Iganga | N21: Uga | O21: 4 | P21: 3 | Q21: =VLOOKUP(P21,Key!$E$2:$F$9,2,FALSE) -> Study | R21: =K21&"-"&Q21 -> Home-Study | S21: 30 | T21: 1 | U21: 2 | Y21: Y
B22: 0.70138889 | C22: UAW 103W | D22: 4 | E22: 14 | F22: Kaliro | G22: Kaliro | H22: Uga | I22: 6 | J22: 2 | K22: =VLOOKUP(J22,Key!$E$2:$F$9,2,FALSE) -> Work | L22: Iganga | M22: Iganga | N22: Uga | O22: 6 | P22: 2 | Q22: =VLOOKUP(P22,Key!$E$2:$F$9,2,FALSE) -> Work | R22: =K22&"-"&Q22 -> Work-Work | S22: 32 | T22: 1.5 | U22: 2 | Y22: Y
B23: 0.69097222 | C23: UAP 080Y | D23: 11 | E23: 3 | F23: Kigulu | G23: Iganga | H23: Uga | I23: 8 | J23: 2 | K23: =VLOOKUP(J23,Key!$E$2:$F$9,2,FALSE) -> Work | L23: Iganga | M23: Iganga | N23: Uga | O23: 2 | P23: 2 | Q23: =VLOOKUP(P23,Key!$E$2:$F$9,2,FALSE) -> Work | R23: =K23&"-"&Q23 -> Work-Work | T23: 0.3 | U23: 2 | Y23: Y
B24: 0.67361111 | C24: UAL 234P | D24: 5 | E24: 32 | F24: Kaliro | G24: Kaliro | H24: Uga | I24: 6 | J24: 2 | K24: =VLOOKUP(J24,Key!$E$2:$F$9,2,FALSE) -> Work | L24: Kampala | M24: Kampala | N24: Uga | O24: 6 | P24: 2 | Q24: =VLOOKUP(P24,Key!$E$2:$F$9,2,FALSE) -> Work | R24: =K24&"-"&Q24 -> Work-Work | S24: 135 | T24: 4 | U24: 2 | Y24: Y
B25: 0.68055556 | C25: UAQ 118C | D25: 2 | E25: 5 | F25: Buhuka | G25: Kaliro | H25: Uga | I25: 1 | J25: 1 | K25: =VLOOKUP(J25,Key!$E$2:$F$9,2,FALSE) -> Home | L25: Iganga | M25: Iganga | N25: Uga | O25: 1 | P25: 1 | Q25: =VLOOKUP(P25,Key!$E$2:$F$9,2,FALSE) -> Home | R25: =K25&"-"&Q25 -> Home-Home | T25: 0.5 | U25: 6 | Y25: Y
B26: 0.43125 | C26: UBD 179R | D26: 4 | E26: 14 | F26: Kaliro | G26: Kaliro | H26: Uga | I26: 1 | J26: 1 | K26: =VLOOKUP(J26,Key!$E$2:$F$9,2,FALSE) -> Home | L26: Jinja | M26: Jinja | N26: Uga | O26: 16 | P26: 8 | Q26: =VLOOKUP(P26,Key!$E$2:$F$9,2,FALSE) -> Others | R26: =K26&"-"&Q26 -> Home-Others | S26: 78 | T26: 1.5 | U26: 2 | Y26: N
B27: 0.38958333 | C27: UEF 225L | D27: 11 | E27: 3 | F27: Kigulu | G27: Iganga | H27: Uga | I27: 2 | J27: 2 | K27: =VLOOKUP(J27,Key!$E$2:$F$9,2,FALSE) -> Work | L27: Iganga | M27: Iganga | N27: Uga | O27: 2 | P27: 2 | Q27: =VLOOKUP(P27,Key!$E$2:$F$9,2,FALSE) -> Work | R27: =K27&"-"&Q27 -> Work-Work | T27: 0.3 | U27: 2 | Y27: Y
B28: 0.39930556 | C28: UAA 029B | D28: 1 | E28: 6 | F28: Kaliro | G28: Kaliro | H28: Uga | I28: 2 | J28: 2 | K28: =VLOOKUP(J28,Key!$E$2:$F$9,2,FALSE) -> Work | L28: Iganga | M28: Iganga | N28: Uga | O28: 2 | P28: 2 | Q28: =VLOOKUP(P28,Key!$E$2:$F$9,2,FALSE) -> Work | R28: =K28&"-"&Q28 -> Work-Work | S28: 34 | T28: 1 | U28: 2 | Y28: Y
B29: 0.74930556 | C29: UBD 655C | D29: 1 | E29: 2 | F29: Kaliro | G29: Kaliro | H29: Uga | I29: 2 | J29: 2 | K29: =VLOOKUP(J29,Key!$E$2:$F$9,2,FALSE) -> Work | L29: Iganga | M29: Iganga | N29: Uga | O29: 1 | P29: 1 | Q29: =VLOOKUP(P29,Key!$E$2:$F$9,2,FALSE) -> Home | R29: =K29&"-"&Q29 -> Work-Home | S29: 32 | T29: 1 | U29: 2 | Y29: Y
B30: 0.74861111 | C30: UAF 220Q | D30: 11 | E30: 3 | F30: Buweremera | G30: Iganga | H30: Uga | I30: 8 | J30: 2 | K30: =VLOOKUP(J30,Key!$E$2:$F$9,2,FALSE) -> Work | L30: Iganga | M30: Iganga | N30: Uga | O30: 2 | P30: 2 | Q30: =VLOOKUP(P30,Key!$E$2:$F$9,2,FALSE) -> Work | R30: =K30&"-"&Q30 -> Work-Work | S30: 34 | T30: 0.5 | Y30: Y
B31: 0.39930556 | C31: UBF 963M | D31: 1 | E31: 4 | F31: Namungaala | G31: Iganga | H31: Uga | I31: 1 | J31: 1 | K31: =VLOOKUP(J31,Key!$E$2:$F$9,2,FALSE) -> Home | L31: Iganga | M31: Iganga | N31: Uga | O31: 5 | P31: 7 | Q31: =VLOOKUP(P31,Key!$E$2:$F$9,2,FALSE) -> Hospital | R31: =K31&"-"&Q31 -> Home-Hospital | S31: 7 | T31: 0.2 | U31: 1 | Y31: Y
B32: 0.39722222 | C32: UAK 727X | D32: 4 | E32: 14 | F32: Kaliro | G32: Kaliro | H32: Uga | I32: 1 | J32: 1 | K32: =VLOOKUP(J32,Key!$E$2:$F$9,2,FALSE) -> Home | L32: Iganga | M32: Iganga | N32: Uga | O32: 6 | P32: 2 | Q32: =VLOOKUP(P32,Key!$E$2:$F$9,2,FALSE) -> Work | R32: =K32&"-"&Q32 -> Home-Work | S32: 32 | T32: 0.5 | U32: 2 | Y32: Y
B33: 0.63541667 | C33: UAL 676U | D33: 1 | E33: 5 | F33: Buwotomera | G33: Iganga | H33: Uga | I33: 16 | J33: 8 | K33: =VLOOKUP(J33,Key!$E$2:$F$9,2,FALSE) -> Others | L33: Iganga | M33: Iganga | N33: Uga | O33: 2 | P33: 2 | Q33: =VLOOKUP(P33,Key!$E$2:$F$9,2,FALSE) -> Work | R33: =K33&"-"&Q33 -> Others-Work | S33: 34 | T33: 2 | U33: 6 | Y33: Y
B34: 0.62847222 | C34: UAJ 214P | D34: 8 | E34: 2 | F34: Kawete | G34: Kaliro | H34: Uga | I34: 9 | J34: 2 | K34: =VLOOKUP(J34,Key!$E$2:$F$9,2,FALSE) -> Work | L34: Kakira | M34: Jinja | N34: Uga | O34: 3 | P34: 2 | Q34: =VLOOKUP(P34,Key!$E$2:$F$9,2,FALSE) -> Work | R34: =K34&"-"&Q34 -> Work-Work | T34: 1.5 | U34: 4 | Y34: Y
B35: 0.86458333 | C35: UAU 950H | D35: 1 | E35: 1 | F35: Namungaala | G35: Iganga | H35: Uga | I35: 1 | J35: 1 | K35: =VLOOKUP(J35,Key!$E$2:$F$9,2,FALSE) -> Home | L35: Iganga | M35: Iganga | N35: Uga | O35: 2 | P35: 2 | Q35: =VLOOKUP(P35,Key!$E$2:$F$9,2,FALSE) -> Work | R35: =K35&"-"&Q35 -> Home-Work | T35: 0.2 | Y35: Y
B36: 0.86666667 | C36: UAJ 178Z | D36: 5 | E36: 14 | F36: Pallisa | G36: Pallisa | H36: Uga | I36: 6 | J36: 2 | K36: =VLOOKUP(J36,Key!$E$2:$F$9,2,FALSE) -> Work | L36: Kampala | M36: Kampala | N36: Uga | O36: 2 | P36: 2 | Q36: =VLOOKUP(P36,Key!$E$2:$F$9,2,FALSE) -> Work | R36: =K36&"-"&Q36 -> Work-Work | S36: 140 | T36: 4 | U36: 2 | Y36: Y
B37: 0.875 | C37: UAV 280V | D37: 3 | E37: 2 | F37: Masuti | G37: Iganga | H37: Uga | I37: 1 | J37: 1 | K37: =VLOOKUP(J37,Key!$E$2:$F$9,2,FALSE) -> Home | L37: Iganga | M37: Iganga | N37: Uga | O37: 2 | P37: 2 | Q37: =VLOOKUP(P37,Key!$E$2:$F$9,2,FALSE) -> Work | R37: =K37&"-"&Q37 -> Home-Work | S37: 15 | T37: 0.3 | U37: 1 | Y37: Y
B38: 0.90277778 | C38: UAF 866H | D38: 5 | E38: 29 | F38: Kaliro | G38: Kaliro | H38: Uga | I38: 6 | J38: 4 | K38: =VLOOKUP(J38,Key!$E$2:$F$9,2,FALSE) -> Commercial | L38: Iganga | M38: Iganga | N38: Uga | O38: 6 | P38: 4 | Q38: =VLOOKUP(P38,Key!$E$2:$F$9,2,FALSE) -> Commercial | R38: =K38&"-"&Q38 -> Commercial-Commercial | S38: 30 | T38: 1.5 | U38: 2 | Y38: Y
B39: 0.96458333 | C39: UAQ 870S | D39: 1 | E39: 4 | F39: Kawete | G39: Kaliro | H39: Uga | I39: 1 | J39: 1 | K39: =VLOOKUP(J39,Key!$E$2:$F$9,2,FALSE) -> Home | L39: Jinja | M39: Jinja | N39: Uga | O39: 1 | P39: 1 | Q39: =VLOOKUP(P39,Key!$E$2:$F$9,2,FALSE) -> Home | R39: =K39&"-"&Q39 -> Home-Home | S39: 20 | T39: 1 | U39: 5 | Y39: Y
B40: 0.46180556 | C40: UAQ 275Z | D40: 4 | E40: 14 | F40: Kaliro | G40: Kaliro | H40: Uga | I40: 1 | J40: 1 | K40: =VLOOKUP(J40,Key!$E$2:$F$9,2,FALSE) -> Home | L40: Jinja | M40: Jinja | N40: Uga | O40: 16 | P40: 2 | Q40: =VLOOKUP(P40,Key!$E$2:$F$9,2,FALSE) -> Work | R40: =K40&"-"&Q40 -> Home-Work | T40: 1.5 | U40: 2 | Y40: N
B41: 0.66666667 | C41: UAN 146J | D41: 7 | E41: 2 | F41: Kaliro | G41: Kaliro | H41: Uga | I41: 2 | J41: 2 | K41: =VLOOKUP(J41,Key!$E$2:$F$9,2,FALSE) -> Work | L41: Jinja | M41: Jinja | N41: Uga | O41: 2 | P41: 2 | Q41: =VLOOKUP(P41,Key!$E$2:$F$9,2,FALSE) -> Work | R41: =K41&"-"&Q41 -> Work-Work | S41: 36 | T41: 2 | U41: 4 | V41: 1 | W41: 12 | Y41: Y
B42: 0.65833333 | C42: UAB 512B | D42: 3 | E42: 1 | F42: Kaliro | G42: Kaliro | H42: Uga | I42: 1 | J42: 1 | K42: =VLOOKUP(J42,Key!$E$2:$F$9,2,FALSE) -> Home | L42: Iganga | M42: Iganga | N42: Uga | O42: 2 | P42: 2 | Q42: =VLOOKUP(P42,Key!$E$2:$F$9,2,FALSE) -> Work | R42: =K42&"-"&Q42 -> Home-Work | S42: 32 | T42: 1 | U42: 2 | Y42: Y
B43: 0.47569444 | C43: UAP 108T | D43: 2 | E43: 5 | F43: Nawaninji | G43: Iganga | H43: Uga | I43: 9 | J43: 4 | K43: =VLOOKUP(J43,Key!$E$2:$F$9,2,FALSE) -> Commercial | L43: Ntinda | M43: Iganga | N43: Uga | O43: 1 | P43: 1 | Q43: =VLOOKUP(P43,Key!$E$2:$F$9,2,FALSE) -> Home | R43: =K43&"-"&Q43 -> Commercial-Home | S43: 12 | T43: 0.3 | U43: 5 | Y43: N
B44: 0.024305556 | C44: UAY 884Q | D44: 7 | E44: 2 | F44: Gadumire | G44: Kaliro | H44: Uga | I44: 2 | J44: 2 | K44: =VLOOKUP(J44,Key!$E$2:$F$9,2,FALSE) -> Work | L44: Kampala | M44: Iganga | N44: Uga | O44: 1 | P44: 1 | Q44: =VLOOKUP(P44,Key!$E$2:$F$9,2,FALSE) -> Home | R44: =K44&"-"&Q44 -> Work-Home | S44: 118 | T44: 4 | U44: 6 | V44: 8 | W44: 10 | Y44: Y
B45: 0.46944444 | C45: UBD 931T | D45: 7 | E45: 2 | F45: Kigulu | G45: Iganga | H45: Uga | I45: 9 | J45: 1 | K45: =VLOOKUP(J45,Key!$E$2:$F$9,2,FALSE) -> Home | L45: Iganga | M45: Iganga | N45: Uga | O45: 1 | P45: 1 | Q45: =VLOOKUP(P45,Key!$E$2:$F$9,2,FALSE) -> Home | R45: =K45&"-"&Q45 -> Home-Home | T45: 0.8 | U45: 5 | Y45: Y
B46: 0.46875 | C46: UAT 175G | D46: 1 | E46: 3 | F46: Kabira | G46: Iganga | H46: Uga | I46: 1 | J46: 1 | K46: =VLOOKUP(J46,Key!$E$2:$F$9,2,FALSE) -> Home | L46: Iganga | M46: Iganga | N46: Uga | O46: 1 | P46: 1 | Q46: =VLOOKUP(P46,Key!$E$2:$F$9,2,FALSE) -> Home | R46: =K46&"-"&Q46 -> Home-Home | T46: 1 | U46: 6 | Y46: Y
B47: 0.41666667 | C47: UAH 128G | D47: 2 | E47: 2 | F47: Bunyiro | G47: Iganga | H47: Uga | I47: 2 | J47: 2 | K47: =VLOOKUP(J47,Key!$E$2:$F$9,2,FALSE) -> Work | L47: Iganga | M47: Iganga | N47: Uga | O47: 2 | P47: 2 | Q47: =VLOOKUP(P47,Key!$E$2:$F$9,2,FALSE) -> Work | R47: =K47&"-"&Q47 -> Work-Work | T47: 0.5 | U47: 6 | Y47: Y
B48: 0.41527778 | C48: UAW 920K | D48: 1 | E48: 1 | F48: Nambale | G48: Kaliro | H48: Uga | I48: 2 | J48: 2 | K48: =VLOOKUP(J48,Key!$E$2:$F$9,2,FALSE) -> Work | L48: Iganga | M48: Iganga | N48: Uga | O48: 2 | P48: 2 | Q48: =VLOOKUP(P48,Key!$E$2:$F$9,2,FALSE) -> Work | R48: =K48&"-"&Q48 -> Work-Work | T48: 0.8 | U48: 6 | Y48: N
B49: 0.39444444 | C49: UAH 239K | D49: 4 | E49: 14 | F49: Nawanda | G49: Iganga | H49: Uga | I49: 1 | J49: 1 | K49: =VLOOKUP(J49,Key!$E$2:$F$9,2,FALSE) -> Home | L49: Iganga | M49: Iganga | N49: Uga | O49: 6 | P49: 2 | Q49: =VLOOKUP(P49,Key!$E$2:$F$9,2,FALSE) -> Work | R49: =K49&"-"&Q49 -> Home-Work | S49: 12 | T49: 2 | U49: 2 | Y49: Y
B50: 0.39583333 | C50: UAS 818A | D50: 4 | E50: 14 | F50: Namungaala | G50: Iganga | H50: Uga | I50: 2 | J50: 2 | K50: =VLOOKUP(J50,Key!$E$2:$F$9,2,FALSE) -> Work | L50: Iganga | M50: Iganga | N50: Uga | O50: 6 | P50: 2 | Q50: =VLOOKUP(P50,Key!$E$2:$F$9,2,FALSE) -> Work | R50: =K50&"-"&Q50 -> Work-Work | S50: 7 | T50: 0.3 | U50: 2 | Y50: Y
B51: 0.42361111 | C51: UAW 533W | D51: 4 | E51: 14 | F51: Kaliro | G51: Kaliro | H51: Uga | I51: 6 | J51: 2 | K51: =VLOOKUP(J51,Key!$E$2:$F$9,2,FALSE) -> Work | L51: Kampala | M51: Kampala | N51: Uga | O51: 2 | P51: 2 | Q51: =VLOOKUP(P51,Key!$E$2:$F$9,2,FALSE) -> Work | R51: =K51&"-"&Q51 -> Work-Work | S51: 130 | T51: 4 | U51: 2 | Y51: Y
B52: 0.42708333 | C52: UAG 089H | D52: 1 | E52: 4 | F52: Kaliro | G52: Kaliro | H52: Uga | I52: 1 | J52: 1 | K52: =VLOOKUP(J52,Key!$E$2:$F$9,2,FALSE) -> Home | L52: Iganga | M52: Iganga | N52: Uga | O52: 2 | P52: 2 | Q52: =VLOOKUP(P52,Key!$E$2:$F$9,2,FALSE) -> Work | R52: =K52&"-"&Q52 -> Home-Work | S52: 35 | T52: 1 | U52: 2 | Y52: Y
B53: 0.020833333 | C53: UAR 062T | D53: 1 | E53: 1 | F53: Kaliro | G53: Kaliro | H53: Uga | I53: 1 | J53: 1 | K53: =VLOOKUP(J53,Key!$E$2:$F$9,2,FALSE) -> Home | L53: Iganga | M53: Iganga | N53: Uga | O53: 16 | P53: 2 | Q53: =VLOOKUP(P53,Key!$E$2:$F$9,2,FALSE) -> Work | R53: =K53&"-"&Q53 -> Home-Work | S53: 35 | T53: 0.5 | U53: 4 | Y53: Y
B54: 0.03125 | C54: UAU 363D | D54: 7 | E54: 4 | F54: Kaliro | G54: Kaliro | H54: Uga | I54: 2 | J54: 2 | K54: =VLOOKUP(J54,Key!$E$2:$F$9,2,FALSE) -> Work | L54: Iganga | M54: Iganga | N54: Uga | O54: 2 | P54: 2 | Q54: =VLOOKUP(P54,Key!$E$2:$F$9,2,FALSE) -> Work | R54: =K54&"-"&Q54 -> Work-Work | T54: 0.8 | U54: 1 | V54: 1 | Y54: N
B55: 0.37638889 | C55: UBD 112Y | D55: 1 | E55: 2 | F55: Kaliro | G55: Kaliro | H55: Uga | I55: 1 | J55: 1 | K55: =VLOOKUP(J55,Key!$E$2:$F$9,2,FALSE) -> Home | L55: Iganga | M55: Iganga | N55: Uga | O55: 2 | P55: 2 | Q55: =VLOOKUP(P55,Key!$E$2:$F$9,2,FALSE) -> Work | R55: =K55&"-"&Q55 -> Home-Work | S55: 32 | T55: 0.8 | U55: 5 | Y55: N

Sheet 26.08 Iganga-Kaliro
B1: Consultancy services for Preparation of Expressway Development Master Plan (EDMP) for Uganda
B2: Roadside OD Interview Survey
B4: Date: | C4: 26.08.19 | E4: Road Name: | F4: ='24.08 Iganga-Kaliro'!F4:G4 -> Iganga-Kaliro Rd | I4: Direction From: | L4: Iganga | N4: Interviewers: | O4: Edith Kirabo | V4: Supervisor: | Y4: Coded By: | Z4: ='24.08 Iganga-Kaliro'!Z4 -> Isaac Akure | AA4: Chkd By: | AB4: ='24.08 Iganga-Kaliro'!AB4 -> Isaac M.
I5: Direction To: | L5: kaliro
B7: Time | C7: Veh_Reg_No. | D7: Veh_Type | E7: No. Occupants | F7: Origin_Address | I7: Origin_Establish | J7: Origin_Purpose | K7: Origin-Purpose Desc | L7: Destination_Address | O7: Destination_Establish | P7: Destination_Purpose | Q7: Destination_Purpose Desc | R7: Journey_Purpose | S7: Approx_Distance (Km) | T7: Approx_Journey Time (Hrs) | U7: Trip_Frequency | V7: GOODS VEHICLES ONLY | Y7: Would You Use Xpressways? | Z7: Pay How Much? (UGX) | AA7: Origin_Zone | AB7: Dest_Zone
F8: Village or Town | G8: District | H8: Country | L8: Village or Town | M8: District | N8: Country | V8: Goods_Type | W8: Goods_Quantity (Ton) | X8: Goods_Value (UGXm)
B9: 0.6875 | C9: UAT 226L | D9: 1 | E9: 2 | F9: Iganga | G9: Iganga | H9: Uga | I9: 1 | J9: 1 | K9: =VLOOKUP(J9,Key!$E$2:$F$9,2,FALSE) -> Home | L9: Kigulu | M9: Iganga | N9: Uga | O9: 16 | P9: 8 | Q9: =VLOOKUP(P9,Key!$E$2:$F$9,2,FALSE) -> Others | R9: =K9&"-"&Q9 -> Home-Others | T9: 0.5 | U9: 6 | Y9: Y
B10: 0.69097222 | C10: UAP 924V | D10: 2 | E10: 3 | F10: Iganga | G10: Iganga | H10: Uga | I10: 1 | J10: 1 | K10: =VLOOKUP(J10,Key!$E$2:$F$9,2,FALSE) -> Home | L10: Kalama | M10: Kaliro | N10: Uga | O10: 16 | P10: 8 | Q10: =VLOOKUP(P10,Key!$E$2:$F$9,2,FALSE) -> Others | R10: =K10&"-"&Q10 -> Home-Others | T10: 1 | U10: 3 | Y10: Y
B11: 0.68055556 | C11: UAY 151K | D11: 2 | E11: 1 | F11: Iganga | G11: Iganga | H11: Uga | I11: 2 | J11: 2 | K11: =VLOOKUP(J11,Key!$E$2:$F$9,2,FALSE) -> Work | L11: Kigulu | M11: Iganga | N11: Uga | O11: 1 | P11: 1 | Q11: =VLOOKUP(P11,Key!$E$2:$F$9,2,FALSE) -> Home | R11: =K11&"-"&Q11 -> Work-Home | T11: 0.5 | U11: 2 | Y11: Y
B12: 0.67708333 | C12: UAU 785L | D12: 8 | E12: 1 | F12: Iganga | G12: Iganga | H12: Uga | I12: 1 | J12: 1 | K12: =VLOOKUP(J12,Key!$E$2:$F$9,2,FALSE) -> Home | L12: Kigulu | M12: Iganga | N12: Uga | O12: 9 | P12: 2 | Q12: =VLOOKUP(P12,Key!$E$2:$F$9,2,FALSE) -> Work | R12: =K12&"-"&Q12 -> Home-Work | T12: 0.5 | U12: 2 | Y12: Y
B13: 0.69791667 | C13: UBB 027Q | D13: 1 | E13: 2 | F13: Iganga | G13: Iganga | H13: Uga | I13: 16 | J13: 8 | K13: =VLOOKUP(J13,Key!$E$2:$F$9,2,FALSE) -> Others | L13: Kabira | M13: Iganga | N13: Uga | O13: 1 | P13: 1 | Q13: =VLOOKUP(P13,Key!$E$2:$F$9,2,FALSE) -> Home | R13: =K13&"-"&Q13 -> Others-Home | S13: 27 | T13: 2 | U13: 6 | Y13: Y
B14: 0.69305556 | C14: UAQ 296R | D14: 7 | E14: 4 | F14: Iganga | G14: Iganga | H14: Uga | I14: 10 | J14: 2 | K14: =VLOOKUP(J14,Key!$E$2:$F$9,2,FALSE) -> Work | L14: Nabingala | M14: Iganga | N14: Uga | O14: 1 | P14: 1 | Q14: =VLOOKUP(P14,Key!$E$2:$F$9,2,FALSE) -> Home | R14: =K14&"-"&Q14 -> Work-Home | T14: 1 | U14: 2 | Y14: Y
B15: 0.70486111 | C15: UAQ 270K | D15: 3 | E15: 3 | F15: Iganga | G15: Iganga | H15: Uga | I15: 1 | J15: 1 | K15: =VLOOKUP(J15,Key!$E$2:$F$9,2,FALSE) -> Home | L15: Kalama | M15: Kaliro | N15: Uga | O15: 11 | P15: 2 | Q15: =VLOOKUP(P15,Key!$E$2:$F$9,2,FALSE) -> Work | R15: =K15&"-"&Q15 -> Home-Work | T15: 2 | U15: 2 | Y15: Y
B16: 0.70069444 | C16: UAS 728L | D16: 4 | E16: 14 | F16: Iganga | G16: Iganga | H16: Uga | I16: 6 | J16: 2 | K16: =VLOOKUP(J16,Key!$E$2:$F$9,2,FALSE) -> Work | L16: Kalama | M16: Kaliro | N16: Uga | O16: 6 | P16: 2 | Q16: =VLOOKUP(P16,Key!$E$2:$F$9,2,FALSE) -> Work | R16: =K16&"-"&Q16 -> Work-Work | T16: 2 | U16: 2 | Y16: Y
B17: 0.72569444 | C17: UAF 298L | D17: 2 | E17: 1 | F17: Iganga | G17: Iganga | H17: Uga | I17: 1 | J17: 1 | K17: =VLOOKUP(J17,Key!$E$2:$F$9,2,FALSE) -> Home | L17: Kigulu | M17: Iganga | N17: Uga | O17: 16 | P17: 8 | Q17: =VLOOKUP(P17,Key!$E$2:$F$9,2,FALSE) -> Others | R17: =K17&"-"&Q17 -> Home-Others | T17: 0.3 | U17: 2 | Y17: Y
B18: 0.62847222 | C18: UAL 897Q | D18: 4 | E18: 14 | F18: Iganga | G18: Iganga | H18: Uga | I18: 6 | J18: 2 | K18: =VLOOKUP(J18,Key!$E$2:$F$9,2,FALSE) -> Work | L18: Bunyiro | M18: Iganga | N18: Uga | O18: 6 | P18: 2 | Q18: =VLOOKUP(P18,Key!$E$2:$F$9,2,FALSE) -> Work | R18: =K18&"-"&Q18 -> Work-Work | S18: 2 | U18: 2 | Y18: Y
B19: 0.71875 | C19: UAX 257V | D19: 3 | E19: 4 | F19: Iganga | G19: Iganga | H19: Uga | I19: 1 | J19: 1 | K19: =VLOOKUP(J19,Key!$E$2:$F$9,2,FALSE) -> Home | L19: Nabitovu | M19: Iganga | N19: Uga | O19: 16 | P19: 8 | Q19: =VLOOKUP(P19,Key!$E$2:$F$9,2,FALSE) -> Others | R19: =K19&"-"&Q19 -> Home-Others | U19: 2 | Y19: Y
B20: 0.65486111 | C20: UAT 723D | D20: 1 | E20: 3 | F20: Iganga | G20: Iganga | H20: Uga | I20: 16 | J20: 8 | K20: =VLOOKUP(J20,Key!$E$2:$F$9,2,FALSE) -> Others | L20: Kalama | M20: Kaliro | N20: Uga | O20: 1 | P20: 1 | Q20: =VLOOKUP(P20,Key!$E$2:$F$9,2,FALSE) -> Home | R20: =K20&"-"&Q20 -> Others-Home | S20: 27 | T20: 2 | U20: 6 | Y20: Y
B21: 0.65069444 | C21: UAB 520H | D21: 4 | E21: 14 | F21: Iganga | G21: Iganga | H21: Uga | I21: 6 | J21: 2 | K21: =VLOOKUP(J21,Key!$E$2:$F$9,2,FALSE) -> Work | L21: Kaliro | M21: Iganga | N21: Uga | O21: 6 | P21: 2 | Q21: =VLOOKUP(P21,Key!$E$2:$F$9,2,FALSE) -> Work | R21: =K21&"-"&Q21 -> Work-Work | S21: 15 | T21: 1 | U21: 2 | Y21: Y
B22: 0.66527778 | C22: UAT 004D | D22: 1 | E22: 3 | F22: Iganga | G22: Iganga | H22: Uga | I22: 9 | J22: 2 | K22: =VLOOKUP(J22,Key!$E$2:$F$9,2,FALSE) -> Work | L22: Kalama | M22: Kaliro | N22: Uga | O22: 1 | P22: 1 | Q22: =VLOOKUP(P22,Key!$E$2:$F$9,2,FALSE) -> Home | R22: =K22&"-"&Q22 -> Work-Home | T22: 1.5 | U22: 1 | Y22: Y
B23: 0.67361111 | C23: UAV 928B | D23: 4 | E23: 14 | F23: Kampala | G23: Kampala | H23: Uga | I23: 6 | J23: 2 | K23: =VLOOKUP(J23,Key!$E$2:$F$9,2,FALSE) -> Work | L23: Kaliro | M23: Kaliro | N23: Uga | O23: 6 | P23: 2 | Q23: =VLOOKUP(P23,Key!$E$2:$F$9,2,FALSE) -> Work | R23: =K23&"-"&Q23 -> Work-Work | S23: 160 | T23: 4 | U23: 2 | Y23: Y
B24: 0.66319444 | C24: UBB 773L | D24: 4 | E24: 3 | F24: Busesa | G24: Bugwere | H24: Uga | I24: 1 | J24: 1 | K24: =VLOOKUP(J24,Key!$E$2:$F$9,2,FALSE) -> Home | L24: Kalama | M24: Kaliro | N24: Uga | O24: 6 | P24: 2 | Q24: =VLOOKUP(P24,Key!$E$2:$F$9,2,FALSE) -> Work | R24: =K24&"-"&Q24 -> Home-Work | T24: 2 | U24: 2 | Y24: Y
B25: 0.65763889 | C25: UBB 009K | D25: 2 | E25: 2 | F25: Iganga | G25: Iganga | H25: Uga | I25: 1 | J25: 1 | K25: =VLOOKUP(J25,Key!$E$2:$F$9,2,FALSE) -> Home | L25: Kaliro | M25: Kaliro | N25: Uga | O25: 11 | P25: 2 | Q25: =VLOOKUP(P25,Key!$E$2:$F$9,2,FALSE) -> Work | R25: =K25&"-"&Q25 -> Home-Work | S25: 15 | U25: 2 | Y25: Y
B26: 0.72569444 | C26: UAL 228H | D26: 2 | E26: 2 | F26: Iganga | G26: Iganga | H26: Uga | I26: 1 | J26: 1 | K26: =VLOOKUP(J26,Key!$E$2:$F$9,2,FALSE) -> Home | L26: Kaliro | M26: Kaliro | N26: Uga | O26: 3 | P26: 2 | Q26: =VLOOKUP(P26,Key!$E$2:$F$9,2,FALSE) -> Work | R26: =K26&"-"&Q26 -> Home-Work | S26: 15 | T26: 2 | U26: 2 | Y26: Y
B27: 0.72847222 | C27: UAL 772Y | D27: 3 | E27: 4 | F27: Iganga | G27: Iganga | H27: Uga | I27: 5 | J27: 7 | K27: =VLOOKUP(J27,Key!$E$2:$F$9,2,FALSE) -> Hospital | L27: Kigulu | M27: Iganga | N27: Uga | O27: 1 | P27: 1 | Q27: =VLOOKUP(P27,Key!$E$2:$F$9,2,FALSE) -> Home | R27: =K27&"-"&Q27 -> Hospital-Home | T27: 0.5 | U27: 6 | Y27: Y
B28: 0.45763889 | C28: UBB 269J | D28: 2 | E28: 3 | F28: Iganga | G28: Iganga | H28: Uga | I28: 1 | J28: 1 | K28: =VLOOKUP(J28,Key!$E$2:$F$9,2,FALSE) -> Home | L28: Nabingala | M28: Iganga | N28: Uga | O28: 2 | P28: 2 | Q28: =VLOOKUP(P28,Key!$E$2:$F$9,2,FALSE) -> Work | R28: =K28&"-"&Q28 -> Home-Work | S28: 15 | T28: 0.3 | U28: 2 | Y28: Y
B29: 0.4625 | C29: UAH 948B | D29: 1 | E29: 3 | F29: Iganga | G29: Iganga | H29: Uga | I29: 1 | J29: 1 | K29: =VLOOKUP(J29,Key!$E$2:$F$9,2,FALSE) -> Home | L29: Kaliro | M29: Kaliro | N29: Uga | O29: 9 | P29: 2 | Q29: =VLOOKUP(P29,Key!$E$2:$F$9,2,FALSE) -> Work | R29: =K29&"-"&Q29 -> Home-Work | S29: 5 | T29: 1.5 | U29: 4 | Y29: Y
B30: 0.46597222 | C30: UAT 253N | D30: 3 | E30: 1 | F30: Iganga | G30: Iganga | H30: Uga | I30: 1 | J30: 1 | K30: =VLOOKUP(J30,Key!$E$2:$F$9,2,FALSE) -> Home | L30: Namugalo | M30: Iganga | N30: Uga | O30: 4 | P30: 3 | Q30: =VLOOKUP(P30,Key!$E$2:$F$9,2,FALSE) -> Study | R30: =K30&"-"&Q30 -> Home-Study | S30: 16 | T30: 0.7 | U30: 5 | Y30: Y | Z30: 1000
B31: 0.46805556 | C31: UAV 958D | D31: 2 | E31: 3 | F31: Jinja | G31: Jinja | H31: Uga | I31: 1 | J31: 1 | K31: =VLOOKUP(J31,Key!$E$2:$F$9,2,FALSE) -> Home | L31: Kaliro | M31: Iganga | N31: Uga | O31: 3 | P31: 4 | Q31: =VLOOKUP(P31,Key!$E$2:$F$9,2,FALSE) -> Commercial | R31: =K31&"-"&Q31 -> Home-Commercial | S31: 5 | T31: 0.8 | U31: 6 | Y31: Y
B32: 0.47083333 | C32: UAL 237K | D32: 4 | E32: 1 | F32: Iganga | G32: Iganga | H32: Uga | I32: 1 | J32: 1 | K32: =VLOOKUP(J32,Key!$E$2:$F$9,2,FALSE) -> Home | L32: Nabitovu | M32: Iganga | N32: Uga | O32: 6 | P32: 8 | Q32: =VLOOKUP(P32,Key!$E$2:$F$9,2,FALSE) -> Others | R32: =K32&"-"&Q32 -> Home-Others | S32: 15 | T32: 0.5 | U32: 6 | Y32: Y
B33: 0.47361111 | C33: UAL 140Q | D33: 1 | E33: 3 | F33: Busesa | G33: Bugwere | H33: Uga | I33: 1 | J33: 1 | K33: =VLOOKUP(J33,Key!$E$2:$F$9,2,FALSE) -> Home | L33: Kaliro | M33: Iganga | N33: Uga | O33: 10 | P33: 2 | Q33: =VLOOKUP(P33,Key!$E$2:$F$9,2,FALSE) -> Work | R33: =K33&"-"&Q33 -> Home-Work | S33: 16 | T33: 0.6 | U33: 4 | Y33: Y
B34: 0.47569444 | C34: UAH 645F | D34: 1 | E34: 4 | F34: Iganga | G34: Iganga | H34: Uga | I34: 1 | J34: 1 | K34: =VLOOKUP(J34,Key!$E$2:$F$9,2,FALSE) -> Home | L34: Kyanga | M34: Iganga | N34: Uga | O34: 16 | P34: 8 | Q34: =VLOOKUP(P34,Key!$E$2:$F$9,2,FALSE) -> Others | R34: =K34&"-"&Q34 -> Home-Others | T34: 0.5 | U34: 1 | Y34: Y
B35: 0.47847222 | C35: UAB 601V | D35: 4 | E35: 14 | F35: Iganga | G35: Iganga | H35: Uga | I35: 6 | J35: 2 | K35: =VLOOKUP(J35,Key!$E$2:$F$9,2,FALSE) -> Work | L35: Irindi | M35: Buyende | N35: Uga | O35: 6 | P35: 2 | Q35: =VLOOKUP(P35,Key!$E$2:$F$9,2,FALSE) -> Work | R35: =K35&"-"&Q35 -> Work-Work | S35: 85 | T35: 2 | U35: 2 | Y35: Y
B36: 0.48125 | C36: UAT 543K | D36: 1 | E36: 2 | F36: Iganga | G36: Iganga | H36: Uga | I36: 1 | J36: 1 | K36: =VLOOKUP(J36,Key!$E$2:$F$9,2,FALSE) -> Home | L36: Namugalo | M36: Iganga | N36: Uga | O36: 2 | P36: 2 | Q36: =VLOOKUP(P36,Key!$E$2:$F$9,2,FALSE) -> Work | R36: =K36&"-"&Q36 -> Home-Work | S36: 10 | T36: 0.5 | U36: 2 | Y36: Y
B37: 0.48402778 | C37: UAU 580J | D37: 1 | E37: 3 | F37: Iganga | G37: Iganga | H37: Uga | I37: 1 | J37: 1 | K37: =VLOOKUP(J37,Key!$E$2:$F$9,2,FALSE) -> Home | L37: Nawaniik | M37: Iganga | N37: Uga | O37: 5 | P37: 7 | Q37: =VLOOKUP(P37,Key!$E$2:$F$9,2,FALSE) -> Hospital | R37: =K37&"-"&Q37 -> Home-Hospital | T37: 0.5 | U37: 6 | Y37: Y
B38: 0.48611111 | C38: UAY 728V | D38: 2 | E38: 1 | F38: Iganga | G38: Iganga | H38: Uga | I38: 1 | J38: 1 | K38: =VLOOKUP(J38,Key!$E$2:$F$9,2,FALSE) -> Home | L38: Bunyiro | M38: Iganga | N38: Uga | O38: 11 | P38: 2 | Q38: =VLOOKUP(P38,Key!$E$2:$F$9,2,FALSE) -> Work | R38: =K38&"-"&Q38 -> Home-Work | S38: 5 | T38: 0.5 | U38: 2 | Y38: Y
B39: 0.48888889 | C39: UAU 363D | D39: 11 | E39: 3 | F39: Iganga | G39: Iganga | H39: Uga | I39: 8 | J39: 2 | K39: =VLOOKUP(J39,Key!$E$2:$F$9,2,FALSE) -> Work | L39: Kaliro | M39: Kaliro | N39: Uga | O39: 8 | P39: 2 | Q39: =VLOOKUP(P39,Key!$E$2:$F$9,2,FALSE) -> Work | R39: =K39&"-"&Q39 -> Work-Work | S39: 15 | T39: 0.8 | U39: 2 | Y39: Y
B40: 0.49166667 | C40: UAB 356F | D40: 3 | E40: 3 | F40: Iganga | G40: Iganga | H40: Uga | I40: 1 | J40: 1 | K40: =VLOOKUP(J40,Key!$E$2:$F$9,2,FALSE) -> Home | L40: Buwalamera | M40: Iganga | N40: Uga | O40: 2 | P40: 2 | Q40: =VLOOKUP(P40,Key!$E$2:$F$9,2,FALSE) -> Work | R40: =K40&"-"&Q40 -> Home-Work | S40: 8 | T40: 0.5 | U40: 2 | Y40: Y
B41: 0.49791667 | C41: UAA 516F | D41: 1 | E41: 4 | F41: Magamaga | G41: Mayugwe | H41: Uga | I41: 1 | J41: 1 | K41: =VLOOKUP(J41,Key!$E$2:$F$9,2,FALSE) -> Home | L41: Kaliro | M41: Kaliro | N41: Uga | O41: 16 | P41: 8 | Q41: =VLOOKUP(P41,Key!$E$2:$F$9,2,FALSE) -> Others | R41: =K41&"-"&Q41 -> Home-Others | S41: 15 | T41: 0.8 | U41: 6 | Y41: Y
B42: 0.0069444444 | C42: UAJ 261H | D42: 3 | E42: 1 | F42: Iganga | G42: Iganga | H42: Uga | I42: 9 | J42: 2 | K42: =VLOOKUP(J42,Key!$E$2:$F$9,2,FALSE) -> Work | L42: Kalina | M42: Iganga | N42: Uga | O42: 1 | P42: 1 | Q42: =VLOOKUP(P42,Key!$E$2:$F$9,2,FALSE) -> Home | R42: =K42&"-"&Q42 -> Work-Home | T42: 1 | U42: 6 | Y42: Y
B43: 0.010416667 | C43: UBB 428C | D43: 4 | E43: 14 | F43: Iganga | G43: Iganga | H43: Uga | I43: 6 | J43: 2 | K43: =VLOOKUP(J43,Key!$E$2:$F$9,2,FALSE) -> Work | L43: Bunyiro | M43: Iganga | N43: Uga | O43: 6 | P43: 2 | Q43: =VLOOKUP(P43,Key!$E$2:$F$9,2,FALSE) -> Work | R43: =K43&"-"&Q43 -> Work-Work | S43: 3 | T43: 0.5 | U43: 2 | Y43: Y
B44: 0.51388889 | C44: UAS 592F | D44: 1 | E44: 2 | F44: Jinja | G44: Jinja | H44: Uga | I44: 3 | J44: 2 | K44: =VLOOKUP(J44,Key!$E$2:$F$9,2,FALSE) -> Work | L44: Kigulu | M44: Iganga | N44: Uga | O44: 1 | P44: 1 | Q44: =VLOOKUP(P44,Key!$E$2:$F$9,2,FALSE) -> Home | R44: =K44&"-"&Q44 -> Work-Home | T44: 0.3 | U44: 3 | Y44: Y
B45: 0.01875 | C45: UBB 758B | D45: 4 | E45: 14 | F45: Jinja | G45: Jinja | H45: Uga | I45: 6 | J45: 2 | K45: =VLOOKUP(J45,Key!$E$2:$F$9,2,FALSE) -> Work | L45: Kilama | M45: Kilana | N45: Uga | O45: 6 | P45: 2 | Q45: =VLOOKUP(P45,Key!$E$2:$F$9,2,FALSE) -> Work | R45: =K45&"-"&Q45 -> Work-Work | S45: 17 | T45: 1 | U45: 2 | Y45: Y
B46: 0.021527778 | C46: UAF 477P | D46: 2 | E46: 2 | F46: Iganga | G46: Iganga | H46: Uga | I46: 1 | J46: 1 | K46: =VLOOKUP(J46,Key!$E$2:$F$9,2,FALSE) -> Home | L46: Mamugalo | M46: Iganga | N46: Uga | O46: 9 | P46: 2 | Q46: =VLOOKUP(P46,Key!$E$2:$F$9,2,FALSE) -> Work | R46: =K46&"-"&Q46 -> Home-Work | S46: 6 | T46: 0.3 | U46: 3 | Y46: Y
B47: 0.027777778 | C47: UAH 922B | D47: 5 | E47: 32 | F47: Iganga | G47: Iganga | H47: Uga | I47: 4 | J47: 3 | K47: =VLOOKUP(J47,Key!$E$2:$F$9,2,FALSE) -> Study | L47: Kalino | M47: Iganga | N47: Uga | O47: 16 | P47: 8 | Q47: =VLOOKUP(P47,Key!$E$2:$F$9,2,FALSE) -> Others | R47: =K47&"-"&Q47 -> Study-Others | S47: 15 | T47: 1 | U47: 6 | Y47: Y
B48: 0.03125 | C48: UAH 922B | D48: 1 | E48: 4 | F48: Iganga | G48: Iganga | H48: Uga | I48: 1 | J48: 1 | K48: =VLOOKUP(J48,Key!$E$2:$F$9,2,FALSE) -> Home | L48: Namugalo | M48: Iganga | N48: Uga | O48: 16 | P48: 8 | Q48: =VLOOKUP(P48,Key!$E$2:$F$9,2,FALSE) -> Others | R48: =K48&"-"&Q48 -> Home-Others | S48: 45 | T48: 0.8 | U48: 6 | Y48: Y
B49: 0.034722222 | C49: UAH 215K | D49: 2 | E49: 8 | F49: Bugiri | G49: Bugiri | H49: Uga | I49: 1 | J49: 1 | K49: =VLOOKUP(J49,Key!$E$2:$F$9,2,FALSE) -> Home | L49: Kigulu | M49: Iganga | N49: Uga | O49: 4 | P49: 3 | Q49: =VLOOKUP(P49,Key!$E$2:$F$9,2,FALSE) -> Study | R49: =K49&"-"&Q49 -> Home-Study | S49: 20 | T49: 2 | U49: 6 | Y49: Y
B50: 0.038888889 | C50: UAV 715Q | D50: 1 | E50: 2 | F50: Iganga | G50: Iganga | H50: Uga | I50: 1 | J50: 1 | K50: =VLOOKUP(J50,Key!$E$2:$F$9,2,FALSE) -> Home | L50: Kaliro | M50: Kaliro | N50: Uga | O50: 9 | P50: 2 | Q50: =VLOOKUP(P50,Key!$E$2:$F$9,2,FALSE) -> Work | R50: =K50&"-"&Q50 -> Home-Work | S50: 15 | T50: 0.5 | U50: 3 | Y50: Y
B51: 0.54166667 | C51: UAT 411U | D51: 2 | E51: 2 | F51: Iganga | G51: Iganga | H51: Uga | I51: 1 | J51: 1 | K51: =VLOOKUP(J51,Key!$E$2:$F$9,2,FALSE) -> Home | L51: Kigulu | M51: Iganga | N51: Uga | O51: 12 | P51: 2 | Q51: =VLOOKUP(P51,Key!$E$2:$F$9,2,FALSE) -> Work | R51: =K51&"-"&Q51 -> Home-Work | S51: 10 | T51: 0.2 | U51: 1 | Y51: Y
B52: 0.55069444 | C52: UAB 612Q | D52: 3 | E52: 1 | F52: Iganga | G52: Iganga | H52: Uga | I52: 14 | J52: 8 | K52: =VLOOKUP(J52,Key!$E$2:$F$9,2,FALSE) -> Others | L52: Kigulu | M52: Iganga | N52: Uga | O52: 1 | P52: 1 | Q52: =VLOOKUP(P52,Key!$E$2:$F$9,2,FALSE) -> Home | R52: =K52&"-"&Q52 -> Others-Home | T52: 0.1 | U52: 6 | Y52: Y
B53: 0.55208333 | C53: UAY 227V | D53: 1 | E53: 3 | F53: Iganga | G53: Iganga | H53: Uga | I53: 7 | J53: 8 | K53: =VLOOKUP(J53,Key!$E$2:$F$9,2,FALSE) -> Others | L53: Bunyiro | M53: Iganga | N53: Uga | O53: 1 | P53: 1 | Q53: =VLOOKUP(P53,Key!$E$2:$F$9,2,FALSE) -> Home | R53: =K53&"-"&Q53 -> Others-Home | S53: 2 | T53: 0.1 | U53: 3 | Y53: N
B54: 0.55416667 | C54: UAV 085L | D54: 2 | E54: 7 | F54: Mbarara | G54: Mbarara | H54: Uga | I54: 1 | J54: 1 | K54: =VLOOKUP(J54,Key!$E$2:$F$9,2,FALSE) -> Home | L54: Kilama | M54: Kaliro | N54: Uga | O54: 16 | P54: 8 | Q54: =VLOOKUP(P54,Key!$E$2:$F$9,2,FALSE) -> Others | R54: =K54&"-"&Q54 -> Home-Others | S54: 46 | T54: 2.5 | U54: 6 | Y54: N
B55: 0.55694444 | C55: UAJ 029H | D55: 1 | E55: 1 | F55: Busesa | G55: Bugwere | H55: Uga | I55: 10 | J55: 2 | K55: =VLOOKUP(J55,Key!$E$2:$F$9,2,FALSE) -> Work | L55: Kaliro | M55: Kaliro | N55: Uga | O55: 1 | P55: 1 | Q55: =VLOOKUP(P55,Key!$E$2:$F$9,2,FALSE) -> Home | R55: =K55&"-"&Q55 -> Work-Home | S55: 12 | T55: 1 | U55: 6 | Y55: N
B56: 0.55972222 | C56: UAF 953M | D56: 4 | E56: 14 | F56: Iganga | G56: Iganga | H56: Uga | I56: 6 | J56: 2 | K56: =VLOOKUP(J56,Key!$E$2:$F$9,2,FALSE) -> Work | L56: Nabingala | M56: Iganga | N56: Uga | O56: 6 | P56: 2 | Q56: =VLOOKUP(P56,Key!$E$2:$F$9,2,FALSE) -> Work | R56: =K56&"-"&Q56 -> Work-Work | S56: 7 | T56: 0.8 | U56: 2 | Y56: Y
B57: 0.5625 | C57: UBA 520Q | D57: 2 | E57: 2 | F57: Iganga | G57: Iganga | H57: Uga | I57: 1 | J57: 1 | K57: =VLOOKUP(J57,Key!$E$2:$F$9,2,FALSE) -> Home | L57: Kabira | M57: Iganga | N57: Uga | O57: 16 | P57: 8 | Q57: =VLOOKUP(P57,Key!$E$2:$F$9,2,FALSE) -> Others | R57: =K57&"-"&Q57 -> Home-Others | S57: 27 | T57: 1 | U57: 3 | Y57: Y
B58: 0.56597222 | C58: UAK 565Y | D58: 2 | E58: 1 | F58: Iganga | G58: Iganga | H58: Uga | I58: 1 | J58: 1 | K58: =VLOOKUP(J58,Key!$E$2:$F$9,2,FALSE) -> Home | L58: Kaliro | M58: Kaliro | N58: Uga | O58: 16 | P58: 8 | Q58: =VLOOKUP(P58,Key!$E$2:$F$9,2,FALSE) -> Others | R58: =K58&"-"&Q58 -> Home-Others | S58: 15 | T58: 1 | U58: 3 | Y58: Y
B59: 0.55972222 | C59: UAB 205H | D59: 8 | E59: 2 | F59: Iganga | G59: Iganga | H59: Uga | I59: 1 | J59: 1 | K59: =VLOOKUP(J59,Key!$E$2:$F$9,2,FALSE) -> Home | L59: Kabira | M59: Iganga | N59: Uga | O59: 10 | P59: 2 | Q59: =VLOOKUP(P59,Key!$E$2:$F$9,2,FALSE) -> Work | R59: =K59&"-"&Q59 -> Home-Work | S59: 24 | T59: 1 | U59: 2 | Y59: Y
B60: 0.56805556 | C60: UAX 106F | D60: 4 | E60: 14 | F60: Iganga | G60: Iganga | H60: Uga | I60: 6 | J60: 2 | K60: =VLOOKUP(J60,Key!$E$2:$F$9,2,FALSE) -> Work | L60: Kaliro | M60: Iganga | N60: Uga | O60: 6 | P60: 2 | Q60: =VLOOKUP(P60,Key!$E$2:$F$9,2,FALSE) -> Work | R60: =K60&"-"&Q60 -> Work-Work | S60: 14 | T60: 1 | U60: 2 | Y60: Y
B61: 0.57083333 | C61: UAP 345B | D61: 1 | E61: 1 | F61: Iganga | G61: Iganga | H61: Uga | I61: 3 | J61: 2 | K61: =VLOOKUP(J61,Key!$E$2:$F$9,2,FALSE) -> Work | L61: Nabingala | M61: Iganga | N61: Uga | O61: 1 | P61: 1 | Q61: =VLOOKUP(P61,Key!$E$2:$F$9,2,FALSE) -> Home | R61: =K61&"-"&Q61 -> Work-Home | T61: 0.5 | U61: 1 | Y61: Y
B62: 0.57222222 | C62: UAF 608C | D62: 5 | E62: 37 | F62: Jinja | G62: Jinja | H62: Uga | I62: 4 | J62: 3 | K62: =VLOOKUP(J62,Key!$E$2:$F$9,2,FALSE) -> Study | L62: Kaliro | M62: Iganga | N62: Uga | O62: 4 | P62: 3 | Q62: =VLOOKUP(P62,Key!$E$2:$F$9,2,FALSE) -> Study | R62: =K62&"-"&Q62 -> Study-Study | S62: 27 | T62: 2 | U62: 6 | Y62: Y
B63: 0.57361111 | C63: UBF 318L | D63: 7 | E63: 2 | F63: Iganga | G63: Iganga | H63: Uga | I63: 1 | J63: 1 | K63: =VLOOKUP(J63,Key!$E$2:$F$9,2,FALSE) -> Home | L63: Kibila | M63: Iganga | N63: Uga | O63: 16 | P63: 2 | Q63: =VLOOKUP(P63,Key!$E$2:$F$9,2,FALSE) -> Work | R63: =K63&"-"&Q63 -> Home-Work | S63: 24 | T63: 1 | U63: 2 | Y63: Y
B64: 0.575 | C64: UAB 657F | D64: 8 | E64: 4 | F64: Iganga | G64: Iganga | H64: Uga | I64: 10 | J64: 2 | K64: =VLOOKUP(J64,Key!$E$2:$F$9,2,FALSE) -> Work | L64: Kaliro | M64: Kaliro | N64: Uga | O64: 16 | P64: 8 | Q64: =VLOOKUP(P64,Key!$E$2:$F$9,2,FALSE) -> Others | R64: =K64&"-"&Q64 -> Work-Others | S64: 10 | T64: 0.5 | U64: 2 | Y64: Y
B65: 0.58333333 | C65: UAX 267E | D65: 1 | E65: 2 | F65: Iganga | G65: Iganga | H65: Uga | I65: 1 | J65: 1 | K65: =VLOOKUP(J65,Key!$E$2:$F$9,2,FALSE) -> Home | L65: Kigulu | M65: Iganga | N65: Uga | O65: 5 | P65: 7 | Q65: =VLOOKUP(P65,Key!$E$2:$F$9,2,FALSE) -> Hospital | R65: =K65&"-"&Q65 -> Home-Hospital | T65: 0.3 | U65: 6 | Y65: Y
B66: 0.58541667 | C66: UAT 061D | D66: 2 | E66: 4 | F66: Iganga | G66: Iganga | H66: Uga | I66: 1 | J66: 1 | K66: =VLOOKUP(J66,Key!$E$2:$F$9,2,FALSE) -> Home | L66: Kabira | M66: Iganga | N66: Uga | O66: 9 | P66: 2 | Q66: =VLOOKUP(P66,Key!$E$2:$F$9,2,FALSE) -> Work | R66: =K66&"-"&Q66 -> Home-Work | S66: 24 | T66: 1.5 | U66: 3 | Y66: Y
B67: 0.59027778 | C67: UBC 652D | D67: 1 | E67: 2 | F67: Iganga | G67: Iganga | H67: Uga | I67: 2 | J67: 2 | K67: =VLOOKUP(J67,Key!$E$2:$F$9,2,FALSE) -> Work | L67: Gandumire | M67: Iganga | N67: Uga | O67: 1 | P67: 1 | Q67: =VLOOKUP(P67,Key!$E$2:$F$9,2,FALSE) -> Home | R67: =K67&"-"&Q67 -> Work-Home | T67: 0.8 | U67: 1 | Y67: Y
B68: 0.59236111 | C68: UAS 265H | D68: 3 | E68: 2 | F68: Iganga | G68: Iganga | H68: Uga | I68: 1 | J68: 1 | K68: =VLOOKUP(J68,Key!$E$2:$F$9,2,FALSE) -> Home | L68: Kigulu | M68: Iganga | N68: Uga | O68: 13 | P68: 2 | Q68: =VLOOKUP(P68,Key!$E$2:$F$9,2,FALSE) -> Work | R68: =K68&"-"&Q68 -> Home-Work | S68: 5 | T68: 0.2 | U68: 2 | Y68: Y
B69: 0.59513889 | C69: UAY 615H | D69: 8 | E69: 3 | F69: Iganga | G69: Iganga | H69: Uga | I69: 10 | J69: 2 | K69: =VLOOKUP(J69,Key!$E$2:$F$9,2,FALSE) -> Work | L69: Nabingala | M69: Iganga | N69: Uga | O69: 1 | P69: 1 | Q69: =VLOOKUP(P69,Key!$E$2:$F$9,2,FALSE) -> Home | R69: =K69&"-"&Q69 -> Work-Home | S69: 10 | T69: 0.5 | U69: 2 | Y69: Y
B70: 0.59722222 | C70: UBC 902E | D70: 1 | E70: 2 | F70: Iganga | G70: Iganga | H70: Uga | I70: 1 | J70: 1 | K70: =VLOOKUP(J70,Key!$E$2:$F$9,2,FALSE) -> Home | L70: Kabira | M70: Iganga | N70: Uga | O70: 10 | P70: 2 | Q70: =VLOOKUP(P70,Key!$E$2:$F$9,2,FALSE) -> Work | R70: =K70&"-"&Q70 -> Home-Work | S70: 23 | T70: 1.5 | U70: 2 | Y70: Y
B71: 0.60138889 | C71: UAZ 086H | D71: 4 | E71: 14 | F71: Iganga | G71: Iganga | H71: Uga | I71: 6 | J71: 2 | K71: =VLOOKUP(J71,Key!$E$2:$F$9,2,FALSE) -> Work | L71: Kaliro | M71: Kaliro | N71: Uga | O71: 6 | P71: 2 | Q71: =VLOOKUP(P71,Key!$E$2:$F$9,2,FALSE) -> Work | R71: =K71&"-"&Q71 -> Work-Work | S71: 15 | T71: 0.8 | U71: 1 | Y71: Y
B72: 0.60416667 | C72: UBD 611E | D72: 1 | E72: 1 | F72: Iganga | G72: Iganga | H72: Uga | I72: 2 | J72: 2 | K72: =VLOOKUP(J72,Key!$E$2:$F$9,2,FALSE) -> Work | L72: Kabira | M72: Iganga | N72: Uga | O72: 1 | P72: 1 | Q72: =VLOOKUP(P72,Key!$E$2:$F$9,2,FALSE) -> Home | R72: =K72&"-"&Q72 -> Work-Home | S72: 27 | T72: 2 | U72: 6 | Y72: Y
B73: 0.60763889 | C73: UAL 620E | D73: 2 | E73: 2 | F73: Jinja | G73: Jinja | H73: Uga | I73: 3 | J73: 2 | K73: =VLOOKUP(J73,Key!$E$2:$F$9,2,FALSE) -> Work | L73: Kigulu | M73: Iganga | N73: Uga | O73: 1 | P73: 1 | Q73: =VLOOKUP(P73,Key!$E$2:$F$9,2,FALSE) -> Home | R73: =K73&"-"&Q73 -> Work-Home | T73: 1 | U73: 3 | Y73: Y
B74: 0.61041667 | C74: UAQ 122D | D74: 8 | E74: 3 | F74: Iganga | G74: Iganga | H74: Uga | I74: 1 | J74: 1 | K74: =VLOOKUP(J74,Key!$E$2:$F$9,2,FALSE) -> Home | L74: Kigulu | M74: Iganga | N74: Uga | O74: 10 | P74: 2 | Q74: =VLOOKUP(P74,Key!$E$2:$F$9,2,FALSE) -> Work | R74: =K74&"-"&Q74 -> Home-Work | S74: 5 | T74: 0.3 | U74: 2 | Y74: Y
B75: 0.61458333 | C75: UBB 200K | D75: 2 | E75: 2 | F75: Iganga | G75: Iganga | H75: Uga | I75: 3 | J75: 2 | K75: =VLOOKUP(J75,Key!$E$2:$F$9,2,FALSE) -> Work | L75: Nabitovu | M75: Iganga | N75: Uga | O75: 1 | P75: 1 | Q75: =VLOOKUP(P75,Key!$E$2:$F$9,2,FALSE) -> Home | R75: =K75&"-"&Q75 -> Work-Home | S75: 12 | T75: 0.7 | U75: 2 | Y75: Y
B76: 0.61666667 | C76: UAS 287H | D76: 4 | E76: 14 | F76: Iganga | G76: Iganga | H76: Uga | I76: 6 | J76: 2 | K76: =VLOOKUP(J76,Key!$E$2:$F$9,2,FALSE) -> Work | L76: Kabira | M76: Iganga | N76: Uga | O76: 6 | P76: 2 | Q76: =VLOOKUP(P76,Key!$E$2:$F$9,2,FALSE) -> Work | R76: =K76&"-"&Q76 -> Work-Work | S76: 27 | T76: 2 | U76: 2 | Y76: Y
B77: 0.62222222 | C77: UAH 299T | D77: 2 | E77: 2 | F77: Iganga | G77: Iganga | H77: Uga | I77: 10 | J77: 2 | K77: =VLOOKUP(J77,Key!$E$2:$F$9,2,FALSE) -> Work | L77: Kigulu | M77: Iganga | N77: Uga | O77: 1 | P77: 1 | Q77: =VLOOKUP(P77,Key!$E$2:$F$9,2,FALSE) -> Home | R77: =K77&"-"&Q77 -> Work-Home | S77: 5 | T77: 0.2 | U77: 2 | Y77: Y
B78: 0.63888889 | C78: UAG 781S | D78: 8 | E78: 1 | F78: Iganga | G78: Iganga | H78: Uga | I78: 10 | J78: 2 | K78: =VLOOKUP(J78,Key!$E$2:$F$9,2,FALSE) -> Work | L78: Nabigalo | M78: Iganga | N78: Uga | O78: 14 | P78: 2 | Q78: =VLOOKUP(P78,Key!$E$2:$F$9,2,FALSE) -> Work | R78: =K78&"-"&Q78 -> Work-Work | S78: 17 | T78: 0.5 | U78: 2 | Y78: Y
B79: 0.64236111 | C79: UAP 902Z | D79: 7 | E79: 2 | F79: Iganga | G79: Iganga | H79: Uga | I79: 1 | J79: 1 | K79: =VLOOKUP(J79,Key!$E$2:$F$9,2,FALSE) -> Home | L79: Kabira | M79: Iganga | N79: Uga | O79: 10 | P79: 2 | Q79: =VLOOKUP(P79,Key!$E$2:$F$9,2,FALSE) -> Work | R79: =K79&"-"&Q79 -> Home-Work | S79: 27 | T79: 2 | U79: 1 | Y79: Y
B80: 0.64444444 | C80: UAW 188P | D80: 5 | E80: 32 | F80: Jinja | G80: Jinja | H80: Uga | I80: 6 | J80: 2 | K80: =VLOOKUP(J80,Key!$E$2:$F$9,2,FALSE) -> Work | L80: Kaliro | M80: Iganga | N80: Uga | O80: 6 | P80: 2 | Q80: =VLOOKUP(P80,Key!$E$2:$F$9,2,FALSE) -> Work | R80: =K80&"-"&Q80 -> Work-Work | T80: 3 | U80: 4 | Y80: Y
B81: 0.64722222 | C81: UAJ 823B | D81: 2 | E81: 2 | F81: Kampala | G81: Kampala | H81: Uga | I81: 1 | J81: 1 | K81: =VLOOKUP(J81,Key!$E$2:$F$9,2,FALSE) -> Home | L81: Kigulu | M81: Iganga | N81: Uga | O81: 3 | P81: 2 | Q81: =VLOOKUP(P81,Key!$E$2:$F$9,2,FALSE) -> Work | R81: =K81&"-"&Q81 -> Home-Work | S81: 160 | T81: 4 | U81: 1 | Y81: Y
B82: 0.63541667 | C82: UAA 729J | D82: 1 | E82: 1 | F82: Iganga | G82: Iganga | H82: Uga | I82: 2 | J82: 2 | K82: =VLOOKUP(J82,Key!$E$2:$F$9,2,FALSE) -> Work | L82: Nabigalo | M82: Iganga | N82: Uga | O82: 1 | P82: 1 | Q82: =VLOOKUP(P82,Key!$E$2:$F$9,2,FALSE) -> Home | R82: =K82&"-"&Q82 -> Work-Home | S82: 17 | T82: 0.5 | U82: 2 | Y82: Y
B83: 0.62430556 | C83: UAD 801L | D83: 3 | E83: 2 | F83: Iganga | G83: Iganga | H83: Uga | I83: 1 | J83: 1 | K83: =VLOOKUP(J83,Key!$E$2:$F$9,2,FALSE) -> Home | L83: Bunyiro | M83: Iganga | N83: Uga | O83: 16 | P83: 8 | Q83: =VLOOKUP(P83,Key!$E$2:$F$9,2,FALSE) -> Others | R83: =K83&"-"&Q83 -> Home-Others | S83: 2 | T83: 0.3 | U83: 3 | Y83: Y
B84: 0.79166667 | C84: UBE 889P | D84: 2 | E84: 3 | F84: Iganga | G84: Iganga | H84: Uga | I84: 1 | J84: 1 | K84: =VLOOKUP(J84,Key!$E$2:$F$9,2,FALSE) -> Home | L84: Kaliro | M84: Iganga | N84: Uga | O84: 16 | P84: 8 | Q84: =VLOOKUP(P84,Key!$E$2:$F$9,2,FALSE) -> Others | R84: =K84&"-"&Q84 -> Home-Others | T84: 0.3 | U84: 6
B85: 0.80208333 | C85: UBD 683E | D85: 2 | E85: 3 | F85: Entebbe | G85: Kampala | H85: Uga | I85: 16 | J85: 8 | K85: =VLOOKUP(J85,Key!$E$2:$F$9,2,FALSE) -> Others | L85: Nabingala | M85: Iganga | N85: Uga | O85: 1 | P85: 1 | Q85: =VLOOKUP(P85,Key!$E$2:$F$9,2,FALSE) -> Home | R85: =K85&"-"&Q85 -> Others-Home | S85: 160 | T85: 4 | U85: 6
B86: 0.80902778 | C86: UAM 922B | D86: 7 | E86: 2 | F86: Iganga | G86: Iganga | H86: Uga | I86: 10 | J86: 2 | K86: =VLOOKUP(J86,Key!$E$2:$F$9,2,FALSE) -> Work | L86: Kilama | M86: Kaliro | N86: Uga | O86: 1 | P86: 1 | Q86: =VLOOKUP(P86,Key!$E$2:$F$9,2,FALSE) -> Home | R86: =K86&"-"&Q86 -> Work-Home | S86: 45 | T86: 2 | U86: 2
B87: 0.80555556 | C87: UAV 562Y | D87: 4 | E87: 14 | F87: Iganga | G87: Iganga | H87: Uga | I87: 6 | J87: 2 | K87: =VLOOKUP(J87,Key!$E$2:$F$9,2,FALSE) -> Work | L87: Kigulu | M87: Iganga | N87: Uga | O87: 6 | P87: 2 | Q87: =VLOOKUP(P87,Key!$E$2:$F$9,2,FALSE) -> Work | R87: =K87&"-"&Q87 -> Work-Work | T87: 0.3 | U87: 2
B88: 0.86736111 | C88: UBC 250X | D88: 1 | E88: 2 | F88: Iganga | G88: Iganga | H88: Uga | I88: 7 | J88: 8 | K88: =VLOOKUP(J88,Key!$E$2:$F$9,2,FALSE) -> Others | L88: Bunyiro | M88: Iganga | N88: Uga | O88: 1 | P88: 1 | Q88: =VLOOKUP(P88,Key!$E$2:$F$9,2,FALSE) -> Home | R88: =K88&"-"&Q88 -> Others-Home | S88: 3 | T88: 0.5 | U88: 2
B89: 0.87291667 | C89: UBD 732Z | D89: 2 | E89: 4 | F89: Iganga | G89: Iganga | H89: Uga | I89: 3 | J89: 2 | K89: =VLOOKUP(J89,Key!$E$2:$F$9,2,FALSE) -> Work | L89: Buwalamera | M89: Iganga | N89: Uga | O89: 1 | P89: 1 | Q89: =VLOOKUP(P89,Key!$E$2:$F$9,2,FALSE) -> Home | R89: =K89&"-"&Q89 -> Work-Home | S89: 8 | T89: 1.5 | U89: 2
B90: 0.88541667 | C90: UBF 608B | D90: 4 | E90: 2 | F90: Magamaga | G90: Mayugwe | H90: Uga | I90: 6 | J90: 2 | K90: =VLOOKUP(J90,Key!$E$2:$F$9,2,FALSE) -> Work | L90: Kaliro | M90: Kaliro | N90: Uga | O90: 1 | P90: 1 | Q90: =VLOOKUP(P90,Key!$E$2:$F$9,2,FALSE) -> Home | R90: =K90&"-"&Q90 -> Work-Home | T90: 1 | U90: 2
B91: 0.89444444 | C91: UBB 669D | D91: 2 | E91: 2 | F91: Iganga | G91: Iganga | H91: Uga | I91: 16 | J91: 8 | K91: =VLOOKUP(J91,Key!$E$2:$F$9,2,FALSE) -> Others | L91: Nawaniki | M91: Iganga | N91: Uga | O91: 1 | P91: 1 | Q91: =VLOOKUP(P91,Key!$E$2:$F$9,2,FALSE) -> Home | R91: =K91&"-"&Q91 -> Others-Home | T91: 0.5 | U91: 2
B92: 0.86458333 | C92: UAV 729T | D92: 8 | E92: 3 | F92: Kayunga | G92: Kayunga | H92: Uga | I92: 9 | J92: 2 | K92: =VLOOKUP(J92,Key!$E$2:$F$9,2,FALSE) -> Work | L92: Kilama | M92: Kaliro | N92: Uga | O92: 1 | P92: 1 | Q92: =VLOOKUP(P92,Key!$E$2:$F$9,2,FALSE) -> Home | R92: =K92&"-"&Q92 -> Work-Home | T92: 1 | U92: 2
B93: 0.85972222 | C93: UAS 269K | D93: 3 | E93: 1 | F93: Iganga | G93: Iganga | H93: Uga | I93: 11 | J93: 2 | K93: =VLOOKUP(J93,Key!$E$2:$F$9,2,FALSE) -> Work | L93: Namugalo | M93: Iganga | N93: Uga | O93: 1 | P93: 1 | Q93: =VLOOKUP(P93,Key!$E$2:$F$9,2,FALSE) -> Home | R93: =K93&"-"&Q93 -> Work-Home | S93: 6 | T93: 0.3 | U93: 2
B94: 0.82777778 | C94: UBD 261M | D94: 1 | E94: 2 | F94: Iganga | G94: Iganga | H94: Uga | I94: 16 | J94: 8 | K94: =VLOOKUP(J94,Key!$E$2:$F$9,2,FALSE) -> Others | L94: Namugalo | M94: Iganga | N94: Uga | O94: 1 | P94: 1 | Q94: =VLOOKUP(P94,Key!$E$2:$F$9,2,FALSE) -> Home | R94: =K94&"-"&Q94 -> Others-Home | S94: 45 | T94: 0.5 | U94: 2
B95: 0.82291667 | C95: UAJ 286E | D95: 7 | E95: 2 | F95: Iganga | G95: Iganga | H95: Uga | I95: 5 | J95: 7 | K95: =VLOOKUP(J95,Key!$E$2:$F$9,2,FALSE) -> Hospital | L95: Bunyiro | M95: Iganga | N95: Uga | O95: 1 | P95: 1 | Q95: =VLOOKUP(P95,Key!$E$2:$F$9,2,FALSE) -> Home | R95: =K95&"-"&Q95 -> Hospital-Home | S95: 2 | T95: 0.3 | U95: 6
B96: 0.81875 | C96: UBE 492H | D96: 4 | E96: 14 | F96: Iganga | G96: Iganga | H96: Uga | I96: 6 | J96: 2 | K96: =VLOOKUP(J96,Key!$E$2:$F$9,2,FALSE) -> Work | L96: Bunyiro | M96: Iganga | N96: Uga | O96: 1 | P96: 1 | Q96: =VLOOKUP(P96,Key!$E$2:$F$9,2,FALSE) -> Home | R96: =K96&"-"&Q96 -> Work-Home | S96: 2 | T96: 0.3 | U96: 2
B97: 0.81111111 | C97: UBA 900E | D97: 1 | E97: 1 | F97: Iganga | G97: Iganga | H97: Uga | I97: 16 | J97: 2 | K97: =VLOOKUP(J97,Key!$E$2:$F$9,2,FALSE) -> Work | L97: Kigulu | M97: Iganga | N97: Uga | O97: 1 | P97: 1 | Q97: =VLOOKUP(P97,Key!$E$2:$F$9,2,FALSE) -> Home | R97: =K97&"-"&Q97 -> Work-Home | T97: 0.3 | U97: 2
B98: 0.85208333 | C98: UBA 696J | D98: 4 | E98: 13 | F98: Iganga | G98: Iganga | H98: Uga | I98: 6 | J98: 2 | K98: =VLOOKUP(J98,Key!$E$2:$F$9,2,FALSE) -> Work | L98: Kigulu | M98: Iganga | N98: Uga | O98: 1 | P98: 1 | Q98: =VLOOKUP(P98,Key!$E$2:$F$9,2,FALSE) -> Home | R98: =K98&"-"&Q98 -> Work-Home | T98: 0.3 | U98: 2
B99: 0.83263889 | C99: UBD 387B | D99: 3 | E99: 3 | F99: Iganga | G99: Iganga | H99: Uga | I99: 15 | J99: 8 | K99: =VLOOKUP(J99,Key!$E$2:$F$9,2,FALSE) -> Others | L99: Kilama | M99: Kaliro | N99: Uga | O99: 1 | P99: 1 | Q99: =VLOOKUP(P99,Key!$E$2:$F$9,2,FALSE) -> Home | R99: =K99&"-"&Q99 -> Others-Home | T99: 1 | U99: 2
B100: 0.82222222 | C100: UAS 124A | D100: 2 | E100: 1 | F100: Iganga | G100: Iganga | H100: Uga | I100: 16 | J100: 8 | K100: =VLOOKUP(J100,Key!$E$2:$F$9,2,FALSE) -> Others | L100: Kyanga | M100: Iganga | N100: Uga | O100: 1 | P100: 1 | Q100: =VLOOKUP(P100,Key!$E$2:$F$9,2,FALSE) -> Home | R100: =K100&"-"&Q100 -> Others-Home | T100: 0.5 | U100: 2
B101: 0.9 | C101: UAV 689L | D101: 1 | E101: 1 | F101: Iganga | G101: Iganga | H101: Uga | I101: 2 | J101: 2 | K101: =VLOOKUP(J101,Key!$E$2:$F$9,2,FALSE) -> Work | L101: Bunyiro | M101: Iganga | N101: Uga | O101: 1 | P101: 1 | Q101: =VLOOKUP(P101,Key!$E$2:$F$9,2,FALSE) -> Home | R101: =K101&"-"&Q101 -> Work-Home | S101: 5 | T101: 0.5 | U101: 2
B102: 8.8666667 | C102: UAL 476G | D102: 7 | E102: 1 | F102: Bugiri | G102: Bugiri | H102: Uga | I102: 12 | J102: 2 | K102: =VLOOKUP(J102,Key!$E$2:$F$9,2,FALSE) -> Work | L102: Nabitovu | M102: Iganga | N102: Uga | O102: 1 | P102: 1 | Q102: =VLOOKUP(P102,Key!$E$2:$F$9,2,FALSE) -> Home | R102: =K102&"-"&Q102 -> Work-Home | S102: 15 | T102: 0.8 | U102: 2
...

Sheet 26.08 Kaliro-Iganga
B1: Consultancy services for Preparation of Expressway Development Master Plan (EDMP) for Uganda
B2: Roadside OD Interview Survey
B4: Date: | C4: ='26.08 Iganga-Kaliro'!C4 -> 26.08.19 | E4: Road Name: | F4: ='26.08 Iganga-Kaliro'!F4:G4 -> Iganga-Kaliro Rd | I4: Direction From: | L4: Kaliro | N4: Interviewers: | O4: Rachel | V4: Supervisor: | Y4: Coded By: | Z4: ='26.08 Iganga-Kaliro'!Z4 -> Isaac Akure | AA4: Chkd By: | AB4: ='26.08 Iganga-Kaliro'!AB4 -> Isaac M.
I5: Direction To: | L5: Iganga
B7: Time | C7: Veh_Reg_No. | D7: Veh_Type | E7: No. Occupants | F7: Origin_Address | I7: Origin_Establish | J7: Origin_Purpose | K7: Origin-Purpose Desc | L7: Destination_Address | O7: Destination_Establish | P7: Destination_Purpose | Q7: Destination_Purpose Desc | R7: Journey_Purpose | S7: Approx_Distance (Km) | T7: Approx_Journey Time (Hrs) | U7: Trip_Frequency | V7: GOODS VEHICLES ONLY | Y7: Would You Use Xpressways? | Z7: Pay How Much? (UGX) | AA7: Origin_Zone | AB7: Dest_Zone
F8: Village or Town | G8: District | H8: Country | L8: Village or Town | M8: District | N8: Country | V8: Goods_Type | W8: Goods_Quantity (Ton) | X8: Goods_Value (UGXm)
B9: 0.034722222 | C9: UAT 883C | D9: 1 | E9: 1 | F9: Bunyiro | G9: Iganga | H9: Uga | I9: 1 | J9: 1 | K9: =VLOOKUP(J9,Key!$E$2:$F$9,2,FALSE) -> Home | L9: Iganga | M9: Iganga | N9: Uga | O9: 2 | P9: 2 | Q9: =VLOOKUP(P9,Key!$E$2:$F$9,2,FALSE) -> Work | R9: =K9&"-"&Q9 -> Home-Work | S9: 2 | T9: 0.8 | U9: 1 | Y9: N
B10: 0.010416667 | C10: UAD 249J | D10: 2 | E10: 2 | F10: Mabitovu | G10: Iganga | H10: Uga | I10: 1 | J10: 1 | K10: =VLOOKUP(J10,Key!$E$2:$F$9,2,FALSE) -> Home | L10: Iganga | M10: Iganga | N10: Uga | O10: 5 | P10: 7 | Q10: =VLOOKUP(P10,Key!$E$2:$F$9,2,FALSE) -> Hospital | R10: =K10&"-"&Q10 -> Home-Hospital | T10: 0.8 | Y10: Y
B11: 0.0013888889 | C11: UAO 173K | D11: 2 | E11: 1 | F11: Buhuka | G11: Kaliro | H11: Uga | I11: 2 | J11: 2 | K11: =VLOOKUP(J11,Key!$E$2:$F$9,2,FALSE) -> Work | L11: Iganga | M11: Iganga | N11: Uga | O11: 2 | P11: 2 | Q11: =VLOOKUP(P11,Key!$E$2:$F$9,2,FALSE) -> Work | R11: =K11&"-"&Q11 -> Work-Work | T11: 0.5 | U11: 1 | Y11: N
B12: 0.49652778 | C12: UAL 076W | D12: 1 | E12: 2 | F12: Gadumire | G12: Iganga | H12: Uga | I12: 1 | J12: 1 | K12: =VLOOKUP(J12,Key!$E$2:$F$9,2,FALSE) -> Home | L12: Iganga | M12: Iganga | N12: Uga | O12: 2 | P12: 2 | Q12: =VLOOKUP(P12,Key!$E$2:$F$9,2,FALSE) -> Work | R12: =K12&"-"&Q12 -> Home-Work | T12: 0.5 | U12: 2 | Y12: Y
B13: 0.49236111 | C13: UAX 343K | D13: 2 | E13: 3 | F13: Kaliro | G13: Kaliro | H13: Uga | I13: 1 | J13: 1 | K13: =VLOOKUP(J13,Key!$E$2:$F$9,2,FALSE) -> Home | L13: Iganga | M13: Iganga | N13: Uga | O13: 2 | P13: 2 | Q13: =VLOOKUP(P13,Key!$E$2:$F$9,2,FALSE) -> Work | R13: =K13&"-"&Q13 -> Home-Work | S13: 32 | T13: 1 | U13: 2 | Y13: Y
B14: 0.48611111 | C14: UAK 642R | D14: 4 | E14: 14 | F14: Kaliro | G14: Kaliro | H14: Uga | I14: 6 | J14: 2 | K14: =VLOOKUP(J14,Key!$E$2:$F$9,2,FALSE) -> Work | L14: Jinja | M14: Jinja | N14: Uga | O14: 6 | P14: 2 | Q14: =VLOOKUP(P14,Key!$E$2:$F$9,2,FALSE) -> Work | R14: =K14&"-"&Q14 -> Work-Work | S14: 34 | T14: 2 | U14: 2 | Y14: Y
B15: 0.076388889 | C15: UAW 897L | D15: 4 | E15: 14 | F15: Kaliro | G15: Kaliro | H15: Uga | I15: 6 | J15: 2 | K15: =VLOOKUP(J15,Key!$E$2:$F$9,2,FALSE) -> Work | L15: Iganga | M15: Iganga | N15: Uga | O15: 6 | P15: 2 | Q15: =VLOOKUP(P15,Key!$E$2:$F$9,2,FALSE) -> Work | R15: =K15&"-"&Q15 -> Work-Work | S15: 32 | T15: 0.8 | U15: 2 | Y15: Y
B16: 0.56180556 | C16: UAQ 617Q | D16: 5 | E16: 32 | F16: Pallisa | G16: Pallisa | H16: Uga | I16: 6 | J16: 2 | K16: =VLOOKUP(J16,Key!$E$2:$F$9,2,FALSE) -> Work | L16: Kampala | M16: Kampala | N16: Uga | O16: 6 | P16: 2 | Q16: =VLOOKUP(P16,Key!$E$2:$F$9,2,FALSE) -> Work | R16: =K16&"-"&Q16 -> Work-Work | S16: 140 | T16: 5 | U16: 2 | Y16: Y
B17: 0.87986111 | C17: UAF 298L | D17: 2 | E17: 1 | F17: Kigulu | G17: Iganga | H17: Uga | I17: 1 | J17: 1 | K17: =VLOOKUP(J17,Key!$E$2:$F$9,2,FALSE) -> Home | L17: Iganga | M17: Iganga | N17: Uga | O17: 5 | P17: 7 | Q17: =VLOOKUP(P17,Key!$E$2:$F$9,2,FALSE) -> Hospital | R17: =K17&"-"&Q17 -> Home-Hospital | T17: 0.3 | U17: 2 | Y17: Y
B18: 0.87152778 | C18: UAL 897Q | D18: 4 | E18: 14 | F18: Bunyiro | G18: Iganga | H18: Uga | I18: 2 | J18: 2 | K18: =VLOOKUP(J18,Key!$E$2:$F$9,2,FALSE) -> Work | L18: Iganga | M18: Iganga | N18: Uga | O18: 2 | P18: 2 | Q18: =VLOOKUP(P18,Key!$E$2:$F$9,2,FALSE) -> Work | R18: =K18&"-"&Q18 -> Work-Work | S18: 2 | U18: 2 | Y18: Y
B19: 0.85763889 | C19: UAY 257V | D19: 3 | E19: 2 | F19: Nabitovu | G19: Iganga | H19: Uga | I19: 2 | J19: 2 | K19: =VLOOKUP(J19,Key!$E$2:$F$9,2,FALSE) -> Work | L19: Iganga | M19: Iganga | N19: Uga | O19: 1 | P19: 1 | Q19: =VLOOKUP(P19,Key!$E$2:$F$9,2,FALSE) -> Home | R19: =K19&"-"&Q19 -> Work-Home | T19: 0.8 | U19: 2 | Y19: Y
B20: 0.84722222 | C20: UAT 253S | D20: 2 | E20: 2 | F20: Namungaalo | G20: Iganga | H20: Uga | I20: 2 | J20: 2 | K20: =VLOOKUP(J20,Key!$E$2:$F$9,2,FALSE) -> Work | L20: Iganga | M20: Iganga | N20: Uga | O20: 1 | P20: 1 | Q20: =VLOOKUP(P20,Key!$E$2:$F$9,2,FALSE) -> Home | R20: =K20&"-"&Q20 -> Work-Home | S20: 7 | T20: 0.3 | U20: 2 | Y20: Y
B21: 0.84375 | C21: UAZ 329W | D21: 8 | E21: 2 | F21: Kaliro | G21: Kaliro | H21: Uga | I21: 2 | J21: 2 | K21: =VLOOKUP(J21,Key!$E$2:$F$9,2,FALSE) -> Work | L21: Jinja | M21: Jinja | N21: Uga | O21: 2 | P21: 2 | Q21: =VLOOKUP(P21,Key!$E$2:$F$9,2,FALSE) -> Work | R21: =K21&"-"&Q21 -> Work-Work | S21: 35 | T21: 2 | U21: 2 | Y21: Y
B22: 0.83194444 | C22: UAJ 141D | D22: 4 | E22: 14 | F22: Kirama | G22: Kaliro | H22: Uga | I22: 6 | J22: 2 | K22: =VLOOKUP(J22,Key!$E$2:$F$9,2,FALSE) -> Work | L22: Mayuge | M22: Mayuge | N22: Uga | O22: 6 | P22: 2 | Q22: =VLOOKUP(P22,Key!$E$2:$F$9,2,FALSE) -> Work | R22: =K22&"-"&Q22 -> Work-Work | T22: 1 | U22: 2 | Y22: N
B23: 0.80902778 | C23: UBC 250X | D23: 3 | E23: 2 | F23: Kaliro | G23: Iganga | H23: Uga | I23: 1 | J23: 1 | K23: =VLOOKUP(J23,Key!$E$2:$F$9,2,FALSE) -> Home | L23: Iganga | M23: Iganga | N23: Uga | O23: 2 | P23: 2 | Q23: =VLOOKUP(P23,Key!$E$2:$F$9,2,FALSE) -> Work | R23: =K23&"-"&Q23 -> Home-Work | S23: 32 | T23: 1 | U23: 2 | Y23: N
B24: 0.29861111 | C24: UBE 884P | D24: 1 | E24: 2 | F24: Kaliro | G24: Kaliro | H24: Uga | I24: 1 | J24: 1 | K24: =VLOOKUP(J24,Key!$E$2:$F$9,2,FALSE) -> Home | L24: Jinja | M24: Jinja | N24: Uga | O24: 2 | P24: 2 | Q24: =VLOOKUP(P24,Key!$E$2:$F$9,2,FALSE) -> Work | R24: =K24&"-"&Q24 -> Home-Work | S24: 32 | T24: 4.5 | U24: 2 | Y24: Y
B25: 0.79375 | C25: UAL 676U | D25: 3 | E25: 2 | F25: Nawandala | G25: Iganga | H25: Uga | I25: 2 | J25: 2 | K25: =VLOOKUP(J25,Key!$E$2:$F$9,2,FALSE) -> Work | L25: Jinja | M25: Jinja | N25: Uga | O25: 2 | P25: 2 | Q25: =VLOOKUP(P25,Key!$E$2:$F$9,2,FALSE) -> Work | R25: =K25&"-"&Q25 -> Work-Work | T25: 1.5 | U25: 2 | Y25: Y
B26: 0.79722222 | C26: UAH 839G | D26: 4 | E26: 14 | F26: Kaliro | G26: Kaliro | H26: Uga | I26: 2 | J26: 2 | K26: =VLOOKUP(J26,Key!$E$2:$F$9,2,FALSE) -> Work | L26: Iganga | M26: Iganga | N26: Uga | O26: 2 | P26: 2 | Q26: =VLOOKUP(P26,Key!$E$2:$F$9,2,FALSE) -> Work | R26: =K26&"-"&Q26 -> Work-Work | S26: 32 | T26: 1 | U26: 2 | Y26: Y
B27: 0.46805556 | C27: UAS 778W | D27: 4 | E27: 14 | F27: Kaliro | G27: Kaliro | H27: Uga | I27: 6 | J27: 2 | K27: =VLOOKUP(J27,Key!$E$2:$F$9,2,FALSE) -> Work | L27: Kampala | M27: Kampala | N27: Uga | O27: 6 | P27: 2 | Q27: =VLOOKUP(P27,Key!$E$2:$F$9,2,FALSE) -> Work | R27: =K27&"-"&Q27 -> Work-Work | S27: 133 | T27: 4 | Y27: Y
B28: 0.47638889 | C28: UAQ 740E | D28: 7 | E28: 1 | F28: Kaliro | G28: Kaliro | H28: Uga | I28: 7 | J28: 2 | K28: =VLOOKUP(J28,Key!$E$2:$F$9,2,FALSE) -> Work | L28: Bugiri | M28: Bugiri | N28: Uga | O28: 7 | P28: 2 | Q28: =VLOOKUP(P28,Key!$E$2:$F$9,2,FALSE) -> Work | R28: =K28&"-"&Q28 -> Work-Work | T28: 2 | U28: 4 | V28: 10 | W28: 9 | Y28: Y
B29: 0.45069444 | C29: UAT 374M | D29: 7 | E29: 4 | F29: Kawete | G29: Kaliro | H29: Uga | I29: 9 | J29: 8 | K29: =VLOOKUP(J29,Key!$E$2:$F$9,2,FALSE) -> Others | L29: Kakira | M29: Jinja | N29: Uga | O29: 3 | P29: 8 | Q29: =VLOOKUP(P29,Key!$E$2:$F$9,2,FALSE) -> Others | R29: =K29&"-"&Q29 -> Others-Others | T29: 1.5 | U29: 12 | V29: 10 | Y29: Y
B30: 0.45833333 | C30: UAL 598L | D30: 4 | E30: 14 | F30: Kaliro | G30: Kaliro | H30: Uga | I30: 6 | J30: 2 | K30: =VLOOKUP(J30,Key!$E$2:$F$9,2,FALSE) -> Work | L30: Iganga | M30: Iganga | N30: Uga | O30: 6 | P30: 2 | Q30: =VLOOKUP(P30,Key!$E$2:$F$9,2,FALSE) -> Work | R30: =K30&"-"&Q30 -> Work-Work | S30: 32 | T30: 1 | U30: 2 | Y30: Y
B31: 0.41527778 | C31: UAB 756T | D31: 2 | E31: 4 | F31: Namungaalo | G31: Iganga | H31: Uga | I31: 2 | J31: 2 | K31: =VLOOKUP(J31,Key!$E$2:$F$9,2,FALSE) -> Work | L31: Iganga | M31: Iganga | N31: Uga | O31: 2 | P31: 2 | Q31: =VLOOKUP(P31,Key!$E$2:$F$9,2,FALSE) -> Work | R31: =K31&"-"&Q31 -> Work-Work | T31: 0.2 | U31: 2 | Y31: Y
B32: 0.41805556 | C32: UAL 668H | D32: 3 | E32: 2 | F32: Kaliro | G32: Kaliro | H32: Uga | I32: 2 | J32: 2 | K32: =VLOOKUP(J32,Key!$E$2:$F$9,2,FALSE) -> Work | L32: Iganga | M32: Iganga | N32: Uga | O32: 5 | P32: 7 | Q32: =VLOOKUP(P32,Key!$E$2:$F$9,2,FALSE) -> Hospital | R32: =K32&"-"&Q32 -> Work-Hospital | S32: 30 | T32: 1 | U32: 6 | Y32: Y
B33: 0.43055556 | C33: UAL 387C | D33: 3 | E33: 1 | F33: Kawete | G33: Kaliro | H33: Uga | I33: 1 | J33: 1 | K33: =VLOOKUP(J33,Key!$E$2:$F$9,2,FALSE) -> Home | L33: Iganga | M33: Iganga | N33: Uga | O33: 2 | P33: 2 | Q33: =VLOOKUP(P33,Key!$E$2:$F$9,2,FALSE) -> Work | R33: =K33&"-"&Q33 -> Home-Work | S33: 30 | T33: 1.5 | U33: 3 | Y33: Y
B34: 0.42708333 | C34: UAP 088A | D34: 5 | E34: 32 | F34: Kaliro | G34: Kaliro | H34: Uga | I34: 6 | J34: 2 | K34: =VLOOKUP(J34,Key!$E$2:$F$9,2,FALSE) -> Work | L34: Kampala | M34: Kampala | N34: Uga | O34: 6 | P34: 2 | Q34: =VLOOKUP(P34,Key!$E$2:$F$9,2,FALSE) -> Work | R34: =K34&"-"&Q34 -> Work-Work | S34: 135 | T34: 4.5 | U34: 2 | Y34: N
B35: 0.425 | C35: UAQ 899E | D35: 4 | E35: 14 | F35: Kaliro | G35: Kaliro | H35: Uga | I35: 6 | J35: 2 | K35: =VLOOKUP(J35,Key!$E$2:$F$9,2,FALSE) -> Work | L35: Kampala | M35: Kampala | N35: Uga | O35: 6 | P35: 2 | Q35: =VLOOKUP(P35,Key!$E$2:$F$9,2,FALSE) -> Work | R35: =K35&"-"&Q35 -> Work-Work | S35: 135 | T35: 4 | U35: 2 | Y35: Y
B36: 0.42291667 | C36: UAN 509N | D36: 11 | E36: 4 | F36: Kigulu | G36: Iganga | H36: Uga | I36: 8 | J36: 2 | K36: =VLOOKUP(J36,Key!$E$2:$F$9,2,FALSE) -> Work | L36: Iganga | M36: Iganga | N36: Uga | O36: 8 | P36: 2 | Q36: =VLOOKUP(P36,Key!$E$2:$F$9,2,FALSE) -> Work | R36: =K36&"-"&Q36 -> Work-Work | T36: 0.3 | U36: 2 | Y36: Y
B37: 0.40972222 | C37: UAS 128A | D37: 4 | E37: 14 | F37: Kaliro | G37: Kaliro | H37: Uga | I37: 6 | J37: 2 | K37: =VLOOKUP(J37,Key!$E$2:$F$9,2,FALSE) -> Work | L37: Jinja | M37: Jinja | N37: Uga | O37: 6 | P37: 2 | Q37: =VLOOKUP(P37,Key!$E$2:$F$9,2,FALSE) -> Work | R37: =K37&"-"&Q37 -> Work-Work | S37: 36 | T37: 2.5 | U37: 2 | Y37: Y
B38: 0.40694444 | C38: UAU 141K | D38: 1 | E38: 2 | F38: Buhuka | G38: Kaliro | H38: Uga | I38: 1 | J38: 1 | K38: =VLOOKUP(J38,Key!$E$2:$F$9,2,FALSE) -> Home | L38: Iganga | M38: Iganga | N38: Uga | O38: 2 | P38: 2 | Q38: =VLOOKUP(P38,Key!$E$2:$F$9,2,FALSE) -> Work | R38: =K38&"-"&Q38 -> Home-Work | T38: 0.5 | U38: 2 | Y38: Y
B39: 0.55486111 | C39: UAY 642K | D39: 8 | E39: 2 | F39: Kawete | G39: Kaliro | H39: Uga | I39: 9 | J39: 2 | K39: =VLOOKUP(J39,Key!$E$2:$F$9,2,FALSE) -> Work | L39: Iganga | M39: Iganga | N39: Uga | O39: 11 | P39: 2 | Q39: =VLOOKUP(P39,Key!$E$2:$F$9,2,FALSE) -> Work | R39: =K39&"-"&Q39 -> Work-Work | S39: 27 | T39: 2 | U39: 4 | V39: 10 | W39: 13 | Y39: Y
B40: 0.54583333 | C40: UAP 868X | D40: 4 | E40: 14 | F40: Kaliro | G40: Kaliro | H40: Uga | I40: 6 | J40: 2 | K40: =VLOOKUP(J40,Key!$E$2:$F$9,2,FALSE) -> Work | L40: Kampala | M40: Kampala | N40: Uga | O40: 6 | P40: 2 | Q40: =VLOOKUP(P40,Key!$E$2:$F$9,2,FALSE) -> Work | R40: =K40&"-"&Q40 -> Work-Work | S40: 132 | T40: 4 | U40: 2 | Y40: Y
B41: 0.62361111 | C41: UAB 426E | D41: 2 | E41: 4 | F41: Nambale | G41: Kaliro | H41: Uga | I41: 2 | J41: 2 | K41: =VLOOKUP(J41,Key!$E$2:$F$9,2,FALSE) -> Work | L41: Iganga | M41: Iganga | N41: Uga | O41: 2 | P41: 2 | Q41: =VLOOKUP(P41,Key!$E$2:$F$9,2,FALSE) -> Work | R41: =K41&"-"&Q41 -> Work-Work | T41: 0.8 | Y41: N
B42: 0.61041667 | C42: UAX 770X | D42: 3 | E42: 2 | F42: Namungaalo | G42: Kaliro | H42: Uga | I42: 2 | J42: 2 | K42: =VLOOKUP(J42,Key!$E$2:$F$9,2,FALSE) -> Work | L42: Iganga | M42: Iganga | N42: Uga | O42: 2 | P42: 2 | Q42: =VLOOKUP(P42,Key!$E$2:$F$9,2,FALSE) -> Work | R42: =K42&"-"&Q42 -> Work-Work | S42: 7 | T42: 0.3 | Y42: Y
B43: 0.60069444 | C43: UAQ 146C | D43: 1 | E43: 1 | F43: Kigulu | G43: Iganga | H43: Uga | I43: 1 | J43: 1 | K43: =VLOOKUP(J43,Key!$E$2:$F$9,2,FALSE) -> Home | L43: Nakalama | M43: Bugiri | N43: Uga | O43: 9 | P43: 2 | Q43: =VLOOKUP(P43,Key!$E$2:$F$9,2,FALSE) -> Work | R43: =K43&"-"&Q43 -> Home-Work | S43: 7 | T43: 1 | Y43: Y
B44: 0.59027778 | C44: UAK 281A | D44: 4 | E44: 14 | F44: Kaliro | G44: Kaliro | H44: Uga | I44: 6 | J44: 2 | K44: =VLOOKUP(J44,Key!$E$2:$F$9,2,FALSE) -> Work | L44: Kampala | M44: Kampala | N44: Uga | O44: 6 | P44: 2 | Q44: =VLOOKUP(P44,Key!$E$2:$F$9,2,FALSE) -> Work | R44: =K44&"-"&Q44 -> Work-Work | S44: 135 | T44: 4.5 | U44: 2 | Y44: Y
B45: 0.74444444 | C45: UAT 543K | D45: 4 | E45: 14 | F45: Kaliro | G45: Kaliro | H45: Uga | I45: 6 | J45: 2 | K45: =VLOOKUP(J45,Key!$E$2:$F$9,2,FALSE) -> Work | L45: Kampala | M45: Kampala | N45: Uga | O45: 6 | P45: 2 | Q45: =VLOOKUP(P45,Key!$E$2:$F$9,2,FALSE) -> Work | R45: =K45&"-"&Q45 -> Work-Work | S45: 135 | T45: 4 | U45: 2 | Y45: N
B46: 0.74027778 | C46: UAP 108T | D46: 2 | E46: 5 | F46: Nawaninji | G46: Iganga | H46: Uga | I46: 2 | J46: 2 | K46: =VLOOKUP(J46,Key!$E$2:$F$9,2,FALSE) -> Work | L46: Ntinda | M46: Kampala | N46: Uga | O46: 1 | P46: 1 | Q46: =VLOOKUP(P46,Key!$E$2:$F$9,2,FALSE) -> Home | R46: =K46&"-"&Q46 -> Work-Home | S46: 12 | T46: 0.3 | U46: 2 | Y46: Y
B47: 0.72916667 | C47: UAY 126G | D47: 1 | E47: 2 | F47: Bunyiro | G47: Iganga | H47: Uga | I47: 2 | J47: 2 | K47: =VLOOKUP(J47,Key!$E$2:$F$9,2,FALSE) -> Work | L47: Busowa | M47: Bugiri | N47: Uga | O47: 1 | P47: 1 | Q47: =VLOOKUP(P47,Key!$E$2:$F$9,2,FALSE) -> Home | R47: =K47&"-"&Q47 -> Work-Home | T47: 0.5 | U47: 2 | Y47: N
B48: 0.71736111 | C48: UAH 239K | D48: 4 | E48: 14 | F48: Nawandala | G48: Iganga | H48: Uga | I48: 6 | J48: 2 | K48: =VLOOKUP(J48,Key!$E$2:$F$9,2,FALSE) -> Work | L48: Iganga | M48: Iganga | N48: Uga | O48: 6 | P48: 2 | Q48: =VLOOKUP(P48,Key!$E$2:$F$9,2,FALSE) -> Work | R48: =K48&"-"&Q48 -> Work-Work | S48: 12 | T48: 2 | U48: 2 | Y48: Y
B49: 0.71388889 | C49: UAV 829S | D49: 2 | E49: 3 | F49: Nasuti | G49: Iganga | H49: Uga | I49: 1 | J49: 1 | K49: =VLOOKUP(J49,Key!$E$2:$F$9,2,FALSE) -> Home | L49: Iganga | M49: Iganga | N49: Uga | O49: 2 | P49: 2 | Q49: =VLOOKUP(P49,Key!$E$2:$F$9,2,FALSE) -> Work | R49: =K49&"-"&Q49 -> Home-Work | S49: 15 | T49: 0.3 | U49: 2 | Y49: Y
B50: 0.70555556 | C50: UAN 413G | D50: 3 | E50: 3 | F50: Namungaalo | G50: Iganga | H50: Uga | I50: 2 | J50: 2 | K50: =VLOOKUP(J50,Key!$E$2:$F$9,2,FALSE) -> Work | L50: Iganga | M50: Iganga | N50: Uga | O50: 2 | P50: 2 | Q50: =VLOOKUP(P50,Key!$E$2:$F$9,2,FALSE) -> Work | R50: =K50&"-"&Q50 -> Work-Work | T50: 0.3 | U50: 2 | Y50: N
B51: 0.68819444 | C51: UAB 650E | D51: 1 | E51: 2 | F51: Buhuka | H51: Uga | I51: 1 | J51: 1 | K51: =VLOOKUP(J51,Key!$E$2:$F$9,2,FALSE) -> Home | L51: Iganga | M51: Iganga | N51: Uga | O51: 7 | P51: 4 | Q51: =VLOOKUP(P51,Key!$E$2:$F$9,2,FALSE) -> Commercial | R51: =K51&"-"&Q51 -> Home-Commercial | S51: 30 | T51: 2 | U51: 3 | Y51: Y
B52: 0.67708333 | C52: UAY 696F | D52: 8 | E52: 4 | F52: Kigulu | G52: Iganga | H52: Uga | I52: 2 | J52: 2 | K52: =VLOOKUP(J52,Key!$E$2:$F$9,2,FALSE) -> Work | L52: Iganga | M52: Iganga | N52: Uga | O52: 2 | P52: 2 | Q52: =VLOOKUP(P52,Key!$E$2:$F$9,2,FALSE) -> Work | R52: =K52&"-"&Q52 -> Work-Work | T52: 0.5 | U52: 2 | V52: 11 | Y52: Y
B53: 0.66458333 | C53: UAR 880R | D53: 7 | E53: 2 | F53: Kawete | G53: Kaliro | H53: Uga | I53: 9 | J53: 8 | K53: =VLOOKUP(J53,Key!$E$2:$F$9,2,FALSE) -> Others | L53: Jinja | M53: Jinja | N53: Uga | O53: 16 | P53: 8 | Q53: =VLOOKUP(P53,Key!$E$2:$F$9,2,FALSE) -> Others | R53: =K53&"-"&Q53 -> Others-Others | S53: 20 | T53: 1 | V53: 9 | Y53: Y
B54: 0.61666667 | C54: UAL 752E | D54: 1 | E54: 1 | F54: Kaliro | G54: Kaliro | H54: Uga | I54: 1 | J54: 1 | K54: =VLOOKUP(J54,Key!$E$2:$F$9,2,FALSE) -> Home | L54: Nakalama | M54: Bugiri | N54: Uga | O54: 9 | P54: 8 | Q54: =VLOOKUP(P54,Key!$E$2:$F$9,2,FALSE) -> Others | R54: =K54&"-"&Q54 -> Home-Others | S54: 7 | T54: 1.5 | U54: 6 | Y54: Y
B55: 0.64513889 | C55: UAP 553W | D55: 4 | E55: 14 | F55: Nawandala | G55: Iganga | H55: Uga | I55: 6 | J55: 2 | K55: =VLOOKUP(J55,Key!$E$2:$F$9,2,FALSE) -> Work | L55: Iganga | M55: Iganga | N55: Uga | O55: 6 | P55: 2 | Q55: =VLOOKUP(P55,Key!$E$2:$F$9,2,FALSE) -> Work | R55: =K55&"-"&Q55 -> Work-Work | S55: 12 | T55: 2 | U55: 2 | Y55: N
B56: 0.13541667 | C56: UAJ 676C | D56: 1 | E56: 2 | F56: Nasuti | G56: Iganga | H56: Uga | I56: 1 | J56: 1 | K56: =VLOOKUP(J56,Key!$E$2:$F$9,2,FALSE) -> Home | L56: Iganga | M56: Iganga | N56: Uga | O56: 2 | P56: 2 | Q56: =VLOOKUP(P56,Key!$E$2:$F$9,2,FALSE) -> Work | R56: =K56&"-"&Q56 -> Home-Work | S56: 15 | T56: 0.3 | U56: 2 | Y56: N
B57: 0.54513889 | C57: UAA 729Y | D57: 8 | E57: 1 | F57: Kaliro | G57: Kaliro | H57: Uga | I57: 2 | J57: 2 | K57: =VLOOKUP(J57,Key!$E$2:$F$9,2,FALSE) -> Work | L57: Iganga | M57: Iganga | N57: Uga | O57: 16 | P57: 8 | Q57: =VLOOKUP(P57,Key!$E$2:$F$9,2,FALSE) -> Others | R57: =K57&"-"&Q57 -> Work-Others | S57: 35 | T57: 2 | U57: 5 | V57: 11 | Y57: N
B58: 0.5625 | C58: UAD 801Z | D58: 9 | E58: 3 | F58: Kaliro | G58: Kaliro | H58: Uga | I58: 16 | J58: 8 | K58: =VLOOKUP(J58,Key!$E$2:$F$9,2,FALSE) -> Others | L58: Jinja | M58: Jinja | N58: Uga | O58: 16 | P58: 8 | Q58: =VLOOKUP(P58,Key!$E$2:$F$9,2,FALSE) -> Others | R58: =K58&"-"&Q58 -> Others-Others | S58: 35 | T58: 2 | U58: 6 | Y58: Y
B59: 0.52430556 | C59: UAW 188P | D59: 4 | E59: 14 | F59: Kaliro | G59: Kaliro | H59: Uga | I59: 16 | J59: 8 | K59: =VLOOKUP(J59,Key!$E$2:$F$9,2,FALSE) -> Others | L59: Iganga | M59: Iganga | N59: Uga | O59: 16 | P59: 8 | Q59: =VLOOKUP(P59,Key!$E$2:$F$9,2,FALSE) -> Others | R59: =K59&"-"&Q59 -> Others-Others | S59: 35 | T59: 0.7 | U59: 2 | Y59: N
B60: 0.50555556 | C60: UAB 250H | D60: 4 | E60: 14 | F60: Kaliro | G60: Kaliro | H60: Uga | I60: 2 | J60: 2 | K60: =VLOOKUP(J60,Key!$E$2:$F$9,2,FALSE) -> Work | L60: Iganga | M60: Iganga | N60: Uga | O60: 2 | P60: 2 | Q60: =VLOOKUP(P60,Key!$E$2:$F$9,2,FALSE) -> Work | R60: =K60&"-"&Q60 -> Work-Work | S60: 35 | T60: 1 | U60: 2 | Y60: N
B61: 0.74861111 | C61: UAT 728D | D61: 1 | E61: 2 | F61: Kalama | G61: Kaliro | H61: Uga | I61: 1 | J61: 1 | K61: =VLOOKUP(J61,Key!$E$2:$F$9,2,FALSE) -> Home | L61: Iganga | M61: Iganga | N61: Uga | O61: 1 | P61: 1 | Q61: =VLOOKUP(P61,Key!$E$2:$F$9,2,FALSE) -> Home | R61: =K61&"-"&Q61 -> Home-Home | S61: 27 | T61: 2 | Y61: N
B62: 0.72986111 | C62: UAV 928B | D62: 4 | E62: 14 | F62: Nawandala | G62: Iganga | H62: Uga | I62: 2 | J62: 2 | K62: =VLOOKUP(J62,Key!$E$2:$F$9,2,FALSE) -> Work | L62: Iganga | M62: Iganga | N62: Uga | O62: 16 | P62: 8 | Q62: =VLOOKUP(P62,Key!$E$2:$F$9,2,FALSE) -> Others | R62: =K62&"-"&Q62 -> Work-Others | S62: 12 | T62: 0.3 | U62: 4 | Y62: Y
B63: 0.71875 | C63: UAT 004D | D63: 1 | E63: 2 | F63: Nambale | G63: Kaliro | H63: Uga | I63: 2 | J63: 2 | K63: =VLOOKUP(J63,Key!$E$2:$F$9,2,FALSE) -> Work | L63: Iganga | M63: Iganga | N63: Uga | O63: 5 | P63: 7 | Q63: =VLOOKUP(P63,Key!$E$2:$F$9,2,FALSE) -> Hospital | R63: =K63&"-"&Q63 -> Work-Hospital | T63: 0.8 | U63: 2 | Y63: Y
B64: 0.44791667 | C64: UBB 009K | D64: 2 | E64: 4 | F64: Kaliro | G64: Kaliro | H64: Uga | I64: 1 | J64: 1 | K64: =VLOOKUP(J64,Key!$E$2:$F$9,2,FALSE) -> Home | L64: Iganga | M64: Iganga | N64: Uga | O64: 16 | P64: 8 | Q64: =VLOOKUP(P64,Key!$E$2:$F$9,2,FALSE) -> Others | R64: =K64&"-"&Q64 -> Home-Others | S64: 15 | U64: 6 | Y64: N
B65: 0.93055556 | C65: UAV 928B | D65: 4 | E65: 14 | F65: Kaliro | G65: Kaliro | H65: Uga | I65: 6 | J65: 2 | K65: =VLOOKUP(J65,Key!$E$2:$F$9,2,FALSE) -> Work | L65: Kampala | M65: Kampala | N65: Uga | O65: 6 | P65: 2 | Q65: =VLOOKUP(P65,Key!$E$2:$F$9,2,FALSE) -> Work | R65: =K65&"-"&Q65 -> Work-Work | T65: 4 | U65: 2 | Y65: Y
B66: 0.92708333 | C66: UAP 924S | D66: 1 | E66: 1 | F66: Kigulu | G66: Iganga | H66: Uga | I66: 2 | J66: 2 | K66: =VLOOKUP(J66,Key!$E$2:$F$9,2,FALSE) -> Work | L66: Iganga | M66: Iganga | N66: Uga | O66: 1 | P66: 1 | Q66: =VLOOKUP(P66,Key!$E$2:$F$9,2,FALSE) -> Home | R66: =K66&"-"&Q66 -> Work-Home | T66: 0.5 | U66: 2 | Y66: Y
B67: 0.90277778 | C67: UBB 027Q | D67: 1 | E67: 4 | F67: Nabingaalo | G67: Iganga | H67: Uga | I67: 2 | J67: 2 | K67: =VLOOKUP(J67,Key!$E$2:$F$9,2,FALSE) -> Work | L67: Iganga | M67: Iganga | N67: Uga | O67: 2 | P67: 2 | Q67: =VLOOKUP(P67,Key!$E$2:$F$9,2,FALSE) -> Work | R67: =K67&"-"&Q67 -> Work-Work | T67: 1 | U67: 2 | Y67: Y
B68: 0.88888889 | C68: UAL 772Y | D68: 3 | E68: 2 | F68: Kaliro | G68: Kaliro | H68: Uga | I68: 2 | J68: 2 | K68: =VLOOKUP(J68,Key!$E$2:$F$9,2,FALSE) -> Work | L68: Iganga | M68: Iganga | N68: Uga | O68: 1 | P68: 1 | Q68: =VLOOKUP(P68,Key!$E$2:$F$9,2,FALSE) -> Home | R68: =K68&"-"&Q68 -> Work-Home | T68: 0.5 | U68: 2 | Y68: Y

Sheet Key
B1: Vehicle Type | D1: Establishment Type | F1: Origin / Destination Purpose | H1: Trip Frequency | J1: Goods Type
A2: 1 | B2: Car | C2: 1 | D2: Residential | E2: 1 | F2: Home | G2: 1 | H2: more than 2 times every day | I2: 1 | J2: Food crop (Maize,rice,wheat etc)
A3: 2 | B3: Station Wagon | C3: 2 | D3: Office | E3: 2 | F3: Work | G3: 2 | H3: Daily (Up and Down) | I3: 2 | J3: Cash Crops (coffee,tea etc)
A4: 3 | B4: Pickups | C4: 3 | D4: Factory | E4: 3 | F4: Study | G4: 3 | H4: 2/3 times a week | I4: 3 | J4: Perishable (fish,milk,tea etc)
A5: 4 | B5: Minibus, matatu | C5: 4 | D5: Educational Facility | E5: 4 | F5: Commercial | G5: 4 | H5: Once a week | I5: 4 | J5: Construction Material (cement, gravel,stones,gravel,pipes)
A6: 5 | B6: Medium bus | C6: 5 | D6: Hospital | E6: 5 | F6: Tourism | G6: 5 | H6: Once a month | I6: 5 | J6: Metal/machinery
A7: 6 | B7: Large Bus | C7: 6 | D7: Bus / Taxi Park | E7: 6 | F7: Leisure/Social | G7: 6 | H7: Once in a while | I7: 6 | J7: Forestry products (timber & charcoal)
A8: 7 | B8: Light Truck | C8: 7 | D8: Wholesale shopping | E8: 7 | F8: Hospital | I8: 7 | J8: Fuels (any petroleum products)
A9: 8 | B9: Medium Truck | C9: 8 | D9: Boda boda stage | E9: 8 | F9: Others | I9: 8 | J9: Chemical Products (fertilizer,paints)
A10: 9 | B10: Heavy truck | C10: 9 | D10: Farm | I10: 9 | J10: Livestock (cows,goats,camel etc)
A11: 10 | B11: Truck Trailer | C11: 10 | D11: Construction Site | I11: 10 | J11: Household retail products (beverage,oil,sugar,salt,flour)
A12: 11 | B12: Motor cycles | C12: 11 | D12: Retail Shop/Market | I12: 11 | J12: Empty
A13: 12 | B13: Tractors | C13: 12 | D13: Warehouse | I13: 12 | J13: Others (Pl specify)
C14: 13 | D14: Harbour
C15: 14 | D15: Timber Centre
C16: 15 | D16: Quarry
C17: 16 | D17: Others (to be specified)
