Workbook

Sheet 19.08 Kampala-Bukaya
B1: Consultancy services for Preparation of Expressway Development Master Plan (EDMP) for Uganda
B2: MANUAL CLASSIFIED COUNT (MCC)
B3: ROAD NAME: | C3: MCC - C3 - STN92 - NALUBAALE ROAD
C5: Date | D5: 19.08.19 | F5: Location | G5: Nyenga | J5: Surveyor | K5: xxx
C6: Dir. From | D6: Kampala | F6: Dir. To | G6: Bukaya | J6: Supervisor | K6: xxx
B8: Time / Veh Type | R8: SUMMARY TRAFFIC VOLUMES
C9: 1. Car | D9: 2. Station Wagon | E9: 3. Pickups | F9: 4. Minibus, matatu | G9: 5. Medium bus | H9: 6. Large Bus | I9: 7. Light Truck | J9: 8. Medium Truck | K9: 9. Heavy truck | L9: 10. Truck Trailer | M9: 11. Motor cycles | N9: 12. Tractors | O9: Total Excl M/Cycles | P9: Total All | R9: Time | S9: 1. Car | T9: 2. Station Wagon | U9: 3. Pickups | V9: 4. Minibus, matatu | W9: 5. Medium bus | X9: 6. Large Bus | Y9: 7. Light Truck | Z9: 8. Medium Truck | AA9: 9. Heavy truck | AB9: 10. Truck Trailer | AC9: 11. Motorcycles | AD9: 12. Tractors, Graders | AE9: Total Excl M/ Cycles | AF9: Total All
B10: 07.00 - 07.15 | C10: 1 | D10: 0 | E10: 0 | F10: 0 | G10: 0 | H10: 0 | I10: 2 | J10: 0 | K10: 0 | L10: 0 | M10: 11 | N10: 0 | O10: =SUM(C10:L10,N10) -> 3 | P10: =SUM(C10:N10) -> 14 | R10: 0700-0800 | S10: =SUM(C10:C13) -> 7 | T10: =SUM(D10:D13) -> 0 | U10: =SUM(E10:E13) -> 5 | V10: =SUM(F10:F13) -> 4 | W10: =SUM(G10:G13) -> 0 | X10: =SUM(H10:H13) -> 0 | Y10: =SUM(I10:I13) -> 3 | Z10: =SUM(J10:J13) -> 0 | ... AF10: =SUM(P10:P13) -> 73
B11: 07.15 - 07.30 | C11: 1 | D11: 0 | E11: 0 | F11: 1 | G11: 0 | H11: 0 | I11: 0 | J11: 0 | K11: 0 | L11: 0 | M11: 10 | N11: 0 | O11: =SUM(C11:L11,N11) -> 2 | P11: =SUM(C11:N11) -> 12 | R11: 0800-0900 | S11: =SUM(C14:C17) -> 6 | T11: =SUM(D14:D17) -> 0 | U11: =SUM(E14:E17) -> 9 | V11: =SUM(F14:F17) -> 5 | W11: =SUM(G14:G17) -> 0 | X11: =SUM(H14:H17) -> 0 | Y11: =SUM(I14:I17) -> 4 | Z11: =SUM(J14:J17) -> 0 | ... AF11: =SUM(P14:P17) -> 81
B12: 07.30 - 07.45 | C12: 2 | D12: 0 | E12: 2 | F12: 0 | G12: 0 | H12: 0 | I12: 1 | J12: 0 | K12: 0 | L12: 0 | M12: 20 | N12: 1 | O12: =SUM(C12:L12,N12) -> 6 | P12: =SUM(C12:N12) -> 26 | R12: 0900-1000 | S12: =SUM(C18:C21) -> 10 | T12: =SUM(D18:D21) -> 0 | U12: =SUM(E18:E21) -> 5 | V12: =SUM(F18:F21) -> 7 | W12: =SUM(G18:G21) -> 0 | X12: =SUM(H18:H21) -> 0 | Y12: =SUM(I18:I21) -> 7 | Z12: =SUM(J18:J21) -> 2 | ... AF12: =SUM(P18:P21) -> 118
B13: 07.45 - 08.00 | C13: 3 | D13: 0 | E13: 3 | F13: 3 | G13: 0 | H13: 0 | I13: 0 | J13: 0 | K13: 0 | L13: 0 | M13: 12 | N13: 0 | O13: =SUM(C13:L13,N13) -> 9 | P13: =SUM(C13:N13) -> 21 | R13: 1000-1100 | S13: =SUM(C22:C25) -> 12 | T13: =SUM(D22:D25) -> 0 | U13: =SUM(E22:E25) -> 12 | V13: =SUM(F22:F25) -> 6 | W13: =SUM(G22:G25) -> 0 | X13: =SUM(H22:H25) -> 0 | Y13: =SUM(I22:I25) -> 7 | Z13: =SUM(J22:J25) -> 0 | ... AF13: =SUM(P22:P25) -> 122
B14: 08.00 - 08.15 | C14: 3 | D14: 0 | E14: 4 | F14: 0 | G14: 0 | H14: 0 | I14: 0 | J14: 0 | K14: 1 | L14: 0 | M14: 16 | N14: 0 | O14: =SUM(C14:L14,N14) -> 8 | P14: =SUM(C14:N14) -> 24 | R14: 1100-1200 | S14: =SUM(C26:C29) -> 13 | T14: =SUM(D26:D29) -> 0 | U14: =SUM(E26:E29) -> 13 | V14: =SUM(F26:F29) -> 10 | W14: =SUM(G26:G29) -> 0 | X14: =SUM(H26:H29) -> 0 | Y14: =SUM(I26:I29) -> 11 | Z14: =SUM(J26:J29) -> 0 | ... AF14: =SUM(P26:P29) -> 135
B15: 08.15 - 08.30 | C15: 0 | D15: 0 | E15: 0 | F15: 0 | G15: 0 | H15: 0 | I15: 1 | J15: 0 | K15: 0 | L15: 0 | M15: 13 | N15: 0 | O15: =SUM(C15:L15,N15) -> 1 | P15: =SUM(C15:N15) -> 14 | R15: 1200-1300 | S15: =SUM(C30:C33) -> 16 | T15: =SUM(D30:D33) -> 0 | U15: =SUM(E30:E33) -> 10 | V15: =SUM(F30:F33) -> 10 | W15: =SUM(G30:G33) -> 0 | X15: =SUM(H30:H33) -> 0 | Y15: =SUM(I30:I33) -> 11 | Z15: =SUM(J30:J33) -> 0 | ... AF15: =SUM(P30:P33) -> 132
B16: 08.30 - 08.45 | C16: 2 | D16: 0 | E16: 3 | F16: 2 | G16: 0 | H16: 0 | I16: 2 | J16: 0 | K16: 0 | L16: 0 | M16: 14 | N16: 0 | O16: =SUM(C16:L16,N16) -> 9 | P16: =SUM(C16:N16) -> 23 | R16: 1300-1400 | S16: =SUM(C34:C37) -> 16 | T16: =SUM(D34:D37) -> 0 | U16: =SUM(E34:E37) -> 13 | V16: =SUM(F34:F37) -> 16 | W16: =SUM(G34:G37) -> 1 | X16: =SUM(H34:H37) -> 0 | Y16: =SUM(I34:I37) -> 9 | Z16: =SUM(J34:J37) -> 0 | ... AF16: =SUM(P34:P37) -> 135
B17: 08.45 - 9.00 | C17: 1 | D17: 0 | E17: 2 | F17: 3 | G17: 0 | H17: 0 | I17: 1 | J17: 0 | K17: 0 | L17: 0 | M17: 13 | N17: 0 | O17: =SUM(C17:L17,N17) -> 7 | P17: =SUM(C17:N17) -> 20 | R17: 1400-1500 | S17: =SUM(C38:C41) -> 19 | T17: =SUM(D38:D41) -> 0 | U17: =SUM(E38:E41) -> 12 | V17: =SUM(F38:F41) -> 8 | W17: =SUM(G38:G41) -> 0 | X17: =SUM(H38:H41) -> 0 | Y17: =SUM(I38:I41) -> 7 | Z17: =SUM(J38:J41) -> 0 | ... AF17: =SUM(P38:P41) -> 134
B18: 09.00 - 09.15 | C18: 4 | D18: 0 | E18: 3 | F18: 1 | G18: 0 | H18: 0 | I18: 1 | J18: 0 | K18: 0 | L18: 0 | M18: 29 | N18: 0 | O18: =SUM(C18:L18,N18) -> 9 | P18: =SUM(C18:N18) -> 38 | R18: 1500-1600 | S18: =SUM(C42:C45) -> 11 | T18: =SUM(D42:D45) -> 0 | U18: =SUM(E42:E45) -> 10 | V18: =SUM(F42:F45) -> 8 | W18: =SUM(G42:G45) -> 0 | X18: =SUM(H42:H45) -> 0 | Y18: =SUM(I42:I45) -> 10 | Z18: =SUM(J42:J45) -> 0 | ... AF18: =SUM(P42:P45) -> 122
B19: 09.15 - 09.30 | C19: 1 | D19: 0 | E19: 1 | F19: 2 | G19: 0 | H19: 0 | I19: 3 | J19: 1 | K19: 0 | L19: 0 | M19: 19 | N19: 0 | O19: =SUM(C19:L19,N19) -> 8 | P19: =SUM(C19:N19) -> 27 | R19: 1600-1700 | S19: =SUM(C46:C49) -> 7 | T19: =SUM(D46:D49) -> 0 | U19: =SUM(E46:E49) -> 7 | V19: =SUM(F46:F49) -> 7 | W19: =SUM(G46:G49) -> 0 | X19: =SUM(H46:H49) -> 0 | Y19: =SUM(I46:I49) -> 6 | Z19: =SUM(J46:J49) -> 0 | ... AF19: =SUM(P46:P49) -> 138
B20: 09.30 - 09.45 | C20: 2 | D20: 0 | E20: 1 | F20: 0 | G20: 0 | H20: 0 | I20: 0 | J20: 1 | K20: 0 | L20: 0 | M20: 18 | N20: 0 | O20: =SUM(C20:L20,N20) -> 4 | P20: =SUM(C20:N20) -> 22 | R20: 1700-1800 | S20: =SUM(C50:C53) -> 11 | T20: =SUM(D50:D53) -> 0 | U20: =SUM(E50:E53) -> 14 | V20: =SUM(F50:F53) -> 8 | W20: =SUM(G50:G53) -> 0 | X20: =SUM(H50:H53) -> 0 | Y20: =SUM(I50:I53) -> 8 | Z20: =SUM(J50:J53) -> 0 | ... AF20: =SUM(P50:P53) -> 142
B21: 09.45 - 10.00 | C21: 3 | D21: 0 | E21: 0 | F21: 4 | G21: 0 | H21: 0 | I21: 3 | J21: 0 | K21: 0 | L21: 1 | M21: 20 | N21: 0 | O21: =SUM(C21:L21,N21) -> 11 | P21: =SUM(C21:N21) -> 31 | R21: 1800-1900 | S21: =SUM(C54:C57) -> 13 | T21: =SUM(D54:D57) -> 0 | U21: =SUM(E54:E57) -> 13 | V21: =SUM(F54:F57) -> 6 | W21: =SUM(G54:G57) -> 0 | X21: =SUM(H54:H57) -> 0 | Y21: =SUM(I54:I57) -> 7 | Z21: =SUM(J54:J57) -> 0 | ... AF21: =SUM(P54:P57) -> 163
B22: 10.00 - 10.15 | C22: 2 | D22: 0 | E22: 1 | F22: 1 | G22: 0 | H22: 0 | I22: 4 | J22: 0 | K22: 0 | L22: 0 | M22: 20 | N22: 0 | O22: =SUM(C22:L22,N22) -> 8 | P22: =SUM(C22:N22) -> 28 | R22: AM Peak Hr | S22: =MAX(S10:S12) -> 10 | T22: =MAX(T10:T12) -> 0 | U22: =MAX(U10:U12) -> 9 | V22: =MAX(V10:V12) -> 7 | W22: =MAX(W10:W12) -> 0 | X22: =MAX(X10:X12) -> 0 | Y22: =MAX(Y10:Y12) -> 7 | Z22: =MAX(Z10:Z12) -> 2 | ... AF22: =MAX(AF10:AF12) -> 118
B23: 10.15 - 10.30 | C23: 5 | D23: 0 | E23: 3 | F23: 2 | G23: 0 | H23: 0 | I23: 1 | J23: 0 | K23: 0 | L23: 0 | M23: 23 | N23: 0 | O23: =SUM(C23:L23,N23) -> 11 | P23: =SUM(C23:N23) -> 34 | R23: IP Peak Hr | S23: =MAX(S13:S18) -> 19 | T23: =MAX(T13:T18) -> 0 | U23: =MAX(U13:U18) -> 13 | V23: =MAX(V13:V18) -> 16 | W23: =MAX(W13:W18) -> 1 | X23: =MAX(X13:X18) -> 0 | Y23: =MAX(Y13:Y18) -> 11 | Z23: =MAX(Z13:Z18) -> 0 | ... AF23: =MAX(AF13:AF18) -> 135
B24: 10.30 - 10.45 | C24: 2 | D24: 0 | E24: 6 | F24: 0 | G24: 0 | H24: 0 | I24: 2 | J24: 0 | K24: 0 | L24: 0 | M24: 17 | N24: 0 | O24: =SUM(C24:L24,N24) -> 10 | P24: =SUM(C24:N24) -> 27 | R24: PM Peak Hr | S24: =MAX(S19:S21) -> 13 | T24: =MAX(T19:T21) -> 0 | U24: =MAX(U19:U21) -> 14 | V24: =MAX(V19:V21) -> 8 | W24: =MAX(W19:W21) -> 0 | X24: =MAX(X19:X21) -> 0 | Y24: =MAX(Y19:Y21) -> 8 | Z24: =MAX(Z19:Z21) -> 0 | ... AF24: =MAX(AF19:AF21) -> 163
B25: 10.45 - 11.00 | C25: 3 | D25: 0 | E25: 2 | F25: 3 | G25: 0 | H25: 0 | I25: 0 | J25: 0 | K25: 2 | L25: 0 | M25: 23 | N25: 0 | O25: =SUM(C25:L25,N25) -> 10 | P25: =SUM(C25:N25) -> 33 | R25: AM Period | S25: =SUM(S10:S12) -> 23 | T25: =SUM(T10:T12) -> 0 | U25: =SUM(U10:U12) -> 19 | V25: =SUM(V10:V12) -> 16 | W25: =SUM(W10:W12) -> 0 | X25: =SUM(X10:X12) -> 0 | Y25: =SUM(Y10:Y12) -> 14 | Z25: =SUM(Z10:Z12) -> 2 | ... AF25: =SUM(AF10:AF12) -> 272
B26: 11.00 - 11.15 | C26: 3 | D26: 0 | E26: 5 | F26: 3 | G26: 0 | H26: 0 | I26: 1 | J26: 0 | K26: 1 | L26: 0 | M26: 27 | N26: 0 | O26: =SUM(C26:L26,N26) -> 13 | P26: =SUM(C26:N26) -> 40 | R26: IP Period | S26: =SUM(S13:S18) -> 87 | T26: =SUM(T13:T18) -> 0 | U26: =SUM(U13:U18) -> 70 | V26: =SUM(V13:V18) -> 58 | W26: =SUM(W13:W18) -> 1 | X26: =SUM(X13:X18) -> 0 | Y26: =SUM(Y13:Y18) -> 55 | Z26: =SUM(Z13:Z18) -> 0 | ... AF26: =SUM(AF13:AF18) -> 780
B27: 11.15 - 11.30 | C27: 1 | D27: 0 | E27: 2 | F27: 1 | G27: 0 | H27: 0 | I27: 2 | J27: 0 | K27: 0 | L27: 0 | M27: 25 | N27: 0 | O27: =SUM(C27:L27,N27) -> 6 | P27: =SUM(C27:N27) -> 31 | R27: PM Period | S27: =SUM(S19:S21) -> 31 | T27: =SUM(T19:T21) -> 0 | U27: =SUM(U19:U21) -> 34 | V27: =SUM(V19:V21) -> 21 | W27: =SUM(W19:W21) -> 0 | X27: =SUM(X19:X21) -> 0 | Y27: =SUM(Y19:Y21) -> 21 | Z27: =SUM(Z19:Z21) -> 0 | ... AF27: =SUM(AF19:AF21) -> 443
B28: 11.30 - 11.45 | C28: 5 | D28: 0 | E28: 1 | F28: 5 | G28: 0 | H28: 0 | I28: 5 | J28: 0 | K28: 0 | L28: 0 | M28: 17 | N28: 0 | O28: =SUM(C28:L28,N28) -> 16 | P28: =SUM(C28:N28) -> 33 | R28: 12 Hours | S28: =SUM(S10:S21) -> 141 | T28: =SUM(T10:T21) -> 0 | U28: =SUM(U10:U21) -> 123 | V28: =SUM(V10:V21) -> 95 | W28: =SUM(W10:W21) -> 1 | X28: =SUM(X10:X21) -> 0 | Y28: =SUM(Y10:Y21) -> 90 | Z28: =SUM(Z10:Z21) -> 2 | ... AF28: =SUM(AF10:AF21) -> 1495
B29: 11.45 - 12.00 | C29: 4 | D29: 0 | E29: 5 | F29: 1 | G29: 0 | H29: 0 | I29: 3 | J29: 0 | K29: 0 | L29: 0 | M29: 18 | N29: 0 | O29: =SUM(C29:L29,N29) -> 13 | P29: =SUM(C29:N29) -> 31
B30: 12.00 - 12.15 | C30: 4 | D30: 0 | E30: 3 | F30: 4 | G30: 0 | H30: 0 | I30: 2 | J30: 0 | K30: 0 | L30: 0 | M30: 24 | N30: 0 | O30: =SUM(C30:L30,N30) -> 13 | P30: =SUM(C30:N30) -> 37
B31: 12.15 - 12.30 | C31: 4 | D31: 0 | E31: 2 | F31: 2 | G31: 0 | H31: 0 | I31: 3 | J31: 0 | K31: 0 | L31: 0 | M31: 16 | N31: 0 | O31: =SUM(C31:L31,N31) -> 11 | P31: =SUM(C31:N31) -> 27
B32: 12.30 - 12.45 | C32: 3 | D32: 0 | E32: 2 | F32: 1 | G32: 0 | H32: 0 | I32: 1 | J32: 0 | K32: 0 | L32: 0 | M32: 26 | N32: 0 | O32: =SUM(C32:L32,N32) -> 7 | P32: =SUM(C32:N32) -> 33
B33: 12.45 - 13.00 | C33: 5 | D33: 0 | E33: 3 | F33: 3 | G33: 0 | H33: 0 | I33: 5 | J33: 0 | K33: 0 | L33: 0 | M33: 19 | N33: 0 | O33: =SUM(C33:L33,N33) -> 16 | P33: =SUM(C33:N33) -> 35
B34: 13.00 - 13.15 | C34: 3 | D34: 0 | E34: 1 | F34: 2 | G34: 0 | H34: 0 | I34: 3 | J34: 0 | K34: 0 | L34: 0 | M34: 30 | N34: 0 | O34: =SUM(C34:L34,N34) -> 9 | P34: =SUM(C34:N34) -> 39
B35: 13.15 - 13.30 | C35: 2 | D35: 0 | E35: 3 | F35: 3 | G35: 0 | H35: 0 | I35: 3 | J35: 0 | K35: 1 | L35: 0 | M35: 13 | N35: 0 | O35: =SUM(C35:L35,N35) -> 12 | P35: =SUM(C35:N35) -> 25
B36: 13.30 - 13.45 | C36: 7 | D36: 0 | E36: 5 | F36: 6 | G36: 0 | H36: 0 | I36: 1 | J36: 0 | K36: 0 | L36: 0 | M36: 16 | N36: 0 | O36: =SUM(C36:L36,N36) -> 19 | P36: =SUM(C36:N36) -> 35
B37: 13.45 - 14.00 | C37: 4 | D37: 0 | E37: 4 | F37: 5 | G37: 1 | H37: 0 | I37: 2 | J37: 0 | K37: 0 | L37: 0 | M37: 20 | N37: 0 | O37: =SUM(C37:L37,N37) -> 16 | P37: =SUM(C37:N37) -> 36
B38: 14.00 - 14.15 | C38: 7 | D38: 0 | E38: 2 | F38: 2 | G38: 0 | H38: 0 | I38: 3 | J38: 0 | K38: 0 | L38: 0 | M38: 20 | N38: 0 | O38: =SUM(C38:L38,N38) -> 14 | P38: =SUM(C38:N38) -> 34
B39: 14.15 - 14.30 | C39: 6 | D39: 0 | E39: 4 | F39: 0 | G39: 0 | H39: 0 | I39: 2 | J39: 0 | K39: 1 | L39: 0 | M39: 23 | N39: 0 | O39: =SUM(C39:L39,N39) -> 13 | P39: =SUM(C39:N39) -> 36
B40: 14.30 - 14.45 | C40: 4 | D40: 0 | E40: 2 | F40: 5 | G40: 0 | H40: 0 | I40: 0 | J40: 0 | K40: 0 | L40: 0 | M40: 27 | N40: 0 | O40: =SUM(C40:L40,N40) -> 11 | P40: =SUM(C40:N40) -> 38
... B57: 18.45 - 19.00 | C57: 3 | D57: 0 | E57: 1 | F57: 2 | G57: 0 | H57: 0 | I57: 3 | J57: 0 | K57: 0 | L57: 0 | M57: 27 | N57: 0 | O57: =SUM(C57:L57,N57) -> 9 | P57: =SUM(C57:N57) -> 36
B58: Totals | C58: =SUM(C10:C57) -> 141 | D58: =SUM(D10:D57) -> 0 | E58: =SUM(E10:E57) -> 123 | F58: =SUM(F10:F57) -> 95 | G58: =SUM(G10:G57) -> 1 | H58: =SUM(H10:H57) -> 0 | I58: =SUM(I10:I57) -> 90 | J58: =SUM(J10:J57) -> 2 | ... P58: =SUM(P10:P57) -> 1495
B59: %ges + MCs | C59: =C58/$P$58 -> 0.094314381 | D59: =D58/$P$58 -> 0 | E59: =E58/$P$58 -> 0.082274247 | F59: =F58/$P$58 -> 0.063545151 | G59: =G58/$P$58 -> 0.00066889632 | H59: =H58/$P$58 -> 0 | I59: =I58/$P$58 -> 0.060200669 | J59: =J58/$P$58 -> 0.0013377926 | ... N59: =N58/$P$58 -> 0.00066889632
B60: %ges w/o MCs | C60: =C58/$O$58 -> 0.30322581 | D60: =D58/$O$58 -> 0 | E60: =E58/$O$58 -> 0.26451613 | F60: =F58/$O$58 -> 0.20430108 | G60: =G58/$O$58 -> 0.0021505376 | H60: =H58/$O$58 -> 0 | I60: =I58/$O$58 -> 0.19354839 | J60: =J58/$O$58 -> 0.0043010753 | ... L60: =L58/$O$58 -> 0.0043010753 | N60: =N58/$O$58 -> 0.0021505376

Sheet 19.08 Bukaya-Kampala
B1: Consultancy services for Preparation of Expressway Development Master Plan (EDMP) for Uganda
B2: MANUAL CLASSIFIED COUNT (MCC)
B3: ROAD NAME: | C3: ='19.08 Kampala-Bukaya'!C3:G3 -> MCC - C3 - STN92 - NALUBAALE ROAD
C5: Date | D5: ='19.08 Kampala-Bukaya'!D5 -> 19.08.19 | F5: Location | G5: ='19.08 Kampala-Bukaya'!G5:H5 -> Nyenga | J5: Surveyor | K5: ='19.08 Kampala-Bukaya'!K5:L5 -> xxx
C6: Dir. From | D6: Bukaya | F6: Dir. To | G6: Kampala | J6: Supervisor | K6: ='19.08 Kampala-Bukaya'!K6:L6 -> xxx
B8: Time / Veh Type | R8: SUMMARY TRAFFIC VOLUMES
C9: 1. Car | D9: 2. Station Wagon | E9: 3. Pickups | F9: 4. Minibus, matatu | G9: 5. Medium bus | H9: 6. Large Bus | I9: 7. Light Truck | J9: 8. Medium Truck | K9: 9. Heavy truck | L9: 10. Truck Trailer | M9: 11. Motor cycles | N9: 12. Tractors | O9: Total Excl M/Cycles | P9: Total All | R9: Time | S9: 1. Car | T9: 2. Station Wagon | U9: 3. Pickups | V9: 4. Minibus, matatu | W9: 5. Medium bus | X9: 6. Large Bus | Y9: 7. Light Truck | Z9: 8. Medium Truck | AA9: 9. Heavy truck | AB9: 10. Truck Trailer | AC9: 11. Motorcycles | AD9: 12. Tractors, Graders | AE9: Total Excl M/ Cycles | AF9: Total All
B10: 07.00 - 07.15 | C10: 1 | D10: 0 | E10: 0 | F10: 2 | G10: 0 | H10: 0 | I10: 0 | J10: 0 | K10: 0 | L10: 0 | M10: 10 | N10: 0 | O10: =SUM(C10:L10,N10) -> 3 | P10: =SUM(C10:N10) -> 13 | R10: 0700-0800 | S10: =SUM(C10:C13) -> 2 | T10: =SUM(D10:D13) -> 0 | U10: =SUM(E10:E13) -> 2 | V10: =SUM(F10:F13) -> 7 | W10: =SUM(G10:G13) -> 0 | X10: =SUM(H10:H13) -> 0 | Y10: =SUM(I10:I13) -> 1 | Z10: =SUM(J10:J13) -> 0 | ... AF10: =SUM(P10:P13) -> 76
B11: 07.15 - 07.30 | C11: 0 | D11: 0 | E11: 0 | F11: 1 | G11: 0 | H11: 0 | I11: 1 | J11: 0 | K11: 0 | L11: 0 | M11: 17 | N11: 0 | O11: =SUM(C11:L11,N11) -> 2 | P11: =SUM(C11:N11) -> 19 | R11: 0800-0900 | S11: =SUM(C14:C17) -> 3 | T11: =SUM(D14:D17) -> 0 | U11: =SUM(E14:E17) -> 1 | V11: =SUM(F14:F17) -> 8 | W11: =SUM(G14:G17) -> 0 | X11: =SUM(H14:H17) -> 0 | Y11: =SUM(I14:I17) -> 3 | Z11: =SUM(J14:J17) -> 0 | ... AF11: =SUM(P14:P17) -> 81
B12: 07.30 - 07.45 | C12: 0 | D12: 0 | E12: 1 | F12: 4 | G12: 0 | H12: 0 | I12: 0 | J12: 0 | K12: 0 | L12: 0 | M12: 20 | N12: 0 | O12: =SUM(C12:L12,N12) -> 5 | P12: =SUM(C12:N12) -> 25 | R12: 0900-1000 | S12: =SUM(C18:C21) -> 5 | T12: =SUM(D18:D21) -> 0 | U12: =SUM(E18:E21) -> 3 | V12: =SUM(F18:F21) -> 3 | W12: =SUM(G18:G21) -> 0 | X12: =SUM(H18:H21) -> 0 | Y12: =SUM(I18:I21) -> 5 | Z12: =SUM(J18:J21) -> 1 | ... AF12: =SUM(P18:P21) -> 87
B13: 07.45 - 08.00 | C13: 1 | D13: 0 | E13: 1 | F13: 0 | G13: 0 | H13: 0 | I13: 0 | J13: 0 | K13: 0 | L13: 0 | M13: 17 | N13: 0 | O13: =SUM(C13:L13,N13) -> 2 | P13: =SUM(C13:N13) -> 19 | R13: 1000-1100 | S13: =SUM(C22:C25) -> 3 | T13: =SUM(D22:D25) -> 0 | U13: =SUM(E22:E25) -> 7 | V13: =SUM(F22:F25) -> 6 | W13: =SUM(G22:G25) -> 0 | X13: =SUM(H22:H25) -> 0 | Y13: =SUM(I22:I25) -> 1 | Z13: =SUM(J22:J25) -> 0 | ... AF13: =SUM(P22:P25) -> 93
B14: 08.00 - 08.15 | C14: 2 | D14: 0 | E14: 0 | F14: 3 | G14: 0 | H14: 0 | I14: 0 | J14: 0 | K14: 1 | L14: 1 | M14: 16 | N14: 0 | O14: =SUM(C14:L14,N14) -> 7 | P14: =SUM(C14:N14) -> 23 | R14: 1100-1200 | S14: =SUM(C26:C29) -> 9 | T14: =SUM(D26:D29) -> 0 | U14: =SUM(E26:E29) -> 5 | V14: =SUM(F26:F29) -> 6 | W14: =SUM(G26:G29) -> 0 | X14: =SUM(H26:H29) -> 0 | Y14: =SUM(I26:I29) -> 8 | Z14: =SUM(J26:J29) -> 0 | ... AF14: =SUM(P26:P29) -> 105
B15: 08.15 - 08.30 | C15: 1 | D15: 0 | E15: 0 | F15: 1 | G15: 0 | H15: 0 | I15: 1 | J15: 0 | K15: 0 | L15: 0 | M15: 14 | N15: 0 | O15: =SUM(C15:L15,N15) -> 3 | P15: =SUM(C15:N15) -> 17 | R15: 1200-1300 | S15: =SUM(C30:C33) -> 4 | T15: =SUM(D30:D33) -> 0 | U15: =SUM(E30:E33) -> 7 | V15: =SUM(F30:F33) -> 6 | W15: =SUM(G30:G33) -> 0 | X15: =SUM(H30:H33) -> 0 | Y15: =SUM(I30:I33) -> 4 | Z15: =SUM(J30:J33) -> 0 | ... AF15: =SUM(P30:P33) -> 101
B16: 08.30 - 08.45 | C16: 0 | D16: 0 | E16: 1 | F16: 2 | G16: 0 | H16: 0 | I16: 0 | J16: 0 | K16: 0 | L16: 0 | M16: 16 | N16: 0 | O16: =SUM(C16:L16,N16) -> 3 | P16: =SUM(C16:N16) -> 19 | R16: 1300-1400 | S16: =SUM(C34:C37) -> 8 | T16: =SUM(D34:D37) -> 0 | U16: =SUM(E34:E37) -> 3 | V16: =SUM(F34:F37) -> 6 | W16: =SUM(G34:G37) -> 0 | X16: =SUM(H34:H37) -> 0 | Y16: =SUM(I34:I37) -> 4 | Z16: =SUM(J34:J37) -> 0 | ... AF16: =SUM(P34:P37) -> 96
B17: 08.45 - 9.00 | C17: 0 | D17: 0 | E17: 0 | F17: 2 | G17: 0 | H17: 0 | I17: 2 | J17: 0 | K17: 0 | L17: 0 | M17: 18 | N17: 0 | O17: =SUM(C17:L17,N17) -> 4 | P17: =SUM(C17:N17) -> 22 | R17: 1400-1500 | S17: =SUM(C38:C41) -> 9 | T17: =SUM(D38:D41) -> 0 | U17: =SUM(E38:E41) -> 11 | V17: =SUM(F38:F41) -> 4 | W17: =SUM(G38:G41) -> 0 | X17: =SUM(H38:H41) -> 0 | Y17: =SUM(I38:I41) -> 10 | Z17: =SUM(J38:J41) -> 0 | ... AF17: =SUM(P38:P41) -> 129
B18: 09.00 - 09.15 | C18: 2 | D18: 0 | E18: 1 | F18: 2 | G18: 0 | H18: 0 | I18: 1 | J18: 1 | K18: 0 | L18: 0 | M18: 16 | N18: 0 | O18: =SUM(C18:L18,N18) -> 7 | P18: =SUM(C18:N18) -> 23 | R18: 1500-1600 | S18: =SUM(C42:C45) -> 11 | T18: =SUM(D42:D45) -> 0 | U18: =SUM(E42:E45) -> 9 | V18: =SUM(F42:F45) -> 5 | W18: =SUM(G42:G45) -> 1 | X18: =SUM(H42:H45) -> 0 | Y18: =SUM(I42:I45) -> 8 | Z18: =SUM(J42:J45) -> 1 | ... AF18: =SUM(P42:P45) -> 127
B19: 09.15 - 09.30 | C19: 1 | D19: 0 | E19: 0 | F19: 0 | G19: 0 | H19: 0 | I19: 0 | J19: 0 | K19: 1 | L19: 0 | M19: 15 | N19: 0 | O19: =SUM(C19:L19,N19) -> 2 | P19: =SUM(C19:N19) -> 17 | R19: 1600-1700 | S19: =SUM(C46:C49) -> 10 | T19: =SUM(D46:D49) -> 0 | U19: =SUM(E46:E49) -> 21 | V19: =SUM(F46:F49) -> 9 | W19: =SUM(G46:G49) -> 0 | X19: =SUM(H46:H49) -> 0 | Y19: =SUM(I46:I49) -> 11 | Z19: =SUM(J46:J49) -> 0 | ... AF19: =SUM(P46:P49) -> 147
B20: 09.30 - 09.45 | C20: 1 | D20: 0 | E20: 2 | F20: 1 | G20: 0 | H20: 0 | I20: 3 | J20: 0 | K20: 0 | L20: 0 | M20: 15 | N20: 0 | O20: =SUM(C20:L20,N20) -> 7 | P20: =SUM(C20:N20) -> 22 | R20: 1700-1800 | S20: =SUM(C50:C53) -> 24 | T20: =SUM(D50:D53) -> 0 | U20: =SUM(E50:E53) -> 26 | V20: =SUM(F50:F53) -> 17 | W20: =SUM(G50:G53) -> 1 | X20: =SUM(H50:H53) -> 0 | Y20: =SUM(I50:I53) -> 6 | Z20: =SUM(J50:J53) -> 0 | ... AF20: =SUM(P50:P53) -> 204
B21: 09.45 - 10.00 | C21: 1 | D21: 0 | E21: 0 | F21: 0 | G21: 0 | H21: 0 | I21: 1 | J21: 0 | K21: 0 | L21: 0 | M21: 23 | N21: 0 | O21: =SUM(C21:L21,N21) -> 2 | P21: =SUM(C21:N21) -> 25 | R21: 1800-1900 | S21: =SUM(C54:C57) -> 19 | T21: =SUM(D54:D57) -> 0 | U21: =SUM(E54:E57) -> 22 | V21: =SUM(F54:F57) -> 12 | W21: =SUM(G54:G57) -> 0 | X21: =SUM(H54:H57) -> 0 | Y21: =SUM(I54:I57) -> 13 | Z21: =SUM(J54:J57) -> 0 | ... AF21: =SUM(P54:P57) -> 190
B22: 10.00 - 10.15 | C22: 0 | D22: 0 | E22: 3 | F22: 1 | G22: 0 | H22: 0 | I22: 0 | J22: 0 | K22: 0 | L22: 0 | M22: 15 | N22: 0 | O22: =SUM(C22:L22,N22) -> 4 | P22: =SUM(C22:N22) -> 19 | R22: AM Peak Hr | S22: =MAX(S10:S12) -> 5 | T22: =MAX(T10:T12) -> 0 | U22: =MAX(U10:U12) -> 3 | V22: =MAX(V10:V12) -> 8 | W22: =MAX(W10:W12) -> 0 | X22: =MAX(X10:X12) -> 0 | Y22: =MAX(Y10:Y12) -> 5 | Z22: =MAX(Z10:Z12) -> 1 | ... AF22: =MAX(AF10:AF12) -> 87
B23: 10.15 - 10.30 | C23: 1 | D23: 0 | E23: 2 | F23: 2 | G23: 0 | H23: 0 | I23: 1 | J23: 0 | K23: 0 | L23: 0 | M23: 23 | N23: 0 | O23: =SUM(C23:L23,N23) -> 6 | P23: =SUM(C23:N23) -> 29 | R23: IP Peak Hr | S23: =MAX(S13:S18) -> 11 | T23: =MAX(T13:T18) -> 0 | U23: =MAX(U13:U18) -> 11 | V23: =MAX(V13:V18) -> 6 | W23: =MAX(W13:W18) -> 1 | X23: =MAX(X13:X18) -> 0 | Y23: =MAX(Y13:Y18) -> 10 | Z23: =MAX(Z13:Z18) -> 1 | ... AF23: =MAX(AF13:AF18) -> 129
B24: 10.30 - 10.45 | C24: 2 | D24: 0 | E24: 2 | F24: 2 | G24: 0 | H24: 0 | I24: 0 | J24: 0 | K24: 0 | L24: 0 | M24: 15 | N24: 0 | O24: =SUM(C24:L24,N24) -> 6 | P24: =SUM(C24:N24) -> 21 | R24: PM Peak Hr | S24: =MAX(S19:S21) -> 24 | T24: =MAX(T19:T21) -> 0 | U24: =MAX(U19:U21) -> 26 | V24: =MAX(V19:V21) -> 17 | W24: =MAX(W19:W21) -> 1 | X24: =MAX(X19:X21) -> 0 | Y24: =MAX(Y19:Y21) -> 13 | Z24: =MAX(Z19:Z21) -> 0 | ... AF24: =MAX(AF19:AF21) -> 204
B25: 10.45 - 11.00 | C25: 0 | D25: 0 | E25: 0 | F25: 1 | G25: 0 | H25: 0 | I25: 0 | J25: 0 | K25: 0 | L25: 0 | M25: 23 | N25: 0 | O25: =SUM(C25:L25,N25) -> 1 | P25: =SUM(C25:N25) -> 24 | R25: AM Period | S25: =SUM(S10:S12) -> 10 | T25: =SUM(T10:T12) -> 0 | U25: =SUM(U10:U12) -> 6 | V25: =SUM(V10:V12) -> 18 | W25: =SUM(W10:W12) -> 0 | X25: =SUM(X10:X12) -> 0 | Y25: =SUM(Y10:Y12) -> 9 | Z25: =SUM(Z10:Z12) -> 1 | ... AF25: =SUM(AF10:AF12) -> 244
B26: 11.00 - 11.15 | C26: 3 | D26: 0 | E26: 1 | F26: 2 | G26: 0 | H26: 0 | I26: 3 | J26: 0 | K26: 0 | L26: 0 | M26: 17 | N26: 0 | O26: =SUM(C26:L26,N26) -> 9 | P26: =SUM(C26:N26) -> 26 | R26: IP Period | S26: =SUM(S13:S18) -> 44 | T26: =SUM(T13:T18) -> 0 | U26: =SUM(U13:U18) -> 42 | V26: =SUM(V13:V18) -> 33 | W26: =SUM(W13:W18) -> 1 | X26: =SUM(X13:X18) -> 0 | Y26: =SUM(Y13:Y18) -> 35 | Z26: =SUM(Z13:Z18) -> 1 | ... AF26: =SUM(AF13:AF18) -> 651
B27: 11.15 - 11.30 | C27: 3 | D27: 0 | E27: 1 | F27: 2 | G27: 0 | H27: 0 | I27: 0 | J27: 0 | K27: 0 | L27: 0 | M27: 18 | N27: 0 | O27: =SUM(C27:L27,N27) -> 6 | P27: =SUM(C27:N27) -> 24 | R27: PM Period | S27: =SUM(S19:S21) -> 53 | T27: =SUM(T19:T21) -> 0 | U27: =SUM(U19:U21) -> 69 | V27: =SUM(V19:V21) -> 38 | W27: =SUM(W19:W21) -> 1 | X27: =SUM(X19:X21) -> 0 | Y27: =SUM(Y19:Y21) -> 30 | Z27: =SUM(Z19:Z21) -> 0 | ... AF27: =SUM(AF19:AF21) -> 541
B28: 11.30 - 11.45 | C28: 2 | D28: 0 | E28: 2 | F28: 1 | G28: 0 | H28: 0 | I28: 5 | J28: 0 | K28: 0 | L28: 0 | M28: 28 | N28: 0 | O28: =SUM(C28:L28,N28) -> 10 | P28: =SUM(C28:N28) -> 38 | R28: 12 Hours | S28: =SUM(S10:S21) -> 107 | T28: =SUM(T10:T21) -> 0 | U28: =SUM(U10:U21) -> 117 | V28: =SUM(V10:V21) -> 89 | W28: =SUM(W10:W21) -> 2 | X28: =SUM(X10:X21) -> 0 | Y28: =SUM(Y10:Y21) -> 74 | Z28: =SUM(Z10:Z21) -> 2 | ... AF28: =SUM(AF10:AF21) -> 1436
B29: 11.45 - 12.00 | C29: 1 | D29: 0 | E29: 1 | F29: 1 | G29: 0 | H29: 0 | I29: 0 | J29: 0 | K29: 0 | L29: 0 | M29: 14 | N29: 0 | O29: =SUM(C29:L29,N29) -> 3 | P29: =SUM(C29:N29) -> 17
B30: 12.00 - 12.15 | C30: 1 | D30: 0 | E30: 3 | F30: 2 | G30: 0 | H30: 0 | I30: 0 | J30: 0 | K30: 2 | L30: 0 | M30: 20 | N30: 0 | O30: =SUM(C30:L30,N30) -> 8 | P30: =SUM(C30:N30) -> 28
B31: 12.15 - 12.30 | C31: 1 | D31: 0 | E31: 1 | F31: 2 | G31: 0 | H31: 0 | I31: 1 | J31: 0 | K31: 0 | L31: 0 | M31: 17 | N31: 0 | O31: =SUM(C31:L31,N31) -> 5 | P31: =SUM(C31:N31) -> 22
B32: 12.30 - 12.45 | C32: 2 | D32: 0 | E32: 2 | F32: 0 | G32: 0 | H32: 0 | I32: 1 | J32: 0 | K32: 0 | L32: 0 | M32: 19 | N32: 0 | O32: =SUM(C32:L32,N32) -> 5 | P32: =SUM(C32:N32) -> 24
B33: 12.45 - 13.00 | C33: 0 | D33: 0 | E33: 1 | F33: 2 | G33: 0 | H33: 0 | I33: 2 | J33: 0 | K33: 0 | L33: 0 | M33: 22 | N33: 0 | O33: =SUM(C33:L33,N33) -> 5 | P33: =SUM(C33:N33) -> 27
B34: 13.00 - 13.15 | C34: 2 | D34: 0 | E34: 1 | F34: 0 | G34: 0 | H34: 0 | I34: 1 | J34: 0 | K34: 0 | L34: 0 | M34: 25 | N34: 0 | O34: =SUM(C34:L34,N34) -> 4 | P34: =SUM(C34:N34) -> 29
B35: 13.15 - 13.30 | C35: 3 | D35: 0 | E35: 0 | F35: 0 | G35: 0 | H35: 0 | I35: 0 | J35: 0 | K35: 0 | L35: 0 | M35: 21 | N35: 0 | O35: =SUM(C35:L35,N35) -> 3 | P35: =SUM(C35:N35) -> 24
B36: 13.30 - 13.45 | C36: 1 | D36: 0 | E36: 0 | F36: 3 | G36: 0 | H36: 0 | I36: 2 | J36: 0 | K36: 0 | L36: 0 | M36: 19 | N36: 0 | O36: =SUM(C36:L36,N36) -> 6 | P36: =SUM(C36:N36) -> 25
B37: 13.45 - 14.00 | C37: 2 | D37: 0 | E37: 2 | F37: 3 | G37: 0 | H37: 0 | I37: 1 | J37: 0 | K37: 0 | L37: 0 | M37: 10 | N37: 0 | O37: =SUM(C37:L37,N37) -> 8 | P37: =SUM(C37:N37) -> 18
B38: 14.00 - 14.15 | C38: 2 | D38: 0 | E38: 2 | F38: 2 | G38: 0 | H38: 0 | I38: 3 | J38: 0 | K38: 0 | L38: 0 | M38: 28 | N38: 0 | O38: =SUM(C38:L38,N38) -> 9 | P38: =SUM(C38:N38) -> 37
B39: 14.15 - 14.30 | C39: 0 | D39: 0 | E39: 2 | F39: 1 | G39: 0 | H39: 0 | I39: 3 | J39: 0 | K39: 0 | L39: 0 | M39: 19 | N39: 0 | O39: =SUM(C39:L39,N39) -> 6 | P39: =SUM(C39:N39) -> 25
B40: 14.30 - 14.45 | C40: 5 | D40: 0 | E40: 5 | F40: 0 | G40: 0 | H40: 0 | I40: 2 | J40: 0 | K40: 1 | L40: 0 | M40: 32 | N40: 0 | O40: =SUM(C40:L40,N40) -> 13 | P40: =SUM(C40:N40) -> 45
... B57: 18.45 - 19.00 | C57: 6 | D57: 0 | E57: 3 | F57: 2 | G57: 0 | H57: 0 | I57: 3 | J57: 0 | K57: 0 | L57: 0 | M57: 38 | N57: 0 | O57: =SUM(C57:L57,N57) -> 14 | P57: =SUM(C57:N57) -> 52
B58: Totals | C58: =SUM(C10:C57) -> 107 | D58: =SUM(D10:D57) -> 0 | E58: =SUM(E10:E57) -> 117 | F58: =SUM(F10:F57) -> 89 | G58: =SUM(G10:G57) -> 2 | H58: =SUM(H10:H57) -> 0 | I58: =SUM(I10:I57) -> 74 | J58: =SUM(J10:J57) -> 2 | ... P58: =SUM(P10:P57) -> 1436
B59: %ges + MCs | C59: =C58/$P$58 -> 0.074512535 | D59: =D58/$P$58 -> 0 | E59: =E58/$P$58 -> 0.081476323 | F59: =F58/$P$58 -> 0.061977716 | G59: =G58/$P$58 -> 0.0013927577 | H59: =H58/$P$58 -> 0 | I59: =I58/$P$58 -> 0.051532033 | J59: =J58/$P$58 -> 0.0013927577 | ... N59: =N58/$P$58 -> 0
B60: %ges w/o MCs | C60: =C58/$O$58 -> 0.2675 | D60: =D58/$O$58 -> 0 | E60: =E58/$O$58 -> 0.2925 | F60: =F58/$O$58 -> 0.2225 | G60: =G58/$O$58 -> 0.005 | H60: =H58/$O$58 -> 0 | I60: =I58/$O$58 -> 0.185 | J60: =J58/$O$58 -> 0.005 | ... L60: =L58/$O$58 -> 0.0025 | N60: =N58/$O$58 -> 0

Sheet 20.08 Kampala-Bukaya
B1: Consultancy services for Preparation of Expressway Development Master Plan (EDMP) for Uganda
B2: MANUAL CLASSIFIED COUNT (MCC)
B3: ROAD NAME: | C3: ='19.08 Kampala-Bukaya'!C3:G3 -> MCC - C3 - STN92 - NALUBAALE ROAD
C5: Date | D5: 20.08.19 | F5: Location | G5: ='19.08 Kampala-Bukaya'!G5:H5 -> Nyenga | J5: Surveyor | K5: ='19.08 Kampala-Bukaya'!K5:L5 -> xxx
C6: Dir. From | D6: ='19.08 Kampala-Bukaya'!D6:E6 -> Kampala | F6: Dir. To | G6: ='19.08 Kampala-Bukaya'!G6:H6 -> Bukaya | J6: Supervisor | K6: ='19.08 Kampala-Bukaya'!K6:L6 -> xxx
B8: Time / Veh Type | R8: SUMMARY TRAFFIC VOLUMES
C9: 1. Car | D9: 2. Station Wagon | E9: 3. Pickups | F9: 4. Minibus, matatu | G9: 5. Medium bus | H9: 6. Large Bus | I9: 7. Light Truck | J9: 8. Medium Truck | K9: 9. Heavy truck | L9: 10. Truck Trailer | M9: 11. Motor cycles | N9: 12. Tractors | O9: Total Excl M/Cycles | P9: Total All | R9: Time | S9: 1. Car | T9: 2. Station Wagon | U9: 3. Pickups | V9: 4. Minibus, matatu | W9: 5. Medium bus | X9: 6. Large Bus | Y9: 7. Light Truck | Z9: 8. Medium Truck | AA9: 9. Heavy truck | AB9: 10. Truck Trailer | AC9: 11. Motorcycles | AD9: 12. Tractors, Graders | AE9: Total Excl M/ Cycles | AF9: Total All
B10: 07.00 - 07.15 | C10: 0 | D10: 0 | E10: 0 | F10: 0 | G10: 0 | H10: 0 | I10: 1 | J10: 0 | K10: 0 | L10: 0 | M10: 13 | N10: 0 | O10: =SUM(C10:L10,N10) -> 1 | P10: =SUM(C10:N10) -> 14 | R10: 0700-0800 | S10: =SUM(C10:C13) -> 5 | T10: =SUM(D10:D13) -> 0 | U10: =SUM(E10:E13) -> 7 | V10: =SUM(F10:F13) -> 2 | W10: =SUM(G10:G13) -> 0 | X10: =SUM(H10:H13) -> 0 | Y10: =SUM(I10:I13) -> 7 | Z10: =SUM(J10:J13) -> 0 | ... AF10: =SUM(P10:P13) -> 75
B11: 07.15 - 07.30 | C11: 2 | D11: 0 | E11: 2 | F11: 1 | G11: 0 | H11: 0 | I11: 1 | J11: 0 | K11: 0 | L11: 0 | M11: 9 | N11: 0 | O11: =SUM(C11:L11,N11) -> 6 | P11: =SUM(C11:N11) -> 15 | R11: 0800-0900 | S11: =SUM(C14:C17) -> 5 | T11: =SUM(D14:D17) -> 0 | U11: =SUM(E14:E17) -> 10 | V11: =SUM(F14:F17) -> 4 | W11: =SUM(G14:G17) -> 0 | X11: =SUM(H14:H17) -> 0 | Y11: =SUM(I14:I17) -> 7 | Z11: =SUM(J14:J17) -> 0 | ... AF11: =SUM(P14:P17) -> 98
B12: 07.30 - 07.45 | C12: 1 | D12: 0 | E12: 2 | F12: 1 | G12: 0 | H12: 0 | I12: 2 | J12: 0 | K12: 0 | L12: 0 | M12: 12 | N12: 0 | O12: =SUM(C12:L12,N12) -> 6 | P12: =SUM(C12:N12) -> 18 | R12: 0900-1000 | S12: =SUM(C18:C21) -> 6 | T12: =SUM(D18:D21) -> 0 | U12: =SUM(E18:E21) -> 7 | V12: =SUM(F18:F21) -> 8 | W12: =SUM(G18:G21) -> 0 | X12: =SUM(H18:H21) -> 0 | Y12: =SUM(I18:I21) -> 7 | Z12: =SUM(J18:J21) -> 0 | ... AF12: =SUM(P18:P21) -> 98
B13: 07.45 - 08.00 | C13: 2 | D13: 0 | E13: 3 | F13: 0 | G13: 0 | H13: 0 | I13: 3 | J13: 0 | K13: 0 | L13: 0 | M13: 20 | N13: 0 | O13: =SUM(C13:L13,N13) -> 8 | P13: =SUM(C13:N13) -> 28 | R13: 1000-1100 | S13: =SUM(C22:C25) -> 12 | T13: =SUM(D22:D25) -> 0 | U13: =SUM(E22:E25) -> 14 | V13: =SUM(F22:F25) -> 6 | W13: =SUM(G22:G25) -> 0 | X13: =SUM(H22:H25) -> 0 | Y13: =SUM(I22:I25) -> 13 | Z13: =SUM(J22:J25) -> 0 | ... AF13: =SUM(P22:P25) -> 131
B14: 08.00 - 08.15 | C14: 1 | D14: 0 | E14: 2 | F14: 0 | G14: 0 | H14: 0 | I14: 3 | J14: 0 | K14: 0 | L14: 0 | M14: 21 | N14: 0 | O14: =SUM(C14:L14,N14) -> 6 | P14: =SUM(C14:N14) -> 27 | R14: 1100-1200 | S14: =SUM(C26:C29) -> 11 | T14: =SUM(D26:D29) -> 0 | U14: =SUM(E26:E29) -> 17 | V14: =SUM(F26:F29) -> 7 | W14: =SUM(G26:G29) -> 0 | X14: =SUM(H26:H29) -> 0 | Y14: =SUM(I26:I29) -> 11 | Z14: =SUM(J26:J29) -> 1 | ... AF14: =SUM(P26:P29) -> 132
B15: 08.15 - 08.30 | C15: 1 | D15: 0 | E15: 5 | F15: 0 | G15: 0 | H15: 0 | I15: 1 | J15: 0 | K15: 0 | L15: 0 | M15: 17 | N15: 1 | O15: =SUM(C15:L15,N15) -> 8 | P15: =SUM(C15:N15) -> 25 | R15: 1200-1300 | S15: =SUM(C30:C33) -> 8 | T15: =SUM(D30:D33) -> 0 | U15: =SUM(E30:E33) -> 15 | V15: =SUM(F30:F33) -> 7 | W15: =SUM(G30:G33) -> 2 | X15: =SUM(H30:H33) -> 0 | Y15: =SUM(I30:I33) -> 6 | Z15: =SUM(J30:J33) -> 0 | ... AF15: =SUM(P30:P33) -> 118
B16: 08.30 - 08.45 | C16: 2 | D16: 0 | E16: 1 | F16: 2 | G16: 0 | H16: 0 | I16: 2 | J16: 0 | K16: 0 | L16: 0 | M16: 14 | N16: 0 | O16: =SUM(C16:L16,N16) -> 7 | P16: =SUM(C16:N16) -> 21 | R16: 1300-1400 | S16: =SUM(C34:C37) -> 13 | T16: =SUM(D34:D37) -> 0 | U16: =SUM(E34:E37) -> 17 | V16: =SUM(F34:F37) -> 5 | W16: =SUM(G34:G37) -> 0 | X16: =SUM(H34:H37) -> 5 | Y16: =SUM(I34:I37) -> 6 | Z16: =SUM(J34:J37) -> 0 | ... AF16: =SUM(P34:P37) -> 94
B17: 08.45 - 9.00 | C17: 1 | D17: 0 | E17: 2 | F17: 2 | G17: 0 | H17: 0 | I17: 1 | J17: 0 | K17: 0 | L17: 0 | M17: 19 | N17: 0 | O17: =SUM(C17:L17,N17) -> 6 | P17: =SUM(C17:N17) -> 25 | R17: 1400-1500 | S17: =SUM(C38:C41) -> 14 | T17: =SUM(D38:D41) -> 0 | U17: =SUM(E38:E41) -> 12 | V17: =SUM(F38:F41) -> 10 | W17: =SUM(G38:G41) -> 0 | X17: =SUM(H38:H41) -> 0 | Y17: =SUM(I38:I41) -> 8 | Z17: =SUM(J38:J41) -> 0 | ... AF17: =SUM(P38:P41) -> 122
B18: 09.00 - 09.15 | C18: 0 | D18: 0 | E18: 1 | F18: 1 | G18: 0 | H18: 0 | I18: 3 | J18: 0 | K18: 0 | L18: 0 | M18: 8 | N18: 0 | O18: =SUM(C18:L18,N18) -> 5 | P18: =SUM(C18:N18) -> 13 | R18: 1500-1600 | S18: =SUM(C42:C45) -> 14 | T18: =SUM(D42:D45) -> 0 | U18: =SUM(E42:E45) -> 13 | V18: =SUM(F42:F45) -> 7 | W18: =SUM(G42:G45) -> 0 | X18: =SUM(H42:H45) -> 0 | Y18: =SUM(I42:I45) -> 6 | Z18: =SUM(J42:J45) -> 1 | ... AF18: =SUM(P42:P45) -> 130
B19: 09.15 - 09.30 | C19: 0 | D19: 0 | E19: 2 | F19: 0 | G19: 0 | H19: 0 | I19: 1 | J19: 0 | K19: 0 | L19: 0 | M19: 20 | N19: 0 | O19: =SUM(C19:L19,N19) -> 3 | P19: =SUM(C19:N19) -> 23 | R19: 1600-1700 | S19: =SUM(C46:C49) -> 13 | T19: =SUM(D46:D49) -> 0 | U19: =SUM(E46:E49) -> 8 | V19: =SUM(F46:F49) -> 6 | W19: =SUM(G46:G49) -> 0 | X19: =SUM(H46:H49) -> 0 | Y19: =SUM(I46:I49) -> 7 | Z19: =SUM(J46:J49) -> 0 | ... AF19: =SUM(P46:P49) -> 124
B20: 09.30 - 09.45 | C20: 5 | D20: 0 | E20: 2 | F20: 6 | G20: 0 | H20: 0 | I20: 2 | J20: 0 | K20: 0 | L20: 0 | M20: 26 | N20: 0 | O20: =SUM(C20:L20,N20) -> 15 | P20: =SUM(C20:N20) -> 41 | R20: 1700-1800 | S20: =SUM(C50:C53) -> 7 | T20: =SUM(D50:D53) -> 0 | U20: =SUM(E50:E53) -> 6 | V20: =SUM(F50:F53) -> 11 | W20: =SUM(G50:G53) -> 1 | X20: =SUM(H50:H53) -> 0 | Y20: =SUM(I50:I53) -> 10 | Z20: =SUM(J50:J53) -> 0 | ... AF20: =SUM(P50:P53) -> 134
B21: 09.45 - 10.00 | C21: 1 | D21: 0 | E21: 2 | F21: 1 | G21: 0 | H21: 0 | I21: 1 | J21: 0 | K21: 0 | L21: 0 | M21: 16 | N21: 0 | O21: =SUM(C21:L21,N21) -> 5 | P21: =SUM(C21:N21) -> 21 | R21: 1800-1900 | S21: =SUM(C54:C57) -> 6 | T21: =SUM(D54:D57) -> 0 | U21: =SUM(E54:E57) -> 6 | V21: =SUM(F54:F57) -> 7 | W21: =SUM(G54:G57) -> 0 | X21: =SUM(H54:H57) -> 0 | Y21: =SUM(I54:I57) -> 8 | Z21: =SUM(J54:J57) -> 0 | ... AF21: =SUM(P54:P57) -> 121
B22: 10.00 - 10.15 | C22: 2 | D22: 0 | E22: 7 | F22: 1 | G22: 0 | H22: 0 | I22: 3 | J22: 0 | K22: 1 | L22: 0 | M22: 24 | N22: 0 | O22: =SUM(C22:L22,N22) -> 14 | P22: =SUM(C22:N22) -> 38 | R22: AM Peak Hr | S22: =MAX(S10:S12) -> 6 | T22: =MAX(T10:T12) -> 0 | U22: =MAX(U10:U12) -> 10 | V22: =MAX(V10:V12) -> 8 | W22: =MAX(W10:W12) -> 0 | X22: =MAX(X10:X12) -> 0 | Y22: =MAX(Y10:Y12) -> 7 | Z22: =MAX(Z10:Z12) -> 0 | ... AF22: =MAX(AF10:AF12) -> 98
B23: 10.15 - 10.30 | C23: 6 | D23: 0 | E23: 3 | F23: 0 | G23: 0 | H23: 0 | I23: 2 | J23: 0 | K23: 0 | L23: 0 | M23: 15 | N23: 0 | O23: =SUM(C23:L23,N23) -> 11 | P23: =SUM(C23:N23) -> 26 | R23: IP Peak Hr | S23: =MAX(S13:S18) -> 14 | T23: =MAX(T13:T18) -> 0 | U23: =MAX(U13:U18) -> 17 | V23: =MAX(V13:V18) -> 10 | W23: =MAX(W13:W18) -> 2 | X23: =MAX(X13:X18) -> 5 | Y23: =MAX(Y13:Y18) -> 13 | Z23: =MAX(Z13:Z18) -> 1 | ... AF23: =MAX(AF13:AF18) -> 132
B24: 10.30 - 10.45 | C24: 4 | D24: 0 | E24: 2 | F24: 3 | G24: 0 | H24: 0 | I24: 4 | J24: 0 | K24: 1 | L24: 0 | M24: 23 | N24: 0 | O24: =SUM(C24:L24,N24) -> 14 | P24: =SUM(C24:N24) -> 37 | R24: PM Peak Hr | S24: =MAX(S19:S21) -> 13 | T24: =MAX(T19:T21) -> 0 | U24: =MAX(U19:U21) -> 8 | V24: =MAX(V19:V21) -> 11 | W24: =MAX(W19:W21) -> 1 | X24: =MAX(X19:X21) -> 0 | Y24: =MAX(Y19:Y21) -> 10 | Z24: =MAX(Z19:Z21) -> 0 | ... AF24: =MAX(AF19:AF21) -> 134
B25: 10.45 - 11.00 | C25: 0 | D25: 0 | E25: 2 | F25: 2 | G25: 0 | H25: 0 | I25: 4 | J25: 0 | K25: 0 | L25: 0 | M25: 22 | N25: 0 | O25: =SUM(C25:L25,N25) -> 8 | P25: =SUM(C25:N25) -> 30 | R25: AM Period | S25: =SUM(S10:S12) -> 16 | T25: =SUM(T10:T12) -> 0 | U25: =SUM(U10:U12) -> 24 | V25: =SUM(V10:V12) -> 14 | W25: =SUM(W10:W12) -> 0 | X25: =SUM(X10:X12) -> 0 | Y25: =SUM(Y10:Y12) -> 21 | Z25: =SUM(Z10:Z12) -> 0 | ... AF25: =SUM(AF10:AF12) -> 271
B26: 11.00 - 11.15 | C26: 4 | D26: 0 | E26: 6 | F26: 3 | G26: 0 | H26: 0 | I26: 3 | J26: 0 | K26: 0 | L26: 0 | M26: 19 | N26: 0 | O26: =SUM(C26:L26,N26) -> 16 | P26: =SUM(C26:N26) -> 35 | R26: IP Period | S26: =SUM(S13:S18) -> 72 | T26: =SUM(T13:T18) -> 0 | U26: =SUM(U13:U18) -> 88 | V26: =SUM(V13:V18) -> 42 | W26: =SUM(W13:W18) -> 2 | X26: =SUM(X13:X18) -> 5 | Y26: =SUM(Y13:Y18) -> 50 | Z26: =SUM(Z13:Z18) -> 2 | ... AF26: =SUM(AF13:AF18) -> 727
B27: 11.15 - 11.30 | C27: 2 | D27: 0 | E27: 7 | F27: 0 | G27: 0 | H27: 0 | I27: 3 | J27: 1 | K27: 0 | L27: 0 | M27: 18 | N27: 0 | O27: =SUM(C27:L27,N27) -> 13 | P27: =SUM(C27:N27) -> 31 | R27: PM Period | S27: =SUM(S19:S21) -> 26 | T27: =SUM(T19:T21) -> 0 | U27: =SUM(U19:U21) -> 20 | V27: =SUM(V19:V21) -> 24 | W27: =SUM(W19:W21) -> 1 | X27: =SUM(X19:X21) -> 0 | Y27: =SUM(Y19:Y21) -> 25 | Z27: =SUM(Z19:Z21) -> 0 | ... AF27: =SUM(AF19:AF21) -> 379
B28: 11.30 - 11.45 | C28: 3 | D28: 0 | E28: 0 | F28: 2 | G28: 0 | H28: 0 | I28: 2 | J28: 0 | K28: 0 | L28: 0 | M28: 25 | N28: 0 | O28: =SUM(C28:L28,N28) -> 7 | P28: =SUM(C28:N28) -> 32 | R28: 12 Hours | S28: =SUM(S10:S21) -> 114 | T28: =SUM(T10:T21) -> 0 | U28: =SUM(U10:U21) -> 132 | V28: =SUM(V10:V21) -> 80 | W28: =SUM(W10:W21) -> 3 | X28: =SUM(X10:X21) -> 5 | Y28: =SUM(Y10:Y21) -> 96 | Z28: =SUM(Z10:Z21) -> 2 | ... AF28: =SUM(AF10:AF21) -> 1377
B29: 11.45 - 12.00 | C29: 2 | D29: 0 | E29: 4 | F29: 2 | G29: 0 | H29: 0 | I29: 3 | J29: 0 | K29: 0 | L29: 0 | M29: 23 | N29: 0 | O29: =SUM(C29:L29,N29) -> 11 | P29: =SUM(C29:N29) -> 34
B30: 12.00 - 12.15 | C30: 3 | D30: 0 | E30: 5 | F30: 3 | G30: 0 | H30: 0 | I30: 1 | J30: 0 | K30: 0 | L30: 0 | M30: 22 | N30: 0 | O30: =SUM(C30:L30,N30) -> 12 | P30: =SUM(C30:N30) -> 34
B31: 12.15 - 12.30 | C31: 2 | D31: 0 | E31: 3 | F31: 0 | G31: 0 | H31: 0 | I31: 0 | J31: 0 | K31: 0 | L31: 0 | M31: 21 | N31: 0 | O31: =SUM(C31:L31,N31) -> 5 | P31: =SUM(C31:N31) -> 26
B32: 12.30 - 12.45 | C32: 1 | D32: 0 | E32: 4 | F32: 1 | G32: 2 | H32: 0 | I32: 3 | J32: 0 | K32: 0 | L32: 0 | M32: 23 | N32: 0 | O32: =SUM(C32:L32,N32) -> 11 | P32: =SUM(C32:N32) -> 34
B33: 12.45 - 13.00 | C33: 2 | D33: 0 | E33: 3 | F33: 3 | G33: 0 | H33: 0 | I33: 2 | J33: 0 | K33: 0 | L33: 0 | M33: 14 | N33: 0 | O33: =SUM(C33:L33,N33) -> 10 | P33: =SUM(C33:N33) -> 24
B34: 13.00 - 13.15 | C34: 4 | D34: 0 | E34: 4 | F34: 0 | G34: 0 | H34: 0 | I34: 0 | J34: 0 | K34: 0 | L34: 0 | M34: 15 | N34: 0 | O34: =SUM(C34:L34,N34) -> 8 | P34: =SUM(C34:N34) -> 23
B35: 13.15 - 13.30 | C35: 4 | D35: 0 | E35: 4 | F35: 3 | G35: 0 | H35: 0 | I35: 2 | J35: 0 | K35: 0 | L35: 0 | M35: 8 | N35: 0 | O35: =SUM(C35:L35,N35) -> 13 | P35: =SUM(C35:N35) -> 21
B36: 13.30 - 13.45 | C36: 2 | D36: 0 | E36: 4 | F36: 0 | G36: 0 | H36: 5 | I36: 1 | J36: 0 | K36: 1 | L36: 0 | M36: 11 | N36: 0 | O36: =SUM(C36:L36,N36) -> 13 | P36: =SUM(C36:N36) -> 24
B37: 13.45 - 14.00 | C37: 3 | D37: 0 | E37: 5 | F37: 2 | G37: 0 | H37: 0 | I37: 3 | J37: 0 | K37: 1 | L37: 0 | M37: 12 | N37: 0 | O37: =SUM(C37:L37,N37) -> 14 | P37: =SUM(C37:N37) -> 26
B38: 14.00 - 14.15 | C38: 4 | D38: 0 | E38: 5 | F38: 3 | G38: 0 | H38: 0 | I38: 2 | J38: 0 | K38: 0 | L38: 0 | M38: 16 | N38: 0 | O38: =SUM(C38:L38,N38) -> 14 | P38: =SUM(C38:N38) -> 30
B39: 14.15 - 14.30 | C39: 3 | D39: 0 | E39: 4 | F39: 2 | G39: 0 | H39: 0 | I39: 2 | J39: 0 | K39: 0 | L39: 0 | M39: 16 | N39: 0 | O39: =SUM(C39:L39,N39) -> 11 | P39: =SUM(C39:N39) -> 27
B40: 14.30 - 14.45 | C40: 4 | D40: 0 | E40: 0 | F40: 4 | G40: 0 | H40: 0 | I40: 2 | J40: 0 | K40: 0 | L40: 0 | M40: 26 | N40: 0 | O40: =SUM(C40:L40,N40) -> 10 | P40: =SUM(C40:N40) -> 36
... B57: 18.45 - 19.00 | C57: 1 | D57: 0 | E57: 2 | F57: 3 | G57: 0 | H57: 0 | I57: 1 | J57: 0 | K57: 0 | L57: 0 | M57: 24 | N57: 1 | O57: =SUM(C57:L57,N57) -> 8 | P57: =SUM(C57:N57) -> 32
B58: Totals | C58: =SUM(C10:C57) -> 114 | D58: =SUM(D10:D57) -> 0 | E58: =SUM(E10:E57) -> 132 | F58: =SUM(F10:F57) -> 80 | G58: =SUM(G10:G57) -> 3 | H58: =SUM(H10:H57) -> 5 | I58: =SUM(I10:I57) -> 96 | J58: =SUM(J10:J57) -> 2 | ... P58: =SUM(P10:P57) -> 1377
B59: %ges + MCs | C59: =C58/$P$58 -> 0.082788671 | D59: =D58/$P$58 -> 0 | E59: =E58/$P$58 -> 0.095860566 | F59: =F58/$P$58 -> 0.058097313 | G59: =G58/$P$58 -> 0.0021786492 | H59: =H58/$P$58 -> 0.0036310821 | I59: =I58/$P$58 -> 0.069716776 | J59: =J58/$P$58 -> 0.0014524328 | ... N59: =N58/$P$58 -> 0.0014524328
B60: %ges w/o MCs | C60: =C58/$O$58 -> 0.25909091 | D60: =D58/$O$58 -> 0 | E60: =E58/$O$58 -> 0.3 | F60: =F58/$O$58 -> 0.18181818 | G60: =G58/$O$58 -> 0.0068181818 | H60: =H58/$O$58 -> 0.011363636 | I60: =I58/$O$58 -> 0.21818182 | J60: =J58/$O$58 -> 0.0045454545 | ... L60: =L58/$O$58 -> 0 | N60: =N58/$O$58 -> 0.0045454545

Sheet 20.08 Bukaya-Kampala
B1: Consultancy services for Preparation of Expressway Development Master Plan (EDMP) for Uganda
B2: MANUAL CLASSIFIED COUNT (MCC)
B3: ROAD NAME: | C3: ='19.08 Bukaya-Kampala'!C3:G3 -> MCC - C3 - STN92 - NALUBAALE ROAD
C5: Date | D5: ='20.08 Kampala-Bukaya'!D5 -> 20.08.19 | F5: Location | G5: ='19.08 Kampala-Bukaya'!G5:H5 -> Nyenga | J5: Surveyor | K5: ='19.08 Kampala-Bukaya'!K5:L5 -> xxx
C6: Dir. From | D6: ='19.08 Bukaya-Kampala'!D6:E6 -> Bukaya | F6: Dir. To | G6: ='19.08 Bukaya-Kampala'!G6:H6 -> Kampala | J6: Supervisor | K6: ='19.08 Kampala-Bukaya'!K6:L6 -> xxx
B8: Time / Veh Type | R8: SUMMARY TRAFFIC VOLUMES
C9: 1. Car | D9: 2. Station Wagon | E9: 3. Pickups | F9: 4. Minibus, matatu | G9: 5. Medium bus | H9: 6. Large Bus | I9: 7. Light Truck | J9: 8. Medium Truck | K9: 9. Heavy truck | L9: 10. Truck Trailer | M9: 11. Motor cycles | N9: 12. Tractors | O9: Total Excl M/Cycles | P9: Total All | R9: Time | S9: 1. Car | T9: 2. Station Wagon | U9: 3. Pickups | V9: 4. Minibus, matatu | W9: 5. Medium bus | X9: 6. Large Bus | Y9: 7. Light Truck | Z9: 8. Medium Truck | AA9: 9. Heavy truck | AB9: 10. Truck Trailer | AC9: 11. Motorcycles | AD9: 12. Tractors, Graders | AE9: Total Excl M/ Cycles | AF9: Total All
B10: 07.00 - 07.15 | C10: 1 | D10: 0 | E10: 0 | F10: 1 | G10: 0 | H10: 0 | I10: 1 | J10: 0 | K10: 0 | L10: 0 | M10: 12 | N10: 0 | O10: =SUM(C10:L10,N10) -> 3 | P10: =SUM(C10:N10) -> 15 | R10: 0700-0800 | S10: =SUM(C10:C13) -> 3 | T10: =SUM(D10:D13) -> 0 | U10: =SUM(E10:E13) -> 0 | V10: =SUM(F10:F13) -> 6 | W10: =SUM(G10:G13) -> 0 | X10: =SUM(H10:H13) -> 0 | Y10: =SUM(I10:I13) -> 2 | Z10: =SUM(J10:J13) -> 1 | ... AF10: =SUM(P10:P13) -> 60
B11: 07.15 - 07.30 | C11: 0 | D11: 0 | E11: 0 | F11: 0 | G11: 0 | H11: 0 | I11: 0 | J11: 0 | K11: 0 | L11: 0 | M11: 10 | N11: 0 | O11: =SUM(C11:L11,N11) -> 0 | P11: =SUM(C11:N11) -> 10 | R11: 0800-0900 | S11: =SUM(C14:C17) -> 9 | T11: =SUM(D14:D17) -> 0 | U11: =SUM(E14:E17) -> 3 | V11: =SUM(F14:F17) -> 3 | W11: =SUM(G14:G17) -> 0 | X11: =SUM(H14:H17) -> 0 | Y11: =SUM(I14:I17) -> 4 | Z11: =SUM(J14:J17) -> 0 | ... AF11: =SUM(P14:P17) -> 81
B12: 07.30 - 07.45 | C12: 1 | D12: 0 | E12: 0 | F12: 4 | G12: 0 | H12: 0 | I12: 1 | J12: 1 | K12: 0 | L12: 0 | M12: 8 | N12: 0 | O12: =SUM(C12:L12,N12) -> 7 | P12: =SUM(C12:N12) -> 15 | R12: 0900-1000 | S12: =SUM(C18:C21) -> 2 | T12: =SUM(D18:D21) -> 0 | U12: =SUM(E18:E21) -> 3 | V12: =SUM(F18:F21) -> 6 | W12: =SUM(G18:G21) -> 0 | X12: =SUM(H18:H21) -> 0 | Y12: =SUM(I18:I21) -> 8 | Z12: =SUM(J18:J21) -> 0 | ... AF12: =SUM(P18:P21) -> 82
B13: 07.45 - 08.00 | C13: 1 | D13: 0 | E13: 0 | F13: 1 | G13: 0 | H13: 0 | I13: 0 | J13: 0 | K13: 0 | L13: 0 | M13: 18 | N13: 0 | O13: =SUM(C13:L13,N13) -> 2 | P13: =SUM(C13:N13) -> 20 | R13: 1000-1100 | S13: =SUM(C22:C25) -> 5 | T13: =SUM(D22:D25) -> 0 | U13: =SUM(E22:E25) -> 6 | V13: =SUM(F22:F25) -> 3 | W13: =SUM(G22:G25) -> 1 | X13: =SUM(H22:H25) -> 0 | Y13: =SUM(I22:I25) -> 10 | Z13: =SUM(J22:J25) -> 0 | ... AF13: =SUM(P22:P25) -> 106
B14: 08.00 - 08.15 | C14: 3 | D14: 0 | E14: 2 | F14: 1 | G14: 0 | H14: 0 | I14: 2 | J14: 0 | K14: 1 | L14: 0 | M14: 21 | N14: 0 | O14: =SUM(C14:L14,N14) -> 9 | P14: =SUM(C14:N14) -> 30 | R14: 1100-1200 | S14: =SUM(C26:C29) -> 7 | T14: =SUM(D26:D29) -> 0 | U14: =SUM(E26:E29) -> 6 | V14: =SUM(F26:F29) -> 5 | W14: =SUM(G26:G29) -> 0 | X14: =SUM(H26:H29) -> 0 | Y14: =SUM(I26:I29) -> 5 | Z14: =SUM(J26:J29) -> 2 | ... AF14: =SUM(P26:P29) -> 101
B15: 08.15 - 08.30 | C15: 2 | D15: 0 | E15: 1 | F15: 0 | G15: 0 | H15: 0 | I15: 0 | J15: 0 | K15: 1 | L15: 0 | M15: 15 | N15: 0 | O15: =SUM(C15:L15,N15) -> 4 | P15: =SUM(C15:N15) -> 19 | R15: 1200-1300 | S15: =SUM(C30:C33) -> 4 | T15: =SUM(D30:D33) -> 0 | U15: =SUM(E30:E33) -> 7 | V15: =SUM(F30:F33) -> 6 | W15: =SUM(G30:G33) -> 0 | X15: =SUM(H30:H33) -> 0 | Y15: =SUM(I30:I33) -> 8 | Z15: =SUM(J30:J33) -> 0 | ... AF15: =SUM(P30:P33) -> 120
B16: 08.30 - 08.45 | C16: 3 | D16: 0 | E16: 0 | F16: 1 | G16: 0 | H16: 0 | I16: 2 | J16: 0 | K16: 0 | L16: 0 | M16: 12 | N16: 0 | O16: =SUM(C16:L16,N16) -> 6 | P16: =SUM(C16:N16) -> 18 | R16: 1300-1400 | S16: =SUM(C34:C37) -> 6 | T16: =SUM(D34:D37) -> 0 | U16: =SUM(E34:E37) -> 12 | V16: =SUM(F34:F37) -> 8 | W16: =SUM(G34:G37) -> 0 | X16: =SUM(H34:H37) -> 0 | Y16: =SUM(I34:I37) -> 5 | Z16: =SUM(J34:J37) -> 0 | ... AF16: =SUM(P34:P37) -> 98
B17: 08.45 - 9.00 | C17: 1 | D17: 0 | E17: 0 | F17: 1 | G17: 0 | H17: 0 | I17: 0 | J17: 0 | K17: 0 | L17: 0 | M17: 12 | N17: 0 | O17: =SUM(C17:L17,N17) -> 2 | P17: =SUM(C17:N17) -> 14 | R17: 1400-1500 | S17: =SUM(C38:C41) -> 8 | T17: =SUM(D38:D41) -> 0 | U17: =SUM(E38:E41) -> 6 | V17: =SUM(F38:F41) -> 8 | W17: =SUM(G38:G41) -> 0 | X17: =SUM(H38:H41) -> 0 | Y17: =SUM(I38:I41) -> 3 | Z17: =SUM(J38:J41) -> 1 | ... AF17: =SUM(P38:P41) -> 126
B18: 09.00 - 09.15 | C18: 0 | D18: 0 | E18: 1 | F18: 1 | G18: 0 | H18: 0 | I18: 3 | J18: 0 | K18: 0 | L18: 0 | M18: 9 | N18: 0 | O18: =SUM(C18:L18,N18) -> 5 | P18: =SUM(C18:N18) -> 14 | R18: 1500-1600 | S18: =SUM(C42:C45) -> 8 | T18: =SUM(D42:D45) -> 0 | U18: =SUM(E42:E45) -> 17 | V18: =SUM(F42:F45) -> 6 | W18: =SUM(G42:G45) -> 0 | X18: =SUM(H42:H45) -> 0 | Y18: =SUM(I42:I45) -> 12 | Z18: =SUM(J42:J45) -> 0 | ... AF18: =SUM(P42:P45) -> 126
B19: 09.15 - 09.30 | C19: 1 | D19: 0 | E19: 1 | F19: 2 | G19: 0 | H19: 0 | I19: 1 | J19: 0 | K19: 0 | L19: 0 | M19: 15 | N19: 0 | O19: =SUM(C19:L19,N19) -> 5 | P19: =SUM(C19:N19) -> 20 | R19: 1600-1700 | S19: =SUM(C46:C49) -> 7 | T19: =SUM(D46:D49) -> 0 | U19: =SUM(E46:E49) -> 10 | V19: =SUM(F46:F49) -> 10 | W19: =SUM(G46:G49) -> 0 | X19: =SUM(H46:H49) -> 0 | Y19: =SUM(I46:I49) -> 13 | Z19: =SUM(J46:J49) -> 0 | ... AF19: =SUM(P46:P49) -> 130
B20: 09.30 - 09.45 | C20: 1 | D20: 0 | E20: 0 | F20: 3 | G20: 0 | H20: 0 | I20: 1 | J20: 0 | K20: 0 | L20: 0 | M20: 16 | N20: 0 | O20: =SUM(C20:L20,N20) -> 5 | P20: =SUM(C20:N20) -> 21 | R20: 1700-1800 | S20: =SUM(C50:C53) -> 22 | T20: =SUM(D50:D53) -> 0 | U20: =SUM(E50:E53) -> 19 | V20: =SUM(F50:F53) -> 14 | W20: =SUM(G50:G53) -> 3 | X20: =SUM(H50:H53) -> 0 | Y20: =SUM(I50:I53) -> 8 | Z20: =SUM(J50:J53) -> 0 | ... AF20: =SUM(P50:P53) -> 158
B21: 09.45 - 10.00 | C21: 0 | D21: 0 | E21: 1 | F21: 0 | G21: 0 | H21: 0 | I21: 3 | J21: 0 | K21: 0 | L21: 0 | M21: 23 | N21: 0 | O21: =SUM(C21:L21,N21) -> 4 | P21: =SUM(C21:N21) -> 27 | R21: 1800-1900 | S21: =SUM(C54:C57) -> 10 | T21: =SUM(D54:D57) -> 0 | U21: =SUM(E54:E57) -> 18 | V21: =SUM(F54:F57) -> 6 | W21: =SUM(G54:G57) -> 0 | X21: =SUM(H54:H57) -> 0 | Y21: =SUM(I54:I57) -> 8 | Z21: =SUM(J54:J57) -> 0 | ... AF21: =SUM(P54:P57) -> 137
B22: 10.00 - 10.15 | C22: 3 | D22: 0 | E22: 3 | F22: 1 | G22: 0 | H22: 0 | I22: 0 | J22: 0 | K22: 0 | L22: 0 | M22: 18 | N22: 0 | O22: =SUM(C22:L22,N22) -> 7 | P22: =SUM(C22:N22) -> 25 | R22: AM Peak Hr | S22: =MAX(S10:S12) -> 9 | T22: =MAX(T10:T12) -> 0 | U22: =MAX(U10:U12) -> 3 | V22: =MAX(V10:V12) -> 6 | W22: =MAX(W10:W12) -> 0 | X22: =MAX(X10:X12) -> 0 | Y22: =MAX(Y10:Y12) -> 8 | Z22: =MAX(Z10:Z12) -> 1 | ... AF22: =MAX(AF10:AF12) -> 82
B23: 10.15 - 10.30 | C23: 2 | D23: 0 | E23: 0 | F23: 1 | G23: 0 | H23: 0 | I23: 2 | J23: 0 | K23: 0 | L23: 0 | M23: 25 | N23: 0 | O23: =SUM(C23:L23,N23) -> 5 | P23: =SUM(C23:N23) -> 30 | R23: IP Peak Hr | S23: =MAX(S13:S18) -> 8 | T23: =MAX(T13:T18) -> 0 | U23: =MAX(U13:U18) -> 17 | V23: =MAX(V13:V18) -> 8 | W23: =MAX(W13:W18) -> 1 | X23: =MAX(X13:X18) -> 0 | Y23: =MAX(Y13:Y18) -> 12 | Z23: =MAX(Z13:Z18) -> 2 | ... AF23: =MAX(AF13:AF18) -> 126
B24: 10.30 - 10.45 | C24: 0 | D24: 0 | E24: 3 | F24: 0 | G24: 1 | H24: 0 | I24: 5 | J24: 0 | K24: 0 | L24: 0 | M24: 14 | N24: 0 | O24: =SUM(C24:L24,N24) -> 9 | P24: =SUM(C24:N24) -> 23 | R24: PM Peak Hr | S24: =MAX(S19:S21) -> 22 | T24: =MAX(T19:T21) -> 0 | U24: =MAX(U19:U21) -> 19 | V24: =MAX(V19:V21) -> 14 | W24: =MAX(W19:W21) -> 3 | X24: =MAX(X19:X21) -> 0 | Y24: =MAX(Y19:Y21) -> 13 | Z24: =MAX(Z19:Z21) -> 0 | ... AF24: =MAX(AF19:AF21) -> 158
B25: 10.45 - 11.00 | C25: 0 | D25: 0 | E25: 0 | F25: 1 | G25: 0 | H25: 0 | I25: 3 | J25: 0 | K25: 0 | L25: 0 | M25: 24 | N25: 0 | O25: =SUM(C25:L25,N25) -> 4 | P25: =SUM(C25:N25) -> 28 | R25: AM Period | S25: =SUM(S10:S12) -> 14 | T25: =SUM(T10:T12) -> 0 | U25: =SUM(U10:U12) -> 6 | V25: =SUM(V10:V12) -> 15 | W25: =SUM(W10:W12) -> 0 | X25: =SUM(X10:X12) -> 0 | Y25: =SUM(Y10:Y12) -> 14 | Z25: =SUM(Z10:Z12) -> 1 | ... AF25: =SUM(AF10:AF12) -> 223
B26: 11.00 - 11.15 | C26: 3 | D26: 0 | E26: 1 | F26: 1 | G26: 0 | H26: 0 | I26: 0 | J26: 0 | K26: 0 | L26: 0 | M26: 20 | N26: 0 | O26: =SUM(C26:L26,N26) -> 5 | P26: =SUM(C26:N26) -> 25 | R26: IP Period | S26: =SUM(S13:S18) -> 38 | T26: =SUM(T13:T18) -> 0 | U26: =SUM(U13:U18) -> 54 | V26: =SUM(V13:V18) -> 36 | W26: =SUM(W13:W18) -> 1 | X26: =SUM(X13:X18) -> 0 | Y26: =SUM(Y13:Y18) -> 43 | Z26: =SUM(Z13:Z18) -> 3 | ... AF26: =SUM(AF13:AF18) -> 677
B27: 11.15 - 11.30 | C27: 2 | D27: 0 | E27: 3 | F27: 1 | G27: 0 | H27: 0 | I27: 1 | J27: 2 | K27: 0 | L27: 0 | M27: 17 | N27: 0 | O27: =SUM(C27:L27,N27) -> 9 | P27: =SUM(C27:N27) -> 26 | R27: PM Period | S27: =SUM(S19:S21) -> 39 | T27: =SUM(T19:T21) -> 0 | U27: =SUM(U19:U21) -> 47 | V27: =SUM(V19:V21) -> 30 | W27: =SUM(W19:W21) -> 3 | X27: =SUM(X19:X21) -> 0 | Y27: =SUM(Y19:Y21) -> 29 | Z27: =SUM(Z19:Z21) -> 0 | ... AF27: =SUM(AF19:AF21) -> 425
B28: 11.30 - 11.45 | C28: 2 | D28: 0 | E28: 2 | F28: 2 | G28: 0 | H28: 0 | I28: 3 | J28: 0 | K28: 1 | L28: 0 | M28: 20 | N28: 0 | O28: =SUM(C28:L28,N28) -> 10 | P28: =SUM(C28:N28) -> 30 | R28: 12 Hours | S28: =SUM(S10:S21) -> 91 | T28: =SUM(T10:T21) -> 0 | U28: =SUM(U10:U21) -> 107 | V28: =SUM(V10:V21) -> 81 | W28: =SUM(W10:W21) -> 4 | X28: =SUM(X10:X21) -> 0 | Y28: =SUM(Y10:Y21) -> 86 | Z28: =SUM(Z10:Z21) -> 4 | ... AF28: =SUM(AF10:AF21) -> 1325
B29: 11.45 - 12.00 | C29: 0 | D29: 0 | E29: 0 | F29: 1 | G29: 0 | H29: 0 | I29: 1 | J29: 0 | K29: 0 | L29: 0 | M29: 18 | N29: 0 | O29: =SUM(C29:L29,N29) -> 2 | P29: =SUM(C29:N29) -> 20
B30: 12.00 - 12.15 | C30: 0 | D30: 0 | E30: 3 | F30: 3 | G30: 0 | H30: 0 | I30: 1 | J30: 0 | K30: 1 | L30: 0 | M30: 20 | N30: 0 | O30: =SUM(C30:L30,N30) -> 8 | P30: =SUM(C30:N30) -> 28
B31: 12.15 - 12.30 | C31: 0 | D31: 0 | E31: 1 | F31: 0 | G31: 0 | H31: 0 | I31: 3 | J31: 0 | K31: 0 | L31: 0 | M31: 31 | N31: 0 | O31: =SUM(C31:L31,N31) -> 4 | P31: =SUM(C31:N31) -> 35
B32: 12.30 - 12.45 | C32: 0 | D32: 0 | E32: 3 | F32: 1 | G32: 0 | H32: 0 | I32: 2 | J32: 0 | K32: 0 | L32: 0 | M32: 22 | N32: 0 | O32: =SUM(C32:L32,N32) -> 6 | P32: =SUM(C32:N32) -> 28
B33: 12.45 - 13.00 | C33: 4 | D33: 0 | E33: 0 | F33: 2 | G33: 0 | H33: 0 | I33: 2 | J33: 0 | K33: 0 | L33: 0 | M33: 21 | N33: 0 | O33: =SUM(C33:L33,N33) -> 8 | P33: =SUM(C33:N33) -> 29
B34: 13.00 - 13.15 | C34: 1 | D34: 0 | E34: 3 | F34: 2 | G34: 0 | H34: 0 | I34: 2 | J34: 0 | K34: 0 | L34: 0 | M34: 17 | N34: 0 | O34: =SUM(C34:L34,N34) -> 8 | P34: =SUM(C34:N34) -> 25
B35: 13.15 - 13.30 | C35: 2 | D35: 0 | E35: 2 | F35: 2 | G35: 0 | H35: 0 | I35: 2 | J35: 0 | K35: 0 | L35: 0 | M35: 14 | N35: 0 | O35: =SUM(C35:L35,N35) -> 8 | P35: =SUM(C35:N35) -> 22
B36: 13.30 - 13.45 | C36: 1 | D36: 0 | E36: 3 | F36: 0 | G36: 0 | H36: 0 | I36: 1 | J36: 0 | K36: 0 | L36: 0 | M36: 19 | N36: 0 | O36: =SUM(C36:L36,N36) -> 5 | P36: =SUM(C36:N36) -> 24
B37: 13.45 - 14.00 | C37: 2 | D37: 0 | E37: 4 | F37: 4 | G37: 0 | H37: 0 | I37: 0 | J37: 0 | K37: 0 | L37: 0 | M37: 17 | N37: 0 | O37: =SUM(C37:L37,N37) -> 10 | P37: =SUM(C37:N37) -> 27
B38: 14.00 - 14.15 | C38: 2 | D38: 0 | E38: 1 | F38: 0 | G38: 0 | H38: 0 | I38: 1 | J38: 0 | K38: 0 | L38: 0 | M38: 29 | N38: 0 | O38: =SUM(C38:L38,N38) -> 4 | P38: =SUM(C38:N38) -> 33
B39: 14.15 - 14.30 | C39: 1 | D39: 0 | E39: 3 | F39: 5 | G39: 0 | H39: 0 | I39: 0 | J39: 1 | K39: 0 | L39: 0 | M39: 22 | N39: 0 | O39: =SUM(C39:L39,N39) -> 10 | P39: =SUM(C39:N39) -> 32
B40: 14.30 - 14.45 | C40: 3 | D40: 0 | E40: 0 | F40: 2 | G40: 0 | H40: 0 | I40: 1 | J40: 0 | K40: 0 | L40: 0 | M40: 23 | N40: 0 | O40: =SUM(C40:L40,N40) -> 6 | P40: =SUM(C40:N40) -> 29
... B57: 18.45 - 19.00 | C57: 3 | D57: 0 | E57: 2 | F57: 0 | G57: 0 | H57: 0 | I57: 3 | J57: 0 | K57: 0 | L57: 0 | M57: 27 | N57: 0 | O57: =SUM(C57:L57,N57) -> 8 | P57: =SUM(C57:N57) -> 35
B58: Totals | C58: =SUM(C10:C57) -> 91 | D58: =SUM(D10:D57) -> 0 | E58: =SUM(E10:E57) -> 107 | F58: =SUM(F10:F57) -> 81 | G58: =SUM(G10:G57) -> 4 | H58: =SUM(H10:H57) -> 0 | I58: =SUM(I10:I57) -> 86 | J58: =SUM(J10:J57) -> 4 | ... P58: =SUM(P10:P57) -> 1325
B59: %ges + MCs | C59: =C58/$P$58 -> 0.068679245 | D59: =D58/$P$58 -> 0 | E59: =E58/$P$58 -> 0.080754717 | F59: =F58/$P$58 -> 0.061132075 | G59: =G58/$P$58 -> 0.0030188679 | H59: =H58/$P$58 -> 0 | I59: =I58/$P$58 -> 0.06490566 | J59: =J58/$P$58 -> 0.0030188679 | ... N59: =N58/$P$58 -> 0.00075471698
B60: %ges w/o MCs | C60: =C58/$O$58 -> 0.2382199 | D60: =D58/$O$58 -> 0 | E60: =E58/$O$58 -> 0.28010471 | F60: =F58/$O$58 -> 0.21204188 | G60: =G58/$O$58 -> 0.010471204 | H60: =H58/$O$58 -> 0 | I60: =I58/$O$58 -> 0.22513089 | J60: =J58/$O$58 -> 0.010471204 | ... L60: =L58/$O$58 -> 0 | N60: =N58/$O$58 -> 0.002617801

Sheet 21.08 Kampala-Bukaya
B1: Consultancy services for Preparation of Expressway Development Master Plan (EDMP) for Uganda
B2: MANUAL CLASSIFIED COUNT (MCC)
B3: ROAD NAME: | C3: ='19.08 Kampala-Bukaya'!C3:G3 -> MCC - C3 - STN92 - NALUBAALE ROAD
C5: Date | D5: 21.08.19 | F5: Location | G5: ='19.08 Kampala-Bukaya'!G5:H5 -> Nyenga | J5: Surveyor | K5: ='19.08 Kampala-Bukaya'!K5:L5 -> xxx
C6: Dir. From | D6: ='19.08 Kampala-Bukaya'!D6:E6 -> Kampala | F6: Dir. To | G6: ='19.08 Kampala-Bukaya'!G6:H6 -> Bukaya | J6: Supervisor | K6: ='19.08 Kampala-Bukaya'!K6:L6 -> xxx
B8: Time / Veh Type | R8: SUMMARY TRAFFIC VOLUMES
C9: 1. Car | D9: 2. Station Wagon | E9: 3. Pickups | F9: 4. Minibus, matatu | G9: 5. Medium bus | H9: 6. Large Bus | I9: 7. Light Truck | J9: 8. Medium Truck | K9: 9. Heavy truck | L9: 10. Truck Trailer | M9: 11. Motor cycles | N9: 12. Tractors | O9: Total Excl M/Cycles | P9: Total All | R9: Time | S9: 1. Car | T9: 2. Station Wagon | U9: 3. Pickups | V9: 4. Minibus, matatu | W9: 5. Medium bus | X9: 6. Large Bus | Y9: 7. Light Truck | Z9: 8. Medium Truck | AA9: 9. Heavy truck | AB9: 10. Truck Trailer | AC9: 11. Motorcycles | AD9: 12. Tractors, Graders | AE9: Total Excl M/ Cycles | AF9: Total All
B10: 07.00 - 07.15 | C10: 2 | D10: 0 | E10: 2 | F10: 0 | G10: 0 | H10: 0 | I10: 0 | J10: 0 | K10: 0 | L10: 0 | M10: 8 | N10: 0 | O10: =SUM(C10:L10,N10) -> 4 | P10: =SUM(C10:N10) -> 12 | R10: 0700-0800 | S10: =SUM(C10:C13) -> 8 | T10: =SUM(D10:D13) -> 0 | U10: =SUM(E10:E13) -> 7 | V10: =SUM(F10:F13) -> 1 | W10: =SUM(G10:G13) -> 0 | X10: =SUM(H10:H13) -> 0 | Y10: =SUM(I10:I13) -> 4 | Z10: =SUM(J10:J13) -> 0 | ... AF10: =SUM(P10:P13) -> 64
B11: 07.15 - 07.30 | C11: 3 | D11: 0 | E11: 2 | F11: 0 | G11: 0 | H11: 0 | I11: 1 | J11: 0 | K11: 0 | L11: 0 | M11: 6 | N11: 0 | O11: =SUM(C11:L11,N11) -> 6 | P11: =SUM(C11:N11) -> 12 | R11: 0800-0900 | S11: =SUM(C14:C17) -> 10 | T11: =SUM(D14:D17) -> 0 | U11: =SUM(E14:E17) -> 5 | V11: =SUM(F14:F17) -> 3 | W11: =SUM(G14:G17) -> 2 | X11: =SUM(H14:H17) -> 0 | Y11: =SUM(I14:I17) -> 5 | Z11: =SUM(J14:J17) -> 0 | ... AF11: =SUM(P14:P17) -> 92
B12: 07.30 - 07.45 | C12: 2 | D12: 0 | E12: 3 | F12: 0 | G12: 0 | H12: 0 | I12: 1 | J12: 0 | K12: 0 | L12: 0 | M12: 14 | N12: 0 | O12: =SUM(C12:L12,N12) -> 6 | P12: =SUM(C12:N12) -> 20 | R12: 0900-1000 | S12: =SUM(C18:C21) -> 14 | T12: =SUM(D18:D21) -> 0 | U12: =SUM(E18:E21) -> 14 | V12: =SUM(F18:F21) -> 6 | W12: =SUM(G18:G21) -> 2 | X12: =SUM(H18:H21) -> 0 | Y12: =SUM(I18:I21) -> 7 | Z12: =SUM(J18:J21) -> 0 | ... AF12: =SUM(P18:P21) -> 94
B13: 07.45 - 08.00 | C13: 1 | D13: 0 | E13: 0 | F13: 1 | G13: 0 | H13: 0 | I13: 2 | J13: 0 | K13: 0 | L13: 0 | M13: 16 | N13: 0 | O13: =SUM(C13:L13,N13) -> 4 | P13: =SUM(C13:N13) -> 20 | R13: 1000-1100 | S13: =SUM(C22:C25) -> 7 | T13: =SUM(D22:D25) -> 0 | U13: =SUM(E22:E25) -> 7 | V13: =SUM(F22:F25) -> 7 | W13: =SUM(G22:G25) -> 0 | X13: =SUM(H22:H25) -> 0 | Y13: =SUM(I22:I25) -> 6 | Z13: =SUM(J22:J25) -> 1 | ... AF13: =SUM(P22:P25) -> 100
B14: 08.00 - 08.15 | C14: 2 | D14: 0 | E14: 0 | F14: 2 | G14: 0 | H14: 0 | I14: 3 | J14: 0 | K14: 0 | L14: 0 | M14: 11 | N14: 0 | O14: =SUM(C14:L14,N14) -> 7 | P14: =SUM(C14:N14) -> 18 | R14: 1100-1200 | S14: =SUM(C26:C29) -> 7 | T14: =SUM(D26:D29) -> 0 | U14: =SUM(E26:E29) -> 8 | V14: =SUM(F26:F29) -> 2 | W14: =SUM(G26:G29) -> 1 | X14: =SUM(H26:H29) -> 0 | Y14: =SUM(I26:I29) -> 6 | Z14: =SUM(J26:J29) -> 0 | ... AF14: =SUM(P26:P29) -> 95
B15: 08.15 - 08.30 | C15: 3 | D15: 0 | E15: 2 | F15: 0 | G15: 0 | H15: 0 | I15: 0 | J15: 0 | K15: 0 | L15: 0 | M15: 12 | N15: 0 | O15: =SUM(C15:L15,N15) -> 5 | P15: =SUM(C15:N15) -> 17 | R15: 1200-1300 | S15: =SUM(C30:C33) -> 9 | T15: =SUM(D30:D33) -> 0 | U15: =SUM(E30:E33) -> 7 | V15: =SUM(F30:F33) -> 13 | W15: =SUM(G30:G33) -> 2 | X15: =SUM(H30:H33) -> 0 | Y15: =SUM(I30:I33) -> 7 | Z15: =SUM(J30:J33) -> 0 | ... AF15: =SUM(P30:P33) -> 117
B16: 08.30 - 08.45 | C16: 0 | D16: 0 | E16: 2 | F16: 1 | G16: 2 | H16: 0 | I16: 1 | J16: 0 | K16: 0 | L16: 0 | M16: 18 | N16: 0 | O16: =SUM(C16:L16,N16) -> 6 | P16: =SUM(C16:N16) -> 24 | R16: 1300-1400 | S16: =SUM(C34:C37) -> 15 | T16: =SUM(D34:D37) -> 0 | U16: =SUM(E34:E37) -> 14 | V16: =SUM(F34:F37) -> 8 | W16: =SUM(G34:G37) -> 1 | X16: =SUM(H34:H37) -> 0 | Y16: =SUM(I34:I37) -> 10 | Z16: =SUM(J34:J37) -> 0 | ... AF16: =SUM(P34:P37) -> 133
B17: 08.45 - 9.00 | C17: 5 | D17: 0 | E17: 1 | F17: 0 | G17: 0 | H17: 0 | I17: 1 | J17: 0 | K17: 0 | L17: 0 | M17: 26 | N17: 0 | O17: =SUM(C17:L17,N17) -> 7 | P17: =SUM(C17:N17) -> 33 | R17: 1400-1500 | S17: =SUM(C38:C41) -> 11 | T17: =SUM(D38:D41) -> 0 | U17: =SUM(E38:E41) -> 9 | V17: =SUM(F38:F41) -> 7 | W17: =SUM(G38:G41) -> 0 | X17: =SUM(H38:H41) -> 0 | Y17: =SUM(I38:I41) -> 9 | Z17: =SUM(J38:J41) -> 0 | ... AF17: =SUM(P38:P41) -> 108
B18: 09.00 - 09.15 | C18: 3 | D18: 0 | E18: 2 | F18: 1 | G18: 0 | H18: 0 | I18: 1 | J18: 0 | K18: 0 | L18: 0 | M18: 13 | N18: 0 | O18: =SUM(C18:L18,N18) -> 7 | P18: =SUM(C18:N18) -> 20 | R18: 1500-1600 | S18: =SUM(C42:C45) -> 10 | T18: =SUM(D42:D45) -> 0 | U18: =SUM(E42:E45) -> 7 | V18: =SUM(F42:F45) -> 10 | W18: =SUM(G42:G45) -> 0 | X18: =SUM(H42:H45) -> 0 | Y18: =SUM(I42:I45) -> 9 | Z18: =SUM(J42:J45) -> 1 | ... AF18: =SUM(P42:P45) -> 92
B19: 09.15 - 09.30 | C19: 4 | D19: 0 | E19: 4 | F19: 3 | G19: 1 | H19: 0 | I19: 2 | J19: 0 | K19: 0 | L19: 0 | M19: 14 | N19: 0 | O19: =SUM(C19:L19,N19) -> 14 | P19: =SUM(C19:N19) -> 28 | R19: 1600-1700 | S19: =SUM(C46:C49) -> 11 | T19: =SUM(D46:D49) -> 0 | U19: =SUM(E46:E49) -> 7 | V19: =SUM(F46:F49) -> 7 | W19: =SUM(G46:G49) -> 0 | X19: =SUM(H46:H49) -> 0 | Y19: =SUM(I46:I49) -> 13 | Z19: =SUM(J46:J49) -> 1 | ... AF19: =SUM(P46:P49) -> 138
B20: 09.30 - 09.45 | C20: 2 | D20: 0 | E20: 4 | F20: 0 | G20: 1 | H20: 0 | I20: 4 | J20: 0 | K20: 0 | L20: 0 | M20: 8 | N20: 0 | O20: =SUM(C20:L20,N20) -> 11 | P20: =SUM(C20:N20) -> 19 | R20: 1700-1800 | S20: =SUM(C50:C53) -> 8 | T20: =SUM(D50:D53) -> 0 | U20: =SUM(E50:E53) -> 4 | V20: =SUM(F50:F53) -> 10 | W20: =SUM(G50:G53) -> 0 | X20: =SUM(H50:H53) -> 0 | Y20: =SUM(I50:I53) -> 1 | Z20: =SUM(J50:J53) -> 0 | ... AF20: =SUM(P50:P53) -> 86
B21: 09.45 - 10.00 | C21: 5 | D21: 0 | E21: 4 | F21: 2 | G21: 0 | H21: 0 | I21: 0 | J21: 0 | K21: 0 | L21: 0 | M21: 16 | N21: 0 | O21: =SUM(C21:L21,N21) -> 11 | P21: =SUM(C21:N21) -> 27 | R21: 1800-1900 | S21: =SUM(C54:C57) -> 6 | T21: =SUM(D54:D57) -> 0 | U21: =SUM(E54:E57) -> 2 | V21: =SUM(F54:F57) -> 9 | W21: =SUM(G54:G57) -> 0 | X21: =SUM(H54:H57) -> 1 | Y21: =SUM(I54:I57) -> 7 | Z21: =SUM(J54:J57) -> 0 | ... AF21: =SUM(P54:P57) -> 98
B22: 10.00 - 10.15 | C22: 4 | D22: 0 | E22: 1 | F22: 2 | G22: 0 | H22: 0 | I22: 0 | J22: 0 | K22: 0 | L22: 0 | M22: 16 | N22: 0 | O22: =SUM(C22:L22,N22) -> 7 | P22: =SUM(C22:N22) -> 23 | R22: AM Peak Hr | S22: =MAX(S10:S12) -> 14 | T22: =MAX(T10:T12) -> 0 | U22: =MAX(U10:U12) -> 14 | V22: =MAX(V10:V12) -> 6 | W22: =MAX(W10:W12) -> 2 | X22: =MAX(X10:X12) -> 0 | Y22: =MAX(Y10:Y12) -> 7 | Z22: =MAX(Z10:Z12) -> 0 | ... AF22: =MAX(AF10:AF12) -> 94
B23: 10.15 - 10.30 | C23: 1 | D23: 0 | E23: 0 | F23: 1 | G23: 0 | H23: 0 | I23: 2 | J23: 0 | K23: 0 | L23: 0 | M23: 17 | N23: 0 | O23: =SUM(C23:L23,N23) -> 4 | P23: =SUM(C23:N23) -> 21 | R23: IP Peak Hr | S23: =MAX(S13:S18) -> 15 | T23: =MAX(T13:T18) -> 0 | U23: =MAX(U13:U18) -> 14 | V23: =MAX(V13:V18) -> 13 | W23: =MAX(W13:W18) -> 2 | X23: =MAX(X13:X18) -> 0 | Y23: =MAX(Y13:Y18) -> 10 | Z23: =MAX(Z13:Z18) -> 1 | ... AF23: =MAX(AF13:AF18) -> 133
B24: 10.30 - 10.45 | C24: 2 | D24: 0 | E24: 3 | F24: 1 | G24: 0 | H24: 0 | I24: 2 | J24: 1 | K24: 1 | L24: 0 | M24: 18 | N24: 0 | O24: =SUM(C24:L24,N24) -> 10 | P24: =SUM(C24:N24) -> 28 | R24: PM Peak Hr | S24: =MAX(S19:S21) -> 11 | T24: =MAX(T19:T21) -> 0 | U24: =MAX(U19:U21) -> 7 | V24: =MAX(V19:V21) -> 10 | W24: =MAX(W19:W21) -> 0 | X24: =MAX(X19:X21) -> 1 | Y24: =MAX(Y19:Y21) -> 13 | Z24: =MAX(Z19:Z21) -> 1 | ... AF24: =MAX(AF19:AF21) -> 138
B25: 10.45 - 11.00 | C25: 0 | D25: 0 | E25: 3 | F25: 3 | G25: 0 | H25: 0 | I25: 2 | J25: 0 | K25: 1 | L25: 0 | M25: 19 | N25: 0 | O25: =SUM(C25:L25,N25) -> 9 | P25: =SUM(C25:N25) -> 28 | R25: AM Period | S25: =SUM(S10:S12) -> 32 | T25: =SUM(T10:T12) -> 0 | U25: =SUM(U10:U12) -> 26 | V25: =SUM(V10:V12) -> 10 | W25: =SUM(W10:W12) -> 4 | X25: =SUM(X10:X12) -> 0 | Y25: =SUM(Y10:Y12) -> 16 | Z25: =SUM(Z10:Z12) -> 0 | ... AF25: =SUM(AF10:AF12) -> 250
B26: 11.00 - 11.15 | C26: 3 | D26: 0 | E26: 2 | F26: 1 | G26: 0 | H26: 0 | I26: 0 | J26: 0 | K26: 0 | L26: 0 | M26: 15 | N26: 0 | O26: =SUM(C26:L26,N26) -> 6 | P26: =SUM(C26:N26) -> 21 | R26: IP Period | S26: =SUM(S13:S18) -> 59 | T26: =SUM(T13:T18) -> 0 | U26: =SUM(U13:U18) -> 52 | V26: =SUM(V13:V18) -> 47 | W26: =SUM(W13:W18) -> 4 | X26: =SUM(X13:X18) -> 0 | Y26: =SUM(Y13:Y18) -> 47 | Z26: =SUM(Z13:Z18) -> 2 | ... AF26: =SUM(AF13:AF18) -> 645
B27: 11.15 - 11.30 | C27: 1 | D27: 0 | E27: 3 | F27: 1 | G27: 1 | H27: 0 | I27: 2 | J27: 0 | K27: 0 | L27: 0 | M27: 18 | N27: 0 | O27: =SUM(C27:L27,N27) -> 8 | P27: =SUM(C27:N27) -> 26 | R27: PM Period | S27: =SUM(S19:S21) -> 25 | T27: =SUM(T19:T21) -> 0 | U27: =SUM(U19:U21) -> 13 | V27: =SUM(V19:V21) -> 26 | W27: =SUM(W19:W21) -> 0 | X27: =SUM(X19:X21) -> 1 | Y27: =SUM(Y19:Y21) -> 21 | Z27: =SUM(Z19:Z21) -> 1 | ... AF27: =SUM(AF19:AF21) -> 322
B28: 11.30 - 11.45 | C28: 1 | D28: 0 | E28: 2 | F28: 0 | G28: 0 | H28: 0 | I28: 3 | J28: 0 | K28: 0 | L28: 0 | M28: 15 | N28: 0 | O28: =SUM(C28:L28,N28) -> 6 | P28: =SUM(C28:N28) -> 21 | R28: 12 Hours | S28: =SUM(S10:S21) -> 116 | T28: =SUM(T10:T21) -> 0 | U28: =SUM(U10:U21) -> 91 | V28: =SUM(V10:V21) -> 83 | W28: =SUM(W10:W21) -> 8 | X28: =SUM(X10:X21) -> 1 | Y28: =SUM(Y10:Y21) -> 84 | Z28: =SUM(Z10:Z21) -> 3 | ... AF28: =SUM(AF10:AF21) -> 1217
B29: 11.45 - 12.00 | C29: 2 | D29: 0 | E29: 1 | F29: 0 | G29: 0 | H29: 0 | I29: 1 | J29: 0 | K29: 0 | L29: 0 | M29: 23 | N29: 0 | O29: =SUM(C29:L29,N29) -> 4 | P29: =SUM(C29:N29) -> 27
B30: 12.00 - 12.15 | C30: 2 | D30: 0 | E30: 0 | F30: 5 | G30: 2 | H30: 0 | I30: 2 | J30: 0 | K30: 0 | L30: 0 | M30: 17 | N30: 0 | O30: =SUM(C30:L30,N30) -> 11 | P30: =SUM(C30:N30) -> 28
B31: 12.15 - 12.30 | C31: 2 | D31: 0 | E31: 5 | F31: 2 | G31: 0 | H31: 0 | I31: 4 | J31: 0 | K31: 0 | L31: 0 | M31: 23 | N31: 0 | O31: =SUM(C31:L31,N31) -> 13 | P31: =SUM(C31:N31) -> 36
B32: 12.30 - 12.45 | C32: 3 | D32: 0 | E32: 0 | F32: 4 | G32: 0 | H32: 0 | I32: 1 | J32: 0 | K32: 0 | L32: 0 | M32: 19 | N32: 0 | O32: =SUM(C32:L32,N32) -> 8 | P32: =SUM(C32:N32) -> 27
B33: 12.45 - 13.00 | C33: 2 | D33: 0 | E33: 2 | F33: 2 | G33: 0 | H33: 0 | I33: 0 | J33: 0 | K33: 0 | L33: 0 | M33: 20 | N33: 0 | O33: =SUM(C33:L33,N33) -> 6 | P33: =SUM(C33:N33) -> 26
B34: 13.00 - 13.15 | C34: 2 | D34: 0 | E34: 4 | F34: 2 | G34: 1 | H34: 0 | I34: 1 | J34: 0 | K34: 0 | L34: 0 | M34: 14 | N34: 0 | O34: =SUM(C34:L34,N34) -> 10 | P34: =SUM(C34:N34) -> 24
B35: 13.15 - 13.30 | C35: 4 | D35: 0 | E35: 6 | F35: 3 | G35: 0 | H35: 0 | I35: 5 | J35: 0 | K35: 1 | L35: 0 | M35: 28 | N35: 0 | O35: =SUM(C35:L35,N35) -> 19 | P35: =SUM(C35:N35) -> 47
B36: 13.30 - 13.45 | C36: 3 | D36: 0 | E36: 0 | F36: 2 | G36: 0 | H36: 0 | I36: 1 | J36: 0 | K36: 0 | L36: 0 | M36: 25 | N36: 0 | O36: =SUM(C36:L36,N36) -> 6 | P36: =SUM(C36:N36) -> 31
B37: 13.45 - 14.00 | C37: 6 | D37: 0 | E37: 4 | F37: 1 | G37: 0 | H37: 0 | I37: 3 | J37: 0 | K37: 0 | L37: 0 | M37: 17 | N37: 0 | O37: =SUM(C37:L37,N37) -> 14 | P37: =SUM(C37:N37) -> 31
B38: 14.00 - 14.15 | C38: 3 | D38: 0 | E38: 3 | F38: 3 | G38: 0 | H38: 0 | I38: 2 | J38: 0 | K38: 0 | L38: 0 | M38: 12 | N38: 0 | O38: =SUM(C38:L38,N38) -> 11 | P38: =SUM(C38:N38) -> 23
B39: 14.15 - 14.30 | C39: 2 | D39: 0 | E39: 3 | F39: 3 | G39: 0 | H39: 0 | I39: 2 | J39: 0 | K39: 1 | L39: 0 | M39: 24 | N39: 0 | O39: =SUM(C39:L39,N39) -> 11 | P39: =SUM(C39:N39) -> 35
B40: 14.30 - 14.45 | C40: 3 | D40: 0 | E40: 1 | F40: 1 | G40: 0 | H40: 0 | I40: 1 | J40: 0 | K40: 0 | L40: 0 | M40: 21 | N40: 0 | O40: =SUM(C40:L40,N40) -> 6 | P40: =SUM(C40:N40) -> 27
... B57: 18.45 - 19.00 | C57: 3 | D57: 0 | E57: 1 | F57: 2 | G57: 0 | H57: 1 | I57: 3 | J57: 0 | K57: 0 | L57: 0 | M57: 16 | N57: 0 | O57: =SUM(C57:L57,N57) -> 10 | P57: =SUM(C57:N57) -> 26
B58: Totals | C58: =SUM(C10:C57) -> 116 | D58: =SUM(D10:D57) -> 0 | E58: =SUM(E10:E57) -> 91 | F58: =SUM(F10:F57) -> 83 | G58: =SUM(G10:G57) -> 8 | H58: =SUM(H10:H57) -> 1 | I58: =SUM(I10:I57) -> 84 | J58: =SUM(J10:J57) -> 3 | ... P58: =SUM(P10:P57) -> 1217
B59: %ges + MCs | C59: =C58/$P$58 -> 0.095316352 | D59: =D58/$P$58 -> 0 | E59: =E58/$P$58 -> 0.074774035 | F59: =F58/$P$58 -> 0.068200493 | G59: =G58/$P$58 -> 0.0065735415 | H59: =H58/$P$58 -> 0.00082169269 | I59: =I58/$P$58 -> 0.069022186 | J59: =J58/$P$58 -> 0.0024650781 | ... N59: =N58/$P$58 -> 0
B60: %ges w/o MCs | C60: =C58/$O$58 -> 0.29667519 | D60: =D58/$O$58 -> 0 | E60: =E58/$O$58 -> 0.23273657 | F60: =F58/$O$58 -> 0.21227621 | G60: =G58/$O$58 -> 0.020460358 | H60: =H58/$O$58 -> 0.0025575448 | I60: =I58/$O$58 -> 0.21483376 | J60: =J58/$O$58 -> 0.0076726343 | ... L60: =L58/$O$58 -> 0 | N60: =N58/$O$58 -> 0

Sheet 21.08 Bukaya-Kampala
B1: Consultancy services for Preparation of Expressway Development Master Plan (EDMP) for Uganda
B2: MANUAL CLASSIFIED COUNT (MCC)
B3: ROAD NAME: | C3: ='19.08 Bukaya-Kampala'!C3:G3 -> MCC - C3 - STN92 - NALUBAALE ROAD
C5: Date | D5: ='21.08 Kampala-Bukaya'!D5 -> 21.08.19 | F5: Location | G5: ='19.08 Kampala-Bukaya'!G5:H5 -> Nyenga | J5: Surveyor | K5: ='19.08 Kampala-Bukaya'!K5:L5 -> xxx
C6: Dir. From | D6: ='19.08 Bukaya-Kampala'!D6:E6 -> Bukaya | F6: Dir. To | G6: ='19.08 Bukaya-Kampala'!G6:H6 -> Kampala | J6: Supervisor | K6: ='19.08 Kampala-Bukaya'!K6:L6 -> xxx
B8: Time / Veh Type | R8: SUMMARY TRAFFIC VOLUMES
C9: 1. Car | D9: 2. Station Wagon | E9: 3. Pickups | F9: 4. Minibus, matatu | G9: 5. Medium bus | H9: 6. Large Bus | I9: 7. Light Truck | J9: 8. Medium Truck | K9: 9. Heavy truck | L9: 10. Truck Trailer | M9: 11. Motor cycles | N9: 12. Tractors | O9: Total Excl M/Cycles | P9: Total All | R9: Time | S9: 1. Car | T9: 2. Station Wagon | U9: 3. Pickups | V9: 4. Minibus, matatu | W9: 5. Medium bus | X9: 6. Large Bus | Y9: 7. Light Truck | Z9: 8. Medium Truck | AA9: 9. Heavy truck | AB9: 10. Truck Trailer | AC9: 11. Motorcycles | AD9: 12. Tractors, Graders | AE9: Total Excl M/ Cycles | AF9: Total All
B10: 07.00 - 07.15 | C10: 2 | D10: 0 | E10: 0 | F10: 2 | G10: 0 | H10: 0 | I10: 0 | J10: 0 | K10: 0 | L10: 0 | M10: 9 | N10: 0 | O10: =SUM(C10:L10,N10) -> 4 | P10: =SUM(C10:N10) -> 13 | R10: 0700-0800 | S10: =SUM(C10:C13) -> 6 | T10: =SUM(D10:D13) -> 0 | U10: =SUM(E10:E13) -> 1 | V10: =SUM(F10:F13) -> 9 | W10: =SUM(G10:G13) -> 0 | X10: =SUM(H10:H13) -> 0 | Y10: =SUM(I10:I13) -> 0 | Z10: =SUM(J10:J13) -> 0 | ... AF10: =SUM(P10:P13) -> 64
B11: 07.15 - 07.30 | C11: 0 | D11: 0 | E11: 1 | F11: 2 | G11: 0 | H11: 0 | I11: 0 | J11: 0 | K11: 0 | L11: 0 | M11: 9 | N11: 0 | O11: =SUM(C11:L11,N11) -> 3 | P11: =SUM(C11:N11) -> 12 | R11: 0800-0900 | S11: =SUM(C14:C17) -> 10 | T11: =SUM(D14:D17) -> 0 | U11: =SUM(E14:E17) -> 3 | V11: =SUM(F14:F17) -> 3 | W11: =SUM(G14:G17) -> 0 | X11: =SUM(H14:H17) -> 0 | Y11: =SUM(I14:I17) -> 4 | Z11: =SUM(J14:J17) -> 0 | ... AF11: =SUM(P14:P17) -> 79
B12: 07.30 - 07.45 | C12: 2 | D12: 0 | E12: 0 | F12: 1 | G12: 0 | H12: 0 | I12: 0 | J12: 0 | K12: 0 | L12: 0 | M12: 12 | N12: 0 | O12: =SUM(C12:L12,N12) -> 3 | P12: =SUM(C12:N12) -> 15 | R12: 0900-1000 | S12: =SUM(C18:C21) -> 8 | T12: =SUM(D18:D21) -> 0 | U12: =SUM(E18:E21) -> 6 | V12: =SUM(F18:F21) -> 4 | W12: =SUM(G18:G21) -> 0 | X12: =SUM(H18:H21) -> 0 | Y12: =SUM(I18:I21) -> 6 | Z12: =SUM(J18:J21) -> 0 | ... AF12: =SUM(P18:P21) -> 89
B13: 07.45 - 08.00 | C13: 2 | D13: 0 | E13: 0 | F13: 4 | G13: 0 | H13: 0 | I13: 0 | J13: 0 | K13: 0 | L13: 0 | M13: 18 | N13: 0 | O13: =SUM(C13:L13,N13) -> 6 | P13: =SUM(C13:N13) -> 24 | R13: 1000-1100 | S13: =SUM(C22:C25) -> 3 | T13: =SUM(D22:D25) -> 0 | U13: =SUM(E22:E25) -> 9 | V13: =SUM(F22:F25) -> 7 | W13: =SUM(G22:G25) -> 0 | X13: =SUM(H22:H25) -> 1 | Y13: =SUM(I22:I25) -> 3 | Z13: =SUM(J22:J25) -> 0 | ... AF13: =SUM(P22:P25) -> 93
B14: 08.00 - 08.15 | C14: 1 | D14: 0 | E14: 1 | F14: 2 | G14: 0 | H14: 0 | I14: 1 | J14: 0 | K14: 0 | L14: 0 | M14: 9 | N14: 0 | O14: =SUM(C14:L14,N14) -> 5 | P14: =SUM(C14:N14) -> 14 | R14: 1100-1200 | S14: =SUM(C26:C29) -> 6 | T14: =SUM(D26:D29) -> 0 | U14: =SUM(E26:E29) -> 3 | V14: =SUM(F26:F29) -> 7 | W14: =SUM(G26:G29) -> 3 | X14: =SUM(H26:H29) -> 0 | Y14: =SUM(I26:I29) -> 5 | Z14: =SUM(J26:J29) -> 0 | ... AF14: =SUM(P26:P29) -> 95
B15: 08.15 - 08.30 | C15: 2 | D15: 0 | E15: 1 | F15: 0 | G15: 0 | H15: 0 | I15: 3 | J15: 0 | K15: 1 | L15: 0 | M15: 16 | N15: 0 | O15: =SUM(C15:L15,N15) -> 7 | P15: =SUM(C15:N15) -> 23 | R15: 1200-1300 | S15: =SUM(C30:C33) -> 2 | T15: =SUM(D30:D33) -> 0 | U15: =SUM(E30:E33) -> 5 | V15: =SUM(F30:F33) -> 6 | W15: =SUM(G30:G33) -> 0 | X15: =SUM(H30:H33) -> 0 | Y15: =SUM(I30:I33) -> 8 | Z15: =SUM(J30:J33) -> 2 | ... AF15: =SUM(P30:P33) -> 98
B16: 08.30 - 08.45 | C16: 3 | D16: 0 | E16: 1 | F16: 1 | G16: 0 | H16: 0 | I16: 0 | J16: 0 | K16: 1 | L16: 0 | M16: 13 | N16: 0 | O16: =SUM(C16:L16,N16) -> 6 | P16: =SUM(C16:N16) -> 19 | R16: 1300-1400 | S16: =SUM(C34:C37) -> 11 | T16: =SUM(D34:D37) -> 0 | U16: =SUM(E34:E37) -> 15 | V16: =SUM(F34:F37) -> 2 | W16: =SUM(G34:G37) -> 0 | X16: =SUM(H34:H37) -> 0 | Y16: =SUM(I34:I37) -> 7 | Z16: =SUM(J34:J37) -> 0 | ... AF16: =SUM(P34:P37) -> 111
B17: 08.45 - 9.00 | C17: 4 | D17: 0 | E17: 0 | F17: 0 | G17: 0 | H17: 0 | I17: 0 | J17: 0 | K17: 0 | L17: 0 | M17: 19 | N17: 0 | O17: =SUM(C17:L17,N17) -> 4 | P17: =SUM(C17:N17) -> 23 | R17: 1400-1500 | S17: =SUM(C38:C41) -> 10 | T17: =SUM(D38:D41) -> 0 | U17: =SUM(E38:E41) -> 8 | V17: =SUM(F38:F41) -> 6 | W17: =SUM(G38:G41) -> 0 | X17: =SUM(H38:H41) -> 0 | Y17: =SUM(I38:I41) -> 5 | Z17: =SUM(J38:J41) -> 0 | ... AF17: =SUM(P38:P41) -> 101
B18: 09.00 - 09.15 | C18: 3 | D18: 0 | E18: 1 | F18: 0 | G18: 0 | H18: 0 | I18: 0 | J18: 0 | K18: 0 | L18: 0 | M18: 13 | N18: 0 | O18: =SUM(C18:L18,N18) -> 4 | P18: =SUM(C18:N18) -> 17 | R18: 1500-1600 | S18: =SUM(C42:C45) -> 6 | T18: =SUM(D42:D45) -> 0 | U18: =SUM(E42:E45) -> 12 | V18: =SUM(F42:F45) -> 9 | W18: =SUM(G42:G45) -> 2 | X18: =SUM(H42:H45) -> 0 | Y18: =SUM(I42:I45) -> 11 | Z18: =SUM(J42:J45) -> 0 | ... AF18: =SUM(P42:P45) -> 111
B19: 09.15 - 09.30 | C19: 3 | D19: 0 | E19: 0 | F19: 2 | G19: 0 | H19: 0 | I19: 4 | J19: 0 | K19: 0 | L19: 0 | M19: 14 | N19: 0 | O19: =SUM(C19:L19,N19) -> 9 | P19: =SUM(C19:N19) -> 23 | R19: 1600-1700 | S19: =SUM(C46:C49) -> 11 | T19: =SUM(D46:D49) -> 0 | U19: =SUM(E46:E49) -> 19 | V19: =SUM(F46:F49) -> 7 | W19: =SUM(G46:G49) -> 0 | X19: =SUM(H46:H49) -> 0 | Y19: =SUM(I46:I49) -> 8 | Z19: =SUM(J46:J49) -> 0 | ... AF19: =SUM(P46:P49) -> 143
B20: 09.30 - 09.45 | C20: 0 | D20: 0 | E20: 3 | F20: 1 | G20: 0 | H20: 0 | I20: 1 | J20: 0 | K20: 0 | L20: 0 | M20: 14 | N20: 0 | O20: =SUM(C20:L20,N20) -> 5 | P20: =SUM(C20:N20) -> 19 | R20: 1700-1800 | S20: =SUM(C50:C53) -> 7 | T20: =SUM(D50:D53) -> 0 | U20: =SUM(E50:E53) -> 15 | V20: =SUM(F50:F53) -> 8 | W20: =SUM(G50:G53) -> 2 | X20: =SUM(H50:H53) -> 0 | Y20: =SUM(I50:I53) -> 10 | Z20: =SUM(J50:J53) -> 0 | ... AF20: =SUM(P50:P53) -> 114
B21: 09.45 - 10.00 | C21: 2 | D21: 0 | E21: 2 | F21: 1 | G21: 0 | H21: 0 | I21: 1 | J21: 0 | K21: 1 | L21: 0 | M21: 23 | N21: 0 | O21: =SUM(C21:L21,N21) -> 7 | P21: =SUM(C21:N21) -> 30 | R21: 1800-1900 | S21: =SUM(C54:C57) -> 11 | T21: =SUM(D54:D57) -> 0 | U21: =SUM(E54:E57) -> 7 | V21: =SUM(F54:F57) -> 9 | W21: =SUM(G54:G57) -> 0 | X21: =SUM(H54:H57) -> 0 | Y21: =SUM(I54:I57) -> 12 | Z21: =SUM(J54:J57) -> 1 | ... AF21: =SUM(P54:P57) -> 108
B22: 10.00 - 10.15 | C22: 2 | D22: 0 | E22: 2 | F22: 2 | G22: 0 | H22: 1 | I22: 2 | J22: 0 | K22: 0 | L22: 0 | M22: 18 | N22: 0 | O22: =SUM(C22:L22,N22) -> 9 | P22: =SUM(C22:N22) -> 27 | R22: AM Peak Hr | S22: =MAX(S10:S12) -> 10 | T22: =MAX(T10:T12) -> 0 | U22: =MAX(U10:U12) -> 6 | V22: =MAX(V10:V12) -> 9 | W22: =MAX(W10:W12) -> 0 | X22: =MAX(X10:X12) -> 0 | Y22: =MAX(Y10:Y12) -> 6 | Z22: =MAX(Z10:Z12) -> 0 | ... AF22: =MAX(AF10:AF12) -> 89
B23: 10.15 - 10.30 | C23: 1 | D23: 0 | E23: 2 | F23: 3 | G23: 0 | H23: 0 | I23: 0 | J23: 0 | K23: 0 | L23: 0 | M23: 19 | N23: 0 | O23: =SUM(C23:L23,N23) -> 6 | P23: =SUM(C23:N23) -> 25 | R23: IP Peak Hr | S23: =MAX(S13:S18) -> 11 | T23: =MAX(T13:T18) -> 0 | U23: =MAX(U13:U18) -> 15 | V23: =MAX(V13:V18) -> 9 | W23: =MAX(W13:W18) -> 3 | X23: =MAX(X13:X18) -> 1 | Y23: =MAX(Y13:Y18) -> 11 | Z23: =MAX(Z13:Z18) -> 2 | ... AF23: =MAX(AF13:AF18) -> 111
B24: 10.30 - 10.45 | C24: 0 | D24: 0 | E24: 2 | F24: 0 | G24: 0 | H24: 0 | I24: 1 | J24: 0 | K24: 0 | L24: 0 | M24: 17 | N24: 0 | O24: =SUM(C24:L24,N24) -> 3 | P24: =SUM(C24:N24) -> 20 | R24: PM Peak Hr | S24: =MAX(S19:S21) -> 11 | T24: =MAX(T19:T21) -> 0 | U24: =MAX(U19:U21) -> 19 | V24: =MAX(V19:V21) -> 9 | W24: =MAX(W19:W21) -> 2 | X24: =MAX(X19:X21) -> 0 | Y24: =MAX(Y19:Y21) -> 12 | Z24: =MAX(Z19:Z21) -> 1 | ... AF24: =MAX(AF19:AF21) -> 143
B25: 10.45 - 11.00 | C25: 0 | D25: 0 | E25: 3 | F25: 2 | G25: 0 | H25: 0 | I25: 0 | J25: 0 | K25: 0 | L25: 0 | M25: 16 | N25: 0 | O25: =SUM(C25:L25,N25) -> 5 | P25: =SUM(C25:N25) -> 21 | R25: AM Period | S25: =SUM(S10:S12) -> 24 | T25: =SUM(T10:T12) -> 0 | U25: =SUM(U10:U12) -> 10 | V25: =SUM(V10:V12) -> 16 | W25: =SUM(W10:W12) -> 0 | X25: =SUM(X10:X12) -> 0 | Y25: =SUM(Y10:Y12) -> 10 | Z25: =SUM(Z10:Z12) -> 0 | ... AF25: =SUM(AF10:AF12) -> 232
B26: 11.00 - 11.15 | C26: 1 | D26: 0 | E26: 1 | F26: 0 | G26: 0 | H26: 0 | I26: 2 | J26: 0 | K26: 0 | L26: 0 | M26: 15 | N26: 0 | O26: =SUM(C26:L26,N26) -> 4 | P26: =SUM(C26:N26) -> 19 | R26: IP Period | S26: =SUM(S13:S18) -> 38 | T26: =SUM(T13:T18) -> 0 | U26: =SUM(U13:U18) -> 52 | V26: =SUM(V13:V18) -> 37 | W26: =SUM(W13:W18) -> 5 | X26: =SUM(X13:X18) -> 1 | Y26: =SUM(Y13:Y18) -> 39 | Z26: =SUM(Z13:Z18) -> 2 | ... AF26: =SUM(AF13:AF18) -> 609
B27: 11.15 - 11.30 | C27: 1 | D27: 0 | E27: 0 | F27: 2 | G27: 2 | H27: 0 | I27: 0 | J27: 0 | K27: 0 | L27: 0 | M27: 14 | N27: 0 | O27: =SUM(C27:L27,N27) -> 5 | P27: =SUM(C27:N27) -> 19 | R27: PM Period | S27: =SUM(S19:S21) -> 29 | T27: =SUM(T19:T21) -> 0 | U27: =SUM(U19:U21) -> 41 | V27: =SUM(V19:V21) -> 24 | W27: =SUM(W19:W21) -> 2 | X27: =SUM(X19:X21) -> 0 | Y27: =SUM(Y19:Y21) -> 30 | Z27: =SUM(Z19:Z21) -> 1 | ... AF27: =SUM(AF19:AF21) -> 365
B28: 11.30 - 11.45 | C28: 3 | D28: 0 | E28: 1 | F28: 2 | G28: 1 | H28: 0 | I28: 1 | J28: 0 | K28: 0 | L28: 0 | M28: 25 | N28: 0 | O28: =SUM(C28:L28,N28) -> 8 | P28: =SUM(C28:N28) -> 33 | R28: 12 Hours | S28: =SUM(S10:S21) -> 91 | T28: =SUM(T10:T21) -> 0 | U28: =SUM(U10:U21) -> 103 | V28: =SUM(V10:V21) -> 77 | W28: =SUM(W10:W21) -> 7 | X28: =SUM(X10:X21) -> 1 | Y28: =SUM(Y10:Y21) -> 79 | Z28: =SUM(Z10:Z21) -> 3 | ... AF28: =SUM(AF10:AF21) -> 1206
B29: 11.45 - 12.00 | C29: 1 | D29: 0 | E29: 1 | F29: 3 | G29: 0 | H29: 0 | I29: 2 | J29: 0 | K29: 1 | L29: 0 | M29: 16 | N29: 0 | O29: =SUM(C29:L29,N29) -> 8 | P29: =SUM(C29:N29) -> 24
B30: 12.00 - 12.15 | C30: 0 | D30: 0 | E30: 1 | F30: 2 | G30: 0 | H30: 0 | I30: 1 | J30: 1 | K30: 0 | L30: 0 | M30: 20 | N30: 0 | O30: =SUM(C30:L30,N30) -> 5 | P30: =SUM(C30:N30) -> 25
B31: 12.15 - 12.30 | C31: 1 | D31: 0 | E31: 2 | F31: 1 | G31: 0 | H31: 0 | I31: 2 | J31: 0 | K31: 1 | L31: 0 | M31: 14 | N31: 0 | O31: =SUM(C31:L31,N31) -> 7 | P31: =SUM(C31:N31) -> 21
B32: 12.30 - 12.45 | C32: 0 | D32: 0 | E32: 2 | F32: 1 | G32: 0 | H32: 0 | I32: 3 | J32: 1 | K32: 0 | L32: 0 | M32: 21 | N32: 0 | O32: =SUM(C32:L32,N32) -> 7 | P32: =SUM(C32:N32) -> 28
B33: 12.45 - 13.00 | C33: 1 | D33: 0 | E33: 0 | F33: 2 | G33: 0 | H33: 0 | I33: 2 | J33: 0 | K33: 0 | L33: 0 | M33: 19 | N33: 0 | O33: =SUM(C33:L33,N33) -> 5 | P33: =SUM(C33:N33) -> 24
B34: 13.00 - 13.15 | C34: 2 | D34: 0 | E34: 6 | F34: 0 | G34: 0 | H34: 0 | I34: 1 | J34: 0 | K34: 0 | L34: 0 | M34: 17 | N34: 0 | O34: =SUM(C34:L34,N34) -> 9 | P34: =SUM(C34:N34) -> 26
B35: 13.15 - 13.30 | C35: 3 | D35: 0 | E35: 4 | F35: 1 | G35: 0 | H35: 0 | I35: 2 | J35: 0 | K35: 0 | L35: 0 | M35: 16 | N35: 0 | O35: =SUM(C35:L35,N35) -> 10 | P35: =SUM(C35:N35) -> 26
B36: 13.30 - 13.45 | C36: 3 | D36: 0 | E36: 3 | F36: 0 | G36: 0 | H36: 0 | I36: 2 | J36: 0 | K36: 0 | L36: 0 | M36: 19 | N36: 0 | O36: =SUM(C36:L36,N36) -> 8 | P36: =SUM(C36:N36) -> 27
B37: 13.45 - 14.00 | C37: 3 | D37: 0 | E37: 2 | F37: 1 | G37: 0 | H37: 0 | I37: 2 | J37: 0 | K37: 0 | L37: 0 | M37: 24 | N37: 0 | O37: =SUM(C37:L37,N37) -> 8 | P37: =SUM(C37:N37) -> 32
B38: 14.00 - 14.15 | C38: 1 | D38: 0 | E38: 1 | F38: 3 | G38: 0 | H38: 0 | I38: 0 | J38: 0 | K38: 0 | L38: 0 | M38: 19 | N38: 0 | O38: =SUM(C38:L38,N38) -> 5 | P38: =SUM(C38:N38) -> 24
B39: 14.15 - 14.30 | C39: 3 | D39: 0 | E39: 4 | F39: 0 | G39: 0 | H39: 0 | I39: 2 | J39: 0 | K39: 0 | L39: 0 | M39: 17 | N39: 0 | O39: =SUM(C39:L39,N39) -> 9 | P39: =SUM(C39:N39) -> 26
B40: 14.30 - 14.45 | C40: 3 | D40: 0 | E40: 1 | F40: 2 | G40: 0 | H40: 0 | I40: 0 | J40: 0 | K40: 0 | L40: 0 | M40: 23 | N40: 0 | O40: =SUM(C40:L40,N40) -> 6 | P40: =SUM(C40:N40) -> 29
... B57: 18.45 - 19.00 | C57: 2 | D57: 0 | E57: 1 | F57: 4 | G57: 0 | H57: 0 | I57: 6 | J57: 0 | K57: 0 | L57: 0 | M57: 20 | N57: 0 | O57: =SUM(C57:L57,N57) -> 13 | P57: =SUM(C57:N57) -> 33
B58: Totals | C58: =SUM(C10:C57) -> 91 | D58: =SUM(D10:D57) -> 0 | E58: =SUM(E10:E57) -> 103 | F58: =SUM(F10:F57) -> 77 | G58: =SUM(G10:G57) -> 7 | H58: =SUM(H10:H57) -> 1 | I58: =SUM(I10:I57) -> 79 | J58: =SUM(J10:J57) -> 3 | ... P58: =SUM(P10:P57) -> 1206
B59: %ges + MCs | C59: =C58/$P$58 -> 0.075456053 | D59: =D58/$P$58 -> 0 | E59: =E58/$P$58 -> 0.085406302 | F59: =F58/$P$58 -> 0.06384743 | G59: =G58/$P$58 -> 0.0058043118 | H59: =H58/$P$58 -> 0.0008291874 | I59: =I58/$P$58 -> 0.065505804 | J59: =J58/$P$58 -> 0.0024875622 | ... N59: =N58/$P$58 -> 0
B60: %ges w/o MCs | C60: =C58/$O$58 -> 0.24594595 | D60: =D58/$O$58 -> 0 | E60: =E58/$O$58 -> 0.27837838 | F60: =F58/$O$58 -> 0.20810811 | G60: =G58/$O$58 -> 0.018918919 | H60: =H58/$O$58 -> 0.0027027027 | I60: =I58/$O$58 -> 0.21351351 | J60: =J58/$O$58 -> 0.0081081081 | ... L60: =L58/$O$58 -> 0.0027027027 | N60: =N58/$O$58 -> 0

Sheet 22.08 Kampala-Bukaya
B1: Consultancy services for Preparation of Expressway Development Master Plan (EDMP) for Uganda
B2: MANUAL CLASSIFIED COUNT (MCC)
B3: ROAD NAME: | C3: ='19.08 Kampala-Bukaya'!C3:G3 -> MCC - C3 - STN92 - NALUBAALE ROAD
C5: Date | D5: 22.08.19 | F5: Location | G5: ='21.08 Bukaya-Kampala'!G5:H5 -> Nyenga | J5: Surveyor | K5: ='21.08 Bukaya-Kampala'!K5:L5 -> xxx
C6: Dir. From | D6: ='19.08 Kampala-Bukaya'!D6:E6 -> Kampala | F6: Dir. To | G6: ='19.08 Kampala-Bukaya'!G6:H6 -> Bukaya | J6: Supervisor | K6: ='21.08 Bukaya-Kampala'!K6:L6 -> xxx
B8: Time / Veh Type | R8: SUMMARY TRAFFIC VOLUMES
C9: 1. Car | D9: 2. Station Wagon | E9: 3. Pickups | F9: 4. Minibus, matatu | G9: 5. Medium bus | H9: 6. Large Bus | I9: 7. Light Truck | J9: 8. Medium Truck | K9: 9. Heavy truck | L9: 10. Truck Trailer | M9: 11. Motor cycles | N9: 12. Tractors | O9: Total Excl M/Cycles | P9: Total All | R9: Time | S9: 1. Car | T9: 2. Station Wagon | U9: 3. Pickups | V9: 4. Minibus, matatu | W9: 5. Medium bus | X9: 6. Large Bus | Y9: 7. Light Truck | Z9: 8. Medium Truck | AA9: 9. Heavy truck | AB9: 10. Truck Trailer | AC9: 11. Motorcycles | AD9: 12. Tractors, Graders | AE9: Total Excl M/ Cycles | AF9: Total All
B10: 07.00 - 07.15 | C10: 4 | D10: 0 | E10: 1 | F10: 0 | G10: 0 | H10: 0 | I10: 2 | J10: 0 | K10: 1 | L10: 0 | M10: 15 | N10: 0 | O10: =SUM(C10:L10,N10) -> 8 | P10: =SUM(C10:N10) -> 23 | R10: 0700-0800 | S10: =SUM(C10:C13) -> 5 | T10: =SUM(D10:D13) -> 0 | U10: =SUM(E10:E13) -> 13 | V10: =SUM(F10:F13) -> 3 | W10: =SUM(G10:G13) -> 0 | X10: =SUM(H10:H13) -> 0 | Y10: =SUM(I10:I13) -> 3 | Z10: =SUM(J10:J13) -> 0 | ... AF10: =SUM(P10:P13) -> 76
B11: 07.15 - 07.30 | C11: 0 | D11: 0 | E11: 1 | F11: 0 | G11: 0 | H11: 0 | I11: 1 | J11: 0 | K11: 0 | L11: 0 | M11: 12 | N11: 0 | O11: =SUM(C11:L11,N11) -> 2 | P11: =SUM(C11:N11) -> 14 | R11: 0800-0900 | S11: =SUM(C14:C17) -> 3 | T11: =SUM(D14:D17) -> 0 | U11: =SUM(E14:E17) -> 8 | V11: =SUM(F14:F17) -> 2 | W11: =SUM(G14:G17) -> 0 | X11: =SUM(H14:H17) -> 0 | Y11: =SUM(I14:I17) -> 8 | Z11: =SUM(J14:J17) -> 1 | ... AF11: =SUM(P14:P17) -> 83
B12: 07.30 - 07.45 | C12: 1 | D12: 0 | E12: 5 | F12: 1 | G12: 0 | H12: 0 | I12: 0 | J12: 0 | K12: 0 | L12: 0 | M12: 14 | N12: 0 | O12: =SUM(C12:L12,N12) -> 7 | P12: =SUM(C12:N12) -> 21 | R12: 0900-1000 | S12: =SUM(C18:C21) -> 10 | T12: =SUM(D18:D21) -> 0 | U12: =SUM(E18:E21) -> 6 | V12: =SUM(F18:F21) -> 7 | W12: =SUM(G18:G21) -> 0 | X12: =SUM(H18:H21) -> 0 | Y12: =SUM(I18:I21) -> 4 | Z12: =SUM(J18:J21) -> 0 | ... AF12: =SUM(P18:P21) -> 114
B13: 07.45 - 08.00 | C13: 0 | D13: 0 | E13: 6 | F13: 2 | G13: 0 | H13: 0 | I13: 0 | J13: 0 | K13: 0 | L13: 0 | M13: 10 | N13: 0 | O13: =SUM(C13:L13,N13) -> 8 | P13: =SUM(C13:N13) -> 18 | R13: 1000-1100 | S13: =SUM(C22:C25) -> 10 | T13: =SUM(D22:D25) -> 0 | U13: =SUM(E22:E25) -> 13 | V13: =SUM(F22:F25) -> 8 | W13: =SUM(G22:G25) -> 0 | X13: =SUM(H22:H25) -> 0 | Y13: =SUM(I22:I25) -> 11 | Z13: =SUM(J22:J25) -> 0 | ... AF13: =SUM(P22:P25) -> 121
B14: 08.00 - 08.15 | C14: 2 | D14: 0 | E14: 1 | F14: 0 | G14: 0 | H14: 0 | I14: 4 | J14: 1 | K14: 0 | L14: 1 | M14: 13 | N14: 0 | O14: =SUM(C14:L14,N14) -> 9 | P14: =SUM(C14:N14) -> 22 | R14: 1100-1200 | S14: =SUM(C26:C29) -> 10 | T14: =SUM(D26:D29) -> 0 | U14: =SUM(E26:E29) -> 8 | V14: =SUM(F26:F29) -> 8 | W14: =SUM(G26:G29) -> 0 | X14: =SUM(H26:H29) -> 0 | Y14: =SUM(I26:I29) -> 6 | Z14: =SUM(J26:J29) -> 0 | ... AF14: =SUM(P26:P29) -> 142
B15: 08.15 - 08.30 | C15: 0 | D15: 0 | E15: 1 | F15: 0 | G15: 0 | H15: 0 | I15: 0 | J15: 0 | K15: 0 | L15: 0 | M15: 16 | N15: 0 | O15: =SUM(C15:L15,N15) -> 1 | P15: =SUM(C15:N15) -> 17 | R15: 1200-1300 | S15: =SUM(C30:C33) -> 15 | T15: =SUM(D30:D33) -> 0 | U15: =SUM(E30:E33) -> 6 | V15: =SUM(F30:F33) -> 9 | W15: =SUM(G30:G33) -> 0 | X15: =SUM(H30:H33) -> 0 | Y15: =SUM(I30:I33) -> 3 | Z15: =SUM(J30:J33) -> 0 | ... AF15: =SUM(P30:P33) -> 104
B16: 08.30 - 08.45 | C16: 0 | D16: 0 | E16: 1 | F16: 1 | G16: 0 | H16: 0 | I16: 2 | J16: 0 | K16: 0 | L16: 0 | M16: 18 | N16: 0 | O16: =SUM(C16:L16,N16) -> 4 | P16: =SUM(C16:N16) -> 22 | R16: 1300-1400 | S16: =SUM(C34:C37) -> 10 | T16: =SUM(D34:D37) -> 0 | U16: =SUM(E34:E37) -> 7 | V16: =SUM(F34:F37) -> 5 | W16: =SUM(G34:G37) -> 0 | X16: =SUM(H34:H37) -> 0 | Y16: =SUM(I34:I37) -> 10 | Z16: =SUM(J34:J37) -> 0 | ... AF16: =SUM(P34:P37) -> 92
B17: 08.45 - 9.00 | C17: 1 | D17: 0 | E17: 5 | F17: 1 | G17: 0 | H17: 0 | I17: 2 | J17: 0 | K17: 0 | L17: 0 | M17: 13 | N17: 0 | O17: =SUM(C17:L17,N17) -> 9 | P17: =SUM(C17:N17) -> 22 | R17: 1400-1500 | S17: =SUM(C38:C41) -> 9 | T17: =SUM(D38:D41) -> 0 | U17: =SUM(E38:E41) -> 17 | V17: =SUM(F38:F41) -> 7 | W17: =SUM(G38:G41) -> 0 | X17: =SUM(H38:H41) -> 0 | Y17: =SUM(I38:I41) -> 7 | Z17: =SUM(J38:J41) -> 0 | ... AF17: =SUM(P38:P41) -> 103
B18: 09.00 - 09.15 | C18: 1 | D18: 0 | E18: 1 | F18: 1 | G18: 0 | H18: 0 | I18: 2 | J18: 0 | K18: 0 | L18: 0 | M18: 22 | N18: 0 | O18: =SUM(C18:L18,N18) -> 5 | P18: =SUM(C18:N18) -> 27 | R18: 1500-1600 | S18: =SUM(C42:C45) -> 8 | T18: =SUM(D42:D45) -> 0 | U18: =SUM(E42:E45) -> 8 | V18: =SUM(F42:F45) -> 8 | W18: =SUM(G42:G45) -> 0 | X18: =SUM(H42:H45) -> 0 | Y18: =SUM(I42:I45) -> 12 | Z18: =SUM(J42:J45) -> 0 | ... AF18: =SUM(P42:P45) -> 106
B19: 09.15 - 09.30 | C19: 4 | D19: 0 | E19: 2 | F19: 2 | G19: 0 | H19: 0 | I19: 0 | J19: 0 | K19: 0 | L19: 0 | M19: 24 | N19: 0 | O19: =SUM(C19:L19,N19) -> 8 | P19: =SUM(C19:N19) -> 32 | R19: 1600-1700 | S19: =SUM(C46:C49) -> 7 | T19: =SUM(D46:D49) -> 0 | U19: =SUM(E46:E49) -> 7 | V19: =SUM(F46:F49) -> 10 | W19: =SUM(G46:G49) -> 1 | X19: =SUM(H46:H49) -> 0 | Y19: =SUM(I46:I49) -> 10 | Z19: =SUM(J46:J49) -> 0 | ... AF19: =SUM(P46:P49) -> 103
B20: 09.30 - 09.45 | C20: 2 | D20: 0 | E20: 2 | F20: 1 | G20: 0 | H20: 0 | I20: 1 | J20: 0 | K20: 0 | L20: 0 | M20: 20 | N20: 0 | O20: =SUM(C20:L20,N20) -> 6 | P20: =SUM(C20:N20) -> 26 | R20: 1700-1800 | S20: =SUM(C50:C53) -> 9 | T20: =SUM(D50:D53) -> 0 | U20: =SUM(E50:E53) -> 10 | V20: =SUM(F50:F53) -> 8 | W20: =SUM(G50:G53) -> 0 | X20: =SUM(H50:H53) -> 0 | Y20: =SUM(I50:I53) -> 6 | Z20: =SUM(J50:J53) -> 0 | ... AF20: =SUM(P50:P53) -> 136
B21: 09.45 - 10.00 | C21: 3 | D21: 0 | E21: 1 | F21: 3 | G21: 0 | H21: 0 | I21: 1 | J21: 0 | K21: 0 | L21: 0 | M21: 21 | N21: 0 | O21: =SUM(C21:L21,N21) -> 8 | P21: =SUM(C21:N21) -> 29 | R21: 1800-1900 | S21: =SUM(C54:C57) -> 5 | T21: =SUM(D54:D57) -> 0 | U21: =SUM(E54:E57) -> 8 | V21: =SUM(F54:F57) -> 9 | W21: =SUM(G54:G57) -> 1 | X21: =SUM(H54:H57) -> 0 | Y21: =SUM(I54:I57) -> 4 | Z21: =SUM(J54:J57) -> 1 | ... AF21: =SUM(P54:P57) -> 120
B22: 10.00 - 10.15 | C22: 2 | D22: 0 | E22: 4 | F22: 2 | G22: 0 | H22: 0 | I22: 4 | J22: 0 | K22: 0 | L22: 0 | M22: 17 | N22: 0 | O22: =SUM(C22:L22,N22) -> 12 | P22: =SUM(C22:N22) -> 29 | R22: AM Peak Hr | S22: =MAX(S10:S12) -> 10 | T22: =MAX(T10:T12) -> 0 | U22: =MAX(U10:U12) -> 13 | V22: =MAX(V10:V12) -> 7 | W22: =MAX(W10:W12) -> 0 | X22: =MAX(X10:X12) -> 0 | Y22: =MAX(Y10:Y12) -> 8 | Z22: =MAX(Z10:Z12) -> 1 | ... AF22: =MAX(AF10:AF12) -> 114
B23: 10.15 - 10.30 | C23: 2 | D23: 0 | E23: 3 | F23: 2 | G23: 0 | H23: 0 | I23: 1 | J23: 0 | K23: 0 | L23: 0 | M23: 20 | N23: 0 | O23: =SUM(C23:L23,N23) -> 8 | P23: =SUM(C23:N23) -> 28 | R23: IP Peak Hr | S23: =MAX(S13:S18) -> 15 | T23: =MAX(T13:T18) -> 0 | U23: =MAX(U13:U18) -> 17 | V23: =MAX(V13:V18) -> 9 | W23: =MAX(W13:W18) -> 0 | X23: =MAX(X13:X18) -> 0 | Y23: =MAX(Y13:Y18) -> 12 | Z23: =MAX(Z13:Z18) -> 0 | ... AF23: =MAX(AF13:AF18) -> 142
B24: 10.30 - 10.45 | C24: 4 | D24: 0 | E24: 6 | F24: 0 | G24: 0 | H24: 0 | I24: 5 | J24: 0 | K24: 1 | L24: 0 | M24: 18 | N24: 0 | O24: =SUM(C24:L24,N24) -> 16 | P24: =SUM(C24:N24) -> 34 | R24: PM Peak Hr | S24: =MAX(S19:S21) -> 9 | T24: =MAX(T19:T21) -> 0 | U24: =MAX(U19:U21) -> 10 | V24: =MAX(V19:V21) -> 10 | W24: =MAX(W19:W21) -> 1 | X24: =MAX(X19:X21) -> 0 | Y24: =MAX(Y19:Y21) -> 10 | Z24: =MAX(Z19:Z21) -> 1 | ... AF24: =MAX(AF19:AF21) -> 136
B25: 10.45 - 11.00 | C25: 2 | D25: 0 | E25: 0 | F25: 4 | G25: 0 | H25: 0 | I25: 1 | J25: 0 | K25: 1 | L25: 0 | M25: 22 | N25: 0 | O25: =SUM(C25:L25,N25) -> 8 | P25: =SUM(C25:N25) -> 30 | R25: AM Period | S25: =SUM(S10:S12) -> 18 | T25: =SUM(T10:T12) -> 0 | U25: =SUM(U10:U12) -> 27 | V25: =SUM(V10:V12) -> 12 | W25: =SUM(W10:W12) -> 0 | X25: =SUM(X10:X12) -> 0 | Y25: =SUM(Y10:Y12) -> 15 | Z25: =SUM(Z10:Z12) -> 1 | ... AF25: =SUM(AF10:AF12) -> 273
B26: 11.00 - 11.15 | C26: 0 | D26: 0 | E26: 0 | F26: 2 | G26: 0 | H26: 0 | I26: 2 | J26: 0 | K26: 1 | L26: 0 | M26: 21 | N26: 0 | O26: =SUM(C26:L26,N26) -> 5 | P26: =SUM(C26:N26) -> 26 | R26: IP Period | S26: =SUM(S13:S18) -> 62 | T26: =SUM(T13:T18) -> 0 | U26: =SUM(U13:U18) -> 59 | V26: =SUM(V13:V18) -> 45 | W26: =SUM(W13:W18) -> 0 | X26: =SUM(X13:X18) -> 0 | Y26: =SUM(Y13:Y18) -> 49 | Z26: =SUM(Z13:Z18) -> 0 | ... AF26: =SUM(AF13:AF18) -> 668
B27: 11.15 - 11.30 | C27: 2 | D27: 0 | E27: 5 | F27: 2 | G27: 0 | H27: 0 | I27: 1 | J27: 0 | K27: 0 | L27: 0 | M27: 26 | N27: 0 | O27: =SUM(C27:L27,N27) -> 10 | P27: =SUM(C27:N27) -> 36 | R27: PM Period | S27: =SUM(S19:S21) -> 21 | T27: =SUM(T19:T21) -> 0 | U27: =SUM(U19:U21) -> 25 | V27: =SUM(V19:V21) -> 27 | W27: =SUM(W19:W21) -> 2 | X27: =SUM(X19:X21) -> 0 | Y27: =SUM(Y19:Y21) -> 20 | Z27: =SUM(Z19:Z21) -> 1 | ... AF27: =SUM(AF19:AF21) -> 359
B28: 11.30 - 11.45 | C28: 5 | D28: 0 | E28: 1 | F28: 4 | G28: 0 | H28: 0 | I28: 1 | J28: 0 | K28: 0 | L28: 0 | M28: 33 | N28: 0 | O28: =SUM(C28:L28,N28) -> 11 | P28: =SUM(C28:N28) -> 44 | R28: 12 Hours | S28: =SUM(S10:S21) -> 101 | T28: =SUM(T10:T21) -> 0 | U28: =SUM(U10:U21) -> 111 | V28: =SUM(V10:V21) -> 84 | W28: =SUM(W10:W21) -> 2 | X28: =SUM(X10:X21) -> 0 | Y28: =SUM(Y10:Y21) -> 84 | Z28: =SUM(Z10:Z21) -> 2 | ... AF28: =SUM(AF10:AF21) -> 1300
B29: 11.45 - 12.00 | C29: 3 | D29: 0 | E29: 2 | F29: 0 | G29: 0 | H29: 0 | I29: 2 | J29: 0 | K29: 0 | L29: 0 | M29: 29 | N29: 0 | O29: =SUM(C29:L29,N29) -> 7 | P29: =SUM(C29:N29) -> 36
B30: 12.00 - 12.15 | C30: 5 | D30: 0 | E30: 4 | F30: 2 | G30: 0 | H30: 0 | I30: 0 | J30: 0 | K30: 0 | L30: 0 | M30: 19 | N30: 0 | O30: =SUM(C30:L30,N30) -> 11 | P30: =SUM(C30:N30) -> 30
B31: 12.15 - 12.30 | C31: 3 | D31: 0 | E31: 0 | F31: 0 | G31: 0 | H31: 0 | I31: 2 | J31: 0 | K31: 0 | L31: 0 | M31: 20 | N31: 0 | O31: =SUM(C31:L31,N31) -> 5 | P31: =SUM(C31:N31) -> 25
B32: 12.30 - 12.45 | C32: 3 | D32: 0 | E32: 1 | F32: 3 | G32: 0 | H32: 0 | I32: 1 | J32: 0 | K32: 0 | L32: 0 | M32: 16 | N32: 0 | O32: =SUM(C32:L32,N32) -> 8 | P32: =SUM(C32:N32) -> 24
B33: 12.45 - 13.00 | C33: 4 | D33: 0 | E33: 1 | F33: 4 | G33: 0 | H33: 0 | I33: 0 | J33: 0 | K33: 0 | L33: 0 | M33: 16 | N33: 0 | O33: =SUM(C33:L33,N33) -> 9 | P33: =SUM(C33:N33) -> 25
B34: 13.00 - 13.15 | C34: 2 | D34: 0 | E34: 2 | F34: 2 | G34: 0 | H34: 0 | I34: 6 | J34: 0 | K34: 0 | L34: 0 | M34: 9 | N34: 0 | O34: =SUM(C34:L34,N34) -> 12 | P34: =SUM(C34:N34) -> 21
B35: 13.15 - 13.30 | C35: 3 | D35: 0 | E35: 2 | F35: 0 | G35: 0 | H35: 0 | I35: 3 | J35: 0 | K35: 0 | L35: 0 | M35: 13 | N35: 0 | O35: =SUM(C35:L35,N35) -> 8 | P35: =SUM(C35:N35) -> 21
B36: 13.30 - 13.45 | C36: 2 | D36: 0 | E36: 0 | F36: 2 | G36: 0 | H36: 0 | I36: 0 | J36: 0 | K36: 1 | L36: 0 | M36: 14 | N36: 0 | O36: =SUM(C36:L36,N36) -> 5 | P36: =SUM(C36:N36) -> 19
B37: 13.45 - 14.00 | C37: 3 | D37: 0 | E37: 3 | F37: 1 | G37: 0 | H37: 0 | I37: 1 | J37: 0 | K37: 1 | L37: 0 | M37: 22 | N37: 0 | O37: =SUM(C37:L37,N37) -> 9 | P37: =SUM(C37:N37) -> 31
B38: 14.00 - 14.15 | C38: 2 | D38: 0 | E38: 9 | F38: 2 | G38: 0 | H38: 0 | I38: 2 | J38: 0 | K38: 0 | L38: 0 | M38: 16 | N38: 0 | O38: =SUM(C38:L38,N38) -> 15 | P38: =SUM(C38:N38) -> 31
B39: 14.15 - 14.30 | C39: 1 | D39: 0 | E39: 0 | F39: 2 | G39: 0 | H39: 0 | I39: 0 | J39: 0 | K39: 0 | L39: 0 | M39: 14 | N39: 0 | O39: =SUM(C39:L39,N39) -> 3 | P39: =SUM(C39:N39) -> 17
B40: 14.30 - 14.45 | C40: 3 | D40: 0 | E40: 7 | F40: 2 | G40: 0 | H40: 0 | I40: 1 | J40: 0 | K40: 0 | L40: 0 | M40: 16 | N40: 0 | O40: =SUM(C40:L40,N40) -> 13 | P40: =SUM(C40:N40) -> 29
... B57: 18.45 - 19.00 | C57: 2 | D57: 0 | E57: 3 | F57: 1 | G57: 0 | H57: 0 | I57: 2 | J57: 0 | K57: 0 | L57: 0 | M57: 24 | N57: 0 | O57: =SUM(C57:L57,N57) -> 8 | P57: =SUM(C57:N57) -> 32
B58: Totals | C58: =SUM(C10:C57) -> 101 | D58: =SUM(D10:D57) -> 0 | E58: =SUM(E10:E57) -> 111 | F58: =SUM(F10:F57) -> 84 | G58: =SUM(G10:G57) -> 2 | H58: =SUM(H10:H57) -> 0 | I58: =SUM(I10:I57) -> 84 | J58: =SUM(J10:J57) -> 2 | ... P58: =SUM(P10:P57) -> 1300
B59: %ges + MCs | C59: =C58/$P$58 -> 0.077692308 | D59: =D58/$P$58 -> 0 | E59: =E58/$P$58 -> 0.085384615 | F59: =F58/$P$58 -> 0.064615385 | G59: =G58/$P$58 -> 0.0015384615 | H59: =H58/$P$58 -> 0 | I59: =I58/$P$58 -> 0.064615385 | J59: =J58/$P$58 -> 0.0015384615 | ... N59: =N58/$P$58 -> 0
B60: %ges w/o MCs | C60: =C58/$O$58 -> 0.25699746 | D60: =D58/$O$58 -> 0 | E60: =E58/$O$58 -> 0.28244275 | F60: =F58/$O$58 -> 0.21374046 | G60: =G58/$O$58 -> 0.0050890585 | H60: =H58/$O$58 -> 0 | I60: =I58/$O$58 -> 0.21374046 | J60: =J58/$O$58 -> 0.0050890585 | ... L60: =L58/$O$58 -> 0.0025445293 | N60: =N58/$O$58 -> 0

Sheet 22.08 Bukaya-Kampala
B1: Consultancy services for Preparation of Expressway Development Master Plan (EDMP) for Uganda
B2: MANUAL CLASSIFIED COUNT (MCC)
B3: ROAD NAME: | C3: ='19.08 Bukaya-Kampala'!C3:G3 -> MCC - C3 - STN92 - NALUBAALE ROAD
C5: Date | D5: ='22.08 Kampala-Bukaya'!D5 -> 22.08.19 | F5: Location | G5: ='22.08 Kampala-Bukaya'!G5:H5 -> Nyenga | J5: Surveyor | K5: ='22.08 Kampala-Bukaya'!K5:L5 -> xxx
C6: Dir. From | D6: ='19.08 Bukaya-Kampala'!D6:E6 -> Bukaya | F6: Dir. To | G6: ='19.08 Bukaya-Kampala'!G6:H6 -> Kampala | J6: Supervisor | K6: ='22.08 Kampala-Bukaya'!K6:L6 -> xxx
B8: Time / Veh Type | R8: SUMMARY TRAFFIC VOLUMES
C9: 1. Car | D9: 2. Station Wagon | E9: 3. Pickups | F9: 4. Minibus, matatu | G9: 5. Medium bus | H9: 6. Large Bus | I9: 7. Light Truck | J9: 8. Medium Truck | K9: 9. Heavy truck | L9: 10. Truck Trailer | M9: 11. Motor cycles | N9: 12. Tractors | O9: Total Excl M/Cycles | P9: Total All | R9: Time | S9: 1. Car | T9: 2. Station Wagon | U9: 3. Pickups | V9: 4. Minibus, matatu | W9: 5. Medium bus | X9: 6. Large Bus | Y9: 7. Light Truck | Z9: 8. Medium Truck | AA9: 9. Heavy truck | AB9: 10. Truck Trailer | AC9: 11. Motorcycles | AD9: 12. Tractors, Graders | AE9: Total Excl M/ Cycles | AF9: Total All
B10: 07.00 - 07.15 | C10: 2 | D10: 0 | E10: 0 | F10: 3 | G10: 0 | H10: 0 | I10: 0 | J10: 0 | K10: 0 | L10: 0 | M10: 12 | N10: 0 | O10: =SUM(C10:L10,N10) -> 5 | P10: =SUM(C10:N10) -> 17 | R10: 0700-0800 | S10: =SUM(C10:C13) -> 3 | T10: =SUM(D10:D13) -> 0 | U10: =SUM(E10:E13) -> 4 | V10: =SUM(F10:F13) -> 4 | W10: =SUM(G10:G13) -> 0 | X10: =SUM(H10:H13) -> 0 | Y10: =SUM(I10:I13) -> 2 | Z10: =SUM(J10:J13) -> 0 | ... AF10: =SUM(P10:P13) -> 67
B11: 07.15 - 07.30 | C11: 0 | D11: 0 | E11: 2 | F11: 1 | G11: 0 | H11: 0 | I11: 0 | J11: 0 | K11: 0 | L11: 0 | M11: 9 | N11: 0 | O11: =SUM(C11:L11,N11) -> 3 | P11: =SUM(C11:N11) -> 12 | R11: 0800-0900 | S11: =SUM(C14:C17) -> 3 | T11: =SUM(D14:D17) -> 0 | U11: =SUM(E14:E17) -> 7 | V11: =SUM(F14:F17) -> 4 | W11: =SUM(G14:G17) -> 1 | X11: =SUM(H14:H17) -> 0 | Y11: =SUM(I14:I17) -> 3 | Z11: =SUM(J14:J17) -> 2 | ... AF11: =SUM(P14:P17) -> 89
B12: 07.30 - 07.45 | C12: 0 | D12: 0 | E12: 1 | F12: 0 | G12: 0 | H12: 0 | I12: 0 | J12: 0 | K12: 0 | L12: 0 | M12: 21 | N12: 0 | O12: =SUM(C12:L12,N12) -> 1 | P12: =SUM(C12:N12) -> 22 | R12: 0900-1000 | S12: =SUM(C18:C21) -> 5 | T12: =SUM(D18:D21) -> 0 | U12: =SUM(E18:E21) -> 4 | V12: =SUM(F18:F21) -> 5 | W12: =SUM(G18:G21) -> 1 | X12: =SUM(H18:H21) -> 1 | Y12: =SUM(I18:I21) -> 4 | Z12: =SUM(J18:J21) -> 0 | ... AF12: =SUM(P18:P21) -> 98
B13: 07.45 - 08.00 | C13: 1 | D13: 0 | E13: 1 | F13: 0 | G13: 0 | H13: 0 | I13: 2 | J13: 0 | K13: 0 | L13: 0 | M13: 12 | N13: 0 | O13: =SUM(C13:L13,N13) -> 4 | P13: =SUM(C13:N13) -> 16 | R13: 1000-1100 | S13: =SUM(C22:C25) -> 5 | T13: =SUM(D22:D25) -> 0 | U13: =SUM(E22:E25) -> 9 | V13: =SUM(F22:F25) -> 3 | W13: =SUM(G22:G25) -> 0 | X13: =SUM(H22:H25) -> 0 | Y13: =SUM(I22:I25) -> 2 | Z13: =SUM(J22:J25) -> 0 | ... AF13: =SUM(P22:P25) -> 105
B14: 08.00 - 08.15 | C14: 0 | D14: 0 | E14: 0 | F14: 1 | G14: 0 | H14: 0 | I14: 0 | J14: 1 | K14: 0 | L14: 0 | M14: 18 | N14: 0 | O14: =SUM(C14:L14,N14) -> 2 | P14: =SUM(C14:N14) -> 20 | R14: 1100-1200 | S14: =SUM(C26:C29) -> 6 | T14: =SUM(D26:D29) -> 0 | U14: =SUM(E26:E29) -> 8 | V14: =SUM(F26:F29) -> 8 | W14: =SUM(G26:G29) -> 0 | X14: =SUM(H26:H29) -> 0 | Y14: =SUM(I26:I29) -> 8 | Z14: =SUM(J26:J29) -> 0 | ... AF14: =SUM(P26:P29) -> 120
B15: 08.15 - 08.30 | C15: 2 | D15: 0 | E15: 2 | F15: 1 | G15: 0 | H15: 0 | I15: 2 | J15: 0 | K15: 1 | L15: 0 | M15: 22 | N15: 0 | O15: =SUM(C15:L15,N15) -> 8 | P15: =SUM(C15:N15) -> 30 | R15: 1200-1300 | S15: =SUM(C30:C33) -> 5 | T15: =SUM(D30:D33) -> 0 | U15: =SUM(E30:E33) -> 14 | V15: =SUM(F30:F33) -> 5 | W15: =SUM(G30:G33) -> 0 | X15: =SUM(H30:H33) -> 0 | Y15: =SUM(I30:I33) -> 3 | Z15: =SUM(J30:J33) -> 0 | ... AF15: =SUM(P30:P33) -> 113
B16: 08.30 - 08.45 | C16: 1 | D16: 0 | E16: 1 | F16: 0 | G16: 0 | H16: 0 | I16: 0 | J16: 0 | K16: 0 | L16: 0 | M16: 16 | N16: 0 | O16: =SUM(C16:L16,N16) -> 2 | P16: =SUM(C16:N16) -> 18 | R16: 1300-1400 | S16: =SUM(C34:C37) -> 11 | T16: =SUM(D34:D37) -> 0 | U16: =SUM(E34:E37) -> 9 | V16: =SUM(F34:F37) -> 3 | W16: =SUM(G34:G37) -> 0 | X16: =SUM(H34:H37) -> 0 | Y16: =SUM(I34:I37) -> 4 | Z16: =SUM(J34:J37) -> 1 | ... AF16: =SUM(P34:P37) -> 111
B17: 08.45 - 9.00 | C17: 0 | D17: 0 | E17: 4 | F17: 2 | G17: 1 | H17: 0 | I17: 1 | J17: 1 | K17: 1 | L17: 0 | M17: 11 | N17: 0 | O17: =SUM(C17:L17,N17) -> 10 | P17: =SUM(C17:N17) -> 21 | R17: 1400-1500 | S17: =SUM(C38:C41) -> 8 | T17: =SUM(D38:D41) -> 0 | U17: =SUM(E38:E41) -> 6 | V17: =SUM(F38:F41) -> 6 | W17: =SUM(G38:G41) -> 1 | X17: =SUM(H38:H41) -> 0 | Y17: =SUM(I38:I41) -> 4 | Z17: =SUM(J38:J41) -> 0 | ... AF17: =SUM(P38:P41) -> 93
B18: 09.00 - 09.15 | C18: 0 | D18: 0 | E18: 2 | F18: 0 | G18: 0 | H18: 1 | I18: 2 | J18: 0 | K18: 0 | L18: 0 | M18: 18 | N18: 0 | O18: =SUM(C18:L18,N18) -> 5 | P18: =SUM(C18:N18) -> 23 | R18: 1500-1600 | S18: =SUM(C42:C45) -> 13 | T18: =SUM(D42:D45) -> 0 | U18: =SUM(E42:E45) -> 9 | V18: =SUM(F42:F45) -> 6 | W18: =SUM(G42:G45) -> 0 | X18: =SUM(H42:H45) -> 0 | Y18: =SUM(I42:I45) -> 12 | Z18: =SUM(J42:J45) -> 1 | ... AF18: =SUM(P42:P45) -> 121
B19: 09.15 - 09.30 | C19: 2 | D19: 0 | E19: 1 | F19: 3 | G19: 0 | H19: 0 | I19: 1 | J19: 0 | K19: 0 | L19: 0 | M19: 16 | N19: 0 | O19: =SUM(C19:L19,N19) -> 7 | P19: =SUM(C19:N19) -> 23 | R19: 1600-1700 | S19: =SUM(C46:C49) -> 11 | T19: =SUM(D46:D49) -> 0 | U19: =SUM(E46:E49) -> 18 | V19: =SUM(F46:F49) -> 7 | W19: =SUM(G46:G49) -> 0 | X19: =SUM(H46:H49) -> 0 | Y19: =SUM(I46:I49) -> 6 | Z19: =SUM(J46:J49) -> 0 | ... AF19: =SUM(P46:P49) -> 130
B20: 09.30 - 09.45 | C20: 1 | D20: 0 | E20: 0 | F20: 1 | G20: 0 | H20: 0 | I20: 1 | J20: 0 | K20: 0 | L20: 0 | M20: 15 | N20: 0 | O20: =SUM(C20:L20,N20) -> 3 | P20: =SUM(C20:N20) -> 18 | R20: 1700-1800 | S20: =SUM(C50:C53) -> 18 | T20: =SUM(D50:D53) -> 0 | U20: =SUM(E50:E53) -> 21 | V20: =SUM(F50:F53) -> 12 | W20: =SUM(G50:G53) -> 0 | X20: =SUM(H50:H53) -> 0 | Y20: =SUM(I50:I53) -> 5 | Z20: =SUM(J50:J53) -> 0 | ... AF20: =SUM(P50:P53) -> 138
B21: 09.45 - 10.00 | C21: 2 | D21: 0 | E21: 1 | F21: 1 | G21: 1 | H21: 0 | I21: 0 | J21: 0 | K21: 0 | L21: 0 | M21: 29 | N21: 0 | O21: =SUM(C21:L21,N21) -> 5 | P21: =SUM(C21:N21) -> 34 | R21: 1800-1900 | S21: =SUM(C54:C57) -> 13 | T21: =SUM(D54:D57) -> 0 | U21: =SUM(E54:E57) -> 20 | V21: =SUM(F54:F57) -> 12 | W21: =SUM(G54:G57) -> 0 | X21: =SUM(H54:H57) -> 0 | Y21: =SUM(I54:I57) -> 9 | Z21: =SUM(J54:J57) -> 0 | ... AF21: =SUM(P54:P57) -> 136
B22: 10.00 - 10.15 | C22: 1 | D22: 0 | E22: 0 | F22: 1 | G22: 0 | H22: 0 | I22: 1 | J22: 0 | K22: 0 | L22: 0 | M22: 24 | N22: 0 | O22: =SUM(C22:L22,N22) -> 3 | P22: =SUM(C22:N22) -> 27 | R22: AM Peak Hr | S22: =MAX(S10:S12) -> 5 | T22: =MAX(T10:T12) -> 0 | U22: =MAX(U10:U12) -> 7 | V22: =MAX(V10:V12) -> 5 | W22: =MAX(W10:W12) -> 1 | X22: =MAX(X10:X12) -> 1 | Y22: =MAX(Y10:Y12) -> 4 | Z22: =MAX(Z10:Z12) -> 2 | ... AF22: =MAX(AF10:AF12) -> 98
B23: 10.15 - 10.30 | C23: 2 | D23: 0 | E23: 2 | F23: 0 | G23: 0 | H23: 0 | I23: 1 | J23: 0 | K23: 0 | L23: 0 | M23: 23 | N23: 0 | O23: =SUM(C23:L23,N23) -> 5 | P23: =SUM(C23:N23) -> 28 | R23: IP Peak Hr | S23: =MAX(S13:S18) -> 13 | T23: =MAX(T13:T18) -> 0 | U23: =MAX(U13:U18) -> 14 | V23: =MAX(V13:V18) -> 8 | W23: =MAX(W13:W18) -> 1 | X23: =MAX(X13:X18) -> 0 | Y23: =MAX(Y13:Y18) -> 12 | Z23: =MAX(Z13:Z18) -> 1 | ... AF23: =MAX(AF13:AF18) -> 121
B24: 10.30 - 10.45 | C24: 2 | D24: 0 | E24: 3 | F24: 0 | G24: 0 | H24: 0 | I24: 0 | J24: 0 | K24: 0 | L24: 0 | M24: 23 | N24: 0 | O24: =SUM(C24:L24,N24) -> 5 | P24: =SUM(C24:N24) -> 28 | R24: PM Peak Hr | S24: =MAX(S19:S21) -> 18 | T24: =MAX(T19:T21) -> 0 | U24: =MAX(U19:U21) -> 21 | V24: =MAX(V19:V21) -> 12 | W24: =MAX(W19:W21) -> 0 | X24: =MAX(X19:X21) -> 0 | Y24: =MAX(Y19:Y21) -> 9 | Z24: =MAX(Z19:Z21) -> 0 | ... AF24: =MAX(AF19:AF21) -> 138
B25: 10.45 - 11.00 | C25: 0 | D25: 0 | E25: 4 | F25: 2 | G25: 0 | H25: 0 | I25: 0 | J25: 0 | K25: 0 | L25: 0 | M25: 16 | N25: 0 | O25: =SUM(C25:L25,N25) -> 6 | P25: =SUM(C25:N25) -> 22 | R25: AM Period | S25: =SUM(S10:S12) -> 11 | T25: =SUM(T10:T12) -> 0 | U25: =SUM(U10:U12) -> 15 | V25: =SUM(V10:V12) -> 13 | W25: =SUM(W10:W12) -> 2 | X25: =SUM(X10:X12) -> 1 | Y25: =SUM(Y10:Y12) -> 9 | Z25: =SUM(Z10:Z12) -> 2 | ... AF25: =SUM(AF10:AF12) -> 254
B26: 11.00 - 11.15 | C26: 0 | D26: 0 | E26: 0 | F26: 1 | G26: 0 | H26: 0 | I26: 1 | J26: 0 | K26: 0 | L26: 0 | M26: 21 | N26: 0 | O26: =SUM(C26:L26,N26) -> 2 | P26: =SUM(C26:N26) -> 23 | R26: IP Period | S26: =SUM(S13:S18) -> 48 | T26: =SUM(T13:T18) -> 0 | U26: =SUM(U13:U18) -> 55 | V26: =SUM(V13:V18) -> 31 | W26: =SUM(W13:W18) -> 1 | X26: =SUM(X13:X18) -> 0 | Y26: =SUM(Y13:Y18) -> 33 | Z26: =SUM(Z13:Z18) -> 2 | ... AF26: =SUM(AF13:AF18) -> 663
B27: 11.15 - 11.30 | C27: 3 | D27: 0 | E27: 2 | F27: 1 | G27: 0 | H27: 0 | I27: 2 | J27: 0 | K27: 0 | L27: 0 | M27: 22 | N27: 0 | O27: =SUM(C27:L27,N27) -> 8 | P27: =SUM(C27:N27) -> 30 | R27: PM Period | S27: =SUM(S19:S21) -> 42 | T27: =SUM(T19:T21) -> 0 | U27: =SUM(U19:U21) -> 59 | V27: =SUM(V19:V21) -> 31 | W27: =SUM(W19:W21) -> 0 | X27: =SUM(X19:X21) -> 0 | Y27: =SUM(Y19:Y21) -> 20 | Z27: =SUM(Z19:Z21) -> 0 | ... AF27: =SUM(AF19:AF21) -> 404
B28: 11.30 - 11.45 | C28: 2 | D28: 0 | E28: 4 | F28: 3 | G28: 0 | H28: 0 | I28: 4 | J28: 0 | K28: 0 | L28: 0 | M28: 25 | N28: 0 | O28: =SUM(C28:L28,N28) -> 13 | P28: =SUM(C28:N28) -> 38 | R28: 12 Hours | S28: =SUM(S10:S21) -> 101 | T28: =SUM(T10:T21) -> 0 | U28: =SUM(U10:U21) -> 129 | V28: =SUM(V10:V21) -> 75 | W28: =SUM(W10:W21) -> 3 | X28: =SUM(X10:X21) -> 1 | Y28: =SUM(Y10:Y21) -> 62 | Z28: =SUM(Z10:Z21) -> 4 | ... AF28: =SUM(AF10:AF21) -> 1321
B29: 11.45 - 12.00 | C29: 1 | D29: 0 | E29: 2 | F29: 3 | G29: 0 | H29: 0 | I29: 1 | J29: 0 | K29: 0 | L29: 0 | M29: 22 | N29: 0 | O29: =SUM(C29:L29,N29) -> 7 | P29: =SUM(C29:N29) -> 29
B30: 12.00 - 12.15 | C30: 1 | D30: 0 | E30: 2 | F30: 1 | G30: 0 | H30: 0 | I30: 1 | J30: 0 | K30: 1 | L30: 0 | M30: 23 | N30: 0 | O30: =SUM(C30:L30,N30) -> 6 | P30: =SUM(C30:N30) -> 29
B31: 12.15 - 12.30 | C31: 2 | D31: 0 | E31: 5 | F31: 0 | G31: 0 | H31: 0 | I31: 0 | J31: 0 | K31: 0 | L31: 0 | M31: 23 | N31: 0 | O31: =SUM(C31:L31,N31) -> 7 | P31: =SUM(C31:N31) -> 30
B32: 12.30 - 12.45 | C32: 1 | D32: 0 | E32: 4 | F32: 3 | G32: 0 | H32: 0 | I32: 1 | J32: 0 | K32: 0 | L32: 0 | M32: 23 | N32: 0 | O32: =SUM(C32:L32,N32) -> 9 | P32: =SUM(C32:N32) -> 32
B33: 12.45 - 13.00 | C33: 1 | D33: 0 | E33: 3 | F33: 1 | G33: 0 | H33: 0 | I33: 1 | J33: 0 | K33: 0 | L33: 0 | M33: 16 | N33: 0 | O33: =SUM(C33:L33,N33) -> 6 | P33: =SUM(C33:N33) -> 22
B34: 13.00 - 13.15 | C34: 3 | D34: 0 | E34: 4 | F34: 1 | G34: 0 | H34: 0 | I34: 2 | J34: 0 | K34: 0 | L34: 0 | M34: 22 | N34: 0 | O34: =SUM(C34:L34,N34) -> 10 | P34: =SUM(C34:N34) -> 32
B35: 13.15 - 13.30 | C35: 1 | D35: 0 | E35: 2 | F35: 1 | G35: 0 | H35: 0 | I35: 1 | J35: 0 | K35: 0 | L35: 0 | M35: 18 | N35: 0 | O35: =SUM(C35:L35,N35) -> 5 | P35: =SUM(C35:N35) -> 23
B36: 13.30 - 13.45 | C36: 3 | D36: 0 | E36: 1 | F36: 1 | G36: 0 | H36: 0 | I36: 0 | J36: 1 | K36: 1 | L36: 0 | M36: 28 | N36: 0 | O36: =SUM(C36:L36,N36) -> 7 | P36: =SUM(C36:N36) -> 35
B37: 13.45 - 14.00 | C37: 4 | D37: 0 | E37: 2 | F37: 0 | G37: 0 | H37: 0 | I37: 1 | J37: 0 | K37: 0 | L37: 0 | M37: 14 | N37: 0 | O37: =SUM(C37:L37,N37) -> 7 | P37: =SUM(C37:N37) -> 21
B38: 14.00 - 14.15 | C38: 5 | D38: 0 | E38: 0 | F38: 0 | G38: 0 | H38: 0 | I38: 1 | J38: 0 | K38: 0 | L38: 0 | M38: 14 | N38: 0 | O38: =SUM(C38:L38,N38) -> 6 | P38: =SUM(C38:N38) -> 20
B39: 14.15 - 14.30 | C39: 1 | D39: 0 | E39: 3 | F39: 2 | G39: 0 | H39: 0 | I39: 1 | J39: 0 | K39: 0 | L39: 0 | M39: 20 | N39: 0 | O39: =SUM(C39:L39,N39) -> 7 | P39: =SUM(C39:N39) -> 27
B40: 14.30 - 14.45 | C40: 1 | D40: 0 | E40: 3 | F40: 3 | G40: 1 | H40: 0 | I40: 1 | J40: 0 | K40: 0 | L40: 0 | M40: 19 | N40: 0 | O40: =SUM(C40:L40,N40) -> 9 | P40: =SUM(C40:N40) -> 28
... B57: 18.45 - 19.00 | C57: 4 | D57: 0 | E57: 2 | F57: 2 | G57: 0 | H57: 0 | I57: 3 | J57: 0 | K57: 0 | L57: 0 | M57: 22 | N57: 0 | O57: =SUM(C57:L57,N57) -> 11 | P57: =SUM(C57:N57) -> 33
B58: Totals | C58: =SUM(C10:C57) -> 101 | D58: =SUM(D10:D57) -> 0 | E58: =SUM(E10:E57) -> 129 | F58: =SUM(F10:F57) -> 75 | G58: =SUM(G10:G57) -> 3 | H58: =SUM(H10:H57) -> 1 | I58: =SUM(I10:I57) -> 62 | J58: =SUM(J10:J57) -> 4 | ... P58: =SUM(P10:P57) -> 1321
B59: %ges + MCs | C59: =C58/$P$58 -> 0.076457229 | D59: =D58/$P$58 -> 0 | E59: =E58/$P$58 -> 0.097653293 | F59: =F58/$P$58 -> 0.05677517 | G59: =G58/$P$58 -> 0.0022710068 | H59: =H58/$P$58 -> 0.00075700227 | I59: =I58/$P$58 -> 0.046934141 | J59: =J58/$P$58 -> 0.0030280091 | ... N59: =N58/$P$58 -> 0
B60: %ges w/o MCs | C60: =C58/$O$58 -> 0.26370757 | D60: =D58/$O$58 -> 0 | E60: =E58/$O$58 -> 0.33681462 | F60: =F58/$O$58 -> 0.19582245 | G60: =G58/$O$58 -> 0.0078328982 | H60: =H58/$O$58 -> 0.0026109661 | I60: =I58/$O$58 -> 0.1618799 | J60: =J58/$O$58 -> 0.010443864 | ... L60: =L58/$O$58 -> 0 | N60: =N58/$O$58 -> 0

Sheet 23.08 Kampala-Bukaya-24h
B1: Consultancy services for Preparation of Expressway Development Master Plan (EDMP) for Uganda
B2: MANUAL CLASSIFIED COUNT (MCC)
B3: ROAD NAME: | C3: ='19.08 Kampala-Bukaya'!C3:G3 -> MCC - C3 - STN92 - NALUBAALE ROAD
C5: Date | D5: 23.08.19 | F5: Location | G5: ='22.08 Bukaya-Kampala'!G5:H5 -> Nyenga | J5: Surveyor | K5: ='22.08 Bukaya-Kampala'!K5:L5 -> xxx
C6: Dir. From | D6: ='19.08 Kampala-Bukaya'!D6:E6 -> Kampala | F6: Dir. To | G6: ='19.08 Kampala-Bukaya'!G6:H6 -> Bukaya | J6: Supervisor | K6: ='22.08 Bukaya-Kampala'!K6:L6 -> xxx
B8: Time / Veh Type | R8: SUMMARY TRAFFIC VOLUMES
C9: 1. Car | D9: 2. Station Wagon | E9: 3. Pickups | F9: 4. Minibus, matatu | G9: 5. Medium bus | H9: 6. Large Bus | I9: 7. Light Truck | J9: 8. Medium Truck | K9: 9. Heavy truck | L9: 10. Truck Trailer | M9: 11. Motor cycles | N9: 12. Tractors | O9: Total Excl M/Cycles | P9: Total All | R9: Time | S9: 1. Car | T9: 2. Station Wagon | U9: 3. Pickups | V9: 4. Minibus, matatu | W9: 5. Medium bus | X9: 6. Large Bus | Y9: 7. Light Truck | Z9: 8. Medium Truck | AA9: 9. Heavy truck | AB9: 10. Truck Trailer | AC9: 11. Motorcycles | AD9: 12. Tractors, Graders | AE9: Total Excl M/ Cycles | AF9: Total All
B10: 07.00 - 07.15 | C10: 1 | D10: 0 | E10: 2 | F10: 0 | G10: 0 | H10: 0 | I10: 0 | J10: 0 | K10: 0 | L10: 0 | M10: 12 | N10: 0 | O10: =SUM(C10:L10,N10) -> 3 | P10: =SUM(C10:N10) -> 15 | R10: 0700-0800 | S10: =SUM(C10:C13) -> 4 | T10: =SUM(D10:D13) -> 0 | U10: =SUM(E10:E13) -> 5 | V10: =SUM(F10:F13) -> 2 | W10: =SUM(G10:G13) -> 1 | X10: =SUM(H10:H13) -> 0 | Y10: =SUM(I10:I13) -> 4 | Z10: =SUM(J10:J13) -> 0 | ... AF10: =SUM(P10:P13) -> 73
B11: 07.15 - 07.30 | C11: 0 | D11: 0 | E11: 0 | F11: 1 | G11: 0 | H11: 0 | I11: 4 | J11: 0 | K11: 0 | L11: 0 | M11: 11 | N11: 0 | O11: =SUM(C11:L11,N11) -> 5 | P11: =SUM(C11:N11) -> 16 | R11: 0800-0900 | S11: =SUM(C14:C17) -> 5 | T11: =SUM(D14:D17) -> 0 | U11: =SUM(E14:E17) -> 9 | V11: =SUM(F14:F17) -> 6 | W11: =SUM(G14:G17) -> 1 | X11: =SUM(H14:H17) -> 0 | Y11: =SUM(I14:I17) -> 11 | Z11: =SUM(J14:J17) -> 0 | ... AF11: =SUM(P14:P17) -> 87
B12: 07.30 - 07.45 | C12: 1 | D12: 0 | E12: 0 | F12: 1 | G12: 0 | H12: 0 | I12: 0 | J12: 0 | K12: 0 | L12: 0 | M12: 19 | N12: 0 | O12: =SUM(C12:L12,N12) -> 2 | P12: =SUM(C12:N12) -> 21 | R12: 0900-1000 | S12: =SUM(C18:C21) -> 9 | T12: =SUM(D18:D21) -> 0 | U12: =SUM(E18:E21) -> 8 | V12: =SUM(F18:F21) -> 6 | W12: =SUM(G18:G21) -> 0 | X12: =SUM(H18:H21) -> 0 | Y12: =SUM(I18:I21) -> 6 | Z12: =SUM(J18:J21) -> 0 | ... AF12: =SUM(P18:P21) -> 82
B13: 07.45 - 08.00 | C13: 2 | D13: 0 | E13: 3 | F13: 0 | G13: 1 | H13: 0 | I13: 0 | J13: 0 | K13: 0 | L13: 0 | M13: 15 | N13: 0 | O13: =SUM(C13:L13,N13) -> 6 | P13: =SUM(C13:N13) -> 21 | R13: 1000-1100 | S13: =SUM(C22:C25) -> 10 | T13: =SUM(D22:D25) -> 0 | U13: =SUM(E22:E25) -> 6 | V13: =SUM(F22:F25) -> 4 | W13: =SUM(G22:G25) -> 1 | X13: =SUM(H22:H25) -> 0 | Y13: =SUM(I22:I25) -> 5 | Z13: =SUM(J22:J25) -> 0 | ... AF13: =SUM(P22:P25) -> 103
B14: 08.00 - 08.15 | C14: 2 | D14: 0 | E14: 2 | F14: 0 | G14: 1 | H14: 0 | I14: 0 | J14: 0 | K14: 0 | L14: 0 | M14: 11 | N14: 0 | O14: =SUM(C14:L14,N14) -> 5 | P14: =SUM(C14:N14) -> 16 | R14: 1100-1200 | S14: =SUM(C26:C29) -> 7 | T14: =SUM(D26:D29) -> 0 | U14: =SUM(E26:E29) -> 6 | V14: =SUM(F26:F29) -> 10 | W14: =SUM(G26:G29) -> 0 | X14: =SUM(H26:H29) -> 0 | Y14: =SUM(I26:I29) -> 3 | Z14: =SUM(J26:J29) -> 0 | ... AF14: =SUM(P26:P29) -> 95
B15: 08.15 - 08.30 | C15: 0 | D15: 0 | E15: 0 | F15: 3 | G15: 0 | H15: 0 | I15: 4 | J15: 0 | K15: 0 | L15: 0 | M15: 14 | N15: 0 | O15: =SUM(C15:L15,N15) -> 7 | P15: =SUM(C15:N15) -> 21 | R15: 1200-1300 | S15: =SUM(C30:C33) -> 14 | T15: =SUM(D30:D33) -> 0 | U15: =SUM(E30:E33) -> 11 | V15: =SUM(F30:F33) -> 6 | W15: =SUM(G30:G33) -> 0 | X15: =SUM(H30:H33) -> 0 | Y15: =SUM(I30:I33) -> 11 | Z15: =SUM(J30:J33) -> 0 | ... AF15: =SUM(P30:P33) -> 138
B16: 08.30 - 08.45 | C16: 2 | D16: 0 | E16: 3 | F16: 1 | G16: 0 | H16: 0 | I16: 3 | J16: 0 | K16: 0 | L16: 0 | M16: 10 | N16: 0 | O16: =SUM(C16:L16,N16) -> 9 | P16: =SUM(C16:N16) -> 19 | R16: 1300-1400 | S16: =SUM(C34:C37) -> 8 | T16: =SUM(D34:D37) -> 0 | U16: =SUM(E34:E37) -> 12 | V16: =SUM(F34:F37) -> 15 | W16: =SUM(G34:G37) -> 0 | X16: =SUM(H34:H37) -> 0 | Y16: =SUM(I34:I37) -> 12 | Z16: =SUM(J34:J37) -> 1 | ... AF16: =SUM(P34:P37) -> 101
B17: 08.45 - 9.00 | C17: 1 | D17: 0 | E17: 4 | F17: 2 | G17: 0 | H17: 0 | I17: 4 | J17: 0 | K17: 0 | L17: 0 | M17: 20 | N17: 0 | O17: =SUM(C17:L17,N17) -> 11 | P17: =SUM(C17:N17) -> 31 | R17: 1400-1500 | S17: =SUM(C38:C41) -> 7 | T17: =SUM(D38:D41) -> 0 | U17: =SUM(E38:E41) -> 17 | V17: =SUM(F38:F41) -> 10 | W17: =SUM(G38:G41) -> 0 | X17: =SUM(H38:H41) -> 0 | Y17: =SUM(I38:I41) -> 11 | Z17: =SUM(J38:J41) -> 0 | ... AF17: =SUM(P38:P41) -> 106
B18: 09.00 - 09.15 | C18: 1 | D18: 0 | E18: 2 | F18: 2 | G18: 0 | H18: 0 | I18: 1 | J18: 0 | K18: 0 | L18: 0 | M18: 14 | N18: 0 | O18: =SUM(C18:L18,N18) -> 6 | P18: =SUM(C18:N18) -> 20 | R18: 1500-1600 | S18: =SUM(C42:C45) -> 8 | T18: =SUM(D42:D45) -> 0 | U18: =SUM(E42:E45) -> 7 | V18: =SUM(F42:F45) -> 9 | W18: =SUM(G42:G45) -> 0 | X18: =SUM(H42:H45) -> 0 | Y18: =SUM(I42:I45) -> 9 | Z18: =SUM(J42:J45) -> 0 | ... AF18: =SUM(P42:P45) -> 108
B19: 09.15 - 09.30 | C19: 3 | D19: 0 | E19: 2 | F19: 0 | G19: 0 | H19: 0 | I19: 2 | J19: 0 | K19: 0 | L19: 0 | M19: 15 | N19: 0 | O19: =SUM(C19:L19,N19) -> 7 | P19: =SUM(C19:N19) -> 22 | R19: 1600-1700 | S19: =SUM(C46:C49) -> 9 | T19: =SUM(D46:D49) -> 0 | U19: =SUM(E46:E49) -> 5 | V19: =SUM(F46:F49) -> 8 | W19: =SUM(G46:G49) -> 0 | X19: =SUM(H46:H49) -> 0 | Y19: =SUM(I46:I49) -> 10 | Z19: =SUM(J46:J49) -> 0 | ... AF19: =SUM(P46:P49) -> 121
B20: 09.30 - 09.45 | C20: 1 | D20: 0 | E20: 4 | F20: 1 | G20: 0 | H20: 0 | I20: 1 | J20: 0 | K20: 0 | L20: 0 | M20: 17 | N20: 0 | O20: =SUM(C20:L20,N20) -> 7 | P20: =SUM(C20:N20) -> 24 | R20: 1700-1800 | S20: =SUM(C50:C53) -> 13 | T20: =SUM(D50:D53) -> 0 | U20: =SUM(E50:E53) -> 12 | V20: =SUM(F50:F53) -> 10 | W20: =SUM(G50:G53) -> 0 | X20: =SUM(H50:H53) -> 0 | Y20: =SUM(I50:I53) -> 8 | Z20: =SUM(J50:J53) -> 0 | ... AF20: =SUM(P50:P53) -> 115
B21: 09.45 - 10.00 | C21: 4 | D21: 0 | E21: 0 | F21: 3 | G21: 0 | H21: 0 | I21: 2 | J21: 0 | K21: 0 | L21: 0 | M21: 7 | N21: 0 | O21: =SUM(C21:L21,N21) -> 9 | P21: =SUM(C21:N21) -> 16 | R21: 1800-1900 | S21: =SUM(C54:C57) -> 10 | T21: =SUM(D54:D57) -> 0 | U21: =SUM(E54:E57) -> 11 | V21: =SUM(F54:F57) -> 9 | W21: =SUM(G54:G57) -> 0 | X21: =SUM(H54:H57) -> 0 | Y21: =SUM(I54:I57) -> 7 | Z21: =SUM(J54:J57) -> 0 | ... AF21: =SUM(P54:P57) -> 116
B22: 10.00 - 10.15 | C22: 2 | D22: 0 | E22: 1 | F22: 1 | G22: 0 | H22: 0 | I22: 1 | J22: 0 | K22: 0 | L22: 0 | M22: 24 | N22: 0 | O22: =SUM(C22:L22,N22) -> 5 | P22: =SUM(C22:N22) -> 29 | R22: 1900-2000 | S22: =SUM(C58:C61) -> 13 | T22: =SUM(D58:D61) -> 0 | U22: =SUM(E58:E61) -> 8 | V22: =SUM(F58:F61) -> 4 | W22: =SUM(G58:G61) -> 1 | X22: =SUM(H58:H61) -> 0 | Y22: =SUM(I58:I61) -> 4 | Z22: =SUM(J58:J61) -> 0 | ... AF22: =SUM(P58:P61) -> 89
B23: 10.15 - 10.30 | C23: 1 | D23: 0 | E23: 3 | F23: 3 | G23: 0 | H23: 0 | I23: 1 | J23: 0 | K23: 0 | L23: 0 | M23: 15 | N23: 0 | O23: =SUM(C23:L23,N23) -> 8 | P23: =SUM(C23:N23) -> 23 | R23: 2000-2100 | S23: =SUM(C62:C65) -> 4 | T23: =SUM(D62:D65) -> 0 | U23: =SUM(E62:E65) -> 15 | V23: =SUM(F62:F65) -> 13 | W23: =SUM(G62:G65) -> 0 | X23: =SUM(H62:H65) -> 0 | Y23: =SUM(I62:I65) -> 14 | Z23: =SUM(J62:J65) -> 1 | ... AF23: =SUM(P62:P65) -> 100
B24: 10.30 - 10.45 | C24: 6 | D24: 0 | E24: 2 | F24: 0 | G24: 1 | H24: 0 | I24: 2 | J24: 0 | K24: 1 | L24: 0 | M24: 16 | N24: 0 | O24: =SUM(C24:L24,N24) -> 12 | P24: =SUM(C24:N24) -> 28 | R24: 2100-2200 | S24: =SUM(C66:C69) -> 8 | T24: =SUM(D66:D69) -> 0 | U24: =SUM(E66:E69) -> 10 | V24: =SUM(F66:F69) -> 7 | W24: =SUM(G66:G69) -> 0 | X24: =SUM(H66:H69) -> 0 | Y24: =SUM(I66:I69) -> 6 | Z24: =SUM(J66:J69) -> 0 | ... AF24: =SUM(P66:P69) -> 70
B25: 10.45 - 11.00 | C25: 1 | D25: 0 | E25: 0 | F25: 0 | G25: 0 | H25: 0 | I25: 1 | J25: 0 | K25: 0 | L25: 0 | M25: 21 | N25: 0 | O25: =SUM(C25:L25,N25) -> 2 | P25: =SUM(C25:N25) -> 23 | R25: 2200-2300 | S25: =SUM(C70:C73) -> 10 | T25: =SUM(D70:D73) -> 0 | U25: =SUM(E70:E73) -> 5 | V25: =SUM(F70:F73) -> 5 | W25: =SUM(G70:G73) -> 1 | X25: =SUM(H70:H73) -> 0 | Y25: =SUM(I70:I73) -> 6 | Z25: =SUM(J70:J73) -> 0 | ... AF25: =SUM(P70:P73) -> 45
B26: 11.00 - 11.15 | C26: 2 | D26: 0 | E26: 2 | F26: 4 | G26: 0 | H26: 0 | I26: 1 | J26: 0 | K26: 0 | L26: 0 | M26: 19 | N26: 0 | O26: =SUM(C26:L26,N26) -> 9 | P26: =SUM(C26:N26) -> 28 | R26: 2300-0000 | S26: =SUM(C74:C77) -> 6 | T26: =SUM(D74:D77) -> 0 | U26: =SUM(E74:E77) -> 11 | V26: =SUM(F74:F77) -> 5 | W26: =SUM(G74:G77) -> 0 | X26: =SUM(H74:H77) -> 0 | Y26: =SUM(I74:I77) -> 14 | Z26: =SUM(J74:J77) -> 1 | ... AF26: =SUM(P74:P77) -> 37
B27: 11.15 - 11.30 | C27: 2 | D27: 0 | E27: 1 | F27: 1 | G27: 0 | H27: 0 | I27: 1 | J27: 0 | K27: 0 | L27: 0 | M27: 19 | N27: 0 | O27: =SUM(C27:L27,N27) -> 5 | P27: =SUM(C27:N27) -> 24 | R27: 0000-0100 | S27: =SUM(C78:C81) -> 7 | T27: =SUM(D78:D81) -> 0 | U27: =SUM(E78:E81) -> 4 | V27: =SUM(F78:F81) -> 6 | W27: =SUM(G78:G81) -> 0 | X27: =SUM(H78:H81) -> 0 | Y27: =SUM(I78:I81) -> 10 | Z27: =SUM(J78:J81) -> 0 | ... AF27: =SUM(P78:P81) -> 28
B28: 11.30 - 11.45 | C28: 2 | D28: 0 | E28: 1 | F28: 1 | G28: 0 | H28: 0 | I28: 1 | J28: 0 | K28: 0 | L28: 0 | M28: 17 | N28: 0 | O28: =SUM(C28:L28,N28) -> 5 | P28: =SUM(C28:N28) -> 22 | R28: 0100-0200 | S28: =SUM(C82:C85) -> 5 | T28: =SUM(D82:D85) -> 0 | U28: =SUM(E82:E85) -> 3 | V28: =SUM(F82:F85) -> 1 | W28: =SUM(G82:G85) -> 0 | X28: =SUM(H82:H85) -> 0 | Y28: =SUM(I82:I85) -> 1 | Z28: =SUM(J82:J85) -> 0 | ... AF28: =SUM(P82:P85) -> 10
B29: 11.45 - 12.00 | C29: 1 | D29: 0 | E29: 2 | F29: 4 | G29: 0 | H29: 0 | I29: 0 | J29: 0 | K29: 1 | L29: 0 | M29: 13 | N29: 0 | O29: =SUM(C29:L29,N29) -> 8 | P29: =SUM(C29:N29) -> 21 | R29: 0200-0300 | S29: =SUM(C86:C89) -> 2 | T29: =SUM(D86:D89) -> 0 | U29: =SUM(E86:E89) -> 2 | V29: =SUM(F86:F89) -> 2 | W29: =SUM(G86:G89) -> 0 | X29: =SUM(H86:H89) -> 0 | Y29: =SUM(I86:I89) -> 1 | Z29: =SUM(J86:J89) -> 0 | ... AF29: =SUM(P86:P89) -> 7
B30: 12.00 - 12.15 | C30: 3 | D30: 0 | E30: 6 | F30: 2 | G30: 0 | H30: 0 | I30: 3 | J30: 0 | K30: 0 | L30: 0 | M30: 21 | N30: 0 | O30: =SUM(C30:L30,N30) -> 14 | P30: =SUM(C30:N30) -> 35 | R30: 0300-0400 | S30: =SUM(C90:C93) -> 0 | T30: =SUM(D90:D93) -> 0 | U30: =SUM(E90:E93) -> 0 | V30: =SUM(F90:F93) -> 0 | W30: =SUM(G90:G93) -> 0 | X30: =SUM(H90:H93) -> 0 | Y30: =SUM(I90:I93) -> 0 | Z30: =SUM(J90:J93) -> 0 | ... AF30: =SUM(P90:P93) -> 0
B31: 12.15 - 12.30 | C31: 4 | D31: 0 | E31: 1 | F31: 2 | G31: 0 | H31: 0 | I31: 0 | J31: 0 | K31: 0 | L31: 0 | M31: 27 | N31: 0 | O31: =SUM(C31:L31,N31) -> 7 | P31: =SUM(C31:N31) -> 34 | R31: 0400-0500 | S31: =SUM(C94:C97) -> 3 | T31: =SUM(D94:D97) -> 0 | U31: =SUM(E94:E97) -> 3 | V31: =SUM(F94:F97) -> 1 | W31: =SUM(G94:G97) -> 0 | X31: =SUM(H94:H97) -> 1 | Y31: =SUM(I94:I97) -> 0 | Z31: =SUM(J94:J97) -> 0 | ... AF31: =SUM(P94:P97) -> 8
B32: 12.30 - 12.45 | C32: 5 | D32: 0 | E32: 2 | F32: 1 | G32: 0 | H32: 0 | I32: 6 | J32: 0 | K32: 0 | L32: 0 | M32: 27 | N32: 0 | O32: =SUM(C32:L32,N32) -> 14 | P32: =SUM(C32:N32) -> 41 | R32: 0500-0600 | S32: =SUM(C98:C101) -> 2 | T32: =SUM(D98:D101) -> 2 | U32: =SUM(E98:E101) -> 1 | V32: =SUM(F98:F101) -> 0 | W32: =SUM(G98:G101) -> 0 | X32: =SUM(H98:H101) -> 0 | Y32: =SUM(I98:I101) -> 1 | Z32: =SUM(J98:J101) -> 0 | ... AF32: =SUM(P98:P101) -> 7
B33: 12.45 - 13.00 | C33: 2 | D33: 0 | E33: 2 | F33: 1 | G33: 0 | H33: 0 | I33: 2 | J33: 0 | K33: 0 | L33: 0 | M33: 21 | N33: 0 | O33: =SUM(C33:L33,N33) -> 7 | P33: =SUM(C33:N33) -> 28 | R33: 0600-0700 | S33: =SUM(C102:C105) -> 5 | T33: =SUM(D102:D105) -> 2 | U33: =SUM(E102:E105) -> 1 | V33: =SUM(F102:F105) -> 1 | W33: =SUM(G102:G105) -> 1 | X33: =SUM(H102:H105) -> 0 | Y33: =SUM(I102:I105) -> 1 | Z33: =SUM(J102:J105) -> 0 | ... AF33: =SUM(P102:P105) -> 25
B34: 13.00 - 13.15 | C34: 2 | D34: 0 | E34: 4 | F34: 4 | G34: 0 | H34: 0 | I34: 3 | J34: 0 | K34: 0 | L34: 0 | M34: 11 | N34: 0 | O34: =SUM(C34:L34,N34) -> 13 | P34: =SUM(C34:N34) -> 24 | R34: AM Peak Hr | S34: =MAX(S10:S12) -> 9 | T34: =MAX(T10:T12) -> 0 | U34: =MAX(U10:U12) -> 9 | V34: =MAX(V10:V12) -> 6 | W34: =MAX(W10:W12) -> 1 | X34: =MAX(X10:X12) -> 0 | Y34: =MAX(Y10:Y12) -> 11 | Z34: =MAX(Z10:Z12) -> 0 | ... AF34: =MAX(AF10:AF12) -> 87
B35: 13.15 - 13.30 | C35: 3 | D35: 0 | E35: 3 | F35: 5 | G35: 0 | H35: 0 | I35: 3 | J35: 0 | K35: 0 | L35: 0 | M35: 11 | N35: 0 | O35: =SUM(C35:L35,N35) -> 14 | P35: =SUM(C35:N35) -> 25 | R35: IP Peak Hr | S35: =MAX(S13:S18) -> 14 | T35: =MAX(T13:T18) -> 0 | U35: =MAX(U13:U18) -> 17 | V35: =MAX(V13:V18) -> 15 | W35: =MAX(W13:W18) -> 1 | X35: =MAX(X13:X18) -> 0 | Y35: =MAX(Y13:Y18) -> 12 | Z35: =MAX(Z13:Z18) -> 1 | ... AF35: =MAX(AF13:AF18) -> 138
B36: 13.30 - 13.45 | C36: 2 | D36: 0 | E36: 2 | F36: 5 | G36: 0 | H36: 0 | I36: 3 | J36: 0 | K36: 0 | L36: 0 | M36: 14 | N36: 0 | O36: =SUM(C36:L36,N36) -> 12 | P36: =SUM(C36:N36) -> 26 | R36: PM Peak Hr | S36: =MAX(S19:S21) -> 13 | T36: =MAX(T19:T21) -> 0 | U36: =MAX(U19:U21) -> 12 | V36: =MAX(V19:V21) -> 10 | W36: =MAX(W19:W21) -> 0 | X36: =MAX(X19:X21) -> 0 | Y36: =MAX(Y19:Y21) -> 10 | Z36: =MAX(Z19:Z21) -> 0 | ... AF36: =MAX(AF19:AF21) -> 121
B37: 13.45 - 14.00 | C37: 1 | D37: 0 | E37: 3 | F37: 1 | G37: 0 | H37: 0 | I37: 3 | J37: 1 | K37: 0 | L37: 0 | M37: 17 | N37: 0 | O37: =SUM(C37:L37,N37) -> 9 | P37: =SUM(C37:N37) -> 26 | R37: AM Period | S37: =SUM(S10:S12) -> 18 | T37: =SUM(T10:T12) -> 0 | U37: =SUM(U10:U12) -> 22 | V37: =SUM(V10:V12) -> 14 | W37: =SUM(W10:W12) -> 2 | X37: =SUM(X10:X12) -> 0 | Y37: =SUM(Y10:Y12) -> 21 | Z37: =SUM(Z10:Z12) -> 0 | ... AF37: =SUM(AF10:AF12) -> 242
B38: 14.00 - 14.15 | C38: 0 | D38: 0 | E38: 4 | F38: 3 | G38: 0 | H38: 0 | I38: 2 | J38: 0 | K38: 0 | L38: 0 | M38: 14 | N38: 0 | O38: =SUM(C38:L38,N38) -> 9 | P38: =SUM(C38:N38) -> 23 | R38: IP Period | S38: =SUM(S13:S18) -> 54 | T38: =SUM(T13:T18) -> 0 | U38: =SUM(U13:U18) -> 59 | V38: =SUM(V13:V18) -> 54 | W38: =SUM(W13:W18) -> 1 | X38: =SUM(X13:X18) -> 0 | Y38: =SUM(Y13:Y18) -> 51 | Z38: =SUM(Z13:Z18) -> 1 | ... AF38: =SUM(AF13:AF18) -> 651
B39: 14.15 - 14.30 | C39: 3 | D39: 0 | E39: 3 | F39: 1 | G39: 0 | H39: 0 | I39: 3 | J39: 0 | K39: 1 | L39: 0 | M39: 15 | N39: 0 | O39: =SUM(C39:L39,N39) -> 11 | P39: =SUM(C39:N39) -> 26 | R39: PM Period | S39: =SUM(S19:S21) -> 32 | T39: =SUM(T19:T21) -> 0 | U39: =SUM(U19:U21) -> 28 | V39: =SUM(V19:V21) -> 27 | W39: =SUM(W19:W21) -> 0 | X39: =SUM(X19:X21) -> 0 | Y39: =SUM(Y19:Y21) -> 25 | Z39: =SUM(Z19:Z21) -> 0 | ... AF39: =SUM(AF19:AF21) -> 352
B40: 14.30 - 14.45 | C40: 0 | D40: 0 | E40: 6 | F40: 4 | G40: 0 | H40: 0 | I40: 3 | J40: 0 | K40: 0 | L40: 0 | M40: 16 | N40: 0 | O40: =SUM(C40:L40,N40) -> 13 | P40: =SUM(C40:N40) -> 29 | R40: 12 Hours | S40: =SUM(S10:S21) -> 104 | T40: =SUM(T10:T21) -> 0 | U40: =SUM(U10:U21) -> 109 | V40: =SUM(V10:V21) -> 95 | W40: =SUM(W10:W21) -> 3 | X40: =SUM(X10:X21) -> 0 | Y40: =SUM(Y10:Y21) -> 97 | Z40: =SUM(Z10:Z21) -> 1 | ... AF40: =SUM(AF10:AF21) -> 1245
B41: 14.45 - 15.00 | C41: 4 | D41: 0 | E41: 4 | F41: 2 | G41: 0 | H41: 0 | I41: 3 | J41: 0 | K41: 0 | L41: 0 | M41: 15 | N41: 0 | O41: =SUM(C41:L41,N41) -> 13 | P41: =SUM(C41:N41) -> 28 | R41: 24 Hrs/ADT | S41: =SUM(S10:S33) -> 169 | T41: =SUM(T10:T33) -> 4 | U41: =SUM(U10:U33) -> 172 | V41: =SUM(V10:V33) -> 140 | W41: =SUM(W10:W33) -> 6 | X41: =SUM(X10:X33) -> 1 | Y41: =SUM(Y10:Y33) -> 155 | Z41: =SUM(Z10:Z33) -> 3 | ... AF41: =SUM(AF10:AF33) -> 1671
B42: 15.00 - 15.15 | C42: 0 | D42: 0 | E42: 2 | F42: 2 | G42: 0 | H42: 0 | I42: 2 | J42: 0 | K42: 0 | L42: 0 | M42: 19 | N42: 0 | O42: =SUM(C42:L42,N42) -> 6 | P42: =SUM(C42:N42) -> 25 | R42: NEF | S42: =S41/S40 -> 1.625 | T42: =T41/T40 -> #DIV/0! | U42: =U41/U40 -> 1.5779817 | V42: =V41/V40 -> 1.4736842 | W42: =W41/W40 -> 2 | X42: =X41/X40 -> #DIV/0! | Y42: =Y41/Y40 -> 1.5979381 | Z42: =Z41/Z40 -> 3 | ... AF42: =AF41/AF40 -> 1.3421687
B43: 15.15 - 15.30 | C43: 4 | D43: 0 | E43: 2 | F43: 1 | G43: 0 | H43: 0 | I43: 2 | J43: 0 | K43: 0 | L43: 0 | M43: 23 | N43: 0 | O43: =SUM(C43:L43,N43) -> 9 | P43: =SUM(C43:N43) -> 32
B44: 15.30 - 15.45 | C44: 1 | D44: 0 | E44: 2 | F44: 4 | G44: 0 | H44: 0 | I44: 5 | J44: 0 | K44: 0 | L44: 0 | M44: 14 | N44: 0 | O44: =SUM(C44:L44,N44) -> 12 | P44: =SUM(C44:N44) -> 26
B45: 15.45 - 16.00 | C45: 3 | D45: 0 | E45: 1 | F45: 2 | G45: 0 | H45: 0 | I45: 0 | J45: 0 | K45: 0 | L45: 0 | M45: 19 | N45: 0 | O45: =SUM(C45:L45,N45) -> 6 | P45: =SUM(C45:N45) -> 25
B46: 16.00 - 16.15 | C46: 4 | D46: 0 | E46: 0 | F46: 1 | G46: 0 | H46: 0 | I46: 2 | J46: 0 | K46: 1 | L46: 0 | M46: 28 | N46: 0 | O46: =SUM(C46:L46,N46) -> 8 | P46: =SUM(C46:N46) -> 36
B47: 16.15 -16.30 | C47: 3 | D47: 0 | E47: 2 | F47: 1 | G47: 0 | H47: 0 | I47: 3 | J47: 0 | K47: 0 | L47: 0 | M47: 17 | N47: 0 | O47: =SUM(C47:L47,N47) -> 9 | P47: =SUM(C47:N47) -> 26
B48: 16.30 -16.45 | C48: 1 | D48: 0 | E48: 1 | F48: 4 | G48: 0 | H48: 0 | I48: 3 | J48: 0 | K48: 0 | L48: 0 | M48: 17 | N48: 0 | O48: =SUM(C48:L48,N48) -> 9 | P48: =SUM(C48:N48) -> 26
B49: 16.45 -17.00 | C49: 1 | D49: 0 | E49: 2 | F49: 2 | G49: 0 | H49: 0 | I49: 2 | J49: 0 | K49: 0 | L49: 0 | M49: 26 | N49: 0 | O49: =SUM(C49:L49,N49) -> 7 | P49: =SUM(C49:N49) -> 33
B50: 17.00 -17.15 | C50: 2 | D50: 0 | E50: 2 | F50: 3 | G50: 0 | H50: 0 | I50: 2 | J50: 0 | K50: 1 | L50: 0 | M50: 23 | N50: 0 | O50: =SUM(C50:L50,N50) -> 10 | P50: =SUM(C50:N50) -> 33
B51: 17.15 -17.30 | C51: 5 | D51: 0 | E51: 3 | F51: 1 | G51: 0 | H51: 0 | I51: 3 | J51: 0 | K51: 0 | L51: 0 | M51: 11 | N51: 0 | O51: =SUM(C51:L51,N51) -> 12 | P51: =SUM(C51:N51) -> 23
B52: 17.30 -17.45 | C52: 4 | D52: 0 | E52: 5 | F52: 4 | G52: 0 | H52: 0 | I52: 3 | J52: 0 | K52: 0 | L52: 0 | M52: 18 | N52: 0 | O52: =SUM(C52:L52,N52) -> 16 | P52: =SUM(C52:N52) -> 34
B53: 17.45 -18.00 | C53: 2 | D53: 0 | E53: 2 | F53: 2 | G53: 0 | H53: 0 | I53: 0 | J53: 0 | K53: 0 | L53: 0 | M53: 19 | N53: 0 | O53: =SUM(C53:L53,N53) -> 6 | P53: =SUM(C53:N53) -> 25
B54: 18.00 - 18.15 | C54: 3 | D54: 0 | E54: 3 | F54: 1 | G54: 0 | H54: 0 | I54: 2 | J54: 0 | K54: 0 | L54: 0 | M54: 21 | N54: 0 | O54: =SUM(C54:L54,N54) -> 9 | P54: =SUM(C54:N54) -> 30
... B105: 06.45 - 07.00 | C105: 2 | D105: 2 | E105: 0 | F105: 0 | G105: 1 | H105: 0 | I105: 1 | J105: 0 | K105: 1 | L105: 0 | M105: 7 | N105: 0 | O105: =SUM(C105:L105,N105) -> 7 | P105: =SUM(C105:N105) -> 14
B106: Totals | C106: =SUM(C10:C105) -> 169 | D106: =SUM(D10:D105) -> 4 | E106: =SUM(E10:E105) -> 172 | F106: =SUM(F10:F105) -> 140 | G106: =SUM(G10:G105) -> 6 | H106: =SUM(H10:H105) -> 1 | I106: =SUM(I10:I105) -> 155 | J106: =SUM(J10:J105) -> 3 | ... P106: =SUM(P10:P105) -> 1671
B107: %ges + MCs | C107: =C106/$P$106 -> 0.10113704 | D107: =D106/$P$106 -> 0.0023937762 | E107: =E106/$P$106 -> 0.10293238 | F107: =F106/$P$106 -> 0.083782166 | G107: =G106/$P$106 -> 0.0035906643 | H107: =H106/$P$106 -> 0.00059844405 | I107: =I106/$P$106 -> 0.092758827 | J107: =J106/$P$106 -> 0.0017953321 | ... N107: =N106/$P$106 -> 0
B108: %ges w/o MCs | C108: =C106/$O$106 -> 0.25567322 | D108: =D106/$O$106 -> 0.0060514372 | E108: =E106/$O$106 -> 0.2602118 | F108: =F106/$O$106 -> 0.2118003 | G108: =G106/$O$106 -> 0.0090771558 | H108: =H106/$O$106 -> 0.0015128593 | I108: =I106/$O$106 -> 0.23449319 | J108: =J106/$O$106 -> 0.0045385779 | ... L108: =L106/$O$106 -> 0 | N108: =N106/$O$106 -> 0

Sheet 23.08 Bukaya-Kampala-24h
B1: Consultancy services for Preparation of Expressway Development Master Plan (EDMP) for Uganda
B2: MANUAL CLASSIFIED COUNT (MCC)
B3: ROAD NAME: | C3: ='19.08 Kampala-Bukaya'!C3:G3 -> MCC - C3 - STN92 - NALUBAALE ROAD
C5: Date | D5: ='23.08 Kampala-Bukaya-24h'!D5 -> 23.08.19 | F5: Location | G5: ='23.08 Kampala-Bukaya-24h'!G5:H5 -> Nyenga | J5: Surveyor | K5: ='23.08 Kampala-Bukaya-24h'!K5:L5 -> xxx
C6: Dir. From | D6: ='19.08 Bukaya-Kampala'!D6:E6 -> Bukaya | F6: Dir. To | G6: ='20.08 Bukaya-Kampala'!G6:H6 -> Kampala | J6: Supervisor | K6: ='23.08 Kampala-Bukaya-24h'!K6:L6 -> xxx
B8: Time / Veh Type | R8: SUMMARY TRAFFIC VOLUMES
C9: 1. Car | D9: 2. Station Wagon | E9: 3. Pickups | F9: 4. Minibus, matatu | G9: 5. Medium bus | H9: 6. Large Bus | I9: 7. Light Truck | J9: 8. Medium Truck | K9: 9. Heavy truck | L9: 10. Truck Trailer | M9: 11. Motor cycles | N9: 12. Tractors | O9: Total Excl M/Cycles | P9: Total All | R9: Time | S9: 1. Car | T9: 2. Station Wagon | U9: 3. Pickups | V9: 4. Minibus, matatu | W9: 5. Medium bus | X9: 6. Large Bus | Y9: 7. Light Truck | Z9: 8. Medium Truck | AA9: 9. Heavy truck | AB9: 10. Truck Trailer | AC9: 11. Motorcycles | AD9: 12. Tractors, Graders | AE9: Total Excl M/ Cycles | AF9: Total All
B10: 07.00 - 07.15 | C10: 0 | D10: 0 | E10: 0 | F10: 3 | G10: 0 | H10: 0 | I10: 0 | J10: 0 | K10: 0 | L10: 0 | M10: 16 | N10: 0 | O10: =SUM(C10:L10,N10) -> 3 | P10: =SUM(C10:N10) -> 19 | R10: 0700-0800 | S10: =SUM(C10:C13) -> 0 | T10: =SUM(D10:D13) -> 0 | U10: =SUM(E10:E13) -> 3 | V10: =SUM(F10:F13) -> 7 | W10: =SUM(G10:G13) -> 0 | X10: =SUM(H10:H13) -> 0 | Y10: =SUM(I10:I13) -> 2 | Z10: =SUM(J10:J13) -> 0 | ... AF10: =SUM(P10:P13) -> 83
B11: 07.15 - 07.30 | C11: 0 | D11: 0 | E11: 2 | F11: 1 | G11: 0 | H11: 0 | I11: 1 | J11: 0 | K11: 0 | L11: 0 | M11: 19 | N11: 0 | O11: =SUM(C11:L11,N11) -> 4 | P11: =SUM(C11:N11) -> 23 | R11: 0800-0900 | S11: =SUM(C14:C17) -> 6 | T11: =SUM(D14:D17) -> 0 | U11: =SUM(E14:E17) -> 3 | V11: =SUM(F14:F17) -> 3 | W11: =SUM(G14:G17) -> 0 | X11: =SUM(H14:H17) -> 0 | Y11: =SUM(I14:I17) -> 2 | Z11: =SUM(J14:J17) -> 0 | ... AF11: =SUM(P14:P17) -> 80
B12: 07.30 - 07.45 | C12: 0 | D12: 0 | E12: 1 | F12: 1 | G12: 0 | H12: 0 | I12: 1 | J12: 0 | K12: 0 | L12: 0 | M12: 20 | N12: 0 | O12: =SUM(C12:L12,N12) -> 3 | P12: =SUM(C12:N12) -> 23 | R12: 0900-1000 | S12: =SUM(C18:C21) -> 6 | T12: =SUM(D18:D21) -> 0 | U12: =SUM(E18:E21) -> 6 | V12: =SUM(F18:F21) -> 5 | W12: =SUM(G18:G21) -> 0 | X12: =SUM(H18:H21) -> 0 | Y12: =SUM(I18:I21) -> 5 | Z12: =SUM(J18:J21) -> 0 | ... AF12: =SUM(P18:P21) -> 79
B13: 07.45 - 08.00 | C13: 0 | D13: 0 | E13: 0 | F13: 2 | G13: 0 | H13: 0 | I13: 0 | J13: 0 | K13: 0 | L13: 0 | M13: 16 | N13: 0 | O13: =SUM(C13:L13,N13) -> 2 | P13: =SUM(C13:N13) -> 18 | R13: 1000-1100 | S13: =SUM(C22:C25) -> 5 | T13: =SUM(D22:D25) -> 0 | U13: =SUM(E22:E25) -> 8 | V13: =SUM(F22:F25) -> 7 | W13: =SUM(G22:G25) -> 0 | X13: =SUM(H22:H25) -> 0 | Y13: =SUM(I22:I25) -> 3 | Z13: =SUM(J22:J25) -> 0 | ... AF13: =SUM(P22:P25) -> 95
B14: 08.00 - 08.15 | C14: 2 | D14: 0 | E14: 0 | F14: 0 | G14: 0 | H14: 0 | I14: 0 | J14: 0 | K14: 0 | L14: 0 | M14: 13 | N14: 0 | O14: =SUM(C14:L14,N14) -> 2 | P14: =SUM(C14:N14) -> 15 | R14: 1100-1200 | S14: =SUM(C26:C29) -> 6 | T14: =SUM(D26:D29) -> 0 | U14: =SUM(E26:E29) -> 11 | V14: =SUM(F26:F29) -> 5 | W14: =SUM(G26:G29) -> 0 | X14: =SUM(H26:H29) -> 0 | Y14: =SUM(I26:I29) -> 6 | Z14: =SUM(J26:J29) -> 0 | ... AF14: =SUM(P26:P29) -> 89
B15: 08.15 - 08.30 | C15: 1 | D15: 0 | E15: 0 | F15: 1 | G15: 0 | H15: 0 | I15: 0 | J15: 0 | K15: 1 | L15: 0 | M15: 21 | N15: 0 | O15: =SUM(C15:L15,N15) -> 3 | P15: =SUM(C15:N15) -> 24 | R15: 1200-1300 | S15: =SUM(C30:C33) -> 10 | T15: =SUM(D30:D33) -> 0 | U15: =SUM(E30:E33) -> 7 | V15: =SUM(F30:F33) -> 6 | W15: =SUM(G30:G33) -> 0 | X15: =SUM(H30:H33) -> 0 | Y15: =SUM(I30:I33) -> 8 | Z15: =SUM(J30:J33) -> 0 | ... AF15: =SUM(P30:P33) -> 121
B16: 08.30 - 08.45 | C16: 3 | D16: 0 | E16: 2 | F16: 1 | G16: 0 | H16: 0 | I16: 2 | J16: 0 | K16: 0 | L16: 0 | M16: 16 | N16: 0 | O16: =SUM(C16:L16,N16) -> 8 | P16: =SUM(C16:N16) -> 24 | R16: 1300-1400 | S16: =SUM(C34:C37) -> 5 | T16: =SUM(D34:D37) -> 0 | U16: =SUM(E34:E37) -> 10 | V16: =SUM(F34:F37) -> 8 | W16: =SUM(G34:G37) -> 0 | X16: =SUM(H34:H37) -> 0 | Y16: =SUM(I34:I37) -> 5 | Z16: =SUM(J34:J37) -> 0 | ... AF16: =SUM(P34:P37) -> 77
B17: 08.45 - 9.00 | C17: 0 | D17: 0 | E17: 1 | F17: 1 | G17: 0 | H17: 0 | I17: 0 | J17: 0 | K17: 0 | L17: 0 | M17: 15 | N17: 0 | O17: =SUM(C17:L17,N17) -> 2 | P17: =SUM(C17:N17) -> 17 | R17: 1400-1500 | S17: =SUM(C38:C41) -> 12 | T17: =SUM(D38:D41) -> 0 | U17: =SUM(E38:E41) -> 9 | V17: =SUM(F38:F41) -> 5 | W17: =SUM(G38:G41) -> 0 | X17: =SUM(H38:H41) -> 0 | Y17: =SUM(I38:I41) -> 2 | Z17: =SUM(J38:J41) -> 0 | ... AF17: =SUM(P38:P41) -> 108
B18: 09.00 - 09.15 | C18: 0 | D18: 0 | E18: 2 | F18: 1 | G18: 0 | H18: 0 | I18: 0 | J18: 0 | K18: 0 | L18: 0 | M18: 19 | N18: 0 | O18: =SUM(C18:L18,N18) -> 3 | P18: =SUM(C18:N18) -> 22 | R18: 1500-1600 | S18: =SUM(C42:C45) -> 3 | T18: =SUM(D42:D45) -> 0 | U18: =SUM(E42:E45) -> 7 | V18: =SUM(F42:F45) -> 4 | W18: =SUM(G42:G45) -> 0 | X18: =SUM(H42:H45) -> 0 | Y18: =SUM(I42:I45) -> 10 | Z18: =SUM(J42:J45) -> 0 | ... AF18: =SUM(P42:P45) -> 100
B19: 09.15 - 09.30 | C19: 2 | D19: 0 | E19: 2 | F19: 0 | G19: 0 | H19: 0 | I19: 0 | J19: 0 | K19: 0 | L19: 0 | M19: 17 | N19: 0 | O19: =SUM(C19:L19,N19) -> 4 | P19: =SUM(C19:N19) -> 21 | R19: 1600-1700 | S19: =SUM(C46:C49) -> 12 | T19: =SUM(D46:D49) -> 0 | U19: =SUM(E46:E49) -> 13 | V19: =SUM(F46:F49) -> 7 | W19: =SUM(G46:G49) -> 0 | X19: =SUM(H46:H49) -> 0 | Y19: =SUM(I46:I49) -> 5 | Z19: =SUM(J46:J49) -> 1 | ... AF19: =SUM(P46:P49) -> 115
B20: 09.30 - 09.45 | C20: 2 | D20: 0 | E20: 1 | F20: 1 | G20: 0 | H20: 0 | I20: 3 | J20: 0 | K20: 0 | L20: 0 | M20: 12 | N20: 0 | O20: =SUM(C20:L20,N20) -> 7 | P20: =SUM(C20:N20) -> 19 | R20: 1700-1800 | S20: =SUM(C50:C53) -> 9 | T20: =SUM(D50:D53) -> 0 | U20: =SUM(E50:E53) -> 20 | V20: =SUM(F50:F53) -> 12 | W20: =SUM(G50:G53) -> 1 | X20: =SUM(H50:H53) -> 0 | Y20: =SUM(I50:I53) -> 11 | Z20: =SUM(J50:J53) -> 0 | ... AF20: =SUM(P50:P53) -> 134
B21: 09.45 - 10.00 | C21: 2 | D21: 0 | E21: 1 | F21: 3 | G21: 0 | H21: 0 | I21: 2 | J21: 0 | K21: 0 | L21: 0 | M21: 9 | N21: 0 | O21: =SUM(C21:L21,N21) -> 8 | P21: =SUM(C21:N21) -> 17 | R21: 1800-1900 | S21: =SUM(C54:C57) -> 6 | T21: =SUM(D54:D57) -> 0 | U21: =SUM(E54:E57) -> 19 | V21: =SUM(F54:F57) -> 9 | W21: =SUM(G54:G57) -> 0 | X21: =SUM(H54:H57) -> 0 | Y21: =SUM(I54:I57) -> 12 | Z21: =SUM(J54:J57) -> 0 | ... AF21: =SUM(P54:P57) -> 133
B22: 10.00 - 10.15 | C22: 3 | D22: 0 | E22: 1 | F22: 2 | G22: 0 | H22: 0 | I22: 2 | J22: 0 | K22: 0 | L22: 0 | M22: 19 | N22: 0 | O22: =SUM(C22:L22,N22) -> 8 | P22: =SUM(C22:N22) -> 27 | R22: 1900-2000 | S22: =SUM(C58:C61) -> 13 | T22: =SUM(D58:D61) -> 0 | U22: =SUM(E58:E61) -> 8 | V22: =SUM(F58:F61) -> 4 | W22: =SUM(G58:G61) -> 1 | X22: =SUM(H58:H61) -> 0 | Y22: =SUM(I58:I61) -> 4 | Z22: =SUM(J58:J61) -> 0 | ... AF22: =SUM(P58:P61) -> 89
B23: 10.15 - 10.30 | C23: 1 | D23: 0 | E23: 2 | F23: 1 | G23: 0 | H23: 0 | I23: 1 | J23: 0 | K23: 0 | L23: 0 | M23: 16 | N23: 0 | O23: =SUM(C23:L23,N23) -> 5 | P23: =SUM(C23:N23) -> 21 | R23: 2000-2100 | S23: =SUM(C62:C65) -> 4 | T23: =SUM(D62:D65) -> 0 | U23: =SUM(E62:E65) -> 15 | V23: =SUM(F62:F65) -> 13 | W23: =SUM(G62:G65) -> 0 | X23: =SUM(H62:H65) -> 0 | Y23: =SUM(I62:I65) -> 14 | Z23: =SUM(J62:J65) -> 1 | ... AF23: =SUM(P62:P65) -> 100
B24: 10.30 - 10.45 | C24: 0 | D24: 0 | E24: 2 | F24: 3 | G24: 0 | H24: 0 | I24: 0 | J24: 0 | K24: 0 | L24: 0 | M24: 20 | N24: 0 | O24: =SUM(C24:L24,N24) -> 5 | P24: =SUM(C24:N24) -> 25 | R24: 2100-2200 | S24: =SUM(C66:C69) -> 8 | T24: =SUM(D66:D69) -> 0 | U24: =SUM(E66:E69) -> 10 | V24: =SUM(F66:F69) -> 7 | W24: =SUM(G66:G69) -> 0 | X24: =SUM(H66:H69) -> 0 | Y24: =SUM(I66:I69) -> 6 | Z24: =SUM(J66:J69) -> 0 | ... AF24: =SUM(P66:P69) -> 70
B25: 10.45 - 11.00 | C25: 1 | D25: 0 | E25: 3 | F25: 1 | G25: 0 | H25: 0 | I25: 0 | J25: 0 | K25: 0 | L25: 0 | M25: 17 | N25: 0 | O25: =SUM(C25:L25,N25) -> 5 | P25: =SUM(C25:N25) -> 22 | R25: 2200-2300 | S25: =SUM(C70:C73) -> 10 | T25: =SUM(D70:D73) -> 0 | U25: =SUM(E70:E73) -> 5 | V25: =SUM(F70:F73) -> 5 | W25: =SUM(G70:G73) -> 1 | X25: =SUM(H70:H73) -> 0 | Y25: =SUM(I70:I73) -> 6 | Z25: =SUM(J70:J73) -> 0 | ... AF25: =SUM(P70:P73) -> 45
B26: 11.00 - 11.15 | C26: 1 | D26: 0 | E26: 1 | F26: 1 | G26: 0 | H26: 0 | I26: 0 | J26: 0 | K26: 0 | L26: 0 | M26: 13 | N26: 0 | O26: =SUM(C26:L26,N26) -> 3 | P26: =SUM(C26:N26) -> 16 | R26: 2300-0000 | S26: =SUM(C74:C77) -> 6 | T26: =SUM(D74:D77) -> 0 | U26: =SUM(E74:E77) -> 11 | V26: =SUM(F74:F77) -> 5 | W26: =SUM(G74:G77) -> 0 | X26: =SUM(H74:H77) -> 0 | Y26: =SUM(I74:I77) -> 14 | Z26: =SUM(J74:J77) -> 1 | ... AF26: =SUM(P74:P77) -> 37
B27: 11.15 - 11.30 | C27: 1 | D27: 0 | E27: 2 | F27: 1 | G27: 0 | H27: 0 | I27: 3 | J27: 0 | K27: 0 | L27: 0 | M27: 14 | N27: 0 | O27: =SUM(C27:L27,N27) -> 7 | P27: =SUM(C27:N27) -> 21 | R27: 0000-0100 | S27: =SUM(C78:C81) -> 7 | T27: =SUM(D78:D81) -> 0 | U27: =SUM(E78:E81) -> 4 | V27: =SUM(F78:F81) -> 6 | W27: =SUM(G78:G81) -> 0 | X27: =SUM(H78:H81) -> 0 | Y27: =SUM(I78:I81) -> 10 | Z27: =SUM(J78:J81) -> 0 | ... AF27: =SUM(P78:P81) -> 28
B28: 11.30 - 11.45 | C28: 1 | D28: 0 | E28: 3 | F28: 0 | G28: 0 | H28: 0 | I28: 3 | J28: 0 | K28: 0 | L28: 0 | M28: 16 | N28: 0 | O28: =SUM(C28:L28,N28) -> 7 | P28: =SUM(C28:N28) -> 23 | R28: 0100-0200 | S28: =SUM(C82:C85) -> 5 | T28: =SUM(D82:D85) -> 0 | U28: =SUM(E82:E85) -> 3 | V28: =SUM(F82:F85) -> 1 | W28: =SUM(G82:G85) -> 0 | X28: =SUM(H82:H85) -> 0 | Y28: =SUM(I82:I85) -> 1 | Z28: =SUM(J82:J85) -> 0 | ... AF28: =SUM(P82:P85) -> 10
B29: 11.45 - 12.00 | C29: 3 | D29: 0 | E29: 5 | F29: 3 | G29: 0 | H29: 0 | I29: 0 | J29: 0 | K29: 0 | L29: 0 | M29: 18 | N29: 0 | O29: =SUM(C29:L29,N29) -> 11 | P29: =SUM(C29:N29) -> 29 | R29: 0200-0300 | S29: =SUM(C86:C89) -> 2 | T29: =SUM(D86:D89) -> 0 | U29: =SUM(E86:E89) -> 2 | V29: =SUM(F86:F89) -> 2 | W29: =SUM(G86:G89) -> 0 | X29: =SUM(H86:H89) -> 0 | Y29: =SUM(I86:I89) -> 1 | Z29: =SUM(J86:J89) -> 0 | ... AF29: =SUM(P86:P89) -> 7
B30: 12.00 - 12.15 | C30: 1 | D30: 0 | E30: 1 | F30: 1 | G30: 0 | H30: 0 | I30: 0 | J30: 0 | K30: 0 | L30: 0 | M30: 19 | N30: 0 | O30: =SUM(C30:L30,N30) -> 3 | P30: =SUM(C30:N30) -> 22 | R30: 0300-0400 | S30: =SUM(C90:C93) -> 0 | T30: =SUM(D90:D93) -> 0 | U30: =SUM(E90:E93) -> 0 | V30: =SUM(F90:F93) -> 0 | W30: =SUM(G90:G93) -> 0 | X30: =SUM(H90:H93) -> 0 | Y30: =SUM(I90:I93) -> 0 | Z30: =SUM(J90:J93) -> 0 | ... AF30: =SUM(P90:P93) -> 0
B31: 12.15 - 12.30 | C31: 2 | D31: 0 | E31: 2 | F31: 1 | G31: 0 | H31: 0 | I31: 2 | J31: 0 | K31: 1 | L31: 0 | M31: 21 | N31: 0 | O31: =SUM(C31:L31,N31) -> 8 | P31: =SUM(C31:N31) -> 29 | R31: 0400-0500 | S31: =SUM(C94:C97) -> 3 | T31: =SUM(D94:D97) -> 0 | U31: =SUM(E94:E97) -> 3 | V31: =SUM(F94:F97) -> 1 | W31: =SUM(G94:G97) -> 0 | X31: =SUM(H94:H97) -> 1 | Y31: =SUM(I94:I97) -> 0 | Z31: =SUM(J94:J97) -> 0 | ... AF31: =SUM(P94:P97) -> 8
B32: 12.30 - 12.45 | C32: 4 | D32: 0 | E32: 2 | F32: 2 | G32: 0 | H32: 0 | I32: 3 | J32: 0 | K32: 0 | L32: 0 | M32: 19 | N32: 0 | O32: =SUM(C32:L32,N32) -> 11 | P32: =SUM(C32:N32) -> 30 | R32: 0500-0600 | S32: =SUM(C98:C101) -> 2 | T32: =SUM(D98:D101) -> 2 | U32: =SUM(E98:E101) -> 1 | V32: =SUM(F98:F101) -> 0 | W32: =SUM(G98:G101) -> 0 | X32: =SUM(H98:H101) -> 0 | Y32: =SUM(I98:I101) -> 1 | Z32: =SUM(J98:J101) -> 0 | ... AF32: =SUM(P98:P101) -> 7
B33: 12.45 - 13.00 | C33: 3 | D33: 0 | E33: 2 | F33: 2 | G33: 0 | H33: 0 | I33: 3 | J33: 0 | K33: 0 | L33: 0 | M33: 30 | N33: 0 | O33: =SUM(C33:L33,N33) -> 10 | P33: =SUM(C33:N33) -> 40 | R33: 0600-0700 | S33: =SUM(C102:C105) -> 5 | T33: =SUM(D102:D105) -> 2 | U33: =SUM(E102:E105) -> 1 | V33: =SUM(F102:F105) -> 1 | W33: =SUM(G102:G105) -> 1 | X33: =SUM(H102:H105) -> 0 | Y33: =SUM(I102:I105) -> 1 | Z33: =SUM(J102:J105) -> 0 | ... AF33: =SUM(P102:P105) -> 25
B34: 13.00 - 13.15 | C34: 1 | D34: 0 | E34: 1 | F34: 1 | G34: 0 | H34: 0 | I34: 1 | J34: 0 | K34: 0 | L34: 0 | M34: 11 | N34: 0 | O34: =SUM(C34:L34,N34) -> 4 | P34: =SUM(C34:N34) -> 15 | R34: AM Peak Hr | S34: =MAX(S10:S12) -> 6 | T34: =MAX(T10:T12) -> 0 | U34: =MAX(U10:U12) -> 6 | V34: =MAX(V10:V12) -> 7 | W34: =MAX(W10:W12) -> 0 | X34: =MAX(X10:X12) -> 0 | Y34: =MAX(Y10:Y12) -> 5 | Z34: =MAX(Z10:Z12) -> 0 | ... AF34: =MAX(AF10:AF12) -> 83
B35: 13.15 - 13.30 | C35: 3 | D35: 0 | E35: 4 | F35: 3 | G35: 0 | H35: 0 | I35: 0 | J35: 0 | K35: 0 | L35: 0 | M35: 17 | N35: 0 | O35: =SUM(C35:L35,N35) -> 10 | P35: =SUM(C35:N35) -> 27 | R35: IP Peak Hr | S35: =MAX(S13:S18) -> 12 | T35: =MAX(T13:T18) -> 0 | U35: =MAX(U13:U18) -> 11 | V35: =MAX(V13:V18) -> 8 | W35: =MAX(W13:W18) -> 0 | X35: =MAX(X13:X18) -> 0 | Y35: =MAX(Y13:Y18) -> 10 | Z35: =MAX(Z13:Z18) -> 0 | ... AF35: =MAX(AF13:AF18) -> 121
B36: 13.30 - 13.45 | C36: 0 | D36: 0 | E36: 2 | F36: 0 | G36: 0 | H36: 0 | I36: 3 | J36: 0 | K36: 0 | L36: 0 | M36: 12 | N36: 0 | O36: =SUM(C36:L36,N36) -> 5 | P36: =SUM(C36:N36) -> 17 | R36: PM Peak Hr | S36: =MAX(S19:S21) -> 12 | T36: =MAX(T19:T21) -> 0 | U36: =MAX(U19:U21) -> 20 | V36: =MAX(V19:V21) -> 12 | W36: =MAX(W19:W21) -> 1 | X36: =MAX(X19:X21) -> 0 | Y36: =MAX(Y19:Y21) -> 12 | Z36: =MAX(Z19:Z21) -> 1 | ... AF36: =MAX(AF19:AF21) -> 134
B37: 13.45 - 14.00 | C37: 1 | D37: 0 | E37: 3 | F37: 4 | G37: 0 | H37: 0 | I37: 1 | J37: 0 | K37: 0 | L37: 0 | M37: 9 | N37: 0 | O37: =SUM(C37:L37,N37) -> 9 | P37: =SUM(C37:N37) -> 18 | R37: AM Period | S37: =SUM(S10:S12) -> 12 | T37: =SUM(T10:T12) -> 0 | U37: =SUM(U10:U12) -> 12 | V37: =SUM(V10:V12) -> 15 | W37: =SUM(W10:W12) -> 0 | X37: =SUM(X10:X12) -> 0 | Y37: =SUM(Y10:Y12) -> 9 | Z37: =SUM(Z10:Z12) -> 0 | ... AF37: =SUM(AF10:AF12) -> 242
B38: 14.00 - 14.15 | C38: 3 | D38: 0 | E38: 3 | F38: 1 | G38: 0 | H38: 0 | I38: 0 | J38: 0 | K38: 0 | L38: 0 | M38: 22 | N38: 0 | O38: =SUM(C38:L38,N38) -> 7 | P38: =SUM(C38:N38) -> 29 | R38: IP Period | S38: =SUM(S13:S18) -> 41 | T38: =SUM(T13:T18) -> 0 | U38: =SUM(U13:U18) -> 52 | V38: =SUM(V13:V18) -> 35 | W38: =SUM(W13:W18) -> 0 | X38: =SUM(X13:X18) -> 0 | Y38: =SUM(Y13:Y18) -> 34 | Z38: =SUM(Z13:Z18) -> 0 | ... AF38: =SUM(AF13:AF18) -> 590
B39: 14.15 - 14.30 | C39: 3 | D39: 0 | E39: 2 | F39: 1 | G39: 0 | H39: 0 | I39: 1 | J39: 0 | K39: 0 | L39: 0 | M39: 20 | N39: 0 | O39: =SUM(C39:L39,N39) -> 7 | P39: =SUM(C39:N39) -> 27 | R39: PM Period | S39: =SUM(S19:S21) -> 27 | T39: =SUM(T19:T21) -> 0 | U39: =SUM(U19:U21) -> 52 | V39: =SUM(V19:V21) -> 28 | W39: =SUM(W19:W21) -> 1 | X39: =SUM(X19:X21) -> 0 | Y39: =SUM(Y19:Y21) -> 28 | Z39: =SUM(Z19:Z21) -> 1 | ... AF39: =SUM(AF19:AF21) -> 382
B40: 14.30 - 14.45 | C40: 1 | D40: 0 | E40: 2 | F40: 2 | G40: 0 | H40: 0 | I40: 0 | J40: 0 | K40: 1 | L40: 0 | M40: 18 | N40: 0 | O40: =SUM(C40:L40,N40) -> 6 | P40: =SUM(C40:N40) -> 24 | R40: 12 Hours | S40: =SUM(S10:S21) -> 80 | T40: =SUM(T10:T21) -> 0 | U40: =SUM(U10:U21) -> 116 | V40: =SUM(V10:V21) -> 78 | W40: =SUM(W10:W21) -> 1 | X40: =SUM(X10:X21) -> 0 | Y40: =SUM(Y10:Y21) -> 71 | Z40: =SUM(Z10:Z21) -> 1 | ... AF40: =SUM(AF10:AF21) -> 1214
B41: 14.45 - 15.00 | C41: 5 | D41: 0 | E41: 2 | F41: 1 | G41: 0 | H41: 0 | I41: 1 | J41: 0 | K41: 0 | L41: 0 | M41: 19 | N41: 0 | O41: =SUM(C41:L41,N41) -> 9 | P41: =SUM(C41:N41) -> 28 | R41: 24 Hrs/ADT | S41: =SUM(S10:S33) -> 145 | T41: =SUM(T10:T33) -> 4 | U41: =SUM(U10:U33) -> 179 | V41: =SUM(V10:V33) -> 123 | W41: =SUM(W10:W33) -> 4 | X41: =SUM(X10:X33) -> 1 | Y41: =SUM(Y10:Y33) -> 129 | Z41: =SUM(Z10:Z33) -> 3 | ... AF41: =SUM(AF10:AF33) -> 1640
B42: 15.00 - 15.15 | C42: 2 | D42: 0 | E42: 1 | F42: 1 | G42: 0 | H42: 0 | I42: 1 | J42: 0 | K42: 0 | L42: 0 | M42: 14 | N42: 0 | O42: =SUM(C42:L42,N42) -> 5 | P42: =SUM(C42:N42) -> 19 | R42: NEF | S42: =S41/S40 -> 1.8125 | T42: =T41/T40 -> #DIV/0! | U42: =U41/U40 -> 1.5431034 | V42: =V41/V40 -> 1.5769231 | W42: =W41/W40 -> 4 | X42: =X41/X40 -> #DIV/0! | Y42: =Y41/Y40 -> 1.8169014 | Z42: =Z41/Z40 -> 3 | ... AF42: =AF41/AF40 -> 1.3509061
B43: 15.15 - 15.30 | C43: 1 | D43: 0 | E43: 3 | F43: 0 | G43: 0 | H43: 0 | I43: 3 | J43: 0 | K43: 0 | L43: 0 | M43: 29 | N43: 0 | O43: =SUM(C43:L43,N43) -> 7 | P43: =SUM(C43:N43) -> 36
B44: 15.30 - 15.45 | C44: 0 | D44: 0 | E44: 1 | F44: 2 | G44: 0 | H44: 0 | I44: 3 | J44: 0 | K44: 0 | L44: 0 | M44: 17 | N44: 0 | O44: =SUM(C44:L44,N44) -> 6 | P44: =SUM(C44:N44) -> 23
B45: 15.45 - 16.00 | C45: 0 | D45: 0 | E45: 2 | F45: 1 | G45: 0 | H45: 0 | I45: 3 | J45: 0 | K45: 0 | L45: 0 | M45: 16 | N45: 0 | O45: =SUM(C45:L45,N45) -> 6 | P45: =SUM(C45:N45) -> 22
B46: 16.00 - 16.15 | C46: 0 | D46: 0 | E46: 2 | F46: 2 | G46: 0 | H46: 0 | I46: 0 | J46: 1 | K46: 0 | L46: 0 | M46: 25 | N46: 0 | O46: =SUM(C46:L46,N46) -> 5 | P46: =SUM(C46:N46) -> 30
B47: 16.15 -16.30 | C47: 3 | D47: 0 | E47: 6 | F47: 3 | G47: 0 | H47: 0 | I47: 1 | J47: 0 | K47: 0 | L47: 0 | M47: 18 | N47: 0 | O47: =SUM(C47:L47,N47) -> 13 | P47: =SUM(C47:N47) -> 31
B48: 16.30 -16.45 | C48: 5 | D48: 0 | E48: 4 | F48: 1 | G48: 0 | H48: 0 | I48: 1 | J48: 0 | K48: 1 | L48: 0 | M48: 17 | N48: 0 | O48: =SUM(C48:L48,N48) -> 12 | P48: =SUM(C48:N48) -> 29
B49: 16.45 -17.00 | C49: 4 | D49: 0 | E49: 1 | F49: 1 | G49: 0 | H49: 0 | I49: 3 | J49: 0 | K49: 0 | L49: 0 | M49: 16 | N49: 0 | O49: =SUM(C49:L49,N49) -> 9 | P49: =SUM(C49:N49) -> 25
B50: 17.00 -17.15 | C50: 1 | D50: 0 | E50: 3 | F50: 2 | G50: 0 | H50: 0 | I50: 3 | J50: 0 | K50: 0 | L50: 0 | M50: 24 | N50: 0 | O50: =SUM(C50:L50,N50) -> 9 | P50: =SUM(C50:N50) -> 33
B51: 17.15 -17.30 | C51: 3 | D51: 0 | E51: 4 | F51: 3 | G51: 1 | H51: 0 | I51: 2 | J51: 0 | K51: 0 | L51: 0 | M51: 19 | N51: 0 | O51: =SUM(C51:L51,N51) -> 13 | P51: =SUM(C51:N51) -> 32
B52: 17.30 -17.45 | C52: 4 | D52: 0 | E52: 4 | F52: 3 | G52: 0 | H52: 0 | I52: 0 | J52: 0 | K52: 0 | L52: 0 | M52: 20 | N52: 0 | O52: =SUM(C52:L52,N52) -> 11 | P52: =SUM(C52:N52) -> 31
B53: 17.45 -18.00 | C53: 1 | D53: 0 | E53: 9 | F53: 4 | G53: 0 | H53: 0 | I53: 6 | J53: 0 | K53: 0 | L53: 0 | M53: 18 | N53: 0 | O53: =SUM(C53:L53,N53) -> 20 | P53: =SUM(C53:N53) -> 38
B54: 18.00 - 18.15 | C54: 1 | D54: 0 | E54: 5 | F54: 3 | G54: 0 | H54: 0 | I54: 2 | J54: 0 | K54: 0 | L54: 0 | M54: 21 | N54: 0 | O54: =SUM(C54:L54,N54) -> 11 | P54: =SUM(C54:N54) -> 32
... B105: 06.45 - 07.00 | C105: 2 | D105: 2 | E105: 0 | F105: 0 | G105: 1 | H105: 0 | I105: 1 | J105: 0 | K105: 1 | L105: 0 | M105: 7 | N105: 0 | O105: =SUM(C105:L105,N105) -> 7 | P105: =SUM(C105:N105) -> 14
B106: Totals | C106: =SUM(C10:C105) -> 145 | D106: =SUM(D10:D105) -> 4 | E106: =SUM(E10:E105) -> 179 | F106: =SUM(F10:F105) -> 123 | G106: =SUM(G10:G105) -> 4 | H106: =SUM(H10:H105) -> 1 | I106: =SUM(I10:I105) -> 129 | J106: =SUM(J10:J105) -> 3 | ... P106: =SUM(P10:P105) -> 1640
B107: %ges + MCs | C107: =C106/$P$106 -> 0.088414634 | D107: =D106/$P$106 -> 0.0024390244 | E107: =E106/$P$106 -> 0.10914634 | F107: =F106/$P$106 -> 0.075 | G107: =G106/$P$106 -> 0.0024390244 | H107: =H106/$P$106 -> 0.0006097561 | I107: =I106/$P$106 -> 0.078658537 | J107: =J106/$P$106 -> 0.0018292683 | ... N107: =N106/$P$106 -> 0
B108: %ges w/o MCs | C108: =C106/$O$106 -> 0.24247492 | D108: =D106/$O$106 -> 0.0066889632 | E108: =E106/$O$106 -> 0.2993311 | F108: =F106/$O$106 -> 0.20568562 | G108: =G106/$O$106 -> 0.0066889632 | H108: =H106/$O$106 -> 0.0016722408 | I108: =I106/$O$106 -> 0.21571906 | J108: =J106/$O$106 -> 0.0050167224 | ... L108: =L106/$O$106 -> 0 | N108: =N106/$O$106 -> 0

Sheet 24.08 Kampala-Bukaya-24h
B1: Consultancy services for Preparation of Expressway Development Master Plan (EDMP) for Uganda
B2: MANUAL CLASSIFIED COUNT (MCC)
B3: ROAD NAME: | C3: ='19.08 Kampala-Bukaya'!C3:G3 -> MCC - C3 - STN92 - NALUBAALE ROAD
C5: Date | D5: 24.08.19 | F5: Location | G5: ='23.08 Bukaya-Kampala-24h'!G5:H5 -> Nyenga | J5: Surveyor | K5: ='23.08 Bukaya-Kampala-24h'!K5:L5 -> xxx
C6: Dir. From | D6: ='19.08 Kampala-Bukaya'!D6:E6 -> Kampala | F6: Dir. To | G6: ='19.08 Kampala-Bukaya'!G6:H6 -> Bukaya | J6: Supervisor | K6: ='23.08 Bukaya-Kampala-24h'!K6:L6 -> xxx
B8: Time / Veh Type | R8: SUMMARY TRAFFIC VOLUMES
C9: 1. Car | D9: 2. Station Wagon | E9: 3. Pickups | F9: 4. Minibus, matatu | G9: 5. Medium bus | H9: 6. Large Bus | I9: 7. Light Truck | J9: 8. Medium Truck | K9: 9. Heavy truck | L9: 10. Truck Trailer | M9: 11. Motor cycles | N9: 12. Tractors | O9: Total Excl M/Cycles | P9: Total All | R9: Time | S9: 1. Car | T9: 2. Station Wagon | U9: 3. Pickups | V9: 4. Minibus, matatu | W9: 5. Medium bus | X9: 6. Large Bus | Y9: 7. Light Truck | Z9: 8. Medium Truck | AA9: 9. Heavy truck | AB9: 10. Truck Trailer | AC9: 11. Motorcycles | AD9: 12. Tractors, Graders | AE9: Total Excl M/ Cycles | AF9: Total All
B10: 07.00 - 07.15 | C10: 1 | D10: 0 | E10: 2 | F10: 1 | G10: 0 | H10: 0 | I10: 1 | J10: 0 | K10: 0 | L10: 0 | M10: 14 | N10: 0 | O10: =SUM(C10:L10,N10) -> 5 | P10: =SUM(C10:N10) -> 19 | R10: 0700-0800 | S10: =SUM(C10:C13) -> 11 | T10: =SUM(D10:D13) -> 0 | U10: =SUM(E10:E13) -> 10 | V10: =SUM(F10:F13) -> 3 | W10: =SUM(G10:G13) -> 0 | X10: =SUM(H10:H13) -> 0 | Y10: =SUM(I10:I13) -> 6 | Z10: =SUM(J10:J13) -> 0 | ... AF10: =SUM(P10:P13) -> 85
B11: 07.15 - 07.30 | C11: 5 | D11: 0 | E11: 3 | F11: 1 | G11: 0 | H11: 0 | I11: 3 | J11: 0 | K11: 0 | L11: 0 | M11: 12 | N11: 0 | O11: =SUM(C11:L11,N11) -> 12 | P11: =SUM(C11:N11) -> 24 | R11: 0800-0900 | S11: =SUM(C14:C17) -> 7 | T11: =SUM(D14:D17) -> 0 | U11: =SUM(E14:E17) -> 15 | V11: =SUM(F14:F17) -> 6 | W11: =SUM(G14:G17) -> 0 | X11: =SUM(H14:H17) -> 0 | Y11: =SUM(I14:I17) -> 9 | Z11: =SUM(J14:J17) -> 0 | ... AF11: =SUM(P14:P17) -> 107
B12: 07.30 - 07.45 | C12: 3 | D12: 0 | E12: 4 | F12: 1 | G12: 0 | H12: 0 | I12: 0 | J12: 0 | K12: 0 | L12: 0 | M12: 15 | N12: 0 | O12: =SUM(C12:L12,N12) -> 8 | P12: =SUM(C12:N12) -> 23 | R12: 0900-1000 | S12: =SUM(C18:C21) -> 9 | T12: =SUM(D18:D21) -> 0 | U12: =SUM(E18:E21) -> 9 | V12: =SUM(F18:F21) -> 11 | W12: =SUM(G18:G21) -> 0 | X12: =SUM(H18:H21) -> 0 | Y12: =SUM(I18:I21) -> 4 | Z12: =SUM(J18:J21) -> 1 | ... AF12: =SUM(P18:P21) -> 102
B13: 07.45 - 08.00 | C13: 2 | D13: 0 | E13: 1 | F13: 0 | G13: 0 | H13: 0 | I13: 2 | J13: 0 | K13: 0 | L13: 0 | M13: 14 | N13: 0 | O13: =SUM(C13:L13,N13) -> 5 | P13: =SUM(C13:N13) -> 19 | R13: 1000-1100 | S13: =SUM(C22:C25) -> 17 | T13: =SUM(D22:D25) -> 0 | U13: =SUM(E22:E25) -> 23 | V13: =SUM(F22:F25) -> 7 | W13: =SUM(G22:G25) -> 0 | X13: =SUM(H22:H25) -> 0 | Y13: =SUM(I22:I25) -> 8 | Z13: =SUM(J22:J25) -> 0 | ... AF13: =SUM(P22:P25) -> 138
B14: 08.00 - 08.15 | C14: 2 | D14: 0 | E14: 3 | F14: 2 | G14: 0 | H14: 0 | I14: 4 | J14: 0 | K14: 1 | L14: 0 | M14: 12 | N14: 0 | O14: =SUM(C14:L14,N14) -> 12 | P14: =SUM(C14:N14) -> 24 | R14: 1100-1200 | S14: =SUM(C26:C29) -> 18 | T14: =SUM(D26:D29) -> 0 | U14: =SUM(E26:E29) -> 15 | V14: =SUM(F26:F29) -> 7 | W14: =SUM(G26:G29) -> 0 | X14: =SUM(H26:H29) -> 0 | Y14: =SUM(I26:I29) -> 8 | Z14: =SUM(J26:J29) -> 0 | ... AF14: =SUM(P26:P29) -> 151
B15: 08.15 - 08.30 | C15: 2 | D15: 0 | E15: 3 | F15: 0 | G15: 0 | H15: 0 | I15: 1 | J15: 0 | K15: 0 | L15: 0 | M15: 16 | N15: 0 | O15: =SUM(C15:L15,N15) -> 6 | P15: =SUM(C15:N15) -> 22 | R15: 1200-1300 | S15: =SUM(C30:C33) -> 16 | T15: =SUM(D30:D33) -> 0 | U15: =SUM(E30:E33) -> 21 | V15: =SUM(F30:F33) -> 10 | W15: =SUM(G30:G33) -> 1 | X15: =SUM(H30:H33) -> 0 | Y15: =SUM(I30:I33) -> 8 | Z15: =SUM(J30:J33) -> 0 | ... AF15: =SUM(P30:P33) -> 130
B16: 08.30 - 08.45 | C16: 1 | D16: 0 | E16: 7 | F16: 0 | G16: 0 | H16: 0 | I16: 2 | J16: 0 | K16: 0 | L16: 0 | M16: 19 | N16: 0 | O16: =SUM(C16:L16,N16) -> 10 | P16: =SUM(C16:N16) -> 29 | R16: 1300-1400 | S16: =SUM(C34:C37) -> 11 | T16: =SUM(D34:D37) -> 0 | U16: =SUM(E34:E37) -> 10 | V16: =SUM(F34:F37) -> 10 | W16: =SUM(G34:G37) -> 0 | X16: =SUM(H34:H37) -> 0 | Y16: =SUM(I34:I37) -> 6 | Z16: =SUM(J34:J37) -> 1 | ... AF16: =SUM(P34:P37) -> 117
B17: 08.45 - 9.00 | C17: 2 | D17: 0 | E17: 2 | F17: 4 | G17: 0 | H17: 0 | I17: 2 | J17: 0 | K17: 0 | L17: 0 | M17: 22 | N17: 0 | O17: =SUM(C17:L17,N17) -> 10 | P17: =SUM(C17:N17) -> 32 | R17: 1400-1500 | S17: =SUM(C38:C41) -> 24 | T17: =SUM(D38:D41) -> 0 | U17: =SUM(E38:E41) -> 22 | V17: =SUM(F38:F41) -> 6 | W17: =SUM(G38:G41) -> 0 | X17: =SUM(H38:H41) -> 0 | Y17: =SUM(I38:I41) -> 6 | Z17: =SUM(J38:J41) -> 0 | ... AF17: =SUM(P38:P41) -> 128
B18: 09.00 - 09.15 | C18: 2 | D18: 0 | E18: 1 | F18: 2 | G18: 0 | H18: 0 | I18: 1 | J18: 0 | K18: 0 | L18: 0 | M18: 15 | N18: 0 | O18: =SUM(C18:L18,N18) -> 6 | P18: =SUM(C18:N18) -> 21 | R18: 1500-1600 | S18: =SUM(C42:C45) -> 6 | T18: =SUM(D42:D45) -> 0 | U18: =SUM(E42:E45) -> 10 | V18: =SUM(F42:F45) -> 13 | W18: =SUM(G42:G45) -> 0 | X18: =SUM(H42:H45) -> 0 | Y18: =SUM(I42:I45) -> 5 | Z18: =SUM(J42:J45) -> 0 | ... AF18: =SUM(P42:P45) -> 118
B19: 09.15 - 09.30 | C19: 3 | D19: 0 | E19: 2 | F19: 4 | G19: 0 | H19: 0 | I19: 0 | J19: 0 | K19: 0 | L19: 0 | M19: 12 | N19: 0 | O19: =SUM(C19:L19,N19) -> 9 | P19: =SUM(C19:N19) -> 21 | R19: 1600-1700 | S19: =SUM(C46:C49) -> 11 | T19: =SUM(D46:D49) -> 0 | U19: =SUM(E46:E49) -> 10 | V19: =SUM(F46:F49) -> 12 | W19: =SUM(G46:G49) -> 0 | X19: =SUM(H46:H49) -> 0 | Y19: =SUM(I46:I49) -> 11 | Z19: =SUM(J46:J49) -> 0 | ... AF19: =SUM(P46:P49) -> 138
B20: 09.30 - 09.45 | C20: 3 | D20: 0 | E20: 4 | F20: 1 | G20: 0 | H20: 0 | I20: 2 | J20: 1 | K20: 0 | L20: 0 | M20: 24 | N20: 0 | O20: =SUM(C20:L20,N20) -> 11 | P20: =SUM(C20:N20) -> 35 | R20: 1700-1800 | S20: =SUM(C50:C53) -> 11 | T20: =SUM(D50:D53) -> 0 | U20: =SUM(E50:E53) -> 9 | V20: =SUM(F50:F53) -> 11 | W20: =SUM(G50:G53) -> 0 | X20: =SUM(H50:H53) -> 0 | Y20: =SUM(I50:I53) -> 7 | Z20: =SUM(J50:J53) -> 0 | ... AF20: =SUM(P50:P53) -> 126
B21: 09.45 - 10.00 | C21: 1 | D21: 0 | E21: 2 | F21: 4 | G21: 0 | H21: 0 | I21: 1 | J21: 0 | K21: 0 | L21: 0 | M21: 17 | N21: 0 | O21: =SUM(C21:L21,N21) -> 8 | P21: =SUM(C21:N21) -> 25 | R21: 1800-1900 | S21: =SUM(C54:C57) -> 12 | T21: =SUM(D54:D57) -> 0 | U21: =SUM(E54:E57) -> 9 | V21: =SUM(F54:F57) -> 13 | W21: =SUM(G54:G57) -> 0 | X21: =SUM(H54:H57) -> 0 | Y21: =SUM(I54:I57) -> 3 | Z21: =SUM(J54:J57) -> 1 | ... AF21: =SUM(P54:P57) -> 121
B22: 10.00 - 10.15 | C22: 7 | D22: 0 | E22: 9 | F22: 1 | G22: 0 | H22: 0 | I22: 3 | J22: 0 | K22: 0 | L22: 0 | M22: 20 | N22: 0 | O22: =SUM(C22:L22,N22) -> 20 | P22: =SUM(C22:N22) -> 40 | R22: 1900-2000 | S22: =SUM(C58:C61) -> 13 | T22: =SUM(D58:D61) -> 0 | U22: =SUM(E58:E61) -> 8 | V22: =SUM(F58:F61) -> 4 | W22: =SUM(G58:G61) -> 1 | X22: =SUM(H58:H61) -> 0 | Y22: =SUM(I58:I61) -> 4 | Z22: =SUM(J58:J61) -> 0 | ... AF22: =SUM(P58:P61) -> 89
B23: 10.15 - 10.30 | C23: 3 | D23: 0 | E23: 4 | F23: 1 | G23: 0 | H23: 0 | I23: 2 | J23: 0 | K23: 0 | L23: 0 | M23: 19 | N23: 0 | O23: =SUM(C23:L23,N23) -> 10 | P23: =SUM(C23:N23) -> 29 | R23: 2000-2100 | S23: =SUM(C62:C65) -> 4 | T23: =SUM(D62:D65) -> 0 | U23: =SUM(E62:E65) -> 15 | V23: =SUM(F62:F65) -> 13 | W23: =SUM(G62:G65) -> 0 | X23: =SUM(H62:H65) -> 0 | Y23: =SUM(I62:I65) -> 14 | Z23: =SUM(J62:J65) -> 1 | ... AF23: =SUM(P62:P65) -> 100
B24: 10.30 - 10.45 | C24: 4 | D24: 0 | E24: 6 | F24: 4 | G24: 0 | H24: 0 | I24: 2 | J24: 0 | K24: 0 | L24: 0 | M24: 19 | N24: 0 | O24: =SUM(C24:L24,N24) -> 16 | P24: =SUM(C24:N24) -> 35 | R24: 2100-2200 | S24: =SUM(C66:C69) -> 8 | T24: =SUM(D66:D69) -> 0 | U24: =SUM(E66:E69) -> 10 | V24: =SUM(F66:F69) -> 7 | W24: =SUM(G66:G69) -> 0 | X24: =SUM(H66:H69) -> 0 | Y24: =SUM(I66:I69) -> 6 | Z24: =SUM(J66:J69) -> 0 | ... AF24: =SUM(P66:P69) -> 70
B25: 10.45 - 11.00 | C25: 3 | D25: 0 | E25: 4 | F25: 1 | G25: 0 | H25: 0 | I25: 1 | J25: 0 | K25: 0 | L25: 0 | M25: 25 | N25: 0 | O25: =SUM(C25:L25,N25) -> 9 | P25: =SUM(C25:N25) -> 34 | R25: 2200-2300 | S25: =SUM(C70:C73) -> 10 | T25: =SUM(D70:D73) -> 0 | U25: =SUM(E70:E73) -> 5 | V25: =SUM(F70:F73) -> 5 | W25: =SUM(G70:G73) -> 1 | X25: =SUM(H70:H73) -> 0 | Y25: =SUM(I70:I73) -> 6 | Z25: =SUM(J70:J73) -> 0 | ... AF25: =SUM(P70:P73) -> 45
B26: 11.00 - 11.15 | C26: 6 | D26: 0 | E26: 4 | F26: 1 | G26: 0 | H26: 0 | I26: 3 | J26: 0 | K26: 0 | L26: 0 | M26: 24 | N26: 0 | O26: =SUM(C26:L26,N26) -> 14 | P26: =SUM(C26:N26) -> 38 | R26: 2300-0000 | S26: =SUM(C74:C77) -> 6 | T26: =SUM(D74:D77) -> 0 | U26: =SUM(E74:E77) -> 11 | V26: =SUM(F74:F77) -> 5 | W26: =SUM(G74:G77) -> 0 | X26: =SUM(H74:H77) -> 0 | Y26: =SUM(I74:I77) -> 14 | Z26: =SUM(J74:J77) -> 1 | ... AF26: =SUM(P74:P77) -> 37
B27: 11.15 - 11.30 | C27: 4 | D27: 0 | E27: 7 | F27: 0 | G27: 0 | H27: 0 | I27: 2 | J27: 0 | K27: 0 | L27: 0 | M27: 27 | N27: 0 | O27: =SUM(C27:L27,N27) -> 13 | P27: =SUM(C27:N27) -> 40 | R27: 0000-0100 | S27: =SUM(C78:C81) -> 7 | T27: =SUM(D78:D81) -> 0 | U27: =SUM(E78:E81) -> 4 | V27: =SUM(F78:F81) -> 6 | W27: =SUM(G78:G81) -> 0 | X27: =SUM(H78:H81) -> 0 | Y27: =SUM(I78:I81) -> 10 | Z27: =SUM(J78:J81) -> 0 | ... AF27: =SUM(P78:P81) -> 28
B28: 11.30 - 11.45 | C28: 3 | D28: 0 | E28: 3 | F28: 5 | G28: 0 | H28: 0 | I28: 1 | J28: 0 | K28: 1 | L28: 0 | M28: 26 | N28: 0 | O28: =SUM(C28:L28,N28) -> 13 | P28: =SUM(C28:N28) -> 39 | R28: 0100-0200 | S28: =SUM(C82:C85) -> 5 | T28: =SUM(D82:D85) -> 0 | U28: =SUM(E82:E85) -> 3 | V28: =SUM(F82:F85) -> 1 | W28: =SUM(G82:G85) -> 0 | X28: =SUM(H82:H85) -> 0 | Y28: =SUM(I82:I85) -> 1 | Z28: =SUM(J82:J85) -> 0 | ... AF28: =SUM(P82:P85) -> 10
B29: 11.45 - 12.00 | C29: 5 | D29: 0 | E29: 1 | F29: 1 | G29: 0 | H29: 0 | I29: 2 | J29: 0 | K29: 0 | L29: 0 | M29: 25 | N29: 0 | O29: =SUM(C29:L29,N29) -> 9 | P29: =SUM(C29:N29) -> 34 | R29: 0200-0300 | S29: =SUM(C86:C89) -> 2 | T29: =SUM(D86:D89) -> 0 | U29: =SUM(E86:E89) -> 2 | V29: =SUM(F86:F89) -> 2 | W29: =SUM(G86:G89) -> 0 | X29: =SUM(H86:H89) -> 0 | Y29: =SUM(I86:I89) -> 1 | Z29: =SUM(J86:J89) -> 0 | ... AF29: =SUM(P86:P89) -> 7
B30: 12.00 - 12.15 | C30: 3 | D30: 0 | E30: 5 | F30: 0 | G30: 0 | H30: 0 | I30: 3 | J30: 0 | K30: 0 | L30: 0 | M30: 17 | N30: 0 | O30: =SUM(C30:L30,N30) -> 11 | P30: =SUM(C30:N30) -> 28 | R30: 0300-0400 | S30: =SUM(C90:C93) -> 0 | T30: =SUM(D90:D93) -> 0 | U30: =SUM(E90:E93) -> 0 | V30: =SUM(F90:F93) -> 0 | W30: =SUM(G90:G93) -> 0 | X30: =SUM(H90:H93) -> 0 | Y30: =SUM(I90:I93) -> 0 | Z30: =SUM(J90:J93) -> 0 | ... AF30: =SUM(P90:P93) -> 0
B31: 12.15 - 12.30 | C31: 6 | D31: 0 | E31: 4 | F31: 3 | G31: 0 | H31: 0 | I31: 3 | J31: 0 | K31: 0 | L31: 0 | M31: 22 | N31: 0 | O31: =SUM(C31:L31,N31) -> 16 | P31: =SUM(C31:N31) -> 38 | R31: 0400-0500 | S31: =SUM(C94:C97) -> 3 | T31: =SUM(D94:D97) -> 0 | U31: =SUM(E94:E97) -> 3 | V31: =SUM(F94:F97) -> 1 | W31: =SUM(G94:G97) -> 0 | X31: =SUM(H94:H97) -> 1 | Y31: =SUM(I94:I97) -> 0 | Z31: =SUM(J94:J97) -> 0 | ... AF31: =SUM(P94:P97) -> 8
B32: 12.30 - 12.45 | C32: 6 | D32: 0 | E32: 8 | F32: 2 | G32: 1 | H32: 0 | I32: 1 | J32: 0 | K32: 0 | L32: 0 | M32: 20 | N32: 0 | O32: =SUM(C32:L32,N32) -> 18 | P32: =SUM(C32:N32) -> 38 | R32: 0500-0600 | S32: =SUM(C98:C101) -> 2 | T32: =SUM(D98:D101) -> 2 | U32: =SUM(E98:E101) -> 1 | V32: =SUM(F98:F101) -> 0 | W32: =SUM(G98:G101) -> 0 | X32: =SUM(H98:H101) -> 0 | Y32: =SUM(I98:I101) -> 1 | Z32: =SUM(J98:J101) -> 0 | ... AF32: =SUM(P98:P101) -> 7
B33: 12.45 - 13.00 | C33: 1 | D33: 0 | E33: 4 | F33: 5 | G33: 0 | H33: 0 | I33: 1 | J33: 0 | K33: 0 | L33: 0 | M33: 15 | N33: 0 | O33: =SUM(C33:L33,N33) -> 11 | P33: =SUM(C33:N33) -> 26 | R33: 0600-0700 | S33: =SUM(C102:C105) -> 5 | T33: =SUM(D102:D105) -> 2 | U33: =SUM(E102:E105) -> 1 | V33: =SUM(F102:F105) -> 1 | W33: =SUM(G102:G105) -> 1 | X33: =SUM(H102:H105) -> 0 | Y33: =SUM(I102:I105) -> 1 | Z33: =SUM(J102:J105) -> 0 | ... AF33: =SUM(P102:P105) -> 25
B34: 13.00 - 13.15 | C34: 5 | D34: 0 | E34: 1 | F34: 2 | G34: 0 | H34: 0 | I34: 1 | J34: 0 | K34: 0 | L34: 0 | M34: 21 | N34: 0 | O34: =SUM(C34:L34,N34) -> 9 | P34: =SUM(C34:N34) -> 30 | R34: AM Peak Hr | S34: =MAX(S10:S12) -> 11 | T34: =MAX(T10:T12) -> 0 | U34: =MAX(U10:U12) -> 15 | V34: =MAX(V10:V12) -> 11 | W34: =MAX(W10:W12) -> 0 | X34: =MAX(X10:X12) -> 0 | Y34: =MAX(Y10:Y12) -> 9 | Z34: =MAX(Z10:Z12) -> 1 | ... AF34: =MAX(AF10:AF12) -> 107
B35: 13.15 - 13.30 | C35: 0 | D35: 0 | E35: 4 | F35: 1 | G35: 0 | H35: 0 | I35: 1 | J35: 0 | K35: 0 | L35: 0 | M35: 17 | N35: 0 | O35: =SUM(C35:L35,N35) -> 6 | P35: =SUM(C35:N35) -> 23 | R35: IP Peak Hr | S35: =MAX(S13:S18) -> 24 | T35: =MAX(T13:T18) -> 0 | U35: =MAX(U13:U18) -> 23 | V35: =MAX(V13:V18) -> 13 | W35: =MAX(W13:W18) -> 1 | X35: =MAX(X13:X18) -> 0 | Y35: =MAX(Y13:Y18) -> 8 | Z35: =MAX(Z13:Z18) -> 1 | ... AF35: =MAX(AF13:AF18) -> 151
B36: 13.30 - 13.45 | C36: 4 | D36: 0 | E36: 1 | F36: 2 | G36: 0 | H36: 0 | I36: 2 | J36: 0 | K36: 0 | L36: 0 | M36: 22 | N36: 0 | O36: =SUM(C36:L36,N36) -> 9 | P36: =SUM(C36:N36) -> 31 | R36: PM Peak Hr | S36: =MAX(S19:S21) -> 12 | T36: =MAX(T19:T21) -> 0 | U36: =MAX(U19:U21) -> 10 | V36: =MAX(V19:V21) -> 13 | W36: =MAX(W19:W21) -> 0 | X36: =MAX(X19:X21) -> 0 | Y36: =MAX(Y19:Y21) -> 11 | Z36: =MAX(Z19:Z21) -> 1 | ... AF36: =MAX(AF19:AF21) -> 138
B37: 13.45 - 14.00 | C37: 2 | D37: 0 | E37: 4 | F37: 5 | G37: 0 | H37: 0 | I37: 2 | J37: 1 | K37: 0 | L37: 0 | M37: 19 | N37: 0 | O37: =SUM(C37:L37,N37) -> 14 | P37: =SUM(C37:N37) -> 33 | R37: AM Period | S37: =SUM(S10:S12) -> 27 | T37: =SUM(T10:T12) -> 0 | U37: =SUM(U10:U12) -> 34 | V37: =SUM(V10:V12) -> 20 | W37: =SUM(W10:W12) -> 0 | X37: =SUM(X10:X12) -> 0 | Y37: =SUM(Y10:Y12) -> 19 | Z37: =SUM(Z10:Z12) -> 1 | ... AF37: =SUM(AF10:AF12) -> 294
B38: 14.00 - 14.15 | C38: 5 | D38: 0 | E38: 4 | F38: 0 | G38: 0 | H38: 0 | I38: 2 | J38: 0 | K38: 0 | L38: 0 | M38: 21 | N38: 0 | O38: =SUM(C38:L38,N38) -> 11 | P38: =SUM(C38:N38) -> 32 | R38: IP Period | S38: =SUM(S13:S18) -> 92 | T38: =SUM(T13:T18) -> 0 | U38: =SUM(U13:U18) -> 101 | V38: =SUM(V13:V18) -> 53 | W38: =SUM(W13:W18) -> 1 | X38: =SUM(X13:X18) -> 0 | Y38: =SUM(Y13:Y18) -> 41 | Z38: =SUM(Z13:Z18) -> 1 | ... AF38: =SUM(AF13:AF18) -> 782
B39: 14.15 - 14.30 | C39: 12 | D39: 0 | E39: 2 | F39: 2 | G39: 0 | H39: 0 | I39: 1 | J39: 0 | K39: 0 | L39: 0 | M39: 15 | N39: 0 | O39: =SUM(C39:L39,N39) -> 17 | P39: =SUM(C39:N39) -> 32 | R39: PM Period | S39: =SUM(S19:S21) -> 34 | T39: =SUM(T19:T21) -> 0 | U39: =SUM(U19:U21) -> 28 | V39: =SUM(V19:V21) -> 36 | W39: =SUM(W19:W21) -> 0 | X39: =SUM(X19:X21) -> 0 | Y39: =SUM(Y19:Y21) -> 21 | Z39: =SUM(Z19:Z21) -> 1 | ... AF39: =SUM(AF19:AF21) -> 385
B40: 14.30 - 14.45 | C40: 3 | D40: 0 | E40: 7 | F40: 3 | G40: 0 | H40: 0 | I40: 1 | J40: 0 | K40: 0 | L40: 0 | M40: 13 | N40: 0 | O40: =SUM(C40:L40,N40) -> 14 | P40: =SUM(C40:N40) -> 27 | R40: 12 Hours | S40: =SUM(S10:S21) -> 153 | T40: =SUM(T10:T21) -> 0 | U40: =SUM(U10:U21) -> 163 | V40: =SUM(V10:V21) -> 109 | W40: =SUM(W10:W21) -> 1 | X40: =SUM(X10:X21) -> 0 | Y40: =SUM(Y10:Y21) -> 81 | Z40: =SUM(Z10:Z21) -> 3 | ... AF40: =SUM(AF10:AF21) -> 1461
B41: 14.45 - 15.00 | C41: 4 | D41: 0 | E41: 9 | F41: 1 | G41: 0 | H41: 0 | I41: 2 | J41: 0 | K41: 0 | L41: 0 | M41: 21 | N41: 0 | O41: =SUM(C41:L41,N41) -> 16 | P41: =SUM(C41:N41) -> 37 | R41: 24 Hrs/ADT | S41: =SUM(S10:S33) -> 218 | T41: =SUM(T10:T33) -> 4 | U41: =SUM(U10:U33) -> 226 | V41: =SUM(V10:V33) -> 154 | W41: =SUM(W10:W33) -> 4 | X41: =SUM(X10:X33) -> 1 | Y41: =SUM(Y10:Y33) -> 139 | Z41: =SUM(Z10:Z33) -> 5 | ... AF41: =SUM(AF10:AF33) -> 1887
B42: 15.00 - 15.15 | C42: 2 | D42: 0 | E42: 1 | F42: 4 | G42: 0 | H42: 0 | I42: 1 | J42: 0 | K42: 1 | L42: 0 | M42: 18 | N42: 0 | O42: =SUM(C42:L42,N42) -> 9 | P42: =SUM(C42:N42) -> 27 | R42: NEF | S42: =S41/S40 -> 1.4248366 | T42: =T41/T40 -> #DIV/0! | U42: =U41/U40 -> 1.3865031 | V42: =V41/V40 -> 1.412844 | W42: =W41/W40 -> 4 | X42: =X41/X40 -> #DIV/0! | Y42: =Y41/Y40 -> 1.7160494 | Z42: =Z41/Z40 -> 1.6666667 | ... AF42: =AF41/AF40 -> 1.2915811
B43: 15.15 - 15.30 | C43: 0 | D43: 0 | E43: 2 | F43: 3 | G43: 0 | H43: 0 | I43: 1 | J43: 0 | K43: 0 | L43: 0 | M43: 27 | N43: 0 | O43: =SUM(C43:L43,N43) -> 6 | P43: =SUM(C43:N43) -> 33
B44: 15.30 - 15.45 | C44: 3 | D44: 0 | E44: 4 | F44: 0 | G44: 0 | H44: 0 | I44: 1 | J44: 0 | K44: 0 | L44: 0 | M44: 23 | N44: 0 | O44: =SUM(C44:L44,N44) -> 8 | P44: =SUM(C44:N44) -> 31
B45: 15.45 - 16.00 | C45: 1 | D45: 0 | E45: 3 | F45: 6 | G45: 0 | H45: 0 | I45: 2 | J45: 0 | K45: 0 | L45: 0 | M45: 15 | N45: 0 | O45: =SUM(C45:L45,N45) -> 12 | P45: =SUM(C45:N45) -> 27
B46: 16.00 - 16.15 | C46: 2 | D46: 0 | E46: 1 | F46: 3 | G46: 0 | H46: 0 | I46: 2 | J46: 0 | K46: 0 | L46: 0 | M46: 24 | N46: 0 | O46: =SUM(C46:L46,N46) -> 8 | P46: =SUM(C46:N46) -> 32
B47: 16.15 -16.30 | C47: 3 | D47: 0 | E47: 2 | F47: 3 | G47: 0 | H47: 0 | I47: 2 | J47: 0 | K47: 0 | L47: 0 | M47: 22 | N47: 0 | O47: =SUM(C47:L47,N47) -> 10 | P47: =SUM(C47:N47) -> 32
B48: 16.30 -16.45 | C48: 4 | D48: 0 | E48: 3 | F48: 3 | G48: 0 | H48: 0 | I48: 4 | J48: 0 | K48: 0 | L48: 0 | M48: 27 | N48: 0 | O48: =SUM(C48:L48,N48) -> 14 | P48: =SUM(C48:N48) -> 41
B49: 16.45 -17.00 | C49: 2 | D49: 0 | E49: 4 | F49: 3 | G49: 0 | H49: 0 | I49: 3 | J49: 0 | K49: 0 | L49: 0 | M49: 21 | N49: 0 | O49: =SUM(C49:L49,N49) -> 12 | P49: =SUM(C49:N49) -> 33
B50: 17.00 -17.15 | C50: 3 | D50: 0 | E50: 5 | F50: 2 | G50: 0 | H50: 0 | I50: 0 | J50: 0 | K50: 0 | L50: 0 | M50: 13 | N50: 0 | O50: =SUM(C50:L50,N50) -> 10 | P50: =SUM(C50:N50) -> 23
B51: 17.15 -17.30 | C51: 2 | D51: 0 | E51: 2 | F51: 5 | G51: 0 | H51: 0 | I51: 4 | J51: 0 | K51: 0 | L51: 2 | M51: 28 | N51: 0 | O51: =SUM(C51:L51,N51) -> 15 | P51: =SUM(C51:N51) -> 43
B52: 17.30 -17.45 | C52: 4 | D52: 0 | E52: 2 | F52: 2 | G52: 0 | H52: 0 | I52: 1 | J52: 0 | K52: 0 | L52: 0 | M52: 25 | N52: 0 | O52: =SUM(C52:L52,N52) -> 9 | P52: =SUM(C52:N52) -> 34
B53: 17.45 -18.00 | C53: 2 | D53: 0 | E53: 0 | F53: 2 | G53: 0 | H53: 0 | I53: 2 | J53: 0 | K53: 0 | L53: 0 | M53: 20 | N53: 0 | O53: =SUM(C53:L53,N53) -> 6 | P53: =SUM(C53:N53) -> 26
B54: 18.00 - 18.15 | C54: 5 | D54: 0 | E54: 2 | F54: 3 | G54: 0 | H54: 0 | I54: 1 | J54: 0 | K54: 0 | L54: 0 | M54: 20 | N54: 0 | O54: =SUM(C54:L54,N54) -> 11 | P54: =SUM(C54:N54) -> 31
... B105: 06.45 - 07.00 | C105: 2 | D105: 2 | E105: 0 | F105: 0 | G105: 1 | H105: 0 | I105: 1 | J105: 0 | K105: 1 | L105: 0 | M105: 7 | N105: 0 | O105: =SUM(C105:L105,N105) -> 7 | P105: =SUM(C105:N105) -> 14
B106: Totals | C106: =SUM(C10:C105) -> 218 | D106: =SUM(D10:D105) -> 4 | E106: =SUM(E10:E105) -> 226 | F106: =SUM(F10:F105) -> 154 | G106: =SUM(G10:G105) -> 4 | H106: =SUM(H10:H105) -> 1 | I106: =SUM(I10:I105) -> 139 | J106: =SUM(J10:J105) -> 5 | ... P106: =SUM(P10:P105) -> 1887
B107: %ges + MCs | C107: =C106/$P$106 -> 0.11552729 | D107: =D106/$P$106 -> 0.0021197668 | E107: =E106/$P$106 -> 0.11976683 | F107: =F106/$P$106 -> 0.081611023 | G107: =G106/$P$106 -> 0.0021197668 | H107: =H106/$P$106 -> 0.00052994171 | I107: =I106/$P$106 -> 0.073661897 | J107: =J106/$P$106 -> 0.0026497085 | ... N107: =N106/$P$106 -> 0
B108: %ges w/o MCs | C108: =C106/$O$106 -> 0.28608924 | D108: =D106/$O$106 -> 0.0052493438 | E108: =E106/$O$106 -> 0.29658793 | F108: =F106/$O$106 -> 0.20209974 | G108: =G106/$O$106 -> 0.0052493438 | H108: =H106/$O$106 -> 0.001312336 | I108: =I106/$O$106 -> 0.1824147 | J108: =J106/$O$106 -> 0.0065616798 | ... L108: =L106/$O$106 -> 0.0026246719 | N108: =N106/$O$106 -> 0

Sheet 24.08 Bukaya-Kampala-24h
B1: Consultancy services for Preparation of Expressway Development Master Plan (EDMP) for Uganda
B2: MANUAL CLASSIFIED COUNT (MCC)
B3: ROAD NAME: | C3: ='19.08 Kampala-Bukaya'!C3:G3 -> MCC - C3 - STN92 - NALUBAALE ROAD
C5: Date | D5: ='24.08 Kampala-Bukaya-24h'!D5 -> 24.08.19 | F5: Location | G5: ='24.08 Kampala-Bukaya-24h'!G5:H5 -> Nyenga | J5: Surveyor | K5: ='24.08 Kampala-Bukaya-24h'!K5:L5 -> xxx
C6: Dir. From | D6: ='19.08 Bukaya-Kampala'!D6:E6 -> Bukaya | F6: Dir. To | G6: ='19.08 Bukaya-Kampala'!G6:H6 -> Kampala | J6: Supervisor | K6: ='24.08 Kampala-Bukaya-24h'!K6:L6 -> xxx
B8: Time / Veh Type | R8: SUMMARY TRAFFIC VOLUMES
C9: 1. Car | D9: 2. Station Wagon | E9: 3. Pickups | F9: 4. Minibus, matatu | G9: 5. Medium bus | H9: 6. Large Bus | I9: 7. Light Truck | J9: 8. Medium Truck | K9: 9. Heavy truck | L9: 10. Truck Trailer | M9: 11. Motor cycles | N9: 12. Tractors | O9: Total Excl M/Cycles | P9: Total All | R9: Time | S9: 1. Car | T9: 2. Station Wagon | U9: 3. Pickups | V9: 4. Minibus, matatu | W9: 5. Medium bus | X9: 6. Large Bus | Y9: 7. Light Truck | Z9: 8. Medium Truck | AA9: 9. Heavy truck | AB9: 10. Truck Trailer | AC9: 11. Motorcycles | AD9: 12. Tractors, Graders | AE9: Total Excl M/ Cycles | AF9: Total All
B10: 07.00 - 07.15 | C10: 1 | D10: 0 | E10: 3 | F10: 2 | G10: 0 | H10: 0 | I10: 0 | J10: 0 | K10: 0 | L10: 0 | M10: 5 | N10: 0 | O10: =SUM(C10:L10,N10) -> 6 | P10: =SUM(C10:N10) -> 11 | R10: 0700-0800 | S10: =SUM(C10:C13) -> 8 | T10: =SUM(D10:D13) -> 0 | U10: =SUM(E10:E13) -> 9 | V10: =SUM(F10:F13) -> 11 | W10: =SUM(G10:G13) -> 0 | X10: =SUM(H10:H13) -> 0 | Y10: =SUM(I10:I13) -> 1 | Z10: =SUM(J10:J13) -> 0 | ... AF10: =SUM(P10:P13) -> 71
B11: 07.15 - 07.30 | C11: 1 | D11: 0 | E11: 2 | F11: 3 | G11: 0 | H11: 0 | I11: 0 | J11: 0 | K11: 0 | L11: 0 | M11: 14 | N11: 0 | O11: =SUM(C11:L11,N11) -> 6 | P11: =SUM(C11:N11) -> 20 | R11: 0800-0900 | S11: =SUM(C14:C17) -> 5 | T11: =SUM(D14:D17) -> 0 | U11: =SUM(E14:E17) -> 5 | V11: =SUM(F14:F17) -> 5 | W11: =SUM(G14:G17) -> 0 | X11: =SUM(H14:H17) -> 0 | Y11: =SUM(I14:I17) -> 1 | Z11: =SUM(J14:J17) -> 0 | ... AF11: =SUM(P14:P17) -> 72
B12: 07.30 - 07.45 | C12: 3 | D12: 0 | E12: 2 | F12: 2 | G12: 0 | H12: 0 | I12: 0 | J12: 0 | K12: 0 | L12: 0 | M12: 13 | N12: 0 | O12: =SUM(C12:L12,N12) -> 7 | P12: =SUM(C12:N12) -> 20 | R12: 0900-1000 | S12: =SUM(C18:C21) -> 8 | T12: =SUM(D18:D21) -> 0 | U12: =SUM(E18:E21) -> 4 | V12: =SUM(F18:F21) -> 5 | W12: =SUM(G18:G21) -> 0 | X12: =SUM(H18:H21) -> 0 | Y12: =SUM(I18:I21) -> 5 | Z12: =SUM(J18:J21) -> 0 | ... AF12: =SUM(P18:P21) -> 96
B13: 07.45 - 08.00 | C13: 3 | D13: 0 | E13: 2 | F13: 4 | G13: 0 | H13: 0 | I13: 1 | J13: 0 | K13: 0 | L13: 0 | M13: 10 | N13: 0 | O13: =SUM(C13:L13,N13) -> 10 | P13: =SUM(C13:N13) -> 20 | R13: 1000-1100 | S13: =SUM(C22:C25) -> 10 | T13: =SUM(D22:D25) -> 0 | U13: =SUM(E22:E25) -> 9 | V13: =SUM(F22:F25) -> 4 | W13: =SUM(G22:G25) -> 0 | X13: =SUM(H22:H25) -> 0 | Y13: =SUM(I22:I25) -> 7 | Z13: =SUM(J22:J25) -> 0 | ... AF13: =SUM(P22:P25) -> 129
B14: 08.00 - 08.15 | C14: 0 | D14: 0 | E14: 2 | F14: 2 | G14: 0 | H14: 0 | I14: 0 | J14: 0 | K14: 0 | L14: 0 | M14: 16 | N14: 0 | O14: =SUM(C14:L14,N14) -> 4 | P14: =SUM(C14:N14) -> 20 | R14: 1100-1200 | S14: =SUM(C26:C29) -> 4 | T14: =SUM(D26:D29) -> 0 | U14: =SUM(E26:E29) -> 13 | V14: =SUM(F26:F29) -> 6 | W14: =SUM(G26:G29) -> 0 | X14: =SUM(H26:H29) -> 0 | Y14: =SUM(I26:I29) -> 3 | Z14: =SUM(J26:J29) -> 0 | ... AF14: =SUM(P26:P29) -> 124
B15: 08.15 - 08.30 | C15: 2 | D15: 0 | E15: 0 | F15: 2 | G15: 0 | H15: 0 | I15: 0 | J15: 0 | K15: 0 | L15: 0 | M15: 13 | N15: 0 | O15: =SUM(C15:L15,N15) -> 4 | P15: =SUM(C15:N15) -> 17 | R15: 1200-1300 | S15: =SUM(C30:C33) -> 13 | T15: =SUM(D30:D33) -> 0 | U15: =SUM(E30:E33) -> 5 | V15: =SUM(F30:F33) -> 9 | W15: =SUM(G30:G33) -> 2 | X15: =SUM(H30:H33) -> 0 | Y15: =SUM(I30:I33) -> 6 | Z15: =SUM(J30:J33) -> 0 | ... AF15: =SUM(P30:P33) -> 123
B16: 08.30 - 08.45 | C16: 1 | D16: 0 | E16: 2 | F16: 0 | G16: 0 | H16: 0 | I16: 0 | J16: 0 | K16: 0 | L16: 0 | M16: 12 | N16: 0 | O16: =SUM(C16:L16,N16) -> 3 | P16: =SUM(C16:N16) -> 15 | R16: 1300-1400 | S16: =SUM(C34:C37) -> 7 | T16: =SUM(D34:D37) -> 0 | U16: =SUM(E34:E37) -> 15 | V16: =SUM(F34:F37) -> 7 | W16: =SUM(G34:G37) -> 0 | X16: =SUM(H34:H37) -> 0 | Y16: =SUM(I34:I37) -> 10 | Z16: =SUM(J34:J37) -> 0 | ... AF16: =SUM(P34:P37) -> 118
B17: 08.45 - 9.00 | C17: 2 | D17: 0 | E17: 1 | F17: 1 | G17: 0 | H17: 0 | I17: 1 | J17: 0 | K17: 0 | L17: 0 | M17: 15 | N17: 0 | O17: =SUM(C17:L17,N17) -> 5 | P17: =SUM(C17:N17) -> 20 | R17: 1400-1500 | S17: =SUM(C38:C41) -> 15 | T17: =SUM(D38:D41) -> 0 | U17: =SUM(E38:E41) -> 14 | V17: =SUM(F38:F41) -> 5 | W17: =SUM(G38:G41) -> 0 | X17: =SUM(H38:H41) -> 0 | Y17: =SUM(I38:I41) -> 6 | Z17: =SUM(J38:J41) -> 0 | ... AF17: =SUM(P38:P41) -> 105
B18: 09.00 - 09.15 | C18: 2 | D18: 0 | E18: 2 | F18: 2 | G18: 0 | H18: 0 | I18: 0 | J18: 0 | K18: 0 | L18: 0 | M18: 18 | N18: 0 | O18: =SUM(C18:L18,N18) -> 6 | P18: =SUM(C18:N18) -> 24 | R18: 1500-1600 | S18: =SUM(C42:C45) -> 16 | T18: =SUM(D42:D45) -> 0 | U18: =SUM(E42:E45) -> 13 | V18: =SUM(F42:F45) -> 8 | W18: =SUM(G42:G45) -> 0 | X18: =SUM(H42:H45) -> 0 | Y18: =SUM(I42:I45) -> 10 | Z18: =SUM(J42:J45) -> 1 | ... AF18: =SUM(P42:P45) -> 130
B19: 09.15 - 09.30 | C19: 4 | D19: 0 | E19: 0 | F19: 1 | G19: 0 | H19: 0 | I19: 1 | J19: 0 | K19: 0 | L19: 0 | M19: 12 | N19: 0 | O19: =SUM(C19:L19,N19) -> 6 | P19: =SUM(C19:N19) -> 18 | R19: 1600-1700 | S19: =SUM(C46:C49) -> 10 | T19: =SUM(D46:D49) -> 0 | U19: =SUM(E46:E49) -> 10 | V19: =SUM(F46:F49) -> 13 | W19: =SUM(G46:G49) -> 1 | X19: =SUM(H46:H49) -> 0 | Y19: =SUM(I46:I49) -> 4 | Z19: =SUM(J46:J49) -> 0 | ... AF19: =SUM(P46:P49) -> 134
B20: 09.30 - 09.45 | C20: 0 | D20: 0 | E20: 2 | F20: 1 | G20: 0 | H20: 0 | I20: 4 | J20: 0 | K20: 1 | L20: 0 | M20: 24 | N20: 0 | O20: =SUM(C20:L20,N20) -> 8 | P20: =SUM(C20:N20) -> 32 | R20: 1700-1800 | S20: =SUM(C50:C53) -> 24 | T20: =SUM(D50:D53) -> 0 | U20: =SUM(E50:E53) -> 18 | V20: =SUM(F50:F53) -> 11 | W20: =SUM(G50:G53) -> 0 | X20: =SUM(H50:H53) -> 0 | Y20: =SUM(I50:I53) -> 5 | Z20: =SUM(J50:J53) -> 1 | ... AF20: =SUM(P50:P53) -> 140
B21: 09.45 - 10.00 | C21: 2 | D21: 0 | E21: 0 | F21: 1 | G21: 0 | H21: 0 | I21: 0 | J21: 0 | K21: 0 | L21: 0 | M21: 19 | N21: 0 | O21: =SUM(C21:L21,N21) -> 3 | P21: =SUM(C21:N21) -> 22 | R21: 1800-1900 | S21: =SUM(C54:C57) -> 15 | T21: =SUM(D54:D57) -> 0 | U21: =SUM(E54:E57) -> 28 | V21: =SUM(F54:F57) -> 8 | W21: =SUM(G54:G57) -> 2 | X21: =SUM(H54:H57) -> 0 | Y21: =SUM(I54:I57) -> 11 | Z21: =SUM(J54:J57) -> 0 | ... AF21: =SUM(P54:P57) -> 154
B22: 10.00 - 10.15 | C22: 3 | D22: 0 | E22: 2 | F22: 1 | G22: 0 | H22: 0 | I22: 0 | J22: 0 | K22: 0 | L22: 0 | M22: 20 | N22: 0 | O22: =SUM(C22:L22,N22) -> 6 | P22: =SUM(C22:N22) -> 26 | R22: 1900-2000 | S22: =SUM(C58:C61) -> 13 | T22: =SUM(D58:D61) -> 0 | U22: =SUM(E58:E61) -> 8 | V22: =SUM(F58:F61) -> 4 | W22: =SUM(G58:G61) -> 1 | X22: =SUM(H58:H61) -> 0 | Y22: =SUM(I58:I61) -> 4 | Z22: =SUM(J58:J61) -> 0 | ... AF22: =SUM(P58:P61) -> 89
B23: 10.15 - 10.30 | C23: 4 | D23: 0 | E23: 2 | F23: 0 | G23: 0 | H23: 0 | I23: 1 | J23: 0 | K23: 0 | L23: 0 | M23: 29 | N23: 0 | O23: =SUM(C23:L23,N23) -> 7 | P23: =SUM(C23:N23) -> 36 | R23: 2000-2100 | S23: =SUM(C62:C65) -> 4 | T23: =SUM(D62:D65) -> 0 | U23: =SUM(E62:E65) -> 15 | V23: =SUM(F62:F65) -> 13 | W23: =SUM(G62:G65) -> 0 | X23: =SUM(H62:H65) -> 0 | Y23: =SUM(I62:I65) -> 14 | Z23: =SUM(J62:J65) -> 1 | ... AF23: =SUM(P62:P65) -> 100
B24: 10.30 - 10.45 | C24: 1 | D24: 0 | E24: 4 | F24: 1 | G24: 0 | H24: 0 | I24: 3 | J24: 0 | K24: 0 | L24: 0 | M24: 26 | N24: 0 | O24: =SUM(C24:L24,N24) -> 9 | P24: =SUM(C24:N24) -> 35 | R24: 2100-2200 | S24: =SUM(C66:C69) -> 8 | T24: =SUM(D66:D69) -> 0 | U24: =SUM(E66:E69) -> 10 | V24: =SUM(F66:F69) -> 7 | W24: =SUM(G66:G69) -> 0 | X24: =SUM(H66:H69) -> 0 | Y24: =SUM(I66:I69) -> 6 | Z24: =SUM(J66:J69) -> 0 | ... AF24: =SUM(P66:P69) -> 70
B25: 10.45 - 11.00 | C25: 2 | D25: 0 | E25: 1 | F25: 2 | G25: 0 | H25: 0 | I25: 3 | J25: 0 | K25: 0 | L25: 0 | M25: 24 | N25: 0 | O25: =SUM(C25:L25,N25) -> 8 | P25: =SUM(C25:N25) -> 32 | R25: 2200-2300 | S25: =SUM(C70:C73) -> 10 | T25: =SUM(D70:D73) -> 0 | U25: =SUM(E70:E73) -> 5 | V25: =SUM(F70:F73) -> 5 | W25: =SUM(G70:G73) -> 1 | X25: =SUM(H70:H73) -> 0 | Y25: =SUM(I70:I73) -> 6 | Z25: =SUM(J70:J73) -> 0 | ... AF25: =SUM(P70:P73) -> 45
B26: 11.00 - 11.15 | C26: 1 | D26: 0 | E26: 5 | F26: 1 | G26: 0 | H26: 0 | I26: 0 | J26: 0 | K26: 0 | L26: 0 | M26: 27 | N26: 0 | O26: =SUM(C26:L26,N26) -> 7 | P26: =SUM(C26:N26) -> 34 | R26: 2300-0000 | S26: =SUM(C74:C77) -> 6 | T26: =SUM(D74:D77) -> 0 | U26: =SUM(E74:E77) -> 11 | V26: =SUM(F74:F77) -> 5 | W26: =SUM(G74:G77) -> 0 | X26: =SUM(H74:H77) -> 0 | Y26: =SUM(I74:I77) -> 14 | Z26: =SUM(J74:J77) -> 1 | ... AF26: =SUM(P74:P77) -> 37
B27: 11.15 - 11.30 | C27: 1 | D27: 0 | E27: 4 | F27: 1 | G27: 0 | H27: 0 | I27: 1 | J27: 0 | K27: 0 | L27: 0 | M27: 25 | N27: 0 | O27: =SUM(C27:L27,N27) -> 7 | P27: =SUM(C27:N27) -> 32 | R27: 0000-0100 | S27: =SUM(C78:C81) -> 7 | T27: =SUM(D78:D81) -> 0 | U27: =SUM(E78:E81) -> 4 | V27: =SUM(F78:F81) -> 6 | W27: =SUM(G78:G81) -> 0 | X27: =SUM(H78:H81) -> 0 | Y27: =SUM(I78:I81) -> 10 | Z27: =SUM(J78:J81) -> 0 | ... AF27: =SUM(P78:P81) -> 28
B28: 11.30 - 11.45 | C28: 1 | D28: 0 | E28: 2 | F28: 2 | G28: 0 | H28: 0 | I28: 1 | J28: 0 | K28: 0 | L28: 0 | M28: 23 | N28: 0 | O28: =SUM(C28:L28,N28) -> 6 | P28: =SUM(C28:N28) -> 29 | R28: 0100-0200 | S28: =SUM(C82:C85) -> 5 | T28: =SUM(D82:D85) -> 0 | U28: =SUM(E82:E85) -> 3 | V28: =SUM(F82:F85) -> 1 | W28: =SUM(G82:G85) -> 0 | X28: =SUM(H82:H85) -> 0 | Y28: =SUM(I82:I85) -> 1 | Z28: =SUM(J82:J85) -> 0 | ... AF28: =SUM(P82:P85) -> 10
B29: 11.45 - 12.00 | C29: 1 | D29: 0 | E29: 2 | F29: 2 | G29: 0 | H29: 0 | I29: 1 | J29: 0 | K29: 0 | L29: 0 | M29: 23 | N29: 0 | O29: =SUM(C29:L29,N29) -> 6 | P29: =SUM(C29:N29) -> 29 | R29: 0200-0300 | S29: =SUM(C86:C89) -> 2 | T29: =SUM(D86:D89) -> 0 | U29: =SUM(E86:E89) -> 2 | V29: =SUM(F86:F89) -> 2 | W29: =SUM(G86:G89) -> 0 | X29: =SUM(H86:H89) -> 0 | Y29: =SUM(I86:I89) -> 1 | Z29: =SUM(J86:J89) -> 0 | ... AF29: =SUM(P86:P89) -> 7
B30: 12.00 - 12.15 | C30: 1 | D30: 0 | E30: 1 | F30: 3 | G30: 0 | H30: 0 | I30: 0 | J30: 0 | K30: 0 | L30: 0 | M30: 21 | N30: 0 | O30: =SUM(C30:L30,N30) -> 5 | P30: =SUM(C30:N30) -> 26 | R30: 0300-0400 | S30: =SUM(C90:C93) -> 0 | T30: =SUM(D90:D93) -> 0 | U30: =SUM(E90:E93) -> 0 | V30: =SUM(F90:F93) -> 0 | W30: =SUM(G90:G93) -> 0 | X30: =SUM(H90:H93) -> 0 | Y30: =SUM(I90:I93) -> 0 | Z30: =SUM(J90:J93) -> 0 | ... AF30: =SUM(P90:P93) -> 0
B31: 12.15 - 12.30 | C31: 5 | D31: 0 | E31: 1 | F31: 2 | G31: 0 | H31: 0 | I31: 2 | J31: 0 | K31: 0 | L31: 0 | M31: 27 | N31: 0 | O31: =SUM(C31:L31,N31) -> 10 | P31: =SUM(C31:N31) -> 37 | R31: 0400-0500 | S31: =SUM(C94:C97) -> 3 | T31: =SUM(D94:D97) -> 0 | U31: =SUM(E94:E97) -> 3 | V31: =SUM(F94:F97) -> 1 | W31: =SUM(G94:G97) -> 0 | X31: =SUM(H94:H97) -> 1 | Y31: =SUM(I94:I97) -> 0 | Z31: =SUM(J94:J97) -> 0 | ... AF31: =SUM(P94:P97) -> 8
B32: 12.30 - 12.45 | C32: 1 | D32: 0 | E32: 2 | F32: 3 | G32: 0 | H32: 0 | I32: 3 | J32: 0 | K32: 0 | L32: 0 | M32: 13 | N32: 0 | O32: =SUM(C32:L32,N32) -> 9 | P32: =SUM(C32:N32) -> 22 | R32: 0500-0600 | S32: =SUM(C98:C101) -> 2 | T32: =SUM(D98:D101) -> 2 | U32: =SUM(E98:E101) -> 1 | V32: =SUM(F98:F101) -> 0 | W32: =SUM(G98:G101) -> 0 | X32: =SUM(H98:H101) -> 0 | Y32: =SUM(I98:I101) -> 1 | Z32: =SUM(J98:J101) -> 0 | ... AF32: =SUM(P98:P101) -> 7
B33: 12.45 - 13.00 | C33: 6 | D33: 0 | E33: 1 | F33: 1 | G33: 2 | H33: 0 | I33: 1 | J33: 0 | K33: 0 | L33: 0 | M33: 27 | N33: 0 | O33: =SUM(C33:L33,N33) -> 11 | P33: =SUM(C33:N33) -> 38 | R33: 0600-0700 | S33: =SUM(C102:C105) -> 5 | T33: =SUM(D102:D105) -> 2 | U33: =SUM(E102:E105) -> 1 | V33: =SUM(F102:F105) -> 1 | W33: =SUM(G102:G105) -> 1 | X33: =SUM(H102:H105) -> 0 | Y33: =SUM(I102:I105) -> 1 | Z33: =SUM(J102:J105) -> 0 | ... AF33: =SUM(P102:P105) -> 25
B34: 13.00 - 13.15 | C34: 1 | D34: 0 | E34: 4 | F34: 1 | G34: 0 | H34: 0 | I34: 2 | J34: 0 | K34: 1 | L34: 0 | M34: 18 | N34: 0 | O34: =SUM(C34:L34,N34) -> 9 | P34: =SUM(C34:N34) -> 27 | R34: AM Peak Hr | S34: =MAX(S10:S12) -> 8 | T34: =MAX(T10:T12) -> 0 | U34: =MAX(U10:U12) -> 9 | V34: =MAX(V10:V12) -> 11 | W34: =MAX(W10:W12) -> 0 | X34: =MAX(X10:X12) -> 0 | Y34: =MAX(Y10:Y12) -> 5 | Z34: =MAX(Z10:Z12) -> 0 | ... AF34: =MAX(AF10:AF12) -> 96
B35: 13.15 - 13.30 | C35: 0 | D35: 0 | E35: 4 | F35: 2 | G35: 0 | H35: 0 | I35: 2 | J35: 0 | K35: 0 | L35: 0 | M35: 22 | N35: 0 | O35: =SUM(C35:L35,N35) -> 8 | P35: =SUM(C35:N35) -> 30 | R35: IP Peak Hr | S35: =MAX(S13:S18) -> 16 | T35: =MAX(T13:T18) -> 0 | U35: =MAX(U13:U18) -> 15 | V35: =MAX(V13:V18) -> 9 | W35: =MAX(W13:W18) -> 2 | X35: =MAX(X13:X18) -> 0 | Y35: =MAX(Y13:Y18) -> 10 | Z35: =MAX(Z13:Z18) -> 1 | ... AF35: =MAX(AF13:AF18) -> 130
B36: 13.30 - 13.45 | C36: 3 | D36: 0 | E36: 5 | F36: 0 | G36: 0 | H36: 0 | I36: 2 | J36: 0 | K36: 0 | L36: 0 | M36: 19 | N36: 0 | O36: =SUM(C36:L36,N36) -> 10 | P36: =SUM(C36:N36) -> 29 | R36: PM Peak Hr | S36: =MAX(S19:S21) -> 24 | T36: =MAX(T19:T21) -> 0 | U36: =MAX(U19:U21) -> 28 | V36: =MAX(V19:V21) -> 13 | W36: =MAX(W19:W21) -> 2 | X36: =MAX(X19:X21) -> 0 | Y36: =MAX(Y19:Y21) -> 11 | Z36: =MAX(Z19:Z21) -> 1 | ... AF36: =MAX(AF19:AF21) -> 154
B37: 13.45 - 14.00 | C37: 3 | D37: 0 | E37: 2 | F37: 4 | G37: 0 | H37: 0 | I37: 4 | J37: 0 | K37: 0 | L37: 0 | M37: 19 | N37: 0 | O37: =SUM(C37:L37,N37) -> 13 | P37: =SUM(C37:N37) -> 32 | R37: AM Period | S37: =SUM(S10:S12) -> 21 | T37: =SUM(T10:T12) -> 0 | U37: =SUM(U10:U12) -> 18 | V37: =SUM(V10:V12) -> 21 | W37: =SUM(W10:W12) -> 0 | X37: =SUM(X10:X12) -> 0 | Y37: =SUM(Y10:Y12) -> 7 | Z37: =SUM(Z10:Z12) -> 0 | ... AF37: =SUM(AF10:AF12) -> 239
B38: 14.00 - 14.15 | C38: 3 | D38: 0 | E38: 2 | F38: 2 | G38: 0 | H38: 0 | I38: 0 | J38: 0 | K38: 0 | L38: 0 | M38: 14 | N38: 0 | O38: =SUM(C38:L38,N38) -> 7 | P38: =SUM(C38:N38) -> 21 | R38: IP Period | S38: =SUM(S13:S18) -> 65 | T38: =SUM(T13:T18) -> 0 | U38: =SUM(U13:U18) -> 69 | V38: =SUM(V13:V18) -> 39 | W38: =SUM(W13:W18) -> 2 | X38: =SUM(X13:X18) -> 0 | Y38: =SUM(Y13:Y18) -> 42 | Z38: =SUM(Z13:Z18) -> 1 | ... AF38: =SUM(AF13:AF18) -> 729
B39: 14.15 - 14.30 | C39: 2 | D39: 0 | E39: 4 | F39: 1 | G39: 0 | H39: 0 | I39: 1 | J39: 0 | K39: 0 | L39: 0 | M39: 20 | N39: 0 | O39: =SUM(C39:L39,N39) -> 8 | P39: =SUM(C39:N39) -> 28 | R39: PM Period | S39: =SUM(S19:S21) -> 49 | T39: =SUM(T19:T21) -> 0 | U39: =SUM(U19:U21) -> 56 | V39: =SUM(V19:V21) -> 32 | W39: =SUM(W19:W21) -> 3 | X39: =SUM(X19:X21) -> 0 | Y39: =SUM(Y19:Y21) -> 20 | Z39: =SUM(Z19:Z21) -> 1 | ... AF39: =SUM(AF19:AF21) -> 428
B40: 14.30 - 14.45 | C40: 4 | D40: 0 | E40: 3 | F40: 2 | G40: 0 | H40: 0 | I40: 2 | J40: 0 | K40: 0 | L40: 0 | M40: 21 | N40: 0 | O40: =SUM(C40:L40,N40) -> 11 | P40: =SUM(C40:N40) -> 32 | R40: 12 Hours | S40: =SUM(S10:S21) -> 135 | T40: =SUM(T10:T21) -> 0 | U40: =SUM(U10:U21) -> 143 | V40: =SUM(V10:V21) -> 92 | W40: =SUM(W10:W21) -> 5 | X40: =SUM(X10:X21) -> 0 | Y40: =SUM(Y10:Y21) -> 69 | Z40: =SUM(Z10:Z21) -> 2 | ... AF40: =SUM(AF10:AF21) -> 1396
B41: 14.45 - 15.00 | C41: 6 | D41: 0 | E41: 5 | F41: 0 | G41: 0 | H41: 0 | I41: 3 | J41: 0 | K41: 0 | L41: 0 | M41: 10 | N41: 0 | O41: =SUM(C41:L41,N41) -> 14 | P41: =SUM(C41:N41) -> 24 | R41: 24 Hrs/ADT | S41: =SUM(S10:S33) -> 200 | T41: =SUM(T10:T33) -> 4 | U41: =SUM(U10:U33) -> 206 | V41: =SUM(V10:V33) -> 137 | W41: =SUM(W10:W33) -> 8 | X41: =SUM(X10:X33) -> 1 | Y41: =SUM(Y10:Y33) -> 127 | Z41: =SUM(Z10:Z33) -> 4 | ... AF41: =SUM(AF10:AF33) -> 1822
B42: 15.00 - 15.15 | C42: 4 | D42: 0 | E42: 2 | F42: 3 | G42: 0 | H42: 0 | I42: 2 | J42: 0 | K42: 0 | L42: 0 | M42: 23 | N42: 0 | O42: =SUM(C42:L42,N42) -> 11 | P42: =SUM(C42:N42) -> 34 | R42: NEF | S42: =S41/S40 -> 1.4814815 | T42: =T41/T40 -> #DIV/0! | U42: =U41/U40 -> 1.4405594 | V42: =V41/V40 -> 1.4891304 | W42: =W41/W40 -> 1.6 | X42: =X41/X40 -> #DIV/0! | Y42: =Y41/Y40 -> 1.8405797 | Z42: =Z41/Z40 -> 2 | ... AF42: =AF41/AF40 -> 1.3051576
B43: 15.15 - 15.30 | C43: 2 | D43: 0 | E43: 4 | F43: 2 | G43: 0 | H43: 0 | I43: 6 | J43: 0 | K43: 0 | L43: 0 | M43: 20 | N43: 0 | O43: =SUM(C43:L43,N43) -> 14 | P43: =SUM(C43:N43) -> 34
B44: 15.30 - 15.45 | C44: 6 | D44: 0 | E44: 3 | F44: 1 | G44: 0 | H44: 0 | I44: 0 | J44: 0 | K44: 0 | L44: 0 | M44: 25 | N44: 0 | O44: =SUM(C44:L44,N44) -> 10 | P44: =SUM(C44:N44) -> 35
B45: 15.45 - 16.00 | C45: 4 | D45: 0 | E45: 4 | F45: 2 | G45: 0 | H45: 0 | I45: 2 | J45: 1 | K45: 0 | L45: 0 | M45: 14 | N45: 0 | O45: =SUM(C45:L45,N45) -> 13 | P45: =SUM(C45:N45) -> 27
B46: 16.00 - 16.15 | C46: 1 | D46: 0 | E46: 1 | F46: 4 | G46: 1 | H46: 0 | I46: 0 | J46: 0 | K46: 0 | L46: 0 | M46: 15 | N46: 0 | O46: =SUM(C46:L46,N46) -> 7 | P46: =SUM(C46:N46) -> 22
B47: 16.15 -16.30 | C47: 3 | D47: 0 | E47: 2 | F47: 2 | G47: 0 | H47: 0 | I47: 2 | J47: 0 | K47: 1 | L47: 0 | M47: 25 | N47: 0 | O47: =SUM(C47:L47,N47) -> 10 | P47: =SUM(C47:N47) -> 35
B48: 16.30 -16.45 | C48: 3 | D48: 0 | E48: 4 | F48: 4 | G48: 0 | H48: 0 | I48: 0 | J48: 0 | K48: 0 | L48: 0 | M48: 30 | N48: 0 | O48: =SUM(C48:L48,N48) -> 11 | P48: =SUM(C48:N48) -> 41
B49: 16.45 -17.00 | C49: 3 | D49: 0 | E49: 3 | F49: 3 | G49: 0 | H49: 0 | I49: 2 | J49: 0 | K49: 0 | L49: 0 | M49: 25 | N49: 0 | O49: =SUM(C49:L49,N49) -> 11 | P49: =SUM(C49:N49) -> 36
B50: 17.00 -17.15 | C50: 2 | D50: 0 | E50: 5 | F50: 2 | G50: 0 | H50: 0 | I50: 0 | J50: 0 | K50: 0 | L50: 0 | M50: 18 | N50: 0 | O50: =SUM(C50:L50,N50) -> 9 | P50: =SUM(C50:N50) -> 27
B51: 17.15 -17.30 | C51: 8 | D51: 0 | E51: 4 | F51: 2 | G51: 0 | H51: 0 | I51: 0 | J51: 1 | K51: 0 | L51: 0 | M51: 18 | N51: 0 | O51: =SUM(C51:L51,N51) -> 15 | P51: =SUM(C51:N51) -> 33
B52: 17.30 -17.45 | C52: 7 | D52: 0 | E52: 6 | F52: 4 | G52: 0 | H52: 0 | I52: 2 | J52: 0 | K52: 0 | L52: 0 | M52: 24 | N52: 0 | O52: =SUM(C52:L52,N52) -> 19 | P52: =SUM(C52:N52) -> 43
B53: 17.45 -18.00 | C53: 7 | D53: 0 | E53: 3 | F53: 3 | G53: 0 | H53: 0 | I53: 3 | J53: 0 | K53: 0 | L53: 0 | M53: 21 | N53: 0 | O53: =SUM(C53:L53,N53) -> 16 | P53: =SUM(C53:N53) -> 37
B54: 18.00 - 18.15 | C54: 1 | D54: 0 | E54: 2 | F54: 1 | G54: 0 | H54: 0 | I54: 6 | J54: 0 | K54: 0 | L54: 0 | M54: 25 | N54: 0 | O54: =SUM(C54:L54,N54) -> 10 | P54: =SUM(C54:N54) -> 35
... B105: 06.45 - 07.00 | C105: 2 | D105: 2 | E105: 0 | F105: 0 | G105: 1 | H105: 0 | I105: 1 | J105: 0 | K105: 1 | L105: 0 | M105: 7 | N105: 0 | O105: =SUM(C105:L105,N105) -> 7 | P105: =SUM(C105:N105) -> 14
B106: Totals | C106: =SUM(C10:C105) -> 200 | D106: =SUM(D10:D105) -> 4 | E106: =SUM(E10:E105) -> 206 | F106: =SUM(F10:F105) -> 137 | G106: =SUM(G10:G105) -> 8 | H106: =SUM(H10:H105) -> 1 | I106: =SUM(I10:I105) -> 127 | J106: =SUM(J10:J105) -> 4 | ... P106: =SUM(P10:P105) -> 1822
B107: %ges + MCs | C107: =C106/$P$106 -> 0.10976948 | D107: =D106/$P$106 -> 0.0021953897 | E107: =E106/$P$106 -> 0.11306257 | F107: =F106/$P$106 -> 0.075192097 | G107: =G106/$P$106 -> 0.0043907794 | H107: =H106/$P$106 -> 0.00054884742 | I107: =I106/$P$106 -> 0.069703622 | J107: =J106/$P$106 -> 0.0021953897 | ... N107: =N106/$P$106 -> 0
B108: %ges w/o MCs | C108: =C106/$O$106 -> 0.28735632 | D108: =D106/$O$106 -> 0.0057471264 | E108: =E106/$O$106 -> 0.29597701 | F108: =F106/$O$106 -> 0.19683908 | G108: =G106/$O$106 -> 0.011494253 | H108: =H106/$O$106 -> 0.0014367816 | I108: =I106/$O$106 -> 0.18247126 | J108: =J106/$O$106 -> 0.0057471264 | ... L108: =L106/$O$106 -> 0 | N108: =N106/$O$106 -> 0

Sheet 25.08 Kampala-Bukaya
B1: Consultancy services for Preparation of Expressway Development Master Plan (EDMP) for Uganda
B2: MANUAL CLASSIFIED COUNT (MCC)
B3: ROAD NAME: | C3: ='19.08 Kampala-Bukaya'!C3:G3 -> MCC - C3 - STN92 - NALUBAALE ROAD
C5: Date | D5: 25.08.19 | F5: Location | G5: ='24.08 Bukaya-Kampala-24h'!G5:H5 -> Nyenga | J5: Surveyor | K5: ='24.08 Bukaya-Kampala-24h'!K5:L5 -> xxx
C6: Dir. From | D6: ='19.08 Kampala-Bukaya'!D6:E6 -> Kampala | F6: Dir. To | G6: ='19.08 Kampala-Bukaya'!G6:H6 -> Bukaya | J6: Supervisor | K6: ='24.08 Bukaya-Kampala-24h'!K6:L6 -> xxx
B8: Time / Veh Type | R8: SUMMARY TRAFFIC VOLUMES
C9: 1. Car | D9: 2. Station Wagon | E9: 3. Pickups | F9: 4. Minibus, matatu | G9: 5. Medium bus | H9: 6. Large Bus | I9: 7. Light Truck | J9: 8. Medium Truck | K9: 9. Heavy truck | L9: 10. Truck Trailer | M9: 11. Motor cycles | N9: 12. Tractors | O9: Total Excl M/Cycles | P9: Total All | R9: Time | S9: 1. Car | T9: 2. Station Wagon | U9: 3. Pickups | V9: 4. Minibus, matatu | W9: 5. Medium bus | X9: 6. Large Bus | Y9: 7. Light Truck | Z9: 8. Medium Truck | AA9: 9. Heavy truck | AB9: 10. Truck Trailer | AC9: 11. Motorcycles | AD9: 12. Tractors, Graders | AE9: Total Excl M/ Cycles | AF9: Total All
B10: 07.00 - 07.15 | C10: 1 | D10: 0 | E10: 2 | F10: 0 | G10: 0 | H10: 0 | I10: 1 | J10: 0 | K10: 0 | L10: 0 | M10: 8 | N10: 0 | O10: =SUM(C10:L10,N10) -> 4 | P10: =SUM(C10:N10) -> 12 | R10: 0700-0800 | S10: =SUM(C10:C13) -> 6 | T10: =SUM(D10:D13) -> 0 | U10: =SUM(E10:E13) -> 10 | V10: =SUM(F10:F13) -> 2 | W10: =SUM(G10:G13) -> 1 | X10: =SUM(H10:H13) -> 0 | Y10: =SUM(I10:I13) -> 6 | Z10: =SUM(J10:J13) -> 0 | ... AF10: =SUM(P10:P13) -> 65
B11: 07.15 - 07.30 | C11: 0 | D11: 0 | E11: 1 | F11: 0 | G11: 0 | H11: 0 | I11: 2 | J11: 0 | K11: 0 | L11: 0 | M11: 7 | N11: 0 | O11: =SUM(C11:L11,N11) -> 3 | P11: =SUM(C11:N11) -> 10 | R11: 0800-0900 | S11: =SUM(C14:C17) -> 11 | T11: =SUM(D14:D17) -> 0 | U11: =SUM(E14:E17) -> 6 | V11: =SUM(F14:F17) -> 6 | W11: =SUM(G14:G17) -> 0 | X11: =SUM(H14:H17) -> 0 | Y11: =SUM(I14:I17) -> 5 | Z11: =SUM(J14:J17) -> 0 | ... AF11: =SUM(P14:P17) -> 78
B12: 07.30 - 07.45 | C12: 1 | D12: 0 | E12: 3 | F12: 2 | G12: 0 | H12: 0 | I12: 2 | J12: 0 | K12: 0 | L12: 0 | M12: 13 | N12: 0 | O12: =SUM(C12:L12,N12) -> 8 | P12: =SUM(C12:N12) -> 21 | R12: 0900-1000 | S12: =SUM(C18:C21) -> 21 | T12: =SUM(D18:D21) -> 0 | U12: =SUM(E18:E21) -> 11 | V12: =SUM(F18:F21) -> 10 | W12: =SUM(G18:G21) -> 0 | X12: =SUM(H18:H21) -> 0 | Y12: =SUM(I18:I21) -> 7 | Z12: =SUM(J18:J21) -> 0 | ... AF12: =SUM(P18:P21) -> 128
B13: 07.45 - 08.00 | C13: 4 | D13: 0 | E13: 4 | F13: 0 | G13: 1 | H13: 0 | I13: 1 | J13: 0 | K13: 0 | L13: 0 | M13: 12 | N13: 0 | O13: =SUM(C13:L13,N13) -> 10 | P13: =SUM(C13:N13) -> 22 | R13: 1000-1100 | S13: =SUM(C22:C25) -> 23 | T13: =SUM(D22:D25) -> 0 | U13: =SUM(E22:E25) -> 26 | V13: =SUM(F22:F25) -> 11 | W13: =SUM(G22:G25) -> 1 | X13: =SUM(H22:H25) -> 0 | Y13: =SUM(I22:I25) -> 6 | Z13: =SUM(J22:J25) -> 0 | ... AF13: =SUM(P22:P25) -> 147
B14: 08.00 - 08.15 | C14: 5 | D14: 0 | E14: 0 | F14: 1 | G14: 0 | H14: 0 | I14: 0 | J14: 0 | K14: 0 | L14: 0 | M14: 10 | N14: 0 | O14: =SUM(C14:L14,N14) -> 6 | P14: =SUM(C14:N14) -> 16 | R14: 1100-1200 | S14: =SUM(C26:C29) -> 20 | T14: =SUM(D26:D29) -> 0 | U14: =SUM(E26:E29) -> 18 | V14: =SUM(F26:F29) -> 9 | W14: =SUM(G26:G29) -> 3 | X14: =SUM(H26:H29) -> 0 | Y14: =SUM(I26:I29) -> 5 | Z14: =SUM(J26:J29) -> 0 | ... AF14: =SUM(P26:P29) -> 142
B15: 08.15 - 08.30 | C15: 2 | D15: 0 | E15: 1 | F15: 1 | G15: 0 | H15: 0 | I15: 2 | J15: 0 | K15: 0 | L15: 0 | M15: 14 | N15: 0 | O15: =SUM(C15:L15,N15) -> 6 | P15: =SUM(C15:N15) -> 20 | R15: 1200-1300 | S15: =SUM(C30:C33) -> 15 | T15: =SUM(D30:D33) -> 0 | U15: =SUM(E30:E33) -> 20 | V15: =SUM(F30:F33) -> 11 | W15: =SUM(G30:G33) -> 1 | X15: =SUM(H30:H33) -> 0 | Y15: =SUM(I30:I33) -> 7 | Z15: =SUM(J30:J33) -> 0 | ... AF15: =SUM(P30:P33) -> 149
B16: 08.30 - 08.45 | C16: 3 | D16: 0 | E16: 0 | F16: 2 | G16: 0 | H16: 0 | I16: 3 | J16: 0 | K16: 0 | L16: 0 | M16: 9 | N16: 0 | O16: =SUM(C16:L16,N16) -> 8 | P16: =SUM(C16:N16) -> 17 | R16: 1300-1400 | S16: =SUM(C34:C37) -> 22 | T16: =SUM(D34:D37) -> 0 | U16: =SUM(E34:E37) -> 21 | V16: =SUM(F34:F37) -> 11 | W16: =SUM(G34:G37) -> 0 | X16: =SUM(H34:H37) -> 0 | Y16: =SUM(I34:I37) -> 3 | Z16: =SUM(J34:J37) -> 1 | ... AF16: =SUM(P34:P37) -> 130
B17: 08.45 - 9.00 | C17: 1 | D17: 0 | E17: 5 | F17: 2 | G17: 0 | H17: 0 | I17: 0 | J17: 0 | K17: 0 | L17: 0 | M17: 17 | N17: 0 | O17: =SUM(C17:L17,N17) -> 8 | P17: =SUM(C17:N17) -> 25 | R17: 1400-1500 | S17: =SUM(C38:C41) -> 22 | T17: =SUM(D38:D41) -> 0 | U17: =SUM(E38:E41) -> 7 | V17: =SUM(F38:F41) -> 9 | W17: =SUM(G38:G41) -> 0 | X17: =SUM(H38:H41) -> 0 | Y17: =SUM(I38:I41) -> 9 | Z17: =SUM(J38:J41) -> 0 | ... AF17: =SUM(P38:P41) -> 120
B18: 09.00 - 09.15 | C18: 6 | D18: 0 | E18: 2 | F18: 1 | G18: 0 | H18: 0 | I18: 4 | J18: 0 | K18: 0 | L18: 0 | M18: 22 | N18: 0 | O18: =SUM(C18:L18,N18) -> 13 | P18: =SUM(C18:N18) -> 35 | R18: 1500-1600 | S18: =SUM(C42:C45) -> 14 | T18: =SUM(D42:D45) -> 0 | U18: =SUM(E42:E45) -> 13 | V18: =SUM(F42:F45) -> 9 | W18: =SUM(G42:G45) -> 0 | X18: =SUM(H42:H45) -> 0 | Y18: =SUM(I42:I45) -> 7 | Z18: =SUM(J42:J45) -> 0 | ... AF18: =SUM(P42:P45) -> 111
B19: 09.15 - 09.30 | C19: 5 | D19: 0 | E19: 4 | F19: 2 | G19: 0 | H19: 0 | I19: 0 | J19: 0 | K19: 0 | L19: 0 | M19: 16 | N19: 0 | O19: =SUM(C19:L19,N19) -> 11 | P19: =SUM(C19:N19) -> 27 | R19: 1600-1700 | S19: =SUM(C46:C49) -> 10 | T19: =SUM(D46:D49) -> 0 | U19: =SUM(E46:E49) -> 5 | V19: =SUM(F46:F49) -> 10 | W19: =SUM(G46:G49) -> 0 | X19: =SUM(H46:H49) -> 0 | Y19: =SUM(I46:I49) -> 5 | Z19: =SUM(J46:J49) -> 0 | ... AF19: =SUM(P46:P49) -> 106
B20: 09.30 - 09.45 | C20: 4 | D20: 0 | E20: 4 | F20: 4 | G20: 0 | H20: 0 | I20: 1 | J20: 0 | K20: 0 | L20: 0 | M20: 14 | N20: 0 | O20: =SUM(C20:L20,N20) -> 13 | P20: =SUM(C20:N20) -> 27 | R20: 1700-1800 | S20: =SUM(C50:C53) -> 8 | T20: =SUM(D50:D53) -> 0 | U20: =SUM(E50:E53) -> 6 | V20: =SUM(F50:F53) -> 13 | W20: =SUM(G50:G53) -> 0 | X20: =SUM(H50:H53) -> 0 | Y20: =SUM(I50:I53) -> 0 | Z20: =SUM(J50:J53) -> 0 | ... AF20: =SUM(P50:P53) -> 113
B21: 09.45 - 10.00 | C21: 6 | D21: 0 | E21: 1 | F21: 3 | G21: 0 | H21: 0 | I21: 2 | J21: 0 | K21: 0 | L21: 0 | M21: 27 | N21: 0 | O21: =SUM(C21:L21,N21) -> 12 | P21: =SUM(C21:N21) -> 39 | R21: 1800-1900 | S21: =SUM(C54:C57) -> 8 | T21: =SUM(D54:D57) -> 0 | U21: =SUM(E54:E57) -> 9 | V21: =SUM(F54:F57) -> 10 | W21: =SUM(G54:G57) -> 0 | X21: =SUM(H54:H57) -> 0 | Y21: =SUM(I54:I57) -> 2 | Z21: =SUM(J54:J57) -> 0 | ... AF21: =SUM(P54:P57) -> 109
B22: 10.00 - 10.15 | C22: 6 | D22: 0 | E22: 4 | F22: 3 | G22: 0 | H22: 0 | I22: 1 | J22: 0 | K22: 0 | L22: 0 | M22: 24 | N22: 0 | O22: =SUM(C22:L22,N22) -> 14 | P22: =SUM(C22:N22) -> 38 | R22: AM Peak Hr | S22: =MAX(S10:S12) -> 21 | T22: =MAX(T10:T12) -> 0 | U22: =MAX(U10:U12) -> 11 | V22: =MAX(V10:V12) -> 10 | W22: =MAX(W10:W12) -> 1 | X22: =MAX(X10:X12) -> 0 | Y22: =MAX(Y10:Y12) -> 7 | Z22: =MAX(Z10:Z12) -> 0 | ... AF22: =MAX(AF10:AF12) -> 128
B23: 10.15 - 10.30 | C23: 4 | D23: 0 | E23: 7 | F23: 3 | G23: 0 | H23: 0 | I23: 1 | J23: 0 | K23: 0 | L23: 0 | M23: 16 | N23: 0 | O23: =SUM(C23:L23,N23) -> 15 | P23: =SUM(C23:N23) -> 31 | R23: IP Peak Hr | S23: =MAX(S13:S18) -> 23 | T23: =MAX(T13:T18) -> 0 | U23: =MAX(U13:U18) -> 26 | V23: =MAX(V13:V18) -> 11 | W23: =MAX(W13:W18) -> 3 | X23: =MAX(X13:X18) -> 0 | Y23: =MAX(Y13:Y18) -> 9 | Z23: =MAX(Z13:Z18) -> 1 | ... AF23: =MAX(AF13:AF18) -> 149
B24: 10.30 - 10.45 | C24: 11 | D24: 0 | E24: 9 | F24: 2 | G24: 0 | H24: 0 | I24: 2 | J24: 0 | K24: 0 | L24: 0 | M24: 20 | N24: 0 | O24: =SUM(C24:L24,N24) -> 24 | P24: =SUM(C24:N24) -> 44 | R24: PM Peak Hr | S24: =MAX(S19:S21) -> 10 | T24: =MAX(T19:T21) -> 0 | U24: =MAX(U19:U21) -> 9 | V24: =MAX(V19:V21) -> 13 | W24: =MAX(W19:W21) -> 0 | X24: =MAX(X19:X21) -> 0 | Y24: =MAX(Y19:Y21) -> 5 | Z24: =MAX(Z19:Z21) -> 0 | ... AF24: =MAX(AF19:AF21) -> 113
B25: 10.45 - 11.00 | C25: 2 | D25: 0 | E25: 6 | F25: 3 | G25: 1 | H25: 0 | I25: 2 | J25: 0 | K25: 0 | L25: 0 | M25: 20 | N25: 0 | O25: =SUM(C25:L25,N25) -> 14 | P25: =SUM(C25:N25) -> 34 | R25: AM Period | S25: =SUM(S10:S12) -> 38 | T25: =SUM(T10:T12) -> 0 | U25: =SUM(U10:U12) -> 27 | V25: =SUM(V10:V12) -> 18 | W25: =SUM(W10:W12) -> 1 | X25: =SUM(X10:X12) -> 0 | Y25: =SUM(Y10:Y12) -> 18 | Z25: =SUM(Z10:Z12) -> 0 | ... AF25: =SUM(AF10:AF12) -> 271
B26: 11.00 - 11.15 | C26: 4 | D26: 0 | E26: 5 | F26: 2 | G26: 0 | H26: 0 | I26: 1 | J26: 0 | K26: 0 | L26: 0 | M26: 15 | N26: 0 | O26: =SUM(C26:L26,N26) -> 12 | P26: =SUM(C26:N26) -> 27 | R26: IP Period | S26: =SUM(S13:S18) -> 116 | T26: =SUM(T13:T18) -> 0 | U26: =SUM(U13:U18) -> 105 | V26: =SUM(V13:V18) -> 60 | W26: =SUM(W13:W18) -> 5 | X26: =SUM(X13:X18) -> 0 | Y26: =SUM(Y13:Y18) -> 37 | Z26: =SUM(Z13:Z18) -> 1 | ... AF26: =SUM(AF13:AF18) -> 799
B27: 11.15 - 11.30 | C27: 6 | D27: 0 | E27: 3 | F27: 3 | G27: 1 | H27: 0 | I27: 1 | J27: 0 | K27: 0 | L27: 0 | M27: 26 | N27: 0 | O27: =SUM(C27:L27,N27) -> 14 | P27: =SUM(C27:N27) -> 40 | R27: PM Period | S27: =SUM(S19:S21) -> 26 | T27: =SUM(T19:T21) -> 0 | U27: =SUM(U19:U21) -> 20 | V27: =SUM(V19:V21) -> 33 | W27: =SUM(W19:W21) -> 0 | X27: =SUM(X19:X21) -> 0 | Y27: =SUM(Y19:Y21) -> 7 | Z27: =SUM(Z19:Z21) -> 0 | ... AF27: =SUM(AF19:AF21) -> 328
B28: 11.30 - 11.45 | C28: 4 | D28: 0 | E28: 5 | F28: 2 | G28: 0 | H28: 0 | I28: 1 | J28: 0 | K28: 0 | L28: 0 | M28: 26 | N28: 0 | O28: =SUM(C28:L28,N28) -> 12 | P28: =SUM(C28:N28) -> 38 | R28: 12 Hours | S28: =SUM(S10:S21) -> 180 | T28: =SUM(T10:T21) -> 0 | U28: =SUM(U10:U21) -> 152 | V28: =SUM(V10:V21) -> 111 | W28: =SUM(W10:W21) -> 6 | X28: =SUM(X10:X21) -> 0 | Y28: =SUM(Y10:Y21) -> 62 | Z28: =SUM(Z10:Z21) -> 1 | ... AF28: =SUM(AF10:AF21) -> 1398
B29: 11.45 - 12.00 | C29: 6 | D29: 0 | E29: 5 | F29: 2 | G29: 2 | H29: 0 | I29: 2 | J29: 0 | K29: 0 | L29: 0 | M29: 20 | N29: 0 | O29: =SUM(C29:L29,N29) -> 17 | P29: =SUM(C29:N29) -> 37
B30: 12.00 - 12.15 | C30: 7 | D30: 0 | E30: 0 | F30: 6 | G30: 0 | H30: 0 | I30: 2 | J30: 0 | K30: 0 | L30: 0 | M30: 27 | N30: 0 | O30: =SUM(C30:L30,N30) -> 15 | P30: =SUM(C30:N30) -> 42
B31: 12.15 - 12.30 | C31: 5 | D31: 0 | E31: 7 | F31: 2 | G31: 0 | H31: 0 | I31: 1 | J31: 0 | K31: 0 | L31: 0 | M31: 21 | N31: 0 | O31: =SUM(C31:L31,N31) -> 15 | P31: =SUM(C31:N31) -> 36
B32: 12.30 - 12.45 | C32: 1 | D32: 0 | E32: 6 | F32: 0 | G32: 0 | H32: 0 | I32: 4 | J32: 0 | K32: 0 | L32: 0 | M32: 19 | N32: 0 | O32: =SUM(C32:L32,N32) -> 11 | P32: =SUM(C32:N32) -> 30
B33: 12.45 - 13.00 | C33: 2 | D33: 0 | E33: 7 | F33: 3 | G33: 1 | H33: 0 | I33: 0 | J33: 0 | K33: 0 | L33: 0 | M33: 28 | N33: 0 | O33: =SUM(C33:L33,N33) -> 13 | P33: =SUM(C33:N33) -> 41
B34: 13.00 - 13.15 | C34: 5 | D34: 0 | E34: 3 | F34: 3 | G34: 0 | H34: 0 | I34: 3 | J34: 1 | K34: 0 | L34: 0 | M34: 17 | N34: 0 | O34: =SUM(C34:L34,N34) -> 15 | P34: =SUM(C34:N34) -> 32
B35: 13.15 - 13.30 | C35: 6 | D35: 0 | E35: 4 | F35: 2 | G35: 0 | H35: 0 | I35: 0 | J35: 0 | K35: 1 | L35: 0 | M35: 10 | N35: 0 | O35: =SUM(C35:L35,N35) -> 13 | P35: =SUM(C35:N35) -> 23
B36: 13.30 - 13.45 | C36: 7 | D36: 0 | E36: 4 | F36: 4 | G36: 0 | H36: 0 | I36: 0 | J36: 0 | K36: 0 | L36: 0 | M36: 19 | N36: 0 | O36: =SUM(C36:L36,N36) -> 15 | P36: =SUM(C36:N36) -> 34
B37: 13.45 - 14.00 | C37: 4 | D37: 0 | E37: 10 | F37: 2 | G37: 0 | H37: 0 | I37: 0 | J37: 0 | K37: 0 | L37: 0 | M37: 25 | N37: 0 | O37: =SUM(C37:L37,N37) -> 16 | P37: =SUM(C37:N37) -> 41
B38: 14.00 - 14.15 | C38: 9 | D38: 0 | E38: 3 | F38: 2 | G38: 0 | H38: 0 | I38: 2 | J38: 0 | K38: 0 | L38: 0 | M38: 16 | N38: 0 | O38: =SUM(C38:L38,N38) -> 16 | P38: =SUM(C38:N38) -> 32
B39: 14.15 - 14.30 | C39: 4 | D39: 0 | E39: 1 | F39: 2 | G39: 0 | H39: 0 | I39: 2 | J39: 0 | K39: 0 | L39: 0 | M39: 22 | N39: 0 | O39: =SUM(C39:L39,N39) -> 9 | P39: =SUM(C39:N39) -> 31
B40: 14.30 - 14.45 | C40: 4 | D40: 0 | E40: 2 | F40: 2 | G40: 0 | H40: 0 | I40: 0 | J40: 0 | K40: 0 | L40: 0 | M40: 18 | N40: 0 | O40: =SUM(C40:L40,N40) -> 8 | P40: =SUM(C40:N40) -> 26
... B57: 18.45 - 19.00 | C57: 4 | D57: 0 | E57: 3 | F57: 1 | G57: 0 | H57: 0 | I57: 0 | J57: 0 | K57: 0 | L57: 0 | M57: 20 | N57: 0 | O57: =SUM(C57:L57,N57) -> 8 | P57: =SUM(C57:N57) -> 28
B58: Totals | C58: =SUM(C10:C57) -> 180 | D58: =SUM(D10:D57) -> 0 | E58: =SUM(E10:E57) -> 152 | F58: =SUM(F10:F57) -> 111 | G58: =SUM(G10:G57) -> 6 | H58: =SUM(H10:H57) -> 0 | I58: =SUM(I10:I57) -> 62 | J58: =SUM(J10:J57) -> 1 | ... P58: =SUM(P10:P57) -> 1398
B59: %ges + MCs | C59: =C58/$P$58 -> 0.12875536 | D59: =D58/$P$58 -> 0 | E59: =E58/$P$58 -> 0.10872675 | F59: =F58/$P$58 -> 0.079399142 | G59: =G58/$P$58 -> 0.0042918455 | H59: =H58/$P$58 -> 0 | I59: =I58/$P$58 -> 0.04434907 | J59: =J58/$P$58 -> 0.00071530758 | ... N59: =N58/$P$58 -> 0
B60: %ges w/o MCs | C60: =C58/$O$58 -> 0.35087719 | D60: =D58/$O$58 -> 0 | E60: =E58/$O$58 -> 0.2962963 | F60: =F58/$O$58 -> 0.21637427 | G60: =G58/$O$58 -> 0.011695906 | H60: =H58/$O$58 -> 0 | I60: =I58/$O$58 -> 0.1208577 | J60: =J58/$O$58 -> 0.0019493177 | ... L60: =L58/$O$58 -> 0 | N60: =N58/$O$58 -> 0

Sheet 25.08 Bukaya-Kampala
B1: Consultancy services for Preparation of Expressway Development Master Plan (EDMP) for Uganda
B2: MANUAL CLASSIFIED COUNT (MCC)
B3: ROAD NAME: | C3: ='19.08 Bukaya-Kampala'!C3:G3 -> MCC - C3 - STN92 - NALUBAALE ROAD
C5: Date | D5: ='25.08 Kampala-Bukaya'!D5 -> 25.08.19 | F5: Location | G5: ='25.08 Kampala-Bukaya'!G5:H5 -> Nyenga | J5: Surveyor | K5: ='25.08 Kampala-Bukaya'!K5:L5 -> xxx
C6: Dir. From | D6: ='19.08 Bukaya-Kampala'!D6:E6 -> Bukaya | F6: Dir. To | G6: ='19.08 Bukaya-Kampala'!G6:H6 -> Kampala | J6: Supervisor | K6: ='25.08 Kampala-Bukaya'!K6:L6 -> xxx
B8: Time / Veh Type | R8: SUMMARY TRAFFIC VOLUMES
C9: 1. Car | D9: 2. Station Wagon | E9: 3. Pickups | F9: 4. Minibus, matatu | G9: 5. Medium bus | H9: 6. Large Bus | I9: 7. Light Truck | J9: 8. Medium Truck | K9: 9. Heavy truck | L9: 10. Truck Trailer | M9: 11. Motor cycles | N9: 12. Tractors | O9: Total Excl M/Cycles | P9: Total All | R9: Time | S9: 1. Car | T9: 2. Station Wagon | U9: 3. Pickups | V9: 4. Minibus, matatu | W9: 5. Medium bus | X9: 6. Large Bus | Y9: 7. Light Truck | Z9: 8. Medium Truck | AA9: 9. Heavy truck | AB9: 10. Truck Trailer | AC9: 11. Motorcycles | AD9: 12. Tractors, Graders | AE9: Total Excl M/ Cycles | AF9: Total All
B10: 07.00 - 07.15 | C10: 1 | D10: 0 | E10: 0 | F10: 1 | G10: 0 | H10: 0 | I10: 0 | J10: 0 | K10: 0 | L10: 0 | M10: 3 | N10: 0 | O10: =SUM(C10:L10,N10) -> 2 | P10: =SUM(C10:N10) -> 5 | R10: 0700-0800 | S10: =SUM(C10:C13) -> 1 | T10: =SUM(D10:D13) -> 0 | U10: =SUM(E10:E13) -> 4 | V10: =SUM(F10:F13) -> 6 | W10: =SUM(G10:G13) -> 1 | X10: =SUM(H10:H13) -> 0 | Y10: =SUM(I10:I13) -> 1 | Z10: =SUM(J10:J13) -> 0 | ... AF10: =SUM(P10:P13) -> 50
B11: 07.15 - 07.30 | C11: 0 | D11: 0 | E11: 1 | F11: 0 | G11: 1 | H11: 0 | I11: 0 | J11: 0 | K11: 0 | L11: 0 | M11: 11 | N11: 0 | O11: =SUM(C11:L11,N11) -> 2 | P11: =SUM(C11:N11) -> 13 | R11: 0800-0900 | S11: =SUM(C14:C17) -> 4 | T11: =SUM(D14:D17) -> 0 | U11: =SUM(E14:E17) -> 4 | V11: =SUM(F14:F17) -> 4 | W11: =SUM(G14:G17) -> 0 | X11: =SUM(H14:H17) -> 0 | Y11: =SUM(I14:I17) -> 4 | Z11: =SUM(J14:J17) -> 0 | ... AF11: =SUM(P14:P17) -> 90
B12: 07.30 - 07.45 | C12: 0 | D12: 0 | E12: 1 | F12: 5 | G12: 0 | H12: 0 | I12: 1 | J12: 0 | K12: 0 | L12: 0 | M12: 12 | N12: 0 | O12: =SUM(C12:L12,N12) -> 7 | P12: =SUM(C12:N12) -> 19 | R12: 0900-1000 | S12: =SUM(C18:C21) -> 8 | T12: =SUM(D18:D21) -> 0 | U12: =SUM(E18:E21) -> 4 | V12: =SUM(F18:F21) -> 5 | W12: =SUM(G18:G21) -> 0 | X12: =SUM(H18:H21) -> 0 | Y12: =SUM(I18:I21) -> 5 | Z12: =SUM(J18:J21) -> 0 | ... AF12: =SUM(P18:P21) -> 93
B13: 07.45 - 08.00 | C13: 0 | D13: 0 | E13: 2 | F13: 0 | G13: 0 | H13: 0 | I13: 0 | J13: 0 | K13: 0 | L13: 0 | M13: 11 | N13: 0 | O13: =SUM(C13:L13,N13) -> 2 | P13: =SUM(C13:N13) -> 13 | R13: 1000-1100 | S13: =SUM(C22:C25) -> 8 | T13: =SUM(D22:D25) -> 0 | U13: =SUM(E22:E25) -> 7 | V13: =SUM(F22:F25) -> 10 | W13: =SUM(G22:G25) -> 0 | X13: =SUM(H22:H25) -> 0 | Y13: =SUM(I22:I25) -> 2 | Z13: =SUM(J22:J25) -> 0 | ... AF13: =SUM(P22:P25) -> 100
B14: 08.00 - 08.15 | C14: 1 | D14: 0 | E14: 0 | F14: 1 | G14: 0 | H14: 0 | I14: 1 | J14: 0 | K14: 0 | L14: 0 | M14: 17 | N14: 0 | O14: =SUM(C14:L14,N14) -> 3 | P14: =SUM(C14:N14) -> 20 | R14: 1100-1200 | S14: =SUM(C26:C29) -> 5 | T14: =SUM(D26:D29) -> 0 | U14: =SUM(E26:E29) -> 8 | V14: =SUM(F26:F29) -> 6 | W14: =SUM(G26:G29) -> 2 | X14: =SUM(H26:H29) -> 0 | Y14: =SUM(I26:I29) -> 9 | Z14: =SUM(J26:J29) -> 0 | ... AF14: =SUM(P26:P29) -> 93
B15: 08.15 - 08.30 | C15: 2 | D15: 0 | E15: 1 | F15: 1 | G15: 0 | H15: 0 | I15: 2 | J15: 0 | K15: 0 | L15: 0 | M15: 19 | N15: 0 | O15: =SUM(C15:L15,N15) -> 6 | P15: =SUM(C15:N15) -> 25 | R15: 1200-1300 | S15: =SUM(C30:C33) -> 7 | T15: =SUM(D30:D33) -> 0 | U15: =SUM(E30:E33) -> 7 | V15: =SUM(F30:F33) -> 7 | W15: =SUM(G30:G33) -> 0 | X15: =SUM(H30:H33) -> 0 | Y15: =SUM(I30:I33) -> 2 | Z15: =SUM(J30:J33) -> 0 | ... AF15: =SUM(P30:P33) -> 117
B16: 08.30 - 08.45 | C16: 1 | D16: 0 | E16: 3 | F16: 1 | G16: 0 | H16: 0 | I16: 0 | J16: 0 | K16: 0 | L16: 0 | M16: 22 | N16: 0 | O16: =SUM(C16:L16,N16) -> 5 | P16: =SUM(C16:N16) -> 27 | R16: 1300-1400 | S16: =SUM(C34:C37) -> 15 | T16: =SUM(D34:D37) -> 0 | U16: =SUM(E34:E37) -> 8 | V16: =SUM(F34:F37) -> 7 | W16: =SUM(G34:G37) -> 3 | X16: =SUM(H34:H37) -> 0 | Y16: =SUM(I34:I37) -> 4 | Z16: =SUM(J34:J37) -> 0 | ... AF16: =SUM(P34:P37) -> 124
B17: 08.45 - 9.00 | C17: 0 | D17: 0 | E17: 0 | F17: 1 | G17: 0 | H17: 0 | I17: 1 | J17: 0 | K17: 0 | L17: 0 | M17: 16 | N17: 0 | O17: =SUM(C17:L17,N17) -> 2 | P17: =SUM(C17:N17) -> 18 | R17: 1400-1500 | S17: =SUM(C38:C41) -> 15 | T17: =SUM(D38:D41) -> 0 | U17: =SUM(E38:E41) -> 22 | V17: =SUM(F38:F41) -> 11 | W17: =SUM(G38:G41) -> 0 | X17: =SUM(H38:H41) -> 0 | Y17: =SUM(I38:I41) -> 3 | Z17: =SUM(J38:J41) -> 0 | ... AF17: =SUM(P38:P41) -> 127
B18: 09.00 - 09.15 | C18: 1 | D18: 0 | E18: 0 | F18: 2 | G18: 0 | H18: 0 | I18: 1 | J18: 0 | K18: 1 | L18: 0 | M18: 17 | N18: 0 | O18: =SUM(C18:L18,N18) -> 5 | P18: =SUM(C18:N18) -> 22 | R18: 1500-1600 | S18: =SUM(C42:C45) -> 30 | T18: =SUM(D42:D45) -> 0 | U18: =SUM(E42:E45) -> 34 | V18: =SUM(F42:F45) -> 14 | W18: =SUM(G42:G45) -> 0 | X18: =SUM(H42:H45) -> 0 | Y18: =SUM(I42:I45) -> 7 | Z18: =SUM(J42:J45) -> 0 | ... AF18: =SUM(P42:P45) -> 168
B19: 09.15 - 09.30 | C19: 2 | D19: 0 | E19: 1 | F19: 2 | G19: 0 | H19: 0 | I19: 2 | J19: 0 | K19: 0 | L19: 0 | M19: 19 | N19: 0 | O19: =SUM(C19:L19,N19) -> 7 | P19: =SUM(C19:N19) -> 26 | R19: 1600-1700 | S19: =SUM(C46:C49) -> 21 | T19: =SUM(D46:D49) -> 0 | U19: =SUM(E46:E49) -> 19 | V19: =SUM(F46:F49) -> 14 | W19: =SUM(G46:G49) -> 0 | X19: =SUM(H46:H49) -> 0 | Y19: =SUM(I46:I49) -> 7 | Z19: =SUM(J46:J49) -> 1 | ... AF19: =SUM(P46:P49) -> 150
