Workbook

Sheet 26.10 KASESE-PONDWE
B1: Consultancy services for Preparation of Expressway Development Master Plan (EDMP) for Uganda
B2: MANUAL CLASSIFIED COUNT (MCC)
B3: ROAD NAME: | C3: MCC - C4 - STN137 - KASESE ROAD
C5: Date | D5: 26.10.19 | F5: Location | G5: KABUYIRI | J5: Surveyor | K5: NGURU WILLY
C6: Dir. From | D6: KASESE | F6: Dir. To | G6: PONDWE | J6: Supervisor | K6: GODFREY
B8: Time / Veh Type | R8: SUMMARY TRAFFIC VOLUMES
C9: 1. Car | D9: 2. Station Wagon | E9: 3. Pickups | F9: 4. Minibus, matatu | G9: 5. Medium bus | H9: 6. Large Bus | I9: 7. Light Truck | J9: 8. Medium Truck | K9: 9. Heavy truck | L9: 10. Truck Trailer | M9: 11. Motor cycles | N9: 12. Tractors | O9: Total Excl M/Cycles | P9: Total All | R9: Time | S9: 1. Car | T9: 2. Station Wagon | U9: 3. Pickups | V9: 4. Minibus, matatu | W9: 5. Medium bus | X9: 6. Large Bus | Y9: 7. Light Truck | Z9: 8. Medium Truck | AA9: 9. Heavy truck | AB9: 10. Truck Trailer | AC9: 11. Motorcycles | AD9: 12. Tractors, Graders | AE9: Total Excl M/ Cycles | AF9: Total All
B10: 07.00 - 07.15 | C10: 0 | D10: 0 | E10: 0 | F10: 0 | G10: 0 | H10: 0 | I10: 1 | J10: 0 | K10: 0 | L10: 0 | M10: 2 | N10: 0 | O10: =SUM(C10:L10,N10) -> 1 | P10: =SUM(C10:N10) -> 3 | R10: 0700-0800 | S10: =SUM(C10:C13) -> 1 | T10: =SUM(D10:D13) -> 0 | U10: =SUM(E10:E13) -> 0 | V10: =SUM(F10:F13) -> 1 | W10: =SUM(G10:G13) -> 0 | X10: =SUM(H10:H13) -> 0 | Y10: =SUM(I10:I13) -> 1 | Z10: =SUM(J10:J13) -> 1 | ... AF10: =SUM(P10:P13) -> 16
B11: 07.15 - 07.30 | C11: 1 | D11: 0 | E11: 0 | F11: 1 | G11: 0 | H11: 0 | I11: 0 | J11: 1 | K11: 0 | L11: 0 | M11: 0 | N11: 0 | O11: =SUM(C11:L11,N11) -> 3 | P11: =SUM(C11:N11) -> 3 | R11: 0800-0900 | S11: =SUM(C14:C17) -> 12 | T11: =SUM(D14:D17) -> 2 | U11: =SUM(E14:E17) -> 1 | V11: =SUM(F14:F17) -> 1 | W11: =SUM(G14:G17) -> 0 | X11: =SUM(H14:H17) -> 3 | Y11: =SUM(I14:I17) -> 3 | Z11: =SUM(J14:J17) -> 3 | ... AF11: =SUM(P14:P17) -> 141
B12: 07.30 - 07.45 | C12: 0 | D12: 0 | E12: 0 | F12: 0 | G12: 0 | H12: 0 | I12: 0 | J12: 0 | K12: 0 | L12: 1 | M12: 4 | N12: 0 | O12: =SUM(C12:L12,N12) -> 1 | P12: =SUM(C12:N12) -> 5 | R12: 0900-1000 | S12: =SUM(C18:C21) -> 9 | T12: =SUM(D18:D21) -> 2 | U12: =SUM(E18:E21) -> 1 | V12: =SUM(F18:F21) -> 0 | W12: =SUM(G18:G21) -> 0 | X12: =SUM(H18:H21) -> 0 | Y12: =SUM(I18:I21) -> 1 | Z12: =SUM(J18:J21) -> 4 | ... AF12: =SUM(P18:P21) -> 39
B13: 07.45 - 08.00 | C13: 0 | D13: 0 | E13: 0 | F13: 0 | G13: 0 | H13: 0 | I13: 0 | J13: 0 | K13: 0 | L13: 0 | M13: 5 | N13: 0 | O13: =SUM(C13:L13,N13) -> 0 | P13: =SUM(C13:N13) -> 5 | R13: 1000-1100 | S13: =SUM(C22:C25) -> 11 | T13: =SUM(D22:D25) -> 2 | U13: =SUM(E22:E25) -> 0 | V13: =SUM(F22:F25) -> 1 | W13: =SUM(G22:G25) -> 0 | X13: =SUM(H22:H25) -> 1 | Y13: =SUM(I22:I25) -> 1 | Z13: =SUM(J22:J25) -> 3 | ... AF13: =SUM(P22:P25) -> 66
B14: 08.00 - 08.15 | C14: 0 | D14: 0 | E14: 1 | F14: 1 | G14: 0 | H14: 2 | I14: 3 | J14: 1 | K14: 1 | L14: 0 | M14: 18 | N14: 0 | O14: =SUM(C14:L14,N14) -> 9 | P14: =SUM(C14:N14) -> 27 | R14: 1100-1200 | S14: =SUM(C26:C29) -> 25 | T14: =SUM(D26:D29) -> 0 | U14: =SUM(E26:E29) -> 0 | V14: =SUM(F26:F29) -> 3 | W14: =SUM(G26:G29) -> 0 | X14: =SUM(H26:H29) -> 2 | Y14: =SUM(I26:I29) -> 0 | Z14: =SUM(J26:J29) -> 0 | ... AF14: =SUM(P26:P29) -> 200
B15: 08.15 - 08.30 | C15: 5 | D15: 1 | E15: 0 | F15: 0 | G15: 0 | H15: 0 | I15: 0 | J15: 1 | K15: 0 | L15: 0 | M15: 47 | N15: 0 | O15: =SUM(C15:L15,N15) -> 7 | P15: =SUM(C15:N15) -> 54 | R15: 1200-1300 | S15: =SUM(C30:C33) -> 20 | T15: =SUM(D30:D33) -> 1 | U15: =SUM(E30:E33) -> 1 | V15: =SUM(F30:F33) -> 5 | W15: =SUM(G30:G33) -> 0 | X15: =SUM(H30:H33) -> 2 | Y15: =SUM(I30:I33) -> 0 | Z15: =SUM(J30:J33) -> 2 | ... AF15: =SUM(P30:P33) -> 231
B16: 08.30 - 08.45 | C16: 5 | D16: 1 | E16: 0 | F16: 0 | G16: 0 | H16: 1 | I16: 0 | J16: 0 | K16: 0 | L16: 0 | M16: 35 | N16: 0 | O16: =SUM(C16:L16,N16) -> 7 | P16: =SUM(C16:N16) -> 42 | R16: 1300-1400 | S16: =SUM(C34:C37) -> 13 | T16: =SUM(D34:D37) -> 3 | U16: =SUM(E34:E37) -> 3 | V16: =SUM(F34:F37) -> 5 | W16: =SUM(G34:G37) -> 0 | X16: =SUM(H34:H37) -> 1 | Y16: =SUM(I34:I37) -> 1 | Z16: =SUM(J34:J37) -> 1 | ... AF16: =SUM(P34:P37) -> 191
B17: 08.45 - 9.00 | C17: 2 | D17: 0 | E17: 0 | F17: 0 | G17: 0 | H17: 0 | I17: 0 | J17: 1 | K17: 0 | L17: 2 | M17: 13 | N17: 0 | O17: =SUM(C17:L17,N17) -> 5 | P17: =SUM(C17:N17) -> 18 | R17: 1400-1500 | S17: =SUM(C38:C41) -> 7 | T17: =SUM(D38:D41) -> 0 | U17: =SUM(E38:E41) -> 0 | V17: =SUM(F38:F41) -> 7 | W17: =SUM(G38:G41) -> 0 | X17: =SUM(H38:H41) -> 0 | Y17: =SUM(I38:I41) -> 0 | Z17: =SUM(J38:J41) -> 2 | ... AF17: =SUM(P38:P41) -> 131
B18: 09.00 - 09.15 | C18: 3 | D18: 0 | E18: 0 | F18: 0 | G18: 0 | H18: 0 | I18: 1 | J18: 1 | K18: 0 | L18: 0 | M18: 18 | N18: 0 | O18: =SUM(C18:L18,N18) -> 5 | P18: =SUM(C18:N18) -> 23 | R18: 1500-1600 | S18: =SUM(C42:C45) -> 11 | T18: =SUM(D42:D45) -> 1 | U18: =SUM(E42:E45) -> 1 | V18: =SUM(F42:F45) -> 4 | W18: =SUM(G42:G45) -> 0 | X18: =SUM(H42:H45) -> 1 | Y18: =SUM(I42:I45) -> 1 | Z18: =SUM(J42:J45) -> 3 | ... AF18: =SUM(P42:P45) -> 181
B19: 09.15 - 09.30 | C19: 5 | D19: 0 | E19: 0 | F19: 0 | G19: 0 | H19: 0 | I19: 0 | J19: 2 | K19: 0 | L19: 0 | M19: 1 | N19: 0 | O19: =SUM(C19:L19,N19) -> 7 | P19: =SUM(C19:N19) -> 8 | R19: 1600-1700 | S19: =SUM(C46:C49) -> 15 | T19: =SUM(D46:D49) -> 1 | U19: =SUM(E46:E49) -> 1 | V19: =SUM(F46:F49) -> 8 | W19: =SUM(G46:G49) -> 0 | X19: =SUM(H46:H49) -> 1 | Y19: =SUM(I46:I49) -> 0 | Z19: =SUM(J46:J49) -> 1 | ... AF19: =SUM(P46:P49) -> 299
B20: 09.30 - 09.45 | C20: 0 | D20: 2 | E20: 0 | F20: 0 | G20: 0 | H20: 0 | I20: 0 | J20: 0 | K20: 0 | L20: 0 | M20: 2 | N20: 0 | O20: =SUM(C20:L20,N20) -> 2 | P20: =SUM(C20:N20) -> 4 | R20: 1700-1800 | S20: =SUM(C50:C53) -> 14 | T20: =SUM(D50:D53) -> 2 | U20: =SUM(E50:E53) -> 1 | V20: =SUM(F50:F53) -> 5 | W20: =SUM(G50:G53) -> 0 | X20: =SUM(H50:H53) -> 1 | Y20: =SUM(I50:I53) -> 2 | Z20: =SUM(J50:J53) -> 0 | ... AF20: =SUM(P50:P53) -> 191
B21: 09.45 - 10.00 | C21: 1 | D21: 0 | E21: 1 | F21: 0 | G21: 0 | H21: 0 | I21: 0 | J21: 1 | K21: 0 | L21: 0 | M21: 1 | N21: 0 | O21: =SUM(C21:L21,N21) -> 3 | P21: =SUM(C21:N21) -> 4 | R21: 1800-1900 | S21: =SUM(C54:C57) -> 11 | T21: =SUM(D54:D57) -> 3 | U21: =SUM(E54:E57) -> 0 | V21: =SUM(F54:F57) -> 2 | W21: =SUM(G54:G57) -> 0 | X21: =SUM(H54:H57) -> 1 | Y21: =SUM(I54:I57) -> 2 | Z21: =SUM(J54:J57) -> 0 | ... AF21: =SUM(P54:P57) -> 300
B22: 10.00 - 10.15 | C22: 3 | D22: 1 | E22: 0 | F22: 0 | G22: 0 | H22: 1 | I22: 0 | J22: 1 | K22: 0 | L22: 0 | M22: 3 | N22: 0 | O22: =SUM(C22:L22,N22) -> 6 | P22: =SUM(C22:N22) -> 9 | R22: AM Peak Hr | S22: =MAX(S10:S12) -> 12 | T22: =MAX(T10:T12) -> 2 | U22: =MAX(U10:U12) -> 1 | V22: =MAX(V10:V12) -> 1 | W22: =MAX(W10:W12) -> 0 | X22: =MAX(X10:X12) -> 3 | Y22: =MAX(Y10:Y12) -> 3 | Z22: =MAX(Z10:Z12) -> 4 | ... AF22: =MAX(AF10:AF12) -> 141
B23: 10.15 - 10.30 | C23: 1 | D23: 0 | E23: 0 | F23: 1 | G23: 0 | H23: 0 | I23: 1 | J23: 0 | K23: 0 | L23: 0 | M23: 10 | N23: 0 | O23: =SUM(C23:L23,N23) -> 3 | P23: =SUM(C23:N23) -> 13 | R23: IP Peak Hr | S23: =MAX(S13:S18) -> 25 | T23: =MAX(T13:T18) -> 3 | U23: =MAX(U13:U18) -> 3 | V23: =MAX(V13:V18) -> 7 | W23: =MAX(W13:W18) -> 0 | X23: =MAX(X13:X18) -> 2 | Y23: =MAX(Y13:Y18) -> 1 | Z23: =MAX(Z13:Z18) -> 3 | ... AF23: =MAX(AF13:AF18) -> 231
B24: 10.30 - 10.45 | C24: 4 | D24: 1 | E24: 0 | F24: 0 | G24: 0 | H24: 0 | I24: 0 | J24: 0 | K24: 0 | L24: 0 | M24: 20 | N24: 0 | O24: =SUM(C24:L24,N24) -> 5 | P24: =SUM(C24:N24) -> 25 | R24: PM Peak Hr | S24: =MAX(S19:S21) -> 15 | T24: =MAX(T19:T21) -> 3 | U24: =MAX(U19:U21) -> 1 | V24: =MAX(V19:V21) -> 8 | W24: =MAX(W19:W21) -> 0 | X24: =MAX(X19:X21) -> 1 | Y24: =MAX(Y19:Y21) -> 2 | Z24: =MAX(Z19:Z21) -> 1 | ... AF24: =MAX(AF19:AF21) -> 300
B25: 10.45 - 11.00 | C25: 3 | D25: 0 | E25: 0 | F25: 0 | G25: 0 | H25: 0 | I25: 0 | J25: 2 | K25: 0 | L25: 1 | M25: 13 | N25: 0 | O25: =SUM(C25:L25,N25) -> 6 | P25: =SUM(C25:N25) -> 19 | R25: AM Period | S25: =SUM(S10:S12) -> 22 | T25: =SUM(T10:T12) -> 4 | U25: =SUM(U10:U12) -> 2 | V25: =SUM(V10:V12) -> 2 | W25: =SUM(W10:W12) -> 0 | X25: =SUM(X10:X12) -> 3 | Y25: =SUM(Y10:Y12) -> 5 | Z25: =SUM(Z10:Z12) -> 8 | ... AF25: =SUM(AF10:AF12) -> 196
B26: 11.00 - 11.15 | C26: 2 | D26: 0 | E26: 0 | F26: 0 | G26: 0 | H26: 0 | I26: 0 | J26: 0 | K26: 0 | L26: 0 | M26: 25 | N26: 0 | O26: =SUM(C26:L26,N26) -> 2 | P26: =SUM(C26:N26) -> 27 | R26: IP Period | S26: =SUM(S13:S18) -> 87 | T26: =SUM(T13:T18) -> 7 | U26: =SUM(U13:U18) -> 5 | V26: =SUM(V13:V18) -> 25 | W26: =SUM(W13:W18) -> 0 | X26: =SUM(X13:X18) -> 7 | Y26: =SUM(Y13:Y18) -> 3 | Z26: =SUM(Z13:Z18) -> 11 | ... AF26: =SUM(AF13:AF18) -> 1000
B27: 11.15 - 11.30 | C27: 10 | D27: 0 | E27: 0 | F27: 1 | G27: 0 | H27: 0 | I27: 0 | J27: 0 | K27: 0 | L27: 0 | M27: 53 | N27: 0 | O27: =SUM(C27:L27,N27) -> 11 | P27: =SUM(C27:N27) -> 64 | R27: PM Period | S27: =SUM(S19:S21) -> 40 | T27: =SUM(T19:T21) -> 6 | U27: =SUM(U19:U21) -> 2 | V27: =SUM(V19:V21) -> 15 | W27: =SUM(W19:W21) -> 0 | X27: =SUM(X19:X21) -> 3 | Y27: =SUM(Y19:Y21) -> 4 | Z27: =SUM(Z19:Z21) -> 1 | ... AF27: =SUM(AF19:AF21) -> 790
B28: 11.30 - 11.45 | C28: 4 | D28: 0 | E28: 0 | F28: 0 | G28: 0 | H28: 2 | I28: 0 | J28: 0 | K28: 0 | L28: 1 | M28: 41 | N28: 0 | O28: =SUM(C28:L28,N28) -> 7 | P28: =SUM(C28:N28) -> 48 | R28: 12 Hours | S28: =SUM(S10:S21) -> 149 | T28: =SUM(T10:T21) -> 17 | U28: =SUM(U10:U21) -> 9 | V28: =SUM(V10:V21) -> 42 | W28: =SUM(W10:W21) -> 0 | X28: =SUM(X10:X21) -> 13 | Y28: =SUM(Y10:Y21) -> 12 | Z28: =SUM(Z10:Z21) -> 20 | ... AF28: =SUM(AF10:AF21) -> 1986
B29: 11.45 - 12.00 | C29: 9 | D29: 0 | E29: 0 | F29: 2 | G29: 0 | H29: 0 | I29: 0 | J29: 0 | K29: 0 | L29: 1 | M29: 49 | N29: 0 | O29: =SUM(C29:L29,N29) -> 12 | P29: =SUM(C29:N29) -> 61
B30: 12.00 - 12.15 | C30: 5 | D30: 0 | E30: 1 | F30: 0 | G30: 0 | H30: 0 | I30: 0 | J30: 0 | K30: 0 | L30: 0 | M30: 64 | N30: 0 | O30: =SUM(C30:L30,N30) -> 6 | P30: =SUM(C30:N30) -> 70
B31: 12.15 - 12.30 | C31: 5 | D31: 0 | E31: 0 | F31: 1 | G31: 0 | H31: 1 | I31: 0 | J31: 2 | K31: 0 | L31: 0 | M31: 48 | N31: 0 | O31: =SUM(C31:L31,N31) -> 9 | P31: =SUM(C31:N31) -> 57
B32: 12.30 - 12.45 | C32: 8 | D32: 1 | E32: 0 | F32: 0 | G32: 0 | H32: 1 | I32: 0 | J32: 0 | K32: 1 | L32: 2 | M32: 37 | N32: 0 | O32: =SUM(C32:L32,N32) -> 13 | P32: =SUM(C32:N32) -> 50
B33: 12.45 - 13.00 | C33: 2 | D33: 0 | E33: 0 | F33: 4 | G33: 0 | H33: 0 | I33: 0 | J33: 0 | K33: 0 | L33: 1 | M33: 47 | N33: 0 | O33: =SUM(C33:L33,N33) -> 7 | P33: =SUM(C33:N33) -> 54
B34: 13.00 - 13.15 | C34: 4 | D34: 1 | E34: 1 | F34: 0 | G34: 0 | H34: 0 | I34: 0 | J34: 0 | K34: 1 | L34: 0 | M34: 72 | N34: 0 | O34: =SUM(C34:L34,N34) -> 7 | P34: =SUM(C34:N34) -> 79
B35: 13.15 - 13.30 | C35: 3 | D35: 2 | E35: 0 | F35: 0 | G35: 0 | H35: 0 | I35: 0 | J35: 0 | K35: 0 | L35: 1 | M35: 24 | N35: 0 | O35: =SUM(C35:L35,N35) -> 6 | P35: =SUM(C35:N35) -> 30
B36: 13.30 - 13.45 | C36: 3 | D36: 0 | E36: 0 | F36: 1 | G36: 0 | H36: 1 | I36: 1 | J36: 1 | K36: 0 | L36: 1 | M36: 21 | N36: 0 | O36: =SUM(C36:L36,N36) -> 8 | P36: =SUM(C36:N36) -> 29
B37: 13.45 - 14.00 | C37: 3 | D37: 0 | E37: 2 | F37: 4 | G37: 0 | H37: 0 | I37: 0 | J37: 0 | K37: 0 | L37: 2 | M37: 42 | N37: 0 | O37: =SUM(C37:L37,N37) -> 11 | P37: =SUM(C37:N37) -> 53
B38: 14.00 - 14.15 | C38: 0 | D38: 0 | E38: 0 | F38: 0 | G38: 0 | H38: 0 | I38: 0 | J38: 0 | K38: 0 | L38: 0 | M38: 18 | N38: 0 | O38: =SUM(C38:L38,N38) -> 0 | P38: =SUM(C38:N38) -> 18
B39: 14.15 - 14.30 | C39: 2 | D39: 0 | E39: 0 | F39: 2 | G39: 0 | H39: 0 | I39: 0 | J39: 1 | K39: 0 | L39: 4 | M39: 23 | N39: 0 | O39: =SUM(C39:L39,N39) -> 9 | P39: =SUM(C39:N39) -> 32
B40: 14.30 - 14.45 | C40: 2 | D40: 0 | E40: 0 | F40: 3 | G40: 0 | H40: 0 | I40: 0 | J40: 0 | K40: 0 | L40: 0 | M40: 36 | N40: 0 | O40: =SUM(C40:L40,N40) -> 5 | P40: =SUM(C40:N40) -> 41
... B57: 18.45 - 19.00 | C57: 2 | D57: 1 | E57: 0 | F57: 1 | G57: 0 | H57: 0 | I57: 1 | J57: 0 | K57: 0 | L57: 0 | M57: 51 | N57: 0 | O57: =SUM(C57:L57,N57) -> 5 | P57: =SUM(C57:N57) -> 56
B58: Totals | C58: =SUM(C10:C57) -> 149 | D58: =SUM(D10:D57) -> 17 | E58: =SUM(E10:E57) -> 9 | F58: =SUM(F10:F57) -> 42 | G58: =SUM(G10:G57) -> 0 | H58: =SUM(H10:H57) -> 13 | I58: =SUM(I10:I57) -> 12 | J58: =SUM(J10:J57) -> 20 | ... P58: =SUM(P10:P57) -> 1986
B59: %ges + MCs | C59: =C58/$P$58 -> 0.075025176 | D59: =D58/$P$58 -> 0.0085599194 | E59: =E58/$P$58 -> 0.0045317221 | F59: =F58/$P$58 -> 0.021148036 | G59: =G58/$P$58 -> 0 | H59: =H58/$P$58 -> 0.0065458207 | I59: =I58/$P$58 -> 0.0060422961 | J59: =J58/$P$58 -> 0.010070493 | ... N59: =N58/$P$58 -> 0
B60: %ges w/o MCs | C60: =C58/$O$58 -> 0.49666667 | D60: =D58/$O$58 -> 0.056666667 | E60: =E58/$O$58 -> 0.03 | F60: =F58/$O$58 -> 0.14 | G60: =G58/$O$58 -> 0 | H60: =H58/$O$58 -> 0.043333333 | I60: =I58/$O$58 -> 0.04 | J60: =J58/$O$58 -> 0.066666667 | ... L60: =L58/$O$58 -> 0.11333333 | N60: =N58/$O$58 -> 0

Sheet 26.10.PONDWE-KASESE
B1: Consultancy services for Preparation of Expressway Development Master Plan (EDMP) for Uganda
B2: MANUAL CLASSIFIED COUNT (MCC)
B3: ROAD NAME: | C3: ='26.10 KASESE-PONDWE'!C3:G3 -> MCC - C4 - STN137 - KASESE ROAD
C5: Date | D5: ='26.10 KASESE-PONDWE'!D5 -> 26.10.19 | F5: Location | G5: ='26.10 KASESE-PONDWE'!G5:H5 -> KABUYIRI | J5: Surveyor | K5: NAKIWUGE ALLEN
C6: Dir. From | D6: PONDWE | F6: Dir. To | G6: KASESE | J6: Supervisor | K6: ='26.10 KASESE-PONDWE'!K6:L6 -> GODFREY
B8: Time / Veh Type | R8: SUMMARY TRAFFIC VOLUMES
C9: 1. Car | D9: 2. Station Wagon | E9: 3. Pickups | F9: 4. Minibus, matatu | G9: 5. Medium bus | H9: 6. Large Bus | I9: 7. Light Truck | J9: 8. Medium Truck | K9: 9. Heavy truck | L9: 10. Truck Trailer | M9: 11. Motor cycles | N9: 12. Tractors | O9: Total Excl M/Cycles | P9: Total All | R9: Time | S9: 1. Car | T9: 2. Station Wagon | U9: 3. Pickups | V9: 4. Minibus, matatu | W9: 5. Medium bus | X9: 6. Large Bus | Y9: 7. Light Truck | Z9: 8. Medium Truck | AA9: 9. Heavy truck | AB9: 10. Truck Trailer | AC9: 11. Motorcycles | AD9: 12. Tractors, Graders | AE9: Total Excl M/ Cycles | AF9: Total All
B10: 07.00 - 07.15 | C10: 1 | D10: 0 | E10: 0 | F10: 0 | G10: 0 | H10: 0 | I10: 0 | J10: 0 | K10: 0 | L10: 0 | M10: 17 | N10: 0 | O10: =SUM(C10:L10,N10) -> 1 | P10: =SUM(C10:N10) -> 18 | R10: 0700-0800 | S10: =SUM(C10:C13) -> 4 | T10: =SUM(D10:D13) -> 0 | U10: =SUM(E10:E13) -> 0 | V10: =SUM(F10:F13) -> 0 | W10: =SUM(G10:G13) -> 0 | X10: =SUM(H10:H13) -> 1 | Y10: =SUM(I10:I13) -> 1 | Z10: =SUM(J10:J13) -> 0 | ... AF10: =SUM(P10:P13) -> 80
B11: 07.15 - 07.30 | C11: 0 | D11: 0 | E11: 0 | F11: 0 | G11: 0 | H11: 0 | I11: 1 | J11: 0 | K11: 0 | L11: 0 | M11: 22 | N11: 0 | O11: =SUM(C11:L11,N11) -> 1 | P11: =SUM(C11:N11) -> 23 | R11: 0800-0900 | S11: =SUM(C14:C17) -> 7 | T11: =SUM(D14:D17) -> 1 | U11: =SUM(E14:E17) -> 0 | V11: =SUM(F14:F17) -> 0 | W11: =SUM(G14:G17) -> 0 | X11: =SUM(H14:H17) -> 3 | Y11: =SUM(I14:I17) -> 1 | Z11: =SUM(J14:J17) -> 0 | ... AF11: =SUM(P14:P17) -> 88
B12: 07.30 - 07.45 | C12: 2 | D12: 0 | E12: 0 | F12: 0 | G12: 0 | H12: 1 | I12: 0 | J12: 0 | K12: 0 | L12: 0 | M12: 21 | N12: 0 | O12: =SUM(C12:L12,N12) -> 3 | P12: =SUM(C12:N12) -> 24 | R12: 0900-1000 | S12: =SUM(C18:C21) -> 10 | T12: =SUM(D18:D21) -> 1 | U12: =SUM(E18:E21) -> 1 | V12: =SUM(F18:F21) -> 0 | W12: =SUM(G18:G21) -> 0 | X12: =SUM(H18:H21) -> 1 | Y12: =SUM(I18:I21) -> 1 | Z12: =SUM(J18:J21) -> 2 | ... AF12: =SUM(P18:P21) -> 53
B13: 07.45 - 08.00 | C13: 1 | D13: 0 | E13: 0 | F13: 0 | G13: 0 | H13: 0 | I13: 0 | J13: 0 | K13: 0 | L13: 0 | M13: 14 | N13: 0 | O13: =SUM(C13:L13,N13) -> 1 | P13: =SUM(C13:N13) -> 15 | R13: 1000-1100 | S13: =SUM(C22:C25) -> 9 | T13: =SUM(D22:D25) -> 0 | U13: =SUM(E22:E25) -> 0 | V13: =SUM(F22:F25) -> 0 | W13: =SUM(G22:G25) -> 0 | X13: =SUM(H22:H25) -> 0 | Y13: =SUM(I22:I25) -> 1 | Z13: =SUM(J22:J25) -> 1 | ... AF13: =SUM(P22:P25) -> 70
B14: 08.00 - 08.15 | C14: 2 | D14: 0 | E14: 0 | F14: 0 | G14: 0 | H14: 1 | I14: 0 | J14: 0 | K14: 0 | L14: 0 | M14: 24 | N14: 0 | O14: =SUM(C14:L14,N14) -> 3 | P14: =SUM(C14:N14) -> 27 | R14: 1100-1200 | S14: =SUM(C26:C29) -> 21 | T14: =SUM(D26:D29) -> 2 | U14: =SUM(E26:E29) -> 2 | V14: =SUM(F26:F29) -> 0 | W14: =SUM(G26:G29) -> 0 | X14: =SUM(H26:H29) -> 1 | Y14: =SUM(I26:I29) -> 1 | Z14: =SUM(J26:J29) -> 2 | ... AF14: =SUM(P26:P29) -> 187
B15: 08.15 - 08.30 | C15: 2 | D15: 0 | E15: 0 | F15: 0 | G15: 0 | H15: 1 | I15: 0 | J15: 0 | K15: 0 | L15: 0 | M15: 15 | N15: 0 | O15: =SUM(C15:L15,N15) -> 3 | P15: =SUM(C15:N15) -> 18 | R15: 1200-1300 | S15: =SUM(C30:C33) -> 36 | T15: =SUM(D30:D33) -> 2 | U15: =SUM(E30:E33) -> 3 | V15: =SUM(F30:F33) -> 1 | W15: =SUM(G30:G33) -> 0 | X15: =SUM(H30:H33) -> 1 | Y15: =SUM(I30:I33) -> 0 | Z15: =SUM(J30:J33) -> 6 | ... AF15: =SUM(P30:P33) -> 250
B16: 08.30 - 08.45 | C16: 1 | D16: 1 | E16: 0 | F16: 0 | G16: 0 | H16: 0 | I16: 1 | J16: 0 | K16: 0 | L16: 0 | M16: 17 | N16: 0 | O16: =SUM(C16:L16,N16) -> 3 | P16: =SUM(C16:N16) -> 20 | R16: 1300-1400 | S16: =SUM(C34:C37) -> 13 | T16: =SUM(D34:D37) -> 2 | U16: =SUM(E34:E37) -> 0 | V16: =SUM(F34:F37) -> 0 | W16: =SUM(G34:G37) -> 0 | X16: =SUM(H34:H37) -> 1 | Y16: =SUM(I34:I37) -> 0 | Z16: =SUM(J34:J37) -> 2 | ... AF16: =SUM(P34:P37) -> 226
B17: 08.45 - 9.00 | C17: 2 | D17: 0 | E17: 0 | F17: 0 | G17: 0 | H17: 1 | I17: 0 | J17: 0 | K17: 0 | L17: 0 | M17: 20 | N17: 0 | O17: =SUM(C17:L17,N17) -> 3 | P17: =SUM(C17:N17) -> 23 | R17: 1400-1500 | S17: =SUM(C38:C41) -> 20 | T17: =SUM(D38:D41) -> 1 | U17: =SUM(E38:E41) -> 0 | V17: =SUM(F38:F41) -> 2 | W17: =SUM(G38:G41) -> 0 | X17: =SUM(H38:H41) -> 1 | Y17: =SUM(I38:I41) -> 2 | Z17: =SUM(J38:J41) -> 0 | ... AF17: =SUM(P38:P41) -> 300
B18: 09.00 - 09.15 | C18: 0 | D18: 0 | E18: 1 | F18: 0 | G18: 0 | H18: 0 | I18: 0 | J18: 0 | K18: 0 | L18: 0 | M18: 11 | N18: 0 | O18: =SUM(C18:L18,N18) -> 1 | P18: =SUM(C18:N18) -> 12 | R18: 1500-1600 | S18: =SUM(C42:C45) -> 27 | T18: =SUM(D42:D45) -> 2 | U18: =SUM(E42:E45) -> 2 | V18: =SUM(F42:F45) -> 0 | W18: =SUM(G42:G45) -> 0 | X18: =SUM(H42:H45) -> 1 | Y18: =SUM(I42:I45) -> 2 | Z18: =SUM(J42:J45) -> 2 | ... AF18: =SUM(P42:P45) -> 314
B19: 09.15 - 09.30 | C19: 4 | D19: 1 | E19: 0 | F19: 0 | G19: 0 | H19: 0 | I19: 0 | J19: 1 | K19: 0 | L19: 0 | M19: 15 | N19: 0 | O19: =SUM(C19:L19,N19) -> 6 | P19: =SUM(C19:N19) -> 21 | R19: 1600-1700 | S19: =SUM(C46:C49) -> 26 | T19: =SUM(D46:D49) -> 4 | U19: =SUM(E46:E49) -> 2 | V19: =SUM(F46:F49) -> 0 | W19: =SUM(G46:G49) -> 0 | X19: =SUM(H46:H49) -> 1 | Y19: =SUM(I46:I49) -> 3 | Z19: =SUM(J46:J49) -> 4 | ... AF19: =SUM(P46:P49) -> 297
B20: 09.30 - 09.45 | C20: 3 | D20: 0 | E20: 0 | F20: 0 | G20: 0 | H20: 0 | I20: 0 | J20: 0 | K20: 0 | L20: 0 | M20: 1 | N20: 0 | O20: =SUM(C20:L20,N20) -> 3 | P20: =SUM(C20:N20) -> 4 | R20: 1700-1800 | S20: =SUM(C50:C53) -> 25 | T20: =SUM(D50:D53) -> 2 | U20: =SUM(E50:E53) -> 2 | V20: =SUM(F50:F53) -> 4 | W20: =SUM(G50:G53) -> 0 | X20: =SUM(H50:H53) -> 0 | Y20: =SUM(I50:I53) -> 2 | Z20: =SUM(J50:J53) -> 1 | ... AF20: =SUM(P50:P53) -> 276
B21: 09.45 - 10.00 | C21: 3 | D21: 0 | E21: 0 | F21: 0 | G21: 0 | H21: 1 | I21: 1 | J21: 1 | K21: 0 | L21: 1 | M21: 9 | N21: 0 | O21: =SUM(C21:L21,N21) -> 7 | P21: =SUM(C21:N21) -> 16 | R21: 1800-1900 | S21: =SUM(C54:C57) -> 14 | T21: =SUM(D54:D57) -> 1 | U21: =SUM(E54:E57) -> 1 | V21: =SUM(F54:F57) -> 0 | W21: =SUM(G54:G57) -> 0 | X21: =SUM(H54:H57) -> 1 | Y21: =SUM(I54:I57) -> 2 | Z21: =SUM(J54:J57) -> 1 | ... AF21: =SUM(P54:P57) -> 267
B22: 10.00 - 10.15 | C22: 0 | D22: 0 | E22: 0 | F22: 0 | G22: 0 | H22: 0 | I22: 0 | J22: 0 | K22: 0 | L22: 0 | M22: 10 | N22: 0 | O22: =SUM(C22:L22,N22) -> 0 | P22: =SUM(C22:N22) -> 10 | R22: AM Peak Hr | S22: =MAX(S10:S12) -> 10 | T22: =MAX(T10:T12) -> 1 | U22: =MAX(U10:U12) -> 1 | V22: =MAX(V10:V12) -> 0 | W22: =MAX(W10:W12) -> 0 | X22: =MAX(X10:X12) -> 3 | Y22: =MAX(Y10:Y12) -> 1 | Z22: =MAX(Z10:Z12) -> 2 | ... AF22: =MAX(AF10:AF12) -> 88
B23: 10.15 - 10.30 | C23: 5 | D23: 0 | E23: 0 | F23: 0 | G23: 0 | H23: 0 | I23: 0 | J23: 1 | K23: 0 | L23: 0 | M23: 23 | N23: 0 | O23: =SUM(C23:L23,N23) -> 6 | P23: =SUM(C23:N23) -> 29 | R23: IP Peak Hr | S23: =MAX(S13:S18) -> 36 | T23: =MAX(T13:T18) -> 2 | U23: =MAX(U13:U18) -> 3 | V23: =MAX(V13:V18) -> 2 | W23: =MAX(W13:W18) -> 0 | X23: =MAX(X13:X18) -> 1 | Y23: =MAX(Y13:Y18) -> 2 | Z23: =MAX(Z13:Z18) -> 6 | ... AF23: =MAX(AF13:AF18) -> 314
B24: 10.30 - 10.45 | C24: 0 | D24: 0 | E24: 0 | F24: 0 | G24: 0 | H24: 0 | I24: 0 | J24: 0 | K24: 0 | L24: 0 | M24: 5 | N24: 0 | O24: =SUM(C24:L24,N24) -> 0 | P24: =SUM(C24:N24) -> 5 | R24: PM Peak Hr | S24: =MAX(S19:S21) -> 26 | T24: =MAX(T19:T21) -> 4 | U24: =MAX(U19:U21) -> 2 | V24: =MAX(V19:V21) -> 4 | W24: =MAX(W19:W21) -> 0 | X24: =MAX(X19:X21) -> 1 | Y24: =MAX(Y19:Y21) -> 3 | Z24: =MAX(Z19:Z21) -> 4 | ... AF24: =MAX(AF19:AF21) -> 297
B25: 10.45 - 11.00 | C25: 4 | D25: 0 | E25: 0 | F25: 0 | G25: 0 | H25: 0 | I25: 1 | J25: 0 | K25: 0 | L25: 0 | M25: 21 | N25: 0 | O25: =SUM(C25:L25,N25) -> 5 | P25: =SUM(C25:N25) -> 26 | R25: AM Period | S25: =SUM(S10:S12) -> 21 | T25: =SUM(T10:T12) -> 2 | U25: =SUM(U10:U12) -> 1 | V25: =SUM(V10:V12) -> 0 | W25: =SUM(W10:W12) -> 0 | X25: =SUM(X10:X12) -> 5 | Y25: =SUM(Y10:Y12) -> 3 | Z25: =SUM(Z10:Z12) -> 2 | ... AF25: =SUM(AF10:AF12) -> 221
B26: 11.00 - 11.15 | C26: 4 | D26: 1 | E26: 0 | F26: 0 | G26: 0 | H26: 0 | I26: 0 | J26: 2 | K26: 0 | L26: 0 | M26: 42 | N26: 0 | O26: =SUM(C26:L26,N26) -> 7 | P26: =SUM(C26:N26) -> 49 | R26: IP Period | S26: =SUM(S13:S18) -> 126 | T26: =SUM(T13:T18) -> 9 | U26: =SUM(U13:U18) -> 7 | V26: =SUM(V13:V18) -> 3 | W26: =SUM(W13:W18) -> 0 | X26: =SUM(X13:X18) -> 5 | Y26: =SUM(Y13:Y18) -> 6 | Z26: =SUM(Z13:Z18) -> 13 | ... AF26: =SUM(AF13:AF18) -> 1347
B27: 11.15 - 11.30 | C27: 4 | D27: 1 | E27: 0 | F27: 0 | G27: 0 | H27: 1 | I27: 0 | J27: 0 | K27: 0 | L27: 0 | M27: 45 | N27: 0 | O27: =SUM(C27:L27,N27) -> 6 | P27: =SUM(C27:N27) -> 51 | R27: PM Period | S27: =SUM(S19:S21) -> 65 | T27: =SUM(T19:T21) -> 7 | U27: =SUM(U19:U21) -> 5 | V27: =SUM(V19:V21) -> 4 | W27: =SUM(W19:W21) -> 0 | X27: =SUM(X19:X21) -> 2 | Y27: =SUM(Y19:Y21) -> 7 | Z27: =SUM(Z19:Z21) -> 6 | ... AF27: =SUM(AF19:AF21) -> 840
B28: 11.30 - 11.45 | C28: 8 | D28: 0 | E28: 2 | F28: 0 | G28: 0 | H28: 0 | I28: 0 | J28: 0 | K28: 0 | L28: 0 | M28: 43 | N28: 0 | O28: =SUM(C28:L28,N28) -> 10 | P28: =SUM(C28:N28) -> 53 | R28: 12 Hours | S28: =SUM(S10:S21) -> 212 | T28: =SUM(T10:T21) -> 18 | U28: =SUM(U10:U21) -> 13 | V28: =SUM(V10:V21) -> 7 | W28: =SUM(W10:W21) -> 0 | X28: =SUM(X10:X21) -> 12 | Y28: =SUM(Y10:Y21) -> 16 | Z28: =SUM(Z10:Z21) -> 21 | ... AF28: =SUM(AF10:AF21) -> 2408
B29: 11.45 - 12.00 | C29: 5 | D29: 0 | E29: 0 | F29: 0 | G29: 0 | H29: 0 | I29: 1 | J29: 0 | K29: 0 | L29: 0 | M29: 28 | N29: 0 | O29: =SUM(C29:L29,N29) -> 6 | P29: =SUM(C29:N29) -> 34
B30: 12.00 - 12.15 | C30: 11 | D30: 0 | E30: 0 | F30: 1 | G30: 0 | H30: 0 | I30: 0 | J30: 0 | K30: 0 | L30: 0 | M30: 42 | N30: 0 | O30: =SUM(C30:L30,N30) -> 12 | P30: =SUM(C30:N30) -> 54
B31: 12.15 - 12.30 | C31: 8 | D31: 1 | E31: 2 | F31: 0 | G31: 0 | H31: 1 | I31: 0 | J31: 3 | K31: 0 | L31: 0 | M31: 59 | N31: 0 | O31: =SUM(C31:L31,N31) -> 15 | P31: =SUM(C31:N31) -> 74
B32: 12.30 - 12.45 | C32: 8 | D32: 0 | E32: 0 | F32: 0 | G32: 0 | H32: 0 | I32: 0 | J32: 3 | K32: 0 | L32: 0 | M32: 59 | N32: 0 | O32: =SUM(C32:L32,N32) -> 11 | P32: =SUM(C32:N32) -> 70
B33: 12.45 - 13.00 | C33: 9 | D33: 1 | E33: 1 | F33: 0 | G33: 0 | H33: 0 | I33: 0 | J33: 0 | K33: 0 | L33: 0 | M33: 41 | N33: 0 | O33: =SUM(C33:L33,N33) -> 11 | P33: =SUM(C33:N33) -> 52
B34: 13.00 - 13.15 | C34: 4 | D34: 1 | E34: 0 | F34: 0 | G34: 0 | H34: 1 | I34: 0 | J34: 0 | K34: 0 | L34: 0 | M34: 41 | N34: 0 | O34: =SUM(C34:L34,N34) -> 6 | P34: =SUM(C34:N34) -> 47
B35: 13.15 - 13.30 | C35: 3 | D35: 1 | E35: 0 | F35: 0 | G35: 0 | H35: 0 | I35: 0 | J35: 0 | K35: 1 | L35: 0 | M35: 63 | N35: 0 | O35: =SUM(C35:L35,N35) -> 5 | P35: =SUM(C35:N35) -> 68
B36: 13.30 - 13.45 | C36: 2 | D36: 0 | E36: 0 | F36: 0 | G36: 0 | H36: 0 | I36: 0 | J36: 2 | K36: 0 | L36: 0 | M36: 59 | N36: 0 | O36: =SUM(C36:L36,N36) -> 4 | P36: =SUM(C36:N36) -> 63
B37: 13.45 - 14.00 | C37: 4 | D37: 0 | E37: 0 | F37: 0 | G37: 0 | H37: 0 | I37: 0 | J37: 0 | K37: 0 | L37: 0 | M37: 44 | N37: 0 | O37: =SUM(C37:L37,N37) -> 4 | P37: =SUM(C37:N37) -> 48
B38: 14.00 - 14.15 | C38: 4 | D38: 1 | E38: 0 | F38: 1 | G38: 0 | H38: 0 | I38: 1 | J38: 0 | K38: 0 | L38: 0 | M38: 64 | N38: 0 | O38: =SUM(C38:L38,N38) -> 7 | P38: =SUM(C38:N38) -> 71
B39: 14.15 - 14.30 | C39: 7 | D39: 0 | E39: 0 | F39: 1 | G39: 0 | H39: 1 | I39: 0 | J39: 0 | K39: 0 | L39: 0 | M39: 72 | N39: 0 | O39: =SUM(C39:L39,N39) -> 9 | P39: =SUM(C39:N39) -> 81
B40: 14.30 - 14.45 | C40: 4 | D40: 0 | E40: 0 | F40: 0 | G40: 0 | H40: 0 | I40: 0 | J40: 0 | K40: 1 | L40: 0 | M40: 66 | N40: 0 | O40: =SUM(C40:L40,N40) -> 5 | P40: =SUM(C40:N40) -> 71
... B57: 18.45 - 19.00 | C57: 6 | D57: 0 | E57: 0 | F57: 0 | G57: 0 | H57: 0 | I57: 0 | J57: 0 | K57: 0 | L57: 1 | M57: 63 | N57: 0 | O57: =SUM(C57:L57,N57) -> 7 | P57: =SUM(C57:N57) -> 70
B58: Totals | C58: =SUM(C10:C57) -> 212 | D58: =SUM(D10:D57) -> 18 | E58: =SUM(E10:E57) -> 13 | F58: =SUM(F10:F57) -> 7 | G58: =SUM(G10:G57) -> 0 | H58: =SUM(H10:H57) -> 12 | I58: =SUM(I10:I57) -> 16 | J58: =SUM(J10:J57) -> 21 | ... P58: =SUM(P10:P57) -> 2408
B59: %ges + MCs | C59: =C58/$P$58 -> 0.088039867 | D59: =D58/$P$58 -> 0.0074750831 | E59: =E58/$P$58 -> 0.0053986711 | F59: =F58/$P$58 -> 0.0029069767 | G59: =G58/$P$58 -> 0 | H59: =H58/$P$58 -> 0.0049833887 | I59: =I58/$P$58 -> 0.0066445183 | J59: =J58/$P$58 -> 0.0087209302 | ... N59: =N58/$P$58 -> 0
B60: %ges w/o MCs | C60: =C58/$O$58 -> 0.66876972 | D60: =D58/$O$58 -> 0.056782334 | E60: =E58/$O$58 -> 0.041009464 | F60: =F58/$O$58 -> 0.022082019 | G60: =G58/$O$58 -> 0 | H60: =H58/$O$58 -> 0.03785489 | I60: =I58/$O$58 -> 0.050473186 | J60: =J58/$O$58 -> 0.066246057 | ... L60: =L58/$O$58 -> 0.047318612 | N60: =N58/$O$58 -> 0

Sheet 27.10 KASESE-PONDWE
B1: Consultancy services for Preparation of Expressway Development Master Plan (EDMP) for Uganda
B2: MANUAL CLASSIFIED COUNT (MCC)
B3: ROAD NAME: | C3: ='26.10 KASESE-PONDWE'!C3:G3 -> MCC - C4 - STN137 - KASESE ROAD
C5: Date | D5: 27.10.19 | F5: Location | G5: ='26.10 KASESE-PONDWE'!G5:H5 -> KABUYIRI | J5: Surveyor | K5: GODFREY
C6: Dir. From | D6: ='26.10 KASESE-PONDWE'!D6:E6 -> KASESE | F6: Dir. To | G6: ='26.10 KASESE-PONDWE'!G6:H6 -> PONDWE | J6: Supervisor | K6: ='26.10 KASESE-PONDWE'!K6:L6 -> GODFREY
B8: Time / Veh Type | R8: SUMMARY TRAFFIC VOLUMES
C9: 1. Car | D9: 2. Station Wagon | E9: 3. Pickups | F9: 4. Minibus, matatu | G9: 5. Medium bus | H9: 6. Large Bus | I9: 7. Light Truck | J9: 8. Medium Truck | K9: 9. Heavy truck | L9: 10. Truck Trailer | M9: 11. Motor cycles | N9: 12. Tractors | O9: Total Excl M/Cycles | P9: Total All | R9: Time | S9: 1. Car | T9: 2. Station Wagon | U9: 3. Pickups | V9: 4. Minibus, matatu | W9: 5. Medium bus | X9: 6. Large Bus | Y9: 7. Light Truck | Z9: 8. Medium Truck | AA9: 9. Heavy truck | AB9: 10. Truck Trailer | AC9: 11. Motorcycles | AD9: 12. Tractors, Graders | AE9: Total Excl M/ Cycles | AF9: Total All
B10: 07.00 - 07.15 | C10: 1 | D10: 0 | E10: 0 | F10: 0 | G10: 0 | H10: 0 | I10: 0 | J10: 0 | K10: 0 | L10: 0 | M10: 7 | N10: 0 | O10: =SUM(C10:L10,N10) -> 1 | P10: =SUM(C10:N10) -> 8 | R10: 0700-0800 | S10: =SUM(C10:C13) -> 4 | T10: =SUM(D10:D13) -> 0 | U10: =SUM(E10:E13) -> 0 | V10: =SUM(F10:F13) -> 2 | W10: =SUM(G10:G13) -> 0 | X10: =SUM(H10:H13) -> 1 | Y10: =SUM(I10:I13) -> 1 | Z10: =SUM(J10:J13) -> 3 | ... AF10: =SUM(P10:P13) -> 87
B11: 07.15 - 07.30 | C11: 2 | D11: 0 | E11: 0 | F11: 0 | G11: 0 | H11: 1 | I11: 0 | J11: 0 | K11: 0 | L11: 0 | M11: 12 | N11: 0 | O11: =SUM(C11:L11,N11) -> 3 | P11: =SUM(C11:N11) -> 15 | R11: 0800-0900 | S11: =SUM(C14:C17) -> 11 | T11: =SUM(D14:D17) -> 0 | U11: =SUM(E14:E17) -> 0 | V11: =SUM(F14:F17) -> 3 | W11: =SUM(G14:G17) -> 0 | X11: =SUM(H14:H17) -> 1 | Y11: =SUM(I14:I17) -> 0 | Z11: =SUM(J14:J17) -> 2 | ... AF11: =SUM(P14:P17) -> 177
B12: 07.30 - 07.45 | C12: 0 | D12: 0 | E12: 0 | F12: 0 | G12: 0 | H12: 0 | I12: 0 | J12: 0 | K12: 0 | L12: 1 | M12: 17 | N12: 0 | O12: =SUM(C12:L12,N12) -> 1 | P12: =SUM(C12:N12) -> 18 | R12: 0900-1000 | S12: =SUM(C18:C21) -> 20 | T12: =SUM(D18:D21) -> 1 | U12: =SUM(E18:E21) -> 2 | V12: =SUM(F18:F21) -> 3 | W12: =SUM(G18:G21) -> 0 | X12: =SUM(H18:H21) -> 1 | Y12: =SUM(I18:I21) -> 1 | Z12: =SUM(J18:J21) -> 2 | ... AF12: =SUM(P18:P21) -> 284
B13: 07.45 - 08.00 | C13: 1 | D13: 0 | E13: 0 | F13: 2 | G13: 0 | H13: 0 | I13: 1 | J13: 3 | K13: 0 | L13: 2 | M13: 37 | N13: 0 | O13: =SUM(C13:L13,N13) -> 9 | P13: =SUM(C13:N13) -> 46 | R13: 1000-1100 | S13: =SUM(C22:C25) -> 17 | T13: =SUM(D22:D25) -> 1 | U13: =SUM(E22:E25) -> 2 | V13: =SUM(F22:F25) -> 2 | W13: =SUM(G22:G25) -> 0 | X13: =SUM(H22:H25) -> 0 | Y13: =SUM(I22:I25) -> 1 | Z13: =SUM(J22:J25) -> 3 | ... AF13: =SUM(P22:P25) -> 154
B14: 08.00 - 08.15 | C14: 4 | D14: 0 | E14: 0 | F14: 0 | G14: 0 | H14: 0 | I14: 0 | J14: 0 | K14: 0 | L14: 0 | M14: 51 | N14: 0 | O14: =SUM(C14:L14,N14) -> 4 | P14: =SUM(C14:N14) -> 55 | R14: 1100-1200 | S14: =SUM(C26:C29) -> 16 | T14: =SUM(D26:D29) -> 0 | U14: =SUM(E26:E29) -> 0 | V14: =SUM(F26:F29) -> 3 | W14: =SUM(G26:G29) -> 0 | X14: =SUM(H26:H29) -> 1 | Y14: =SUM(I26:I29) -> 1 | Z14: =SUM(J26:J29) -> 1 | ... AF14: =SUM(P26:P29) -> 148
B15: 08.15 - 08.30 | C15: 1 | D15: 0 | E15: 0 | F15: 1 | G15: 0 | H15: 1 | I15: 0 | J15: 0 | K15: 0 | L15: 1 | M15: 29 | N15: 0 | O15: =SUM(C15:L15,N15) -> 4 | P15: =SUM(C15:N15) -> 33 | R15: 1200-1300 | S15: =SUM(C30:C33) -> 7 | T15: =SUM(D30:D33) -> 1 | U15: =SUM(E30:E33) -> 1 | V15: =SUM(F30:F33) -> 8 | W15: =SUM(G30:G33) -> 0 | X15: =SUM(H30:H33) -> 0 | Y15: =SUM(I30:I33) -> 4 | Z15: =SUM(J30:J33) -> 1 | ... AF15: =SUM(P30:P33) -> 149
B16: 08.30 - 08.45 | C16: 3 | D16: 0 | E16: 0 | F16: 2 | G16: 0 | H16: 0 | I16: 0 | J16: 2 | K16: 0 | L16: 3 | M16: 28 | N16: 0 | O16: =SUM(C16:L16,N16) -> 10 | P16: =SUM(C16:N16) -> 38 | R16: 1300-1400 | S16: =SUM(C34:C37) -> 10 | T16: =SUM(D34:D37) -> 0 | U16: =SUM(E34:E37) -> 1 | V16: =SUM(F34:F37) -> 6 | W16: =SUM(G34:G37) -> 0 | X16: =SUM(H34:H37) -> 0 | Y16: =SUM(I34:I37) -> 1 | Z16: =SUM(J34:J37) -> 1 | ... AF16: =SUM(P34:P37) -> 176
B17: 08.45 - 9.00 | C17: 3 | D17: 0 | E17: 0 | F17: 0 | G17: 0 | H17: 0 | I17: 0 | J17: 0 | K17: 0 | L17: 0 | M17: 48 | N17: 0 | O17: =SUM(C17:L17,N17) -> 3 | P17: =SUM(C17:N17) -> 51 | R17: 1400-1500 | S17: =SUM(C38:C41) -> 9 | T17: =SUM(D38:D41) -> 0 | U17: =SUM(E38:E41) -> 1 | V17: =SUM(F38:F41) -> 3 | W17: =SUM(G38:G41) -> 0 | X17: =SUM(H38:H41) -> 1 | Y17: =SUM(I38:I41) -> 0 | Z17: =SUM(J38:J41) -> 0 | ... AF17: =SUM(P38:P41) -> 208
B18: 09.00 - 09.15 | C18: 3 | D18: 0 | E18: 1 | F18: 2 | G18: 0 | H18: 0 | I18: 1 | J18: 1 | K18: 1 | L18: 1 | M18: 52 | N18: 0 | O18: =SUM(C18:L18,N18) -> 10 | P18: =SUM(C18:N18) -> 62 | R18: 1500-1600 | S18: =SUM(C42:C45) -> 17 | T18: =SUM(D42:D45) -> 3 | U18: =SUM(E42:E45) -> 0 | V18: =SUM(F42:F45) -> 7 | W18: =SUM(G42:G45) -> 0 | X18: =SUM(H42:H45) -> 0 | Y18: =SUM(I42:I45) -> 4 | Z18: =SUM(J42:J45) -> 0 | ... AF18: =SUM(P42:P45) -> 210
B19: 09.15 - 09.30 | C19: 3 | D19: 1 | E19: 0 | F19: 1 | G19: 0 | H19: 0 | I19: 0 | J19: 0 | K19: 0 | L19: 0 | M19: 57 | N19: 0 | O19: =SUM(C19:L19,N19) -> 5 | P19: =SUM(C19:N19) -> 62 | R19: 1600-1700 | S19: =SUM(C46:C49) -> 11 | T19: =SUM(D46:D49) -> 3 | U19: =SUM(E46:E49) -> 1 | V19: =SUM(F46:F49) -> 6 | W19: =SUM(G46:G49) -> 0 | X19: =SUM(H46:H49) -> 0 | Y19: =SUM(I46:I49) -> 0 | Z19: =SUM(J46:J49) -> 1 | ... AF19: =SUM(P46:P49) -> 265
B20: 09.30 - 09.45 | C20: 3 | D20: 0 | E20: 1 | F20: 0 | G20: 0 | H20: 0 | I20: 0 | J20: 0 | K20: 0 | L20: 1 | M20: 69 | N20: 0 | O20: =SUM(C20:L20,N20) -> 5 | P20: =SUM(C20:N20) -> 74 | R20: 1700-1800 | S20: =SUM(C50:C53) -> 20 | T20: =SUM(D50:D53) -> 3 | U20: =SUM(E50:E53) -> 0 | V20: =SUM(F50:F53) -> 3 | W20: =SUM(G50:G53) -> 0 | X20: =SUM(H50:H53) -> 2 | Y20: =SUM(I50:I53) -> 1 | Z20: =SUM(J50:J53) -> 0 | ... AF20: =SUM(P50:P53) -> 208
B21: 09.45 - 10.00 | C21: 11 | D21: 0 | E21: 0 | F21: 0 | G21: 0 | H21: 1 | I21: 0 | J21: 1 | K21: 0 | L21: 1 | M21: 72 | N21: 0 | O21: =SUM(C21:L21,N21) -> 14 | P21: =SUM(C21:N21) -> 86 | R21: 1800-1900 | S21: =SUM(C54:C57) -> 15 | T21: =SUM(D54:D57) -> 1 | U21: =SUM(E54:E57) -> 1 | V21: =SUM(F54:F57) -> 3 | W21: =SUM(G54:G57) -> 0 | X21: =SUM(H54:H57) -> 0 | Y21: =SUM(I54:I57) -> 4 | Z21: =SUM(J54:J57) -> 0 | ... AF21: =SUM(P54:P57) -> 245
B22: 10.00 - 10.15 | C22: 3 | D22: 1 | E22: 0 | F22: 0 | G22: 0 | H22: 0 | I22: 1 | J22: 0 | K22: 0 | L22: 0 | M22: 17 | N22: 0 | O22: =SUM(C22:L22,N22) -> 5 | P22: =SUM(C22:N22) -> 22 | R22: AM Peak Hr | S22: =MAX(S10:S12) -> 20 | T22: =MAX(T10:T12) -> 1 | U22: =MAX(U10:U12) -> 2 | V22: =MAX(V10:V12) -> 3 | W22: =MAX(W10:W12) -> 0 | X22: =MAX(X10:X12) -> 1 | Y22: =MAX(Y10:Y12) -> 1 | Z22: =MAX(Z10:Z12) -> 3 | ... AF22: =MAX(AF10:AF12) -> 284
B23: 10.15 - 10.30 | C23: 7 | D23: 0 | E23: 1 | F23: 0 | G23: 0 | H23: 0 | I23: 0 | J23: 2 | K23: 0 | L23: 0 | M23: 47 | N23: 0 | O23: =SUM(C23:L23,N23) -> 10 | P23: =SUM(C23:N23) -> 57 | R23: IP Peak Hr | S23: =MAX(S13:S18) -> 17 | T23: =MAX(T13:T18) -> 3 | U23: =MAX(U13:U18) -> 2 | V23: =MAX(V13:V18) -> 8 | W23: =MAX(W13:W18) -> 0 | X23: =MAX(X13:X18) -> 1 | Y23: =MAX(Y13:Y18) -> 4 | Z23: =MAX(Z13:Z18) -> 3 | ... AF23: =MAX(AF13:AF18) -> 210
B24: 10.30 - 10.45 | C24: 2 | D24: 0 | E24: 1 | F24: 2 | G24: 0 | H24: 0 | I24: 0 | J24: 1 | K24: 0 | L24: 0 | M24: 34 | N24: 0 | O24: =SUM(C24:L24,N24) -> 6 | P24: =SUM(C24:N24) -> 40 | R24: PM Peak Hr | S24: =MAX(S19:S21) -> 20 | T24: =MAX(T19:T21) -> 3 | U24: =MAX(U19:U21) -> 1 | V24: =MAX(V19:V21) -> 6 | W24: =MAX(W19:W21) -> 0 | X24: =MAX(X19:X21) -> 2 | Y24: =MAX(Y19:Y21) -> 4 | Z24: =MAX(Z19:Z21) -> 1 | ... AF24: =MAX(AF19:AF21) -> 265
B25: 10.45 - 11.00 | C25: 5 | D25: 0 | E25: 0 | F25: 0 | G25: 0 | H25: 0 | I25: 0 | J25: 0 | K25: 1 | L25: 1 | M25: 28 | N25: 0 | O25: =SUM(C25:L25,N25) -> 7 | P25: =SUM(C25:N25) -> 35 | R25: AM Period | S25: =SUM(S10:S12) -> 35 | T25: =SUM(T10:T12) -> 1 | U25: =SUM(U10:U12) -> 2 | V25: =SUM(V10:V12) -> 8 | W25: =SUM(W10:W12) -> 0 | X25: =SUM(X10:X12) -> 3 | Y25: =SUM(Y10:Y12) -> 2 | Z25: =SUM(Z10:Z12) -> 7 | ... AF25: =SUM(AF10:AF12) -> 548
B26: 11.00 - 11.15 | C26: 8 | D26: 0 | E26: 0 | F26: 1 | G26: 0 | H26: 1 | I26: 0 | J26: 0 | K26: 0 | L26: 0 | M26: 32 | N26: 0 | O26: =SUM(C26:L26,N26) -> 10 | P26: =SUM(C26:N26) -> 42 | R26: IP Period | S26: =SUM(S13:S18) -> 76 | T26: =SUM(T13:T18) -> 5 | U26: =SUM(U13:U18) -> 5 | V26: =SUM(V13:V18) -> 29 | W26: =SUM(W13:W18) -> 0 | X26: =SUM(X13:X18) -> 2 | Y26: =SUM(Y13:Y18) -> 11 | Z26: =SUM(Z13:Z18) -> 6 | ... AF26: =SUM(AF13:AF18) -> 1045
B27: 11.15 - 11.30 | C27: 2 | D27: 0 | E27: 0 | F27: 0 | G27: 0 | H27: 0 | I27: 0 | J27: 1 | K27: 0 | L27: 0 | M27: 28 | N27: 0 | O27: =SUM(C27:L27,N27) -> 3 | P27: =SUM(C27:N27) -> 31 | R27: PM Period | S27: =SUM(S19:S21) -> 46 | T27: =SUM(T19:T21) -> 7 | U27: =SUM(U19:U21) -> 2 | V27: =SUM(V19:V21) -> 12 | W27: =SUM(W19:W21) -> 0 | X27: =SUM(X19:X21) -> 2 | Y27: =SUM(Y19:Y21) -> 5 | Z27: =SUM(Z19:Z21) -> 1 | ... AF27: =SUM(AF19:AF21) -> 718
B28: 11.30 - 11.45 | C28: 4 | D28: 0 | E28: 0 | F28: 0 | G28: 0 | H28: 0 | I28: 0 | J28: 0 | K28: 0 | L28: 0 | M28: 36 | N28: 0 | O28: =SUM(C28:L28,N28) -> 4 | P28: =SUM(C28:N28) -> 40 | R28: 12 Hours | S28: =SUM(S10:S21) -> 157 | T28: =SUM(T10:T21) -> 13 | U28: =SUM(U10:U21) -> 9 | V28: =SUM(V10:V21) -> 49 | W28: =SUM(W10:W21) -> 0 | X28: =SUM(X10:X21) -> 7 | Y28: =SUM(Y10:Y21) -> 18 | Z28: =SUM(Z10:Z21) -> 14 | ... AF28: =SUM(AF10:AF21) -> 2311
B29: 11.45 - 12.00 | C29: 2 | D29: 0 | E29: 0 | F29: 2 | G29: 0 | H29: 0 | I29: 1 | J29: 0 | K29: 0 | L29: 0 | M29: 30 | N29: 0 | O29: =SUM(C29:L29,N29) -> 5 | P29: =SUM(C29:N29) -> 35
B30: 12.00 - 12.15 | C30: 0 | D30: 0 | E30: 1 | F30: 2 | G30: 0 | H30: 0 | I30: 0 | J30: 0 | K30: 1 | L30: 0 | M30: 27 | N30: 0 | O30: =SUM(C30:L30,N30) -> 4 | P30: =SUM(C30:N30) -> 31
B31: 12.15 - 12.30 | C31: 1 | D31: 1 | E31: 0 | F31: 3 | G31: 0 | H31: 0 | I31: 1 | J31: 0 | K31: 0 | L31: 0 | M31: 43 | N31: 0 | O31: =SUM(C31:L31,N31) -> 6 | P31: =SUM(C31:N31) -> 49
B32: 12.30 - 12.45 | C32: 4 | D32: 0 | E32: 0 | F32: 1 | G32: 0 | H32: 0 | I32: 0 | J32: 1 | K32: 0 | L32: 0 | M32: 30 | N32: 0 | O32: =SUM(C32:L32,N32) -> 6 | P32: =SUM(C32:N32) -> 36
B33: 12.45 - 13.00 | C33: 2 | D33: 0 | E33: 0 | F33: 2 | G33: 0 | H33: 0 | I33: 3 | J33: 0 | K33: 1 | L33: 1 | M33: 24 | N33: 0 | O33: =SUM(C33:L33,N33) -> 9 | P33: =SUM(C33:N33) -> 33
B34: 13.00 - 13.15 | C34: 3 | D34: 0 | E34: 0 | F34: 1 | G34: 0 | H34: 0 | I34: 0 | J34: 0 | K34: 0 | L34: 1 | M34: 24 | N34: 0 | O34: =SUM(C34:L34,N34) -> 5 | P34: =SUM(C34:N34) -> 29
B35: 13.15 - 13.30 | C35: 2 | D35: 0 | E35: 0 | F35: 3 | G35: 0 | H35: 0 | I35: 0 | J35: 0 | K35: 0 | L35: 0 | M35: 42 | N35: 0 | O35: =SUM(C35:L35,N35) -> 5 | P35: =SUM(C35:N35) -> 47
B36: 13.30 - 13.45 | C36: 0 | D36: 0 | E36: 0 | F36: 1 | G36: 0 | H36: 0 | I36: 0 | J36: 1 | K36: 0 | L36: 0 | M36: 33 | N36: 0 | O36: =SUM(C36:L36,N36) -> 2 | P36: =SUM(C36:N36) -> 35
B37: 13.45 - 14.00 | C37: 5 | D37: 0 | E37: 1 | F37: 1 | G37: 0 | H37: 0 | I37: 1 | J37: 0 | K37: 0 | L37: 2 | M37: 55 | N37: 0 | O37: =SUM(C37:L37,N37) -> 10 | P37: =SUM(C37:N37) -> 65
B38: 14.00 - 14.15 | C38: 0 | D38: 0 | E38: 1 | F38: 2 | G38: 0 | H38: 0 | I38: 0 | J38: 0 | K38: 1 | L38: 0 | M38: 57 | N38: 0 | O38: =SUM(C38:L38,N38) -> 4 | P38: =SUM(C38:N38) -> 61
B39: 14.15 - 14.30 | C39: 2 | D39: 0 | E39: 0 | F39: 0 | G39: 0 | H39: 1 | I39: 0 | J39: 0 | K39: 0 | L39: 0 | M39: 58 | N39: 0 | O39: =SUM(C39:L39,N39) -> 3 | P39: =SUM(C39:N39) -> 61
B40: 14.30 - 14.45 | C40: 1 | D40: 0 | E40: 0 | F40: 0 | G40: 0 | H40: 0 | I40: 0 | J40: 0 | K40: 0 | L40: 1 | M40: 30 | N40: 0 | O40: =SUM(C40:L40,N40) -> 2 | P40: =SUM(C40:N40) -> 32
... B57: 18.45 - 19.00 | C57: 2 | D57: 0 | E57: 1 | F57: 0 | G57: 0 | H57: 0 | I57: 0 | J57: 0 | K57: 0 | L57: 0 | M57: 55 | N57: 0 | O57: =SUM(C57:L57,N57) -> 3 | P57: =SUM(C57:N57) -> 58
B58: Totals | C58: =SUM(C10:C57) -> 157 | D58: =SUM(D10:D57) -> 13 | E58: =SUM(E10:E57) -> 9 | F58: =SUM(F10:F57) -> 49 | G58: =SUM(G10:G57) -> 0 | H58: =SUM(H10:H57) -> 7 | I58: =SUM(I10:I57) -> 18 | J58: =SUM(J10:J57) -> 14 | ... P58: =SUM(P10:P57) -> 2311
B59: %ges + MCs | C59: =C58/$P$58 -> 0.067935958 | D59: =D58/$P$58 -> 0.0056252704 | E59: =E58/$P$58 -> 0.003894418 | F59: =F58/$P$58 -> 0.021202942 | G59: =G58/$P$58 -> 0 | H59: =H58/$P$58 -> 0.0030289918 | I59: =I58/$P$58 -> 0.007788836 | J59: =J58/$P$58 -> 0.0060579836 | ... N59: =N58/$P$58 -> 0
B60: %ges w/o MCs | C60: =C58/$O$58 -> 0.53583618 | D60: =D58/$O$58 -> 0.044368601 | E60: =E58/$O$58 -> 0.030716724 | F60: =F58/$O$58 -> 0.16723549 | G60: =G58/$O$58 -> 0 | H60: =H58/$O$58 -> 0.023890785 | I60: =I58/$O$58 -> 0.061433447 | J60: =J58/$O$58 -> 0.04778157 | ... L60: =L58/$O$58 -> 0.068259386 | N60: =N58/$O$58 -> 0

Sheet 27.10 PONDWE-KASESE
B1: Consultancy services for Preparation of Expressway Development Master Plan (EDMP) for Uganda
B2: MANUAL CLASSIFIED COUNT (MCC)
B3: ROAD NAME: | C3: ='26.10.PONDWE-KASESE'!C3:G3 -> MCC - C4 - STN137 - KASESE ROAD
C5: Date | D5: ='27.10 KASESE-PONDWE'!D5 -> 27.10.19 | F5: Location | G5: ='26.10 KASESE-PONDWE'!G5:H5 -> KABUYIRI | J5: Surveyor | K5: NABIWUGE ALLEN
C6: Dir. From | D6: ='26.10.PONDWE-KASESE'!D6:E6 -> PONDWE | F6: Dir. To | G6: ='26.10.PONDWE-KASESE'!G6:H6 -> KASESE | J6: Supervisor | K6: ='26.10 KASESE-PONDWE'!K6:L6 -> GODFREY
B8: Time / Veh Type | R8: SUMMARY TRAFFIC VOLUMES
C9: 1. Car | D9: 2. Station Wagon | E9: 3. Pickups | F9: 4. Minibus, matatu | G9: 5. Medium bus | H9: 6. Large Bus | I9: 7. Light Truck | J9: 8. Medium Truck | K9: 9. Heavy truck | L9: 10. Truck Trailer | M9: 11. Motor cycles | N9: 12. Tractors | O9: Total Excl M/Cycles | P9: Total All | R9: Time | S9: 1. Car | T9: 2. Station Wagon | U9: 3. Pickups | V9: 4. Minibus, matatu | W9: 5. Medium bus | X9: 6. Large Bus | Y9: 7. Light Truck | Z9: 8. Medium Truck | AA9: 9. Heavy truck | AB9: 10. Truck Trailer | AC9: 11. Motorcycles | AD9: 12. Tractors, Graders | AE9: Total Excl M/ Cycles | AF9: Total All
B10: 07.00 - 07.15 | C10: 3 | D10: 0 | E10: 1 | F10: 0 | G10: 0 | H10: 0 | I10: 0 | J10: 0 | K10: 0 | L10: 0 | M10: 10 | N10: 0 | O10: =SUM(C10:L10,N10) -> 4 | P10: =SUM(C10:N10) -> 14 | R10: 0700-0800 | S10: =SUM(C10:C13) -> 6 | T10: =SUM(D10:D13) -> 0 | U10: =SUM(E10:E13) -> 1 | V10: =SUM(F10:F13) -> 0 | W10: =SUM(G10:G13) -> 0 | X10: =SUM(H10:H13) -> 1 | Y10: =SUM(I10:I13) -> 0 | Z10: =SUM(J10:J13) -> 1 | ... AF10: =SUM(P10:P13) -> 104
B11: 07.15 - 07.30 | C11: 1 | D11: 0 | E11: 0 | F11: 0 | G11: 0 | H11: 0 | I11: 0 | J11: 0 | K11: 0 | L11: 0 | M11: 17 | N11: 0 | O11: =SUM(C11:L11,N11) -> 1 | P11: =SUM(C11:N11) -> 18 | R11: 0800-0900 | S11: =SUM(C14:C17) -> 11 | T11: =SUM(D14:D17) -> 0 | U11: =SUM(E14:E17) -> 0 | V11: =SUM(F14:F17) -> 0 | W11: =SUM(G14:G17) -> 0 | X11: =SUM(H14:H17) -> 2 | Y11: =SUM(I14:I17) -> 0 | Z11: =SUM(J14:J17) -> 1 | ... AF11: =SUM(P14:P17) -> 131
B12: 07.30 - 07.45 | C12: 1 | D12: 0 | E12: 0 | F12: 0 | G12: 0 | H12: 1 | I12: 0 | J12: 0 | K12: 0 | L12: 0 | M12: 33 | N12: 0 | O12: =SUM(C12:L12,N12) -> 2 | P12: =SUM(C12:N12) -> 35 | R12: 0900-1000 | S12: =SUM(C18:C21) -> 13 | T12: =SUM(D18:D21) -> 0 | U12: =SUM(E18:E21) -> 2 | V12: =SUM(F18:F21) -> 0 | W12: =SUM(G18:G21) -> 1 | X12: =SUM(H18:H21) -> 0 | Y12: =SUM(I18:I21) -> 2 | Z12: =SUM(J18:J21) -> 2 | ... AF12: =SUM(P18:P21) -> 244
B13: 07.45 - 08.00 | C13: 1 | D13: 0 | E13: 0 | F13: 0 | G13: 0 | H13: 0 | I13: 0 | J13: 1 | K13: 0 | L13: 0 | M13: 35 | N13: 0 | O13: =SUM(C13:L13,N13) -> 2 | P13: =SUM(C13:N13) -> 37 | R13: 1000-1100 | S13: =SUM(C22:C25) -> 11 | T13: =SUM(D22:D25) -> 0 | U13: =SUM(E22:E25) -> 3 | V13: =SUM(F22:F25) -> 0 | W13: =SUM(G22:G25) -> 0 | X13: =SUM(H22:H25) -> 0 | Y13: =SUM(I22:I25) -> 1 | Z13: =SUM(J22:J25) -> 1 | ... AF13: =SUM(P22:P25) -> 233
B14: 08.00 - 08.15 | C14: 3 | D14: 0 | E14: 0 | F14: 0 | G14: 0 | H14: 1 | I14: 0 | J14: 0 | K14: 0 | L14: 1 | M14: 24 | N14: 0 | O14: =SUM(C14:L14,N14) -> 5 | P14: =SUM(C14:N14) -> 29 | R14: 1100-1200 | S14: =SUM(C26:C29) -> 21 | T14: =SUM(D26:D29) -> 0 | U14: =SUM(E26:E29) -> 1 | V14: =SUM(F26:F29) -> 0 | W14: =SUM(G26:G29) -> 1 | X14: =SUM(H26:H29) -> 1 | Y14: =SUM(I26:I29) -> 4 | Z14: =SUM(J26:J29) -> 2 | ... AF14: =SUM(P26:P29) -> 290
B15: 08.15 - 08.30 | C15: 0 | D15: 0 | E15: 0 | F15: 0 | G15: 0 | H15: 0 | I15: 0 | J15: 0 | K15: 0 | L15: 0 | M15: 30 | N15: 0 | O15: =SUM(C15:L15,N15) -> 0 | P15: =SUM(C15:N15) -> 30 | R15: 1200-1300 | S15: =SUM(C30:C33) -> 15 | T15: =SUM(D30:D33) -> 0 | U15: =SUM(E30:E33) -> 0 | V15: =SUM(F30:F33) -> 0 | W15: =SUM(G30:G33) -> 0 | X15: =SUM(H30:H33) -> 0 | Y15: =SUM(I30:I33) -> 1 | Z15: =SUM(J30:J33) -> 2 | ... AF15: =SUM(P30:P33) -> 219
B16: 08.30 - 08.45 | C16: 4 | D16: 0 | E16: 0 | F16: 0 | G16: 0 | H16: 0 | I16: 0 | J16: 0 | K16: 0 | L16: 0 | M16: 23 | N16: 0 | O16: =SUM(C16:L16,N16) -> 4 | P16: =SUM(C16:N16) -> 27 | R16: 1300-1400 | S16: =SUM(C34:C37) -> 23 | T16: =SUM(D34:D37) -> 0 | U16: =SUM(E34:E37) -> 1 | V16: =SUM(F34:F37) -> 1 | W16: =SUM(G34:G37) -> 0 | X16: =SUM(H34:H37) -> 1 | Y16: =SUM(I34:I37) -> 1 | Z16: =SUM(J34:J37) -> 5 | ... AF16: =SUM(P34:P37) -> 313
B17: 08.45 - 9.00 | C17: 4 | D17: 0 | E17: 0 | F17: 0 | G17: 0 | H17: 1 | I17: 0 | J17: 1 | K17: 0 | L17: 0 | M17: 39 | N17: 0 | O17: =SUM(C17:L17,N17) -> 6 | P17: =SUM(C17:N17) -> 45 | R17: 1400-1500 | S17: =SUM(C38:C41) -> 24 | T17: =SUM(D38:D41) -> 0 | U17: =SUM(E38:E41) -> 1 | V17: =SUM(F38:F41) -> 2 | W17: =SUM(G38:G41) -> 0 | X17: =SUM(H38:H41) -> 1 | Y17: =SUM(I38:I41) -> 3 | Z17: =SUM(J38:J41) -> 1 | ... AF17: =SUM(P38:P41) -> 321
B18: 09.00 - 09.15 | C18: 2 | D18: 0 | E18: 1 | F18: 0 | G18: 0 | H18: 0 | I18: 2 | J18: 0 | K18: 0 | L18: 0 | M18: 50 | N18: 0 | O18: =SUM(C18:L18,N18) -> 5 | P18: =SUM(C18:N18) -> 55 | R18: 1500-1600 | S18: =SUM(C42:C45) -> 25 | T18: =SUM(D42:D45) -> 1 | U18: =SUM(E42:E45) -> 0 | V18: =SUM(F42:F45) -> 0 | W18: =SUM(G42:G45) -> 0 | X18: =SUM(H42:H45) -> 0 | Y18: =SUM(I42:I45) -> 3 | Z18: =SUM(J42:J45) -> 4 | ... AF18: =SUM(P42:P45) -> 264
B19: 09.15 - 09.30 | C19: 5 | D19: 0 | E19: 1 | F19: 0 | G19: 0 | H19: 0 | I19: 0 | J19: 2 | K19: 0 | L19: 0 | M19: 39 | N19: 0 | O19: =SUM(C19:L19,N19) -> 8 | P19: =SUM(C19:N19) -> 47 | R19: 1600-1700 | S19: =SUM(C46:C49) -> 28 | T19: =SUM(D46:D49) -> 0 | U19: =SUM(E46:E49) -> 2 | V19: =SUM(F46:F49) -> 2 | W19: =SUM(G46:G49) -> 0 | X19: =SUM(H46:H49) -> 1 | Y19: =SUM(I46:I49) -> 6 | Z19: =SUM(J46:J49) -> 1 | ... AF19: =SUM(P46:P49) -> 362
B20: 09.30 - 09.45 | C20: 4 | D20: 0 | E20: 0 | F20: 0 | G20: 0 | H20: 0 | I20: 0 | J20: 0 | K20: 0 | L20: 0 | M20: 69 | N20: 0 | O20: =SUM(C20:L20,N20) -> 4 | P20: =SUM(C20:N20) -> 73 | R20: 1700-1800 | S20: =SUM(C50:C53) -> 29 | T20: =SUM(D50:D53) -> 3 | U20: =SUM(E50:E53) -> 0 | V20: =SUM(F50:F53) -> 0 | W20: =SUM(G50:G53) -> 0 | X20: =SUM(H50:H53) -> 0 | Y20: =SUM(I50:I53) -> 2 | Z20: =SUM(J50:J53) -> 0 | ... AF20: =SUM(P50:P53) -> 236
B21: 09.45 - 10.00 | C21: 2 | D21: 0 | E21: 0 | F21: 0 | G21: 1 | H21: 0 | I21: 0 | J21: 0 | K21: 0 | L21: 1 | M21: 65 | N21: 0 | O21: =SUM(C21:L21,N21) -> 4 | P21: =SUM(C21:N21) -> 69 | R21: 1800-1900 | S21: =SUM(C54:C57) -> 19 | T21: =SUM(D54:D57) -> 0 | U21: =SUM(E54:E57) -> 0 | V21: =SUM(F54:F57) -> 1 | W21: =SUM(G54:G57) -> 0 | X21: =SUM(H54:H57) -> 0 | Y21: =SUM(I54:I57) -> 1 | Z21: =SUM(J54:J57) -> 2 | ... AF21: =SUM(P54:P57) -> 280
B22: 10.00 - 10.15 | C22: 5 | D22: 0 | E22: 1 | F22: 0 | G22: 0 | H22: 0 | I22: 0 | J22: 0 | K22: 0 | L22: 0 | M22: 61 | N22: 0 | O22: =SUM(C22:L22,N22) -> 6 | P22: =SUM(C22:N22) -> 67 | R22: AM Peak Hr | S22: =MAX(S10:S12) -> 13 | T22: =MAX(T10:T12) -> 0 | U22: =MAX(U10:U12) -> 2 | V22: =MAX(V10:V12) -> 0 | W22: =MAX(W10:W12) -> 1 | X22: =MAX(X10:X12) -> 2 | Y22: =MAX(Y10:Y12) -> 2 | Z22: =MAX(Z10:Z12) -> 2 | ... AF22: =MAX(AF10:AF12) -> 244
B23: 10.15 - 10.30 | C23: 2 | D23: 0 | E23: 0 | F23: 0 | G23: 0 | H23: 0 | I23: 1 | J23: 1 | K23: 0 | L23: 0 | M23: 46 | N23: 0 | O23: =SUM(C23:L23,N23) -> 4 | P23: =SUM(C23:N23) -> 50 | R23: IP Peak Hr | S23: =MAX(S13:S18) -> 25 | T23: =MAX(T13:T18) -> 1 | U23: =MAX(U13:U18) -> 3 | V23: =MAX(V13:V18) -> 2 | W23: =MAX(W13:W18) -> 1 | X23: =MAX(X13:X18) -> 1 | Y23: =MAX(Y13:Y18) -> 4 | Z23: =MAX(Z13:Z18) -> 5 | ... AF23: =MAX(AF13:AF18) -> 321
B24: 10.30 - 10.45 | C24: 2 | D24: 0 | E24: 0 | F24: 0 | G24: 0 | H24: 0 | I24: 0 | J24: 0 | K24: 0 | L24: 2 | M24: 55 | N24: 0 | O24: =SUM(C24:L24,N24) -> 4 | P24: =SUM(C24:N24) -> 59 | R24: PM Peak Hr | S24: =MAX(S19:S21) -> 29 | T24: =MAX(T19:T21) -> 3 | U24: =MAX(U19:U21) -> 2 | V24: =MAX(V19:V21) -> 2 | W24: =MAX(W19:W21) -> 0 | X24: =MAX(X19:X21) -> 1 | Y24: =MAX(Y19:Y21) -> 6 | Z24: =MAX(Z19:Z21) -> 2 | ... AF24: =MAX(AF19:AF21) -> 362
B25: 10.45 - 11.00 | C25: 2 | D25: 0 | E25: 2 | F25: 0 | G25: 0 | H25: 0 | I25: 0 | J25: 0 | K25: 0 | L25: 5 | M25: 48 | N25: 0 | O25: =SUM(C25:L25,N25) -> 9 | P25: =SUM(C25:N25) -> 57 | R25: AM Period | S25: =SUM(S10:S12) -> 30 | T25: =SUM(T10:T12) -> 0 | U25: =SUM(U10:U12) -> 3 | V25: =SUM(V10:V12) -> 0 | W25: =SUM(W10:W12) -> 1 | X25: =SUM(X10:X12) -> 3 | Y25: =SUM(Y10:Y12) -> 2 | Z25: =SUM(Z10:Z12) -> 4 | ... AF25: =SUM(AF10:AF12) -> 479
B26: 11.00 - 11.15 | C26: 6 | D26: 0 | E26: 1 | F26: 0 | G26: 1 | H26: 0 | I26: 2 | J26: 2 | K26: 1 | L26: 2 | M26: 58 | N26: 0 | O26: =SUM(C26:L26,N26) -> 15 | P26: =SUM(C26:N26) -> 73 | R26: IP Period | S26: =SUM(S13:S18) -> 119 | T26: =SUM(T13:T18) -> 1 | U26: =SUM(U13:U18) -> 6 | V26: =SUM(V13:V18) -> 3 | W26: =SUM(W13:W18) -> 1 | X26: =SUM(X13:X18) -> 3 | Y26: =SUM(Y13:Y18) -> 13 | Z26: =SUM(Z13:Z18) -> 15 | ... AF26: =SUM(AF13:AF18) -> 1640
B27: 11.15 - 11.30 | C27: 3 | D27: 0 | E27: 0 | F27: 0 | G27: 0 | H27: 0 | I27: 1 | J27: 0 | K27: 0 | L27: 2 | M27: 74 | N27: 0 | O27: =SUM(C27:L27,N27) -> 6 | P27: =SUM(C27:N27) -> 80 | R27: PM Period | S27: =SUM(S19:S21) -> 76 | T27: =SUM(T19:T21) -> 3 | U27: =SUM(U19:U21) -> 2 | V27: =SUM(V19:V21) -> 3 | W27: =SUM(W19:W21) -> 0 | X27: =SUM(X19:X21) -> 1 | Y27: =SUM(Y19:Y21) -> 9 | Z27: =SUM(Z19:Z21) -> 3 | ... AF27: =SUM(AF19:AF21) -> 878
B28: 11.30 - 11.45 | C28: 7 | D28: 0 | E28: 0 | F28: 0 | G28: 0 | H28: 1 | I28: 1 | J28: 0 | K28: 0 | L28: 1 | M28: 81 | N28: 0 | O28: =SUM(C28:L28,N28) -> 10 | P28: =SUM(C28:N28) -> 91 | R28: 12 Hours | S28: =SUM(S10:S21) -> 225 | T28: =SUM(T10:T21) -> 4 | U28: =SUM(U10:U21) -> 11 | V28: =SUM(V10:V21) -> 6 | W28: =SUM(W10:W21) -> 2 | X28: =SUM(X10:X21) -> 7 | Y28: =SUM(Y10:Y21) -> 24 | Z28: =SUM(Z10:Z21) -> 22 | ... AF28: =SUM(AF10:AF21) -> 2997
B29: 11.45 - 12.00 | C29: 5 | D29: 0 | E29: 0 | F29: 0 | G29: 0 | H29: 0 | I29: 0 | J29: 0 | K29: 0 | L29: 0 | M29: 41 | N29: 0 | O29: =SUM(C29:L29,N29) -> 5 | P29: =SUM(C29:N29) -> 46
B30: 12.00 - 12.15 | C30: 2 | D30: 0 | E30: 0 | F30: 0 | G30: 0 | H30: 0 | I30: 0 | J30: 1 | K30: 0 | L30: 0 | M30: 44 | N30: 0 | O30: =SUM(C30:L30,N30) -> 3 | P30: =SUM(C30:N30) -> 47
B31: 12.15 - 12.30 | C31: 1 | D31: 0 | E31: 0 | F31: 0 | G31: 0 | H31: 0 | I31: 1 | J31: 0 | K31: 0 | L31: 0 | M31: 52 | N31: 0 | O31: =SUM(C31:L31,N31) -> 2 | P31: =SUM(C31:N31) -> 54
B32: 12.30 - 12.45 | C32: 8 | D32: 0 | E32: 0 | F32: 0 | G32: 0 | H32: 0 | I32: 0 | J32: 0 | K32: 0 | L32: 0 | M32: 43 | N32: 0 | O32: =SUM(C32:L32,N32) -> 8 | P32: =SUM(C32:N32) -> 51
B33: 12.45 - 13.00 | C33: 4 | D33: 0 | E33: 0 | F33: 0 | G33: 0 | H33: 0 | I33: 0 | J33: 1 | K33: 2 | L33: 0 | M33: 60 | N33: 0 | O33: =SUM(C33:L33,N33) -> 7 | P33: =SUM(C33:N33) -> 67
B34: 13.00 - 13.15 | C34: 5 | D34: 0 | E34: 1 | F34: 0 | G34: 0 | H34: 1 | I34: 0 | J34: 2 | K34: 0 | L34: 1 | M34: 66 | N34: 0 | O34: =SUM(C34:L34,N34) -> 10 | P34: =SUM(C34:N34) -> 76
B35: 13.15 - 13.30 | C35: 8 | D35: 0 | E35: 0 | F35: 0 | G35: 0 | H35: 0 | I35: 1 | J35: 1 | K35: 0 | L35: 0 | M35: 61 | N35: 0 | O35: =SUM(C35:L35,N35) -> 10 | P35: =SUM(C35:N35) -> 71
B36: 13.30 - 13.45 | C36: 8 | D36: 0 | E36: 0 | F36: 1 | G36: 0 | H36: 0 | I36: 0 | J36: 1 | K36: 0 | L36: 2 | M36: 89 | N36: 0 | O36: =SUM(C36:L36,N36) -> 12 | P36: =SUM(C36:N36) -> 101
B37: 13.45 - 14.00 | C37: 2 | D37: 0 | E37: 0 | F37: 0 | G37: 0 | H37: 0 | I37: 0 | J37: 1 | K37: 0 | L37: 0 | M37: 62 | N37: 0 | O37: =SUM(C37:L37,N37) -> 3 | P37: =SUM(C37:N37) -> 65
B38: 14.00 - 14.15 | C38: 5 | D38: 0 | E38: 0 | F38: 0 | G38: 0 | H38: 0 | I38: 1 | J38: 0 | K38: 0 | L38: 0 | M38: 52 | N38: 0 | O38: =SUM(C38:L38,N38) -> 6 | P38: =SUM(C38:N38) -> 58
B39: 14.15 - 14.30 | C39: 9 | D39: 0 | E39: 1 | F39: 0 | G39: 0 | H39: 1 | I39: 0 | J39: 0 | K39: 0 | L39: 1 | M39: 98 | N39: 0 | O39: =SUM(C39:L39,N39) -> 12 | P39: =SUM(C39:N39) -> 110
B40: 14.30 - 14.45 | C40: 3 | D40: 0 | E40: 0 | F40: 0 | G40: 0 | H40: 0 | I40: 2 | J40: 1 | K40: 0 | L40: 4 | M40: 57 | N40: 0 | O40: =SUM(C40:L40,N40) -> 10 | P40: =SUM(C40:N40) -> 67
... B57: 18.45 - 19.00 | C57: 5 | D57: 0 | E57: 0 | F57: 0 | G57: 0 | H57: 0 | I57: 1 | J57: 0 | K57: 0 | L57: 0 | M57: 65 | N57: 0 | O57: =SUM(C57:L57,N57) -> 6 | P57: =SUM(C57:N57) -> 71
B58: Totals | C58: =SUM(C10:C57) -> 225 | D58: =SUM(D10:D57) -> 4 | E58: =SUM(E10:E57) -> 11 | F58: =SUM(F10:F57) -> 6 | G58: =SUM(G10:G57) -> 2 | H58: =SUM(H10:H57) -> 7 | I58: =SUM(I10:I57) -> 24 | J58: =SUM(J10:J57) -> 22 | ... P58: =SUM(P10:P57) -> 2997
B59: %ges + MCs | C59: =C58/$P$58 -> 0.075075075 | D59: =D58/$P$58 -> 0.001334668 | E59: =E58/$P$58 -> 0.003670337 | F59: =F58/$P$58 -> 0.002002002 | G59: =G58/$P$58 -> 0.000667334 | H59: =H58/$P$58 -> 0.002335669 | I59: =I58/$P$58 -> 0.008008008 | J59: =J58/$P$58 -> 0.007340674 | ... N59: =N58/$P$58 -> 0
B60: %ges w/o MCs | C60: =C58/$O$58 -> 0.65982405 | D60: =D58/$O$58 -> 0.011730205 | E60: =E58/$O$58 -> 0.032258065 | F60: =F58/$O$58 -> 0.017595308 | G60: =G58/$O$58 -> 0.0058651026 | H60: =H58/$O$58 -> 0.020527859 | I60: =I58/$O$58 -> 0.070381232 | J60: =J58/$O$58 -> 0.064516129 | ... L60: =L58/$O$58 -> 0.1085044 | N60: =N58/$O$58 -> 0

Sheet 25.10.19 PONDWE-KASESE-24h
B1: Consultancy services for Preparation of Expressway Development Master Plan (EDMP) for Uganda
B2: MANUAL CLASSIFIED COUNT (MCC)
B3: ROAD NAME: | C3: ='26.10 KASESE-PONDWE'!C3:G3 -> MCC - C4 - STN137 - KASESE ROAD
C5: Date | D5: 25.10.19 | F5: Location | G5: KABUYIRI | J5: Surveyor | K5: NAKIWUGE ALLEN
C6: Dir. From | D6: PONDWE | F6: Dir. To | G6: KASESE | J6: Supervisor | K6: GODFREY
B8: Time / Veh Type | R8: SUMMARY TRAFFIC VOLUMES
C9: 1. Car | D9: 2. Station Wagon | E9: 3. Pickups | F9: 4. Minibus, matatu | G9: 5. Medium bus | H9: 6. Large Bus | I9: 7. Light Truck | J9: 8. Medium Truck | K9: 9. Heavy truck | L9: 10. Truck Trailer | M9: 11. Motor cycles | N9: 12. Tractors | O9: Total Excl M/Cycles | P9: Total All | R9: Time | S9: 1. Car | T9: 2. Station Wagon | U9: 3. Pickups | V9: 4. Minibus, matatu | W9: 5. Medium bus | X9: 6. Large Bus | Y9: 7. Light Truck | Z9: 8. Medium Truck | AA9: 9. Heavy truck | AB9: 10. Truck Trailer | AC9: 11. Motorcycles | AD9: 12. Tractors, Graders | AE9: Total Excl M/ Cycles | AF9: Total All
B10: 07.00 - 07.15 | C10: 3 | D10: 0 | E10: 0 | F10: 0 | G10: 0 | H10: 0 | I10: 0 | J10: 0 | K10: 0 | L10: 0 | M10: 52 | N10: 0 | O10: =SUM(C10:L10,N10) -> 3 | P10: =SUM(C10:N10) -> 55 | R10: 0700-0800 | S10: =SUM(C10:C13) -> 19 | T10: =SUM(D10:D13) -> 0 | U10: =SUM(E10:E13) -> 0 | V10: =SUM(F10:F13) -> 3 | W10: =SUM(G10:G13) -> 0 | X10: =SUM(H10:H13) -> 2 | Y10: =SUM(I10:I13) -> 2 | Z10: =SUM(J10:J13) -> 0 | ... AF10: =SUM(P10:P13) -> 468
B11: 07.15 - 07.30 | C11: 7 | D11: 0 | E11: 0 | F11: 1 | G11: 0 | H11: 1 | I11: 1 | J11: 0 | K11: 0 | L11: 0 | M11: 102 | N11: 0 | O11: =SUM(C11:L11,N11) -> 10 | P11: =SUM(C11:N11) -> 112 | R11: 0800-0900 | S11: =SUM(C14:C17) -> 23 | T11: =SUM(D14:D17) -> 1 | U11: =SUM(E14:E17) -> 1 | V11: =SUM(F14:F17) -> 2 | W11: =SUM(G14:G17) -> 0 | X11: =SUM(H14:H17) -> 0 | Y11: =SUM(I14:I17) -> 3 | Z11: =SUM(J14:J17) -> 1 | ... AF11: =SUM(P14:P17) -> 465
B12: 07.30 - 07.45 | C12: 5 | D12: 0 | E12: 0 | F12: 0 | G12: 0 | H12: 0 | I12: 1 | J12: 0 | K12: 0 | L12: 0 | M12: 135 | N12: 0 | O12: =SUM(C12:L12,N12) -> 6 | P12: =SUM(C12:N12) -> 141 | R12: 0900-1000 | S12: =SUM(C18:C21) -> 21 | T12: =SUM(D18:D21) -> 1 | U12: =SUM(E18:E21) -> 3 | V12: =SUM(F18:F21) -> 1 | W12: =SUM(G18:G21) -> 0 | X12: =SUM(H18:H21) -> 1 | Y12: =SUM(I18:I21) -> 5 | Z12: =SUM(J18:J21) -> 1 | ... AF12: =SUM(P18:P21) -> 355
B13: 07.45 - 08.00 | C13: 4 | D13: 0 | E13: 0 | F13: 2 | G13: 0 | H13: 1 | I13: 0 | J13: 0 | K13: 0 | L13: 0 | M13: 153 | N13: 0 | O13: =SUM(C13:L13,N13) -> 7 | P13: =SUM(C13:N13) -> 160 | R13: 1000-1100 | S13: =SUM(C22:C25) -> 24 | T13: =SUM(D22:D25) -> 2 | U13: =SUM(E22:E25) -> 2 | V13: =SUM(F22:F25) -> 0 | W13: =SUM(G22:G25) -> 0 | X13: =SUM(H22:H25) -> 0 | Y13: =SUM(I22:I25) -> 10 | Z13: =SUM(J22:J25) -> 1 | ... AF13: =SUM(P22:P25) -> 354
B14: 08.00 - 08.15 | C14: 2 | D14: 0 | E14: 0 | F14: 0 | G14: 0 | H14: 0 | I14: 0 | J14: 0 | K14: 0 | L14: 0 | M14: 135 | N14: 0 | O14: =SUM(C14:L14,N14) -> 2 | P14: =SUM(C14:N14) -> 137 | R14: 1100-1200 | S14: =SUM(C26:C29) -> 41 | T14: =SUM(D26:D29) -> 1 | U14: =SUM(E26:E29) -> 3 | V14: =SUM(F26:F29) -> 1 | W14: =SUM(G26:G29) -> 0 | X14: =SUM(H26:H29) -> 1 | Y14: =SUM(I26:I29) -> 10 | Z14: =SUM(J26:J29) -> 2 | ... AF14: =SUM(P26:P29) -> 499
B15: 08.15 - 08.30 | C15: 8 | D15: 0 | E15: 0 | F15: 1 | G15: 0 | H15: 0 | I15: 3 | J15: 0 | K15: 0 | L15: 0 | M15: 98 | N15: 0 | O15: =SUM(C15:L15,N15) -> 12 | P15: =SUM(C15:N15) -> 110 | R15: 1200-1300 | S15: =SUM(C30:C33) -> 20 | T15: =SUM(D30:D33) -> 3 | U15: =SUM(E30:E33) -> 3 | V15: =SUM(F30:F33) -> 0 | W15: =SUM(G30:G33) -> 1 | X15: =SUM(H30:H33) -> 1 | Y15: =SUM(I30:I33) -> 8 | Z15: =SUM(J30:J33) -> 1 | ... AF15: =SUM(P30:P33) -> 316
B16: 08.30 - 08.45 | C16: 7 | D16: 0 | E16: 0 | F16: 0 | G16: 0 | H16: 0 | I16: 0 | J16: 1 | K16: 0 | L16: 0 | M16: 102 | N16: 0 | O16: =SUM(C16:L16,N16) -> 8 | P16: =SUM(C16:N16) -> 110 | R16: 1300-1400 | S16: =SUM(C34:C37) -> 46 | T16: =SUM(D34:D37) -> 7 | U16: =SUM(E34:E37) -> 4 | V16: =SUM(F34:F37) -> 2 | W16: =SUM(G34:G37) -> 0 | X16: =SUM(H34:H37) -> 1 | Y16: =SUM(I34:I37) -> 9 | Z16: =SUM(J34:J37) -> 2 | ... AF16: =SUM(P34:P37) -> 398
B17: 08.45 - 9.00 | C17: 6 | D17: 1 | E17: 1 | F17: 1 | G17: 0 | H17: 0 | I17: 0 | J17: 0 | K17: 1 | L17: 0 | M17: 98 | N17: 0 | O17: =SUM(C17:L17,N17) -> 10 | P17: =SUM(C17:N17) -> 108 | R17: 1400-1500 | S17: =SUM(C38:C41) -> 26 | T17: =SUM(D38:D41) -> 3 | U17: =SUM(E38:E41) -> 3 | V17: =SUM(F38:F41) -> 3 | W17: =SUM(G38:G41) -> 0 | X17: =SUM(H38:H41) -> 2 | Y17: =SUM(I38:I41) -> 5 | Z17: =SUM(J38:J41) -> 4 | ... AF17: =SUM(P38:P41) -> 401
B18: 09.00 - 09.15 | C18: 6 | D18: 0 | E18: 1 | F18: 0 | G18: 0 | H18: 0 | I18: 0 | J18: 0 | K18: 0 | L18: 0 | M18: 94 | N18: 0 | O18: =SUM(C18:L18,N18) -> 7 | P18: =SUM(C18:N18) -> 101 | R18: 1500-1600 | S18: =SUM(C42:C45) -> 22 | T18: =SUM(D42:D45) -> 2 | U18: =SUM(E42:E45) -> 2 | V18: =SUM(F42:F45) -> 12 | W18: =SUM(G42:G45) -> 0 | X18: =SUM(H42:H45) -> 0 | Y18: =SUM(I42:I45) -> 4 | Z18: =SUM(J42:J45) -> 2 | ... AF18: =SUM(P42:P45) -> 380
B19: 09.15 - 09.30 | C19: 4 | D19: 0 | E19: 0 | F19: 1 | G19: 0 | H19: 0 | I19: 2 | J19: 0 | K19: 0 | L19: 0 | M19: 80 | N19: 0 | O19: =SUM(C19:L19,N19) -> 7 | P19: =SUM(C19:N19) -> 87 | R19: 1600-1700 | S19: =SUM(C46:C49) -> 55 | T19: =SUM(D46:D49) -> 3 | U19: =SUM(E46:E49) -> 2 | V19: =SUM(F46:F49) -> 3 | W19: =SUM(G46:G49) -> 0 | X19: =SUM(H46:H49) -> 0 | Y19: =SUM(I46:I49) -> 8 | Z19: =SUM(J46:J49) -> 3 | ... AF19: =SUM(P46:P49) -> 364
B20: 09.30 - 09.45 | C20: 6 | D20: 0 | E20: 1 | F20: 0 | G20: 0 | H20: 0 | I20: 2 | J20: 0 | K20: 1 | L20: 6 | M20: 75 | N20: 0 | O20: =SUM(C20:L20,N20) -> 16 | P20: =SUM(C20:N20) -> 91 | R20: 1700-1800 | S20: =SUM(C50:C53) -> 36 | T20: =SUM(D50:D53) -> 2 | U20: =SUM(E50:E53) -> 1 | V20: =SUM(F50:F53) -> 5 | W20: =SUM(G50:G53) -> 0 | X20: =SUM(H50:H53) -> 0 | Y20: =SUM(I50:I53) -> 7 | Z20: =SUM(J50:J53) -> 2 | ... AF20: =SUM(P50:P53) -> 398
B21: 09.45 - 10.00 | C21: 5 | D21: 1 | E21: 1 | F21: 0 | G21: 0 | H21: 1 | I21: 1 | J21: 1 | K21: 0 | L21: 0 | M21: 66 | N21: 0 | O21: =SUM(C21:L21,N21) -> 10 | P21: =SUM(C21:N21) -> 76 | R21: 1800-1900 | S21: =SUM(C54:C57) -> 59 | T21: =SUM(D54:D57) -> 1 | U21: =SUM(E54:E57) -> 1 | V21: =SUM(F54:F57) -> 8 | W21: =SUM(G54:G57) -> 0 | X21: =SUM(H54:H57) -> 0 | Y21: =SUM(I54:I57) -> 7 | Z21: =SUM(J54:J57) -> 7 | ... AF21: =SUM(P54:P57) -> 634
B22: 10.00 - 10.15 | C22: 6 | D22: 0 | E22: 1 | F22: 0 | G22: 0 | H22: 0 | I22: 0 | J22: 0 | K22: 0 | L22: 0 | M22: 59 | N22: 0 | O22: =SUM(C22:L22,N22) -> 7 | P22: =SUM(C22:N22) -> 66 | R22: 1900-2000 | S22: =SUM(C58:C61) -> 36 | T22: =SUM(D58:D61) -> 3 | U22: =SUM(E58:E61) -> 1 | V22: =SUM(F58:F61) -> 5 | W22: =SUM(G58:G61) -> 1 | X22: =SUM(H58:H61) -> 3 | Y22: =SUM(I58:I61) -> 5 | Z22: =SUM(J58:J61) -> 4 | ... AF22: =SUM(P58:P61) -> 422
B23: 10.15 - 10.30 | C23: 6 | D23: 0 | E23: 1 | F23: 0 | G23: 0 | H23: 0 | I23: 2 | J23: 0 | K23: 0 | L23: 0 | M23: 72 | N23: 0 | O23: =SUM(C23:L23,N23) -> 9 | P23: =SUM(C23:N23) -> 81 | R23: 2000-2100 | S23: =SUM(C62:C65) -> 22 | T23: =SUM(D62:D65) -> 1 | U23: =SUM(E62:E65) -> 0 | V23: =SUM(F62:F65) -> 0 | W23: =SUM(G62:G65) -> 0 | X23: =SUM(H62:H65) -> 3 | Y23: =SUM(I62:I65) -> 1 | Z23: =SUM(J62:J65) -> 4 | ... AF23: =SUM(P62:P65) -> 187
B24: 10.30 - 10.45 | C24: 8 | D24: 2 | E24: 0 | F24: 0 | G24: 0 | H24: 0 | I24: 5 | J24: 1 | K24: 0 | L24: 1 | M24: 100 | N24: 0 | O24: =SUM(C24:L24,N24) -> 17 | P24: =SUM(C24:N24) -> 117 | R24: 2100-2200 | S24: =SUM(C66:C69) -> 12 | T24: =SUM(D66:D69) -> 0 | U24: =SUM(E66:E69) -> 0 | V24: =SUM(F66:F69) -> 0 | W24: =SUM(G66:G69) -> 0 | X24: =SUM(H66:H69) -> 1 | Y24: =SUM(I66:I69) -> 1 | Z24: =SUM(J66:J69) -> 0 | ... AF24: =SUM(P66:P69) -> 60
B25: 10.45 - 11.00 | C25: 4 | D25: 0 | E25: 0 | F25: 0 | G25: 0 | H25: 0 | I25: 3 | J25: 0 | K25: 0 | L25: 0 | M25: 83 | N25: 0 | O25: =SUM(C25:L25,N25) -> 7 | P25: =SUM(C25:N25) -> 90 | R25: 2200-2300 | S25: =SUM(C70:C73) -> 11 | T25: =SUM(D70:D73) -> 0 | U25: =SUM(E70:E73) -> 1 | V25: =SUM(F70:F73) -> 0 | W25: =SUM(G70:G73) -> 0 | X25: =SUM(H70:H73) -> 0 | Y25: =SUM(I70:I73) -> 0 | Z25: =SUM(J70:J73) -> 0 | ... AF25: =SUM(P70:P73) -> 46
B26: 11.00 - 11.15 | C26: 5 | D26: 1 | E26: 0 | F26: 0 | G26: 0 | H26: 0 | I26: 3 | J26: 1 | K26: 0 | L26: 0 | M26: 107 | N26: 0 | O26: =SUM(C26:L26,N26) -> 10 | P26: =SUM(C26:N26) -> 117 | R26: 2300-0000 | S26: =SUM(C74:C77) -> 0 | T26: =SUM(D74:D77) -> 0 | U26: =SUM(E74:E77) -> 0 | V26: =SUM(F74:F77) -> 0 | W26: =SUM(G74:G77) -> 0 | X26: =SUM(H74:H77) -> 0 | Y26: =SUM(I74:I77) -> 0 | Z26: =SUM(J74:J77) -> 0 | ... AF26: =SUM(P74:P77) -> 16
B27: 11.15 - 11.30 | C27: 9 | D27: 0 | E27: 0 | F27: 1 | G27: 0 | H27: 0 | I27: 3 | J27: 0 | K27: 0 | L27: 0 | M27: 157 | N27: 0 | O27: =SUM(C27:L27,N27) -> 13 | P27: =SUM(C27:N27) -> 170 | R27: 0000-0100 | S27: =SUM(C78:C81) -> 1 | T27: =SUM(D78:D81) -> 1 | U27: =SUM(E78:E81) -> 0 | V27: =SUM(F78:F81) -> 0 | W27: =SUM(G78:G81) -> 0 | X27: =SUM(H78:H81) -> 0 | Y27: =SUM(I78:I81) -> 0 | Z27: =SUM(J78:J81) -> 0 | ... AF27: =SUM(P78:P81) -> 16
B28: 11.30 - 11.45 | C28: 16 | D28: 0 | E28: 2 | F28: 0 | G28: 0 | H28: 1 | I28: 1 | J28: 1 | K28: 0 | L28: 3 | M28: 101 | N28: 0 | O28: =SUM(C28:L28,N28) -> 24 | P28: =SUM(C28:N28) -> 125 | R28: 0100-0200 | S28: =SUM(C82:C85) -> 1 | T28: =SUM(D82:D85) -> 0 | U28: =SUM(E82:E85) -> 0 | V28: =SUM(F82:F85) -> 0 | W28: =SUM(G82:G85) -> 0 | X28: =SUM(H82:H85) -> 0 | Y28: =SUM(I82:I85) -> 0 | Z28: =SUM(J82:J85) -> 0 | ... AF28: =SUM(P82:P85) -> 8
B29: 11.45 - 12.00 | C29: 11 | D29: 0 | E29: 1 | F29: 0 | G29: 0 | H29: 0 | I29: 3 | J29: 0 | K29: 0 | L29: 0 | M29: 72 | N29: 0 | O29: =SUM(C29:L29,N29) -> 15 | P29: =SUM(C29:N29) -> 87 | R29: 0200-0300 | S29: =SUM(C86:C89) -> 2 | T29: =SUM(D86:D89) -> 1 | U29: =SUM(E86:E89) -> 0 | V29: =SUM(F86:F89) -> 0 | W29: =SUM(G86:G89) -> 0 | X29: =SUM(H86:H89) -> 0 | Y29: =SUM(I86:I89) -> 0 | Z29: =SUM(J86:J89) -> 0 | ... AF29: =SUM(P86:P89) -> 10
B30: 12.00 - 12.15 | C30: 6 | D30: 0 | E30: 0 | F30: 0 | G30: 1 | H30: 0 | I30: 3 | J30: 1 | K30: 0 | L30: 0 | M30: 60 | N30: 0 | O30: =SUM(C30:L30,N30) -> 11 | P30: =SUM(C30:N30) -> 71 | R30: 0300-0400 | S30: =SUM(C90:C93) -> 1 | T30: =SUM(D90:D93) -> 0 | U30: =SUM(E90:E93) -> 0 | V30: =SUM(F90:F93) -> 0 | W30: =SUM(G90:G93) -> 0 | X30: =SUM(H90:H93) -> 0 | Y30: =SUM(I90:I93) -> 0 | Z30: =SUM(J90:J93) -> 0 | ... AF30: =SUM(P90:P93) -> 35
B31: 12.15 - 12.30 | C31: 3 | D31: 1 | E31: 1 | F31: 0 | G31: 0 | H31: 1 | I31: 2 | J31: 0 | K31: 0 | L31: 1 | M31: 83 | N31: 0 | O31: =SUM(C31:L31,N31) -> 9 | P31: =SUM(C31:N31) -> 92 | R31: 0400-0500 | S31: =SUM(C94:C97) -> 1 | T31: =SUM(D94:D97) -> 0 | U31: =SUM(E94:E97) -> 1 | V31: =SUM(F94:F97) -> 0 | W31: =SUM(G94:G97) -> 0 | X31: =SUM(H94:H97) -> 0 | Y31: =SUM(I94:I97) -> 0 | Z31: =SUM(J94:J97) -> 0 | ... AF31: =SUM(P94:P97) -> 10
B32: 12.30 - 12.45 | C32: 5 | D32: 1 | E32: 2 | F32: 0 | G32: 0 | H32: 0 | I32: 3 | J32: 0 | K32: 0 | L32: 0 | M32: 70 | N32: 0 | O32: =SUM(C32:L32,N32) -> 11 | P32: =SUM(C32:N32) -> 81 | R32: 0500-0600 | S32: =SUM(C98:C101) -> 9 | T32: =SUM(D98:D101) -> 0 | U32: =SUM(E98:E101) -> 1 | V32: =SUM(F98:F101) -> 1 | W32: =SUM(G98:G101) -> 0 | X32: =SUM(H98:H101) -> 0 | Y32: =SUM(I98:I101) -> 0 | Z32: =SUM(J98:J101) -> 0 | ... AF32: =SUM(P98:P101) -> 34
B33: 12.45 - 13.00 | C33: 6 | D33: 1 | E33: 0 | F33: 0 | G33: 0 | H33: 0 | I33: 0 | J33: 0 | K33: 0 | L33: 0 | M33: 65 | N33: 0 | O33: =SUM(C33:L33,N33) -> 7 | P33: =SUM(C33:N33) -> 72 | R33: 0600-0700 | S33: =SUM(C102:C105) -> 7 | T33: =SUM(D102:D105) -> 1 | U33: =SUM(E102:E105) -> 0 | V33: =SUM(F102:F105) -> 0 | W33: =SUM(G102:G105) -> 0 | X33: =SUM(H102:H105) -> 0 | Y33: =SUM(I102:I105) -> 2 | Z33: =SUM(J102:J105) -> 0 | ... AF33: =SUM(P102:P105) -> 30
B34: 13.00 - 13.15 | C34: 7 | D34: 2 | E34: 1 | F34: 0 | G34: 0 | H34: 1 | I34: 5 | J34: 0 | K34: 0 | L34: 1 | M34: 62 | N34: 0 | O34: =SUM(C34:L34,N34) -> 17 | P34: =SUM(C34:N34) -> 79 | R34: AM Peak Hr | S34: =MAX(S10:S12) -> 23 | T34: =MAX(T10:T12) -> 1 | U34: =MAX(U10:U12) -> 3 | V34: =MAX(V10:V12) -> 3 | W34: =MAX(W10:W12) -> 0 | X34: =MAX(X10:X12) -> 2 | Y34: =MAX(Y10:Y12) -> 5 | Z34: =MAX(Z10:Z12) -> 1 | ... AF34: =MAX(AF10:AF12) -> 468
B35: 13.15 - 13.30 | C35: 12 | D35: 2 | E35: 1 | F35: 0 | G35: 0 | H35: 0 | I35: 1 | J35: 0 | K35: 0 | L35: 0 | M35: 94 | N35: 0 | O35: =SUM(C35:L35,N35) -> 16 | P35: =SUM(C35:N35) -> 110 | R35: IP Peak Hr | S35: =MAX(S13:S18) -> 46 | T35: =MAX(T13:T18) -> 7 | U35: =MAX(U13:U18) -> 4 | V35: =MAX(V13:V18) -> 12 | W35: =MAX(W13:W18) -> 1 | X35: =MAX(X13:X18) -> 2 | Y35: =MAX(Y13:Y18) -> 10 | Z35: =MAX(Z13:Z18) -> 4 | ... AF35: =MAX(AF13:AF18) -> 499
B36: 13.30 - 13.45 | C36: 12 | D36: 2 | E36: 1 | F36: 1 | G36: 0 | H36: 0 | I36: 2 | J36: 1 | K36: 0 | L36: 2 | M36: 81 | N36: 0 | O36: =SUM(C36:L36,N36) -> 21 | P36: =SUM(C36:N36) -> 102 | R36: PM Peak Hr | S36: =MAX(S19:S21) -> 59 | T36: =MAX(T19:T21) -> 3 | U36: =MAX(U19:U21) -> 2 | V36: =MAX(V19:V21) -> 8 | W36: =MAX(W19:W21) -> 0 | X36: =MAX(X19:X21) -> 0 | Y36: =MAX(Y19:Y21) -> 8 | Z36: =MAX(Z19:Z21) -> 7 | ... AF36: =MAX(AF19:AF21) -> 634
B37: 13.45 - 14.00 | C37: 15 | D37: 1 | E37: 1 | F37: 1 | G37: 0 | H37: 0 | I37: 1 | J37: 1 | K37: 0 | L37: 0 | M37: 87 | N37: 0 | O37: =SUM(C37:L37,N37) -> 20 | P37: =SUM(C37:N37) -> 107 | R37: AM Period | S37: =SUM(S10:S12) -> 63 | T37: =SUM(T10:T12) -> 2 | U37: =SUM(U10:U12) -> 4 | V37: =SUM(V10:V12) -> 6 | W37: =SUM(W10:W12) -> 0 | X37: =SUM(X10:X12) -> 3 | Y37: =SUM(Y10:Y12) -> 10 | Z37: =SUM(Z10:Z12) -> 2 | ... AF37: =SUM(AF10:AF12) -> 1288
B38: 14.00 - 14.15 | C38: 7 | D38: 1 | E38: 1 | F38: 1 | G38: 0 | H38: 0 | I38: 1 | J38: 1 | K38: 0 | L38: 0 | M38: 55 | N38: 0 | O38: =SUM(C38:L38,N38) -> 12 | P38: =SUM(C38:N38) -> 67 | R38: IP Period | S38: =SUM(S13:S18) -> 179 | T38: =SUM(T13:T18) -> 18 | U38: =SUM(U13:U18) -> 17 | V38: =SUM(V13:V18) -> 18 | W38: =SUM(W13:W18) -> 1 | X38: =SUM(X13:X18) -> 5 | Y38: =SUM(Y13:Y18) -> 46 | Z38: =SUM(Z13:Z18) -> 12 | ... AF38: =SUM(AF13:AF18) -> 2348
B39: 14.15 - 14.30 | C39: 4 | D39: 1 | E39: 0 | F39: 1 | G39: 0 | H39: 0 | I39: 3 | J39: 2 | K39: 0 | L39: 0 | M39: 103 | N39: 0 | O39: =SUM(C39:L39,N39) -> 11 | P39: =SUM(C39:N39) -> 114 | R39: PM Period | S39: =SUM(S19:S21) -> 150 | T39: =SUM(T19:T21) -> 6 | U39: =SUM(U19:U21) -> 4 | V39: =SUM(V19:V21) -> 16 | W39: =SUM(W19:W21) -> 0 | X39: =SUM(X19:X21) -> 0 | Y39: =SUM(Y19:Y21) -> 22 | Z39: =SUM(Z19:Z21) -> 12 | ... AF39: =SUM(AF19:AF21) -> 1396
B40: 14.30 - 14.45 | C40: 11 | D40: 0 | E40: 0 | F40: 1 | G40: 0 | H40: 0 | I40: 1 | J40: 1 | K40: 0 | L40: 1 | M40: 90 | N40: 0 | O40: =SUM(C40:L40,N40) -> 15 | P40: =SUM(C40:N40) -> 105 | R40: 12 Hours | S40: =SUM(S10:S21) -> 392 | T40: =SUM(T10:T21) -> 26 | U40: =SUM(U10:U21) -> 25 | V40: =SUM(V10:V21) -> 40 | W40: =SUM(W10:W21) -> 1 | X40: =SUM(X10:X21) -> 8 | Y40: =SUM(Y10:Y21) -> 78 | Z40: =SUM(Z10:Z21) -> 26 | ... AF40: =SUM(AF10:AF21) -> 5032
B41: 14.45 - 15.00 | C41: 4 | D41: 1 | E41: 2 | F41: 0 | G41: 0 | H41: 2 | I41: 0 | J41: 0 | K41: 0 | L41: 0 | M41: 106 | N41: 0 | O41: =SUM(C41:L41,N41) -> 9 | P41: =SUM(C41:N41) -> 115 | R41: 24 Hrs/ADT | S41: =SUM(S10:S33) -> 495 | T41: =SUM(T10:T33) -> 33 | U41: =SUM(U10:U33) -> 29 | V41: =SUM(V10:V33) -> 46 | W41: =SUM(W10:W33) -> 2 | X41: =SUM(X10:X33) -> 15 | Y41: =SUM(Y10:Y33) -> 87 | Z41: =SUM(Z10:Z33) -> 34 | ... AF41: =SUM(AF10:AF33) -> 5906
B42: 15.00 - 15.15 | C42: 8 | D42: 1 | E42: 1 | F42: 8 | G42: 0 | H42: 0 | I42: 2 | J42: 0 | K42: 0 | L42: 1 | M42: 89 | N42: 0 | O42: =SUM(C42:L42,N42) -> 21 | P42: =SUM(C42:N42) -> 110 | R42: NEF | S42: =S41/S40 -> 1.2627551 | T42: =T41/T40 -> 1.2692308 | U42: =U41/U40 -> 1.16 | V42: =V41/V40 -> 1.15 | W42: =W41/W40 -> 2 | X42: =X41/X40 -> 1.875 | Y42: =Y41/Y40 -> 1.1153846 | Z42: =Z41/Z40 -> 1.3076923 | ... AF42: =AF41/AF40 -> 1.1736884
B43: 15.15 - 15.30 | C43: 6 | D43: 1 | E43: 0 | F43: 1 | G43: 0 | H43: 0 | I43: 0 | J43: 0 | K43: 0 | L43: 0 | M43: 70 | N43: 0 | O43: =SUM(C43:L43,N43) -> 8 | P43: =SUM(C43:N43) -> 78
B44: 15.30 - 15.45 | C44: 4 | D44: 0 | E44: 1 | F44: 1 | G44: 0 | H44: 0 | I44: 1 | J44: 1 | K44: 0 | L44: 1 | M44: 108 | N44: 0 | O44: =SUM(C44:L44,N44) -> 9 | P44: =SUM(C44:N44) -> 117
B45: 15.45 - 16.00 | C45: 4 | D45: 0 | E45: 0 | F45: 2 | G45: 0 | H45: 0 | I45: 1 | J45: 1 | K45: 1 | L45: 2 | M45: 64 | N45: 0 | O45: =SUM(C45:L45,N45) -> 11 | P45: =SUM(C45:N45) -> 75
B46: 16.00 - 16.15 | C46: 10 | D46: 0 | E46: 0 | F46: 1 | G46: 0 | H46: 0 | I46: 0 | J46: 1 | K46: 1 | L46: 2 | M46: 64 | N46: 0 | O46: =SUM(C46:L46,N46) -> 15 | P46: =SUM(C46:N46) -> 79
B47: 16.15 -16.30 | C47: 9 | D47: 1 | E47: 0 | F47: 1 | G47: 0 | H47: 0 | I47: 4 | J47: 2 | K47: 0 | L47: 3 | M47: 98 | N47: 0 | O47: =SUM(C47:L47,N47) -> 20 | P47: =SUM(C47:N47) -> 118
B48: 16.30 -16.45 | C48: 26 | D48: 0 | E48: 1 | F48: 0 | G48: 0 | H48: 0 | I48: 2 | J48: 0 | K48: 0 | L48: 0 | M48: 44 | N48: 0 | O48: =SUM(C48:L48,N48) -> 29 | P48: =SUM(C48:N48) -> 73
B49: 16.45 -17.00 | C49: 10 | D49: 2 | E49: 1 | F49: 1 | G49: 0 | H49: 0 | I49: 2 | J49: 0 | K49: 0 | L49: 3 | M49: 75 | N49: 0 | O49: =SUM(C49:L49,N49) -> 19 | P49: =SUM(C49:N49) -> 94
B50: 17.00 -17.15 | C50: 6 | D50: 1 | E50: 1 | F50: 1 | G50: 0 | H50: 0 | I50: 0 | J50: 0 | K50: 0 | L50: 2 | M50: 65 | N50: 0 | O50: =SUM(C50:L50,N50) -> 11 | P50: =SUM(C50:N50) -> 76
B51: 17.15 -17.30 | C51: 11 | D51: 0 | E51: 0 | F51: 1 | G51: 0 | H51: 0 | I51: 0 | J51: 0 | K51: 0 | L51: 0 | M51: 92 | N51: 0 | O51: =SUM(C51:L51,N51) -> 12 | P51: =SUM(C51:N51) -> 104
B52: 17.30 -17.45 | C52: 9 | D52: 1 | E52: 0 | F52: 2 | G52: 0 | H52: 0 | I52: 4 | J52: 1 | K52: 0 | L52: 0 | M52: 101 | N52: 0 | O52: =SUM(C52:L52,N52) -> 17 | P52: =SUM(C52:N52) -> 118
B53: 17.45 -18.00 | C53: 10 | D53: 0 | E53: 0 | F53: 1 | G53: 0 | H53: 0 | I53: 3 | J53: 1 | K53: 0 | L53: 1 | M53: 84 | N53: 0 | O53: =SUM(C53:L53,N53) -> 16 | P53: =SUM(C53:N53) -> 100
B54: 18.00 - 18.15 | C54: 14 | D54: 0 | E54: 0 | F54: 3 | G54: 0 | H54: 0 | I54: 2 | J54: 1 | K54: 0 | L54: 1 | M54: 140 | N54: 0 | O54: =SUM(C54:L54,N54) -> 21 | P54: =SUM(C54:N54) -> 161
... B105: 06.45 - 07.00 | C105: 2 | D105: 0 | E105: 0 | F105: 0 | G105: 0 | H105: 0 | I105: 1 | J105: 0 | K105: 0 | L105: 0 | M105: 5 | N105: 0 | O105: =SUM(C105:L105,N105) -> 3 | P105: =SUM(C105:N105) -> 8
B106: Totals | C106: =SUM(C10:C105) -> 495 | D106: =SUM(D10:D105) -> 33 | E106: =SUM(E10:E105) -> 29 | F106: =SUM(F10:F105) -> 46 | G106: =SUM(G10:G105) -> 2 | H106: =SUM(H10:H105) -> 15 | I106: =SUM(I10:I105) -> 87 | J106: =SUM(J10:J105) -> 34 | ... P106: =SUM(P10:P105) -> 5906
B107: %ges + MCs | C107: =C106/$P$106 -> 0.083813071 | D107: =D106/$P$106 -> 0.0055875381 | E107: =E106/$P$106 -> 0.0049102608 | F107: =F106/$P$106 -> 0.0077886895 | G107: =G106/$P$106 -> 0.00033863867 | H107: =H106/$P$106 -> 0.00253979 | I107: =I106/$P$106 -> 0.014730782 | J107: =J106/$P$106 -> 0.0057568574 | ... N107: =N106/$P$106 -> 0
B108: %ges w/o MCs | C108: =C106/$O$106 -> 0.63137755 | D108: =D106/$O$106 -> 0.042091837 | E108: =E106/$O$106 -> 0.036989796 | F108: =F106/$O$106 -> 0.058673469 | G108: =G106/$O$106 -> 0.0025510204 | H108: =H106/$O$106 -> 0.019132653 | I108: =I106/$O$106 -> 0.11096939 | J108: =J106/$O$106 -> 0.043367347 | ... L108: =L106/$O$106 -> 0.044642857 | N108: =N106/$O$106 -> 0

Sheet 25.10.19 KASESE- PONDWE-24h
B1: Consultancy services for Preparation of Expressway Development Master Plan (EDMP) for Uganda
B2: MANUAL CLASSIFIED COUNT (MCC)
B3: ROAD NAME: | C3: ='26.10 KASESE-PONDWE'!C3:G3 -> MCC - C4 - STN137 - KASESE ROAD
C5: Date | D5: ='25.10.19 PONDWE-KASESE-24h'!D5 -> 25.10.19 | F5: Location | G5: ='25.10.19 PONDWE-KASESE-24h'!G5:H5 -> KABUYIRI | J5: Surveyor | K5: GODFREY
C6: Dir. From | D6: KASESE | F6: Dir. To | G6: PONDWE | J6: Supervisor | K6: ='25.10.19 PONDWE-KASESE-24h'!K6:L6 -> GODFREY
B8: Time / Veh Type | R8: SUMMARY TRAFFIC VOLUMES
C9: 1. Car | D9: 2. Station Wagon | E9: 3. Pickups | F9: 4. Minibus, matatu | G9: 5. Medium bus | H9: 6. Large Bus | I9: 7. Light Truck | J9: 8. Medium Truck | K9: 9. Heavy truck | L9: 10. Truck Trailer | M9: 11. Motor cycles | N9: 12. Tractors | O9: Total Excl M/Cycles | P9: Total All | R9: Time | S9: 1. Car | T9: 2. Station Wagon | U9: 3. Pickups | V9: 4. Minibus, matatu | W9: 5. Medium bus | X9: 6. Large Bus | Y9: 7. Light Truck | Z9: 8. Medium Truck | AA9: 9. Heavy truck | AB9: 10. Truck Trailer | AC9: 11. Motorcycles | AD9: 12. Tractors, Graders | AE9: Total Excl M/ Cycles | AF9: Total All
B10: 07.00 - 07.15 | C10: 1 | D10: 0 | E10: 0 | F10: 3 | G10: 0 | H10: 0 | I10: 1 | J10: 0 | K10: 0 | L10: 0 | M10: 59 | N10: 0 | O10: =SUM(C10:L10,N10) -> 5 | P10: =SUM(C10:N10) -> 64 | R10: 0700-0800 | S10: =SUM(C10:C13) -> 16 | T10: =SUM(D10:D13) -> 2 | U10: =SUM(E10:E13) -> 2 | V10: =SUM(F10:F13) -> 15 | W10: =SUM(G10:G13) -> 0 | X10: =SUM(H10:H13) -> 0 | Y10: =SUM(I10:I13) -> 5 | Z10: =SUM(J10:J13) -> 4 | ... AF10: =SUM(P10:P13) -> 566
B11: 07.15 - 07.30 | C11: 3 | D11: 0 | E11: 0 | F11: 5 | G11: 0 | H11: 0 | I11: 1 | J11: 1 | K11: 0 | L11: 2 | M11: 168 | N11: 0 | O11: =SUM(C11:L11,N11) -> 12 | P11: =SUM(C11:N11) -> 180 | R11: 0800-0900 | S11: =SUM(C14:C17) -> 30 | T11: =SUM(D14:D17) -> 2 | U11: =SUM(E14:E17) -> 4 | V11: =SUM(F14:F17) -> 12 | W11: =SUM(G14:G17) -> 1 | X11: =SUM(H14:H17) -> 0 | Y11: =SUM(I14:I17) -> 3 | Z11: =SUM(J14:J17) -> 7 | ... AF11: =SUM(P14:P17) -> 557
B12: 07.30 - 07.45 | C12: 4 | D12: 1 | E12: 1 | F12: 3 | G12: 0 | H12: 0 | I12: 0 | J12: 1 | K12: 0 | L12: 0 | M12: 148 | N12: 0 | O12: =SUM(C12:L12,N12) -> 10 | P12: =SUM(C12:N12) -> 158 | R12: 0900-1000 | S12: =SUM(C18:C21) -> 24 | T12: =SUM(D18:D21) -> 0 | U12: =SUM(E18:E21) -> 2 | V12: =SUM(F18:F21) -> 12 | W12: =SUM(G18:G21) -> 0 | X12: =SUM(H18:H21) -> 1 | Y12: =SUM(I18:I21) -> 5 | Z12: =SUM(J18:J21) -> 5 | ... AF12: =SUM(P18:P21) -> 317
B13: 07.45 - 08.00 | C13: 8 | D13: 1 | E13: 1 | F13: 4 | G13: 0 | H13: 0 | I13: 3 | J13: 2 | K13: 0 | L13: 0 | M13: 145 | N13: 0 | O13: =SUM(C13:L13,N13) -> 19 | P13: =SUM(C13:N13) -> 164 | R13: 1000-1100 | S13: =SUM(C22:C25) -> 16 | T13: =SUM(D22:D25) -> 0 | U13: =SUM(E22:E25) -> 4 | V13: =SUM(F22:F25) -> 3 | W13: =SUM(G22:G25) -> 0 | X13: =SUM(H22:H25) -> 0 | Y13: =SUM(I22:I25) -> 2 | Z13: =SUM(J22:J25) -> 2 | ... AF13: =SUM(P22:P25) -> 285
B14: 08.00 - 08.15 | C14: 8 | D14: 2 | E14: 1 | F14: 2 | G14: 0 | H14: 0 | I14: 1 | J14: 0 | K14: 0 | L14: 0 | M14: 190 | N14: 0 | O14: =SUM(C14:L14,N14) -> 14 | P14: =SUM(C14:N14) -> 204 | R14: 1100-1200 | S14: =SUM(C26:C29) -> 17 | T14: =SUM(D26:D29) -> 4 | U14: =SUM(E26:E29) -> 1 | V14: =SUM(F26:F29) -> 4 | W14: =SUM(G26:G29) -> 1 | X14: =SUM(H26:H29) -> 1 | Y14: =SUM(I26:I29) -> 1 | Z14: =SUM(J26:J29) -> 5 | ... AF14: =SUM(P26:P29) -> 247
B15: 08.15 - 08.30 | C15: 10 | D15: 0 | E15: 0 | F15: 4 | G15: 0 | H15: 0 | I15: 1 | J15: 4 | K15: 0 | L15: 1 | M15: 113 | N15: 0 | O15: =SUM(C15:L15,N15) -> 20 | P15: =SUM(C15:N15) -> 133 | R15: 1200-1300 | S15: =SUM(C30:C33) -> 13 | T15: =SUM(D30:D33) -> 0 | U15: =SUM(E30:E33) -> 3 | V15: =SUM(F30:F33) -> 3 | W15: =SUM(G30:G33) -> 0 | X15: =SUM(H30:H33) -> 0 | Y15: =SUM(I30:I33) -> 4 | Z15: =SUM(J30:J33) -> 2 | ... AF15: =SUM(P30:P33) -> 179
B16: 08.30 - 08.45 | C16: 3 | D16: 0 | E16: 1 | F16: 1 | G16: 1 | H16: 0 | I16: 1 | J16: 2 | K16: 0 | L16: 0 | M16: 134 | N16: 0 | O16: =SUM(C16:L16,N16) -> 9 | P16: =SUM(C16:N16) -> 143 | R16: 1300-1400 | S16: =SUM(C34:C37) -> 11 | T16: =SUM(D34:D37) -> 1 | U16: =SUM(E34:E37) -> 1 | V16: =SUM(F34:F37) -> 5 | W16: =SUM(G34:G37) -> 0 | X16: =SUM(H34:H37) -> 0 | Y16: =SUM(I34:I37) -> 4 | Z16: =SUM(J34:J37) -> 2 | ... AF16: =SUM(P34:P37) -> 237
B17: 08.45 - 9.00 | C17: 9 | D17: 0 | E17: 2 | F17: 5 | G17: 0 | H17: 0 | I17: 0 | J17: 1 | K17: 2 | L17: 0 | M17: 58 | N17: 0 | O17: =SUM(C17:L17,N17) -> 19 | P17: =SUM(C17:N17) -> 77 | R17: 1400-1500 | S17: =SUM(C38:C41) -> 13 | T17: =SUM(D38:D41) -> 4 | U17: =SUM(E38:E41) -> 1 | V17: =SUM(F38:F41) -> 3 | W17: =SUM(G38:G41) -> 1 | X17: =SUM(H38:H41) -> 0 | Y17: =SUM(I38:I41) -> 4 | Z17: =SUM(J38:J41) -> 2 | ... AF17: =SUM(P38:P41) -> 249
B18: 09.00 - 09.15 | C18: 6 | D18: 0 | E18: 0 | F18: 3 | G18: 0 | H18: 0 | I18: 1 | J18: 1 | K18: 0 | L18: 0 | M18: 53 | N18: 0 | O18: =SUM(C18:L18,N18) -> 11 | P18: =SUM(C18:N18) -> 64 | R18: 1500-1600 | S18: =SUM(C42:C45) -> 17 | T18: =SUM(D42:D45) -> 5 | U18: =SUM(E42:E45) -> 3 | V18: =SUM(F42:F45) -> 7 | W18: =SUM(G42:G45) -> 0 | X18: =SUM(H42:H45) -> 0 | Y18: =SUM(I42:I45) -> 3 | Z18: =SUM(J42:J45) -> 1 | ... AF18: =SUM(P42:P45) -> 383
B19: 09.15 - 09.30 | C19: 9 | D19: 0 | E19: 1 | F19: 3 | G19: 0 | H19: 0 | I19: 1 | J19: 1 | K19: 0 | L19: 0 | M19: 63 | N19: 0 | O19: =SUM(C19:L19,N19) -> 15 | P19: =SUM(C19:N19) -> 78 | R19: 1600-1700 | S19: =SUM(C46:C49) -> 22 | T19: =SUM(D46:D49) -> 0 | U19: =SUM(E46:E49) -> 4 | V19: =SUM(F46:F49) -> 7 | W19: =SUM(G46:G49) -> 0 | X19: =SUM(H46:H49) -> 2 | Y19: =SUM(I46:I49) -> 2 | Z19: =SUM(J46:J49) -> 2 | ... AF19: =SUM(P46:P49) -> 286
B20: 09.30 - 09.45 | C20: 4 | D20: 0 | E20: 1 | F20: 4 | G20: 0 | H20: 1 | I20: 1 | J20: 2 | K20: 0 | L20: 0 | M20: 58 | N20: 0 | O20: =SUM(C20:L20,N20) -> 13 | P20: =SUM(C20:N20) -> 71 | R20: 1700-1800 | S20: =SUM(C50:C53) -> 19 | T20: =SUM(D50:D53) -> 0 | U20: =SUM(E50:E53) -> 0 | V20: =SUM(F50:F53) -> 6 | W20: =SUM(G50:G53) -> 1 | X20: =SUM(H50:H53) -> 0 | Y20: =SUM(I50:I53) -> 0 | Z20: =SUM(J50:J53) -> 1 | ... AF20: =SUM(P50:P53) -> 198
B21: 09.45 - 10.00 | C21: 5 | D21: 0 | E21: 0 | F21: 2 | G21: 0 | H21: 0 | I21: 2 | J21: 1 | K21: 0 | L21: 0 | M21: 94 | N21: 0 | O21: =SUM(C21:L21,N21) -> 10 | P21: =SUM(C21:N21) -> 104 | R21: 1800-1900 | S21: =SUM(C54:C57) -> 15 | T21: =SUM(D54:D57) -> 1 | U21: =SUM(E54:E57) -> 0 | V21: =SUM(F54:F57) -> 6 | W21: =SUM(G54:G57) -> 0 | X21: =SUM(H54:H57) -> 0 | Y21: =SUM(I54:I57) -> 1 | Z21: =SUM(J54:J57) -> 0 | ... AF21: =SUM(P54:P57) -> 230
B22: 10.00 - 10.15 | C22: 4 | D22: 0 | E22: 1 | F22: 2 | G22: 0 | H22: 0 | I22: 0 | J22: 1 | K22: 0 | L22: 0 | M22: 108 | N22: 0 | O22: =SUM(C22:L22,N22) -> 8 | P22: =SUM(C22:N22) -> 116 | R22: 1900-2000 | S22: =SUM(C58:C61) -> 23 | T22: =SUM(D58:D61) -> 0 | U22: =SUM(E58:E61) -> 0 | V22: =SUM(F58:F61) -> 6 | W22: =SUM(G58:G61) -> 0 | X22: =SUM(H58:H61) -> 3 | Y22: =SUM(I58:I61) -> 3 | Z22: =SUM(J58:J61) -> 0 | ... AF22: =SUM(P58:P61) -> 176
B23: 10.15 - 10.30 | C23: 6 | D23: 0 | E23: 0 | F23: 0 | G23: 0 | H23: 0 | I23: 0 | J23: 1 | K23: 0 | L23: 0 | M23: 58 | N23: 0 | O23: =SUM(C23:L23,N23) -> 7 | P23: =SUM(C23:N23) -> 65 | R23: 2000-2100 | S23: =SUM(C62:C65) -> 12 | T23: =SUM(D62:D65) -> 0 | U23: =SUM(E62:E65) -> 2 | V23: =SUM(F62:F65) -> 1 | W23: =SUM(G62:G65) -> 0 | X23: =SUM(H62:H65) -> 0 | Y23: =SUM(I62:I65) -> 0 | Z23: =SUM(J62:J65) -> 0 | ... AF23: =SUM(P62:P65) -> 47
B24: 10.30 - 10.45 | C24: 0 | D24: 0 | E24: 2 | F24: 1 | G24: 0 | H24: 0 | I24: 0 | J24: 0 | K24: 0 | L24: 0 | M24: 53 | N24: 0 | O24: =SUM(C24:L24,N24) -> 3 | P24: =SUM(C24:N24) -> 56 | R24: 2100-2200 | S24: =SUM(C66:C69) -> 5 | T24: =SUM(D66:D69) -> 1 | U24: =SUM(E66:E69) -> 0 | V24: =SUM(F66:F69) -> 1 | W24: =SUM(G66:G69) -> 0 | X24: =SUM(H66:H69) -> 1 | Y24: =SUM(I66:I69) -> 0 | Z24: =SUM(J66:J69) -> 0 | ... AF24: =SUM(P66:P69) -> 24
B25: 10.45 - 11.00 | C25: 6 | D25: 0 | E25: 1 | F25: 0 | G25: 0 | H25: 0 | I25: 2 | J25: 0 | K25: 0 | L25: 0 | M25: 39 | N25: 0 | O25: =SUM(C25:L25,N25) -> 9 | P25: =SUM(C25:N25) -> 48 | R25: 2200-2300 | S25: =SUM(C70:C73) -> 3 | T25: =SUM(D70:D73) -> 0 | U25: =SUM(E70:E73) -> 0 | V25: =SUM(F70:F73) -> 0 | W25: =SUM(G70:G73) -> 0 | X25: =SUM(H70:H73) -> 0 | Y25: =SUM(I70:I73) -> 0 | Z25: =SUM(J70:J73) -> 0 | ... AF25: =SUM(P70:P73) -> 7
B26: 11.00 - 11.15 | C26: 6 | D26: 1 | E26: 0 | F26: 2 | G26: 1 | H26: 0 | I26: 0 | J26: 0 | K26: 0 | L26: 0 | M26: 40 | N26: 0 | O26: =SUM(C26:L26,N26) -> 10 | P26: =SUM(C26:N26) -> 50 | R26: 2300-0000 | S26: =SUM(C74:C77) -> 4 | T26: =SUM(D74:D77) -> 2 | U26: =SUM(E74:E77) -> 1 | V26: =SUM(F74:F77) -> 1 | W26: =SUM(G74:G77) -> 0 | X26: =SUM(H74:H77) -> 0 | Y26: =SUM(I74:I77) -> 0 | Z26: =SUM(J74:J77) -> 0 | ... AF26: =SUM(P74:P77) -> 14
B27: 11.15 - 11.30 | C27: 4 | D27: 1 | E27: 1 | F27: 1 | G27: 0 | H27: 0 | I27: 0 | J27: 3 | K27: 1 | L27: 0 | M27: 50 | N27: 0 | O27: =SUM(C27:L27,N27) -> 11 | P27: =SUM(C27:N27) -> 61 | R27: 0000-0100 | S27: =SUM(C78:C81) -> 1 | T27: =SUM(D78:D81) -> 0 | U27: =SUM(E78:E81) -> 0 | V27: =SUM(F78:F81) -> 0 | W27: =SUM(G78:G81) -> 0 | X27: =SUM(H78:H81) -> 0 | Y27: =SUM(I78:I81) -> 0 | Z27: =SUM(J78:J81) -> 0 | ... AF27: =SUM(P78:P81) -> 4
B28: 11.30 - 11.45 | C28: 3 | D28: 0 | E28: 0 | F28: 0 | G28: 0 | H28: 1 | I28: 1 | J28: 2 | K28: 2 | L28: 0 | M28: 61 | N28: 0 | O28: =SUM(C28:L28,N28) -> 9 | P28: =SUM(C28:N28) -> 70 | R28: 0100-0200 | S28: =SUM(C82:C85) -> 2 | T28: =SUM(D82:D85) -> 0 | U28: =SUM(E82:E85) -> 1 | V28: =SUM(F82:F85) -> 1 | W28: =SUM(G82:G85) -> 0 | X28: =SUM(H82:H85) -> 0 | Y28: =SUM(I82:I85) -> 0 | Z28: =SUM(J82:J85) -> 0 | ... AF28: =SUM(P82:P85) -> 5
B29: 11.45 - 12.00 | C29: 4 | D29: 2 | E29: 0 | F29: 1 | G29: 0 | H29: 0 | I29: 0 | J29: 0 | K29: 0 | L29: 0 | M29: 59 | N29: 0 | O29: =SUM(C29:L29,N29) -> 7 | P29: =SUM(C29:N29) -> 66 | R29: 0200-0300 | S29: =SUM(C86:C89) -> 1 | T29: =SUM(D86:D89) -> 0 | U29: =SUM(E86:E89) -> 1 | V29: =SUM(F86:F89) -> 0 | W29: =SUM(G86:G89) -> 0 | X29: =SUM(H86:H89) -> 0 | Y29: =SUM(I86:I89) -> 0 | Z29: =SUM(J86:J89) -> 0 | ... AF29: =SUM(P86:P89) -> 7
B30: 12.00 - 12.15 | C30: 2 | D30: 0 | E30: 0 | F30: 2 | G30: 0 | H30: 0 | I30: 0 | J30: 0 | K30: 0 | L30: 0 | M30: 42 | N30: 0 | O30: =SUM(C30:L30,N30) -> 4 | P30: =SUM(C30:N30) -> 46 | R30: 0300-0400 | S30: =SUM(C90:C93) -> 1 | T30: =SUM(D90:D93) -> 1 | U30: =SUM(E90:E93) -> 1 | V30: =SUM(F90:F93) -> 0 | W30: =SUM(G90:G93) -> 0 | X30: =SUM(H90:H93) -> 0 | Y30: =SUM(I90:I93) -> 0 | Z30: =SUM(J90:J93) -> 0 | ... AF30: =SUM(P90:P93) -> 4
B31: 12.15 - 12.30 | C31: 6 | D31: 0 | E31: 0 | F31: 1 | G31: 0 | H31: 0 | I31: 0 | J31: 0 | K31: 0 | L31: 0 | M31: 47 | N31: 0 | O31: =SUM(C31:L31,N31) -> 7 | P31: =SUM(C31:N31) -> 54 | R31: 0400-0500 | S31: =SUM(C94:C97) -> 2 | T31: =SUM(D94:D97) -> 0 | U31: =SUM(E94:E97) -> 2 | V31: =SUM(F94:F97) -> 3 | W31: =SUM(G94:G97) -> 0 | X31: =SUM(H94:H97) -> 0 | Y31: =SUM(I94:I97) -> 1 | Z31: =SUM(J94:J97) -> 0 | ... AF31: =SUM(P94:P97) -> 12
B32: 12.30 - 12.45 | C32: 2 | D32: 0 | E32: 2 | F32: 0 | G32: 0 | H32: 0 | I32: 1 | J32: 2 | K32: 1 | L32: 0 | M32: 38 | N32: 0 | O32: =SUM(C32:L32,N32) -> 8 | P32: =SUM(C32:N32) -> 46 | R32: 0500-0600 | S32: =SUM(C98:C101) -> 6 | T32: =SUM(D98:D101) -> 1 | U32: =SUM(E98:E101) -> 1 | V32: =SUM(F98:F101) -> 0 | W32: =SUM(G98:G101) -> 0 | X32: =SUM(H98:H101) -> 0 | Y32: =SUM(I98:I101) -> 1 | Z32: =SUM(J98:J101) -> 3 | ... AF32: =SUM(P98:P101) -> 20
B33: 12.45 - 13.00 | C33: 3 | D33: 0 | E33: 1 | F33: 0 | G33: 0 | H33: 0 | I33: 3 | J33: 0 | K33: 0 | L33: 1 | M33: 25 | N33: 0 | O33: =SUM(C33:L33,N33) -> 8 | P33: =SUM(C33:N33) -> 33 | R33: 0600-0700 | S33: =SUM(C102:C105) -> 3 | T33: =SUM(D102:D105) -> 1 | U33: =SUM(E102:E105) -> 2 | V33: =SUM(F102:F105) -> 1 | W33: =SUM(G102:G105) -> 0 | X33: =SUM(H102:H105) -> 0 | Y33: =SUM(I102:I105) -> 3 | Z33: =SUM(J102:J105) -> 1 | ... AF33: =SUM(P102:P105) -> 31
B34: 13.00 - 13.15 | C34: 1 | D34: 1 | E34: 0 | F34: 3 | G34: 0 | H34: 0 | I34: 2 | J34: 1 | K34: 0 | L34: 0 | M34: 58 | N34: 0 | O34: =SUM(C34:L34,N34) -> 8 | P34: =SUM(C34:N34) -> 66 | R34: AM Peak Hr | S34: =MAX(S10:S12) -> 30 | T34: =MAX(T10:T12) -> 2 | U34: =MAX(U10:U12) -> 4 | V34: =MAX(V10:V12) -> 15 | W34: =MAX(W10:W12) -> 1 | X34: =MAX(X10:X12) -> 1 | Y34: =MAX(Y10:Y12) -> 5 | Z34: =MAX(Z10:Z12) -> 7 | ... AF34: =MAX(AF10:AF12) -> 566
B35: 13.15 - 13.30 | C35: 4 | D35: 0 | E35: 1 | F35: 2 | G35: 0 | H35: 0 | I35: 0 | J35: 1 | K35: 0 | L35: 0 | M35: 51 | N35: 0 | O35: =SUM(C35:L35,N35) -> 8 | P35: =SUM(C35:N35) -> 59 | R35: IP Peak Hr | S35: =MAX(S13:S18) -> 17 | T35: =MAX(T13:T18) -> 5 | U35: =MAX(U13:U18) -> 4 | V35: =MAX(V13:V18) -> 7 | W35: =MAX(W13:W18) -> 1 | X35: =MAX(X13:X18) -> 1 | Y35: =MAX(Y13:Y18) -> 4 | Z35: =MAX(Z13:Z18) -> 5 | ... AF35: =MAX(AF13:AF18) -> 383
B36: 13.30 - 13.45 | C36: 3 | D36: 0 | E36: 0 | F36: 0 | G36: 0 | H36: 0 | I36: 0 | J36: 0 | K36: 0 | L36: 0 | M36: 69 | N36: 0 | O36: =SUM(C36:L36,N36) -> 3 | P36: =SUM(C36:N36) -> 72 | R36: PM Peak Hr | S36: =MAX(S19:S21) -> 22 | T36: =MAX(T19:T21) -> 1 | U36: =MAX(U19:U21) -> 4 | V36: =MAX(V19:V21) -> 7 | W36: =MAX(W19:W21) -> 1 | X36: =MAX(X19:X21) -> 2 | Y36: =MAX(Y19:Y21) -> 2 | Z36: =MAX(Z19:Z21) -> 2 | ... AF36: =MAX(AF19:AF21) -> 286
B37: 13.45 - 14.00 | C37: 3 | D37: 0 | E37: 0 | F37: 0 | G37: 0 | H37: 0 | I37: 2 | J37: 0 | K37: 0 | L37: 0 | M37: 35 | N37: 0 | O37: =SUM(C37:L37,N37) -> 5 | P37: =SUM(C37:N37) -> 40 | R37: AM Period | S37: =SUM(S10:S12) -> 70 | T37: =SUM(T10:T12) -> 4 | U37: =SUM(U10:U12) -> 8 | V37: =SUM(V10:V12) -> 39 | W37: =SUM(W10:W12) -> 1 | X37: =SUM(X10:X12) -> 1 | Y37: =SUM(Y10:Y12) -> 13 | Z37: =SUM(Z10:Z12) -> 16 | ... AF37: =SUM(AF10:AF12) -> 1440
B38: 14.00 - 14.15 | C38: 3 | D38: 1 | E38: 0 | F38: 1 | G38: 0 | H38: 0 | I38: 1 | J38: 0 | K38: 0 | L38: 1 | M38: 35 | N38: 0 | O38: =SUM(C38:L38,N38) -> 7 | P38: =SUM(C38:N38) -> 42 | R38: IP Period | S38: =SUM(S13:S18) -> 87 | T38: =SUM(T13:T18) -> 14 | U38: =SUM(U13:U18) -> 13 | V38: =SUM(V13:V18) -> 25 | W38: =SUM(W13:W18) -> 2 | X38: =SUM(X13:X18) -> 1 | Y38: =SUM(Y13:Y18) -> 18 | Z38: =SUM(Z13:Z18) -> 14 | ... AF38: =SUM(AF13:AF18) -> 1580
B39: 14.15 - 14.30 | C39: 3 | D39: 1 | E39: 0 | F39: 0 | G39: 1 | H39: 0 | I39: 0 | J39: 2 | K39: 2 | L39: 0 | M39: 59 | N39: 0 | O39: =SUM(C39:L39,N39) -> 9 | P39: =SUM(C39:N39) -> 68 | R39: PM Period | S39: =SUM(S19:S21) -> 56 | T39: =SUM(T19:T21) -> 1 | U39: =SUM(U19:U21) -> 4 | V39: =SUM(V19:V21) -> 19 | W39: =SUM(W19:W21) -> 1 | X39: =SUM(X19:X21) -> 2 | Y39: =SUM(Y19:Y21) -> 3 | Z39: =SUM(Z19:Z21) -> 3 | ... AF39: =SUM(AF19:AF21) -> 714
B40: 14.30 - 14.45 | C40: 4 | D40: 1 | E40: 1 | F40: 0 | G40: 0 | H40: 0 | I40: 3 | J40: 0 | K40: 0 | L40: 2 | M40: 58 | N40: 0 | O40: =SUM(C40:L40,N40) -> 11 | P40: =SUM(C40:N40) -> 69 | R40: 12 Hours | S40: =SUM(S10:S21) -> 213 | T40: =SUM(T10:T21) -> 19 | U40: =SUM(U10:U21) -> 25 | V40: =SUM(V10:V21) -> 83 | W40: =SUM(W10:W21) -> 4 | X40: =SUM(X10:X21) -> 4 | Y40: =SUM(Y10:Y21) -> 34 | Z40: =SUM(Z10:Z21) -> 33 | ... AF40: =SUM(AF10:AF21) -> 3734
B41: 14.45 - 15.00 | C41: 3 | D41: 1 | E41: 0 | F41: 2 | G41: 0 | H41: 0 | I41: 0 | J41: 0 | K41: 0 | L41: 0 | M41: 64 | N41: 0 | O41: =SUM(C41:L41,N41) -> 6 | P41: =SUM(C41:N41) -> 70 | R41: 24 Hrs/ADT | S41: =SUM(S10:S33) -> 276 | T41: =SUM(T10:T33) -> 25 | U41: =SUM(U10:U33) -> 36 | V41: =SUM(V10:V33) -> 97 | W41: =SUM(W10:W33) -> 4 | X41: =SUM(X10:X33) -> 8 | Y41: =SUM(Y10:Y33) -> 42 | Z41: =SUM(Z10:Z33) -> 37 | ... AF41: =SUM(AF10:AF33) -> 4085
B42: 15.00 - 15.15 | C42: 6 | D42: 1 | E42: 1 | F42: 3 | G42: 0 | H42: 0 | I42: 0 | J42: 0 | K42: 1 | L42: 0 | M42: 100 | N42: 0 | O42: =SUM(C42:L42,N42) -> 12 | P42: =SUM(C42:N42) -> 112 | R42: NEF | S42: =S41/S40 -> 1.2957746 | T42: =T41/T40 -> 1.3157895 | U42: =U41/U40 -> 1.44 | V42: =V41/V40 -> 1.1686747 | W42: =W41/W40 -> 1 | X42: =X41/X40 -> 2 | Y42: =Y41/Y40 -> 1.2352941 | Z42: =Z41/Z40 -> 1.1212121 | ... AF42: =AF41/AF40 -> 1.0940011
B43: 15.15 - 15.30 | C43: 3 | D43: 1 | E43: 0 | F43: 1 | G43: 0 | H43: 0 | I43: 1 | J43: 1 | K43: 0 | L43: 0 | M43: 69 | N43: 0 | O43: =SUM(C43:L43,N43) -> 7 | P43: =SUM(C43:N43) -> 76
B44: 15.30 - 15.45 | C44: 6 | D44: 2 | E44: 0 | F44: 3 | G44: 0 | H44: 0 | I44: 1 | J44: 0 | K44: 0 | L44: 0 | M44: 94 | N44: 0 | O44: =SUM(C44:L44,N44) -> 12 | P44: =SUM(C44:N44) -> 106
B45: 15.45 - 16.00 | C45: 2 | D45: 1 | E45: 2 | F45: 0 | G45: 0 | H45: 0 | I45: 1 | J45: 0 | K45: 0 | L45: 0 | M45: 83 | N45: 0 | O45: =SUM(C45:L45,N45) -> 6 | P45: =SUM(C45:N45) -> 89
B46: 16.00 - 16.15 | C46: 7 | D46: 0 | E46: 1 | F46: 3 | G46: 0 | H46: 0 | I46: 0 | J46: 1 | K46: 0 | L46: 0 | M46: 42 | N46: 0 | O46: =SUM(C46:L46,N46) -> 12 | P46: =SUM(C46:N46) -> 54
B47: 16.15 -16.30 | C47: 5 | D47: 0 | E47: 1 | F47: 2 | G47: 0 | H47: 1 | I47: 0 | J47: 1 | K47: 0 | L47: 1 | M47: 98 | N47: 0 | O47: =SUM(C47:L47,N47) -> 11 | P47: =SUM(C47:N47) -> 109
B48: 16.30 -16.45 | C48: 2 | D48: 0 | E48: 0 | F48: 0 | G48: 0 | H48: 0 | I48: 1 | J48: 0 | K48: 0 | L48: 0 | M48: 32 | N48: 0 | O48: =SUM(C48:L48,N48) -> 3 | P48: =SUM(C48:N48) -> 35
B49: 16.45 -17.00 | C49: 8 | D49: 0 | E49: 2 | F49: 2 | G49: 0 | H49: 1 | I49: 1 | J49: 0 | K49: 0 | L49: 0 | M49: 74 | N49: 0 | O49: =SUM(C49:L49,N49) -> 14 | P49: =SUM(C49:N49) -> 88
B50: 17.00 -17.15 | C50: 2 | D50: 0 | E50: 0 | F50: 1 | G50: 0 | H50: 0 | I50: 0 | J50: 0 | K50: 0 | L50: 0 | M50: 58 | N50: 0 | O50: =SUM(C50:L50,N50) -> 3 | P50: =SUM(C50:N50) -> 61
B51: 17.15 -17.30 | C51: 8 | D51: 0 | E51: 0 | F51: 3 | G51: 1 | H51: 0 | I51: 0 | J51: 0 | K51: 0 | L51: 0 | M51: 34 | N51: 0 | O51: =SUM(C51:L51,N51) -> 12 | P51: =SUM(C51:N51) -> 46
B52: 17.30 -17.45 | C52: 6 | D52: 0 | E52: 0 | F52: 1 | G52: 0 | H52: 0 | I52: 0 | J52: 1 | K52: 2 | L52: 2 | M52: 42 | N52: 0 | O52: =SUM(C52:L52,N52) -> 12 | P52: =SUM(C52:N52) -> 54
B53: 17.45 -18.00 | C53: 3 | D53: 0 | E53: 0 | F53: 1 | G53: 0 | H53: 0 | I53: 0 | J53: 0 | K53: 0 | L53: 0 | M53: 33 | N53: 0 | O53: =SUM(C53:L53,N53) -> 4 | P53: =SUM(C53:N53) -> 37
B54: 18.00 - 18.15 | C54: 3 | D54: 0 | E54: 0 | F54: 2 | G54: 0 | H54: 0 | I54: 0 | J54: 0 | K54: 0 | L54: 0 | M54: 35 | N54: 0 | O54: =SUM(C54:L54,N54) -> 5 | P54: =SUM(C54:N54) -> 40
... B105: 06.45 - 07.00 | C105: 0 | D105: 0 | E105: 1 | F105: 0 | G105: 0 | H105: 0 | I105: 0 | J105: 0 | K105: 1 | L105: 0 | M105: 2 | N105: 0 | O105: =SUM(C105:L105,N105) -> 2 | P105: =SUM(C105:N105) -> 4
B106: Totals | C106: =SUM(C10:C105) -> 276 | D106: =SUM(D10:D105) -> 25 | E106: =SUM(E10:E105) -> 36 | F106: =SUM(F10:F105) -> 97 | G106: =SUM(G10:G105) -> 4 | H106: =SUM(H10:H105) -> 8 | I106: =SUM(I10:I105) -> 42 | J106: =SUM(J10:J105) -> 37 | ... P106: =SUM(P10:P105) -> 4085
B107: %ges + MCs | C107: =C106/$P$106 -> 0.067564259 | D107: =D106/$P$106 -> 0.006119951 | E107: =E106/$P$106 -> 0.0088127295 | F107: =F106/$P$106 -> 0.02374541 | G107: =G106/$P$106 -> 0.00097919217 | H107: =H106/$P$106 -> 0.0019583843 | I107: =I106/$P$106 -> 0.010281518 | J107: =J106/$P$106 -> 0.0090575275 | ... N107: =N106/$P$106 -> 0
B108: %ges w/o MCs | C108: =C106/$O$106 -> 0.49909584 | D108: =D106/$O$106 -> 0.045207957 | E108: =E106/$O$106 -> 0.065099458 | F108: =F106/$O$106 -> 0.17540687 | G108: =G106/$O$106 -> 0.0072332731 | H108: =H106/$O$106 -> 0.014466546 | I108: =I106/$O$106 -> 0.075949367 | J108: =J106/$O$106 -> 0.066907776 | ... L108: =L106/$O$106 -> 0.025316456 | N108: =N106/$O$106 -> 0

Sheet Avg Week Kasese-Pondwe
B1: Consultancy services for Preparation of Expressway Development Master Plan (EDMP) for Uganda
B2: MANUAL CLASSIFIED COUNT (MCC)
B3: ROAD NAME: | C3: MPONDWE B.P
C5: Date | D5: AVERAGE WEEK | F5: Location | G5: KABUYIRI | J5: Surveyor | K5: XXXX
C6: Dir. From | D6: KASESE | F6: Dir. To | G6: MPONDWE | J6: Supervisor | K6: GODFREY
B8: Time / Veh Type | R8: SUMMARY TRAFFIC VOLUMES
C9: 1. Car | D9: 2. Station Wagon | E9: 3. Pickups | F9: 4. Minibus, matatu | G9: 5. Medium bus | H9: 6. Large Bus | I9: 7. Light Truck | J9: 8. Medium Truck | K9: 9. Heavy truck | L9: 10. Truck Trailer | M9: 11. Motor cycles | N9: 12. Tractors | O9: Total Excl M/Cycles | P9: Total All | R9: Time | S9: 1. Car | T9: 2. Station Wagon | U9: 3. Pickups | V9: 4. Minibus, matatu | W9: 5. Medium bus | X9: 6. Large Bus | Y9: 7. Light Truck | Z9: 8. Medium Truck | AA9: 9. Heavy truck | AB9: 10. Truck Trailer | AC9: 11. Motorcycles | AD9: 12. Tractors, Graders | AE9: Total Excl M/ Cycles | AF9: Total All
B10: 07.00 - 07.15 | C10: =AVERAGE('26.10 KASESE-PONDWE'!C10,'27.10 KASESE-PONDWE'!C10,'25.10.19 KASESE- PONDWE-24h'!C10) -> 0.66666667 | D10: =AVERAGE('26.10 KASESE-PONDWE'!D10,'27.10 KASESE-PONDWE'!D10,'25.10.19 KASESE- PONDWE-24h'!D10) -> 0 | E10: =AVERAGE('26.10 KASESE-PONDWE'!E10,'27.10 KASESE-PONDWE'!E10,'25.10.19 KASESE- PONDWE-24h'!E10) -> 0 | F10: =AVERAGE('26.10 KASESE-PONDWE'!F10,'27.10 KASESE-PONDWE'!F10,'25.10.19 KASESE- PONDWE-24h'!F10) -> 1 | G10: =AVERAGE('26.10 KASESE-PONDWE'!G10,'27.10 KASESE-PONDWE'!G10,'25.10.19 KASESE- PONDWE-24h'!G10) -> 0 | H10: =AVERAGE('26.10 KASESE-PONDWE'!H10,'27.10 KASESE-PONDWE'!H10,'25.10.19 KASESE- PONDWE-24h'!H10) -> 0 | I10: =AVERAGE('26.10 KASESE-PONDWE'!I10,'27.10 KASESE-PONDWE'!I10,'25.10.19 KASESE- PONDWE-24h'!I10) -> 0.66666667 | J10: =AVERAGE('26.10 KASESE-PONDWE'!J10,'27.10 KASESE-PONDWE'!J10,'25.10.19 KASESE- PONDWE-24h'!J10) -> 0 | ... N10: =AVERAGE('26.10 KASESE-PONDWE'!N10,'27.10 KASESE-PONDWE'!N10,'25.10.19 KASESE- PONDWE-24h'!N10) -> 0 | O10: =SUM(C10:L10,N10) -> 2.3333333 | P10: =SUM(C10:N10) -> 25 | R10: 0700-0800 | S10: =SUM(C10:C13) -> 7 | T10: =SUM(D10:D13) -> 0.66666667 | U10: =SUM(E10:E13) -> 0.66666667 | V10: =SUM(F10:F13) -> 6 | W10: =SUM(G10:G13) -> 0 | X10: =SUM(H10:H13) -> 0.33333333 | Y10: =SUM(I10:I13) -> 2.3333333 | Z10: =SUM(J10:J13) -> 2.6666667 | ... AF10: =SUM(P10:P13) -> 223
B11: 07.15 - 07.30 | C11: =AVERAGE('26.10 KASESE-PONDWE'!C11,'27.10 KASESE-PONDWE'!C11,'25.10.19 KASESE- PONDWE-24h'!C11) -> 2 | D11: =AVERAGE('26.10 KASESE-PONDWE'!D11,'27.10 KASESE-PONDWE'!D11,'25.10.19 KASESE- PONDWE-24h'!D11) -> 0 | E11: =AVERAGE('26.10 KASESE-PONDWE'!E11,'27.10 KASESE-PONDWE'!E11,'25.10.19 KASESE- PONDWE-24h'!E11) -> 0 | F11: =AVERAGE('26.10 KASESE-PONDWE'!F11,'27.10 KASESE-PONDWE'!F11,'25.10.19 KASESE- PONDWE-24h'!F11) -> 2 | G11: =AVERAGE('26.10 KASESE-PONDWE'!G11,'27.10 KASESE-PONDWE'!G11,'25.10.19 KASESE- PONDWE-24h'!G11) -> 0 | H11: =AVERAGE('26.10 KASESE-PONDWE'!H11,'27.10 KASESE-PONDWE'!H11,'25.10.19 KASESE- PONDWE-24h'!H11) -> 0.33333333 | I11: =AVERAGE('26.10 KASESE-PONDWE'!I11,'27.10 KASESE-PONDWE'!I11,'25.10.19 KASESE- PONDWE-24h'!I11) -> 0.33333333 | J11: =AVERAGE('26.10 KASESE-PONDWE'!J11,'27.10 KASESE-PONDWE'!J11,'25.10.19 KASESE- PONDWE-24h'!J11) -> 0.66666667 | ... N11: =AVERAGE('26.10 KASESE-PONDWE'!N11,'27.10 KASESE-PONDWE'!N11,'25.10.19 KASESE- PONDWE-24h'!N11) -> 0 | O11: =SUM(C11:L11,N11) -> 6 | P11: =SUM(C11:N11) -> 66 | R11: 0800-0900 | S11: =SUM(C14:C17) -> 17.666667 | T11: =SUM(D14:D17) -> 1.3333333 | U11: =SUM(E14:E17) -> 1.6666667 | V11: =SUM(F14:F17) -> 5.3333333 | W11: =SUM(G14:G17) -> 0.33333333 | X11: =SUM(H14:H17) -> 1.3333333 | Y11: =SUM(I14:I17) -> 2 | Z11: =SUM(J14:J17) -> 4 | ... AF11: =SUM(P14:P17) -> 291.66667
B12: 07.30 - 07.45 | C12: =AVERAGE('26.10 KASESE-PONDWE'!C12,'27.10 KASESE-PONDWE'!C12,'25.10.19 KASESE- PONDWE-24h'!C12) -> 1.3333333 | D12: =AVERAGE('26.10 KASESE-PONDWE'!D12,'27.10 KASESE-PONDWE'!D12,'25.10.19 KASESE- PONDWE-24h'!D12) -> 0.33333333 | E12: =AVERAGE('26.10 KASESE-PONDWE'!E12,'27.10 KASESE-PONDWE'!E12,'25.10.19 KASESE- PONDWE-24h'!E12) -> 0.33333333 | F12: =AVERAGE('26.10 KASESE-PONDWE'!F12,'27.10 KASESE-PONDWE'!F12,'25.10.19 KASESE- PONDWE-24h'!F12) -> 1 | G12: =AVERAGE('26.10 KASESE-PONDWE'!G12,'27.10 KASESE-PONDWE'!G12,'25.10.19 KASESE- PONDWE-24h'!G12) -> 0 | H12: =AVERAGE('26.10 KASESE-PONDWE'!H12,'27.10 KASESE-PONDWE'!H12,'25.10.19 KASESE- PONDWE-24h'!H12) -> 0 | I12: =AVERAGE('26.10 KASESE-PONDWE'!I12,'27.10 KASESE-PONDWE'!I12,'25.10.19 KASESE- PONDWE-24h'!I12) -> 0 | J12: =AVERAGE('26.10 KASESE-PONDWE'!J12,'27.10 KASESE-PONDWE'!J12,'25.10.19 KASESE- PONDWE-24h'!J12) -> 0.33333333 | ... N12: =AVERAGE('26.10 KASESE-PONDWE'!N12,'27.10 KASESE-PONDWE'!N12,'25.10.19 KASESE- PONDWE-24h'!N12) -> 0 | O12: =SUM(C12:L12,N12) -> 4 | P12: =SUM(C12:N12) -> 60.333333 | R12: 0900-1000 | S12: =SUM(C18:C21) -> 17.666667 | T12: =SUM(D18:D21) -> 1 | U12: =SUM(E18:E21) -> 1.6666667 | V12: =SUM(F18:F21) -> 5 | W12: =SUM(G18:G21) -> 0 | X12: =SUM(H18:H21) -> 0.66666667 | Y12: =SUM(I18:I21) -> 2.3333333 | Z12: =SUM(J18:J21) -> 3.6666667 | ... AF12: =SUM(P18:P21) -> 213.33333
B13: 07.45 - 08.00 | C13: =AVERAGE('26.10 KASESE-PONDWE'!C13,'27.10 KASESE-PONDWE'!C13,'25.10.19 KASESE- PONDWE-24h'!C13) -> 3 | D13: =AVERAGE('26.10 KASESE-PONDWE'!D13,'27.10 KASESE-PONDWE'!D13,'25.10.19 KASESE- PONDWE-24h'!D13) -> 0.33333333 | E13: =AVERAGE('26.10 KASESE-PONDWE'!E13,'27.10 KASESE-PONDWE'!E13,'25.10.19 KASESE- PONDWE-24h'!E13) -> 0.33333333 | F13: =AVERAGE('26.10 KASESE-PONDWE'!F13,'27.10 KASESE-PONDWE'!F13,'25.10.19 KASESE- PONDWE-24h'!F13) -> 2 | G13: =AVERAGE('26.10 KASESE-PONDWE'!G13,'27.10 KASESE-PONDWE'!G13,'25.10.19 KASESE- PONDWE-24h'!G13) -> 0 | H13: =AVERAGE('26.10 KASESE-PONDWE'!H13,'27.10 KASESE-PONDWE'!H13,'25.10.19 KASESE- PONDWE-24h'!H13) -> 0 | I13: =AVERAGE('26.10 KASESE-PONDWE'!I13,'27.10 KASESE-PONDWE'!I13,'25.10.19 KASESE- PONDWE-24h'!I13) -> 1.3333333 | J13: =AVERAGE('26.10 KASESE-PONDWE'!J13,'27.10 KASESE-PONDWE'!J13,'25.10.19 KASESE- PONDWE-24h'!J13) -> 1.6666667 | ... N13: =AVERAGE('26.10 KASESE-PONDWE'!N13,'27.10 KASESE-PONDWE'!N13,'25.10.19 KASESE- PONDWE-24h'!N13) -> 0 | O13: =SUM(C13:L13,N13) -> 9.3333333 | P13: =SUM(C13:N13) -> 71.666667 | R13: 1000-1100 | S13: =SUM(C22:C25) -> 14.666667 | T13: =SUM(D22:D25) -> 1 | U13: =SUM(E22:E25) -> 2 | V13: =SUM(F22:F25) -> 2 | W13: =SUM(G22:G25) -> 0 | X13: =SUM(H22:H25) -> 0.33333333 | Y13: =SUM(I22:I25) -> 1.3333333 | Z13: =SUM(J22:J25) -> 2.6666667 | ... AF13: =SUM(P22:P25) -> 168.33333
B14: 08.00 - 08.15 | C14: =AVERAGE('26.10 KASESE-PONDWE'!C14,'27.10 KASESE-PONDWE'!C14,'25.10.19 KASESE- PONDWE-24h'!C14) -> 4 | D14: =AVERAGE('26.10 KASESE-PONDWE'!D14,'27.10 KASESE-PONDWE'!D14,'25.10.19 KASESE- PONDWE-24h'!D14) -> 0.66666667 | E14: =AVERAGE('26.10 KASESE-PONDWE'!E14,'27.10 KASESE-PONDWE'!E14,'25.10.19 KASESE- PONDWE-24h'!E14) -> 0.66666667 | F14: =AVERAGE('26.10 KASESE-PONDWE'!F14,'27.10 KASESE-PONDWE'!F14,'25.10.19 KASESE- PONDWE-24h'!F14) -> 1 | G14: =AVERAGE('26.10 KASESE-PONDWE'!G14,'27.10 KASESE-PONDWE'!G14,'25.10.19 KASESE- PONDWE-24h'!G14) -> 0 | H14: =AVERAGE('26.10 KASESE-PONDWE'!H14,'27.10 KASESE-PONDWE'!H14,'25.10.19 KASESE- PONDWE-24h'!H14) -> 0.66666667 | I14: =AVERAGE('26.10 KASESE-PONDWE'!I14,'27.10 KASESE-PONDWE'!I14,'25.10.19 KASESE- PONDWE-24h'!I14) -> 1.3333333 | J14: =AVERAGE('26.10 KASESE-PONDWE'!J14,'27.10 KASESE-PONDWE'!J14,'25.10.19 KASESE- PONDWE-24h'!J14) -> 0.33333333 | ... N14: =AVERAGE('26.10 KASESE-PONDWE'!N14,'27.10 KASESE-PONDWE'!N14,'25.10.19 KASESE- PONDWE-24h'!N14) -> 0 | O14: =SUM(C14:L14,N14) -> 9 | P14: =SUM(C14:N14) -> 95.333333 | R14: 1100-1200 | S14: =SUM(C26:C29) -> 19.333333 | T14: =SUM(D26:D29) -> 1.3333333 | U14: =SUM(E26:E29) -> 0.33333333 | V14: =SUM(F26:F29) -> 3.3333333 | W14: =SUM(G26:G29) -> 0.33333333 | X14: =SUM(H26:H29) -> 1.3333333 | Y14: =SUM(I26:I29) -> 0.66666667 | Z14: =SUM(J26:J29) -> 2 | ... AF14: =SUM(P26:P29) -> 198.33333
B15: 08.15 - 08.30 | C15: =AVERAGE('26.10 KASESE-PONDWE'!C15,'27.10 KASESE-PONDWE'!C15,'25.10.19 KASESE- PONDWE-24h'!C15) -> 5.3333333 | D15: =AVERAGE('26.10 KASESE-PONDWE'!D15,'27.10 KASESE-PONDWE'!D15,'25.10.19 KASESE- PONDWE-24h'!D15) -> 0.33333333 | E15: =AVERAGE('26.10 KASESE-PONDWE'!E15,'27.10 KASESE-PONDWE'!E15,'25.10.19 KASESE- PONDWE-24h'!E15) -> 0 | F15: =AVERAGE('26.10 KASESE-PONDWE'!F15,'27.10 KASESE-PONDWE'!F15,'25.10.19 KASESE- PONDWE-24h'!F15) -> 1.6666667 | G15: =AVERAGE('26.10 KASESE-PONDWE'!G15,'27.10 KASESE-PONDWE'!G15,'25.10.19 KASESE- PONDWE-24h'!G15) -> 0 | H15: =AVERAGE('26.10 KASESE-PONDWE'!H15,'27.10 KASESE-PONDWE'!H15,'25.10.19 KASESE- PONDWE-24h'!H15) -> 0.33333333 | I15: =AVERAGE('26.10 KASESE-PONDWE'!I15,'27.10 KASESE-PONDWE'!I15,'25.10.19 KASESE- PONDWE-24h'!I15) -> 0.33333333 | J15: =AVERAGE('26.10 KASESE-PONDWE'!J15,'27.10 KASESE-PONDWE'!J15,'25.10.19 KASESE- PONDWE-24h'!J15) -> 1.6666667 | ... N15: =AVERAGE('26.10 KASESE-PONDWE'!N15,'27.10 KASESE-PONDWE'!N15,'25.10.19 KASESE- PONDWE-24h'!N15) -> 0 | O15: =SUM(C15:L15,N15) -> 10.333333 | P15: =SUM(C15:N15) -> 73.333333 | R15: 1200-1300 | S15: =SUM(C30:C33) -> 13.333333 | T15: =SUM(D30:D33) -> 0.66666667 | U15: =SUM(E30:E33) -> 1.6666667 | V15: =SUM(F30:F33) -> 5.3333333 | W15: =SUM(G30:G33) -> 0 | X15: =SUM(H30:H33) -> 0.66666667 | Y15: =SUM(I30:I33) -> 2.6666667 | Z15: =SUM(J30:J33) -> 1.6666667 | ... AF15: =SUM(P30:P33) -> 186.33333
B16: 08.30 - 08.45 | C16: =AVERAGE('26.10 KASESE-PONDWE'!C16,'27.10 KASESE-PONDWE'!C16,'25.10.19 KASESE- PONDWE-24h'!C16) -> 3.6666667 | D16: =AVERAGE('26.10 KASESE-PONDWE'!D16,'27.10 KASESE-PONDWE'!D16,'25.10.19 KASESE- PONDWE-24h'!D16) -> 0.33333333 | E16: =AVERAGE('26.10 KASESE-PONDWE'!E16,'27.10 KASESE-PONDWE'!E16,'25.10.19 KASESE- PONDWE-24h'!E16) -> 0.33333333 | F16: =AVERAGE('26.10 KASESE-PONDWE'!F16,'27.10 KASESE-PONDWE'!F16,'25.10.19 KASESE- PONDWE-24h'!F16) -> 1 | G16: =AVERAGE('26.10 KASESE-PONDWE'!G16,'27.10 KASESE-PONDWE'!G16,'25.10.19 KASESE- PONDWE-24h'!G16) -> 0.33333333 | H16: =AVERAGE('26.10 KASESE-PONDWE'!H16,'27.10 KASESE-PONDWE'!H16,'25.10.19 KASESE- PONDWE-24h'!H16) -> 0.33333333 | I16: =AVERAGE('26.10 KASESE-PONDWE'!I16,'27.10 KASESE-PONDWE'!I16,'25.10.19 KASESE- PONDWE-24h'!I16) -> 0.33333333 | J16: =AVERAGE('26.10 KASESE-PONDWE'!J16,'27.10 KASESE-PONDWE'!J16,'25.10.19 KASESE- PONDWE-24h'!J16) -> 1.3333333 | ... N16: =AVERAGE('26.10 KASESE-PONDWE'!N16,'27.10 KASESE-PONDWE'!N16,'25.10.19 KASESE- PONDWE-24h'!N16) -> 0 | O16: =SUM(C16:L16,N16) -> 8.6666667 | P16: =SUM(C16:N16) -> 74.333333 | R16: 1300-1400 | S16: =SUM(C34:C37) -> 11.333333 | T16: =SUM(D34:D37) -> 1.3333333 | U16: =SUM(E34:E37) -> 1.6666667 | V16: =SUM(F34:F37) -> 5.3333333 | W16: =SUM(G34:G37) -> 0 | X16: =SUM(H34:H37) -> 0.33333333 | Y16: =SUM(I34:I37) -> 2 | Z16: =SUM(J34:J37) -> 1.3333333 | ... AF16: =SUM(P34:P37) -> 201.33333
B17: 08.45 - 9.00 | C17: =AVERAGE('26.10 KASESE-PONDWE'!C17,'27.10 KASESE-PONDWE'!C17,'25.10.19 KASESE- PONDWE-24h'!C17) -> 4.6666667 | D17: =AVERAGE('26.10 KASESE-PONDWE'!D17,'27.10 KASESE-PONDWE'!D17,'25.10.19 KASESE- PONDWE-24h'!D17) -> 0 | E17: =AVERAGE('26.10 KASESE-PONDWE'!E17,'27.10 KASESE-PONDWE'!E17,'25.10.19 KASESE- PONDWE-24h'!E17) -> 0.66666667 | F17: =AVERAGE('26.10 KASESE-PONDWE'!F17,'27.10 KASESE-PONDWE'!F17,'25.10.19 KASESE- PONDWE-24h'!F17) -> 1.6666667 | G17: =AVERAGE('26.10 KASESE-PONDWE'!G17,'27.10 KASESE-PONDWE'!G17,'25.10.19 KASESE- PONDWE-24h'!G17) -> 0 | H17: =AVERAGE('26.10 KASESE-PONDWE'!H17,'27.10 KASESE-PONDWE'!H17,'25.10.19 KASESE- PONDWE-24h'!H17) -> 0 | I17: =AVERAGE('26.10 KASESE-PONDWE'!I17,'27.10 KASESE-PONDWE'!I17,'25.10.19 KASESE- PONDWE-24h'!I17) -> 0 | J17: =AVERAGE('26.10 KASESE-PONDWE'!J17,'27.10 KASESE-PONDWE'!J17,'25.10.19 KASESE- PONDWE-24h'!J17) -> 0.66666667 | ... N17: =AVERAGE('26.10 KASESE-PONDWE'!N17,'27.10 KASESE-PONDWE'!N17,'25.10.19 KASESE- PONDWE-24h'!N17) -> 0 | O17: =SUM(C17:L17,N17) -> 9 | P17: =SUM(C17:N17) -> 48.666667 | R17: 1400-1500 | S17: =SUM(C38:C41) -> 9.6666667 | T17: =SUM(D38:D41) -> 1.3333333 | U17: =SUM(E38:E41) -> 0.66666667 | V17: =SUM(F38:F41) -> 4.3333333 | W17: =SUM(G38:G41) -> 0.33333333 | X17: =SUM(H38:H41) -> 0.33333333 | Y17: =SUM(I38:I41) -> 1.3333333 | Z17: =SUM(J38:J41) -> 1.3333333 | ... AF17: =SUM(P38:P41) -> 196
B18: 09.00 - 09.15 | C18: =AVERAGE('26.10 KASESE-PONDWE'!C18,'27.10 KASESE-PONDWE'!C18,'25.10.19 KASESE- PONDWE-24h'!C18) -> 4 | D18: =AVERAGE('26.10 KASESE-PONDWE'!D18,'27.10 KASESE-PONDWE'!D18,'25.10.19 KASESE- PONDWE-24h'!D18) -> 0 | E18: =AVERAGE('26.10 KASESE-PONDWE'!E18,'27.10 KASESE-PONDWE'!E18,'25.10.19 KASESE- PONDWE-24h'!E18) -> 0.33333333 | F18: =AVERAGE('26.10 KASESE-PONDWE'!F18,'27.10 KASESE-PONDWE'!F18,'25.10.19 KASESE- PONDWE-24h'!F18) -> 1.6666667 | G18: =AVERAGE('26.10 KASESE-PONDWE'!G18,'27.10 KASESE-PONDWE'!G18,'25.10.19 KASESE- PONDWE-24h'!G18) -> 0 | H18: =AVERAGE('26.10 KASESE-PONDWE'!H18,'27.10 KASESE-PONDWE'!H18,'25.10.19 KASESE- PONDWE-24h'!H18) -> 0 | I18: =AVERAGE('26.10 KASESE-PONDWE'!I18,'27.10 KASESE-PONDWE'!I18,'25.10.19 KASESE- PONDWE-24h'!I18) -> 1 | J18: =AVERAGE('26.10 KASESE-PONDWE'!J18,'27.10 KASESE-PONDWE'!J18,'25.10.19 KASESE- PONDWE-24h'!J18) -> 1 | ... N18: =AVERAGE('26.10 KASESE-PONDWE'!N18,'27.10 KASESE-PONDWE'!N18,'25.10.19 KASESE- PONDWE-24h'!N18) -> 0 | O18: =SUM(C18:L18,N18) -> 8.6666667 | P18: =SUM(C18:N18) -> 49.666667 | R18: 1500-1600 | S18: =SUM(C42:C45) -> 15 | T18: =SUM(D42:D45) -> 3 | U18: =SUM(E42:E45) -> 1.3333333 | V18: =SUM(F42:F45) -> 6 | W18: =SUM(G42:G45) -> 0 | X18: =SUM(H42:H45) -> 0.33333333 | Y18: =SUM(I42:I45) -> 2.6666667 | Z18: =SUM(J42:J45) -> 1.3333333 | ... AF18: =SUM(P42:P45) -> 258
B19: 09.15 - 09.30 | C19: =AVERAGE('26.10 KASESE-PONDWE'!C19,'27.10 KASESE-PONDWE'!C19,'25.10.19 KASESE- PONDWE-24h'!C19) -> 5.6666667 | D19: =AVERAGE('26.10 KASESE-PONDWE'!D19,'27.10 KASESE-PONDWE'!D19,'25.10.19 KASESE- PONDWE-24h'!D19) -> 0.33333333 | E19: =AVERAGE('26.10 KASESE-PONDWE'!E19,'27.10 KASESE-PONDWE'!E19,'25.10.19 KASESE- PONDWE-24h'!E19) -> 0.33333333 | F19: =AVERAGE('26.10 KASESE-PONDWE'!F19,'27.10 KASESE-PONDWE'!F19,'25.10.19 KASESE- PONDWE-24h'!F19) -> 1.3333333 | G19: =AVERAGE('26.10 KASESE-PONDWE'!G19,'27.10 KASESE-PONDWE'!G19,'25.10.19 KASESE- PONDWE-24h'!G19) -> 0 | H19: =AVERAGE('26.10 KASESE-PONDWE'!H19,'27.10 KASESE-PONDWE'!H19,'25.10.19 KASESE- PONDWE-24h'!H19) -> 0 | I19: =AVERAGE('26.10 KASESE-PONDWE'!I19,'27.10 KASESE-PONDWE'!I19,'25.10.19 KASESE- PONDWE-24h'!I19) -> 0.33333333 | J19: =AVERAGE('26.10 KASESE-PONDWE'!J19,'27.10 KASESE-PONDWE'!J19,'25.10.19 KASESE- PONDWE-24h'!J19) -> 1 | ... N19: =AVERAGE('26.10 KASESE-PONDWE'!N19,'27.10 KASESE-PONDWE'!N19,'25.10.19 KASESE- PONDWE-24h'!N19) -> 0 | O19: =SUM(C19:L19,N19) -> 9 | P19: =SUM(C19:N19) -> 49.333333 | R19: 1600-1700 | S19: =SUM(C46:C49) -> 16 | T19: =SUM(D46:D49) -> 1.3333333 | U19: =SUM(E46:E49) -> 2 | V19: =SUM(F46:F49) -> 7 | W19: =SUM(G46:G49) -> 0 | X19: =SUM(H46:H49) -> 1 | Y19: =SUM(I46:I49) -> 0.66666667 | Z19: =SUM(J46:J49) -> 1.3333333 | ... AF19: =SUM(P46:P49) -> 283.33333
B20: 09.30 - 09.45 | C20: =AVERAGE('26.10 KASESE-PONDWE'!C20,'27.10 KASESE-PONDWE'!C20,'25.10.19 KASESE- PONDWE-24h'!C20) -> 2.3333333 | D20: =AVERAGE('26.10 KASESE-PONDWE'!D20,'27.10 KASESE-PONDWE'!D20,'25.10.19 KASESE- PONDWE-24h'!D20) -> 0.66666667 | E20: =AVERAGE('26.10 KASESE-PONDWE'!E20,'27.10 KASESE-PONDWE'!E20,'25.10.19 KASESE- PONDWE-24h'!E20) -> 0.66666667 | F20: =AVERAGE('26.10 KASESE-PONDWE'!F20,'27.10 KASESE-PONDWE'!F20,'25.10.19 KASESE- PONDWE-24h'!F20) -> 1.3333333 | G20: =AVERAGE('26.10 KASESE-PONDWE'!G20,'27.10 KASESE-PONDWE'!G20,'25.10.19 KASESE- PONDWE-24h'!G20) -> 0 | H20: =AVERAGE('26.10 KASESE-PONDWE'!H20,'27.10 KASESE-PONDWE'!H20,'25.10.19 KASESE- PONDWE-24h'!H20) -> 0.33333333 | I20: =AVERAGE('26.10 KASESE-PONDWE'!I20,'27.10 KASESE-PONDWE'!I20,'25.10.19 KASESE- PONDWE-24h'!I20) -> 0.33333333 | J20: =AVERAGE('26.10 KASESE-PONDWE'!J20,'27.10 KASESE-PONDWE'!J20,'25.10.19 KASESE- PONDWE-24h'!J20) -> 0.66666667 | ... N20: =AVERAGE('26.10 KASESE-PONDWE'!N20,'27.10 KASESE-PONDWE'!N20,'25.10.19 KASESE- PONDWE-24h'!N20) -> 0 | O20: =SUM(C20:L20,N20) -> 6.6666667 | P20: =SUM(C20:N20) -> 49.666667 | R20: 1700-1800 | S20: =SUM(C50:C53) -> 17.666667 | T20: =SUM(D50:D53) -> 1.6666667 | U20: =SUM(E50:E53) -> 0.33333333 | V20: =SUM(F50:F53) -> 4.6666667 | W20: =SUM(G50:G53) -> 0.33333333 | X20: =SUM(H50:H53) -> 1 | Y20: =SUM(I50:I53) -> 1 | Z20: =SUM(J50:J53) -> 0.33333333 | ... AF20: =SUM(P50:P53) -> 199
B21: 09.45 - 10.00 | C21: =AVERAGE('26.10 KASESE-PONDWE'!C21,'27.10 KASESE-PONDWE'!C21,'25.10.19 KASESE- PONDWE-24h'!C21) -> 5.6666667 | D21: =AVERAGE('26.10 KASESE-PONDWE'!D21,'27.10 KASESE-PONDWE'!D21,'25.10.19 KASESE- PONDWE-24h'!D21) -> 0 | E21: =AVERAGE('26.10 KASESE-PONDWE'!E21,'27.10 KASESE-PONDWE'!E21,'25.10.19 KASESE- PONDWE-24h'!E21) -> 0.33333333 | F21: =AVERAGE('26.10 KASESE-PONDWE'!F21,'27.10 KASESE-PONDWE'!F21,'25.10.19 KASESE- PONDWE-24h'!F21) -> 0.66666667 | G21: =AVERAGE('26.10 KASESE-PONDWE'!G21,'27.10 KASESE-PONDWE'!G21,'25.10.19 KASESE- PONDWE-24h'!G21) -> 0 | H21: =AVERAGE('26.10 KASESE-PONDWE'!H21,'27.10 KASESE-PONDWE'!H21,'25.10.19 KASESE- PONDWE-24h'!H21) -> 0.33333333 | I21: =AVERAGE('26.10 KASESE-PONDWE'!I21,'27.10 KASESE-PONDWE'!I21,'25.10.19 KASESE- PONDWE-24h'!I21) -> 0.66666667 | J21: =AVERAGE('26.10 KASESE-PONDWE'!J21,'27.10 KASESE-PONDWE'!J21,'25.10.19 KASESE- PONDWE-24h'!J21) -> 1 | ... N21: =AVERAGE('26.10 KASESE-PONDWE'!N21,'27.10 KASESE-PONDWE'!N21,'25.10.19 KASESE- PONDWE-24h'!N21) -> 0 | O21: =SUM(C21:L21,N21) -> 9 | P21: =SUM(C21:N21) -> 64.666667 | R21: 1800-1900 | S21: =SUM(C54:C57) -> 13.666667 | T21: =SUM(D54:D57) -> 1.6666667 | U21: =SUM(E54:E57) -> 0.33333333 | V21: =SUM(F54:F57) -> 3.6666667 | W21: =SUM(G54:G57) -> 0 | X21: =SUM(H54:H57) -> 0.33333333 | Y21: =SUM(I54:I57) -> 2.3333333 | Z21: =SUM(J54:J57) -> 0 | ... AF21: =SUM(P54:P57) -> 258.33333
B22: 10.00 - 10.15 | C22: =AVERAGE('26.10 KASESE-PONDWE'!C22,'27.10 KASESE-PONDWE'!C22,'25.10.19 KASESE- PONDWE-24h'!C22) -> 3.3333333 | D22: =AVERAGE('26.10 KASESE-PONDWE'!D22,'27.10 KASESE-PONDWE'!D22,'25.10.19 KASESE- PONDWE-24h'!D22) -> 0.66666667 | E22: =AVERAGE('26.10 KASESE-PONDWE'!E22,'27.10 KASESE-PONDWE'!E22,'25.10.19 KASESE- PONDWE-24h'!E22) -> 0.33333333 | F22: =AVERAGE('26.10 KASESE-PONDWE'!F22,'27.10 KASESE-PONDWE'!F22,'25.10.19 KASESE- PONDWE-24h'!F22) -> 0.66666667 | G22: =AVERAGE('26.10 KASESE-PONDWE'!G22,'27.10 KASESE-PONDWE'!G22,'25.10.19 KASESE- PONDWE-24h'!G22) -> 0 | H22: =AVERAGE('26.10 KASESE-PONDWE'!H22,'27.10 KASESE-PONDWE'!H22,'25.10.19 KASESE- PONDWE-24h'!H22) -> 0.33333333 | I22: =AVERAGE('26.10 KASESE-PONDWE'!I22,'27.10 KASESE-PONDWE'!I22,'25.10.19 KASESE- PONDWE-24h'!I22) -> 0.33333333 | J22: =AVERAGE('26.10 KASESE-PONDWE'!J22,'27.10 KASESE-PONDWE'!J22,'25.10.19 KASESE- PONDWE-24h'!J22) -> 0.66666667 | ... N22: =AVERAGE('26.10 KASESE-PONDWE'!N22,'27.10 KASESE-PONDWE'!N22,'25.10.19 KASESE- PONDWE-24h'!N22) -> 0 | O22: =SUM(C22:L22,N22) -> 6.3333333 | P22: =SUM(C22:N22) -> 49 | R22: 1900-2000 | S22: =SUM(C58:C61) -> 15 | T22: =SUM(D58:D61) -> 1 | U22: =SUM(E58:E61) -> 0 | V22: =SUM(F58:F61) -> 6 | W22: =SUM(G58:G61) -> 0 | X22: =SUM(H58:H61) -> 0 | Y22: =SUM(I58:I61) -> 1 | Z22: =SUM(J58:J61) -> 0 | ... AF22: =SUM(P58:P61) -> 230
B23: 10.15 - 10.30 | C23: =AVERAGE('26.10 KASESE-PONDWE'!C23,'27.10 KASESE-PONDWE'!C23,'25.10.19 KASESE- PONDWE-24h'!C23) -> 4.6666667 | D23: =AVERAGE('26.10 KASESE-PONDWE'!D23,'27.10 KASESE-PONDWE'!D23,'25.10.19 KASESE- PONDWE-24h'!D23) -> 0 | E23: =AVERAGE('26.10 KASESE-PONDWE'!E23,'27.10 KASESE-PONDWE'!E23,'25.10.19 KASESE- PONDWE-24h'!E23) -> 0.33333333 | F23: =AVERAGE('26.10 KASESE-PONDWE'!F23,'27.10 KASESE-PONDWE'!F23,'25.10.19 KASESE- PONDWE-24h'!F23) -> 0.33333333 | G23: =AVERAGE('26.10 KASESE-PONDWE'!G23,'27.10 KASESE-PONDWE'!G23,'25.10.19 KASESE- PONDWE-24h'!G23) -> 0 | H23: =AVERAGE('26.10 KASESE-PONDWE'!H23,'27.10 KASESE-PONDWE'!H23,'25.10.19 KASESE- PONDWE-24h'!H23) -> 0 | I23: =AVERAGE('26.10 KASESE-PONDWE'!I23,'27.10 KASESE-PONDWE'!I23,'25.10.19 KASESE- PONDWE-24h'!I23) -> 0.33333333 | J23: =AVERAGE('26.10 KASESE-PONDWE'!J23,'27.10 KASESE-PONDWE'!J23,'25.10.19 KASESE- PONDWE-24h'!J23) -> 1 | ... N23: =AVERAGE('26.10 KASESE-PONDWE'!N23,'27.10 KASESE-PONDWE'!N23,'25.10.19 KASESE- PONDWE-24h'!N23) -> 0 | O23: =SUM(C23:L23,N23) -> 6.6666667 | P23: =SUM(C23:N23) -> 45 | R23: 2000-2100 | S23: =SUM(C62:C65) -> 23 | T23: =SUM(D62:D65) -> 0 | U23: =SUM(E62:E65) -> 0 | V23: =SUM(F62:F65) -> 6 | W23: =SUM(G62:G65) -> 0 | X23: =SUM(H62:H65) -> 3 | Y23: =SUM(I62:I65) -> 3 | Z23: =SUM(J62:J65) -> 0 | ... AF23: =SUM(P62:P65) -> 176
B24: 10.30 - 10.45 | C24: =AVERAGE('26.10 KASESE-PONDWE'!C24,'27.10 KASESE-PONDWE'!C24,'25.10.19 KASESE- PONDWE-24h'!C24) -> 2 | D24: =AVERAGE('26.10 KASESE-PONDWE'!D24,'27.10 KASESE-PONDWE'!D24,'25.10.19 KASESE- PONDWE-24h'!D24) -> 0.33333333 | E24: =AVERAGE('26.10 KASESE-PONDWE'!E24,'27.10 KASESE-PONDWE'!E24,'25.10.19 KASESE- PONDWE-24h'!E24) -> 1 | F24: =AVERAGE('26.10 KASESE-PONDWE'!F24,'27.10 KASESE-PONDWE'!F24,'25.10.19 KASESE- PONDWE-24h'!F24) -> 1 | G24: =AVERAGE('26.10 KASESE-PONDWE'!G24,'27.10 KASESE-PONDWE'!G24,'25.10.19 KASESE- PONDWE-24h'!G24) -> 0 | H24: =AVERAGE('26.10 KASESE-PONDWE'!H24,'27.10 KASESE-PONDWE'!H24,'25.10.19 KASESE- PONDWE-24h'!H24) -> 0 | I24: =AVERAGE('26.10 KASESE-PONDWE'!I24,'27.10 KASESE-PONDWE'!I24,'25.10.19 KASESE- PONDWE-24h'!I24) -> 0 | J24: =AVERAGE('26.10 KASESE-PONDWE'!J24,'27.10 KASESE-PONDWE'!J24,'25.10.19 KASESE- PONDWE-24h'!J24) -> 0.33333333 | ... N24: =AVERAGE('26.10 KASESE-PONDWE'!N24,'27.10 KASESE-PONDWE'!N24,'25.10.19 KASESE- PONDWE-24h'!N24) -> 0 | O24: =SUM(C24:L24,N24) -> 4.6666667 | P24: =SUM(C24:N24) -> 40.333333 | R24: 2100-2200 | S24: =SUM(C66:C69) -> 12 | T24: =SUM(D66:D69) -> 0 | U24: =SUM(E66:E69) -> 2 | V24: =SUM(F66:F69) -> 1 | W24: =SUM(G66:G69) -> 0 | X24: =SUM(H66:H69) -> 0 | Y24: =SUM(I66:I69) -> 0 | Z24: =SUM(J66:J69) -> 0 | ... AF24: =SUM(P66:P69) -> 47
B25: 10.45 - 11.00 | C25: =AVERAGE('26.10 KASESE-PONDWE'!C25,'27.10 KASESE-PONDWE'!C25,'25.10.19 KASESE- PONDWE-24h'!C25) -> 4.6666667 | D25: =AVERAGE('26.10 KASESE-PONDWE'!D25,'27.10 KASESE-PONDWE'!D25,'25.10.19 KASESE- PONDWE-24h'!D25) -> 0 | E25: =AVERAGE('26.10 KASESE-PONDWE'!E25,'27.10 KASESE-PONDWE'!E25,'25.10.19 KASESE- PONDWE-24h'!E25) -> 0.33333333 | F25: =AVERAGE('26.10 KASESE-PONDWE'!F25,'27.10 KASESE-PONDWE'!F25,'25.10.19 KASESE- PONDWE-24h'!F25) -> 0 | G25: =AVERAGE('26.10 KASESE-PONDWE'!G25,'27.10 KASESE-PONDWE'!G25,'25.10.19 KASESE- PONDWE-24h'!G25) -> 0 | H25: =AVERAGE('26.10 KASESE-PONDWE'!H25,'27.10 KASESE-PONDWE'!H25,'25.10.19 KASESE- PONDWE-24h'!H25) -> 0 | I25: =AVERAGE('26.10 KASESE-PONDWE'!I25,'27.10 KASESE-PONDWE'!I25,'25.10.19 KASESE- PONDWE-24h'!I25) -> 0.66666667 | J25: =AVERAGE('26.10 KASESE-PONDWE'!J25,'27.10 KASESE-PONDWE'!J25,'25.10.19 KASESE- PONDWE-24h'!J25) -> 0.66666667 | ... N25: =AVERAGE('26.10 KASESE-PONDWE'!N25,'27.10 KASESE-PONDWE'!N25,'25.10.19 KASESE- PONDWE-24h'!N25) -> 0 | O25: =SUM(C25:L25,N25) -> 7.3333333 | P25: =SUM(C25:N25) -> 34 | R25: 2200-2300 | S25: =SUM(C70:C73) -> 5 | T25: =SUM(D70:D73) -> 1 | U25: =SUM(E70:E73) -> 0 | V25: =SUM(F70:F73) -> 1 | W25: =SUM(G70:G73) -> 0 | X25: =SUM(H70:H73) -> 1 | Y25: =SUM(I70:I73) -> 0 | Z25: =SUM(J70:J73) -> 0 | ... AF25: =SUM(P70:P73) -> 24
B26: 11.00 - 11.15 | C26: =AVERAGE('26.10 KASESE-PONDWE'!C26,'27.10 KASESE-PONDWE'!C26,'25.10.19 KASESE- PONDWE-24h'!C26) -> 5.3333333 | D26: =AVERAGE('26.10 KASESE-PONDWE'!D26,'27.10 KASESE-PONDWE'!D26,'25.10.19 KASESE- PONDWE-24h'!D26) -> 0.33333333 | E26: =AVERAGE('26.10 KASESE-PONDWE'!E26,'27.10 KASESE-PONDWE'!E26,'25.10.19 KASESE- PONDWE-24h'!E26) -> 0 | F26: =AVERAGE('26.10 KASESE-PONDWE'!F26,'27.10 KASESE-PONDWE'!F26,'25.10.19 KASESE- PONDWE-24h'!F26) -> 1 | G26: =AVERAGE('26.10 KASESE-PONDWE'!G26,'27.10 KASESE-PONDWE'!G26,'25.10.19 KASESE- PONDWE-24h'!G26) -> 0.33333333 | H26: =AVERAGE('26.10 KASESE-PONDWE'!H26,'27.10 KASESE-PONDWE'!H26,'25.10.19 KASESE- PONDWE-24h'!H26) -> 0.33333333 | I26: =AVERAGE('26.10 KASESE-PONDWE'!I26,'27.10 KASESE-PONDWE'!I26,'25.10.19 KASESE- PONDWE-24h'!I26) -> 0 | J26: =AVERAGE('26.10 KASESE-PONDWE'!J26,'27.10 KASESE-PONDWE'!J26,'25.10.19 KASESE- PONDWE-24h'!J26) -> 0 | ... N26: =AVERAGE('26.10 KASESE-PONDWE'!N26,'27.10 KASESE-PONDWE'!N26,'25.10.19 KASESE- PONDWE-24h'!N26) -> 0 | O26: =SUM(C26:L26,N26) -> 7.3333333 | P26: =SUM(C26:N26) -> 39.666667 | R26: 2300-0000 | S26: =SUM(C74:C77) -> 3 | T26: =SUM(D74:D77) -> 0 | U26: =SUM(E74:E77) -> 0 | V26: =SUM(F74:F77) -> 0 | W26: =SUM(G74:G77) -> 0 | X26: =SUM(H74:H77) -> 0 | Y26: =SUM(I74:I77) -> 0 | Z26: =SUM(J74:J77) -> 0 | ... AF26: =SUM(P74:P77) -> 7
B27: 11.15 - 11.30 | C27: =AVERAGE('26.10 KASESE-PONDWE'!C27,'27.10 KASESE-PONDWE'!C27,'25.10.19 KASESE- PONDWE-24h'!C27) -> 5.3333333 | D27: =AVERAGE('26.10 KASESE-PONDWE'!D27,'27.10 KASESE-PONDWE'!D27,'25.10.19 KASESE- PONDWE-24h'!D27) -> 0.33333333 | E27: =AVERAGE('26.10 KASESE-PONDWE'!E27,'27.10 KASESE-PONDWE'!E27,'25.10.19 KASESE- PONDWE-24h'!E27) -> 0.33333333 | F27: =AVERAGE('26.10 KASESE-PONDWE'!F27,'27.10 KASESE-PONDWE'!F27,'25.10.19 KASESE- PONDWE-24h'!F27) -> 0.66666667 | G27: =AVERAGE('26.10 KASESE-PONDWE'!G27,'27.10 KASESE-PONDWE'!G27,'25.10.19 KASESE- PONDWE-24h'!G27) -> 0 | H27: =AVERAGE('26.10 KASESE-PONDWE'!H27,'27.10 KASESE-PONDWE'!H27,'25.10.19 KASESE- PONDWE-24h'!H27) -> 0 | I27: =AVERAGE('26.10 KASESE-PONDWE'!I27,'27.10 KASESE-PONDWE'!I27,'25.10.19 KASESE- PONDWE-24h'!I27) -> 0 | J27: =AVERAGE('26.10 KASESE-PONDWE'!J27,'27.10 KASESE-PONDWE'!J27,'25.10.19 KASESE- PONDWE-24h'!J27) -> 1.3333333 | ... N27: =AVERAGE('26.10 KASESE-PONDWE'!N27,'27.10 KASESE-PONDWE'!N27,'25.10.19 KASESE- PONDWE-24h'!N27) -> 0 | O27: =SUM(C27:L27,N27) -> 8.3333333 | P27: =SUM(C27:N27) -> 52 | R27: 0000-0100 | S27: =SUM(C78:C81) -> 4 | T27: =SUM(D78:D81) -> 2 | U27: =SUM(E78:E81) -> 1 | V27: =SUM(F78:F81) -> 1 | W27: =SUM(G78:G81) -> 0 | X27: =SUM(H78:H81) -> 0 | Y27: =SUM(I78:I81) -> 0 | Z27: =SUM(J78:J81) -> 0 | ... AF27: =SUM(P78:P81) -> 14
B28: 11.30 - 11.45 | C28: =AVERAGE('26.10 KASESE-PONDWE'!C28,'27.10 KASESE-PONDWE'!C28,'25.10.19 KASESE- PONDWE-24h'!C28) -> 3.6666667 | D28: =AVERAGE('26.10 KASESE-PONDWE'!D28,'27.10 KASESE-PONDWE'!D28,'25.10.19 KASESE- PONDWE-24h'!D28) -> 0 | E28: =AVERAGE('26.10 KASESE-PONDWE'!E28,'27.10 KASESE-PONDWE'!E28,'25.10.19 KASESE- PONDWE-24h'!E28) -> 0 | F28: =AVERAGE('26.10 KASESE-PONDWE'!F28,'27.10 KASESE-PONDWE'!F28,'25.10.19 KASESE- PONDWE-24h'!F28) -> 0 | G28: =AVERAGE('26.10 KASESE-PONDWE'!G28,'27.10 KASESE-PONDWE'!G28,'25.10.19 KASESE- PONDWE-24h'!G28) -> 0 | H28: =AVERAGE('26.10 KASESE-PONDWE'!H28,'27.10 KASESE-PONDWE'!H28,'25.10.19 KASESE- PONDWE-24h'!H28) -> 1 | I28: =AVERAGE('26.10 KASESE-PONDWE'!I28,'27.10 KASESE-PONDWE'!I28,'25.10.19 KASESE- PONDWE-24h'!I28) -> 0.33333333 | J28: =AVERAGE('26.10 KASESE-PONDWE'!J28,'27.10 KASESE-PONDWE'!J28,'25.10.19 KASESE- PONDWE-24h'!J28) -> 0.66666667 | ... N28: =AVERAGE('26.10 KASESE-PONDWE'!N28,'27.10 KASESE-PONDWE'!N28,'25.10.19 KASESE- PONDWE-24h'!N28) -> 0 | O28: =SUM(C28:L28,N28) -> 6.6666667 | P28: =SUM(C28:N28) -> 52.666667 | R28: 0100-0200 | S28: =SUM(C82:C85) -> 1 | T28: =SUM(D82:D85) -> 0 | U28: =SUM(E82:E85) -> 0 | V28: =SUM(F82:F85) -> 0 | W28: =SUM(G82:G85) -> 0 | X28: =SUM(H82:H85) -> 0 | Y28: =SUM(I82:I85) -> 0 | Z28: =SUM(J82:J85) -> 0 | ... AF28: =SUM(P82:P85) -> 4
B29: 11.45 - 12.00 | C29: =AVERAGE('26.10 KASESE-PONDWE'!C29,'27.10 KASESE-PONDWE'!C29,'25.10.19 KASESE- PONDWE-24h'!C29) -> 5 | D29: =AVERAGE('26.10 KASESE-PONDWE'!D29,'27.10 KASESE-PONDWE'!D29,'25.10.19 KASESE- PONDWE-24h'!D29) -> 0.66666667 | E29: =AVERAGE('26.10 KASESE-PONDWE'!E29,'27.10 KASESE-PONDWE'!E29,'25.10.19 KASESE- PONDWE-24h'!E29) -> 0 | F29: =AVERAGE('26.10 KASESE-PONDWE'!F29,'27.10 KASESE-PONDWE'!F29,'25.10.19 KASESE- PONDWE-24h'!F29) -> 1.6666667 | G29: =AVERAGE('26.10 KASESE-PONDWE'!G29,'27.10 KASESE-PONDWE'!G29,'25.10.19 KASESE- PONDWE-24h'!G29) -> 0 | H29: =AVERAGE('26.10 KASESE-PONDWE'!H29,'27.10 KASESE-PONDWE'!H29,'25.10.19 KASESE- PONDWE-24h'!H29) -> 0 | I29: =AVERAGE('26.10 KASESE-PONDWE'!I29,'27.10 KASESE-PONDWE'!I29,'25.10.19 KASESE- PONDWE-24h'!I29) -> 0.33333333 | J29: =AVERAGE('26.10 KASESE-PONDWE'!J29,'27.10 KASESE-PONDWE'!J29,'25.10.19 KASESE- PONDWE-24h'!J29) -> 0 | ... N29: =AVERAGE('26.10 KASESE-PONDWE'!N29,'27.10 KASESE-PONDWE'!N29,'25.10.19 KASESE- PONDWE-24h'!N29) -> 0 | O29: =SUM(C29:L29,N29) -> 8 | P29: =SUM(C29:N29) -> 54 | R29: 0200-0300 | S29: =SUM(C86:C89) -> 2 | T29: =SUM(D86:D89) -> 0 | U29: =SUM(E86:E89) -> 1 | V29: =SUM(F86:F89) -> 1 | W29: =SUM(G86:G89) -> 0 | X29: =SUM(H86:H89) -> 0 | Y29: =SUM(I86:I89) -> 0 | Z29: =SUM(J86:J89) -> 0 | ... AF29: =SUM(P86:P89) -> 5
B30: 12.00 - 12.15 | C30: =AVERAGE('26.10 KASESE-PONDWE'!C30,'27.10 KASESE-PONDWE'!C30,'25.10.19 KASESE- PONDWE-24h'!C30) -> 2.3333333 | D30: =AVERAGE('26.10 KASESE-PONDWE'!D30,'27.10 KASESE-PONDWE'!D30,'25.10.19 KASESE- PONDWE-24h'!D30) -> 0 | E30: =AVERAGE('26.10 KASESE-PONDWE'!E30,'27.10 KASESE-PONDWE'!E30,'25.10.19 KASESE- PONDWE-24h'!E30) -> 0.66666667 | F30: =AVERAGE('26.10 KASESE-PONDWE'!F30,'27.10 KASESE-PONDWE'!F30,'25.10.19 KASESE- PONDWE-24h'!F30) -> 1.3333333 | G30: =AVERAGE('26.10 KASESE-PONDWE'!G30,'27.10 KASESE-PONDWE'!G30,'25.10.19 KASESE- PONDWE-24h'!G30) -> 0 | H30: =AVERAGE('26.10 KASESE-PONDWE'!H30,'27.10 KASESE-PONDWE'!H30,'25.10.19 KASESE- PONDWE-24h'!H30) -> 0 | I30: =AVERAGE('26.10 KASESE-PONDWE'!I30,'27.10 KASESE-PONDWE'!I30,'25.10.19 KASESE- PONDWE-24h'!I30) -> 0 | J30: =AVERAGE('26.10 KASESE-PONDWE'!J30,'27.10 KASESE-PONDWE'!J30,'25.10.19 KASESE- PONDWE-24h'!J30) -> 0 | ... N30: =AVERAGE('26.10 KASESE-PONDWE'!N30,'27.10 KASESE-PONDWE'!N30,'25.10.19 KASESE- PONDWE-24h'!N30) -> 0 | O30: =SUM(C30:L30,N30) -> 4.6666667 | P30: =SUM(C30:N30) -> 49 | R30: 0300-0400 | S30: =SUM(C90:C93) -> 1 | T30: =SUM(D90:D93) -> 0 | U30: =SUM(E90:E93) -> 1 | V30: =SUM(F90:F93) -> 0 | W30: =SUM(G90:G93) -> 0 | X30: =SUM(H90:H93) -> 0 | Y30: =SUM(I90:I93) -> 0 | Z30: =SUM(J90:J93) -> 0 | ... AF30: =SUM(P90:P93) -> 7
B31: 12.15 - 12.30 | C31: =AVERAGE('26.10 KASESE-PONDWE'!C31,'27.10 KASESE-PONDWE'!C31,'25.10.19 KASESE- PONDWE-24h'!C31) -> 4 | D31: =AVERAGE('26.10 KASESE-PONDWE'!D31,'27.10 KASESE-PONDWE'!D31,'25.10.19 KASESE- PONDWE-24h'!D31) -> 0.33333333 | E31: =AVERAGE('26.10 KASESE-PONDWE'!E31,'27.10 KASESE-PONDWE'!E31,'25.10.19 KASESE- PONDWE-24h'!E31) -> 0 | F31: =AVERAGE('26.10 KASESE-PONDWE'!F31,'27.10 KASESE-PONDWE'!F31,'25.10.19 KASESE- PONDWE-24h'!F31) -> 1.6666667 | G31: =AVERAGE('26.10 KASESE-PONDWE'!G31,'27.10 KASESE-PONDWE'!G31,'25.10.19 KASESE- PONDWE-24h'!G31) -> 0 | H31: =AVERAGE('26.10 KASESE-PONDWE'!H31,'27.10 KASESE-PONDWE'!H31,'25.10.19 KASESE- PONDWE-24h'!H31) -> 0.33333333 | I31: =AVERAGE('26.10 KASESE-PONDWE'!I31,'27.10 KASESE-PONDWE'!I31,'25.10.19 KASESE- PONDWE-24h'!I31) -> 0.33333333 | J31: =AVERAGE('26.10 KASESE-PONDWE'!J31,'27.10 KASESE-PONDWE'!J31,'25.10.19 KASESE- PONDWE-24h'!J31) -> 0.66666667 | ... N31: =AVERAGE('26.10 KASESE-PONDWE'!N31,'27.10 KASESE-PONDWE'!N31,'25.10.19 KASESE- PONDWE-24h'!N31) -> 0 | O31: =SUM(C31:L31,N31) -> 7.3333333 | P31: =SUM(C31:N31) -> 53.333333 | R31: 0400-0500 | S31: =SUM(C94:C97) -> 1 | T31: =SUM(D94:D97) -> 1 | U31: =SUM(E94:E97) -> 1 | V31: =SUM(F94:F97) -> 0 | W31: =SUM(G94:G97) -> 0 | X31: =SUM(H94:H97) -> 0 | Y31: =SUM(I94:I97) -> 0 | Z31: =SUM(J94:J97) -> 0 | ... AF31: =SUM(P94:P97) -> 4
B32: 12.30 - 12.45 | C32: =AVERAGE('26.10 KASESE-PONDWE'!C32,'27.10 KASESE-PONDWE'!C32,'25.10.19 KASESE- PONDWE-24h'!C32) -> 4.6666667 | D32: =AVERAGE('26.10 KASESE-PONDWE'!D32,'27.10 KASESE-PONDWE'!D32,'25.10.19 KASESE- PONDWE-24h'!D32) -> 0.33333333 | E32: =AVERAGE('26.10 KASESE-PONDWE'!E32,'27.10 KASESE-PONDWE'!E32,'25.10.19 KASESE- PONDWE-24h'!E32) -> 0.66666667 | F32: =AVERAGE('26.10 KASESE-PONDWE'!F32,'27.10 KASESE-PONDWE'!F32,'25.10.19 KASESE- PONDWE-24h'!F32) -> 0.33333333 | G32: =AVERAGE('26.10 KASESE-PONDWE'!G32,'27.10 KASESE-PONDWE'!G32,'25.10.19 KASESE- PONDWE-24h'!G32) -> 0 | H32: =AVERAGE('26.10 KASESE-PONDWE'!H32,'27.10 KASESE-PONDWE'!H32,'25.10.19 KASESE- PONDWE-24h'!H32) -> 0.33333333 | I32: =AVERAGE('26.10 KASESE-PONDWE'!I32,'27.10 KASESE-PONDWE'!I32,'25.10.19 KASESE- PONDWE-24h'!I32) -> 0.33333333 | J32: =AVERAGE('26.10 KASESE-PONDWE'!J32,'27.10 KASESE-PONDWE'!J32,'25.10.19 KASESE- PONDWE-24h'!J32) -> 1 | ... N32: =AVERAGE('26.10 KASESE-PONDWE'!N32,'27.10 KASESE-PONDWE'!N32,'25.10.19 KASESE- PONDWE-24h'!N32) -> 0 | O32: =SUM(C32:L32,N32) -> 9 | P32: =SUM(C32:N32) -> 44 | R32: 0500-0600 | S32: =SUM(C98:C101) -> 2 | T32: =SUM(D98:D101) -> 0 | U32: =SUM(E98:E101) -> 2 | V32: =SUM(F98:F101) -> 3 | W32: =SUM(G98:G101) -> 0 | X32: =SUM(H98:H101) -> 0 | Y32: =SUM(I98:I101) -> 1 | Z32: =SUM(J98:J101) -> 0 | ... AF32: =SUM(P98:P101) -> 12
B33: 12.45 - 13.00 | C33: =AVERAGE('26.10 KASESE-PONDWE'!C33,'27.10 KASESE-PONDWE'!C33,'25.10.19 KASESE- PONDWE-24h'!C33) -> 2.3333333 | D33: =AVERAGE('26.10 KASESE-PONDWE'!D33,'27.10 KASESE-PONDWE'!D33,'25.10.19 KASESE- PONDWE-24h'!D33) -> 0 | E33: =AVERAGE('26.10 KASESE-PONDWE'!E33,'27.10 KASESE-PONDWE'!E33,'25.10.19 KASESE- PONDWE-24h'!E33) -> 0.33333333 | F33: =AVERAGE('26.10 KASESE-PONDWE'!F33,'27.10 KASESE-PONDWE'!F33,'25.10.19 KASESE- PONDWE-24h'!F33) -> 2 | G33: =AVERAGE('26.10 KASESE-PONDWE'!G33,'27.10 KASESE-PONDWE'!G33,'25.10.19 KASESE- PONDWE-24h'!G33) -> 0 | H33: =AVERAGE('26.10 KASESE-PONDWE'!H33,'27.10 KASESE-PONDWE'!H33,'25.10.19 KASESE- PONDWE-24h'!H33) -> 0 | I33: =AVERAGE('26.10 KASESE-PONDWE'!I33,'27.10 KASESE-PONDWE'!I33,'25.10.19 KASESE- PONDWE-24h'!I33) -> 2 | J33: =AVERAGE('26.10 KASESE-PONDWE'!J33,'27.10 KASESE-PONDWE'!J33,'25.10.19 KASESE- PONDWE-24h'!J33) -> 0 | ... N33: =AVERAGE('26.10 KASESE-PONDWE'!N33,'27.10 KASESE-PONDWE'!N33,'25.10.19 KASESE- PONDWE-24h'!N33) -> 0 | O33: =SUM(C33:L33,N33) -> 8 | P33: =SUM(C33:N33) -> 40 | R33: 0600-0700 | S33: =SUM(C102:C105) -> 6 | T33: =SUM(D102:D105) -> 1 | U33: =SUM(E102:E105) -> 1 | V33: =SUM(F102:F105) -> 0 | W33: =SUM(G102:G105) -> 0 | X33: =SUM(H102:H105) -> 0 | Y33: =SUM(I102:I105) -> 1 | Z33: =SUM(J102:J105) -> 3 | ... AF33: =SUM(P102:P105) -> 20
B34: 13.00 - 13.15 | C34: =AVERAGE('26.10 KASESE-PONDWE'!C34,'27.10 KASESE-PONDWE'!C34,'25.10.19 KASESE- PONDWE-24h'!C34) -> 2.6666667 | D34: =AVERAGE('26.10 KASESE-PONDWE'!D34,'27.10 KASESE-PONDWE'!D34,'25.10.19 KASESE- PONDWE-24h'!D34) -> 0.66666667 | E34: =AVERAGE('26.10 KASESE-PONDWE'!E34,'27.10 KASESE-PONDWE'!E34,'25.10.19 KASESE- PONDWE-24h'!E34) -> 0.33333333 | F34: =AVERAGE('26.10 KASESE-PONDWE'!F34,'27.10 KASESE-PONDWE'!F34,'25.10.19 KASESE- PONDWE-24h'!F34) -> 1.3333333 | G34: =AVERAGE('26.10 KASESE-PONDWE'!G34,'27.10 KASESE-PONDWE'!G34,'25.10.19 KASESE- PONDWE-24h'!G34) -> 0 | H34: =AVERAGE('26.10 KASESE-PONDWE'!H34,'27.10 KASESE-PONDWE'!H34,'25.10.19 KASESE- PONDWE-24h'!H34) -> 0 | I34: =AVERAGE('26.10 KASESE-PONDWE'!I34,'27.10 KASESE-PONDWE'!I34,'25.10.19 KASESE- PONDWE-24h'!I34) -> 0.66666667 | J34: =AVERAGE('26.10 KASESE-PONDWE'!J34,'27.10 KASESE-PONDWE'!J34,'25.10.19 KASESE- PONDWE-24h'!J34) -> 0.33333333 | ... N34: =AVERAGE('26.10 KASESE-PONDWE'!N34,'27.10 KASESE-PONDWE'!N34,'25.10.19 KASESE- PONDWE-24h'!N34) -> 0 | O34: =SUM(C34:L34,N34) -> 6.6666667 | P34: =SUM(C34:N34) -> 58 | R34: AM Peak Hr | S34: =MAX(S10:S12) -> 17.666667 | T34: =MAX(T10:T12) -> 1.3333333 | U34: =MAX(U10:U12) -> 1.6666667 | V34: =MAX(V10:V12) -> 6 | W34: =MAX(W10:W12) -> 0.33333333 | X34: =MAX(X10:X12) -> 1.3333333 | Y34: =MAX(Y10:Y12) -> 2.3333333 | Z34: =MAX(Z10:Z12) -> 4 | ... AF34: =MAX(AF10:AF12) -> 291.66667
B35: 13.15 - 13.30 | C35: =AVERAGE('26.10 KASESE-PONDWE'!C35,'27.10 KASESE-PONDWE'!C35,'25.10.19 KASESE- PONDWE-24h'!C35) -> 3 | D35: =AVERAGE('26.10 KASESE-PONDWE'!D35,'27.10 KASESE-PONDWE'!D35,'25.10.19 KASESE- PONDWE-24h'!D35) -> 0.66666667 | E35: =AVERAGE('26.10 KASESE-PONDWE'!E35,'27.10 KASESE-PONDWE'!E35,'25.10.19 KASESE- PONDWE-24h'!E35) -> 0.33333333 | F35: =AVERAGE('26.10 KASESE-PONDWE'!F35,'27.10 KASESE-PONDWE'!F35,'25.10.19 KASESE- PONDWE-24h'!F35) -> 1.6666667 | G35: =AVERAGE('26.10 KASESE-PONDWE'!G35,'27.10 KASESE-PONDWE'!G35,'25.10.19 KASESE- PONDWE-24h'!G35) -> 0 | H35: =AVERAGE('26.10 KASESE-PONDWE'!H35,'27.10 KASESE-PONDWE'!H35,'25.10.19 KASESE- PONDWE-24h'!H35) -> 0 | I35: =AVERAGE('26.10 KASESE-PONDWE'!I35,'27.10 KASESE-PONDWE'!I35,'25.10.19 KASESE- PONDWE-24h'!I35) -> 0 | J35: =AVERAGE('26.10 KASESE-PONDWE'!J35,'27.10 KASESE-PONDWE'!J35,'25.10.19 KASESE- PONDWE-24h'!J35) -> 0.33333333 | ... N35: =AVERAGE('26.10 KASESE-PONDWE'!N35,'27.10 KASESE-PONDWE'!N35,'25.10.19 KASESE- PONDWE-24h'!N35) -> 0 | O35: =SUM(C35:L35,N35) -> 6.3333333 | P35: =SUM(C35:N35) -> 45.333333 | R35: IP Peak Hr | S35: =MAX(S13:S18) -> 19.333333 | T35: =MAX(T13:T18) -> 3 | U35: =MAX(U13:U18) -> 2 | V35: =MAX(V13:V18) -> 6 | W35: =MAX(W13:W18) -> 0.33333333 | X35: =MAX(X13:X18) -> 1.3333333 | Y35: =MAX(Y13:Y18) -> 2.6666667 | Z35: =MAX(Z13:Z18) -> 2.6666667 | ... AF35: =MAX(AF13:AF18) -> 258
B36: 13.30 - 13.45 | C36: =AVERAGE('26.10 KASESE-PONDWE'!C36,'27.10 KASESE-PONDWE'!C36,'25.10.19 KASESE- PONDWE-24h'!C36) -> 2 | D36: =AVERAGE('26.10 KASESE-PONDWE'!D36,'27.10 KASESE-PONDWE'!D36,'25.10.19 KASESE- PONDWE-24h'!D36) -> 0 | E36: =AVERAGE('26.10 KASESE-PONDWE'!E36,'27.10 KASESE-PONDWE'!E36,'25.10.19 KASESE- PONDWE-24h'!E36) -> 0 | F36: =AVERAGE('26.10 KASESE-PONDWE'!F36,'27.10 KASESE-PONDWE'!F36,'25.10.19 KASESE- PONDWE-24h'!F36) -> 0.66666667 | G36: =AVERAGE('26.10 KASESE-PONDWE'!G36,'27.10 KASESE-PONDWE'!G36,'25.10.19 KASESE- PONDWE-24h'!G36) -> 0 | H36: =AVERAGE('26.10 KASESE-PONDWE'!H36,'27.10 KASESE-PONDWE'!H36,'25.10.19 KASESE- PONDWE-24h'!H36) -> 0.33333333 | I36: =AVERAGE('26.10 KASESE-PONDWE'!I36,'27.10 KASESE-PONDWE'!I36,'25.10.19 KASESE- PONDWE-24h'!I36) -> 0.33333333 | J36: =AVERAGE('26.10 KASESE-PONDWE'!J36,'27.10 KASESE-PONDWE'!J36,'25.10.19 KASESE- PONDWE-24h'!J36) -> 0.66666667 | ... N36: =AVERAGE('26.10 KASESE-PONDWE'!N36,'27.10 KASESE-PONDWE'!N36,'25.10.19 KASESE- PONDWE-24h'!N36) -> 0 | O36: =SUM(C36:L36,N36) -> 4.3333333 | P36: =SUM(C36:N36) -> 45.333333 | R36: PM Peak Hr | S36: =MAX(S19:S21) -> 17.666667 | T36: =MAX(T19:T21) -> 1.6666667 | U36: =MAX(U19:U21) -> 2 | V36: =MAX(V19:V21) -> 7 | W36: =MAX(W19:W21) -> 0.33333333 | X36: =MAX(X19:X21) -> 1 | Y36: =MAX(Y19:Y21) -> 2.3333333 | Z36: =MAX(Z19:Z21) -> 1.3333333 | ... AF36: =MAX(AF19:AF21) -> 283.33333
B37: 13.45 - 14.00 | C37: =AVERAGE('26.10 KASESE-PONDWE'!C37,'27.10 KASESE-PONDWE'!C37,'25.10.19 KASESE- PONDWE-24h'!C37) -> 3.6666667 | D37: =AVERAGE('26.10 KASESE-PONDWE'!D37,'27.10 KASESE-PONDWE'!D37,'25.10.19 KASESE- PONDWE-24h'!D37) -> 0 | E37: =AVERAGE('26.10 KASESE-PONDWE'!E37,'27.10 KASESE-PONDWE'!E37,'25.10.19 KASESE- PONDWE-24h'!E37) -> 1 | F37: =AVERAGE('26.10 KASESE-PONDWE'!F37,'27.10 KASESE-PONDWE'!F37,'25.10.19 KASESE- PONDWE-24h'!F37) -> 1.6666667 | G37: =AVERAGE('26.10 KASESE-PONDWE'!G37,'27.10 KASESE-PONDWE'!G37,'25.10.19 KASESE- PONDWE-24h'!G37) -> 0 | H37: =AVERAGE('26.10 KASESE-PONDWE'!H37,'27.10 KASESE-PONDWE'!H37,'25.10.19 KASESE- PONDWE-24h'!H37) -> 0 | I37: =AVERAGE('26.10 KASESE-PONDWE'!I37,'27.10 KASESE-PONDWE'!I37,'25.10.19 KASESE- PONDWE-24h'!I37) -> 1 | J37: =AVERAGE('26.10 KASESE-PONDWE'!J37,'27.10 KASESE-PONDWE'!J37,'25.10.19 KASESE- PONDWE-24h'!J37) -> 0 | ... N37: =AVERAGE('26.10 KASESE-PONDWE'!N37,'27.10 KASESE-PONDWE'!N37,'25.10.19 KASESE- PONDWE-24h'!N37) -> 0 | O37: =SUM(C37:L37,N37) -> 8.6666667 | P37: =SUM(C37:N37) -> 52.666667 | R37: AM Period | S37: =SUM(S10:S12) -> 42.333333 | T37: =SUM(T10:T12) -> 3 | U37: =SUM(U10:U12) -> 4 | V37: =SUM(V10:V12) -> 16.333333 | W37: =SUM(W10:W12) -> 0.33333333 | X37: =SUM(X10:X12) -> 2.3333333 | Y37: =SUM(Y10:Y12) -> 6.6666667 | Z37: =SUM(Z10:Z12) -> 10.333333 | ... AF37: =SUM(AF10:AF12) -> 728
B38: 14.00 - 14.15 | C38: =AVERAGE('26.10 KASESE-PONDWE'!C38,'27.10 KASESE-PONDWE'!C38,'25.10.19 KASESE- PONDWE-24h'!C38) -> 1 | D38: =AVERAGE('26.10 KASESE-PONDWE'!D38,'27.10 KASESE-PONDWE'!D38,'25.10.19 KASESE- PONDWE-24h'!D38) -> 0.33333333 | E38: =AVERAGE('26.10 KASESE-PONDWE'!E38,'27.10 KASESE-PONDWE'!E38,'25.10.19 KASESE- PONDWE-24h'!E38) -> 0.33333333 | F38: =AVERAGE('26.10 KASESE-PONDWE'!F38,'27.10 KASESE-PONDWE'!F38,'25.10.19 KASESE- PONDWE-24h'!F38) -> 1 | G38: =AVERAGE('26.10 KASESE-PONDWE'!G38,'27.10 KASESE-PONDWE'!G38,'25.10.19 KASESE- PONDWE-24h'!G38) -> 0 | H38: =AVERAGE('26.10 KASESE-PONDWE'!H38,'27.10 KASESE-PONDWE'!H38,'25.10.19 KASESE- PONDWE-24h'!H38) -> 0 | I38: =AVERAGE('26.10 KASESE-PONDWE'!I38,'27.10 KASESE-PONDWE'!I38,'25.10.19 KASESE- PONDWE-24h'!I38) -> 0.33333333 | J38: =AVERAGE('26.10 KASESE-PONDWE'!J38,'27.10 KASESE-PONDWE'!J38,'25.10.19 KASESE- PONDWE-24h'!J38) -> 0 | ... N38: =AVERAGE('26.10 KASESE-PONDWE'!N38,'27.10 KASESE-PONDWE'!N38,'25.10.19 KASESE- PONDWE-24h'!N38) -> 0 | O38: =SUM(C38:L38,N38) -> 3.6666667 | P38: =SUM(C38:N38) -> 40.333333 | R38: IP Period | S38: =SUM(S13:S18) -> 83.333333 | T38: =SUM(T13:T18) -> 8.6666667 | U38: =SUM(U13:U18) -> 7.6666667 | V38: =SUM(V13:V18) -> 26.333333 | W38: =SUM(W13:W18) -> 0.66666667 | X38: =SUM(X13:X18) -> 3.3333333 | Y38: =SUM(Y13:Y18) -> 10.666667 | Z38: =SUM(Z13:Z18) -> 10.333333 | ... AF38: =SUM(AF13:AF18) -> 1208.3333
B39: 14.15 - 14.30 | C39: =AVERAGE('26.10 KASESE-PONDWE'!C39,'27.10 KASESE-PONDWE'!C39,'25.10.19 KASESE- PONDWE-24h'!C39) -> 2.3333333 | D39: =AVERAGE('26.10 KASESE-PONDWE'!D39,'27.10 KASESE-PONDWE'!D39,'25.10.19 KASESE- PONDWE-24h'!D39) -> 0.33333333 | E39: =AVERAGE('26.10 KASESE-PONDWE'!E39,'27.10 KASESE-PONDWE'!E39,'25.10.19 KASESE- PONDWE-24h'!E39) -> 0 | F39: =AVERAGE('26.10 KASESE-PONDWE'!F39,'27.10 KASESE-PONDWE'!F39,'25.10.19 KASESE- PONDWE-24h'!F39) -> 0.66666667 | G39: =AVERAGE('26.10 KASESE-PONDWE'!G39,'27.10 KASESE-PONDWE'!G39,'25.10.19 KASESE- PONDWE-24h'!G39) -> 0.33333333 | H39: =AVERAGE('26.10 KASESE-PONDWE'!H39,'27.10 KASESE-PONDWE'!H39,'25.10.19 KASESE- PONDWE-24h'!H39) -> 0.33333333 | I39: =AVERAGE('26.10 KASESE-PONDWE'!I39,'27.10 KASESE-PONDWE'!I39,'25.10.19 KASESE- PONDWE-24h'!I39) -> 0 | J39: =AVERAGE('26.10 KASESE-PONDWE'!J39,'27.10 KASESE-PONDWE'!J39,'25.10.19 KASESE- PONDWE-24h'!J39) -> 1 | ... N39: =AVERAGE('26.10 KASESE-PONDWE'!N39,'27.10 KASESE-PONDWE'!N39,'25.10.19 KASESE- PONDWE-24h'!N39) -> 0 | O39: =SUM(C39:L39,N39) -> 7 | P39: =SUM(C39:N39) -> 53.666667 | R39: PM Period | S39: =SUM(S19:S21) -> 47.333333 | T39: =SUM(T19:T21) -> 4.6666667 | U39: =SUM(U19:U21) -> 2.6666667 | V39: =SUM(V19:V21) -> 15.333333 | W39: =SUM(W19:W21) -> 0.33333333 | X39: =SUM(X19:X21) -> 2.3333333 | Y39: =SUM(Y19:Y21) -> 4 | Z39: =SUM(Z19:Z21) -> 1.6666667 | ... AF39: =SUM(AF19:AF21) -> 740.66667
B40: 14.30 - 14.45 | C40: =AVERAGE('26.10 KASESE-PONDWE'!C40,'27.10 KASESE-PONDWE'!C40,'25.10.19 KASESE- PONDWE-24h'!C40) -> 2.3333333 | D40: =AVERAGE('26.10 KASESE-PONDWE'!D40,'27.10 KASESE-PONDWE'!D40,'25.10.19 KASESE- PONDWE-24h'!D40) -> 0.33333333 | E40: =AVERAGE('26.10 KASESE-PONDWE'!E40,'27.10 KASESE-PONDWE'!E40,'25.10.19 KASESE- PONDWE-24h'!E40) -> 0.33333333 | F40: =AVERAGE('26.10 KASESE-PONDWE'!F40,'27.10 KASESE-PONDWE'!F40,'25.10.19 KASESE- PONDWE-24h'!F40) -> 1 | G40: =AVERAGE('26.10 KASESE-PONDWE'!G40,'27.10 KASESE-PONDWE'!G40,'25.10.19 KASESE- PONDWE-24h'!G40) -> 0 | H40: =AVERAGE('26.10 KASESE-PONDWE'!H40,'27.10 KASESE-PONDWE'!H40,'25.10.19 KASESE- PONDWE-24h'!H40) -> 0 | I40: =AVERAGE('26.10 KASESE-PONDWE'!I40,'27.10 KASESE-PONDWE'!I40,'25.10.19 KASESE- PONDWE-24h'!I40) -> 1 | J40: =AVERAGE('26.10 KASESE-PONDWE'!J40,'27.10 KASESE-PONDWE'!J40,'25.10.19 KASESE- PONDWE-24h'!J40) -> 0 | ... N40: =AVERAGE('26.10 KASESE-PONDWE'!N40,'27.10 KASESE-PONDWE'!N40,'25.10.19 KASESE- PONDWE-24h'!N40) -> 0 | O40: =SUM(C40:L40,N40) -> 6 | P40: =SUM(C40:N40) -> 47.333333 | R40: 12 Hours | S40: =SUM(S10:S21) -> 173 | T40: =SUM(T10:T21) -> 16.333333 | U40: =SUM(U10:U21) -> 14.333333 | V40: =SUM(V10:V21) -> 58 | W40: =SUM(W10:W21) -> 1.3333333 | X40: =SUM(X10:X21) -> 8 | Y40: =SUM(Y10:Y21) -> 21.333333 | Z40: =SUM(Z10:Z21) -> 22.333333 | ... AF40: =SUM(AF10:AF21) -> 2677
B41: 14.45 - 15.00 | C41: =AVERAGE('26.10 KASESE-PONDWE'!C41,'27.10 KASESE-PONDWE'!C41,'25.10.19 KASESE- PONDWE-24h'!C41) -> 4 | D41: =AVERAGE('26.10 KASESE-PONDWE'!D41,'27.10 KASESE-PONDWE'!D41,'25.10.19 KASESE- PONDWE-24h'!D41) -> 0.33333333 | E41: =AVERAGE('26.10 KASESE-PONDWE'!E41,'27.10 KASESE-PONDWE'!E41,'25.10.19 KASESE- PONDWE-24h'!E41) -> 0 | F41: =AVERAGE('26.10 KASESE-PONDWE'!F41,'27.10 KASESE-PONDWE'!F41,'25.10.19 KASESE- PONDWE-24h'!F41) -> 1.6666667 | G41: =AVERAGE('26.10 KASESE-PONDWE'!G41,'27.10 KASESE-PONDWE'!G41,'25.10.19 KASESE- PONDWE-24h'!G41) -> 0 | H41: =AVERAGE('26.10 KASESE-PONDWE'!H41,'27.10 KASESE-PONDWE'!H41,'25.10.19 KASESE- PONDWE-24h'!H41) -> 0 | I41: =AVERAGE('26.10 KASESE-PONDWE'!I41,'27.10 KASESE-PONDWE'!I41,'25.10.19 KASESE- PONDWE-24h'!I41) -> 0 | J41: =AVERAGE('26.10 KASESE-PONDWE'!J41,'27.10 KASESE-PONDWE'!J41,'25.10.19 KASESE- PONDWE-24h'!J41) -> 0.33333333 | ... N41: =AVERAGE('26.10 KASESE-PONDWE'!N41,'27.10 KASESE-PONDWE'!N41,'25.10.19 KASESE- PONDWE-24h'!N41) -> 0 | O41: =SUM(C41:L41,N41) -> 7 | P41: =SUM(C41:N41) -> 54.666667 | R41: 24 Hours | S41: =SUM(S10:S33) -> 248 | T41: =SUM(T10:T33) -> 22.333333 | U41: =SUM(U10:U33) -> 23.333333 | V41: =SUM(V10:V33) -> 77 | W41: =SUM(W10:W33) -> 1.3333333 | X41: =SUM(X10:X33) -> 12 | Y41: =SUM(Y10:Y33) -> 27.333333 | Z41: =SUM(Z10:Z33) -> 25.333333 | ... AF41: =SUM(AF10:AF33) -> 3227
B42: 15.00 - 15.15 | C42: =AVERAGE('26.10 KASESE-PONDWE'!C42,'27.10 KASESE-PONDWE'!C42,'25.10.19 KASESE- PONDWE-24h'!C42) -> 5.6666667 | D42: =AVERAGE('26.10 KASESE-PONDWE'!D42,'27.10 KASESE-PONDWE'!D42,'25.10.19 KASESE- PONDWE-24h'!D42) -> 0.66666667 | E42: =AVERAGE('26.10 KASESE-PONDWE'!E42,'27.10 KASESE-PONDWE'!E42,'25.10.19 KASESE- PONDWE-24h'!E42) -> 0.33333333 | F42: =AVERAGE('26.10 KASESE-PONDWE'!F42,'27.10 KASESE-PONDWE'!F42,'25.10.19 KASESE- PONDWE-24h'!F42) -> 1.6666667 | G42: =AVERAGE('26.10 KASESE-PONDWE'!G42,'27.10 KASESE-PONDWE'!G42,'25.10.19 KASESE- PONDWE-24h'!G42) -> 0 | H42: =AVERAGE('26.10 KASESE-PONDWE'!H42,'27.10 KASESE-PONDWE'!H42,'25.10.19 KASESE- PONDWE-24h'!H42) -> 0.33333333 | I42: =AVERAGE('26.10 KASESE-PONDWE'!I42,'27.10 KASESE-PONDWE'!I42,'25.10.19 KASESE- PONDWE-24h'!I42) -> 0.33333333 | J42: =AVERAGE('26.10 KASESE-PONDWE'!J42,'27.10 KASESE-PONDWE'!J42,'25.10.19 KASESE- PONDWE-24h'!J42) -> 0 | ... N42: =AVERAGE('26.10 KASESE-PONDWE'!N42,'27.10 KASESE-PONDWE'!N42,'25.10.19 KASESE- PONDWE-24h'!N42) -> 0 | O42: =SUM(C42:L42,N42) -> 9.6666667 | P42: =SUM(C42:N42) -> 65.666667 | R42: NEF | S42: =S41/S40 -> 1.433526 | T42: =T41/T40 -> 1.3673469 | U42: =U41/U40 -> 1.627907 | V42: =V41/V40 -> 1.3275862 | W42: =W41/W40 -> 1 | X42: =X41/X40 -> 1.5 | Y42: =Y41/Y40 -> 1.28125 | Z42: =Z41/Z40 -> 1.1343284 | ... AC42: =AC41/AC40 -> 1.1808571 | AD42: 0 | AE42: =AE41/AE40 -> 1.3724539 | AF42: =AF41/AF40 -> 1.2054539
B43: 15.15 - 15.30 | C43: =AVERAGE('26.10 KASESE-PONDWE'!C43,'27.10 KASESE-PONDWE'!C43,'25.10.19 KASESE- PONDWE-24h'!C43) -> 2.3333333 | D43: =AVERAGE('26.10 KASESE-PONDWE'!D43,'27.10 KASESE-PONDWE'!D43,'25.10.19 KASESE- PONDWE-24h'!D43) -> 1 | E43: =AVERAGE('26.10 KASESE-PONDWE'!E43,'27.10 KASESE-PONDWE'!E43,'25.10.19 KASESE- PONDWE-24h'!E43) -> 0 | F43: =AVERAGE('26.10 KASESE-PONDWE'!F43,'27.10 KASESE-PONDWE'!F43,'25.10.19 KASESE- PONDWE-24h'!F43) -> 1.3333333 | G43: =AVERAGE('26.10 KASESE-PONDWE'!G43,'27.10 KASESE-PONDWE'!G43,'25.10.19 KASESE- PONDWE-24h'!G43) -> 0 | H43: =AVERAGE('26.10 KASESE-PONDWE'!H43,'27.10 KASESE-PONDWE'!H43,'25.10.19 KASESE- PONDWE-24h'!H43) -> 0 | I43: =AVERAGE('26.10 KASESE-PONDWE'!I43,'27.10 KASESE-PONDWE'!I43,'25.10.19 KASESE- PONDWE-24h'!I43) -> 1 | J43: =AVERAGE('26.10 KASESE-PONDWE'!J43,'27.10 KASESE-PONDWE'!J43,'25.10.19 KASESE- PONDWE-24h'!J43) -> 0.66666667 | ... N43: =AVERAGE('26.10 KASESE-PONDWE'!N43,'27.10 KASESE-PONDWE'!N43,'25.10.19 KASESE- PONDWE-24h'!N43) -> 0 | O43: =SUM(C43:L43,N43) -> 7.3333333 | P43: =SUM(C43:N43) -> 58
B44: 15.30 - 15.45 | C44: =AVERAGE('26.10 KASESE-PONDWE'!C44,'27.10 KASESE-PONDWE'!C44,'25.10.19 KASESE- PONDWE-24h'!C44) -> 3.3333333 | D44: =AVERAGE('26.10 KASESE-PONDWE'!D44,'27.10 KASESE-PONDWE'!D44,'25.10.19 KASESE- PONDWE-24h'!D44) -> 1 | E44: =AVERAGE('26.10 KASESE-PONDWE'!E44,'27.10 KASESE-PONDWE'!E44,'25.10.19 KASESE- PONDWE-24h'!E44) -> 0.33333333 | F44: =AVERAGE('26.10 KASESE-PONDWE'!F44,'27.10 KASESE-PONDWE'!F44,'25.10.19 KASESE- PONDWE-24h'!F44) -> 1.6666667 | G44: =AVERAGE('26.10 KASESE-PONDWE'!G44,'27.10 KASESE-PONDWE'!G44,'25.10.19 KASESE- PONDWE-24h'!G44) -> 0 | H44: =AVERAGE('26.10 KASESE-PONDWE'!H44,'27.10 KASESE-PONDWE'!H44,'25.10.19 KASESE- PONDWE-24h'!H44) -> 0 | I44: =AVERAGE('26.10 KASESE-PONDWE'!I44,'27.10 KASESE-PONDWE'!I44,'25.10.19 KASESE- PONDWE-24h'!I44) -> 0.66666667 | J44: =AVERAGE('26.10 KASESE-PONDWE'!J44,'27.10 KASESE-PONDWE'!J44,'25.10.19 KASESE- PONDWE-24h'!J44) -> 0.66666667 | ... N44: =AVERAGE('26.10 KASESE-PONDWE'!N44,'27.10 KASESE-PONDWE'!N44,'25.10.19 KASESE- PONDWE-24h'!N44) -> 0 | O44: =SUM(C44:L44,N44) -> 8 | P44: =SUM(C44:N44) -> 70.666667
B45: 15.45 - 16.00 | C45: =AVERAGE('26.10 KASESE-PONDWE'!C45,'27.10 KASESE-PONDWE'!C45,'25.10.19 KASESE- PONDWE-24h'!C45) -> 3.6666667 | D45: =AVERAGE('26.10 KASESE-PONDWE'!D45,'27.10 KASESE-PONDWE'!D45,'25.10.19 KASESE- PONDWE-24h'!D45) -> 0.33333333 | E45: =AVERAGE('26.10 KASESE-PONDWE'!E45,'27.10 KASESE-PONDWE'!E45,'25.10.19 KASESE- PONDWE-24h'!E45) -> 0.66666667 | F45: =AVERAGE('26.10 KASESE-PONDWE'!F45,'27.10 KASESE-PONDWE'!F45,'25.10.19 KASESE- PONDWE-24h'!F45) -> 1.3333333 | G45: =AVERAGE('26.10 KASESE-PONDWE'!G45,'27.10 KASESE-PONDWE'!G45,'25.10.19 KASESE- PONDWE-24h'!G45) -> 0 | H45: =AVERAGE('26.10 KASESE-PONDWE'!H45,'27.10 KASESE-PONDWE'!H45,'25.10.19 KASESE- PONDWE-24h'!H45) -> 0 | I45: =AVERAGE('26.10 KASESE-PONDWE'!I45,'27.10 KASESE-PONDWE'!I45,'25.10.19 KASESE- PONDWE-24h'!I45) -> 0.66666667 | J45: =AVERAGE('26.10 KASESE-PONDWE'!J45,'27.10 KASESE-PONDWE'!J45,'25.10.19 KASESE- PONDWE-24h'!J45) -> 0 | ... N45: =AVERAGE('26.10 KASESE-PONDWE'!N45,'27.10 KASESE-PONDWE'!N45,'25.10.19 KASESE- PONDWE-24h'!N45) -> 0 | O45: =SUM(C45:L45,N45) -> 7.3333333 | P45: =SUM(C45:N45) -> 63.666667
B46: 16.00 - 16.15 | C46: =AVERAGE('26.10 KASESE-PONDWE'!C46,'27.10 KASESE-PONDWE'!C46,'25.10.19 KASESE- PONDWE-24h'!C46) -> 4.3333333 | D46: =AVERAGE('26.10 KASESE-PONDWE'!D46,'27.10 KASESE-PONDWE'!D46,'25.10.19 KASESE- PONDWE-24h'!D46) -> 0 | E46: =AVERAGE('26.10 KASESE-PONDWE'!E46,'27.10 KASESE-PONDWE'!E46,'25.10.19 KASESE- PONDWE-24h'!E46) -> 0.33333333 | F46: =AVERAGE('26.10 KASESE-PONDWE'!F46,'27.10 KASESE-PONDWE'!F46,'25.10.19 KASESE- PONDWE-24h'!F46) -> 1.6666667 | G46: =AVERAGE('26.10 KASESE-PONDWE'!G46,'27.10 KASESE-PONDWE'!G46,'25.10.19 KASESE- PONDWE-24h'!G46) -> 0 | H46: =AVERAGE('26.10 KASESE-PONDWE'!H46,'27.10 KASESE-PONDWE'!H46,'25.10.19 KASESE- PONDWE-24h'!H46) -> 0 | I46: =AVERAGE('26.10 KASESE-PONDWE'!I46,'27.10 KASESE-PONDWE'!I46,'25.10.19 KASESE- PONDWE-24h'!I46) -> 0 | J46: =AVERAGE('26.10 KASESE-PONDWE'!J46,'27.10 KASESE-PONDWE'!J46,'25.10.19 KASESE- PONDWE-24h'!J46) -> 0.33333333 | ... N46: =AVERAGE('26.10 KASESE-PONDWE'!N46,'27.10 KASESE-PONDWE'!N46,'25.10.19 KASESE- PONDWE-24h'!N46) -> 0 | O46: =SUM(C46:L46,N46) -> 7 | P46: =SUM(C46:N46) -> 50.333333
B47: 16.15 -16.30 | C47: =AVERAGE('26.10 KASESE-PONDWE'!C47,'27.10 KASESE-PONDWE'!C47,'25.10.19 KASESE- PONDWE-24h'!C47) -> 4 | D47: =AVERAGE('26.10 KASESE-PONDWE'!D47,'27.10 KASESE-PONDWE'!D47,'25.10.19 KASESE- PONDWE-24h'!D47) -> 0.66666667 | E47: =AVERAGE('26.10 KASESE-PONDWE'!E47,'27.10 KASESE-PONDWE'!E47,'25.10.19 KASESE- PONDWE-24h'!E47) -> 1 | F47: =AVERAGE('26.10 KASESE-PONDWE'!F47,'27.10 KASESE-PONDWE'!F47,'25.10.19 KASESE- PONDWE-24h'!F47) -> 2.6666667 | G47: =AVERAGE('26.10 KASESE-PONDWE'!G47,'27.10 KASESE-PONDWE'!G47,'25.10.19 KASESE- PONDWE-24h'!G47) -> 0 | H47: =AVERAGE('26.10 KASESE-PONDWE'!H47,'27.10 KASESE-PONDWE'!H47,'25.10.19 KASESE- PONDWE-24h'!H47) -> 0.33333333 | I47: =AVERAGE('26.10 KASESE-PONDWE'!I47,'27.10 KASESE-PONDWE'!I47,'25.10.19 KASESE- PONDWE-24h'!I47) -> 0 | J47: =AVERAGE('26.10 KASESE-PONDWE'!J47,'27.10 KASESE-PONDWE'!J47,'25.10.19 KASESE- PONDWE-24h'!J47) -> 1 | ... N47: =AVERAGE('26.10 KASESE-PONDWE'!N47,'27.10 KASESE-PONDWE'!N47,'25.10.19 KASESE- PONDWE-24h'!N47) -> 0 | O47: =SUM(C47:L47,N47) -> 10.666667 | P47: =SUM(C47:N47) -> 98.666667
B48: 16.30 -16.45 | C48: =AVERAGE('26.10 KASESE-PONDWE'!C48,'27.10 KASESE-PONDWE'!C48,'25.10.19 KASESE- PONDWE-24h'!C48) -> 2.6666667 | D48: =AVERAGE('26.10 KASESE-PONDWE'!D48,'27.10 KASESE-PONDWE'!D48,'25.10.19 KASESE- PONDWE-24h'!D48) -> 0.33333333 | E48: =AVERAGE('26.10 KASESE-PONDWE'!E48,'27.10 KASESE-PONDWE'!E48,'25.10.19 KASESE- PONDWE-24h'!E48) -> 0 | F48: =AVERAGE('26.10 KASESE-PONDWE'!F48,'27.10 KASESE-PONDWE'!F48,'25.10.19 KASESE- PONDWE-24h'!F48) -> 1.3333333 | G48: =AVERAGE('26.10 KASESE-PONDWE'!G48,'27.10 KASESE-PONDWE'!G48,'25.10.19 KASESE- PONDWE-24h'!G48) -> 0 | H48: =AVERAGE('26.10 KASESE-PONDWE'!H48,'27.10 KASESE-PONDWE'!H48,'25.10.19 KASESE- PONDWE-24h'!H48) -> 0 | I48: =AVERAGE('26.10 KASESE-PONDWE'!I48,'27.10 KASESE-PONDWE'!I48,'25.10.19 KASESE- PONDWE-24h'!I48) -> 0.33333333 | J48: =AVERAGE('26.10 KASESE-PONDWE'!J48,'27.10 KASESE-PONDWE'!J48,'25.10.19 KASESE- PONDWE-24h'!J48) -> 0 | ... N48: =AVERAGE('26.10 KASESE-PONDWE'!N48,'27.10 KASESE-PONDWE'!N48,'25.10.19 KASESE- PONDWE-24h'!N48) -> 0 | O48: =SUM(C48:L48,N48) -> 5 | P48: =SUM(C48:N48) -> 72.333333
B49: 16.45 -17.00 | C49: =AVERAGE('26.10 KASESE-PONDWE'!C49,'27.10 KASESE-PONDWE'!C49,'25.10.19 KASESE- PONDWE-24h'!C49) -> 5 | D49: =AVERAGE('26.10 KASESE-PONDWE'!D49,'27.10 KASESE-PONDWE'!D49,'25.10.19 KASESE- PONDWE-24h'!D49) -> 0.33333333 | E49: =AVERAGE('26.10 KASESE-PONDWE'!E49,'27.10 KASESE-PONDWE'!E49,'25.10.19 KASESE- PONDWE-24h'!E49) -> 0.66666667 | F49: =AVERAGE('26.10 KASESE-PONDWE'!F49,'27.10 KASESE-PONDWE'!F49,'25.10.19 KASESE- PONDWE-24h'!F49) -> 1.3333333 | G49: =AVERAGE('26.10 KASESE-PONDWE'!G49,'27.10 KASESE-PONDWE'!G49,'25.10.19 KASESE- PONDWE-24h'!G49) -> 0 | H49: =AVERAGE('26.10 KASESE-PONDWE'!H49,'27.10 KASESE-PONDWE'!H49,'25.10.19 KASESE- PONDWE-24h'!H49) -> 0.66666667 | I49: =AVERAGE('26.10 KASESE-PONDWE'!I49,'27.10 KASESE-PONDWE'!I49,'25.10.19 KASESE- PONDWE-24h'!I49) -> 0.33333333 | J49: =AVERAGE('26.10 KASESE-PONDWE'!J49,'27.10 KASESE-PONDWE'!J49,'25.10.19 KASESE- PONDWE-24h'!J49) -> 0 | ... N49: =AVERAGE('26.10 KASESE-PONDWE'!N49,'27.10 KASESE-PONDWE'!N49,'25.10.19 KASESE- PONDWE-24h'!N49) -> 0 | O49: =SUM(C49:L49,N49) -> 9.3333333 | P49: =SUM(C49:N49) -> 62
B50: 17.00 -17.15 | C50: =AVERAGE('26.10 KASESE-PONDWE'!C50,'27.10 KASESE-PONDWE'!C50,'25.10.19 KASESE- PONDWE-24h'!C50) -> 2 | D50: =AVERAGE('26.10 KASESE-PONDWE'!D50,'27.10 KASESE-PONDWE'!D50,'25.10.19 KASESE- PONDWE-24h'!D50) -> 0.33333333 | E50: =AVERAGE('26.10 KASESE-PONDWE'!E50,'27.10 KASESE-PONDWE'!E50,'25.10.19 KASESE- PONDWE-24h'!E50) -> 0 | F50: =AVERAGE('26.10 KASESE-PONDWE'!F50,'27.10 KASESE-PONDWE'!F50,'25.10.19 KASESE- PONDWE-24h'!F50) -> 0.66666667 | G50: =AVERAGE('26.10 KASESE-PONDWE'!G50,'27.10 KASESE-PONDWE'!G50,'25.10.19 KASESE- PONDWE-24h'!G50) -> 0 | H50: =AVERAGE('26.10 KASESE-PONDWE'!H50,'27.10 KASESE-PONDWE'!H50,'25.10.19 KASESE- PONDWE-24h'!H50) -> 0.66666667 | I50: =AVERAGE('26.10 KASESE-PONDWE'!I50,'27.10 KASESE-PONDWE'!I50,'25.10.19 KASESE- PONDWE-24h'!I50) -> 0 | J50: =AVERAGE('26.10 KASESE-PONDWE'!J50,'27.10 KASESE-PONDWE'!J50,'25.10.19 KASESE- PONDWE-24h'!J50) -> 0 | ... N50: =AVERAGE('26.10 KASESE-PONDWE'!N50,'27.10 KASESE-PONDWE'!N50,'25.10.19 KASESE- PONDWE-24h'!N50) -> 0 | O50: =SUM(C50:L50,N50) -> 3.6666667 | P50: =SUM(C50:N50) -> 51
B51: 17.15 -17.30 | C51: =AVERAGE('26.10 KASESE-PONDWE'!C51,'27.10 KASESE-PONDWE'!C51,'25.10.19 KASESE- PONDWE-24h'!C51) -> 7 | D51: =AVERAGE('26.10 KASESE-PONDWE'!D51,'27.10 KASESE-PONDWE'!D51,'25.10.19 KASESE- PONDWE-24h'!D51) -> 0.33333333 | E51: =AVERAGE('26.10 KASESE-PONDWE'!E51,'27.10 KASESE-PONDWE'!E51,'25.10.19 KASESE- PONDWE-24h'!E51) -> 0.33333333 | F51: =AVERAGE('26.10 KASESE-PONDWE'!F51,'27.10 KASESE-PONDWE'!F51,'25.10.19 KASESE- PONDWE-24h'!F51) -> 2.6666667 | G51: =AVERAGE('26.10 KASESE-PONDWE'!G51,'27.10 KASESE-PONDWE'!G51,'25.10.19 KASESE- PONDWE-24h'!G51) -> 0.33333333 | H51: =AVERAGE('26.10 KASESE-PONDWE'!H51,'27.10 KASESE-PONDWE'!H51,'25.10.19 KASESE- PONDWE-24h'!H51) -> 0.33333333 | I51: =AVERAGE('26.10 KASESE-PONDWE'!I51,'27.10 KASESE-PONDWE'!I51,'25.10.19 KASESE- PONDWE-24h'!I51) -> 0.66666667 | J51: =AVERAGE('26.10 KASESE-PONDWE'!J51,'27.10 KASESE-PONDWE'!J51,'25.10.19 KASESE- PONDWE-24h'!J51) -> 0 | ... N51: =AVERAGE('26.10 KASESE-PONDWE'!N51,'27.10 KASESE-PONDWE'!N51,'25.10.19 KASESE- PONDWE-24h'!N51) -> 0 | O51: =SUM(C51:L51,N51) -> 12 | P51: =SUM(C51:N51) -> 52
B52: 17.30 -17.45 | C52: =AVERAGE('26.10 KASESE-PONDWE'!C52,'27.10 KASESE-PONDWE'!C52,'25.10.19 KASESE- PONDWE-24h'!C52) -> 5.3333333 | D52: =AVERAGE('26.10 KASESE-PONDWE'!D52,'27.10 KASESE-PONDWE'!D52,'25.10.19 KASESE- PONDWE-24h'!D52) -> 0.33333333 | E52: =AVERAGE('26.10 KASESE-PONDWE'!E52,'27.10 KASESE-PONDWE'!E52,'25.10.19 KASESE- PONDWE-24h'!E52) -> 0 | F52: =AVERAGE('26.10 KASESE-PONDWE'!F52,'27.10 KASESE-PONDWE'!F52,'25.10.19 KASESE- PONDWE-24h'!F52) -> 0.33333333 | G52: =AVERAGE('26.10 KASESE-PONDWE'!G52,'27.10 KASESE-PONDWE'!G52,'25.10.19 KASESE- PONDWE-24h'!G52) -> 0 | H52: =AVERAGE('26.10 KASESE-PONDWE'!H52,'27.10 KASESE-PONDWE'!H52,'25.10.19 KASESE- PONDWE-24h'!H52) -> 0 | I52: =AVERAGE('26.10 KASESE-PONDWE'!I52,'27.10 KASESE-PONDWE'!I52,'25.10.19 KASESE- PONDWE-24h'!I52) -> 0.33333333 | J52: =AVERAGE('26.10 KASESE-PONDWE'!J52,'27.10 KASESE-PONDWE'!J52,'25.10.19 KASESE- PONDWE-24h'!J52) -> 0.33333333 | ... N52: =AVERAGE('26.10 KASESE-PONDWE'!N52,'27.10 KASESE-PONDWE'!N52,'25.10.19 KASESE- PONDWE-24h'!N52) -> 0 | O52: =SUM(C52:L52,N52) -> 8.3333333 | P52: =SUM(C52:N52) -> 54
B53: 17.45 -18.00 | C53: =AVERAGE('26.10 KASESE-PONDWE'!C53,'27.10 KASESE-PONDWE'!C53,'25.10.19 KASESE- PONDWE-24h'!C53) -> 3.3333333 | D53: =AVERAGE('26.10 KASESE-PONDWE'!D53,'27.10 KASESE-PONDWE'!D53,'25.10.19 KASESE- PONDWE-24h'!D53) -> 0.66666667 | E53: =AVERAGE('26.10 KASESE-PONDWE'!E53,'27.10 KASESE-PONDWE'!E53,'25.10.19 KASESE- PONDWE-24h'!E53) -> 0 | F53: =AVERAGE('26.10 KASESE-PONDWE'!F53,'27.10 KASESE-PONDWE'!F53,'25.10.19 KASESE- PONDWE-24h'!F53) -> 1 | G53: =AVERAGE('26.10 KASESE-PONDWE'!G53,'27.10 KASESE-PONDWE'!G53,'25.10.19 KASESE- PONDWE-24h'!G53) -> 0 | H53: =AVERAGE('26.10 KASESE-PONDWE'!H53,'27.10 KASESE-PONDWE'!H53,'25.10.19 KASESE- PONDWE-24h'!H53) -> 0 | I53: =AVERAGE('26.10 KASESE-PONDWE'!I53,'27.10 KASESE-PONDWE'!I53,'25.10.19 KASESE- PONDWE-24h'!I53) -> 0 | J53: =AVERAGE('26.10 KASESE-PONDWE'!J53,'27.10 KASESE-PONDWE'!J53,'25.10.19 KASESE- PONDWE-24h'!J53) -> 0 | ... N53: =AVERAGE('26.10 KASESE-PONDWE'!N53,'27.10 KASESE-PONDWE'!N53,'25.10.19 KASESE- PONDWE-24h'!N53) -> 0 | O53: =SUM(C53:L53,N53) -> 5 | P53: =SUM(C53:N53) -> 42
B54: 18.00 - 18.15 | C54: =AVERAGE('26.10 KASESE-PONDWE'!C54,'27.10 KASESE-PONDWE'!C54,'25.10.19 KASESE- PONDWE-24h'!C54) -> 1.6666667 | D54: =AVERAGE('26.10 KASESE-PONDWE'!D54,'27.10 KASESE-PONDWE'!D54,'25.10.19 KASESE- PONDWE-24h'!D54) -> 0.66666667 | E54: =AVERAGE('26.10 KASESE-PONDWE'!E54,'27.10 KASESE-PONDWE'!E54,'25.10.19 KASESE- PONDWE-24h'!E54) -> 0 | F54: =AVERAGE('26.10 KASESE-PONDWE'!F54,'27.10 KASESE-PONDWE'!F54,'25.10.19 KASESE- PONDWE-24h'!F54) -> 1 | G54: =AVERAGE('26.10 KASESE-PONDWE'!G54,'27.10 KASESE-PONDWE'!G54,'25.10.19 KASESE- PONDWE-24h'!G54) -> 0 | H54: =AVERAGE('26.10 KASESE-PONDWE'!H54,'27.10 KASESE-PONDWE'!H54,'25.10.19 KASESE- PONDWE-24h'!H54) -> 0.33333333 | I54: =AVERAGE('26.10 KASESE-PONDWE'!I54,'27.10 KASESE-PONDWE'!I54,'25.10.19 KASESE- PONDWE-24h'!I54) -> 0.33333333 | J54: =AVERAGE('26.10 KASESE-PONDWE'!J54,'27.10 KASESE-PONDWE'!J54,'25.10.19 KASESE- PONDWE-24h'!J54) -> 0 | ... N54: =AVERAGE('26.10 KASESE-PONDWE'!N54,'27.10 KASESE-PONDWE'!N54,'25.10.19 KASESE- PONDWE-24h'!N54) -> 0 | O54: =SUM(C54:L54,N54) -> 5 | P54: =SUM(C54:N54) -> 50
... B57: 18.45 - 19.00 | C57: =AVERAGE('26.10 KASESE-PONDWE'!C57,'27.10 KASESE-PONDWE'!C57,'25.10.19 KASESE- PONDWE-24h'!C57) -> 2.3333333 | D57: =AVERAGE('26.10 KASESE-PONDWE'!D57,'27.10 KASESE-PONDWE'!D57,'25.10.19 KASESE- PONDWE-24h'!D57) -> 0.33333333 | E57: =AVERAGE('26.10 KASESE-PONDWE'!E57,'27.10 KASESE-PONDWE'!E57,'25.10.19 KASESE- PONDWE-24h'!E57) -> 0.33333333 | F57: =AVERAGE('26.10 KASESE-PONDWE'!F57,'27.10 KASESE-PONDWE'!F57,'25.10.19 KASESE- PONDWE-24h'!F57) -> 1.3333333 | G57: =AVERAGE('26.10 KASESE-PONDWE'!G57,'27.10 KASESE-PONDWE'!G57,'25.10.19 KASESE- PONDWE-24h'!G57) -> 0 | H57: =AVERAGE('26.10 KASESE-PONDWE'!H57,'27.10 KASESE-PONDWE'!H57,'25.10.19 KASESE- PONDWE-24h'!H57) -> 0 | I57: =AVERAGE('26.10 KASESE-PONDWE'!I57,'27.10 KASESE-PONDWE'!I57,'25.10.19 KASESE- PONDWE-24h'!I57) -> 0.33333333 | J57: =AVERAGE('26.10 KASESE-PONDWE'!J57,'27.10 KASESE-PONDWE'!J57,'25.10.19 KASESE- PONDWE-24h'!J57) -> 0 | ... N57: =AVERAGE('26.10 KASESE-PONDWE'!N57,'27.10 KASESE-PONDWE'!N57,'25.10.19 KASESE- PONDWE-24h'!N57) -> 0 | O57: =SUM(C57:L57,N57) -> 5.3333333 | P57: =SUM(C57:N57) -> 62.333333
B58: 19.00 - 19.15 | C58: =AVERAGE('25.10.19 KASESE- PONDWE-24h'!C54) -> 3 | D58: =AVERAGE('25.10.19 KASESE- PONDWE-24h'!D54) -> 0 | E58: =AVERAGE('25.10.19 KASESE- PONDWE-24h'!E54) -> 0 | F58: =AVERAGE('25.10.19 KASESE- PONDWE-24h'!F54) -> 2 | G58: =AVERAGE('25.10.19 KASESE- PONDWE-24h'!G54) -> 0 | H58: =AVERAGE('25.10.19 KASESE- PONDWE-24h'!H54) -> 0 | I58: =AVERAGE('25.10.19 KASESE- PONDWE-24h'!I54) -> 0 | J58: =AVERAGE('25.10.19 KASESE- PONDWE-24h'!J54) -> 0 | ... N58: =AVERAGE('25.10.19 KASESE- PONDWE-24h'!N54) -> 0 | O58: =SUM(C58:L58,N58) -> 5 | P58: =SUM(C58:N58) -> 40
B59: 19.15 - 19.30 | C59: =AVERAGE('25.10.19 KASESE- PONDWE-24h'!C55) -> 5 | D59: =AVERAGE('25.10.19 KASESE- PONDWE-24h'!D55) -> 1 | E59: =AVERAGE('25.10.19 KASESE- PONDWE-24h'!E55) -> 0 | F59: =AVERAGE('25.10.19 KASESE- PONDWE-24h'!F55) -> 0 | G59: =AVERAGE('25.10.19 KASESE- PONDWE-24h'!G55) -> 0 | H59: =AVERAGE('25.10.19 KASESE- PONDWE-24h'!H55) -> 0 | I59: =AVERAGE('25.10.19 KASESE- PONDWE-24h'!I55) -> 1 | J59: =AVERAGE('25.10.19 KASESE- PONDWE-24h'!J55) -> 0 | ... N59: =AVERAGE('25.10.19 KASESE- PONDWE-24h'!N55) -> 0 | O59: =SUM(C59:L59,N59) -> 7 | P59: =SUM(C59:N59) -> 50
B60: 19.30 - 19.45 | C60: =AVERAGE('25.10.19 KASESE- PONDWE-24h'!C56) -> 4 | D60: =AVERAGE('25.10.19 KASESE- PONDWE-24h'!D56) -> 0 | E60: =AVERAGE('25.10.19 KASESE- PONDWE-24h'!E56) -> 0 | F60: =AVERAGE('25.10.19 KASESE- PONDWE-24h'!F56) -> 1 | G60: =AVERAGE('25.10.19 KASESE- PONDWE-24h'!G56) -> 0 | H60: =AVERAGE('25.10.19 KASESE- PONDWE-24h'!H56) -> 0 | I60: =AVERAGE('25.10.19 KASESE- PONDWE-24h'!I56) -> 0 | J60: =AVERAGE('25.10.19 KASESE- PONDWE-24h'!J56) -> 0 | ... N60: =AVERAGE('25.10.19 KASESE- PONDWE-24h'!N56) -> 0 | O60: =SUM(C60:L60,N60) -> 5 | P60: =SUM(C60:N60) -> 67
B61: 19.45 - 20.00 | C61: =AVERAGE('25.10.19 KASESE- PONDWE-24h'!C57) -> 3 | D61: =AVERAGE('25.10.19 KASESE- PONDWE-24h'!D57) -> 0 | E61: =AVERAGE('25.10.19 KASESE- PONDWE-24h'!E57) -> 0 | F61: =AVERAGE('25.10.19 KASESE- PONDWE-24h'!F57) -> 3 | G61: =AVERAGE('25.10.19 KASESE- PONDWE-24h'!G57) -> 0 | H61: =AVERAGE('25.10.19 KASESE- PONDWE-24h'!H57) -> 0 | I61: =AVERAGE('25.10.19 KASESE- PONDWE-24h'!I57) -> 0 | J61: =AVERAGE('25.10.19 KASESE- PONDWE-24h'!J57) -> 0 | ... N61: =AVERAGE('25.10.19 KASESE- PONDWE-24h'!N57) -> 0 | O61: =SUM(C61:L61,N61) -> 8 | P61: =SUM(C61:N61) -> 73
B62: 20.00 - 20.15 | C62: =AVERAGE('25.10.19 KASESE- PONDWE-24h'!C58) -> 11 | D62: =AVERAGE('25.10.19 KASESE- PONDWE-24h'!D58) -> 0 | E62: =AVERAGE('25.10.19 KASESE- PONDWE-24h'!E58) -> 0 | F62: =AVERAGE('25.10.19 KASESE- PONDWE-24h'!F58) -> 4 | G62: =AVERAGE('25.10.19 KASESE- PONDWE-24h'!G58) -> 0 | H62: =AVERAGE('25.10.19 KASESE- PONDWE-24h'!H58) -> 2 | I62: =AVERAGE('25.10.19 KASESE- PONDWE-24h'!I58) -> 0 | J62: =AVERAGE('25.10.19 KASESE- PONDWE-24h'!J58) -> 0 | ... N62: =AVERAGE('25.10.19 KASESE- PONDWE-24h'!N58) -> 0 | O62: =SUM(C62:L62,N62) -> 17 | P62: =SUM(C62:N62) -> 61
B63: 20.15 - 20.30 | C63: =AVERAGE('25.10.19 KASESE- PONDWE-24h'!C59) -> 1 | D63: =AVERAGE('25.10.19 KASESE- PONDWE-24h'!D59) -> 0 | E63: =AVERAGE('25.10.19 KASESE- PONDWE-24h'!E59) -> 0 | F63: =AVERAGE('25.10.19 KASESE- PONDWE-24h'!F59) -> 1 | G63: =AVERAGE('25.10.19 KASESE- PONDWE-24h'!G59) -> 0 | H63: =AVERAGE('25.10.19 KASESE- PONDWE-24h'!H59) -> 0 | I63: =AVERAGE('25.10.19 KASESE- PONDWE-24h'!I59) -> 1 | J63: =AVERAGE('25.10.19 KASESE- PONDWE-24h'!J59) -> 0 | ... N63: =AVERAGE('25.10.19 KASESE- PONDWE-24h'!N59) -> 0 | O63: =SUM(C63:L63,N63) -> 4 | P63: =SUM(C63:N63) -> 56
B64: 20.30 - 20.45 | C64: =AVERAGE('25.10.19 KASESE- PONDWE-24h'!C60) -> 7 | D64: =AVERAGE('25.10.19 KASESE- PONDWE-24h'!D60) -> 0 | E64: =AVERAGE('25.10.19 KASESE- PONDWE-24h'!E60) -> 0 | F64: =AVERAGE('25.10.19 KASESE- PONDWE-24h'!F60) -> 0 | G64: =AVERAGE('25.10.19 KASESE- PONDWE-24h'!G60) -> 0 | H64: =AVERAGE('25.10.19 KASESE- PONDWE-24h'!H60) -> 1 | I64: =AVERAGE('25.10.19 KASESE- PONDWE-24h'!I60) -> 0 | J64: =AVERAGE('25.10.19 KASESE- PONDWE-24h'!J60) -> 0 | ... N64: =AVERAGE('25.10.19 KASESE- PONDWE-24h'!N60) -> 0 | O64: =SUM(C64:L64,N64) -> 8 | P64: =SUM(C64:N64) -> 36
B65: 20.45 - 21.00 | C65: =AVERAGE('25.10.19 KASESE- PONDWE-24h'!C61) -> 4 | D65: =AVERAGE('25.10.19 KASESE- PONDWE-24h'!D61) -> 0 | E65: =AVERAGE('25.10.19 KASESE- PONDWE-24h'!E61) -> 0 | F65: =AVERAGE('25.10.19 KASESE- PONDWE-24h'!F61) -> 1 | G65: =AVERAGE('25.10.19 KASESE- PONDWE-24h'!G61) -> 0 | H65: =AVERAGE('25.10.19 KASESE- PONDWE-24h'!H61) -> 0 | I65: =AVERAGE('25.10.19 KASESE- PONDWE-24h'!I61) -> 2 | J65: =AVERAGE('25.10.19 KASESE- PONDWE-24h'!J61) -> 0 | ... N65: =AVERAGE('25.10.19 KASESE- PONDWE-24h'!N61) -> 0 | O65: =SUM(C65:L65,N65) -> 9 | P65: =SUM(C65:N65) -> 23
B66: 21.00 - 21.15 | C66: =AVERAGE('25.10.19 KASESE- PONDWE-24h'!C62) -> 1 | D66: =AVERAGE('25.10.19 KASESE- PONDWE-24h'!D62) -> 0 | E66: =AVERAGE('25.10.19 KASESE- PONDWE-24h'!E62) -> 0 | F66: =AVERAGE('25.10.19 KASESE- PONDWE-24h'!F62) -> 0 | G66: =AVERAGE('25.10.19 KASESE- PONDWE-24h'!G62) -> 0 | H66: =AVERAGE('25.10.19 KASESE- PONDWE-24h'!H62) -> 0 | I66: =AVERAGE('25.10.19 KASESE- PONDWE-24h'!I62) -> 0 | J66: =AVERAGE('25.10.19 KASESE- PONDWE-24h'!J62) -> 0 | ... N66: =AVERAGE('25.10.19 KASESE- PONDWE-24h'!N62) -> 0 | O66: =SUM(C66:L66,N66) -> 1 | P66: =SUM(C66:N66) -> 8
B67: 21.15 - 21.30 | C67: =AVERAGE('25.10.19 KASESE- PONDWE-24h'!C63) -> 2 | D67: =AVERAGE('25.10.19 KASESE- PONDWE-24h'!D63) -> 0 | E67: =AVERAGE('25.10.19 KASESE- PONDWE-24h'!E63) -> 0 | F67: =AVERAGE('25.10.19 KASESE- PONDWE-24h'!F63) -> 0 | G67: =AVERAGE('25.10.19 KASESE- PONDWE-24h'!G63) -> 0 | H67: =AVERAGE('25.10.19 KASESE- PONDWE-24h'!H63) -> 0 | I67: =AVERAGE('25.10.19 KASESE- PONDWE-24h'!I63) -> 0 | J67: =AVERAGE('25.10.19 KASESE- PONDWE-24h'!J63) -> 0 | ... N67: =AVERAGE('25.10.19 KASESE- PONDWE-24h'!N63) -> 0 | O67: =SUM(C67:L67,N67) -> 2 | P67: =SUM(C67:N67) -> 13
B68: 21.30 - 21.45 | C68: =AVERAGE('25.10.19 KASESE- PONDWE-24h'!C64) -> 3 | D68: =AVERAGE('25.10.19 KASESE- PONDWE-24h'!D64) -> 0 | E68: =AVERAGE('25.10.19 KASESE- PONDWE-24h'!E64) -> 1 | F68: =AVERAGE('25.10.19 KASESE- PONDWE-24h'!F64) -> 1 | G68: =AVERAGE('25.10.19 KASESE- PONDWE-24h'!G64) -> 0 | H68: =AVERAGE('25.10.19 KASESE- PONDWE-24h'!H64) -> 0 | I68: =AVERAGE('25.10.19 KASESE- PONDWE-24h'!I64) -> 0 | J68: =AVERAGE('25.10.19 KASESE- PONDWE-24h'!J64) -> 0 | ... N68: =AVERAGE('25.10.19 KASESE- PONDWE-24h'!N64) -> 0 | O68: =SUM(C68:L68,N68) -> 5 | P68: =SUM(C68:N68) -> 10
B69: 21.45 - 22.00 | C69: =AVERAGE('25.10.19 KASESE- PONDWE-24h'!C65) -> 6 | D69: =AVERAGE('25.10.19 KASESE- PONDWE-24h'!D65) -> 0 | E69: =AVERAGE('25.10.19 KASESE- PONDWE-24h'!E65) -> 1 | F69: =AVERAGE('25.10.19 KASESE- PONDWE-24h'!F65) -> 0 | G69: =AVERAGE('25.10.19 KASESE- PONDWE-24h'!G65) -> 0 | H69: =AVERAGE('25.10.19 KASESE- PONDWE-24h'!H65) -> 0 | I69: =AVERAGE('25.10.19 KASESE- PONDWE-24h'!I65) -> 0 | J69: =AVERAGE('25.10.19 KASESE- PONDWE-24h'!J65) -> 0 | ... N69: =AVERAGE('25.10.19 KASESE- PONDWE-24h'!N65) -> 0 | O69: =SUM(C69:L69,N69) -> 8 | P69: =SUM(C69:N69) -> 16
... B105: 06.45 - 07.00 | C105: =AVERAGE('25.10.19 KASESE- PONDWE-24h'!C101) -> 1 | D105: =AVERAGE('25.10.19 KASESE- PONDWE-24h'!D101) -> 0 | E105: =AVERAGE('25.10.19 KASESE- PONDWE-24h'!E101) -> 0 | F105: =AVERAGE('25.10.19 KASESE- PONDWE-24h'!F101) -> 0 | G105: =AVERAGE('25.10.19 KASESE- PONDWE-24h'!G101) -> 0 | H105: =AVERAGE('25.10.19 KASESE- PONDWE-24h'!H101) -> 0 | I105: =AVERAGE('25.10.19 KASESE- PONDWE-24h'!I101) -> 0 | J105: =AVERAGE('25.10.19 KASESE- PONDWE-24h'!J101) -> 0 | ... N105: =AVERAGE('25.10.19 KASESE- PONDWE-24h'!N101) -> 0 | O105: =SUM(C105:L105,N105) -> 1 | P105: =SUM(C105:N105) -> 1
B106: Totals | C106: =SUM(C10:C105) -> 248 | D106: =SUM(D10:D105) -> 22.333333 | E106: =SUM(E10:E105) -> 23.333333 | F106: =SUM(F10:F105) -> 77 | G106: =SUM(G10:G105) -> 1.3333333 | H106: =SUM(H10:H105) -> 12 | I106: =SUM(I10:I105) -> 27.333333 | J106: =SUM(J10:J105) -> 25.333333 | ... P106: =SUM(P10:P105) -> 3227
B107: %ges + MCs | C107: =C106/$P$106 -> 0.076851565 | D107: =D106/$P$106 -> 0.0069207726 | E107: =E106/$P$106 -> 0.007230658 | F107: =F106/$P$106 -> 0.023861171 | G107: =G106/$P$106 -> 0.00041318046 | H107: =H106/$P$106 -> 0.0037186241 | I107: =I106/$P$106 -> 0.0084701994 | J107: =J106/$P$106 -> 0.0078504287 | ... N107: =N106/$P$106 -> 0
B108: %ges w/o MCs | C108: =C106/$O$106 -> 0.52579505 | D108: =D106/$O$106 -> 0.047349823 | E108: =E106/$O$106 -> 0.049469965 | F108: =F106/$O$106 -> 0.16325088 | G108: =G106/$O$106 -> 0.0028268551 | H108: =H106/$O$106 -> 0.025441696 | I108: =I106/$O$106 -> 0.05795053 | J108: =J106/$O$106 -> 0.053710247 | ... L108: =L106/$O$106 -> 0.054416961 | N108: =N106/$O$106 -> 0

Sheet Avg Week Pondwe-Kasese
B1: Consultancy services for Preparation of Expressway Development Master Plan (EDMP) for Uganda
B2: MANUAL CLASSIFIED COUNT (MCC)
B3: ROAD NAME: | C3: MPONDWE B.P
C5: Date | D5: AVERAGE WEEK | F5: Location | G5: KABUYIRI | J5: Surveyor | K5: XXXX
C6: Dir. From | D6: KASESE | F6: Dir. To | G6: MPONDWE | J6: Supervisor | K6: GODFREY
B8: Time / Veh Type | R8: SUMMARY TRAFFIC VOLUMES
C9: 1. Car | D9: 2. Station Wagon | E9: 3. Pickups | F9: 4. Minibus, matatu | G9: 5. Medium bus | H9: 6. Large Bus | I9: 7. Light Truck | J9: 8. Medium Truck | K9: 9. Heavy truck | L9: 10. Truck Trailer | M9: 11. Motor cycles | N9: 12. Tractors | O9: Total Excl M/Cycles | P9: Total All | R9: Time | S9: 1. Car | T9: 2. Station Wagon | U9: 3. Pickups | V9: 4. Minibus, matatu | W9: 5. Medium bus | X9: 6. Large Bus | Y9: 7. Light Truck | Z9: 8. Medium Truck | AA9: 9. Heavy truck | AB9: 10. Truck Trailer | AC9: 11. Motorcycles | AD9: 12. Tractors, Graders | AE9: Total Excl M/ Cycles | AF9: Total All
B10: 07.00 - 07.15 | C10: =AVERAGE('26.10.PONDWE-KASESE'!C10,'27.10 PONDWE-KASESE'!C10,'25.10.19 PONDWE-KASESE-24h'!C10) -> 2.3333333 | D10: =AVERAGE('26.10.PONDWE-KASESE'!D10,'27.10 PONDWE-KASESE'!D10,'25.10.19 PONDWE-KASESE-24h'!D10) -> 0 | E10: =AVERAGE('26.10.PONDWE-KASESE'!E10,'27.10 PONDWE-KASESE'!E10,'25.10.19 PONDWE-KASESE-24h'!E10) -> 0.33333333 | F10: =AVERAGE('26.10.PONDWE-KASESE'!F10,'27.10 PONDWE-KASESE'!F10,'25.10.19 PONDWE-KASESE-24h'!F10) -> 0 | G10: =AVERAGE('26.10.PONDWE-KASESE'!G10,'27.10 PONDWE-KASESE'!G10,'25.10.19 PONDWE-KASESE-24h'!G10) -> 0 | H10: =AVERAGE('26.10.PONDWE-KASESE'!H10,'27.10 PONDWE-KASESE'!H10,'25.10.19 PONDWE-KASESE-24h'!H10) -> 0 | I10: =AVERAGE('26.10.PONDWE-KASESE'!I10,'27.10 PONDWE-KASESE'!I10,'25.10.19 PONDWE-KASESE-24h'!I10) -> 0 | J10: =AVERAGE('26.10.PONDWE-KASESE'!J10,'27.10 PONDWE-KASESE'!J10,'25.10.19 PONDWE-KASESE-24h'!J10) -> 0 | ... N10: =AVERAGE('26.10.PONDWE-KASESE'!N10,'27.10 PONDWE-KASESE'!N10,'25.10.19 PONDWE-KASESE-24h'!N10) -> 0 | O10: =SUM(C10:L10,N10) -> 2.6666667 | P10: =SUM(C10:N10) -> 29 | R10: 0700-0800 | S10: =SUM(C10:C13) -> 9.6666667 | T10: =SUM(D10:D13) -> 0 | U10: =SUM(E10:E13) -> 0.33333333 | V10: =SUM(F10:F13) -> 1 | W10: =SUM(G10:G13) -> 0 | X10: =SUM(H10:H13) -> 1.3333333 | Y10: =SUM(I10:I13) -> 1 | Z10: =SUM(J10:J13) -> 0.33333333 | ... AF10: =SUM(P10:P13) -> 217.33333
B11: 07.15 - 07.30 | C11: =AVERAGE('26.10.PONDWE-KASESE'!C11,'27.10 PONDWE-KASESE'!C11,'25.10.19 PONDWE-KASESE-24h'!C11) -> 2.6666667 | D11: =AVERAGE('26.10.PONDWE-KASESE'!D11,'27.10 PONDWE-KASESE'!D11,'25.10.19 PONDWE-KASESE-24h'!D11) -> 0 | E11: =AVERAGE('26.10.PONDWE-KASESE'!E11,'27.10 PONDWE-KASESE'!E11,'25.10.19 PONDWE-KASESE-24h'!E11) -> 0 | F11: =AVERAGE('26.10.PONDWE-KASESE'!F11,'27.10 PONDWE-KASESE'!F11,'25.10.19 PONDWE-KASESE-24h'!F11) -> 0.33333333 | G11: =AVERAGE('26.10.PONDWE-KASESE'!G11,'27.10 PONDWE-KASESE'!G11,'25.10.19 PONDWE-KASESE-24h'!G11) -> 0 | H11: =AVERAGE('26.10.PONDWE-KASESE'!H11,'27.10 PONDWE-KASESE'!H11,'25.10.19 PONDWE-KASESE-24h'!H11) -> 0.33333333 | I11: =AVERAGE('26.10.PONDWE-KASESE'!I11,'27.10 PONDWE-KASESE'!I11,'25.10.19 PONDWE-KASESE-24h'!I11) -> 0.66666667 | J11: =AVERAGE('26.10.PONDWE-KASESE'!J11,'27.10 PONDWE-KASESE'!J11,'25.10.19 PONDWE-KASESE-24h'!J11) -> 0 | ... N11: =AVERAGE('26.10.PONDWE-KASESE'!N11,'27.10 PONDWE-KASESE'!N11,'25.10.19 PONDWE-KASESE-24h'!N11) -> 0 | O11: =SUM(C11:L11,N11) -> 4 | P11: =SUM(C11:N11) -> 51 | R11: 0800-0900 | S11: =SUM(C14:C17) -> 13.666667 | T11: =SUM(D14:D17) -> 0.66666667 | U11: =SUM(E14:E17) -> 0.33333333 | V11: =SUM(F14:F17) -> 0.66666667 | W11: =SUM(G14:G17) -> 0 | X11: =SUM(H14:H17) -> 1.6666667 | Y11: =SUM(I14:I17) -> 1.3333333 | Z11: =SUM(J14:J17) -> 0.66666667 | ... AF11: =SUM(P14:P17) -> 228
B12: 07.30 - 07.45 | C12: =AVERAGE('26.10.PONDWE-KASESE'!C12,'27.10 PONDWE-KASESE'!C12,'25.10.19 PONDWE-KASESE-24h'!C12) -> 2.6666667 | D12: =AVERAGE('26.10.PONDWE-KASESE'!D12,'27.10 PONDWE-KASESE'!D12,'25.10.19 PONDWE-KASESE-24h'!D12) -> 0 | E12: =AVERAGE('26.10.PONDWE-KASESE'!E12,'27.10 PONDWE-KASESE'!E12,'25.10.19 PONDWE-KASESE-24h'!E12) -> 0 | F12: =AVERAGE('26.10.PONDWE-KASESE'!F12,'27.10 PONDWE-KASESE'!F12,'25.10.19 PONDWE-KASESE-24h'!F12) -> 0 | G12: =AVERAGE('26.10.PONDWE-KASESE'!G12,'27.10 PONDWE-KASESE'!G12,'25.10.19 PONDWE-KASESE-24h'!G12) -> 0 | H12: =AVERAGE('26.10.PONDWE-KASESE'!H12,'27.10 PONDWE-KASESE'!H12,'25.10.19 PONDWE-KASESE-24h'!H12) -> 0.66666667 | I12: =AVERAGE('26.10.PONDWE-KASESE'!I12,'27.10 PONDWE-KASESE'!I12,'25.10.19 PONDWE-KASESE-24h'!I12) -> 0.33333333 | J12: =AVERAGE('26.10.PONDWE-KASESE'!J12,'27.10 PONDWE-KASESE'!J12,'25.10.19 PONDWE-KASESE-24h'!J12) -> 0 | ... N12: =AVERAGE('26.10.PONDWE-KASESE'!N12,'27.10 PONDWE-KASESE'!N12,'25.10.19 PONDWE-KASESE-24h'!N12) -> 0 | O12: =SUM(C12:L12,N12) -> 3.6666667 | P12: =SUM(C12:N12) -> 66.666667 | R12: 0900-1000 | S12: =SUM(C18:C21) -> 14.666667 | T12: =SUM(D18:D21) -> 0.66666667 | U12: =SUM(E18:E21) -> 2 | V12: =SUM(F18:F21) -> 0.33333333 | W12: =SUM(G18:G21) -> 0.33333333 | X12: =SUM(H18:H21) -> 0.66666667 | Y12: =SUM(I18:I21) -> 2.6666667 | Z12: =SUM(J18:J21) -> 1.6666667 | ... AF12: =SUM(P18:P21) -> 217.33333
B13: 07.45 - 08.00 | C13: =AVERAGE('26.10.PONDWE-KASESE'!C13,'27.10 PONDWE-KASESE'!C13,'25.10.19 PONDWE-KASESE-24h'!C13) -> 2 | D13: =AVERAGE('26.10.PONDWE-KASESE'!D13,'27.10 PONDWE-KASESE'!D13,'25.10.19 PONDWE-KASESE-24h'!D13) -> 0 | E13: =AVERAGE('26.10.PONDWE-KASESE'!E13,'27.10 PONDWE-KASESE'!E13,'25.10.19 PONDWE-KASESE-24h'!E13) -> 0 | F13: =AVERAGE('26.10.PONDWE-KASESE'!F13,'27.10 PONDWE-KASESE'!F13,'25.10.19 PONDWE-KASESE-24h'!F13) -> 0.66666667 | G13: =AVERAGE('26.10.PONDWE-KASESE'!G13,'27.10 PONDWE-KASESE'!G13,'25.10.19 PONDWE-KASESE-24h'!G13) -> 0 | H13: =AVERAGE('26.10.PONDWE-KASESE'!H13,'27.10 PONDWE-KASESE'!H13,'25.10.19 PONDWE-KASESE-24h'!H13) -> 0.33333333 | I13: =AVERAGE('26.10.PONDWE-KASESE'!I13,'27.10 PONDWE-KASESE'!I13,'25.10.19 PONDWE-KASESE-24h'!I13) -> 0 | J13: =AVERAGE('26.10.PONDWE-KASESE'!J13,'27.10 PONDWE-KASESE'!J13,'25.10.19 PONDWE-KASESE-24h'!J13) -> 0.33333333 | ... N13: =AVERAGE('26.10.PONDWE-KASESE'!N13,'27.10 PONDWE-KASESE'!N13,'25.10.19 PONDWE-KASESE-24h'!N13) -> 0 | O13: =SUM(C13:L13,N13) -> 3.3333333 | P13: =SUM(C13:N13) -> 70.666667 | R13: 1000-1100 | S13: =SUM(C22:C25) -> 14.666667 | T13: =SUM(D22:D25) -> 0.66666667 | U13: =SUM(E22:E25) -> 1.6666667 | V13: =SUM(F22:F25) -> 0 | W13: =SUM(G22:G25) -> 0 | X13: =SUM(H22:H25) -> 0 | Y13: =SUM(I22:I25) -> 4 | Z13: =SUM(J22:J25) -> 1 | ... AF13: =SUM(P22:P25) -> 219
B14: 08.00 - 08.15 | C14: =AVERAGE('26.10.PONDWE-KASESE'!C14,'27.10 PONDWE-KASESE'!C14,'25.10.19 PONDWE-KASESE-24h'!C14) -> 2.3333333 | D14: =AVERAGE('26.10.PONDWE-KASESE'!D14,'27.10 PONDWE-KASESE'!D14,'25.10.19 PONDWE-KASESE-24h'!D14) -> 0 | E14: =AVERAGE('26.10.PONDWE-KASESE'!E14,'27.10 PONDWE-KASESE'!E14,'25.10.19 PONDWE-KASESE-24h'!E14) -> 0 | F14: =AVERAGE('26.10.PONDWE-KASESE'!F14,'27.10 PONDWE-KASESE'!F14,'25.10.19 PONDWE-KASESE-24h'!F14) -> 0 | G14: =AVERAGE('26.10.PONDWE-KASESE'!G14,'27.10 PONDWE-KASESE'!G14,'25.10.19 PONDWE-KASESE-24h'!G14) -> 0 | H14: =AVERAGE('26.10.PONDWE-KASESE'!H14,'27.10 PONDWE-KASESE'!H14,'25.10.19 PONDWE-KASESE-24h'!H14) -> 0.66666667 | I14: =AVERAGE('26.10.PONDWE-KASESE'!I14,'27.10 PONDWE-KASESE'!I14,'25.10.19 PONDWE-KASESE-24h'!I14) -> 0 | J14: =AVERAGE('26.10.PONDWE-KASESE'!J14,'27.10 PONDWE-KASESE'!J14,'25.10.19 PONDWE-KASESE-24h'!J14) -> 0 | ... N14: =AVERAGE('26.10.PONDWE-KASESE'!N14,'27.10 PONDWE-KASESE'!N14,'25.10.19 PONDWE-KASESE-24h'!N14) -> 0 | O14: =SUM(C14:L14,N14) -> 3.3333333 | P14: =SUM(C14:N14) -> 64.333333 | R14: 1100-1200 | S14: =SUM(C26:C29) -> 27.666667 | T14: =SUM(D26:D29) -> 1 | U14: =SUM(E26:E29) -> 2 | V14: =SUM(F26:F29) -> 0.33333333 | W14: =SUM(G26:G29) -> 0.33333333 | X14: =SUM(H26:H29) -> 1 | Y14: =SUM(I26:I29) -> 5 | Z14: =SUM(J26:J29) -> 2 | ... AF14: =SUM(P26:P29) -> 325.33333
B15: 08.15 - 08.30 | C15: =AVERAGE('26.10.PONDWE-KASESE'!C15,'27.10 PONDWE-KASESE'!C15,'25.10.19 PONDWE-KASESE-24h'!C15) -> 3.3333333 | D15: =AVERAGE('26.10.PONDWE-KASESE'!D15,'27.10 PONDWE-KASESE'!D15,'25.10.19 PONDWE-KASESE-24h'!D15) -> 0 | E15: =AVERAGE('26.10.PONDWE-KASESE'!E15,'27.10 PONDWE-KASESE'!E15,'25.10.19 PONDWE-KASESE-24h'!E15) -> 0 | F15: =AVERAGE('26.10.PONDWE-KASESE'!F15,'27.10 PONDWE-KASESE'!F15,'25.10.19 PONDWE-KASESE-24h'!F15) -> 0.33333333 | G15: =AVERAGE('26.10.PONDWE-KASESE'!G15,'27.10 PONDWE-KASESE'!G15,'25.10.19 PONDWE-KASESE-24h'!G15) -> 0 | H15: =AVERAGE('26.10.PONDWE-KASESE'!H15,'27.10 PONDWE-KASESE'!H15,'25.10.19 PONDWE-KASESE-24h'!H15) -> 0.33333333 | I15: =AVERAGE('26.10.PONDWE-KASESE'!I15,'27.10 PONDWE-KASESE'!I15,'25.10.19 PONDWE-KASESE-24h'!I15) -> 1 | J15: =AVERAGE('26.10.PONDWE-KASESE'!J15,'27.10 PONDWE-KASESE'!J15,'25.10.19 PONDWE-KASESE-24h'!J15) -> 0 | ... N15: =AVERAGE('26.10.PONDWE-KASESE'!N15,'27.10 PONDWE-KASESE'!N15,'25.10.19 PONDWE-KASESE-24h'!N15) -> 0 | O15: =SUM(C15:L15,N15) -> 5 | P15: =SUM(C15:N15) -> 52.666667 | R15: 1200-1300 | S15: =SUM(C30:C33) -> 23.666667 | T15: =SUM(D30:D33) -> 1.6666667 | U15: =SUM(E30:E33) -> 2 | V15: =SUM(F30:F33) -> 0.33333333 | W15: =SUM(G30:G33) -> 0.33333333 | X15: =SUM(H30:H33) -> 0.66666667 | Y15: =SUM(I30:I33) -> 3 | Z15: =SUM(J30:J33) -> 3 | ... AF15: =SUM(P30:P33) -> 261.66667
B16: 08.30 - 08.45 | C16: =AVERAGE('26.10.PONDWE-KASESE'!C16,'27.10 PONDWE-KASESE'!C16,'25.10.19 PONDWE-KASESE-24h'!C16) -> 4 | D16: =AVERAGE('26.10.PONDWE-KASESE'!D16,'27.10 PONDWE-KASESE'!D16,'25.10.19 PONDWE-KASESE-24h'!D16) -> 0.33333333 | E16: =AVERAGE('26.10.PONDWE-KASESE'!E16,'27.10 PONDWE-KASESE'!E16,'25.10.19 PONDWE-KASESE-24h'!E16) -> 0 | F16: =AVERAGE('26.10.PONDWE-KASESE'!F16,'27.10 PONDWE-KASESE'!F16,'25.10.19 PONDWE-KASESE-24h'!F16) -> 0 | G16: =AVERAGE('26.10.PONDWE-KASESE'!G16,'27.10 PONDWE-KASESE'!G16,'25.10.19 PONDWE-KASESE-24h'!G16) -> 0 | H16: =AVERAGE('26.10.PONDWE-KASESE'!H16,'27.10 PONDWE-KASESE'!H16,'25.10.19 PONDWE-KASESE-24h'!H16) -> 0 | I16: =AVERAGE('26.10.PONDWE-KASESE'!I16,'27.10 PONDWE-KASESE'!I16,'25.10.19 PONDWE-KASESE-24h'!I16) -> 0.33333333 | J16: =AVERAGE('26.10.PONDWE-KASESE'!J16,'27.10 PONDWE-KASESE'!J16,'25.10.19 PONDWE-KASESE-24h'!J16) -> 0.33333333 | ... N16: =AVERAGE('26.10.PONDWE-KASESE'!N16,'27.10 PONDWE-KASESE'!N16,'25.10.19 PONDWE-KASESE-24h'!N16) -> 0 | O16: =SUM(C16:L16,N16) -> 5 | P16: =SUM(C16:N16) -> 52.333333 | R16: 1300-1400 | S16: =SUM(C34:C37) -> 27.333333 | T16: =SUM(D34:D37) -> 3 | U16: =SUM(E34:E37) -> 1.6666667 | V16: =SUM(F34:F37) -> 1 | W16: =SUM(G34:G37) -> 0 | X16: =SUM(H34:H37) -> 1 | Y16: =SUM(I34:I37) -> 3.3333333 | Z16: =SUM(J34:J37) -> 3 | ... AF16: =SUM(P34:P37) -> 312.33333
B17: 08.45 - 9.00 | C17: =AVERAGE('26.10.PONDWE-KASESE'!C17,'27.10 PONDWE-KASESE'!C17,'25.10.19 PONDWE-KASESE-24h'!C17) -> 4 | D17: =AVERAGE('26.10.PONDWE-KASESE'!D17,'27.10 PONDWE-KASESE'!D17,'25.10.19 PONDWE-KASESE-24h'!D17) -> 0.33333333 | E17: =AVERAGE('26.10.PONDWE-KASESE'!E17,'27.10 PONDWE-KASESE'!E17,'25.10.19 PONDWE-KASESE-24h'!E17) -> 0.33333333 | F17: =AVERAGE('26.10.PONDWE-KASESE'!F17,'27.10 PONDWE-KASESE'!F17,'25.10.19 PONDWE-KASESE-24h'!F17) -> 0.33333333 | G17: =AVERAGE('26.10.PONDWE-KASESE'!G17,'27.10 PONDWE-KASESE'!G17,'25.10.19 PONDWE-KASESE-24h'!G17) -> 0 | H17: =AVERAGE('26.10.PONDWE-KASESE'!H17,'27.10 PONDWE-KASESE'!H17,'25.10.19 PONDWE-KASESE-24h'!H17) -> 0.66666667 | I17: =AVERAGE('26.10.PONDWE-KASESE'!I17,'27.10 PONDWE-KASESE'!I17,'25.10.19 PONDWE-KASESE-24h'!I17) -> 0 | J17: =AVERAGE('26.10.PONDWE-KASESE'!J17,'27.10 PONDWE-KASESE'!J17,'25.10.19 PONDWE-KASESE-24h'!J17) -> 0.33333333 | ... N17: =AVERAGE('26.10.PONDWE-KASESE'!N17,'27.10 PONDWE-KASESE'!N17,'25.10.19 PONDWE-KASESE-24h'!N17) -> 0 | O17: =SUM(C17:L17,N17) -> 6.3333333 | P17: =SUM(C17:N17) -> 58.666667 | R17: 1400-1500 | S17: =SUM(C38:C41) -> 23.333333 | T17: =SUM(D38:D41) -> 1.3333333 | U17: =SUM(E38:E41) -> 1.3333333 | V17: =SUM(F38:F41) -> 2.3333333 | W17: =SUM(G38:G41) -> 0 | X17: =SUM(H38:H41) -> 1.3333333 | Y17: =SUM(I38:I41) -> 3.3333333 | Z17: =SUM(J38:J41) -> 1.6666667 | ... AF17: =SUM(P38:P41) -> 340.66667
B18: 09.00 - 09.15 | C18: =AVERAGE('26.10.PONDWE-KASESE'!C18,'27.10 PONDWE-KASESE'!C18,'25.10.19 PONDWE-KASESE-24h'!C18) -> 2.6666667 | D18: =AVERAGE('26.10.PONDWE-KASESE'!D18,'27.10 PONDWE-KASESE'!D18,'25.10.19 PONDWE-KASESE-24h'!D18) -> 0 | E18: =AVERAGE('26.10.PONDWE-KASESE'!E18,'27.10 PONDWE-KASESE'!E18,'25.10.19 PONDWE-KASESE-24h'!E18) -> 1 | F18: =AVERAGE('26.10.PONDWE-KASESE'!F18,'27.10 PONDWE-KASESE'!F18,'25.10.19 PONDWE-KASESE-24h'!F18) -> 0 | G18: =AVERAGE('26.10.PONDWE-KASESE'!G18,'27.10 PONDWE-KASESE'!G18,'25.10.19 PONDWE-KASESE-24h'!G18) -> 0 | H18: =AVERAGE('26.10.PONDWE-KASESE'!H18,'27.10 PONDWE-KASESE'!H18,'25.10.19 PONDWE-KASESE-24h'!H18) -> 0 | I18: =AVERAGE('26.10.PONDWE-KASESE'!I18,'27.10 PONDWE-KASESE'!I18,'25.10.19 PONDWE-KASESE-24h'!I18) -> 0.66666667 | J18: =AVERAGE('26.10.PONDWE-KASESE'!J18,'27.10 PONDWE-KASESE'!J18,'25.10.19 PONDWE-KASESE-24h'!J18) -> 0 | ... N18: =AVERAGE('26.10.PONDWE-KASESE'!N18,'27.10 PONDWE-KASESE'!N18,'25.10.19 PONDWE-KASESE-24h'!N18) -> 0 | O18: =SUM(C18:L18,N18) -> 4.3333333 | P18: =SUM(C18:N18) -> 56 | R18: 1500-1600 | S18: =SUM(C42:C45) -> 24.666667 | T18: =SUM(D42:D45) -> 1.6666667 | U18: =SUM(E42:E45) -> 1.3333333 | V18: =SUM(F42:F45) -> 4 | W18: =SUM(G42:G45) -> 0 | X18: =SUM(H42:H45) -> 0.33333333 | Y18: =SUM(I42:I45) -> 3 | Z18: =SUM(J42:J45) -> 2.6666667 | ... AF18: =SUM(P42:P45) -> 319.33333
B19: 09.15 - 09.30 | C19: =AVERAGE('26.10.PONDWE-KASESE'!C19,'27.10 PONDWE-KASESE'!C19,'25.10.19 PONDWE-KASESE-24h'!C19) -> 4.3333333 | D19: =AVERAGE('26.10.PONDWE-KASESE'!D19,'27.10 PONDWE-KASESE'!D19,'25.10.19 PONDWE-KASESE-24h'!D19) -> 0.33333333 | E19: =AVERAGE('26.10.PONDWE-KASESE'!E19,'27.10 PONDWE-KASESE'!E19,'25.10.19 PONDWE-KASESE-24h'!E19) -> 0.33333333 | F19: =AVERAGE('26.10.PONDWE-KASESE'!F19,'27.10 PONDWE-KASESE'!F19,'25.10.19 PONDWE-KASESE-24h'!F19) -> 0.33333333 | G19: =AVERAGE('26.10.PONDWE-KASESE'!G19,'27.10 PONDWE-KASESE'!G19,'25.10.19 PONDWE-KASESE-24h'!G19) -> 0 | H19: =AVERAGE('26.10.PONDWE-KASESE'!H19,'27.10 PONDWE-KASESE'!H19,'25.10.19 PONDWE-KASESE-24h'!H19) -> 0 | I19: =AVERAGE('26.10.PONDWE-KASESE'!I19,'27.10 PONDWE-KASESE'!I19,'25.10.19 PONDWE-KASESE-24h'!I19) -> 0.66666667 | J19: =AVERAGE('26.10.PONDWE-KASESE'!J19,'27.10 PONDWE-KASESE'!J19,'25.10.19 PONDWE-KASESE-24h'!J19) -> 1 | ... N19: =AVERAGE('26.10.PONDWE-KASESE'!N19,'27.10 PONDWE-KASESE'!N19,'25.10.19 PONDWE-KASESE-24h'!N19) -> 0 | O19: =SUM(C19:L19,N19) -> 7 | P19: =SUM(C19:N19) -> 51.666667 | R19: 1600-1700 | S19: =SUM(C46:C49) -> 36.333333 | T19: =SUM(D46:D49) -> 2.3333333 | U19: =SUM(E46:E49) -> 2 | V19: =SUM(F46:F49) -> 1.6666667 | W19: =SUM(G46:G49) -> 0 | X19: =SUM(H46:H49) -> 0.66666667 | Y19: =SUM(I46:I49) -> 5.6666667 | Z19: =SUM(J46:J49) -> 2.6666667 | ... AF19: =SUM(P46:P49) -> 341
B20: 09.30 - 09.45 | C20: =AVERAGE('26.10.PONDWE-KASESE'!C20,'27.10 PONDWE-KASESE'!C20,'25.10.19 PONDWE-KASESE-24h'!C20) -> 4.3333333 | D20: =AVERAGE('26.10.PONDWE-KASESE'!D20,'27.10 PONDWE-KASESE'!D20,'25.10.19 PONDWE-KASESE-24h'!D20) -> 0 | E20: =AVERAGE('26.10.PONDWE-KASESE'!E20,'27.10 PONDWE-KASESE'!E20,'25.10.19 PONDWE-KASESE-24h'!E20) -> 0.33333333 | F20: =AVERAGE('26.10.PONDWE-KASESE'!F20,'27.10 PONDWE-KASESE'!F20,'25.10.19 PONDWE-KASESE-24h'!F20) -> 0 | G20: =AVERAGE('26.10.PONDWE-KASESE'!G20,'27.10 PONDWE-KASESE'!G20,'25.10.19 PONDWE-KASESE-24h'!G20) -> 0 | H20: =AVERAGE('26.10.PONDWE-KASESE'!H20,'27.10 PONDWE-KASESE'!H20,'25.10.19 PONDWE-KASESE-24h'!H20) -> 0 | I20: =AVERAGE('26.10.PONDWE-KASESE'!I20,'27.10 PONDWE-KASESE'!I20,'25.10.19 PONDWE-KASESE-24h'!I20) -> 0.66666667 | J20: =AVERAGE('26.10.PONDWE-KASESE'!J20,'27.10 PONDWE-KASESE'!J20,'25.10.19 PONDWE-KASESE-24h'!J20) -> 0 | ... N20: =AVERAGE('26.10.PONDWE-KASESE'!N20,'27.10 PONDWE-KASESE'!N20,'25.10.19 PONDWE-KASESE-24h'!N20) -> 0 | O20: =SUM(C20:L20,N20) -> 7.6666667 | P20: =SUM(C20:N20) -> 56 | R20: 1700-1800 | S20: =SUM(C50:C53) -> 30 | T20: =SUM(D50:D53) -> 2.3333333 | U20: =SUM(E50:E53) -> 1 | V20: =SUM(F50:F53) -> 3 | W20: =SUM(G50:G53) -> 0 | X20: =SUM(H50:H53) -> 0 | Y20: =SUM(I50:I53) -> 3.6666667 | Z20: =SUM(J50:J53) -> 1 | ... AF20: =SUM(P50:P53) -> 303.33333
B21: 09.45 - 10.00 | C21: =AVERAGE('26.10.PONDWE-KASESE'!C21,'27.10 PONDWE-KASESE'!C21,'25.10.19 PONDWE-KASESE-24h'!C21) -> 3.3333333 | D21: =AVERAGE('26.10.PONDWE-KASESE'!D21,'27.10 PONDWE-KASESE'!D21,'25.10.19 PONDWE-KASESE-24h'!D21) -> 0.33333333 | E21: =AVERAGE('26.10.PONDWE-KASESE'!E21,'27.10 PONDWE-KASESE'!E21,'25.10.19 PONDWE-KASESE-24h'!E21) -> 0.33333333 | F21: =AVERAGE('26.10.PONDWE-KASESE'!F21,'27.10 PONDWE-KASESE'!F21,'25.10.19 PONDWE-KASESE-24h'!F21) -> 0 | G21: =AVERAGE('26.10.PONDWE-KASESE'!G21,'27.10 PONDWE-KASESE'!G21,'25.10.19 PONDWE-KASESE-24h'!G21) -> 0.33333333 | H21: =AVERAGE('26.10.PONDWE-KASESE'!H21,'27.10 PONDWE-KASESE'!H21,'25.10.19 PONDWE-KASESE-24h'!H21) -> 0.66666667 | I21: =AVERAGE('26.10.PONDWE-KASESE'!I21,'27.10 PONDWE-KASESE'!I21,'25.10.19 PONDWE-KASESE-24h'!I21) -> 0.66666667 | J21: =AVERAGE('26.10.PONDWE-KASESE'!J21,'27.10 PONDWE-KASESE'!J21,'25.10.19 PONDWE-KASESE-24h'!J21) -> 0.66666667 | ... N21: =AVERAGE('26.10.PONDWE-KASESE'!N21,'27.10 PONDWE-KASESE'!N21,'25.10.19 PONDWE-KASESE-24h'!N21) -> 0 | O21: =SUM(C21:L21,N21) -> 7 | P21: =SUM(C21:N21) -> 53.666667 | R21: 1800-1900 | S21: =SUM(C54:C57) -> 30.666667 | T21: =SUM(D54:D57) -> 0.66666667 | U21: =SUM(E54:E57) -> 0.66666667 | V21: =SUM(F54:F57) -> 3 | W21: =SUM(G54:G57) -> 0 | X21: =SUM(H54:H57) -> 0.33333333 | Y21: =SUM(I54:I57) -> 3.3333333 | Z21: =SUM(J54:J57) -> 3.3333333 | ... AF21: =SUM(P54:P57) -> 393.66667
B22: 10.00 - 10.15 | C22: =AVERAGE('26.10.PONDWE-KASESE'!C22,'27.10 PONDWE-KASESE'!C22,'25.10.19 PONDWE-KASESE-24h'!C22) -> 3.6666667 | D22: =AVERAGE('26.10.PONDWE-KASESE'!D22,'27.10 PONDWE-KASESE'!D22,'25.10.19 PONDWE-KASESE-24h'!D22) -> 0 | E22: =AVERAGE('26.10.PONDWE-KASESE'!E22,'27.10 PONDWE-KASESE'!E22,'25.10.19 PONDWE-KASESE-24h'!E22) -> 0.66666667 | F22: =AVERAGE('26.10.PONDWE-KASESE'!F22,'27.10 PONDWE-KASESE'!F22,'25.10.19 PONDWE-KASESE-24h'!F22) -> 0 | G22: =AVERAGE('26.10.PONDWE-KASESE'!G22,'27.10 PONDWE-KASESE'!G22,'25.10.19 PONDWE-KASESE-24h'!G22) -> 0 | H22: =AVERAGE('26.10.PONDWE-KASESE'!H22,'27.10 PONDWE-KASESE'!H22,'25.10.19 PONDWE-KASESE-24h'!H22) -> 0 | I22: =AVERAGE('26.10.PONDWE-KASESE'!I22,'27.10 PONDWE-KASESE'!I22,'25.10.19 PONDWE-KASESE-24h'!I22) -> 0 | J22: =AVERAGE('26.10.PONDWE-KASESE'!J22,'27.10 PONDWE-KASESE'!J22,'25.10.19 PONDWE-KASESE-24h'!J22) -> 0 | ... N22: =AVERAGE('26.10.PONDWE-KASESE'!N22,'27.10 PONDWE-KASESE'!N22,'25.10.19 PONDWE-KASESE-24h'!N22) -> 0 | O22: =SUM(C22:L22,N22) -> 4.3333333 | P22: =SUM(C22:N22) -> 47.666667 | R22: 1900-2000 | S22: =SUM(C58:C61) -> 36 | T22: =SUM(D58:D61) -> 3 | U22: =SUM(E58:E61) -> 1 | V22: =SUM(F58:F61) -> 5 | W22: =SUM(G58:G61) -> 1 | X22: =SUM(H58:H61) -> 3 | Y22: =SUM(I58:I61) -> 5 | Z22: =SUM(J58:J61) -> 4 | ... AF22: =SUM(P58:P61) -> 422
B23: 10.15 - 10.30 | C23: =AVERAGE('26.10.PONDWE-KASESE'!C23,'27.10 PONDWE-KASESE'!C23,'25.10.19 PONDWE-KASESE-24h'!C23) -> 4.3333333 | D23: =AVERAGE('26.10.PONDWE-KASESE'!D23,'27.10 PONDWE-KASESE'!D23,'25.10.19 PONDWE-KASESE-24h'!D23) -> 0 | E23: =AVERAGE('26.10.PONDWE-KASESE'!E23,'27.10 PONDWE-KASESE'!E23,'25.10.19 PONDWE-KASESE-24h'!E23) -> 0.33333333 | F23: =AVERAGE('26.10.PONDWE-KASESE'!F23,'27.10 PONDWE-KASESE'!F23,'25.10.19 PONDWE-KASESE-24h'!F23) -> 0 | G23: =AVERAGE('26.10.PONDWE-KASESE'!G23,'27.10 PONDWE-KASESE'!G23,'25.10.19 PONDWE-KASESE-24h'!G23) -> 0 | H23: =AVERAGE('26.10.PONDWE-KASESE'!H23,'27.10 PONDWE-KASESE'!H23,'25.10.19 PONDWE-KASESE-24h'!H23) -> 0 | I23: =AVERAGE('26.10.PONDWE-KASESE'!I23,'27.10 PONDWE-KASESE'!I23,'25.10.19 PONDWE-KASESE-24h'!I23) -> 1 | J23: =AVERAGE('26.10.PONDWE-KASESE'!J23,'27.10 PONDWE-KASESE'!J23,'25.10.19 PONDWE-KASESE-24h'!J23) -> 0.66666667 | ... N23: =AVERAGE('26.10.PONDWE-KASESE'!N23,'27.10 PONDWE-KASESE'!N23,'25.10.19 PONDWE-KASESE-24h'!N23) -> 0 | O23: =SUM(C23:L23,N23) -> 6.3333333 | P23: =SUM(C23:N23) -> 53.333333 | R23: 2000-2100 | S23: =SUM(C62:C65) -> 22 | T23: =SUM(D62:D65) -> 1 | U23: =SUM(E62:E65) -> 0 | V23: =SUM(F62:F65) -> 0 | W23: =SUM(G62:G65) -> 0 | X23: =SUM(H62:H65) -> 3 | Y23: =SUM(I62:I65) -> 1 | Z23: =SUM(J62:J65) -> 4 | ... AF23: =SUM(P62:P65) -> 187
B24: 10.30 - 10.45 | C24: =AVERAGE('26.10.PONDWE-KASESE'!C24,'27.10 PONDWE-KASESE'!C24,'25.10.19 PONDWE-KASESE-24h'!C24) -> 3.3333333 | D24: =AVERAGE('26.10.PONDWE-KASESE'!D24,'27.10 PONDWE-KASESE'!D24,'25.10.19 PONDWE-KASESE-24h'!D24) -> 0.66666667 | E24: =AVERAGE('26.10.PONDWE-KASESE'!E24,'27.10 PONDWE-KASESE'!E24,'25.10.19 PONDWE-KASESE-24h'!E24) -> 0 | F24: =AVERAGE('26.10.PONDWE-KASESE'!F24,'27.10 PONDWE-KASESE'!F24,'25.10.19 PONDWE-KASESE-24h'!F24) -> 0 | G24: =AVERAGE('26.10.PONDWE-KASESE'!G24,'27.10 PONDWE-KASESE'!G24,'25.10.19 PONDWE-KASESE-24h'!G24) -> 0 | H24: =AVERAGE('26.10.PONDWE-KASESE'!H24,'27.10 PONDWE-KASESE'!H24,'25.10.19 PONDWE-KASESE-24h'!H24) -> 0 | I24: =AVERAGE('26.10.PONDWE-KASESE'!I24,'27.10 PONDWE-KASESE'!I24,'25.10.19 PONDWE-KASESE-24h'!I24) -> 1.6666667 | J24: =AVERAGE('26.10.PONDWE-KASESE'!J24,'27.10 PONDWE-KASESE'!J24,'25.10.19 PONDWE-KASESE-24h'!J24) -> 0.33333333 | ... N24: =AVERAGE('26.10.PONDWE-KASESE'!N24,'27.10 PONDWE-KASESE'!N24,'25.10.19 PONDWE-KASESE-24h'!N24) -> 0 | O24: =SUM(C24:L24,N24) -> 7 | P24: =SUM(C24:N24) -> 60.333333 | R24: 2100-2200 | S24: =SUM(C66:C69) -> 12 | T24: =SUM(D66:D69) -> 0 | U24: =SUM(E66:E69) -> 0 | V24: =SUM(F66:F69) -> 0 | W24: =SUM(G66:G69) -> 0 | X24: =SUM(H66:H69) -> 1 | Y24: =SUM(I66:I69) -> 1 | Z24: =SUM(J66:J69) -> 0 | ... AF24: =SUM(P66:P69) -> 60
B25: 10.45 - 11.00 | C25: =AVERAGE('26.10.PONDWE-KASESE'!C25,'27.10 PONDWE-KASESE'!C25,'25.10.19 PONDWE-KASESE-24h'!C25) -> 3.3333333 | D25: =AVERAGE('26.10.PONDWE-KASESE'!D25,'27.10 PONDWE-KASESE'!D25,'25.10.19 PONDWE-KASESE-24h'!D25) -> 0 | E25: =AVERAGE('26.10.PONDWE-KASESE'!E25,'27.10 PONDWE-KASESE'!E25,'25.10.19 PONDWE-KASESE-24h'!E25) -> 0.66666667 | F25: =AVERAGE('26.10.PONDWE-KASESE'!F25,'27.10 PONDWE-KASESE'!F25,'25.10.19 PONDWE-KASESE-24h'!F25) -> 0 | G25: =AVERAGE('26.10.PONDWE-KASESE'!G25,'27.10 PONDWE-KASESE'!G25,'25.10.19 PONDWE-KASESE-24h'!G25) -> 0 | H25: =AVERAGE('26.10.PONDWE-KASESE'!H25,'27.10 PONDWE-KASESE'!H25,'25.10.19 PONDWE-KASESE-24h'!H25) -> 0 | I25: =AVERAGE('26.10.PONDWE-KASESE'!I25,'27.10 PONDWE-KASESE'!I25,'25.10.19 PONDWE-KASESE-24h'!I25) -> 1.3333333 | J25: =AVERAGE('26.10.PONDWE-KASESE'!J25,'27.10 PONDWE-KASESE'!J25,'25.10.19 PONDWE-KASESE-24h'!J25) -> 0 | ... N25: =AVERAGE('26.10.PONDWE-KASESE'!N25,'27.10 PONDWE-KASESE'!N25,'25.10.19 PONDWE-KASESE-24h'!N25) -> 0 | O25: =SUM(C25:L25,N25) -> 7 | P25: =SUM(C25:N25) -> 57.666667 | R25: 2200-2300 | S25: =SUM(C70:C73) -> 11 | T25: =SUM(D70:D73) -> 0 | U25: =SUM(E70:E73) -> 1 | V25: =SUM(F70:F73) -> 0 | W25: =SUM(G70:G73) -> 0 | X25: =SUM(H70:H73) -> 0 | Y25: =SUM(I70:I73) -> 0 | Z25: =SUM(J70:J73) -> 0 | ... AF25: =SUM(P70:P73) -> 46
B26: 11.00 - 11.15 | C26: =AVERAGE('26.10.PONDWE-KASESE'!C26,'27.10 PONDWE-KASESE'!C26,'25.10.19 PONDWE-KASESE-24h'!C26) -> 5 | D26: =AVERAGE('26.10.PONDWE-KASESE'!D26,'27.10 PONDWE-KASESE'!D26,'25.10.19 PONDWE-KASESE-24h'!D26) -> 0.66666667 | E26: =AVERAGE('26.10.PONDWE-KASESE'!E26,'27.10 PONDWE-KASESE'!E26,'25.10.19 PONDWE-KASESE-24h'!E26) -> 0.33333333 | F26: =AVERAGE('26.10.PONDWE-KASESE'!F26,'27.10 PONDWE-KASESE'!F26,'25.10.19 PONDWE-KASESE-24h'!F26) -> 0 | G26: =AVERAGE('26.10.PONDWE-KASESE'!G26,'27.10 PONDWE-KASESE'!G26,'25.10.19 PONDWE-KASESE-24h'!G26) -> 0.33333333 | H26: =AVERAGE('26.10.PONDWE-KASESE'!H26,'27.10 PONDWE-KASESE'!H26,'25.10.19 PONDWE-KASESE-24h'!H26) -> 0 | I26: =AVERAGE('26.10.PONDWE-KASESE'!I26,'27.10 PONDWE-KASESE'!I26,'25.10.19 PONDWE-KASESE-24h'!I26) -> 1.6666667 | J26: =AVERAGE('26.10.PONDWE-KASESE'!J26,'27.10 PONDWE-KASESE'!J26,'25.10.19 PONDWE-KASESE-24h'!J26) -> 1.6666667 | ... N26: =AVERAGE('26.10.PONDWE-KASESE'!N26,'27.10 PONDWE-KASESE'!N26,'25.10.19 PONDWE-KASESE-24h'!N26) -> 0 | O26: =SUM(C26:L26,N26) -> 10.666667 | P26: =SUM(C26:N26) -> 79.666667 | R26: 2300-0000 | S26: =SUM(C74:C77) -> 0 | T26: =SUM(D74:D77) -> 0 | U26: =SUM(E74:E77) -> 0 | V26: =SUM(F74:F77) -> 0 | W26: =SUM(G74:G77) -> 0 | X26: =SUM(H74:H77) -> 0 | Y26: =SUM(I74:I77) -> 0 | Z26: =SUM(J74:J77) -> 0 | ... AF26: =SUM(P74:P77) -> 16
B27: 11.15 - 11.30 | C27: =AVERAGE('26.10.PONDWE-KASESE'!C27,'27.10 PONDWE-KASESE'!C27,'25.10.19 PONDWE-KASESE-24h'!C27) -> 5.3333333 | D27: =AVERAGE('26.10.PONDWE-KASESE'!D27,'27.10 PONDWE-KASESE'!D27,'25.10.19 PONDWE-KASESE-24h'!D27) -> 0.33333333 | E27: =AVERAGE('26.10.PONDWE-KASESE'!E27,'27.10 PONDWE-KASESE'!E27,'25.10.19 PONDWE-KASESE-24h'!E27) -> 0 | F27: =AVERAGE('26.10.PONDWE-KASESE'!F27,'27.10 PONDWE-KASESE'!F27,'25.10.19 PONDWE-KASESE-24h'!F27) -> 0.33333333 | G27: =AVERAGE('26.10.PONDWE-KASESE'!G27,'27.10 PONDWE-KASESE'!G27,'25.10.19 PONDWE-KASESE-24h'!G27) -> 0 | H27: =AVERAGE('26.10.PONDWE-KASESE'!H27,'27.10 PONDWE-KASESE'!H27,'25.10.19 PONDWE-KASESE-24h'!H27) -> 0.33333333 | I27: =AVERAGE('26.10.PONDWE-KASESE'!I27,'27.10 PONDWE-KASESE'!I27,'25.10.19 PONDWE-KASESE-24h'!I27) -> 1.3333333 | J27: =AVERAGE('26.10.PONDWE-KASESE'!J27,'27.10 PONDWE-KASESE'!J27,'25.10.19 PONDWE-KASESE-24h'!J27) -> 0 | ... N27: =AVERAGE('26.10.PONDWE-KASESE'!N27,'27.10 PONDWE-KASESE'!N27,'25.10.19 PONDWE-KASESE-24h'!N27) -> 0 | O27: =SUM(C27:L27,N27) -> 8.3333333 | P27: =SUM(C27:N27) -> 100.33333 | R27: 0000-0100 | S27: =SUM(C78:C81) -> 1 | T27: =SUM(D78:D81) -> 1 | U27: =SUM(E78:E81) -> 0 | V27: =SUM(F78:F81) -> 0 | W27: =SUM(G78:G81) -> 0 | X27: =SUM(H78:H81) -> 0 | Y27: =SUM(I78:I81) -> 0 | Z27: =SUM(J78:J81) -> 0 | ... AF27: =SUM(P78:P81) -> 16
B28: 11.30 - 11.45 | C28: =AVERAGE('26.10.PONDWE-KASESE'!C28,'27.10 PONDWE-KASESE'!C28,'25.10.19 PONDWE-KASESE-24h'!C28) -> 10.333333 | D28: =AVERAGE('26.10.PONDWE-KASESE'!D28,'27.10 PONDWE-KASESE'!D28,'25.10.19 PONDWE-KASESE-24h'!D28) -> 0 | E28: =AVERAGE('26.10.PONDWE-KASESE'!E28,'27.10 PONDWE-KASESE'!E28,'25.10.19 PONDWE-KASESE-24h'!E28) -> 1.3333333 | F28: =AVERAGE('26.10.PONDWE-KASESE'!F28,'27.10 PONDWE-KASESE'!F28,'25.10.19 PONDWE-KASESE-24h'!F28) -> 0 | G28: =AVERAGE('26.10.PONDWE-KASESE'!G28,'27.10 PONDWE-KASESE'!G28,'25.10.19 PONDWE-KASESE-24h'!G28) -> 0 | H28: =AVERAGE('26.10.PONDWE-KASESE'!H28,'27.10 PONDWE-KASESE'!H28,'25.10.19 PONDWE-KASESE-24h'!H28) -> 0.66666667 | I28: =AVERAGE('26.10.PONDWE-KASESE'!I28,'27.10 PONDWE-KASESE'!I28,'25.10.19 PONDWE-KASESE-24h'!I28) -> 0.66666667 | J28: =AVERAGE('26.10.PONDWE-KASESE'!J28,'27.10 PONDWE-KASESE'!J28,'25.10.19 PONDWE-KASESE-24h'!J28) -> 0.33333333 | ... N28: =AVERAGE('26.10.PONDWE-KASESE'!N28,'27.10 PONDWE-KASESE'!N28,'25.10.19 PONDWE-KASESE-24h'!N28) -> 0 | O28: =SUM(C28:L28,N28) -> 14.666667 | P28: =SUM(C28:N28) -> 89.666667 | R28: 0100-0200 | S28: =SUM(C82:C85) -> 1 | T28: =SUM(D82:D85) -> 0 | U28: =SUM(E82:E85) -> 0 | V28: =SUM(F82:F85) -> 0 | W28: =SUM(G82:G85) -> 0 | X28: =SUM(H82:H85) -> 0 | Y28: =SUM(I82:I85) -> 0 | Z28: =SUM(J82:J85) -> 0 | ... AF28: =SUM(P82:P85) -> 8
B29: 11.45 - 12.00 | C29: =AVERAGE('26.10.PONDWE-KASESE'!C29,'27.10 PONDWE-KASESE'!C29,'25.10.19 PONDWE-KASESE-24h'!C29) -> 7 | D29: =AVERAGE('26.10.PONDWE-KASESE'!D29,'27.10 PONDWE-KASESE'!D29,'25.10.19 PONDWE-KASESE-24h'!D29) -> 0 | E29: =AVERAGE('26.10.PONDWE-KASESE'!E29,'27.10 PONDWE-KASESE'!E29,'25.10.19 PONDWE-KASESE-24h'!E29) -> 0.33333333 | F29: =AVERAGE('26.10.PONDWE-KASESE'!F29,'27.10 PONDWE-KASESE'!F29,'25.10.19 PONDWE-KASESE-24h'!F29) -> 0 | G29: =AVERAGE('26.10.PONDWE-KASESE'!G29,'27.10 PONDWE-KASESE'!G29,'25.10.19 PONDWE-KASESE-24h'!G29) -> 0 | H29: =AVERAGE('26.10.PONDWE-KASESE'!H29,'27.10 PONDWE-KASESE'!H29,'25.10.19 PONDWE-KASESE-24h'!H29) -> 0 | I29: =AVERAGE('26.10.PONDWE-KASESE'!I29,'27.10 PONDWE-KASESE'!I29,'25.10.19 PONDWE-KASESE-24h'!I29) -> 1.3333333 | J29: =AVERAGE('26.10.PONDWE-KASESE'!J29,'27.10 PONDWE-KASESE'!J29,'25.10.19 PONDWE-KASESE-24h'!J29) -> 0 | ... N29: =AVERAGE('26.10.PONDWE-KASESE'!N29,'27.10 PONDWE-KASESE'!N29,'25.10.19 PONDWE-KASESE-24h'!N29) -> 0 | O29: =SUM(C29:L29,N29) -> 8.6666667 | P29: =SUM(C29:N29) -> 55.666667 | R29: 0200-0300 | S29: =SUM(C86:C89) -> 2 | T29: =SUM(D86:D89) -> 1 | U29: =SUM(E86:E89) -> 0 | V29: =SUM(F86:F89) -> 0 | W29: =SUM(G86:G89) -> 0 | X29: =SUM(H86:H89) -> 0 | Y29: =SUM(I86:I89) -> 0 | Z29: =SUM(J86:J89) -> 0 | ... AF29: =SUM(P86:P89) -> 10
B30: 12.00 - 12.15 | C30: =AVERAGE('26.10.PONDWE-KASESE'!C30,'27.10 PONDWE-KASESE'!C30,'25.10.19 PONDWE-KASESE-24h'!C30) -> 6.3333333 | D30: =AVERAGE('26.10.PONDWE-KASESE'!D30,'27.10 PONDWE-KASESE'!D30,'25.10.19 PONDWE-KASESE-24h'!D30) -> 0 | E30: =AVERAGE('26.10.PONDWE-KASESE'!E30,'27.10 PONDWE-KASESE'!E30,'25.10.19 PONDWE-KASESE-24h'!E30) -> 0 | F30: =AVERAGE('26.10.PONDWE-KASESE'!F30,'27.10 PONDWE-KASESE'!F30,'25.10.19 PONDWE-KASESE-24h'!F30) -> 0.33333333 | G30: =AVERAGE('26.10.PONDWE-KASESE'!G30,'27.10 PONDWE-KASESE'!G30,'25.10.19 PONDWE-KASESE-24h'!G30) -> 0.33333333 | H30: =AVERAGE('26.10.PONDWE-KASESE'!H30,'27.10 PONDWE-KASESE'!H30,'25.10.19 PONDWE-KASESE-24h'!H30) -> 0 | I30: =AVERAGE('26.10.PONDWE-KASESE'!I30,'27.10 PONDWE-KASESE'!I30,'25.10.19 PONDWE-KASESE-24h'!I30) -> 1 | J30: =AVERAGE('26.10.PONDWE-KASESE'!J30,'27.10 PONDWE-KASESE'!J30,'25.10.19 PONDWE-KASESE-24h'!J30) -> 0.66666667 | ... N30: =AVERAGE('26.10.PONDWE-KASESE'!N30,'27.10 PONDWE-KASESE'!N30,'25.10.19 PONDWE-KASESE-24h'!N30) -> 0 | O30: =SUM(C30:L30,N30) -> 8.6666667 | P30: =SUM(C30:N30) -> 57.333333 | R30: 0300-0400 | S30: =SUM(C90:C93) -> 1 | T30: =SUM(D90:D93) -> 0 | U30: =SUM(E90:E93) -> 0 | V30: =SUM(F90:F93) -> 0 | W30: =SUM(G90:G93) -> 0 | X30: =SUM(H90:H93) -> 0 | Y30: =SUM(I90:I93) -> 0 | Z30: =SUM(J90:J93) -> 0 | ... AF30: =SUM(P90:P93) -> 35
B31: 12.15 - 12.30 | C31: =AVERAGE('26.10.PONDWE-KASESE'!C31,'27.10 PONDWE-KASESE'!C31,'25.10.19 PONDWE-KASESE-24h'!C31) -> 4 | D31: =AVERAGE('26.10.PONDWE-KASESE'!D31,'27.10 PONDWE-KASESE'!D31,'25.10.19 PONDWE-KASESE-24h'!D31) -> 0.66666667 | E31: =AVERAGE('26.10.PONDWE-KASESE'!E31,'27.10 PONDWE-KASESE'!E31,'25.10.19 PONDWE-KASESE-24h'!E31) -> 1 | F31: =AVERAGE('26.10.PONDWE-KASESE'!F31,'27.10 PONDWE-KASESE'!F31,'25.10.19 PONDWE-KASESE-24h'!F31) -> 0 | G31: =AVERAGE('26.10.PONDWE-KASESE'!G31,'27.10 PONDWE-KASESE'!G31,'25.10.19 PONDWE-KASESE-24h'!G31) -> 0 | H31: =AVERAGE('26.10.PONDWE-KASESE'!H31,'27.10 PONDWE-KASESE'!H31,'25.10.19 PONDWE-KASESE-24h'!H31) -> 0.66666667 | I31: =AVERAGE('26.10.PONDWE-KASESE'!I31,'27.10 PONDWE-KASESE'!I31,'25.10.19 PONDWE-KASESE-24h'!I31) -> 1 | J31: =AVERAGE('26.10.PONDWE-KASESE'!J31,'27.10 PONDWE-KASESE'!J31,'25.10.19 PONDWE-KASESE-24h'!J31) -> 1 | ... N31: =AVERAGE('26.10.PONDWE-KASESE'!N31,'27.10 PONDWE-KASESE'!N31,'25.10.19 PONDWE-KASESE-24h'!N31) -> 0 | O31: =SUM(C31:L31,N31) -> 8.6666667 | P31: =SUM(C31:N31) -> 73.333333 | R31: 0400-0500 | S31: =SUM(C94:C97) -> 1 | T31: =SUM(D94:D97) -> 0 | U31: =SUM(E94:E97) -> 1 | V31: =SUM(F94:F97) -> 0 | W31: =SUM(G94:G97) -> 0 | X31: =SUM(H94:H97) -> 0 | Y31: =SUM(I94:I97) -> 0 | Z31: =SUM(J94:J97) -> 0 | ... AF31: =SUM(P94:P97) -> 10
B32: 12.30 - 12.45 | C32: =AVERAGE('26.10.PONDWE-KASESE'!C32,'27.10 PONDWE-KASESE'!C32,'25.10.19 PONDWE-KASESE-24h'!C32) -> 7 | D32: =AVERAGE('26.10.PONDWE-KASESE'!D32,'27.10 PONDWE-KASESE'!D32,'25.10.19 PONDWE-KASESE-24h'!D32) -> 0.33333333 | E32: =AVERAGE('26.10.PONDWE-KASESE'!E32,'27.10 PONDWE-KASESE'!E32,'25.10.19 PONDWE-KASESE-24h'!E32) -> 0.66666667 | F32: =AVERAGE('26.10.PONDWE-KASESE'!F32,'27.10 PONDWE-KASESE'!F32,'25.10.19 PONDWE-KASESE-24h'!F32) -> 0 | G32: =AVERAGE('26.10.PONDWE-KASESE'!G32,'27.10 PONDWE-KASESE'!G32,'25.10.19 PONDWE-KASESE-24h'!G32) -> 0 | H32: =AVERAGE('26.10.PONDWE-KASESE'!H32,'27.10 PONDWE-KASESE'!H32,'25.10.19 PONDWE-KASESE-24h'!H32) -> 0 | I32: =AVERAGE('26.10.PONDWE-KASESE'!I32,'27.10 PONDWE-KASESE'!I32,'25.10.19 PONDWE-KASESE-24h'!I32) -> 1 | J32: =AVERAGE('26.10.PONDWE-KASESE'!J32,'27.10 PONDWE-KASESE'!J32,'25.10.19 PONDWE-KASESE-24h'!J32) -> 1 | ... N32: =AVERAGE('26.10.PONDWE-KASESE'!N32,'27.10 PONDWE-KASESE'!N32,'25.10.19 PONDWE-KASESE-24h'!N32) -> 0 | O32: =SUM(C32:L32,N32) -> 10 | P32: =SUM(C32:N32) -> 67.333333 | R32: 0500-0600 | S32: =SUM(C98:C101) -> 9 | T32: =SUM(D98:D101) -> 0 | U32: =SUM(E98:E101) -> 1 | V32: =SUM(F98:F101) -> 1 | W32: =SUM(G98:G101) -> 0 | X32: =SUM(H98:H101) -> 0 | Y32: =SUM(I98:I101) -> 0 | Z32: =SUM(J98:J101) -> 0 | ... AF32: =SUM(P98:P101) -> 34
B33: 12.45 - 13.00 | C33: =AVERAGE('26.10.PONDWE-KASESE'!C33,'27.10 PONDWE-KASESE'!C33,'25.10.19 PONDWE-KASESE-24h'!C33) -> 6.3333333 | D33: =AVERAGE('26.10.PONDWE-KASESE'!D33,'27.10 PONDWE-KASESE'!D33,'25.10.19 PONDWE-KASESE-24h'!D33) -> 0.66666667 | E33: =AVERAGE('26.10.PONDWE-KASESE'!E33,'27.10 PONDWE-KASESE'!E33,'25.10.19 PONDWE-KASESE-24h'!E33) -> 0.33333333 | F33: =AVERAGE('26.10.PONDWE-KASESE'!F33,'27.10 PONDWE-KASESE'!F33,'25.10.19 PONDWE-KASESE-24h'!F33) -> 0 | G33: =AVERAGE('26.10.PONDWE-KASESE'!G33,'27.10 PONDWE-KASESE'!G33,'25.10.19 PONDWE-KASESE-24h'!G33) -> 0 | H33: =AVERAGE('26.10.PONDWE-KASESE'!H33,'27.10 PONDWE-KASESE'!H33,'25.10.19 PONDWE-KASESE-24h'!H33) -> 0 | I33: =AVERAGE('26.10.PONDWE-KASESE'!I33,'27.10 PONDWE-KASESE'!I33,'25.10.19 PONDWE-KASESE-24h'!I33) -> 0 | J33: =AVERAGE('26.10.PONDWE-KASESE'!J33,'27.10 PONDWE-KASESE'!J33,'25.10.19 PONDWE-KASESE-24h'!J33) -> 0.33333333 | ... N33: =AVERAGE('26.10.PONDWE-KASESE'!N33,'27.10 PONDWE-KASESE'!N33,'25.10.19 PONDWE-KASESE-24h'!N33) -> 0 | O33: =SUM(C33:L33,N33) -> 8.3333333 | P33: =SUM(C33:N33) -> 63.666667 | R33: 0600-0700 | S33: =SUM(C102:C105) -> 7 | T33: =SUM(D102:D105) -> 1 | U33: =SUM(E102:E105) -> 0 | V33: =SUM(F102:F105) -> 0 | W33: =SUM(G102:G105) -> 0 | X33: =SUM(H102:H105) -> 0 | Y33: =SUM(I102:I105) -> 2 | Z33: =SUM(J102:J105) -> 0 | ... AF33: =SUM(P102:P105) -> 30
B34: 13.00 - 13.15 | C34: =AVERAGE('26.10.PONDWE-KASESE'!C34,'27.10 PONDWE-KASESE'!C34,'25.10.19 PONDWE-KASESE-24h'!C34) -> 5.3333333 | D34: =AVERAGE('26.10.PONDWE-KASESE'!D34,'27.10 PONDWE-KASESE'!D34,'25.10.19 PONDWE-KASESE-24h'!D34) -> 1 | E34: =AVERAGE('26.10.PONDWE-KASESE'!E34,'27.10 PONDWE-KASESE'!E34,'25.10.19 PONDWE-KASESE-24h'!E34) -> 0.66666667 | F34: =AVERAGE('26.10.PONDWE-KASESE'!F34,'27.10 PONDWE-KASESE'!F34,'25.10.19 PONDWE-KASESE-24h'!F34) -> 0 | G34: =AVERAGE('26.10.PONDWE-KASESE'!G34,'27.10 PONDWE-KASESE'!G34,'25.10.19 PONDWE-KASESE-24h'!G34) -> 0 | H34: =AVERAGE('26.10.PONDWE-KASESE'!H34,'27.10 PONDWE-KASESE'!H34,'25.10.19 PONDWE-KASESE-24h'!H34) -> 1 | I34: =AVERAGE('26.10.PONDWE-KASESE'!I34,'27.10 PONDWE-KASESE'!I34,'25.10.19 PONDWE-KASESE-24h'!I34) -> 1.6666667 | J34: =AVERAGE('26.10.PONDWE-KASESE'!J34,'27.10 PONDWE-KASESE'!J34,'25.10.19 PONDWE-KASESE-24h'!J34) -> 0.66666667 | ... N34: =AVERAGE('26.10.PONDWE-KASESE'!N34,'27.10 PONDWE-KASESE'!N34,'25.10.19 PONDWE-KASESE-24h'!N34) -> 0 | O34: =SUM(C34:L34,N34) -> 11 | P34: =SUM(C34:N34) -> 67.333333 | R34: AM Peak Hr | S34: =MAX(S10:S12) -> 14.666667 | T34: =MAX(T10:T12) -> 0.66666667 | U34: =MAX(U10:U12) -> 2 | V34: =MAX(V10:V12) -> 1 | W34: =MAX(W10:W12) -> 0.33333333 | X34: =MAX(X10:X12) -> 1.6666667 | Y34: =MAX(Y10:Y12) -> 2.6666667 | Z34: =MAX(Z10:Z12) -> 1.6666667 | ... AF34: =MAX(AF10:AF12) -> 228
B35: 13.15 - 13.30 | C35: =AVERAGE('26.10.PONDWE-KASESE'!C35,'27.10 PONDWE-KASESE'!C35,'25.10.19 PONDWE-KASESE-24h'!C35) -> 7.6666667 | D35: =AVERAGE('26.10.PONDWE-KASESE'!D35,'27.10 PONDWE-KASESE'!D35,'25.10.19 PONDWE-KASESE-24h'!D35) -> 1 | E35: =AVERAGE('26.10.PONDWE-KASESE'!E35,'27.10 PONDWE-KASESE'!E35,'25.10.19 PONDWE-KASESE-24h'!E35) -> 0.33333333 | F35: =AVERAGE('26.10.PONDWE-KASESE'!F35,'27.10 PONDWE-KASESE'!F35,'25.10.19 PONDWE-KASESE-24h'!F35) -> 0 | G35: =AVERAGE('26.10.PONDWE-KASESE'!G35,'27.10 PONDWE-KASESE'!G35,'25.10.19 PONDWE-KASESE-24h'!G35) -> 0 | H35: =AVERAGE('26.10.PONDWE-KASESE'!H35,'27.10 PONDWE-KASESE'!H35,'25.10.19 PONDWE-KASESE-24h'!H35) -> 0 | I35: =AVERAGE('26.10.PONDWE-KASESE'!I35,'27.10 PONDWE-KASESE'!I35,'25.10.19 PONDWE-KASESE-24h'!I35) -> 0.66666667 | J35: =AVERAGE('26.10.PONDWE-KASESE'!J35,'27.10 PONDWE-KASESE'!J35,'25.10.19 PONDWE-KASESE-24h'!J35) -> 0.33333333 | ... N35: =AVERAGE('26.10.PONDWE-KASESE'!N35,'27.10 PONDWE-KASESE'!N35,'25.10.19 PONDWE-KASESE-24h'!N35) -> 0 | O35: =SUM(C35:L35,N35) -> 10.333333 | P35: =SUM(C35:N35) -> 83 | R35: IP Peak Hr | S35: =MAX(S13:S18) -> 27.666667 | T35: =MAX(T13:T18) -> 3 | U35: =MAX(U13:U18) -> 2 | V35: =MAX(V13:V18) -> 4 | W35: =MAX(W13:W18) -> 0.33333333 | X35: =MAX(X13:X18) -> 1.3333333 | Y35: =MAX(Y13:Y18) -> 5 | Z35: =MAX(Z13:Z18) -> 3 | ... AF35: =MAX(AF13:AF18) -> 340.66667
B36: 13.30 - 13.45 | C36: =AVERAGE('26.10.PONDWE-KASESE'!C36,'27.10 PONDWE-KASESE'!C36,'25.10.19 PONDWE-KASESE-24h'!C36) -> 7.3333333 | D36: =AVERAGE('26.10.PONDWE-KASESE'!D36,'27.10 PONDWE-KASESE'!D36,'25.10.19 PONDWE-KASESE-24h'!D36) -> 0.66666667 | E36: =AVERAGE('26.10.PONDWE-KASESE'!E36,'27.10 PONDWE-KASESE'!E36,'25.10.19 PONDWE-KASESE-24h'!E36) -> 0.33333333 | F36: =AVERAGE('26.10.PONDWE-KASESE'!F36,'27.10 PONDWE-KASESE'!F36,'25.10.19 PONDWE-KASESE-24h'!F36) -> 0.66666667 | G36: =AVERAGE('26.10.PONDWE-KASESE'!G36,'27.10 PONDWE-KASESE'!G36,'25.10.19 PONDWE-KASESE-24h'!G36) -> 0 | H36: =AVERAGE('26.10.PONDWE-KASESE'!H36,'27.10 PONDWE-KASESE'!H36,'25.10.19 PONDWE-KASESE-24h'!H36) -> 0 | I36: =AVERAGE('26.10.PONDWE-KASESE'!I36,'27.10 PONDWE-KASESE'!I36,'25.10.19 PONDWE-KASESE-24h'!I36) -> 0.66666667 | J36: =AVERAGE('26.10.PONDWE-KASESE'!J36,'27.10 PONDWE-KASESE'!J36,'25.10.19 PONDWE-KASESE-24h'!J36) -> 1.3333333 | ... N36: =AVERAGE('26.10.PONDWE-KASESE'!N36,'27.10 PONDWE-KASESE'!N36,'25.10.19 PONDWE-KASESE-24h'!N36) -> 0 | O36: =SUM(C36:L36,N36) -> 12.333333 | P36: =SUM(C36:N36) -> 88.666667 | R36: PM Peak Hr | S36: =MAX(S19:S21) -> 36.333333 | T36: =MAX(T19:T21) -> 2.3333333 | U36: =MAX(U19:U21) -> 2 | V36: =MAX(V19:V21) -> 3 | W36: =MAX(W19:W21) -> 0 | X36: =MAX(X19:X21) -> 0.66666667 | Y36: =MAX(Y19:Y21) -> 5.6666667 | Z36: =MAX(Z19:Z21) -> 3.3333333 | ... AF36: =MAX(AF19:AF21) -> 393.66667
B37: 13.45 - 14.00 | C37: =AVERAGE('26.10.PONDWE-KASESE'!C37,'27.10 PONDWE-KASESE'!C37,'25.10.19 PONDWE-KASESE-24h'!C37) -> 7 | D37: =AVERAGE('26.10.PONDWE-KASESE'!D37,'27.10 PONDWE-KASESE'!D37,'25.10.19 PONDWE-KASESE-24h'!D37) -> 0.33333333 | E37: =AVERAGE('26.10.PONDWE-KASESE'!E37,'27.10 PONDWE-KASESE'!E37,'25.10.19 PONDWE-KASESE-24h'!E37) -> 0.33333333 | F37: =AVERAGE('26.10.PONDWE-KASESE'!F37,'27.10 PONDWE-KASESE'!F37,'25.10.19 PONDWE-KASESE-24h'!F37) -> 0.33333333 | G37: =AVERAGE('26.10.PONDWE-KASESE'!G37,'27.10 PONDWE-KASESE'!G37,'25.10.19 PONDWE-KASESE-24h'!G37) -> 0 | H37: =AVERAGE('26.10.PONDWE-KASESE'!H37,'27.10 PONDWE-KASESE'!H37,'25.10.19 PONDWE-KASESE-24h'!H37) -> 0 | I37: =AVERAGE('26.10.PONDWE-KASESE'!I37,'27.10 PONDWE-KASESE'!I37,'25.10.19 PONDWE-KASESE-24h'!I37) -> 0.33333333 | J37: =AVERAGE('26.10.PONDWE-KASESE'!J37,'27.10 PONDWE-KASESE'!J37,'25.10.19 PONDWE-KASESE-24h'!J37) -> 0.66666667 | ... N37: =AVERAGE('26.10.PONDWE-KASESE'!N37,'27.10 PONDWE-KASESE'!N37,'25.10.19 PONDWE-KASESE-24h'!N37) -> 0 | O37: =SUM(C37:L37,N37) -> 9 | P37: =SUM(C37:N37) -> 73.333333 | R37: AM Period | S37: =SUM(S10:S12) -> 38 | T37: =SUM(T10:T12) -> 1.3333333 | U37: =SUM(U10:U12) -> 2.6666667 | V37: =SUM(V10:V12) -> 2 | W37: =SUM(W10:W12) -> 0.33333333 | X37: =SUM(X10:X12) -> 3.6666667 | Y37: =SUM(Y10:Y12) -> 5 | Z37: =SUM(Z10:Z12) -> 2.6666667 | ... AF37: =SUM(AF10:AF12) -> 662.66667
