Workbook
Name Veh_Type: 'PT-19'!$C$10:$C$39
Name zones: #REF!
Name zones: #REF!
Name Zones_Ndeke: #REF!
Name Zones_Ndeke: #REF!

Sheet PT-19
B1: Consultancy services for Preparation of Expressway Development Master Plan (EDMP) for Uganda
B2: Public Transport/Bus Surveys
B4: Date: | D4: 01.08.19 | G4: Location | J4: Coded By: | N4: Chkd By: | O4: Bakole. D.M
B5: Enumerator: | G5: Supervisor:
B7: Time | C7: Veh_Type | D7: Type of Veh. | E7: Veh_Reg_No. | F7: IN / OUT | G7: Origin_Address | J7: Destination_Address | M7: No. Passengers | N7: Cost of Trip (UGX) | O7: Approx_Journey Time (Hrs)
G8: Town | H8: District | I8: Country | J8: Town | K8: District | L8: Journey_Desc
B9: 43703
B10: 0.375 | C10: 6 | D10: =IF(C10="", "",VLOOKUP(C10,Key!$A$5:$B$7,2,FALSE)) -> Large Bus | F10: OUT | G10: KITGUM | H10: KITGUM | J10: KAMPALA | K10: KAMPALA | L10: =H10&"-"&K10 -> KITGUM-KAMPALA | M10: 50 | N10: 30000 | O10: 6.5
B11: 0.41666667 | C11: 6 | D11: =IF(C11="", "",VLOOKUP(C11,Key!$A$5:$B$7,2,FALSE)) -> Large Bus | F11: OUT | G11: KITGUM | H11: KITGUM | J11: KAMPALA | K11: KAMPALA | L11: =H11&"-"&K11 -> KITGUM-KAMPALA | M11: 46 | N11: 30000 | O11: 6.5
B12: 0.4375 | C12: 6 | D12: =IF(C12="", "",VLOOKUP(C12,Key!$A$5:$B$7,2,FALSE)) -> Large Bus | F12: OUT | G12: KITGUM | H12: KITGUM | J12: KAMPALA | K12: KAMPALA | L12: =H12&"-"&K12 -> KITGUM-KAMPALA | M12: 46 | N12: 30000 | O12: 6.5
B13: 0.47916667 | C13: 6 | D13: =IF(C13="", "",VLOOKUP(C13,Key!$A$5:$B$7,2,FALSE)) -> Large Bus | F13: OUT | G13: KITGUM | H13: KITGUM | J13: KAMPALA | K13: KAMPALA | L13: =H13&"-"&K13 -> KITGUM-KAMPALA | M13: 37 | N13: 30000 | O13: 6.5
B14: 0.50208333 | C14: 6 | D14: =IF(C14="", "",VLOOKUP(C14,Key!$A$5:$B$7,2,FALSE)) -> Large Bus | F14: OUT | G14: KITGUM | H14: KITGUM | J14: KAMPALA | K14: KAMPALA | L14: =H14&"-"&K14 -> KITGUM-KAMPALA | M14: 45 | N14: 30000 | O14: 6.5
B15: 0.54236111 | C15: 6 | D15: =IF(C15="", "",VLOOKUP(C15,Key!$A$5:$B$7,2,FALSE)) -> Large Bus | F15: OUT | G15: LAMWO | H15: LAMWO | J15: KAMPALA | K15: KAMPALA | L15: =H15&"-"&K15 -> LAMWO-KAMPALA | M15: 40 | N15: 35000 | O15: 7.5
B16: 0.55555556 | C16: 6 | D16: =IF(C16="", "",VLOOKUP(C16,Key!$A$5:$B$7,2,FALSE)) -> Large Bus | F16: OUT | G16: KITGUM | H16: KITGUM | J16: KAMPALA | K16: KAMPALA | L16: =H16&"-"&K16 -> KITGUM-KAMPALA | M16: 49 | N16: 30000 | O16: 6.5
B17: 0.58055556 | C17: 6 | D17: =IF(C17="", "",VLOOKUP(C17,Key!$A$5:$B$7,2,FALSE)) -> Large Bus | F17: IN | G17: KAMPALA | H17: KAMPALA | J17: OROM | K17: KITGUM | L17: =H17&"-"&K17 -> KAMPALA-KITGUM | M17: 30 | N17: 30000 | O17: 6.5
B18: 0.60555556 | C18: 6 | D18: =IF(C18="", "",VLOOKUP(C18,Key!$A$5:$B$7,2,FALSE)) -> Large Bus | F18: IN | G18: KAMPALA | H18: KAMPALA | J18: OROM | K18: KITGUM | L18: =H18&"-"&K18 -> KAMPALA-KITGUM | M18: 30 | N18: 30000 | O18: 6.5
B19: 0.63680556 | C19: 6 | D19: =IF(C19="", "",VLOOKUP(C19,Key!$A$5:$B$7,2,FALSE)) -> Large Bus | F19: OUT | G19: KITGUM | H19: KITGUM | J19: KAMPALA | K19: KAMPALA | L19: =H19&"-"&K19 -> KITGUM-KAMPALA | M19: 15 | N19: 30000 | O19: 6.5
B20: 0.66111111 | C20: 6 | D20: =IF(C20="", "",VLOOKUP(C20,Key!$A$5:$B$7,2,FALSE)) -> Large Bus | F20: IN | G20: KAMPALA | H20: KAMPALA | J20: KITGUM | K20: KITGUM | L20: =H20&"-"&K20 -> KAMPALA-KITGUM | M20: 30 | N20: 30000 | O20: 6.5
B21: 0.71388889 | C21: 6 | D21: =IF(C21="", "",VLOOKUP(C21,Key!$A$5:$B$7,2,FALSE)) -> Large Bus | F21: IN | G21: KAMPALA | H21: KAMPALA | J21: KITGUM | K21: KITGUM | L21: =H21&"-"&K21 -> KAMPALA-KITGUM | M21: 30 | N21: 30000 | O21: 6.5
... B29: 0.91666667 | C29: 6 | D29: =IF(C29="", "",VLOOKUP(C29,Key!$A$5:$B$7,2,FALSE)) -> Large Bus | F29: OUT | G29: KITGUM | H29: KITGUM | J29: KAMPALA | K29: KAMPALA | L29: =H29&"-"&K29 -> KITGUM-KAMPALA | M29: 51 | N29: 30000 | O29: 6.5
B30: 43704 | L30: =H30&"-"&K30 -> -
B31: 0.29166667 | C31: 6 | D31: =IF(C31="", "",VLOOKUP(C31,Key!$A$5:$B$7,2,FALSE)) -> Large Bus | F31: OUT | G31: KITGUM | H31: KITGUM | J31: KAMPALA | K31: KAMPALA | L31: =H31&"-"&K31 -> KITGUM-KAMPALA | M31: 50 | N31: 30000 | O31: 6.5
B32: 0.34722222 | C32: 6 | D32: =IF(C32="", "",VLOOKUP(C32,Key!$A$5:$B$7,2,FALSE)) -> Large Bus | F32: IN | G32: KAMPALA | H32: KAMPALA | J32: KITGUM | K32: KITGUM | L32: =H32&"-"&K32 -> KAMPALA-KITGUM | M32: 40 | N32: 30000 | O32: 6.5
B33: 0.37083333 | C33: 6 | D33: =IF(C33="", "",VLOOKUP(C33,Key!$A$5:$B$7,2,FALSE)) -> Large Bus | F33: OUT | G33: KITGUM | H33: KITGUM | J33: KAMPALA | K33: KAMPALA | L33: =H33&"-"&K33 -> KITGUM-KAMPALA | M33: 46 | N33: 30000 | O33: 6.5
B34: 0.38194444 | C34: 6 | D34: =IF(C34="", "",VLOOKUP(C34,Key!$A$5:$B$7,2,FALSE)) -> Large Bus | F34: OUT | G34: KITGUM | H34: KITGUM | J34: KAMPALA | K34: KAMPALA | L34: =H34&"-"&K34 -> KITGUM-KAMPALA | M34: 35 | N34: 30000 | O34: 6.5
B35: 0.40625 | C35: 6 | D35: =IF(C35="", "",VLOOKUP(C35,Key!$A$5:$B$7,2,FALSE)) -> Large Bus | F35: OUT | G35: KITGUM | H35: KITGUM | J35: KAMPALA | K35: KAMPALA | L35: =H35&"-"&K35 -> KITGUM-KAMPALA | M35: 45 | N35: 30000 | O35: 6.5
B36: 0.45138889 | C36: 6 | D36: =IF(C36="", "",VLOOKUP(C36,Key!$A$5:$B$7,2,FALSE)) -> Large Bus | F36: OUT | G36: KITGUM | H36: KITGUM | J36: KAMPALA | K36: KAMPALA | L36: =H36&"-"&K36 -> KITGUM-KAMPALA | M36: 47 | N36: 30000 | O36: 6.5
B37: 0.45833333 | C37: 6 | D37: =IF(C37="", "",VLOOKUP(C37,Key!$A$5:$B$7,2,FALSE)) -> Large Bus | F37: OUT | G37: KITGUM | H37: KITGUM | J37: KAMPALA | K37: KAMPALA | L37: =H37&"-"&K37 -> KITGUM-KAMPALA | M37: 40 | N37: 30000 | O37: 6.5
B38: 0.47986111 | C38: 6 | D38: =IF(C38="", "",VLOOKUP(C38,Key!$A$5:$B$7,2,FALSE)) -> Large Bus | F38: OUT | G38: KITGUM | H38: KITGUM | J38: KAMPALA | K38: KAMPALA | L38: =H38&"-"&K38 -> KITGUM-KAMPALA | M38: 35 | N38: 30000 | O38: 6.5
B39: 0.4875 | C39: 6 | D39: =IF(C39="", "",VLOOKUP(C39,Key!$A$5:$B$7,2,FALSE)) -> Large Bus | F39: OUT | G39: KITGUM | H39: KITGUM | J39: KAMPALA | K39: KAMPALA | L39: =H39&"-"&K39 -> KITGUM-KAMPALA | M39: 57 | N39: 30000 | O39: 6.5
B40: 0.55208333 | C40: 6 | D40: =IF(C40="", "",VLOOKUP(C40,Key!$A$5:$B$7,2,FALSE)) -> Large Bus | F40: OUT | G40: PALOGA | H40: KITGUM | J40: KAMPALA | K40: KAMPALA | L40: =H40&"-"&K40 -> KITGUM-KAMPALA | M40: 57 | N40: 30000 | O40: 6.5
B41: 0.57361111 | C41: 6 | D41: =IF(C41="", "",VLOOKUP(C41,Key!$A$5:$B$7,2,FALSE)) -> Large Bus | F41: OUT | G41: KITGUM | H41: KITGUM | J41: KAMPALA | K41: KAMPALA | L41: =H41&"-"&K41 -> KITGUM-KAMPALA | M41: 59 | N41: 30000 | O41: 6.5
B42: 0.66736111 | C42: 6 | D42: =IF(C42="", "",VLOOKUP(C42,Key!$A$5:$B$7,2,FALSE)) -> Large Bus | F42: IN | G42: KAMPALA | H42: KAMPALA | J42: OROM | K42: KITGUM | L42: =H42&"-"&K42 -> KAMPALA-KITGUM | M42: 40 | N42: 30000 | O42: 6.5
... B51: 0.91666667 | C51: 6 | D51: =IF(C51="", "",VLOOKUP(C51,Key!$A$5:$B$7,2,FALSE)) -> Large Bus | F51: OUT | G51: OROM | H51: KITGUM | J51: KAMPALA | K51: KAMPALA | L51: =H51&"-"&K51 -> KITGUM-KAMPALA | M51: 40 | N51: 30000 | O51: 6.5
B52: 43705 | L52: =H52&"-"&K52 -> -
B53: 0.32152778 | C53: 6 | D53: =IF(C53="", "",VLOOKUP(C53,Key!$A$5:$B$7,2,FALSE)) -> Large Bus | F53: OUT | G53: OROM | H53: KITGUM | J53: KAMPALA | K53: KAMPALA | L53: =H53&"-"&K53 -> KITGUM-KAMPALA | M53: 57 | N53: 30000 | O53: 6.5
B54: 0.32847222 | C54: 6 | D54: =IF(C54="", "",VLOOKUP(C54,Key!$A$5:$B$7,2,FALSE)) -> Large Bus | F54: OUT | G54: OROM | H54: KITGUM | J54: KAMPALA | K54: KAMPALA | L54: =H54&"-"&K54 -> KITGUM-KAMPALA | M54: 57 | N54: 30000 | O54: 6.5
B55: 0.34513889 | C55: 6 | D55: =IF(C55="", "",VLOOKUP(C55,Key!$A$5:$B$7,2,FALSE)) -> Large Bus | F55: OUT | G55: OROM | H55: KITGUM | J55: KAMPALA | K55: KAMPALA | L55: =H55&"-"&K55 -> KITGUM-KAMPALA | M55: 41 | N55: 30000 | O55: 6.5
B56: 0.35555556 | C56: 6 | D56: =IF(C56="", "",VLOOKUP(C56,Key!$A$5:$B$7,2,FALSE)) -> Large Bus | F56: OUT | G56: OROM | H56: KITGUM | J56: KAMPALA | K56: KAMPALA | L56: =H56&"-"&K56 -> KITGUM-KAMPALA | M56: 41 | N56: 30000 | O56: 6.5
B57: 0.35972222 | C57: 6 | D57: =IF(C57="", "",VLOOKUP(C57,Key!$A$5:$B$7,2,FALSE)) -> Large Bus | F57: OUT | G57: LAMWO | H57: LAMWO | J57: KAMPALA | K57: KAMPALA | L57: =H57&"-"&K57 -> LAMWO-KAMPALA | M57: 7 | N57: 35000 | O57: 7.5
B58: 0.36597222 | C58: 6 | D58: =IF(C58="", "",VLOOKUP(C58,Key!$A$5:$B$7,2,FALSE)) -> Large Bus | F58: OUT | G58: LAMWO | H58: LAMWO | J58: KAMPALA | K58: KAMPALA | L58: =H58&"-"&K58 -> LAMWO-KAMPALA | M58: 7 | N58: 35000 | O58: 7.5
B59: 0.39444444 | C59: 6 | D59: =IF(C59="", "",VLOOKUP(C59,Key!$A$5:$B$7,2,FALSE)) -> Large Bus | F59: OUT | G59: LAMWO | H59: LAMWO | J59: KAMPALA | K59: KAMPALA | L59: =H59&"-"&K59 -> LAMWO-KAMPALA | M59: 47 | N59: 35000 | O59: 7.5
B60: 0.4375 | C60: 6 | D60: =IF(C60="", "",VLOOKUP(C60,Key!$A$5:$B$7,2,FALSE)) -> Large Bus | F60: OUT | G60: LAMWO | H60: LAMWO | J60: KAMPALA | K60: KAMPALA | L60: =H60&"-"&K60 -> LAMWO-KAMPALA | M60: 47 | N60: 35000 | O60: 7.5
B61: 0.46527778 | C61: 6 | D61: =IF(C61="", "",VLOOKUP(C61,Key!$A$5:$B$7,2,FALSE)) -> Large Bus | F61: OUT | G61: KITGUM | H61: KITGUM | J61: KAMPALA | K61: KAMPALA | L61: =H61&"-"&K61 -> KITGUM-KAMPALA | M61: 41 | N61: 30000 | O61: 6.5
B62: 0.56041667 | C62: 6 | D62: =IF(C62="", "",VLOOKUP(C62,Key!$A$5:$B$7,2,FALSE)) -> Large Bus | F62: OUT | G62: PARABEK | H62: KITGUM | J62: KAMPALA | K62: KAMPALA | L62: =H62&"-"&K62 -> KITGUM-KAMPALA | M62: 41 | N62: 30000 | O62: 6.5
B63: 0.57430556 | C63: 6 | D63: =IF(C63="", "",VLOOKUP(C63,Key!$A$5:$B$7,2,FALSE)) -> Large Bus | F63: OUT | G63: PARABEK | H63: KITGUM | J63: KAMPALA | K63: KAMPALA | L63: =H63&"-"&K63 -> KITGUM-KAMPALA | M63: 41 | N63: 30000 | O63: 6.5
B64: 0.61180556 | C64: 6 | D64: =IF(C64="", "",VLOOKUP(C64,Key!$A$5:$B$7,2,FALSE)) -> Large Bus | F64: IN | G64: KAMPALA | H64: KAMPALA | J64: OROM | K64: KITGUM | L64: =H64&"-"&K64 -> KAMPALA-KITGUM | M64: 40 | N64: 30000 | O64: 6.5
... B73: 0.30208333 | C73: 6 | D73: =IF(C73="", "",VLOOKUP(C73,Key!$A$5:$B$7,2,FALSE)) -> Large Bus | F73: IN | G73: OROM | H73: KITGUM | J73: KAMPALA | K73: KAMPALA | L73: =H73&"-"&K73 -> KITGUM-KAMPALA | M73: 36 | N73: 30000 | O73: 6.5
B74: 43706 | L74: =H74&"-"&K74 -> -
B75: 0.32916667 | C75: 6 | D75: =IF(C75="", "",VLOOKUP(C75,Key!$A$5:$B$7,2,FALSE)) -> Large Bus | F75: OUT | G75: OROM | H75: KITGUM | J75: KAMPALA | K75: KAMPALA | L75: =H75&"-"&K75 -> KITGUM-KAMPALA | M75: 36 | N75: 30000 | O75: 6.5
B76: 0.37291667 | C76: 6 | D76: =IF(C76="", "",VLOOKUP(C76,Key!$A$5:$B$7,2,FALSE)) -> Large Bus | F76: IN | G76: KARENGA | H76: Kaabong | J76: KAMPALA | K76: KAMPALA | L76: =H76&"-"&K76 -> Kaabong-KAMPALA | M76: 45 | N76: 45000 | O76: 9.5
B77: 0.39583333 | C77: 6 | D77: =IF(C77="", "",VLOOKUP(C77,Key!$A$5:$B$7,2,FALSE)) -> Large Bus | F77: IN | G77: LUKANG | H77: KITGUM | J77: KAMPALA | K77: KAMPALA | L77: =H77&"-"&K77 -> KITGUM-KAMPALA | M77: 58 | N77: 30000 | O77: 6.5
B78: 0.47638889 | C78: 6 | D78: =IF(C78="", "",VLOOKUP(C78,Key!$A$5:$B$7,2,FALSE)) -> Large Bus | F78: OUT | G78: KITGUM | H78: KITGUM | J78: KAMPALA | K78: KAMPALA | L78: =H78&"-"&K78 -> KITGUM-KAMPALA | M78: 50 | N78: 30000 | O78: 6.5
B79: 0.47916667 | C79: 6 | D79: =IF(C79="", "",VLOOKUP(C79,Key!$A$5:$B$7,2,FALSE)) -> Large Bus | F79: IN | G79: LAMWO | H79: LAMWO | J79: KAMPALA | K79: KAMPALA | L79: =H79&"-"&K79 -> LAMWO-KAMPALA | M79: 28 | N79: 35000 | O79: 7.5
B80: 0.48958333 | C80: 6 | D80: =IF(C80="", "",VLOOKUP(C80,Key!$A$5:$B$7,2,FALSE)) -> Large Bus | F80: OUT | G80: KARENGA | H80: Kaabong | J80: KAMPALA | K80: KAMPALA | L80: =H80&"-"&K80 -> Kaabong-KAMPALA | M80: 20 | N80: 45000 | O80: 9.5
B81: 0.54166667 | C81: 6 | D81: =IF(C81="", "",VLOOKUP(C81,Key!$A$5:$B$7,2,FALSE)) -> Large Bus | F81: IN | G81: PALODA | H81: KITGUM | J81: KAMPALA | K81: KAMPALA | L81: =H81&"-"&K81 -> KITGUM-KAMPALA | M81: 37 | N81: 30000 | O81: 6.5
B82: 0.63194444 | C82: 6 | D82: =IF(C82="", "",VLOOKUP(C82,Key!$A$5:$B$7,2,FALSE)) -> Large Bus | F82: IN | G82: KAMPALA | H82: KAMPALA | J82: OROM | K82: KITGUM | L82: =H82&"-"&K82 -> KAMPALA-KITGUM | M82: 37 | N82: 30000 | O82: 6.5
B83: 0.6875 | C83: 6 | D83: =IF(C83="", "",VLOOKUP(C83,Key!$A$5:$B$7,2,FALSE)) -> Large Bus | F83: IN | G83: KAMPALA | H83: KAMPALA | J83: KITGUM | K83: KITGUM | L83: =H83&"-"&K83 -> KAMPALA-KITGUM | M83: 37 | N83: 30000 | O83: 6.5
B84: 0.75833333 | C84: 6 | D84: =IF(C84="", "",VLOOKUP(C84,Key!$A$5:$B$7,2,FALSE)) -> Large Bus | F84: IN | G84: PALABEK | H84: KITGUM | J84: KAMPALA | K84: KAMPALA | L84: =H84&"-"&K84 -> KITGUM-KAMPALA | M84: 47 | N84: 30000 | O84: 6.5
B85: 0.77083333 | C85: 6 | D85: =IF(C85="", "",VLOOKUP(C85,Key!$A$5:$B$7,2,FALSE)) -> Large Bus | F85: IN | G85: KAMPALA | H85: KAMPALA | J85: KITGUM | K85: KITGUM | L85: =H85&"-"&K85 -> KAMPALA-KITGUM | M85: 37 | N85: 30000 | O85: 6.5
B86: 0.8 | C86: 6 | D86: =IF(C86="", "",VLOOKUP(C86,Key!$A$5:$B$7,2,FALSE)) -> Large Bus | F86: OUT | G86: KITGUM | H86: KITGUM | J86: KAMPALA | K86: KAMPALA | L86: =H86&"-"&K86 -> KITGUM-KAMPALA | M86: 60 | N86: 30000 | O86: 6.5
... B90: 0.91666667 | C90: 6 | D90: =IF(C90="", "",VLOOKUP(C90,Key!$A$5:$B$7,2,FALSE)) -> Large Bus | F90: OUT | G90: KITGUM | H90: KITGUM | J90: KAMPALA | K90: KAMPALA | L90: =H90&"-"&K90 -> KITGUM-KAMPALA | M90: 46 | N90: 30000 | O90: 6.5
B91: 43707 | L91: =H91&"-"&K91 -> -
B92: 0.29166667 | C92: 6 | D92: =IF(C92="", "",VLOOKUP(C92,Key!$A$5:$B$7,2,FALSE)) -> Large Bus | F92: IN | G92: OROM | H92: KITGUM | J92: KAMPALA | K92: KAMPALA | L92: =H92&"-"&K92 -> KITGUM-KAMPALA | M92: 39 | N92: 30000 | O92: 6.5
B93: 0.3125 | C93: 6 | D93: =IF(C93="", "",VLOOKUP(C93,Key!$A$5:$B$7,2,FALSE)) -> Large Bus | F93: OUT | G93: OROM | H93: KITGUM | J93: KAMPALA | K93: KAMPALA | L93: =H93&"-"&K93 -> KITGUM-KAMPALA | M93: 39 | N93: 30000 | O93: 6.5
B94: 0.35277778 | C94: 6 | D94: =IF(C94="", "",VLOOKUP(C94,Key!$A$5:$B$7,2,FALSE)) -> Large Bus | F94: IN | G94: KARENGA | H94: Kaabong | J94: KAMPALA | K94: KAMPALA | L94: =H94&"-"&K94 -> Kaabong-KAMPALA | M94: 30 | N94: 45000 | O94: 9.5
B95: 0.35972222 | C95: 6 | D95: =IF(C95="", "",VLOOKUP(C95,Key!$A$5:$B$7,2,FALSE)) -> Large Bus | F95: IN | G95: LUKANG | H95: KITGUM | J95: KAMPALA | K95: KAMPALA | L95: =H95&"-"&K95 -> KITGUM-KAMPALA | M95: 50 | N95: 30000 | O95: 6.5
B96: 0.36527778 | C96: 6 | D96: =IF(C96="", "",VLOOKUP(C96,Key!$A$5:$B$7,2,FALSE)) -> Large Bus | F96: OUT | G96: KARENGA | H96: Kaabong | J96: KAMPALA | K96: KAMPALA | L96: =H96&"-"&K96 -> Kaabong-KAMPALA | M96: 30 | N96: 45000 | O96: 9.5
B97: 0.37222222 | C97: 6 | D97: =IF(C97="", "",VLOOKUP(C97,Key!$A$5:$B$7,2,FALSE)) -> Large Bus | F97: OUT | G97: KITGUM | H97: KITGUM | J97: KAMPALA | K97: KAMPALA | L97: =H97&"-"&K97 -> KITGUM-KAMPALA | M97: 59 | N97: 30000 | O97: 6.5
B98: 0.375 | C98: 6 | D98: =IF(C98="", "",VLOOKUP(C98,Key!$A$5:$B$7,2,FALSE)) -> Large Bus | F98: OUT | G98: LUKANG | H98: KITGUM | J98: KAMPALA | K98: KAMPALA | L98: =H98&"-"&K98 -> KITGUM-KAMPALA | M98: 50 | N98: 30000 | O98: 6.5
B99: 0.42569444 | C99: 6 | D99: =IF(C99="", "",VLOOKUP(C99,Key!$A$5:$B$7,2,FALSE)) -> Large Bus | F99: OUT | G99: KITGUM | H99: KITGUM | J99: KAMPALA | K99: KAMPALA | L99: =H99&"-"&K99 -> KITGUM-KAMPALA | M99: 50 | N99: 30000 | O99: 6.5
B100: 0.45833333 | C100: 6 | D100: =IF(C100="", "",VLOOKUP(C100,Key!$A$5:$B$7,2,FALSE)) -> Large Bus | F100: OUT | G100: KITGUM | H100: KITGUM | J100: KARENGA | K100: Kaabong | L100: =H100&"-"&K100 -> KITGUM-Kaabong | M100: 24 | N100: 15000 | O100: 4
B101: 0.47569444 | C101: 6 | D101: =IF(C101="", "",VLOOKUP(C101,Key!$A$5:$B$7,2,FALSE)) -> Large Bus | F101: IN | G101: PARABEK | H101: KITGUM | J101: KAMPALA | K101: KAMPALA | L101: =H101&"-"&K101 -> KITGUM-KAMPALA | M101: 50 | N101: 30000 | O101: 6.5
B102: 0.47708333 | C102: 6 | D102: =IF(C102="", "",VLOOKUP(C102,Key!$A$5:$B$7,2,FALSE)) -> Large Bus | F102: OUT | G102: KITGUM | H102: KITGUM | J102: KAMPALA | K102: KAMPALA | L102: =H102&"-"&K102 -> KITGUM-KAMPALA | M102: 50 | N102: 30000 | O102: 6.5
B103: 0.51180556 | C103: 6 | D103: =IF(C103="", "",VLOOKUP(C103,Key!$A$5:$B$7,2,FALSE)) -> Large Bus | F103: OUT | G103: PARABEK | H103: KITGUM | J103: KAMPALA | K103: KAMPALA | L103: =H103&"-"&K103 -> KITGUM-KAMPALA | M103: 50 | N103: 30000 | O103: 6.5
... B112: 0.875 | C112: 6 | D112: =IF(C112="", "",VLOOKUP(C112,Key!$A$5:$B$7,2,FALSE)) -> Large Bus | F112: OUT | G112: KITGUM | H112: KITGUM | J112: KAMPALA | K112: KAMPALA | L112: =H112&"-"&K112 -> KITGUM-KAMPALA | M112: 60 | N112: 30000 | O112: 6.5

Sheet RSI FORM
B1: Feasibility Study and Detailed Design of Kampala - Jinja Highway
B2: Roadside OD Interview Survey
B4: Date: | C4: 40465 | D4: Interviewer: | G4: Survey Station: | H4: Bweyogerere | J4: Direction: | K4: Bweyogerere-Kireka | L4: Coded By: | N4: Chkd By:
B7: Time Period | C7: Veh_Type | D7: Veh_Other | E7: Occupancy | F7: Origin_Address | H7: Origin_Purpose | I7: Origin_other | J7: Destination_Address | L7: Destination_Purpose | M7: Destination_Other | N7: Origin_Zone | O7: Dest_Zone | P7: WTP
F8: Village/Town | G8: City/Country | J8: Village/Town | K8: City/Country
B9: AM | C9: 3 | E9: 2 | F9: Entebbe | G9: Kla, Ug | H9: 1 | J9: Kla | K9: Kla, Ug | L9: 2 | N9: Blank | O9: Blank | P9: Yes | Q9: 3000
B10: AM | C10: 1 | E10: 1 | F10: Kiwanga | G10: Kla, Ug | H10: 1 | J10: Kla | K10: Kla, Ug | L10: 2 | N10: Blank | O10: Blank | P10: Yes | Q10: 2000
B11: AM | E11: 1 | F11: Bukoto | G11: Kla, Ug | H11: 3 | J11: Kla | K11: Kla, Ug | L11: 1 | N11: Blank | O11: Blank
B12: AM
B13: AM
B14: AM
B15: AM
B16: AM
B17: AM
B18: AM
B19: AM
B20: AM
B21: AM
B22: AM
B23: AM
... B53: AM

Sheet Summary
B2: BUS OPERATIONS AT KITGUM
D4: BUS JOURNEY | J4: PASSENGER DETAILS
B5: STATION | C5: DIRECTION | D5: ORIGIN | E5: DESTINATION | F5: ROUTE ID | G5: BUS TRIPS / DAY | H5: JOURNEY DISTANCE (KM) | I5: JOURNEY TIME/ TRIP (HRS) | J5: EST. PAX/ BUS | K5: AVERAGE PAX FARE (UGX)
B6: KITGUM | C6: FROM KAMPALA | D6: KAMPALA | E6: KITGUM | F6: =D6&"-"&E6 -> KAMPALA-KITGUM | G6: =ROUNDUP(COUNTIF('PT-19'!$L$9:$L$433,Summary!F6)/5,0) -> 4 | H6: 435 | I6: =AVERAGEIF('PT-19'!$L$9:$L$433,Summary!F6,'PT-19'!$O$9:$O$433) -> 6.5 | J6: =AVERAGEIF('PT-19'!$L$9:$L$433,Summary!F6,'PT-19'!$M$9:$M$433) -> 39 | K6: =AVERAGEIF('PT-19'!$L$9:$L$433,Summary!F6,'PT-19'!$N$9:$N$433) -> 30000
B7: KITGUM | C7: TO KAMPALA | D7: KAABONG | E7: KAMPALA | F7: =D7&"-"&E7 -> KAABONG-KAMPALA | G7: =ROUNDUP(COUNTIF('PT-19'!$L$9:$L$433,Summary!F7)/5,0) -> 1 | H7: 586 | I7: =AVERAGEIF('PT-19'!$L$9:$L$433,Summary!F7,'PT-19'!$O$9:$O$433) -> 9.5 | J7: =AVERAGEIF('PT-19'!$L$9:$L$433,Summary!F7,'PT-19'!$M$9:$M$433) -> 28.8 | K7: =AVERAGEIF('PT-19'!$L$9:$L$433,Summary!F7,'PT-19'!$N$9:$N$433) -> 45000
B8: KITGUM | C8: TO KAMPALA | D8: KITGUM | E8: KAMPALA | F8: =D8&"-"&E8 -> KITGUM-KAMPALA | G8: =ROUNDUP(COUNTIF('PT-19'!$L$9:$L$433,Summary!F8)/5,0) -> 14 | H8: 435 | I8: =AVERAGEIF('PT-19'!$L$9:$L$433,Summary!F8,'PT-19'!$O$9:$O$433) -> 6.5 | J8: =AVERAGEIF('PT-19'!$L$9:$L$433,Summary!F8,'PT-19'!$M$9:$M$433) -> 46.272727 | K8: =AVERAGEIF('PT-19'!$L$9:$L$433,Summary!F8,'PT-19'!$N$9:$N$433) -> 30000
B9: KITGUM | C9: TO KAMPALA | D9: LAMWO | E9: KAMPALA | F9: =D9&"-"&E9 -> LAMWO-KAMPALA | G9: =ROUNDUP(COUNTIF('PT-19'!$L$9:$L$433,Summary!F9)/5,0) -> 2 | H9: 454 | I9: =AVERAGEIF('PT-19'!$L$9:$L$433,Summary!F9,'PT-19'!$O$9:$O$433) -> 7.5 | J9: =AVERAGEIF('PT-19'!$L$9:$L$433,Summary!F9,'PT-19'!$M$9:$M$433) -> 27.5 | K9: =AVERAGEIF('PT-19'!$L$9:$L$433,Summary!F9,'PT-19'!$N$9:$N$433) -> 35000
B10: KITGUM | C10: FROM KITGUM | D10: KITGUM | E10: KAABONG | F10: =D10&"-"&E10 -> KITGUM-KAABONG | G10: =ROUNDUP(COUNTIF('PT-19'!$L$9:$L$433,Summary!F10)/5,0) -> 1 | H10: 185 | I10: =AVERAGEIF('PT-19'!$L$9:$L$433,Summary!F10,'PT-19'!$O$9:$O$433) -> 4 | J10: =AVERAGEIF('PT-19'!$L$9:$L$433,Summary!F10,'PT-19'!$M$9:$M$433) -> 24 | K10: =AVERAGEIF('PT-19'!$L$9:$L$433,Summary!F10,'PT-19'!$N$9:$N$433) -> 15000

Sheet Key
B1: Vehicle Type
A2: 1 | B2: Car
A3: 2 | B3: Station Wagon
A4: 3 | B4: Pickups
A5: 4 | B5: Minibus, matatu
A6: 5 | B6: Medium bus
A7: 6 | B7: Large Bus
A8: 7 | B8: Light Truck
A9: 8 | B9: Medium Truck
A10: 9 | B10: Heavy truck
A11: 10 | B11: Truck Trailer
A12: 11 | B12: Motor cycles
A13: 12 | B13: Tractors
