Workbook

Sheet 29.07 Kyebando-Bukoto
B1: Consultancy services for Preparation of Expressway Development Master Plan (EDMP) for Uganda
B2: MANUAL CLASSIFIED COUNT (MCC)
B3: ROAD NAME: | C3: MCC - C1 - STN30 - KYEBANDO - KISALOSALO ROAD
C5: Date | D5: 29.07.19 | F5: Location | G5: Kyebando Round | J5: Surveyor | K5: AHISIBWE SARAH
C6: Dir. From | D6: Kyebando | F6: Dir. To | G6: Bukoto | J6: Supervisor | K6: STEVEN
B8: Time / Veh Type | R8: SUMMARY TRAFFIC VOLUMES
C9: 1. Car | D9: 2. Station Wagon | E9: 3. Pickups | F9: 4. Minibus, matatu | G9: 5. Medium bus | H9: 6. Large Bus | I9: 7. Light Truck | J9: 8. Medium Truck | K9: 9. Heavy truck | L9: 10. Truck Trailer | M9: 11. Motor cycles | N9: 12. Tractors | O9: Total Excl M/Cycles | P9: Total All | R9: Time | S9: 1. Car | T9: 2. Station Wagon | U9: 3. Pickups | V9: 4. Minibus, matatu | W9: 5. Medium bus | X9: 6. Large Bus | Y9: 7. Light Truck | Z9: 8. Medium Truck | AA9: 9. Heavy truck | AB9: 10. Truck Trailer | AC9: 11. Motorcycles | AD9: 12. Tractors, Graders | AE9: Total Excl M/ Cycles | AF9: Total All
B10: 07.00 - 07.15 | C10: 75 | D10: 27 | E10: 12 | F10: 0 | G10: 0 | H10: 0 | I10: 1 | J10: 0 | K10: 0 | L10: 0 | M10: 67 | N10: 0 | O10: =SUM(C10:L10,N10) -> 115 | P10: =SUM(C10:N10) -> 182 | R10: 0700-0800 | S10: =SUM(C10:C13) -> 310 | T10: =SUM(D10:D13) -> 84 | U10: =SUM(E10:E13) -> 34 | V10: =SUM(F10:F13) -> 4 | W10: =SUM(G10:G13) -> 2 | X10: =SUM(H10:H13) -> 0 | Y10: =SUM(I10:I13) -> 9 | Z10: =SUM(J10:J13) -> 1 | ... AF10: =SUM(P10:P13) -> 721
B11: 07.15 - 07.30 | C11: 85 | D11: 20 | E11: 5 | F11: 0 | G11: 2 | H11: 0 | I11: 4 | J11: 1 | K11: 0 | L11: 0 | M11: 75 | N11: 0 | O11: =SUM(C11:L11,N11) -> 117 | P11: =SUM(C11:N11) -> 192 | R11: 0800-0900 | S11: =SUM(C14:C17) -> 285 | T11: =SUM(D14:D17) -> 96 | U11: =SUM(E14:E17) -> 53 | V11: =SUM(F14:F17) -> 16 | W11: =SUM(G14:G17) -> 1 | X11: =SUM(H14:H17) -> 0 | Y11: =SUM(I14:I17) -> 12 | Z11: =SUM(J14:J17) -> 3 | ... AF11: =SUM(P14:P17) -> 811
B12: 07.30 - 07.45 | C12: 70 | D12: 13 | E12: 10 | F12: 2 | G12: 0 | H12: 0 | I12: 1 | J12: 0 | K12: 0 | L12: 0 | M12: 60 | N12: 0 | O12: =SUM(C12:L12,N12) -> 96 | P12: =SUM(C12:N12) -> 156 | R12: 0900-1000 | S12: =SUM(C18:C21) -> 176 | T12: =SUM(D18:D21) -> 57 | U12: =SUM(E18:E21) -> 36 | V12: =SUM(F18:F21) -> 9 | W12: =SUM(G18:G21) -> 0 | X12: =SUM(H18:H21) -> 0 | Y12: =SUM(I18:I21) -> 33 | Z12: =SUM(J18:J21) -> 3 | ... AF12: =SUM(P18:P21) -> 589
B13: 07.45 - 08.00 | C13: 80 | D13: 24 | E13: 7 | F13: 2 | G13: 0 | H13: 0 | I13: 3 | J13: 0 | K13: 0 | L13: 0 | M13: 75 | N13: 0 | O13: =SUM(C13:L13,N13) -> 116 | P13: =SUM(C13:N13) -> 191 | R13: 1000-1100 | S13: =SUM(C22:C25) -> 123 | T13: =SUM(D22:D25) -> 45 | U13: =SUM(E22:E25) -> 24 | V13: =SUM(F22:F25) -> 6 | W13: =SUM(G22:G25) -> 0 | X13: =SUM(H22:H25) -> 0 | Y13: =SUM(I22:I25) -> 16 | Z13: =SUM(J22:J25) -> 1 | ... AF13: =SUM(P22:P25) -> 459
B14: 08.00 - 08.15 | C14: 75 | D14: 36 | E14: 20 | F14: 5 | G14: 1 | H14: 0 | I14: 2 | J14: 2 | K14: 0 | L14: 0 | M14: 95 | N14: 0 | O14: =SUM(C14:L14,N14) -> 141 | P14: =SUM(C14:N14) -> 236 | R14: 1100-1200 | S14: =SUM(C26:C29) -> 113 | T14: =SUM(D26:D29) -> 27 | U14: =SUM(E26:E29) -> 17 | V14: =SUM(F26:F29) -> 12 | W14: =SUM(G26:G29) -> 0 | X14: =SUM(H26:H29) -> 0 | Y14: =SUM(I26:I29) -> 17 | Z14: =SUM(J26:J29) -> 0 | ... AF14: =SUM(P26:P29) -> 424
B15: 08.15 - 08.30 | C15: 70 | D15: 18 | E15: 10 | F15: 2 | G15: 0 | H15: 0 | I15: 4 | J15: 0 | K15: 0 | L15: 0 | M15: 90 | N15: 0 | O15: =SUM(C15:L15,N15) -> 104 | P15: =SUM(C15:N15) -> 194 | R15: 1200-1300 | S15: =SUM(C30:C33) -> 106 | T15: =SUM(D30:D33) -> 15 | U15: =SUM(E30:E33) -> 26 | V15: =SUM(F30:F33) -> 13 | W15: =SUM(G30:G33) -> 0 | X15: =SUM(H30:H33) -> 0 | Y15: =SUM(I30:I33) -> 18 | Z15: =SUM(J30:J33) -> 3 | ... AF15: =SUM(P30:P33) -> 364
B16: 08.30 - 08.45 | C16: 75 | D16: 21 | E16: 9 | F16: 3 | G16: 0 | H16: 0 | I16: 2 | J16: 0 | K16: 0 | L16: 0 | M16: 80 | N16: 0 | O16: =SUM(C16:L16,N16) -> 110 | P16: =SUM(C16:N16) -> 190 | R16: 1300-1400 | S16: =SUM(C34:C37) -> 104 | T16: =SUM(D34:D37) -> 37 | U16: =SUM(E34:E37) -> 19 | V16: =SUM(F34:F37) -> 11 | W16: =SUM(G34:G37) -> 0 | X16: =SUM(H34:H37) -> 0 | Y16: =SUM(I34:I37) -> 8 | Z16: =SUM(J34:J37) -> 4 | ... AF16: =SUM(P34:P37) -> 332
B17: 08.45 - 9.00 | C17: 65 | D17: 21 | E17: 14 | F17: 6 | G17: 0 | H17: 0 | I17: 4 | J17: 1 | K17: 0 | L17: 0 | M17: 80 | N17: 0 | O17: =SUM(C17:L17,N17) -> 111 | P17: =SUM(C17:N17) -> 191 | R17: 1400-1500 | S17: =SUM(C38:C41) -> 80 | T17: =SUM(D38:D41) -> 41 | U17: =SUM(E38:E41) -> 24 | V17: =SUM(F38:F41) -> 11 | W17: =SUM(G38:G41) -> 0 | X17: =SUM(H38:H41) -> 0 | Y17: =SUM(I38:I41) -> 11 | Z17: =SUM(J38:J41) -> 8 | ... AF17: =SUM(P38:P41) -> 312
B18: 09.00 - 09.15 | C18: 30 | D18: 15 | E18: 9 | F18: 2 | G18: 0 | H18: 0 | I18: 9 | J18: 1 | K18: 1 | L18: 1 | M18: 80 | N18: 0 | O18: =SUM(C18:L18,N18) -> 68 | P18: =SUM(C18:N18) -> 148 | R18: 1500-1600 | S18: =SUM(C42:C45) -> 108 | T18: =SUM(D42:D45) -> 31 | U18: =SUM(E42:E45) -> 25 | V18: =SUM(F42:F45) -> 7 | W18: =SUM(G42:G45) -> 0 | X18: =SUM(H42:H45) -> 0 | Y18: =SUM(I42:I45) -> 7 | Z18: =SUM(J42:J45) -> 2 | ... AF18: =SUM(P42:P45) -> 364
B19: 09.15 - 09.30 | C19: 45 | D19: 16 | E19: 12 | F19: 3 | G19: 0 | H19: 0 | I19: 11 | J19: 2 | K19: 0 | L19: 0 | M19: 70 | N19: 0 | O19: =SUM(C19:L19,N19) -> 89 | P19: =SUM(C19:N19) -> 159 | R19: 1600-1700 | S19: =SUM(C46:C49) -> 119 | T19: =SUM(D46:D49) -> 50 | U19: =SUM(E46:E49) -> 30 | V19: =SUM(F46:F49) -> 20 | W19: =SUM(G46:G49) -> 3 | X19: =SUM(H46:H49) -> 0 | Y19: =SUM(I46:I49) -> 9 | Z19: =SUM(J46:J49) -> 5 | ... AF19: =SUM(P46:P49) -> 442
B20: 09.30 - 09.45 | C20: 56 | D20: 16 | E20: 10 | F20: 1 | G20: 0 | H20: 0 | I20: 3 | J20: 0 | K20: 2 | L20: 0 | M20: 60 | N20: 0 | O20: =SUM(C20:L20,N20) -> 88 | P20: =SUM(C20:N20) -> 148 | R20: 1700-1800 | S20: =SUM(C50:C53) -> 128 | T20: =SUM(D50:D53) -> 39 | U20: =SUM(E50:E53) -> 26 | V20: =SUM(F50:F53) -> 23 | W20: =SUM(G50:G53) -> 3 | X20: =SUM(H50:H53) -> 2 | Y20: =SUM(I50:I53) -> 23 | Z20: =SUM(J50:J53) -> 5 | ... AF20: =SUM(P50:P53) -> 493
B21: 09.45 - 10.00 | C21: 45 | D21: 10 | E21: 5 | F21: 3 | G21: 0 | H21: 0 | I21: 10 | J21: 0 | K21: 1 | L21: 0 | M21: 60 | N21: 0 | O21: =SUM(C21:L21,N21) -> 74 | P21: =SUM(C21:N21) -> 134 | R21: 1800-1900 | S21: =SUM(C54:C57) -> 117 | T21: =SUM(D54:D57) -> 58 | U21: =SUM(E54:E57) -> 18 | V21: =SUM(F54:F57) -> 24 | W21: =SUM(G54:G57) -> 0 | X21: =SUM(H54:H57) -> 0 | Y21: =SUM(I54:I57) -> 9 | Z21: =SUM(J54:J57) -> 5 | ... AF21: =SUM(P54:P57) -> 459
B22: 10.00 - 10.15 | C22: 32 | D22: 10 | E22: 3 | F22: 2 | G22: 0 | H22: 0 | I22: 4 | J22: 0 | K22: 0 | L22: 0 | M22: 60 | N22: 0 | O22: =SUM(C22:L22,N22) -> 51 | P22: =SUM(C22:N22) -> 111 | R22: AM Peak Hr | S22: =MAX(S10:S12) -> 310 | T22: =MAX(T10:T12) -> 96 | U22: =MAX(U10:U12) -> 53 | V22: =MAX(V10:V12) -> 16 | W22: =MAX(W10:W12) -> 2 | X22: =MAX(X10:X12) -> 0 | Y22: =MAX(Y10:Y12) -> 33 | Z22: =MAX(Z10:Z12) -> 3 | ... AF22: =MAX(AF10:AF12) -> 811
B23: 10.15 - 10.30 | C23: 34 | D23: 19 | E23: 9 | F23: 1 | G23: 0 | H23: 0 | I23: 5 | J23: 0 | K23: 0 | L23: 0 | M23: 53 | N23: 0 | O23: =SUM(C23:L23,N23) -> 68 | P23: =SUM(C23:N23) -> 121 | R23: IP Peak Hr | S23: =MAX(S13:S18) -> 123 | T23: =MAX(T13:T18) -> 45 | U23: =MAX(U13:U18) -> 26 | V23: =MAX(V13:V18) -> 13 | W23: =MAX(W13:W18) -> 0 | X23: =MAX(X13:X18) -> 0 | Y23: =MAX(Y13:Y18) -> 18 | Z23: =MAX(Z13:Z18) -> 8 | ... AF23: =MAX(AF13:AF18) -> 459
B24: 10.30 - 10.45 | C24: 26 | D24: 10 | E24: 9 | F24: 1 | G24: 0 | H24: 0 | I24: 3 | J24: 1 | K24: 1 | L24: 0 | M24: 70 | N24: 0 | O24: =SUM(C24:L24,N24) -> 51 | P24: =SUM(C24:N24) -> 121 | R24: PM Peak Hr | S24: =MAX(S19:S21) -> 128 | T24: =MAX(T19:T21) -> 58 | U24: =MAX(U19:U21) -> 30 | V24: =MAX(V19:V21) -> 24 | W24: =MAX(W19:W21) -> 3 | X24: =MAX(X19:X21) -> 2 | Y24: =MAX(Y19:Y21) -> 23 | Z24: =MAX(Z19:Z21) -> 5 | ... AF24: =MAX(AF19:AF21) -> 493
B25: 10.45 - 11.00 | C25: 31 | D25: 6 | E25: 3 | F25: 2 | G25: 0 | H25: 0 | I25: 4 | J25: 0 | K25: 0 | L25: 0 | M25: 60 | N25: 0 | O25: =SUM(C25:L25,N25) -> 46 | P25: =SUM(C25:N25) -> 106 | R25: AM Period | S25: =SUM(S10:S12) -> 771 | T25: =SUM(T10:T12) -> 237 | U25: =SUM(U10:U12) -> 123 | V25: =SUM(V10:V12) -> 29 | W25: =SUM(W10:W12) -> 3 | X25: =SUM(X10:X12) -> 0 | Y25: =SUM(Y10:Y12) -> 54 | Z25: =SUM(Z10:Z12) -> 7 | ... AF25: =SUM(AF10:AF12) -> 2121
B26: 11.00 - 11.15 | C26: 35 | D26: 10 | E26: 3 | F26: 3 | G26: 0 | H26: 0 | I26: 3 | J26: 0 | K26: 0 | L26: 0 | M26: 65 | N26: 0 | O26: =SUM(C26:L26,N26) -> 54 | P26: =SUM(C26:N26) -> 119 | R26: IP Period | S26: =SUM(S13:S18) -> 634 | T26: =SUM(T13:T18) -> 196 | U26: =SUM(U13:U18) -> 135 | V26: =SUM(V13:V18) -> 60 | W26: =SUM(W13:W18) -> 0 | X26: =SUM(X13:X18) -> 0 | Y26: =SUM(Y13:Y18) -> 77 | Z26: =SUM(Z13:Z18) -> 18 | ... AF26: =SUM(AF13:AF18) -> 2255
B27: 11.15 - 11.30 | C27: 25 | D27: 6 | E27: 5 | F27: 1 | G27: 0 | H27: 0 | I27: 7 | J27: 0 | K27: 1 | L27: 1 | M27: 68 | N27: 0 | O27: =SUM(C27:L27,N27) -> 46 | P27: =SUM(C27:N27) -> 114 | R27: PM Period | S27: =SUM(S19:S21) -> 364 | T27: =SUM(T19:T21) -> 147 | U27: =SUM(U19:U21) -> 74 | V27: =SUM(V19:V21) -> 67 | W27: =SUM(W19:W21) -> 6 | X27: =SUM(X19:X21) -> 2 | Y27: =SUM(Y19:Y21) -> 41 | Z27: =SUM(Z19:Z21) -> 15 | ... AF27: =SUM(AF19:AF21) -> 1394
B28: 11.30 - 11.45 | C28: 25 | D28: 6 | E28: 4 | F28: 5 | G28: 0 | H28: 0 | I28: 4 | J28: 0 | K28: 0 | L28: 1 | M28: 57 | N28: 0 | O28: =SUM(C28:L28,N28) -> 45 | P28: =SUM(C28:N28) -> 102 | R28: 12 Hours | S28: =SUM(S10:S21) -> 1769 | T28: =SUM(T10:T21) -> 580 | U28: =SUM(U10:U21) -> 332 | V28: =SUM(V10:V21) -> 156 | W28: =SUM(W10:W21) -> 9 | X28: =SUM(X10:X21) -> 2 | Y28: =SUM(Y10:Y21) -> 172 | Z28: =SUM(Z10:Z21) -> 40 | ... AF28: =SUM(AF10:AF21) -> 5770
B29: 11.45 - 12.00 | C29: 28 | D29: 5 | E29: 5 | F29: 3 | G29: 0 | H29: 0 | I29: 3 | J29: 0 | K29: 0 | L29: 0 | M29: 45 | N29: 0 | O29: =SUM(C29:L29,N29) -> 44 | P29: =SUM(C29:N29) -> 89
B30: 12.00 - 12.15 | C30: 27 | D30: 5 | E30: 8 | F30: 1 | G30: 0 | H30: 0 | I30: 7 | J30: 0 | K30: 0 | L30: 0 | M30: 46 | N30: 0 | O30: =SUM(C30:L30,N30) -> 48 | P30: =SUM(C30:N30) -> 94
B31: 12.15 - 12.30 | C31: 24 | D31: 6 | E31: 1 | F31: 3 | G31: 0 | H31: 0 | I31: 3 | J31: 0 | K31: 0 | L31: 0 | M31: 55 | N31: 0 | O31: =SUM(C31:L31,N31) -> 37 | P31: =SUM(C31:N31) -> 92
B32: 12.30 - 12.45 | C32: 20 | D32: 2 | E32: 5 | F32: 6 | G32: 0 | H32: 0 | I32: 5 | J32: 2 | K32: 1 | L32: 0 | M32: 43 | N32: 0 | O32: =SUM(C32:L32,N32) -> 41 | P32: =SUM(C32:N32) -> 84
B33: 12.45 - 13.00 | C33: 35 | D33: 2 | E33: 12 | F33: 3 | G33: 0 | H33: 0 | I33: 3 | J33: 1 | K33: 0 | L33: 0 | M33: 38 | N33: 0 | O33: =SUM(C33:L33,N33) -> 56 | P33: =SUM(C33:N33) -> 94
B34: 13.00 - 13.15 | C34: 20 | D34: 8 | E34: 4 | F34: 2 | G34: 0 | H34: 0 | I34: 3 | J34: 0 | K34: 0 | L34: 0 | M34: 35 | N34: 0 | O34: =SUM(C34:L34,N34) -> 37 | P34: =SUM(C34:N34) -> 72
B35: 13.15 - 13.30 | C35: 27 | D35: 10 | E35: 5 | F35: 3 | G35: 0 | H35: 0 | I35: 1 | J35: 1 | K35: 1 | L35: 0 | M35: 42 | N35: 0 | O35: =SUM(C35:L35,N35) -> 48 | P35: =SUM(C35:N35) -> 90
B36: 13.30 - 13.45 | C36: 32 | D36: 13 | E36: 7 | F36: 4 | G36: 0 | H36: 0 | I36: 2 | J36: 1 | K36: 1 | L36: 0 | M36: 32 | N36: 0 | O36: =SUM(C36:L36,N36) -> 60 | P36: =SUM(C36:N36) -> 92
B37: 13.45 - 14.00 | C37: 25 | D37: 6 | E37: 3 | F37: 2 | G37: 0 | H37: 0 | I37: 2 | J37: 2 | K37: 0 | L37: 0 | M37: 38 | N37: 0 | O37: =SUM(C37:L37,N37) -> 40 | P37: =SUM(C37:N37) -> 78
B38: 14.00 - 14.15 | C38: 21 | D38: 10 | E38: 0 | F38: 2 | G38: 0 | H38: 0 | I38: 0 | J38: 2 | K38: 0 | L38: 0 | M38: 41 | N38: 0 | O38: =SUM(C38:L38,N38) -> 35 | P38: =SUM(C38:N38) -> 76
B39: 14.15 - 14.30 | C39: 25 | D39: 17 | E39: 17 | F39: 4 | G39: 0 | H39: 0 | I39: 3 | J39: 3 | K39: 0 | L39: 0 | M39: 35 | N39: 0 | O39: =SUM(C39:L39,N39) -> 69 | P39: =SUM(C39:N39) -> 104
B40: 14.30 - 14.45 | C40: 20 | D40: 5 | E40: 3 | F40: 3 | G40: 0 | H40: 0 | I40: 5 | J40: 3 | K40: 4 | L40: 0 | M40: 33 | N40: 0 | O40: =SUM(C40:L40,N40) -> 43 | P40: =SUM(C40:N40) -> 76
... B57: 18.45 - 19.00 | C57: 37 | D57: 5 | E57: 2 | F57: 4 | G57: 0 | H57: 0 | I57: 6 | J57: 3 | K57: 0 | L57: 0 | M57: 55 | N57: 0 | O57: =SUM(C57:L57,N57) -> 57 | P57: =SUM(C57:N57) -> 112
B58: Totals | C58: =SUM(C10:C57) -> 1769 | D58: =SUM(D10:D57) -> 580 | E58: =SUM(E10:E57) -> 332 | F58: =SUM(F10:F57) -> 156 | G58: =SUM(G10:G57) -> 9 | H58: =SUM(H10:H57) -> 2 | I58: =SUM(I10:I57) -> 172 | J58: =SUM(J10:J57) -> 40 | ... P58: =SUM(P10:P57) -> 5770
B59: %ges + MCs | C59: =C58/$P$58 -> 0.30658579 | D59: =D58/$P$58 -> 0.10051993 | E59: =E58/$P$58 -> 0.057538995 | F59: =F58/$P$58 -> 0.027036395 | G59: =G58/$P$58 -> 0.001559792 | H59: =H58/$P$58 -> 0.00034662045 | I59: =I58/$P$58 -> 0.029809359 | J59: =J58/$P$58 -> 0.006932409 | ... N59: =N58/$P$58 -> 0
B60: %ges w/o MCs | C60: =C58/$O$58 -> 0.57416423 | D60: =D58/$O$58 -> 0.18825057 | E60: =E58/$O$58 -> 0.10775722 | F60: =F58/$O$58 -> 0.050632911 | G60: =G58/$O$58 -> 0.0029211295 | H60: =H58/$O$58 -> 0.00064913989 | I60: =I58/$O$58 -> 0.055826031 | J60: =J58/$O$58 -> 0.012982798 | ... L60: =L58/$O$58 -> 0.0012982798 | N60: =N58/$O$58 -> 0

Sheet 29.07 Bukoto-Kyebando
B1: Consultancy services for Preparation of Expressway Development Master Plan (EDMP) for Uganda
B2: MANUAL CLASSIFIED COUNT (MCC)
B3: ROAD NAME: | C3: ='29.07 Kyebando-Bukoto'!C3:G3 -> MCC - C1 - STN30 - KYEBANDO - KISALOSALO ROAD
C5: Date | D5: ='29.07 Kyebando-Bukoto'!D5 -> 29.07.19 | F5: Location | G5: ='29.07 Kyebando-Bukoto'!G5:H5 -> Kyebando Round | J5: Surveyor | K5: Ahimbisibwe Godfrey
C6: Dir. From | D6: Bukoto | F6: Dir. To | G6: Kyebando | J6: Supervisor | K6: ='29.07 Kyebando-Bukoto'!K6:L6 -> STEVEN
B8: Time / Veh Type | R8: SUMMARY TRAFFIC VOLUMES
C9: 1. Car | D9: 2. Station Wagon | E9: 3. Pickups | F9: 4. Minibus, matatu | G9: 5. Medium bus | H9: 6. Large Bus | I9: 7. Light Truck | J9: 8. Medium Truck | K9: 9. Heavy truck | L9: 10. Truck Trailer | M9: 11. Motor cycles | N9: 12. Tractors | O9: Total Excl M/Cycles | P9: Total All | R9: Time | S9: 1. Car | T9: 2. Station Wagon | U9: 3. Pickups | V9: 4. Minibus, matatu | W9: 5. Medium bus | X9: 6. Large Bus | Y9: 7. Light Truck | Z9: 8. Medium Truck | AA9: 9. Heavy truck | AB9: 10. Truck Trailer | AC9: 11. Motorcycles | AD9: 12. Tractors, Graders | AE9: Total Excl M/ Cycles | AF9: Total All
B10: 07.00 - 07.15 | C10: 10 | D10: 7 | E10: 1 | F10: 3 | G10: 0 | H10: 0 | I10: 0 | J10: 0 | K10: 1 | L10: 0 | M10: 47 | N10: 0 | O10: =SUM(C10:L10,N10) -> 22 | P10: =SUM(C10:N10) -> 69 | R10: 0700-0800 | S10: =SUM(C10:C13) -> 56 | T10: =SUM(D10:D13) -> 43 | U10: =SUM(E10:E13) -> 12 | V10: =SUM(F10:F13) -> 6 | W10: =SUM(G10:G13) -> 1 | X10: =SUM(H10:H13) -> 0 | Y10: =SUM(I10:I13) -> 0 | Z10: =SUM(J10:J13) -> 3 | ... AF10: =SUM(P10:P13) -> 389
B11: 07.15 - 07.30 | C11: 16 | D11: 10 | E11: 3 | F11: 0 | G11: 1 | H11: 0 | I11: 0 | J11: 0 | K11: 0 | L11: 0 | M11: 59 | N11: 0 | O11: =SUM(C11:L11,N11) -> 30 | P11: =SUM(C11:N11) -> 89 | R11: 0800-0900 | S11: =SUM(C14:C17) -> 44 | T11: =SUM(D14:D17) -> 17 | U11: =SUM(E14:E17) -> 18 | V11: =SUM(F14:F17) -> 7 | W11: =SUM(G14:G17) -> 1 | X11: =SUM(H14:H17) -> 0 | Y11: =SUM(I14:I17) -> 10 | Z11: =SUM(J14:J17) -> 2 | ... AF11: =SUM(P14:P17) -> 427
B12: 07.30 - 07.45 | C12: 17 | D12: 12 | E12: 4 | F12: 0 | G12: 0 | H12: 0 | I12: 0 | J12: 1 | K12: 2 | L12: 0 | M12: 64 | N12: 0 | O12: =SUM(C12:L12,N12) -> 36 | P12: =SUM(C12:N12) -> 100 | R12: 0900-1000 | S12: =SUM(C18:C21) -> 59 | T12: =SUM(D18:D21) -> 49 | U12: =SUM(E18:E21) -> 14 | V12: =SUM(F18:F21) -> 13 | W12: =SUM(G18:G21) -> 0 | X12: =SUM(H18:H21) -> 0 | Y12: =SUM(I18:I21) -> 9 | Z12: =SUM(J18:J21) -> 6 | ... AF12: =SUM(P18:P21) -> 525
B13: 07.45 - 08.00 | C13: 13 | D13: 14 | E13: 4 | F13: 3 | G13: 0 | H13: 0 | I13: 0 | J13: 2 | K13: 1 | L13: 0 | M13: 94 | N13: 0 | O13: =SUM(C13:L13,N13) -> 37 | P13: =SUM(C13:N13) -> 131 | R13: 1000-1100 | S13: =SUM(C22:C25) -> 68 | T13: =SUM(D22:D25) -> 41 | U13: =SUM(E22:E25) -> 17 | V13: =SUM(F22:F25) -> 5 | W13: =SUM(G22:G25) -> 0 | X13: =SUM(H22:H25) -> 0 | Y13: =SUM(I22:I25) -> 7 | Z13: =SUM(J22:J25) -> 12 | ... AF13: =SUM(P22:P25) -> 414
B14: 08.00 - 08.15 | C14: 1 | D14: 3 | E14: 2 | F14: 2 | G14: 0 | H14: 0 | I14: 1 | J14: 1 | K14: 0 | L14: 0 | M14: 53 | N14: 0 | O14: =SUM(C14:L14,N14) -> 10 | P14: =SUM(C14:N14) -> 63 | R14: 1100-1200 | S14: =SUM(C26:C29) -> 57 | T14: =SUM(D26:D29) -> 39 | U14: =SUM(E26:E29) -> 16 | V14: =SUM(F26:F29) -> 10 | W14: =SUM(G26:G29) -> 0 | X14: =SUM(H26:H29) -> 0 | Y14: =SUM(I26:I29) -> 8 | Z14: =SUM(J26:J29) -> 9 | ... AF14: =SUM(P26:P29) -> 421
B15: 08.15 - 08.30 | C15: 20 | D15: 2 | E15: 8 | F15: 3 | G15: 1 | H15: 0 | I15: 6 | J15: 0 | K15: 2 | L15: 0 | M15: 79 | N15: 0 | O15: =SUM(C15:L15,N15) -> 42 | P15: =SUM(C15:N15) -> 121 | R15: 1200-1300 | S15: =SUM(C30:C33) -> 61 | T15: =SUM(D30:D33) -> 31 | U15: =SUM(E30:E33) -> 23 | V15: =SUM(F30:F33) -> 22 | W15: =SUM(G30:G33) -> 0 | X15: =SUM(H30:H33) -> 4 | Y15: =SUM(I30:I33) -> 11 | Z15: =SUM(J30:J33) -> 7 | ... AF15: =SUM(P30:P33) -> 409
B16: 08.30 - 08.45 | C16: 13 | D16: 6 | E16: 5 | F16: 0 | G16: 0 | H16: 0 | I16: 1 | J16: 0 | K16: 1 | L16: 0 | M16: 83 | N16: 0 | O16: =SUM(C16:L16,N16) -> 26 | P16: =SUM(C16:N16) -> 109 | R16: 1300-1400 | S16: =SUM(C34:C37) -> 83 | T16: =SUM(D34:D37) -> 20 | U16: =SUM(E34:E37) -> 11 | V16: =SUM(F34:F37) -> 33 | W16: =SUM(G34:G37) -> 0 | X16: =SUM(H34:H37) -> 0 | Y16: =SUM(I34:I37) -> 6 | Z16: =SUM(J34:J37) -> 8 | ... AF16: =SUM(P34:P37) -> 432
B17: 08.45 - 9.00 | C17: 10 | D17: 6 | E17: 3 | F17: 2 | G17: 0 | H17: 0 | I17: 2 | J17: 1 | K17: 1 | L17: 0 | M17: 109 | N17: 0 | O17: =SUM(C17:L17,N17) -> 25 | P17: =SUM(C17:N17) -> 134 | R17: 1400-1500 | S17: =SUM(C38:C41) -> 44 | T17: =SUM(D38:D41) -> 22 | U17: =SUM(E38:E41) -> 21 | V17: =SUM(F38:F41) -> 26 | W17: =SUM(G38:G41) -> 0 | X17: =SUM(H38:H41) -> 1 | Y17: =SUM(I38:I41) -> 9 | Z17: =SUM(J38:J41) -> 3 | ... AF17: =SUM(P38:P41) -> 339
B18: 09.00 - 09.15 | C18: 11 | D18: 14 | E18: 6 | F18: 3 | G18: 0 | H18: 0 | I18: 3 | J18: 3 | K18: 1 | L18: 0 | M18: 117 | N18: 0 | O18: =SUM(C18:L18,N18) -> 41 | P18: =SUM(C18:N18) -> 158 | R18: 1500-1600 | S18: =SUM(C42:C45) -> 60 | T18: =SUM(D42:D45) -> 41 | U18: =SUM(E42:E45) -> 19 | V18: =SUM(F42:F45) -> 18 | W18: =SUM(G42:G45) -> 0 | X18: =SUM(H42:H45) -> 1 | Y18: =SUM(I42:I45) -> 8 | Z18: =SUM(J42:J45) -> 11 | ... AF18: =SUM(P42:P45) -> 383
B19: 09.15 - 09.30 | C19: 17 | D19: 8 | E19: 4 | F19: 6 | G19: 0 | H19: 0 | I19: 2 | J19: 3 | K19: 2 | L19: 0 | M19: 104 | N19: 0 | O19: =SUM(C19:L19,N19) -> 42 | P19: =SUM(C19:N19) -> 146 | R19: 1600-1700 | S19: =SUM(C46:C49) -> 96 | T19: =SUM(D46:D49) -> 58 | U19: =SUM(E46:E49) -> 29 | V19: =SUM(F46:F49) -> 12 | W19: =SUM(G46:G49) -> 5 | X19: =SUM(H46:H49) -> 1 | Y19: =SUM(I46:I49) -> 15 | Z19: =SUM(J46:J49) -> 4 | ... AF19: =SUM(P46:P49) -> 424
B20: 09.30 - 09.45 | C20: 23 | D20: 14 | E20: 3 | F20: 3 | G20: 0 | H20: 0 | I20: 4 | J20: 0 | K20: 1 | L20: 0 | M20: 97 | N20: 0 | O20: =SUM(C20:L20,N20) -> 48 | P20: =SUM(C20:N20) -> 145 | R20: 1700-1800 | S20: =SUM(C50:C53) -> 173 | T20: =SUM(D50:D53) -> 109 | U20: =SUM(E50:E53) -> 28 | V20: =SUM(F50:F53) -> 42 | W20: =SUM(G50:G53) -> 0 | X20: =SUM(H50:H53) -> 0 | Y20: =SUM(I50:I53) -> 9 | Z20: =SUM(J50:J53) -> 10 | ... AF20: =SUM(P50:P53) -> 696
B21: 09.45 - 10.00 | C21: 8 | D21: 13 | E21: 1 | F21: 1 | G21: 0 | H21: 0 | I21: 0 | J21: 0 | K21: 1 | L21: 0 | M21: 52 | N21: 0 | O21: =SUM(C21:L21,N21) -> 24 | P21: =SUM(C21:N21) -> 76 | R21: 1800-1900 | S21: =SUM(C54:C57) -> 163 | T21: =SUM(D54:D57) -> 121 | U21: =SUM(E54:E57) -> 24 | V21: =SUM(F54:F57) -> 53 | W21: =SUM(G54:G57) -> 0 | X21: =SUM(H54:H57) -> 0 | Y21: =SUM(I54:I57) -> 5 | Z21: =SUM(J54:J57) -> 6 | ... AF21: =SUM(P54:P57) -> 712
B22: 10.00 - 10.15 | C22: 27 | D22: 11 | E22: 3 | F22: 2 | G22: 0 | H22: 0 | I22: 3 | J22: 5 | K22: 3 | L22: 0 | M22: 84 | N22: 0 | O22: =SUM(C22:L22,N22) -> 54 | P22: =SUM(C22:N22) -> 138 | R22: AM Peak Hr | S22: =MAX(S10:S12) -> 59 | T22: =MAX(T10:T12) -> 49 | U22: =MAX(U10:U12) -> 18 | V22: =MAX(V10:V12) -> 13 | W22: =MAX(W10:W12) -> 1 | X22: =MAX(X10:X12) -> 0 | Y22: =MAX(Y10:Y12) -> 10 | Z22: =MAX(Z10:Z12) -> 6 | ... AF22: =MAX(AF10:AF12) -> 525
B23: 10.15 - 10.30 | C23: 23 | D23: 7 | E23: 4 | F23: 1 | G23: 0 | H23: 0 | I23: 2 | J23: 0 | K23: 3 | L23: 0 | M23: 40 | N23: 0 | O23: =SUM(C23:L23,N23) -> 40 | P23: =SUM(C23:N23) -> 80 | R23: IP Peak Hr | S23: =MAX(S13:S18) -> 83 | T23: =MAX(T13:T18) -> 41 | U23: =MAX(U13:U18) -> 23 | V23: =MAX(V13:V18) -> 33 | W23: =MAX(W13:W18) -> 0 | X23: =MAX(X13:X18) -> 4 | Y23: =MAX(Y13:Y18) -> 11 | Z23: =MAX(Z13:Z18) -> 12 | ... AF23: =MAX(AF13:AF18) -> 432
B24: 10.30 - 10.45 | C24: 8 | D24: 6 | E24: 5 | F24: 0 | G24: 0 | H24: 0 | I24: 1 | J24: 1 | K24: 1 | L24: 0 | M24: 77 | N24: 0 | O24: =SUM(C24:L24,N24) -> 22 | P24: =SUM(C24:N24) -> 99 | R24: PM Peak Hr | S24: =MAX(S19:S21) -> 173 | T24: =MAX(T19:T21) -> 121 | U24: =MAX(U19:U21) -> 29 | V24: =MAX(V19:V21) -> 53 | W24: =MAX(W19:W21) -> 5 | X24: =MAX(X19:X21) -> 1 | Y24: =MAX(Y19:Y21) -> 15 | Z24: =MAX(Z19:Z21) -> 10 | ... AF24: =MAX(AF19:AF21) -> 712
B25: 10.45 - 11.00 | C25: 10 | D25: 17 | E25: 5 | F25: 2 | G25: 0 | H25: 0 | I25: 1 | J25: 6 | K25: 0 | L25: 0 | M25: 56 | N25: 0 | O25: =SUM(C25:L25,N25) -> 41 | P25: =SUM(C25:N25) -> 97 | R25: AM Period | S25: =SUM(S10:S12) -> 159 | T25: =SUM(T10:T12) -> 109 | U25: =SUM(U10:U12) -> 44 | V25: =SUM(V10:V12) -> 26 | W25: =SUM(W10:W12) -> 2 | X25: =SUM(X10:X12) -> 0 | Y25: =SUM(Y10:Y12) -> 19 | Z25: =SUM(Z10:Z12) -> 11 | ... AF25: =SUM(AF10:AF12) -> 1341
B26: 11.00 - 11.15 | C26: 10 | D26: 3 | E26: 5 | F26: 1 | G26: 0 | H26: 0 | I26: 5 | J26: 4 | K26: 1 | L26: 0 | M26: 75 | N26: 0 | O26: =SUM(C26:L26,N26) -> 29 | P26: =SUM(C26:N26) -> 104 | R26: IP Period | S26: =SUM(S13:S18) -> 373 | T26: =SUM(T13:T18) -> 194 | U26: =SUM(U13:U18) -> 107 | V26: =SUM(V13:V18) -> 114 | W26: =SUM(W13:W18) -> 0 | X26: =SUM(X13:X18) -> 6 | Y26: =SUM(Y13:Y18) -> 49 | Z26: =SUM(Z13:Z18) -> 50 | ... AF26: =SUM(AF13:AF18) -> 2398
B27: 11.15 - 11.30 | C27: 13 | D27: 5 | E27: 2 | F27: 1 | G27: 0 | H27: 0 | I27: 2 | J27: 0 | K27: 0 | L27: 0 | M27: 54 | N27: 0 | O27: =SUM(C27:L27,N27) -> 23 | P27: =SUM(C27:N27) -> 77 | R27: PM Period | S27: =SUM(S19:S21) -> 432 | T27: =SUM(T19:T21) -> 288 | U27: =SUM(U19:U21) -> 81 | V27: =SUM(V19:V21) -> 107 | W27: =SUM(W19:W21) -> 5 | X27: =SUM(X19:X21) -> 1 | Y27: =SUM(Y19:Y21) -> 29 | Z27: =SUM(Z19:Z21) -> 20 | ... AF27: =SUM(AF19:AF21) -> 1832
B28: 11.30 - 11.45 | C28: 12 | D28: 15 | E28: 5 | F28: 5 | G28: 0 | H28: 0 | I28: 0 | J28: 3 | K28: 1 | L28: 0 | M28: 73 | N28: 0 | O28: =SUM(C28:L28,N28) -> 41 | P28: =SUM(C28:N28) -> 114 | R28: 12 Hours | S28: =SUM(S10:S21) -> 964 | T28: =SUM(T10:T21) -> 591 | U28: =SUM(U10:U21) -> 232 | V28: =SUM(V10:V21) -> 247 | W28: =SUM(W10:W21) -> 7 | X28: =SUM(X10:X21) -> 7 | Y28: =SUM(Y10:Y21) -> 97 | Z28: =SUM(Z10:Z21) -> 81 | ... AF28: =SUM(AF10:AF21) -> 5571
B29: 11.45 - 12.00 | C29: 22 | D29: 16 | E29: 4 | F29: 3 | G29: 0 | H29: 0 | I29: 1 | J29: 2 | K29: 1 | L29: 0 | M29: 77 | N29: 0 | O29: =SUM(C29:L29,N29) -> 49 | P29: =SUM(C29:N29) -> 126
B30: 12.00 - 12.15 | C30: 12 | D30: 8 | E30: 4 | F30: 5 | G30: 0 | H30: 2 | I30: 1 | J30: 2 | K30: 5 | L30: 0 | M30: 65 | N30: 0 | O30: =SUM(C30:L30,N30) -> 39 | P30: =SUM(C30:N30) -> 104
B31: 12.15 - 12.30 | C31: 12 | D31: 5 | E31: 2 | F31: 2 | G31: 0 | H31: 0 | I31: 7 | J31: 0 | K31: 0 | L31: 0 | M31: 64 | N31: 0 | O31: =SUM(C31:L31,N31) -> 28 | P31: =SUM(C31:N31) -> 92
B32: 12.30 - 12.45 | C32: 24 | D32: 6 | E32: 7 | F32: 8 | G32: 0 | H32: 0 | I32: 3 | J32: 3 | K32: 0 | L32: 0 | M32: 78 | N32: 0 | O32: =SUM(C32:L32,N32) -> 51 | P32: =SUM(C32:N32) -> 129
B33: 12.45 - 13.00 | C33: 13 | D33: 12 | E33: 10 | F33: 7 | G33: 0 | H33: 2 | I33: 0 | J33: 2 | K33: 0 | L33: 0 | M33: 38 | N33: 0 | O33: =SUM(C33:L33,N33) -> 46 | P33: =SUM(C33:N33) -> 84
B34: 13.00 - 13.15 | C34: 14 | D34: 13 | E34: 2 | F34: 11 | G34: 0 | H34: 0 | I34: 2 | J34: 5 | K34: 2 | L34: 0 | M34: 67 | N34: 0 | O34: =SUM(C34:L34,N34) -> 49 | P34: =SUM(C34:N34) -> 116
B35: 13.15 - 13.30 | C35: 23 | D35: 0 | E35: 6 | F35: 7 | G35: 0 | H35: 0 | I35: 1 | J35: 1 | K35: 0 | L35: 0 | M35: 67 | N35: 0 | O35: =SUM(C35:L35,N35) -> 38 | P35: =SUM(C35:N35) -> 105
B36: 13.30 - 13.45 | C36: 28 | D36: 3 | E36: 3 | F36: 11 | G36: 0 | H36: 0 | I36: 3 | J36: 1 | K36: 0 | L36: 0 | M36: 66 | N36: 0 | O36: =SUM(C36:L36,N36) -> 49 | P36: =SUM(C36:N36) -> 115
B37: 13.45 - 14.00 | C37: 18 | D37: 4 | E37: 0 | F37: 4 | G37: 0 | H37: 0 | I37: 0 | J37: 1 | K37: 2 | L37: 0 | M37: 67 | N37: 0 | O37: =SUM(C37:L37,N37) -> 29 | P37: =SUM(C37:N37) -> 96
B38: 14.00 - 14.15 | C38: 18 | D38: 7 | E38: 2 | F38: 11 | G38: 0 | H38: 1 | I38: 2 | J38: 1 | K38: 0 | L38: 0 | M38: 83 | N38: 0 | O38: =SUM(C38:L38,N38) -> 42 | P38: =SUM(C38:N38) -> 125
B39: 14.15 - 14.30 | C39: 8 | D39: 5 | E39: 13 | F39: 4 | G39: 0 | H39: 0 | I39: 6 | J39: 2 | K39: 1 | L39: 0 | M39: 53 | N39: 0 | O39: =SUM(C39:L39,N39) -> 39 | P39: =SUM(C39:N39) -> 92
B40: 14.30 - 14.45 | C40: 7 | D40: 3 | E40: 1 | F40: 2 | G40: 0 | H40: 0 | I40: 0 | J40: 0 | K40: 1 | L40: 0 | M40: 35 | N40: 0 | O40: =SUM(C40:L40,N40) -> 14 | P40: =SUM(C40:N40) -> 49
... B57: 18.45 - 19.00 | C57: 36 | D57: 16 | E57: 4 | F57: 8 | G57: 0 | H57: 0 | I57: 2 | J57: 1 | K57: 0 | L57: 0 | M57: 64 | N57: 0 | O57: =SUM(C57:L57,N57) -> 67 | P57: =SUM(C57:N57) -> 131
B58: Totals | C58: =SUM(C10:C57) -> 964 | D58: =SUM(D10:D57) -> 591 | E58: =SUM(E10:E57) -> 232 | F58: =SUM(F10:F57) -> 247 | G58: =SUM(G10:G57) -> 7 | H58: =SUM(H10:H57) -> 7 | I58: =SUM(I10:I57) -> 97 | J58: =SUM(J10:J57) -> 81 | ... P58: =SUM(P10:P57) -> 5571
B59: %ges + MCs | C59: =C58/$P$58 -> 0.17303895 | D59: =D58/$P$58 -> 0.10608508 | E59: =E58/$P$58 -> 0.041644229 | F59: =F58/$P$58 -> 0.044336744 | G59: =G58/$P$58 -> 0.0012565069 | H59: =H58/$P$58 -> 0.0012565069 | I59: =I58/$P$58 -> 0.017411596 | J59: =J58/$P$58 -> 0.01453958 | ... N59: =N58/$P$58 -> 0
B60: %ges w/o MCs | C60: =C58/$O$58 -> 0.41986063 | D60: =D58/$O$58 -> 0.25740418 | E60: =E58/$O$58 -> 0.1010453 | F60: =F58/$O$58 -> 0.1075784 | G60: =G58/$O$58 -> 0.0030487805 | H60: =H58/$O$58 -> 0.0030487805 | I60: =I58/$O$58 -> 0.042247387 | J60: =J58/$O$58 -> 0.035278746 | ... L60: =L58/$O$58 -> 0.00043554007 | N60: =N58/$O$58 -> 0

Sheet 30.07 Kyebando-Bukoto
B1: Consultancy services for Preparation of Expressway Development Master Plan (EDMP) for Uganda
B2: MANUAL CLASSIFIED COUNT (MCC)
B3: ROAD NAME: | C3: ='29.07 Kyebando-Bukoto'!C3:G3 -> MCC - C1 - STN30 - KYEBANDO - KISALOSALO ROAD
C5: Date | D5: 30.07.19 | F5: Location | G5: ='29.07 Kyebando-Bukoto'!G5:H5 -> Kyebando Round | J5: Surveyor | K5: ='29.07 Kyebando-Bukoto'!K5:L5 -> AHISIBWE SARAH
C6: Dir. From | D6: ='29.07 Kyebando-Bukoto'!D6:E6 -> Kyebando | F6: Dir. To | G6: ='29.07 Kyebando-Bukoto'!G6:H6 -> Bukoto | J6: Supervisor | K6: ='29.07 Kyebando-Bukoto'!K6:L6 -> STEVEN
B8: Time / Veh Type | R8: SUMMARY TRAFFIC VOLUMES
C9: 1. Car | D9: 2. Station Wagon | E9: 3. Pickups | F9: 4. Minibus, matatu | G9: 5. Medium bus | H9: 6. Large Bus | I9: 7. Light Truck | J9: 8. Medium Truck | K9: 9. Heavy truck | L9: 10. Truck Trailer | M9: 11. Motor cycles | N9: 12. Tractors | O9: Total Excl M/Cycles | P9: Total All | R9: Time | S9: 1. Car | T9: 2. Station Wagon | U9: 3. Pickups | V9: 4. Minibus, matatu | W9: 5. Medium bus | X9: 6. Large Bus | Y9: 7. Light Truck | Z9: 8. Medium Truck | AA9: 9. Heavy truck | AB9: 10. Truck Trailer | AC9: 11. Motorcycles | AD9: 12. Tractors, Graders | AE9: Total Excl M/ Cycles | AF9: Total All
B10: 07.00 - 07.15 | C10: 0 | D10: 0 | E10: 0 | F10: 0 | G10: 0 | H10: 0 | I10: 0 | J10: 0 | K10: 0 | L10: 0 | M10: 0 | N10: 0 | O10: =SUM(C10:L10,N10) -> 0 | P10: =SUM(C10:N10) -> 0 | R10: 0700-0800 | S10: =SUM(C10:C13) -> 0 | T10: =SUM(D10:D13) -> 0 | U10: =SUM(E10:E13) -> 0 | V10: =SUM(F10:F13) -> 0 | W10: =SUM(G10:G13) -> 0 | X10: =SUM(H10:H13) -> 0 | Y10: =SUM(I10:I13) -> 0 | Z10: =SUM(J10:J13) -> 0 | ... AF10: =SUM(P10:P13) -> 0
B11: 07.15 - 07.30 | C11: 0 | D11: 0 | E11: 0 | F11: 0 | G11: 0 | H11: 0 | I11: 0 | J11: 0 | K11: 0 | L11: 0 | M11: 0 | N11: 0 | O11: =SUM(C11:L11,N11) -> 0 | P11: =SUM(C11:N11) -> 0 | R11: 0800-0900 | S11: =SUM(C14:C17) -> 0 | T11: =SUM(D14:D17) -> 0 | U11: =SUM(E14:E17) -> 0 | V11: =SUM(F14:F17) -> 0 | W11: =SUM(G14:G17) -> 0 | X11: =SUM(H14:H17) -> 0 | Y11: =SUM(I14:I17) -> 0 | Z11: =SUM(J14:J17) -> 0 | ... AF11: =SUM(P14:P17) -> 0
B12: 07.30 - 07.45 | C12: 0 | D12: 0 | E12: 0 | F12: 0 | G12: 0 | H12: 0 | I12: 0 | J12: 0 | K12: 0 | L12: 0 | M12: 0 | N12: 0 | O12: =SUM(C12:L12,N12) -> 0 | P12: =SUM(C12:N12) -> 0 | R12: 0900-1000 | S12: =SUM(C18:C21) -> 78 | T12: =SUM(D18:D21) -> 47 | U12: =SUM(E18:E21) -> 21 | V12: =SUM(F18:F21) -> 7 | W12: =SUM(G18:G21) -> 0 | X12: =SUM(H18:H21) -> 0 | Y12: =SUM(I18:I21) -> 9 | Z12: =SUM(J18:J21) -> 0 | ... AF12: =SUM(P18:P21) -> 291
B13: 07.45 - 08.00 | C13: 0 | D13: 0 | E13: 0 | F13: 0 | G13: 0 | H13: 0 | I13: 0 | J13: 0 | K13: 0 | L13: 0 | M13: 0 | N13: 0 | O13: =SUM(C13:L13,N13) -> 0 | P13: =SUM(C13:N13) -> 0 | R13: 1000-1100 | S13: =SUM(C22:C25) -> 77 | T13: =SUM(D22:D25) -> 62 | U13: =SUM(E22:E25) -> 23 | V13: =SUM(F22:F25) -> 11 | W13: =SUM(G22:G25) -> 0 | X13: =SUM(H22:H25) -> 0 | Y13: =SUM(I22:I25) -> 11 | Z13: =SUM(J22:J25) -> 0 | ... AF13: =SUM(P22:P25) -> 388
B14: 08.00 - 08.15 | C14: 0 | D14: 0 | E14: 0 | F14: 0 | G14: 0 | H14: 0 | I14: 0 | J14: 0 | K14: 0 | L14: 0 | M14: 0 | N14: 0 | O14: =SUM(C14:L14,N14) -> 0 | P14: =SUM(C14:N14) -> 0 | R14: 1100-1200 | S14: =SUM(C26:C29) -> 98 | T14: =SUM(D26:D29) -> 39 | U14: =SUM(E26:E29) -> 23 | V14: =SUM(F26:F29) -> 7 | W14: =SUM(G26:G29) -> 0 | X14: =SUM(H26:H29) -> 0 | Y14: =SUM(I26:I29) -> 4 | Z14: =SUM(J26:J29) -> 1 | ... AF14: =SUM(P26:P29) -> 364
B15: 08.15 - 08.30 | C15: 0 | D15: 0 | E15: 0 | F15: 0 | G15: 0 | H15: 0 | I15: 0 | J15: 0 | K15: 0 | L15: 0 | M15: 0 | N15: 0 | O15: =SUM(C15:L15,N15) -> 0 | P15: =SUM(C15:N15) -> 0 | R15: 1200-1300 | S15: =SUM(C30:C33) -> 104 | T15: =SUM(D30:D33) -> 36 | U15: =SUM(E30:E33) -> 32 | V15: =SUM(F30:F33) -> 4 | W15: =SUM(G30:G33) -> 0 | X15: =SUM(H30:H33) -> 0 | Y15: =SUM(I30:I33) -> 4 | Z15: =SUM(J30:J33) -> 8 | ... AF15: =SUM(P30:P33) -> 388
B16: 08.30 - 08.45 | C16: 0 | D16: 0 | E16: 0 | F16: 0 | G16: 0 | H16: 0 | I16: 0 | J16: 0 | K16: 0 | L16: 0 | M16: 0 | N16: 0 | O16: =SUM(C16:L16,N16) -> 0 | P16: =SUM(C16:N16) -> 0 | R16: 1300-1400 | S16: =SUM(C34:C37) -> 102 | T16: =SUM(D34:D37) -> 40 | U16: =SUM(E34:E37) -> 25 | V16: =SUM(F34:F37) -> 11 | W16: =SUM(G34:G37) -> 1 | X16: =SUM(H34:H37) -> 0 | Y16: =SUM(I34:I37) -> 7 | Z16: =SUM(J34:J37) -> 8 | ... AF16: =SUM(P34:P37) -> 403
B17: 08.45 - 9.00 | C17: 0 | D17: 0 | E17: 0 | F17: 0 | G17: 0 | H17: 0 | I17: 0 | J17: 0 | K17: 0 | L17: 0 | M17: 0 | N17: 0 | O17: =SUM(C17:L17,N17) -> 0 | P17: =SUM(C17:N17) -> 0 | R17: 1400-1500 | S17: =SUM(C38:C41) -> 82 | T17: =SUM(D38:D41) -> 50 | U17: =SUM(E38:E41) -> 29 | V17: =SUM(F38:F41) -> 8 | W17: =SUM(G38:G41) -> 0 | X17: =SUM(H38:H41) -> 0 | Y17: =SUM(I38:I41) -> 12 | Z17: =SUM(J38:J41) -> 5 | ... AF17: =SUM(P38:P41) -> 396
B18: 09.00 - 09.15 | C18: 0 | D18: 0 | E18: 0 | F18: 0 | G18: 0 | H18: 0 | I18: 0 | J18: 0 | K18: 0 | L18: 0 | M18: 0 | N18: 0 | O18: =SUM(C18:L18,N18) -> 0 | P18: =SUM(C18:N18) -> 0 | R18: 1500-1600 | S18: =SUM(C42:C45) -> 86 | T18: =SUM(D42:D45) -> 58 | U18: =SUM(E42:E45) -> 36 | V18: =SUM(F42:F45) -> 6 | W18: =SUM(G42:G45) -> 1 | X18: =SUM(H42:H45) -> 0 | Y18: =SUM(I42:I45) -> 7 | Z18: =SUM(J42:J45) -> 7 | ... AF18: =SUM(P42:P45) -> 390
B19: 09.15 - 09.30 | C19: 25 | D19: 19 | E19: 10 | F19: 2 | G19: 0 | H19: 0 | I19: 1 | J19: 0 | K19: 0 | L19: 0 | M19: 33 | N19: 0 | O19: =SUM(C19:L19,N19) -> 57 | P19: =SUM(C19:N19) -> 90 | R19: 1600-1700 | S19: =SUM(C46:C49) -> 110 | T19: =SUM(D46:D49) -> 63 | U19: =SUM(E46:E49) -> 45 | V19: =SUM(F46:F49) -> 7 | W19: =SUM(G46:G49) -> 0 | X19: =SUM(H46:H49) -> 0 | Y19: =SUM(I46:I49) -> 2 | Z19: =SUM(J46:J49) -> 3 | ... AF19: =SUM(P46:P49) -> 447
B20: 09.30 - 09.45 | C20: 20 | D20: 15 | E20: 5 | F20: 2 | G20: 0 | H20: 0 | I20: 3 | J20: 0 | K20: 0 | L20: 0 | M20: 33 | N20: 0 | O20: =SUM(C20:L20,N20) -> 45 | P20: =SUM(C20:N20) -> 78 | R20: 1700-1800 | S20: =SUM(C50:C53) -> 136 | T20: =SUM(D50:D53) -> 52 | U20: =SUM(E50:E53) -> 35 | V20: =SUM(F50:F53) -> 12 | W20: =SUM(G50:G53) -> 1 | X20: =SUM(H50:H53) -> 0 | Y20: =SUM(I50:I53) -> 1 | Z20: =SUM(J50:J53) -> 10 | ... AF20: =SUM(P50:P53) -> 449
B21: 09.45 - 10.00 | C21: 33 | D21: 13 | E21: 6 | F21: 3 | G21: 0 | H21: 0 | I21: 5 | J21: 0 | K21: 0 | L21: 0 | M21: 63 | N21: 0 | O21: =SUM(C21:L21,N21) -> 60 | P21: =SUM(C21:N21) -> 123 | R21: 1800-1900 | S21: =SUM(C54:C57) -> 87 | T21: =SUM(D54:D57) -> 38 | U21: =SUM(E54:E57) -> 28 | V21: =SUM(F54:F57) -> 9 | W21: =SUM(G54:G57) -> 4 | X21: =SUM(H54:H57) -> 1 | Y21: =SUM(I54:I57) -> 3 | Z21: =SUM(J54:J57) -> 10 | ... AF21: =SUM(P54:P57) -> 375
B22: 10.00 - 10.15 | C22: 15 | D22: 12 | E22: 7 | F22: 2 | G22: 0 | H22: 0 | I22: 3 | J22: 0 | K22: 0 | L22: 0 | M22: 45 | N22: 0 | O22: =SUM(C22:L22,N22) -> 39 | P22: =SUM(C22:N22) -> 84 | R22: AM Peak Hr | S22: =MAX(S10:S12) -> 78 | T22: =MAX(T10:T12) -> 47 | U22: =MAX(U10:U12) -> 21 | V22: =MAX(V10:V12) -> 7 | W22: =MAX(W10:W12) -> 0 | X22: =MAX(X10:X12) -> 0 | Y22: =MAX(Y10:Y12) -> 9 | Z22: =MAX(Z10:Z12) -> 0 | ... AF22: =MAX(AF10:AF12) -> 291
B23: 10.15 - 10.30 | C23: 22 | D23: 16 | E23: 5 | F23: 5 | G23: 0 | H23: 0 | I23: 2 | J23: 0 | K23: 3 | L23: 0 | M23: 59 | N23: 0 | O23: =SUM(C23:L23,N23) -> 53 | P23: =SUM(C23:N23) -> 112 | R23: IP Peak Hr | S23: =MAX(S13:S18) -> 104 | T23: =MAX(T13:T18) -> 62 | U23: =MAX(U13:U18) -> 36 | V23: =MAX(V13:V18) -> 11 | W23: =MAX(W13:W18) -> 1 | X23: =MAX(X13:X18) -> 0 | Y23: =MAX(Y13:Y18) -> 12 | Z23: =MAX(Z13:Z18) -> 8 | ... AF23: =MAX(AF13:AF18) -> 403
B24: 10.30 - 10.45 | C24: 15 | D24: 14 | E24: 3 | F24: 1 | G24: 0 | H24: 0 | I24: 3 | J24: 0 | K24: 0 | L24: 0 | M24: 35 | N24: 0 | O24: =SUM(C24:L24,N24) -> 36 | P24: =SUM(C24:N24) -> 71 | R24: PM Peak Hr | S24: =MAX(S19:S21) -> 136 | T24: =MAX(T19:T21) -> 63 | U24: =MAX(U19:U21) -> 45 | V24: =MAX(V19:V21) -> 12 | W24: =MAX(W19:W21) -> 4 | X24: =MAX(X19:X21) -> 1 | Y24: =MAX(Y19:Y21) -> 3 | Z24: =MAX(Z19:Z21) -> 10 | ... AF24: =MAX(AF19:AF21) -> 449
B25: 10.45 - 11.00 | C25: 25 | D25: 20 | E25: 8 | F25: 3 | G25: 0 | H25: 0 | I25: 3 | J25: 0 | K25: 2 | L25: 0 | M25: 60 | N25: 0 | O25: =SUM(C25:L25,N25) -> 61 | P25: =SUM(C25:N25) -> 121 | R25: AM Period | S25: =SUM(S10:S12) -> 78 | T25: =SUM(T10:T12) -> 47 | U25: =SUM(U10:U12) -> 21 | V25: =SUM(V10:V12) -> 7 | W25: =SUM(W10:W12) -> 0 | X25: =SUM(X10:X12) -> 0 | Y25: =SUM(Y10:Y12) -> 9 | Z25: =SUM(Z10:Z12) -> 0 | ... AF25: =SUM(AF10:AF12) -> 291
B26: 11.00 - 11.15 | C26: 32 | D26: 13 | E26: 1 | F26: 3 | G26: 0 | H26: 0 | I26: 0 | J26: 0 | K26: 1 | L26: 0 | M26: 35 | N26: 0 | O26: =SUM(C26:L26,N26) -> 50 | P26: =SUM(C26:N26) -> 85 | R26: IP Period | S26: =SUM(S13:S18) -> 549 | T26: =SUM(T13:T18) -> 285 | U26: =SUM(U13:U18) -> 168 | V26: =SUM(V13:V18) -> 47 | W26: =SUM(W13:W18) -> 2 | X26: =SUM(X13:X18) -> 0 | Y26: =SUM(Y13:Y18) -> 45 | Z26: =SUM(Z13:Z18) -> 29 | ... AF26: =SUM(AF13:AF18) -> 2329
B27: 11.15 - 11.30 | C27: 19 | D27: 7 | E27: 10 | F27: 0 | G27: 0 | H27: 0 | I27: 1 | J27: 0 | K27: 6 | L27: 0 | M27: 63 | N27: 0 | O27: =SUM(C27:L27,N27) -> 43 | P27: =SUM(C27:N27) -> 106 | R27: PM Period | S27: =SUM(S19:S21) -> 333 | T27: =SUM(T19:T21) -> 153 | U27: =SUM(U19:U21) -> 108 | V27: =SUM(V19:V21) -> 28 | W27: =SUM(W19:W21) -> 5 | X27: =SUM(X19:X21) -> 1 | Y27: =SUM(Y19:Y21) -> 6 | Z27: =SUM(Z19:Z21) -> 23 | ... AF27: =SUM(AF19:AF21) -> 1271
B28: 11.30 - 11.45 | C28: 25 | D28: 12 | E28: 10 | F28: 2 | G28: 0 | H28: 0 | I28: 1 | J28: 0 | K28: 2 | L28: 0 | M28: 40 | N28: 0 | O28: =SUM(C28:L28,N28) -> 52 | P28: =SUM(C28:N28) -> 92 | R28: 12 Hours | S28: =SUM(S10:S21) -> 960 | T28: =SUM(T10:T21) -> 485 | U28: =SUM(U10:U21) -> 297 | V28: =SUM(V10:V21) -> 82 | W28: =SUM(W10:W21) -> 7 | X28: =SUM(X10:X21) -> 1 | Y28: =SUM(Y10:Y21) -> 60 | Z28: =SUM(Z10:Z21) -> 52 | ... AF28: =SUM(AF10:AF21) -> 3891
B29: 11.45 - 12.00 | C29: 22 | D29: 7 | E29: 2 | F29: 2 | G29: 0 | H29: 0 | I29: 2 | J29: 1 | K29: 0 | L29: 0 | M29: 45 | N29: 0 | O29: =SUM(C29:L29,N29) -> 36 | P29: =SUM(C29:N29) -> 81
B30: 12.00 - 12.15 | C30: 23 | D30: 7 | E30: 7 | F30: 3 | G30: 0 | H30: 0 | I30: 2 | J30: 0 | K30: 2 | L30: 0 | M30: 52 | N30: 0 | O30: =SUM(C30:L30,N30) -> 44 | P30: =SUM(C30:N30) -> 96
B31: 12.15 - 12.30 | C31: 29 | D31: 13 | E31: 5 | F31: 0 | G31: 0 | H31: 0 | I31: 1 | J31: 1 | K31: 1 | L31: 0 | M31: 55 | N31: 0 | O31: =SUM(C31:L31,N31) -> 50 | P31: =SUM(C31:N31) -> 105
B32: 12.30 - 12.45 | C32: 23 | D32: 10 | E32: 13 | F32: 0 | G32: 0 | H32: 0 | I32: 0 | J32: 4 | K32: 0 | L32: 0 | M32: 35 | N32: 0 | O32: =SUM(C32:L32,N32) -> 50 | P32: =SUM(C32:N32) -> 85
B33: 12.45 - 13.00 | C33: 29 | D33: 6 | E33: 7 | F33: 1 | G33: 0 | H33: 0 | I33: 1 | J33: 3 | K33: 0 | L33: 0 | M33: 55 | N33: 0 | O33: =SUM(C33:L33,N33) -> 47 | P33: =SUM(C33:N33) -> 102
B34: 13.00 - 13.15 | C34: 31 | D34: 8 | E34: 8 | F34: 1 | G34: 1 | H34: 0 | I34: 2 | J34: 1 | K34: 0 | L34: 0 | M34: 50 | N34: 0 | O34: =SUM(C34:L34,N34) -> 52 | P34: =SUM(C34:N34) -> 102
B35: 13.15 - 13.30 | C35: 26 | D35: 12 | E35: 5 | F35: 3 | G35: 0 | H35: 0 | I35: 3 | J35: 3 | K35: 0 | L35: 0 | M35: 51 | N35: 0 | O35: =SUM(C35:L35,N35) -> 52 | P35: =SUM(C35:N35) -> 103
B36: 13.30 - 13.45 | C36: 25 | D36: 5 | E36: 6 | F36: 4 | G36: 0 | H36: 0 | I36: 1 | J36: 1 | K36: 0 | L36: 0 | M36: 45 | N36: 0 | O36: =SUM(C36:L36,N36) -> 42 | P36: =SUM(C36:N36) -> 87
B37: 13.45 - 14.00 | C37: 20 | D37: 15 | E37: 6 | F37: 3 | G37: 0 | H37: 0 | I37: 1 | J37: 3 | K37: 0 | L37: 0 | M37: 63 | N37: 0 | O37: =SUM(C37:L37,N37) -> 48 | P37: =SUM(C37:N37) -> 111
B38: 14.00 - 14.15 | C38: 10 | D38: 9 | E38: 6 | F38: 2 | G38: 0 | H38: 0 | I38: 2 | J38: 1 | K38: 0 | L38: 0 | M38: 40 | N38: 0 | O38: =SUM(C38:L38,N38) -> 30 | P38: =SUM(C38:N38) -> 70
B39: 14.15 - 14.30 | C39: 34 | D39: 12 | E39: 7 | F39: 3 | G39: 0 | H39: 0 | I39: 3 | J39: 0 | K39: 0 | L39: 0 | M39: 50 | N39: 0 | O39: =SUM(C39:L39,N39) -> 59 | P39: =SUM(C39:N39) -> 109
B40: 14.30 - 14.45 | C40: 18 | D40: 17 | E40: 5 | F40: 1 | G40: 0 | H40: 0 | I40: 5 | J40: 3 | K40: 0 | L40: 0 | M40: 60 | N40: 0 | O40: =SUM(C40:L40,N40) -> 49 | P40: =SUM(C40:N40) -> 109
... B48: 16.30 -16.45 | C48: 30 | D48: 13 | E48: 8 | F48: 3 | G48: 0 | H48: 0 | I48: 0 | J48: 1 | K48: 0 | L48: 0 | M48: 55 | N48: 0 | O48: =SUM(C48:L48,N48) -> 55 | P48: =SUM(C48:N48) -> 110
B49: 16.45 -17.00 | C49: 23 | D49: 23 | E49: 10 | F49: 2 | G49: 0 | H49: 0 | I49: 0 | J49: 0 | L49: 0 | M49: 55 | N49: 0 | O49: =SUM(C49:L49,N49) -> 58 | P49: =SUM(C49:N49) -> 113
B50: 17.00 -17.15 | C50: 34 | D50: 16 | E50: 15 | F50: 0 | G50: 0 | H50: 0 | I50: 0 | J50: 3 | K50: 0 | L50: 0 | M50: 42 | N50: 0 | O50: =SUM(C50:L50,N50) -> 68 | P50: =SUM(C50:N50) -> 110
B51: 17.15 -17.30 | C51: 32 | D51: 15 | E51: 7 | F51: 3 | G51: 0 | H51: 0 | I51: 0 | J51: 5 | K51: 0 | L51: 0 | M51: 50 | N51: 0 | O51: =SUM(C51:L51,N51) -> 62 | P51: =SUM(C51:N51) -> 112
B52: 17.30 -17.45 | C52: 40 | D52: 6 | E52: 8 | F52: 2 | G52: 0 | H52: 0 | I52: 1 | J52: 0 | K52: 0 | L52: 0 | M52: 55 | N52: 0 | O52: =SUM(C52:L52,N52) -> 57 | P52: =SUM(C52:N52) -> 112
B53: 17.45 -18.00 | C53: 30 | D53: 15 | E53: 5 | F53: 7 | G53: 1 | H53: 0 | I53: 0 | J53: 2 | K53: 0 | L53: 0 | M53: 55 | N53: 0 | O53: =SUM(C53:L53,N53) -> 60 | P53: =SUM(C53:N53) -> 115
B54: 18.00 - 18.15 | C54: 23 | D54: 11 | E54: 5 | F54: 1 | G54: 1 | H54: 0 | I54: 1 | J54: 2 | K54: 0 | L54: 0 | M54: 55 | N54: 0 | O54: =SUM(C54:L54,N54) -> 44 | P54: =SUM(C54:N54) -> 99
B55: 18.15 - 18.30 | C55: 33 | D55: 11 | E55: 9 | F55: 4 | G55: 1 | H55: 1 | I55: 0 | J55: 1 | K55: 0 | L55: 0 | M55: 45 | N55: 0 | O55: =SUM(C55:L55,N55) -> 60 | P55: =SUM(C55:N55) -> 105
B56: 18.30 - 18.45 | C56: 21 | D56: 8 | E56: 7 | F56: 3 | G56: 0 | H56: 0 | I56: 2 | J56: 5 | K56: 0 | L56: 0 | M56: 35 | N56: 0 | O56: =SUM(C56:L56,N56) -> 46 | P56: =SUM(C56:N56) -> 81
B57: 18.45 - 19.00 | C57: 10 | D57: 8 | E57: 7 | F57: 1 | G57: 2 | H57: 0 | I57: 0 | J57: 2 | K57: 0 | L57: 0 | M57: 60 | N57: 0 | O57: =SUM(C57:L57,N57) -> 30 | P57: =SUM(C57:N57) -> 90
B58: Totals | C58: =SUM(C10:C57) -> 960 | D58: =SUM(D10:D57) -> 485 | E58: =SUM(E10:E57) -> 297 | F58: =SUM(F10:F57) -> 82 | G58: =SUM(G10:G57) -> 7 | H58: =SUM(H10:H57) -> 1 | I58: =SUM(I10:I57) -> 60 | J58: =SUM(J10:J57) -> 52 | ... P58: =SUM(P10:P57) -> 3891
B59: %ges + MCs | C59: =C58/$P$58 -> 0.24672321 | D59: =D58/$P$58 -> 0.12464662 | E59: =E58/$P$58 -> 0.076329992 | F59: =F58/$P$58 -> 0.021074274 | G59: =G58/$P$58 -> 0.0017990234 | H59: =H58/$P$58 -> 0.00025700334 | I59: =I58/$P$58 -> 0.0154202 | J59: =J58/$P$58 -> 0.013364174 | ... N59: =N58/$P$58 -> 0
B60: %ges w/o MCs | C60: =C58/$O$58 -> 0.48954615 | D60: =D58/$O$58 -> 0.24732279 | E60: =E58/$O$58 -> 0.15145334 | F60: =F58/$O$58 -> 0.0418154 | G60: =G58/$O$58 -> 0.0035696073 | H60: =H58/$O$58 -> 0.00050994391 | I60: =I58/$O$58 -> 0.030596634 | J60: =J58/$O$58 -> 0.026517083 | ... L60: =L58/$O$58 -> 0 | N60: =N58/$O$58 -> 0

Sheet 30.07 Bukoto-Kyebando
B1: Consultancy services for Preparation of Expressway Development Master Plan (EDMP) for Uganda
B2: MANUAL CLASSIFIED COUNT (MCC)
B3: ROAD NAME: | C3: ='29.07 Bukoto-Kyebando'!C3:G3 -> MCC - C1 - STN30 - KYEBANDO - KISALOSALO ROAD
C5: Date | D5: ='30.07 Kyebando-Bukoto'!D5 -> 30.07.19 | F5: Location | G5: ='29.07 Kyebando-Bukoto'!G5:H5 -> Kyebando Round | J5: Surveyor | K5: ='29.07 Kyebando-Bukoto'!K5:L5 -> AHISIBWE SARAH
C6: Dir. From | D6: ='29.07 Bukoto-Kyebando'!D6:E6 -> Bukoto | F6: Dir. To | G6: ='29.07 Bukoto-Kyebando'!G6:H6 -> Kyebando | J6: Supervisor | K6: ='29.07 Kyebando-Bukoto'!K6:L6 -> STEVEN
B8: Time / Veh Type | R8: SUMMARY TRAFFIC VOLUMES
C9: 1. Car | D9: 2. Station Wagon | E9: 3. Pickups | F9: 4. Minibus, matatu | G9: 5. Medium bus | H9: 6. Large Bus | I9: 7. Light Truck | J9: 8. Medium Truck | K9: 9. Heavy truck | L9: 10. Truck Trailer | M9: 11. Motor cycles | N9: 12. Tractors | O9: Total Excl M/Cycles | P9: Total All | R9: Time | S9: 1. Car | T9: 2. Station Wagon | U9: 3. Pickups | V9: 4. Minibus, matatu | W9: 5. Medium bus | X9: 6. Large Bus | Y9: 7. Light Truck | Z9: 8. Medium Truck | AA9: 9. Heavy truck | AB9: 10. Truck Trailer | AC9: 11. Motorcycles | AD9: 12. Tractors, Graders | AE9: Total Excl M/ Cycles | AF9: Total All
B10: 07.00 - 07.15 | C10: 0 | D10: 0 | E10: 0 | F10: 0 | G10: 0 | H10: 0 | I10: 0 | J10: 0 | K10: 0 | L10: 0 | M10: 0 | N10: 0 | O10: =SUM(C10:L10,N10) -> 0 | P10: =SUM(C10:N10) -> 0 | R10: 0700-0800 | S10: =SUM(C10:C13) -> 0 | T10: =SUM(D10:D13) -> 0 | U10: =SUM(E10:E13) -> 0 | V10: =SUM(F10:F13) -> 0 | W10: =SUM(G10:G13) -> 0 | X10: =SUM(H10:H13) -> 0 | Y10: =SUM(I10:I13) -> 0 | Z10: =SUM(J10:J13) -> 0 | ... AF10: =SUM(P10:P13) -> 0
B11: 07.15 - 07.30 | C11: 0 | D11: 0 | E11: 0 | F11: 0 | G11: 0 | H11: 0 | I11: 0 | J11: 0 | K11: 0 | L11: 0 | M11: 0 | N11: 0 | O11: =SUM(C11:L11,N11) -> 0 | P11: =SUM(C11:N11) -> 0 | R11: 0800-0900 | S11: =SUM(C14:C17) -> 0 | T11: =SUM(D14:D17) -> 0 | U11: =SUM(E14:E17) -> 0 | V11: =SUM(F14:F17) -> 0 | W11: =SUM(G14:G17) -> 0 | X11: =SUM(H14:H17) -> 0 | Y11: =SUM(I14:I17) -> 0 | Z11: =SUM(J14:J17) -> 0 | ... AF11: =SUM(P14:P17) -> 0
B12: 07.30 - 07.45 | C12: 0 | D12: 0 | E12: 0 | F12: 0 | G12: 0 | H12: 0 | I12: 0 | J12: 0 | K12: 0 | L12: 0 | M12: 0 | N12: 0 | O12: =SUM(C12:L12,N12) -> 0 | P12: =SUM(C12:N12) -> 0 | R12: 0900-1000 | S12: =SUM(C18:C21) -> 0 | T12: =SUM(D18:D21) -> 0 | U12: =SUM(E18:E21) -> 0 | V12: =SUM(F18:F21) -> 0 | W12: =SUM(G18:G21) -> 0 | X12: =SUM(H18:H21) -> 0 | Y12: =SUM(I18:I21) -> 0 | Z12: =SUM(J18:J21) -> 0 | ... AF12: =SUM(P18:P21) -> 0
B13: 07.45 - 08.00 | C13: 0 | D13: 0 | E13: 0 | F13: 0 | G13: 0 | H13: 0 | I13: 0 | J13: 0 | K13: 0 | L13: 0 | M13: 0 | N13: 0 | O13: =SUM(C13:L13,N13) -> 0 | P13: =SUM(C13:N13) -> 0 | R13: 1000-1100 | S13: =SUM(C22:C25) -> 45 | T13: =SUM(D22:D25) -> 28 | U13: =SUM(E22:E25) -> 10 | V13: =SUM(F22:F25) -> 5 | W13: =SUM(G22:G25) -> 0 | X13: =SUM(H22:H25) -> 0 | Y13: =SUM(I22:I25) -> 12 | Z13: =SUM(J22:J25) -> 3 | ... AF13: =SUM(P22:P25) -> 277
B14: 08.00 - 08.15 | C14: 0 | D14: 0 | E14: 0 | F14: 0 | G14: 0 | H14: 0 | I14: 0 | J14: 0 | K14: 0 | L14: 0 | M14: 0 | N14: 0 | O14: =SUM(C14:L14,N14) -> 0 | P14: =SUM(C14:N14) -> 0 | R14: 1100-1200 | S14: =SUM(C26:C29) -> 45 | T14: =SUM(D26:D29) -> 25 | U14: =SUM(E26:E29) -> 11 | V14: =SUM(F26:F29) -> 4 | W14: =SUM(G26:G29) -> 0 | X14: =SUM(H26:H29) -> 0 | Y14: =SUM(I26:I29) -> 8 | Z14: =SUM(J26:J29) -> 9 | ... AF14: =SUM(P26:P29) -> 274
B15: 08.15 - 08.30 | C15: 0 | D15: 0 | E15: 0 | F15: 0 | G15: 0 | H15: 0 | I15: 0 | J15: 0 | K15: 0 | L15: 0 | M15: 0 | N15: 0 | O15: =SUM(C15:L15,N15) -> 0 | P15: =SUM(C15:N15) -> 0 | R15: 1200-1300 | S15: =SUM(C30:C33) -> 59 | T15: =SUM(D30:D33) -> 39 | U15: =SUM(E30:E33) -> 13 | V15: =SUM(F30:F33) -> 4 | W15: =SUM(G30:G33) -> 0 | X15: =SUM(H30:H33) -> 0 | Y15: =SUM(I30:I33) -> 7 | Z15: =SUM(J30:J33) -> 10 | ... AF15: =SUM(P30:P33) -> 328
B16: 08.30 - 08.45 | C16: 0 | D16: 0 | E16: 0 | F16: 0 | G16: 0 | H16: 0 | I16: 0 | J16: 0 | K16: 0 | L16: 0 | M16: 0 | N16: 0 | O16: =SUM(C16:L16,N16) -> 0 | P16: =SUM(C16:N16) -> 0 | R16: 1300-1400 | S16: =SUM(C34:C37) -> 74 | T16: =SUM(D34:D37) -> 29 | U16: =SUM(E34:E37) -> 15 | V16: =SUM(F34:F37) -> 10 | W16: =SUM(G34:G37) -> 1 | X16: =SUM(H34:H37) -> 0 | Y16: =SUM(I34:I37) -> 8 | Z16: =SUM(J34:J37) -> 19 | ... AF16: =SUM(P34:P37) -> 416
B17: 08.45 - 9.00 | C17: 0 | D17: 0 | E17: 0 | F17: 0 | G17: 0 | H17: 0 | I17: 0 | J17: 0 | K17: 0 | L17: 0 | M17: 0 | N17: 0 | O17: =SUM(C17:L17,N17) -> 0 | P17: =SUM(C17:N17) -> 0 | R17: 1400-1500 | S17: =SUM(C38:C41) -> 69 | T17: =SUM(D38:D41) -> 36 | U17: =SUM(E38:E41) -> 17 | V17: =SUM(F38:F41) -> 16 | W17: =SUM(G38:G41) -> 0 | X17: =SUM(H38:H41) -> 0 | Y17: =SUM(I38:I41) -> 4 | Z17: =SUM(J38:J41) -> 20 | ... AF17: =SUM(P38:P41) -> 354
B18: 09.00 - 09.15 | C18: 0 | D18: 0 | E18: 0 | F18: 0 | G18: 0 | H18: 0 | I18: 0 | J18: 0 | K18: 0 | L18: 0 | M18: 0 | N18: 0 | O18: =SUM(C18:L18,N18) -> 0 | P18: =SUM(C18:N18) -> 0 | R18: 1500-1600 | S18: =SUM(C42:C45) -> 93 | T18: =SUM(D42:D45) -> 45 | U18: =SUM(E42:E45) -> 17 | V18: =SUM(F42:F45) -> 11 | W18: =SUM(G42:G45) -> 0 | X18: =SUM(H42:H45) -> 0 | Y18: =SUM(I42:I45) -> 8 | Z18: =SUM(J42:J45) -> 17 | ... AF18: =SUM(P42:P45) -> 385
B19: 09.15 - 09.30 | C19: 0 | D19: 0 | E19: 0 | F19: 0 | G19: 0 | H19: 0 | I19: 0 | J19: 0 | K19: 0 | L19: 0 | M19: 0 | N19: 0 | O19: =SUM(C19:L19,N19) -> 0 | P19: =SUM(C19:N19) -> 0 | R19: 1600-1700 | S19: =SUM(C46:C49) -> 140 | T19: =SUM(D46:D49) -> 62 | U19: =SUM(E46:E49) -> 39 | V19: =SUM(F46:F49) -> 15 | W19: =SUM(G46:G49) -> 1 | X19: =SUM(H46:H49) -> 1 | Y19: =SUM(I46:I49) -> 9 | Z19: =SUM(J46:J49) -> 10 | ... AF19: =SUM(P46:P49) -> 490
B20: 09.30 - 09.45 | C20: 0 | D20: 0 | E20: 0 | F20: 0 | G20: 0 | H20: 0 | I20: 0 | J20: 0 | K20: 0 | L20: 0 | M20: 0 | N20: 0 | O20: =SUM(C20:L20,N20) -> 0 | P20: =SUM(C20:N20) -> 0 | R20: 1700-1800 | S20: =SUM(C50:C53) -> 195 | T20: =SUM(D50:D53) -> 92 | U20: =SUM(E50:E53) -> 28 | V20: =SUM(F50:F53) -> 15 | W20: =SUM(G50:G53) -> 0 | X20: =SUM(H50:H53) -> 0 | Y20: =SUM(I50:I53) -> 10 | Z20: =SUM(J50:J53) -> 7 | ... AF20: =SUM(P50:P53) -> 604
B21: 09.45 - 10.00 | C21: 0 | D21: 0 | E21: 0 | F21: 0 | G21: 0 | H21: 0 | I21: 0 | J21: 0 | K21: 0 | L21: 0 | M21: 0 | N21: 0 | O21: =SUM(C21:L21,N21) -> 0 | P21: =SUM(C21:N21) -> 0 | R21: 1800-1900 | S21: =SUM(C54:C57) -> 181 | T21: =SUM(D54:D57) -> 61 | U21: =SUM(E54:E57) -> 17 | V21: =SUM(F54:F57) -> 18 | W21: =SUM(G54:G57) -> 1 | X21: =SUM(H54:H57) -> 0 | Y21: =SUM(I54:I57) -> 10 | Z21: =SUM(J54:J57) -> 11 | ... AF21: =SUM(P54:P57) -> 533
B22: 10.00 - 10.15 | C22: 9 | D22: 12 | E22: 5 | F22: 1 | G22: 0 | H22: 0 | I22: 3 | J22: 0 | K22: 1 | L22: 0 | M22: 40 | N22: 0 | O22: =SUM(C22:L22,N22) -> 31 | P22: =SUM(C22:N22) -> 71 | R22: AM Peak Hr | S22: =MAX(S10:S12) -> 0 | T22: =MAX(T10:T12) -> 0 | U22: =MAX(U10:U12) -> 0 | V22: =MAX(V10:V12) -> 0 | W22: =MAX(W10:W12) -> 0 | X22: =MAX(X10:X12) -> 0 | Y22: =MAX(Y10:Y12) -> 0 | Z22: =MAX(Z10:Z12) -> 0 | ... AF22: =MAX(AF10:AF12) -> 0
B23: 10.15 - 10.30 | C23: 16 | D23: 5 | E23: 2 | F23: 1 | G23: 0 | H23: 0 | I23: 3 | J23: 2 | K23: 0 | L23: 0 | M23: 47 | N23: 0 | O23: =SUM(C23:L23,N23) -> 29 | P23: =SUM(C23:N23) -> 76 | R23: IP Peak Hr | S23: =MAX(S13:S18) -> 93 | T23: =MAX(T13:T18) -> 45 | U23: =MAX(U13:U18) -> 17 | V23: =MAX(V13:V18) -> 16 | W23: =MAX(W13:W18) -> 1 | X23: =MAX(X13:X18) -> 0 | Y23: =MAX(Y13:Y18) -> 12 | Z23: =MAX(Z13:Z18) -> 20 | ... AF23: =MAX(AF13:AF18) -> 416
B24: 10.30 - 10.45 | C24: 9 | D24: 4 | E24: 2 | F24: 2 | G24: 0 | H24: 0 | I24: 2 | J24: 0 | K24: 0 | L24: 0 | M24: 28 | N24: 0 | O24: =SUM(C24:L24,N24) -> 19 | P24: =SUM(C24:N24) -> 47 | R24: PM Peak Hr | S24: =MAX(S19:S21) -> 195 | T24: =MAX(T19:T21) -> 92 | U24: =MAX(U19:U21) -> 39 | V24: =MAX(V19:V21) -> 18 | W24: =MAX(W19:W21) -> 1 | X24: =MAX(X19:X21) -> 1 | Y24: =MAX(Y19:Y21) -> 10 | Z24: =MAX(Z19:Z21) -> 11 | ... AF24: =MAX(AF19:AF21) -> 604
B25: 10.45 - 11.00 | C25: 11 | D25: 7 | E25: 1 | F25: 1 | G25: 0 | H25: 0 | I25: 4 | J25: 1 | K25: 1 | L25: 0 | M25: 57 | N25: 0 | O25: =SUM(C25:L25,N25) -> 26 | P25: =SUM(C25:N25) -> 83 | R25: AM Period | S25: =SUM(S10:S12) -> 0 | T25: =SUM(T10:T12) -> 0 | U25: =SUM(U10:U12) -> 0 | V25: =SUM(V10:V12) -> 0 | W25: =SUM(W10:W12) -> 0 | X25: =SUM(X10:X12) -> 0 | Y25: =SUM(Y10:Y12) -> 0 | Z25: =SUM(Z10:Z12) -> 0 | ... AF25: =SUM(AF10:AF12) -> 0
B26: 11.00 - 11.15 | C26: 12 | D26: 4 | E26: 2 | F26: 0 | G26: 0 | H26: 0 | I26: 4 | J26: 1 | K26: 1 | L26: 0 | M26: 25 | N26: 0 | O26: =SUM(C26:L26,N26) -> 24 | P26: =SUM(C26:N26) -> 49 | R26: IP Period | S26: =SUM(S13:S18) -> 385 | T26: =SUM(T13:T18) -> 202 | U26: =SUM(U13:U18) -> 83 | V26: =SUM(V13:V18) -> 50 | W26: =SUM(W13:W18) -> 1 | X26: =SUM(X13:X18) -> 0 | Y26: =SUM(Y13:Y18) -> 47 | Z26: =SUM(Z13:Z18) -> 78 | ... AF26: =SUM(AF13:AF18) -> 2034
B27: 11.15 - 11.30 | C27: 12 | D27: 8 | E27: 2 | F27: 1 | G27: 0 | H27: 0 | I27: 1 | J27: 3 | K27: 0 | L27: 0 | M27: 36 | N27: 0 | O27: =SUM(C27:L27,N27) -> 27 | P27: =SUM(C27:N27) -> 63 | R27: PM Period | S27: =SUM(S19:S21) -> 516 | T27: =SUM(T19:T21) -> 215 | U27: =SUM(U19:U21) -> 84 | V27: =SUM(V19:V21) -> 48 | W27: =SUM(W19:W21) -> 2 | X27: =SUM(X19:X21) -> 1 | Y27: =SUM(Y19:Y21) -> 29 | Z27: =SUM(Z19:Z21) -> 28 | ... AF27: =SUM(AF19:AF21) -> 1627
B28: 11.30 - 11.45 | C28: 12 | D28: 3 | E28: 4 | F28: 1 | G28: 0 | H28: 0 | I28: 1 | J28: 1 | K28: 3 | L28: 0 | M28: 48 | N28: 0 | O28: =SUM(C28:L28,N28) -> 25 | P28: =SUM(C28:N28) -> 73 | R28: 12 Hours | S28: =SUM(S10:S21) -> 901 | T28: =SUM(T10:T21) -> 417 | U28: =SUM(U10:U21) -> 167 | V28: =SUM(V10:V21) -> 98 | W28: =SUM(W10:W21) -> 3 | X28: =SUM(X10:X21) -> 1 | Y28: =SUM(Y10:Y21) -> 76 | Z28: =SUM(Z10:Z21) -> 106 | ... AF28: =SUM(AF10:AF21) -> 3661
B29: 11.45 - 12.00 | C29: 9 | D29: 10 | E29: 3 | F29: 2 | G29: 0 | H29: 0 | I29: 2 | J29: 4 | K29: 0 | L29: 0 | M29: 59 | N29: 0 | O29: =SUM(C29:L29,N29) -> 30 | P29: =SUM(C29:N29) -> 89
B30: 12.00 - 12.15 | C30: 15 | D30: 14 | E30: 5 | F30: 1 | G30: 0 | H30: 0 | I30: 5 | J30: 3 | K30: 0 | L30: 0 | M30: 42 | N30: 0 | O30: =SUM(C30:L30,N30) -> 43 | P30: =SUM(C30:N30) -> 85
B31: 12.15 - 12.30 | C31: 16 | D31: 7 | E31: 2 | F31: 0 | G31: 0 | H31: 0 | I31: 2 | J31: 1 | K31: 0 | L31: 0 | M31: 58 | N31: 0 | O31: =SUM(C31:L31,N31) -> 28 | P31: =SUM(C31:N31) -> 86
B32: 12.30 - 12.45 | C32: 11 | D32: 9 | E32: 2 | F32: 1 | G32: 0 | H32: 0 | I32: 0 | J32: 6 | K32: 3 | L32: 0 | M32: 46 | N32: 0 | O32: =SUM(C32:L32,N32) -> 32 | P32: =SUM(C32:N32) -> 78
B33: 12.45 - 13.00 | C33: 17 | D33: 9 | E33: 4 | F33: 2 | G33: 0 | H33: 0 | I33: 0 | J33: 0 | K33: 2 | L33: 0 | M33: 45 | N33: 0 | O33: =SUM(C33:L33,N33) -> 34 | P33: =SUM(C33:N33) -> 79
B34: 13.00 - 13.15 | C34: 25 | D34: 4 | E34: 2 | F34: 2 | G34: 1 | H34: 0 | I34: 2 | J34: 9 | K34: 1 | L34: 0 | M34: 60 | N34: 0 | O34: =SUM(C34:L34,N34) -> 46 | P34: =SUM(C34:N34) -> 106
B35: 13.15 - 13.30 | C35: 19 | D35: 4 | E35: 4 | F35: 1 | G35: 0 | H35: 0 | I35: 2 | J35: 4 | K35: 3 | L35: 0 | M35: 59 | N35: 0 | O35: =SUM(C35:L35,N35) -> 37 | P35: =SUM(C35:N35) -> 96
B36: 13.30 - 13.45 | C36: 14 | D36: 12 | E36: 1 | F36: 1 | G36: 0 | H36: 0 | I36: 2 | J36: 3 | K36: 5 | L36: 0 | M36: 65 | N36: 0 | O36: =SUM(C36:L36,N36) -> 38 | P36: =SUM(C36:N36) -> 103
B37: 13.45 - 14.00 | C37: 16 | D37: 9 | E37: 8 | F37: 6 | G37: 0 | H37: 0 | I37: 2 | J37: 3 | K37: 1 | L37: 0 | M37: 66 | N37: 0 | O37: =SUM(C37:L37,N37) -> 45 | P37: =SUM(C37:N37) -> 111
B38: 14.00 - 14.15 | C38: 17 | D38: 6 | E38: 4 | F38: 3 | G38: 0 | H38: 0 | I38: 1 | J38: 6 | K38: 2 | L38: 0 | M38: 46 | N38: 0 | O38: =SUM(C38:L38,N38) -> 39 | P38: =SUM(C38:N38) -> 85
B39: 14.15 - 14.30 | C39: 19 | D39: 7 | E39: 2 | F39: 4 | G39: 0 | H39: 0 | I39: 0 | J39: 4 | K39: 2 | L39: 0 | M39: 49 | N39: 0 | O39: =SUM(C39:L39,N39) -> 38 | P39: =SUM(C39:N39) -> 87
B40: 14.30 - 14.45 | C40: 17 | D40: 11 | E40: 6 | F40: 3 | G40: 0 | H40: 0 | I40: 3 | J40: 5 | K40: 0 | L40: 0 | M40: 57 | N40: 0 | O40: =SUM(C40:L40,N40) -> 45 | P40: =SUM(C40:N40) -> 102
... B57: 18.45 - 19.00 | C57: 35 | D57: 16 | E57: 2 | F57: 2 | G57: 0 | H57: 0 | I57: 3 | J57: 0 | K57: 1 | L57: 0 | M57: 60 | N57: 0 | O57: =SUM(C57:L57,N57) -> 59 | P57: =SUM(C57:N57) -> 119
B58: Totals | C58: =SUM(C10:C57) -> 901 | D58: =SUM(D10:D57) -> 417 | E58: =SUM(E10:E57) -> 167 | F58: =SUM(F10:F57) -> 98 | G58: =SUM(G10:G57) -> 3 | H58: =SUM(H10:H57) -> 1 | I58: =SUM(I10:I57) -> 76 | J58: =SUM(J10:J57) -> 106 | ... P58: =SUM(P10:P57) -> 3661
B59: %ges + MCs | C59: =C58/$P$58 -> 0.24610762 | D59: =D58/$P$58 -> 0.11390331 | E59: =E58/$P$58 -> 0.045615952 | F59: =F58/$P$58 -> 0.026768642 | G59: =G58/$P$58 -> 0.00081944824 | H59: =H58/$P$58 -> 0.00027314941 | I59: =I58/$P$58 -> 0.020759355 | J59: =J58/$P$58 -> 0.028953838 | ... N59: =N58/$P$58 -> 0
B60: %ges w/o MCs | C60: =C58/$O$58 -> 0.49478309 | D60: =D58/$O$58 -> 0.22899506 | E60: =E58/$O$58 -> 0.091707853 | F60: =F58/$O$58 -> 0.053816584 | G60: =G58/$O$58 -> 0.0016474465 | H60: =H58/$O$58 -> 0.00054914882 | I60: =I58/$O$58 -> 0.04173531 | J60: =J58/$O$58 -> 0.058209775 | ... L60: =L58/$O$58 -> 0.00054914882 | N60: =N58/$O$58 -> 0

Sheet 31.07 Kyebando-Bukoto
B1: Consultancy services for Preparation of Expressway Development Master Plan (EDMP) for Uganda
B2: MANUAL CLASSIFIED COUNT (MCC)
B3: ROAD NAME: | C3: ='29.07 Kyebando-Bukoto'!C3:G3 -> MCC - C1 - STN30 - KYEBANDO - KISALOSALO ROAD
C5: Date | D5: 31.07.19 | F5: Location | G5: ='29.07 Kyebando-Bukoto'!G5:H5 -> Kyebando Round | J5: Surveyor | K5: ='29.07 Kyebando-Bukoto'!K5:L5 -> AHISIBWE SARAH
C6: Dir. From | D6: ='29.07 Kyebando-Bukoto'!D6:E6 -> Kyebando | F6: Dir. To | G6: ='29.07 Kyebando-Bukoto'!G6:H6 -> Bukoto | J6: Supervisor | K6: ='29.07 Kyebando-Bukoto'!K6:L6 -> STEVEN
B8: Time / Veh Type | R8: SUMMARY TRAFFIC VOLUMES
C9: 1. Car | D9: 2. Station Wagon | E9: 3. Pickups | F9: 4. Minibus, matatu | G9: 5. Medium bus | H9: 6. Large Bus | I9: 7. Light Truck | J9: 8. Medium Truck | K9: 9. Heavy truck | L9: 10. Truck Trailer | M9: 11. Motor cycles | N9: 12. Tractors | O9: Total Excl M/Cycles | P9: Total All | R9: Time | S9: 1. Car | T9: 2. Station Wagon | U9: 3. Pickups | V9: 4. Minibus, matatu | W9: 5. Medium bus | X9: 6. Large Bus | Y9: 7. Light Truck | Z9: 8. Medium Truck | AA9: 9. Heavy truck | AB9: 10. Truck Trailer | AC9: 11. Motorcycles | AD9: 12. Tractors, Graders | AE9: Total Excl M/ Cycles | AF9: Total All
B10: 07.00 - 07.15 | C10: 0 | D10: 0 | E10: 0 | F10: 0 | G10: 0 | H10: 0 | I10: 0 | J10: 0 | K10: 0 | L10: 0 | M10: 0 | N10: 0 | O10: =SUM(C10:L10,N10) -> 0 | P10: =SUM(C10:N10) -> 0 | R10: 0700-0800 | S10: =SUM(C10:C13) -> 0 | T10: =SUM(D10:D13) -> 0 | U10: =SUM(E10:E13) -> 0 | V10: =SUM(F10:F13) -> 0 | W10: =SUM(G10:G13) -> 0 | X10: =SUM(H10:H13) -> 0 | Y10: =SUM(I10:I13) -> 0 | Z10: =SUM(J10:J13) -> 0 | ... AF10: =SUM(P10:P13) -> 0
B11: 07.15 - 07.30 | C11: 0 | D11: 0 | E11: 0 | F11: 0 | G11: 0 | H11: 0 | I11: 0 | J11: 0 | K11: 0 | L11: 0 | M11: 0 | N11: 0 | O11: =SUM(C11:L11,N11) -> 0 | P11: =SUM(C11:N11) -> 0 | R11: 0800-0900 | S11: =SUM(C14:C17) -> 40 | T11: =SUM(D14:D17) -> 28 | U11: =SUM(E14:E17) -> 9 | V11: =SUM(F14:F17) -> 1 | W11: =SUM(G14:G17) -> 0 | X11: =SUM(H14:H17) -> 0 | Y11: =SUM(I14:I17) -> 1 | Z11: =SUM(J14:J17) -> 0 | ... AF11: =SUM(P14:P17) -> 154
B12: 07.30 - 07.45 | C12: 0 | D12: 0 | E12: 0 | F12: 0 | G12: 0 | H12: 0 | I12: 0 | J12: 0 | K12: 0 | L12: 0 | M12: 0 | N12: 0 | O12: =SUM(C12:L12,N12) -> 0 | P12: =SUM(C12:N12) -> 0 | R12: 0900-1000 | S12: =SUM(C18:C21) -> 150 | T12: =SUM(D18:D21) -> 65 | U12: =SUM(E18:E21) -> 40 | V12: =SUM(F18:F21) -> 13 | W12: =SUM(G18:G21) -> 2 | X12: =SUM(H18:H21) -> 0 | Y12: =SUM(I18:I21) -> 6 | Z12: =SUM(J18:J21) -> 9 | ... AF12: =SUM(P18:P21) -> 591
B13: 07.45 - 08.00 | C13: 0 | D13: 0 | E13: 0 | F13: 0 | G13: 0 | H13: 0 | I13: 0 | J13: 0 | K13: 0 | L13: 0 | M13: 0 | N13: 0 | O13: =SUM(C13:L13,N13) -> 0 | P13: =SUM(C13:N13) -> 0 | R13: 1000-1100 | S13: =SUM(C22:C25) -> 125 | T13: =SUM(D22:D25) -> 35 | U13: =SUM(E22:E25) -> 28 | V13: =SUM(F22:F25) -> 14 | W13: =SUM(G22:G25) -> 4 | X13: =SUM(H22:H25) -> 0 | Y13: =SUM(I22:I25) -> 6 | Z13: =SUM(J22:J25) -> 3 | ... AF13: =SUM(P22:P25) -> 449
B14: 08.00 - 08.15 | C14: 0 | D14: 0 | E14: 0 | F14: 0 | G14: 0 | H14: 0 | I14: 0 | J14: 0 | K14: 0 | L14: 0 | M14: 0 | N14: 0 | O14: =SUM(C14:L14,N14) -> 0 | P14: =SUM(C14:N14) -> 0 | R14: 1100-1200 | S14: =SUM(C26:C29) -> 109 | T14: =SUM(D26:D29) -> 44 | U14: =SUM(E26:E29) -> 22 | V14: =SUM(F26:F29) -> 9 | W14: =SUM(G26:G29) -> 0 | X14: =SUM(H26:H29) -> 1 | Y14: =SUM(I26:I29) -> 17 | Z14: =SUM(J26:J29) -> 7 | ... AF14: =SUM(P26:P29) -> 415
B15: 08.15 - 08.30 | C15: 0 | D15: 0 | E15: 0 | F15: 0 | G15: 0 | H15: 0 | I15: 0 | J15: 0 | K15: 0 | L15: 0 | M15: 0 | N15: 0 | O15: =SUM(C15:L15,N15) -> 0 | P15: =SUM(C15:N15) -> 0 | R15: 1200-1300 | S15: =SUM(C30:C33) -> 88 | T15: =SUM(D30:D33) -> 33 | U15: =SUM(E30:E33) -> 17 | V15: =SUM(F30:F33) -> 9 | W15: =SUM(G30:G33) -> 0 | X15: =SUM(H30:H33) -> 0 | Y15: =SUM(I30:I33) -> 8 | Z15: =SUM(J30:J33) -> 9 | ... AF15: =SUM(P30:P33) -> 362
B16: 08.30 - 08.45 | C16: 0 | D16: 0 | E16: 0 | F16: 0 | G16: 0 | H16: 0 | I16: 0 | J16: 0 | K16: 0 | L16: 0 | M16: 0 | N16: 0 | O16: =SUM(C16:L16,N16) -> 0 | P16: =SUM(C16:N16) -> 0 | R16: 1300-1400 | S16: =SUM(C34:C37) -> 81 | T16: =SUM(D34:D37) -> 31 | U16: =SUM(E34:E37) -> 19 | V16: =SUM(F34:F37) -> 17 | W16: =SUM(G34:G37) -> 0 | X16: =SUM(H34:H37) -> 0 | Y16: =SUM(I34:I37) -> 7 | Z16: =SUM(J34:J37) -> 7 | ... AF16: =SUM(P34:P37) -> 356
B17: 08.45 - 9.00 | C17: 40 | D17: 28 | E17: 9 | F17: 1 | G17: 0 | H17: 0 | I17: 1 | J17: 0 | K17: 0 | L17: 0 | M17: 75 | N17: 0 | O17: =SUM(C17:L17,N17) -> 79 | P17: =SUM(C17:N17) -> 154 | R17: 1400-1500 | S17: =SUM(C38:C41) -> 89 | T17: =SUM(D38:D41) -> 35 | U17: =SUM(E38:E41) -> 14 | V17: =SUM(F38:F41) -> 15 | W17: =SUM(G38:G41) -> 0 | X17: =SUM(H38:H41) -> 0 | Y17: =SUM(I38:I41) -> 6 | Z17: =SUM(J38:J41) -> 9 | ... AF17: =SUM(P38:P41) -> 336
B18: 09.00 - 09.15 | C18: 55 | D18: 30 | E18: 10 | F18: 7 | G18: 0 | H18: 0 | I18: 1 | J18: 5 | K18: 0 | L18: 0 | M18: 90 | N18: 0 | O18: =SUM(C18:L18,N18) -> 108 | P18: =SUM(C18:N18) -> 198 | R18: 1500-1600 | S18: =SUM(C42:C45) -> 100 | T18: =SUM(D42:D45) -> 58 | U18: =SUM(E42:E45) -> 33 | V18: =SUM(F42:F45) -> 21 | W18: =SUM(G42:G45) -> 0 | X18: =SUM(H42:H45) -> 0 | Y18: =SUM(I42:I45) -> 10 | Z18: =SUM(J42:J45) -> 10 | ... AF18: =SUM(P42:P45) -> 421
B19: 09.15 - 09.30 | C19: 30 | D19: 12 | E19: 15 | F19: 3 | G19: 2 | H19: 0 | I19: 0 | J19: 1 | K19: 0 | L19: 0 | M19: 80 | N19: 0 | O19: =SUM(C19:L19,N19) -> 63 | P19: =SUM(C19:N19) -> 143 | R19: 1600-1700 | S19: =SUM(C46:C49) -> 113 | T19: =SUM(D46:D49) -> 65 | U19: =SUM(E46:E49) -> 38 | V19: =SUM(F46:F49) -> 15 | W19: =SUM(G46:G49) -> 0 | X19: =SUM(H46:H49) -> 0 | Y19: =SUM(I46:I49) -> 11 | Z19: =SUM(J46:J49) -> 8 | ... AF19: =SUM(P46:P49) -> 432
B20: 09.30 - 09.45 | C20: 40 | D20: 10 | E20: 5 | F20: 2 | G20: 0 | H20: 0 | I20: 3 | J20: 3 | K20: 1 | L20: 0 | M20: 65 | N20: 0 | O20: =SUM(C20:L20,N20) -> 64 | P20: =SUM(C20:N20) -> 129 | R20: 1700-1800 | S20: =SUM(C50:C53) -> 112 | T20: =SUM(D50:D53) -> 57 | U20: =SUM(E50:E53) -> 28 | V20: =SUM(F50:F53) -> 27 | W20: =SUM(G50:G53) -> 1 | X20: =SUM(H50:H53) -> 1 | Y20: =SUM(I50:I53) -> 12 | Z20: =SUM(J50:J53) -> 4 | ... AF20: =SUM(P50:P53) -> 444
B21: 09.45 - 10.00 | C21: 25 | D21: 13 | E21: 10 | F21: 1 | G21: 0 | H21: 0 | I21: 2 | J21: 0 | K21: 0 | L21: 0 | M21: 70 | N21: 0 | O21: =SUM(C21:L21,N21) -> 51 | P21: =SUM(C21:N21) -> 121 | R21: 1800-1900 | S21: =SUM(C54:C57) -> 136 | T21: =SUM(D54:D57) -> 45 | U21: =SUM(E54:E57) -> 16 | V21: =SUM(F54:F57) -> 11 | W21: =SUM(G54:G57) -> 0 | X21: =SUM(H54:H57) -> 0 | Y21: =SUM(I54:I57) -> 7 | Z21: =SUM(J54:J57) -> 3 | ... AF21: =SUM(P54:P57) -> 482
B22: 10.00 - 10.15 | C22: 26 | D22: 10 | E22: 10 | F22: 5 | G22: 0 | H22: 0 | I22: 2 | J22: 0 | K22: 2 | L22: 0 | M22: 65 | N22: 0 | O22: =SUM(C22:L22,N22) -> 55 | P22: =SUM(C22:N22) -> 120 | R22: AM Peak Hr | S22: =MAX(S10:S12) -> 150 | T22: =MAX(T10:T12) -> 65 | U22: =MAX(U10:U12) -> 40 | V22: =MAX(V10:V12) -> 13 | W22: =MAX(W10:W12) -> 2 | X22: =MAX(X10:X12) -> 0 | Y22: =MAX(Y10:Y12) -> 6 | Z22: =MAX(Z10:Z12) -> 9 | ... AF22: =MAX(AF10:AF12) -> 591
B23: 10.15 - 10.30 | C23: 38 | D23: 8 | E23: 4 | F23: 1 | G23: 0 | H23: 0 | I23: 1 | J23: 0 | K23: 1 | L23: 0 | M23: 50 | N23: 0 | O23: =SUM(C23:L23,N23) -> 53 | P23: =SUM(C23:N23) -> 103 | R23: IP Peak Hr | S23: =MAX(S13:S18) -> 125 | T23: =MAX(T13:T18) -> 58 | U23: =MAX(U13:U18) -> 33 | V23: =MAX(V13:V18) -> 21 | W23: =MAX(W13:W18) -> 4 | X23: =MAX(X13:X18) -> 1 | Y23: =MAX(Y13:Y18) -> 17 | Z23: =MAX(Z13:Z18) -> 10 | ... AF23: =MAX(AF13:AF18) -> 449
B24: 10.30 - 10.45 | C24: 26 | D24: 8 | E24: 3 | F24: 2 | G24: 4 | H24: 0 | I24: 2 | J24: 0 | K24: 2 | L24: 0 | M24: 70 | N24: 0 | O24: =SUM(C24:L24,N24) -> 47 | P24: =SUM(C24:N24) -> 117 | R24: PM Peak Hr | S24: =MAX(S19:S21) -> 136 | T24: =MAX(T19:T21) -> 65 | U24: =MAX(U19:U21) -> 38 | V24: =MAX(V19:V21) -> 27 | W24: =MAX(W19:W21) -> 1 | X24: =MAX(X19:X21) -> 1 | Y24: =MAX(Y19:Y21) -> 12 | Z24: =MAX(Z19:Z21) -> 8 | ... AF24: =MAX(AF19:AF21) -> 482
B25: 10.45 - 11.00 | C25: 35 | D25: 9 | E25: 11 | F25: 6 | G25: 0 | H25: 0 | I25: 1 | J25: 3 | K25: 1 | L25: 0 | M25: 43 | N25: 0 | O25: =SUM(C25:L25,N25) -> 66 | P25: =SUM(C25:N25) -> 109 | R25: AM Period | S25: =SUM(S10:S12) -> 190 | T25: =SUM(T10:T12) -> 93 | U25: =SUM(U10:U12) -> 49 | V25: =SUM(V10:V12) -> 14 | W25: =SUM(W10:W12) -> 2 | X25: =SUM(X10:X12) -> 0 | Y25: =SUM(Y10:Y12) -> 7 | Z25: =SUM(Z10:Z12) -> 9 | ... AF25: =SUM(AF10:AF12) -> 745
B26: 11.00 - 11.15 | C26: 35 | D26: 15 | E26: 4 | F26: 3 | G26: 0 | H26: 0 | I26: 3 | J26: 3 | K26: 0 | L26: 0 | M26: 60 | N26: 0 | O26: =SUM(C26:L26,N26) -> 63 | P26: =SUM(C26:N26) -> 123 | R26: IP Period | S26: =SUM(S13:S18) -> 592 | T26: =SUM(T13:T18) -> 236 | U26: =SUM(U13:U18) -> 133 | V26: =SUM(V13:V18) -> 85 | W26: =SUM(W13:W18) -> 4 | X26: =SUM(X13:X18) -> 1 | Y26: =SUM(Y13:Y18) -> 54 | Z26: =SUM(Z13:Z18) -> 45 | ... AF26: =SUM(AF13:AF18) -> 2339
B27: 11.15 - 11.30 | C27: 25 | D27: 7 | E27: 10 | F27: 0 | G27: 0 | H27: 1 | I27: 3 | J27: 0 | K27: 0 | L27: 0 | M27: 47 | N27: 0 | O27: =SUM(C27:L27,N27) -> 46 | P27: =SUM(C27:N27) -> 93 | R27: PM Period | S27: =SUM(S19:S21) -> 361 | T27: =SUM(T19:T21) -> 167 | U27: =SUM(U19:U21) -> 82 | V27: =SUM(V19:V21) -> 53 | W27: =SUM(W19:W21) -> 1 | X27: =SUM(X19:X21) -> 1 | Y27: =SUM(Y19:Y21) -> 30 | Z27: =SUM(Z19:Z21) -> 15 | ... AF27: =SUM(AF19:AF21) -> 1358
B28: 11.30 - 11.45 | C28: 29 | D28: 12 | E28: 6 | F28: 3 | G28: 0 | H28: 0 | I28: 6 | J28: 2 | K28: 1 | L28: 0 | M28: 53 | N28: 0 | O28: =SUM(C28:L28,N28) -> 59 | P28: =SUM(C28:N28) -> 112 | R28: 12 Hours | S28: =SUM(S10:S21) -> 1143 | T28: =SUM(T10:T21) -> 496 | U28: =SUM(U10:U21) -> 264 | V28: =SUM(V10:V21) -> 152 | W28: =SUM(W10:W21) -> 7 | X28: =SUM(X10:X21) -> 2 | Y28: =SUM(Y10:Y21) -> 91 | Z28: =SUM(Z10:Z21) -> 69 | ... AF28: =SUM(AF10:AF21) -> 4442
B29: 11.45 - 12.00 | C29: 20 | D29: 10 | E29: 2 | F29: 3 | G29: 0 | H29: 0 | I29: 5 | J29: 2 | K29: 0 | L29: 0 | M29: 45 | N29: 0 | O29: =SUM(C29:L29,N29) -> 42 | P29: =SUM(C29:N29) -> 87
B30: 12.00 - 12.15 | C30: 18 | D30: 8 | E30: 6 | F30: 4 | G30: 0 | H30: 0 | I30: 2 | J30: 0 | K30: 0 | L30: 0 | M30: 51 | N30: 0 | O30: =SUM(C30:L30,N30) -> 38 | P30: =SUM(C30:N30) -> 89
B31: 12.15 - 12.30 | C31: 30 | D31: 6 | E31: 5 | F31: 1 | G31: 0 | H31: 0 | I31: 5 | J31: 4 | K31: 2 | L31: 0 | M31: 53 | N31: 0 | O31: =SUM(C31:L31,N31) -> 53 | P31: =SUM(C31:N31) -> 106
B32: 12.30 - 12.45 | C32: 20 | D32: 10 | E32: 4 | F32: 2 | G32: 0 | H32: 0 | I32: 0 | J32: 2 | K32: 0 | L32: 0 | M32: 45 | N32: 0 | O32: =SUM(C32:L32,N32) -> 38 | P32: =SUM(C32:N32) -> 83
B33: 12.45 - 13.00 | C33: 20 | D33: 9 | E33: 2 | F33: 2 | G33: 0 | H33: 0 | I33: 1 | J33: 3 | K33: 0 | L33: 0 | M33: 47 | N33: 0 | O33: =SUM(C33:L33,N33) -> 37 | P33: =SUM(C33:N33) -> 84
B34: 13.00 - 13.15 | C34: 20 | D34: 10 | E34: 6 | F34: 5 | G34: 0 | H34: 0 | I34: 1 | J34: 3 | K34: 0 | L34: 0 | M34: 53 | N34: 0 | O34: =SUM(C34:L34,N34) -> 45 | P34: =SUM(C34:N34) -> 98
B35: 13.15 - 13.30 | C35: 20 | D35: 8 | E35: 4 | F35: 3 | G35: 0 | H35: 0 | I35: 0 | J35: 0 | K35: 2 | L35: 0 | M35: 55 | N35: 0 | O35: =SUM(C35:L35,N35) -> 37 | P35: =SUM(C35:N35) -> 92
B36: 13.30 - 13.45 | C36: 21 | D36: 8 | E36: 6 | F36: 5 | G36: 0 | H36: 0 | I36: 2 | J36: 3 | K36: 1 | L36: 0 | M36: 39 | N36: 0 | O36: =SUM(C36:L36,N36) -> 46 | P36: =SUM(C36:N36) -> 85
B37: 13.45 - 14.00 | C37: 20 | D37: 5 | E37: 3 | F37: 4 | G37: 0 | H37: 0 | I37: 4 | J37: 1 | K37: 1 | L37: 0 | M37: 43 | N37: 0 | O37: =SUM(C37:L37,N37) -> 38 | P37: =SUM(C37:N37) -> 81
B38: 14.00 - 14.15 | C38: 27 | D38: 10 | E38: 5 | F38: 5 | G38: 0 | H38: 0 | I38: 1 | J38: 4 | K38: 0 | L38: 0 | M38: 53 | N38: 0 | O38: =SUM(C38:L38,N38) -> 52 | P38: =SUM(C38:N38) -> 105
B39: 14.15 - 14.30 | C39: 23 | D39: 10 | E39: 3 | F39: 2 | G39: 0 | H39: 0 | I39: 0 | J39: 3 | K39: 1 | L39: 0 | M39: 30 | N39: 0 | O39: =SUM(C39:L39,N39) -> 42 | P39: =SUM(C39:N39) -> 72
B40: 14.30 - 14.45 | C40: 15 | D40: 10 | E40: 2 | F40: 3 | G40: 0 | H40: 0 | I40: 5 | J40: 0 | K40: 1 | L40: 0 | M40: 48 | N40: 0 | O40: =SUM(C40:L40,N40) -> 36 | P40: =SUM(C40:N40) -> 84
... B57: 18.45 - 19.00 | C57: 28 | D57: 10 | E57: 1 | F57: 0 | G57: 0 | H57: 0 | I57: 1 | J57: 3 | K57: 1 | L57: 0 | M57: 60 | N57: 0 | O57: =SUM(C57:L57,N57) -> 44 | P57: =SUM(C57:N57) -> 104
B58: Totals | C58: =SUM(C10:C57) -> 1143 | D58: =SUM(D10:D57) -> 496 | E58: =SUM(E10:E57) -> 264 | F58: =SUM(F10:F57) -> 152 | G58: =SUM(G10:G57) -> 7 | H58: =SUM(H10:H57) -> 2 | I58: =SUM(I10:I57) -> 91 | J58: =SUM(J10:J57) -> 69 | ... P58: =SUM(P10:P57) -> 4442
B59: %ges + MCs | C59: =C58/$P$58 -> 0.25731652 | D59: =D58/$P$58 -> 0.11166141 | E59: =E58/$P$58 -> 0.059432688 | F59: =F58/$P$58 -> 0.03421882 | G59: =G58/$P$58 -> 0.0015758667 | H59: =H58/$P$58 -> 0.00045024764 | I59: =I58/$P$58 -> 0.020486267 | J59: =J58/$P$58 -> 0.015533543 | ... N59: =N58/$P$58 -> 0
B60: %ges w/o MCs | C60: =C58/$O$58 -> 0.50396825 | D60: =D58/$O$58 -> 0.21869489 | E60: =E58/$O$58 -> 0.11640212 | F60: =F58/$O$58 -> 0.0670194 | G60: =G58/$O$58 -> 0.0030864198 | H60: =H58/$O$58 -> 0.00088183422 | I60: =I58/$O$58 -> 0.040123457 | J60: =J58/$O$58 -> 0.03042328 | ... L60: =L58/$O$58 -> 0.00044091711 | N60: =N58/$O$58 -> 0

Sheet 31.07 Bukoto-Kyebando
B1: Consultancy services for Preparation of Expressway Development Master Plan (EDMP) for Uganda
B2: MANUAL CLASSIFIED COUNT (MCC)
B3: ROAD NAME: | C3: ='29.07 Bukoto-Kyebando'!C3:G3 -> MCC - C1 - STN30 - KYEBANDO - KISALOSALO ROAD
C5: Date | D5: ='31.07 Kyebando-Bukoto'!D5 -> 31.07.19 | F5: Location | G5: ='29.07 Kyebando-Bukoto'!G5:H5 -> Kyebando Round | J5: Surveyor | K5: ='29.07 Kyebando-Bukoto'!K5:L5 -> AHISIBWE SARAH
C6: Dir. From | D6: ='29.07 Bukoto-Kyebando'!D6:E6 -> Bukoto | F6: Dir. To | G6: ='29.07 Bukoto-Kyebando'!G6:H6 -> Kyebando | J6: Supervisor | K6: ='29.07 Kyebando-Bukoto'!K6:L6 -> STEVEN
B8: Time / Veh Type | R8: SUMMARY TRAFFIC VOLUMES
C9: 1. Car | D9: 2. Station Wagon | E9: 3. Pickups | F9: 4. Minibus, matatu | G9: 5. Medium bus | H9: 6. Large Bus | I9: 7. Light Truck | J9: 8. Medium Truck | K9: 9. Heavy truck | L9: 10. Truck Trailer | M9: 11. Motor cycles | N9: 12. Tractors | O9: Total Excl M/Cycles | P9: Total All | R9: Time | S9: 1. Car | T9: 2. Station Wagon | U9: 3. Pickups | V9: 4. Minibus, matatu | W9: 5. Medium bus | X9: 6. Large Bus | Y9: 7. Light Truck | Z9: 8. Medium Truck | AA9: 9. Heavy truck | AB9: 10. Truck Trailer | AC9: 11. Motorcycles | AD9: 12. Tractors, Graders | AE9: Total Excl M/ Cycles | AF9: Total All
B10: 07.00 - 07.15 | C10: 0 | D10: 0 | E10: 0 | F10: 0 | G10: 0 | H10: 0 | I10: 0 | J10: 0 | K10: 0 | L10: 0 | M10: 0 | N10: 0 | O10: =SUM(C10:L10,N10) -> 0 | P10: =SUM(C10:N10) -> 0 | R10: 0700-0800 | S10: =SUM(C10:C13) -> 0 | T10: =SUM(D10:D13) -> 0 | U10: =SUM(E10:E13) -> 0 | V10: =SUM(F10:F13) -> 0 | W10: =SUM(G10:G13) -> 0 | X10: =SUM(H10:H13) -> 0 | Y10: =SUM(I10:I13) -> 0 | Z10: =SUM(J10:J13) -> 0 | ... AF10: =SUM(P10:P13) -> 0
B11: 07.15 - 07.30 | C11: 0 | D11: 0 | E11: 0 | F11: 0 | G11: 0 | H11: 0 | I11: 0 | J11: 0 | K11: 0 | L11: 0 | M11: 0 | N11: 0 | O11: =SUM(C11:L11,N11) -> 0 | P11: =SUM(C11:N11) -> 0 | R11: 0800-0900 | S11: =SUM(C14:C17) -> 6 | T11: =SUM(D14:D17) -> 2 | U11: =SUM(E14:E17) -> 2 | V11: =SUM(F14:F17) -> 1 | W11: =SUM(G14:G17) -> 0 | X11: =SUM(H14:H17) -> 0 | Y11: =SUM(I14:I17) -> 0 | Z11: =SUM(J14:J17) -> 2 | ... AF11: =SUM(P14:P17) -> 112
B12: 07.30 - 07.45 | C12: 0 | D12: 0 | E12: 0 | F12: 0 | G12: 0 | H12: 0 | I12: 0 | J12: 0 | K12: 0 | L12: 0 | M12: 0 | N12: 0 | O12: =SUM(C12:L12,N12) -> 0 | P12: =SUM(C12:N12) -> 0 | R12: 0900-1000 | S12: =SUM(C18:C21) -> 55 | T12: =SUM(D18:D21) -> 34 | U12: =SUM(E18:E21) -> 14 | V12: =SUM(F18:F21) -> 10 | W12: =SUM(G18:G21) -> 0 | X12: =SUM(H18:H21) -> 6 | Y12: =SUM(I18:I21) -> 7 | Z12: =SUM(J18:J21) -> 9 | ... AF12: =SUM(P18:P21) -> 501
B13: 07.45 - 08.00 | C13: 0 | D13: 0 | E13: 0 | F13: 0 | G13: 0 | H13: 0 | I13: 0 | J13: 0 | K13: 0 | L13: 0 | M13: 0 | N13: 0 | O13: =SUM(C13:L13,N13) -> 0 | P13: =SUM(C13:N13) -> 0 | R13: 1000-1100 | S13: =SUM(C22:C25) -> 52 | T13: =SUM(D22:D25) -> 35 | U13: =SUM(E22:E25) -> 17 | V13: =SUM(F22:F25) -> 6 | W13: =SUM(G22:G25) -> 0 | X13: =SUM(H22:H25) -> 0 | Y13: =SUM(I22:I25) -> 12 | Z13: =SUM(J22:J25) -> 9 | ... AF13: =SUM(P22:P25) -> 384
B14: 08.00 - 08.15 | C14: 0 | D14: 0 | E14: 0 | F14: 0 | G14: 0 | H14: 0 | I14: 0 | J14: 0 | K14: 0 | L14: 0 | M14: 0 | N14: 0 | O14: =SUM(C14:L14,N14) -> 0 | P14: =SUM(C14:N14) -> 0 | R14: 1100-1200 | S14: =SUM(C26:C29) -> 45 | T14: =SUM(D26:D29) -> 30 | U14: =SUM(E26:E29) -> 19 | V14: =SUM(F26:F29) -> 10 | W14: =SUM(G26:G29) -> 0 | X14: =SUM(H26:H29) -> 0 | Y14: =SUM(I26:I29) -> 9 | Z14: =SUM(J26:J29) -> 7 | ... AF14: =SUM(P26:P29) -> 407
B15: 08.15 - 08.30 | C15: 0 | D15: 0 | E15: 0 | F15: 0 | G15: 0 | H15: 0 | I15: 0 | J15: 0 | K15: 0 | L15: 0 | M15: 0 | N15: 0 | O15: =SUM(C15:L15,N15) -> 0 | P15: =SUM(C15:N15) -> 0 | R15: 1200-1300 | S15: =SUM(C30:C33) -> 84 | T15: =SUM(D30:D33) -> 39 | U15: =SUM(E30:E33) -> 20 | V15: =SUM(F30:F33) -> 13 | W15: =SUM(G30:G33) -> 0 | X15: =SUM(H30:H33) -> 0 | Y15: =SUM(I30:I33) -> 12 | Z15: =SUM(J30:J33) -> 17 | ... AF15: =SUM(P30:P33) -> 484
B16: 08.30 - 08.45 | C16: 0 | D16: 0 | E16: 0 | F16: 0 | G16: 0 | H16: 0 | I16: 0 | J16: 0 | K16: 0 | L16: 0 | M16: 0 | N16: 0 | O16: =SUM(C16:L16,N16) -> 0 | P16: =SUM(C16:N16) -> 0 | R16: 1300-1400 | S16: =SUM(C34:C37) -> 63 | T16: =SUM(D34:D37) -> 28 | U16: =SUM(E34:E37) -> 23 | V16: =SUM(F34:F37) -> 13 | W16: =SUM(G34:G37) -> 1 | X16: =SUM(H34:H37) -> 0 | Y16: =SUM(I34:I37) -> 4 | Z16: =SUM(J34:J37) -> 5 | ... AF16: =SUM(P34:P37) -> 385
B17: 08.45 - 9.00 | C17: 6 | D17: 2 | E17: 2 | F17: 1 | G17: 0 | H17: 0 | I17: 0 | J17: 2 | K17: 1 | L17: 1 | M17: 97 | N17: 0 | O17: =SUM(C17:L17,N17) -> 15 | P17: =SUM(C17:N17) -> 112 | R17: 1400-1500 | S17: =SUM(C38:C41) -> 69 | T17: =SUM(D38:D41) -> 33 | U17: =SUM(E38:E41) -> 13 | V17: =SUM(F38:F41) -> 23 | W17: =SUM(G38:G41) -> 0 | X17: =SUM(H38:H41) -> 0 | Y17: =SUM(I38:I41) -> 7 | Z17: =SUM(J38:J41) -> 7 | ... AF17: =SUM(P38:P41) -> 402
B18: 09.00 - 09.15 | C18: 10 | D18: 12 | E18: 3 | F18: 1 | G18: 0 | H18: 0 | I18: 0 | J18: 1 | K18: 0 | L18: 0 | M18: 97 | N18: 0 | O18: =SUM(C18:L18,N18) -> 27 | P18: =SUM(C18:N18) -> 124 | R18: 1500-1600 | S18: =SUM(C42:C45) -> 98 | T18: =SUM(D42:D45) -> 62 | U18: =SUM(E42:E45) -> 13 | V18: =SUM(F42:F45) -> 18 | W18: =SUM(G42:G45) -> 1 | X18: =SUM(H42:H45) -> 0 | Y18: =SUM(I42:I45) -> 11 | Z18: =SUM(J42:J45) -> 11 | ... AF18: =SUM(P42:P45) -> 412
B19: 09.15 - 09.30 | C19: 11 | D19: 7 | E19: 4 | F19: 4 | G19: 0 | H19: 1 | I19: 2 | J19: 2 | K19: 1 | L19: 0 | M19: 102 | N19: 0 | O19: =SUM(C19:L19,N19) -> 32 | P19: =SUM(C19:N19) -> 134 | R19: 1600-1700 | S19: =SUM(C46:C49) -> 136 | T19: =SUM(D46:D49) -> 57 | U19: =SUM(E46:E49) -> 23 | V19: =SUM(F46:F49) -> 13 | W19: =SUM(G46:G49) -> 3 | X19: =SUM(H46:H49) -> 1 | Y19: =SUM(I46:I49) -> 8 | Z19: =SUM(J46:J49) -> 16 | ... AF19: =SUM(P46:P49) -> 510
B20: 09.30 - 09.45 | C20: 14 | D20: 5 | E20: 3 | F20: 0 | G20: 0 | H20: 5 | I20: 4 | J20: 3 | K20: 0 | L20: 0 | M20: 84 | N20: 0 | O20: =SUM(C20:L20,N20) -> 34 | P20: =SUM(C20:N20) -> 118 | R20: 1700-1800 | S20: =SUM(C50:C53) -> 247 | T20: =SUM(D50:D53) -> 101 | U20: =SUM(E50:E53) -> 27 | V20: =SUM(F50:F53) -> 16 | W20: =SUM(G50:G53) -> 3 | X20: =SUM(H50:H53) -> 0 | Y20: =SUM(I50:I53) -> 10 | Z20: =SUM(J50:J53) -> 7 | ... AF20: =SUM(P50:P53) -> 679
B21: 09.45 - 10.00 | C21: 20 | D21: 10 | E21: 4 | F21: 5 | G21: 0 | H21: 0 | I21: 1 | J21: 3 | K21: 2 | L21: 0 | M21: 80 | N21: 0 | O21: =SUM(C21:L21,N21) -> 45 | P21: =SUM(C21:N21) -> 125 | R21: 1800-1900 | S21: =SUM(C54:C57) -> 208 | T21: =SUM(D54:D57) -> 80 | U21: =SUM(E54:E57) -> 20 | V21: =SUM(F54:F57) -> 23 | W21: =SUM(G54:G57) -> 0 | X21: =SUM(H54:H57) -> 0 | Y21: =SUM(I54:I57) -> 6 | Z21: =SUM(J54:J57) -> 11 | ... AF21: =SUM(P54:P57) -> 695
B22: 10.00 - 10.15 | C22: 7 | D22: 10 | E22: 3 | F22: 1 | G22: 0 | H22: 0 | I22: 5 | J22: 4 | K22: 1 | L22: 0 | M22: 48 | N22: 0 | O22: =SUM(C22:L22,N22) -> 31 | P22: =SUM(C22:N22) -> 79 | R22: AM Peak Hr | S22: =MAX(S10:S12) -> 55 | T22: =MAX(T10:T12) -> 34 | U22: =MAX(U10:U12) -> 14 | V22: =MAX(V10:V12) -> 10 | W22: =MAX(W10:W12) -> 0 | X22: =MAX(X10:X12) -> 6 | Y22: =MAX(Y10:Y12) -> 7 | Z22: =MAX(Z10:Z12) -> 9 | ... AF22: =MAX(AF10:AF12) -> 501
B23: 10.15 - 10.30 | C23: 19 | D23: 8 | E23: 5 | F23: 2 | G23: 0 | H23: 0 | I23: 2 | J23: 0 | K23: 3 | L23: 0 | M23: 48 | N23: 0 | O23: =SUM(C23:L23,N23) -> 39 | P23: =SUM(C23:N23) -> 87 | R23: IP Peak Hr | S23: =MAX(S13:S18) -> 98 | T23: =MAX(T13:T18) -> 62 | U23: =MAX(U13:U18) -> 23 | V23: =MAX(V13:V18) -> 23 | W23: =MAX(W13:W18) -> 1 | X23: =MAX(X13:X18) -> 0 | Y23: =MAX(Y13:Y18) -> 12 | Z23: =MAX(Z13:Z18) -> 17 | ... AF23: =MAX(AF13:AF18) -> 484
B24: 10.30 - 10.45 | C24: 9 | D24: 6 | E24: 6 | F24: 3 | G24: 0 | H24: 0 | I24: 3 | J24: 2 | K24: 2 | L24: 0 | M24: 79 | N24: 0 | O24: =SUM(C24:L24,N24) -> 31 | P24: =SUM(C24:N24) -> 110 | R24: PM Peak Hr | S24: =MAX(S19:S21) -> 247 | T24: =MAX(T19:T21) -> 101 | U24: =MAX(U19:U21) -> 27 | V24: =MAX(V19:V21) -> 23 | W24: =MAX(W19:W21) -> 3 | X24: =MAX(X19:X21) -> 1 | Y24: =MAX(Y19:Y21) -> 10 | Z24: =MAX(Z19:Z21) -> 16 | ... AF24: =MAX(AF19:AF21) -> 695
B25: 10.45 - 11.00 | C25: 17 | D25: 11 | E25: 3 | F25: 0 | G25: 0 | H25: 0 | I25: 2 | J25: 3 | K25: 1 | L25: 0 | M25: 71 | N25: 0 | O25: =SUM(C25:L25,N25) -> 37 | P25: =SUM(C25:N25) -> 108 | R25: AM Period | S25: =SUM(S10:S12) -> 61 | T25: =SUM(T10:T12) -> 36 | U25: =SUM(U10:U12) -> 16 | V25: =SUM(V10:V12) -> 11 | W25: =SUM(W10:W12) -> 0 | X25: =SUM(X10:X12) -> 6 | Y25: =SUM(Y10:Y12) -> 7 | Z25: =SUM(Z10:Z12) -> 11 | ... AF25: =SUM(AF10:AF12) -> 613
B26: 11.00 - 11.15 | C26: 11 | D26: 5 | E26: 3 | F26: 3 | G26: 0 | H26: 0 | I26: 3 | J26: 2 | K26: 1 | L26: 0 | M26: 67 | N26: 0 | O26: =SUM(C26:L26,N26) -> 28 | P26: =SUM(C26:N26) -> 95 | R26: IP Period | S26: =SUM(S13:S18) -> 411 | T26: =SUM(T13:T18) -> 227 | U26: =SUM(U13:U18) -> 105 | V26: =SUM(V13:V18) -> 83 | W26: =SUM(W13:W18) -> 2 | X26: =SUM(X13:X18) -> 0 | Y26: =SUM(Y13:Y18) -> 55 | Z26: =SUM(Z13:Z18) -> 56 | ... AF26: =SUM(AF13:AF18) -> 2474
B27: 11.15 - 11.30 | C27: 11 | D27: 10 | E27: 5 | F27: 0 | G27: 0 | H27: 0 | I27: 3 | J27: 1 | K27: 3 | L27: 0 | M27: 71 | N27: 0 | O27: =SUM(C27:L27,N27) -> 33 | P27: =SUM(C27:N27) -> 104 | R27: PM Period | S27: =SUM(S19:S21) -> 591 | T27: =SUM(T19:T21) -> 238 | U27: =SUM(U19:U21) -> 70 | V27: =SUM(V19:V21) -> 52 | W27: =SUM(W19:W21) -> 6 | X27: =SUM(X19:X21) -> 1 | Y27: =SUM(Y19:Y21) -> 24 | Z27: =SUM(Z19:Z21) -> 34 | ... AF27: =SUM(AF19:AF21) -> 1884
B28: 11.30 - 11.45 | C28: 9 | D28: 8 | E28: 4 | F28: 2 | G28: 0 | H28: 0 | I28: 1 | J28: 2 | K28: 2 | L28: 0 | M28: 67 | N28: 0 | O28: =SUM(C28:L28,N28) -> 28 | P28: =SUM(C28:N28) -> 95 | R28: 12 Hours | S28: =SUM(S10:S21) -> 1063 | T28: =SUM(T10:T21) -> 501 | U28: =SUM(U10:U21) -> 191 | V28: =SUM(V10:V21) -> 146 | W28: =SUM(W10:W21) -> 8 | X28: =SUM(X10:X21) -> 7 | Y28: =SUM(Y10:Y21) -> 86 | Z28: =SUM(Z10:Z21) -> 101 | ... AF28: =SUM(AF10:AF21) -> 4971
B29: 11.45 - 12.00 | C29: 14 | D29: 7 | E29: 7 | F29: 5 | G29: 0 | H29: 0 | I29: 2 | J29: 2 | K29: 1 | L29: 0 | M29: 75 | N29: 0 | O29: =SUM(C29:L29,N29) -> 38 | P29: =SUM(C29:N29) -> 113
B30: 12.00 - 12.15 | C30: 15 | D30: 13 | E30: 3 | F30: 0 | G30: 0 | H30: 0 | I30: 1 | J30: 4 | K30: 0 | L30: 0 | M30: 73 | N30: 0 | O30: =SUM(C30:L30,N30) -> 36 | P30: =SUM(C30:N30) -> 109
B31: 12.15 - 12.30 | C31: 15 | D31: 7 | E31: 6 | F31: 4 | G31: 0 | H31: 0 | I31: 7 | J31: 6 | K31: 4 | L31: 0 | M31: 87 | N31: 0 | O31: =SUM(C31:L31,N31) -> 49 | P31: =SUM(C31:N31) -> 136
B32: 12.30 - 12.45 | C32: 24 | D32: 10 | E32: 8 | F32: 5 | G32: 0 | H32: 0 | I32: 2 | J32: 4 | K32: 5 | L32: 0 | M32: 72 | N32: 0 | O32: =SUM(C32:L32,N32) -> 58 | P32: =SUM(C32:N32) -> 130
B33: 12.45 - 13.00 | C33: 30 | D33: 9 | E33: 3 | F33: 4 | G33: 0 | H33: 0 | I33: 2 | J33: 3 | K33: 1 | L33: 0 | M33: 57 | N33: 0 | O33: =SUM(C33:L33,N33) -> 52 | P33: =SUM(C33:N33) -> 109
B34: 13.00 - 13.15 | C34: 20 | D34: 10 | E34: 5 | F34: 2 | G34: 0 | H34: 0 | I34: 2 | J34: 2 | K34: 2 | L34: 0 | M34: 90 | N34: 0 | O34: =SUM(C34:L34,N34) -> 43 | P34: =SUM(C34:N34) -> 133
B35: 13.15 - 13.30 | C35: 6 | D35: 4 | E35: 5 | F35: 4 | G35: 1 | H35: 0 | I35: 1 | J35: 1 | K35: 1 | L35: 0 | M35: 64 | N35: 0 | O35: =SUM(C35:L35,N35) -> 23 | P35: =SUM(C35:N35) -> 87
B36: 13.30 - 13.45 | C36: 24 | D36: 6 | E36: 10 | F36: 4 | G36: 0 | H36: 0 | I36: 0 | J36: 2 | K36: 3 | L36: 0 | M36: 37 | N36: 0 | O36: =SUM(C36:L36,N36) -> 49 | P36: =SUM(C36:N36) -> 86
B37: 13.45 - 14.00 | C37: 13 | D37: 8 | E37: 3 | F37: 3 | G37: 0 | H37: 0 | I37: 1 | J37: 0 | K37: 0 | L37: 0 | M37: 51 | N37: 0 | O37: =SUM(C37:L37,N37) -> 28 | P37: =SUM(C37:N37) -> 79
B38: 14.00 - 14.15 | C38: 23 | D38: 7 | E38: 1 | F38: 4 | G38: 0 | H38: 0 | I38: 3 | J38: 3 | K38: 3 | L38: 2 | M38: 73 | N38: 0 | O38: =SUM(C38:L38,N38) -> 46 | P38: =SUM(C38:N38) -> 119
B39: 14.15 - 14.30 | C39: 17 | D39: 8 | E39: 4 | F39: 7 | G39: 0 | H39: 0 | I39: 1 | J39: 0 | K39: 0 | L39: 0 | M39: 57 | N39: 0 | O39: =SUM(C39:L39,N39) -> 37 | P39: =SUM(C39:N39) -> 94
B40: 14.30 - 14.45 | C40: 13 | D40: 7 | E40: 7 | F40: 8 | G40: 0 | H40: 0 | I40: 3 | J40: 2 | K40: 1 | L40: 0 | M40: 68 | N40: 0 | O40: =SUM(C40:L40,N40) -> 41 | P40: =SUM(C40:N40) -> 109
... B57: 18.45 - 19.00 | C57: 47 | D57: 13 | E57: 2 | F57: 5 | G57: 0 | H57: 0 | I57: 4 | J57: 4 | K57: 0 | L57: 0 | M57: 99 | N57: 0 | O57: =SUM(C57:L57,N57) -> 75 | P57: =SUM(C57:N57) -> 174
B58: Totals | C58: =SUM(C10:C57) -> 1063 | D58: =SUM(D10:D57) -> 501 | E58: =SUM(E10:E57) -> 191 | F58: =SUM(F10:F57) -> 146 | G58: =SUM(G10:G57) -> 8 | H58: =SUM(H10:H57) -> 7 | I58: =SUM(I10:I57) -> 86 | J58: =SUM(J10:J57) -> 101 | ... P58: =SUM(P10:P57) -> 4971
B59: %ges + MCs | C59: =C58/$P$58 -> 0.21384027 | D59: =D58/$P$58 -> 0.10078455 | E59: =E58/$P$58 -> 0.038422853 | F59: =F58/$P$58 -> 0.029370348 | G59: =G58/$P$58 -> 0.0016093341 | H59: =H58/$P$58 -> 0.0014081674 | I59: =I58/$P$58 -> 0.017300342 | J59: =J58/$P$58 -> 0.020317843 | ... N59: =N58/$P$58 -> 0
B60: %ges w/o MCs | C60: =C58/$O$58 -> 0.48672161 | D60: =D58/$O$58 -> 0.2293956 | E60: =E58/$O$58 -> 0.087454212 | F60: =F58/$O$58 -> 0.066849817 | G60: =G58/$O$58 -> 0.0036630037 | H60: =H58/$O$58 -> 0.0032051282 | I60: =I58/$O$58 -> 0.039377289 | J60: =J58/$O$58 -> 0.046245421 | ... L60: =L58/$O$58 -> 0.0018315018 | N60: =N58/$O$58 -> 0

Sheet 01.08 Kyebando-Bukoto-24h
B1: Consultancy services for Preparation of Expressway Development Master Plan (EDMP) for Uganda
B2: MANUAL CLASSIFIED COUNT (MCC)
B3: ROAD NAME: | C3: ='29.07 Kyebando-Bukoto'!C3:G3 -> MCC - C1 - STN30 - KYEBANDO - KISALOSALO ROAD
C5: Date | D5: 01.08.19 | F5: Location | G5: ='02.08 Bukoto-Kyebando'!G5:H5 -> Kyebando Round | J5: Surveyor | K5: ='02.08 Bukoto-Kyebando'!K5:L5 -> AHISIBWE SARAH
C6: Dir. From | D6: ='29.07 Kyebando-Bukoto'!D6:E6 -> Kyebando | F6: Dir. To | G6: ='29.07 Kyebando-Bukoto'!G6:H6 -> Bukoto | J6: Supervisor | K6: ='02.08 Bukoto-Kyebando'!K6:L6 -> STEVEN
B8: Time / Veh Type | R8: SUMMARY TRAFFIC VOLUMES
C9: 1. Car | D9: 2. Station Wagon | E9: 3. Pickups | F9: 4. Minibus, matatu | G9: 5. Medium bus | H9: 6. Large Bus | I9: 7. Light Truck | J9: 8. Medium Truck | K9: 9. Heavy truck | L9: 10. Truck Trailer | M9: 11. Motor cycles | N9: 12. Tractors | O9: Total Excl M/Cycles | P9: Total All | R9: Time | S9: 1. Car | T9: 2. Station Wagon | U9: 3. Pickups | V9: 4. Minibus, matatu | W9: 5. Medium bus | X9: 6. Large Bus | Y9: 7. Light Truck | Z9: 8. Medium Truck | AA9: 9. Heavy truck | AB9: 10. Truck Trailer | AC9: 11. Motorcycles | AD9: 12. Tractors, Graders | AE9: Total Excl M/ Cycles | AF9: Total All
B10: 07.00 - 07.15 | C10: 65 | D10: 55 | E10: 10 | F10: 8 | G10: 0 | H10: 0 | I10: 5 | J10: 0 | K10: 1 | L10: 0 | M10: 70 | N10: 0 | O10: =SUM(C10:L10,N10) -> 144 | P10: =SUM(C10:N10) -> 214 | R10: 0700-0800 | S10: =SUM(C10:C13) -> 325 | T10: =SUM(D10:D13) -> 190 | U10: =SUM(E10:E13) -> 43 | V10: =SUM(F10:F13) -> 14 | W10: =SUM(G10:G13) -> 1 | X10: =SUM(H10:H13) -> 0 | Y10: =SUM(I10:I13) -> 11 | Z10: =SUM(J10:J13) -> 0 | ... AF10: =SUM(P10:P13) -> 888
B11: 07.15 - 07.30 | C11: 75 | D11: 50 | E11: 7 | F11: 0 | G11: 1 | H11: 0 | I11: 1 | J11: 0 | K11: 0 | L11: 0 | M11: 80 | N11: 0 | O11: =SUM(C11:L11,N11) -> 134 | P11: =SUM(C11:N11) -> 214 | R11: 0800-0900 | S11: =SUM(C14:C17) -> 275 | T11: =SUM(D14:D17) -> 88 | U11: =SUM(E14:E17) -> 37 | V11: =SUM(F14:F17) -> 9 | W11: =SUM(G14:G17) -> 1 | X11: =SUM(H14:H17) -> 1 | Y11: =SUM(I14:I17) -> 10 | Z11: =SUM(J14:J17) -> 2 | ... AF11: =SUM(P14:P17) -> 730
B12: 07.30 - 07.45 | C12: 100 | D12: 55 | E12: 14 | F12: 4 | G12: 0 | H12: 0 | I12: 2 | J12: 0 | K12: 1 | L12: 0 | M12: 82 | N12: 0 | O12: =SUM(C12:L12,N12) -> 176 | P12: =SUM(C12:N12) -> 258 | R12: 0900-1000 | S12: =SUM(C18:C21) -> 143 | T12: =SUM(D18:D21) -> 57 | U12: =SUM(E18:E21) -> 27 | V12: =SUM(F18:F21) -> 4 | W12: =SUM(G18:G21) -> 0 | X12: =SUM(H18:H21) -> 0 | Y12: =SUM(I18:I21) -> 18 | Z12: =SUM(J18:J21) -> 5 | ... AF12: =SUM(P18:P21) -> 527
B13: 07.45 - 08.00 | C13: 85 | D13: 30 | E13: 12 | F13: 2 | G13: 0 | H13: 0 | I13: 3 | J13: 0 | K13: 0 | L13: 0 | M13: 70 | N13: 0 | O13: =SUM(C13:L13,N13) -> 132 | P13: =SUM(C13:N13) -> 202 | R13: 1000-1100 | S13: =SUM(C22:C25) -> 128 | T13: =SUM(D22:D25) -> 29 | U13: =SUM(E22:E25) -> 17 | V13: =SUM(F22:F25) -> 8 | W13: =SUM(G22:G25) -> 0 | X13: =SUM(H22:H25) -> 0 | Y13: =SUM(I22:I25) -> 11 | Z13: =SUM(J22:J25) -> 11 | ... AF13: =SUM(P22:P25) -> 419
B14: 08.00 - 08.15 | C14: 70 | D14: 26 | E14: 10 | F14: 2 | G14: 0 | H14: 0 | I14: 0 | J14: 0 | K14: 0 | L14: 0 | M14: 76 | N14: 0 | O14: =SUM(C14:L14,N14) -> 108 | P14: =SUM(C14:N14) -> 184 | R14: 1100-1200 | S14: =SUM(C26:C29) -> 107 | T14: =SUM(D26:D29) -> 33 | U14: =SUM(E26:E29) -> 16 | V14: =SUM(F26:F29) -> 10 | W14: =SUM(G26:G29) -> 0 | X14: =SUM(H26:H29) -> 0 | Y14: =SUM(I26:I29) -> 11 | Z14: =SUM(J26:J29) -> 8 | ... AF14: =SUM(P26:P29) -> 372
B15: 08.15 - 08.30 | C15: 80 | D15: 21 | E15: 12 | F15: 3 | G15: 0 | H15: 0 | I15: 2 | J15: 0 | K15: 0 | L15: 0 | M15: 86 | N15: 0 | O15: =SUM(C15:L15,N15) -> 118 | P15: =SUM(C15:N15) -> 204 | R15: 1200-1300 | S15: =SUM(C30:C33) -> 92 | T15: =SUM(D30:D33) -> 46 | U15: =SUM(E30:E33) -> 14 | V15: =SUM(F30:F33) -> 9 | W15: =SUM(G30:G33) -> 0 | X15: =SUM(H30:H33) -> 0 | Y15: =SUM(I30:I33) -> 6 | Z15: =SUM(J30:J33) -> 9 | ... AF15: =SUM(P30:P33) -> 386
B16: 08.30 - 08.45 | C16: 60 | D16: 26 | E16: 8 | F16: 2 | G16: 0 | H16: 1 | I16: 5 | J16: 1 | K16: 0 | L16: 0 | M16: 75 | N16: 0 | O16: =SUM(C16:L16,N16) -> 103 | P16: =SUM(C16:N16) -> 178 | R16: 1300-1400 | S16: =SUM(C34:C37) -> 83 | T16: =SUM(D34:D37) -> 31 | U16: =SUM(E34:E37) -> 17 | V16: =SUM(F34:F37) -> 6 | W16: =SUM(G34:G37) -> 0 | X16: =SUM(H34:H37) -> 0 | Y16: =SUM(I34:I37) -> 3 | Z16: =SUM(J34:J37) -> 11 | ... AF16: =SUM(P34:P37) -> 315
B17: 08.45 - 9.00 | C17: 65 | D17: 15 | E17: 7 | F17: 2 | G17: 1 | H17: 0 | I17: 3 | J17: 1 | K17: 0 | L17: 0 | M17: 70 | N17: 0 | O17: =SUM(C17:L17,N17) -> 94 | P17: =SUM(C17:N17) -> 164 | R17: 1400-1500 | S17: =SUM(C38:C41) -> 66 | T17: =SUM(D38:D41) -> 29 | U17: =SUM(E38:E41) -> 16 | V17: =SUM(F38:F41) -> 13 | W17: =SUM(G38:G41) -> 0 | X17: =SUM(H38:H41) -> 0 | Y17: =SUM(I38:I41) -> 9 | Z17: =SUM(J38:J41) -> 7 | ... AF17: =SUM(P38:P41) -> 305
B18: 09.00 - 09.15 | C18: 38 | D18: 13 | E18: 3 | F18: 2 | G18: 0 | H18: 0 | I18: 5 | J18: 0 | K18: 0 | L18: 0 | M18: 85 | N18: 0 | O18: =SUM(C18:L18,N18) -> 61 | P18: =SUM(C18:N18) -> 146 | R18: 1500-1600 | S18: =SUM(C42:C45) -> 97 | T18: =SUM(D42:D45) -> 35 | U18: =SUM(E42:E45) -> 12 | V18: =SUM(F42:F45) -> 15 | W18: =SUM(G42:G45) -> 2 | X18: =SUM(H42:H45) -> 0 | Y18: =SUM(I42:I45) -> 10 | Z18: =SUM(J42:J45) -> 15 | ... AF18: =SUM(P42:P45) -> 376
B19: 09.15 - 09.30 | C19: 35 | D19: 17 | E19: 7 | F19: 1 | G19: 0 | H19: 0 | I19: 4 | J19: 1 | K19: 1 | L19: 0 | M19: 70 | N19: 0 | O19: =SUM(C19:L19,N19) -> 66 | P19: =SUM(C19:N19) -> 136 | R19: 1600-1700 | S19: =SUM(C46:C49) -> 125 | T19: =SUM(D46:D49) -> 74 | U19: =SUM(E46:E49) -> 35 | V19: =SUM(F46:F49) -> 16 | W19: =SUM(G46:G49) -> 0 | X19: =SUM(H46:H49) -> 2 | Y19: =SUM(I46:I49) -> 12 | Z19: =SUM(J46:J49) -> 19 | ... AF19: =SUM(P46:P49) -> 477
B20: 09.30 - 09.45 | C20: 40 | D20: 12 | E20: 9 | F20: 0 | G20: 0 | H20: 0 | I20: 6 | J20: 3 | K20: 1 | L20: 0 | M20: 69 | N20: 0 | O20: =SUM(C20:L20,N20) -> 71 | P20: =SUM(C20:N20) -> 140 | R20: 1700-1800 | S20: =SUM(C50:C53) -> 142 | T20: =SUM(D50:D53) -> 58 | U20: =SUM(E50:E53) -> 31 | V20: =SUM(F50:F53) -> 17 | W20: =SUM(G50:G53) -> 2 | X20: =SUM(H50:H53) -> 0 | Y20: =SUM(I50:I53) -> 6 | Z20: =SUM(J50:J53) -> 9 | ... AF20: =SUM(P50:P53) -> 486
B21: 09.45 - 10.00 | C21: 30 | D21: 15 | E21: 8 | F21: 1 | G21: 0 | H21: 0 | I21: 3 | J21: 1 | K21: 0 | L21: 0 | M21: 47 | N21: 0 | O21: =SUM(C21:L21,N21) -> 58 | P21: =SUM(C21:N21) -> 105 | R21: 1800-1900 | S21: =SUM(C54:C57) -> 136 | T21: =SUM(D54:D57) -> 56 | U21: =SUM(E54:E57) -> 28 | V21: =SUM(F54:F57) -> 18 | W21: =SUM(G54:G57) -> 0 | X21: =SUM(H54:H57) -> 0 | Y21: =SUM(I54:I57) -> 4 | Z21: =SUM(J54:J57) -> 7 | ... AF21: =SUM(P54:P57) -> 462
B22: 10.00 - 10.15 | C22: 25 | D22: 10 | E22: 4 | F22: 4 | G22: 0 | H22: 0 | I22: 5 | J22: 2 | K22: 0 | L22: 0 | M22: 50 | N22: 0 | O22: =SUM(C22:L22,N22) -> 50 | P22: =SUM(C22:N22) -> 100 | R22: 1900-2000 | S22: =SUM(C58:C61) -> 90 | T22: =SUM(D58:D61) -> 7 | U22: =SUM(E58:E61) -> 16 | V22: =SUM(F58:F61) -> 10 | W22: =SUM(G58:G61) -> 0 | X22: =SUM(H58:H61) -> 0 | Y22: =SUM(I58:I61) -> 4 | Z22: =SUM(J58:J61) -> 1 | ... AF22: =SUM(P58:P61) -> 328
B23: 10.15 - 10.30 | C23: 42 | D23: 4 | E23: 4 | F23: 1 | G23: 0 | H23: 0 | I23: 1 | J23: 3 | K23: 0 | L23: 0 | M23: 60 | N23: 0 | O23: =SUM(C23:L23,N23) -> 55 | P23: =SUM(C23:N23) -> 115 | R23: 2000-2100 | S23: =SUM(C62:C65) -> 79 | T23: =SUM(D62:D65) -> 3 | U23: =SUM(E62:E65) -> 22 | V23: =SUM(F62:F65) -> 8 | W23: =SUM(G62:G65) -> 0 | X23: =SUM(H62:H65) -> 0 | Y23: =SUM(I62:I65) -> 9 | Z23: =SUM(J62:J65) -> 1 | ... AF23: =SUM(P62:P65) -> 368
B24: 10.30 - 10.45 | C24: 20 | D24: 8 | E24: 3 | F24: 2 | G24: 0 | H24: 0 | I24: 3 | J24: 3 | K24: 0 | L24: 0 | M24: 52 | N24: 0 | O24: =SUM(C24:L24,N24) -> 39 | P24: =SUM(C24:N24) -> 91 | R24: 2100-2200 | S24: =SUM(C66:C69) -> 78 | T24: =SUM(D66:D69) -> 5 | U24: =SUM(E66:E69) -> 16 | V24: =SUM(F66:F69) -> 7 | W24: =SUM(G66:G69) -> 0 | X24: =SUM(H66:H69) -> 0 | Y24: =SUM(I66:I69) -> 6 | Z24: =SUM(J66:J69) -> 0 | ... AF24: =SUM(P66:P69) -> 297
B25: 10.45 - 11.00 | C25: 41 | D25: 7 | E25: 6 | F25: 1 | G25: 0 | H25: 0 | I25: 2 | J25: 3 | K25: 0 | L25: 0 | M25: 53 | N25: 0 | O25: =SUM(C25:L25,N25) -> 60 | P25: =SUM(C25:N25) -> 113 | R25: 2200-2300 | S25: =SUM(C70:C73) -> 45 | T25: =SUM(D70:D73) -> 6 | U25: =SUM(E70:E73) -> 9 | V25: =SUM(F70:F73) -> 4 | W25: =SUM(G70:G73) -> 0 | X25: =SUM(H70:H73) -> 0 | Y25: =SUM(I70:I73) -> 2 | Z25: =SUM(J70:J73) -> 3 | ... AF25: =SUM(P70:P73) -> 187
B26: 11.00 - 11.15 | C26: 31 | D26: 10 | E26: 2 | F26: 1 | G26: 0 | H26: 0 | I26: 1 | J26: 2 | K26: 0 | L26: 0 | M26: 35 | N26: 0 | O26: =SUM(C26:L26,N26) -> 47 | P26: =SUM(C26:N26) -> 82 | R26: 2300-0000 | S26: =SUM(C74:C77) -> 26 | T26: =SUM(D74:D77) -> 2 | U26: =SUM(E74:E77) -> 8 | V26: =SUM(F74:F77) -> 3 | W26: =SUM(G74:G77) -> 0 | X26: =SUM(H74:H77) -> 0 | Y26: =SUM(I74:I77) -> 0 | Z26: =SUM(J74:J77) -> 3 | ... AF26: =SUM(P74:P77) -> 125
B27: 11.15 - 11.30 | C27: 21 | D27: 9 | E27: 7 | F27: 1 | G27: 0 | H27: 0 | I27: 4 | J27: 3 | K27: 0 | L27: 0 | M27: 61 | N27: 0 | O27: =SUM(C27:L27,N27) -> 45 | P27: =SUM(C27:N27) -> 106 | R27: 0000-0100 | S27: =SUM(C78:C81) -> 14 | T27: =SUM(D78:D81) -> 1 | U27: =SUM(E78:E81) -> 3 | V27: =SUM(F78:F81) -> 2 | W27: =SUM(G78:G81) -> 0 | X27: =SUM(H78:H81) -> 0 | Y27: =SUM(I78:I81) -> 0 | Z27: =SUM(J78:J81) -> 1 | ... AF27: =SUM(P78:P81) -> 67
B28: 11.30 - 11.45 | C28: 32 | D28: 5 | E28: 6 | F28: 6 | G28: 0 | H28: 0 | I28: 3 | J28: 2 | K28: 1 | L28: 0 | M28: 45 | N28: 0 | O28: =SUM(C28:L28,N28) -> 55 | P28: =SUM(C28:N28) -> 100 | R28: 0100-0200 | S28: =SUM(C82:C85) -> 14 | T28: =SUM(D82:D85) -> 2 | U28: =SUM(E82:E85) -> 1 | V28: =SUM(F82:F85) -> 0 | W28: =SUM(G82:G85) -> 0 | X28: =SUM(H82:H85) -> 0 | Y28: =SUM(I82:I85) -> 0 | Z28: =SUM(J82:J85) -> 1 | ... AF28: =SUM(P82:P85) -> 38
B29: 11.45 - 12.00 | C29: 23 | D29: 9 | E29: 1 | F29: 2 | G29: 0 | H29: 0 | I29: 3 | J29: 1 | K29: 0 | L29: 0 | M29: 45 | N29: 0 | O29: =SUM(C29:L29,N29) -> 39 | P29: =SUM(C29:N29) -> 84 | R29: 0200-0300 | S29: =SUM(C86:C89) -> 4 | T29: =SUM(D86:D89) -> 0 | U29: =SUM(E86:E89) -> 1 | V29: =SUM(F86:F89) -> 1 | W29: =SUM(G86:G89) -> 0 | X29: =SUM(H86:H89) -> 0 | Y29: =SUM(I86:I89) -> 0 | Z29: =SUM(J86:J89) -> 1 | ... AF29: =SUM(P86:P89) -> 22
B30: 12.00 - 12.15 | C30: 35 | D30: 16 | E30: 7 | F30: 3 | G30: 0 | H30: 0 | I30: 2 | J30: 1 | K30: 1 | L30: 0 | M30: 68 | N30: 0 | O30: =SUM(C30:L30,N30) -> 65 | P30: =SUM(C30:N30) -> 133 | R30: 0300-0400 | S30: =SUM(C90:C93) -> 5 | T30: =SUM(D90:D93) -> 1 | U30: =SUM(E90:E93) -> 0 | V30: =SUM(F90:F93) -> 0 | W30: =SUM(G90:G93) -> 0 | X30: =SUM(H90:H93) -> 0 | Y30: =SUM(I90:I93) -> 0 | Z30: =SUM(J90:J93) -> 0 | ... AF30: =SUM(P90:P93) -> 21
B31: 12.15 - 12.30 | C31: 15 | D31: 11 | E31: 2 | F31: 1 | G31: 0 | H31: 0 | I31: 1 | J31: 2 | K31: 0 | L31: 0 | M31: 41 | N31: 0 | O31: =SUM(C31:L31,N31) -> 32 | P31: =SUM(C31:N31) -> 73 | R31: 0400-0500 | S31: =SUM(C94:C97) -> 1 | T31: =SUM(D94:D97) -> 1 | U31: =SUM(E94:E97) -> 1 | V31: =SUM(F94:F97) -> 0 | W31: =SUM(G94:G97) -> 0 | X31: =SUM(H94:H97) -> 0 | Y31: =SUM(I94:I97) -> 2 | Z31: =SUM(J94:J97) -> 1 | ... AF31: =SUM(P94:P97) -> 19
B32: 12.30 - 12.45 | C32: 20 | D32: 7 | E32: 2 | F32: 2 | G32: 0 | H32: 0 | I32: 0 | J32: 1 | K32: 0 | L32: 0 | M32: 50 | N32: 0 | O32: =SUM(C32:L32,N32) -> 32 | P32: =SUM(C32:N32) -> 82 | R32: 0500-0600 | S32: =SUM(C98:C101) -> 13 | T32: =SUM(D98:D101) -> 1 | U32: =SUM(E98:E101) -> 2 | V32: =SUM(F98:F101) -> 2 | W32: =SUM(G98:G101) -> 0 | X32: =SUM(H98:H101) -> 1 | Y32: =SUM(I98:I101) -> 0 | Z32: =SUM(J98:J101) -> 5 | ... AF32: =SUM(P98:P101) -> 78
B33: 12.45 - 13.00 | C33: 22 | D33: 12 | E33: 3 | F33: 3 | G33: 0 | H33: 0 | I33: 3 | J33: 5 | K33: 0 | L33: 0 | M33: 50 | N33: 0 | O33: =SUM(C33:L33,N33) -> 48 | P33: =SUM(C33:N33) -> 98 | R33: 0600-0700 | S33: =SUM(C102:C105) -> 233 | T33: =SUM(D102:D105) -> 29 | U33: =SUM(E102:E105) -> 29 | V33: =SUM(F102:F105) -> 17 | W33: =SUM(G102:G105) -> 2 | X33: =SUM(H102:H105) -> 1 | Y33: =SUM(I102:I105) -> 4 | Z33: =SUM(J102:J105) -> 0 | ... AF33: =SUM(P102:P105) -> 527
B34: 13.00 - 13.15 | C34: 20 | D34: 8 | E34: 4 | F34: 1 | G34: 0 | H34: 0 | I34: 1 | J34: 4 | K34: 0 | L34: 0 | M34: 55 | N34: 0 | O34: =SUM(C34:L34,N34) -> 38 | P34: =SUM(C34:N34) -> 93 | R34: AM Peak Hr | S34: =MAX(S10:S12) -> 325 | T34: =MAX(T10:T12) -> 190 | U34: =MAX(U10:U12) -> 43 | V34: =MAX(V10:V12) -> 14 | W34: =MAX(W10:W12) -> 1 | X34: =MAX(X10:X12) -> 1 | Y34: =MAX(Y10:Y12) -> 18 | Z34: =MAX(Z10:Z12) -> 5 | ... AF34: =MAX(AF10:AF12) -> 888
B35: 13.15 - 13.30 | C35: 25 | D35: 10 | E35: 7 | F35: 1 | G35: 0 | H35: 0 | I35: 1 | J35: 3 | K35: 0 | L35: 0 | M35: 53 | N35: 0 | O35: =SUM(C35:L35,N35) -> 47 | P35: =SUM(C35:N35) -> 100 | R35: IP Peak Hr | S35: =MAX(S13:S18) -> 128 | T35: =MAX(T13:T18) -> 46 | U35: =MAX(U13:U18) -> 17 | V35: =MAX(V13:V18) -> 15 | W35: =MAX(W13:W18) -> 2 | X35: =MAX(X13:X18) -> 0 | Y35: =MAX(Y13:Y18) -> 11 | Z35: =MAX(Z13:Z18) -> 15 | ... AF35: =MAX(AF13:AF18) -> 419
B36: 13.30 - 13.45 | C36: 23 | D36: 8 | E36: 3 | F36: 2 | G36: 0 | H36: 0 | I36: 1 | J36: 3 | K36: 0 | L36: 0 | M36: 32 | N36: 0 | O36: =SUM(C36:L36,N36) -> 40 | P36: =SUM(C36:N36) -> 72 | R36: PM Peak Hr | S36: =MAX(S19:S21) -> 142 | T36: =MAX(T19:T21) -> 74 | U36: =MAX(U19:U21) -> 35 | V36: =MAX(V19:V21) -> 18 | W36: =MAX(W19:W21) -> 2 | X36: =MAX(X19:X21) -> 2 | Y36: =MAX(Y19:Y21) -> 12 | Z36: =MAX(Z19:Z21) -> 19 | ... AF36: =MAX(AF19:AF21) -> 486
B37: 13.45 - 14.00 | C37: 15 | D37: 5 | E37: 3 | F37: 2 | G37: 0 | H37: 0 | I37: 0 | J37: 1 | K37: 1 | L37: 0 | M37: 23 | N37: 0 | O37: =SUM(C37:L37,N37) -> 27 | P37: =SUM(C37:N37) -> 50 | R37: AM Period | S37: =SUM(S10:S12) -> 743 | T37: =SUM(T10:T12) -> 335 | U37: =SUM(U10:U12) -> 107 | V37: =SUM(V10:V12) -> 27 | W37: =SUM(W10:W12) -> 2 | X37: =SUM(X10:X12) -> 1 | Y37: =SUM(Y10:Y12) -> 39 | Z37: =SUM(Z10:Z12) -> 7 | ... AF37: =SUM(AF10:AF12) -> 2145
B38: 14.00 - 14.15 | C38: 16 | D38: 7 | E38: 5 | F38: 5 | G38: 0 | H38: 0 | I38: 3 | J38: 1 | K38: 0 | L38: 0 | M38: 45 | N38: 0 | O38: =SUM(C38:L38,N38) -> 37 | P38: =SUM(C38:N38) -> 82 | R38: IP Period | S38: =SUM(S13:S18) -> 573 | T38: =SUM(T13:T18) -> 203 | U38: =SUM(U13:U18) -> 92 | V38: =SUM(V13:V18) -> 61 | W38: =SUM(W13:W18) -> 2 | X38: =SUM(X13:X18) -> 0 | Y38: =SUM(Y13:Y18) -> 50 | Z38: =SUM(Z13:Z18) -> 61 | ... AF38: =SUM(AF13:AF18) -> 2173
B39: 14.15 - 14.30 | C39: 25 | D39: 10 | E39: 4 | F39: 2 | G39: 0 | H39: 0 | I39: 3 | J39: 1 | K39: 0 | L39: 0 | M39: 46 | N39: 0 | O39: =SUM(C39:L39,N39) -> 45 | P39: =SUM(C39:N39) -> 91 | R39: PM Period | S39: =SUM(S19:S21) -> 403 | T39: =SUM(T19:T21) -> 188 | U39: =SUM(U19:U21) -> 94 | V39: =SUM(V19:V21) -> 51 | W39: =SUM(W19:W21) -> 2 | X39: =SUM(X19:X21) -> 2 | Y39: =SUM(Y19:Y21) -> 22 | Z39: =SUM(Z19:Z21) -> 35 | ... AF39: =SUM(AF19:AF21) -> 1425
B40: 14.30 - 14.45 | C40: 12 | D40: 7 | E40: 2 | F40: 2 | G40: 0 | H40: 0 | I40: 2 | J40: 2 | K40: 0 | L40: 0 | M40: 31 | N40: 0 | O40: =SUM(C40:L40,N40) -> 27 | P40: =SUM(C40:N40) -> 58 | R40: 12 Hours | S40: =SUM(S10:S21) -> 1719 | T40: =SUM(T10:T21) -> 726 | U40: =SUM(U10:U21) -> 293 | V40: =SUM(V10:V21) -> 139 | W40: =SUM(W10:W21) -> 6 | X40: =SUM(X10:X21) -> 3 | Y40: =SUM(Y10:Y21) -> 111 | Z40: =SUM(Z10:Z21) -> 103 | ... AF40: =SUM(AF10:AF21) -> 5743
B41: 14.45 - 15.00 | C41: 13 | D41: 5 | E41: 5 | F41: 4 | G41: 0 | H41: 0 | I41: 1 | J41: 3 | K41: 0 | L41: 0 | M41: 43 | N41: 0 | O41: =SUM(C41:L41,N41) -> 31 | P41: =SUM(C41:N41) -> 74 | R41: 24 Hrs/ADT | S41: =SUM(S10:S33) -> 2321 | T41: =SUM(T10:T33) -> 784 | U41: =SUM(U10:U33) -> 401 | V41: =SUM(V10:V33) -> 193 | W41: =SUM(W10:W33) -> 8 | X41: =SUM(X10:X33) -> 5 | Y41: =SUM(Y10:Y33) -> 138 | Z41: =SUM(Z10:Z33) -> 120 | ... AF41: =SUM(AF10:AF33) -> 7820
B42: 15.00 - 15.15 | C42: 17 | D42: 6 | E42: 2 | F42: 4 | G42: 0 | H42: 0 | I42: 2 | J42: 3 | K42: 2 | L42: 0 | M42: 47 | N42: 0 | O42: =SUM(C42:L42,N42) -> 36 | P42: =SUM(C42:N42) -> 83 | R42: NEF | S42: =S41/S40 -> 1.3502036 | T42: =T41/T40 -> 1.0798898 | U42: =U41/U40 -> 1.3686007 | V42: =V41/V40 -> 1.3884892 | W42: =W41/W40 -> 1.3333333 | X42: =X41/X40 -> 1.6666667 | Y42: =Y41/Y40 -> 1.2432432 | Z42: =Z41/Z40 -> 1.1650485 | ... AF42: =AF41/AF40 -> 1.3616577
B43: 15.15 - 15.30 | C43: 20 | D43: 10 | E43: 1 | F43: 6 | G43: 0 | H43: 0 | I43: 3 | J43: 4 | K43: 2 | L43: 0 | M43: 38 | N43: 0 | O43: =SUM(C43:L43,N43) -> 46 | P43: =SUM(C43:N43) -> 84
B44: 15.30 - 15.45 | C44: 28 | D44: 7 | E44: 5 | F44: 1 | G44: 1 | H44: 0 | I44: 2 | J44: 1 | K44: 0 | L44: 0 | M44: 46 | N44: 0 | O44: =SUM(C44:L44,N44) -> 45 | P44: =SUM(C44:N44) -> 91
B45: 15.45 - 16.00 | C45: 32 | D45: 12 | E45: 4 | F45: 4 | G45: 1 | H45: 0 | I45: 3 | J45: 7 | K45: 0 | L45: 0 | M45: 55 | N45: 0 | O45: =SUM(C45:L45,N45) -> 63 | P45: =SUM(C45:N45) -> 118
B46: 16.00 - 16.15 | C46: 31 | D46: 13 | E46: 8 | F46: 3 | G46: 0 | H46: 0 | I46: 3 | J46: 4 | K46: 0 | L46: 0 | M46: 39 | N46: 0 | O46: =SUM(C46:L46,N46) -> 62 | P46: =SUM(C46:N46) -> 101
B47: 16.15 -16.30 | C47: 29 | D47: 22 | E47: 4 | F47: 5 | G47: 0 | H47: 1 | I47: 3 | J47: 5 | K47: 0 | L47: 1 | M47: 60 | N47: 0 | O47: =SUM(C47:L47,N47) -> 70 | P47: =SUM(C47:N47) -> 130
B48: 16.30 -16.45 | C48: 30 | D48: 18 | E48: 11 | F48: 2 | G48: 0 | H48: 0 | I48: 1 | J48: 5 | K48: 1 | L48: 1 | M48: 45 | N48: 0 | O48: =SUM(C48:L48,N48) -> 69 | P48: =SUM(C48:N48) -> 114
B49: 16.45 -17.00 | C49: 35 | D49: 21 | E49: 12 | F49: 6 | G49: 0 | H49: 1 | I49: 5 | J49: 5 | K49: 0 | L49: 0 | M49: 47 | N49: 0 | O49: =SUM(C49:L49,N49) -> 85 | P49: =SUM(C49:N49) -> 132
B50: 17.00 -17.15 | C50: 22 | D50: 10 | E50: 4 | F50: 4 | G50: 0 | H50: 0 | I50: 3 | J50: 2 | K50: 0 | L50: 0 | M50: 56 | N50: 0 | O50: =SUM(C50:L50,N50) -> 45 | P50: =SUM(C50:N50) -> 101
B51: 17.15 -17.30 | C51: 35 | D51: 14 | E51: 10 | F51: 3 | G51: 0 | H51: 0 | I51: 2 | J51: 5 | K51: 5 | L51: 0 | M51: 55 | N51: 0 | O51: =SUM(C51:L51,N51) -> 74 | P51: =SUM(C51:N51) -> 129
B52: 17.30 -17.45 | C52: 40 | D52: 14 | E52: 12 | F52: 2 | G52: 2 | H52: 0 | I52: 0 | J52: 1 | K52: 0 | L52: 0 | M52: 60 | N52: 0 | O52: =SUM(C52:L52,N52) -> 71 | P52: =SUM(C52:N52) -> 131
B53: 17.45 -18.00 | C53: 45 | D53: 20 | E53: 5 | F53: 8 | G53: 0 | H53: 0 | I53: 1 | J53: 1 | K53: 0 | L53: 0 | M53: 45 | N53: 0 | O53: =SUM(C53:L53,N53) -> 80 | P53: =SUM(C53:N53) -> 125
B54: 18.00 - 18.15 | C54: 35 | D54: 12 | E54: 5 | F54: 4 | G54: 0 | H54: 0 | I54: 1 | J54: 2 | K54: 0 | L54: 0 | M54: 60 | N54: 0 | O54: =SUM(C54:L54,N54) -> 59 | P54: =SUM(C54:N54) -> 119
... B105: 06.45 - 07.00 | C105: 90 | D105: 22 | E105: 10 | F105: 6 | G105: 0 | H105: 0 | I105: 0 | J105: 0 | K105: 0 | L105: 0 | M105: 80 | N105: 0 | O105: =SUM(C105:L105,N105) -> 128 | P105: =SUM(C105:N105) -> 208
B106: Totals | C106: =SUM(C10:C105) -> 2321 | D106: =SUM(D10:D105) -> 784 | E106: =SUM(E10:E105) -> 401 | F106: =SUM(F10:F105) -> 193 | G106: =SUM(G10:G105) -> 8 | H106: =SUM(H10:H105) -> 5 | I106: =SUM(I10:I105) -> 138 | J106: =SUM(J10:J105) -> 120 | ... P106: =SUM(P10:P105) -> 7820
B107: %ges + MCs | C107: =C106/$P$106 -> 0.29680307 | D107: =D106/$P$106 -> 0.10025575 | E107: =E106/$P$106 -> 0.051278772 | F107: =F106/$P$106 -> 0.024680307 | G107: =G106/$P$106 -> 0.0010230179 | H107: =H106/$P$106 -> 0.00063938619 | I107: =I106/$P$106 -> 0.017647059 | J107: =J106/$P$106 -> 0.015345269 | ... N107: =N106/$P$106 -> 0.005370844
B108: %ges w/o MCs | C108: =C106/$O$106 -> 0.57365299 | D108: =D106/$O$106 -> 0.19377163 | E108: =E106/$O$106 -> 0.099110232 | F108: =F106/$O$106 -> 0.047701434 | G108: =G106/$O$106 -> 0.0019772615 | H108: =H106/$O$106 -> 0.0012357884 | I108: =I106/$O$106 -> 0.034107761 | J108: =J106/$O$106 -> 0.029658922 | ... L108: =L106/$O$106 -> 0.00049431537 | N108: =N106/$O$106 -> 0.010380623

Sheet 01.08 Bukoto-Kyebando-24h
B1: Consultancy services for Preparation of Expressway Development Master Plan (EDMP) for Uganda
B2: MANUAL CLASSIFIED COUNT (MCC)
B3: ROAD NAME: | C3: ='29.07 Kyebando-Bukoto'!C3:G3 -> MCC - C1 - STN30 - KYEBANDO - KISALOSALO ROAD
C5: Date | D5: ='01.08 Kyebando-Bukoto-24h'!D5 -> 01.08.19 | F5: Location | G5: ='01.08 Kyebando-Bukoto-24h'!G5:H5 -> Kyebando Round | J5: Surveyor | K5: ='01.08 Kyebando-Bukoto-24h'!K5:L5 -> AHISIBWE SARAH
C6: Dir. From | D6: ='29.07 Bukoto-Kyebando'!D6:E6 -> Bukoto | F6: Dir. To | G6: ='30.07 Bukoto-Kyebando'!G6:H6 -> Kyebando | J6: Supervisor | K6: ='01.08 Kyebando-Bukoto-24h'!K6:L6 -> STEVEN
B8: Time / Veh Type | R8: SUMMARY TRAFFIC VOLUMES
C9: 1. Car | D9: 2. Station Wagon | E9: 3. Pickups | F9: 4. Minibus, matatu | G9: 5. Medium bus | H9: 6. Large Bus | I9: 7. Light Truck | J9: 8. Medium Truck | K9: 9. Heavy truck | L9: 10. Truck Trailer | M9: 11. Motor cycles | N9: 12. Tractors | O9: Total Excl M/Cycles | P9: Total All | R9: Time | S9: 1. Car | T9: 2. Station Wagon | U9: 3. Pickups | V9: 4. Minibus, matatu | W9: 5. Medium bus | X9: 6. Large Bus | Y9: 7. Light Truck | Z9: 8. Medium Truck | AA9: 9. Heavy truck | AB9: 10. Truck Trailer | AC9: 11. Motorcycles | AD9: 12. Tractors, Graders | AE9: Total Excl M/ Cycles | AF9: Total All
B10: 07.00 - 07.15 | C10: 13 | D10: 11 | E10: 5 | F10: 2 | G10: 0 | H10: 0 | I10: 0 | J10: 1 | K10: 1 | L10: 0 | M10: 61 | N10: 0 | O10: =SUM(C10:L10,N10) -> 33 | P10: =SUM(C10:N10) -> 94 | R10: 0700-0800 | S10: =SUM(C10:C13) -> 50 | T10: =SUM(D10:D13) -> 41 | U10: =SUM(E10:E13) -> 12 | V10: =SUM(F10:F13) -> 6 | W10: =SUM(G10:G13) -> 0 | X10: =SUM(H10:H13) -> 0 | Y10: =SUM(I10:I13) -> 3 | Z10: =SUM(J10:J13) -> 7 | ... AF10: =SUM(P10:P13) -> 402
B11: 07.15 - 07.30 | C11: 11 | D11: 6 | E11: 3 | F11: 1 | G11: 0 | H11: 0 | I11: 0 | J11: 3 | K11: 0 | L11: 0 | M11: 58 | N11: 0 | O11: =SUM(C11:L11,N11) -> 24 | P11: =SUM(C11:N11) -> 82 | R11: 0800-0900 | S11: =SUM(C14:C17) -> 40 | T11: =SUM(D14:D17) -> 14 | U11: =SUM(E14:E17) -> 5 | V11: =SUM(F14:F17) -> 2 | W11: =SUM(G14:G17) -> 1 | X11: =SUM(H14:H17) -> 2 | Y11: =SUM(I14:I17) -> 5 | Z11: =SUM(J14:J17) -> 6 | ... AF11: =SUM(P14:P17) -> 425
B12: 07.30 - 07.45 | C12: 12 | D12: 6 | E12: 1 | F12: 1 | G12: 0 | H12: 0 | I12: 0 | J12: 0 | K12: 3 | L12: 0 | M12: 74 | N12: 0 | O12: =SUM(C12:L12,N12) -> 23 | P12: =SUM(C12:N12) -> 97 | R12: 0900-1000 | S12: =SUM(C18:C21) -> 50 | T12: =SUM(D18:D21) -> 40 | U12: =SUM(E18:E21) -> 21 | V12: =SUM(F18:F21) -> 5 | W12: =SUM(G18:G21) -> 0 | X12: =SUM(H18:H21) -> 0 | Y12: =SUM(I18:I21) -> 10 | Z12: =SUM(J18:J21) -> 8 | ... AF12: =SUM(P18:P21) -> 416
B13: 07.45 - 08.00 | C13: 14 | D13: 18 | E13: 3 | F13: 2 | G13: 0 | H13: 0 | I13: 3 | J13: 3 | K13: 2 | L13: 1 | M13: 83 | N13: 0 | O13: =SUM(C13:L13,N13) -> 46 | P13: =SUM(C13:N13) -> 129 | R13: 1000-1100 | S13: =SUM(C22:C25) -> 71 | T13: =SUM(D22:D25) -> 28 | U13: =SUM(E22:E25) -> 21 | V13: =SUM(F22:F25) -> 15 | W13: =SUM(G22:G25) -> 1 | X13: =SUM(H22:H25) -> 0 | Y13: =SUM(I22:I25) -> 9 | Z13: =SUM(J22:J25) -> 8 | ... AF13: =SUM(P22:P25) -> 424
B14: 08.00 - 08.15 | C14: 11 | D14: 6 | E14: 1 | F14: 0 | G14: 1 | H14: 0 | I14: 0 | J14: 0 | K14: 3 | L14: 0 | M14: 83 | N14: 0 | O14: =SUM(C14:L14,N14) -> 22 | P14: =SUM(C14:N14) -> 105 | R14: 1100-1200 | S14: =SUM(C26:C29) -> 79 | T14: =SUM(D26:D29) -> 42 | U14: =SUM(E26:E29) -> 21 | V14: =SUM(F26:F29) -> 13 | W14: =SUM(G26:G29) -> 0 | X14: =SUM(H26:H29) -> 0 | Y14: =SUM(I26:I29) -> 14 | Z14: =SUM(J26:J29) -> 7 | ... AF14: =SUM(P26:P29) -> 444
B15: 08.15 - 08.30 | C15: 6 | D15: 4 | E15: 1 | F15: 0 | G15: 0 | H15: 1 | I15: 1 | J15: 2 | K15: 0 | L15: 0 | M15: 93 | N15: 0 | O15: =SUM(C15:L15,N15) -> 15 | P15: =SUM(C15:N15) -> 108 | R15: 1200-1300 | S15: =SUM(C30:C33) -> 72 | T15: =SUM(D30:D33) -> 42 | U15: =SUM(E30:E33) -> 12 | V15: =SUM(F30:F33) -> 9 | W15: =SUM(G30:G33) -> 1 | X15: =SUM(H30:H33) -> 0 | Y15: =SUM(I30:I33) -> 10 | Z15: =SUM(J30:J33) -> 7 | ... AF15: =SUM(P30:P33) -> 420
B16: 08.30 - 08.45 | C16: 15 | D16: 2 | E16: 3 | F16: 0 | G16: 0 | H16: 0 | I16: 2 | J16: 0 | K16: 0 | L16: 0 | M16: 78 | N16: 0 | O16: =SUM(C16:L16,N16) -> 22 | P16: =SUM(C16:N16) -> 100 | R16: 1300-1400 | S16: =SUM(C34:C37) -> 96 | T16: =SUM(D34:D37) -> 59 | U16: =SUM(E34:E37) -> 24 | V16: =SUM(F34:F37) -> 23 | W16: =SUM(G34:G37) -> 0 | X16: =SUM(H34:H37) -> 0 | Y16: =SUM(I34:I37) -> 3 | Z16: =SUM(J34:J37) -> 8 | ... AF16: =SUM(P34:P37) -> 496
B17: 08.45 - 9.00 | C17: 8 | D17: 2 | E17: 0 | F17: 2 | G17: 0 | H17: 1 | I17: 2 | J17: 4 | K17: 1 | L17: 0 | M17: 92 | N17: 0 | O17: =SUM(C17:L17,N17) -> 20 | P17: =SUM(C17:N17) -> 112 | R17: 1400-1500 | S17: =SUM(C38:C41) -> 296 | T17: =SUM(D38:D41) -> 56 | U17: =SUM(E38:E41) -> 11 | V17: =SUM(F38:F41) -> 20 | W17: =SUM(G38:G41) -> 0 | X17: =SUM(H38:H41) -> 0 | Y17: =SUM(I38:I41) -> 3 | Z17: =SUM(J38:J41) -> 14 | ... AF17: =SUM(P38:P41) -> 660
B18: 09.00 - 09.15 | C18: 15 | D18: 17 | E18: 9 | F18: 1 | G18: 0 | H18: 0 | I18: 0 | J18: 1 | K18: 0 | L18: 0 | M18: 82 | N18: 0 | O18: =SUM(C18:L18,N18) -> 43 | P18: =SUM(C18:N18) -> 125 | R18: 1500-1600 | S18: =SUM(C42:C45) -> 78 | T18: =SUM(D42:D45) -> 50 | U18: =SUM(E42:E45) -> 21 | V18: =SUM(F42:F45) -> 10 | W18: =SUM(G42:G45) -> 1 | X18: =SUM(H42:H45) -> 0 | Y18: =SUM(I42:I45) -> 6 | Z18: =SUM(J42:J45) -> 10 | ... AF18: =SUM(P42:P45) -> 401
B19: 09.15 - 09.30 | C19: 12 | D19: 8 | E19: 4 | F19: 2 | G19: 0 | H19: 0 | I19: 4 | J19: 2 | K19: 0 | L19: 0 | M19: 89 | N19: 0 | O19: =SUM(C19:L19,N19) -> 32 | P19: =SUM(C19:N19) -> 121 | R19: 1600-1700 | S19: =SUM(C46:C49) -> 138 | T19: =SUM(D46:D49) -> 71 | U19: =SUM(E46:E49) -> 24 | V19: =SUM(F46:F49) -> 11 | W19: =SUM(G46:G49) -> 1 | X19: =SUM(H46:H49) -> 1 | Y19: =SUM(I46:I49) -> 8 | Z19: =SUM(J46:J49) -> 6 | ... AF19: =SUM(P46:P49) -> 529
B20: 09.30 - 09.45 | C20: 10 | D20: 5 | E20: 5 | F20: 1 | G20: 0 | H20: 0 | I20: 2 | J20: 3 | K20: 1 | L20: 0 | M20: 62 | N20: 0 | O20: =SUM(C20:L20,N20) -> 27 | P20: =SUM(C20:N20) -> 89 | R20: 1700-1800 | S20: =SUM(C50:C53) -> 207 | T20: =SUM(D50:D53) -> 121 | U20: =SUM(E50:E53) -> 32 | V20: =SUM(F50:F53) -> 15 | W20: =SUM(G50:G53) -> 0 | X20: =SUM(H50:H53) -> 0 | Y20: =SUM(I50:I53) -> 12 | Z20: =SUM(J50:J53) -> 12 | ... AF20: =SUM(P50:P53) -> 702
B21: 09.45 - 10.00 | C21: 13 | D21: 10 | E21: 3 | F21: 1 | G21: 0 | H21: 0 | I21: 4 | J21: 2 | K21: 1 | L21: 0 | M21: 47 | N21: 0 | O21: =SUM(C21:L21,N21) -> 34 | P21: =SUM(C21:N21) -> 81 | R21: 1800-1900 | S21: =SUM(C54:C57) -> 164 | T21: =SUM(D54:D57) -> 128 | U21: =SUM(E54:E57) -> 25 | V21: =SUM(F54:F57) -> 16 | W21: =SUM(G54:G57) -> 0 | X21: =SUM(H54:H57) -> 0 | Y21: =SUM(I54:I57) -> 22 | Z21: =SUM(J54:J57) -> 6 | ... AF21: =SUM(P54:P57) -> 619
B22: 10.00 - 10.15 | C22: 12 | D22: 8 | E22: 6 | F22: 5 | G22: 1 | H22: 0 | I22: 2 | J22: 4 | K22: 1 | L22: 0 | M22: 67 | N22: 0 | O22: =SUM(C22:L22,N22) -> 39 | P22: =SUM(C22:N22) -> 106 | R22: 1900-2000 | S22: =SUM(C58:C61) -> 159 | T22: =SUM(D58:D61) -> 30 | U22: =SUM(E58:E61) -> 25 | V22: =SUM(F58:F61) -> 20 | W22: =SUM(G58:G61) -> 0 | X22: =SUM(H58:H61) -> 0 | Y22: =SUM(I58:I61) -> 13 | Z22: =SUM(J58:J61) -> 3 | ... AF22: =SUM(P58:P61) -> 477
B23: 10.15 - 10.30 | C23: 15 | D23: 9 | E23: 5 | F23: 4 | G23: 0 | H23: 0 | I23: 1 | J23: 3 | K23: 2 | L23: 0 | M23: 74 | N23: 0 | O23: =SUM(C23:L23,N23) -> 39 | P23: =SUM(C23:N23) -> 113 | R23: 2000-2100 | S23: =SUM(C62:C65) -> 142 | T23: =SUM(D62:D65) -> 21 | U23: =SUM(E62:E65) -> 12 | V23: =SUM(F62:F65) -> 12 | W23: =SUM(G62:G65) -> 5 | X23: =SUM(H62:H65) -> 0 | Y23: =SUM(I62:I65) -> 9 | Z23: =SUM(J62:J65) -> 5 | ... AF23: =SUM(P62:P65) -> 397
B24: 10.30 - 10.45 | C24: 18 | D24: 8 | E24: 3 | F24: 4 | G24: 0 | H24: 0 | I24: 3 | J24: 0 | K24: 3 | L24: 0 | M24: 61 | N24: 0 | O24: =SUM(C24:L24,N24) -> 39 | P24: =SUM(C24:N24) -> 100 | R24: 2100-2200 | S24: =SUM(C66:C69) -> 114 | T24: =SUM(D66:D69) -> 6 | U24: =SUM(E66:E69) -> 9 | V24: =SUM(F66:F69) -> 12 | W24: =SUM(G66:G69) -> 0 | X24: =SUM(H66:H69) -> 0 | Y24: =SUM(I66:I69) -> 2 | Z24: =SUM(J66:J69) -> 1 | ... AF24: =SUM(P66:P69) -> 399
B25: 10.45 - 11.00 | C25: 26 | D25: 3 | E25: 7 | F25: 2 | G25: 0 | H25: 0 | I25: 3 | J25: 1 | K25: 2 | L25: 0 | M25: 61 | N25: 0 | O25: =SUM(C25:L25,N25) -> 44 | P25: =SUM(C25:N25) -> 105 | R25: 2200-2300 | S25: =SUM(C70:C73) -> 80 | T25: =SUM(D70:D73) -> 10 | U25: =SUM(E70:E73) -> 5 | V25: =SUM(F70:F73) -> 11 | W25: =SUM(G70:G73) -> 0 | X25: =SUM(H70:H73) -> 0 | Y25: =SUM(I70:I73) -> 3 | Z25: =SUM(J70:J73) -> 2 | ... AF25: =SUM(P70:P73) -> 238
B26: 11.00 - 11.15 | C26: 22 | D26: 14 | E26: 6 | F26: 3 | G26: 0 | H26: 0 | I26: 8 | J26: 3 | K26: 3 | L26: 0 | M26: 66 | N26: 0 | O26: =SUM(C26:L26,N26) -> 59 | P26: =SUM(C26:N26) -> 125 | R26: 2300-0000 | S26: =SUM(C74:C77) -> 30 | T26: =SUM(D74:D77) -> 8 | U26: =SUM(E74:E77) -> 0 | V26: =SUM(F74:F77) -> 6 | W26: =SUM(G74:G77) -> 0 | X26: =SUM(H74:H77) -> 0 | Y26: =SUM(I74:I77) -> 0 | Z26: =SUM(J74:J77) -> 0 | ... AF26: =SUM(P74:P77) -> 133
B27: 11.15 - 11.30 | C27: 31 | D27: 11 | E27: 5 | F27: 5 | G27: 0 | H27: 0 | I27: 5 | J27: 0 | K27: 5 | L27: 0 | M27: 67 | N27: 0 | O27: =SUM(C27:L27,N27) -> 62 | P27: =SUM(C27:N27) -> 129 | R27: 0000-0100 | S27: =SUM(C78:C81) -> 24 | T27: =SUM(D78:D81) -> 2 | U27: =SUM(E78:E81) -> 2 | V27: =SUM(F78:F81) -> 3 | W27: =SUM(G78:G81) -> 0 | X27: =SUM(H78:H81) -> 0 | Y27: =SUM(I78:I81) -> 3 | Z27: =SUM(J78:J81) -> 0 | ... AF27: =SUM(P78:P81) -> 104
B28: 11.30 - 11.45 | C28: 10 | D28: 8 | E28: 0 | F28: 2 | G28: 0 | H28: 0 | I28: 0 | J28: 2 | K28: 1 | L28: 0 | M28: 44 | N28: 0 | O28: =SUM(C28:L28,N28) -> 23 | P28: =SUM(C28:N28) -> 67 | R28: 0100-0200 | S28: =SUM(C82:C85) -> 19 | T28: =SUM(D82:D85) -> 2 | U28: =SUM(E82:E85) -> 2 | V28: =SUM(F82:F85) -> 0 | W28: =SUM(G82:G85) -> 0 | X28: =SUM(H82:H85) -> 1 | Y28: =SUM(I82:I85) -> 1 | Z28: =SUM(J82:J85) -> 0 | ... AF28: =SUM(P82:P85) -> 52
B29: 11.45 - 12.00 | C29: 16 | D29: 9 | E29: 10 | F29: 3 | G29: 0 | H29: 0 | I29: 1 | J29: 2 | K29: 3 | L29: 0 | M29: 79 | N29: 0 | O29: =SUM(C29:L29,N29) -> 44 | P29: =SUM(C29:N29) -> 123 | R29: 0200-0300 | S29: =SUM(C86:C89) -> 6 | T29: =SUM(D86:D89) -> 0 | U29: =SUM(E86:E89) -> 1 | V29: =SUM(F86:F89) -> 0 | W29: =SUM(G86:G89) -> 0 | X29: =SUM(H86:H89) -> 0 | Y29: =SUM(I86:I89) -> 1 | Z29: =SUM(J86:J89) -> 2 | ... AF29: =SUM(P86:P89) -> 41
B30: 12.00 - 12.15 | C30: 21 | D30: 6 | E30: 2 | F30: 3 | G30: 0 | H30: 0 | I30: 1 | J30: 5 | K30: 2 | L30: 0 | M30: 49 | N30: 0 | O30: =SUM(C30:L30,N30) -> 40 | P30: =SUM(C30:N30) -> 89 | R30: 0300-0400 | S30: =SUM(C90:C93) -> 5 | T30: =SUM(D90:D93) -> 0 | U30: =SUM(E90:E93) -> 0 | V30: =SUM(F90:F93) -> 0 | W30: =SUM(G90:G93) -> 0 | X30: =SUM(H90:H93) -> 0 | Y30: =SUM(I90:I93) -> 0 | Z30: =SUM(J90:J93) -> 1 | ... AF30: =SUM(P90:P93) -> 19
B31: 12.15 - 12.30 | C31: 12 | D31: 14 | E31: 5 | F31: 3 | G31: 0 | H31: 0 | I31: 4 | J31: 0 | K31: 1 | L31: 0 | M31: 73 | N31: 0 | O31: =SUM(C31:L31,N31) -> 39 | P31: =SUM(C31:N31) -> 112 | R31: 0400-0500 | S31: =SUM(C94:C97) -> 8 | T31: =SUM(D94:D97) -> 1 | U31: =SUM(E94:E97) -> 2 | V31: =SUM(F94:F97) -> 4 | W31: =SUM(G94:G97) -> 0 | X31: =SUM(H94:H97) -> 0 | Y31: =SUM(I94:I97) -> 1 | Z31: =SUM(J94:J97) -> 0 | ... AF31: =SUM(P94:P97) -> 28
B32: 12.30 - 12.45 | C32: 16 | D32: 13 | E32: 1 | F32: 0 | G32: 1 | H32: 0 | I32: 1 | J32: 1 | K32: 2 | L32: 0 | M32: 64 | N32: 0 | O32: =SUM(C32:L32,N32) -> 35 | P32: =SUM(C32:N32) -> 99 | R32: 0500-0600 | S32: =SUM(C98:C101) -> 13 | T32: =SUM(D98:D101) -> 1 | U32: =SUM(E98:E101) -> 2 | V32: =SUM(F98:F101) -> 4 | W32: =SUM(G98:G101) -> 1 | X32: =SUM(H98:H101) -> 0 | Y32: =SUM(I98:I101) -> 0 | Z32: =SUM(J98:J101) -> 2 | ... AF32: =SUM(P98:P101) -> 46
B33: 12.45 - 13.00 | C33: 23 | D33: 9 | E33: 4 | F33: 3 | G33: 0 | H33: 0 | I33: 4 | J33: 1 | K33: 3 | L33: 1 | M33: 72 | N33: 0 | O33: =SUM(C33:L33,N33) -> 48 | P33: =SUM(C33:N33) -> 120 | R33: 0600-0700 | S33: =SUM(C102:C105) -> 58 | T33: =SUM(D102:D105) -> 5 | U33: =SUM(E102:E105) -> 7 | V33: =SUM(F102:F105) -> 7 | W33: =SUM(G102:G105) -> 3 | X33: =SUM(H102:H105) -> 0 | Y33: =SUM(I102:I105) -> 5 | Z33: =SUM(J102:J105) -> 1 | ... AF33: =SUM(P102:P105) -> 168
B34: 13.00 - 13.15 | C34: 19 | D34: 21 | E34: 3 | F34: 6 | G34: 0 | H34: 0 | I34: 1 | J34: 3 | K34: 3 | L34: 0 | M34: 58 | N34: 0 | O34: =SUM(C34:L34,N34) -> 56 | P34: =SUM(C34:N34) -> 114 | R34: AM Peak Hr | S34: =MAX(S10:S12) -> 50 | T34: =MAX(T10:T12) -> 41 | U34: =MAX(U10:U12) -> 21 | V34: =MAX(V10:V12) -> 6 | W34: =MAX(W10:W12) -> 1 | X34: =MAX(X10:X12) -> 2 | Y34: =MAX(Y10:Y12) -> 10 | Z34: =MAX(Z10:Z12) -> 8 | ... AF34: =MAX(AF10:AF12) -> 425
B35: 13.15 - 13.30 | C35: 21 | D35: 12 | E35: 5 | F35: 8 | G35: 0 | H35: 0 | I35: 1 | J35: 1 | K35: 1 | L35: 0 | M35: 68 | N35: 0 | O35: =SUM(C35:L35,N35) -> 49 | P35: =SUM(C35:N35) -> 117 | R35: IP Peak Hr | S35: =MAX(S13:S18) -> 296 | T35: =MAX(T13:T18) -> 59 | U35: =MAX(U13:U18) -> 24 | V35: =MAX(V13:V18) -> 23 | W35: =MAX(W13:W18) -> 1 | X35: =MAX(X13:X18) -> 0 | Y35: =MAX(Y13:Y18) -> 14 | Z35: =MAX(Z13:Z18) -> 14 | ... AF35: =MAX(AF13:AF18) -> 660
B36: 13.30 - 13.45 | C36: 23 | D36: 13 | E36: 9 | F36: 2 | G36: 0 | H36: 0 | I36: 1 | J36: 2 | K36: 2 | L36: 0 | M36: 88 | N36: 0 | O36: =SUM(C36:L36,N36) -> 52 | P36: =SUM(C36:N36) -> 140 | R36: PM Peak Hr | S36: =MAX(S19:S21) -> 207 | T36: =MAX(T19:T21) -> 128 | U36: =MAX(U19:U21) -> 32 | V36: =MAX(V19:V21) -> 16 | W36: =MAX(W19:W21) -> 1 | X36: =MAX(X19:X21) -> 1 | Y36: =MAX(Y19:Y21) -> 22 | Z36: =MAX(Z19:Z21) -> 12 | ... AF36: =MAX(AF19:AF21) -> 702
B37: 13.45 - 14.00 | C37: 33 | D37: 13 | E37: 7 | F37: 7 | G37: 0 | H37: 0 | I37: 0 | J37: 2 | K37: 0 | L37: 0 | M37: 63 | N37: 0 | O37: =SUM(C37:L37,N37) -> 62 | P37: =SUM(C37:N37) -> 125 | R37: AM Period | S37: =SUM(S10:S12) -> 140 | T37: =SUM(T10:T12) -> 95 | U37: =SUM(U10:U12) -> 38 | V37: =SUM(V10:V12) -> 13 | W37: =SUM(W10:W12) -> 1 | X37: =SUM(X10:X12) -> 2 | Y37: =SUM(Y10:Y12) -> 18 | Z37: =SUM(Z10:Z12) -> 21 | ... AF37: =SUM(AF10:AF12) -> 1243
B38: 14.00 - 14.15 | C38: 18 | D38: 15 | E38: 3 | F38: 4 | G38: 0 | H38: 0 | I38: 1 | J38: 1 | K38: 2 | L38: 1 | M38: 70 | N38: 0 | O38: =SUM(C38:L38,N38) -> 45 | P38: =SUM(C38:N38) -> 115 | R38: IP Period | S38: =SUM(S13:S18) -> 692 | T38: =SUM(T13:T18) -> 277 | U38: =SUM(U13:U18) -> 110 | V38: =SUM(V13:V18) -> 90 | W38: =SUM(W13:W18) -> 3 | X38: =SUM(X13:X18) -> 0 | Y38: =SUM(Y13:Y18) -> 45 | Z38: =SUM(Z13:Z18) -> 54 | ... AF38: =SUM(AF13:AF18) -> 2845
B39: 14.15 - 14.30 | C39: 24 | D39: 22 | E39: 3 | F39: 6 | G39: 0 | H39: 0 | I39: 1 | J39: 10 | K39: 1 | L39: 0 | M39: 80 | N39: 0 | O39: =SUM(C39:L39,N39) -> 67 | P39: =SUM(C39:N39) -> 147 | R39: PM Period | S39: =SUM(S19:S21) -> 509 | T39: =SUM(T19:T21) -> 320 | U39: =SUM(U19:U21) -> 81 | V39: =SUM(V19:V21) -> 42 | W39: =SUM(W19:W21) -> 1 | X39: =SUM(X19:X21) -> 1 | Y39: =SUM(Y19:Y21) -> 42 | Z39: =SUM(Z19:Z21) -> 24 | ... AF39: =SUM(AF19:AF21) -> 1850
B40: 14.30 - 14.45 | C40: 238 | D40: 8 | E40: 3 | F40: 3 | G40: 0 | H40: 0 | I40: 1 | J40: 2 | K40: 1 | L40: 0 | M40: 46 | N40: 0 | O40: =SUM(C40:L40,N40) -> 256 | P40: =SUM(C40:N40) -> 302 | R40: 12 Hours | S40: =SUM(S10:S21) -> 1341 | T40: =SUM(T10:T21) -> 692 | U40: =SUM(U10:U21) -> 229 | V40: =SUM(V10:V21) -> 145 | W40: =SUM(W10:W21) -> 5 | X40: =SUM(X10:X21) -> 3 | Y40: =SUM(Y10:Y21) -> 105 | Z40: =SUM(Z10:Z21) -> 99 | ... AF40: =SUM(AF10:AF21) -> 5938
B41: 14.45 - 15.00 | C41: 16 | D41: 11 | E41: 2 | F41: 7 | G41: 0 | H41: 0 | I41: 0 | J41: 1 | K41: 1 | L41: 0 | M41: 58 | N41: 0 | O41: =SUM(C41:L41,N41) -> 38 | P41: =SUM(C41:N41) -> 96 | R41: 24 Hrs/ADT | S41: =SUM(S10:S33) -> 1999 | T41: =SUM(T10:T33) -> 778 | U41: =SUM(U10:U33) -> 296 | V41: =SUM(V10:V33) -> 224 | W41: =SUM(W10:W33) -> 14 | X41: =SUM(X10:X33) -> 4 | Y41: =SUM(Y10:Y33) -> 143 | Z41: =SUM(Z10:Z33) -> 116 | ... AF41: =SUM(AF10:AF33) -> 8040
B42: 15.00 - 15.15 | C42: 23 | D42: 20 | E42: 5 | F42: 6 | G42: 1 | H42: 0 | I42: 2 | J42: 2 | K42: 1 | L42: 0 | M42: 65 | N42: 0 | O42: =SUM(C42:L42,N42) -> 60 | P42: =SUM(C42:N42) -> 125 | R42: NEF | S42: =S41/S40 -> 1.4906786 | T42: =T41/T40 -> 1.1242775 | U42: =U41/U40 -> 1.2925764 | V42: =V41/V40 -> 1.5448276 | W42: =W41/W40 -> 2.8 | X42: =X41/X40 -> 1.3333333 | Y42: =Y41/Y40 -> 1.3619048 | Z42: =Z41/Z40 -> 1.1717172 | ... AF42: =AF41/AF40 -> 1.3539912
B43: 15.15 - 15.30 | C43: 24 | D43: 13 | E43: 6 | F43: 0 | G43: 0 | H43: 0 | I43: 1 | J43: 4 | K43: 4 | L43: 0 | M43: 51 | N43: 0 | O43: =SUM(C43:L43,N43) -> 52 | P43: =SUM(C43:N43) -> 103
B44: 15.30 - 15.45 | C44: 13 | D44: 6 | E44: 3 | F44: 2 | G44: 0 | H44: 0 | I44: 3 | J44: 2 | K44: 4 | L44: 0 | M44: 32 | N44: 0 | O44: =SUM(C44:L44,N44) -> 33 | P44: =SUM(C44:N44) -> 65
B45: 15.45 - 16.00 | C45: 18 | D45: 11 | E45: 7 | F45: 2 | G45: 0 | H45: 0 | I45: 0 | J45: 2 | K45: 1 | L45: 0 | M45: 67 | N45: 0 | O45: =SUM(C45:L45,N45) -> 41 | P45: =SUM(C45:N45) -> 108
B46: 16.00 - 16.15 | C46: 30 | D46: 19 | E46: 7 | F46: 2 | G46: 0 | H46: 0 | I46: 2 | J46: 1 | K46: 2 | L46: 0 | M46: 46 | N46: 0 | O46: =SUM(C46:L46,N46) -> 63 | P46: =SUM(C46:N46) -> 109
B47: 16.15 -16.30 | C47: 27 | D47: 6 | E47: 3 | F47: 1 | G47: 0 | H47: 0 | I47: 3 | J47: 4 | K47: 1 | L47: 0 | M47: 60 | N47: 0 | O47: =SUM(C47:L47,N47) -> 45 | P47: =SUM(C47:N47) -> 105
B48: 16.30 -16.45 | C48: 38 | D48: 27 | E48: 6 | F48: 3 | G48: 1 | H48: 1 | I48: 2 | J48: 0 | K48: 2 | L48: 0 | M48: 81 | N48: 0 | O48: =SUM(C48:L48,N48) -> 80 | P48: =SUM(C48:N48) -> 161
B49: 16.45 -17.00 | C49: 43 | D49: 19 | E49: 8 | F49: 5 | G49: 0 | H49: 0 | I49: 1 | J49: 1 | K49: 5 | L49: 0 | M49: 72 | N49: 0 | O49: =SUM(C49:L49,N49) -> 82 | P49: =SUM(C49:N49) -> 154
B50: 17.00 -17.15 | C50: 48 | D50: 26 | E50: 7 | F50: 4 | G50: 0 | H50: 0 | I50: 1 | J50: 0 | K50: 4 | L50: 0 | M50: 70 | N50: 0 | O50: =SUM(C50:L50,N50) -> 90 | P50: =SUM(C50:N50) -> 160
B51: 17.15 -17.30 | C51: 57 | D51: 33 | E51: 13 | F51: 0 | G51: 0 | H51: 0 | I51: 3 | J51: 3 | K51: 1 | L51: 0 | M51: 66 | N51: 0 | O51: =SUM(C51:L51,N51) -> 110 | P51: =SUM(C51:N51) -> 176
B52: 17.30 -17.45 | C52: 64 | D52: 25 | E52: 4 | F52: 3 | G52: 0 | H52: 0 | I52: 3 | J52: 5 | K52: 1 | L52: 0 | M52: 70 | N52: 0 | O52: =SUM(C52:L52,N52) -> 105 | P52: =SUM(C52:N52) -> 175
B53: 17.45 -18.00 | C53: 38 | D53: 37 | E53: 8 | F53: 8 | G53: 0 | H53: 0 | I53: 5 | J53: 4 | K53: 3 | L53: 0 | M53: 88 | N53: 0 | O53: =SUM(C53:L53,N53) -> 103 | P53: =SUM(C53:N53) -> 191
B54: 18.00 - 18.15 | C54: 53 | D54: 23 | E54: 5 | F54: 2 | G54: 0 | H54: 0 | I54: 3 | J54: 2 | K54: 1 | L54: 2 | M54: 66 | N54: 0 | O54: =SUM(C54:L54,N54) -> 91 | P54: =SUM(C54:N54) -> 157
... B105: 06.45 - 07.00 | C105: 24 | D105: 2 | E105: 2 | F105: 0 | G105: 0 | H105: 0 | I105: 0 | J105: 0 | K105: 0 | L105: 0 | M105: 31 | N105: 0 | O105: =SUM(C105:L105,N105) -> 28 | P105: =SUM(C105:N105) -> 59
B106: Totals | C106: =SUM(C10:C105) -> 1999 | D106: =SUM(D10:D105) -> 778 | E106: =SUM(E10:E105) -> 296 | F106: =SUM(F10:F105) -> 224 | G106: =SUM(G10:G105) -> 14 | H106: =SUM(H10:H105) -> 4 | I106: =SUM(I10:I105) -> 143 | J106: =SUM(J10:J105) -> 116 | ... P106: =SUM(P10:P105) -> 8040
B107: %ges + MCs | C107: =C106/$P$106 -> 0.24863184 | D107: =D106/$P$106 -> 0.096766169 | E107: =E106/$P$106 -> 0.03681592 | F107: =F106/$P$106 -> 0.027860697 | G107: =G106/$P$106 -> 0.0017412935 | H107: =H106/$P$106 -> 0.00049751244 | I107: =I106/$P$106 -> 0.01778607 | J107: =J106/$P$106 -> 0.014427861 | ... N107: =N106/$P$106 -> 0
B108: %ges w/o MCs | C108: =C106/$O$106 -> 0.54498364 | D108: =D106/$O$106 -> 0.21210469 | E108: =E106/$O$106 -> 0.080697928 | F108: =F106/$O$106 -> 0.061068702 | G108: =G106/$O$106 -> 0.0038167939 | H108: =H106/$O$106 -> 0.0010905125 | I108: =I106/$O$106 -> 0.038985823 | J108: =J106/$O$106 -> 0.031624864 | ... L108: =L106/$O$106 -> 0.0013631407 | N108: =N106/$O$106 -> 0

Sheet 02.08 Kyebando-Bukoto
B1: Consultancy services for Preparation of Expressway Development Master Plan (EDMP) for Uganda
B2: MANUAL CLASSIFIED COUNT (MCC)
B3: ROAD NAME: | C3: ='29.07 Kyebando-Bukoto'!C3:G3 -> MCC - C1 - STN30 - KYEBANDO - KISALOSALO ROAD
C5: Date | D5: 02.08.19 | F5: Location | G5: ='31.07 Bukoto-Kyebando'!G5:H5 -> Kyebando Round | J5: Surveyor | K5: ='31.07 Bukoto-Kyebando'!K5:L5 -> AHISIBWE SARAH
C6: Dir. From | D6: ='29.07 Kyebando-Bukoto'!D6:E6 -> Kyebando | F6: Dir. To | G6: ='29.07 Kyebando-Bukoto'!G6:H6 -> Bukoto | J6: Supervisor | K6: ='31.07 Bukoto-Kyebando'!K6:L6 -> STEVEN
B8: Time / Veh Type | R8: SUMMARY TRAFFIC VOLUMES
C9: 1. Car | D9: 2. Station Wagon | E9: 3. Pickups | F9: 4. Minibus, matatu | G9: 5. Medium bus | H9: 6. Large Bus | I9: 7. Light Truck | J9: 8. Medium Truck | K9: 9. Heavy truck | L9: 10. Truck Trailer | M9: 11. Motor cycles | N9: 12. Tractors | O9: Total Excl M/Cycles | P9: Total All | R9: Time | S9: 1. Car | T9: 2. Station Wagon | U9: 3. Pickups | V9: 4. Minibus, matatu | W9: 5. Medium bus | X9: 6. Large Bus | Y9: 7. Light Truck | Z9: 8. Medium Truck | AA9: 9. Heavy truck | AB9: 10. Truck Trailer | AC9: 11. Motorcycles | AD9: 12. Tractors, Graders | AE9: Total Excl M/ Cycles | AF9: Total All
B10: 07.00 - 07.15 | C10: 70 | D10: 40 | E10: 10 | F10: 5 | G10: 0 | H10: 0 | I10: 0 | J10: 1 | K10: 0 | L10: 0 | M10: 75 | N10: 0 | O10: =SUM(C10:L10,N10) -> 126 | P10: =SUM(C10:N10) -> 201 | R10: 0700-0800 | S10: =SUM(C10:C13) -> 270 | T10: =SUM(D10:D13) -> 120 | U10: =SUM(E10:E13) -> 39 | V10: =SUM(F10:F13) -> 15 | W10: =SUM(G10:G13) -> 2 | X10: =SUM(H10:H13) -> 0 | Y10: =SUM(I10:I13) -> 3 | Z10: =SUM(J10:J13) -> 4 | ... AF10: =SUM(P10:P13) -> 791
B11: 07.15 - 07.30 | C11: 65 | D11: 25 | E11: 13 | F11: 7 | G11: 1 | H11: 0 | I11: 0 | J11: 0 | K11: 0 | L11: 0 | M11: 85 | N11: 0 | O11: =SUM(C11:L11,N11) -> 111 | P11: =SUM(C11:N11) -> 196 | R11: 0800-0900 | S11: =SUM(C14:C17) -> 208 | T11: =SUM(D14:D17) -> 55 | U11: =SUM(E14:E17) -> 15 | V11: =SUM(F14:F17) -> 8 | W11: =SUM(G14:G17) -> 0 | X11: =SUM(H14:H17) -> 1 | Y11: =SUM(I14:I17) -> 16 | Z11: =SUM(J14:J17) -> 4 | ... AF11: =SUM(P14:P17) -> 605
B12: 07.30 - 07.45 | C12: 70 | D12: 30 | E12: 12 | F12: 1 | G12: 0 | H12: 0 | I12: 3 | J12: 1 | K12: 2 | L12: 0 | M12: 75 | N12: 0 | O12: =SUM(C12:L12,N12) -> 119 | P12: =SUM(C12:N12) -> 194 | R12: 0900-1000 | S12: =SUM(C18:C21) -> 154 | T12: =SUM(D18:D21) -> 46 | U12: =SUM(E18:E21) -> 22 | V12: =SUM(F18:F21) -> 11 | W12: =SUM(G18:G21) -> 3 | X12: =SUM(H18:H21) -> 0 | Y12: =SUM(I18:I21) -> 21 | Z12: =SUM(J18:J21) -> 1 | ... AF12: =SUM(P18:P21) -> 480
B13: 07.45 - 08.00 | C13: 65 | D13: 25 | E13: 4 | F13: 2 | G13: 1 | H13: 0 | I13: 0 | J13: 2 | K13: 1 | L13: 0 | M13: 100 | N13: 0 | O13: =SUM(C13:L13,N13) -> 100 | P13: =SUM(C13:N13) -> 200 | R13: 1000-1100 | S13: =SUM(C22:C25) -> 114 | T13: =SUM(D22:D25) -> 41 | U13: =SUM(E22:E25) -> 19 | V13: =SUM(F22:F25) -> 11 | W13: =SUM(G22:G25) -> 2 | X13: =SUM(H22:H25) -> 0 | Y13: =SUM(I22:I25) -> 12 | Z13: =SUM(J22:J25) -> 3 | ... AF13: =SUM(P22:P25) -> 428
B14: 08.00 - 08.15 | C14: 60 | D14: 15 | E14: 6 | F14: 2 | G14: 0 | H14: 0 | I14: 2 | J14: 1 | K14: 0 | L14: 0 | M14: 90 | N14: 0 | O14: =SUM(C14:L14,N14) -> 86 | P14: =SUM(C14:N14) -> 176 | R14: 1100-1200 | S14: =SUM(C26:C29) -> 83 | T14: =SUM(D26:D29) -> 45 | U14: =SUM(E26:E29) -> 11 | V14: =SUM(F26:F29) -> 5 | W14: =SUM(G26:G29) -> 0 | X14: =SUM(H26:H29) -> 0 | Y14: =SUM(I26:I29) -> 13 | Z14: =SUM(J26:J29) -> 3 | ... AF14: =SUM(P26:P29) -> 353
B15: 08.15 - 08.30 | C15: 61 | D15: 26 | E15: 3 | F15: 3 | G15: 0 | H15: 0 | I15: 3 | J15: 2 | K15: 1 | L15: 0 | M15: 92 | N15: 0 | O15: =SUM(C15:L15,N15) -> 99 | P15: =SUM(C15:N15) -> 191 | R15: 1200-1300 | S15: =SUM(C30:C33) -> 124 | T15: =SUM(D30:D33) -> 38 | U15: =SUM(E30:E33) -> 16 | V15: =SUM(F30:F33) -> 7 | W15: =SUM(G30:G33) -> 0 | X15: =SUM(H30:H33) -> 0 | Y15: =SUM(I30:I33) -> 22 | Z15: =SUM(J30:J33) -> 6 | ... AF15: =SUM(P30:P33) -> 391
B16: 08.30 - 08.45 | C16: 55 | D16: 4 | E16: 2 | F16: 2 | G16: 0 | H16: 0 | I16: 5 | J16: 1 | K16: 1 | L16: 0 | M16: 54 | N16: 0 | O16: =SUM(C16:L16,N16) -> 70 | P16: =SUM(C16:N16) -> 124 | R16: 1300-1400 | S16: =SUM(C34:C37) -> 106 | T16: =SUM(D34:D37) -> 40 | U16: =SUM(E34:E37) -> 17 | V16: =SUM(F34:F37) -> 3 | W16: =SUM(G34:G37) -> 0 | X16: =SUM(H34:H37) -> 0 | Y16: =SUM(I34:I37) -> 26 | Z16: =SUM(J34:J37) -> 5 | ... AF16: =SUM(P34:P37) -> 411
B17: 08.45 - 9.00 | C17: 32 | D17: 10 | E17: 4 | F17: 1 | G17: 0 | H17: 1 | I17: 6 | J17: 0 | K17: 0 | L17: 0 | M17: 60 | N17: 0 | O17: =SUM(C17:L17,N17) -> 54 | P17: =SUM(C17:N17) -> 114 | R17: 1400-1500 | S17: =SUM(C38:C41) -> 112 | T17: =SUM(D38:D41) -> 45 | U17: =SUM(E38:E41) -> 9 | V17: =SUM(F38:F41) -> 6 | W17: =SUM(G38:G41) -> 0 | X17: =SUM(H38:H41) -> 0 | Y17: =SUM(I38:I41) -> 23 | Z17: =SUM(J38:J41) -> 5 | ... AF17: =SUM(P38:P41) -> 415
B18: 09.00 - 09.15 | C18: 49 | D18: 15 | E18: 2 | F18: 3 | G18: 0 | H18: 0 | I18: 7 | J18: 0 | K18: 0 | L18: 0 | M18: 70 | N18: 0 | O18: =SUM(C18:L18,N18) -> 76 | P18: =SUM(C18:N18) -> 146 | R18: 1500-1600 | S18: =SUM(C42:C45) -> 109 | T18: =SUM(D42:D45) -> 37 | U18: =SUM(E42:E45) -> 17 | V18: =SUM(F42:F45) -> 7 | W18: =SUM(G42:G45) -> 1 | X18: =SUM(H42:H45) -> 0 | Y18: =SUM(I42:I45) -> 32 | Z18: =SUM(J42:J45) -> 0 | ... AF18: =SUM(P42:P45) -> 370
B19: 09.15 - 09.30 | C19: 30 | D19: 17 | E19: 6 | F19: 3 | G19: 1 | H19: 0 | I19: 9 | J19: 0 | K19: 0 | L19: 0 | M19: 47 | N19: 0 | O19: =SUM(C19:L19,N19) -> 66 | P19: =SUM(C19:N19) -> 113 | R19: 1600-1700 | S19: =SUM(C46:C49) -> 135 | T19: =SUM(D46:D49) -> 36 | U19: =SUM(E46:E49) -> 14 | V19: =SUM(F46:F49) -> 13 | W19: =SUM(G46:G49) -> 5 | X19: =SUM(H46:H49) -> 1 | Y19: =SUM(I46:I49) -> 26 | Z19: =SUM(J46:J49) -> 6 | ... AF19: =SUM(P46:P49) -> 477
B20: 09.30 - 09.45 | C20: 30 | D20: 5 | E20: 4 | F20: 2 | G20: 1 | H20: 0 | I20: 1 | J20: 0 | K20: 0 | L20: 0 | M20: 52 | N20: 0 | O20: =SUM(C20:L20,N20) -> 43 | P20: =SUM(C20:N20) -> 95 | R20: 1700-1800 | S20: =SUM(C50:C53) -> 135 | T20: =SUM(D50:D53) -> 49 | U20: =SUM(E50:E53) -> 25 | V20: =SUM(F50:F53) -> 26 | W20: =SUM(G50:G53) -> 3 | X20: =SUM(H50:H53) -> 1 | Y20: =SUM(I50:I53) -> 24 | Z20: =SUM(J50:J53) -> 2 | ... AF20: =SUM(P50:P53) -> 481
B21: 09.45 - 10.00 | C21: 45 | D21: 9 | E21: 10 | F21: 3 | G21: 1 | H21: 0 | I21: 4 | J21: 1 | K21: 0 | L21: 0 | M21: 53 | N21: 0 | O21: =SUM(C21:L21,N21) -> 73 | P21: =SUM(C21:N21) -> 126 | R21: 1800-1900 | S21: =SUM(C54:C57) -> 107 | T21: =SUM(D54:D57) -> 32 | U21: =SUM(E54:E57) -> 16 | V21: =SUM(F54:F57) -> 19 | W21: =SUM(G54:G57) -> 2 | X21: =SUM(H54:H57) -> 1 | Y21: =SUM(I54:I57) -> 15 | Z21: =SUM(J54:J57) -> 3 | ... AF21: =SUM(P54:P57) -> 422
B22: 10.00 - 10.15 | C22: 40 | D22: 13 | E22: 4 | F22: 3 | G22: 1 | H22: 0 | I22: 3 | J22: 0 | K22: 1 | L22: 0 | M22: 82 | N22: 0 | O22: =SUM(C22:L22,N22) -> 65 | P22: =SUM(C22:N22) -> 147 | R22: AM Peak Hr | S22: =MAX(S10:S12) -> 270 | T22: =MAX(T10:T12) -> 120 | U22: =MAX(U10:U12) -> 39 | V22: =MAX(V10:V12) -> 15 | W22: =MAX(W10:W12) -> 3 | X22: =MAX(X10:X12) -> 1 | Y22: =MAX(Y10:Y12) -> 21 | Z22: =MAX(Z10:Z12) -> 4 | ... AF22: =MAX(AF10:AF12) -> 791
B23: 10.15 - 10.30 | C23: 29 | D23: 7 | E23: 6 | F23: 2 | G23: 1 | H23: 0 | I23: 4 | J23: 1 | K23: 0 | L23: 0 | M23: 60 | N23: 0 | O23: =SUM(C23:L23,N23) -> 50 | P23: =SUM(C23:N23) -> 110 | R23: IP Peak Hr | S23: =MAX(S13:S18) -> 124 | T23: =MAX(T13:T18) -> 45 | U23: =MAX(U13:U18) -> 19 | V23: =MAX(V13:V18) -> 11 | W23: =MAX(W13:W18) -> 2 | X23: =MAX(X13:X18) -> 0 | Y23: =MAX(Y13:Y18) -> 32 | Z23: =MAX(Z13:Z18) -> 6 | ... AF23: =MAX(AF13:AF18) -> 428
B24: 10.30 - 10.45 | C24: 26 | D24: 14 | E24: 5 | F24: 4 | G24: 0 | H24: 0 | I24: 1 | J24: 1 | K24: 0 | L24: 0 | M24: 42 | N24: 0 | O24: =SUM(C24:L24,N24) -> 51 | P24: =SUM(C24:N24) -> 93 | R24: PM Peak Hr | S24: =MAX(S19:S21) -> 135 | T24: =MAX(T19:T21) -> 49 | U24: =MAX(U19:U21) -> 25 | V24: =MAX(V19:V21) -> 26 | W24: =MAX(W19:W21) -> 5 | X24: =MAX(X19:X21) -> 1 | Y24: =MAX(Y19:Y21) -> 26 | Z24: =MAX(Z19:Z21) -> 6 | ... AF24: =MAX(AF19:AF21) -> 481
B25: 10.45 - 11.00 | C25: 19 | D25: 7 | E25: 4 | F25: 2 | G25: 0 | H25: 0 | I25: 4 | J25: 1 | K25: 0 | L25: 0 | M25: 41 | N25: 0 | O25: =SUM(C25:L25,N25) -> 37 | P25: =SUM(C25:N25) -> 78 | R25: AM Period | S25: =SUM(S10:S12) -> 632 | T25: =SUM(T10:T12) -> 221 | U25: =SUM(U10:U12) -> 76 | V25: =SUM(V10:V12) -> 34 | W25: =SUM(W10:W12) -> 5 | X25: =SUM(X10:X12) -> 1 | Y25: =SUM(Y10:Y12) -> 40 | Z25: =SUM(Z10:Z12) -> 9 | ... AF25: =SUM(AF10:AF12) -> 1876
B26: 11.00 - 11.15 | C26: 13 | D26: 14 | E26: 4 | F26: 2 | G26: 0 | H26: 0 | I26: 3 | J26: 1 | K26: 1 | L26: 0 | M26: 43 | N26: 0 | O26: =SUM(C26:L26,N26) -> 38 | P26: =SUM(C26:N26) -> 81 | R26: IP Period | S26: =SUM(S13:S18) -> 648 | T26: =SUM(T13:T18) -> 246 | U26: =SUM(U13:U18) -> 89 | V26: =SUM(V13:V18) -> 39 | W26: =SUM(W13:W18) -> 3 | X26: =SUM(X13:X18) -> 0 | Y26: =SUM(Y13:Y18) -> 128 | Z26: =SUM(Z13:Z18) -> 22 | ... AF26: =SUM(AF13:AF18) -> 2368
B27: 11.15 - 11.30 | C27: 30 | D27: 8 | E27: 0 | F27: 2 | G27: 0 | H27: 0 | I27: 2 | J27: 1 | K27: 0 | L27: 0 | M27: 53 | N27: 0 | O27: =SUM(C27:L27,N27) -> 43 | P27: =SUM(C27:N27) -> 96 | R27: PM Period | S27: =SUM(S19:S21) -> 377 | T27: =SUM(T19:T21) -> 117 | U27: =SUM(U19:U21) -> 55 | V27: =SUM(V19:V21) -> 58 | W27: =SUM(W19:W21) -> 10 | X27: =SUM(X19:X21) -> 3 | Y27: =SUM(Y19:Y21) -> 65 | Z27: =SUM(Z19:Z21) -> 11 | ... AF27: =SUM(AF19:AF21) -> 1380
B28: 11.30 - 11.45 | C28: 16 | D28: 8 | E28: 1 | F28: 1 | G28: 0 | H28: 0 | I28: 6 | J28: 1 | K28: 0 | L28: 0 | M28: 50 | N28: 0 | O28: =SUM(C28:L28,N28) -> 33 | P28: =SUM(C28:N28) -> 83 | R28: 12 Hours | S28: =SUM(S10:S21) -> 1657 | T28: =SUM(T10:T21) -> 584 | U28: =SUM(U10:U21) -> 220 | V28: =SUM(V10:V21) -> 131 | W28: =SUM(W10:W21) -> 18 | X28: =SUM(X10:X21) -> 4 | Y28: =SUM(Y10:Y21) -> 233 | Z28: =SUM(Z10:Z21) -> 42 | ... AF28: =SUM(AF10:AF21) -> 5624
B29: 11.45 - 12.00 | C29: 24 | D29: 15 | E29: 6 | F29: 0 | G29: 0 | H29: 0 | I29: 2 | J29: 0 | K29: 1 | L29: 0 | M29: 45 | N29: 0 | O29: =SUM(C29:L29,N29) -> 48 | P29: =SUM(C29:N29) -> 93
B30: 12.00 - 12.15 | C30: 17 | D30: 11 | E30: 0 | F30: 1 | G30: 0 | H30: 0 | I30: 6 | J30: 2 | K30: 0 | L30: 0 | M30: 40 | N30: 0 | O30: =SUM(C30:L30,N30) -> 37 | P30: =SUM(C30:N30) -> 77
B31: 12.15 - 12.30 | C31: 27 | D31: 5 | E31: 4 | F31: 1 | G31: 0 | H31: 0 | I31: 3 | J31: 0 | K31: 0 | L31: 0 | M31: 30 | N31: 0 | O31: =SUM(C31:L31,N31) -> 40 | P31: =SUM(C31:N31) -> 70
B32: 12.30 - 12.45 | C32: 35 | D32: 14 | E32: 6 | F32: 4 | G32: 0 | H32: 0 | I32: 5 | J32: 1 | K32: 0 | L32: 0 | M32: 60 | N32: 0 | O32: =SUM(C32:L32,N32) -> 65 | P32: =SUM(C32:N32) -> 125
B33: 12.45 - 13.00 | C33: 45 | D33: 8 | E33: 6 | F33: 1 | G33: 0 | H33: 0 | I33: 8 | J33: 3 | K33: 0 | L33: 0 | M33: 48 | N33: 0 | O33: =SUM(C33:L33,N33) -> 71 | P33: =SUM(C33:N33) -> 119
B34: 13.00 - 13.15 | C34: 43 | D34: 17 | E34: 6 | F34: 0 | G34: 0 | H34: 0 | I34: 5 | J34: 2 | K34: 0 | L34: 0 | M34: 61 | N34: 0 | O34: =SUM(C34:L34,N34) -> 73 | P34: =SUM(C34:N34) -> 134
B35: 13.15 - 13.30 | C35: 20 | D35: 8 | E35: 4 | F35: 0 | G35: 0 | H35: 0 | I35: 16 | J35: 1 | K35: 0 | L35: 0 | M35: 45 | N35: 0 | O35: =SUM(C35:L35,N35) -> 49 | P35: =SUM(C35:N35) -> 94
B36: 13.30 - 13.45 | C36: 23 | D36: 7 | E36: 3 | F36: 3 | G36: 0 | H36: 0 | I36: 3 | J36: 1 | K36: 0 | L36: 0 | M36: 55 | N36: 0 | O36: =SUM(C36:L36,N36) -> 40 | P36: =SUM(C36:N36) -> 95
B37: 13.45 - 14.00 | C37: 20 | D37: 8 | E37: 4 | F37: 0 | G37: 0 | H37: 0 | I37: 2 | J37: 1 | K37: 1 | L37: 0 | M37: 52 | N37: 0 | O37: =SUM(C37:L37,N37) -> 36 | P37: =SUM(C37:N37) -> 88
B38: 14.00 - 14.15 | C38: 27 | D38: 11 | E38: 3 | F38: 1 | G38: 0 | H38: 0 | I38: 5 | J38: 1 | K38: 0 | L38: 0 | M38: 65 | N38: 0 | O38: =SUM(C38:L38,N38) -> 48 | P38: =SUM(C38:N38) -> 113
B39: 14.15 - 14.30 | C39: 18 | D39: 9 | E39: 3 | F39: 1 | G39: 0 | H39: 0 | I39: 5 | J39: 2 | K39: 2 | L39: 0 | M39: 46 | N39: 0 | O39: =SUM(C39:L39,N39) -> 40 | P39: =SUM(C39:N39) -> 86
B40: 14.30 - 14.45 | C40: 36 | D40: 10 | E40: 0 | F40: 2 | G40: 0 | H40: 0 | I40: 6 | J40: 2 | K40: 0 | L40: 0 | M40: 55 | N40: 0 | O40: =SUM(C40:L40,N40) -> 56 | P40: =SUM(C40:N40) -> 111
... B57: 18.45 - 19.00 | C57: 30 | D57: 11 | E57: 2 | F57: 5 | G57: 1 | H57: 1 | I57: 4 | J57: 0 | K57: 0 | L57: 0 | M57: 65 | N57: 0 | O57: =SUM(C57:L57,N57) -> 54 | P57: =SUM(C57:N57) -> 119
B58: Totals | C58: =SUM(C10:C57) -> 1657 | D58: =SUM(D10:D57) -> 584 | E58: =SUM(E10:E57) -> 220 | F58: =SUM(F10:F57) -> 131 | G58: =SUM(G10:G57) -> 18 | H58: =SUM(H10:H57) -> 4 | I58: =SUM(I10:I57) -> 233 | J58: =SUM(J10:J57) -> 42 | ... P58: =SUM(P10:P57) -> 5624
B59: %ges + MCs | C59: =C58/$P$58 -> 0.29463016 | D59: =D58/$P$58 -> 0.10384068 | E59: =E58/$P$58 -> 0.039118065 | F59: =F58/$P$58 -> 0.02329303 | G59: =G58/$P$58 -> 0.003200569 | H59: =H58/$P$58 -> 0.00071123755 | I59: =I58/$P$58 -> 0.041429587 | J59: =J58/$P$58 -> 0.0074679943 | ... N59: =N58/$P$58 -> 0
B60: %ges w/o MCs | C60: =C58/$O$58 -> 0.57078884 | D60: =D58/$O$58 -> 0.2011712 | E60: =E58/$O$58 -> 0.075783672 | F60: =F58/$O$58 -> 0.045125732 | G60: =G58/$O$58 -> 0.0062004823 | H60: =H58/$O$58 -> 0.0013778849 | I60: =I58/$O$58 -> 0.080261798 | J60: =J58/$O$58 -> 0.014467792 | ... L60: =L58/$O$58 -> 0.00034447124 | N60: =N58/$O$58 -> 0

Sheet 02.08 Bukoto-Kyebando
B1: Consultancy services for Preparation of Expressway Development Master Plan (EDMP) for Uganda
B2: MANUAL CLASSIFIED COUNT (MCC)
B3: ROAD NAME: | C3: ='29.07 Bukoto-Kyebando'!C3:G3 -> MCC - C1 - STN30 - KYEBANDO - KISALOSALO ROAD
C5: Date | D5: ='02.08 Kyebando-Bukoto'!D5 -> 02.08.19 | F5: Location | G5: ='02.08 Kyebando-Bukoto'!G5:H5 -> Kyebando Round | J5: Surveyor | K5: ='02.08 Kyebando-Bukoto'!K5:L5 -> AHISIBWE SARAH
C6: Dir. From | D6: ='29.07 Bukoto-Kyebando'!D6:E6 -> Bukoto | F6: Dir. To | G6: ='29.07 Bukoto-Kyebando'!G6:H6 -> Kyebando | J6: Supervisor | K6: ='02.08 Kyebando-Bukoto'!K6:L6 -> STEVEN
B8: Time / Veh Type | R8: SUMMARY TRAFFIC VOLUMES
C9: 1. Car | D9: 2. Station Wagon | E9: 3. Pickups | F9: 4. Minibus, matatu | G9: 5. Medium bus | H9: 6. Large Bus | I9: 7. Light Truck | J9: 8. Medium Truck | K9: 9. Heavy truck | L9: 10. Truck Trailer | M9: 11. Motor cycles | N9: 12. Tractors | O9: Total Excl M/Cycles | P9: Total All | R9: Time | S9: 1. Car | T9: 2. Station Wagon | U9: 3. Pickups | V9: 4. Minibus, matatu | W9: 5. Medium bus | X9: 6. Large Bus | Y9: 7. Light Truck | Z9: 8. Medium Truck | AA9: 9. Heavy truck | AB9: 10. Truck Trailer | AC9: 11. Motorcycles | AD9: 12. Tractors, Graders | AE9: Total Excl M/ Cycles | AF9: Total All
B10: 07.00 - 07.15 | C10: 43 | D10: 32 | E10: 11 | F10: 5 | G10: 0 | H10: 0 | I10: 3 | J10: 4 | K10: 3 | L10: 0 | M10: 68 | N10: 0 | O10: =SUM(C10:L10,N10) -> 101 | P10: =SUM(C10:N10) -> 169 | R10: 0700-0800 | S10: =SUM(C10:C13) -> 182 | T10: =SUM(D10:D13) -> 96 | U10: =SUM(E10:E13) -> 30 | V10: =SUM(F10:F13) -> 22 | W10: =SUM(G10:G13) -> 0 | X10: =SUM(H10:H13) -> 0 | Y10: =SUM(I10:I13) -> 8 | Z10: =SUM(J10:J13) -> 6 | ... AF10: =SUM(P10:P13) -> 570
B11: 07.15 - 07.30 | C11: 63 | D11: 27 | E11: 6 | F11: 7 | G11: 0 | H11: 0 | I11: 4 | J11: 1 | K11: 3 | L11: 0 | M11: 57 | N11: 0 | O11: =SUM(C11:L11,N11) -> 111 | P11: =SUM(C11:N11) -> 168 | R11: 0800-0900 | S11: =SUM(C14:C17) -> 163 | T11: =SUM(D14:D17) -> 59 | U11: =SUM(E14:E17) -> 37 | V11: =SUM(F14:F17) -> 13 | W11: =SUM(G14:G17) -> 1 | X11: =SUM(H14:H17) -> 0 | Y11: =SUM(I14:I17) -> 12 | Z11: =SUM(J14:J17) -> 12 | ... AF11: =SUM(P14:P17) -> 617
B12: 07.30 - 07.45 | C12: 46 | D12: 14 | E12: 6 | F12: 4 | G12: 0 | H12: 0 | I12: 1 | J12: 1 | K12: 2 | L12: 0 | M12: 49 | N12: 0 | O12: =SUM(C12:L12,N12) -> 74 | P12: =SUM(C12:N12) -> 123 | R12: 0900-1000 | S12: =SUM(C18:C21) -> 126 | T12: =SUM(D18:D21) -> 76 | U12: =SUM(E18:E21) -> 20 | V12: =SUM(F18:F21) -> 14 | W12: =SUM(G18:G21) -> 1 | X12: =SUM(H18:H21) -> 0 | Y12: =SUM(I18:I21) -> 7 | Z12: =SUM(J18:J21) -> 8 | ... AF12: =SUM(P18:P21) -> 484
B13: 07.45 - 08.00 | C13: 30 | D13: 23 | E13: 7 | F13: 6 | G13: 0 | H13: 0 | I13: 0 | J13: 0 | K13: 2 | L13: 0 | M13: 42 | N13: 0 | O13: =SUM(C13:L13,N13) -> 68 | P13: =SUM(C13:N13) -> 110 | R13: 1000-1100 | S13: =SUM(C22:C25) -> 69 | T13: =SUM(D22:D25) -> 58 | U13: =SUM(E22:E25) -> 16 | V13: =SUM(F22:F25) -> 14 | W13: =SUM(G22:G25) -> 0 | X13: =SUM(H22:H25) -> 1 | Y13: =SUM(I22:I25) -> 6 | Z13: =SUM(J22:J25) -> 11 | ... AF13: =SUM(P22:P25) -> 400
B14: 08.00 - 08.15 | C14: 41 | D14: 8 | E14: 4 | F14: 2 | G14: 1 | H14: 0 | I14: 2 | J14: 7 | K14: 3 | L14: 0 | M14: 66 | N14: 0 | O14: =SUM(C14:L14,N14) -> 68 | P14: =SUM(C14:N14) -> 134 | R14: 1100-1200 | S14: =SUM(C26:C29) -> 96 | T14: =SUM(D26:D29) -> 48 | U14: =SUM(E26:E29) -> 21 | V14: =SUM(F26:F29) -> 19 | W14: =SUM(G26:G29) -> 2 | X14: =SUM(H26:H29) -> 0 | Y14: =SUM(I26:I29) -> 7 | Z14: =SUM(J26:J29) -> 12 | ... AF14: =SUM(P26:P29) -> 472
B15: 08.15 - 08.30 | C15: 59 | D15: 26 | E15: 11 | F15: 4 | G15: 0 | H15: 0 | I15: 0 | J15: 3 | K15: 4 | L15: 0 | M15: 68 | N15: 0 | O15: =SUM(C15:L15,N15) -> 107 | P15: =SUM(C15:N15) -> 175 | R15: 1200-1300 | S15: =SUM(C30:C33) -> 97 | T15: =SUM(D30:D33) -> 45 | U15: =SUM(E30:E33) -> 22 | V15: =SUM(F30:F33) -> 14 | W15: =SUM(G30:G33) -> 0 | X15: =SUM(H30:H33) -> 0 | Y15: =SUM(I30:I33) -> 9 | Z15: =SUM(J30:J33) -> 14 | ... AF15: =SUM(P30:P33) -> 486
B16: 08.30 - 08.45 | C16: 22 | D16: 8 | E16: 18 | F16: 2 | G16: 0 | H16: 0 | I16: 7 | J16: 2 | K16: 1 | L16: 0 | M16: 107 | N16: 0 | O16: =SUM(C16:L16,N16) -> 60 | P16: =SUM(C16:N16) -> 167 | R16: 1300-1400 | S16: =SUM(C34:C37) -> 77 | T16: =SUM(D34:D37) -> 41 | U16: =SUM(E34:E37) -> 15 | V16: =SUM(F34:F37) -> 18 | W16: =SUM(G34:G37) -> 20 | X16: =SUM(H34:H37) -> 0 | Y16: =SUM(I34:I37) -> 13 | Z16: =SUM(J34:J37) -> 15 | ... AF16: =SUM(P34:P37) -> 455
B17: 08.45 - 9.00 | C17: 41 | D17: 17 | E17: 4 | F17: 5 | G17: 0 | H17: 0 | I17: 3 | J17: 0 | K17: 4 | L17: 0 | M17: 67 | N17: 0 | O17: =SUM(C17:L17,N17) -> 74 | P17: =SUM(C17:N17) -> 141 | R17: 1400-1500 | S17: =SUM(C38:C41) -> 81 | T17: =SUM(D38:D41) -> 43 | U17: =SUM(E38:E41) -> 18 | V17: =SUM(F38:F41) -> 15 | W17: =SUM(G38:G41) -> 0 | X17: =SUM(H38:H41) -> 0 | Y17: =SUM(I38:I41) -> 7 | Z17: =SUM(J38:J41) -> 9 | ... AF17: =SUM(P38:P41) -> 463
B18: 09.00 - 09.15 | C18: 18 | D18: 13 | E18: 2 | F18: 4 | G18: 0 | H18: 0 | I18: 3 | J18: 2 | K18: 0 | L18: 0 | M18: 27 | N18: 0 | O18: =SUM(C18:L18,N18) -> 42 | P18: =SUM(C18:N18) -> 69 | R18: 1500-1600 | S18: =SUM(C42:C45) -> 87 | T18: =SUM(D42:D45) -> 34 | U18: =SUM(E42:E45) -> 24 | V18: =SUM(F42:F45) -> 13 | W18: =SUM(G42:G45) -> 0 | X18: =SUM(H42:H45) -> 0 | Y18: =SUM(I42:I45) -> 6 | Z18: =SUM(J42:J45) -> 14 | ... AF18: =SUM(P42:P45) -> 465
B19: 09.15 - 09.30 | C19: 36 | D19: 25 | E19: 3 | F19: 3 | G19: 0 | H19: 0 | I19: 0 | J19: 2 | K19: 3 | L19: 0 | M19: 61 | N19: 0 | O19: =SUM(C19:L19,N19) -> 72 | P19: =SUM(C19:N19) -> 133 | R19: 1600-1700 | S19: =SUM(C46:C49) -> 101 | T19: =SUM(D46:D49) -> 50 | U19: =SUM(E46:E49) -> 24 | V19: =SUM(F46:F49) -> 18 | W19: =SUM(G46:G49) -> 2 | X19: =SUM(H46:H49) -> 0 | Y19: =SUM(I46:I49) -> 10 | Z19: =SUM(J46:J49) -> 17 | ... AF19: =SUM(P46:P49) -> 587
B20: 09.30 - 09.45 | C20: 27 | D20: 21 | E20: 10 | F20: 4 | G20: 1 | H20: 0 | I20: 1 | J20: 2 | K20: 3 | L20: 0 | M20: 77 | N20: 0 | O20: =SUM(C20:L20,N20) -> 69 | P20: =SUM(C20:N20) -> 146 | R20: 1700-1800 | S20: =SUM(C50:C53) -> 42 | T20: =SUM(D50:D53) -> 35 | U20: =SUM(E50:E53) -> 7 | V20: =SUM(F50:F53) -> 7 | W20: =SUM(G50:G53) -> 1 | X20: =SUM(H50:H53) -> 1 | Y20: =SUM(I50:I53) -> 4 | Z20: =SUM(J50:J53) -> 5 | ... AF20: =SUM(P50:P53) -> 418
B21: 09.45 - 10.00 | C21: 45 | D21: 17 | E21: 5 | F21: 3 | G21: 0 | H21: 0 | I21: 3 | J21: 2 | K21: 3 | L21: 0 | M21: 58 | N21: 0 | O21: =SUM(C21:L21,N21) -> 78 | P21: =SUM(C21:N21) -> 136 | R21: 1800-1900 | S21: =SUM(C54:C57) -> 60 | T21: =SUM(D54:D57) -> 39 | U21: =SUM(E54:E57) -> 10 | V21: =SUM(F54:F57) -> 5 | W21: =SUM(G54:G57) -> 0 | X21: =SUM(H54:H57) -> 1 | Y21: =SUM(I54:I57) -> 3 | Z21: =SUM(J54:J57) -> 3 | ... AF21: =SUM(P54:P57) -> 401
B22: 10.00 - 10.15 | C22: 30 | D22: 23 | E22: 5 | F22: 4 | G22: 0 | H22: 1 | I22: 3 | J22: 4 | K22: 3 | L22: 0 | M22: 58 | N22: 0 | O22: =SUM(C22:L22,N22) -> 73 | P22: =SUM(C22:N22) -> 131 | R22: AM Peak Hr | S22: =MAX(S10:S12) -> 182 | T22: =MAX(T10:T12) -> 96 | U22: =MAX(U10:U12) -> 37 | V22: =MAX(V10:V12) -> 22 | W22: =MAX(W10:W12) -> 1 | X22: =MAX(X10:X12) -> 0 | Y22: =MAX(Y10:Y12) -> 12 | Z22: =MAX(Z10:Z12) -> 12 | ... AF22: =MAX(AF10:AF12) -> 617
B23: 10.15 - 10.30 | C23: 18 | D23: 16 | E23: 4 | F23: 7 | G23: 0 | H23: 0 | I23: 1 | J23: 3 | K23: 0 | L23: 0 | M23: 56 | N23: 0 | O23: =SUM(C23:L23,N23) -> 49 | P23: =SUM(C23:N23) -> 105 | R23: IP Peak Hr | S23: =MAX(S13:S18) -> 97 | T23: =MAX(T13:T18) -> 58 | U23: =MAX(U13:U18) -> 24 | V23: =MAX(V13:V18) -> 19 | W23: =MAX(W13:W18) -> 20 | X23: =MAX(X13:X18) -> 1 | Y23: =MAX(Y13:Y18) -> 13 | Z23: =MAX(Z13:Z18) -> 15 | ... AF23: =MAX(AF13:AF18) -> 486
B24: 10.30 - 10.45 | C24: 2 | D24: 8 | E24: 3 | F24: 2 | G24: 0 | H24: 0 | I24: 2 | J24: 2 | K24: 6 | L24: 0 | M24: 47 | N24: 0 | O24: =SUM(C24:L24,N24) -> 25 | P24: =SUM(C24:N24) -> 72 | R24: PM Peak Hr | S24: =MAX(S19:S21) -> 101 | T24: =MAX(T19:T21) -> 50 | U24: =MAX(U19:U21) -> 24 | V24: =MAX(V19:V21) -> 18 | W24: =MAX(W19:W21) -> 2 | X24: =MAX(X19:X21) -> 1 | Y24: =MAX(Y19:Y21) -> 10 | Z24: =MAX(Z19:Z21) -> 17 | ... AF24: =MAX(AF19:AF21) -> 587
B25: 10.45 - 11.00 | C25: 19 | D25: 11 | E25: 4 | F25: 1 | G25: 0 | H25: 0 | I25: 0 | J25: 2 | K25: 1 | L25: 0 | M25: 54 | N25: 0 | O25: =SUM(C25:L25,N25) -> 38 | P25: =SUM(C25:N25) -> 92 | R25: AM Period | S25: =SUM(S10:S12) -> 471 | T25: =SUM(T10:T12) -> 231 | U25: =SUM(U10:U12) -> 87 | V25: =SUM(V10:V12) -> 49 | W25: =SUM(W10:W12) -> 2 | X25: =SUM(X10:X12) -> 0 | Y25: =SUM(Y10:Y12) -> 27 | Z25: =SUM(Z10:Z12) -> 26 | ... AF25: =SUM(AF10:AF12) -> 1671
B26: 11.00 - 11.15 | C26: 32 | D26: 14 | E26: 8 | F26: 4 | G26: 0 | H26: 0 | I26: 0 | J26: 3 | K26: 2 | L26: 0 | M26: 75 | N26: 0 | O26: =SUM(C26:L26,N26) -> 63 | P26: =SUM(C26:N26) -> 138 | R26: IP Period | S26: =SUM(S13:S18) -> 507 | T26: =SUM(T13:T18) -> 269 | U26: =SUM(U13:U18) -> 116 | V26: =SUM(V13:V18) -> 93 | W26: =SUM(W13:W18) -> 22 | X26: =SUM(X13:X18) -> 1 | Y26: =SUM(Y13:Y18) -> 48 | Z26: =SUM(Z13:Z18) -> 75 | ... AF26: =SUM(AF13:AF18) -> 2741
B27: 11.15 - 11.30 | C27: 16 | D27: 10 | E27: 2 | F27: 2 | G27: 0 | H27: 0 | I27: 2 | J27: 0 | K27: 5 | L27: 0 | M27: 61 | N27: 0 | O27: =SUM(C27:L27,N27) -> 37 | P27: =SUM(C27:N27) -> 98 | R27: PM Period | S27: =SUM(S19:S21) -> 203 | T27: =SUM(T19:T21) -> 124 | U27: =SUM(U19:U21) -> 41 | V27: =SUM(V19:V21) -> 30 | W27: =SUM(W19:W21) -> 3 | X27: =SUM(X19:X21) -> 2 | Y27: =SUM(Y19:Y21) -> 17 | Z27: =SUM(Z19:Z21) -> 25 | ... AF27: =SUM(AF19:AF21) -> 1406
B28: 11.30 - 11.45 | C28: 17 | D28: 11 | E28: 7 | F28: 9 | G28: 2 | H28: 0 | I28: 2 | J28: 3 | K28: 1 | L28: 0 | M28: 51 | N28: 0 | O28: =SUM(C28:L28,N28) -> 52 | P28: =SUM(C28:N28) -> 103 | R28: 12 Hours | S28: =SUM(S10:S21) -> 1181 | T28: =SUM(T10:T21) -> 624 | U28: =SUM(U10:U21) -> 244 | V28: =SUM(V10:V21) -> 172 | W28: =SUM(W10:W21) -> 27 | X28: =SUM(X10:X21) -> 3 | Y28: =SUM(Y10:Y21) -> 92 | Z28: =SUM(Z10:Z21) -> 126 | ... AF28: =SUM(AF10:AF21) -> 5818
B29: 11.45 - 12.00 | C29: 31 | D29: 13 | E29: 4 | F29: 4 | G29: 0 | H29: 0 | I29: 3 | J29: 6 | K29: 3 | L29: 0 | M29: 69 | N29: 0 | O29: =SUM(C29:L29,N29) -> 64 | P29: =SUM(C29:N29) -> 133
B30: 12.00 - 12.15 | C30: 36 | D30: 19 | E30: 5 | F30: 1 | G30: 0 | H30: 0 | I30: 5 | J30: 4 | K30: 3 | L30: 0 | M30: 67 | N30: 0 | O30: =SUM(C30:L30,N30) -> 73 | P30: =SUM(C30:N30) -> 140
B31: 12.15 - 12.30 | C31: 17 | D31: 5 | E31: 4 | F31: 0 | G31: 0 | H31: 0 | I31: 1 | J31: 4 | K31: 0 | L31: 0 | M31: 73 | N31: 0 | O31: =SUM(C31:L31,N31) -> 31 | P31: =SUM(C31:N31) -> 104
B32: 12.30 - 12.45 | C32: 22 | D32: 12 | E32: 8 | F32: 7 | G32: 0 | H32: 0 | I32: 1 | J32: 1 | K32: 1 | L32: 0 | M32: 68 | N32: 0 | O32: =SUM(C32:L32,N32) -> 52 | P32: =SUM(C32:N32) -> 120
B33: 12.45 - 13.00 | C33: 22 | D33: 9 | E33: 5 | F33: 6 | G33: 0 | H33: 0 | I33: 2 | J33: 5 | K33: 5 | L33: 0 | M33: 68 | N33: 0 | O33: =SUM(C33:L33,N33) -> 54 | P33: =SUM(C33:N33) -> 122
B34: 13.00 - 13.15 | C34: 18 | D34: 10 | E34: 4 | F34: 3 | G34: 0 | H34: 0 | I34: 3 | J34: 4 | K34: 0 | L34: 0 | M34: 32 | N34: 0 | O34: =SUM(C34:L34,N34) -> 42 | P34: =SUM(C34:N34) -> 74
B35: 13.15 - 13.30 | C35: 24 | D35: 4 | E35: 4 | F35: 3 | G35: 20 | H35: 0 | I35: 3 | J35: 3 | K35: 3 | L35: 0 | M35: 62 | N35: 0 | O35: =SUM(C35:L35,N35) -> 64 | P35: =SUM(C35:N35) -> 126
B36: 13.30 - 13.45 | C36: 13 | D36: 11 | E36: 3 | F36: 5 | G36: 0 | H36: 0 | I36: 6 | J36: 6 | K36: 3 | L36: 0 | M36: 77 | N36: 0 | O36: =SUM(C36:L36,N36) -> 47 | P36: =SUM(C36:N36) -> 124
B37: 13.45 - 14.00 | C37: 22 | D37: 16 | E37: 4 | F37: 7 | G37: 0 | H37: 0 | I37: 1 | J37: 2 | K37: 0 | L37: 0 | M37: 79 | N37: 0 | O37: =SUM(C37:L37,N37) -> 52 | P37: =SUM(C37:N37) -> 131
B38: 14.00 - 14.15 | C38: 20 | D38: 5 | E38: 4 | F38: 5 | G38: 0 | H38: 0 | I38: 5 | J38: 1 | K38: 3 | L38: 0 | M38: 70 | N38: 0 | O38: =SUM(C38:L38,N38) -> 43 | P38: =SUM(C38:N38) -> 113
B39: 14.15 - 14.30 | C39: 30 | D39: 3 | E39: 3 | F39: 1 | G39: 0 | H39: 0 | I39: 0 | J39: 2 | K39: 8 | L39: 0 | M39: 83 | N39: 0 | O39: =SUM(C39:L39,N39) -> 47 | P39: =SUM(C39:N39) -> 130
B40: 14.30 - 14.45 | C40: 12 | D40: 14 | E40: 3 | F40: 4 | G40: 0 | H40: 0 | I40: 2 | J40: 2 | K40: 0 | L40: 0 | M40: 47 | N40: 0 | O40: =SUM(C40:L40,N40) -> 37 | P40: =SUM(C40:N40) -> 84
... B57: 18.45 - 19.00 | C57: 17 | D57: 8 | E57: 3 | F57: 1 | G57: 0 | H57: 1 | I57: 3 | J57: 2 | K57: 3 | L57: 0 | M57: 89 | N57: 0 | O57: =SUM(C57:L57,N57) -> 38 | P57: =SUM(C57:N57) -> 127
B58: Totals | C58: =SUM(C10:C57) -> 1181 | D58: =SUM(D10:D57) -> 624 | E58: =SUM(E10:E57) -> 244 | F58: =SUM(F10:F57) -> 172 | G58: =SUM(G10:G57) -> 27 | H58: =SUM(H10:H57) -> 3 | I58: =SUM(I10:I57) -> 92 | J58: =SUM(J10:J57) -> 126 | ... P58: =SUM(P10:P57) -> 5818
B59: %ges + MCs | C59: =C58/$P$58 -> 0.20299072 | D59: =D58/$P$58 -> 0.10725335 | E59: =E58/$P$58 -> 0.041938811 | F59: =F58/$P$58 -> 0.029563424 | G59: =G58/$P$58 -> 0.00464077 | H59: =H58/$P$58 -> 0.00051564111 | I59: =I58/$P$58 -> 0.015812994 | J59: =J58/$P$58 -> 0.021656927 | ... N59: =N58/$P$58 -> 0
B60: %ges w/o MCs | C60: =C58/$O$58 -> 0.45616068 | D60: =D58/$O$58 -> 0.2410197 | E60: =E58/$O$58 -> 0.094244882 | F60: =F58/$O$58 -> 0.066434917 | G60: =G58/$O$58 -> 0.010428737 | H60: =H58/$O$58 -> 0.0011587486 | I60: =I58/$O$58 -> 0.035534956 | J60: =J58/$O$58 -> 0.048667439 | ... L60: =L58/$O$58 -> 0 | N60: =N58/$O$58 -> 0

Sheet 03.08 Kyebando-Bukoto-24h
B1: Consultancy services for Preparation of Expressway Development Master Plan (EDMP) for Uganda
B2: MANUAL CLASSIFIED COUNT (MCC)
B3: ROAD NAME: | C3: ='29.07 Kyebando-Bukoto'!C3:G3 -> MCC - C1 - STN30 - KYEBANDO - KISALOSALO ROAD
C5: Date | D5: 03.08.19 | F5: Location | G5: ='01.08 Bukoto-Kyebando-24h'!G5:H5 -> Kyebando Round | J5: Surveyor | K5: ='01.08 Bukoto-Kyebando-24h'!K5:L5 -> AHISIBWE SARAH
C6: Dir. From | D6: ='29.07 Kyebando-Bukoto'!D6:E6 -> Kyebando | F6: Dir. To | G6: ='29.07 Kyebando-Bukoto'!G6:H6 -> Bukoto | J6: Supervisor | K6: ='01.08 Bukoto-Kyebando-24h'!K6:L6 -> STEVEN
B8: Time / Veh Type | R8: SUMMARY TRAFFIC VOLUMES
C9: 1. Car | D9: 2. Station Wagon | E9: 3. Pickups | F9: 4. Minibus, matatu | G9: 5. Medium bus | H9: 6. Large Bus | I9: 7. Light Truck | J9: 8. Medium Truck | K9: 9. Heavy truck | L9: 10. Truck Trailer | M9: 11. Motor cycles | N9: 12. Tractors | O9: Total Excl M/Cycles | P9: Total All | R9: Time | S9: 1. Car | T9: 2. Station Wagon | U9: 3. Pickups | V9: 4. Minibus, matatu | W9: 5. Medium bus | X9: 6. Large Bus | Y9: 7. Light Truck | Z9: 8. Medium Truck | AA9: 9. Heavy truck | AB9: 10. Truck Trailer | AC9: 11. Motorcycles | AD9: 12. Tractors, Graders | AE9: Total Excl M/ Cycles | AF9: Total All
B10: 07.00 - 07.15 | C10: 20 | D10: 5 | E10: 2 | F10: 0 | G10: 0 | H10: 0 | I10: 0 | J10: 0 | K10: 0 | L10: 0 | M10: 40 | N10: 0 | O10: =SUM(C10:L10,N10) -> 27 | P10: =SUM(C10:N10) -> 67 | R10: 0700-0800 | S10: =SUM(C10:C13) -> 50 | T10: =SUM(D10:D13) -> 15 | U10: =SUM(E10:E13) -> 6 | V10: =SUM(F10:F13) -> 2 | W10: =SUM(G10:G13) -> 0 | X10: =SUM(H10:H13) -> 0 | Y10: =SUM(I10:I13) -> 3 | Z10: =SUM(J10:J13) -> 1 | ... AF10: =SUM(P10:P13) -> 273
B11: 07.15 - 07.30 | C11: 1 | D11: 0 | E11: 0 | F11: 0 | G11: 0 | H11: 0 | I11: 0 | J11: 0 | K11: 0 | L11: 0 | M11: 30 | N11: 0 | O11: =SUM(C11:L11,N11) -> 1 | P11: =SUM(C11:N11) -> 31 | R11: 0800-0900 | S11: =SUM(C14:C17) -> 135 | T11: =SUM(D14:D17) -> 35 | U11: =SUM(E14:E17) -> 19 | V11: =SUM(F14:F17) -> 6 | W11: =SUM(G14:G17) -> 0 | X11: =SUM(H14:H17) -> 0 | Y11: =SUM(I14:I17) -> 17 | Z11: =SUM(J14:J17) -> 0 | ... AF11: =SUM(P14:P17) -> 534
B12: 07.30 - 07.45 | C12: 18 | D12: 7 | E12: 1 | F12: 2 | G12: 0 | H12: 0 | I12: 3 | J12: 0 | K12: 1 | L12: 0 | M12: 75 | N12: 0 | O12: =SUM(C12:L12,N12) -> 32 | P12: =SUM(C12:N12) -> 107 | R12: 0900-1000 | S12: =SUM(C18:C21) -> 189 | T12: =SUM(D18:D21) -> 49 | U12: =SUM(E18:E21) -> 17 | V12: =SUM(F18:F21) -> 4 | W12: =SUM(G18:G21) -> 1 | X12: =SUM(H18:H21) -> 0 | Y12: =SUM(I18:I21) -> 20 | Z12: =SUM(J18:J21) -> 2 | ... AF12: =SUM(P18:P21) -> 594
B13: 07.45 - 08.00 | C13: 11 | D13: 3 | E13: 3 | F13: 0 | G13: 0 | H13: 0 | I13: 0 | J13: 1 | K13: 0 | L13: 0 | M13: 50 | N13: 0 | O13: =SUM(C13:L13,N13) -> 18 | P13: =SUM(C13:N13) -> 68 | R13: 1000-1100 | S13: =SUM(C22:C25) -> 127 | T13: =SUM(D22:D25) -> 36 | U13: =SUM(E22:E25) -> 26 | V13: =SUM(F22:F25) -> 11 | W13: =SUM(G22:G25) -> 0 | X13: =SUM(H22:H25) -> 0 | Y13: =SUM(I22:I25) -> 10 | Z13: =SUM(J22:J25) -> 4 | ... AF13: =SUM(P22:P25) -> 484
B14: 08.00 - 08.15 | C14: 25 | D14: 3 | E14: 5 | F14: 0 | G14: 0 | H14: 0 | I14: 3 | J14: 0 | K14: 0 | L14: 0 | M14: 85 | N14: 0 | O14: =SUM(C14:L14,N14) -> 36 | P14: =SUM(C14:N14) -> 121 | R14: 1100-1200 | S14: =SUM(C26:C29) -> 145 | T14: =SUM(D26:D29) -> 50 | U14: =SUM(E26:E29) -> 13 | V14: =SUM(F26:F29) -> 14 | W14: =SUM(G26:G29) -> 3 | X14: =SUM(H26:H29) -> 1 | Y14: =SUM(I26:I29) -> 12 | Z14: =SUM(J26:J29) -> 6 | ... AF14: =SUM(P26:P29) -> 477
B15: 08.15 - 08.30 | C15: 30 | D15: 3 | E15: 2 | F15: 0 | G15: 0 | H15: 0 | I15: 4 | J15: 0 | K15: 0 | L15: 0 | M15: 90 | N15: 0 | O15: =SUM(C15:L15,N15) -> 39 | P15: =SUM(C15:N15) -> 129 | R15: 1200-1300 | S15: =SUM(C30:C33) -> 167 | T15: =SUM(D30:D33) -> 40 | U15: =SUM(E30:E33) -> 15 | V15: =SUM(F30:F33) -> 15 | W15: =SUM(G30:G33) -> 1 | X15: =SUM(H30:H33) -> 0 | Y15: =SUM(I30:I33) -> 26 | Z15: =SUM(J30:J33) -> 1 | ... AF15: =SUM(P30:P33) -> 442
B16: 08.30 - 08.45 | C16: 35 | D16: 12 | E16: 5 | F16: 5 | G16: 0 | H16: 0 | I16: 7 | J16: 0 | K16: 0 | L16: 0 | M16: 67 | N16: 0 | O16: =SUM(C16:L16,N16) -> 64 | P16: =SUM(C16:N16) -> 131 | R16: 1300-1400 | S16: =SUM(C34:C37) -> 140 | T16: =SUM(D34:D37) -> 19 | U16: =SUM(E34:E37) -> 16 | V16: =SUM(F34:F37) -> 8 | W16: =SUM(G34:G37) -> 3 | X16: =SUM(H34:H37) -> 0 | Y16: =SUM(I34:I37) -> 29 | Z16: =SUM(J34:J37) -> 10 | ... AF16: =SUM(P34:P37) -> 420
B17: 08.45 - 9.00 | C17: 45 | D17: 17 | E17: 7 | F17: 1 | G17: 0 | H17: 0 | I17: 3 | J17: 0 | K17: 0 | L17: 0 | M17: 80 | N17: 0 | O17: =SUM(C17:L17,N17) -> 73 | P17: =SUM(C17:N17) -> 153 | R17: 1400-1500 | S17: =SUM(C38:C41) -> 112 | T17: =SUM(D38:D41) -> 29 | U17: =SUM(E38:E41) -> 13 | V17: =SUM(F38:F41) -> 10 | W17: =SUM(G38:G41) -> 0 | X17: =SUM(H38:H41) -> 0 | Y17: =SUM(I38:I41) -> 37 | Z17: =SUM(J38:J41) -> 1 | ... AF17: =SUM(P38:P41) -> 370
B18: 09.00 - 09.15 | C18: 51 | D18: 16 | E18: 5 | F18: 2 | G18: 0 | H18: 0 | I18: 7 | J18: 1 | K18: 1 | L18: 0 | M18: 95 | N18: 0 | O18: =SUM(C18:L18,N18) -> 83 | P18: =SUM(C18:N18) -> 178 | R18: 1500-1600 | S18: =SUM(C42:C45) -> 146 | T18: =SUM(D42:D45) -> 53 | U18: =SUM(E42:E45) -> 12 | V18: =SUM(F42:F45) -> 9 | W18: =SUM(G42:G45) -> 0 | X18: =SUM(H42:H45) -> 0 | Y18: =SUM(I42:I45) -> 20 | Z18: =SUM(J42:J45) -> 3 | ... AF18: =SUM(P42:P45) -> 431
B19: 09.15 - 09.30 | C19: 48 | D19: 10 | E19: 5 | F19: 0 | G19: 0 | H19: 0 | I19: 8 | J19: 1 | K19: 0 | L19: 0 | M19: 65 | N19: 0 | O19: =SUM(C19:L19,N19) -> 72 | P19: =SUM(C19:N19) -> 137 | R19: 1600-1700 | S19: =SUM(C46:C49) -> 115 | T19: =SUM(D46:D49) -> 48 | U19: =SUM(E46:E49) -> 11 | V19: =SUM(F46:F49) -> 11 | W19: =SUM(G46:G49) -> 3 | X19: =SUM(H46:H49) -> 0 | Y19: =SUM(I46:I49) -> 13 | Z19: =SUM(J46:J49) -> 1 | ... AF19: =SUM(P46:P49) -> 391
B20: 09.30 - 09.45 | C20: 55 | D20: 16 | E20: 5 | F20: 1 | G20: 1 | H20: 0 | I20: 3 | J20: 0 | K20: 0 | L20: 0 | M20: 100 | N20: 0 | O20: =SUM(C20:L20,N20) -> 81 | P20: =SUM(C20:N20) -> 181 | R20: 1700-1800 | S20: =SUM(C50:C53) -> 103 | T20: =SUM(D50:D53) -> 35 | U20: =SUM(E50:E53) -> 14 | V20: =SUM(F50:F53) -> 11 | W20: =SUM(G50:G53) -> 0 | X20: =SUM(H50:H53) -> 0 | Y20: =SUM(I50:I53) -> 18 | Z20: =SUM(J50:J53) -> 3 | ... AF20: =SUM(P50:P53) -> 389
B21: 09.45 - 10.00 | C21: 35 | D21: 7 | E21: 2 | F21: 1 | G21: 0 | H21: 0 | I21: 2 | J21: 0 | K21: 1 | L21: 0 | M21: 50 | N21: 0 | O21: =SUM(C21:L21,N21) -> 48 | P21: =SUM(C21:N21) -> 98 | R21: 1800-1900 | S21: =SUM(C54:C57) -> 120 | T21: =SUM(D54:D57) -> 28 | U21: =SUM(E54:E57) -> 13 | V21: =SUM(F54:F57) -> 9 | W21: =SUM(G54:G57) -> 0 | X21: =SUM(H54:H57) -> 0 | Y21: =SUM(I54:I57) -> 34 | Z21: =SUM(J54:J57) -> 4 | ... AF21: =SUM(P54:P57) -> 428
B22: 10.00 - 10.15 | C22: 16 | D22: 10 | E22: 5 | F22: 1 | G22: 0 | H22: 0 | I22: 2 | J22: 0 | K22: 0 | L22: 0 | M22: 46 | N22: 0 | O22: =SUM(C22:L22,N22) -> 34 | P22: =SUM(C22:N22) -> 80 | R22: 1900-2000 | S22: =SUM(C58:C61) -> 122 | T22: =SUM(D58:D61) -> 13 | U22: =SUM(E58:E61) -> 14 | V22: =SUM(F58:F61) -> 15 | W22: =SUM(G58:G61) -> 0 | X22: =SUM(H58:H61) -> 0 | Y22: =SUM(I58:I61) -> 10 | Z22: =SUM(J58:J61) -> 1 | ... AF22: =SUM(P58:P61) -> 472
B23: 10.15 - 10.30 | C23: 41 | D23: 10 | E23: 4 | F23: 3 | G23: 0 | H23: 0 | I23: 3 | J23: 3 | K23: 0 | L23: 0 | M23: 73 | N23: 0 | O23: =SUM(C23:L23,N23) -> 64 | P23: =SUM(C23:N23) -> 137 | R23: 2000-2100 | S23: =SUM(C62:C65) -> 106 | T23: =SUM(D62:D65) -> 17 | U23: =SUM(E62:E65) -> 14 | V23: =SUM(F62:F65) -> 14 | W23: =SUM(G62:G65) -> 0 | X23: =SUM(H62:H65) -> 0 | Y23: =SUM(I62:I65) -> 7 | Z23: =SUM(J62:J65) -> 2 | ... AF23: =SUM(P62:P65) -> 422
B24: 10.30 - 10.45 | C24: 35 | D24: 6 | E24: 4 | F24: 6 | G24: 0 | H24: 0 | I24: 3 | J24: 1 | K24: 0 | L24: 0 | M24: 80 | N24: 0 | O24: =SUM(C24:L24,N24) -> 55 | P24: =SUM(C24:N24) -> 135 | R24: 2100-2200 | S24: =SUM(C66:C69) -> 115 | T24: =SUM(D66:D69) -> 20 | U24: =SUM(E66:E69) -> 17 | V24: =SUM(F66:F69) -> 9 | W24: =SUM(G66:G69) -> 0 | X24: =SUM(H66:H69) -> 0 | Y24: =SUM(I66:I69) -> 7 | Z24: =SUM(J66:J69) -> 4 | ... AF24: =SUM(P66:P69) -> 372
B25: 10.45 - 11.00 | C25: 35 | D25: 10 | E25: 13 | F25: 1 | G25: 0 | H25: 0 | I25: 2 | J25: 0 | K25: 1 | L25: 0 | M25: 70 | N25: 0 | O25: =SUM(C25:L25,N25) -> 62 | P25: =SUM(C25:N25) -> 132 | R25: 2200-2300 | S25: =SUM(C70:C73) -> 106 | T25: =SUM(D70:D73) -> 11 | U25: =SUM(E70:E73) -> 11 | V25: =SUM(F70:F73) -> 6 | W25: =SUM(G70:G73) -> 0 | X25: =SUM(H70:H73) -> 0 | Y25: =SUM(I70:I73) -> 4 | Z25: =SUM(J70:J73) -> 1 | ... AF25: =SUM(P70:P73) -> 286
B26: 11.00 - 11.15 | C26: 48 | D26: 17 | E26: 0 | F26: 3 | G26: 0 | H26: 0 | I26: 5 | J26: 0 | K26: 1 | L26: 0 | M26: 75 | N26: 0 | O26: =SUM(C26:L26,N26) -> 74 | P26: =SUM(C26:N26) -> 149 | R26: 2300-0000 | S26: =SUM(C74:C77) -> 52 | T26: =SUM(D74:D77) -> 4 | U26: =SUM(E74:E77) -> 10 | V26: =SUM(F74:F77) -> 6 | W26: =SUM(G74:G77) -> 0 | X26: =SUM(H74:H77) -> 0 | Y26: =SUM(I74:I77) -> 1 | Z26: =SUM(J74:J77) -> 1 | ... AF26: =SUM(P74:P77) -> 202
B27: 11.15 - 11.30 | C27: 35 | D27: 19 | E27: 5 | F27: 2 | G27: 1 | H27: 0 | I27: 4 | J27: 0 | K27: 1 | L27: 0 | M27: 60 | N27: 0 | O27: =SUM(C27:L27,N27) -> 67 | P27: =SUM(C27:N27) -> 127 | R27: 0000-0100 | S27: =SUM(C78:C81) -> 28 | T27: =SUM(D78:D81) -> 2 | U27: =SUM(E78:E81) -> 2 | V27: =SUM(F78:F81) -> 3 | W27: =SUM(G78:G81) -> 0 | X27: =SUM(H78:H81) -> 0 | Y27: =SUM(I78:I81) -> 0 | Z27: =SUM(J78:J81) -> 1 | ... AF27: =SUM(P78:P81) -> 97
B28: 11.30 - 11.45 | C28: 32 | D28: 8 | E28: 2 | F28: 3 | G28: 0 | H28: 0 | I28: 3 | J28: 0 | K28: 0 | L28: 0 | M28: 64 | N28: 0 | O28: =SUM(C28:L28,N28) -> 48 | P28: =SUM(C28:N28) -> 112 | R28: 0100-0200 | S28: =SUM(C82:C85) -> 19 | T28: =SUM(D82:D85) -> 2 | U28: =SUM(E82:E85) -> 2 | V28: =SUM(F82:F85) -> 5 | W28: =SUM(G82:G85) -> 0 | X28: =SUM(H82:H85) -> 0 | Y28: =SUM(I82:I85) -> 2 | Z28: =SUM(J82:J85) -> 0 | ... AF28: =SUM(P82:P85) -> 72
B29: 11.45 - 12.00 | C29: 30 | D29: 6 | E29: 6 | F29: 6 | G29: 2 | H29: 1 | I29: 0 | J29: 6 | K29: 5 | L29: 0 | M29: 27 | N29: 0 | O29: =SUM(C29:L29,N29) -> 62 | P29: =SUM(C29:N29) -> 89 | R29: 0200-0300 | S29: =SUM(C86:C89) -> 20 | T29: =SUM(D86:D89) -> 1 | U29: =SUM(E86:E89) -> 1 | V29: =SUM(F86:F89) -> 4 | W29: =SUM(G86:G89) -> 0 | X29: =SUM(H86:H89) -> 0 | Y29: =SUM(I86:I89) -> 2 | Z29: =SUM(J86:J89) -> 1 | ... AF29: =SUM(P86:P89) -> 62
B30: 12.00 - 12.15 | C30: 45 | D30: 8 | E30: 1 | F30: 2 | G30: 0 | H30: 0 | I30: 8 | J30: 0 | K30: 0 | L30: 0 | M30: 24 | N30: 0 | O30: =SUM(C30:L30,N30) -> 64 | P30: =SUM(C30:N30) -> 88 | R30: 0300-0400 | S30: =SUM(C90:C93) -> 5 | T30: =SUM(D90:D93) -> 2 | U30: =SUM(E90:E93) -> 0 | V30: =SUM(F90:F93) -> 0 | W30: =SUM(G90:G93) -> 0 | X30: =SUM(H90:H93) -> 0 | Y30: =SUM(I90:I93) -> 2 | Z30: =SUM(J90:J93) -> 0 | ... AF30: =SUM(P90:P93) -> 29
B31: 12.15 - 12.30 | C31: 52 | D31: 16 | E31: 3 | F31: 6 | G31: 0 | H31: 0 | I31: 12 | J31: 0 | K31: 0 | L31: 1 | M31: 57 | N31: 0 | O31: =SUM(C31:L31,N31) -> 90 | P31: =SUM(C31:N31) -> 147 | R31: 0400-0500 | S31: =SUM(C94:C97) -> 9 | T31: =SUM(D94:D97) -> 2 | U31: =SUM(E94:E97) -> 1 | V31: =SUM(F94:F97) -> 0 | W31: =SUM(G94:G97) -> 0 | X31: =SUM(H94:H97) -> 0 | Y31: =SUM(I94:I97) -> 1 | Z31: =SUM(J94:J97) -> 0 | ... AF31: =SUM(P94:P97) -> 30
B32: 12.30 - 12.45 | C32: 37 | D32: 7 | E32: 6 | F32: 2 | G32: 0 | H32: 0 | I32: 2 | J32: 0 | K32: 1 | L32: 0 | M32: 49 | N32: 0 | O32: =SUM(C32:L32,N32) -> 55 | P32: =SUM(C32:N32) -> 104 | R32: 0500-0600 | S32: =SUM(C98:C101) -> 6 | T32: =SUM(D98:D101) -> 0 | U32: =SUM(E98:E101) -> 1 | V32: =SUM(F98:F101) -> 2 | W32: =SUM(G98:G101) -> 0 | X32: =SUM(H98:H101) -> 0 | Y32: =SUM(I98:I101) -> 1 | Z32: =SUM(J98:J101) -> 2 | ... AF32: =SUM(P98:P101) -> 36
B33: 12.45 - 13.00 | C33: 33 | D33: 9 | E33: 5 | F33: 5 | G33: 1 | H33: 0 | I33: 4 | J33: 1 | K33: 0 | L33: 0 | M33: 45 | N33: 0 | O33: =SUM(C33:L33,N33) -> 58 | P33: =SUM(C33:N33) -> 103 | R33: 0600-0700 | S33: =SUM(C102:C105) -> 25 | T33: =SUM(D102:D105) -> 3 | U33: =SUM(E102:E105) -> 5 | V33: =SUM(F102:F105) -> 3 | W33: =SUM(G102:G105) -> 0 | X33: =SUM(H102:H105) -> 0 | Y33: =SUM(I102:I105) -> 2 | Z33: =SUM(J102:J105) -> 3 | ... AF33: =SUM(P102:P105) -> 92
B34: 13.00 - 13.15 | C34: 40 | D34: 9 | E34: 3 | F34: 4 | G34: 0 | H34: 0 | I34: 7 | J34: 1 | K34: 1 | L34: 0 | M34: 57 | N34: 0 | O34: =SUM(C34:L34,N34) -> 65 | P34: =SUM(C34:N34) -> 122 | R34: AM Peak Hr | S34: =MAX(S10:S12) -> 189 | T34: =MAX(T10:T12) -> 49 | U34: =MAX(U10:U12) -> 19 | V34: =MAX(V10:V12) -> 6 | W34: =MAX(W10:W12) -> 1 | X34: =MAX(X10:X12) -> 0 | Y34: =MAX(Y10:Y12) -> 20 | Z34: =MAX(Z10:Z12) -> 2 | ... AF34: =MAX(AF10:AF12) -> 594
B35: 13.15 - 13.30 | C35: 35 | D35: 4 | E35: 2 | F35: 2 | G35: 2 | H35: 0 | I35: 8 | J35: 3 | K35: 2 | L35: 0 | M35: 50 | N35: 0 | O35: =SUM(C35:L35,N35) -> 58 | P35: =SUM(C35:N35) -> 108 | R35: IP Peak Hr | S35: =MAX(S13:S18) -> 167 | T35: =MAX(T13:T18) -> 53 | U35: =MAX(U13:U18) -> 26 | V35: =MAX(V13:V18) -> 15 | W35: =MAX(W13:W18) -> 3 | X35: =MAX(X13:X18) -> 1 | Y35: =MAX(Y13:Y18) -> 37 | Z35: =MAX(Z13:Z18) -> 10 | ... AF35: =MAX(AF13:AF18) -> 484
B36: 13.30 - 13.45 | C36: 40 | D36: 5 | E36: 5 | F36: 0 | G36: 0 | H36: 0 | I36: 10 | J36: 3 | K36: 0 | L36: 0 | M36: 55 | N36: 0 | O36: =SUM(C36:L36,N36) -> 63 | P36: =SUM(C36:N36) -> 118 | R36: PM Peak Hr | S36: =MAX(S19:S21) -> 120 | T36: =MAX(T19:T21) -> 48 | U36: =MAX(U19:U21) -> 14 | V36: =MAX(V19:V21) -> 11 | W36: =MAX(W19:W21) -> 3 | X36: =MAX(X19:X21) -> 0 | Y36: =MAX(Y19:Y21) -> 34 | Z36: =MAX(Z19:Z21) -> 4 | ... AF36: =MAX(AF19:AF21) -> 428
B37: 13.45 - 14.00 | C37: 25 | D37: 1 | E37: 6 | F37: 2 | G37: 1 | H37: 0 | I37: 4 | J37: 3 | K37: 0 | L37: 0 | M37: 30 | N37: 0 | O37: =SUM(C37:L37,N37) -> 42 | P37: =SUM(C37:N37) -> 72 | R37: AM Period | S37: =SUM(S10:S12) -> 374 | T37: =SUM(T10:T12) -> 99 | U37: =SUM(U10:U12) -> 42 | V37: =SUM(V10:V12) -> 12 | W37: =SUM(W10:W12) -> 1 | X37: =SUM(X10:X12) -> 0 | Y37: =SUM(Y10:Y12) -> 40 | Z37: =SUM(Z10:Z12) -> 3 | ... AF37: =SUM(AF10:AF12) -> 1401
B38: 14.00 - 14.15 | C38: 30 | D38: 7 | E38: 2 | F38: 2 | G38: 0 | H38: 0 | I38: 7 | J38: 0 | K38: 0 | L38: 0 | M38: 55 | N38: 0 | O38: =SUM(C38:L38,N38) -> 48 | P38: =SUM(C38:N38) -> 103 | R38: IP Period | S38: =SUM(S13:S18) -> 837 | T38: =SUM(T13:T18) -> 227 | U38: =SUM(U13:U18) -> 95 | V38: =SUM(V13:V18) -> 67 | W38: =SUM(W13:W18) -> 7 | X38: =SUM(X13:X18) -> 1 | Y38: =SUM(Y13:Y18) -> 134 | Z38: =SUM(Z13:Z18) -> 25 | ... AF38: =SUM(AF13:AF18) -> 2624
B39: 14.15 - 14.30 | C39: 30 | D39: 10 | E39: 6 | F39: 1 | G39: 0 | H39: 0 | I39: 5 | J39: 1 | K39: 0 | L39: 0 | M39: 38 | N39: 0 | O39: =SUM(C39:L39,N39) -> 53 | P39: =SUM(C39:N39) -> 91 | R39: PM Period | S39: =SUM(S19:S21) -> 338 | T39: =SUM(T19:T21) -> 111 | U39: =SUM(U19:U21) -> 38 | V39: =SUM(V19:V21) -> 31 | W39: =SUM(W19:W21) -> 3 | X39: =SUM(X19:X21) -> 0 | Y39: =SUM(Y19:Y21) -> 65 | Z39: =SUM(Z19:Z21) -> 8 | ... AF39: =SUM(AF19:AF21) -> 1208
B40: 14.30 - 14.45 | C40: 25 | D40: 6 | E40: 5 | F40: 5 | G40: 0 | H40: 0 | I40: 12 | J40: 0 | K40: 0 | L40: 0 | M40: 40 | N40: 0 | O40: =SUM(C40:L40,N40) -> 53 | P40: =SUM(C40:N40) -> 93 | R40: 12 Hours | S40: =SUM(S10:S21) -> 1549 | T40: =SUM(T10:T21) -> 437 | U40: =SUM(U10:U21) -> 175 | V40: =SUM(V10:V21) -> 110 | W40: =SUM(W10:W21) -> 11 | X40: =SUM(X10:X21) -> 1 | Y40: =SUM(Y10:Y21) -> 239 | Z40: =SUM(Z10:Z21) -> 36 | ... AF40: =SUM(AF10:AF21) -> 5233
B41: 14.45 - 15.00 | C41: 27 | D41: 6 | E41: 0 | F41: 2 | G41: 0 | H41: 0 | I41: 13 | J41: 0 | K41: 0 | L41: 0 | M41: 35 | N41: 0 | O41: =SUM(C41:L41,N41) -> 48 | P41: =SUM(C41:N41) -> 83 | R41: 24 Hrs/ADT | S41: =SUM(S10:S33) -> 2162 | T41: =SUM(T10:T33) -> 514 | U41: =SUM(U10:U33) -> 253 | V41: =SUM(V10:V33) -> 177 | W41: =SUM(W10:W33) -> 11 | X41: =SUM(X10:X33) -> 1 | Y41: =SUM(Y10:Y33) -> 278 | Z41: =SUM(Z10:Z33) -> 52 | ... AF41: =SUM(AF10:AF33) -> 7405
B42: 15.00 - 15.15 | C42: 25 | D42: 10 | E42: 0 | F42: 3 | G42: 0 | H42: 0 | I42: 2 | J42: 0 | K42: 0 | L42: 0 | M42: 45 | N42: 0 | O42: =SUM(C42:L42,N42) -> 40 | P42: =SUM(C42:N42) -> 85 | R42: NEF | S42: =S41/S40 -> 1.3957392 | T42: =T41/T40 -> 1.1762014 | U42: =U41/U40 -> 1.4457143 | V42: =V41/V40 -> 1.6090909 | W42: =W41/W40 -> 1 | X42: =X41/X40 -> 1 | Y42: =Y41/Y40 -> 1.1631799 | Z42: =Z41/Z40 -> 1.4444444 | ... AF42: =AF41/AF40 -> 1.4150583
B43: 15.15 - 15.30 | C43: 35 | D43: 17 | E43: 4 | F43: 0 | G43: 0 | H43: 0 | I43: 7 | J43: 0 | K43: 0 | L43: 0 | M43: 55 | N43: 0 | O43: =SUM(C43:L43,N43) -> 63 | P43: =SUM(C43:N43) -> 118
B44: 15.30 - 15.45 | C44: 50 | D44: 20 | E44: 2 | F44: 2 | G44: 0 | H44: 0 | I44: 3 | J44: 3 | K44: 0 | L44: 0 | M44: 45 | N44: 0 | O44: =SUM(C44:L44,N44) -> 80 | P44: =SUM(C44:N44) -> 125
B45: 15.45 - 16.00 | C45: 36 | D45: 6 | E45: 6 | F45: 4 | G45: 0 | H45: 0 | I45: 8 | J45: 0 | K45: 0 | L45: 0 | M45: 43 | N45: 0 | O45: =SUM(C45:L45,N45) -> 60 | P45: =SUM(C45:N45) -> 103
B46: 16.00 - 16.15 | C46: 32 | D46: 13 | E46: 2 | F46: 1 | G46: 2 | H46: 0 | I46: 5 | J46: 0 | K46: 1 | L46: 0 | M46: 43 | N46: 0 | O46: =SUM(C46:L46,N46) -> 56 | P46: =SUM(C46:N46) -> 99
B47: 16.15 -16.30 | C47: 27 | D47: 10 | E47: 1 | F47: 3 | G47: 1 | H47: 0 | I47: 3 | J47: 1 | K47: 0 | L47: 0 | M47: 60 | N47: 0 | O47: =SUM(C47:L47,N47) -> 46 | P47: =SUM(C47:N47) -> 106
B48: 16.30 -16.45 | C48: 23 | D48: 10 | E48: 3 | F48: 6 | G48: 0 | H48: 0 | I48: 1 | J48: 0 | K48: 0 | L48: 0 | M48: 43 | N48: 0 | O48: =SUM(C48:L48,N48) -> 43 | P48: =SUM(C48:N48) -> 86
B49: 16.45 -17.00 | C49: 33 | D49: 15 | E49: 5 | F49: 1 | G49: 0 | H49: 0 | I49: 4 | J49: 0 | K49: 0 | L49: 2 | M49: 40 | N49: 0 | O49: =SUM(C49:L49,N49) -> 60 | P49: =SUM(C49:N49) -> 100
B50: 17.00 -17.15 | C50: 35 | D50: 8 | E50: 2 | F50: 2 | G50: 0 | H50: 0 | I50: 2 | J50: 1 | K50: 1 | L50: 0 | M50: 60 | N50: 0 | O50: =SUM(C50:L50,N50) -> 51 | P50: =SUM(C50:N50) -> 111
B51: 17.15 -17.30 | C51: 21 | D51: 14 | E51: 6 | F51: 1 | G51: 0 | H51: 0 | I51: 3 | J51: 1 | K51: 0 | L51: 2 | M51: 55 | N51: 0 | O51: =SUM(C51:L51,N51) -> 48 | P51: =SUM(C51:N51) -> 103
B52: 17.30 -17.45 | C52: 30 | D52: 6 | E52: 3 | F52: 5 | G52: 0 | H52: 0 | I52: 11 | J52: 1 | K52: 0 | L52: 0 | M52: 50 | N52: 0 | O52: =SUM(C52:L52,N52) -> 56 | P52: =SUM(C52:N52) -> 106
B53: 17.45 -18.00 | C53: 17 | D53: 7 | E53: 3 | F53: 3 | G53: 0 | H53: 0 | I53: 2 | J53: 0 | K53: 0 | L53: 0 | M53: 37 | N53: 0 | O53: =SUM(C53:L53,N53) -> 32 | P53: =SUM(C53:N53) -> 69
B54: 18.00 - 18.15 | C54: 30 | D54: 6 | E54: 6 | F54: 2 | G54: 0 | H54: 0 | I54: 7 | J54: 1 | K54: 0 | L54: 0 | M54: 60 | N54: 0 | O54: =SUM(C54:L54,N54) -> 52 | P54: =SUM(C54:N54) -> 112
... B105: 06.45 - 07.00 | C105: 11 | D105: 1 | E105: 2 | F105: 1 | G105: 0 | H105: 0 | I105: 0 | J105: 1 | K105: 0 | L105: 0 | M105: 27 | N105: 0 | O105: =SUM(C105:L105,N105) -> 16 | P105: =SUM(C105:N105) -> 43
B106: Totals | C106: =SUM(C10:C105) -> 2162 | D106: =SUM(D10:D105) -> 514 | E106: =SUM(E10:E105) -> 253 | F106: =SUM(F10:F105) -> 177 | G106: =SUM(G10:G105) -> 11 | H106: =SUM(H10:H105) -> 1 | I106: =SUM(I10:I105) -> 278 | J106: =SUM(J10:J105) -> 52 | ... P106: =SUM(P10:P105) -> 7405
B107: %ges + MCs | C107: =C106/$P$106 -> 0.29196489 | D107: =D106/$P$106 -> 0.069412559 | E107: =E106/$P$106 -> 0.034166104 | F107: =F106/$P$106 -> 0.023902768 | G107: =G106/$P$106 -> 0.0014854828 | H107: =H106/$P$106 -> 0.00013504389 | I107: =I106/$P$106 -> 0.037542201 | J107: =J106/$P$106 -> 0.0070222822 | ... N107: =N106/$P$106 -> 0
B108: %ges w/o MCs | C108: =C106/$O$106 -> 0.6218004 | D108: =D106/$O$106 -> 0.14782859 | E108: =E106/$O$106 -> 0.072763877 | F108: =F106/$O$106 -> 0.050905953 | G108: =G106/$O$106 -> 0.0031636468 | H108: =H106/$O$106 -> 0.00028760426 | I108: =I106/$O$106 -> 0.079953983 | J108: =J106/$O$106 -> 0.014955421 | ... L108: =L106/$O$106 -> 0.0014380213 | N108: =N106/$O$106 -> 0

Sheet 03.08 Bukoto-Kyebando-24h
B1: Consultancy services for Preparation of Expressway Development Master Plan (EDMP) for Uganda
B2: MANUAL CLASSIFIED COUNT (MCC)
B3: ROAD NAME: | C3: ='29.07 Kyebando-Bukoto'!C3:G3 -> MCC - C1 - STN30 - KYEBANDO - KISALOSALO ROAD
C5: Date | D5: ='03.08 Kyebando-Bukoto-24h'!D5 -> 03.08.19 | F5: Location | G5: ='03.08 Kyebando-Bukoto-24h'!G5:H5 -> Kyebando Round | J5: Surveyor | K5: ='03.08 Kyebando-Bukoto-24h'!K5:L5 -> AHISIBWE SARAH
C6: Dir. From | D6: ='29.07 Bukoto-Kyebando'!D6:E6 -> Bukoto | F6: Dir. To | G6: ='29.07 Bukoto-Kyebando'!G6:H6 -> Kyebando | J6: Supervisor | K6: ='03.08 Kyebando-Bukoto-24h'!K6:L6 -> STEVEN
B8: Time / Veh Type | R8: SUMMARY TRAFFIC VOLUMES
C9: 1. Car | D9: 2. Station Wagon | E9: 3. Pickups | F9: 4. Minibus, matatu | G9: 5. Medium bus | H9: 6. Large Bus | I9: 7. Light Truck | J9: 8. Medium Truck | K9: 9. Heavy truck | L9: 10. Truck Trailer | M9: 11. Motor cycles | N9: 12. Tractors | O9: Total Excl M/Cycles | P9: Total All | R9: Time | S9: 1. Car | T9: 2. Station Wagon | U9: 3. Pickups | V9: 4. Minibus, matatu | W9: 5. Medium bus | X9: 6. Large Bus | Y9: 7. Light Truck | Z9: 8. Medium Truck | AA9: 9. Heavy truck | AB9: 10. Truck Trailer | AC9: 11. Motorcycles | AD9: 12. Tractors, Graders | AE9: Total Excl M/ Cycles | AF9: Total All
B10: 07.00 - 07.15 | C10: 12 | D10: 2 | E10: 4 | F10: 0 | G10: 1 | H10: 0 | I10: 0 | J10: 0 | K10: 2 | L10: 0 | M10: 24 | N10: 0 | O10: =SUM(C10:L10,N10) -> 21 | P10: =SUM(C10:N10) -> 45 | R10: 0700-0800 | S10: =SUM(C10:C13) -> 40 | T10: =SUM(D10:D13) -> 12 | U10: =SUM(E10:E13) -> 12 | V10: =SUM(F10:F13) -> 3 | W10: =SUM(G10:G13) -> 1 | X10: =SUM(H10:H13) -> 0 | Y10: =SUM(I10:I13) -> 2 | Z10: =SUM(J10:J13) -> 2 | ... AF10: =SUM(P10:P13) -> 232
B11: 07.15 - 07.30 | C11: 10 | D11: 3 | E11: 2 | F11: 1 | G11: 0 | H11: 0 | I11: 0 | J11: 1 | K11: 0 | L11: 0 | M11: 33 | N11: 0 | O11: =SUM(C11:L11,N11) -> 17 | P11: =SUM(C11:N11) -> 50 | R11: 0800-0900 | S11: =SUM(C14:C17) -> 42 | T11: =SUM(D14:D17) -> 29 | U11: =SUM(E14:E17) -> 5 | V11: =SUM(F14:F17) -> 5 | W11: =SUM(G14:G17) -> 0 | X11: =SUM(H14:H17) -> 0 | Y11: =SUM(I14:I17) -> 9 | Z11: =SUM(J14:J17) -> 4 | ... AF11: =SUM(P14:P17) -> 381
B12: 07.30 - 07.45 | C12: 7 | D12: 4 | E12: 5 | F12: 2 | G12: 0 | H12: 0 | I12: 0 | J12: 0 | K12: 1 | L12: 0 | M12: 49 | N12: 0 | O12: =SUM(C12:L12,N12) -> 19 | P12: =SUM(C12:N12) -> 68 | R12: 0900-1000 | S12: =SUM(C18:C21) -> 59 | T12: =SUM(D18:D21) -> 31 | U12: =SUM(E18:E21) -> 9 | V12: =SUM(F18:F21) -> 10 | W12: =SUM(G18:G21) -> 0 | X12: =SUM(H18:H21) -> 0 | Y12: =SUM(I18:I21) -> 3 | Z12: =SUM(J18:J21) -> 9 | ... AF12: =SUM(P18:P21) -> 384
B13: 07.45 - 08.00 | C13: 11 | D13: 3 | E13: 1 | F13: 0 | G13: 0 | H13: 0 | I13: 2 | J13: 1 | K13: 2 | L13: 0 | M13: 49 | N13: 0 | O13: =SUM(C13:L13,N13) -> 20 | P13: =SUM(C13:N13) -> 69 | R13: 1000-1100 | S13: =SUM(C22:C25) -> 47 | T13: =SUM(D22:D25) -> 31 | U13: =SUM(E22:E25) -> 16 | V13: =SUM(F22:F25) -> 7 | W13: =SUM(G22:G25) -> 0 | X13: =SUM(H22:H25) -> 0 | Y13: =SUM(I22:I25) -> 6 | Z13: =SUM(J22:J25) -> 8 | ... AF13: =SUM(P22:P25) -> 442
B14: 08.00 - 08.15 | C14: 15 | D14: 3 | E14: 2 | F14: 1 | G14: 0 | H14: 0 | I14: 1 | J14: 1 | K14: 2 | L14: 0 | M14: 63 | N14: 0 | O14: =SUM(C14:L14,N14) -> 25 | P14: =SUM(C14:N14) -> 88 | R14: 1100-1200 | S14: =SUM(C26:C29) -> 75 | T14: =SUM(D26:D29) -> 35 | U14: =SUM(E26:E29) -> 9 | V14: =SUM(F26:F29) -> 10 | W14: =SUM(G26:G29) -> 1 | X14: =SUM(H26:H29) -> 0 | Y14: =SUM(I26:I29) -> 14 | Z14: =SUM(J26:J29) -> 10 | ... AF14: =SUM(P26:P29) -> 420
B15: 08.15 - 08.30 | C15: 11 | D15: 17 | E15: 1 | F15: 1 | G15: 0 | H15: 0 | I15: 6 | J15: 2 | K15: 0 | L15: 0 | M15: 101 | N15: 0 | O15: =SUM(C15:L15,N15) -> 38 | P15: =SUM(C15:N15) -> 139 | R15: 1200-1300 | S15: =SUM(C30:C33) -> 75 | T15: =SUM(D30:D33) -> 49 | U15: =SUM(E30:E33) -> 15 | V15: =SUM(F30:F33) -> 8 | W15: =SUM(G30:G33) -> 3 | X15: =SUM(H30:H33) -> 0 | Y15: =SUM(I30:I33) -> 10 | Z15: =SUM(J30:J33) -> 9 | ... AF15: =SUM(P30:P33) -> 409
B16: 08.30 - 08.45 | C16: 7 | D16: 5 | E16: 0 | F16: 0 | G16: 0 | H16: 0 | I16: 1 | J16: 1 | K16: 0 | L16: 0 | M16: 57 | N16: 0 | O16: =SUM(C16:L16,N16) -> 14 | P16: =SUM(C16:N16) -> 71 | R16: 1300-1400 | S16: =SUM(C34:C37) -> 98 | T16: =SUM(D34:D37) -> 27 | U16: =SUM(E34:E37) -> 8 | V16: =SUM(F34:F37) -> 11 | W16: =SUM(G34:G37) -> 0 | X16: =SUM(H34:H37) -> 0 | Y16: =SUM(I34:I37) -> 5 | Z16: =SUM(J34:J37) -> 8 | ... AF16: =SUM(P34:P37) -> 412
B17: 08.45 - 9.00 | C17: 9 | D17: 4 | E17: 2 | F17: 3 | G17: 0 | H17: 0 | I17: 1 | J17: 0 | K17: 2 | L17: 0 | M17: 62 | N17: 0 | O17: =SUM(C17:L17,N17) -> 21 | P17: =SUM(C17:N17) -> 83 | R17: 1400-1500 | S17: =SUM(C38:C41) -> 91 | T17: =SUM(D38:D41) -> 28 | U17: =SUM(E38:E41) -> 15 | V17: =SUM(F38:F41) -> 7 | W17: =SUM(G38:G41) -> 1 | X17: =SUM(H38:H41) -> 0 | Y17: =SUM(I38:I41) -> 7 | Z17: =SUM(J38:J41) -> 11 | ... AF17: =SUM(P38:P41) -> 366
B18: 09.00 - 09.15 | C18: 9 | D18: 4 | E18: 1 | F18: 3 | G18: 0 | H18: 0 | I18: 1 | J18: 2 | K18: 1 | L18: 0 | M18: 78 | N18: 0 | O18: =SUM(C18:L18,N18) -> 21 | P18: =SUM(C18:N18) -> 99 | R18: 1500-1600 | S18: =SUM(C42:C45) -> 121 | T18: =SUM(D42:D45) -> 56 | U18: =SUM(E42:E45) -> 14 | V18: =SUM(F42:F45) -> 11 | W18: =SUM(G42:G45) -> 0 | X18: =SUM(H42:H45) -> 0 | Y18: =SUM(I42:I45) -> 10 | Z18: =SUM(J42:J45) -> 13 | ... AF18: =SUM(P42:P45) -> 483
B19: 09.15 - 09.30 | C19: 23 | D19: 7 | E19: 2 | F19: 4 | G19: 0 | H19: 0 | I19: 2 | J19: 3 | K19: 2 | L19: 0 | M19: 86 | N19: 0 | O19: =SUM(C19:L19,N19) -> 43 | P19: =SUM(C19:N19) -> 129 | R19: 1600-1700 | S19: =SUM(C46:C49) -> 92 | T19: =SUM(D46:D49) -> 31 | U19: =SUM(E46:E49) -> 17 | V19: =SUM(F46:F49) -> 16 | W19: =SUM(G46:G49) -> 0 | X19: =SUM(H46:H49) -> 0 | Y19: =SUM(I46:I49) -> 5 | Z19: =SUM(J46:J49) -> 9 | ... AF19: =SUM(P46:P49) -> 455
B20: 09.30 - 09.45 | C20: 13 | D20: 14 | E20: 1 | F20: 1 | G20: 0 | H20: 0 | I20: 0 | J20: 1 | K20: 4 | L20: 0 | M20: 35 | N20: 0 | O20: =SUM(C20:L20,N20) -> 34 | P20: =SUM(C20:N20) -> 69 | R20: 1700-1800 | S20: =SUM(C50:C53) -> 108 | T20: =SUM(D50:D53) -> 61 | U20: =SUM(E50:E53) -> 10 | V20: =SUM(F50:F53) -> 13 | W20: =SUM(G50:G53) -> 0 | X20: =SUM(H50:H53) -> 0 | Y20: =SUM(I50:I53) -> 8 | Z20: =SUM(J50:J53) -> 7 | ... AF20: =SUM(P50:P53) -> 480
B21: 09.45 - 10.00 | C21: 14 | D21: 6 | E21: 5 | F21: 2 | G21: 0 | H21: 0 | I21: 0 | J21: 3 | K21: 3 | L21: 0 | M21: 54 | N21: 0 | O21: =SUM(C21:L21,N21) -> 33 | P21: =SUM(C21:N21) -> 87 | R21: 1800-1900 | S21: =SUM(C54:C57) -> 84 | T21: =SUM(D54:D57) -> 35 | U21: =SUM(E54:E57) -> 16 | V21: =SUM(F54:F57) -> 16 | W21: =SUM(G54:G57) -> 0 | X21: =SUM(H54:H57) -> 0 | Y21: =SUM(I54:I57) -> 9 | Z21: =SUM(J54:J57) -> 12 | ... AF21: =SUM(P54:P57) -> 499
B22: 10.00 - 10.15 | C22: 12 | D22: 9 | E22: 4 | F22: 1 | G22: 0 | H22: 0 | I22: 0 | J22: 2 | K22: 0 | L22: 0 | M22: 82 | N22: 0 | O22: =SUM(C22:L22,N22) -> 28 | P22: =SUM(C22:N22) -> 110 | R22: 1900-2000 | S22: =SUM(C58:C61) -> 98 | T22: =SUM(D58:D61) -> 11 | U22: =SUM(E58:E61) -> 9 | V22: =SUM(F58:F61) -> 14 | W22: =SUM(G58:G61) -> 0 | X22: =SUM(H58:H61) -> 0 | Y22: =SUM(I58:I61) -> 11 | Z22: =SUM(J58:J61) -> 1 | ... AF22: =SUM(P58:P61) -> 429
B23: 10.15 - 10.30 | C23: 11 | D23: 6 | E23: 4 | F23: 2 | G23: 0 | H23: 0 | I23: 1 | J23: 1 | K23: 0 | L23: 0 | M23: 86 | N23: 0 | O23: =SUM(C23:L23,N23) -> 25 | P23: =SUM(C23:N23) -> 111 | R23: 2000-2100 | S23: =SUM(C62:C65) -> 109 | T23: =SUM(D62:D65) -> 25 | U23: =SUM(E62:E65) -> 13 | V23: =SUM(F62:F65) -> 17 | W23: =SUM(G62:G65) -> 0 | X23: =SUM(H62:H65) -> 0 | Y23: =SUM(I62:I65) -> 6 | Z23: =SUM(J62:J65) -> 1 | ... AF23: =SUM(P62:P65) -> 407
B24: 10.30 - 10.45 | C24: 12 | D24: 10 | E24: 4 | F24: 2 | G24: 0 | H24: 0 | I24: 2 | J24: 1 | K24: 3 | L24: 1 | M24: 88 | N24: 0 | O24: =SUM(C24:L24,N24) -> 35 | P24: =SUM(C24:N24) -> 123 | R24: 2100-2200 | S24: =SUM(C66:C69) -> 129 | T24: =SUM(D66:D69) -> 15 | U24: =SUM(E66:E69) -> 9 | V24: =SUM(F66:F69) -> 17 | W24: =SUM(G66:G69) -> 0 | X24: =SUM(H66:H69) -> 0 | Y24: =SUM(I66:I69) -> 10 | Z24: =SUM(J66:J69) -> 1 | ... AF24: =SUM(P66:P69) -> 397
B25: 10.45 - 11.00 | C25: 12 | D25: 6 | E25: 4 | F25: 2 | G25: 0 | H25: 0 | I25: 3 | J25: 4 | K25: 0 | L25: 0 | M25: 67 | N25: 0 | O25: =SUM(C25:L25,N25) -> 31 | P25: =SUM(C25:N25) -> 98 | R25: 2200-2300 | S25: =SUM(C70:C73) -> 80 | T25: =SUM(D70:D73) -> 2 | U25: =SUM(E70:E73) -> 3 | V25: =SUM(F70:F73) -> 11 | W25: =SUM(G70:G73) -> 0 | X25: =SUM(H70:H73) -> 0 | Y25: =SUM(I70:I73) -> 7 | Z25: =SUM(J70:J73) -> 1 | ... AF25: =SUM(P70:P73) -> 263
B26: 11.00 - 11.15 | C26: 17 | D26: 11 | E26: 1 | F26: 3 | G26: 0 | H26: 0 | I26: 3 | J26: 2 | K26: 2 | L26: 0 | M26: 85 | N26: 0 | O26: =SUM(C26:L26,N26) -> 39 | P26: =SUM(C26:N26) -> 124 | R26: 2300-0000 | S26: =SUM(C74:C77) -> 62 | T26: =SUM(D74:D77) -> 5 | U26: =SUM(E74:E77) -> 5 | V26: =SUM(F74:F77) -> 7 | W26: =SUM(G74:G77) -> 0 | X26: =SUM(H74:H77) -> 0 | Y26: =SUM(I74:I77) -> 0 | Z26: =SUM(J74:J77) -> 0 | ... AF26: =SUM(P74:P77) -> 214
B27: 11.15 - 11.30 | C27: 16 | D27: 4 | E27: 4 | F27: 0 | G27: 1 | H27: 0 | I27: 2 | J27: 1 | K27: 3 | L27: 0 | M27: 52 | N27: 0 | O27: =SUM(C27:L27,N27) -> 31 | P27: =SUM(C27:N27) -> 83 | R27: 0000-0100 | S27: =SUM(C78:C81) -> 49 | T27: =SUM(D78:D81) -> 1 | U27: =SUM(E78:E81) -> 0 | V27: =SUM(F78:F81) -> 4 | W27: =SUM(G78:G81) -> 1 | X27: =SUM(H78:H81) -> 0 | Y27: =SUM(I78:I81) -> 4 | Z27: =SUM(J78:J81) -> 0 | ... AF27: =SUM(P78:P81) -> 133
B28: 11.30 - 11.45 | C28: 17 | D28: 10 | E28: 3 | F28: 5 | G28: 0 | H28: 0 | I28: 4 | J28: 2 | K28: 2 | L28: 0 | M28: 70 | N28: 0 | O28: =SUM(C28:L28,N28) -> 43 | P28: =SUM(C28:N28) -> 113 | R28: 0100-0200 | S28: =SUM(C82:C85) -> 25 | T28: =SUM(D82:D85) -> 2 | U28: =SUM(E82:E85) -> 1 | V28: =SUM(F82:F85) -> 6 | W28: =SUM(G82:G85) -> 0 | X28: =SUM(H82:H85) -> 0 | Y28: =SUM(I82:I85) -> 5 | Z28: =SUM(J82:J85) -> 1 | ... AF28: =SUM(P82:P85) -> 94
B29: 11.45 - 12.00 | C29: 25 | D29: 10 | E29: 1 | F29: 2 | G29: 0 | H29: 0 | I29: 5 | J29: 5 | K29: 0 | L29: 0 | M29: 52 | N29: 0 | O29: =SUM(C29:L29,N29) -> 48 | P29: =SUM(C29:N29) -> 100 | R29: 0200-0300 | S29: =SUM(C86:C89) -> 18 | T29: =SUM(D86:D89) -> 0 | U29: =SUM(E86:E89) -> 3 | V29: =SUM(F86:F89) -> 0 | W29: =SUM(G86:G89) -> 0 | X29: =SUM(H86:H89) -> 0 | Y29: =SUM(I86:I89) -> 2 | Z29: =SUM(J86:J89) -> 3 | ... AF29: =SUM(P86:P89) -> 57
B30: 12.00 - 12.15 | C30: 9 | D30: 9 | E30: 0 | F30: 1 | G30: 0 | H30: 0 | I30: 0 | J30: 2 | K30: 1 | L30: 0 | M30: 27 | N30: 0 | O30: =SUM(C30:L30,N30) -> 22 | P30: =SUM(C30:N30) -> 49 | R30: 0300-0400 | S30: =SUM(C90:C93) -> 17 | T30: =SUM(D90:D93) -> 0 | U30: =SUM(E90:E93) -> 1 | V30: =SUM(F90:F93) -> 2 | W30: =SUM(G90:G93) -> 0 | X30: =SUM(H90:H93) -> 0 | Y30: =SUM(I90:I93) -> 0 | Z30: =SUM(J90:J93) -> 0 | ... AF30: =SUM(P90:P93) -> 51
B31: 12.15 - 12.30 | C31: 21 | D31: 15 | E31: 6 | F31: 3 | G31: 1 | H31: 0 | I31: 4 | J31: 2 | K31: 1 | L31: 0 | M31: 54 | N31: 0 | O31: =SUM(C31:L31,N31) -> 53 | P31: =SUM(C31:N31) -> 107 | R31: 0400-0500 | S31: =SUM(C94:C97) -> 12 | T31: =SUM(D94:D97) -> 2 | U31: =SUM(E94:E97) -> 1 | V31: =SUM(F94:F97) -> 0 | W31: =SUM(G94:G97) -> 0 | X31: =SUM(H94:H97) -> 0 | Y31: =SUM(I94:I97) -> 1 | Z31: =SUM(J94:J97) -> 0 | ... AF31: =SUM(P94:P97) -> 42
B32: 12.30 - 12.45 | C32: 21 | D32: 17 | E32: 6 | F32: 1 | G32: 2 | H32: 0 | I32: 4 | J32: 5 | K32: 2 | L32: 0 | M32: 83 | N32: 0 | O32: =SUM(C32:L32,N32) -> 58 | P32: =SUM(C32:N32) -> 141 | R32: 0500-0600 | S32: =SUM(C98:C101) -> 16 | T32: =SUM(D98:D101) -> 4 | U32: =SUM(E98:E101) -> 0 | V32: =SUM(F98:F101) -> 3 | W32: =SUM(G98:G101) -> 0 | X32: =SUM(H98:H101) -> 0 | Y32: =SUM(I98:I101) -> 0 | Z32: =SUM(J98:J101) -> 5 | ... AF32: =SUM(P98:P101) -> 64
B33: 12.45 - 13.00 | C33: 24 | D33: 8 | E33: 3 | F33: 3 | G33: 0 | H33: 0 | I33: 2 | J33: 0 | K33: 4 | L33: 0 | M33: 68 | N33: 0 | O33: =SUM(C33:L33,N33) -> 44 | P33: =SUM(C33:N33) -> 112 | R33: 0600-0700 | S33: =SUM(C102:C105) -> 15 | T33: =SUM(D102:D105) -> 1 | U33: =SUM(E102:E105) -> 1 | V33: =SUM(F102:F105) -> 3 | W33: =SUM(G102:G105) -> 0 | X33: =SUM(H102:H105) -> 1 | Y33: =SUM(I102:I105) -> 1 | Z33: =SUM(J102:J105) -> 0 | ... AF33: =SUM(P102:P105) -> 60
B34: 13.00 - 13.15 | C34: 22 | D34: 10 | E34: 0 | F34: 1 | G34: 0 | H34: 0 | I34: 1 | J34: 0 | K34: 2 | L34: 0 | M34: 58 | N34: 0 | O34: =SUM(C34:L34,N34) -> 36 | P34: =SUM(C34:N34) -> 94 | R34: AM Peak Hr | S34: =MAX(S10:S12) -> 59 | T34: =MAX(T10:T12) -> 31 | U34: =MAX(U10:U12) -> 12 | V34: =MAX(V10:V12) -> 10 | W34: =MAX(W10:W12) -> 1 | X34: =MAX(X10:X12) -> 0 | Y34: =MAX(Y10:Y12) -> 9 | Z34: =MAX(Z10:Z12) -> 9 | ... AF34: =MAX(AF10:AF12) -> 384
B35: 13.15 - 13.30 | C35: 17 | D35: 3 | E35: 0 | F35: 2 | G35: 0 | H35: 0 | I35: 0 | J35: 1 | K35: 1 | L35: 0 | M35: 42 | N35: 0 | O35: =SUM(C35:L35,N35) -> 24 | P35: =SUM(C35:N35) -> 66 | R35: IP Peak Hr | S35: =MAX(S13:S18) -> 121 | T35: =MAX(T13:T18) -> 56 | U35: =MAX(U13:U18) -> 16 | V35: =MAX(V13:V18) -> 11 | W35: =MAX(W13:W18) -> 3 | X35: =MAX(X13:X18) -> 0 | Y35: =MAX(Y13:Y18) -> 14 | Z35: =MAX(Z13:Z18) -> 13 | ... AF35: =MAX(AF13:AF18) -> 483
B36: 13.30 - 13.45 | C36: 31 | D36: 9 | E36: 2 | F36: 4 | G36: 0 | H36: 0 | I36: 3 | J36: 5 | K36: 1 | L36: 0 | M36: 86 | N36: 0 | O36: =SUM(C36:L36,N36) -> 55 | P36: =SUM(C36:N36) -> 141 | R36: PM Peak Hr | S36: =MAX(S19:S21) -> 108 | T36: =MAX(T19:T21) -> 61 | U36: =MAX(U19:U21) -> 17 | V36: =MAX(V19:V21) -> 16 | W36: =MAX(W19:W21) -> 0 | X36: =MAX(X19:X21) -> 0 | Y36: =MAX(Y19:Y21) -> 9 | Z36: =MAX(Z19:Z21) -> 12 | ... AF36: =MAX(AF19:AF21) -> 499
B37: 13.45 - 14.00 | C37: 28 | D37: 5 | E37: 6 | F37: 4 | G37: 0 | H37: 0 | I37: 1 | J37: 2 | K37: 2 | L37: 0 | M37: 63 | N37: 0 | O37: =SUM(C37:L37,N37) -> 48 | P37: =SUM(C37:N37) -> 111 | R37: AM Period | S37: =SUM(S10:S12) -> 141 | T37: =SUM(T10:T12) -> 72 | U37: =SUM(U10:U12) -> 26 | V37: =SUM(V10:V12) -> 18 | W37: =SUM(W10:W12) -> 1 | X37: =SUM(X10:X12) -> 0 | Y37: =SUM(Y10:Y12) -> 14 | Z37: =SUM(Z10:Z12) -> 15 | ... AF37: =SUM(AF10:AF12) -> 997
B38: 14.00 - 14.15 | C38: 26 | D38: 10 | E38: 5 | F38: 2 | G38: 0 | H38: 0 | I38: 0 | J38: 2 | K38: 1 | L38: 0 | M38: 65 | N38: 0 | O38: =SUM(C38:L38,N38) -> 46 | P38: =SUM(C38:N38) -> 111 | R38: IP Period | S38: =SUM(S13:S18) -> 507 | T38: =SUM(T13:T18) -> 226 | U38: =SUM(U13:U18) -> 77 | V38: =SUM(V13:V18) -> 54 | W38: =SUM(W13:W18) -> 5 | X38: =SUM(X13:X18) -> 0 | Y38: =SUM(Y13:Y18) -> 52 | Z38: =SUM(Z13:Z18) -> 59 | ... AF38: =SUM(AF13:AF18) -> 2532
B39: 14.15 - 14.30 | C39: 16 | D39: 4 | E39: 4 | F39: 1 | G39: 0 | H39: 0 | I39: 1 | J39: 2 | K39: 1 | L39: 0 | M39: 52 | N39: 0 | O39: =SUM(C39:L39,N39) -> 29 | P39: =SUM(C39:N39) -> 81 | R39: PM Period | S39: =SUM(S19:S21) -> 284 | T39: =SUM(T19:T21) -> 127 | U39: =SUM(U19:U21) -> 43 | V39: =SUM(V19:V21) -> 45 | W39: =SUM(W19:W21) -> 0 | X39: =SUM(X19:X21) -> 0 | Y39: =SUM(Y19:Y21) -> 22 | Z39: =SUM(Z19:Z21) -> 28 | ... AF39: =SUM(AF19:AF21) -> 1434
B40: 14.30 - 14.45 | C40: 24 | D40: 8 | E40: 1 | F40: 2 | G40: 1 | H40: 0 | I40: 3 | J40: 3 | K40: 0 | L40: 0 | M40: 48 | N40: 0 | O40: =SUM(C40:L40,N40) -> 42 | P40: =SUM(C40:N40) -> 90 | R40: 12 Hours | S40: =SUM(S10:S21) -> 932 | T40: =SUM(T10:T21) -> 425 | U40: =SUM(U10:U21) -> 146 | V40: =SUM(V10:V21) -> 117 | W40: =SUM(W10:W21) -> 6 | X40: =SUM(X10:X21) -> 0 | Y40: =SUM(Y10:Y21) -> 88 | Z40: =SUM(Z10:Z21) -> 102 | ... AF40: =SUM(AF10:AF21) -> 4963
B41: 14.45 - 15.00 | C41: 25 | D41: 6 | E41: 5 | F41: 2 | G41: 0 | H41: 0 | I41: 3 | J41: 4 | K41: 3 | L41: 0 | M41: 36 | N41: 0 | O41: =SUM(C41:L41,N41) -> 48 | P41: =SUM(C41:N41) -> 84 | R41: 24 Hrs/ADT | S41: =SUM(S10:S33) -> 1562 | T41: =SUM(T10:T33) -> 493 | U41: =SUM(U10:U33) -> 192 | V41: =SUM(V10:V33) -> 201 | W41: =SUM(W10:W33) -> 7 | X41: =SUM(X10:X33) -> 1 | Y41: =SUM(Y10:Y33) -> 135 | Z41: =SUM(Z10:Z33) -> 115 | ... AF41: =SUM(AF10:AF33) -> 7174
B42: 15.00 - 15.15 | C42: 43 | D42: 19 | E42: 3 | F42: 4 | G42: 0 | H42: 0 | I42: 2 | J42: 7 | K42: 0 | L42: 0 | M42: 50 | N42: 0 | O42: =SUM(C42:L42,N42) -> 78 | P42: =SUM(C42:N42) -> 128 | R42: NEF | S42: =S41/S40 -> 1.6759657 | T42: =T41/T40 -> 1.16 | U42: =U41/U40 -> 1.3150685 | V42: =V41/V40 -> 1.7179487 | W42: =W41/W40 -> 1.1666667 | X42: =X41/X40 -> #DIV/0! | Y42: =Y41/Y40 -> 1.5340909 | Z42: =Z41/Z40 -> 1.127451 | ... AF42: =AF41/AF40 -> 1.4454967
B43: 15.15 - 15.30 | C43: 32 | D43: 16 | E43: 1 | F43: 3 | G43: 0 | H43: 0 | I43: 1 | J43: 1 | K43: 1 | L43: 0 | M43: 67 | N43: 0 | O43: =SUM(C43:L43,N43) -> 55 | P43: =SUM(C43:N43) -> 122
B44: 15.30 - 15.45 | C44: 23 | D44: 13 | E44: 1 | F44: 3 | G44: 0 | H44: 0 | I44: 4 | J44: 3 | K44: 3 | L44: 0 | M44: 82 | N44: 0 | O44: =SUM(C44:L44,N44) -> 50 | P44: =SUM(C44:N44) -> 132
B45: 15.45 - 16.00 | C45: 23 | D45: 8 | E45: 9 | F45: 1 | G45: 0 | H45: 0 | I45: 3 | J45: 2 | K45: 4 | L45: 0 | M45: 51 | N45: 0 | O45: =SUM(C45:L45,N45) -> 50 | P45: =SUM(C45:N45) -> 101
B46: 16.00 - 16.15 | C46: 32 | D46: 13 | E46: 3 | F46: 3 | G46: 0 | H46: 0 | I46: 1 | J46: 2 | K46: 1 | L46: 0 | M46: 69 | N46: 0 | O46: =SUM(C46:L46,N46) -> 55 | P46: =SUM(C46:N46) -> 124
B47: 16.15 -16.30 | C47: 29 | D47: 10 | E47: 8 | F47: 4 | G47: 0 | H47: 0 | I47: 2 | J47: 4 | K47: 2 | L47: 0 | M47: 82 | N47: 0 | O47: =SUM(C47:L47,N47) -> 59 | P47: =SUM(C47:N47) -> 141
B48: 16.30 -16.45 | C48: 31 | D48: 8 | E48: 6 | F48: 9 | G48: 0 | H48: 0 | I48: 2 | J48: 3 | K48: 1 | L48: 0 | M48: 63 | N48: 0 | O48: =SUM(C48:L48,N48) -> 60 | P48: =SUM(C48:N48) -> 123
B49: 16.45 -17.00 | C49: 0 | D49: 0 | E49: 0 | F49: 0 | G49: 0 | H49: 0 | I49: 0 | J49: 0 | K49: 0 | L49: 0 | M49: 67 | N49: 0 | O49: =SUM(C49:L49,N49) -> 0 | P49: =SUM(C49:N49) -> 67
B50: 17.00 -17.15 | C50: 34 | D50: 30 | E50: 1 | F50: 2 | G50: 0 | H50: 0 | I50: 4 | J50: 1 | K50: 3 | L50: 0 | M50: 87 | N50: 0 | O50: =SUM(C50:L50,N50) -> 75 | P50: =SUM(C50:N50) -> 162
B51: 17.15 -17.30 | C51: 25 | D51: 17 | E51: 3 | F51: 2 | G51: 0 | H51: 0 | I51: 0 | J51: 0 | K51: 0 | L51: 0 | M51: 56 | N51: 0 | O51: =SUM(C51:L51,N51) -> 47 | P51: =SUM(C51:N51) -> 103
B52: 17.30 -17.45 | C52: 25 | D52: 9 | E52: 5 | F52: 4 | G52: 0 | H52: 0 | I52: 3 | J52: 4 | K52: 6 | L52: 0 | M52: 51 | N52: 0 | O52: =SUM(C52:L52,N52) -> 56 | P52: =SUM(C52:N52) -> 107
B53: 17.45 -18.00 | C53: 24 | D53: 5 | E53: 1 | F53: 5 | G53: 0 | H53: 0 | I53: 1 | J53: 2 | K53: 2 | L53: 0 | M53: 68 | N53: 0 | O53: =SUM(C53:L53,N53) -> 40 | P53: =SUM(C53:N53) -> 108
B54: 18.00 - 18.15 | C54: 23 | D54: 2 | E54: 4 | F54: 5 | G54: 0 | H54: 0 | I54: 1 | J54: 3 | K54: 2 | L54: 0 | M54: 84 | N54: 0 | O54: =SUM(C54:L54,N54) -> 40 | P54: =SUM(C54:N54) -> 124
... B105: 06.45 - 07.00 | C105: 7 | D105: 1 | E105: 0 | F105: 1 | G105: 0 | H105: 0 | I105: 0 | J105: 0 | K105: 0 | L105: 0 | M105: 13 | N105: 0 | O105: =SUM(C105:L105,N105) -> 9 | P105: =SUM(C105:N105) -> 22
B106: Totals | C106: =SUM(C10:C105) -> 1562 | D106: =SUM(D10:D105) -> 493 | E106: =SUM(E10:E105) -> 192 | F106: =SUM(F10:F105) -> 201 | G106: =SUM(G10:G105) -> 7 | H106: =SUM(H10:H105) -> 1 | I106: =SUM(I10:I105) -> 135 | J106: =SUM(J10:J105) -> 115 | ... P106: =SUM(P10:P105) -> 7174
B107: %ges + MCs | C107: =C106/$P$106 -> 0.21773069 | D107: =D106/$P$106 -> 0.068720379 | E107: =E106/$P$106 -> 0.026763312 | F107: =F106/$P$106 -> 0.028017842 | G107: =G106/$P$106 -> 0.00097574575 | H107: =H106/$P$106 -> 0.00013939225 | I107: =I106/$P$106 -> 0.018817954 | J107: =J106/$P$106 -> 0.016030109 | ... N107: =N106/$P$106 -> 0
B108: %ges w/o MCs | C108: =C106/$O$106 -> 0.55985663 | D108: =D106/$O$106 -> 0.17670251 | E108: =E106/$O$106 -> 0.068817204 | F108: =F106/$O$106 -> 0.072043011 | G108: =G106/$O$106 -> 0.0025089606 | H108: =H106/$O$106 -> 0.00035842294 | I108: =I106/$O$106 -> 0.048387097 | J108: =J106/$O$106 -> 0.041218638 | ... L108: =L106/$O$106 -> 0.00035842294 | N108: =N106/$O$106 -> 0

Sheet 04.08 Kyebando-Bukoto
B1: Consultancy services for Preparation of Expressway Development Master Plan (EDMP) for Uganda
B2: MANUAL CLASSIFIED COUNT (MCC)
B3: ROAD NAME: | C3: ='29.07 Kyebando-Bukoto'!C3:G3 -> MCC - C1 - STN30 - KYEBANDO - KISALOSALO ROAD
C5: Date | D5: 04.08.19 | F5: Location | G5: ='03.08 Bukoto-Kyebando-24h'!G5:H5 -> Kyebando Round | J5: Surveyor | K5: ='03.08 Bukoto-Kyebando-24h'!K5:L5 -> AHISIBWE SARAH
C6: Dir. From | D6: ='29.07 Kyebando-Bukoto'!D6:E6 -> Kyebando | F6: Dir. To | G6: ='29.07 Kyebando-Bukoto'!G6:H6 -> Bukoto | J6: Supervisor | K6: ='03.08 Bukoto-Kyebando-24h'!K6:L6 -> STEVEN
B8: Time / Veh Type | R8: SUMMARY TRAFFIC VOLUMES
C9: 1. Car | D9: 2. Station Wagon | E9: 3. Pickups | F9: 4. Minibus, matatu | G9: 5. Medium bus | H9: 6. Large Bus | I9: 7. Light Truck | J9: 8. Medium Truck | K9: 9. Heavy truck | L9: 10. Truck Trailer | M9: 11. Motor cycles | N9: 12. Tractors | O9: Total Excl M/Cycles | P9: Total All | R9: Time | S9: 1. Car | T9: 2. Station Wagon | U9: 3. Pickups | V9: 4. Minibus, matatu | W9: 5. Medium bus | X9: 6. Large Bus | Y9: 7. Light Truck | Z9: 8. Medium Truck | AA9: 9. Heavy truck | AB9: 10. Truck Trailer | AC9: 11. Motorcycles | AD9: 12. Tractors, Graders | AE9: Total Excl M/ Cycles | AF9: Total All
B10: 07.00 - 07.15 | C10: 16 | D10: 9 | E10: 5 | F10: 1 | G10: 0 | H10: 0 | I10: 3 | J10: 0 | K10: 0 | L10: 0 | M10: 45 | N10: 0 | O10: =SUM(C10:L10,N10) -> 34 | P10: =SUM(C10:N10) -> 79 | R10: 0700-0800 | S10: =SUM(C10:C13) -> 43 | T10: =SUM(D10:D13) -> 23 | U10: =SUM(E10:E13) -> 8 | V10: =SUM(F10:F13) -> 5 | W10: =SUM(G10:G13) -> 0 | X10: =SUM(H10:H13) -> 1 | Y10: =SUM(I10:I13) -> 13 | Z10: =SUM(J10:J13) -> 0 | ... AF10: =SUM(P10:P13) -> 242
B11: 07.15 - 07.30 | C11: 7 | D11: 6 | E11: 1 | F11: 2 | G11: 0 | H11: 0 | I11: 3 | J11: 0 | K11: 0 | L11: 0 | M11: 23 | N11: 0 | O11: =SUM(C11:L11,N11) -> 19 | P11: =SUM(C11:N11) -> 42 | R11: 0800-0900 | S11: =SUM(C14:C17) -> 62 | T11: =SUM(D14:D17) -> 17 | U11: =SUM(E14:E17) -> 10 | V11: =SUM(F14:F17) -> 5 | W11: =SUM(G14:G17) -> 0 | X11: =SUM(H14:H17) -> 0 | Y11: =SUM(I14:I17) -> 11 | Z11: =SUM(J14:J17) -> 1 | ... AF11: =SUM(P14:P17) -> 258
B12: 07.30 - 07.45 | C12: 9 | D12: 6 | E12: 1 | F12: 2 | G12: 0 | H12: 0 | I12: 5 | J12: 0 | K12: 0 | L12: 0 | M12: 51 | N12: 0 | O12: =SUM(C12:L12,N12) -> 23 | P12: =SUM(C12:N12) -> 74 | R12: 0900-1000 | S12: =SUM(C18:C21) -> 97 | T12: =SUM(D18:D21) -> 28 | U12: =SUM(E18:E21) -> 12 | V12: =SUM(F18:F21) -> 5 | W12: =SUM(G18:G21) -> 0 | X12: =SUM(H18:H21) -> 0 | Y12: =SUM(I18:I21) -> 10 | Z12: =SUM(J18:J21) -> 1 | ... AF12: =SUM(P18:P21) -> 340
B13: 07.45 - 08.00 | C13: 11 | D13: 2 | E13: 1 | F13: 0 | G13: 0 | H13: 1 | I13: 2 | J13: 0 | K13: 0 | L13: 0 | M13: 30 | N13: 0 | O13: =SUM(C13:L13,N13) -> 17 | P13: =SUM(C13:N13) -> 47 | R13: 1000-1100 | S13: =SUM(C22:C25) -> 95 | T13: =SUM(D22:D25) -> 33 | U13: =SUM(E22:E25) -> 11 | V13: =SUM(F22:F25) -> 8 | W13: =SUM(G22:G25) -> 0 | X13: =SUM(H22:H25) -> 0 | Y13: =SUM(I22:I25) -> 17 | Z13: =SUM(J22:J25) -> 3 | ... AF13: =SUM(P22:P25) -> 365
B14: 08.00 - 08.15 | C14: 17 | D14: 1 | E14: 3 | F14: 0 | G14: 0 | H14: 0 | I14: 0 | J14: 0 | K14: 0 | L14: 0 | M14: 50 | N14: 0 | O14: =SUM(C14:L14,N14) -> 21 | P14: =SUM(C14:N14) -> 71 | R14: 1100-1200 | S14: =SUM(C26:C29) -> 105 | T14: =SUM(D26:D29) -> 19 | U14: =SUM(E26:E29) -> 7 | V14: =SUM(F26:F29) -> 7 | W14: =SUM(G26:G29) -> 0 | X14: =SUM(H26:H29) -> 0 | Y14: =SUM(I26:I29) -> 13 | Z14: =SUM(J26:J29) -> 1 | ... AF14: =SUM(P26:P29) -> 332
B15: 08.15 - 08.30 | C15: 10 | D15: 7 | E15: 3 | F15: 0 | G15: 0 | H15: 0 | I15: 3 | J15: 1 | K15: 0 | L15: 0 | M15: 30 | N15: 0 | O15: =SUM(C15:L15,N15) -> 24 | P15: =SUM(C15:N15) -> 54 | R15: 1200-1300 | S15: =SUM(C30:C33) -> 91 | T15: =SUM(D30:D33) -> 29 | U15: =SUM(E30:E33) -> 12 | V15: =SUM(F30:F33) -> 5 | W15: =SUM(G30:G33) -> 0 | X15: =SUM(H30:H33) -> 0 | Y15: =SUM(I30:I33) -> 16 | Z15: =SUM(J30:J33) -> 2 | ... AF15: =SUM(P30:P33) -> 315
B16: 08.30 - 08.45 | C16: 25 | D16: 8 | E16: 3 | F16: 3 | G16: 0 | H16: 0 | I16: 8 | J16: 0 | K16: 0 | L16: 0 | M16: 37 | N16: 0 | O16: =SUM(C16:L16,N16) -> 47 | P16: =SUM(C16:N16) -> 84 | R16: 1300-1400 | S16: =SUM(C34:C37) -> 88 | T16: =SUM(D34:D37) -> 29 | U16: =SUM(E34:E37) -> 8 | V16: =SUM(F34:F37) -> 10 | W16: =SUM(G34:G37) -> 1 | X16: =SUM(H34:H37) -> 0 | Y16: =SUM(I34:I37) -> 17 | Z16: =SUM(J34:J37) -> 0 | ... AF16: =SUM(P34:P37) -> 272
B17: 08.45 - 9.00 | C17: 10 | D17: 1 | E17: 1 | F17: 2 | G17: 0 | H17: 0 | I17: 0 | J17: 0 | K17: 0 | L17: 0 | M17: 35 | N17: 0 | O17: =SUM(C17:L17,N17) -> 14 | P17: =SUM(C17:N17) -> 49 | R17: 1400-1500 | S17: =SUM(C38:C41) -> 117 | T17: =SUM(D38:D41) -> 22 | U17: =SUM(E38:E41) -> 9 | V17: =SUM(F38:F41) -> 15 | W17: =SUM(G38:G41) -> 0 | X17: =SUM(H38:H41) -> 0 | Y17: =SUM(I38:I41) -> 6 | Z17: =SUM(J38:J41) -> 0 | ... AF17: =SUM(P38:P41) -> 304
B18: 09.00 - 09.15 | C18: 22 | D18: 5 | E18: 1 | F18: 3 | G18: 0 | H18: 0 | I18: 2 | J18: 1 | K18: 0 | L18: 0 | M18: 45 | N18: 0 | O18: =SUM(C18:L18,N18) -> 34 | P18: =SUM(C18:N18) -> 79 | R18: 1500-1600 | S18: =SUM(C42:C45) -> 84 | T18: =SUM(D42:D45) -> 32 | U18: =SUM(E42:E45) -> 20 | V18: =SUM(F42:F45) -> 13 | W18: =SUM(G42:G45) -> 0 | X18: =SUM(H42:H45) -> 0 | Y18: =SUM(I42:I45) -> 3 | Z18: =SUM(J42:J45) -> 0 | ... AF18: =SUM(P42:P45) -> 309
B19: 09.15 - 09.30 | C19: 24 | D19: 11 | E19: 4 | F19: 1 | G19: 0 | H19: 0 | I19: 2 | J19: 0 | K19: 0 | L19: 0 | M19: 40 | N19: 0 | O19: =SUM(C19:L19,N19) -> 42 | P19: =SUM(C19:N19) -> 82 | R19: 1600-1700 | S19: =SUM(C46:C49) -> 116 | T19: =SUM(D46:D49) -> 45 | U19: =SUM(E46:E49) -> 10 | V19: =SUM(F46:F49) -> 10 | W19: =SUM(G46:G49) -> 1 | X19: =SUM(H46:H49) -> 0 | Y19: =SUM(I46:I49) -> 10 | Z19: =SUM(J46:J49) -> 2 | ... AF19: =SUM(P46:P49) -> 369
B20: 09.30 - 09.45 | C20: 30 | D20: 4 | E20: 2 | F20: 0 | G20: 0 | H20: 0 | I20: 2 | J20: 0 | K20: 0 | L20: 0 | M20: 50 | N20: 0 | O20: =SUM(C20:L20,N20) -> 38 | P20: =SUM(C20:N20) -> 88 | R20: 1700-1800 | S20: =SUM(C50:C53) -> 114 | T20: =SUM(D50:D53) -> 36 | U20: =SUM(E50:E53) -> 16 | V20: =SUM(F50:F53) -> 10 | W20: =SUM(G50:G53) -> 0 | X20: =SUM(H50:H53) -> 0 | Y20: =SUM(I50:I53) -> 6 | Z20: =SUM(J50:J53) -> 0 | ... AF20: =SUM(P50:P53) -> 357
B21: 09.45 - 10.00 | C21: 21 | D21: 8 | E21: 5 | F21: 1 | G21: 0 | H21: 0 | I21: 4 | J21: 0 | K21: 0 | L21: 0 | M21: 52 | N21: 0 | O21: =SUM(C21:L21,N21) -> 39 | P21: =SUM(C21:N21) -> 91 | R21: 1800-1900 | S21: =SUM(C54:C57) -> 94 | T21: =SUM(D54:D57) -> 44 | U21: =SUM(E54:E57) -> 18 | V21: =SUM(F54:F57) -> 5 | W21: =SUM(G54:G57) -> 0 | X21: =SUM(H54:H57) -> 0 | Y21: =SUM(I54:I57) -> 7 | Z21: =SUM(J54:J57) -> 2 | ... AF21: =SUM(P54:P57) -> 341
B22: 10.00 - 10.15 | C22: 40 | D22: 15 | E22: 2 | F22: 3 | G22: 0 | H22: 0 | I22: 2 | J22: 0 | K22: 0 | L22: 0 | M22: 65 | N22: 0 | O22: =SUM(C22:L22,N22) -> 62 | P22: =SUM(C22:N22) -> 127 | R22: AM Peak Hr | S22: =MAX(S10:S12) -> 97 | T22: =MAX(T10:T12) -> 28 | U22: =MAX(U10:U12) -> 12 | V22: =MAX(V10:V12) -> 5 | W22: =MAX(W10:W12) -> 0 | X22: =MAX(X10:X12) -> 1 | Y22: =MAX(Y10:Y12) -> 13 | Z22: =MAX(Z10:Z12) -> 1 | ... AF22: =MAX(AF10:AF12) -> 340
B23: 10.15 - 10.30 | C23: 11 | D23: 6 | E23: 3 | F23: 2 | G23: 0 | H23: 0 | I23: 9 | J23: 1 | K23: 0 | L23: 0 | M23: 62 | N23: 0 | O23: =SUM(C23:L23,N23) -> 32 | P23: =SUM(C23:N23) -> 94 | R23: IP Peak Hr | S23: =MAX(S13:S18) -> 117 | T23: =MAX(T13:T18) -> 33 | U23: =MAX(U13:U18) -> 20 | V23: =MAX(V13:V18) -> 15 | W23: =MAX(W13:W18) -> 1 | X23: =MAX(X13:X18) -> 0 | Y23: =MAX(Y13:Y18) -> 17 | Z23: =MAX(Z13:Z18) -> 3 | ... AF23: =MAX(AF13:AF18) -> 365
B24: 10.30 - 10.45 | C24: 19 | D24: 10 | E24: 5 | F24: 2 | G24: 0 | H24: 0 | I24: 2 | J24: 0 | K24: 0 | L24: 0 | M24: 40 | N24: 0 | O24: =SUM(C24:L24,N24) -> 38 | P24: =SUM(C24:N24) -> 78 | R24: PM Peak Hr | S24: =MAX(S19:S21) -> 116 | T24: =MAX(T19:T21) -> 45 | U24: =MAX(U19:U21) -> 18 | V24: =MAX(V19:V21) -> 10 | W24: =MAX(W19:W21) -> 1 | X24: =MAX(X19:X21) -> 0 | Y24: =MAX(Y19:Y21) -> 10 | Z24: =MAX(Z19:Z21) -> 2 | ... AF24: =MAX(AF19:AF21) -> 369
B25: 10.45 - 11.00 | C25: 25 | D25: 2 | E25: 1 | F25: 1 | G25: 0 | H25: 0 | I25: 4 | J25: 2 | K25: 0 | L25: 0 | M25: 31 | N25: 0 | O25: =SUM(C25:L25,N25) -> 35 | P25: =SUM(C25:N25) -> 66 | R25: AM Period | S25: =SUM(S10:S12) -> 202 | T25: =SUM(T10:T12) -> 68 | U25: =SUM(U10:U12) -> 30 | V25: =SUM(V10:V12) -> 15 | W25: =SUM(W10:W12) -> 0 | X25: =SUM(X10:X12) -> 1 | Y25: =SUM(Y10:Y12) -> 34 | Z25: =SUM(Z10:Z12) -> 2 | ... AF25: =SUM(AF10:AF12) -> 840
B26: 11.00 - 11.15 | C26: 25 | D26: 10 | E26: 3 | F26: 3 | G26: 0 | H26: 0 | I26: 6 | J26: 0 | K26: 0 | L26: 0 | M26: 60 | N26: 0 | O26: =SUM(C26:L26,N26) -> 47 | P26: =SUM(C26:N26) -> 107 | R26: IP Period | S26: =SUM(S13:S18) -> 580 | T26: =SUM(T13:T18) -> 164 | U26: =SUM(U13:U18) -> 67 | V26: =SUM(V13:V18) -> 58 | W26: =SUM(W13:W18) -> 1 | X26: =SUM(X13:X18) -> 0 | Y26: =SUM(Y13:Y18) -> 72 | Z26: =SUM(Z13:Z18) -> 6 | ... AF26: =SUM(AF13:AF18) -> 1897
B27: 11.15 - 11.30 | C27: 23 | D27: 1 | E27: 1 | F27: 0 | G27: 0 | H27: 0 | I27: 3 | J27: 0 | K27: 0 | L27: 0 | M27: 45 | N27: 0 | O27: =SUM(C27:L27,N27) -> 28 | P27: =SUM(C27:N27) -> 73 | R27: PM Period | S27: =SUM(S19:S21) -> 324 | T27: =SUM(T19:T21) -> 125 | U27: =SUM(U19:U21) -> 44 | V27: =SUM(V19:V21) -> 25 | W27: =SUM(W19:W21) -> 1 | X27: =SUM(X19:X21) -> 0 | Y27: =SUM(Y19:Y21) -> 23 | Z27: =SUM(Z19:Z21) -> 4 | ... AF27: =SUM(AF19:AF21) -> 1067
B28: 11.30 - 11.45 | C28: 30 | D28: 1 | E28: 2 | F28: 1 | G28: 0 | H28: 0 | I28: 4 | J28: 0 | K28: 1 | L28: 0 | M28: 43 | N28: 0 | O28: =SUM(C28:L28,N28) -> 39 | P28: =SUM(C28:N28) -> 82 | R28: 12 Hours | S28: =SUM(S10:S21) -> 1106 | T28: =SUM(T10:T21) -> 357 | U28: =SUM(U10:U21) -> 141 | V28: =SUM(V10:V21) -> 98 | W28: =SUM(W10:W21) -> 2 | X28: =SUM(X10:X21) -> 1 | Y28: =SUM(Y10:Y21) -> 129 | Z28: =SUM(Z10:Z21) -> 12 | ... AF28: =SUM(AF10:AF21) -> 3804
B29: 11.45 - 12.00 | C29: 27 | D29: 7 | E29: 1 | F29: 3 | G29: 0 | H29: 0 | I29: 0 | J29: 1 | K29: 1 | L29: 0 | M29: 30 | N29: 0 | O29: =SUM(C29:L29,N29) -> 40 | P29: =SUM(C29:N29) -> 70
B30: 12.00 - 12.15 | C30: 28 | D30: 11 | E30: 3 | F30: 2 | G30: 0 | H30: 0 | I30: 3 | J30: 0 | K30: 1 | L30: 0 | M30: 50 | N30: 0 | O30: =SUM(C30:L30,N30) -> 48 | P30: =SUM(C30:N30) -> 98
B31: 12.15 - 12.30 | C31: 16 | D31: 7 | E31: 2 | F31: 1 | G31: 0 | H31: 0 | I31: 3 | J31: 1 | K31: 1 | L31: 0 | M31: 42 | N31: 0 | O31: =SUM(C31:L31,N31) -> 31 | P31: =SUM(C31:N31) -> 73
B32: 12.30 - 12.45 | C32: 27 | D32: 8 | E32: 7 | F32: 2 | G32: 0 | H32: 0 | I32: 6 | J32: 1 | K32: 0 | L32: 0 | M32: 45 | N32: 0 | O32: =SUM(C32:L32,N32) -> 51 | P32: =SUM(C32:N32) -> 96
B33: 12.45 - 13.00 | C33: 20 | D33: 3 | E33: 0 | F33: 0 | G33: 0 | H33: 0 | I33: 4 | J33: 0 | K33: 0 | L33: 0 | M33: 21 | N33: 0 | O33: =SUM(C33:L33,N33) -> 27 | P33: =SUM(C33:N33) -> 48
B34: 13.00 - 13.15 | C34: 33 | D34: 15 | E34: 0 | F34: 3 | G34: 0 | H34: 0 | I34: 6 | J34: 0 | K34: 0 | L34: 0 | M34: 33 | N34: 0 | O34: =SUM(C34:L34,N34) -> 57 | P34: =SUM(C34:N34) -> 90
B35: 13.15 - 13.30 | C35: 25 | D35: 7 | E35: 1 | F35: 2 | G35: 0 | H35: 0 | I35: 1 | J35: 0 | K35: 0 | L35: 0 | M35: 36 | N35: 0 | O35: =SUM(C35:L35,N35) -> 36 | P35: =SUM(C35:N35) -> 72
B36: 13.30 - 13.45 | C36: 22 | D36: 3 | E36: 5 | F36: 3 | G36: 1 | H36: 0 | I36: 8 | J36: 0 | K36: 1 | L36: 0 | M36: 27 | N36: 0 | O36: =SUM(C36:L36,N36) -> 43 | P36: =SUM(C36:N36) -> 70
B37: 13.45 - 14.00 | C37: 8 | D37: 4 | E37: 2 | F37: 2 | G37: 0 | H37: 0 | I37: 2 | J37: 0 | K37: 0 | L37: 0 | M37: 22 | N37: 0 | O37: =SUM(C37:L37,N37) -> 18 | P37: =SUM(C37:N37) -> 40
B38: 14.00 - 14.15 | C38: 22 | D38: 5 | E38: 2 | F38: 3 | G38: 0 | H38: 0 | I38: 3 | J38: 0 | K38: 0 | L38: 0 | M38: 35 | N38: 0 | O38: =SUM(C38:L38,N38) -> 35 | P38: =SUM(C38:N38) -> 70
B39: 14.15 - 14.30 | C39: 26 | D39: 8 | E39: 3 | F39: 4 | G39: 0 | H39: 0 | I39: 0 | J39: 0 | K39: 0 | L39: 0 | M39: 20 | N39: 0 | O39: =SUM(C39:L39,N39) -> 41 | P39: =SUM(C39:N39) -> 61
B40: 14.30 - 14.45 | C40: 29 | D40: 5 | E40: 1 | F40: 5 | G40: 0 | H40: 0 | I40: 0 | J40: 0 | K40: 0 | L40: 0 | M40: 30 | N40: 0 | O40: =SUM(C40:L40,N40) -> 40 | P40: =SUM(C40:N40) -> 70
... B57: 18.45 - 19.00 | C57: 30 | D57: 10 | E57: 5 | F57: 1 | G57: 0 | H57: 0 | I57: 1 | J57: 0 | K57: 0 | L57: 0 | M57: 50 | N57: 0 | O57: =SUM(C57:L57,N57) -> 47 | P57: =SUM(C57:N57) -> 97
B58: Totals | C58: =SUM(C10:C57) -> 1106 | D58: =SUM(D10:D57) -> 357 | E58: =SUM(E10:E57) -> 141 | F58: =SUM(F10:F57) -> 98 | G58: =SUM(G10:G57) -> 2 | H58: =SUM(H10:H57) -> 1 | I58: =SUM(I10:I57) -> 129 | J58: =SUM(J10:J57) -> 12 | ... P58: =SUM(P10:P57) -> 3804
B59: %ges + MCs | C59: =C58/$P$58 -> 0.29074658 | D59: =D58/$P$58 -> 0.09384858 | E59: =E58/$P$58 -> 0.037066246 | F59: =F58/$P$58 -> 0.025762355 | G59: =G58/$P$58 -> 0.00052576236 | H59: =H58/$P$58 -> 0.00026288118 | I59: =I58/$P$58 -> 0.033911672 | J59: =J58/$P$58 -> 0.0031545741 | ... N59: =N58/$P$58 -> 0
B60: %ges w/o MCs | C60: =C58/$O$58 -> 0.59558428 | D60: =D58/$O$58 -> 0.19224556 | E60: =E58/$O$58 -> 0.075928918 | F60: =F58/$O$58 -> 0.05277329 | G60: =G58/$O$58 -> 0.0010770059 | H60: =H58/$O$58 -> 0.00053850296 | I60: =I58/$O$58 -> 0.069466882 | J60: =J58/$O$58 -> 0.0064620355 | ... L60: =L58/$O$58 -> 0 | N60: =N58/$O$58 -> 0

Sheet 04.08 Bukoto-Kyebando
B1: Consultancy services for Preparation of Expressway Development Master Plan (EDMP) for Uganda
B2: MANUAL CLASSIFIED COUNT (MCC)
B3: ROAD NAME: | C3: ='29.07 Bukoto-Kyebando'!C3:G3 -> MCC - C1 - STN30 - KYEBANDO - KISALOSALO ROAD
C5: Date | D5: ='04.08 Kyebando-Bukoto'!D5 -> 04.08.19 | F5: Location | G5: ='04.08 Kyebando-Bukoto'!G5:H5 -> Kyebando Round | J5: Surveyor | K5: ='04.08 Kyebando-Bukoto'!K5:L5 -> AHISIBWE SARAH
C6: Dir. From | D6: ='29.07 Bukoto-Kyebando'!D6:E6 -> Bukoto | F6: Dir. To | G6: ='29.07 Bukoto-Kyebando'!G6:H6 -> Kyebando | J6: Supervisor | K6: ='04.08 Kyebando-Bukoto'!K6:L6 -> STEVEN
B8: Time / Veh Type | R8: SUMMARY TRAFFIC VOLUMES
