Workbook

Sheet 29.07 JinjaRoad-Kira Road
B1: Consultancy services for Preparation of Expressway Development Master Plan (EDMP) for Uganda
B2: MANUAL CLASSIFIED COUNT (MCC)
B3: ROAD NAME: | C3: MCC - C1 - STN47 - LUGOGO BYPASS ROAD
C5: Date | D5: 29.07.19 | F5: Location | G5: DHL (47) | J5: Surveyor | K5: Nalubega Resty
C6: Dir. From | D6: Jinja Road | F6: Dir. To | G6: Kira Road | J6: Supervisor | K6: Felix
B8: Time / Veh Type | R8: SUMMARY TRAFFIC VOLUMES
C9: 1. Car | D9: 2. Station Wagon | E9: 3. Pickups | F9: 4. Minibus, matatu | G9: 5. Medium bus | H9: 6. Large Bus | I9: 7. Light Truck | J9: 8. Medium Truck | K9: 9. Heavy truck | L9: 10. Truck Trailer | M9: 11. Motor cycles | N9: 12. Tractors | O9: Total Excl M/Cycles | P9: Total All | R9: Time | S9: 1. Car | T9: 2. Station Wagon | U9: 3. Pickups | V9: 4. Minibus, matatu | W9: 5. Medium bus | X9: 6. Large Bus | Y9: 7. Light Truck | Z9: 8. Medium Truck | AA9: 9. Heavy truck | AB9: 10. Truck Trailer | AC9: 11. Motorcycles | AD9: 12. Tractors, Graders | AE9: Total Excl M/ Cycles | AF9: Total All
B10: 07.00 - 07.15 | C10: 120 | D10: 12 | E10: 5 | F10: 9 | G10: 1 | H10: 0 | I10: 2 | J10: 0 | K10: 1 | L10: 0 | M10: 175 | N10: 0 | O10: =SUM(C10:L10,N10) -> 150 | P10: =SUM(C10:N10) -> 325 | R10: 0700-0800 | S10: =SUM(C10:C13) -> 360 | T10: =SUM(D10:D13) -> 51 | U10: =SUM(E10:E13) -> 32 | V10: =SUM(F10:F13) -> 18 | W10: =SUM(G10:G13) -> 3 | X10: =SUM(H10:H13) -> 1 | Y10: =SUM(I10:I13) -> 14 | Z10: =SUM(J10:J13) -> 0 | ... AF10: =SUM(P10:P13) -> 1263
B11: 07.15 - 07.30 | C11: 85 | D11: 4 | E11: 15 | F11: 4 | G11: 0 | H11: 1 | I11: 5 | J11: 0 | K11: 0 | L11: 0 | M11: 180 | N11: 0 | O11: =SUM(C11:L11,N11) -> 114 | P11: =SUM(C11:N11) -> 294 | R11: 0800-0900 | S11: =SUM(C14:C17) -> 159 | T11: =SUM(D14:D17) -> 22 | U11: =SUM(E14:E17) -> 19 | V11: =SUM(F14:F17) -> 15 | W11: =SUM(G14:G17) -> 1 | X11: =SUM(H14:H17) -> 2 | Y11: =SUM(I14:I17) -> 15 | Z11: =SUM(J14:J17) -> 0 | ... AF11: =SUM(P14:P17) -> 555
B12: 07.30 - 07.45 | C12: 75 | D12: 20 | E12: 8 | F12: 3 | G12: 0 | H12: 0 | I12: 7 | J12: 0 | K12: 0 | L12: 2 | M12: 225 | N12: 0 | O12: =SUM(C12:L12,N12) -> 115 | P12: =SUM(C12:N12) -> 340 | R12: 0900-1000 | S12: =SUM(C18:C21) -> 425 | T12: =SUM(D18:D21) -> 97 | U12: =SUM(E18:E21) -> 36 | V12: =SUM(F18:F21) -> 14 | W12: =SUM(G18:G21) -> 2 | X12: =SUM(H18:H21) -> 0 | Y12: =SUM(I18:I21) -> 22 | Z12: =SUM(J18:J21) -> 3 | ... AF12: =SUM(P18:P21) -> 1268
B13: 07.45 - 08.00 | C13: 80 | D13: 15 | E13: 4 | F13: 2 | G13: 2 | H13: 0 | I13: 0 | J13: 0 | K13: 0 | L13: 1 | M13: 200 | N13: 0 | O13: =SUM(C13:L13,N13) -> 104 | P13: =SUM(C13:N13) -> 304 | R13: 1000-1100 | S13: =SUM(C22:C25) -> 585 | T13: =SUM(D22:D25) -> 146 | U13: =SUM(E22:E25) -> 50 | V13: =SUM(F22:F25) -> 24 | W13: =SUM(G22:G25) -> 1 | X13: =SUM(H22:H25) -> 0 | Y13: =SUM(I22:I25) -> 17 | Z13: =SUM(J22:J25) -> 8 | ... AF13: =SUM(P22:P25) -> 1907
B14: 08.00 - 08.15 | C14: 55 | D14: 6 | E14: 4 | F14: 4 | G14: 0 | H14: 0 | I14: 7 | J14: 0 | K14: 0 | L14: 0 | M14: 94 | N14: 0 | O14: =SUM(C14:L14,N14) -> 76 | P14: =SUM(C14:N14) -> 170 | R14: 1100-1200 | S14: =SUM(C26:C29) -> 470 | T14: =SUM(D26:D29) -> 79 | U14: =SUM(E26:E29) -> 26 | V14: =SUM(F26:F29) -> 19 | W14: =SUM(G26:G29) -> 0 | X14: =SUM(H26:H29) -> 0 | Y14: =SUM(I26:I29) -> 16 | Z14: =SUM(J26:J29) -> 0 | ... AF14: =SUM(P26:P29) -> 1447
B15: 08.15 - 08.30 | C15: 42 | D15: 4 | E15: 10 | F15: 4 | G15: 0 | H15: 2 | I15: 3 | J15: 0 | K15: 0 | L15: 1 | M15: 85 | N15: 0 | O15: =SUM(C15:L15,N15) -> 66 | P15: =SUM(C15:N15) -> 151 | R15: 1200-1300 | S15: =SUM(C30:C33) -> 542 | T15: =SUM(D30:D33) -> 380 | U15: =SUM(E30:E33) -> 206 | V15: =SUM(F30:F33) -> 16 | W15: =SUM(G30:G33) -> 0 | X15: =SUM(H30:H33) -> 0 | Y15: =SUM(I30:I33) -> 13 | Z15: =SUM(J30:J33) -> 5 | ... AF15: =SUM(P30:P33) -> 1706
B16: 08.30 - 08.45 | C16: 35 | D16: 10 | E16: 3 | F16: 6 | G16: 1 | H16: 0 | I16: 1 | J16: 0 | K16: 0 | L16: 0 | M16: 75 | N16: 0 | O16: =SUM(C16:L16,N16) -> 56 | P16: =SUM(C16:N16) -> 131 | R16: 1300-1400 | S16: =SUM(C34:C37) -> 495 | T16: =SUM(D34:D37) -> 311 | U16: =SUM(E34:E37) -> 176 | V16: =SUM(F34:F37) -> 7 | W16: =SUM(G34:G37) -> 2 | X16: =SUM(H34:H37) -> 0 | Y16: =SUM(I34:I37) -> 7 | Z16: =SUM(J34:J37) -> 8 | ... AF16: =SUM(P34:P37) -> 1391
B17: 08.45 - 9.00 | C17: 27 | D17: 2 | E17: 2 | F17: 1 | G17: 0 | H17: 0 | I17: 4 | J17: 0 | K17: 2 | L17: 1 | M17: 64 | N17: 0 | O17: =SUM(C17:L17,N17) -> 39 | P17: =SUM(C17:N17) -> 103 | R17: 1400-1500 | S17: =SUM(C38:C41) -> 477 | T17: =SUM(D38:D41) -> 307 | U17: =SUM(E38:E41) -> 119 | V17: =SUM(F38:F41) -> 16 | W17: =SUM(G38:G41) -> 1 | X17: =SUM(H38:H41) -> 0 | Y17: =SUM(I38:I41) -> 11 | Z17: =SUM(J38:J41) -> 3 | ... AF17: =SUM(P38:P41) -> 1542
B18: 09.00 - 09.15 | C18: 135 | D18: 39 | E18: 0 | F18: 0 | G18: 0 | H18: 0 | I18: 0 | J18: 0 | K18: 0 | L18: 0 | M18: 0 | N18: 0 | O18: =SUM(C18:L18,N18) -> 174 | P18: =SUM(C18:N18) -> 174 | R18: 1500-1600 | S18: =SUM(C42:C45) -> 438 | T18: =SUM(D42:D45) -> 232 | U18: =SUM(E42:E45) -> 74 | V18: =SUM(F42:F45) -> 9 | W18: =SUM(G42:G45) -> 1 | X18: =SUM(H42:H45) -> 0 | Y18: =SUM(I42:I45) -> 6 | Z18: =SUM(J42:J45) -> 3 | ... AF18: =SUM(P42:P45) -> 1347
B19: 09.15 - 09.30 | C19: 55 | D19: 17 | E19: 5 | F19: 3 | G19: 2 | H19: 0 | I19: 2 | J19: 0 | K19: 1 | L19: 0 | M19: 190 | N19: 1 | O19: =SUM(C19:L19,N19) -> 86 | P19: =SUM(C19:N19) -> 276 | R19: 1600-1700 | S19: =SUM(C46:C49) -> 331 | T19: =SUM(D46:D49) -> 234 | U19: =SUM(E46:E49) -> 126 | V19: =SUM(F46:F49) -> 13 | W19: =SUM(G46:G49) -> 1 | X19: =SUM(H46:H49) -> 0 | Y19: =SUM(I46:I49) -> 8 | Z19: =SUM(J46:J49) -> 3 | ... AF19: =SUM(P46:P49) -> 1597
B20: 09.30 - 09.45 | C20: 100 | D20: 26 | E20: 23 | F20: 9 | G20: 0 | H20: 0 | I20: 8 | J20: 1 | K20: 0 | L20: 1 | M20: 235 | N20: 0 | O20: =SUM(C20:L20,N20) -> 168 | P20: =SUM(C20:N20) -> 403 | R20: 1700-1800 | S20: =SUM(C50:C53) -> 510 | T20: =SUM(D50:D53) -> 284 | U20: =SUM(E50:E53) -> 131 | V20: =SUM(F50:F53) -> 22 | W20: =SUM(G50:G53) -> 6 | X20: =SUM(H50:H53) -> 0 | Y20: =SUM(I50:I53) -> 9 | Z20: =SUM(J50:J53) -> 8 | ... AF20: =SUM(P50:P53) -> 1426
B21: 09.45 - 10.00 | C21: 135 | D21: 15 | E21: 8 | F21: 2 | G21: 0 | H21: 0 | I21: 12 | J21: 2 | K21: 1 | L21: 0 | M21: 240 | N21: 0 | O21: =SUM(C21:L21,N21) -> 175 | P21: =SUM(C21:N21) -> 415 | R21: 1800-1900 | S21: =SUM(C54:C57) -> 537 | T21: =SUM(D54:D57) -> 300 | U21: =SUM(E54:E57) -> 157 | V21: =SUM(F54:F57) -> 52 | W21: =SUM(G54:G57) -> 6 | X21: =SUM(H54:H57) -> 1 | Y21: =SUM(I54:I57) -> 14 | Z21: =SUM(J54:J57) -> 1 | ... AF21: =SUM(P54:P57) -> 1879
B22: 10.00 - 10.15 | C22: 135 | D22: 60 | E22: 20 | F22: 10 | G22: 0 | H22: 0 | I22: 5 | J22: 3 | K22: 0 | L22: 0 | M22: 275 | N22: 0 | O22: =SUM(C22:L22,N22) -> 233 | P22: =SUM(C22:N22) -> 508 | R22: AM Peak Hr | S22: =MAX(S10:S12) -> 425 | T22: =MAX(T10:T12) -> 97 | U22: =MAX(U10:U12) -> 36 | V22: =MAX(V10:V12) -> 18 | W22: =MAX(W10:W12) -> 3 | X22: =MAX(X10:X12) -> 2 | Y22: =MAX(Y10:Y12) -> 22 | Z22: =MAX(Z10:Z12) -> 3 | ... AF22: =MAX(AF10:AF12) -> 1268
B23: 10.15 - 10.30 | C23: 160 | D23: 25 | E23: 10 | F23: 5 | G23: 1 | H23: 0 | I23: 4 | J23: 1 | K23: 0 | L23: 0 | M23: 280 | N23: 0 | O23: =SUM(C23:L23,N23) -> 206 | P23: =SUM(C23:N23) -> 486 | R23: IP Peak Hr | S23: =MAX(S13:S18) -> 585 | T23: =MAX(T13:T18) -> 380 | U23: =MAX(U13:U18) -> 206 | V23: =MAX(V13:V18) -> 24 | W23: =MAX(W13:W18) -> 2 | X23: =MAX(X13:X18) -> 0 | Y23: =MAX(Y13:Y18) -> 17 | Z23: =MAX(Z13:Z18) -> 8 | ... AF23: =MAX(AF13:AF18) -> 1907
B24: 10.30 - 10.45 | C24: 160 | D24: 11 | E24: 4 | F24: 8 | G24: 0 | H24: 0 | I24: 2 | J24: 4 | K24: 1 | L24: 0 | M24: 290 | N24: 0 | O24: =SUM(C24:L24,N24) -> 190 | P24: =SUM(C24:N24) -> 480 | R24: PM Peak Hr | S24: =MAX(S19:S21) -> 537 | T24: =MAX(T19:T21) -> 300 | U24: =MAX(U19:U21) -> 157 | V24: =MAX(V19:V21) -> 52 | W24: =MAX(W19:W21) -> 6 | X24: =MAX(X19:X21) -> 1 | Y24: =MAX(Y19:Y21) -> 14 | Z24: =MAX(Z19:Z21) -> 8 | ... AF24: =MAX(AF19:AF21) -> 1879
B25: 10.45 - 11.00 | C25: 130 | D25: 50 | E25: 16 | F25: 1 | G25: 0 | H25: 0 | I25: 6 | J25: 0 | K25: 0 | L25: 0 | M25: 230 | N25: 0 | O25: =SUM(C25:L25,N25) -> 203 | P25: =SUM(C25:N25) -> 433 | R25: AM Period | S25: =SUM(S10:S12) -> 944 | T25: =SUM(T10:T12) -> 170 | U25: =SUM(U10:U12) -> 87 | V25: =SUM(V10:V12) -> 47 | W25: =SUM(W10:W12) -> 6 | X25: =SUM(X10:X12) -> 3 | Y25: =SUM(Y10:Y12) -> 51 | Z25: =SUM(Z10:Z12) -> 3 | ... AF25: =SUM(AF10:AF12) -> 3086
B26: 11.00 - 11.15 | C26: 120 | D26: 19 | E26: 5 | F26: 1 | G26: 0 | H26: 0 | I26: 6 | J26: 0 | K26: 2 | L26: 0 | M26: 215 | N26: 0 | O26: =SUM(C26:L26,N26) -> 153 | P26: =SUM(C26:N26) -> 368 | R26: IP Period | S26: =SUM(S13:S18) -> 3007 | T26: =SUM(T13:T18) -> 1455 | U26: =SUM(U13:U18) -> 651 | V26: =SUM(V13:V18) -> 91 | W26: =SUM(W13:W18) -> 5 | X26: =SUM(X13:X18) -> 0 | Y26: =SUM(Y13:Y18) -> 70 | Z26: =SUM(Z13:Z18) -> 27 | ... AF26: =SUM(AF13:AF18) -> 9340
B27: 11.15 - 11.30 | C27: 140 | D27: 19 | E27: 8 | F27: 7 | G27: 0 | H27: 0 | I27: 5 | J27: 0 | K27: 0 | L27: 0 | M27: 275 | N27: 0 | O27: =SUM(C27:L27,N27) -> 179 | P27: =SUM(C27:N27) -> 454 | R27: PM Period | S27: =SUM(S19:S21) -> 1378 | T27: =SUM(T19:T21) -> 818 | U27: =SUM(U19:U21) -> 414 | V27: =SUM(V19:V21) -> 87 | W27: =SUM(W19:W21) -> 13 | X27: =SUM(X19:X21) -> 1 | Y27: =SUM(Y19:Y21) -> 31 | Z27: =SUM(Z19:Z21) -> 12 | ... AF27: =SUM(AF19:AF21) -> 4902
B28: 11.30 - 11.45 | C28: 100 | D28: 23 | E28: 5 | F28: 4 | G28: 0 | H28: 0 | I28: 2 | J28: 0 | K28: 5 | L28: 0 | M28: 175 | N28: 0 | O28: =SUM(C28:L28,N28) -> 139 | P28: =SUM(C28:N28) -> 314 | R28: 12 Hours | S28: =SUM(S10:S21) -> 5329 | T28: =SUM(T10:T21) -> 2443 | U28: =SUM(U10:U21) -> 1152 | V28: =SUM(V10:V21) -> 225 | W28: =SUM(W10:W21) -> 24 | X28: =SUM(X10:X21) -> 4 | Y28: =SUM(Y10:Y21) -> 152 | Z28: =SUM(Z10:Z21) -> 42 | ... AF28: =SUM(AF10:AF21) -> 17328
B29: 11.45 - 12.00 | C29: 110 | D29: 18 | E29: 8 | F29: 7 | G29: 0 | H29: 0 | I29: 3 | J29: 0 | K29: 0 | L29: 0 | M29: 165 | N29: 0 | O29: =SUM(C29:L29,N29) -> 146 | P29: =SUM(C29:N29) -> 311
B30: 12.00 - 12.15 | C30: 140 | D30: 100 | E30: 51 | F30: 6 | G30: 0 | H30: 0 | I30: 5 | J30: 3 | K30: 0 | L30: 0 | M30: 170 | N30: 0 | O30: =SUM(C30:L30,N30) -> 305 | P30: =SUM(C30:N30) -> 475
B31: 12.15 - 12.30 | C31: 130 | D31: 85 | E31: 46 | F31: 2 | G31: 0 | H31: 0 | I31: 3 | J31: 1 | K31: 1 | L31: 0 | M31: 75 | N31: 0 | O31: =SUM(C31:L31,N31) -> 268 | P31: =SUM(C31:N31) -> 343
B32: 12.30 - 12.45 | C32: 135 | D32: 95 | E32: 60 | F32: 3 | G32: 0 | H32: 0 | I32: 2 | J32: 0 | K32: 1 | L32: 0 | M32: 172 | N32: 0 | O32: =SUM(C32:L32,N32) -> 296 | P32: =SUM(C32:N32) -> 468
B33: 12.45 - 13.00 | C33: 137 | D33: 100 | E33: 49 | F33: 5 | G33: 0 | H33: 0 | I33: 3 | J33: 1 | K33: 0 | L33: 0 | M33: 125 | N33: 0 | O33: =SUM(C33:L33,N33) -> 295 | P33: =SUM(C33:N33) -> 420
B34: 13.00 - 13.15 | C34: 140 | D34: 79 | E34: 51 | F34: 3 | G34: 1 | H34: 0 | I34: 1 | J34: 3 | K34: 0 | L34: 0 | M34: 85 | N34: 0 | O34: =SUM(C34:L34,N34) -> 278 | P34: =SUM(C34:N34) -> 363
B35: 13.15 - 13.30 | C35: 105 | D35: 83 | E35: 65 | F35: 2 | G35: 0 | H35: 0 | I35: 1 | J35: 0 | K35: 0 | L35: 0 | M35: 98 | N35: 0 | O35: =SUM(C35:L35,N35) -> 256 | P35: =SUM(C35:N35) -> 354
B36: 13.30 - 13.45 | C36: 135 | D36: 95 | E36: 35 | F36: 2 | G36: 0 | H36: 0 | I36: 2 | J36: 2 | K36: 1 | L36: 1 | M36: 100 | N36: 0 | O36: =SUM(C36:L36,N36) -> 273 | P36: =SUM(C36:N36) -> 373
B37: 13.45 - 14.00 | C37: 115 | D37: 54 | E37: 25 | F37: 0 | G37: 1 | H37: 0 | I37: 3 | J37: 3 | K37: 0 | L37: 0 | M37: 100 | N37: 0 | O37: =SUM(C37:L37,N37) -> 201 | P37: =SUM(C37:N37) -> 301
B38: 14.00 - 14.15 | C38: 115 | D38: 80 | E38: 45 | F38: 5 | G38: 1 | H38: 0 | I38: 4 | J38: 1 | K38: 1 | L38: 0 | M38: 137 | N38: 0 | O38: =SUM(C38:L38,N38) -> 252 | P38: =SUM(C38:N38) -> 389
B39: 14.15 - 14.30 | C39: 140 | D39: 92 | E39: 42 | F39: 3 | G39: 0 | H39: 0 | I39: 3 | J39: 0 | K39: 0 | L39: 0 | M39: 145 | N39: 0 | O39: =SUM(C39:L39,N39) -> 280 | P39: =SUM(C39:N39) -> 425
B40: 14.30 - 14.45 | C40: 135 | D40: 80 | E40: 13 | F40: 6 | G40: 0 | H40: 0 | I40: 3 | J40: 0 | K40: 1 | L40: 0 | M40: 160 | N40: 0 | O40: =SUM(C40:L40,N40) -> 238 | P40: =SUM(C40:N40) -> 398
... B57: 18.45 - 19.00 | C57: 153 | D57: 88 | E57: 69 | F57: 22 | G57: 1 | H57: 1 | I57: 3 | J57: 0 | K57: 1 | L57: 0 | M57: 110 | N57: 0 | O57: =SUM(C57:L57,N57) -> 338 | P57: =SUM(C57:N57) -> 448
B58: Totals | C58: =SUM(C10:C57) -> 5329 | D58: =SUM(D10:D57) -> 2443 | E58: =SUM(E10:E57) -> 1152 | F58: =SUM(F10:F57) -> 225 | G58: =SUM(G10:G57) -> 24 | H58: =SUM(H10:H57) -> 4 | I58: =SUM(I10:I57) -> 152 | J58: =SUM(J10:J57) -> 42 | ... P58: =SUM(P10:P57) -> 17328
B59: %ges + MCs | C59: =C58/$P$58 -> 0.30753693 | D59: =D58/$P$58 -> 0.14098569 | E59: =E58/$P$58 -> 0.066481994 | F59: =F58/$P$58 -> 0.012984765 | G59: =G58/$P$58 -> 0.0013850416 | H59: =H58/$P$58 -> 0.00023084026 | I59: =I58/$P$58 -> 0.0087719298 | J59: =J58/$P$58 -> 0.0024238227 | ... N59: =N58/$P$58 -> 5.7710065e-05
B60: %ges w/o MCs | C60: =C58/$O$58 -> 0.56637262 | D60: =D58/$O$58 -> 0.25964502 | E60: =E58/$O$58 -> 0.12243597 | F60: =F58/$O$58 -> 0.023913275 | G60: =G58/$O$58 -> 0.0025507493 | H60: =H58/$O$58 -> 0.00042512488 | I60: =I58/$O$58 -> 0.016154745 | J60: =J58/$O$58 -> 0.0044638112 | ... L60: =L58/$O$58 -> 0.0012753746 | N60: =N58/$O$58 -> 0.00010628122

Sheet 29.07 Kira Road-Jinaj Road
B1: Consultancy services for Preparation of Expressway Development Master Plan (EDMP) for Uganda
B2: MANUAL CLASSIFIED COUNT (MCC)
B3: ROAD NAME: | C3: ='29.07 JinjaRoad-Kira Road'!C3:G3 -> MCC - C1 - STN47 - LUGOGO BYPASS ROAD
C5: Date | D5: ='29.07 JinjaRoad-Kira Road'!D5 -> 29.07.19 | F5: Location | G5: ='29.07 JinjaRoad-Kira Road'!G5:H5 -> DHL (47) | J5: Surveyor | K5: Ssemuko Samuel junior
C6: Dir. From | D6: Kira Road | F6: Dir. To | G6: Jinja Road | J6: Supervisor | K6: ='29.07 JinjaRoad-Kira Road'!K6:L6 -> Felix
B8: Time / Veh Type | R8: SUMMARY TRAFFIC VOLUMES
C9: 1. Car | D9: 2. Station Wagon | E9: 3. Pickups | F9: 4. Minibus, matatu | G9: 5. Medium bus | H9: 6. Large Bus | I9: 7. Light Truck | J9: 8. Medium Truck | K9: 9. Heavy truck | L9: 10. Truck Trailer | M9: 11. Motor cycles | N9: 12. Tractors | O9: Total Excl M/Cycles | P9: Total All | R9: Time | S9: 1. Car | T9: 2. Station Wagon | U9: 3. Pickups | V9: 4. Minibus, matatu | W9: 5. Medium bus | X9: 6. Large Bus | Y9: 7. Light Truck | Z9: 8. Medium Truck | AA9: 9. Heavy truck | AB9: 10. Truck Trailer | AC9: 11. Motorcycles | AD9: 12. Tractors, Graders | AE9: Total Excl M/ Cycles | AF9: Total All
B10: 07.00 - 07.15 | C10: 0 | D10: 0 | E10: 0 | F10: 0 | G10: 0 | H10: 0 | I10: 0 | J10: 0 | K10: 0 | L10: 0 | M10: 0 | N10: 0 | O10: =SUM(C10:L10,N10) -> 0 | P10: =SUM(C10:N10) -> 0 | R10: 0700-0800 | S10: =SUM(C10:C13) -> 0 | T10: =SUM(D10:D13) -> 0 | U10: =SUM(E10:E13) -> 0 | V10: =SUM(F10:F13) -> 0 | W10: =SUM(G10:G13) -> 0 | X10: =SUM(H10:H13) -> 0 | Y10: =SUM(I10:I13) -> 0 | Z10: =SUM(J10:J13) -> 0 | ... AF10: =SUM(P10:P13) -> 0
B11: 07.15 - 07.30 | C11: 0 | D11: 0 | E11: 0 | F11: 0 | G11: 0 | H11: 0 | I11: 0 | J11: 0 | K11: 0 | L11: 0 | M11: 0 | N11: 0 | O11: =SUM(C11:L11,N11) -> 0 | P11: =SUM(C11:N11) -> 0 | R11: 0800-0900 | S11: =SUM(C14:C17) -> 0 | T11: =SUM(D14:D17) -> 0 | U11: =SUM(E14:E17) -> 0 | V11: =SUM(F14:F17) -> 0 | W11: =SUM(G14:G17) -> 0 | X11: =SUM(H14:H17) -> 0 | Y11: =SUM(I14:I17) -> 0 | Z11: =SUM(J14:J17) -> 0 | ... AF11: =SUM(P14:P17) -> 0
B12: 07.30 - 07.45 | C12: 0 | D12: 0 | E12: 0 | F12: 0 | G12: 0 | H12: 0 | I12: 0 | J12: 0 | K12: 0 | L12: 0 | M12: 0 | N12: 0 | O12: =SUM(C12:L12,N12) -> 0 | P12: =SUM(C12:N12) -> 0 | R12: 0900-1000 | S12: =SUM(C18:C21) -> 296 | T12: =SUM(D18:D21) -> 76 | U12: =SUM(E18:E21) -> 51 | V12: =SUM(F18:F21) -> 1 | W12: =SUM(G18:G21) -> 0 | X12: =SUM(H18:H21) -> 1 | Y12: =SUM(I18:I21) -> 10 | Z12: =SUM(J18:J21) -> 4 | ... AF12: =SUM(P18:P21) -> 748
B13: 07.45 - 08.00 | C13: 0 | D13: 0 | E13: 0 | F13: 0 | G13: 0 | H13: 0 | I13: 0 | J13: 0 | K13: 0 | L13: 0 | M13: 0 | N13: 0 | O13: =SUM(C13:L13,N13) -> 0 | P13: =SUM(C13:N13) -> 0 | R13: 1000-1100 | S13: =SUM(C22:C25) -> 362 | T13: =SUM(D22:D25) -> 57 | U13: =SUM(E22:E25) -> 40 | V13: =SUM(F22:F25) -> 5 | W13: =SUM(G22:G25) -> 1 | X13: =SUM(H22:H25) -> 0 | Y13: =SUM(I22:I25) -> 11 | Z13: =SUM(J22:J25) -> 7 | ... AF13: =SUM(P22:P25) -> 971
B14: 08.00 - 08.15 | C14: 0 | D14: 0 | E14: 0 | F14: 0 | G14: 0 | H14: 0 | I14: 0 | J14: 0 | K14: 0 | L14: 0 | M14: 0 | N14: 0 | O14: =SUM(C14:L14,N14) -> 0 | P14: =SUM(C14:N14) -> 0 | R14: 1100-1200 | S14: =SUM(C26:C29) -> 249 | T14: =SUM(D26:D29) -> 46 | U14: =SUM(E26:E29) -> 18 | V14: =SUM(F26:F29) -> 3 | W14: =SUM(G26:G29) -> 1 | X14: =SUM(H26:H29) -> 7 | Y14: =SUM(I26:I29) -> 18 | Z14: =SUM(J26:J29) -> 2 | ... AF14: =SUM(P26:P29) -> 782
B15: 08.15 - 08.30 | C15: 0 | D15: 0 | E15: 0 | F15: 0 | G15: 0 | H15: 0 | I15: 0 | J15: 0 | K15: 0 | L15: 0 | M15: 0 | N15: 0 | O15: =SUM(C15:L15,N15) -> 0 | P15: =SUM(C15:N15) -> 0 | R15: 1200-1300 | S15: =SUM(C30:C33) -> 243 | T15: =SUM(D30:D33) -> 103 | U15: =SUM(E30:E33) -> 36 | V15: =SUM(F30:F33) -> 12 | W15: =SUM(G30:G33) -> 1 | X15: =SUM(H30:H33) -> 0 | Y15: =SUM(I30:I33) -> 20 | Z15: =SUM(J30:J33) -> 7 | ... AF15: =SUM(P30:P33) -> 1238
B16: 08.30 - 08.45 | C16: 0 | D16: 0 | E16: 0 | F16: 0 | G16: 0 | H16: 0 | I16: 0 | J16: 0 | K16: 0 | L16: 0 | M16: 0 | N16: 0 | O16: =SUM(C16:L16,N16) -> 0 | P16: =SUM(C16:N16) -> 0 | R16: 1300-1400 | S16: =SUM(C34:C37) -> 212 | T16: =SUM(D34:D37) -> 105 | U16: =SUM(E34:E37) -> 40 | V16: =SUM(F34:F37) -> 6 | W16: =SUM(G34:G37) -> 1 | X16: =SUM(H34:H37) -> 1 | Y16: =SUM(I34:I37) -> 20 | Z16: =SUM(J34:J37) -> 7 | ... AF16: =SUM(P34:P37) -> 1168
B17: 08.45 - 9.00 | C17: 0 | D17: 0 | E17: 0 | F17: 0 | G17: 0 | H17: 0 | I17: 0 | J17: 0 | K17: 0 | L17: 0 | M17: 0 | N17: 0 | O17: =SUM(C17:L17,N17) -> 0 | P17: =SUM(C17:N17) -> 0 | R17: 1400-1500 | S17: =SUM(C38:C41) -> 206 | T17: =SUM(D38:D41) -> 117 | U17: =SUM(E38:E41) -> 20 | V17: =SUM(F38:F41) -> 19 | W17: =SUM(G38:G41) -> 2 | X17: =SUM(H38:H41) -> 0 | Y17: =SUM(I38:I41) -> 25 | Z17: =SUM(J38:J41) -> 10 | ... AF17: =SUM(P38:P41) -> 1129
B18: 09.00 - 09.15 | C18: 0 | D18: 0 | E18: 0 | F18: 0 | G18: 0 | H18: 0 | I18: 0 | J18: 0 | K18: 0 | L18: 0 | M18: 2 | N18: 0 | O18: =SUM(C18:L18,N18) -> 0 | P18: =SUM(C18:N18) -> 2 | R18: 1500-1600 | S18: =SUM(C42:C45) -> 261 | T18: =SUM(D42:D45) -> 144 | U18: =SUM(E42:E45) -> 31 | V18: =SUM(F42:F45) -> 7 | W18: =SUM(G42:G45) -> 0 | X18: =SUM(H42:H45) -> 0 | Y18: =SUM(I42:I45) -> 33 | Z18: =SUM(J42:J45) -> 10 | ... AF18: =SUM(P42:P45) -> 1240
B19: 09.15 - 09.30 | C19: 135 | D19: 52 | E19: 23 | F19: 0 | G19: 0 | H19: 1 | I19: 4 | J19: 3 | K19: 1 | L19: 0 | M19: 112 | N19: 0 | O19: =SUM(C19:L19,N19) -> 219 | P19: =SUM(C19:N19) -> 331 | R19: 1600-1700 | S19: =SUM(C46:C49) -> 345 | T19: =SUM(D46:D49) -> 157 | U19: =SUM(E46:E49) -> 36 | V19: =SUM(F46:F49) -> 12 | W19: =SUM(G46:G49) -> 0 | X19: =SUM(H46:H49) -> 1 | Y19: =SUM(I46:I49) -> 23 | Z19: =SUM(J46:J49) -> 20 | ... AF19: =SUM(P46:P49) -> 1359
B20: 09.30 - 09.45 | C20: 60 | D20: 11 | E20: 12 | F20: 0 | G20: 0 | H20: 0 | I20: 2 | J20: 0 | K20: 0 | L20: 1 | M20: 82 | N20: 0 | O20: =SUM(C20:L20,N20) -> 86 | P20: =SUM(C20:N20) -> 168 | R20: 1700-1800 | S20: =SUM(C50:C53) -> 315 | T20: =SUM(D50:D53) -> 146 | U20: =SUM(E50:E53) -> 38 | V20: =SUM(F50:F53) -> 10 | W20: =SUM(G50:G53) -> 0 | X20: =SUM(H50:H53) -> 0 | Y20: =SUM(I50:I53) -> 20 | Z20: =SUM(J50:J53) -> 13 | ... AF20: =SUM(P50:P53) -> 1329
B21: 09.45 - 10.00 | C21: 101 | D21: 13 | E21: 16 | F21: 1 | G21: 0 | H21: 0 | I21: 4 | J21: 1 | K21: 1 | L21: 0 | M21: 110 | N21: 0 | O21: =SUM(C21:L21,N21) -> 137 | P21: =SUM(C21:N21) -> 247 | R21: 1800-1900 | S21: =SUM(C54:C57) -> 274 | T21: =SUM(D54:D57) -> 123 | U21: =SUM(E54:E57) -> 29 | V21: =SUM(F54:F57) -> 15 | W21: =SUM(G54:G57) -> 2 | X21: =SUM(H54:H57) -> 1 | Y21: =SUM(I54:I57) -> 20 | Z21: =SUM(J54:J57) -> 8 | ... AF21: =SUM(P54:P57) -> 1291
B22: 10.00 - 10.15 | C22: 125 | D22: 15 | E22: 22 | F22: 2 | G22: 0 | H22: 0 | I22: 2 | J22: 0 | K22: 0 | L22: 0 | M22: 110 | N22: 0 | O22: =SUM(C22:L22,N22) -> 166 | P22: =SUM(C22:N22) -> 276 | R22: AM Peak Hr | S22: =MAX(S10:S12) -> 296 | T22: =MAX(T10:T12) -> 76 | U22: =MAX(U10:U12) -> 51 | V22: =MAX(V10:V12) -> 1 | W22: =MAX(W10:W12) -> 0 | X22: =MAX(X10:X12) -> 1 | Y22: =MAX(Y10:Y12) -> 10 | Z22: =MAX(Z10:Z12) -> 4 | ... AF22: =MAX(AF10:AF12) -> 748
B23: 10.15 - 10.30 | C23: 81 | D23: 16 | E23: 6 | F23: 0 | G23: 0 | H23: 0 | I23: 3 | J23: 3 | K23: 2 | L23: 0 | M23: 130 | N23: 0 | O23: =SUM(C23:L23,N23) -> 111 | P23: =SUM(C23:N23) -> 241 | R23: IP Peak Hr | S23: =MAX(S13:S18) -> 362 | T23: =MAX(T13:T18) -> 144 | U23: =MAX(U13:U18) -> 40 | V23: =MAX(V13:V18) -> 19 | W23: =MAX(W13:W18) -> 2 | X23: =MAX(X13:X18) -> 7 | Y23: =MAX(Y13:Y18) -> 33 | Z23: =MAX(Z13:Z18) -> 10 | ... AF23: =MAX(AF13:AF18) -> 1240
B24: 10.30 - 10.45 | C24: 85 | D24: 15 | E24: 6 | F24: 2 | G24: 0 | H24: 0 | I24: 3 | J24: 3 | K24: 0 | L24: 0 | M24: 112 | N24: 0 | O24: =SUM(C24:L24,N24) -> 114 | P24: =SUM(C24:N24) -> 226 | R24: PM Peak Hr | S24: =MAX(S19:S21) -> 345 | T24: =MAX(T19:T21) -> 157 | U24: =MAX(U19:U21) -> 38 | V24: =MAX(V19:V21) -> 15 | W24: =MAX(W19:W21) -> 2 | X24: =MAX(X19:X21) -> 1 | Y24: =MAX(Y19:Y21) -> 23 | Z24: =MAX(Z19:Z21) -> 20 | ... AF24: =MAX(AF19:AF21) -> 1359
B25: 10.45 - 11.00 | C25: 71 | D25: 11 | E25: 6 | F25: 1 | G25: 1 | H25: 0 | I25: 3 | J25: 1 | K25: 1 | L25: 0 | M25: 133 | N25: 0 | O25: =SUM(C25:L25,N25) -> 95 | P25: =SUM(C25:N25) -> 228 | R25: AM Period | S25: =SUM(S10:S12) -> 296 | T25: =SUM(T10:T12) -> 76 | U25: =SUM(U10:U12) -> 51 | V25: =SUM(V10:V12) -> 1 | W25: =SUM(W10:W12) -> 0 | X25: =SUM(X10:X12) -> 1 | Y25: =SUM(Y10:Y12) -> 10 | Z25: =SUM(Z10:Z12) -> 4 | ... AF25: =SUM(AF10:AF12) -> 748
B26: 11.00 - 11.15 | C26: 81 | D26: 28 | E26: 4 | F26: 1 | G26: 1 | H26: 0 | I26: 7 | J26: 0 | K26: 0 | L26: 0 | M26: 89 | N26: 0 | O26: =SUM(C26:L26,N26) -> 122 | P26: =SUM(C26:N26) -> 211 | R26: IP Period | S26: =SUM(S13:S18) -> 1533 | T26: =SUM(T13:T18) -> 572 | U26: =SUM(U13:U18) -> 185 | V26: =SUM(V13:V18) -> 52 | W26: =SUM(W13:W18) -> 6 | X26: =SUM(X13:X18) -> 8 | Y26: =SUM(Y13:Y18) -> 127 | Z26: =SUM(Z13:Z18) -> 43 | ... AF26: =SUM(AF13:AF18) -> 6528
B27: 11.15 - 11.30 | C27: 97 | D27: 13 | E27: 9 | F27: 1 | G27: 0 | H27: 0 | I27: 2 | J27: 0 | K27: 0 | L27: 0 | M27: 97 | N27: 0 | O27: =SUM(C27:L27,N27) -> 122 | P27: =SUM(C27:N27) -> 219 | R27: PM Period | S27: =SUM(S19:S21) -> 934 | T27: =SUM(T19:T21) -> 426 | U27: =SUM(U19:U21) -> 103 | V27: =SUM(V19:V21) -> 37 | W27: =SUM(W19:W21) -> 2 | X27: =SUM(X19:X21) -> 2 | Y27: =SUM(Y19:Y21) -> 63 | Z27: =SUM(Z19:Z21) -> 41 | ... AF27: =SUM(AF19:AF21) -> 3979
B28: 11.30 - 11.45 | C28: 71 | D28: 5 | E28: 5 | F28: 1 | G28: 0 | H28: 1 | I28: 6 | J28: 2 | K28: 0 | L28: 1 | M28: 75 | N28: 0 | O28: =SUM(C28:L28,N28) -> 92 | P28: =SUM(C28:N28) -> 167 | R28: 12 Hours | S28: =SUM(S10:S21) -> 2763 | T28: =SUM(T10:T21) -> 1074 | U28: =SUM(U10:U21) -> 339 | V28: =SUM(V10:V21) -> 90 | W28: =SUM(W10:W21) -> 8 | X28: =SUM(X10:X21) -> 11 | Y28: =SUM(Y10:Y21) -> 200 | Z28: =SUM(Z10:Z21) -> 88 | ... AF28: =SUM(AF10:AF21) -> 11255
B29: 11.45 - 12.00 | C29: 0 | D29: 0 | E29: 0 | F29: 0 | G29: 0 | H29: 6 | I29: 3 | J29: 0 | K29: 0 | L29: 1 | M29: 175 | N29: 0 | O29: =SUM(C29:L29,N29) -> 10 | P29: =SUM(C29:N29) -> 185
B30: 12.00 - 12.15 | C30: 76 | D30: 32 | E30: 9 | F30: 3 | G30: 1 | H30: 0 | I30: 4 | J30: 1 | K30: 0 | L30: 0 | M30: 245 | N30: 0 | O30: =SUM(C30:L30,N30) -> 126 | P30: =SUM(C30:N30) -> 371
B31: 12.15 - 12.30 | C31: 56 | D31: 25 | E31: 11 | F31: 2 | G31: 0 | H31: 0 | I31: 5 | J31: 4 | K31: 0 | L31: 1 | M31: 211 | N31: 0 | O31: =SUM(C31:L31,N31) -> 104 | P31: =SUM(C31:N31) -> 315
B32: 12.30 - 12.45 | C32: 49 | D32: 24 | E32: 6 | F32: 1 | G32: 0 | H32: 0 | I32: 5 | J32: 2 | K32: 0 | L32: 0 | M32: 167 | N32: 0 | O32: =SUM(C32:L32,N32) -> 87 | P32: =SUM(C32:N32) -> 254
B33: 12.45 - 13.00 | C33: 62 | D33: 22 | E33: 10 | F33: 6 | G33: 0 | H33: 0 | I33: 6 | J33: 0 | K33: 1 | L33: 0 | M33: 191 | N33: 0 | O33: =SUM(C33:L33,N33) -> 107 | P33: =SUM(C33:N33) -> 298
B34: 13.00 - 13.15 | C34: 52 | D34: 28 | E34: 9 | F34: 3 | G34: 0 | H34: 0 | I34: 3 | J34: 1 | K34: 1 | L34: 1 | M34: 192 | N34: 0 | O34: =SUM(C34:L34,N34) -> 98 | P34: =SUM(C34:N34) -> 290
B35: 13.15 - 13.30 | C35: 54 | D35: 20 | E35: 12 | F35: 1 | G35: 1 | H35: 0 | I35: 6 | J35: 2 | K35: 0 | L35: 0 | M35: 201 | N35: 0 | O35: =SUM(C35:L35,N35) -> 96 | P35: =SUM(C35:N35) -> 297
B36: 13.30 - 13.45 | C36: 40 | D36: 27 | E36: 6 | F36: 1 | G36: 0 | H36: 0 | I36: 5 | J36: 0 | K36: 0 | L36: 0 | M36: 193 | N36: 0 | O36: =SUM(C36:L36,N36) -> 79 | P36: =SUM(C36:N36) -> 272
B37: 13.45 - 14.00 | C37: 66 | D37: 30 | E37: 13 | F37: 1 | G37: 0 | H37: 1 | I37: 6 | J37: 4 | K37: 0 | L37: 0 | M37: 188 | N37: 0 | O37: =SUM(C37:L37,N37) -> 121 | P37: =SUM(C37:N37) -> 309
B38: 14.00 - 14.15 | C38: 53 | D38: 24 | E38: 4 | F38: 4 | G38: 0 | H38: 0 | I38: 6 | J38: 0 | K38: 3 | L38: 0 | M38: 173 | N38: 0 | O38: =SUM(C38:L38,N38) -> 94 | P38: =SUM(C38:N38) -> 267
B39: 14.15 - 14.30 | C39: 56 | D39: 28 | E39: 7 | F39: 4 | G39: 0 | H39: 0 | I39: 4 | J39: 6 | K39: 0 | L39: 0 | M39: 184 | N39: 0 | O39: =SUM(C39:L39,N39) -> 105 | P39: =SUM(C39:N39) -> 289
B40: 14.30 - 14.45 | C40: 41 | D40: 36 | E40: 4 | F40: 2 | G40: 1 | H40: 0 | I40: 9 | J40: 3 | K40: 0 | L40: 1 | M40: 189 | N40: 0 | O40: =SUM(C40:L40,N40) -> 97 | P40: =SUM(C40:N40) -> 286
... B57: 18.45 - 19.00 | C57: 53 | D57: 28 | E57: 7 | F57: 3 | G57: 1 | H57: 0 | I57: 2 | J57: 3 | K57: 0 | L57: 0 | M57: 207 | N57: 0 | O57: =SUM(C57:L57,N57) -> 97 | P57: =SUM(C57:N57) -> 304
B58: Totals | C58: =SUM(C10:C57) -> 2763 | D58: =SUM(D10:D57) -> 1074 | E58: =SUM(E10:E57) -> 339 | F58: =SUM(F10:F57) -> 90 | G58: =SUM(G10:G57) -> 8 | H58: =SUM(H10:H57) -> 11 | I58: =SUM(I10:I57) -> 200 | J58: =SUM(J10:J57) -> 88 | ... P58: =SUM(P10:P57) -> 11255
B59: %ges + MCs | C59: =C58/$P$58 -> 0.24549089 | D59: =D58/$P$58 -> 0.095424256 | E59: =E58/$P$58 -> 0.030119947 | F59: =F58/$P$58 -> 0.007996446 | G59: =G58/$P$58 -> 0.0007107952 | H59: =H58/$P$58 -> 0.0009773434 | I59: =I58/$P$58 -> 0.01776988 | J59: =J58/$P$58 -> 0.0078187472 | ... N59: =N58/$P$58 -> 0
B60: %ges w/o MCs | C60: =C58/$O$58 -> 0.60091344 | D60: =D58/$O$58 -> 0.23357982 | E60: =E58/$O$58 -> 0.073727708 | F60: =F58/$O$58 -> 0.019573728 | G60: =G58/$O$58 -> 0.0017398869 | H60: =H58/$O$58 -> 0.0023923445 | I60: =I58/$O$58 -> 0.043497173 | J60: =J58/$O$58 -> 0.019138756 | ... L60: =L58/$O$58 -> 0.0017398869 | N60: =N58/$O$58 -> 0

Sheet 30.07 Jinja Road-Kira Road
B1: Consultancy services for Preparation of Expressway Development Master Plan (EDMP) for Uganda
B2: MANUAL CLASSIFIED COUNT (MCC)
B3: ROAD NAME: | C3: ='29.07 JinjaRoad-Kira Road'!C3:G3 -> MCC - C1 - STN47 - LUGOGO BYPASS ROAD
C5: Date | D5: 30.07.19 | F5: Location | G5: ='29.07 JinjaRoad-Kira Road'!G5:H5 -> DHL (47) | J5: Surveyor | K5: ='29.07 JinjaRoad-Kira Road'!K5:L5 -> Nalubega Resty
C6: Dir. From | D6: ='29.07 JinjaRoad-Kira Road'!D6:E6 -> Jinja Road | F6: Dir. To | G6: ='29.07 JinjaRoad-Kira Road'!G6:H6 -> Kira Road | J6: Supervisor | K6: ='29.07 JinjaRoad-Kira Road'!K6:L6 -> Felix
B8: Time / Veh Type | R8: SUMMARY TRAFFIC VOLUMES
C9: 1. Car | D9: 2. Station Wagon | E9: 3. Pickups | F9: 4. Minibus, matatu | G9: 5. Medium bus | H9: 6. Large Bus | I9: 7. Light Truck | J9: 8. Medium Truck | K9: 9. Heavy truck | L9: 10. Truck Trailer | M9: 11. Motor cycles | N9: 12. Tractors | O9: Total Excl M/Cycles | P9: Total All | R9: Time | S9: 1. Car | T9: 2. Station Wagon | U9: 3. Pickups | V9: 4. Minibus, matatu | W9: 5. Medium bus | X9: 6. Large Bus | Y9: 7. Light Truck | Z9: 8. Medium Truck | AA9: 9. Heavy truck | AB9: 10. Truck Trailer | AC9: 11. Motorcycles | AD9: 12. Tractors, Graders | AE9: Total Excl M/ Cycles | AF9: Total All
B10: 07.00 - 07.15 | C10: 54 | D10: 17 | E10: 3 | F10: 1 | G10: 0 | H10: 0 | I10: 1 | J10: 0 | K10: 0 | L10: 0 | M10: 85 | N10: 0 | O10: =SUM(C10:L10,N10) -> 76 | P10: =SUM(C10:N10) -> 161 | R10: 0700-0800 | S10: =SUM(C10:C13) -> 268 | T10: =SUM(D10:D13) -> 102 | U10: =SUM(E10:E13) -> 48 | V10: =SUM(F10:F13) -> 4 | W10: =SUM(G10:G13) -> 1 | X10: =SUM(H10:H13) -> 0 | Y10: =SUM(I10:I13) -> 6 | Z10: =SUM(J10:J13) -> 1 | ... AF10: =SUM(P10:P13) -> 1079
B11: 07.15 - 07.30 | C11: 62 | D11: 15 | E11: 25 | F11: 2 | G11: 0 | H11: 0 | I11: 0 | J11: 1 | K11: 0 | L11: 0 | M11: 147 | N11: 0 | O11: =SUM(C11:L11,N11) -> 105 | P11: =SUM(C11:N11) -> 252 | R11: 0800-0900 | S11: =SUM(C14:C17) -> 256 | T11: =SUM(D14:D17) -> 126 | U11: =SUM(E14:E17) -> 27 | V11: =SUM(F14:F17) -> 11 | W11: =SUM(G14:G17) -> 0 | X11: =SUM(H14:H17) -> 0 | Y11: =SUM(I14:I17) -> 19 | Z11: =SUM(J14:J17) -> 5 | ... AF11: =SUM(P14:P17) -> 1319
B12: 07.30 - 07.45 | C12: 65 | D12: 30 | E12: 12 | F12: 0 | G12: 1 | H12: 0 | I12: 1 | J12: 0 | K12: 0 | L12: 0 | M12: 187 | N12: 0 | O12: =SUM(C12:L12,N12) -> 109 | P12: =SUM(C12:N12) -> 296 | R12: 0900-1000 | S12: =SUM(C18:C21) -> 206 | T12: =SUM(D18:D21) -> 131 | U12: =SUM(E18:E21) -> 37 | V12: =SUM(F18:F21) -> 7 | W12: =SUM(G18:G21) -> 2 | X12: =SUM(H18:H21) -> 0 | Y12: =SUM(I18:I21) -> 21 | Z12: =SUM(J18:J21) -> 5 | ... AF12: =SUM(P18:P21) -> 977
B13: 07.45 - 08.00 | C13: 87 | D13: 40 | E13: 8 | F13: 1 | G13: 0 | H13: 0 | I13: 4 | J13: 0 | K13: 0 | L13: 0 | M13: 230 | N13: 0 | O13: =SUM(C13:L13,N13) -> 140 | P13: =SUM(C13:N13) -> 370 | R13: 1000-1100 | S13: =SUM(C22:C25) -> 271 | T13: =SUM(D22:D25) -> 141 | U13: =SUM(E22:E25) -> 28 | V13: =SUM(F22:F25) -> 13 | W13: =SUM(G22:G25) -> 0 | X13: =SUM(H22:H25) -> 0 | Y13: =SUM(I22:I25) -> 24 | Z13: =SUM(J22:J25) -> 3 | ... AF13: =SUM(P22:P25) -> 988
B14: 08.00 - 08.15 | C14: 56 | D14: 42 | E14: 7 | F14: 3 | G14: 0 | H14: 0 | I14: 4 | J14: 2 | K14: 0 | L14: 0 | M14: 221 | N14: 0 | O14: =SUM(C14:L14,N14) -> 114 | P14: =SUM(C14:N14) -> 335 | R14: 1100-1200 | S14: =SUM(C26:C29) -> 284 | T14: =SUM(D26:D29) -> 161 | U14: =SUM(E26:E29) -> 47 | V14: =SUM(F26:F29) -> 8 | W14: =SUM(G26:G29) -> 0 | X14: =SUM(H26:H29) -> 0 | Y14: =SUM(I26:I29) -> 13 | Z14: =SUM(J26:J29) -> 4 | ... AF14: =SUM(P26:P29) -> 1043
B15: 08.15 - 08.30 | C15: 81 | D15: 25 | E15: 6 | F15: 4 | G15: 0 | H15: 0 | I15: 7 | J15: 1 | K15: 0 | L15: 0 | M15: 217 | N15: 0 | O15: =SUM(C15:L15,N15) -> 124 | P15: =SUM(C15:N15) -> 341 | R15: 1200-1300 | S15: =SUM(C30:C33) -> 374 | T15: =SUM(D30:D33) -> 218 | U15: =SUM(E30:E33) -> 71 | V15: =SUM(F30:F33) -> 5 | W15: =SUM(G30:G33) -> 1 | X15: =SUM(H30:H33) -> 0 | Y15: =SUM(I30:I33) -> 15 | Z15: =SUM(J30:J33) -> 4 | ... AF15: =SUM(P30:P33) -> 1207
B16: 08.30 - 08.45 | C16: 64 | D16: 35 | E16: 7 | F16: 1 | G16: 0 | H16: 0 | I16: 6 | J16: 1 | K16: 0 | L16: 0 | M16: 237 | N16: 0 | O16: =SUM(C16:L16,N16) -> 114 | P16: =SUM(C16:N16) -> 351 | R16: 1300-1400 | S16: =SUM(C34:C37) -> 392 | T16: =SUM(D34:D37) -> 266 | U16: =SUM(E34:E37) -> 78 | V16: =SUM(F34:F37) -> 19 | W16: =SUM(G34:G37) -> 0 | X16: =SUM(H34:H37) -> 0 | Y16: =SUM(I34:I37) -> 12 | Z16: =SUM(J34:J37) -> 2 | ... AF16: =SUM(P34:P37) -> 1165
B17: 08.45 - 9.00 | C17: 55 | D17: 24 | E17: 7 | F17: 3 | G17: 0 | H17: 0 | I17: 2 | J17: 1 | K17: 0 | L17: 0 | M17: 200 | N17: 0 | O17: =SUM(C17:L17,N17) -> 92 | P17: =SUM(C17:N17) -> 292 | R17: 1400-1500 | S17: =SUM(C38:C41) -> 381 | T17: =SUM(D38:D41) -> 218 | U17: =SUM(E38:E41) -> 43 | V17: =SUM(F38:F41) -> 12 | W17: =SUM(G38:G41) -> 0 | X17: =SUM(H38:H41) -> 0 | Y17: =SUM(I38:I41) -> 18 | Z17: =SUM(J38:J41) -> 6 | ... AF17: =SUM(P38:P41) -> 1253
B18: 09.00 - 09.15 | C18: 48 | D18: 35 | E18: 12 | F18: 2 | G18: 0 | H18: 0 | I18: 4 | J18: 1 | K18: 0 | L18: 0 | M18: 188 | N18: 0 | O18: =SUM(C18:L18,N18) -> 102 | P18: =SUM(C18:N18) -> 290 | R18: 1500-1600 | S18: =SUM(C42:C45) -> 369 | T18: =SUM(D42:D45) -> 263 | U18: =SUM(E42:E45) -> 50 | V18: =SUM(F42:F45) -> 9 | W18: =SUM(G42:G45) -> 0 | X18: =SUM(H42:H45) -> 0 | Y18: =SUM(I42:I45) -> 12 | Z18: =SUM(J42:J45) -> 5 | ... AF18: =SUM(P42:P45) -> 1266
B19: 09.15 - 09.30 | C19: 49 | D19: 26 | E19: 12 | F19: 2 | G19: 0 | H19: 0 | I19: 4 | J19: 2 | K19: 3 | L19: 0 | M19: 110 | N19: 0 | O19: =SUM(C19:L19,N19) -> 98 | P19: =SUM(C19:N19) -> 208 | R19: 1600-1700 | S19: =SUM(C46:C49) -> 510 | T19: =SUM(D46:D49) -> 278 | U19: =SUM(E46:E49) -> 78 | V19: =SUM(F46:F49) -> 30 | W19: =SUM(G46:G49) -> 0 | X19: =SUM(H46:H49) -> 0 | Y19: =SUM(I46:I49) -> 6 | Z19: =SUM(J46:J49) -> 6 | ... AF19: =SUM(P46:P49) -> 1375
B20: 09.30 - 09.45 | C20: 47 | D20: 34 | E20: 1 | F20: 1 | G20: 2 | H20: 0 | I20: 6 | J20: 0 | K20: 1 | L20: 0 | M20: 75 | N20: 0 | O20: =SUM(C20:L20,N20) -> 92 | P20: =SUM(C20:N20) -> 167 | R20: 1700-1800 | S20: =SUM(C50:C53) -> 612 | T20: =SUM(D50:D53) -> 195 | U20: =SUM(E50:E53) -> 70 | V20: =SUM(F50:F53) -> 12 | W20: =SUM(G50:G53) -> 0 | X20: =SUM(H50:H53) -> 0 | Y20: =SUM(I50:I53) -> 12 | Z20: =SUM(J50:J53) -> 4 | ... AF20: =SUM(P50:P53) -> 1650
B21: 09.45 - 10.00 | C21: 62 | D21: 36 | E21: 12 | F21: 2 | G21: 0 | H21: 0 | I21: 7 | J21: 2 | K21: 0 | L21: 1 | M21: 190 | N21: 0 | O21: =SUM(C21:L21,N21) -> 122 | P21: =SUM(C21:N21) -> 312 | R21: 1800-1900 | S21: =SUM(C54:C57) -> 494 | T21: =SUM(D54:D57) -> 146 | U21: =SUM(E54:E57) -> 52 | V21: =SUM(F54:F57) -> 30 | W21: =SUM(G54:G57) -> 6 | X21: =SUM(H54:H57) -> 0 | Y21: =SUM(I54:I57) -> 10 | Z21: =SUM(J54:J57) -> 4 | ... AF21: =SUM(P54:P57) -> 1365
B22: 10.00 - 10.15 | C22: 82 | D22: 34 | E22: 12 | F22: 4 | G22: 0 | H22: 0 | I22: 4 | J22: 0 | K22: 2 | L22: 0 | M22: 50 | N22: 0 | O22: =SUM(C22:L22,N22) -> 138 | P22: =SUM(C22:N22) -> 188 | R22: AM Peak Hr | S22: =MAX(S10:S12) -> 268 | T22: =MAX(T10:T12) -> 131 | U22: =MAX(U10:U12) -> 48 | V22: =MAX(V10:V12) -> 11 | W22: =MAX(W10:W12) -> 2 | X22: =MAX(X10:X12) -> 0 | Y22: =MAX(Y10:Y12) -> 21 | Z22: =MAX(Z10:Z12) -> 5 | ... AF22: =MAX(AF10:AF12) -> 1319
B23: 10.15 - 10.30 | C23: 62 | D23: 23 | E23: 7 | F23: 3 | G23: 0 | H23: 0 | I23: 10 | J23: 1 | K23: 1 | L23: 0 | M23: 175 | N23: 0 | O23: =SUM(C23:L23,N23) -> 107 | P23: =SUM(C23:N23) -> 282 | R23: IP Peak Hr | S23: =MAX(S13:S18) -> 392 | T23: =MAX(T13:T18) -> 266 | U23: =MAX(U13:U18) -> 78 | V23: =MAX(V13:V18) -> 19 | W23: =MAX(W13:W18) -> 1 | X23: =MAX(X13:X18) -> 0 | Y23: =MAX(Y13:Y18) -> 24 | Z23: =MAX(Z13:Z18) -> 6 | ... AF23: =MAX(AF13:AF18) -> 1266
B24: 10.30 - 10.45 | C24: 51 | D24: 41 | E24: 1 | F24: 3 | G24: 0 | H24: 0 | I24: 4 | J24: 2 | K24: 1 | L24: 0 | M24: 130 | N24: 0 | O24: =SUM(C24:L24,N24) -> 103 | P24: =SUM(C24:N24) -> 233 | R24: PM Peak Hr | S24: =MAX(S19:S21) -> 612 | T24: =MAX(T19:T21) -> 278 | U24: =MAX(U19:U21) -> 78 | V24: =MAX(V19:V21) -> 30 | W24: =MAX(W19:W21) -> 6 | X24: =MAX(X19:X21) -> 0 | Y24: =MAX(Y19:Y21) -> 12 | Z24: =MAX(Z19:Z21) -> 6 | ... AF24: =MAX(AF19:AF21) -> 1650
B25: 10.45 - 11.00 | C25: 76 | D25: 43 | E25: 8 | F25: 3 | G25: 0 | H25: 0 | I25: 6 | J25: 0 | K25: 0 | L25: 0 | M25: 149 | N25: 0 | O25: =SUM(C25:L25,N25) -> 136 | P25: =SUM(C25:N25) -> 285 | R25: AM Period | S25: =SUM(S10:S12) -> 730 | T25: =SUM(T10:T12) -> 359 | U25: =SUM(U10:U12) -> 112 | V25: =SUM(V10:V12) -> 22 | W25: =SUM(W10:W12) -> 3 | X25: =SUM(X10:X12) -> 0 | Y25: =SUM(Y10:Y12) -> 46 | Z25: =SUM(Z10:Z12) -> 11 | ... AF25: =SUM(AF10:AF12) -> 3375
B26: 11.00 - 11.15 | C26: 74 | D26: 48 | E26: 15 | F26: 4 | G26: 0 | H26: 0 | I26: 7 | J26: 1 | K26: 0 | L26: 0 | M26: 130 | N26: 0 | O26: =SUM(C26:L26,N26) -> 149 | P26: =SUM(C26:N26) -> 279 | R26: IP Period | S26: =SUM(S13:S18) -> 2071 | T26: =SUM(T13:T18) -> 1267 | U26: =SUM(U13:U18) -> 317 | V26: =SUM(V13:V18) -> 66 | W26: =SUM(W13:W18) -> 1 | X26: =SUM(X13:X18) -> 0 | Y26: =SUM(Y13:Y18) -> 94 | Z26: =SUM(Z13:Z18) -> 24 | ... AF26: =SUM(AF13:AF18) -> 6922
B27: 11.15 - 11.30 | C27: 67 | D27: 30 | E27: 8 | F27: 2 | G27: 0 | H27: 0 | I27: 2 | J27: 2 | K27: 0 | L27: 0 | M27: 135 | N27: 0 | O27: =SUM(C27:L27,N27) -> 111 | P27: =SUM(C27:N27) -> 246 | R27: PM Period | S27: =SUM(S19:S21) -> 1616 | T27: =SUM(T19:T21) -> 619 | U27: =SUM(U19:U21) -> 200 | V27: =SUM(V19:V21) -> 72 | W27: =SUM(W19:W21) -> 6 | X27: =SUM(X19:X21) -> 0 | Y27: =SUM(Y19:Y21) -> 28 | Z27: =SUM(Z19:Z21) -> 14 | ... AF27: =SUM(AF19:AF21) -> 4390
B28: 11.30 - 11.45 | C28: 72 | D28: 52 | E28: 17 | F28: 1 | G28: 0 | H28: 0 | I28: 3 | J28: 0 | K28: 1 | L28: 0 | M28: 135 | N28: 0 | O28: =SUM(C28:L28,N28) -> 146 | P28: =SUM(C28:N28) -> 281 | R28: 12 Hours | S28: =SUM(S10:S21) -> 4417 | T28: =SUM(T10:T21) -> 2245 | U28: =SUM(U10:U21) -> 629 | V28: =SUM(V10:V21) -> 160 | W28: =SUM(W10:W21) -> 10 | X28: =SUM(X10:X21) -> 0 | Y28: =SUM(Y10:Y21) -> 168 | Z28: =SUM(Z10:Z21) -> 49 | ... AF28: =SUM(AF10:AF21) -> 14687
B29: 11.45 - 12.00 | C29: 71 | D29: 31 | E29: 7 | F29: 1 | G29: 0 | H29: 0 | I29: 1 | J29: 1 | K29: 0 | L29: 0 | M29: 125 | N29: 0 | O29: =SUM(C29:L29,N29) -> 112 | P29: =SUM(C29:N29) -> 237
B30: 12.00 - 12.15 | C30: 63 | D30: 41 | E30: 17 | F30: 1 | G30: 1 | H30: 0 | I30: 3 | J30: 0 | K30: 1 | L30: 0 | M30: 110 | N30: 0 | O30: =SUM(C30:L30,N30) -> 127 | P30: =SUM(C30:N30) -> 237
B31: 12.15 - 12.30 | C31: 83 | D31: 55 | E31: 9 | F31: 1 | G31: 0 | H31: 0 | I31: 6 | J31: 3 | K31: 0 | L31: 0 | M31: 130 | N31: 0 | O31: =SUM(C31:L31,N31) -> 157 | P31: =SUM(C31:N31) -> 287
B32: 12.30 - 12.45 | C32: 120 | D32: 59 | E32: 15 | F32: 0 | G32: 0 | H32: 0 | I32: 2 | J32: 1 | K32: 0 | L32: 1 | M32: 115 | N32: 0 | O32: =SUM(C32:L32,N32) -> 198 | P32: =SUM(C32:N32) -> 313
B33: 12.45 - 13.00 | C33: 108 | D33: 63 | E33: 30 | F33: 3 | G33: 0 | H33: 0 | I33: 4 | J33: 0 | K33: 0 | L33: 0 | M33: 162 | N33: 0 | O33: =SUM(C33:L33,N33) -> 208 | P33: =SUM(C33:N33) -> 370
B34: 13.00 - 13.15 | C34: 116 | D34: 78 | E34: 23 | F34: 3 | G34: 0 | H34: 0 | I34: 3 | J34: 1 | K34: 0 | L34: 0 | M34: 90 | N34: 0 | O34: =SUM(C34:L34,N34) -> 224 | P34: =SUM(C34:N34) -> 314
B35: 13.15 - 13.30 | C35: 125 | D35: 77 | E35: 23 | F35: 11 | G35: 0 | H35: 0 | I35: 2 | J35: 1 | K35: 0 | L35: 1 | M35: 155 | N35: 0 | O35: =SUM(C35:L35,N35) -> 240 | P35: =SUM(C35:N35) -> 395
B36: 13.30 - 13.45 | C36: 85 | D36: 63 | E36: 21 | F36: 4 | G36: 0 | H36: 0 | I36: 2 | J36: 0 | K36: 0 | L36: 0 | M36: 80 | N36: 0 | O36: =SUM(C36:L36,N36) -> 175 | P36: =SUM(C36:N36) -> 255
B37: 13.45 - 14.00 | C37: 66 | D37: 48 | E37: 11 | F37: 1 | G37: 0 | H37: 0 | I37: 5 | J37: 0 | K37: 0 | L37: 0 | M37: 70 | N37: 0 | O37: =SUM(C37:L37,N37) -> 131 | P37: =SUM(C37:N37) -> 201
B38: 14.00 - 14.15 | C38: 73 | D38: 43 | E38: 12 | F38: 4 | G38: 0 | H38: 0 | I38: 9 | J38: 2 | K38: 0 | L38: 0 | M38: 125 | N38: 0 | O38: =SUM(C38:L38,N38) -> 143 | P38: =SUM(C38:N38) -> 268
B39: 14.15 - 14.30 | C39: 102 | D39: 64 | E39: 7 | F39: 3 | G39: 0 | H39: 0 | I39: 5 | J39: 3 | K39: 1 | L39: 0 | M39: 165 | N39: 0 | O39: =SUM(C39:L39,N39) -> 185 | P39: =SUM(C39:N39) -> 350
B40: 14.30 - 14.45 | C40: 103 | D40: 55 | E40: 13 | F40: 2 | G40: 0 | H40: 0 | I40: 1 | J40: 0 | K40: 0 | L40: 1 | M40: 167 | N40: 0 | O40: =SUM(C40:L40,N40) -> 175 | P40: =SUM(C40:N40) -> 342
... B57: 18.45 - 19.00 | C57: 124 | D57: 34 | E57: 12 | F57: 7 | G57: 2 | H57: 0 | I57: 2 | J57: 0 | K57: 0 | L57: 0 | M57: 103 | N57: 0 | O57: =SUM(C57:L57,N57) -> 181 | P57: =SUM(C57:N57) -> 284
B58: Totals | C58: =SUM(C10:C57) -> 4417 | D58: =SUM(D10:D57) -> 2245 | E58: =SUM(E10:E57) -> 629 | F58: =SUM(F10:F57) -> 160 | G58: =SUM(G10:G57) -> 10 | H58: =SUM(H10:H57) -> 0 | I58: =SUM(I10:I57) -> 168 | J58: =SUM(J10:J57) -> 49 | ... P58: =SUM(P10:P57) -> 14687
B59: %ges + MCs | C59: =C58/$P$58 -> 0.30074215 | D59: =D58/$P$58 -> 0.15285627 | E59: =E58/$P$58 -> 0.04282699 | F59: =F58/$P$58 -> 0.010893988 | G59: =G58/$P$58 -> 0.00068087424 | H59: =H58/$P$58 -> 0 | I59: =I58/$P$58 -> 0.011438687 | J59: =J58/$P$58 -> 0.0033362838 | ... N59: =N58/$P$58 -> 6.8087424e-05
B60: %ges w/o MCs | C60: =C58/$O$58 -> 0.57318972 | D60: =D58/$O$58 -> 0.29133143 | E60: =E58/$O$58 -> 0.081624708 | F60: =F58/$O$58 -> 0.020763042 | G60: =G58/$O$58 -> 0.0012976901 | H60: =H58/$O$58 -> 0 | I60: =I58/$O$58 -> 0.021801194 | J60: =J58/$O$58 -> 0.0063586815 | ... L60: =L58/$O$58 -> 0.00090838308 | N60: =N58/$O$58 -> 0.00012976901

Sheet 30.07 Kira Road-Jinja Road
B1: Consultancy services for Preparation of Expressway Development Master Plan (EDMP) for Uganda
B2: MANUAL CLASSIFIED COUNT (MCC)
B3: ROAD NAME: | C3: ='29.07 Kira Road-Jinaj Road'!C3:G3 -> MCC - C1 - STN47 - LUGOGO BYPASS ROAD
C5: Date | D5: ='30.07 Jinja Road-Kira Road'!D5 -> 30.07.19 | F5: Location | G5: ='29.07 JinjaRoad-Kira Road'!G5:H5 -> DHL (47) | J5: Surveyor | K5: ='29.07 JinjaRoad-Kira Road'!K5:L5 -> Nalubega Resty
C6: Dir. From | D6: Kira Road | F6: Dir. To | G6: Jinja Road | J6: Supervisor | K6: ='29.07 JinjaRoad-Kira Road'!K6:L6 -> Felix
B8: Time / Veh Type | R8: SUMMARY TRAFFIC VOLUMES
C9: 1. Car | D9: 2. Station Wagon | E9: 3. Pickups | F9: 4. Minibus, matatu | G9: 5. Medium bus | H9: 6. Large Bus | I9: 7. Light Truck | J9: 8. Medium Truck | K9: 9. Heavy truck | L9: 10. Truck Trailer | M9: 11. Motor cycles | N9: 12. Tractors | O9: Total Excl M/Cycles | P9: Total All | R9: Time | S9: 1. Car | T9: 2. Station Wagon | U9: 3. Pickups | V9: 4. Minibus, matatu | W9: 5. Medium bus | X9: 6. Large Bus | Y9: 7. Light Truck | Z9: 8. Medium Truck | AA9: 9. Heavy truck | AB9: 10. Truck Trailer | AC9: 11. Motorcycles | AD9: 12. Tractors, Graders | AE9: Total Excl M/ Cycles | AF9: Total All
B10: 07.00 - 07.15 | C10: 175 | D10: 80 | E10: 48 | F10: 3 | G10: 0 | H10: 0 | I10: 0 | J10: 0 | K10: 0 | L10: 0 | M10: 135 | N10: 0 | O10: =SUM(C10:L10,N10) -> 306 | P10: =SUM(C10:N10) -> 441 | R10: 0700-0800 | S10: =SUM(C10:C13) -> 688 | T10: =SUM(D10:D13) -> 292 | U10: =SUM(E10:E13) -> 132 | V10: =SUM(F10:F13) -> 30 | W10: =SUM(G10:G13) -> 1 | X10: =SUM(H10:H13) -> 0 | Y10: =SUM(I10:I13) -> 6 | Z10: =SUM(J10:J13) -> 1 | ... AF10: =SUM(P10:P13) -> 1830
B11: 07.15 - 07.30 | C11: 173 | D11: 58 | E11: 37 | F11: 8 | G11: 1 | H11: 0 | I11: 4 | J11: 1 | K11: 0 | L11: 0 | M11: 135 | N11: 0 | O11: =SUM(C11:L11,N11) -> 282 | P11: =SUM(C11:N11) -> 417 | R11: 0800-0900 | S11: =SUM(C14:C17) -> 740 | T11: =SUM(D14:D17) -> 307 | U11: =SUM(E14:E17) -> 125 | V11: =SUM(F14:F17) -> 22 | W11: =SUM(G14:G17) -> 3 | X11: =SUM(H14:H17) -> 0 | Y11: =SUM(I14:I17) -> 11 | Z11: =SUM(J14:J17) -> 5 | ... AF11: =SUM(P14:P17) -> 2205
B12: 07.30 - 07.45 | C12: 180 | D12: 74 | E12: 25 | F12: 2 | G12: 0 | H12: 0 | I12: 1 | J12: 0 | K12: 0 | L12: 0 | M12: 189 | N12: 0 | O12: =SUM(C12:L12,N12) -> 282 | P12: =SUM(C12:N12) -> 471 | R12: 0900-1000 | S12: =SUM(C18:C21) -> 749 | T12: =SUM(D18:D21) -> 301 | U12: =SUM(E18:E21) -> 147 | V12: =SUM(F18:F21) -> 17 | W12: =SUM(G18:G21) -> 6 | X12: =SUM(H18:H21) -> 1 | Y12: =SUM(I18:I21) -> 25 | Z12: =SUM(J18:J21) -> 8 | ... AF12: =SUM(P18:P21) -> 2059
B13: 07.45 - 08.00 | C13: 160 | D13: 80 | E13: 22 | F13: 17 | G13: 0 | H13: 0 | I13: 1 | J13: 0 | K13: 0 | L13: 0 | M13: 221 | N13: 0 | O13: =SUM(C13:L13,N13) -> 280 | P13: =SUM(C13:N13) -> 501 | R13: 1000-1100 | S13: =SUM(C22:C25) -> 679 | T13: =SUM(D22:D25) -> 276 | U13: =SUM(E22:E25) -> 166 | V13: =SUM(F22:F25) -> 14 | W13: =SUM(G22:G25) -> 2 | X13: =SUM(H22:H25) -> 0 | Y13: =SUM(I22:I25) -> 24 | Z13: =SUM(J22:J25) -> 8 | ... AF13: =SUM(P22:P25) -> 1941
B14: 08.00 - 08.15 | C14: 160 | D14: 77 | E14: 27 | F14: 3 | G14: 2 | H14: 0 | I14: 2 | J14: 0 | K14: 0 | L14: 0 | M14: 247 | N14: 0 | O14: =SUM(C14:L14,N14) -> 271 | P14: =SUM(C14:N14) -> 518 | R14: 1100-1200 | S14: =SUM(C26:C29) -> 622 | T14: =SUM(D26:D29) -> 279 | U14: =SUM(E26:E29) -> 149 | V14: =SUM(F26:F29) -> 15 | W14: =SUM(G26:G29) -> 1 | X14: =SUM(H26:H29) -> 0 | Y14: =SUM(I26:I29) -> 22 | Z14: =SUM(J26:J29) -> 6 | ... AF14: =SUM(P26:P29) -> 1886
B15: 08.15 - 08.30 | C15: 200 | D15: 64 | E15: 35 | F15: 7 | G15: 0 | H15: 0 | I15: 4 | J15: 1 | K15: 0 | L15: 0 | M15: 243 | N15: 0 | O15: =SUM(C15:L15,N15) -> 311 | P15: =SUM(C15:N15) -> 554 | R15: 1200-1300 | S15: =SUM(C30:C33) -> 672 | T15: =SUM(D30:D33) -> 97 | U15: =SUM(E30:E33) -> 58 | V15: =SUM(F30:F33) -> 9 | W15: =SUM(G30:G33) -> 0 | X15: =SUM(H30:H33) -> 0 | Y15: =SUM(I30:I33) -> 34 | Z15: =SUM(J30:J33) -> 6 | ... AF15: =SUM(P30:P33) -> 1578
B16: 08.30 - 08.45 | C16: 200 | D16: 82 | E16: 43 | F16: 10 | G16: 1 | H16: 0 | I16: 2 | J16: 3 | K16: 1 | L16: 0 | M16: 242 | N16: 0 | O16: =SUM(C16:L16,N16) -> 342 | P16: =SUM(C16:N16) -> 584 | R16: 1300-1400 | S16: =SUM(C34:C37) -> 670 | T16: =SUM(D34:D37) -> 217 | U16: =SUM(E34:E37) -> 115 | V16: =SUM(F34:F37) -> 18 | W16: =SUM(G34:G37) -> 1 | X16: =SUM(H34:H37) -> 0 | Y16: =SUM(I34:I37) -> 32 | Z16: =SUM(J34:J37) -> 6 | ... AF16: =SUM(P34:P37) -> 1842
B17: 08.45 - 9.00 | C17: 180 | D17: 84 | E17: 20 | F17: 2 | G17: 0 | H17: 0 | I17: 3 | J17: 1 | K17: 0 | L17: 0 | M17: 259 | N17: 0 | O17: =SUM(C17:L17,N17) -> 290 | P17: =SUM(C17:N17) -> 549 | R17: 1400-1500 | S17: =SUM(C38:C41) -> 687 | T17: =SUM(D38:D41) -> 213 | U17: =SUM(E38:E41) -> 88 | V17: =SUM(F38:F41) -> 15 | W17: =SUM(G38:G41) -> 1 | X17: =SUM(H38:H41) -> 0 | Y17: =SUM(I38:I41) -> 32 | Z17: =SUM(J38:J41) -> 10 | ... AF17: =SUM(P38:P41) -> 1816
B18: 09.00 - 09.15 | C18: 180 | D18: 80 | E18: 33 | F18: 7 | G18: 5 | H18: 0 | I18: 5 | J18: 1 | K18: 1 | L18: 0 | M18: 229 | N18: 0 | O18: =SUM(C18:L18,N18) -> 312 | P18: =SUM(C18:N18) -> 541 | R18: 1500-1600 | S18: =SUM(C42:C45) -> 579 | T18: =SUM(D42:D45) -> 276 | U18: =SUM(E42:E45) -> 122 | V18: =SUM(F42:F45) -> 26 | W18: =SUM(G42:G45) -> 1 | X18: =SUM(H42:H45) -> 0 | Y18: =SUM(I42:I45) -> 30 | Z18: =SUM(J42:J45) -> 12 | ... AF18: =SUM(P42:P45) -> 1884
B19: 09.15 - 09.30 | C19: 200 | D19: 69 | E19: 42 | F19: 2 | G19: 0 | H19: 1 | I19: 3 | J19: 2 | K19: 0 | L19: 0 | M19: 234 | N19: 0 | O19: =SUM(C19:L19,N19) -> 319 | P19: =SUM(C19:N19) -> 553 | R19: 1600-1700 | S19: =SUM(C46:C49) -> 611 | T19: =SUM(D46:D49) -> 264 | U19: =SUM(E46:E49) -> 184 | V19: =SUM(F46:F49) -> 79 | W19: =SUM(G46:G49) -> 1 | X19: =SUM(H46:H49) -> 0 | Y19: =SUM(I46:I49) -> 32 | Z19: =SUM(J46:J49) -> 13 | ... AF19: =SUM(P46:P49) -> 2076
B20: 09.30 - 09.45 | C20: 180 | D20: 68 | E20: 42 | F20: 3 | G20: 1 | H20: 0 | I20: 7 | J20: 3 | K20: 0 | L20: 0 | M20: 154 | N20: 0 | O20: =SUM(C20:L20,N20) -> 304 | P20: =SUM(C20:N20) -> 458 | R20: 1700-1800 | S20: =SUM(C50:C53) -> 670 | T20: =SUM(D50:D53) -> 323 | U20: =SUM(E50:E53) -> 150 | V20: =SUM(F50:F53) -> 72 | W20: =SUM(G50:G53) -> 2 | X20: =SUM(H50:H53) -> 0 | Y20: =SUM(I50:I53) -> 22 | Z20: =SUM(J50:J53) -> 5 | ... AF20: =SUM(P50:P53) -> 2217
B21: 09.45 - 10.00 | C21: 189 | D21: 84 | E21: 30 | F21: 5 | G21: 0 | H21: 0 | I21: 10 | J21: 2 | K21: 0 | L21: 0 | M21: 187 | N21: 0 | O21: =SUM(C21:L21,N21) -> 320 | P21: =SUM(C21:N21) -> 507 | R21: 1800-1900 | S21: =SUM(C54:C57) -> 580 | T21: =SUM(D54:D57) -> 230 | U21: =SUM(E54:E57) -> 111 | V21: =SUM(F54:F57) -> 16 | W21: =SUM(G54:G57) -> 1 | X21: =SUM(H54:H57) -> 0 | Y21: =SUM(I54:I57) -> 18 | Z21: =SUM(J54:J57) -> 10 | ... AF21: =SUM(P54:P57) -> 1807
B22: 10.00 - 10.15 | C22: 195 | D22: 75 | E22: 36 | F22: 2 | G22: 0 | H22: 0 | I22: 6 | J22: 2 | K22: 2 | L22: 0 | M22: 207 | N22: 0 | O22: =SUM(C22:L22,N22) -> 318 | P22: =SUM(C22:N22) -> 525 | R22: AM Peak Hr | S22: =MAX(S10:S12) -> 749 | T22: =MAX(T10:T12) -> 307 | U22: =MAX(U10:U12) -> 147 | V22: =MAX(V10:V12) -> 30 | W22: =MAX(W10:W12) -> 6 | X22: =MAX(X10:X12) -> 1 | Y22: =MAX(Y10:Y12) -> 25 | Z22: =MAX(Z10:Z12) -> 8 | ... AF22: =MAX(AF10:AF12) -> 2205
B23: 10.15 - 10.30 | C23: 163 | D23: 79 | E23: 60 | F23: 3 | G23: 0 | H23: 0 | I23: 5 | J23: 2 | K23: 0 | L23: 1 | M23: 148 | N23: 0 | O23: =SUM(C23:L23,N23) -> 313 | P23: =SUM(C23:N23) -> 461 | R23: IP Peak Hr | S23: =MAX(S13:S18) -> 687 | T23: =MAX(T13:T18) -> 279 | U23: =MAX(U13:U18) -> 166 | V23: =MAX(V13:V18) -> 26 | W23: =MAX(W13:W18) -> 2 | X23: =MAX(X13:X18) -> 0 | Y23: =MAX(Y13:Y18) -> 34 | Z23: =MAX(Z13:Z18) -> 12 | ... AF23: =MAX(AF13:AF18) -> 1941
B24: 10.30 - 10.45 | C24: 161 | D24: 62 | E24: 50 | F24: 6 | G24: 2 | H24: 0 | I24: 6 | J24: 1 | K24: 3 | L24: 0 | M24: 204 | N24: 0 | O24: =SUM(C24:L24,N24) -> 291 | P24: =SUM(C24:N24) -> 495 | R24: PM Peak Hr | S24: =MAX(S19:S21) -> 670 | T24: =MAX(T19:T21) -> 323 | U24: =MAX(U19:U21) -> 184 | V24: =MAX(V19:V21) -> 79 | W24: =MAX(W19:W21) -> 2 | X24: =MAX(X19:X21) -> 0 | Y24: =MAX(Y19:Y21) -> 32 | Z24: =MAX(Z19:Z21) -> 13 | ... AF24: =MAX(AF19:AF21) -> 2217
B25: 10.45 - 11.00 | C25: 160 | D25: 60 | E25: 20 | F25: 3 | G25: 0 | H25: 0 | I25: 7 | J25: 3 | K25: 3 | L25: 0 | M25: 204 | N25: 0 | O25: =SUM(C25:L25,N25) -> 256 | P25: =SUM(C25:N25) -> 460 | R25: AM Period | S25: =SUM(S10:S12) -> 2177 | T25: =SUM(T10:T12) -> 900 | U25: =SUM(U10:U12) -> 404 | V25: =SUM(V10:V12) -> 69 | W25: =SUM(W10:W12) -> 10 | X25: =SUM(X10:X12) -> 1 | Y25: =SUM(Y10:Y12) -> 42 | Z25: =SUM(Z10:Z12) -> 14 | ... AF25: =SUM(AF10:AF12) -> 6094
B26: 11.00 - 11.15 | C26: 155 | D26: 63 | E26: 47 | F26: 6 | G26: 1 | H26: 0 | I26: 5 | J26: 3 | K26: 0 | L26: 0 | M26: 199 | N26: 0 | O26: =SUM(C26:L26,N26) -> 280 | P26: =SUM(C26:N26) -> 479 | R26: IP Period | S26: =SUM(S13:S18) -> 3909 | T26: =SUM(T13:T18) -> 1358 | U26: =SUM(U13:U18) -> 698 | V26: =SUM(V13:V18) -> 97 | W26: =SUM(W13:W18) -> 6 | X26: =SUM(X13:X18) -> 0 | Y26: =SUM(Y13:Y18) -> 174 | Z26: =SUM(Z13:Z18) -> 48 | ... AF26: =SUM(AF13:AF18) -> 10947
B27: 11.15 - 11.30 | C27: 140 | D27: 80 | E27: 38 | F27: 3 | G27: 0 | H27: 0 | I27: 8 | J27: 0 | K27: 0 | L27: 1 | M27: 189 | N27: 0 | O27: =SUM(C27:L27,N27) -> 270 | P27: =SUM(C27:N27) -> 459 | R27: PM Period | S27: =SUM(S19:S21) -> 1861 | T27: =SUM(T19:T21) -> 817 | U27: =SUM(U19:U21) -> 445 | V27: =SUM(V19:V21) -> 167 | W27: =SUM(W19:W21) -> 4 | X27: =SUM(X19:X21) -> 0 | Y27: =SUM(Y19:Y21) -> 72 | Z27: =SUM(Z19:Z21) -> 28 | ... AF27: =SUM(AF19:AF21) -> 6100
B28: 11.30 - 11.45 | C28: 145 | D28: 68 | E28: 40 | F28: 2 | G28: 0 | H28: 0 | I28: 9 | J28: 3 | K28: 0 | L28: 0 | M28: 224 | N28: 0 | O28: =SUM(C28:L28,N28) -> 267 | P28: =SUM(C28:N28) -> 491 | R28: 12 Hours | S28: =SUM(S10:S21) -> 7947 | T28: =SUM(T10:T21) -> 3075 | U28: =SUM(U10:U21) -> 1547 | V28: =SUM(V10:V21) -> 333 | W28: =SUM(W10:W21) -> 20 | X28: =SUM(X10:X21) -> 1 | Y28: =SUM(Y10:Y21) -> 288 | Z28: =SUM(Z10:Z21) -> 90 | ... AF28: =SUM(AF10:AF21) -> 23141
B29: 11.45 - 12.00 | C29: 182 | D29: 68 | E29: 24 | F29: 4 | G29: 0 | H29: 0 | I29: 0 | J29: 0 | K29: 0 | L29: 0 | M29: 179 | N29: 0 | O29: =SUM(C29:L29,N29) -> 278 | P29: =SUM(C29:N29) -> 457
B30: 12.00 - 12.15 | C30: 165 | D30: 26 | E30: 13 | F30: 2 | G30: 0 | H30: 0 | I30: 11 | J30: 0 | K30: 1 | L30: 1 | M30: 132 | N30: 0 | O30: =SUM(C30:L30,N30) -> 219 | P30: =SUM(C30:N30) -> 351
B31: 12.15 - 12.30 | C31: 187 | D31: 31 | E31: 18 | F31: 2 | G31: 0 | H31: 0 | I31: 9 | J31: 1 | K31: 0 | L31: 0 | M31: 201 | N31: 0 | O31: =SUM(C31:L31,N31) -> 248 | P31: =SUM(C31:N31) -> 449
B32: 12.30 - 12.45 | C32: 175 | D32: 13 | E32: 13 | F32: 3 | G32: 0 | H32: 0 | I32: 5 | J32: 3 | K32: 1 | L32: 0 | M32: 189 | N32: 0 | O32: =SUM(C32:L32,N32) -> 213 | P32: =SUM(C32:N32) -> 402
B33: 12.45 - 13.00 | C33: 145 | D33: 27 | E33: 14 | F33: 2 | G33: 0 | H33: 0 | I33: 9 | J33: 2 | K33: 0 | L33: 0 | M33: 177 | N33: 0 | O33: =SUM(C33:L33,N33) -> 199 | P33: =SUM(C33:N33) -> 376
B34: 13.00 - 13.15 | C34: 227 | D34: 31 | E34: 23 | F34: 5 | G34: 0 | H34: 0 | I34: 6 | J34: 3 | K34: 0 | L34: 0 | M34: 154 | N34: 0 | O34: =SUM(C34:L34,N34) -> 295 | P34: =SUM(C34:N34) -> 449
B35: 13.15 - 13.30 | C35: 160 | D35: 60 | E35: 34 | F35: 3 | G35: 1 | H35: 0 | I35: 11 | J35: 1 | K35: 0 | L35: 0 | M35: 221 | N35: 0 | O35: =SUM(C35:L35,N35) -> 270 | P35: =SUM(C35:N35) -> 491
B36: 13.30 - 13.45 | C36: 120 | D36: 56 | E36: 20 | F36: 8 | G36: 0 | H36: 0 | I36: 9 | J36: 1 | K36: 0 | L36: 0 | M36: 207 | N36: 0 | O36: =SUM(C36:L36,N36) -> 214 | P36: =SUM(C36:N36) -> 421
B37: 13.45 - 14.00 | C37: 163 | D37: 70 | E37: 38 | F37: 2 | G37: 0 | H37: 0 | I37: 6 | J37: 1 | K37: 0 | L37: 0 | M37: 201 | N37: 0 | O37: =SUM(C37:L37,N37) -> 280 | P37: =SUM(C37:N37) -> 481
B38: 14.00 - 14.15 | C38: 200 | D38: 54 | E38: 30 | F38: 2 | G38: 0 | H38: 0 | I38: 6 | J38: 5 | K38: 0 | L38: 0 | M38: 216 | N38: 0 | O38: =SUM(C38:L38,N38) -> 297 | P38: =SUM(C38:N38) -> 513
B39: 14.15 - 14.30 | C39: 135 | D39: 40 | E39: 17 | F39: 3 | G39: 0 | H39: 0 | I39: 7 | J39: 2 | K39: 0 | L39: 0 | M39: 194 | N39: 0 | O39: =SUM(C39:L39,N39) -> 204 | P39: =SUM(C39:N39) -> 398
B40: 14.30 - 14.45 | C40: 170 | D40: 44 | E40: 21 | F40: 9 | G40: 0 | H40: 0 | I40: 10 | J40: 1 | K40: 1 | L40: 0 | M40: 190 | N40: 0 | O40: =SUM(C40:L40,N40) -> 256 | P40: =SUM(C40:N40) -> 446
... B57: 18.45 - 19.00 | C57: 108 | D57: 47 | E57: 15 | F57: 5 | G57: 0 | H57: 0 | I57: 3 | J57: 0 | K57: 0 | L57: 0 | M57: 160 | N57: 0 | O57: =SUM(C57:L57,N57) -> 178 | P57: =SUM(C57:N57) -> 338
B58: Totals | C58: =SUM(C10:C57) -> 7947 | D58: =SUM(D10:D57) -> 3075 | E58: =SUM(E10:E57) -> 1547 | F58: =SUM(F10:F57) -> 333 | G58: =SUM(G10:G57) -> 20 | H58: =SUM(H10:H57) -> 1 | I58: =SUM(I10:I57) -> 288 | J58: =SUM(J10:J57) -> 90 | ... P58: =SUM(P10:P57) -> 23141
B59: %ges + MCs | C59: =C58/$P$58 -> 0.34341645 | D59: =D58/$P$58 -> 0.13288103 | E59: =E58/$P$58 -> 0.066851044 | F59: =F58/$P$58 -> 0.014390044 | G59: =G58/$P$58 -> 0.00086426689 | H59: =H58/$P$58 -> 4.3213344e-05 | I59: =I58/$P$58 -> 0.012445443 | J59: =J58/$P$58 -> 0.003889201 | ... N59: =N58/$P$58 -> 0
B60: %ges w/o MCs | C60: =C58/$O$58 -> 0.59657683 | D60: =D58/$O$58 -> 0.23083853 | E60: =E58/$O$58 -> 0.11613242 | F60: =F58/$O$58 -> 0.024998123 | G60: =G58/$O$58 -> 0.0015013888 | H60: =H58/$O$58 -> 7.5069439e-05 | I60: =I58/$O$58 -> 0.021619998 | J60: =J58/$O$58 -> 0.0067562495 | ... L60: =L58/$O$58 -> 0.0003753472 | N60: =N58/$O$58 -> 0

Sheet 31.07 Jinja Road-Kira Road
B1: Consultancy services for Preparation of Expressway Development Master Plan (EDMP) for Uganda
B2: MANUAL CLASSIFIED COUNT (MCC)
B3: ROAD NAME: | C3: ='29.07 JinjaRoad-Kira Road'!C3:G3 -> MCC - C1 - STN47 - LUGOGO BYPASS ROAD
C5: Date | D5: 31.07.19 | F5: Location | G5: ='29.07 JinjaRoad-Kira Road'!G5:H5 -> DHL (47) | J5: Surveyor | K5: Orishaba Donitar
C6: Dir. From | D6: ='29.07 JinjaRoad-Kira Road'!D6:E6 -> Jinja Road | F6: Dir. To | G6: ='29.07 JinjaRoad-Kira Road'!G6:H6 -> Kira Road | J6: Supervisor | K6: Steven
B8: Time / Veh Type | R8: SUMMARY TRAFFIC VOLUMES
C9: 1. Car | D9: 2. Station Wagon | E9: 3. Pickups | F9: 4. Minibus, matatu | G9: 5. Medium bus | H9: 6. Large Bus | I9: 7. Light Truck | J9: 8. Medium Truck | K9: 9. Heavy truck | L9: 10. Truck Trailer | M9: 11. Motor cycles | N9: 12. Tractors | O9: Total Excl M/Cycles | P9: Total All | R9: Time | S9: 1. Car | T9: 2. Station Wagon | U9: 3. Pickups | V9: 4. Minibus, matatu | W9: 5. Medium bus | X9: 6. Large Bus | Y9: 7. Light Truck | Z9: 8. Medium Truck | AA9: 9. Heavy truck | AB9: 10. Truck Trailer | AC9: 11. Motorcycles | AD9: 12. Tractors, Graders | AE9: Total Excl M/ Cycles | AF9: Total All
B10: 07.00 - 07.15 | C10: 54 | D10: 23 | E10: 4 | F10: 0 | G10: 0 | H10: 0 | I10: 0 | J10: 1 | K10: 0 | L10: 0 | M10: 92 | N10: 0 | O10: =SUM(C10:L10,N10) -> 82 | P10: =SUM(C10:N10) -> 174 | R10: 0700-0800 | S10: =SUM(C10:C13) -> 289 | T10: =SUM(D10:D13) -> 107 | U10: =SUM(E10:E13) -> 32 | V10: =SUM(F10:F13) -> 6 | W10: =SUM(G10:G13) -> 1 | X10: =SUM(H10:H13) -> 0 | Y10: =SUM(I10:I13) -> 7 | Z10: =SUM(J10:J13) -> 2 | ... AF10: =SUM(P10:P13) -> 1080
B11: 07.15 - 07.30 | C11: 78 | D11: 33 | E11: 5 | F11: 4 | G11: 0 | H11: 0 | I11: 3 | J11: 1 | K11: 0 | L11: 1 | M11: 140 | N11: 0 | O11: =SUM(C11:L11,N11) -> 125 | P11: =SUM(C11:N11) -> 265 | R11: 0800-0900 | S11: =SUM(C14:C17) -> 275 | T11: =SUM(D14:D17) -> 127 | U11: =SUM(E14:E17) -> 37 | V11: =SUM(F14:F17) -> 20 | W11: =SUM(G14:G17) -> 1 | X11: =SUM(H14:H17) -> 0 | Y11: =SUM(I14:I17) -> 8 | Z11: =SUM(J14:J17) -> 7 | ... AF11: =SUM(P14:P17) -> 1472
B12: 07.30 - 07.45 | C12: 75 | D12: 23 | E12: 13 | F12: 0 | G12: 0 | H12: 0 | I12: 2 | J12: 0 | K12: 0 | L12: 1 | M12: 177 | N12: 0 | O12: =SUM(C12:L12,N12) -> 114 | P12: =SUM(C12:N12) -> 291 | R12: 0900-1000 | S12: =SUM(C18:C21) -> 212 | T12: =SUM(D18:D21) -> 116 | U12: =SUM(E18:E21) -> 42 | V12: =SUM(F18:F21) -> 13 | W12: =SUM(G18:G21) -> 0 | X12: =SUM(H18:H21) -> 0 | Y12: =SUM(I18:I21) -> 10 | Z12: =SUM(J18:J21) -> 9 | ... AF12: =SUM(P18:P21) -> 1063
B13: 07.45 - 08.00 | C13: 82 | D13: 28 | E13: 10 | F13: 2 | G13: 1 | H13: 0 | I13: 2 | J13: 0 | K13: 0 | L13: 0 | M13: 225 | N13: 0 | O13: =SUM(C13:L13,N13) -> 125 | P13: =SUM(C13:N13) -> 350 | R13: 1000-1100 | S13: =SUM(C22:C25) -> 253 | T13: =SUM(D22:D25) -> 152 | U13: =SUM(E22:E25) -> 53 | V13: =SUM(F22:F25) -> 20 | W13: =SUM(G22:G25) -> 4 | X13: =SUM(H22:H25) -> 0 | Y13: =SUM(I22:I25) -> 9 | Z13: =SUM(J22:J25) -> 11 | ... AF13: =SUM(P22:P25) -> 1239
B14: 08.00 - 08.15 | C14: 87 | D14: 26 | E14: 11 | F14: 8 | G14: 0 | H14: 0 | I14: 1 | J14: 0 | K14: 0 | L14: 2 | M14: 250 | N14: 0 | O14: =SUM(C14:L14,N14) -> 135 | P14: =SUM(C14:N14) -> 385 | R14: 1100-1200 | S14: =SUM(C26:C29) -> 260 | T14: =SUM(D26:D29) -> 172 | U14: =SUM(E26:E29) -> 51 | V14: =SUM(F26:F29) -> 9 | W14: =SUM(G26:G29) -> 0 | X14: =SUM(H26:H29) -> 0 | Y14: =SUM(I26:I29) -> 11 | Z14: =SUM(J26:J29) -> 8 | ... AF14: =SUM(P26:P29) -> 1285
B15: 08.15 - 08.30 | C15: 90 | D15: 45 | E15: 15 | F15: 9 | G15: 0 | H15: 0 | I15: 2 | J15: 3 | K15: 0 | L15: 2 | M15: 255 | N15: 0 | O15: =SUM(C15:L15,N15) -> 166 | P15: =SUM(C15:N15) -> 421 | R15: 1200-1300 | S15: =SUM(C30:C33) -> 279 | T15: =SUM(D30:D33) -> 169 | U15: =SUM(E30:E33) -> 40 | V15: =SUM(F30:F33) -> 15 | W15: =SUM(G30:G33) -> 0 | X15: =SUM(H30:H33) -> 0 | Y15: =SUM(I30:I33) -> 20 | Z15: =SUM(J30:J33) -> 10 | ... AF15: =SUM(P30:P33) -> 1094
B16: 08.30 - 08.45 | C16: 46 | D16: 22 | E16: 6 | F16: 0 | G16: 0 | H16: 0 | I16: 3 | J16: 2 | K16: 0 | L16: 0 | M16: 300 | N16: 0 | O16: =SUM(C16:L16,N16) -> 79 | P16: =SUM(C16:N16) -> 379 | R16: 1300-1400 | S16: =SUM(C34:C37) -> 320 | T16: =SUM(D34:D37) -> 178 | U16: =SUM(E34:E37) -> 57 | V16: =SUM(F34:F37) -> 17 | W16: =SUM(G34:G37) -> 2 | X16: =SUM(H34:H37) -> 0 | Y16: =SUM(I34:I37) -> 17 | Z16: =SUM(J34:J37) -> 6 | ... AF16: =SUM(P34:P37) -> 1286
B17: 08.45 - 9.00 | C17: 52 | D17: 34 | E17: 5 | F17: 3 | G17: 1 | H17: 0 | I17: 2 | J17: 2 | K17: 0 | L17: 1 | M17: 187 | N17: 0 | O17: =SUM(C17:L17,N17) -> 100 | P17: =SUM(C17:N17) -> 287 | R17: 1400-1500 | S17: =SUM(C38:C41) -> 368 | T17: =SUM(D38:D41) -> 202 | U17: =SUM(E38:E41) -> 47 | V17: =SUM(F38:F41) -> 10 | W17: =SUM(G38:G41) -> 0 | X17: =SUM(H38:H41) -> 0 | Y17: =SUM(I38:I41) -> 7 | Z17: =SUM(J38:J41) -> 3 | ... AF17: =SUM(P38:P41) -> 1092
B18: 09.00 - 09.15 | C18: 62 | D18: 33 | E18: 11 | F18: 4 | G18: 0 | H18: 0 | I18: 5 | J18: 1 | K18: 1 | L18: 2 | M18: 155 | N18: 0 | O18: =SUM(C18:L18,N18) -> 119 | P18: =SUM(C18:N18) -> 274 | R18: 1500-1600 | S18: =SUM(C42:C45) -> 414 | T18: =SUM(D42:D45) -> 203 | U18: =SUM(E42:E45) -> 44 | V18: =SUM(F42:F45) -> 16 | W18: =SUM(G42:G45) -> 1 | X18: =SUM(H42:H45) -> 2 | Y18: =SUM(I42:I45) -> 14 | Z18: =SUM(J42:J45) -> 8 | ... AF18: =SUM(P42:P45) -> 1588
B19: 09.15 - 09.30 | C19: 50 | D19: 26 | E19: 7 | F19: 1 | G19: 0 | H19: 0 | I19: 3 | J19: 4 | K19: 0 | L19: 0 | M19: 175 | N19: 0 | O19: =SUM(C19:L19,N19) -> 91 | P19: =SUM(C19:N19) -> 266 | R19: 1600-1700 | S19: =SUM(C46:C49) -> 475 | T19: =SUM(D46:D49) -> 239 | U19: =SUM(E46:E49) -> 51 | V19: =SUM(F46:F49) -> 28 | W19: =SUM(G46:G49) -> 0 | X19: =SUM(H46:H49) -> 0 | Y19: =SUM(I46:I49) -> 14 | Z19: =SUM(J46:J49) -> 2 | ... AF19: =SUM(P46:P49) -> 1460
B20: 09.30 - 09.45 | C20: 48 | D20: 35 | E20: 7 | F20: 4 | G20: 0 | H20: 0 | I20: 0 | J20: 2 | K20: 0 | L20: 0 | M20: 141 | N20: 0 | O20: =SUM(C20:L20,N20) -> 96 | P20: =SUM(C20:N20) -> 237 | R20: 1700-1800 | S20: =SUM(C50:C53) -> 490 | T20: =SUM(D50:D53) -> 202 | U20: =SUM(E50:E53) -> 47 | V20: =SUM(F50:F53) -> 7 | W20: =SUM(G50:G53) -> 2 | X20: =SUM(H50:H53) -> 0 | Y20: =SUM(I50:I53) -> 7 | Z20: =SUM(J50:J53) -> 7 | ... AF20: =SUM(P50:P53) -> 1710
B21: 09.45 - 10.00 | C21: 52 | D21: 22 | E21: 17 | F21: 4 | G21: 0 | H21: 0 | I21: 2 | J21: 2 | K21: 0 | L21: 2 | M21: 185 | N21: 0 | O21: =SUM(C21:L21,N21) -> 101 | P21: =SUM(C21:N21) -> 286 | R21: 1800-1900 | S21: =SUM(C54:C57) -> 448 | T21: =SUM(D54:D57) -> 236 | U21: =SUM(E54:E57) -> 49 | V21: =SUM(F54:F57) -> 22 | W21: =SUM(G54:G57) -> 0 | X21: =SUM(H54:H57) -> 0 | Y21: =SUM(I54:I57) -> 8 | Z21: =SUM(J54:J57) -> 5 | ... AF21: =SUM(P54:P57) -> 1262
B22: 10.00 - 10.15 | C22: 61 | D22: 36 | E22: 14 | F22: 4 | G22: 1 | H22: 0 | I22: 3 | J22: 1 | K22: 0 | L22: 1 | M22: 160 | N22: 0 | O22: =SUM(C22:L22,N22) -> 121 | P22: =SUM(C22:N22) -> 281 | R22: AM Peak Hr | S22: =MAX(S10:S12) -> 289 | T22: =MAX(T10:T12) -> 127 | U22: =MAX(U10:U12) -> 42 | V22: =MAX(V10:V12) -> 20 | W22: =MAX(W10:W12) -> 1 | X22: =MAX(X10:X12) -> 0 | Y22: =MAX(Y10:Y12) -> 10 | Z22: =MAX(Z10:Z12) -> 9 | ... AF22: =MAX(AF10:AF12) -> 1472
B23: 10.15 - 10.30 | C23: 55 | D23: 30 | E23: 11 | F23: 3 | G23: 0 | H23: 0 | I23: 2 | J23: 2 | K23: 1 | L23: 0 | M23: 125 | N23: 1 | O23: =SUM(C23:L23,N23) -> 105 | P23: =SUM(C23:N23) -> 230 | R23: IP Peak Hr | S23: =MAX(S13:S18) -> 414 | T23: =MAX(T13:T18) -> 203 | U23: =MAX(U13:U18) -> 57 | V23: =MAX(V13:V18) -> 20 | W23: =MAX(W13:W18) -> 4 | X23: =MAX(X13:X18) -> 2 | Y23: =MAX(Y13:Y18) -> 20 | Z23: =MAX(Z13:Z18) -> 11 | ... AF23: =MAX(AF13:AF18) -> 1588
B24: 10.30 - 10.45 | C24: 75 | D24: 52 | E24: 16 | F24: 9 | G24: 1 | H24: 0 | I24: 3 | J24: 4 | K24: 1 | L24: 2 | M24: 215 | N24: 0 | O24: =SUM(C24:L24,N24) -> 163 | P24: =SUM(C24:N24) -> 378 | R24: PM Peak Hr | S24: =MAX(S19:S21) -> 490 | T24: =MAX(T19:T21) -> 239 | U24: =MAX(U19:U21) -> 51 | V24: =MAX(V19:V21) -> 28 | W24: =MAX(W19:W21) -> 2 | X24: =MAX(X19:X21) -> 0 | Y24: =MAX(Y19:Y21) -> 14 | Z24: =MAX(Z19:Z21) -> 7 | ... AF24: =MAX(AF19:AF21) -> 1710
B25: 10.45 - 11.00 | C25: 62 | D25: 34 | E25: 12 | F25: 4 | G25: 2 | H25: 0 | I25: 1 | J25: 4 | K25: 0 | L25: 1 | M25: 230 | N25: 0 | O25: =SUM(C25:L25,N25) -> 120 | P25: =SUM(C25:N25) -> 350 | R25: AM Period | S25: =SUM(S10:S12) -> 776 | T25: =SUM(T10:T12) -> 350 | U25: =SUM(U10:U12) -> 111 | V25: =SUM(V10:V12) -> 39 | W25: =SUM(W10:W12) -> 2 | X25: =SUM(X10:X12) -> 0 | Y25: =SUM(Y10:Y12) -> 25 | Z25: =SUM(Z10:Z12) -> 18 | ... AF25: =SUM(AF10:AF12) -> 3615
B26: 11.00 - 11.15 | C26: 65 | D26: 40 | E26: 11 | F26: 5 | G26: 0 | H26: 0 | I26: 2 | J26: 3 | K26: 1 | L26: 1 | M26: 240 | N26: 0 | O26: =SUM(C26:L26,N26) -> 128 | P26: =SUM(C26:N26) -> 368 | R26: IP Period | S26: =SUM(S13:S18) -> 1894 | T26: =SUM(T13:T18) -> 1076 | U26: =SUM(U13:U18) -> 292 | V26: =SUM(V13:V18) -> 87 | W26: =SUM(W13:W18) -> 7 | X26: =SUM(X13:X18) -> 2 | Y26: =SUM(Y13:Y18) -> 78 | Z26: =SUM(Z13:Z18) -> 46 | ... AF26: =SUM(AF13:AF18) -> 7584
B27: 11.15 - 11.30 | C27: 57 | D27: 43 | E27: 13 | F27: 3 | G27: 0 | H27: 0 | I27: 4 | J27: 2 | K27: 0 | L27: 1 | M27: 155 | N27: 0 | O27: =SUM(C27:L27,N27) -> 123 | P27: =SUM(C27:N27) -> 278 | R27: PM Period | S27: =SUM(S19:S21) -> 1413 | T27: =SUM(T19:T21) -> 677 | U27: =SUM(U19:U21) -> 147 | V27: =SUM(V19:V21) -> 57 | W27: =SUM(W19:W21) -> 2 | X27: =SUM(X19:X21) -> 0 | Y27: =SUM(Y19:Y21) -> 29 | Z27: =SUM(Z19:Z21) -> 14 | ... AF27: =SUM(AF19:AF21) -> 4432
B28: 11.30 - 11.45 | C28: 74 | D28: 44 | E28: 16 | F28: 1 | G28: 0 | H28: 0 | I28: 1 | J28: 1 | K28: 0 | L28: 0 | M28: 217 | N28: 0 | O28: =SUM(C28:L28,N28) -> 137 | P28: =SUM(C28:N28) -> 354 | R28: 12 Hours | S28: =SUM(S10:S21) -> 4083 | T28: =SUM(T10:T21) -> 2103 | U28: =SUM(U10:U21) -> 550 | V28: =SUM(V10:V21) -> 183 | W28: =SUM(W10:W21) -> 11 | X28: =SUM(X10:X21) -> 2 | Y28: =SUM(Y10:Y21) -> 132 | Z28: =SUM(Z10:Z21) -> 78 | ... AF28: =SUM(AF10:AF21) -> 15631
B29: 11.45 - 12.00 | C29: 64 | D29: 45 | E29: 11 | F29: 0 | G29: 0 | H29: 0 | I29: 4 | J29: 2 | K29: 1 | L29: 3 | M29: 155 | N29: 0 | O29: =SUM(C29:L29,N29) -> 130 | P29: =SUM(C29:N29) -> 285
B30: 12.00 - 12.15 | C30: 69 | D30: 43 | E30: 9 | F30: 5 | G30: 0 | H30: 0 | I30: 12 | J30: 4 | K30: 0 | L30: 1 | M30: 150 | N30: 0 | O30: =SUM(C30:L30,N30) -> 143 | P30: =SUM(C30:N30) -> 293
B31: 12.15 - 12.30 | C31: 77 | D31: 41 | E31: 13 | F31: 4 | G31: 0 | H31: 0 | I31: 2 | J31: 3 | K31: 0 | L31: 0 | M31: 190 | N31: 0 | O31: =SUM(C31:L31,N31) -> 140 | P31: =SUM(C31:N31) -> 330
B32: 12.30 - 12.45 | C32: 69 | D32: 48 | E32: 7 | F32: 4 | G32: 0 | H32: 0 | I32: 5 | J32: 2 | K32: 0 | L32: 0 | M32: 115 | N32: 0 | O32: =SUM(C32:L32,N32) -> 135 | P32: =SUM(C32:N32) -> 250
B33: 12.45 - 13.00 | C33: 64 | D33: 37 | E33: 11 | F33: 2 | G33: 0 | H33: 0 | I33: 1 | J33: 1 | K33: 0 | L33: 0 | M33: 105 | N33: 0 | O33: =SUM(C33:L33,N33) -> 116 | P33: =SUM(C33:N33) -> 221
B34: 13.00 - 13.15 | C34: 93 | D34: 41 | E34: 16 | F34: 6 | G34: 1 | H34: 0 | I34: 0 | J34: 1 | K34: 0 | L34: 1 | M34: 145 | N34: 0 | O34: =SUM(C34:L34,N34) -> 159 | P34: =SUM(C34:N34) -> 304
B35: 13.15 - 13.30 | C35: 82 | D35: 46 | E35: 6 | F35: 5 | G35: 0 | H35: 0 | I35: 6 | J35: 4 | K35: 0 | L35: 1 | M35: 164 | N35: 0 | O35: =SUM(C35:L35,N35) -> 150 | P35: =SUM(C35:N35) -> 314
B36: 13.30 - 13.45 | C36: 72 | D36: 60 | E36: 17 | F36: 3 | G36: 1 | H36: 0 | I36: 5 | J36: 1 | K36: 0 | L36: 1 | M36: 247 | N36: 0 | O36: =SUM(C36:L36,N36) -> 160 | P36: =SUM(C36:N36) -> 407
B37: 13.45 - 14.00 | C37: 73 | D37: 31 | E37: 18 | F37: 3 | G37: 0 | H37: 0 | I37: 6 | J37: 0 | K37: 0 | L37: 0 | M37: 130 | N37: 0 | O37: =SUM(C37:L37,N37) -> 131 | P37: =SUM(C37:N37) -> 261
B38: 14.00 - 14.15 | C38: 98 | D38: 44 | E38: 15 | F38: 1 | G38: 0 | H38: 0 | I38: 1 | J38: 3 | K38: 1 | L38: 1 | M38: 105 | N38: 0 | O38: =SUM(C38:L38,N38) -> 164 | P38: =SUM(C38:N38) -> 269
B39: 14.15 - 14.30 | C39: 89 | D39: 42 | E39: 7 | F39: 1 | G39: 0 | H39: 0 | I39: 5 | J39: 0 | K39: 0 | L39: 0 | M39: 110 | N39: 0 | O39: =SUM(C39:L39,N39) -> 144 | P39: =SUM(C39:N39) -> 254
B40: 14.30 - 14.45 | C40: 78 | D40: 46 | E40: 17 | F40: 7 | G40: 0 | H40: 0 | I40: 0 | J40: 0 | K40: 0 | L40: 0 | M40: 130 | N40: 0 | O40: =SUM(C40:L40,N40) -> 148 | P40: =SUM(C40:N40) -> 278
... B57: 18.45 - 19.00 | C57: 124 | D57: 68 | E57: 14 | F57: 11 | G57: 0 | H57: 0 | I57: 2 | J57: 2 | K57: 0 | L57: 0 | M57: 77 | N57: 0 | O57: =SUM(C57:L57,N57) -> 221 | P57: =SUM(C57:N57) -> 298
B58: Totals | C58: =SUM(C10:C57) -> 4083 | D58: =SUM(D10:D57) -> 2103 | E58: =SUM(E10:E57) -> 550 | F58: =SUM(F10:F57) -> 183 | G58: =SUM(G10:G57) -> 11 | H58: =SUM(H10:H57) -> 2 | I58: =SUM(I10:I57) -> 132 | J58: =SUM(J10:J57) -> 78 | ... P58: =SUM(P10:P57) -> 15631
B59: %ges + MCs | C59: =C58/$P$58 -> 0.26121169 | D59: =D58/$P$58 -> 0.13454034 | E59: =E58/$P$58 -> 0.035186488 | F59: =F58/$P$58 -> 0.011707504 | G59: =G58/$P$58 -> 0.00070372977 | H59: =H58/$P$58 -> 0.00012795087 | I59: =I58/$P$58 -> 0.0084447572 | J59: =J58/$P$58 -> 0.0049900838 | ... N59: =N58/$P$58 -> 6.3975433e-05
B60: %ges w/o MCs | C60: =C58/$O$58 -> 0.5676352 | D60: =D58/$O$58 -> 0.29236758 | E60: =E58/$O$58 -> 0.076463228 | F60: =F58/$O$58 -> 0.025441401 | G60: =G58/$O$58 -> 0.0015292646 | H60: =H58/$O$58 -> 0.0002780481 | I60: =I58/$O$58 -> 0.018351175 | J60: =J58/$O$58 -> 0.010843876 | ... L60: =L58/$O$58 -> 0.0051438899 | N60: =N58/$O$58 -> 0.00013902405

Sheet 31.07 Kira Road-Jinja Road
B1: Consultancy services for Preparation of Expressway Development Master Plan (EDMP) for Uganda
B2: MANUAL CLASSIFIED COUNT (MCC)
B3: ROAD NAME: | C3: ='29.07 Kira Road-Jinaj Road'!C3:G3 -> MCC - C1 - STN47 - LUGOGO BYPASS ROAD
C5: Date | D5: ='31.07 Jinja Road-Kira Road'!D5 -> 31.07.19 | F5: Location | G5: ='29.07 JinjaRoad-Kira Road'!G5:H5 -> DHL (47) | J5: Surveyor | K5: Nabbanja Leilah
C6: Dir. From | D6: ='29.07 Kira Road-Jinaj Road'!D6:E6 -> Kira Road | F6: Dir. To | G6: ='29.07 Kira Road-Jinaj Road'!G6:H6 -> Jinja Road | J6: Supervisor | K6: steven
B8: Time / Veh Type | R8: SUMMARY TRAFFIC VOLUMES
C9: 1. Car | D9: 2. Station Wagon | E9: 3. Pickups | F9: 4. Minibus, matatu | G9: 5. Medium bus | H9: 6. Large Bus | I9: 7. Light Truck | J9: 8. Medium Truck | K9: 9. Heavy truck | L9: 10. Truck Trailer | M9: 11. Motor cycles | N9: 12. Tractors | O9: Total Excl M/Cycles | P9: Total All | R9: Time | S9: 1. Car | T9: 2. Station Wagon | U9: 3. Pickups | V9: 4. Minibus, matatu | W9: 5. Medium bus | X9: 6. Large Bus | Y9: 7. Light Truck | Z9: 8. Medium Truck | AA9: 9. Heavy truck | AB9: 10. Truck Trailer | AC9: 11. Motorcycles | AD9: 12. Tractors, Graders | AE9: Total Excl M/ Cycles | AF9: Total All
B10: 07.00 - 07.15 | C10: 221 | D10: 63 | E10: 29 | F10: 7 | G10: 2 | H10: 0 | I10: 0 | J10: 1 | K10: 0 | L10: 0 | M10: 115 | N10: 0 | O10: =SUM(C10:L10,N10) -> 323 | P10: =SUM(C10:N10) -> 438 | R10: 0700-0800 | S10: =SUM(C10:C13) -> 746 | T10: =SUM(D10:D13) -> 279 | U10: =SUM(E10:E13) -> 111 | V10: =SUM(F10:F13) -> 21 | W10: =SUM(G10:G13) -> 3 | X10: =SUM(H10:H13) -> 0 | Y10: =SUM(I10:I13) -> 5 | Z10: =SUM(J10:J13) -> 2 | ... AF10: =SUM(P10:P13) -> 1901
B11: 07.15 - 07.30 | C11: 227 | D11: 61 | E11: 40 | F11: 4 | G11: 0 | H11: 0 | I11: 2 | J11: 0 | K11: 1 | L11: 0 | M11: 191 | N11: 0 | O11: =SUM(C11:L11,N11) -> 335 | P11: =SUM(C11:N11) -> 526 | R11: 0800-0900 | S11: =SUM(C14:C17) -> 848 | T11: =SUM(D14:D17) -> 431 | U11: =SUM(E14:E17) -> 118 | V11: =SUM(F14:F17) -> 23 | W11: =SUM(G14:G17) -> 2 | X11: =SUM(H14:H17) -> 0 | Y11: =SUM(I14:I17) -> 26 | Z11: =SUM(J14:J17) -> 7 | ... AF11: =SUM(P14:P17) -> 2557
B12: 07.30 - 07.45 | C12: 155 | D12: 75 | E12: 22 | F12: 2 | G12: 0 | H12: 0 | I12: 1 | J12: 0 | K12: 0 | L12: 0 | M12: 189 | N12: 0 | O12: =SUM(C12:L12,N12) -> 255 | P12: =SUM(C12:N12) -> 444 | R12: 0900-1000 | S12: =SUM(C18:C21) -> 891 | T12: =SUM(D18:D21) -> 380 | U12: =SUM(E18:E21) -> 165 | V12: =SUM(F18:F21) -> 21 | W12: =SUM(G18:G21) -> 4 | X12: =SUM(H18:H21) -> 1 | Y12: =SUM(I18:I21) -> 23 | Z12: =SUM(J18:J21) -> 12 | ... AF12: =SUM(P18:P21) -> 2392
B13: 07.45 - 08.00 | C13: 143 | D13: 80 | E13: 20 | F13: 8 | G13: 1 | H13: 0 | I13: 2 | J13: 1 | K13: 1 | L13: 0 | M13: 237 | N13: 0 | O13: =SUM(C13:L13,N13) -> 256 | P13: =SUM(C13:N13) -> 493 | R13: 1000-1100 | S13: =SUM(C22:C25) -> 712 | T13: =SUM(D22:D25) -> 376 | U13: =SUM(E22:E25) -> 133 | V13: =SUM(F22:F25) -> 73 | W13: =SUM(G22:G25) -> 0 | X13: =SUM(H22:H25) -> 0 | Y13: =SUM(I22:I25) -> 33 | Z13: =SUM(J22:J25) -> 3 | ... AF13: =SUM(P22:P25) -> 2142
B14: 08.00 - 08.15 | C14: 227 | D14: 88 | E14: 27 | F14: 8 | G14: 1 | H14: 0 | I14: 7 | J14: 2 | K14: 0 | L14: 1 | M14: 278 | N14: 0 | O14: =SUM(C14:L14,N14) -> 361 | P14: =SUM(C14:N14) -> 639 | R14: 1100-1200 | S14: =SUM(C26:C29) -> 653 | T14: =SUM(D26:D29) -> 403 | U14: =SUM(E26:E29) -> 150 | V14: =SUM(F26:F29) -> 46 | W14: =SUM(G26:G29) -> 2 | X14: =SUM(H26:H29) -> 0 | Y14: =SUM(I26:I29) -> 29 | Z14: =SUM(J26:J29) -> 15 | ... AF14: =SUM(P26:P29) -> 2189
B15: 08.15 - 08.30 | C15: 219 | D15: 120 | E15: 22 | F15: 3 | G15: 1 | H15: 0 | I15: 3 | J15: 0 | K15: 0 | L15: 0 | M15: 287 | N15: 0 | O15: =SUM(C15:L15,N15) -> 368 | P15: =SUM(C15:N15) -> 655 | R15: 1200-1300 | S15: =SUM(C30:C33) -> 641 | T15: =SUM(D30:D33) -> 258 | U15: =SUM(E30:E33) -> 107 | V15: =SUM(F30:F33) -> 33 | W15: =SUM(G30:G33) -> 0 | X15: =SUM(H30:H33) -> 0 | Y15: =SUM(I30:I33) -> 35 | Z15: =SUM(J30:J33) -> 16 | ... AF15: =SUM(P30:P33) -> 1961
B16: 08.30 - 08.45 | C16: 170 | D16: 115 | E16: 20 | F16: 8 | G16: 0 | H16: 0 | I16: 6 | J16: 2 | K16: 0 | L16: 0 | M16: 288 | N16: 0 | O16: =SUM(C16:L16,N16) -> 321 | P16: =SUM(C16:N16) -> 609 | R16: 1300-1400 | S16: =SUM(C34:C37) -> 594 | T16: =SUM(D34:D37) -> 231 | U16: =SUM(E34:E37) -> 92 | V16: =SUM(F34:F37) -> 19 | W16: =SUM(G34:G37) -> 1 | X16: =SUM(H34:H37) -> 0 | Y16: =SUM(I34:I37) -> 21 | Z16: =SUM(J34:J37) -> 13 | ... AF16: =SUM(P34:P37) -> 1738
B17: 08.45 - 9.00 | C17: 232 | D17: 108 | E17: 49 | F17: 4 | G17: 0 | H17: 0 | I17: 10 | J17: 3 | K17: 0 | L17: 0 | M17: 248 | N17: 0 | O17: =SUM(C17:L17,N17) -> 406 | P17: =SUM(C17:N17) -> 654 | R17: 1400-1500 | S17: =SUM(C38:C41) -> 778 | T17: =SUM(D38:D41) -> 162 | U17: =SUM(E38:E41) -> 56 | V17: =SUM(F38:F41) -> 50 | W17: =SUM(G38:G41) -> 0 | X17: =SUM(H38:H41) -> 0 | Y17: =SUM(I38:I41) -> 43 | Z17: =SUM(J38:J41) -> 9 | ... AF17: =SUM(P38:P41) -> 1876
B18: 09.00 - 09.15 | C18: 228 | D18: 100 | E18: 33 | F18: 7 | G18: 0 | H18: 0 | I18: 8 | J18: 4 | K18: 0 | L18: 0 | M18: 255 | N18: 0 | O18: =SUM(C18:L18,N18) -> 380 | P18: =SUM(C18:N18) -> 635 | R18: 1500-1600 | S18: =SUM(C42:C45) -> 534 | T18: =SUM(D42:D45) -> 290 | U18: =SUM(E42:E45) -> 84 | V18: =SUM(F42:F45) -> 29 | W18: =SUM(G42:G45) -> 2 | X18: =SUM(H42:H45) -> 0 | Y18: =SUM(I42:I45) -> 35 | Z18: =SUM(J42:J45) -> 11 | ... AF18: =SUM(P42:P45) -> 1916
B19: 09.15 - 09.30 | C19: 203 | D19: 101 | E19: 27 | F19: 3 | G19: 1 | H19: 1 | I19: 5 | J19: 2 | K19: 0 | L19: 0 | M19: 217 | N19: 0 | O19: =SUM(C19:L19,N19) -> 343 | P19: =SUM(C19:N19) -> 560 | R19: 1600-1700 | S19: =SUM(C46:C49) -> 593 | T19: =SUM(D46:D49) -> 216 | U19: =SUM(E46:E49) -> 114 | V19: =SUM(F46:F49) -> 16 | W19: =SUM(G46:G49) -> 2 | X19: =SUM(H46:H49) -> 0 | Y19: =SUM(I46:I49) -> 26 | Z19: =SUM(J46:J49) -> 5 | ... AF19: =SUM(P46:P49) -> 1802
B20: 09.30 - 09.45 | C20: 220 | D20: 95 | E20: 25 | F20: 4 | G20: 3 | H20: 0 | I20: 3 | J20: 4 | K20: 2 | L20: 0 | M20: 201 | N20: 0 | O20: =SUM(C20:L20,N20) -> 356 | P20: =SUM(C20:N20) -> 557 | R20: 1700-1800 | S20: =SUM(C50:C53) -> 586 | T20: =SUM(D50:D53) -> 315 | U20: =SUM(E50:E53) -> 137 | V20: =SUM(F50:F53) -> 18 | W20: =SUM(G50:G53) -> 1 | X20: =SUM(H50:H53) -> 0 | Y20: =SUM(I50:I53) -> 19 | Z20: =SUM(J50:J53) -> 4 | ... AF20: =SUM(P50:P53) -> 2021
B21: 09.45 - 10.00 | C21: 240 | D21: 84 | E21: 80 | F21: 7 | G21: 0 | H21: 0 | I21: 7 | J21: 2 | K21: 0 | L21: 2 | M21: 218 | N21: 0 | O21: =SUM(C21:L21,N21) -> 422 | P21: =SUM(C21:N21) -> 640 | R21: 1800-1900 | S21: =SUM(C54:C57) -> 502 | T21: =SUM(D54:D57) -> 239 | U21: =SUM(E54:E57) -> 122 | V21: =SUM(F54:F57) -> 18 | W21: =SUM(G54:G57) -> 2 | X21: =SUM(H54:H57) -> 2 | Y21: =SUM(I54:I57) -> 26 | Z21: =SUM(J54:J57) -> 9 | ... AF21: =SUM(P54:P57) -> 1818
B22: 10.00 - 10.15 | C22: 200 | D22: 120 | E22: 35 | F22: 63 | G22: 0 | H22: 0 | I22: 13 | J22: 1 | K22: 1 | L22: 1 | M22: 242 | N22: 0 | O22: =SUM(C22:L22,N22) -> 434 | P22: =SUM(C22:N22) -> 676 | R22: AM Peak Hr | S22: =MAX(S10:S12) -> 891 | T22: =MAX(T10:T12) -> 431 | U22: =MAX(U10:U12) -> 165 | V22: =MAX(V10:V12) -> 23 | W22: =MAX(W10:W12) -> 4 | X22: =MAX(X10:X12) -> 1 | Y22: =MAX(Y10:Y12) -> 26 | Z22: =MAX(Z10:Z12) -> 12 | ... AF22: =MAX(AF10:AF12) -> 2557
B23: 10.15 - 10.30 | C23: 212 | D23: 104 | E23: 38 | F23: 4 | G23: 0 | H23: 0 | I23: 7 | J23: 0 | K23: 0 | L23: 0 | M23: 199 | N23: 0 | O23: =SUM(C23:L23,N23) -> 365 | P23: =SUM(C23:N23) -> 564 | R23: IP Peak Hr | S23: =MAX(S13:S18) -> 778 | T23: =MAX(T13:T18) -> 403 | U23: =MAX(U13:U18) -> 150 | V23: =MAX(V13:V18) -> 73 | W23: =MAX(W13:W18) -> 2 | X23: =MAX(X13:X18) -> 0 | Y23: =MAX(Y13:Y18) -> 43 | Z23: =MAX(Z13:Z18) -> 16 | ... AF23: =MAX(AF13:AF18) -> 2189
B24: 10.30 - 10.45 | C24: 160 | D24: 83 | E24: 40 | F24: 4 | G24: 0 | H24: 0 | I24: 7 | J24: 2 | K24: 0 | L24: 2 | M24: 131 | N24: 0 | O24: =SUM(C24:L24,N24) -> 298 | P24: =SUM(C24:N24) -> 429 | R24: PM Peak Hr | S24: =MAX(S19:S21) -> 593 | T24: =MAX(T19:T21) -> 315 | U24: =MAX(U19:U21) -> 137 | V24: =MAX(V19:V21) -> 18 | W24: =MAX(W19:W21) -> 2 | X24: =MAX(X19:X21) -> 2 | Y24: =MAX(Y19:Y21) -> 26 | Z24: =MAX(Z19:Z21) -> 9 | ... AF24: =MAX(AF19:AF21) -> 2021
B25: 10.45 - 11.00 | C25: 140 | D25: 69 | E25: 20 | F25: 2 | G25: 0 | H25: 0 | I25: 6 | J25: 0 | K25: 0 | L25: 0 | M25: 236 | N25: 0 | O25: =SUM(C25:L25,N25) -> 237 | P25: =SUM(C25:N25) -> 473 | R25: AM Period | S25: =SUM(S10:S12) -> 2485 | T25: =SUM(T10:T12) -> 1090 | U25: =SUM(U10:U12) -> 394 | V25: =SUM(V10:V12) -> 65 | W25: =SUM(W10:W12) -> 9 | X25: =SUM(X10:X12) -> 1 | Y25: =SUM(Y10:Y12) -> 54 | Z25: =SUM(Z10:Z12) -> 21 | ... AF25: =SUM(AF10:AF12) -> 6850
B26: 11.00 - 11.15 | C26: 158 | D26: 88 | E26: 20 | F26: 8 | G26: 0 | H26: 0 | I26: 4 | J26: 3 | K26: 1 | L26: 1 | M26: 249 | N26: 0 | O26: =SUM(C26:L26,N26) -> 283 | P26: =SUM(C26:N26) -> 532 | R26: IP Period | S26: =SUM(S13:S18) -> 3912 | T26: =SUM(T13:T18) -> 1720 | U26: =SUM(U13:U18) -> 622 | V26: =SUM(V13:V18) -> 250 | W26: =SUM(W13:W18) -> 5 | X26: =SUM(X13:X18) -> 0 | Y26: =SUM(Y13:Y18) -> 196 | Z26: =SUM(Z13:Z18) -> 67 | ... AF26: =SUM(AF13:AF18) -> 11822
B27: 11.15 - 11.30 | C27: 155 | D27: 90 | E27: 62 | F27: 15 | G27: 0 | H27: 0 | I27: 5 | J27: 2 | K27: 0 | L27: 0 | M27: 203 | N27: 0 | O27: =SUM(C27:L27,N27) -> 329 | P27: =SUM(C27:N27) -> 532 | R27: PM Period | S27: =SUM(S19:S21) -> 1681 | T27: =SUM(T19:T21) -> 770 | U27: =SUM(U19:U21) -> 373 | V27: =SUM(V19:V21) -> 52 | W27: =SUM(W19:W21) -> 5 | X27: =SUM(X19:X21) -> 2 | Y27: =SUM(Y19:Y21) -> 71 | Z27: =SUM(Z19:Z21) -> 18 | ... AF27: =SUM(AF19:AF21) -> 5641
B28: 11.30 - 11.45 | C28: 185 | D28: 95 | E28: 33 | F28: 14 | G28: 1 | H28: 0 | I28: 12 | J28: 5 | K28: 2 | L28: 0 | M28: 220 | N28: 0 | O28: =SUM(C28:L28,N28) -> 347 | P28: =SUM(C28:N28) -> 567 | R28: 12 Hours | S28: =SUM(S10:S21) -> 8078 | T28: =SUM(T10:T21) -> 3580 | U28: =SUM(U10:U21) -> 1389 | V28: =SUM(V10:V21) -> 367 | W28: =SUM(W10:W21) -> 19 | X28: =SUM(X10:X21) -> 3 | Y28: =SUM(Y10:Y21) -> 321 | Z28: =SUM(Z10:Z21) -> 106 | ... AF28: =SUM(AF10:AF21) -> 24313
B29: 11.45 - 12.00 | C29: 155 | D29: 130 | E29: 35 | F29: 9 | G29: 1 | H29: 0 | I29: 8 | J29: 5 | K29: 0 | L29: 0 | M29: 215 | N29: 0 | O29: =SUM(C29:L29,N29) -> 343 | P29: =SUM(C29:N29) -> 558
B30: 12.00 - 12.15 | C30: 188 | D30: 97 | E30: 41 | F30: 6 | G30: 0 | H30: 0 | I30: 10 | J30: 2 | K30: 1 | L30: 0 | M30: 234 | N30: 0 | O30: =SUM(C30:L30,N30) -> 345 | P30: =SUM(C30:N30) -> 579
B31: 12.15 - 12.30 | C31: 140 | D31: 64 | E31: 22 | F31: 4 | G31: 0 | H31: 0 | I31: 2 | J31: 3 | K31: 2 | L31: 0 | M31: 221 | N31: 0 | O31: =SUM(C31:L31,N31) -> 237 | P31: =SUM(C31:N31) -> 458
B32: 12.30 - 12.45 | C32: 153 | D32: 40 | E32: 20 | F32: 3 | G32: 0 | H32: 0 | I32: 14 | J32: 5 | K32: 1 | L32: 0 | M32: 209 | N32: 0 | O32: =SUM(C32:L32,N32) -> 236 | P32: =SUM(C32:N32) -> 445
B33: 12.45 - 13.00 | C33: 160 | D33: 57 | E33: 24 | F33: 20 | G33: 0 | H33: 0 | I33: 9 | J33: 6 | K33: 0 | L33: 1 | M33: 202 | N33: 0 | O33: =SUM(C33:L33,N33) -> 277 | P33: =SUM(C33:N33) -> 479
B34: 13.00 - 13.15 | C34: 205 | D34: 63 | E34: 21 | F34: 4 | G34: 0 | H34: 0 | I34: 7 | J34: 3 | K34: 0 | L34: 0 | M34: 196 | N34: 0 | O34: =SUM(C34:L34,N34) -> 303 | P34: =SUM(C34:N34) -> 499
B35: 13.15 - 13.30 | C35: 120 | D35: 42 | E35: 17 | F35: 2 | G35: 0 | H35: 0 | I35: 1 | J35: 2 | K35: 0 | L35: 0 | M35: 186 | N35: 0 | O35: =SUM(C35:L35,N35) -> 184 | P35: =SUM(C35:N35) -> 370
B36: 13.30 - 13.45 | C36: 129 | D36: 59 | E36: 29 | F36: 5 | G36: 1 | H36: 0 | I36: 7 | J36: 6 | K36: 2 | L36: 0 | M36: 207 | N36: 0 | O36: =SUM(C36:L36,N36) -> 238 | P36: =SUM(C36:N36) -> 445
B37: 13.45 - 14.00 | C37: 140 | D37: 67 | E37: 25 | F37: 8 | G37: 0 | H37: 0 | I37: 6 | J37: 2 | K37: 1 | L37: 0 | M37: 175 | N37: 0 | O37: =SUM(C37:L37,N37) -> 249 | P37: =SUM(C37:N37) -> 424
B38: 14.00 - 14.15 | C38: 190 | D38: 47 | E38: 19 | F38: 9 | G38: 0 | H38: 0 | I38: 7 | J38: 4 | K38: 0 | L38: 1 | M38: 165 | N38: 0 | O38: =SUM(C38:L38,N38) -> 277 | P38: =SUM(C38:N38) -> 442
B39: 14.15 - 14.30 | C39: 180 | D39: 30 | E39: 10 | F39: 12 | G39: 0 | H39: 0 | I39: 9 | J39: 1 | K39: 0 | L39: 0 | M39: 196 | N39: 0 | O39: =SUM(C39:L39,N39) -> 242 | P39: =SUM(C39:N39) -> 438
B40: 14.30 - 14.45 | C40: 223 | D40: 35 | E40: 8 | F40: 8 | G40: 0 | H40: 0 | I40: 13 | J40: 2 | K40: 2 | L40: 0 | M40: 207 | N40: 0 | O40: =SUM(C40:L40,N40) -> 291 | P40: =SUM(C40:N40) -> 498
... B57: 18.45 - 19.00 | C57: 140 | D57: 47 | E57: 27 | F57: 7 | G57: 0 | H57: 0 | I57: 4 | J57: 0 | K57: 1 | L57: 0 | M57: 218 | N57: 0 | O57: =SUM(C57:L57,N57) -> 226 | P57: =SUM(C57:N57) -> 444
B58: Totals | C58: =SUM(C10:C57) -> 8078 | D58: =SUM(D10:D57) -> 3580 | E58: =SUM(E10:E57) -> 1389 | F58: =SUM(F10:F57) -> 367 | G58: =SUM(G10:G57) -> 19 | H58: =SUM(H10:H57) -> 3 | I58: =SUM(I10:I57) -> 321 | J58: =SUM(J10:J57) -> 106 | ... P58: =SUM(P10:P57) -> 24313
B59: %ges + MCs | C59: =C58/$P$58 -> 0.33225024 | D59: =D58/$P$58 -> 0.14724633 | E59: =E58/$P$58 -> 0.05712993 | F59: =F58/$P$58 -> 0.015094805 | G59: =G58/$P$58 -> 0.00078147493 | H59: =H58/$P$58 -> 0.00012339078 | I59: =I58/$P$58 -> 0.013202813 | J59: =J58/$P$58 -> 0.0043598075 | ... N59: =N58/$P$58 -> 0
B60: %ges w/o MCs | C60: =C58/$O$58 -> 0.58090033 | D60: =D58/$O$58 -> 0.25744283 | E60: =E58/$O$58 -> 0.099884942 | F60: =F58/$O$58 -> 0.026391486 | G60: =G58/$O$58 -> 0.0013663167 | H60: =H58/$O$58 -> 0.00021573422 | I60: =I58/$O$58 -> 0.023083561 | J60: =J58/$O$58 -> 0.0076226089 | ... L60: =L58/$O$58 -> 0.00079102546 | N60: =N58/$O$58 -> 0

Sheet 1.08 Jinja Road-Kira Road-24h
B1: Consultancy services for Preparation of Expressway Development Master Plan (EDMP) for Uganda
B2: MANUAL CLASSIFIED COUNT (MCC)
B3: ROAD NAME: | C3: ='29.07 JinjaRoad-Kira Road'!C3:G3 -> MCC - C1 - STN47 - LUGOGO BYPASS ROAD
C5: Date | D5: 1.08.19 | F5: Location | G5: ='2.08 Kira Road-Jinja road'!G5:H5 -> Shell Petrol Station | J5: Surveyor | K5: ='2.08 Kira Road-Jinja road'!K5:L5 -> Ssemuko Samuel Junior
C6: Dir. From | D6: ='29.07 JinjaRoad-Kira Road'!D6:E6 -> Jinja Road | F6: Dir. To | G6: ='29.07 JinjaRoad-Kira Road'!G6:H6 -> Kira Road | J6: Supervisor | K6: ='2.08 Kira Road-Jinja road'!K6:L6 -> Steven
B8: Time / Veh Type | R8: SUMMARY TRAFFIC VOLUMES
C9: 1. Car | D9: 2. Station Wagon | E9: 3. Pickups | F9: 4. Minibus, matatu | G9: 5. Medium bus | H9: 6. Large Bus | I9: 7. Light Truck | J9: 8. Medium Truck | K9: 9. Heavy truck | L9: 10. Truck Trailer | M9: 11. Motor cycles | N9: 12. Tractors | O9: Total Excl M/Cycles | P9: Total All | R9: Time | S9: 1. Car | T9: 2. Station Wagon | U9: 3. Pickups | V9: 4. Minibus, matatu | W9: 5. Medium bus | X9: 6. Large Bus | Y9: 7. Light Truck | Z9: 8. Medium Truck | AA9: 9. Heavy truck | AB9: 10. Truck Trailer | AC9: 11. Motorcycles | AD9: 12. Tractors, Graders | AE9: Total Excl M/ Cycles | AF9: Total All
B10: 07.00 - 07.15 | C10: 43 | D10: 28 | E10: 6 | F10: 3 | G10: 0 | H10: 0 | I10: 2 | J10: 0 | K10: 0 | L10: 0 | M10: 60 | N10: 0 | O10: =SUM(C10:L10,N10) -> 82 | P10: =SUM(C10:N10) -> 142 | R10: 0700-0800 | S10: =SUM(C10:C13) -> 239 | T10: =SUM(D10:D13) -> 110 | U10: =SUM(E10:E13) -> 23 | V10: =SUM(F10:F13) -> 7 | W10: =SUM(G10:G13) -> 0 | X10: =SUM(H10:H13) -> 0 | Y10: =SUM(I10:I13) -> 3 | Z10: =SUM(J10:J13) -> 0 | ... AF10: =SUM(P10:P13) -> 1021
B11: 07.15 - 07.30 | C11: 53 | D11: 21 | E11: 6 | F11: 2 | G11: 0 | H11: 0 | I11: 1 | J11: 0 | K11: 1 | L11: 0 | M11: 176 | N11: 0 | O11: =SUM(C11:L11,N11) -> 84 | P11: =SUM(C11:N11) -> 260 | R11: 0800-0900 | S11: =SUM(C14:C17) -> 220 | T11: =SUM(D14:D17) -> 92 | U11: =SUM(E14:E17) -> 31 | V11: =SUM(F14:F17) -> 13 | W11: =SUM(G14:G17) -> 1 | X11: =SUM(H14:H17) -> 0 | Y11: =SUM(I14:I17) -> 7 | Z11: =SUM(J14:J17) -> 2 | ... AF11: =SUM(P14:P17) -> 1242
B12: 07.30 - 07.45 | C12: 72 | D12: 35 | E12: 4 | F12: 1 | G12: 0 | H12: 0 | I12: 0 | J12: 0 | K12: 0 | L12: 2 | M12: 160 | N12: 0 | O12: =SUM(C12:L12,N12) -> 114 | P12: =SUM(C12:N12) -> 274 | R12: 0900-1000 | S12: =SUM(C18:C21) -> 199 | T12: =SUM(D18:D21) -> 128 | U12: =SUM(E18:E21) -> 39 | V12: =SUM(F18:F21) -> 17 | W12: =SUM(G18:G21) -> 1 | X12: =SUM(H18:H21) -> 0 | Y12: =SUM(I18:I21) -> 12 | Z12: =SUM(J18:J21) -> 8 | ... AF12: =SUM(P18:P21) -> 1195
B13: 07.45 - 08.00 | C13: 71 | D13: 26 | E13: 7 | F13: 1 | G13: 0 | H13: 0 | I13: 0 | J13: 0 | K13: 0 | L13: 0 | M13: 240 | N13: 0 | O13: =SUM(C13:L13,N13) -> 105 | P13: =SUM(C13:N13) -> 345 | R13: 1000-1100 | S13: =SUM(C22:C25) -> 234 | T13: =SUM(D22:D25) -> 152 | U13: =SUM(E22:E25) -> 40 | V13: =SUM(F22:F25) -> 14 | W13: =SUM(G22:G25) -> 2 | X13: =SUM(H22:H25) -> 0 | Y13: =SUM(I22:I25) -> 8 | Z13: =SUM(J22:J25) -> 6 | ... AF13: =SUM(P22:P25) -> 806
B14: 08.00 - 08.15 | C14: 58 | D14: 28 | E14: 10 | F14: 7 | G14: 0 | H14: 0 | I14: 2 | J14: 1 | K14: 1 | L14: 0 | M14: 240 | N14: 0 | O14: =SUM(C14:L14,N14) -> 107 | P14: =SUM(C14:N14) -> 347 | R14: 1100-1200 | S14: =SUM(C26:C29) -> 267 | T14: =SUM(D26:D29) -> 171 | U14: =SUM(E26:E29) -> 32 | V14: =SUM(F26:F29) -> 10 | W14: =SUM(G26:G29) -> 1 | X14: =SUM(H26:H29) -> 0 | Y14: =SUM(I26:I29) -> 6 | Z14: =SUM(J26:J29) -> 5 | ... AF14: =SUM(P26:P29) -> 927
B15: 08.15 - 08.30 | C15: 64 | D15: 18 | E15: 4 | F15: 1 | G15: 0 | H15: 0 | I15: 1 | J15: 0 | K15: 0 | L15: 0 | M15: 265 | N15: 0 | O15: =SUM(C15:L15,N15) -> 88 | P15: =SUM(C15:N15) -> 353 | R15: 1200-1300 | S15: =SUM(C30:C33) -> 299 | T15: =SUM(D30:D33) -> 180 | U15: =SUM(E30:E33) -> 41 | V15: =SUM(F30:F33) -> 15 | W15: =SUM(G30:G33) -> 4 | X15: =SUM(H30:H33) -> 2 | Y15: =SUM(I30:I33) -> 4 | Z15: =SUM(J30:J33) -> 3 | ... AF15: =SUM(P30:P33) -> 970
B16: 08.30 - 08.45 | C16: 41 | D16: 16 | E16: 7 | F16: 1 | G16: 0 | H16: 0 | I16: 2 | J16: 0 | K16: 0 | L16: 0 | M16: 105 | N16: 0 | O16: =SUM(C16:L16,N16) -> 67 | P16: =SUM(C16:N16) -> 172 | R16: 1300-1400 | S16: =SUM(C34:C37) -> 356 | T16: =SUM(D34:D37) -> 206 | U16: =SUM(E34:E37) -> 49 | V16: =SUM(F34:F37) -> 11 | W16: =SUM(G34:G37) -> 4 | X16: =SUM(H34:H37) -> 1 | Y16: =SUM(I34:I37) -> 14 | Z16: =SUM(J34:J37) -> 6 | ... AF16: =SUM(P34:P37) -> 1188
B17: 08.45 - 9.00 | C17: 57 | D17: 30 | E17: 10 | F17: 4 | G17: 1 | H17: 0 | I17: 2 | J17: 1 | K17: 0 | L17: 0 | M17: 265 | N17: 0 | O17: =SUM(C17:L17,N17) -> 105 | P17: =SUM(C17:N17) -> 370 | R17: 1400-1500 | S17: =SUM(C38:C41) -> 302 | T17: =SUM(D38:D41) -> 191 | U17: =SUM(E38:E41) -> 35 | V17: =SUM(F38:F41) -> 10 | W17: =SUM(G38:G41) -> 0 | X17: =SUM(H38:H41) -> 0 | Y17: =SUM(I38:I41) -> 6 | Z17: =SUM(J38:J41) -> 8 | ... AF17: =SUM(P38:P41) -> 1128
B18: 09.00 - 09.15 | C18: 49 | D18: 34 | E18: 9 | F18: 0 | G18: 0 | H18: 0 | I18: 4 | J18: 3 | K18: 0 | L18: 0 | M18: 250 | N18: 0 | O18: =SUM(C18:L18,N18) -> 99 | P18: =SUM(C18:N18) -> 349 | R18: 1500-1600 | S18: =SUM(C42:C45) -> 331 | T18: =SUM(D42:D45) -> 225 | U18: =SUM(E42:E45) -> 37 | V18: =SUM(F42:F45) -> 11 | W18: =SUM(G42:G45) -> 0 | X18: =SUM(H42:H45) -> 0 | Y18: =SUM(I42:I45) -> 5 | Z18: =SUM(J42:J45) -> 6 | ... AF18: =SUM(P42:P45) -> 1210
B19: 09.15 - 09.30 | C19: 49 | D19: 26 | E19: 9 | F19: 3 | G19: 0 | H19: 0 | I19: 1 | J19: 0 | K19: 0 | L19: 0 | M19: 195 | N19: 0 | O19: =SUM(C19:L19,N19) -> 88 | P19: =SUM(C19:N19) -> 283 | R19: 1600-1700 | S19: =SUM(C46:C49) -> 277 | T19: =SUM(D46:D49) -> 210 | U19: =SUM(E46:E49) -> 39 | V19: =SUM(F46:F49) -> 14 | W19: =SUM(G46:G49) -> 0 | X19: =SUM(H46:H49) -> 0 | Y19: =SUM(I46:I49) -> 10 | Z19: =SUM(J46:J49) -> 5 | ... AF19: =SUM(P46:P49) -> 1251
B20: 09.30 - 09.45 | C20: 58 | D20: 39 | E20: 12 | F20: 5 | G20: 0 | H20: 0 | I20: 4 | J20: 3 | K20: 0 | L20: 0 | M20: 130 | N20: 0 | O20: =SUM(C20:L20,N20) -> 121 | P20: =SUM(C20:N20) -> 251 | R20: 1700-1800 | S20: =SUM(C50:C53) -> 342 | T20: =SUM(D50:D53) -> 203 | U20: =SUM(E50:E53) -> 37 | V20: =SUM(F50:F53) -> 12 | W20: =SUM(G50:G53) -> 1 | X20: =SUM(H50:H53) -> 1 | Y20: =SUM(I50:I53) -> 8 | Z20: =SUM(J50:J53) -> 5 | ... AF20: =SUM(P50:P53) -> 1362
B21: 09.45 - 10.00 | C21: 43 | D21: 29 | E21: 9 | F21: 9 | G21: 1 | H21: 0 | I21: 3 | J21: 2 | K21: 1 | L21: 0 | M21: 215 | N21: 0 | O21: =SUM(C21:L21,N21) -> 97 | P21: =SUM(C21:N21) -> 312 | R21: 1800-1900 | S21: =SUM(C54:C57) -> 330 | T21: =SUM(D54:D57) -> 161 | U21: =SUM(E54:E57) -> 28 | V21: =SUM(F54:F57) -> 11 | W21: =SUM(G54:G57) -> 1 | X21: =SUM(H54:H57) -> 0 | Y21: =SUM(I54:I57) -> 8 | Z21: =SUM(J54:J57) -> 6 | ... AF21: =SUM(P54:P57) -> 1003
B22: 10.00 - 10.15 | C22: 63 | D22: 39 | E22: 11 | F22: 7 | G22: 1 | H22: 0 | I22: 6 | J22: 1 | K22: 0 | L22: 0 | M22: 70 | N22: 0 | O22: =SUM(C22:L22,N22) -> 128 | P22: =SUM(C22:N22) -> 198 | R22: 1900-2000 | S22: =SUM(C58:C61) -> 260 | T22: =SUM(D58:D61) -> 137 | U22: =SUM(E58:E61) -> 25 | V22: =SUM(F58:F61) -> 4 | W22: =SUM(G58:G61) -> 0 | X22: =SUM(H58:H61) -> 0 | Y22: =SUM(I58:I61) -> 1 | Z22: =SUM(J58:J61) -> 2 | ... AF22: =SUM(P58:P61) -> 984
B23: 10.15 - 10.30 | C23: 61 | D23: 33 | E23: 8 | F23: 3 | G23: 0 | H23: 0 | I23: 1 | J23: 1 | K23: 1 | L23: 1 | M23: 87 | N23: 0 | O23: =SUM(C23:L23,N23) -> 109 | P23: =SUM(C23:N23) -> 196 | R23: 2000-2100 | S23: =SUM(C62:C65) -> 219 | T23: =SUM(D62:D65) -> 118 | U23: =SUM(E62:E65) -> 25 | V23: =SUM(F62:F65) -> 3 | W23: =SUM(G62:G65) -> 0 | X23: =SUM(H62:H65) -> 0 | Y23: =SUM(I62:I65) -> 4 | Z23: =SUM(J62:J65) -> 0 | ... AF23: =SUM(P62:P65) -> 722
B24: 10.30 - 10.45 | C24: 64 | D24: 38 | E24: 8 | F24: 1 | G24: 1 | H24: 0 | I24: 0 | J24: 0 | K24: 0 | L24: 1 | M24: 114 | N24: 0 | O24: =SUM(C24:L24,N24) -> 113 | P24: =SUM(C24:N24) -> 227 | R24: 2100-2200 | S24: =SUM(C66:C69) -> 193 | T24: =SUM(D66:D69) -> 120 | U24: =SUM(E66:E69) -> 18 | V24: =SUM(F66:F69) -> 8 | W24: =SUM(G66:G69) -> 0 | X24: =SUM(H66:H69) -> 1 | Y24: =SUM(I66:I69) -> 1 | Z24: =SUM(J66:J69) -> 1 | ... AF24: =SUM(P66:P69) -> 498
B25: 10.45 - 11.00 | C25: 46 | D25: 42 | E25: 13 | F25: 3 | G25: 0 | H25: 0 | I25: 1 | J25: 4 | K25: 0 | L25: 1 | M25: 75 | N25: 0 | O25: =SUM(C25:L25,N25) -> 110 | P25: =SUM(C25:N25) -> 185 | R25: 2200-2300 | S25: =SUM(C70:C73) -> 154 | T25: =SUM(D70:D73) -> 61 | U25: =SUM(E70:E73) -> 9 | V25: =SUM(F70:F73) -> 10 | W25: =SUM(G70:G73) -> 0 | X25: =SUM(H70:H73) -> 0 | Y25: =SUM(I70:I73) -> 2 | Z25: =SUM(J70:J73) -> 1 | ... AF25: =SUM(P70:P73) -> 381
B26: 11.00 - 11.15 | C26: 64 | D26: 47 | E26: 10 | F26: 3 | G26: 1 | H26: 0 | I26: 0 | J26: 0 | K26: 0 | L26: 0 | M26: 85 | N26: 0 | O26: =SUM(C26:L26,N26) -> 125 | P26: =SUM(C26:N26) -> 210 | R26: 2300-0000 | S26: =SUM(C74:C77) -> 104 | T26: =SUM(D74:D77) -> 48 | U26: =SUM(E74:E77) -> 14 | V26: =SUM(F74:F77) -> 4 | W26: =SUM(G74:G77) -> 0 | X26: =SUM(H74:H77) -> 0 | Y26: =SUM(I74:I77) -> 0 | Z26: =SUM(J74:J77) -> 0 | ... AF26: =SUM(P74:P77) -> 338
B27: 11.15 - 11.30 | C27: 56 | D27: 33 | E27: 3 | F27: 2 | G27: 0 | H27: 0 | I27: 3 | J27: 2 | K27: 0 | L27: 0 | M27: 87 | N27: 0 | O27: =SUM(C27:L27,N27) -> 99 | P27: =SUM(C27:N27) -> 186 | R27: 0000-0100 | S27: =SUM(C78:C81) -> 79 | T27: =SUM(D78:D81) -> 37 | U27: =SUM(E78:E81) -> 2 | V27: =SUM(F78:F81) -> 5 | W27: =SUM(G78:G81) -> 0 | X27: =SUM(H78:H81) -> 0 | Y27: =SUM(I78:I81) -> 1 | Z27: =SUM(J78:J81) -> 3 | ... AF27: =SUM(P78:P81) -> 205
B28: 11.30 - 11.45 | C28: 78 | D28: 58 | E28: 13 | F28: 3 | G28: 0 | H28: 0 | I28: 2 | J28: 1 | K28: 0 | L28: 0 | M28: 155 | N28: 0 | O28: =SUM(C28:L28,N28) -> 155 | P28: =SUM(C28:N28) -> 310 | R28: 0100-0200 | S28: =SUM(C82:C85) -> 42 | T28: =SUM(D82:D85) -> 23 | U28: =SUM(E82:E85) -> 2 | V28: =SUM(F82:F85) -> 0 | W28: =SUM(G82:G85) -> 0 | X28: =SUM(H82:H85) -> 0 | Y28: =SUM(I82:I85) -> 0 | Z28: =SUM(J82:J85) -> 0 | ... AF28: =SUM(P82:P85) -> 128
B29: 11.45 - 12.00 | C29: 69 | D29: 33 | E29: 6 | F29: 2 | G29: 0 | H29: 0 | I29: 1 | J29: 2 | K29: 1 | L29: 0 | M29: 107 | N29: 0 | O29: =SUM(C29:L29,N29) -> 114 | P29: =SUM(C29:N29) -> 221 | R29: 0200-0300 | S29: =SUM(C86:C89) -> 43 | T29: =SUM(D86:D89) -> 12 | U29: =SUM(E86:E89) -> 4 | V29: =SUM(F86:F89) -> 0 | W29: =SUM(G86:G89) -> 0 | X29: =SUM(H86:H89) -> 0 | Y29: =SUM(I86:I89) -> 0 | Z29: =SUM(J86:J89) -> 0 | ... AF29: =SUM(P86:P89) -> 87
B30: 12.00 - 12.15 | C30: 80 | D30: 30 | E30: 14 | F30: 5 | G30: 0 | H30: 1 | I30: 1 | J30: 1 | K30: 0 | L30: 0 | M30: 107 | N30: 0 | O30: =SUM(C30:L30,N30) -> 132 | P30: =SUM(C30:N30) -> 239 | R30: 0300-0400 | S30: =SUM(C90:C93) -> 24 | T30: =SUM(D90:D93) -> 6 | U30: =SUM(E90:E93) -> 2 | V30: =SUM(F90:F93) -> 3 | W30: =SUM(G90:G93) -> 0 | X30: =SUM(H90:H93) -> 0 | Y30: =SUM(I90:I93) -> 0 | Z30: =SUM(J90:J93) -> 2 | ... AF30: =SUM(P90:P93) -> 68
B31: 12.15 - 12.30 | C31: 73 | D31: 47 | E31: 11 | F31: 6 | G31: 1 | H31: 1 | I31: 1 | J31: 0 | K31: 0 | L31: 2 | M31: 120 | N31: 0 | O31: =SUM(C31:L31,N31) -> 142 | P31: =SUM(C31:N31) -> 262 | R31: 0400-0500 | S31: =SUM(C94:C97) -> 18 | T31: =SUM(D94:D97) -> 4 | U31: =SUM(E94:E97) -> 2 | V31: =SUM(F94:F97) -> 0 | W31: =SUM(G94:G97) -> 0 | X31: =SUM(H94:H97) -> 0 | Y31: =SUM(I94:I97) -> 1 | Z31: =SUM(J94:J97) -> 1 | ... AF31: =SUM(P94:P97) -> 63
B32: 12.30 - 12.45 | C32: 70 | D32: 54 | E32: 10 | F32: 1 | G32: 0 | H32: 0 | I32: 1 | J32: 0 | K32: 0 | L32: 0 | M32: 130 | N32: 0 | O32: =SUM(C32:L32,N32) -> 136 | P32: =SUM(C32:N32) -> 266 | R32: 0500-0600 | S32: =SUM(C98:C101) -> 24 | T32: =SUM(D98:D101) -> 6 | U32: =SUM(E98:E101) -> 3 | V32: =SUM(F98:F101) -> 0 | W32: =SUM(G98:G101) -> 0 | X32: =SUM(H98:H101) -> 0 | Y32: =SUM(I98:I101) -> 0 | Z32: =SUM(J98:J101) -> 2 | ... AF32: =SUM(P98:P101) -> 90
B33: 12.45 - 13.00 | C33: 76 | D33: 49 | E33: 6 | F33: 3 | G33: 3 | H33: 0 | I33: 1 | J33: 2 | K33: 0 | L33: 0 | M33: 63 | N33: 0 | O33: =SUM(C33:L33,N33) -> 140 | P33: =SUM(C33:N33) -> 203 | R33: 0600-0700 | S33: =SUM(C102:C105) -> 143 | T33: =SUM(D102:D105) -> 74 | U33: =SUM(E102:E105) -> 15 | V33: =SUM(F102:F105) -> 5 | W33: =SUM(G102:G105) -> 0 | X33: =SUM(H102:H105) -> 0 | Y33: =SUM(I102:I105) -> 1 | Z33: =SUM(J102:J105) -> 1 | ... AF33: =SUM(P102:P105) -> 432
B34: 13.00 - 13.15 | C34: 91 | D34: 56 | E34: 9 | F34: 3 | G34: 0 | H34: 0 | I34: 2 | J34: 2 | K34: 0 | L34: 0 | M34: 85 | N34: 0 | O34: =SUM(C34:L34,N34) -> 163 | P34: =SUM(C34:N34) -> 248 | R34: AM Peak Hr | S34: =MAX(S10:S12) -> 239 | T34: =MAX(T10:T12) -> 128 | U34: =MAX(U10:U12) -> 39 | V34: =MAX(V10:V12) -> 17 | W34: =MAX(W10:W12) -> 1 | X34: =MAX(X10:X12) -> 0 | Y34: =MAX(Y10:Y12) -> 12 | Z34: =MAX(Z10:Z12) -> 8 | ... AF34: =MAX(AF10:AF12) -> 1242
B35: 13.15 - 13.30 | C35: 96 | D35: 59 | E35: 11 | F35: 4 | G35: 0 | H35: 0 | I35: 4 | J35: 1 | K35: 1 | L35: 0 | M35: 120 | N35: 0 | O35: =SUM(C35:L35,N35) -> 176 | P35: =SUM(C35:N35) -> 296 | R35: IP Peak Hr | S35: =MAX(S13:S18) -> 356 | T35: =MAX(T13:T18) -> 225 | U35: =MAX(U13:U18) -> 49 | V35: =MAX(V13:V18) -> 15 | W35: =MAX(W13:W18) -> 4 | X35: =MAX(X13:X18) -> 2 | Y35: =MAX(Y13:Y18) -> 14 | Z35: =MAX(Z13:Z18) -> 8 | ... AF35: =MAX(AF13:AF18) -> 1210
B36: 13.30 - 13.45 | C36: 102 | D36: 48 | E36: 14 | F36: 2 | G36: 4 | H36: 1 | I36: 2 | J36: 1 | K36: 0 | L36: 0 | M36: 125 | N36: 0 | O36: =SUM(C36:L36,N36) -> 174 | P36: =SUM(C36:N36) -> 299 | R36: PM Peak Hr | S36: =MAX(S19:S21) -> 342 | T36: =MAX(T19:T21) -> 210 | U36: =MAX(U19:U21) -> 39 | V36: =MAX(V19:V21) -> 14 | W36: =MAX(W19:W21) -> 1 | X36: =MAX(X19:X21) -> 1 | Y36: =MAX(Y19:Y21) -> 10 | Z36: =MAX(Z19:Z21) -> 6 | ... AF36: =MAX(AF19:AF21) -> 1362
B37: 13.45 - 14.00 | C37: 67 | D37: 43 | E37: 15 | F37: 2 | G37: 0 | H37: 0 | I37: 6 | J37: 2 | K37: 0 | L37: 0 | M37: 210 | N37: 0 | O37: =SUM(C37:L37,N37) -> 135 | P37: =SUM(C37:N37) -> 345 | R37: AM Period | S37: =SUM(S10:S12) -> 658 | T37: =SUM(T10:T12) -> 330 | U37: =SUM(U10:U12) -> 93 | V37: =SUM(V10:V12) -> 37 | W37: =SUM(W10:W12) -> 2 | X37: =SUM(X10:X12) -> 0 | Y37: =SUM(Y10:Y12) -> 22 | Z37: =SUM(Z10:Z12) -> 10 | ... AF37: =SUM(AF10:AF12) -> 3458
B38: 14.00 - 14.15 | C38: 74 | D38: 47 | E38: 7 | F38: 3 | G38: 0 | H38: 0 | I38: 1 | J38: 4 | K38: 0 | L38: 0 | M38: 125 | N38: 0 | O38: =SUM(C38:L38,N38) -> 136 | P38: =SUM(C38:N38) -> 261 | R38: IP Period | S38: =SUM(S13:S18) -> 1789 | T38: =SUM(T13:T18) -> 1125 | U38: =SUM(U13:U18) -> 234 | V38: =SUM(V13:V18) -> 71 | W38: =SUM(W13:W18) -> 11 | X38: =SUM(X13:X18) -> 3 | Y38: =SUM(Y13:Y18) -> 43 | Z38: =SUM(Z13:Z18) -> 34 | ... AF38: =SUM(AF13:AF18) -> 6229
B39: 14.15 - 14.30 | C39: 72 | D39: 44 | E39: 10 | F39: 3 | G39: 0 | H39: 0 | I39: 3 | J39: 0 | K39: 0 | L39: 0 | M39: 105 | N39: 0 | O39: =SUM(C39:L39,N39) -> 132 | P39: =SUM(C39:N39) -> 237 | R39: PM Period | S39: =SUM(S19:S21) -> 949 | T39: =SUM(T19:T21) -> 574 | U39: =SUM(U19:U21) -> 104 | V39: =SUM(V19:V21) -> 37 | W39: =SUM(W19:W21) -> 2 | X39: =SUM(X19:X21) -> 1 | Y39: =SUM(Y19:Y21) -> 26 | Z39: =SUM(Z19:Z21) -> 16 | ... AF39: =SUM(AF19:AF21) -> 3616
B40: 14.30 - 14.45 | C40: 82 | D40: 47 | E40: 9 | F40: 3 | G40: 0 | H40: 0 | I40: 2 | J40: 1 | K40: 1 | L40: 0 | M40: 160 | N40: 0 | O40: =SUM(C40:L40,N40) -> 145 | P40: =SUM(C40:N40) -> 305 | R40: 12 Hours | S40: =SUM(S10:S21) -> 3396 | T40: =SUM(T10:T21) -> 2029 | U40: =SUM(U10:U21) -> 431 | V40: =SUM(V10:V21) -> 145 | W40: =SUM(W10:W21) -> 15 | X40: =SUM(X10:X21) -> 4 | Y40: =SUM(Y10:Y21) -> 91 | Z40: =SUM(Z10:Z21) -> 60 | ... AF40: =SUM(AF10:AF21) -> 13303
B41: 14.45 - 15.00 | C41: 74 | D41: 53 | E41: 9 | F41: 1 | G41: 0 | H41: 0 | I41: 0 | J41: 3 | K41: 0 | L41: 0 | M41: 185 | N41: 0 | O41: =SUM(C41:L41,N41) -> 140 | P41: =SUM(C41:N41) -> 325 | R41: 24 Hrs/ADT | S41: =SUM(S10:S33) -> 4699 | T41: =SUM(T10:T33) -> 2675 | U41: =SUM(U10:U33) -> 552 | V41: =SUM(V10:V33) -> 187 | W41: =SUM(W10:W33) -> 15 | X41: =SUM(X10:X33) -> 5 | Y41: =SUM(Y10:Y33) -> 102 | Z41: =SUM(Z10:Z33) -> 73 | ... AF41: =SUM(AF10:AF33) -> 17299
B42: 15.00 - 15.15 | C42: 83 | D42: 71 | E42: 7 | F42: 3 | G42: 0 | H42: 0 | I42: 1 | J42: 3 | K42: 1 | L42: 1 | M42: 180 | N42: 0 | O42: =SUM(C42:L42,N42) -> 170 | P42: =SUM(C42:N42) -> 350 | R42: NEF | S42: =S41/S40 -> 1.3836867 | T42: =T41/T40 -> 1.3183834 | U42: =U41/U40 -> 1.2807425 | V42: =V41/V40 -> 1.2896552 | W42: =W41/W40 -> 1 | X42: =X41/X40 -> 1.25 | Y42: =Y41/Y40 -> 1.1208791 | Z42: =Z41/Z40 -> 1.2166667 | ... AF42: =AF41/AF40 -> 1.3003834
B43: 15.15 - 15.30 | C43: 96 | D43: 62 | E43: 9 | F43: 2 | G43: 0 | H43: 0 | I43: 2 | J43: 0 | K43: 0 | L43: 2 | M43: 100 | N43: 0 | O43: =SUM(C43:L43,N43) -> 173 | P43: =SUM(C43:N43) -> 273
B44: 15.30 - 15.45 | C44: 108 | D44: 54 | E44: 13 | F44: 5 | G44: 0 | H44: 0 | I44: 1 | J44: 0 | K44: 0 | L44: 1 | M44: 145 | N44: 0 | O44: =SUM(C44:L44,N44) -> 182 | P44: =SUM(C44:N44) -> 327
B45: 15.45 - 16.00 | C45: 44 | D45: 38 | E45: 8 | F45: 1 | G45: 0 | H45: 0 | I45: 1 | J45: 3 | K45: 0 | L45: 0 | M45: 165 | N45: 0 | O45: =SUM(C45:L45,N45) -> 95 | P45: =SUM(C45:N45) -> 260
B46: 16.00 - 16.15 | C46: 74 | D46: 54 | E46: 10 | F46: 3 | G46: 0 | H46: 0 | I46: 3 | J46: 1 | K46: 0 | L46: 0 | M46: 115 | N46: 0 | O46: =SUM(C46:L46,N46) -> 145 | P46: =SUM(C46:N46) -> 260
B47: 16.15 -16.30 | C47: 62 | D47: 48 | E47: 13 | F47: 7 | G47: 0 | H47: 0 | I47: 1 | J47: 2 | K47: 0 | L47: 1 | M47: 175 | N47: 0 | O47: =SUM(C47:L47,N47) -> 134 | P47: =SUM(C47:N47) -> 309
B48: 16.30 -16.45 | C48: 70 | D48: 56 | E48: 11 | F48: 0 | G48: 0 | H48: 0 | I48: 4 | J48: 1 | K48: 0 | L48: 0 | M48: 190 | N48: 0 | O48: =SUM(C48:L48,N48) -> 142 | P48: =SUM(C48:N48) -> 332
B49: 16.45 -17.00 | C49: 71 | D49: 52 | E49: 5 | F49: 4 | G49: 0 | H49: 0 | I49: 2 | J49: 1 | K49: 0 | L49: 0 | M49: 215 | N49: 0 | O49: =SUM(C49:L49,N49) -> 135 | P49: =SUM(C49:N49) -> 350
B50: 17.00 -17.15 | C50: 61 | D50: 40 | E50: 4 | F50: 0 | G50: 0 | H50: 0 | I50: 0 | J50: 1 | K50: 0 | L50: 0 | M50: 155 | N50: 0 | O50: =SUM(C50:L50,N50) -> 106 | P50: =SUM(C50:N50) -> 261
B51: 17.15 -17.30 | C51: 110 | D51: 56 | E51: 9 | F51: 5 | G51: 0 | H51: 1 | I51: 2 | J51: 4 | K51: 0 | L51: 0 | M51: 160 | N51: 0 | O51: =SUM(C51:L51,N51) -> 187 | P51: =SUM(C51:N51) -> 347
B52: 17.30 -17.45 | C52: 81 | D52: 51 | E52: 10 | F52: 2 | G52: 0 | H52: 0 | I52: 4 | J52: 0 | K52: 0 | L52: 0 | M52: 200 | N52: 0 | O52: =SUM(C52:L52,N52) -> 148 | P52: =SUM(C52:N52) -> 348
B53: 17.45 -18.00 | C53: 90 | D53: 56 | E53: 14 | F53: 5 | G53: 1 | H53: 0 | I53: 2 | J53: 0 | K53: 2 | L53: 1 | M53: 235 | N53: 0 | O53: =SUM(C53:L53,N53) -> 171 | P53: =SUM(C53:N53) -> 406
B54: 18.00 - 18.15 | C54: 93 | D54: 36 | E54: 7 | F54: 6 | G54: 0 | H54: 0 | I54: 2 | J54: 0 | K54: 0 | L54: 0 | M54: 240 | N54: 0 | O54: =SUM(C54:L54,N54) -> 144 | P54: =SUM(C54:N54) -> 384
... B105: 06.45 - 07.00 | C105: 62 | D105: 31 | E105: 4 | F105: 3 | G105: 0 | H105: 0 | I105: 0 | J105: 0 | K105: 0 | L105: 0 | M105: 60 | N105: 0 | O105: =SUM(C105:L105,N105) -> 100 | P105: =SUM(C105:N105) -> 160
B106: Totals | C106: =SUM(C10:C105) -> 4699 | D106: =SUM(D10:D105) -> 2675 | E106: =SUM(E10:E105) -> 552 | F106: =SUM(F10:F105) -> 187 | G106: =SUM(G10:G105) -> 15 | H106: =SUM(H10:H105) -> 5 | I106: =SUM(I10:I105) -> 102 | J106: =SUM(J10:J105) -> 73 | ... P106: =SUM(P10:P105) -> 17299
B107: %ges + MCs | C107: =C106/$P$106 -> 0.2716342 | D107: =D106/$P$106 -> 0.15463322 | E107: =E106/$P$106 -> 0.031909359 | F107: =F106/$P$106 -> 0.010809873 | G107: =G106/$P$106 -> 0.00086710214 | H107: =H106/$P$106 -> 0.00028903405 | I107: =I106/$P$106 -> 0.0058962946 | J107: =J106/$P$106 -> 0.0042198971 | ... N107: =N106/$P$106 -> 0
B108: %ges w/o MCs | C108: =C106/$O$106 -> 0.5635644 | D108: =D106/$O$106 -> 0.32082034 | E108: =E106/$O$106 -> 0.066202926 | F108: =F106/$O$106 -> 0.022427441 | G108: =G106/$O$106 -> 0.0017989926 | H108: =H106/$O$106 -> 0.00059966419 | I108: =I106/$O$106 -> 0.012233149 | J108: =J106/$O$106 -> 0.0087550971 | ... L108: =L106/$O$106 -> 0.0019189254 | N108: =N106/$O$106 -> 0

Sheet 1.08 Kira Road-Jinja Road-24h
B1: Consultancy services for Preparation of Expressway Development Master Plan (EDMP) for Uganda
B2: MANUAL CLASSIFIED COUNT (MCC)
B3: ROAD NAME: | C3: ='29.07 JinjaRoad-Kira Road'!C3:G3 -> MCC - C1 - STN47 - LUGOGO BYPASS ROAD
C5: Date | D5: ='1.08 Jinja Road-Kira Road-24h'!D5 -> 1.08.19 | F5: Location | G5: ='1.08 Jinja Road-Kira Road-24h'!G5:H5 -> Shell Petrol Station | J5: Surveyor | K5: Ssemuko Samuel Juma
C6: Dir. From | D6: ='29.07 Kira Road-Jinaj Road'!D6:E6 -> Kira Road | F6: Dir. To | G6: ='30.07 Kira Road-Jinja Road'!G6:H6 -> Jinja Road | J6: Supervisor | K6: ='1.08 Jinja Road-Kira Road-24h'!K6:L6 -> Steven
B8: Time / Veh Type | R8: SUMMARY TRAFFIC VOLUMES
C9: 1. Car | D9: 2. Station Wagon | E9: 3. Pickups | F9: 4. Minibus, matatu | G9: 5. Medium bus | H9: 6. Large Bus | I9: 7. Light Truck | J9: 8. Medium Truck | K9: 9. Heavy truck | L9: 10. Truck Trailer | M9: 11. Motor cycles | N9: 12. Tractors | O9: Total Excl M/Cycles | P9: Total All | R9: Time | S9: 1. Car | T9: 2. Station Wagon | U9: 3. Pickups | V9: 4. Minibus, matatu | W9: 5. Medium bus | X9: 6. Large Bus | Y9: 7. Light Truck | Z9: 8. Medium Truck | AA9: 9. Heavy truck | AB9: 10. Truck Trailer | AC9: 11. Motorcycles | AD9: 12. Tractors, Graders | AE9: Total Excl M/ Cycles | AF9: Total All
B10: 07.00 - 07.15 | C10: 65 | D10: 14 | E10: 12 | F10: 5 | G10: 0 | H10: 0 | I10: 4 | J10: 0 | K10: 1 | L10: 0 | M10: 151 | N10: 0 | O10: =SUM(C10:L10,N10) -> 101 | P10: =SUM(C10:N10) -> 252 | R10: 0700-0800 | S10: =SUM(C10:C13) -> 417 | T10: =SUM(D10:D13) -> 100 | U10: =SUM(E10:E13) -> 47 | V10: =SUM(F10:F13) -> 21 | W10: =SUM(G10:G13) -> 0 | X10: =SUM(H10:H13) -> 0 | Y10: =SUM(I10:I13) -> 13 | Z10: =SUM(J10:J13) -> 3 | ... AF10: =SUM(P10:P13) -> 1408
B11: 07.15 - 07.30 | C11: 92 | D11: 29 | E11: 11 | F11: 0 | G11: 0 | H11: 0 | I11: 3 | J11: 0 | K11: 0 | L11: 0 | M11: 200 | N11: 0 | O11: =SUM(C11:L11,N11) -> 135 | P11: =SUM(C11:N11) -> 335 | R11: 0800-0900 | S11: =SUM(C14:C17) -> 472 | T11: =SUM(D14:D17) -> 92 | U11: =SUM(E14:E17) -> 36 | V11: =SUM(F14:F17) -> 37 | W11: =SUM(G14:G17) -> 3 | X11: =SUM(H14:H17) -> 0 | Y11: =SUM(I14:I17) -> 21 | Z11: =SUM(J14:J17) -> 4 | ... AF11: =SUM(P14:P17) -> 1655
B12: 07.30 - 07.45 | C12: 127 | D12: 22 | E12: 4 | F12: 0 | G12: 0 | H12: 0 | I12: 2 | J12: 1 | K12: 0 | L12: 0 | M12: 193 | N12: 0 | O12: =SUM(C12:L12,N12) -> 156 | P12: =SUM(C12:N12) -> 349 | R12: 0900-1000 | S12: =SUM(C18:C21) -> 440 | T12: =SUM(D18:D21) -> 118 | U12: =SUM(E18:E21) -> 51 | V12: =SUM(F18:F21) -> 42 | W12: =SUM(G18:G21) -> 1 | X12: =SUM(H18:H21) -> 1 | Y12: =SUM(I18:I21) -> 36 | Z12: =SUM(J18:J21) -> 13 | ... AF12: =SUM(P18:P21) -> 1628
B13: 07.45 - 08.00 | C13: 133 | D13: 35 | E13: 20 | F13: 16 | G13: 0 | H13: 0 | I13: 4 | J13: 2 | K13: 0 | L13: 0 | M13: 262 | N13: 0 | O13: =SUM(C13:L13,N13) -> 210 | P13: =SUM(C13:N13) -> 472 | R13: 1000-1100 | S13: =SUM(C22:C25) -> 338 | T13: =SUM(D22:D25) -> 94 | U13: =SUM(E22:E25) -> 45 | V13: =SUM(F22:F25) -> 59 | W13: =SUM(G22:G25) -> 1 | X13: =SUM(H22:H25) -> 0 | Y13: =SUM(I22:I25) -> 26 | Z13: =SUM(J22:J25) -> 7 | ... AF13: =SUM(P22:P25) -> 1401
B14: 08.00 - 08.15 | C14: 94 | D14: 18 | E14: 10 | F14: 8 | G14: 0 | H14: 0 | I14: 3 | J14: 2 | K14: 0 | L14: 0 | M14: 266 | N14: 0 | O14: =SUM(C14:L14,N14) -> 135 | P14: =SUM(C14:N14) -> 401 | R14: 1100-1200 | S14: =SUM(C26:C29) -> 427 | T14: =SUM(D26:D29) -> 99 | U14: =SUM(E26:E29) -> 49 | V14: =SUM(F26:F29) -> 46 | W14: =SUM(G26:G29) -> 1 | X14: =SUM(H26:H29) -> 0 | Y14: =SUM(I26:I29) -> 37 | Z14: =SUM(J26:J29) -> 7 | ... AF14: =SUM(P26:P29) -> 1438
B15: 08.15 - 08.30 | C15: 143 | D15: 30 | E15: 15 | F15: 16 | G15: 1 | H15: 0 | I15: 6 | J15: 1 | K15: 1 | L15: 0 | M15: 264 | N15: 0 | O15: =SUM(C15:L15,N15) -> 213 | P15: =SUM(C15:N15) -> 477 | R15: 1200-1300 | S15: =SUM(C30:C33) -> 408 | T15: =SUM(D30:D33) -> 86 | U15: =SUM(E30:E33) -> 47 | V15: =SUM(F30:F33) -> 50 | W15: =SUM(G30:G33) -> 0 | X15: =SUM(H30:H33) -> 1 | Y15: =SUM(I30:I33) -> 35 | Z15: =SUM(J30:J33) -> 5 | ... AF15: =SUM(P30:P33) -> 1486
B16: 08.30 - 08.45 | C16: 122 | D16: 27 | E16: 5 | F16: 8 | G16: 1 | H16: 0 | I16: 6 | J16: 0 | K16: 0 | L16: 1 | M16: 220 | N16: 0 | O16: =SUM(C16:L16,N16) -> 170 | P16: =SUM(C16:N16) -> 390 | R16: 1300-1400 | S16: =SUM(C34:C37) -> 420 | T16: =SUM(D34:D37) -> 99 | U16: =SUM(E34:E37) -> 59 | V16: =SUM(F34:F37) -> 63 | W16: =SUM(G34:G37) -> 3 | X16: =SUM(H34:H37) -> 0 | Y16: =SUM(I34:I37) -> 28 | Z16: =SUM(J34:J37) -> 7 | ... AF16: =SUM(P34:P37) -> 1499
B17: 08.45 - 9.00 | C17: 113 | D17: 17 | E17: 6 | F17: 5 | G17: 1 | H17: 0 | I17: 6 | J17: 1 | K17: 0 | L17: 1 | M17: 237 | N17: 0 | O17: =SUM(C17:L17,N17) -> 150 | P17: =SUM(C17:N17) -> 387 | R17: 1400-1500 | S17: =SUM(C38:C41) -> 468 | T17: =SUM(D38:D41) -> 112 | U17: =SUM(E38:E41) -> 38 | V17: =SUM(F38:F41) -> 67 | W17: =SUM(G38:G41) -> 0 | X17: =SUM(H38:H41) -> 0 | Y17: =SUM(I38:I41) -> 19 | Z17: =SUM(J38:J41) -> 5 | ... AF17: =SUM(P38:P41) -> 1506
B18: 09.00 - 09.15 | C18: 118 | D18: 28 | E18: 15 | F18: 9 | G18: 0 | H18: 0 | I18: 9 | J18: 4 | K18: 1 | L18: 0 | M18: 234 | N18: 0 | O18: =SUM(C18:L18,N18) -> 184 | P18: =SUM(C18:N18) -> 418 | R18: 1500-1600 | S18: =SUM(C42:C45) -> 432 | T18: =SUM(D42:D45) -> 95 | U18: =SUM(E42:E45) -> 43 | V18: =SUM(F42:F45) -> 35 | W18: =SUM(G42:G45) -> 2 | X18: =SUM(H42:H45) -> 0 | Y18: =SUM(I42:I45) -> 45 | Z18: =SUM(J42:J45) -> 2 | ... AF18: =SUM(P42:P45) -> 1360
B19: 09.15 - 09.30 | C19: 97 | D19: 37 | E19: 20 | F19: 8 | G19: 0 | H19: 1 | I19: 7 | J19: 3 | K19: 0 | L19: 0 | M19: 242 | N19: 0 | O19: =SUM(C19:L19,N19) -> 173 | P19: =SUM(C19:N19) -> 415 | R19: 1600-1700 | S19: =SUM(C46:C49) -> 405 | T19: =SUM(D46:D49) -> 128 | U19: =SUM(E46:E49) -> 39 | V19: =SUM(F46:F49) -> 38 | W19: =SUM(G46:G49) -> 1 | X19: =SUM(H46:H49) -> 0 | Y19: =SUM(I46:I49) -> 34 | Z19: =SUM(J46:J49) -> 6 | ... AF19: =SUM(P46:P49) -> 1419
B20: 09.30 - 09.45 | C20: 112 | D20: 33 | E20: 10 | F20: 15 | G20: 1 | H20: 0 | I20: 16 | J20: 4 | K20: 1 | L20: 1 | M20: 227 | N20: 0 | O20: =SUM(C20:L20,N20) -> 193 | P20: =SUM(C20:N20) -> 420 | R20: 1700-1800 | S20: =SUM(C50:C53) -> 444 | T20: =SUM(D50:D53) -> 87 | U20: =SUM(E50:E53) -> 61 | V20: =SUM(F50:F53) -> 36 | W20: =SUM(G50:G53) -> 3 | X20: =SUM(H50:H53) -> 1 | Y20: =SUM(I50:I53) -> 24 | Z20: =SUM(J50:J53) -> 8 | ... AF20: =SUM(P50:P53) -> 1429
B21: 09.45 - 10.00 | C21: 113 | D21: 20 | E21: 6 | F21: 10 | G21: 0 | H21: 0 | I21: 4 | J21: 2 | K21: 0 | L21: 1 | M21: 219 | N21: 0 | O21: =SUM(C21:L21,N21) -> 156 | P21: =SUM(C21:N21) -> 375 | R21: 1800-1900 | S21: =SUM(C54:C57) -> 552 | T21: =SUM(D54:D57) -> 82 | U21: =SUM(E54:E57) -> 35 | V21: =SUM(F54:F57) -> 36 | W21: =SUM(G54:G57) -> 0 | X21: =SUM(H54:H57) -> 0 | Y21: =SUM(I54:I57) -> 16 | Z21: =SUM(J54:J57) -> 0 | ... AF21: =SUM(P54:P57) -> 1438
B22: 10.00 - 10.15 | C22: 107 | D22: 24 | E22: 12 | F22: 14 | G22: 0 | H22: 0 | I22: 8 | J22: 2 | K22: 0 | L22: 0 | M22: 224 | N22: 0 | O22: =SUM(C22:L22,N22) -> 167 | P22: =SUM(C22:N22) -> 391 | R22: 1900-2000 | S22: =SUM(C58:C61) -> 424 | T22: =SUM(D58:D61) -> 61 | U22: =SUM(E58:E61) -> 26 | V22: =SUM(F58:F61) -> 28 | W22: =SUM(G58:G61) -> 1 | X22: =SUM(H58:H61) -> 0 | Y22: =SUM(I58:I61) -> 11 | Z22: =SUM(J58:J61) -> 2 | ... AF22: =SUM(P58:P61) -> 1189
B23: 10.15 - 10.30 | C23: 110 | D23: 26 | E23: 7 | F23: 21 | G23: 0 | H23: 0 | I23: 5 | J23: 2 | K23: 2 | L23: 0 | M23: 192 | N23: 0 | O23: =SUM(C23:L23,N23) -> 173 | P23: =SUM(C23:N23) -> 365 | R23: 2000-2100 | S23: =SUM(C62:C65) -> 533 | T23: =SUM(D62:D65) -> 28 | U23: =SUM(E62:E65) -> 21 | V23: =SUM(F62:F65) -> 11 | W23: =SUM(G62:G65) -> 0 | X23: =SUM(H62:H65) -> 0 | Y23: =SUM(I62:I65) -> 7 | Z23: =SUM(J62:J65) -> 4 | ... AF23: =SUM(P62:P65) -> 1149
B24: 10.30 - 10.45 | C24: 99 | D24: 23 | E24: 16 | F24: 12 | G24: 1 | H24: 0 | I24: 7 | J24: 2 | K24: 0 | L24: 0 | M24: 199 | N24: 0 | O24: =SUM(C24:L24,N24) -> 160 | P24: =SUM(C24:N24) -> 359 | R24: 2100-2200 | S24: =SUM(C66:C69) -> 337 | T24: =SUM(D66:D69) -> 36 | U24: =SUM(E66:E69) -> 14 | V24: =SUM(F66:F69) -> 8 | W24: =SUM(G66:G69) -> 3 | X24: =SUM(H66:H69) -> 0 | Y24: =SUM(I66:I69) -> 5 | Z24: =SUM(J66:J69) -> 2 | ... AF24: =SUM(P66:P69) -> 713
B25: 10.45 - 11.00 | C25: 22 | D25: 21 | E25: 10 | F25: 12 | G25: 0 | H25: 0 | I25: 6 | J25: 1 | K25: 1 | L25: 0 | M25: 213 | N25: 0 | O25: =SUM(C25:L25,N25) -> 73 | P25: =SUM(C25:N25) -> 286 | R25: 2200-2300 | S25: =SUM(C70:C73) -> 299 | T25: =SUM(D70:D73) -> 19 | U25: =SUM(E70:E73) -> 13 | V25: =SUM(F70:F73) -> 5 | W25: =SUM(G70:G73) -> 0 | X25: =SUM(H70:H73) -> 0 | Y25: =SUM(I70:I73) -> 3 | Z25: =SUM(J70:J73) -> 1 | ... AF25: =SUM(P70:P73) -> 536
B26: 11.00 - 11.15 | C26: 111 | D26: 23 | E26: 12 | F26: 13 | G26: 0 | H26: 0 | I26: 8 | J26: 2 | K26: 0 | L26: 0 | M26: 192 | N26: 0 | O26: =SUM(C26:L26,N26) -> 169 | P26: =SUM(C26:N26) -> 361 | R26: 2300-0000 | S26: =SUM(C74:C77) -> 224 | T26: =SUM(D74:D77) -> 23 | U26: =SUM(E74:E77) -> 13 | V26: =SUM(F74:F77) -> 4 | W26: =SUM(G74:G77) -> 0 | X26: =SUM(H74:H77) -> 0 | Y26: =SUM(I74:I77) -> 4 | Z26: =SUM(J74:J77) -> 3 | ... AF26: =SUM(P74:P77) -> 479
B27: 11.15 - 11.30 | C27: 97 | D27: 31 | E27: 11 | F27: 8 | G27: 1 | H27: 0 | I27: 8 | J27: 3 | K27: 0 | L27: 0 | M27: 169 | N27: 0 | O27: =SUM(C27:L27,N27) -> 159 | P27: =SUM(C27:N27) -> 328 | R27: 0000-0100 | S27: =SUM(C78:C81) -> 114 | T27: =SUM(D78:D81) -> 28 | U27: =SUM(E78:E81) -> 8 | V27: =SUM(F78:F81) -> 4 | W27: =SUM(G78:G81) -> 0 | X27: =SUM(H78:H81) -> 1 | Y27: =SUM(I78:I81) -> 3 | Z27: =SUM(J78:J81) -> 2 | ... AF27: =SUM(P78:P81) -> 288
B28: 11.30 - 11.45 | C28: 118 | D28: 28 | E28: 10 | F28: 9 | G28: 0 | H28: 0 | I28: 11 | J28: 1 | K28: 0 | L28: 0 | M28: 201 | N28: 0 | O28: =SUM(C28:L28,N28) -> 177 | P28: =SUM(C28:N28) -> 378 | R28: 0100-0200 | S28: =SUM(C82:C85) -> 90 | T28: =SUM(D82:D85) -> 11 | U28: =SUM(E82:E85) -> 3 | V28: =SUM(F82:F85) -> 2 | W28: =SUM(G82:G85) -> 0 | X28: =SUM(H82:H85) -> 0 | Y28: =SUM(I82:I85) -> 0 | Z28: =SUM(J82:J85) -> 1 | ... AF28: =SUM(P82:P85) -> 161
B29: 11.45 - 12.00 | C29: 101 | D29: 17 | E29: 16 | F29: 16 | G29: 0 | H29: 0 | I29: 10 | J29: 1 | K29: 0 | L29: 0 | M29: 210 | N29: 0 | O29: =SUM(C29:L29,N29) -> 161 | P29: =SUM(C29:N29) -> 371 | R29: 0200-0300 | S29: =SUM(C86:C89) -> 46 | T29: =SUM(D86:D89) -> 10 | U29: =SUM(E86:E89) -> 1 | V29: =SUM(F86:F89) -> 4 | W29: =SUM(G86:G89) -> 0 | X29: =SUM(H86:H89) -> 0 | Y29: =SUM(I86:I89) -> 0 | Z29: =SUM(J86:J89) -> 0 | ... AF29: =SUM(P86:P89) -> 110
B30: 12.00 - 12.15 | C30: 88 | D30: 26 | E30: 18 | F30: 8 | G30: 0 | H30: 0 | I30: 11 | J30: 4 | K30: 0 | L30: 0 | M30: 184 | N30: 0 | O30: =SUM(C30:L30,N30) -> 155 | P30: =SUM(C30:N30) -> 339 | R30: 0300-0400 | S30: =SUM(C90:C93) -> 50 | T30: =SUM(D90:D93) -> 6 | U30: =SUM(E90:E93) -> 0 | V30: =SUM(F90:F93) -> 4 | W30: =SUM(G90:G93) -> 0 | X30: =SUM(H90:H93) -> 0 | Y30: =SUM(I90:I93) -> 1 | Z30: =SUM(J90:J93) -> 1 | ... AF30: =SUM(P90:P93) -> 96
B31: 12.15 - 12.30 | C31: 96 | D31: 24 | E31: 8 | F31: 14 | G31: 0 | H31: 0 | I31: 6 | J31: 0 | K31: 1 | L31: 3 | M31: 223 | N31: 0 | O31: =SUM(C31:L31,N31) -> 152 | P31: =SUM(C31:N31) -> 375 | R31: 0400-0500 | S31: =SUM(C94:C97) -> 37 | T31: =SUM(D94:D97) -> 8 | U31: =SUM(E94:E97) -> 1 | V31: =SUM(F94:F97) -> 0 | W31: =SUM(G94:G97) -> 0 | X31: =SUM(H94:H97) -> 0 | Y31: =SUM(I94:I97) -> 2 | Z31: =SUM(J94:J97) -> 1 | ... AF31: =SUM(P94:P97) -> 99
B32: 12.30 - 12.45 | C32: 101 | D32: 17 | E32: 9 | F32: 12 | G32: 0 | H32: 1 | I32: 13 | J32: 0 | K32: 0 | L32: 0 | M32: 195 | N32: 0 | O32: =SUM(C32:L32,N32) -> 153 | P32: =SUM(C32:N32) -> 348 | R32: 0500-0600 | S32: =SUM(C98:C101) -> 43 | T32: =SUM(D98:D101) -> 17 | U32: =SUM(E98:E101) -> 3 | V32: =SUM(F98:F101) -> 3 | W32: =SUM(G98:G101) -> 1 | X32: =SUM(H98:H101) -> 0 | Y32: =SUM(I98:I101) -> 2 | Z32: =SUM(J98:J101) -> 0 | ... AF32: =SUM(P98:P101) -> 147
B33: 12.45 - 13.00 | C33: 123 | D33: 19 | E33: 12 | F33: 16 | G33: 0 | H33: 0 | I33: 5 | J33: 1 | K33: 1 | L33: 0 | M33: 247 | N33: 0 | O33: =SUM(C33:L33,N33) -> 177 | P33: =SUM(C33:N33) -> 424 | R33: 0600-0700 | S33: =SUM(C102:C105) -> 311 | T33: =SUM(D102:D105) -> 34 | U33: =SUM(E102:E105) -> 22 | V33: =SUM(F102:F105) -> 3 | W33: =SUM(G102:G105) -> 1 | X33: =SUM(H102:H105) -> 1 | Y33: =SUM(I102:I105) -> 9 | Z33: =SUM(J102:J105) -> 1 | ... AF33: =SUM(P102:P105) -> 630
B34: 13.00 - 13.15 | C34: 95 | D34: 30 | E34: 19 | F34: 18 | G34: 0 | H34: 0 | I34: 6 | J34: 2 | K34: 0 | L34: 0 | M34: 198 | N34: 0 | O34: =SUM(C34:L34,N34) -> 170 | P34: =SUM(C34:N34) -> 368 | R34: AM Peak Hr | S34: =MAX(S10:S12) -> 472 | T34: =MAX(T10:T12) -> 118 | U34: =MAX(U10:U12) -> 51 | V34: =MAX(V10:V12) -> 42 | W34: =MAX(W10:W12) -> 3 | X34: =MAX(X10:X12) -> 1 | Y34: =MAX(Y10:Y12) -> 36 | Z34: =MAX(Z10:Z12) -> 13 | ... AF34: =MAX(AF10:AF12) -> 1655
B35: 13.15 - 13.30 | C35: 101 | D35: 18 | E35: 10 | F35: 19 | G35: 0 | H35: 0 | I35: 8 | J35: 2 | K35: 1 | L35: 0 | M35: 214 | N35: 0 | O35: =SUM(C35:L35,N35) -> 159 | P35: =SUM(C35:N35) -> 373 | R35: IP Peak Hr | S35: =MAX(S13:S18) -> 468 | T35: =MAX(T13:T18) -> 112 | U35: =MAX(U13:U18) -> 59 | V35: =MAX(V13:V18) -> 67 | W35: =MAX(W13:W18) -> 3 | X35: =MAX(X13:X18) -> 1 | Y35: =MAX(Y13:Y18) -> 45 | Z35: =MAX(Z13:Z18) -> 7 | ... AF35: =MAX(AF13:AF18) -> 1506
B36: 13.30 - 13.45 | C36: 108 | D36: 22 | E36: 19 | F36: 13 | G36: 1 | H36: 0 | I36: 5 | J36: 2 | K36: 0 | L36: 0 | M36: 206 | N36: 0 | O36: =SUM(C36:L36,N36) -> 170 | P36: =SUM(C36:N36) -> 376 | R36: PM Peak Hr | S36: =MAX(S19:S21) -> 552 | T36: =MAX(T19:T21) -> 128 | U36: =MAX(U19:U21) -> 61 | V36: =MAX(V19:V21) -> 38 | W36: =MAX(W19:W21) -> 3 | X36: =MAX(X19:X21) -> 1 | Y36: =MAX(Y19:Y21) -> 34 | Z36: =MAX(Z19:Z21) -> 8 | ... AF36: =MAX(AF19:AF21) -> 1438
B37: 13.45 - 14.00 | C37: 116 | D37: 29 | E37: 11 | F37: 13 | G37: 2 | H37: 0 | I37: 9 | J37: 1 | K37: 1 | L37: 0 | M37: 200 | N37: 0 | O37: =SUM(C37:L37,N37) -> 182 | P37: =SUM(C37:N37) -> 382 | R37: AM Period | S37: =SUM(S10:S12) -> 1329 | T37: =SUM(T10:T12) -> 310 | U37: =SUM(U10:U12) -> 134 | V37: =SUM(V10:V12) -> 100 | W37: =SUM(W10:W12) -> 4 | X37: =SUM(X10:X12) -> 1 | Y37: =SUM(Y10:Y12) -> 70 | Z37: =SUM(Z10:Z12) -> 20 | ... AF37: =SUM(AF10:AF12) -> 4691
B38: 14.00 - 14.15 | C38: 97 | D38: 31 | E38: 9 | F38: 13 | G38: 0 | H38: 0 | I38: 7 | J38: 0 | K38: 1 | L38: 0 | M38: 221 | N38: 0 | O38: =SUM(C38:L38,N38) -> 158 | P38: =SUM(C38:N38) -> 379 | R38: IP Period | S38: =SUM(S13:S18) -> 2493 | T38: =SUM(T13:T18) -> 585 | U38: =SUM(U13:U18) -> 281 | V38: =SUM(V13:V18) -> 320 | W38: =SUM(W13:W18) -> 7 | X38: =SUM(X13:X18) -> 1 | Y38: =SUM(Y13:Y18) -> 190 | Z38: =SUM(Z13:Z18) -> 33 | ... AF38: =SUM(AF13:AF18) -> 8690
B39: 14.15 - 14.30 | C39: 148 | D39: 26 | E39: 12 | F39: 21 | G39: 0 | H39: 0 | I39: 2 | J39: 1 | K39: 1 | L39: 0 | M39: 191 | N39: 0 | O39: =SUM(C39:L39,N39) -> 211 | P39: =SUM(C39:N39) -> 402 | R39: PM Period | S39: =SUM(S19:S21) -> 1401 | T39: =SUM(T19:T21) -> 297 | U39: =SUM(U19:U21) -> 135 | V39: =SUM(V19:V21) -> 110 | W39: =SUM(W19:W21) -> 4 | X39: =SUM(X19:X21) -> 1 | Y39: =SUM(Y19:Y21) -> 74 | Z39: =SUM(Z19:Z21) -> 14 | ... AF39: =SUM(AF19:AF21) -> 4286
B40: 14.30 - 14.45 | C40: 94 | D40: 29 | E40: 10 | F40: 5 | G40: 0 | H40: 0 | I40: 7 | J40: 3 | K40: 1 | L40: 1 | M40: 169 | N40: 0 | O40: =SUM(C40:L40,N40) -> 150 | P40: =SUM(C40:N40) -> 319 | R40: 12 Hours | S40: =SUM(S10:S21) -> 5223 | T40: =SUM(T10:T21) -> 1192 | U40: =SUM(U10:U21) -> 550 | V40: =SUM(V10:V21) -> 530 | W40: =SUM(W10:W21) -> 15 | X40: =SUM(X10:X21) -> 3 | Y40: =SUM(Y10:Y21) -> 334 | Z40: =SUM(Z10:Z21) -> 67 | ... AF40: =SUM(AF10:AF21) -> 17667
B41: 14.45 - 15.00 | C41: 129 | D41: 26 | E41: 7 | F41: 28 | G41: 0 | H41: 0 | I41: 3 | J41: 1 | K41: 0 | L41: 0 | M41: 212 | N41: 0 | O41: =SUM(C41:L41,N41) -> 194 | P41: =SUM(C41:N41) -> 406 | R41: 24 Hrs/ADT | S41: =SUM(S10:S33) -> 7731 | T41: =SUM(T10:T33) -> 1473 | U41: =SUM(U10:U33) -> 675 | V41: =SUM(V10:V33) -> 606 | W41: =SUM(W10:W33) -> 21 | X41: =SUM(X10:X33) -> 5 | Y41: =SUM(Y10:Y33) -> 381 | Z41: =SUM(Z10:Z33) -> 85 | ... AF41: =SUM(AF10:AF33) -> 23264
B42: 15.00 - 15.15 | C42: 110 | D42: 20 | E42: 13 | F42: 10 | G42: 0 | H42: 0 | I42: 9 | J42: 1 | K42: 0 | L42: 0 | M42: 226 | N42: 0 | O42: =SUM(C42:L42,N42) -> 163 | P42: =SUM(C42:N42) -> 389 | R42: NEF | S42: =S41/S40 -> 1.4801838 | T42: =T41/T40 -> 1.2357383 | U42: =U41/U40 -> 1.2272727 | V42: =V41/V40 -> 1.1433962 | W42: =W41/W40 -> 1.4 | X42: =X41/X40 -> 1.6666667 | Y42: =Y41/Y40 -> 1.1407186 | Z42: =Z41/Z40 -> 1.2686567 | ... AF42: =AF41/AF40 -> 1.3168053
B43: 15.15 - 15.30 | C43: 105 | D43: 22 | E43: 7 | F43: 8 | G43: 1 | H43: 0 | I43: 11 | J43: 1 | K43: 1 | L43: 0 | M43: 194 | N43: 0 | O43: =SUM(C43:L43,N43) -> 156 | P43: =SUM(C43:N43) -> 350
B44: 15.30 - 15.45 | C44: 104 | D44: 25 | E44: 12 | F44: 9 | G44: 1 | H44: 0 | I44: 14 | J44: 0 | K44: 0 | L44: 1 | M44: 174 | N44: 0 | O44: =SUM(C44:L44,N44) -> 166 | P44: =SUM(C44:N44) -> 340
B45: 15.45 - 16.00 | C45: 113 | D45: 28 | E45: 11 | F45: 8 | G45: 0 | H45: 0 | I45: 11 | J45: 0 | K45: 1 | L45: 0 | M45: 109 | N45: 0 | O45: =SUM(C45:L45,N45) -> 172 | P45: =SUM(C45:N45) -> 281
B46: 16.00 - 16.15 | C46: 81 | D46: 27 | E46: 11 | F46: 8 | G46: 0 | H46: 0 | I46: 8 | J46: 1 | K46: 0 | L46: 0 | M46: 190 | N46: 0 | O46: =SUM(C46:L46,N46) -> 136 | P46: =SUM(C46:N46) -> 326
B47: 16.15 -16.30 | C47: 104 | D47: 39 | E47: 9 | F47: 7 | G47: 0 | H47: 0 | I47: 6 | J47: 0 | K47: 0 | L47: 0 | M47: 183 | N47: 0 | O47: =SUM(C47:L47,N47) -> 165 | P47: =SUM(C47:N47) -> 348
B48: 16.30 -16.45 | C48: 110 | D48: 31 | E48: 12 | F48: 11 | G48: 0 | H48: 0 | I48: 9 | J48: 4 | K48: 0 | L48: 0 | M48: 231 | N48: 0 | O48: =SUM(C48:L48,N48) -> 177 | P48: =SUM(C48:N48) -> 408
B49: 16.45 -17.00 | C49: 110 | D49: 31 | E49: 7 | F49: 12 | G49: 1 | H49: 0 | I49: 11 | J49: 1 | K49: 0 | L49: 1 | M49: 163 | N49: 0 | O49: =SUM(C49:L49,N49) -> 174 | P49: =SUM(C49:N49) -> 337
B50: 17.00 -17.15 | C50: 149 | D50: 23 | E50: 14 | F50: 7 | G50: 2 | H50: 1 | I50: 11 | J50: 1 | K50: 1 | L50: 1 | M50: 199 | N50: 0 | O50: =SUM(C50:L50,N50) -> 210 | P50: =SUM(C50:N50) -> 409
B51: 17.15 -17.30 | C51: 11 | D51: 30 | E51: 9 | F51: 7 | G51: 0 | H51: 0 | I51: 5 | J51: 2 | K51: 0 | L51: 0 | M51: 187 | N51: 0 | O51: =SUM(C51:L51,N51) -> 64 | P51: =SUM(C51:N51) -> 251
B52: 17.30 -17.45 | C52: 139 | D52: 19 | E52: 20 | F52: 12 | G52: 1 | H52: 0 | I52: 3 | J52: 1 | K52: 0 | L52: 0 | M52: 194 | N52: 0 | O52: =SUM(C52:L52,N52) -> 195 | P52: =SUM(C52:N52) -> 389
B53: 17.45 -18.00 | C53: 145 | D53: 15 | E53: 18 | F53: 10 | G53: 0 | H53: 0 | I53: 5 | J53: 4 | K53: 1 | L53: 0 | M53: 182 | N53: 0 | O53: =SUM(C53:L53,N53) -> 198 | P53: =SUM(C53:N53) -> 380
B54: 18.00 - 18.15 | C54: 138 | D54: 16 | E54: 3 | F54: 8 | G54: 0 | H54: 0 | I54: 3 | J54: 0 | K54: 1 | L54: 0 | M54: 108 | N54: 0 | O54: =SUM(C54:L54,N54) -> 169 | P54: =SUM(C54:N54) -> 277
... B105: 06.45 - 07.00 | C105: 145 | D105: 8 | E105: 9 | F105: 0 | G105: 1 | H105: 0 | I105: 2 | J105: 0 | K105: 0 | L105: 0 | M105: 85 | N105: 0 | O105: =SUM(C105:L105,N105) -> 165 | P105: =SUM(C105:N105) -> 250
B106: Totals | C106: =SUM(C10:C105) -> 7731 | D106: =SUM(D10:D105) -> 1473 | E106: =SUM(E10:E105) -> 675 | F106: =SUM(F10:F105) -> 606 | G106: =SUM(G10:G105) -> 21 | H106: =SUM(H10:H105) -> 5 | I106: =SUM(I10:I105) -> 381 | J106: =SUM(J10:J105) -> 85 | ... P106: =SUM(P10:P105) -> 23264
B107: %ges + MCs | C107: =C106/$P$106 -> 0.33231602 | D107: =D106/$P$106 -> 0.063316713 | E107: =E106/$P$106 -> 0.029014787 | F107: =F106/$P$106 -> 0.026048831 | G107: =G106/$P$106 -> 0.00090268226 | H107: =H106/$P$106 -> 0.00021492435 | I107: =I106/$P$106 -> 0.016377235 | J107: =J106/$P$106 -> 0.0036537139 | ... N107: =N106/$P$106 -> 0
B108: %ges w/o MCs | C108: =C106/$O$106 -> 0.70173368 | D108: =D106/$O$106 -> 0.13370246 | E108: =E106/$O$106 -> 0.061268948 | F108: =F106/$O$106 -> 0.0550059 | G108: =G106/$O$106 -> 0.001906145 | H108: =H106/$O$106 -> 0.00045384406 | I108: =I106/$O$106 -> 0.034582917 | J108: =J106/$O$106 -> 0.007715349 | ... L108: =L106/$O$106 -> 0.0010892257 | N108: =N106/$O$106 -> 0

Sheet 2.08 Jinja road-Kira road
B1: Consultancy services for Preparation of Expressway Development Master Plan (EDMP) for Uganda
B2: MANUAL CLASSIFIED COUNT (MCC)
B3: ROAD NAME: | C3: ='29.07 JinjaRoad-Kira Road'!C3:G3 -> MCC - C1 - STN47 - LUGOGO BYPASS ROAD
C5: Date | D5: 2.08.19 | F5: Location | G5: Shell Petrol Station | J5: Surveyor | K5: Kasajja Laston
C6: Dir. From | D6: ='29.07 JinjaRoad-Kira Road'!D6:E6 -> Jinja Road | F6: Dir. To | G6: ='29.07 JinjaRoad-Kira Road'!G6:H6 -> Kira Road | J6: Supervisor | K6: Steven
B8: Time / Veh Type | R8: SUMMARY TRAFFIC VOLUMES
C9: 1. Car | D9: 2. Station Wagon | E9: 3. Pickups | F9: 4. Minibus, matatu | G9: 5. Medium bus | H9: 6. Large Bus | I9: 7. Light Truck | J9: 8. Medium Truck | K9: 9. Heavy truck | L9: 10. Truck Trailer | M9: 11. Motor cycles | N9: 12. Tractors | O9: Total Excl M/Cycles | P9: Total All | R9: Time | S9: 1. Car | T9: 2. Station Wagon | U9: 3. Pickups | V9: 4. Minibus, matatu | W9: 5. Medium bus | X9: 6. Large Bus | Y9: 7. Light Truck | Z9: 8. Medium Truck | AA9: 9. Heavy truck | AB9: 10. Truck Trailer | AC9: 11. Motorcycles | AD9: 12. Tractors, Graders | AE9: Total Excl M/ Cycles | AF9: Total All
B10: 07.00 - 07.15 | C10: 60 | D10: 45 | E10: 0 | F10: 3 | G10: 0 | H10: 0 | I10: 0 | J10: 0 | K10: 0 | L10: 0 | M10: 75 | N10: 0 | O10: =SUM(C10:L10,N10) -> 108 | P10: =SUM(C10:N10) -> 183 | R10: 0700-0800 | S10: =SUM(C10:C13) -> 200 | T10: =SUM(D10:D13) -> 170 | U10: =SUM(E10:E13) -> 23 | V10: =SUM(F10:F13) -> 6 | W10: =SUM(G10:G13) -> 1 | X10: =SUM(H10:H13) -> 0 | Y10: =SUM(I10:I13) -> 2 | Z10: =SUM(J10:J13) -> 4 | ... AF10: =SUM(P10:P13) -> 701
B11: 07.15 - 07.30 | C11: 55 | D11: 65 | E11: 10 | F11: 1 | G11: 1 | H11: 0 | I11: 1 | J11: 2 | K11: 0 | L11: 0 | M11: 60 | N11: 0 | O11: =SUM(C11:L11,N11) -> 135 | P11: =SUM(C11:N11) -> 195 | R11: 0800-0900 | S11: =SUM(C14:C17) -> 246 | T11: =SUM(D14:D17) -> 200 | U11: =SUM(E14:E17) -> 34 | V11: =SUM(F14:F17) -> 13 | W11: =SUM(G14:G17) -> 0 | X11: =SUM(H14:H17) -> 1 | Y11: =SUM(I14:I17) -> 7 | Z11: =SUM(J14:J17) -> 3 | ... AF11: =SUM(P14:P17) -> 912
B12: 07.30 - 07.45 | C12: 50 | D12: 30 | E12: 3 | F12: 1 | G12: 0 | H12: 0 | I12: 1 | J12: 0 | K12: 0 | L12: 0 | M12: 80 | N12: 0 | O12: =SUM(C12:L12,N12) -> 85 | P12: =SUM(C12:N12) -> 165 | R12: 0900-1000 | S12: =SUM(C18:C21) -> 235 | T12: =SUM(D18:D21) -> 331 | U12: =SUM(E18:E21) -> 27 | V12: =SUM(F18:F21) -> 12 | W12: =SUM(G18:G21) -> 1 | X12: =SUM(H18:H21) -> 5 | Y12: =SUM(I18:I21) -> 15 | Z12: =SUM(J18:J21) -> 3 | ... AF12: =SUM(P18:P21) -> 975
B13: 07.45 - 08.00 | C13: 35 | D13: 30 | E13: 10 | F13: 1 | G13: 0 | H13: 0 | I13: 0 | J13: 2 | K13: 0 | L13: 0 | M13: 80 | N13: 0 | O13: =SUM(C13:L13,N13) -> 78 | P13: =SUM(C13:N13) -> 158 | R13: 1000-1100 | S13: =SUM(C22:C25) -> 196 | T13: =SUM(D22:D25) -> 275 | U13: =SUM(E22:E25) -> 46 | V13: =SUM(F22:F25) -> 15 | W13: =SUM(G22:G25) -> 2 | X13: =SUM(H22:H25) -> 0 | Y13: =SUM(I22:I25) -> 10 | Z13: =SUM(J22:J25) -> 9 | ... AF13: =SUM(P22:P25) -> 883
B14: 08.00 - 08.15 | C14: 70 | D14: 55 | E14: 15 | F14: 7 | G14: 0 | H14: 0 | I14: 2 | J14: 2 | K14: 1 | L14: 0 | M14: 120 | N14: 0 | O14: =SUM(C14:L14,N14) -> 152 | P14: =SUM(C14:N14) -> 272 | R14: 1100-1200 | S14: =SUM(C26:C29) -> 220 | T14: =SUM(D26:D29) -> 196 | U14: =SUM(E26:E29) -> 34 | V14: =SUM(F26:F29) -> 6 | W14: =SUM(G26:G29) -> 1 | X14: =SUM(H26:H29) -> 1 | Y14: =SUM(I26:I29) -> 13 | Z14: =SUM(J26:J29) -> 3 | ... AF14: =SUM(P26:P29) -> 795
B15: 08.15 - 08.30 | C15: 55 | D15: 60 | E15: 7 | F15: 0 | G15: 0 | H15: 1 | I15: 1 | J15: 0 | K15: 0 | L15: 0 | M15: 85 | N15: 0 | O15: =SUM(C15:L15,N15) -> 124 | P15: =SUM(C15:N15) -> 209 | R15: 1200-1300 | S15: =SUM(C30:C33) -> 230 | T15: =SUM(D30:D33) -> 275 | U15: =SUM(E30:E33) -> 55 | V15: =SUM(F30:F33) -> 15 | W15: =SUM(G30:G33) -> 2 | X15: =SUM(H30:H33) -> 1 | Y15: =SUM(I30:I33) -> 16 | Z15: =SUM(J30:J33) -> 11 | ... AF15: =SUM(P30:P33) -> 971
B16: 08.30 - 08.45 | C16: 66 | D16: 55 | E16: 7 | F16: 3 | G16: 0 | H16: 0 | I16: 2 | J16: 1 | K16: 0 | L16: 0 | M16: 115 | N16: 0 | O16: =SUM(C16:L16,N16) -> 134 | P16: =SUM(C16:N16) -> 249 | R16: 1300-1400 | S16: =SUM(C34:C37) -> 191 | T16: =SUM(D34:D37) -> 190 | U16: =SUM(E34:E37) -> 39 | V16: =SUM(F34:F37) -> 8 | W16: =SUM(G34:G37) -> 3 | X16: =SUM(H34:H37) -> 1 | Y16: =SUM(I34:I37) -> 14 | Z16: =SUM(J34:J37) -> 4 | ... AF16: =SUM(P34:P37) -> 787
B17: 08.45 - 9.00 | C17: 55 | D17: 30 | E17: 5 | F17: 3 | G17: 0 | H17: 0 | I17: 2 | J17: 0 | K17: 0 | L17: 0 | M17: 87 | N17: 0 | O17: =SUM(C17:L17,N17) -> 95 | P17: =SUM(C17:N17) -> 182 | R17: 1400-1500 | S17: =SUM(C38:C41) -> 277 | T17: =SUM(D38:D41) -> 200 | U17: =SUM(E38:E41) -> 18 | V17: =SUM(F38:F41) -> 8 | W17: =SUM(G38:G41) -> 0 | X17: =SUM(H38:H41) -> 2 | Y17: =SUM(I38:I41) -> 5 | Z17: =SUM(J38:J41) -> 6 | ... AF17: =SUM(P38:P41) -> 886
B18: 09.00 - 09.15 | C18: 55 | D18: 50 | E18: 8 | F18: 3 | G18: 0 | H18: 0 | I18: 3 | J18: 1 | K18: 0 | L18: 0 | M18: 65 | N18: 0 | O18: =SUM(C18:L18,N18) -> 120 | P18: =SUM(C18:N18) -> 185 | R18: 1500-1600 | S18: =SUM(C42:C45) -> 218 | T18: =SUM(D42:D45) -> 215 | U18: =SUM(E42:E45) -> 28 | V18: =SUM(F42:F45) -> 8 | W18: =SUM(G42:G45) -> 2 | X18: =SUM(H42:H45) -> 1 | Y18: =SUM(I42:I45) -> 7 | Z18: =SUM(J42:J45) -> 8 | ... AF18: =SUM(P42:P45) -> 882
B19: 09.15 - 09.30 | C19: 50 | D19: 60 | E19: 4 | F19: 1 | G19: 0 | H19: 0 | I19: 3 | J19: 2 | K19: 0 | L19: 0 | M19: 100 | N19: 0 | O19: =SUM(C19:L19,N19) -> 120 | P19: =SUM(C19:N19) -> 220 | R19: 1600-1700 | S19: =SUM(C46:C49) -> 364 | T19: =SUM(D46:D49) -> 281 | U19: =SUM(E46:E49) -> 42 | V19: =SUM(F46:F49) -> 17 | W19: =SUM(G46:G49) -> 1 | X19: =SUM(H46:H49) -> 0 | Y19: =SUM(I46:I49) -> 10 | Z19: =SUM(J46:J49) -> 12 | ... AF19: =SUM(P46:P49) -> 1343
B20: 09.30 - 09.45 | C20: 85 | D20: 130 | E20: 8 | F20: 7 | G20: 1 | H20: 0 | I20: 8 | J20: 0 | K20: 0 | L20: 0 | M20: 106 | N20: 0 | O20: =SUM(C20:L20,N20) -> 239 | P20: =SUM(C20:N20) -> 345 | R20: 1700-1800 | S20: =SUM(C50:C53) -> 415 | T20: =SUM(D50:D53) -> 406 | U20: =SUM(E50:E53) -> 42 | V20: =SUM(F50:F53) -> 8 | W20: =SUM(G50:G53) -> 2 | X20: =SUM(H50:H53) -> 0 | Y20: =SUM(I50:I53) -> 8 | Z20: =SUM(J50:J53) -> 7 | ... AF20: =SUM(P50:P53) -> 1384
B21: 09.45 - 10.00 | C21: 45 | D21: 91 | E21: 7 | F21: 1 | G21: 0 | H21: 5 | I21: 1 | J21: 0 | K21: 0 | L21: 0 | M21: 75 | N21: 0 | O21: =SUM(C21:L21,N21) -> 150 | P21: =SUM(C21:N21) -> 225 | R21: 1800-1900 | S21: =SUM(C54:C57) -> 370 | T21: =SUM(D54:D57) -> 447 | U21: =SUM(E54:E57) -> 32 | V21: =SUM(F54:F57) -> 18 | W21: =SUM(G54:G57) -> 1 | X21: =SUM(H54:H57) -> 1 | Y21: =SUM(I54:I57) -> 18 | Z21: =SUM(J54:J57) -> 1 | ... AF21: =SUM(P54:P57) -> 1354
B22: 10.00 - 10.15 | C22: 30 | D22: 75 | E22: 17 | F22: 3 | G22: 0 | H22: 0 | I22: 1 | J22: 3 | K22: 0 | L22: 0 | M22: 65 | N22: 0 | O22: =SUM(C22:L22,N22) -> 129 | P22: =SUM(C22:N22) -> 194 | R22: AM Peak Hr | S22: =MAX(S10:S12) -> 246 | T22: =MAX(T10:T12) -> 331 | U22: =MAX(U10:U12) -> 34 | V22: =MAX(V10:V12) -> 13 | W22: =MAX(W10:W12) -> 1 | X22: =MAX(X10:X12) -> 5 | Y22: =MAX(Y10:Y12) -> 15 | Z22: =MAX(Z10:Z12) -> 4 | ... AF22: =MAX(AF10:AF12) -> 975
B23: 10.15 - 10.30 | C23: 41 | D23: 45 | E23: 5 | F23: 0 | G23: 0 | H23: 0 | I23: 1 | J23: 1 | K23: 0 | L23: 0 | M23: 65 | N23: 0 | O23: =SUM(C23:L23,N23) -> 93 | P23: =SUM(C23:N23) -> 158 | R23: IP Peak Hr | S23: =MAX(S13:S18) -> 277 | T23: =MAX(T13:T18) -> 275 | U23: =MAX(U13:U18) -> 55 | V23: =MAX(V13:V18) -> 15 | W23: =MAX(W13:W18) -> 3 | X23: =MAX(X13:X18) -> 2 | Y23: =MAX(Y13:Y18) -> 16 | Z23: =MAX(Z13:Z18) -> 11 | ... AF23: =MAX(AF13:AF18) -> 971
B24: 10.30 - 10.45 | C24: 60 | D24: 80 | E24: 17 | F24: 5 | G24: 0 | H24: 0 | I24: 2 | J24: 5 | K24: 0 | L24: 2 | M24: 105 | N24: 0 | O24: =SUM(C24:L24,N24) -> 171 | P24: =SUM(C24:N24) -> 276 | R24: PM Peak Hr | S24: =MAX(S19:S21) -> 415 | T24: =MAX(T19:T21) -> 447 | U24: =MAX(U19:U21) -> 42 | V24: =MAX(V19:V21) -> 18 | W24: =MAX(W19:W21) -> 2 | X24: =MAX(X19:X21) -> 1 | Y24: =MAX(Y19:Y21) -> 18 | Z24: =MAX(Z19:Z21) -> 12 | ... AF24: =MAX(AF19:AF21) -> 1384
B25: 10.45 - 11.00 | C25: 65 | D25: 75 | E25: 7 | F25: 7 | G25: 2 | H25: 0 | I25: 6 | J25: 0 | K25: 2 | L25: 0 | M25: 91 | N25: 0 | O25: =SUM(C25:L25,N25) -> 164 | P25: =SUM(C25:N25) -> 255 | R25: AM Period | S25: =SUM(S10:S12) -> 681 | T25: =SUM(T10:T12) -> 701 | U25: =SUM(U10:U12) -> 84 | V25: =SUM(V10:V12) -> 31 | W25: =SUM(W10:W12) -> 2 | X25: =SUM(X10:X12) -> 6 | Y25: =SUM(Y10:Y12) -> 24 | Z25: =SUM(Z10:Z12) -> 10 | ... AF25: =SUM(AF10:AF12) -> 2588
B26: 11.00 - 11.15 | C26: 60 | D26: 45 | E26: 14 | F26: 2 | G26: 0 | H26: 0 | I26: 4 | J26: 0 | K26: 0 | L26: 0 | M26: 85 | N26: 0 | O26: =SUM(C26:L26,N26) -> 125 | P26: =SUM(C26:N26) -> 210 | R26: IP Period | S26: =SUM(S13:S18) -> 1332 | T26: =SUM(T13:T18) -> 1351 | U26: =SUM(U13:U18) -> 220 | V26: =SUM(V13:V18) -> 60 | W26: =SUM(W13:W18) -> 10 | X26: =SUM(X13:X18) -> 6 | Y26: =SUM(Y13:Y18) -> 65 | Z26: =SUM(Z13:Z18) -> 41 | ... AF26: =SUM(AF13:AF18) -> 5204
B27: 11.15 - 11.30 | C27: 65 | D27: 45 | E27: 3 | F27: 1 | G27: 0 | H27: 0 | I27: 7 | J27: 0 | K27: 0 | L27: 0 | M27: 86 | N27: 0 | O27: =SUM(C27:L27,N27) -> 121 | P27: =SUM(C27:N27) -> 207 | R27: PM Period | S27: =SUM(S19:S21) -> 1149 | T27: =SUM(T19:T21) -> 1134 | U27: =SUM(U19:U21) -> 116 | V27: =SUM(V19:V21) -> 43 | W27: =SUM(W19:W21) -> 4 | X27: =SUM(X19:X21) -> 1 | Y27: =SUM(Y19:Y21) -> 36 | Z27: =SUM(Z19:Z21) -> 20 | ... AF27: =SUM(AF19:AF21) -> 4081
B28: 11.30 - 11.45 | C28: 40 | D28: 46 | E28: 10 | F28: 0 | G28: 1 | H28: 0 | I28: 0 | J28: 1 | K28: 0 | L28: 0 | M28: 80 | N28: 0 | O28: =SUM(C28:L28,N28) -> 98 | P28: =SUM(C28:N28) -> 178 | R28: 12 Hours | S28: =SUM(S10:S21) -> 3162 | T28: =SUM(T10:T21) -> 3186 | U28: =SUM(U10:U21) -> 420 | V28: =SUM(V10:V21) -> 134 | W28: =SUM(W10:W21) -> 16 | X28: =SUM(X10:X21) -> 13 | Y28: =SUM(Y10:Y21) -> 125 | Z28: =SUM(Z10:Z21) -> 71 | ... AF28: =SUM(AF10:AF21) -> 11873
B29: 11.45 - 12.00 | C29: 55 | D29: 60 | E29: 7 | F29: 3 | G29: 0 | H29: 1 | I29: 2 | J29: 2 | K29: 0 | L29: 0 | M29: 70 | N29: 0 | O29: =SUM(C29:L29,N29) -> 130 | P29: =SUM(C29:N29) -> 200
B30: 12.00 - 12.15 | C30: 70 | D30: 65 | E30: 17 | F30: 3 | G30: 1 | H30: 1 | I30: 1 | J30: 2 | K30: 0 | L30: 1 | M30: 110 | N30: 0 | O30: =SUM(C30:L30,N30) -> 161 | P30: =SUM(C30:N30) -> 271
B31: 12.15 - 12.30 | C31: 55 | D31: 55 | E31: 9 | F31: 2 | G31: 0 | H31: 0 | I31: 5 | J31: 4 | K31: 2 | L31: 0 | M31: 115 | N31: 0 | O31: =SUM(C31:L31,N31) -> 132 | P31: =SUM(C31:N31) -> 247
B32: 12.30 - 12.45 | C32: 60 | D32: 85 | E32: 16 | F32: 7 | G32: 0 | H32: 0 | I32: 9 | J32: 2 | K32: 3 | L32: 0 | M32: 80 | N32: 0 | O32: =SUM(C32:L32,N32) -> 182 | P32: =SUM(C32:N32) -> 262
B33: 12.45 - 13.00 | C33: 45 | D33: 70 | E33: 13 | F33: 3 | G33: 1 | H33: 0 | I33: 1 | J33: 3 | K33: 5 | L33: 0 | M33: 50 | N33: 0 | O33: =SUM(C33:L33,N33) -> 141 | P33: =SUM(C33:N33) -> 191
B34: 13.00 - 13.15 | C34: 46 | D34: 55 | E34: 8 | F34: 4 | G34: 3 | H34: 1 | I34: 1 | J34: 1 | K34: 0 | L34: 0 | M34: 60 | N34: 0 | O34: =SUM(C34:L34,N34) -> 119 | P34: =SUM(C34:N34) -> 179
B35: 13.15 - 13.30 | C35: 50 | D35: 55 | E35: 9 | F35: 1 | G35: 0 | H35: 0 | I35: 5 | J35: 2 | K35: 0 | L35: 0 | M35: 80 | N35: 0 | O35: =SUM(C35:L35,N35) -> 122 | P35: =SUM(C35:N35) -> 202
B36: 13.30 - 13.45 | C36: 50 | D36: 45 | E36: 15 | F36: 0 | G36: 0 | H36: 0 | I36: 3 | J36: 0 | K36: 2 | L36: 0 | M36: 90 | N36: 0 | O36: =SUM(C36:L36,N36) -> 115 | P36: =SUM(C36:N36) -> 205
B37: 13.45 - 14.00 | C37: 45 | D37: 35 | E37: 7 | F37: 3 | G37: 0 | H37: 0 | I37: 5 | J37: 1 | K37: 0 | L37: 0 | M37: 105 | N37: 0 | O37: =SUM(C37:L37,N37) -> 96 | P37: =SUM(C37:N37) -> 201
B38: 14.00 - 14.15 | C38: 45 | D38: 35 | E38: 3 | F38: 1 | G38: 0 | H38: 1 | I38: 1 | J38: 1 | K38: 0 | L38: 0 | M38: 55 | N38: 0 | O38: =SUM(C38:L38,N38) -> 87 | P38: =SUM(C38:N38) -> 142
B39: 14.15 - 14.30 | C39: 80 | D39: 35 | E39: 3 | F39: 2 | G39: 0 | H39: 1 | I39: 0 | J39: 0 | K39: 0 | L39: 0 | M39: 65 | N39: 0 | O39: =SUM(C39:L39,N39) -> 121 | P39: =SUM(C39:N39) -> 186
B40: 14.30 - 14.45 | C40: 72 | D40: 55 | E40: 9 | F40: 4 | G40: 0 | H40: 0 | I40: 3 | J40: 1 | K40: 0 | L40: 0 | M40: 150 | N40: 0 | O40: =SUM(C40:L40,N40) -> 144 | P40: =SUM(C40:N40) -> 294
... B57: 18.45 - 19.00 | C57: 100 | D57: 72 | E57: 7 | F57: 8 | G57: 0 | H57: 0 | I57: 8 | J57: 1 | K57: 0 | L57: 0 | M57: 155 | N57: 0 | O57: =SUM(C57:L57,N57) -> 196 | P57: =SUM(C57:N57) -> 351
B58: Totals | C58: =SUM(C10:C57) -> 3162 | D58: =SUM(D10:D57) -> 3186 | E58: =SUM(E10:E57) -> 420 | F58: =SUM(F10:F57) -> 134 | G58: =SUM(G10:G57) -> 16 | H58: =SUM(H10:H57) -> 13 | I58: =SUM(I10:I57) -> 125 | J58: =SUM(J10:J57) -> 71 | ... P58: =SUM(P10:P57) -> 11873
B59: %ges + MCs | C59: =C58/$P$58 -> 0.26631854 | D59: =D58/$P$58 -> 0.26833993 | E59: =E58/$P$58 -> 0.035374379 | F59: =F58/$P$58 -> 0.011286111 | G59: =G58/$P$58 -> 0.0013475954 | H59: =H58/$P$58 -> 0.0010949212 | I59: =I58/$P$58 -> 0.010528089 | J59: =J58/$P$58 -> 0.0059799545 | ... N59: =N58/$P$58 -> 0
B60: %ges w/o MCs | C60: =C58/$O$58 -> 0.4423615 | D60: =D58/$O$58 -> 0.44571908 | E60: =E58/$O$58 -> 0.058757694 | F60: =F58/$O$58 -> 0.018746503 | G60: =G58/$O$58 -> 0.0022383884 | H60: =H58/$O$58 -> 0.0018186905 | I60: =I58/$O$58 -> 0.017487409 | J60: =J58/$O$58 -> 0.0099328483 | ... L60: =L58/$O$58 -> 0.00069949636 | N60: =N58/$O$58 -> 0

Sheet 2.08 Kira Road-Jinja road
B1: Consultancy services for Preparation of Expressway Development Master Plan (EDMP) for Uganda
B2: MANUAL CLASSIFIED COUNT (MCC)
B3: ROAD NAME: | C3: ='29.07 Kira Road-Jinaj Road'!C3:G3 -> MCC - C1 - STN47 - LUGOGO BYPASS ROAD
C5: Date | D5: ='2.08 Jinja road-Kira road'!D5 -> 2.08.19 | F5: Location | G5: Shell Petrol Station | J5: Surveyor | K5: Ssemuko Samuel Junior
C6: Dir. From | D6: ='29.07 Kira Road-Jinaj Road'!D6:E6 -> Kira Road | F6: Dir. To | G6: ='29.07 Kira Road-Jinaj Road'!G6:H6 -> Jinja Road | J6: Supervisor | K6: ='2.08 Jinja road-Kira road'!K6:L6 -> Steven
B8: Time / Veh Type | R8: SUMMARY TRAFFIC VOLUMES
C9: 1. Car | D9: 2. Station Wagon | E9: 3. Pickups | F9: 4. Minibus, matatu | G9: 5. Medium bus | H9: 6. Large Bus | I9: 7. Light Truck | J9: 8. Medium Truck | K9: 9. Heavy truck | L9: 10. Truck Trailer | M9: 11. Motor cycles | N9: 12. Tractors | O9: Total Excl M/Cycles | P9: Total All | R9: Time | S9: 1. Car | T9: 2. Station Wagon | U9: 3. Pickups | V9: 4. Minibus, matatu | W9: 5. Medium bus | X9: 6. Large Bus | Y9: 7. Light Truck | Z9: 8. Medium Truck | AA9: 9. Heavy truck | AB9: 10. Truck Trailer | AC9: 11. Motorcycles | AD9: 12. Tractors, Graders | AE9: Total Excl M/ Cycles | AF9: Total All
B10: 07.00 - 07.15 | C10: 60 | D10: 6 | E10: 13 | F10: 7 | G10: 1 | H10: 0 | I10: 1 | J10: 0 | K10: 0 | L10: 0 | M10: 83 | N10: 0 | O10: =SUM(C10:L10,N10) -> 88 | P10: =SUM(C10:N10) -> 171 | R10: 0700-0800 | S10: =SUM(C10:C13) -> 425 | T10: =SUM(D10:D13) -> 72 | U10: =SUM(E10:E13) -> 36 | V10: =SUM(F10:F13) -> 39 | W10: =SUM(G10:G13) -> 1 | X10: =SUM(H10:H13) -> 0 | Y10: =SUM(I10:I13) -> 14 | Z10: =SUM(J10:J13) -> 0 | ... AF10: =SUM(P10:P13) -> 1217
B11: 07.15 - 07.30 | C11: 115 | D11: 20 | E11: 9 | F11: 10 | G11: 0 | H11: 0 | I11: 4 | J11: 0 | K11: 1 | L11: 0 | M11: 132 | N11: 0 | O11: =SUM(C11:L11,N11) -> 159 | P11: =SUM(C11:N11) -> 291 | R11: 0800-0900 | S11: =SUM(C14:C17) -> 504 | T11: =SUM(D14:D17) -> 72 | U11: =SUM(E14:E17) -> 48 | V11: =SUM(F14:F17) -> 34 | W11: =SUM(G14:G17) -> 0 | X11: =SUM(H14:H17) -> 0 | Y11: =SUM(I14:I17) -> 24 | Z11: =SUM(J14:J17) -> 6 | ... AF11: =SUM(P14:P17) -> 1702
B12: 07.30 - 07.45 | C12: 119 | D12: 27 | E12: 9 | F12: 13 | G12: 0 | H12: 0 | I12: 3 | J12: 0 | K12: 0 | L12: 0 | M12: 187 | N12: 0 | O12: =SUM(C12:L12,N12) -> 171 | P12: =SUM(C12:N12) -> 358 | R12: 0900-1000 | S12: =SUM(C18:C21) -> 465 | T12: =SUM(D18:D21) -> 103 | U12: =SUM(E18:E21) -> 53 | V12: =SUM(F18:F21) -> 38 | W12: =SUM(G18:G21) -> 2 | X12: =SUM(H18:H21) -> 1 | Y12: =SUM(I18:I21) -> 32 | Z12: =SUM(J18:J21) -> 10 | ... AF12: =SUM(P18:P21) -> 1506
B13: 07.45 - 08.00 | C13: 131 | D13: 19 | E13: 5 | F13: 9 | G13: 0 | H13: 0 | I13: 6 | J13: 0 | K13: 0 | L13: 0 | M13: 227 | N13: 0 | O13: =SUM(C13:L13,N13) -> 170 | P13: =SUM(C13:N13) -> 397 | R13: 1000-1100 | S13: =SUM(C22:C25) -> 476 | T13: =SUM(D22:D25) -> 95 | U13: =SUM(E22:E25) -> 56 | V13: =SUM(F22:F25) -> 47 | W13: =SUM(G22:G25) -> 2 | X13: =SUM(H22:H25) -> 2 | Y13: =SUM(I22:I25) -> 34 | Z13: =SUM(J22:J25) -> 19 | ... AF13: =SUM(P22:P25) -> 1537
B14: 08.00 - 08.15 | C14: 140 | D14: 22 | E14: 12 | F14: 11 | G14: 0 | H14: 0 | I14: 4 | J14: 0 | K14: 0 | L14: 0 | M14: 265 | N14: 0 | O14: =SUM(C14:L14,N14) -> 189 | P14: =SUM(C14:N14) -> 454 | R14: 1100-1200 | S14: =SUM(C26:C29) -> 466 | T14: =SUM(D26:D29) -> 96 | U14: =SUM(E26:E29) -> 54 | V14: =SUM(F26:F29) -> 24 | W14: =SUM(G26:G29) -> 1 | X14: =SUM(H26:H29) -> 0 | Y14: =SUM(I26:I29) -> 25 | Z14: =SUM(J26:J29) -> 8 | ... AF14: =SUM(P26:P29) -> 1573
B15: 08.15 - 08.30 | C15: 97 | D15: 24 | E15: 9 | F15: 6 | G15: 0 | H15: 0 | I15: 4 | J15: 1 | K15: 0 | L15: 0 | M15: 240 | N15: 0 | O15: =SUM(C15:L15,N15) -> 141 | P15: =SUM(C15:N15) -> 381 | R15: 1200-1300 | S15: =SUM(C30:C33) -> 521 | T15: =SUM(D30:D33) -> 80 | U15: =SUM(E30:E33) -> 58 | V15: =SUM(F30:F33) -> 30 | W15: =SUM(G30:G33) -> 0 | X15: =SUM(H30:H33) -> 0 | Y15: =SUM(I30:I33) -> 25 | Z15: =SUM(J30:J33) -> 16 | ... AF15: =SUM(P30:P33) -> 1547
B16: 08.30 - 08.45 | C16: 133 | D16: 14 | E16: 17 | F16: 7 | G16: 0 | H16: 0 | I16: 7 | J16: 1 | K16: 2 | L16: 0 | M16: 274 | N16: 0 | O16: =SUM(C16:L16,N16) -> 181 | P16: =SUM(C16:N16) -> 455 | R16: 1300-1400 | S16: =SUM(C34:C37) -> 468 | T16: =SUM(D34:D37) -> 80 | U16: =SUM(E34:E37) -> 54 | V16: =SUM(F34:F37) -> 39 | W16: =SUM(G34:G37) -> 1 | X16: =SUM(H34:H37) -> 0 | Y16: =SUM(I34:I37) -> 25 | Z16: =SUM(J34:J37) -> 5 | ... AF16: =SUM(P34:P37) -> 1346
B17: 08.45 - 9.00 | C17: 134 | D17: 12 | E17: 10 | F17: 10 | G17: 0 | H17: 0 | I17: 9 | J17: 4 | K17: 1 | L17: 0 | M17: 232 | N17: 0 | O17: =SUM(C17:L17,N17) -> 180 | P17: =SUM(C17:N17) -> 412 | R17: 1400-1500 | S17: =SUM(C38:C41) -> 538 | T17: =SUM(D38:D41) -> 117 | U17: =SUM(E38:E41) -> 67 | V17: =SUM(F38:F41) -> 45 | W17: =SUM(G38:G41) -> 0 | X17: =SUM(H38:H41) -> 0 | Y17: =SUM(I38:I41) -> 20 | Z17: =SUM(J38:J41) -> 5 | ... AF17: =SUM(P38:P41) -> 1486
B18: 09.00 - 09.15 | C18: 116 | D18: 28 | E18: 17 | F18: 4 | G18: 0 | H18: 0 | I18: 6 | J18: 0 | K18: 1 | L18: 0 | M18: 215 | N18: 0 | O18: =SUM(C18:L18,N18) -> 172 | P18: =SUM(C18:N18) -> 387 | R18: 1500-1600 | S18: =SUM(C42:C45) -> 533 | T18: =SUM(D42:D45) -> 105 | U18: =SUM(E42:E45) -> 78 | V18: =SUM(F42:F45) -> 60 | W18: =SUM(G42:G45) -> 0 | X18: =SUM(H42:H45) -> 0 | Y18: =SUM(I42:I45) -> 33 | Z18: =SUM(J42:J45) -> 11 | ... AF18: =SUM(P42:P45) -> 1645
B19: 09.15 - 09.30 | C19: 127 | D19: 27 | E19: 10 | F19: 20 | G19: 0 | H19: 0 | I19: 11 | J19: 9 | K19: 0 | L19: 0 | M19: 218 | N19: 0 | O19: =SUM(C19:L19,N19) -> 204 | P19: =SUM(C19:N19) -> 422 | R19: 1600-1700 | S19: =SUM(C46:C49) -> 455 | T19: =SUM(D46:D49) -> 93 | U19: =SUM(E46:E49) -> 49 | V19: =SUM(F46:F49) -> 44 | W19: =SUM(G46:G49) -> 0 | X19: =SUM(H46:H49) -> 0 | Y19: =SUM(I46:I49) -> 31 | Z19: =SUM(J46:J49) -> 9 | ... AF19: =SUM(P46:P49) -> 1381
B20: 09.30 - 09.45 | C20: 125 | D20: 35 | E20: 15 | F20: 10 | G20: 2 | H20: 1 | I20: 9 | J20: 0 | K20: 2 | L20: 0 | M20: 190 | N20: 0 | O20: =SUM(C20:L20,N20) -> 199 | P20: =SUM(C20:N20) -> 389 | R20: 1700-1800 | S20: =SUM(C50:C53) -> 536 | T20: =SUM(D50:D53) -> 96 | U20: =SUM(E50:E53) -> 38 | V20: =SUM(F50:F53) -> 45 | W20: =SUM(G50:G53) -> 0 | X20: =SUM(H50:H53) -> 0 | Y20: =SUM(I50:I53) -> 22 | Z20: =SUM(J50:J53) -> 3 | ... AF20: =SUM(P50:P53) -> 1557
B21: 09.45 - 10.00 | C21: 97 | D21: 13 | E21: 11 | F21: 4 | G21: 0 | H21: 0 | I21: 6 | J21: 1 | K21: 2 | L21: 0 | M21: 174 | N21: 0 | O21: =SUM(C21:L21,N21) -> 134 | P21: =SUM(C21:N21) -> 308 | R21: 1800-1900 | S21: =SUM(C54:C57) -> 546 | T21: =SUM(D54:D57) -> 86 | U21: =SUM(E54:E57) -> 43 | V21: =SUM(F54:F57) -> 53 | W21: =SUM(G54:G57) -> 0 | X21: =SUM(H54:H57) -> 1 | Y21: =SUM(I54:I57) -> 20 | Z21: =SUM(J54:J57) -> 6 | ... AF21: =SUM(P54:P57) -> 1568
B22: 10.00 - 10.15 | C22: 120 | D22: 24 | E22: 17 | F22: 10 | G22: 1 | H22: 1 | I22: 10 | J22: 6 | K22: 0 | L22: 1 | M22: 197 | N22: 0 | O22: =SUM(C22:L22,N22) -> 190 | P22: =SUM(C22:N22) -> 387 | R22: AM Peak Hr | S22: =MAX(S10:S12) -> 504 | T22: =MAX(T10:T12) -> 103 | U22: =MAX(U10:U12) -> 53 | V22: =MAX(V10:V12) -> 39 | W22: =MAX(W10:W12) -> 2 | X22: =MAX(X10:X12) -> 1 | Y22: =MAX(Y10:Y12) -> 32 | Z22: =MAX(Z10:Z12) -> 10 | ... AF22: =MAX(AF10:AF12) -> 1702
B23: 10.15 - 10.30 | C23: 120 | D23: 33 | E23: 10 | F23: 9 | G23: 1 | H23: 0 | I23: 6 | J23: 5 | K23: 0 | L23: 0 | M23: 197 | N23: 0 | O23: =SUM(C23:L23,N23) -> 184 | P23: =SUM(C23:N23) -> 381 | R23: IP Peak Hr | S23: =MAX(S13:S18) -> 538 | T23: =MAX(T13:T18) -> 117 | U23: =MAX(U13:U18) -> 78 | V23: =MAX(V13:V18) -> 60 | W23: =MAX(W13:W18) -> 2 | X23: =MAX(X13:X18) -> 2 | Y23: =MAX(Y13:Y18) -> 34 | Z23: =MAX(Z13:Z18) -> 19 | ... AF23: =MAX(AF13:AF18) -> 1645
B24: 10.30 - 10.45 | C24: 120 | D24: 19 | E24: 14 | F24: 12 | G24: 0 | H24: 0 | I24: 11 | J24: 5 | K24: 1 | L24: 1 | M24: 170 | N24: 0 | O24: =SUM(C24:L24,N24) -> 183 | P24: =SUM(C24:N24) -> 353 | R24: PM Peak Hr | S24: =MAX(S19:S21) -> 546 | T24: =MAX(T19:T21) -> 96 | U24: =MAX(U19:U21) -> 49 | V24: =MAX(V19:V21) -> 53 | W24: =MAX(W19:W21) -> 0 | X24: =MAX(X19:X21) -> 1 | Y24: =MAX(Y19:Y21) -> 31 | Z24: =MAX(Z19:Z21) -> 9 | ... AF24: =MAX(AF19:AF21) -> 1568
B25: 10.45 - 11.00 | C25: 116 | D25: 19 | E25: 15 | F25: 16 | G25: 0 | H25: 1 | I25: 7 | J25: 3 | K25: 0 | L25: 0 | M25: 239 | N25: 0 | O25: =SUM(C25:L25,N25) -> 177 | P25: =SUM(C25:N25) -> 416 | R25: AM Period | S25: =SUM(S10:S12) -> 1394 | T25: =SUM(T10:T12) -> 247 | U25: =SUM(U10:U12) -> 137 | V25: =SUM(V10:V12) -> 111 | W25: =SUM(W10:W12) -> 3 | X25: =SUM(X10:X12) -> 1 | Y25: =SUM(Y10:Y12) -> 70 | Z25: =SUM(Z10:Z12) -> 16 | ... AF25: =SUM(AF10:AF12) -> 4425
B26: 11.00 - 11.15 | C26: 121 | D26: 23 | E26: 9 | F26: 3 | G26: 1 | H26: 0 | I26: 6 | J26: 2 | K26: 0 | L26: 1 | M26: 197 | N26: 0 | O26: =SUM(C26:L26,N26) -> 166 | P26: =SUM(C26:N26) -> 363 | R26: IP Period | S26: =SUM(S13:S18) -> 3002 | T26: =SUM(T13:T18) -> 573 | U26: =SUM(U13:U18) -> 367 | V26: =SUM(V13:V18) -> 245 | W26: =SUM(W13:W18) -> 4 | X26: =SUM(X13:X18) -> 2 | Y26: =SUM(Y13:Y18) -> 162 | Z26: =SUM(Z13:Z18) -> 64 | ... AF26: =SUM(AF13:AF18) -> 9134
B27: 11.15 - 11.30 | C27: 134 | D27: 19 | E27: 17 | F27: 11 | G27: 0 | H27: 0 | I27: 9 | J27: 2 | K27: 0 | L27: 0 | M27: 189 | N27: 0 | O27: =SUM(C27:L27,N27) -> 192 | P27: =SUM(C27:N27) -> 381 | R27: PM Period | S27: =SUM(S19:S21) -> 1537 | T27: =SUM(T19:T21) -> 275 | U27: =SUM(U19:U21) -> 130 | V27: =SUM(V19:V21) -> 142 | W27: =SUM(W19:W21) -> 0 | X27: =SUM(X19:X21) -> 1 | Y27: =SUM(Y19:Y21) -> 73 | Z27: =SUM(Z19:Z21) -> 18 | ... AF27: =SUM(AF19:AF21) -> 4506
B28: 11.30 - 11.45 | C28: 97 | D28: 23 | E28: 17 | F28: 3 | G28: 0 | H28: 0 | I28: 3 | J28: 4 | K28: 2 | L28: 0 | M28: 280 | N28: 0 | O28: =SUM(C28:L28,N28) -> 149 | P28: =SUM(C28:N28) -> 429 | R28: 12 Hours | S28: =SUM(S10:S21) -> 5933 | T28: =SUM(T10:T21) -> 1095 | U28: =SUM(U10:U21) -> 634 | V28: =SUM(V10:V21) -> 498 | W28: =SUM(W10:W21) -> 7 | X28: =SUM(X10:X21) -> 4 | Y28: =SUM(Y10:Y21) -> 305 | Z28: =SUM(Z10:Z21) -> 98 | ... AF28: =SUM(AF10:AF21) -> 18065
B29: 11.45 - 12.00 | C29: 114 | D29: 31 | E29: 11 | F29: 7 | G29: 0 | H29: 0 | I29: 7 | J29: 0 | K29: 0 | L29: 0 | M29: 230 | N29: 0 | O29: =SUM(C29:L29,N29) -> 170 | P29: =SUM(C29:N29) -> 400
B30: 12.00 - 12.15 | C30: 135 | D30: 23 | E30: 13 | F30: 5 | G30: 0 | H30: 0 | I30: 5 | J30: 6 | K30: 1 | L30: 0 | M30: 235 | N30: 0 | O30: =SUM(C30:L30,N30) -> 188 | P30: =SUM(C30:N30) -> 423
B31: 12.15 - 12.30 | C31: 120 | D31: 18 | E31: 19 | F31: 10 | G31: 0 | H31: 0 | I31: 8 | J31: 4 | K31: 1 | L31: 0 | M31: 170 | N31: 0 | O31: =SUM(C31:L31,N31) -> 180 | P31: =SUM(C31:N31) -> 350
B32: 12.30 - 12.45 | C32: 145 | D32: 28 | E32: 19 | F32: 11 | G32: 0 | H32: 0 | I32: 7 | J32: 3 | K32: 1 | L32: 0 | M32: 205 | N32: 0 | O32: =SUM(C32:L32,N32) -> 214 | P32: =SUM(C32:N32) -> 419
B33: 12.45 - 13.00 | C33: 121 | D33: 11 | E33: 7 | F33: 4 | G33: 0 | H33: 0 | I33: 5 | J33: 3 | K33: 0 | L33: 0 | M33: 204 | N33: 0 | O33: =SUM(C33:L33,N33) -> 151 | P33: =SUM(C33:N33) -> 355
B34: 13.00 - 13.15 | C34: 116 | D34: 19 | E34: 14 | F34: 12 | G34: 1 | H34: 0 | I34: 6 | J34: 4 | K34: 1 | L34: 0 | M34: 163 | N34: 0 | O34: =SUM(C34:L34,N34) -> 173 | P34: =SUM(C34:N34) -> 336
B35: 13.15 - 13.30 | C35: 91 | D35: 16 | E35: 14 | F35: 9 | G35: 0 | H35: 0 | I35: 10 | J35: 0 | K35: 0 | L35: 0 | M35: 179 | N35: 0 | O35: =SUM(C35:L35,N35) -> 140 | P35: =SUM(C35:N35) -> 319
B36: 13.30 - 13.45 | C36: 112 | D36: 23 | E36: 12 | F36: 13 | G36: 0 | H36: 0 | I36: 4 | J36: 1 | K36: 0 | L36: 1 | M36: 188 | N36: 0 | O36: =SUM(C36:L36,N36) -> 166 | P36: =SUM(C36:N36) -> 354
B37: 13.45 - 14.00 | C37: 149 | D37: 22 | E37: 14 | F37: 5 | G37: 0 | H37: 0 | I37: 5 | J37: 0 | K37: 0 | L37: 0 | M37: 142 | N37: 0 | O37: =SUM(C37:L37,N37) -> 195 | P37: =SUM(C37:N37) -> 337
B38: 14.00 - 14.15 | C38: 110 | D38: 31 | E38: 16 | F38: 17 | G38: 0 | H38: 0 | I38: 5 | J38: 0 | K38: 2 | L38: 0 | M38: 155 | N38: 0 | O38: =SUM(C38:L38,N38) -> 181 | P38: =SUM(C38:N38) -> 336
B39: 14.15 - 14.30 | C39: 138 | D39: 27 | E39: 12 | F39: 6 | G39: 0 | H39: 0 | I39: 1 | J39: 1 | K39: 0 | L39: 0 | M39: 170 | N39: 0 | O39: =SUM(C39:L39,N39) -> 185 | P39: =SUM(C39:N39) -> 355
B40: 14.30 - 14.45 | C40: 132 | D40: 36 | E40: 22 | F40: 9 | G40: 0 | H40: 0 | I40: 9 | J40: 3 | K40: 0 | L40: 0 | M40: 161 | N40: 0 | O40: =SUM(C40:L40,N40) -> 211 | P40: =SUM(C40:N40) -> 372
... B57: 18.45 - 19.00 | C57: 133 | D57: 20 | E57: 9 | F57: 14 | G57: 0 | H57: 0 | I57: 7 | J57: 1 | K57: 0 | L57: 0 | M57: 233 | N57: 0 | O57: =SUM(C57:L57,N57) -> 184 | P57: =SUM(C57:N57) -> 417
B58: Totals | C58: =SUM(C10:C57) -> 5933 | D58: =SUM(D10:D57) -> 1095 | E58: =SUM(E10:E57) -> 634 | F58: =SUM(F10:F57) -> 498 | G58: =SUM(G10:G57) -> 7 | H58: =SUM(H10:H57) -> 4 | I58: =SUM(I10:I57) -> 305 | J58: =SUM(J10:J57) -> 98 | ... P58: =SUM(P10:P57) -> 18065
B59: %ges + MCs | C59: =C58/$P$58 -> 0.32842513 | D59: =D58/$P$58 -> 0.060614448 | E59: =E58/$P$58 -> 0.035095489 | F59: =F58/$P$58 -> 0.027567119 | G59: =G58/$P$58 -> 0.00038748962 | H59: =H58/$P$58 -> 0.00022142264 | I59: =I58/$P$58 -> 0.016883476 | J59: =J58/$P$58 -> 0.0054248547 | ... N59: =N58/$P$58 -> 0
B60: %ges w/o MCs | C60: =C58/$O$58 -> 0.6891625 | D60: =D58/$O$58 -> 0.12719247 | E60: =E58/$O$58 -> 0.073643861 | F60: =F58/$O$58 -> 0.05784644 | G60: =G58/$O$58 -> 0.00081310257 | H60: =H58/$O$58 -> 0.00046463004 | I60: =I58/$O$58 -> 0.03542804 | J60: =J58/$O$58 -> 0.011383436 | ... L60: =L58/$O$58 -> 0.0010454176 | N60: =N58/$O$58 -> 0

Sheet 3.08 Jinja Road-KiraRoad-24h
B1: Consultancy services for Preparation of Expressway Development Master Plan (EDMP) for Uganda
B2: MANUAL CLASSIFIED COUNT (MCC)
B3: ROAD NAME: | C3: ='29.07 JinjaRoad-Kira Road'!C3:G3 -> MCC - C1 - STN47 - LUGOGO BYPASS ROAD
C5: Date | D5: 3.08.19 | F5: Location | G5: ='1.08 Kira Road-Jinja Road-24h'!G5:H5 -> Shell Petrol Station | J5: Surveyor | K5: Orisha Donitar
C6: Dir. From | D6: ='29.07 JinjaRoad-Kira Road'!D6:E6 -> Jinja Road | F6: Dir. To | G6: ='29.07 JinjaRoad-Kira Road'!G6:H6 -> Kira Road | J6: Supervisor | K6: ='1.08 Kira Road-Jinja Road-24h'!K6:L6 -> Steven
B8: Time / Veh Type | R8: SUMMARY TRAFFIC VOLUMES
C9: 1. Car | D9: 2. Station Wagon | E9: 3. Pickups | F9: 4. Minibus, matatu | G9: 5. Medium bus | H9: 6. Large Bus | I9: 7. Light Truck | J9: 8. Medium Truck | K9: 9. Heavy truck | L9: 10. Truck Trailer | M9: 11. Motor cycles | N9: 12. Tractors | O9: Total Excl M/Cycles | P9: Total All | R9: Time | S9: 1. Car | T9: 2. Station Wagon | U9: 3. Pickups | V9: 4. Minibus, matatu | W9: 5. Medium bus | X9: 6. Large Bus | Y9: 7. Light Truck | Z9: 8. Medium Truck | AA9: 9. Heavy truck | AB9: 10. Truck Trailer | AC9: 11. Motorcycles | AD9: 12. Tractors, Graders | AE9: Total Excl M/ Cycles | AF9: Total All
B10: 07.00 - 07.15 | C10: 19 | D10: 9 | E10: 1 | F10: 3 | G10: 0 | H10: 0 | I10: 0 | J10: 3 | K10: 0 | L10: 0 | M10: 60 | N10: 0 | O10: =SUM(C10:L10,N10) -> 35 | P10: =SUM(C10:N10) -> 95 | R10: 0700-0800 | S10: =SUM(C10:C13) -> 83 | T10: =SUM(D10:D13) -> 31 | U10: =SUM(E10:E13) -> 7 | V10: =SUM(F10:F13) -> 7 | W10: =SUM(G10:G13) -> 1 | X10: =SUM(H10:H13) -> 0 | Y10: =SUM(I10:I13) -> 4 | Z10: =SUM(J10:J13) -> 3 | ... AF10: =SUM(P10:P13) -> 321
B11: 07.15 - 07.30 | C11: 20 | D11: 4 | E11: 1 | F11: 1 | G11: 0 | H11: 0 | I11: 2 | J11: 0 | K11: 1 | L11: 0 | M11: 37 | N11: 0 | O11: =SUM(C11:L11,N11) -> 29 | P11: =SUM(C11:N11) -> 66 | R11: 0800-0900 | S11: =SUM(C14:C17) -> 107 | T11: =SUM(D14:D17) -> 52 | U11: =SUM(E14:E17) -> 17 | V11: =SUM(F14:F17) -> 10 | W11: =SUM(G14:G17) -> 0 | X11: =SUM(H14:H17) -> 0 | Y11: =SUM(I14:I17) -> 6 | Z11: =SUM(J14:J17) -> 4 | ... AF11: =SUM(P14:P17) -> 795
B12: 07.30 - 07.45 | C12: 18 | D12: 9 | E12: 3 | F12: 1 | G12: 0 | H12: 0 | I12: 2 | J12: 0 | K12: 0 | L12: 0 | M12: 35 | N12: 0 | O12: =SUM(C12:L12,N12) -> 33 | P12: =SUM(C12:N12) -> 68 | R12: 0900-1000 | S12: =SUM(C18:C21) -> 204 | T12: =SUM(D18:D21) -> 91 | U12: =SUM(E18:E21) -> 16 | V12: =SUM(F18:F21) -> 9 | W12: =SUM(G18:G21) -> 1 | X12: =SUM(H18:H21) -> 0 | Y12: =SUM(I18:I21) -> 17 | Z12: =SUM(J18:J21) -> 6 | ... AF12: =SUM(P18:P21) -> 855
B13: 07.45 - 08.00 | C13: 26 | D13: 9 | E13: 2 | F13: 2 | G13: 1 | H13: 0 | I13: 0 | J13: 0 | K13: 0 | L13: 0 | M13: 52 | N13: 0 | O13: =SUM(C13:L13,N13) -> 40 | P13: =SUM(C13:N13) -> 92 | R13: 1000-1100 | S13: =SUM(C22:C25) -> 272 | T13: =SUM(D22:D25) -> 121 | U13: =SUM(E22:E25) -> 46 | V13: =SUM(F22:F25) -> 10 | W13: =SUM(G22:G25) -> 0 | X13: =SUM(H22:H25) -> 0 | Y13: =SUM(I22:I25) -> 10 | Z13: =SUM(J22:J25) -> 9 | ... AF13: =SUM(P22:P25) -> 913
B14: 08.00 - 08.15 | C14: 19 | D14: 9 | E14: 2 | F14: 4 | G14: 0 | H14: 0 | I14: 1 | J14: 1 | K14: 0 | L14: 0 | M14: 95 | N14: 0 | O14: =SUM(C14:L14,N14) -> 36 | P14: =SUM(C14:N14) -> 131 | R14: 1100-1200 | S14: =SUM(C26:C29) -> 291 | T14: =SUM(D26:D29) -> 125 | U14: =SUM(E26:E29) -> 30 | V14: =SUM(F26:F29) -> 23 | W14: =SUM(G26:G29) -> 2 | X14: =SUM(H26:H29) -> 0 | Y14: =SUM(I26:I29) -> 4 | Z14: =SUM(J26:J29) -> 4 | ... AF14: =SUM(P26:P29) -> 902
B15: 08.15 - 08.30 | C15: 31 | D15: 8 | E15: 6 | F15: 2 | G15: 0 | H15: 0 | I15: 2 | J15: 1 | K15: 0 | L15: 1 | M15: 105 | N15: 0 | O15: =SUM(C15:L15,N15) -> 51 | P15: =SUM(C15:N15) -> 156 | R15: 1200-1300 | S15: =SUM(C30:C33) -> 286 | T15: =SUM(D30:D33) -> 166 | U15: =SUM(E30:E33) -> 33 | V15: =SUM(F30:F33) -> 13 | W15: =SUM(G30:G33) -> 0 | X15: =SUM(H30:H33) -> 2 | Y15: =SUM(I30:I33) -> 12 | Z15: =SUM(J30:J33) -> 5 | ... AF15: =SUM(P30:P33) -> 1017
B16: 08.30 - 08.45 | C16: 24 | D16: 22 | E16: 3 | F16: 1 | G16: 0 | H16: 0 | I16: 1 | J16: 2 | K16: 0 | L16: 0 | M16: 160 | N16: 0 | O16: =SUM(C16:L16,N16) -> 53 | P16: =SUM(C16:N16) -> 213 | R16: 1300-1400 | S16: =SUM(C34:C37) -> 384 | T16: =SUM(D34:D37) -> 152 | U16: =SUM(E34:E37) -> 38 | V16: =SUM(F34:F37) -> 36 | W16: =SUM(G34:G37) -> 3 | X16: =SUM(H34:H37) -> 0 | Y16: =SUM(I34:I37) -> 13 | Z16: =SUM(J34:J37) -> 6 | ... AF16: =SUM(P34:P37) -> 1265
B17: 08.45 - 9.00 | C17: 33 | D17: 13 | E17: 6 | F17: 3 | G17: 0 | H17: 0 | I17: 2 | J17: 0 | K17: 1 | L17: 0 | M17: 237 | N17: 0 | O17: =SUM(C17:L17,N17) -> 58 | P17: =SUM(C17:N17) -> 295 | R17: 1400-1500 | S17: =SUM(C38:C41) -> 444 | T17: =SUM(D38:D41) -> 143 | U17: =SUM(E38:E41) -> 29 | V17: =SUM(F38:F41) -> 16 | W17: =SUM(G38:G41) -> 1 | X17: =SUM(H38:H41) -> 0 | Y17: =SUM(I38:I41) -> 14 | Z17: =SUM(J38:J41) -> 6 | ... AF17: =SUM(P38:P41) -> 1252
B18: 09.00 - 09.15 | C18: 43 | D18: 16 | E18: 3 | F18: 2 | G18: 1 | H18: 0 | I18: 3 | J18: 1 | K18: 0 | L18: 0 | M18: 157 | N18: 0 | O18: =SUM(C18:L18,N18) -> 69 | P18: =SUM(C18:N18) -> 226 | R18: 1500-1600 | S18: =SUM(C42:C45) -> 450 | T18: =SUM(D42:D45) -> 151 | U18: =SUM(E42:E45) -> 33 | V18: =SUM(F42:F45) -> 22 | W18: =SUM(G42:G45) -> 0 | X18: =SUM(H42:H45) -> 0 | Y18: =SUM(I42:I45) -> 8 | Z18: =SUM(J42:J45) -> 3 | ... AF18: =SUM(P42:P45) -> 1315
B19: 09.15 - 09.30 | C19: 41 | D19: 17 | E19: 3 | F19: 4 | G19: 0 | H19: 0 | I19: 8 | J19: 3 | K19: 0 | L19: 0 | M19: 126 | N19: 0 | O19: =SUM(C19:L19,N19) -> 76 | P19: =SUM(C19:N19) -> 202 | R19: 1600-1700 | S19: =SUM(C46:C49) -> 359 | T19: =SUM(D46:D49) -> 105 | U19: =SUM(E46:E49) -> 35 | V19: =SUM(F46:F49) -> 13 | W19: =SUM(G46:G49) -> 2 | X19: =SUM(H46:H49) -> 0 | Y19: =SUM(I46:I49) -> 7 | Z19: =SUM(J46:J49) -> 4 | ... AF19: =SUM(P46:P49) -> 1045
B20: 09.30 - 09.45 | C20: 49 | D20: 35 | E20: 7 | F20: 2 | G20: 0 | H20: 0 | I20: 3 | J20: 0 | K20: 1 | L20: 0 | M20: 127 | N20: 0 | O20: =SUM(C20:L20,N20) -> 97 | P20: =SUM(C20:N20) -> 224 | R20: 1700-1800 | S20: =SUM(C50:C53) -> 376 | T20: =SUM(D50:D53) -> 115 | U20: =SUM(E50:E53) -> 23 | V20: =SUM(F50:F53) -> 13 | W20: =SUM(G50:G53) -> 1 | X20: =SUM(H50:H53) -> 0 | Y20: =SUM(I50:I53) -> 5 | Z20: =SUM(J50:J53) -> 1 | ... AF20: =SUM(P50:P53) -> 1136
B21: 09.45 - 10.00 | C21: 71 | D21: 23 | E21: 3 | F21: 1 | G21: 0 | H21: 0 | I21: 3 | J21: 2 | K21: 0 | L21: 0 | M21: 100 | N21: 0 | O21: =SUM(C21:L21,N21) -> 103 | P21: =SUM(C21:N21) -> 203 | R21: 1800-1900 | S21: =SUM(C54:C57) -> 429 | T21: =SUM(D54:D57) -> 121 | U21: =SUM(E54:E57) -> 21 | V21: =SUM(F54:F57) -> 12 | W21: =SUM(G54:G57) -> 0 | X21: =SUM(H54:H57) -> 0 | Y21: =SUM(I54:I57) -> 8 | Z21: =SUM(J54:J57) -> 8 | ... AF21: =SUM(P54:P57) -> 1341
B22: 10.00 - 10.15 | C22: 57 | D22: 25 | E22: 27 | F22: 2 | G22: 0 | H22: 0 | I22: 2 | J22: 1 | K22: 0 | L22: 0 | M22: 100 | N22: 0 | O22: =SUM(C22:L22,N22) -> 114 | P22: =SUM(C22:N22) -> 214 | R22: 1900-2000 | S22: =SUM(C58:C61) -> 279 | T22: =SUM(D58:D61) -> 91 | U22: =SUM(E58:E61) -> 23 | V22: =SUM(F58:F61) -> 3 | W22: =SUM(G58:G61) -> 0 | X22: =SUM(H58:H61) -> 0 | Y22: =SUM(I58:I61) -> 4 | Z22: =SUM(J58:J61) -> 2 | ... AF22: =SUM(P58:P61) -> 929
B23: 10.15 - 10.30 | C23: 69 | D23: 37 | E23: 4 | F23: 2 | G23: 0 | H23: 0 | I23: 1 | J23: 0 | K23: 0 | L23: 0 | M23: 110 | N23: 0 | O23: =SUM(C23:L23,N23) -> 113 | P23: =SUM(C23:N23) -> 223 | R23: 2000-2100 | S23: =SUM(C62:C65) -> 270 | T23: =SUM(D62:D65) -> 25 | U23: =SUM(E62:E65) -> 19 | V23: =SUM(F62:F65) -> 0 | W23: =SUM(G62:G65) -> 0 | X23: =SUM(H62:H65) -> 0 | Y23: =SUM(I62:I65) -> 8 | Z23: =SUM(J62:J65) -> 1 | ... AF23: =SUM(P62:P65) -> 794
B24: 10.30 - 10.45 | C24: 74 | D24: 29 | E24: 7 | F24: 3 | G24: 0 | H24: 0 | I24: 2 | J24: 4 | K24: 0 | L24: 0 | M24: 130 | N24: 0 | O24: =SUM(C24:L24,N24) -> 119 | P24: =SUM(C24:N24) -> 249 | R24: 2100-2200 | S24: =SUM(C66:C69) -> 208 | T24: =SUM(D66:D69) -> 22 | U24: =SUM(E66:E69) -> 10 | V24: =SUM(F66:F69) -> 1 | W24: =SUM(G66:G69) -> 0 | X24: =SUM(H66:H69) -> 0 | Y24: =SUM(I66:I69) -> 0 | Z24: =SUM(J66:J69) -> 2 | ... AF24: =SUM(P66:P69) -> 496
B25: 10.45 - 11.00 | C25: 72 | D25: 30 | E25: 8 | F25: 3 | G25: 0 | H25: 0 | I25: 5 | J25: 4 | K25: 0 | L25: 0 | M25: 105 | N25: 0 | O25: =SUM(C25:L25,N25) -> 122 | P25: =SUM(C25:N25) -> 227 | R25: 2200-2300 | S25: =SUM(C70:C73) -> 180 | T25: =SUM(D70:D73) -> 22 | U25: =SUM(E70:E73) -> 14 | V25: =SUM(F70:F73) -> 0 | W25: =SUM(G70:G73) -> 0 | X25: =SUM(H70:H73) -> 0 | Y25: =SUM(I70:I73) -> 0 | Z25: =SUM(J70:J73) -> 0 | ... AF25: =SUM(P70:P73) -> 458
B26: 11.00 - 11.15 | C26: 76 | D26: 30 | E26: 8 | F26: 8 | G26: 0 | H26: 0 | I26: 2 | J26: 1 | K26: 0 | L26: 1 | M26: 70 | N26: 0 | O26: =SUM(C26:L26,N26) -> 126 | P26: =SUM(C26:N26) -> 196 | R26: 2300-0000 | S26: =SUM(C74:C77) -> 175 | T26: =SUM(D74:D77) -> 5 | U26: =SUM(E74:E77) -> 9 | V26: =SUM(F74:F77) -> 0 | W26: =SUM(G74:G77) -> 0 | X26: =SUM(H74:H77) -> 0 | Y26: =SUM(I74:I77) -> 0 | Z26: =SUM(J74:J77) -> 0 | ... AF26: =SUM(P74:P77) -> 392
B27: 11.15 - 11.30 | C27: 65 | D27: 25 | E27: 3 | F27: 5 | G27: 1 | H27: 0 | I27: 0 | J27: 3 | K27: 0 | L27: 0 | M27: 85 | N27: 0 | O27: =SUM(C27:L27,N27) -> 102 | P27: =SUM(C27:N27) -> 187 | R27: 0000-0100 | S27: =SUM(C78:C81) -> 137 | T27: =SUM(D78:D81) -> 8 | U27: =SUM(E78:E81) -> 1 | V27: =SUM(F78:F81) -> 0 | W27: =SUM(G78:G81) -> 0 | X27: =SUM(H78:H81) -> 0 | Y27: =SUM(I78:I81) -> 0 | Z27: =SUM(J78:J81) -> 0 | ... AF27: =SUM(P78:P81) -> 313
B28: 11.30 - 11.45 | C28: 67 | D28: 33 | E28: 10 | F28: 6 | G28: 1 | H28: 0 | I28: 1 | J28: 0 | K28: 1 | L28: 1 | M28: 125 | N28: 0 | O28: =SUM(C28:L28,N28) -> 120 | P28: =SUM(C28:N28) -> 245 | R28: 0100-0200 | S28: =SUM(C82:C85) -> 83 | T28: =SUM(D82:D85) -> 1 | U28: =SUM(E82:E85) -> 1 | V28: =SUM(F82:F85) -> 1 | W28: =SUM(G82:G85) -> 0 | X28: =SUM(H82:H85) -> 0 | Y28: =SUM(I82:I85) -> 1 | Z28: =SUM(J82:J85) -> 0 | ... AF28: =SUM(P82:P85) -> 191
B29: 11.45 - 12.00 | C29: 83 | D29: 37 | E29: 9 | F29: 4 | G29: 0 | H29: 0 | I29: 1 | J29: 0 | K29: 0 | L29: 0 | M29: 140 | N29: 0 | O29: =SUM(C29:L29,N29) -> 134 | P29: =SUM(C29:N29) -> 274 | R29: 0200-0300 | S29: =SUM(C86:C89) -> 65 | T29: =SUM(D86:D89) -> 3 | U29: =SUM(E86:E89) -> 0 | V29: =SUM(F86:F89) -> 0 | W29: =SUM(G86:G89) -> 0 | X29: =SUM(H86:H89) -> 0 | Y29: =SUM(I86:I89) -> 0 | Z29: =SUM(J86:J89) -> 0 | ... AF29: =SUM(P86:P89) -> 119
B30: 12.00 - 12.15 | C30: 66 | D30: 45 | E30: 8 | F30: 3 | G30: 0 | H30: 0 | I30: 1 | J30: 0 | K30: 0 | L30: 0 | M30: 90 | N30: 0 | O30: =SUM(C30:L30,N30) -> 123 | P30: =SUM(C30:N30) -> 213 | R30: 0300-0400 | S30: =SUM(C90:C93) -> 48 | T30: =SUM(D90:D93) -> 1 | U30: =SUM(E90:E93) -> 1 | V30: =SUM(F90:F93) -> 0 | W30: =SUM(G90:G93) -> 0 | X30: =SUM(H90:H93) -> 0 | Y30: =SUM(I90:I93) -> 0 | Z30: =SUM(J90:J93) -> 0 | ... AF30: =SUM(P90:P93) -> 76
B31: 12.15 - 12.30 | C31: 81 | D31: 41 | E31: 7 | F31: 2 | G31: 0 | H31: 0 | I31: 2 | J31: 0 | K31: 0 | L31: 0 | M31: 155 | N31: 0 | O31: =SUM(C31:L31,N31) -> 133 | P31: =SUM(C31:N31) -> 288 | R31: 0400-0500 | S31: =SUM(C94:C97) -> 48 | T31: =SUM(D94:D97) -> 2 | U31: =SUM(E94:E97) -> 0 | V31: =SUM(F94:F97) -> 0 | W31: =SUM(G94:G97) -> 0 | X31: =SUM(H94:H97) -> 0 | Y31: =SUM(I94:I97) -> 1 | Z31: =SUM(J94:J97) -> 0 | ... AF31: =SUM(P94:P97) -> 93
B32: 12.30 - 12.45 | C32: 72 | D32: 38 | E32: 9 | F32: 2 | G32: 0 | H32: 0 | I32: 5 | J32: 3 | K32: 0 | L32: 0 | M32: 115 | N32: 0 | O32: =SUM(C32:L32,N32) -> 129 | P32: =SUM(C32:N32) -> 244 | R32: 0500-0600 | S32: =SUM(C98:C101) -> 25 | T32: =SUM(D98:D101) -> 3 | U32: =SUM(E98:E101) -> 1 | V32: =SUM(F98:F101) -> 1 | W32: =SUM(G98:G101) -> 0 | X32: =SUM(H98:H101) -> 0 | Y32: =SUM(I98:I101) -> 0 | Z32: =SUM(J98:J101) -> 0 | ... AF32: =SUM(P98:P101) -> 113
B33: 12.45 - 13.00 | C33: 67 | D33: 42 | E33: 9 | F33: 6 | G33: 0 | H33: 2 | I33: 4 | J33: 2 | K33: 0 | L33: 0 | M33: 140 | N33: 0 | O33: =SUM(C33:L33,N33) -> 132 | P33: =SUM(C33:N33) -> 272 | R33: 0600-0700 | S33: =SUM(C102:C105) -> 20 | T33: =SUM(D102:D105) -> 1 | U33: =SUM(E102:E105) -> 1 | V33: =SUM(F102:F105) -> 0 | W33: =SUM(G102:G105) -> 0 | X33: =SUM(H102:H105) -> 0 | Y33: =SUM(I102:I105) -> 2 | Z33: =SUM(J102:J105) -> 3 | ... AF33: =SUM(P102:P105) -> 104
B34: 13.00 - 13.15 | C34: 94 | D34: 30 | E34: 10 | F34: 26 | G34: 0 | H34: 0 | I34: 1 | J34: 1 | K34: 0 | L34: 0 | M34: 100 | N34: 0 | O34: =SUM(C34:L34,N34) -> 162 | P34: =SUM(C34:N34) -> 262 | R34: AM Peak Hr | S34: =MAX(S10:S12) -> 204 | T34: =MAX(T10:T12) -> 91 | U34: =MAX(U10:U12) -> 17 | V34: =MAX(V10:V12) -> 10 | W34: =MAX(W10:W12) -> 1 | X34: =MAX(X10:X12) -> 0 | Y34: =MAX(Y10:Y12) -> 17 | Z34: =MAX(Z10:Z12) -> 6 | ... AF34: =MAX(AF10:AF12) -> 855
B35: 13.15 - 13.30 | C35: 98 | D35: 27 | E35: 12 | F35: 3 | G35: 1 | H35: 0 | I35: 5 | J35: 2 | K35: 1 | L35: 0 | M35: 157 | N35: 0 | O35: =SUM(C35:L35,N35) -> 149 | P35: =SUM(C35:N35) -> 306 | R35: IP Peak Hr | S35: =MAX(S13:S18) -> 450 | T35: =MAX(T13:T18) -> 166 | U35: =MAX(U13:U18) -> 46 | V35: =MAX(V13:V18) -> 36 | W35: =MAX(W13:W18) -> 3 | X35: =MAX(X13:X18) -> 2 | Y35: =MAX(Y13:Y18) -> 14 | Z35: =MAX(Z13:Z18) -> 9 | ... AF35: =MAX(AF13:AF18) -> 1315
B36: 13.30 - 13.45 | C36: 99 | D36: 50 | E36: 10 | F36: 3 | G36: 1 | H36: 0 | I36: 2 | J36: 1 | K36: 0 | L36: 0 | M36: 140 | N36: 0 | O36: =SUM(C36:L36,N36) -> 166 | P36: =SUM(C36:N36) -> 306 | R36: PM Peak Hr | S36: =MAX(S19:S21) -> 429 | T36: =MAX(T19:T21) -> 121 | U36: =MAX(U19:U21) -> 35 | V36: =MAX(V19:V21) -> 13 | W36: =MAX(W19:W21) -> 2 | X36: =MAX(X19:X21) -> 0 | Y36: =MAX(Y19:Y21) -> 8 | Z36: =MAX(Z19:Z21) -> 8 | ... AF36: =MAX(AF19:AF21) -> 1341
B37: 13.45 - 14.00 | C37: 93 | D37: 45 | E37: 6 | F37: 4 | G37: 1 | H37: 0 | I37: 5 | J37: 2 | K37: 0 | L37: 0 | M37: 235 | N37: 0 | O37: =SUM(C37:L37,N37) -> 156 | P37: =SUM(C37:N37) -> 391 | R37: AM Period | S37: =SUM(S10:S12) -> 394 | T37: =SUM(T10:T12) -> 174 | U37: =SUM(U10:U12) -> 40 | V37: =SUM(V10:V12) -> 26 | W37: =SUM(W10:W12) -> 2 | X37: =SUM(X10:X12) -> 0 | Y37: =SUM(Y10:Y12) -> 27 | Z37: =SUM(Z10:Z12) -> 13 | ... AF37: =SUM(AF10:AF12) -> 1971
B38: 14.00 - 14.15 | C38: 126 | D38: 30 | E38: 6 | F38: 4 | G38: 0 | H38: 0 | I38: 3 | J38: 2 | K38: 0 | L38: 0 | M38: 155 | N38: 0 | O38: =SUM(C38:L38,N38) -> 171 | P38: =SUM(C38:N38) -> 326 | R38: IP Period | S38: =SUM(S13:S18) -> 2127 | T38: =SUM(T13:T18) -> 858 | U38: =SUM(U13:U18) -> 209 | V38: =SUM(V13:V18) -> 120 | W38: =SUM(W13:W18) -> 6 | X38: =SUM(X13:X18) -> 2 | Y38: =SUM(Y13:Y18) -> 61 | Z38: =SUM(Z13:Z18) -> 33 | ... AF38: =SUM(AF13:AF18) -> 6664
B39: 14.15 - 14.30 | C39: 102 | D39: 45 | E39: 5 | F39: 3 | G39: 0 | H39: 0 | I39: 6 | J39: 1 | K39: 0 | L39: 0 | M39: 146 | N39: 0 | O39: =SUM(C39:L39,N39) -> 162 | P39: =SUM(C39:N39) -> 308 | R39: PM Period | S39: =SUM(S19:S21) -> 1164 | T39: =SUM(T19:T21) -> 341 | U39: =SUM(U19:U21) -> 79 | V39: =SUM(V19:V21) -> 38 | W39: =SUM(W19:W21) -> 3 | X39: =SUM(X19:X21) -> 0 | Y39: =SUM(Y19:Y21) -> 20 | Z39: =SUM(Z19:Z21) -> 13 | ... AF39: =SUM(AF19:AF21) -> 3522
B40: 14.30 - 14.45 | C40: 108 | D40: 36 | E40: 11 | F40: 4 | G40: 0 | H40: 0 | I40: 2 | J40: 1 | K40: 0 | L40: 1 | M40: 155 | N40: 0 | O40: =SUM(C40:L40,N40) -> 163 | P40: =SUM(C40:N40) -> 318 | R40: 12 Hours | S40: =SUM(S10:S21) -> 3685 | T40: =SUM(T10:T21) -> 1373 | U40: =SUM(U10:U21) -> 328 | V40: =SUM(V10:V21) -> 184 | W40: =SUM(W10:W21) -> 11 | X40: =SUM(X10:X21) -> 2 | Y40: =SUM(Y10:Y21) -> 108 | Z40: =SUM(Z10:Z21) -> 59 | ... AF40: =SUM(AF10:AF21) -> 12157
B41: 14.45 - 15.00 | C41: 108 | D41: 32 | E41: 7 | F41: 5 | G41: 1 | H41: 0 | I41: 3 | J41: 2 | K41: 0 | L41: 0 | M41: 142 | N41: 0 | O41: =SUM(C41:L41,N41) -> 158 | P41: =SUM(C41:N41) -> 300 | R41: 24 Hrs/ADT | S41: =SUM(S10:S33) -> 5223 | T41: =SUM(T10:T33) -> 1557 | U41: =SUM(U10:U33) -> 408 | V41: =SUM(V10:V33) -> 190 | W41: =SUM(W10:W33) -> 11 | X41: =SUM(X10:X33) -> 2 | Y41: =SUM(Y10:Y33) -> 124 | Z41: =SUM(Z10:Z33) -> 67 | ... AF41: =SUM(AF10:AF33) -> 16235
B42: 15.00 - 15.15 | C42: 125 | D42: 25 | E42: 8 | F42: 9 | G42: 0 | H42: 0 | I42: 3 | J42: 0 | K42: 1 | L42: 0 | M42: 160 | N42: 0 | O42: =SUM(C42:L42,N42) -> 171 | P42: =SUM(C42:N42) -> 331 | R42: NEF | S42: =S41/S40 -> 1.4173677 | T42: =T41/T40 -> 1.1340131 | U42: =U41/U40 -> 1.2439024 | V42: =V41/V40 -> 1.0326087 | W42: =W41/W40 -> 1 | X42: =X41/X40 -> 1 | Y42: =Y41/Y40 -> 1.1481481 | Z42: =Z41/Z40 -> 1.1355932 | ... AF42: =AF41/AF40 -> 1.3354446
B43: 15.15 - 15.30 | C43: 105 | D43: 42 | E43: 7 | F43: 6 | G43: 0 | H43: 0 | I43: 1 | J43: 1 | K43: 0 | L43: 0 | M43: 140 | N43: 0 | O43: =SUM(C43:L43,N43) -> 162 | P43: =SUM(C43:N43) -> 302
B44: 15.30 - 15.45 | C44: 115 | D44: 42 | E44: 3 | F44: 3 | G44: 0 | H44: 0 | I44: 2 | J44: 1 | K44: 0 | L44: 0 | M44: 220 | N44: 0 | O44: =SUM(C44:L44,N44) -> 166 | P44: =SUM(C44:N44) -> 386
B45: 15.45 - 16.00 | C45: 105 | D45: 42 | E45: 15 | F45: 4 | G45: 0 | H45: 0 | I45: 2 | J45: 1 | K45: 2 | L45: 0 | M45: 125 | N45: 0 | O45: =SUM(C45:L45,N45) -> 171 | P45: =SUM(C45:N45) -> 296
B46: 16.00 - 16.15 | C46: 101 | D46: 22 | E46: 11 | F46: 2 | G46: 0 | H46: 0 | I46: 2 | J46: 1 | K46: 0 | L46: 0 | M46: 132 | N46: 0 | O46: =SUM(C46:L46,N46) -> 139 | P46: =SUM(C46:N46) -> 271
B47: 16.15 -16.30 | C47: 103 | D47: 30 | E47: 9 | F47: 2 | G47: 2 | H47: 0 | I47: 0 | J47: 2 | K47: 1 | L47: 0 | M47: 120 | N47: 0 | O47: =SUM(C47:L47,N47) -> 149 | P47: =SUM(C47:N47) -> 269
B48: 16.30 -16.45 | C48: 73 | D48: 20 | E48: 7 | F48: 4 | G48: 0 | H48: 0 | I48: 3 | J48: 0 | K48: 0 | L48: 0 | M48: 130 | N48: 0 | O48: =SUM(C48:L48,N48) -> 107 | P48: =SUM(C48:N48) -> 237
B49: 16.45 -17.00 | C49: 82 | D49: 33 | E49: 8 | F49: 5 | G49: 0 | H49: 0 | I49: 2 | J49: 1 | K49: 1 | L49: 1 | M49: 135 | N49: 0 | O49: =SUM(C49:L49,N49) -> 133 | P49: =SUM(C49:N49) -> 268
B50: 17.00 -17.15 | C50: 99 | D50: 29 | E50: 7 | F50: 0 | G50: 1 | H50: 0 | I50: 2 | J50: 0 | K50: 1 | L50: 1 | M50: 170 | N50: 0 | O50: =SUM(C50:L50,N50) -> 140 | P50: =SUM(C50:N50) -> 310
B51: 17.15 -17.30 | C51: 81 | D51: 26 | E51: 7 | F51: 6 | G51: 0 | H51: 0 | I51: 1 | J51: 1 | K51: 0 | L51: 0 | M51: 180 | N51: 0 | O51: =SUM(C51:L51,N51) -> 122 | P51: =SUM(C51:N51) -> 302
B52: 17.30 -17.45 | C52: 87 | D52: 29 | E52: 5 | F52: 2 | G52: 0 | H52: 0 | I52: 2 | J52: 0 | K52: 0 | L52: 0 | M52: 120 | N52: 0 | O52: =SUM(C52:L52,N52) -> 125 | P52: =SUM(C52:N52) -> 245
B53: 17.45 -18.00 | C53: 109 | D53: 31 | E53: 4 | F53: 5 | G53: 0 | H53: 0 | I53: 0 | J53: 0 | K53: 0 | L53: 0 | M53: 130 | N53: 0 | O53: =SUM(C53:L53,N53) -> 149 | P53: =SUM(C53:N53) -> 279
B54: 18.00 - 18.15 | C54: 105 | D54: 36 | E54: 6 | F54: 3 | G54: 0 | H54: 0 | I54: 6 | J54: 1 | K54: 0 | L54: 0 | M54: 160 | N54: 0 | O54: =SUM(C54:L54,N54) -> 157 | P54: =SUM(C54:N54) -> 317
... B105: 06.45 - 07.00 | C105: 3 | D105: 0 | E105: 0 | F105: 0 | G105: 0 | H105: 0 | I105: 1 | J105: 1 | K105: 0 | L105: 0 | M105: 12 | N105: 0 | O105: =SUM(C105:L105,N105) -> 5 | P105: =SUM(C105:N105) -> 17
B106: Totals | C106: =SUM(C10:C105) -> 5223 | D106: =SUM(D10:D105) -> 1557 | E106: =SUM(E10:E105) -> 408 | F106: =SUM(F10:F105) -> 190 | G106: =SUM(G10:G105) -> 11 | H106: =SUM(H10:H105) -> 2 | I106: =SUM(I10:I105) -> 124 | J106: =SUM(J10:J105) -> 67 | ... P106: =SUM(P10:P105) -> 16235
B107: %ges + MCs | C107: =C106/$P$106 -> 0.32171235 | D107: =D106/$P$106 -> 0.095903911 | E107: =E106/$P$106 -> 0.02513089 | F107: =F106/$P$106 -> 0.011703111 | G107: =G106/$P$106 -> 0.00067754851 | H107: =H106/$P$106 -> 0.00012319064 | I107: =I106/$P$106 -> 0.0076378195 | J107: =J106/$P$106 -> 0.0041268864 | ... N107: =N106/$P$106 -> 0
B108: %ges w/o MCs | C108: =C106/$O$106 -> 0.68678501 | D108: =D106/$O$106 -> 0.20473373 | E108: =E106/$O$106 -> 0.053648915 | F108: =F106/$O$106 -> 0.024983563 | G108: =G106/$O$106 -> 0.0014464168 | H108: =H106/$O$106 -> 0.00026298488 | I108: =I106/$O$106 -> 0.016305062 | J108: =J106/$O$106 -> 0.0088099934 | ... L108: =L106/$O$106 -> 0.00092044707 | N108: =N106/$O$106 -> 0

Sheet 3.08 Kira Road-Jinja Road-24h
B1: Consultancy services for Preparation of Expressway Development Master Plan (EDMP) for Uganda
B2: MANUAL CLASSIFIED COUNT (MCC)
B3: ROAD NAME: | C3: ='29.07 JinjaRoad-Kira Road'!C3:G3 -> MCC - C1 - STN47 - LUGOGO BYPASS ROAD
C5: Date | D5: ='3.08 Jinja Road-KiraRoad-24h'!D5 -> 3.08.19 | F5: Location | G5: ='3.08 Jinja Road-KiraRoad-24h'!G5:H5 -> Shell Petrol Station | J5: Surveyor | K5: Ssemuko Samuel Junior
C6: Dir. From | D6: ='29.07 Kira Road-Jinaj Road'!D6:E6 -> Kira Road | F6: Dir. To | G6: ='29.07 Kira Road-Jinaj Road'!G6:H6 -> Jinja Road | J6: Supervisor | K6: ='3.08 Jinja Road-KiraRoad-24h'!K6:L6 -> Steven
B8: Time / Veh Type | R8: SUMMARY TRAFFIC VOLUMES
C9: 1. Car | D9: 2. Station Wagon | E9: 3. Pickups | F9: 4. Minibus, matatu | G9: 5. Medium bus | H9: 6. Large Bus | I9: 7. Light Truck | J9: 8. Medium Truck | K9: 9. Heavy truck | L9: 10. Truck Trailer | M9: 11. Motor cycles | N9: 12. Tractors | O9: Total Excl M/Cycles | P9: Total All | R9: Time | S9: 1. Car | T9: 2. Station Wagon | U9: 3. Pickups | V9: 4. Minibus, matatu | W9: 5. Medium bus | X9: 6. Large Bus | Y9: 7. Light Truck | Z9: 8. Medium Truck | AA9: 9. Heavy truck | AB9: 10. Truck Trailer | AC9: 11. Motorcycles | AD9: 12. Tractors, Graders | AE9: Total Excl M/ Cycles | AF9: Total All
B10: 07.00 - 07.15 | C10: 35 | D10: 13 | E10: 1 | F10: 3 | G10: 0 | H10: 0 | I10: 3 | J10: 0 | K10: 0 | L10: 0 | M10: 80 | N10: 0 | O10: =SUM(C10:L10,N10) -> 55 | P10: =SUM(C10:N10) -> 135 | R10: 0700-0800 | S10: =SUM(C10:C13) -> 100 | T10: =SUM(D10:D13) -> 31 | U10: =SUM(E10:E13) -> 10 | V10: =SUM(F10:F13) -> 4 | W10: =SUM(G10:G13) -> 1 | X10: =SUM(H10:H13) -> 0 | Y10: =SUM(I10:I13) -> 9 | Z10: =SUM(J10:J13) -> 0 | ... AF10: =SUM(P10:P13) -> 444
B11: 07.15 - 07.30 | C11: 25 | D11: 7 | E11: 6 | F11: 0 | G11: 0 | H11: 0 | I11: 1 | J11: 0 | K11: 0 | L11: 0 | M11: 36 | N11: 0 | O11: =SUM(C11:L11,N11) -> 39 | P11: =SUM(C11:N11) -> 75 | R11: 0800-0900 | S11: =SUM(C14:C17) -> 236 | T11: =SUM(D14:D17) -> 112 | U11: =SUM(E14:E17) -> 27 | V11: =SUM(F14:F17) -> 11 | W11: =SUM(G14:G17) -> 1 | X11: =SUM(H14:H17) -> 0 | Y11: =SUM(I14:I17) -> 17 | Z11: =SUM(J14:J17) -> 10 | ... AF11: =SUM(P14:P17) -> 1078
B12: 07.30 - 07.45 | C12: 25 | D12: 10 | E12: 2 | F12: 1 | G12: 1 | H12: 0 | I12: 3 | J12: 0 | K12: 0 | L12: 0 | M12: 35 | N12: 0 | O12: =SUM(C12:L12,N12) -> 42 | P12: =SUM(C12:N12) -> 77 | R12: 0900-1000 | S12: =SUM(C18:C21) -> 368 | T12: =SUM(D18:D21) -> 237 | U12: =SUM(E18:E21) -> 29 | V12: =SUM(F18:F21) -> 11 | W12: =SUM(G18:G21) -> 1 | X12: =SUM(H18:H21) -> 0 | Y12: =SUM(I18:I21) -> 16 | Z12: =SUM(J18:J21) -> 9 | ... AF12: =SUM(P18:P21) -> 1355
B13: 07.45 - 08.00 | C13: 15 | D13: 1 | E13: 1 | F13: 0 | G13: 0 | H13: 0 | I13: 2 | J13: 0 | K13: 0 | L13: 0 | M13: 138 | N13: 0 | O13: =SUM(C13:L13,N13) -> 19 | P13: =SUM(C13:N13) -> 157 | R13: 1000-1100 | S13: =SUM(C22:C25) -> 426 | T13: =SUM(D22:D25) -> 396 | U13: =SUM(E22:E25) -> 118 | V13: =SUM(F22:F25) -> 8 | W13: =SUM(G22:G25) -> 2 | X13: =SUM(H22:H25) -> 0 | Y13: =SUM(I22:I25) -> 23 | Z13: =SUM(J22:J25) -> 6 | ... AF13: =SUM(P22:P25) -> 1648
B14: 08.00 - 08.15 | C14: 51 | D14: 20 | E14: 7 | F14: 4 | G14: 1 | H14: 0 | I14: 0 | J14: 1 | K14: 0 | L14: 0 | M14: 119 | N14: 0 | O14: =SUM(C14:L14,N14) -> 84 | P14: =SUM(C14:N14) -> 203 | R14: 1100-1200 | S14: =SUM(C26:C29) -> 344 | T14: =SUM(D26:D29) -> 458 | U14: =SUM(E26:E29) -> 37 | V14: =SUM(F26:F29) -> 7 | W14: =SUM(G26:G29) -> 1 | X14: =SUM(H26:H29) -> 0 | Y14: =SUM(I26:I29) -> 27 | Z14: =SUM(J26:J29) -> 9 | ... AF14: =SUM(P26:P29) -> 1688
B15: 08.15 - 08.30 | C15: 53 | D15: 35 | E15: 7 | F15: 4 | G15: 0 | H15: 0 | I15: 8 | J15: 3 | K15: 0 | L15: 0 | M15: 187 | N15: 0 | O15: =SUM(C15:L15,N15) -> 110 | P15: =SUM(C15:N15) -> 297 | R15: 1200-1300 | S15: =SUM(C30:C33) -> 417 | T15: =SUM(D30:D33) -> 427 | U15: =SUM(E30:E33) -> 26 | V15: =SUM(F30:F33) -> 0 | W15: =SUM(G30:G33) -> 0 | X15: =SUM(H30:H33) -> 0 | Y15: =SUM(I30:I33) -> 35 | Z15: =SUM(J30:J33) -> 7 | ... AF15: =SUM(P30:P33) -> 1580
B16: 08.30 - 08.45 | C16: 63 | D16: 30 | E16: 6 | F16: 2 | G16: 0 | H16: 0 | I16: 5 | J16: 4 | K16: 0 | L16: 0 | M16: 177 | N16: 0 | O16: =SUM(C16:L16,N16) -> 110 | P16: =SUM(C16:N16) -> 287 | R16: 1300-1400 | S16: =SUM(C34:C37) -> 362 | T16: =SUM(D34:D37) -> 432 | U16: =SUM(E34:E37) -> 30 | V16: =SUM(F34:F37) -> 12 | W16: =SUM(G34:G37) -> 1 | X16: =SUM(H34:H37) -> 1 | Y16: =SUM(I34:I37) -> 21 | Z16: =SUM(J34:J37) -> 12 | ... AF16: =SUM(P34:P37) -> 1579
B17: 08.45 - 9.00 | C17: 69 | D17: 27 | E17: 7 | F17: 1 | G17: 0 | H17: 0 | I17: 4 | J17: 2 | K17: 0 | L17: 0 | M17: 181 | N17: 0 | O17: =SUM(C17:L17,N17) -> 110 | P17: =SUM(C17:N17) -> 291 | R17: 1400-1500 | S17: =SUM(C38:C41) -> 446 | T17: =SUM(D38:D41) -> 318 | U17: =SUM(E38:E41) -> 34 | V17: =SUM(F38:F41) -> 19 | W17: =SUM(G38:G41) -> 2 | X17: =SUM(H38:H41) -> 0 | Y17: =SUM(I38:I41) -> 16 | Z17: =SUM(J38:J41) -> 8 | ... AF17: =SUM(P38:P41) -> 1590
B18: 09.00 - 09.15 | C18: 90 | D18: 37 | E18: 4 | F18: 1 | G18: 0 | H18: 0 | I18: 3 | J18: 2 | K18: 0 | L18: 0 | M18: 221 | N18: 0 | O18: =SUM(C18:L18,N18) -> 137 | P18: =SUM(C18:N18) -> 358 | R18: 1500-1600 | S18: =SUM(C42:C45) -> 392 | T18: =SUM(D42:D45) -> 249 | U18: =SUM(E42:E45) -> 23 | V18: =SUM(F42:F45) -> 16 | W18: =SUM(G42:G45) -> 0 | X18: =SUM(H42:H45) -> 0 | Y18: =SUM(I42:I45) -> 29 | Z18: =SUM(J42:J45) -> 4 | ... AF18: =SUM(P42:P45) -> 1570
B19: 09.15 - 09.30 | C19: 82 | D19: 40 | E19: 4 | F19: 4 | G19: 0 | H19: 0 | I19: 5 | J19: 2 | K19: 0 | L19: 0 | M19: 125 | N19: 0 | O19: =SUM(C19:L19,N19) -> 137 | P19: =SUM(C19:N19) -> 262 | R19: 1600-1700 | S19: =SUM(C46:C49) -> 454 | T19: =SUM(D46:D49) -> 280 | U19: =SUM(E46:E49) -> 31 | V19: =SUM(F46:F49) -> 12 | W19: =SUM(G46:G49) -> 2 | X19: =SUM(H46:H49) -> 0 | Y19: =SUM(I46:I49) -> 26 | Z19: =SUM(J46:J49) -> 4 | ... AF19: =SUM(P46:P49) -> 1492
B20: 09.30 - 09.45 | C20: 96 | D20: 85 | E20: 12 | F20: 2 | G20: 0 | H20: 0 | I20: 4 | J20: 1 | K20: 2 | L20: 1 | M20: 159 | N20: 0 | O20: =SUM(C20:L20,N20) -> 203 | P20: =SUM(C20:N20) -> 362 | R20: 1700-1800 | S20: =SUM(C50:C53) -> 9342 | T20: =SUM(D50:D53) -> 261 | U20: =SUM(E50:E53) -> 38 | V20: =SUM(F50:F53) -> 11 | W20: =SUM(G50:G53) -> 0 | X20: =SUM(H50:H53) -> 0 | Y20: =SUM(I50:I53) -> 19 | Z20: =SUM(J50:J53) -> 8 | ... AF20: =SUM(P50:P53) -> 10345
B21: 09.45 - 10.00 | C21: 100 | D21: 75 | E21: 9 | F21: 4 | G21: 1 | H21: 0 | I21: 4 | J21: 4 | K21: 0 | L21: 0 | M21: 176 | N21: 0 | O21: =SUM(C21:L21,N21) -> 197 | P21: =SUM(C21:N21) -> 373 | R21: 1800-1900 | S21: =SUM(C54:C57) -> 338 | T21: =SUM(D54:D57) -> 199 | U21: =SUM(E54:E57) -> 38 | V21: =SUM(F54:F57) -> 16 | W21: =SUM(G54:G57) -> 0 | X21: =SUM(H54:H57) -> 0 | Y21: =SUM(I54:I57) -> 2 | Z21: =SUM(J54:J57) -> 3 | ... AF21: =SUM(P54:P57) -> 1240
B22: 10.00 - 10.15 | C22: 125 | D22: 90 | E22: 99 | F22: 0 | G22: 0 | H22: 0 | I22: 5 | J22: 2 | K22: 1 | L22: 0 | M22: 128 | N22: 0 | O22: =SUM(C22:L22,N22) -> 322 | P22: =SUM(C22:N22) -> 450 | R22: 1900-2000 | S22: =SUM(C58:C61) -> 412 | T22: =SUM(D58:D61) -> 237 | U22: =SUM(E58:E61) -> 42 | V22: =SUM(F58:F61) -> 15 | W22: =SUM(G58:G61) -> 0 | X22: =SUM(H58:H61) -> 0 | Y22: =SUM(I58:I61) -> 5 | Z22: =SUM(J58:J61) -> 5 | ... AF22: =SUM(P58:P61) -> 1427
B23: 10.15 - 10.30 | C23: 85 | D23: 125 | E23: 6 | F23: 2 | G23: 2 | H23: 0 | I23: 4 | J23: 2 | K23: 1 | L23: 0 | M23: 166 | N23: 0 | O23: =SUM(C23:L23,N23) -> 227 | P23: =SUM(C23:N23) -> 393 | R23: 2000-2100 | S23: =SUM(C62:C65) -> 415 | T23: =SUM(D62:D65) -> 248 | U23: =SUM(E62:E65) -> 69 | V23: =SUM(F62:F65) -> 24 | W23: =SUM(G62:G65) -> 1 | X23: =SUM(H62:H65) -> 0 | Y23: =SUM(I62:I65) -> 6 | Z23: =SUM(J62:J65) -> 0 | ... AF23: =SUM(P62:P65) -> 1315
B24: 10.30 - 10.45 | C24: 100 | D24: 95 | E24: 6 | F24: 6 | G24: 0 | H24: 0 | I24: 10 | J24: 0 | K24: 1 | L24: 0 | M24: 165 | N24: 0 | O24: =SUM(C24:L24,N24) -> 218 | P24: =SUM(C24:N24) -> 383 | R24: 2100-2200 | S24: =SUM(C66:C69) -> 369 | T24: =SUM(D66:D69) -> 223 | U24: =SUM(E66:E69) -> 56 | V24: =SUM(F66:F69) -> 19 | W24: =SUM(G66:G69) -> 1 | X24: =SUM(H66:H69) -> 0 | Y24: =SUM(I66:I69) -> 8 | Z24: =SUM(J66:J69) -> 2 | ... AF24: =SUM(P66:P69) -> 1033
B25: 10.45 - 11.00 | C25: 116 | D25: 86 | E25: 7 | F25: 0 | G25: 0 | H25: 0 | I25: 4 | J25: 2 | K25: 0 | L25: 0 | M25: 207 | N25: 0 | O25: =SUM(C25:L25,N25) -> 215 | P25: =SUM(C25:N25) -> 422 | R25: 2200-2300 | S25: =SUM(C70:C73) -> 413 | T25: =SUM(D70:D73) -> 194 | U25: =SUM(E70:E73) -> 37 | V25: =SUM(F70:F73) -> 16 | W25: =SUM(G70:G73) -> 0 | X25: =SUM(H70:H73) -> 0 | Y25: =SUM(I70:I73) -> 5 | Z25: =SUM(J70:J73) -> 2 | ... AF25: =SUM(P70:P73) -> 935
B26: 11.00 - 11.15 | C26: 135 | D26: 171 | E26: 8 | F26: 4 | G26: 0 | H26: 0 | I26: 9 | J26: 4 | K26: 0 | L26: 1 | M26: 190 | N26: 0 | O26: =SUM(C26:L26,N26) -> 332 | P26: =SUM(C26:N26) -> 522 | R26: 2300-0000 | S26: =SUM(C74:C77) -> 334 | T26: =SUM(D74:D77) -> 196 | U26: =SUM(E74:E77) -> 33 | V26: =SUM(F74:F77) -> 5 | W26: =SUM(G74:G77) -> 3 | X26: =SUM(H74:H77) -> 0 | Y26: =SUM(I74:I77) -> 1 | Z26: =SUM(J74:J77) -> 2 | ... AF26: =SUM(P74:P77) -> 755
B27: 11.15 - 11.30 | C27: 92 | D27: 107 | E27: 12 | F27: 1 | G27: 0 | H27: 0 | I27: 8 | J27: 0 | K27: 0 | L27: 0 | M27: 197 | N27: 0 | O27: =SUM(C27:L27,N27) -> 220 | P27: =SUM(C27:N27) -> 417 | R27: 0000-0100 | S27: =SUM(C78:C81) -> 262 | T27: =SUM(D78:D81) -> 100 | U27: =SUM(E78:E81) -> 17 | V27: =SUM(F78:F81) -> 3 | W27: =SUM(G78:G81) -> 0 | X27: =SUM(H78:H81) -> 0 | Y27: =SUM(I78:I81) -> 2 | Z27: =SUM(J78:J81) -> 0 | ... AF27: =SUM(P78:P81) -> 495
B28: 11.30 - 11.45 | C28: 65 | D28: 75 | E28: 8 | F28: 2 | G28: 1 | H28: 0 | I28: 4 | J28: 3 | K28: 0 | L28: 0 | M28: 202 | N28: 0 | O28: =SUM(C28:L28,N28) -> 158 | P28: =SUM(C28:N28) -> 360 | R28: 0100-0200 | S28: =SUM(C82:C85) -> 244 | T28: =SUM(D82:D85) -> 117 | U28: =SUM(E82:E85) -> 6 | V28: =SUM(F82:F85) -> 4 | W28: =SUM(G82:G85) -> 0 | X28: =SUM(H82:H85) -> 0 | Y28: =SUM(I82:I85) -> 1 | Z28: =SUM(J82:J85) -> 3 | ... AF28: =SUM(P82:P85) -> 464
B29: 11.45 - 12.00 | C29: 52 | D29: 105 | E29: 9 | F29: 0 | G29: 0 | H29: 0 | I29: 6 | J29: 2 | K29: 0 | L29: 0 | M29: 215 | N29: 0 | O29: =SUM(C29:L29,N29) -> 174 | P29: =SUM(C29:N29) -> 389 | R29: 0200-0300 | S29: =SUM(C86:C89) -> 179 | T29: =SUM(D86:D89) -> 77 | U29: =SUM(E86:E89) -> 6 | V29: =SUM(F86:F89) -> 4 | W29: =SUM(G86:G89) -> 1 | X29: =SUM(H86:H89) -> 0 | Y29: =SUM(I86:I89) -> 1 | Z29: =SUM(J86:J89) -> 0 | ... AF29: =SUM(P86:P89) -> 363
B30: 12.00 - 12.15 | C30: 105 | D30: 81 | E30: 1 | F30: 0 | G30: 0 | H30: 0 | I30: 3 | J30: 0 | K30: 1 | L30: 0 | M30: 155 | N30: 0 | O30: =SUM(C30:L30,N30) -> 191 | P30: =SUM(C30:N30) -> 346 | R30: 0300-0400 | S30: =SUM(C90:C93) -> 128 | T30: =SUM(D90:D93) -> 60 | U30: =SUM(E90:E93) -> 4 | V30: =SUM(F90:F93) -> 4 | W30: =SUM(G90:G93) -> 0 | X30: =SUM(H90:H93) -> 0 | Y30: =SUM(I90:I93) -> 0 | Z30: =SUM(J90:J93) -> 1 | ... AF30: =SUM(P90:P93) -> 251
B31: 12.15 - 12.30 | C31: 103 | D31: 110 | E31: 1 | F31: 0 | G31: 0 | H31: 0 | I31: 5 | J31: 4 | K31: 0 | L31: 0 | M31: 183 | N31: 0 | O31: =SUM(C31:L31,N31) -> 223 | P31: =SUM(C31:N31) -> 406 | R31: 0400-0500 | S31: =SUM(C94:C97) -> 88 | T31: =SUM(D94:D97) -> 58 | U31: =SUM(E94:E97) -> 9 | V31: =SUM(F94:F97) -> 2 | W31: =SUM(G94:G97) -> 0 | X31: =SUM(H94:H97) -> 0 | Y31: =SUM(I94:I97) -> 0 | Z31: =SUM(J94:J97) -> 2 | ... AF31: =SUM(P94:P97) -> 217
B32: 12.30 - 12.45 | C32: 124 | D32: 130 | E32: 21 | F32: 0 | G32: 0 | H32: 0 | I32: 12 | J32: 1 | K32: 0 | L32: 0 | M32: 173 | N32: 0 | O32: =SUM(C32:L32,N32) -> 288 | P32: =SUM(C32:N32) -> 461 | R32: 0500-0600 | S32: =SUM(C98:C101) -> 77 | T32: =SUM(D98:D101) -> 44 | U32: =SUM(E98:E101) -> 3 | V32: =SUM(F98:F101) -> 1 | W32: =SUM(G98:G101) -> 0 | X32: =SUM(H98:H101) -> 0 | Y32: =SUM(I98:I101) -> 0 | Z32: =SUM(J98:J101) -> 0 | ... AF32: =SUM(P98:P101) -> 175
B33: 12.45 - 13.00 | C33: 85 | D33: 106 | E33: 3 | F33: 0 | G33: 0 | H33: 0 | I33: 15 | J33: 2 | K33: 0 | L33: 1 | M33: 155 | N33: 0 | O33: =SUM(C33:L33,N33) -> 212 | P33: =SUM(C33:N33) -> 367 | R33: 0600-0700 | S33: =SUM(C102:C105) -> 39 | T33: =SUM(D102:D105) -> 19 | U33: =SUM(E102:E105) -> 6 | V33: =SUM(F102:F105) -> 3 | W33: =SUM(G102:G105) -> 0 | X33: =SUM(H102:H105) -> 0 | Y33: =SUM(I102:I105) -> 1 | Z33: =SUM(J102:J105) -> 2 | ... AF33: =SUM(P102:P105) -> 177
B34: 13.00 - 13.15 | C34: 105 | D34: 130 | E34: 4 | F34: 2 | G34: 0 | H34: 0 | I34: 4 | J34: 4 | K34: 2 | L34: 0 | M34: 188 | N34: 0 | O34: =SUM(C34:L34,N34) -> 251 | P34: =SUM(C34:N34) -> 439 | R34: AM Peak Hr | S34: =MAX(S10:S12) -> 368 | T34: =MAX(T10:T12) -> 237 | U34: =MAX(U10:U12) -> 29 | V34: =MAX(V10:V12) -> 11 | W34: =MAX(W10:W12) -> 1 | X34: =MAX(X10:X12) -> 0 | Y34: =MAX(Y10:Y12) -> 17 | Z34: =MAX(Z10:Z12) -> 10 | ... AF34: =MAX(AF10:AF12) -> 1355
B35: 13.15 - 13.30 | C35: 50 | D35: 75 | E35: 14 | F35: 5 | G35: 0 | H35: 0 | I35: 8 | J35: 2 | K35: 0 | L35: 0 | M35: 179 | N35: 0 | O35: =SUM(C35:L35,N35) -> 154 | P35: =SUM(C35:N35) -> 333 | R35: IP Peak Hr | S35: =MAX(S13:S18) -> 446 | T35: =MAX(T13:T18) -> 458 | U35: =MAX(U13:U18) -> 118 | V35: =MAX(V13:V18) -> 19 | W35: =MAX(W13:W18) -> 2 | X35: =MAX(X13:X18) -> 1 | Y35: =MAX(Y13:Y18) -> 35 | Z35: =MAX(Z13:Z18) -> 12 | ... AF35: =MAX(AF13:AF18) -> 1688
B36: 13.30 - 13.45 | C36: 66 | D36: 125 | E36: 8 | F36: 2 | G36: 0 | H36: 0 | I36: 5 | J36: 1 | K36: 0 | L36: 0 | M36: 195 | N36: 0 | O36: =SUM(C36:L36,N36) -> 207 | P36: =SUM(C36:N36) -> 402 | R36: PM Peak Hr | S36: =MAX(S19:S21) -> 9342 | T36: =MAX(T19:T21) -> 280 | U36: =MAX(U19:U21) -> 38 | V36: =MAX(V19:V21) -> 16 | W36: =MAX(W19:W21) -> 2 | X36: =MAX(X19:X21) -> 0 | Y36: =MAX(Y19:Y21) -> 26 | Z36: =MAX(Z19:Z21) -> 8 | ... AF36: =MAX(AF19:AF21) -> 10345
B37: 13.45 - 14.00 | C37: 141 | D37: 102 | E37: 4 | F37: 3 | G37: 1 | H37: 1 | I37: 4 | J37: 5 | K37: 1 | L37: 0 | M37: 143 | N37: 0 | O37: =SUM(C37:L37,N37) -> 262 | P37: =SUM(C37:N37) -> 405 | R37: AM Period | S37: =SUM(S10:S12) -> 704 | T37: =SUM(T10:T12) -> 380 | U37: =SUM(U10:U12) -> 66 | V37: =SUM(V10:V12) -> 26 | W37: =SUM(W10:W12) -> 3 | X37: =SUM(X10:X12) -> 0 | Y37: =SUM(Y10:Y12) -> 42 | Z37: =SUM(Z10:Z12) -> 19 | ... AF37: =SUM(AF10:AF12) -> 2877
B38: 14.00 - 14.15 | C38: 112 | D38: 76 | E38: 16 | F38: 1 | G38: 0 | H38: 0 | I38: 4 | J38: 2 | K38: 1 | L38: 0 | M38: 165 | N38: 0 | O38: =SUM(C38:L38,N38) -> 212 | P38: =SUM(C38:N38) -> 377 | R38: IP Period | S38: =SUM(S13:S18) -> 2387 | T38: =SUM(T13:T18) -> 2280 | U38: =SUM(U13:U18) -> 268 | V38: =SUM(V13:V18) -> 62 | W38: =SUM(W13:W18) -> 6 | X38: =SUM(X13:X18) -> 1 | Y38: =SUM(Y13:Y18) -> 151 | Z38: =SUM(Z13:Z18) -> 46 | ... AF38: =SUM(AF13:AF18) -> 9655
B39: 14.15 - 14.30 | C39: 151 | D39: 120 | E39: 8 | F39: 5 | G39: 1 | H39: 0 | I39: 3 | J39: 2 | K39: 1 | L39: 0 | M39: 213 | N39: 0 | O39: =SUM(C39:L39,N39) -> 291 | P39: =SUM(C39:N39) -> 504 | R39: PM Period | S39: =SUM(S19:S21) -> 10134 | T39: =SUM(T19:T21) -> 740 | U39: =SUM(U19:U21) -> 107 | V39: =SUM(V19:V21) -> 39 | W39: =SUM(W19:W21) -> 2 | X39: =SUM(X19:X21) -> 0 | Y39: =SUM(Y19:Y21) -> 47 | Z39: =SUM(Z19:Z21) -> 15 | ... AF39: =SUM(AF19:AF21) -> 13077
B40: 14.30 - 14.45 | C40: 93 | D40: 51 | E40: 3 | F40: 7 | G40: 0 | H40: 0 | I40: 6 | J40: 2 | K40: 1 | L40: 0 | M40: 166 | N40: 0 | O40: =SUM(C40:L40,N40) -> 163 | P40: =SUM(C40:N40) -> 329 | R40: 12 Hours | S40: =SUM(S10:S21) -> 13225 | T40: =SUM(T10:T21) -> 3400 | U40: =SUM(U10:U21) -> 441 | V40: =SUM(V10:V21) -> 127 | W40: =SUM(W10:W21) -> 11 | X40: =SUM(X10:X21) -> 1 | Y40: =SUM(Y10:Y21) -> 240 | Z40: =SUM(Z10:Z21) -> 80 | ... AF40: =SUM(AF10:AF21) -> 25609
B41: 14.45 - 15.00 | C41: 90 | D41: 71 | E41: 7 | F41: 6 | G41: 1 | H41: 0 | I41: 3 | J41: 2 | K41: 0 | L41: 0 | M41: 200 | N41: 0 | O41: =SUM(C41:L41,N41) -> 180 | P41: =SUM(C41:N41) -> 380 | R41: 24 Hrs/ADT | S41: =SUM(S10:S33) -> 16185 | T41: =SUM(T10:T33) -> 4973 | U41: =SUM(U10:U33) -> 729 | V41: =SUM(V10:V33) -> 227 | W41: =SUM(W10:W33) -> 17 | X41: =SUM(X10:X33) -> 1 | Y41: =SUM(Y10:Y33) -> 270 | Z41: =SUM(Z10:Z33) -> 99 | ... AF41: =SUM(AF10:AF33) -> 33216
B42: 15.00 - 15.15 | C42: 91 | D42: 55 | E42: 5 | F42: 7 | G42: 0 | H42: 0 | I42: 8 | J42: 1 | K42: 0 | L42: 0 | M42: 197 | N42: 0 | O42: =SUM(C42:L42,N42) -> 167 | P42: =SUM(C42:N42) -> 364 | R42: NEF | S42: =S41/S40 -> 1.2238185 | T42: =T41/T40 -> 1.4626471 | U42: =U41/U40 -> 1.6530612 | V42: =V41/V40 -> 1.7874016 | W42: =W41/W40 -> 1.5454545 | X42: =X41/X40 -> 1 | Y42: =Y41/Y40 -> 1.125 | Z42: =Z41/Z40 -> 1.2375 | ... AF42: =AF41/AF40 -> 1.297044
B43: 15.15 - 15.30 | C43: 106 | D43: 64 | E43: 4 | F43: 2 | G43: 0 | H43: 0 | I43: 5 | J43: 0 | K43: 0 | L43: 0 | M43: 212 | N43: 0 | O43: =SUM(C43:L43,N43) -> 181 | P43: =SUM(C43:N43) -> 393
B44: 15.30 - 15.45 | C44: 80 | D44: 62 | E44: 8 | F44: 3 | G44: 0 | H44: 0 | I44: 9 | J44: 2 | K44: 0 | L44: 0 | M44: 233 | N44: 0 | O44: =SUM(C44:L44,N44) -> 164 | P44: =SUM(C44:N44) -> 397
B45: 15.45 - 16.00 | C45: 115 | D45: 68 | E45: 6 | F45: 4 | G45: 0 | H45: 0 | I45: 7 | J45: 1 | K45: 0 | L45: 0 | M45: 215 | N45: 0 | O45: =SUM(C45:L45,N45) -> 201 | P45: =SUM(C45:N45) -> 416
B46: 16.00 - 16.15 | C46: 121 | D46: 67 | E46: 6 | F46: 5 | G46: 1 | H46: 0 | I46: 7 | J46: 1 | K46: 1 | L46: 0 | M46: 206 | N46: 0 | O46: =SUM(C46:L46,N46) -> 209 | P46: =SUM(C46:N46) -> 415
B47: 16.15 -16.30 | C47: 145 | D47: 70 | E47: 7 | F47: 1 | G47: 1 | H47: 0 | I47: 12 | J47: 2 | K47: 0 | L47: 0 | M47: 131 | N47: 0 | O47: =SUM(C47:L47,N47) -> 238 | P47: =SUM(C47:N47) -> 369
B48: 16.30 -16.45 | C48: 85 | D48: 63 | E48: 8 | F48: 4 | G48: 0 | H48: 0 | I48: 3 | J48: 1 | K48: 1 | L48: 0 | M48: 172 | N48: 0 | O48: =SUM(C48:L48,N48) -> 165 | P48: =SUM(C48:N48) -> 337
B49: 16.45 -17.00 | C49: 103 | D49: 80 | E49: 10 | F49: 2 | G49: 0 | H49: 0 | I49: 4 | J49: 0 | K49: 2 | L49: 0 | M49: 170 | N49: 0 | O49: =SUM(C49:L49,N49) -> 201 | P49: =SUM(C49:N49) -> 371
B50: 17.00 -17.15 | C50: 115 | D50: 60 | E50: 10 | F50: 4 | G50: 0 | H50: 0 | I50: 4 | J50: 2 | K50: 0 | L50: 0 | M50: 172 | N50: 0 | O50: =SUM(C50:L50,N50) -> 195 | P50: =SUM(C50:N50) -> 367
B51: 17.15 -17.30 | C51: 95 | D51: 63 | E51: 12 | F51: 3 | G51: 0 | H51: 0 | I51: 9 | J51: 1 | K51: 1 | L51: 0 | M51: 178 | N51: 0 | O51: =SUM(C51:L51,N51) -> 184 | P51: =SUM(C51:N51) -> 362
B52: 17.30 -17.45 | C52: 61 | D52: 62 | E52: 10 | F52: 3 | G52: 0 | H52: 0 | I52: 4 | J52: 2 | K52: 0 | L52: 0 | M52: 165 | N52: 0 | O52: =SUM(C52:L52,N52) -> 142 | P52: =SUM(C52:N52) -> 307
B53: 17.45 -18.00 | C53: 9071 | D53: 76 | E53: 6 | F53: 1 | G53: 0 | H53: 0 | I53: 2 | J53: 3 | K53: 0 | L53: 0 | M53: 150 | N53: 0 | O53: =SUM(C53:L53,N53) -> 9159 | P53: =SUM(C53:N53) -> 9309
B54: 18.00 - 18.15 | C54: 85 | D54: 45 | E54: 8 | F54: 3 | G54: 0 | H54: 0 | I54: 2 | J54: 1 | K54: 0 | L54: 0 | M54: 162 | N54: 0 | O54: =SUM(C54:L54,N54) -> 144 | P54: =SUM(C54:N54) -> 306
... B105: 06.45 - 07.00 | C105: 10 | D105: 2 | E105: 1 | F105: 0 | G105: 0 | H105: 0 | I105: 1 | J105: 2 | K105: 0 | L105: 0 | M105: 45 | N105: 0 | O105: =SUM(C105:L105,N105) -> 16 | P105: =SUM(C105:N105) -> 61
B106: Totals | C106: =SUM(C10:C105) -> 16185 | D106: =SUM(D10:D105) -> 4973 | E106: =SUM(E10:E105) -> 729 | F106: =SUM(F10:F105) -> 227 | G106: =SUM(G10:G105) -> 17 | H106: =SUM(H10:H105) -> 1 | I106: =SUM(I10:I105) -> 270 | J106: =SUM(J10:J105) -> 99 | ... P106: =SUM(P10:P105) -> 33216
B107: %ges + MCs | C107: =C106/$P$106 -> 0.48726517 | D107: =D106/$P$106 -> 0.149717 | E107: =E106/$P$106 -> 0.021947254 | F107: =F106/$P$106 -> 0.0068340559 | G107: =G106/$P$106 -> 0.00051180154 | H107: =H106/$P$106 -> 3.0105973e-05 | I107: =I106/$P$106 -> 0.0081286127 | J107: =J106/$P$106 -> 0.0029804913 | ... N107: =N106/$P$106 -> 0
B108: %ges w/o MCs | C108: =C106/$O$106 -> 0.71815237 | D108: =D106/$O$106 -> 0.22065936 | E108: =E106/$O$106 -> 0.032346807 | F108: =F106/$O$106 -> 0.010072326 | G108: =G106/$O$106 -> 0.00075431513 | H108: =H106/$O$106 -> 4.4371478e-05 | I108: =I106/$O$106 -> 0.011980299 | J108: =J106/$O$106 -> 0.0043927763 | ... L108: =L106/$O$106 -> 0.00035497182 | N108: =N106/$O$106 -> 0

Sheet 4.08.JINJA ROAD-KIIRA
B1: Consultancy services for Preparation of Expressway Development Master Plan (EDMP) for Uganda
B2: MANUAL CLASSIFIED COUNT (MCC)
B3: ROAD NAME: | C3: ='29.07 JinjaRoad-Kira Road'!C3:G3 -> MCC - C1 - STN47 - LUGOGO BYPASS ROAD
C5: Date | D5: 4.08.19 | F5: Location | G5: ='3.08 Kira Road-Jinja Road-24h'!G5:H5 -> Shell Petrol Station | J5: Surveyor | K5: DANIEL MUNANURA
C6: Dir. From | D6: ='29.07 JinjaRoad-Kira Road'!D6:E6 -> Jinja Road | F6: Dir. To | G6: ='29.07 JinjaRoad-Kira Road'!G6:H6 -> Kira Road | J6: Supervisor | K6: ='3.08 Kira Road-Jinja Road-24h'!K6:L6 -> Steven
B8: Time / Veh Type | R8: SUMMARY TRAFFIC VOLUMES
C9: 1. Car | D9: 2. Station Wagon | E9: 3. Pickups | F9: 4. Minibus, matatu | G9: 5. Medium bus | H9: 6. Large Bus | I9: 7. Light Truck | J9: 8. Medium Truck | K9: 9. Heavy truck | L9: 10. Truck Trailer | M9: 11. Motor cycles | N9: 12. Tractors | O9: Total Excl M/Cycles | P9: Total All | R9: Time | S9: 1. Car | T9: 2. Station Wagon | U9: 3. Pickups | V9: 4. Minibus, matatu | W9: 5. Medium bus | X9: 6. Large Bus | Y9: 7. Light Truck | Z9: 8. Medium Truck | AA9: 9. Heavy truck | AB9: 10. Truck Trailer | AC9: 11. Motorcycles | AD9: 12. Tractors, Graders | AE9: Total Excl M/ Cycles | AF9: Total All
B10: 07.00 - 07.15 | C10: 8 | D10: 2 | E10: 0 | F10: 0 | G10: 0 | H10: 0 | I10: 0 | J10: 0 | K10: 0 | L10: 0 | M10: 30 | N10: 0 | O10: =SUM(C10:L10,N10) -> 10 | P10: =SUM(C10:N10) -> 40 | R10: 0700-0800 | S10: =SUM(C10:C13) -> 45 | T10: =SUM(D10:D13) -> 13 | U10: =SUM(E10:E13) -> 5 | V10: =SUM(F10:F13) -> 3 | W10: =SUM(G10:G13) -> 0 | X10: =SUM(H10:H13) -> 0 | Y10: =SUM(I10:I13) -> 3 | Z10: =SUM(J10:J13) -> 1 | ... AF10: =SUM(P10:P13) -> 273
B11: 07.15 - 07.30 | C11: 9 | D11: 2 | E11: 2 | F11: 1 | G11: 0 | H11: 0 | I11: 1 | J11: 0 | K11: 0 | L11: 0 | M11: 47 | N11: 0 | O11: =SUM(C11:L11,N11) -> 15 | P11: =SUM(C11:N11) -> 62 | R11: 0800-0900 | S11: =SUM(C14:C17) -> 69 | T11: =SUM(D14:D17) -> 21 | U11: =SUM(E14:E17) -> 9 | V11: =SUM(F14:F17) -> 0 | W11: =SUM(G14:G17) -> 0 | X11: =SUM(H14:H17) -> 0 | Y11: =SUM(I14:I17) -> 4 | Z11: =SUM(J14:J17) -> 1 | ... AF11: =SUM(P14:P17) -> 422
B12: 07.30 - 07.45 | C12: 12 | D12: 7 | E12: 1 | F12: 1 | G12: 0 | H12: 0 | I12: 0 | J12: 0 | K12: 0 | L12: 0 | M12: 51 | N12: 0 | O12: =SUM(C12:L12,N12) -> 21 | P12: =SUM(C12:N12) -> 72 | R12: 0900-1000 | S12: =SUM(C18:C21) -> 134 | T12: =SUM(D18:D21) -> 38 | U12: =SUM(E18:E21) -> 19 | V12: =SUM(F18:F21) -> 2 | W12: =SUM(G18:G21) -> 1 | X12: =SUM(H18:H21) -> 0 | Y12: =SUM(I18:I21) -> 0 | Z12: =SUM(J18:J21) -> 8 | ... AF12: =SUM(P18:P21) -> 558
B13: 07.45 - 08.00 | C13: 16 | D13: 2 | E13: 2 | F13: 1 | G13: 0 | H13: 0 | I13: 2 | J13: 1 | K13: 0 | L13: 0 | M13: 75 | N13: 0 | O13: =SUM(C13:L13,N13) -> 24 | P13: =SUM(C13:N13) -> 99 | R13: 1000-1100 | S13: =SUM(C22:C25) -> 186 | T13: =SUM(D22:D25) -> 64 | U13: =SUM(E22:E25) -> 19 | V13: =SUM(F22:F25) -> 8 | W13: =SUM(G22:G25) -> 0 | X13: =SUM(H22:H25) -> 0 | Y13: =SUM(I22:I25) -> 2 | Z13: =SUM(J22:J25) -> 1 | ... AF13: =SUM(P22:P25) -> 613
B14: 08.00 - 08.15 | C14: 20 | D14: 5 | E14: 1 | F14: 0 | G14: 0 | H14: 0 | I14: 0 | J14: 1 | K14: 0 | L14: 0 | M14: 78 | N14: 0 | O14: =SUM(C14:L14,N14) -> 27 | P14: =SUM(C14:N14) -> 105 | R14: 1100-1200 | S14: =SUM(C26:C29) -> 206 | T14: =SUM(D26:D29) -> 89 | U14: =SUM(E26:E29) -> 21 | V14: =SUM(F26:F29) -> 11 | W14: =SUM(G26:G29) -> 0 | X14: =SUM(H26:H29) -> 0 | Y14: =SUM(I26:I29) -> 1 | Z14: =SUM(J26:J29) -> 4 | ... AF14: =SUM(P26:P29) -> 683
B15: 08.15 - 08.30 | C15: 16 | D15: 2 | E15: 0 | F15: 0 | G15: 0 | H15: 0 | I15: 0 | J15: 0 | K15: 1 | L15: 0 | M15: 101 | N15: 0 | O15: =SUM(C15:L15,N15) -> 19 | P15: =SUM(C15:N15) -> 120 | R15: 1200-1300 | S15: =SUM(C30:C33) -> 213 | T15: =SUM(D30:D33) -> 86 | U15: =SUM(E30:E33) -> 25 | V15: =SUM(F30:F33) -> 6 | W15: =SUM(G30:G33) -> 0 | X15: =SUM(H30:H33) -> 0 | Y15: =SUM(I30:I33) -> 6 | Z15: =SUM(J30:J33) -> 0 | ... AF15: =SUM(P30:P33) -> 756
B16: 08.30 - 08.45 | C16: 13 | D16: 7 | E16: 4 | F16: 0 | G16: 0 | H16: 0 | I16: 2 | J16: 0 | K16: 0 | L16: 0 | M16: 69 | N16: 0 | O16: =SUM(C16:L16,N16) -> 26 | P16: =SUM(C16:N16) -> 95 | R16: 1300-1400 | S16: =SUM(C34:C37) -> 265 | T16: =SUM(D34:D37) -> 156 | U16: =SUM(E34:E37) -> 22 | V16: =SUM(F34:F37) -> 6 | W16: =SUM(G34:G37) -> 0 | X16: =SUM(H34:H37) -> 0 | Y16: =SUM(I34:I37) -> 7 | Z16: =SUM(J34:J37) -> 2 | ... AF16: =SUM(P34:P37) -> 844
B17: 08.45 - 9.00 | C17: 20 | D17: 7 | E17: 4 | F17: 0 | G17: 0 | H17: 0 | I17: 2 | J17: 0 | K17: 1 | L17: 0 | M17: 68 | N17: 0 | O17: =SUM(C17:L17,N17) -> 34 | P17: =SUM(C17:N17) -> 102 | R17: 1400-1500 | S17: =SUM(C38:C41) -> 272 | T17: =SUM(D38:D41) -> 138 | U17: =SUM(E38:E41) -> 25 | V17: =SUM(F38:F41) -> 12 | W17: =SUM(G38:G41) -> 1 | X17: =SUM(H38:H41) -> 0 | Y17: =SUM(I38:I41) -> 0 | Z17: =SUM(J38:J41) -> 6 | ... AF17: =SUM(P38:P41) -> 892
B18: 09.00 - 09.15 | C18: 26 | D18: 7 | E18: 1 | F18: 1 | G18: 0 | H18: 0 | I18: 0 | J18: 1 | K18: 1 | L18: 0 | M18: 94 | N18: 0 | O18: =SUM(C18:L18,N18) -> 37 | P18: =SUM(C18:N18) -> 131 | R18: 1500-1600 | S18: =SUM(C42:C45) -> 255 | T18: =SUM(D42:D45) -> 92 | U18: =SUM(E42:E45) -> 10 | V18: =SUM(F42:F45) -> 15 | W18: =SUM(G42:G45) -> 0 | X18: =SUM(H42:H45) -> 0 | Y18: =SUM(I42:I45) -> 6 | Z18: =SUM(J42:J45) -> 8 | ... AF18: =SUM(P42:P45) -> 752
B19: 09.15 - 09.30 | C19: 46 | D19: 9 | E19: 7 | F19: 1 | G19: 0 | H19: 0 | I19: 0 | J19: 4 | K19: 0 | L19: 0 | M19: 88 | N19: 0 | O19: =SUM(C19:L19,N19) -> 67 | P19: =SUM(C19:N19) -> 155 | R19: 1600-1700 | S19: =SUM(C46:C49) -> 200 | T19: =SUM(D46:D49) -> 89 | U19: =SUM(E46:E49) -> 25 | V19: =SUM(F46:F49) -> 14 | W19: =SUM(G46:G49) -> 0 | X19: =SUM(H46:H49) -> 0 | Y19: =SUM(I46:I49) -> 3 | Z19: =SUM(J46:J49) -> 1 | ... AF19: =SUM(P46:P49) -> 803
B20: 09.30 - 09.45 | C20: 32 | D20: 12 | E20: 5 | F20: 0 | G20: 0 | H20: 0 | I20: 0 | J20: 0 | K20: 0 | L20: 0 | M20: 95 | N20: 0 | O20: =SUM(C20:L20,N20) -> 49 | P20: =SUM(C20:N20) -> 144 | R20: 1700-1800 | S20: =SUM(C50:C53) -> 230 | T20: =SUM(D50:D53) -> 95 | U20: =SUM(E50:E53) -> 20 | V20: =SUM(F50:F53) -> 14 | W20: =SUM(G50:G53) -> 2 | X20: =SUM(H50:H53) -> 0 | Y20: =SUM(I50:I53) -> 3 | Z20: =SUM(J50:J53) -> 1 | ... AF20: =SUM(P50:P53) -> 752
B21: 09.45 - 10.00 | C21: 30 | D21: 10 | E21: 6 | F21: 0 | G21: 1 | H21: 0 | I21: 0 | J21: 3 | K21: 1 | L21: 0 | M21: 77 | N21: 0 | O21: =SUM(C21:L21,N21) -> 51 | P21: =SUM(C21:N21) -> 128 | R21: 1800-1900 | S21: =SUM(C54:C57) -> 236 | T21: =SUM(D54:D57) -> 104 | U21: =SUM(E54:E57) -> 12 | V21: =SUM(F54:F57) -> 5 | W21: =SUM(G54:G57) -> 1 | X21: =SUM(H54:H57) -> 0 | Y21: =SUM(I54:I57) -> 2 | Z21: =SUM(J54:J57) -> 0 | ... AF21: =SUM(P54:P57) -> 609
B22: 10.00 - 10.15 | C22: 32 | D22: 11 | E22: 1 | F22: 2 | G22: 0 | H22: 0 | I22: 0 | J22: 0 | K22: 1 | L22: 0 | M22: 114 | N22: 0 | O22: =SUM(C22:L22,N22) -> 47 | P22: =SUM(C22:N22) -> 161 | R22: AM Peak Hr | S22: =MAX(S10:S12) -> 134 | T22: =MAX(T10:T12) -> 38 | U22: =MAX(U10:U12) -> 19 | V22: =MAX(V10:V12) -> 3 | W22: =MAX(W10:W12) -> 1 | X22: =MAX(X10:X12) -> 0 | Y22: =MAX(Y10:Y12) -> 4 | Z22: =MAX(Z10:Z12) -> 8 | ... AF22: =MAX(AF10:AF12) -> 558
B23: 10.15 - 10.30 | C23: 53 | D23: 20 | E23: 4 | F23: 1 | G23: 0 | H23: 0 | I23: 0 | J23: 1 | K23: 0 | L23: 0 | M23: 61 | N23: 0 | O23: =SUM(C23:L23,N23) -> 79 | P23: =SUM(C23:N23) -> 140 | R23: IP Peak Hr | S23: =MAX(S13:S18) -> 272 | T23: =MAX(T13:T18) -> 156 | U23: =MAX(U13:U18) -> 25 | V23: =MAX(V13:V18) -> 15 | W23: =MAX(W13:W18) -> 1 | X23: =MAX(X13:X18) -> 0 | Y23: =MAX(Y13:Y18) -> 7 | Z23: =MAX(Z13:Z18) -> 8 | ... AF23: =MAX(AF13:AF18) -> 892
B24: 10.30 - 10.45 | C24: 49 | D24: 14 | E24: 5 | F24: 0 | G24: 0 | H24: 0 | I24: 1 | J24: 0 | K24: 0 | L24: 1 | M24: 82 | N24: 0 | O24: =SUM(C24:L24,N24) -> 70 | P24: =SUM(C24:N24) -> 152 | R24: PM Peak Hr | S24: =MAX(S19:S21) -> 236 | T24: =MAX(T19:T21) -> 104 | U24: =MAX(U19:U21) -> 25 | V24: =MAX(V19:V21) -> 14 | W24: =MAX(W19:W21) -> 2 | X24: =MAX(X19:X21) -> 0 | Y24: =MAX(Y19:Y21) -> 3 | Z24: =MAX(Z19:Z21) -> 1 | ... AF24: =MAX(AF19:AF21) -> 803
B25: 10.45 - 11.00 | C25: 52 | D25: 19 | E25: 9 | F25: 5 | G25: 0 | H25: 0 | I25: 1 | J25: 0 | K25: 0 | L25: 0 | M25: 74 | N25: 0 | O25: =SUM(C25:L25,N25) -> 86 | P25: =SUM(C25:N25) -> 160 | R25: AM Period | S25: =SUM(S10:S12) -> 248 | T25: =SUM(T10:T12) -> 72 | U25: =SUM(U10:U12) -> 33 | V25: =SUM(V10:V12) -> 5 | W25: =SUM(W10:W12) -> 1 | X25: =SUM(X10:X12) -> 0 | Y25: =SUM(Y10:Y12) -> 7 | Z25: =SUM(Z10:Z12) -> 10 | ... AF25: =SUM(AF10:AF12) -> 1253
B26: 11.00 - 11.15 | C26: 53 | D26: 23 | E26: 8 | F26: 1 | G26: 0 | H26: 0 | I26: 0 | J26: 1 | K26: 3 | L26: 0 | M26: 106 | N26: 0 | O26: =SUM(C26:L26,N26) -> 89 | P26: =SUM(C26:N26) -> 195 | R26: IP Period | S26: =SUM(S13:S18) -> 1397 | T26: =SUM(T13:T18) -> 625 | U26: =SUM(U13:U18) -> 122 | V26: =SUM(V13:V18) -> 58 | W26: =SUM(W13:W18) -> 1 | X26: =SUM(X13:X18) -> 0 | Y26: =SUM(Y13:Y18) -> 22 | Z26: =SUM(Z13:Z18) -> 21 | ... AF26: =SUM(AF13:AF18) -> 4540
B27: 11.15 - 11.30 | C27: 50 | D27: 17 | E27: 4 | F27: 3 | G27: 0 | H27: 0 | I27: 0 | J27: 0 | K27: 0 | L27: 0 | M27: 78 | N27: 0 | O27: =SUM(C27:L27,N27) -> 74 | P27: =SUM(C27:N27) -> 152 | R27: PM Period | S27: =SUM(S19:S21) -> 666 | T27: =SUM(T19:T21) -> 288 | U27: =SUM(U19:U21) -> 57 | V27: =SUM(V19:V21) -> 33 | W27: =SUM(W19:W21) -> 3 | X27: =SUM(X19:X21) -> 0 | Y27: =SUM(Y19:Y21) -> 8 | Z27: =SUM(Z19:Z21) -> 2 | ... AF27: =SUM(AF19:AF21) -> 2164
B28: 11.30 - 11.45 | C28: 59 | D28: 20 | E28: 6 | F28: 5 | G28: 0 | H28: 0 | I28: 0 | J28: 1 | K28: 2 | L28: 0 | M28: 93 | N28: 0 | O28: =SUM(C28:L28,N28) -> 93 | P28: =SUM(C28:N28) -> 186 | R28: 12 Hours | S28: =SUM(S10:S21) -> 2311 | T28: =SUM(T10:T21) -> 985 | U28: =SUM(U10:U21) -> 212 | V28: =SUM(V10:V21) -> 96 | W28: =SUM(W10:W21) -> 5 | X28: =SUM(X10:X21) -> 0 | Y28: =SUM(Y10:Y21) -> 37 | Z28: =SUM(Z10:Z21) -> 33 | ... AF28: =SUM(AF10:AF21) -> 7957
B29: 11.45 - 12.00 | C29: 44 | D29: 29 | E29: 3 | F29: 2 | G29: 0 | H29: 0 | I29: 1 | J29: 2 | K29: 2 | L29: 0 | M29: 67 | N29: 0 | O29: =SUM(C29:L29,N29) -> 83 | P29: =SUM(C29:N29) -> 150
B30: 12.00 - 12.15 | C30: 54 | D30: 24 | E30: 8 | F30: 2 | G30: 0 | H30: 0 | I30: 0 | J30: 0 | K30: 0 | L30: 0 | M30: 127 | N30: 0 | O30: =SUM(C30:L30,N30) -> 88 | P30: =SUM(C30:N30) -> 215
B31: 12.15 - 12.30 | C31: 55 | D31: 25 | E31: 5 | F31: 2 | G31: 0 | H31: 0 | I31: 1 | J31: 0 | K31: 0 | L31: 0 | M31: 84 | N31: 0 | O31: =SUM(C31:L31,N31) -> 88 | P31: =SUM(C31:N31) -> 172
B32: 12.30 - 12.45 | C32: 44 | D32: 20 | E32: 6 | F32: 1 | G32: 0 | H32: 0 | I32: 3 | J32: 0 | K32: 1 | L32: 0 | M32: 119 | N32: 0 | O32: =SUM(C32:L32,N32) -> 75 | P32: =SUM(C32:N32) -> 194
B33: 12.45 - 13.00 | C33: 60 | D33: 17 | E33: 6 | F33: 1 | G33: 0 | H33: 0 | I33: 2 | J33: 0 | K33: 0 | L33: 0 | M33: 89 | N33: 0 | O33: =SUM(C33:L33,N33) -> 86 | P33: =SUM(C33:N33) -> 175
B34: 13.00 - 13.15 | C34: 72 | D34: 31 | E34: 5 | F34: 2 | G34: 0 | H34: 0 | I34: 1 | J34: 2 | K34: 0 | L34: 0 | M34: 78 | N34: 0 | O34: =SUM(C34:L34,N34) -> 113 | P34: =SUM(C34:N34) -> 191
B35: 13.15 - 13.30 | C35: 57 | D35: 20 | E35: 1 | F35: 4 | G35: 0 | H35: 0 | I35: 0 | J35: 0 | K35: 0 | L35: 0 | M35: 111 | N35: 0 | O35: =SUM(C35:L35,N35) -> 82 | P35: =SUM(C35:N35) -> 193
B36: 13.30 - 13.45 | C36: 58 | D36: 48 | E36: 11 | F36: 0 | G36: 0 | H36: 0 | I36: 6 | J36: 0 | K36: 0 | L36: 0 | M36: 109 | N36: 0 | O36: =SUM(C36:L36,N36) -> 123 | P36: =SUM(C36:N36) -> 232
B37: 13.45 - 14.00 | C37: 78 | D37: 57 | E37: 5 | G37: 0 | H37: 0 | I37: 0 | J37: 0 | K37: 1 | L37: 0 | M37: 87 | N37: 0 | O37: =SUM(C37:L37,N37) -> 141 | P37: =SUM(C37:N37) -> 228
B38: 14.00 - 14.15 | C38: 61 | D38: 37 | E38: 1 | F38: 0 | G38: 0 | H38: 0 | I38: 0 | J38: 3 | K38: 0 | L38: 0 | M38: 82 | N38: 0 | O38: =SUM(C38:L38,N38) -> 102 | P38: =SUM(C38:N38) -> 184
B39: 14.15 - 14.30 | C39: 78 | D39: 55 | E39: 11 | F39: 4 | G39: 1 | H39: 0 | I39: 0 | J39: 0 | K39: 0 | L39: 0 | M39: 113 | N39: 0 | O39: =SUM(C39:L39,N39) -> 149 | P39: =SUM(C39:N39) -> 262
B40: 14.30 - 14.45 | C40: 66 | D40: 20 | E40: 5 | F40: 4 | G40: 0 | H40: 0 | I40: 0 | J40: 2 | K40: 1 | L40: 0 | M40: 119 | N40: 0 | O40: =SUM(C40:L40,N40) -> 98 | P40: =SUM(C40:N40) -> 217
B41: 14.45 - 15.00 | C41: 67 | D41: 26 | E41: 8 | F41: 4 | G41: 0 | H41: 0 | I41: 0 | J41: 1 | K41: 0 | L41: 0 | M41: 123 | N41: 0 | O41: =SUM(C41:L41,N41) -> 106 | P41: =SUM(C41:N41) -> 229
B42: 15.00 - 15.15 | C42: 57 | D42: 24 | E42: 4 | F42: 5 | G42: 0 | H42: 0 | I42: 2 | J42: 1 | K42: 0 | L42: 0 | M42: 83 | N42: 0 | O42: =SUM(C42:L42,N42) -> 93 | P42: =SUM(C42:N42) -> 176
B43: 15.15 - 15.30 | C43: 67 | D43: 16 | E43: 3 | F43: 0 | G43: 0 | H43: 0 | I43: 2 | J43: 2 | K43: 1 | L43: 0 | M43: 113 | N43: 0 | O43: =SUM(C43:L43,N43) -> 91 | P43: =SUM(C43:N43) -> 204
B44: 15.30 - 15.45 | C44: 70 | D44: 22 | E44: 1 | F44: 2 | G44: 0 | H44: 0 | I44: 2 | J44: 2 | K44: 2 | L44: 0 | M44: 86 | N44: 0 | O44: =SUM(C44:L44,N44) -> 101 | P44: =SUM(C44:N44) -> 187
B45: 15.45 - 16.00 | C45: 61 | D45: 30 | E45: 2 | F45: 8 | G45: 0 | H45: 0 | I45: 0 | J45: 3 | K45: 0 | L45: 0 | M45: 81 | N45: 0 | O45: =SUM(C45:L45,N45) -> 104 | P45: =SUM(C45:N45) -> 185
B46: 16.00 - 16.15 | C46: 64 | D46: 19 | E46: 5 | F46: 3 | G46: 0 | H46: 0 | I46: 2 | J46: 1 | K46: 0 | L46: 0 | M46: 119 | N46: 0 | O46: =SUM(C46:L46,N46) -> 94 | P46: =SUM(C46:N46) -> 213
