Workbook

Sheet 12.08 Buwenge-Jinja
B1: Consultancy services for Preparation of Expressway Development Master Plan (EDMP) for Uganda
B2: MANUAL CLASSIFIED COUNT (MCC)
B3: ROAD NAME: | C3: MCC - C3b - STN93 - Jinja-Buwenge ROAD
C5: Date | D5: 12.08.19 | F5: Location | G5: xxx | J5: Surveyor | K5: xxx
C6: Dir. From | D6: Buwenge | F6: Dir. To | G6: Jinja | J6: Supervisor | K6: xxx
B8: Time / Veh Type | R8: SUMMARY TRAFFIC VOLUMES
C9: 1. Car | D9: 2. Station Wagon | E9: 3. Pickups | F9: 4. Minibus, matatu | G9: 5. Medium bus | H9: 6. Large Bus | I9: 7. Light Truck | J9: 8. Medium Truck | K9: 9. Heavy truck | L9: 10. Truck Trailer | M9: 11. Motor cycles | N9: 12. Tractors | O9: Total Excl M/Cycles | P9: Total All | R9: Time | S9: 1. Car | T9: 2. Station Wagon | U9: 3. Pickups | V9: 4. Minibus, matatu | W9: 5. Medium bus | X9: 6. Large Bus | Y9: 7. Light Truck | Z9: 8. Medium Truck | AA9: 9. Heavy truck | AB9: 10. Truck Trailer | AC9: 11. Motorcycles | AD9: 12. Tractors, Graders | AE9: Total Excl M/ Cycles | AF9: Total All
B10: 07.00 - 07.15 | C10: 3 | D10: 2 | E10: 2 | F10: 8 | G10: 6 | H10: 1 | I10: 4 | J10: 0 | K10: 0 | L10: =SUM('[1]RD4 MCC'!R54:U54) -> 0 | M10: 36 | N10: 0 | O10: =SUM(C10:L10,N10) -> 26 | P10: =SUM(C10:N10) -> 62 | R10: 0700-0800 | S10: =SUM(C10:C13) -> 12 | T10: =SUM(D10:D13) -> 5 | U10: =SUM(E10:E13) -> 7 | V10: =SUM(F10:F13) -> 42 | W10: =SUM(G10:G13) -> 17 | X10: =SUM(H10:H13) -> 1 | Y10: =SUM(I10:I13) -> 14 | Z10: =SUM(J10:J13) -> 0 | ... AF10: =SUM(P10:P13) -> 304
B11: 07.15 - 07.30 | C11: 2 | D11: 1 | E11: 2 | F11: 9 | G11: 1 | H11: 0 | I11: 4 | J11: 0 | K11: 0 | L11: =SUM('[1]RD4 MCC'!R55:U55) -> 0 | M11: 48 | N11: 0 | O11: =SUM(C11:L11,N11) -> 19 | P11: =SUM(C11:N11) -> 67 | R11: 0800-0900 | S11: =SUM(C14:C17) -> 27 | T11: =SUM(D14:D17) -> 4 | U11: =SUM(E14:E17) -> 4 | V11: =SUM(F14:F17) -> 41 | W11: =SUM(G14:G17) -> 14 | X11: =SUM(H14:H17) -> 1 | Y11: =SUM(I14:I17) -> 4 | Z11: =SUM(J14:J17) -> 0 | ... AF11: =SUM(P14:P17) -> 311
B12: 07.30 - 07.45 | C12: 3 | D12: 1 | E12: 1 | F12: 14 | G12: 6 | H12: 0 | I12: 5 | J12: 0 | K12: 0 | L12: =SUM('[1]RD4 MCC'!R56:U56) -> 0 | M12: 66 | N12: 0 | O12: =SUM(C12:L12,N12) -> 30 | P12: =SUM(C12:N12) -> 96 | R12: 0900-1000 | S12: =SUM(C18:C21) -> 14 | T12: =SUM(D18:D21) -> 4 | U12: =SUM(E18:E21) -> 7 | V12: =SUM(F18:F21) -> 46 | W12: =SUM(G18:G21) -> 3 | X12: =SUM(H18:H21) -> 1 | Y12: =SUM(I18:I21) -> 5 | Z12: =SUM(J18:J21) -> 0 | ... AF12: =SUM(P18:P21) -> 295
B13: 07.45 - 08.00 | C13: 4 | D13: 1 | E13: 2 | F13: 11 | G13: 4 | H13: 0 | I13: 1 | J13: 0 | K13: 0 | L13: =SUM('[1]RD4 MCC'!R57:U57) -> 0 | M13: 56 | N13: 0 | O13: =SUM(C13:L13,N13) -> 23 | P13: =SUM(C13:N13) -> 79 | R13: 1000-1100 | S13: =SUM(C22:C25) -> 16 | T13: =SUM(D22:D25) -> 5 | U13: =SUM(E22:E25) -> 6 | V13: =SUM(F22:F25) -> 45 | W13: =SUM(G22:G25) -> 0 | X13: =SUM(H22:H25) -> 0 | Y13: =SUM(I22:I25) -> 11 | Z13: =SUM(J22:J25) -> 0 | ... AF13: =SUM(P22:P25) -> 255
B14: 08.00 - 08.15 | C14: 6 | D14: 1 | E14: 1 | F14: 14 | G14: 5 | H14: 0 | I14: 1 | J14: 0 | K14: 0 | L14: =SUM('[1]RD4 MCC'!R58:U58) -> 0 | M14: 56 | N14: 0 | O14: =SUM(C14:L14,N14) -> 28 | P14: =SUM(C14:N14) -> 84 | R14: 1100-1200 | S14: =SUM(C26:C29) -> 24 | T14: =SUM(D26:D29) -> 8 | U14: =SUM(E26:E29) -> 9 | V14: =SUM(F26:F29) -> 46 | W14: =SUM(G26:G29) -> 1 | X14: =SUM(H26:H29) -> 0 | Y14: =SUM(I26:I29) -> 12 | Z14: =SUM(J26:J29) -> 0 | ... AF14: =SUM(P26:P29) -> 241
B15: 08.15 - 08.30 | C15: 4 | D15: 1 | E15: 1 | F15: 6 | G15: 2 | H15: 0 | I15: 1 | J15: 0 | K15: 0 | L15: =SUM('[1]RD4 MCC'!R59:U59) -> 0 | M15: 52 | N15: 1 | O15: =SUM(C15:L15,N15) -> 16 | P15: =SUM(C15:N15) -> 68 | R15: 1200-1300 | S15: =SUM(C30:C33) -> 21 | T15: =SUM(D30:D33) -> 8 | U15: =SUM(E30:E33) -> 9 | V15: =SUM(F30:F33) -> 33 | W15: =SUM(G30:G33) -> 3 | X15: =SUM(H30:H33) -> 0 | Y15: =SUM(I30:I33) -> 8 | Z15: =SUM(J30:J33) -> 2 | ... AF15: =SUM(P30:P33) -> 238
B16: 08.30 - 08.45 | C16: 11 | D16: 1 | E16: 1 | F16: 11 | G16: 4 | H16: 0 | I16: 1 | J16: 0 | K16: 0 | L16: =SUM('[1]RD4 MCC'!R60:U60) -> 0 | M16: 53 | N16: 0 | O16: =SUM(C16:L16,N16) -> 29 | P16: =SUM(C16:N16) -> 82 | R16: 1300-1400 | S16: =SUM(C34:C37) -> 15 | T16: =SUM(D34:D37) -> 14 | U16: =SUM(E34:E37) -> 15 | V16: =SUM(F34:F37) -> 49 | W16: =SUM(G34:G37) -> 5 | X16: =SUM(H34:H37) -> 0 | Y16: =SUM(I34:I37) -> 9 | Z16: =SUM(J34:J37) -> 2 | ... AF16: =SUM(P34:P37) -> 251
B17: 08.45 - 9.00 | C17: 6 | D17: 1 | E17: 1 | F17: 10 | G17: 3 | H17: 1 | I17: 1 | J17: 0 | K17: 0 | L17: =SUM('[1]RD4 MCC'!R61:U61) -> 0 | M17: 54 | N17: 0 | O17: =SUM(C17:L17,N17) -> 23 | P17: =SUM(C17:N17) -> 77 | R17: 1400-1500 | S17: =SUM(C38:C41) -> 19 | T17: =SUM(D38:D41) -> 13 | U17: =SUM(E38:E41) -> 16 | V17: =SUM(F38:F41) -> 47 | W17: =SUM(G38:G41) -> 7 | X17: =SUM(H38:H41) -> 0 | Y17: =SUM(I38:I41) -> 8 | Z17: =SUM(J38:J41) -> 1 | ... AF17: =SUM(P38:P41) -> 292
B18: 09.00 - 09.15 | C18: 1 | D18: 0 | E18: 1 | F18: 14 | G18: 2 | H18: 0 | I18: 0 | J18: 0 | K18: 0 | L18: =SUM('[1]RD4 MCC'!R62:U62) -> 0 | M18: 49 | N18: 0 | O18: =SUM(C18:L18,N18) -> 18 | P18: =SUM(C18:N18) -> 67 | R18: 1500-1600 | S18: =SUM(C42:C45) -> 30 | T18: =SUM(D42:D45) -> 34 | U18: =SUM(E42:E45) -> 38 | V18: =SUM(F42:F45) -> 49 | W18: =SUM(G42:G45) -> 12 | X18: =SUM(H42:H45) -> 1 | Y18: =SUM(I42:I45) -> 19 | Z18: =SUM(J42:J45) -> 2 | ... AF18: =SUM(P42:P45) -> 266
B19: 09.15 - 09.30 | C19: 2 | D19: 2 | E19: 3 | F19: 15 | G19: 0 | H19: 1 | I19: 3 | J19: 0 | K19: 0 | L19: =SUM('[1]RD4 MCC'!R63:U63) -> 0 | M19: 48 | N19: 0 | O19: =SUM(C19:L19,N19) -> 26 | P19: =SUM(C19:N19) -> 74 | R19: 1600-1700 | S19: =SUM(C46:C49) -> 55 | T19: =SUM(D46:D49) -> 46 | U19: =SUM(E46:E49) -> 47 | V19: =SUM(F46:F49) -> 54 | W19: =SUM(G46:G49) -> 11 | X19: =SUM(H46:H49) -> 1 | Y19: =SUM(I46:I49) -> 15 | Z19: =SUM(J46:J49) -> 0 | ... AF19: =SUM(P46:P49) -> 324
B20: 09.30 - 09.45 | C20: 7 | D20: 1 | E20: 2 | F20: 9 | G20: 1 | H20: 0 | I20: 0 | J20: 0 | K20: 0 | L20: =SUM('[1]RD4 MCC'!R64:U64) -> 0 | M20: 58 | N20: 0 | O20: =SUM(C20:L20,N20) -> 20 | P20: =SUM(C20:N20) -> 78 | R20: 1700-1800 | S20: =SUM(C50:C53) -> 53 | T20: =SUM(D50:D53) -> 27 | U20: =SUM(E50:E53) -> 30 | V20: =SUM(F50:F53) -> 51 | W20: =SUM(G50:G53) -> 14 | X20: =SUM(H50:H53) -> 1 | Y20: =SUM(I50:I53) -> 16 | Z20: =SUM(J50:J53) -> 1 | ... AF20: =SUM(P50:P53) -> 409
B21: 09.45 - 10.00 | C21: 4 | D21: 1 | E21: 1 | F21: 8 | G21: 0 | H21: 0 | I21: 2 | J21: 0 | K21: 0 | L21: =SUM('[1]RD4 MCC'!R65:U65) -> 0 | M21: 60 | N21: 0 | O21: =SUM(C21:L21,N21) -> 16 | P21: =SUM(C21:N21) -> 76 | R21: 1800-1900 | S21: =SUM(C54:C57) -> 44 | T21: =SUM(D54:D57) -> 18 | U21: =SUM(E54:E57) -> 21 | V21: =SUM(F54:F57) -> 54 | W21: =SUM(G54:G57) -> 21 | X21: =SUM(H54:H57) -> 1 | Y21: =SUM(I54:I57) -> 9 | Z21: =SUM(J54:J57) -> 1 | ... AF21: =SUM(P54:P57) -> 350
B22: 10.00 - 10.15 | C22: 6 | D22: 2 | E22: 2 | F22: 14 | G22: 0 | H22: 0 | I22: 1 | J22: 0 | K22: 0 | L22: =SUM('[1]RD4 MCC'!R66:U66) -> 0 | M22: 41 | N22: 0 | O22: =SUM(C22:L22,N22) -> 25 | P22: =SUM(C22:N22) -> 66 | R22: AM Peak Hr | S22: =MAX(S10:S12) -> 27 | T22: =MAX(T10:T12) -> 5 | U22: =MAX(U10:U12) -> 7 | V22: =MAX(V10:V12) -> 46 | W22: =MAX(W10:W12) -> 17 | X22: =MAX(X10:X12) -> 1 | Y22: =MAX(Y10:Y12) -> 14 | Z22: =MAX(Z10:Z12) -> 0 | ... AF22: =MAX(AF10:AF12) -> 311
B23: 10.15 - 10.30 | C23: 3 | D23: 1 | E23: 1 | F23: 9 | G23: 0 | H23: 0 | I23: 5 | J23: 0 | K23: 0 | L23: =SUM('[1]RD4 MCC'!R67:U67) -> 0 | M23: 44 | N23: 0 | O23: =SUM(C23:L23,N23) -> 19 | P23: =SUM(C23:N23) -> 63 | R23: IP Peak Hr | S23: =MAX(S13:S18) -> 30 | T23: =MAX(T13:T18) -> 34 | U23: =MAX(U13:U18) -> 38 | V23: =MAX(V13:V18) -> 49 | W23: =MAX(W13:W18) -> 12 | X23: =MAX(X13:X18) -> 1 | Y23: =MAX(Y13:Y18) -> 19 | Z23: =MAX(Z13:Z18) -> 2 | ... AF23: =MAX(AF13:AF18) -> 292
B24: 10.30 - 10.45 | C24: 1 | D24: 2 | E24: 2 | F24: 12 | G24: 0 | H24: 0 | I24: 3 | J24: 0 | K24: 0 | L24: =SUM('[1]RD4 MCC'!R68:U68) -> 0 | M24: 42 | N24: 0 | O24: =SUM(C24:L24,N24) -> 20 | P24: =SUM(C24:N24) -> 62 | R24: PM Peak Hr | S24: =MAX(S19:S21) -> 55 | T24: =MAX(T19:T21) -> 46 | U24: =MAX(U19:U21) -> 47 | V24: =MAX(V19:V21) -> 54 | W24: =MAX(W19:W21) -> 21 | X24: =MAX(X19:X21) -> 1 | Y24: =MAX(Y19:Y21) -> 16 | Z24: =MAX(Z19:Z21) -> 1 | ... AF24: =MAX(AF19:AF21) -> 409
B25: 10.45 - 11.00 | C25: 6 | D25: 0 | E25: 1 | F25: 10 | G25: 0 | H25: 0 | I25: 2 | J25: 0 | K25: 0 | L25: =SUM('[1]RD4 MCC'!R69:U69) -> 0 | M25: 45 | N25: 0 | O25: =SUM(C25:L25,N25) -> 19 | P25: =SUM(C25:N25) -> 64 | R25: AM Period | S25: =SUM(S10:S12) -> 53 | T25: =SUM(T10:T12) -> 13 | U25: =SUM(U10:U12) -> 18 | V25: =SUM(V10:V12) -> 129 | W25: =SUM(W10:W12) -> 34 | X25: =SUM(X10:X12) -> 3 | Y25: =SUM(Y10:Y12) -> 23 | Z25: =SUM(Z10:Z12) -> 0 | ... AF25: =SUM(AF10:AF12) -> 910
B26: 11.00 - 11.15 | C26: 8 | D26: 1 | E26: 2 | F26: 12 | G26: 0 | H26: 0 | I26: 4 | J26: 0 | K26: 0 | L26: =SUM('[1]RD4 MCC'!R70:U70) -> 0 | M26: 35 | N26: 0 | O26: =SUM(C26:L26,N26) -> 27 | P26: =SUM(C26:N26) -> 62 | R26: IP Period | S26: =SUM(S13:S18) -> 125 | T26: =SUM(T13:T18) -> 82 | U26: =SUM(U13:U18) -> 93 | V26: =SUM(V13:V18) -> 269 | W26: =SUM(W13:W18) -> 28 | X26: =SUM(X13:X18) -> 1 | Y26: =SUM(Y13:Y18) -> 67 | Z26: =SUM(Z13:Z18) -> 7 | ... AF26: =SUM(AF13:AF18) -> 1543
B27: 11.15 - 11.30 | C27: 6 | D27: 1 | E27: 1 | F27: 13 | G27: 0 | H27: 0 | I27: 1 | J27: 0 | K27: 0 | L27: =SUM('[1]RD4 MCC'!R71:U71) -> 0 | M27: 36 | N27: 0 | O27: =SUM(C27:L27,N27) -> 22 | P27: =SUM(C27:N27) -> 58 | R27: PM Period | S27: =SUM(S19:S21) -> 152 | T27: =SUM(T19:T21) -> 91 | U27: =SUM(U19:U21) -> 98 | V27: =SUM(V19:V21) -> 159 | W27: =SUM(W19:W21) -> 46 | X27: =SUM(X19:X21) -> 3 | Y27: =SUM(Y19:Y21) -> 40 | Z27: =SUM(Z19:Z21) -> 2 | ... AF27: =SUM(AF19:AF21) -> 1083
B28: 11.30 - 11.45 | C28: 2 | D28: 3 | E28: 3 | F28: 11 | G28: 1 | H28: 0 | I28: 3 | J28: 0 | K28: 0 | L28: =SUM('[1]RD4 MCC'!R72:U72) -> 0 | M28: 35 | N28: 0 | O28: =SUM(C28:L28,N28) -> 23 | P28: =SUM(C28:N28) -> 58 | R28: 12 Hours | S28: =SUM(S10:S21) -> 330 | T28: =SUM(T10:T21) -> 186 | U28: =SUM(U10:U21) -> 209 | V28: =SUM(V10:V21) -> 557 | W28: =SUM(W10:W21) -> 108 | X28: =SUM(X10:X21) -> 7 | Y28: =SUM(Y10:Y21) -> 130 | Z28: =SUM(Z10:Z21) -> 9 | ... AF28: =SUM(AF10:AF21) -> 3536
B29: 11.45 - 12.00 | C29: 8 | D29: 3 | E29: 3 | F29: 10 | G29: 0 | H29: 0 | I29: 4 | J29: 0 | K29: 0 | L29: =SUM('[1]RD4 MCC'!R73:U73) -> 0 | M29: 35 | N29: 0 | O29: =SUM(C29:L29,N29) -> 28 | P29: =SUM(C29:N29) -> 63
B30: 12.00 - 12.15 | C30: 6 | D30: 4 | E30: 4 | F30: 7 | G30: 0 | H30: 0 | I30: 2 | J30: 0 | K30: 0 | L30: =SUM('[1]RD4 MCC'!R74:U74) -> 0 | M30: 41 | N30: 0 | O30: =SUM(C30:L30,N30) -> 23 | P30: =SUM(C30:N30) -> 64
B31: 12.15 - 12.30 | C31: 3 | D31: 1 | E31: 2 | F31: 9 | G31: 2 | H31: 0 | I31: 2 | J31: 0 | K31: 0 | L31: =SUM('[1]RD4 MCC'!R75:U75) -> 0 | M31: 44 | N31: 0 | O31: =SUM(C31:L31,N31) -> 19 | P31: =SUM(C31:N31) -> 63
B32: 12.30 - 12.45 | C32: 7 | D32: 2 | E32: 2 | F32: 9 | G32: 1 | H32: 0 | I32: 3 | J32: 1 | K32: 0 | L32: =SUM('[1]RD4 MCC'!R76:U76) -> 0 | M32: 41 | N32: 1 | O32: =SUM(C32:L32,N32) -> 26 | P32: =SUM(C32:N32) -> 67
B33: 12.45 - 13.00 | C33: 5 | D33: 1 | E33: 1 | F33: 8 | G33: 0 | H33: 0 | I33: 1 | J33: 1 | K33: 0 | L33: =SUM('[1]RD4 MCC'!R77:U77) -> 0 | M33: 27 | N33: 0 | O33: =SUM(C33:L33,N33) -> 17 | P33: =SUM(C33:N33) -> 44
B34: 13.00 - 13.15 | C34: 3 | D34: 1 | E34: 2 | F34: 13 | G34: 2 | H34: 0 | I34: 2 | J34: 1 | K34: 0 | L34: =SUM('[1]RD4 MCC'!R78:U78) -> 0 | M34: 36 | N34: 0 | O34: =SUM(C34:L34,N34) -> 24 | P34: =SUM(C34:N34) -> 60
B35: 13.15 - 13.30 | C35: 3 | D35: 4 | E35: 4 | F35: 9 | G35: 1 | H35: 0 | I35: 0 | J35: 0 | K35: 0 | L35: =SUM('[1]RD4 MCC'!R79:U79) -> 0 | M35: 26 | N35: 0 | O35: =SUM(C35:L35,N35) -> 21 | P35: =SUM(C35:N35) -> 47
B36: 13.30 - 13.45 | C36: 2 | D36: 3 | E36: 3 | F36: 16 | G36: 1 | H36: 0 | I36: 1 | J36: 0 | K36: 0 | L36: =SUM('[1]RD4 MCC'!R80:U80) -> 0 | M36: 39 | N36: 0 | O36: =SUM(C36:L36,N36) -> 26 | P36: =SUM(C36:N36) -> 65
B37: 13.45 - 14.00 | C37: 7 | D37: 6 | E37: 6 | F37: 11 | G37: 1 | H37: 0 | I37: 6 | J37: 1 | K37: 0 | L37: =SUM('[1]RD4 MCC'!R81:U81) -> 0 | M37: 41 | N37: 0 | O37: =SUM(C37:L37,N37) -> 38 | P37: =SUM(C37:N37) -> 79
B38: 14.00 - 14.15 | C38: 4 | D38: 2 | E38: 3 | F38: 12 | G38: 3 | H38: 0 | I38: 0 | J38: 1 | K38: 0 | L38: =SUM('[1]RD4 MCC'!R82:U82) -> 0 | M38: 47 | N38: 0 | O38: =SUM(C38:L38,N38) -> 25 | P38: =SUM(C38:N38) -> 72
B39: 14.15 - 14.30 | C39: 5 | D39: 6 | E39: 6 | F39: 10 | G39: 0 | H39: 0 | I39: 2 | J39: 0 | K39: 0 | L39: =SUM('[1]RD4 MCC'!R83:U83) -> 0 | M39: 39 | N39: 0 | O39: =SUM(C39:L39,N39) -> 29 | P39: =SUM(C39:N39) -> 68
B40: 14.30 - 14.45 | C40: 5 | D40: 2 | E40: 3 | F40: 12 | G40: 2 | H40: 0 | I40: 1 | J40: 0 | K40: 0 | L40: =SUM('[1]RD4 MCC'!R84:U84) -> 0 | M40: 50 | N40: 0 | O40: =SUM(C40:L40,N40) -> 25 | P40: =SUM(C40:N40) -> 75
... B57: 18.45 - 19.00 | C57: 7 | D57: 4 | E57: 5 | F57: 15 | G57: 6 | H57: 0 | I57: 3 | J57: 0 | K57: 0 | L57: =SUM('[1]RD4 MCC'!R101:U101) -> 0 | M57: 41 | N57: 0 | O57: =SUM(C57:L57,N57) -> 40 | P57: =SUM(C57:N57) -> 81
B58: Totals | C58: =SUM(C10:C57) -> 330 | D58: =SUM(D10:D57) -> 186 | E58: =SUM(E10:E57) -> 209 | F58: =SUM(F10:F57) -> 557 | G58: =SUM(G10:G57) -> 108 | H58: =SUM(H10:H57) -> 7 | I58: =SUM(I10:I57) -> 130 | J58: =SUM(J10:J57) -> 9 | ... P58: =SUM(P10:P57) -> 3536
B59: %ges + MCs | C59: =C58/$P$58 -> 0.093325792 | D59: =D58/$P$58 -> 0.05260181 | E59: =E58/$P$58 -> 0.059106335 | F59: =F58/$P$58 -> 0.15752262 | G59: =G58/$P$58 -> 0.030542986 | H59: =H58/$P$58 -> 0.001979638 | I59: =I58/$P$58 -> 0.036764706 | J59: =J58/$P$58 -> 0.0025452489 | ... N59: =N58/$P$58 -> 0.00056561086
B60: %ges w/o MCs | C60: =C58/$O$58 -> 0.21428571 | D60: =D58/$O$58 -> 0.12077922 | E60: =E58/$O$58 -> 0.13571429 | F60: =F58/$O$58 -> 0.36168831 | G60: =G58/$O$58 -> 0.07012987 | H60: =H58/$O$58 -> 0.0045454545 | I60: =I58/$O$58 -> 0.084415584 | J60: =J58/$O$58 -> 0.0058441558 | ... L60: =L58/$O$58 -> 0 | N60: =N58/$O$58 -> 0.0012987013

Sheet 12.08 Jinja-Buwenge
B1: Consultancy services for Preparation of Expressway Development Master Plan (EDMP) for Uganda
B2: MANUAL CLASSIFIED COUNT (MCC)
B3: ROAD NAME: | C3: ='12.08 Buwenge-Jinja'!C3:G3 -> MCC - C3b - STN93 - Jinja-Buwenge ROAD
C5: Date | D5: ='12.08 Buwenge-Jinja'!D5 -> 12.08.19 | F5: Location | G5: ='12.08 Buwenge-Jinja'!G5:H5 -> xxx | J5: Surveyor | K5: ='12.08 Buwenge-Jinja'!K5:L5 -> xxx
C6: Dir. From | D6: Jinja | F6: Dir. To | G6: Buwenge | J6: Supervisor | K6: ='12.08 Buwenge-Jinja'!K6:L6 -> xxx
B8: Time / Veh Type | R8: SUMMARY TRAFFIC VOLUMES
C9: 1. Car | D9: 2. Station Wagon | E9: 3. Pickups | F9: 4. Minibus, matatu | G9: 5. Medium bus | H9: 6. Large Bus | I9: 7. Light Truck | J9: 8. Medium Truck | K9: 9. Heavy truck | L9: 10. Truck Trailer | M9: 11. Motor cycles | N9: 12. Tractors | O9: Total Excl M/Cycles | P9: Total All | R9: Time | S9: 1. Car | T9: 2. Station Wagon | U9: 3. Pickups | V9: 4. Minibus, matatu | W9: 5. Medium bus | X9: 6. Large Bus | Y9: 7. Light Truck | Z9: 8. Medium Truck | AA9: 9. Heavy truck | AB9: 10. Truck Trailer | AC9: 11. Motorcycles | AD9: 12. Tractors, Graders | AE9: Total Excl M/ Cycles | AF9: Total All
B10: 07.00 - 07.15 | C10: 1 | D10: 0 | E10: 2 | F10: 5 | G10: 1 | H10: 0 | I10: 1 | J10: 2 | K10: 0 | L10: =SUM('[1]RD4 MCC'!R6:U6) -> 0 | M10: 18 | N10: 0 | O10: =SUM(C10:L10,N10) -> 12 | P10: =SUM(C10:N10) -> 30 | R10: 0700-0800 | S10: =SUM(C10:C13) -> 22 | T10: =SUM(D10:D13) -> 2 | U10: =SUM(E10:E13) -> 14 | V10: =SUM(F10:F13) -> 37 | W10: =SUM(G10:G13) -> 16 | X10: =SUM(H10:H13) -> 0 | Y10: =SUM(I10:I13) -> 8 | Z10: =SUM(J10:J13) -> 5 | ... AF10: =SUM(P10:P13) -> 205
B11: 07.15 - 07.30 | C11: 4 | D11: 1 | E11: 4 | F11: 11 | G11: 6 | H11: 0 | I11: 1 | J11: 2 | K11: 0 | L11: =SUM('[1]RD4 MCC'!R7:U7) -> 0 | M11: 21 | N11: 0 | O11: =SUM(C11:L11,N11) -> 29 | P11: =SUM(C11:N11) -> 50 | R11: 0800-0900 | S11: =SUM(C14:C17) -> 35 | T11: =SUM(D14:D17) -> 12 | U11: =SUM(E14:E17) -> 35 | V11: =SUM(F14:F17) -> 40 | W11: =SUM(G14:G17) -> 14 | X11: =SUM(H14:H17) -> 1 | Y11: =SUM(I14:I17) -> 10 | Z11: =SUM(J14:J17) -> 2 | ... AF11: =SUM(P14:P17) -> 265
B12: 07.30 - 07.45 | C12: 8 | D12: 0 | E12: 3 | F12: 8 | G12: 6 | H12: 0 | I12: 5 | J12: 1 | K12: 0 | L12: =SUM('[1]RD4 MCC'!R8:U8) -> 0 | M12: 27 | N12: 0 | O12: =SUM(C12:L12,N12) -> 31 | P12: =SUM(C12:N12) -> 58 | R12: 0900-1000 | S12: =SUM(C18:C21) -> 32 | T12: =SUM(D18:D21) -> 16 | U12: =SUM(E18:E21) -> 42 | V12: =SUM(F18:F21) -> 59 | W12: =SUM(G18:G21) -> 9 | X12: =SUM(H18:H21) -> 0 | Y12: =SUM(I18:I21) -> 10 | Z12: =SUM(J18:J21) -> 0 | ... AF12: =SUM(P18:P21) -> 335
B13: 07.45 - 08.00 | C13: 9 | D13: 1 | E13: 5 | F13: 13 | G13: 3 | H13: 0 | I13: 1 | J13: 0 | K13: 0 | L13: =SUM('[1]RD4 MCC'!R9:U9) -> 0 | M13: 35 | N13: 0 | O13: =SUM(C13:L13,N13) -> 32 | P13: =SUM(C13:N13) -> 67 | R13: 1000-1100 | S13: =SUM(C22:C25) -> 37 | T13: =SUM(D22:D25) -> 13 | U13: =SUM(E22:E25) -> 37 | V13: =SUM(F22:F25) -> 62 | W13: =SUM(G22:G25) -> 5 | X13: =SUM(H22:H25) -> 2 | Y13: =SUM(I22:I25) -> 19 | Z13: =SUM(J22:J25) -> 2 | ... AF13: =SUM(P22:P25) -> 340
B14: 08.00 - 08.15 | C14: 13 | D14: 4 | E14: 11 | F14: 10 | G14: 5 | H14: 0 | I14: 3 | J14: 0 | K14: 0 | L14: =SUM('[1]RD4 MCC'!R10:U10) -> 0 | M14: 15 | N14: 0 | O14: =SUM(C14:L14,N14) -> 46 | P14: =SUM(C14:N14) -> 61 | R14: 1100-1200 | S14: =SUM(C26:C29) -> 50 | T14: =SUM(D26:D29) -> 15 | U14: =SUM(E26:E29) -> 43 | V14: =SUM(F26:F29) -> 66 | W14: =SUM(G26:G29) -> 3 | X14: =SUM(H26:H29) -> 0 | Y14: =SUM(I26:I29) -> 15 | Z14: =SUM(J26:J29) -> 4 | ... AF14: =SUM(P26:P29) -> 385
B15: 08.15 - 08.30 | C15: 6 | D15: 3 | E15: 8 | F15: 7 | G15: 4 | H15: 0 | I15: 2 | J15: 2 | K15: 0 | L15: =SUM('[1]RD4 MCC'!R11:U11) -> 0 | M15: 46 | N15: 0 | O15: =SUM(C15:L15,N15) -> 32 | P15: =SUM(C15:N15) -> 78 | R15: 1200-1300 | S15: =SUM(C30:C33) -> 34 | T15: =SUM(D30:D33) -> 8 | U15: =SUM(E30:E33) -> 23 | V15: =SUM(F30:F33) -> 58 | W15: =SUM(G30:G33) -> 7 | X15: =SUM(H30:H33) -> 0 | Y15: =SUM(I30:I33) -> 14 | Z15: =SUM(J30:J33) -> 0 | ... AF15: =SUM(P30:P33) -> 321
B16: 08.30 - 08.45 | C16: 9 | D16: 2 | E16: 6 | F16: 12 | G16: 3 | H16: 0 | I16: 4 | J16: 0 | K16: 0 | L16: =SUM('[1]RD4 MCC'!R12:U12) -> 0 | M16: 27 | N16: 0 | O16: =SUM(C16:L16,N16) -> 36 | P16: =SUM(C16:N16) -> 63 | R16: 1300-1400 | S16: =SUM(C34:C37) -> 30 | T16: =SUM(D34:D37) -> 5 | U16: =SUM(E34:E37) -> 16 | V16: =SUM(F34:F37) -> 67 | W16: =SUM(G34:G37) -> 7 | X16: =SUM(H34:H37) -> 1 | Y16: =SUM(I34:I37) -> 12 | Z16: =SUM(J34:J37) -> 2 | ... AF16: =SUM(P34:P37) -> 328
B17: 08.45 - 9.00 | C17: 7 | D17: 3 | E17: 10 | F17: 11 | G17: 2 | H17: 1 | I17: 1 | J17: 0 | K17: 0 | L17: =SUM('[1]RD4 MCC'!R13:U13) -> 0 | M17: 28 | N17: 0 | O17: =SUM(C17:L17,N17) -> 35 | P17: =SUM(C17:N17) -> 63 | R17: 1400-1500 | S17: =SUM(C38:C41) -> 32 | T17: =SUM(D38:D41) -> 5 | U17: =SUM(E38:E41) -> 19 | V17: =SUM(F38:F41) -> 49 | W17: =SUM(G38:G41) -> 4 | X17: =SUM(H38:H41) -> 2 | Y17: =SUM(I38:I41) -> 15 | Z17: =SUM(J38:J41) -> 3 | ... AF17: =SUM(P38:P41) -> 332
B18: 09.00 - 09.15 | C18: 4 | D18: 2 | E18: 7 | F18: 14 | G18: 4 | H18: 0 | I18: 4 | J18: 0 | K18: 0 | L18: =SUM('[1]RD4 MCC'!R14:U14) -> 0 | M18: 38 | N18: 0 | O18: =SUM(C18:L18,N18) -> 35 | P18: =SUM(C18:N18) -> 73 | R18: 1500-1600 | S18: =SUM(C42:C45) -> 31 | T18: =SUM(D42:D45) -> 4 | U18: =SUM(E42:E45) -> 17 | V18: =SUM(F42:F45) -> 45 | W18: =SUM(G42:G45) -> 5 | X18: =SUM(H42:H45) -> 0 | Y18: =SUM(I42:I45) -> 14 | Z18: =SUM(J42:J45) -> 0 | ... AF18: =SUM(P42:P45) -> 258
B19: 09.15 - 09.30 | C19: 10 | D19: 3 | E19: 8 | F19: 12 | G19: 3 | H19: 0 | I19: 3 | J19: 0 | K19: 0 | L19: =SUM('[1]RD4 MCC'!R15:U15) -> 0 | M19: 47 | N19: 0 | O19: =SUM(C19:L19,N19) -> 39 | P19: =SUM(C19:N19) -> 86 | R19: 1600-1700 | S19: =SUM(C46:C49) -> 27 | T19: =SUM(D46:D49) -> 3 | U19: =SUM(E46:E49) -> 16 | V19: =SUM(F46:F49) -> 50 | W19: =SUM(G46:G49) -> 3 | X19: =SUM(H46:H49) -> 0 | Y19: =SUM(I46:I49) -> 15 | Z19: =SUM(J46:J49) -> 1 | ... AF19: =SUM(P46:P49) -> 260
B20: 09.30 - 09.45 | C20: 6 | D20: 9 | E20: 21 | F20: 16 | G20: 1 | H20: 0 | I20: 0 | J20: 0 | K20: 0 | L20: =SUM('[1]RD4 MCC'!R16:U16) -> 0 | M20: 37 | N20: 0 | O20: =SUM(C20:L20,N20) -> 53 | P20: =SUM(C20:N20) -> 90 | R20: 1700-1800 | S20: =SUM(C50:C53) -> 23 | T20: =SUM(D50:D53) -> 1 | U20: =SUM(E50:E53) -> 11 | V20: =SUM(F50:F53) -> 37 | W20: =SUM(G50:G53) -> 7 | X20: =SUM(H50:H53) -> 1 | Y20: =SUM(I50:I53) -> 12 | Z20: =SUM(J50:J53) -> 1 | ... AF20: =SUM(P50:P53) -> 238
B21: 09.45 - 10.00 | C21: 12 | D21: 2 | E21: 6 | F21: 17 | G21: 1 | H21: 0 | I21: 3 | J21: 0 | K21: 0 | L21: =SUM('[1]RD4 MCC'!R17:U17) -> 0 | M21: 45 | N21: 0 | O21: =SUM(C21:L21,N21) -> 41 | P21: =SUM(C21:N21) -> 86 | R21: 1800-1900 | S21: =SUM(C54:C57) -> 25 | T21: =SUM(D54:D57) -> 3 | U21: =SUM(E54:E57) -> 16 | V21: =SUM(F54:F57) -> 40 | W21: =SUM(G54:G57) -> 16 | X21: =SUM(H54:H57) -> 0 | Y21: =SUM(I54:I57) -> 13 | Z21: =SUM(J54:J57) -> 1 | ... AF21: =SUM(P54:P57) -> 293
B22: 10.00 - 10.15 | C22: 9 | D22: 4 | E22: 10 | F22: 17 | G22: 1 | H22: 1 | I22: 3 | J22: 1 | K22: 0 | L22: =SUM('[1]RD4 MCC'!R18:U18) -> 0 | M22: 37 | N22: 0 | O22: =SUM(C22:L22,N22) -> 46 | P22: =SUM(C22:N22) -> 83 | R22: AM Peak Hr | S22: =MAX(S10:S12) -> 35 | T22: =MAX(T10:T12) -> 16 | U22: =MAX(U10:U12) -> 42 | V22: =MAX(V10:V12) -> 59 | W22: =MAX(W10:W12) -> 16 | X22: =MAX(X10:X12) -> 1 | Y22: =MAX(Y10:Y12) -> 10 | Z22: =MAX(Z10:Z12) -> 5 | ... AF22: =MAX(AF10:AF12) -> 335
B23: 10.15 - 10.30 | C23: 10 | D23: 3 | E23: 10 | F23: 17 | G23: 1 | H23: 0 | I23: 5 | J23: 0 | K23: 0 | L23: =SUM('[1]RD4 MCC'!R19:U19) -> 0 | M23: 43 | N23: 0 | O23: =SUM(C23:L23,N23) -> 46 | P23: =SUM(C23:N23) -> 89 | R23: IP Peak Hr | S23: =MAX(S13:S18) -> 50 | T23: =MAX(T13:T18) -> 15 | U23: =MAX(U13:U18) -> 43 | V23: =MAX(V13:V18) -> 67 | W23: =MAX(W13:W18) -> 7 | X23: =MAX(X13:X18) -> 2 | Y23: =MAX(Y13:Y18) -> 19 | Z23: =MAX(Z13:Z18) -> 4 | ... AF23: =MAX(AF13:AF18) -> 385
B24: 10.30 - 10.45 | C24: 7 | D24: 2 | E24: 5 | F24: 15 | G24: 0 | H24: 1 | I24: 7 | J24: 1 | K24: 0 | L24: =SUM('[1]RD4 MCC'!R20:U20) -> 0 | M24: 34 | N24: 0 | O24: =SUM(C24:L24,N24) -> 38 | P24: =SUM(C24:N24) -> 72 | R24: PM Peak Hr | S24: =MAX(S19:S21) -> 27 | T24: =MAX(T19:T21) -> 3 | U24: =MAX(U19:U21) -> 16 | V24: =MAX(V19:V21) -> 50 | W24: =MAX(W19:W21) -> 16 | X24: =MAX(X19:X21) -> 1 | Y24: =MAX(Y19:Y21) -> 15 | Z24: =MAX(Z19:Z21) -> 1 | ... AF24: =MAX(AF19:AF21) -> 293
B25: 10.45 - 11.00 | C25: 11 | D25: 4 | E25: 12 | F25: 13 | G25: 3 | H25: 0 | I25: 4 | J25: 0 | K25: 0 | L25: =SUM('[1]RD4 MCC'!R21:U21) -> 0 | M25: 49 | N25: 0 | O25: =SUM(C25:L25,N25) -> 47 | P25: =SUM(C25:N25) -> 96 | R25: AM Period | S25: =SUM(S10:S12) -> 89 | T25: =SUM(T10:T12) -> 30 | U25: =SUM(U10:U12) -> 91 | V25: =SUM(V10:V12) -> 136 | W25: =SUM(W10:W12) -> 39 | X25: =SUM(X10:X12) -> 1 | Y25: =SUM(Y10:Y12) -> 28 | Z25: =SUM(Z10:Z12) -> 7 | ... AF25: =SUM(AF10:AF12) -> 805
B26: 11.00 - 11.15 | C26: 15 | D26: 4 | E26: 12 | F26: 14 | G26: 1 | H26: 0 | I26: 3 | J26: 0 | K26: 0 | L26: =SUM('[1]RD4 MCC'!R22:U22) -> 0 | M26: 35 | N26: 1 | O26: =SUM(C26:L26,N26) -> 50 | P26: =SUM(C26:N26) -> 85 | R26: IP Period | S26: =SUM(S13:S18) -> 214 | T26: =SUM(T13:T18) -> 50 | U26: =SUM(U13:U18) -> 155 | V26: =SUM(V13:V18) -> 347 | W26: =SUM(W13:W18) -> 31 | X26: =SUM(X13:X18) -> 5 | Y26: =SUM(Y13:Y18) -> 89 | Z26: =SUM(Z13:Z18) -> 11 | ... AF26: =SUM(AF13:AF18) -> 1964
B27: 11.15 - 11.30 | C27: 12 | D27: 3 | E27: 7 | F27: 16 | G27: 1 | H27: 0 | I27: 5 | J27: 2 | K27: 0 | L27: =SUM('[1]RD4 MCC'!R23:U23) -> 0 | M27: 49 | N27: 0 | O27: =SUM(C27:L27,N27) -> 46 | P27: =SUM(C27:N27) -> 95 | R27: PM Period | S27: =SUM(S19:S21) -> 75 | T27: =SUM(T19:T21) -> 7 | U27: =SUM(U19:U21) -> 43 | V27: =SUM(V19:V21) -> 127 | W27: =SUM(W19:W21) -> 26 | X27: =SUM(X19:X21) -> 1 | Y27: =SUM(Y19:Y21) -> 40 | Z27: =SUM(Z19:Z21) -> 3 | ... AF27: =SUM(AF19:AF21) -> 791
B28: 11.30 - 11.45 | C28: 16 | D28: 2 | E28: 7 | F28: 16 | G28: 0 | H28: 0 | I28: 3 | J28: 1 | K28: 0 | L28: =SUM('[1]RD4 MCC'!R24:U24) -> 0 | M28: 43 | N28: 0 | O28: =SUM(C28:L28,N28) -> 45 | P28: =SUM(C28:N28) -> 88 | R28: 12 Hours | S28: =SUM(S10:S21) -> 378 | T28: =SUM(T10:T21) -> 87 | U28: =SUM(U10:U21) -> 289 | V28: =SUM(V10:V21) -> 610 | W28: =SUM(W10:W21) -> 96 | X28: =SUM(X10:X21) -> 7 | Y28: =SUM(Y10:Y21) -> 157 | Z28: =SUM(Z10:Z21) -> 21 | ... AF28: =SUM(AF10:AF21) -> 3560
B29: 11.45 - 12.00 | C29: 7 | D29: 6 | E29: 17 | F29: 20 | G29: 1 | H29: 0 | I29: 4 | J29: 1 | K29: 0 | L29: =SUM('[1]RD4 MCC'!R25:U25) -> 0 | M29: 60 | N29: 1 | O29: =SUM(C29:L29,N29) -> 57 | P29: =SUM(C29:N29) -> 117
B30: 12.00 - 12.15 | C30: 13 | D30: 3 | E30: 8 | F30: 19 | G30: 0 | H30: 0 | I30: 5 | J30: 0 | K30: 0 | L30: =SUM('[1]RD4 MCC'!R26:U26) -> 0 | M30: 36 | N30: 0 | O30: =SUM(C30:L30,N30) -> 48 | P30: =SUM(C30:N30) -> 84
B31: 12.15 - 12.30 | C31: 7 | D31: 2 | E31: 5 | F31: 15 | G31: 2 | H31: 0 | I31: 2 | J31: 0 | K31: 0 | L31: =SUM('[1]RD4 MCC'!R27:U27) -> 0 | M31: 42 | N31: 0 | O31: =SUM(C31:L31,N31) -> 33 | P31: =SUM(C31:N31) -> 75
B32: 12.30 - 12.45 | C32: 7 | D32: 1 | E32: 5 | F32: 13 | G32: 4 | H32: 0 | I32: 3 | J32: 0 | K32: 0 | L32: =SUM('[1]RD4 MCC'!R28:U28) -> 0 | M32: 57 | N32: 0 | O32: =SUM(C32:L32,N32) -> 33 | P32: =SUM(C32:N32) -> 90
B33: 12.45 - 13.00 | C33: 7 | D33: 2 | E33: 5 | F33: 11 | G33: 1 | H33: 0 | I33: 4 | J33: 0 | K33: 0 | L33: =SUM('[1]RD4 MCC'!R29:U29) -> 0 | M33: 42 | N33: 0 | O33: =SUM(C33:L33,N33) -> 30 | P33: =SUM(C33:N33) -> 72
B34: 13.00 - 13.15 | C34: 5 | D34: 2 | E34: 6 | F34: 22 | G34: 0 | H34: 0 | I34: 2 | J34: 1 | K34: 0 | L34: =SUM('[1]RD4 MCC'!R30:U30) -> 0 | M34: 49 | N34: 0 | O34: =SUM(C34:L34,N34) -> 38 | P34: =SUM(C34:N34) -> 87
B35: 13.15 - 13.30 | C35: 7 | D35: 2 | E35: 5 | F35: 22 | G35: 3 | H35: 1 | I35: 0 | J35: 1 | K35: 0 | L35: =SUM('[1]RD4 MCC'!R31:U31) -> 0 | M35: 36 | N35: 0 | O35: =SUM(C35:L35,N35) -> 41 | P35: =SUM(C35:N35) -> 77
B36: 13.30 - 13.45 | C36: 6 | D36: 0 | E36: 1 | F36: 13 | G36: 2 | H36: 0 | I36: 5 | J36: 0 | K36: 0 | L36: =SUM('[1]RD4 MCC'!R32:U32) -> 0 | M36: 49 | N36: 0 | O36: =SUM(C36:L36,N36) -> 27 | P36: =SUM(C36:N36) -> 76
B37: 13.45 - 14.00 | C37: 12 | D37: 1 | E37: 4 | F37: 10 | G37: 2 | H37: 0 | I37: 5 | J37: 0 | K37: 0 | L37: =SUM('[1]RD4 MCC'!R33:U33) -> 0 | M37: 54 | N37: 0 | O37: =SUM(C37:L37,N37) -> 34 | P37: =SUM(C37:N37) -> 88
B38: 14.00 - 14.15 | C38: 13 | D38: 1 | E38: 5 | F38: 13 | G38: 2 | H38: 0 | I38: 3 | J38: 0 | K38: 0 | L38: =SUM('[1]RD4 MCC'!R34:U34) -> 0 | M38: 50 | N38: 0 | O38: =SUM(C38:L38,N38) -> 37 | P38: =SUM(C38:N38) -> 87
B39: 14.15 - 14.30 | C39: 6 | D39: 2 | E39: 5 | F39: 10 | G39: 0 | H39: 1 | I39: 6 | J39: 1 | K39: 0 | L39: =SUM('[1]RD4 MCC'!R35:U35) -> 0 | M39: 50 | N39: 0 | O39: =SUM(C39:L39,N39) -> 31 | P39: =SUM(C39:N39) -> 81
B40: 14.30 - 14.45 | C40: 5 | D40: 0 | E40: 3 | F40: 12 | G40: 2 | H40: 0 | I40: 5 | J40: 1 | K40: 0 | L40: =SUM('[1]RD4 MCC'!R36:U36) -> 0 | M40: 54 | N40: 0 | O40: =SUM(C40:L40,N40) -> 28 | P40: =SUM(C40:N40) -> 82
... B57: 18.45 - 19.00 | C57: 6 | D57: 0 | E57: 3 | F57: 9 | G57: 7 | H57: 0 | I57: 4 | J57: 1 | K57: 0 | L57: =SUM('[1]RD4 MCC'!R53:U53) -> 0 | M57: 46 | N57: 0 | O57: =SUM(C57:L57,N57) -> 30 | P57: =SUM(C57:N57) -> 76
B58: Totals | C58: =SUM(C10:C57) -> 378 | D58: =SUM(D10:D57) -> 87 | E58: =SUM(E10:E57) -> 289 | F58: =SUM(F10:F57) -> 610 | G58: =SUM(G10:G57) -> 96 | H58: =SUM(H10:H57) -> 7 | I58: =SUM(I10:I57) -> 157 | J58: =SUM(J10:J57) -> 21 | ... P58: =SUM(P10:P57) -> 3560
B59: %ges + MCs | C59: =C58/$P$58 -> 0.10617978 | D59: =D58/$P$58 -> 0.024438202 | E59: =E58/$P$58 -> 0.081179775 | F59: =F58/$P$58 -> 0.17134831 | G59: =G58/$P$58 -> 0.026966292 | H59: =H58/$P$58 -> 0.0019662921 | I59: =I58/$P$58 -> 0.044101124 | J59: =J58/$P$58 -> 0.0058988764 | ... N59: =N58/$P$58 -> 0.00056179775
B60: %ges w/o MCs | C60: =C58/$O$58 -> 0.2295082 | D60: =D58/$O$58 -> 0.052823315 | E60: =E58/$O$58 -> 0.17547055 | F60: =F58/$O$58 -> 0.37037037 | G60: =G58/$O$58 -> 0.058287796 | H60: =H58/$O$58 -> 0.0042501518 | I60: =I58/$O$58 -> 0.095324833 | J60: =J58/$O$58 -> 0.012750455 | ... L60: =L58/$O$58 -> 0 | N60: =N58/$O$58 -> 0.0012143291

Sheet 13.08 Buwenge-Jinja
B1: Consultancy services for Preparation of Expressway Development Master Plan (EDMP) for Uganda
B2: MANUAL CLASSIFIED COUNT (MCC)
B3: ROAD NAME: | C3: ='12.08 Buwenge-Jinja'!C3:G3 -> MCC - C3b - STN93 - Jinja-Buwenge ROAD
C5: Date | D5: 13.08.19 | F5: Location | G5: ='12.08 Buwenge-Jinja'!G5:H5 -> xxx | J5: Surveyor | K5: ='12.08 Buwenge-Jinja'!K5:L5 -> xxx
C6: Dir. From | D6: ='12.08 Buwenge-Jinja'!D6:E6 -> Buwenge | F6: Dir. To | G6: ='12.08 Buwenge-Jinja'!G6:H6 -> Jinja | J6: Supervisor | K6: ='12.08 Buwenge-Jinja'!K6:L6 -> xxx
B8: Time / Veh Type | R8: SUMMARY TRAFFIC VOLUMES
C9: 1. Car | D9: 2. Station Wagon | E9: 3. Pickups | F9: 4. Minibus, matatu | G9: 5. Medium bus | H9: 6. Large Bus | I9: 7. Light Truck | J9: 8. Medium Truck | K9: 9. Heavy truck | L9: 10. Truck Trailer | M9: 11. Motor cycles | N9: 12. Tractors | O9: Total Excl M/Cycles | P9: Total All | R9: Time | S9: 1. Car | T9: 2. Station Wagon | U9: 3. Pickups | V9: 4. Minibus, matatu | W9: 5. Medium bus | X9: 6. Large Bus | Y9: 7. Light Truck | Z9: 8. Medium Truck | AA9: 9. Heavy truck | AB9: 10. Truck Trailer | AC9: 11. Motorcycles | AD9: 12. Tractors, Graders | AE9: Total Excl M/ Cycles | AF9: Total All
B10: 07.00 - 07.15 | C10: 5 | D10: 0 | E10: 0 | F10: 11 | G10: 5 | H10: 0 | I10: 1 | J10: 0 | K10: 0 | L10: =SUM('[1]RD4 MCC'!R150:U150) -> 0 | M10: 41 | N10: 0 | O10: =SUM(C10:L10,N10) -> 22 | P10: =SUM(C10:N10) -> 63 | R10: 0700-0800 | S10: =SUM(C10:C13) -> 12 | T10: =SUM(D10:D13) -> 0 | U10: =SUM(E10:E13) -> 3 | V10: =SUM(F10:F13) -> 36 | W10: =SUM(G10:G13) -> 17 | X10: =SUM(H10:H13) -> 1 | Y10: =SUM(I10:I13) -> 8 | Z10: =SUM(J10:J13) -> 0 | ... AF10: =SUM(P10:P13) -> 284
B11: 07.15 - 07.30 | C11: 3 | D11: 0 | E11: 1 | F11: 6 | G11: 3 | H11: 0 | I11: 4 | J11: 0 | K11: 0 | L11: =SUM('[1]RD4 MCC'!R151:U151) -> 0 | M11: 60 | N11: 0 | O11: =SUM(C11:L11,N11) -> 17 | P11: =SUM(C11:N11) -> 77 | R11: 0800-0900 | S11: =SUM(C14:C17) -> 25 | T11: =SUM(D14:D17) -> 1 | U11: =SUM(E14:E17) -> 9 | V11: =SUM(F14:F17) -> 43 | W11: =SUM(G14:G17) -> 11 | X11: =SUM(H14:H17) -> 2 | Y11: =SUM(I14:I17) -> 8 | Z11: =SUM(J14:J17) -> 0 | ... AF11: =SUM(P14:P17) -> 326
B12: 07.30 - 07.45 | C12: 1 | D12: 0 | E12: 2 | F12: 11 | G12: 6 | H12: 1 | I12: 2 | J12: 0 | K12: 0 | L12: =SUM('[1]RD4 MCC'!R152:U152) -> 0 | M12: 58 | N12: 0 | O12: =SUM(C12:L12,N12) -> 23 | P12: =SUM(C12:N12) -> 81 | R12: 0900-1000 | S12: =SUM(C18:C21) -> 11 | T12: =SUM(D18:D21) -> 1 | U12: =SUM(E18:E21) -> 10 | V12: =SUM(F18:F21) -> 50 | W12: =SUM(G18:G21) -> 5 | X12: =SUM(H18:H21) -> 1 | Y12: =SUM(I18:I21) -> 14 | Z12: =SUM(J18:J21) -> 3 | ... AF12: =SUM(P18:P21) -> 275
B13: 07.45 - 08.00 | C13: 3 | D13: 0 | E13: 0 | F13: 8 | G13: 3 | H13: 0 | I13: 1 | J13: 0 | K13: 0 | L13: =SUM('[1]RD4 MCC'!R153:U153) -> 0 | M13: 48 | N13: 0 | O13: =SUM(C13:L13,N13) -> 15 | P13: =SUM(C13:N13) -> 63 | R13: 1000-1100 | S13: =SUM(C22:C25) -> 23 | T13: =SUM(D22:D25) -> 1 | U13: =SUM(E22:E25) -> 7 | V13: =SUM(F22:F25) -> 48 | W13: =SUM(G22:G25) -> 1 | X13: =SUM(H22:H25) -> 0 | Y13: =SUM(I22:I25) -> 5 | Z13: =SUM(J22:J25) -> 1 | ... AF13: =SUM(P22:P25) -> 254
B14: 08.00 - 08.15 | C14: 6 | D14: 0 | E14: 2 | F14: 9 | G14: 4 | H14: 1 | I14: 1 | J14: 0 | K14: 0 | L14: =SUM('[1]RD4 MCC'!R154:U154) -> 0 | M14: 47 | N14: 0 | O14: =SUM(C14:L14,N14) -> 23 | P14: =SUM(C14:N14) -> 70 | R14: 1100-1200 | S14: =SUM(C26:C29) -> 18 | T14: =SUM(D26:D29) -> 1 | U14: =SUM(E26:E29) -> 7 | V14: =SUM(F26:F29) -> 35 | W14: =SUM(G26:G29) -> 0 | X14: =SUM(H26:H29) -> 1 | Y14: =SUM(I26:I29) -> 10 | Z14: =SUM(J26:J29) -> 3 | ... AF14: =SUM(P26:P29) -> 227
B15: 08.15 - 08.30 | C15: 8 | D15: 0 | E15: 2 | F15: 8 | G15: 2 | H15: 0 | I15: 2 | J15: 0 | K15: 0 | L15: =SUM('[1]RD4 MCC'!R155:U155) -> 0 | M15: 72 | N15: 0 | O15: =SUM(C15:L15,N15) -> 22 | P15: =SUM(C15:N15) -> 94 | R15: 1200-1300 | S15: =SUM(C30:C33) -> 20 | T15: =SUM(D30:D33) -> 1 | U15: =SUM(E30:E33) -> 12 | V15: =SUM(F30:F33) -> 31 | W15: =SUM(G30:G33) -> 2 | X15: =SUM(H30:H33) -> 0 | Y15: =SUM(I30:I33) -> 9 | Z15: =SUM(J30:J33) -> 0 | ... AF15: =SUM(P30:P33) -> 217
B16: 08.30 - 08.45 | C16: 6 | D16: 1 | E16: 3 | F16: 13 | G16: 2 | H16: 0 | I16: 1 | J16: 0 | K16: 0 | L16: =SUM('[1]RD4 MCC'!R156:U156) -> 0 | M16: 55 | N16: 0 | O16: =SUM(C16:L16,N16) -> 26 | P16: =SUM(C16:N16) -> 81 | R16: 1300-1400 | S16: =SUM(C34:C37) -> 11 | T16: =SUM(D34:D37) -> 2 | U16: =SUM(E34:E37) -> 9 | V16: =SUM(F34:F37) -> 34 | W16: =SUM(G34:G37) -> 8 | X16: =SUM(H34:H37) -> 0 | Y16: =SUM(I34:I37) -> 16 | Z16: =SUM(J34:J37) -> 2 | ... AF16: =SUM(P34:P37) -> 216
B17: 08.45 - 9.00 | C17: 5 | D17: 0 | E17: 2 | F17: 13 | G17: 3 | H17: 1 | I17: 4 | J17: 0 | K17: 0 | L17: =SUM('[1]RD4 MCC'!R157:U157) -> 0 | M17: 53 | N17: 0 | O17: =SUM(C17:L17,N17) -> 28 | P17: =SUM(C17:N17) -> 81 | R17: 1400-1500 | S17: =SUM(C38:C41) -> 20 | T17: =SUM(D38:D41) -> 3 | U17: =SUM(E38:E41) -> 14 | V17: =SUM(F38:F41) -> 30 | W17: =SUM(G38:G41) -> 1 | X17: =SUM(H38:H41) -> 0 | Y17: =SUM(I38:I41) -> 14 | Z17: =SUM(J38:J41) -> 1 | ... AF17: =SUM(P38:P41) -> 226
B18: 09.00 - 09.15 | C18: 3 | D18: 0 | E18: 2 | F18: 15 | G18: 3 | H18: 0 | I18: 3 | J18: 1 | K18: 0 | L18: =SUM('[1]RD4 MCC'!R158:U158) -> 0 | M18: 40 | N18: 0 | O18: =SUM(C18:L18,N18) -> 27 | P18: =SUM(C18:N18) -> 67 | R18: 1500-1600 | S18: =SUM(C42:C45) -> 17 | T18: =SUM(D42:D45) -> 2 | U18: =SUM(E42:E45) -> 11 | V18: =SUM(F42:F45) -> 38 | W18: =SUM(G42:G45) -> 3 | X18: =SUM(H42:H45) -> 0 | Y18: =SUM(I42:I45) -> 17 | Z18: =SUM(J42:J45) -> 1 | ... AF18: =SUM(P42:P45) -> 225
B19: 09.15 - 09.30 | C19: 3 | D19: 0 | E19: 2 | F19: 13 | G19: 1 | H19: 0 | I19: 5 | J19: 0 | K19: 0 | L19: =SUM('[1]RD4 MCC'!R159:U159) -> 0 | M19: 29 | N19: 0 | O19: =SUM(C19:L19,N19) -> 24 | P19: =SUM(C19:N19) -> 53 | R19: 1600-1700 | S19: =SUM(C46:C49) -> 22 | T19: =SUM(D46:D49) -> 1 | U19: =SUM(E46:E49) -> 9 | V19: =SUM(F46:F49) -> 41 | W19: =SUM(G46:G49) -> 7 | X19: =SUM(H46:H49) -> 0 | Y19: =SUM(I46:I49) -> 17 | Z19: =SUM(J46:J49) -> 1 | ... AF19: =SUM(P46:P49) -> 234
B20: 09.30 - 09.45 | C20: 1 | D20: 1 | E20: 4 | F20: 14 | G20: 0 | H20: 1 | I20: 5 | J20: 0 | K20: 0 | L20: =SUM('[1]RD4 MCC'!R160:U160) -> 0 | M20: 52 | N20: 0 | O20: =SUM(C20:L20,N20) -> 26 | P20: =SUM(C20:N20) -> 78 | R20: 1700-1800 | S20: =SUM(C50:C53) -> 22 | T20: =SUM(D50:D53) -> 3 | U20: =SUM(E50:E53) -> 15 | V20: =SUM(F50:F53) -> 34 | W20: =SUM(G50:G53) -> 4 | X20: =SUM(H50:H53) -> 0 | Y20: =SUM(I50:I53) -> 21 | Z20: =SUM(J50:J53) -> 0 | ... AF20: =SUM(P50:P53) -> 292
B21: 09.45 - 10.00 | C21: 4 | D21: 0 | E21: 2 | F21: 8 | G21: 1 | H21: 0 | I21: 1 | J21: 2 | K21: 0 | L21: =SUM('[1]RD4 MCC'!R161:U161) -> 0 | M21: 59 | N21: 0 | O21: =SUM(C21:L21,N21) -> 18 | P21: =SUM(C21:N21) -> 77 | R21: 1800-1900 | S21: =SUM(C54:C57) -> 28 | T21: =SUM(D54:D57) -> 7 | U21: =SUM(E54:E57) -> 23 | V21: =SUM(F54:F57) -> 52 | W21: =SUM(G54:G57) -> 13 | X21: =SUM(H54:H57) -> 0 | Y21: =SUM(I54:I57) -> 26 | Z21: =SUM(J54:J57) -> 3 | ... AF21: =SUM(P54:P57) -> 298
B22: 10.00 - 10.15 | C22: 7 | D22: 1 | E22: 4 | F22: 11 | G22: 0 | H22: 0 | I22: 0 | J22: 0 | K22: 0 | L22: =SUM('[1]RD4 MCC'!R162:U162) -> 0 | M22: 40 | N22: 0 | O22: =SUM(C22:L22,N22) -> 23 | P22: =SUM(C22:N22) -> 63 | R22: AM Peak Hr | S22: =MAX(S10:S12) -> 25 | T22: =MAX(T10:T12) -> 1 | U22: =MAX(U10:U12) -> 10 | V22: =MAX(V10:V12) -> 50 | W22: =MAX(W10:W12) -> 17 | X22: =MAX(X10:X12) -> 2 | Y22: =MAX(Y10:Y12) -> 14 | Z22: =MAX(Z10:Z12) -> 3 | ... AF22: =MAX(AF10:AF12) -> 326
B23: 10.15 - 10.30 | C23: 6 | D23: 0 | E23: 2 | F23: 12 | G23: 0 | H23: 0 | I23: 2 | J23: 0 | K23: 0 | L23: =SUM('[1]RD4 MCC'!R163:U163) -> 0 | M23: 39 | N23: 0 | O23: =SUM(C23:L23,N23) -> 22 | P23: =SUM(C23:N23) -> 61 | R23: IP Peak Hr | S23: =MAX(S13:S18) -> 23 | T23: =MAX(T13:T18) -> 3 | U23: =MAX(U13:U18) -> 14 | V23: =MAX(V13:V18) -> 48 | W23: =MAX(W13:W18) -> 8 | X23: =MAX(X13:X18) -> 1 | Y23: =MAX(Y13:Y18) -> 17 | Z23: =MAX(Z13:Z18) -> 3 | ... AF23: =MAX(AF13:AF18) -> 254
B24: 10.30 - 10.45 | C24: 5 | D24: 0 | E24: 1 | F24: 8 | G24: 1 | H24: 0 | I24: 2 | J24: 1 | K24: 0 | L24: =SUM('[1]RD4 MCC'!R164:U164) -> 0 | M24: 38 | N24: 0 | O24: =SUM(C24:L24,N24) -> 18 | P24: =SUM(C24:N24) -> 56 | R24: PM Peak Hr | S24: =MAX(S19:S21) -> 28 | T24: =MAX(T19:T21) -> 7 | U24: =MAX(U19:U21) -> 23 | V24: =MAX(V19:V21) -> 52 | W24: =MAX(W19:W21) -> 13 | X24: =MAX(X19:X21) -> 0 | Y24: =MAX(Y19:Y21) -> 26 | Z24: =MAX(Z19:Z21) -> 3 | ... AF24: =MAX(AF19:AF21) -> 298
B25: 10.45 - 11.00 | C25: 5 | D25: 0 | E25: 0 | F25: 17 | G25: 0 | H25: 0 | I25: 1 | J25: 0 | K25: 0 | L25: =SUM('[1]RD4 MCC'!R165:U165) -> 0 | M25: 51 | N25: 0 | O25: =SUM(C25:L25,N25) -> 23 | P25: =SUM(C25:N25) -> 74 | R25: AM Period | S25: =SUM(S10:S12) -> 48 | T25: =SUM(T10:T12) -> 2 | U25: =SUM(U10:U12) -> 22 | V25: =SUM(V10:V12) -> 129 | W25: =SUM(W10:W12) -> 33 | X25: =SUM(X10:X12) -> 4 | Y25: =SUM(Y10:Y12) -> 30 | Z25: =SUM(Z10:Z12) -> 3 | ... AF25: =SUM(AF10:AF12) -> 885
B26: 11.00 - 11.15 | C26: 4 | D26: 1 | E26: 3 | F26: 15 | G26: 0 | H26: 0 | I26: 2 | J26: 0 | K26: 0 | L26: =SUM('[1]RD4 MCC'!R166:U166) -> 0 | M26: 33 | N26: 0 | O26: =SUM(C26:L26,N26) -> 25 | P26: =SUM(C26:N26) -> 58 | R26: IP Period | S26: =SUM(S13:S18) -> 109 | T26: =SUM(T13:T18) -> 10 | U26: =SUM(U13:U18) -> 60 | V26: =SUM(V13:V18) -> 216 | W26: =SUM(W13:W18) -> 15 | X26: =SUM(X13:X18) -> 1 | Y26: =SUM(Y13:Y18) -> 71 | Z26: =SUM(Z13:Z18) -> 8 | ... AF26: =SUM(AF13:AF18) -> 1365
B27: 11.15 - 11.30 | C27: 5 | D27: 0 | E27: 1 | F27: 5 | G27: 0 | H27: 0 | I27: 3 | J27: 3 | K27: 0 | L27: =SUM('[1]RD4 MCC'!R167:U167) -> 0 | M27: 40 | N27: 0 | O27: =SUM(C27:L27,N27) -> 17 | P27: =SUM(C27:N27) -> 57 | R27: PM Period | S27: =SUM(S19:S21) -> 72 | T27: =SUM(T19:T21) -> 11 | U27: =SUM(U19:U21) -> 47 | V27: =SUM(V19:V21) -> 127 | W27: =SUM(W19:W21) -> 24 | X27: =SUM(X19:X21) -> 0 | Y27: =SUM(Y19:Y21) -> 64 | Z27: =SUM(Z19:Z21) -> 4 | ... AF27: =SUM(AF19:AF21) -> 824
B28: 11.30 - 11.45 | C28: 4 | D28: 0 | E28: 0 | F28: 6 | G28: 0 | H28: 1 | I28: 4 | J28: 0 | K28: 0 | L28: =SUM('[1]RD4 MCC'!R168:U168) -> 0 | M28: 47 | N28: 0 | O28: =SUM(C28:L28,N28) -> 15 | P28: =SUM(C28:N28) -> 62 | R28: 12 Hours | S28: =SUM(S10:S21) -> 229 | T28: =SUM(T10:T21) -> 23 | U28: =SUM(U10:U21) -> 129 | V28: =SUM(V10:V21) -> 472 | W28: =SUM(W10:W21) -> 72 | X28: =SUM(X10:X21) -> 5 | Y28: =SUM(Y10:Y21) -> 165 | Z28: =SUM(Z10:Z21) -> 15 | ... AF28: =SUM(AF10:AF21) -> 3074
B29: 11.45 - 12.00 | C29: 5 | D29: 0 | E29: 3 | F29: 9 | G29: 0 | H29: 0 | I29: 1 | J29: 0 | K29: 0 | L29: =SUM('[1]RD4 MCC'!R169:U169) -> 0 | M29: 32 | N29: 0 | O29: =SUM(C29:L29,N29) -> 18 | P29: =SUM(C29:N29) -> 50
B30: 12.00 - 12.15 | C30: 5 | D30: 0 | E30: 2 | F30: 8 | G30: 0 | H30: 0 | I30: 2 | J30: 0 | K30: 0 | L30: =SUM('[1]RD4 MCC'!R170:U170) -> 0 | M30: 43 | N30: 0 | O30: =SUM(C30:L30,N30) -> 17 | P30: =SUM(C30:N30) -> 60
B31: 12.15 - 12.30 | C31: 8 | D31: 0 | E31: 2 | F31: 6 | G31: 1 | H31: 0 | I31: 4 | J31: 0 | K31: 0 | L31: =SUM('[1]RD4 MCC'!R171:U171) -> 0 | M31: 38 | N31: 0 | O31: =SUM(C31:L31,N31) -> 21 | P31: =SUM(C31:N31) -> 59
B32: 12.30 - 12.45 | C32: 2 | D32: 1 | E32: 5 | F32: 8 | G32: 1 | H32: 0 | I32: 1 | J32: 0 | K32: 0 | L32: =SUM('[1]RD4 MCC'!R172:U172) -> 0 | M32: 31 | N32: 0 | O32: =SUM(C32:L32,N32) -> 18 | P32: =SUM(C32:N32) -> 49
B33: 12.45 - 13.00 | C33: 5 | D33: 0 | E33: 3 | F33: 9 | G33: 0 | H33: 0 | I33: 2 | J33: 0 | K33: 0 | L33: =SUM('[1]RD4 MCC'!R173:U173) -> 0 | M33: 30 | N33: 0 | O33: =SUM(C33:L33,N33) -> 19 | P33: =SUM(C33:N33) -> 49
B34: 13.00 - 13.15 | C34: 3 | D34: 0 | E34: 1 | F34: 9 | G34: 0 | H34: 0 | I34: 2 | J34: 0 | K34: 0 | L34: =SUM('[1]RD4 MCC'!R174:U174) -> 0 | M34: 42 | N34: 0 | O34: =SUM(C34:L34,N34) -> 15 | P34: =SUM(C34:N34) -> 57
B35: 13.15 - 13.30 | C35: 3 | D35: 2 | E35: 5 | F35: 7 | G35: 1 | H35: 0 | I35: 3 | J35: 1 | K35: 0 | L35: =SUM('[1]RD4 MCC'!R175:U175) -> 0 | M35: 29 | N35: 0 | O35: =SUM(C35:L35,N35) -> 22 | P35: =SUM(C35:N35) -> 51
B36: 13.30 - 13.45 | C36: 0 | D36: 0 | E36: 1 | F36: 10 | G36: 0 | H36: 0 | I36: 6 | J36: 1 | K36: 0 | L36: =SUM('[1]RD4 MCC'!R176:U176) -> 0 | M36: 33 | N36: 0 | O36: =SUM(C36:L36,N36) -> 18 | P36: =SUM(C36:N36) -> 51
B37: 13.45 - 14.00 | C37: 5 | D37: 0 | E37: 2 | F37: 8 | G37: 7 | H37: 0 | I37: 5 | J37: 0 | K37: 0 | L37: =SUM('[1]RD4 MCC'!R177:U177) -> 0 | M37: 30 | N37: 0 | O37: =SUM(C37:L37,N37) -> 27 | P37: =SUM(C37:N37) -> 57
B38: 14.00 - 14.15 | C38: 5 | D38: 0 | E38: 3 | F38: 8 | G38: 0 | H38: 0 | I38: 5 | J38: 0 | K38: 0 | L38: =SUM('[1]RD4 MCC'!R178:U178) -> 0 | M38: 20 | N38: 1 | O38: =SUM(C38:L38,N38) -> 22 | P38: =SUM(C38:N38) -> 42
B39: 14.15 - 14.30 | C39: 6 | D39: 1 | E39: 3 | F39: 6 | G39: 1 | H39: 0 | I39: 5 | J39: 1 | K39: 0 | L39: =SUM('[1]RD4 MCC'!R179:U179) -> 0 | M39: 49 | N39: 0 | O39: =SUM(C39:L39,N39) -> 23 | P39: =SUM(C39:N39) -> 72
B40: 14.30 - 14.45 | C40: 7 | D40: 0 | E40: 3 | F40: 12 | G40: 0 | H40: 0 | I40: 2 | J40: 0 | K40: 0 | L40: =SUM('[1]RD4 MCC'!R180:U180) -> 0 | M40: 47 | N40: 0 | O40: =SUM(C40:L40,N40) -> 24 | P40: =SUM(C40:N40) -> 71
... B57: 18.45 - 19.00 | C57: 10 | D57: 1 | E57: 4 | F57: 10 | G57: 2 | H57: 0 | I57: 2 | J57: 1 | K57: 0 | L57: =SUM('[1]RD4 MCC'!R197:U197) -> 0 | M57: 35 | N57: 0 | O57: =SUM(C57:L57,N57) -> 30 | P57: =SUM(C57:N57) -> 65
B58: Totals | C58: =SUM(C10:C57) -> 229 | D58: =SUM(D10:D57) -> 23 | E58: =SUM(E10:E57) -> 129 | F58: =SUM(F10:F57) -> 472 | G58: =SUM(G10:G57) -> 72 | H58: =SUM(H10:H57) -> 5 | I58: =SUM(I10:I57) -> 165 | J58: =SUM(J10:J57) -> 15 | ... P58: =SUM(P10:P57) -> 3074
B59: %ges + MCs | C59: =C58/$P$58 -> 0.074495771 | D59: =D58/$P$58 -> 0.007482108 | E59: =E58/$P$58 -> 0.041964867 | F59: =F58/$P$58 -> 0.15354587 | G59: =G58/$P$58 -> 0.023422251 | H59: =H58/$P$58 -> 0.0016265452 | I59: =I58/$P$58 -> 0.053675992 | J59: =J58/$P$58 -> 0.0048796357 | ... N59: =N58/$P$58 -> 0.00032530904
B60: %ges w/o MCs | C60: =C58/$O$58 -> 0.20575022 | D60: =D58/$O$58 -> 0.02066487 | E60: =E58/$O$58 -> 0.11590296 | F60: =F58/$O$58 -> 0.42407907 | G60: =G58/$O$58 -> 0.064690027 | H60: =H58/$O$58 -> 0.004492363 | I60: =I58/$O$58 -> 0.14824798 | J60: =J58/$O$58 -> 0.013477089 | ... L60: =L58/$O$58 -> 0 | N60: =N58/$O$58 -> 0.0008984726

Sheet 13.08 Jinja-Buwenge
B1: Consultancy services for Preparation of Expressway Development Master Plan (EDMP) for Uganda
B2: MANUAL CLASSIFIED COUNT (MCC)
B3: ROAD NAME: | C3: ='12.08 Jinja-Buwenge'!C3:G3 -> MCC - C3b - STN93 - Jinja-Buwenge ROAD
C5: Date | D5: ='13.08 Buwenge-Jinja'!D5 -> 13.08.19 | F5: Location | G5: ='12.08 Buwenge-Jinja'!G5:H5 -> xxx | J5: Surveyor | K5: ='12.08 Buwenge-Jinja'!K5:L5 -> xxx
C6: Dir. From | D6: ='12.08 Jinja-Buwenge'!D6:E6 -> Jinja | F6: Dir. To | G6: ='12.08 Jinja-Buwenge'!G6:H6 -> Buwenge | J6: Supervisor | K6: ='12.08 Buwenge-Jinja'!K6:L6 -> xxx
B8: Time / Veh Type | R8: SUMMARY TRAFFIC VOLUMES
C9: 1. Car | D9: 2. Station Wagon | E9: 3. Pickups | F9: 4. Minibus, matatu | G9: 5. Medium bus | H9: 6. Large Bus | I9: 7. Light Truck | J9: 8. Medium Truck | K9: 9. Heavy truck | L9: 10. Truck Trailer | M9: 11. Motor cycles | N9: 12. Tractors | O9: Total Excl M/Cycles | P9: Total All | R9: Time | S9: 1. Car | T9: 2. Station Wagon | U9: 3. Pickups | V9: 4. Minibus, matatu | W9: 5. Medium bus | X9: 6. Large Bus | Y9: 7. Light Truck | Z9: 8. Medium Truck | AA9: 9. Heavy truck | AB9: 10. Truck Trailer | AC9: 11. Motorcycles | AD9: 12. Tractors, Graders | AE9: Total Excl M/ Cycles | AF9: Total All
B10: 07.00 - 07.15 | C10: 3 | D10: 0 | E10: 1 | F10: 4 | G10: 5 | H10: 0 | I10: 4 | J10: 0 | K10: 0 | L10: =SUM('[1]RD4 MCC'!R102:U102) -> 0 | M10: 10 | N10: 0 | O10: =SUM(C10:L10,N10) -> 17 | P10: =SUM(C10:N10) -> 27 | R10: 0700-0800 | S10: =SUM(C10:C13) -> 21 | T10: =SUM(D10:D13) -> 0 | U10: =SUM(E10:E13) -> 2 | V10: =SUM(F10:F13) -> 25 | W10: =SUM(G10:G13) -> 17 | X10: =SUM(H10:H13) -> 0 | Y10: =SUM(I10:I13) -> 14 | Z10: =SUM(J10:J13) -> 2 | ... AF10: =SUM(P10:P13) -> 164
B11: 07.15 - 07.30 | C11: 7 | D11: 0 | E11: 0 | F11: 5 | G11: 2 | H11: 0 | I11: 3 | J11: 1 | K11: 0 | L11: =SUM('[1]RD4 MCC'!R103:U103) -> 0 | M11: 27 | N11: 0 | O11: =SUM(C11:L11,N11) -> 18 | P11: =SUM(C11:N11) -> 45 | R11: 0800-0900 | S11: =SUM(C14:C17) -> 13 | T11: =SUM(D14:D17) -> 1 | U11: =SUM(E14:E17) -> 9 | V11: =SUM(F14:F17) -> 31 | W11: =SUM(G14:G17) -> 8 | X11: =SUM(H14:H17) -> 0 | Y11: =SUM(I14:I17) -> 6 | Z11: =SUM(J14:J17) -> 3 | ... AF11: =SUM(P14:P17) -> 191
B12: 07.30 - 07.45 | C12: 3 | D12: 0 | E12: 1 | F12: 11 | G12: 4 | H12: 0 | I12: 3 | J12: 0 | K12: 0 | L12: =SUM('[1]RD4 MCC'!R104:U104) -> 0 | M12: 23 | N12: 0 | O12: =SUM(C12:L12,N12) -> 22 | P12: =SUM(C12:N12) -> 45 | R12: 0900-1000 | S12: =SUM(C18:C21) -> 25 | T12: =SUM(D18:D21) -> 2 | U12: =SUM(E18:E21) -> 9 | V12: =SUM(F18:F21) -> 44 | W12: =SUM(G18:G21) -> 3 | X12: =SUM(H18:H21) -> 0 | Y12: =SUM(I18:I21) -> 10 | Z12: =SUM(J18:J21) -> 0 | ... AF12: =SUM(P18:P21) -> 231
B13: 07.45 - 08.00 | C13: 8 | D13: 0 | E13: 0 | F13: 5 | G13: 6 | H13: 0 | I13: 4 | J13: 1 | K13: 0 | L13: =SUM('[1]RD4 MCC'!R105:U105) -> 0 | M13: 23 | N13: 0 | O13: =SUM(C13:L13,N13) -> 24 | P13: =SUM(C13:N13) -> 47 | R13: 1000-1100 | S13: =SUM(C22:C25) -> 22 | T13: =SUM(D22:D25) -> 3 | U13: =SUM(E22:E25) -> 17 | V13: =SUM(F22:F25) -> 44 | W13: =SUM(G22:G25) -> 1 | X13: =SUM(H22:H25) -> 0 | Y13: =SUM(I22:I25) -> 11 | Z13: =SUM(J22:J25) -> 2 | ... AF13: =SUM(P22:P25) -> 266
B14: 08.00 - 08.15 | C14: 3 | D14: 0 | E14: 0 | F14: 6 | G14: 2 | H14: 0 | I14: 0 | J14: 2 | K14: 0 | L14: =SUM('[1]RD4 MCC'!R106:U106) -> 0 | M14: 28 | N14: 0 | O14: =SUM(C14:L14,N14) -> 13 | P14: =SUM(C14:N14) -> 41 | R14: 1100-1200 | S14: =SUM(C26:C29) -> 26 | T14: =SUM(D26:D29) -> 4 | U14: =SUM(E26:E29) -> 16 | V14: =SUM(F26:F29) -> 46 | W14: =SUM(G26:G29) -> 1 | X14: =SUM(H26:H29) -> 0 | Y14: =SUM(I26:I29) -> 10 | Z14: =SUM(J26:J29) -> 0 | ... AF14: =SUM(P26:P29) -> 248
B15: 08.15 - 08.30 | C15: 2 | D15: 0 | E15: 2 | F15: 10 | G15: 0 | H15: 0 | I15: 3 | J15: 1 | K15: 0 | L15: =SUM('[1]RD4 MCC'!R107:U107) -> 0 | M15: 26 | N15: 0 | O15: =SUM(C15:L15,N15) -> 18 | P15: =SUM(C15:N15) -> 44 | R15: 1200-1300 | S15: =SUM(C30:C33) -> 21 | T15: =SUM(D30:D33) -> 1 | U15: =SUM(E30:E33) -> 9 | V15: =SUM(F30:F33) -> 41 | W15: =SUM(G30:G33) -> 7 | X15: =SUM(H30:H33) -> 0 | Y15: =SUM(I30:I33) -> 22 | Z15: =SUM(J30:J33) -> 1 | ... AF15: =SUM(P30:P33) -> 250
B16: 08.30 - 08.45 | C16: 5 | D16: 0 | E16: 3 | F16: 7 | G16: 4 | H16: 0 | I16: 1 | J16: 0 | K16: 0 | L16: =SUM('[1]RD4 MCC'!R108:U108) -> 0 | M16: 35 | N16: 0 | O16: =SUM(C16:L16,N16) -> 20 | P16: =SUM(C16:N16) -> 55 | R16: 1300-1400 | S16: =SUM(C34:C37) -> 24 | T16: =SUM(D34:D37) -> 2 | U16: =SUM(E34:E37) -> 13 | V16: =SUM(F34:F37) -> 47 | W16: =SUM(G34:G37) -> 7 | X16: =SUM(H34:H37) -> 1 | Y16: =SUM(I34:I37) -> 10 | Z16: =SUM(J34:J37) -> 0 | ... AF16: =SUM(P34:P37) -> 252
B17: 08.45 - 9.00 | C17: 3 | D17: 1 | E17: 4 | F17: 8 | G17: 2 | H17: 0 | I17: 2 | J17: 0 | K17: 0 | L17: =SUM('[1]RD4 MCC'!R109:U109) -> 0 | M17: 31 | N17: 0 | O17: =SUM(C17:L17,N17) -> 20 | P17: =SUM(C17:N17) -> 51 | R17: 1400-1500 | S17: =SUM(C38:C41) -> 26 | T17: =SUM(D38:D41) -> 5 | U17: =SUM(E38:E41) -> 21 | V17: =SUM(F38:F41) -> 42 | W17: =SUM(G38:G41) -> 2 | X17: =SUM(H38:H41) -> 2 | Y17: =SUM(I38:I41) -> 6 | Z17: =SUM(J38:J41) -> 0 | ... AF17: =SUM(P38:P41) -> 265
B18: 09.00 - 09.15 | C18: 4 | D18: 0 | E18: 0 | F18: 10 | G18: 2 | H18: 0 | I18: 4 | J18: 0 | K18: 0 | L18: =SUM('[1]RD4 MCC'!R110:U110) -> 0 | M18: 40 | N18: 0 | O18: =SUM(C18:L18,N18) -> 20 | P18: =SUM(C18:N18) -> 60 | R18: 1500-1600 | S18: =SUM(C42:C45) -> 24 | T18: =SUM(D42:D45) -> 2 | U18: =SUM(E42:E45) -> 11 | V18: =SUM(F42:F45) -> 37 | W18: =SUM(G42:G45) -> 2 | X18: =SUM(H42:H45) -> 0 | Y18: =SUM(I42:I45) -> 7 | Z18: =SUM(J42:J45) -> 0 | ... AF18: =SUM(P42:P45) -> 224
B19: 09.15 - 09.30 | C19: 5 | D19: 1 | E19: 4 | F19: 12 | G19: 0 | H19: 0 | I19: 2 | J19: 0 | K19: 0 | L19: =SUM('[1]RD4 MCC'!R111:U111) -> 0 | M19: 30 | N19: 0 | O19: =SUM(C19:L19,N19) -> 24 | P19: =SUM(C19:N19) -> 54 | R19: 1600-1700 | S19: =SUM(C46:C49) -> 23 | T19: =SUM(D46:D49) -> 1 | U19: =SUM(E46:E49) -> 9 | V19: =SUM(F46:F49) -> 41 | W19: =SUM(G46:G49) -> 3 | X19: =SUM(H46:H49) -> 1 | Y19: =SUM(I46:I49) -> 17 | Z19: =SUM(J46:J49) -> 0 | ... AF19: =SUM(P46:P49) -> 228
B20: 09.30 - 09.45 | C20: 10 | D20: 0 | E20: 1 | F20: 12 | G20: 1 | H20: 0 | I20: 3 | J20: 0 | K20: 0 | L20: =SUM('[1]RD4 MCC'!R112:U112) -> 0 | M20: 25 | N20: 0 | O20: =SUM(C20:L20,N20) -> 27 | P20: =SUM(C20:N20) -> 52 | R20: 1700-1800 | S20: =SUM(C50:C53) -> 35 | T20: =SUM(D50:D53) -> 4 | U20: =SUM(E50:E53) -> 14 | V20: =SUM(F50:F53) -> 46 | W20: =SUM(G50:G53) -> 6 | X20: =SUM(H50:H53) -> 1 | Y20: =SUM(I50:I53) -> 16 | Z20: =SUM(J50:J53) -> 0 | ... AF20: =SUM(P50:P53) -> 305
B21: 09.45 - 10.00 | C21: 6 | D21: 1 | E21: 4 | F21: 10 | G21: 0 | H21: 0 | I21: 1 | J21: 0 | K21: 0 | L21: =SUM('[1]RD4 MCC'!R113:U113) -> 0 | M21: 43 | N21: 0 | O21: =SUM(C21:L21,N21) -> 22 | P21: =SUM(C21:N21) -> 65 | R21: 1800-1900 | S21: =SUM(C54:C57) -> 26 | T21: =SUM(D54:D57) -> 1 | U21: =SUM(E54:E57) -> 12 | V21: =SUM(F54:F57) -> 43 | W21: =SUM(G54:G57) -> 12 | X21: =SUM(H54:H57) -> 0 | Y21: =SUM(I54:I57) -> 10 | Z21: =SUM(J54:J57) -> 1 | ... AF21: =SUM(P54:P57) -> 314
B22: 10.00 - 10.15 | C22: 7 | D22: 2 | E22: 7 | F22: 6 | G22: 0 | H22: 0 | I22: 1 | J22: 0 | K22: 0 | L22: =SUM('[1]RD4 MCC'!R114:U114) -> 0 | M22: 40 | N22: 0 | O22: =SUM(C22:L22,N22) -> 23 | P22: =SUM(C22:N22) -> 63 | R22: AM Peak Hr | S22: =MAX(S10:S12) -> 25 | T22: =MAX(T10:T12) -> 2 | U22: =MAX(U10:U12) -> 9 | V22: =MAX(V10:V12) -> 44 | W22: =MAX(W10:W12) -> 17 | X22: =MAX(X10:X12) -> 0 | Y22: =MAX(Y10:Y12) -> 14 | Z22: =MAX(Z10:Z12) -> 3 | ... AF22: =MAX(AF10:AF12) -> 231
B23: 10.15 - 10.30 | C23: 3 | D23: 1 | E23: 4 | F23: 12 | G23: 1 | H23: 0 | I23: 7 | J23: 1 | K23: 0 | L23: =SUM('[1]RD4 MCC'!R115:U115) -> 0 | M23: 33 | N23: 0 | O23: =SUM(C23:L23,N23) -> 29 | P23: =SUM(C23:N23) -> 62 | R23: IP Peak Hr | S23: =MAX(S13:S18) -> 26 | T23: =MAX(T13:T18) -> 5 | U23: =MAX(U13:U18) -> 21 | V23: =MAX(V13:V18) -> 47 | W23: =MAX(W13:W18) -> 7 | X23: =MAX(X13:X18) -> 2 | Y23: =MAX(Y13:Y18) -> 22 | Z23: =MAX(Z13:Z18) -> 2 | ... AF23: =MAX(AF13:AF18) -> 266
B24: 10.30 - 10.45 | C24: 5 | D24: 0 | E24: 3 | F24: 15 | G24: 0 | H24: 0 | I24: 1 | J24: 0 | K24: 0 | L24: =SUM('[1]RD4 MCC'!R116:U116) -> 0 | M24: 42 | N24: 0 | O24: =SUM(C24:L24,N24) -> 24 | P24: =SUM(C24:N24) -> 66 | R24: PM Peak Hr | S24: =MAX(S19:S21) -> 35 | T24: =MAX(T19:T21) -> 4 | U24: =MAX(U19:U21) -> 14 | V24: =MAX(V19:V21) -> 46 | W24: =MAX(W19:W21) -> 12 | X24: =MAX(X19:X21) -> 1 | Y24: =MAX(Y19:Y21) -> 17 | Z24: =MAX(Z19:Z21) -> 1 | ... AF24: =MAX(AF19:AF21) -> 314
B25: 10.45 - 11.00 | C25: 7 | D25: 0 | E25: 3 | F25: 11 | G25: 0 | H25: 0 | I25: 2 | J25: 1 | K25: 0 | L25: =SUM('[1]RD4 MCC'!R117:U117) -> 0 | M25: 50 | N25: 1 | O25: =SUM(C25:L25,N25) -> 25 | P25: =SUM(C25:N25) -> 75 | R25: AM Period | S25: =SUM(S10:S12) -> 59 | T25: =SUM(T10:T12) -> 3 | U25: =SUM(U10:U12) -> 20 | V25: =SUM(V10:V12) -> 100 | W25: =SUM(W10:W12) -> 28 | X25: =SUM(X10:X12) -> 0 | Y25: =SUM(Y10:Y12) -> 30 | Z25: =SUM(Z10:Z12) -> 5 | ... AF25: =SUM(AF10:AF12) -> 586
B26: 11.00 - 11.15 | C26: 7 | D26: 0 | E26: 2 | F26: 12 | G26: 0 | H26: 0 | I26: 3 | J26: 0 | K26: 0 | L26: =SUM('[1]RD4 MCC'!R118:U118) -> 0 | M26: 37 | N26: 0 | O26: =SUM(C26:L26,N26) -> 24 | P26: =SUM(C26:N26) -> 61 | R26: IP Period | S26: =SUM(S13:S18) -> 143 | T26: =SUM(T13:T18) -> 17 | U26: =SUM(U13:U18) -> 87 | V26: =SUM(V13:V18) -> 257 | W26: =SUM(W13:W18) -> 20 | X26: =SUM(X13:X18) -> 3 | Y26: =SUM(Y13:Y18) -> 66 | Z26: =SUM(Z13:Z18) -> 3 | ... AF26: =SUM(AF13:AF18) -> 1505
B27: 11.15 - 11.30 | C27: 6 | D27: 1 | E27: 3 | F27: 13 | G27: 0 | H27: 0 | I27: 2 | J27: 0 | K27: 1 | L27: =SUM('[1]RD4 MCC'!R119:U119) -> 0 | M27: 53 | N27: 0 | O27: =SUM(C27:L27,N27) -> 26 | P27: =SUM(C27:N27) -> 79 | R27: PM Period | S27: =SUM(S19:S21) -> 84 | T27: =SUM(T19:T21) -> 6 | U27: =SUM(U19:U21) -> 35 | V27: =SUM(V19:V21) -> 130 | W27: =SUM(W19:W21) -> 21 | X27: =SUM(X19:X21) -> 2 | Y27: =SUM(Y19:Y21) -> 43 | Z27: =SUM(Z19:Z21) -> 1 | ... AF27: =SUM(AF19:AF21) -> 847
B28: 11.30 - 11.45 | C28: 10 | D28: 1 | E28: 5 | F28: 12 | G28: 1 | H28: 0 | I28: 4 | J28: 0 | K28: 0 | L28: =SUM('[1]RD4 MCC'!R120:U120) -> 0 | M28: 26 | N28: 0 | O28: =SUM(C28:L28,N28) -> 33 | P28: =SUM(C28:N28) -> 59 | R28: 12 Hours | S28: =SUM(S10:S21) -> 286 | T28: =SUM(T10:T21) -> 26 | U28: =SUM(U10:U21) -> 142 | V28: =SUM(V10:V21) -> 487 | W28: =SUM(W10:W21) -> 69 | X28: =SUM(X10:X21) -> 5 | Y28: =SUM(Y10:Y21) -> 139 | Z28: =SUM(Z10:Z21) -> 9 | ... AF28: =SUM(AF10:AF21) -> 2938
B29: 11.45 - 12.00 | C29: 3 | D29: 2 | E29: 6 | F29: 9 | G29: 0 | H29: 0 | I29: 1 | J29: 0 | K29: 0 | L29: =SUM('[1]RD4 MCC'!R121:U121) -> 0 | M29: 28 | N29: 0 | O29: =SUM(C29:L29,N29) -> 21 | P29: =SUM(C29:N29) -> 49
B30: 12.00 - 12.15 | C30: 3 | D30: 0 | E30: 2 | F30: 7 | G30: 0 | H30: 0 | I30: 6 | J30: 0 | K30: 0 | L30: =SUM('[1]RD4 MCC'!R122:U122) -> 0 | M30: 44 | N30: 0 | O30: =SUM(C30:L30,N30) -> 18 | P30: =SUM(C30:N30) -> 62
B31: 12.15 - 12.30 | C31: 8 | D31: 0 | E31: 1 | F31: 12 | G31: 4 | H31: 0 | I31: 5 | J31: 1 | K31: 0 | L31: =SUM('[1]RD4 MCC'!R123:U123) -> 0 | M31: 45 | N31: 0 | O31: =SUM(C31:L31,N31) -> 31 | P31: =SUM(C31:N31) -> 76
B32: 12.30 - 12.45 | C32: 3 | D32: 0 | E32: 2 | F32: 15 | G32: 1 | H32: 0 | I32: 8 | J32: 0 | K32: 0 | L32: =SUM('[1]RD4 MCC'!R124:U124) -> 0 | M32: 29 | N32: 0 | O32: =SUM(C32:L32,N32) -> 29 | P32: =SUM(C32:N32) -> 58
B33: 12.45 - 13.00 | C33: 7 | D33: 1 | E33: 4 | F33: 7 | G33: 2 | H33: 0 | I33: 3 | J33: 0 | K33: 0 | L33: =SUM('[1]RD4 MCC'!R125:U125) -> 0 | M33: 30 | N33: 0 | O33: =SUM(C33:L33,N33) -> 24 | P33: =SUM(C33:N33) -> 54
B34: 13.00 - 13.15 | C34: 9 | D34: 1 | E34: 4 | F34: 10 | G34: 3 | H34: 1 | I34: 7 | J34: 0 | K34: 0 | L34: =SUM('[1]RD4 MCC'!R126:U126) -> 0 | M34: 34 | N34: 0 | O34: =SUM(C34:L34,N34) -> 35 | P34: =SUM(C34:N34) -> 69
B35: 13.15 - 13.30 | C35: 4 | D35: 0 | E35: 2 | F35: 13 | G35: 1 | H35: 0 | I35: 1 | J35: 0 | K35: 0 | L35: =SUM('[1]RD4 MCC'!R127:U127) -> 0 | M35: 43 | N35: 0 | O35: =SUM(C35:L35,N35) -> 21 | P35: =SUM(C35:N35) -> 64
B36: 13.30 - 13.45 | C36: 5 | D36: 0 | E36: 3 | F36: 13 | G36: 1 | H36: 0 | I36: 0 | J36: 0 | K36: 0 | L36: =SUM('[1]RD4 MCC'!R128:U128) -> 0 | M36: 27 | N36: 0 | O36: =SUM(C36:L36,N36) -> 22 | P36: =SUM(C36:N36) -> 49
B37: 13.45 - 14.00 | C37: 6 | D37: 1 | E37: 4 | F37: 11 | G37: 2 | H37: 0 | I37: 2 | J37: 0 | K37: 1 | L37: =SUM('[1]RD4 MCC'!R129:U129) -> 0 | M37: 43 | N37: 0 | O37: =SUM(C37:L37,N37) -> 27 | P37: =SUM(C37:N37) -> 70
B38: 14.00 - 14.15 | C38: 7 | D38: 1 | E38: 5 | F38: 7 | G38: 1 | H38: 0 | I38: 3 | J38: 0 | K38: 1 | L38: =SUM('[1]RD4 MCC'!R130:U130) -> 0 | M38: 35 | N38: 0 | O38: =SUM(C38:L38,N38) -> 25 | P38: =SUM(C38:N38) -> 60
B39: 14.15 - 14.30 | C39: 7 | D39: 2 | E39: 6 | F39: 13 | G39: 0 | H39: 1 | I39: 0 | J39: 0 | K39: 0 | L39: =SUM('[1]RD4 MCC'!R131:U131) -> 0 | M39: 43 | N39: 0 | O39: =SUM(C39:L39,N39) -> 29 | P39: =SUM(C39:N39) -> 72
B40: 14.30 - 14.45 | C40: 9 | D40: 0 | E40: 3 | F40: 9 | G40: 0 | H40: 1 | I40: 2 | J40: 0 | K40: 0 | L40: =SUM('[1]RD4 MCC'!R132:U132) -> 0 | M40: 47 | N40: 0 | O40: =SUM(C40:L40,N40) -> 24 | P40: =SUM(C40:N40) -> 71
... B57: 18.45 - 19.00 | C57: 7 | D57: 0 | E57: 3 | F57: 11 | G57: 4 | H57: 0 | I57: 2 | J57: 0 | K57: 0 | L57: =SUM('[1]RD4 MCC'!R149:U149) -> 0 | M57: 62 | N57: 0 | O57: =SUM(C57:L57,N57) -> 27 | P57: =SUM(C57:N57) -> 89
B58: Totals | C58: =SUM(C10:C57) -> 286 | D58: =SUM(D10:D57) -> 26 | E58: =SUM(E10:E57) -> 142 | F58: =SUM(F10:F57) -> 487 | G58: =SUM(G10:G57) -> 69 | H58: =SUM(H10:H57) -> 5 | I58: =SUM(I10:I57) -> 139 | J58: =SUM(J10:J57) -> 9 | ... P58: =SUM(P10:P57) -> 2938
B59: %ges + MCs | C59: =C58/$P$58 -> 0.097345133 | D59: =D58/$P$58 -> 0.0088495575 | E59: =E58/$P$58 -> 0.048332199 | F59: =F58/$P$58 -> 0.16575902 | G59: =G58/$P$58 -> 0.023485364 | H59: =H58/$P$58 -> 0.001701838 | I59: =I58/$P$58 -> 0.047311096 | J59: =J58/$P$58 -> 0.0030633084 | ... N59: =N58/$P$58 -> 0.0003403676
B60: %ges w/o MCs | C60: =C58/$O$58 -> 0.24507284 | D60: =D58/$O$58 -> 0.022279349 | E60: =E58/$O$58 -> 0.12167952 | F60: =F58/$O$58 -> 0.41730934 | G60: =G58/$O$58 -> 0.059125964 | H60: =H58/$O$58 -> 0.0042844901 | I60: =I58/$O$58 -> 0.11910883 | J60: =J58/$O$58 -> 0.0077120823 | ... L60: =L58/$O$58 -> 0 | N60: =N58/$O$58 -> 0.00085689803

Sheet 14.08 Buwenge-Jinja
B1: Consultancy services for Preparation of Expressway Development Master Plan (EDMP) for Uganda
B2: MANUAL CLASSIFIED COUNT (MCC)
B3: ROAD NAME: | C3: ='12.08 Buwenge-Jinja'!C3:G3 -> MCC - C3b - STN93 - Jinja-Buwenge ROAD
C5: Date | D5: 14.08.19 | F5: Location | G5: ='12.08 Buwenge-Jinja'!G5:H5 -> xxx | J5: Surveyor | K5: ='12.08 Buwenge-Jinja'!K5:L5 -> xxx
C6: Dir. From | D6: ='12.08 Buwenge-Jinja'!D6:E6 -> Buwenge | F6: Dir. To | G6: ='12.08 Buwenge-Jinja'!G6:H6 -> Jinja | J6: Supervisor | K6: ='12.08 Buwenge-Jinja'!K6:L6 -> xxx
B8: Time / Veh Type | R8: SUMMARY TRAFFIC VOLUMES
C9: 1. Car | D9: 2. Station Wagon | E9: 3. Pickups | F9: 4. Minibus, matatu | G9: 5. Medium bus | H9: 6. Large Bus | I9: 7. Light Truck | J9: 8. Medium Truck | K9: 9. Heavy truck | L9: 10. Truck Trailer | M9: 11. Motor cycles | N9: 12. Tractors | O9: Total Excl M/Cycles | P9: Total All | R9: Time | S9: 1. Car | T9: 2. Station Wagon | U9: 3. Pickups | V9: 4. Minibus, matatu | W9: 5. Medium bus | X9: 6. Large Bus | Y9: 7. Light Truck | Z9: 8. Medium Truck | AA9: 9. Heavy truck | AB9: 10. Truck Trailer | AC9: 11. Motorcycles | AD9: 12. Tractors, Graders | AE9: Total Excl M/ Cycles | AF9: Total All
B10: 07.00 - 07.15 | C10: 3 | D10: 0 | E10: 3 | F10: 5 | G10: 2 | H10: 1 | I10: 1 | J10: 0 | K10: 0 | L10: =SUM('[1]RD4 MCC'!R246:U246) -> 0 | M10: 60 | N10: 0 | O10: =SUM(C10:L10,N10) -> 15 | P10: =SUM(C10:N10) -> 75 | R10: 0700-0800 | S10: =SUM(C10:C13) -> 12 | T10: =SUM(D10:D13) -> 0 | U10: =SUM(E10:E13) -> 7 | V10: =SUM(F10:F13) -> 28 | W10: =SUM(G10:G13) -> 17 | X10: =SUM(H10:H13) -> 1 | Y10: =SUM(I10:I13) -> 7 | Z10: =SUM(J10:J13) -> 0 | ... AF10: =SUM(P10:P13) -> 306
B11: 07.15 - 07.30 | C11: 4 | D11: 0 | E11: 1 | F11: 6 | G11: 4 | H11: 0 | I11: 1 | J11: 0 | K11: 0 | L11: =SUM('[1]RD4 MCC'!R247:U247) -> 0 | M11: 45 | N11: 0 | O11: =SUM(C11:L11,N11) -> 16 | P11: =SUM(C11:N11) -> 61 | R11: 0800-0900 | S11: =SUM(C14:C17) -> 12 | T11: =SUM(D14:D17) -> 0 | U11: =SUM(E14:E17) -> 5 | V11: =SUM(F14:F17) -> 42 | W11: =SUM(G14:G17) -> 9 | X11: =SUM(H14:H17) -> 2 | Y11: =SUM(I14:I17) -> 11 | Z11: =SUM(J14:J17) -> 1 | ... AF11: =SUM(P14:P17) -> 279
B12: 07.30 - 07.45 | C12: 2 | D12: 0 | E12: 0 | F12: 9 | G12: 8 | H12: 0 | I12: 4 | J12: 0 | K12: 0 | L12: =SUM('[1]RD4 MCC'!R248:U248) -> 0 | M12: 70 | N12: 0 | O12: =SUM(C12:L12,N12) -> 23 | P12: =SUM(C12:N12) -> 93 | R12: 0900-1000 | S12: =SUM(C18:C21) -> 17 | T12: =SUM(D18:D21) -> 3 | U12: =SUM(E18:E21) -> 14 | V12: =SUM(F18:F21) -> 46 | W12: =SUM(G18:G21) -> 7 | X12: =SUM(H18:H21) -> 0 | Y12: =SUM(I18:I21) -> 9 | Z12: =SUM(J18:J21) -> 1 | ... AF12: =SUM(P18:P21) -> 273
B13: 07.45 - 08.00 | C13: 3 | D13: 0 | E13: 3 | F13: 8 | G13: 3 | H13: 0 | I13: 1 | J13: 0 | K13: 0 | L13: =SUM('[1]RD4 MCC'!R249:U249) -> 0 | M13: 59 | N13: 0 | O13: =SUM(C13:L13,N13) -> 18 | P13: =SUM(C13:N13) -> 77 | R13: 1000-1100 | S13: =SUM(C22:C25) -> 16 | T13: =SUM(D22:D25) -> 0 | U13: =SUM(E22:E25) -> 7 | V13: =SUM(F22:F25) -> 35 | W13: =SUM(G22:G25) -> 1 | X13: =SUM(H22:H25) -> 1 | Y13: =SUM(I22:I25) -> 8 | Z13: =SUM(J22:J25) -> 0 | ... AF13: =SUM(P22:P25) -> 194
B14: 08.00 - 08.15 | C14: 6 | D14: 0 | E14: 1 | F14: 12 | G14: 3 | H14: 0 | I14: 4 | J14: 1 | K14: 1 | L14: =SUM('[1]RD4 MCC'!R250:U250) -> 0 | M14: 59 | N14: 0 | O14: =SUM(C14:L14,N14) -> 28 | P14: =SUM(C14:N14) -> 87 | R14: 1100-1200 | S14: =SUM(C26:C29) -> 10 | T14: =SUM(D26:D29) -> 1 | U14: =SUM(E26:E29) -> 12 | V14: =SUM(F26:F29) -> 37 | W14: =SUM(G26:G29) -> 1 | X14: =SUM(H26:H29) -> 0 | Y14: =SUM(I26:I29) -> 8 | Z14: =SUM(J26:J29) -> 1 | ... AF14: =SUM(P26:P29) -> 209
B15: 08.15 - 08.30 | C15: 1 | D15: 0 | E15: 2 | F15: 9 | G15: 3 | H15: 1 | I15: 3 | J15: 0 | K15: 0 | L15: =SUM('[1]RD4 MCC'!R251:U251) -> 0 | M15: 29 | N15: 0 | O15: =SUM(C15:L15,N15) -> 19 | P15: =SUM(C15:N15) -> 48 | R15: 1200-1300 | S15: =SUM(C30:C33) -> 11 | T15: =SUM(D30:D33) -> 1 | U15: =SUM(E30:E33) -> 8 | V15: =SUM(F30:F33) -> 31 | W15: =SUM(G30:G33) -> 1 | X15: =SUM(H30:H33) -> 0 | Y15: =SUM(I30:I33) -> 8 | Z15: =SUM(J30:J33) -> 1 | ... AF15: =SUM(P30:P33) -> 181
B16: 08.30 - 08.45 | C16: 1 | D16: 0 | E16: 1 | F16: 8 | G16: 1 | H16: 0 | I16: 1 | J16: 0 | K16: 0 | L16: =SUM('[1]RD4 MCC'!R252:U252) -> 0 | M16: 60 | N16: 0 | O16: =SUM(C16:L16,N16) -> 12 | P16: =SUM(C16:N16) -> 72 | R16: 1300-1400 | S16: =SUM(C34:C37) -> 10 | T16: =SUM(D34:D37) -> 2 | U16: =SUM(E34:E37) -> 12 | V16: =SUM(F34:F37) -> 36 | W16: =SUM(G34:G37) -> 1 | X16: =SUM(H34:H37) -> 0 | Y16: =SUM(I34:I37) -> 9 | Z16: =SUM(J34:J37) -> 1 | ... AF16: =SUM(P34:P37) -> 199
B17: 08.45 - 9.00 | C17: 4 | D17: 0 | E17: 1 | F17: 13 | G17: 2 | H17: 1 | I17: 3 | J17: 0 | K17: 0 | L17: =SUM('[1]RD4 MCC'!R253:U253) -> 0 | M17: 48 | N17: 0 | O17: =SUM(C17:L17,N17) -> 24 | P17: =SUM(C17:N17) -> 72 | R17: 1400-1500 | S17: =SUM(C38:C41) -> 13 | T17: =SUM(D38:D41) -> 4 | U17: =SUM(E38:E41) -> 15 | V17: =SUM(F38:F41) -> 35 | W17: =SUM(G38:G41) -> 2 | X17: =SUM(H38:H41) -> 0 | Y17: =SUM(I38:I41) -> 14 | Z17: =SUM(J38:J41) -> 3 | ... AF17: =SUM(P38:P41) -> 208
B18: 09.00 - 09.15 | C18: 3 | D18: 1 | E18: 4 | F18: 10 | G18: 1 | H18: 0 | I18: 6 | J18: 0 | K18: 0 | L18: =SUM('[1]RD4 MCC'!R254:U254) -> 0 | M18: 44 | N18: 0 | O18: =SUM(C18:L18,N18) -> 25 | P18: =SUM(C18:N18) -> 69 | R18: 1500-1600 | S18: =SUM(C42:C45) -> 13 | T18: =SUM(D42:D45) -> 3 | U18: =SUM(E42:E45) -> 11 | V18: =SUM(F42:F45) -> 35 | W18: =SUM(G42:G45) -> 3 | X18: =SUM(H42:H45) -> 0 | Y18: =SUM(I42:I45) -> 10 | Z18: =SUM(J42:J45) -> 0 | ... AF18: =SUM(P42:P45) -> 215
B19: 09.15 - 09.30 | C19: 4 | D19: 0 | E19: 3 | F19: 9 | G19: 3 | H19: 0 | I19: 1 | J19: 0 | K19: 0 | L19: =SUM('[1]RD4 MCC'!R255:U255) -> 0 | M19: 54 | N19: 0 | O19: =SUM(C19:L19,N19) -> 20 | P19: =SUM(C19:N19) -> 74 | R19: 1600-1700 | S19: =SUM(C46:C49) -> 19 | T19: =SUM(D46:D49) -> 4 | U19: =SUM(E46:E49) -> 17 | V19: =SUM(F46:F49) -> 41 | W19: =SUM(G46:G49) -> 2 | X19: =SUM(H46:H49) -> 0 | Y19: =SUM(I46:I49) -> 12 | Z19: =SUM(J46:J49) -> 1 | ... AF19: =SUM(P46:P49) -> 259
B20: 09.30 - 09.45 | C20: 4 | D20: 0 | E20: 1 | F20: 10 | G20: 2 | H20: 0 | I20: 0 | J20: 0 | K20: 0 | L20: =SUM('[1]RD4 MCC'!R256:U256) -> 0 | M20: 45 | N20: 0 | O20: =SUM(C20:L20,N20) -> 17 | P20: =SUM(C20:N20) -> 62 | R20: 1700-1800 | S20: =SUM(C50:C53) -> 20 | T20: =SUM(D50:D53) -> 3 | U20: =SUM(E50:E53) -> 13 | V20: =SUM(F50:F53) -> 48 | W20: =SUM(G50:G53) -> 6 | X20: =SUM(H50:H53) -> 0 | Y20: =SUM(I50:I53) -> 22 | Z20: =SUM(J50:J53) -> 1 | ... AF20: =SUM(P50:P53) -> 265
B21: 09.45 - 10.00 | C21: 6 | D21: 2 | E21: 6 | F21: 17 | G21: 1 | H21: 0 | I21: 2 | J21: 1 | K21: 0 | L21: =SUM('[1]RD4 MCC'!R257:U257) -> 0 | M21: 33 | N21: 0 | O21: =SUM(C21:L21,N21) -> 35 | P21: =SUM(C21:N21) -> 68 | R21: 1800-1900 | S21: =SUM(C54:C57) -> 31 | T21: =SUM(D54:D57) -> 4 | U21: =SUM(E54:E57) -> 16 | V21: =SUM(F54:F57) -> 43 | W21: =SUM(G54:G57) -> 20 | X21: =SUM(H54:H57) -> 0 | Y21: =SUM(I54:I57) -> 15 | Z21: =SUM(J54:J57) -> 5 | ... AF21: =SUM(P54:P57) -> 316
B22: 10.00 - 10.15 | C22: 4 | D22: 0 | E22: 2 | F22: 7 | G22: 1 | H22: 0 | I22: 2 | J22: 0 | K22: 0 | L22: =SUM('[1]RD4 MCC'!R258:U258) -> 0 | M22: 45 | N22: 0 | O22: =SUM(C22:L22,N22) -> 16 | P22: =SUM(C22:N22) -> 61 | R22: AM Peak Hr | S22: =MAX(S10:S12) -> 17 | T22: =MAX(T10:T12) -> 3 | U22: =MAX(U10:U12) -> 14 | V22: =MAX(V10:V12) -> 46 | W22: =MAX(W10:W12) -> 17 | X22: =MAX(X10:X12) -> 2 | Y22: =MAX(Y10:Y12) -> 11 | Z22: =MAX(Z10:Z12) -> 1 | ... AF22: =MAX(AF10:AF12) -> 306
B23: 10.15 - 10.30 | C23: 3 | D23: 0 | E23: 1 | F23: 9 | G23: 0 | H23: 0 | I23: 2 | J23: 0 | K23: 0 | L23: =SUM('[1]RD4 MCC'!R259:U259) -> 0 | M23: 27 | N23: 0 | O23: =SUM(C23:L23,N23) -> 15 | P23: =SUM(C23:N23) -> 42 | R23: IP Peak Hr | S23: =MAX(S13:S18) -> 16 | T23: =MAX(T13:T18) -> 4 | U23: =MAX(U13:U18) -> 15 | V23: =MAX(V13:V18) -> 37 | W23: =MAX(W13:W18) -> 3 | X23: =MAX(X13:X18) -> 1 | Y23: =MAX(Y13:Y18) -> 14 | Z23: =MAX(Z13:Z18) -> 3 | ... AF23: =MAX(AF13:AF18) -> 215
B24: 10.30 - 10.45 | C24: 3 | D24: 0 | E24: 2 | F24: 9 | G24: 0 | H24: 0 | I24: 1 | J24: 0 | K24: 0 | L24: =SUM('[1]RD4 MCC'!R260:U260) -> 0 | M24: 23 | N24: 0 | O24: =SUM(C24:L24,N24) -> 15 | P24: =SUM(C24:N24) -> 38 | R24: PM Peak Hr | S24: =MAX(S19:S21) -> 31 | T24: =MAX(T19:T21) -> 4 | U24: =MAX(U19:U21) -> 17 | V24: =MAX(V19:V21) -> 48 | W24: =MAX(W19:W21) -> 20 | X24: =MAX(X19:X21) -> 0 | Y24: =MAX(Y19:Y21) -> 22 | Z24: =MAX(Z19:Z21) -> 5 | ... AF24: =MAX(AF19:AF21) -> 316
B25: 10.45 - 11.00 | C25: 6 | D25: 0 | E25: 2 | F25: 10 | G25: 0 | H25: 1 | I25: 3 | J25: 0 | K25: 0 | L25: =SUM('[1]RD4 MCC'!R261:U261) -> 0 | M25: 31 | N25: 0 | O25: =SUM(C25:L25,N25) -> 22 | P25: =SUM(C25:N25) -> 53 | R25: AM Period | S25: =SUM(S10:S12) -> 41 | T25: =SUM(T10:T12) -> 3 | U25: =SUM(U10:U12) -> 26 | V25: =SUM(V10:V12) -> 116 | W25: =SUM(W10:W12) -> 33 | X25: =SUM(X10:X12) -> 3 | Y25: =SUM(Y10:Y12) -> 27 | Z25: =SUM(Z10:Z12) -> 2 | ... AF25: =SUM(AF10:AF12) -> 858
B26: 11.00 - 11.15 | C26: 1 | D26: 1 | E26: 5 | F26: 19 | G26: 0 | H26: 0 | I26: 2 | J26: 0 | K26: 0 | L26: =SUM('[1]RD4 MCC'!R262:U262) -> 0 | M26: 52 | N26: 0 | O26: =SUM(C26:L26,N26) -> 28 | P26: =SUM(C26:N26) -> 80 | R26: IP Period | S26: =SUM(S13:S18) -> 73 | T26: =SUM(T13:T18) -> 11 | U26: =SUM(U13:U18) -> 65 | V26: =SUM(V13:V18) -> 209 | W26: =SUM(W13:W18) -> 9 | X26: =SUM(X13:X18) -> 1 | Y26: =SUM(Y13:Y18) -> 57 | Z26: =SUM(Z13:Z18) -> 6 | ... AF26: =SUM(AF13:AF18) -> 1206
B27: 11.15 - 11.30 | C27: 2 | D27: 0 | E27: 2 | F27: 5 | G27: 0 | H27: 0 | I27: 1 | J27: 0 | K27: 0 | L27: =SUM('[1]RD4 MCC'!R263:U263) -> 0 | M27: 25 | N27: 0 | O27: =SUM(C27:L27,N27) -> 10 | P27: =SUM(C27:N27) -> 35 | R27: PM Period | S27: =SUM(S19:S21) -> 70 | T27: =SUM(T19:T21) -> 11 | U27: =SUM(U19:U21) -> 46 | V27: =SUM(V19:V21) -> 132 | W27: =SUM(W19:W21) -> 28 | X27: =SUM(X19:X21) -> 0 | Y27: =SUM(Y19:Y21) -> 49 | Z27: =SUM(Z19:Z21) -> 7 | ... AF27: =SUM(AF19:AF21) -> 840
B28: 11.30 - 11.45 | C28: 5 | D28: 0 | E28: 2 | F28: 5 | G28: 1 | H28: 0 | I28: 1 | J28: 0 | K28: 0 | L28: =SUM('[1]RD4 MCC'!R264:U264) -> 0 | M28: 32 | N28: 0 | O28: =SUM(C28:L28,N28) -> 14 | P28: =SUM(C28:N28) -> 46 | R28: 12 Hours | S28: =SUM(S10:S21) -> 184 | T28: =SUM(T10:T21) -> 25 | U28: =SUM(U10:U21) -> 137 | V28: =SUM(V10:V21) -> 457 | W28: =SUM(W10:W21) -> 70 | X28: =SUM(X10:X21) -> 4 | Y28: =SUM(Y10:Y21) -> 133 | Z28: =SUM(Z10:Z21) -> 15 | ... AF28: =SUM(AF10:AF21) -> 2904
B29: 11.45 - 12.00 | C29: 2 | D29: 0 | E29: 3 | F29: 8 | G29: 0 | H29: 0 | I29: 4 | J29: 1 | K29: 0 | L29: =SUM('[1]RD4 MCC'!R265:U265) -> 0 | M29: 30 | N29: 0 | O29: =SUM(C29:L29,N29) -> 18 | P29: =SUM(C29:N29) -> 48
B30: 12.00 - 12.15 | C30: 4 | D30: 1 | E30: 4 | F30: 10 | G30: 0 | H30: 0 | I30: 0 | J30: 1 | K30: 0 | L30: =SUM('[1]RD4 MCC'!R266:U266) -> 0 | M30: 30 | N30: 0 | O30: =SUM(C30:L30,N30) -> 20 | P30: =SUM(C30:N30) -> 50
B31: 12.15 - 12.30 | C31: 2 | D31: 0 | E31: 0 | F31: 12 | G31: 1 | H31: 0 | I31: 5 | J31: 0 | K31: 0 | L31: =SUM('[1]RD4 MCC'!R267:U267) -> 0 | M31: 45 | N31: 0 | O31: =SUM(C31:L31,N31) -> 20 | P31: =SUM(C31:N31) -> 65
B32: 12.30 - 12.45 | C32: 3 | D32: 0 | E32: 1 | F32: 4 | G32: 0 | H32: 0 | I32: 1 | J32: 0 | K32: 0 | L32: =SUM('[1]RD4 MCC'!R268:U268) -> 0 | M32: 13 | N32: 0 | O32: =SUM(C32:L32,N32) -> 9 | P32: =SUM(C32:N32) -> 22
B33: 12.45 - 13.00 | C33: 2 | D33: 0 | E33: 3 | F33: 5 | G33: 0 | H33: 0 | I33: 2 | J33: 0 | K33: 0 | L33: =SUM('[1]RD4 MCC'!R269:U269) -> 0 | M33: 32 | N33: 0 | O33: =SUM(C33:L33,N33) -> 12 | P33: =SUM(C33:N33) -> 44
B34: 13.00 - 13.15 | C34: 1 | D34: 0 | E34: 2 | F34: 11 | G34: 0 | H34: 0 | I34: 1 | J34: 0 | K34: 0 | L34: =SUM('[1]RD4 MCC'!R270:U270) -> 0 | M34: 25 | N34: 0 | O34: =SUM(C34:L34,N34) -> 15 | P34: =SUM(C34:N34) -> 40
B35: 13.15 - 13.30 | C35: 0 | D35: 1 | E35: 3 | F35: 12 | G35: 0 | H35: 0 | I35: 3 | J35: 0 | K35: 0 | L35: =SUM('[1]RD4 MCC'!R271:U271) -> 0 | M35: 29 | N35: 0 | O35: =SUM(C35:L35,N35) -> 19 | P35: =SUM(C35:N35) -> 48
B36: 13.30 - 13.45 | C36: 6 | D36: 1 | E36: 4 | F36: 7 | G36: 0 | H36: 0 | I36: 1 | J36: 0 | K36: 0 | L36: =SUM('[1]RD4 MCC'!R272:U272) -> 0 | M36: 32 | N36: 0 | O36: =SUM(C36:L36,N36) -> 19 | P36: =SUM(C36:N36) -> 51
B37: 13.45 - 14.00 | C37: 3 | D37: 0 | E37: 3 | F37: 6 | G37: 1 | H37: 0 | I37: 4 | J37: 1 | K37: 0 | L37: =SUM('[1]RD4 MCC'!R273:U273) -> 0 | M37: 42 | N37: 0 | O37: =SUM(C37:L37,N37) -> 18 | P37: =SUM(C37:N37) -> 60
B38: 14.00 - 14.15 | C38: 6 | D38: 0 | E38: 2 | F38: 9 | G38: 0 | H38: 0 | I38: 4 | J38: 2 | K38: 0 | L38: =SUM('[1]RD4 MCC'!R274:U274) -> 0 | M38: 39 | N38: 0 | O38: =SUM(C38:L38,N38) -> 23 | P38: =SUM(C38:N38) -> 62
B39: 14.15 - 14.30 | C39: 3 | D39: 2 | E39: 6 | F39: 11 | G39: 0 | H39: 0 | I39: 2 | J39: 0 | K39: 0 | L39: =SUM('[1]RD4 MCC'!R275:U275) -> 0 | M39: 25 | N39: 0 | O39: =SUM(C39:L39,N39) -> 24 | P39: =SUM(C39:N39) -> 49
B40: 14.30 - 14.45 | C40: 1 | D40: 1 | E40: 3 | F40: 8 | G40: 1 | H40: 0 | I40: 5 | J40: 1 | K40: 0 | L40: =SUM('[1]RD4 MCC'!R276:U276) -> 0 | M40: 28 | N40: 0 | O40: =SUM(C40:L40,N40) -> 20 | P40: =SUM(C40:N40) -> 48
... B57: 18.45 - 19.00 | C57: 6 | D57: 1 | E57: 4 | F57: 6 | G57: 3 | H57: 0 | I57: 4 | J57: 2 | K57: 0 | L57: =SUM('[1]RD4 MCC'!R293:U293) -> 0 | M57: 44 | N57: 0 | O57: =SUM(C57:L57,N57) -> 26 | P57: =SUM(C57:N57) -> 70
B58: Totals | C58: =SUM(C10:C57) -> 184 | D58: =SUM(D10:D57) -> 25 | E58: =SUM(E10:E57) -> 137 | F58: =SUM(F10:F57) -> 457 | G58: =SUM(G10:G57) -> 70 | H58: =SUM(H10:H57) -> 4 | I58: =SUM(I10:I57) -> 133 | J58: =SUM(J10:J57) -> 15 | ... P58: =SUM(P10:P57) -> 2904
B59: %ges + MCs | C59: =C58/$P$58 -> 0.063360882 | D59: =D58/$P$58 -> 0.0086088154 | E59: =E58/$P$58 -> 0.047176309 | F59: =F58/$P$58 -> 0.15736915 | G59: =G58/$P$58 -> 0.024104683 | H59: =H58/$P$58 -> 0.0013774105 | I59: =I58/$P$58 -> 0.045798898 | J59: =J58/$P$58 -> 0.0051652893 | ... N59: =N58/$P$58 -> 0.00034435262
B60: %ges w/o MCs | C60: =C58/$O$58 -> 0.17881438 | D60: =D58/$O$58 -> 0.024295432 | E60: =E58/$O$58 -> 0.13313897 | F60: =F58/$O$58 -> 0.44412051 | G60: =G58/$O$58 -> 0.068027211 | H60: =H58/$O$58 -> 0.0038872692 | I60: =I58/$O$58 -> 0.1292517 | J60: =J58/$O$58 -> 0.014577259 | ... L60: =L58/$O$58 -> 0 | N60: =N58/$O$58 -> 0.0009718173

Sheet 14.08 Jinja-Buwenge
B1: Consultancy services for Preparation of Expressway Development Master Plan (EDMP) for Uganda
B2: MANUAL CLASSIFIED COUNT (MCC)
B3: ROAD NAME: | C3: ='12.08 Jinja-Buwenge'!C3:G3 -> MCC - C3b - STN93 - Jinja-Buwenge ROAD
C5: Date | D5: ='14.08 Buwenge-Jinja'!D5 -> 14.08.19 | F5: Location | G5: ='12.08 Buwenge-Jinja'!G5:H5 -> xxx | J5: Surveyor | K5: ='12.08 Buwenge-Jinja'!K5:L5 -> xxx
C6: Dir. From | D6: ='12.08 Jinja-Buwenge'!D6:E6 -> Jinja | F6: Dir. To | G6: ='12.08 Jinja-Buwenge'!G6:H6 -> Buwenge | J6: Supervisor | K6: ='12.08 Buwenge-Jinja'!K6:L6 -> xxx
B8: Time / Veh Type | R8: SUMMARY TRAFFIC VOLUMES
C9: 1. Car | D9: 2. Station Wagon | E9: 3. Pickups | F9: 4. Minibus, matatu | G9: 5. Medium bus | H9: 6. Large Bus | I9: 7. Light Truck | J9: 8. Medium Truck | K9: 9. Heavy truck | L9: 10. Truck Trailer | M9: 11. Motor cycles | N9: 12. Tractors | O9: Total Excl M/Cycles | P9: Total All | R9: Time | S9: 1. Car | T9: 2. Station Wagon | U9: 3. Pickups | V9: 4. Minibus, matatu | W9: 5. Medium bus | X9: 6. Large Bus | Y9: 7. Light Truck | Z9: 8. Medium Truck | AA9: 9. Heavy truck | AB9: 10. Truck Trailer | AC9: 11. Motorcycles | AD9: 12. Tractors, Graders | AE9: Total Excl M/ Cycles | AF9: Total All
B10: 07.00 - 07.15 | C10: 5 | D10: 1 | E10: 3 | F10: 10 | G10: 7 | H10: 0 | I10: 2 | J10: 0 | K10: 0 | L10: =SUM('[1]RD4 MCC'!R198:U198) -> 0 | M10: 24 | N10: 0 | O10: =SUM(C10:L10,N10) -> 28 | P10: =SUM(C10:N10) -> 52 | R10: 0700-0800 | S10: =SUM(C10:C13) -> 15 | T10: =SUM(D10:D13) -> 1 | U10: =SUM(E10:E13) -> 5 | V10: =SUM(F10:F13) -> 29 | W10: =SUM(G10:G13) -> 18 | X10: =SUM(H10:H13) -> 0 | Y10: =SUM(I10:I13) -> 6 | Z10: =SUM(J10:J13) -> 0 | ... AF10: =SUM(P10:P13) -> 181
B11: 07.15 - 07.30 | C11: 5 | D11: 0 | E11: 0 | F11: 5 | G11: 6 | H11: 0 | I11: 2 | J11: 0 | K11: 0 | L11: =SUM('[1]RD4 MCC'!R199:U199) -> 0 | M11: 28 | N11: 0 | O11: =SUM(C11:L11,N11) -> 18 | P11: =SUM(C11:N11) -> 46 | R11: 0800-0900 | S11: =SUM(C14:C17) -> 11 | T11: =SUM(D14:D17) -> 2 | U11: =SUM(E14:E17) -> 11 | V11: =SUM(F14:F17) -> 34 | W11: =SUM(G14:G17) -> 9 | X11: =SUM(H14:H17) -> 0 | Y11: =SUM(I14:I17) -> 12 | Z11: =SUM(J14:J17) -> 2 | ... AF11: =SUM(P14:P17) -> 212
B12: 07.30 - 07.45 | C12: 2 | D12: 0 | E12: 2 | F12: 6 | G12: 1 | H12: 0 | I12: 2 | J12: 0 | K12: 0 | L12: =SUM('[1]RD4 MCC'!R200:U200) -> 0 | M12: 25 | N12: 0 | O12: =SUM(C12:L12,N12) -> 13 | P12: =SUM(C12:N12) -> 38 | R12: 0900-1000 | S12: =SUM(C18:C21) -> 19 | T12: =SUM(D18:D21) -> 1 | U12: =SUM(E18:E21) -> 11 | V12: =SUM(F18:F21) -> 48 | W12: =SUM(G18:G21) -> 5 | X12: =SUM(H18:H21) -> 0 | Y12: =SUM(I18:I21) -> 13 | Z12: =SUM(J18:J21) -> 3 | ... AF12: =SUM(P18:P21) -> 274
B13: 07.45 - 08.00 | C13: 3 | D13: 0 | E13: 0 | F13: 8 | G13: 4 | H13: 0 | I13: 0 | J13: 0 | K13: 0 | L13: =SUM('[1]RD4 MCC'!R201:U201) -> 0 | M13: 30 | N13: 0 | O13: =SUM(C13:L13,N13) -> 15 | P13: =SUM(C13:N13) -> 45 | R13: 1000-1100 | S13: =SUM(C22:C25) -> 24 | T13: =SUM(D22:D25) -> 1 | U13: =SUM(E22:E25) -> 10 | V13: =SUM(F22:F25) -> 42 | W13: =SUM(G22:G25) -> 0 | X13: =SUM(H22:H25) -> 0 | Y13: =SUM(I22:I25) -> 11 | Z13: =SUM(J22:J25) -> 0 | ... AF13: =SUM(P22:P25) -> 217
B14: 08.00 - 08.15 | C14: 2 | D14: 0 | E14: 3 | F14: 8 | G14: 3 | H14: 0 | I14: 6 | J14: 1 | K14: 0 | L14: =SUM('[1]RD4 MCC'!R202:U202) -> 0 | M14: 33 | N14: 0 | O14: =SUM(C14:L14,N14) -> 23 | P14: =SUM(C14:N14) -> 56 | R14: 1100-1200 | S14: =SUM(C26:C29) -> 13 | T14: =SUM(D26:D29) -> 3 | U14: =SUM(E26:E29) -> 12 | V14: =SUM(F26:F29) -> 45 | W14: =SUM(G26:G29) -> 2 | X14: =SUM(H26:H29) -> 0 | Y14: =SUM(I26:I29) -> 15 | Z14: =SUM(J26:J29) -> 0 | ... AF14: =SUM(P26:P29) -> 263
B15: 08.15 - 08.30 | C15: 3 | D15: 0 | E15: 2 | F15: 11 | G15: 2 | H15: 0 | I15: 1 | J15: 1 | K15: 0 | L15: =SUM('[1]RD4 MCC'!R203:U203) -> 0 | M15: 25 | N15: 0 | O15: =SUM(C15:L15,N15) -> 20 | P15: =SUM(C15:N15) -> 45 | R15: 1200-1300 | S15: =SUM(C30:C33) -> 27 | T15: =SUM(D30:D33) -> 3 | U15: =SUM(E30:E33) -> 14 | V15: =SUM(F30:F33) -> 36 | W15: =SUM(G30:G33) -> 2 | X15: =SUM(H30:H33) -> 0 | Y15: =SUM(I30:I33) -> 7 | Z15: =SUM(J30:J33) -> 1 | ... AF15: =SUM(P30:P33) -> 246
B16: 08.30 - 08.45 | C16: 5 | D16: 2 | E16: 6 | F16: 10 | G16: 0 | H16: 0 | I16: 2 | J16: 0 | K16: 0 | L16: =SUM('[1]RD4 MCC'!R204:U204) -> 0 | M16: 35 | N16: 0 | O16: =SUM(C16:L16,N16) -> 25 | P16: =SUM(C16:N16) -> 60 | R16: 1300-1400 | S16: =SUM(C34:C37) -> 17 | T16: =SUM(D34:D37) -> 0 | U16: =SUM(E34:E37) -> 11 | V16: =SUM(F34:F37) -> 43 | W16: =SUM(G34:G37) -> 2 | X16: =SUM(H34:H37) -> 1 | Y16: =SUM(I34:I37) -> 10 | Z16: =SUM(J34:J37) -> 2 | ... AF16: =SUM(P34:P37) -> 242
B17: 08.45 - 9.00 | C17: 1 | D17: 0 | E17: 0 | F17: 5 | G17: 4 | H17: 0 | I17: 3 | J17: 0 | K17: 0 | L17: =SUM('[1]RD4 MCC'!R205:U205) -> 0 | M17: 38 | N17: 0 | O17: =SUM(C17:L17,N17) -> 13 | P17: =SUM(C17:N17) -> 51 | R17: 1400-1500 | S17: =SUM(C38:C41) -> 21 | T17: =SUM(D38:D41) -> 2 | U17: =SUM(E38:E41) -> 13 | V17: =SUM(F38:F41) -> 51 | W17: =SUM(G38:G41) -> 3 | X17: =SUM(H38:H41) -> 2 | Y17: =SUM(I38:I41) -> 6 | Z17: =SUM(J38:J41) -> 3 | ... AF17: =SUM(P38:P41) -> 248
B18: 09.00 - 09.15 | C18: 4 | D18: 0 | E18: 2 | F18: 5 | G18: 1 | H18: 0 | I18: 3 | J18: 0 | K18: 0 | L18: =SUM('[1]RD4 MCC'!R206:U206) -> 0 | M18: 48 | N18: 0 | O18: =SUM(C18:L18,N18) -> 15 | P18: =SUM(C18:N18) -> 63 | R18: 1500-1600 | S18: =SUM(C42:C45) -> 22 | T18: =SUM(D42:D45) -> 1 | U18: =SUM(E42:E45) -> 8 | V18: =SUM(F42:F45) -> 41 | W18: =SUM(G42:G45) -> 4 | X18: =SUM(H42:H45) -> 0 | Y18: =SUM(I42:I45) -> 13 | Z18: =SUM(J42:J45) -> 0 | ... AF18: =SUM(P42:P45) -> 243
B19: 09.15 - 09.30 | C19: 4 | D19: 1 | E19: 5 | F19: 16 | G19: 0 | H19: 0 | I19: 3 | J19: 2 | K19: 0 | L19: =SUM('[1]RD4 MCC'!R207:U207) -> 0 | M19: 43 | N19: 0 | O19: =SUM(C19:L19,N19) -> 31 | P19: =SUM(C19:N19) -> 74 | R19: 1600-1700 | S19: =SUM(C46:C49) -> 19 | T19: =SUM(D46:D49) -> 1 | U19: =SUM(E46:E49) -> 10 | V19: =SUM(F46:F49) -> 41 | W19: =SUM(G46:G49) -> 2 | X19: =SUM(H46:H49) -> 1 | Y19: =SUM(I46:I49) -> 10 | Z19: =SUM(J46:J49) -> 1 | ... AF19: =SUM(P46:P49) -> 234
B20: 09.30 - 09.45 | C20: 6 | D20: 0 | E20: 1 | F20: 11 | G20: 3 | H20: 0 | I20: 2 | J20: 1 | K20: 0 | L20: =SUM('[1]RD4 MCC'!R208:U208) -> 0 | M20: 36 | N20: 0 | O20: =SUM(C20:L20,N20) -> 24 | P20: =SUM(C20:N20) -> 60 | R20: 1700-1800 | S20: =SUM(C50:C53) -> 25 | T20: =SUM(D50:D53) -> 2 | U20: =SUM(E50:E53) -> 11 | V20: =SUM(F50:F53) -> 40 | W20: =SUM(G50:G53) -> 8 | X20: =SUM(H50:H53) -> 0 | Y20: =SUM(I50:I53) -> 15 | Z20: =SUM(J50:J53) -> 0 | ... AF20: =SUM(P50:P53) -> 305
B21: 09.45 - 10.00 | C21: 5 | D21: 0 | E21: 3 | F21: 16 | G21: 1 | H21: 0 | I21: 5 | J21: 0 | K21: 0 | L21: =SUM('[1]RD4 MCC'!R209:U209) -> 0 | M21: 47 | N21: 0 | O21: =SUM(C21:L21,N21) -> 30 | P21: =SUM(C21:N21) -> 77 | R21: 1800-1900 | S21: =SUM(C54:C57) -> 26 | T21: =SUM(D54:D57) -> 3 | U21: =SUM(E54:E57) -> 11 | V21: =SUM(F54:F57) -> 40 | W21: =SUM(G54:G57) -> 14 | X21: =SUM(H54:H57) -> 0 | Y21: =SUM(I54:I57) -> 2 | Z21: =SUM(J54:J57) -> 1 | ... AF21: =SUM(P54:P57) -> 271
B22: 10.00 - 10.15 | C22: 9 | D22: 0 | E22: 2 | F22: 11 | G22: 0 | H22: 0 | I22: 5 | J22: 0 | K22: 0 | L22: =SUM('[1]RD4 MCC'!R210:U210) -> 0 | M22: 35 | N22: 0 | O22: =SUM(C22:L22,N22) -> 27 | P22: =SUM(C22:N22) -> 62 | R22: AM Peak Hr | S22: =MAX(S10:S12) -> 19 | T22: =MAX(T10:T12) -> 2 | U22: =MAX(U10:U12) -> 11 | V22: =MAX(V10:V12) -> 48 | W22: =MAX(W10:W12) -> 18 | X22: =MAX(X10:X12) -> 0 | Y22: =MAX(Y10:Y12) -> 13 | Z22: =MAX(Z10:Z12) -> 3 | ... AF22: =MAX(AF10:AF12) -> 274
B23: 10.15 - 10.30 | C23: 1 | D23: 0 | E23: 1 | F23: 9 | G23: 0 | H23: 0 | I23: 0 | J23: 0 | K23: 0 | L23: =SUM('[1]RD4 MCC'!R211:U211) -> 0 | M23: 15 | N23: 0 | O23: =SUM(C23:L23,N23) -> 11 | P23: =SUM(C23:N23) -> 26 | R23: IP Peak Hr | S23: =MAX(S13:S18) -> 27 | T23: =MAX(T13:T18) -> 3 | U23: =MAX(U13:U18) -> 14 | V23: =MAX(V13:V18) -> 51 | W23: =MAX(W13:W18) -> 4 | X23: =MAX(X13:X18) -> 2 | Y23: =MAX(Y13:Y18) -> 15 | Z23: =MAX(Z13:Z18) -> 3 | ... AF23: =MAX(AF13:AF18) -> 263
B24: 10.30 - 10.45 | C24: 8 | D24: 0 | E24: 3 | F24: 11 | G24: 0 | H24: 0 | I24: 4 | J24: 0 | K24: 0 | L24: =SUM('[1]RD4 MCC'!R212:U212) -> 0 | M24: 37 | N24: 0 | O24: =SUM(C24:L24,N24) -> 26 | P24: =SUM(C24:N24) -> 63 | R24: PM Peak Hr | S24: =MAX(S19:S21) -> 26 | T24: =MAX(T19:T21) -> 3 | U24: =MAX(U19:U21) -> 11 | V24: =MAX(V19:V21) -> 41 | W24: =MAX(W19:W21) -> 14 | X24: =MAX(X19:X21) -> 1 | Y24: =MAX(Y19:Y21) -> 15 | Z24: =MAX(Z19:Z21) -> 1 | ... AF24: =MAX(AF19:AF21) -> 305
B25: 10.45 - 11.00 | C25: 6 | D25: 1 | E25: 4 | F25: 11 | G25: 0 | H25: 0 | I25: 2 | J25: 0 | K25: 0 | L25: =SUM('[1]RD4 MCC'!R213:U213) -> 0 | M25: 42 | N25: 0 | O25: =SUM(C25:L25,N25) -> 24 | P25: =SUM(C25:N25) -> 66 | R25: AM Period | S25: =SUM(S10:S12) -> 45 | T25: =SUM(T10:T12) -> 4 | U25: =SUM(U10:U12) -> 27 | V25: =SUM(V10:V12) -> 111 | W25: =SUM(W10:W12) -> 32 | X25: =SUM(X10:X12) -> 0 | Y25: =SUM(Y10:Y12) -> 31 | Z25: =SUM(Z10:Z12) -> 5 | ... AF25: =SUM(AF10:AF12) -> 667
B26: 11.00 - 11.15 | C26: 3 | D26: 1 | E26: 3 | F26: 12 | G26: 0 | H26: 0 | I26: 2 | J26: 0 | K26: 0 | L26: =SUM('[1]RD4 MCC'!R214:U214) -> 0 | M26: 37 | N26: 0 | O26: =SUM(C26:L26,N26) -> 21 | P26: =SUM(C26:N26) -> 58 | R26: IP Period | S26: =SUM(S13:S18) -> 124 | T26: =SUM(T13:T18) -> 10 | U26: =SUM(U13:U18) -> 68 | V26: =SUM(V13:V18) -> 258 | W26: =SUM(W13:W18) -> 13 | X26: =SUM(X13:X18) -> 3 | Y26: =SUM(Y13:Y18) -> 62 | Z26: =SUM(Z13:Z18) -> 6 | ... AF26: =SUM(AF13:AF18) -> 1459
B27: 11.15 - 11.30 | C27: 5 | D27: 1 | E27: 3 | F27: 9 | G27: 1 | H27: 0 | I27: 8 | J27: 0 | K27: 0 | L27: =SUM('[1]RD4 MCC'!R215:U215) -> 0 | M27: 42 | N27: 0 | O27: =SUM(C27:L27,N27) -> 27 | P27: =SUM(C27:N27) -> 69 | R27: PM Period | S27: =SUM(S19:S21) -> 70 | T27: =SUM(T19:T21) -> 6 | U27: =SUM(U19:U21) -> 32 | V27: =SUM(V19:V21) -> 121 | W27: =SUM(W19:W21) -> 24 | X27: =SUM(X19:X21) -> 1 | Y27: =SUM(Y19:Y21) -> 27 | Z27: =SUM(Z19:Z21) -> 2 | ... AF27: =SUM(AF19:AF21) -> 810
B28: 11.30 - 11.45 | C28: 3 | D28: 1 | E28: 4 | F28: 15 | G28: 0 | H28: 0 | I28: 3 | J28: 0 | K28: 1 | L28: =SUM('[1]RD4 MCC'!R216:U216) -> 0 | M28: 44 | N28: 0 | O28: =SUM(C28:L28,N28) -> 27 | P28: =SUM(C28:N28) -> 71 | R28: 12 Hours | S28: =SUM(S10:S21) -> 239 | T28: =SUM(T10:T21) -> 20 | U28: =SUM(U10:U21) -> 127 | V28: =SUM(V10:V21) -> 490 | W28: =SUM(W10:W21) -> 69 | X28: =SUM(X10:X21) -> 4 | Y28: =SUM(Y10:Y21) -> 120 | Z28: =SUM(Z10:Z21) -> 13 | ... AF28: =SUM(AF10:AF21) -> 2936
B29: 11.45 - 12.00 | C29: 2 | D29: 0 | E29: 2 | F29: 9 | G29: 1 | H29: 0 | I29: 2 | J29: 0 | K29: 0 | L29: =SUM('[1]RD4 MCC'!R217:U217) -> 0 | M29: 49 | N29: 0 | O29: =SUM(C29:L29,N29) -> 16 | P29: =SUM(C29:N29) -> 65
B30: 12.00 - 12.15 | C30: 11 | D30: 1 | E30: 4 | F30: 6 | G30: 0 | H30: 0 | I30: 2 | J30: 1 | K30: 0 | L30: =SUM('[1]RD4 MCC'!R218:U218) -> 0 | M30: 44 | N30: 0 | O30: =SUM(C30:L30,N30) -> 25 | P30: =SUM(C30:N30) -> 69
B31: 12.15 - 12.30 | C31: 6 | D31: 0 | E31: 2 | F31: 15 | G31: 1 | H31: 0 | I31: 2 | J31: 0 | K31: 0 | L31: =SUM('[1]RD4 MCC'!R219:U219) -> 0 | M31: 38 | N31: 0 | O31: =SUM(C31:L31,N31) -> 26 | P31: =SUM(C31:N31) -> 64
B32: 12.30 - 12.45 | C32: 5 | D32: 1 | E32: 4 | F32: 7 | G32: 0 | H32: 0 | I32: 3 | J32: 0 | K32: 0 | L32: =SUM('[1]RD4 MCC'!R220:U220) -> 0 | M32: 31 | N32: 0 | O32: =SUM(C32:L32,N32) -> 20 | P32: =SUM(C32:N32) -> 51
B33: 12.45 - 13.00 | C33: 5 | D33: 1 | E33: 4 | F33: 8 | G33: 1 | H33: 0 | I33: 0 | J33: 0 | K33: 0 | L33: =SUM('[1]RD4 MCC'!R221:U221) -> 0 | M33: 43 | N33: 0 | O33: =SUM(C33:L33,N33) -> 19 | P33: =SUM(C33:N33) -> 62
B34: 13.00 - 13.15 | C34: 3 | D34: 0 | E34: 3 | F34: 13 | G34: 0 | H34: 0 | I34: 3 | J34: 2 | K34: 0 | L34: =SUM('[1]RD4 MCC'!R222:U222) -> 0 | M34: 35 | N34: 0 | O34: =SUM(C34:L34,N34) -> 24 | P34: =SUM(C34:N34) -> 59
B35: 13.15 - 13.30 | C35: 5 | D35: 0 | E35: 2 | F35: 10 | G35: 0 | H35: 0 | I35: 2 | J35: 0 | K35: 0 | L35: =SUM('[1]RD4 MCC'!R223:U223) -> 0 | M35: 48 | N35: 0 | O35: =SUM(C35:L35,N35) -> 19 | P35: =SUM(C35:N35) -> 67
B36: 13.30 - 13.45 | C36: 4 | D36: 0 | E36: 3 | F36: 9 | G36: 0 | H36: 0 | I36: 5 | J36: 0 | K36: 0 | L36: =SUM('[1]RD4 MCC'!R224:U224) -> 0 | M36: 35 | N36: 0 | O36: =SUM(C36:L36,N36) -> 21 | P36: =SUM(C36:N36) -> 56
B37: 13.45 - 14.00 | C37: 5 | D37: 0 | E37: 3 | F37: 11 | G37: 2 | H37: 1 | I37: 0 | J37: 0 | K37: 1 | L37: =SUM('[1]RD4 MCC'!R225:U225) -> 0 | M37: 37 | N37: 0 | O37: =SUM(C37:L37,N37) -> 23 | P37: =SUM(C37:N37) -> 60
B38: 14.00 - 14.15 | C38: 3 | D38: 1 | E38: 4 | F38: 11 | G38: 1 | H38: 0 | I38: 2 | J38: 0 | K38: 0 | L38: =SUM('[1]RD4 MCC'!R226:U226) -> 0 | M38: 42 | N38: 0 | O38: =SUM(C38:L38,N38) -> 22 | P38: =SUM(C38:N38) -> 64
B39: 14.15 - 14.30 | C39: 5 | D39: 0 | E39: 2 | F39: 13 | G39: 0 | H39: 0 | I39: 1 | J39: 0 | K39: 0 | L39: =SUM('[1]RD4 MCC'!R227:U227) -> 0 | M39: 23 | N39: 0 | O39: =SUM(C39:L39,N39) -> 21 | P39: =SUM(C39:N39) -> 44
B40: 14.30 - 14.45 | C40: 3 | D40: 0 | E40: 3 | F40: 13 | G40: 2 | H40: 1 | I40: 1 | J40: 1 | K40: 0 | L40: =SUM('[1]RD4 MCC'!R228:U228) -> 0 | M40: 38 | N40: 0 | O40: =SUM(C40:L40,N40) -> 24 | P40: =SUM(C40:N40) -> 62
... B57: 18.45 - 19.00 | C57: 9 | D57: 0 | E57: 0 | F57: 10 | G57: 2 | H57: 0 | I57: 1 | J57: 0 | K57: 0 | L57: =SUM('[1]RD4 MCC'!R245:U245) -> 0 | M57: 56 | N57: 0 | O57: =SUM(C57:L57,N57) -> 22 | P57: =SUM(C57:N57) -> 78
B58: Totals | C58: =SUM(C10:C57) -> 239 | D58: =SUM(D10:D57) -> 20 | E58: =SUM(E10:E57) -> 127 | F58: =SUM(F10:F57) -> 490 | G58: =SUM(G10:G57) -> 69 | H58: =SUM(H10:H57) -> 4 | I58: =SUM(I10:I57) -> 120 | J58: =SUM(J10:J57) -> 13 | ... P58: =SUM(P10:P57) -> 2936
B59: %ges + MCs | C59: =C58/$P$58 -> 0.08140327 | D59: =D58/$P$58 -> 0.0068119891 | E59: =E58/$P$58 -> 0.043256131 | F59: =F58/$P$58 -> 0.16689373 | G59: =G58/$P$58 -> 0.023501362 | H59: =H58/$P$58 -> 0.0013623978 | I59: =I58/$P$58 -> 0.040871935 | J59: =J58/$P$58 -> 0.0044277929 | ... N59: =N58/$P$58 -> 0
B60: %ges w/o MCs | C60: =C58/$O$58 -> 0.2202765 | D60: =D58/$O$58 -> 0.01843318 | E60: =E58/$O$58 -> 0.11705069 | F60: =F58/$O$58 -> 0.4516129 | G60: =G58/$O$58 -> 0.06359447 | H60: =H58/$O$58 -> 0.0036866359 | I60: =I58/$O$58 -> 0.11059908 | J60: =J58/$O$58 -> 0.011981567 | ... L60: =L58/$O$58 -> 0 | N60: =N58/$O$58 -> 0

Sheet 15.08 Buwenge-Jinja
B1: Consultancy services for Preparation of Expressway Development Master Plan (EDMP) for Uganda
B2: MANUAL CLASSIFIED COUNT (MCC)
B3: ROAD NAME: | C3: ='12.08 Buwenge-Jinja'!C3:G3 -> MCC - C3b - STN93 - Jinja-Buwenge ROAD
C5: Date | D5: 15.08.19 | F5: Location | G5: ='14.08 Jinja-Buwenge'!G5:H5 -> xxx | J5: Surveyor | K5: ='14.08 Jinja-Buwenge'!K5:L5 -> xxx
C6: Dir. From | D6: ='12.08 Buwenge-Jinja'!D6:E6 -> Buwenge | F6: Dir. To | G6: ='12.08 Buwenge-Jinja'!G6:H6 -> Jinja | J6: Supervisor | K6: ='14.08 Jinja-Buwenge'!K6:L6 -> xxx
B8: Time / Veh Type | R8: SUMMARY TRAFFIC VOLUMES
C9: 1. Car | D9: 2. Station Wagon | E9: 3. Pickups | F9: 4. Minibus, matatu | G9: 5. Medium bus | H9: 6. Large Bus | I9: 7. Light Truck | J9: 8. Medium Truck | K9: 9. Heavy truck | L9: 10. Truck Trailer | M9: 11. Motor cycles | N9: 12. Tractors | O9: Total Excl M/Cycles | P9: Total All | R9: Time | S9: 1. Car | T9: 2. Station Wagon | U9: 3. Pickups | V9: 4. Minibus, matatu | W9: 5. Medium bus | X9: 6. Large Bus | Y9: 7. Light Truck | Z9: 8. Medium Truck | AA9: 9. Heavy truck | AB9: 10. Truck Trailer | AC9: 11. Motorcycles | AD9: 12. Tractors, Graders | AE9: Total Excl M/ Cycles | AF9: Total All
B10: 07.00 - 07.15 | C10: 3 | D10: 0 | E10: 1 | F10: 8 | G10: 6 | H10: 1 | I10: 0 | J10: 0 | K10: 0 | L10: =SUM('[1]RD4 MCC'!R342:U342) -> 0 | M10: 69 | N10: 0 | O10: =SUM(C10:L10,N10) -> 19 | P10: =SUM(C10:N10) -> 88 | R10: 0700-0800 | S10: =SUM(C10:C13) -> 17 | T10: =SUM(D10:D13) -> 1 | U10: =SUM(E10:E13) -> 8 | V10: =SUM(F10:F13) -> 34 | W10: =SUM(G10:G13) -> 17 | X10: =SUM(H10:H13) -> 2 | Y10: =SUM(I10:I13) -> 7 | Z10: =SUM(J10:J13) -> 1 | ... AF10: =SUM(P10:P13) -> 338
B11: 07.15 - 07.30 | C11: 6 | D11: 0 | E11: 1 | F11: 8 | G11: 2 | H11: 0 | I11: 0 | J11: 0 | K11: 0 | L11: =SUM('[1]RD4 MCC'!R343:U343) -> 0 | M11: 55 | N11: 0 | O11: =SUM(C11:L11,N11) -> 17 | P11: =SUM(C11:N11) -> 72 | R11: 0800-0900 | S11: =SUM(C14:C17) -> 17 | T11: =SUM(D14:D17) -> 2 | U11: =SUM(E14:E17) -> 13 | V11: =SUM(F14:F17) -> 39 | W11: =SUM(G14:G17) -> 11 | X11: =SUM(H14:H17) -> 0 | Y11: =SUM(I14:I17) -> 8 | Z11: =SUM(J14:J17) -> 1 | ... AF11: =SUM(P14:P17) -> 301
B12: 07.30 - 07.45 | C12: 0 | D12: 1 | E12: 3 | F12: 7 | G12: 5 | H12: 0 | I12: 3 | J12: 0 | K12: 0 | L12: =SUM('[1]RD4 MCC'!R344:U344) -> 0 | M12: 56 | N12: 0 | O12: =SUM(C12:L12,N12) -> 19 | P12: =SUM(C12:N12) -> 75 | R12: 0900-1000 | S12: =SUM(C18:C21) -> 16 | T12: =SUM(D18:D21) -> 3 | U12: =SUM(E18:E21) -> 10 | V12: =SUM(F18:F21) -> 45 | W12: =SUM(G18:G21) -> 4 | X12: =SUM(H18:H21) -> 1 | Y12: =SUM(I18:I21) -> 11 | Z12: =SUM(J18:J21) -> 2 | ... AF12: =SUM(P18:P21) -> 286
B13: 07.45 - 08.00 | C13: 8 | D13: 0 | E13: 3 | F13: 11 | G13: 4 | H13: 1 | I13: 4 | J13: 1 | K13: 0 | L13: =SUM('[1]RD4 MCC'!R345:U345) -> 0 | M13: 71 | N13: 0 | O13: =SUM(C13:L13,N13) -> 32 | P13: =SUM(C13:N13) -> 103 | R13: 1000-1100 | S13: =SUM(C22:C25) -> 14 | T13: =SUM(D22:D25) -> 2 | U13: =SUM(E22:E25) -> 13 | V13: =SUM(F22:F25) -> 35 | W13: =SUM(G22:G25) -> 2 | X13: =SUM(H22:H25) -> 0 | Y13: =SUM(I22:I25) -> 12 | Z13: =SUM(J22:J25) -> 1 | ... AF13: =SUM(P22:P25) -> 234
B14: 08.00 - 08.15 | C14: 5 | D14: 1 | E14: 3 | F14: 14 | G14: 3 | H14: 0 | I14: 4 | J14: 0 | K14: 0 | L14: =SUM('[1]RD4 MCC'!R346:U346) -> 0 | M14: 63 | N14: 0 | O14: =SUM(C14:L14,N14) -> 30 | P14: =SUM(C14:N14) -> 93 | R14: 1100-1200 | S14: =SUM(C26:C29) -> 25 | T14: =SUM(D26:D29) -> 1 | U14: =SUM(E26:E29) -> 7 | V14: =SUM(F26:F29) -> 35 | W14: =SUM(G26:G29) -> 1 | X14: =SUM(H26:H29) -> 1 | Y14: =SUM(I26:I29) -> 7 | Z14: =SUM(J26:J29) -> 0 | ... AF14: =SUM(P26:P29) -> 207
B15: 08.15 - 08.30 | C15: 4 | D15: 0 | E15: 3 | F15: 6 | G15: 4 | H15: 0 | I15: 1 | J15: 0 | K15: 0 | L15: =SUM('[1]RD4 MCC'!R347:U347) -> 0 | M15: 52 | N15: 0 | O15: =SUM(C15:L15,N15) -> 18 | P15: =SUM(C15:N15) -> 70 | R15: 1200-1300 | S15: =SUM(C30:C33) -> 18 | T15: =SUM(D30:D33) -> 5 | U15: =SUM(E30:E33) -> 19 | V15: =SUM(F30:F33) -> 40 | W15: =SUM(G30:G33) -> 2 | X15: =SUM(H30:H33) -> 0 | Y15: =SUM(I30:I33) -> 16 | Z15: =SUM(J30:J33) -> 0 | ... AF15: =SUM(P30:P33) -> 269
B16: 08.30 - 08.45 | C16: 2 | D16: 0 | E16: 3 | F16: 11 | G16: 2 | H16: 0 | I16: 1 | J16: 0 | K16: 0 | L16: =SUM('[1]RD4 MCC'!R348:U348) -> 0 | M16: 42 | N16: 0 | O16: =SUM(C16:L16,N16) -> 19 | P16: =SUM(C16:N16) -> 61 | R16: 1300-1400 | S16: =SUM(C34:C37) -> 21 | T16: =SUM(D34:D37) -> 4 | U16: =SUM(E34:E37) -> 15 | V16: =SUM(F34:F37) -> 33 | W16: =SUM(G34:G37) -> 3 | X16: =SUM(H34:H37) -> 0 | Y16: =SUM(I34:I37) -> 12 | Z16: =SUM(J34:J37) -> 0 | ... AF16: =SUM(P34:P37) -> 204
B17: 08.45 - 9.00 | C17: 6 | D17: 1 | E17: 4 | F17: 8 | G17: 2 | H17: 0 | I17: 2 | J17: 1 | K17: 0 | L17: =SUM('[1]RD4 MCC'!R349:U349) -> 0 | M17: 53 | N17: 0 | O17: =SUM(C17:L17,N17) -> 24 | P17: =SUM(C17:N17) -> 77 | R17: 1400-1500 | S17: =SUM(C38:C41) -> 14 | T17: =SUM(D38:D41) -> 3 | U17: =SUM(E38:E41) -> 13 | V17: =SUM(F38:F41) -> 39 | W17: =SUM(G38:G41) -> 1 | X17: =SUM(H38:H41) -> 0 | Y17: =SUM(I38:I41) -> 12 | Z17: =SUM(J38:J41) -> 1 | ... AF17: =SUM(P38:P41) -> 206
B18: 09.00 - 09.15 | C18: 3 | D18: 0 | E18: 0 | F18: 16 | G18: 2 | H18: 0 | I18: 5 | J18: 0 | K18: 0 | L18: =SUM('[1]RD4 MCC'!R350:U350) -> 0 | M18: 48 | N18: 0 | O18: =SUM(C18:L18,N18) -> 26 | P18: =SUM(C18:N18) -> 74 | R18: 1500-1600 | S18: =SUM(C42:C45) -> 18 | T18: =SUM(D42:D45) -> 8 | U18: =SUM(E42:E45) -> 26 | V18: =SUM(F42:F45) -> 42 | W18: =SUM(G42:G45) -> 3 | X18: =SUM(H42:H45) -> 0 | Y18: =SUM(I42:I45) -> 22 | Z18: =SUM(J42:J45) -> 2 | ... AF18: =SUM(P42:P45) -> 248
B19: 09.15 - 09.30 | C19: 7 | D19: 1 | E19: 3 | F19: 9 | G19: 1 | H19: 0 | I19: 3 | J19: 0 | K19: 0 | L19: =SUM('[1]RD4 MCC'!R351:U351) -> 0 | M19: 50 | N19: 0 | O19: =SUM(C19:L19,N19) -> 24 | P19: =SUM(C19:N19) -> 74 | R19: 1600-1700 | S19: =SUM(C46:C49) -> 22 | T19: =SUM(D46:D49) -> 6 | U19: =SUM(E46:E49) -> 19 | V19: =SUM(F46:F49) -> 35 | W19: =SUM(G46:G49) -> 1 | X19: =SUM(H46:H49) -> 0 | Y19: =SUM(I46:I49) -> 20 | Z19: =SUM(J46:J49) -> 3 | ... AF19: =SUM(P46:P49) -> 246
B20: 09.30 - 09.45 | C20: 6 | D20: 1 | E20: 3 | F20: 7 | G20: 0 | H20: 1 | I20: 2 | J20: 2 | K20: 0 | L20: =SUM('[1]RD4 MCC'!R352:U352) -> 0 | M20: 45 | N20: 0 | O20: =SUM(C20:L20,N20) -> 22 | P20: =SUM(C20:N20) -> 67 | R20: 1700-1800 | S20: =SUM(C50:C53) -> 31 | T20: =SUM(D50:D53) -> 7 | U20: =SUM(E50:E53) -> 26 | V20: =SUM(F50:F53) -> 49 | W20: =SUM(G50:G53) -> 13 | X20: =SUM(H50:H53) -> 0 | Y20: =SUM(I50:I53) -> 18 | Z20: =SUM(J50:J53) -> 0 | ... AF20: =SUM(P50:P53) -> 323
B21: 09.45 - 10.00 | C21: 0 | D21: 1 | E21: 4 | F21: 13 | G21: 1 | H21: 0 | I21: 1 | J21: 0 | K21: 0 | L21: =SUM('[1]RD4 MCC'!R353:U353) -> 0 | M21: 51 | N21: 0 | O21: =SUM(C21:L21,N21) -> 20 | P21: =SUM(C21:N21) -> 71 | R21: 1800-1900 | S21: =SUM(C54:C57) -> 37 | T21: =SUM(D54:D57) -> 6 | U21: =SUM(E54:E57) -> 17 | V21: =SUM(F54:F57) -> 50 | W21: =SUM(G54:G57) -> 11 | X21: =SUM(H54:H57) -> 0 | Y21: =SUM(I54:I57) -> 21 | Z21: =SUM(J54:J57) -> 5 | ... AF21: =SUM(P54:P57) -> 302
B22: 10.00 - 10.15 | C22: 3 | D22: 1 | E22: 5 | F22: 9 | G22: 1 | H22: 0 | I22: 4 | J22: 1 | K22: 0 | L22: =SUM('[1]RD4 MCC'!R354:U354) -> 0 | M22: 39 | N22: 0 | O22: =SUM(C22:L22,N22) -> 24 | P22: =SUM(C22:N22) -> 63 | R22: AM Peak Hr | S22: =MAX(S10:S12) -> 17 | T22: =MAX(T10:T12) -> 3 | U22: =MAX(U10:U12) -> 13 | V22: =MAX(V10:V12) -> 45 | W22: =MAX(W10:W12) -> 17 | X22: =MAX(X10:X12) -> 2 | Y22: =MAX(Y10:Y12) -> 11 | Z22: =MAX(Z10:Z12) -> 2 | ... AF22: =MAX(AF10:AF12) -> 338
B23: 10.15 - 10.30 | C23: 4 | D23: 1 | E23: 4 | F23: 8 | G23: 0 | H23: 0 | I23: 2 | J23: 0 | K23: 0 | L23: =SUM('[1]RD4 MCC'!R355:U355) -> 0 | M23: 46 | N23: 0 | O23: =SUM(C23:L23,N23) -> 19 | P23: =SUM(C23:N23) -> 65 | R23: IP Peak Hr | S23: =MAX(S13:S18) -> 25 | T23: =MAX(T13:T18) -> 8 | U23: =MAX(U13:U18) -> 26 | V23: =MAX(V13:V18) -> 42 | W23: =MAX(W13:W18) -> 3 | X23: =MAX(X13:X18) -> 1 | Y23: =MAX(Y13:Y18) -> 22 | Z23: =MAX(Z13:Z18) -> 2 | ... AF23: =MAX(AF13:AF18) -> 269
B24: 10.30 - 10.45 | C24: 3 | D24: 0 | E24: 1 | F24: 9 | G24: 1 | H24: 0 | I24: 3 | J24: 0 | K24: 0 | L24: =SUM('[1]RD4 MCC'!R356:U356) -> 0 | M24: 38 | N24: 0 | O24: =SUM(C24:L24,N24) -> 17 | P24: =SUM(C24:N24) -> 55 | R24: PM Peak Hr | S24: =MAX(S19:S21) -> 37 | T24: =MAX(T19:T21) -> 7 | U24: =MAX(U19:U21) -> 26 | V24: =MAX(V19:V21) -> 50 | W24: =MAX(W19:W21) -> 13 | X24: =MAX(X19:X21) -> 0 | Y24: =MAX(Y19:Y21) -> 21 | Z24: =MAX(Z19:Z21) -> 5 | ... AF24: =MAX(AF19:AF21) -> 323
B25: 10.45 - 11.00 | C25: 4 | D25: 0 | E25: 3 | F25: 9 | G25: 0 | H25: 0 | I25: 3 | J25: 0 | K25: 0 | L25: =SUM('[1]RD4 MCC'!R357:U357) -> 0 | M25: 31 | N25: 1 | O25: =SUM(C25:L25,N25) -> 20 | P25: =SUM(C25:N25) -> 51 | R25: AM Period | S25: =SUM(S10:S12) -> 50 | T25: =SUM(T10:T12) -> 6 | U25: =SUM(U10:U12) -> 31 | V25: =SUM(V10:V12) -> 118 | W25: =SUM(W10:W12) -> 32 | X25: =SUM(X10:X12) -> 3 | Y25: =SUM(Y10:Y12) -> 26 | Z25: =SUM(Z10:Z12) -> 4 | ... AF25: =SUM(AF10:AF12) -> 925
B26: 11.00 - 11.15 | C26: 3 | D26: 1 | E26: 3 | F26: 6 | G26: 1 | H26: 0 | I26: 2 | J26: 0 | K26: 0 | L26: =SUM('[1]RD4 MCC'!R358:U358) -> 0 | M26: 29 | N26: 0 | O26: =SUM(C26:L26,N26) -> 16 | P26: =SUM(C26:N26) -> 45 | R26: IP Period | S26: =SUM(S13:S18) -> 110 | T26: =SUM(T13:T18) -> 23 | U26: =SUM(U13:U18) -> 93 | V26: =SUM(V13:V18) -> 224 | W26: =SUM(W13:W18) -> 12 | X26: =SUM(X13:X18) -> 1 | Y26: =SUM(Y13:Y18) -> 81 | Z26: =SUM(Z13:Z18) -> 4 | ... AF26: =SUM(AF13:AF18) -> 1368
B27: 11.15 - 11.30 | C27: 11 | D27: 0 | E27: 1 | F27: 10 | G27: 0 | H27: 0 | I27: 1 | J27: 0 | K27: 0 | L27: =SUM('[1]RD4 MCC'!R359:U359) -> 0 | M27: 37 | N27: 0 | O27: =SUM(C27:L27,N27) -> 23 | P27: =SUM(C27:N27) -> 60 | R27: PM Period | S27: =SUM(S19:S21) -> 90 | T27: =SUM(T19:T21) -> 19 | U27: =SUM(U19:U21) -> 62 | V27: =SUM(V19:V21) -> 134 | W27: =SUM(W19:W21) -> 25 | X27: =SUM(X19:X21) -> 0 | Y27: =SUM(Y19:Y21) -> 59 | Z27: =SUM(Z19:Z21) -> 8 | ... AF27: =SUM(AF19:AF21) -> 871
B28: 11.30 - 11.45 | C28: 5 | D28: 0 | E28: 0 | F28: 10 | G28: 0 | H28: 0 | I28: 2 | J28: 0 | K28: 0 | L28: =SUM('[1]RD4 MCC'!R360:U360) -> 0 | M28: 39 | N28: 0 | O28: =SUM(C28:L28,N28) -> 17 | P28: =SUM(C28:N28) -> 56 | R28: 12 Hours | S28: =SUM(S10:S21) -> 250 | T28: =SUM(T10:T21) -> 48 | U28: =SUM(U10:U21) -> 186 | V28: =SUM(V10:V21) -> 476 | W28: =SUM(W10:W21) -> 69 | X28: =SUM(X10:X21) -> 4 | Y28: =SUM(Y10:Y21) -> 166 | Z28: =SUM(Z10:Z21) -> 16 | ... AF28: =SUM(AF10:AF21) -> 3164
B29: 11.45 - 12.00 | C29: 6 | D29: 0 | E29: 3 | F29: 9 | G29: 0 | H29: 1 | I29: 2 | J29: 0 | K29: 0 | L29: =SUM('[1]RD4 MCC'!R361:U361) -> 0 | M29: 25 | N29: 0 | O29: =SUM(C29:L29,N29) -> 21 | P29: =SUM(C29:N29) -> 46
B30: 12.00 - 12.15 | C30: 5 | D30: 1 | E30: 5 | F30: 10 | G30: 1 | H30: 0 | I30: 1 | J30: 0 | K30: 0 | L30: =SUM('[1]RD4 MCC'!R362:U362) -> 0 | M30: 32 | N30: 0 | O30: =SUM(C30:L30,N30) -> 23 | P30: =SUM(C30:N30) -> 55
B31: 12.15 - 12.30 | C31: 7 | D31: 2 | E31: 5 | F31: 10 | G31: 1 | H31: 0 | I31: 6 | J31: 0 | K31: 0 | L31: =SUM('[1]RD4 MCC'!R363:U363) -> 0 | M31: 40 | N31: 0 | O31: =SUM(C31:L31,N31) -> 31 | P31: =SUM(C31:N31) -> 71
B32: 12.30 - 12.45 | C32: 3 | D32: 2 | E32: 6 | F32: 9 | G32: 0 | H32: 0 | I32: 3 | J32: 0 | K32: 0 | L32: =SUM('[1]RD4 MCC'!R364:U364) -> 0 | M32: 48 | N32: 0 | O32: =SUM(C32:L32,N32) -> 23 | P32: =SUM(C32:N32) -> 71
B33: 12.45 - 13.00 | C33: 3 | D33: 0 | E33: 3 | F33: 11 | G33: 0 | H33: 0 | I33: 6 | J33: 0 | K33: 0 | L33: =SUM('[1]RD4 MCC'!R365:U365) -> 0 | M33: 49 | N33: 0 | O33: =SUM(C33:L33,N33) -> 23 | P33: =SUM(C33:N33) -> 72
B34: 13.00 - 13.15 | C34: 5 | D34: 0 | E34: 2 | F34: 8 | G34: 1 | H34: 0 | I34: 3 | J34: 0 | K34: 0 | L34: =SUM('[1]RD4 MCC'!R366:U366) -> 0 | M34: 22 | N34: 0 | O34: =SUM(C34:L34,N34) -> 19 | P34: =SUM(C34:N34) -> 41
B35: 13.15 - 13.30 | C35: 3 | D35: 1 | E35: 4 | F35: 7 | G35: 2 | H35: 0 | I35: 2 | J35: 0 | K35: 0 | L35: =SUM('[1]RD4 MCC'!R367:U367) -> 0 | M35: 32 | N35: 0 | O35: =SUM(C35:L35,N35) -> 19 | P35: =SUM(C35:N35) -> 51
B36: 13.30 - 13.45 | C36: 9 | D36: 3 | E36: 7 | F36: 11 | G36: 0 | H36: 0 | I36: 3 | J36: 0 | K36: 0 | L36: =SUM('[1]RD4 MCC'!R368:U368) -> 0 | M36: 35 | N36: 0 | O36: =SUM(C36:L36,N36) -> 33 | P36: =SUM(C36:N36) -> 68
B37: 13.45 - 14.00 | C37: 4 | D37: 0 | E37: 2 | F37: 7 | G37: 0 | H37: 0 | I37: 4 | J37: 0 | K37: 0 | L37: =SUM('[1]RD4 MCC'!R369:U369) -> 0 | M37: 27 | N37: 0 | O37: =SUM(C37:L37,N37) -> 17 | P37: =SUM(C37:N37) -> 44
B38: 14.00 - 14.15 | C38: 3 | D38: 1 | E38: 3 | F38: 12 | G38: 1 | H38: 0 | I38: 3 | J38: 0 | K38: 0 | L38: =SUM('[1]RD4 MCC'!R370:U370) -> 0 | M38: 29 | N38: 0 | O38: =SUM(C38:L38,N38) -> 23 | P38: =SUM(C38:N38) -> 52
B39: 14.15 - 14.30 | C39: 5 | D39: 0 | E39: 1 | F39: 5 | G39: 0 | H39: 0 | I39: 2 | J39: 0 | K39: 0 | L39: =SUM('[1]RD4 MCC'!R371:U371) -> 0 | M39: 24 | N39: 0 | O39: =SUM(C39:L39,N39) -> 13 | P39: =SUM(C39:N39) -> 37
B40: 14.30 - 14.45 | C40: 3 | D40: 1 | E40: 4 | F40: 14 | G40: 0 | H40: 0 | I40: 4 | J40: 0 | K40: 0 | L40: =SUM('[1]RD4 MCC'!R372:U372) -> 0 | M40: 42 | N40: 0 | O40: =SUM(C40:L40,N40) -> 26 | P40: =SUM(C40:N40) -> 68
... B57: 18.45 - 19.00 | C57: 7 | D57: 1 | E57: 3 | F57: 16 | G57: 3 | H57: 0 | I57: 5 | J57: 2 | K57: 0 | L57: =SUM('[1]RD4 MCC'!R389:U389) -> 0 | M57: 39 | N57: 0 | O57: =SUM(C57:L57,N57) -> 37 | P57: =SUM(C57:N57) -> 76
B58: Totals | C58: =SUM(C10:C57) -> 250 | D58: =SUM(D10:D57) -> 48 | E58: =SUM(E10:E57) -> 186 | F58: =SUM(F10:F57) -> 476 | G58: =SUM(G10:G57) -> 69 | H58: =SUM(H10:H57) -> 4 | I58: =SUM(I10:I57) -> 166 | J58: =SUM(J10:J57) -> 16 | ... P58: =SUM(P10:P57) -> 3164
B59: %ges + MCs | C59: =C58/$P$58 -> 0.079013906 | D59: =D58/$P$58 -> 0.01517067 | E59: =E58/$P$58 -> 0.058786346 | F59: =F58/$P$58 -> 0.15044248 | G59: =G58/$P$58 -> 0.021807838 | H59: =H58/$P$58 -> 0.0012642225 | I59: =I58/$P$58 -> 0.052465234 | J59: =J58/$P$58 -> 0.00505689 | ... N59: =N58/$P$58 -> 0.00031605563
B60: %ges w/o MCs | C60: =C58/$O$58 -> 0.20559211 | D60: =D58/$O$58 -> 0.039473684 | E60: =E58/$O$58 -> 0.15296053 | F60: =F58/$O$58 -> 0.39144737 | G60: =G58/$O$58 -> 0.056743421 | H60: =H58/$O$58 -> 0.0032894737 | I60: =I58/$O$58 -> 0.13651316 | J60: =J58/$O$58 -> 0.013157895 | ... L60: =L58/$O$58 -> 0 | N60: =N58/$O$58 -> 0.00082236842

Sheet 15.08 Jinja-Buwenge
B1: Consultancy services for Preparation of Expressway Development Master Plan (EDMP) for Uganda
B2: MANUAL CLASSIFIED COUNT (MCC)
B3: ROAD NAME: | C3: ='12.08 Jinja-Buwenge'!C3:G3 -> MCC - C3b - STN93 - Jinja-Buwenge ROAD
C5: Date | D5: ='15.08 Buwenge-Jinja'!D5 -> 15.08.19 | F5: Location | G5: ='15.08 Buwenge-Jinja'!G5:H5 -> xxx | J5: Surveyor | K5: ='15.08 Buwenge-Jinja'!K5:L5 -> xxx
C6: Dir. From | D6: ='12.08 Jinja-Buwenge'!D6:E6 -> Jinja | F6: Dir. To | G6: ='12.08 Jinja-Buwenge'!G6:H6 -> Buwenge | J6: Supervisor | K6: ='15.08 Buwenge-Jinja'!K6:L6 -> xxx
B8: Time / Veh Type | R8: SUMMARY TRAFFIC VOLUMES
C9: 1. Car | D9: 2. Station Wagon | E9: 3. Pickups | F9: 4. Minibus, matatu | G9: 5. Medium bus | H9: 6. Large Bus | I9: 7. Light Truck | J9: 8. Medium Truck | K9: 9. Heavy truck | L9: 10. Truck Trailer | M9: 11. Motor cycles | N9: 12. Tractors | O9: Total Excl M/Cycles | P9: Total All | R9: Time | S9: 1. Car | T9: 2. Station Wagon | U9: 3. Pickups | V9: 4. Minibus, matatu | W9: 5. Medium bus | X9: 6. Large Bus | Y9: 7. Light Truck | Z9: 8. Medium Truck | AA9: 9. Heavy truck | AB9: 10. Truck Trailer | AC9: 11. Motorcycles | AD9: 12. Tractors, Graders | AE9: Total Excl M/ Cycles | AF9: Total All
B10: 07.00 - 07.15 | C10: 3 | D10: 0 | E10: 1 | F10: 2 | G10: 4 | H10: 0 | I10: 1 | J10: 1 | K10: 0 | L10: =SUM('[1]RD4 MCC'!R294:U294) -> 0 | M10: 29 | N10: 0 | O10: =SUM(C10:L10,N10) -> 12 | P10: =SUM(C10:N10) -> 41 | R10: 0700-0800 | S10: =SUM(C10:C13) -> 9 | T10: =SUM(D10:D13) -> 1 | U10: =SUM(E10:E13) -> 7 | V10: =SUM(F10:F13) -> 20 | W10: =SUM(G10:G13) -> 16 | X10: =SUM(H10:H13) -> 0 | Y10: =SUM(I10:I13) -> 6 | Z10: =SUM(J10:J13) -> 4 | ... AF10: =SUM(P10:P13) -> 174
B11: 07.15 - 07.30 | C11: 2 | D11: 0 | E11: 2 | F11: 7 | G11: 4 | H11: 0 | I11: 2 | J11: 1 | K11: 0 | L11: =SUM('[1]RD4 MCC'!R295:U295) -> 0 | M11: 25 | N11: 0 | O11: =SUM(C11:L11,N11) -> 18 | P11: =SUM(C11:N11) -> 43 | R11: 0800-0900 | S11: =SUM(C14:C17) -> 16 | T11: =SUM(D14:D17) -> 1 | U11: =SUM(E14:E17) -> 9 | V11: =SUM(F14:F17) -> 38 | W11: =SUM(G14:G17) -> 10 | X11: =SUM(H14:H17) -> 0 | Y11: =SUM(I14:I17) -> 10 | Z11: =SUM(J14:J17) -> 0 | ... AF11: =SUM(P14:P17) -> 195
B12: 07.30 - 07.45 | C12: 1 | D12: 1 | E12: 3 | F12: 3 | G12: 6 | H12: 0 | I12: 1 | J12: 1 | K12: 0 | L12: =SUM('[1]RD4 MCC'!R296:U296) -> 0 | M12: 26 | N12: 0 | O12: =SUM(C12:L12,N12) -> 16 | P12: =SUM(C12:N12) -> 42 | R12: 0900-1000 | S12: =SUM(C18:C21) -> 33 | T12: =SUM(D18:D21) -> 8 | U12: =SUM(E18:E21) -> 22 | V12: =SUM(F18:F21) -> 50 | W12: =SUM(G18:G21) -> 3 | X12: =SUM(H18:H21) -> 0 | Y12: =SUM(I18:I21) -> 16 | Z12: =SUM(J18:J21) -> 1 | ... AF12: =SUM(P18:P21) -> 328
B13: 07.45 - 08.00 | C13: 3 | D13: 0 | E13: 1 | F13: 8 | G13: 2 | H13: 0 | I13: 2 | J13: 1 | K13: 0 | L13: =SUM('[1]RD4 MCC'!R297:U297) -> 0 | M13: 31 | N13: 0 | O13: =SUM(C13:L13,N13) -> 17 | P13: =SUM(C13:N13) -> 48 | R13: 1000-1100 | S13: =SUM(C22:C25) -> 21 | T13: =SUM(D22:D25) -> 5 | U13: =SUM(E22:E25) -> 18 | V13: =SUM(F22:F25) -> 52 | W13: =SUM(G22:G25) -> 1 | X13: =SUM(H22:H25) -> 0 | Y13: =SUM(I22:I25) -> 16 | Z13: =SUM(J22:J25) -> 3 | ... AF13: =SUM(P22:P25) -> 269
B14: 08.00 - 08.15 | C14: 6 | D14: 1 | E14: 3 | F14: 7 | G14: 2 | H14: 0 | I14: 2 | J14: 0 | K14: 0 | L14: =SUM('[1]RD4 MCC'!R298:U298) -> 0 | M14: 33 | N14: 0 | O14: =SUM(C14:L14,N14) -> 21 | P14: =SUM(C14:N14) -> 54 | R14: 1100-1200 | S14: =SUM(C26:C29) -> 25 | T14: =SUM(D26:D29) -> 6 | U14: =SUM(E26:E29) -> 19 | V14: =SUM(F26:F29) -> 52 | W14: =SUM(G26:G29) -> 2 | X14: =SUM(H26:H29) -> 0 | Y14: =SUM(I26:I29) -> 12 | Z14: =SUM(J26:J29) -> 1 | ... AF14: =SUM(P26:P29) -> 265
B15: 08.15 - 08.30 | C15: 7 | D15: 0 | E15: 3 | F15: 11 | G15: 4 | H15: 0 | I15: 1 | J15: 0 | K15: 0 | L15: =SUM('[1]RD4 MCC'!R299:U299) -> 0 | M15: 26 | N15: 0 | O15: =SUM(C15:L15,N15) -> 26 | P15: =SUM(C15:N15) -> 52 | R15: 1200-1300 | S15: =SUM(C30:C33) -> 38 | T15: =SUM(D30:D33) -> 6 | U15: =SUM(E30:E33) -> 19 | V15: =SUM(F30:F33) -> 55 | W15: =SUM(G30:G33) -> 2 | X15: =SUM(H30:H33) -> 0 | Y15: =SUM(I30:I33) -> 11 | Z15: =SUM(J30:J33) -> 1 | ... AF15: =SUM(P30:P33) -> 328
B16: 08.30 - 08.45 | C16: 3 | D16: 0 | E16: 2 | F16: 9 | G16: 3 | H16: 0 | I16: 2 | J16: 0 | K16: 0 | L16: =SUM('[1]RD4 MCC'!R300:U300) -> 0 | M16: 22 | N16: 0 | O16: =SUM(C16:L16,N16) -> 19 | P16: =SUM(C16:N16) -> 41 | R16: 1300-1400 | S16: =SUM(C34:C37) -> 22 | T16: =SUM(D34:D37) -> 6 | U16: =SUM(E34:E37) -> 19 | V16: =SUM(F34:F37) -> 55 | W16: =SUM(G34:G37) -> 7 | X16: =SUM(H34:H37) -> 1 | Y16: =SUM(I34:I37) -> 11 | Z16: =SUM(J34:J37) -> 2 | ... AF16: =SUM(P34:P37) -> 258
B17: 08.45 - 9.00 | C17: 0 | D17: 0 | E17: 1 | F17: 11 | G17: 1 | H17: 0 | I17: 5 | J17: 0 | K17: 0 | L17: =SUM('[1]RD4 MCC'!R301:U301) -> 0 | M17: 30 | N17: 0 | O17: =SUM(C17:L17,N17) -> 18 | P17: =SUM(C17:N17) -> 48 | R17: 1400-1500 | S17: =SUM(C38:C41) -> 17 | T17: =SUM(D38:D41) -> 1 | U17: =SUM(E38:E41) -> 9 | V17: =SUM(F38:F41) -> 44 | W17: =SUM(G38:G41) -> 6 | X17: =SUM(H38:H41) -> 2 | Y17: =SUM(I38:I41) -> 18 | Z17: =SUM(J38:J41) -> 2 | ... AF17: =SUM(P38:P41) -> 264
B18: 09.00 - 09.15 | C18: 9 | D18: 3 | E18: 7 | F18: 8 | G18: 1 | H18: 0 | I18: 4 | J18: 0 | K18: 0 | L18: =SUM('[1]RD4 MCC'!R302:U302) -> 0 | M18: 34 | N18: 0 | O18: =SUM(C18:L18,N18) -> 32 | P18: =SUM(C18:N18) -> 66 | R18: 1500-1600 | S18: =SUM(C42:C45) -> 21 | T18: =SUM(D42:D45) -> 3 | U18: =SUM(E42:E45) -> 11 | V18: =SUM(F42:F45) -> 39 | W18: =SUM(G42:G45) -> 2 | X18: =SUM(H42:H45) -> 0 | Y18: =SUM(I42:I45) -> 9 | Z18: =SUM(J42:J45) -> 1 | ... AF18: =SUM(P42:P45) -> 240
B19: 09.15 - 09.30 | C19: 6 | D19: 3 | E19: 7 | F19: 15 | G19: 0 | H19: 0 | I19: 2 | J19: 1 | K19: 0 | L19: =SUM('[1]RD4 MCC'!R303:U303) -> 0 | M19: 42 | N19: 0 | O19: =SUM(C19:L19,N19) -> 34 | P19: =SUM(C19:N19) -> 76 | R19: 1600-1700 | S19: =SUM(C46:C49) -> 16 | T19: =SUM(D46:D49) -> 4 | U19: =SUM(E46:E49) -> 16 | V19: =SUM(F46:F49) -> 36 | W19: =SUM(G46:G49) -> 1 | X19: =SUM(H46:H49) -> 1 | Y19: =SUM(I46:I49) -> 9 | Z19: =SUM(J46:J49) -> 0 | ... AF19: =SUM(P46:P49) -> 211
B20: 09.30 - 09.45 | C20: 11 | D20: 1 | E20: 5 | F20: 12 | G20: 1 | H20: 0 | I20: 6 | J20: 0 | K20: 0 | L20: =SUM('[1]RD4 MCC'!R304:U304) -> 0 | M20: 54 | N20: 0 | O20: =SUM(C20:L20,N20) -> 36 | P20: =SUM(C20:N20) -> 90 | R20: 1700-1800 | S20: =SUM(C50:C53) -> 23 | T20: =SUM(D50:D53) -> 1 | U20: =SUM(E50:E53) -> 11 | V20: =SUM(F50:F53) -> 41 | W20: =SUM(G50:G53) -> 5 | X20: =SUM(H50:H53) -> 0 | Y20: =SUM(I50:I53) -> 12 | Z20: =SUM(J50:J53) -> 1 | ... AF20: =SUM(P50:P53) -> 263
B21: 09.45 - 10.00 | C21: 7 | D21: 1 | E21: 3 | F21: 15 | G21: 1 | H21: 0 | I21: 4 | J21: 0 | K21: 0 | L21: =SUM('[1]RD4 MCC'!R305:U305) -> 0 | M21: 65 | N21: 0 | O21: =SUM(C21:L21,N21) -> 31 | P21: =SUM(C21:N21) -> 96 | R21: 1800-1900 | S21: =SUM(C54:C57) -> 28 | T21: =SUM(D54:D57) -> 3 | U21: =SUM(E54:E57) -> 13 | V21: =SUM(F54:F57) -> 43 | W21: =SUM(G54:G57) -> 9 | X21: =SUM(H54:H57) -> 1 | Y21: =SUM(I54:I57) -> 11 | Z21: =SUM(J54:J57) -> 0 | ... AF21: =SUM(P54:P57) -> 285
B22: 10.00 - 10.15 | C22: 4 | D22: 2 | E22: 5 | F22: 14 | G22: 0 | H22: 0 | I22: 5 | J22: 2 | K22: 0 | L22: =SUM('[1]RD4 MCC'!R306:U306) -> 0 | M22: 43 | N22: 0 | O22: =SUM(C22:L22,N22) -> 32 | P22: =SUM(C22:N22) -> 75 | R22: AM Peak Hr | S22: =MAX(S10:S12) -> 33 | T22: =MAX(T10:T12) -> 8 | U22: =MAX(U10:U12) -> 22 | V22: =MAX(V10:V12) -> 50 | W22: =MAX(W10:W12) -> 16 | X22: =MAX(X10:X12) -> 0 | Y22: =MAX(Y10:Y12) -> 16 | Z22: =MAX(Z10:Z12) -> 4 | ... AF22: =MAX(AF10:AF12) -> 328
B23: 10.15 - 10.30 | C23: 3 | D23: 1 | E23: 4 | F23: 13 | G23: 1 | H23: 0 | I23: 3 | J23: 0 | K23: 0 | L23: =SUM('[1]RD4 MCC'!R307:U307) -> 0 | M23: 40 | N23: 0 | O23: =SUM(C23:L23,N23) -> 25 | P23: =SUM(C23:N23) -> 65 | R23: IP Peak Hr | S23: =MAX(S13:S18) -> 38 | T23: =MAX(T13:T18) -> 6 | U23: =MAX(U13:U18) -> 19 | V23: =MAX(V13:V18) -> 55 | W23: =MAX(W13:W18) -> 7 | X23: =MAX(X13:X18) -> 2 | Y23: =MAX(Y13:Y18) -> 18 | Z23: =MAX(Z13:Z18) -> 3 | ... AF23: =MAX(AF13:AF18) -> 328
B24: 10.30 - 10.45 | C24: 4 | D24: 0 | E24: 3 | F24: 14 | G24: 0 | H24: 0 | I24: 3 | J24: 0 | K24: 0 | L24: =SUM('[1]RD4 MCC'!R308:U308) -> 0 | M24: 28 | N24: 0 | O24: =SUM(C24:L24,N24) -> 24 | P24: =SUM(C24:N24) -> 52 | R24: PM Peak Hr | S24: =MAX(S19:S21) -> 28 | T24: =MAX(T19:T21) -> 4 | U24: =MAX(U19:U21) -> 16 | V24: =MAX(V19:V21) -> 43 | W24: =MAX(W19:W21) -> 9 | X24: =MAX(X19:X21) -> 1 | Y24: =MAX(Y19:Y21) -> 12 | Z24: =MAX(Z19:Z21) -> 1 | ... AF24: =MAX(AF19:AF21) -> 285
B25: 10.45 - 11.00 | C25: 10 | D25: 2 | E25: 6 | F25: 11 | G25: 0 | H25: 0 | I25: 5 | J25: 1 | K25: 0 | L25: =SUM('[1]RD4 MCC'!R309:U309) -> 0 | M25: 42 | N25: 0 | O25: =SUM(C25:L25,N25) -> 35 | P25: =SUM(C25:N25) -> 77 | R25: AM Period | S25: =SUM(S10:S12) -> 58 | T25: =SUM(T10:T12) -> 10 | U25: =SUM(U10:U12) -> 38 | V25: =SUM(V10:V12) -> 108 | W25: =SUM(W10:W12) -> 29 | X25: =SUM(X10:X12) -> 0 | Y25: =SUM(Y10:Y12) -> 32 | Z25: =SUM(Z10:Z12) -> 5 | ... AF25: =SUM(AF10:AF12) -> 697
B26: 11.00 - 11.15 | C26: 10 | D26: 1 | E26: 5 | F26: 22 | G26: 1 | H26: 0 | I26: 1 | J26: 0 | K26: 0 | L26: =SUM('[1]RD4 MCC'!R310:U310) -> 0 | M26: 37 | N26: 0 | O26: =SUM(C26:L26,N26) -> 40 | P26: =SUM(C26:N26) -> 77 | R26: IP Period | S26: =SUM(S13:S18) -> 144 | T26: =SUM(T13:T18) -> 27 | U26: =SUM(U13:U18) -> 95 | V26: =SUM(V13:V18) -> 297 | W26: =SUM(W13:W18) -> 20 | X26: =SUM(X13:X18) -> 3 | Y26: =SUM(Y13:Y18) -> 77 | Z26: =SUM(Z13:Z18) -> 10 | ... AF26: =SUM(AF13:AF18) -> 1624
B27: 11.15 - 11.30 | C27: 5 | D27: 2 | E27: 5 | F27: 10 | G27: 1 | H27: 0 | I27: 2 | J27: 0 | K27: 0 | L27: =SUM('[1]RD4 MCC'!R311:U311) -> 0 | M27: 38 | N27: 0 | O27: =SUM(C27:L27,N27) -> 25 | P27: =SUM(C27:N27) -> 63 | R27: PM Period | S27: =SUM(S19:S21) -> 67 | T27: =SUM(T19:T21) -> 8 | U27: =SUM(U19:U21) -> 40 | V27: =SUM(V19:V21) -> 120 | W27: =SUM(W19:W21) -> 15 | X27: =SUM(X19:X21) -> 2 | Y27: =SUM(Y19:Y21) -> 32 | Z27: =SUM(Z19:Z21) -> 1 | ... AF27: =SUM(AF19:AF21) -> 759
B28: 11.30 - 11.45 | C28: 4 | D28: 1 | E28: 3 | F28: 10 | G28: 0 | H28: 0 | I28: 5 | J28: 0 | K28: 0 | L28: =SUM('[1]RD4 MCC'!R312:U312) -> 0 | M28: 36 | N28: 0 | O28: =SUM(C28:L28,N28) -> 23 | P28: =SUM(C28:N28) -> 59 | R28: 12 Hours | S28: =SUM(S10:S21) -> 269 | T28: =SUM(T10:T21) -> 45 | U28: =SUM(U10:U21) -> 173 | V28: =SUM(V10:V21) -> 525 | W28: =SUM(W10:W21) -> 64 | X28: =SUM(X10:X21) -> 5 | Y28: =SUM(Y10:Y21) -> 141 | Z28: =SUM(Z10:Z21) -> 16 | ... AF28: =SUM(AF10:AF21) -> 3080
B29: 11.45 - 12.00 | C29: 6 | D29: 2 | E29: 6 | F29: 10 | G29: 0 | H29: 0 | I29: 4 | J29: 1 | K29: 0 | L29: =SUM('[1]RD4 MCC'!R313:U313) -> 0 | M29: 37 | N29: 0 | O29: =SUM(C29:L29,N29) -> 29 | P29: =SUM(C29:N29) -> 66
B30: 12.00 - 12.15 | C30: 9 | D30: 1 | E30: 4 | F30: 13 | G30: 0 | H30: 0 | I30: 3 | J30: 0 | K30: 0 | L30: =SUM('[1]RD4 MCC'!R314:U314) -> 0 | M30: 51 | N30: 0 | O30: =SUM(C30:L30,N30) -> 30 | P30: =SUM(C30:N30) -> 81
B31: 12.15 - 12.30 | C31: 10 | D31: 2 | E31: 5 | F31: 16 | G31: 2 | H31: 0 | I31: 2 | J31: 0 | K31: 0 | L31: =SUM('[1]RD4 MCC'!R315:U315) -> 0 | M31: 39 | N31: 0 | O31: =SUM(C31:L31,N31) -> 37 | P31: =SUM(C31:N31) -> 76
B32: 12.30 - 12.45 | C32: 13 | D32: 1 | E32: 3 | F32: 10 | G32: 0 | H32: 0 | I32: 5 | J32: 0 | K32: 0 | L32: =SUM('[1]RD4 MCC'!R316:U316) -> 0 | M32: 47 | N32: 0 | O32: =SUM(C32:L32,N32) -> 32 | P32: =SUM(C32:N32) -> 79
B33: 12.45 - 13.00 | C33: 6 | D33: 2 | E33: 7 | F33: 16 | G33: 0 | H33: 0 | I33: 1 | J33: 1 | K33: 0 | L33: =SUM('[1]RD4 MCC'!R317:U317) -> 0 | M33: 59 | N33: 0 | O33: =SUM(C33:L33,N33) -> 33 | P33: =SUM(C33:N33) -> 92
B34: 13.00 - 13.15 | C34: 3 | D34: 2 | E34: 5 | F34: 7 | G34: 1 | H34: 1 | I34: 5 | J34: 1 | K34: 0 | L34: =SUM('[1]RD4 MCC'!R318:U318) -> 0 | M34: 24 | N34: 0 | O34: =SUM(C34:L34,N34) -> 25 | P34: =SUM(C34:N34) -> 49
B35: 13.15 - 13.30 | C35: 9 | D35: 1 | E35: 5 | F35: 16 | G35: 3 | H35: 0 | I35: 2 | J35: 0 | K35: 0 | L35: =SUM('[1]RD4 MCC'!R319:U319) -> 0 | M35: 37 | N35: 0 | O35: =SUM(C35:L35,N35) -> 36 | P35: =SUM(C35:N35) -> 73
B36: 13.30 - 13.45 | C36: 5 | D36: 2 | E36: 4 | F36: 18 | G36: 0 | H36: 0 | I36: 1 | J36: 0 | K36: 0 | L36: =SUM('[1]RD4 MCC'!R320:U320) -> 0 | M36: 42 | N36: 0 | O36: =SUM(C36:L36,N36) -> 30 | P36: =SUM(C36:N36) -> 72
B37: 13.45 - 14.00 | C37: 5 | D37: 1 | E37: 5 | F37: 14 | G37: 3 | H37: 0 | I37: 3 | J37: 1 | K37: 0 | L37: =SUM('[1]RD4 MCC'!R321:U321) -> 0 | M37: 32 | N37: 0 | O37: =SUM(C37:L37,N37) -> 32 | P37: =SUM(C37:N37) -> 64
B38: 14.00 - 14.15 | C38: 4 | D38: 0 | E38: 3 | F38: 13 | G38: 2 | H38: 0 | I38: 5 | J38: 0 | K38: 1 | L38: =SUM('[1]RD4 MCC'!R322:U322) -> 0 | M38: 55 | N38: 0 | O38: =SUM(C38:L38,N38) -> 28 | P38: =SUM(C38:N38) -> 83
B39: 14.15 - 14.30 | C39: 9 | D39: 1 | E39: 3 | F39: 8 | G39: 2 | H39: 0 | I39: 4 | J39: 2 | K39: 0 | L39: =SUM('[1]RD4 MCC'!R323:U323) -> 0 | M39: 33 | N39: 0 | O39: =SUM(C39:L39,N39) -> 29 | P39: =SUM(C39:N39) -> 62
B40: 14.30 - 14.45 | C40: 3 | D40: 0 | E40: 2 | F40: 10 | G40: 0 | H40: 1 | I40: 6 | J40: 0 | K40: 0 | L40: =SUM('[1]RD4 MCC'!R324:U324) -> 0 | M40: 37 | N40: 0 | O40: =SUM(C40:L40,N40) -> 22 | P40: =SUM(C40:N40) -> 59
... B57: 18.45 - 19.00 | C57: 5 | D57: 1 | E57: 3 | F57: 9 | G57: 3 | H57: 0 | I57: 5 | J57: 0 | K57: 0 | L57: =SUM('[1]RD4 MCC'!R341:U341) -> 0 | M57: 47 | N57: 0 | O57: =SUM(C57:L57,N57) -> 26 | P57: =SUM(C57:N57) -> 73
B58: Totals | C58: =SUM(C10:C57) -> 269 | D58: =SUM(D10:D57) -> 45 | E58: =SUM(E10:E57) -> 173 | F58: =SUM(F10:F57) -> 525 | G58: =SUM(G10:G57) -> 64 | H58: =SUM(H10:H57) -> 5 | I58: =SUM(I10:I57) -> 141 | J58: =SUM(J10:J57) -> 16 | ... P58: =SUM(P10:P57) -> 3080
B59: %ges + MCs | C59: =C58/$P$58 -> 0.087337662 | D59: =D58/$P$58 -> 0.01461039 | E59: =E58/$P$58 -> 0.056168831 | F59: =F58/$P$58 -> 0.17045455 | G59: =G58/$P$58 -> 0.020779221 | H59: =H58/$P$58 -> 0.0016233766 | I59: =I58/$P$58 -> 0.045779221 | J59: =J58/$P$58 -> 0.0051948052 | ... N59: =N58/$P$58 -> 0
B60: %ges w/o MCs | C60: =C58/$O$58 -> 0.21693548 | D60: =D58/$O$58 -> 0.036290323 | E60: =E58/$O$58 -> 0.13951613 | F60: =F58/$O$58 -> 0.4233871 | G60: =G58/$O$58 -> 0.051612903 | H60: =H58/$O$58 -> 0.0040322581 | I60: =I58/$O$58 -> 0.11370968 | J60: =J58/$O$58 -> 0.012903226 | ... L60: =L58/$O$58 -> 0 | N60: =N58/$O$58 -> 0

Sheet 16.08 Buwenge-Jinja-24h
B1: Consultancy services for Preparation of Expressway Development Master Plan (EDMP) for Uganda
B2: MANUAL CLASSIFIED COUNT (MCC)
B3: ROAD NAME: | C3: ='12.08 Buwenge-Jinja'!C3:G3 -> MCC - C3b - STN93 - Jinja-Buwenge ROAD
C5: Date | D5: 16.08.19 | F5: Location | G5: ='15.08 Jinja-Buwenge'!G5:H5 -> xxx | J5: Surveyor | K5: ='15.08 Jinja-Buwenge'!K5:L5 -> xxx
C6: Dir. From | D6: ='12.08 Buwenge-Jinja'!D6:E6 -> Buwenge | F6: Dir. To | G6: ='12.08 Buwenge-Jinja'!G6:H6 -> Jinja | J6: Supervisor | K6: ='15.08 Jinja-Buwenge'!K6:L6 -> xxx
B8: Time / Veh Type | R8: SUMMARY TRAFFIC VOLUMES
C9: 1. Car | D9: 2. Station Wagon | E9: 3. Pickups | F9: 4. Minibus, matatu | G9: 5. Medium bus | H9: 6. Large Bus | I9: 7. Light Truck | J9: 8. Medium Truck | K9: 9. Heavy truck | L9: 10. Truck Trailer | M9: 11. Motor cycles | N9: 12. Tractors | O9: Total Excl M/Cycles | P9: Total All | R9: Time | S9: 1. Car | T9: 2. Station Wagon | U9: 3. Pickups | V9: 4. Minibus, matatu | W9: 5. Medium bus | X9: 6. Large Bus | Y9: 7. Light Truck | Z9: 8. Medium Truck | AA9: 9. Heavy truck | AB9: 10. Truck Trailer | AC9: 11. Motorcycles | AD9: 12. Tractors, Graders | AE9: Total Excl M/ Cycles | AF9: Total All
B10: 07.00 - 07.15 | C10: 3 | D10: 0 | E10: 2 | F10: 9 | G10: 6 | H10: 1 | I10: 5 | J10: 0 | K10: 0 | L10: =SUM('[1]RD4 MCC'!R486:U486) -> 0 | M10: 64 | N10: 0 | O10: =SUM(C10:L10,N10) -> 26 | P10: =SUM(C10:N10) -> 90 | R10: 0700-0800 | S10: =SUM(C10:C13) -> 18 | T10: =SUM(D10:D13) -> 2 | U10: =SUM(E10:E13) -> 10 | V10: =SUM(F10:F13) -> 33 | W10: =SUM(G10:G13) -> 18 | X10: =SUM(H10:H13) -> 1 | Y10: =SUM(I10:I13) -> 15 | Z10: =SUM(J10:J13) -> 1 | ... AF10: =SUM(P10:P13) -> 306
B11: 07.15 - 07.30 | C11: 5 | D11: 0 | E11: 0 | F11: 4 | G11: 6 | H11: 0 | I11: 3 | J11: 0 | K11: 0 | L11: =SUM('[1]RD4 MCC'!R487:U487) -> 0 | M11: 41 | N11: 0 | O11: =SUM(C11:L11,N11) -> 18 | P11: =SUM(C11:N11) -> 59 | R11: 0800-0900 | S11: =SUM(C14:C17) -> 21 | T11: =SUM(D14:D17) -> 1 | U11: =SUM(E14:E17) -> 9 | V11: =SUM(F14:F17) -> 29 | W11: =SUM(G14:G17) -> 13 | X11: =SUM(H14:H17) -> 1 | Y11: =SUM(I14:I17) -> 5 | Z11: =SUM(J14:J17) -> 1 | ... AF11: =SUM(P14:P17) -> 274
B12: 07.30 - 07.45 | C12: 2 | D12: 0 | E12: 3 | F12: 11 | G12: 3 | H12: 0 | I12: 2 | J12: 0 | K12: 0 | L12: =SUM('[1]RD4 MCC'!R488:U488) -> 0 | M12: 52 | N12: 0 | O12: =SUM(C12:L12,N12) -> 21 | P12: =SUM(C12:N12) -> 73 | R12: 0900-1000 | S12: =SUM(C18:C21) -> 16 | T12: =SUM(D18:D21) -> 0 | U12: =SUM(E18:E21) -> 9 | V12: =SUM(F18:F21) -> 49 | W12: =SUM(G18:G21) -> 3 | X12: =SUM(H18:H21) -> 2 | Y12: =SUM(I18:I21) -> 9 | Z12: =SUM(J18:J21) -> 1 | ... AF12: =SUM(P18:P21) -> 275
B13: 07.45 - 08.00 | C13: 8 | D13: 2 | E13: 5 | F13: 9 | G13: 3 | H13: 0 | I13: 5 | J13: 1 | K13: 0 | L13: =SUM('[1]RD4 MCC'!R489:U489) -> 0 | M13: 51 | N13: 0 | O13: =SUM(C13:L13,N13) -> 33 | P13: =SUM(C13:N13) -> 84 | R13: 1000-1100 | S13: =SUM(C22:C25) -> 17 | T13: =SUM(D22:D25) -> 1 | U13: =SUM(E22:E25) -> 11 | V13: =SUM(F22:F25) -> 44 | W13: =SUM(G22:G25) -> 1 | X13: =SUM(H22:H25) -> 0 | Y13: =SUM(I22:I25) -> 7 | Z13: =SUM(J22:J25) -> 2 | ... AF13: =SUM(P22:P25) -> 224
B14: 08.00 - 08.15 | C14: 4 | D14: 0 | E14: 2 | F14: 3 | G14: 3 | H14: 0 | I14: 0 | J14: 0 | K14: 0 | L14: =SUM('[1]RD4 MCC'!R490:U490) -> 0 | M14: 55 | N14: 0 | O14: =SUM(C14:L14,N14) -> 12 | P14: =SUM(C14:N14) -> 67 | R14: 1100-1200 | S14: =SUM(C26:C29) -> 21 | T14: =SUM(D26:D29) -> 3 | U14: =SUM(E26:E29) -> 15 | V14: =SUM(F26:F29) -> 36 | W14: =SUM(G26:G29) -> 3 | X14: =SUM(H26:H29) -> 1 | Y14: =SUM(I26:I29) -> 12 | Z14: =SUM(J26:J29) -> 2 | ... AF14: =SUM(P26:P29) -> 255
B15: 08.15 - 08.30 | C15: 8 | D15: 0 | E15: 2 | F15: 9 | G15: 3 | H15: 0 | I15: 0 | J15: 0 | K15: 0 | L15: =SUM('[1]RD4 MCC'!R491:U491) -> 0 | M15: 48 | N15: 0 | O15: =SUM(C15:L15,N15) -> 22 | P15: =SUM(C15:N15) -> 70 | R15: 1200-1300 | S15: =SUM(C30:C33) -> 16 | T15: =SUM(D30:D33) -> 2 | U15: =SUM(E30:E33) -> 10 | V15: =SUM(F30:F33) -> 35 | W15: =SUM(G30:G33) -> 3 | X15: =SUM(H30:H33) -> 0 | Y15: =SUM(I30:I33) -> 13 | Z15: =SUM(J30:J33) -> 1 | ... AF15: =SUM(P30:P33) -> 240
B16: 08.30 - 08.45 | C16: 3 | D16: 0 | E16: 2 | F16: 8 | G16: 4 | H16: 1 | I16: 1 | J16: 1 | K16: 0 | L16: =SUM('[1]RD4 MCC'!R492:U492) -> 0 | M16: 43 | N16: 0 | O16: =SUM(C16:L16,N16) -> 20 | P16: =SUM(C16:N16) -> 63 | R16: 1300-1400 | S16: =SUM(C34:C37) -> 20 | T16: =SUM(D34:D37) -> 2 | U16: =SUM(E34:E37) -> 11 | V16: =SUM(F34:F37) -> 46 | W16: =SUM(G34:G37) -> 2 | X16: =SUM(H34:H37) -> 0 | Y16: =SUM(I34:I37) -> 8 | Z16: =SUM(J34:J37) -> 4 | ... AF16: =SUM(P34:P37) -> 229
B17: 08.45 - 9.00 | C17: 6 | D17: 1 | E17: 3 | F17: 9 | G17: 3 | H17: 0 | I17: 4 | J17: 0 | K17: 0 | L17: =SUM('[1]RD4 MCC'!R493:U493) -> 0 | M17: 48 | N17: 0 | O17: =SUM(C17:L17,N17) -> 26 | P17: =SUM(C17:N17) -> 74 | R17: 1400-1500 | S17: =SUM(C38:C41) -> 18 | T17: =SUM(D38:D41) -> 3 | U17: =SUM(E38:E41) -> 16 | V17: =SUM(F38:F41) -> 36 | W17: =SUM(G38:G41) -> 3 | X17: =SUM(H38:H41) -> 0 | Y17: =SUM(I38:I41) -> 9 | Z17: =SUM(J38:J41) -> 2 | ... AF17: =SUM(P38:P41) -> 206
B18: 09.00 - 09.15 | C18: 3 | D18: 0 | E18: 2 | F18: 14 | G18: 3 | H18: 0 | I18: 1 | J18: 1 | K18: 0 | L18: =SUM('[1]RD4 MCC'!R494:U494) -> 0 | M18: 40 | N18: 0 | O18: =SUM(C18:L18,N18) -> 24 | P18: =SUM(C18:N18) -> 64 | R18: 1500-1600 | S18: =SUM(C42:C45) -> 22 | T18: =SUM(D42:D45) -> 5 | U18: =SUM(E42:E45) -> 19 | V18: =SUM(F42:F45) -> 42 | W18: =SUM(G42:G45) -> 2 | X18: =SUM(H42:H45) -> 0 | Y18: =SUM(I42:I45) -> 12 | Z18: =SUM(J42:J45) -> 1 | ... AF18: =SUM(P42:P45) -> 134
B19: 09.15 - 09.30 | C19: 3 | D19: 0 | E19: 2 | F19: 10 | G19: 0 | H19: 2 | I19: 3 | J19: 0 | K19: 0 | L19: =SUM('[1]RD4 MCC'!R495:U495) -> 0 | M19: 47 | N19: 0 | O19: =SUM(C19:L19,N19) -> 20 | P19: =SUM(C19:N19) -> 67 | R19: 1600-1700 | S19: =SUM(C46:C49) -> 27 | T19: =SUM(D46:D49) -> 7 | U19: =SUM(E46:E49) -> 23 | V19: =SUM(F46:F49) -> 34 | W19: =SUM(G46:G49) -> 7 | X19: =SUM(H46:H49) -> 0 | Y19: =SUM(I46:I49) -> 11 | Z19: =SUM(J46:J49) -> 2 | ... AF19: =SUM(P46:P49) -> 206
B20: 09.30 - 09.45 | C20: 3 | D20: 0 | E20: 2 | F20: 11 | G20: 0 | H20: 0 | I20: 2 | J20: 0 | K20: 0 | L20: =SUM('[1]RD4 MCC'!R496:U496) -> 0 | M20: 58 | N20: 0 | O20: =SUM(C20:L20,N20) -> 18 | P20: =SUM(C20:N20) -> 76 | R20: 1700-1800 | S20: =SUM(C50:C53) -> 35 | T20: =SUM(D50:D53) -> 8 | U20: =SUM(E50:E53) -> 24 | V20: =SUM(F50:F53) -> 47 | W20: =SUM(G50:G53) -> 8 | X20: =SUM(H50:H53) -> 0 | Y20: =SUM(I50:I53) -> 5 | Z20: =SUM(J50:J53) -> 0 | ... AF20: =SUM(P50:P53) -> 283
B21: 09.45 - 10.00 | C21: 7 | D21: 0 | E21: 3 | F21: 14 | G21: 0 | H21: 0 | I21: 3 | J21: 0 | K21: 0 | L21: =SUM('[1]RD4 MCC'!R497:U497) -> 0 | M21: 41 | N21: 0 | O21: =SUM(C21:L21,N21) -> 27 | P21: =SUM(C21:N21) -> 68 | R21: 1800-1900 | S21: =SUM(C54:C57) -> 38 | T21: =SUM(D54:D57) -> 3 | U21: =SUM(E54:E57) -> 16 | V21: =SUM(F54:F57) -> 42 | W21: =SUM(G54:G57) -> 11 | X21: =SUM(H54:H57) -> 0 | Y21: =SUM(I54:I57) -> 13 | Z21: =SUM(J54:J57) -> 1 | ... AF21: =SUM(P54:P57) -> 297
B22: 10.00 - 10.15 | C22: 7 | D22: 0 | E22: 3 | F22: 6 | G22: 1 | H22: 0 | I22: 5 | J22: 0 | K22: 0 | L22: =SUM('[1]RD4 MCC'!R498:U498) -> 0 | M22: 38 | N22: 0 | O22: =SUM(C22:L22,N22) -> 22 | P22: =SUM(C22:N22) -> 60 | R22: 1900-2000 | S22: =SUM(C58:C61) -> 24 | T22: =SUM(D58:D61) -> 2 | U22: =SUM(E58:E61) -> 10 | V22: =SUM(F58:F61) -> 39 | W22: =SUM(G58:G61) -> 15 | X22: =SUM(H58:H61) -> 0 | Y22: =SUM(I58:I61) -> 16 | Z22: =SUM(J58:J61) -> 3 | ... AF22: =SUM(P58:P61) -> 262
B23: 10.15 - 10.30 | C23: 3 | D23: 1 | E23: 4 | F23: 11 | G23: 0 | H23: 0 | I23: 1 | J23: 1 | K23: 0 | L23: =SUM('[1]RD4 MCC'!R499:U499) -> 0 | M23: 39 | N23: 0 | O23: =SUM(C23:L23,N23) -> 21 | P23: =SUM(C23:N23) -> 60 | R23: 2000-2100 | S23: =SUM(C62:C65) -> 13 | T23: =SUM(D62:D65) -> 2 | U23: =SUM(E62:E65) -> 11 | V23: =SUM(F62:F65) -> 29 | W23: =SUM(G62:G65) -> 11 | X23: =SUM(H62:H65) -> 0 | Y23: =SUM(I62:I65) -> 13 | Z23: =SUM(J62:J65) -> 0 | ... AF23: =SUM(P62:P65) -> 188
B24: 10.30 - 10.45 | C24: 4 | D24: 0 | E24: 1 | F24: 19 | G24: 0 | H24: 0 | I24: 0 | J24: 0 | K24: 0 | L24: =SUM('[1]RD4 MCC'!R500:U500) -> 0 | M24: 35 | N24: 0 | O24: =SUM(C24:L24,N24) -> 24 | P24: =SUM(C24:N24) -> 59 | R24: 2100-2200 | S24: =SUM(C66:C69) -> 23 | T24: =SUM(D66:D69) -> 2 | U24: =SUM(E66:E69) -> 10 | V24: =SUM(F66:F69) -> 15 | W24: =SUM(G66:G69) -> 3 | X24: =SUM(H66:H69) -> 0 | Y24: =SUM(I66:I69) -> 8 | Z24: =SUM(J66:J69) -> 1 | ... AF24: =SUM(P66:P69) -> 131
B25: 10.45 - 11.00 | C25: 3 | D25: 0 | E25: 3 | F25: 8 | G25: 0 | H25: 0 | I25: 1 | J25: 1 | K25: 0 | L25: =SUM('[1]RD4 MCC'!R501:U501) -> 0 | M25: 29 | N25: 0 | O25: =SUM(C25:L25,N25) -> 16 | P25: =SUM(C25:N25) -> 45 | R25: 2200-2300 | S25: =SUM(C70:C73) -> 15 | T25: =SUM(D70:D73) -> 1 | U25: =SUM(E70:E73) -> 6 | V25: =SUM(F70:F73) -> 4 | W25: =SUM(G70:G73) -> 2 | X25: =SUM(H70:H73) -> 0 | Y25: =SUM(I70:I73) -> 8 | Z25: =SUM(J70:J73) -> 2 | ... AF25: =SUM(P70:P73) -> 84
B26: 11.00 - 11.15 | C26: 5 | D26: 1 | E26: 5 | F26: 10 | G26: 0 | H26: 0 | I26: 3 | J26: 0 | K26: 0 | L26: =SUM('[1]RD4 MCC'!R502:U502) -> 0 | M26: 36 | N26: 0 | O26: =SUM(C26:L26,N26) -> 24 | P26: =SUM(C26:N26) -> 60 | R26: 2300-0000 | S26: =SUM(C74:C77) -> 6 | T26: =SUM(D74:D77) -> 0 | U26: =SUM(E74:E77) -> 7 | V26: =SUM(F74:F77) -> 7 | W26: =SUM(G74:G77) -> 0 | X26: =SUM(H74:H77) -> 0 | Y26: =SUM(I74:I77) -> 3 | Z26: =SUM(J74:J77) -> 0 | ... AF26: =SUM(P74:P77) -> 51
B27: 11.15 - 11.30 | C27: 8 | D27: 1 | E27: 5 | F27: 8 | G27: 2 | H27: 0 | I27: 4 | J27: 1 | K27: 0 | L27: =SUM('[1]RD4 MCC'!R503:U503) -> 0 | M27: 47 | N27: 0 | O27: =SUM(C27:L27,N27) -> 29 | P27: =SUM(C27:N27) -> 76 | R27: 0000-0100 | S27: =SUM(C78:C81) -> 6 | T27: =SUM(D78:D81) -> 0 | U27: =SUM(E78:E81) -> 3 | V27: =SUM(F78:F81) -> 1 | W27: =SUM(G78:G81) -> 0 | X27: =SUM(H78:H81) -> 0 | Y27: =SUM(I78:I81) -> 6 | Z27: =SUM(J78:J81) -> 0 | ... AF27: =SUM(P78:P81) -> 28
B28: 11.30 - 11.45 | C28: 2 | D28: 0 | E28: 0 | F28: 9 | G28: 1 | H28: 1 | I28: 3 | J28: 1 | K28: 0 | L28: =SUM('[1]RD4 MCC'!R504:U504) -> 0 | M28: 39 | N28: 0 | O28: =SUM(C28:L28,N28) -> 17 | P28: =SUM(C28:N28) -> 56 | R28: 0100-0200 | S28: =SUM(C82:C85) -> 5 | T28: =SUM(D82:D85) -> 0 | U28: =SUM(E82:E85) -> 1 | V28: =SUM(F82:F85) -> 0 | W28: =SUM(G82:G85) -> 0 | X28: =SUM(H82:H85) -> 0 | Y28: =SUM(I82:I85) -> 5 | Z28: =SUM(J82:J85) -> 0 | ... AF28: =SUM(P82:P85) -> 23
B29: 11.45 - 12.00 | C29: 6 | D29: 1 | E29: 5 | F29: 9 | G29: 0 | H29: 0 | I29: 2 | J29: 0 | K29: 0 | L29: =SUM('[1]RD4 MCC'!R505:U505) -> 0 | M29: 40 | N29: 0 | O29: =SUM(C29:L29,N29) -> 23 | P29: =SUM(C29:N29) -> 63 | R29: 0200-0300 | S29: =SUM(C86:C89) -> 0 | T29: =SUM(D86:D89) -> 0 | U29: =SUM(E86:E89) -> 2 | V29: =SUM(F86:F89) -> 1 | W29: =SUM(G86:G89) -> 0 | X29: =SUM(H86:H89) -> 0 | Y29: =SUM(I86:I89) -> 4 | Z29: =SUM(J86:J89) -> 0 | ... AF29: =SUM(P86:P89) -> 8
B30: 12.00 - 12.15 | C30: 3 | D30: 1 | E30: 5 | F30: 11 | G30: 0 | H30: 0 | I30: 3 | J30: 1 | K30: 0 | L30: =SUM('[1]RD4 MCC'!R506:U506) -> 0 | M30: 40 | N30: 0 | O30: =SUM(C30:L30,N30) -> 24 | P30: =SUM(C30:N30) -> 64 | R30: 0300-0400 | S30: =SUM(C90:C93) -> 2 | T30: =SUM(D90:D93) -> 0 | U30: =SUM(E90:E93) -> 2 | V30: =SUM(F90:F93) -> 2 | W30: =SUM(G90:G93) -> 0 | X30: =SUM(H90:H93) -> 0 | Y30: =SUM(I90:I93) -> 3 | Z30: =SUM(J90:J93) -> 2 | ... AF30: =SUM(P90:P93) -> 14
B31: 12.15 - 12.30 | C31: 3 | D31: 0 | E31: 2 | F31: 9 | G31: 1 | H31: 0 | I31: 3 | J31: 0 | K31: 0 | L31: =SUM('[1]RD4 MCC'!R507:U507) -> 0 | M31: 44 | N31: 0 | O31: =SUM(C31:L31,N31) -> 18 | P31: =SUM(C31:N31) -> 62 | R31: 0400-0500 | S31: =SUM(C94:C97) -> 6 | T31: =SUM(D94:D97) -> 1 | U31: =SUM(E94:E97) -> 4 | V31: =SUM(F94:F97) -> 4 | W31: =SUM(G94:G97) -> 0 | X31: =SUM(H94:H97) -> 0 | Y31: =SUM(I94:I97) -> 1 | Z31: =SUM(J94:J97) -> 0 | ... AF31: =SUM(P94:P97) -> 23
B32: 12.30 - 12.45 | C32: 6 | D32: 1 | E32: 3 | F32: 10 | G32: 0 | H32: 0 | I32: 4 | J32: 0 | K32: 0 | L32: =SUM('[1]RD4 MCC'!R508:U508) -> 0 | M32: 41 | N32: 1 | O32: =SUM(C32:L32,N32) -> 25 | P32: =SUM(C32:N32) -> 66 | R32: 0500-0600 | S32: =SUM(C98:C101) -> 1 | T32: =SUM(D98:D101) -> 0 | U32: =SUM(E98:E101) -> 5 | V32: =SUM(F98:F101) -> 8 | W32: =SUM(G98:G101) -> 3 | X32: =SUM(H98:H101) -> 0 | Y32: =SUM(I98:I101) -> 7 | Z32: =SUM(J98:J101) -> 0 | ... AF32: =SUM(P98:P101) -> 50
B33: 12.45 - 13.00 | C33: 4 | D33: 0 | E33: 0 | F33: 5 | G33: 2 | H33: 0 | I33: 3 | J33: 0 | K33: 0 | L33: =SUM('[1]RD4 MCC'!R509:U509) -> 0 | M33: 34 | N33: 0 | O33: =SUM(C33:L33,N33) -> 14 | P33: =SUM(C33:N33) -> 48 | R33: 0600-0700 | S33: =SUM(C102:C105) -> 6 | T33: =SUM(D102:D105) -> 0 | U33: =SUM(E102:E105) -> 4 | V33: =SUM(F102:F105) -> 27 | W33: =SUM(G102:G105) -> 15 | X33: =SUM(H102:H105) -> 0 | Y33: =SUM(I102:I105) -> 6 | Z33: =SUM(J102:J105) -> 2 | ... AF33: =SUM(P102:P105) -> 172
B34: 13.00 - 13.15 | C34: 9 | D34: 1 | E34: 4 | F34: 19 | G34: 0 | H34: 0 | I34: 2 | J34: 1 | K34: 0 | L34: =SUM('[1]RD4 MCC'!R510:U510) -> 0 | M34: 36 | N34: 0 | O34: =SUM(C34:L34,N34) -> 36 | P34: =SUM(C34:N34) -> 72 | R34: AM Peak Hr | S34: =MAX(S10:S12) -> 21 | T34: =MAX(T10:T12) -> 2 | U34: =MAX(U10:U12) -> 10 | V34: =MAX(V10:V12) -> 49 | W34: =MAX(W10:W12) -> 18 | X34: =MAX(X10:X12) -> 2 | Y34: =MAX(Y10:Y12) -> 15 | Z34: =MAX(Z10:Z12) -> 1 | ... AF34: =MAX(AF10:AF12) -> 306
B35: 13.15 - 13.30 | C35: 4 | D35: 0 | E35: 3 | F35: 6 | G35: 1 | H35: 0 | I35: 5 | J35: 1 | K35: 0 | L35: =SUM('[1]RD4 MCC'!R511:U511) -> 0 | M35: 32 | N35: 0 | O35: =SUM(C35:L35,N35) -> 20 | P35: =SUM(C35:N35) -> 52 | R35: IP Peak Hr | S35: =MAX(S13:S18) -> 22 | T35: =MAX(T13:T18) -> 5 | U35: =MAX(U13:U18) -> 19 | V35: =MAX(V13:V18) -> 46 | W35: =MAX(W13:W18) -> 3 | X35: =MAX(X13:X18) -> 1 | Y35: =MAX(Y13:Y18) -> 13 | Z35: =MAX(Z13:Z18) -> 4 | ... AF35: =MAX(AF13:AF18) -> 255
B36: 13.30 - 13.45 | C36: 2 | D36: 1 | E36: 4 | F36: 14 | G36: 1 | H36: 0 | I36: 0 | J36: 1 | K36: 0 | L36: =SUM('[1]RD4 MCC'!R512:U512) -> 0 | M36: 40 | N36: 0 | O36: =SUM(C36:L36,N36) -> 23 | P36: =SUM(C36:N36) -> 63 | R36: PM Peak Hr | S36: =MAX(S19:S21) -> 38 | T36: =MAX(T19:T21) -> 8 | U36: =MAX(U19:U21) -> 24 | V36: =MAX(V19:V21) -> 47 | W36: =MAX(W19:W21) -> 11 | X36: =MAX(X19:X21) -> 0 | Y36: =MAX(Y19:Y21) -> 13 | Z36: =MAX(Z19:Z21) -> 2 | ... AF36: =MAX(AF19:AF21) -> 297
B37: 13.45 - 14.00 | C37: 5 | D37: 0 | E37: 0 | F37: 7 | G37: 0 | H37: 0 | I37: 1 | J37: 1 | K37: 0 | L37: =SUM('[1]RD4 MCC'!R513:U513) -> 0 | M37: 28 | N37: 0 | O37: =SUM(C37:L37,N37) -> 14 | P37: =SUM(C37:N37) -> 42 | R37: AM Period | S37: =SUM(S10:S12) -> 55 | T37: =SUM(T10:T12) -> 3 | U37: =SUM(U10:U12) -> 28 | V37: =SUM(V10:V12) -> 111 | W37: =SUM(W10:W12) -> 34 | X37: =SUM(X10:X12) -> 4 | Y37: =SUM(Y10:Y12) -> 29 | Z37: =SUM(Z10:Z12) -> 3 | ... AF37: =SUM(AF10:AF12) -> 855
B38: 14.00 - 14.15 | C38: 4 | D38: 1 | E38: 4 | F38: 10 | G38: 1 | H38: 0 | I38: 5 | J38: 1 | K38: 0 | L38: =SUM('[1]RD4 MCC'!R514:U514) -> 0 | M38: 37 | N38: 0 | O38: =SUM(C38:L38,N38) -> 26 | P38: =SUM(C38:N38) -> 63 | R38: IP Period | S38: =SUM(S13:S18) -> 114 | T38: =SUM(T13:T18) -> 16 | U38: =SUM(U13:U18) -> 82 | V38: =SUM(V13:V18) -> 239 | W38: =SUM(W13:W18) -> 14 | X38: =SUM(X13:X18) -> 1 | Y38: =SUM(Y13:Y18) -> 61 | Z38: =SUM(Z13:Z18) -> 12 | ... AF38: =SUM(AF13:AF18) -> 1288
B39: 14.15 - 14.30 | C39: 3 | D39: 1 | E39: 4 | F39: 7 | G39: 1 | H39: 0 | I39: 2 | J39: 1 | K39: 0 | L39: =SUM('[1]RD4 MCC'!R515:U515) -> 0 | M39: 40 | N39: 0 | O39: =SUM(C39:L39,N39) -> 19 | P39: =SUM(C39:N39) -> 59 | R39: PM Period | S39: =SUM(S19:S21) -> 100 | T39: =SUM(T19:T21) -> 18 | U39: =SUM(U19:U21) -> 63 | V39: =SUM(V19:V21) -> 123 | W39: =SUM(W19:W21) -> 26 | X39: =SUM(X19:X21) -> 0 | Y39: =SUM(Y19:Y21) -> 29 | Z39: =SUM(Z19:Z21) -> 3 | ... AF39: =SUM(AF19:AF21) -> 786
B40: 14.30 - 14.45 | C40: 2 | D40: 1 | E40: 5 | F40: 9 | G40: 0 | H40: 0 | I40: 1 | J40: 0 | K40: 0 | L40: =SUM('[1]RD4 MCC'!R516:U516) -> 0 | M40: 16 | N40: 0 | O40: =SUM(C40:L40,N40) -> 18 | P40: =SUM(C40:N40) -> 34 | R40: 12 Hours | S40: =SUM(S10:S21) -> 269 | T40: =SUM(T10:T21) -> 37 | U40: =SUM(U10:U21) -> 173 | V40: =SUM(V10:V21) -> 473 | W40: =SUM(W10:W21) -> 74 | X40: =SUM(X10:X21) -> 5 | Y40: =SUM(Y10:Y21) -> 119 | Z40: =SUM(Z10:Z21) -> 18 | ... AF40: =SUM(AF10:AF21) -> 2929
B41: 14.45 - 15.00 | C41: 9 | D41: 0 | E41: 3 | F41: 10 | G41: 1 | H41: 0 | I41: 1 | J41: 0 | K41: 0 | L41: =SUM('[1]RD4 MCC'!R517:U517) -> 0 | M41: 26 | N41: 0 | O41: =SUM(C41:L41,N41) -> 24 | P41: =SUM(C41:N41) -> 50 | R41: 24 Hrs/ADT | S41: =SUM(S10:S33) -> 376 | T41: =SUM(T10:T33) -> 45 | U41: =SUM(U10:U33) -> 238 | V41: =SUM(V10:V33) -> 610 | W41: =SUM(W10:W33) -> 123 | X41: =SUM(X10:X33) -> 5 | Y41: =SUM(Y10:Y33) -> 199 | Z41: =SUM(Z10:Z33) -> 28 | ... AF41: =SUM(AF10:AF33) -> 3963
B42: 15.00 - 15.15 | C42: 4 | D42: 1 | E42: 4 | F42: 9 | G42: 0 | H42: 0 | I42: 3 | J42: 1 | K42: 0 | L42: =SUM('[1]RD4 MCC'!R518:U518) -> 0 | M42: 15 | N42: 0 | O42: =SUM(C42:L42,N42) -> 22 | P42: =SUM(C42:N42) -> 37 | R42: NEF | S42: =S41/S40 -> 1.3977695 | T42: =T41/T40 -> 1.2162162 | U42: =U41/U40 -> 1.3757225 | V42: =V41/V40 -> 1.2896406 | W42: =W41/W40 -> 1.6621622 | X42: =X41/X40 -> 1 | Y42: =Y41/Y40 -> 1.6722689 | Z42: =Z41/Z40 -> 1.5555556 | ... AF42: =AF41/AF40 -> 1.3530215
B43: 15.15 - 15.30 | C43: 4 | D43: 0 | E43: 3 | F43: 15 | G43: 1 | H43: 0 | I43: 2 | J43: 0 | K43: 0 | L43: =SUM('[1]RD4 MCC'!R519:U519) -> 0 | M43: 8 | N43: 0 | O43: =SUM(C43:L43,N43) -> 25 | P43: =SUM(C43:N43) -> 33
B44: 15.30 - 15.45 | C44: 5 | D44: 1 | E44: 3 | F44: 8 | G44: 1 | H44: 0 | I44: 2 | J44: 0 | K44: 0 | L44: =SUM('[1]RD4 MCC'!R520:U520) -> 0 | M44: 1 | N44: 0 | O44: =SUM(C44:L44,N44) -> 20 | P44: =SUM(C44:N44) -> 21
B45: 15.45 - 16.00 | C45: 9 | D45: 3 | E45: 9 | F45: 10 | G45: 0 | H45: 0 | I45: 5 | J45: 0 | K45: 1 | L45: =SUM('[1]RD4 MCC'!R521:U521) -> 0 | M45: 6 | N45: 0 | O45: =SUM(C45:L45,N45) -> 37 | P45: =SUM(C45:N45) -> 43
B46: 16.00 - 16.15 | C46: 2 | D46: 2 | E46: 6 | F46: 8 | G46: 1 | H46: 0 | I46: 2 | J46: 0 | K46: 0 | L46: =SUM('[1]RD4 MCC'!R522:U522) -> 0 | M46: 2 | N46: 0 | O46: =SUM(C46:L46,N46) -> 21 | P46: =SUM(C46:N46) -> 23
B47: 16.15 -16.30 | C47: 6 | D47: 2 | E47: 5 | F47: 5 | G47: 1 | H47: 0 | I47: 4 | J47: 0 | K47: 0 | L47: =SUM('[1]RD4 MCC'!R523:U523) -> 0 | M47: 6 | N47: 0 | O47: =SUM(C47:L47,N47) -> 23 | P47: =SUM(C47:N47) -> 29
B48: 16.30 -16.45 | C48: 8 | D48: 2 | E48: 7 | F48: 8 | G48: 2 | H48: 0 | I48: 1 | J48: 1 | K48: 0 | L48: =SUM('[1]RD4 MCC'!R524:U524) -> 0 | M48: 32 | N48: 0 | O48: =SUM(C48:L48,N48) -> 29 | P48: =SUM(C48:N48) -> 61
B49: 16.45 -17.00 | C49: 11 | D49: 1 | E49: 5 | F49: 13 | G49: 3 | H49: 0 | I49: 4 | J49: 1 | K49: 1 | L49: =SUM('[1]RD4 MCC'!R525:U525) -> 0 | M49: 54 | N49: 0 | O49: =SUM(C49:L49,N49) -> 39 | P49: =SUM(C49:N49) -> 93
B50: 17.00 -17.15 | C50: 6 | D50: 1 | E50: 5 | F50: 15 | G50: 0 | H50: 0 | I50: 3 | J50: 0 | K50: 0 | L50: =SUM('[1]RD4 MCC'!R526:U526) -> 0 | M50: 44 | N50: 0 | O50: =SUM(C50:L50,N50) -> 30 | P50: =SUM(C50:N50) -> 74
B51: 17.15 -17.30 | C51: 5 | D51: 1 | E51: 3 | F51: 14 | G51: 2 | H51: 0 | I51: 0 | J51: 0 | K51: 0 | L51: =SUM('[1]RD4 MCC'!R527:U527) -> 0 | M51: 36 | N51: 0 | O51: =SUM(C51:L51,N51) -> 25 | P51: =SUM(C51:N51) -> 61
B52: 17.30 -17.45 | C52: 11 | D52: 3 | E52: 9 | F52: 9 | G52: 4 | H52: 0 | I52: 1 | J52: 0 | K52: 1 | L52: =SUM('[1]RD4 MCC'!R528:U528) -> 0 | M52: 42 | N52: 0 | O52: =SUM(C52:L52,N52) -> 38 | P52: =SUM(C52:N52) -> 80
B53: 17.45 -18.00 | C53: 13 | D53: 3 | E53: 7 | F53: 9 | G53: 2 | H53: 0 | I53: 1 | J53: 0 | K53: 0 | L53: =SUM('[1]RD4 MCC'!R529:U529) -> 0 | M53: 33 | N53: 0 | O53: =SUM(C53:L53,N53) -> 35 | P53: =SUM(C53:N53) -> 68
B54: 18.00 - 18.15 | C54: 10 | D54: 1 | E54: 5 | F54: 10 | G54: 3 | H54: 0 | I54: 4 | J54: 0 | K54: 0 | L54: =SUM('[1]RD4 MCC'!R530:U530) -> 0 | M54: 45 | N54: 0 | O54: =SUM(C54:L54,N54) -> 33 | P54: =SUM(C54:N54) -> 78
... B105: 06.45 - 07.00 | C105: 4 | D105: 0 | E105: 2 | F105: 6 | G105: 4 | H105: 0 | I105: 3 | J105: 2 | K105: 0 | L105: =SUM('[1]RD4 MCC'!R581:U581) -> 0 | M105: 31 | N105: 0 | O105: =SUM(C105:L105,N105) -> 21 | P105: =SUM(C105:N105) -> 52
B106: Totals | C106: =SUM(C10:C105) -> 376 | D106: =SUM(D10:D105) -> 45 | E106: =SUM(E10:E105) -> 238 | F106: =SUM(F10:F105) -> 610 | G106: =SUM(G10:G105) -> 123 | H106: =SUM(H10:H105) -> 5 | I106: =SUM(I10:I105) -> 199 | J106: =SUM(J10:J105) -> 28 | ... P106: =SUM(P10:P105) -> 3963
B107: %ges + MCs | C107: =C106/$P$106 -> 0.094877618 | D107: =D106/$P$106 -> 0.011355034 | E107: =E106/$P$106 -> 0.060055513 | F107: =F106/$P$106 -> 0.1539238 | G107: =G106/$P$106 -> 0.031037093 | H107: =H106/$P$106 -> 0.0012616705 | I107: =I106/$P$106 -> 0.050214484 | J107: =J106/$P$106 -> 0.0070653545 | ... N107: =N106/$P$106 -> 0.00025233409
B108: %ges w/o MCs | C108: =C106/$O$106 -> 0.23081645 | D108: =D106/$O$106 -> 0.027624309 | E108: =E106/$O$106 -> 0.1461019 | F108: =F106/$O$106 -> 0.37446286 | G108: =G106/$O$106 -> 0.075506446 | H108: =H106/$O$106 -> 0.0030693677 | I108: =I106/$O$106 -> 0.12216083 | J108: =J106/$O$106 -> 0.017188459 | ... L108: =L106/$O$106 -> 0 | N108: =N106/$O$106 -> 0.00061387354

Sheet 16.08 Jinja-Buwenge-24h
B1: Consultancy services for Preparation of Expressway Development Master Plan (EDMP) for Uganda
B2: MANUAL CLASSIFIED COUNT (MCC)
B3: ROAD NAME: | C3: ='12.08 Buwenge-Jinja'!C3:G3 -> MCC - C3b - STN93 - Jinja-Buwenge ROAD
C5: Date | D5: ='16.08 Buwenge-Jinja-24h'!D5 -> 16.08.19 | F5: Location | G5: ='16.08 Buwenge-Jinja-24h'!G5:H5 -> xxx | J5: Surveyor | K5: ='16.08 Buwenge-Jinja-24h'!K5:L5 -> xxx
C6: Dir. From | D6: ='12.08 Jinja-Buwenge'!D6:E6 -> Jinja | F6: Dir. To | G6: ='13.08 Jinja-Buwenge'!G6:H6 -> Buwenge | J6: Supervisor | K6: ='16.08 Buwenge-Jinja-24h'!K6:L6 -> xxx
B8: Time / Veh Type | R8: SUMMARY TRAFFIC VOLUMES
C9: 1. Car | D9: 2. Station Wagon | E9: 3. Pickups | F9: 4. Minibus, matatu | G9: 5. Medium bus | H9: 6. Large Bus | I9: 7. Light Truck | J9: 8. Medium Truck | K9: 9. Heavy truck | L9: 10. Truck Trailer | M9: 11. Motor cycles | N9: 12. Tractors | O9: Total Excl M/Cycles | P9: Total All | R9: Time | S9: 1. Car | T9: 2. Station Wagon | U9: 3. Pickups | V9: 4. Minibus, matatu | W9: 5. Medium bus | X9: 6. Large Bus | Y9: 7. Light Truck | Z9: 8. Medium Truck | AA9: 9. Heavy truck | AB9: 10. Truck Trailer | AC9: 11. Motorcycles | AD9: 12. Tractors, Graders | AE9: Total Excl M/ Cycles | AF9: Total All
B10: 07.00 - 07.15 | C10: 3 | D10: 0 | E10: 1 | F10: 6 | G10: 3 | H10: 0 | I10: 4 | J10: 1 | K10: 0 | L10: =SUM('[1]RD4 MCC'!R390:U390) -> 0 | M10: 27 | N10: 0 | O10: =SUM(C10:L10,N10) -> 18 | P10: =SUM(C10:N10) -> 45 | R10: 0700-0800 | S10: =SUM(C10:C13) -> 14 | T10: =SUM(D10:D13) -> 1 | U10: =SUM(E10:E13) -> 6 | V10: =SUM(F10:F13) -> 22 | W10: =SUM(G10:G13) -> 15 | X10: =SUM(H10:H13) -> 0 | Y10: =SUM(I10:I13) -> 9 | Z10: =SUM(J10:J13) -> 4 | ... AF10: =SUM(P10:P13) -> 166
B11: 07.15 - 07.30 | C11: 5 | D11: 0 | E11: 2 | F11: 4 | G11: 5 | H11: 0 | I11: 0 | J11: 0 | K11: 0 | L11: =SUM('[1]RD4 MCC'!R391:U391) -> 0 | M11: 22 | N11: 0 | O11: =SUM(C11:L11,N11) -> 16 | P11: =SUM(C11:N11) -> 38 | R11: 0800-0900 | S11: =SUM(C14:C17) -> 13 | T11: =SUM(D14:D17) -> 1 | U11: =SUM(E14:E17) -> 5 | V11: =SUM(F14:F17) -> 25 | W11: =SUM(G14:G17) -> 11 | X11: =SUM(H14:H17) -> 0 | Y11: =SUM(I14:I17) -> 10 | Z11: =SUM(J14:J17) -> 1 | ... AF11: =SUM(P14:P17) -> 167
B12: 07.30 - 07.45 | C12: 2 | D12: 0 | E12: 0 | F12: 6 | G12: 4 | H12: 0 | I12: 3 | J12: 1 | K12: 0 | L12: =SUM('[1]RD4 MCC'!R392:U392) -> 0 | M12: 22 | N12: 0 | O12: =SUM(C12:L12,N12) -> 16 | P12: =SUM(C12:N12) -> 38 | R12: 0900-1000 | S12: =SUM(C18:C21) -> 23 | T12: =SUM(D18:D21) -> 2 | U12: =SUM(E18:E21) -> 11 | V12: =SUM(F18:F21) -> 41 | W12: =SUM(G18:G21) -> 1 | X12: =SUM(H18:H21) -> 0 | Y12: =SUM(I18:I21) -> 8 | Z12: =SUM(J18:J21) -> 0 | ... AF12: =SUM(P18:P21) -> 208
B13: 07.45 - 08.00 | C13: 4 | D13: 1 | E13: 3 | F13: 6 | G13: 3 | H13: 0 | I13: 2 | J13: 2 | K13: 0 | L13: =SUM('[1]RD4 MCC'!R393:U393) -> 0 | M13: 24 | N13: 0 | O13: =SUM(C13:L13,N13) -> 21 | P13: =SUM(C13:N13) -> 45 | R13: 1000-1100 | S13: =SUM(C22:C25) -> 14 | T13: =SUM(D22:D25) -> 5 | U13: =SUM(E22:E25) -> 17 | V13: =SUM(F22:F25) -> 50 | W13: =SUM(G22:G25) -> 1 | X13: =SUM(H22:H25) -> 0 | Y13: =SUM(I22:I25) -> 13 | Z13: =SUM(J22:J25) -> 0 | ... AF13: =SUM(P22:P25) -> 242
B14: 08.00 - 08.15 | C14: 4 | D14: 1 | E14: 3 | F14: 6 | G14: 3 | H14: 0 | I14: 0 | J14: 0 | K14: 0 | L14: =SUM('[1]RD4 MCC'!R394:U394) -> 0 | M14: 22 | N14: 0 | O14: =SUM(C14:L14,N14) -> 17 | P14: =SUM(C14:N14) -> 39 | R14: 1100-1200 | S14: =SUM(C26:C29) -> 23 | T14: =SUM(D26:D29) -> 2 | U14: =SUM(E26:E29) -> 12 | V14: =SUM(F26:F29) -> 52 | W14: =SUM(G26:G29) -> 5 | X14: =SUM(H26:H29) -> 0 | Y14: =SUM(I26:I29) -> 12 | Z14: =SUM(J26:J29) -> 1 | ... AF14: =SUM(P26:P29) -> 296
B15: 08.15 - 08.30 | C15: 3 | D15: 0 | E15: 1 | F15: 6 | G15: 2 | H15: 0 | I15: 5 | J15: 0 | K15: 0 | L15: =SUM('[1]RD4 MCC'!R395:U395) -> 0 | M15: 27 | N15: 0 | O15: =SUM(C15:L15,N15) -> 17 | P15: =SUM(C15:N15) -> 44 | R15: 1200-1300 | S15: =SUM(C30:C33) -> 29 | T15: =SUM(D30:D33) -> 7 | U15: =SUM(E30:E33) -> 23 | V15: =SUM(F30:F33) -> 40 | W15: =SUM(G30:G33) -> 3 | X15: =SUM(H30:H33) -> 0 | Y15: =SUM(I30:I33) -> 5 | Z15: =SUM(J30:J33) -> 3 | ... AF15: =SUM(P30:P33) -> 292
B16: 08.30 - 08.45 | C16: 3 | D16: 0 | E16: 1 | F16: 5 | G16: 4 | H16: 0 | I16: 5 | J16: 1 | K16: 0 | L16: =SUM('[1]RD4 MCC'!R396:U396) -> 0 | M16: 30 | N16: 0 | O16: =SUM(C16:L16,N16) -> 19 | P16: =SUM(C16:N16) -> 49 | R16: 1300-1400 | S16: =SUM(C34:C37) -> 32 | T16: =SUM(D34:D37) -> 3 | U16: =SUM(E34:E37) -> 12 | V16: =SUM(F34:F37) -> 55 | W16: =SUM(G34:G37) -> 2 | X16: =SUM(H34:H37) -> 1 | Y16: =SUM(I34:I37) -> 6 | Z16: =SUM(J34:J37) -> 4 | ... AF16: =SUM(P34:P37) -> 300
B17: 08.45 - 9.00 | C17: 3 | D17: 0 | E17: 0 | F17: 8 | G17: 2 | H17: 0 | I17: 0 | J17: 0 | K17: 0 | L17: =SUM('[1]RD4 MCC'!R397:U397) -> 0 | M17: 22 | N17: 0 | O17: =SUM(C17:L17,N17) -> 13 | P17: =SUM(C17:N17) -> 35 | R17: 1400-1500 | S17: =SUM(C38:C41) -> 35 | T17: =SUM(D38:D41) -> 4 | U17: =SUM(E38:E41) -> 20 | V17: =SUM(F38:F41) -> 45 | W17: =SUM(G38:G41) -> 7 | X17: =SUM(H38:H41) -> 2 | Y17: =SUM(I38:I41) -> 15 | Z17: =SUM(J38:J41) -> 1 | ... AF17: =SUM(P38:P41) -> 291
B18: 09.00 - 09.15 | C18: 4 | D18: 0 | E18: 1 | F18: 8 | G18: 0 | H18: 0 | I18: 4 | J18: 0 | K18: 0 | L18: =SUM('[1]RD4 MCC'!R398:U398) -> 0 | M18: 27 | N18: 0 | O18: =SUM(C18:L18,N18) -> 17 | P18: =SUM(C18:N18) -> 44 | R18: 1500-1600 | S18: =SUM(C42:C45) -> 26 | T18: =SUM(D42:D45) -> 6 | U18: =SUM(E42:E45) -> 18 | V18: =SUM(F42:F45) -> 49 | W18: =SUM(G42:G45) -> 3 | X18: =SUM(H42:H45) -> 0 | Y18: =SUM(I42:I45) -> 21 | Z18: =SUM(J42:J45) -> 0 | ... AF18: =SUM(P42:P45) -> 183
B19: 09.15 - 09.30 | C19: 5 | D19: 1 | E19: 4 | F19: 10 | G19: 1 | H19: 0 | I19: 1 | J19: 0 | K19: 0 | L19: =SUM('[1]RD4 MCC'!R399:U399) -> 0 | M19: 35 | N19: 0 | O19: =SUM(C19:L19,N19) -> 22 | P19: =SUM(C19:N19) -> 57 | R19: 1600-1700 | S19: =SUM(C46:C49) -> 34 | T19: =SUM(D46:D49) -> 2 | U19: =SUM(E46:E49) -> 10 | V19: =SUM(F46:F49) -> 45 | W19: =SUM(G46:G49) -> 4 | X19: =SUM(H46:H49) -> 1 | Y19: =SUM(I46:I49) -> 13 | Z19: =SUM(J46:J49) -> 1 | ... AF19: =SUM(P46:P49) -> 181
B20: 09.30 - 09.45 | C20: 4 | D20: 0 | E20: 2 | F20: 13 | G20: 0 | H20: 0 | I20: 2 | J20: 0 | K20: 0 | L20: =SUM('[1]RD4 MCC'!R400:U400) -> 0 | M20: 29 | N20: 0 | O20: =SUM(C20:L20,N20) -> 21 | P20: =SUM(C20:N20) -> 50 | R20: 1700-1800 | S20: =SUM(C50:C53) -> 29 | T20: =SUM(D50:D53) -> 3 | U20: =SUM(E50:E53) -> 13 | V20: =SUM(F50:F53) -> 36 | W20: =SUM(G50:G53) -> 4 | X20: =SUM(H50:H53) -> 0 | Y20: =SUM(I50:I53) -> 10 | Z20: =SUM(J50:J53) -> 1 | ... AF20: =SUM(P50:P53) -> 281
B21: 09.45 - 10.00 | C21: 10 | D21: 1 | E21: 4 | F21: 10 | G21: 0 | H21: 0 | I21: 1 | J21: 0 | K21: 0 | L21: =SUM('[1]RD4 MCC'!R401:U401) -> 0 | M21: 31 | N21: 0 | O21: =SUM(C21:L21,N21) -> 26 | P21: =SUM(C21:N21) -> 57 | R21: 1800-1900 | S21: =SUM(C54:C57) -> 31 | T21: =SUM(D54:D57) -> 5 | U21: =SUM(E54:E57) -> 20 | V21: =SUM(F54:F57) -> 50 | W21: =SUM(G54:G57) -> 9 | X21: =SUM(H54:H57) -> 0 | Y21: =SUM(I54:I57) -> 11 | Z21: =SUM(J54:J57) -> 0 | ... AF21: =SUM(P54:P57) -> 344
B22: 10.00 - 10.15 | C22: 4 | D22: 0 | E22: 3 | F22: 13 | G22: 1 | H22: 0 | I22: 4 | J22: 0 | K22: 0 | L22: =SUM('[1]RD4 MCC'!R402:U402) -> 0 | M22: 27 | N22: 0 | O22: =SUM(C22:L22,N22) -> 25 | P22: =SUM(C22:N22) -> 52 | R22: 1900-2000 | S22: =SUM(C58:C61) -> 32 | T22: =SUM(D58:D61) -> 3 | U22: =SUM(E58:E61) -> 13 | V22: =SUM(F58:F61) -> 44 | W22: =SUM(G58:G61) -> 21 | X22: =SUM(H58:H61) -> 0 | Y22: =SUM(I58:I61) -> 11 | Z22: =SUM(J58:J61) -> 3 | ... AF22: =SUM(P58:P61) -> 364
B23: 10.15 - 10.30 | C23: 2 | D23: 1 | E23: 3 | F23: 19 | G23: 0 | H23: 0 | I23: 3 | J23: 0 | K23: 0 | L23: =SUM('[1]RD4 MCC'!R403:U403) -> 0 | M23: 44 | N23: 0 | O23: =SUM(C23:L23,N23) -> 28 | P23: =SUM(C23:N23) -> 72 | R23: 2000-2100 | S23: =SUM(C62:C65) -> 28 | T23: =SUM(D62:D65) -> 4 | U23: =SUM(E62:E65) -> 15 | V23: =SUM(F62:F65) -> 26 | W23: =SUM(G62:G65) -> 15 | X23: =SUM(H62:H65) -> 2 | Y23: =SUM(I62:I65) -> 9 | Z23: =SUM(J62:J65) -> 1 | ... AF23: =SUM(P62:P65) -> 226
B24: 10.30 - 10.45 | C24: 5 | D24: 2 | E24: 6 | F24: 7 | G24: 0 | H24: 0 | I24: 3 | J24: 0 | K24: 0 | L24: =SUM('[1]RD4 MCC'!R404:U404) -> 0 | M24: 40 | N24: 0 | O24: =SUM(C24:L24,N24) -> 23 | P24: =SUM(C24:N24) -> 63 | R24: 2100-2200 | S24: =SUM(C66:C69) -> 22 | T24: =SUM(D66:D69) -> 4 | U24: =SUM(E66:E69) -> 17 | V24: =SUM(F66:F69) -> 25 | W24: =SUM(G66:G69) -> 9 | X24: =SUM(H66:H69) -> 0 | Y24: =SUM(I66:I69) -> 7 | Z24: =SUM(J66:J69) -> 0 | ... AF24: =SUM(P66:P69) -> 217
B25: 10.45 - 11.00 | C25: 3 | D25: 2 | E25: 5 | F25: 11 | G25: 0 | H25: 0 | I25: 3 | J25: 0 | K25: 0 | L25: =SUM('[1]RD4 MCC'!R405:U405) -> 0 | M25: 31 | N25: 0 | O25: =SUM(C25:L25,N25) -> 24 | P25: =SUM(C25:N25) -> 55 | R25: 2200-2300 | S25: =SUM(C70:C73) -> 19 | T25: =SUM(D70:D73) -> 2 | U25: =SUM(E70:E73) -> 12 | V25: =SUM(F70:F73) -> 14 | W25: =SUM(G70:G73) -> 3 | X25: =SUM(H70:H73) -> 0 | Y25: =SUM(I70:I73) -> 6 | Z25: =SUM(J70:J73) -> 1 | ... AF25: =SUM(P70:P73) -> 138
B26: 11.00 - 11.15 | C26: 7 | D26: 1 | E26: 5 | F26: 12 | G26: 1 | H26: 0 | I26: 2 | J26: 0 | K26: 0 | L26: =SUM('[1]RD4 MCC'!R406:U406) -> 0 | M26: 45 | N26: 0 | O26: =SUM(C26:L26,N26) -> 28 | P26: =SUM(C26:N26) -> 73 | R26: 2300-0000 | S26: =SUM(C74:C77) -> 8 | T26: =SUM(D74:D77) -> 2 | U26: =SUM(E74:E77) -> 9 | V26: =SUM(F74:F77) -> 8 | W26: =SUM(G74:G77) -> 0 | X26: =SUM(H74:H77) -> 0 | Y26: =SUM(I74:I77) -> 1 | Z26: =SUM(J74:J77) -> 0 | ... AF26: =SUM(P74:P77) -> 83
B27: 11.15 - 11.30 | C27: 6 | D27: 1 | E27: 5 | F27: 16 | G27: 1 | H27: 0 | I27: 3 | J27: 0 | K27: 0 | L27: =SUM('[1]RD4 MCC'!R407:U407) -> 0 | M27: 40 | N27: 0 | O27: =SUM(C27:L27,N27) -> 32 | P27: =SUM(C27:N27) -> 72 | R27: 0000-0100 | S27: =SUM(C78:C81) -> 6 | T27: =SUM(D78:D81) -> 0 | U27: =SUM(E78:E81) -> 6 | V27: =SUM(F78:F81) -> 2 | W27: =SUM(G78:G81) -> 0 | X27: =SUM(H78:H81) -> 1 | Y27: =SUM(I78:I81) -> 0 | Z27: =SUM(J78:J81) -> 0 | ... AF27: =SUM(P78:P81) -> 34
B28: 11.30 - 11.45 | C28: 4 | D28: 0 | E28: 1 | F28: 10 | G28: 3 | H28: 0 | I28: 3 | J28: 1 | K28: 1 | L28: =SUM('[1]RD4 MCC'!R408:U408) -> 0 | M28: 56 | N28: 0 | O28: =SUM(C28:L28,N28) -> 23 | P28: =SUM(C28:N28) -> 79 | R28: 0100-0200 | S28: =SUM(C82:C85) -> 10 | T28: =SUM(D82:D85) -> 0 | U28: =SUM(E82:E85) -> 4 | V28: =SUM(F82:F85) -> 1 | W28: =SUM(G82:G85) -> 0 | X28: =SUM(H82:H85) -> 0 | Y28: =SUM(I82:I85) -> 2 | Z28: =SUM(J82:J85) -> 0 | ... AF28: =SUM(P82:P85) -> 34
B29: 11.45 - 12.00 | C29: 6 | D29: 0 | E29: 1 | F29: 14 | G29: 0 | H29: 0 | I29: 4 | J29: 0 | K29: 0 | L29: =SUM('[1]RD4 MCC'!R409:U409) -> 0 | M29: 47 | N29: 0 | O29: =SUM(C29:L29,N29) -> 25 | P29: =SUM(C29:N29) -> 72 | R29: 0200-0300 | S29: =SUM(C86:C89) -> 1 | T29: =SUM(D86:D89) -> 0 | U29: =SUM(E86:E89) -> 1 | V29: =SUM(F86:F89) -> 1 | W29: =SUM(G86:G89) -> 0 | X29: =SUM(H86:H89) -> 0 | Y29: =SUM(I86:I89) -> 4 | Z29: =SUM(J86:J89) -> 2 | ... AF29: =SUM(P86:P89) -> 13
B30: 12.00 - 12.15 | C30: 10 | D30: 2 | E30: 6 | F30: 8 | G30: 0 | H30: 0 | I30: 1 | J30: 1 | K30: 0 | L30: =SUM('[1]RD4 MCC'!R410:U410) -> 0 | M30: 44 | N30: 0 | O30: =SUM(C30:L30,N30) -> 28 | P30: =SUM(C30:N30) -> 72 | R30: 0300-0400 | S30: =SUM(C90:C93) -> 3 | T30: =SUM(D90:D93) -> 0 | U30: =SUM(E90:E93) -> 0 | V30: =SUM(F90:F93) -> 2 | W30: =SUM(G90:G93) -> 0 | X30: =SUM(H90:H93) -> 0 | Y30: =SUM(I90:I93) -> 2 | Z30: =SUM(J90:J93) -> 1 | ... AF30: =SUM(P90:P93) -> 11
B31: 12.15 - 12.30 | C31: 8 | D31: 2 | E31: 6 | F31: 11 | G31: 1 | H31: 0 | I31: 0 | J31: 0 | K31: 0 | L31: =SUM('[1]RD4 MCC'!R411:U411) -> 0 | M31: 50 | N31: 0 | O31: =SUM(C31:L31,N31) -> 28 | P31: =SUM(C31:N31) -> 78 | R31: 0400-0500 | S31: =SUM(C94:C97) -> 2 | T31: =SUM(D94:D97) -> 0 | U31: =SUM(E94:E97) -> 2 | V31: =SUM(F94:F97) -> 3 | W31: =SUM(G94:G97) -> 0 | X31: =SUM(H94:H97) -> 0 | Y31: =SUM(I94:I97) -> 4 | Z31: =SUM(J94:J97) -> 2 | ... AF31: =SUM(P94:P97) -> 24
B32: 12.30 - 12.45 | C32: 5 | D32: 2 | E32: 7 | F32: 12 | G32: 1 | H32: 0 | I32: 2 | J32: 2 | K32: 0 | L32: =SUM('[1]RD4 MCC'!R412:U412) -> 0 | M32: 50 | N32: 0 | O32: =SUM(C32:L32,N32) -> 31 | P32: =SUM(C32:N32) -> 81 | R32: 0500-0600 | S32: =SUM(C98:C101) -> 1 | T32: =SUM(D98:D101) -> 0 | U32: =SUM(E98:E101) -> 4 | V32: =SUM(F98:F101) -> 2 | W32: =SUM(G98:G101) -> 8 | X32: =SUM(H98:H101) -> 0 | Y32: =SUM(I98:I101) -> 6 | Z32: =SUM(J98:J101) -> 2 | ... AF32: =SUM(P98:P101) -> 42
B33: 12.45 - 13.00 | C33: 6 | D33: 1 | E33: 4 | F33: 9 | G33: 1 | H33: 0 | I33: 2 | J33: 0 | K33: 0 | L33: =SUM('[1]RD4 MCC'!R413:U413) -> 0 | M33: 38 | N33: 0 | O33: =SUM(C33:L33,N33) -> 23 | P33: =SUM(C33:N33) -> 61 | R33: 0600-0700 | S33: =SUM(C102:C105) -> 2 | T33: =SUM(D102:D105) -> 0 | U33: =SUM(E102:E105) -> 6 | V33: =SUM(F102:F105) -> 18 | W33: =SUM(G102:G105) -> 13 | X33: =SUM(H102:H105) -> 0 | Y33: =SUM(I102:I105) -> 2 | Z33: =SUM(J102:J105) -> 2 | ... AF33: =SUM(P102:P105) -> 65
B34: 13.00 - 13.15 | C34: 11 | D34: 2 | E34: 6 | F34: 13 | G34: 0 | H34: 1 | I34: 1 | J34: 0 | K34: 0 | L34: =SUM('[1]RD4 MCC'!R414:U414) -> 0 | M34: 52 | N34: 0 | O34: =SUM(C34:L34,N34) -> 34 | P34: =SUM(C34:N34) -> 86 | R34: AM Peak Hr | S34: =MAX(S10:S12) -> 23 | T34: =MAX(T10:T12) -> 2 | U34: =MAX(U10:U12) -> 11 | V34: =MAX(V10:V12) -> 41 | W34: =MAX(W10:W12) -> 15 | X34: =MAX(X10:X12) -> 0 | Y34: =MAX(Y10:Y12) -> 10 | Z34: =MAX(Z10:Z12) -> 4 | ... AF34: =MAX(AF10:AF12) -> 208
B35: 13.15 - 13.30 | C35: 6 | D35: 0 | E35: 1 | F35: 9 | G35: 1 | H35: 0 | I35: 2 | J35: 1 | K35: 0 | L35: =SUM('[1]RD4 MCC'!R415:U415) -> 0 | M35: 43 | N35: 0 | O35: =SUM(C35:L35,N35) -> 20 | P35: =SUM(C35:N35) -> 63 | R35: IP Peak Hr | S35: =MAX(S13:S18) -> 35 | T35: =MAX(T13:T18) -> 7 | U35: =MAX(U13:U18) -> 23 | V35: =MAX(V13:V18) -> 55 | W35: =MAX(W13:W18) -> 7 | X35: =MAX(X13:X18) -> 2 | Y35: =MAX(Y13:Y18) -> 21 | Z35: =MAX(Z13:Z18) -> 4 | ... AF35: =MAX(AF13:AF18) -> 300
B36: 13.30 - 13.45 | C36: 9 | D36: 0 | E36: 1 | F36: 17 | G36: 0 | H36: 0 | I36: 0 | J36: 2 | K36: 1 | L36: =SUM('[1]RD4 MCC'!R416:U416) -> 0 | M36: 49 | N36: 0 | O36: =SUM(C36:L36,N36) -> 30 | P36: =SUM(C36:N36) -> 79 | R36: PM Peak Hr | S36: =MAX(S19:S21) -> 34 | T36: =MAX(T19:T21) -> 5 | U36: =MAX(U19:U21) -> 20 | V36: =MAX(V19:V21) -> 50 | W36: =MAX(W19:W21) -> 9 | X36: =MAX(X19:X21) -> 1 | Y36: =MAX(Y19:Y21) -> 13 | Z36: =MAX(Z19:Z21) -> 1 | ... AF36: =MAX(AF19:AF21) -> 344
B37: 13.45 - 14.00 | C37: 6 | D37: 1 | E37: 4 | F37: 16 | G37: 1 | H37: 0 | I37: 3 | J37: 1 | K37: 0 | L37: =SUM('[1]RD4 MCC'!R417:U417) -> 0 | M37: 40 | N37: 0 | O37: =SUM(C37:L37,N37) -> 32 | P37: =SUM(C37:N37) -> 72 | R37: AM Period | S37: =SUM(S10:S12) -> 50 | T37: =SUM(T10:T12) -> 4 | U37: =SUM(U10:U12) -> 22 | V37: =SUM(V10:V12) -> 88 | W37: =SUM(W10:W12) -> 27 | X37: =SUM(X10:X12) -> 0 | Y37: =SUM(Y10:Y12) -> 27 | Z37: =SUM(Z10:Z12) -> 5 | ... AF37: =SUM(AF10:AF12) -> 541
B38: 14.00 - 14.15 | C38: 9 | D38: 0 | E38: 3 | F38: 13 | G38: 2 | H38: 1 | I38: 8 | J38: 0 | K38: 0 | L38: =SUM('[1]RD4 MCC'!R418:U418) -> 0 | M38: 50 | N38: 0 | O38: =SUM(C38:L38,N38) -> 36 | P38: =SUM(C38:N38) -> 86 | R38: IP Period | S38: =SUM(S13:S18) -> 159 | T38: =SUM(T13:T18) -> 27 | U38: =SUM(U13:U18) -> 102 | V38: =SUM(V13:V18) -> 291 | W38: =SUM(W13:W18) -> 21 | X38: =SUM(X13:X18) -> 3 | Y38: =SUM(Y13:Y18) -> 72 | Z38: =SUM(Z13:Z18) -> 9 | ... AF38: =SUM(AF13:AF18) -> 1604
B39: 14.15 - 14.30 | C39: 13 | D39: 2 | E39: 7 | F39: 10 | G39: 2 | H39: 0 | I39: 2 | J39: 1 | K39: 1 | L39: =SUM('[1]RD4 MCC'!R419:U419) -> 0 | M39: 37 | N39: 0 | O39: =SUM(C39:L39,N39) -> 38 | P39: =SUM(C39:N39) -> 75 | R39: PM Period | S39: =SUM(S19:S21) -> 94 | T39: =SUM(T19:T21) -> 10 | U39: =SUM(U19:U21) -> 43 | V39: =SUM(V19:V21) -> 131 | W39: =SUM(W19:W21) -> 17 | X39: =SUM(X19:X21) -> 1 | Y39: =SUM(Y19:Y21) -> 34 | Z39: =SUM(Z19:Z21) -> 2 | ... AF39: =SUM(AF19:AF21) -> 806
B40: 14.30 - 14.45 | C40: 7 | D40: 2 | E40: 7 | F40: 10 | G40: 2 | H40: 1 | I40: 3 | J40: 0 | K40: 0 | L40: =SUM('[1]RD4 MCC'!R420:U420) -> 0 | M40: 32 | N40: 0 | O40: =SUM(C40:L40,N40) -> 32 | P40: =SUM(C40:N40) -> 64 | R40: 12 Hours | S40: =SUM(S10:S21) -> 303 | T40: =SUM(T10:T21) -> 41 | U40: =SUM(U10:U21) -> 167 | V40: =SUM(V10:V21) -> 510 | W40: =SUM(W10:W21) -> 65 | X40: =SUM(X10:X21) -> 4 | Y40: =SUM(Y10:Y21) -> 133 | Z40: =SUM(Z10:Z21) -> 16 | ... AF40: =SUM(AF10:AF21) -> 2951
B41: 14.45 - 15.00 | C41: 6 | D41: 0 | E41: 3 | F41: 12 | G41: 1 | H41: 0 | I41: 2 | J41: 0 | K41: 0 | L41: =SUM('[1]RD4 MCC'!R421:U421) -> 0 | M41: 42 | N41: 0 | O41: =SUM(C41:L41,N41) -> 24 | P41: =SUM(C41:N41) -> 66 | R41: 24 Hrs/ADT | S41: =SUM(S10:S33) -> 437 | T41: =SUM(T10:T33) -> 56 | U41: =SUM(U10:U33) -> 256 | V41: =SUM(V10:V33) -> 656 | W41: =SUM(W10:W33) -> 134 | X41: =SUM(X10:X33) -> 7 | Y41: =SUM(Y10:Y33) -> 187 | Z41: =SUM(Z10:Z33) -> 30 | ... AF41: =SUM(AF10:AF33) -> 4202
B42: 15.00 - 15.15 | C42: 7 | D42: 1 | E42: 3 | F42: 7 | G42: 0 | H42: 0 | I42: 9 | J42: 0 | K42: 0 | L42: =SUM('[1]RD4 MCC'!R422:U422) -> 0 | M42: 29 | N42: 0 | O42: =SUM(C42:L42,N42) -> 27 | P42: =SUM(C42:N42) -> 56 | R42: NEF | S42: =S41/S40 -> 1.4422442 | T42: =T41/T40 -> 1.3658537 | U42: =U41/U40 -> 1.5329341 | V42: =V41/V40 -> 1.2862745 | W42: =W41/W40 -> 2.0615385 | X42: =X41/X40 -> 1.75 | Y42: =Y41/Y40 -> 1.406015 | Z42: =Z41/Z40 -> 1.875 | ... AF42: =AF41/AF40 -> 1.4239241
B43: 15.15 - 15.30 | C43: 8 | D43: 1 | E43: 3 | F43: 12 | G43: 1 | H43: 0 | I43: 5 | J43: 0 | K43: 0 | L43: =SUM('[1]RD4 MCC'!R423:U423) -> 0 | M43: 24 | N43: 0 | O43: =SUM(C43:L43,N43) -> 30 | P43: =SUM(C43:N43) -> 54
B44: 15.30 - 15.45 | C44: 8 | D44: 2 | E44: 5 | F44: 15 | G44: 0 | H44: 0 | I44: 4 | J44: 0 | K44: 0 | L44: =SUM('[1]RD4 MCC'!R424:U424) -> 0 | M44: 3 | N44: 0 | O44: =SUM(C44:L44,N44) -> 34 | P44: =SUM(C44:N44) -> 37
B45: 15.45 - 16.00 | C45: 3 | D45: 2 | E45: 7 | F45: 15 | G45: 2 | H45: 0 | I45: 3 | J45: 0 | K45: 0 | L45: =SUM('[1]RD4 MCC'!R425:U425) -> 0 | M45: 4 | N45: 0 | O45: =SUM(C45:L45,N45) -> 32 | P45: =SUM(C45:N45) -> 36
B46: 16.00 - 16.15 | C46: 6 | D46: 1 | E46: 3 | F46: 12 | G46: 0 | H46: 0 | I46: 2 | J46: 0 | K46: 1 | L46: =SUM('[1]RD4 MCC'!R426:U426) -> 0 | M46: 7 | N46: 0 | O46: =SUM(C46:L46,N46) -> 25 | P46: =SUM(C46:N46) -> 32
B47: 16.15 -16.30 | C47: 11 | D47: 1 | E47: 4 | F47: 8 | G47: 0 | H47: 0 | I47: 0 | J47: 1 | K47: 0 | L47: =SUM('[1]RD4 MCC'!R427:U427) -> 0 | M47: 3 | N47: 0 | O47: =SUM(C47:L47,N47) -> 25 | P47: =SUM(C47:N47) -> 28
B48: 16.30 -16.45 | C48: 8 | D48: 0 | E48: 1 | F48: 17 | G48: 2 | H48: 1 | I48: 7 | J48: 0 | K48: 0 | L48: =SUM('[1]RD4 MCC'!R428:U428) -> 0 | M48: 28 | N48: 0 | O48: =SUM(C48:L48,N48) -> 36 | P48: =SUM(C48:N48) -> 64
B49: 16.45 -17.00 | C49: 9 | D49: 0 | E49: 2 | F49: 8 | G49: 2 | H49: 0 | I49: 4 | J49: 0 | K49: 0 | L49: =SUM('[1]RD4 MCC'!R429:U429) -> 0 | M49: 32 | N49: 0 | O49: =SUM(C49:L49,N49) -> 25 | P49: =SUM(C49:N49) -> 57
B50: 17.00 -17.15 | C50: 9 | D50: 1 | E50: 2 | F50: 12 | G50: 1 | H50: 0 | I50: 5 | J50: 0 | K50: 0 | L50: =SUM('[1]RD4 MCC'!R430:U430) -> 0 | M50: 59 | N50: 0 | O50: =SUM(C50:L50,N50) -> 30 | P50: =SUM(C50:N50) -> 89
B51: 17.15 -17.30 | C51: 6 | D51: 1 | E51: 4 | F51: 7 | G51: 1 | H51: 0 | I51: 2 | J51: 0 | K51: 0 | L51: =SUM('[1]RD4 MCC'!R431:U431) -> 0 | M51: 42 | N51: 0 | O51: =SUM(C51:L51,N51) -> 21 | P51: =SUM(C51:N51) -> 63
B52: 17.30 -17.45 | C52: 5 | D52: 0 | E52: 3 | F52: 11 | G52: 1 | H52: 0 | I52: 2 | J52: 0 | K52: 0 | L52: =SUM('[1]RD4 MCC'!R432:U432) -> 0 | M52: 38 | N52: 0 | O52: =SUM(C52:L52,N52) -> 22 | P52: =SUM(C52:N52) -> 60
B53: 17.45 -18.00 | C53: 9 | D53: 1 | E53: 4 | F53: 6 | G53: 1 | H53: 0 | I53: 1 | J53: 1 | K53: 0 | L53: =SUM('[1]RD4 MCC'!R433:U433) -> 0 | M53: 46 | N53: 0 | O53: =SUM(C53:L53,N53) -> 23 | P53: =SUM(C53:N53) -> 69
B54: 18.00 - 18.15 | C54: 7 | D54: 2 | E54: 6 | F54: 14 | G54: 2 | H54: 0 | I54: 3 | J54: 0 | K54: 0 | L54: =SUM('[1]RD4 MCC'!R434:U434) -> 0 | M54: 56 | N54: 0 | O54: =SUM(C54:L54,N54) -> 34 | P54: =SUM(C54:N54) -> 90
... B105: 06.45 - 07.00 | C105: 1 | D105: 0 | E105: 3 | F105: 3 | G105: 3 | H105: 0 | I105: 1 | J105: 1 | K105: 0 | L105: =SUM('[1]RD4 MCC'!R485:U485) -> 0 | M105: 0 | N105: 0 | O105: =SUM(C105:L105,N105) -> 12 | P105: =SUM(C105:N105) -> 12
B106: Totals | C106: =SUM(C10:C105) -> 437 | D106: =SUM(D10:D105) -> 56 | E106: =SUM(E10:E105) -> 256 | F106: =SUM(F10:F105) -> 656 | G106: =SUM(G10:G105) -> 134 | H106: =SUM(H10:H105) -> 7 | I106: =SUM(I10:I105) -> 187 | J106: =SUM(J10:J105) -> 30 | ... P106: =SUM(P10:P105) -> 4202
B107: %ges + MCs | C107: =C106/$P$106 -> 0.1039981 | D107: =D106/$P$106 -> 0.013326987 | E107: =E106/$P$106 -> 0.06092337 | F107: =F106/$P$106 -> 0.15611614 | G107: =G106/$P$106 -> 0.031889576 | H107: =H106/$P$106 -> 0.0016658734 | I107: =I106/$P$106 -> 0.044502618 | J107: =J106/$P$106 -> 0.0071394574 | ... N107: =N106/$P$106 -> 0
B108: %ges w/o MCs | C108: =C106/$O$106 -> 0.24717195 | D108: =D106/$O$106 -> 0.031674208 | E108: =E106/$O$106 -> 0.14479638 | F108: =F106/$O$106 -> 0.37104072 | G108: =G106/$O$106 -> 0.075791855 | H108: =H106/$O$106 -> 0.003959276 | I108: =I106/$O$106 -> 0.10576923 | J108: =J106/$O$106 -> 0.016968326 | ... L108: =L106/$O$106 -> 0 | N108: =N106/$O$106 -> 0

Sheet 17.08 Buwenge-Jinja-24h
B1: Consultancy services for Preparation of Expressway Development Master Plan (EDMP) for Uganda
B2: MANUAL CLASSIFIED COUNT (MCC)
B3: ROAD NAME: | C3: ='12.08 Buwenge-Jinja'!C3:G3 -> MCC - C3b - STN93 - Jinja-Buwenge ROAD
C5: Date | D5: 17.08.19 | F5: Location | G5: ='16.08 Jinja-Buwenge-24h'!G5:H5 -> xxx | J5: Surveyor | K5: ='16.08 Jinja-Buwenge-24h'!K5:L5 -> xxx
C6: Dir. From | D6: ='12.08 Buwenge-Jinja'!D6:E6 -> Buwenge | F6: Dir. To | G6: ='12.08 Buwenge-Jinja'!G6:H6 -> Jinja | J6: Supervisor | K6: ='16.08 Jinja-Buwenge-24h'!K6:L6 -> xxx
B8: Time / Veh Type | R8: SUMMARY TRAFFIC VOLUMES
C9: 1. Car | D9: 2. Station Wagon | E9: 3. Pickups | F9: 4. Minibus, matatu | G9: 5. Medium bus | H9: 6. Large Bus | I9: 7. Light Truck | J9: 8. Medium Truck | K9: 9. Heavy truck | L9: 10. Truck Trailer | M9: 11. Motor cycles | N9: 12. Tractors | O9: Total Excl M/Cycles | P9: Total All | R9: Time | S9: 1. Car | T9: 2. Station Wagon | U9: 3. Pickups | V9: 4. Minibus, matatu | W9: 5. Medium bus | X9: 6. Large Bus | Y9: 7. Light Truck | Z9: 8. Medium Truck | AA9: 9. Heavy truck | AB9: 10. Truck Trailer | AC9: 11. Motorcycles | AD9: 12. Tractors, Graders | AE9: Total Excl M/ Cycles | AF9: Total All
B10: 07.00 - 07.15 | C10: 4 | D10: 0 | E10: 2 | F10: 5 | G10: 5 | H10: 0 | I10: 4 | J10: 0 | K10: 0 | L10: =SUM('[1]RD4 MCC'!R678:U678) -> 0 | M10: 60 | N10: 0 | O10: =SUM(C10:L10,N10) -> 20 | P10: =SUM(C10:N10) -> 80 | R10: 0700-0800 | S10: =SUM(C10:C13) -> 18 | T10: =SUM(D10:D13) -> 0 | U10: =SUM(E10:E13) -> 7 | V10: =SUM(F10:F13) -> 39 | W10: =SUM(G10:G13) -> 18 | X10: =SUM(H10:H13) -> 1 | Y10: =SUM(I10:I13) -> 14 | Z10: =SUM(J10:J13) -> 0 | ... AF10: =SUM(P10:P13) -> 305
B11: 07.15 - 07.30 | C11: 2 | D11: 0 | E11: 0 | F11: 12 | G11: 4 | H11: 1 | I11: 3 | J11: 0 | K11: 0 | L11: =SUM('[1]RD4 MCC'!R679:U679) -> 0 | M11: 60 | N11: 0 | O11: =SUM(C11:L11,N11) -> 22 | P11: =SUM(C11:N11) -> 82 | R11: 0800-0900 | S11: =SUM(C14:C17) -> 18 | T11: =SUM(D14:D17) -> 2 | U11: =SUM(E14:E17) -> 11 | V11: =SUM(F14:F17) -> 27 | W11: =SUM(G14:G17) -> 9 | X11: =SUM(H14:H17) -> 2 | Y11: =SUM(I14:I17) -> 4 | Z11: =SUM(J14:J17) -> 0 | ... AF11: =SUM(P14:P17) -> 258
B12: 07.30 - 07.45 | C12: 5 | D12: 0 | E12: 2 | F12: 6 | G12: 2 | H12: 0 | I12: 4 | J12: 0 | K12: 0 | L12: =SUM('[1]RD4 MCC'!R680:U680) -> 0 | M12: 42 | N12: 0 | O12: =SUM(C12:L12,N12) -> 19 | P12: =SUM(C12:N12) -> 61 | R12: 0900-1000 | S12: =SUM(C18:C21) -> 17 | T12: =SUM(D18:D21) -> 2 | U12: =SUM(E18:E21) -> 9 | V12: =SUM(F18:F21) -> 36 | W12: =SUM(G18:G21) -> 7 | X12: =SUM(H18:H21) -> 0 | Y12: =SUM(I18:I21) -> 10 | Z12: =SUM(J18:J21) -> 1 | ... AF12: =SUM(P18:P21) -> 236
B13: 07.45 - 08.00 | C13: 7 | D13: 0 | E13: 3 | F13: 16 | G13: 7 | H13: 0 | I13: 3 | J13: 0 | K13: 0 | L13: =SUM('[1]RD4 MCC'!R681:U681) -> 0 | M13: 46 | N13: 0 | O13: =SUM(C13:L13,N13) -> 36 | P13: =SUM(C13:N13) -> 82 | R13: 1000-1100 | S13: =SUM(C22:C25) -> 16 | T13: =SUM(D22:D25) -> 0 | U13: =SUM(E22:E25) -> 8 | V13: =SUM(F22:F25) -> 39 | W13: =SUM(G22:G25) -> 2 | X13: =SUM(H22:H25) -> 0 | Y13: =SUM(I22:I25) -> 12 | Z13: =SUM(J22:J25) -> 0 | ... AF13: =SUM(P22:P25) -> 265
B14: 08.00 - 08.15 | C14: 9 | D14: 1 | E14: 5 | F14: 9 | G14: 5 | H14: 0 | I14: 2 | J14: 0 | K14: 0 | L14: =SUM('[1]RD4 MCC'!R682:U682) -> 0 | M14: 66 | N14: 0 | O14: =SUM(C14:L14,N14) -> 31 | P14: =SUM(C14:N14) -> 97 | R14: 1100-1200 | S14: =SUM(C26:C29) -> 19 | T14: =SUM(D26:D29) -> 3 | U14: =SUM(E26:E29) -> 13 | V14: =SUM(F26:F29) -> 33 | W14: =SUM(G26:G29) -> 0 | X14: =SUM(H26:H29) -> 1 | Y14: =SUM(I26:I29) -> 8 | Z14: =SUM(J26:J29) -> 6 | ... AF14: =SUM(P26:P29) -> 256
B15: 08.15 - 08.30 | C15: 1 | D15: 0 | E15: 0 | F15: 2 | G15: 0 | H15: 1 | I15: 0 | J15: 0 | K15: 0 | L15: =SUM('[1]RD4 MCC'!R683:U683) -> 0 | M15: 25 | N15: 0 | O15: =SUM(C15:L15,N15) -> 4 | P15: =SUM(C15:N15) -> 29 | R15: 1200-1300 | S15: =SUM(C30:C33) -> 22 | T15: =SUM(D30:D33) -> 1 | U15: =SUM(E30:E33) -> 11 | V15: =SUM(F30:F33) -> 36 | W15: =SUM(G30:G33) -> 1 | X15: =SUM(H30:H33) -> 0 | Y15: =SUM(I30:I33) -> 14 | Z15: =SUM(J30:J33) -> 0 | ... AF15: =SUM(P30:P33) -> 233
B16: 08.30 - 08.45 | C16: 3 | D16: 0 | E16: 3 | F16: 13 | G16: 2 | H16: 1 | I16: 1 | J16: 0 | K16: 0 | L16: =SUM('[1]RD4 MCC'!R684:U684) -> 0 | M16: 48 | N16: 0 | O16: =SUM(C16:L16,N16) -> 23 | P16: =SUM(C16:N16) -> 71 | R16: 1300-1400 | S16: =SUM(C34:C37) -> 17 | T16: =SUM(D34:D37) -> 3 | U16: =SUM(E34:E37) -> 14 | V16: =SUM(F34:F37) -> 35 | W16: =SUM(G34:G37) -> 3 | X16: =SUM(H34:H37) -> 0 | Y16: =SUM(I34:I37) -> 13 | Z16: =SUM(J34:J37) -> 1 | ... AF16: =SUM(P34:P37) -> 219
B17: 08.45 - 9.00 | C17: 5 | D17: 1 | E17: 3 | F17: 3 | G17: 2 | H17: 0 | I17: 1 | J17: 0 | K17: 0 | L17: =SUM('[1]RD4 MCC'!R685:U685) -> 0 | M17: 46 | N17: 0 | O17: =SUM(C17:L17,N17) -> 15 | P17: =SUM(C17:N17) -> 61 | R17: 1400-1500 | S17: =SUM(C38:C41) -> 14 | T17: =SUM(D38:D41) -> 2 | U17: =SUM(E38:E41) -> 12 | V17: =SUM(F38:F41) -> 44 | W17: =SUM(G38:G41) -> 2 | X17: =SUM(H38:H41) -> 0 | Y17: =SUM(I38:I41) -> 15 | Z17: =SUM(J38:J41) -> 2 | ... AF17: =SUM(P38:P41) -> 290
B18: 09.00 - 09.15 | C18: 4 | D18: 1 | E18: 3 | F18: 9 | G18: 6 | H18: 0 | I18: 4 | J18: 0 | K18: 0 | L18: =SUM('[1]RD4 MCC'!R686:U686) -> 0 | M18: 35 | N18: 0 | O18: =SUM(C18:L18,N18) -> 27 | P18: =SUM(C18:N18) -> 62 | R18: 1500-1600 | S18: =SUM(C42:C45) -> 11 | T18: =SUM(D42:D45) -> 6 | U18: =SUM(E42:E45) -> 18 | V18: =SUM(F42:F45) -> 42 | W18: =SUM(G42:G45) -> 2 | X18: =SUM(H42:H45) -> 0 | Y18: =SUM(I42:I45) -> 25 | Z18: =SUM(J42:J45) -> 2 | ... AF18: =SUM(P42:P45) -> 274
B19: 09.15 - 09.30 | C19: 3 | D19: 0 | E19: 2 | F19: 10 | G19: 0 | H19: 0 | I19: 2 | J19: 0 | K19: 0 | L19: =SUM('[1]RD4 MCC'!R687:U687) -> 0 | M19: 40 | N19: 0 | O19: =SUM(C19:L19,N19) -> 17 | P19: =SUM(C19:N19) -> 57 | R19: 1600-1700 | S19: =SUM(C46:C49) -> 33 | T19: =SUM(D46:D49) -> 4 | U19: =SUM(E46:E49) -> 16 | V19: =SUM(F46:F49) -> 44 | W19: =SUM(G46:G49) -> 4 | X19: =SUM(H46:H49) -> 0 | Y19: =SUM(I46:I49) -> 18 | Z19: =SUM(J46:J49) -> 0 | ... AF19: =SUM(P46:P49) -> 314
B20: 09.30 - 09.45 | C20: 4 | D20: 1 | E20: 3 | F20: 11 | G20: 1 | H20: 0 | I20: 2 | J20: 0 | K20: 0 | L20: =SUM('[1]RD4 MCC'!R688:U688) -> 0 | M20: 43 | N20: 0 | O20: =SUM(C20:L20,N20) -> 22 | P20: =SUM(C20:N20) -> 65 | R20: 1700-1800 | S20: =SUM(C50:C53) -> 74 | T20: =SUM(D50:D53) -> 13 | U20: =SUM(E50:E53) -> 35 | V20: =SUM(F50:F53) -> 65 | W20: =SUM(G50:G53) -> 10 | X20: =SUM(H50:H53) -> 0 | Y20: =SUM(I50:I53) -> 22 | Z20: =SUM(J50:J53) -> 1 | ... AF20: =SUM(P50:P53) -> 357
B21: 09.45 - 10.00 | C21: 6 | D21: 0 | E21: 1 | F21: 6 | G21: 0 | H21: 0 | I21: 2 | J21: 1 | K21: 0 | L21: =SUM('[1]RD4 MCC'!R689:U689) -> 0 | M21: 36 | N21: 0 | O21: =SUM(C21:L21,N21) -> 16 | P21: =SUM(C21:N21) -> 52 | R21: 1800-1900 | S21: =SUM(C54:C57) -> 43 | T21: =SUM(D54:D57) -> 14 | U21: =SUM(E54:E57) -> 37 | V21: =SUM(F54:F57) -> 46 | W21: =SUM(G54:G57) -> 11 | X21: =SUM(H54:H57) -> 0 | Y21: =SUM(I54:I57) -> 18 | Z21: =SUM(J54:J57) -> 2 | ... AF21: =SUM(P54:P57) -> 212
B22: 10.00 - 10.15 | C22: 5 | D22: 0 | E22: 3 | F22: 9 | G22: 1 | H22: 0 | I22: 5 | J22: 0 | K22: 0 | L22: =SUM('[1]RD4 MCC'!R690:U690) -> 0 | M22: 51 | N22: 1 | O22: =SUM(C22:L22,N22) -> 24 | P22: =SUM(C22:N22) -> 75 | R22: 1900-2000 | S22: =SUM(C58:C61) -> 22 | T22: =SUM(D58:D61) -> 6 | U22: =SUM(E58:E61) -> 20 | V22: =SUM(F58:F61) -> 11 | W22: =SUM(G58:G61) -> 0 | X22: =SUM(H58:H61) -> 129 | Y22: =SUM(I58:I61) -> 1 | Z22: =SUM(J58:J61) -> 1 | ... AF22: =SUM(P58:P61) -> 196
B23: 10.15 - 10.30 | C23: 5 | D23: 0 | E23: 2 | F23: 9 | G23: 0 | H23: 0 | I23: 0 | J23: 0 | K23: 0 | L23: =SUM('[1]RD4 MCC'!R691:U691) -> 0 | M23: 48 | N23: 0 | O23: =SUM(C23:L23,N23) -> 16 | P23: =SUM(C23:N23) -> 64 | R23: 2000-2100 | S23: =SUM(C62:C65) -> 44 | T23: =SUM(D62:D65) -> 11 | U23: =SUM(E62:E65) -> 29 | V23: =SUM(F62:F65) -> 12 | W23: =SUM(G62:G65) -> 1 | X23: =SUM(H62:H65) -> 114 | Y23: =SUM(I62:I65) -> 1 | Z23: =SUM(J62:J65) -> 0 | ... AF23: =SUM(P62:P65) -> 219
B24: 10.30 - 10.45 | C24: 4 | D24: 0 | E24: 1 | F24: 13 | G24: 0 | H24: 0 | I24: 2 | J24: 0 | K24: 0 | L24: =SUM('[1]RD4 MCC'!R692:U692) -> 0 | M24: 42 | N24: 0 | O24: =SUM(C24:L24,N24) -> 20 | P24: =SUM(C24:N24) -> 62 | R24: 2100-2200 | S24: =SUM(C66:C69) -> 21 | T24: =SUM(D66:D69) -> 2 | U24: =SUM(E66:E69) -> 14 | V24: =SUM(F66:F69) -> 6 | W24: =SUM(G66:G69) -> 0 | X24: =SUM(H66:H69) -> 74 | Y24: =SUM(I66:I69) -> 1 | Z24: =SUM(J66:J69) -> 0 | ... AF24: =SUM(P66:P69) -> 123
B25: 10.45 - 11.00 | C25: 2 | D25: 0 | E25: 2 | F25: 8 | G25: 1 | H25: 0 | I25: 5 | J25: 0 | K25: 0 | L25: =SUM('[1]RD4 MCC'!R693:U693) -> 0 | M25: 46 | N25: 0 | O25: =SUM(C25:L25,N25) -> 18 | P25: =SUM(C25:N25) -> 64 | R25: 2200-2300 | S25: =SUM(C70:C73) -> 4 | T25: =SUM(D70:D73) -> 0 | U25: =SUM(E70:E73) -> 5 | V25: =SUM(F70:F73) -> 1 | W25: =SUM(G70:G73) -> 0 | X25: =SUM(H70:H73) -> 24 | Y25: =SUM(I70:I73) -> 3 | Z25: =SUM(J70:J73) -> 0 | ... AF25: =SUM(P70:P73) -> 42
B26: 11.00 - 11.15 | C26: 6 | D26: 1 | E26: 3 | F26: 9 | G26: 0 | H26: 0 | I26: 0 | J26: 3 | K26: 1 | L26: =SUM('[1]RD4 MCC'!R694:U694) -> 0 | M26: 42 | N26: 0 | O26: =SUM(C26:L26,N26) -> 23 | P26: =SUM(C26:N26) -> 65 | R26: 2300-0000 | S26: =SUM(C74:C77) -> 5 | T26: =SUM(D74:D77) -> 0 | U26: =SUM(E74:E77) -> 6 | V26: =SUM(F74:F77) -> 4 | W26: =SUM(G74:G77) -> 0 | X26: =SUM(H74:H77) -> 27 | Y26: =SUM(I74:I77) -> 1 | Z26: =SUM(J74:J77) -> 0 | ... AF26: =SUM(P74:P77) -> 45
B27: 11.15 - 11.30 | C27: 2 | D27: 2 | E27: 7 | F27: 8 | G27: 0 | H27: 0 | I27: 3 | J27: 1 | K27: 0 | L27: =SUM('[1]RD4 MCC'!R695:U695) -> 0 | M27: 50 | N27: 0 | O27: =SUM(C27:L27,N27) -> 23 | P27: =SUM(C27:N27) -> 73 | R27: 0000-0100 | S27: =SUM(C78:C81) -> 6 | T27: =SUM(D78:D81) -> 0 | U27: =SUM(E78:E81) -> 6 | V27: =SUM(F78:F81) -> 0 | W27: =SUM(G78:G81) -> 0 | X27: =SUM(H78:H81) -> 15 | Y27: =SUM(I78:I81) -> 1 | Z27: =SUM(J78:J81) -> 0 | ... AF27: =SUM(P78:P81) -> 28
B28: 11.30 - 11.45 | C28: 7 | D28: 0 | E28: 1 | F28: 8 | G28: 0 | H28: 0 | I28: 3 | J28: 2 | K28: 0 | L28: =SUM('[1]RD4 MCC'!R696:U696) -> 0 | M28: 45 | N28: 0 | O28: =SUM(C28:L28,N28) -> 21 | P28: =SUM(C28:N28) -> 66 | R28: 0100-0200 | S28: =SUM(C82:C85) -> 1 | T28: =SUM(D82:D85) -> 0 | U28: =SUM(E82:E85) -> 0 | V28: =SUM(F82:F85) -> 0 | W28: =SUM(G82:G85) -> 0 | X28: =SUM(H82:H85) -> 2 | Y28: =SUM(I82:I85) -> 1 | Z28: =SUM(J82:J85) -> 0 | ... AF28: =SUM(P82:P85) -> 4
B29: 11.45 - 12.00 | C29: 4 | D29: 0 | E29: 2 | F29: 8 | G29: 0 | H29: 1 | I29: 2 | J29: 0 | K29: 0 | L29: =SUM('[1]RD4 MCC'!R697:U697) -> 0 | M29: 35 | N29: 0 | O29: =SUM(C29:L29,N29) -> 17 | P29: =SUM(C29:N29) -> 52 | R29: 0200-0300 | S29: =SUM(C86:C89) -> 0 | T29: =SUM(D86:D89) -> 0 | U29: =SUM(E86:E89) -> 0 | V29: =SUM(F86:F89) -> 0 | W29: =SUM(G86:G89) -> 0 | X29: =SUM(H86:H89) -> 3 | Y29: =SUM(I86:I89) -> 0 | Z29: =SUM(J86:J89) -> 0 | ... AF29: =SUM(P86:P89) -> 3
B30: 12.00 - 12.15 | C30: 3 | D30: 0 | E30: 2 | F30: 9 | G30: 1 | H30: 0 | I30: 4 | J30: 0 | K30: 0 | L30: =SUM('[1]RD4 MCC'!R698:U698) -> 0 | M30: 38 | N30: 0 | O30: =SUM(C30:L30,N30) -> 19 | P30: =SUM(C30:N30) -> 57 | R30: 0300-0400 | S30: =SUM(C90:C93) -> 1 | T30: =SUM(D90:D93) -> 0 | U30: =SUM(E90:E93) -> 0 | V30: =SUM(F90:F93) -> 0 | W30: =SUM(G90:G93) -> 0 | X30: =SUM(H90:H93) -> 2 | Y30: =SUM(I90:I93) -> 0 | Z30: =SUM(J90:J93) -> 0 | ... AF30: =SUM(P90:P93) -> 3
B31: 12.15 - 12.30 | C31: 7 | D31: 0 | E31: 3 | F31: 12 | G31: 0 | H31: 0 | I31: 4 | J31: 0 | K31: 0 | L31: =SUM('[1]RD4 MCC'!R699:U699) -> 0 | M31: 51 | N31: 0 | O31: =SUM(C31:L31,N31) -> 26 | P31: =SUM(C31:N31) -> 77 | R31: 0400-0500 | S31: =SUM(C94:C97) -> 0 | T31: =SUM(D94:D97) -> 0 | U31: =SUM(E94:E97) -> 4 | V31: =SUM(F94:F97) -> 0 | W31: =SUM(G94:G97) -> 0 | X31: =SUM(H94:H97) -> 8 | Y31: =SUM(I94:I97) -> 0 | Z31: =SUM(J94:J97) -> 0 | ... AF31: =SUM(P94:P97) -> 12
B32: 12.30 - 12.45 | C32: 3 | D32: 1 | E32: 3 | F32: 9 | G32: 0 | H32: 0 | I32: 2 | J32: 0 | K32: 0 | L32: =SUM('[1]RD4 MCC'!R700:U700) -> 0 | M32: 24 | N32: 0 | O32: =SUM(C32:L32,N32) -> 18 | P32: =SUM(C32:N32) -> 42 | R32: 0500-0600 | S32: =SUM(C98:C101) -> 2 | T32: =SUM(D98:D101) -> 1 | U32: =SUM(E98:E101) -> 8 | V32: =SUM(F98:F101) -> 3 | W32: =SUM(G98:G101) -> 0 | X32: =SUM(H98:H101) -> 14 | Y32: =SUM(I98:I101) -> 0 | Z32: =SUM(J98:J101) -> 0 | ... AF32: =SUM(P98:P101) -> 29
B33: 12.45 - 13.00 | C33: 9 | D33: 0 | E33: 3 | F33: 6 | G33: 0 | H33: 0 | I33: 4 | J33: 0 | K33: 0 | L33: =SUM('[1]RD4 MCC'!R701:U701) -> 0 | M33: 35 | N33: 0 | O33: =SUM(C33:L33,N33) -> 22 | P33: =SUM(C33:N33) -> 57 | R33: 0600-0700 | S33: =SUM(C102:C105) -> 1 | T33: =SUM(D102:D105) -> 1 | U33: =SUM(E102:E105) -> 11 | V33: =SUM(F102:F105) -> 1 | W33: =SUM(G102:G105) -> 0 | X33: =SUM(H102:H105) -> 42 | Y33: =SUM(I102:I105) -> 0 | Z33: =SUM(J102:J105) -> 0 | ... AF33: =SUM(P102:P105) -> 60
B34: 13.00 - 13.15 | C34: 5 | D34: 0 | E34: 2 | F34: 6 | G34: 2 | H34: 0 | I34: 4 | J34: 0 | K34: 0 | L34: =SUM('[1]RD4 MCC'!R702:U702) -> 0 | M34: 37 | N34: 0 | O34: =SUM(C34:L34,N34) -> 19 | P34: =SUM(C34:N34) -> 56 | R34: AM Peak Hr | S34: =MAX(S10:S12) -> 18 | T34: =MAX(T10:T12) -> 2 | U34: =MAX(U10:U12) -> 11 | V34: =MAX(V10:V12) -> 39 | W34: =MAX(W10:W12) -> 18 | X34: =MAX(X10:X12) -> 2 | Y34: =MAX(Y10:Y12) -> 14 | Z34: =MAX(Z10:Z12) -> 1 | ... AF34: =MAX(AF10:AF12) -> 305
B35: 13.15 - 13.30 | C35: 2 | D35: 0 | E35: 3 | F35: 3 | G35: 0 | H35: 0 | I35: 3 | J35: 1 | K35: 0 | L35: =SUM('[1]RD4 MCC'!R703:U703) -> 0 | M35: 20 | N35: 0 | O35: =SUM(C35:L35,N35) -> 12 | P35: =SUM(C35:N35) -> 32 | R35: IP Peak Hr | S35: =MAX(S13:S18) -> 22 | T35: =MAX(T13:T18) -> 6 | U35: =MAX(U13:U18) -> 18 | V35: =MAX(V13:V18) -> 44 | W35: =MAX(W13:W18) -> 3 | X35: =MAX(X13:X18) -> 1 | Y35: =MAX(Y13:Y18) -> 25 | Z35: =MAX(Z13:Z18) -> 6 | ... AF35: =MAX(AF13:AF18) -> 290
B36: 13.30 - 13.45 | C36: 5 | D36: 1 | E36: 3 | F36: 15 | G36: 0 | H36: 0 | I36: 3 | J36: 0 | K36: 1 | L36: =SUM('[1]RD4 MCC'!R704:U704) -> 0 | M36: 33 | N36: 0 | O36: =SUM(C36:L36,N36) -> 28 | P36: =SUM(C36:N36) -> 61 | R36: PM Peak Hr | S36: =MAX(S19:S21) -> 74 | T36: =MAX(T19:T21) -> 14 | U36: =MAX(U19:U21) -> 37 | V36: =MAX(V19:V21) -> 65 | W36: =MAX(W19:W21) -> 11 | X36: =MAX(X19:X21) -> 0 | Y36: =MAX(Y19:Y21) -> 22 | Z36: =MAX(Z19:Z21) -> 2 | ... AF36: =MAX(AF19:AF21) -> 357
B37: 13.45 - 14.00 | C37: 5 | D37: 2 | E37: 6 | F37: 11 | G37: 1 | H37: 0 | I37: 3 | J37: 0 | K37: 0 | L37: =SUM('[1]RD4 MCC'!R705:U705) -> 0 | M37: 42 | N37: 0 | O37: =SUM(C37:L37,N37) -> 28 | P37: =SUM(C37:N37) -> 70 | R37: AM Period | S37: =SUM(S10:S12) -> 53 | T37: =SUM(T10:T12) -> 4 | U37: =SUM(U10:U12) -> 27 | V37: =SUM(V10:V12) -> 102 | W37: =SUM(W10:W12) -> 34 | X37: =SUM(X10:X12) -> 3 | Y37: =SUM(Y10:Y12) -> 28 | Z37: =SUM(Z10:Z12) -> 1 | ... AF37: =SUM(AF10:AF12) -> 799
B38: 14.00 - 14.15 | C38: 3 | D38: 0 | E38: 3 | F38: 5 | G38: 0 | H38: 0 | I38: 3 | J38: 1 | K38: 0 | L38: =SUM('[1]RD4 MCC'!R706:U706) -> 0 | M38: 61 | N38: 0 | O38: =SUM(C38:L38,N38) -> 15 | P38: =SUM(C38:N38) -> 76 | R38: IP Period | S38: =SUM(S13:S18) -> 99 | T38: =SUM(T13:T18) -> 15 | U38: =SUM(U13:U18) -> 76 | V38: =SUM(V13:V18) -> 229 | W38: =SUM(W13:W18) -> 10 | X38: =SUM(X13:X18) -> 1 | Y38: =SUM(Y13:Y18) -> 87 | Z38: =SUM(Z13:Z18) -> 11 | ... AF38: =SUM(AF13:AF18) -> 1537
B39: 14.15 - 14.30 | C39: 4 | D39: 0 | E39: 1 | F39: 16 | G39: 1 | H39: 0 | I39: 4 | J39: 0 | K39: 0 | L39: =SUM('[1]RD4 MCC'!R707:U707) -> 0 | M39: 46 | N39: 0 | O39: =SUM(C39:L39,N39) -> 26 | P39: =SUM(C39:N39) -> 72 | R39: PM Period | S39: =SUM(S19:S21) -> 150 | T39: =SUM(T19:T21) -> 31 | U39: =SUM(U19:U21) -> 88 | V39: =SUM(V19:V21) -> 155 | W39: =SUM(W19:W21) -> 25 | X39: =SUM(X19:X21) -> 0 | Y39: =SUM(Y19:Y21) -> 58 | Z39: =SUM(Z19:Z21) -> 3 | ... AF39: =SUM(AF19:AF21) -> 883
B40: 14.30 - 14.45 | C40: 4 | D40: 2 | E40: 5 | F40: 10 | G40: 1 | H40: 0 | I40: 2 | J40: 1 | K40: 0 | L40: =SUM('[1]RD4 MCC'!R708:U708) -> 0 | M40: 48 | N40: 0 | O40: =SUM(C40:L40,N40) -> 25 | P40: =SUM(C40:N40) -> 73 | R40: 12 Hours | S40: =SUM(S10:S21) -> 302 | T40: =SUM(T10:T21) -> 50 | U40: =SUM(U10:U21) -> 191 | V40: =SUM(V10:V21) -> 486 | W40: =SUM(W10:W21) -> 69 | X40: =SUM(X10:X21) -> 4 | Y40: =SUM(Y10:Y21) -> 173 | Z40: =SUM(Z10:Z21) -> 15 | ... AF40: =SUM(AF10:AF21) -> 3219
B41: 14.45 - 15.00 | C41: 3 | D41: 0 | E41: 3 | F41: 13 | G41: 0 | H41: 0 | I41: 6 | J41: 0 | K41: 0 | L41: =SUM('[1]RD4 MCC'!R709:U709) -> 0 | M41: 44 | N41: 0 | O41: =SUM(C41:L41,N41) -> 25 | P41: =SUM(C41:N41) -> 69 | R41: 24 Hrs/ADT | S41: =SUM(S10:S33) -> 409 | T41: =SUM(T10:T33) -> 71 | U41: =SUM(U10:U33) -> 294 | V41: =SUM(V10:V33) -> 524 | W41: =SUM(W10:W33) -> 70 | X41: =SUM(X10:X33) -> 458 | Y41: =SUM(Y10:Y33) -> 182 | Z41: =SUM(Z10:Z33) -> 16 | ... AF41: =SUM(AF10:AF33) -> 3983
B42: 15.00 - 15.15 | C42: 4 | D42: 3 | E42: 7 | F42: 8 | G42: 1 | H42: 0 | I42: 6 | J42: 0 | K42: 0 | L42: =SUM('[1]RD4 MCC'!R710:U710) -> 0 | M42: 44 | N42: 0 | O42: =SUM(C42:L42,N42) -> 29 | P42: =SUM(C42:N42) -> 73 | R42: NEF | S42: =S41/S40 -> 1.3543046 | T42: =T41/T40 -> 1.42 | U42: =U41/U40 -> 1.539267 | V42: =V41/V40 -> 1.0781893 | W42: =W41/W40 -> 1.0144928 | X42: =X41/X40 -> 114.5 | Y42: =Y41/Y40 -> 1.0520231 | Z42: =Z41/Z40 -> 1.0666667 | ... AF42: =AF41/AF40 -> 1.2373408
B43: 15.15 - 15.30 | C43: 1 | D43: 1 | E43: 3 | F43: 11 | G43: 1 | H43: 0 | I43: 6 | J43: 1 | K43: 0 | L43: =SUM('[1]RD4 MCC'!R711:U711) -> 0 | M43: 46 | N43: 0 | O43: =SUM(C43:L43,N43) -> 24 | P43: =SUM(C43:N43) -> 70
B44: 15.30 - 15.45 | C44: 4 | D44: 1 | E44: 4 | F44: 7 | G44: 0 | H44: 0 | I44: 7 | J44: 1 | K44: 0 | L44: =SUM('[1]RD4 MCC'!R712:U712) -> 0 | M44: 32 | N44: 0 | O44: =SUM(C44:L44,N44) -> 24 | P44: =SUM(C44:N44) -> 56
B45: 15.45 - 16.00 | C45: 2 | D45: 1 | E45: 4 | F45: 16 | G45: 0 | H45: 0 | I45: 6 | J45: 0 | K45: 0 | L45: =SUM('[1]RD4 MCC'!R713:U713) -> 0 | M45: 46 | N45: 0 | O45: =SUM(C45:L45,N45) -> 29 | P45: =SUM(C45:N45) -> 75
B46: 16.00 - 16.15 | C46: 2 | D46: 0 | E46: 2 | F46: 11 | G46: 0 | H46: 0 | I46: 5 | J46: 0 | K46: 0 | L46: =SUM('[1]RD4 MCC'!R714:U714) -> 0 | M46: 53 | N46: 0 | O46: =SUM(C46:L46,N46) -> 20 | P46: =SUM(C46:N46) -> 73
B47: 16.15 -16.30 | C47: 9 | D47: 1 | E47: 5 | F47: 9 | G47: 0 | H47: 0 | I47: 1 | J47: 0 | K47: 0 | L47: =SUM('[1]RD4 MCC'!R715:U715) -> 0 | M47: 36 | N47: 0 | O47: =SUM(C47:L47,N47) -> 25 | P47: =SUM(C47:N47) -> 61
B48: 16.30 -16.45 | C48: 7 | D48: 0 | E48: 0 | F48: 10 | G48: 4 | H48: 0 | I48: 7 | J48: 0 | K48: 0 | L48: =SUM('[1]RD4 MCC'!R716:U716) -> 0 | M48: 63 | N48: 0 | O48: =SUM(C48:L48,N48) -> 28 | P48: =SUM(C48:N48) -> 91
B49: 16.45 -17.00 | C49: 15 | D49: 3 | E49: 9 | F49: 14 | G49: 0 | H49: 0 | I49: 5 | J49: 0 | K49: 0 | L49: =SUM('[1]RD4 MCC'!R717:U717) -> 0 | M49: 43 | N49: 0 | O49: =SUM(C49:L49,N49) -> 46 | P49: =SUM(C49:N49) -> 89
B50: 17.00 -17.15 | C50: 11 | D50: 1 | E50: 4 | F50: 19 | G50: 0 | H50: 0 | I50: 6 | J50: 0 | K50: 1 | L50: =SUM('[1]RD4 MCC'!R718:U718) -> 0 | M50: 40 | N50: 0 | O50: =SUM(C50:L50,N50) -> 42 | P50: =SUM(C50:N50) -> 82
B51: 17.15 -17.30 | C51: 10 | D51: 2 | E51: 6 | F51: 10 | G51: 1 | H51: 0 | I51: 8 | J51: 0 | K51: 0 | L51: =SUM('[1]RD4 MCC'!R719:U719) -> 0 | M51: 47 | N51: 0 | O51: =SUM(C51:L51,N51) -> 37 | P51: =SUM(C51:N51) -> 84
B52: 17.30 -17.45 | C52: 33 | D52: 8 | E52: 19 | F52: 20 | G52: 5 | H52: 0 | I52: 4 | J52: 0 | K52: 0 | L52: =SUM('[1]RD4 MCC'!R720:U720) -> 0 | M52: 40 | N52: 0 | O52: =SUM(C52:L52,N52) -> 89 | P52: =SUM(C52:N52) -> 129
B53: 17.45 -18.00 | C53: 20 | D53: 2 | E53: 6 | F53: 16 | G53: 4 | H53: 0 | I53: 4 | J53: 1 | K53: 0 | L53: =SUM('[1]RD4 MCC'!R721:U721) -> 0 | M53: 9 | N53: 0 | O53: =SUM(C53:L53,N53) -> 53 | P53: =SUM(C53:N53) -> 62
B54: 18.00 - 18.15 | C54: 11 | D54: 5 | E54: 12 | F54: 12 | G54: 3 | H54: 0 | I54: 4 | J54: 1 | K54: 0 | L54: =SUM('[1]RD4 MCC'!R722:U722) -> 0 | M54: 1 | N54: 0 | O54: =SUM(C54:L54,N54) -> 48 | P54: =SUM(C54:N54) -> 49
... B105: 06.45 - 07.00 | C105: 0 | D105: 1 | E105: 5 | F105: 0 | G105: 0 | H105: 22 | I105: 0 | J105: 0 | K105: 0 | L105: =SUM('[1]RD4 MCC'!R773:U773) -> 0 | M105: 0 | N105: 2 | O105: =SUM(C105:L105,N105) -> 30 | P105: =SUM(C105:N105) -> 30
B106: Totals | C106: =SUM(C10:C105) -> 409 | D106: =SUM(D10:D105) -> 71 | E106: =SUM(E10:E105) -> 294 | F106: =SUM(F10:F105) -> 524 | G106: =SUM(G10:G105) -> 70 | H106: =SUM(H10:H105) -> 458 | I106: =SUM(I10:I105) -> 182 | J106: =SUM(J10:J105) -> 16 | ... P106: =SUM(P10:P105) -> 3983
B107: %ges + MCs | C107: =C106/$P$106 -> 0.10268642 | D107: =D106/$P$106 -> 0.017825759 | E107: =E106/$P$106 -> 0.073813708 | F107: =F106/$P$106 -> 0.13155913 | G107: =G106/$P$106 -> 0.017574692 | H107: =H106/$P$106 -> 0.1149887 | I107: =I106/$P$106 -> 0.0456942 | J107: =J106/$P$106 -> 0.0040170726 | ... N107: =N106/$P$106 -> 0.0042681396
B108: %ges w/o MCs | C108: =C106/$O$106 -> 0.19990225 | D108: =D106/$O$106 -> 0.034701857 | E108: =E106/$O$106 -> 0.14369501 | F108: =F106/$O$106 -> 0.25610948 | G108: =G106/$O$106 -> 0.034213099 | H108: =H106/$O$106 -> 0.22385142 | I108: =I106/$O$106 -> 0.088954057 | J108: =J106/$O$106 -> 0.0078201369 | ... L108: =L106/$O$106 -> 0 | N108: =N106/$O$106 -> 0.0083088954

Sheet 17.08 Jinja-Buwenge-24h
B1: Consultancy services for Preparation of Expressway Development Master Plan (EDMP) for Uganda
B2: MANUAL CLASSIFIED COUNT (MCC)
B3: ROAD NAME: | C3: ='12.08 Buwenge-Jinja'!C3:G3 -> MCC - C3b - STN93 - Jinja-Buwenge ROAD
C5: Date | D5: ='17.08 Buwenge-Jinja-24h'!D5 -> 17.08.19 | F5: Location | G5: ='17.08 Buwenge-Jinja-24h'!G5:H5 -> xxx | J5: Surveyor | K5: ='17.08 Buwenge-Jinja-24h'!K5:L5 -> xxx
C6: Dir. From | D6: ='12.08 Jinja-Buwenge'!D6:E6 -> Jinja | F6: Dir. To | G6: ='12.08 Jinja-Buwenge'!G6:H6 -> Buwenge | J6: Supervisor | K6: ='17.08 Buwenge-Jinja-24h'!K6:L6 -> xxx
B8: Time / Veh Type | R8: SUMMARY TRAFFIC VOLUMES
C9: 1. Car | D9: 2. Station Wagon | E9: 3. Pickups | F9: 4. Minibus, matatu | G9: 5. Medium bus | H9: 6. Large Bus | I9: 7. Light Truck | J9: 8. Medium Truck | K9: 9. Heavy truck | L9: 10. Truck Trailer | M9: 11. Motor cycles | N9: 12. Tractors | O9: Total Excl M/Cycles | P9: Total All | R9: Time | S9: 1. Car | T9: 2. Station Wagon | U9: 3. Pickups | V9: 4. Minibus, matatu | W9: 5. Medium bus | X9: 6. Large Bus | Y9: 7. Light Truck | Z9: 8. Medium Truck | AA9: 9. Heavy truck | AB9: 10. Truck Trailer | AC9: 11. Motorcycles | AD9: 12. Tractors, Graders | AE9: Total Excl M/ Cycles | AF9: Total All
B10: 07.00 - 07.15 | C10: 2 | D10: 0 | E10: 3 | F10: 8 | G10: 3 | H10: 0 | I10: 3 | J10: 2 | K10: 0 | L10: =SUM('[1]RD4 MCC'!R582:U582) -> 0 | M10: 14 | N10: 0 | O10: =SUM(C10:L10,N10) -> 21 | P10: =SUM(C10:N10) -> 35 | R10: 0700-0800 | S10: =SUM(C10:C13) -> 15 | T10: =SUM(D10:D13) -> 4 | U10: =SUM(E10:E13) -> 14 | V10: =SUM(F10:F13) -> 26 | W10: =SUM(G10:G13) -> 9 | X10: =SUM(H10:H13) -> 0 | Y10: =SUM(I10:I13) -> 6 | Z10: =SUM(J10:J13) -> 2 | ... AF10: =SUM(P10:P13) -> 140
B11: 07.15 - 07.30 | C11: 2 | D11: 0 | E11: 1 | F11: 5 | G11: 1 | H11: 0 | I11: 0 | J11: 0 | K11: 0 | L11: =SUM('[1]RD4 MCC'!R583:U583) -> 0 | M11: 14 | N11: 0 | O11: =SUM(C11:L11,N11) -> 9 | P11: =SUM(C11:N11) -> 23 | R11: 0800-0900 | S11: =SUM(C14:C17) -> 26 | T11: =SUM(D14:D17) -> 1 | U11: =SUM(E14:E17) -> 9 | V11: =SUM(F14:F17) -> 31 | W11: =SUM(G14:G17) -> 13 | X11: =SUM(H14:H17) -> 0 | Y11: =SUM(I14:I17) -> 4 | Z11: =SUM(J14:J17) -> 2 | ... AF11: =SUM(P14:P17) -> 187
B12: 07.30 - 07.45 | C12: 2 | D12: 1 | E12: 3 | F12: 8 | G12: 2 | H12: 0 | I12: 1 | J12: 0 | K12: 0 | L12: =SUM('[1]RD4 MCC'!R584:U584) -> 0 | M12: 13 | N12: 0 | O12: =SUM(C12:L12,N12) -> 17 | P12: =SUM(C12:N12) -> 30 | R12: 0900-1000 | S12: =SUM(C18:C21) -> 36 | T12: =SUM(D18:D21) -> 9 | U12: =SUM(E18:E21) -> 29 | V12: =SUM(F18:F21) -> 43 | W12: =SUM(G18:G21) -> 5 | X12: =SUM(H18:H21) -> 0 | Y12: =SUM(I18:I21) -> 16 | Z12: =SUM(J18:J21) -> 0 | ... AF12: =SUM(P18:P21) -> 284
B13: 07.45 - 08.00 | C13: 9 | D13: 3 | E13: 7 | F13: 5 | G13: 3 | H13: 0 | I13: 2 | J13: 0 | K13: 0 | L13: =SUM('[1]RD4 MCC'!R585:U585) -> 0 | M13: 23 | N13: 0 | O13: =SUM(C13:L13,N13) -> 29 | P13: =SUM(C13:N13) -> 52 | R13: 1000-1100 | S13: =SUM(C22:C25) -> 36 | T13: =SUM(D22:D25) -> 9 | U13: =SUM(E22:E25) -> 29 | V13: =SUM(F22:F25) -> 39 | W13: =SUM(G22:G25) -> 2 | X13: =SUM(H22:H25) -> 0 | Y13: =SUM(I22:I25) -> 8 | Z13: =SUM(J22:J25) -> 0 | ... AF13: =SUM(P22:P25) -> 341
B14: 08.00 - 08.15 | C14: 4 | D14: 1 | E14: 3 | F14: 7 | G14: 4 | H14: 0 | I14: 1 | J14: 1 | K14: 0 | L14: =SUM('[1]RD4 MCC'!R586:U586) -> 0 | M14: 30 | N14: 0 | O14: =SUM(C14:L14,N14) -> 21 | P14: =SUM(C14:N14) -> 51 | R14: 1100-1200 | S14: =SUM(C26:C29) -> 63 | T14: =SUM(D26:D29) -> 7 | U14: =SUM(E26:E29) -> 24 | V14: =SUM(F26:F29) -> 51 | W14: =SUM(G26:G29) -> 2 | X14: =SUM(H26:H29) -> 0 | Y14: =SUM(I26:I29) -> 17 | Z14: =SUM(J26:J29) -> 1 | ... AF14: =SUM(P26:P29) -> 366
B15: 08.15 - 08.30 | C15: 9 | D15: 0 | E15: 1 | F15: 9 | G15: 3 | H15: 0 | I15: 2 | J15: 1 | K15: 0 | L15: =SUM('[1]RD4 MCC'!R587:U587) -> 0 | M15: 25 | N15: 0 | O15: =SUM(C15:L15,N15) -> 25 | P15: =SUM(C15:N15) -> 50 | R15: 1200-1300 | S15: =SUM(C30:C33) -> 39 | T15: =SUM(D30:D33) -> 8 | U15: =SUM(E30:E33) -> 26 | V15: =SUM(F30:F33) -> 53 | W15: =SUM(G30:G33) -> 5 | X15: =SUM(H30:H33) -> 1 | Y15: =SUM(I30:I33) -> 12 | Z15: =SUM(J30:J33) -> 0 | ... AF15: =SUM(P30:P33) -> 330
B16: 08.30 - 08.45 | C16: 2 | D16: 0 | E16: 3 | F16: 4 | G16: 2 | H16: 0 | I16: 0 | J16: 0 | K16: 0 | L16: =SUM('[1]RD4 MCC'!R588:U588) -> 0 | M16: 13 | N16: 0 | O16: =SUM(C16:L16,N16) -> 11 | P16: =SUM(C16:N16) -> 24 | R16: 1300-1400 | S16: =SUM(C34:C37) -> 69 | T16: =SUM(D34:D37) -> 9 | U16: =SUM(E34:E37) -> 24 | V16: =SUM(F34:F37) -> 57 | W16: =SUM(G34:G37) -> 4 | X16: =SUM(H34:H37) -> 1 | Y16: =SUM(I34:I37) -> 21 | Z16: =SUM(J34:J37) -> 2 | ... AF16: =SUM(P34:P37) -> 385
B17: 08.45 - 9.00 | C17: 11 | D17: 0 | E17: 2 | F17: 11 | G17: 4 | H17: 0 | I17: 1 | J17: 0 | K17: 0 | L17: =SUM('[1]RD4 MCC'!R589:U589) -> 0 | M17: 33 | N17: 0 | O17: =SUM(C17:L17,N17) -> 29 | P17: =SUM(C17:N17) -> 62 | R17: 1400-1500 | S17: =SUM(C38:C41) -> 53 | T17: =SUM(D38:D41) -> 8 | U17: =SUM(E38:E41) -> 24 | V17: =SUM(F38:F41) -> 48 | W17: =SUM(G38:G41) -> 6 | X17: =SUM(H38:H41) -> 0 | Y17: =SUM(I38:I41) -> 18 | Z17: =SUM(J38:J41) -> 0 | ... AF17: =SUM(P38:P41) -> 385
B18: 09.00 - 09.15 | C18: 5 | D18: 1 | E18: 5 | F18: 9 | G18: 2 | H18: 0 | I18: 3 | J18: 0 | K18: 0 | L18: =SUM('[1]RD4 MCC'!R590:U590) -> 0 | M18: 42 | N18: 0 | O18: =SUM(C18:L18,N18) -> 25 | P18: =SUM(C18:N18) -> 67 | R18: 1500-1600 | S18: =SUM(C42:C45) -> 40 | T18: =SUM(D42:D45) -> 7 | U18: =SUM(E42:E45) -> 21 | V18: =SUM(F42:F45) -> 49 | W18: =SUM(G42:G45) -> 3 | X18: =SUM(H42:H45) -> 2 | Y18: =SUM(I42:I45) -> 15 | Z18: =SUM(J42:J45) -> 3 | ... AF18: =SUM(P42:P45) -> 326
B19: 09.15 - 09.30 | C19: 14 | D19: 3 | E19: 7 | F19: 9 | G19: 1 | H19: 0 | I19: 3 | J19: 0 | K19: 0 | L19: =SUM('[1]RD4 MCC'!R591:U591) -> 0 | M19: 31 | N19: 0 | O19: =SUM(C19:L19,N19) -> 37 | P19: =SUM(C19:N19) -> 68 | R19: 1600-1700 | S19: =SUM(C46:C49) -> 38 | T19: =SUM(D46:D49) -> 5 | U19: =SUM(E46:E49) -> 21 | V19: =SUM(F46:F49) -> 51 | W19: =SUM(G46:G49) -> 3 | X19: =SUM(H46:H49) -> 0 | Y19: =SUM(I46:I49) -> 19 | Z19: =SUM(J46:J49) -> 1 | ... AF19: =SUM(P46:P49) -> 319
B20: 09.30 - 09.45 | C20: 8 | D20: 2 | E20: 7 | F20: 14 | G20: 1 | H20: 0 | I20: 6 | J20: 0 | K20: 0 | L20: =SUM('[1]RD4 MCC'!R592:U592) -> 0 | M20: 36 | N20: 0 | O20: =SUM(C20:L20,N20) -> 38 | P20: =SUM(C20:N20) -> 74 | R20: 1700-1800 | S20: =SUM(C50:C53) -> 21 | T20: =SUM(D50:D53) -> 2 | U20: =SUM(E50:E53) -> 13 | V20: =SUM(F50:F53) -> 42 | W20: =SUM(G50:G53) -> 2 | X20: =SUM(H50:H53) -> 0 | Y20: =SUM(I50:I53) -> 18 | Z20: =SUM(J50:J53) -> 2 | ... AF20: =SUM(P50:P53) -> 272
B21: 09.45 - 10.00 | C21: 9 | D21: 3 | E21: 10 | F21: 11 | G21: 1 | H21: 0 | I21: 4 | J21: 0 | K21: 0 | L21: =SUM('[1]RD4 MCC'!R593:U593) -> 0 | M21: 37 | N21: 0 | O21: =SUM(C21:L21,N21) -> 38 | P21: =SUM(C21:N21) -> 75 | R21: 1800-1900 | S21: =SUM(C54:C57) -> 27 | T21: =SUM(D54:D57) -> 4 | U21: =SUM(E54:E57) -> 18 | V21: =SUM(F54:F57) -> 41 | W21: =SUM(G54:G57) -> 9 | X21: =SUM(H54:H57) -> 0 | Y21: =SUM(I54:I57) -> 10 | Z21: =SUM(J54:J57) -> 0 | ... AF21: =SUM(P54:P57) -> 216
B22: 10.00 - 10.15 | C22: 11 | D22: 1 | E22: 5 | F22: 9 | G22: 1 | H22: 0 | I22: 2 | J22: 0 | K22: 0 | L22: =SUM('[1]RD4 MCC'!R594:U594) -> 0 | M22: 62 | N22: 0 | O22: =SUM(C22:L22,N22) -> 29 | P22: =SUM(C22:N22) -> 91 | R22: 1900-2000 | S22: =SUM(C58:C61) -> 41 | T22: =SUM(D58:D61) -> 5 | U22: =SUM(E58:E61) -> 19 | V22: =SUM(F58:F61) -> 41 | W22: =SUM(G58:G61) -> 19 | X22: =SUM(H58:H61) -> 0 | Y22: =SUM(I58:I61) -> 12 | Z22: =SUM(J58:J61) -> 2 | ... AF22: =SUM(P58:P61) -> 336
B23: 10.15 - 10.30 | C23: 8 | D23: 2 | E23: 7 | F23: 9 | G23: 0 | H23: 0 | I23: 1 | J23: 0 | K23: 0 | L23: =SUM('[1]RD4 MCC'!R595:U595) -> 0 | M23: 46 | N23: 0 | O23: =SUM(C23:L23,N23) -> 27 | P23: =SUM(C23:N23) -> 73 | R23: 2000-2100 | S23: =SUM(C62:C65) -> 27 | T23: =SUM(D62:D65) -> 1 | U23: =SUM(E62:E65) -> 11 | V23: =SUM(F62:F65) -> 31 | W23: =SUM(G62:G65) -> 15 | X23: =SUM(H62:H65) -> 0 | Y23: =SUM(I62:I65) -> 5 | Z23: =SUM(J62:J65) -> 0 | ... AF23: =SUM(P62:P65) -> 186
B24: 10.30 - 10.45 | C24: 9 | D24: 4 | E24: 11 | F24: 13 | G24: 0 | H24: 0 | I24: 4 | J24: 0 | K24: 1 | L24: =SUM('[1]RD4 MCC'!R596:U596) -> 0 | M24: 53 | N24: 0 | O24: =SUM(C24:L24,N24) -> 42 | P24: =SUM(C24:N24) -> 95 | R24: 2100-2200 | S24: =SUM(C66:C69) -> 14 | T24: =SUM(D66:D69) -> 3 | U24: =SUM(E66:E69) -> 14 | V24: =SUM(F66:F69) -> 21 | W24: =SUM(G66:G69) -> 10 | X24: =SUM(H66:H69) -> 0 | Y24: =SUM(I66:I69) -> 5 | Z24: =SUM(J66:J69) -> 1 | ... AF24: =SUM(P66:P69) -> 147
B25: 10.45 - 11.00 | C25: 8 | D25: 2 | E25: 6 | F25: 8 | G25: 1 | H25: 0 | I25: 1 | J25: 0 | K25: 0 | L25: =SUM('[1]RD4 MCC'!R597:U597) -> 0 | M25: 56 | N25: 0 | O25: =SUM(C25:L25,N25) -> 26 | P25: =SUM(C25:N25) -> 82 | R25: 2200-2300 | S25: =SUM(C70:C73) -> 24 | T25: =SUM(D70:D73) -> 1 | U25: =SUM(E70:E73) -> 8 | V25: =SUM(F70:F73) -> 11 | W25: =SUM(G70:G73) -> 2 | X25: =SUM(H70:H73) -> 0 | Y25: =SUM(I70:I73) -> 6 | Z25: =SUM(J70:J73) -> 0 | ... AF25: =SUM(P70:P73) -> 93
B26: 11.00 - 11.15 | C26: 14 | D26: 1 | E26: 3 | F26: 11 | G26: 0 | H26: 0 | I26: 4 | J26: 1 | K26: 0 | L26: =SUM('[1]RD4 MCC'!R598:U598) -> 0 | M26: 51 | N26: 0 | O26: =SUM(C26:L26,N26) -> 34 | P26: =SUM(C26:N26) -> 85 | R26: 2300-0000 | S26: =SUM(C74:C77) -> 7 | T26: =SUM(D74:D77) -> 0 | U26: =SUM(E74:E77) -> 4 | V26: =SUM(F74:F77) -> 8 | W26: =SUM(G74:G77) -> 4 | X26: =SUM(H74:H77) -> 1 | Y26: =SUM(I74:I77) -> 4 | Z26: =SUM(J74:J77) -> 0 | ... AF26: =SUM(P74:P77) -> 67
B27: 11.15 - 11.30 | C27: 22 | D27: 3 | E27: 9 | F27: 14 | G27: 0 | H27: 0 | I27: 5 | J27: 0 | K27: 0 | L27: =SUM('[1]RD4 MCC'!R599:U599) -> 0 | M27: 43 | N27: 0 | O27: =SUM(C27:L27,N27) -> 53 | P27: =SUM(C27:N27) -> 96 | R27: 0000-0100 | S27: =SUM(C78:C81) -> 4 | T27: =SUM(D78:D81) -> 0 | U27: =SUM(E78:E81) -> 3 | V27: =SUM(F78:F81) -> 5 | W27: =SUM(G78:G81) -> 1 | X27: =SUM(H78:H81) -> 0 | Y27: =SUM(I78:I81) -> 2 | Z27: =SUM(J78:J81) -> 0 | ... AF27: =SUM(P78:P81) -> 40
B28: 11.30 - 11.45 | C28: 11 | D28: 2 | E28: 7 | F28: 13 | G28: 0 | H28: 0 | I28: 3 | J28: 0 | K28: 0 | L28: =SUM('[1]RD4 MCC'!R600:U600) -> 0 | M28: 48 | N28: 0 | O28: =SUM(C28:L28,N28) -> 36 | P28: =SUM(C28:N28) -> 84 | R28: 0100-0200 | S28: =SUM(C82:C85) -> 1 | T28: =SUM(D82:D85) -> 0 | U28: =SUM(E82:E85) -> 1 | V28: =SUM(F82:F85) -> 4 | W28: =SUM(G82:G85) -> 0 | X28: =SUM(H82:H85) -> 0 | Y28: =SUM(I82:I85) -> 0 | Z28: =SUM(J82:J85) -> 1 | ... AF28: =SUM(P82:P85) -> 15
B29: 11.45 - 12.00 | C29: 16 | D29: 1 | E29: 5 | F29: 13 | G29: 2 | H29: 0 | I29: 5 | J29: 0 | K29: 0 | L29: =SUM('[1]RD4 MCC'!R601:U601) -> 0 | M29: 59 | N29: 0 | O29: =SUM(C29:L29,N29) -> 42 | P29: =SUM(C29:N29) -> 101 | R29: 0200-0300 | S29: =SUM(C86:C89) -> 2 | T29: =SUM(D86:D89) -> 0 | U29: =SUM(E86:E89) -> 0 | V29: =SUM(F86:F89) -> 0 | W29: =SUM(G86:G89) -> 0 | X29: =SUM(H86:H89) -> 0 | Y29: =SUM(I86:I89) -> 1 | Z29: =SUM(J86:J89) -> 0 | ... AF29: =SUM(P86:P89) -> 5
B30: 12.00 - 12.15 | C30: 9 | D30: 2 | E30: 5 | F30: 14 | G30: 2 | H30: 0 | I30: 1 | J30: 0 | K30: 0 | L30: =SUM('[1]RD4 MCC'!R602:U602) -> 0 | M30: 43 | N30: 0 | O30: =SUM(C30:L30,N30) -> 33 | P30: =SUM(C30:N30) -> 76 | R30: 0300-0400 | S30: =SUM(C90:C93) -> 1 | T30: =SUM(D90:D93) -> 0 | U30: =SUM(E90:E93) -> 0 | V30: =SUM(F90:F93) -> 0 | W30: =SUM(G90:G93) -> 1 | X30: =SUM(H90:H93) -> 0 | Y30: =SUM(I90:I93) -> 2 | Z30: =SUM(J90:J93) -> 1 | ... AF30: =SUM(P90:P93) -> 7
B31: 12.15 - 12.30 | C31: 9 | D31: 2 | E31: 7 | F31: 17 | G31: 1 | H31: 0 | I31: 4 | J31: 0 | K31: 0 | L31: =SUM('[1]RD4 MCC'!R603:U603) -> 0 | M31: 49 | N31: 0 | O31: =SUM(C31:L31,N31) -> 40 | P31: =SUM(C31:N31) -> 89 | R31: 0400-0500 | S31: =SUM(C94:C97) -> 4 | T31: =SUM(D94:D97) -> 0 | U31: =SUM(E94:E97) -> 0 | V31: =SUM(F94:F97) -> 3 | W31: =SUM(G94:G97) -> 0 | X31: =SUM(H94:H97) -> 0 | Y31: =SUM(I94:I97) -> 2 | Z31: =SUM(J94:J97) -> 2 | ... AF31: =SUM(P94:P97) -> 18
B32: 12.30 - 12.45 | C32: 6 | D32: 2 | E32: 7 | F32: 9 | G32: 1 | H32: 1 | I32: 4 | J32: 0 | K32: 0 | L32: =SUM('[1]RD4 MCC'!R604:U604) -> 0 | M32: 44 | N32: 0 | O32: =SUM(C32:L32,N32) -> 30 | P32: =SUM(C32:N32) -> 74 | R32: 0500-0600 | S32: =SUM(C98:C101) -> 3 | T32: =SUM(D98:D101) -> 0 | U32: =SUM(E98:E101) -> 2 | V32: =SUM(F98:F101) -> 4 | W32: =SUM(G98:G101) -> 0 | X32: =SUM(H98:H101) -> 0 | Y32: =SUM(I98:I101) -> 2 | Z32: =SUM(J98:J101) -> 1 | ... AF32: =SUM(P98:P101) -> 21
B33: 12.45 - 13.00 | C33: 15 | D33: 2 | E33: 7 | F33: 13 | G33: 1 | H33: 0 | I33: 3 | J33: 0 | K33: 0 | L33: =SUM('[1]RD4 MCC'!R605:U605) -> 0 | M33: 50 | N33: 0 | O33: =SUM(C33:L33,N33) -> 41 | P33: =SUM(C33:N33) -> 91 | R33: 0600-0700 | S33: =SUM(C102:C105) -> 2 | T33: =SUM(D102:D105) -> 0 | U33: =SUM(E102:E105) -> 0 | V33: =SUM(F102:F105) -> 8 | W33: =SUM(G102:G105) -> 0 | X33: =SUM(H102:H105) -> 0 | Y33: =SUM(I102:I105) -> 8 | Z33: =SUM(J102:J105) -> 0 | ... AF33: =SUM(P102:P105) -> 26
B34: 13.00 - 13.15 | C34: 8 | D34: 3 | E34: 7 | F34: 14 | G34: 1 | H34: 0 | I34: 4 | J34: 0 | K34: 0 | L34: =SUM('[1]RD4 MCC'!R606:U606) -> 0 | M34: 44 | N34: 0 | O34: =SUM(C34:L34,N34) -> 37 | P34: =SUM(C34:N34) -> 81 | R34: AM Peak Hr | S34: =MAX(S10:S12) -> 36 | T34: =MAX(T10:T12) -> 9 | U34: =MAX(U10:U12) -> 29 | V34: =MAX(V10:V12) -> 43 | W34: =MAX(W10:W12) -> 13 | X34: =MAX(X10:X12) -> 0 | Y34: =MAX(Y10:Y12) -> 16 | Z34: =MAX(Z10:Z12) -> 2 | ... AF34: =MAX(AF10:AF12) -> 284
B35: 13.15 - 13.30 | C35: 32 | D35: 2 | E35: 6 | F35: 20 | G35: 1 | H35: 1 | I35: 6 | J35: 1 | K35: 0 | L35: =SUM('[1]RD4 MCC'!R607:U607) -> 0 | M35: 49 | N35: 0 | O35: =SUM(C35:L35,N35) -> 69 | P35: =SUM(C35:N35) -> 118 | R35: IP Peak Hr | S35: =MAX(S13:S18) -> 69 | T35: =MAX(T13:T18) -> 9 | U35: =MAX(U13:U18) -> 29 | V35: =MAX(V13:V18) -> 57 | W35: =MAX(W13:W18) -> 6 | X35: =MAX(X13:X18) -> 2 | Y35: =MAX(Y13:Y18) -> 21 | Z35: =MAX(Z13:Z18) -> 3 | ... AF35: =MAX(AF13:AF18) -> 385
B36: 13.30 - 13.45 | C36: 18 | D36: 2 | E36: 6 | F36: 9 | G36: 0 | H36: 0 | I36: 7 | J36: 1 | K36: 0 | L36: =SUM('[1]RD4 MCC'!R608:U608) -> 0 | M36: 55 | N36: 0 | O36: =SUM(C36:L36,N36) -> 43 | P36: =SUM(C36:N36) -> 98 | R36: PM Peak Hr | S36: =MAX(S19:S21) -> 38 | T36: =MAX(T19:T21) -> 5 | U36: =MAX(U19:U21) -> 21 | V36: =MAX(V19:V21) -> 51 | W36: =MAX(W19:W21) -> 9 | X36: =MAX(X19:X21) -> 0 | Y36: =MAX(Y19:Y21) -> 19 | Z36: =MAX(Z19:Z21) -> 2 | ... AF36: =MAX(AF19:AF21) -> 319
B37: 13.45 - 14.00 | C37: 11 | D37: 2 | E37: 5 | F37: 14 | G37: 2 | H37: 0 | I37: 4 | J37: 0 | K37: 0 | L37: =SUM('[1]RD4 MCC'!R609:U609) -> 0 | M37: 50 | N37: 0 | O37: =SUM(C37:L37,N37) -> 38 | P37: =SUM(C37:N37) -> 88 | R37: AM Period | S37: =SUM(S10:S12) -> 77 | T37: =SUM(T10:T12) -> 14 | U37: =SUM(U10:U12) -> 52 | V37: =SUM(V10:V12) -> 100 | W37: =SUM(W10:W12) -> 27 | X37: =SUM(X10:X12) -> 0 | Y37: =SUM(Y10:Y12) -> 26 | Z37: =SUM(Z10:Z12) -> 4 | ... AF37: =SUM(AF10:AF12) -> 611
B38: 14.00 - 14.15 | C38: 15 | D38: 1 | E38: 4 | F38: 10 | G38: 2 | H38: 0 | I38: 4 | J38: 0 | K38: 1 | L38: =SUM('[1]RD4 MCC'!R610:U610) -> 0 | M38: 52 | N38: 0 | O38: =SUM(C38:L38,N38) -> 37 | P38: =SUM(C38:N38) -> 89 | R38: IP Period | S38: =SUM(S13:S18) -> 300 | T38: =SUM(T13:T18) -> 48 | U38: =SUM(U13:U18) -> 148 | V38: =SUM(V13:V18) -> 297 | W38: =SUM(W13:W18) -> 22 | X38: =SUM(X13:X18) -> 4 | Y38: =SUM(Y13:Y18) -> 91 | Z38: =SUM(Z13:Z18) -> 6 | ... AF38: =SUM(AF13:AF18) -> 2133
B39: 14.15 - 14.30 | C39: 14 | D39: 2 | E39: 6 | F39: 10 | G39: 0 | H39: 0 | I39: 5 | J39: 0 | K39: 0 | L39: =SUM('[1]RD4 MCC'!R611:U611) -> 0 | M39: 63 | N39: 0 | O39: =SUM(C39:L39,N39) -> 37 | P39: =SUM(C39:N39) -> 100 | R39: PM Period | S39: =SUM(S19:S21) -> 86 | T39: =SUM(T19:T21) -> 11 | U39: =SUM(U19:U21) -> 52 | V39: =SUM(V19:V21) -> 134 | W39: =SUM(W19:W21) -> 14 | X39: =SUM(X19:X21) -> 0 | Y39: =SUM(Y19:Y21) -> 47 | Z39: =SUM(Z19:Z21) -> 3 | ... AF39: =SUM(AF19:AF21) -> 807
B40: 14.30 - 14.45 | C40: 8 | D40: 3 | E40: 7 | F40: 13 | G40: 1 | H40: 0 | I40: 5 | J40: 0 | K40: 0 | L40: =SUM('[1]RD4 MCC'!R612:U612) -> 0 | M40: 60 | N40: 0 | O40: =SUM(C40:L40,N40) -> 37 | P40: =SUM(C40:N40) -> 97 | R40: 12 Hours | S40: =SUM(S10:S21) -> 463 | T40: =SUM(T10:T21) -> 73 | U40: =SUM(U10:U21) -> 252 | V40: =SUM(V10:V21) -> 531 | W40: =SUM(W10:W21) -> 63 | X40: =SUM(X10:X21) -> 4 | Y40: =SUM(Y10:Y21) -> 164 | Z40: =SUM(Z10:Z21) -> 13 | ... AF40: =SUM(AF10:AF21) -> 3551
B41: 14.45 - 15.00 | C41: 16 | D41: 2 | E41: 7 | F41: 15 | G41: 3 | H41: 0 | I41: 4 | J41: 0 | K41: 0 | L41: =SUM('[1]RD4 MCC'!R613:U613) -> 0 | M41: 52 | N41: 0 | O41: =SUM(C41:L41,N41) -> 47 | P41: =SUM(C41:N41) -> 99 | R41: 24 Hrs/ADT | S41: =SUM(S10:S33) -> 593 | T41: =SUM(T10:T33) -> 83 | U41: =SUM(U10:U33) -> 314 | V41: =SUM(V10:V33) -> 667 | W41: =SUM(W10:W33) -> 115 | X41: =SUM(X10:X33) -> 5 | Y41: =SUM(Y10:Y33) -> 213 | Z41: =SUM(Z10:Z33) -> 21 | ... AF41: =SUM(AF10:AF33) -> 4512
B42: 15.00 - 15.15 | C42: 1 | D42: 2 | E42: 6 | F42: 9 | G42: 2 | H42: 1 | I42: 4 | J42: 1 | K42: 0 | L42: =SUM('[1]RD4 MCC'!R614:U614) -> 0 | M42: 46 | N42: 0 | O42: =SUM(C42:L42,N42) -> 26 | P42: =SUM(C42:N42) -> 72 | R42: NEF | S42: =S41/S40 -> 1.2807775 | T42: =T41/T40 -> 1.1369863 | U42: =U41/U40 -> 1.2460317 | V42: =V41/V40 -> 1.2561205 | W42: =W41/W40 -> 1.8253968 | X42: =X41/X40 -> 1.25 | Y42: =Y41/Y40 -> 1.2987805 | Z42: =Z41/Z40 -> 1.6153846 | ... AF42: =AF41/AF40 -> 1.270628
B43: 15.15 - 15.30 | C43: 14 | D43: 3 | E43: 9 | F43: 21 | G43: 0 | H43: 1 | I43: 4 | J43: 0 | K43: 0 | L43: =SUM('[1]RD4 MCC'!R615:U615) -> 0 | M43: 53 | N43: 0 | O43: =SUM(C43:L43,N43) -> 52 | P43: =SUM(C43:N43) -> 105
B44: 15.30 - 15.45 | C44: 12 | D44: 2 | E44: 5 | F44: 12 | G44: 0 | H44: 0 | I44: 1 | J44: 0 | K44: 1 | L44: =SUM('[1]RD4 MCC'!R616:U616) -> 0 | M44: 37 | N44: 0 | O44: =SUM(C44:L44,N44) -> 33 | P44: =SUM(C44:N44) -> 70
B45: 15.45 - 16.00 | C45: 13 | D45: 0 | E45: 1 | F45: 7 | G45: 1 | H45: 0 | I45: 6 | J45: 2 | K45: 0 | L45: =SUM('[1]RD4 MCC'!R617:U617) -> 0 | M45: 49 | N45: 0 | O45: =SUM(C45:L45,N45) -> 30 | P45: =SUM(C45:N45) -> 79
B46: 16.00 - 16.15 | C46: 11 | D46: 3 | E46: 8 | F46: 11 | G46: 1 | H46: 0 | I46: 2 | J46: 1 | K46: 0 | L46: =SUM('[1]RD4 MCC'!R618:U618) -> 0 | M46: 50 | N46: 0 | O46: =SUM(C46:L46,N46) -> 37 | P46: =SUM(C46:N46) -> 87
B47: 16.15 -16.30 | C47: 9 | D47: 0 | E47: 3 | F47: 14 | G47: 1 | H47: 0 | I47: 4 | J47: 0 | K47: 0 | L47: =SUM('[1]RD4 MCC'!R619:U619) -> 0 | M47: 50 | N47: 0 | O47: =SUM(C47:L47,N47) -> 31 | P47: =SUM(C47:N47) -> 81
B48: 16.30 -16.45 | C48: 12 | D48: 1 | E48: 5 | F48: 13 | G48: 1 | H48: 0 | I48: 5 | J48: 0 | K48: 0 | L48: =SUM('[1]RD4 MCC'!R620:U620) -> 0 | M48: 46 | N48: 0 | O48: =SUM(C48:L48,N48) -> 37 | P48: =SUM(C48:N48) -> 83
B49: 16.45 -17.00 | C49: 6 | D49: 1 | E49: 5 | F49: 13 | G49: 0 | H49: 0 | I49: 8 | J49: 0 | K49: 0 | L49: =SUM('[1]RD4 MCC'!R621:U621) -> 0 | M49: 35 | N49: 0 | O49: =SUM(C49:L49,N49) -> 33 | P49: =SUM(C49:N49) -> 68
B50: 17.00 -17.15 | C50: 4 | D50: 0 | E50: 3 | F50: 6 | G50: 1 | H50: 0 | I50: 3 | J50: 0 | K50: 1 | L50: =SUM('[1]RD4 MCC'!R622:U622) -> 0 | M50: 36 | N50: 0 | O50: =SUM(C50:L50,N50) -> 18 | P50: =SUM(C50:N50) -> 54
B51: 17.15 -17.30 | C51: 7 | D51: 1 | E51: 3 | F51: 12 | G51: 0 | H51: 0 | I51: 5 | J51: 0 | K51: 0 | L51: =SUM('[1]RD4 MCC'!R623:U623) -> 0 | M51: 57 | N51: 0 | O51: =SUM(C51:L51,N51) -> 28 | P51: =SUM(C51:N51) -> 85
B52: 17.30 -17.45 | C52: 4 | D52: 1 | E52: 4 | F52: 14 | G52: 0 | H52: 0 | I52: 4 | J52: 0 | K52: 0 | L52: =SUM('[1]RD4 MCC'!R624:U624) -> 0 | M52: 54 | N52: 0 | O52: =SUM(C52:L52,N52) -> 27 | P52: =SUM(C52:N52) -> 81
B53: 17.45 -18.00 | C53: 6 | D53: 0 | E53: 3 | F53: 10 | G53: 1 | H53: 0 | I53: 6 | J53: 2 | K53: 0 | L53: =SUM('[1]RD4 MCC'!R625:U625) -> 0 | M53: 24 | N53: 0 | O53: =SUM(C53:L53,N53) -> 28 | P53: =SUM(C53:N53) -> 52
B54: 18.00 - 18.15 | C54: 9 | D54: 2 | E54: 6 | F54: 13 | G54: 1 | H54: 0 | I54: 3 | J54: 0 | K54: 0 | L54: =SUM('[1]RD4 MCC'!R626:U626) -> 0 | M54: 8 | N54: 0 | O54: =SUM(C54:L54,N54) -> 34 | P54: =SUM(C54:N54) -> 42
... B105: 06.45 - 07.00 | C105: 1 | D105: 0 | E105: 0 | F105: 4 | G105: 0 | H105: 0 | I105: 4 | J105: 0 | K105: 0 | L105: =SUM('[1]RD4 MCC'!R677:U677) -> 0 | M105: 3 | N105: 0 | O105: =SUM(C105:L105,N105) -> 9 | P105: =SUM(C105:N105) -> 12
B106: Totals | C106: =SUM(C10:C105) -> 593 | D106: =SUM(D10:D105) -> 83 | E106: =SUM(E10:E105) -> 314 | F106: =SUM(F10:F105) -> 667 | G106: =SUM(G10:G105) -> 115 | H106: =SUM(H10:H105) -> 5 | I106: =SUM(I10:I105) -> 213 | J106: =SUM(J10:J105) -> 21 | ... P106: =SUM(P10:P105) -> 4512
B107: %ges + MCs | C107: =C106/$P$106 -> 0.1314273 | D107: =D106/$P$106 -> 0.01839539 | E107: =E106/$P$106 -> 0.069592199 | F107: =F106/$P$106 -> 0.14782801 | G107: =G106/$P$106 -> 0.025487589 | H107: =H106/$P$106 -> 0.001108156 | I107: =I106/$P$106 -> 0.047207447 | J107: =J106/$P$106 -> 0.0046542553 | ... N107: =N106/$P$106 -> 0
B108: %ges w/o MCs | C108: =C106/$O$106 -> 0.29414683 | D108: =D106/$O$106 -> 0.041170635 | E108: =E106/$O$106 -> 0.15575397 | F108: =F106/$O$106 -> 0.33085317 | G108: =G106/$O$106 -> 0.057043651 | H108: =H106/$O$106 -> 0.0024801587 | I108: =I106/$O$106 -> 0.10565476 | J108: =J106/$O$106 -> 0.010416667 | ... L108: =L106/$O$106 -> 0 | N108: =N106/$O$106 -> 0

Sheet 18.08 Buwenge-Jinja
B1: Consultancy services for Preparation of Expressway Development Master Plan (EDMP) for Uganda
B2: MANUAL CLASSIFIED COUNT (MCC)
B3: ROAD NAME: | C3: ='12.08 Buwenge-Jinja'!C3:G3 -> MCC - C3b - STN93 - Jinja-Buwenge ROAD
C5: Date | D5: 18.08.19 | F5: Location | G5: ='17.08 Jinja-Buwenge-24h'!G5:H5 -> xxx | J5: Surveyor | K5: ='17.08 Jinja-Buwenge-24h'!K5:L5 -> xxx
C6: Dir. From | D6: ='12.08 Buwenge-Jinja'!D6:E6 -> Buwenge | F6: Dir. To | G6: ='12.08 Buwenge-Jinja'!G6:H6 -> Jinja | J6: Supervisor | K6: ='17.08 Jinja-Buwenge-24h'!K6:L6 -> xxx
B8: Time / Veh Type | R8: SUMMARY TRAFFIC VOLUMES
C9: 1. Car | D9: 2. Station Wagon | E9: 3. Pickups | F9: 4. Minibus, matatu | G9: 5. Medium bus | H9: 6. Large Bus | I9: 7. Light Truck | J9: 8. Medium Truck | K9: 9. Heavy truck | L9: 10. Truck Trailer | M9: 11. Motor cycles | N9: 12. Tractors | O9: Total Excl M/Cycles | P9: Total All | R9: Time | S9: 1. Car | T9: 2. Station Wagon | U9: 3. Pickups | V9: 4. Minibus, matatu | W9: 5. Medium bus | X9: 6. Large Bus | Y9: 7. Light Truck | Z9: 8. Medium Truck | AA9: 9. Heavy truck | AB9: 10. Truck Trailer | AC9: 11. Motorcycles | AD9: 12. Tractors, Graders | AE9: Total Excl M/ Cycles | AF9: Total All
B10: 07.00 - 07.15 | C10: 1 | D10: 0 | E10: 3 | F10: 8 | G10: 1 | H10: 0 | I10: 1 | J10: 0 | K10: 0 | L10: =SUM('[1]RD4 MCC'!R822:U822) -> 0 | M10: 6 | N10: 0 | O10: =SUM(C10:L10,N10) -> 14 | P10: =SUM(C10:N10) -> 20 | R10: 0700-0800 | S10: =SUM(C10:C13) -> 6 | T10: =SUM(D10:D13) -> 0 | U10: =SUM(E10:E13) -> 5 | V10: =SUM(F10:F13) -> 36 | W10: =SUM(G10:G13) -> 4 | X10: =SUM(H10:H13) -> 0 | Y10: =SUM(I10:I13) -> 6 | Z10: =SUM(J10:J13) -> 0 | ... AF10: =SUM(P10:P13) -> 151
B11: 07.15 - 07.30 | C11: 0 | D11: 0 | E11: 1 | F11: 6 | G11: 0 | H11: 0 | I11: 2 | J11: 0 | K11: 0 | L11: =SUM('[1]RD4 MCC'!R823:U823) -> 0 | M11: 22 | N11: 0 | O11: =SUM(C11:L11,N11) -> 9 | P11: =SUM(C11:N11) -> 31 | R11: 0800-0900 | S11: =SUM(C14:C17) -> 17 | T11: =SUM(D14:D17) -> 1 | U11: =SUM(E14:E17) -> 7 | V11: =SUM(F14:F17) -> 47 | W11: =SUM(G14:G17) -> 7 | X11: =SUM(H14:H17) -> 0 | Y11: =SUM(I14:I17) -> 5 | Z11: =SUM(J14:J17) -> 1 | ... AF11: =SUM(P14:P17) -> 227
B12: 07.30 - 07.45 | C12: 2 | D12: 0 | E12: 0 | F12: 7 | G12: 2 | H12: 0 | I12: 1 | J12: 0 | K12: 0 | L12: =SUM('[1]RD4 MCC'!R824:U824) -> 0 | M12: 30 | N12: 0 | O12: =SUM(C12:L12,N12) -> 12 | P12: =SUM(C12:N12) -> 42 | R12: 0900-1000 | S12: =SUM(C18:C21) -> 18 | T12: =SUM(D18:D21) -> 1 | U12: =SUM(E18:E21) -> 9 | V12: =SUM(F18:F21) -> 45 | W12: =SUM(G18:G21) -> 3 | X12: =SUM(H18:H21) -> 0 | Y12: =SUM(I18:I21) -> 1 | Z12: =SUM(J18:J21) -> 0 | ... AF12: =SUM(P18:P21) -> 248
